accident_id,datetime,annee,mois,jour,heure,minute,departement,commune_insee,adresse,latitude,longitude,luminosite,agglomeration,intersection,meteo,collision,catr,circ,nbv,vosp,prof,plan,surf,infra,situ,vma,nb_vehicules,nb_usagers,nb_indemnes,nb_tues,nb_blesses_hosp,nb_blesses_legers,age_cond_1,age_cond_2,veh_type_cond_1,veh_type_cond_2,lum_code,agg_code,int_code,atm_code,col_code
202400000145,2024-03-23 21:00:00,2024,3,23,21,0,75,75116,ALLEE DE LONGCHAMP,48.870646,2.259363,Nuit avec éclairage allumé,En agglomération,Hors intersection,Pluie légère,Deux véhicules - arrière,4,2,2,0,1,1,2,9,1,50,2,3,2,0,0,1,23.0,31.0,voiture,voiture,5,2,1,2,2
202400000146,2024-03-24 14:10:00,2024,3,24,14,10,75,75114,BOULEVARD ROMAIN ROLLAND,48.819946,2.325476,Plein jour,En agglomération,Intersection en X,Normale,Deux véhicules - côté,4,1,0,2,1,1,1,0,1,50,2,2,1,0,0,1,17.0,55.0,deux_roues,voiture,1,2,2,1,3
202400000146,2024-03-24 14:10:00,2024,3,24,14,10,75,75114,BOULEVARD ROMAIN ROLLAND,48.819946,2.325476,Plein jour,En agglomération,Intersection en X,Normale,Deux véhicules - côté,4,1, -1,0,1,1,1,0,1,50,2,2,1,0,0,1,17.0,55.0,deux_roues,voiture,1,2,2,1,3
202400000147,2024-03-24 15:30:00,2024,3,24,15,30,75,75113,QUAI D IVRY,48.826356,2.386969,Plein jour,En agglomération,Intersection en T,Normale,Autre collision,4,1,1,0,2,1,1,0,1,50,1,2,1,0,0,1,67.0,,voiture,,1,2,3,1,6
202400000147,2024-03-24 15:30:00,2024,3,24,15,30,75,75113,QUAI D IVRY,48.826356,2.386969,Plein jour,En agglomération,Intersection en T,Normale,Autre collision,4,2,2,1,1,1,1,8,1,50,1,2,1,0,0,1,67.0,,voiture,,1,2,3,1,6
202400000148,2024-03-24 16:44:00,2024,3,24,16,44,75,75112,RUE DE BERCY,48.838608,2.381279,Plein jour,En agglomération,Intersection en T,Normale,Autre collision,4,1, -1,-1,1,1,1,0,1,30,1,2,1,0,0,1,26.0,,deux_roues,,1,2,3,1,6
202400000148,2024-03-24 16:44:00,2024,3,24,16,44,75,75112,RUE DE BERCY,48.838608,2.381279,Plein jour,En agglomération,Intersection en T,Normale,Autre collision,4,-1,2,0,1,1,1,0,1,30,1,2,1,0,0,1,26.0,,deux_roues,,1,2,3,1,6
202400000149,2024-03-24 17:15:00,2024,3,24,17,15,75,75110,BOULEVARD DE MAGENTA,48.87583,2.3565,Plein jour,En agglomération,Intersection en T,Normale,Sans collision,4,2,6,1,1,1,1,0,1,30,2,2,1,0,0,1,45.0,21.0,voiture,deux_roues,1,2,3,1,7
202400000149,2024-03-24 17:15:00,2024,3,24,17,15,75,75110,BOULEVARD DE MAGENTA,48.87583,2.3565,Plein jour,En agglomération,Intersection en T,Normale,Sans collision,4,1, -1,-1,1,1,1,0,1,30,2,2,1,0,0,1,45.0,21.0,voiture,deux_roues,1,2,3,1,7
202400000150,2024-03-24 01:45:00,2024,3,24,1,45,75,75117,RUE RENNEQUIN,48.883733,2.295315,Nuit avec éclairage allumé,En agglomération,Intersection en T,Normale,Deux véhicules - côté,4,1,2,0,1,1,1,9,1,30,2,2,1,0,0,1,36.0,20.0,deux_roues,voiture,5,2,3,1,3
202400000150,2024-03-24 01:45:00,2024,3,24,1,45,75,75117,RUE RENNEQUIN,48.883733,2.295315,Nuit avec éclairage allumé,En agglomération,Intersection en T,Normale,Deux véhicules - côté,4,2,2,0,1,1,1,9,1,30,2,2,1,0,0,1,36.0,20.0,deux_roues,voiture,5,2,3,1,3
202400000151,2024-03-24 00:03:00,2024,3,24,0,3,94,94078,Rue de Paris / Rue Jules Verne,48.741489,2.44672,Nuit avec éclairage allumé,En agglomération,Intersection en T,Normale,Deux véhicules - côté,2,3,4,0,1,1,1,0,1,50,2,5,3,0,0,2,52.0,43.0,voiture,voiture,5,2,3,1,3
202400000151,2024-03-24 00:03:00,2024,3,24,0,3,94,94078,Rue de Paris / Rue Jules Verne,48.741489,2.44672,Nuit avec éclairage allumé,En agglomération,Intersection en T,Normale,Deux véhicules - côté,2,1,1,0,1,1,1,0,1,-1,2,5,3,0,0,2,52.0,43.0,voiture,voiture,5,2,3,1,3
202400000152,2024-03-23 19:20:00,2024,3,23,19,20,94,94038,Avenue du Général Leclerc / Rue des Ecoles,48.77162,2.34723,Plein jour,En agglomération,Intersection en T,Normale,Trois véhicules et plus - en chaîne,3,2,2,3,1,1,1,0,1,50,3,3,2,0,0,1,42.0,40.0,voiture,voiture,1,2,3,1,4
202400000152,2024-03-23 19:20:00,2024,3,23,19,20,94,94038,Avenue du Général Leclerc / Rue des Ecoles,48.77162,2.34723,Plein jour,En agglomération,Intersection en T,Normale,Trois véhicules et plus - en chaîne,3,2,2,0,1,3,1,0,1,-1,3,3,2,0,0,1,42.0,40.0,voiture,voiture,1,2,3,1,4
202400000153,2024-03-24 16:00:00,2024,3,24,16,0,94,94017,Boulevard de Stalingrad / Boulevard Aristide Briand,48.82169363,2.49872433,Plein jour,En agglomération,Intersection en X,Normale,Deux véhicules - côté,3,2,2,1,1,1,1,0,1,50,2,2,1,0,0,1,25.0,34.0,deux_roues,voiture,1,2,2,1,3
202400000153,2024-03-24 16:00:00,2024,3,24,16,0,94,94017,Boulevard de Stalingrad / Boulevard Aristide Briand,48.82169363,2.49872433,Plein jour,En agglomération,Intersection en X,Normale,Deux véhicules - côté,3,2,2,0,1,1,1,0,1,50,2,2,1,0,0,1,25.0,34.0,deux_roues,voiture,1,2,2,1,3
202400000154,2024-03-24 21:40:00,2024,3,24,21,40,93,93078,Avenue Georges Clémenceau / Avenue du Rêve,48.95349,2.56263,Nuit avec éclairage allumé,En agglomération,Intersection en X,Normale,Deux véhicules - arrière,3,3,4,0,1,1,1,5,1,50,2,2,1,0,0,1,,33.0,voiture,voiture,5,2,2,1,2
202400000154,2024-03-24 21:40:00,2024,3,24,21,40,93,93078,Avenue Georges Clémenceau / Avenue du Rêve,48.95349,2.56263,Nuit avec éclairage allumé,En agglomération,Intersection en X,Normale,Deux véhicules - arrière,3,2,2,0,1,1,1,0,1,50,2,2,1,0,0,1,,33.0,voiture,voiture,5,2,2,1,2
202400000155,2024-03-24 08:15:00,2024,3,24,8,15,93,93078,Av du Mal de Lattre de Tassigny,48.96372237,2.53776401,Plein jour,En agglomération,Hors intersection,Normale,Deux véhicules - arrière,4,2,2,0,1,1,1,0,1,50,2,3,2,0,0,1,59.0,33.0,transport_commun,transport_commun,1,2,1,1,2
202400000156,2024-03-24 11:20:00,2024,3,24,11,20,92,92025,CHARLES DE GAULLE (BD),48.91453588,2.22917855,Plein jour,En agglomération,Intersection en X,Normale,Autre collision,3,1,6,0,1,1,1,6,1,50,1,2,1,0,0,1,,,voiture,,1,2,2,1,6
202400000156,2024-03-24 11:20:00,2024,3,24,11,20,92,92025,CHARLES DE GAULLE (BD),48.91453588,2.22917855,Plein jour,En agglomération,Intersection en X,Normale,Autre collision,3,1,4,0,1,1,1,0,8,50,1,2,1,0,0,1,,,voiture,,1,2,2,1,6
202400000157,2024-03-24 15:20:00,2024,3,24,15,20,92,92009,ARGENTEUIL ( AVENUE D' ),48.92537957,2.27435625,Plein jour,En agglomération,Hors intersection,Normale,Autre collision,4,2,2,0,1,1,1,0,1,50,1,2,1,0,0,1,42.0,,voiture,,1,2,1,1,6
202400000158,2024-03-21 12:11:00,2024,3,21,12,11,72,72243,D13,47.749063,0.16045,Plein jour,Hors agglomération,Autre intersection,Normale,Deux véhicules - frontale,3,2,2,0,1,1,1,0,1,80,2,2,1,0,1,0,80.0,70.0,voiture,voiture,1,1,9,1,1
202400000159,2024-03-24 16:15:00,2024,3,24,16,15,35,35167,La Briqueterie d'Araize,47.78646531,-1.27587855,Plein jour,Hors agglomération,Hors intersection,Normale,Autre collision,3,2,2,0,1,2,1,0,3,80,1,2,0,0,1,1,21.0,,voiture,,1,1,1,1,6
202400000160,2024-03-25 07:15:00,2024,3,25,7,15,974,97415,Route Nationale 1,-20.963438,55.302676,Plein jour,Hors agglomération,Hors intersection,Normale,Autre collision,2,1,4,0,2,3,1,0,1,90,1,1,0,0,1,0,31.0,,deux_roues,,1,1,1,1,6
202400000161,2024-08-08 22:53:00,2024,8,8,22,53,69,69255,Route d'Yzeron,45.72452476,4.62493685,Nuit sans éclairage public,Hors agglomération,Hors intersection,Normale,Autre collision,3,2,2,0,2,3,1,0,3,80,1,1,0,0,1,0,14.0,,deux_roues,,3,1,1,1,6
202400000162,2024-03-24 08:02:00,2024,3,24,8,2,35,35160,La Providence,47.93098,-2.084436,Plein jour,Hors agglomération,Hors intersection,Normale,Autre collision,3,2,2,0,1,1,1,0,3,80,1,1,0,0,1,0,45.0,,utilitaire_camion,,1,1,1,1,6
202400000163,2024-07-17 19:30:00,2024,7,17,19,30,69,69132,Route de Lyon,45.68396,4.417727,Plein jour,Hors agglomération,Intersection en X,Normale,Deux véhicules - frontale,3,2,2,0,1,1,1,0,1,80,2,2,1,0,0,1,26.0,56.0,voiture,utilitaire_camion,1,1,2,1,1
202400000163,2024-07-17 19:30:00,2024,7,17,19,30,69,69132,Route de Lyon,45.68396,4.417727,Plein jour,Hors agglomération,Intersection en X,Normale,Deux véhicules - frontale,3,2,2,0,2,1,1,0,1,50,2,2,1,0,0,1,26.0,56.0,voiture,utilitaire_camion,1,1,2,1,1
202400000164,2024-03-24 22:50:00,2024,3,24,22,50,26,26121,A7,44.533074,4.802442,Nuit sans éclairage public,Hors agglomération,Autre intersection,Normale,Deux véhicules - arrière,1,3,3,0,1,1,1,0,1,-1,2,2,1,0,1,0,37.0,41.0,utilitaire_camion,utilitaire_camion,3,1,9,1,2
202400000165,2024-08-15 15:50:00,2024,8,15,15,50,87,87167,RD 56,45.892248,1.456364,Crépuscule ou aube,Hors agglomération,Hors intersection,Normale,Autre collision,3,2,2,0,1,1,1,0,3,90,1,3,0,0,1,2,17.0,,voiture,,2,1,1,1,6
202400000166,2024-03-24 23:30:00,2024,3,24,23,30,86,86254,D729,46.344051,0.828268,Nuit sans éclairage public,Hors agglomération,Hors intersection,Normale,Autre collision,3,2,2,0,1,1,1,0,8,80,1,1,0,1,0,0,32.0,,voiture,,3,1,1,1,6
202400000167,2024-03-24 22:31:00,2024,3,24,22,31,60,60430,Chemin du Prince,49.329128,2.916893,Nuit sans éclairage public,Hors agglomération,Hors intersection,Normale,Autre collision,4,1,1,0,2,1,2,0,8,30,1,1,0,0,1,0,27.0,,voiture,,3,1,1,1,6
202400000168,2024-08-14 11:25:00,2024,8,14,11,25,17,17219,Rue du Fief Roquee,45.828044,-1.121973,Plein jour,Hors agglomération,Intersection en X,Normale,Deux véhicules - côté,3,2,2,-1,1,1,1,5,1,80,2,2,1,0,0,1,41.0,81.0,voiture,deux_roues,1,1,2,1,3
202400000168,2024-08-14 11:25:00,2024,8,14,11,25,17,17219,Rue du Fief Roquee,45.828044,-1.121973,Plein jour,Hors agglomération,Intersection en X,Normale,Deux véhicules - côté,3,2,2,1,1,1,1,5,1,50,2,2,1,0,0,1,41.0,81.0,voiture,deux_roues,1,1,2,1,3
202400000169,2024-03-24 17:30:00,2024,3,24,17,30,85,85153,la Maisonnette de la Lande,46.80232018,-1.04102584,Plein jour,Hors agglomération,Intersection en X,Normale,Deux véhicules - côté,3,2,2,0,1,1,1,0,1,80,2,2,1,0,0,1,17.0,40.0,deux_roues,voiture,1,1,2,1,3
202400000169,2024-03-24 17:30:00,2024,3,24,17,30,85,85153,la Maisonnette de la Lande,46.80232018,-1.04102584,Plein jour,Hors agglomération,Intersection en X,Normale,Deux véhicules - côté,3,2, -1,-1,1,2,1,0,1,-1,2,2,1,0,0,1,17.0,40.0,deux_roues,voiture,1,1,2,1,3
202400000170,2024-08-15 18:05:00,2024,8,15,18,5,02,02684,47 Rue Edmond Dormoy,49.919499,4.123102,Plein jour,En agglomération,Intersection en Y,Normale,Deux véhicules - frontale,4,2,1,0,1,1,1,0,1,50,2,5,2,0,0,3,38.0,26.0,voiture,voiture,1,2,4,1,1
202400000170,2024-08-15 18:05:00,2024,8,15,18,5,02,02684,47 Rue Edmond Dormoy,49.919499,4.123102,Plein jour,En agglomération,Intersection en Y,Normale,Deux véhicules - frontale,4,2, -1,-1,1,1,1,0,1,-1,2,5,2,0,0,3,38.0,26.0,voiture,voiture,1,2,4,1,1
202400000171,2024-03-24 16:00:00,2024,3,24,16,0,41,41290,D957,47.733637,1.146827,Plein jour,Hors agglomération,Hors intersection,Normale,Deux véhicules - côté,3,3,4,0,1,2,1,0,1,110,2,4,1,2,0,1,53.0,22.0,deux_roues,voiture,1,1,1,1,3
202400000172,2024-08-13 06:40:00,2024,8,13,6,40,57,57683,Autoroute A30,49.29674,6.1559,Plein jour,Hors agglomération,Hors intersection,Normale,Deux véhicules - arrière,1,3,2,0,1,1,1,0,1,110,2,2,1,0,1,0,26.0,24.0,voiture,utilitaire_camion,1,1,1,1,2
202400000173,2024-08-11 04:30:00,2024,8,11,4,30,62,62186,A21,50.43513194,2.72575446,Nuit sans éclairage public,Hors agglomération,Hors intersection,Normale,Sans collision,1,-1,4,0,1,1,1,0,1,110,1,1,0,0,1,0,29.0,,voiture,,3,1,1,1,7
202400000174,2024-03-24 14:40:00,2024,3,24,14,40,83,83116,D560,43.454395,5.876575,Plein jour,Hors agglomération,Hors intersection,Normale,Deux véhicules - frontale,3,2,2,0,1,3,1,0,1,50,2,4,1,0,1,2,53.0,70.0,voiture,voiture,1,1,1,1,1
202400000175,2024-08-10 19:50:00,2024,8,10,19,50,62,62771,A21,50.43139944,2.8487746,Plein jour,Hors agglomération,Hors intersection,Normale,Deux véhicules - arrière,1,3,4,0,1,2,1,0,1,90,2,2,1,0,0,1,22.0,61.0,deux_roues,voiture,1,1,1,1,2
202400000176,2024-03-25 10:00:00,2024,3,25,10,0,57,57552,D913,49.063161,6.186279,Plein jour,Hors agglomération,Hors intersection,Normale,Deux véhicules - frontale,7,2,2,0,2,1,1,0,1,80,2,2,0,1,0,1,61.0,62.0,utilitaire_camion,utilitaire_camion,1,1,1,1,1
202400000177,2024-08-14 09:35:00,2024,8,14,9,35,93,93006,AUTOROUTE A3,48.86690246,2.42530059,Plein jour,Hors agglomération,Hors intersection,Normale,Deux véhicules - arrière,1,3,5,0,1,1,1,1,1,90,2,2,1,0,0,1,42.0,26.0,utilitaire_camion,voiture,1,1,1,1,2
202400000178,2024-03-10 18:05:00,2024,3,10,18,5,56,56017,Croix de Kerihoué,47.890899,-2.719004,Crépuscule ou aube,Hors agglomération,Intersection en X,Pluie légère,Deux véhicules - côté,3,2,2,0,3,1,2,5,1,80,2,5,3,0,0,2,25.0,35.0,voiture,voiture,2,1,2,2,3
202400000178,2024-03-10 18:05:00,2024,3,10,18,5,56,56017,Croix de Kerihoué,47.890899,-2.719004,Crépuscule ou aube,Hors agglomération,Intersection en X,Pluie légère,Deux véhicules - côté,3,2,2,-1,1,1,2,5,1,80,2,5,3,0,0,2,25.0,35.0,voiture,voiture,2,1,2,2,3
202400000179,2024-07-21 00:20:00,2024,7,21,0,20,95,95252,A15,48.98341557,2.21876294,Nuit sans éclairage public,Hors agglomération,Hors intersection,Pluie légère,Autre collision,1,3,3,0,1,1,2,0,1,110,1,2,1,0,1,0,41.0,,voiture,,3,1,1,2,6
202400000180,2024-08-09 05:20:00,2024,8,9,5,20,987,98735,PIERRE LOTI (ALLEE),-17.53559,-149.555502,Crépuscule ou aube,En agglomération,Hors intersection,Normale,Sans collision,4,-1,2,0,1,1,1,0,4,50,1,1,0,0,1,0,30.0,,deux_roues,,2,2,1,1,7
202400000181,2024-03-23 13:15:00,2024,3,23,13,15,56,56243,29 Route de Nantes,47.653496,-2.734755,Plein jour,En agglomération,Intersection en T,Normale,Deux véhicules - côté,4,1,1,-1,1,1,1,0,8,-1,2,3,1,0,1,1,16.0,27.0,deux_roues,voiture,1,2,3,1,3
202400000181,2024-03-23 13:15:00,2024,3,23,13,15,56,56243,29 Route de Nantes,47.653496,-2.734755,Plein jour,En agglomération,Intersection en T,Normale,Deux véhicules - côté,4,2,2,0,1,1,1,0,4,50,2,3,1,0,1,1,16.0,27.0,deux_roues,voiture,1,2,3,1,3
202400000182,2024-08-13 11:07:00,2024,8,13,11,7,976,97611,kaweni-Poste ( rue de la ),-12.7721,45.22327,Plein jour,En agglomération,Hors intersection,Normale,Deux véhicules - côté,2,2,2,0,1,1,1,0,1,50,2,3,1,0,0,2,35.0,37.0,deux_roues,voiture,1,2,1,1,3
202400000183,2024-03-24 16:00:00,2024,3,24,16,0,76,76146,RD919,49.573064,1.275696,Plein jour,Hors agglomération,Intersection en X,Temps éblouissant,Deux véhicules - frontale,1,2,2,0,1,1,1,0,1,80,2,5,4,0,1,0,85.0,28.0,voiture,voiture,1,1,2,7,1
202400000183,2024-03-24 16:00:00,2024,3,24,16,0,76,76146,RD919,49.573064,1.275696,Plein jour,Hors agglomération,Intersection en X,Temps éblouissant,Deux véhicules - frontale,1,1, -1,-1,1,1,1,0,1,-1,2,5,4,0,1,0,85.0,28.0,voiture,voiture,1,1,2,7,1
202400000184,2024-08-13 20:10:00,2024,8,13,20,10,974,97411,JAURES (BLD 2 JEAN),-20.89337,55.47051,Nuit avec éclairage allumé,En agglomération,Place,Normale,Trois véhicules et plus - en chaîne,2,1,1,0,1,1,1,0,1,70,3,8,7,0,1,0,51.0,45.0,voiture,deux_roues,5,2,7,1,4
202400000185,2024-03-24 20:40:00,2024,3,24,20,40,80,80586,D1015,49.912342,1.688129,Nuit sans éclairage public,Hors agglomération,Hors intersection,Normale,Sans collision,3,2,2,0,1,2,1,0,3,80,1,1,0,0,1,0,20.0,,deux_roues,,3,1,1,1,7
202400000186,2024-03-23 20:45:00,2024,3,23,20,45,65,65244,Rue du 11 Novembre,43.306287,0.034193,Nuit avec éclairage allumé,En agglomération,Intersection en Y,Normale,Autre collision,3,2,2,0,1,2,1,0,1,50,1,3,2,0,1,0,20.0,,voiture,,5,2,4,1,6
202400000186,2024-03-23 20:45:00,2024,3,23,20,45,65,65244,Rue du 11 Novembre,43.306287,0.034193,Nuit avec éclairage allumé,En agglomération,Intersection en Y,Normale,Autre collision,3,2,2,-1,1,2,1,0,1,50,1,3,2,0,1,0,20.0,,voiture,,5,2,4,1,6
202400000187,2024-08-13 08:45:00,2024,8,13,8,45,973,97302,BADUEL (ROUTE DE),4.9308,-52.30555,Plein jour,En agglomération,Intersection en T,Normale,Trois véhicules et plus - collisions multiples,3,2,2,0,1,1,1,0,1,50,3,3,1,0,1,1,25.0,40.0,voiture,voiture,1,2,3,1,5
202400000187,2024-08-13 08:45:00,2024,8,13,8,45,973,97302,BADUEL (ROUTE DE),4.9308,-52.30555,Plein jour,En agglomération,Intersection en T,Normale,Trois véhicules et plus - collisions multiples,3,2, -1,-1,1,1,1,0,1,-1,3,3,1,0,1,1,25.0,40.0,voiture,voiture,1,2,3,1,5
202400000188,2024-03-23 16:59:00,2024,3,23,16,59,69,69267,Route d’Avenas,46.173901,4.651038,Plein jour,Hors agglomération,Hors intersection,Normale,Deux véhicules - côté,3,2,2,0,3,3,1,0,1,80,2,2,1,0,1,0,59.0,29.0,voiture,deux_roues,1,1,1,1,3
202400000189,2024-08-12 11:45:00,2024,8,12,11,45,972,97213,,14.61523,-61.0139,Plein jour,Hors agglomération,Hors intersection,Pluie forte,Deux véhicules - arrière,1,2,4,0,1,1,2,0,8,90,2,3,2,0,0,1,31.0,51.0,voiture,autre,1,1,1,3,2
202400000190,2024-03-24 06:25:00,2024,3,24,6,25,49,49218,703 Les Gastines (Le Puiset-Doré),47.25400829,-1.15093321,Crépuscule ou aube,En agglomération,Hors intersection,Normale,Autre collision,3,2,2,0,1,1,1,0,4,50,1,1,0,0,1,0,26.0,,voiture,,2,2,1,1,6
202400000191,2024-08-13 02:05:00,2024,8,13,2,5,69,69382,9 Quai Perrache,45.74693,4.82889,Nuit avec éclairage allumé,En agglomération,Autre intersection,Normale,Autre collision,4,1,1,1,1,1,1,0,3,50,1,2,0,0,0,2,21.0,,deux_roues,,5,2,9,1,6
202400000192,2024-03-23 15:45:00,2024,3,23,15,45,12,12052,D35,44.553751,2.070193,Plein jour,Hors agglomération,Hors intersection,Normale,Deux véhicules - frontale,3,2,2,0,2,3,1,0,1,90,2,3,2,0,1,0,27.0,51.0,utilitaire_camion,deux_roues,1,1,1,1,1
202400000193,2024-08-07 13:47:00,2024,8,7,13,47,2B,2B037,TOUTES RUES,42.621,9.437,Plein jour,Hors agglomération,Hors intersection,Normale,Deux véhicules - arrière,2,3,4,0,1,1,1,0,1,90,2,2,1,0,0,1,25.0,24.0,voiture,voiture,1,1,1,1,2
202400000194,2024-03-22 05:42:00,2024,3,22,5,42,47,47117,2 Chemin des Vergers,44.323641,0.786582,Nuit sans éclairage public,En agglomération,Hors intersection,Normale,Deux véhicules - côté,4,2,2,0,2,1,1,0,1,50,2,2,1,0,0,1,22.0,45.0,voiture,deux_roues,3,2,1,1,3
202400000195,2024-08-12 15:52:00,2024,8,12,15,52,971,97101,LE RAIZET(SECTEUR),16.25337,-61.53421,Plein jour,Hors agglomération,Hors intersection,Normale,Sans collision,2,-1,1,0,2,3,1,3,1,50,1,1,0,0,1,0,30.0,,deux_roues,,1,1,1,1,7
202400000196,2024-03-23 14:15:00,2024,3,23,14,15,47,47159,Route de Calonges,44.402545,0.223374,Plein jour,Hors agglomération,Intersection en X,Normale,Deux véhicules - côté,3,2,2,0,1,1,1,0,1,80,2,3,0,0,1,2,30.0,23.0,voiture,voiture,1,1,2,1,3
202400000196,2024-03-23 14:15:00,2024,3,23,14,15,47,47159,Route de Calonges,44.402545,0.223374,Plein jour,Hors agglomération,Intersection en X,Normale,Deux véhicules - côté,3,2,2,0,1,1,1,0,1,80,2,3,0,0,1,2,30.0,23.0,voiture,voiture,1,1,2,1,3
202400000197,2024-08-06 09:00:00,2024,8,6,9,0,971,97107,GERMAIN ST RUF (AVENUE ),16.05205,-61.56229,Plein jour,En agglomération,Intersection en T,Normale,Deux véhicules - côté,3,2,1,0,1,1,1,0,1,50,2,4,3,0,1,0,63.0,77.0,deux_roues,voiture,1,2,3,1,3
202400000197,2024-08-06 09:00:00,2024,8,6,9,0,971,97107,GERMAIN ST RUF (AVENUE ),16.05205,-61.56229,Plein jour,En agglomération,Intersection en T,Normale,Deux véhicules - côté,3,2,2,0,1,1,1,0,1,50,2,4,3,0,1,0,63.0,77.0,deux_roues,voiture,1,2,3,1,3
202400000198,2024-03-22 20:00:00,2024,3,22,20,0,47,47274,1845 Route de Toulouse,44.14410821,0.77873935,Nuit sans éclairage public,Hors agglomération,Hors intersection,Normale,Autre collision,3,2,2,0,1,2,1,0,3,80,1,1,0,0,1,0,45.0,,voiture,,3,1,1,1,6
202400000199,2024-08-07 20:50:00,2024,8,7,20,50,2A,2A004,204 Punta Mozza,41.95234,8.7744,Plein jour,En agglomération,Intersection en T,Normale,Deux véhicules - côté,4,2,1,0,1,1,1,0,1,50,2,2,0,0,0,2,28.0,52.0,voiture,voiture,1,2,3,1,3
202400000199,2024-08-07 20:50:00,2024,8,7,20,50,2A,2A004,204 Punta Mozza,41.95234,8.7744,Plein jour,En agglomération,Intersection en T,Normale,Deux véhicules - côté,4,2, -1,0,1,1,1,0,1,-1,2,2,0,0,0,2,28.0,52.0,voiture,voiture,1,2,3,1,3
202400000200,2024-03-21 14:57:00,2024,3,21,14,57,34,34142,Avenue Paul Teisserenc,43.734462,3.312914,Plein jour,En agglomération,Hors intersection,Normale,Sans collision,4,2,2,0,1,1,1,0,3,50,1,1,0,0,1,0,60.0,,deux_roues,,1,2,1,1,7
202400000201,2024-03-24 14:43:00,2024,3,24,14,43,29,29220,route départementale 2,47.85522,-4.24067,Plein jour,En agglomération,Hors intersection,Normale,Sans collision,3,2,2,1,1,3,1,0,1,50,1,1,0,1,0,0,76.0,,deux_roues,,1,2,1,1,7
202400000202,2024-08-13 17:56:00,2024,8,13,17,56,95,95127,ABONDANCE (RUE DE L'),49.048763,2.034172,Plein jour,En agglomération,Hors intersection,Normale,Autre collision,4,2,1,3,1,1,1,6,6,15,1,2,1,0,0,1,20.0,,utilitaire_camion,,1,2,1,1,6
202400000203,2024-03-25 00:15:00,2024,3,25,0,15,01,01225,Lurcy,46.062411,4.770647,Nuit sans éclairage public,Hors agglomération,Hors intersection,Normale,Sans collision,3,2,2,0,1,1,1,0,3,80,1,1,0,0,0,1,60.0,,voiture,,3,1,1,1,7
202400000204,2024-08-13 12:50:00,2024,8,13,12,50,95,95500,D915,49.04483469,2.07642562,Plein jour,En agglomération,Intersection en X,Normale,Deux véhicules - côté,1,2,0,0,2,1,1,5,1,50,2,4,0,0,0,4,34.0,48.0,utilitaire_camion,voiture,1,2,2,1,3
202400000204,2024-08-13 12:50:00,2024,8,13,12,50,95,95500,D915,49.04483469,2.07642562,Plein jour,En agglomération,Intersection en X,Normale,Deux véhicules - côté,1,2,0,0,2,1,1,5,1,50,2,4,0,0,0,4,34.0,48.0,utilitaire_camion,voiture,1,2,2,1,3
202400000205,2024-03-22 08:00:00,2024,3,22,8,0,14,14302,Route de Deauville,49.277381,0.077076,Plein jour,Hors agglomération,Hors intersection,Normale,Deux véhicules - frontale,3,2,2,0,1,3,1,0,1,90,2,4,3,0,1,0,34.0,35.0,voiture,utilitaire_camion,1,1,1,1,1
202400000206,2024-03-25 06:45:00,2024,3,25,6,45,64,64549,D716,43.41784486,-0.44215682,Crépuscule ou aube,Hors agglomération,Hors intersection,Normale,Sans collision,3,2,2,0,1,2,1,0,3,80,1,1,0,0,0,1,20.0,,voiture,,2,1,1,1,7
202400000207,2024-03-25 11:30:00,2024,3,25,11,30,18,18063,,46.871422,2.417883,Plein jour,Hors agglomération,Hors intersection,Normale,Deux véhicules - frontale,3,2,2,0,1,1,1,0,1,90,2,2,1,1,0,0,33.0,45.0,voiture,utilitaire_camion,1,1,1,1,1
202400000208,2024-03-24 16:30:00,2024,3,24,16,30,10,10249,D619,48.239681,4.303679,Plein jour,Hors agglomération,Hors intersection,Normale,Deux véhicules - arrière,3,2,2,0,4,1,1,0,1,70,2,2,0,0,1,1,20.0,46.0,voiture,voiture,1,1,1,1,2
202400000209,2024-03-24 14:45:00,2024,3,24,14,45,07,07291,RD 290 - Route touristique des gorges de l'ardèche,44.363547,4.478452,Plein jour,Hors agglomération,Hors intersection,Normale,Sans collision,3,2,2,0,2,3,1,0,3,90,1,2,0,0,1,1,24.0,,voiture,,1,1,1,1,7
202400000210,2024-03-25 12:10:00,2024,3,25,12,10,21,21582,D974,46.903911,4.697278,Plein jour,Hors agglomération,Hors intersection,Normale,Autre collision,3,3,2,0,1,3,1,0,1,80,1,1,0,1,0,0,32.0,,deux_roues,,1,1,1,1,6
202400000211,2024-03-24 15:40:00,2024,3,24,15,40,85,85156,D19,46.48972,-1.44409,Plein jour,Hors agglomération,Giratoire,Normale,Sans collision,3,2,1,0,1,1,1,0,1,80,1,1,0,0,1,0,46.0,,deux_roues,,1,1,6,1,7
202400000212,2024-03-23 12:05:00,2024,3,23,12,5,85,85031,RD 960B,46.77526,-0.899123,Plein jour,Hors agglomération,Hors intersection,Normale,Autre collision,3,2,2,0,1,1,1,0,3,80,1,1,0,0,0,1,91.0,,utilitaire_camion,,1,1,1,1,6
202400000213,2024-03-23 18:44:00,2024,3,23,18,44,27,27379,D14,49.376578,1.679053,Crépuscule ou aube,Hors agglomération,Hors intersection,Normale,Deux véhicules - frontale,3,2,2,0,2,3,2,0,1,80,2,2,1,0,0,1,43.0,52.0,voiture,voiture,2,1,1,1,1