accident_id,datetime,annee,mois,jour,heure,minute,departement,commune_insee,adresse,latitude,longitude,luminosite,agglomeration,intersection,meteo,collision,catr,circ,nbv,vosp,prof,plan,surf,infra,situ,vma,nb_vehicules,nb_usagers,nb_indemnes,nb_tues,nb_blesses_hosp,nb_blesses_legers,age_cond_1,age_cond_2,veh_type_cond_1,veh_type_cond_2,lum_code,agg_code,int_code,atm_code,col_code
202400000214,2024-03-24 17:45:00,2024,3,24,17,45,28,28325,D923,48.447035,1.307409,Plein jour,Hors agglomération,Intersection en T,Normale,Deux véhicules - frontale,3,2,2,0,1,1,1,0,1,90,2,2,1,1,0,0,59.0,70.0,deux_roues,voiture,1,1,3,1,1
202400000214,2024-03-24 17:45:00,2024,3,24,17,45,28,28325,D923,48.447035,1.307409,Plein jour,Hors agglomération,Intersection en T,Normale,Deux véhicules - frontale,3,2,2,0,1,1,1,0,1,80,2,2,1,1,0,0,59.0,70.0,deux_roues,voiture,1,1,3,1,1
202400000215,2024-03-21 22:05:00,2024,3,21,22,5,68,68297,A35 - PK 126.600,47.577215,7.559948,Nuit avec éclairage allumé,Hors agglomération,Hors intersection,Normale,Deux véhicules - côté,1,3,2,0,1,2,1,0,1,10,2,2,1,0,1,0,55.0,46.0,deux_roues,voiture,5,1,1,1,3
202400000216,2024-03-22 12:05:00,2024,3,22,12,5,71,71556,D906,46.26328104,4.79358159,Plein jour,Hors agglomération,Hors intersection,Normale,Autre collision,3,2,3,0,1,1,1,0,3,80,1,1,0,0,1,0,51.0,,voiture,,1,1,1,1,6
202400000217,2024-03-25 08:24:00,2024,3,25,8,24,38,38087,Avenue Frédéric Mistral,45.5753,4.807999,Plein jour,En agglomération,Intersection en Y,Normale,Deux véhicules - frontale,3,1,1,0,2,3,1,3,1,50,2,4,2,0,1,1,53.0,36.0,utilitaire_camion,voiture,1,2,4,1,1
202400000217,2024-03-25 08:24:00,2024,3,25,8,24,38,38087,Avenue Frédéric Mistral,45.5753,4.807999,Plein jour,En agglomération,Intersection en Y,Normale,Deux véhicules - frontale,3,3,2,0,1,1,1,0,1,50,2,4,2,0,1,1,53.0,36.0,utilitaire_camion,voiture,1,2,4,1,1
202400000218,2024-03-23 17:45:00,2024,3,23,17,45,81,81271,Avenue des Terres Noires,43.767817,1.667154,Plein jour,En agglomération,Hors intersection,Normale,Deux véhicules - côté,4,2,2,0,1,1,1,0,1,50,2,2,1,0,0,1,77.0,19.0,voiture,deux_roues,1,2,1,1,3
202400000219,2024-03-24 03:45:00,2024,3,24,3,45,49,49301,D146,47.08605,-1.067744,Nuit sans éclairage public,En agglomération,Hors intersection,Normale,Sans collision,3,2,2,0,1,2,1,0,3,50,1,3,2,0,1,0,19.0,,voiture,,3,2,1,1,7
202400000220,2024-03-23 15:00:00,2024,3,23,15,0,27,27119,Grande Rue,48.932981,1.44011,Plein jour,En agglomération,Intersection en T,Pluie forte,Deux véhicules - côté,3,2,2,0,1,1,2,0,1,50,2,3,1,0,0,2,18.0,26.0,deux_roues,voiture,1,2,3,3,3
202400000220,2024-03-23 15:00:00,2024,3,23,15,0,27,27119,Grande Rue,48.932981,1.44011,Plein jour,En agglomération,Intersection en T,Pluie forte,Deux véhicules - côté,3,2,2,0,1,1,2,0,1,50,2,3,1,0,0,2,18.0,26.0,deux_roues,voiture,1,2,3,3,3
202400000221,2024-03-24 10:30:00,2024,3,24,10,30,27,27161,Rue de Premule,49.060349,0.999177,Plein jour,Hors agglomération,Intersection en X,Normale,Deux véhicules - côté,4,2,2,0,1,1,1,0,1,80,2,2,1,0,1,0,53.0,87.0,voiture,voiture,1,1,2,1,3
202400000221,2024-03-24 10:30:00,2024,3,24,10,30,27,27161,Rue de Premule,49.060349,0.999177,Plein jour,Hors agglomération,Intersection en X,Normale,Deux véhicules - côté,4,2,2,-1,1,1,1,0,1,80,2,2,1,0,1,0,53.0,87.0,voiture,voiture,1,1,2,1,3
202400000222,2024-03-25 06:45:00,2024,3,25,6,45,60,60321,D105,49.22019,2.041333,Plein jour,Hors agglomération,Hors intersection,Normale,Deux véhicules - frontale,3,2,2,0,1,2,1,0,1,80,2,2,1,0,1,0,33.0,19.0,voiture,voiture,1,1,1,1,1
202400000223,2024-03-23 23:42:00,2024,3,23,23,42,13,13202,TVPCD-Sens Les Ports vers Saint Victor,43.29209,5.3658,Nuit avec éclairage allumé,En agglomération,Hors intersection,Normale,Sans collision,7,1,1,0,2,2,1,1,1,70,1,3,1,0,0,2,21.0,,voiture,,5,2,1,1,7
202400000224,2024-03-23 21:30:00,2024,3,23,21,30,13,13033,A55-Sens Martigues vers Marseille,43.37594795,5.20048333,Nuit sans éclairage public,Hors agglomération,Hors intersection,Normale,Deux véhicules - arrière,1,1,2,0,1,1,1,0,1,90,2,2,0,0,0,2,66.0,39.0,voiture,voiture,3,1,1,1,2
202400000225,2024-03-24 18:01:00,2024,3,24,18,1,33,33063,,44.884579,-0.56018,Plein jour,Hors agglomération,Hors intersection,Normale,Deux véhicules - arrière,1,3,6,0,4,1,1,2,1,70,2,3,2,0,0,1,42.0,20.0,voiture,voiture,1,1,1,1,2
202400000226,2024-03-24 05:00:00,2024,3,24,5,0,93,93005,A1,48.95729336,2.46118963,Nuit sans éclairage public,Hors agglomération,Hors intersection,Temps couvert,Deux véhicules - arrière,1,3,4,0,1,1,2,0,1,110,2,2,1,0,0,1,45.0,45.0,voiture,voiture,3,1,1,8,2
202400000227,2024-03-24 07:00:00,2024,3,24,7,0,95,95424,A15,48.99086233,2.1941238,Plein jour,Hors agglomération,Hors intersection,Normale,Deux véhicules - arrière,1,3,6,0,1,1,2,0,1,110,2,2,1,0,0,1,34.0,53.0,voiture,voiture,1,1,1,1,2
202400000228,2024-03-23 17:00:00,2024,3,23,17,0,95,95527,A1,48.99450871,2.51546055,Plein jour,Hors agglomération,Hors intersection,Pluie légère,Deux véhicules - arrière,1,3,6,0,1,1,2,0,1,110,2,2,1,0,1,0,71.0,38.0,voiture,utilitaire_camion,1,1,1,2,2
202400000229,2024-03-23 01:40:00,2024,3,23,1,40,94,94017,A4,48.82648029,2.52228801,Nuit sans éclairage public,Hors agglomération,Hors intersection,Pluie forte,Autre collision,1,1,4,0,1,2,3,0,1,90,1,1,0,0,0,1,26.0,,voiture,,3,1,1,3,6
202400000230,2024-03-16 14:50:00,2024,3,16,14,50,44,44109,1 Boulevard Salvador Allende,47.20688936,-1.57360696,Plein jour,En agglomération,Hors intersection,Normale,Autre collision,4,3,3,2,1,3,1,-1,1,50,1,2,1,0,0,1,60.0,,voiture,,1,2,1,1,6
202400000231,2024-03-15 17:10:00,2024,3,15,17,10,44,44109,124 Rue de la Gilarderie,47.18779335,-1.52066764,Plein jour,En agglomération,Giratoire,Temps couvert,Deux véhicules - côté,4,3,3,0,1,1,1,5,1,30,2,2,1,0,0,1,64.0,43.0,voiture,deux_roues,1,2,6,8,3
202400000232,2024-03-14 06:00:00,2024,3,14,6,0,44,44109,14 Boulevard Maréchal Alphonse Juin ,47.1981268,-1.59649434,Nuit avec éclairage allumé,En agglomération,Hors intersection,Temps couvert,Autre collision,4,3,4,3,1,1,1,-1,1,50,1,2,1,0,0,1,31.0,,voiture,,5,2,1,8,6
202400000233,2024-03-14 06:45:00,2024,3,14,6,45,44,44143,1 Rue du Château de Rezé,47.17970226,-1.55868421,Nuit avec éclairage allumé,En agglomération,Giratoire,Temps couvert,Deux véhicules - côté,4,2,2,2,1,1,1,5,1,50,2,2,1,0,0,1,39.0,25.0,voiture,deux_roues,5,2,6,8,3
202400000234,2024-03-13 19:15:00,2024,3,13,19,15,44,44109,24 Bouolevard de la Beaujoire,47.25824862,-1.51519405,Plein jour,En agglomération,Intersection en X,Temps couvert,Deux véhicules - côté,4,3,4,2,1,1,1,5,1,50,2,3,2,0,0,1,27.0,58.0,voiture,voiture,1,2,2,8,3
202400000235,2024-03-12 22:05:00,2024,3,12,22,5,44,44109,6 Rue de Rieux,47.21110324,-1.54506245,Nuit avec éclairage allumé,En agglomération,Giratoire,Temps couvert,Deux véhicules - côté,4,2,2,0,1,1,1,0,1,50,2,2,1,0,0,1,33.0,61.0,deux_roues,voiture,5,2,6,8,3
202400000236,2024-03-11 10:00:00,2024,3,11,10,0,44,44114,27 Rue Jules Verne,47.25256521,-1.61821724,Plein jour,En agglomération,Giratoire,Temps couvert,Autre collision,4,2,2,0,1,1,1,0,1,30,1,2,1,0,0,1,48.0,,voiture,,1,2,6,8,6
202400000237,2024-03-22 20:46:00,2024,3,22,20,46,75,75116,BD PERIPHERIQUE EXTERIEUR,48.835006,2.261347,Nuit avec éclairage allumé,En agglomération,Hors intersection,Normale,Deux véhicules - arrière,4,1,4,0,1,2,1,0,1,70,2,2,1,0,0,1,56.0,54.0,deux_roues,voiture,5,2,1,1,2
202400000238,2024-03-23 11:00:00,2024,3,23,11,0,974,97416,LIGNE DES BAMBOUS(ROUTE),-21.3072,55.4987,Plein jour,Hors agglomération,Hors intersection,Normale,Deux véhicules - frontale,2,2,2,0,1,1,1,2,1,50,2,2,0,0,2,0,18.0,49.0,deux_roues,deux_roues,1,1,1,1,1
202400000239,2024-03-23 13:50:00,2024,3,23,13,50,974,97409,RN2 DIRECTION ST BENT SORTIE PETIT BAZAR,-20.94375,55.64919,Plein jour,Hors agglomération,Autre intersection,Pluie forte,Deux véhicules - côté,2,1,4,0,1,3,2,0,1,90,2,3,2,0,0,1,20.0,33.0,voiture,voiture,1,1,9,3,3
202400000240,2024-03-22 15:14:00,2024,3,22,15,14,973,97302,MONTABO (ROUTE DE) 1,4.94354,-52.31873,Plein jour,En agglomération,Intersection en X,Normale,Deux véhicules - côté,3,2,2,0,1,1,1,0,8,50,2,2,1,0,0,1,23.0,60.0,deux_roues,voiture,1,2,2,1,3
202400000240,2024-03-22 15:14:00,2024,3,22,15,14,973,97302,MONTABO (ROUTE DE) 1,4.94354,-52.31873,Plein jour,En agglomération,Intersection en X,Normale,Deux véhicules - côté,3,2,2,0,1,1,1,0,1,50,2,2,1,0,0,1,23.0,60.0,deux_roues,voiture,1,2,2,1,3
202400000241,2024-03-23 13:45:00,2024,3,23,13,45,972,97213,AUTOROUTE A1,14.6158,-61.01445,Plein jour,Hors agglomération,Autre intersection,Normale,Autre collision,1,1,3,3,1,1,1,0,6,90,1,1,0,0,1,0,60.0,,voiture,,1,1,9,1,6
202400000242,2024-03-23 12:40:00,2024,3,23,12,40,972,97209,REDOUTE (ROUTE DE LA),14.63921,-61.0554,Plein jour,Hors agglomération,Intersection en T,Normale,Trois véhicules et plus - collisions multiples,2,2,2,0,2,2,1,0,1,50,3,4,3,0,0,1,40.0,33.0,voiture,voiture,1,1,3,1,5
202400000242,2024-03-23 12:40:00,2024,3,23,12,40,972,97209,REDOUTE (ROUTE DE LA),14.63921,-61.0554,Plein jour,Hors agglomération,Intersection en T,Normale,Trois véhicules et plus - collisions multiples,2,2,2,0,2,1,1,5,1,50,3,4,3,0,0,1,40.0,33.0,voiture,voiture,1,1,3,1,5
202400000243,2024-03-23 13:20:00,2024,3,23,13,20,971,97101,ROUTE DE BOISVINS,16.26218,-61.49278,Plein jour,Hors agglomération,Autre intersection,Normale,Deux véhicules - frontale,3,2,2,0,1,1,1,9,1,50,2,4,3,0,0,1,50.0,30.0,voiture,voiture,1,1,9,1,1
202400000244,2024-03-23 19:35:00,2024,3,23,19,35,95,95280,CLEMENT ET LUCIEN MATHERON (RUE),49.0243,2.463,Nuit avec éclairage allumé,En agglomération,Hors intersection,Pluie légère,Autre collision,4,1,1,0,1,1,2,9,1,30,1,2,1,0,0,1,20.0,,voiture,,5,2,1,2,6
202400000245,2024-03-23 16:30:00,2024,3,23,16,30,95,95582,D14,48.9763907,2.24555321,Plein jour,En agglomération,Autre intersection,Pluie légère,Sans collision,3,2,2,0,2,1,2,0,1,50,1,1,0,0,0,1,30.0,,deux_roues,,1,2,9,2,7
202400000246,2024-03-23 12:50:00,2024,3,23,12,50,95,95563,JACQUES PREVERT (RUE),49.01158306,2.24338084,Plein jour,En agglomération,Autre intersection,Normale,Autre collision,4,2,2,0,1,1,1,0,1,50,1,2,1,0,0,1,43.0,,voiture,,1,2,9,1,6
202400000247,2024-03-24 00:10:00,2024,3,24,0,10,95,95218,D984,49.03393973,2.10087545,Nuit avec éclairage allumé,En agglomération,Giratoire,Normale,Deux véhicules - arrière,3,1,1,0,1,1,2,0,1,30,2,5,1,0,0,4,19.0,42.0,voiture,transport_commun,5,2,6,1,2
202400000247,2024-03-24 00:10:00,2024,3,24,0,10,95,95218,D984,49.03393973,2.10087545,Nuit avec éclairage allumé,En agglomération,Giratoire,Normale,Deux véhicules - arrière,3,1,1,0,2,1,2,0,1,50,2,5,1,0,0,4,19.0,42.0,voiture,transport_commun,5,2,6,1,2
202400000248,2024-03-23 15:15:00,2024,3,23,15,15,91,91692,BRETELLE D ACCES CD 35,48.67468,2.17666,Plein jour,Hors agglomération,Hors intersection,Normale,Deux véhicules - arrière,3,1,1,1,2,2,1,3,1,45,2,3,1,0,0,2,,56.0,voiture,voiture,1,1,1,1,2
202400000249,2024-03-23 10:30:00,2024,3,23,10,30,91,91421,JEAN JAURES (AVENUE),48.713281,2.448973,Plein jour,En agglomération,Intersection en X,Normale,Deux véhicules - côté,3,2,2,0,2,1,1,0,1,50,2,2,1,0,0,1,70.0,26.0,voiture,deux_roues,1,2,2,1,3
202400000249,2024-03-23 10:30:00,2024,3,23,10,30,91,91421,JEAN JAURES (AVENUE),48.713281,2.448973,Plein jour,En agglomération,Intersection en X,Normale,Deux véhicules - côté,3,2,2,0,1,1,1,0,1,50,2,2,1,0,0,1,70.0,26.0,voiture,deux_roues,1,2,2,1,3
202400000250,2024-03-23 04:30:00,2024,3,23,4,30,91,91687,GENERAL DE GAULLE (AVENUE DU),48.677827,2.383809,Nuit avec éclairage allumé,En agglomération,Hors intersection,Normale,Autre collision,3,3,4,0,1,1,1,0,1,50,1,1,0,0,0,1,22.0,,voiture,,5,2,1,1,6
202400000251,2024-03-23 19:10:00,2024,3,23,19,10,84,84007,FRANCOIS 1ER (RUE),43.92856,4.82097,Crépuscule ou aube,En agglomération,Hors intersection,Normale,Deux véhicules - côté,4,2,2,0,1,1,1,0,1,30,2,4,3,0,0,1,77.0,25.0,voiture,voiture,2,2,1,1,3
202400000252,2024-03-23 19:30:00,2024,3,23,19,30,83,83137,15EME CORPS (AVE DU),43.12853,5.91387,Nuit avec éclairage allumé,En agglomération,Hors intersection,Normale,Deux véhicules - côté,4,2,1,0,1,1,1,0,1,50,2,3,1,0,0,2,21.0,45.0,deux_roues,deux_roues,5,2,1,1,3
202400000253,2024-03-23 12:04:00,2024,3,23,12,4,82,82033,Route de Gandalou,44.07586,1.1276,Plein jour,Hors agglomération,Hors intersection,Normale,Sans collision,4,-1,0,0,1,1,1,0,1,80,1,1,0,0,0,1,32.0,,deux_roues,,1,1,1,1,7
202400000254,2024-03-23 04:30:00,2024,3,23,4,30,79,79191,,46.292463,-0.46593,Nuit sans éclairage public,Hors agglomération,Hors intersection,Normale,Sans collision,3,-1,2,0,1,1,1,0,1,80,1,1,0,0,0,1,32.0,,voiture,,3,1,1,1,7
202400000255,2024-03-23 20:15:00,2024,3,23,20,15,77,77284,ALLENDE (AV.SALVADOR),48.957531,2.882712,Nuit avec éclairage allumé,En agglomération,Intersection en X,Pluie légère,Autre collision,4,3,4,0,1,1,2,0,1,50,1,2,1,0,1,0,,,utilitaire_camion,,5,2,2,2,6
202400000255,2024-03-23 20:15:00,2024,3,23,20,15,77,77284,ALLENDE (AV.SALVADOR),48.957531,2.882712,Nuit avec éclairage allumé,En agglomération,Intersection en X,Pluie légère,Autre collision,4,1,2,0,1,3,2,0,1,50,1,2,1,0,1,0,,,utilitaire_camion,,5,2,2,2,6
202400000256,2024-03-22 13:55:00,2024,3,22,13,55,77,77186,RD607 de Barbizon à pavé du roi,48.43023,2.66104,Plein jour,Hors agglomération,Giratoire,Normale,Sans collision,3,-1,2,0,1,1,1,0,1,80,1,1,0,0,1,0,60.0,,utilitaire_camion,,1,1,6,1,7
202400000256,2024-03-22 13:55:00,2024,3,22,13,55,77,77186,RD607 de Barbizon à pavé du roi,48.43023,2.66104,Plein jour,Hors agglomération,Giratoire,Normale,Sans collision,3,1,2,0,1,3,1,0,1,90,1,1,0,0,1,0,60.0,,utilitaire_camion,,1,1,6,1,7
202400000257,2024-03-22 18:10:00,2024,3,22,18,10,74,74012,FERRY (AVENUE JULES),46.19188,6.23676,Crépuscule ou aube,En agglomération,Intersection en T,Normale,Deux véhicules - côté,4,2,2,0,1,1,1,5,1,50,2,2,1,0,0,1,49.0,,deux_roues,voiture,2,2,3,1,3
202400000257,2024-03-22 18:10:00,2024,3,22,18,10,74,74012,FERRY (AVENUE JULES),46.19188,6.23676,Crépuscule ou aube,En agglomération,Intersection en T,Normale,Deux véhicules - côté,4,2,2,0,1,1,1,5,1,50,2,2,1,0,0,1,49.0,,deux_roues,voiture,2,2,3,1,3
202400000258,2024-03-22 15:55:00,2024,3,22,15,55,74,74012,MOLE (RUE DU),46.19783,6.23636,Plein jour,En agglomération,Hors intersection,Normale,Deux véhicules - arrière,4,2,2,0,1,1,1,0,1,50,2,3,2,0,0,1,23.0,28.0,deux_roues,utilitaire_camion,1,2,1,1,2
202400000259,2024-03-23 15:50:00,2024,3,23,15,50,69,69275,9 Avenue Jean Jaurès,45.76787,4.93755,Plein jour,En agglomération,Autre intersection,Normale,Deux véhicules - côté,7,2,4,0,1,1,1,0,6,50,2,6,4,0,1,1,77.0,42.0,voiture,deux_roues,1,2,9,1,3
202400000260,2024-03-23 21:05:00,2024,3,23,21,5,69,69029,64 Avenue Camille Rousset,45.73591,4.91203,Nuit avec éclairage allumé,En agglomération,Hors intersection,Pluie légère,Autre collision,4,2,2,1,1,1,2,0,1,50,1,2,1,0,0,1,22.0,,voiture,,5,2,1,2,6
202400000261,2024-03-23 16:05:00,2024,3,23,16,5,67,67447,BISCHWILLER (ROUTE DE),48.608,7.75,Plein jour,En agglomération,Hors intersection,Temps couvert,Autre collision,7,2,2,0,1,1,1,0,1,30,1,2,1,0,0,1,85.0,,voiture,,1,2,1,8,6
202400000262,2024-03-24 00:10:00,2024,3,24,0,10,64,64125,AHETZE (ROUTE),43.4314,-1.57619,Nuit sans éclairage public,Hors agglomération,Hors intersection,Normale,Autre collision,4,2,2,0,1,2,1,0,1,50,1,1,0,0,0,1,31.0,,deux_roues,,3,1,1,1,6
202400000263,2024-03-23 20:25:00,2024,3,23,20,25,64,64122,MARCEL DASSAULT (BD),43.45668,-1.55097,Nuit avec éclairage allumé,En agglomération,Intersection en T,Normale,Deux véhicules - côté,3,-1,2,0,4,1,1,2,8,50,2,3,1,0,0,2,54.0,44.0,voiture,voiture,5,2,3,1,3
202400000263,2024-03-23 20:25:00,2024,3,23,20,25,64,64122,MARCEL DASSAULT (BD),43.45668,-1.55097,Nuit avec éclairage allumé,En agglomération,Intersection en T,Normale,Deux véhicules - côté,3,-1,2,0,2,1,1,0,1,50,2,3,1,0,0,2,54.0,44.0,voiture,voiture,5,2,3,1,3
202400000264,2024-03-23 18:40:00,2024,3,23,18,40,64,64102,GRENET (AVENUE HENRI),43.50232,-1.47696,Plein jour,En agglomération,Hors intersection,Normale,Deux véhicules - arrière,4,2,4,0,4,2,1,0,1,50,2,3,1,0,0,2,46.0,32.0,voiture,voiture,1,2,1,1,2
202400000265,2024-03-23 13:25:00,2024,3,23,13,25,64,64024,LAPORTE (AVENUE JEAN LEON),43.48913749,-1.49956405,Plein jour,En agglomération,Hors intersection,Normale,Autre collision,4,2,4,0,1,1,1,0,1,30,1,2,1,0,1,0,,,voiture,,1,2,1,1,6
202400000266,2024-03-23 09:40:00,2024,3,23,9,40,59,59508,FLANDRES (RESIDENCE DES),50.7459,3.12267,Plein jour,En agglomération,Hors intersection,Normale,Autre collision,4,2,2,1,1,1,1,0,1,30,1,1,0,0,0,1,28.0,,deux_roues,,1,2,1,1,6
202400000267,2024-03-23 23:50:00,2024,3,23,23,50,59,59650,UNION (RUE DE L'),50.71151,3.17578,Nuit avec éclairage allumé,En agglomération,Hors intersection,Normale,Autre collision,4,1,1,0,1,1,1,5,1,50,1,1,0,0,0,1,77.0,,voiture,,5,2,1,1,6
202400000268,2024-03-23 01:10:00,2024,3,23,1,10,59,59378,REPUBLIQUE AV DE LA ( N°501-825),50.652606,3.082432,Nuit avec éclairage allumé,En agglomération,Hors intersection,Normale,Autre collision,7,3,4,3,1,1,2,0,1,70,1,5,1,0,0,4,29.0,,voiture,,5,2,1,1,6
202400000269,2024-03-23 13:00:00,2024,3,23,13,0,56,56121,Rond-point de la Base de sous-marins,47.7353,-3.37435,Plein jour,En agglomération,Giratoire,Normale,Deux véhicules - arrière,3,2,2,-1,1,3,1,5,1,30,2,2,1,0,0,1,27.0,59.0,voiture,voiture,1,2,6,1,2
202400000269,2024-03-23 13:00:00,2024,3,23,13,0,56,56121,Rond-point de la Base de sous-marins,47.7353,-3.37435,Plein jour,En agglomération,Giratoire,Normale,Deux véhicules - arrière,3,1,3,0,1,3,1,5,1,30,2,2,1,0,0,1,27.0,59.0,voiture,voiture,1,2,6,1,2
202400000270,2024-03-23 07:15:00,2024,3,23,7,15,56,56083,Avenue de la République,47.80076,-3.2852,Plein jour,En agglomération,Intersection en T,Normale,Deux véhicules - côté,3,2,2,0,1,1,1,0,1,30,2,2,1,0,0,1,52.0,61.0,voiture,deux_roues,1,2,3,1,3
202400000270,2024-03-23 07:15:00,2024,3,23,7,15,56,56083,Avenue de la République,47.80076,-3.2852,Plein jour,En agglomération,Intersection en T,Normale,Deux véhicules - côté,3,2,2,0,2,1,1,0,1,50,2,2,1,0,0,1,52.0,61.0,voiture,deux_roues,1,2,3,1,3
202400000271,2024-03-23 19:10:00,2024,3,23,19,10,49,49007,VALERY PAUL RUE ET SQUARE,47.48868,-0.52906,Plein jour,En agglomération,Hors intersection,Normale,Autre collision,4,1,1,0,1,1,1,0,1,30,1,1,0,0,1,0,20.0,,deux_roues,,1,2,1,1,6
202400000272,2024-03-22 14:11:00,2024,3,22,14,11,45,45234,1 Rue Eugène Vignat,47.90589,1.9098,Plein jour,En agglomération,Giratoire,Normale,Deux véhicules - côté,7,3,4,-1,1,1,1,0,1,50,2,2,1,0,0,1,38.0,65.0,deux_roues,voiture,1,2,6,1,3
202400000272,2024-03-22 14:11:00,2024,3,22,14,11,45,45234,1 Rue Eugène Vignat,47.90589,1.9098,Plein jour,En agglomération,Giratoire,Normale,Deux véhicules - côté,7,2,2,0,1,1,1,0,1,50,2,2,1,0,0,1,38.0,65.0,deux_roues,voiture,1,2,6,1,3
202400000273,2024-03-23 13:36:00,2024,3,23,13,36,45,45004,D2701 PR 1 + 300,47.98262,2.73282,Plein jour,En agglomération,Hors intersection,Temps couvert,Deux véhicules - côté,3,2,2,0,2,1,1,0,1,50,2,3,2,0,1,0,31.0,58.0,deux_roues,voiture,1,2,1,8,3
202400000274,2024-03-23 16:45:00,2024,3,23,16,45,43,43041,2 Rue de Genebret,45.05172,3.91137,Plein jour,En agglomération,Hors intersection,Normale,Deux véhicules - arrière,4,-1,2,0,1,1,1,0,1,50,2,2,1,0,0,1,80.0,17.0,voiture,deux_roues,1,2,1,1,2
202400000275,2024-09-19 11:45:00,2024,9,19,11,45,27,27229,OURSEL (RUE DU DOCTEUR),49.0265,1.14784,Plein jour,En agglomération,Hors intersection,Normale,Autre collision,4,1,1,0,1,1,1,0,1,50,1,2,1,0,0,1,74.0,,voiture,,1,2,1,1,6
202400000276,2024-09-18 22:40:00,2024,9,18,22,40,26,26362,Rue Jean-Louis Barrault,44.93202,4.8988,Nuit avec éclairage allumé,En agglomération,Intersection en X,Normale,Deux véhicules - frontale,4,2,2,0,1,1,1,0,1,30,2,2,1,0,0,1,23.0,31.0,voiture,deux_roues,5,2,2,1,1
202400000276,2024-09-18 22:40:00,2024,9,18,22,40,26,26362,Rue Jean-Louis Barrault,44.93202,4.8988,Nuit avec éclairage allumé,En agglomération,Intersection en X,Normale,Deux véhicules - frontale,4,1,1,1,1,1,1,0,1,30,2,2,1,0,0,1,23.0,31.0,voiture,deux_roues,5,2,2,1,1
202400000277,2024-09-19 08:00:00,2024,9,19,8,0,25,25204,Point du Jour  (rue du),46.92433,6.35612,Plein jour,Hors agglomération,Hors intersection,Normale,Deux véhicules - côté,3,2,2,0,1,1,1,0,1,70,2,3,0,0,1,2,28.0,18.0,voiture,voiture,1,1,1,1,3
202400000278,2024-09-19 15:15:00,2024,9,19,15,15,25,25056,EDISON RUE THOMAS,47.23185,5.97057,Plein jour,En agglomération,Intersection en T,Normale,Trois véhicules et plus - en chaîne,4,2,2,0,1,1,1,0,1,50,3,3,2,0,0,1,23.0,29.0,voiture,voiture,1,2,3,1,4
202400000278,2024-09-19 15:15:00,2024,9,19,15,15,25,25056,EDISON RUE THOMAS,47.23185,5.97057,Plein jour,En agglomération,Intersection en T,Normale,Trois véhicules et plus - en chaîne,4,2,2,0,1,2,1,0,1,50,3,3,2,0,0,1,23.0,29.0,voiture,voiture,1,2,3,1,4
202400000279,2024-09-19 15:00:00,2024,9,19,15,0,25,25056,VIGNY  RUE ALFRED,47.21763,5.96429,Plein jour,En agglomération,Hors intersection,Normale,Autre collision,4,-1,2,0,1,1,1,5,1,50,1,2,1,0,0,1,62.0,,voiture,,1,2,1,1,6
202400000280,2024-09-19 08:05:00,2024,9,19,8,5,25,25056,OBSERVATOIRE AVENUE DE L',47.24654,5.997457,Plein jour,En agglomération,Hors intersection,Normale,Autre collision,4,2,3,2,3,1,1,0,1,50,1,2,1,0,1,0,21.0,,voiture,,1,2,1,1,6
202400000281,2024-09-19 19:44:00,2024,9,19,19,44,13,13039,BLANC (Chemin de),43.4579,4.92827,Crépuscule ou aube,En agglomération,Intersection en X,Normale,Deux véhicules - côté,4,2,2,0,1,1,1,0,1,30,2,2,1,0,0,1,19.0,57.0,voiture,voiture,2,2,2,1,3
202400000281,2024-09-19 19:44:00,2024,9,19,19,44,13,13039,BLANC (Chemin de),43.4579,4.92827,Crépuscule ou aube,En agglomération,Intersection en X,Normale,Deux véhicules - côté,4,2,2,0,1,1,1,0,1,30,2,2,1,0,0,1,19.0,57.0,voiture,voiture,2,2,2,1,3
202400000282,2024-09-19 19:00:00,2024,9,19,19,0,13,13213,SAINT PAUL (AVENUE),43.32944,5.40691,Crépuscule ou aube,En agglomération,Hors intersection,Normale,Deux véhicules - côté,1,-1,3,0,2,1,1,0,1,50,1,3,0,0,3,0,42.0,,deux_roues,,2,2,1,1,3
202400000283,2024-09-18 22:47:00,2024,9,18,22,47,13,13216,LITTORAL (CHEMIN DU),43.35363,5.32885,Nuit avec éclairage allumé,En agglomération,Hors intersection,Normale,Deux véhicules - arrière,4,2,5,0,1,2,1,0,4,50,1,4,0,3,1,0,27.0,,voiture,,5,2,1,1,2
202400000284,2024-09-18 07:55:00,2024,9,18,7,55,11,11262,177 Avenue de Saint Augustin,43.198144,2.973218,Plein jour,En agglomération,Hors intersection,Normale,Deux véhicules - côté,4,2,2,0,2,1,1,9,1,50,2,2,1,0,0,1,20.0,34.0,voiture,voiture,1,2,1,1,3
202400000285,2024-09-18 17:22:00,2024,9,18,17,22,10,10387,Avenue des Lombards,48.278,4.0676,Plein jour,En agglomération,Hors intersection,Normale,Deux véhicules - frontale,4,2,3,0,1,1,1,0,1,50,2,3,1,0,0,2,21.0,16.0,voiture,deux_roues,1,2,1,1,1
202400000286,2024-09-18 17:56:00,2024,9,18,17,56,10,10357,CELESTIN PHILBOIS (RUE),48.3016,4.1092,Plein jour,En agglomération,Hors intersection,Normale,Autre collision,4,2,2,0,2,1,1,9,4,50,1,2,1,0,0,1,55.0,,utilitaire_camion,,1,2,1,1,6