accident_id,datetime,annee,mois,jour,heure,minute,departement,commune_insee,adresse,latitude,longitude,luminosite,agglomeration,intersection,meteo,collision,catr,circ,nbv,vosp,prof,plan,surf,infra,situ,vma,nb_vehicules,nb_usagers,nb_indemnes,nb_tues,nb_blesses_hosp,nb_blesses_legers,age_cond_1,age_cond_2,veh_type_cond_1,veh_type_cond_2,lum_code,agg_code,int_code,atm_code,col_code
202400000354,2024-09-19 02:15:00,2024,9,19,2,15,92,92023,CLAUDE TREBIGNAUD (AVENUE) BOIS S102,48.78953389,2.25255176,Nuit avec éclairage allumé,En agglomération,Intersection en X,Normale,Autre collision,3,2,2,0,1,1,1,0,1,50,1,1,0,0,0,1,25.0,,voiture,,5,2,2,1,6
202400000355,2024-09-19 09:05:00,2024,9,19,9,5,92,92012,JEAN JAURES (BOULEVARD) 1/61 - COTE IMPA,48.84453981,2.23744377,Plein jour,En agglomération,Hors intersection,Normale,Deux véhicules - côté,3,1,1,0,1,1,1,0,1,30,2,2,1,0,0,1,27.0,64.0,deux_roues,voiture,1,2,1,1,3
202400000356,2024-09-19 07:30:00,2024,9,19,7,30,39,39120,,46.666623,5.923735,Plein jour,Hors agglomération,Hors intersection,Normale,Autre collision,3,2,2,0,2,1,1,0,3,80,1,2,1,0,0,1,43.0,,voiture,,1,1,1,1,6
202400000357,2024-09-20 11:15:00,2024,9,20,11,15,01,01322,D4,45.937712,4.869695,Plein jour,Hors agglomération,Intersection en T,Normale,Deux véhicules - frontale,3,2,2,0,2,1,1,2,1,80,2,2,1,0,1,0,69.0,65.0,voiture,deux_roues,1,1,3,1,1
202400000357,2024-09-20 11:15:00,2024,9,20,11,15,01,01322,D4,45.937712,4.869695,Plein jour,Hors agglomération,Intersection en T,Normale,Deux véhicules - frontale,3,2,2,0,1,1,1,0,1,80,2,2,1,0,1,0,69.0,65.0,voiture,deux_roues,1,1,3,1,1
202400000358,2024-09-20 16:28:00,2024,9,20,16,28,06,06114,14 Chemin du Plan,43.737034,7.288651,Plein jour,En agglomération,Hors intersection,Normale,Sans collision,4,2,1,0,1,1,1,0,1,30,1,3,0,0,3,0,27.0,,deux_roues,,1,2,1,1,7
202400000359,2024-09-19 11:03:00,2024,9,19,11,3,18,18233,Avenue de Fontenay,47.339546,2.848324,Plein jour,En agglomération,Intersection en T,Normale,Trois véhicules et plus - collisions multiples,3,2,2,0,1,1,1,0,1,50,3,4,3,0,1,0,20.0,38.0,deux_roues,voiture,1,2,3,1,5
202400000359,2024-09-19 11:03:00,2024,9,19,11,3,18,18233,Avenue de Fontenay,47.339546,2.848324,Plein jour,En agglomération,Intersection en T,Normale,Trois véhicules et plus - collisions multiples,3,2, -1,-1,1,1,1,0,1,-1,3,4,3,0,1,0,20.0,38.0,deux_roues,voiture,1,2,3,1,5
202400000360,2024-09-19 07:46:00,2024,9,19,7,46,71,71383,A6 PK 375+100- sens PARIS/LYON,46.417424,4.863864,Plein jour,Hors agglomération,Hors intersection,Normale,Trois véhicules et plus - collisions multiples,1,3,5,0,1,1,1,0,1,130,3,4,3,0,1,0,29.0,62.0,voiture,utilitaire_camion,1,1,1,1,5
202400000361,2024-09-19 12:20:00,2024,9,19,12,20,68,68175,D415,48.15329082,7.20782849,Plein jour,Hors agglomération,Hors intersection,Normale,Deux véhicules - frontale,3,2,2,0,2,1,1,0,1,70,2,2,1,0,1,0,45.0,49.0,voiture,voiture,1,1,1,1,1
202400000362,2024-09-19 23:45:00,2024,9,19,23,45,972,97210,N6,14.612239,-60.924597,Nuit sans éclairage public,En agglomération,Hors intersection,Normale,Sans collision,2,2,2,0,1,2,1,0,3,50,1,1,0,1,0,0,31.0,,deux_roues,,3,2,1,1,7
202400000363,2024-09-19 04:00:00,2024,9,19,4,0,63,63206,D50,45.94027642,2.96265979,Nuit sans éclairage public,Hors agglomération,Hors intersection,Normale,Autre collision,3,2,2,0,2,1,1,0,3,90,1,1,0,0,1,0,36.0,,voiture,,3,1,1,1,6
202400000364,2024-09-18 23:00:00,2024,9,18,23,0,30,30209,Route de Four,44.004949,4.786117,Nuit avec éclairage allumé,Hors agglomération,Hors intersection,Normale,Sans collision,3,2,2,0,1,1,1,0,1,80,1,2,0,0,1,1,23.0,,voiture,,5,1,1,1,7
202400000365,2024-09-18 17:00:00,2024,9,18,17,0,2A,2A130,T40,41.87632,8.946991,Plein jour,Hors agglomération,Hors intersection,Pluie légère,Deux véhicules - frontale,2,2,2,0,2,2,2,0,1,90,2,3,0,0,0,3,59.0,27.0,deux_roues,deux_roues,1,1,1,2,1
202400000366,2024-09-20 11:55:00,2024,9,20,11,55,63,63374,CD 996,45.531094,3.803372,Plein jour,Hors agglomération,Hors intersection,Normale,Deux véhicules - côté,3,2,2,0,2,3,1,0,1,90,2,3,1,0,1,1,35.0,91.0,utilitaire_camion,voiture,1,1,1,1,3
202400000367,2024-09-19 11:05:00,2024,9,19,11,5,12,12243,7 Avenue de la Liberte,44.011757,2.965922,Plein jour,En agglomération,Intersection en X,Temps éblouissant,Autre collision,3,2,2,0,1,1,1,0,1,50,1,2,1,0,0,1,77.0,,voiture,,1,2,2,7,6
202400000367,2024-09-19 11:05:00,2024,9,19,11,5,12,12243,7 Avenue de la Liberte,44.011757,2.965922,Plein jour,En agglomération,Intersection en X,Temps éblouissant,Autre collision,3,2,2,0,1,2,1,0,1,50,1,2,1,0,0,1,77.0,,voiture,,1,2,2,7,6
202400000368,2024-09-17 12:00:00,2024,9,17,12,0,47,47058,Cap du Bosc,44.26609874,0.24042537,Plein jour,En agglomération,Hors intersection,Normale,Autre collision,3,2,2,0,4,3,1,0,3,50,1,1,0,0,1,0,24.0,,deux_roues,,1,2,1,1,6
202400000369,2024-09-19 15:50:00,2024,9,19,15,50,25,25464,D46,46.723482,6.179297,Plein jour,Hors agglomération,Intersection en T,Normale,Sans collision,3,2,2,0,1,2,1,0,1,90,1,1,0,0,0,1,31.0,,deux_roues,,1,1,3,1,7
202400000369,2024-09-19 15:50:00,2024,9,19,15,50,25,25464,D46,46.723482,6.179297,Plein jour,Hors agglomération,Intersection en T,Normale,Sans collision,3,2, -1,-1,1,2,1,0,1,-1,1,1,0,0,0,1,31.0,,deux_roues,,1,1,3,1,7
202400000370,2024-09-20 07:25:00,2024,9,20,7,25,44,44213,Route des mines (La Rouxière),47.400067,-1.037886,Plein jour,Hors agglomération,Autre intersection,Normale,Deux véhicules - frontale,3,2,2,0,3,1,1,9,1,70,2,2,1,0,1,0,44.0,50.0,voiture,deux_roues,1,1,9,1,1
202400000371,2024-09-20 07:40:00,2024,9,20,7,40,31,31592,905 Route de Saint Paul sur Save,43.737461,1.243697,Plein jour,Hors agglomération,Hors intersection,Pluie légère,Deux véhicules - frontale,3,2,2,0,1,1,2,0,1,80,2,4,0,0,1,3,19.0,34.0,voiture,utilitaire_camion,1,1,1,2,1
202400000372,2024-09-18 17:15:00,2024,9,18,17,15,38,38043,D1075,45.447735,5.566077,Plein jour,Hors agglomération,Intersection en T,Normale,Deux véhicules - côté,3,2,2,0,2,1,1,0,1,50,2,2,1,0,1,0,62.0,15.0,voiture,voiture,1,1,3,1,3
202400000372,2024-09-18 17:15:00,2024,9,18,17,15,38,38043,D1075,45.447735,5.566077,Plein jour,Hors agglomération,Intersection en T,Normale,Deux véhicules - côté,3,2,2,0,2,1,1,0,1,80,2,2,1,0,1,0,62.0,15.0,voiture,voiture,1,1,3,1,3
202400000373,2024-09-20 15:30:00,2024,9,20,15,30,15,15181,RD 663,44.689113,2.227274,Plein jour,En agglomération,Intersection en T,Normale,Deux véhicules - côté,3,2,1,0,1,1,1,0,1,90,2,2,1,0,0,1,83.0,47.0,voiture,utilitaire_camion,1,2,3,1,3
202400000373,2024-09-20 15:30:00,2024,9,20,15,30,15,15181,RD 663,44.689113,2.227274,Plein jour,En agglomération,Intersection en T,Normale,Deux véhicules - côté,3,2,1,0,1,3,1,0,1,50,2,2,1,0,0,1,83.0,47.0,voiture,utilitaire_camion,1,2,3,1,3
202400000374,2024-09-20 01:15:00,2024,9,20,1,15,01,01179,Route de Pont de Veyle,46.262743,4.856942,Nuit sans éclairage public,En agglomération,Hors intersection,Normale,Deux véhicules - frontale,3,2,2,0,1,3,1,0,1,50,2,2,1,0,1,0,23.0,47.0,deux_roues,voiture,3,2,1,1,1
202400000375,2024-09-14 18:00:00,2024,9,14,18,0,14,14062,D79,49.303237,-0.437082,Plein jour,Hors agglomération,Giratoire,Normale,Autre collision,3,2,1,0,1,2,1,5,3,80,1,1,0,0,0,1,58.0,,deux_roues,,1,1,6,1,6
202400000375,2024-09-14 18:00:00,2024,9,14,18,0,14,14062,D79,49.303237,-0.437082,Plein jour,Hors agglomération,Giratoire,Normale,Autre collision,3,2,1,0,1,2,1,5,3,90,1,1,0,0,0,1,58.0,,deux_roues,,1,1,6,1,6
202400000376,2024-09-20 06:45:00,2024,9,20,6,45,10,10426,Allee Guy Girardot,48.144367,4.779251,Plein jour,En agglomération,Hors intersection,Normale,Deux véhicules - frontale,4,2,2,0,4,3,1,0,1,80,2,2,0,0,1,1,52.0,47.0,voiture,voiture,1,2,1,1,1
202400000377,2024-09-19 20:40:00,2024,9,19,20,40,36,36088,Rue des Lilas,46.939737,2.001081,Nuit sans éclairage public,En agglomération,Intersection en X,Normale,Deux véhicules - côté,4,2, -1,-1,1,1,1,0,1,50,2,2,1,0,0,1,23.0,57.0,deux_roues,voiture,3,2,2,1,3
202400000377,2024-09-19 20:40:00,2024,9,19,20,40,36,36088,Rue des Lilas,46.939737,2.001081,Nuit sans éclairage public,En agglomération,Intersection en X,Normale,Deux véhicules - côté,4,2,2,0,1,1,1,0,1,50,2,2,1,0,0,1,23.0,57.0,deux_roues,voiture,3,2,2,1,3
202400000378,2024-09-19 07:45:00,2024,9,19,7,45,07,07302,Route de Meysse,44.661499,4.706368,Crépuscule ou aube,Hors agglomération,Intersection en X,Brouillard / fumée,Deux véhicules - frontale,3,2,2,0,1,1,1,5,1,70,2,2,1,0,1,0,66.0,33.0,voiture,deux_roues,2,1,2,5,1
202400000378,2024-09-19 07:45:00,2024,9,19,7,45,07,07302,Route de Meysse,44.661499,4.706368,Crépuscule ou aube,Hors agglomération,Intersection en X,Brouillard / fumée,Deux véhicules - frontale,3,2,2,0,1,1,1,0,8,90,2,2,1,0,1,0,66.0,33.0,voiture,deux_roues,2,1,2,5,1
202400000379,2024-09-20 16:50:00,2024,9,20,16,50,53,53097,la Béardière,48.170508,-0.403216,Plein jour,Hors agglomération,Hors intersection,Normale,Deux véhicules - côté,3,2,2,0,2,3,1,0,1,80,2,2,1,0,1,0,53.0,52.0,utilitaire_camion,deux_roues,1,1,1,1,3
202400000380,2024-09-20 14:00:00,2024,9,20,14,0,27,27467,Rue des Déportés,49.354584,0.517876,Plein jour,En agglomération,Hors intersection,Normale,Deux véhicules - côté,4,2,2,0,1,1,1,0,1,30,2,2,1,0,0,1,36.0,15.0,voiture,deux_roues,1,2,1,1,3
202400000381,2024-09-09 08:45:00,2024,9,9,8,45,27,27198,D51,48.860222,1.066162,Plein jour,Hors agglomération,Intersection en T,Normale,Autre collision,3,2,2,0,1,3,1,0,3,80,1,1,0,0,1,0,27.0,,voiture,,1,1,3,1,6
202400000381,2024-09-09 08:45:00,2024,9,9,8,45,27,27198,D51,48.860222,1.066162,Plein jour,Hors agglomération,Intersection en T,Normale,Autre collision,3,2, -1,-1,1,1,1,0,1,50,1,1,0,0,1,0,27.0,,voiture,,1,1,3,1,6
202400000382,2024-09-19 17:45:00,2024,9,19,17,45,28,28032,D336,48.300039,1.63619,Plein jour,Hors agglomération,Intersection en X,Normale,Deux véhicules - frontale,3,2,2,0,1,1,1,0,1,80,2,2,0,0,1,1,74.0,39.0,voiture,voiture,1,1,2,1,1
202400000382,2024-09-19 17:45:00,2024,9,19,17,45,28,28032,D336,48.300039,1.63619,Plein jour,Hors agglomération,Intersection en X,Normale,Deux véhicules - frontale,3,2,2,0,1,1,1,0,1,80,2,2,0,0,1,1,74.0,39.0,voiture,voiture,1,1,2,1,1
202400000383,2024-09-20 06:31:00,2024,9,20,6,31,30,30006,RD613,43.69439,4.20271,Nuit avec éclairage non allumé,Hors agglomération,Giratoire,Normale,Sans collision,3,3,2,0,1,3,1,0,3,80,1,3,0,1,1,1,21.0,,voiture,,4,1,6,1,7
202400000384,2024-09-19 17:35:00,2024,9,19,17,35,08,08230,D322,49.81637933,4.66788054,Plein jour,Hors agglomération,Hors intersection,Normale,Sans collision,3,2,2,0,2,4,1,0,1,80,1,2,0,0,0,2,28.0,,voiture,,1,1,1,1,7
202400000385,2024-09-18 21:15:00,2024,9,18,21,15,06,06085,400 Avenue Saint Martin,43.607628,6.985593,Nuit avec éclairage allumé,Hors agglomération,Hors intersection,Normale,Deux véhicules - frontale,3,3,3,0,1,1,1,0,1,50,2,2,1,0,1,0,69.0,18.0,voiture,deux_roues,5,1,1,1,1
202400000386,2024-09-19 17:40:00,2024,9,19,17,40,89,89441,A6,47.700318,3.810255,Plein jour,Hors agglomération,Hors intersection,Normale,Sans collision,1,3,2,0,1,1,1,0,1,130,1,4,0,0,1,3,30.0,,voiture,,1,1,1,1,7
202400000387,2024-09-19 08:10:00,2024,9,19,8,10,38,38064,A43 - PK 43.700,45.56284195,5.37125692,Plein jour,Hors agglomération,Hors intersection,Normale,Autre collision,1,3,2,0,1,1,1,0,1,130,2,2,1,0,0,1,46.0,59.0,voiture,voiture,1,1,1,1,6
202400000388,2024-09-18 17:30:00,2024,9,18,17,30,77,77095,17 Rue de la Mairie,48.968861,2.757745,Plein jour,En agglomération,Intersection en X,Normale,Deux véhicules - côté,3,2,2,0,1,1,1,0,1,50,2,2,1,0,0,1,36.0,33.0,voiture,voiture,1,2,2,1,3
202400000388,2024-09-18 17:30:00,2024,9,18,17,30,77,77095,17 Rue de la Mairie,48.968861,2.757745,Plein jour,En agglomération,Intersection en X,Normale,Deux véhicules - côté,3,2,2,0,1,1,1,0,1,50,2,2,1,0,0,1,36.0,33.0,voiture,voiture,1,2,2,1,3
202400000389,2024-09-20 08:00:00,2024,9,20,8,0,77,77100,Rue du 26 Août 1944,48.505296,2.79145,Plein jour,En agglomération,Intersection en X,Normale,Deux véhicules - frontale,3,2,2,0,1,1,1,0,1,50,2,2,1,0,1,0,45.0,17.0,voiture,deux_roues,1,2,2,1,1
202400000389,2024-09-20 08:00:00,2024,9,20,8,0,77,77100,Rue du 26 Août 1944,48.505296,2.79145,Plein jour,En agglomération,Intersection en X,Normale,Deux véhicules - frontale,3,2,2,0,1,1,1,0,1,50,2,2,1,0,1,0,45.0,17.0,voiture,deux_roues,1,2,2,1,1
202400000390,2024-09-19 18:25:00,2024,9,19,18,25,95,95002,D14,49.07127906,1.96532127,Plein jour,Hors agglomération,Hors intersection,Normale,Autre collision,3,3,2,0,1,2,1,3,1,110,1,1,0,0,1,0,27.0,,deux_roues,,1,1,1,1,6
202400000391,2024-09-18 18:41:00,2024,9,18,18,41,34,34058,M610/M65,43.668054,3.975763,Plein jour,Hors agglomération,Giratoire,Temps éblouissant,Deux véhicules - arrière,7,2,1,0,1,1,1,0,1,70,2,2,1,0,1,0,53.0,65.0,deux_roues,voiture,1,1,6,7,2
202400000392,2024-09-20 17:45:00,2024,9,20,17,45,83,83016,Dn8,43.185794,5.818774,Plein jour,Hors agglomération,Intersection en T,Normale,Deux véhicules - côté,3,2,2,0,1,1,1,0,1,80,2,2,1,0,1,0,81.0,25.0,voiture,deux_roues,1,1,3,1,3
202400000392,2024-09-20 17:45:00,2024,9,20,17,45,83,83016,Dn8,43.185794,5.818774,Plein jour,Hors agglomération,Intersection en T,Normale,Deux véhicules - côté,3,2,2,0,1,1,1,0,1,80,2,2,1,0,1,0,81.0,25.0,voiture,deux_roues,1,1,3,1,3
202400000393,2024-09-19 23:15:00,2024,9,19,23,15,13,13034,cd 99,43.785324,4.929439,Nuit sans éclairage public,Hors agglomération,Hors intersection,Normale,Autre collision,3,2,2,0,1,1,1,0,3,80,1,1,0,0,1,0,19.0,,voiture,,3,1,1,1,6
202400000394,2024-09-19 20:20:00,2024,9,19,20,20,70,70022,D39,47.469586,5.787883,Nuit sans éclairage public,Hors agglomération,Intersection en Y,Normale,Autre collision,3,2,2,0,1,1,1,0,3,80,1,1,0,1,0,0,20.0,,deux_roues,,3,1,4,1,6
202400000394,2024-09-19 20:20:00,2024,9,19,20,20,70,70022,D39,47.469586,5.787883,Nuit sans éclairage public,Hors agglomération,Intersection en Y,Normale,Autre collision,3,2, -1,-1,1,1,1,0,1,-1,1,1,0,1,0,0,20.0,,deux_roues,,3,1,4,1,6
202400000395,2024-06-08 16:45:00,2024,6,8,16,45,38,38369,Chemin de Cambade,45.536641,5.450206,Plein jour,Hors agglomération,Autre intersection,Normale,Deux véhicules - côté,4,2,2,0,3,4,1,0,1,70,2,2,1,0,1,0,21.0,57.0,voiture,deux_roues,1,1,9,1,3
202400000396,2024-09-18 19:30:00,2024,9,18,19,30,70,70120,23 Rue Jean Jaurès,47.689545,6.644791,Plein jour,En agglomération,Hors intersection,Normale,Deux véhicules - frontale,4,2,2,0,1,1,1,0,1,50,2,3,2,0,0,1,24.0,18.0,voiture,deux_roues,1,2,1,1,1
202400000397,2024-09-20 16:54:00,2024,9,20,16,54,21,21217,D116,47.197887,4.904057,Plein jour,Hors agglomération,Hors intersection,Temps éblouissant,Sans collision,3,2,2,0,3,3,1,0,3,-1,1,1,0,0,1,0,68.0,,deux_roues,,1,1,1,7,7
202400000398,2024-06-08 23:05:00,2024,6,8,23,5,07,07264,201,44.337655,4.610438,Nuit sans éclairage public,Hors agglomération,Hors intersection,Normale,Autre collision,3,2,2,0,3,2,1,0,3,90,1,5,1,0,4,0,17.0,,voiture,,3,1,1,1,6
202400000399,2024-09-19 16:55:00,2024,9,19,16,55,08,08122,D46da,50.118153,4.789677,Plein jour,Hors agglomération,Giratoire,Normale,Sans collision,3,2,1,0,1,2,9,0,1,50,1,1,0,0,0,1,18.0,,deux_roues,,1,1,6,1,7
202400000400,2024-09-20 06:45:00,2024,9,20,6,45,38,38110,Route du Soleil,45.584735,4.860377,Crépuscule ou aube,Hors agglomération,Intersection en T,Normale,Deux véhicules - côté,2,2,1,0,1,1,1,5,1,70,2,2,1,1,0,0,22.0,56.0,voiture,deux_roues,2,1,3,1,3
202400000400,2024-09-20 06:45:00,2024,9,20,6,45,38,38110,Route du Soleil,45.584735,4.860377,Crépuscule ou aube,Hors agglomération,Intersection en T,Normale,Deux véhicules - côté,2,2,1,0,1,1,1,5,1,-1,2,2,1,1,0,0,22.0,56.0,voiture,deux_roues,2,1,3,1,3
202400000401,2024-06-08 12:45:00,2024,6,8,12,45,01,01027,Rue de Jons,45.818954,5.093019,Plein jour,Hors agglomération,Hors intersection,Normale,Deux véhicules - côté,4,2,2,0,1,4,1,0,1,80,2,7,6,0,1,0,20.0,63.0,voiture,voiture,1,1,1,1,3
202400000402,2024-06-09 05:40:00,2024,6,9,5,40,69,69272,Route Départementale 307b,45.58853056,4.82792004,Nuit sans éclairage public,Hors agglomération,Hors intersection,Normale,Autre collision,3,2,2,2,1,1,1,0,1,70,1,1,0,1,0,0,29.0,,voiture,,3,1,1,1,6
202400000403,2024-09-19 21:55:00,2024,9,19,21,55,85,85088,RD32,46.71965,-1.8674635,Nuit sans éclairage public,Hors agglomération,Hors intersection,Normale,Deux véhicules - frontale,3,2,2,0,1,1,1,0,1,80,2,2,1,1,0,0,21.0,44.0,voiture,deux_roues,3,1,1,1,1
202400000404,2024-09-18 16:54:00,2024,9,18,16,54,44,44047,35 Rue de la Lionnière,47.21679,-1.696683,Plein jour,En agglomération,Hors intersection,Normale,Deux véhicules - frontale,4,2,2,0,1,1,1,0,1,50,2,2,1,0,1,0,21.0,58.0,voiture,voiture,1,2,1,1,1
202400000405,2024-06-08 23:20:00,2024,6,8,23,20,81,81105,D964 Route de Gaillac,43.7797404,1.9904181,Nuit sans éclairage public,Hors agglomération,Intersection en T,Normale,Deux véhicules - côté,3,2,2,0,1,1,1,0,1,90,2,3,2,0,1,0,23.0,71.0,deux_roues,voiture,3,1,3,1,3
202400000405,2024-06-08 23:20:00,2024,6,8,23,20,81,81105,D964 Route de Gaillac,43.7797404,1.9904181,Nuit sans éclairage public,Hors agglomération,Intersection en T,Normale,Deux véhicules - côté,3,2,2,0,1,1,1,5,1,80,2,3,2,0,1,0,23.0,71.0,deux_roues,voiture,3,1,3,1,3
202400000406,2024-06-09 03:30:00,2024,6,9,3,30,17,17093,Rue du Moulin,45.878843,-1.224385,Nuit sans éclairage public,En agglomération,Hors intersection,Normale,Sans collision,4,2,2,0,1,4,1,0,3,50,1,1,0,0,0,1,16.0,,deux_roues,,3,2,1,1,7
202400000407,2024-09-19 09:35:00,2024,9,19,9,35,27,27602,Rue du Buisson,49.017076,1.097972,Plein jour,En agglomération,Hors intersection,Normale,Deux véhicules - arrière,4,2,2,0,1,1,1,0,1,50,2,3,2,0,0,1,51.0,29.0,voiture,voiture,1,2,1,1,2
202400000408,2024-06-07 17:30:00,2024,6,7,17,30,22,22176,La Ville Folle,48.465363,-2.746485,Plein jour,Hors agglomération,Intersection en T,Normale,Sans collision,4,-1,2,0,4,1,1,0,8,50,1,1,0,1,0,0,89.0,,voiture,,1,1,3,1,7
202400000408,2024-06-07 17:30:00,2024,6,7,17,30,22,22176,La Ville Folle,48.465363,-2.746485,Plein jour,Hors agglomération,Intersection en T,Normale,Sans collision,4,2,2,0,1,1,1,0,8,-1,1,1,0,1,0,0,89.0,,voiture,,1,1,3,1,7
202400000409,2024-09-19 16:55:00,2024,9,19,16,55,62,62604,Avenue des Troënes,50.63651503,1.58420321,Plein jour,En agglomération,Intersection en X,Normale,Deux véhicules - côté,4,2,2,0,1,1,1,0,1,30,2,2,1,0,1,0,69.0,31.0,deux_roues,voiture,1,2,2,1,3
202400000409,2024-09-19 16:55:00,2024,9,19,16,55,62,62604,Avenue des Troënes,50.63651503,1.58420321,Plein jour,En agglomération,Intersection en X,Normale,Deux véhicules - côté,4,2,2,0,1,1,1,0,1,50,2,2,1,0,1,0,69.0,31.0,deux_roues,voiture,1,2,2,1,3
202400000410,2024-06-09 16:30:00,2024,6,9,16,30,76,76399,D1314,49.783796,1.446408,Plein jour,Hors agglomération,Hors intersection,Normale,Sans collision,3,2,2,0,1,3,1,0,3,80,1,2,0,0,1,1,57.0,,deux_roues,,1,1,1,1,7
202400000411,2024-09-19 09:05:00,2024,9,19,9,5,13,13210,A50-Sens Marseille vers Aubagne,43.28616401,5.42968295,Plein jour,Hors agglomération,Hors intersection,Normale,Deux véhicules - arrière,1,1,3,3,1,1,1,0,6,70,2,5,2,0,0,3,50.0,35.0,transport_commun,voiture,1,1,1,1,2
202400000412,2024-06-08 22:20:00,2024,6,8,22,20,33,33003,,44.92829,-0.47047,Nuit avec éclairage allumé,Hors agglomération,Hors intersection,Normale,Autre collision,1,3,3,0,1,1,1,0,1,110,2,2,1,0,0,1,31.0,,voiture,autre,5,1,1,1,6
202400000413,2024-09-18 01:41:00,2024,9,18,1,41,13,13005,A501-Aubagne Pont de l'Etoile,43.3192082,5.5917233,Nuit sans éclairage public,Hors agglomération,Hors intersection,Normale,Deux véhicules - frontale,1,3,2,0,1,1,1,0,1,90,1,2,0,0,0,2,44.0,,voiture,,3,1,1,1,1
202400000414,2024-06-08 05:50:00,2024,6,8,5,50,91,91479,TUNNEL ORLY Y (PARAY VP) PK 2.6-3.6,48.72748247,2.36881971,Plein jour,Hors agglomération,Hors intersection,Normale,Autre collision,2,3,2,0,1,1,1,1,1,70,1,3,0,0,2,1,22.0,,voiture,,1,1,1,1,6
202400000415,2024-09-18 16:20:00,2024,9,18,16,20,83,83137,A57,43.12324819,5.95888522,Plein jour,Hors agglomération,Hors intersection,Normale,Trois véhicules et plus - en chaîne,1,1,3,0,1,1,1,0,1,70,3,3,2,0,0,1,42.0,36.0,voiture,voiture,1,1,1,1,4
202400000416,2024-06-08 17:49:00,2024,6,8,17,49,92,92063,A86,48.87144806,2.15681022,Plein jour,Hors agglomération,Hors intersection,Normale,Trois véhicules et plus - en chaîne,1,1,3,0,1,1,1,0,1,50,3,8,7,0,0,1,18.0,26.0,voiture,voiture,1,1,1,1,4
202400000417,2024-09-19 18:00:00,2024,9,19,18,0,33,33318,,44.809364,-0.670149,Plein jour,Hors agglomération,Hors intersection,Normale,Trois véhicules et plus - en chaîne,1,3,6,0,1,1,1,0,1,90,3,3,2,0,0,1,21.0,49.0,voiture,deux_roues,1,1,1,1,4
202400000418,2024-06-08 18:20:00,2024,6,8,18,20,78,78640,A86 INT,48.7783,2.21961,Plein jour,Hors agglomération,Hors intersection,Normale,Deux véhicules - arrière,1,-1,3,0,1,3,1,3,1,70,2,2,1,0,0,1,46.0,47.0,utilitaire_camion,voiture,1,1,1,1,2
202400000419,2024-06-08 11:55:00,2024,6,8,11,55,78,78043,A12 W,48.839587,2.094107,Plein jour,Hors agglomération,Hors intersection,Normale,Autre collision,1,-1,3,0,1,3,1,0,1,90,1,1,0,0,0,1,64.0,,voiture,,1,1,1,1,6
202400000420,2024-09-19 17:30:00,2024,9,19,17,30,33,33143,,44.955434,-0.453445,Plein jour,Hors agglomération,Hors intersection,Temps éblouissant,Trois véhicules et plus - collisions multiples,1,3,6,0,2,1,1,2,1,130,4,7,4,0,0,3,57.0,52.0,utilitaire_camion,voiture,1,1,1,7,5
202400000421,2024-06-07 17:10:00,2024,6,7,17,10,78,78362,A13,48.97722,1.71472,Plein jour,Hors agglomération,Hors intersection,Normale,Trois véhicules et plus - en chaîne,1,-1,3,0,1,1,1,1,1,90,4,5,4,0,0,1,27.0,21.0,voiture,voiture,1,1,1,1,4
202400000422,2024-09-19 09:10:00,2024,9,19,9,10,91,91179,AUTOROUTE A6,48.56409,2.47764,Plein jour,Hors agglomération,Hors intersection,Normale,Trois véhicules et plus - en chaîne,1,-1,3,0,1,1,1,0,1,110,3,3,2,0,0,1,33.0,48.0,voiture,deux_roues,1,1,1,1,4
202400000423,2024-06-07 22:50:00,2024,6,7,22,50,92,92051,N13,48.88529699,2.25900195,Nuit avec éclairage allumé,Hors agglomération,Hors intersection,Normale,Deux véhicules - frontale,2,1,2,0,1,1,1,1,1,50,2,3,1,0,1,1,24.0,,deux_roues,deux_roues,5,1,1,1,1
202400000424,2024-09-19 07:49:00,2024,9,19,7,49,91,91689,AUTOROUTE A6B,48.74927,2.32842,Plein jour,Hors agglomération,Hors intersection,Normale,Deux véhicules - arrière,1,2,3,0,1,1,1,0,1,90,2,2,1,0,0,1,26.0,19.0,deux_roues,voiture,1,1,1,1,2
202400000425,2024-06-07 21:40:00,2024,6,7,21,40,78,78646,RN12,48.788809,2.132801,Crépuscule ou aube,Hors agglomération,Hors intersection,Normale,Autre collision,2,-1,3,0,1,1,1,0,1,110,1,1,0,0,0,1,22.0,,voiture,,2,1,1,1,6
202400000426,2024-09-19 08:30:00,2024,9,19,8,30,91,91661,AUTOROUTE A10,48.69253,2.2269,Plein jour,Hors agglomération,Hors intersection,Normale,Deux véhicules - côté,1,1,3,0,2,1,1,0,1,90,2,2,1,0,0,1,37.0,61.0,voiture,deux_roues,1,1,1,1,3
202400000427,2024-06-07 15:20:00,2024,6,7,15,20,78,78117,RN12,48.787872,2.144141,Plein jour,Hors agglomération,Hors intersection,Normale,Trois véhicules et plus - en chaîne,2,3,3,0,1,1,1,0,1,110,4,4,3,0,0,1,67.0,39.0,voiture,utilitaire_camion,1,1,1,1,4