accident_id,datetime,annee,mois,jour,heure,minute,departement,commune_insee,adresse,latitude,longitude,luminosite,agglomeration,intersection,meteo,collision,catr,circ,nbv,vosp,prof,plan,surf,infra,situ,vma,nb_vehicules,nb_usagers,nb_indemnes,nb_tues,nb_blesses_hosp,nb_blesses_legers,age_cond_1,age_cond_2,veh_type_cond_1,veh_type_cond_2,lum_code,agg_code,int_code,atm_code,col_code
202400000428,2024-09-19 07:15:00,2024,9,19,7,15,91,91534,RN 118,48.72179,2.1686,Plein jour,Hors agglomération,Hors intersection,Normale,Autre collision,2,2,2,0,1,1,1,0,1,90,1,1,0,0,0,1,58.0,,deux_roues,,1,1,1,1,6
202400000429,2024-06-08 14:00:00,2024,6,8,14,0,95,95060,A115,49.04248195,2.18872193,Plein jour,Hors agglomération,Hors intersection,Normale,Autre collision,1,3,2,0,1,1,1,0,1,90,1,1,0,0,0,1,54.0,,voiture,,1,1,1,1,6
202400000430,2024-09-19 09:10:00,2024,9,19,9,10,78,78322,A86 EXT,48.78049,2.17614,Plein jour,Hors agglomération,Hors intersection,Normale,Deux véhicules - arrière,1,1,3,0,1,1,1,3,1,50,2,2,1,0,0,1,30.0,34.0,utilitaire_camion,deux_roues,1,1,1,1,2
202400000431,2024-06-08 00:20:00,2024,6,8,0,20,93,93066,A1,48.91936344,2.35754643,Nuit sans éclairage public,Hors agglomération,Hors intersection,Normale,Trois véhicules et plus - en chaîne,1,3,4,0,1,1,1,0,1,90,3,3,2,0,0,1,38.0,24.0,voiture,voiture,3,1,1,1,4
202400000432,2024-09-18 12:10:00,2024,9,18,12,10,92,92063,A86,48.88731444,2.16647223,Plein jour,Hors agglomération,Hors intersection,Normale,Sans collision,1,1,3,0,1,1,3,1,1,70,1,1,0,0,1,0,31.0,,deux_roues,,1,1,1,1,7
202400000433,2024-06-07 08:00:00,2024,6,7,8,0,77,77249,RN104,48.754782,2.615097,Plein jour,Hors agglomération,Hors intersection,Normale,Deux véhicules - côté,2,3,4,0,1,1,1,0,1,110,2,2,1,0,0,1,32.0,21.0,voiture,deux_roues,1,1,1,1,3
202400000434,2024-09-18 09:18:00,2024,9,18,9,18,92,92048,N118,48.78863647,2.22152707,Plein jour,Hors agglomération,Hors intersection,Normale,Deux véhicules - arrière,2,3,1,0,1,1,1,0,1,90,2,2,1,0,0,1,22.0,52.0,deux_roues,deux_roues,1,1,1,1,2
202400000435,2024-06-07 13:00:00,2024,6,7,13,0,974,97416,MOURGAPAMODELLY (IMPASSE),-21.30737,55.43012,Plein jour,Hors agglomération,Hors intersection,Normale,Autre collision,4,2,2,0,1,1,1,0,1,80,1,3,1,0,0,2,21.0,,voiture,,1,1,1,1,6
202400000436,2024-09-18 15:50:00,2024,9,18,15,50,93,93008,AUTOROUTE A86,48.91212,2.43808,Plein jour,Hors agglomération,Hors intersection,Normale,Deux véhicules - côté,1,3,3,0,1,1,1,1,1,90,2,2,1,0,0,1,36.0,30.0,utilitaire_camion,voiture,1,1,1,1,3
202400000437,2024-06-06 13:55:00,2024,6,6,13,55,974,97411,BOIS DE NEFLES (RUE DU),-20.88882,55.45698,Plein jour,En agglomération,Autre intersection,Normale,Trois véhicules et plus - en chaîne,4,1,1,0,1,1,1,0,1,30,3,3,2,0,1,0,21.0,20.0,deux_roues,voiture,1,2,9,1,4
202400000438,2024-09-18 09:00:00,2024,9,18,9,0,93,93010,AUTOROUTE A3,48.91057775,2.47509637,Plein jour,Hors agglomération,Hors intersection,Normale,Deux véhicules - côté,1,3,3,0,1,1,1,0,1,110,2,2,1,0,0,1,59.0,21.0,voiture,deux_roues,1,1,1,1,3
202400000439,2024-09-18 01:50:00,2024,9,18,1,50,92,92036,AUTOROUTE A86,48.93851705,2.30001759,Nuit sans éclairage public,Hors agglomération,Hors intersection,Normale,Trois véhicules et plus - en chaîne,1,3,2,0,1,2,1,0,6,90,4,5,2,0,0,3,18.0,40.0,voiture,voiture,3,1,1,1,4
202400000440,2024-09-16 22:00:00,2024,9,16,22,0,95,95582,A15,48.97105157,2.24878136,Nuit sans éclairage public,Hors agglomération,Hors intersection,Normale,Deux véhicules - arrière,1,3,4,0,1,1,1,0,1,110,2,4,2,0,2,0,35.0,53.0,utilitaire_camion,voiture,3,1,1,1,2
202400000441,2024-09-19 15:30:00,2024,9,19,15,30,75,75112,A4,48.818121,2.456369,Plein jour,Hors agglomération,Hors intersection,Normale,Trois véhicules et plus - en chaîne,1,-1,3,0,1,1,1,0,1,90,3,5,2,0,0,3,25.0,57.0,voiture,voiture,1,1,1,1,4
202400000442,2024-09-19 07:25:00,2024,9,19,7,25,94,94042,A4,48.82743426,2.46915402,Crépuscule ou aube,Hors agglomération,Hors intersection,Normale,Deux véhicules - côté,1,1,4,0,1,1,1,0,1,90,2,2,1,0,0,1,56.0,26.0,deux_roues,voiture,2,1,1,1,3
202400000443,2024-09-18 13:30:00,2024,9,18,13,30,77,77517,A104.EXT,48.90805024,2.63854941,Plein jour,Hors agglomération,Hors intersection,Normale,Deux véhicules - côté,1,3,4,0,1,1,1,0,1,90,2,2,1,0,0,1,26.0,29.0,voiture,utilitaire_camion,1,1,1,1,3
202400000444,2024-09-18 12:30:00,2024,9,18,12,30,94,94018,A4,48.81766797,2.41481141,Plein jour,Hors agglomération,Hors intersection,Normale,Deux véhicules - arrière,1,3,5,0,1,1,1,0,1,90,2,2,1,0,0,1,27.0,75.0,voiture,utilitaire_camion,1,1,1,1,2
202400000445,2024-09-16 22:45:00,2024,9,16,22,45,94,94069,A4,48.81730019,2.42507684,Nuit sans éclairage public,Hors agglomération,Hors intersection,Normale,Trois véhicules et plus - en chaîne,1,1,4,0,1,1,1,0,1,90,4,6,4,0,0,2,72.0,21.0,voiture,voiture,3,1,1,1,4
202400000446,2024-07-18 09:40:00,2024,7,18,9,40,74,74012,VALLEES (ROUTE DES),46.19146,6.25029,Plein jour,En agglomération,Giratoire,Normale,Deux véhicules - côté,4,-1,2,0,1,1,1,0,1,50,2,2,1,0,0,1,,24.0,voiture,deux_roues,1,2,6,1,3
202400000446,2024-07-18 09:40:00,2024,7,18,9,40,74,74012,VALLEES (ROUTE DES),46.19146,6.25029,Plein jour,En agglomération,Giratoire,Normale,Deux véhicules - côté,4,1,2,0,1,1,1,0,1,50,2,2,1,0,0,1,,24.0,voiture,deux_roues,1,2,6,1,3
202400000447,2024-05-30 13:10:00,2024,5,30,13,10,14,14117,50 Avenue de la Brèche Buhot,49.287625,-0.123127,Plein jour,En agglomération,Giratoire,Normale,Deux véhicules - côté,3,1,1,0,1,1,1,5,1,50,2,4,3,0,1,0,47.0,64.0,deux_roues,voiture,1,2,6,1,3
202400000447,2024-05-30 13:10:00,2024,5,30,13,10,14,14117,50 Avenue de la Brèche Buhot,49.287625,-0.123127,Plein jour,En agglomération,Giratoire,Normale,Deux véhicules - côté,3,2,1,0,1,1,1,5,1,50,2,4,3,0,1,0,47.0,64.0,deux_roues,voiture,1,2,6,1,3
202400000448,2024-07-18 09:15:00,2024,7,18,9,15,14,14734,Route des Bois Feuilleux,49.136373,-0.590746,Plein jour,Hors agglomération,Intersection en X,Normale,Deux véhicules - côté,3,2,1,0,1,1,1,0,1,80,2,3,2,0,1,0,22.0,47.0,voiture,deux_roues,1,1,2,1,3
202400000448,2024-07-18 09:15:00,2024,7,18,9,15,14,14734,Route des Bois Feuilleux,49.136373,-0.590746,Plein jour,Hors agglomération,Intersection en X,Normale,Deux véhicules - côté,3,2,1,0,1,1,1,0,1,80,2,3,2,0,1,0,22.0,47.0,voiture,deux_roues,1,1,2,1,3
202400000449,2024-05-01 07:30:00,2024,5,1,7,30,971,97113,SECTION TOMBEAU,16.22795,-61.47581,Plein jour,Hors agglomération,Hors intersection,Pluie légère,Deux véhicules - frontale,3,2,2,0,2,3,2,0,1,70,2,2,0,0,0,2,61.0,31.0,deux_roues,voiture,1,1,1,2,1
202400000450,2024-06-25 11:40:00,2024,6,25,11,40,38,38421,AVENUE MARCEL CACHIN,45.16356,5.75136,Plein jour,En agglomération,Hors intersection,Normale,Deux véhicules - arrière,4,2,2,1,1,1,1,0,1,50,2,2,1,0,0,1,93.0,84.0,voiture,deux_roues,1,2,1,1,2
202400000451,2024-02-01 22:11:00,2024,2,1,22,11,971,97113,GENERAL DE GAULLE (AVENUE),16.20592,-61.49305,Nuit avec éclairage allumé,En agglomération,Hors intersection,Normale,Autre collision,3,1,1,0,1,1,1,0,1,50,1,2,1,0,0,1,24.0,,deux_roues,,5,2,1,1,6
202400000452,2024-06-16 23:25:00,2024,6,16,23,25,38,38317,A 480,45.13396771,5.69008373,Nuit sans éclairage public,Hors agglomération,Hors intersection,Normale,Deux véhicules - arrière,1,3,2,0,1,1,1,0,1,110,2,2,1,0,1,0,20.0,28.0,voiture,deux_roues,3,1,1,1,2
202400000453,2024-02-18 12:05:00,2024,2,18,12,5,13,13056,CANTO PERDRIX AVENUE DE,43.41831,5.05101,Plein jour,En agglomération,Intersection en T,Normale,Deux véhicules - frontale,4,2,2,0,1,2,1,5,1,50,2,2,1,0,1,0,64.0,28.0,voiture,deux_roues,1,2,3,1,1
202400000453,2024-02-18 12:05:00,2024,2,18,12,5,13,13056,CANTO PERDRIX AVENUE DE,43.41831,5.05101,Plein jour,En agglomération,Intersection en T,Normale,Deux véhicules - frontale,4,2,2,0,1,2,1,0,1,50,2,2,1,0,1,0,64.0,28.0,voiture,deux_roues,1,2,3,1,1
202400000454,2024-05-01 22:40:00,2024,5,1,22,40,2A,2A004,#Les Salines#,41.9339948,8.75053927,Nuit avec éclairage allumé,En agglomération,Intersection en X,Normale,Deux véhicules - côté,2,1,2,0,1,2,1,0,1,50,2,3,2,0,0,1,23.0,37.0,voiture,voiture,5,2,2,1,3
202400000454,2024-05-01 22:40:00,2024,5,1,22,40,2A,2A004,#Les Salines#,41.9339948,8.75053927,Nuit avec éclairage allumé,En agglomération,Intersection en X,Normale,Deux véhicules - côté,2,1,3,0,1,1,1,5,1,50,2,3,2,0,0,1,23.0,37.0,voiture,voiture,5,2,2,1,3
202400000455,2024-06-06 16:30:00,2024,6,6,16,30,13,13056,ISTRES ROUTE D',43.42977,5.04702,Plein jour,En agglomération,Giratoire,Normale,Deux véhicules - côté,3,3,2,0,1,1,1,0,1,50,1,2,1,0,1,0,58.0,,voiture,,1,2,6,1,3
202400000455,2024-06-06 16:30:00,2024,6,6,16,30,13,13056,ISTRES ROUTE D',43.42977,5.04702,Plein jour,En agglomération,Giratoire,Normale,Deux véhicules - côté,3,3,2,0,1,1,1,0,1,50,1,2,1,0,1,0,58.0,,voiture,,1,2,6,1,3
202400000456,2024-05-30 11:20:00,2024,5,30,11,20,13,13056,PORT DE BOUC ROUTE DE,43.41118,5.02338,Plein jour,En agglomération,Hors intersection,Normale,Deux véhicules - arrière,4,3,2,0,3,1,1,0,1,50,2,2,1,0,1,0,82.0,37.0,deux_roues,voiture,1,2,1,1,2
202400000457,2024-05-01 18:20:00,2024,5,1,18,20,95,95277,GONESSE A VILLEPINTE (CHEMIN DE),48.97913023,2.4853456,Plein jour,En agglomération,Hors intersection,Normale,Deux véhicules - frontale,4,2,2,3,1,1,1,0,1,50,2,11,8,0,0,3,31.0,,transport_commun,deux_roues,1,2,1,1,1
202400000458,2024-05-26 17:20:00,2024,5,26,17,20,13,13056,MOULET AVENUE CHARLES,43.4093,5.02223,Plein jour,En agglomération,Autre intersection,Normale,Deux véhicules - côté,4,2,2,0,1,1,1,0,1,50,2,2,0,0,0,2,25.0,51.0,voiture,deux_roues,1,2,9,1,3
202400000459,2024-05-01 18:00:00,2024,5,1,18,0,95,95582,BOULEAUX (ALLEE DES),48.96731998,2.27321886,Plein jour,En agglomération,Giratoire,Normale,Deux véhicules - côté,3,4,2,0,1,2,1,5,1,30,2,7,4,0,0,3,76.0,22.0,voiture,voiture,1,2,6,1,3
202400000459,2024-05-01 18:00:00,2024,5,1,18,0,95,95582,BOULEAUX (ALLEE DES),48.96731998,2.27321886,Plein jour,En agglomération,Giratoire,Normale,Deux véhicules - côté,3,4,2,0,1,2,1,0,1,30,2,7,4,0,0,3,76.0,22.0,voiture,voiture,1,2,6,1,3
202400000460,2024-07-09 18:45:00,2024,7,9,18,45,75,75107,BOULEVARD DES INVALIDES,48.856135,2.31508,Plein jour,En agglomération,Intersection en T,Normale,Autre collision,4,2,2,0,1,3,1,0,1,30,1,2,1,0,0,1,,,voiture,,1,2,3,1,6
202400000460,2024-07-09 18:45:00,2024,7,9,18,45,75,75107,BOULEVARD DES INVALIDES,48.856135,2.31508,Plein jour,En agglomération,Intersection en T,Normale,Autre collision,4,2, -1,0,1,1,1,0,1,30,1,2,1,0,0,1,,,voiture,,1,2,3,1,6
202400000461,2024-05-01 08:30:00,2024,5,1,8,30,91,91457,DEVI DU CD 19,48.57691,2.28225,Plein jour,En agglomération,Hors intersection,Normale,Sans collision,3,3,2,0,1,2,1,0,1,90,1,2,0,0,1,1,21.0,,voiture,,1,2,1,1,7
202400000462,2024-07-20 19:15:00,2024,7,20,19,15,57,57289,N61,49.084317,7.029973,Plein jour,Hors agglomération,Hors intersection,Normale,Sans collision,3,3,0,0,1,1,1,0,6,110,1,4,0,0,4,0,19.0,,voiture,,1,1,1,1,7
202400000463,2024-05-02 02:15:00,2024,5,2,2,15,84,84007,C.De GAULLE (Rocade),43.94429,4.83457,Nuit sans éclairage public,Hors agglomération,Hors intersection,Pluie légère,Sans collision,3,-1,4,0,1,1,3,0,3,90,1,1,0,0,0,1,21.0,,voiture,,3,1,1,2,7
202400000464,2024-09-18 16:30:00,2024,9,18,16,30,974,97411,CHAMP FLEURI,-20.88715,55.4654,Plein jour,En agglomération,Hors intersection,Normale,Deux véhicules - côté,4,2,2,0,1,2,1,0,1,50,2,3,2,0,0,1,24.0,41.0,deux_roues,voiture,1,2,1,1,3
202400000465,2024-09-18 13:10:00,2024,9,18,13,10,974,97411,LABOURDONNAIS,-20.87663,55.44787,Plein jour,En agglomération,Intersection en X,Normale,Deux véhicules - côté,4,1,2,0,1,1,1,0,1,50,2,2,1,0,1,0,15.0,30.0,deux_roues,transport_commun,1,2,2,1,3
202400000465,2024-09-18 13:10:00,2024,9,18,13,10,974,97411,LABOURDONNAIS,-20.87663,55.44787,Plein jour,En agglomération,Intersection en X,Normale,Deux véhicules - côté,4,2,2,0,2,1,1,0,1,50,2,2,1,0,1,0,15.0,30.0,deux_roues,transport_commun,1,2,2,1,3
202400000466,2024-04-30 19:20:00,2024,4,30,19,20,79,79191,,46.326932,-0.46408,Plein jour,En agglomération,Intersection à plus de 4 branches,Temps couvert,Deux véhicules - côté,4,2,2,0,1,3,1,0,1,30,2,1,0,0,0,1,43.0,,autre,,1,2,5,8,3
202400000466,2024-04-30 19:20:00,2024,4,30,19,20,79,79191,,46.326932,-0.46408,Plein jour,En agglomération,Intersection à plus de 4 branches,Temps couvert,Deux véhicules - côté,4,2,2,0,1,3,1,2,1,30,2,1,0,0,0,1,43.0,,autre,,1,2,5,8,3
202400000467,2024-09-17 06:30:00,2024,9,17,6,30,973,97302,RABAN (ROUTE DE),4.92606,-52.3136,Crépuscule ou aube,En agglomération,Intersection en T,Normale,Sans collision,4,2, -1,-1,1,1,1,0,1,-1,1,1,0,0,0,1,58.0,,deux_roues,,2,2,3,1,7
202400000467,2024-09-17 06:30:00,2024,9,17,6,30,973,97302,RABAN (ROUTE DE),4.92606,-52.3136,Crépuscule ou aube,En agglomération,Intersection en T,Normale,Sans collision,4,2,2,0,1,1,1,0,1,50,1,1,0,0,0,1,58.0,,deux_roues,,2,2,3,1,7
202400000468,2024-05-01 11:28:00,2024,5,1,11,28,77,77350,CD NUMERO 471,48.770657,2.707803,Plein jour,Hors agglomération,Hors intersection,Normale,Deux véhicules - arrière,3,2,2,0,1,1,1,0,1,80,2,2,1,0,0,1,44.0,41.0,deux_roues,voiture,1,1,1,1,2
202400000469,2024-05-01 07:28:00,2024,5,1,7,28,77,77215,DEPARTEMENTALE 1004,48.73415,2.7098,Plein jour,Hors agglomération,Hors intersection,Normale,Deux véhicules - arrière,3,3,4,0,1,1,1,0,1,110,2,3,2,0,0,1,21.0,25.0,voiture,voiture,1,1,1,1,2
202400000470,2024-05-01 15:00:00,2024,5,1,15,0,76,76131,Cote de la Maison Brulee,49.346106,0.93631,Plein jour,En agglomération,Hors intersection,Pluie légère,Sans collision,4,2,2,0,2,3,2,0,1,80,1,1,0,0,1,0,35.0,,deux_roues,,1,2,1,2,7
202400000471,2024-05-01 21:40:00,2024,5,1,21,40,73,73065,MACONNAIS (RUE DU),45.59019556,5.91822088,Nuit avec éclairage allumé,En agglomération,Intersection en X,Normale,Sans collision,4,2,2,0,1,1,1,0,1,30,1,1,0,0,1,0,21.0,,deux_roues,,5,2,2,1,7
202400000471,2024-05-01 21:40:00,2024,5,1,21,40,73,73065,MACONNAIS (RUE DU),45.59019556,5.91822088,Nuit avec éclairage allumé,En agglomération,Intersection en X,Normale,Sans collision,4,2,2,0,1,1,1,0,1,30,1,1,0,0,1,0,21.0,,deux_roues,,5,2,2,1,7
202400000472,2024-09-18 16:50:00,2024,9,18,16,50,95,95219,D502,48.99733547,2.25417719,Plein jour,En agglomération,Hors intersection,Normale,Autre collision,3,2,2,0,1,1,1,0,1,50,1,2,1,0,0,1,33.0,,voiture,,1,2,1,1,6
202400000473,2024-05-01 16:30:00,2024,5,1,16,30,69,69266,9 Rue Frédéric Fays,45.76410448,4.90437074,Plein jour,En agglomération,Intersection en Y,Normale,Autre collision,4,1,1,2,1,1,1,6,1,30,1,4,3,0,0,1,39.0,,voiture,,1,2,4,1,6
202400000473,2024-05-01 16:30:00,2024,5,1,16,30,69,69266,9 Rue Frédéric Fays,45.76410448,4.90437074,Plein jour,En agglomération,Intersection en Y,Normale,Autre collision,4,2,2,2,1,1,1,0,1,30,1,4,3,0,0,1,39.0,,voiture,,1,2,4,1,6
202400000474,2024-09-17 12:35:00,2024,9,17,12,35,95,95252,RHIN ET DANUBE (BOULEVARD),48.98860041,2.23036587,Plein jour,En agglomération,Intersection en X,Normale,Autre collision,3,2,1,0,1,1,1,0,1,50,1,2,1,0,0,1,22.0,,voiture,,1,2,2,1,6
202400000474,2024-09-17 12:35:00,2024,9,17,12,35,95,95252,RHIN ET DANUBE (BOULEVARD),48.98860041,2.23036587,Plein jour,En agglomération,Intersection en X,Normale,Autre collision,3,2,1,0,1,1,1,0,1,50,1,2,1,0,0,1,22.0,,voiture,,1,2,2,1,6
202400000475,2024-05-01 14:15:00,2024,5,1,14,15,69,69264,Boulevard Antonin Lassalle,45.98112,4.7211,Plein jour,En agglomération,Hors intersection,Normale,Deux véhicules - côté,4,2,2,0,1,1,1,0,1,50,2,5,4,0,0,1,31.0,54.0,voiture,voiture,1,2,1,1,3
202400000476,2024-09-18 03:03:00,2024,9,18,3,3,95,95288,D301,48.9886907,2.3601351,Nuit avec éclairage non allumé,En agglomération,Hors intersection,Normale,Autre collision,3,1,0,0,1,1,1,0,1,70,1,2,1,1,0,0,25.0,,voiture,,4,2,1,1,6
202400000477,2024-05-01 20:10:00,2024,5,1,20,10,62,62262,D166,50.52271555,2.74748079,Plein jour,En agglomération,Hors intersection,Normale,Autre collision,3,2,2,0,1,1,1,2,4,50,1,2,1,0,0,1,20.0,,voiture,,1,2,1,1,6
202400000478,2024-09-18 21:00:00,2024,9,18,21,0,91,91027,RUE ROLAND GARROS,48.721297,2.405713,Nuit avec éclairage allumé,En agglomération,Autre intersection,Normale,Deux véhicules - frontale,4,4,8,0,1,1,1,9,8,50,2,2,1,0,0,1,43.0,46.0,voiture,voiture,5,2,9,1,1
202400000479,2024-09-18 10:45:00,2024,9,18,10,45,84,84007,RASPAIL (BOULEVARD),43.94471,4.79942,Plein jour,En agglomération,Intersection en X,Normale,Autre collision,4,2,2,0,1,1,1,0,1,50,1,2,1,0,0,1,52.0,,voiture,,1,2,2,1,6
202400000479,2024-09-18 10:45:00,2024,9,18,10,45,84,84007,RASPAIL (BOULEVARD),43.94471,4.79942,Plein jour,En agglomération,Intersection en X,Normale,Autre collision,4,2,2,0,1,1,1,0,1,50,1,2,1,0,0,1,52.0,,voiture,,1,2,2,1,6
202400000480,2024-05-01 21:20:00,2024,5,1,21,20,59,59350,Rue Lavoisier (Lille),50.64566,3.00976,Crépuscule ou aube,En agglomération,Hors intersection,Normale,Deux véhicules - frontale,4,2,2,0,1,4,1,0,1,50,2,4,3,0,0,1,33.0,29.0,voiture,voiture,2,2,1,1,1
202400000481,2024-09-16 11:30:00,2024,9,16,11,30,84,84007,SAINT ROCH (BOULEVARD),43.94259,4.80719,Plein jour,En agglomération,Hors intersection,Normale,Autre collision,4,2,2,1,1,1,1,9,5,10,1,2,1,0,0,1,46.0,,deux_roues,,1,2,1,1,6
202400000482,2024-04-28 20:05:00,2024,4,28,20,5,59,59143,OLLIVIER (RUE OMER ),50.66534,2.88459,Plein jour,Hors agglomération,Hors intersection,Normale,Deux véhicules - frontale,4,2,1,0,3,1,1,2,1,50,2,3,2,0,1,0,21.0,21.0,voiture,voiture,1,1,1,1,1
202400000483,2024-09-18 11:50:00,2024,9,18,11,50,82,82033,Chemin de Notre-Dame d’Alem,44.05626,1.09489,Plein jour,En agglomération,Intersection en X,Normale,Deux véhicules - côté,4,2,2,0,1,1,1,0,1,50,2,2,0,0,0,2,75.0,46.0,voiture,utilitaire_camion,1,2,2,1,3
202400000483,2024-09-18 11:50:00,2024,9,18,11,50,82,82033,Chemin de Notre-Dame d’Alem,44.05626,1.09489,Plein jour,En agglomération,Intersection en X,Normale,Deux véhicules - côté,4,2,2,0,1,1,1,0,1,50,2,2,0,0,0,2,75.0,46.0,voiture,utilitaire_camion,1,2,2,1,3
202400000484,2024-05-01 12:30:00,2024,5,1,12,30,54,54395,Rue des Michottes,48.692955,6.178538,Plein jour,En agglomération,Intersection en T,Normale,Autre collision,4,1, -1,2,1,1,1,-1,1,30,1,2,1,0,0,1,29.0,,voiture,,1,2,3,1,6
202400000484,2024-05-01 12:30:00,2024,5,1,12,30,54,54395,Rue des Michottes,48.692955,6.178538,Plein jour,En agglomération,Intersection en T,Normale,Autre collision,4,1,2,2,1,1,1,-1,1,30,1,2,1,0,0,1,29.0,,voiture,,1,2,3,1,6
202400000485,2024-09-18 21:40:00,2024,9,18,21,40,81,81060,SAINT JEAN (AVENUE DE),44.05587614,2.18841302,Nuit sans éclairage public,Hors agglomération,Hors intersection,Normale,Autre collision,3,-1,1,0,1,1,1,0,1,50,1,1,0,0,0,1,70.0,,voiture,,3,1,1,1,6
202400000486,2024-05-01 09:33:00,2024,5,1,9,33,51,51454,ARNOULD (BOULEVARD CHARLES),49.26881,4.01966,Plein jour,En agglomération,Hors intersection,Normale,Sans collision,4,2,2,0,1,1,1,0,4,50,1,1,0,0,0,1,56.0,,voiture,,1,2,1,1,7
202400000487,2024-05-01 16:45:00,2024,5,1,16,45,49,49007,BEDIER BOULEVARD,47.45306,-0.53874,Plein jour,En agglomération,Intersection en X,Pluie forte,Deux véhicules - côté,4,2,5,2,1,1,2,0,1,50,2,2,1,0,1,0,32.0,19.0,deux_roues,voiture,1,2,2,3,3
202400000487,2024-05-01 16:45:00,2024,5,1,16,45,49,49007,BEDIER BOULEVARD,47.45306,-0.53874,Plein jour,En agglomération,Intersection en X,Pluie forte,Deux véhicules - côté,4,2,2,2,1,1,2,0,1,30,2,2,1,0,1,0,32.0,19.0,deux_roues,voiture,1,2,2,3,3
202400000488,2024-09-17 16:50:00,2024,9,17,16,50,72,72181,SANGNIER MARC (RUE),47.968916,0.205959,Plein jour,En agglomération,Intersection en X,Normale,Deux véhicules - côté,4,2, -1,-1,1,1,1,0,1,-1,2,2,1,0,0,1,40.0,39.0,voiture,deux_roues,1,2,2,1,3
202400000488,2024-09-17 16:50:00,2024,9,17,16,50,72,72181,SANGNIER MARC (RUE),47.968916,0.205959,Plein jour,En agglomération,Intersection en X,Normale,Deux véhicules - côté,4,2,0,0,1,1,1,0,1,50,2,2,1,0,0,1,40.0,39.0,voiture,deux_roues,1,2,2,1,3
202400000489,2024-05-01 02:05:00,2024,5,1,2,5,45,45232,D15 PR 2 + 453,47.8461,1.8822,Nuit avec éclairage allumé,En agglomération,Hors intersection,Temps couvert,Autre collision,3,2,2,0,1,1,2,0,1,50,1,2,1,0,1,0,18.0,,voiture,,5,2,1,8,6
202400000490,2024-09-16 16:40:00,2024,9,16,16,40,72,72181,MAC JEAN (AV) N° PAIRS 308 ET plus,47.97649,0.23426,Plein jour,En agglomération,Intersection en X,Normale,Deux véhicules - côté,4,2,2,0,1,1,1,5,1,50,2,3,1,0,0,2,80.0,20.0,voiture,voiture,1,2,2,1,3
202400000490,2024-09-16 16:40:00,2024,9,16,16,40,72,72181,MAC JEAN (AV) N° PAIRS 308 ET plus,47.97649,0.23426,Plein jour,En agglomération,Intersection en X,Normale,Deux véhicules - côté,4,2,2,0,1,1,1,0,1,50,2,3,1,0,0,2,80.0,20.0,voiture,voiture,1,2,2,1,3
202400000491,2024-04-25 18:30:00,2024,4,25,18,30,42,42189,Boulevard Louis Braille,45.414973,4.305296,Plein jour,En agglomération,Hors intersection,Normale,Deux véhicules - arrière,7,2,2,0,1,1,1,0,1,50,2,2,1,0,0,1,29.0,35.0,voiture,voiture,1,2,1,1,2
202400000492,2024-09-18 14:30:00,2024,9,18,14,30,67,67482,MONTAGNE VERTE (RUE DE LA),48.5728,7.72477,Plein jour,En agglomération,Intersection en T,Normale,Deux véhicules - côté,4,1,2,0,1,1,1,0,1,30,2,2,1,0,0,1,42.0,29.0,voiture,deux_roues,1,2,3,1,3
202400000492,2024-09-18 14:30:00,2024,9,18,14,30,67,67482,MONTAGNE VERTE (RUE DE LA),48.5728,7.72477,Plein jour,En agglomération,Intersection en T,Normale,Deux véhicules - côté,4,1,2,1,1,1,1,0,8,30,2,2,1,0,0,1,42.0,29.0,voiture,deux_roues,1,2,3,1,3
202400000493,2024-09-18 11:50:00,2024,9,18,11,50,64,64122,KLEBER (AVENUE),43.47563884,-1.5462774,Plein jour,En agglomération,Giratoire,Normale,Trois véhicules et plus - collisions multiples,4,2,2,0,1,1,1,0,1,30,3,3,2,0,0,1,57.0,20.0,voiture,voiture,1,2,6,1,5
202400000493,2024-09-18 11:50:00,2024,9,18,11,50,64,64122,KLEBER (AVENUE),43.47563884,-1.5462774,Plein jour,En agglomération,Giratoire,Normale,Trois véhicules et plus - collisions multiples,4,3,2,0,1,2,1,0,1,30,3,3,2,0,0,1,57.0,20.0,voiture,voiture,1,2,6,1,5
202400000494,2024-09-17 18:16:00,2024,9,17,18,16,64,64102,PAUL PRAS (AVENUE),43.48435,-1.47662,Plein jour,En agglomération,Hors intersection,Normale,Deux véhicules - arrière,4,2,2,0,1,1,1,0,1,30,2,2,1,0,0,1,16.0,16.0,deux_roues,deux_roues,1,2,1,1,2
202400000495,2024-05-01 17:25:00,2024,5,1,17,25,35,35238,DUPONT DES LOGES,48.10935,-1.67284,Plein jour,En agglomération,Intersection en X,Normale,Deux véhicules - côté,4,1,1,2,1,1,1,0,1,30,2,2,1,0,1,0,40.0,40.0,deux_roues,voiture,1,2,2,1,3
202400000495,2024-05-01 17:25:00,2024,5,1,17,25,35,35238,DUPONT DES LOGES,48.10935,-1.67284,Plein jour,En agglomération,Intersection en X,Normale,Deux véhicules - côté,4,1,1,2,1,1,1,0,1,30,2,2,1,0,1,0,40.0,40.0,deux_roues,voiture,1,2,2,1,3
202400000496,2024-09-17 07:35:00,2024,9,17,7,35,64,64024,PINANE (RUE DE),43.492,-1.51925,Plein jour,En agglomération,Hors intersection,Normale,Autre collision,4,2,2,0,1,1,1,0,1,50,1,1,0,0,0,1,56.0,,voiture,,1,2,1,1,6
202400000497,2024-04-26 11:45:00,2024,4,26,11,45,34,34301,VERDUN (BOULEVARD DE),43.41273,3.68484,Plein jour,En agglomération,Hors intersection,Normale,Deux véhicules - côté,4,2,2,0,1,3,1,0,1,50,2,2,0,0,0,2,26.0,48.0,deux_roues,deux_roues,1,2,1,1,3