accident_id,datetime,annee,mois,jour,heure,minute,departement,commune_insee,adresse,latitude,longitude,luminosite,agglomeration,intersection,meteo,collision,catr,circ,nbv,vosp,prof,plan,surf,infra,situ,vma,nb_vehicules,nb_usagers,nb_indemnes,nb_tues,nb_blesses_hosp,nb_blesses_legers,age_cond_1,age_cond_2,veh_type_cond_1,veh_type_cond_2,lum_code,agg_code,int_code,atm_code,col_code
202400000567,2024-05-02 10:15:00,2024,5,2,10,15,80,80116,D934,49.7521,2.659796,Plein jour,Hors agglomération,Intersection en Y,Normale,Deux véhicules - côté,3,1, -1,-1,1,2,1,0,1,-1,2,2,0,1,1,0,66.0,67.0,voiture,voiture,1,1,4,1,3
202400000568,2024-10-24 18:01:00,2024,10,24,18,1,63,63160,D9,45.57554,3.315103,Plein jour,Hors agglomération,Hors intersection,Normale,Sans collision,3,2,2,0,1,1,1,0,3,90,1,1,0,0,1,0,24.0,,voiture,,1,1,1,1,7
202400000569,2024-09-17 22:40:00,2024,9,17,22,40,75,75118,AVENUE DE LA PORTE DE LA CHAPELLE,48.89936,2.35873,Nuit avec éclairage allumé,En agglomération,Hors intersection,Normale,Deux véhicules - arrière,4,1,1,0,2,1,1,5,1,30,2,2,1,0,0,1,63.0,36.0,voiture,voiture,5,2,1,1,2
202400000570,2024-04-30 23:40:00,2024,4,30,23,40,49,49223,Rue Arsène Monnier,47.401715,-0.525257,Nuit avec éclairage allumé,En agglomération,Intersection en X,Normale,Deux véhicules - côté,4,1,1,0,1,1,1,0,1,30,2,2,1,0,0,1,53.0,26.0,deux_roues,voiture,5,2,2,1,3
202400000570,2024-04-30 23:40:00,2024,4,30,23,40,49,49223,Rue Arsène Monnier,47.401715,-0.525257,Nuit avec éclairage allumé,En agglomération,Intersection en X,Normale,Deux véhicules - côté,4,1,2,0,1,1,1,0,1,50,2,2,1,0,0,1,53.0,26.0,deux_roues,voiture,5,2,2,1,3
202400000571,2024-10-25 15:40:00,2024,10,25,15,40,76,76711,Quai Francois 1er,50.061828,1.370904,Plein jour,En agglomération,Hors intersection,Normale,Sans collision,4,2,2,1,1,1,1,0,1,30,1,2,0,0,0,2,53.0,,deux_roues,,1,2,1,1,7
202400000572,2024-09-18 19:10:00,2024,9,18,19,10,75,75116,ALLEE DU BORD DE L EAU,48.874175,2.244882,Plein jour,En agglomération,Intersection en Y,Normale,Deux véhicules - arrière,4,2,2,0,1,1,1,0,1,50,2,2,1,0,0,1,34.0,26.0,deux_roues,deux_roues,1,2,4,1,2
202400000572,2024-09-18 19:10:00,2024,9,18,19,10,75,75116,ALLEE DU BORD DE L EAU,48.874175,2.244882,Plein jour,En agglomération,Intersection en Y,Normale,Deux véhicules - arrière,4,2,2,0,1,3,1,0,1,50,2,2,1,0,0,1,34.0,26.0,deux_roues,deux_roues,1,2,4,1,2
202400000573,2024-05-02 13:45:00,2024,5,2,13,45,22,22207,Keraveou,48.606791,-3.497155,Plein jour,Hors agglomération,Hors intersection,Normale,Sans collision,3,2,2,0,2,1,1,0,3,80,1,1,0,0,1,0,39.0,,deux_roues,,1,1,1,1,7
202400000574,2024-10-24 17:15:00,2024,10,24,17,15,61,61414,68bis Rue du Faubourg Saint-eloi,48.523877,0.538254,Plein jour,En agglomération,Hors intersection,Normale,Deux véhicules - arrière,3,2,2,0,1,1,1,0,1,50,2,2,1,0,0,1,16.0,28.0,deux_roues,voiture,1,2,1,1,2
202400000575,2024-08-10 22:50:00,2024,8,10,22,50,89,89024,DENFERT ROCHEREAU (AVENUE),47.80179,3.56356,Nuit avec éclairage allumé,En agglomération,Intersection en X,Normale,Deux véhicules - côté,4,2,2,0,1,1,1,0,1,50,2,2,1,0,1,0,33.0,30.0,deux_roues,voiture,5,2,2,1,3
202400000575,2024-08-10 22:50:00,2024,8,10,22,50,89,89024,DENFERT ROCHEREAU (AVENUE),47.80179,3.56356,Nuit avec éclairage allumé,En agglomération,Intersection en X,Normale,Deux véhicules - côté,4,2,2,0,2,1,1,0,1,50,2,2,1,0,1,0,33.0,30.0,deux_roues,voiture,5,2,2,1,3
202400000576,2024-10-24 07:58:00,2024,10,24,7,58,61,61283,D958,48.807026,-0.108479,Plein jour,Hors agglomération,Hors intersection,Normale,Autre collision,3,2,2,0,2,1,2,0,3,90,1,1,0,0,0,1,23.0,,voiture,,1,1,1,1,6
202400000577,2024-04-29 13:00:00,2024,4,29,13,0,22,22183,N164,48.169277,-2.628951,Plein jour,Hors agglomération,Hors intersection,Normale,Deux véhicules - arrière,2,3,2,0,2,1,1,0,1,110,2,2,1,0,1,0,49.0,42.0,deux_roues,voiture,1,1,1,1,2
202400000578,2024-09-18 12:00:00,2024,9,18,12,0,75,75116,ROUTE DES LACS A PASSY,48.858442,2.260764,Plein jour,En agglomération,Intersection en Y,Normale,Deux véhicules - frontale,4,1,1,1,1,1,1,0,1,50,2,2,1,0,0,1,31.0,76.0,utilitaire_camion,deux_roues,1,2,4,1,1
202400000578,2024-09-18 12:00:00,2024,9,18,12,0,75,75116,ROUTE DES LACS A PASSY,48.858442,2.260764,Plein jour,En agglomération,Intersection en Y,Normale,Deux véhicules - frontale,4,1,1,1,1,1,1,0,1,50,2,2,1,0,0,1,31.0,76.0,utilitaire_camion,deux_roues,1,2,4,1,1
202400000579,2024-08-07 11:00:00,2024,8,7,11,0,86,86194,Avenue Rhin et Danube,46.56827,0.34377,Plein jour,En agglomération,Intersection en X,Normale,Deux véhicules - côté,4,2,2,0,1,1,1,0,1,30,2,2,1,1,0,0,79.0,69.0,deux_roues,voiture,1,2,2,1,3
202400000579,2024-08-07 11:00:00,2024,8,7,11,0,86,86194,Avenue Rhin et Danube,46.56827,0.34377,Plein jour,En agglomération,Intersection en X,Normale,Deux véhicules - côté,4,2,2,0,1,1,1,0,1,30,2,2,1,1,0,0,79.0,69.0,deux_roues,voiture,1,2,2,1,3
202400000580,2024-05-02 07:30:00,2024,5,2,7,30,29,29185,Lieu Dit Goas Vian,48.66971639,-4.20180564,Nuit sans éclairage public,Hors agglomération,Hors intersection,Normale,Autre collision,3,2,2,0,1,1,1,0,8,80,1,1,0,1,0,0,47.0,,deux_roues,,3,1,1,1,6
202400000581,2024-10-25 16:10:00,2024,10,25,16,10,55,55502,24 Avenue Gambetta,49.492741,5.195739,Plein jour,En agglomération,Hors intersection,Normale,Deux véhicules - frontale,3,2,2,0,1,1,1,0,1,50,2,2,0,0,0,2,55.0,23.0,utilitaire_camion,voiture,1,2,1,1,1
202400000582,2024-09-18 10:30:00,2024,9,18,10,30,75,75116,AVENUE MOZART,48.855579,2.270292,Plein jour,En agglomération,Intersection en X,Normale,Deux véhicules - côté,4,1,2,3,2,1,1,0,1,50,2,3,2,0,0,1,56.0,26.0,deux_roues,voiture,1,2,2,1,3
202400000582,2024-09-18 10:30:00,2024,9,18,10,30,75,75116,AVENUE MOZART,48.855579,2.270292,Plein jour,En agglomération,Intersection en X,Normale,Deux véhicules - côté,4,2, -1,-1,1,1,1,0,1,50,2,3,2,0,0,1,56.0,26.0,deux_roues,voiture,1,2,2,1,3
202400000583,2024-08-13 23:53:00,2024,8,13,23,53,85,85191,Rue roger salengro,46.666156,-1.445115,Nuit avec éclairage allumé,En agglomération,Giratoire,Normale,Autre collision,4,2,1,-1,1,2,1,0,1,50,1,1,0,1,0,0,21.0,,deux_roues,,5,2,6,1,6
202400000584,2024-05-02 18:35:00,2024,5,2,18,35,31,31033,RUE FERDINAND BUISSON,43.350749,1.473938,Crépuscule ou aube,En agglomération,Giratoire,Normale,Autre collision,3,1,1,3,1,1,1,0,1,50,1,2,1,0,0,1,62.0,,voiture,,2,2,6,1,6
202400000585,2024-10-25 15:30:00,2024,10,25,15,30,12,12044,D51,43.807705,2.865356,Plein jour,Hors agglomération,Hors intersection,Normale,Deux véhicules - frontale,3,2,2,0,2,1,1,0,1,90,2,2,1,0,1,0,61.0,60.0,voiture,deux_roues,1,1,1,1,1
202400000586,2024-09-18 08:16:00,2024,9,18,8,16,75,75115,AVENUE EMILE ZOLA,48.846554,2.286138,Plein jour,En agglomération,Intersection en X,Normale,Autre collision,4,2,2,0,1,1,1,0,1,30,1,1,0,0,0,1,36.0,,deux_roues,,1,2,2,1,6
202400000586,2024-09-18 08:16:00,2024,9,18,8,16,75,75115,AVENUE EMILE ZOLA,48.846554,2.286138,Plein jour,En agglomération,Intersection en X,Normale,Autre collision,4,2, -1,-1,1,1,1,0,1,30,1,1,0,0,0,1,36.0,,deux_roues,,1,2,2,1,6
202400000587,2024-05-01 09:56:00,2024,5,1,9,56,54,54447,RD 992,48.54385875,6.74208641,Plein jour,Hors agglomération,Hors intersection,Normale,Autre collision,3,2,2,0,1,1,1,0,1,80,1,1,0,1,0,0,59.0,,deux_roues,,1,1,1,1,6
202400000588,2024-10-24 13:50:00,2024,10,24,13,50,42,42059,D12.2,45.643426,4.368063,Plein jour,Hors agglomération,Hors intersection,Normale,Trois véhicules et plus - collisions multiples,3,2,2,0,2,1,1,0,1,80,3,7,1,1,1,4,18.0,24.0,voiture,voiture,1,1,1,1,5
202400000589,2024-10-24 20:15:00,2024,10,24,20,15,46,46234,D25,44.640975,1.315323,Nuit sans éclairage public,Hors agglomération,Hors intersection,Normale,Sans collision,3,2,2,0,1,1,1,0,1,80,1,1,0,1,0,0,61.0,,deux_roues,,3,1,1,1,7
202400000590,2024-08-13 21:05:00,2024,8,13,21,5,84,84007,CHEMIN DE LA TRAILLE,43.9574,4.80304,Crépuscule ou aube,Hors agglomération,Intersection en T,Normale,Deux véhicules - frontale,3,2,2,2,1,1,1,0,1,50,2,2,1,0,0,1,34.0,62.0,voiture,deux_roues,2,1,3,1,1
202400000590,2024-08-13 21:05:00,2024,8,13,21,5,84,84007,CHEMIN DE LA TRAILLE,43.9574,4.80304,Crépuscule ou aube,Hors agglomération,Intersection en T,Normale,Deux véhicules - frontale,3,2,2,2,1,1,1,0,1,80,2,2,1,0,0,1,34.0,62.0,voiture,deux_roues,2,1,3,1,1
202400000591,2024-09-17 16:15:00,2024,9,17,16,15,75,75114,AVENUE DU MAINE,48.835021,2.324008,Plein jour,En agglomération,Intersection en T,Normale,Autre collision,4,2,3,0,1,1,1,0,1,50,1,3,0,0,0,3,26.0,,voiture,,1,2,3,1,6
202400000591,2024-09-17 16:15:00,2024,9,17,16,15,75,75114,AVENUE DU MAINE,48.835021,2.324008,Plein jour,En agglomération,Intersection en T,Normale,Autre collision,4,1, -1,-1,1,1,1,0,1,50,1,3,0,0,0,3,26.0,,voiture,,1,2,3,1,6
202400000592,2024-08-13 10:00:00,2024,8,13,10,0,83,83062,GUES (BD LT DE VAISSEAI),43.11545487,5.98111398,Plein jour,En agglomération,Autre intersection,Autre,Autre collision,4,2,2,1,1,1,1,9,5,30,1,3,2,0,1,0,33.0,,voiture,,1,2,9,9,6
202400000593,2024-10-24 15:30:00,2024,10,24,15,30,46,46231,9 Rue du Docteur Rouma,44.502088,1.137562,Plein jour,En agglomération,Intersection en Y,Normale,Autre collision,3,2,2,0,1,1,1,0,1,50,1,2,1,0,0,1,70.0,,voiture,,1,2,4,1,6
202400000593,2024-10-24 15:30:00,2024,10,24,15,30,46,46231,9 Rue du Docteur Rouma,44.502088,1.137562,Plein jour,En agglomération,Intersection en Y,Normale,Autre collision,3,2, -1,-1,1,1,1,0,1,-1,1,2,1,0,0,1,70.0,,voiture,,1,2,4,1,6
202400000594,2024-08-13 18:20:00,2024,8,13,18,20,82,82033,Rue Baptiste Marcet,44.0511,1.09813,Plein jour,En agglomération,Hors intersection,Normale,Autre collision,4,2,2,0,1,1,1,0,1,50,2,2,1,0,0,1,29.0,50.0,voiture,deux_roues,1,2,1,1,6
202400000595,2024-10-25 12:35:00,2024,10,25,12,35,25,25228,D61,47.51611,6.866611,Plein jour,Hors agglomération,Hors intersection,Normale,Deux véhicules - frontale,3,2,2,0,1,1,1,2,1,50,2,2,1,1,0,0,45.0,46.0,voiture,utilitaire_camion,1,1,1,1,1
202400000596,2024-08-13 18:10:00,2024,8,13,18,10,82,82033,Rue de l’Usine,44.04958,1.10826,Plein jour,En agglomération,Hors intersection,Normale,Deux véhicules - arrière,4,2,2,0,2,3,1,2,1,50,2,2,1,0,0,1,46.0,52.0,voiture,voiture,1,2,1,1,2
202400000597,2024-05-01 07:10:00,2024,5,1,7,10,45,45193,D13 PR 7 + 383,47.794025,2.084248,Plein jour,Hors agglomération,Hors intersection,Pluie légère,Deux véhicules - frontale,3,2,2,0,1,1,2,0,1,80,2,4,0,0,1,3,31.0,33.0,voiture,voiture,1,1,1,2,1
202400000598,2024-10-22 19:50:00,2024,10,22,19,50,44,44067,Le Bout des Ponts,47.625285,-1.831069,Crépuscule ou aube,Hors agglomération,Intersection en T,Normale,Deux véhicules - côté,3,2,2,0,1,1,1,5,1,80,2,3,1,0,1,1,71.0,23.0,voiture,voiture,2,1,3,1,3
202400000598,2024-10-22 19:50:00,2024,10,22,19,50,44,44067,Le Bout des Ponts,47.625285,-1.831069,Crépuscule ou aube,Hors agglomération,Intersection en T,Normale,Deux véhicules - côté,3,2,2,0,1,1,1,5,1,80,2,3,1,0,1,1,71.0,23.0,voiture,voiture,2,1,3,1,3
202400000599,2024-08-13 12:25:00,2024,8,13,12,25,78,78621,NATIONALE 10 (ROUTE),48.778351,2.004744,Plein jour,En agglomération,Hors intersection,Normale,Deux véhicules - arrière,2,-1,0,0,1,1,1,0,1,70,2,2,1,0,0,1,25.0,46.0,voiture,deux_roues,1,2,1,1,2
202400000600,2024-05-01 16:54:00,2024,5,1,16,54,73,73241,D925,45.60459415,6.30907148,Plein jour,Hors agglomération,Hors intersection,Normale,Sans collision,3,2,2,0,1,2,1,0,3,80,1,3,2,0,0,1,25.0,,voiture,,1,1,1,1,7
202400000601,2024-04-28 17:00:00,2024,4,28,17,0,43,43203,Route d'Yssingeaux,45.16245338,4.04161,Plein jour,Hors agglomération,Hors intersection,Pluie légère,Sans collision,3,2,2,0,1,3,2,0,8,80,1,1,0,0,1,0,36.0,,utilitaire_camion,,1,1,1,2,7
202400000602,2024-08-13 23:30:00,2024,8,13,23,30,78,78172,SEINE ET OISE (RUE DE),49.002786,2.080781,Nuit avec éclairage allumé,Hors agglomération,Intersection en Y,Normale,Deux véhicules - arrière,3,2, -1,-1,1,1,1,0,1,-1,2,3,1,0,0,2,24.0,20.0,deux_roues,voiture,5,1,4,1,2
202400000602,2024-08-13 23:30:00,2024,8,13,23,30,78,78172,SEINE ET OISE (RUE DE),49.002786,2.080781,Nuit avec éclairage allumé,Hors agglomération,Intersection en Y,Normale,Deux véhicules - arrière,3,2,2,0,1,1,1,3,8,70,2,3,1,0,0,2,24.0,20.0,deux_roues,voiture,5,1,4,1,2
202400000603,2024-05-02 17:40:00,2024,5,2,17,40,21,21640,D954,47.503142,4.263707,Plein jour,Hors agglomération,Hors intersection,Pluie légère,Deux véhicules - frontale,3,2,2,0,2,3,8,0,1,90,2,4,0,0,2,2,47.0,51.0,voiture,voiture,1,1,1,2,1
202400000604,2024-08-13 08:00:00,2024,8,13,8,0,77,77373,RUE DES TILLEULS,48.80341,2.62178,Plein jour,En agglomération,Hors intersection,Normale,Deux véhicules - frontale,4,2,2,0,1,1,1,0,1,50,2,2,1,0,0,1,30.0,65.0,deux_roues,voiture,1,2,1,1,1
202400000605,2024-08-12 22:15:00,2024,8,12,22,15,77,77131,D402 (DEVIATION),48.83048,3.08734,Nuit sans éclairage public,Hors agglomération,Hors intersection,Normale,Sans collision,3,2,2,0,1,1,1,9,3,80,1,1,0,0,1,0,22.0,,deux_roues,,3,1,1,1,7
202400000606,2024-05-01 18:45:00,2024,5,1,18,45,21,21562,D27J,47.556126,5.377915,Plein jour,Hors agglomération,Hors intersection,Normale,Deux véhicules - frontale,3,2,2,0,2,1,1,0,1,80,2,4,0,0,2,2,43.0,42.0,voiture,voiture,1,1,1,1,1
202400000607,2024-05-02 20:30:00,2024,5,2,20,30,21,21534,D20a,47.030428,4.906726,Crépuscule ou aube,Hors agglomération,Hors intersection,Normale,Sans collision,3,2,2,0,1,1,1,0,3,80,1,2,0,0,0,2,47.0,,voiture,,2,1,1,1,7
202400000608,2024-08-12 12:50:00,2024,8,12,12,50,76,76351,WINSTON CHURCHILL,49.49421,0.13845,Plein jour,En agglomération,Intersection en X,Normale,Deux véhicules - côté,4,2,2,0,2,1,1,0,1,50,2,2,0,0,0,2,55.0,30.0,voiture,voiture,1,2,2,1,3
202400000608,2024-08-12 12:50:00,2024,8,12,12,50,76,76351,WINSTON CHURCHILL,49.49421,0.13845,Plein jour,En agglomération,Intersection en X,Normale,Deux véhicules - côté,4,3,6,1,1,1,1,0,1,50,2,2,0,0,0,2,55.0,30.0,voiture,voiture,1,2,2,1,3
202400000609,2024-05-01 02:00:00,2024,5,1,2,0,40,40175,D398,43.821744,-0.363831,Nuit sans éclairage public,Hors agglomération,Hors intersection,Normale,Autre collision,3,2,2,0,1,3,1,0,3,80,1,1,0,0,1,0,28.0,,voiture,,3,1,1,1,6
202400000610,2024-05-01 19:50:00,2024,5,1,19,50,27,27685,D830,48.921153,0.783484,Plein jour,Hors agglomération,Hors intersection,Normale,Autre collision,3,3,2,0,1,1,2,0,3,-1,1,1,0,1,0,0,68.0,,voiture,,1,1,1,1,6
202400000611,2024-08-13 13:15:00,2024,8,13,13,15,69,69290,Avenue Pierre Cot,45.70814,4.89922,Plein jour,En agglomération,Hors intersection,Normale,Trois véhicules et plus - en chaîne,4,2,2,1,1,1,1,0,1,50,3,3,1,0,0,2,60.0,23.0,voiture,voiture,1,2,1,1,4
202400000612,2024-05-02 17:30:00,2024,5,2,17,30,37,37045,La Cormeliere,47.024811,0.627809,Plein jour,Hors agglomération,Hors intersection,Normale,Autre collision,3,2,1,0,1,1,1,0,3,80,1,1,0,1,0,0,71.0,,voiture,,1,1,1,1,6
202400000613,2024-08-13 22:15:00,2024,8,13,22,15,67,67482,BRUMATH (ROUTE DE),48.59689,7.74148,Nuit avec éclairage allumé,En agglomération,Hors intersection,Normale,Deux véhicules - frontale,7,3,3,1,1,1,1,0,1,50,2,2,1,0,0,1,15.0,38.0,deux_roues,voiture,5,2,1,1,1
202400000614,2024-08-12 17:55:00,2024,8,12,17,55,67,67462,LOHMUHLE (ALLEE DE LA),48.26430067,7.44174868,Plein jour,En agglomération,Giratoire,Normale,Autre collision,4,2,2,0,1,1,1,0,1,40,1,2,1,1,0,0,43.0,,voiture,,1,2,6,1,6
202400000614,2024-08-12 17:55:00,2024,8,12,17,55,67,67462,LOHMUHLE (ALLEE DE LA),48.26430067,7.44174868,Plein jour,En agglomération,Giratoire,Normale,Autre collision,4,2,2,0,1,1,1,0,1,40,1,2,1,1,0,0,43.0,,voiture,,1,2,6,1,6
202400000615,2024-02-26 10:30:00,2024,2,26,10,30,60,60030,A16,49.35432226,2.10784721,Plein jour,Hors agglomération,Hors intersection,Normale,Autre collision,1,3,2,0,1,1,1,0,1,130,1,1,0,0,1,0,32.0,,voiture,,1,1,1,1,6
202400000616,2024-08-13 12:40:00,2024,8,13,12,40,64,64445,JEAN MERMOZ,43.31521713,-0.37786558,Plein jour,En agglomération,Hors intersection,Pluie légère,Deux véhicules - arrière,4,2,2,0,1,1,2,0,1,50,2,2,1,0,0,1,23.0,22.0,utilitaire_camion,deux_roues,1,2,1,2,2
202400000617,2024-05-01 07:50:00,2024,5,1,7,50,987,98715,"Avenue Aratia Nelson Mandela,",-17.546202,-149.582007,Plein jour,En agglomération,Hors intersection,Normale,Deux véhicules - côté,2,1,2,0,1,1,1,3,1,50,2,4,3,0,1,0,51.0,31.0,deux_roues,utilitaire_camion,1,2,1,1,3
202400000618,2024-08-12 15:45:00,2024,8,12,15,45,64,64445,ALSACE LORRAINE D',43.3035,-0.36455,Plein jour,En agglomération,Hors intersection,Normale,Deux véhicules - côté,4,2,2,0,1,1,1,0,1,50,2,2,1,0,0,1,35.0,38.0,voiture,deux_roues,1,2,1,1,3
202400000619,2024-05-02 04:59:00,2024,5,2,4,59,67,67117,A4 PK 436.100,48.76430281,7.34295248,Crépuscule ou aube,Hors agglomération,Hors intersection,Normale,Sans collision,1,3,2,0,4,2,1,0,2,90,1,1,0,0,0,1,40.0,,utilitaire_camion,,2,1,1,1,7
202400000620,2024-05-02 14:00:00,2024,5,2,14,0,90,90034,A 36 PK 030.600,47.64624,6.910824,Plein jour,Hors agglomération,Hors intersection,Pluie forte,Deux véhicules - arrière,1,3,2,0,1,1,2,3,1,110,2,2,1,0,0,1,38.0,78.0,voiture,voiture,1,1,1,3,2
202400000621,2024-08-13 12:00:00,2024,8,13,12,0,59,59512,ALGER  (RUE D'),50.707689,3.186766,Plein jour,En agglomération,Intersection en X,Temps couvert,Deux véhicules - côté,4,3,4,1,1,1,2,0,1,50,2,3,1,0,0,2,28.0,20.0,autre,autre,1,2,2,8,3
202400000621,2024-08-13 12:00:00,2024,8,13,12,0,59,59512,ALGER  (RUE D'),50.707689,3.186766,Plein jour,En agglomération,Intersection en X,Temps couvert,Deux véhicules - côté,4,4,1,0,1,1,1,5,1,30,2,3,1,0,0,2,28.0,20.0,autre,autre,1,2,2,8,3
202400000622,2024-08-12 14:30:00,2024,8,12,14,30,59,59569,BARBUSSE (RUE HENRI),50.394437,3.140235,Plein jour,En agglomération,Intersection en T,Normale,Deux véhicules - côté,3,2,2,0,1,3,1,0,1,50,2,2,1,0,1,0,37.0,50.0,deux_roues,utilitaire_camion,1,2,3,1,3
202400000622,2024-08-12 14:30:00,2024,8,12,14,30,59,59569,BARBUSSE (RUE HENRI),50.394437,3.140235,Plein jour,En agglomération,Intersection en T,Normale,Deux véhicules - côté,3,2,2,0,1,1,1,0,1,50,2,2,1,0,1,0,37.0,50.0,deux_roues,utilitaire_camion,1,2,3,1,3
202400000623,2024-05-01 22:15:00,2024,5,1,22,15,976,97617,CCd1 - combani,-12.796401,45.130763,Nuit sans éclairage public,Hors agglomération,Hors intersection,Normale,Trois véhicules et plus - collisions multiples,3,2,2,0,1,1,1,0,1,70,4,8,0,1,4,3,34.0,28.0,voiture,voiture,3,1,1,1,5
202400000624,2024-05-02 05:40:00,2024,5,2,5,40,77,77065,"Intersection Autoroute A6, échangeur de Cély, circulant vers la province et D372",48.456758,2.519951,Nuit sans éclairage public,Hors agglomération,Intersection en X,Autre,Autre collision,1,1,3,0,2,3,1,2,1,50,1,1,0,0,1,0,23.0,,voiture,,3,1,2,9,6
202400000624,2024-05-02 05:40:00,2024,5,2,5,40,77,77065,"Intersection Autoroute A6, échangeur de Cély, circulant vers la province et D372",48.456758,2.519951,Nuit sans éclairage public,Hors agglomération,Intersection en X,Autre,Autre collision,1,2,2,0,1,1,1,2,3,90,1,1,0,0,1,0,23.0,,voiture,,3,1,2,9,6
202400000625,2024-08-10 08:40:00,2024,8,10,8,40,59,59334,RD 643,50.39117,3.04705,Plein jour,Hors agglomération,Hors intersection,Normale,Deux véhicules - côté,3,3,4,0,1,1,1,0,1,90,2,4,0,0,2,2,40.0,22.0,voiture,voiture,1,1,1,1,3
202400000626,2024-04-30 19:15:00,2024,4,30,19,15,973,97305,Route Nationale 1,4.941946,-52.413529,Nuit sans éclairage public,Hors agglomération,Autre intersection,Normale,Autre collision,2,2,2,0,1,1,1,0,1,80,1,2,1,0,1,0,50.0,,voiture,,3,1,9,1,6
202400000627,2024-08-13 07:50:00,2024,8,13,7,50,54,54395,Rue Gambetta,48.69205,6.17993,Plein jour,En agglomération,Intersection en X,Normale,Deux véhicules - frontale,4,1,2,0,1,1,1,0,1,30,2,2,1,0,1,0,17.0,27.0,deux_roues,utilitaire_camion,1,2,2,1,1
202400000627,2024-08-13 07:50:00,2024,8,13,7,50,54,54395,Rue Gambetta,48.69205,6.17993,Plein jour,En agglomération,Intersection en X,Normale,Deux véhicules - frontale,4,1,1,2,1,1,1,-1,1,30,2,2,1,0,1,0,17.0,27.0,deux_roues,utilitaire_camion,1,2,2,1,1
202400000628,2024-05-01 02:08:00,2024,5,1,2,8,971,97117,Route de Devarieux,16.298196,-61.344556,Nuit sans éclairage public,Hors agglomération,Hors intersection,Normale,Autre collision,4,2,2,0,1,1,1,0,3,90,1,1,0,0,1,0,27.0,,utilitaire_camion,,3,1,1,1,6
202400000629,2024-05-01 17:50:00,2024,5,1,17,50,2B,2B134,Place Pascal Paoli,42.63478,8.939062,Plein jour,En agglomération,Hors intersection,Normale,Autre collision,4,1,1,0,1,1,1,0,3,50,1,2,1,0,1,0,55.0,,utilitaire_camion,,1,2,1,1,6
202400000630,2024-08-10 13:35:00,2024,8,10,13,35,50,50129,GAULLE (RUE DU GENERAL DE),49.658843,-1.6777,Plein jour,En agglomération,Hors intersection,Normale,Sans collision,4,2,2,0,1,1,1,0,3,50,1,4,3,0,0,1,27.0,,voiture,,1,2,1,1,7
202400000631,2024-04-30 08:18:00,2024,4,30,8,18,83,83138,Route de Bagnols En Foret,43.588205,6.730472,Plein jour,Hors agglomération,Hors intersection,Normale,Deux véhicules - frontale,3,2,2,0,2,1,1,0,1,80,2,2,1,0,1,0,27.0,18.0,voiture,deux_roues,1,1,1,1,1
202400000632,2024-08-13 19:12:00,2024,8,13,19,12,49,49007,LEKEU,47.47155,-0.52156,Plein jour,En agglomération,Hors intersection,Normale,Trois véhicules et plus - collisions multiples,4,2,2,2,1,1,1,0,1,50,3,4,2,0,0,2,21.0,39.0,voiture,utilitaire_camion,1,2,1,1,5
202400000633,2024-03-20 07:40:00,2024,3,20,7,40,89,89257,Avenue Edouard Branly,47.964843,3.522778,Plein jour,En agglomération,Intersection en T,Normale,Deux véhicules - arrière,3,2,1,0,1,3,1,0,1,50,2,2,1,0,1,0,54.0,41.0,deux_roues,voiture,1,2,3,1,2
202400000633,2024-03-20 07:40:00,2024,3,20,7,40,89,89257,Avenue Edouard Branly,47.964843,3.522778,Plein jour,En agglomération,Intersection en T,Normale,Deux véhicules - arrière,3,2, -1,-1,1,1,1,5,1,-1,2,2,1,0,1,0,54.0,41.0,deux_roues,voiture,1,2,3,1,2
202400000634,2024-08-13 16:51:00,2024,8,13,16,51,49,49007,RD 323,47.4686,-0.587,Plein jour,Hors agglomération,Hors intersection,Normale,Trois véhicules et plus - en chaîne,3,3,2,0,1,1,1,0,1,90,4,6,3,0,0,3,22.0,45.0,voiture,voiture,1,1,1,1,4
202400000635,2024-05-02 16:20:00,2024,5,2,16,20,71,71588,N79,46.465305,4.086705,Plein jour,Hors agglomération,Hors intersection,Pluie forte,Deux véhicules - arrière,2,3,2,0,2,1,2,0,1,110,2,4,2,0,0,2,21.0,80.0,voiture,voiture,1,1,1,3,2
202400000636,2024-05-01 06:00:00,2024,5,1,6,0,71,71176,Route des Sables,46.49265594,4.04164271,Crépuscule ou aube,Hors agglomération,Hors intersection,Normale,Autre collision,3,2,2,0,1,1,2,0,1,80,1,1,0,0,1,0,20.0,,voiture,,2,1,1,1,6
202400000637,2024-08-13 16:20:00,2024,8,13,16,20,45,45302,D602 PR 0 + 400,47.936931,1.889001,Plein jour,En agglomération,Hors intersection,Normale,Deux véhicules - frontale,7,2,2,0,1,1,1,0,1,50,2,2,1,0,0,1,62.0,78.0,voiture,voiture,1,2,1,1,1
202400000638,2024-04-29 19:15:00,2024,4,29,19,15,01,01397,route de la douane,46.312501,6.118848,Plein jour,En agglomération,Intersection en T,Normale,Deux véhicules - côté,3,2,2,0,2,1,1,5,1,50,2,2,1,0,1,0,32.0,28.0,deux_roues,voiture,1,2,3,1,3
202400000638,2024-04-29 19:15:00,2024,4,29,19,15,01,01397,route de la douane,46.312501,6.118848,Plein jour,En agglomération,Intersection en T,Normale,Deux véhicules - côté,3,2,2,0,1,1,1,5,1,50,2,2,1,0,1,0,32.0,28.0,deux_roues,voiture,1,2,3,1,3