accident_id,datetime,annee,mois,jour,heure,minute,departement,commune_insee,adresse,latitude,longitude,luminosite,agglomeration,intersection,meteo,collision,catr,circ,nbv,vosp,prof,plan,surf,infra,situ,vma,nb_vehicules,nb_usagers,nb_indemnes,nb_tues,nb_blesses_hosp,nb_blesses_legers,age_cond_1,age_cond_2,veh_type_cond_1,veh_type_cond_2,lum_code,agg_code,int_code,atm_code,col_code
202400000639,2024-08-13 08:25:00,2024,8,13,8,25,45,45234,90 Rue de Coulmiers,47.91191,1.89709,Plein jour,En agglomération,Intersection en X,Pluie légère,Deux véhicules - côté,4,2,2,2,1,1,2,0,1,50,2,3,2,0,0,1,47.0,40.0,utilitaire_camion,deux_roues,1,2,2,2,3
202400000639,2024-08-13 08:25:00,2024,8,13,8,25,45,45234,90 Rue de Coulmiers,47.91191,1.89709,Plein jour,En agglomération,Intersection en X,Pluie légère,Deux véhicules - côté,4,1,1,2,1,1,2,0,1,30,2,3,2,0,0,1,47.0,40.0,utilitaire_camion,deux_roues,1,2,2,2,3
202400000640,2024-05-01 19:00:00,2024,5,1,19,0,69,69191,Route de Lyon,45.80194883,4.82016217,Plein jour,En agglomération,Intersection en T,Pluie légère,Deux véhicules - côté,7,2,2,0,2,1,2,0,1,50,2,2,1,0,1,0,55.0,32.0,voiture,deux_roues,1,2,3,2,3
202400000640,2024-05-01 19:00:00,2024,5,1,19,0,69,69191,Route de Lyon,45.80194883,4.82016217,Plein jour,En agglomération,Intersection en T,Pluie légère,Deux véhicules - côté,7,2,2,0,1,2,2,0,1,30,2,2,1,0,1,0,55.0,32.0,voiture,deux_roues,1,2,3,2,3
202400000641,2024-08-12 19:10:00,2024,8,12,19,10,45,45234,68 Boulevard Alexandre Martin,47.90624,1.90757,Plein jour,En agglomération,Hors intersection,Normale,Autre collision,4,1,4,3,1,1,1,0,1,50,1,3,2,0,1,0,44.0,,voiture,,1,2,1,1,6
202400000642,2024-04-30 11:00:00,2024,4,30,11,0,86,86274,2 Route de Montreuil,47.068413,0.004333,Plein jour,En agglomération,Hors intersection,Normale,Autre collision,3,2,2,0,1,1,1,0,4,50,1,1,0,0,0,1,50.0,,utilitaire_camion,,1,2,1,1,6
202400000643,2024-08-13 19:00:00,2024,8,13,19,0,45,45004,D2107 PR 1 + 630,47.979675,2.73309,Plein jour,En agglomération,Intersection en X,Normale,Deux véhicules - arrière,3,4,3,0,1,1,1,5,1,50,2,2,1,0,0,1,54.0,61.0,utilitaire_camion,deux_roues,1,2,2,1,2
202400000643,2024-08-13 19:00:00,2024,8,13,19,0,45,45004,D2107 PR 1 + 630,47.979675,2.73309,Plein jour,En agglomération,Intersection en X,Normale,Deux véhicules - arrière,3,2,2,0,2,1,1,0,1,50,2,2,1,0,0,1,54.0,61.0,utilitaire_camion,deux_roues,1,2,2,1,2
202400000643,2024-08-13 19:00:00,2024,8,13,19,0,45,45004,D2107 PR 1 + 630,47.979675,2.73309,Plein jour,En agglomération,Intersection en X,Normale,Deux véhicules - arrière,3,4,3,0,2,1,1,0,1,50,2,2,1,0,0,1,54.0,61.0,utilitaire_camion,deux_roues,1,2,2,1,2
202400000644,2024-05-01 15:30:00,2024,5,1,15,30,86,86100,D3,46.55221,0.237878,Plein jour,Hors agglomération,Intersection en X,Pluie légère,Deux véhicules - côté,3,2,2,0,1,1,2,0,1,80,2,2,1,0,1,0,75.0,17.0,voiture,deux_roues,1,1,2,2,3
202400000644,2024-05-01 15:30:00,2024,5,1,15,30,86,86100,D3,46.55221,0.237878,Plein jour,Hors agglomération,Intersection en X,Pluie légère,Deux véhicules - côté,3,2,2,-1,1,1,2,0,1,80,2,2,1,0,1,0,75.0,17.0,voiture,deux_roues,1,1,2,2,3
202400000645,2024-08-13 10:47:00,2024,8,13,10,47,42,42187,Avenue de Paris,46.04203,4.07302,Plein jour,En agglomération,Intersection à plus de 4 branches,Normale,Autre collision,3,2,2,0,1,3,1,0,1,30,1,2,1,0,1,0,71.0,,voiture,,1,2,5,1,6
202400000645,2024-08-13 10:47:00,2024,8,13,10,47,42,42187,Avenue de Paris,46.04203,4.07302,Plein jour,En agglomération,Intersection à plus de 4 branches,Normale,Autre collision,3,-1,2,3,1,1,1,8,1,30,1,2,1,0,1,0,71.0,,voiture,,1,2,5,1,6
202400000646,2024-05-01 12:55:00,2024,5,1,12,55,86,86019,D910,46.738874,0.466129,Plein jour,Hors agglomération,Hors intersection,Pluie forte,Sans collision,3,2,4,0,1,1,2,0,3,90,1,1,0,1,0,0,20.0,,voiture,,1,1,1,3,7
202400000647,2024-08-05 15:15:00,2024,8,5,15,15,40,40088,MANOIR (BOULEVARD YVES DU),43.71334,-1.04865,Plein jour,En agglomération,Hors intersection,Normale,Autre collision,4,2,2,0,1,1,1,0,1,50,1,2,1,0,1,0,61.0,,voiture,,1,2,1,1,6
202400000648,2024-04-08 08:10:00,2024,4,8,8,10,29,29124,Rue Frédéric Le Guyader,48.566218,-4.319526,Plein jour,En agglomération,Intersection en X,Normale,Deux véhicules - côté,4,2,2,0,1,1,1,5,1,50,2,2,1,0,1,0,29.0,17.0,voiture,deux_roues,1,2,2,1,3
202400000648,2024-04-08 08:10:00,2024,4,8,8,10,29,29124,Rue Frédéric Le Guyader,48.566218,-4.319526,Plein jour,En agglomération,Intersection en X,Normale,Deux véhicules - côté,4,2,2,0,1,1,1,0,1,50,2,2,1,0,1,0,29.0,17.0,voiture,deux_roues,1,2,2,1,3
202400000649,2024-07-31 15:35:00,2024,7,31,15,35,40,40279,RESISTANCE (AVE DE LA),43.72454488,-1.05857313,Plein jour,En agglomération,Hors intersection,Normale,Sans collision,3,2,2,2,1,1,1,0,5,50,2,2,1,0,0,1,55.0,34.0,voiture,deux_roues,1,2,1,1,7
202400000650,2024-08-13 16:10:00,2024,8,13,16,10,37,37214,HUGO (RUE VICTOR),47.41003,0.66748,Plein jour,En agglomération,Giratoire,Normale,Autre collision,4,2,0,0,1,1,1,0,1,50,1,2,1,0,0,1,72.0,,voiture,,1,2,6,1,6
202400000650,2024-08-13 16:10:00,2024,8,13,16,10,37,37214,HUGO (RUE VICTOR),47.41003,0.66748,Plein jour,En agglomération,Giratoire,Normale,Autre collision,4,2,1,0,1,1,1,0,1,50,1,2,1,0,0,1,72.0,,voiture,,1,2,6,1,6
202400000651,2024-05-01 04:57:00,2024,5,1,4,57,69,69382,Route de Métropole 7,45.73468,4.8187,Nuit avec éclairage allumé,Hors agglomération,Hors intersection,Normale,Trois véhicules et plus - collisions multiples,7,3,6,0,2,1,1,2,1,50,3,7,4,0,0,3,28.0,37.0,voiture,voiture,5,1,1,1,5
202400000652,2024-05-01 11:15:00,2024,5,1,11,15,91,91161,AUTOROUTE A6,48.7053,2.30579,Plein jour,Hors agglomération,Hors intersection,Normale,Sans collision,1,1,3,0,1,1,1,0,8,110,1,2,0,0,0,2,25.0,,voiture,,1,1,1,1,7
202400000653,2024-08-13 17:15:00,2024,8,13,17,15,35,35238,PORTE DE LORIENT,48.10906402,-1.71774179,Plein jour,En agglomération,Hors intersection,Normale,Trois véhicules et plus - collisions multiples,2,3,6,0,1,1,1,0,1,90,3,6,4,0,0,2,88.0,36.0,voiture,voiture,1,2,1,1,5
202400000654,2024-05-01 04:17:00,2024,5,1,4,17,77,77384,AUTOROUTE A5A,48.601274,2.600935,Nuit sans éclairage public,Hors agglomération,Hors intersection,Normale,Deux véhicules - côté,1,1,6,0,1,1,1,0,1,110,2,2,1,0,0,1,,27.0,voiture,voiture,3,1,1,1,3
202400000655,2024-08-13 15:50:00,2024,8,13,15,50,35,35238,MITTERAND (MAIL FRANCOIS),48.1102024,-1.68621629,Plein jour,En agglomération,Intersection en T,Normale,Deux véhicules - côté,4,1,2,3,1,1,1,2,1,30,2,6,5,0,0,1,28.0,47.0,transport_commun,utilitaire_camion,1,2,3,1,3
202400000655,2024-08-13 15:50:00,2024,8,13,15,50,35,35238,MITTERAND (MAIL FRANCOIS),48.1102024,-1.68621629,Plein jour,En agglomération,Intersection en T,Normale,Deux véhicules - côté,4,2,3,3,1,1,1,2,1,30,2,6,5,0,0,1,28.0,47.0,transport_commun,utilitaire_camion,1,2,3,1,3
202400000656,2024-05-01 13:40:00,2024,5,1,13,40,93,93066,A1,48.91936344,2.35754643,Plein jour,Hors agglomération,Hors intersection,Normale,Deux véhicules - arrière,1,3,8,0,1,1,1,0,1,90,2,2,1,0,0,1,28.0,31.0,deux_roues,voiture,1,1,1,1,2
202400000657,2024-02-26 12:50:00,2024,2,26,12,50,74,74010,ILES (AVENUE DES)(SECTEUR 410) ,45.90932,6.11715,Plein jour,En agglomération,Hors intersection,Normale,Autre collision,4,-1,2,0,1,1,1,0,1,30,1,2,1,0,0,1,,,autre,,1,2,1,1,6
202400000658,2024-08-13 15:35:00,2024,8,13,15,35,35,35238,SAINT-MALO (RUE DE),48.12871,-1.68767,Plein jour,En agglomération,Hors intersection,Normale,Deux véhicules - côté,4,2,4,1,1,2,1,0,1,50,2,2,1,0,0,1,24.0,70.0,deux_roues,voiture,1,2,1,1,3
202400000659,2024-02-13 06:50:00,2024,2,13,6,50,74,74010,CHARLES DE GAULLE (PLACE) ,45.91178,6.13149,Nuit avec éclairage allumé,En agglomération,Hors intersection,Normale,Deux véhicules - côté,4,1,2,0,1,2,1,0,1,30,2,2,1,0,0,1,,26.0,autre,deux_roues,5,2,1,1,3
202400000660,2024-02-19 06:06:00,2024,2,19,6,6,37,37261,ROND POINT EMMAUS,47.43021,0.7053,Nuit avec éclairage allumé,En agglomération,Giratoire,Pluie légère,Sans collision,4,4,1,0,1,2,2,0,1,50,1,1,0,0,0,1,56.0,,deux_roues,,5,2,6,2,7
202400000661,2024-08-13 08:30:00,2024,8,13,8,30,35,35051,PARIS (RUE DE),48.10980362,-1.609139,Plein jour,En agglomération,Giratoire,Pluie légère,Deux véhicules - arrière,4,2,2,2,1,2,2,0,1,50,2,2,1,0,0,1,62.0,26.0,voiture,deux_roues,1,2,6,2,2
202400000662,2024-04-19 19:00:00,2024,4,19,19,0,987,98735,PIERRE LOTI (ALLEE QTIER T.MARAETEFAU),-17.5509414,-149.55215335,Nuit sans éclairage public,Hors agglomération,Hors intersection,Normale,Deux véhicules - côté,2,2,2,0,1,1,1,0,4,30,2,2,1,0,1,0,42.0,32.0,deux_roues,utilitaire_camion,3,1,1,1,3
202400000663,2024-04-30 06:50:00,2024,4,30,6,50,976,97611,mamoudzou centre-RP Passot quai colas (R,-12.777,45.232,Plein jour,En agglomération,Hors intersection,Normale,Sans collision,2,2,2,0,1,1,1,0,1,50,2,2,1,0,0,1,51.0,38.0,deux_roues,voiture,1,2,1,1,7
202400000664,2024-08-13 07:35:00,2024,8,13,7,35,35,35238,SAINT-HELIER,48.10601,-1.66645,Plein jour,En agglomération,Hors intersection,Pluie légère,Deux véhicules - côté,4,2,2,2,1,1,2,0,5,30,2,2,1,0,0,1,74.0,27.0,deux_roues,deux_roues,1,2,1,2,3
202400000665,2024-05-01 03:00:00,2024,5,1,3,0,974,97411,VINH-SAN (BLD 1 DU PRINCE),-20.8855,55.43986,Nuit sans éclairage public,Hors agglomération,Autre intersection,Normale,Autre collision,2,1,1,0,2,1,1,2,1,70,1,1,0,0,0,1,22.0,,voiture,,3,1,9,1,6
202400000666,2024-08-13 21:15:00,2024,8,13,21,15,34,34129,D21 E1,43.58292,3.92549,Nuit avec éclairage allumé,En agglomération,Hors intersection,Normale,Autre collision,4,1,3,0,1,1,1,5,1,50,1,2,1,0,0,1,,,voiture,,5,2,1,1,6
202400000667,2024-04-30 22:50:00,2024,4,30,22,50,974,97411,LATTRE DE TASSIGNY (AVENUE MARECHAL DE),-20.8895,55.47735,Nuit avec éclairage allumé,En agglomération,Autre intersection,Normale,Deux véhicules - côté,4,2,4,3,1,1,1,0,1,50,2,2,1,0,0,1,72.0,37.0,voiture,deux_roues,5,2,9,1,3
202400000668,2024-04-29 19:02:00,2024,4,29,19,2,973,97302,DE GAULLE (AVENUE),4.9388003,-52.33173788,Nuit avec éclairage allumé,En agglomération,Intersection en X,Normale,Deux véhicules - côté,4,2,2,0,1,1,1,0,1,50,2,2,1,0,1,0,25.0,40.0,deux_roues,voiture,5,2,2,1,3
202400000668,2024-04-29 19:02:00,2024,4,29,19,2,973,97302,DE GAULLE (AVENUE),4.9388003,-52.33173788,Nuit avec éclairage allumé,En agglomération,Intersection en X,Normale,Deux véhicules - côté,4,2,2,0,1,1,1,0,1,50,2,2,1,0,1,0,25.0,40.0,deux_roues,voiture,5,2,2,1,3
202400000669,2024-08-10 19:00:00,2024,8,10,19,0,34,34336,SALANCS (CHEMIN DES),43.30502,3.29484,Plein jour,Hors agglomération,Intersection en X,Normale,Deux véhicules - côté,4,2,1,0,1,1,1,0,1,70,2,5,1,0,1,3,37.0,47.0,voiture,voiture,1,1,2,1,3
202400000669,2024-08-10 19:00:00,2024,8,10,19,0,34,34336,SALANCS (CHEMIN DES),43.30502,3.29484,Plein jour,Hors agglomération,Intersection en X,Normale,Deux véhicules - côté,4,2,1,0,1,1,1,0,1,70,2,5,1,0,1,3,37.0,47.0,voiture,voiture,1,1,2,1,3
202400000670,2024-04-30 19:17:00,2024,4,30,19,17,69,69387,Rue Sébastien Gryphe,45.74776,4.83872,Plein jour,En agglomération,Hors intersection,Normale,Autre collision,4,1,1,2,1,1,1,0,1,30,1,2,1,0,0,1,29.0,,voiture,,1,2,1,1,6
202400000671,2024-08-13 14:50:00,2024,8,13,14,50,33,33009,,44.6564,-1.17634,Plein jour,En agglomération,Intersection en X,Normale,Deux véhicules - côté,4,2,2,0,1,1,1,0,1,50,2,2,1,0,0,1,41.0,36.0,voiture,voiture,1,2,2,1,3
202400000671,2024-08-13 14:50:00,2024,8,13,14,50,33,33009,,44.6564,-1.17634,Plein jour,En agglomération,Intersection en X,Normale,Deux véhicules - côté,4,1,1,0,2,1,1,0,8,50,2,2,1,0,0,1,41.0,36.0,voiture,voiture,1,2,2,1,3
202400000672,2024-04-30 14:35:00,2024,4,30,14,35,69,69383,Cours Richard Vitton,45.75346,4.89183,Plein jour,En agglomération,Giratoire,Normale,Autre collision,4,1,1,0,1,1,1,0,1,30,1,2,1,0,0,1,35.0,,utilitaire_camion,,1,2,6,1,6
202400000672,2024-04-30 14:35:00,2024,4,30,14,35,69,69383,Cours Richard Vitton,45.75346,4.89183,Plein jour,En agglomération,Giratoire,Normale,Autre collision,4,1,2,2,1,2,1,0,1,30,1,2,1,0,0,1,35.0,,utilitaire_camion,,1,2,6,1,6
202400000673,2024-04-30 16:10:00,2024,4,30,16,10,972,97213,ROUTE NATIONALE 1,14.6197,-60.99459,Plein jour,En agglomération,Hors intersection,Normale,Sans collision,2,4,2,0,1,2,1,0,1,70,1,1,0,0,1,0,44.0,,deux_roues,,1,2,1,1,7
202400000674,2024-08-13 19:45:00,2024,8,13,19,45,31,31555,AV JULES JULIEN,43.57607592,1.4511314,Plein jour,En agglomération,Intersection en T,Normale,Deux véhicules - côté,4,2,2,3,1,1,1,0,1,50,2,2,1,0,0,1,26.0,24.0,voiture,deux_roues,1,2,3,1,3
202400000674,2024-08-13 19:45:00,2024,8,13,19,45,31,31555,AV JULES JULIEN,43.57607592,1.4511314,Plein jour,En agglomération,Intersection en T,Normale,Deux véhicules - côté,4,1,1,0,1,1,1,0,1,50,2,2,1,0,0,1,26.0,24.0,voiture,deux_roues,1,2,3,1,3
202400000675,2024-04-30 07:20:00,2024,4,30,7,20,972,97209,CANAL ALARIC (RUE DU),14.60589,-61.0561,Plein jour,Hors agglomération,Hors intersection,Normale,Deux véhicules - frontale,4,2,1,0,1,2,1,0,1,50,2,3,1,0,0,2,37.0,64.0,voiture,voiture,1,1,1,1,1
202400000676,2024-08-12 20:55:00,2024,8,12,20,55,31,31555,RUE SAINT ROCH,43.578,1.44743,Crépuscule ou aube,En agglomération,Passage à niveau,Normale,Deux véhicules - côté,4,2,2,3,1,1,1,4,6,50,2,2,1,0,0,1,30.0,52.0,deux_roues,transport_commun,2,2,8,1,3
202400000677,2024-04-30 17:10:00,2024,4,30,17,10,971,97113,SECTION TOMBEAU,16.22211,-61.47821,Plein jour,Hors agglomération,Hors intersection,Normale,Autre collision,3,2,2,0,1,1,1,0,1,80,1,2,1,0,0,1,29.0,,voiture,,1,1,1,1,6
202400000678,2024-08-12 09:30:00,2024,8,12,9,30,29,29019,rue Emile Rousse,48.385599,-4.528021,Plein jour,En agglomération,Hors intersection,Normale,Autre collision,4,2,4,0,1,1,1,0,1,50,1,2,1,0,1,0,81.0,,voiture,,1,2,1,1,6
202400000679,2024-04-29 16:36:00,2024,4,29,16,36,971,97113,RN4 - SECTION RIVIERA,16.21779437,-61.49084061,Crépuscule ou aube,Hors agglomération,Intersection en T,Normale,Deux véhicules - arrière,2,2,2,0,2,3,1,0,8,70,2,4,3,0,0,1,18.0,41.0,voiture,voiture,2,1,3,1,2
202400000679,2024-04-29 16:36:00,2024,4,29,16,36,971,97113,RN4 - SECTION RIVIERA,16.21779437,-61.49084061,Crépuscule ou aube,Hors agglomération,Intersection en T,Normale,Deux véhicules - arrière,2,2,2,0,1,1,1,0,1,80,2,4,3,0,0,1,18.0,41.0,voiture,voiture,2,1,3,1,2
202400000680,2024-04-30 16:40:00,2024,4,30,16,40,2A,2A004,#RICANTO ROUTE ET PLAGE#,41.92852,8.76835,Plein jour,Hors agglomération,Hors intersection,Normale,Deux véhicules - arrière,2,3,4,0,2,1,1,0,1,70,2,2,1,0,0,1,70.0,46.0,voiture,voiture,1,1,1,1,2
202400000681,2024-08-12 20:30:00,2024,8,12,20,30,22,22113,MINIHY (CHEMIN DE),48.74412,-3.53568,Plein jour,Hors agglomération,Hors intersection,Normale,Deux véhicules - côté,4,2,2,0,1,2,1,0,1,80,2,2,1,0,0,1,19.0,66.0,voiture,deux_roues,1,1,1,1,3
202400000682,2024-04-29 15:30:00,2024,4,29,15,30,95,95218,FERNAND CHATELAIN (AVENUE),49.022797,2.110499,Plein jour,En agglomération,Hors intersection,Normale,Autre collision,4,2,2,0,1,1,1,0,1,50,1,2,1,0,1,0,20.0,,voiture,,1,2,1,1,6
202400000683,2024-02-26 12:25:00,2024,2,26,12,25,95,95018,D909,48.949062,2.253406,Plein jour,En agglomération,Hors intersection,Normale,Autre collision,3,3,2,0,1,1,1,9,1,30,1,2,1,1,0,0,53.0,,utilitaire_camion,,1,2,1,1,6
202400000684,2024-08-13 10:32:00,2024,8,13,10,32,13,13206,PIERRE PUGET (COURS),43.29029,5.37606,Plein jour,En agglomération,Intersection en X,Normale,Deux véhicules - frontale,4,1,1,1,2,1,1,0,8,50,1,6,3,0,0,3,19.0,,voiture,,1,2,2,1,1
202400000684,2024-08-13 10:32:00,2024,8,13,10,32,13,13206,PIERRE PUGET (COURS),43.29029,5.37606,Plein jour,En agglomération,Intersection en X,Normale,Deux véhicules - frontale,4,1,2,0,2,1,1,0,1,50,1,6,3,0,0,3,19.0,,voiture,,1,2,2,1,1
202400000685,2024-08-13 08:30:00,2024,8,13,8,30,13,13209,GAYE (BOULEVARD DE LA),43.2595,5.41426,Plein jour,En agglomération,Hors intersection,Normale,Deux véhicules - frontale,4,2,2,0,1,1,1,0,1,50,2,2,0,0,1,1,52.0,32.0,voiture,deux_roues,1,2,1,1,1
202400000686,2024-04-29 15:30:00,2024,4,29,15,30,91,91570,ROSIERES (RUE),48.62579,2.31398,Plein jour,En agglomération,Intersection à plus de 4 branches,Normale,Deux véhicules - côté,4,2,3,0,1,1,1,5,1,50,2,2,1,0,0,1,29.0,,deux_roues,voiture,1,2,5,1,3
202400000686,2024-04-29 15:30:00,2024,4,29,15,30,91,91570,ROSIERES (RUE),48.62579,2.31398,Plein jour,En agglomération,Intersection à plus de 4 branches,Normale,Deux véhicules - côté,4,4,0,0,1,1,1,5,1,50,2,2,1,0,0,1,29.0,,deux_roues,voiture,1,2,5,1,3
202400000687,2024-04-26 23:10:00,2024,4,26,23,10,88,88209,EPINAL (RUE D'),48.19572,6.43772,Nuit avec éclairage allumé,En agglomération,Hors intersection,Normale,Deux véhicules - frontale,3,2,2,0,1,1,1,0,1,50,2,4,3,0,0,1,55.0,25.0,voiture,voiture,5,2,1,1,1
202400000688,2024-04-29 10:55:00,2024,4,29,10,55,87,87085,DUSSOUBS (PLACE DENIS),45.83295,1.25582,Plein jour,En agglomération,Hors intersection,Normale,Sans collision,4,1,2,0,1,2,1,5,1,30,1,1,0,0,0,1,35.0,,deux_roues,,1,2,1,1,7
202400000689,2024-08-13 09:20:00,2024,8,13,9,20,13,13216,Rue le pelletier,43.36256052,5.31886038,Plein jour,En agglomération,Intersection en T,Normale,Deux véhicules - côté,4,2,2,0,1,1,1,0,1,50,2,2,1,0,0,1,25.0,50.0,voiture,deux_roues,1,2,3,1,3
202400000689,2024-08-13 09:20:00,2024,8,13,9,20,13,13216,Rue le pelletier,43.36256052,5.31886038,Plein jour,En agglomération,Intersection en T,Normale,Deux véhicules - côté,4,2,2,0,2,1,1,0,1,50,2,2,1,0,0,1,25.0,50.0,voiture,deux_roues,1,2,3,1,3
202400000690,2024-04-28 23:07:00,2024,4,28,23,7,87,87085,MIDI (AVENUE DU),45.82651,1.25728,Nuit avec éclairage allumé,En agglomération,Hors intersection,Pluie légère,Sans collision,4,2,2,0,2,1,2,0,1,50,1,1,0,0,0,1,39.0,,deux_roues,,5,2,1,2,7
202400000691,2024-08-13 09:05:00,2024,8,13,9,5,13,13047,EDOUARD GUIZONNIER BOULEVARD,43.51053,4.9883,Plein jour,En agglomération,Giratoire,Normale,Autre collision,4,2,2,0,1,1,1,6,6,30,1,2,1,0,0,1,91.0,,voiture,,1,2,6,1,6
202400000692,2024-04-26 22:07:00,2024,4,26,22,7,87,87085,RN520,45.82604,1.26802,Nuit avec éclairage allumé,En agglomération,Intersection en X,Pluie légère,Trois véhicules et plus - collisions multiples,2,2,5,0,1,1,2,5,1,50,3,3,2,0,0,1,59.0,49.0,voiture,voiture,5,2,2,2,5
202400000692,2024-04-26 22:07:00,2024,4,26,22,7,87,87085,RN520,45.82604,1.26802,Nuit avec éclairage allumé,En agglomération,Intersection en X,Pluie légère,Trois véhicules et plus - collisions multiples,2,3,5,0,1,1,2,5,1,50,3,3,2,0,0,1,59.0,49.0,voiture,voiture,5,2,2,2,5
202400000693,2024-08-12 17:25:00,2024,8,12,17,25,13,13098,D.51,43.44513,5.02521,Plein jour,Hors agglomération,Hors intersection,Normale,Deux véhicules - arrière,3,1,1,0,2,1,1,0,1,50,2,2,1,0,0,1,61.0,33.0,utilitaire_camion,voiture,1,1,1,1,2
202400000694,2024-04-30 17:45:00,2024,4,30,17,45,85,85191,Rond-point georges duval,46.673857,-1.40328,Plein jour,En agglomération,Giratoire,Normale,Deux véhicules - côté,4,2,2,0,1,1,1,0,1,50,2,2,1,0,0,1,53.0,83.0,voiture,deux_roues,1,2,6,1,3
202400000695,2024-08-12 17:10:00,2024,8,12,17,10,12,12084,BELAIR,44.0492,3.04611,Plein jour,Hors agglomération,Hors intersection,Normale,Deux véhicules - frontale,4,2,1,0,1,3,1,0,1,80,2,2,1,0,1,0,54.0,22.0,voiture,deux_roues,1,1,1,1,1
202400000696,2024-04-30 10:50:00,2024,4,30,10,50,83,83062,FABRI DE PEIRESC (AVENUE),43.13961,6.02832,Plein jour,Hors agglomération,Hors intersection,Normale,Autre collision,6,-1, -1,0,1,1,1,0,8,30,1,2,1,1,0,0,22.0,,utilitaire_camion,,1,1,1,1,6
202400000697,2024-08-12 18:10:00,2024,8,12,18,10,10,10362,Avenue du General Gallieni,48.29334,4.05013,Plein jour,En agglomération,Intersection en T,Normale,Sans collision,4,2,2,0,1,1,1,0,1,50,1,2,1,0,0,1,38.0,,voiture,,1,2,3,1,7
202400000697,2024-08-12 18:10:00,2024,8,12,18,10,10,10362,Avenue du General Gallieni,48.29334,4.05013,Plein jour,En agglomération,Intersection en T,Normale,Sans collision,4,2,0,0,1,1,1,0,1,50,1,2,1,0,0,1,38.0,,voiture,,1,2,3,1,7
202400000698,2024-04-30 07:40:00,2024,4,30,7,40,83,83137,Avenue des Moulins,43.14001051,5.91307342,Plein jour,En agglomération,Intersection en T,Normale,Deux véhicules - côté,3,2,2,0,1,1,1,0,1,50,2,2,1,0,0,1,20.0,43.0,voiture,deux_roues,1,2,3,1,3
202400000698,2024-04-30 07:40:00,2024,4,30,7,40,83,83137,Avenue des Moulins,43.14001051,5.91307342,Plein jour,En agglomération,Intersection en T,Normale,Deux véhicules - côté,3,2, -1,-1,1,1,1,0,1,-1,2,2,1,0,0,1,20.0,43.0,voiture,deux_roues,1,2,3,1,3
202400000699,2024-04-30 05:15:00,2024,4,30,5,15,80,80131,RD935,49.84001,2.40457,Nuit sans éclairage public,Hors agglomération,Hors intersection,Normale,Deux véhicules - frontale,3,2,2,0,1,2,1,0,1,80,2,2,1,1,0,0,51.0,32.0,voiture,voiture,3,1,1,1,1
202400000700,2024-08-13 10:15:00,2024,8,13,10,15,75,75115,BD PERIPHERIQUE EXTERIEUR,48.831424,2.282854,Plein jour,En agglomération,Hors intersection,Normale,Deux véhicules - arrière,4,1,3,0,1,1,1,0,1,70,2,3,2,0,0,1,58.0,57.0,utilitaire_camion,utilitaire_camion,1,2,1,1,2
202400000701,2024-04-25 12:53:00,2024,4,25,12,53,77,77326,D346,48.58155,2.55377,Plein jour,Hors agglomération,Intersection en T,Normale,Deux véhicules - frontale,3,2,2,0,1,1,1,5,1,70,2,3,2,1,0,0,24.0,22.0,utilitaire_camion,deux_roues,1,1,3,1,1
202400000701,2024-04-25 12:53:00,2024,4,25,12,53,77,77326,D346,48.58155,2.55377,Plein jour,Hors agglomération,Intersection en T,Normale,Deux véhicules - frontale,3,2,2,0,1,1,1,5,8,70,2,3,2,1,0,0,24.0,22.0,utilitaire_camion,deux_roues,1,1,3,1,1
202400000702,2024-08-12 10:15:00,2024,8,12,10,15,75,75118,BD PERIPHERIQUE INTERIEUR,48.900841,2.341275,Plein jour,En agglomération,Hors intersection,Normale,Trois véhicules et plus - en chaîne,4,1,4,0,1,1,1,0,1,70,3,4,1,0,0,3,32.0,27.0,voiture,utilitaire_camion,1,2,1,1,4
202400000703,2024-04-29 15:20:00,2024,4,29,15,20,77,77251,COTE DE LA BIENVENUE,48.6107663,2.5422771,Plein jour,Hors agglomération,Hors intersection,Normale,Autre collision,4,2,2,0,1,1,1,0,3,50,1,1,0,0,1,0,25.0,,voiture,,1,1,1,1,6
202400000704,2024-08-12 03:12:00,2024,8,12,3,12,75,75118,BOULEVARD ORNANO,48.895191,2.346586,Nuit avec éclairage allumé,En agglomération,Place,Normale,Autre collision,4,2,2,1,1,1,1,0,1,30,1,3,0,0,0,3,46.0,,voiture,,5,2,7,1,6
202400000704,2024-08-12 03:12:00,2024,8,12,3,12,75,75118,BOULEVARD ORNANO,48.895191,2.346586,Nuit avec éclairage allumé,En agglomération,Place,Normale,Autre collision,4,-1, -1,-1,1,1,1,0,1,30,1,3,0,0,0,3,46.0,,voiture,,5,2,7,1,6
202400000705,2024-04-29 13:33:00,2024,4,29,13,33,77,77445,MENDES-FRANCE (AVENUE PIERRE),48.594283,2.568008,Plein jour,Hors agglomération,Autre intersection,Temps couvert,Autre collision,4,2,2,0,1,1,1,0,1,50,1,1,0,0,1,0,21.0,,deux_roues,,1,1,9,8,6
202400000706,2024-04-30 07:30:00,2024,4,30,7,30,76,76351,COLBERT (QUAI),49.4912,0.126,Plein jour,En agglomération,Hors intersection,Normale,Deux véhicules - côté,4,3,5,1,1,1,1,8,1,50,2,2,1,0,0,1,19.0,22.0,deux_roues,voiture,1,2,1,1,3
202400000707,2024-08-12 15:15:00,2024,8,12,15,15,75,75120,RUE DES PYRENEES,48.866664,2.397136,Plein jour,En agglomération,Intersection en X,Normale,Deux véhicules - côté,4,2,2,0,1,1,1,0,1,50,2,2,1,0,0,1,51.0,36.0,voiture,deux_roues,1,2,2,1,3