accident_id,datetime,annee,mois,jour,heure,minute,departement,commune_insee,adresse,latitude,longitude,luminosite,agglomeration,intersection,meteo,collision,catr,circ,nbv,vosp,prof,plan,surf,infra,situ,vma,nb_vehicules,nb_usagers,nb_indemnes,nb_tues,nb_blesses_hosp,nb_blesses_legers,age_cond_1,age_cond_2,veh_type_cond_1,veh_type_cond_2,lum_code,agg_code,int_code,atm_code,col_code
202400001255,2024-02-12 01:45:00,2024,2,12,1,45,60,60528,D153,49.24198622,1.87521601,Nuit sans éclairage public,Hors agglomération,Hors intersection,Pluie légère,Sans collision,3,2,2,0,1,2,2,0,3,80,1,1,0,0,1,0,34.0,,voiture,,3,1,1,2,7
202400001256,2024-06-07 14:50:00,2024,6,7,14,50,93,93008,Rue Pierre Sémard / Rue de Carency,48.91105,2.44647,Plein jour,En agglomération,Intersection en T,Normale,Autre collision,3,2,2,0,1,1,1,0,8,50,1,2,1,0,0,1,,,utilitaire_camion,,1,2,3,1,6
202400001256,2024-06-07 14:50:00,2024,6,7,14,50,93,93008,Rue Pierre Sémard / Rue de Carency,48.91105,2.44647,Plein jour,En agglomération,Intersection en T,Normale,Autre collision,3,1,1,0,1,1,1,0,8,-1,1,2,1,0,0,1,,,utilitaire_camion,,1,2,3,1,6
202400001257,2024-10-21 17:40:00,2024,10,21,17,40,62,62637,A1,50.4652473,2.97548977,Plein jour,Hors agglomération,Hors intersection,Pluie légère,Deux véhicules - arrière,1,-1,3,0,1,1,2,0,1,130,2,2,1,0,0,1,34.0,44.0,voiture,utilitaire_camion,1,1,1,2,2
202400001258,2024-02-10 07:40:00,2024,2,10,7,40,59,59125,Pont de Cantigneul,50.15449,3.184699,Crépuscule ou aube,En agglomération,Hors intersection,Temps couvert,Deux véhicules - frontale,3,4,1,0,1,1,2,2,1,80,2,2,1,0,0,1,73.0,39.0,voiture,deux_roues,2,2,1,8,1
202400001259,2024-10-22 07:10:00,2024,10,22,7,10,59,59491,AUTOROUTE A23,50.40626,3.44208,Crépuscule ou aube,Hors agglomération,Hors intersection,Normale,Sans collision,1,-1,2,0,1,2,2,0,1,130,1,1,0,0,0,1,21.0,,voiture,,2,1,1,1,7
202400001260,2024-06-07 15:28:00,2024,6,7,15,28,92,92051,"VICTOR HUGO (BOULEVARD, N° 9 A 49 ET 16",48.88744563,2.27856874,Plein jour,En agglomération,Intersection en X,Normale,Deux véhicules - côté,3,2,3,3,1,1,1,0,1,50,2,2,1,0,0,1,39.0,60.0,voiture,deux_roues,1,2,2,1,3
202400001260,2024-06-07 15:28:00,2024,6,7,15,28,92,92051,"VICTOR HUGO (BOULEVARD, N° 9 A 49 ET 16",48.88744563,2.27856874,Plein jour,En agglomération,Intersection en X,Normale,Deux véhicules - côté,3,2,3,0,1,1,1,0,1,30,2,2,1,0,0,1,39.0,60.0,voiture,deux_roues,1,2,2,1,3
202400001261,2024-02-12 08:45:00,2024,2,12,8,45,59,59578,63 Rue d'Aire,50.672739,2.479096,Plein jour,En agglomération,Hors intersection,Normale,Deux véhicules - frontale,3,2,2,0,1,1,1,0,4,50,1,5,1,4,0,0,52.0,,voiture,,1,2,1,1,1
202400001262,2024-06-06 13:15:00,2024,6,6,13,15,92,92050,STALINGRAD RUE DE,48.89415,2.19574,Plein jour,En agglomération,Hors intersection,Normale,Autre collision,4,2,2,0,1,1,1,6,1,50,1,2,1,0,0,1,33.0,,utilitaire_camion,,1,2,1,1,6
202400001263,2024-10-18 19:30:00,2024,10,18,19,30,62,62637,A1,50.46699873,2.97611872,Nuit sans éclairage public,Hors agglomération,Hors intersection,Normale,Deux véhicules - arrière,1,3,3,0,1,1,2,0,1,130,2,2,1,0,0,1,28.0,26.0,voiture,voiture,3,1,1,1,2
202400001264,2024-02-11 16:05:00,2024,2,11,16,5,13,13215,A7-Sens Marseille vers Lyon,43.36643455,5.36080529,Plein jour,Hors agglomération,Hors intersection,Normale,Deux véhicules - arrière,1,1,3,0,1,1,1,0,1,90,2,3,1,0,0,2,24.0,20.0,voiture,voiture,1,1,1,1,2
202400001265,2024-06-07 16:50:00,2024,6,7,16,50,92,92044,BINEAU (BOULEVARD),48.8865277,2.28471422,Plein jour,En agglomération,Hors intersection,Normale,Autre collision,3,1,1,2,1,4,1,0,5,25,1,2,1,0,0,1,40.0,,deux_roues,,1,2,1,1,6
202400001266,2024-10-24 19:30:00,2024,10,24,19,30,91,91136,AUTOROUTE A10,48.71385218,2.27453396,Nuit sans éclairage public,Hors agglomération,Hors intersection,Normale,Deux véhicules - arrière,1,-1,3,0,1,1,1,0,1,90,2,2,1,0,0,1,25.0,56.0,voiture,voiture,3,1,1,1,2
202400001267,2024-02-11 08:00:00,2024,2,11,8,0,13,13043,A55-Sens Martigues vers Marseille,43.39123,5.26418,Plein jour,Hors agglomération,Hors intersection,Normale,Sans collision,1,1,2,0,1,1,1,0,3,110,1,2,0,0,2,0,26.0,,voiture,,1,1,1,1,7
202400001268,2024-06-07 20:54:00,2024,6,7,20,54,92,92024,PIERRE CURIE (RUE),48.90210973,2.31427217,Plein jour,En agglomération,Autre intersection,Normale,Deux véhicules - côté,3,3,2,1,1,1,1,0,1,50,2,2,1,0,0,1,19.0,20.0,deux_roues,voiture,1,2,9,1,3
202400001268,2024-06-07 20:54:00,2024,6,7,20,54,92,92024,PIERRE CURIE (RUE),48.90210973,2.31427217,Plein jour,En agglomération,Autre intersection,Normale,Deux véhicules - côté,3,1,1,1,1,1,1,0,1,50,2,2,1,0,0,1,19.0,20.0,deux_roues,voiture,1,2,9,1,3
202400001269,2024-02-11 00:45:00,2024,2,11,0,45,13,13015,A51-Sens Aix en Provence vers Marseille,43.45328,5.39642,Nuit sans éclairage public,Hors agglomération,Hors intersection,Normale,Deux véhicules - arrière,1,1,2,0,1,1,2,0,1,90,2,3,2,0,0,1,39.0,57.0,voiture,voiture,3,1,1,1,2
202400001270,2024-06-07 08:25:00,2024,6,7,8,25,92,92024,TROIS PAVILLONS (RUE DES),48.91076484,2.31299043,Plein jour,En agglomération,Giratoire,Normale,Autre collision,4,2,2,0,1,1,1,9,1,50,1,2,1,0,0,1,39.0,,utilitaire_camion,,1,2,6,1,6
202400001270,2024-06-07 08:25:00,2024,6,7,8,25,92,92024,TROIS PAVILLONS (RUE DES),48.91076484,2.31299043,Plein jour,En agglomération,Giratoire,Normale,Autre collision,4,2,2,0,1,1,1,9,1,50,1,2,1,0,0,1,39.0,,utilitaire_camion,,1,2,6,1,6
202400001271,2024-10-24 08:55:00,2024,10,24,8,55,91,91037,AUTOROUTE A6,48.53927939,2.49890007,Plein jour,Hors agglomération,Hors intersection,Normale,Deux véhicules - arrière,1,3,3,0,1,1,1,0,1,130,2,3,1,0,0,2,46.0,35.0,utilitaire_camion,utilitaire_camion,1,1,1,1,2
202400001272,2024-06-07 07:45:00,2024,6,7,7,45,92,92012,JEAN JAURES (BOULEVARD) 2/68 - COTE PAIR,48.8453118,2.23713273,Plein jour,En agglomération,Hors intersection,Normale,Deux véhicules - arrière,4,2,2,0,1,1,1,0,1,30,2,2,1,0,0,1,34.0,48.0,deux_roues,utilitaire_camion,1,2,1,1,2
202400001273,2024-10-24 18:20:00,2024,10,24,18,20,92,92025,A86,48.92201331,2.22672771,Plein jour,Hors agglomération,Hors intersection,Normale,Deux véhicules - côté,1,-1,2,0,1,1,1,0,1,90,2,2,1,0,0,1,43.0,31.0,voiture,deux_roues,1,1,1,1,3
202400001274,2024-02-11 00:39:00,2024,2,11,0,39,13,13015,A51-Sens Aix en Provence vers Marseille,43.45328,5.39642,Nuit sans éclairage public,Hors agglomération,Hors intersection,Normale,Deux véhicules - arrière,1,1,2,0,1,1,2,0,1,90,2,3,1,0,0,2,42.0,22.0,voiture,voiture,3,1,1,1,2
202400001275,2024-02-09 22:18:00,2024,2,9,22,18,13,13033,A55-Sens Marseille vers Martigues,43.37297691,5.18996026,Nuit sans éclairage public,Hors agglomération,Hors intersection,Pluie forte,Deux véhicules - côté,1,1,2,0,1,1,2,3,1,110,2,3,2,0,0,1,41.0,22.0,deux_roues,voiture,3,1,1,3,3
202400001276,2024-10-24 17:30:00,2024,10,24,17,30,92,92036,A86,48.93510157,2.26605905,Plein jour,Hors agglomération,Hors intersection,Normale,Deux véhicules - arrière,1,1,2,0,1,1,1,0,1,90,2,2,1,0,0,1,19.0,25.0,utilitaire_camion,deux_roues,1,1,1,1,2
202400001277,2024-06-05 18:30:00,2024,6,5,18,30,50,50541,6 Les Pas,48.836906,-1.4853,Plein jour,Hors agglomération,Hors intersection,Normale,Trois véhicules et plus - en chaîne,3,2,2,0,2,1,1,0,1,80,4,4,2,0,0,2,50.0,36.0,voiture,voiture,1,1,1,1,4
202400001278,2024-02-10 04:14:00,2024,2,10,4,14,13,13085,A50-Sens Toulon vers Aubagne,43.255,5.5939,Nuit sans éclairage public,Hors agglomération,Hors intersection,Pluie forte,Deux véhicules - côté,1,1,2,0,2,3,2,0,1,90,2,4,0,0,0,4,22.0,21.0,voiture,voiture,3,1,1,3,3
202400001279,2024-10-23 19:00:00,2024,10,23,19,0,78,78322,A86 EXT,48.781401,2.167502,Nuit sans éclairage public,Hors agglomération,Hors intersection,Normale,Trois véhicules et plus - en chaîne,1,1,4,0,1,1,1,0,1,90,3,3,1,0,0,2,51.0,41.0,voiture,voiture,3,1,1,1,4
202400001280,2024-06-08 12:00:00,2024,6,8,12,0,47,47145,Chemin de MONSEIGNE,44.129103,0.662296,Plein jour,En agglomération,Intersection en T,Normale,Deux véhicules - frontale,4,2,2,0,3,1,1,0,1,50,2,4,3,0,1,0,10.0,37.0,deux_roues,voiture,1,2,3,1,1
202400001280,2024-06-08 12:00:00,2024,6,8,12,0,47,47145,Chemin de MONSEIGNE,44.129103,0.662296,Plein jour,En agglomération,Intersection en T,Normale,Deux véhicules - frontale,4,2,2,-1,2,1,1,0,1,50,2,4,3,0,1,0,10.0,37.0,deux_roues,voiture,1,2,3,1,1
202400001281,2024-02-10 03:22:00,2024,2,10,3,22,13,13005,A52-Sens Toulon vers Pont de l'Etoile,43.324,5.59914,Nuit sans éclairage public,Hors agglomération,Hors intersection,Pluie forte,Sans collision,1,1,0,0,1,1,2,7,1,90,1,2,1,0,1,0,,,autre,,3,1,1,3,7
202400001282,2024-10-23 08:20:00,2024,10,23,8,20,92,92025,A86,48.92201331,2.22672771,Plein jour,Hors agglomération,Hors intersection,Brouillard / fumée,Deux véhicules - côté,1,-1,2,0,1,1,1,0,1,70,2,2,1,0,0,1,20.0,37.0,voiture,deux_roues,1,1,1,5,3
202400001283,2024-06-08 00:30:00,2024,6,8,0,30,35,35180,le Clos d'Ahaut,48.285467,-1.916374,Nuit sans éclairage public,Hors agglomération,Hors intersection,Normale,Sans collision,7,2,2,0,1,1,1,0,3,80,1,3,1,0,2,0,20.0,,voiture,,3,1,1,1,7
202400001284,2024-02-11 21:15:00,2024,2,11,21,15,91,91103,RN 104,48.62457,2.301051,Nuit sans éclairage public,Hors agglomération,Hors intersection,Normale,Sans collision,2,3,2,0,1,1,1,0,1,110,1,1,0,0,0,1,21.0,,voiture,,3,1,1,1,7
202400001285,2024-06-08 02:10:00,2024,6,8,2,10,91,91235,Rue Edouard Aubert,48.622889,2.367607,Nuit avec éclairage allumé,En agglomération,Giratoire,Normale,Autre collision,4,2,2,0,1,1,1,0,1,50,1,1,0,1,0,0,38.0,,voiture,,5,2,6,1,6
202400001286,2024-10-23 15:55:00,2024,10,23,15,55,93,93005,AUTOROUTE A3,48.96120283,2.4736986,Plein jour,Hors agglomération,Hors intersection,Normale,Trois véhicules et plus - en chaîne,1,3,2,0,1,1,1,0,1,110,3,3,2,0,0,1,27.0,30.0,voiture,voiture,1,1,1,1,4
202400001287,2024-02-11 18:20:00,2024,2,11,18,20,91,91235,RN 104,48.62694,2.35422,Nuit sans éclairage public,Hors agglomération,Hors intersection,Normale,Deux véhicules - frontale,3,3,0,0,2,1,2,0,1,50,2,2,0,0,0,2,36.0,21.0,voiture,voiture,3,1,1,1,1
202400001288,2024-06-06 20:26:00,2024,6,6,20,26,18,18070,La Sauloie,47.501629,2.563052,Crépuscule ou aube,Hors agglomération,Intersection en T,Temps éblouissant,Deux véhicules - frontale,4,2,2,0,1,4,1,0,1,70,2,2,1,0,1,0,27.0,38.0,voiture,voiture,2,1,3,7,1
202400001288,2024-06-06 20:26:00,2024,6,6,20,26,18,18070,La Sauloie,47.501629,2.563052,Crépuscule ou aube,Hors agglomération,Intersection en T,Temps éblouissant,Deux véhicules - frontale,4,2, -1,-1,1,1,1,0,1,-1,2,2,1,0,1,0,27.0,38.0,voiture,voiture,2,1,3,7,1
202400001289,2024-02-10 21:20:00,2024,2,10,21,20,91,91136,AUTOROUTE A10,48.7106,2.2874,Nuit sans éclairage public,Hors agglomération,Hors intersection,Pluie légère,Autre collision,1,1,2,0,2,2,2,0,1,70,1,1,0,0,0,1,22.0,,voiture,,3,1,1,2,6
202400001290,2024-10-23 09:50:00,2024,10,23,9,50,93,93007,AUTOROUTE A1,48.94617059,2.44137667,Plein jour,Hors agglomération,Hors intersection,Normale,Deux véhicules - côté,1,3,4,0,1,1,1,0,1,90,2,2,1,0,0,1,51.0,52.0,voiture,utilitaire_camion,1,1,1,1,3
202400001291,2024-06-07 07:55:00,2024,6,7,7,55,49,49092,D 84,47.207091,-0.636113,Crépuscule ou aube,Hors agglomération,Hors intersection,Normale,Deux véhicules - frontale,3,2,2,0,1,2,1,0,1,80,2,3,2,1,0,0,30.0,37.0,voiture,deux_roues,2,1,1,1,1
202400001292,2024-02-10 23:35:00,2024,2,10,23,35,91,91689,AUTOROUTE A6A,48.74858692,2.32746005,Nuit sans éclairage public,Hors agglomération,Autre intersection,Pluie légère,Deux véhicules - arrière,1,2,6,0,1,1,2,0,6,90,2,3,2,0,0,1,41.0,30.0,voiture,voiture,3,1,9,2,2
202400001293,2024-10-24 15:45:00,2024,10,24,15,45,94,94073,A86,48.76675234,2.37881635,Plein jour,Hors agglomération,Hors intersection,Normale,Deux véhicules - côté,1,3,3,0,1,1,1,1,1,90,2,2,1,0,0,1,56.0,23.0,voiture,deux_roues,1,1,1,1,3
202400001294,2024-06-08 02:55:00,2024,6,8,2,55,974,97414,81c Îlet Furcy,-21.24263843,55.45336103,Nuit sans éclairage public,Hors agglomération,Hors intersection,Normale,Deux véhicules - côté,2,2,2,0,1,4,1,0,1,80,2,3,2,0,1,0,24.0,26.0,voiture,deux_roues,3,1,1,1,3
202400001295,2024-02-10 22:00:00,2024,2,10,22,0,91,91689,AUTOROUTE A6A,48.739122,2.319796,Nuit sans éclairage public,Hors agglomération,Hors intersection,Pluie légère,Deux véhicules - arrière,1,1,2,0,2,3,2,0,1,90,2,5,2,0,0,3,24.0,36.0,voiture,voiture,3,1,1,2,2
202400001296,2024-10-24 12:06:00,2024,10,24,12,6,94,94073,A86,48.76035941,2.38284097,Plein jour,Hors agglomération,Hors intersection,Normale,Deux véhicules - arrière,1,1,3,0,1,1,1,1,1,90,2,2,1,1,0,0,27.0,60.0,deux_roues,voiture,1,1,1,1,2
202400001297,2024-06-08 05:24:00,2024,6,8,5,24,14,14436,N13,49.25076393,-0.68216085,Crépuscule ou aube,Hors agglomération,Hors intersection,Normale,Deux véhicules - arrière,2,3,2,0,1,1,1,0,1,110,2,4,3,0,0,1,68.0,43.0,voiture,utilitaire_camion,2,1,1,1,2
202400001298,2024-10-24 07:00:00,2024,10,24,7,0,94,94017,A4,48.82816654,2.50398825,Nuit sans éclairage public,Hors agglomération,Hors intersection,Normale,Deux véhicules - arrière,1,1,3,0,1,1,1,1,1,3,2,2,0,0,0,2,46.0,26.0,voiture,voiture,3,1,1,1,2
202400001299,2024-02-10 17:10:00,2024,2,10,17,10,92,92036,A86,48.93602815,2.28853583,Crépuscule ou aube,Hors agglomération,Hors intersection,Pluie forte,Deux véhicules - arrière,1,3,4,0,1,3,2,0,1,90,2,5,3,0,0,2,45.0,,voiture,voiture,2,1,1,3,2
202400001300,2024-06-06 13:45:00,2024,6,6,13,45,71,71443,D970,46.923795,4.943681,Plein jour,Hors agglomération,Intersection en X,Temps couvert,Deux véhicules - côté,3,2,2,0,1,1,1,0,1,80,2,3,2,0,0,1,77.0,35.0,voiture,deux_roues,1,1,2,8,3
202400001300,2024-06-06 13:45:00,2024,6,6,13,45,71,71443,D970,46.923795,4.943681,Plein jour,Hors agglomération,Intersection en X,Temps couvert,Deux véhicules - côté,3,2,2,0,1,1,1,0,1,90,2,3,2,0,0,1,77.0,35.0,voiture,deux_roues,1,1,2,8,3
202400001301,2024-10-24 06:05:00,2024,10,24,6,5,77,77083,A4.W,48.83120762,2.60505058,Nuit sans éclairage public,Hors agglomération,Hors intersection,Normale,Deux véhicules - arrière,1,-1,3,0,1,1,1,0,1,110,2,2,1,0,0,1,37.0,51.0,deux_roues,utilitaire_camion,3,1,1,1,2
202400001302,2024-02-11 02:35:00,2024,2,11,2,35,95,95500,A15,49.03923046,2.08563124,Nuit avec éclairage non allumé,Hors agglomération,Hors intersection,Normale,Trois véhicules et plus - en chaîne,1,3,8,0,1,1,1,0,1,90,3,4,2,0,0,2,59.0,26.0,voiture,voiture,4,1,1,1,4
202400001303,2024-06-07 15:40:00,2024,6,7,15,40,38,38429,D1075,44.867093,5.604594,Plein jour,Hors agglomération,Hors intersection,Normale,Sans collision,3,2,2,0,2,2,2,0,1,80,1,1,0,0,0,1,60.0,,deux_roues,,1,1,1,1,7
202400001304,2024-06-08 05:05:00,2024,6,8,5,5,62,62081,D939,50.22377757,3.03638202,Crépuscule ou aube,Hors agglomération,Hors intersection,Normale,Autre collision,3,2,2,0,1,1,1,0,3,80,1,1,0,0,0,1,24.0,,voiture,,2,1,1,1,6
202400001305,2024-10-23 22:15:00,2024,10,23,22,15,77,77121,A4,48.83224646,2.66800241,Nuit sans éclairage public,Hors agglomération,Hors intersection,Normale,Deux véhicules - arrière,1,3,3,0,1,1,1,0,1,110,2,2,1,0,0,1,76.0,57.0,voiture,voiture,3,1,1,1,2
202400001306,2024-02-10 22:10:00,2024,2,10,22,10,93,93007,A1,48.94353028,2.43541292,Nuit avec éclairage allumé,Hors agglomération,Hors intersection,Temps couvert,Trois véhicules et plus - collisions multiples,1,3,4,0,1,1,3,0,1,110,3,5,2,0,0,3,20.0,35.0,voiture,voiture,5,1,1,8,5
202400001307,2024-06-07 16:30:00,2024,6,7,16,30,27,27552,A28 PK 229+500 direction ROUEN,49.006482,0.443658,Plein jour,Hors agglomération,Hors intersection,Normale,Sans collision,1,1,2,0,1,1,1,0,3,130,1,1,0,0,1,0,86.0,,voiture,,1,1,1,1,7
202400001308,2024-06-25 22:25:00,2024,6,25,22,25,35,35238,Cours du Président John Fitzgerald Kennedy,48.12128,-1.707397,Crépuscule ou aube,En agglomération,Hors intersection,Normale,Autre collision,4,2,2,0,1,1,1,0,1,30,1,1,0,0,1,0,32.0,,deux_roues,,2,2,1,1,6
202400001309,2024-06-08 11:30:00,2024,6,8,11,30,57,57163,D45,48.64302,7.253163,Plein jour,Hors agglomération,Hors intersection,Normale,Sans collision,3,2,2,0,1,2,1,0,1,80,1,1,0,0,1,0,27.0,,deux_roues,,1,1,1,1,7
202400001310,2024-05-31 16:48:00,2024,5,31,16,48,38,38544,Rue Pierre et Marie Curie,45.54217,4.86267,Plein jour,En agglomération,Hors intersection,Normale,Autre collision,4,2,2,0,1,1,1,0,1,50,1,2,1,0,1,0,28.0,,voiture,,1,2,1,1,6
202400001311,2024-02-11 05:30:00,2024,2,11,5,30,94,94042,A4,48.82836797,2.47558356,Nuit avec éclairage non allumé,Hors agglomération,Hors intersection,Pluie légère,Deux véhicules - côté,1,3,10,0,1,1,2,0,2,90,2,6,1,0,0,5,22.0,33.0,voiture,voiture,4,1,1,2,3
202400001312,2024-06-07 18:00:00,2024,6,7,18,0,56,56231,Lieu Dit Keravel,47.696484,-2.685857,Plein jour,Hors agglomération,Intersection en T,Normale,Deux véhicules - côté,3,2,2,0,1,3,1,0,1,70,2,2,0,0,1,1,58.0,62.0,voiture,deux_roues,1,1,3,1,3
202400001312,2024-06-07 18:00:00,2024,6,7,18,0,56,56231,Lieu Dit Keravel,47.696484,-2.685857,Plein jour,Hors agglomération,Intersection en T,Normale,Deux véhicules - côté,3,2,2,-1,1,1,1,0,1,-1,2,2,0,0,1,1,58.0,62.0,voiture,deux_roues,1,1,3,1,3
202400001313,2024-02-11 04:44:00,2024,2,11,4,44,94,94044,N406,48.7580093,2.47075818,Nuit sans éclairage public,Hors agglomération,Hors intersection,Pluie légère,Autre collision,2,-1,2,0,1,3,2,0,1,70,1,2,0,0,0,2,52.0,,voiture,,3,1,1,2,6
202400001314,2024-05-03 20:35:00,2024,5,3,20,35,38,38544,DELORME(RUE),45.52312,4.87025,Plein jour,En agglomération,Hors intersection,Pluie légère,Autre collision,4,1,1,0,1,1,2,9,1,50,1,3,1,0,1,1,19.0,,voiture,,1,2,1,2,6
202400001315,2024-06-07 14:40:00,2024,6,7,14,40,77,77242,route départementaler 209,48.487014,3.212407,Plein jour,Hors agglomération,Intersection en X,Normale,Deux véhicules - côté,3,2,2,0,1,1,1,0,1,90,2,4,0,0,0,4,19.0,34.0,voiture,voiture,1,1,2,1,3
202400001315,2024-06-07 14:40:00,2024,6,7,14,40,77,77242,route départementaler 209,48.487014,3.212407,Plein jour,Hors agglomération,Intersection en X,Normale,Deux véhicules - côté,3,2,2,0,2,1,1,0,1,90,2,4,0,0,0,4,19.0,34.0,voiture,voiture,1,1,2,1,3
202400001316,2024-02-11 02:50:00,2024,2,11,2,50,94,94079,A4,48.83572828,2.53991099,Nuit sans éclairage public,Hors agglomération,Hors intersection,Temps couvert,Trois véhicules et plus - en chaîne,1,3,4,0,1,1,2,0,1,110,3,7,1,0,0,6,72.0,57.0,utilitaire_camion,voiture,3,1,1,8,4
202400001317,2024-06-08 12:00:00,2024,6,8,12,0,79,79329,,46.992504,-0.249306,Plein jour,Hors agglomération,Hors intersection,Normale,Sans collision,4,2,2,0,2,2,1,0,3,80,1,1,0,1,0,0,19.0,,voiture,,1,1,1,1,7
202400001318,2024-02-11 02:15:00,2024,2,11,2,15,93,93051,A4,48.83617975,2.54134798,Nuit sans éclairage public,Hors agglomération,Hors intersection,Pluie légère,Deux véhicules - arrière,1,-1,4,0,2,3,2,0,1,110,2,3,2,0,0,1,24.0,60.0,voiture,voiture,3,1,1,2,2
202400001319,2024-06-06 10:10:00,2024,6,6,10,10,33,33335,,44.810671,-0.355031,Plein jour,Hors agglomération,Hors intersection,Normale,Deux véhicules - côté,4,2,2,0,1,1,1,0,1,70,2,2,1,0,1,0,44.0,81.0,voiture,deux_roues,1,1,1,1,3
202400001320,2024-06-08 12:37:00,2024,6,8,12,37,71,71516,5 Rue du Mont,46.765873,5.226587,Plein jour,Hors agglomération,Intersection en T,Normale,Autre collision,3,2,2,0,1,1,1,0,3,80,1,2,1,0,0,1,24.0,,voiture,,1,1,3,1,6
202400001320,2024-06-08 12:37:00,2024,6,8,12,37,71,71516,5 Rue du Mont,46.765873,5.226587,Plein jour,Hors agglomération,Intersection en T,Normale,Autre collision,3,2,2,0,1,1,1,0,8,50,1,2,1,0,0,1,24.0,,voiture,,1,1,3,1,6
202400001321,2024-06-08 11:45:00,2024,6,8,11,45,71,71248,2 Route de l’Arvoux,46.560937,4.929266,Plein jour,En agglomération,Hors intersection,Normale,Deux véhicules - côté,3,2,2,0,1,1,1,0,1,50,2,2,1,0,0,1,76.0,54.0,voiture,deux_roues,1,2,1,1,3
202400001322,2024-06-29 20:30:00,2024,6,29,20,30,01,01160,Avenue Voltaire,46.25667,6.109698,Plein jour,En agglomération,Intersection en T,Normale,Deux véhicules - côté,3,2,2,0,1,1,1,5,1,50,2,3,2,0,0,1,33.0,34.0,voiture,deux_roues,1,2,3,1,3
202400001322,2024-06-29 20:30:00,2024,6,29,20,30,01,01160,Avenue Voltaire,46.25667,6.109698,Plein jour,En agglomération,Intersection en T,Normale,Deux véhicules - côté,3,2,2,0,1,1,1,0,1,50,2,3,2,0,0,1,33.0,34.0,voiture,deux_roues,1,2,3,1,3
202400001323,2024-05-30 10:20:00,2024,5,30,10,20,61,61142,D955,48.363944,0.625743,Plein jour,Hors agglomération,Hors intersection,Normale,Deux véhicules - arrière,3,2,2,0,1,1,1,0,1,90,2,2,1,0,0,1,51.0,,voiture,utilitaire_camion,1,1,1,1,2
202400001324,2024-10-23 23:20:00,2024,10,23,23,20,974,97416,RN1 (ROUTE NATIONALE),-21.29842,55.41974,Nuit sans éclairage public,Hors agglomération,Hors intersection,Normale,Deux véhicules - frontale,2,1,3,0,2,1,1,2,1,70,2,3,0,0,1,2,31.0,24.0,voiture,voiture,3,1,1,1,1
202400001325,2024-06-07 17:55:00,2024,6,7,17,55,61,61066,D651,48.505488,0.40085,Plein jour,Hors agglomération,Hors intersection,Normale,Deux véhicules - frontale,3,2,2,0,1,2,1,0,1,80,2,2,1,0,1,0,24.0,87.0,utilitaire_camion,voiture,1,1,1,1,1
202400001326,2024-10-23 06:25:00,2024,10,23,6,25,974,97416,RECHERCHANT(RUE ADRIEN),-21.28201,55.47421,Crépuscule ou aube,En agglomération,Giratoire,Normale,Autre collision,3,2,2,0,1,3,1,0,8,50,1,2,1,0,0,1,61.0,,voiture,,2,2,6,1,6
202400001326,2024-10-23 06:25:00,2024,10,23,6,25,974,97416,RECHERCHANT(RUE ADRIEN),-21.28201,55.47421,Crépuscule ou aube,En agglomération,Giratoire,Normale,Autre collision,3,2,2,0,1,3,1,0,1,50,1,2,1,0,0,1,61.0,,voiture,,2,2,6,1,6
202400001327,2024-06-07 19:00:00,2024,6,7,19,0,44,44129,,47.42321,-2.089977,Plein jour,Hors agglomération,Hors intersection,Normale,Trois véhicules et plus - collisions multiples,3,2,2,0,1,1,1,0,1,80,3,3,2,0,1,0,58.0,50.0,deux_roues,voiture,1,1,1,1,5
202400001328,2024-06-07 16:30:00,2024,6,7,16,30,44,44014,Rue de la Roche,47.104803,-1.490048,Plein jour,Hors agglomération,Hors intersection,Normale,Sans collision,3,2,2,0,2,2,1,0,3,80,1,1,0,0,0,1,20.0,,deux_roues,,1,1,1,1,7
202400001329,2024-10-22 20:50:00,2024,10,22,20,50,973,97302,MADELEINE (ROUTE DE LA),4.91243393,-52.3210727,Nuit avec éclairage allumé,En agglomération,Hors intersection,Normale,Sans collision,3,2,2,0,1,1,1,0,1,50,1,1,0,0,0,1,22.0,,deux_roues,,5,2,1,1,7
202400001330,2024-06-07 17:00:00,2024,6,7,17,0,44,44005,,47.132626,-1.859549,Plein jour,Hors agglomération,Intersection en X,Normale,Deux véhicules - côté,3,3,3,0,1,1,1,5,1,90,2,2,1,0,1,0,26.0,82.0,voiture,voiture,1,1,2,1,3
202400001330,2024-06-07 17:00:00,2024,6,7,17,0,44,44005,,47.132626,-1.859549,Plein jour,Hors agglomération,Intersection en X,Normale,Deux véhicules - côté,3,2,2,0,1,1,1,0,1,50,2,2,1,0,1,0,26.0,82.0,voiture,voiture,1,1,2,1,3
202400001331,2024-10-22 17:10:00,2024,10,22,17,10,973,97302,MERE THERESA (rue),4.91872,-52.3128,Plein jour,En agglomération,Hors intersection,Normale,Deux véhicules - arrière,4,2,2,0,1,1,1,0,1,50,2,2,1,0,0,1,46.0,64.0,deux_roues,voiture,1,2,1,1,2
202400001332,2024-06-08 09:24:00,2024,6,8,9,24,29,29281,Ty Men,48.00614455,-3.82277366,Plein jour,Hors agglomération,Intersection en X,Normale,Deux véhicules - côté,3,2,2,0,2,1,1,0,1,70,2,2,1,0,1,0,67.0,43.0,deux_roues,voiture,1,1,2,1,3
202400001332,2024-06-08 09:24:00,2024,6,8,9,24,29,29281,Ty Men,48.00614455,-3.82277366,Plein jour,Hors agglomération,Intersection en X,Normale,Deux véhicules - côté,3,2, -1,0,1,1,1,0,1,-1,2,2,1,0,1,0,67.0,43.0,deux_roues,voiture,1,1,2,1,3