accident_id,datetime,annee,mois,jour,heure,minute,departement,commune_insee,adresse,latitude,longitude,luminosite,agglomeration,intersection,meteo,collision,catr,circ,nbv,vosp,prof,plan,surf,infra,situ,vma,nb_vehicules,nb_usagers,nb_indemnes,nb_tues,nb_blesses_hosp,nb_blesses_legers,age_cond_1,age_cond_2,veh_type_cond_1,veh_type_cond_2,lum_code,agg_code,int_code,atm_code,col_code
202400001333,2024-10-23 21:10:00,2024,10,23,21,10,69,69388,Route de Vienne,45.7351121,4.85342731,Nuit avec éclairage allumé,En agglomération,Intersection en X,Normale,Deux véhicules - côté,4,1,1,2,1,1,1,0,1,30,2,2,1,0,1,0,19.0,33.0,deux_roues,deux_roues,5,2,2,1,3
202400001333,2024-10-23 21:10:00,2024,10,23,21,10,69,69388,Route de Vienne,45.7351121,4.85342731,Nuit avec éclairage allumé,En agglomération,Intersection en X,Normale,Deux véhicules - côté,4,2,2,0,1,1,1,8,1,30,2,2,1,0,1,0,19.0,33.0,deux_roues,deux_roues,5,2,2,1,3
202400001334,2024-06-07 22:45:00,2024,6,7,22,45,29,29056,Guerrus,48.43692819,-4.29357652,Nuit sans éclairage public,Hors agglomération,Hors intersection,Normale,Autre collision,3,2,2,0,1,1,1,0,3,50,1,1,0,0,0,1,24.0,,voiture,,3,1,1,1,6
202400001335,2024-10-16 15:30:00,2024,10,16,15,30,69,69387,Avenue Berthelot,45.74741774,4.83518702,Plein jour,En agglomération,Hors intersection,Pluie légère,Autre collision,4,1,2,3,1,1,2,0,6,30,1,1,0,0,0,1,55.0,,deux_roues,,1,2,1,2,6
202400001336,2024-06-07 16:45:00,2024,6,7,16,45,29,29220,route de plomeur,47.85466589,-4.24316835,Plein jour,Hors agglomération,Intersection en T,Normale,Deux véhicules - côté,3,2,1,0,1,1,1,0,1,70,2,3,1,0,1,1,78.0,82.0,voiture,voiture,1,1,3,1,3
202400001336,2024-06-07 16:45:00,2024,6,7,16,45,29,29220,route de plomeur,47.85466589,-4.24316835,Plein jour,Hors agglomération,Intersection en T,Normale,Deux véhicules - côté,3,-1, -1,0,1,1,1,0,1,-1,2,3,1,0,1,1,78.0,82.0,voiture,voiture,1,1,3,1,3
202400001337,2024-10-23 15:15:00,2024,10,23,15,15,69,69382,48 Rue Ferrandière,45.7620771,4.83437192,Plein jour,En agglomération,Hors intersection,Normale,Autre collision,4,1,1,0,1,1,1,0,1,30,1,2,1,0,1,0,34.0,,deux_roues,,1,2,1,1,6
202400001338,2024-06-04 07:30:00,2024,6,4,7,30,31,31490,9 Chemin de la Plaine,43.746006,1.370732,Plein jour,En agglomération,Hors intersection,Normale,Autre collision,4,2,2,0,1,1,1,0,4,50,1,1,0,0,1,0,24.0,,deux_roues,,1,2,1,1,6
202400001339,2024-10-22 07:15:00,2024,10,22,7,15,971,97101,HIBISCUS (RESIDENCE),16.2519,-61.52663,Plein jour,En agglomération,Intersection en T,Normale,Deux véhicules - côté,4,2,2,0,1,1,1,0,1,30,2,2,1,0,0,1,60.0,76.0,voiture,voiture,1,2,3,1,3
202400001339,2024-10-22 07:15:00,2024,10,22,7,15,971,97101,HIBISCUS (RESIDENCE),16.2519,-61.52663,Plein jour,En agglomération,Intersection en T,Normale,Deux véhicules - côté,4,2,2,0,1,2,1,0,1,30,2,2,1,0,0,1,60.0,76.0,voiture,voiture,1,2,3,1,3
202400001340,2024-10-23 14:10:00,2024,10,23,14,10,91,91027,AV FRANCOIS MITTERRAND,48.71233,2.37132,Plein jour,En agglomération,Hors intersection,Normale,Deux véhicules - arrière,3,1,0,0,1,1,1,0,1,50,2,2,1,0,0,1,38.0,28.0,voiture,voiture,1,2,1,1,2
202400001341,2024-06-06 06:15:00,2024,6,6,6,15,84,84025,1579 Route d?Apt,43.865821,5.159554,Crépuscule ou aube,Hors agglomération,Hors intersection,Normale,Sans collision,3,2,2,0,1,1,1,0,1,80,1,1,0,0,1,0,52.0,,deux_roues,,2,1,1,1,7
202400001342,2024-06-08 00:50:00,2024,6,8,0,50,03,03118,D2009,46.114925,3.201141,Nuit avec éclairage non allumé,En agglomération,Giratoire,Normale,Autre collision,3,2,1,0,1,1,1,0,8,50,1,1,0,0,1,0,29.0,,voiture,,4,2,6,1,6
202400001343,2024-10-23 10:25:00,2024,10,23,10,25,87,87050,GARE (AVENUE DE LA) RD125,45.88346,1.24335,Plein jour,En agglomération,Intersection en T,Normale,Deux véhicules - côté,3,2,2,0,1,1,1,0,1,50,2,2,1,0,0,1,71.0,51.0,voiture,voiture,1,2,3,1,3
202400001343,2024-10-23 10:25:00,2024,10,23,10,25,87,87050,GARE (AVENUE DE LA) RD125,45.88346,1.24335,Plein jour,En agglomération,Intersection en T,Normale,Deux véhicules - côté,3,2,2,0,1,1,1,0,1,50,2,2,1,0,0,1,71.0,51.0,voiture,voiture,1,2,3,1,3
202400001344,2024-06-07 13:30:00,2024,6,7,13,30,15,15170,VC lieu dit Loucheyre,45.326437,2.679956,Plein jour,En agglomération,Hors intersection,Normale,Sans collision,4,2,2,0,2,3,1,0,3,50,1,1,0,0,1,0,46.0,,deux_roues,,1,2,1,1,7
202400001345,2024-10-22 07:32:00,2024,10,22,7,32,87,87085,BASSE-DES-CARRIERS,45.82409,1.27192,Nuit avec éclairage allumé,En agglomération,Hors intersection,Normale,Sans collision,4,2,2,0,1,1,1,0,1,30,1,1,0,0,0,1,47.0,,deux_roues,,5,2,1,1,7
202400001346,2024-06-08 07:45:00,2024,6,8,7,45,01,01373,17 Rue de la Vie de l'Orme,46.133354,5.55317,Crépuscule ou aube,En agglomération,Hors intersection,Normale,Autre collision,4,2,2,0,1,1,1,0,1,50,1,1,0,1,0,0,81.0,,voiture,,2,2,1,1,6
202400001347,2024-10-22 07:47:00,2024,10,22,7,47,87,87085,VALIN (AVENUE DU GENERAL MARTIAL),45.81124,1.27395,Nuit avec éclairage allumé,En agglomération,Hors intersection,Normale,Autre collision,4,2,2,0,1,1,1,0,1,30,1,2,1,0,0,1,89.0,,utilitaire_camion,,5,2,1,1,6
202400001348,2024-06-07 19:05:00,2024,6,7,19,5,06,06125,D2202,44.145104,6.758314,Plein jour,Hors agglomération,Hors intersection,Normale,Autre collision,3,2,2,0,1,2,1,0,3,80,1,1,0,0,1,0,42.0,,deux_roues,,1,1,1,1,6
202400001349,2024-10-12 19:15:00,2024,10,12,19,15,83,83129,JUIN MARECHAL (AV DU),43.0944388,5.84655046,Crépuscule ou aube,En agglomération,Autre intersection,Normale,Autre collision,3,2,4,0,2,3,1,9,1,70,2,2,1,0,1,0,49.0,22.0,deux_roues,voiture,2,2,9,1,6
202400001350,2024-10-22 11:10:00,2024,10,22,11,10,83,83069,OLBIA  (VOIE),43.1164,6.1416,Plein jour,En agglomération,Hors intersection,Normale,Autre collision,3,3,4,0,1,1,1,0,1,50,1,2,1,0,1,0,94.0,,voiture,,1,2,1,1,6
202400001351,2024-06-07 19:20:00,2024,6,7,19,20,50,50419,D35,48.953536,-1.441623,Plein jour,En agglomération,Intersection en X,Normale,Deux véhicules - côté,3,2,2,0,1,1,1,0,1,80,2,2,1,0,1,0,45.0,28.0,utilitaire_camion,deux_roues,1,2,2,1,3
202400001351,2024-06-07 19:20:00,2024,6,7,19,20,50,50419,D35,48.953536,-1.441623,Plein jour,En agglomération,Intersection en X,Normale,Deux véhicules - côté,3,2,2,0,1,1,1,0,1,80,2,2,1,0,1,0,45.0,28.0,utilitaire_camion,deux_roues,1,2,2,1,3
202400001352,2024-06-08 10:10:00,2024,6,8,10,10,43,43084,Les Ayeux,44.99542,3.886532,Plein jour,Hors agglomération,Hors intersection,Pluie légère,Deux véhicules - côté,3,2,2,0,2,3,2,0,1,80,2,2,1,1,0,0,48.0,35.0,deux_roues,voiture,1,1,1,2,3
202400001353,2024-10-23 13:10:00,2024,10,23,13,10,82,82033,Route de Toulouse,44.05939338,1.09855342,Plein jour,Hors agglomération,Hors intersection,Normale,Deux véhicules - arrière,3,-1,2,0,1,1,1,0,1,80,2,3,1,0,0,2,24.0,21.0,utilitaire_camion,voiture,1,1,1,1,2
202400001354,2024-10-21 09:40:00,2024,10,21,9,40,80,80021,Rue de la Dodane,49.89608,2.30365,Plein jour,Hors agglomération,Hors intersection,Pluie légère,Autre collision,4,2,2,0,1,1,2,0,1,30,1,2,1,0,0,1,67.0,,voiture,,1,1,1,2,6
202400001355,2024-06-07 19:20:00,2024,6,7,19,20,10,10094,départementale 6,48.500341,4.576728,Plein jour,Hors agglomération,Hors intersection,Normale,Deux véhicules - frontale,3,2,2,0,1,1,1,0,1,80,2,5,1,0,1,3,32.0,24.0,voiture,voiture,1,1,1,1,1
202400001356,2024-06-07 21:15:00,2024,6,7,21,15,07,07313,Rue Michel Gautier,45.312156,4.766833,Nuit sans éclairage public,Hors agglomération,Autre intersection,Normale,Deux véhicules - côté,3,2,2,0,2,4,1,0,1,90,2,2,1,0,0,1,18.0,52.0,voiture,voiture,3,1,9,1,3
202400001357,2024-10-23 20:20:00,2024,10,23,20,20,78,78440,ARISTIDE BRIAND (RUE),48.98386,1.911637,Nuit avec éclairage allumé,En agglomération,Intersection en T,Normale,Deux véhicules - côté,3,1,1,1,1,1,1,0,1,30,2,2,1,0,0,1,34.0,24.0,deux_roues,voiture,5,2,3,1,3
202400001357,2024-10-23 20:20:00,2024,10,23,20,20,78,78440,ARISTIDE BRIAND (RUE),48.98386,1.911637,Nuit avec éclairage allumé,En agglomération,Intersection en T,Normale,Deux véhicules - côté,3,1,1,1,1,1,1,9,5,30,2,2,1,0,0,1,34.0,24.0,deux_roues,voiture,5,2,3,1,3
202400001358,2024-10-23 08:45:00,2024,10,23,8,45,78,78401,AULNES (AVENUE DES),49.01016,1.90393,Crépuscule ou aube,En agglomération,Intersection en X,Brouillard / fumée,Deux véhicules - arrière,3,2,3,0,1,1,1,5,1,50,2,2,1,0,0,1,52.0,27.0,voiture,voiture,2,2,2,5,2
202400001358,2024-10-23 08:45:00,2024,10,23,8,45,78,78401,AULNES (AVENUE DES),49.01016,1.90393,Crépuscule ou aube,En agglomération,Intersection en X,Brouillard / fumée,Deux véhicules - arrière,3,2, -1,-1,1,1,1,0,1,-1,2,2,1,0,0,1,52.0,27.0,voiture,voiture,2,2,2,5,2
202400001359,2024-06-08 14:40:00,2024,6,8,14,40,24,24577,Route des Gabarres,44.82401449,1.16785601,Plein jour,Hors agglomération,Hors intersection,Normale,Deux véhicules - frontale,3,2,2,0,1,1,1,0,1,70,2,2,1,0,1,0,24.0,28.0,deux_roues,voiture,1,1,1,1,1
202400001360,2024-10-23 07:38:00,2024,10,23,7,38,78,78401,AULNES (AVENUE DES),49.01393,1.90044,Crépuscule ou aube,En agglomération,Intersection en T,Brouillard / fumée,Deux véhicules - côté,3,1,2,0,2,3,1,0,1,50,2,2,0,0,0,2,43.0,51.0,voiture,voiture,2,2,3,5,3
202400001360,2024-10-23 07:38:00,2024,10,23,7,38,78,78401,AULNES (AVENUE DES),49.01393,1.90044,Crépuscule ou aube,En agglomération,Intersection en T,Brouillard / fumée,Deux véhicules - côté,3,3,3,0,1,1,1,5,1,50,2,2,0,0,0,2,43.0,51.0,voiture,voiture,2,2,3,5,3
202400001361,2024-06-07 17:30:00,2024,6,7,17,30,17,17041,D116,46.231153,-0.81316,Plein jour,Hors agglomération,Hors intersection,Normale,Deux véhicules - frontale,3,2,2,0,1,1,1,0,1,80,2,2,0,1,0,1,20.0,54.0,voiture,deux_roues,1,1,1,1,1
202400001362,2024-10-23 15:30:00,2024,10,23,15,30,77,77337,D10p,48.84378,2.6195,Plein jour,En agglomération,Giratoire,Normale,Autre collision,3,1,2,0,1,1,1,0,1,50,1,2,1,0,0,1,68.0,,voiture,,1,2,6,1,6
202400001363,2024-06-08 01:51:00,2024,6,8,1,51,87,87072,1493 route de la gare,45.662137,1.431897,Nuit avec éclairage non allumé,Hors agglomération,Hors intersection,Normale,Autre collision,3,2,2,0,1,1,1,0,1,80,1,2,0,0,2,0,45.0,,deux_roues,,4,1,1,1,6
202400001364,2024-10-23 21:00:00,2024,10,23,21,0,76,76561,Avenue Winston Churchill,49.296687,1.011099,Nuit avec éclairage allumé,En agglomération,Hors intersection,Normale,Deux véhicules - côté,7,2,3,0,4,1,1,-1,1,50,2,3,1,0,0,2,49.0,28.0,voiture,voiture,5,2,1,1,3
202400001365,2024-06-08 08:33:00,2024,6,8,8,33,30,30275,,44.121899,4.208504,Plein jour,En agglomération,Intersection en Y,Normale,Sans collision,4,-1,1,0,2,1,1,0,3,50,1,1,0,1,0,0,43.0,,voiture,,1,2,4,1,7
202400001365,2024-06-08 08:33:00,2024,6,8,8,33,30,30275,,44.121899,4.208504,Plein jour,En agglomération,Intersection en Y,Normale,Sans collision,4,-1, -1,-1,1,1,1,0,1,-1,1,1,0,1,0,0,43.0,,voiture,,1,2,4,1,7
202400001366,2024-10-23 10:10:00,2024,10,23,10,10,76,76351,FREDERIC BELLANGER,49.49563,0.09433,Plein jour,En agglomération,Intersection en X,Normale,Autre collision,4,3,4,0,1,1,1,0,1,50,1,2,1,0,0,1,80.0,,voiture,,1,2,2,1,6
202400001366,2024-10-23 10:10:00,2024,10,23,10,10,76,76351,FREDERIC BELLANGER,49.49563,0.09433,Plein jour,En agglomération,Intersection en X,Normale,Autre collision,4,2,2,0,2,1,1,0,1,50,1,2,1,0,0,1,80.0,,voiture,,1,2,2,1,6
202400001367,2024-06-08 07:00:00,2024,6,8,7,0,973,97309,1741 Route de Montjoly,4.92333955,-52.28303897,Plein jour,En agglomération,Hors intersection,Normale,Deux véhicules - côté,3,2,2,0,1,1,1,0,1,50,2,3,2,0,0,1,61.0,22.0,voiture,voiture,1,2,1,1,3
202400001368,2024-06-08 16:35:00,2024,6,8,16,35,69,69102,Autoroute 89,45.88305256,4.3968086,Plein jour,Hors agglomération,Hors intersection,Normale,Autre collision,1,3,4,0,2,2,1,0,1,110,1,1,0,0,0,1,61.0,,deux_roues,,1,1,1,1,6
202400001369,2024-10-23 07:10:00,2024,10,23,7,10,76,76351,NICOLAS VALLARD (RUE),49.498753,0.159212,Nuit avec éclairage allumé,En agglomération,Intersection en T,Normale,Deux véhicules - côté,4,2,7,1,1,1,1,0,1,50,2,2,1,0,0,1,41.0,19.0,voiture,deux_roues,5,2,3,1,3
202400001369,2024-10-23 07:10:00,2024,10,23,7,10,76,76351,NICOLAS VALLARD (RUE),49.498753,0.159212,Nuit avec éclairage allumé,En agglomération,Intersection en T,Normale,Deux véhicules - côté,4,2,2,0,1,1,1,0,1,50,2,2,1,0,0,1,41.0,19.0,voiture,deux_roues,5,2,3,1,3
202400001370,2024-06-08 20:13:00,2024,6,8,20,13,06,06088,A8 PR 193 24,43.718233,7.214026,Plein jour,Hors agglomération,Hors intersection,Normale,Autre collision,1,3,3,0,3,3,3,1,1,90,1,2,0,0,0,2,30.0,,deux_roues,,1,1,1,1,6
202400001371,2024-06-08 00:15:00,2024,6,8,0,15,13,13032,Route de Rognes,43.573317,5.360977,Nuit sans éclairage public,Hors agglomération,Hors intersection,Normale,Deux véhicules - côté,3,2,1,0,2,1,1,0,1,50,1,1,0,0,0,1,22.0,,voiture,,3,1,1,1,3
202400001372,2024-10-22 12:35:00,2024,10,22,12,35,72,72181,GENESLAY FELIX (AV) N° PAIRS 146 A 234,47.97696,0.20755,Plein jour,En agglomération,Hors intersection,Normale,Autre collision,4,2,3,0,1,1,1,0,1,50,1,2,1,0,0,1,50.0,,voiture,,1,2,1,1,6
202400001373,2024-06-06 13:55:00,2024,6,6,13,55,30,30347,A9 - PK 65+500,43.750901,4.254069,Plein jour,Hors agglomération,Hors intersection,Normale,Autre collision,1,3,5,0,1,1,1,0,1,130,2,3,2,0,0,1,25.0,20.0,voiture,voiture,1,1,1,1,6
202400001374,2024-10-22 11:50:00,2024,10,22,11,50,72,72181,RHIN ET DANUBE (AV) N° PAIRS 194 A 338,48.01909,0.18472,Plein jour,En agglomération,Intersection en T,Normale,Deux véhicules - côté,4,2,2,0,1,1,1,0,1,50,2,2,1,0,0,1,19.0,57.0,deux_roues,voiture,1,2,3,1,3
202400001374,2024-10-22 11:50:00,2024,10,22,11,50,72,72181,RHIN ET DANUBE (AV) N° PAIRS 194 A 338,48.01909,0.18472,Plein jour,En agglomération,Intersection en T,Normale,Deux véhicules - côté,4,2,2,1,1,1,1,0,1,50,2,2,1,0,0,1,19.0,57.0,deux_roues,voiture,1,2,3,1,3
202400001375,2024-06-07 13:25:00,2024,6,7,13,25,17,17465,Saint-Jean d'Angély (Embranchement d'autoroute),45.964866,-0.550368,Plein jour,Hors agglomération,Hors intersection,Normale,Sans collision,1,3,4,0,1,1,1,3,3,70,1,1,0,0,1,0,19.0,,voiture,,1,1,1,1,7
202400001376,2024-06-08 11:30:00,2024,6,8,11,30,62,62355,A1,50.336559,2.924809,Plein jour,Hors agglomération,Hors intersection,Normale,Sans collision,1,3,3,0,1,1,1,0,1,130,1,1,0,0,1,0,31.0,,deux_roues,,1,1,1,1,7
202400001377,2024-10-23 21:49:00,2024,10,23,21,49,69,69256,Rue de la République,45.78622767,4.92596583,Nuit avec éclairage allumé,En agglomération,Intersection en T,Normale,Deux véhicules - côté,4,1,1,2,1,1,1,0,1,50,2,2,1,0,1,0,,18.0,voiture,deux_roues,5,2,3,1,3
202400001377,2024-10-23 21:49:00,2024,10,23,21,49,69,69256,Rue de la République,45.78622767,4.92596583,Nuit avec éclairage allumé,En agglomération,Intersection en T,Normale,Deux véhicules - côté,4,2,2,0,1,1,1,0,1,50,2,2,1,0,1,0,,18.0,voiture,deux_roues,5,2,3,1,3
202400001378,2024-06-08 04:40:00,2024,6,8,4,40,77,77407,"Autoroute A6, PK 039+500 dans le sens de circulation Province vers Paris.",48.51810747,2.50515431,Crépuscule ou aube,Hors agglomération,Hors intersection,Normale,Deux véhicules - arrière,1,1,3,0,1,1,1,0,8,130,2,5,4,0,0,1,30.0,58.0,voiture,voiture,2,1,1,1,2
202400001379,2024-10-23 19:00:00,2024,10,23,19,0,69,69256,Avenue de Böhlen,45.76636,4.92976,Nuit avec éclairage allumé,En agglomération,Intersection en T,Normale,Deux véhicules - arrière,4,2,4,2,1,1,1,0,5,50,2,2,1,0,0,1,49.0,40.0,voiture,deux_roues,5,2,3,1,2
202400001379,2024-10-23 19:00:00,2024,10,23,19,0,69,69256,Avenue de Böhlen,45.76636,4.92976,Nuit avec éclairage allumé,En agglomération,Intersection en T,Normale,Deux véhicules - arrière,4,2,2,0,1,1,1,0,5,50,2,2,1,0,0,1,49.0,40.0,voiture,deux_roues,5,2,3,1,2
202400001380,2024-06-07 18:40:00,2024,6,7,18,40,77,77023,D97,49.01374618,2.8708878,Plein jour,Hors agglomération,Hors intersection,Normale,Sans collision,3,2,2,0,3,2,1,0,3,80,1,1,0,1,0,0,59.0,,deux_roues,,1,1,1,1,7
202400001381,2024-06-07 23:10:00,2024,6,7,23,10,77,77420,N2,49.040059,2.68126,Nuit sans éclairage public,Hors agglomération,Hors intersection,Normale,Autre collision,2,1,1,0,1,2,1,3,1,50,1,1,0,0,1,0,37.0,,deux_roues,,3,1,1,1,6
202400001382,2024-10-23 05:10:00,2024,10,23,5,10,67,67218,JEU DES ENFANTS (RUE DU),48.52343,7.7115,Nuit avec éclairage allumé,En agglomération,Intersection en T,Normale,Deux véhicules - côté,4,2,2,0,1,1,1,0,1,30,2,2,1,0,0,1,17.0,41.0,deux_roues,utilitaire_camion,5,2,3,1,3
202400001382,2024-10-23 05:10:00,2024,10,23,5,10,67,67218,JEU DES ENFANTS (RUE DU),48.52343,7.7115,Nuit avec éclairage allumé,En agglomération,Intersection en T,Normale,Deux véhicules - côté,4,2,2,0,1,1,1,0,1,30,2,2,1,0,0,1,17.0,41.0,deux_roues,utilitaire_camion,5,2,3,1,3
202400001383,2024-06-08 13:58:00,2024,6,8,13,58,78,78531,D113,49.009614,1.614261,Plein jour,Hors agglomération,Hors intersection,Normale,Autre collision,3,2,2,0,1,1,1,0,1,-1,1,2,1,0,0,1,71.0,,voiture,,1,1,1,1,6
202400001384,2024-06-08 05:40:00,2024,6,8,5,40,84,84150,D976,44.339109,4.948316,Crépuscule ou aube,Hors agglomération,Hors intersection,Normale,Deux véhicules - frontale,3,2,2,0,1,1,1,0,1,-1,2,2,0,0,0,2,71.0,23.0,voiture,voiture,2,1,1,1,1
202400001385,2024-10-23 07:30:00,2024,10,23,7,30,63,63308,GRAVENOIRE (ROUTE DE),45.75821439,3.06339651,Nuit sans éclairage public,En agglomération,Intersection en T,Pluie légère,Deux véhicules - côté,7,2,2,0,2,1,2,0,1,50,2,2,1,0,0,1,47.0,21.0,voiture,deux_roues,3,2,3,2,3
202400001385,2024-10-23 07:30:00,2024,10,23,7,30,63,63308,GRAVENOIRE (ROUTE DE),45.75821439,3.06339651,Nuit sans éclairage public,En agglomération,Intersection en T,Pluie légère,Deux véhicules - côté,7,2,2,0,3,1,2,0,1,50,2,2,1,0,0,1,47.0,21.0,voiture,deux_roues,3,2,3,2,3
202400001386,2024-06-07 20:19:00,2024,6,7,20,19,84,84042,D27,43.755535,5.405638,Plein jour,Hors agglomération,Hors intersection,Normale,Autre collision,3,2,2,0,1,3,1,0,3,80,1,1,0,1,0,0,61.0,,deux_roues,,1,1,1,1,6
202400001387,2024-10-20 14:30:00,2024,10,20,14,30,62,62244,D943,50.91448827,1.92170247,Plein jour,Hors agglomération,Autre intersection,Normale,Deux véhicules - côté,3,2,2,0,1,1,2,0,1,70,2,2,1,0,0,1,24.0,40.0,deux_roues,voiture,1,1,9,1,3
202400001388,2024-06-06 17:25:00,2024,6,6,17,25,13,13053,D23,43.730003,5.212798,Plein jour,Hors agglomération,Hors intersection,Normale,Autre collision,3,2,2,0,1,1,1,0,1,70,1,1,0,0,1,0,65.0,,voiture,,1,1,1,1,6
202400001389,2024-11-30 17:05:00,2024,11,30,17,5,987,98729,PK 7.800 District de Patae - Afareaitu,-17.545353,-149.779615,Plein jour,Hors agglomération,Hors intersection,Pluie légère,Deux véhicules - frontale,3,2,2,0,1,3,2,0,1,50,2,2,1,1,0,0,45.0,53.0,voiture,utilitaire_camion,1,1,1,2,1
202400001390,2024-04-14 09:00:00,2024,4,14,9,0,13,13041,Boulevard Paul Cezanne,43.451497,5.469722,Plein jour,En agglomération,Hors intersection,Normale,Deux véhicules - frontale,9,3,2,0,2,1,1,0,1,50,1,2,1,0,1,0,30.0,,voiture,,1,2,1,1,1
202400001391,2024-11-30 15:30:00,2024,11,30,15,30,47,47293,Route du Fleuve,44.15553022,0.70334548,Plein jour,Hors agglomération,Hors intersection,Brouillard / fumée,Sans collision,4,2,2,0,1,1,2,0,8,90,1,2,0,0,1,1,16.0,,voiture,,1,1,1,5,7
202400001392,2024-10-23 13:00:00,2024,10,23,13,0,59,59090,Avenue du Général De Gaulle,50.70853,3.1048,Plein jour,En agglomération,Hors intersection,Normale,Trois véhicules et plus - en chaîne,7,-1,2,0,1,1,1,0,1,50,3,4,1,0,0,3,26.0,36.0,voiture,voiture,1,2,1,1,4
202400001393,2024-06-07 10:39:00,2024,6,7,10,39,68,68063,Rue Gustave Eiffel,47.805801,7.182307,Plein jour,En agglomération,Hors intersection,Normale,Autre collision,4,2,2,0,1,1,1,0,1,50,1,2,1,0,1,0,65.0,,voiture,,1,2,1,1,6
202400001394,2024-11-30 07:10:00,2024,11,30,7,10,11,11151,"A61, PK 333.500",43.191332,2.458019,Crépuscule ou aube,Hors agglomération,Hors intersection,Normale,Deux véhicules - arrière,1,3,2,0,1,1,1,0,1,130,2,3,2,0,0,1,45.0,22.0,utilitaire_camion,voiture,2,1,1,1,2
202400001395,2024-06-07 18:20:00,2024,6,7,18,20,68,68298,D48,48.201309,7.12575,Plein jour,Hors agglomération,Hors intersection,Normale,Deux véhicules - frontale,3,2,2,0,2,3,1,0,1,80,2,2,1,0,0,1,26.0,44.0,deux_roues,deux_roues,1,1,1,1,1
202400001396,2024-12-01 00:24:00,2024,12,1,0,24,76,76320,4 La Hetrelle,49.895394,1.464508,Nuit sans éclairage public,Hors agglomération,Hors intersection,Normale,Deux véhicules - frontale,3,2,2,0,2,3,1,0,1,80,2,3,0,0,3,0,40.0,43.0,voiture,voiture,3,1,1,1,1
202400001397,2024-10-23 15:42:00,2024,10,23,15,42,58,58194,HENRI BOUQUILLARD,46.99612,3.12412,Plein jour,En agglomération,Hors intersection,Normale,Trois véhicules et plus - en chaîne,4,2,2,0,1,1,1,0,1,50,2,2,1,0,0,1,44.0,94.0,voiture,voiture,1,2,1,1,4
202400001398,2024-05-31 14:00:00,2024,5,31,14,0,67,67345,Rue des Prés,48.784205,7.861351,Plein jour,En agglomération,Intersection en T,Pluie légère,Trois véhicules et plus - en chaîne,4,1,1,0,1,1,2,0,1,50,3,3,2,0,0,1,86.0,30.0,voiture,voiture,1,2,3,2,4
202400001398,2024-05-31 14:00:00,2024,5,31,14,0,67,67345,Rue des Prés,48.784205,7.861351,Plein jour,En agglomération,Intersection en T,Pluie légère,Trois véhicules et plus - en chaîne,4,2, -1,-1,1,1,2,0,1,-1,3,3,2,0,0,1,86.0,30.0,voiture,voiture,1,2,3,2,4
202400001399,2024-11-30 00:04:00,2024,11,30,0,4,77,77382,A140,48.8885328,2.89537179,Nuit sans éclairage public,Hors agglomération,Hors intersection,Normale,Deux véhicules - arrière,1,3,2,0,3,2,1,0,1,110,2,2,1,0,0,1,52.0,37.0,voiture,voiture,3,1,1,1,2
202400001400,2024-10-23 17:15:00,2024,10,23,17,15,57,57463,PAUL CLAUDEL (RUE ),49.10162,6.19837,Plein jour,En agglomération,Hors intersection,Normale,Deux véhicules - côté,4,2,2,1,2,1,1,0,5,50,2,2,1,0,0,1,16.0,92.0,deux_roues,voiture,1,2,1,1,3
202400001401,2024-11-30 18:20:00,2024,11,30,18,20,972,97229,Fond Bernier,14.628829,-61.11616,Nuit sans éclairage public,Hors agglomération,Hors intersection,Normale,Autre collision,2,2,2,0,2,1,2,0,1,60,1,3,1,1,0,1,65.0,,voiture,,3,1,1,1,6
202400001402,2024-06-08 09:20:00,2024,6,8,9,20,38,38562,N85,45.08429,5.759073,Plein jour,Hors agglomération,Hors intersection,Pluie légère,Deux véhicules - arrière,2,3,2,1,1,1,2,0,1,80,2,6,5,0,0,1,55.0,67.0,voiture,voiture,1,1,1,2,2
202400001403,2024-10-22 06:55:00,2024,10,22,6,55,56,56098,Lann Sévelin,47.77839,-3.35218,Nuit sans éclairage public,Hors agglomération,Hors intersection,Normale,Sans collision,2,3,4,0,1,1,1,0,3,90,1,1,0,0,0,1,29.0,,voiture,,3,1,1,1,7
202400001404,2024-12-01 19:20:00,2024,12,1,19,20,35,35226,Le Paillet,48.4273,-1.892674,Nuit sans éclairage public,Hors agglomération,Hors intersection,Normale,Deux véhicules - frontale,3,2,2,0,1,2,1,0,1,80,2,2,1,0,1,0,37.0,56.0,voiture,voiture,3,1,1,1,1
202400001405,2024-06-08 12:05:00,2024,6,8,12,5,69,69117,Route Départementale 306,45.843409,4.734625,Plein jour,Hors agglomération,Hors intersection,Normale,Autre collision,7,2,3,1,1,1,1,0,4,90,1,3,2,0,0,1,42.0,,voiture,,1,1,1,1,6
202400001406,2024-06-08 01:00:00,2024,6,8,1,0,65,65370,Route départementale 935 - PK 60,43.092193,0.132147,Nuit avec éclairage non allumé,Hors agglomération,Hors intersection,Normale,Sans collision,3,2,2,0,1,1,1,0,4,80,1,1,0,0,0,1,42.0,,deux_roues,,4,1,1,1,7