accident_id,datetime,annee,mois,jour,heure,minute,departement,commune_insee,adresse,latitude,longitude,luminosite,agglomeration,intersection,meteo,collision,catr,circ,nbv,vosp,prof,plan,surf,infra,situ,vma,nb_vehicules,nb_usagers,nb_indemnes,nb_tues,nb_blesses_hosp,nb_blesses_legers,age_cond_1,age_cond_2,veh_type_cond_1,veh_type_cond_2,lum_code,agg_code,int_code,atm_code,col_code
202400001544,2024-03-23 11:00:00,2024,3,23,11,0,13,13005,BONNES NOUVELLES (CH.DES),43.29224,5.59097,Plein jour,En agglomération,Autre intersection,Normale,Deux véhicules - côté,4,2,2,0,1,1,1,9,1,30,2,2,1,0,0,1,67.0,57.0,voiture,voiture,1,2,9,1,3
202400001545,2024-03-23 08:15:00,2024,3,23,8,15,13,13005,CAMP DE SARLIER ROUTE DE GEMENOS,43.29709,5.58547,Plein jour,En agglomération,Hors intersection,Normale,Deux véhicules - côté,7,2,2,0,1,1,1,0,1,50,2,2,1,0,0,1,61.0,73.0,utilitaire_camion,voiture,1,2,1,1,3
202400001546,2024-03-23 12:35:00,2024,3,23,12,35,11,11069,,43.20776,2.31069,Plein jour,En agglomération,Autre intersection,Normale,Deux véhicules - côté,6,-1, -1,0,1,1,1,0,1,30,2,2,1,0,1,0,76.0,18.0,voiture,deux_roues,1,2,9,1,3
202400001547,2024-03-23 21:00:00,2024,3,23,21,0,06,06088,Avenue Maréchal Lyautey,43.71822,7.28205,Nuit avec éclairage allumé,En agglomération,Hors intersection,Normale,Deux véhicules - côté,4,2,3,0,1,1,1,0,1,50,2,3,1,0,2,0,29.0,40.0,voiture,deux_roues,5,2,1,1,3
202400001548,2024-03-22 05:30:00,2024,3,22,5,30,06,06029,Avenue Michel Jourdan,43.554067,6.97296,Nuit avec éclairage allumé,En agglomération,Giratoire,Normale,Deux véhicules - côté,3,2,2,0,1,4,1,5,1,50,2,2,1,0,0,1,41.0,65.0,deux_roues,voiture,5,2,6,1,3
202400001548,2024-03-22 05:30:00,2024,3,22,5,30,06,06029,Avenue Michel Jourdan,43.554067,6.97296,Nuit avec éclairage allumé,En agglomération,Giratoire,Normale,Deux véhicules - côté,3,2,2,0,1,4,1,5,1,50,2,2,1,0,0,1,41.0,65.0,deux_roues,voiture,5,2,6,1,3
202400001549,2024-03-23 13:20:00,2024,3,23,13,20,75,75115,BD PERIPHERIQUE EXTERIEUR,48.830488,2.285177,Plein jour,En agglomération,Hors intersection,Normale,Deux véhicules - arrière,4,1,3,0,1,1,1,0,1,70,2,2,1,0,0,1,28.0,33.0,deux_roues,utilitaire_camion,1,2,1,1,2
202400001550,2024-03-22 23:30:00,2024,3,22,23,30,75,75114,RUE FRIANT,48.827009,2.324978,Nuit avec éclairage allumé,En agglomération,Intersection en Y,Pluie forte,Autre collision,4,1, -1,-1,1,1,2,0,5,30,1,2,1,0,0,1,62.0,,deux_roues,,5,2,4,3,6
202400001550,2024-03-22 23:30:00,2024,3,22,23,30,75,75114,RUE FRIANT,48.827009,2.324978,Nuit avec éclairage allumé,En agglomération,Intersection en Y,Pluie forte,Autre collision,4,1,1,1,1,1,2,0,5,30,1,2,1,0,0,1,62.0,,deux_roues,,5,2,4,3,6
202400001551,2024-03-23 13:30:00,2024,3,23,13,30,75,75118,RUE CUSTINE,48.887876,2.348686,Plein jour,En agglomération,Hors intersection,Normale,Autre collision,4,1,1,0,1,1,1,0,1,30,1,2,1,0,0,1,33.0,,deux_roues,,1,2,1,1,6
202400001552,2024-03-23 14:45:00,2024,3,23,14,45,75,75116,ALLEE DE LONGCHAMP,48.865497,2.244883,Plein jour,En agglomération,Hors intersection,Pluie légère,Deux véhicules - arrière,4,2,2,0,1,1,2,0,1,50,2,3,1,0,0,2,69.0,54.0,voiture,voiture,1,2,1,2,2
202400001553,2024-03-23 01:30:00,2024,3,23,1,30,75,75115,RUE DE VAUGIRARD,48.838318,2.298463,Nuit avec éclairage allumé,En agglomération,Intersection en X,Normale,Deux véhicules - frontale,4,1,2,0,1,1,1,5,1,30,2,2,1,0,0,1,33.0,31.0,deux_roues,voiture,5,2,2,1,1
202400001553,2024-03-23 01:30:00,2024,3,23,1,30,75,75115,RUE DE VAUGIRARD,48.838318,2.298463,Nuit avec éclairage allumé,En agglomération,Intersection en X,Normale,Deux véhicules - frontale,4,1,4,1,1,1,1,5,1,30,2,2,1,0,0,1,33.0,31.0,deux_roues,voiture,5,2,2,1,1
202400001554,2024-03-22 17:25:00,2024,3,22,17,25,75,75114,AVENUE DE LA PORTE DE MONTROUGE,48.822666,2.32269,Plein jour,En agglomération,Intersection en X,Normale,Deux véhicules - côté,4,2,4,1,1,1,1,0,5,50,2,2,1,0,0,1,20.0,60.0,deux_roues,voiture,1,2,2,1,3
202400001554,2024-03-22 17:25:00,2024,3,22,17,25,75,75114,AVENUE DE LA PORTE DE MONTROUGE,48.822666,2.32269,Plein jour,En agglomération,Intersection en X,Normale,Deux véhicules - côté,4,-1, -1,-1,1,1,1,0,5,50,2,2,1,0,0,1,20.0,60.0,deux_roues,voiture,1,2,2,1,3
202400001555,2024-03-23 02:00:00,2024,3,23,2,0,75,75109,BOULEVARD HAUSSMANN,48.87342,2.329696,Nuit avec éclairage allumé,En agglomération,Intersection en T,Normale,Deux véhicules - côté,4,1,2,3,1,1,2,0,6,30,2,2,1,0,0,1,42.0,49.0,utilitaire_camion,voiture,5,2,3,1,3
202400001555,2024-03-23 02:00:00,2024,3,23,2,0,75,75109,BOULEVARD HAUSSMANN,48.87342,2.329696,Nuit avec éclairage allumé,En agglomération,Intersection en T,Normale,Deux véhicules - côté,4,1,1,0,1,1,2,0,6,30,2,2,1,0,0,1,42.0,49.0,utilitaire_camion,voiture,5,2,3,1,3
202400001556,2024-03-23 01:01:00,2024,3,23,1,1,75,75108,COURS ALBERT 1ER,48.864225,2.301985,Nuit avec éclairage allumé,En agglomération,Place,Normale,Autre collision,4,1,1,0,2,3,2,0,1,30,1,2,1,0,0,1,38.0,,voiture,,5,2,7,1,6
202400001557,2024-03-23 05:30:00,2024,3,23,5,30,75,75107,PONT ALEXANDRE III,48.862837,2.31346,Crépuscule ou aube,En agglomération,Intersection en X,Normale,Deux véhicules - frontale,4,2,4,0,1,1,1,0,1,30,2,2,1,0,0,1,37.0,28.0,voiture,deux_roues,2,2,2,1,1
202400001557,2024-03-23 05:30:00,2024,3,23,5,30,75,75107,PONT ALEXANDRE III,48.862837,2.31346,Crépuscule ou aube,En agglomération,Intersection en X,Normale,Deux véhicules - frontale,4,2,2,1,1,1,1,0,1,30,2,2,1,0,0,1,37.0,28.0,voiture,deux_roues,2,2,2,1,1
202400001558,2024-03-23 19:35:00,2024,3,23,19,35,94,94068,Place des Marronniers,48.804533,2.496556,Nuit avec éclairage allumé,En agglomération,Hors intersection,Normale,Autre collision,4,1,1,0,1,1,1,9,1,30,1,2,1,0,0,1,50.0,,voiture,,5,2,1,1,6
202400001559,2024-03-23 07:00:00,2024,3,23,7,0,94,94068,Avenue de l’Alma,48.78553,2.49526,Crépuscule ou aube,En agglomération,Hors intersection,Normale,Autre collision,3,2,2,0,4,1,1,0,1,30,1,2,1,0,0,1,20.0,,deux_roues,,2,2,1,1,6
202400001560,2024-03-22 15:40:00,2024,3,22,15,40,94,94076,Avenue de Fontainebleau / Rue Anatole France,48.80714404,2.36309119,Plein jour,En agglomération,Intersection en T,Normale,Deux véhicules - côté,3,2,2,3,1,1,1,-1,6,50,2,2,1,0,0,1,32.0,56.0,deux_roues,voiture,1,2,3,1,3
202400001560,2024-03-22 15:40:00,2024,3,22,15,40,94,94076,Avenue de Fontainebleau / Rue Anatole France,48.80714404,2.36309119,Plein jour,En agglomération,Intersection en T,Normale,Deux véhicules - côté,3,1,1,0,1,1,1,0,6,-1,2,2,1,0,0,1,32.0,56.0,deux_roues,voiture,1,2,3,1,3
202400001561,2024-03-23 05:00:00,2024,3,23,5,0,94,94017,Avenue Roger Salengro,48.81620273,2.50192434,Nuit avec éclairage allumé,En agglomération,Hors intersection,Pluie légère,Autre collision,3,2,2,0,1,1,2,8,1,50,1,2,1,0,1,0,27.0,,deux_roues,,5,2,1,2,6
202400001562,2024-07-10 10:55:00,2024,7,10,10,55,59,59402,Rue du Bister,50.876904,2.245564,Plein jour,Hors agglomération,Intersection en T,Normale,Deux véhicules - frontale,4,2,2,0,1,2,1,0,1,70,2,2,1,0,1,0,72.0,61.0,utilitaire_camion,deux_roues,1,1,3,1,1
202400001562,2024-07-10 10:55:00,2024,7,10,10,55,59,59402,Rue du Bister,50.876904,2.245564,Plein jour,Hors agglomération,Intersection en T,Normale,Deux véhicules - frontale,4,2, -1,-1,1,1,1,0,1,-1,2,2,1,0,1,0,72.0,61.0,utilitaire_camion,deux_roues,1,1,3,1,1
202400001563,2024-03-23 20:15:00,2024,3,23,20,15,93,93071,Avenue Berlioz,48.937062,2.535218,Nuit avec éclairage allumé,En agglomération,Hors intersection,Pluie légère,Autre collision,4,2,2,0,1,3,2,8,1,50,1,2,1,0,0,1,55.0,,voiture,,5,2,1,2,6
202400001564,2024-03-23 12:45:00,2024,3,23,12,45,93,93071,Boulevard Stalingrad,48.933748,2.528095,Plein jour,En agglomération,Hors intersection,Normale,Autre collision,4,2,2,0,1,1,1,0,1,50,2,3,2,0,0,1,23.0,23.0,voiture,voiture,1,2,1,1,6
202400001565,2024-07-07 11:40:00,2024,7,7,11,40,79,79320,,46.467291,-0.459548,Plein jour,Hors agglomération,Intersection en X,Normale,Deux véhicules - côté,3,2,2,0,1,1,1,0,1,80,2,5,4,0,0,1,78.0,30.0,voiture,voiture,1,1,2,1,3
202400001565,2024-07-07 11:40:00,2024,7,7,11,40,79,79320,,46.467291,-0.459548,Plein jour,Hors agglomération,Intersection en X,Normale,Deux véhicules - côté,3,2,2,-1,1,1,1,0,1,-1,2,5,4,0,0,1,78.0,30.0,voiture,voiture,1,1,2,1,3
202400001566,2024-03-23 07:40:00,2024,3,23,7,40,93,93072,Rue de Fontenay / Rue du Président Harding,48.969179,2.379249,Plein jour,En agglomération,Intersection en T,Normale,Deux véhicules - côté,4,2,1,0,1,1,1,0,1,30,2,2,1,0,0,1,,45.0,voiture,voiture,1,2,3,1,3
202400001566,2024-03-23 07:40:00,2024,3,23,7,40,93,93072,Rue de Fontenay / Rue du Président Harding,48.969179,2.379249,Plein jour,En agglomération,Intersection en T,Normale,Deux véhicules - côté,4,2,2,0,1,1,1,0,1,50,2,2,1,0,0,1,,45.0,voiture,voiture,1,2,3,1,3
202400001567,2024-07-10 19:10:00,2024,7,10,19,10,2A,2A271,RT22,41.95282068,8.78693148,Plein jour,En agglomération,Hors intersection,Normale,Deux véhicules - arrière,2,2,2,0,2,3,1,0,1,50,2,2,1,0,1,0,54.0,70.0,deux_roues,voiture,1,2,1,1,2
202400001568,2024-03-23 13:30:00,2024,3,23,13,30,93,93010,Avenue de Rosny / Chemin des Carouges,48.88904,2.47146,Plein jour,En agglomération,Intersection à plus de 4 branches,Normale,Deux véhicules - côté,3,2,2,0,1,1,1,0,1,50,2,2,0,0,0,2,28.0,28.0,voiture,voiture,1,2,5,1,3
202400001568,2024-03-23 13:30:00,2024,3,23,13,30,93,93010,Avenue de Rosny / Chemin des Carouges,48.88904,2.47146,Plein jour,En agglomération,Intersection à plus de 4 branches,Normale,Deux véhicules - côté,3,2,2,0,1,1,1,0,1,50,2,2,0,0,0,2,28.0,28.0,voiture,voiture,1,2,5,1,3
202400001569,2024-07-10 09:35:00,2024,7,10,9,35,65,65126,1 chemin de la chapelle,43.270737,0.429089,Plein jour,En agglomération,Hors intersection,Normale,Sans collision,4,-1,2,0,1,1,1,0,3,50,1,1,0,0,1,0,81.0,,deux_roues,,1,2,1,1,7
202400001570,2024-03-23 11:23:00,2024,3,23,11,23,93,93063,Boulevard Edouard Branly,48.87393,2.44047,Plein jour,En agglomération,Hors intersection,Normale,Deux véhicules - côté,3,2,2,0,1,1,1,0,1,30,2,2,1,0,0,1,25.0,28.0,deux_roues,voiture,1,2,1,1,3
202400001571,2024-03-23 19:30:00,2024,3,23,19,30,93,93008,Avenue du Président Salvador Allende / Rue Bernard Birsinger,48.90188,2.44464,Nuit avec éclairage allumé,En agglomération,Intersection en X,Pluie légère,Trois véhicules et plus - en chaîne,3,3,3,2,1,3,2,0,1,50,3,3,2,0,0,1,24.0,20.0,voiture,voiture,5,2,2,2,4
202400001571,2024-03-23 19:30:00,2024,3,23,19,30,93,93008,Avenue du Président Salvador Allende / Rue Bernard Birsinger,48.90188,2.44464,Nuit avec éclairage allumé,En agglomération,Intersection en X,Pluie légère,Trois véhicules et plus - en chaîne,3,1,1,0,1,1,2,0,1,-1,3,3,2,0,0,1,24.0,20.0,voiture,voiture,5,2,2,2,4
202400001572,2024-07-10 18:50:00,2024,7,10,18,50,81,81070,Route de Giroussens,43.792895,1.758598,Plein jour,Hors agglomération,Intersection en T,Normale,Deux véhicules - côté,1,2,2,0,1,1,1,0,1,70,2,2,1,0,1,0,51.0,53.0,deux_roues,utilitaire_camion,1,1,3,1,3
202400001572,2024-07-10 18:50:00,2024,7,10,18,50,81,81070,Route de Giroussens,43.792895,1.758598,Plein jour,Hors agglomération,Intersection en T,Normale,Deux véhicules - côté,1,1,2,0,3,1,1,3,1,50,2,2,1,0,1,0,51.0,53.0,deux_roues,utilitaire_camion,1,1,3,1,3
202400001573,2024-03-23 08:35:00,2024,3,23,8,35,92,92075,MARY BESSEYRE (RUE),48.82172495,2.28945681,Plein jour,En agglomération,Hors intersection,Temps couvert,Deux véhicules - arrière,4,1,2,2,1,1,2,0,1,30,2,2,1,0,0,1,22.0,42.0,utilitaire_camion,deux_roues,1,2,1,8,2
202400001574,2024-07-11 13:20:00,2024,7,11,13,20,47,47052,Avenue d?Albret,44.312365,0.092086,Plein jour,En agglomération,Intersection en X,Temps éblouissant,Deux véhicules - côté,3,2,2,0,1,1,1,0,1,50,2,2,1,0,1,0,79.0,39.0,voiture,deux_roues,1,2,2,7,3
202400001574,2024-07-11 13:20:00,2024,7,11,13,20,47,47052,Avenue d?Albret,44.312365,0.092086,Plein jour,En agglomération,Intersection en X,Temps éblouissant,Deux véhicules - côté,3,2, -1,-1,4,2,1,0,1,-1,2,2,1,0,1,0,79.0,39.0,voiture,deux_roues,1,2,2,7,3
202400001575,2024-03-23 21:00:00,2024,3,23,21,0,92,92072,EUROPE (AVENUE DE L'),48.82321577,2.21002239,Nuit avec éclairage allumé,En agglomération,Hors intersection,Normale,Deux véhicules - arrière,3,3,0,0,1,1,2,0,1,50,2,2,1,0,0,1,20.0,43.0,voiture,voiture,5,2,1,1,2
202400001576,2024-07-11 17:10:00,2024,7,11,17,10,68,68338,Route de Colmar,48.084308,7.288817,Plein jour,Hors agglomération,Intersection en X,Pluie forte,Deux véhicules - côté,3,2,2,0,1,3,2,0,1,70,2,2,1,0,0,1,13.0,84.0,deux_roues,voiture,1,1,2,3,3
202400001576,2024-07-11 17:10:00,2024,7,11,17,10,68,68338,Route de Colmar,48.084308,7.288817,Plein jour,Hors agglomération,Intersection en X,Pluie forte,Deux véhicules - côté,3,2, -1,-1,1,1,2,0,1,-1,2,2,1,0,0,1,13.0,84.0,deux_roues,voiture,1,1,2,3,3
202400001577,2024-03-23 11:35:00,2024,3,23,11,35,92,92020,TIMBAUD RUE JEAN-PIERRE N° PAIRS,48.80253,2.28616,Plein jour,En agglomération,Intersection en X,Normale,Deux véhicules - côté,3,2,2,0,1,1,1,0,1,50,2,4,3,0,0,1,29.0,26.0,voiture,voiture,1,2,2,1,3
202400001577,2024-03-23 11:35:00,2024,3,23,11,35,92,92020,TIMBAUD RUE JEAN-PIERRE N° PAIRS,48.80253,2.28616,Plein jour,En agglomération,Intersection en X,Normale,Deux véhicules - côté,3,2,2,0,1,1,1,0,1,50,2,4,3,0,0,1,29.0,26.0,voiture,voiture,1,2,2,1,3
202400001578,2024-03-22 23:15:00,2024,3,22,23,15,92,92040,FRERES VOISIN (BOULEVARD DES),48.8279361,2.27109271,Nuit avec éclairage allumé,En agglomération,Intersection en T,Pluie légère,Deux véhicules - côté,3,1,2,0,1,1,2,0,1,30,2,2,1,0,0,1,32.0,44.0,deux_roues,voiture,5,2,3,2,3
202400001578,2024-03-22 23:15:00,2024,3,22,23,15,92,92040,FRERES VOISIN (BOULEVARD DES),48.8279361,2.27109271,Nuit avec éclairage allumé,En agglomération,Intersection en T,Pluie légère,Deux véhicules - côté,3,2,2,0,1,1,2,0,1,30,2,2,1,0,0,1,32.0,44.0,deux_roues,voiture,5,2,3,2,3
202400001579,2024-07-11 12:00:00,2024,7,11,12,0,39,39470,,46.509447,6.10953,Plein jour,Hors agglomération,Hors intersection,Normale,Sans collision,3,2,2,0,3,1,9,0,8,80,1,2,0,0,0,2,26.0,,voiture,,1,1,1,1,7
202400001580,2024-03-23 16:22:00,2024,3,23,16,22,92,92024,VICTOR HUGO (BD),48.89916849,2.31326169,Plein jour,En agglomération,Hors intersection,Pluie légère,Deux véhicules - côté,3,2,3,0,1,1,2,0,1,50,2,2,1,0,0,1,36.0,53.0,deux_roues,voiture,1,2,1,2,3
202400001581,2024-03-23 01:45:00,2024,3,23,1,45,92,92023,PORTE DE TRIVAUX (RUE DE) N°57 A 197 ET,48.7868046,2.2452786,Nuit avec éclairage allumé,En agglomération,Autre intersection,Autre,Deux véhicules - côté,3,2,0,0,1,1,2,5,1,30,2,2,1,0,1,0,19.0,48.0,deux_roues,voiture,5,2,9,9,3
202400001582,2024-03-23 19:30:00,2024,3,23,19,30,92,92012,VICTOR HUGO (AVENUE) 49/FIN - 60/FIN,48.83644739,2.24525356,Nuit avec éclairage allumé,En agglomération,Hors intersection,Pluie légère,Deux véhicules - côté,4,2,2,0,1,1,2,0,1,50,2,2,1,0,0,1,62.0,49.0,deux_roues,deux_roues,5,2,1,2,3
202400001583,2024-07-10 18:35:00,2024,7,10,18,35,25,25154,Route Nationale,47.115818,5.90867,Plein jour,Hors agglomération,Hors intersection,Temps couvert,Deux véhicules - frontale,2,2,3,0,1,1,1,0,1,80,2,8,7,0,1,0,50.0,47.0,voiture,voiture,1,1,1,8,1
202400001584,2024-03-23 20:10:00,2024,3,23,20,10,92,92012,SILLY (RUE DE) 1/87 - 2/88,48.83569168,2.23271991,Nuit avec éclairage allumé,En agglomération,Hors intersection,Autre,Autre collision,4,2,2,0,1,1,2,0,1,50,1,2,1,0,0,1,21.0,,utilitaire_camion,,5,2,1,9,6
202400001585,2024-07-09 10:30:00,2024,7,9,10,30,44,44069,3 avenue de la brière,47.330838,-2.423704,Plein jour,En agglomération,Hors intersection,Pluie légère,Autre collision,3,2,2,0,1,1,2,0,1,30,1,2,1,0,1,0,36.0,,voiture,,1,2,1,2,6
202400001586,2024-03-23 14:05:00,2024,3,23,14,5,92,92012,ANDRE MORIZET (AVENUE) 1/47 - 2/52,48.83418332,2.24262536,Plein jour,En agglomération,Hors intersection,Pluie légère,Deux véhicules - côté,3,3,2,0,1,1,2,0,1,50,2,2,1,0,0,1,54.0,48.0,voiture,deux_roues,1,2,1,2,3
202400001587,2024-03-23 09:55:00,2024,3,23,9,55,35,35176,Rue de la Résistance,47.82104575,-1.82163566,Plein jour,En agglomération,Intersection en X,Normale,Autre collision,3,2,2,0,1,1,1,0,1,50,1,2,1,1,0,0,43.0,,utilitaire_camion,,1,2,2,1,6
202400001587,2024-03-23 09:55:00,2024,3,23,9,55,35,35176,Rue de la Résistance,47.82104575,-1.82163566,Plein jour,En agglomération,Intersection en X,Normale,Autre collision,3,2,3,0,1,1,1,0,1,50,1,2,1,1,0,0,43.0,,utilitaire_camion,,1,2,2,1,6
202400001588,2024-03-23 23:40:00,2024,3,23,23,40,37,37058,1239 Rue des Gravets,47.250135,0.203419,Nuit sans éclairage public,Hors agglomération,Hors intersection,Pluie légère,Autre collision,4,2,2,0,1,3,2,0,3,80,1,1,0,0,1,0,28.0,,voiture,,3,1,1,2,6
202400001589,2024-07-06 18:30:00,2024,7,6,18,30,44,44111,l'Arche du Fouan,47.40749167,-1.73246563,Plein jour,Hors agglomération,Intersection en X,Normale,Deux véhicules - côté,3,2,2,0,1,2,1,0,1,80,2,4,1,0,0,3,29.0,48.0,voiture,voiture,1,1,2,1,3
202400001589,2024-07-06 18:30:00,2024,7,6,18,30,44,44111,l'Arche du Fouan,47.40749167,-1.73246563,Plein jour,Hors agglomération,Intersection en X,Normale,Deux véhicules - côté,3,2,2,0,1,1,1,0,1,80,2,4,1,0,0,3,29.0,48.0,voiture,voiture,1,1,2,1,3
202400001590,2024-03-23 17:50:00,2024,3,23,17,50,76,76287,A 151,49.561465,1.043444,Plein jour,Hors agglomération,Hors intersection,Neige / grêle,Autre collision,1,1,2,0,1,1,7,0,2,130,1,5,4,0,1,0,37.0,,voiture,,1,1,1,4,6
202400001591,2024-07-10 18:10:00,2024,7,10,18,10,38,38184,Communale 7,45.653708,5.082636,Plein jour,Hors agglomération,Hors intersection,Normale,Deux véhicules - frontale,4,2,2,0,1,1,1,0,1,80,2,2,1,0,1,0,43.0,19.0,deux_roues,utilitaire_camion,1,1,1,1,1
202400001592,2024-03-24 09:20:00,2024,3,24,9,20,71,71273,D973,46.673676,3.805389,Plein jour,Hors agglomération,Hors intersection,Normale,Autre collision,3,2,2,0,1,2,2,0,3,80,1,2,0,0,1,1,35.0,,voiture,,1,1,1,1,6
202400001593,2024-07-10 11:16:00,2024,7,10,11,16,38,38529,Avenue du Golf,45.129243,5.823458,Plein jour,Hors agglomération,Hors intersection,Normale,Deux véhicules - frontale,7,2,2,0,1,1,1,0,1,80,2,2,0,1,0,1,48.0,35.0,deux_roues,deux_roues,1,1,1,1,1
202400001594,2024-03-24 16:55:00,2024,3,24,16,55,33,33098,,44.688915,-0.31575,Plein jour,Hors agglomération,Hors intersection,Normale,Deux véhicules - frontale,3,2,2,0,1,2,1,0,1,80,2,2,0,1,1,0,58.0,18.0,deux_roues,deux_roues,1,1,1,1,1
202400001595,2024-03-23 19:00:00,2024,3,23,19,0,76,76210,Route de Neufchatel,49.860877,1.202461,Plein jour,En agglomération,Hors intersection,Pluie légère,Deux véhicules - côté,3,2,2,0,1,2,2,0,1,50,2,2,0,0,0,2,50.0,35.0,voiture,voiture,1,2,1,2,3
202400001596,2024-07-11 13:18:00,2024,7,11,13,18,02,02634,56 Grande Rue,49.705652,4.153272,Plein jour,En agglomération,Hors intersection,Normale,Autre collision,3,2,2,0,1,1,1,0,8,50,1,2,0,0,1,1,48.0,,voiture,,1,2,1,1,6
202400001597,2024-03-23 19:50:00,2024,3,23,19,50,31,31445,253 Route de Castres,43.584484,1.559743,Nuit sans éclairage public,En agglomération,Hors intersection,Normale,Autre collision,7,2,2,0,2,1,1,0,3,70,1,2,0,0,1,1,57.0,,voiture,,3,2,1,1,6
202400001598,2024-07-11 15:00:00,2024,7,11,15,0,50,50151,départementale 652,49.211304,-1.558551,Plein jour,Hors agglomération,Intersection en T,Normale,Autre collision,3,2,1,0,1,4,1,5,8,80,1,2,0,1,1,0,65.0,,voiture,,1,1,3,1,6
202400001598,2024-07-11 15:00:00,2024,7,11,15,0,50,50151,départementale 652,49.211304,-1.558551,Plein jour,Hors agglomération,Intersection en T,Normale,Autre collision,3,2,1,0,2,3,1,5,8,80,1,2,0,1,1,0,65.0,,voiture,,1,1,3,1,6
202400001599,2024-03-24 16:10:00,2024,3,24,16,10,51,51192,route departementale 3,49.058008,3.603215,Plein jour,Hors agglomération,Hors intersection,Normale,Sans collision,3,2,2,0,3,2,1,0,3,90,2,2,0,0,2,0,32.0,49.0,deux_roues,deux_roues,1,1,1,1,7
202400001600,2024-03-24 15:15:00,2024,3,24,15,15,974,97414,55 Rue Pente des Vacoas,-21.266821,55.438939,Plein jour,En agglomération,Hors intersection,Normale,Autre collision,3,2,2,0,2,2,1,0,4,-1,1,1,0,0,1,0,53.0,,voiture,,1,2,1,1,6
202400001601,2024-07-11 12:45:00,2024,7,11,12,45,50,50021,Le Broc,49.406436,-1.250017,Plein jour,Hors agglomération,Intersection en Y,Normale,Deux véhicules - frontale,3,2,2,0,1,1,1,0,1,80,2,2,1,0,1,0,20.0,74.0,voiture,voiture,1,1,4,1,1
202400001601,2024-07-11 12:45:00,2024,7,11,12,45,50,50021,Le Broc,49.406436,-1.250017,Plein jour,Hors agglomération,Intersection en Y,Normale,Deux véhicules - frontale,3,2,2,0,1,3,1,0,1,80,2,2,1,0,1,0,20.0,74.0,voiture,voiture,1,1,4,1,1
202400001602,2024-03-23 15:45:00,2024,3,23,15,45,59,59309,Route de Killem,50.968941,2.571037,Plein jour,Hors agglomération,Intersection à plus de 4 branches,Normale,Deux véhicules - côté,3,2,2,0,1,1,1,0,1,80,3,5,1,0,2,2,86.0,70.0,voiture,voiture,1,1,5,1,3
202400001602,2024-03-23 15:45:00,2024,3,23,15,45,59,59309,Route de Killem,50.968941,2.571037,Plein jour,Hors agglomération,Intersection à plus de 4 branches,Normale,Deux véhicules - côté,3,2,2,0,1,1,1,0,1,80,3,5,1,0,2,2,86.0,70.0,voiture,voiture,1,1,5,1,3
202400001603,2024-07-11 18:07:00,2024,7,11,18,7,18,18092,13 Rue des Epinettes,47.072694,2.650602,Plein jour,En agglomération,Hors intersection,Normale,Sans collision,3,2,2,0,1,1,1,0,1,-1,1,2,1,0,1,0,32.0,,voiture,,1,2,1,1,7
202400001604,2024-03-24 03:50:00,2024,3,24,3,50,60,60380,Avenue du Grenier à Sel,49.138509,3.08644,Nuit sans éclairage public,En agglomération,Hors intersection,Pluie légère,Autre collision,3,2,2,0,1,1,2,0,8,50,1,4,1,0,3,0,,,voiture,,3,2,1,2,6
202400001605,2024-07-10 18:00:00,2024,7,10,18,0,36,36006,,46.56928581,1.49389386,Plein jour,Hors agglomération,Hors intersection,Normale,Sans collision,3,2,2,0,2,4,1,0,3,80,1,1,0,0,1,0,14.0,,deux_roues,,1,1,1,1,7
202400001606,2024-03-22 13:23:00,2024,3,22,13,23,63,63091, A75 - diff 18 bretelle sortie sens NORD/SUD,45.42506,3.272499,Plein jour,Hors agglomération,Autre intersection,Normale,Autre collision,1,1,1,0,2,4,1,3,3,70,1,1,0,0,1,0,21.0,,voiture,,1,1,9,1,6
202400001607,2024-03-22 18:17:00,2024,3,22,18,17,63,63411,Autoroute A75 échangeur N°9 sens NORD/SUD,45.596583,3.219721,Plein jour,Hors agglomération,Intersection en X,Normale,Deux véhicules - côté,1,4,2,0,3,1,1,3,1,50,2,2,1,0,1,0,33.0,46.0,voiture,voiture,1,1,2,1,3
202400001607,2024-03-22 18:17:00,2024,3,22,18,17,63,63411,Autoroute A75 échangeur N°9 sens NORD/SUD,45.596583,3.219721,Plein jour,Hors agglomération,Intersection en X,Normale,Deux véhicules - côté,1,2,2,-1,1,1,1,0,1,90,2,2,1,0,1,0,33.0,46.0,voiture,voiture,1,1,2,1,3
202400001608,2024-07-07 17:45:00,2024,7,7,17,45,04,04031,D907,43.928638,6.144844,Plein jour,Hors agglomération,Hors intersection,Normale,Deux véhicules - frontale,3,2,2,0,2,2,1,0,1,90,2,3,1,0,0,2,33.0,58.0,voiture,voiture,1,1,1,1,1
202400001609,2024-03-23 20:00:00,2024,3,23,20,0,30,30202,Avenue André de Philip,44.258555,4.641391,Nuit avec éclairage allumé,En agglomération,Intersection en T,Normale,Deux véhicules - frontale,3,2,2,0,1,1,1,0,1,50,2,2,1,0,1,0,63.0,58.0,voiture,deux_roues,5,2,3,1,1
202400001609,2024-03-23 20:00:00,2024,3,23,20,0,30,30202,Avenue André de Philip,44.258555,4.641391,Nuit avec éclairage allumé,En agglomération,Intersection en T,Normale,Deux véhicules - frontale,3,2,2,0,1,1,1,0,1,50,2,2,1,0,1,0,63.0,58.0,voiture,deux_roues,5,2,3,1,1