accident_id,datetime,annee,mois,jour,heure,minute,departement,commune_insee,adresse,latitude,longitude,luminosite,agglomeration,intersection,meteo,collision,catr,circ,nbv,vosp,prof,plan,surf,infra,situ,vma,nb_vehicules,nb_usagers,nb_indemnes,nb_tues,nb_blesses_hosp,nb_blesses_legers,age_cond_1,age_cond_2,veh_type_cond_1,veh_type_cond_2,lum_code,agg_code,int_code,atm_code,col_code
202400001610,2024-07-11 05:50:00,2024,7,11,5,50,85,85288,D21,46.51698,-1.623314,Nuit sans éclairage public,Hors agglomération,Intersection en X,Normale,Deux véhicules - côté,3,2,2,0,1,1,1,0,1,80,2,2,1,1,0,0,50.0,16.0,utilitaire_camion,deux_roues,3,1,2,1,3
202400001610,2024-07-11 05:50:00,2024,7,11,5,50,85,85288,D21,46.51698,-1.623314,Nuit sans éclairage public,Hors agglomération,Intersection en X,Normale,Deux véhicules - côté,3,2, -1,-1,1,1,1,0,1,-1,2,2,1,1,0,0,50.0,16.0,utilitaire_camion,deux_roues,3,1,2,1,3
202400001611,2024-03-22 18:40:00,2024,3,22,18,40,34,34270,Route de Sete,43.580869,3.848074,Crépuscule ou aube,En agglomération,Intersection en Y,Normale,Deux véhicules - côté,7,2,2,0,2,1,1,0,1,50,2,2,0,0,1,1,42.0,25.0,deux_roues,deux_roues,2,2,4,1,3
202400001611,2024-03-22 18:40:00,2024,3,22,18,40,34,34270,Route de Sete,43.580869,3.848074,Crépuscule ou aube,En agglomération,Intersection en Y,Normale,Deux véhicules - côté,7,2,2,0,1,1,1,0,1,-1,2,2,0,0,1,1,42.0,25.0,deux_roues,deux_roues,2,2,4,1,3
202400001612,2024-07-11 03:20:00,2024,7,11,3,20,85,85294,Rue des sables,46.351726,-1.451118,Nuit sans éclairage public,En agglomération,Hors intersection,Normale,Sans collision,4,2,2,1,1,3,1,9,3,50,1,1,0,0,1,0,45.0,,deux_roues,,3,2,1,1,7
202400001613,2024-03-24 00:30:00,2024,3,24,0,30,57,57426,Route de Luttange,49.29235829,6.2779544,Nuit sans éclairage public,Hors agglomération,Intersection en X,Pluie légère,Deux véhicules - côté,3,2,2,0,2,1,2,0,1,80,2,5,1,0,3,1,20.0,24.0,voiture,voiture,3,1,2,2,3
202400001613,2024-03-24 00:30:00,2024,3,24,0,30,57,57426,Route de Luttange,49.29235829,6.2779544,Nuit sans éclairage public,Hors agglomération,Intersection en X,Pluie légère,Deux véhicules - côté,3,2,2,0,1,1,2,0,1,80,2,5,1,0,3,1,20.0,24.0,voiture,voiture,3,1,2,2,3
202400001614,2024-07-08 18:20:00,2024,7,8,18,20,17,17091,Route de Villedoux,46.279921,-1.073291,Plein jour,Hors agglomération,Hors intersection,Normale,Deux véhicules - côté,3,2,2,0,1,1,1,0,1,70,2,3,2,0,0,1,26.0,31.0,voiture,voiture,1,1,1,1,3
202400001615,2024-03-14 10:45:00,2024,3,14,10,45,57,57370,33 Rue de Thionville,49.393891,6.275865,Plein jour,En agglomération,Autre intersection,Normale,Autre collision,6,-1, -1,0,1,1,1,0,4,-1,1,2,1,0,0,1,25.0,,utilitaire_camion,,1,2,9,1,6
202400001616,2024-07-10 19:41:00,2024,7,10,19,41,48,48094,Route de la Canourgue,44.350004,3.229718,Plein jour,Hors agglomération,Hors intersection,Normale,Sans collision,3,2,2,0,1,4,1,0,1,90,1,1,0,0,1,0,17.0,,deux_roues,,1,1,1,1,7
202400001617,2024-03-24 11:00:00,2024,3,24,11,0,62,62524,VC,50.662405,1.826961,Plein jour,En agglomération,Hors intersection,Normale,Deux véhicules - frontale,4,2,2,0,3,2,1,0,1,50,2,3,2,0,1,0,16.0,68.0,deux_roues,utilitaire_camion,1,2,1,1,1
202400001618,2024-05-27 11:40:00,2024,5,27,11,40,52,52017,départementale 3,47.957542,4.996183,Plein jour,Hors agglomération,Hors intersection,Normale,Sans collision,3,2,2,0,1,3,1,0,3,80,1,1,0,0,1,0,60.0,,deux_roues,,1,1,1,1,7
202400001619,2024-03-23 16:45:00,2024,3,23,16,45,51,51171,Rue de l'église (Gernicourt),49.393945,3.868137,Plein jour,Hors agglomération,Hors intersection,Pluie légère,Sans collision,4,2,2,0,1,3,2,0,3,-1,1,4,2,0,2,0,31.0,,voiture,,1,1,1,2,7
202400001620,2024-03-23 23:05:00,2024,3,23,23,5,19,19229,lieu-dit les guierles,45.13477728,1.44506333,Nuit sans éclairage public,Hors agglomération,Hors intersection,Normale,Autre collision,3,2,2,0,1,3,1,0,1,70,1,1,0,0,1,0,23.0,,deux_roues,,3,1,1,1,6
202400001621,2024-03-24 09:05:00,2024,3,24,9,5,61,61081,D50 PR3+820,48.639473,0.209019,Plein jour,Hors agglomération,Hors intersection,Normale,Sans collision,3,2,2,0,1,1,1,0,1,90,1,1,0,0,1,0,65.0,,deux_roues,,1,1,1,1,7
202400001622,2024-07-10 14:17:00,2024,7,10,14,17,21,21581,A36 PK 179+800 sens BESANCON/BEAUNE,47.095296,5.353448,Plein jour,Hors agglomération,Hors intersection,Pluie légère,Autre collision,1,2,2,0,1,1,2,0,2,130,3,4,2,0,0,2,38.0,83.0,utilitaire_camion,voiture,1,1,1,2,6
202400001623,2024-03-23 22:35:00,2024,3,23,22,35,13,13045,Route d'Arles,43.832638,4.74037,Nuit sans éclairage public,Hors agglomération,Hors intersection,Normale,Deux véhicules - frontale,3,2,2,0,1,3,1,0,3,80,1,1,0,1,0,0,30.0,,voiture,,3,1,1,1,1
202400001624,2024-03-22 16:27:00,2024,3,22,16,27,02,02806,D310,49.189585,3.4658,Plein jour,Hors agglomération,Hors intersection,Normale,Autre collision,3,2,2,0,2,2,1,0,3,80,1,1,0,1,0,0,79.0,,voiture,,1,1,1,1,6
202400001625,2024-07-11 09:05:00,2024,7,11,9,5,69,69206,Autoroute 6,46.03431101,4.72591573,Plein jour,Hors agglomération,Hors intersection,Normale,Deux véhicules - arrière,1,3,6,0,1,1,1,0,1,130,2,3,1,0,0,2,30.0,62.0,utilitaire_camion,utilitaire_camion,1,1,1,1,2
202400001626,2024-03-24 16:00:00,2024,3,24,16,0,26,26069,pk 41 D518,44.829418,5.391841,Plein jour,Hors agglomération,Hors intersection,Normale,Autre collision,3,2,2,0,2,1,1,0,3,80,1,1,0,0,1,0,30.0,,deux_roues,,1,1,1,1,6
202400001627,2024-07-10 19:15:00,2024,7,10,19,15,13,13103,"Autoroute A54, échangeur 13, pk 063.960, direction NIMES",43.63871301,5.02529116,Crépuscule ou aube,Hors agglomération,Hors intersection,Normale,Sans collision,1,2,2,0,2,2,1,3,3,70,1,1,0,0,0,1,66.0,,utilitaire_camion,,2,1,1,1,7
202400001628,2024-03-22 17:52:00,2024,3,22,17,52,06,06105, Route de Grasse,43.662278,7.057056,Plein jour,En agglomération,Place,Normale,Deux véhicules - côté,3,2,2,0,2,1,1,0,1,50,2,3,1,0,1,1,33.0,37.0,deux_roues,voiture,1,2,7,1,3
202400001629,2024-03-24 15:24:00,2024,3,24,15,24,60,60253,D11,49.602812,2.158728,Plein jour,Hors agglomération,Hors intersection,Vent fort / tempête,Trois véhicules et plus - en chaîne,3,2,2,0,1,1,2,0,1,80,3,3,1,0,0,2,53.0,60.0,deux_roues,deux_roues,1,1,1,6,4
202400001630,2024-07-10 15:55:00,2024,7,10,15,55,987,98722,"RT2, PK 27+500, vers PAPEETE",-17.590941,-149.390652,Plein jour,Hors agglomération,Hors intersection,Normale,Deux véhicules - frontale,9,2,2,0,1,3,1,0,1,60,2,4,2,0,2,0,26.0,26.0,deux_roues,voiture,1,1,1,1,1
202400001631,2024-03-23 23:00:00,2024,3,23,23,0,64,64082,D28,43.45847832,-1.01572305,Nuit sans éclairage public,Hors agglomération,Intersection en X,Normale,Deux véhicules - côté,3,2,2,0,1,1,1,0,1,70,2,5,2,0,3,0,21.0,28.0,voiture,voiture,3,1,2,1,3
202400001631,2024-03-23 23:00:00,2024,3,23,23,0,64,64082,D28,43.45847832,-1.01572305,Nuit sans éclairage public,Hors agglomération,Intersection en X,Normale,Deux véhicules - côté,3,2, -1,-1,1,1,1,0,1,80,2,5,2,0,3,0,21.0,28.0,voiture,voiture,3,1,2,1,3
202400001632,2024-04-10 13:55:00,2024,4,10,13,55,988,98802,RT1 - PORT OUENGHI,-21.884956,166.069765,Plein jour,Hors agglomération,Hors intersection,Normale,Deux véhicules - arrière,2,2,2,0,1,3,1,0,1,90,2,2,1,0,0,1,73.0,,voiture,utilitaire_camion,1,1,1,1,2
202400001633,2024-03-23 18:24:00,2024,3,23,18,24,43,43018,D589,44.98785279,3.73873712,Crépuscule ou aube,Hors agglomération,Intersection en X,Temps éblouissant,Deux véhicules - côté,3,2,1,0,1,3,1,0,1,90,2,2,1,0,1,0,20.0,17.0,voiture,deux_roues,2,1,2,7,3
202400001633,2024-03-23 18:24:00,2024,3,23,18,24,43,43018,D589,44.98785279,3.73873712,Crépuscule ou aube,Hors agglomération,Intersection en X,Temps éblouissant,Deux véhicules - côté,3,2, -1,0,1,1,1,5,1,-1,2,2,1,0,1,0,20.0,17.0,voiture,deux_roues,2,1,2,7,3
202400001634,2024-07-11 10:00:00,2024,7,11,10,0,974,97408,Avenue de la Palestine,-20.959626,55.322744,Plein jour,En agglomération,Hors intersection,Normale,Autre collision,4,1,1,3,1,4,1,0,6,50,1,2,0,0,0,2,16.0,,deux_roues,,1,2,1,1,6
202400001635,2024-02-20 09:40:00,2024,2,20,9,40,27,27001,D438,49.16912,0.694828,Plein jour,Hors agglomération,Intersection en T,Normale,Deux véhicules - côté,3,2,2,0,1,1,1,0,1,80,2,2,1,0,1,0,39.0,17.0,voiture,deux_roues,1,1,3,1,3
202400001635,2024-02-20 09:40:00,2024,2,20,9,40,27,27001,D438,49.16912,0.694828,Plein jour,Hors agglomération,Intersection en T,Normale,Deux véhicules - côté,3,2,2,-1,1,1,1,0,1,80,2,2,1,0,1,0,39.0,17.0,voiture,deux_roues,1,1,3,1,3
202400001636,2024-07-11 17:25:00,2024,7,11,17,25,77,77089,D213,48.497907,2.941122,Plein jour,Hors agglomération,Intersection en X,Normale,Deux véhicules - côté,3,2,2,0,1,1,1,0,1,90,2,4,0,0,4,0,20.0,26.0,voiture,utilitaire_camion,1,1,2,1,3
202400001636,2024-07-11 17:25:00,2024,7,11,17,25,77,77089,D213,48.497907,2.941122,Plein jour,Hors agglomération,Intersection en X,Normale,Deux véhicules - côté,3,2,2,0,1,1,1,5,1,90,2,4,0,0,4,0,20.0,26.0,voiture,utilitaire_camion,1,1,2,1,3
202400001637,2024-07-11 11:15:00,2024,7,11,11,15,95,95199,45 JEAN JAURES (AVENUE),49.031938,2.337105,Plein jour,En agglomération,Hors intersection,Normale,Autre collision,4,1,1,0,2,1,1,0,1,30,1,2,1,0,0,1,55.0,,voiture,,1,2,1,1,6
202400001638,2024-03-18 15:34:00,2024,3,18,15,34,17,17317,D730,45.41908,-0.632738,Plein jour,Hors agglomération,Hors intersection,Normale,Deux véhicules - frontale,3,2,2,0,1,3,1,0,5,80,2,3,0,0,1,2,68.0,69.0,voiture,voiture,1,1,1,1,1
202400001639,2024-03-24 15:40:00,2024,3,24,15,40,73,73241,A430 Péage Sainte-Hélène-sur-Isère,45.620148,6.311906,Plein jour,Hors agglomération,Hors intersection,Pluie légère,Autre collision,1,3, -1,0,1,1,2,7,1,70,1,3,1,0,0,2,46.0,,voiture,,1,1,1,2,6
202400001640,2024-03-24 05:55:00,2024,3,24,5,55,42,42279,Route de Saint-Étienne,45.512764,4.268285,Nuit avec éclairage allumé,En agglomération,Intersection en X,Pluie légère,Deux véhicules - côté,3,2,2,0,1,1,2,5,1,-1,2,2,1,0,0,1,23.0,67.0,voiture,utilitaire_camion,5,2,2,2,3
202400001640,2024-03-24 05:55:00,2024,3,24,5,55,42,42279,Route de Saint-Étienne,45.512764,4.268285,Nuit avec éclairage allumé,En agglomération,Intersection en X,Pluie légère,Deux véhicules - côté,3,2,2,0,3,1,2,5,1,50,2,2,1,0,0,1,23.0,67.0,voiture,utilitaire_camion,5,2,2,2,3
202400001641,2024-07-10 16:40:00,2024,7,10,16,40,78,78615,D30,48.848941,1.961387,Plein jour,Hors agglomération,Hors intersection,Normale,Trois véhicules et plus - collisions multiples,3,2,3,0,2,3,1,0,1,80,3,6,3,0,3,0,39.0,44.0,voiture,voiture,1,1,1,1,5
202400001642,2024-03-23 00:08:00,2024,3,23,0,8,69,69050,Autoroute 89 ,45.86332228,4.63455372,Nuit sans éclairage public,Hors agglomération,Hors intersection,Normale,Deux véhicules - côté,1,3,4,0,1,1,1,0,1,130,2,2,1,0,1,0,48.0,60.0,voiture,utilitaire_camion,3,1,1,1,3
202400001643,2024-07-09 20:55:00,2024,7,9,20,55,30,30211,Route de Beaucaire,43.826842,4.489038,Crépuscule ou aube,En agglomération,Hors intersection,Normale,Deux véhicules - frontale,3,2,2,0,1,1,1,0,1,50,2,2,1,0,1,0,21.0,66.0,utilitaire_camion,voiture,2,2,1,1,1
202400001644,2024-05-23 16:45:00,2024,5,23,16,45,34,34157,boulevard paul valery,43.423962,3.601885,Plein jour,En agglomération,Hors intersection,Normale,Autre collision,4,2,2,0,1,1,1,0,1,50,1,2,1,0,1,0,43.0,,voiture,,1,2,1,1,6
202400001645,2024-03-23 18:35:00,2024,3,23,18,35,13,13013,"A52,bretelle entrée, S2,Pk 07.479",43.416037,5.577686,Plein jour,Hors agglomération,Giratoire,Normale,Sans collision,1,1,3,0,2,3,1,3,1,50,1,1,0,0,1,0,43.0,,deux_roues,,1,1,6,1,7
202400001646,2024-07-11 03:55:00,2024,7,11,3,55,34,34090,3 Rue Antoine Blanchemain,43.664682,3.924319,Nuit sans éclairage public,Hors agglomération,Intersection en T,Normale,Sans collision,7,2,2,0,1,1,1,0,1,-1,1,1,0,1,0,0,54.0,,deux_roues,,3,1,3,1,7
202400001646,2024-07-11 03:55:00,2024,7,11,3,55,34,34090,3 Rue Antoine Blanchemain,43.664682,3.924319,Nuit sans éclairage public,Hors agglomération,Intersection en T,Normale,Sans collision,7,2, -1,-1,1,1,1,0,1,-1,1,1,0,1,0,0,54.0,,deux_roues,,3,1,3,1,7
202400001647,2024-03-13 10:00:00,2024,3,13,10,0,976,97603,Hamouro,-12.880505,45.214105,Plein jour,En agglomération,Hors intersection,Normale,Autre collision,3,2,2,0,2,1,1,0,1,50,1,3,2,0,0,1,36.0,,utilitaire_camion,,1,2,1,1,6
202400001648,2024-03-23 15:25:00,2024,3,23,15,25,987,98725,face tahiti menager,-17.50620271,-149.47538853,Plein jour,En agglomération,Hors intersection,Normale,Deux véhicules - frontale,2,2,2,0,1,1,1,0,1,50,2,2,0,0,0,2,60.0,57.0,deux_roues,deux_roues,1,2,1,1,1
202400001649,2024-07-11 10:40:00,2024,7,11,10,40,84,84147,D973 Y,43.702924,5.441558,Plein jour,Hors agglomération,Hors intersection,Normale,Deux véhicules - côté,3,2,2,0,1,3,1,0,1,80,2,2,1,0,0,1,53.0,61.0,deux_roues,voiture,1,1,1,1,3
202400001650,2024-03-23 20:50:00,2024,3,23,20,50,971,97128,Route de Maudette,16.231554,-61.417866,Nuit avec éclairage allumé,Hors agglomération,Hors intersection,Normale,Deux véhicules - côté,3,2,2,0,1,1,1,0,1,70,2,2,1,0,0,1,72.0,78.0,voiture,deux_roues,5,1,1,1,3
202400001651,2024-07-11 14:54:00,2024,7,11,14,54,13,13059,d556,43.660203,5.494688,Plein jour,Hors agglomération,Giratoire,Normale,Deux véhicules - arrière,3,1,1,0,1,3,1,0,1,80,2,2,1,0,0,1,32.0,28.0,deux_roues,voiture,1,1,6,1,2
202400001652,2024-03-24 16:00:00,2024,3,24,16,0,06,06058,Route Napoleon,43.730096,6.792895,Plein jour,En agglomération,Giratoire,Normale,Autre collision,3,2,2,0,1,2,1,0,1,50,3,5,3,0,2,0,28.0,20.0,deux_roues,deux_roues,1,2,6,1,6
202400001653,2024-03-24 04:17:00,2024,3,24,4,17,03,03298,N209 route de vichy,46.29675,3.425731,Nuit sans éclairage public,Hors agglomération,Hors intersection,Pluie légère,Autre collision,2,2,2,0,1,1,2,0,3,80,1,1,0,0,1,0,29.0,,voiture,,3,1,1,2,6
202400001654,2024-07-11 19:50:00,2024,7,11,19,50,58,58117,D47,47.007548,3.09764,Plein jour,Hors agglomération,Hors intersection,Normale,Deux véhicules - côté,3,2,2,1,4,1,1,0,1,90,2,5,4,0,0,1,32.0,34.0,voiture,voiture,1,1,1,1,3
202400001655,2024-03-24 15:55:00,2024,3,24,15,55,38,38097,Route de la Plaine,45.763766,5.185429,Plein jour,En agglomération,Hors intersection,Normale,Deux véhicules - frontale,4,2,2,0,1,1,1,0,1,50,2,2,0,1,0,1,67.0,24.0,voiture,deux_roues,1,2,1,1,1
202400001656,2024-03-23 19:10:00,2024,3,23,19,10,26,26233,Route de Vaison,44.288273,5.104512,Nuit sans éclairage public,Hors agglomération,Hors intersection,Normale,Sans collision,3,2,2,0,1,1,1,0,1,80,1,1,0,0,1,0,58.0,,voiture,,3,1,1,1,7
202400001657,2024-05-13 09:15:00,2024,5,13,9,15,67,67529,01 rue du Ried,48.708975,7.800947,Plein jour,En agglomération,Place,Normale,Autre collision,6,-1,2,0,1,1,1,9,8,-1,1,2,1,0,1,0,58.0,,voiture,,1,2,7,1,6
202400001658,2024-03-23 05:45:00,2024,3,23,5,45,01,01262,160 Faubourg de Lyon,45.849253,5.050873,Crépuscule ou aube,En agglomération,Intersection en T,Normale,Deux véhicules - côté,3,2,2,0,1,1,1,0,1,30,2,2,1,0,1,0,30.0,54.0,voiture,deux_roues,2,2,3,1,3
202400001658,2024-03-23 05:45:00,2024,3,23,5,45,01,01262,160 Faubourg de Lyon,45.849253,5.050873,Crépuscule ou aube,En agglomération,Intersection en T,Normale,Deux véhicules - côté,3,2,2,0,1,1,1,0,1,50,2,2,1,0,1,0,30.0,54.0,voiture,deux_roues,2,2,3,1,3
202400001659,2024-07-11 18:10:00,2024,7,11,18,10,03,03100,carrefour Grande Rue et Rue du port,46.533742,3.745968,Plein jour,En agglomération,Intersection en X,Normale,Deux véhicules - côté,3,2,2,0,1,1,1,5,1,50,2,2,1,1,0,0,17.0,53.0,deux_roues,utilitaire_camion,1,2,2,1,3
202400001659,2024-07-11 18:10:00,2024,7,11,18,10,03,03100,carrefour Grande Rue et Rue du port,46.533742,3.745968,Plein jour,En agglomération,Intersection en X,Normale,Deux véhicules - côté,3,2,2,0,1,1,1,5,1,50,2,2,1,1,0,0,17.0,53.0,deux_roues,utilitaire_camion,1,2,2,1,3
202400001660,2024-03-23 17:20:00,2024,3,23,17,20,01,01405,D1083 lieu-dit les tiards,46.139776,5.170569,Plein jour,Hors agglomération,Hors intersection,Normale,Deux véhicules - frontale,3,2,2,0,2,1,1,0,1,70,2,6,1,1,1,3,50.0,78.0,voiture,voiture,1,1,1,1,1
202400001661,2024-07-10 20:45:00,2024,7,10,20,45,63,63213,Chemin communal,45.819902,3.248949,Plein jour,Hors agglomération,Hors intersection,Normale,Deux véhicules - côté,9,-1,2,0,1,1,1,0,1,-1,2,2,1,0,1,0,16.0,52.0,deux_roues,deux_roues,1,1,1,1,3
202400001662,2024-03-23 14:20:00,2024,3,23,14,20,69,69254,Route D'Amplepuis,45.950605,4.423692,Plein jour,Hors agglomération,Hors intersection,Normale,Autre collision,3,2,2,0,2,2,1,0,3,80,1,1,0,0,1,0,25.0,,deux_roues,,1,1,1,1,6
202400001663,2024-03-23 15:52:00,2024,3,23,15,52,86,86173,D759,46.99806,0.052392,Plein jour,Hors agglomération,Autre intersection,Normale,Trois véhicules et plus - collisions multiples,3,2,2,0,1,1,1,0,1,70,3,4,2,0,1,1,27.0,23.0,voiture,voiture,1,1,9,1,5
202400001664,2024-03-23 22:50:00,2024,3,23,22,50,33,33067,,45.041478,-0.587717,Nuit sans éclairage public,En agglomération,Hors intersection,Pluie légère,Autre collision,3,2,2,0,4,2,2,0,3,50,1,1,0,1,0,0,46.0,,deux_roues,,3,2,1,2,6
202400001665,2024-03-23 10:45:00,2024,3,23,10,45,22,22282,Rue du Guebriant,48.574531,-2.237059,Plein jour,Hors agglomération,Hors intersection,Temps couvert,Sans collision,3,2,2,0,2,3,1,0,1,50,1,1,0,0,1,0,57.0,,deux_roues,,1,1,1,8,7
202400001666,2024-03-24 18:00:00,2024,3,24,18,0,60,60010,,49.2057,2.109678,Plein jour,Hors agglomération,Hors intersection,Normale,Autre collision,4,2,2,0,2,2,1,0,3,80,1,1,0,0,1,0,21.0,,deux_roues,,1,1,1,1,6
202400001667,2024-07-11 09:10:00,2024,7,11,9,10,07,07324,avenue de lyon,45.073962,4.817392,Plein jour,En agglomération,Hors intersection,Normale,Deux véhicules - arrière,3,2,2,1,1,2,1,0,1,50,2,2,1,0,0,1,53.0,19.0,utilitaire_camion,deux_roues,1,2,1,1,2
202400001668,2024-03-23 04:15:00,2024,3,23,4,15,69,69199,Autoroute 7 ,45.68663786,4.84650522,Nuit sans éclairage public,Hors agglomération,Hors intersection,Normale,Deux véhicules - arrière,1,3,6,0,1,1,1,0,1,70,2,7,6,0,1,0,29.0,21.0,voiture,deux_roues,3,1,1,1,2
202400001669,2024-07-10 15:15:00,2024,7,10,15,15,01,01202,8 Rue de l’Industrie,45.902347,5.345948,Plein jour,En agglomération,Hors intersection,Normale,Deux véhicules - côté,6,-1, -1,0,1,1,1,9,1,-1,2,3,2,0,1,0,15.0,47.0,deux_roues,voiture,1,2,1,1,3
202400001670,2024-03-22 14:04:00,2024,3,22,14,4,92,92050,A14,48.89880161,2.21573659,Nuit avec éclairage allumé,Hors agglomération,Hors intersection,Normale,Deux véhicules - arrière,1,1,3,0,1,1,1,1,1,70,2,3,0,0,0,3,30.0,61.0,voiture,voiture,5,1,1,1,2
202400001671,2024-07-11 13:10:00,2024,7,11,13,10,81,81271,D38,43.768382,1.723276,Plein jour,Hors agglomération,Hors intersection,Normale,Autre collision,3,2,2,0,1,1,1,2,1,80,1,1,0,0,1,0,30.0,,voiture,,1,1,1,1,6
202400001672,2024-03-23 10:45:00,2024,3,23,10,45,93,93053,A3,48.89885,2.4694,Plein jour,Hors agglomération,Hors intersection,Normale,Deux véhicules - arrière,1,1,3,0,1,1,1,0,1,70,2,2,1,0,0,1,46.0,62.0,utilitaire_camion,voiture,1,1,1,1,2
202400001673,2024-03-22 17:55:00,2024,3,22,17,55,95,95176,A15,48.98861374,2.20310397,Plein jour,Hors agglomération,Hors intersection,Normale,Deux véhicules - arrière,1,3,6,0,1,1,1,0,1,110,2,2,1,0,0,1,34.0,81.0,deux_roues,voiture,1,1,1,1,2
202400001674,2024-07-10 18:40:00,2024,7,10,18,40,17,17336,D137,45.783286,-0.711322,Plein jour,Hors agglomération,Hors intersection,Normale,Trois véhicules et plus - en chaîne,3,2,2,0,1,1,1,0,1,90,3,5,2,1,0,2,40.0,26.0,utilitaire_camion,voiture,1,1,1,1,4
202400001675,2024-03-21 16:40:00,2024,3,21,16,40,94,94002,Rue Etienne Dolet / Allee du 8 Mai 1945,48.79095,2.42573,Plein jour,En agglomération,Intersection en T,Normale,Deux véhicules - côté,4,2,2,0,1,1,1,0,1,50,2,5,2,0,0,3,27.0,62.0,transport_commun,voiture,1,2,3,1,3
202400001675,2024-03-21 16:40:00,2024,3,21,16,40,94,94002,Rue Etienne Dolet / Allee du 8 Mai 1945,48.79095,2.42573,Plein jour,En agglomération,Intersection en T,Normale,Deux véhicules - côté,4,3,2,0,1,1,1,0,1,50,2,5,2,0,0,3,27.0,62.0,transport_commun,voiture,1,2,3,1,3
202400001676,2024-07-03 19:30:00,2024,7,3,19,30,33,33322,,44.967386,-0.644953,Plein jour,Hors agglomération,Intersection en T,Normale,Deux véhicules - côté,3,2,2,0,1,1,1,0,1,70,2,2,0,0,1,1,24.0,69.0,voiture,voiture,1,1,3,1,3
202400001676,2024-07-03 19:30:00,2024,7,3,19,30,33,33322,,44.967386,-0.644953,Plein jour,Hors agglomération,Intersection en T,Normale,Deux véhicules - côté,3,2,2,-1,1,1,1,0,1,-1,2,2,0,0,1,1,24.0,69.0,voiture,voiture,1,1,3,1,3
202400001677,2024-03-22 09:30:00,2024,3,22,9,30,987,98735,PRINCE HINOI (AVENUE),-17.5321133,-149.5558071,Plein jour,En agglomération,Hors intersection,Normale,Deux véhicules - arrière,2,3,4,0,1,1,1,0,1,50,2,2,1,0,0,1,,47.0,voiture,deux_roues,1,2,1,1,2
202400001678,2024-03-22 07:55:00,2024,3,22,7,55,987,98735,CLEMENCEAU (RUE QTIER MANUHOE),-17.53772,-149.5632,Plein jour,En agglomération,Hors intersection,Normale,Deux véhicules - côté,2,2,4,0,1,1,1,0,1,40,2,2,1,0,0,1,41.0,30.0,deux_roues,voiture,1,2,1,1,3
202400001679,2024-07-11 11:15:00,2024,7,11,11,15,50,50444,D13,49.045667,-0.949234,Plein jour,Hors agglomération,Hors intersection,Normale,Deux véhicules - frontale,3,2,2,0,1,1,1,0,1,80,2,3,2,0,0,1,82.0,69.0,voiture,voiture,1,1,1,1,1
202400001680,2024-03-22 18:00:00,2024,3,22,18,0,974,97411,MACE (BOULEVARD GABRIEL),-20.87274,55.44848,Plein jour,En agglomération,Hors intersection,Normale,Autre collision,2,2,2,0,1,1,1,6,1,50,1,2,1,0,0,1,26.0,,deux_roues,,1,2,1,1,6
202400001681,2024-07-10 14:10:00,2024,7,10,14,10,14,14762,La Baziniere- Maisoncelles (Maisoncelles-la-Jourdan),48.810849,-0.870913,Plein jour,Hors agglomération,Hors intersection,Normale,Sans collision,3,2,2,0,1,2,1,0,3,80,1,1,0,0,1,0,56.0,,deux_roues,,1,1,1,1,7
202400001682,2024-03-22 18:30:00,2024,3,22,18,30,69,69388,Boulevard des Etats-Unis,45.73853275,4.86053185,Crépuscule ou aube,En agglomération,Hors intersection,Normale,Autre collision,4,2,2,2,1,1,1,6,1,50,1,3,0,0,0,3,41.0,,deux_roues,,2,2,1,1,6
202400001683,2024-07-09 10:50:00,2024,7,9,10,50,22,22070,Rue du Grand Trotrieux,48.560498,-3.15136,Plein jour,En agglomération,Hors intersection,Pluie légère,Autre collision,4,2,2,0,2,1,2,9,1,50,1,3,1,0,2,0,69.0,,voiture,,1,2,1,2,6
202400001684,2024-07-10 17:50:00,2024,7,10,17,50,22,22162,Carrefour (Supermarché),48.77186,-3.038948,Plein jour,En agglomération,Hors intersection,Normale,Autre collision,6,-1, -1,0,1,1,1,0,8,15,1,2,1,0,0,1,35.0,,voiture,,1,2,1,1,6
202400001685,2024-03-22 13:00:00,2024,3,22,13,0,69,69387,Avenue Jean Jaurès,45.73429769,4.83540253,Plein jour,En agglomération,Intersection en T,Normale,Deux véhicules - côté,4,2,2,0,1,1,1,0,5,30,2,2,1,0,0,1,40.0,30.0,voiture,deux_roues,1,2,3,1,3
202400001685,2024-03-22 13:00:00,2024,3,22,13,0,69,69387,Avenue Jean Jaurès,45.73429769,4.83540253,Plein jour,En agglomération,Intersection en T,Normale,Deux véhicules - côté,4,2,2,2,1,1,1,0,5,30,2,2,1,0,0,1,40.0,30.0,voiture,deux_roues,1,2,3,1,3
202400001686,2024-03-22 16:30:00,2024,3,22,16,30,69,69149,Route de Brignais,45.72434,4.78074,Plein jour,En agglomération,Intersection en X,Normale,Deux véhicules - côté,7,2,3,2,1,1,1,0,1,50,2,2,1,0,0,1,,41.0,voiture,deux_roues,1,2,2,1,3