accident_id,datetime,annee,mois,jour,heure,minute,departement,commune_insee,adresse,latitude,longitude,luminosite,agglomeration,intersection,meteo,collision,catr,circ,nbv,vosp,prof,plan,surf,infra,situ,vma,nb_vehicules,nb_usagers,nb_indemnes,nb_tues,nb_blesses_hosp,nb_blesses_legers,age_cond_1,age_cond_2,veh_type_cond_1,veh_type_cond_2,lum_code,agg_code,int_code,atm_code,col_code
202400001686,2024-03-22 16:30:00,2024,3,22,16,30,69,69149,Route de Brignais,45.72434,4.78074,Plein jour,En agglomération,Intersection en X,Normale,Deux véhicules - côté,7,2,3,1,1,1,1,0,1,50,2,2,1,0,0,1,,41.0,voiture,deux_roues,1,2,2,1,3
202400001687,2024-07-11 07:10:00,2024,7,11,7,10,76,76164,D490,49.531448,0.754151,Plein jour,Hors agglomération,Hors intersection,Normale,Deux véhicules - frontale,3,2,2,0,1,2,1,0,1,80,2,2,0,0,2,0,23.0,22.0,voiture,utilitaire_camion,1,1,1,1,1
202400001688,2024-03-22 12:15:00,2024,3,22,12,15,69,69389,40 Rue Marietton,45.77555,4.80266,Plein jour,En agglomération,Intersection en T,Normale,Autre collision,4,2,2,0,1,1,1,9,1,50,1,2,1,0,0,1,,,deux_roues,,1,2,3,1,6
202400001688,2024-03-22 12:15:00,2024,3,22,12,15,69,69389,40 Rue Marietton,45.77555,4.80266,Plein jour,En agglomération,Intersection en T,Normale,Autre collision,4,1,1,2,1,1,1,0,1,-1,1,2,1,0,0,1,,,deux_roues,,1,2,3,1,6
202400001689,2024-07-09 13:15:00,2024,7,9,13,15,62,62128,D42,50.305993,2.951417,Plein jour,En agglomération,Hors intersection,Normale,Autre collision,3,2,2,0,1,1,1,0,1,-1,1,1,0,0,1,0,21.0,,deux_roues,,1,2,1,1,6
202400001690,2024-03-22 19:15:00,2024,3,22,19,15,971,97107,DUMANOIR ( ALLEE ),16.02565,-61.57394,Nuit avec éclairage non allumé,En agglomération,Hors intersection,Normale,Deux véhicules - frontale,3,3,2,0,1,1,1,0,1,50,2,2,1,0,0,1,23.0,23.0,deux_roues,deux_roues,4,2,1,1,1
202400001691,2024-07-11 03:00:00,2024,7,11,3,0,59,59614,ROUTE NATIONALE,50.151588,3.459961,Nuit sans éclairage public,En agglomération,Hors intersection,Normale,Sans collision,3,2,2,0,1,4,1,0,1,80,1,2,0,0,1,1,30.0,,voiture,,3,2,1,1,7
202400001692,2024-03-22 13:04:00,2024,3,22,13,4,2A,2A004,21 Avenue Marechal Juin,41.93443,8.75077,Plein jour,En agglomération,Intersection en T,Normale,Deux véhicules - côté,4,2,2,0,1,1,1,0,1,50,2,2,1,0,0,1,74.0,54.0,voiture,deux_roues,1,2,3,1,3
202400001692,2024-03-22 13:04:00,2024,3,22,13,4,2A,2A004,21 Avenue Marechal Juin,41.93443,8.75077,Plein jour,En agglomération,Intersection en T,Normale,Deux véhicules - côté,4,2,4,0,1,1,1,0,1,50,2,2,1,0,0,1,74.0,54.0,voiture,deux_roues,1,2,3,1,3
202400001693,2024-07-10 22:30:00,2024,7,10,22,30,59,59139,Rue de Saint-quentin,50.117383,3.410908,Nuit sans éclairage public,En agglomération,Hors intersection,Normale,Autre collision,3,2,2,0,1,1,1,0,1,50,1,1,0,0,1,0,17.0,,deux_roues,,3,2,1,1,6
202400001694,2024-07-10 17:52:00,2024,7,10,17,52,91,91228,RN 104,48.61433,2.42996,Plein jour,Hors agglomération,Hors intersection,Normale,Deux véhicules - côté,2,-1,3,0,1,1,1,0,1,90,2,2,1,0,0,1,21.0,35.0,deux_roues,voiture,1,1,1,1,3
202400001695,2024-03-22 22:50:00,2024,3,22,22,50,95,95539,D301,49.00589546,2.35561954,Nuit sans éclairage public,En agglomération,Intersection en Y,Pluie légère,Deux véhicules - arrière,3,2,2,0,1,1,2,0,8,50,2,3,2,0,0,1,23.0,32.0,deux_roues,voiture,3,2,4,2,2
202400001695,2024-03-22 22:50:00,2024,3,22,22,50,95,95539,D301,49.00589546,2.35561954,Nuit sans éclairage public,En agglomération,Intersection en Y,Pluie légère,Deux véhicules - arrière,3,1,1,0,1,3,2,0,1,50,2,3,2,0,0,1,23.0,32.0,deux_roues,voiture,3,2,4,2,2
202400001696,2024-07-10 17:30:00,2024,7,10,17,30,91,91136,AUTOROUTE A126,48.715234,2.269018,Plein jour,Hors agglomération,Autre intersection,Normale,Autre collision,1,1,1,0,1,1,1,0,2,90,1,1,0,0,0,1,35.0,,voiture,,1,1,9,1,6
202400001697,2024-03-22 17:35:00,2024,3,22,17,35,95,95252,ANDRE CITROEN (RUE),48.98916423,2.21186221,Plein jour,En agglomération,Giratoire,Normale,Deux véhicules - frontale,4,2,2,0,2,2,1,0,1,50,2,4,2,0,1,1,42.0,54.0,voiture,voiture,1,2,6,1,1
202400001697,2024-03-22 17:35:00,2024,3,22,17,35,95,95252,ANDRE CITROEN (RUE),48.98916423,2.21186221,Plein jour,En agglomération,Giratoire,Normale,Deux véhicules - frontale,4,2,2,0,2,3,1,0,1,50,2,4,2,0,1,1,42.0,54.0,voiture,voiture,1,2,6,1,1
202400001698,2024-07-10 15:56:00,2024,7,10,15,56,91,91064,RN 118,48.74969048,2.20813394,Plein jour,Hors agglomération,Hors intersection,Normale,Sans collision,2,-1,2,0,2,1,1,0,1,90,1,1,0,0,0,1,27.0,,deux_roues,,1,1,1,1,7
202400001699,2024-03-22 16:20:00,2024,3,22,16,20,95,95582,D14,48.9736445,2.25305431,Plein jour,En agglomération,Intersection en T,Normale,Autre collision,3,2,2,0,1,1,1,0,1,30,1,2,1,0,0,1,20.0,,voiture,,1,2,3,1,6
202400001699,2024-03-22 16:20:00,2024,3,22,16,20,95,95582,D14,48.9736445,2.25305431,Plein jour,En agglomération,Intersection en T,Normale,Autre collision,3,2,2,0,1,1,1,0,1,30,1,2,1,0,0,1,20.0,,voiture,,1,2,3,1,6
202400001700,2024-07-10 16:20:00,2024,7,10,16,20,91,91687,AUTOROUTE A6,48.66561,2.36327,Plein jour,Hors agglomération,Hors intersection,Normale,Deux véhicules - côté,1,3,3,0,1,1,1,0,1,110,2,2,1,0,0,1,22.0,25.0,utilitaire_camion,deux_roues,1,1,1,1,3
202400001701,2024-03-19 16:45:00,2024,3,19,16,45,95,95210,D311,48.97168454,2.30837882,Plein jour,En agglomération,Autre intersection,Normale,Autre collision,3,2,1,0,1,1,1,0,4,10,1,2,1,0,0,1,77.0,,deux_roues,,1,2,9,1,6
202400001702,2024-07-10 02:27:00,2024,7,10,2,27,91,91617,RN 104,48.63401,2.53522,Nuit sans éclairage public,Hors agglomération,Hors intersection,Pluie légère,Autre collision,2,1,2,0,1,3,2,0,1,70,1,1,0,0,0,1,27.0,,voiture,,3,1,1,2,6
202400001703,2024-07-10 19:40:00,2024,7,10,19,40,95,95277,A1,48.98202531,2.50014325,Plein jour,Hors agglomération,Hors intersection,Normale,Deux véhicules - arrière,1,3,3,0,1,1,1,0,1,110,2,2,1,0,0,1,19.0,35.0,voiture,deux_roues,1,1,1,1,2
202400001704,2024-03-22 08:00:00,2024,3,22,8,0,91,91345,RUE PDT FRANCOIS MITTERRAND,48.7005,2.29629,Plein jour,En agglomération,Hors intersection,Normale,Trois véhicules et plus - en chaîne,3,2,2,0,1,1,1,0,1,50,3,3,2,0,0,1,44.0,45.0,voiture,voiture,1,2,1,1,4
202400001705,2024-03-22 10:35:00,2024,3,22,10,35,91,91027,RUE EDOUARD VAILLANT,48.7124,2.40225,Plein jour,En agglomération,Giratoire,Normale,Autre collision,3,2,2,0,4,3,1,0,1,50,1,2,1,0,0,1,75.0,,voiture,,1,2,6,1,6
202400001705,2024-03-22 10:35:00,2024,3,22,10,35,91,91027,RUE EDOUARD VAILLANT,48.7124,2.40225,Plein jour,En agglomération,Giratoire,Normale,Autre collision,3,2,2,0,1,3,1,0,1,50,1,2,1,0,0,1,75.0,,voiture,,1,2,6,1,6
202400001706,2024-07-10 08:20:00,2024,7,10,8,20,93,93066,AUTOROUTE A1,48.90751824,2.35850551,Plein jour,Hors agglomération,Hors intersection,Normale,Trois véhicules et plus - collisions multiples,1,3,4,0,1,1,1,0,1,50,3,5,3,0,0,2,46.0,38.0,voiture,transport_commun,1,1,1,1,5
202400001707,2024-03-22 17:00:00,2024,3,22,17,0,91,91174,RUE FERAY,48.60509,2.46987,Plein jour,En agglomération,Hors intersection,Normale,Autre collision,4,2,2,0,1,1,1,0,1,30,1,2,1,0,0,1,21.0,,voiture,,1,2,1,1,6
202400001708,2024-03-21 10:36:00,2024,3,21,10,36,87,87085,LA FONTAINE (RUE),45.84666,1.24978,Plein jour,En agglomération,Hors intersection,Normale,Autre collision,4,2,1,0,1,1,1,0,1,30,1,1,0,0,0,1,90.0,,voiture,,1,2,1,1,6
202400001709,2024-03-22 18:45:00,2024,3,22,18,45,86,86194,Rue du Faubourg du Pont Neuf,46.572732,0.362387,Crépuscule ou aube,En agglomération,Hors intersection,Normale,Deux véhicules - frontale,4,1,2,0,2,1,1,0,1,30,2,2,1,0,0,1,25.0,21.0,voiture,deux_roues,2,2,1,1,1
202400001710,2024-03-22 17:30:00,2024,3,22,17,30,84,84007,FOLCOAUD (COURS DES FRÈRES),43.93693,4.87136,Plein jour,En agglomération,Hors intersection,Normale,Autre collision,4,2,2,2,1,1,1,0,1,50,1,2,1,0,0,1,50.0,,voiture,,1,2,1,1,6
202400001711,2024-07-10 07:30:00,2024,7,10,7,30,93,93029,A86,48.91845143,2.42885396,Plein jour,Hors agglomération,Hors intersection,Normale,Trois véhicules et plus - en chaîne,1,3,6,0,1,1,1,0,1,90,3,3,2,0,0,1,21.0,24.0,voiture,voiture,1,1,1,1,4
202400001712,2024-03-21 10:15:00,2024,3,21,10,15,30,30011,920 Avenue de la 2e Division Blindee,43.95821429,4.75889361,Plein jour,En agglomération,Giratoire,Normale,Deux véhicules - côté,3,2,2,0,1,1,1,5,1,50,2,2,1,0,1,0,64.0,,deux_roues,voiture,1,2,6,1,3
202400001712,2024-03-21 10:15:00,2024,3,21,10,15,30,30011,920 Avenue de la 2e Division Blindee,43.95821429,4.75889361,Plein jour,En agglomération,Giratoire,Normale,Deux véhicules - côté,3,3,2,0,1,1,1,5,1,50,2,2,1,0,1,0,64.0,,deux_roues,voiture,1,2,6,1,3
202400001713,2024-07-09 23:40:00,2024,7,9,23,40,95,95582,A115,48.97595969,2.24215631,Nuit sans éclairage public,Hors agglomération,Hors intersection,Normale,Trois véhicules et plus - collisions multiples,1,3,2,0,1,3,1,3,1,90,3,4,2,0,0,2,29.0,24.0,voiture,voiture,3,1,1,1,5
202400001714,2024-03-22 14:40:00,2024,3,22,14,40,82,82033,Rue de la République,44.0388,1.10872,Plein jour,En agglomération,Intersection en X,Normale,Deux véhicules - côté,4,-1,1,0,1,1,1,0,8,50,2,2,1,0,0,1,44.0,51.0,utilitaire_camion,voiture,1,2,2,1,3
202400001714,2024-03-22 14:40:00,2024,3,22,14,40,82,82033,Rue de la République,44.0388,1.10872,Plein jour,En agglomération,Intersection en X,Normale,Deux véhicules - côté,4,-1,1,0,1,1,1,0,8,50,2,2,1,0,0,1,44.0,51.0,utilitaire_camion,voiture,1,2,2,1,3
202400001715,2024-07-10 19:05:00,2024,7,10,19,5,93,93051,A4,48.83648222,2.54751096,Plein jour,Hors agglomération,Hors intersection,Normale,Deux véhicules - arrière,1,1,3,0,1,1,1,0,1,90,2,2,1,0,0,1,23.0,70.0,voiture,voiture,1,1,1,1,2
202400001716,2024-03-21 10:10:00,2024,3,21,10,10,80,80021,Rue de Cagny,49.88665,2.31682,Plein jour,En agglomération,Intersection en T,Normale,Deux véhicules - côté,4,-1,2,0,1,1,1,0,1,50,2,2,1,0,0,1,53.0,16.0,voiture,deux_roues,1,2,3,1,3
202400001716,2024-03-21 10:10:00,2024,3,21,10,10,80,80021,Rue de Cagny,49.88665,2.31682,Plein jour,En agglomération,Intersection en T,Normale,Deux véhicules - côté,4,2,2,-1,1,1,1,0,1,-1,2,2,1,0,0,1,53.0,16.0,voiture,deux_roues,1,2,3,1,3
202400001717,2024-07-09 04:30:00,2024,7,9,4,30,77,77373,RN104,48.787559,2.61757,Nuit sans éclairage public,Hors agglomération,Hors intersection,Normale,Deux véhicules - arrière,2,3,2,0,1,1,1,0,1,90,2,2,1,0,1,0,42.0,,utilitaire_camion,,3,1,1,1,2
202400001718,2024-07-01 08:30:00,2024,7,1,8,30,44,44109,1 Boulevard Gabriel Lauriol,47.23460496,-1.56343636,Crépuscule ou aube,En agglomération,Hors intersection,Normale,Deux véhicules - côté,4,2,2,2,1,1,1,-1,1,50,2,2,1,0,0,1,39.0,73.0,deux_roues,voiture,2,2,1,1,3
202400001719,2024-03-11 11:45:00,2024,3,11,11,45,77,77188,D.39,48.486205,2.755065,Plein jour,En agglomération,Hors intersection,Normale,Sans collision,3,2,2,0,4,1,1,0,8,70,1,1,0,1,0,0,75.0,,voiture,,1,2,1,1,7
202400001720,2024-07-09 10:28:00,2024,7,9,10,28,45,45234,13 Avenue du Parc de l'Etuvée,47.917636,1.925722,Plein jour,En agglomération,Hors intersection,Normale,Deux véhicules - arrière,4,2,2,0,1,1,1,0,1,50,2,2,1,0,0,1,25.0,20.0,voiture,voiture,1,2,1,1,2
202400001721,2024-03-20 18:05:00,2024,3,20,18,5,77,77067,Rue de l'Industrie,48.58924,2.59912,Plein jour,En agglomération,Hors intersection,Normale,Autre collision,3,3,0,0,3,1,1,0,1,50,1,2,1,0,1,0,30.0,,voiture,,1,2,1,1,6
202400001722,2024-03-22 15:20:00,2024,3,22,15,20,77,77132,AV ROBERT SCHUMAN,48.868831,2.792513,Plein jour,En agglomération,Hors intersection,Normale,Deux véhicules - côté,4,2,2,0,1,1,1,0,5,50,2,2,1,0,0,1,41.0,38.0,voiture,deux_roues,1,2,1,1,3
202400001723,2024-03-04 19:35:00,2024,3,4,19,35,14,14752,20 Rue d’Aunay,49.076609,-0.659317,Nuit avec éclairage allumé,En agglomération,Hors intersection,Pluie légère,Deux véhicules - frontale,3,2,2,0,1,1,2,0,1,50,2,2,1,0,1,0,20.0,23.0,voiture,utilitaire_camion,5,2,1,2,1
202400001724,2024-03-22 04:00:00,2024,3,22,4,0,77,77186,CASCADES (AVENUE DES),48.40051,2.70756,Nuit sans éclairage public,En agglomération,Hors intersection,Normale,Autre collision,4,2,2,0,2,1,1,9,1,50,1,1,0,0,0,1,57.0,,voiture,,3,2,1,1,6
202400001725,2024-04-17 16:30:00,2024,4,17,16,30,50,50099,boulevard de verdun,49.302125,-1.23799,Plein jour,En agglomération,Hors intersection,Normale,Autre collision,3,2,2,0,1,1,1,9,1,50,1,3,2,0,0,1,80.0,,voiture,,1,2,1,1,6
202400001726,2024-03-22 00:40:00,2024,3,22,0,40,76,76296,LIBERATION (RUE DE LA ),49.5184,0.26399,Nuit avec éclairage allumé,En agglomération,Intersection en X,Normale,Deux véhicules - côté,3,2,2,0,1,1,1,0,1,50,2,6,1,1,4,0,21.0,25.0,voiture,voiture,5,2,2,1,3
202400001726,2024-03-22 00:40:00,2024,3,22,0,40,76,76296,LIBERATION (RUE DE LA ),49.5184,0.26399,Nuit avec éclairage allumé,En agglomération,Intersection en X,Normale,Deux véhicules - côté,3,2,2,0,1,1,1,0,1,500,2,6,1,1,4,0,21.0,25.0,voiture,voiture,5,2,2,1,3
202400001727,2024-03-22 18:35:00,2024,3,22,18,35,74,74010,LIONEL TERRAY,45.89779,6.11464,Plein jour,Hors agglomération,Hors intersection,Normale,Deux véhicules - côté,4,2,1,0,1,1,1,0,1,30,2,2,1,0,0,1,55.0,49.0,voiture,deux_roues,1,1,1,1,3
202400001728,2024-07-07 17:35:00,2024,7,7,17,35,988,98818,RUE BERTHELOT,-22.26031,166.4447,Nuit avec éclairage allumé,En agglomération,Giratoire,Normale,Deux véhicules - arrière,3,3,4,0,1,1,1,5,1,50,2,4,2,0,1,1,20.0,72.0,utilitaire_camion,deux_roues,5,2,6,1,2
202400001728,2024-07-07 17:35:00,2024,7,7,17,35,988,98818,RUE BERTHELOT,-22.26031,166.4447,Nuit avec éclairage allumé,En agglomération,Giratoire,Normale,Deux véhicules - arrière,3,2,2,0,1,2,1,0,1,50,2,4,2,0,1,1,20.0,72.0,utilitaire_camion,deux_roues,5,2,6,1,2
202400001729,2024-03-23 00:50:00,2024,3,23,0,50,72,72181,RUBILLARD AV N° IMP 57 ET >,48.01283,0.17664,Nuit avec éclairage allumé,En agglomération,Hors intersection,Pluie légère,Autre collision,4,3,2,0,1,1,2,0,1,30,1,1,0,0,0,1,46.0,,voiture,,5,2,1,2,6
202400001730,2024-07-09 12:05:00,2024,7,9,12,5,987,98736,AFARERII (RUE),-17.53381,-149.55306,Plein jour,En agglomération,Hors intersection,Normale,Deux véhicules - côté,4,2,2,0,1,1,1,0,1,50,2,2,1,0,0,1,39.0,27.0,deux_roues,utilitaire_camion,1,2,1,1,3
202400001731,2024-03-22 16:45:00,2024,3,22,16,45,72,72181,LEFAUCHEUX PIERRE (BD),47.97409,0.17337,Plein jour,En agglomération,Hors intersection,Normale,Deux véhicules - arrière,4,2,2,0,1,1,1,0,1,50,2,2,1,0,0,1,20.0,71.0,voiture,voiture,1,2,1,1,2
202400001732,2024-03-22 08:10:00,2024,3,22,8,10,72,72181,TABACS (PONT DES),47.99847,0.1883,Plein jour,En agglomération,Hors intersection,Normale,Deux véhicules - arrière,4,2,2,0,1,1,1,2,1,30,2,2,1,0,0,1,46.0,40.0,voiture,deux_roues,1,2,1,1,2
202400001733,2024-07-09 06:55:00,2024,7,9,6,55,976,97611,mamoudzou centre-Rassi Boina Kaïm (rue),-12.784,45.229,Plein jour,En agglomération,Hors intersection,Normale,Autre collision,4,-1,2,0,1,1,1,0,1,50,1,3,1,0,0,2,56.0,,voiture,,1,2,1,1,6
202400001734,2024-07-09 04:30:00,2024,7,9,4,30,974,97416,RN1 (ROUTE NATIONALE),-21.31292,55.43782,Nuit sans éclairage public,Hors agglomération,Hors intersection,Normale,Sans collision,2,2,2,0,1,1,1,0,1,110,1,1,0,0,0,1,25.0,,voiture,,3,1,1,1,7
202400001735,2024-03-22 01:04:00,2024,3,22,1,4,72,72181,GAMBETTA (RUE) N° IMP 1 A 21,48.005351,0.193372,Nuit avec éclairage allumé,En agglomération,Intersection en X,Normale,Deux véhicules - côté,4,2,2,0,1,1,1,0,8,30,2,2,1,0,0,1,33.0,26.0,voiture,deux_roues,5,2,2,1,3
202400001735,2024-03-22 01:04:00,2024,3,22,1,4,72,72181,GAMBETTA (RUE) N° IMP 1 A 21,48.005351,0.193372,Nuit avec éclairage allumé,En agglomération,Intersection en X,Normale,Deux véhicules - côté,4,2,2,0,1,1,1,0,1,30,2,2,1,0,0,1,33.0,26.0,voiture,deux_roues,5,2,2,1,3
202400001736,2024-07-09 17:25:00,2024,7,9,17,25,974,97416,RN3 (2),-21.31967,55.48943,Crépuscule ou aube,Hors agglomération,Hors intersection,Normale,Deux véhicules - côté,2,2,4,0,1,1,1,0,1,110,2,2,1,0,0,1,64.0,33.0,deux_roues,voiture,2,1,1,1,3
202400001737,2024-03-21 16:10:00,2024,3,21,16,10,72,72181,BROSSOLETTE PIERRE (BD) N° IMP,47.978876,0.205052,Plein jour,En agglomération,Hors intersection,Normale,Deux véhicules - arrière,3,3,2,0,1,1,1,0,1,50,2,2,1,0,0,1,50.0,24.0,voiture,utilitaire_camion,1,2,1,1,2
202400001738,2024-03-22 14:00:00,2024,3,22,14,0,69,69276,Avenue Albert Ramboz,45.67794,4.84704,Plein jour,Hors agglomération,Hors intersection,Normale,Deux véhicules - frontale,7,2,2,0,2,4,1,0,1,30,2,2,0,0,0,2,32.0,40.0,voiture,voiture,1,1,1,1,1
202400001739,2024-07-09 17:00:00,2024,7,9,17,0,974,97416,PERE MAITRE(RUE DU),-21.28437,55.46688,Plein jour,Hors agglomération,Intersection en T,Normale,Deux véhicules - frontale,3,2,2,0,1,1,1,0,1,50,2,2,1,0,1,0,51.0,55.0,voiture,deux_roues,1,1,3,1,1
202400001739,2024-07-09 17:00:00,2024,7,9,17,0,974,97416,PERE MAITRE(RUE DU),-21.28437,55.46688,Plein jour,Hors agglomération,Intersection en T,Normale,Deux véhicules - frontale,3,-1,2,0,1,1,1,0,1,50,2,2,1,0,1,0,51.0,55.0,voiture,deux_roues,1,1,3,1,1
202400001740,2024-03-22 10:40:00,2024,3,22,10,40,69,69271,3 Avenue des Frères Montgolfier,45.72749,4.96394,Plein jour,Hors agglomération,Hors intersection,Normale,Deux véhicules - côté,4,2,4,0,1,1,1,0,1,50,2,2,1,0,0,1,37.0,23.0,voiture,utilitaire_camion,1,1,1,1,3
202400001741,2024-07-09 16:30:00,2024,7,9,16,30,974,97411,LITTORAL (ROUTE 1 DU),-20.89596,55.37532,Plein jour,Hors agglomération,Hors intersection,Normale,Deux véhicules - arrière,2,1,3,3,1,3,1,2,1,90,2,3,2,0,0,1,55.0,23.0,deux_roues,voiture,1,1,1,1,2
202400001742,2024-03-22 08:35:00,2024,3,22,8,35,66,66136,Rue de SAINT-NAZAIRE,42.6834,2.90452,Plein jour,En agglomération,Hors intersection,Normale,Autre collision,4,1,1,0,1,1,1,0,1,30,1,2,1,0,0,1,21.0,,voiture,,1,2,1,1,6
202400001743,2024-07-08 13:50:00,2024,7,8,13,50,972,97209,AUTOROUTE (A1),14.6152,-61.04515,Plein jour,Hors agglomération,Hors intersection,Normale,Deux véhicules - côté,2,3,2,-1,1,1,-1,0,1,-1,2,2,1,0,0,1,53.0,29.0,voiture,deux_roues,1,1,1,1,3
202400001744,2024-03-22 09:40:00,2024,3,22,9,40,64,64125,AHETZE (ROUTE),43.43281,-1.57636,Plein jour,Hors agglomération,Hors intersection,Normale,Deux véhicules - frontale,3,2,2,0,1,2,1,0,1,50,2,2,1,0,0,1,64.0,27.0,voiture,deux_roues,1,1,1,1,1
202400001745,2024-03-22 15:30:00,2024,3,22,15,30,64,64024,BAYONNE (AVENUE DE),43.48155,-1.50947,Plein jour,En agglomération,Hors intersection,Normale,Deux véhicules - côté,4,2,6,3,1,1,1,5,1,30,2,2,1,0,0,1,22.0,47.0,deux_roues,voiture,1,2,1,1,3
202400001746,2024-07-09 12:25:00,2024,7,9,12,25,971,97120,HANNE (BOULEVARD),16.24094,-61.53518,Plein jour,En agglomération,Intersection en X,Normale,Deux véhicules - côté,3,-1, -1,0,1,1,1,0,1,50,2,3,2,0,0,1,62.0,21.0,voiture,deux_roues,1,2,2,1,3
202400001746,2024-07-09 12:25:00,2024,7,9,12,25,971,97120,HANNE (BOULEVARD),16.24094,-61.53518,Plein jour,En agglomération,Intersection en X,Normale,Deux véhicules - côté,3,1, -1,0,1,1,1,0,1,50,2,3,2,0,0,1,62.0,21.0,voiture,deux_roues,1,2,2,1,3
202400001747,2024-03-22 10:25:00,2024,3,22,10,25,64,64102,AMADE  (ROND POINT),43.50221,-1.47832,Plein jour,En agglomération,Hors intersection,Normale,Sans collision,4,2,4,0,2,1,1,0,1,50,1,1,0,0,0,1,83.0,,voiture,,1,2,1,1,7
202400001748,2024-07-08 16:00:00,2024,7,8,16,0,971,97113,PETIT HAVRE (SECTEUR),16.21527,-61.42912,Plein jour,Hors agglomération,Hors intersection,Normale,Deux véhicules - arrière,2,2,2,0,1,1,1,0,1,70,2,4,2,0,0,2,27.0,25.0,utilitaire_camion,voiture,1,1,1,1,2
202400001749,2024-03-22 08:36:00,2024,3,22,8,36,64,64024,LOUILLOT (RUE DE),43.48288,-1.52069,Plein jour,En agglomération,Hors intersection,Brouillard / fumée,Deux véhicules - côté,4,2,2,1,1,1,1,0,1,30,2,2,1,0,0,1,25.0,42.0,voiture,deux_roues,1,2,1,5,3
202400001750,2024-07-09 19:24:00,2024,7,9,19,24,2A,2A004,HERMINIER GARE MARITIME QUAI,41.92,8.74,Plein jour,En agglomération,Hors intersection,Normale,Autre collision,6,-1,0,0,1,1,1,0,1,30,1,3,2,0,0,1,62.0,,utilitaire_camion,,1,2,1,1,6
202400001751,2024-03-21 16:55:00,2024,3,21,16,55,63,63245,ROCADE RD 446,45.90072899,3.08800191,Plein jour,Hors agglomération,Hors intersection,Normale,Deux véhicules - frontale,3,2,2,0,1,1,1,0,1,90,2,2,1,0,0,1,63.0,67.0,voiture,voiture,1,1,1,1,1
202400001752,2024-03-22 15:16:00,2024,3,22,15,16,63,63113,BONNEFONS (RUE JEAN),45.78166,3.07919,Plein jour,En agglomération,Hors intersection,Normale,Autre collision,4,1,1,1,1,1,1,0,1,30,1,3,2,0,0,1,39.0,,utilitaire_camion,,1,2,1,1,6
202400001753,2024-07-08 09:50:00,2024,7,8,9,50,84,84007,CHANGE (PLACE DU),43.94863,4.8062,Plein jour,En agglomération,Hors intersection,Normale,Autre collision,4,4,1,3,1,1,1,0,1,20,1,2,1,0,0,1,23.0,,utilitaire_camion,,1,2,1,1,6
202400001754,2024-03-22 17:50:00,2024,3,22,17,50,62,62244,Impasse Simone Veil,50.92535385,1.88259709,Plein jour,En agglomération,Hors intersection,Pluie légère,Autre collision,4,2,2,0,1,1,2,9,8,50,1,2,1,0,1,0,44.0,,utilitaire_camion,,1,2,1,2,6
202400001755,2024-07-09 14:30:00,2024,7,9,14,30,83,83069,DECUGIS (AVENUE ALFRED),43.11000137,6.1705184,Plein jour,En agglomération,Hors intersection,Normale,Deux véhicules - côté,4,3,2,0,1,1,1,0,1,70,2,3,0,0,0,3,66.0,74.0,deux_roues,utilitaire_camion,1,2,1,1,3
202400001756,2024-03-22 07:40:00,2024,3,22,7,40,62,62041,Rue Auguste Dumand,50.29567,2.75401,Plein jour,En agglomération,Hors intersection,Normale,Deux véhicules - arrière,4,2,2,0,1,1,1,0,1,50,2,2,1,0,1,0,41.0,45.0,voiture,deux_roues,1,2,1,1,2
202400001757,2024-03-22 20:30:00,2024,3,22,20,30,59,59122,MICHELET (AVENUE),50.17327,3.24374,Nuit avec éclairage allumé,En agglomération,Hors intersection,Pluie légère,Autre collision,4,2,2,0,1,2,2,0,1,50,1,2,1,0,1,0,22.0,,voiture,,5,2,1,2,6
202400001758,2024-07-08 14:00:00,2024,7,8,14,0,80,80674,Route de Corbie,49.90148,2.33196,Plein jour,En agglomération,Hors intersection,Normale,Deux véhicules - arrière,4,2,2,0,1,1,1,0,1,50,2,4,1,0,0,3,20.0,37.0,voiture,voiture,1,2,1,1,2
202400001759,2024-03-22 11:55:00,2024,3,22,11,55,58,58194,PREFECTURE,46.99357,3.16396,Plein jour,En agglomération,Intersection en T,Normale,Autre collision,4,1,2,0,1,1,1,0,1,30,1,4,3,0,0,1,78.0,,voiture,,1,2,3,1,6
202400001759,2024-03-22 11:55:00,2024,3,22,11,55,58,58194,PREFECTURE,46.99357,3.16396,Plein jour,En agglomération,Intersection en T,Normale,Autre collision,4,1,1,0,1,1,1,0,1,50,1,4,3,0,0,1,78.0,,voiture,,1,2,3,1,6
202400001760,2024-07-09 10:00:00,2024,7,9,10,0,78,78383,FOREZ (AVENUE DU),48.760013,1.943723,Plein jour,En agglomération,Intersection en T,Normale,Autre collision,4,1,2,0,1,1,1,0,1,50,1,2,1,0,0,1,55.0,,utilitaire_camion,,1,2,3,1,6
202400001760,2024-07-09 10:00:00,2024,7,9,10,0,78,78383,FOREZ (AVENUE DU),48.760013,1.943723,Plein jour,En agglomération,Intersection en T,Normale,Autre collision,4,2,0,0,1,1,1,0,1,50,1,2,1,0,0,1,55.0,,utilitaire_camion,,1,2,3,1,6
202400001761,2024-03-22 16:58:00,2024,3,22,16,58,57,57463,BOURBONNAIS (RUE DU ),49.11452,6.22362,Plein jour,En agglomération,Autre intersection,Normale,Autre collision,4,-1,2,0,2,3,1,9,8,30,1,2,1,0,0,1,44.0,,voiture,,1,2,9,1,6
202400001762,2024-03-22 17:55:00,2024,3,22,17,55,56,56121,Rue colonel Jean Muller,47.76258,-3.39167,Crépuscule ou aube,En agglomération,Hors intersection,Pluie forte,Trois véhicules et plus - en chaîne,4,2,2,0,2,1,2,0,1,30,3,4,3,0,0,1,22.0,20.0,voiture,voiture,2,2,1,3,4