accident_id,datetime,annee,mois,jour,heure,minute,departement,commune_insee,adresse,latitude,longitude,luminosite,agglomeration,intersection,meteo,collision,catr,circ,nbv,vosp,prof,plan,surf,infra,situ,vma,nb_vehicules,nb_usagers,nb_indemnes,nb_tues,nb_blesses_hosp,nb_blesses_legers,age_cond_1,age_cond_2,veh_type_cond_1,veh_type_cond_2,lum_code,agg_code,int_code,atm_code,col_code
202400001958,2024-07-09 15:10:00,2024,7,9,15,10,92,92050,NERUDA PABLO RUE,48.89568713,2.21586943,Plein jour,En agglomération,Giratoire,Pluie forte,Deux véhicules - côté,3,1,1,1,2,3,2,0,1,50,2,2,1,0,0,1,47.0,,deux_roues,voiture,1,2,6,3,3
202400001959,2024-09-16 14:15:00,2024,9,16,14,15,33,33311,,44.686624,-0.365856,Plein jour,En agglomération,Intersection en T,Normale,Deux véhicules - côté,3,2,2,0,1,1,1,0,1,50,2,2,1,0,1,0,54.0,27.0,voiture,deux_roues,1,2,3,1,3
202400001959,2024-09-16 14:15:00,2024,9,16,14,15,33,33311,,44.686624,-0.365856,Plein jour,En agglomération,Intersection en T,Normale,Deux véhicules - côté,3,1,1,-1,1,1,1,0,1,-1,2,2,1,0,1,0,54.0,27.0,voiture,deux_roues,1,2,3,1,3
202400001960,2024-07-08 01:15:00,2024,7,8,1,15,92,92049,ARNOUX AVENUE MAURICE N°1 A 77,48.81968897,2.31286409,Nuit avec éclairage allumé,En agglomération,Intersection en X,Normale,Sans collision,3,1,1,0,1,1,1,0,1,50,1,2,0,0,0,2,27.0,,deux_roues,,5,2,2,1,7
202400001960,2024-07-08 01:15:00,2024,7,8,1,15,92,92049,ARNOUX AVENUE MAURICE N°1 A 77,48.81968897,2.31286409,Nuit avec éclairage allumé,En agglomération,Intersection en X,Normale,Sans collision,3,2,2,0,1,1,1,0,8,50,1,2,0,0,0,2,27.0,,deux_roues,,5,2,2,1,7
202400001961,2024-07-09 20:05:00,2024,7,9,20,5,92,92012,GENERAL LECLERC (AVENUE DU) 1/33 - 2/58,48.83317436,2.2418915,Plein jour,En agglomération,Intersection en Y,Normale,Deux véhicules - arrière,3,1,2,0,1,1,1,1,1,50,2,2,1,0,0,1,35.0,,deux_roues,autre,1,2,4,1,2
202400001962,2024-07-09 17:40:00,2024,7,9,17,40,92,92004,PONT DE CLICHY,48.91116336,2.29855925,Plein jour,En agglomération,Hors intersection,Normale,Deux véhicules - arrière,3,1,2,0,1,1,1,1,1,70,2,2,1,0,0,1,29.0,39.0,voiture,voiture,1,2,1,1,2
202400001963,2024-09-19 11:15:00,2024,9,19,11,15,71,71014,37 Avenue de la République,46.957435,4.299442,Plein jour,En agglomération,Intersection en X,Normale,Trois véhicules et plus - collisions multiples,3,2,2,0,1,1,1,0,1,50,3,5,1,0,0,4,29.0,85.0,voiture,voiture,1,2,2,1,5
202400001963,2024-09-19 11:15:00,2024,9,19,11,15,71,71014,37 Avenue de la République,46.957435,4.299442,Plein jour,En agglomération,Intersection en X,Normale,Trois véhicules et plus - collisions multiples,3,2,2,0,1,1,1,0,1,50,3,5,1,0,0,4,29.0,85.0,voiture,voiture,1,2,2,1,5
202400001963,2024-09-19 11:15:00,2024,9,19,11,15,71,71014,37 Avenue de la République,46.957435,4.299442,Plein jour,En agglomération,Intersection en X,Normale,Trois véhicules et plus - collisions multiples,3,2,2,0,1,1,1,0,8,50,3,5,1,0,0,4,29.0,85.0,voiture,voiture,1,2,2,1,5
202400001964,2024-07-09 11:45:00,2024,7,9,11,45,43,43040,D588,45.2874565,3.36361651,Plein jour,Hors agglomération,Intersection en Y,Normale,Deux véhicules - côté,3,2,2,0,1,1,1,0,1,90,2,2,0,0,1,1,83.0,68.0,voiture,voiture,1,1,4,1,3
202400001964,2024-07-09 11:45:00,2024,7,9,11,45,43,43040,D588,45.2874565,3.36361651,Plein jour,Hors agglomération,Intersection en Y,Normale,Deux véhicules - côté,3,2, -1,-1,1,1,1,0,1,-1,2,2,0,0,1,1,83.0,68.0,voiture,voiture,1,1,4,1,3
202400001965,2024-09-19 13:45:00,2024,9,19,13,45,61,61153,Voie Communale,48.725421,-0.177884,Plein jour,Hors agglomération,Intersection en X,Normale,Deux véhicules - côté,4,2,2,0,1,1,1,0,1,80,2,2,0,0,1,1,43.0,24.0,utilitaire_camion,utilitaire_camion,1,1,2,1,3
202400001966,2024-07-09 17:40:00,2024,7,9,17,40,68,68112,13 Route de Colmar,47.90504,7.220935,Plein jour,En agglomération,Hors intersection,Normale,Deux véhicules - côté,3,2,2,0,2,1,1,0,1,50,2,2,1,0,0,1,47.0,44.0,voiture,deux_roues,1,2,1,1,3
202400001967,2024-09-19 15:40:00,2024,9,19,15,40,49,49373,D960,47.138884,-0.5691,Plein jour,Hors agglomération,Hors intersection,Normale,Deux véhicules - frontale,3,2,2,0,2,1,1,0,1,90,2,3,0,1,2,0,75.0,59.0,voiture,voiture,1,1,1,1,1
202400001968,2024-07-09 10:40:00,2024,7,9,10,40,29,29020,N165,48.06922822,-4.04781781,Plein jour,Hors agglomération,Hors intersection,Pluie forte,Autre collision,2,3,2,0,1,1,2,0,2,110,1,6,4,0,1,1,35.0,,voiture,,1,1,1,3,6
202400001969,2024-09-17 09:45:00,2024,9,17,9,45,34,34300,D18,43.42337,3.311713,Plein jour,En agglomération,Giratoire,Normale,Autre collision,4,2,2,0,2,1,9,0,1,50,1,2,1,0,0,1,78.0,,voiture,,1,2,6,1,6
202400001970,2024-07-10 14:00:00,2024,7,10,14,0,83,83070,60 Avenue du General Bouvet,43.13339,6.365536,Plein jour,En agglomération,Hors intersection,Normale,Autre collision,4,1,1,0,1,1,1,0,1,50,1,2,1,0,1,0,81.0,,deux_roues,,1,2,1,1,6
202400001971,2024-06-19 20:38:00,2024,6,19,20,38,71,71336,Route de l’Abergement,46.727707,4.96232,Crépuscule ou aube,Hors agglomération,Hors intersection,Normale,Autre collision,3,2,2,0,1,2,1,0,3,80,1,2,0,0,0,2,18.0,,deux_roues,,2,1,1,1,6
202400001972,2024-09-18 17:20:00,2024,9,18,17,20,29,29220,Rue des Déportés,47.857505,-4.224104,Plein jour,En agglomération,Hors intersection,Normale,Trois véhicules et plus - en chaîne,4,2,2,0,1,1,1,0,1,50,3,3,2,0,1,0,36.0,27.0,utilitaire_camion,utilitaire_camion,1,2,1,1,4
202400001973,2024-07-10 06:08:00,2024,7,10,6,8,66,66141,Avenue Jules Ferry,42.743762,2.915588,Crépuscule ou aube,En agglomération,Hors intersection,Normale,Deux véhicules - frontale,4,2,2,0,1,3,1,0,1,50,2,2,1,0,1,0,26.0,53.0,utilitaire_camion,deux_roues,2,2,1,1,1
202400001974,2024-07-07 02:30:00,2024,7,7,2,30,83,83026,Route de Carcès,43.445753,6.200151,Nuit sans éclairage public,Hors agglomération,Autre intersection,Normale,Autre collision,3,2,1,0,1,1,1,2,8,50,1,2,1,0,1,0,30.0,,voiture,,3,1,9,1,6
202400001975,2024-09-19 15:10:00,2024,9,19,15,10,85,85089,rd160,46.73164,-1.28665,Plein jour,Hors agglomération,Hors intersection,Normale,Deux véhicules - côté,3,2,2,0,2,1,1,0,1,80,2,2,0,0,1,1,32.0,24.0,utilitaire_camion,deux_roues,1,1,1,1,3
202400001976,2024-07-07 12:00:00,2024,7,7,12,0,57,57556,D674,49.058612,6.936455,Plein jour,Hors agglomération,Hors intersection,Normale,Sans collision,3,2,2,0,4,1,1,0,3,80,1,1,0,0,1,0,68.0,,deux_roues,,1,1,1,1,7
202400001977,2024-07-07 22:20:00,2024,7,7,22,20,95,95652,D922Z,49.12392284,2.38462113,Nuit sans éclairage public,Hors agglomération,Hors intersection,Normale,Autre collision,3,2,2,0,1,3,1,0,3,90,1,3,1,0,0,2,,,voiture,,3,1,1,1,6
202400001978,2024-09-17 11:25:00,2024,9,17,11,25,26,26124,N7,44.82421112,4.86087084,Plein jour,Hors agglomération,Hors intersection,Normale,Deux véhicules - côté,2,2,3,0,1,1,1,0,1,80,2,2,1,0,1,0,41.0,50.0,voiture,deux_roues,1,1,1,1,3
202400001979,2024-07-10 08:30:00,2024,7,10,8,30,51,51625,Pothieres,48.771859,3.411869,Plein jour,Hors agglomération,Hors intersection,Normale,Sans collision,4,2,2,0,1,2,1,0,8,80,1,1,0,0,1,0,43.0,,deux_roues,,1,1,1,1,7
202400001980,2024-07-10 15:50:00,2024,7,10,15,50,56,56234,Rue des Régatiers,47.512983,-3.126764,Plein jour,En agglomération,Hors intersection,Normale,Sans collision,4,2,2,0,2,2,1,0,1,30,1,1,0,0,1,0,17.0,,deux_roues,,1,2,1,1,7
202400001981,2024-09-19 17:45:00,2024,9,19,17,45,72,72272,Lieu Dit La Hauliere Rd13,47.902487,0.697932,Plein jour,Hors agglomération,Intersection en T,Normale,Deux véhicules - côté,3,2,2,0,2,1,1,0,1,80,2,2,1,0,1,0,72.0,22.0,voiture,deux_roues,1,1,3,1,3
202400001981,2024-09-19 17:45:00,2024,9,19,17,45,72,72272,Lieu Dit La Hauliere Rd13,47.902487,0.697932,Plein jour,Hors agglomération,Intersection en T,Normale,Deux véhicules - côté,3,-1, -1,-1,1,1,1,0,1,-1,2,2,1,0,1,0,72.0,22.0,voiture,deux_roues,1,1,3,1,3
202400001982,2024-07-10 17:35:00,2024,7,10,17,35,77,77414,D204,48.615947,3.293447,Plein jour,Hors agglomération,Intersection en X,Normale,Deux véhicules - côté,3,2,2,0,1,1,1,0,1,80,2,4,1,0,3,0,52.0,42.0,voiture,voiture,1,1,2,1,3
202400001982,2024-07-10 17:35:00,2024,7,10,17,35,77,77414,D204,48.615947,3.293447,Plein jour,Hors agglomération,Intersection en X,Normale,Deux véhicules - côté,3,2,2,0,4,1,1,0,1,90,2,4,1,0,3,0,52.0,42.0,voiture,voiture,1,1,2,1,3
202400001983,2024-07-07 13:20:00,2024,7,7,13,20,2B,2B251,D45,42.011618,9.324646,Plein jour,En agglomération,Hors intersection,Normale,Sans collision,3,2,2,0,3,3,1,0,1,30,1,1,0,1,0,0,63.0,,deux_roues,,1,2,1,1,7
202400001984,2024-09-19 15:00:00,2024,9,19,15,0,14,14231,3086 Route de Beuvron,49.203902,-0.018389,Plein jour,Hors agglomération,Hors intersection,Normale,Deux véhicules - frontale,3,2,2,0,1,1,1,0,1,90,2,2,1,0,0,1,34.0,52.0,deux_roues,deux_roues,1,1,1,1,1
202400001985,2024-09-19 07:30:00,2024,9,19,7,30,64,64145,Route de Pau,43.195591,-0.274068,Crépuscule ou aube,En agglomération,Intersection en T,Normale,Deux véhicules - frontale,3,2,2,0,2,1,1,0,1,50,2,2,1,0,0,1,21.0,18.0,voiture,deux_roues,2,2,3,1,1
202400001985,2024-09-19 07:30:00,2024,9,19,7,30,64,64145,Route de Pau,43.195591,-0.274068,Crépuscule ou aube,En agglomération,Intersection en T,Normale,Deux véhicules - frontale,3,2, -1,-1,1,1,1,0,1,-1,2,2,1,0,0,1,21.0,18.0,voiture,deux_roues,2,2,3,1,1
202400001986,2024-09-18 18:00:00,2024,9,18,18,0,73,73059,25 Chemin des combettes,45.72664921,5.89140138,Plein jour,En agglomération,Hors intersection,Normale,Autre collision,4,2,2,0,1,1,1,0,1,50,1,2,1,0,1,0,57.0,,utilitaire_camion,,1,2,1,1,6
202400001987,2024-09-19 10:50:00,2024,9,19,10,50,40,40126,Route de Dax,43.701614,-0.929723,Plein jour,En agglomération,Intersection en X,Normale,Deux véhicules - arrière,3,2,2,0,1,1,1,0,1,50,2,2,1,0,1,0,73.0,77.0,voiture,voiture,1,2,2,1,2
202400001987,2024-09-19 10:50:00,2024,9,19,10,50,40,40126,Route de Dax,43.701614,-0.929723,Plein jour,En agglomération,Intersection en X,Normale,Deux véhicules - arrière,3,2, -1,-1,1,1,1,0,1,50,2,2,1,0,1,0,73.0,77.0,voiture,voiture,1,2,2,1,2
202400001988,2024-09-19 05:40:00,2024,9,19,5,40,04,04110,RN 85,44.03595,6.108887,Nuit sans éclairage public,Hors agglomération,Hors intersection,Normale,Autre collision,2,2,2,0,1,1,1,8,1,70,1,2,1,1,0,0,37.0,,utilitaire_camion,,3,1,1,1,6
202400001989,2024-09-18 12:45:00,2024,9,18,12,45,85,85051,RD137,46.705587,-1.062691,Plein jour,Hors agglomération,Hors intersection,Normale,Deux véhicules - côté,3,2,2,0,1,1,1,0,1,80,2,2,1,0,0,1,64.0,43.0,voiture,voiture,1,1,1,1,3
202400001990,2024-09-18 08:10:00,2024,9,18,8,10,30,30240,D120,44.0251,4.197571,Plein jour,Hors agglomération,Intersection à plus de 4 branches,Temps éblouissant,Deux véhicules - côté,3,2,2,0,1,1,1,0,1,80,2,2,1,0,1,0,68.0,50.0,deux_roues,voiture,1,1,5,7,3
202400001990,2024-09-18 08:10:00,2024,9,18,8,10,30,30240,D120,44.0251,4.197571,Plein jour,Hors agglomération,Intersection à plus de 4 branches,Temps éblouissant,Deux véhicules - côté,3,2, -1,-1,1,1,1,0,1,-1,2,2,1,0,1,0,68.0,50.0,deux_roues,voiture,1,1,5,7,3
202400001991,2024-09-19 13:15:00,2024,9,19,13,15,69,69244,73 Avenue du 11 Novembre 1918,45.764593,4.75811,Plein jour,En agglomération,Hors intersection,Normale,Autre collision,4,2,2,2,1,1,1,6,1,50,1,2,1,0,0,1,16.0,,deux_roues,,1,2,1,1,6
202400001992,2024-09-18 21:00:00,2024,9,18,21,0,987,98715,"RT1, face à la station TOTAL du marché de FAAA",-17.555812,-149.603492,Nuit avec éclairage allumé,En agglomération,Hors intersection,Normale,Deux véhicules - côté,2,2,2,0,1,1,1,0,1,50,2,2,0,0,1,1,31.0,26.0,deux_roues,deux_roues,5,2,1,1,3
202400001993,2024-09-18 16:50:00,2024,9,18,16,50,06,06088,"A8, PK 194.200 sens ITALIE FRANCE",43.723607,7.228307,Plein jour,Hors agglomération,Hors intersection,Pluie légère,Deux véhicules - côté,1,3,5,0,1,1,2,9,1,90,2,2,1,0,0,1,80.0,38.0,voiture,deux_roues,1,1,1,2,3
202400001994,2024-09-19 10:25:00,2024,9,19,10,25,13,13032,Route de Pelissanne,43.592164,5.254211,Plein jour,Hors agglomération,Intersection en X,Normale,Trois véhicules et plus - collisions multiples,3,2,2,0,1,1,1,0,1,50,3,5,2,0,0,3,41.0,33.0,utilitaire_camion,voiture,1,1,2,1,5
202400001994,2024-09-19 10:25:00,2024,9,19,10,25,13,13032,Route de Pelissanne,43.592164,5.254211,Plein jour,Hors agglomération,Intersection en X,Normale,Trois véhicules et plus - collisions multiples,3,2,2,0,1,1,1,0,1,50,3,5,2,0,0,3,41.0,33.0,utilitaire_camion,voiture,1,1,2,1,5
202400001995,2024-09-16 14:45:00,2024,9,16,14,45,971,97103,Jabrun,16.238494,-61.592105,Plein jour,Hors agglomération,Giratoire,Pluie légère,Autre collision,2,3,1,0,1,3,2,0,8,50,1,2,1,0,1,0,51.0,,voiture,,1,1,6,2,6
202400001996,2024-09-17 15:15:00,2024,9,17,15,15,971,97115,Route de Brefort,16.262501,-61.644652,Plein jour,En agglomération,Hors intersection,Normale,Deux véhicules - frontale,3,2,2,0,1,1,1,0,1,50,2,4,2,0,0,2,48.0,34.0,voiture,voiture,1,2,1,1,1
202400001997,2024-09-18 15:00:00,2024,9,18,15,0,971,97106,Rue Felicite Leandre,16.149632,-61.773296,Plein jour,En agglomération,Hors intersection,Normale,Autre collision,2,2,2,0,2,1,1,0,1,50,1,1,0,1,0,0,24.0,,deux_roues,,1,2,1,1,6
202400001998,2024-09-18 17:40:00,2024,9,18,17,40,45,45065,12 Rue des Iris,48.273761,2.293509,Plein jour,En agglomération,Hors intersection,Normale,Autre collision,3,2,2,0,1,1,1,0,4,50,1,2,0,0,2,0,61.0,,voiture,,1,2,1,1,6
202400001999,2024-09-18 19:40:00,2024,9,18,19,40,95,95625,D66,49.1036505,1.96251072,Plein jour,En agglomération,Hors intersection,Normale,Sans collision,3,2,2,0,2,1,1,8,1,50,1,1,0,0,1,0,49.0,,deux_roues,,1,2,1,1,7
202400002000,2024-09-18 22:00:00,2024,9,18,22,0,84,84078,Chemin de l?Île Vieille,44.238558,4.694338,Nuit sans éclairage public,Hors agglomération,Hors intersection,Normale,Sans collision,4,2,2,0,1,3,1,0,1,70,1,5,1,0,2,2,20.0,,voiture,,3,1,1,1,7
202400002001,2024-11-30 23:44:00,2024,11,30,23,44,25,25074,départementale 41,47.182982,6.70121,Nuit sans éclairage public,Hors agglomération,Hors intersection,Normale,Deux véhicules - côté,3,2,2,0,1,3,1,0,1,90,2,3,0,1,1,1,22.0,30.0,voiture,voiture,3,1,1,1,3
202400002002,2024-09-19 16:45:00,2024,9,19,16,45,84,84026,Chemin du Pont de Pile,43.73021,5.367698,Plein jour,Hors agglomération,Intersection en X,Normale,Deux véhicules - côté,4,-1, -1,-1,1,1,1,0,1,-1,2,2,1,0,0,1,25.0,38.0,utilitaire_camion,voiture,1,1,2,1,3
202400002002,2024-09-19 16:45:00,2024,9,19,16,45,84,84026,Chemin du Pont de Pile,43.73021,5.367698,Plein jour,Hors agglomération,Intersection en X,Normale,Deux véhicules - côté,4,2,2,0,1,1,1,0,1,50,2,2,1,0,0,1,25.0,38.0,utilitaire_camion,voiture,1,1,2,1,3
202400002003,2024-09-19 14:50:00,2024,9,19,14,50,84,84054,D25,43.9072,5.023863,Plein jour,Hors agglomération,Hors intersection,Normale,Deux véhicules - frontale,3,2,2,0,1,1,1,0,1,80,2,2,0,1,0,1,73.0,43.0,voiture,voiture,1,1,1,1,1
202400002004,2024-11-29 11:25:00,2024,11,29,11,25,29,29195,D71,48.60922531,-4.53049868,Plein jour,Hors agglomération,Hors intersection,Normale,Deux véhicules - côté,3,2,2,0,1,1,1,0,1,80,2,2,1,0,0,1,88.0,71.0,voiture,deux_roues,1,1,1,1,3
202400002005,2024-09-18 16:25:00,2024,9,18,16,25,57,57160,44 Rue de la Houve,49.208375,6.695486,Plein jour,En agglomération,Hors intersection,Normale,Autre collision,4,1,1,0,2,2,1,0,1,30,1,2,1,0,0,1,68.0,,voiture,,1,2,1,1,6
202400002006,2024-12-01 19:15:00,2024,12,1,19,15,14,14121,Route de Cahagnolles,49.160126,-0.765367,Nuit sans éclairage public,Hors agglomération,Hors intersection,Normale,Autre collision,3,2,2,0,2,1,1,0,3,90,1,1,0,0,1,0,25.0,,voiture,,3,1,1,1,6
202400002007,2024-11-29 23:30:00,2024,11,29,23,30,60,60516,Route du Fil,49.405659,1.794966,Nuit sans éclairage public,Hors agglomération,Hors intersection,Autre,Deux véhicules - frontale,4,2,2,0,2,2,7,0,1,80,1,5,0,0,1,4,19.0,,voiture,,3,1,1,9,1
202400002008,2024-09-19 17:45:00,2024,9,19,17,45,81,81099,15 Rue Denfert Rochereau,43.902171,1.894965,Plein jour,En agglomération,Hors intersection,Normale,Deux véhicules - frontale,4,1,2,0,1,1,1,0,1,30,2,3,1,0,0,2,15.0,72.0,deux_roues,voiture,1,2,1,1,1
202400002009,2024-09-12 14:30:00,2024,9,12,14,30,33,33051,,44.640292,-0.973481,Plein jour,En agglomération,Giratoire,Normale,Deux véhicules - frontale,3,2,2,0,1,1,1,0,1,30,2,3,0,0,0,3,23.0,66.0,voiture,voiture,1,2,6,1,1
202400002010,2024-12-01 15:00:00,2024,12,1,15,0,16,16071,D948,45.920423,0.743852,Plein jour,Hors agglomération,Hors intersection,Normale,Trois véhicules et plus - collisions multiples,3,2,2,0,2,1,1,0,1,90,3,5,0,2,2,1,76.0,70.0,voiture,deux_roues,1,1,1,1,5
202400002011,2024-09-18 07:45:00,2024,9,18,7,45,44,44026,Route de Paris,47.292788,-1.422815,Crépuscule ou aube,Hors agglomération,Hors intersection,Normale,Deux véhicules - côté,7,2,2,0,1,1,1,0,1,80,2,2,1,0,0,1,44.0,51.0,voiture,deux_roues,2,1,1,1,3
202400002012,2024-11-28 14:00:00,2024,11,28,14,0,04,04049,Avenue du General de Gaulle,44.093447,6.009468,Plein jour,En agglomération,Autre intersection,Normale,Autre collision,2,-1,2,0,2,1,1,6,4,-1,1,2,0,0,1,1,45.0,,deux_roues,,1,2,9,1,6
202400002012,2024-11-28 14:00:00,2024,11,28,14,0,04,04049,Avenue du General de Gaulle,44.093447,6.009468,Plein jour,En agglomération,Autre intersection,Normale,Autre collision,2,2,2,0,2,1,1,0,4,50,1,2,0,0,1,1,45.0,,deux_roues,,1,2,9,1,6
202400002013,2024-11-30 23:10:00,2024,11,30,23,10,27,27226,Residence Marie Therese Lefebvre,49.307466,1.613204,Nuit sans éclairage public,En agglomération,Intersection en T,Normale,Deux véhicules - côté,4,2,2,0,2,1,1,0,1,50,2,2,1,0,1,0,22.0,25.0,voiture,deux_roues,3,2,3,1,3
202400002013,2024-11-30 23:10:00,2024,11,30,23,10,27,27226,Residence Marie Therese Lefebvre,49.307466,1.613204,Nuit sans éclairage public,En agglomération,Intersection en T,Normale,Deux véhicules - côté,4,2,2,-1,1,1,1,0,1,50,2,2,1,0,1,0,22.0,25.0,voiture,deux_roues,3,2,3,1,3
202400002014,2024-09-19 00:00:00,2024,9,19,0,0,60,60341,N2,49.087801,2.732763,Nuit sans éclairage public,Hors agglomération,Hors intersection,Normale,Trois véhicules et plus - collisions multiples,2,3,2,0,1,1,1,0,1,110,3,3,1,0,0,2,46.0,42.0,voiture,voiture,3,1,1,1,5
202400002015,2024-11-30 19:03:00,2024,11,30,19,3,17,17269,D730,45.233823,-0.245529,Nuit sans éclairage public,Hors agglomération,Intersection en T,Brouillard / fumée,Deux véhicules - côté,3,2,2,0,1,1,2,5,1,80,2,3,1,0,1,1,42.0,33.0,voiture,utilitaire_camion,3,1,3,5,3
202400002015,2024-11-30 19:03:00,2024,11,30,19,3,17,17269,D730,45.233823,-0.245529,Nuit sans éclairage public,Hors agglomération,Intersection en T,Brouillard / fumée,Deux véhicules - côté,3,2,2,-1,1,1,2,5,1,50,2,3,1,0,1,1,42.0,33.0,voiture,utilitaire_camion,3,1,3,5,3
202400002016,2024-12-01 17:00:00,2024,12,1,17,0,87,87146,D420,45.576787,1.481717,Plein jour,Hors agglomération,Hors intersection,Normale,Deux véhicules - frontale,3,2,2,2,3,3,1,0,1,80,2,2,1,1,0,0,44.0,70.0,deux_roues,voiture,1,1,1,1,1
202400002017,2024-09-18 17:15:00,2024,9,18,17,15,13,13212,A507 sens Marseille - Aubagne,43.31899096,5.42240764,Plein jour,Hors agglomération,Hors intersection,Normale,Deux véhicules - côté,1,1,3,0,1,1,1,1,1,70,1,1,0,0,0,1,23.0,,deux_roues,,1,1,1,1,3
202400002018,2024-12-01 00:45:00,2024,12,1,0,45,24,24225,57 Avenue de Bordeaux,44.840946,0.366066,Nuit sans éclairage public,En agglomération,Hors intersection,Brouillard / fumée,Autre collision,3,2,2,0,1,1,1,0,3,80,1,4,0,0,4,0,22.0,,voiture,,3,2,1,5,6
202400002019,2024-12-01 07:30:00,2024,12,1,7,30,972,97224,route départementale 8,14.652262,-61.032217,Plein jour,En agglomération,Hors intersection,Normale,Deux véhicules - frontale,3,-1,2,0,1,1,1,0,1,-1,2,2,1,0,1,0,20.0,54.0,deux_roues,utilitaire_camion,1,2,1,1,1
202400002020,2024-09-18 13:00:00,2024,9,18,13,0,13,13215,A7-Sens Marseille vers Lyon,43.35196,5.36649,Plein jour,Hors agglomération,Hors intersection,Normale,Trois véhicules et plus - en chaîne,1,1,3,0,1,1,1,0,1,90,4,5,4,0,0,1,26.0,30.0,voiture,voiture,1,1,1,1,4
202400002021,2024-11-30 23:55:00,2024,11,30,23,55,2B,2B220,T20,42.44069,9.201319,Nuit sans éclairage public,Hors agglomération,Hors intersection,Normale,Deux véhicules - frontale,2,2,2,0,1,1,1,0,1,80,1,1,0,0,1,0,21.0,,voiture,,3,1,1,1,1
202400002022,2024-11-30 18:00:00,2024,11,30,18,0,83,83138,Chemin des Crouïs,43.606818,6.712518,Nuit avec éclairage allumé,Hors agglomération,Hors intersection,Normale,Sans collision,4,2,2,0,1,1,1,0,1,50,1,1,0,0,1,0,23.0,,deux_roues,,5,1,1,1,7
202400002023,2024-09-16 03:05:00,2024,9,16,3,5,33,33167,,44.81954,-0.51984,Nuit avec éclairage non allumé,Hors agglomération,Hors intersection,Normale,Autre collision,2,3,6,0,1,3,1,0,1,90,1,1,0,0,0,1,29.0,,voiture,,4,1,1,1,6
202400002024,2024-12-01 11:30:00,2024,12,1,11,30,13,13030,D8n,43.26883595,5.72542727,Plein jour,Hors agglomération,Hors intersection,Normale,Deux véhicules - arrière,3,2,2,0,1,4,1,0,1,90,2,2,1,0,1,0,53.0,20.0,voiture,deux_roues,1,1,1,1,2
202400002025,2024-09-18 18:35:00,2024,9,18,18,35,91,91064,RN 118,48.74473,2.19155,Plein jour,Hors agglomération,Hors intersection,Normale,Deux véhicules - côté,2,3,2,0,1,1,1,0,1,90,2,2,1,0,0,1,49.0,25.0,voiture,deux_roues,1,1,1,1,3
202400002026,2024-11-02 00:01:00,2024,11,2,0,1,13,13004,D36,43.484376,4.708114,Nuit sans éclairage public,Hors agglomération,Hors intersection,Normale,Deux véhicules - frontale,3,2,2,0,1,1,1,0,1,80,1,2,0,0,2,0,55.0,,voiture,,3,1,1,1,1
202400002027,2024-09-18 01:40:00,2024,9,18,1,40,92,92036,A86,48.93770079,2.29361057,Nuit avec éclairage allumé,Hors agglomération,Hors intersection,Normale,Autre collision,1,1,2,0,1,1,1,3,1,90,1,1,0,0,0,1,29.0,,voiture,,5,1,1,1,6
202400002028,2024-12-01 04:15:00,2024,12,1,4,15,13,13066,"D907, BOMPAS",43.88609895,4.91631746,Nuit avec éclairage non allumé,Hors agglomération,Hors intersection,Normale,Deux véhicules - arrière,3,2,3,0,1,1,1,0,1,80,2,8,1,0,1,6,55.0,19.0,voiture,voiture,4,1,1,1,2
202400002029,2024-09-17 14:36:00,2024,9,17,14,36,78,78007,A13 Y,48.90058,2.00531,Plein jour,Hors agglomération,Hors intersection,Temps couvert,Trois véhicules et plus - en chaîne,1,-1,2,0,2,1,1,0,1,110,3,3,1,0,0,2,33.0,46.0,utilitaire_camion,voiture,1,1,1,8,4
202400002030,2024-11-30 06:00:00,2024,11,30,6,0,70,70310,N19,47.696527,6.466972,Nuit sans éclairage public,Hors agglomération,Giratoire,Temps couvert,Autre collision,2,1,2,0,1,1,1,5,3,90,1,2,0,0,1,1,35.0,,voiture,,3,1,6,8,6
202400002030,2024-11-30 06:00:00,2024,11,30,6,0,70,70310,N19,47.696527,6.466972,Nuit sans éclairage public,Hors agglomération,Giratoire,Temps couvert,Autre collision,2,1, -1,-1,2,3,1,5,3,-1,1,2,0,0,1,1,35.0,,voiture,,3,1,6,8,6
202400002031,2024-12-01 08:00:00,2024,12,1,8,0,21,21265,74 Route des Grands Crus,47.243515,4.972324,Crépuscule ou aube,En agglomération,Hors intersection,Brouillard / fumée,Autre collision,3,2,2,0,1,2,1,0,4,30,1,1,0,0,1,0,50.0,,deux_roues,,2,2,1,5,6
202400002032,2024-12-01 00:50:00,2024,12,1,0,50,08,08194,,49.7067006,4.90008152,Nuit sans éclairage public,Hors agglomération,Hors intersection,Normale,Autre collision,1,3,2,0,1,1,1,0,1,130,1,3,2,0,1,0,18.0,,voiture,,3,1,1,1,6
202400002033,2024-09-17 09:33:00,2024,9,17,9,33,92,92048,N118,48.78596965,2.22285882,Plein jour,Hors agglomération,Hors intersection,Temps couvert,Trois véhicules et plus - collisions multiples,2,1,2,0,1,1,1,0,1,90,3,4,2,0,0,2,52.0,47.0,deux_roues,voiture,1,1,1,8,5