accident_id,datetime,annee,mois,jour,heure,minute,departement,commune_insee,adresse,latitude,longitude,luminosite,agglomeration,intersection,meteo,collision,catr,circ,nbv,vosp,prof,plan,surf,infra,situ,vma,nb_vehicules,nb_usagers,nb_indemnes,nb_tues,nb_blesses_hosp,nb_blesses_legers,age_cond_1,age_cond_2,veh_type_cond_1,veh_type_cond_2,lum_code,agg_code,int_code,atm_code,col_code
202400002034,2024-12-01 04:15:00,2024,12,1,4,15,55,55351,RD 643,49.53224627,5.36108789,Nuit avec éclairage non allumé,Hors agglomération,Hors intersection,Brouillard / fumée,Autre collision,3,2,2,0,1,1,1,0,3,90,1,1,0,0,0,1,24.0,,voiture,,4,1,1,5,6
202400002035,2024-09-17 18:45:00,2024,9,17,18,45,93,93066,AUTOROUTE A1,48.93302862,2.37638683,Plein jour,Hors agglomération,Hors intersection,Normale,Autre collision,1,3,4,0,1,1,1,0,1,90,1,1,0,0,0,1,29.0,,deux_roues,,1,1,1,1,6
202400002036,2024-11-30 00:50:00,2024,11,30,0,50,44,44109,Route de Paris,47.260523,-1.499167,Nuit avec éclairage allumé,Hors agglomération,Intersection en X,Normale,Deux véhicules - arrière,4,2,4,0,1,1,2,0,1,70,2,5,3,0,0,2,29.0,22.0,voiture,voiture,5,1,2,1,2
202400002036,2024-11-30 00:50:00,2024,11,30,0,50,44,44109,Route de Paris,47.260523,-1.499167,Nuit avec éclairage allumé,Hors agglomération,Intersection en X,Normale,Deux véhicules - arrière,4,1,2,0,1,2,1,5,1,30,2,5,3,0,0,2,29.0,22.0,voiture,voiture,5,1,2,1,2
202400002037,2024-09-17 17:10:00,2024,9,17,17,10,93,93066,AUTOROUTE A1,48.91936344,2.35754643,Plein jour,Hors agglomération,Hors intersection,Normale,Deux véhicules - arrière,1,3,4,0,1,1,1,0,1,90,2,3,2,0,0,1,69.0,59.0,voiture,voiture,1,1,1,1,2
202400002038,2024-11-29 11:20:00,2024,11,29,11,20,33,33067,Place de la Libération,45.039226,-0.558704,Plein jour,En agglomération,Giratoire,Normale,Autre collision,4,1,1,0,1,2,1,0,1,50,1,2,1,0,1,0,75.0,,voiture,,1,2,6,1,6
202400002039,2024-09-17 11:40:00,2024,9,17,11,40,93,93027,AUTOROUTE A1,48.93857444,2.41556063,Plein jour,Hors agglomération,Hors intersection,Normale,Deux véhicules - arrière,1,1,1,0,2,1,1,0,1,50,2,2,1,0,1,0,41.0,37.0,voiture,deux_roues,1,1,1,1,2
202400002040,2024-11-30 10:40:00,2024,11,30,10,40,14,14325,Route d'Hermanville,49.284502,-0.331532,Plein jour,Hors agglomération,Hors intersection,Normale,Deux véhicules - arrière,3,2,2,0,1,1,1,0,1,80,2,2,1,0,1,0,21.0,70.0,deux_roues,voiture,1,1,1,1,2
202400002041,2024-12-01 12:45:00,2024,12,1,12,45,59,59285,D81,50.259937,3.397415,Plein jour,Hors agglomération,Hors intersection,Temps couvert,Sans collision,3,2,2,0,1,1,2,0,1,80,1,2,0,0,0,2,43.0,,deux_roues,,1,1,1,8,7
202400002042,2024-04-25 09:00:00,2024,4,25,9,0,93,93001,Avenue Jean Jaurès,48.915974,2.405292,Plein jour,En agglomération,Hors intersection,Normale,Autre collision,3,2,4,1,1,1,1,0,1,50,1,3,0,0,0,3,20.0,,deux_roues,,1,2,1,1,6
202400002043,2024-11-21 09:49:00,2024,11,21,9,49,13,13214,A507 sens Aubagne- Marseille,43.33005,5.39559,Plein jour,En agglomération,Hors intersection,Normale,Deux véhicules - arrière,1,1,2,0,2,1,1,1,1,70,3,3,2,0,0,1,41.0,53.0,deux_roues,utilitaire_camion,1,2,1,1,2
202400002044,2024-04-17 08:00:00,2024,4,17,8,0,93,93001,Avenue Jean Jaurès,48.912558,2.40169,Plein jour,En agglomération,Hors intersection,Pluie légère,Autre collision,3,2,2,3,2,1,2,0,6,30,1,2,1,0,0,1,48.0,,deux_roues,,1,2,1,2,6
202400002045,2024-11-29 15:10:00,2024,11,29,15,10,13,13215,A7-Sens Lyon vers Marseille,43.36643455,5.36080529,Plein jour,Hors agglomération,Hors intersection,Normale,Trois véhicules et plus - en chaîne,1,1,3,0,1,1,1,0,1,90,4,4,3,0,0,1,26.0,22.0,voiture,voiture,1,1,1,1,4
202400002046,2024-04-09 18:45:00,2024,4,9,18,45,93,93001,Rue du Moutier,48.914703,2.382673,Plein jour,En agglomération,Hors intersection,Normale,Deux véhicules - arrière,4,1,1,0,1,1,1,0,1,30,2,2,1,0,0,1,,26.0,utilitaire_camion,deux_roues,1,2,1,1,2
202400002047,2024-03-03 14:20:00,2024,3,3,14,20,93,93001,Avenue de la République,48.90853,2.38721,Plein jour,En agglomération,Hors intersection,Normale,Autre collision,3,2,2,3,1,1,1,9,1,50,1,2,1,0,0,1,,,utilitaire_camion,,1,2,1,1,6
202400002048,2024-11-03 12:00:00,2024,11,3,12,0,69,69266,Boulevard Périphérique Laurent Bonnevay,45.78244,4.89252,Plein jour,Hors agglomération,Hors intersection,Normale,Trois véhicules et plus - en chaîne,7,3,4,0,1,1,1,0,1,70,3,3,2,0,0,1,31.0,25.0,voiture,voiture,1,1,1,1,4
202400002049,2024-11-26 18:30:00,2024,11,26,18,30,67,67471,M35,48.63491,7.72491,Nuit sans éclairage public,Hors agglomération,Hors intersection,Normale,Deux véhicules - arrière,7,1,3,3,1,1,1,2,1,70,2,2,1,0,0,1,25.0,46.0,voiture,voiture,3,1,1,1,2
202400002050,2024-03-04 18:00:00,2024,3,4,18,0,93,93001,Avenue du Président Roosevelt / Rue des Noyers,48.917442,2.379452,Plein jour,En agglomération,Intersection en X,Normale,Autre collision,3,2,2,3,1,1,1,0,1,15,1,2,1,0,0,1,22.0,,voiture,,1,2,2,1,6
202400002050,2024-03-04 18:00:00,2024,3,4,18,0,93,93001,Avenue du Président Roosevelt / Rue des Noyers,48.917442,2.379452,Plein jour,En agglomération,Intersection en X,Normale,Autre collision,3,1,1,0,1,1,1,0,1,-1,1,2,1,0,0,1,22.0,,voiture,,1,2,2,1,6
202400002051,2024-11-30 22:15:00,2024,11,30,22,15,33,33013,,44.8686,-0.5026,Nuit avec éclairage non allumé,Hors agglomération,Hors intersection,Normale,Trois véhicules et plus - en chaîne,2,3,4,0,1,1,1,3,1,50,3,3,2,0,0,1,18.0,50.0,voiture,utilitaire_camion,4,1,1,1,4
202400002052,2024-03-06 17:10:00,2024,3,6,17,10,93,93001,Boulevard Félix Faure / Avenue Victor Hugo,48.90882639,2.37781318,Plein jour,En agglomération,Intersection à plus de 4 branches,Normale,Deux véhicules - côté,3,2,2,0,1,1,1,0,1,50,2,2,1,0,0,1,48.0,54.0,voiture,voiture,1,2,5,1,3
202400002052,2024-03-06 17:10:00,2024,3,6,17,10,93,93001,Boulevard Félix Faure / Avenue Victor Hugo,48.90882639,2.37781318,Plein jour,En agglomération,Intersection à plus de 4 branches,Normale,Deux véhicules - côté,3,2,4,0,1,1,1,0,1,-1,2,2,1,0,0,1,48.0,54.0,voiture,voiture,1,2,5,1,3
202400002053,2024-11-30 17:15:00,2024,11,30,17,15,33,33397,,44.907286,-0.491119,Crépuscule ou aube,Hors agglomération,Hors intersection,Brouillard / fumée,Autre collision,1,3,6,0,1,3,2,3,1,110,2,2,1,0,0,1,19.0,66.0,deux_roues,voiture,2,1,1,5,6
202400002054,2024-03-11 18:30:00,2024,3,11,18,30,93,93001,Boulevard Félix Faure,48.908,2.37866,Crépuscule ou aube,En agglomération,Hors intersection,Pluie légère,Deux véhicules - côté,3,2,2,0,1,1,2,0,1,50,2,3,2,0,0,1,51.0,41.0,deux_roues,deux_roues,2,2,1,2,3
202400002055,2024-11-30 19:24:00,2024,11,30,19,24,91,91589,AUTOROUTE A6,48.67746,2.33815,Nuit avec éclairage non allumé,Hors agglomération,Hors intersection,Normale,Trois véhicules et plus - en chaîne,1,-1,3,0,1,1,1,0,1,110,4,4,3,0,0,1,51.0,45.0,voiture,voiture,4,1,1,1,4
202400002056,2024-03-13 16:40:00,2024,3,13,16,40,93,93001,Boulevard Félix Faure,48.907547,2.379135,Plein jour,En agglomération,Hors intersection,Normale,Trois véhicules et plus - collisions multiples,4,2,2,0,1,1,1,0,1,50,3,4,3,0,0,1,51.0,21.0,voiture,deux_roues,1,2,1,1,5
202400002057,2024-11-29 11:19:00,2024,11,29,11,19,91,91161,AUTOROUTE A126,48.711,2.2975,Plein jour,Hors agglomération,Hors intersection,Normale,Deux véhicules - arrière,1,-1,2,0,1,1,1,0,1,110,2,4,3,0,0,1,33.0,45.0,voiture,voiture,1,1,1,1,2
202400002058,2024-03-15 11:10:00,2024,3,15,11,10,93,93001,Boulevard Edouard Vaillant / Rue Hélène Cochennec,48.91821,2.40198,Plein jour,En agglomération,Place,Normale,Autre collision,4,1,1,0,1,1,1,0,1,-1,1,2,1,0,0,1,36.0,,voiture,,1,2,7,1,6
202400002058,2024-03-15 11:10:00,2024,3,15,11,10,93,93001,Boulevard Edouard Vaillant / Rue Hélène Cochennec,48.91821,2.40198,Plein jour,En agglomération,Place,Normale,Autre collision,4,2,2,0,1,1,1,0,1,50,1,2,1,0,0,1,36.0,,voiture,,1,2,7,1,6
202400002059,2024-11-30 02:05:00,2024,11,30,2,5,92,92050,A86,48.89604606,2.19506712,Nuit avec éclairage allumé,Hors agglomération,Hors intersection,Normale,Deux véhicules - arrière,1,1,0,0,1,1,1,0,1,90,2,2,1,0,1,0,22.0,33.0,voiture,voiture,5,1,1,1,2
202400002060,2024-03-16 09:10:00,2024,3,16,9,10,93,93001,Avenue Jean Jaurès / Avenue de la République,48.90382,2.39213,Plein jour,En agglomération,Intersection en X,Normale,Autre collision,3,2,2,3,1,1,1,5,1,50,1,2,1,1,0,0,63.0,,transport_commun,,1,2,2,1,6
202400002060,2024-03-16 09:10:00,2024,3,16,9,10,93,93001,Avenue Jean Jaurès / Avenue de la République,48.90382,2.39213,Plein jour,En agglomération,Intersection en X,Normale,Autre collision,3,3,2,1,1,1,1,5,1,50,1,2,1,1,0,0,63.0,,transport_commun,,1,2,2,1,6
202400002061,2024-11-29 12:39:00,2024,11,29,12,39,78,78455,A13,48.856834,2.055198,Plein jour,Hors agglomération,Hors intersection,Normale,Deux véhicules - côté,1,1,2,0,1,1,1,0,1,110,2,2,1,0,0,1,32.0,45.0,utilitaire_camion,deux_roues,1,1,1,1,3
202400002062,2024-11-30 07:35:00,2024,11,30,7,35,95,95127,A15,49.04357,2.07574,Nuit sans éclairage public,Hors agglomération,Hors intersection,Normale,Autre collision,1,1,2,0,2,2,2,0,1,50,1,1,0,0,0,1,31.0,,voiture,,3,1,1,1,6
202400002063,2024-03-18 14:40:00,2024,3,18,14,40,93,93001,Avenue Jean Jaurès,48.91177,2.400836,Plein jour,En agglomération,Hors intersection,Normale,Deux véhicules - côté,3,2,2,3,1,1,1,0,1,50,2,2,1,0,0,1,31.0,37.0,voiture,voiture,1,2,1,1,3
202400002064,2024-11-30 14:40:00,2024,11,30,14,40,93,93053,AUTOROUTE A3,48.89806947,2.46934982,Plein jour,Hors agglomération,Hors intersection,Normale,Deux véhicules - arrière,1,1,5,0,1,1,1,2,1,70,2,2,1,0,0,1,57.0,28.0,voiture,deux_roues,1,1,1,1,2
202400002065,2024-03-22 13:30:00,2024,3,22,13,30,93,93001,SAINT-DENIS (RUE DE),48.92205827,2.37346414,Plein jour,En agglomération,Hors intersection,Normale,Autre collision,3,2,2,0,1,1,1,0,1,40,1,2,1,0,0,1,50.0,,utilitaire_camion,,1,2,1,1,6
202400002066,2024-03-28 17:00:00,2024,3,28,17,0,93,93001,Avenue de la République,48.90924,2.386603,Plein jour,En agglomération,Autre intersection,Normale,Autre collision,3,2,2,0,1,1,1,9,1,25,1,2,1,0,0,1,53.0,,utilitaire_camion,,1,2,9,1,6
202400002067,2024-11-29 17:45:00,2024,11,29,17,45,93,93027,AUTOROUTE A86,48.92309613,2.38217175,Nuit sans éclairage public,Hors agglomération,Hors intersection,Normale,Deux véhicules - côté,1,1,6,0,1,1,1,0,1,70,2,2,1,0,0,1,25.0,42.0,deux_roues,voiture,3,1,1,1,3
202400002068,2024-03-23 21:50:00,2024,3,23,21,50,93,93001,Avenue Jean Jaurès,48.91548,2.404906,Nuit avec éclairage allumé,En agglomération,Hors intersection,Pluie légère,Autre collision,3,2,4,1,1,1,2,0,4,50,1,2,1,0,0,1,46.0,,deux_roues,,5,2,1,2,6
202400002069,2024-11-29 22:00:00,2024,11,29,22,0,93,93010,AUTOROUTE A3,48.88936381,2.47384038,Nuit sans éclairage public,Hors agglomération,Hors intersection,Normale,Deux véhicules - arrière,1,1,3,0,1,1,1,0,1,50,2,3,2,0,0,1,,43.0,voiture,voiture,3,1,1,1,2
202400002070,2024-02-10 20:55:00,2024,2,10,20,55,93,93001,Avenue de la République / Rue Henri Barbusse,48.906022,2.389695,Nuit avec éclairage allumé,En agglomération,Intersection en X,Pluie légère,Autre collision,3,1,1,0,1,1,2,0,1,50,1,2,1,0,0,1,44.0,,voiture,,5,2,2,2,6
202400002070,2024-02-10 20:55:00,2024,2,10,20,55,93,93001,Avenue de la République / Rue Henri Barbusse,48.906022,2.389695,Nuit avec éclairage allumé,En agglomération,Intersection en X,Pluie légère,Autre collision,3,2,2,3,1,1,2,0,1,50,1,2,1,0,0,1,44.0,,voiture,,5,2,2,2,6
202400002071,2024-11-29 15:30:00,2024,11,29,15,30,93,93007,AUTOROUTE A1,48.95491941,2.45727922,Plein jour,Hors agglomération,Hors intersection,Normale,Trois véhicules et plus - collisions multiples,1,3,4,0,1,1,1,0,1,110,3,3,2,0,0,1,21.0,22.0,voiture,deux_roues,1,1,1,1,5
202400002072,2024-11-29 11:45:00,2024,11,29,11,45,94,94073,A86,48.76022821,2.38292839,Plein jour,Hors agglomération,Hors intersection,Normale,Deux véhicules - arrière,1,3,3,0,1,1,1,0,1,90,2,2,1,0,0,1,53.0,37.0,utilitaire_camion,voiture,1,1,1,1,2
202400002073,2024-02-27 07:55:00,2024,2,27,7,55,93,93001,Rue Achille Domart / Rue du Docteur Pesqué,48.913796,2.382935,Plein jour,En agglomération,Intersection en X,Normale,Deux véhicules - côté,4,1,1,0,1,1,1,0,1,50,2,2,1,0,0,1,56.0,29.0,voiture,deux_roues,1,2,2,1,3
202400002074,2024-02-21 15:13:00,2024,2,21,15,13,93,93001,Rue de la Commune de Paris,48.911685,2.380752,Plein jour,En agglomération,Hors intersection,Pluie légère,Autre collision,4,1,1,0,1,1,2,0,1,50,1,2,1,0,0,1,49.0,,utilitaire_camion,,1,2,1,2,6
202400002075,2024-07-03 08:40:00,2024,7,3,8,40,13,13209,MAZARGUES (AVENUE DE),43.25850866,5.39425023,Plein jour,En agglomération,Hors intersection,Normale,Deux véhicules - arrière,4,2,3,0,1,1,1,0,1,50,2,2,1,1,0,0,49.0,62.0,utilitaire_camion,deux_roues,1,2,1,1,2
202400002076,2024-11-29 08:30:00,2024,11,29,8,30,974,97411,VAUTHIER (RUE  MARCEL),-20.9105,55.50187,Plein jour,Hors agglomération,Hors intersection,Normale,Sans collision,4,2,2,0,2,2,1,9,1,50,1,1,0,0,0,1,17.0,,deux_roues,,1,1,1,1,7
202400002077,2024-02-06 07:50:00,2024,2,6,7,50,93,93001,Rue du Commandant l'Herminier / Rue Paul Doumer,48.917237,2.38665,Crépuscule ou aube,En agglomération,Intersection en X,Normale,Autre collision,4,2,2,0,1,1,1,0,1,-1,1,2,1,0,0,1,46.0,,voiture,,2,2,2,1,6
202400002077,2024-02-06 07:50:00,2024,2,6,7,50,93,93001,Rue du Commandant l'Herminier / Rue Paul Doumer,48.917237,2.38665,Crépuscule ou aube,En agglomération,Intersection en X,Normale,Autre collision,4,2,2,0,1,1,1,0,1,30,1,2,1,0,0,1,46.0,,voiture,,2,2,2,1,6
202400002078,2024-09-17 21:50:00,2024,9,17,21,50,988,98818,GALLIENI (RUE DU GENERAL),-22.27446,166.43917,Nuit avec éclairage allumé,En agglomération,Hors intersection,Normale,Autre collision,4,1,3,0,1,3,1,0,4,50,1,2,0,0,0,2,23.0,,voiture,,5,2,1,1,6
202400002079,2024-11-28 18:05:00,2024,11,28,18,5,973,97302,BADUEL (ROUTE DE),4.936,-52.31362,Nuit avec éclairage allumé,En agglomération,Hors intersection,Normale,Deux véhicules - frontale,3,2,2,0,1,1,1,0,1,50,2,2,1,0,0,1,17.0,21.0,deux_roues,voiture,5,2,1,1,1
202400002080,2024-09-17 17:20:00,2024,9,17,17,20,976,97611,vahibe-Departementale 3 ( route ),45.16376,-12.78954,Crépuscule ou aube,Hors agglomération,Hors intersection,Pluie légère,Deux véhicules - frontale,3,3,2,0,2,1,2,0,1,70,2,3,1,0,2,0,19.0,46.0,voiture,voiture,2,1,1,2,1
202400002081,2024-11-28 13:55:00,2024,11,28,13,55,973,97302,ZEPHIR (ROCADE),4.93803657,-52.30636221,Plein jour,En agglomération,Intersection en T,Pluie légère,Deux véhicules - côté,3,2,2,0,1,1,2,0,1,50,2,2,1,0,0,1,15.0,50.0,deux_roues,deux_roues,1,2,3,2,3
202400002081,2024-11-28 13:55:00,2024,11,28,13,55,973,97302,ZEPHIR (ROCADE),4.93803657,-52.30636221,Plein jour,En agglomération,Intersection en T,Pluie légère,Deux véhicules - côté,3,2,2,3,1,1,2,0,8,50,2,2,1,0,0,1,15.0,50.0,deux_roues,deux_roues,1,2,3,2,3
202400002082,2024-09-17 15:15:00,2024,9,17,15,15,974,97416,HUBERT DE LISLE(BOULEVARD),-21.34365,55.47388,Plein jour,En agglomération,Autre intersection,Normale,Deux véhicules - côté,4,2,2,1,1,1,1,9,1,50,2,2,1,0,0,1,19.0,31.0,deux_roues,utilitaire_camion,1,2,9,1,3
202400002083,2024-11-28 07:30:00,2024,11,28,7,30,973,97302,MADELEINE (ROUTE DE LA),4.91369,-52.32081,Crépuscule ou aube,En agglomération,Intersection en T,Pluie légère,Deux véhicules - côté,3,2,2,0,1,1,2,0,1,50,2,2,1,0,0,1,59.0,25.0,deux_roues,voiture,2,2,3,2,3
202400002083,2024-11-28 07:30:00,2024,11,28,7,30,973,97302,MADELEINE (ROUTE DE LA),4.91369,-52.32081,Crépuscule ou aube,En agglomération,Intersection en T,Pluie légère,Deux véhicules - côté,3,2,2,0,1,1,2,0,1,50,2,2,1,0,0,1,59.0,25.0,deux_roues,voiture,2,2,3,2,3
202400002084,2024-09-17 08:15:00,2024,9,17,8,15,974,97416,RN03,-21.31932,55.48942,Plein jour,Hors agglomération,Hors intersection,Normale,Deux véhicules - arrière,2,3,4,0,1,1,1,9,1,110,2,2,0,0,0,2,23.0,22.0,voiture,voiture,1,1,1,1,2
202400002085,2024-11-29 13:00:00,2024,11,29,13,0,69,69386,Avenue Thiers,45.7701075,4.8616788,Plein jour,En agglomération,Hors intersection,Normale,Autre collision,4,1,3,3,1,1,1,0,1,30,1,2,1,0,0,1,,,deux_roues,,1,2,1,1,6
202400002086,2024-09-17 11:45:00,2024,9,17,11,45,974,97407,14 JUILLET 1789(AVENUE DU),-20.93251,55.29487,Plein jour,En agglomération,Hors intersection,Normale,Deux véhicules - côté,4,1,1,1,1,1,1,0,5,30,2,2,1,0,0,1,60.0,33.0,deux_roues,voiture,1,2,1,1,3
202400002087,2024-11-29 03:45:00,2024,11,29,3,45,972,97213,MAHAULT,14.63,-60.99106,Nuit avec éclairage allumé,Hors agglomération,Autre intersection,Normale,Deux véhicules - arrière,4,3,3,0,1,3,1,-1,1,30,2,2,0,0,0,2,30.0,30.0,voiture,voiture,5,1,9,1,2
202400002088,2024-11-26 16:55:00,2024,11,26,16,55,972,97209,ABBE GREGOIRE (PLACE),14.61183,-61.07135,Plein jour,En agglomération,Hors intersection,Temps couvert,Autre collision,4,1,2,0,1,3,1,0,1,30,1,2,1,0,0,1,22.0,,voiture,,1,2,1,8,6
202400002089,2024-09-17 17:03:00,2024,9,17,17,3,973,97302,BADUEL (ROUTE DE),4.92773,-52.29168,Plein jour,En agglomération,Hors intersection,Normale,Deux véhicules - côté,3,2,2,0,1,1,1,0,1,50,2,2,1,0,0,1,54.0,19.0,voiture,deux_roues,1,2,1,1,3
202400002090,2024-09-16 11:30:00,2024,9,16,11,30,69,69387,4 Rue Marc Bloch,45.74802,4.84395,Plein jour,En agglomération,Hors intersection,Normale,Autre collision,4,1,3,3,1,1,1,0,1,30,1,2,1,1,0,0,21.0,,voiture,,1,2,1,1,6
202400002091,2024-11-29 15:03:00,2024,11,29,15,3,2B,2B120,11 - RT,42.65056,9.4407,Plein jour,Hors agglomération,Hors intersection,Normale,Trois véhicules et plus - en chaîne,2,2,4,0,2,1,1,0,1,70,4,4,2,0,0,2,38.0,54.0,voiture,voiture,1,1,1,1,4
202400002092,2024-11-28 12:20:00,2024,11,28,12,20,971,97101,EDOUARD BOTINO (AVENUE),16.25693,-61.52086,Plein jour,Hors agglomération,Hors intersection,Normale,Deux véhicules - côté,3,1,2,0,1,1,1,0,1,50,2,3,2,0,1,0,27.0,64.0,deux_roues,voiture,1,1,1,1,3
202400002093,2024-09-17 11:15:00,2024,9,17,11,15,69,69383,Cours Lafayette,45.76355,4.85205,Plein jour,En agglomération,Hors intersection,Normale,Deux véhicules - frontale,4,2,3,3,1,1,1,9,1,50,2,3,2,0,0,1,28.0,35.0,utilitaire_camion,deux_roues,1,2,1,1,1
202400002094,2024-11-28 02:07:00,2024,11,28,2,7,971,97101,BEAUSOLEIL,16.27818,-61.4816,Nuit avec éclairage allumé,Hors agglomération,Hors intersection,Normale,Autre collision,4,2,2,0,1,2,1,0,1,50,1,1,0,0,0,1,22.0,,voiture,,5,1,1,1,6
202400002095,2024-09-17 18:20:00,2024,9,17,18,20,69,69388,245 Avenue Berthelot,45.73964,4.8595,Plein jour,En agglomération,Intersection en X,Temps couvert,Autre collision,4,1,3,3,1,1,1,8,6,30,1,5,4,0,0,1,42.0,,voiture,,1,2,2,8,6
202400002095,2024-09-17 18:20:00,2024,9,17,18,20,69,69388,245 Avenue Berthelot,45.73964,4.8595,Plein jour,En agglomération,Intersection en X,Temps couvert,Autre collision,4,2,2,3,1,1,1,0,6,50,1,5,4,0,0,1,42.0,,voiture,,1,2,2,8,6
202400002096,2024-11-29 15:50:00,2024,11,29,15,50,2A,2A004,#2 Avenue du Docteur Noel Franchini#,41.933876,8.753507,Plein jour,En agglomération,Intersection en T,Normale,Deux véhicules - côté,2,1,2,0,1,1,1,0,1,50,2,2,0,0,0,2,22.0,38.0,voiture,voiture,1,2,3,1,3
202400002096,2024-11-29 15:50:00,2024,11,29,15,50,2A,2A004,#2 Avenue du Docteur Noel Franchini#,41.933876,8.753507,Plein jour,En agglomération,Intersection en T,Normale,Deux véhicules - côté,2,2,2,0,1,1,1,0,1,50,2,2,0,0,0,2,22.0,38.0,voiture,voiture,1,2,3,1,3
202400002097,2024-11-29 16:30:00,2024,11,29,16,30,95,95539,RENE CASSIN (RUE),49.00677,2.35124,Plein jour,En agglomération,Autre intersection,Normale,Autre collision,4,3,2,0,1,1,1,9,1,50,1,2,1,0,1,0,84.0,,voiture,,1,2,9,1,6
202400002098,2024-09-17 12:13:00,2024,9,17,12,13,2A,2A004,#37 Route du Vittulo#,41.92917,8.72771,Plein jour,En agglomération,Hors intersection,Normale,Deux véhicules - côté,3,2,2,0,1,2,1,0,1,50,2,2,1,0,0,1,19.0,27.0,deux_roues,utilitaire_camion,1,2,1,1,3
202400002099,2024-04-30 18:10:00,2024,4,30,18,10,93,93006,Rue Raymond Lefebvre / Rue Auguste Blanqui,48.87220934,2.42632627,Plein jour,En agglomération,Intersection en X,Temps couvert,Autre collision,4,1,1,0,1,1,1,0,1,30,1,2,1,0,0,1,42.0,,voiture,,1,2,2,8,6
202400002099,2024-04-30 18:10:00,2024,4,30,18,10,93,93006,Rue Raymond Lefebvre / Rue Auguste Blanqui,48.87220934,2.42632627,Plein jour,En agglomération,Intersection en X,Temps couvert,Autre collision,4,2,2,0,1,1,1,0,1,30,1,2,1,0,0,1,42.0,,voiture,,1,2,2,8,6
202400002100,2024-11-29 10:30:00,2024,11,29,10,30,95,95607,LADY ASHBURTON (RUE),49.02511,2.22147,Plein jour,En agglomération,Hors intersection,Normale,Deux véhicules - côté,4,2,2,0,1,1,1,0,1,50,2,3,2,0,0,1,47.0,31.0,transport_commun,utilitaire_camion,1,2,1,1,3
202400002101,2024-11-29 19:30:00,2024,11,29,19,30,91,91021,AV DE VERDUN,48.58083,2.24162,Nuit avec éclairage allumé,En agglomération,Hors intersection,Normale,Autre collision,3,2,2,0,1,1,1,0,1,50,1,2,1,0,1,0,,,voiture,,5,2,1,1,6
202400002102,2024-09-16 23:40:00,2024,9,16,23,40,95,95280,D47,49.01647898,2.46902793,Nuit avec éclairage allumé,En agglomération,Hors intersection,Normale,Trois véhicules et plus - collisions multiples,3,2,3,0,2,1,1,0,1,50,3,3,0,0,1,2,22.0,22.0,voiture,voiture,5,2,1,1,5
202400002103,2024-04-30 17:30:00,2024,4,30,17,30,93,93006,Avenue Gambetta / Rue Marie-Anne Colombier,48.87081,2.41733,Plein jour,En agglomération,Intersection en X,Normale,Deux véhicules - côté,3,2,2,0,1,1,1,0,1,50,2,2,1,0,0,1,52.0,38.0,voiture,deux_roues,1,2,2,1,3
202400002103,2024-04-30 17:30:00,2024,4,30,17,30,93,93006,Avenue Gambetta / Rue Marie-Anne Colombier,48.87081,2.41733,Plein jour,En agglomération,Intersection en X,Normale,Deux véhicules - côté,3,1,1,0,2,1,1,0,1,50,2,2,1,0,0,1,52.0,38.0,voiture,deux_roues,1,2,2,1,3
202400002104,2024-11-29 11:40:00,2024,11,29,11,40,91,91549,BRETIGNY (AVENUE DE),48.63687,2.33267,Plein jour,En agglomération,Giratoire,Temps éblouissant,Autre collision,4,2,2,0,1,1,1,0,1,30,1,3,2,0,0,1,68.0,,voiture,,1,2,6,7,6
202400002104,2024-11-29 11:40:00,2024,11,29,11,40,91,91549,BRETIGNY (AVENUE DE),48.63687,2.33267,Plein jour,En agglomération,Giratoire,Temps éblouissant,Autre collision,4,2,4,1,1,1,1,0,1,50,1,3,2,0,0,1,68.0,,voiture,,1,2,6,7,6
202400002105,2024-09-17 20:15:00,2024,9,17,20,15,95,95426,D909,49.0236271,2.29591473,Nuit avec éclairage allumé,En agglomération,Autre intersection,Normale,Deux véhicules - frontale,3,2,0,0,4,1,1,0,1,30,2,2,1,0,0,1,40.0,39.0,voiture,voiture,5,2,9,1,1
202400002106,2024-04-30 08:25:00,2024,4,30,8,25,93,93047,Boulevard Bargue / Rue Picasso,48.90234,2.56082,Plein jour,En agglomération,Intersection en X,Pluie légère,Deux véhicules - côté,4,2,2,0,1,1,2,0,1,30,2,2,1,0,0,1,46.0,28.0,voiture,voiture,1,2,2,2,3
202400002107,2024-04-29 17:00:00,2024,4,29,17,0,93,93057,Avenue du Président Wilson,48.906843,2.512263,Plein jour,En agglomération,Hors intersection,Normale,Sans collision,3,1,1,0,1,1,1,0,4,50,1,1,0,0,1,0,61.0,,voiture,,1,2,1,1,7
202400002108,2024-09-17 15:50:00,2024,9,17,15,50,91,91201,AV DE L EUROPE,48.68,2.43,Plein jour,En agglomération,Hors intersection,Normale,Autre collision,6,-1, -1,0,1,1,1,9,1,15,1,2,1,0,0,1,60.0,,voiture,,1,2,1,1,6
202400002109,2024-04-29 18:50:00,2024,4,29,18,50,93,93010,Rue Rabelais,48.91683,2.48393,Plein jour,En agglomération,Hors intersection,Normale,Autre collision,4,1,1,0,1,1,1,0,1,30,1,2,1,0,0,1,29.0,,voiture,,1,2,1,1,6