accident_id,datetime,annee,mois,jour,heure,minute,departement,commune_insee,adresse,latitude,longitude,luminosite,agglomeration,intersection,meteo,collision,catr,circ,nbv,vosp,prof,plan,surf,infra,situ,vma,nb_vehicules,nb_usagers,nb_indemnes,nb_tues,nb_blesses_hosp,nb_blesses_legers,age_cond_1,age_cond_2,veh_type_cond_1,veh_type_cond_2,lum_code,agg_code,int_code,atm_code,col_code
202400002110,2024-11-28 13:32:00,2024,11,28,13,32,91,91471,LOUIS SCOCARD (RUE),48.69631,2.18441,Plein jour,En agglomération,Giratoire,Temps éblouissant,Autre collision,3,2,1,0,1,1,1,5,1,30,1,4,1,0,3,0,,,voiture,,1,2,6,7,6
202400002110,2024-11-28 13:32:00,2024,11,28,13,32,91,91471,LOUIS SCOCARD (RUE),48.69631,2.18441,Plein jour,En agglomération,Giratoire,Temps éblouissant,Autre collision,3,2,1,0,1,1,1,5,1,30,1,4,1,0,3,0,,,voiture,,1,2,6,7,6
202400002111,2024-09-17 17:20:00,2024,9,17,17,20,91,91434,JEAN RAYNAL (RUE),48.66176,2.34807,Plein jour,En agglomération,Intersection en Y,Normale,Autre collision,3,2,2,0,2,3,1,0,1,30,1,3,1,0,0,2,30.0,,voiture,,1,2,4,1,6
202400002112,2024-04-30 14:12:00,2024,4,30,14,12,92,92064,GOUNOD,48.84338,2.21659,Plein jour,En agglomération,Hors intersection,Normale,Deux véhicules - côté,4,2,2,0,2,1,1,0,1,50,2,2,1,0,0,1,53.0,85.0,deux_roues,utilitaire_camion,1,2,1,1,3
202400002113,2024-11-28 19:05:00,2024,11,28,19,5,91,91657,RUE PIERRE MARIN,48.7,2.41,Nuit avec éclairage allumé,En agglomération,Hors intersection,Normale,Autre collision,3,2,2,0,1,1,1,0,1,50,1,2,1,0,1,0,21.0,,voiture,,5,2,1,1,6
202400002114,2024-09-17 08:30:00,2024,9,17,8,30,91,91286,EMILE ALLIAUD (AVENUE),48.64872,2.37652,Plein jour,En agglomération,Hors intersection,Normale,Deux véhicules - côté,3,1,4,0,1,1,1,6,1,50,2,2,1,0,0,1,36.0,27.0,utilitaire_camion,voiture,1,2,1,1,3
202400002115,2024-04-30 09:30:00,2024,4,30,9,30,92,92051,"CHARLES DE GAULLE (AVENUE,N°118 A 192 +",48.88582927,2.25677061,Plein jour,Hors agglomération,Hors intersection,Pluie légère,Deux véhicules - côté,2,1,1,0,2,2,2,0,1,50,2,2,1,0,0,1,75.0,51.0,utilitaire_camion,utilitaire_camion,1,1,1,2,3
202400002116,2024-11-28 19:08:00,2024,11,28,19,8,91,91201,AV DU GENERAL DE GAULLE,48.68502,2.40658,Nuit avec éclairage allumé,En agglomération,Hors intersection,Normale,Autre collision,6,-1,0,0,1,1,1,9,1,15,1,2,1,0,0,1,49.0,,voiture,,5,2,1,1,6
202400002117,2024-04-29 13:10:00,2024,4,29,13,10,92,92049,BROSSOLETTE AVENUE PIERRE,48.818359,2.30881324,Plein jour,En agglomération,Autre intersection,Normale,Deux véhicules - arrière,3,2,2,1,1,1,1,9,1,50,2,2,1,0,0,1,24.0,56.0,deux_roues,voiture,1,2,9,1,2
202400002118,2024-11-29 18:45:00,2024,11,29,18,45,91,91174,AV STRATHKELVIN,48.6172,2.46513,Nuit sans éclairage public,En agglomération,Autre intersection,Normale,Autre collision,4,1,1,0,1,1,1,9,1,50,1,2,1,0,0,1,47.0,,voiture,,3,2,9,1,6
202400002119,2024-09-16 19:10:00,2024,9,16,19,10,87,87085,LILAS (BOULEVARD DES),45.85227486,1.24957681,Plein jour,En agglomération,Intersection en T,Normale,Deux véhicules - côté,4,2,2,0,1,1,1,0,1,50,2,2,1,0,0,1,19.0,7.0,voiture,deux_roues,1,2,3,1,3
202400002119,2024-09-16 19:10:00,2024,9,16,19,10,87,87085,LILAS (BOULEVARD DES),45.85227486,1.24957681,Plein jour,En agglomération,Intersection en T,Normale,Deux véhicules - côté,4,2,2,0,1,1,1,0,1,50,2,2,1,0,0,1,19.0,7.0,voiture,deux_roues,1,2,3,1,3
202400002120,2024-04-30 07:48:00,2024,4,30,7,48,92,92044,PDT WILSON(RUE)77A105 ET 76A108,48.89513848,2.28765213,Plein jour,En agglomération,Intersection en T,Pluie légère,Autre collision,4,1,1,0,1,1,2,0,4,50,1,1,0,1,0,0,55.0,,deux_roues,,1,2,3,2,6
202400002120,2024-04-30 07:48:00,2024,4,30,7,48,92,92044,PDT WILSON(RUE)77A105 ET 76A108,48.89513848,2.28765213,Plein jour,En agglomération,Intersection en T,Pluie légère,Autre collision,4,1,2,0,1,1,2,0,4,50,1,1,0,1,0,0,55.0,,deux_roues,,1,2,3,2,6
202400002121,2024-11-29 14:15:00,2024,11,29,14,15,91,91223,PARIS (AVENUE DE),48.43776,2.16487,Plein jour,En agglomération,Autre intersection,Normale,Deux véhicules - arrière,4,2,1,0,1,1,1,0,1,50,2,3,1,0,0,2,24.0,61.0,voiture,voiture,1,2,9,1,2
202400002122,2024-09-11 16:00:00,2024,9,11,16,0,80,80021,Rue d'Elbeuf,49.88597,2.2662,Plein jour,En agglomération,Hors intersection,Normale,Deux véhicules - frontale,4,2,2,0,1,1,1,0,1,50,2,2,1,0,0,1,62.0,34.0,voiture,voiture,1,2,1,1,1
202400002123,2024-11-28 15:01:00,2024,11,28,15,1,87,87085,GARIBALDI (AVENUE),45.83502,1.2606,Plein jour,En agglomération,Intersection en X,Normale,Deux véhicules - côté,4,1,1,0,1,1,1,0,1,30,2,2,1,0,0,1,69.0,28.0,voiture,deux_roues,1,2,2,1,3
202400002123,2024-11-28 15:01:00,2024,11,28,15,1,87,87085,GARIBALDI (AVENUE),45.83502,1.2606,Plein jour,En agglomération,Intersection en X,Normale,Deux véhicules - côté,4,2,2,0,1,1,1,0,1,30,2,2,1,0,0,1,69.0,28.0,voiture,deux_roues,1,2,2,1,3
202400002124,2024-04-30 19:00:00,2024,4,30,19,0,92,92040,FRERES VOISIN (BOULEVARD DES),48.82796918,2.27373326,Plein jour,En agglomération,Giratoire,Temps couvert,Deux véhicules - arrière,3,1,1,0,1,1,1,0,1,30,2,2,0,0,2,0,33.0,48.0,voiture,deux_roues,1,2,6,8,2
202400002124,2024-04-30 19:00:00,2024,4,30,19,0,92,92040,FRERES VOISIN (BOULEVARD DES),48.82796918,2.27373326,Plein jour,En agglomération,Giratoire,Temps couvert,Deux véhicules - arrière,3,1,1,0,1,1,1,0,1,30,2,2,0,0,2,0,33.0,48.0,voiture,deux_roues,1,2,6,8,2
202400002125,2024-04-30 09:35:00,2024,4,30,9,35,92,92036,GEORGE SAND (RUE) (IMPAIRS),48.92618412,2.28512701,Plein jour,En agglomération,Autre intersection,Pluie légère,Deux véhicules - côté,4,2,2,0,1,1,2,0,1,50,2,2,1,0,0,1,44.0,21.0,voiture,voiture,1,2,9,2,3
202400002126,2024-09-16 18:34:00,2024,9,16,18,34,78,78401,D 922,49.013285,1.925556,Plein jour,En agglomération,Intersection en T,Normale,Deux véhicules - côté,3,3,1,0,3,1,1,5,1,70,2,2,0,0,1,1,44.0,30.0,voiture,deux_roues,1,2,3,1,3
202400002126,2024-09-16 18:34:00,2024,9,16,18,34,78,78401,D 922,49.013285,1.925556,Plein jour,En agglomération,Intersection en T,Normale,Deux véhicules - côté,3,-1,0,0,1,1,1,5,1,1,2,2,0,0,1,1,44.0,30.0,voiture,deux_roues,1,2,3,1,3
202400002127,2024-11-28 13:15:00,2024,11,28,13,15,83,83137,GASQUET (AVE JOSEPH DE 1 A 1423,43.12464405,5.95698763,Plein jour,En agglomération,Intersection en T,Normale,Deux véhicules - côté,4,2,2,0,1,1,1,0,1,50,2,4,1,0,0,3,28.0,19.0,voiture,voiture,1,2,3,1,3
202400002127,2024-11-28 13:15:00,2024,11,28,13,15,83,83137,GASQUET (AVE JOSEPH DE 1 A 1423,43.12464405,5.95698763,Plein jour,En agglomération,Intersection en T,Normale,Deux véhicules - côté,4,1,1,0,1,1,1,0,1,50,2,4,1,0,0,3,28.0,19.0,voiture,voiture,1,2,3,1,3
202400002128,2024-04-30 23:12:00,2024,4,30,23,12,92,92024,ANCIENNNE MAIRIE (RUE DE L'),48.90369806,2.30323613,Nuit avec éclairage allumé,En agglomération,Intersection en T,Pluie légère,Deux véhicules - frontale,3,1,1,0,1,3,2,0,1,30,2,2,1,0,0,1,,28.0,voiture,deux_roues,5,2,3,2,1
202400002128,2024-04-30 23:12:00,2024,4,30,23,12,92,92024,ANCIENNNE MAIRIE (RUE DE L'),48.90369806,2.30323613,Nuit avec éclairage allumé,En agglomération,Intersection en T,Pluie légère,Deux véhicules - frontale,3,1,3,0,1,1,2,0,1,50,2,2,1,0,0,1,,28.0,voiture,deux_roues,5,2,3,2,1
202400002129,2024-09-16 17:50:00,2024,9,16,17,50,78,78440,avenue de la République,48.98629,1.91505,Plein jour,En agglomération,Hors intersection,Normale,Deux véhicules - côté,4,2,2,1,2,1,1,0,4,30,2,2,1,0,0,1,13.0,20.0,deux_roues,voiture,1,2,1,1,3
202400002130,2024-11-29 06:29:00,2024,11,29,6,29,83,83126,JUIN (AV MARECHAL),43.10779,5.87746,Nuit avec éclairage allumé,En agglomération,Hors intersection,Normale,Deux véhicules - frontale,3,2,3,0,1,1,1,0,1,50,2,2,1,0,1,0,37.0,26.0,deux_roues,voiture,5,2,1,1,1
202400002131,2024-04-30 17:14:00,2024,4,30,17,14,92,92024,PIERRE BEREGOVOY (RUE),48.90473604,2.30036545,Plein jour,En agglomération,Hors intersection,Normale,Autre collision,4,1,2,0,1,1,1,0,5,50,1,3,1,0,0,2,34.0,,deux_roues,,1,2,1,1,6
202400002132,2024-09-17 07:00:00,2024,9,17,7,0,78,78297,KESSEL (AVENUE JOSEPH),48.76555,2.05906,Crépuscule ou aube,En agglomération,Intersection en T,Normale,Autre collision,4,2,2,0,1,1,1,6,1,50,1,2,1,0,1,0,27.0,,voiture,,2,2,3,1,6
202400002132,2024-09-17 07:00:00,2024,9,17,7,0,78,78297,KESSEL (AVENUE JOSEPH),48.76555,2.05906,Crépuscule ou aube,En agglomération,Intersection en T,Normale,Autre collision,4,2,2,0,1,1,1,6,8,50,1,2,1,0,1,0,27.0,,voiture,,2,2,3,1,6
202400002133,2024-11-29 17:50:00,2024,11,29,17,50,81,81065,155 Route de Lavaur,43.61558,2.19282,Crépuscule ou aube,Hors agglomération,Hors intersection,Normale,Deux véhicules - arrière,3,2,2,0,1,1,1,0,1,90,2,2,1,0,0,1,17.0,42.0,deux_roues,voiture,2,1,1,1,2
202400002134,2024-04-30 06:24:00,2024,4,30,6,24,92,92002,DIVISION LECLERC (1 A 29 -2 A 34),48.75139683,2.3044458,Crépuscule ou aube,En agglomération,Intersection en X,Pluie légère,Deux véhicules - côté,3,1,4,0,1,1,2,5,1,50,2,2,1,0,0,1,62.0,55.0,utilitaire_camion,utilitaire_camion,2,2,2,2,3
202400002134,2024-04-30 06:24:00,2024,4,30,6,24,92,92002,DIVISION LECLERC (1 A 29 -2 A 34),48.75139683,2.3044458,Crépuscule ou aube,En agglomération,Intersection en X,Pluie légère,Deux véhicules - côté,3,1,4,0,1,2,2,0,1,50,2,2,1,0,0,1,62.0,55.0,utilitaire_camion,utilitaire_camion,2,2,2,2,3
202400002135,2024-09-17 05:20:00,2024,9,17,5,20,78,78208,PETITE VILLEDIEU (AVENUE),48.76856,1.96448,Nuit avec éclairage allumé,En agglomération,Hors intersection,Normale,Autre collision,4,2,2,0,1,1,1,0,1,50,1,2,1,0,1,0,49.0,,utilitaire_camion,,5,2,1,1,6
202400002136,2024-11-29 13:05:00,2024,11,29,13,5,81,81004,TEMPORALITE (DE LA),43.92887,2.14283,Plein jour,En agglomération,Hors intersection,Normale,Autre collision,4,-1,1,0,2,3,9,6,8,20,1,2,1,0,1,0,,,deux_roues,,1,2,1,1,6
202400002137,2024-11-27 18:35:00,2024,11,27,18,35,80,80021,Mail Albert 1er,49.88885,2.2968,Nuit avec éclairage allumé,En agglomération,Hors intersection,Normale,Sans collision,4,2,2,0,1,1,1,0,1,50,1,2,1,1,0,0,64.0,,voiture,,5,2,1,1,7
202400002138,2024-09-17 21:30:00,2024,9,17,21,30,78,78498,VILLIERS RUE DE,48.92324,2.02709,Nuit avec éclairage allumé,En agglomération,Hors intersection,Normale,Deux véhicules - frontale,4,1,2,0,1,1,1,0,1,30,2,2,1,0,1,0,18.0,71.0,deux_roues,voiture,5,2,1,1,1
202400002139,2024-04-30 19:00:00,2024,4,30,19,0,37,37199,D58,47.06551692,0.50462879,Plein jour,Hors agglomération,Hors intersection,Normale,Deux véhicules - frontale,3,2,2,0,2,1,1,0,1,80,2,5,0,0,1,4,82.0,56.0,voiture,voiture,1,1,1,1,1
202400002140,2024-09-16 17:05:00,2024,9,16,17,5,77,77337,ARCHE GUEDON (COURS DE L'),48.85043,2.63163,Plein jour,En agglomération,Hors intersection,Normale,Deux véhicules - arrière,4,2,2,0,4,1,1,0,1,50,2,2,1,0,0,1,24.0,24.0,voiture,deux_roues,1,2,1,1,2
202400002141,2024-05-01 13:05:00,2024,5,1,13,5,71,71305,A6,46.485437,4.892929,Plein jour,Hors agglomération,Hors intersection,Normale,Deux véhicules - côté,1,3,5,0,1,1,1,0,1,130,2,7,5,0,0,2,30.0,64.0,voiture,voiture,1,1,1,1,3
202400002142,2024-11-28 11:20:00,2024,11,28,11,20,78,78133,CLOS DE LA FAMILLE (DU),48.90658,2.04736,Plein jour,En agglomération,Intersection en T,Normale,Deux véhicules - côté,3,2,2,1,1,1,1,9,1,30,2,3,2,0,0,1,69.0,20.0,voiture,deux_roues,1,2,3,1,3
202400002142,2024-11-28 11:20:00,2024,11,28,11,20,78,78133,CLOS DE LA FAMILLE (DU),48.90658,2.04736,Plein jour,En agglomération,Intersection en T,Normale,Deux véhicules - côté,3,1,2,-1,1,1,1,0,1,-1,2,3,2,0,0,1,69.0,20.0,voiture,deux_roues,1,2,3,1,3
202400002143,2024-09-17 09:00:00,2024,9,17,9,0,70,70550,Rue du Commandant Girardot,47.61765,6.153886,Plein jour,En agglomération,Giratoire,Normale,Deux véhicules - côté,2,2,0,0,1,2,1,5,1,30,2,2,1,0,1,0,26.0,55.0,deux_roues,voiture,1,2,6,1,3
202400002143,2024-09-17 09:00:00,2024,9,17,9,0,70,70550,Rue du Commandant Girardot,47.61765,6.153886,Plein jour,En agglomération,Giratoire,Normale,Deux véhicules - côté,2,1,0,0,1,2,1,5,1,30,2,2,1,0,1,0,26.0,55.0,deux_roues,voiture,1,2,6,1,3
202400002143,2024-09-17 09:00:00,2024,9,17,9,0,70,70550,Rue du Commandant Girardot,47.61765,6.153886,Plein jour,En agglomération,Giratoire,Normale,Deux véhicules - côté,2,2, -1,-1,1,3,1,5,1,-1,2,2,1,0,1,0,26.0,55.0,deux_roues,voiture,1,2,6,1,3
202400002144,2024-04-30 19:55:00,2024,4,30,19,55,86,86261,11bis Route des Bordes,46.581331,0.481733,Crépuscule ou aube,En agglomération,Hors intersection,Normale,Deux véhicules - côté,4,2,2,0,1,1,1,0,3,30,2,2,1,0,1,0,20.0,38.0,deux_roues,voiture,2,2,1,1,3
202400002145,2024-09-16 16:50:00,2024,9,16,16,50,67,67482,HOPITAL (ROUTE DE L ),48.57092,7.75086,Plein jour,En agglomération,Intersection en T,Pluie légère,Autre collision,4,2,2,0,1,1,2,0,1,30,1,2,1,0,0,1,62.0,,voiture,,1,2,3,2,6
202400002145,2024-09-16 16:50:00,2024,9,16,16,50,67,67482,HOPITAL (ROUTE DE L ),48.57092,7.75086,Plein jour,En agglomération,Intersection en T,Pluie légère,Autre collision,4,2,3,1,1,1,2,5,1,50,1,2,1,0,0,1,62.0,,voiture,,1,2,3,2,6
202400002146,2024-11-29 15:30:00,2024,11,29,15,30,78,78401,RHIN ET DANUBE (PONT),49.00291,1.90652,Plein jour,En agglomération,Hors intersection,Normale,Trois véhicules et plus - collisions multiples,3,2,2,0,1,1,1,0,1,50,3,3,2,0,0,1,35.0,30.0,deux_roues,voiture,1,2,1,1,5
202400002147,2024-05-01 11:05:00,2024,5,1,11,5,50,50592,Rue du Général de Gaulle,48.971008,-1.06054,Plein jour,En agglomération,Hors intersection,Temps couvert,Autre collision,3,2,2,0,1,1,1,0,1,50,1,2,1,0,1,0,25.0,,utilitaire_camion,,1,2,1,8,6
202400002148,2024-09-17 16:15:00,2024,9,17,16,15,66,66136,LECLERC (AVENUE DU GENERAL),42.701,2.88953,Plein jour,En agglomération,Hors intersection,Normale,Autre collision,4,2,2,0,1,1,1,0,1,50,1,2,1,0,1,0,78.0,,voiture,,1,2,1,1,6
202400002149,2024-11-29 00:14:00,2024,11,29,0,14,77,77374,D471,48.79014,2.71446,Nuit sans éclairage public,Hors agglomération,Hors intersection,Normale,Deux véhicules - côté,3,2,2,0,1,1,1,0,1,80,2,2,0,1,0,1,45.0,31.0,voiture,voiture,3,1,1,1,3
202400002150,2024-04-30 18:20:00,2024,4,30,18,20,19,19117,Route Des Moulins,45.09988074,1.47799588,Plein jour,Hors agglomération,Intersection en Y,Pluie légère,Sans collision,3,2, -1,-1,1,1,2,0,1,90,1,1,0,1,0,0,61.0,,deux_roues,,1,1,4,2,7
202400002150,2024-04-30 18:20:00,2024,4,30,18,20,19,19117,Route Des Moulins,45.09988074,1.47799588,Plein jour,Hors agglomération,Intersection en Y,Pluie légère,Sans collision,3,2,2,0,2,3,2,0,1,90,1,1,0,1,0,0,61.0,,deux_roues,,1,1,4,2,7
202400002151,2024-09-17 09:30:00,2024,9,17,9,30,64,64445,ALSACE LORRAINE D',43.30197,-0.35896,Plein jour,En agglomération,Hors intersection,Normale,Deux véhicules - côté,4,2,2,0,1,1,1,0,1,50,2,2,1,0,0,1,44.0,45.0,utilitaire_camion,deux_roues,1,2,1,1,3
202400002152,2024-11-28 14:02:00,2024,11,28,14,2,77,77053,RUE DE VILLEMENEUX,48.688187,2.603745,Plein jour,En agglomération,Hors intersection,Normale,Deux véhicules - côté,3,2,2,0,1,1,1,0,1,50,2,2,1,0,0,1,33.0,12.0,voiture,deux_roues,1,2,1,1,3
202400002153,2024-11-28 08:12:00,2024,11,28,8,12,77,77288,MEAUX (AVENUE DE),48.54662,2.66322,Crépuscule ou aube,En agglomération,Hors intersection,Normale,Autre collision,4,2,2,0,1,1,1,0,1,50,1,2,1,0,1,0,84.0,,voiture,,2,2,1,1,6
202400002154,2024-05-01 00:50:00,2024,5,1,0,50,56,56053,lieu dit le pont guillemet,47.747202,-2.56843,Nuit sans éclairage public,Hors agglomération,Hors intersection,Pluie légère,Autre collision,2,3,4,0,2,2,2,0,3,110,1,1,0,1,0,0,21.0,,voiture,,3,1,1,2,6
202400002155,2024-09-16 19:20:00,2024,9,16,19,20,64,64102,LOUIS DE FOIX (AVENUE),43.50449,-1.4672,Plein jour,En agglomération,Hors intersection,Normale,Deux véhicules - côté,3,2, -1,0,1,1,1,0,1,50,2,2,1,0,0,1,18.0,23.0,deux_roues,deux_roues,1,2,1,1,3
202400002156,2024-11-29 19:50:00,2024,11,29,19,50,76,76540,Rue du Contrat Social,49.44573,1.07932,Nuit avec éclairage allumé,En agglomération,Intersection en T,Normale,Deux véhicules - côté,4,2,2,0,1,1,1,-1,1,30,2,2,1,0,0,1,18.0,25.0,voiture,deux_roues,5,2,3,1,3
202400002156,2024-11-29 19:50:00,2024,11,29,19,50,76,76540,Rue du Contrat Social,49.44573,1.07932,Nuit avec éclairage allumé,En agglomération,Intersection en T,Normale,Deux véhicules - côté,4,1,1,0,1,1,1,-1,1,30,2,2,1,0,0,1,18.0,25.0,voiture,deux_roues,5,2,3,1,3
202400002157,2024-11-29 12:30:00,2024,11,29,12,30,76,76351,Avenue Jean Jaurès,49.50014345,0.16394466,Plein jour,En agglomération,Hors intersection,Normale,Autre collision,4,2,2,1,2,1,1,0,1,50,1,1,0,0,1,0,65.0,,deux_roues,,1,2,1,1,6
202400002158,2024-09-16 11:45:00,2024,9,16,11,45,64,64024,ROUTE DE PITOYS,43.46327,-1.52,Plein jour,En agglomération,Hors intersection,Normale,Trois véhicules et plus - en chaîne,4,2,2,0,2,2,1,0,1,50,3,3,2,0,0,1,35.0,52.0,utilitaire_camion,utilitaire_camion,1,2,1,1,4
202400002159,2024-11-28 14:05:00,2024,11,28,14,5,72,72181,CHATEAUBRIAND RENE DE (RUE),48.00281,0.17055,Plein jour,En agglomération,Hors intersection,Normale,Autre collision,4,-1,2,0,1,1,1,0,4,50,1,1,0,0,0,1,57.0,,voiture,,1,2,1,1,6
202400002160,2024-05-01 15:40:00,2024,5,1,15,40,76,76271,Route du Bolhard,49.568225,1.163449,Plein jour,Hors agglomération,Hors intersection,Normale,Trois véhicules et plus - collisions multiples,3,2,2,0,1,1,1,0,1,70,4,9,4,0,1,4,35.0,75.0,voiture,voiture,1,1,1,1,5
202400002161,2024-09-13 17:40:00,2024,9,13,17,40,63,63300,VIRLOGEUX (AVENUE),45.89051841,3.11711311,Plein jour,En agglomération,Hors intersection,Normale,Autre collision,3,2,2,0,1,1,1,0,1,50,1,2,1,0,0,1,38.0,,voiture,,1,2,1,1,6
202400002162,2024-11-29 12:15:00,2024,11,29,12,15,71,71306,MARECHAL LECLERC (AVENUE DU),46.68027,4.36908,Plein jour,En agglomération,Hors intersection,Normale,Sans collision,4,3,3,0,1,2,1,0,1,50,1,1,0,1,0,0,19.0,,deux_roues,,1,2,1,1,7
202400002163,2024-09-17 09:36:00,2024,9,17,9,36,63,63245,RD446,45.88453857,3.07999746,Plein jour,Hors agglomération,Hors intersection,Normale,Autre collision,3,2,2,0,1,1,1,0,1,90,1,1,0,0,0,1,60.0,,deux_roues,,1,1,1,1,6
202400002164,2024-11-27 11:30:00,2024,11,27,11,30,69,69256,Avenue Gabriel Péri,45.77641,4.91519,Plein jour,En agglomération,Intersection en X,Normale,Autre collision,4,2,2,3,1,1,1,0,1,50,1,3,2,0,1,0,21.0,,voiture,,1,2,2,1,6
202400002164,2024-11-27 11:30:00,2024,11,27,11,30,69,69256,Avenue Gabriel Péri,45.77641,4.91519,Plein jour,En agglomération,Intersection en X,Normale,Autre collision,4,2,2,2,1,1,1,0,1,50,1,3,2,0,1,0,21.0,,voiture,,1,2,2,1,6
202400002165,2024-09-17 16:30:00,2024,9,17,16,30,63,63014,COURNON (AVENUE DE),45.75268,3.13216,Plein jour,En agglomération,Hors intersection,Normale,Deux véhicules - côté,7,2,2,0,1,1,1,0,1,30,2,2,1,0,0,1,77.0,30.0,voiture,deux_roues,1,2,1,1,3
202400002166,2024-04-30 11:15:00,2024,4,30,11,15,65,65247,Route d'Arrodets,43.090011,0.043929,Plein jour,En agglomération,Hors intersection,Normale,Sans collision,4,2,2,0,2,4,9,0,1,50,1,1,0,0,1,0,55.0,,deux_roues,,1,2,1,1,7
202400002167,2024-11-28 23:05:00,2024,11,28,23,5,69,69271,Boulevard Charles de Gaulle,45.74386,4.93731,Nuit avec éclairage allumé,En agglomération,Hors intersection,Pluie légère,Autre collision,7,2,4,1,1,1,2,8,4,50,1,1,0,0,0,1,28.0,,voiture,,5,2,1,2,6
202400002168,2024-09-17 16:15:00,2024,9,17,16,15,63,63113,JOUHAUX (BD LEON),45.79323122,3.11766565,Plein jour,En agglomération,Hors intersection,Normale,Autre collision,7,3,4,0,1,1,1,0,1,50,1,2,1,0,0,1,23.0,,voiture,,1,2,1,1,6
202400002169,2024-11-28 19:05:00,2024,11,28,19,5,69,69290,Rue de l'Egalité,45.6969,4.94462,Nuit avec éclairage allumé,En agglomération,Hors intersection,Pluie légère,Autre collision,4,2,2,0,1,1,2,0,1,50,1,2,1,0,0,1,28.0,,voiture,,5,2,1,2,6
202400002170,2024-04-30 11:30:00,2024,4,30,11,30,65,65395,D937,43.107061,-0.185909,Plein jour,Hors agglomération,Passage à niveau,Normale,Deux véhicules - côté,3,2,2,0,1,2,1,4,1,50,2,2,1,1,0,0,87.0,44.0,voiture,transport_commun,1,1,8,1,3
202400002171,2024-11-29 00:35:00,2024,11,29,0,35,68,68224,VOIE RAPIDE NORD SUD,47.76543799,7.34615386,Nuit sans éclairage public,Hors agglomération,Hors intersection,Brouillard / fumée,Autre collision,3,3,0,0,1,1,1,0,1,90,1,2,1,0,1,0,68.0,,voiture,,3,1,1,5,6
202400002172,2024-09-17 10:10:00,2024,9,17,10,10,62,62215,route de meurchin,50.49683859,2.94851181,Plein jour,En agglomération,Hors intersection,Normale,Deux véhicules - arrière,4,2,0,0,1,1,1,0,1,50,2,2,1,0,1,0,42.0,42.0,deux_roues,voiture,1,2,1,1,2
202400002173,2024-04-30 01:10:00,2024,4,30,1,10,63,63146,lieu dit La peyrouse,45.7166371,3.37562598,Nuit sans éclairage public,Hors agglomération,Hors intersection,Pluie forte,Autre collision,3,2,3,0,4,1,2,0,1,90,1,1,0,0,1,0,20.0,,deux_roues,,3,1,1,3,6
202400002174,2024-11-29 19:45:00,2024,11,29,19,45,67,67043,BISCHWILLER (ROUTE DE),48.61522,7.75274,Nuit avec éclairage allumé,En agglomération,Hors intersection,Brouillard / fumée,Deux véhicules - frontale,4,2,2,0,1,1,1,0,1,50,2,2,1,0,0,1,17.0,85.0,deux_roues,voiture,5,2,1,5,1
202400002175,2024-04-30 18:30:00,2024,4,30,18,30,12,12056,D570,44.286595,2.45788,Plein jour,Hors agglomération,Hors intersection,Normale,Autre collision,3,2,2,0,2,2,1,0,3,90,1,2,0,0,1,1,18.0,,voiture,,1,1,1,1,6
202400002176,2024-09-16 16:15:00,2024,9,16,16,15,59,59041,Chaussée Brunehaut,50.21434,3.8477,Plein jour,En agglomération,Hors intersection,Normale,Trois véhicules et plus - collisions multiples,3,2,2,0,1,1,1,0,1,50,3,4,3,0,0,1,29.0,35.0,voiture,voiture,1,2,1,1,5
202400002177,2024-11-29 17:35:00,2024,11,29,17,35,67,67482,MOLIERE (AVENUE),48.597,7.703,Nuit avec éclairage allumé,En agglomération,Intersection en T,Brouillard / fumée,Deux véhicules - côté,4,2,1,0,1,1,1,5,1,30,2,3,2,0,0,1,39.0,39.0,deux_roues,voiture,5,2,3,5,3
202400002177,2024-11-29 17:35:00,2024,11,29,17,35,67,67482,MOLIERE (AVENUE),48.597,7.703,Nuit avec éclairage allumé,En agglomération,Intersection en T,Brouillard / fumée,Deux véhicules - côté,4,2,2,1,1,1,1,5,1,50,2,3,2,0,0,1,39.0,39.0,deux_roues,voiture,5,2,3,5,3
202400002178,2024-04-23 20:15:00,2024,4,23,20,15,47,47214,Barbé,44.31317807,0.25253638,Plein jour,Hors agglomération,Hors intersection,Normale,Autre collision,3,2,2,0,1,1,1,0,3,70,1,1,0,0,1,0,41.0,,voiture,,1,1,1,1,6
202400002179,2024-09-17 13:30:00,2024,9,17,13,30,59,59350,Place Barthelemy Dorez,50.617991,3.050062,Plein jour,En agglomération,Hors intersection,Normale,Deux véhicules - côté,7,-1,1,0,1,1,1,9,1,30,2,2,1,0,0,1,53.0,48.0,deux_roues,voiture,1,2,1,1,3
202400002180,2024-05-01 07:15:00,2024,5,1,7,15,39,39539,Rue du Bois,46.946388,5.70758,Crépuscule ou aube,Hors agglomération,Hors intersection,Temps couvert,Autre collision,4,2,2,0,1,2,1,0,3,80,1,4,3,1,0,0,22.0,,voiture,,2,1,1,8,6
202400002181,2024-11-28 11:45:00,2024,11,28,11,45,67,67180,WEITBRUCH (ROUTE DE),48.80187,7.79145,Plein jour,En agglomération,Hors intersection,Normale,Trois véhicules et plus - en chaîne,4,-1,2,0,2,1,1,2,1,50,3,4,1,0,0,3,30.0,63.0,voiture,voiture,1,2,1,1,4
202400002182,2024-09-17 08:25:00,2024,9,17,8,25,59,59378,REPUBLIQUE AV DE LA (N°829-931),50.66157,3.09542,Plein jour,En agglomération,Hors intersection,Normale,Deux véhicules - arrière,7,2,1,1,1,1,1,0,5,25,2,2,1,0,0,1,40.0,46.0,deux_roues,deux_roues,1,2,1,1,2