accident_id,datetime,annee,mois,jour,heure,minute,departement,commune_insee,adresse,latitude,longitude,luminosite,agglomeration,intersection,meteo,collision,catr,circ,nbv,vosp,prof,plan,surf,infra,situ,vma,nb_vehicules,nb_usagers,nb_indemnes,nb_tues,nb_blesses_hosp,nb_blesses_legers,age_cond_1,age_cond_2,veh_type_cond_1,veh_type_cond_2,lum_code,agg_code,int_code,atm_code,col_code
202400002250,2024-09-17 16:55:00,2024,9,17,16,55,27,27684,Route de Paris,49.01553,1.18744,Plein jour,En agglomération,Giratoire,Normale,Deux véhicules - côté,4,3,4,0,1,2,1,0,1,30,2,6,4,0,0,2,87.0,21.0,voiture,utilitaire_camion,1,2,6,1,3
202400002251,2024-11-29 18:50:00,2024,11,29,18,50,35,35051,EST (ROCADE),48.11213,-1.58486,Nuit sans éclairage public,Hors agglomération,Hors intersection,Normale,Trois véhicules et plus - en chaîne,2,3,4,0,1,1,1,0,1,90,3,4,3,0,0,1,23.0,62.0,voiture,voiture,3,1,1,1,4
202400002252,2024-04-30 20:45:00,2024,4,30,20,45,60,60439,Rue de l'Abattoir,49.314665,2.322409,Plein jour,En agglomération,Intersection en X,Pluie légère,Autre collision,4,2,2,0,1,2,2,0,4,-1,1,2,0,0,0,2,19.0,,deux_roues,,1,2,2,2,6
202400002252,2024-04-30 20:45:00,2024,4,30,20,45,60,60439,Rue de l'Abattoir,49.314665,2.322409,Plein jour,En agglomération,Intersection en X,Pluie légère,Autre collision,4,2, -1,-1,1,1,2,0,1,-1,1,2,0,0,0,2,19.0,,deux_roues,,1,2,2,2,6
202400002253,2024-09-17 16:55:00,2024,9,17,16,55,27,27229,DEPORTES (RUE DES),49.01922,1.15598,Plein jour,En agglomération,Hors intersection,Normale,Deux véhicules - arrière,4,1,3,3,2,1,1,0,1,50,2,2,1,0,0,1,58.0,32.0,voiture,voiture,1,2,1,1,2
202400002254,2024-11-29 17:10:00,2024,11,29,17,10,35,35238,LE GUILLOUX (HENRI),48.11504,-1.69925,Crépuscule ou aube,En agglomération,Hors intersection,Normale,Sans collision,4,2,2,2,2,1,1,0,1,30,1,1,0,0,0,1,35.0,,deux_roues,,2,2,1,1,7
202400002255,2024-04-29 10:23:00,2024,4,29,10,23,13,13071,A55-Sens Martigues vers Marseille,43.39330763,5.29952667,Plein jour,Hors agglomération,Hors intersection,Normale,Deux véhicules - côté,1,1,3,0,2,1,1,0,1,90,2,2,1,0,1,0,55.0,21.0,utilitaire_camion,voiture,1,1,1,1,3
202400002256,2024-09-17 09:05:00,2024,9,17,9,5,22,22360,ROND POINT DE BREZILLET,48.49354,-2.76148,Plein jour,En agglomération,Giratoire,Normale,Deux véhicules - côté,3,-1,4,0,1,1,1,0,1,50,2,2,1,0,0,1,26.0,63.0,utilitaire_camion,voiture,1,2,6,1,3
202400002256,2024-09-17 09:05:00,2024,9,17,9,5,22,22360,ROND POINT DE BREZILLET,48.49354,-2.76148,Plein jour,En agglomération,Giratoire,Normale,Deux véhicules - côté,3,-1,1,0,1,2,1,0,1,50,2,2,1,0,0,1,26.0,63.0,utilitaire_camion,voiture,1,2,6,1,3
202400002257,2024-11-29 16:55:00,2024,11,29,16,55,35,35238,LORIENT (DE),48.10533,-1.73429,Crépuscule ou aube,En agglomération,Hors intersection,Normale,Trois véhicules et plus - collisions multiples,2,3,4,3,1,1,1,0,1,50,3,4,3,0,1,0,60.0,25.0,utilitaire_camion,deux_roues,2,2,1,1,5
202400002258,2024-04-29 00:45:00,2024,4,29,0,45,83,83137,A50,43.12535,5.9066,Nuit avec éclairage allumé,Hors agglomération,Hors intersection,Normale,Autre collision,1,3,4,0,1,1,1,0,2,90,1,2,0,0,2,0,20.0,,deux_roues,,5,1,1,1,6
202400002259,2024-04-30 09:41:00,2024,4,30,9,41,33,33550,,44.781369,-0.581327,Plein jour,Hors agglomération,Hors intersection,Normale,Autre collision,1,3,6,0,1,1,1,0,1,90,1,1,0,0,0,1,25.0,,voiture,,1,1,1,1,6
202400002260,2024-11-29 15:15:00,2024,11,29,15,15,35,35238,RN 136,48.12968262,-1.71067536,Plein jour,Hors agglomération,Hors intersection,Normale,Deux véhicules - arrière,2,3,4,0,1,1,1,3,1,90,2,2,0,0,0,2,24.0,27.0,voiture,voiture,1,1,1,1,2
202400002261,2024-09-17 17:35:00,2024,9,17,17,35,22,22113,MENDES FRANCE (BOULEVARD),48.73042119,-3.46910834,Plein jour,En agglomération,Autre intersection,Normale,Deux véhicules - côté,4,3,2,0,2,3,1,0,1,70,2,3,2,0,1,0,67.0,52.0,voiture,deux_roues,1,2,9,1,3
202400002262,2024-04-25 12:45:00,2024,4,25,12,45,33,33013,,44.86884,-0.50454,Plein jour,Hors agglomération,Hors intersection,Normale,Trois véhicules et plus - en chaîne,2,3,6,0,1,1,1,3,1,90,3,3,2,0,0,1,52.0,25.0,voiture,voiture,1,1,1,1,4
202400002263,2024-11-29 12:20:00,2024,11,29,12,20,35,35238,LE HO (JEAN),48.106,-1.72359,Plein jour,En agglomération,Hors intersection,Normale,Deux véhicules - côté,4,2,2,0,1,1,1,0,1,30,2,4,2,0,0,2,34.0,57.0,voiture,utilitaire_camion,1,2,1,1,3
202400002264,2024-09-17 09:50:00,2024,9,17,9,50,19,19031,KENNEDY (AVENUE JOHN),45.16743,1.55049,Plein jour,En agglomération,Intersection en T,Normale,Deux véhicules - côté,4,2,2,0,1,1,1,0,1,50,2,2,1,0,0,1,31.0,72.0,voiture,deux_roues,1,2,3,1,3
202400002264,2024-09-17 09:50:00,2024,9,17,9,50,19,19031,KENNEDY (AVENUE JOHN),45.16743,1.55049,Plein jour,En agglomération,Intersection en T,Normale,Deux véhicules - côté,4,2,2,0,1,1,1,0,1,50,2,2,1,0,0,1,31.0,72.0,voiture,deux_roues,1,2,3,1,3
202400002265,2024-11-29 02:09:00,2024,11,29,2,9,34,34336,MEDITERRANEE (ROND POINT DE LA),43.32092,3.29226,Nuit sans éclairage public,Hors agglomération,Autre intersection,Normale,Sans collision,4,1,2,0,1,3,1,5,8,70,1,1,0,1,0,0,34.0,,voiture,,3,1,9,1,7
202400002266,2024-09-17 07:54:00,2024,9,17,7,54,19,19031,BRUNE (BOULEVARD),45.15297,1.53532,Plein jour,En agglomération,Intersection en X,Normale,Deux véhicules - côté,4,2,2,0,1,1,1,0,1,50,2,2,1,0,0,1,59.0,46.0,utilitaire_camion,deux_roues,1,2,2,1,3
202400002266,2024-09-17 07:54:00,2024,9,17,7,54,19,19031,BRUNE (BOULEVARD),45.15297,1.53532,Plein jour,En agglomération,Intersection en X,Normale,Deux véhicules - côté,4,1,1,0,2,1,1,0,1,50,2,2,1,0,0,1,59.0,46.0,utilitaire_camion,deux_roues,1,2,2,1,3
202400002267,2024-04-26 22:25:00,2024,4,26,22,25,62,62193,A16,50.9355107,1.86643744,Nuit avec éclairage allumé,Hors agglomération,Hors intersection,Pluie légère,Autre collision,1,-1,3,0,1,1,2,0,1,90,2,3,1,0,2,0,24.0,48.0,voiture,utilitaire_camion,5,1,1,2,6
202400002268,2024-11-29 20:00:00,2024,11,29,20,0,33,33039,,44.81063,-0.57389,Nuit avec éclairage allumé,En agglomération,Intersection en T,Normale,Deux véhicules - côté,4,2,2,0,1,1,1,0,1,50,2,3,1,0,0,2,35.0,52.0,voiture,deux_roues,5,2,3,1,3
202400002268,2024-11-29 20:00:00,2024,11,29,20,0,33,33039,,44.81063,-0.57389,Nuit avec éclairage allumé,En agglomération,Intersection en T,Normale,Deux véhicules - côté,4,2,2,0,1,1,1,0,1,50,2,3,1,0,0,2,35.0,52.0,voiture,deux_roues,5,2,3,1,3
202400002269,2024-09-17 17:30:00,2024,9,17,17,30,17,17333,EXPRESS (voie),45.60302,-0.97343,Plein jour,Hors agglomération,Hors intersection,Normale,Sans collision,3,3,2,0,1,1,1,0,1,80,1,1,0,0,0,1,57.0,,voiture,,1,1,1,1,7
202400002270,2024-11-29 13:00:00,2024,11,29,13,0,33,33318,,44.76842,-0.71924,Plein jour,Hors agglomération,Hors intersection,Normale,Autre collision,4,2,3,0,1,1,1,0,1,50,1,2,1,0,1,0,65.0,,voiture,,1,1,1,1,6
202400002271,2024-04-30 17:54:00,2024,4,30,17,54,91,91228,AUTOROUTE A6,48.6315,2.40743,Plein jour,Hors agglomération,Hors intersection,Normale,Trois véhicules et plus - collisions multiples,1,1,3,0,1,1,1,0,1,110,4,4,3,0,0,1,,32.0,voiture,voiture,1,1,1,1,5
202400002272,2024-11-28 18:35:00,2024,11,28,18,35,33,33119,,44.85916,-0.53849,Nuit avec éclairage allumé,En agglomération,Giratoire,Normale,Deux véhicules - côté,4,1,3,0,1,3,1,0,1,50,2,2,1,0,0,1,41.0,30.0,voiture,deux_roues,5,2,6,1,3
202400002273,2024-09-17 19:30:00,2024,9,17,19,30,13,13106,APT (ROUTE D'),43.40156448,5.36431208,Nuit avec éclairage allumé,En agglomération,Hors intersection,Pluie forte,Trois véhicules et plus - collisions multiples,4,2,2,0,1,4,2,0,4,50,1,4,2,0,0,2,18.0,,voiture,,5,2,1,3,5
202400002274,2024-04-30 08:25:00,2024,4,30,8,25,91,91589,AUTOROUTE A6,48.6746,2.3419,Crépuscule ou aube,Hors agglomération,Hors intersection,Pluie légère,Deux véhicules - côté,1,3,3,0,1,1,2,0,1,110,2,2,1,0,0,1,56.0,40.0,deux_roues,voiture,2,1,1,2,3
202400002275,2024-11-29 11:35:00,2024,11,29,11,35,31,31555,BD DE SUISSE,43.61997,1.42392,Plein jour,En agglomération,Hors intersection,Normale,Deux véhicules - côté,4,2,0,1,1,1,1,0,1,50,2,2,1,0,0,1,76.0,65.0,deux_roues,voiture,1,2,1,1,3
202400002276,2024-09-17 17:10:00,2024,9,17,17,10,13,13214,MORETTI (BOULEVARD),43.32478,5.38435,Plein jour,En agglomération,Autre intersection,Normale,Autre collision,4,2,2,0,2,3,1,0,1,50,1,2,1,0,0,1,30.0,,deux_roues,,1,2,9,1,6
202400002277,2024-04-30 18:05:00,2024,4,30,18,5,78,78646,RN12,48.792184,2.094137,Plein jour,Hors agglomération,Hors intersection,Normale,Deux véhicules - côté,2,1,3,0,1,1,1,0,1,110,2,2,1,0,0,1,22.0,31.0,voiture,deux_roues,1,1,1,1,3
202400002278,2024-11-20 17:45:00,2024,11,20,17,45,31,31555,GUESDE (ALL JULES) DU 1AU 3,43.593,1.44444,Nuit avec éclairage allumé,En agglomération,Hors intersection,Pluie légère,Autre collision,4,3,1,0,1,1,2,6,1,50,1,2,1,1,0,0,46.0,,transport_commun,,5,2,1,2,6
202400002279,2024-09-17 15:50:00,2024,9,17,15,50,13,13213,PAUL LANGEVIN (RUE),43.33848,5.43263,Plein jour,En agglomération,Hors intersection,Normale,Deux véhicules - côté,4,1,1,0,1,2,1,0,1,50,2,2,1,0,1,0,54.0,59.0,voiture,deux_roues,1,2,1,1,3
202400002280,2024-04-30 12:00:00,2024,4,30,12,0,95,95018,A15,48.9585871,2.27405291,Plein jour,Hors agglomération,Hors intersection,Normale,Deux véhicules - côté,1,3,10,0,1,1,1,0,1,110,2,2,1,0,0,1,62.0,33.0,deux_roues,utilitaire_camion,1,1,1,1,3
202400002281,2024-11-27 15:40:00,2024,11,27,15,40,31,31555,STRASBOURG (BD DE) DU 2AU 66,43.6063,1.44827,Plein jour,En agglomération,Hors intersection,Normale,Deux véhicules - arrière,4,2,2,3,1,1,1,0,1,50,2,2,1,0,0,1,26.0,32.0,voiture,deux_roues,1,2,1,1,2
202400002282,2024-09-16 20:30:00,2024,9,16,20,30,13,13214,SAINTE MARTHE (chemin),43.33382,5.39024,Nuit avec éclairage allumé,En agglomération,Hors intersection,Normale,Deux véhicules - côté,4,2,2,0,1,1,1,0,1,50,2,5,1,0,1,3,22.0,52.0,voiture,voiture,5,2,1,1,3
202400002283,2024-04-30 07:10:00,2024,4,30,7,10,93,93010,A3,48.91421205,2.47719385,Crépuscule ou aube,Hors agglomération,Hors intersection,Normale,Deux véhicules - arrière,1,3,3,0,1,1,1,0,1,110,2,2,1,0,0,1,51.0,47.0,deux_roues,voiture,2,1,1,1,2
202400002284,2024-11-29 20:54:00,2024,11,29,20,54,29,29232,Avenue de la Liberation,47.98524215,-4.0738666,Nuit avec éclairage allumé,En agglomération,Hors intersection,Normale,Deux véhicules - arrière,3,2,1,0,1,1,1,0,1,15,2,3,1,0,0,2,45.0,53.0,voiture,voiture,5,2,1,1,2
202400002285,2024-09-17 11:25:00,2024,9,17,11,25,13,13213,ALPHONSE DAUDET (RUE),43.31939,5.40861,Plein jour,En agglomération,Hors intersection,Normale,Deux véhicules - côté,4,1,1,0,1,1,1,0,1,50,1,2,1,1,0,0,27.0,,deux_roues,,1,2,1,1,3
202400002286,2024-04-30 19:30:00,2024,4,30,19,30,77,77372,A104,48.894163,2.665511,Plein jour,Hors agglomération,Hors intersection,Normale,Deux véhicules - côté,1,3,2,0,1,2,1,0,1,90,2,2,1,0,0,1,40.0,28.0,deux_roues,voiture,1,1,1,1,3
202400002287,2024-11-29 20:33:00,2024,11,29,20,33,25,25539,BERNE (RUE DE),47.45431,6.87536,Nuit avec éclairage allumé,En agglomération,Hors intersection,Normale,Deux véhicules - frontale,3,2,2,0,1,3,2,0,1,50,2,2,0,0,0,2,48.0,20.0,voiture,voiture,5,2,1,1,1
202400002288,2024-09-17 08:45:00,2024,9,17,8,45,13,13209,CHE DE LA COLLINE SAINT JOSEPH,43.25613,5.41156,Plein jour,En agglomération,Hors intersection,Temps éblouissant,Deux véhicules - frontale,4,2,2,0,1,3,1,9,1,50,1,2,1,0,1,0,19.0,,voiture,,1,2,1,7,1
202400002289,2024-04-30 15:25:00,2024,4,30,15,25,94,94073,A86,48.75384198,2.38000556,Plein jour,Hors agglomération,Hors intersection,Normale,Deux véhicules - arrière,1,3,2,0,1,3,1,0,1,90,2,2,1,0,1,0,44.0,44.0,voiture,deux_roues,1,1,1,1,2
202400002290,2024-09-16 15:55:00,2024,9,16,15,55,13,13209,REDON (BOULEVARD DU),43.25101747,5.42207036,Plein jour,En agglomération,Hors intersection,Normale,Deux véhicules - côté,4,2,2,0,2,1,1,0,1,50,1,2,1,0,0,1,29.0,,utilitaire_camion,,1,2,1,1,3
202400002291,2024-11-21 13:20:00,2024,11,21,13,20,22,22113,PLACENN AR GUER (CHEMIN DE),48.748,-3.4589,Plein jour,En agglomération,Intersection en X,Pluie forte,Deux véhicules - frontale,4,2,2,0,4,1,2,0,1,50,2,2,1,0,1,0,54.0,62.0,voiture,voiture,1,2,2,3,1
202400002291,2024-11-21 13:20:00,2024,11,21,13,20,22,22113,PLACENN AR GUER (CHEMIN DE),48.748,-3.4589,Plein jour,En agglomération,Intersection en X,Pluie forte,Deux véhicules - frontale,4,2,2,0,1,2,2,0,1,50,2,2,1,0,1,0,54.0,62.0,voiture,voiture,1,2,2,3,1
202400002292,2024-04-30 02:45:00,2024,4,30,2,45,94,94046,A86,48.81309216,2.44867926,Nuit sans éclairage public,Hors agglomération,Hors intersection,Normale,Autre collision,1,3,3,0,2,2,1,2,1,70,1,2,1,0,0,1,,,voiture,,3,1,1,1,6
202400002293,2024-09-16 08:41:00,2024,9,16,8,41,13,13207,PAUL CODACCIONI (RUE),43.28795,5.3606,Plein jour,En agglomération,Intersection en X,Normale,Deux véhicules - côté,4,1,1,0,1,1,1,0,1,50,2,2,0,0,0,2,46.0,19.0,deux_roues,deux_roues,1,2,2,1,3
202400002293,2024-09-16 08:41:00,2024,9,16,8,41,13,13207,PAUL CODACCIONI (RUE),43.28795,5.3606,Plein jour,En agglomération,Intersection en X,Normale,Deux véhicules - côté,4,1,1,0,1,1,1,0,1,50,2,2,0,0,0,2,46.0,19.0,deux_roues,deux_roues,1,2,2,1,3
202400002294,2024-11-29 11:25:00,2024,11,29,11,25,17,17415,LORMONT RUE DE,45.74679,-0.61476,Plein jour,En agglomération,Intersection en X,Normale,Deux véhicules - frontale,4,2,2,0,1,1,1,0,1,50,2,2,1,0,0,1,70.0,56.0,utilitaire_camion,utilitaire_camion,1,2,2,1,1
202400002294,2024-11-29 11:25:00,2024,11,29,11,25,17,17415,LORMONT RUE DE,45.74679,-0.61476,Plein jour,En agglomération,Intersection en X,Normale,Deux véhicules - frontale,4,2,2,-1,1,1,1,5,1,50,2,2,1,0,0,1,70.0,56.0,utilitaire_camion,utilitaire_camion,1,2,2,1,1
202400002295,2024-09-16 21:30:00,2024,9,16,21,30,10,10387,Boulevard Danton,48.30179,4.07528,Nuit avec éclairage allumé,En agglomération,Hors intersection,Normale,Sans collision,4,1,1,0,1,2,1,0,1,50,1,1,0,0,0,1,45.0,,deux_roues,,5,2,1,1,7
202400002296,2024-04-29 18:00:00,2024,4,29,18,0,77,77121,A4,48.83126,2.682357,Plein jour,Hors agglomération,Hors intersection,Normale,Deux véhicules - arrière,1,3,3,0,1,1,1,0,1,110,2,2,1,0,0,1,36.0,29.0,voiture,deux_roues,1,1,1,1,2
202400002297,2024-11-29 10:15:00,2024,11,29,10,15,17,17415,PORT D'ENVAUX ROUTE DE,45.76474,-0.64145,Plein jour,En agglomération,Hors intersection,Normale,Deux véhicules - arrière,3,2,2,0,1,1,1,0,1,50,2,2,1,0,0,1,36.0,81.0,utilitaire_camion,voiture,1,2,1,1,2
202400002298,2024-09-17 19:10:00,2024,9,17,19,10,07,07281,REPUBLIQUE (RUE DE LA),44.9459,4.84369,Plein jour,En agglomération,Hors intersection,Normale,Autre collision,4,1,1,0,1,2,1,0,1,50,1,1,0,0,0,1,16.0,,deux_roues,,1,2,1,1,6
202400002299,2024-02-27 21:00:00,2024,2,27,21,0,95,95218,ROGER SALENGRO (AVENUE),49.017676,2.112053,Nuit avec éclairage allumé,En agglomération,Hors intersection,Normale,Autre collision,4,2,1,0,1,1,1,0,1,50,1,2,1,0,1,0,21.0,,utilitaire_camion,,5,2,1,1,6
202400002300,2024-11-29 08:58:00,2024,11,29,8,58,17,17306,EXPRESS (VOIE),45.63099,-1.00694,Plein jour,Hors agglomération,Hors intersection,Temps éblouissant,Deux véhicules - arrière,3,2,2,0,3,1,1,0,1,80,2,2,0,0,0,2,52.0,53.0,voiture,utilitaire_camion,1,1,1,7,2
202400002301,2024-09-17 10:28:00,2024,9,17,10,28,01,01344,TREVOUX (AVENUE DE),46.20164,5.20737,Plein jour,En agglomération,Hors intersection,Normale,Deux véhicules - arrière,4,2,2,0,1,1,1,0,1,50,2,2,1,0,0,1,64.0,50.0,utilitaire_camion,voiture,1,2,1,1,2
202400002302,2024-11-29 06:31:00,2024,11,29,6,31,17,17300,ORBIGNY   RUE ALCIDE D',46.16424,-1.14891,Nuit avec éclairage allumé,En agglomération,Intersection en X,Normale,Deux véhicules - côté,4,1,1,0,1,1,1,0,1,30,2,2,1,0,0,1,57.0,28.0,utilitaire_camion,deux_roues,5,2,2,1,3
202400002302,2024-11-29 06:31:00,2024,11,29,6,31,17,17300,ORBIGNY   RUE ALCIDE D',46.16424,-1.14891,Nuit avec éclairage allumé,En agglomération,Intersection en X,Normale,Deux véhicules - côté,4,2,2,0,1,1,1,0,1,30,2,2,1,0,0,1,57.0,28.0,utilitaire_camion,deux_roues,5,2,2,1,3
202400002303,2024-09-17 17:30:00,2024,9,17,17,30,75,75117,ECHANGEUR MAILLOT,48.88016671,2.28125632,Plein jour,En agglomération,Hors intersection,Normale,Deux véhicules - arrière,4,1,1,0,1,3,1,0,1,50,2,2,1,0,0,1,24.0,30.0,deux_roues,voiture,1,2,1,1,2
202400002304,2024-11-29 12:20:00,2024,11,29,12,20,14,14366,37 Avenue du 6 Juin,49.14356,0.2195,Plein jour,En agglomération,Hors intersection,Normale,Deux véhicules - côté,4,1,2,1,2,3,1,0,5,50,2,2,1,0,0,1,37.0,25.0,deux_roues,voiture,1,2,1,1,3
202400002305,2024-09-17 13:13:00,2024,9,17,13,13,75,75117,BOULEVARD DES BATIGNOLLES,48.883035,2.324023,Plein jour,En agglomération,Intersection en X,Normale,Autre collision,4,1,2,3,1,1,1,0,4,30,1,2,0,1,0,1,22.0,,voiture,,1,2,2,1,6
202400002305,2024-09-17 13:13:00,2024,9,17,13,13,75,75117,BOULEVARD DES BATIGNOLLES,48.883035,2.324023,Plein jour,En agglomération,Intersection en X,Normale,Autre collision,4,1, -1,-1,1,1,1,0,4,30,1,2,0,1,0,1,22.0,,voiture,,1,2,2,1,6
202400002306,2024-11-29 09:10:00,2024,11,29,9,10,14,14167,32 Rue Jean Monnet,49.19135,-0.29564,Plein jour,Hors agglomération,Intersection en X,Temps éblouissant,Deux véhicules - côté,4,2,0,0,1,2,1,0,1,50,2,2,1,0,1,0,36.0,41.0,utilitaire_camion,deux_roues,1,1,2,7,3
202400002306,2024-11-29 09:10:00,2024,11,29,9,10,14,14167,32 Rue Jean Monnet,49.19135,-0.29564,Plein jour,Hors agglomération,Intersection en X,Temps éblouissant,Deux véhicules - côté,4,2,2,0,1,1,1,0,1,50,2,2,1,0,1,0,36.0,41.0,utilitaire_camion,deux_roues,1,1,2,7,3
202400002307,2024-04-29 10:00:00,2024,4,29,10,0,987,98736,CHARLES DE GAULLE (AV),-17.52682,-149.54505,Plein jour,Hors agglomération,Hors intersection,Normale,Trois véhicules et plus - en chaîne,2,2,2,0,1,1,1,0,1,50,3,3,2,0,0,1,34.0,76.0,utilitaire_camion,utilitaire_camion,1,1,1,1,4
202400002308,2024-09-17 09:20:00,2024,9,17,9,20,75,75106,BOULEVARD SAINT MICHEL,48.852748,2.343847,Plein jour,En agglomération,Intersection en T,Normale,Autre collision,4,2,4,1,2,1,1,0,1,30,1,2,1,0,0,1,36.0,,transport_commun,,1,2,3,1,6
202400002308,2024-09-17 09:20:00,2024,9,17,9,20,75,75106,BOULEVARD SAINT MICHEL,48.852748,2.343847,Plein jour,En agglomération,Intersection en T,Normale,Autre collision,4,2, -1,-1,1,1,1,0,1,-1,1,2,1,0,0,1,36.0,,transport_commun,,1,2,3,1,6
202400002309,2024-11-29 17:25:00,2024,11,29,17,25,10,10333,LOMBARDS (AVENUE),48.2785,4.0666,Nuit avec éclairage allumé,En agglomération,Giratoire,Normale,Deux véhicules - côté,4,2,2,1,1,1,1,9,1,50,2,2,1,0,0,1,55.0,69.0,voiture,voiture,5,2,6,1,3
202400002309,2024-11-29 17:25:00,2024,11,29,17,25,10,10333,LOMBARDS (AVENUE),48.2785,4.0666,Nuit avec éclairage allumé,En agglomération,Giratoire,Normale,Deux véhicules - côté,4,2,0,0,1,3,1,9,1,50,2,2,1,0,0,1,55.0,69.0,voiture,voiture,5,2,6,1,3
202400002310,2024-04-28 01:39:00,2024,4,28,1,39,987,98736,ARIIPAEA POMARE (AV),-17.53385,-149.5473,Nuit avec éclairage allumé,En agglomération,Hors intersection,Normale,Deux véhicules - côté,4,3,4,0,1,1,1,0,1,50,2,7,5,0,0,2,22.0,22.0,voiture,voiture,5,2,1,1,3
202400002311,2024-09-17 01:20:00,2024,9,17,1,20,75,75119,RUE MANIN,48.883046,2.385452,Nuit avec éclairage allumé,En agglomération,Intersection en X,Normale,Deux véhicules - côté,4,1, -1,-1,1,1,1,0,1,30,2,2,1,0,1,0,34.0,24.0,deux_roues,voiture,5,2,2,1,3
202400002311,2024-09-17 01:20:00,2024,9,17,1,20,75,75119,RUE MANIN,48.883046,2.385452,Nuit avec éclairage allumé,En agglomération,Intersection en X,Normale,Deux véhicules - côté,4,2,2,0,1,1,1,0,1,30,2,2,1,0,1,0,34.0,24.0,deux_roues,voiture,5,2,2,1,3
202400002312,2024-11-29 14:00:00,2024,11,29,14,0,10,10387,Rue de Preize,48.3141,4.0613,Plein jour,En agglomération,Intersection en X,Normale,Deux véhicules - frontale,4,2,2,0,1,1,1,0,8,50,2,3,1,0,1,1,50.0,19.0,deux_roues,voiture,1,2,2,1,1
202400002312,2024-11-29 14:00:00,2024,11,29,14,0,10,10387,Rue de Preize,48.3141,4.0613,Plein jour,En agglomération,Intersection en X,Normale,Deux véhicules - frontale,4,2,0,0,1,1,1,5,8,50,2,3,1,0,1,1,50.0,19.0,deux_roues,voiture,1,2,2,1,1
202400002313,2024-09-17 21:00:00,2024,9,17,21,0,75,75117,BOULEVARD DE COURCELLES,48.881155,2.314615,Nuit sans éclairage public,En agglomération,Hors intersection,Normale,Deux véhicules - frontale,4,1,1,1,2,1,1,0,5,30,2,2,0,0,0,2,34.0,37.0,deux_roues,deux_roues,3,2,1,1,1
202400002314,2024-04-29 16:55:00,2024,4,29,16,55,974,97416,LEBLOND 1 (RUE MARIUS ET ARY),-21.3359,55.46901,Plein jour,En agglomération,Hors intersection,Normale,Deux véhicules - côté,4,2,2,0,1,1,1,0,1,30,2,2,1,0,0,1,43.0,47.0,deux_roues,voiture,1,2,1,1,3
202400002315,2024-11-28 16:40:00,2024,11,28,16,40,10,10357,ROCADE EST (RD 610),48.27902,4.12359,Plein jour,En agglomération,Hors intersection,Normale,Trois véhicules et plus - en chaîne,3,2,1,0,1,1,1,0,1,90,3,4,3,0,0,1,40.0,42.0,voiture,voiture,1,2,1,1,4
202400002316,2024-09-16 12:30:00,2024,9,16,12,30,75,75117,BOULEVARD BERTHIER,48.887913,2.299768,Plein jour,En agglomération,Intersection en X,Normale,Autre collision,4,3,3,1,1,1,1,0,1,50,1,2,1,0,0,1,63.0,,deux_roues,,1,2,2,1,6
202400002316,2024-09-16 12:30:00,2024,9,16,12,30,75,75117,BOULEVARD BERTHIER,48.887913,2.299768,Plein jour,En agglomération,Intersection en X,Normale,Autre collision,4,1, -1,-1,1,1,1,0,1,-1,1,2,1,0,0,1,63.0,,deux_roues,,1,2,2,1,6
202400002317,2024-04-29 07:30:00,2024,4,29,7,30,974,97411,MACE (ROUTE GABRIEL),-20.9083004,55.50335276,Plein jour,En agglomération,Hors intersection,Normale,Deux véhicules - arrière,3,2,0,0,1,1,1,0,8,30,2,2,1,0,0,1,35.0,32.0,deux_roues,voiture,1,2,1,1,2
202400002318,2024-11-28 14:30:00,2024,11,28,14,30,10,10387,Boulevard Gambetta,48.29875,4.07051,Plein jour,En agglomération,Intersection en X,Normale,Autre collision,4,2,2,0,1,1,1,0,4,50,1,1,0,0,0,1,20.0,,utilitaire_camion,,1,2,2,1,6
202400002318,2024-11-28 14:30:00,2024,11,28,14,30,10,10387,Boulevard Gambetta,48.29875,4.07051,Plein jour,En agglomération,Intersection en X,Normale,Autre collision,4,2,2,0,1,1,1,0,4,50,1,1,0,0,0,1,20.0,,utilitaire_camion,,1,2,2,1,6
202400002319,2024-09-17 17:45:00,2024,9,17,17,45,75,75116,AVENUE DE VERSAILLES,48.840713,2.265009,Plein jour,En agglomération,Intersection en X,Normale,Autre collision,4,1,2,0,1,1,1,0,1,30,1,2,1,0,0,1,43.0,,utilitaire_camion,,1,2,2,1,6
202400002319,2024-09-17 17:45:00,2024,9,17,17,45,75,75116,AVENUE DE VERSAILLES,48.840713,2.265009,Plein jour,En agglomération,Intersection en X,Normale,Autre collision,4,2, -1,-1,1,1,1,0,1,30,1,2,1,0,0,1,43.0,,utilitaire_camion,,1,2,2,1,6
202400002320,2024-04-27 05:15:00,2024,4,27,5,15,973,97302,MADELEINE (ROUTE DE LA),4.91713,-52.32148,Nuit sans éclairage public,En agglomération,Autre intersection,Normale,Sans collision,3,2,2,0,1,1,1,9,1,50,1,1,0,0,0,1,34.0,,deux_roues,,3,2,9,1,7
202400002321,2024-11-29 04:45:00,2024,11,29,4,45,08,08480,,49.7427,4.73939,Nuit avec éclairage allumé,En agglomération,Autre intersection,Brouillard / fumée,Autre collision,3,2,2,0,4,1,2,9,1,50,2,2,1,0,1,0,17.0,43.0,deux_roues,voiture,5,2,9,5,6
202400002322,2024-09-16 19:20:00,2024,9,16,19,20,75,75114,RUE RAYMOND LOSSERAND,48.832123,2.314723,Plein jour,En agglomération,Hors intersection,Normale,Deux véhicules - arrière,4,1,1,0,1,1,1,0,1,30,2,2,1,0,0,1,23.0,28.0,deux_roues,deux_roues,1,2,1,1,2