accident_id,datetime,annee,mois,jour,heure,minute,departement,commune_insee,adresse,latitude,longitude,luminosite,agglomeration,intersection,meteo,collision,catr,circ,nbv,vosp,prof,plan,surf,infra,situ,vma,nb_vehicules,nb_usagers,nb_indemnes,nb_tues,nb_blesses_hosp,nb_blesses_legers,age_cond_1,age_cond_2,veh_type_cond_1,veh_type_cond_2,lum_code,agg_code,int_code,atm_code,col_code
202400002451,2024-11-29 13:05:00,2024,11,29,13,5,11,11203,,43.238778,2.759821,Plein jour,Hors agglomération,Hors intersection,Normale,Deux véhicules - côté,3,2,2,0,1,1,1,0,1,80,2,3,2,0,1,0,23.0,35.0,voiture,deux_roues,1,1,1,1,3
202400002452,2024-08-11 22:30:00,2024,8,11,22,30,80,80443,Rue de Selincourt,49.867575,1.905205,Nuit sans éclairage public,Hors agglomération,Intersection en X,Normale,Deux véhicules - côté,4,2,2,0,1,1,1,0,1,80,2,3,2,0,1,0,50.0,23.0,voiture,voiture,3,1,2,1,3
202400002452,2024-08-11 22:30:00,2024,8,11,22,30,80,80443,Rue de Selincourt,49.867575,1.905205,Nuit sans éclairage public,Hors agglomération,Intersection en X,Normale,Deux véhicules - côté,4,2,2,0,1,1,1,0,1,80,2,3,2,0,1,0,50.0,23.0,voiture,voiture,3,1,2,1,3
202400002453,2024-04-29 15:50:00,2024,4,29,15,50,13,13001,RD 543,43.51454,5.35104,Plein jour,Hors agglomération,Intersection en T,Normale,Deux véhicules - frontale,3,2,2,0,1,1,1,0,1,70,2,3,2,0,0,1,27.0,72.0,utilitaire_camion,voiture,1,1,3,1,1
202400002453,2024-04-29 15:50:00,2024,4,29,15,50,13,13001,RD 543,43.51454,5.35104,Plein jour,Hors agglomération,Intersection en T,Normale,Deux véhicules - frontale,3,2,2,0,1,1,1,0,1,70,2,3,2,0,0,1,27.0,72.0,utilitaire_camion,voiture,1,1,3,1,1
202400002454,2024-11-24 19:15:00,2024,11,24,19,15,86,86117,D118,46.472796,0.896978,Nuit sans éclairage public,Hors agglomération,Hors intersection,Normale,Deux véhicules - frontale,3,2,2,0,1,1,1,0,1,90,2,2,1,0,1,0,81.0,49.0,voiture,utilitaire_camion,3,1,1,1,1
202400002455,2024-08-12 20:24:00,2024,8,12,20,24,32,32012,rue de la gare,43.651506,0.788425,Plein jour,Hors agglomération,Passage à niveau,Normale,Deux véhicules - côté,9,2,2,0,1,1,1,4,1,50,2,2,1,0,1,0,44.0,36.0,transport_commun,deux_roues,1,1,8,1,3
202400002456,2024-04-28 07:00:00,2024,4,28,7,0,10,10362,Rue Paul Doumer,48.2907,4.0547,Crépuscule ou aube,En agglomération,Hors intersection,Normale,Autre collision,4,1,1,0,1,2,1,0,4,50,1,2,0,0,0,2,28.0,,voiture,,2,2,1,1,6
202400002457,2024-04-27 14:20:00,2024,4,27,14,20,07,07281,NARVIK (RUE DE),44.949,4.84601,Plein jour,En agglomération,Hors intersection,Normale,Autre collision,4,2,2,0,1,1,1,0,1,50,1,2,1,0,0,1,55.0,,voiture,,1,2,1,1,6
202400002458,2024-08-13 10:50:00,2024,8,13,10,50,89,89380,D103,48.075484,3.092571,Plein jour,En agglomération,Intersection en T,Normale,Sans collision,3,2,2,0,2,1,1,0,1,30,1,1,0,1,0,0,80.0,,deux_roues,,1,2,3,1,7
202400002458,2024-08-13 10:50:00,2024,8,13,10,50,89,89380,D103,48.075484,3.092571,Plein jour,En agglomération,Intersection en T,Normale,Sans collision,3,2,2,-1,1,1,1,0,1,-1,1,1,0,1,0,0,80.0,,deux_roues,,1,2,3,1,7
202400002459,2024-11-30 18:50:00,2024,11,30,18,50,83,83049,D97,43.253392,6.10033,Nuit sans éclairage public,Hors agglomération,Hors intersection,Normale,Trois véhicules et plus - collisions multiples,3,2,2,0,1,1,1,0,1,70,3,5,1,0,0,4,49.0,18.0,voiture,voiture,3,1,1,1,5
202400002460,2024-08-13 11:30:00,2024,8,13,11,30,63,63430,Avenue Pierre Guérin,45.858471,3.551824,Plein jour,En agglomération,Hors intersection,Normale,Sans collision,4,2,2,0,2,2,1,0,4,50,2,2,1,0,1,0,53.0,45.0,transport_commun,deux_roues,1,2,1,1,7
202400002461,2024-11-30 15:05:00,2024,11,30,15,5,974,97413,chemin hubert delisle,-21.177865,55.327789,Plein jour,Hors agglomération,Hors intersection,Pluie légère,Autre collision,3,2,2,0,1,3,2,0,3,80,1,1,0,0,1,0,34.0,,deux_roues,,1,1,1,2,6
202400002462,2024-04-27 21:20:00,2024,4,27,21,20,75,75118,BD PERIPHERIQUE EXTERIEUR,48.901118,2.354841,Nuit avec éclairage allumé,En agglomération,Hors intersection,Pluie forte,Deux véhicules - arrière,4,1,4,0,1,1,2,0,1,70,2,3,1,0,0,2,26.0,24.0,voiture,voiture,5,2,1,3,2
202400002463,2024-11-29 18:50:00,2024,11,29,18,50,12,12122,Autoroute A 75 PK 230.365,44.028529,3.09646,Nuit sans éclairage public,Hors agglomération,Hors intersection,Normale,Autre collision,1,3,4,0,1,2,1,0,3,130,1,1,0,0,0,1,74.0,,voiture,,3,1,1,1,6
202400002464,2024-04-29 17:20:00,2024,4,29,17,20,75,75105,BOULEVARD SAINT MARCEL,48.850415,2.347345,Plein jour,En agglomération,Intersection en T,Normale,Deux véhicules - côté,4,2, -1,0,1,1,1,0,1,30,2,2,1,0,0,1,48.0,42.0,voiture,deux_roues,1,2,3,1,3
202400002464,2024-04-29 17:20:00,2024,4,29,17,20,75,75105,BOULEVARD SAINT MARCEL,48.850415,2.347345,Plein jour,En agglomération,Intersection en T,Normale,Deux véhicules - côté,4,2, -1,-1,1,1,1,0,1,30,2,2,1,0,0,1,48.0,42.0,voiture,deux_roues,1,2,3,1,3
202400002465,2024-11-29 19:30:00,2024,11,29,19,30,62,62344,D69,50.525814,2.349744,Nuit avec éclairage allumé,En agglomération,Hors intersection,Normale,Autre collision,3,2,2,0,1,2,1,0,1,50,1,2,1,0,1,0,,,autre,,5,2,1,1,6
202400002466,2024-08-13 17:30:00,2024,8,13,17,30,63,63047,RD 996,45.59121032,2.72618957,Plein jour,Hors agglomération,Hors intersection,Normale,Autre collision,3,2,2,0,1,2,1,0,1,90,1,9,7,0,0,2,28.0,,voiture,,1,1,1,1,6
202400002467,2024-11-21 13:55:00,2024,11,21,13,55,62,62683,D101,50.30737485,2.1291647,Plein jour,En agglomération,Hors intersection,Temps couvert,Sans collision,3,2,2,0,1,1,6,0,1,80,1,2,1,0,1,0,16.0,,deux_roues,,1,2,1,8,7
202400002468,2024-04-29 13:40:00,2024,4,29,13,40,75,75117,AVENUE DES TERNES,48.878254,2.295664,Plein jour,En agglomération,Intersection en T,Normale,Deux véhicules - côté,4,2,4,0,1,1,1,0,1,30,2,2,1,0,0,1,38.0,44.0,voiture,deux_roues,1,2,3,1,3
202400002468,2024-04-29 13:40:00,2024,4,29,13,40,75,75117,AVENUE DES TERNES,48.878254,2.295664,Plein jour,En agglomération,Intersection en T,Normale,Deux véhicules - côté,4,2, -1,-1,1,1,1,0,1,30,2,2,1,0,0,1,38.0,44.0,voiture,deux_roues,1,2,3,1,3
202400002469,2024-08-12 14:20:00,2024,8,12,14,20,49,49053,La Maison Blanche,47.171788,-0.222108,Plein jour,Hors agglomération,Hors intersection,Normale,Deux véhicules - côté,3,2,2,0,1,1,1,0,1,90,2,4,2,0,2,0,23.0,24.0,voiture,voiture,1,1,1,1,3
202400002470,2024-11-30 01:40:00,2024,11,30,1,40,56,56248,Motten Graetal,47.594813,-2.622324,Nuit sans éclairage public,Hors agglomération,Hors intersection,Brouillard / fumée,Deux véhicules - arrière,3,2,2,0,1,1,2,0,1,80,2,2,1,1,0,0,27.0,21.0,voiture,deux_roues,3,1,1,5,2
202400002471,2024-04-29 12:52:00,2024,4,29,12,52,75,75115,RUE DE LA CROIX NIVERT,48.846632,2.299624,Plein jour,En agglomération,Intersection en T,Normale,Deux véhicules - arrière,4,1, -1,-1,1,1,1,0,1,30,2,3,1,0,0,2,24.0,43.0,utilitaire_camion,voiture,1,2,3,1,2
202400002471,2024-04-29 12:52:00,2024,4,29,12,52,75,75115,RUE DE LA CROIX NIVERT,48.846632,2.299624,Plein jour,En agglomération,Intersection en T,Normale,Deux véhicules - arrière,4,2,2,0,1,1,1,0,1,30,2,3,1,0,0,2,24.0,43.0,utilitaire_camion,voiture,1,2,3,1,2
202400002472,2024-08-12 15:45:00,2024,8,12,15,45,12,12195,D999,43.873334,2.765744,Plein jour,Hors agglomération,Hors intersection,Normale,Autre collision,3,2,2,0,1,1,1,0,3,90,1,3,2,0,1,0,74.0,,voiture,,1,1,1,1,6
202400002473,2024-08-12 17:10:00,2024,8,12,17,10,12,12026,Chemin des Bourines,44.419498,2.816319,Plein jour,Hors agglomération,Hors intersection,Normale,Sans collision,3,2,2,0,1,3,1,0,3,90,1,3,0,0,1,2,62.0,,voiture,,1,1,1,1,7
202400002474,2024-08-12 16:25:00,2024,8,12,16,25,22,22055,Rue Pasteur Etables,48.629721,-2.834497,Plein jour,En agglomération,Intersection en T,Normale,Sans collision,3,2,2,2,2,1,1,0,1,30,1,1,0,0,0,1,69.0,,deux_roues,,1,2,3,1,7
202400002474,2024-08-12 16:25:00,2024,8,12,16,25,22,22055,Rue Pasteur Etables,48.629721,-2.834497,Plein jour,En agglomération,Intersection en T,Normale,Sans collision,3,2,2,2,1,1,1,0,1,30,1,1,0,0,0,1,69.0,,deux_roues,,1,2,3,1,7
202400002475,2024-11-29 09:00:00,2024,11,29,9,0,59,59262,D139,50.798151,2.650087,Plein jour,En agglomération,Hors intersection,Autre,Sans collision,3,2,2,0,1,3,7,0,1,80,1,1,0,0,0,1,46.0,,voiture,,1,2,1,9,7
202400002476,2024-08-13 13:42:00,2024,8,13,13,42,25,25050,D242,47.113773,6.618876,Plein jour,Hors agglomération,Hors intersection,Normale,Trois véhicules et plus - collisions multiples,3,2,2,0,2,1,1,0,1,90,3,7,2,0,5,0,68.0,29.0,voiture,voiture,1,1,1,1,5
202400002477,2024-11-29 05:00:00,2024,11,29,5,0,67,67435,Route de Fénétrange,48.900526,7.074978,Nuit sans éclairage public,Hors agglomération,Intersection en X,Autre,Deux véhicules - côté,3,2,2,0,1,1,1,0,1,80,2,2,1,0,1,0,62.0,73.0,utilitaire_camion,utilitaire_camion,3,1,2,9,3
202400002477,2024-11-29 05:00:00,2024,11,29,5,0,67,67435,Route de Fénétrange,48.900526,7.074978,Nuit sans éclairage public,Hors agglomération,Intersection en X,Autre,Deux véhicules - côté,3,2, -1,-1,1,1,1,0,1,-1,2,2,1,0,1,0,62.0,73.0,utilitaire_camion,utilitaire_camion,3,1,2,9,3
202400002478,2024-04-29 18:15:00,2024,4,29,18,15,75,75111,BOULEVARD DE BELLEVILLE,48.867176,2.382791,Plein jour,En agglomération,Intersection en X,Normale,Deux véhicules - arrière,4,1,1,0,1,1,1,0,1,30,2,2,1,0,0,1,34.0,69.0,voiture,voiture,1,2,2,1,2
202400002478,2024-04-29 18:15:00,2024,4,29,18,15,75,75111,BOULEVARD DE BELLEVILLE,48.867176,2.382791,Plein jour,En agglomération,Intersection en X,Normale,Deux véhicules - arrière,4,1,2,0,2,1,1,0,1,30,2,2,1,0,0,1,34.0,69.0,voiture,voiture,1,2,2,1,2
202400002479,2024-08-01 09:25:00,2024,8,1,9,25,25,25315,rue du magny,47.448281,6.583455,Plein jour,En agglomération,Giratoire,Temps éblouissant,Deux véhicules - côté,3,2,2,0,1,2,1,5,1,50,2,2,1,0,0,1,77.0,47.0,deux_roues,voiture,1,2,6,7,3
202400002479,2024-08-01 09:25:00,2024,8,1,9,25,25,25315,rue du magny,47.448281,6.583455,Plein jour,En agglomération,Giratoire,Temps éblouissant,Deux véhicules - côté,3,2,2,2,1,3,1,5,1,30,2,2,1,0,0,1,77.0,47.0,deux_roues,voiture,1,2,6,7,3
202400002480,2024-11-29 14:30:00,2024,11,29,14,30,76,76463,D1a,49.413158,1.711421,Plein jour,Hors agglomération,Hors intersection,Normale,Deux véhicules - frontale,3,2,2,0,2,1,1,0,1,80,2,2,0,1,1,0,64.0,47.0,voiture,utilitaire_camion,1,1,1,1,1
202400002481,2024-04-29 09:35:00,2024,4,29,9,35,75,75111,RUE DE LA ROQUETTE,48.859825,2.388746,Plein jour,En agglomération,Intersection en T,Normale,Sans collision,4,-1, -1,-1,1,1,1,0,1,30,1,1,0,0,1,0,25.0,,deux_roues,,1,2,3,1,7
202400002481,2024-04-29 09:35:00,2024,4,29,9,35,75,75111,RUE DE LA ROQUETTE,48.859825,2.388746,Plein jour,En agglomération,Intersection en T,Normale,Sans collision,4,2,3,0,2,1,1,0,1,30,1,1,0,0,1,0,25.0,,deux_roues,,1,2,3,1,7
202400002482,2024-08-13 10:15:00,2024,8,13,10,15,44,44019,Route de Cordemais,47.306983,-1.900431,Plein jour,Hors agglomération,Hors intersection,Normale,Deux véhicules - arrière,3,2,2,0,1,1,1,0,1,80,2,2,1,0,0,1,68.0,,deux_roues,voiture,1,1,1,1,2
202400002483,2024-11-29 20:00:00,2024,11,29,20,0,82,82171,D14,44.015715,1.174926,Nuit sans éclairage public,Hors agglomération,Intersection en T,Brouillard / fumée,Sans collision,3,2,2,0,1,1,1,0,8,80,1,4,2,1,0,1,67.0,,voiture,,3,1,3,5,7
202400002483,2024-11-29 20:00:00,2024,11,29,20,0,82,82171,D14,44.015715,1.174926,Nuit sans éclairage public,Hors agglomération,Intersection en T,Brouillard / fumée,Sans collision,3,2,2,0,1,1,1,0,8,50,1,4,2,1,0,1,67.0,,voiture,,3,1,3,5,7
202400002484,2024-04-29 01:15:00,2024,4,29,1,15,75,75108,AVENUE DE FRIEDLAND,48.874353,2.301023,Nuit sans éclairage public,En agglomération,Intersection en T,Normale,Deux véhicules - côté,4,2,1,0,1,1,1,5,1,30,2,2,1,0,0,1,40.0,50.0,voiture,voiture,3,2,3,1,3
202400002484,2024-04-29 01:15:00,2024,4,29,1,15,75,75108,AVENUE DE FRIEDLAND,48.874353,2.301023,Nuit sans éclairage public,En agglomération,Intersection en T,Normale,Deux véhicules - côté,4,1, -1,-1,1,1,1,0,1,30,2,2,1,0,0,1,40.0,50.0,voiture,voiture,3,2,3,1,3
202400002485,2024-08-12 09:30:00,2024,8,12,9,30,44,44101,7 Rue de Verdun,47.186887,-1.67821,Plein jour,En agglomération,Hors intersection,Normale,Autre collision,4,2,2,0,1,1,1,0,8,30,1,1,0,0,1,0,73.0,,voiture,,1,2,1,1,6
202400002486,2024-04-28 20:50:00,2024,4,28,20,50,75,75113,BOULEVARD DE PORT ROYAL,48.838261,2.342061,Nuit avec éclairage allumé,En agglomération,Intersection en T,Normale,Autre collision,4,2,2,0,1,1,1,0,1,30,1,2,0,0,1,1,27.0,,deux_roues,,5,2,3,1,6
202400002486,2024-04-28 20:50:00,2024,4,28,20,50,75,75113,BOULEVARD DE PORT ROYAL,48.838261,2.342061,Nuit avec éclairage allumé,En agglomération,Intersection en T,Normale,Autre collision,4,1, -1,-1,1,1,1,0,1,30,1,2,0,0,1,1,27.0,,deux_roues,,5,2,3,1,6
202400002487,2024-11-29 17:30:00,2024,11,29,17,30,61,61150,D932,48.727552,0.410259,Crépuscule ou aube,Hors agglomération,Hors intersection,Normale,Deux véhicules - frontale,3,2,2,0,2,1,1,0,1,90,2,3,0,1,0,2,69.0,34.0,voiture,voiture,2,1,1,1,1
202400002488,2024-06-21 21:20:00,2024,6,21,21,20,29,29158,Rue de Perinaguen,47.81604,-4.320494,Nuit sans éclairage public,Hors agglomération,Hors intersection,Pluie forte,Deux véhicules - arrière,4,2,1,0,1,2,2,0,1,70,2,5,1,0,0,4,24.0,38.0,voiture,voiture,3,1,1,3,2
202400002489,2024-08-13 10:00:00,2024,8,13,10,0,03,03022,D987,46.197329,3.0498,Plein jour,Hors agglomération,Hors intersection,Normale,Autre collision,3,2,2,0,2,3,1,0,3,90,1,1,0,1,0,0,33.0,,deux_roues,,1,1,1,1,6
202400002490,2024-04-29 16:30:00,2024,4,29,16,30,94,94076,Avenue de Paris / Rue Dauphin,48.80582707,2.36362454,Plein jour,En agglomération,Intersection en X,Normale,Deux véhicules - côté,3,3,2,3,1,1,1,0,1,30,2,2,1,0,0,1,29.0,50.0,deux_roues,voiture,1,2,2,1,3
202400002490,2024-04-29 16:30:00,2024,4,29,16,30,94,94076,Avenue de Paris / Rue Dauphin,48.80582707,2.36362454,Plein jour,En agglomération,Intersection en X,Normale,Deux véhicules - côté,3,1,1,0,1,1,1,0,1,-1,2,2,1,0,0,1,29.0,50.0,deux_roues,voiture,1,2,2,1,3
202400002491,2024-11-29 07:55:00,2024,11,29,7,55,49,49307,Route Départementale N°347 d'Angers à Saumur (Brain),47.465744,-0.425506,Crépuscule ou aube,Hors agglomération,Hors intersection,Normale,Trois véhicules et plus - collisions multiples,3,2,2,0,1,1,1,0,1,80,3,3,2,0,1,0,59.0,18.0,voiture,deux_roues,2,1,1,1,5
202400002492,2024-08-13 07:20:00,2024,8,13,7,20,26,26148,1105 Route de la Vallée,45.250967,5.01299,Crépuscule ou aube,En agglomération,Hors intersection,Temps éblouissant,Autre collision,3,2,2,0,1,1,1,6,1,50,1,2,1,0,1,0,63.0,,utilitaire_camion,,2,2,1,7,6
202400002493,2024-04-29 12:45:00,2024,4,29,12,45,94,94016,61 Avenue Carnot,48.79928895,2.32499023,Plein jour,En agglomération,Hors intersection,Normale,Deux véhicules - côté,4,2,2,2,2,1,1,0,1,30,2,2,1,0,0,1,55.0,44.0,voiture,deux_roues,1,2,1,1,3
202400002494,2024-11-29 15:30:00,2024,11,29,15,30,42,42181,Rue Jean Jaurès,45.98789,4.216057,Plein jour,En agglomération,Passage à niveau,Normale,Deux véhicules - côté,3,2,2,0,1,1,1,4,8,50,2,2,1,1,0,0,82.0,33.0,voiture,transport_commun,1,2,8,1,3
202400002495,2024-08-07 18:40:00,2024,8,7,18,40,58,58185,D121,47.15439,4.123532,Plein jour,Hors agglomération,Hors intersection,Normale,Sans collision,3,2,2,0,1,4,1,0,3,80,1,1,0,0,1,0,54.0,,voiture,,1,1,1,1,7
202400002496,2024-04-29 10:40:00,2024,4,29,10,40,94,94038,Avenue du Général de Gaulle,48.78414,2.34579,Plein jour,En agglomération,Autre intersection,Normale,Autre collision,6,-1, -1,0,1,1,1,9,8,15,1,3,2,0,0,1,77.0,,voiture,,1,2,9,1,6
202400002497,2024-08-13 20:20:00,2024,8,13,20,20,66,66218,D68,42.450944,1.955314,Crépuscule ou aube,Hors agglomération,Giratoire,Normale,Deux véhicules - côté,3,-1,1,0,1,2,1,0,1,80,2,2,1,0,1,0,49.0,30.0,voiture,deux_roues,2,1,6,1,3
202400002498,2024-04-29 00:02:00,2024,4,29,0,2,94,94073,N186B,48.753623,2.375589,Nuit sans éclairage public,Hors agglomération,Hors intersection,Normale,Autre collision,2,3,4,0,1,1,1,0,3,90,1,1,0,0,0,1,49.0,,voiture,,3,1,1,1,6
202400002499,2024-11-29 06:55:00,2024,11,29,6,55,02,02089,Route de Reims,49.364433,3.381665,Crépuscule ou aube,Hors agglomération,Hors intersection,Brouillard / fumée,Deux véhicules - frontale,2,2,2,0,1,1,1,0,1,80,2,3,0,0,1,2,22.0,59.0,voiture,voiture,2,1,1,5,1
202400002500,2024-04-28 10:15:00,2024,4,28,10,15,94,94002,Rue Charles de Gaulle / Rue Véron,48.81452,2.41397,Plein jour,En agglomération,Intersection en X,Temps couvert,Deux véhicules - frontale,3,2,2,0,1,1,1,0,1,50,2,3,1,0,0,2,44.0,25.0,voiture,voiture,1,2,2,8,1
202400002500,2024-04-28 10:15:00,2024,4,28,10,15,94,94002,Rue Charles de Gaulle / Rue Véron,48.81452,2.41397,Plein jour,En agglomération,Intersection en X,Temps couvert,Deux véhicules - frontale,3,1,1,0,1,1,1,0,1,50,2,3,1,0,0,2,44.0,25.0,voiture,voiture,1,2,2,8,1
202400002501,2024-11-29 07:10:00,2024,11,29,7,10,02,02782,,49.914038,3.193545,Crépuscule ou aube,Hors agglomération,Intersection en Y,Normale,Deux véhicules - côté,3,2,2,0,1,1,1,0,1,80,2,2,1,0,1,0,62.0,21.0,voiture,voiture,2,1,4,1,3
202400002501,2024-11-29 07:10:00,2024,11,29,7,10,02,02782,,49.914038,3.193545,Crépuscule ou aube,Hors agglomération,Intersection en Y,Normale,Deux véhicules - côté,3,2, -1,0,1,3,1,0,1,-1,2,2,1,0,1,0,62.0,21.0,voiture,voiture,2,1,4,1,3
202400002502,2024-08-13 12:40:00,2024,8,13,12,40,66,66063,D900,42.474297,2.84915,Plein jour,Hors agglomération,Hors intersection,Normale,Trois véhicules et plus - collisions multiples,3,3,2,0,2,2,1,0,1,80,4,7,4,1,1,1,42.0,24.0,deux_roues,deux_roues,1,1,1,1,5
202400002503,2024-04-29 20:00:00,2024,4,29,20,0,93,93077,Rue Robert Jumel / Rue Guilbert,48.88837,2.50539,Plein jour,En agglomération,Intersection en X,Normale,Autre collision,4,1,1,0,1,1,1,0,1,-1,1,1,0,0,0,1,57.0,,deux_roues,,1,2,2,1,6
202400002503,2024-04-29 20:00:00,2024,4,29,20,0,93,93077,Rue Robert Jumel / Rue Guilbert,48.88837,2.50539,Plein jour,En agglomération,Intersection en X,Normale,Autre collision,4,1,1,0,1,1,1,0,1,50,1,1,0,0,0,1,57.0,,deux_roues,,1,2,2,1,6
202400002504,2024-11-21 18:15:00,2024,11,21,18,15,26,26326,D59,44.341626,4.790396,Crépuscule ou aube,Hors agglomération,Intersection en T,Normale,Deux véhicules - côté,3,2,2,0,1,1,2,0,1,80,2,2,1,0,0,1,42.0,16.0,voiture,deux_roues,2,1,3,1,3
202400002504,2024-11-21 18:15:00,2024,11,21,18,15,26,26326,D59,44.341626,4.790396,Crépuscule ou aube,Hors agglomération,Intersection en T,Normale,Deux véhicules - côté,3,2,2,0,2,2,2,0,1,50,2,2,1,0,0,1,42.0,16.0,voiture,deux_roues,2,1,3,1,3
202400002505,2024-08-10 16:50:00,2024,8,10,16,50,72,72310,D313 PK 2 +156,48.034859,0.202078,Plein jour,Hors agglomération,Autre intersection,Normale,Deux véhicules - côté,3,1,1,0,2,1,1,3,1,90,2,2,1,1,0,0,79.0,47.0,deux_roues,voiture,1,1,9,1,3
202400002506,2024-04-29 06:55:00,2024,4,29,6,55,92,92078,JEAN JAURES (RUE) (N° IMPAIRS),48.93249955,2.32537687,Plein jour,En agglomération,Hors intersection,Normale,Deux véhicules - côté,3,2,2,0,1,1,1,0,4,50,2,2,1,0,0,1,33.0,55.0,voiture,voiture,1,2,1,1,3
202400002507,2024-08-12 22:00:00,2024,8,12,22,0,06,06163,route départementale 6204,44.030099,7.579697,Nuit sans éclairage public,Hors agglomération,Hors intersection,Normale,Autre collision,3,2,2,0,1,2,1,0,1,80,1,1,0,0,1,0,56.0,,deux_roues,,3,1,1,1,6
202400002508,2024-04-29 19:05:00,2024,4,29,19,5,92,92050,BOILEAU RUE,48.89051807,2.18184704,Plein jour,En agglomération,Hors intersection,Normale,Autre collision,4,1,2,0,1,1,1,0,1,50,1,2,1,0,0,1,58.0,,voiture,,1,2,1,1,6
202400002509,2024-11-30 07:30:00,2024,11,30,7,30,09,09173,D11,43.051905,1.57355,Crépuscule ou aube,Hors agglomération,Hors intersection,Normale,Autre collision,3,-1,2,0,2,1,2,0,3,80,1,1,0,1,0,0,19.0,,voiture,,2,1,1,1,6
202400002510,2024-08-11 12:40:00,2024,8,11,12,40,14,14570,443 Route de la Petite Chapelle (Saint-Julien-de-Mailloc),49.077868,0.326698,Plein jour,Hors agglomération,Hors intersection,Normale,Autre collision,4,2,2,0,1,2,1,0,3,80,1,1,0,0,1,0,16.0,,deux_roues,,1,1,1,1,6
202400002511,2024-04-28 05:40:00,2024,4,28,5,40,92,92044,ANA. FRANCE(RUE)1A75 ET 2A72,48.89061295,2.28639686,Crépuscule ou aube,En agglomération,Intersection en X,Normale,Deux véhicules - arrière,3,1,2,0,1,1,1,0,1,50,2,2,1,0,0,1,66.0,46.0,deux_roues,voiture,2,2,2,1,2
202400002511,2024-04-28 05:40:00,2024,4,28,5,40,92,92044,ANA. FRANCE(RUE)1A75 ET 2A72,48.89061295,2.28639686,Crépuscule ou aube,En agglomération,Intersection en X,Normale,Deux véhicules - arrière,3,1,2,0,1,1,1,0,1,50,2,2,1,0,0,1,66.0,46.0,deux_roues,voiture,2,2,2,1,2
202400002512,2024-08-13 15:50:00,2024,8,13,15,50,50,50096,La Boutronnerie,49.635807,-1.370716,Plein jour,Hors agglomération,Hors intersection,Normale,Deux véhicules - frontale,3,2,2,0,1,1,1,0,1,80,2,2,0,0,2,0,18.0,51.0,voiture,voiture,1,1,1,1,1
202400002513,2024-04-29 10:30:00,2024,4,29,10,30,92,92025,GABRIEL PERI (RUE),48.91457,2.22931,Plein jour,En agglomération,Place,Normale,Autre collision,3,2,0,0,1,1,1,0,1,50,1,2,1,0,0,1,,,voiture,,1,2,7,1,6
202400002514,2024-08-13 15:00:00,2024,8,13,15,0,50,50491,Château de Rochefort,49.195205,-1.010817,Plein jour,Hors agglomération,Hors intersection,Normale,Deux véhicules - frontale,3,2,2,0,1,1,1,0,1,80,2,4,3,1,0,0,31.0,78.0,utilitaire_camion,voiture,1,1,1,1,1
202400002515,2024-04-25 08:50:00,2024,4,25,8,50,92,92024,ANATOLE FRANCE (RUE),48.89804426,2.30450925,Plein jour,En agglomération,Hors intersection,Normale,Deux véhicules - côté,4,2,2,0,1,1,1,0,1,30,2,2,1,0,0,1,43.0,20.0,deux_roues,voiture,1,2,1,1,3
202400002516,2024-11-29 14:45:00,2024,11,29,14,45,64,64147,D21,43.440425,-1.322474,Plein jour,Hors agglomération,Hors intersection,Normale,Deux véhicules - côté,3,3,2,0,1,3,1,0,1,90,2,2,1,0,1,0,39.0,43.0,deux_roues,voiture,1,1,1,1,3
202400002517,2024-08-12 20:40:00,2024,8,12,20,40,90,90028,D21,47.534617,7.091739,Crépuscule ou aube,Hors agglomération,Hors intersection,Normale,Autre collision,3,2,2,0,1,3,1,0,8,80,1,1,0,0,1,0,16.0,,deux_roues,,2,1,1,1,6
202400002518,2024-11-29 23:35:00,2024,11,29,23,35,64,64078,pk 16 D834,43.456853,-0.32737,Nuit sans éclairage public,Hors agglomération,Hors intersection,Normale,Sans collision,3,2,3,0,2,2,1,0,1,50,1,2,1,0,0,1,27.0,,voiture,,3,1,1,1,7
202400002519,2024-08-13 03:30:00,2024,8,13,3,30,45,45069,D438 PR 0 + 110,48.059424,2.301232,Nuit sans éclairage public,Hors agglomération,Hors intersection,Normale,Autre collision,3,2,2,0,1,2,1,0,3,80,1,3,2,0,1,0,,,voiture,,3,1,1,1,6
202400002520,2024-04-29 16:56:00,2024,4,29,16,56,92,92007,PETIT (AVENUE ALBERT) N° 39 A FIN,48.79590383,2.31757808,Plein jour,En agglomération,Hors intersection,Normale,Deux véhicules - arrière,3,2,3,0,1,1,1,5,4,50,2,5,4,0,0,1,31.0,22.0,voiture,deux_roues,1,2,1,1,2
202400002521,2024-11-30 08:18:00,2024,11,30,8,18,64,64518,Rue de la Castagnère,43.3077,-0.260775,Plein jour,En agglomération,Hors intersection,Normale,Autre collision,4,2,2,0,1,1,1,0,3,50,1,2,0,0,1,1,22.0,,voiture,,1,2,1,1,6
202400002522,2024-08-13 17:15:00,2024,8,13,17,15,16,16393,,45.74433,0.146213,Plein jour,Hors agglomération,Hors intersection,Normale,Autre collision,3,2,2,0,2,1,1,0,1,80,2,2,1,0,0,1,58.0,89.0,deux_roues,voiture,1,1,1,1,6