accident_id,datetime,annee,mois,jour,heure,minute,departement,commune_insee,adresse,latitude,longitude,luminosite,agglomeration,intersection,meteo,collision,catr,circ,nbv,vosp,prof,plan,surf,infra,situ,vma,nb_vehicules,nb_usagers,nb_indemnes,nb_tues,nb_blesses_hosp,nb_blesses_legers,age_cond_1,age_cond_2,veh_type_cond_1,veh_type_cond_2,lum_code,agg_code,int_code,atm_code,col_code
202400002523,2024-08-12 15:00:00,2024,8,12,15,0,24,24516,RD60 Route de Brive,44.975318,1.331213,Plein jour,Hors agglomération,Hors intersection,Normale,Sans collision,3,2,2,0,2,2,1,0,1,50,1,2,0,0,1,1,28.0,,deux_roues,,1,1,1,1,7
202400002524,2024-04-15 20:30:00,2024,4,15,20,30,60,60004,D22,49.55865538,1.9417879,Crépuscule ou aube,Hors agglomération,Intersection en X,Normale,Deux véhicules - côté,3,2,2,0,1,1,1,0,1,80,2,2,1,0,1,0,48.0,44.0,voiture,voiture,2,1,2,1,3
202400002524,2024-04-15 20:30:00,2024,4,15,20,30,60,60004,D22,49.55865538,1.9417879,Crépuscule ou aube,Hors agglomération,Intersection en X,Normale,Deux véhicules - côté,3,-1,2,0,1,1,1,0,1,80,2,2,1,0,1,0,48.0,44.0,voiture,voiture,2,1,2,1,3
202400002525,2024-11-29 03:00:00,2024,11,29,3,0,53,53096,N12,48.3005845,-0.96698047,Nuit sans éclairage public,Hors agglomération,Hors intersection,Normale,Autre collision,2,2,2,0,1,1,1,0,3,80,1,1,0,0,1,0,48.0,,utilitaire_camion,,3,1,1,1,6
202400002526,2024-08-13 13:40:00,2024,8,13,13,40,85,85029,RD 758_Route de beauvoir,46.96392,-2.00474,Plein jour,Hors agglomération,Hors intersection,Normale,Autre collision,3,2,2,0,1,2,1,0,8,-1,1,1,0,0,0,1,24.0,,voiture,,1,1,1,1,6
202400002527,2024-11-29 15:30:00,2024,11,29,15,30,53,53062,10 Route de Sablé (Château-Gontier),47.83144228,-0.6898427,Crépuscule ou aube,En agglomération,Hors intersection,Normale,Deux véhicules - côté,4,2,2,0,1,1,1,0,1,50,2,2,1,0,0,1,17.0,88.0,deux_roues,voiture,2,2,1,1,3
202400002528,2024-03-28 08:10:00,2024,3,28,8,10,60,60403,D901,49.507892,2.016721,Plein jour,Hors agglomération,Hors intersection,Normale,Trois véhicules et plus - en chaîne,3,2,2,0,1,1,1,0,1,80,3,3,2,0,0,1,27.0,20.0,voiture,voiture,1,1,1,1,4
202400002529,2024-08-12 12:25:00,2024,8,12,12,25,27,27498,1 Rue Dupont de l?Eure,49.149956,0.830364,Plein jour,En agglomération,Intersection en T,Normale,Deux véhicules - frontale,4,2,2,0,1,1,1,0,1,50,2,2,1,0,0,1,14.0,47.0,deux_roues,voiture,1,2,3,1,1
202400002530,2024-11-29 21:25:00,2024,11,29,21,25,85,85130,RD 948,46.774976,-1.675683,Nuit sans éclairage public,Hors agglomération,Hors intersection,Brouillard / fumée,Deux véhicules - arrière,3,3,2,0,1,1,1,0,1,110,2,3,1,0,0,2,40.0,35.0,voiture,voiture,3,1,1,5,2
202400002531,2024-04-28 19:45:00,2024,4,28,19,45,33,33144,,44.389151,-0.220853,Crépuscule ou aube,En agglomération,Intersection en X,Normale,Deux véhicules - côté,3,2,2,0,1,1,1,0,1,50,2,2,1,0,1,0,38.0,40.0,voiture,deux_roues,2,2,2,1,3
202400002531,2024-04-28 19:45:00,2024,4,28,19,45,33,33144,,44.389151,-0.220853,Crépuscule ou aube,En agglomération,Intersection en X,Normale,Deux véhicules - côté,3,2,2,0,1,1,1,0,1,50,2,2,1,0,1,0,38.0,40.0,voiture,deux_roues,2,2,2,1,3
202400002532,2024-08-13 09:35:00,2024,8,13,9,35,48,48079,D14,44.828696,3.437809,Plein jour,Hors agglomération,Hors intersection,Temps éblouissant,Autre collision,3,2,2,0,2,2,1,0,1,90,1,3,2,0,0,1,56.0,,utilitaire_camion,,1,1,1,7,6
202400002533,2024-08-09 03:51:00,2024,8,9,3,51,48,48034,D998,44.416996,3.232,Nuit sans éclairage public,En agglomération,Hors intersection,Normale,Autre collision,3,2,2,0,1,1,1,0,3,90,1,1,0,0,1,0,22.0,,voiture,,3,2,1,1,6
202400002534,2024-04-30 16:15:00,2024,4,30,16,15,81,81297,7 Avenue de la Martelle,43.917541,2.07846,Plein jour,En agglomération,Hors intersection,Normale,Autre collision,4,2,2,0,1,1,1,0,3,50,1,1,0,1,0,0,87.0,,voiture,,1,2,1,1,6
202400002535,2024-11-28 10:35:00,2024,11,28,10,35,37,37281,D142,47.404591,0.819865,Plein jour,Hors agglomération,Intersection en T,Pluie légère,Deux véhicules - frontale,3,2,2,0,1,2,2,0,1,70,2,3,1,0,0,2,71.0,86.0,voiture,utilitaire_camion,1,1,3,2,1
202400002535,2024-11-28 10:35:00,2024,11,28,10,35,37,37281,D142,47.404591,0.819865,Plein jour,Hors agglomération,Intersection en T,Pluie légère,Deux véhicules - frontale,3,2,2,0,1,1,2,0,1,80,2,3,1,0,0,2,71.0,86.0,voiture,utilitaire_camion,1,1,3,2,1
202400002536,2024-04-30 16:30:00,2024,4,30,16,30,01,01288,Route de Chanvière,46.199156,5.933776,Plein jour,Hors agglomération,Autre intersection,Normale,Sans collision,4,2,2,0,2,3,2,0,1,80,1,1,0,0,0,1,16.0,,deux_roues,,1,1,9,1,7
202400002537,2024-08-12 11:10:00,2024,8,12,11,10,48,48094,Route Departementale 907 Bis (Les Vignes),44.303006,3.27104,Plein jour,Hors agglomération,Hors intersection,Normale,Deux véhicules - côté,3,2,2,0,1,2,1,0,1,70,2,2,1,0,1,0,44.0,46.0,deux_roues,voiture,1,1,1,1,3
202400002538,2024-11-29 12:40:00,2024,11,29,12,40,30,30212,D6101,43.94163,4.57285,Plein jour,En agglomération,Intersection en T,Normale,Deux véhicules - côté,3,1,2,0,1,1,1,0,1,50,2,3,1,0,0,2,36.0,56.0,deux_roues,utilitaire_camion,1,2,3,1,3
202400002538,2024-11-29 12:40:00,2024,11,29,12,40,30,30212,D6101,43.94163,4.57285,Plein jour,En agglomération,Intersection en T,Normale,Deux véhicules - côté,3,2,2,0,1,1,1,0,1,50,2,3,1,0,0,2,36.0,56.0,deux_roues,utilitaire_camion,1,2,3,1,3
202400002539,2024-08-13 10:45:00,2024,8,13,10,45,52,52365,Bricon,48.06509873,4.94803088,Plein jour,Hors agglomération,Hors intersection,Normale,Sans collision,3,2,2,0,1,1,1,0,3,90,1,1,0,0,1,0,88.0,,voiture,,1,1,1,1,7
202400002540,2024-04-10 11:35:00,2024,4,10,11,35,29,29189,RN165,48.38396312,-4.39024191,Plein jour,Hors agglomération,Hors intersection,Pluie légère,Deux véhicules - arrière,2,3,2,0,1,1,2,0,1,90,2,3,2,0,0,1,38.0,47.0,voiture,voiture,1,1,1,2,2
202400002541,2024-04-29 02:00:00,2024,4,29,2,0,41,41252,"A10, PK 141.500",47.692895,1.435432,Nuit sans éclairage public,Hors agglomération,Hors intersection,Autre,Autre collision,1,3,3,0,1,1,2,0,1,130,1,1,0,0,0,1,21.0,,voiture,,3,1,1,9,6
202400002542,2024-08-12 17:55:00,2024,8,12,17,55,67,67176,D1062,48.894548,7.658212,Plein jour,Hors agglomération,Hors intersection,Normale,Deux véhicules - frontale,3,2,2,0,1,1,1,0,1,80,2,3,0,1,2,0,25.0,60.0,voiture,utilitaire_camion,1,1,1,1,1
202400002543,2024-04-29 09:52:00,2024,4,29,9,52,65,65010,D817,43.197073,0.156523,Plein jour,Hors agglomération,Intersection en X,Pluie légère,Deux véhicules - côté,3,2,2,0,1,1,2,0,1,90,2,2,1,0,0,1,51.0,91.0,voiture,voiture,1,1,2,2,3
202400002543,2024-04-29 09:52:00,2024,4,29,9,52,65,65010,D817,43.197073,0.156523,Plein jour,Hors agglomération,Intersection en X,Pluie légère,Deux véhicules - côté,3,2,2,-1,1,1,2,0,1,80,2,2,1,0,0,1,51.0,91.0,voiture,voiture,1,1,2,2,3
202400002544,2024-08-12 18:00:00,2024,8,12,18,0,30,30169,D135,43.772891,4.332132,Plein jour,Hors agglomération,Hors intersection,Normale,Deux véhicules - frontale,3,2,2,0,1,1,1,0,1,80,2,5,1,1,3,0,19.0,26.0,voiture,utilitaire_camion,1,1,1,1,1
202400002545,2024-08-13 10:14:00,2024,8,13,10,14,69,69244,14 Avenue Général Leclerc,45.761034,4.774938,Plein jour,En agglomération,Hors intersection,Normale,Autre collision,4,2,2,1,1,1,1,0,1,30,1,1,0,0,0,1,34.0,,deux_roues,,1,2,1,1,6
202400002546,2024-08-12 07:58:00,2024,8,12,7,58,07,07031,RD252 route du bois de paiolive (Casteljau),44.393546,4.212549,Plein jour,Hors agglomération,Hors intersection,Normale,Sans collision,3,-1,2,0,2,1,1,0,3,90,1,2,0,0,0,2,37.0,,utilitaire_camion,,1,1,1,1,7
202400002547,2024-04-29 15:30:00,2024,4,29,15,30,51,51163,route départementale 243 PK 003+000,48.849771,3.839507,Plein jour,Hors agglomération,Hors intersection,Normale,Deux véhicules - côté,3,2,2,0,1,1,1,0,1,90,2,3,2,0,1,0,52.0,68.0,utilitaire_camion,voiture,1,1,1,1,3
202400002548,2024-08-12 21:30:00,2024,8,12,21,30,28,28092,Autoroute A10 PK 052+000,48.334942,1.866388,Nuit sans éclairage public,Hors agglomération,Hors intersection,Normale,Autre collision,1,3,3,0,1,1,1,0,1,130,2,2,1,0,1,0,57.0,67.0,voiture,voiture,3,1,1,1,6
202400002549,2024-04-30 15:50:00,2024,4,30,15,50,79,79123,,46.786691,-0.650554,Plein jour,Hors agglomération,Hors intersection,Normale,Sans collision,3,2,2,0,3,1,1,0,3,80,1,1,0,0,1,0,52.0,,voiture,,1,1,1,1,7
202400002550,2024-08-13 11:20:00,2024,8,13,11,20,974,97417,21 Rue Leconte de Lisle,-21.360394,55.764429,Plein jour,En agglomération,Hors intersection,Normale,Deux véhicules - frontale,2,2,2,0,1,1,1,0,1,-1,2,2,0,0,0,2,35.0,45.0,voiture,utilitaire_camion,1,2,1,1,1
202400002551,2024-04-29 16:35:00,2024,4,29,16,35,2A,2A228,Intersection avec chemin de Cruciata - RD55,41.846302,8.782927,Plein jour,En agglomération,Intersection en Y,Temps éblouissant,Deux véhicules - côté,3,2,2,0,1,3,1,0,1,50,2,2,1,0,0,1,19.0,31.0,deux_roues,utilitaire_camion,1,2,4,7,3
202400002551,2024-04-29 16:35:00,2024,4,29,16,35,2A,2A228,Intersection avec chemin de Cruciata - RD55,41.846302,8.782927,Plein jour,En agglomération,Intersection en Y,Temps éblouissant,Deux véhicules - côté,3,2,2,-1,1,2,1,0,1,-1,2,2,1,0,0,1,19.0,31.0,deux_roues,utilitaire_camion,1,2,4,7,3
202400002552,2024-08-11 19:15:00,2024,8,11,19,15,973,97311,route du fleuve,5.360016,-54.085307,Nuit sans éclairage public,Hors agglomération,Hors intersection,Normale,Sans collision,4,2,2,0,1,4,1,0,3,80,1,4,0,0,2,2,26.0,,voiture,,3,1,1,1,7
202400002553,2024-04-29 10:30:00,2024,4,29,10,30,2A,2A130,T40,41.883333,8.954608,Plein jour,Hors agglomération,Hors intersection,Normale,Deux véhicules - frontale,2,2,2,0,2,3,1,0,1,80,2,2,1,0,0,1,53.0,36.0,utilitaire_camion,voiture,1,1,1,1,1
202400002554,2024-03-05 13:45:00,2024,3,5,13,45,82,82018,D78 / chemin de saoulous,44.097895,1.510899,Plein jour,Hors agglomération,Intersection en X,Normale,Deux véhicules - côté,3,2,2,0,1,1,1,0,1,70,2,2,1,0,0,1,50.0,77.0,voiture,voiture,1,1,2,1,3
202400002554,2024-03-05 13:45:00,2024,3,5,13,45,82,82018,D78 / chemin de saoulous,44.097895,1.510899,Plein jour,Hors agglomération,Intersection en X,Normale,Deux véhicules - côté,3,2,2,0,1,1,1,0,1,50,2,2,1,0,0,1,50.0,77.0,voiture,voiture,1,1,2,1,3
202400002555,2024-04-25 21:00:00,2024,4,25,21,0,81,81070,A68,43.788153,1.741796,Nuit sans éclairage public,Hors agglomération,Hors intersection,Pluie légère,Sans collision,1,3,2,0,1,1,2,0,3,130,1,1,0,0,1,0,65.0,,voiture,,3,1,1,2,7
202400002556,2024-08-11 19:59:00,2024,8,11,19,59,973,97312,N1,5.341397,-52.92935,Nuit sans éclairage public,Hors agglomération,Hors intersection,Normale,Deux véhicules - frontale,2,2,2,0,1,2,1,0,1,80,2,9,6,0,2,1,46.0,26.0,utilitaire_camion,voiture,3,1,1,1,1
202400002557,2024-08-12 02:30:00,2024,8,12,2,30,973,97305,Route Nationale PK 22.500,5.000167,-52.457131,Nuit sans éclairage public,Hors agglomération,Hors intersection,Normale,Deux véhicules - arrière,2,2,2,0,1,1,1,0,1,80,2,2,1,0,1,0,21.0,36.0,voiture,deux_roues,3,1,1,1,2
202400002558,2024-04-29 17:00:00,2024,4,29,17,0,89,89268,D84,47.955186,3.610897,Plein jour,Hors agglomération,Intersection en X,Pluie légère,Deux véhicules - frontale,3,2,2,0,1,2,2,0,1,70,2,3,1,0,0,2,45.0,20.0,voiture,voiture,1,1,2,2,1
202400002558,2024-04-29 17:00:00,2024,4,29,17,0,89,89268,D84,47.955186,3.610897,Plein jour,Hors agglomération,Intersection en X,Pluie légère,Deux véhicules - frontale,3,2,2,-1,1,1,2,5,1,80,2,3,1,0,0,2,45.0,20.0,voiture,voiture,1,1,2,2,1
202400002559,2024-08-13 02:50:00,2024,8,13,2,50,66,66037,D81a,42.695073,3.025247,Nuit sans éclairage public,En agglomération,Hors intersection,Normale,Autre collision,3,2,2,0,1,1,1,0,3,50,1,1,0,0,1,0,35.0,,voiture,,3,2,1,1,6
202400002560,2024-04-29 21:40:00,2024,4,29,21,40,41,41232,Route de Marcilly,47.434242,2.026527,Nuit sans éclairage public,Hors agglomération,Hors intersection,Normale,Autre collision,3,2,2,0,1,1,2,0,1,70,1,1,0,0,1,0,21.0,,voiture,,3,1,1,1,6
202400002561,2024-08-13 13:45:00,2024,8,13,13,45,05,05178,D942,44.36278539,5.88094711,Plein jour,Hors agglomération,Hors intersection,Normale,Autre collision,3,2,2,0,1,4,1,0,3,90,1,1,0,0,1,0,30.0,,deux_roues,,1,1,1,1,6
202400002562,2024-04-29 05:45:00,2024,4,29,5,45,68,68258,D2,47.826212,7.285228,Crépuscule ou aube,Hors agglomération,Autre intersection,Normale,Deux véhicules - frontale,3,2,0,0,1,1,2,3,1,70,2,2,1,0,0,1,41.0,48.0,voiture,voiture,2,1,9,1,1
202400002563,2024-06-09 14:45:00,2024,6,9,14,45,68,68327,Chemin de la grotte,47.622494,7.410407,Plein jour,Hors agglomération,Hors intersection,Normale,Autre collision,4,-1,2,0,1,1,9,0,1,30,1,2,0,0,0,2,15.0,,deux_roues,,1,1,1,1,6
202400002564,2024-04-30 14:50:00,2024,4,30,14,50,68,68165,D21biii,47.437009,7.345121,Plein jour,Hors agglomération,Hors intersection,Normale,Sans collision,3,2,2,0,1,3,1,8,8,70,1,1,0,0,1,0,67.0,,deux_roues,,1,1,1,1,7
202400002565,2024-08-13 08:40:00,2024,8,13,8,40,55,55410,Rue Haute,49.493539,5.320537,Plein jour,Hors agglomération,Hors intersection,Normale,Deux véhicules - frontale,4,2,2,0,1,4,1,0,1,80,2,2,0,1,0,1,52.0,78.0,voiture,voiture,1,1,1,1,1
202400002566,2024-04-30 09:20:00,2024,4,30,9,20,31,31493,D5,43.225881,0.747972,Plein jour,Hors agglomération,Hors intersection,Pluie légère,Deux véhicules - arrière,3,3,2,0,2,1,3,0,1,80,2,2,1,0,1,0,32.0,71.0,voiture,voiture,1,1,1,2,2
202400002567,2024-08-09 15:30:00,2024,8,9,15,30,03,03173,Rue de la Broche,46.473849,3.958055,Plein jour,En agglomération,Hors intersection,Temps éblouissant,Deux véhicules - arrière,3,2,2,0,1,1,1,0,1,50,2,2,1,0,0,1,19.0,23.0,deux_roues,voiture,1,2,1,7,2
202400002568,2024-07-14 14:27:00,2024,7,14,14,27,73,73116,D926 Route des arves,45.22637101,6.30915132,Plein jour,Hors agglomération,Hors intersection,Normale,Sans collision,3,2,2,0,2,1,1,0,1,80,1,1,0,0,0,1,68.0,,deux_roues,,1,1,1,1,7
202400002569,2024-04-30 10:50:00,2024,4,30,10,50,66,66149,Avenue Pau Casals,42.615458,2.418044,Plein jour,En agglomération,Intersection en T,Pluie forte,Autre collision,3,2,2,-1,1,1,2,0,8,50,1,2,1,0,1,0,87.0,,voiture,,1,2,3,3,6
202400002569,2024-04-30 10:50:00,2024,4,30,10,50,66,66149,Avenue Pau Casals,42.615458,2.418044,Plein jour,En agglomération,Intersection en T,Pluie forte,Autre collision,3,1,1,0,1,2,2,0,1,30,1,2,1,0,1,0,87.0,,voiture,,1,2,3,3,6
202400002570,2024-04-30 13:35:00,2024,4,30,13,35,64,64273,CD 22,43.265597,-1.227797,Plein jour,Hors agglomération,Hors intersection,Normale,Sans collision,3,2,2,0,3,1,1,0,1,80,1,1,0,0,0,1,27.0,,voiture,,1,1,1,1,7
202400002571,2024-08-09 06:28:00,2024,8,9,6,28,38,38407,Route de Voreppe,45.314637,5.650837,Plein jour,Hors agglomération,Intersection en T,Normale,Deux véhicules - frontale,3,2,2,0,2,1,1,5,1,70,2,2,1,0,1,0,22.0,41.0,utilitaire_camion,deux_roues,1,1,3,1,1
202400002571,2024-08-09 06:28:00,2024,8,9,6,28,38,38407,Route de Voreppe,45.314637,5.650837,Plein jour,Hors agglomération,Intersection en T,Normale,Deux véhicules - frontale,3,2,2,0,1,1,1,5,1,70,2,2,1,0,1,0,22.0,41.0,utilitaire_camion,deux_roues,1,1,3,1,1
202400002572,2024-04-27 12:15:00,2024,4,27,12,15,21,21032,D33,46.991357,4.619349,Plein jour,Hors agglomération,Hors intersection,Pluie légère,Sans collision,3,2,2,0,2,2,2,0,3,80,1,1,0,0,1,0,52.0,,deux_roues,,1,1,1,2,7
202400002573,2024-04-29 14:10:00,2024,4,29,14,10,24,24087,2069 Route de Beynac (Castels),44.856466,1.069928,Plein jour,Hors agglomération,Hors intersection,Pluie légère,Deux véhicules - côté,3,2,2,0,1,1,2,0,1,90,2,2,1,0,0,1,33.0,78.0,utilitaire_camion,voiture,1,1,1,2,3
202400002574,2024-08-09 10:35:00,2024,8,9,10,35,31,31451,Rue Clémence Isaure,43.452872,1.993761,Plein jour,En agglomération,Intersection en X,Temps éblouissant,Deux véhicules - frontale,4,2,2,0,1,1,1,0,1,50,2,2,1,0,1,0,31.0,74.0,deux_roues,voiture,1,2,2,7,1
202400002574,2024-08-09 10:35:00,2024,8,9,10,35,31,31451,Rue Clémence Isaure,43.452872,1.993761,Plein jour,En agglomération,Intersection en X,Temps éblouissant,Deux véhicules - frontale,4,2,2,-1,1,1,1,0,1,-1,2,2,1,0,1,0,31.0,74.0,deux_roues,voiture,1,2,2,7,1
202400002575,2024-08-12 14:45:00,2024,8,12,14,45,17,17093,8 Rue Marechal Foch,45.885255,-1.196013,Plein jour,En agglomération,Hors intersection,Normale,Autre collision,4,1,1,0,2,1,1,0,4,50,1,2,1,0,1,0,66.0,,deux_roues,,1,2,1,1,6
202400002576,2024-04-30 09:50:00,2024,4,30,9,50,85,85280,le lavre,46.851453,-1.921234,Plein jour,Hors agglomération,Hors intersection,Normale,Deux véhicules - arrière,4,2,2,0,1,2,1,0,1,80,2,2,1,0,1,0,89.0,20.0,voiture,deux_roues,1,1,1,1,2
202400002577,2024-04-30 05:30:00,2024,4,30,5,30,17,17347,Rue de Fossemagne,45.927355,-0.516038,Nuit sans éclairage public,Hors agglomération,Intersection en T,Normale,Sans collision,3,2,2,0,1,3,1,0,8,80,1,2,0,0,1,1,17.0,,voiture,,3,1,3,1,7
202400002577,2024-04-30 05:30:00,2024,4,30,5,30,17,17347,Rue de Fossemagne,45.927355,-0.516038,Nuit sans éclairage public,Hors agglomération,Intersection en T,Normale,Sans collision,3,2,2,-1,1,1,1,0,1,50,1,2,0,0,1,1,17.0,,voiture,,3,1,3,1,7
202400002578,2024-08-11 13:25:00,2024,8,11,13,25,33,33494,,44.941003,-0.836012,Plein jour,Hors agglomération,Hors intersection,Normale,Deux véhicules - frontale,3,2,2,0,1,1,1,0,1,80,2,5,0,0,1,4,41.0,27.0,voiture,voiture,1,1,1,1,1
202400002579,2024-04-29 13:00:00,2024,4,29,13,0,30,30091,Route d'Aubais,43.764282,4.159579,Plein jour,Hors agglomération,Hors intersection,Normale,Sans collision,3,2,2,0,2,3,1,0,3,80,1,1,0,0,0,1,19.0,,voiture,,1,1,1,1,7
202400002580,2024-08-09 18:09:00,2024,8,9,18,9,62,62894,A16,50.77568812,1.65384039,Plein jour,Hors agglomération,Hors intersection,Normale,Autre collision,1,3,2,0,2,1,1,0,2,130,1,1,0,0,1,0,20.0,,voiture,,1,1,1,1,6
202400002581,2024-04-30 07:30:00,2024,4,30,7,30,52,52438,N19,47.806151,5.557478,Plein jour,Hors agglomération,Intersection en T,Normale,Deux véhicules - frontale,2,2,2,0,1,2,1,0,1,70,2,3,2,0,1,0,40.0,58.0,deux_roues,voiture,1,1,3,1,1
202400002581,2024-04-30 07:30:00,2024,4,30,7,30,52,52438,N19,47.806151,5.557478,Plein jour,Hors agglomération,Intersection en T,Normale,Deux véhicules - frontale,2,2,2,-1,1,3,1,5,-1,80,2,3,2,0,1,0,40.0,58.0,deux_roues,voiture,1,1,3,1,1
202400002582,2024-08-10 18:40:00,2024,8,10,18,40,62,62351,A21,50.4318049,2.89351717,Plein jour,Hors agglomération,Hors intersection,Normale,Deux véhicules - arrière,1,-1,2,0,1,1,1,0,1,110,2,3,1,0,1,1,46.0,34.0,deux_roues,voiture,1,1,1,1,2
202400002583,2024-04-28 16:10:00,2024,4,28,16,10,08,08412,Rue de Fontenelle,49.317242,4.830498,Plein jour,En agglomération,Hors intersection,Normale,Sans collision,3,2,2,0,1,1,1,0,1,50,1,1,0,0,1,0,54.0,,deux_roues,,1,2,1,1,7
202400002584,2024-08-05 11:15:00,2024,8,5,11,15,78,78291,A13,48.969075,1.739338,Plein jour,Hors agglomération,Hors intersection,Normale,Trois véhicules et plus - en chaîne,1,1,3,0,2,3,1,0,1,110,3,4,3,0,0,1,23.0,54.0,voiture,voiture,1,1,1,1,4
202400002585,2024-04-30 12:05:00,2024,4,30,12,5,973,97307,RN 2,4.854323,-52.332644,Plein jour,En agglomération,Intersection en X,Normale,Deux véhicules - côté,2,2,2,0,1,1,1,0,1,50,2,2,1,0,1,0,39.0,65.0,deux_roues,voiture,1,2,2,1,3
202400002585,2024-04-30 12:05:00,2024,4,30,12,5,973,97307,RN 2,4.854323,-52.332644,Plein jour,En agglomération,Intersection en X,Normale,Deux véhicules - côté,2,2, -1,-1,1,1,1,0,1,-1,2,2,1,0,1,0,39.0,65.0,deux_roues,voiture,1,2,2,1,3
202400002586,2024-08-11 04:20:00,2024,8,11,4,20,92,92050,A14,48.89973557,2.21198323,Nuit avec éclairage allumé,Hors agglomération,Hors intersection,Normale,Deux véhicules - côté,1,1,3,0,1,1,1,1,1,70,2,3,2,0,1,0,21.0,22.0,voiture,voiture,5,1,1,1,3
202400002587,2024-04-29 14:15:00,2024,4,29,14,15,31,31230,avenue de toulouse,43.720715,1.433491,Plein jour,Hors agglomération,Hors intersection,Pluie légère,Deux véhicules - côté,7,2,2,0,2,3,2,0,1,50,2,2,1,0,1,0,51.0,42.0,utilitaire_camion,utilitaire_camion,1,1,1,2,3
202400002588,2024-08-12 16:40:00,2024,8,12,16,40,95,95394,A115,49.05087297,2.18852857,Plein jour,Hors agglomération,Hors intersection,Normale,Sans collision,1,-1,1,0,1,3,1,0,1,50,1,1,0,0,0,1,24.0,,deux_roues,,1,1,1,1,7
202400002589,2024-04-28 17:18:00,2024,4,28,17,18,01,01033,A 40 PK 104+180 direction Macon,46.160088,5.77889,Plein jour,Hors agglomération,Hors intersection,Pluie forte,Autre collision,1,3,2,0,1,3,2,0,1,100,1,1,0,0,0,1,25.0,,voiture,,1,1,1,3,6
202400002590,2024-08-12 13:10:00,2024,8,12,13,10,93,93027,AUTOROUTE A1,48.93723664,2.410615,Plein jour,Hors agglomération,Hors intersection,Normale,Deux véhicules - arrière,1,3,8,0,1,1,1,0,1,90,2,3,2,0,0,1,36.0,26.0,utilitaire_camion,voiture,1,1,1,1,2
202400002591,2024-04-29 10:30:00,2024,4,29,10,30,11,11262,Autoroute A61 PR 375+650,43.153665,2.961094,Plein jour,Hors agglomération,Hors intersection,Pluie forte,Deux véhicules - côté,1,4,2,0,1,1,2,0,1,110,2,3,1,0,0,2,45.0,25.0,voiture,voiture,1,1,1,3,3
202400002592,2024-08-12 07:35:00,2024,8,12,7,35,93,93013,AUTOROUTE A1,48.94022999,2.42355031,Plein jour,Hors agglomération,Hors intersection,Normale,Deux véhicules - arrière,1,3,4,0,1,1,1,0,1,90,2,2,1,0,0,1,55.0,50.0,voiture,deux_roues,1,1,1,1,2
202400002593,2024-04-28 05:15:00,2024,4,28,5,15,987,98714,nunue,-16.388,-151.765,Nuit sans éclairage public,En agglomération,Hors intersection,Normale,Autre collision,2,2,2,0,1,1,1,0,1,60,1,2,0,0,1,1,27.0,,deux_roues,,3,2,1,1,6
202400002594,2024-04-28 11:25:00,2024,4,28,11,25,987,98722,RT2 PK 19.200  à PAPENOO,-17.516196,-149.409943,Plein jour,Hors agglomération,Hors intersection,Normale,Deux véhicules - frontale,2,2,2,0,1,4,1,0,1,60,2,4,0,0,2,2,27.0,22.0,voiture,voiture,1,1,1,1,1
202400002595,2024-08-12 00:49:00,2024,8,12,0,49,93,93029,AUTOROUTE A86,48.92501602,2.42564723,Nuit avec éclairage allumé,Hors agglomération,Hors intersection,Normale,Deux véhicules - côté,1,3,3,0,1,2,1,1,1,90,2,3,2,0,1,0,20.0,27.0,voiture,deux_roues,5,1,1,1,3
202400002596,2024-04-28 19:50:00,2024,4,28,19,50,988,98814,Tribu de Hnassé,-20.91347,167.25971,Nuit avec éclairage allumé,En agglomération,Intersection en T,Normale,Deux véhicules - côté,2,2,2,0,1,1,1,0,1,50,2,6,4,0,1,1,39.0,71.0,voiture,voiture,5,2,3,1,3
202400002596,2024-04-28 19:50:00,2024,4,28,19,50,988,98814,Tribu de Hnassé,-20.91347,167.25971,Nuit avec éclairage allumé,En agglomération,Intersection en T,Normale,Deux véhicules - côté,2,2,2,-1,-1,1,1,-1,1,-1,2,6,4,0,1,1,39.0,71.0,voiture,voiture,5,2,3,1,3
202400002597,2024-08-11 20:40:00,2024,8,11,20,40,93,93066,AUTOROUTE A86,48.92248535,2.35610341,Plein jour,Hors agglomération,Hors intersection,Normale,Autre collision,1,1,4,0,1,2,1,0,6,70,1,1,0,0,0,1,31.0,,voiture,,1,1,1,1,6
202400002598,2024-08-12 12:40:00,2024,8,12,12,40,94,94011,N406,48.76174912,2.49312615,Plein jour,Hors agglomération,Hors intersection,Normale,Autre collision,2,1,2,0,2,3,1,3,1,50,1,1,0,0,0,1,27.0,,utilitaire_camion,,1,1,1,1,6
202400002599,2024-04-11 15:05:00,2024,4,11,15,5,14,14083,Route du Cimetière,49.21976705,0.0697057,Plein jour,En agglomération,Hors intersection,Normale,Sans collision,3,2,1,0,1,1,1,0,3,80,1,1,0,0,0,1,25.0,,deux_roues,,1,2,1,1,7
202400002600,2024-04-29 08:24:00,2024,4,29,8,24,78,78442,Place Mancest,48.814125,1.903167,Plein jour,En agglomération,Giratoire,Temps éblouissant,Deux véhicules - arrière,3,1,2,0,1,2,1,0,1,50,2,2,1,0,1,0,26.0,44.0,deux_roues,voiture,1,2,6,7,2