accident_id,datetime,annee,mois,jour,heure,minute,departement,commune_insee,adresse,latitude,longitude,luminosite,agglomeration,intersection,meteo,collision,catr,circ,nbv,vosp,prof,plan,surf,infra,situ,vma,nb_vehicules,nb_usagers,nb_indemnes,nb_tues,nb_blesses_hosp,nb_blesses_legers,age_cond_1,age_cond_2,veh_type_cond_1,veh_type_cond_2,lum_code,agg_code,int_code,atm_code,col_code
202400002673,2024-08-12 10:51:00,2024,8,12,10,51,22,22164,RN12 PR 100+000,48.568784,-3.28638,Plein jour,Hors agglomération,Hors intersection,Normale,Sans collision,2,3,2,0,1,1,1,0,3,110,1,1,0,0,1,0,65.0,,voiture,,1,1,1,1,7
202400002674,2024-08-11 14:20:00,2024,8,11,14,20,62,62086,N25,50.21814247,2.57834556,Plein jour,Hors agglomération,Intersection en X,Normale,Deux véhicules - côté,2,2,2,0,1,1,1,5,1,80,2,4,1,0,0,3,45.0,36.0,voiture,voiture,1,1,2,1,3
202400002674,2024-08-11 14:20:00,2024,8,11,14,20,62,62086,N25,50.21814247,2.57834556,Plein jour,Hors agglomération,Intersection en X,Normale,Deux véhicules - côté,2,2,2,0,1,1,1,0,1,80,2,4,1,0,0,3,45.0,36.0,voiture,voiture,1,1,2,1,3
202400002675,2024-08-11 22:40:00,2024,8,11,22,40,95,95056,D85,49.10141709,2.36129769,Nuit sans éclairage public,Hors agglomération,Hors intersection,Normale,Autre collision,3,2,2,0,1,2,1,0,1,50,1,3,1,0,1,1,19.0,,voiture,,3,1,1,1,6
202400002676,2024-08-11 19:57:00,2024,8,11,19,57,62,62759,route du mont des anglais,50.667158,1.879874,Plein jour,Hors agglomération,Hors intersection,Normale,Autre collision,4,2,2,0,2,1,1,0,3,80,1,2,0,2,0,0,39.0,,deux_roues,,1,1,1,1,6
202400002677,2024-08-11 18:45:00,2024,8,11,18,45,19,19058,D1089 / Intersection D47E1,45.47733127,2.18012202,Plein jour,Hors agglomération,Hors intersection,Normale,Autre collision,3,2,3,0,1,1,1,0,3,90,1,2,1,0,0,1,82.0,,voiture,,1,1,1,1,6
202400002678,2024-08-11 03:10:00,2024,8,11,3,10,19,19176,D1089,45.38049062,2.01336508,Nuit avec éclairage non allumé,En agglomération,Hors intersection,Normale,Sans collision,3,2,2,0,2,1,1,0,1,70,1,1,0,0,1,0,36.0,,deux_roues,,4,2,1,1,7
202400002679,2024-08-11 15:20:00,2024,8,11,15,20,56,56251,La Madeleine,47.635682,-2.66504,Plein jour,Hors agglomération,Hors intersection,Normale,Autre collision,2,3,4,0,1,1,1,9,3,110,1,4,3,0,1,0,38.0,,voiture,,1,1,1,1,6
202400002680,2024-08-11 13:00:00,2024,8,11,13,0,2B,2B354,RT20,42.136462,9.146043,Plein jour,Hors agglomération,Passage à niveau,Normale,Autre collision,2,2,2,0,2,2,1,4,1,70,1,1,0,0,0,1,23.0,,deux_roues,,1,1,8,1,6
202400002681,2024-08-08 08:04:00,2024,8,8,8,4,69,69108,Route des Allumeaux,46.17280004,4.74119143,Plein jour,Hors agglomération,Passage à niveau,Normale,Deux véhicules - côté,3,2,2,3,1,1,1,4,6,30,2,2,1,1,0,0,38.0,52.0,voiture,transport_commun,1,1,8,1,3
202400002682,2024-08-12 13:35:00,2024,8,12,13,35,11,11299,,43.138056,2.300627,Plein jour,Hors agglomération,Hors intersection,Normale,Trois véhicules et plus - collisions multiples,3,2,2,0,1,3,1,0,1,80,3,6,4,0,1,1,64.0,79.0,voiture,voiture,1,1,1,1,5
202400002683,2024-08-11 09:15:00,2024,8,11,9,15,61,61126,D251,48.519731,0.384473,Plein jour,Hors agglomération,Hors intersection,Normale,Sans collision,3,2,2,0,1,1,1,0,1,80,1,2,0,0,1,1,19.0,,voiture,,1,1,1,1,7
202400002684,2024-08-09 11:05:00,2024,8,9,11,5,55,55013,D66a,49.414121,5.663141,Plein jour,Hors agglomération,Intersection à plus de 4 branches,Normale,Deux véhicules - côté,3,2,2,0,2,1,1,0,1,90,2,2,1,0,0,1,37.0,86.0,deux_roues,voiture,1,1,5,1,3
202400002684,2024-08-09 11:05:00,2024,8,9,11,5,55,55013,D66a,49.414121,5.663141,Plein jour,Hors agglomération,Intersection à plus de 4 branches,Normale,Deux véhicules - côté,3,2, -1,-1,1,1,1,0,1,-1,2,2,1,0,0,1,37.0,86.0,deux_roues,voiture,1,1,5,1,3
202400002685,2024-08-12 10:40:00,2024,8,12,10,40,12,12052,Boulevard Francois Mitterrand,44.557183,2.071829,Plein jour,En agglomération,Giratoire,Normale,Deux véhicules - côté,3,2,1,0,1,1,1,5,1,50,2,3,2,0,1,0,55.0,23.0,deux_roues,voiture,1,2,6,1,3
202400002686,2024-08-09 19:00:00,2024,8,9,19,0,39,39074,22 Rue de la Fontaine,47.231432,5.5643,Plein jour,En agglomération,Hors intersection,Normale,Autre collision,3,2,2,0,1,4,1,0,1,30,1,2,1,0,1,0,27.0,,voiture,,1,2,1,1,6
202400002687,2024-08-11 04:30:00,2024,8,11,4,30,44,44053,14 Rue du Vinet,47.47178,-2.059372,Nuit sans éclairage public,En agglomération,Hors intersection,Normale,Autre collision,4,2,2,0,1,1,1,0,1,50,1,1,0,0,1,0,40.0,,deux_roues,,3,2,1,1,6
202400002688,2024-08-11 18:30:00,2024,8,11,18,30,44,44217,Route des Randonneurs,47.310707,-1.708546,Plein jour,Hors agglomération,Hors intersection,Normale,Sans collision,4,2,2,0,1,3,1,0,3,80,1,1,0,0,1,0,36.0,,deux_roues,,1,1,1,1,7
202400002689,2024-08-11 10:09:00,2024,8,11,10,9,29,29173,Rond-Point de Kergaben,48.0116249,-4.19671764,Plein jour,Hors agglomération,Giratoire,Normale,Deux véhicules - côté,3,1,1,0,1,2,1,5,1,90,2,2,1,0,0,1,29.0,69.0,deux_roues,voiture,1,1,6,1,3
202400002689,2024-08-11 10:09:00,2024,8,11,10,9,29,29173,Rond-Point de Kergaben,48.0116249,-4.19671764,Plein jour,Hors agglomération,Giratoire,Normale,Deux véhicules - côté,3,1,1,0,1,2,1,5,1,90,2,2,1,0,0,1,29.0,69.0,deux_roues,voiture,1,1,6,1,3
202400002690,2024-08-05 18:38:00,2024,8,5,18,38,15,15033,RD 65,45.0192,2.839698,Plein jour,Hors agglomération,Hors intersection,Temps éblouissant,Sans collision,3,2,2,0,1,2,9,8,3,50,1,2,1,0,0,1,21.0,,deux_roues,,1,1,1,7,7
202400002691,2024-08-12 17:30:00,2024,8,12,17,30,15,15215,RD 35,44.978449,2.492346,Plein jour,Hors agglomération,Hors intersection,Normale,Deux véhicules - frontale,3,2,2,0,1,3,1,0,1,90,2,3,2,1,0,0,32.0,46.0,deux_roues,voiture,1,1,1,1,1
202400002692,2024-08-12 09:20:00,2024,8,12,9,20,70,70128,D32,47.757805,6.36662,Plein jour,Hors agglomération,Hors intersection,Normale,Autre collision,3,2,2,0,1,1,1,0,1,80,1,1,0,0,1,0,70.0,,voiture,,1,1,1,1,6
202400002693,2024-08-11 22:00:00,2024,8,11,22,0,58,58079,Avenue de la République,47.459437,3.520855,Nuit avec éclairage allumé,En agglomération,Giratoire,Normale,Autre collision,3,1,2,0,1,2,1,0,1,50,1,2,1,0,1,0,37.0,,voiture,,5,2,6,1,6
202400002694,2024-08-06 23:57:00,2024,8,6,23,57,58,58152,RN7 PK84 Sens NEVERS-MOULINS,46.870873,3.152032,Nuit sans éclairage public,Hors agglomération,Hors intersection,Normale,Autre collision,2,1,2,0,2,2,1,0,1,110,1,2,1,1,0,0,64.0,,utilitaire_camion,,3,1,1,1,6
202400002695,2024-08-10 00:15:00,2024,8,10,0,15,72,72087,D1,47.936616,0.747585,Nuit sans éclairage public,Hors agglomération,Giratoire,Normale,Deux véhicules - frontale,3,2,2,0,1,1,1,0,1,50,2,3,2,0,0,1,61.0,56.0,voiture,voiture,3,1,6,1,1
202400002696,2024-08-08 12:22:00,2024,8,8,12,22,72,72298,Vaudoire,47.922705,0.480427,Plein jour,Hors agglomération,Intersection en X,Temps éblouissant,Deux véhicules - côté,3,2,2,0,1,1,1,0,1,-1,2,3,1,0,1,1,51.0,76.0,voiture,voiture,1,1,2,7,3
202400002696,2024-08-08 12:22:00,2024,8,8,12,22,72,72298,Vaudoire,47.922705,0.480427,Plein jour,Hors agglomération,Intersection en X,Temps éblouissant,Deux véhicules - côté,3,-1, -1,-1,1,1,9,0,1,-1,2,3,1,0,1,1,51.0,76.0,voiture,voiture,1,1,2,7,3
202400002697,2024-08-12 03:00:00,2024,8,12,3,0,50,50568,1 Route de Montpinchon,49.004145,-1.415549,Nuit sans éclairage public,Hors agglomération,Hors intersection,Normale,Autre collision,3,2,2,0,1,1,1,0,3,80,1,1,0,0,0,1,16.0,,deux_roues,,3,1,1,1,6
202400002698,2024-08-11 18:40:00,2024,8,11,18,40,90,90093,27 Rue de Valdoie,47.682169,6.83988,Plein jour,En agglomération,Autre intersection,Normale,Sans collision,3,2,2,0,1,1,1,0,1,50,1,1,0,0,1,0,72.0,,utilitaire_camion,,1,2,9,1,7
202400002699,2024-08-12 04:55:00,2024,8,12,4,55,36,36105,,46.73653571,1.02521959,Nuit sans éclairage public,Hors agglomération,Hors intersection,Normale,Autre collision,3,2,2,0,1,1,1,0,3,80,1,1,0,0,0,1,43.0,,voiture,,3,1,1,1,6
202400002700,2024-08-12 14:30:00,2024,8,12,14,30,07,07128,610 Route de Saint Félicien,45.115169,4.543444,Plein jour,En agglomération,Hors intersection,Normale,Sans collision,3,2,2,0,1,3,9,0,1,50,1,1,0,0,1,0,50.0,,deux_roues,,1,2,1,1,7
202400002701,2024-08-12 08:50:00,2024,8,12,8,50,24,24564,D5,45.231715,0.263371,Plein jour,Hors agglomération,Intersection en X,Temps couvert,Deux véhicules - côté,3,2,2,0,3,1,1,0,1,90,2,2,0,0,1,1,21.0,25.0,voiture,voiture,1,1,2,8,3
202400002701,2024-08-12 08:50:00,2024,8,12,8,50,24,24564,D5,45.231715,0.263371,Plein jour,Hors agglomération,Intersection en X,Temps couvert,Deux véhicules - côté,3,2, -1,-1,3,1,1,0,1,90,2,2,0,0,1,1,21.0,25.0,voiture,voiture,1,1,2,8,3
202400002702,2024-08-11 20:22:00,2024,8,11,20,22,24,24352,Route de l'Atlantique,45.25936917,0.29749274,Crépuscule ou aube,Hors agglomération,Intersection en X,Normale,Autre collision,3,2,2,0,1,1,1,5,8,80,1,2,0,0,2,0,59.0,,voiture,,2,1,2,1,6
202400002702,2024-08-11 20:22:00,2024,8,11,20,22,24,24352,Route de l'Atlantique,45.25936917,0.29749274,Crépuscule ou aube,Hors agglomération,Intersection en X,Normale,Autre collision,3,2, -1,-1,1,1,1,0,1,80,1,2,0,0,2,0,59.0,,voiture,,2,1,2,1,6
202400002703,2024-08-10 03:48:00,2024,8,10,3,48,28,28052,D136,48.554924,1.512787,Nuit sans éclairage public,Hors agglomération,Hors intersection,Normale,Autre collision,3,2,2,0,1,1,1,0,3,80,1,1,0,0,1,0,35.0,,voiture,,3,1,1,1,6
202400002704,2024-08-11 11:45:00,2024,8,11,11,45,87,87064,Charnaillat,45.714533,1.768579,Plein jour,Hors agglomération,Intersection en T,Temps éblouissant,Deux véhicules - arrière,3,2,2,0,1,1,1,0,1,90,2,2,1,0,1,0,53.0,59.0,deux_roues,deux_roues,1,1,3,7,2
202400002704,2024-08-11 11:45:00,2024,8,11,11,45,87,87064,Charnaillat,45.714533,1.768579,Plein jour,Hors agglomération,Intersection en T,Temps éblouissant,Deux véhicules - arrière,3,2, -1,-1,1,1,1,0,1,90,2,2,1,0,1,0,53.0,59.0,deux_roues,deux_roues,1,1,3,7,2
202400002705,2024-08-11 18:15:00,2024,8,11,18,15,30,30002,D6110,43.969484,4.101001,Plein jour,Hors agglomération,Hors intersection,Normale,Sans collision,3,2,2,0,4,2,1,0,3,80,1,1,0,0,1,0,33.0,,deux_roues,,1,1,1,1,7
202400002706,2024-08-11 09:20:00,2024,8,11,9,20,52,52550,Rue du Général Defrance,48.499047,4.947109,Plein jour,En agglomération,Intersection en T,Temps éblouissant,Deux véhicules - côté,3,2,2,0,1,2,1,5,1,50,2,2,1,0,1,0,61.0,61.0,voiture,deux_roues,1,2,3,7,3
202400002706,2024-08-11 09:20:00,2024,8,11,9,20,52,52550,Rue du Général Defrance,48.499047,4.947109,Plein jour,En agglomération,Intersection en T,Temps éblouissant,Deux véhicules - côté,3,2, -1,-1,-1,-1,-1,-1,-1,-1,2,2,1,0,1,0,61.0,61.0,voiture,deux_roues,1,2,3,7,3
202400002707,2024-08-12 12:43:00,2024,8,12,12,43,10,10357,A26,48.28592,4.164642,Plein jour,Hors agglomération,Hors intersection,Normale,Sans collision,1,3,2,0,1,1,1,0,2,130,1,4,0,1,3,0,82.0,,voiture,,1,1,1,1,7
202400002708,2024-08-11 19:40:00,2024,8,11,19,40,18,18141,,47.140709,2.186644,Plein jour,Hors agglomération,Hors intersection,Normale,Sans collision,1,1,2,0,1,1,1,0,3,130,1,3,0,0,3,0,21.0,,voiture,,1,1,1,1,7
202400002709,2024-08-12 07:34:00,2024,8,12,7,34,18,18245,,46.59504474,2.51368843,Plein jour,Hors agglomération,Hors intersection,Normale,Autre collision,1,1,2,3,1,1,1,2,2,130,1,6,3,0,2,1,27.0,,utilitaire_camion,,1,1,1,1,6
202400002710,2024-08-12 06:10:00,2024,8,12,6,10,67,67067,Autoroute A4,48.695705,7.723002,Crépuscule ou aube,Hors agglomération,Hors intersection,Normale,Autre collision,1,3,2,0,1,2,1,0,1,110,1,1,0,1,0,0,47.0,,utilitaire_camion,,2,1,1,1,6
202400002711,2024-08-10 07:50:00,2024,8,10,7,50,13,13058,D5,43.747444,4.831259,Plein jour,Hors agglomération,Hors intersection,Normale,Deux véhicules - côté,3,2,2,0,2,4,1,0,1,80,2,2,1,0,1,0,42.0,61.0,voiture,deux_roues,1,1,1,1,3
202400002712,2024-08-11 18:20:00,2024,8,11,18,20,976,97616,Avenue charif tadjidine,-12.851072,45.104413,Nuit avec éclairage allumé,En agglomération,Hors intersection,Normale,Autre collision,3,2,2,0,2,1,1,0,1,50,1,5,4,1,0,0,25.0,,voiture,,5,2,1,1,6
202400002713,2024-08-12 19:16:00,2024,8,12,19,16,69,69264,Autoroute 6,45.986735,4.737039,Plein jour,Hors agglomération,Hors intersection,Normale,Autre collision,1,3,6,0,1,1,1,0,1,130,1,1,0,0,0,1,28.0,,voiture,,1,1,1,1,6
202400002714,2024-08-08 04:00:00,2024,8,8,4,0,13,13001,A8,43.5252581,5.40539196,Nuit sans éclairage public,Hors agglomération,Hors intersection,Normale,Deux véhicules - arrière,1,3,3,0,2,2,1,0,1,90,3,6,5,0,0,1,42.0,31.0,utilitaire_camion,voiture,3,1,1,1,2
202400002715,2024-08-09 15:30:00,2024,8,9,15,30,62,62427,A1,50.385671,2.980811,Plein jour,Hors agglomération,Hors intersection,Normale,Deux véhicules - arrière,1,3,3,0,1,1,1,0,1,130,2,2,1,0,1,0,37.0,21.0,voiture,deux_roues,1,1,1,1,2
202400002716,2024-08-07 10:28:00,2024,8,7,10,28,33,33005,,44.776854,-1.050873,Plein jour,Hors agglomération,Giratoire,Normale,Deux véhicules - côté,3,3,2,0,1,1,1,9,1,110,2,3,2,0,1,0,70.0,73.0,deux_roues,voiture,1,1,6,1,3
202400002717,2024-08-11 07:15:00,2024,8,11,7,15,987,98712,pk 7 - Rond point Tahiti Pearl Resort,-17.52471473,-149.51890826,Plein jour,En agglomération,Giratoire,Normale,Deux véhicules - arrière,2,3,1,0,1,3,1,0,1,50,2,2,1,0,1,0,28.0,,deux_roues,voiture,1,2,6,1,2
202400002718,2024-08-11 14:40:00,2024,8,11,14,40,987,98723,Tapeata,-9.770571,-138.965113,Plein jour,Hors agglomération,Hors intersection,Normale,Sans collision,9,2,2,0,1,2,1,0,1,-1,1,1,0,0,1,0,55.0,,deux_roues,,1,1,1,1,7
202400002719,2024-08-09 14:40:00,2024,8,9,14,40,987,98722,pk 23 c/mont,-17.592,-149.391,Plein jour,Hors agglomération,Hors intersection,Normale,Sans collision,2,2,2,0,2,3,1,0,1,60,1,1,0,0,1,0,31.0,,deux_roues,,1,1,1,1,7
202400002720,2024-05-07 18:57:00,2024,5,7,18,57,44,44109,78 Route de Rennes,47.2540577,-1.57640525,Plein jour,En agglomération,Giratoire,Normale,Autre collision,4,3,4,2,1,2,1,5,1,30,1,1,0,0,0,1,40.0,,voiture,,1,2,6,1,6
202400002721,2024-04-30 14:00:00,2024,4,30,14,0,44,44109,5 Rue de l'Hôtel de Ville,47.217749,-1.5553749,Plein jour,En agglomération,Intersection en T,Normale,Autre collision,4,1,1,2,1,1,1,5,1,30,1,2,1,0,0,1,34.0,,voiture,,1,2,3,1,6
202400002721,2024-04-30 14:00:00,2024,4,30,14,0,44,44109,5 Rue de l'Hôtel de Ville,47.217749,-1.5553749,Plein jour,En agglomération,Intersection en T,Normale,Autre collision,4,2,2,0,1,1,1,5,1,30,1,2,1,0,0,1,34.0,,voiture,,1,2,3,1,6
202400002722,2024-04-30 10:35:00,2024,4,30,10,35,44,44190,Rue des Fromenteaux,47.19060411,-1.52172994,Plein jour,En agglomération,Intersection en T,Normale,Autre collision,4,2,2,0,1,1,1,5,1,30,1,2,1,0,0,1,88.0,,voiture,,1,2,3,1,6
202400002722,2024-04-30 10:35:00,2024,4,30,10,35,44,44190,Rue des Fromenteaux,47.19060411,-1.52172994,Plein jour,En agglomération,Intersection en T,Normale,Autre collision,4,2,2,2,1,1,1,5,1,50,1,2,1,0,0,1,88.0,,voiture,,1,2,3,1,6
202400002723,2024-04-28 19:30:00,2024,4,28,19,30,44,44162,Boulevard Winston Churchill,47.20757049,-1.6125674,Plein jour,En agglomération,Hors intersection,Normale,Autre collision,4,3,3,2,1,1,1,-1,1,50,1,2,1,0,0,1,,,voiture,,1,2,1,1,6
202400002724,2024-04-23 18:25:00,2024,4,23,18,25,44,44109,136 Boulevard des Anglais,47.22515141,-1.58382802,Plein jour,En agglomération,Hors intersection,Normale,Deux véhicules - côté,4,2,2,2,2,1,1,-1,1,50,2,2,1,0,0,1,42.0,28.0,deux_roues,voiture,1,2,1,1,3
202400002725,2024-04-22 09:10:00,2024,4,22,9,10,44,44109,30 Rue Charles Monselet,47.22088454,-1.57032858,Plein jour,En agglomération,Giratoire,Normale,Deux véhicules - côté,4,1,1,2,1,1,1,5,1,30,2,2,1,0,0,1,42.0,50.0,utilitaire_camion,deux_roues,1,2,6,1,3
202400002726,2024-12-19 14:30:00,2024,12,19,14,30,88,88388,D51a,48.145152,6.390407,Plein jour,Hors agglomération,Hors intersection,Pluie légère,Deux véhicules - côté,3,2,2,0,1,1,2,0,1,80,2,2,1,0,1,0,38.0,20.0,voiture,voiture,1,1,1,2,3
202400002727,2024-11-03 16:00:00,2024,11,3,16,0,88,88487,D157,47.956026,6.452107,Plein jour,Hors agglomération,Hors intersection,Normale,Trois véhicules et plus - collisions multiples,3,2,2,0,2,3,1,0,1,80,3,6,4,1,0,1,65.0,59.0,voiture,voiture,1,1,1,1,5
202400002728,2024-10-05 22:58:00,2024,10,5,22,58,13,13026,A55-Sens Martigues vers Marseille,43.37900472,5.16585354,Nuit sans éclairage public,Hors agglomération,Hors intersection,Normale,Deux véhicules - arrière,1,1,2,0,1,1,1,0,1,110,2,3,2,0,0,1,55.0,26.0,voiture,voiture,3,1,1,1,2
202400002729,2024-12-18 08:20:00,2024,12,18,8,20,91,91200,Rue de Rambouillet,48.536499,2.0024,Plein jour,En agglomération,Hors intersection,Normale,Autre collision,3,2,2,0,1,1,2,0,4,50,1,2,1,0,0,1,38.0,,transport_commun,,1,2,1,1,6
202400002730,2024-12-25 04:06:00,2024,12,25,4,6,28,28149,D941,48.607622,0.914969,Nuit avec éclairage allumé,Hors agglomération,Hors intersection,Normale,Autre collision,3,2,2,0,1,1,1,0,3,70,1,1,0,0,0,1,24.0,,voiture,,5,1,1,1,6
202400002731,2024-12-27 19:36:00,2024,12,27,19,36,28,28405,N12,48.748705,1.269135,Nuit sans éclairage public,Hors agglomération,Autre intersection,Brouillard / fumée,Deux véhicules - côté,2,3,0,0,1,1,1,0,1,110,2,6,1,1,1,3,78.0,31.0,voiture,voiture,3,1,9,5,3
202400002732,2024-11-25 21:00:00,2024,11,25,21,0,28,28214,Les Grands Pres,48.479127,1.017812,Nuit avec éclairage allumé,Hors agglomération,Hors intersection,Pluie légère,Sans collision,3,2,2,0,1,2,2,0,3,70,1,2,1,0,0,1,27.0,,voiture,,5,1,1,2,7
202400002733,2024-09-28 15:45:00,2024,9,28,15,45,71,71508,Route des Pilloux,46.645552,5.122982,Plein jour,Hors agglomération,Hors intersection,Normale,Deux véhicules - frontale,3,2,2,0,1,3,1,0,1,80,2,3,0,0,0,3,52.0,36.0,voiture,voiture,1,1,1,1,1
202400002734,2024-12-22 15:25:00,2024,12,22,15,25,14,14308,1265 Route de Bavent,49.223483,-0.113908,Plein jour,Hors agglomération,Hors intersection,Temps couvert,Autre collision,3,2,2,0,1,2,2,0,3,80,1,4,1,0,1,2,47.0,,voiture,,1,1,1,8,6
202400002735,2024-10-30 23:45:00,2024,10,30,23,45,73,73179,D14,45.608232,5.859795,Nuit sans éclairage public,Hors agglomération,Hors intersection,Pluie légère,Deux véhicules - frontale,3,2,2,0,2,3,2,0,1,70,2,3,1,0,0,2,21.0,48.0,voiture,voiture,3,1,1,2,1
202400002736,2024-12-10 17:30:00,2024,12,10,17,30,28,28108,D927,48.133108,1.602684,Crépuscule ou aube,Hors agglomération,Intersection en X,Pluie légère,Deux véhicules - côté,3,2,2,0,1,1,2,0,1,50,2,2,1,0,1,0,20.0,49.0,utilitaire_camion,utilitaire_camion,2,1,2,2,3
202400002736,2024-12-10 17:30:00,2024,12,10,17,30,28,28108,D927,48.133108,1.602684,Crépuscule ou aube,Hors agglomération,Intersection en X,Pluie légère,Deux véhicules - côté,3,2,2,0,1,1,2,0,1,70,2,2,1,0,1,0,20.0,49.0,utilitaire_camion,utilitaire_camion,2,1,2,2,3
202400002737,2024-10-27 00:15:00,2024,10,27,0,15,28,28252,D955,48.255111,0.991758,Nuit sans éclairage public,Hors agglomération,Hors intersection,Pluie légère,Autre collision,3,2,2,0,1,1,2,0,3,90,1,1,0,0,1,0,19.0,,voiture,,3,1,1,2,6
202400002738,2024-12-14 12:03:00,2024,12,14,12,3,57,57463,RN 431,49.08899,6.22457,Plein jour,Hors agglomération,Hors intersection,Normale,Sans collision,2,3,2,0,1,1,1,0,1,110,1,1,0,0,0,1,23.0,,deux_roues,,1,1,1,1,7
202400002739,2024-12-16 14:00:00,2024,12,16,14,0,14,14555,A13,49.30813807,0.29950456,Plein jour,Hors agglomération,Hors intersection,Normale,Deux véhicules - arrière,1,3,4,0,4,1,1,0,1,130,2,2,1,0,0,1,71.0,34.0,voiture,utilitaire_camion,1,1,1,1,2
202400002740,2024-08-03 17:30:00,2024,8,3,17,30,82,82170,Place de l’Église,44.14573213,1.00584286,Plein jour,Hors agglomération,Intersection en T,Normale,Deux véhicules - côté,4,-1,1,0,1,1,1,0,1,5,2,2,1,0,1,0,16.0,51.0,deux_roues,voiture,1,1,3,1,3
202400002740,2024-08-03 17:30:00,2024,8,3,17,30,82,82170,Place de l’Église,44.14573213,1.00584286,Plein jour,Hors agglomération,Intersection en T,Normale,Deux véhicules - côté,4,2,2,0,3,1,1,0,1,80,2,2,1,0,1,0,16.0,51.0,deux_roues,voiture,1,1,3,1,3
202400002741,2024-04-22 13:37:00,2024,4,22,13,37,55,55369,,48.81040576,5.227561,Plein jour,Hors agglomération,Hors intersection,Normale,Sans collision,3,2,2,0,2,4,1,0,3,90,1,1,0,0,1,0,44.0,,utilitaire_camion,,1,1,1,1,7
202400002742,2024-12-08 02:20:00,2024,12,8,2,20,987,98729,PK 25.500 Tiahura  RT91,-17.492805,-149.905014,Nuit sans éclairage public,En agglomération,Hors intersection,Normale,Sans collision,3,2,2,1,1,1,1,0,4,60,1,1,0,0,1,0,59.0,,voiture,,3,2,1,1,7
202400002743,2024-11-29 19:30:00,2024,11,29,19,30,987,98738,Ech. Outumaoro,-17.578791,-149.613962,Nuit avec éclairage allumé,Hors agglomération,Hors intersection,Normale,Deux véhicules - frontale,2,1,5,0,4,1,1,0,1,50,1,3,1,2,0,0,48.0,,voiture,,5,1,1,1,1
202400002744,2024-12-22 19:50:00,2024,12,22,19,50,74,74042,5159 Route de geneve,46.10346048,6.35891676,Nuit sans éclairage public,Hors agglomération,Hors intersection,Pluie légère,Trois véhicules et plus - collisions multiples,3,2,2,0,1,1,2,0,1,80,3,3,0,0,2,1,50.0,27.0,voiture,voiture,3,1,1,2,5
202400002745,2024-12-21 18:30:00,2024,12,21,18,30,74,74280,35 Avenue d'annecy,45.888966,6.312531,Nuit avec éclairage allumé,En agglomération,Hors intersection,Normale,Autre collision,3,2,2,0,1,1,1,0,1,50,1,2,1,0,0,1,62.0,,utilitaire_camion,,5,2,1,1,6
202400002746,2024-12-11 17:20:00,2024,12,11,17,20,74,74005,RD 903,46.338914,6.457719,Crépuscule ou aube,Hors agglomération,Hors intersection,Normale,Deux véhicules - frontale,3,2,2,0,2,1,1,0,1,80,2,3,0,2,1,0,60.0,81.0,voiture,voiture,2,1,1,1,1
202400002747,2024-09-15 16:15:00,2024,9,15,16,15,13,13071,A7-Sens Lyon vers Marseille,43.40691417,5.32791407,Plein jour,Hors agglomération,Hors intersection,Normale,Autre collision,1,1,1,0,1,3,1,0,1,70,1,1,0,1,0,0,28.0,,voiture,,1,1,1,1,6
202400002748,2024-10-12 17:20:00,2024,10,12,17,20,84,84025,Grand Geas,43.889689,5.150442,Plein jour,En agglomération,Hors intersection,Normale,Autre collision,6,-1, -1,0,1,1,1,9,8,-1,1,2,1,0,0,1,74.0,,voiture,,1,2,1,1,6
202400002749,2024-11-29 19:30:00,2024,11,29,19,30,43,43137,D12,45.29162809,4.14783843,Nuit sans éclairage public,Hors agglomération,Hors intersection,Normale,Deux véhicules - frontale,3,2,2,0,2,1,1,0,1,80,2,2,0,0,2,0,53.0,22.0,voiture,utilitaire_camion,3,1,1,1,1
202400002750,2024-11-24 10:45:00,2024,11,24,10,45,91,91122,PASSAGE DE VILLEVERT,48.69614,2.16239,Plein jour,En agglomération,Hors intersection,Normale,Autre collision,4,2,2,0,1,1,1,0,4,30,1,2,1,0,0,1,19.0,,voiture,,1,2,1,1,6
202400002751,2024-11-05 02:00:00,2024,11,5,2,0,14,14316,Route des Hauts de Grangues,49.25843,-0.051981,Nuit sans éclairage public,Hors agglomération,Hors intersection,Brouillard / fumée,Autre collision,3,2,2,0,1,1,1,0,3,80,1,1,0,0,1,0,33.0,,deux_roues,,3,1,1,5,6
202400002752,2024-07-11 18:30:00,2024,7,11,18,30,14,14061,34 Route de la Bazinière (Le Bény-Bocage),48.931316,-0.840253,Plein jour,En agglomération,Intersection à plus de 4 branches,Normale,Deux véhicules - côté,3,2,2,0,1,1,1,5,1,50,2,4,3,0,0,1,21.0,25.0,voiture,voiture,1,2,5,1,3
202400002752,2024-07-11 18:30:00,2024,7,11,18,30,14,14061,34 Route de la Bazinière (Le Bény-Bocage),48.931316,-0.840253,Plein jour,En agglomération,Intersection à plus de 4 branches,Normale,Deux véhicules - côté,3,2,2,0,1,1,1,5,1,50,2,4,3,0,0,1,21.0,25.0,voiture,voiture,1,2,5,1,3