accident_id,datetime,annee,mois,jour,heure,minute,departement,commune_insee,adresse,latitude,longitude,luminosite,agglomeration,intersection,meteo,collision,catr,circ,nbv,vosp,prof,plan,surf,infra,situ,vma,nb_vehicules,nb_usagers,nb_indemnes,nb_tues,nb_blesses_hosp,nb_blesses_legers,age_cond_1,age_cond_2,veh_type_cond_1,veh_type_cond_2,lum_code,agg_code,int_code,atm_code,col_code
202400002829,2024-07-23 16:50:00,2024,7,23,16,50,84,84138,18 cours Victor Hugo,44.386366,4.989834,Plein jour,En agglomération,Autre intersection,Normale,Autre collision,4,2,2,0,1,1,1,0,1,30,1,2,1,0,1,0,91.0,,voiture,,1,2,9,1,6
202400002830,2024-02-09 16:35:00,2024,2,9,16,35,51,51454,LUNDY (BOULEVARD),49.259318,4.037006,Plein jour,En agglomération,Hors intersection,Normale,Autre collision,4,2,2,1,1,1,1,0,1,50,1,2,0,0,1,1,29.0,,deux_roues,,1,2,1,1,6
202400002831,2024-02-09 07:50:00,2024,2,9,7,50,46,46042,VIEILLE ROUTE DE PARIS,44.49763,1.45139,Crépuscule ou aube,Hors agglomération,Hors intersection,Pluie légère,Deux véhicules - frontale,3,2,2,0,2,3,2,0,1,70,2,2,1,0,0,1,42.0,26.0,deux_roues,voiture,2,1,1,2,1
202400002832,2024-12-27 16:49:00,2024,12,27,16,49,28,28415,La Cote sous le Bois du Pr,48.684133,1.448586,Plein jour,Hors agglomération,Hors intersection,Brouillard / fumée,Trois véhicules et plus - en chaîne,3,2,2,0,2,3,2,0,1,90,3,6,5,0,1,0,48.0,49.0,voiture,voiture,1,1,1,5,4
202400002833,2024-02-10 18:45:00,2024,2,10,18,45,44,44143,121 Rue du Château d'Eau,47.16857,-1.54275,Nuit avec éclairage allumé,En agglomération,Autre intersection,Pluie légère,Autre collision,4,2,2,0,1,1,2,0,1,50,1,2,1,0,0,1,45.0,,voiture,,5,2,9,2,6
202400002834,2024-12-25 01:30:00,2024,12,25,1,30,33,33143,,44.9688,-0.43658,Nuit sans éclairage public,Hors agglomération,Hors intersection,Pluie légère,Trois véhicules et plus - en chaîne,1,3,6,0,2,1,2,0,1,130,4,7,2,1,1,3,38.0,57.0,voiture,voiture,3,1,1,2,4
202400002835,2024-12-12 00:05:00,2024,12,12,0,5,14,14543,Route de Bayeux,49.19996318,-0.48401716,Nuit sans éclairage public,Hors agglomération,Hors intersection,Normale,Sans collision,2,3,2,0,1,1,1,0,3,110,1,1,0,0,0,1,23.0,,voiture,,3,1,1,1,7
202400002836,2024-02-10 15:25:00,2024,2,10,15,25,35,35055,LOGES (RUE DES),48.09003,-1.62339,Plein jour,En agglomération,Giratoire,Normale,Deux véhicules - côté,4,2,2,0,1,1,1,0,1,30,2,2,1,0,0,1,66.0,18.0,voiture,deux_roues,1,2,6,1,3
202400002836,2024-02-10 15:25:00,2024,2,10,15,25,35,35055,LOGES (RUE DES),48.09003,-1.62339,Plein jour,En agglomération,Giratoire,Normale,Deux véhicules - côté,4,2,2,0,1,1,1,0,1,30,2,2,1,0,0,1,66.0,18.0,voiture,deux_roues,1,2,6,1,3
202400002837,2024-10-30 18:40:00,2024,10,30,18,40,972,97213,ROUTE DEPARTEMENTALE 15,14.63213,-61.00837,Nuit sans éclairage public,Hors agglomération,Hors intersection,Normale,Deux véhicules - côté,3,2,2,0,1,1,1,5,1,70,2,2,1,0,0,1,28.0,60.0,deux_roues,voiture,3,1,1,1,3
202400002838,2024-02-10 18:40:00,2024,2,10,18,40,34,34172,LA BLOTTIERE (RUE),43.61116,3.87195,Nuit avec éclairage allumé,En agglomération,Intersection en T,Temps couvert,Deux véhicules - frontale,4,2, -1,-1,1,1,1,0,1,-1,2,2,1,0,0,1,41.0,30.0,voiture,deux_roues,5,2,3,8,1
202400002838,2024-02-10 18:40:00,2024,2,10,18,40,34,34172,LA BLOTTIERE (RUE),43.61116,3.87195,Nuit avec éclairage allumé,En agglomération,Intersection en T,Temps couvert,Deux véhicules - frontale,4,2,2,0,2,1,1,0,1,30,2,2,1,0,0,1,41.0,30.0,voiture,deux_roues,5,2,3,8,1
202400002839,2024-10-23 16:34:00,2024,10,23,16,34,972,97213,ROUTE NATIONALE 1,14.61705,-61.00839,Plein jour,Hors agglomération,Hors intersection,Normale,Deux véhicules - arrière,2,1,2,0,1,1,1,0,1,70,2,2,0,0,0,2,20.0,67.0,deux_roues,deux_roues,1,1,1,1,2
202400002840,2024-02-10 05:30:00,2024,2,10,5,30,34,34172,MONDIAL 98 (AVENUE DU),43.60296,3.90527,Nuit avec éclairage allumé,En agglomération,Hors intersection,Pluie forte,Sans collision,4,1,2,1,1,1,2,0,1,50,1,1,0,0,0,1,22.0,,deux_roues,,5,2,1,3,7
202400002841,2024-09-08 20:25:00,2024,9,8,20,25,972,97213,ROUTE NATIONALE 1,14.64255,-60.97628,Nuit sans éclairage public,Hors agglomération,Hors intersection,Autre,Deux véhicules - frontale,2,1,4,0,1,2,2,5,1,90,2,3,1,0,0,2,64.0,30.0,voiture,voiture,3,1,1,9,1
202400002842,2024-02-10 19:15:00,2024,2,10,19,15,33,33063,,44.83849,-0.621579,Nuit avec éclairage allumé,En agglomération,Hors intersection,Pluie légère,Deux véhicules - côté,4,2,2,2,1,1,2,-1,1,50,2,2,1,0,0,1,18.0,37.0,deux_roues,utilitaire_camion,5,2,1,2,3
202400002843,2024-08-15 20:58:00,2024,8,15,20,58,972,97213,HARDY DE SAINT-OMER (RUE),14.615573,-61.001052,Nuit avec éclairage allumé,En agglomération,Intersection en X,Normale,Deux véhicules - côté,4,1,1,0,1,1,1,0,1,50,2,2,1,0,0,1,35.0,,deux_roues,autre,5,2,2,1,3
202400002843,2024-08-15 20:58:00,2024,8,15,20,58,972,97213,HARDY DE SAINT-OMER (RUE),14.615573,-61.001052,Nuit avec éclairage allumé,En agglomération,Intersection en X,Normale,Deux véhicules - côté,4,1,1,0,1,1,1,0,1,50,2,2,1,0,0,1,35.0,,deux_roues,autre,5,2,2,1,3
202400002844,2024-02-10 11:00:00,2024,2,10,11,0,33,33063,,44.84789,-0.54765,Plein jour,En agglomération,Hors intersection,Normale,Deux véhicules - côté,4,3,4,3,1,1,1,4,5,50,2,2,1,0,0,1,69.0,35.0,voiture,deux_roues,1,2,1,1,3
202400002845,2024-08-03 14:25:00,2024,8,3,14,25,972,97213,AUTOROUTE A1,14.61818,-61.03456,Plein jour,Hors agglomération,Hors intersection,Normale,Deux véhicules - arrière,1,3,6,0,1,1,1,0,1,90,2,3,2,0,0,1,21.0,37.0,utilitaire_camion,utilitaire_camion,1,1,1,1,2
202400002846,2024-02-09 20:25:00,2024,2,9,20,25,30,30243,753 montée des Cyprès,44.097962,4.080638,Nuit sans éclairage public,Hors agglomération,Hors intersection,Pluie légère,Sans collision,3,2,2,0,1,1,2,0,1,70,1,3,2,1,0,0,20.0,,voiture,,3,1,1,2,7
202400002847,2024-07-16 18:00:00,2024,7,16,18,0,972,97213,ROUTE DEPARTEMENTALE 3,14.66842,-60.99314,Crépuscule ou aube,Hors agglomération,Hors intersection,Normale,Autre collision,3,2,2,-1,1,1,1,-1,1,70,1,1,0,0,0,1,40.0,,voiture,,2,1,1,1,6
202400002848,2024-02-10 16:00:00,2024,2,10,16,0,28,28404,NUISEMENT (CHEMIN DE),48.72011,1.37356,Plein jour,En agglomération,Autre intersection,Pluie légère,Autre collision,9,-1,0,0,1,1,2,0,8,30,1,2,1,0,0,1,44.0,,voiture,,1,2,9,2,6
202400002849,2024-09-20 19:15:00,2024,9,20,19,15,62,62133,Rue Danton,50.42256971,2.91693766,Plein jour,En agglomération,Hors intersection,Normale,Autre collision,4,2,0,0,1,1,1,9,1,50,1,1,0,0,1,0,35.0,,deux_roues,,1,2,1,1,6
202400002850,2024-02-09 15:10:00,2024,2,9,15,10,28,28134,RN 12 (DESCENTE ET PONT FERMAINCOURT),48.74658,1.38225,Plein jour,Hors agglomération,Hors intersection,Normale,Trois véhicules et plus - en chaîne,2,3,0,0,2,1,1,2,1,90,3,3,2,0,0,1,51.0,80.0,utilitaire_camion,voiture,1,1,1,1,4
202400002851,2024-02-10 10:25:00,2024,2,10,10,25,27,27351,FORET (RUE DE LA),49.236504,1.176557,Plein jour,En agglomération,Hors intersection,Pluie légère,Autre collision,4,2,2,0,1,1,2,9,8,50,1,2,1,0,1,0,70.0,,voiture,,1,2,1,2,6
202400002852,2024-04-26 17:43:00,2024,4,26,17,43,49,49248,Le Tremblay,47.660618,-1.091509,Plein jour,Hors agglomération,Intersection en X,Normale,Deux véhicules - côté,3,2,2,0,1,1,1,0,1,90,2,4,2,0,1,1,73.0,31.0,voiture,voiture,1,1,2,1,3
202400002852,2024-04-26 17:43:00,2024,4,26,17,43,49,49248,Le Tremblay,47.660618,-1.091509,Plein jour,Hors agglomération,Intersection en X,Normale,Deux véhicules - côté,3,2, -1,-1,1,1,1,0,1,-1,2,4,2,0,1,1,73.0,31.0,voiture,voiture,1,1,2,1,3
202400002853,2024-02-10 15:00:00,2024,2,10,15,0,14,14118,Rue d'Auge,49.17467,-0.35335,Plein jour,En agglomération,Giratoire,Normale,Deux véhicules - arrière,4,-1,2,0,1,2,1,5,1,50,2,2,1,0,0,1,78.0,56.0,voiture,deux_roues,1,2,6,1,2
202400002853,2024-02-10 15:00:00,2024,2,10,15,0,14,14118,Rue d'Auge,49.17467,-0.35335,Plein jour,En agglomération,Giratoire,Normale,Deux véhicules - arrière,4,-1,2,0,1,1,1,5,1,50,2,2,1,0,0,1,78.0,56.0,voiture,deux_roues,1,2,6,1,2
202400002854,2024-11-30 09:30:00,2024,11,30,9,30,91,91552,RTE NATIONALE 20,48.60577,2.24987,Plein jour,Hors agglomération,Hors intersection,Normale,Trois véhicules et plus - collisions multiples,3,2,4,0,1,1,1,0,1,70,3,3,1,0,0,2,26.0,29.0,voiture,voiture,1,1,1,1,5
202400002855,2024-02-10 23:27:00,2024,2,10,23,27,13,13203,BOUES (BOULEVARD),43.31184,5.38238,Nuit avec éclairage allumé,En agglomération,Hors intersection,Normale,Deux véhicules - frontale,4,-1,1,0,1,1,1,0,1,50,1,1,0,0,1,0,20.0,,deux_roues,,5,2,1,1,1
202400002856,2024-11-21 08:23:00,2024,11,21,8,23,91,91333,RUE PIERRE CURIE,48.61562,2.26104,Plein jour,En agglomération,Place,Temps couvert,Autre collision,4,1,1,0,2,2,2,5,1,30,1,2,1,0,0,1,31.0,,voiture,,1,2,7,8,6
202400002857,2024-02-10 20:10:00,2024,2,10,20,10,13,13206,BAILLE (BOULEVARD),43.28832,5.39277,Nuit avec éclairage allumé,En agglomération,Intersection en X,Normale,Deux véhicules - côté,4,2,4,3,1,1,1,0,1,50,2,3,1,0,2,0,18.0,41.0,deux_roues,voiture,5,2,2,1,3
202400002857,2024-02-10 20:10:00,2024,2,10,20,10,13,13206,BAILLE (BOULEVARD),43.28832,5.39277,Nuit avec éclairage allumé,En agglomération,Intersection en X,Normale,Deux véhicules - côté,4,1,1,0,1,1,1,0,1,50,2,3,1,0,2,0,18.0,41.0,deux_roues,voiture,5,2,2,1,3
202400002858,2024-11-08 19:52:00,2024,11,8,19,52,91,91549,PRESIDENT FRANKLIN ROOSEVELT (PL.DU),48.65293,2.31434,Nuit avec éclairage allumé,En agglomération,Place,Normale,Autre collision,6,-1, -1,3,2,1,1,9,1,50,1,2,1,1,0,0,54.0,,transport_commun,,5,2,7,1,6
202400002859,2024-02-09 18:00:00,2024,2,9,18,0,13,13209,EMILE ZOLA (RUE),43.24798,5.39959,Nuit avec éclairage allumé,En agglomération,Hors intersection,Pluie légère,Deux véhicules - côté,4,2,2,0,1,1,2,0,1,50,2,2,1,0,0,1,37.0,24.0,voiture,deux_roues,5,2,1,2,3
202400002860,2024-02-10 07:00:00,2024,2,10,7,0,06,06088,Promenade des Anglais,43.68675,7.23753,Nuit avec éclairage allumé,En agglomération,Hors intersection,Pluie forte,Autre collision,7,3,6,0,1,1,2,0,1,50,1,2,1,1,0,0,55.0,,voiture,,5,2,1,3,6
202400002861,2024-12-06 07:40:00,2024,12,6,7,40,57,57416,Autoroute A31,48.990598,6.104783,Nuit sans éclairage public,Hors agglomération,Hors intersection,Normale,Trois véhicules et plus - en chaîne,1,2,4,0,1,1,1,0,8,110,6,6,5,0,0,1,34.0,57.0,utilitaire_camion,utilitaire_camion,3,1,1,1,4
202400002862,2024-02-09 22:35:00,2024,2,9,22,35,75,75116,PORTE MAILLOT,48.876323,2.278525,Nuit avec éclairage allumé,En agglomération,Hors intersection,Normale,Trois véhicules et plus - collisions multiples,4,1,4,0,1,1,1,0,1,70,3,3,2,0,0,1,59.0,55.0,voiture,voiture,5,2,1,1,5
202400002863,2024-12-04 17:25:00,2024,12,4,17,25,57,57647,Autoroute A30,49.31833673,6.07588654,Nuit sans éclairage public,Hors agglomération,Autre intersection,Temps couvert,Deux véhicules - côté,1,1,2,0,1,1,2,0,1,80,2,4,2,0,0,2,51.0,52.0,voiture,voiture,3,1,9,8,3
202400002864,2024-02-08 22:35:00,2024,2,8,22,35,75,75108,PLACE SAINT AUGUSTIN,48.875683,2.319586,Nuit avec éclairage allumé,En agglomération,Intersection en X,Pluie forte,Autre collision,4,2,2,0,1,1,2,0,1,50,1,2,1,0,0,1,24.0,,transport_commun,,5,2,2,3,6
202400002864,2024-02-08 22:35:00,2024,2,8,22,35,75,75108,PLACE SAINT AUGUSTIN,48.875683,2.319586,Nuit avec éclairage allumé,En agglomération,Intersection en X,Pluie forte,Autre collision,4,1,4,0,1,2,2,6,1,30,1,2,1,0,0,1,24.0,,transport_commun,,5,2,2,3,6
202400002865,2024-08-26 19:00:00,2024,8,26,19,0,2A,2A330,rt20,42.0668174,8.97887707,Plein jour,Hors agglomération,Hors intersection,Normale,Sans collision,2,2,2,0,1,1,1,0,1,80,1,1,0,0,0,1,32.0,,deux_roues,,1,1,1,1,7
202400002866,2024-02-10 21:05:00,2024,2,10,21,5,75,75119,RUE DU MAROC,48.887329,2.36706,Nuit avec éclairage allumé,En agglomération,Intersection en T,Pluie légère,Deux véhicules - frontale,4,1, -1,0,1,1,2,0,1,30,2,3,2,0,0,1,23.0,34.0,voiture,deux_roues,5,2,3,2,1
202400002866,2024-02-10 21:05:00,2024,2,10,21,5,75,75119,RUE DU MAROC,48.887329,2.36706,Nuit avec éclairage allumé,En agglomération,Intersection en T,Pluie légère,Deux véhicules - frontale,4,2,2,0,1,1,2,0,1,30,2,3,2,0,0,1,23.0,34.0,voiture,deux_roues,5,2,3,2,1
202400002867,2024-09-12 23:50:00,2024,9,12,23,50,72,72181,DEMORIEUX (BD) ENTRE HUISNE ET RD-POINT,47.99822,0.1886,Nuit avec éclairage allumé,En agglomération,Giratoire,Temps couvert,Deux véhicules - côté,4,-1,4,0,1,2,2,5,1,50,2,2,1,0,0,1,22.0,,voiture,autre,5,2,6,8,3
202400002867,2024-09-12 23:50:00,2024,9,12,23,50,72,72181,DEMORIEUX (BD) ENTRE HUISNE ET RD-POINT,47.99822,0.1886,Nuit avec éclairage allumé,En agglomération,Giratoire,Temps couvert,Deux véhicules - côté,4,-1,2,0,1,2,2,5,1,50,2,2,1,0,0,1,22.0,,voiture,autre,5,2,6,8,3
202400002868,2024-02-10 18:40:00,2024,2,10,18,40,75,75119,AVENUE CORENTIN CARIOU,48.89513,2.382756,Nuit avec éclairage allumé,En agglomération,Intersection en T,Pluie légère,Sans collision,4,2,3,0,1,1,2,0,1,30,2,2,1,0,0,1,34.0,,deux_roues,voiture,5,2,3,2,7
202400002868,2024-02-10 18:40:00,2024,2,10,18,40,75,75119,AVENUE CORENTIN CARIOU,48.89513,2.382756,Nuit avec éclairage allumé,En agglomération,Intersection en T,Pluie légère,Sans collision,4,1, -1,0,1,1,2,0,1,30,2,2,1,0,0,1,34.0,,deux_roues,voiture,5,2,3,2,7
202400002869,2024-10-22 22:25:00,2024,10,22,22,25,59,59153,D935,50.445,3.59,Nuit sans éclairage public,Hors agglomération,Hors intersection,Normale,Deux véhicules - frontale,3,2,2,0,1,1,1,0,1,70,2,2,1,0,1,0,39.0,32.0,utilitaire_camion,voiture,3,1,1,1,1
202400002870,2024-12-30 22:20:00,2024,12,30,22,20,13,13215,A55-Sens Marseille vers Martigues,43.32627247,5.35990923,Nuit sans éclairage public,Hors agglomération,Hors intersection,Normale,Sans collision,1,-1,2,0,1,2,1,0,1,70,1,4,3,0,0,1,21.0,,voiture,,3,1,1,1,7
202400002871,2024-02-09 23:40:00,2024,2,9,23,40,75,75118,BOULEVARD DE ROCHECHOUART,48.8838,2.349032,Nuit avec éclairage allumé,En agglomération,Hors intersection,Normale,Trois véhicules et plus - collisions multiples,4,1,2,3,1,1,1,0,1,30,3,4,2,0,0,2,30.0,56.0,deux_roues,voiture,5,2,1,1,5
202400002872,2024-11-19 14:55:00,2024,11,19,14,55,73,73008,SIMOND ST AVENUE,45.70693204,5.91494598,Plein jour,En agglomération,Hors intersection,Pluie légère,Autre collision,4,2,2,0,1,1,2,0,1,50,1,2,1,0,1,0,31.0,,voiture,,1,2,1,2,6
202400002873,2024-02-10 19:30:00,2024,2,10,19,30,75,75117,BOULEVARD DE COURCELLES,48.878661,2.300855,Nuit avec éclairage allumé,En agglomération,Intersection en X,Normale,Autre collision,4,2,4,1,1,1,2,0,1,30,1,2,1,0,0,1,,,voiture,,5,2,2,1,6
202400002873,2024-02-10 19:30:00,2024,2,10,19,30,75,75117,BOULEVARD DE COURCELLES,48.878661,2.300855,Nuit avec éclairage allumé,En agglomération,Intersection en X,Normale,Autre collision,4,1,1,0,2,1,2,0,1,30,1,2,1,0,0,1,,,voiture,,5,2,2,1,6
202400002874,2024-12-17 08:00:00,2024,12,17,8,0,78,78158,,48.825552,2.122841,Crépuscule ou aube,En agglomération,Hors intersection,Pluie légère,Autre collision,4,2, -1,-1,1,1,2,0,1,-1,1,2,1,0,0,1,45.0,,voiture,,2,2,1,2,6
202400002875,2024-02-10 03:15:00,2024,2,10,3,15,75,75117,AVENUE DES TERNES,48.878347,2.2956,Nuit avec éclairage allumé,En agglomération,Intersection en T,Normale,Autre collision,4,2,4,0,1,1,1,0,4,30,1,1,0,0,1,0,25.0,,deux_roues,,5,2,3,1,6
202400002875,2024-02-10 03:15:00,2024,2,10,3,15,75,75117,AVENUE DES TERNES,48.878347,2.2956,Nuit avec éclairage allumé,En agglomération,Intersection en T,Normale,Autre collision,4,2, -1,0,1,1,1,0,4,30,1,1,0,0,1,0,25.0,,deux_roues,,5,2,3,1,6
202400002876,2024-12-28 18:55:00,2024,12,28,18,55,22,22161,Rue Désiré le Bonniec,48.565025,-3.142562,Nuit avec éclairage allumé,En agglomération,Intersection en T,Normale,Deux véhicules - frontale,4,1,1,0,2,1,1,0,1,50,2,2,1,0,1,0,67.0,16.0,voiture,deux_roues,5,2,3,1,1
202400002876,2024-12-28 18:55:00,2024,12,28,18,55,22,22161,Rue Désiré le Bonniec,48.565025,-3.142562,Nuit avec éclairage allumé,En agglomération,Intersection en T,Normale,Deux véhicules - frontale,4,2,2,0,2,1,1,0,1,50,2,2,1,0,1,0,67.0,16.0,voiture,deux_roues,5,2,3,1,1
202400002877,2024-02-09 19:15:00,2024,2,9,19,15,75,75115,AVENUE DE SUFFREN,48.849419,2.303786,Nuit avec éclairage allumé,En agglomération,Intersection en X,Pluie légère,Autre collision,4,2,2,0,1,1,2,0,1,30,1,3,1,0,0,2,21.0,,utilitaire_camion,,5,2,2,2,6
202400002877,2024-02-09 19:15:00,2024,2,9,19,15,75,75115,AVENUE DE SUFFREN,48.849419,2.303786,Nuit avec éclairage allumé,En agglomération,Intersection en X,Pluie légère,Autre collision,4,2,2,1,1,1,2,0,1,30,1,3,1,0,0,2,21.0,,utilitaire_camion,,5,2,2,2,6
202400002878,2024-12-30 07:10:00,2024,12,30,7,10,22,22176,rond point de bembridge,48.447522,-2.747526,Nuit avec éclairage allumé,En agglomération,Giratoire,Normale,Deux véhicules - côté,3,1,2,0,1,2,2,0,1,50,2,2,1,0,0,1,32.0,30.0,deux_roues,voiture,5,2,6,1,3
202400002878,2024-12-30 07:10:00,2024,12,30,7,10,22,22176,rond point de bembridge,48.447522,-2.747526,Nuit avec éclairage allumé,En agglomération,Giratoire,Normale,Deux véhicules - côté,3,-1,2,0,1,1,2,0,1,50,2,2,1,0,0,1,32.0,30.0,deux_roues,voiture,5,2,6,1,3
202400002879,2024-02-10 17:55:00,2024,2,10,17,55,75,75108,AVENUE FRANKLIN D ROOSEVELT,48.872565,2.310041,Plein jour,En agglomération,Intersection en X,Pluie légère,Autre collision,4,1,3,3,1,1,2,5,1,30,1,2,1,0,0,1,27.0,,transport_commun,,1,2,2,2,6
202400002879,2024-02-10 17:55:00,2024,2,10,17,55,75,75108,AVENUE FRANKLIN D ROOSEVELT,48.872565,2.310041,Plein jour,En agglomération,Intersection en X,Pluie légère,Autre collision,4,1, -1,0,1,1,2,5,1,30,1,2,1,0,0,1,27.0,,transport_commun,,1,2,2,2,6
202400002880,2024-12-03 21:00:00,2024,12,3,21,0,22,22171,ldit le colombier,48.403402,-2.823985,Nuit sans éclairage public,Hors agglomération,Hors intersection,Pluie légère,Deux véhicules - côté,3,3,0,0,2,1,2,0,1,80,2,2,1,0,0,1,28.0,53.0,utilitaire_camion,voiture,3,1,1,2,3
202400002881,2024-02-10 01:55:00,2024,2,10,1,55,75,75108,RUE LA BOETIE,48.873693,2.31466,Nuit avec éclairage allumé,En agglomération,Intersection en X,Normale,Deux véhicules - côté,4,1,1,0,1,1,2,0,1,30,2,2,1,0,0,1,30.0,33.0,utilitaire_camion,deux_roues,5,2,2,1,3
202400002881,2024-02-10 01:55:00,2024,2,10,1,55,75,75108,RUE LA BOETIE,48.873693,2.31466,Nuit avec éclairage allumé,En agglomération,Intersection en X,Normale,Deux véhicules - côté,4,1,1,0,2,1,2,0,1,30,2,2,1,0,0,1,30.0,33.0,utilitaire_camion,deux_roues,5,2,2,1,3
202400002882,2024-12-30 15:30:00,2024,12,30,15,30,22,22045,Kerlabo,48.44501,-2.947973,Plein jour,Hors agglomération,Intersection en T,Temps couvert,Deux véhicules - côté,3,2,2,0,1,1,1,0,8,80,2,2,1,0,0,1,27.0,82.0,voiture,voiture,1,1,3,8,3
202400002882,2024-12-30 15:30:00,2024,12,30,15,30,22,22045,Kerlabo,48.44501,-2.947973,Plein jour,Hors agglomération,Intersection en T,Temps couvert,Deux véhicules - côté,3,2,2,0,1,1,1,0,1,80,2,2,1,0,0,1,27.0,82.0,voiture,voiture,1,1,3,8,3
202400002883,2024-02-10 19:00:00,2024,2,10,19,0,94,94003,65 Avenue Paul Vaillant-Couturier,48.79912,2.344954,Nuit avec éclairage allumé,En agglomération,Hors intersection,Pluie légère,Deux véhicules - arrière,3,2,2,0,1,1,2,0,1,50,2,3,2,0,0,1,47.0,79.0,voiture,voiture,5,2,1,2,2
202400002884,2024-02-10 14:50:00,2024,2,10,14,50,94,94076,90 Rue de Chevilly,48.78264757,2.35518386,Plein jour,En agglomération,Hors intersection,Pluie légère,Deux véhicules - frontale,4,2,2,0,1,1,2,0,1,50,2,3,0,0,0,3,25.0,55.0,utilitaire_camion,voiture,1,2,1,2,1
202400002885,2024-11-08 23:20:00,2024,11,8,23,20,71,71040,RN 70 (ROUTE EXPRESS),46.69173,4.37877,Nuit sans éclairage public,Hors agglomération,Hors intersection,Normale,Deux véhicules - côté,2,2,2,0,1,2,1,0,1,50,2,5,1,0,0,4,52.0,15.0,voiture,voiture,3,1,1,1,3
202400002886,2024-02-09 06:48:00,2024,2,9,6,48,93,93064,Avenue du Général de Gaulle / A86,48.881732,2.476351,Nuit avec éclairage allumé,En agglomération,Autre intersection,Pluie légère,Autre collision,1,1,2,0,1,1,2,0,1,50,1,2,1,0,0,1,,,voiture,,5,2,9,2,6
202400002886,2024-02-09 06:48:00,2024,2,9,6,48,93,93064,Avenue du Général de Gaulle / A86,48.881732,2.476351,Nuit avec éclairage allumé,En agglomération,Autre intersection,Pluie légère,Autre collision,1,1,2,0,2,1,2,3,1,-1,1,2,1,0,0,1,,,voiture,,5,2,9,2,6
202400002887,2024-07-20 11:34:00,2024,7,20,11,34,39,39078,,47.105843,5.518076,Plein jour,Hors agglomération,Intersection en X,Normale,Deux véhicules - côté,3,2,2,0,1,1,1,5,1,80,2,3,1,0,0,2,42.0,35.0,voiture,voiture,1,1,2,1,3
202400002887,2024-07-20 11:34:00,2024,7,20,11,34,39,39078,,47.105843,5.518076,Plein jour,Hors agglomération,Intersection en X,Normale,Deux véhicules - côté,3,2,2,-1,1,1,1,5,8,80,2,3,1,0,0,2,42.0,35.0,voiture,voiture,1,1,2,1,3
202400002888,2024-02-10 03:15:00,2024,2,10,3,15,93,93006,Rue Robespierre / Rue Victor Hugo,48.85804347,2.42155999,Nuit avec éclairage allumé,En agglomération,Intersection en X,Normale,Deux véhicules - côté,3,1,1,0,1,1,1,0,1,30,2,2,1,0,0,1,34.0,27.0,deux_roues,voiture,5,2,2,1,3
202400002888,2024-02-10 03:15:00,2024,2,10,3,15,93,93006,Rue Robespierre / Rue Victor Hugo,48.85804347,2.42155999,Nuit avec éclairage allumé,En agglomération,Intersection en X,Normale,Deux véhicules - côté,3,1,1,0,1,1,1,0,1,30,2,2,1,0,0,1,34.0,27.0,deux_roues,voiture,5,2,2,1,3
202400002889,2024-11-08 16:25:00,2024,11,8,16,25,43,43012,Avenue de Firminy,45.371176,4.20697,Plein jour,En agglomération,Giratoire,Normale,Deux véhicules - côté,3,2,2,0,1,1,1,0,1,50,2,2,1,0,1,0,83.0,44.0,deux_roues,voiture,1,2,6,1,3
202400002890,2024-02-10 12:45:00,2024,2,10,12,45,92,92046,PIERRE VALETTE (RUE),48.816601,2.30216861,Plein jour,En agglomération,Hors intersection,Pluie légère,Autre collision,4,1,1,0,1,1,2,0,1,50,1,2,1,0,0,1,31.0,,voiture,,1,2,1,2,6
202400002891,2024-11-15 19:40:00,2024,11,15,19,40,59,59360,rue Jules Ferry,50.613582,3.024681,Crépuscule ou aube,En agglomération,Passage à niveau,Normale,Autre collision,4,2,2,0,1,1,1,4,8,30,1,2,1,1,0,0,28.0,,transport_commun,,2,2,8,1,6
202400002892,2024-02-10 16:30:00,2024,2,10,16,30,92,92051,"CHARLES DE GAULLE (AVENUE,N°118 A 192 +",48.8827696,2.26755363,Plein jour,En agglomération,Hors intersection,Pluie légère,Autre collision,4,1,1,1,1,1,2,0,1,30,1,2,1,0,0,1,26.0,,voiture,,1,2,1,2,6
202400002893,2024-12-12 07:50:00,2024,12,12,7,50,84,84087,FOCH (AVENUE MARECHAL),44.133,4.8,Plein jour,En agglomération,Hors intersection,Normale,Deux véhicules - frontale,4,2,2,0,1,1,1,0,1,50,2,2,0,0,1,1,53.0,53.0,deux_roues,voiture,1,2,1,1,1
202400002894,2024-02-10 12:00:00,2024,2,10,12,0,92,92050,FOCH MARECHAL PLACE DU,48.88827,2.19345,Plein jour,En agglomération,Place,Pluie légère,Autre collision,4,2,4,1,1,1,2,0,1,50,1,2,1,0,0,1,40.0,,voiture,,1,2,7,2,6
202400002895,2024-12-30 07:40:00,2024,12,30,7,40,60,60057,Avenue Président J.F. Kennedy,49.42382,2.10542,Nuit avec éclairage allumé,En agglomération,Hors intersection,Pluie légère,Deux véhicules - frontale,4,2,1,1,1,1,2,0,1,50,2,2,1,0,0,1,47.0,21.0,voiture,deux_roues,5,2,1,2,1
202400002896,2024-02-10 13:15:00,2024,2,10,13,15,92,92049,DORMOY AVENUE MARX N°102 A FIN,48.81068967,2.30792373,Plein jour,En agglomération,Intersection en T,Pluie légère,Deux véhicules - côté,3,1,1,0,1,1,2,0,1,50,2,3,2,0,0,1,52.0,31.0,voiture,voiture,1,2,3,2,3