accident_id,datetime,annee,mois,jour,heure,minute,departement,commune_insee,adresse,latitude,longitude,luminosite,agglomeration,intersection,meteo,collision,catr,circ,nbv,vosp,prof,plan,surf,infra,situ,vma,nb_vehicules,nb_usagers,nb_indemnes,nb_tues,nb_blesses_hosp,nb_blesses_legers,age_cond_1,age_cond_2,veh_type_cond_1,veh_type_cond_2,lum_code,agg_code,int_code,atm_code,col_code
202400002896,2024-02-10 13:15:00,2024,2,10,13,15,92,92049,DORMOY AVENUE MARX N°102 A FIN,48.81068967,2.30792373,Plein jour,En agglomération,Intersection en T,Pluie légère,Deux véhicules - côté,3,2,2,0,1,1,2,0,1,50,2,3,2,0,0,1,52.0,31.0,voiture,voiture,1,2,3,2,3
202400002897,2024-11-15 02:23:00,2024,11,15,2,23,28,28417,D983,48.614569,1.54918,Nuit sans éclairage public,Hors agglomération,Hors intersection,Pluie légère,Autre collision,3,2,2,0,1,1,2,0,8,80,1,1,0,0,1,0,34.0,,voiture,,3,1,1,2,6
202400002898,2024-02-10 07:10:00,2024,2,10,7,10,92,92020,PAIX AVENUE DE LA N°1 A 55 ET 2 A 70,48.805552,2.28327702,Nuit avec éclairage allumé,En agglomération,Hors intersection,Normale,Sans collision,4,1,1,0,1,1,1,0,1,30,1,1,0,0,0,1,38.0,,voiture,,5,2,1,1,7
202400002899,2024-02-10 20:20:00,2024,2,10,20,20,92,92012,GEORGES GORSE (QUAI),48.82488913,2.23508584,Nuit avec éclairage allumé,En agglomération,Hors intersection,Pluie légère,Deux véhicules - côté,3,-1,2,0,1,1,2,0,1,50,2,3,2,0,0,1,34.0,20.0,voiture,deux_roues,5,2,1,2,3
202400002900,2024-11-28 16:30:00,2024,11,28,16,30,84,84031,COUBERTIN AVENUE PIERRE DE,44.03261,5.05803,Plein jour,En agglomération,Intersection en T,Normale,Deux véhicules - côté,4,2,2,0,1,1,1,0,1,50,2,3,1,0,2,0,47.0,58.0,voiture,deux_roues,1,2,3,1,3
202400002900,2024-11-28 16:30:00,2024,11,28,16,30,84,84031,COUBERTIN AVENUE PIERRE DE,44.03261,5.05803,Plein jour,En agglomération,Intersection en T,Normale,Deux véhicules - côté,4,2,2,0,1,1,1,0,1,50,2,3,1,0,2,0,47.0,58.0,voiture,deux_roues,1,2,3,1,3
202400002901,2024-11-22 18:32:00,2024,11,22,18,32,84,84080,PERNES ROUTE DE,44.02172,5.02353,Nuit sans éclairage public,Hors agglomération,Hors intersection,Normale,Autre collision,3,2,2,0,1,1,1,0,3,80,1,1,0,0,1,0,14.0,,deux_roues,,3,1,1,1,6
202400002902,2024-02-09 17:40:00,2024,2,9,17,40,92,92004,MARNE   ( AVENUE DE LA ),48.90616456,2.28134823,Crépuscule ou aube,En agglomération,Intersection en X,Pluie légère,Deux véhicules - côté,3,2,2,0,1,1,2,0,1,50,2,2,1,0,0,1,31.0,51.0,voiture,deux_roues,2,2,2,2,3
202400002902,2024-02-09 17:40:00,2024,2,9,17,40,92,92004,MARNE   ( AVENUE DE LA ),48.90616456,2.28134823,Crépuscule ou aube,En agglomération,Intersection en X,Pluie légère,Deux véhicules - côté,3,2,2,0,2,1,2,0,1,50,2,2,1,0,0,1,31.0,51.0,voiture,deux_roues,2,2,2,2,3
202400002903,2024-02-11 08:45:00,2024,2,11,8,45,51,51040,Avenue Michel,48.798182,4.665812,Plein jour,En agglomération,Hors intersection,Normale,Autre collision,4,2,2,0,1,1,2,0,1,50,1,2,0,0,0,2,20.0,,voiture,,1,2,1,1,6
202400002904,2024-12-30 08:20:00,2024,12,30,8,20,38,38544,BERTHELOT(AV),45.53836,4.87196,Plein jour,En agglomération,Hors intersection,Normale,Autre collision,4,2,2,0,1,1,1,0,1,50,1,2,1,0,1,0,,,utilitaire_camion,,1,2,1,1,6
202400002905,2024-02-11 00:30:00,2024,2,11,0,30,2A,2A094,#D757 Corrano#,41.86625479,9.07409415,Nuit sans éclairage public,Hors agglomération,Hors intersection,Pluie forte,Autre collision,3,2,2,0,4,2,2,0,8,80,1,3,0,0,0,3,39.0,,voiture,,3,1,1,3,6
202400002906,2024-02-11 15:00:00,2024,2,11,15,0,86,86162,Boué,46.925458,0.4503,Plein jour,Hors agglomération,Hors intersection,Temps couvert,Autre collision,4,2,1,0,1,1,1,0,1,90,1,1,0,0,1,0,25.0,,deux_roues,,1,1,1,8,6
202400002907,2024-12-16 12:00:00,2024,12,16,12,0,38,38544,D41,45.51818,4.91808,Plein jour,En agglomération,Giratoire,Normale,Deux véhicules - côté,3,2,1,0,1,1,1,0,1,50,2,2,1,0,0,1,64.0,39.0,deux_roues,voiture,1,2,6,1,3
202400002907,2024-12-16 12:00:00,2024,12,16,12,0,38,38544,D41,45.51818,4.91808,Plein jour,En agglomération,Giratoire,Normale,Deux véhicules - côté,3,2,2,0,1,1,1,0,1,50,2,2,1,0,0,1,64.0,39.0,deux_roues,voiture,1,2,6,1,3
202400002908,2024-02-10 20:05:00,2024,2,10,20,5,11,11069,A61,43.196323,2.2964,Nuit sans éclairage public,Hors agglomération,Hors intersection,Normale,Deux véhicules - arrière,1,3,2,0,1,1,1,0,1,130,2,4,2,0,1,1,54.0,29.0,utilitaire_camion,utilitaire_camion,3,1,1,1,2
202400002909,2024-11-15 18:20:00,2024,11,15,18,20,38,38516,Avenue Maréchal Randon,45.201,5.74175,Nuit sans éclairage public,En agglomération,Hors intersection,Normale,Deux véhicules - côté,4,2,6,1,1,1,1,0,6,30,2,2,1,0,0,1,53.0,62.0,transport_commun,deux_roues,3,2,1,1,3
202400002910,2024-02-09 19:00:00,2024,2,9,19,0,68,68097,Route départementale 11,48.169348,7.194457,Nuit sans éclairage public,En agglomération,Hors intersection,Normale,Autre collision,3,3,2,0,1,1,1,0,1,50,1,1,0,0,1,0,21.0,,voiture,,3,2,1,1,6
202400002911,2024-02-10 22:10:00,2024,2,10,22,10,972,97203,route national 1,14.865611,-61.11138,Nuit avec éclairage allumé,En agglomération,Hors intersection,Temps couvert,Autre collision,2,2,2,0,1,1,2,0,1,50,1,2,1,0,0,1,50.0,,voiture,,5,2,1,8,6
202400002912,2024-11-19 11:20:00,2024,11,19,11,20,987,98724,"RT 111, district de Fitii  - Face boulagerie LICHON",-16.736619,-151.031628,Plein jour,En agglomération,Hors intersection,Normale,Deux véhicules - arrière,2,2,2,0,1,1,9,0,1,40,2,3,2,0,1,0,46.0,22.0,deux_roues,deux_roues,1,2,1,1,2
202400002913,2024-12-26 13:15:00,2024,12,26,13,15,62,62160,Boulevard de l’Europe,50.71388092,1.60310823,Plein jour,En agglomération,Autre intersection,Normale,Deux véhicules - côté,4,1,2,0,1,3,1,0,1,50,2,2,1,0,1,0,27.0,23.0,deux_roues,voiture,1,2,9,1,3
202400002914,2024-02-11 15:00:00,2024,2,11,15,0,30,30209,,43.987772,4.747427,Plein jour,Hors agglomération,Giratoire,Normale,Deux véhicules - frontale,3,2,1,0,1,2,1,5,1,80,2,3,2,0,1,0,58.0,45.0,deux_roues,voiture,1,1,6,1,1
202400002915,2024-12-20 16:00:00,2024,12,20,16,0,62,62758,Route de Saint Omer,50.72547196,1.62468821,Plein jour,En agglomération,Intersection en T,Normale,Autre collision,4,2,2,0,1,1,1,0,8,50,2,1,0,0,1,0,52.0,,deux_roues,,1,2,3,1,6
202400002915,2024-12-20 16:00:00,2024,12,20,16,0,62,62758,Route de Saint Omer,50.72547196,1.62468821,Plein jour,En agglomération,Intersection en T,Normale,Autre collision,4,2,2,0,2,1,1,0,1,50,2,1,0,0,1,0,52.0,,deux_roues,,1,2,3,1,6
202400002916,2024-02-11 05:45:00,2024,2,11,5,45,83,83131,Route Départementale 554,43.224849,6.021575,Nuit sans éclairage public,Hors agglomération,Hors intersection,Normale,Deux véhicules - frontale,3,2,2,0,2,2,1,0,1,80,2,2,0,0,1,1,21.0,60.0,voiture,voiture,3,1,1,1,1
202400002917,2024-12-14 22:50:00,2024,12,14,22,50,62,62194,Rue de Wavrans,50.48799,2.49494,Nuit sans éclairage public,En agglomération,Hors intersection,Temps couvert,Sans collision,4,1,1,0,2,1,1,0,1,50,1,2,0,0,1,1,37.0,,deux_roues,,3,2,1,8,7
202400002918,2024-02-10 21:18:00,2024,2,10,21,18,62,62611,D5,50.237544,2.825654,Nuit sans éclairage public,Hors agglomération,Hors intersection,Normale,Autre collision,3,2,2,0,1,3,2,0,3,80,1,1,0,0,0,1,35.0,,voiture,,3,1,1,1,6
202400002919,2024-02-11 12:00:00,2024,2,11,12,0,56,56034,Route de Kerloquet,47.598878,-3.059864,Plein jour,Hors agglomération,Hors intersection,Normale,Sans collision,3,2,2,0,2,3,1,0,1,50,1,1,0,1,0,0,78.0,,deux_roues,,1,1,1,1,7
202400002920,2024-11-15 18:30:00,2024,11,15,18,30,62,62555,D70,50.50390188,2.51024179,Nuit avec éclairage non allumé,En agglomération,Hors intersection,Normale,Autre collision,3,-1,2,0,1,1,1,0,1,50,1,2,1,0,1,0,49.0,,voiture,,4,2,1,1,6
202400002921,2024-02-10 20:20:00,2024,2,10,20,20,80,80522,D211,49.876006,1.772272,Nuit sans éclairage public,Hors agglomération,Hors intersection,Pluie légère,Autre collision,3,2,2,0,2,1,2,0,3,80,1,2,1,0,0,1,33.0,,voiture,,3,1,1,2,6
202400002922,2024-02-11 01:00:00,2024,2,11,1,0,11,11254,route départementale 119,43.19163,2.10226,Nuit sans éclairage public,Hors agglomération,Hors intersection,Pluie légère,Autre collision,3,-1,2,0,2,3,2,0,1,80,1,1,0,0,1,0,20.0,,voiture,,3,1,1,2,6
202400002923,2024-02-10 08:30:00,2024,2,10,8,30,61,61028,D909,48.826927,-0.240669,Plein jour,Hors agglomération,Hors intersection,Pluie légère,Autre collision,3,2,2,0,1,1,2,0,3,90,1,1,0,0,1,0,28.0,,voiture,,1,1,1,2,6
202400002924,2024-02-11 12:10:00,2024,2,11,12,10,25,25586,la Bégelle,47.463148,6.889318,Plein jour,Hors agglomération,Hors intersection,Pluie légère,Sans collision,3,2,2,0,1,1,2,0,8,80,1,1,0,0,1,0,64.0,,voiture,,1,1,1,2,7
202400002925,2024-02-11 19:35:00,2024,2,11,19,35,44,44067,21 la Belle Epine de Gascaigne,47.617237,-1.823934,Nuit sans éclairage public,Hors agglomération,Hors intersection,Normale,Autre collision,3,2,2,0,1,1,2,0,3,80,1,1,0,0,1,0,39.0,,voiture,,3,1,1,1,6
202400002926,2024-12-12 17:50:00,2024,12,12,17,50,44,44132,Route de Guérande,47.279068,-2.30092477,Nuit avec éclairage allumé,Hors agglomération,Hors intersection,Normale,Deux véhicules - côté,4,2,2,0,1,1,1,0,1,70,2,2,1,0,0,1,39.0,15.0,voiture,deux_roues,5,1,1,1,3
202400002927,2024-02-10 20:35:00,2024,2,10,20,35,44,44146,Le Hypean,47.774633,-1.455646,Nuit sans éclairage public,Hors agglomération,Hors intersection,Normale,Sans collision,3,2,2,0,1,3,2,0,3,80,1,1,0,1,0,0,60.0,,voiture,,3,1,1,1,7
202400002928,2024-12-21 23:30:00,2024,12,21,23,30,32,32446,D3,43.476747,0.273499,Nuit sans éclairage public,En agglomération,Hors intersection,Pluie forte,Sans collision,3,2,2,0,1,1,2,0,3,50,1,1,0,0,1,0,21.0,,voiture,,3,2,1,3,7
202400002929,2024-02-07 05:30:00,2024,2,7,5,30,29,29244,D32,48.53113232,-4.17850299,Nuit sans éclairage public,Hors agglomération,Hors intersection,Pluie légère,Deux véhicules - arrière,3,2,2,0,1,1,2,0,1,80,2,2,1,0,1,0,40.0,50.0,deux_roues,voiture,3,1,1,2,2
202400002930,2024-02-11 04:50:00,2024,2,11,4,50,31,31033,21 Boulevard Notre Dame,43.342058,1.486321,Nuit avec éclairage allumé,En agglomération,Hors intersection,Normale,Autre collision,4,2,2,0,1,1,1,0,3,50,1,1,0,0,1,0,19.0,,voiture,,5,2,1,1,6
202400002931,2024-11-06 17:15:00,2024,11,6,17,15,32,32319,Rue de Barbat,43.604767,0.043591,Plein jour,En agglomération,Hors intersection,Normale,Deux véhicules - frontale,3,2,1,0,1,1,1,0,1,50,2,2,1,0,1,0,55.0,68.0,voiture,deux_roues,1,2,1,1,1
202400002932,2024-02-10 11:00:00,2024,2,10,11,0,38,38439,d525,45.367871,6.044047,Plein jour,Hors agglomération,Hors intersection,Pluie légère,Autre collision,3,2,2,2,1,1,2,0,3,70,1,2,1,0,1,0,22.0,,voiture,,1,1,1,2,6
202400002933,2024-12-31 11:30:00,2024,12,31,11,30,43,43154,N88,44.76337233,3.88501083,Plein jour,Hors agglomération,Hors intersection,Normale,Deux véhicules - frontale,2,1,2,0,2,3,1,0,1,80,2,2,1,1,0,0,25.0,36.0,voiture,utilitaire_camion,1,1,1,1,1
202400002934,2024-02-10 18:00:00,2024,2,10,18,0,02,02748,Route de Dormans,49.07803,3.628482,Crépuscule ou aube,Hors agglomération,Hors intersection,Pluie légère,Autre collision,3,2,2,0,4,3,2,0,3,70,1,6,4,1,0,1,51.0,,utilitaire_camion,,2,1,1,2,6
202400002935,2024-07-18 19:40:00,2024,7,18,19,40,91,91521,Rue Edmond Bonté,48.65675,2.40976,Plein jour,En agglomération,Intersection en T,Normale,Deux véhicules - côté,3,2,2,0,1,1,1,0,1,50,2,2,1,0,0,1,34.0,36.0,utilitaire_camion,deux_roues,1,2,3,1,3
202400002935,2024-07-18 19:40:00,2024,7,18,19,40,91,91521,Rue Edmond Bonté,48.65675,2.40976,Plein jour,En agglomération,Intersection en T,Normale,Deux véhicules - côté,3,2, -1,-1,1,1,1,0,1,-1,2,2,1,0,0,1,34.0,36.0,utilitaire_camion,deux_roues,1,2,3,1,3
202400002936,2024-02-11 07:40:00,2024,2,11,7,40,72,72071,5 Chemin de Goulard,47.68462,0.417836,Plein jour,En agglomération,Hors intersection,Normale,Autre collision,4,2,2,0,2,1,1,0,3,30,1,1,0,1,0,0,68.0,,utilitaire_camion,,1,2,1,1,6
202400002937,2024-12-24 19:40:00,2024,12,24,19,40,62,62194,RUE DE CALONNE,50.49425789,2.47850516,Nuit avec éclairage allumé,En agglomération,Intersection en X,Normale,Deux véhicules - frontale,4,2,2,0,1,1,1,0,1,50,2,2,1,0,0,1,32.0,46.0,voiture,voiture,5,2,2,1,1
202400002937,2024-12-24 19:40:00,2024,12,24,19,40,62,62194,RUE DE CALONNE,50.49425789,2.47850516,Nuit avec éclairage allumé,En agglomération,Intersection en X,Normale,Deux véhicules - frontale,4,2,2,0,1,1,1,0,1,50,2,2,1,0,0,1,32.0,46.0,voiture,voiture,5,2,2,1,1
202400002938,2024-02-11 02:00:00,2024,2,11,2,0,60,60026,RD 149,49.574803,2.11033,Nuit sans éclairage public,Hors agglomération,Intersection en X,Normale,Deux véhicules - côté,3,2,2,0,1,1,1,0,1,80,2,3,1,0,0,2,37.0,64.0,voiture,voiture,3,1,2,1,3
202400002938,2024-02-11 02:00:00,2024,2,11,2,0,60,60026,RD 149,49.574803,2.11033,Nuit sans éclairage public,Hors agglomération,Intersection en X,Normale,Deux véhicules - côté,3,2, -1,-1,1,1,1,0,1,-1,2,3,1,0,0,2,37.0,64.0,voiture,voiture,3,1,2,1,3
202400002939,2024-02-11 17:50:00,2024,2,11,17,50,43,43218,PK 47+300 RN 88,45.064352,4.008958,Plein jour,Hors agglomération,Hors intersection,Normale,Deux véhicules - frontale,2,2,2,0,2,3,2,0,1,80,2,3,0,0,3,0,36.0,68.0,voiture,voiture,1,1,1,1,1
202400002940,2024-02-11 19:40:00,2024,2,11,19,40,16,16137,cd 4,45.607718,0.475867,Nuit sans éclairage public,Hors agglomération,Hors intersection,Normale,Autre collision,3,2,2,0,2,2,1,0,3,80,1,1,0,1,0,0,80.0,,voiture,,3,1,1,1,6
202400002941,2024-02-11 15:00:00,2024,2,11,15,0,07,07313,D820,45.310451,4.755321,Plein jour,Hors agglomération,Hors intersection,Pluie forte,Autre collision,3,2,3,0,2,1,2,0,4,90,1,1,0,0,0,1,28.0,,voiture,,1,1,1,3,6
202400002942,2024-10-14 20:10:00,2024,10,14,20,10,17,17291,N11,46.172231,-1.120051,Nuit sans éclairage public,Hors agglomération,Hors intersection,Normale,Deux véhicules - arrière,2,3,4,0,1,1,1,0,1,90,2,3,2,0,0,1,53.0,65.0,voiture,voiture,3,1,1,1,2
202400002943,2024-02-09 19:40:00,2024,2,9,19,40,08,08282,,49.866369,4.432801,Nuit avec éclairage allumé,En agglomération,Hors intersection,Pluie légère,Autre collision,3,2,2,0,1,1,2,0,1,50,1,3,2,0,0,1,75.0,,voiture,,5,2,1,2,6
202400002944,2024-02-08 21:50:00,2024,2,8,21,50,01,01274,"Autoroute A40, sens MACON/GENEVE, au PK 115+100",46.161013,5.652705,Nuit avec éclairage non allumé,Hors agglomération,Hors intersection,Pluie légère,Autre collision,1,1,2,0,1,3,2,2,1,110,1,3,1,0,0,2,23.0,,voiture,,4,1,1,2,6
202400002945,2024-10-26 19:15:00,2024,10,26,19,15,32,32296,D931 PK65+584,43.755357,-0.045018,Nuit sans éclairage public,Hors agglomération,Hors intersection,Pluie légère,Deux véhicules - côté,3,2,2,0,2,4,2,0,1,90,2,2,0,1,0,1,20.0,67.0,voiture,utilitaire_camion,3,1,1,2,3
202400002946,2024-02-11 18:35:00,2024,2,11,18,35,42,42279,D498,45.514042,4.224088,Nuit sans éclairage public,Hors agglomération,Hors intersection,Normale,Deux véhicules - arrière,3,3,4,0,1,1,1,0,1,110,2,4,2,0,0,2,39.0,50.0,voiture,voiture,3,1,1,1,2
202400002947,2024-11-17 14:46:00,2024,11,17,14,46,13,13117,MOULIN ( AVENUE JEAN),43.45540945,5.24483446,Plein jour,En agglomération,Intersection en T,Normale,Deux véhicules - arrière,3,-1,2,0,2,1,1,0,1,50,2,2,1,0,1,0,24.0,29.0,deux_roues,voiture,1,2,3,1,2
202400002947,2024-11-17 14:46:00,2024,11,17,14,46,13,13117,MOULIN ( AVENUE JEAN),43.45540945,5.24483446,Plein jour,En agglomération,Intersection en T,Normale,Deux véhicules - arrière,3,-1,0,0,1,1,1,0,1,50,2,2,1,0,1,0,24.0,29.0,deux_roues,voiture,1,2,3,1,2
202400002948,2024-02-09 16:30:00,2024,2,9,16,30,976,97613,Rue de College - Chembenyoumba,-12.757635,45.079967,Plein jour,En agglomération,Hors intersection,Pluie légère,Autre collision,4,2,2,0,2,1,2,0,1,50,1,3,0,0,1,2,23.0,,voiture,,1,2,1,2,6
202400002949,2024-03-17 22:30:00,2024,3,17,22,30,75,75117,AVENUE DE LA PORTE DE CLICHY,48.89449,2.31341,Nuit avec éclairage allumé,En agglomération,Intersection en T,Normale,Deux véhicules - côté,4,3,4,0,1,1,1,0,1,30,2,2,1,0,0,1,,19.0,voiture,deux_roues,5,2,3,1,3
202400002949,2024-03-17 22:30:00,2024,3,17,22,30,75,75117,AVENUE DE LA PORTE DE CLICHY,48.89449,2.31341,Nuit avec éclairage allumé,En agglomération,Intersection en T,Normale,Deux véhicules - côté,4,1, -1,-1,1,1,1,0,1,30,2,2,1,0,0,1,,19.0,voiture,deux_roues,5,2,3,1,3
202400002950,2024-02-11 07:15:00,2024,2,11,7,15,69,69268,Route Départementale 386,45.641168,4.754076,Crépuscule ou aube,Hors agglomération,Hors intersection,Normale,Deux véhicules - frontale,3,2,2,2,1,1,2,0,1,90,2,2,0,0,1,1,63.0,22.0,utilitaire_camion,voiture,2,1,1,1,1
202400002951,2024-02-11 17:00:00,2024,2,11,17,0,13,13114,Ancien Chemin d?Aix Bas,43.543252,5.324684,Plein jour,Hors agglomération,Hors intersection,Normale,Deux véhicules - arrière,4,2,1,0,1,1,1,0,8,50,1,2,1,0,1,0,63.0,,utilitaire_camion,,1,1,1,1,2
202400002952,2024-12-27 17:40:00,2024,12,27,17,40,38,38053,JOLIOT CURIE,45.58891,5.26149,Nuit sans éclairage public,Hors agglomération,Hors intersection,Brouillard / fumée,Trois véhicules et plus - en chaîne,4,3,4,0,1,1,2,0,1,70,3,6,4,0,0,2,38.0,74.0,voiture,voiture,3,1,1,5,4
202400002953,2024-02-11 13:55:00,2024,2,11,13,55,62,62079,A1,50.09956294,2.87168957,Plein jour,Hors agglomération,Hors intersection,Pluie légère,Autre collision,1,3,3,0,1,1,2,0,1,130,1,1,0,0,1,0,31.0,,voiture,,1,1,1,2,6
202400002954,2024-11-26 15:50:00,2024,11,26,15,50,74,74281,RONDE (CHEMIN DE),46.37052,6.48824,Plein jour,En agglomération,Hors intersection,Temps éblouissant,Autre collision,4,2,4,0,1,1,1,6,1,50,1,3,1,0,0,2,65.0,,voiture,,1,2,1,7,6
202400002955,2024-02-11 03:15:00,2024,2,11,3,15,977,97701,Route de St Jean,17.902976,-62.832098,Nuit sans éclairage public,Hors agglomération,Hors intersection,Pluie légère,Autre collision,3,2,2,0,2,2,2,0,3,30,1,1,0,0,1,0,36.0,,deux_roues,,3,1,1,2,6
202400002956,2024-12-28 14:50:00,2024,12,28,14,50,74,74159,D1205,46.03896,6.61113,Plein jour,Hors agglomération,Hors intersection,Temps couvert,Deux véhicules - frontale,3,2,2,0,1,1,1,0,1,80,2,5,4,0,0,1,66.0,32.0,voiture,utilitaire_camion,1,1,1,8,1
202400002957,2024-12-15 02:00:00,2024,12,15,2,0,74,74116,D1203,46.054778,6.284802,Nuit avec éclairage allumé,Hors agglomération,Intersection en T,Pluie légère,Deux véhicules - côté,3,2,2,0,1,1,2,0,1,80,2,2,0,0,0,2,31.0,21.0,voiture,voiture,5,1,3,2,3
202400002957,2024-12-15 02:00:00,2024,12,15,2,0,74,74116,D1203,46.054778,6.284802,Nuit avec éclairage allumé,Hors agglomération,Intersection en T,Pluie légère,Deux véhicules - côté,3,2, -1,-1,1,3,2,0,1,-1,2,2,0,0,0,2,31.0,21.0,voiture,voiture,5,1,3,2,3
202400002958,2024-02-09 19:30:00,2024,2,9,19,30,34,34344,D62,43.567243,4.062501,Nuit sans éclairage public,Hors agglomération,Hors intersection,Normale,Trois véhicules et plus - collisions multiples,3,3,2,0,1,1,1,0,1,110,3,3,2,0,1,0,51.0,,voiture,voiture,3,1,1,1,5
202400002959,2024-12-18 17:20:00,2024,12,18,17,20,74,74282,2806 Route Impériale,45.985677,6.129405,Nuit sans éclairage public,En agglomération,Hors intersection,Normale,Deux véhicules - frontale,3,2,2,0,1,1,1,0,1,50,2,2,1,0,1,0,26.0,29.0,deux_roues,utilitaire_camion,3,2,1,1,1
202400002960,2024-02-10 06:00:00,2024,2,10,6,0,83,83068,Route Départementale N°558,43.27393532,6.51322065,Nuit sans éclairage public,Hors agglomération,Hors intersection,Pluie forte,Deux véhicules - frontale,3,2,2,0,1,1,2,0,1,70,2,2,1,0,1,0,16.0,38.0,voiture,utilitaire_camion,3,1,1,3,1
202400002961,2024-02-11 15:07:00,2024,2,11,15,7,06,06070,Route de Gentelly,43.802064,6.902009,Plein jour,Hors agglomération,Hors intersection,Normale,Sans collision,3,2,2,0,1,4,1,0,1,80,1,1,0,0,1,0,28.0,,deux_roues,,1,1,1,1,7
202400002962,2024-12-03 12:05:00,2024,12,3,12,5,74,74264,29 Avenue de la colombière,46.053942,6.558092,Plein jour,En agglomération,Intersection en X,Normale,Deux véhicules - frontale,3,2,2,0,1,1,1,0,1,50,2,2,0,0,0,2,24.0,85.0,voiture,voiture,1,2,2,1,1
202400002962,2024-12-03 12:05:00,2024,12,3,12,5,74,74264,29 Avenue de la colombière,46.053942,6.558092,Plein jour,En agglomération,Intersection en X,Normale,Deux véhicules - frontale,3,2, -1,-1,1,1,1,0,1,-1,2,2,0,0,0,2,24.0,85.0,voiture,voiture,1,2,2,1,1
202400002963,2024-12-02 17:30:00,2024,12,2,17,30,74,74264,Avenue du mont blanc,46.057148,6.551639,Nuit avec éclairage allumé,En agglomération,Hors intersection,Pluie légère,Sans collision,3,2,2,0,1,1,2,6,6,-1,1,2,1,0,0,1,78.0,,voiture,,5,2,1,2,7
202400002964,2024-02-11 11:38:00,2024,2,11,11,38,13,13014,Voie Jean Pierre Lyon,43.520341,5.172023,Plein jour,Hors agglomération,Hors intersection,Normale,Sans collision,4,2,2,0,1,1,1,0,8,70,1,1,0,0,1,0,26.0,,voiture,,1,1,1,1,7
202400002965,2024-02-10 14:45:00,2024,2,10,14,45,57,57303,Route de maizières,49.216994,6.170669,Plein jour,En agglomération,Intersection en T,Normale,Deux véhicules - côté,3,2,2,0,1,1,1,0,1,50,2,2,1,0,1,0,47.0,51.0,voiture,deux_roues,1,2,3,1,3
202400002965,2024-02-10 14:45:00,2024,2,10,14,45,57,57303,Route de maizières,49.216994,6.170669,Plein jour,En agglomération,Intersection en T,Normale,Deux véhicules - côté,3,-1, -1,0,1,1,1,0,1,20,2,2,1,0,1,0,47.0,51.0,voiture,deux_roues,1,2,3,1,3
202400002966,2024-11-02 20:15:00,2024,11,2,20,15,14,14227,Route de Lisieux,49.273433,-0.022155,Nuit sans éclairage public,Hors agglomération,Hors intersection,Normale,Trois véhicules et plus - collisions multiples,3,2,2,0,1,1,1,0,1,80,3,7,3,1,2,1,47.0,21.0,voiture,voiture,3,1,1,1,5
202400002967,2024-02-10 23:45:00,2024,2,10,23,45,73,73307,Rue de la Chenalette,45.177522,6.487883,Nuit sans éclairage public,Hors agglomération,Hors intersection,Normale,Sans collision,4,2,2,0,2,3,2,0,3,-1,1,2,0,0,1,1,38.0,,voiture,,3,1,1,1,7
202400002968,2024-02-11 06:30:00,2024,2,11,6,30,42,42089,1400 Route des Everts,45.622768,3.977984,Crépuscule ou aube,Hors agglomération,Hors intersection,Pluie légère,Autre collision,3,2,2,0,2,3,2,0,8,80,1,1,0,0,0,1,31.0,,voiture,,2,1,1,2,6
202400002969,2024-02-10 18:30:00,2024,2,10,18,30,38,38344,35 Route de Valence,45.360561,4.801116,Nuit avec éclairage allumé,En agglomération,Hors intersection,Pluie légère,Autre collision,2,2,2,0,1,1,2,0,6,50,1,2,1,0,1,0,70.0,,voiture,,5,2,1,2,6
202400002970,2024-12-29 17:25:00,2024,12,29,17,25,971,97107,USINE (RUE DE L'),16.05189504,-61.56557769,Plein jour,En agglomération,Hors intersection,Normale,Sans collision,4,-1,1,0,1,1,1,0,1,50,1,1,0,0,0,1,39.0,,deux_roues,,1,2,1,1,7
202400002971,2024-02-08 18:40:00,2024,2,8,18,40,33,33473,,45.13884,-0.443192,Nuit avec éclairage allumé,En agglomération,Hors intersection,Pluie légère,Deux véhicules - frontale,3,2,2,0,2,1,2,0,1,50,2,3,2,0,1,0,73.0,18.0,utilitaire_camion,deux_roues,5,2,1,2,1
202400002972,2024-11-29 10:00:00,2024,11,29,10,0,34,34108,ROND POINT SALVADOR ALLENDE,43.42325,3.72328,Plein jour,En agglomération,Giratoire,Normale,Deux véhicules - côté,3,3,0,0,1,1,1,0,1,50,2,2,1,0,1,0,65.0,72.0,deux_roues,voiture,1,2,6,1,3
202400002972,2024-11-29 10:00:00,2024,11,29,10,0,34,34108,ROND POINT SALVADOR ALLENDE,43.42325,3.72328,Plein jour,En agglomération,Giratoire,Normale,Deux véhicules - côté,3,1,0,0,1,2,1,9,1,50,2,2,1,0,1,0,65.0,72.0,deux_roues,voiture,1,2,6,1,3
202400002973,2024-12-26 20:46:00,2024,12,26,20,46,78,78190,,48.87995,2.14112,Nuit avec éclairage allumé,En agglomération,Hors intersection,Normale,Autre collision,3,2, -1,-1,1,1,1,0,1,-1,1,1,0,0,1,0,42.0,,deux_roues,,5,2,1,1,6