accident_id,datetime,annee,mois,jour,heure,minute,departement,commune_insee,adresse,latitude,longitude,luminosite,agglomeration,intersection,meteo,collision,catr,circ,nbv,vosp,prof,plan,surf,infra,situ,vma,nb_vehicules,nb_usagers,nb_indemnes,nb_tues,nb_blesses_hosp,nb_blesses_legers,age_cond_1,age_cond_2,veh_type_cond_1,veh_type_cond_2,lum_code,agg_code,int_code,atm_code,col_code
202400002974,2024-02-09 23:00:00,2024,2,9,23,0,59,59535,Route du Mont Noir,50.769242,2.74128,Nuit sans éclairage public,Hors agglomération,Autre intersection,Normale,Deux véhicules - côté,3,2,2,0,1,1,2,0,1,70,2,7,5,0,2,0,26.0,65.0,voiture,utilitaire_camion,3,1,9,1,3
202400002975,2024-09-07 21:10:00,2024,9,7,21,10,33,33281,,44.83079,-0.67517,Nuit avec éclairage non allumé,Hors agglomération,Hors intersection,Normale,Autre collision,1,3,6,-1,1,1,1,0,1,90,1,1,0,0,0,1,32.0,,voiture,,4,1,1,1,6
202400002976,2024-02-10 06:47:00,2024,2,10,6,47,13,13071,A51-Sens Aix en Provence vers Marseille,43.41574,5.36488,Nuit sans éclairage public,Hors agglomération,Hors intersection,Pluie forte,Autre collision,1,1,3,0,1,1,2,0,1,90,1,1,0,0,0,1,44.0,,voiture,,3,1,1,3,6
202400002977,2024-12-06 19:30:00,2024,12,6,19,30,35,35281,rue des 25 Fusillés,48.090321,-1.69276,Nuit avec éclairage allumé,En agglomération,Intersection en X,Normale,Deux véhicules - côté,4,2,#VALEURMULTI,2,1,1,1,5,1,30,2,2,1,0,0,1,20.0,,deux_roues,voiture,5,2,2,1,3
202400002978,2024-02-09 14:00:00,2024,2,9,14,0,83,83137,A57,43.13258891,5.98224062,Plein jour,Hors agglomération,Hors intersection,Pluie légère,Autre collision,1,1,1,0,2,3,2,8,1,50,1,1,0,0,0,1,21.0,,voiture,,1,1,1,2,6
202400002979,2024-11-27 16:20:00,2024,11,27,16,20,35,35178,,48.29428,-1.44561,Plein jour,Hors agglomération,Hors intersection,Normale,Sans collision,3,2,2,0,1,1,8,0,1,80,1,1,0,0,0,1,21.0,,voiture,,1,1,1,1,7
202400002980,2024-02-06 18:02:00,2024,2,6,18,2,67,67365,M35,48.53622,7.71089,Nuit sans éclairage public,Hors agglomération,Hors intersection,Normale,Trois véhicules et plus - en chaîne,7,3,3,0,1,1,1,0,1,90,3,4,2,0,0,2,42.0,30.0,utilitaire_camion,voiture,3,1,1,1,4
202400002981,2024-09-25 10:48:00,2024,9,25,10,48,49,49015,,47.50338,-0.586086,Plein jour,En agglomération,Intersection en X,Pluie légère,Deux véhicules - côté,4,2, -1,-1,1,1,2,0,1,-1,2,3,2,0,1,0,,44.0,voiture,transport_commun,1,2,2,2,3
202400002981,2024-09-25 10:48:00,2024,9,25,10,48,49,49015,,47.50338,-0.586086,Plein jour,En agglomération,Intersection en X,Pluie légère,Deux véhicules - côté,4,2, -1,-1,1,1,2,5,1,-1,2,3,2,0,1,0,,44.0,voiture,transport_commun,1,2,2,2,3
202400002982,2024-02-10 04:40:00,2024,2,10,4,40,33,33487,,44.95052,-0.4629,Nuit avec éclairage allumé,Hors agglomération,Hors intersection,Pluie forte,Deux véhicules - frontale,1,3,6,0,2,1,4,2,1,130,2,4,3,0,0,1,35.0,49.0,voiture,voiture,5,1,1,3,1
202400002983,2024-12-01 17:30:00,2024,12,1,17,30,972,97217,La Duprey,14.468633,-60.882046,Plein jour,Hors agglomération,Hors intersection,Normale,Deux véhicules - côté,2,2,2,0,1,1,1,0,1,50,2,2,0,0,1,1,54.0,43.0,voiture,deux_roues,1,1,1,1,3
202400002984,2024-02-10 00:45:00,2024,2,10,0,45,33,33550,,44.782443,-0.585315,Nuit avec éclairage non allumé,Hors agglomération,Hors intersection,Pluie forte,Autre collision,1,3,6,0,1,1,4,0,1,90,1,1,0,1,0,0,24.0,,deux_roues,,4,1,1,3,6
202400002985,2024-10-25 12:30:00,2024,10,25,12,30,61,61339,D909,48.763887,-0.244606,Plein jour,En agglomération,Hors intersection,Pluie légère,Deux véhicules - arrière,3,2,2,0,1,3,2,2,1,50,2,2,1,0,1,0,15.0,22.0,deux_roues,utilitaire_camion,1,2,1,2,2
202400002986,2024-02-10 18:00:00,2024,2,10,18,0,91,91136,AUTOROUTE A10,48.71069,2.28706,Crépuscule ou aube,Hors agglomération,Hors intersection,Pluie légère,Autre collision,1,1,2,0,1,3,2,0,1,70,1,2,0,0,0,2,27.0,,voiture,,2,1,1,2,6
202400002987,2024-10-27 12:55:00,2024,10,27,12,55,972,97209,RD 41 (ROCADE),14.61063,-61.08305,Plein jour,En agglomération,Hors intersection,Normale,Deux véhicules - arrière,3,1,2,0,2,1,1,0,1,60,2,3,2,0,0,1,58.0,36.0,voiture,voiture,1,2,1,1,2
202400002988,2024-10-29 14:25:00,2024,10,29,14,25,972,97209,AUTOROUTE (A1),14.61457,-61.05056,Plein jour,Hors agglomération,Hors intersection,Normale,Autre collision,1,3,8,3,1,1,1,0,1,90,1,1,0,0,1,0,76.0,,voiture,,1,1,1,1,6
202400002989,2024-02-10 14:30:00,2024,2,10,14,30,78,78640,A86 INT,48.778086,2.213409,Plein jour,Hors agglomération,Hors intersection,Pluie légère,Autre collision,1,1,3,0,1,1,2,0,1,70,1,1,0,0,0,1,24.0,,voiture,,1,1,1,2,6
202400002990,2024-10-27 23:54:00,2024,10,27,23,54,972,97213,AUTOROUTE A1,14.60705,-61.00425,Nuit avec éclairage allumé,Hors agglomération,Hors intersection,Pluie légère,Deux véhicules - arrière,1,2,6,3,1,1,2,0,1,90,2,3,2,0,1,0,23.0,23.0,voiture,deux_roues,5,1,1,2,2
202400002991,2024-10-26 18:46:00,2024,10,26,18,46,972,97213,ROUTE DEPARTEMENTALE 3,14.62667,-60.98839,Nuit sans éclairage public,Hors agglomération,Hors intersection,Normale,Deux véhicules - frontale,3,2,2,0,1,1,1,0,1,70,2,2,1,0,0,1,52.0,59.0,voiture,voiture,3,1,1,1,1
202400002992,2024-02-10 15:30:00,2024,2,10,15,30,78,78321,RN12 INT,48.798756,1.915542,Plein jour,Hors agglomération,Hors intersection,Pluie forte,Autre collision,2,1,2,0,2,2,2,0,1,110,1,1,0,0,0,1,29.0,,voiture,,1,1,1,3,6
202400002993,2024-10-18 06:45:00,2024,10,18,6,45,972,97213,ROUTE NATIONALE 5,14.59664,-60.99582,Plein jour,Hors agglomération,Hors intersection,Normale,Deux véhicules - arrière,2,2,4,0,1,1,1,0,1,70,2,2,0,0,0,2,22.0,20.0,voiture,voiture,1,1,1,1,2
202400002994,2024-10-17 09:00:00,2024,10,17,9,0,972,97209,REDOUTE (ROUTE DE LA),14.62,-61.06,Plein jour,En agglomération,Hors intersection,Normale,Trois véhicules et plus - collisions multiples,2,1,0,0,2,1,1,0,1,50,3,3,2,0,0,1,,22.0,utilitaire_camion,voiture,1,2,1,1,5
202400002995,2024-10-16 14:35:00,2024,10,16,14,35,972,97209,RD 41 (ROCADE),14.61216,-61.07713,Plein jour,En agglomération,Hors intersection,Normale,Deux véhicules - arrière,3,1,4,0,2,2,1,0,1,90,2,2,1,0,0,1,,24.0,voiture,voiture,1,2,1,1,2
202400002996,2024-02-10 17:45:00,2024,2,10,17,45,92,92036,AUTOROUTE A15,48.93788866,2.29766722,Crépuscule ou aube,Hors agglomération,Hors intersection,Pluie légère,Deux véhicules - arrière,1,1,2,0,1,1,2,0,1,70,2,4,2,0,0,2,51.0,47.0,voiture,voiture,2,1,1,2,2
202400002997,2024-02-10 10:00:00,2024,2,10,10,0,95,95241,N104,49.04663178,2.45596073,Plein jour,Hors agglomération,Hors intersection,Pluie légère,Autre collision,2,1,1,0,2,2,2,0,3,50,1,1,0,0,0,1,20.0,,voiture,,1,1,1,2,6
202400002998,2024-10-09 08:15:00,2024,10,9,8,15,972,97213,ROUTE DEPARTEMENTALE 3,14.6215,-60.9882,Plein jour,Hors agglomération,Intersection en X,Normale,Deux véhicules - côté,3,2,2,0,1,1,2,0,1,50,2,2,0,0,0,2,60.0,36.0,utilitaire_camion,voiture,1,1,2,1,3
202400002998,2024-10-09 08:15:00,2024,10,9,8,15,972,97213,ROUTE DEPARTEMENTALE 3,14.6215,-60.9882,Plein jour,Hors agglomération,Intersection en X,Normale,Deux véhicules - côté,3,-1,2,0,1,1,2,0,1,50,2,2,0,0,0,2,60.0,36.0,utilitaire_camion,voiture,1,1,2,1,3
202400002999,2024-02-10 05:00:00,2024,2,10,5,0,95,95277,A3,48.97696983,2.49221556,Nuit sans éclairage public,Hors agglomération,Hors intersection,Normale,Deux véhicules - arrière,1,3,2,0,1,1,1,0,1,90,2,2,1,0,0,1,50.0,42.0,voiture,utilitaire_camion,3,1,1,1,2
202400003000,2024-02-09 23:00:00,2024,2,9,23,0,988,98818,RUE ADOLPHE ET LOUISE LAPLAGNE,-22.25939,166.46691,Nuit avec éclairage allumé,En agglomération,Hors intersection,Normale,Deux véhicules - frontale,4,2,2,0,1,2,1,0,1,30,2,3,2,0,0,1,34.0,29.0,voiture,voiture,5,2,1,1,1
202400003001,2024-10-08 19:10:00,2024,10,8,19,10,972,97213,ROUTE NATIONALE 5,14.59645,-60.99402,Nuit sans éclairage public,Hors agglomération,Hors intersection,Normale,Trois véhicules et plus - en chaîne,1,2,6,0,1,1,1,0,1,90,3,9,6,0,0,3,26.0,26.0,voiture,voiture,3,1,1,1,4
202400003002,2024-02-09 06:15:00,2024,2,9,6,15,974,97407,ROUTE DU SACRE COEUR,-20.9543,55.30865,Crépuscule ou aube,Hors agglomération,Autre intersection,Normale,Sans collision,2,1,2,0,1,1,1,0,8,50,1,1,0,0,0,1,26.0,,voiture,,2,1,9,1,7
202400003003,2024-10-08 06:40:00,2024,10,8,6,40,972,97213,ROUTE NATIONALE 5,14.59572,-60.98576,Plein jour,Hors agglomération,Hors intersection,Normale,Deux véhicules - arrière,1,1,3,0,1,2,1,0,1,90,2,2,1,0,1,0,59.0,30.0,utilitaire_camion,deux_roues,1,1,1,1,2
202400003004,2024-02-09 12:40:00,2024,2,9,12,40,973,97302,BADUEL (ROUTE DE),4.92828491,-52.29318649,Plein jour,En agglomération,Hors intersection,Normale,Deux véhicules - côté,3,2,2,0,1,1,1,0,1,50,2,2,0,0,0,2,36.0,51.0,deux_roues,voiture,1,2,1,1,3
202400003005,2024-10-02 02:05:00,2024,10,2,2,5,972,97213,ROUTE DEPARTEMENTALE 15,14.63138,-61.00831,Nuit avec éclairage allumé,Hors agglomération,Hors intersection,Normale,Deux véhicules - arrière,3,2,2,0,1,1,1,0,1,60,2,2,1,0,0,1,27.0,35.0,deux_roues,voiture,5,1,1,1,2
202400003006,2024-02-09 10:30:00,2024,2,9,10,30,973,97302,ROUTE NATIONALE 1,4.92854,-52.329,Plein jour,Hors agglomération,Hors intersection,Normale,Deux véhicules - arrière,2,1,2,0,1,3,1,0,1,50,2,2,1,0,1,0,86.0,34.0,voiture,deux_roues,1,1,1,1,2
202400003007,2024-09-26 06:10:00,2024,9,26,6,10,972,97213,ROUTE DEPARTEMENTALE 15,14.65179,-61.01113,Plein jour,Hors agglomération,Autre intersection,Pluie forte,Autre collision,3,2,2,0,1,1,2,0,1,30,1,2,1,0,0,1,54.0,,voiture,,1,1,9,3,6
202400003008,2024-09-18 18:20:00,2024,9,18,18,20,972,97209,RD 41 (ROCADE),14.61662,-61.06037,Nuit avec éclairage allumé,Hors agglomération,Hors intersection,Normale,Deux véhicules - arrière,3,1,2,0,1,1,1,0,1,60,2,3,1,0,0,2,48.0,40.0,voiture,voiture,5,1,1,1,2
202400003009,2024-02-09 09:35:00,2024,2,9,9,35,973,97302,ROUTE NATIONALE 1,4.90625327,-52.3217386,Plein jour,Hors agglomération,Intersection en Y,Normale,Deux véhicules - arrière,2,1,2,0,1,1,1,0,1,50,2,3,1,0,2,0,22.0,38.0,voiture,deux_roues,1,1,4,1,2
202400003009,2024-02-09 09:35:00,2024,2,9,9,35,973,97302,ROUTE NATIONALE 1,4.90625327,-52.3217386,Plein jour,Hors agglomération,Intersection en Y,Normale,Deux véhicules - arrière,2,1,1,0,1,3,1,0,1,50,2,3,1,0,2,0,22.0,38.0,voiture,deux_roues,1,1,4,1,2
202400003010,2024-09-15 18:10:00,2024,9,15,18,10,972,97213,AUTOROUTE A1,14.59603,-60.99021,Nuit avec éclairage non allumé,Hors agglomération,Autre intersection,Normale,Sans collision,1,3,4,0,1,1,1,0,1,90,1,1,0,0,1,0,30.0,,autre,,4,1,9,1,7
202400003011,2024-02-09 07:45:00,2024,2,9,7,45,973,97302,BADUEL (ROUTE DE),4.93395,-52.31051,Plein jour,En agglomération,Hors intersection,Normale,Autre collision,3,2,2,2,1,1,1,0,3,50,1,2,1,0,0,1,6.0,,deux_roues,,1,2,1,1,6
202400003012,2024-09-10 05:55:00,2024,9,10,5,55,972,97213,ROUTE DEPARTEMENTALE 3,14.60277,-60.997749,Plein jour,Hors agglomération,Hors intersection,Normale,Deux véhicules - côté,3,2,2,0,1,3,2,0,1,70,2,3,2,0,0,1,42.0,32.0,voiture,voiture,1,1,1,1,3
202400003013,2024-02-09 10:50:00,2024,2,9,10,50,69,69387,Avenue Tony Garnier,45.72673203,4.83084619,Plein jour,En agglomération,Intersection en X,Pluie légère,Deux véhicules - côté,4,2,2,2,1,1,2,8,1,50,2,2,1,1,0,0,37.0,42.0,deux_roues,utilitaire_camion,1,2,2,2,3
202400003013,2024-02-09 10:50:00,2024,2,9,10,50,69,69387,Avenue Tony Garnier,45.72673203,4.83084619,Plein jour,En agglomération,Intersection en X,Pluie légère,Deux véhicules - côté,4,2,5,2,1,1,2,8,1,50,2,2,1,1,0,0,37.0,42.0,deux_roues,utilitaire_camion,1,2,2,2,3
202400003014,2024-08-23 13:10:00,2024,8,23,13,10,972,97209,RD 41,14.61617,-61.07192,Plein jour,Hors agglomération,Intersection en Y,Normale,Autre collision,2,1,1,0,1,3,1,0,1,50,1,3,2,0,0,1,25.0,,voiture,,1,1,4,1,6
202400003014,2024-08-23 13:10:00,2024,8,23,13,10,972,97209,RD 41,14.61617,-61.07192,Plein jour,Hors agglomération,Intersection en Y,Normale,Autre collision,2,1,2,0,1,3,1,0,1,50,1,3,2,0,0,1,25.0,,voiture,,1,1,4,1,6
202400003015,2024-02-09 01:00:00,2024,2,9,1,0,972,97213,ROUTE DEPARTEMENTALE 3,14.61390201,-60.99459915,Nuit avec éclairage non allumé,Hors agglomération,Hors intersection,Normale,Sans collision,3,-1,2,0,1,2,1,0,3,70,2,2,1,0,0,1,39.0,,voiture,voiture,4,1,1,1,7
202400003016,2024-08-18 10:15:00,2024,8,18,10,15,972,97213,ROUTE DEPARTEMENTALE 13,14.6344,-61.01618,Plein jour,En agglomération,Hors intersection,Normale,Deux véhicules - côté,3,2,2,0,2,3,1,0,8,50,2,3,1,0,1,1,54.0,54.0,deux_roues,voiture,1,2,1,1,3
202400003017,2024-02-09 14:45:00,2024,2,9,14,45,2B,2B037,TOUTES RUES,42.61988,9.43763,Plein jour,En agglomération,Hors intersection,Normale,Deux véhicules - arrière,4,2,2,0,1,1,1,0,1,30,2,2,1,0,0,1,81.0,67.0,voiture,deux_roues,1,2,1,1,2
202400003018,2024-08-07 16:30:00,2024,8,7,16,30,972,97213,AUTOROUTE A1,14.61795,-61.03171,Plein jour,Hors agglomération,Hors intersection,Normale,Deux véhicules - côté,1,1,2,0,1,1,1,2,1,90,2,3,1,0,0,2,61.0,45.0,voiture,deux_roues,1,1,1,1,3
202400003019,2024-02-09 10:35:00,2024,2,9,10,35,2B,2B033,SAMPIERO CORSO - AV,42.67253,9.44354,Plein jour,En agglomération,Hors intersection,Normale,Autre collision,6,-1, -1,0,1,1,1,0,1,10,1,2,1,0,0,1,59.0,,voiture,,1,2,1,1,6
202400003020,2024-07-30 12:45:00,2024,7,30,12,45,972,97213,ROUTE DEPARTEMENTALE 15,14.63854,-61.0101,Plein jour,Hors agglomération,Intersection en T,Normale,Deux véhicules - côté,3,-1,2,0,2,1,1,0,1,30,2,3,1,0,1,1,22.0,43.0,deux_roues,voiture,1,1,3,1,3
202400003020,2024-07-30 12:45:00,2024,7,30,12,45,972,97213,ROUTE DEPARTEMENTALE 15,14.63854,-61.0101,Plein jour,Hors agglomération,Intersection en T,Normale,Deux véhicules - côté,3,-1,2,0,2,1,1,0,1,50,2,3,1,0,1,1,22.0,43.0,deux_roues,voiture,1,1,3,1,3
202400003021,2024-02-08 09:45:00,2024,2,8,9,45,971,97120,GERTY ARCHIMEDE (RESIDENCE),16.25066,-61.54397,Plein jour,Hors agglomération,Hors intersection,Normale,Deux véhicules - côté,4,2,2,0,1,1,1,0,1,50,2,4,3,0,0,1,39.0,30.0,voiture,autre,1,1,1,1,3
202400003022,2024-10-25 15:05:00,2024,10,25,15,5,81,81002,N112,43.511153,2.334935,Plein jour,Hors agglomération,Giratoire,Normale,Deux véhicules - côté,2,1,1,0,1,2,1,9,1,80,2,2,1,0,1,0,64.0,63.0,voiture,deux_roues,1,1,6,1,3
202400003023,2024-02-09 16:03:00,2024,2,9,16,3,2A,2A004,ALATA ROUTE,41.93552,8.73621,Plein jour,En agglomération,Autre intersection,Pluie légère,Deux véhicules - côté,4,2,2,0,1,2,2,0,1,50,2,2,1,0,0,1,54.0,28.0,deux_roues,voiture,1,2,9,2,3
202400003024,2024-10-28 17:15:00,2024,10,28,17,15,80,80160,A29 - PK 198 - Sens LONGUEAU - DURY,49.853141,2.355618,Crépuscule ou aube,Hors agglomération,Hors intersection,Temps éblouissant,Trois véhicules et plus - collisions multiples,1,3,2,0,2,3,1,0,1,110,3,3,1,0,0,2,46.0,55.0,voiture,voiture,2,1,1,7,5
202400003025,2024-02-09 07:30:00,2024,2,9,7,30,95,95500,D915,49.04484,2.07671,Nuit sans éclairage public,En agglomération,Intersection en T,Temps couvert,Autre collision,1,1,2,0,1,1,2,0,1,50,1,2,1,0,0,1,51.0,,voiture,,3,2,3,8,6
202400003025,2024-02-09 07:30:00,2024,2,9,7,30,95,95500,D915,49.04484,2.07671,Nuit sans éclairage public,En agglomération,Intersection en T,Temps couvert,Autre collision,1,1,2,0,2,2,2,0,1,50,1,2,1,0,0,1,51.0,,voiture,,3,2,3,8,6
202400003026,2024-12-28 23:45:00,2024,12,28,23,45,28,28229,D939,48.464026,1.428268,Nuit sans éclairage public,Hors agglomération,Intersection en T,Pluie légère,Deux véhicules - arrière,3,2,2,0,1,1,2,0,8,90,2,2,1,0,1,0,18.0,27.0,voiture,deux_roues,3,1,3,2,2
202400003026,2024-12-28 23:45:00,2024,12,28,23,45,28,28229,D939,48.464026,1.428268,Nuit sans éclairage public,Hors agglomération,Intersection en T,Pluie légère,Deux véhicules - arrière,3,2,2,-1,1,1,2,5,1,80,2,2,1,0,1,0,18.0,27.0,voiture,deux_roues,3,1,3,2,2
202400003027,2024-02-09 19:00:00,2024,2,9,19,0,91,91471,LOUISE WEISS (RUE),48.70608,2.1915,Nuit avec éclairage allumé,En agglomération,Autre intersection,Normale,Autre collision,3,-1,2,0,2,1,9,6,1,50,1,2,1,0,0,1,34.0,,voiture,,5,2,9,1,6
202400003028,2024-12-27 23:00:00,2024,12,27,23,0,28,28405,N12,48.748758,1.269103,Nuit sans éclairage public,Hors agglomération,Intersection en X,Brouillard / fumée,Deux véhicules - arrière,2,3,0,0,1,1,1,0,1,110,2,5,3,0,1,1,33.0,22.0,voiture,voiture,3,1,2,5,2
202400003028,2024-12-27 23:00:00,2024,12,27,23,0,28,28405,N12,48.748758,1.269103,Nuit sans éclairage public,Hors agglomération,Intersection en X,Brouillard / fumée,Deux véhicules - arrière,2,2,2,-1,1,1,1,5,1,80,2,5,3,0,1,1,33.0,22.0,voiture,voiture,3,1,2,5,2
202400003029,2024-02-09 05:20:00,2024,2,9,5,20,91,91434,COMPIEGNE (VOIE DE),48.661687,2.362774,Nuit avec éclairage allumé,En agglomération,Intersection en X,Normale,Deux véhicules - côté,4,-1,2,0,1,1,2,0,1,50,2,2,1,0,0,1,47.0,24.0,voiture,voiture,5,2,2,1,3
202400003029,2024-02-09 05:20:00,2024,2,9,5,20,91,91434,COMPIEGNE (VOIE DE),48.661687,2.362774,Nuit avec éclairage allumé,En agglomération,Intersection en X,Normale,Deux véhicules - côté,4,-1,2,0,1,1,2,0,1,50,2,2,1,0,0,1,47.0,24.0,voiture,voiture,5,2,2,1,3
202400003030,2024-12-12 11:50:00,2024,12,12,11,50,38,38563,Avenue Docteur Valois,45.3579,5.59257,Plein jour,En agglomération,Hors intersection,Temps éblouissant,Autre collision,3,2,2,0,1,1,1,0,8,50,1,2,1,0,1,0,32.0,,utilitaire_camion,,1,2,1,7,6
202400003031,2024-02-08 11:45:00,2024,2,8,11,45,83,83137,LOUVOIS (BD),43.12937,5.93022,Plein jour,En agglomération,Intersection en Y,Normale,Deux véhicules - côté,4,1,2,0,1,1,1,0,1,50,2,2,1,0,1,0,23.0,32.0,utilitaire_camion,deux_roues,1,2,4,1,3
202400003031,2024-02-08 11:45:00,2024,2,8,11,45,83,83137,LOUVOIS (BD),43.12937,5.93022,Plein jour,En agglomération,Intersection en Y,Normale,Deux véhicules - côté,4,2, -1,-1,1,1,1,0,1,-1,2,2,1,0,1,0,23.0,32.0,utilitaire_camion,deux_roues,1,2,4,1,3
202400003032,2024-01-11 14:05:00,2024,1,11,14,5,78,78640,EUROPE (AVENUE DE L'),48.784965,2.221869,Plein jour,En agglomération,Hors intersection,Normale,Autre collision,4,1,2,0,1,1,1,3,1,30,1,2,1,0,1,0,25.0,,voiture,,1,2,1,1,6
202400003033,2024-12-21 18:45:00,2024,12,21,18,45,38,38563,Avenue de Paviot,45.35159,5.59025,Nuit avec éclairage allumé,En agglomération,Hors intersection,Normale,Deux véhicules - frontale,3,2,2,0,1,1,1,0,1,50,2,6,1,0,0,5,41.0,37.0,voiture,utilitaire_camion,5,2,1,1,1
202400003034,2024-11-06 13:30:00,2024,11,6,13,30,24,24557,GRANDOU (AVENUE MICHEL),45.18844,0.75932,Plein jour,En agglomération,Hors intersection,Normale,Autre collision,3,2,2,0,1,1,1,0,1,50,1,2,1,0,1,0,91.0,,voiture,,1,2,1,1,6
202400003035,2024-06-07 10:30:00,2024,6,7,10,30,91,91286,AUTOROUTE A6,48.64819,2.38635,Plein jour,Hors agglomération,Hors intersection,Normale,Deux véhicules - côté,1,3,3,0,1,1,1,0,1,110,2,3,2,0,0,1,20.0,32.0,voiture,deux_roues,1,1,1,1,3
202400003036,2024-12-06 07:30:00,2024,12,6,7,30,84,84095,Jas de Puyvert,43.750226,5.332628,Nuit sans éclairage public,Hors agglomération,Hors intersection,Normale,Deux véhicules - arrière,4,2,1,0,1,1,1,0,1,80,2,3,2,0,0,1,26.0,71.0,deux_roues,voiture,3,1,1,1,2
202400003037,2024-06-07 08:50:00,2024,6,7,8,50,91,91589,AUTOROUTE A6,48.67662,2.34012,Plein jour,Hors agglomération,Hors intersection,Normale,Deux véhicules - arrière,1,1,3,0,1,1,1,0,1,110,2,2,1,0,0,1,46.0,22.0,deux_roues,voiture,1,1,1,1,2
202400003038,2024-02-09 20:45:00,2024,2,9,20,45,72,72181,PADERBORN (AV) CONTRE ALLEE,48.0081,0.19957,Nuit avec éclairage allumé,En agglomération,Hors intersection,Pluie légère,Deux véhicules - côté,4,1,1,0,2,1,2,0,1,30,2,2,1,0,0,1,26.0,22.0,deux_roues,voiture,5,2,1,2,3
202400003039,2024-11-29 23:40:00,2024,11,29,23,40,84,84087,FONTANELLE (CHEMIN),44.11041,4.84927,Nuit avec éclairage allumé,Hors agglomération,Hors intersection,Normale,Deux véhicules - côté,4,2,2,0,1,1,1,0,1,80,2,2,0,0,1,1,17.0,20.0,deux_roues,deux_roues,5,1,1,1,3
202400003040,2024-06-06 18:45:00,2024,6,6,18,45,92,92036,A86,48.93684568,2.29256988,Plein jour,Hors agglomération,Hors intersection,Normale,Deux véhicules - arrière,1,1,2,0,1,1,1,0,1,90,2,2,1,0,0,1,51.0,23.0,deux_roues,voiture,1,1,1,1,2
202400003041,2024-02-08 20:15:00,2024,2,8,20,15,72,72181,RUBILLARD AV N° PAIRS 2 A 116,48.01199,0.18473,Nuit avec éclairage allumé,En agglomération,Hors intersection,Pluie légère,Deux véhicules - arrière,4,2,2,1,1,1,2,0,1,50,2,2,1,0,0,1,38.0,20.0,utilitaire_camion,deux_roues,5,2,1,2,2
202400003042,2024-12-01 16:40:00,2024,12,1,16,40,74,74281,EVIAN (AVENUE D'),46.375,6.4838,Plein jour,En agglomération,Hors intersection,Normale,Deux véhicules - frontale,4,2,2,0,1,1,1,0,1,50,2,3,1,0,2,0,26.0,25.0,voiture,deux_roues,1,2,1,1,1
202400003043,2024-11-23 04:00:00,2024,11,23,4,0,38,38563,rocade ouest,45.37871883,5.57182789,Nuit avec éclairage allumé,Hors agglomération,Giratoire,Autre,Autre collision,3,-1,1,0,2,3,1,0,1,50,1,1,0,0,1,0,45.0,,voiture,,5,1,6,9,6
202400003044,2024-06-06 12:30:00,2024,6,6,12,30,78,78242,A12 Y,48.804889,2.049999,Plein jour,Hors agglomération,Hors intersection,Normale,Deux véhicules - arrière,1,1,5,0,2,1,1,1,1,90,2,2,0,0,0,2,38.0,42.0,voiture,utilitaire_camion,1,1,1,1,2
202400003045,2024-02-09 12:35:00,2024,2,9,12,35,71,71306,ALOUETTES (AVENUE DES),46.68035174,4.36440307,Plein jour,En agglomération,Hors intersection,Normale,Autre collision,4,2,2,0,1,1,1,0,1,50,1,3,2,0,0,1,17.0,,deux_roues,,1,2,1,1,6
202400003046,2024-11-19 16:00:00,2024,11,19,16,0,75,75118,BOULEVARD DE LA CHAPELLE,48.884539,2.362645,Plein jour,En agglomération,Hors intersection,Pluie forte,Deux véhicules - côté,4,1,2,1,1,1,2,0,1,30,2,3,2,0,0,1,,54.0,deux_roues,utilitaire_camion,1,2,1,3,3
202400003047,2024-02-09 15:35:00,2024,2,9,15,35,71,71270,Rond point des médaillers militaires,46.3238,4.82667,Plein jour,En agglomération,Giratoire,Pluie forte,Deux véhicules - côté,4,-1,2,0,1,1,2,9,1,50,2,2,1,0,0,1,45.0,18.0,voiture,deux_roues,1,2,6,3,3
202400003048,2024-06-07 11:05:00,2024,6,7,11,5,93,93053,A86,48.89937884,2.46926068,Plein jour,Hors agglomération,Hors intersection,Normale,Deux véhicules - arrière,1,1,2,0,1,1,1,0,1,70,2,2,1,0,0,1,46.0,37.0,utilitaire_camion,utilitaire_camion,1,1,1,1,2
202400003049,2024-12-25 06:50:00,2024,12,25,6,50,93,93007,Avenue Descartes / Rue Edouard Renault,48.94994053,2.46395999,Nuit avec éclairage allumé,En agglomération,Intersection en T,Pluie légère,Deux véhicules - arrière,3,3,3,0,1,1,2,0,1,50,2,2,1,0,1,0,26.0,23.0,voiture,deux_roues,5,2,3,2,2
202400003049,2024-12-25 06:50:00,2024,12,25,6,50,93,93007,Avenue Descartes / Rue Edouard Renault,48.94994053,2.46395999,Nuit avec éclairage allumé,En agglomération,Intersection en T,Pluie légère,Deux véhicules - arrière,3,2,3,0,1,1,2,0,1,-1,2,2,1,0,1,0,26.0,23.0,voiture,deux_roues,5,2,3,2,2
202400003050,2024-02-08 16:55:00,2024,2,8,16,55,71,71076,LOUIS JACQUES THENARD (RUE),46.81223943,4.84923767,Plein jour,En agglomération,Hors intersection,Normale,Deux véhicules - côté,3,2,2,1,1,1,1,0,1,50,2,2,1,0,0,1,38.0,63.0,utilitaire_camion,deux_roues,1,2,1,1,3
202400003051,2024-06-07 11:30:00,2024,6,7,11,30,93,93027,A86,48.92521284,2.39306196,Plein jour,Hors agglomération,Hors intersection,Normale,Deux véhicules - arrière,1,3,3,0,1,1,1,0,1,90,2,2,1,0,0,1,22.0,45.0,voiture,utilitaire_camion,1,1,1,1,2
202400003052,2024-12-15 10:04:00,2024,12,15,10,4,93,93007,CHARLES FLOQUET (AVENUE),48.94003,2.44117,Plein jour,En agglomération,Hors intersection,Normale,Autre collision,3,2,2,0,1,1,1,0,1,50,1,2,1,0,0,1,55.0,,voiture,,1,2,1,1,6