accident_id,datetime,annee,mois,jour,heure,minute,departement,commune_insee,adresse,latitude,longitude,luminosite,agglomeration,intersection,meteo,collision,catr,circ,nbv,vosp,prof,plan,surf,infra,situ,vma,nb_vehicules,nb_usagers,nb_indemnes,nb_tues,nb_blesses_hosp,nb_blesses_legers,age_cond_1,age_cond_2,veh_type_cond_1,veh_type_cond_2,lum_code,agg_code,int_code,atm_code,col_code
202400003119,2024-10-24 19:00:00,2024,10,24,19,0,25,25284,Rue de la Libération,47.522533,6.818991,Nuit avec éclairage allumé,En agglomération,Intersection en T,Normale,Deux véhicules - côté,3,2,2,0,4,3,2,0,1,50,2,3,2,0,1,0,68.0,62.0,deux_roues,voiture,5,2,3,1,3
202400003120,2024-02-09 19:40:00,2024,2,9,19,40,44,44109,13 Rue de la Brasserie,47.20845,-1.57399,Nuit avec éclairage allumé,En agglomération,Intersection en T,Pluie légère,Deux véhicules - côté,4,2,2,0,1,1,2,0,1,30,2,2,1,0,1,0,,19.0,voiture,deux_roues,5,2,3,2,3
202400003120,2024-02-09 19:40:00,2024,2,9,19,40,44,44109,13 Rue de la Brasserie,47.20845,-1.57399,Nuit avec éclairage allumé,En agglomération,Intersection en T,Pluie légère,Deux véhicules - côté,4,2,2,0,1,1,2,0,1,30,2,2,1,0,1,0,,19.0,voiture,deux_roues,5,2,3,2,3
202400003121,2024-06-06 19:45:00,2024,6,6,19,45,72,72181,CUGNOT NICOLAS (BD),47.9913,0.22754,Crépuscule ou aube,En agglomération,Hors intersection,Normale,Autre collision,4,1,1,0,1,3,1,5,1,30,1,2,1,0,0,1,32.0,,voiture,,2,2,1,1,6
202400003122,2024-02-09 14:50:00,2024,2,9,14,50,44,44109,Route de la Chapelle Sur Erdre,47.26417,-1.57407,Plein jour,En agglomération,Hors intersection,Normale,Autre collision,4,2,2,0,1,1,1,0,1,50,1,2,1,0,1,0,85.0,,voiture,,1,2,1,1,6
202400003123,2024-10-24 00:58:00,2024,10,24,0,58,21,21699,D905,47.204923,5.329388,Nuit sans éclairage public,Hors agglomération,Hors intersection,Normale,Autre collision,3,2,2,0,1,1,1,0,8,90,1,2,0,1,0,1,39.0,,voiture,,3,1,1,1,6
202400003124,2024-06-05 08:09:00,2024,6,5,8,9,71,71270,RD POINT DES NEUFS CLES,46.30911,4.82039,Plein jour,En agglomération,Giratoire,Normale,Deux véhicules - frontale,4,3,2,2,1,1,1,-1,1,50,2,3,2,0,0,1,15.0,64.0,deux_roues,utilitaire_camion,1,2,6,1,1
202400003124,2024-06-05 08:09:00,2024,6,5,8,9,71,71270,RD POINT DES NEUFS CLES,46.30911,4.82039,Plein jour,En agglomération,Giratoire,Normale,Deux véhicules - frontale,4,2,2,2,2,1,1,5,1,50,2,3,2,0,0,1,15.0,64.0,deux_roues,utilitaire_camion,1,2,6,1,1
202400003125,2024-02-03 16:40:00,2024,2,3,16,40,43,43046,Route de l'Observatoire,45.06009,3.89737,Plein jour,En agglomération,Hors intersection,Normale,Sans collision,4,2,1,0,2,1,1,0,4,50,1,1,0,0,0,1,44.0,,deux_roues,,1,2,1,1,7
202400003126,2024-06-06 21:10:00,2024,6,6,21,10,69,69266,Rue Henri Legay,45.75796115,4.91658439,Plein jour,En agglomération,Hors intersection,Normale,Deux véhicules - côté,4,2,2,2,1,1,1,0,1,50,2,4,3,0,0,1,23.0,23.0,voiture,voiture,1,2,1,1,3
202400003127,2024-10-23 17:36:00,2024,10,23,17,36,52,52416,D132a,48.043592,5.480155,Plein jour,Hors agglomération,Hors intersection,Normale,Deux véhicules - côté,3,2,2,0,1,4,1,0,1,80,2,2,0,0,1,1,29.0,34.0,voiture,voiture,1,1,1,1,3
202400003128,2024-06-06 19:20:00,2024,6,6,19,20,69,69386,Rue Garibaldi,45.76856,4.85062,Plein jour,En agglomération,Intersection en X,Normale,Deux véhicules - côté,4,1,2,3,1,1,1,0,4,50,2,4,2,0,1,1,23.0,56.0,voiture,voiture,1,2,2,1,3
202400003128,2024-06-06 19:20:00,2024,6,6,19,20,69,69386,Rue Garibaldi,45.76856,4.85062,Plein jour,En agglomération,Intersection en X,Normale,Deux véhicules - côté,4,1,1,2,1,1,1,0,4,30,2,4,2,0,1,1,23.0,56.0,voiture,voiture,1,2,2,1,3
202400003129,2024-06-06 18:00:00,2024,6,6,18,0,69,69275,43 Rue Sully,45.76792053,4.9751581,Plein jour,En agglomération,Hors intersection,Normale,Deux véhicules - arrière,4,2,2,0,1,1,1,0,8,50,2,3,1,0,0,2,32.0,30.0,voiture,utilitaire_camion,1,2,1,1,2
202400003130,2024-02-09 22:05:00,2024,2,9,22,5,37,37261,WAGNER (BOULEVARD RICHARD),47.37416,0.69866,Nuit avec éclairage allumé,En agglomération,Intersection en T,Normale,Deux véhicules - côté,4,2,2,0,3,1,1,0,1,50,2,4,0,0,0,4,22.0,61.0,voiture,voiture,5,2,3,1,3
202400003130,2024-02-09 22:05:00,2024,2,9,22,5,37,37261,WAGNER (BOULEVARD RICHARD),47.37416,0.69866,Nuit avec éclairage allumé,En agglomération,Intersection en T,Normale,Deux véhicules - côté,4,2,5,0,1,1,1,0,1,50,2,4,0,0,0,4,22.0,61.0,voiture,voiture,5,2,3,1,3
202400003131,2024-10-24 10:10:00,2024,10,24,10,10,68,68072,D201,47.700711,7.422836,Plein jour,Hors agglomération,Intersection en T,Normale,Deux véhicules - frontale,3,2,2,0,1,1,1,0,1,80,2,3,2,0,1,0,27.0,75.0,deux_roues,voiture,1,1,3,1,1
202400003131,2024-10-24 10:10:00,2024,10,24,10,10,68,68072,D201,47.700711,7.422836,Plein jour,Hors agglomération,Intersection en T,Normale,Deux véhicules - frontale,3,2, -1,-1,1,1,1,0,1,-1,2,3,2,0,1,0,27.0,75.0,deux_roues,voiture,1,1,3,1,1
202400003132,2024-06-06 09:30:00,2024,6,6,9,30,69,69256,Avenue du 8 Mai 1945,45.78784125,4.91436534,Plein jour,En agglomération,Intersection en Y,Normale,Autre collision,4,2,2,0,1,1,1,0,1,50,1,2,1,0,0,1,63.0,,utilitaire_camion,,1,2,4,1,6
202400003132,2024-06-06 09:30:00,2024,6,6,9,30,69,69256,Avenue du 8 Mai 1945,45.78784125,4.91436534,Plein jour,En agglomération,Intersection en Y,Normale,Autre collision,4,2,2,0,1,1,1,0,1,30,1,2,1,0,0,1,63.0,,utilitaire_camion,,1,2,4,1,6
202400003133,2024-06-06 08:25:00,2024,6,6,8,25,69,69259,Avenue Marcel Paul,45.69967,4.88191,Plein jour,En agglomération,Hors intersection,Normale,Autre collision,4,2,2,0,1,1,1,0,1,30,1,2,1,0,0,1,,,voiture,,1,2,1,1,6
202400003134,2024-10-18 08:45:00,2024,10,18,8,45,57,57433,D112F,49.20834607,6.1498586,Plein jour,En agglomération,Giratoire,Normale,Autre collision,3,1,0,0,1,3,1,0,1,50,1,1,0,0,1,0,39.0,,voiture,,1,2,6,1,6
202400003135,2024-06-06 03:25:00,2024,6,6,3,25,68,68224,Rue Jules Verne,47.729899,7.299031,Nuit avec éclairage allumé,En agglomération,Hors intersection,Normale,Sans collision,4,2,2,0,1,3,1,0,3,50,1,3,0,0,1,2,22.0,,voiture,,5,2,1,1,7
202400003136,2024-02-09 13:30:00,2024,2,9,13,30,35,35278,RD 137,48.17986,-1.719234,Plein jour,Hors agglomération,Hors intersection,Pluie légère,Trois véhicules et plus - en chaîne,7,3,4,0,1,1,2,0,1,110,4,6,3,0,0,3,20.0,21.0,voiture,voiture,1,1,1,2,4
202400003137,2024-06-06 21:55:00,2024,6,6,21,55,67,67482,JEAN MERMOZ (RUE),48.54624,7.77159,Nuit avec éclairage allumé,En agglomération,Intersection en Y,Normale,Deux véhicules - côté,4,2,3,0,1,1,1,0,1,50,2,2,1,0,0,1,22.0,25.0,deux_roues,voiture,5,2,4,1,3
202400003137,2024-06-06 21:55:00,2024,6,6,21,55,67,67482,JEAN MERMOZ (RUE),48.54624,7.77159,Nuit avec éclairage allumé,En agglomération,Intersection en Y,Normale,Deux véhicules - côté,4,2,3,0,1,1,1,0,1,30,2,2,1,0,0,1,22.0,25.0,deux_roues,voiture,5,2,4,1,3
202400003137,2024-06-06 21:55:00,2024,6,6,21,55,67,67482,JEAN MERMOZ (RUE),48.54624,7.77159,Nuit avec éclairage allumé,En agglomération,Intersection en Y,Normale,Deux véhicules - côté,4,2,3,0,1,1,1,0,8,30,2,2,1,0,0,1,22.0,25.0,deux_roues,voiture,5,2,4,1,3
202400003138,2024-10-24 18:00:00,2024,10,24,18,0,42,42037,D8,45.661852,4.04519,Plein jour,Hors agglomération,Hors intersection,Normale,Trois véhicules et plus - collisions multiples,3,2,2,0,1,1,1,0,1,80,4,8,1,0,1,6,47.0,35.0,voiture,voiture,1,1,1,1,5
202400003139,2024-02-07 18:35:00,2024,2,7,18,35,34,34301,BLANC CAMILLE (BOULEVARD),43.41014,3.67614,Crépuscule ou aube,En agglomération,Hors intersection,Normale,Deux véhicules - côté,3,2,2,0,1,1,1,0,1,50,2,2,1,0,0,1,28.0,45.0,deux_roues,deux_roues,2,2,1,1,3
202400003140,2024-06-06 16:25:00,2024,6,6,16,25,64,64269,TARBES DE,43.29925,-0.30719,Plein jour,En agglomération,Giratoire,Normale,Deux véhicules - côté,3,2, -1,-1,1,1,1,0,1,50,2,2,1,0,0,1,75.0,57.0,deux_roues,voiture,1,2,6,1,3
202400003140,2024-06-06 16:25:00,2024,6,6,16,25,64,64269,TARBES DE,43.29925,-0.30719,Plein jour,En agglomération,Giratoire,Normale,Deux véhicules - côté,3,2,1,1,1,3,1,0,1,50,2,2,1,0,0,1,75.0,57.0,deux_roues,voiture,1,2,6,1,3
202400003141,2024-10-24 07:45:00,2024,10,24,7,45,17,17146,,45.908876,-0.975004,Crépuscule ou aube,Hors agglomération,Hors intersection,Normale,Deux véhicules - frontale,3,2,2,0,1,1,2,0,1,80,2,3,0,0,2,1,68.0,39.0,voiture,utilitaire_camion,2,1,1,1,1
202400003142,2024-06-06 16:50:00,2024,6,6,16,50,64,64348,SALIE,43.33698,-0.39109,Plein jour,En agglomération,Hors intersection,Normale,Deux véhicules - côté,4,2,2,0,1,1,1,0,1,50,2,2,1,0,0,1,84.0,11.0,voiture,deux_roues,1,2,1,1,3
202400003143,2024-02-09 21:45:00,2024,2,9,21,45,34,34172,RIMBAUD (RUE PAUL),43.61869,3.8463,Nuit avec éclairage allumé,En agglomération,Hors intersection,Normale,Deux véhicules - arrière,4,2,4,0,1,1,1,0,1,50,2,2,1,0,0,1,74.0,21.0,voiture,voiture,5,2,1,1,2
202400003144,2024-06-06 08:50:00,2024,6,6,8,50,64,64284,GUINDALOS DE,43.2805,-0.38305,Plein jour,En agglomération,Intersection en T,Normale,Deux véhicules - côté,3,2,3,0,1,1,1,1,1,70,2,2,1,0,0,1,35.0,61.0,voiture,deux_roues,1,2,3,1,3
202400003144,2024-06-06 08:50:00,2024,6,6,8,50,64,64284,GUINDALOS DE,43.2805,-0.38305,Plein jour,En agglomération,Intersection en T,Normale,Deux véhicules - côté,3,2,2,0,1,1,1,0,1,50,2,2,1,0,0,1,35.0,61.0,voiture,deux_roues,1,2,3,1,3
202400003145,2024-09-20 18:50:00,2024,9,20,18,50,33,33382,,45.133814,-0.486606,Plein jour,En agglomération,Hors intersection,Normale,Deux véhicules - côté,3,2,2,0,1,1,1,0,1,50,2,2,1,0,1,0,25.0,83.0,voiture,deux_roues,1,2,1,1,3
202400003146,2024-06-05 08:10:00,2024,6,5,8,10,64,64445,CONDORCET,43.3164,-0.36146,Plein jour,En agglomération,Hors intersection,Normale,Deux véhicules - arrière,4,1,2,0,1,1,1,5,1,50,2,2,1,0,0,1,29.0,50.0,deux_roues,voiture,1,2,1,1,2
202400003147,2024-02-09 14:24:00,2024,2,9,14,24,34,34172,ITALIE (PLACE D'),43.64201,3.81857,Plein jour,En agglomération,Hors intersection,Normale,Deux véhicules - côté,4,1,2,0,1,3,1,0,1,30,2,2,1,0,1,0,21.0,,voiture,voiture,1,2,1,1,3
202400003148,2024-06-06 18:15:00,2024,6,6,18,15,64,64024,rond point de bahinos,43.494182,-1.51869727,Plein jour,En agglomération,Hors intersection,Normale,Deux véhicules - côté,4,1,2,0,1,2,1,0,1,50,2,2,1,0,0,1,19.0,83.0,deux_roues,voiture,1,2,1,1,3
202400003149,2024-10-23 17:45:00,2024,10,23,17,45,49,49301,La Petite Gaudinière (Tillières),47.133108,-1.189871,Plein jour,Hors agglomération,Hors intersection,Temps éblouissant,Deux véhicules - côté,4,2,2,0,1,1,1,0,1,80,2,2,1,0,1,0,9.0,36.0,deux_roues,voiture,1,1,1,7,3
202400003150,2024-06-06 15:00:00,2024,6,6,15,0,64,64024,BAB (BOULEVARD DU),43.49644,-1.51156,Plein jour,En agglomération,Hors intersection,Normale,Deux véhicules - arrière,4,2,4,0,1,1,1,0,1,50,2,2,1,0,0,1,44.0,57.0,deux_roues,voiture,1,2,1,1,2
202400003151,2024-10-23 15:05:00,2024,10,23,15,5,44,44172,34 Rue du Président Coty,47.249006,-1.488111,Plein jour,En agglomération,Hors intersection,Normale,Autre collision,4,2,2,0,1,1,1,0,1,30,1,2,1,0,1,0,84.0,,voiture,,1,2,1,1,6
202400003152,2024-02-09 21:30:00,2024,2,9,21,30,33,33063,,44.83855,-0.60459,Nuit avec éclairage allumé,En agglomération,Intersection en X,Normale,Deux véhicules - côté,4,1,1,2,1,1,1,5,1,30,2,3,1,0,0,2,22.0,19.0,voiture,deux_roues,5,2,2,1,3
202400003152,2024-02-09 21:30:00,2024,2,9,21,30,33,33063,,44.83855,-0.60459,Nuit avec éclairage allumé,En agglomération,Intersection en X,Normale,Deux véhicules - côté,4,1,1,0,1,1,1,5,1,30,2,3,1,0,0,2,22.0,19.0,voiture,deux_roues,5,2,2,1,3
202400003153,2024-06-06 09:35:00,2024,6,6,9,35,64,64024,ADOUR (AVENUE DE L'),43.52112,-1.5017,Plein jour,En agglomération,Hors intersection,Normale,Deux véhicules - arrière,6,-1, -1,0,1,1,1,9,8,30,2,2,1,0,0,1,46.0,84.0,utilitaire_camion,voiture,1,2,1,1,2
202400003154,2024-02-09 20:00:00,2024,2,9,20,0,31,31555,VA007553 A61,43.63774,1.47702,Nuit avec éclairage allumé,Hors agglomération,Hors intersection,Normale,Deux véhicules - côté,1,1,6,0,1,1,1,0,1,130,2,2,1,0,0,1,49.0,49.0,utilitaire_camion,voiture,5,1,1,1,3
202400003155,2024-10-22 10:20:00,2024,10,22,10,20,35,35015,RD 178,48.171767,-1.185987,Plein jour,Hors agglomération,Hors intersection,Brouillard / fumée,Deux véhicules - frontale,3,2,2,0,2,1,1,9,1,80,2,2,0,1,0,1,69.0,25.0,utilitaire_camion,utilitaire_camion,1,1,1,5,1
202400003156,2024-06-06 08:20:00,2024,6,6,8,20,64,64102,MOLINIE (AVENUE JEAN),43.49264,-1.48327,Plein jour,En agglomération,Hors intersection,Normale,Deux véhicules - côté,4,1,1,0,2,1,1,0,1,30,2,2,1,0,0,1,84.0,57.0,voiture,deux_roues,1,2,1,1,3
202400003157,2024-02-03 19:35:00,2024,2,3,19,35,30,30028,,44.15692,4.61499,Nuit sans éclairage public,En agglomération,Autre intersection,Normale,Sans collision,6,-1,0,0,1,1,1,0,8,30,1,2,1,0,1,0,35.0,,voiture,,3,2,9,1,7
202400003158,2024-06-05 18:07:00,2024,6,5,18,7,64,64102,NAVARRE (AVENUE HENRI DE),43.50156,-1.44585,Plein jour,En agglomération,Intersection en T,Normale,Deux véhicules - côté,3,2, -1,-1,1,1,1,0,1,50,2,2,1,0,1,0,57.0,38.0,deux_roues,voiture,1,2,3,1,3
202400003158,2024-06-05 18:07:00,2024,6,5,18,7,64,64102,NAVARRE (AVENUE HENRI DE),43.50156,-1.44585,Plein jour,En agglomération,Intersection en T,Normale,Deux véhicules - côté,3,2,3,0,1,3,1,0,1,50,2,2,1,0,1,0,57.0,38.0,deux_roues,voiture,1,2,3,1,3
202400003159,2024-10-24 18:10:00,2024,10,24,18,10,02,02443,,49.044043,3.265525,Plein jour,Hors agglomération,Hors intersection,Normale,Autre collision,3,2,2,0,1,3,1,0,1,80,1,1,0,0,1,0,41.0,,deux_roues,,1,1,1,1,6
202400003160,2024-06-05 11:20:00,2024,6,5,11,20,64,64102,FAIENCERIE(Rond Point de la),43.49374,-1.49147,Plein jour,En agglomération,Autre intersection,Normale,Deux véhicules - côté,4,1,2,0,1,2,1,0,1,30,2,2,1,0,0,1,73.0,65.0,voiture,deux_roues,1,2,9,1,3
202400003161,2024-10-22 17:55:00,2024,10,22,17,55,59,59139,Rue Stephenson,50.126817,3.4181,Crépuscule ou aube,En agglomération,Giratoire,Normale,Deux véhicules - frontale,4,2,2,0,1,1,1,0,1,50,1,2,1,0,1,0,46.0,,voiture,,2,2,6,1,1
202400003162,2024-02-08 12:23:00,2024,2,8,12,23,29,29019,chemin du Grand Kervao,48.42308814,-4.51076368,Plein jour,Hors agglomération,Intersection en Y,Pluie légère,Trois véhicules et plus - collisions multiples,3,2,2,0,2,3,2,0,1,50,3,3,1,0,0,2,35.0,21.0,voiture,voiture,1,1,4,2,5
202400003162,2024-02-08 12:23:00,2024,2,8,12,23,29,29019,chemin du Grand Kervao,48.42308814,-4.51076368,Plein jour,Hors agglomération,Intersection en Y,Pluie légère,Trois véhicules et plus - collisions multiples,3,2, -1,0,1,1,2,0,1,-1,3,3,1,0,0,2,35.0,21.0,voiture,voiture,1,1,4,2,5
202400003163,2024-06-05 09:20:00,2024,6,5,9,20,64,64102,RESPLANDY (AVENUE DU CAPITAINE),43.49128579,-1.46884739,Plein jour,En agglomération,Giratoire,Normale,Deux véhicules - côté,4,2,2,0,1,1,1,5,1,30,2,2,1,0,0,1,52.0,80.0,deux_roues,voiture,1,2,6,1,3
202400003163,2024-06-05 09:20:00,2024,6,5,9,20,64,64102,RESPLANDY (AVENUE DU CAPITAINE),43.49128579,-1.46884739,Plein jour,En agglomération,Giratoire,Normale,Deux véhicules - côté,4,2,0,1,1,3,1,0,1,30,2,2,1,0,0,1,52.0,80.0,deux_roues,voiture,1,2,6,1,3
202400003164,2024-02-07 17:10:00,2024,2,7,17,10,29,29019,rue Victor Eusen,48.379603,-4.53465,Plein jour,En agglomération,Hors intersection,Pluie légère,Autre collision,4,2,2,0,1,1,2,0,1,50,1,2,1,0,0,1,29.0,,utilitaire_camion,,1,2,1,2,6
202400003165,2024-10-19 20:50:00,2024,10,19,20,50,01,01275,A42 4.329 A 5.760   LYON/GEN,45.80942,4.93299,Nuit sans éclairage public,Hors agglomération,Hors intersection,Normale,Deux véhicules - arrière,1,1,3,0,1,1,1,0,1,110,2,2,1,0,1,0,26.0,68.0,voiture,voiture,3,1,1,1,2
202400003166,2024-06-05 20:15:00,2024,6,5,20,15,62,62194,D341,50.48322496,2.47414649,Plein jour,En agglomération,Giratoire,Normale,Deux véhicules - côté,3,-1,1,0,1,1,1,0,1,50,2,2,1,0,0,1,22.0,34.0,voiture,deux_roues,1,2,6,1,3
202400003166,2024-06-05 20:15:00,2024,6,5,20,15,62,62194,D341,50.48322496,2.47414649,Plein jour,En agglomération,Giratoire,Normale,Deux véhicules - côté,3,1,1,0,1,2,1,0,1,50,2,2,1,0,0,1,22.0,34.0,voiture,deux_roues,1,2,6,1,3
202400003167,2024-06-06 11:30:00,2024,6,6,11,30,62,62193,Avenue Pierre de Coubertin,50.95338188,1.83854127,Plein jour,En agglomération,Giratoire,Normale,Autre collision,4,2,2,0,1,1,1,0,1,50,1,2,1,0,0,1,55.0,,voiture,,1,2,6,1,6
202400003168,2024-10-22 05:25:00,2024,10,22,5,25,57,57356,Autoroute A31,49.44840227,6.11968517,Nuit sans éclairage public,Hors agglomération,Hors intersection,Normale,Deux véhicules - arrière,1,3,4,0,1,1,1,0,1,110,2,2,0,0,1,1,54.0,51.0,deux_roues,voiture,3,1,1,1,2
202400003169,2024-06-05 17:20:00,2024,6,5,17,20,59,59512,Rue Turgot,50.70326,3.17378,Plein jour,En agglomération,Intersection en T,Normale,Deux véhicules - côté,4,2,2,0,1,3,1,0,1,50,2,3,2,0,1,0,29.0,27.0,voiture,deux_roues,1,2,3,1,3
202400003169,2024-06-05 17:20:00,2024,6,5,17,20,59,59512,Rue Turgot,50.70326,3.17378,Plein jour,En agglomération,Intersection en T,Normale,Deux véhicules - côté,4,2,2,0,1,1,1,0,1,50,2,3,2,0,1,0,29.0,27.0,voiture,deux_roues,1,2,3,1,3
202400003170,2024-10-23 09:00:00,2024,10,23,9,0,78,78423,RN12,48.794328,2.049801,Plein jour,Hors agglomération,Hors intersection,Brouillard / fumée,Autre collision,2,-1,2,0,1,1,1,0,1,110,2,2,1,0,1,0,46.0,21.0,deux_roues,utilitaire_camion,1,1,1,5,6
202400003171,2024-02-09 07:50:00,2024,2,9,7,50,27,27375,THOREL (PLACE ERNEST),49.21547,1.16823,Plein jour,En agglomération,Giratoire,Normale,Deux véhicules - arrière,4,1,1,0,1,2,1,0,1,30,2,2,1,0,0,1,56.0,27.0,utilitaire_camion,voiture,1,2,6,1,2
202400003172,2024-06-06 08:50:00,2024,6,6,8,50,59,59378,STRATEGIQUE PAVE,50.68673,3.1025,Plein jour,Hors agglomération,Giratoire,Normale,Deux véhicules - côté,4,1,2,0,1,3,1,0,1,30,2,2,1,0,1,0,50.0,33.0,deux_roues,voiture,1,1,6,1,3
202400003173,2024-10-22 05:30:00,2024,10,22,5,30,78,78402,A13,48.963881,1.778354,Nuit avec éclairage non allumé,Hors agglomération,Hors intersection,Normale,Autre collision,1,-1,3,0,1,1,2,0,1,130,1,1,0,0,0,1,59.0,,utilitaire_camion,,4,1,1,1,6
202400003174,2024-02-08 07:55:00,2024,2,8,7,55,27,27229,QUATORZE JUILLET (BOULEVARD),49.01007,1.16745,Crépuscule ou aube,En agglomération,Autre intersection,Pluie légère,Autre collision,4,1,2,0,1,1,2,0,1,50,1,2,1,0,0,1,55.0,,voiture,,2,2,9,2,6
202400003175,2024-06-05 06:40:00,2024,6,5,6,40,59,59009,Boulevard du Breucq,50.64855,3.14922,Crépuscule ou aube,Hors agglomération,Hors intersection,Normale,Autre collision,7,1,2,0,1,3,1,3,1,70,1,1,0,0,1,0,54.0,,deux_roues,,2,1,1,1,6
202400003176,2024-06-05 15:40:00,2024,6,5,15,40,59,59183,REPUBLIQUE,51.02864,2.35184,Plein jour,En agglomération,Intersection en T,Normale,Autre collision,4,2,2,0,1,1,1,0,1,50,1,2,1,0,1,0,20.0,,deux_roues,,1,2,3,1,6
202400003176,2024-06-05 15:40:00,2024,6,5,15,40,59,59183,REPUBLIQUE,51.02864,2.35184,Plein jour,En agglomération,Intersection en T,Normale,Autre collision,4,2,0,0,1,1,1,9,1,30,1,2,1,0,1,0,20.0,,deux_roues,,1,2,3,1,6
202400003177,2024-02-09 20:05:00,2024,2,9,20,5,25,25056,CASSOTTE  RUE DE LA,47.245999,6.029661,Nuit avec éclairage allumé,En agglomération,Hors intersection,Pluie légère,Deux véhicules - côté,4,1,2,0,1,1,2,0,4,50,2,3,2,0,0,1,37.0,23.0,voiture,voiture,5,2,1,2,3
202400003178,2024-10-22 21:45:00,2024,10,22,21,45,93,93005,AUTOROUTE A3,48.96017102,2.47352704,Nuit sans éclairage public,Hors agglomération,Hors intersection,Normale,Trois véhicules et plus - en chaîne,1,3,3,0,1,1,1,0,1,90,3,3,0,0,0,3,43.0,42.0,utilitaire_camion,voiture,3,1,1,1,4
202400003179,2024-06-05 18:32:00,2024,6,5,18,32,56,56121,Cours Louis de Chazelles,47.75372,-3.36234,Plein jour,En agglomération,Intersection en X,Normale,Deux véhicules - côté,4,2,2,0,3,1,1,0,1,30,2,2,1,0,0,1,23.0,50.0,deux_roues,deux_roues,1,2,2,1,3
202400003179,2024-06-05 18:32:00,2024,6,5,18,32,56,56121,Cours Louis de Chazelles,47.75372,-3.36234,Plein jour,En agglomération,Intersection en X,Normale,Deux véhicules - côté,4,3,2,3,1,1,1,0,1,30,2,2,1,0,0,1,23.0,50.0,deux_roues,deux_roues,1,2,2,1,3
202400003180,2024-02-05 16:13:00,2024,2,5,16,13,19,19275,CLERMONT (AVENUE) N° PAIRS,45.56956235,2.33116347,Plein jour,En agglomération,Intersection en T,Normale,Deux véhicules - frontale,3,2,2,0,1,1,1,0,1,50,2,2,0,0,0,2,57.0,93.0,voiture,voiture,1,2,3,1,1
202400003180,2024-02-05 16:13:00,2024,2,5,16,13,19,19275,CLERMONT (AVENUE) N° PAIRS,45.56956235,2.33116347,Plein jour,En agglomération,Intersection en T,Normale,Deux véhicules - frontale,3,2,2,0,1,1,1,0,1,70,2,2,0,0,0,2,57.0,93.0,voiture,voiture,1,2,3,1,1
202400003181,2024-10-23 17:30:00,2024,10,23,17,30,77,77146,A4.W,48.83151,2.64542,Plein jour,Hors agglomération,Hors intersection,Normale,Deux véhicules - côté,1,3,4,0,1,1,1,0,1,110,2,2,1,0,0,1,20.0,37.0,deux_roues,voiture,1,1,1,1,3
202400003182,2024-06-05 16:20:00,2024,6,5,16,20,54,54025,Avenue de la Chartreuse,48.66199,6.2533,Plein jour,En agglomération,Hors intersection,Normale,Deux véhicules - arrière,7,2,2,1,1,1,1,-1,1,50,2,2,1,0,0,1,23.0,46.0,utilitaire_camion,voiture,1,2,1,1,2
202400003183,2024-02-06 16:45:00,2024,2,6,16,45,14,14327,9 Rue Abbé Lucas,49.19522,-0.32785,Plein jour,En agglomération,Intersection en T,Normale,Deux véhicules - côté,4,-1,2,0,1,1,1,0,1,50,2,3,1,0,0,2,22.0,21.0,deux_roues,voiture,1,2,3,1,3
202400003183,2024-02-06 16:45:00,2024,2,6,16,45,14,14327,9 Rue Abbé Lucas,49.19522,-0.32785,Plein jour,En agglomération,Intersection en T,Normale,Deux véhicules - côté,4,-1,2,0,1,1,1,0,1,50,2,3,1,0,0,2,22.0,21.0,deux_roues,voiture,1,2,3,1,3
202400003184,2024-06-05 12:00:00,2024,6,5,12,0,54,54395,Avenue Raymond Pinchard,48.703251,6.1554,Plein jour,En agglomération,Hors intersection,Normale,Autre collision,4,3,4,3,1,1,1,0,1,30,1,2,1,0,0,1,48.0,,transport_commun,,1,2,1,1,6
202400003185,2024-10-23 11:40:00,2024,10,23,11,40,77,77169,RN104,48.82051241,2.61575004,Plein jour,Hors agglomération,Hors intersection,Normale,Deux véhicules - arrière,2,3,3,0,1,3,1,3,1,90,2,2,1,0,0,1,47.0,59.0,deux_roues,voiture,1,1,1,1,2
202400003186,2024-02-08 15:00:00,2024,2,8,15,0,13,13213,CHEMIN DU MERLAN A LA ROSE ,43.33094,5.4072,Plein jour,En agglomération,Hors intersection,Normale,Deux véhicules - côté,4,-1,3,0,1,1,1,0,1,50,2,3,2,0,0,1,48.0,27.0,voiture,deux_roues,1,2,1,1,3
202400003187,2024-05-17 16:45:00,2024,5,17,16,45,54,54273,Route de Tichemont,49.16635,5.8878,Plein jour,En agglomération,Hors intersection,Pluie forte,Deux véhicules - frontale,3,2,2,2,1,1,2,-1,1,50,2,2,1,0,0,1,41.0,53.0,voiture,voiture,1,2,1,3,1
202400003188,2024-10-22 23:50:00,2024,10,22,23,50,94,94022,A86,48.77678786,2.4174609,Nuit sans éclairage public,Hors agglomération,Hors intersection,Normale,Deux véhicules - arrière,1,1,3,0,1,3,1,0,1,90,2,2,1,0,0,1,31.0,27.0,voiture,voiture,3,1,1,1,2
202400003189,2024-02-09 19:29:00,2024,2,9,19,29,13,13001,ROI RENE (BD DU),43.52455,5.45352,Nuit avec éclairage allumé,En agglomération,Hors intersection,Pluie légère,Deux véhicules - frontale,4,1,2,3,2,1,2,0,6,50,1,2,1,0,1,0,18.0,,deux_roues,,5,2,1,2,1
202400003190,2024-06-05 18:25:00,2024,6,5,18,25,51,51058,SACY (RUE),49.21977,3.99286,Plein jour,En agglomération,Intersection en T,Normale,Deux véhicules - côté,4,1, -1,-1,1,1,1,-1,1,-1,2,2,1,0,0,1,16.0,20.0,deux_roues,voiture,1,2,3,1,3