accident_id,datetime,annee,mois,jour,heure,minute,departement,commune_insee,adresse,latitude,longitude,luminosite,agglomeration,intersection,meteo,collision,catr,circ,nbv,vosp,prof,plan,surf,infra,situ,vma,nb_vehicules,nb_usagers,nb_indemnes,nb_tues,nb_blesses_hosp,nb_blesses_legers,age_cond_1,age_cond_2,veh_type_cond_1,veh_type_cond_2,lum_code,agg_code,int_code,atm_code,col_code
202400003255,2024-10-22 09:40:00,2024,10,22,9,40,84,84007,PIERRE SEMARD (AVENUE),43.93394,4.83138,Plein jour,En agglomération,Intersection en X,Normale,Deux véhicules - côté,4,3,4,3,1,1,1,5,1,50,2,2,1,0,0,1,27.0,47.0,voiture,voiture,1,2,2,1,3
202400003256,2024-06-05 16:44:00,2024,6,5,16,44,10,10357,ROCADE EST (RD 610),48.2957,4.1378,Plein jour,Hors agglomération,Hors intersection,Normale,Trois véhicules et plus - en chaîne,3,2,2,0,1,1,1,0,1,90,3,5,4,0,0,1,54.0,63.0,voiture,voiture,1,1,1,1,4
202400003257,2024-10-22 06:52:00,2024,10,22,6,52,83,83137,JOFFRE (BD MARECHAL),43.12368,5.94985,Nuit avec éclairage allumé,En agglomération,Hors intersection,Normale,Autre collision,3,2,2,0,1,1,1,0,1,30,1,2,1,0,1,0,,,voiture,,5,2,1,1,6
202400003258,2024-06-05 18:55:00,2024,6,5,18,55,09,09225,MARCHE AUX BOEUFS PLACE DU,43.1111,1.60903,Plein jour,En agglomération,Intersection en X,Normale,Deux véhicules - côté,4,2,2,0,1,1,1,0,1,50,2,2,1,0,0,1,66.0,16.0,voiture,deux_roues,1,2,2,1,3
202400003258,2024-06-05 18:55:00,2024,6,5,18,55,09,09225,MARCHE AUX BOEUFS PLACE DU,43.1111,1.60903,Plein jour,En agglomération,Intersection en X,Normale,Deux véhicules - côté,4,2, -1,-1,1,1,1,0,1,-1,2,2,1,0,0,1,66.0,16.0,voiture,deux_roues,1,2,2,1,3
202400003259,2024-10-21 15:35:00,2024,10,21,15,35,81,81004,SAINT JUERY (AV DE) DU N° 1 AU N° 48,43.93432,2.1746,Plein jour,En agglomération,Hors intersection,Normale,Autre collision,3,2,2,0,1,1,1,0,1,50,1,2,1,1,0,0,77.0,,voiture,,1,2,1,1,6
202400003260,2024-06-05 17:25:00,2024,6,5,17,25,04,04112,CHAMP DE PRUNIERS (CH.),43.82757,5.79852,Plein jour,En agglomération,Hors intersection,Normale,Autre collision,4,2,2,0,1,1,1,0,1,50,1,2,1,0,1,0,55.0,,voiture,,1,2,1,1,6
202400003261,2024-10-21 17:54:00,2024,10,21,17,54,80,80021,Rue Victor Hugo,49.89273,2.30233,Plein jour,Hors agglomération,Hors intersection,Normale,Deux véhicules - côté,4,-1,2,0,1,1,1,0,1,50,1,2,1,0,0,1,21.0,,utilitaire_camion,,1,1,1,1,3
202400003262,2024-06-02 10:05:00,2024,6,2,10,5,04,04112,D907,43.8323,5.76226,Plein jour,Hors agglomération,Hors intersection,Normale,Deux véhicules - frontale,3,2,2,0,2,1,1,0,1,80,2,2,0,0,1,1,82.0,19.0,voiture,voiture,1,1,1,1,1
202400003263,2024-10-21 17:34:00,2024,10,21,17,34,78,78423,PARC (AVENUE DU),48.77538,2.02991,Plein jour,En agglomération,Hors intersection,Normale,Autre collision,4,2,2,0,1,1,1,0,1,30,1,2,1,0,0,1,73.0,,voiture,,1,2,1,1,6
202400003264,2024-06-05 12:10:00,2024,6,5,12,10,75,75114,BD PERIPHERIQUE EXTERIEUR,48.81869,2.331751,Plein jour,En agglomération,Hors intersection,Normale,Deux véhicules - arrière,4,1,2,0,1,1,1,0,1,70,2,2,1,0,0,1,48.0,22.0,voiture,deux_roues,1,2,1,1,2
202400003265,2024-10-22 18:20:00,2024,10,22,18,20,78,78172,ANGLAIS (RUE DES),49.005367,2.095524,Plein jour,En agglomération,Intersection en X,Normale,Deux véhicules - côté,4,2,0,0,1,1,1,0,1,50,2,4,3,0,0,1,52.0,38.0,voiture,voiture,1,2,2,1,3
202400003265,2024-10-22 18:20:00,2024,10,22,18,20,78,78172,ANGLAIS (RUE DES),49.005367,2.095524,Plein jour,En agglomération,Intersection en X,Normale,Deux véhicules - côté,4,2,0,0,1,1,1,0,1,50,2,4,3,0,0,1,52.0,38.0,voiture,voiture,1,2,2,1,3
202400003266,2024-06-06 19:15:00,2024,6,6,19,15,75,75119,RUE ANDRE DANJON,48.885821,2.38462,Plein jour,En agglomération,Hors intersection,Normale,Autre collision,4,1,1,0,1,1,1,0,1,30,2,2,1,0,0,1,39.0,53.0,deux_roues,voiture,1,2,1,1,6
202400003267,2024-06-06 19:00:00,2024,6,6,19,0,75,75118,AVENUE DE SAINT OUEN,48.896389,2.328586,Plein jour,En agglomération,Hors intersection,Normale,Autre collision,4,2,2,1,1,1,1,-1,5,30,1,2,1,0,1,0,,,deux_roues,,1,2,1,1,6
202400003268,2024-10-22 01:15:00,2024,10,22,1,15,78,78672,DE VOISINS AVENUE DU PRESIDENT GILBERT,48.92744,2.01492,Nuit avec éclairage non allumé,Hors agglomération,Hors intersection,Pluie légère,Autre collision,3,2,2,1,1,1,2,0,1,70,2,2,1,1,0,0,17.0,29.0,deux_roues,voiture,4,1,1,2,6
202400003269,2024-06-06 17:05:00,2024,6,6,17,5,75,75118,RUE MARX DORMOY,48.88489,2.359348,Plein jour,En agglomération,Place,Normale,Autre collision,4,1, -1,-1,1,1,1,0,1,-1,1,2,0,0,0,2,36.0,,deux_roues,,1,2,7,1,6
202400003269,2024-06-06 17:05:00,2024,6,6,17,5,75,75118,RUE MARX DORMOY,48.88489,2.359348,Plein jour,En agglomération,Place,Normale,Autre collision,4,2,5,3,1,1,1,0,1,30,1,2,0,0,0,2,36.0,,deux_roues,,1,2,7,1,6
202400003270,2024-10-21 08:27:00,2024,10,21,8,27,77,77495,N 105,48.56176,2.64521,Plein jour,Hors agglomération,Hors intersection,Normale,Deux véhicules - arrière,2,-1,0,0,1,1,1,0,1,80,2,2,0,0,0,2,44.0,32.0,utilitaire_camion,voiture,1,1,1,1,2
202400003271,2024-10-22 18:53:00,2024,10,22,18,53,77,77284,TRINITAIRES (RUE DES),48.95657,2.87393,Nuit avec éclairage allumé,En agglomération,Autre intersection,Temps couvert,Autre collision,4,2,2,0,2,1,1,0,1,30,1,2,1,0,0,1,48.0,,transport_commun,,5,2,9,8,6
202400003272,2024-06-05 16:05:00,2024,6,5,16,5,75,75117,BOULEVARD PEREIRE,48.883677,2.295325,Plein jour,En agglomération,Intersection en X,Normale,Deux véhicules - côté,4,1,1,0,1,1,1,0,1,30,2,2,1,0,0,1,25.0,,deux_roues,utilitaire_camion,1,2,2,1,3
202400003272,2024-06-05 16:05:00,2024,6,5,16,5,75,75117,BOULEVARD PEREIRE,48.883677,2.295325,Plein jour,En agglomération,Intersection en X,Normale,Deux véhicules - côté,4,1, -1,-1,1,1,1,0,1,30,2,2,1,0,0,1,25.0,,deux_roues,utilitaire_camion,1,2,2,1,3
202400003273,2024-06-06 19:20:00,2024,6,6,19,20,75,75116,ALLEE DES FORTIFICATIONS,48.851332,2.259015,Plein jour,En agglomération,Hors intersection,Normale,Deux véhicules - côté,4,2,2,0,1,1,1,0,1,30,2,2,1,0,0,1,41.0,39.0,voiture,deux_roues,1,2,1,1,3
202400003274,2024-10-22 17:30:00,2024,10,22,17,30,69,69266,Avenue Paul Krüger,45.75474611,4.90198092,Plein jour,En agglomération,Intersection en T,Normale,Deux véhicules - arrière,4,2,2,0,1,1,1,0,1,30,2,2,1,0,0,1,24.0,24.0,voiture,voiture,1,2,3,1,2
202400003274,2024-10-22 17:30:00,2024,10,22,17,30,69,69266,Avenue Paul Krüger,45.75474611,4.90198092,Plein jour,En agglomération,Intersection en T,Normale,Deux véhicules - arrière,4,2,4,0,1,1,1,0,1,30,2,2,1,0,0,1,24.0,24.0,voiture,voiture,1,2,3,1,2
202400003275,2024-06-06 15:30:00,2024,6,6,15,30,75,75116,RUE DE LA TOUR,48.859473,2.282524,Plein jour,En agglomération,Hors intersection,Normale,Deux véhicules - frontale,4,1,1,0,2,1,1,0,1,30,2,2,1,0,0,1,24.0,26.0,deux_roues,deux_roues,1,2,1,1,1
202400003276,2024-10-22 07:35:00,2024,10,22,7,35,69,69115,Avenue Edouard Herriot,45.97888,4.7342,Nuit avec éclairage allumé,En agglomération,Giratoire,Normale,Deux véhicules - arrière,3,2,4,0,1,1,2,0,1,50,2,2,1,0,0,1,75.0,29.0,voiture,voiture,5,2,6,1,2
202400003276,2024-10-22 07:35:00,2024,10,22,7,35,69,69115,Avenue Edouard Herriot,45.97888,4.7342,Nuit avec éclairage allumé,En agglomération,Giratoire,Normale,Deux véhicules - arrière,3,1,1,0,1,2,2,0,1,50,2,2,1,0,0,1,75.0,29.0,voiture,voiture,5,2,6,1,2
202400003277,2024-06-06 08:45:00,2024,6,6,8,45,75,75116,ALLEE DE LA REINE MARGUERITE,48.853987,2.241871,Plein jour,En agglomération,Hors intersection,Normale,Deux véhicules - côté,4,2,4,0,1,1,1,0,1,50,2,2,1,0,0,1,41.0,40.0,deux_roues,voiture,1,2,1,1,3
202400003278,2024-10-22 08:00:00,2024,10,22,8,0,69,69290,Boulevard de la Porte des Alpes,45.71504,4.92549,Plein jour,Hors agglomération,Intersection en X,Pluie légère,Deux véhicules - côté,4,2,2,0,1,1,2,0,1,50,2,2,1,0,0,1,22.0,52.0,voiture,voiture,1,1,2,2,3
202400003278,2024-10-22 08:00:00,2024,10,22,8,0,69,69290,Boulevard de la Porte des Alpes,45.71504,4.92549,Plein jour,Hors agglomération,Intersection en X,Pluie légère,Deux véhicules - côté,4,2,4,0,1,1,2,0,1,70,2,2,1,0,0,1,22.0,52.0,voiture,voiture,1,1,2,2,3
202400003279,2024-06-06 14:30:00,2024,6,6,14,30,75,75115,BOULEVARD GARIBALDI,48.847488,2.303529,Plein jour,En agglomération,Hors intersection,Normale,Deux véhicules - côté,4,1,1,1,1,1,1,-1,5,30,2,2,1,0,0,1,88.0,24.0,voiture,deux_roues,1,2,1,1,3
202400003280,2024-06-06 09:35:00,2024,6,6,9,35,75,75111,AVENUE LEDRU ROLLIN,48.856597,2.379221,Plein jour,En agglomération,Intersection en X,Normale,Autre collision,4,2,2,0,1,1,1,0,1,30,1,2,1,0,1,0,29.0,,deux_roues,,1,2,2,1,6
202400003280,2024-06-06 09:35:00,2024,6,6,9,35,75,75111,AVENUE LEDRU ROLLIN,48.856597,2.379221,Plein jour,En agglomération,Intersection en X,Normale,Autre collision,4,2, -1,-1,1,1,1,0,1,-1,1,2,1,0,1,0,29.0,,deux_roues,,1,2,2,1,6
202400003281,2024-10-21 23:05:00,2024,10,21,23,5,69,69029,Boulevard de l'Université,45.72283066,4.92010074,Nuit avec éclairage allumé,En agglomération,Hors intersection,Normale,Deux véhicules - côté,4,3,4,0,2,3,1,0,1,50,2,5,4,0,0,1,21.0,51.0,voiture,voiture,5,2,1,1,3
202400003282,2024-06-05 08:50:00,2024,6,5,8,50,75,75111,AVENUE PHILIPPE AUGUSTE,48.851342,2.394086,Plein jour,En agglomération,Hors intersection,Normale,Deux véhicules - côté,4,2, -1,0,1,1,1,0,1,30,2,2,1,0,0,1,43.0,39.0,utilitaire_camion,deux_roues,1,2,1,1,3
202400003283,2024-10-21 17:50:00,2024,10,21,17,50,69,69029,Rue de Reims,45.73938,4.9114,Plein jour,En agglomération,Intersection en X,Normale,Deux véhicules - côté,4,1,1,0,1,1,1,0,1,50,2,4,3,0,0,1,43.0,37.0,voiture,utilitaire_camion,1,2,2,1,3
202400003283,2024-10-21 17:50:00,2024,10,21,17,50,69,69029,Rue de Reims,45.73938,4.9114,Plein jour,En agglomération,Intersection en X,Normale,Deux véhicules - côté,4,2,2,0,1,1,1,0,1,50,2,4,3,0,0,1,43.0,37.0,voiture,utilitaire_camion,1,2,2,1,3
202400003284,2024-06-05 22:35:00,2024,6,5,22,35,75,75110,RUE DE LANCRY,48.86981,2.36069,Nuit avec éclairage allumé,En agglomération,Intersection en X,Normale,Deux véhicules - frontale,4,1, -1,-1,2,1,1,0,1,30,2,2,1,0,1,0,,29.0,deux_roues,deux_roues,5,2,2,1,1
202400003284,2024-06-05 22:35:00,2024,6,5,22,35,75,75110,RUE DE LANCRY,48.86981,2.36069,Nuit avec éclairage allumé,En agglomération,Intersection en X,Normale,Deux véhicules - frontale,4,1,1,0,2,1,1,0,1,30,2,2,1,0,1,0,,29.0,deux_roues,deux_roues,5,2,2,1,1
202400003285,2024-10-21 16:58:00,2024,10,21,16,58,69,69290,Boulevard des Roses,45.68769927,4.9350019,Plein jour,En agglomération,Intersection en T,Normale,Deux véhicules - arrière,4,2,2,0,1,1,1,0,1,-1,2,2,1,0,0,1,66.0,62.0,voiture,voiture,1,2,3,1,2
202400003285,2024-10-21 16:58:00,2024,10,21,16,58,69,69290,Boulevard des Roses,45.68769927,4.9350019,Plein jour,En agglomération,Intersection en T,Normale,Deux véhicules - arrière,4,2,2,0,1,1,1,0,1,50,2,2,1,0,0,1,66.0,62.0,voiture,voiture,1,2,3,1,2
202400003286,2024-06-06 19:00:00,2024,6,6,19,0,75,75109,PLACE D ESTIENNE D ORVES,48.876534,2.330945,Plein jour,En agglomération,Place,Normale,Deux véhicules - côté,4,1, -1,-1,1,1,1,0,1,-1,2,2,1,0,0,1,46.0,28.0,deux_roues,deux_roues,1,2,7,1,3
202400003286,2024-06-06 19:00:00,2024,6,6,19,0,75,75109,PLACE D ESTIENNE D ORVES,48.876534,2.330945,Plein jour,En agglomération,Place,Normale,Deux véhicules - côté,4,1,3,0,2,3,1,0,1,30,2,2,1,0,0,1,46.0,28.0,deux_roues,deux_roues,1,2,7,1,3
202400003287,2024-10-21 11:30:00,2024,10,21,11,30,69,69290,Rue d'Alsace,45.71809842,4.90980729,Plein jour,En agglomération,Intersection en T,Temps éblouissant,Deux véhicules - côté,7,2,2,0,1,1,1,0,1,50,2,2,1,0,0,1,69.0,39.0,voiture,voiture,1,2,3,7,3
202400003287,2024-10-21 11:30:00,2024,10,21,11,30,69,69290,Rue d'Alsace,45.71809842,4.90980729,Plein jour,En agglomération,Intersection en T,Temps éblouissant,Deux véhicules - côté,7,2,3,3,1,1,1,0,1,50,2,2,1,0,0,1,69.0,39.0,voiture,voiture,1,2,3,7,3
202400003288,2024-06-06 09:30:00,2024,6,6,9,30,75,75104,RUE DE RIVOLI,48.856164,2.35713,Plein jour,En agglomération,Intersection en X,Normale,Deux véhicules - côté,4,-1,0,3,1,1,1,0,1,30,2,2,1,0,0,1,35.0,32.0,utilitaire_camion,deux_roues,1,2,2,1,3
202400003288,2024-06-06 09:30:00,2024,6,6,9,30,75,75104,RUE DE RIVOLI,48.856164,2.35713,Plein jour,En agglomération,Intersection en X,Normale,Deux véhicules - côté,4,2,4,0,1,1,1,0,1,30,2,2,1,0,0,1,35.0,32.0,utilitaire_camion,deux_roues,1,2,2,1,3
202400003289,2024-10-21 16:45:00,2024,10,21,16,45,64,64348,EUROPE DE L',43.32014,-0.39253,Plein jour,En agglomération,Hors intersection,Normale,Deux véhicules - côté,3,2,2,0,1,1,1,0,1,50,2,2,1,0,0,1,52.0,34.0,voiture,deux_roues,1,2,1,1,3
202400003290,2024-06-05 17:50:00,2024,6,5,17,50,75,75104,QUAI DE L HOTEL DE VILLE,48.855421,2.35294,Plein jour,En agglomération,Intersection en T,Normale,Autre collision,4,-1, -1,0,1,1,1,0,1,30,1,2,0,0,0,2,44.0,,deux_roues,,1,2,3,1,6
202400003290,2024-06-05 17:50:00,2024,6,5,17,50,75,75104,QUAI DE L HOTEL DE VILLE,48.855421,2.35294,Plein jour,En agglomération,Intersection en T,Normale,Autre collision,4,2, -1,0,1,1,1,0,1,30,1,2,0,0,0,2,44.0,,deux_roues,,1,2,3,1,6
202400003291,2024-10-22 12:15:00,2024,10,22,12,15,62,62573,RD165,50.4902,2.89155,Plein jour,En agglomération,Hors intersection,Normale,Deux véhicules - frontale,3,2,2,0,1,1,1,0,1,70,2,3,0,0,2,1,41.0,37.0,utilitaire_camion,voiture,1,2,1,1,1
202400003292,2024-06-05 17:30:00,2024,6,5,17,30,94,94081,Avenue Youri Gagarine / Rue Camille Groult,48.78605,2.39186,Plein jour,En agglomération,Intersection en X,Normale,Deux véhicules - côté,3,3,4,1,1,1,1,0,1,50,2,2,1,0,0,1,47.0,52.0,voiture,voiture,1,2,2,1,3
202400003292,2024-06-05 17:30:00,2024,6,5,17,30,94,94081,Avenue Youri Gagarine / Rue Camille Groult,48.78605,2.39186,Plein jour,En agglomération,Intersection en X,Normale,Deux véhicules - côté,3,2,2,0,1,1,1,0,1,50,2,2,1,0,0,1,47.0,52.0,voiture,voiture,1,2,2,1,3
202400003293,2024-10-22 05:05:00,2024,10,22,5,5,59,59183,HUGO VICTOR - BOULEVARD,51.02653,2.38073,Nuit avec éclairage allumé,En agglomération,Intersection en X,Pluie légère,Deux véhicules - côté,4,2,3,0,1,1,2,0,1,50,2,2,1,0,1,0,17.0,37.0,deux_roues,voiture,5,2,2,2,3
202400003293,2024-10-22 05:05:00,2024,10,22,5,5,59,59183,HUGO VICTOR - BOULEVARD,51.02653,2.38073,Nuit avec éclairage allumé,En agglomération,Intersection en X,Pluie légère,Deux véhicules - côté,4,2,0,0,1,1,2,0,1,50,2,2,1,0,1,0,17.0,37.0,deux_roues,voiture,5,2,2,2,3
202400003294,2024-06-04 18:15:00,2024,6,4,18,15,94,94068,Avenue Louis Blanc / Boulevard de la Marne,48.79331,2.49784,Plein jour,En agglomération,Intersection en X,Normale,Deux véhicules - côté,3,2,2,0,1,1,1,0,1,30,2,3,0,0,0,3,27.0,37.0,deux_roues,voiture,1,2,2,1,3
202400003294,2024-06-04 18:15:00,2024,6,4,18,15,94,94068,Avenue Louis Blanc / Boulevard de la Marne,48.79331,2.49784,Plein jour,En agglomération,Intersection en X,Normale,Deux véhicules - côté,3,2,2,0,1,1,1,0,1,30,2,3,0,0,0,3,27.0,37.0,deux_roues,voiture,1,2,2,1,3
202400003295,2024-10-21 16:42:00,2024,10,21,16,42,56,56098,Rue Emile Combes,47.77193,-3.33729,Plein jour,En agglomération,Intersection en X,Normale,Deux véhicules - côté,4,2,3,0,1,1,1,0,1,30,2,2,1,0,0,1,46.0,47.0,voiture,voiture,1,2,2,1,3
202400003295,2024-10-21 16:42:00,2024,10,21,16,42,56,56098,Rue Emile Combes,47.77193,-3.33729,Plein jour,En agglomération,Intersection en X,Normale,Deux véhicules - côté,4,2,2,0,3,1,1,0,1,50,2,2,1,0,0,1,46.0,47.0,voiture,voiture,1,2,2,1,3
202400003296,2024-06-05 04:40:00,2024,6,5,4,40,94,94011,Rue Pierre Sémard / D60,48.76299,2.4798,Nuit avec éclairage allumé,En agglomération,Intersection en Y,Normale,Autre collision,3,3,4,0,1,2,1,0,1,50,1,1,0,0,0,1,42.0,,deux_roues,,5,2,4,1,6
202400003296,2024-06-05 04:40:00,2024,6,5,4,40,94,94011,Rue Pierre Sémard / D60,48.76299,2.4798,Nuit avec éclairage allumé,En agglomération,Intersection en Y,Normale,Autre collision,3,3,6,0,1,2,1,0,1,-1,1,1,0,0,0,1,42.0,,deux_roues,,5,2,4,1,6
202400003297,2024-10-21 09:05:00,2024,10,21,9,5,54,54547,Rue Victor Basch,48.66203,6.16014,Plein jour,Hors agglomération,Hors intersection,Normale,Deux véhicules - arrière,4,2,2,0,1,1,1,0,1,30,2,2,1,0,0,1,26.0,45.0,voiture,deux_roues,1,1,1,1,2
202400003298,2024-10-22 17:20:00,2024,10,22,17,20,51,51454,BEAULIEU (RUE DU LIEUTENANT COLONNEL),49.24275,4.00091,Plein jour,En agglomération,Hors intersection,Normale,Autre collision,4,2,1,0,2,2,1,0,1,30,1,1,0,0,0,1,55.0,,utilitaire_camion,,1,2,1,1,6
202400003299,2024-06-06 19:20:00,2024,6,6,19,20,94,94078,Avenue de Choisy / Rue Madeleine,48.74836001,2.43544956,Plein jour,En agglomération,Intersection en T,Normale,Deux véhicules - arrière,3,2,2,0,1,1,1,0,1,60,2,2,1,0,0,1,23.0,62.0,deux_roues,voiture,1,2,3,1,2
202400003299,2024-06-06 19:20:00,2024,6,6,19,20,94,94078,Avenue de Choisy / Rue Madeleine,48.74836001,2.43544956,Plein jour,En agglomération,Intersection en T,Normale,Deux véhicules - arrière,3,1,1,0,1,1,1,0,1,-1,2,2,1,0,0,1,23.0,62.0,deux_roues,voiture,1,2,3,1,2
202400003300,2024-10-21 18:30:00,2024,10,21,18,30,49,49007,MAINE,47.478,-0.547,Plein jour,En agglomération,Hors intersection,Pluie forte,Deux véhicules - côté,4,1,1,0,1,1,2,0,1,30,2,2,1,0,0,1,52.0,22.0,voiture,deux_roues,1,2,1,3,3
202400003301,2024-06-15 12:00:00,2024,6,15,12,0,94,94017,Rue Roland Martin,48.81782,2.48851,Plein jour,En agglomération,Hors intersection,Normale,Deux véhicules - côté,4,1,1,0,1,1,1,0,1,50,2,2,1,0,0,1,87.0,35.0,deux_roues,voiture,1,2,1,1,3
202400003302,2024-10-21 17:00:00,2024,10,21,17,0,42,42127,Rue Alfred de Musset,46.06066,4.05949,Plein jour,En agglomération,Intersection en T,Normale,Deux véhicules - côté,3,2,2,0,1,1,1,0,1,50,2,2,1,0,0,1,39.0,74.0,deux_roues,voiture,1,2,3,1,3
202400003302,2024-10-21 17:00:00,2024,10,21,17,0,42,42127,Rue Alfred de Musset,46.06066,4.05949,Plein jour,En agglomération,Intersection en T,Normale,Deux véhicules - côté,3,2,2,0,1,1,1,0,1,50,2,2,1,0,0,1,39.0,74.0,deux_roues,voiture,1,2,3,1,3
202400003303,2024-06-05 14:49:00,2024,6,5,14,49,94,94017,Avenue Roger Salengro / Avenue Maxime Gorki,48.819425,2.48654,Plein jour,En agglomération,Intersection en T,Normale,Deux véhicules - côté,3,2,2,0,1,1,1,5,1,50,2,2,1,0,0,1,51.0,84.0,deux_roues,voiture,1,2,3,1,3
202400003303,2024-06-05 14:49:00,2024,6,5,14,49,94,94017,Avenue Roger Salengro / Avenue Maxime Gorki,48.819425,2.48654,Plein jour,En agglomération,Intersection en T,Normale,Deux véhicules - côté,3,1,1,0,1,1,1,5,1,50,2,2,1,0,0,1,51.0,84.0,deux_roues,voiture,1,2,3,1,3
202400003304,2024-10-21 18:15:00,2024,10,21,18,15,41,41018,DUGAY-TROUIN (RUE)  N° IMPAIRS,47.59093,1.29919,Crépuscule ou aube,En agglomération,Hors intersection,Normale,Trois véhicules et plus - collisions multiples,4,2,2,0,1,1,1,0,1,50,3,4,3,0,0,1,26.0,50.0,voiture,voiture,2,2,1,1,5
202400003305,2024-06-06 16:10:00,2024,6,6,16,10,93,93051,Avenue Aristide Briand,48.84720518,2.55289114,Plein jour,En agglomération,Hors intersection,Normale,Deux véhicules - côté,4,3,2,0,1,1,1,0,1,30,2,2,1,0,0,1,29.0,12.0,voiture,deux_roues,1,2,1,1,3
202400003306,2024-10-21 15:30:00,2024,10,21,15,30,34,34172,CAMBRIDGE (RUE DE),43.62584,3.81819,Plein jour,En agglomération,Hors intersection,Normale,Trois véhicules et plus - collisions multiples,4,2,2,0,1,1,1,0,1,50,3,3,2,0,0,1,67.0,26.0,voiture,voiture,1,2,1,1,5
202400003307,2024-06-05 22:03:00,2024,6,5,22,3,93,93051,Avenue Médéric / Chemin des Princes,48.8303,2.5852,Nuit avec éclairage allumé,En agglomération,Intersection en X,Normale,Deux véhicules - côté,3,3,3,0,1,1,1,0,1,50,2,2,0,0,0,2,30.0,24.0,voiture,voiture,5,2,2,1,3
202400003307,2024-06-05 22:03:00,2024,6,5,22,3,93,93051,Avenue Médéric / Chemin des Princes,48.8303,2.5852,Nuit avec éclairage allumé,En agglomération,Intersection en X,Normale,Deux véhicules - côté,3,2,2,0,1,1,1,0,1,50,2,2,0,0,0,2,30.0,24.0,voiture,voiture,5,2,2,1,3
202400003308,2024-10-21 14:30:00,2024,10,21,14,30,34,34129,SORIECH (CHEMIN DE),43.58019,3.92195,Plein jour,En agglomération,Autre intersection,Normale,Deux véhicules - frontale,4,2,1,0,1,1,1,9,1,50,2,2,1,0,0,1,69.0,43.0,voiture,utilitaire_camion,1,2,9,1,1
202400003309,2024-06-06 08:45:00,2024,6,6,8,45,93,93014,Allée Fernand Lindet,48.91117,2.54833,Plein jour,En agglomération,Hors intersection,Normale,Autre collision,4,1,2,0,2,2,1,0,1,30,1,2,1,0,0,1,40.0,,voiture,,1,2,1,1,6
202400003310,2024-10-21 13:35:00,2024,10,21,13,35,34,34172,PRES D'ARENES (ROND-POINT DES),43.58908,3.8907,Plein jour,En agglomération,Giratoire,Normale,Deux véhicules - côté,7,1,2,0,1,1,1,9,1,50,2,2,1,0,0,1,48.0,36.0,voiture,deux_roues,1,2,6,1,3
202400003310,2024-10-21 13:35:00,2024,10,21,13,35,34,34172,PRES D'ARENES (ROND-POINT DES),43.58908,3.8907,Plein jour,En agglomération,Giratoire,Normale,Deux véhicules - côté,7,1,2,0,1,2,1,5,1,30,2,2,1,0,0,1,48.0,36.0,voiture,deux_roues,1,2,6,1,3
202400003311,2024-06-06 01:15:00,2024,6,6,1,15,93,93010,Avenue Léon Blum / Rue Odette Pain,48.91356,2.47855,Nuit avec éclairage allumé,En agglomération,Intersection en T,Normale,Deux véhicules - frontale,4,2,2,0,1,1,1,0,1,30,2,2,1,0,1,0,59.0,15.0,voiture,autre,5,2,3,1,1
202400003312,2024-10-17 17:40:00,2024,10,17,17,40,33,33281,,44.85117,-0.64468,Plein jour,En agglomération,Intersection à plus de 4 branches,Pluie forte,Deux véhicules - côté,4,2,3,3,1,1,2,-1,1,30,2,3,2,0,0,1,54.0,12.0,voiture,deux_roues,1,2,5,3,3
202400003312,2024-10-17 17:40:00,2024,10,17,17,40,33,33281,,44.85117,-0.64468,Plein jour,En agglomération,Intersection à plus de 4 branches,Pluie forte,Deux véhicules - côté,4,2,4,0,1,1,2,0,1,30,2,3,2,0,0,1,54.0,12.0,voiture,deux_roues,1,2,5,3,3
202400003313,2024-06-05 12:05:00,2024,6,5,12,5,93,93008,Rue des Marais / Rue des Bons Enfants,48.90589,2.43776,Plein jour,En agglomération,Intersection en T,Normale,Autre collision,4,1,1,0,1,1,1,0,1,-1,1,2,1,0,0,1,41.0,,voiture,,1,2,3,1,6
202400003313,2024-06-05 12:05:00,2024,6,5,12,5,93,93008,Rue des Marais / Rue des Bons Enfants,48.90589,2.43776,Plein jour,En agglomération,Intersection en T,Normale,Autre collision,4,1,1,0,1,1,1,0,1,30,1,2,1,0,0,1,41.0,,voiture,,1,2,3,1,6
202400003314,2024-10-22 05:50:00,2024,10,22,5,50,31,31555,VA008493 LA CRABE A624 Sortie 2,43.61016,1.37256,Nuit avec éclairage allumé,En agglomération,Giratoire,Pluie forte,Deux véhicules - côté,1,1,1,0,1,2,2,3,1,30,2,2,1,0,0,1,55.0,43.0,deux_roues,voiture,5,2,6,3,3
202400003315,2024-06-05 11:45:00,2024,6,5,11,45,92,92064,PLACE CLEMENCEAU,48.8415007,2.22170037,Plein jour,En agglomération,Autre intersection,Normale,Deux véhicules - côté,4,1,0,0,1,1,1,0,1,50,2,3,1,0,0,2,18.0,46.0,voiture,utilitaire_camion,1,2,9,1,3
202400003316,2024-06-05 03:20:00,2024,6,5,3,20,92,92047,RAYMOND POINCARE,48.83830733,2.17364985,Nuit avec éclairage allumé,En agglomération,Hors intersection,Normale,Autre collision,3,2,4,0,3,1,1,8,1,50,1,1,0,0,1,0,30.0,,deux_roues,,5,2,1,1,6
202400003317,2024-10-21 09:10:00,2024,10,21,9,10,29,29019,rue Georges Melou,48.392994,-4.462158,Plein jour,En agglomération,Intersection en T,Pluie légère,Deux véhicules - côté,4,2,1,0,1,1,2,0,1,30,2,2,1,0,0,1,62.0,76.0,utilitaire_camion,voiture,1,2,3,2,3
202400003317,2024-10-21 09:10:00,2024,10,21,9,10,29,29019,rue Georges Melou,48.392994,-4.462158,Plein jour,En agglomération,Intersection en T,Pluie légère,Deux véhicules - côté,4,2,1,0,2,1,2,0,1,30,2,2,1,0,0,1,62.0,76.0,utilitaire_camion,voiture,1,2,3,2,3