accident_id,datetime,annee,mois,jour,heure,minute,departement,commune_insee,adresse,latitude,longitude,luminosite,agglomeration,intersection,meteo,collision,catr,circ,nbv,vosp,prof,plan,surf,infra,situ,vma,nb_vehicules,nb_usagers,nb_indemnes,nb_tues,nb_blesses_hosp,nb_blesses_legers,age_cond_1,age_cond_2,veh_type_cond_1,veh_type_cond_2,lum_code,agg_code,int_code,atm_code,col_code
202400003318,2024-06-06 09:10:00,2024,6,6,9,10,92,92063,ZURICH (RUE DE),48.87056943,2.1842401,Plein jour,En agglomération,Intersection en T,Normale,Deux véhicules - côté,3,2,2,0,1,1,1,0,1,50,2,2,1,0,0,1,68.0,28.0,voiture,deux_roues,1,2,3,1,3
202400003318,2024-06-06 09:10:00,2024,6,6,9,10,92,92063,ZURICH (RUE DE),48.87056943,2.1842401,Plein jour,En agglomération,Intersection en T,Normale,Deux véhicules - côté,3,2,3,0,1,1,1,0,1,50,2,2,1,0,0,1,68.0,28.0,voiture,deux_roues,1,2,3,1,3
202400003319,2024-10-22 13:10:00,2024,10,22,13,10,13,13117,ROUTE NATIONALE 113-L'ANJOLY,43.42366,5.26663,Plein jour,En agglomération,Intersection en Y,Normale,Autre collision,3,1,3,0,1,1,1,0,1,70,2,2,1,0,1,0,41.0,,deux_roues,utilitaire_camion,1,2,4,1,6
202400003319,2024-10-22 13:10:00,2024,10,22,13,10,13,13117,ROUTE NATIONALE 113-L'ANJOLY,43.42366,5.26663,Plein jour,En agglomération,Intersection en Y,Normale,Autre collision,3,1,2,0,1,3,1,0,1,70,2,2,1,0,1,0,41.0,,deux_roues,utilitaire_camion,1,2,4,1,6
202400003320,2024-10-22 17:20:00,2024,10,22,17,20,13,13039,ROUTE NATIONALE 568,43.47136,4.9072,Plein jour,Hors agglomération,Autre intersection,Normale,Deux véhicules - arrière,2,1,0,0,2,2,1,0,1,90,2,2,1,0,1,0,59.0,54.0,deux_roues,voiture,1,1,9,1,2
202400003321,2024-06-06 10:30:00,2024,6,6,10,30,92,92051,"CHARLES DE GAULLE (AVENUE, N° 18 A 116)",48.88140508,2.27127725,Plein jour,En agglomération,Intersection en T,Normale,Deux véhicules - côté,2,3,4,0,1,1,1,0,1,50,2,5,1,0,0,4,30.0,22.0,voiture,voiture,1,2,3,1,3
202400003321,2024-06-06 10:30:00,2024,6,6,10,30,92,92051,"CHARLES DE GAULLE (AVENUE, N° 18 A 116)",48.88140508,2.27127725,Plein jour,En agglomération,Intersection en T,Normale,Deux véhicules - côté,2,1,3,0,1,1,1,0,1,50,2,5,1,0,0,4,30.0,22.0,voiture,voiture,1,2,3,1,3
202400003322,2024-10-21 11:30:00,2024,10,21,11,30,13,13203,NATIONAL (BOULEVARD),43.3091606,5.38026349,Plein jour,En agglomération,Hors intersection,Normale,Deux véhicules - côté,4,1,1,0,1,1,1,0,4,50,1,2,1,0,0,1,,,deux_roues,,1,2,1,1,3
202400003323,2024-06-06 20:58:00,2024,6,6,20,58,92,92044,CHARLES PASQUA (QUAI) 32 A 58,48.90006491,2.28221226,Crépuscule ou aube,En agglomération,Autre intersection,Normale,Sans collision,3,1,2,0,1,1,1,0,1,70,1,2,0,0,0,2,17.0,,deux_roues,,2,2,9,1,7
202400003324,2024-10-21 07:25:00,2024,10,21,7,25,13,13063,C.D 10,43.58473398,4.99096066,Nuit avec éclairage allumé,En agglomération,Hors intersection,Normale,Autre collision,3,2,2,0,1,1,1,6,1,50,1,2,1,0,1,0,36.0,,voiture,,5,2,1,1,6
202400003325,2024-06-06 18:20:00,2024,6,6,18,20,92,92024,GENERAL ROGUET (RUE DU) DE (1 A 57)   (2,48.9048,2.31291,Plein jour,En agglomération,Hors intersection,Normale,Deux véhicules - arrière,3,2,2,0,1,1,1,0,1,50,2,2,1,0,0,1,24.0,54.0,deux_roues,voiture,1,2,1,1,2
202400003326,2024-10-21 18:05:00,2024,10,21,18,5,13,13001,MONNET JEAN (AV),43.53202,5.42233,Plein jour,En agglomération,Hors intersection,Normale,Deux véhicules - côté,3,2,2,2,1,1,1,0,1,50,1,3,2,0,0,1,,,voiture,,1,2,1,1,3
202400003327,2024-06-05 23:42:00,2024,6,5,23,42,92,92002,BONE (RUE DE),48.74748427,2.30381548,Nuit avec éclairage allumé,En agglomération,Intersection en T,Normale,Autre collision,3,1,4,0,1,1,1,6,1,30,1,2,1,0,0,1,53.0,,utilitaire_camion,,5,2,3,1,6
202400003327,2024-06-05 23:42:00,2024,6,5,23,42,92,92002,BONE (RUE DE),48.74748427,2.30381548,Nuit avec éclairage allumé,En agglomération,Intersection en T,Normale,Autre collision,3,2,4,0,1,1,1,6,1,50,1,2,1,0,0,1,53.0,,utilitaire_camion,,5,2,3,1,6
202400003328,2024-10-21 20:50:00,2024,10,21,20,50,11,11262,,43.19296,2.98055,Nuit sans éclairage public,En agglomération,Hors intersection,Normale,Deux véhicules - arrière,3,1,2,0,1,1,1,0,1,50,2,2,1,0,0,1,60.0,35.0,deux_roues,voiture,3,2,1,1,2
202400003329,2024-06-06 10:30:00,2024,6,6,10,30,37,37210,D751,47.19529892,0.30690005,Plein jour,Hors agglomération,Hors intersection,Normale,Deux véhicules - frontale,3,2,3,0,1,1,1,0,1,90,2,4,0,0,2,2,75.0,25.0,voiture,utilitaire_camion,1,1,1,1,1
202400003330,2024-06-06 08:45:00,2024,6,6,8,45,37,37072,60 Rue Paul Huet,47.166644,0.257162,Plein jour,En agglomération,Hors intersection,Normale,Sans collision,3,2,2,0,1,1,1,0,4,50,1,2,1,0,1,0,28.0,,voiture,,1,2,1,1,7
202400003331,2024-10-21 11:40:00,2024,10,21,11,40,11,11069,,43.22438,2.32808,Plein jour,Hors agglomération,Hors intersection,Normale,Trois véhicules et plus - collisions multiples,3,-1,2,0,1,1,1,0,1,80,4,4,3,0,0,1,56.0,73.0,voiture,utilitaire_camion,1,1,1,1,5
202400003332,2024-10-21 16:40:00,2024,10,21,16,40,10,10081,ROCADE OUEST (RD 610),48.3286,4.0537,Plein jour,Hors agglomération,Hors intersection,Normale,Sans collision,4,1,1,0,4,2,1,2,1,50,1,1,0,0,0,1,33.0,,deux_roues,,1,1,1,1,7
202400003333,2024-06-07 12:30:00,2024,6,7,12,30,80,80193,D14,49.705603,2.390074,Plein jour,Hors agglomération,Intersection en X,Normale,Deux véhicules - frontale,3,2,2,0,1,1,1,9,1,-1,2,2,1,0,1,0,19.0,55.0,voiture,voiture,1,1,2,1,1
202400003333,2024-06-07 12:30:00,2024,6,7,12,30,80,80193,D14,49.705603,2.390074,Plein jour,Hors agglomération,Intersection en X,Normale,Deux véhicules - frontale,3,2, -1,-1,1,1,1,0,1,-1,2,2,1,0,1,0,19.0,55.0,voiture,voiture,1,1,2,1,1
202400003334,2024-10-21 16:30:00,2024,10,21,16,30,10,10343,AUGUSTE TERRENOIRE (RUE),48.27927,4.09933,Plein jour,En agglomération,Hors intersection,Normale,Autre collision,4,2,3,3,1,1,1,0,5,50,1,2,1,0,0,1,15.0,,deux_roues,,1,2,1,1,6
202400003335,2024-06-05 21:30:00,2024,6,5,21,30,26,26323,95 Rue Clair,45.05644,5.101402,Crépuscule ou aube,En agglomération,Hors intersection,Normale,Sans collision,6,-1, -1,0,1,1,1,0,8,50,1,2,0,0,1,1,15.0,,voiture,,2,2,1,1,7
202400003336,2024-06-05 18:03:00,2024,6,5,18,3,40,40065,12 Av Mal de Lattre de Tassigny,43.644577,-1.434917,Plein jour,En agglomération,Intersection en T,Normale,Autre collision,4,2, -1,-1,1,1,1,0,4,50,1,1,0,0,1,0,32.0,,deux_roues,,1,2,3,1,6
202400003336,2024-06-05 18:03:00,2024,6,5,18,3,40,40065,12 Av Mal de Lattre de Tassigny,43.644577,-1.434917,Plein jour,En agglomération,Intersection en T,Normale,Autre collision,4,2,2,1,1,1,1,9,4,50,1,1,0,0,1,0,32.0,,deux_roues,,1,2,3,1,6
202400003337,2024-10-22 14:15:00,2024,10,22,14,15,06,06030,24 Avenue Lacour,43.56904,7.018674,Plein jour,En agglomération,Giratoire,Normale,Deux véhicules - côté,4,1,1,0,1,1,1,0,1,30,2,2,1,0,0,1,36.0,55.0,deux_roues,voiture,1,2,6,1,3
202400003337,2024-10-22 14:15:00,2024,10,22,14,15,06,06030,24 Avenue Lacour,43.56904,7.018674,Plein jour,En agglomération,Giratoire,Normale,Deux véhicules - côté,4,1,1,0,1,1,1,0,1,30,2,2,1,0,0,1,36.0,55.0,deux_roues,voiture,1,2,6,1,3
202400003338,2024-06-07 20:49:00,2024,6,7,20,49,974,97410,Route Nationale 2 Deviation,-21.039115,55.708746,Nuit avec éclairage allumé,Hors agglomération,Hors intersection,Normale,Autre collision,2,2,2,1,1,1,1,0,1,70,1,3,2,1,0,0,48.0,,voiture,,5,1,1,1,6
202400003339,2024-10-22 07:45:00,2024,10,22,7,45,06,06029,Chemin de la Plaine de Laval,43.563,6.956,Crépuscule ou aube,En agglomération,Hors intersection,Normale,Deux véhicules - frontale,4,1,1,0,1,1,1,0,8,50,2,2,1,0,1,0,41.0,39.0,deux_roues,voiture,2,2,1,1,1
202400003340,2024-05-30 21:00:00,2024,5,30,21,0,84,84091,125 Route des Valbonnettes,44.185582,4.7576,Nuit avec éclairage allumé,En agglomération,Hors intersection,Normale,Autre collision,4,2,2,0,1,1,1,0,1,50,1,1,0,0,1,0,18.0,,deux_roues,,5,2,1,1,6
202400003341,2024-06-07 02:30:00,2024,6,7,2,30,84,84102,Chemin de Sainte Croix,43.917414,5.329512,Nuit sans éclairage public,Hors agglomération,Hors intersection,Normale,Autre collision,3,2,2,0,1,3,1,0,8,80,1,1,0,0,1,0,22.0,,voiture,,3,1,1,1,6
202400003342,2024-10-21 10:30:00,2024,10,21,10,30,02,02738,1 Rue Jacquard,49.65567,3.29909,Plein jour,En agglomération,Intersection en X,Normale,Autre collision,4,2,0,0,1,1,1,0,1,50,1,2,1,0,0,1,56.0,,voiture,,1,2,2,1,6
202400003342,2024-10-21 10:30:00,2024,10,21,10,30,02,02738,1 Rue Jacquard,49.65567,3.29909,Plein jour,En agglomération,Intersection en X,Normale,Autre collision,4,2,2,0,1,1,1,0,1,50,1,2,1,0,0,1,56.0,,voiture,,1,2,2,1,6
202400003343,2024-06-02 17:35:00,2024,6,2,17,35,30,30217,D976,43.975717,4.686758,Plein jour,En agglomération,Hors intersection,Normale,Deux véhicules - frontale,3,2,2,0,2,2,1,5,1,50,2,2,1,0,0,1,33.0,84.0,voiture,voiture,1,2,1,1,1
202400003344,2024-10-17 15:10:00,2024,10,17,15,10,75,75116,BD PERIPHERIQUE INTERIEUR,48.848924,2.252872,Plein jour,En agglomération,Hors intersection,Normale,Trois véhicules et plus - en chaîne,4,1,4,0,1,1,1,0,1,50,3,4,2,0,0,2,22.0,26.0,voiture,utilitaire_camion,1,2,1,1,4
202400003345,2024-06-06 18:30:00,2024,6,6,18,30,91,91573,8 Rue Léon Appert,48.626754,2.517382,Plein jour,En agglomération,Intersection en Y,Normale,Deux véhicules - côté,4,2,2,0,2,1,1,0,1,50,2,2,1,0,0,1,36.0,50.0,voiture,voiture,1,2,4,1,3
202400003345,2024-06-06 18:30:00,2024,6,6,18,30,91,91573,8 Rue Léon Appert,48.626754,2.517382,Plein jour,En agglomération,Intersection en Y,Normale,Deux véhicules - côté,4,2, -1,-1,2,1,1,0,1,50,2,2,1,0,0,1,36.0,50.0,voiture,voiture,1,2,4,1,3
202400003346,2024-06-06 20:00:00,2024,6,6,20,0,67,67355,5 Rue de Sarre-union,48.997117,7.128276,Plein jour,En agglomération,Hors intersection,Normale,Sans collision,3,2,2,0,2,2,1,0,4,50,1,1,0,0,1,0,57.0,,voiture,,1,2,1,1,7
202400003347,2024-10-22 17:03:00,2024,10,22,17,3,75,75118,BD PERIPHERIQUE EXTERIEUR,48.901208,2.353476,Plein jour,En agglomération,Hors intersection,Normale,Deux véhicules - arrière,4,1,4,0,1,1,1,0,1,50,2,3,2,0,1,0,36.0,67.0,deux_roues,voiture,1,2,1,1,2
202400003348,2024-06-07 18:00:00,2024,6,7,18,0,67,67165,D392,48.49855,7.160704,Plein jour,Hors agglomération,Hors intersection,Normale,Sans collision,3,2,2,0,2,2,1,0,3,80,1,1,0,1,0,0,73.0,,deux_roues,,1,1,1,1,7
202400003349,2024-10-22 00:40:00,2024,10,22,0,40,75,75119,BOULEVARD DE LA VILLETTE,48.877748,2.370639,Nuit avec éclairage allumé,En agglomération,Place,Pluie légère,Autre collision,4,1,1,1,1,1,2,0,8,30,1,2,0,0,0,2,69.0,,voiture,,5,2,7,2,6
202400003349,2024-10-22 00:40:00,2024,10,22,0,40,75,75119,BOULEVARD DE LA VILLETTE,48.877748,2.370639,Nuit avec éclairage allumé,En agglomération,Place,Pluie légère,Autre collision,4,1, -1,-1,1,1,2,0,8,30,1,2,0,0,0,2,69.0,,voiture,,5,2,7,2,6
202400003350,2024-06-06 16:00:00,2024,6,6,16,0,12,12223,D921 / La violette,44.74828,2.870634,Plein jour,Hors agglomération,Hors intersection,Normale,Deux véhicules - frontale,3,2,2,0,1,3,1,0,1,90,2,2,1,0,1,0,78.0,40.0,voiture,voiture,1,1,1,1,1
202400003351,2024-10-21 17:40:00,2024,10,21,17,40,75,75117,RUE GUSTAVE CHARPENTIER,48.879306,2.280698,Plein jour,En agglomération,Intersection en T,Normale,Autre collision,4,2, -1,0,1,1,1,0,1,30,1,2,0,0,0,2,85.0,,voiture,,1,2,3,1,6
202400003351,2024-10-21 17:40:00,2024,10,21,17,40,75,75117,RUE GUSTAVE CHARPENTIER,48.879306,2.280698,Plein jour,En agglomération,Intersection en T,Normale,Autre collision,4,1,1,0,1,1,1,0,4,30,1,2,0,0,0,2,85.0,,voiture,,1,2,3,1,6
202400003352,2024-06-06 16:30:00,2024,6,6,16,30,25,25391,D41,47.162029,6.648059,Plein jour,Hors agglomération,Intersection en X,Normale,Trois véhicules et plus - en chaîne,3,2,2,0,1,1,1,0,1,90,3,4,2,0,1,1,24.0,38.0,voiture,voiture,1,1,2,1,4
202400003352,2024-06-06 16:30:00,2024,6,6,16,30,25,25391,D41,47.162029,6.648059,Plein jour,Hors agglomération,Intersection en X,Normale,Trois véhicules et plus - en chaîne,3,2, -1,-1,2,2,1,0,1,-1,3,4,2,0,1,1,24.0,38.0,voiture,voiture,1,1,2,1,4
202400003353,2024-10-22 13:25:00,2024,10,22,13,25,75,75115,RUE BRANCION,48.833424,2.304086,Plein jour,En agglomération,Hors intersection,Normale,Deux véhicules - côté,4,1,2,2,2,1,1,0,1,30,2,2,1,0,0,1,31.0,57.0,deux_roues,voiture,1,2,1,1,3
202400003354,2024-06-06 13:25:00,2024,6,6,13,25,25,25578,Grande Rue,47.147532,6.343912,Plein jour,En agglomération,Hors intersection,Normale,Trois véhicules et plus - collisions multiples,3,2,3,0,1,1,1,0,1,50,3,6,4,0,0,2,82.0,70.0,voiture,voiture,1,2,1,1,5
202400003355,2024-06-04 20:50:00,2024,6,4,20,50,44,44048,130 La Pichaudiere,47.379061,-1.255,Crépuscule ou aube,Hors agglomération,Hors intersection,Normale,Sans collision,3,2,2,0,1,1,1,0,1,50,1,1,0,0,1,0,36.0,,deux_roues,,2,1,1,1,7
202400003356,2024-10-22 08:30:00,2024,10,22,8,30,75,75115,PLACE BALARD,48.836778,2.278885,Plein jour,En agglomération,Place,Normale,Deux véhicules - côté,4,1, -1,-1,1,1,1,0,1,30,2,2,0,0,0,2,22.0,24.0,deux_roues,deux_roues,1,2,7,1,3
202400003356,2024-10-22 08:30:00,2024,10,22,8,30,75,75115,PLACE BALARD,48.836778,2.278885,Plein jour,En agglomération,Place,Normale,Deux véhicules - côté,4,2,1,1,1,1,1,0,1,30,2,2,0,0,0,2,22.0,24.0,deux_roues,deux_roues,1,2,7,1,3
202400003357,2024-06-07 06:50:00,2024,6,7,6,50,44,44158,3 Route de Cordemais,47.274145,-1.791662,Plein jour,En agglomération,Hors intersection,Normale,Deux véhicules - côté,4,2,2,0,1,1,1,0,1,50,2,2,1,0,0,1,59.0,21.0,utilitaire_camion,voiture,1,2,1,1,3
202400003358,2024-06-06 23:30:00,2024,6,6,23,30,03,03258,Départementale 67,46.190794,3.407907,Nuit sans éclairage public,Hors agglomération,Hors intersection,Normale,Sans collision,3,2,2,0,1,2,1,0,1,90,1,1,0,0,1,0,20.0,,deux_roues,,3,1,1,1,7
202400003359,2024-10-22 09:45:00,2024,10,22,9,45,75,75112,RUE DE PICPUS,48.84059346,2.39934736,Plein jour,En agglomération,Intersection en T,Normale,Deux véhicules - arrière,4,2,2,0,1,1,1,0,1,30,2,5,4,0,0,1,57.0,36.0,voiture,voiture,1,2,3,1,2
202400003359,2024-10-22 09:45:00,2024,10,22,9,45,75,75112,RUE DE PICPUS,48.84059346,2.39934736,Plein jour,En agglomération,Intersection en T,Normale,Deux véhicules - arrière,4,4,2,1,1,1,1,0,1,30,2,5,4,0,0,1,57.0,36.0,voiture,voiture,1,2,3,1,2
202400003360,2024-06-01 19:10:00,2024,6,1,19,10,03,03128,Rue de Bellevue,46.404091,2.498242,Plein jour,Hors agglomération,Hors intersection,Pluie légère,Sans collision,4,-1,1,0,1,1,6,0,1,30,1,1,0,0,1,0,32.0,,deux_roues,,1,1,1,2,7
202400003361,2024-10-21 16:10:00,2024,10,21,16,10,75,75112,RUE DE CHARENTON,48.838937,2.389279,Plein jour,En agglomération,Intersection en X,Normale,Deux véhicules - côté,4,3,4,1,1,1,1,0,1,30,2,2,0,0,0,2,23.0,18.0,deux_roues,deux_roues,1,2,2,1,3
202400003361,2024-10-21 16:10:00,2024,10,21,16,10,75,75112,RUE DE CHARENTON,48.838937,2.389279,Plein jour,En agglomération,Intersection en X,Normale,Deux véhicules - côté,4,3,3,1,1,1,1,0,1,30,2,2,0,0,0,2,23.0,18.0,deux_roues,deux_roues,1,2,2,1,3
202400003362,2024-10-22 18:30:00,2024,10,22,18,30,75,75111,BOULEVARD RICHARD LENOIR,48.860239,2.371945,Crépuscule ou aube,En agglomération,Intersection en T,Normale,Autre collision,4,1,2,2,1,1,1,0,5,50,1,2,0,0,0,2,53.0,,deux_roues,,2,2,3,1,6
202400003362,2024-10-22 18:30:00,2024,10,22,18,30,75,75111,BOULEVARD RICHARD LENOIR,48.860239,2.371945,Crépuscule ou aube,En agglomération,Intersection en T,Normale,Autre collision,4,1, -1,-1,1,1,1,0,5,50,1,2,0,0,0,2,53.0,,deux_roues,,2,2,3,1,6
202400003363,2024-06-05 12:13:00,2024,6,5,12,13,66,66150,D115,42.395905,2.491086,Plein jour,Hors agglomération,Hors intersection,Normale,Sans collision,3,2,2,0,2,3,1,0,1,80,1,1,0,0,1,0,66.0,,deux_roues,,1,1,1,1,7
202400003364,2024-10-22 08:48:00,2024,10,22,8,48,75,75110,RUE DU FAUBOURG SAINT DENIS,48.878057,2.356476,Plein jour,En agglomération,Intersection en T,Normale,Deux véhicules - arrière,4,1, -1,-1,1,1,1,0,1,30,2,2,1,0,0,1,48.0,47.0,deux_roues,voiture,1,2,3,1,2
202400003364,2024-10-22 08:48:00,2024,10,22,8,48,75,75110,RUE DU FAUBOURG SAINT DENIS,48.878057,2.356476,Plein jour,En agglomération,Intersection en T,Normale,Deux véhicules - arrière,4,2,2,0,2,1,1,0,1,30,2,2,1,0,0,1,48.0,47.0,deux_roues,voiture,1,2,3,1,2
202400003365,2024-06-06 18:45:00,2024,6,6,18,45,72,72364,Lieu Dit la Petite Guibourgere,47.675386,0.323067,Plein jour,Hors agglomération,Intersection en X,Normale,Autre collision,3,2,2,0,2,3,1,0,1,90,2,2,1,0,1,0,57.0,57.0,deux_roues,voiture,1,1,2,1,6
202400003365,2024-06-06 18:45:00,2024,6,6,18,45,72,72364,Lieu Dit la Petite Guibourgere,47.675386,0.323067,Plein jour,Hors agglomération,Intersection en X,Normale,Autre collision,3,2, -1,-1,1,1,1,0,1,-1,2,2,1,0,1,0,57.0,57.0,deux_roues,voiture,1,1,2,1,6
202400003366,2024-10-22 12:55:00,2024,10,22,12,55,75,75109,BOULEVARD DE ROCHECHOUART,48.883419,2.347995,Plein jour,En agglomération,Hors intersection,Normale,Deux véhicules - côté,4,1,2,3,2,1,1,0,1,30,2,2,1,0,0,1,30.0,30.0,voiture,deux_roues,1,2,1,1,3
202400003367,2024-06-06 15:50:00,2024,6,6,15,50,14,14400,Rue Arcisse de Caumont,49.287448,-0.598449,Plein jour,Hors agglomération,Intersection en T,Normale,Deux véhicules - côté,3,2,2,0,1,1,1,0,1,90,2,4,2,1,0,1,34.0,48.0,voiture,voiture,1,1,3,1,3
202400003367,2024-06-06 15:50:00,2024,6,6,15,50,14,14400,Rue Arcisse de Caumont,49.287448,-0.598449,Plein jour,Hors agglomération,Intersection en T,Normale,Deux véhicules - côté,3,2,2,0,2,1,1,0,1,50,2,4,2,1,0,1,34.0,48.0,voiture,voiture,1,1,3,1,3
202400003368,2024-06-07 08:50:00,2024,6,7,8,50,50,50372,D900,49.319136,-1.537281,Plein jour,Hors agglomération,Hors intersection,Normale,Autre collision,3,2,2,0,2,1,1,0,3,80,1,1,0,1,0,0,67.0,,voiture,,1,1,1,1,6
202400003369,2024-10-21 15:10:00,2024,10,21,15,10,75,75108,AVENUE DE FRIEDLAND,48.874517,2.302189,Plein jour,Hors agglomération,Intersection en T,Normale,Sans collision,4,2,4,0,1,1,1,0,1,50,1,2,1,0,0,1,24.0,,deux_roues,,1,1,3,1,7
202400003369,2024-10-21 15:10:00,2024,10,21,15,10,75,75108,AVENUE DE FRIEDLAND,48.874517,2.302189,Plein jour,Hors agglomération,Intersection en T,Normale,Sans collision,4,1, -1,0,1,1,1,0,1,30,1,2,1,0,0,1,24.0,,deux_roues,,1,1,3,1,7
202400003370,2024-06-07 01:01:00,2024,6,7,1,1,18,18003,Route de Bourges,47.19428,2.563798,Nuit avec éclairage non allumé,En agglomération,Giratoire,Normale,Sans collision,3,3,2,0,2,1,1,0,1,50,1,1,0,1,0,0,48.0,,voiture,,4,2,6,1,7
202400003370,2024-06-07 01:01:00,2024,6,7,1,1,18,18003,Route de Bourges,47.19428,2.563798,Nuit avec éclairage non allumé,En agglomération,Giratoire,Normale,Sans collision,3,2, -1,-1,1,1,1,0,1,-1,1,1,0,1,0,0,48.0,,voiture,,4,2,6,1,7
202400003371,2024-10-22 17:31:00,2024,10,22,17,31,75,75107,PONT DE LA CONCORDE,48.8632373,2.31942415,Plein jour,En agglomération,Hors intersection,Normale,Deux véhicules - côté,4,2,6,1,1,1,1,2,1,30,2,2,1,0,1,0,24.0,27.0,deux_roues,deux_roues,1,2,1,1,3
202400003372,2024-06-07 19:34:00,2024,6,7,19,34,10,10232,D207,48.10136528,4.39595014,Plein jour,Hors agglomération,Hors intersection,Normale,Autre collision,3,2,2,0,3,2,1,0,1,80,1,1,0,0,0,1,44.0,,voiture,,1,1,1,1,6
202400003373,2024-10-22 13:45:00,2024,10,22,13,45,75,75107,QUAI D ORSAY,48.86110595,2.32418615,Plein jour,En agglomération,Intersection en T,Normale,Autre collision,4,2, -1,-1,1,1,1,0,5,30,1,2,1,0,0,1,24.0,,deux_roues,,1,2,3,1,6
202400003373,2024-10-22 13:45:00,2024,10,22,13,45,75,75107,QUAI D ORSAY,48.86110595,2.32418615,Plein jour,En agglomération,Intersection en T,Normale,Autre collision,4,2,5,2,1,1,1,9,5,30,1,2,1,0,0,1,24.0,,deux_roues,,1,2,3,1,6
202400003374,2024-05-26 16:45:00,2024,5,26,16,45,36,36103,Terre Neuve,47.10390487,1.39258121,Plein jour,Hors agglomération,Hors intersection,Normale,Sans collision,3,2,2,0,1,1,1,0,3,80,1,2,1,0,1,0,28.0,,voiture,,1,1,1,1,7
202400003375,2024-06-06 20:25:00,2024,6,6,20,25,16,16416,,45.82228,0.487883,Plein jour,Hors agglomération,Intersection en X,Normale,Sans collision,3,2,2,0,1,1,1,0,3,80,1,1,0,0,0,1,48.0,,deux_roues,,1,1,2,1,7
202400003375,2024-06-06 20:25:00,2024,6,6,20,25,16,16416,,45.82228,0.487883,Plein jour,Hors agglomération,Intersection en X,Normale,Sans collision,3,2,2,-1,1,1,1,0,1,80,1,1,0,0,0,1,48.0,,deux_roues,,1,1,2,1,7
202400003376,2024-10-22 12:15:00,2024,10,22,12,15,75,75107,BOULEVARD SAINT GERMAIN,48.85444748,2.33044615,Plein jour,En agglomération,Intersection en X,Normale,Deux véhicules - côté,4,1,3,3,1,1,1,0,1,30,2,2,1,0,0,1,39.0,31.0,deux_roues,utilitaire_camion,1,2,2,1,3
202400003376,2024-10-22 12:15:00,2024,10,22,12,15,75,75107,BOULEVARD SAINT GERMAIN,48.85444748,2.33044615,Plein jour,En agglomération,Intersection en X,Normale,Deux véhicules - côté,4,1,1,1,3,1,1,0,1,30,2,2,1,0,0,1,39.0,31.0,deux_roues,utilitaire_camion,1,2,2,1,3
202400003377,2024-06-07 14:40:00,2024,6,7,14,40,07,07216,D533,44.964411,4.626548,Plein jour,Hors agglomération,Hors intersection,Normale,Deux véhicules - côté,3,2,2,0,2,1,1,2,1,90,2,2,1,0,0,1,31.0,55.0,deux_roues,utilitaire_camion,1,1,1,1,3
202400003378,2024-10-22 00:20:00,2024,10,22,0,20,75,75101,BOULEVARD DE SEBASTOPOL,48.863418,2.350937,Nuit avec éclairage allumé,En agglomération,Intersection en X,Pluie légère,Sans collision,4,1,4,1,1,1,2,0,1,30,1,1,0,0,0,1,41.0,,deux_roues,,5,2,2,2,7
202400003378,2024-10-22 00:20:00,2024,10,22,0,20,75,75101,BOULEVARD DE SEBASTOPOL,48.863418,2.350937,Nuit avec éclairage allumé,En agglomération,Intersection en X,Pluie légère,Sans collision,4,2, -1,-1,1,1,2,0,1,30,1,1,0,0,0,1,41.0,,deux_roues,,5,2,2,2,7
202400003379,2024-06-07 16:20:00,2024,6,7,16,20,07,07338,Allée de Prat,44.905929,4.6508,Plein jour,En agglomération,Hors intersection,Pluie légère,Autre collision,3,2,2,0,1,1,2,0,3,50,1,1,0,0,0,1,30.0,,voiture,,1,2,1,2,6
202400003380,2024-10-15 18:30:00,2024,10,15,18,30,75,75101,RUE DU LOUVRE,48.863925,2.342345,Plein jour,En agglomération,Intersection en X,Normale,Sans collision,4,1, -1,3,1,1,1,0,5,30,1,1,0,0,0,1,54.0,,deux_roues,,1,2,2,1,7
202400003380,2024-10-15 18:30:00,2024,10,15,18,30,75,75101,RUE DU LOUVRE,48.863925,2.342345,Plein jour,En agglomération,Intersection en X,Normale,Sans collision,4,2,3,3,1,1,1,0,5,30,1,1,0,0,0,1,54.0,,deux_roues,,1,2,2,1,7
202400003381,2024-06-06 19:00:00,2024,6,6,19,0,37,37254,Montouvrin,47.183938,0.846419,Plein jour,Hors agglomération,Hors intersection,Normale,Deux véhicules - arrière,3,2,2,0,1,1,1,0,1,80,2,2,1,0,1,0,63.0,47.0,voiture,deux_roues,1,1,1,1,2
202400003382,2024-10-20 19:05:00,2024,10,20,19,5,75,75103,BOULEVARD BEAUMARCHAIS,48.857609,2.367999,Plein jour,En agglomération,Intersection en T,Normale,Deux véhicules - côté,4,3,5,3,1,1,1,5,1,30,2,2,1,0,0,1,35.0,45.0,voiture,deux_roues,1,2,3,1,3
202400003382,2024-10-20 19:05:00,2024,10,20,19,5,75,75103,BOULEVARD BEAUMARCHAIS,48.857609,2.367999,Plein jour,En agglomération,Intersection en T,Normale,Deux véhicules - côté,4,1, -1,-1,1,1,1,0,1,30,2,2,1,0,0,1,35.0,45.0,voiture,deux_roues,1,2,3,1,3
202400003383,2024-06-06 10:55:00,2024,6,6,10,55,48,48129,D34,44.72117,3.781013,Plein jour,Hors agglomération,Intersection en T,Temps couvert,Deux véhicules - côté,3,2,2,0,1,1,2,0,1,90,2,3,2,0,0,1,21.0,27.0,voiture,voiture,1,1,3,8,3