accident_id,datetime,annee,mois,jour,heure,minute,departement,commune_insee,adresse,latitude,longitude,luminosite,agglomeration,intersection,meteo,collision,catr,circ,nbv,vosp,prof,plan,surf,infra,situ,vma,nb_vehicules,nb_usagers,nb_indemnes,nb_tues,nb_blesses_hosp,nb_blesses_legers,age_cond_1,age_cond_2,veh_type_cond_1,veh_type_cond_2,lum_code,agg_code,int_code,atm_code,col_code
202400003454,2024-10-23 08:00:00,2024,10,23,8,0,27,27105,RD313,49.311012,0.849973,Crépuscule ou aube,Hors agglomération,Intersection en X,Brouillard / fumée,Deux véhicules - côté,3,2,2,-1,1,1,1,0,1,80,2,2,1,0,1,0,17.0,37.0,deux_roues,voiture,2,1,2,5,3
202400003455,2024-06-05 15:49:00,2024,6,5,15,49,92,92047,A13,48.83595348,2.18276684,Plein jour,Hors agglomération,Hors intersection,Normale,Trois véhicules et plus - en chaîne,1,-1,3,0,1,1,1,0,1,110,3,5,4,0,1,0,78.0,37.0,deux_roues,utilitaire_camion,1,1,1,1,4
202400003456,2024-10-23 07:45:00,2024,10,23,7,45,30,30294,Route de Bagnols,44.130441,4.123752,Crépuscule ou aube,Hors agglomération,Autre intersection,Normale,Sans collision,3,2,2,3,1,3,1,0,6,70,1,2,1,0,1,0,76.0,,voiture,,2,1,9,1,7
202400003457,2024-10-23 08:00:00,2024,10,23,8,0,06,06018,105 Route des Chappes,43.61539,7.080871,Plein jour,Hors agglomération,Giratoire,Normale,Deux véhicules - frontale,3,3,2,1,2,1,1,0,1,70,2,2,1,0,1,0,30.0,22.0,deux_roues,utilitaire_camion,1,1,6,1,1
202400003458,2024-10-22 15:00:00,2024,10,22,15,0,987,98715,"pk 4.3, au niveau de NEW FAI",-17.554293,-149.601549,Plein jour,En agglomération,Hors intersection,Temps éblouissant,Deux véhicules - côté,2,2,2,1,1,1,1,0,1,40,2,2,1,0,0,1,25.0,52.0,deux_roues,voiture,1,2,1,7,3
202400003459,2024-10-22 18:00:00,2024,10,22,18,0,33,33468,,44.800132,0.032474,Crépuscule ou aube,Hors agglomération,Hors intersection,Normale,Deux véhicules - frontale,3,2,2,0,1,3,1,0,1,80,2,3,2,1,0,0,18.0,49.0,voiture,utilitaire_camion,2,1,1,1,1
202400003460,2024-10-22 16:30:00,2024,10,22,16,30,11,11202,,42.856596,3.032237,Plein jour,Hors agglomération,Hors intersection,Normale,Sans collision,3,-1,2,1,2,1,1,0,8,5,1,1,0,1,0,0,53.0,,deux_roues,,1,1,1,1,7
202400003461,2024-06-05 07:53:00,2024,6,5,7,53,92,92048,N118,48.80367737,2.21401506,Plein jour,Hors agglomération,Autre intersection,Normale,Trois véhicules et plus - en chaîne,2,-1,3,0,1,1,1,0,1,90,5,6,5,0,0,1,59.0,38.0,voiture,voiture,1,1,9,1,4
202400003462,2024-10-23 08:45:00,2024,10,23,8,45,77,77344,Route départementale 41,49.057966,2.799095,Plein jour,Hors agglomération,Hors intersection,Brouillard / fumée,Deux véhicules - frontale,3,2,2,0,1,1,1,0,1,90,2,2,0,0,1,1,26.0,42.0,transport_commun,voiture,1,1,1,5,1
202400003463,2024-06-06 12:00:00,2024,6,6,12,0,93,93005,A3,48.95493345,2.47355044,Plein jour,Hors agglomération,Hors intersection,Normale,Deux véhicules - arrière,1,3,6,0,1,1,1,0,1,90,2,2,1,0,0,1,19.0,44.0,utilitaire_camion,voiture,1,1,1,1,2
202400003464,2024-06-06 02:50:00,2024,6,6,2,50,92,92078,AUTOROUTE A86,48.92764791,2.33254761,Nuit sans éclairage public,Hors agglomération,Hors intersection,Normale,Autre collision,1,3,6,0,1,1,1,0,3,90,1,1,0,0,0,1,47.0,,voiture,,3,1,1,1,6
202400003465,2024-10-17 16:25:00,2024,10,17,16,25,13,13105,Chemin Donne,43.745212,5.070931,Plein jour,En agglomération,Intersection en X,Normale,Deux véhicules - côté,4,2,2,0,1,1,1,0,1,50,2,2,1,0,0,1,65.0,21.0,voiture,voiture,1,2,2,1,3
202400003465,2024-10-17 16:25:00,2024,10,17,16,25,13,13105,Chemin Donne,43.745212,5.070931,Plein jour,En agglomération,Intersection en X,Normale,Deux véhicules - côté,4,2, -1,-1,1,1,1,1,1,-1,2,2,1,0,0,1,65.0,21.0,voiture,voiture,1,2,2,1,3
202400003466,2024-10-23 16:20:00,2024,10,23,16,20,17,17155,71 Rue Charles Hérve,45.731217,-1.09715,Plein jour,En agglomération,Hors intersection,Normale,Autre collision,3,2,2,0,1,2,1,0,4,50,1,2,0,0,0,2,84.0,,voiture,,1,2,1,1,6
202400003467,2024-10-21 19:15:00,2024,10,21,19,15,33,33533,,44.564469,-0.277319,Crépuscule ou aube,Hors agglomération,Hors intersection,Normale,Sans collision,3,2,2,0,1,1,1,0,1,80,2,3,2,1,0,0,42.0,41.0,utilitaire_camion,voiture,2,1,1,1,7
202400003468,2024-10-22 18:40:00,2024,10,22,18,40,22,22326,L'Hotier,48.444045,-2.410394,Plein jour,Hors agglomération,Hors intersection,Normale,Autre collision,3,2,2,0,1,1,1,0,1,80,1,2,1,0,1,0,38.0,,voiture,,1,1,1,1,6
202400003469,2024-10-22 13:21:00,2024,10,22,13,21,60,60341,Avenue de la gare,49.097258,2.740354,Plein jour,Hors agglomération,Giratoire,Normale,Deux véhicules - arrière,2,2,0,0,1,3,1,0,1,80,2,2,1,0,0,1,27.0,45.0,voiture,voiture,1,1,6,1,2
202400003470,2024-10-22 18:28:00,2024,10,22,18,28,13,13001,A51-Sens Marseille vers Aix en Provence,43.47648474,5.4078131,Plein jour,Hors agglomération,Hors intersection,Normale,Deux véhicules - arrière,1,-1,2,0,1,1,1,0,1,90,4,6,3,0,0,3,72.0,60.0,utilitaire_camion,voiture,1,1,1,1,2
202400003471,2024-10-22 10:00:00,2024,10,22,10,0,13,13081,A7-Sens Lyon vers Marseille,43.47811878,5.23904762,Plein jour,Hors agglomération,Hors intersection,Normale,Deux véhicules - arrière,1,1,2,0,1,1,1,0,1,90,2,2,1,0,0,1,30.0,45.0,utilitaire_camion,utilitaire_camion,1,1,1,1,2
202400003472,2024-10-21 07:45:00,2024,10,21,7,45,33,33448,,44.715448,-0.518511,Nuit sans éclairage public,Hors agglomération,Hors intersection,Normale,Deux véhicules - arrière,1,3,2,0,1,1,1,0,1,130,2,3,2,0,0,1,22.0,22.0,voiture,voiture,3,1,1,1,2
202400003473,2024-10-16 18:30:00,2024,10,16,18,30,59,59581,AUTOROUTE A25,50.69661,2.80243,Crépuscule ou aube,Hors agglomération,Hors intersection,Normale,Deux véhicules - arrière,1,3,2,0,1,1,1,0,1,130,4,4,2,0,0,2,27.0,48.0,voiture,voiture,2,1,1,1,2
202400003474,2024-10-22 14:20:00,2024,10,22,14,20,91,91228,AUTOROUTE A6,48.62831,2.41236,Plein jour,Hors agglomération,Hors intersection,Normale,Trois véhicules et plus - en chaîne,1,3,3,0,1,1,1,0,1,110,3,5,4,0,0,1,37.0,55.0,voiture,utilitaire_camion,1,1,1,1,4
202400003475,2024-10-21 19:57:00,2024,10,21,19,57,92,92025,A86,48.91903976,2.22360689,Crépuscule ou aube,Hors agglomération,Hors intersection,Normale,Deux véhicules - arrière,1,-1,2,0,1,1,1,0,1,90,2,2,1,0,0,1,23.0,50.0,voiture,voiture,2,1,1,1,2
202400003476,2024-10-22 18:25:00,2024,10,22,18,25,93,93066,AUTOROUTE A1,48.93311271,2.3757853,Crépuscule ou aube,Hors agglomération,Hors intersection,Normale,Autre collision,1,3,4,0,1,1,1,0,1,90,1,1,0,0,0,1,35.0,,deux_roues,,2,1,1,1,6
202400003477,2024-10-22 11:00:00,2024,10,22,11,0,93,93064,AUTOROUTE A103,48.88657,2.4827,Plein jour,Hors agglomération,Hors intersection,Normale,Trois véhicules et plus - collisions multiples,1,3,2,0,1,1,1,0,1,90,3,3,2,0,0,1,31.0,59.0,voiture,voiture,1,1,1,1,5
202400003478,2024-10-21 19:45:00,2024,10,21,19,45,95,95582,A115,48.98269853,2.24130481,Nuit sans éclairage public,Hors agglomération,Hors intersection,Normale,Deux véhicules - arrière,1,3,2,0,1,1,1,0,1,90,2,2,1,0,0,1,24.0,42.0,deux_roues,voiture,3,1,1,1,2
202400003479,2024-10-22 08:00:00,2024,10,22,8,0,94,94079,A4,48.8354459,2.53871181,Crépuscule ou aube,Hors agglomération,Hors intersection,Normale,Deux véhicules - arrière,1,3,5,1,1,1,1,0,1,110,2,2,0,0,0,2,57.0,57.0,deux_roues,deux_roues,2,1,1,1,2
202400003480,2024-10-22 06:40:00,2024,10,22,6,40,94,94052,A86,48.84229175,2.49300327,Nuit avec éclairage allumé,Hors agglomération,Hors intersection,Pluie légère,Deux véhicules - arrière,1,1,2,0,1,1,2,1,1,90,2,2,1,0,0,1,47.0,59.0,voiture,utilitaire_camion,5,1,1,2,2
202400003481,2024-04-04 12:00:00,2024,4,4,12,0,75,75106,RUE DAUPHINE,48.854181,2.338944,Plein jour,En agglomération,Intersection en Y,Temps couvert,Autre collision,4,1, -1,-1,1,1,2,0,1,30,1,2,1,0,0,1,31.0,,deux_roues,,1,2,4,8,6
202400003481,2024-04-04 12:00:00,2024,4,4,12,0,75,75106,RUE DAUPHINE,48.854181,2.338944,Plein jour,En agglomération,Intersection en Y,Temps couvert,Autre collision,4,1,1,0,1,1,2,0,1,30,1,2,1,0,0,1,31.0,,deux_roues,,1,2,4,8,6
202400003482,2024-06-13 17:40:00,2024,6,13,17,40,74,74118,A411,46.18191,6.22619,Plein jour,Hors agglomération,Hors intersection,Normale,Deux véhicules - côté,1,3,2,0,1,3,1,0,1,70,2,2,1,0,0,1,32.0,43.0,voiture,deux_roues,1,1,1,1,3
202400003483,2024-08-21 13:57:00,2024,8,21,13,57,74,74243,D1206,46.142167,6.096323,Plein jour,Hors agglomération,Hors intersection,Normale,Deux véhicules - frontale,3,2,2,0,1,1,1,0,1,80,2,2,1,0,1,0,23.0,37.0,deux_roues,voiture,1,1,1,1,1
202400003484,2024-06-24 11:15:00,2024,6,24,11,15,74,74193,D215,46.11898557,6.18008047,Plein jour,Hors agglomération,Hors intersection,Normale,Sans collision,3,2,2,0,2,4,1,0,3,80,1,2,1,0,1,0,16.0,,voiture,,1,1,1,1,7
202400003485,2024-07-20 11:55:00,2024,7,20,11,55,74,74043,D35,46.261889,6.356669,Plein jour,Hors agglomération,Intersection en Y,Normale,Deux véhicules - côté,3,2,2,0,2,2,1,0,1,80,2,2,1,0,1,0,80.0,17.0,voiture,deux_roues,1,1,4,1,3
202400003485,2024-07-20 11:55:00,2024,7,20,11,55,74,74043,D35,46.261889,6.356669,Plein jour,Hors agglomération,Intersection en Y,Normale,Deux véhicules - côté,3,2, -1,-1,2,2,1,0,1,-1,2,2,1,0,1,0,80.0,17.0,voiture,deux_roues,1,1,4,1,3
202400003486,2024-08-17 12:30:00,2024,8,17,12,30,74,74118,ZONE (ROUTE DE),46.17195472,6.2107689,Plein jour,Hors agglomération,Hors intersection,Normale,Deux véhicules - arrière,3,1,1,0,1,1,1,0,1,1,2,2,1,0,0,1,31.0,,deux_roues,voiture,1,1,1,1,2
202400003487,2024-07-21 09:10:00,2024,7,21,9,10,74,74206,Route du lyaud,46.320089,6.498606,Plein jour,En agglomération,Intersection en T,Pluie légère,Trois véhicules et plus - collisions multiples,3,-1,2,0,1,1,2,0,1,30,3,3,1,0,1,1,20.0,24.0,deux_roues,deux_roues,1,2,3,2,5
202400003487,2024-07-21 09:10:00,2024,7,21,9,10,74,74206,Route du lyaud,46.320089,6.498606,Plein jour,En agglomération,Intersection en T,Pluie légère,Trois véhicules et plus - collisions multiples,3,2, -1,-1,1,1,2,0,1,-1,3,3,1,0,1,1,20.0,24.0,deux_roues,deux_roues,1,2,3,2,5
202400003488,2024-08-04 03:15:00,2024,8,4,3,15,74,74012,GARE (RUE DE LA),46.1942,6.23375,Nuit avec éclairage allumé,En agglomération,Hors intersection,Normale,Deux véhicules - frontale,4,1,1,0,1,1,1,0,1,50,2,2,1,0,0,1,44.0,,deux_roues,voiture,5,2,1,1,1
202400003489,2024-08-09 22:45:00,2024,8,9,22,45,74,74008,JEAN-JAURES (RUE),46.1944,6.22412,Nuit avec éclairage allumé,En agglomération,Hors intersection,Normale,Deux véhicules - côté,4,2,2,0,1,1,1,9,8,30,2,2,1,0,0,1,20.0,,deux_roues,voiture,5,2,1,1,3
202400003490,2024-08-10 11:10:00,2024,8,10,11,10,74,74275,D42,45.816734,6.244395,Plein jour,Hors agglomération,Autre intersection,Normale,Sans collision,3,2,2,0,2,1,1,0,1,50,1,1,0,0,0,1,33.0,,deux_roues,,1,1,9,1,7
202400003491,2024-08-20 16:20:00,2024,8,20,16,20,74,74080,D909,45.87984422,6.44777083,Plein jour,Hors agglomération,Hors intersection,Normale,Sans collision,3,2,2,0,2,2,1,0,1,80,2,2,1,0,0,1,32.0,,deux_roues,voiture,1,1,1,1,7
202400003492,2024-07-24 17:39:00,2024,7,24,17,39,74,74058,D22,46.282124,6.82001,Plein jour,Hors agglomération,Hors intersection,Normale,Sans collision,3,-1,2,0,2,3,1,0,3,80,1,3,0,0,2,1,44.0,,voiture,,1,1,1,1,7
202400003493,2024-07-02 10:45:00,2024,7,2,10,45,74,74043,Avenue des fully,46.272992,6.341976,Plein jour,Hors agglomération,Hors intersection,Normale,Deux véhicules - arrière,3,2,2,0,1,1,1,0,1,80,2,2,1,0,1,0,20.0,79.0,deux_roues,voiture,1,1,1,1,2
202400003494,2024-07-05 20:00:00,2024,7,5,20,0,74,74006,559 Route du chef lieu,46.000958,6.117885,Plein jour,En agglomération,Hors intersection,Normale,Autre collision,3,2,2,0,2,1,1,0,1,30,1,2,1,0,1,0,46.0,,voiture,,1,2,1,1,6
202400003495,2024-07-27 16:55:00,2024,7,27,16,55,74,74105,Avenue du bas chablais,46.310263,6.301625,Plein jour,En agglomération,Hors intersection,Normale,Deux véhicules - arrière,3,2,2,0,1,1,1,0,1,50,2,2,1,0,0,1,21.0,30.0,voiture,deux_roues,1,2,1,1,2
202400003496,2024-06-29 16:40:00,2024,6,29,16,40,74,74010,2 Rue de sansy (Annecy),45.888384,6.11548,Plein jour,En agglomération,Hors intersection,Normale,Autre collision,6,-1, -1,0,1,1,1,0,1,-1,1,2,1,0,0,1,42.0,,voiture,,1,2,1,1,6
202400003497,2024-07-21 22:45:00,2024,7,21,22,45,74,74312,A40,46.06998,6.47608,Nuit sans éclairage public,Hors agglomération,Hors intersection,Normale,Sans collision,1,3,2,0,1,1,1,0,2,130,1,2,1,0,1,0,26.0,,voiture,,3,1,1,1,7
202400003498,2024-06-24 18:55:00,2024,6,24,18,55,74,74043,Avenue louis armand,46.265953,6.36831,Plein jour,En agglomération,Giratoire,Normale,Autre collision,3,2,1,0,2,4,1,9,1,30,2,3,2,0,0,1,64.0,17.0,voiture,deux_roues,1,2,6,1,6
202400003499,2024-03-22 17:45:00,2024,3,22,17,45,75,75112,QUAI DE BERCY,48.8329,2.3835,Plein jour,En agglomération,Hors intersection,Normale,Deux véhicules - côté,4,1,3,0,1,1,1,0,1,50,2,2,1,0,1,0,37.0,41.0,voiture,deux_roues,1,2,1,1,3
202400003500,2024-03-22 12:10:00,2024,3,22,12,10,75,75111,PLACE DE LA BASTILLE,48.853517,2.369553,Plein jour,En agglomération,Place,Normale,Deux véhicules - arrière,4,1, -1,-1,1,1,1,0,1,30,2,2,1,0,0,1,30.0,53.0,voiture,deux_roues,1,2,7,1,2
202400003500,2024-03-22 12:10:00,2024,3,22,12,10,75,75111,PLACE DE LA BASTILLE,48.853517,2.369553,Plein jour,En agglomération,Place,Normale,Deux véhicules - arrière,4,4,3,1,1,2,1,0,1,30,2,2,1,0,0,1,30.0,53.0,voiture,deux_roues,1,2,7,1,2
202400003501,2024-03-22 07:40:00,2024,3,22,7,40,75,75111,BOULEVARD VOLTAIRE,48.857707,2.380376,Plein jour,En agglomération,Place,Normale,Autre collision,4,2,4,1,1,1,1,0,1,30,1,2,1,0,0,1,48.0,,deux_roues,,1,2,7,1,6
202400003501,2024-03-22 07:40:00,2024,3,22,7,40,75,75111,BOULEVARD VOLTAIRE,48.857707,2.380376,Plein jour,En agglomération,Place,Normale,Autre collision,4,1, -1,-1,1,1,1,0,1,30,1,2,1,0,0,1,48.0,,deux_roues,,1,2,7,1,6
202400003502,2024-03-22 18:44:00,2024,3,22,18,44,75,75110,RUE DU FAUBOURG SAINT MARTIN,48.87610242,2.36062843,Crépuscule ou aube,En agglomération,Intersection en Y,Normale,Autre collision,4,1, -1,-1,1,1,1,0,8,30,1,2,1,0,0,1,58.0,,deux_roues,,2,2,4,1,6
202400003502,2024-03-22 18:44:00,2024,3,22,18,44,75,75110,RUE DU FAUBOURG SAINT MARTIN,48.87610242,2.36062843,Crépuscule ou aube,En agglomération,Intersection en Y,Normale,Autre collision,4,2,4,0,1,1,1,0,8,30,1,2,1,0,0,1,58.0,,deux_roues,,2,2,4,1,6
202400003503,2024-03-22 13:17:00,2024,3,22,13,17,75,75104,QUAI DE L HOTEL DE VILLE,48.854434,2.355021,Plein jour,En agglomération,Intersection en T,Normale,Sans collision,4,2,6,1,1,1,1,0,1,30,2,2,1,0,0,1,35.0,54.0,deux_roues,utilitaire_camion,1,2,3,1,7
202400003503,2024-03-22 13:17:00,2024,3,22,13,17,75,75104,QUAI DE L HOTEL DE VILLE,48.854434,2.355021,Plein jour,En agglomération,Intersection en T,Normale,Sans collision,4,1,2,1,1,1,1,0,1,30,2,2,1,0,0,1,35.0,54.0,deux_roues,utilitaire_camion,1,2,3,1,7
202400003504,2024-03-22 13:40:00,2024,3,22,13,40,94,94074,Avenue Henri Barbusse,48.76515514,2.44172913,Plein jour,En agglomération,Hors intersection,Normale,Deux véhicules - arrière,2,3,4,0,1,1,1,0,1,50,2,2,1,0,1,0,40.0,29.0,utilitaire_camion,deux_roues,1,2,1,1,2
202400003505,2024-03-21 19:45:00,2024,3,21,19,45,94,94068,Boulevard de la Marne / Avenue de Bonneuil,48.79169534,2.50363049,Nuit avec éclairage allumé,En agglomération,Intersection en X,Normale,Deux véhicules - côté,4,2,2,0,1,1,1,0,1,30,2,3,1,0,0,2,24.0,43.0,voiture,voiture,5,2,2,1,3
202400003506,2024-03-21 13:10:00,2024,3,21,13,10,94,94068,Avenue Raspail,48.78624,2.48568,Plein jour,En agglomération,Hors intersection,Normale,Deux véhicules - côté,4,1,1,0,1,1,1,0,4,30,2,2,1,0,0,1,5.0,46.0,deux_roues,voiture,1,2,1,1,3
202400003507,2024-03-22 16:45:00,2024,3,22,16,45,94,94076,Rue Jean Baptiste Clément / Boulevard Paul Vaillant Couturier,48.795777,2.367648,Plein jour,En agglomération,Intersection en X,Normale,Autre collision,3,2,2,0,1,2,1,0,1,-1,1,2,1,0,0,1,54.0,,voiture,,1,2,2,1,6
202400003507,2024-03-22 16:45:00,2024,3,22,16,45,94,94076,Rue Jean Baptiste Clément / Boulevard Paul Vaillant Couturier,48.795777,2.367648,Plein jour,En agglomération,Intersection en X,Normale,Autre collision,3,1,1,0,1,1,1,0,1,50,1,2,1,0,0,1,54.0,,voiture,,1,2,2,1,6
202400003508,2024-03-21 05:07:00,2024,3,21,5,7,94,94037,Rue Gabriel Péri / Rue Jacques Destrée,48.81570158,2.35612075,Nuit avec éclairage allumé,En agglomération,Autre intersection,Normale,Deux véhicules - côté,3,1,2,0,1,1,1,0,1,50,2,2,1,1,0,0,27.0,52.0,deux_roues,deux_roues,5,2,9,1,3
202400003508,2024-03-21 05:07:00,2024,3,21,5,7,94,94037,Rue Gabriel Péri / Rue Jacques Destrée,48.81570158,2.35612075,Nuit avec éclairage allumé,En agglomération,Autre intersection,Normale,Deux véhicules - côté,3,1,2,0,1,1,1,0,1,-1,2,2,1,1,0,0,27.0,52.0,deux_roues,deux_roues,5,2,9,1,3
202400003509,2024-03-21 09:55:00,2024,3,21,9,55,94,94033,Avenue du Val de Fontenay,48.85378702,2.48785615,Plein jour,En agglomération,Hors intersection,Normale,Autre collision,4,1,2,3,1,2,1,9,1,30,2,3,2,0,0,1,67.0,53.0,voiture,transport_commun,1,2,1,1,6
202400003510,2024-03-22 09:00:00,2024,3,22,9,0,93,93048,Rue Parmentier / Rue Etienne Marcel,48.85763,2.42771,Plein jour,En agglomération,Intersection en X,Normale,Autre collision,4,1,1,2,1,1,1,0,1,30,1,2,1,0,0,1,24.0,,voiture,,1,2,2,1,6
202400003510,2024-03-22 09:00:00,2024,3,22,9,0,93,93048,Rue Parmentier / Rue Etienne Marcel,48.85763,2.42771,Plein jour,En agglomération,Intersection en X,Normale,Autre collision,4,1,1,2,1,3,1,0,1,30,1,2,1,0,0,1,24.0,,voiture,,1,2,2,1,6
202400003511,2024-03-22 18:20:00,2024,3,22,18,20,93,93057,Avenue Aristide Briand / Rue Georges,48.90787,2.493859,Plein jour,En agglomération,Intersection en T,Normale,Autre collision,3,3,4,3,1,1,1,0,1,50,1,2,1,0,0,1,21.0,,voiture,,1,2,3,1,6
202400003511,2024-03-22 18:20:00,2024,3,22,18,20,93,93057,Avenue Aristide Briand / Rue Georges,48.90787,2.493859,Plein jour,En agglomération,Intersection en T,Normale,Autre collision,3,2,1,0,1,1,1,0,1,-1,1,2,1,0,0,1,21.0,,voiture,,1,2,3,1,6
202400003512,2024-03-22 08:00:00,2024,3,22,8,0,93,93005,Rue Paul Cézanne / Rue Fernand de Magellan,48.952877,2.49448,Plein jour,En agglomération,Intersection en X,Normale,Trois véhicules et plus - collisions multiples,3,1,2,0,1,1,1,0,1,50,3,4,2,0,0,2,48.0,61.0,voiture,voiture,1,2,2,1,5
202400003512,2024-03-22 08:00:00,2024,3,22,8,0,93,93005,Rue Paul Cézanne / Rue Fernand de Magellan,48.952877,2.49448,Plein jour,En agglomération,Intersection en X,Normale,Trois véhicules et plus - collisions multiples,3,2,2,0,1,1,1,0,1,-1,3,4,2,0,0,2,48.0,61.0,voiture,voiture,1,2,2,1,5
202400003513,2024-03-22 00:10:00,2024,3,22,0,10,92,92046,CAMELINAT,48.81233672,2.29934514,Nuit avec éclairage allumé,En agglomération,Hors intersection,Normale,Autre collision,3,2,4,0,1,1,1,0,1,50,1,1,0,0,0,1,54.0,,deux_roues,,5,2,1,1,6
202400003514,2024-03-22 22:10:00,2024,3,22,22,10,92,92050,REPUBLIQUE AVENUE DE LA,48.90964366,2.21753526,Nuit avec éclairage allumé,En agglomération,Hors intersection,Pluie légère,Autre collision,3,1,2,0,1,1,2,0,8,50,1,2,1,0,0,1,22.0,,deux_roues,,5,2,1,2,6
202400003515,2024-03-21 07:43:00,2024,3,21,7,43,92,92050,GRANDS PRES RUE DES,48.91006358,2.2151168,Plein jour,En agglomération,Intersection en T,Normale,Deux véhicules - côté,4,2,1,0,1,1,1,0,1,50,2,2,1,0,0,1,41.0,15.0,voiture,deux_roues,1,2,3,1,3
202400003515,2024-03-21 07:43:00,2024,3,21,7,43,92,92050,GRANDS PRES RUE DES,48.91006358,2.2151168,Plein jour,En agglomération,Intersection en T,Normale,Deux véhicules - côté,4,2,1,0,1,1,1,0,1,50,2,2,1,0,0,1,41.0,15.0,voiture,deux_roues,1,2,3,1,3
202400003516,2024-03-21 08:10:00,2024,3,21,8,10,92,92050,PREMIER MAI RUE DU,48.91867237,2.22263512,Plein jour,Hors agglomération,Intersection en Y,Normale,Deux véhicules - arrière,3,2, -1,-1,1,1,1,5,1,-1,2,2,1,0,0,1,33.0,30.0,deux_roues,voiture,1,1,4,1,2
202400003516,2024-03-21 08:10:00,2024,3,21,8,10,92,92050,PREMIER MAI RUE DU,48.91867237,2.22263512,Plein jour,Hors agglomération,Intersection en Y,Normale,Deux véhicules - arrière,3,1,0,0,1,1,1,5,1,50,2,2,1,0,0,1,33.0,30.0,deux_roues,voiture,1,1,4,1,2
202400003517,2024-03-22 07:00:00,2024,3,22,7,0,92,92048,SORRIERES (RUE DES),48.81625395,2.24470791,Crépuscule ou aube,En agglomération,Hors intersection,Normale,Sans collision,4,1,1,0,1,3,1,0,1,50,1,1,0,0,0,1,26.0,,deux_roues,,2,2,1,1,7
202400003518,2024-03-22 18:20:00,2024,3,22,18,20,92,92036,GRESILLONS (AVENUE DES) (103/139),48.91805388,2.30924816,Plein jour,En agglomération,Intersection en T,Normale,Deux véhicules - côté,3,2,0,0,1,1,1,0,1,50,2,2,1,0,0,1,37.0,37.0,deux_roues,voiture,1,2,3,1,3
202400003518,2024-03-22 18:20:00,2024,3,22,18,20,92,92036,GRESILLONS (AVENUE DES) (103/139),48.91805388,2.30924816,Plein jour,En agglomération,Intersection en T,Normale,Deux véhicules - côté,3,3,2,0,1,1,1,0,1,50,2,2,1,0,0,1,37.0,37.0,deux_roues,voiture,1,2,3,1,3
202400003519,2024-03-21 17:50:00,2024,3,21,17,50,92,92036,GABRIEL PERI (AVENUE) (147/177),48.92339175,2.29471993,Plein jour,En agglomération,Hors intersection,Normale,Autre collision,3,2,2,0,1,1,1,0,1,50,1,2,1,0,0,1,22.0,,deux_roues,,1,2,1,1,6
202400003520,2024-03-22 00:10:00,2024,3,22,0,10,92,92036,SORTIE A 86,48.93818781,2.300492,Nuit avec éclairage allumé,En agglomération,Intersection en T,Normale,Deux véhicules - côté,1,1, -1,0,2,2,1,3,1,-1,2,2,1,0,0,1,35.0,20.0,utilitaire_camion,voiture,5,2,3,1,3
202400003520,2024-03-22 00:10:00,2024,3,22,0,10,92,92036,SORTIE A 86,48.93818781,2.300492,Nuit avec éclairage allumé,En agglomération,Intersection en T,Normale,Deux véhicules - côté,1,2,5,0,2,1,1,3,1,50,2,2,1,0,0,1,35.0,20.0,utilitaire_camion,voiture,5,2,3,1,3
202400003521,2024-03-22 14:30:00,2024,3,22,14,30,92,92026,VERDUN (DE 01 A 61),48.89985074,2.26136148,Plein jour,En agglomération,Hors intersection,Normale,Deux véhicules - côté,3,3,2,1,1,1,1,0,1,50,2,2,1,0,0,1,43.0,43.0,voiture,deux_roues,1,2,1,1,3
202400003522,2024-03-22 13:05:00,2024,3,22,13,5,92,92026,PRÉSIDENT PAUL DOUMER (QUAI DU),48.89117376,2.25759512,Plein jour,En agglomération,Hors intersection,Normale,Autre collision,3,-1,0,0,1,1,1,9,4,50,1,2,1,0,0,1,34.0,,voiture,,1,2,1,1,6
202400003523,2024-03-21 20:15:00,2024,3,21,20,15,92,92023,HENRI BARBUSSE (AVENUE),48.80538476,2.25922018,Crépuscule ou aube,En agglomération,Giratoire,Normale,Deux véhicules - frontale,3,2,2,1,1,1,1,0,1,30,2,4,1,0,1,2,57.0,27.0,voiture,deux_roues,2,2,6,1,1
202400003523,2024-03-21 20:15:00,2024,3,21,20,15,92,92023,HENRI BARBUSSE (AVENUE),48.80538476,2.25922018,Crépuscule ou aube,En agglomération,Giratoire,Normale,Deux véhicules - frontale,3,1,2,1,1,1,1,0,1,30,2,4,1,0,1,2,57.0,27.0,voiture,deux_roues,2,2,6,1,1
202400003524,2024-03-22 12:45:00,2024,3,22,12,45,92,92019,DIVISION LECLERC (AVENUE DE LA),48.76552161,2.26034492,Plein jour,En agglomération,Intersection en T,Normale,Autre collision,3,2,2,0,1,1,1,9,4,50,1,1,0,0,0,1,63.0,,voiture,,1,2,3,1,6
202400003524,2024-03-22 12:45:00,2024,3,22,12,45,92,92019,DIVISION LECLERC (AVENUE DE LA),48.76552161,2.26034492,Plein jour,En agglomération,Intersection en T,Normale,Autre collision,3,2,2,0,1,1,1,0,4,50,1,1,0,0,0,1,63.0,,voiture,,1,2,3,1,6
202400003525,2024-03-21 08:55:00,2024,3,21,8,55,92,92012,ANDRE MORIZET (AVENUE) 1/47 - 2/52,48.83519313,2.24099225,Plein jour,En agglomération,Hors intersection,Normale,Deux véhicules - côté,3,2,3,2,1,1,1,0,1,30,2,3,2,0,0,1,52.0,25.0,voiture,deux_roues,1,2,1,1,3