accident_id,datetime,annee,mois,jour,heure,minute,departement,commune_insee,adresse,latitude,longitude,luminosite,agglomeration,intersection,meteo,collision,catr,circ,nbv,vosp,prof,plan,surf,infra,situ,vma,nb_vehicules,nb_usagers,nb_indemnes,nb_tues,nb_blesses_hosp,nb_blesses_legers,age_cond_1,age_cond_2,veh_type_cond_1,veh_type_cond_2,lum_code,agg_code,int_code,atm_code,col_code
202400003601,2024-07-09 06:33:00,2024,7,9,6,33,90,90091,D83,47.689838,6.959903,Crépuscule ou aube,Hors agglomération,Giratoire,Temps éblouissant,Deux véhicules - arrière,3,1,2,0,1,2,1,0,1,70,2,2,1,0,0,1,53.0,19.0,deux_roues,utilitaire_camion,2,1,6,7,2
202400003602,2024-03-20 17:20:00,2024,3,20,17,20,33,33162,,44.87884,-0.62907,Plein jour,Hors agglomération,Hors intersection,Normale,Trois véhicules et plus - en chaîne,1,3,6,0,1,1,1,0,1,90,3,3,2,0,0,1,64.0,33.0,voiture,voiture,1,1,1,1,4
202400003603,2024-07-09 10:00:00,2024,7,9,10,0,21,21071,D30h,47.458432,5.303285,Plein jour,Hors agglomération,Hors intersection,Normale,Sans collision,3,2,2,0,4,1,1,0,1,80,1,1,0,0,1,0,75.0,,deux_roues,,1,1,1,1,7
202400003604,2024-07-07 20:45:00,2024,7,7,20,45,40,40011,577 route d'amou,43.57563593,-0.78661859,Plein jour,Hors agglomération,Hors intersection,Normale,Autre collision,3,2,1,0,1,1,1,0,1,80,1,1,0,0,1,0,52.0,,voiture,,1,1,1,1,6
202400003605,2024-03-21 04:35:00,2024,3,21,4,35,59,59359,AUTOROUTE A16,50.98405,2.22903,Nuit avec éclairage non allumé,Hors agglomération,Hors intersection,Normale,Trois véhicules et plus - collisions multiples,1,3,4,0,1,1,1,0,1,110,3,4,1,1,2,0,77.0,29.0,voiture,voiture,4,1,1,1,5
202400003606,2024-07-09 16:35:00,2024,7,9,16,35,24,24520,31 Avenue de la Dordogne,44.87225631,1.20986044,Plein jour,En agglomération,Hors intersection,Normale,Autre collision,3,2,2,0,2,1,1,0,1,50,1,2,1,0,1,0,54.0,,voiture,,1,2,1,1,6
202400003607,2024-03-22 15:00:00,2024,3,22,15,0,91,91549,RN 104,48.62537,2.33599,Plein jour,Hors agglomération,Hors intersection,Normale,Trois véhicules et plus - en chaîne,2,3,2,0,1,1,1,0,1,110,3,3,2,0,0,1,30.0,20.0,utilitaire_camion,voiture,1,1,1,1,4
202400003608,2024-07-10 08:20:00,2024,7,10,8,20,85,85289,D128,46.6751617,-0.6553838,Plein jour,Hors agglomération,Hors intersection,Normale,Autre collision,3,2,2,0,1,1,1,0,3,80,1,2,0,0,2,0,20.0,,voiture,,1,1,1,1,6
202400003609,2024-03-22 11:56:00,2024,3,22,11,56,91,91136,AUTOROUTE A10,48.713539,2.286675,Plein jour,Hors agglomération,Hors intersection,Normale,Trois véhicules et plus - en chaîne,1,3,2,0,3,3,1,0,1,70,3,3,2,0,0,1,22.0,56.0,voiture,utilitaire_camion,1,1,1,1,4
202400003610,2024-06-14 18:10:00,2024,6,14,18,10,85,85108,17 Rue georges clemenceau,46.906781,-1.377687,Plein jour,En agglomération,Intersection en T,Normale,Deux véhicules - côté,3,2, -1,-1,1,1,1,0,1,-1,2,2,1,0,1,0,45.0,16.0,voiture,deux_roues,1,2,3,1,3
202400003610,2024-06-14 18:10:00,2024,6,14,18,10,85,85108,17 Rue georges clemenceau,46.906781,-1.377687,Plein jour,En agglomération,Intersection en T,Normale,Deux véhicules - côté,3,2,2,0,1,1,1,0,1,50,2,2,1,0,1,0,45.0,16.0,voiture,deux_roues,1,2,3,1,3
202400003611,2024-03-22 18:05:00,2024,3,22,18,5,78,78073,RN12 EXT,48.79871,2.00248,Plein jour,Hors agglomération,Hors intersection,Normale,Deux véhicules - arrière,2,1,3,0,1,1,1,3,8,70,2,2,1,0,1,0,29.0,49.0,voiture,voiture,1,1,1,1,2
202400003612,2024-03-22 13:00:00,2024,3,22,13,0,92,92023,RN385,48.77619602,2.22827948,Plein jour,Hors agglomération,Hors intersection,Normale,Deux véhicules - arrière,2,3,3,0,1,1,1,3,1,90,2,3,1,0,0,2,48.0,25.0,voiture,voiture,1,1,1,1,2
202400003613,2024-07-10 12:47:00,2024,7,10,12,47,27,27448,N13  PK N° 011+328,49.011588,1.325682,Plein jour,Hors agglomération,Hors intersection,Normale,Deux véhicules - frontale,2,2,3,0,1,1,1,0,1,80,2,3,2,0,1,0,65.0,52.0,utilitaire_camion,utilitaire_camion,1,1,1,1,1
202400003614,2024-07-09 13:30:00,2024,7,9,13,30,987,98714,faanui,-16.482304,-151.749172,Plein jour,Hors agglomération,Hors intersection,Normale,Deux véhicules - arrière,2,2,2,0,1,1,1,0,1,60,2,2,1,0,1,0,24.0,70.0,deux_roues,voiture,1,1,1,1,2
202400003615,2024-03-21 08:00:00,2024,3,21,8,0,78,78640,A86 EXT,48.780232,2.185329,Plein jour,Hors agglomération,Hors intersection,Normale,Trois véhicules et plus - en chaîne,1,1,3,0,1,1,1,0,1,110,6,8,5,0,0,3,32.0,40.0,voiture,utilitaire_camion,1,1,1,1,4
202400003616,2024-03-22 16:45:00,2024,3,22,16,45,95,95582,A15,48.96713514,2.25481677,Plein jour,Hors agglomération,Hors intersection,Normale,Deux véhicules - côté,1,3,4,0,1,1,1,0,1,110,2,2,1,0,0,1,31.0,47.0,voiture,deux_roues,1,1,1,1,3
202400003617,2024-07-09 18:45:00,2024,7,9,18,45,77,77094,N3,48.955834,2.785438,Plein jour,Hors agglomération,Hors intersection,Normale,Sans collision,2,3,0,0,2,1,1,0,1,90,1,3,2,0,0,1,24.0,,voiture,,1,1,1,1,7
202400003618,2024-03-21 19:30:00,2024,3,21,19,30,93,93066,A1,48.91030991,2.35797606,Nuit avec éclairage allumé,Hors agglomération,Hors intersection,Normale,Deux véhicules - arrière,1,3,4,0,1,1,1,1,1,90,2,2,1,0,0,1,37.0,35.0,utilitaire_camion,deux_roues,5,1,1,1,2
202400003619,2024-07-06 19:30:00,2024,7,6,19,30,78,78003,9 Rue des 3 Moulins,48.51033,1.838952,Plein jour,En agglomération,Hors intersection,Normale,Deux véhicules - côté,4,2,2,0,1,1,1,0,1,50,2,3,2,0,1,0,5.0,20.0,deux_roues,voiture,1,2,1,1,3
202400003620,2024-03-22 11:07:00,2024,3,22,11,7,94,94052,A86,48.83730625,2.49415341,Plein jour,Hors agglomération,Hors intersection,Normale,Trois véhicules et plus - collisions multiples,1,1,3,0,1,1,1,1,1,90,3,3,2,0,0,1,25.0,32.0,deux_roues,utilitaire_camion,1,1,1,1,5
202400003621,2024-03-22 10:03:00,2024,3,22,10,3,94,94074,N406,48.76556759,2.45886624,Plein jour,Hors agglomération,Hors intersection,Normale,Deux véhicules - arrière,2,3,2,0,1,1,1,0,1,90,2,2,1,0,0,1,28.0,27.0,deux_roues,voiture,1,1,1,1,2
202400003622,2024-07-09 18:10:00,2024,7,9,18,10,66,66037,Avenue Mediterranee,42.698393,3.023874,Plein jour,En agglomération,Hors intersection,Normale,Deux véhicules - côté,4,1,4,3,1,1,1,0,6,50,2,2,1,0,0,1,50.0,72.0,voiture,deux_roues,1,2,1,1,3
202400003623,2024-03-22 05:40:00,2024,3,22,5,40,75,75112,A4,48.82033,2.46061,Nuit sans éclairage public,Hors agglomération,Hors intersection,Normale,Sans collision,1,3,5,0,1,2,1,0,1,90,1,1,0,1,0,0,47.0,,deux_roues,,3,1,1,1,7
202400003624,2024-01-19 11:10:00,2024,1,19,11,10,33,33069,Avenue de l'Hippodrome,44.87451,-0.62719,Plein jour,En agglomération,Hors intersection,Normale,Deux véhicules - arrière,4,3,2,2,1,1,1,5,1,30,2,2,1,0,0,1,28.0,54.0,voiture,transport_commun,1,2,1,1,2
202400003625,2024-07-09 19:30:00,2024,7,9,19,30,06,06015,1735 Route des Escaillouns,43.827019,7.342097,Plein jour,Hors agglomération,Hors intersection,Normale,Deux véhicules - frontale,3,2,2,0,2,2,1,0,1,80,2,2,1,0,0,1,44.0,42.0,voiture,deux_roues,1,1,1,1,1
202400003626,2024-03-20 18:32:00,2024,3,20,18,32,987,98735,POMARE (BVD BLOC MARINE),-17.53301,-149.569,Crépuscule ou aube,En agglomération,Giratoire,Normale,Deux véhicules - arrière,3,-1,2,0,1,3,1,0,1,30,2,2,1,0,0,1,67.0,35.0,deux_roues,deux_roues,2,2,6,1,2
202400003626,2024-03-20 18:32:00,2024,3,20,18,32,987,98735,POMARE (BVD BLOC MARINE),-17.53301,-149.569,Crépuscule ou aube,En agglomération,Giratoire,Normale,Deux véhicules - arrière,3,-1,2,0,1,1,1,0,1,30,2,2,1,0,0,1,67.0,35.0,deux_roues,deux_roues,2,2,6,1,2
202400003627,2024-07-10 14:30:00,2024,7,10,14,30,04,04039,D952,43.838272,6.493886,Plein jour,Hors agglomération,Hors intersection,Normale,Deux véhicules - frontale,3,2,2,0,1,2,1,0,1,80,2,2,1,0,1,0,32.0,52.0,deux_roues,deux_roues,1,1,1,1,1
202400003628,2024-03-21 16:40:00,2024,3,21,16,40,974,97416,DE VILLIERS 5CHEMIN ADAM),-21.30333,55.42446,Plein jour,Hors agglomération,Hors intersection,Normale,Autre collision,4,3,0,3,1,1,1,9,1,50,1,1,0,0,0,1,20.0,,deux_roues,,1,1,1,1,6
202400003629,2024-07-08 13:25:00,2024,7,8,13,25,71,71024,"Lieu-dit ""l'Étang du Verne""",46.331783,4.022749,Plein jour,Hors agglomération,Hors intersection,Normale,Autre collision,4,2,2,0,1,1,1,0,3,70,1,1,0,0,1,0,36.0,,voiture,,1,1,1,1,6
202400003630,2024-03-21 07:55:00,2024,3,21,7,55,974,97416,RN3 (2),-21.31602,55.49148,Plein jour,Hors agglomération,Hors intersection,Normale,Trois véhicules et plus - en chaîne,2,-1,2,0,2,1,1,0,1,110,3,4,3,0,0,1,46.0,27.0,voiture,voiture,1,1,1,1,4
202400003631,2024-07-03 18:00:00,2024,7,3,18,0,69,69190,Rue Marcel Mérieux,45.76071,4.70588,Plein jour,En agglomération,Giratoire,Normale,Deux véhicules - côté,4,2,2,0,1,2,1,0,1,-1,2,2,1,0,1,0,60.0,25.0,voiture,voiture,1,2,6,1,3
202400003631,2024-07-03 18:00:00,2024,7,3,18,0,69,69190,Rue Marcel Mérieux,45.76071,4.70588,Plein jour,En agglomération,Giratoire,Normale,Deux véhicules - côté,4,2,2,0,1,1,1,0,1,50,2,2,1,0,1,0,60.0,25.0,voiture,voiture,1,2,6,1,3
202400003632,2024-03-21 11:40:00,2024,3,21,11,40,973,97309,TIGRE (ROUTE DU),4.90563863,-52.30478704,Plein jour,En agglomération,Hors intersection,Normale,Deux véhicules - côté,3,2,2,0,1,1,1,0,1,50,2,2,1,0,0,1,32.0,32.0,deux_roues,voiture,1,2,1,1,3
202400003633,2024-03-20 17:50:00,2024,3,20,17,50,973,97302,TIGRE (ROUTE DU),4.91016385,-52.30817199,Plein jour,En agglomération,Hors intersection,Normale,Deux véhicules - côté,3,2,2,0,1,1,1,0,1,50,2,3,0,0,0,3,57.0,27.0,voiture,voiture,1,2,1,1,3
202400003634,2024-03-20 15:00:00,2024,3,20,15,0,973,97302,MADELEINE (ROUTE DE LA),4.91821,-52.32155,Plein jour,En agglomération,Hors intersection,Normale,Deux véhicules - arrière,3,2,2,0,1,1,1,0,1,50,2,2,1,0,0,1,38.0,39.0,deux_roues,voiture,1,2,1,1,2
202400003635,2024-07-05 13:25:00,2024,7,5,13,25,69,69207,12 Avenue Jacques Brel,45.88558773,4.80955297,Plein jour,Hors agglomération,Hors intersection,Normale,Deux véhicules - côté,7,2,2,2,1,1,1,0,1,70,2,3,1,0,1,1,60.0,77.0,voiture,voiture,1,1,1,1,3
202400003636,2024-07-10 13:10:00,2024,7,10,13,10,65,65463,D918,42.878964,0.02444,Plein jour,Hors agglomération,Hors intersection,Normale,Deux véhicules - arrière,3,2,2,0,2,1,1,0,1,80,2,2,1,0,1,0,51.0,55.0,deux_roues,utilitaire_camion,1,1,1,1,2
202400003637,2024-03-18 12:15:00,2024,3,18,12,15,973,97302,ZEPHIR (ROCADE),4.93795854,-52.30645001,Plein jour,En agglomération,Intersection en T,Normale,Deux véhicules - côté,3,2,2,0,1,1,1,0,1,50,2,2,1,0,0,1,46.0,20.0,deux_roues,voiture,1,2,3,1,3
202400003637,2024-03-18 12:15:00,2024,3,18,12,15,973,97302,ZEPHIR (ROCADE),4.93795854,-52.30645001,Plein jour,En agglomération,Intersection en T,Normale,Deux véhicules - côté,3,2,2,0,1,1,1,0,1,50,2,2,1,0,0,1,46.0,20.0,deux_roues,voiture,1,2,3,1,3
202400003638,2024-07-10 00:06:00,2024,7,10,0,6,79,79048,,46.347505,-0.310283,Nuit sans éclairage public,Hors agglomération,Giratoire,Pluie légère,Sans collision,3,2,2,0,1,3,2,0,8,50,1,1,0,0,1,0,29.0,,deux_roues,,3,1,6,2,7
202400003639,2024-03-21 09:15:00,2024,3,21,9,15,69,69387,Avenue Debourg,45.73150189,4.82988314,Plein jour,En agglomération,Intersection en T,Normale,Deux véhicules - arrière,4,2,2,0,1,1,1,0,1,30,2,3,2,0,0,1,22.0,49.0,voiture,voiture,1,2,3,1,2
202400003639,2024-03-21 09:15:00,2024,3,21,9,15,69,69387,Avenue Debourg,45.73150189,4.82988314,Plein jour,En agglomération,Intersection en T,Normale,Deux véhicules - arrière,4,2,2,2,1,1,1,0,1,30,2,3,2,0,0,1,22.0,49.0,voiture,voiture,1,2,3,1,2
202400003640,2024-03-21 17:31:00,2024,3,21,17,31,69,69381,Quai Saint Vincent,45.76684,4.83002,Plein jour,En agglomération,Hors intersection,Normale,Deux véhicules - arrière,4,1,4,1,1,1,1,0,1,50,2,2,1,0,0,1,57.0,53.0,deux_roues,voiture,1,2,1,1,2
202400003641,2024-07-09 15:00:00,2024,7,9,15,0,17,17336,D137,45.776724,-0.698647,Plein jour,Hors agglomération,Intersection en T,Normale,Deux véhicules - frontale,3,2,2,0,1,1,1,0,1,70,2,2,1,0,1,0,25.0,53.0,voiture,deux_roues,1,1,3,1,1
202400003641,2024-07-09 15:00:00,2024,7,9,15,0,17,17336,D137,45.776724,-0.698647,Plein jour,Hors agglomération,Intersection en T,Normale,Deux véhicules - frontale,3,2,2,-1,1,1,1,0,1,50,2,2,1,0,1,0,25.0,53.0,voiture,deux_roues,1,1,3,1,1
202400003642,2024-03-20 21:20:00,2024,3,20,21,20,971,97101,Rue Hubert FAROUIL,16.27386,-61.49951,Nuit sans éclairage public,Hors agglomération,Hors intersection,Normale,Deux véhicules - frontale,4,2,2,0,1,1,1,0,1,50,2,2,0,0,1,1,21.0,32.0,deux_roues,deux_roues,3,1,1,1,1
202400003643,2024-07-07 01:35:00,2024,7,7,1,35,33,33168,,44.837803,0.031393,Nuit sans éclairage public,Hors agglomération,Hors intersection,Normale,Autre collision,3,2,2,0,1,2,1,0,8,80,1,3,0,1,0,2,30.0,,voiture,,3,1,1,1,6
202400003644,2024-03-20 13:30:00,2024,3,20,13,30,971,97120,FAIDHERBE (BOULEVARD),16.24114,-61.53586,Plein jour,En agglomération,Hors intersection,Normale,Autre collision,3,3,4,0,1,1,1,0,1,50,1,2,1,0,0,1,21.0,,voiture,,1,2,1,1,6
202400003645,2024-07-10 10:15:00,2024,7,10,10,15,85,85178,Rue du puy chabot,46.771515,-1.515309,Plein jour,En agglomération,Autre intersection,Normale,Deux véhicules - arrière,4,2,2,0,2,3,1,0,1,30,2,2,1,0,1,0,32.0,14.0,voiture,deux_roues,1,2,9,1,2
202400003646,2024-03-21 23:30:00,2024,3,21,23,30,95,95219,MARECHAL FOCH (RUE DU),48.99257571,2.26060599,Nuit avec éclairage allumé,En agglomération,Intersection en T,Normale,Deux véhicules - arrière,4,1,1,0,1,1,1,0,1,50,2,2,1,0,0,1,32.0,42.0,voiture,deux_roues,5,2,3,1,2
202400003646,2024-03-21 23:30:00,2024,3,21,23,30,95,95219,MARECHAL FOCH (RUE DU),48.99257571,2.26060599,Nuit avec éclairage allumé,En agglomération,Intersection en T,Normale,Deux véhicules - arrière,4,1,1,0,1,1,1,0,1,50,2,2,1,0,0,1,32.0,42.0,voiture,deux_roues,5,2,3,1,2
202400003647,2024-07-10 13:30:00,2024,7,10,13,30,85,85240,17 Rue des vendéens,46.930587,-0.900638,Plein jour,En agglomération,Hors intersection,Normale,Deux véhicules - côté,3,2,2,0,2,1,1,0,1,-1,2,2,1,0,1,0,12.0,38.0,deux_roues,voiture,1,2,1,1,3
202400003648,2024-03-21 07:16:00,2024,3,21,7,16,95,95127,N14,49.0556698,2.0486176,Crépuscule ou aube,Hors agglomération,Hors intersection,Normale,Deux véhicules - côté,2,1,2,0,1,1,1,0,2,110,2,2,1,0,0,1,52.0,41.0,deux_roues,voiture,2,1,1,1,3
202400003649,2024-03-21 08:00:00,2024,3,21,8,0,91,91589,AV JEAN JAURES,48.68217,2.35591,Plein jour,En agglomération,Intersection en T,Normale,Autre collision,4,2,2,0,2,1,1,0,1,50,1,2,1,0,0,1,32.0,,voiture,,1,2,3,1,6
202400003649,2024-03-21 08:00:00,2024,3,21,8,0,91,91589,AV JEAN JAURES,48.68217,2.35591,Plein jour,En agglomération,Intersection en T,Normale,Autre collision,4,2,2,0,2,1,1,0,1,50,1,2,1,0,0,1,32.0,,voiture,,1,2,3,1,6
202400003650,2024-07-08 18:30:00,2024,7,8,18,30,44,44037,Les Landes Bernard,47.126819,-1.450453,Plein jour,Hors agglomération,Intersection en X,Normale,Deux véhicules - côté,3,2,2,0,1,1,1,0,1,80,2,2,0,0,1,1,18.0,55.0,voiture,voiture,1,1,2,1,3
202400003650,2024-07-08 18:30:00,2024,7,8,18,30,44,44037,Les Landes Bernard,47.126819,-1.450453,Plein jour,Hors agglomération,Intersection en X,Normale,Deux véhicules - côté,3,2,2,0,1,2,1,0,1,80,2,2,0,0,1,1,18.0,55.0,voiture,voiture,1,1,2,1,3
202400003651,2024-03-20 09:15:00,2024,3,20,9,15,91,91432,AV FERDINAND DE LESSEPS,48.7014,2.33916,Plein jour,En agglomération,Giratoire,Temps éblouissant,Deux véhicules - côté,3,2,2,0,1,1,1,0,1,50,2,2,1,0,0,1,67.0,51.0,deux_roues,voiture,1,2,6,7,3
202400003651,2024-03-20 09:15:00,2024,3,20,9,15,91,91432,AV FERDINAND DE LESSEPS,48.7014,2.33916,Plein jour,En agglomération,Giratoire,Temps éblouissant,Deux véhicules - côté,3,-1,2,0,1,3,1,5,1,50,2,2,1,0,0,1,67.0,51.0,deux_roues,voiture,1,2,6,7,3
202400003652,2024-07-09 13:10:00,2024,7,9,13,10,22,22262,Grand' Rue,48.403284,-2.910878,Plein jour,En agglomération,Hors intersection,Pluie légère,Autre collision,4,1,1,0,1,1,2,9,1,50,1,2,1,0,1,0,31.0,,voiture,,1,2,1,2,6
202400003653,2024-03-19 16:20:00,2024,3,19,16,20,88,88209,ABBE HAUSTETE (RUE),48.19735,6.43712,Plein jour,En agglomération,Hors intersection,Autre,Deux véhicules - côté,4,2,2,0,2,1,1,0,1,50,2,2,1,0,1,0,33.0,51.0,voiture,deux_roues,1,2,1,9,3
202400003654,2024-07-07 10:00:00,2024,7,7,10,0,76,76473,Rue du Petit Pont,49.496668,0.759628,Plein jour,En agglomération,Hors intersection,Normale,Autre collision,3,4,2,0,1,1,1,9,1,50,1,1,0,0,1,0,16.0,,deux_roues,,1,2,1,1,6
202400003655,2024-03-21 14:00:00,2024,3,21,14,0,86,86214,Avenue du Onze Novembre,46.563,0.345844,Plein jour,En agglomération,Hors intersection,Temps éblouissant,Deux véhicules - côté,3,-1,4,0,1,1,1,0,1,50,2,2,0,0,0,2,33.0,58.0,voiture,utilitaire_camion,1,2,1,7,3
202400003656,2024-07-08 07:00:00,2024,7,8,7,0,13,13106,A7-Sens Marseille vers Lyon,43.38849,5.35109,Plein jour,Hors agglomération,Hors intersection,Normale,Deux véhicules - arrière,1,1,3,0,1,1,1,8,1,90,2,2,1,0,0,1,50.0,45.0,voiture,voiture,1,1,1,1,2
202400003657,2024-03-20 11:25:00,2024,3,20,11,25,86,86027,Rue Nungesser,46.578765,0.314848,Plein jour,En agglomération,Intersection en X,Normale,Deux véhicules - frontale,3,3,4,0,1,1,1,9,1,50,2,3,0,0,0,3,50.0,48.0,voiture,voiture,1,2,2,1,1
202400003657,2024-03-20 11:25:00,2024,3,20,11,25,86,86027,Rue Nungesser,46.578765,0.314848,Plein jour,En agglomération,Intersection en X,Normale,Deux véhicules - frontale,3,2,2,0,1,1,1,0,1,50,2,3,0,0,0,3,50.0,48.0,voiture,voiture,1,2,2,1,1
202400003658,2024-07-08 09:35:00,2024,7,8,9,35,13,13026,A55-Sens Marseille vers Martigues,43.3786,5.1674,Plein jour,Hors agglomération,Hors intersection,Normale,Deux véhicules - arrière,1,1,2,0,1,1,1,0,1,110,3,6,0,0,0,6,38.0,27.0,voiture,voiture,1,1,1,1,2
202400003659,2024-03-12 10:00:00,2024,3,12,10,0,84,84007,FOLIE (Avenue de la),43.948,4.82222,Plein jour,En agglomération,Intersection en X,Normale,Deux véhicules - côté,4,2,2,0,1,1,1,5,1,50,2,5,2,0,0,3,27.0,35.0,utilitaire_camion,voiture,1,2,2,1,3
202400003659,2024-03-12 10:00:00,2024,3,12,10,0,84,84007,FOLIE (Avenue de la),43.948,4.82222,Plein jour,En agglomération,Intersection en X,Normale,Deux véhicules - côté,4,2,2,0,1,1,1,5,1,50,2,5,2,0,0,3,27.0,35.0,utilitaire_camion,voiture,1,2,2,1,3
202400003660,2024-07-08 22:15:00,2024,7,8,22,15,69,69297,Autoroute 7,45.62084413,4.81315864,Nuit sans éclairage public,Hors agglomération,Hors intersection,Normale,Deux véhicules - arrière,1,3,6,0,1,1,1,0,1,90,2,2,1,0,0,1,21.0,20.0,voiture,voiture,3,1,1,1,2
202400003661,2024-03-21 13:55:00,2024,3,21,13,55,78,78133,MANTES (ROUTE DE),48.91,2.03943,Plein jour,En agglomération,Hors intersection,Normale,Deux véhicules - côté,3,2,0,0,1,1,1,0,1,50,2,2,1,0,0,1,28.0,23.0,utilitaire_camion,deux_roues,1,2,1,1,3
202400003662,2024-03-21 10:35:00,2024,3,21,10,35,78,78172,AMBASSADEUR (RUE DE L'),49.007113,2.115597,Plein jour,En agglomération,Hors intersection,Normale,Autre collision,3,2,2,0,1,1,1,0,1,50,1,2,1,0,1,0,57.0,,voiture,,1,2,1,1,6
202400003663,2024-07-06 23:50:00,2024,7,6,23,50,54,54557,Autoroute A 31,48.69236739,6.06554747,Nuit sans éclairage public,Hors agglomération,Hors intersection,Normale,Deux véhicules - arrière,1,3,2,0,1,1,1,0,1,110,2,5,3,0,0,2,39.0,45.0,utilitaire_camion,voiture,3,1,1,1,2
202400003664,2024-03-21 07:50:00,2024,3,21,7,50,77,77243,SAINT DENIS  (RUE   ),48.879,2.70895,Plein jour,En agglomération,Autre intersection,Normale,Deux véhicules - côté,4,2,2,0,1,1,1,0,1,50,2,2,1,0,0,1,19.0,53.0,deux_roues,voiture,1,2,9,1,3
202400003665,2024-07-08 15:40:00,2024,7,8,15,40,78,78238,A13,48.970526,1.884999,Plein jour,Hors agglomération,Hors intersection,Normale,Autre collision,1,1,3,0,1,1,1,0,1,130,1,3,0,0,1,2,45.0,,voiture,,1,1,1,1,6
202400003666,2024-03-20 17:25:00,2024,3,20,17,25,77,77181,ORANGERIE (ALLEE DE L'),48.82315,2.70712,Plein jour,En agglomération,Intersection en T,Normale,Deux véhicules - côté,4,2,0,0,1,1,1,0,1,30,2,2,1,0,0,1,85.0,58.0,utilitaire_camion,deux_roues,1,2,3,1,3
202400003666,2024-03-20 17:25:00,2024,3,20,17,25,77,77181,ORANGERIE (ALLEE DE L'),48.82315,2.70712,Plein jour,En agglomération,Intersection en T,Normale,Deux véhicules - côté,4,2,0,0,1,1,1,0,1,30,2,2,1,0,0,1,85.0,58.0,utilitaire_camion,deux_roues,1,2,3,1,3
202400003667,2024-07-09 14:15:00,2024,7,9,14,15,95,95277,A3,48.97380183,2.48838243,Plein jour,Hors agglomération,Hors intersection,Normale,Deux véhicules - côté,1,3,8,0,1,1,1,0,1,90,2,2,1,0,0,1,22.0,52.0,voiture,deux_roues,1,1,1,1,3
202400003668,2024-03-21 22:35:00,2024,3,21,22,35,76,76382,RD 109,49.58905,0.53603,Nuit sans éclairage public,Hors agglomération,Hors intersection,Brouillard / fumée,Trois véhicules et plus - collisions multiples,3,2,2,0,1,3,1,0,1,80,3,5,4,0,1,0,50.0,39.0,deux_roues,voiture,3,1,1,5,5
202400003669,2024-07-09 07:00:00,2024,7,9,7,0,95,95582,A15,48.97562164,2.24024027,Plein jour,Hors agglomération,Hors intersection,Normale,Deux véhicules - côté,1,3,3,0,1,1,1,0,1,110,2,2,1,0,0,1,51.0,39.0,voiture,voiture,1,1,1,1,3
202400003670,2024-03-21 18:00:00,2024,3,21,18,0,74,74010,GENEVE (AVENUE DE)(SECTEUR 410),45.91007,6.12377,Plein jour,En agglomération,Hors intersection,Normale,Autre collision,4,2,2,0,1,1,1,0,1,30,1,2,1,0,1,0,21.0,,voiture,,1,2,1,1,6
202400003671,2024-07-08 17:30:00,2024,7,8,17,30,93,93053,A86,48.88711502,2.47350081,Plein jour,Hors agglomération,Hors intersection,Normale,Deux véhicules - côté,1,1,4,0,2,2,1,0,1,50,2,2,1,0,0,1,52.0,53.0,voiture,deux_roues,1,1,1,1,3
202400003672,2024-03-20 20:40:00,2024,3,20,20,40,72,72181,ROOSEVELT FRANKLIN PL HAUT RUE NATIONALE,48.0013,0.19766,Nuit avec éclairage allumé,En agglomération,Place,Normale,Autre collision,4,-1,1,0,1,1,1,0,4,30,1,1,0,0,0,1,26.0,,deux_roues,,5,2,7,1,6
202400003673,2024-07-09 16:45:00,2024,7,9,16,45,94,94018,A4,48.81991032,2.40340948,Plein jour,Hors agglomération,Hors intersection,Normale,Deux véhicules - côté,1,3,5,0,1,1,1,0,1,90,2,2,1,0,0,1,19.0,55.0,voiture,deux_roues,1,1,1,1,3
202400003674,2024-03-20 15:30:00,2024,3,20,15,30,69,69276,Avenue Albert Ramboz,45.6780884,4.84665589,Plein jour,Hors agglomération,Hors intersection,Normale,Deux véhicules - côté,4,2,2,0,1,1,1,0,1,50,2,2,1,0,0,1,32.0,63.0,voiture,utilitaire_camion,1,1,1,1,3
202400003675,2024-07-09 10:10:00,2024,7,9,10,10,94,94074,N406,48.76541,2.45926,Plein jour,Hors agglomération,Hors intersection,Normale,Trois véhicules et plus - en chaîne,2,3,2,0,1,1,1,0,1,90,4,4,0,0,0,4,61.0,32.0,voiture,voiture,1,1,1,1,4
202400003676,2024-03-21 17:20:00,2024,3,21,17,20,68,68066,BLEICH (RUE DE LA),48.07871,7.37084,Plein jour,En agglomération,Intersection en T,Normale,Deux véhicules - frontale,4,2,2,0,1,1,1,0,1,50,2,2,1,0,0,1,26.0,26.0,deux_roues,voiture,1,2,3,1,1
202400003676,2024-03-21 17:20:00,2024,3,21,17,20,68,68066,BLEICH (RUE DE LA),48.07871,7.37084,Plein jour,En agglomération,Intersection en T,Normale,Deux véhicules - frontale,4,2, -1,-1,1,1,1,0,1,-1,2,2,1,0,0,1,26.0,26.0,deux_roues,voiture,1,2,3,1,1
202400003677,2024-02-22 19:30:00,2024,2,22,19,30,73,73008,D1201 - HOPITAUX CARREFOUR DES,45.69696,5.9075,Nuit avec éclairage allumé,En agglomération,Giratoire,Pluie légère,Deux véhicules - côté,3,2,2,0,1,2,2,0,1,50,2,2,1,0,0,1,56.0,19.0,deux_roues,voiture,5,2,6,2,3
202400003678,2024-02-18 19:05:00,2024,2,18,19,5,64,64445,MOHEDAN DU,43.31135581,-0.36963781,Nuit avec éclairage allumé,En agglomération,Hors intersection,Normale,Deux véhicules - côté,4,2,2,0,1,1,1,0,1,30,2,2,1,0,0,1,25.0,60.0,deux_roues,voiture,5,2,1,1,3