accident_id,datetime,annee,mois,jour,heure,minute,departement,commune_insee,adresse,latitude,longitude,luminosite,agglomeration,intersection,meteo,collision,catr,circ,nbv,vosp,prof,plan,surf,infra,situ,vma,nb_vehicules,nb_usagers,nb_indemnes,nb_tues,nb_blesses_hosp,nb_blesses_legers,age_cond_1,age_cond_2,veh_type_cond_1,veh_type_cond_2,lum_code,agg_code,int_code,atm_code,col_code
202400003752,2024-03-21 17:00:00,2024,3,21,17,0,13,13028,Puits de brunet (Chemin),43.18648,5.60002,Plein jour,En agglomération,Hors intersection,Normale,Deux véhicules - frontale,4,1,2,0,1,1,1,0,1,50,1,2,1,0,1,0,22.0,,voiture,,1,2,1,1,1
202400003753,2024-05-14 15:00:00,2024,5,14,15,0,46,46042,Départementale 820,44.44703,1.41968,Plein jour,Hors agglomération,Hors intersection,Normale,Sans collision,3,-1,3,0,2,2,1,0,3,80,1,1,0,0,0,1,45.0,,voiture,,1,1,1,1,7
202400003754,2024-03-21 20:30:00,2024,3,21,20,30,13,13001,RD 10,43.53376,5.46293,Nuit avec éclairage allumé,En agglomération,Intersection en T,Normale,Deux véhicules - côté,4,2,2,0,2,1,1,0,8,50,2,2,1,0,0,1,31.0,69.0,voiture,deux_roues,5,2,3,1,3
202400003754,2024-03-21 20:30:00,2024,3,21,20,30,13,13001,RD 10,43.53376,5.46293,Nuit avec éclairage allumé,En agglomération,Intersection en T,Normale,Deux véhicules - côté,4,2,2,0,1,1,1,0,1,50,2,2,1,0,0,1,31.0,69.0,voiture,deux_roues,5,2,3,1,3
202400003755,2024-07-07 20:25:00,2024,7,7,20,25,45,45004,127 Rue du Marchais Rouge,47.98658,2.8023,Plein jour,En agglomération,Intersection en X,Normale,Deux véhicules - côté,4,2,2,0,1,1,1,0,1,50,2,4,2,0,1,1,27.0,15.0,deux_roues,voiture,1,2,2,1,3
202400003755,2024-07-07 20:25:00,2024,7,7,20,25,45,45004,127 Rue du Marchais Rouge,47.98658,2.8023,Plein jour,En agglomération,Intersection en X,Normale,Deux véhicules - côté,4,2,2,0,1,1,1,0,1,50,2,4,2,0,1,1,27.0,15.0,deux_roues,voiture,1,2,2,1,3
202400003756,2024-03-21 07:50:00,2024,3,21,7,50,11,11069,22bis Boulevard de Varsovie,43.21577,2.3484,Plein jour,En agglomération,Autre intersection,Normale,Deux véhicules - côté,4,1,2,0,1,1,1,9,1,30,2,2,1,0,0,1,15.0,47.0,deux_roues,voiture,1,2,9,1,3
202400003757,2024-07-06 18:35:00,2024,7,6,18,35,45,45208,37 Rue Victor Méric,48.00135,2.7243,Plein jour,En agglomération,Intersection en X,Normale,Deux véhicules - côté,4,-1,2,0,1,1,1,0,1,50,2,2,1,0,0,1,18.0,42.0,deux_roues,voiture,1,2,2,1,3
202400003757,2024-07-06 18:35:00,2024,7,6,18,35,45,45208,37 Rue Victor Méric,48.00135,2.7243,Plein jour,En agglomération,Intersection en X,Normale,Deux véhicules - côté,4,3,2,0,2,1,1,0,1,50,2,2,1,0,0,1,18.0,42.0,deux_roues,voiture,1,2,2,1,3
202400003757,2024-07-06 18:35:00,2024,7,6,18,35,45,45208,37 Rue Victor Méric,48.00135,2.7243,Plein jour,En agglomération,Intersection en X,Normale,Deux véhicules - côté,4,2,2,0,1,1,1,0,1,50,2,2,1,0,0,1,18.0,42.0,deux_roues,voiture,1,2,2,1,3
202400003758,2024-07-07 23:58:00,2024,7,7,23,58,42,42186,Rue Edouard Vaillant,45.521698,4.598732,Nuit avec éclairage allumé,En agglomération,Hors intersection,Normale,Deux véhicules - frontale,7,2,2,0,1,1,1,0,1,70,2,3,1,1,0,1,35.0,47.0,voiture,deux_roues,5,2,1,1,1
202400003759,2024-03-22 01:04:00,2024,3,22,1,4,06,06088,Promenade des Anglais,43.69427,7.25771,Nuit avec éclairage allumé,En agglomération,Hors intersection,Normale,Sans collision,7,3,6,3,1,1,1,0,1,50,1,2,0,1,1,0,21.0,,deux_roues,,5,2,1,1,7
202400003760,2024-07-07 17:55:00,2024,7,7,17,55,41,41018,TUILERIES (LEVEE DES),47.594234,1.352366,Plein jour,En agglomération,Hors intersection,Normale,Sans collision,4,2,2,0,1,1,1,0,1,30,1,1,0,0,0,1,57.0,,deux_roues,,1,2,1,1,7
202400003761,2024-07-08 13:52:00,2024,7,8,13,52,37,37261,LOUIS XI (BOULEVARD),47.37361,0.67829,Plein jour,En agglomération,Giratoire,Normale,Deux véhicules - arrière,4,3,4,0,1,1,1,0,8,50,2,2,1,0,0,1,,29.0,voiture,voiture,1,2,6,1,2
202400003761,2024-07-08 13:52:00,2024,7,8,13,52,37,37261,LOUIS XI (BOULEVARD),47.37361,0.67829,Plein jour,En agglomération,Giratoire,Normale,Deux véhicules - arrière,4,3,4,0,1,1,1,0,1,50,2,2,1,0,0,1,,29.0,voiture,voiture,1,2,6,1,2
202400003762,2024-03-21 19:00:00,2024,3,21,19,0,01,01053,HERRIOT ( BOULEVARD EDOUARD COTE PAIR),46.21024,5.22151,Crépuscule ou aube,En agglomération,Intersection en X,Normale,Deux véhicules - côté,3,3,5,0,1,2,1,5,1,50,2,3,2,0,0,1,49.0,40.0,voiture,voiture,2,2,2,1,3
202400003762,2024-03-21 19:00:00,2024,3,21,19,0,01,01053,HERRIOT ( BOULEVARD EDOUARD COTE PAIR),46.21024,5.22151,Crépuscule ou aube,En agglomération,Intersection en X,Normale,Deux véhicules - côté,3,2,3,0,2,1,1,5,1,50,2,3,2,0,0,1,49.0,40.0,voiture,voiture,2,2,2,1,3
202400003763,2024-07-08 13:08:00,2024,7,8,13,8,37,37195,PROUDHON (AVENUE),47.3935,0.66283,Plein jour,En agglomération,Intersection en T,Normale,Sans collision,7,2,2,1,2,1,1,0,1,30,1,2,1,0,0,1,26.0,,deux_roues,,1,2,3,1,7
202400003763,2024-07-08 13:08:00,2024,7,8,13,8,37,37195,PROUDHON (AVENUE),47.3935,0.66283,Plein jour,En agglomération,Intersection en T,Normale,Sans collision,7,3,4,0,1,1,1,0,1,50,1,2,1,0,0,1,26.0,,deux_roues,,1,2,3,1,7
202400003764,2024-03-21 18:20:00,2024,3,21,18,20,75,75115,BD PERIPHERIQUE EXTERIEUR,48.834941,2.26804,Plein jour,En agglomération,Hors intersection,Normale,Deux véhicules - côté,4,-1,4,0,1,1,1,0,1,70,2,2,0,0,0,2,21.0,47.0,voiture,deux_roues,1,2,1,1,3
202400003765,2024-03-21 16:40:00,2024,3,21,16,40,75,75117,ECHANGEUR MAILLOT,48.88264301,2.28318608,Plein jour,En agglomération,Hors intersection,Normale,Deux véhicules - arrière,4,1,3,0,1,1,1,0,1,50,2,2,1,0,0,1,47.0,46.0,voiture,voiture,1,2,1,1,2
202400003766,2024-07-08 10:05:00,2024,7,8,10,5,35,35238,BRETAGNE (PLACE DE),48.10977616,-1.68421,Plein jour,En agglomération,Intersection en X,Pluie légère,Deux véhicules - côté,4,1,2,0,1,1,2,5,1,30,2,2,1,0,0,1,45.0,22.0,utilitaire_camion,utilitaire_camion,1,2,2,2,3
202400003766,2024-07-08 10:05:00,2024,7,8,10,5,35,35238,BRETAGNE (PLACE DE),48.10977616,-1.68421,Plein jour,En agglomération,Intersection en X,Pluie légère,Deux véhicules - côté,4,2,2,3,1,1,2,5,1,30,2,2,1,0,0,1,45.0,22.0,utilitaire_camion,utilitaire_camion,1,2,2,2,3
202400003767,2024-03-21 08:55:00,2024,3,21,8,55,75,75117,BD PERIPHERIQUE INTERIEUR,48.880137,2.281895,Plein jour,En agglomération,Hors intersection,Normale,Autre collision,4,-1,4,0,1,1,1,0,1,70,1,1,0,0,0,1,33.0,,deux_roues,,1,2,1,1,6
202400003768,2024-03-21 08:10:00,2024,3,21,8,10,75,75117,BD PERIPHERIQUE INTERIEUR,48.879273,2.281529,Plein jour,En agglomération,Hors intersection,Normale,Deux véhicules - arrière,4,1,4,0,1,1,1,0,1,70,2,2,1,0,0,1,28.0,42.0,deux_roues,voiture,1,2,1,1,2
202400003769,2024-07-09 00:01:00,2024,7,9,0,1,31,31555,AV DU GENERAL EISENHOWER,43.56218,1.390441,Nuit avec éclairage allumé,En agglomération,Intersection en T,Normale,Deux véhicules - côté,7,2,4,0,1,1,1,0,1,50,2,4,3,0,0,1,20.0,41.0,voiture,voiture,5,2,3,1,3
202400003769,2024-07-09 00:01:00,2024,7,9,0,1,31,31555,AV DU GENERAL EISENHOWER,43.56218,1.390441,Nuit avec éclairage allumé,En agglomération,Intersection en T,Normale,Deux véhicules - côté,7,1,0,3,1,1,1,0,1,50,2,4,3,0,0,1,20.0,41.0,voiture,voiture,5,2,3,1,3
202400003770,2024-07-03 11:01:00,2024,7,3,11,1,28,28220,ROUTE NATIONALE 123,48.41618,1.46373,Plein jour,Hors agglomération,Autre intersection,Normale,Deux véhicules - côté,2,-1,2,0,2,2,1,9,1,50,2,2,1,0,0,1,52.0,36.0,voiture,voiture,1,1,9,1,3
202400003771,2024-03-21 14:00:00,2024,3,21,14,0,75,75118,AVENUE DE LA PORTE D AUBERVILLIERS,48.90094,2.37013,Plein jour,En agglomération,Intersection en T,Normale,Deux véhicules - côté,4,2,4,0,1,1,1,0,1,30,2,2,1,0,0,1,56.0,20.0,utilitaire_camion,deux_roues,1,2,3,1,3
202400003771,2024-03-21 14:00:00,2024,3,21,14,0,75,75118,AVENUE DE LA PORTE D AUBERVILLIERS,48.90094,2.37013,Plein jour,En agglomération,Intersection en T,Normale,Deux véhicules - côté,4,1,1,0,1,1,1,0,1,30,2,2,1,0,0,1,56.0,20.0,utilitaire_camion,deux_roues,1,2,3,1,3
202400003772,2024-07-07 08:00:00,2024,7,7,8,0,26,26362,RN7,44.90231755,4.88389813,Plein jour,Hors agglomération,Hors intersection,Normale,Autre collision,2,1,1,0,1,1,1,2,1,50,1,1,0,0,1,0,32.0,,voiture,,1,1,1,1,6
202400003773,2024-03-21 01:15:00,2024,3,21,1,15,75,75116,PLACE DE VARSOVIE,48.859982,2.290385,Nuit avec éclairage allumé,En agglomération,Place,Normale,Autre collision,4,2,1,0,1,2,1,8,1,50,1,1,0,0,0,1,54.0,,deux_roues,,5,2,7,1,6
202400003774,2024-03-21 08:15:00,2024,3,21,8,15,75,75114,RUE D ALESIA,48.82779,2.328965,Plein jour,En agglomération,Intersection en Y,Normale,Sans collision,4,1, -1,-1,1,1,1,0,1,30,1,1,0,0,0,1,62.0,,deux_roues,,1,2,4,1,7
202400003774,2024-03-21 08:15:00,2024,3,21,8,15,75,75114,RUE D ALESIA,48.82779,2.328965,Plein jour,En agglomération,Intersection en Y,Normale,Sans collision,4,2,2,2,1,1,1,9,5,30,1,1,0,0,0,1,62.0,,deux_roues,,1,2,4,1,7
202400003775,2024-07-08 22:00:00,2024,7,8,22,0,25,25056,VESOUL RUE DE (inf 52),47.25246,6.01674,Crépuscule ou aube,En agglomération,Intersection en Y,Normale,Deux véhicules - côté,4,2, -1,-1,4,3,1,0,1,-1,2,2,0,0,0,2,18.0,22.0,deux_roues,deux_roues,2,2,4,1,3
202400003775,2024-07-08 22:00:00,2024,7,8,22,0,25,25056,VESOUL RUE DE (inf 52),47.25246,6.01674,Crépuscule ou aube,En agglomération,Intersection en Y,Normale,Deux véhicules - côté,4,2,2,1,2,1,1,0,1,50,2,2,0,0,0,2,18.0,22.0,deux_roues,deux_roues,2,2,4,1,3
202400003776,2024-03-21 22:16:00,2024,3,21,22,16,75,75113,RUE DE PATAY,48.827673,2.371311,Nuit avec éclairage allumé,En agglomération,Intersection en Y,Normale,Autre collision,4,2, -1,-1,1,1,1,0,1,30,1,2,1,0,0,1,25.0,,deux_roues,,5,2,4,1,6
202400003776,2024-03-21 22:16:00,2024,3,21,22,16,75,75113,RUE DE PATAY,48.827673,2.371311,Nuit avec éclairage allumé,En agglomération,Intersection en Y,Normale,Autre collision,4,4,2,0,2,1,1,0,1,30,1,2,1,0,0,1,25.0,,deux_roues,,5,2,4,1,6
202400003777,2024-07-08 04:50:00,2024,7,8,4,50,25,25056,BERTHELOT RUE,47.23554,5.9828,Crépuscule ou aube,En agglomération,Intersection en X,Normale,Deux véhicules - côté,4,2,3,0,1,1,1,5,1,50,2,2,1,0,0,1,33.0,21.0,utilitaire_camion,voiture,2,2,2,1,3
202400003777,2024-07-08 04:50:00,2024,7,8,4,50,25,25056,BERTHELOT RUE,47.23554,5.9828,Crépuscule ou aube,En agglomération,Intersection en X,Normale,Deux véhicules - côté,4,2,2,2,2,1,1,5,1,50,2,2,1,0,0,1,33.0,21.0,utilitaire_camion,voiture,2,2,2,1,3
202400003777,2024-07-08 04:50:00,2024,7,8,4,50,25,25056,BERTHELOT RUE,47.23554,5.9828,Crépuscule ou aube,En agglomération,Intersection en X,Normale,Deux véhicules - côté,4,2,2,2,1,1,1,5,1,-1,2,2,1,0,0,1,33.0,21.0,utilitaire_camion,voiture,2,2,2,1,3
202400003778,2024-03-21 17:00:00,2024,3,21,17,0,75,75113,RUE DE TOLBIAC,48.825731,2.347981,Plein jour,En agglomération,Intersection en Y,Normale,Deux véhicules - côté,4,1, -1,-1,1,1,1,0,1,30,2,3,2,0,0,1,71.0,38.0,voiture,deux_roues,1,2,4,1,3
202400003778,2024-03-21 17:00:00,2024,3,21,17,0,75,75113,RUE DE TOLBIAC,48.825731,2.347981,Plein jour,En agglomération,Intersection en Y,Normale,Deux véhicules - côté,4,2,3,3,1,1,1,0,1,30,2,3,2,0,0,1,71.0,38.0,voiture,deux_roues,1,2,4,1,3
202400003779,2024-07-08 04:00:00,2024,7,8,4,0,14,14059,33 Avenue du Littoral,49.34857,0.05015,Nuit avec éclairage non allumé,En agglomération,Hors intersection,Normale,Autre collision,3,2,1,0,1,1,1,9,1,50,1,4,0,0,0,4,18.0,,voiture,,4,2,1,1,6
202400003780,2024-03-19 19:20:00,2024,3,19,19,20,75,75112,QUAI DE BERCY,48.828392,2.388366,Nuit avec éclairage allumé,En agglomération,Hors intersection,Normale,Trois véhicules et plus - en chaîne,4,2,3,0,1,1,1,0,1,50,3,3,2,0,0,1,42.0,,voiture,voiture,5,2,1,1,4
202400003781,2024-07-08 11:45:00,2024,7,8,11,45,13,13117,CD 9 ESTROUBLANS,43.42761,5.26172,Plein jour,Hors agglomération,Hors intersection,Normale,Deux véhicules - arrière,3,-1,2,0,1,1,1,0,1,90,2,2,1,0,0,1,27.0,64.0,voiture,voiture,1,1,1,1,2
202400003782,2024-03-21 17:25:00,2024,3,21,17,25,75,75110,RUE DU FAUBOURG SAINT MARTIN,48.874908,2.358929,Plein jour,En agglomération,Intersection en T,Normale,Sans collision,4,1, -1,-1,1,1,1,0,1,30,1,1,0,0,0,1,31.0,,deux_roues,,1,2,3,1,7
202400003782,2024-03-21 17:25:00,2024,3,21,17,25,75,75110,RUE DU FAUBOURG SAINT MARTIN,48.874908,2.358929,Plein jour,En agglomération,Intersection en T,Normale,Sans collision,4,1,2,0,2,1,1,8,1,30,1,1,0,0,0,1,31.0,,deux_roues,,1,2,3,1,7
202400003783,2024-07-08 12:24:00,2024,7,8,12,24,05,05023,BALPIN (CHEMIN),44.887131,6.639098,Plein jour,En agglomération,Hors intersection,Normale,Autre collision,4,2,2,0,2,1,1,0,1,50,1,2,1,0,0,1,55.0,,voiture,,1,2,1,1,6
202400003784,2024-03-21 08:40:00,2024,3,21,8,40,75,75109,BOULEVARD DES CAPUCINES,48.871,2.334132,Plein jour,En agglomération,Intersection en Y,Normale,Deux véhicules - côté,4,1,3,3,1,1,1,0,1,30,2,2,1,0,0,1,31.0,52.0,deux_roues,deux_roues,1,2,4,1,3
202400003784,2024-03-21 08:40:00,2024,3,21,8,40,75,75109,BOULEVARD DES CAPUCINES,48.871,2.334132,Plein jour,En agglomération,Intersection en Y,Normale,Deux véhicules - côté,4,1, -1,-1,1,1,1,0,1,30,2,2,1,0,0,1,31.0,52.0,deux_roues,deux_roues,1,2,4,1,3
202400003785,2024-03-21 12:20:00,2024,3,21,12,20,75,75107,AVENUE FREDERIC LE PLAY,48.853858,2.304782,Plein jour,En agglomération,Intersection en T,Normale,Deux véhicules - côté,4,-1,1,0,1,1,1,0,1,30,2,2,1,0,0,1,61.0,48.0,voiture,voiture,1,2,3,1,3
202400003785,2024-03-21 12:20:00,2024,3,21,12,20,75,75107,AVENUE FREDERIC LE PLAY,48.853858,2.304782,Plein jour,En agglomération,Intersection en T,Normale,Deux véhicules - côté,4,2, -1,-1,1,1,1,0,1,30,2,2,1,0,0,1,61.0,48.0,voiture,voiture,1,2,3,1,3
202400003786,2024-07-07 22:13:00,2024,7,7,22,13,75,75112,PORTE DOREE,48.828768,2.398716,Nuit avec éclairage allumé,En agglomération,Hors intersection,Normale,Deux véhicules - arrière,4,1,4,0,1,1,1,0,1,70,2,2,1,0,0,1,56.0,36.0,voiture,voiture,5,2,1,1,2
202400003787,2024-03-21 07:49:00,2024,3,21,7,49,75,75107,BOULEVARD RASPAIL,48.852217,2.326753,Plein jour,En agglomération,Intersection en Y,Normale,Autre collision,4,-1,1,0,1,1,1,0,1,30,1,2,1,0,0,1,21.0,,utilitaire_camion,,1,2,4,1,6
202400003787,2024-03-21 07:49:00,2024,3,21,7,49,75,75107,BOULEVARD RASPAIL,48.852217,2.326753,Plein jour,En agglomération,Intersection en Y,Normale,Autre collision,4,1, -1,-1,1,1,1,0,1,30,1,2,1,0,0,1,21.0,,utilitaire_camion,,1,2,4,1,6
202400003788,2024-07-07 21:00:00,2024,7,7,21,0,75,75115,QUAI BRANLY,48.85746818,2.29106516,Nuit avec éclairage allumé,En agglomération,Intersection en T,Normale,Autre collision,4,2,4,0,1,1,1,0,1,30,1,5,4,0,0,1,25.0,,voiture,,5,2,3,1,6
202400003788,2024-07-07 21:00:00,2024,7,7,21,0,75,75115,QUAI BRANLY,48.85746818,2.29106516,Nuit avec éclairage allumé,En agglomération,Intersection en T,Normale,Autre collision,4,2,6,2,1,1,1,0,1,30,1,5,4,0,0,1,25.0,,voiture,,5,2,3,1,6
202400003789,2024-03-20 18:35:00,2024,3,20,18,35,94,94081,Avenue Jean Jaurès / Rue Désiré Granet,48.793761,2.398867,Plein jour,En agglomération,Intersection en T,Normale,Autre collision,3,1,1,0,1,1,1,0,1,-1,1,2,1,0,0,1,76.0,,voiture,,1,2,3,1,6
202400003789,2024-03-20 18:35:00,2024,3,20,18,35,94,94081,Avenue Jean Jaurès / Rue Désiré Granet,48.793761,2.398867,Plein jour,En agglomération,Intersection en T,Normale,Autre collision,3,2,2,0,1,1,1,0,1,50,1,2,1,0,0,1,76.0,,voiture,,1,2,3,1,6
202400003790,2024-07-08 09:43:00,2024,7,8,9,43,75,75119,AVENUE DE FLANDRE,48.885776,2.370957,Plein jour,En agglomération,Intersection en X,Normale,Deux véhicules - côté,4,3,6,1,1,1,1,-1,5,30,2,2,1,0,0,1,33.0,,deux_roues,utilitaire_camion,1,2,2,1,3
202400003790,2024-07-08 09:43:00,2024,7,8,9,43,75,75119,AVENUE DE FLANDRE,48.885776,2.370957,Plein jour,En agglomération,Intersection en X,Normale,Deux véhicules - côté,4,1, -1,-1,1,1,1,-1,5,-1,2,2,1,0,0,1,33.0,,deux_roues,utilitaire_camion,1,2,2,1,3
202400003791,2024-03-21 08:05:00,2024,3,21,8,5,94,94046,Rue de Mulhouse / Rue Jean Jaurès,48.796183,2.433698,Plein jour,En agglomération,Intersection en T,Normale,Deux véhicules - côté,3,2,4,1,1,1,1,0,5,50,2,2,1,0,0,1,41.0,35.0,voiture,deux_roues,1,2,3,1,3
202400003791,2024-03-21 08:05:00,2024,3,21,8,5,94,94046,Rue de Mulhouse / Rue Jean Jaurès,48.796183,2.433698,Plein jour,En agglomération,Intersection en T,Normale,Deux véhicules - côté,3,1,1,0,1,1,1,0,5,50,2,2,1,0,0,1,41.0,35.0,voiture,deux_roues,1,2,3,1,3
202400003792,2024-07-08 06:40:00,2024,7,8,6,40,75,75116,PLACE CLEMENT ADER,48.851292,2.278499,Crépuscule ou aube,En agglomération,Place,Normale,Deux véhicules - côté,4,2, -1,-1,1,1,1,0,1,-1,2,2,1,0,1,0,27.0,77.0,utilitaire_camion,voiture,2,2,7,1,3
202400003792,2024-07-08 06:40:00,2024,7,8,6,40,75,75116,PLACE CLEMENT ADER,48.851292,2.278499,Crépuscule ou aube,En agglomération,Place,Normale,Deux véhicules - côté,4,-1,4,0,1,1,1,0,1,30,2,2,1,0,1,0,27.0,77.0,utilitaire_camion,voiture,2,2,7,1,3
202400003793,2024-03-20 17:15:00,2024,3,20,17,15,94,94011,Avenue Rhin et Danube / Avenue de Boissy,48.76844,2.48844,Plein jour,En agglomération,Giratoire,Normale,Deux véhicules - arrière,3,3,4,3,1,1,1,0,1,50,2,2,1,0,0,1,39.0,60.0,voiture,voiture,1,2,6,1,2
202400003793,2024-03-20 17:15:00,2024,3,20,17,15,94,94011,Avenue Rhin et Danube / Avenue de Boissy,48.76844,2.48844,Plein jour,En agglomération,Giratoire,Normale,Deux véhicules - arrière,3,1,1,1,1,1,1,5,1,50,2,2,1,0,0,1,39.0,60.0,voiture,voiture,1,2,6,1,2
202400003794,2024-07-07 13:30:00,2024,7,7,13,30,75,75115,BOULEVARD DE VAUGIRARD,48.846389,2.317443,Plein jour,En agglomération,Hors intersection,Normale,Deux véhicules - côté,4,1,2,0,1,1,1,0,1,50,2,2,1,0,0,1,,35.0,voiture,deux_roues,1,2,1,1,3
202400003795,2024-03-21 07:30:00,2024,3,21,7,30,94,94055,Route de Provins / Rue Lavoisier,48.7969,2.54843,Plein jour,En agglomération,Autre intersection,Normale,Deux véhicules - arrière,3,3,4,0,1,1,1,5,1,50,2,2,1,0,0,1,66.0,38.0,utilitaire_camion,voiture,1,2,9,1,2
202400003795,2024-03-21 07:30:00,2024,3,21,7,30,94,94055,Route de Provins / Rue Lavoisier,48.7969,2.54843,Plein jour,En agglomération,Autre intersection,Normale,Deux véhicules - arrière,3,3,4,0,1,1,1,5,1,50,2,2,1,0,0,1,66.0,38.0,utilitaire_camion,voiture,1,2,9,1,2
202400003796,2024-03-21 17:09:00,2024,3,21,17,9,93,93070,Rue du Docteur Bauer,48.90949417,2.33866525,Plein jour,En agglomération,Hors intersection,Normale,Deux véhicules - côté,3,2,2,0,1,1,1,0,1,30,2,2,1,0,0,1,27.0,36.0,voiture,deux_roues,1,2,1,1,3
202400003797,2024-07-08 01:17:00,2024,7,8,1,17,75,75114,BOULEVARD JOURDAN,48.82136316,2.33436137,Nuit avec éclairage allumé,En agglomération,Intersection en X,Normale,Deux véhicules - côté,4,1,2,0,1,1,1,0,1,30,2,2,1,0,0,1,43.0,42.0,deux_roues,voiture,5,2,2,1,3
202400003797,2024-07-08 01:17:00,2024,7,8,1,17,75,75114,BOULEVARD JOURDAN,48.82136316,2.33436137,Nuit avec éclairage allumé,En agglomération,Intersection en X,Normale,Deux véhicules - côté,4,2,2,0,1,1,1,0,1,30,2,2,1,0,0,1,43.0,42.0,deux_roues,voiture,5,2,2,1,3
202400003798,2024-07-08 12:23:00,2024,7,8,12,23,75,75113,RUE DU CHEVALERET,48.827348,2.377273,Plein jour,En agglomération,Intersection en T,Normale,Deux véhicules - frontale,4,1, -1,-1,1,1,1,0,1,-1,2,2,1,0,0,1,61.0,42.0,voiture,deux_roues,1,2,3,1,1
202400003798,2024-07-08 12:23:00,2024,7,8,12,23,75,75113,RUE DU CHEVALERET,48.827348,2.377273,Plein jour,En agglomération,Intersection en T,Normale,Deux véhicules - frontale,4,1,2,1,1,1,1,0,1,30,2,2,1,0,0,1,61.0,42.0,voiture,deux_roues,1,2,3,1,1
202400003799,2024-03-21 08:11:00,2024,3,21,8,11,93,93066,Avenue du Président Wilson,48.91394584,2.35753012,Plein jour,En agglomération,Hors intersection,Normale,Trois véhicules et plus - en chaîne,3,3,2,3,1,1,1,2,1,50,3,3,2,0,0,1,58.0,33.0,utilitaire_camion,utilitaire_camion,1,2,1,1,4
202400003800,2024-07-07 09:00:00,2024,7,7,9,0,75,75120,BOULEVARD MORTIER,48.86996,2.40878,Plein jour,En agglomération,Hors intersection,Normale,Autre collision,4,1,2,0,1,1,1,0,1,30,1,1,0,0,0,1,55.0,,voiture,,1,2,1,1,6
202400003801,2024-07-08 16:15:00,2024,7,8,16,15,75,75108,AVENUE DES CHAMPS ELYSEES,48.870518,2.305245,Plein jour,En agglomération,Intersection en X,Normale,Autre collision,4,2,4,1,2,1,1,-1,5,50,1,2,1,0,0,1,19.0,,deux_roues,,1,2,2,1,6
202400003801,2024-07-08 16:15:00,2024,7,8,16,15,75,75108,AVENUE DES CHAMPS ELYSEES,48.870518,2.305245,Plein jour,En agglomération,Intersection en X,Normale,Autre collision,4,1, -1,-1,1,1,1,-1,5,-1,1,2,1,0,0,1,19.0,,deux_roues,,1,2,2,1,6
202400003802,2024-07-08 10:40:00,2024,7,8,10,40,75,75108,PLACE DES TERNES,48.87778,2.29827,Plein jour,En agglomération,Place,Normale,Deux véhicules - côté,4,1, -1,-1,1,1,1,0,1,-1,2,2,1,0,0,1,22.0,33.0,utilitaire_camion,deux_roues,1,2,7,1,3
202400003802,2024-07-08 10:40:00,2024,7,8,10,40,75,75108,PLACE DES TERNES,48.87778,2.29827,Plein jour,En agglomération,Place,Normale,Deux véhicules - côté,4,2,2,0,1,3,1,0,1,50,2,2,1,0,0,1,22.0,33.0,utilitaire_camion,deux_roues,1,2,7,1,3
202400003803,2024-03-21 12:30:00,2024,3,21,12,30,93,93055,Rue Victor Hugo,48.89362,2.41026,Plein jour,En agglomération,Hors intersection,Normale,Deux véhicules - arrière,4,2,2,0,1,1,1,0,1,50,2,3,2,0,0,1,66.0,20.0,voiture,voiture,1,2,1,1,2
202400003804,2024-07-08 09:50:00,2024,7,8,9,50,75,75108,RUE DE COURCELLES,48.875031,2.309196,Plein jour,En agglomération,Intersection en X,Normale,Deux véhicules - côté,4,2,2,0,1,1,1,0,1,30,2,2,1,0,0,1,25.0,20.0,deux_roues,deux_roues,1,2,2,1,3
202400003804,2024-07-08 09:50:00,2024,7,8,9,50,75,75108,RUE DE COURCELLES,48.875031,2.309196,Plein jour,En agglomération,Intersection en X,Normale,Deux véhicules - côté,4,2,4,0,1,1,1,0,1,30,2,2,1,0,0,1,25.0,20.0,deux_roues,deux_roues,1,2,2,1,3
202400003805,2024-03-21 08:30:00,2024,3,21,8,30,93,93007,Avenue de Bel-abbès / Avenue Edouard Lucy,48.928034,2.479687,Plein jour,En agglomération,Intersection en X,Normale,Deux véhicules - côté,4,1,1,0,1,1,1,0,1,50,2,3,2,0,0,1,28.0,31.0,voiture,deux_roues,1,2,2,1,3
202400003805,2024-03-21 08:30:00,2024,3,21,8,30,93,93007,Avenue de Bel-abbès / Avenue Edouard Lucy,48.928034,2.479687,Plein jour,En agglomération,Intersection en X,Normale,Deux véhicules - côté,4,1,1,0,1,1,1,0,1,50,2,3,2,0,0,1,28.0,31.0,voiture,deux_roues,1,2,2,1,3
202400003806,2024-07-08 09:40:00,2024,7,8,9,40,75,75107,QUAI D ORSAY,48.86276205,2.31842905,Plein jour,En agglomération,Hors intersection,Normale,Autre collision,4,2,2,1,1,1,1,0,1,30,1,1,0,0,0,1,43.0,,deux_roues,,1,2,1,1,6
202400003807,2024-07-08 09:40:00,2024,7,8,9,40,75,75101,RUE DE RIVOLI,48.864659,2.329316,Plein jour,En agglomération,Intersection en T,Normale,Sans collision,4,1,1,0,1,1,1,0,1,30,1,1,0,0,0,1,32.0,,deux_roues,,1,2,3,1,7
202400003807,2024-07-08 09:40:00,2024,7,8,9,40,75,75101,RUE DE RIVOLI,48.864659,2.329316,Plein jour,En agglomération,Intersection en T,Normale,Sans collision,4,1,2,1,1,1,1,0,1,30,1,1,0,0,0,1,32.0,,deux_roues,,1,2,3,1,7
202400003808,2024-03-20 22:30:00,2024,3,20,22,30,93,93007,Avenue Descartes,48.950177,2.45573,Nuit avec éclairage allumé,En agglomération,Hors intersection,Normale,Deux véhicules - côté,3,3,4,0,1,1,1,0,1,50,2,2,1,0,1,0,26.0,40.0,voiture,deux_roues,5,2,1,1,3