accident_id,datetime,annee,mois,jour,heure,minute,departement,commune_insee,adresse,latitude,longitude,luminosite,agglomeration,intersection,meteo,collision,catr,circ,nbv,vosp,prof,plan,surf,infra,situ,vma,nb_vehicules,nb_usagers,nb_indemnes,nb_tues,nb_blesses_hosp,nb_blesses_legers,age_cond_1,age_cond_2,veh_type_cond_1,veh_type_cond_2,lum_code,agg_code,int_code,atm_code,col_code
202400003809,2024-03-20 18:46:00,2024,3,20,18,46,92,92078,MARECHAL LECLERC (AVENUE) (N° IMPAIRS),48.93498,2.32497,Plein jour,En agglomération,Hors intersection,Normale,Deux véhicules - côté,3,3,4,0,1,3,1,0,1,50,2,2,1,0,0,1,54.0,45.0,deux_roues,deux_roues,1,2,1,1,3
202400003810,2024-07-07 17:50:00,2024,7,7,17,50,75,75102,RUE DE RICHELIEU,48.8705395,2.33937174,Plein jour,En agglomération,Intersection en X,Normale,Deux véhicules - côté,4,1, -1,-1,1,1,1,0,1,-1,2,3,2,0,0,1,27.0,62.0,voiture,voiture,1,2,2,1,3
202400003810,2024-07-07 17:50:00,2024,7,7,17,50,75,75102,RUE DE RICHELIEU,48.8705395,2.33937174,Plein jour,En agglomération,Intersection en X,Normale,Deux véhicules - côté,4,1,2,3,1,1,1,0,1,30,2,3,2,0,0,1,27.0,62.0,voiture,voiture,1,2,2,1,3
202400003811,2024-03-21 11:00:00,2024,3,21,11,0,92,92048,GENERAL DE GAULLE (AVENUE DU),48.78768725,2.22776055,Plein jour,En agglomération,Intersection en X,Normale,Deux véhicules - côté,4,2,2,0,1,1,1,0,1,50,2,2,1,0,0,1,33.0,62.0,voiture,voiture,1,2,2,1,3
202400003811,2024-03-21 11:00:00,2024,3,21,11,0,92,92048,GENERAL DE GAULLE (AVENUE DU),48.78768725,2.22776055,Plein jour,En agglomération,Intersection en X,Normale,Deux véhicules - côté,4,2,2,0,1,1,1,0,1,50,2,2,1,0,0,1,33.0,62.0,voiture,voiture,1,2,2,1,3
202400003812,2024-07-07 14:15:00,2024,7,7,14,15,94,94043,Avenue Charles Gide,48.807963,2.356931,Plein jour,En agglomération,Intersection en X,Normale,Autre collision,3,3,3,-1,2,1,1,5,1,-1,1,2,1,0,0,1,62.0,,voiture,,1,2,2,1,6
202400003812,2024-07-07 14:15:00,2024,7,7,14,15,94,94043,Avenue Charles Gide,48.807963,2.356931,Plein jour,En agglomération,Intersection en X,Normale,Autre collision,3,4,2,1,1,1,1,9,8,30,1,2,1,0,0,1,62.0,,voiture,,1,2,2,1,6
202400003813,2024-07-08 08:05:00,2024,7,8,8,5,94,94077,Rue Saint Martin,48.73720514,2.40842816,Plein jour,En agglomération,Hors intersection,Normale,Autre collision,4,1,1,0,1,1,1,0,1,50,1,2,1,0,0,1,65.0,,utilitaire_camion,,1,2,1,1,6
202400003814,2024-03-20 18:50:00,2024,3,20,18,50,92,92036,GENEAL DE GAULLE (AVENUE) (1/41),48.93377586,2.31338149,Plein jour,En agglomération,Intersection en T,Normale,Autre collision,3,2,2,0,1,1,1,0,1,50,1,2,1,0,0,1,,,deux_roues,,1,2,3,1,6
202400003814,2024-03-20 18:50:00,2024,3,20,18,50,92,92036,GENEAL DE GAULLE (AVENUE) (1/41),48.93377586,2.31338149,Plein jour,En agglomération,Intersection en T,Normale,Autre collision,3,2,2,0,1,1,1,0,1,50,1,2,1,0,0,1,,,deux_roues,,1,2,3,1,6
202400003815,2024-07-08 12:22:00,2024,7,8,12,22,94,94079,Rue P Doboeuf et Michel Lafon,48.83276,2.54427,Plein jour,En agglomération,Intersection en X,Temps couvert,Deux véhicules - frontale,3,2, -1,-1,1,1,1,5,1,-1,2,3,1,0,0,2,35.0,42.0,voiture,deux_roues,1,2,2,8,1
202400003815,2024-07-08 12:22:00,2024,7,8,12,22,94,94079,Rue P Doboeuf et Michel Lafon,48.83276,2.54427,Plein jour,En agglomération,Intersection en X,Temps couvert,Deux véhicules - frontale,3,2,0,0,1,1,1,5,1,30,2,3,1,0,0,2,35.0,42.0,voiture,deux_roues,1,2,2,8,1
202400003816,2024-03-19 19:35:00,2024,3,19,19,35,92,92025,EDGARD QUINET (BD),48.92566019,2.24720138,Nuit avec éclairage allumé,En agglomération,Intersection en X,Normale,Autre collision,4,2,2,0,1,1,1,0,1,30,1,3,1,0,0,2,29.0,,voiture,,5,2,2,1,6
202400003816,2024-03-19 19:35:00,2024,3,19,19,35,92,92025,EDGARD QUINET (BD),48.92566019,2.24720138,Nuit avec éclairage allumé,En agglomération,Intersection en X,Normale,Autre collision,4,2,2,0,1,1,1,0,1,30,1,3,1,0,0,2,29.0,,voiture,,5,2,2,1,6
202400003817,2024-07-08 20:20:00,2024,7,8,20,20,94,94018,Rue des Bordeaux,48.82172,2.40978,Plein jour,En agglomération,Intersection en T,Normale,Autre collision,4,-1,1,0,1,1,1,0,1,30,1,1,0,0,0,1,51.0,,deux_roues,,1,2,3,1,6
202400003817,2024-07-08 20:20:00,2024,7,8,20,20,94,94018,Rue des Bordeaux,48.82172,2.40978,Plein jour,En agglomération,Intersection en T,Normale,Autre collision,4,1,2,1,1,1,9,0,1,30,1,1,0,0,0,1,51.0,,deux_roues,,1,2,3,1,6
202400003818,2024-03-20 20:20:00,2024,3,20,20,20,92,92019,QUATRE CHEMINS (AVENUE DES),48.77644993,2.27827728,Nuit avec éclairage allumé,En agglomération,Intersection en X,Normale,Deux véhicules - arrière,3,-1,2,0,2,3,1,0,1,30,2,2,1,0,0,1,32.0,59.0,voiture,deux_roues,5,2,2,1,2
202400003818,2024-03-20 20:20:00,2024,3,20,20,20,92,92019,QUATRE CHEMINS (AVENUE DES),48.77644993,2.27827728,Nuit avec éclairage allumé,En agglomération,Intersection en X,Normale,Deux véhicules - arrière,3,3,2,0,2,1,1,5,1,30,2,2,1,0,0,1,32.0,59.0,voiture,deux_roues,5,2,2,1,2
202400003819,2024-07-08 06:30:00,2024,7,8,6,30,93,93064,Boulevard Gabriel Péri / Rue Richard Gardebled,48.87742,2.48446,Crépuscule ou aube,En agglomération,Place,Normale,Deux véhicules - côté,3,3,4,0,1,1,1,0,1,50,2,2,1,0,0,1,38.0,23.0,voiture,voiture,2,2,7,1,3
202400003819,2024-07-08 06:30:00,2024,7,8,6,30,93,93064,Boulevard Gabriel Péri / Rue Richard Gardebled,48.87742,2.48446,Crépuscule ou aube,En agglomération,Place,Normale,Deux véhicules - côté,3,1,1,3,1,1,1,0,1,50,2,2,1,0,0,1,38.0,23.0,voiture,voiture,2,2,7,1,3
202400003820,2024-07-08 09:25:00,2024,7,8,9,25,93,93055,Avenue Anatole France / Rue Pierre Brossolette,48.89309,2.42414,Plein jour,En agglomération,Intersection en X,Normale,Deux véhicules - côté,3,2,2,0,2,1,1,0,1,30,2,2,1,0,0,1,28.0,36.0,voiture,deux_roues,1,2,2,1,3
202400003820,2024-07-08 09:25:00,2024,7,8,9,25,93,93055,Avenue Anatole France / Rue Pierre Brossolette,48.89309,2.42414,Plein jour,En agglomération,Intersection en X,Normale,Deux véhicules - côté,3,1,1,0,1,1,1,0,1,30,2,2,1,0,0,1,28.0,36.0,voiture,deux_roues,1,2,2,1,3
202400003821,2024-07-08 16:32:00,2024,7,8,16,32,92,92072,GRANDE RUE,48.82642047,2.21927834,Plein jour,En agglomération,Intersection en X,Normale,Deux véhicules - côté,3,3,0,0,1,1,1,5,8,50,2,2,1,0,0,1,55.0,30.0,voiture,deux_roues,1,2,2,1,3
202400003821,2024-07-08 16:32:00,2024,7,8,16,32,92,92072,GRANDE RUE,48.82642047,2.21927834,Plein jour,En agglomération,Intersection en X,Normale,Deux véhicules - côté,3,2,0,0,2,1,1,5,8,30,2,2,1,0,0,1,55.0,30.0,voiture,deux_roues,1,2,2,1,3
202400003822,2024-07-08 06:12:00,2024,7,8,6,12,92,92051,WINSTON CHURCHILL (PLACE),48.88341177,2.27350507,Plein jour,En agglomération,Intersection en X,Normale,Deux véhicules - côté,4,2,0,1,1,1,1,0,1,50,2,2,1,0,0,1,50.0,,voiture,voiture,1,2,2,1,3
202400003822,2024-07-08 06:12:00,2024,7,8,6,12,92,92051,WINSTON CHURCHILL (PLACE),48.88341177,2.27350507,Plein jour,En agglomération,Intersection en X,Normale,Deux véhicules - côté,4,1,1,0,1,1,1,0,1,50,2,2,1,0,0,1,50.0,,voiture,voiture,1,2,2,1,3
202400003822,2024-07-08 06:12:00,2024,7,8,6,12,92,92051,WINSTON CHURCHILL (PLACE),48.88341177,2.27350507,Plein jour,En agglomération,Intersection en X,Normale,Deux véhicules - côté,4,1,1,0,1,3,1,0,1,50,2,2,1,0,0,1,50.0,,voiture,voiture,1,2,2,1,3
202400003823,2024-07-07 02:39:00,2024,7,7,2,39,92,92024,GUSTAVE EIFFEL (RUE),48.90409912,2.29499133,Nuit avec éclairage non allumé,En agglomération,Hors intersection,Normale,Autre collision,4,2,2,0,1,1,1,0,1,30,1,1,0,0,0,1,35.0,,deux_roues,,4,2,1,1,6
202400003824,2024-07-08 11:00:00,2024,7,8,11,0,92,92004,MOURINOUX ( RUE DES ),48.93175066,2.27588511,Plein jour,En agglomération,Hors intersection,Normale,Autre collision,4,1,1,0,1,1,1,0,1,30,1,2,1,0,0,1,28.0,,utilitaire_camion,,1,2,1,1,6
202400003825,2024-07-07 18:20:00,2024,7,7,18,20,34,34088,Route de Fabrègues,43.546402,3.738999,Plein jour,Hors agglomération,Hors intersection,Normale,Trois véhicules et plus - collisions multiples,7,2,2,0,1,3,1,0,1,80,4,11,7,0,0,4,56.0,60.0,voiture,voiture,1,1,1,1,5
202400003826,2024-07-08 16:40:00,2024,7,8,16,40,54,54192,D112,48.56264977,6.28679752,Plein jour,Hors agglomération,Hors intersection,Normale,Deux véhicules - arrière,3,2,2,0,1,1,1,0,1,80,2,2,1,0,1,0,19.0,36.0,utilitaire_camion,deux_roues,1,1,1,1,2
202400003827,2024-07-08 19:50:00,2024,7,8,19,50,2A,2A348,1240 Promenade de la plage,42.11552,8.689238,Plein jour,En agglomération,Hors intersection,Normale,Autre collision,3,2,2,0,1,2,1,0,4,50,1,1,0,0,1,0,32.0,,deux_roues,,1,2,1,1,6
202400003828,2024-07-09 13:50:00,2024,7,9,13,50,24,24372,2 Route de Montanceix,45.14822336,0.54395199,Plein jour,Hors agglomération,Hors intersection,Normale,Deux véhicules - côté,3,2,2,0,1,1,1,0,1,70,2,2,1,0,1,0,46.0,56.0,deux_roues,voiture,1,1,1,1,3
202400003829,2024-07-09 19:10:00,2024,7,9,19,10,43,43185,D656,45.38553119,3.31847704,Plein jour,Hors agglomération,Hors intersection,Normale,Deux véhicules - frontale,3,2,2,0,3,2,1,0,1,80,2,2,0,0,1,1,76.0,66.0,voiture,voiture,1,1,1,1,1
202400003830,2024-07-08 13:30:00,2024,7,8,13,30,974,97422,60 Rue Charles Baudelaire,-21.259257,55.502934,Plein jour,En agglomération,Hors intersection,Normale,Deux véhicules - frontale,3,2,2,0,1,1,1,0,1,-1,2,2,1,0,1,0,21.0,19.0,voiture,deux_roues,1,2,1,1,1
202400003831,2024-07-09 08:50:00,2024,7,9,8,50,972,97207,Fond d'Or,14.601577,-60.953071,Plein jour,Hors agglomération,Autre intersection,Normale,Deux véhicules - côté,2,2,2,0,1,1,1,0,1,80,2,2,1,0,0,1,66.0,35.0,voiture,deux_roues,1,1,9,1,3
202400003832,2024-07-08 14:35:00,2024,7,8,14,35,972,97208,N3,14.730664,-61.099885,Plein jour,Hors agglomération,Hors intersection,Normale,Deux véhicules - arrière,2,2,2,0,2,1,1,1,1,90,2,5,2,0,2,1,23.0,36.0,utilitaire_camion,utilitaire_camion,1,1,1,1,2
202400003833,2024-07-07 16:16:00,2024,7,7,16,16,88,88256,D50,48.154735,6.756978,Plein jour,Hors agglomération,Hors intersection,Temps éblouissant,Sans collision,3,2,2,0,2,3,9,0,1,80,1,1,0,0,1,0,38.0,,deux_roues,,1,1,1,7,7
202400003834,2024-07-09 05:25:00,2024,7,9,5,25,36,36018,,46.63269065,1.1026454,Crépuscule ou aube,Hors agglomération,Hors intersection,Normale,Deux véhicules - côté,3,2,2,0,1,1,1,0,1,90,2,2,1,1,0,0,50.0,46.0,utilitaire_camion,utilitaire_camion,2,1,1,1,3
202400003835,2024-07-09 15:25:00,2024,7,9,15,25,50,50546,Route du Manoir (La Mancellière-sur-Vire),49.058443,-1.097286,Plein jour,Hors agglomération,Hors intersection,Normale,Autre collision,3,2,2,0,1,1,2,0,3,80,1,4,1,0,0,3,72.0,,voiture,,1,1,1,1,6
202400003836,2024-07-09 14:20:00,2024,7,9,14,20,50,50363,Route du Carrefour Paris,48.995805,-1.168166,Plein jour,Hors agglomération,Hors intersection,Normale,Autre collision,3,2,2,0,1,1,2,0,3,80,1,1,0,0,0,1,19.0,,voiture,,1,1,1,1,6
202400003837,2024-07-02 13:35:00,2024,7,2,13,35,62,62211,Rue d'Agnières,50.353838,2.617672,Plein jour,En agglomération,Hors intersection,Pluie forte,Deux véhicules - frontale,4,2,2,0,1,1,2,0,1,50,2,2,0,0,0,2,19.0,66.0,voiture,voiture,1,2,1,3,1
202400003838,2024-07-08 17:40:00,2024,7,8,17,40,34,34309,croisement D145 et rue du montferrier,43.679232,3.909438,Plein jour,Hors agglomération,Hors intersection,Normale,Deux véhicules - frontale,3,2,2,0,1,1,1,0,1,70,2,2,1,0,1,0,43.0,39.0,deux_roues,voiture,1,1,1,1,1
202400003839,2024-07-09 16:30:00,2024,7,9,16,30,57,57556,rue du lac,49.051067,6.911232,Plein jour,En agglomération,Autre intersection,Normale,Deux véhicules - arrière,3,2,2,0,3,1,1,0,1,50,2,2,1,1,0,0,44.0,64.0,voiture,deux_roues,1,2,9,1,2
202400003840,2024-07-09 09:15:00,2024,7,9,9,15,51,51380,la chaussée a chateauneuf,48.873033,3.524508,Plein jour,En agglomération,Hors intersection,Normale,Deux véhicules - côté,4,2,2,0,1,2,1,2,1,50,2,3,1,0,2,0,17.0,66.0,deux_roues,voiture,1,2,1,1,3
202400003841,2024-07-09 17:30:00,2024,7,9,17,30,19,19252,la crouzade,45.42087787,2.45662196,Plein jour,Hors agglomération,Intersection en X,Normale,Autre collision,3,2,2,0,1,2,1,0,1,70,1,1,0,0,1,0,45.0,,deux_roues,,1,1,2,1,6
202400003841,2024-07-09 17:30:00,2024,7,9,17,30,19,19252,la crouzade,45.42087787,2.45662196,Plein jour,Hors agglomération,Intersection en X,Normale,Autre collision,3,2, -1,-1,1,1,1,0,1,90,1,1,0,0,1,0,45.0,,deux_roues,,1,1,2,1,6
202400003842,2024-06-03 16:00:00,2024,6,3,16,0,56,56234,Le Fort Penthievre,47.542551,-3.134861,Plein jour,En agglomération,Hors intersection,Normale,Trois véhicules et plus - collisions multiples,3,2,2,0,2,1,1,0,1,50,3,3,1,0,0,2,49.0,52.0,utilitaire_camion,voiture,1,2,1,1,5
202400003843,2024-07-09 02:00:00,2024,7,9,2,0,56,56157,Kermarec,47.774817,-2.719604,Nuit sans éclairage public,Hors agglomération,Hors intersection,Pluie légère,Autre collision,3,2,2,0,1,2,2,0,3,80,1,1,0,1,0,0,19.0,,deux_roues,,3,1,1,2,6
202400003844,2024-07-08 16:25:00,2024,7,8,16,25,2B,2B012,314,42.229502,9.275122,Plein jour,Hors agglomération,Hors intersection,Normale,Autre collision,3,2,2,0,2,2,1,0,1,80,1,1,0,0,1,0,59.0,,deux_roues,,1,1,1,1,6
202400003845,2024-07-09 14:00:00,2024,7,9,14,0,2B,2B319,Valle Longhe,42.420467,9.52866,Plein jour,Hors agglomération,Autre intersection,Normale,Trois véhicules et plus - en chaîne,2,2,2,0,2,1,1,0,1,80,3,6,3,0,0,3,27.0,18.0,voiture,voiture,1,1,9,1,4
202400003846,2024-07-08 22:48:00,2024,7,8,22,48,82,82076,Route de Molieres,44.12059,1.354043,Nuit sans éclairage public,Hors agglomération,Hors intersection,Normale,Sans collision,3,2,2,0,2,4,1,0,3,80,1,1,0,0,1,0,21.0,,deux_roues,,3,1,1,1,7
202400003847,2024-07-09 17:30:00,2024,7,9,17,30,63,63148,D224 / chemin de la Grenouillère,45.88860054,3.18241246,Plein jour,Hors agglomération,Intersection en T,Normale,Trois véhicules et plus - collisions multiples,3,2,2,0,1,1,1,0,1,70,4,4,3,1,0,0,50.0,27.0,utilitaire_camion,voiture,1,1,3,1,5
202400003847,2024-07-09 17:30:00,2024,7,9,17,30,63,63148,D224 / chemin de la Grenouillère,45.88860054,3.18241246,Plein jour,Hors agglomération,Intersection en T,Normale,Trois véhicules et plus - collisions multiples,3,2,1,-1,1,1,1,0,1,-1,4,4,3,1,0,0,50.0,27.0,utilitaire_camion,voiture,1,1,3,1,5
202400003848,2024-07-08 17:40:00,2024,7,8,17,40,61,61181,Voie Communale,48.786587,0.300498,Plein jour,En agglomération,Hors intersection,Normale,Trois véhicules et plus - collisions multiples,4,2,2,0,2,1,1,0,1,30,3,3,1,0,0,2,19.0,22.0,voiture,voiture,1,2,1,1,5
202400003849,2024-07-07 19:40:00,2024,7,7,19,40,12,12186,rd999,43.877263,2.585049,Plein jour,Hors agglomération,Hors intersection,Normale,Autre collision,3,2,3,0,2,2,1,0,3,90,1,2,0,0,1,1,65.0,,deux_roues,,1,1,1,1,6
202400003850,2024-07-08 16:56:00,2024,7,8,16,56,47,47226,D668,44.625038,0.312638,Plein jour,Hors agglomération,Intersection en T,Normale,Deux véhicules - côté,3,2,2,0,1,1,1,0,1,80,2,3,1,1,1,0,19.0,66.0,voiture,voiture,1,1,3,1,3
202400003850,2024-07-08 16:56:00,2024,7,8,16,56,47,47226,D668,44.625038,0.312638,Plein jour,Hors agglomération,Intersection en T,Normale,Deux véhicules - côté,3,2,2,-1,1,1,1,0,1,-1,2,3,1,1,1,0,19.0,66.0,voiture,voiture,1,1,3,1,3
202400003851,2024-07-07 12:10:00,2024,7,7,12,10,34,34261,D4,43.74856,3.581543,Plein jour,Hors agglomération,Hors intersection,Temps éblouissant,Sans collision,3,2,2,0,1,3,1,0,8,70,1,1,0,0,1,0,37.0,,deux_roues,,1,1,1,7,7
202400003852,2024-07-09 07:10:00,2024,7,9,7,10,25,25578,D50,47.146751,6.328661,Plein jour,Hors agglomération,Hors intersection,Normale,Deux véhicules - côté,3,2,2,0,1,1,1,0,1,90,2,2,1,0,0,1,22.0,60.0,voiture,utilitaire_camion,1,1,1,1,3
202400003853,2024-07-02 17:30:00,2024,7,2,17,30,44,44217,la Bosse Billy,47.30990219,-1.74800992,Plein jour,Hors agglomération,Intersection en T,Normale,Deux véhicules - côté,3,2,2,0,1,1,1,5,1,80,2,2,1,0,1,0,49.0,47.0,voiture,deux_roues,1,1,3,1,3
202400003853,2024-07-02 17:30:00,2024,7,2,17,30,44,44217,la Bosse Billy,47.30990219,-1.74800992,Plein jour,Hors agglomération,Intersection en T,Normale,Deux véhicules - côté,3,2,2,0,1,1,1,0,1,50,2,2,1,0,1,0,49.0,47.0,voiture,deux_roues,1,1,3,1,3
202400003854,2024-07-08 22:40:00,2024,7,8,22,40,31,31345,D820,43.384224,1.439359,Nuit sans éclairage public,Hors agglomération,Hors intersection,Normale,Trois véhicules et plus - collisions multiples,3,2,4,0,1,1,1,0,1,80,3,5,1,0,1,3,36.0,26.0,voiture,voiture,3,1,1,1,5
202400003855,2024-07-08 12:30:00,2024,7,8,12,30,72,72089,20 Grande Rue,48.123186,-0.016764,Plein jour,En agglomération,Autre intersection,Normale,Trois véhicules et plus - collisions multiples,4,2,1,0,2,1,1,0,1,30,3,4,2,0,2,0,52.0,53.0,voiture,voiture,1,2,9,1,5
202400003856,2024-07-09 12:09:00,2024,7,9,12,9,05,05056,Rue de la Charrière,44.645231,6.131524,Plein jour,En agglomération,Hors intersection,Normale,Sans collision,3,-1,2,0,1,1,1,0,1,50,1,1,0,0,0,1,15.0,,deux_roues,,1,2,1,1,7
202400003857,2024-07-04 11:37:00,2024,7,4,11,37,64,64547,Chemin de Halage,43.426152,-1.460178,Plein jour,Hors agglomération,Intersection en Y,Normale,Deux véhicules - frontale,4,2,1,0,1,4,1,0,1,80,2,2,0,0,1,1,61.0,48.0,deux_roues,deux_roues,1,1,4,1,1
202400003857,2024-07-04 11:37:00,2024,7,4,11,37,64,64547,Chemin de Halage,43.426152,-1.460178,Plein jour,Hors agglomération,Intersection en Y,Normale,Deux véhicules - frontale,4,2, -1,-1,1,1,1,0,1,-1,2,2,0,0,1,1,61.0,48.0,deux_roues,deux_roues,1,1,4,1,1
202400003858,2024-07-09 12:50:00,2024,7,9,12,50,07,07334,d901,44.411129,4.160664,Plein jour,Hors agglomération,Hors intersection,Normale,Sans collision,3,2,2,0,2,1,1,0,1,90,1,1,0,0,1,0,60.0,,deux_roues,,1,1,1,1,7
202400003859,2024-07-08 13:25:00,2024,7,8,13,25,04,04075,Route de la Clue,44.20565,5.986969,Plein jour,Hors agglomération,Hors intersection,Normale,Deux véhicules - frontale,4,2,2,0,2,4,1,0,1,80,2,3,2,0,1,0,48.0,43.0,utilitaire_camion,deux_roues,1,1,1,1,1
202400003860,2024-07-09 00:45:00,2024,7,9,0,45,87,87072,D82a2,45.662872,1.437321,Nuit sans éclairage public,Hors agglomération,Hors intersection,Normale,Autre collision,3,-1,2,0,2,3,1,0,3,80,1,2,0,0,1,1,18.0,,voiture,,3,1,1,1,6
202400003861,2024-06-27 19:10:00,2024,6,27,19,10,87,87154,Le Pont du Dérot,45.916426,0.917187,Plein jour,Hors agglomération,Hors intersection,Normale,Sans collision,4,2,2,0,1,2,1,2,1,80,1,1,0,0,1,0,48.0,,deux_roues,,1,1,1,1,7
202400003862,2024-07-09 08:08:00,2024,7,9,8,8,87,87017,RN 145 Pk 4+400,46.144102,1.100779,Plein jour,Hors agglomération,Hors intersection,Normale,Autre collision,2,2,2,0,1,3,1,0,3,80,1,3,1,0,0,2,35.0,,voiture,,1,1,1,1,6
202400003863,2024-07-08 17:18:00,2024,7,8,17,18,30,30004,Rue de la Gare,43.733348,4.184369,Plein jour,En agglomération,Hors intersection,Normale,Deux véhicules - frontale,3,2,2,0,1,3,1,0,1,50,2,2,1,0,1,0,48.0,54.0,voiture,voiture,1,2,1,1,1
202400003864,2024-07-09 10:00:00,2024,7,9,10,0,30,30073,D19a,43.954962,4.556703,Plein jour,Hors agglomération,Hors intersection,Normale,Deux véhicules - côté,3,2,2,0,1,1,1,0,1,80,2,2,1,0,1,0,80.0,49.0,voiture,deux_roues,1,1,1,1,3
202400003865,2024-07-09 10:30:00,2024,7,9,10,30,30,30188,D936,44.0303,4.150912,Plein jour,Hors agglomération,Intersection en T,Normale,Deux véhicules - côté,3,2,1,0,1,1,1,0,8,-1,2,4,2,0,1,1,70.0,19.0,voiture,voiture,1,1,3,1,3
202400003865,2024-07-09 10:30:00,2024,7,9,10,30,30,30188,D936,44.0303,4.150912,Plein jour,Hors agglomération,Intersection en T,Normale,Deux véhicules - côté,3,2,1,0,2,1,1,0,1,80,2,4,2,0,1,1,70.0,19.0,voiture,voiture,1,1,3,1,3
202400003866,2024-07-07 23:55:00,2024,7,7,23,55,88,88408,ROND POINT DES MEIX,47.936457,6.639787,Nuit sans éclairage public,Hors agglomération,Giratoire,Normale,Autre collision,2,1,2,0,1,2,1,5,1,-1,1,3,0,0,1,2,83.0,,voiture,,3,1,6,1,6
202400003867,2024-07-09 14:25:00,2024,7,9,14,25,77,77333,A6 > PARIS,48.26188693,2.72336744,Plein jour,Hors agglomération,Hors intersection,Normale,Deux véhicules - arrière,1,3,3,0,4,3,1,0,1,130,2,3,0,0,0,3,77.0,75.0,voiture,utilitaire_camion,1,1,1,1,2
202400003868,2024-06-20 08:15:00,2024,6,20,8,15,44,44020,,47.175095,-1.6118,Plein jour,Hors agglomération,Hors intersection,Normale,Deux véhicules - côté,3,3,4,0,1,1,1,0,1,90,2,2,1,0,0,1,50.0,53.0,voiture,deux_roues,1,1,1,1,3
202400003869,2024-07-09 08:00:00,2024,7,9,8,0,37,37079,Rue de Beauregard,47.340782,1.036738,Plein jour,Hors agglomération,Intersection en X,Normale,Deux véhicules - côté,4,2,#VALEURMULTI,0,1,1,1,0,1,80,2,2,1,1,0,0,17.0,58.0,deux_roues,voiture,1,1,2,1,3
202400003870,2024-07-05 18:00:00,2024,7,5,18,0,28,28372,D101,48.644366,1.589928,Plein jour,Hors agglomération,Hors intersection,Normale,Deux véhicules - frontale,3,2,2,0,1,2,1,0,1,80,2,2,1,0,1,0,51.0,43.0,deux_roues,voiture,1,1,1,1,1
202400003871,2024-07-07 21:50:00,2024,7,7,21,50,2B,2B298,Route du pont de fer,42.673357,9.30189,Nuit sans éclairage public,En agglomération,Autre intersection,Normale,Sans collision,3,2,2,0,1,1,1,0,1,50,1,1,0,1,0,0,56.0,,deux_roues,,3,2,9,1,7
202400003872,2024-07-09 09:15:00,2024,7,9,9,15,66,66008,,42.550908,3.006349,Plein jour,Hors agglomération,Giratoire,Normale,Deux véhicules - côté,3,-1,3,0,1,1,1,0,1,80,2,2,1,0,1,0,90.0,75.0,deux_roues,voiture,1,1,6,1,3
202400003873,2024-07-03 19:55:00,2024,7,3,19,55,66,66144,,42.62238364,2.86717415,Plein jour,Hors agglomération,Intersection en T,Normale,Deux véhicules - côté,3,2,2,0,1,1,1,0,1,80,2,2,1,0,1,0,47.0,26.0,voiture,deux_roues,1,1,3,1,3
202400003873,2024-07-03 19:55:00,2024,7,3,19,55,66,66144,,42.62238364,2.86717415,Plein jour,Hors agglomération,Intersection en T,Normale,Deux véhicules - côté,3,-1, -1,-1,1,1,1,0,8,10,2,2,1,0,1,0,47.0,26.0,voiture,deux_roues,1,1,3,1,3
202400003874,2024-07-03 22:00:00,2024,7,3,22,0,34,34090,route départementale 613,43.640609,3.938773,Nuit avec éclairage allumé,En agglomération,Intersection en T,Normale,Deux véhicules - côté,7,2,0,0,1,1,1,5,1,50,2,2,1,0,1,0,29.0,19.0,deux_roues,voiture,5,2,3,1,3
202400003874,2024-07-03 22:00:00,2024,7,3,22,0,34,34090,route départementale 613,43.640609,3.938773,Nuit avec éclairage allumé,En agglomération,Intersection en T,Normale,Deux véhicules - côté,7,2, -1,-1,1,1,1,0,1,-1,2,2,1,0,1,0,29.0,19.0,deux_roues,voiture,5,2,3,1,3
202400003875,2024-07-09 09:35:00,2024,7,9,9,35,06,06091,D53,43.797329,7.404824,Plein jour,Hors agglomération,Hors intersection,Normale,Deux véhicules - frontale,3,2,2,0,2,2,1,0,1,70,2,2,0,0,0,2,57.0,61.0,deux_roues,deux_roues,1,1,1,1,1
202400003876,2024-07-06 15:24:00,2024,7,6,15,24,04,04171,RD 952,43.795152,6.386436,Plein jour,Hors agglomération,Hors intersection,Normale,Deux véhicules - côté,3,2,2,0,2,3,1,0,1,80,2,2,1,0,1,0,30.0,57.0,deux_roues,utilitaire_camion,1,1,1,1,3
202400003877,2024-07-08 15:00:00,2024,7,8,15,0,26,26002,Autoroute A7,45.241264,4.84261,Plein jour,Hors agglomération,Hors intersection,Normale,Deux véhicules - côté,1,3,3,0,1,1,1,0,1,130,2,3,2,0,1,0,22.0,49.0,voiture,deux_roues,1,1,1,1,3
202400003878,2024-07-04 20:00:00,2024,7,4,20,0,70,70279,rue du chemin neuf,47.448678,5.580325,Plein jour,En agglomération,Giratoire,Normale,Deux véhicules - côté,3,2,2,0,1,2,1,5,1,50,2,2,1,0,1,0,27.0,20.0,deux_roues,voiture,1,2,6,1,3
202400003878,2024-07-04 20:00:00,2024,7,4,20,0,70,70279,rue du chemin neuf,47.448678,5.580325,Plein jour,En agglomération,Giratoire,Normale,Deux véhicules - côté,3,1, -1,-1,1,1,1,5,1,-1,2,2,1,0,1,0,27.0,20.0,deux_roues,voiture,1,2,6,1,3