accident_id,datetime,annee,mois,jour,heure,minute,departement,commune_insee,adresse,latitude,longitude,luminosite,agglomeration,intersection,meteo,collision,catr,circ,nbv,vosp,prof,plan,surf,infra,situ,vma,nb_vehicules,nb_usagers,nb_indemnes,nb_tues,nb_blesses_hosp,nb_blesses_legers,age_cond_1,age_cond_2,veh_type_cond_1,veh_type_cond_2,lum_code,agg_code,int_code,atm_code,col_code
202400003878,2024-07-04 20:00:00,2024,7,4,20,0,70,70279,rue du chemin neuf,47.448678,5.580325,Plein jour,En agglomération,Giratoire,Normale,Deux véhicules - côté,3,2, -1,-1,1,1,1,5,1,-1,2,2,1,0,1,0,27.0,20.0,deux_roues,voiture,1,2,6,1,3
202400003879,2024-07-08 10:00:00,2024,7,8,10,0,68,68329,Route de la Schlucht,48.05163374,7.10712063,Plein jour,Hors agglomération,Hors intersection,Normale,Deux véhicules - frontale,3,2,2,0,2,3,1,0,1,80,2,3,2,0,0,1,80.0,68.0,voiture,deux_roues,1,1,1,1,1
202400003880,2024-07-04 18:50:00,2024,7,4,18,50,42,42328,Route du Mongenet,45.573542,3.985591,Plein jour,Hors agglomération,Hors intersection,Normale,Deux véhicules - arrière,3,2,2,0,2,1,1,0,1,80,2,2,1,0,0,1,53.0,46.0,utilitaire_camion,deux_roues,1,1,1,1,2
202400003881,2024-07-09 08:35:00,2024,7,9,8,35,38,38277,Départementale 529,45.002847,5.699694,Plein jour,Hors agglomération,Hors intersection,Normale,Deux véhicules - frontale,7,2,2,0,2,2,1,0,1,80,2,2,1,1,0,0,37.0,59.0,deux_roues,transport_commun,1,1,1,1,1
202400003882,2024-07-09 03:05:00,2024,7,9,3,5,17,17409,Route du Stade,45.677476,-1.022823,Nuit sans éclairage public,Hors agglomération,Hors intersection,Normale,Sans collision,4,2,2,0,1,3,1,0,1,70,1,2,0,0,2,0,21.0,,voiture,,3,1,1,1,7
202400003883,2024-06-30 19:00:00,2024,6,30,19,0,33,33035,,45.056243,-0.600686,Plein jour,En agglomération,Intersection en X,Normale,Deux véhicules - côté,3,2,2,0,1,1,1,0,1,50,2,3,0,0,2,1,46.0,80.0,voiture,voiture,1,2,2,1,3
202400003883,2024-06-30 19:00:00,2024,6,30,19,0,33,33035,,45.056243,-0.600686,Plein jour,En agglomération,Intersection en X,Normale,Deux véhicules - côté,3,2,2,0,1,1,1,0,1,50,2,3,0,0,2,1,46.0,80.0,voiture,voiture,1,2,2,1,3
202400003884,2024-07-09 15:00:00,2024,7,9,15,0,85,85083,RD96,46.987352,-2.273108,Plein jour,Hors agglomération,Hors intersection,Normale,Deux véhicules - frontale,3,2,2,0,1,1,1,0,1,80,2,3,2,0,1,0,23.0,53.0,voiture,deux_roues,1,1,1,1,1
202400003885,2024-07-06 22:30:00,2024,7,6,22,30,44,44179,10 bellevue,47.330912,-1.4557,Nuit sans éclairage public,Hors agglomération,Hors intersection,Normale,Deux véhicules - frontale,3,2,2,0,1,3,1,0,1,70,2,3,1,0,2,0,52.0,41.0,voiture,utilitaire_camion,3,1,1,1,1
202400003886,2024-07-09 10:30:00,2024,7,9,10,30,76,76489,Route du Hamelet,49.509885,0.312467,Plein jour,Hors agglomération,Hors intersection,Pluie légère,Deux véhicules - frontale,4,2,2,0,1,1,2,0,1,70,2,2,1,0,0,1,32.0,41.0,voiture,voiture,1,1,1,2,1
202400003887,2024-07-08 18:30:00,2024,7,8,18,30,59,59254,Rue du Nord,50.29078,3.19729,Plein jour,En agglomération,Hors intersection,Normale,Deux véhicules - arrière,3,2,2,0,2,1,1,0,1,50,2,2,1,0,1,0,22.0,30.0,voiture,deux_roues,1,2,1,1,2
202400003888,2024-07-08 16:55:00,2024,7,8,16,55,33,33249,,44.88442,-0.5128,Plein jour,Hors agglomération,Hors intersection,Normale,Sans collision,1,1,2,0,1,3,1,3,1,50,1,2,0,0,0,2,67.0,,deux_roues,,1,1,1,1,7
202400003889,2024-07-08 17:25:00,2024,7,8,17,25,91,91340,AUTOROUTE A6,48.60188,2.43843,Plein jour,Hors agglomération,Hors intersection,Normale,Deux véhicules - arrière,1,1,3,0,1,1,1,0,1,110,2,2,1,0,0,1,74.0,18.0,voiture,voiture,1,1,1,1,2
202400003890,2024-09-17 05:58:00,2024,9,17,5,58,93,93005,JACQUES DAGUERRE (AVENUE),48.95267,2.46773,Nuit avec éclairage allumé,En agglomération,Autre intersection,Normale,Sans collision,4,2,2,0,1,1,9,0,1,50,1,1,0,0,0,1,21.0,,deux_roues,,5,2,9,1,7
202400003891,2024-09-17 19:00:00,2024,9,17,19,0,93,93062,RESISTANCE (AVENUE DE LA),48.89564,2.51428,Plein jour,En agglomération,Hors intersection,Normale,Deux véhicules - côté,4,2,2,0,2,1,1,0,1,50,2,2,1,0,0,1,42.0,25.0,voiture,deux_roues,1,2,1,1,3
202400003892,2024-09-17 08:55:00,2024,9,17,8,55,93,93051,RU DE NESLE (BOULEVARD),48.83785715,2.58171737,Plein jour,En agglomération,Giratoire,Normale,Deux véhicules - arrière,3,2,2,0,1,1,1,0,1,50,2,2,1,0,0,1,43.0,60.0,voiture,deux_roues,1,2,6,1,2
202400003892,2024-09-17 08:55:00,2024,9,17,8,55,93,93051,RU DE NESLE (BOULEVARD),48.83785715,2.58171737,Plein jour,En agglomération,Giratoire,Normale,Deux véhicules - arrière,3,2,2,0,1,1,1,0,1,50,2,2,1,0,0,1,43.0,60.0,voiture,deux_roues,1,2,6,1,2
202400003893,2024-09-17 09:50:00,2024,9,17,9,50,93,93053,ARISTIDE BRIAND (BOULEVARD),48.87868389,2.4578733,Plein jour,En agglomération,Intersection en X,Normale,Deux véhicules - côté,3,2,1,0,1,1,1,0,1,30,2,2,1,0,0,1,31.0,54.0,deux_roues,voiture,1,2,2,1,3
202400003893,2024-09-17 09:50:00,2024,9,17,9,50,93,93053,ARISTIDE BRIAND (BOULEVARD),48.87868389,2.4578733,Plein jour,En agglomération,Intersection en X,Normale,Deux véhicules - côté,3,1,1,0,1,1,1,0,1,30,2,2,1,0,0,1,31.0,54.0,deux_roues,voiture,1,2,2,1,3
202400003894,2024-09-17 14:10:00,2024,9,17,14,10,93,93027,PALMERS (PONT),48.92616,2.39678,Plein jour,En agglomération,Intersection à plus de 4 branches,Normale,Deux véhicules - côté,3,2,2,0,1,1,1,9,5,50,2,2,1,0,0,1,39.0,43.0,deux_roues,deux_roues,1,2,5,1,3
202400003894,2024-09-17 14:10:00,2024,9,17,14,10,93,93027,PALMERS (PONT),48.92616,2.39678,Plein jour,En agglomération,Intersection à plus de 4 branches,Normale,Deux véhicules - côté,3,2,2,1,1,1,1,0,1,50,2,2,1,0,0,1,39.0,43.0,deux_roues,deux_roues,1,2,5,1,3
202400003895,2024-09-17 03:30:00,2024,9,17,3,30,93,93010,ETOILE (AL. DE L'),48.89213381,2.48591942,Nuit avec éclairage allumé,En agglomération,Hors intersection,Normale,Autre collision,4,1,1,0,1,1,1,0,1,30,1,1,0,0,1,0,22.0,,utilitaire_camion,,5,2,1,1,6
202400003896,2024-09-17 17:25:00,2024,9,17,17,25,93,93007,MASCOTTES (RUE DES),48.92019,2.47024,Plein jour,En agglomération,Intersection en X,Normale,Deux véhicules - côté,4,1,1,0,1,1,1,0,1,50,2,3,0,0,0,3,19.0,50.0,voiture,deux_roues,1,2,2,1,3
202400003896,2024-09-17 17:25:00,2024,9,17,17,25,93,93007,MASCOTTES (RUE DES),48.92019,2.47024,Plein jour,En agglomération,Intersection en X,Normale,Deux véhicules - côté,4,2,1,0,1,1,1,0,1,50,2,3,0,0,0,3,19.0,50.0,voiture,deux_roues,1,2,2,1,3
202400003897,2024-09-17 15:30:00,2024,9,17,15,30,93,93027,VAILLANT-COUTURIER (AVENUE PAUL),48.92440968,2.41446672,Plein jour,En agglomération,Hors intersection,Normale,Deux véhicules - côté,3,-1,0,0,1,1,1,0,1,50,2,3,2,0,0,1,26.0,50.0,transport_commun,utilitaire_camion,1,2,1,1,3
202400003898,2024-09-17 18:30:00,2024,9,17,18,30,92,92063,BONAPARTE (AVENUE NAPOLEON) NORD,48.87204601,2.16194652,Plein jour,En agglomération,Hors intersection,Normale,Autre collision,3,1,2,0,1,1,1,0,1,50,1,2,1,0,0,1,26.0,,voiture,,1,2,1,1,6
202400003899,2024-09-17 22:20:00,2024,9,17,22,20,92,92040,FRERES VOISIN (BOULEVARD DES),48.82784922,2.27369159,Nuit avec éclairage allumé,En agglomération,Giratoire,Normale,Deux véhicules - arrière,3,1,2,3,1,1,1,0,6,50,2,2,1,0,0,1,42.0,37.0,voiture,voiture,5,2,6,1,2
202400003900,2024-09-17 20:15:00,2024,9,17,20,15,62,62534,D342,50.707809,2.118741,Nuit avec éclairage allumé,En agglomération,Giratoire,Normale,Deux véhicules - côté,3,2,1,0,1,1,1,5,1,50,2,2,1,0,0,1,22.0,46.0,deux_roues,voiture,5,2,6,1,3
202400003900,2024-09-17 20:15:00,2024,9,17,20,15,62,62534,D342,50.707809,2.118741,Nuit avec éclairage allumé,En agglomération,Giratoire,Normale,Deux véhicules - côté,3,-1,1,0,1,1,2,0,1,50,2,2,1,0,0,1,22.0,46.0,deux_roues,voiture,5,2,6,1,3
202400003900,2024-09-17 20:15:00,2024,9,17,20,15,62,62534,D342,50.707809,2.118741,Nuit avec éclairage allumé,En agglomération,Giratoire,Normale,Deux véhicules - côté,3,2,1,0,1,1,2,0,1,50,2,2,1,0,0,1,22.0,46.0,deux_roues,voiture,5,2,6,1,3
202400003901,2024-09-07 05:30:00,2024,9,7,5,30,95,95487,D4Z,49.15369081,2.27290881,Nuit avec éclairage allumé,En agglomération,Hors intersection,Pluie légère,Deux véhicules - côté,3,2,2,0,1,1,2,0,1,50,2,2,1,0,1,0,52.0,24.0,deux_roues,voiture,5,2,1,2,3
202400003902,2024-09-17 15:25:00,2024,9,17,15,25,84,84137,Avenue Ulysse Fabre,44.238692,5.063833,Plein jour,En agglomération,Hors intersection,Normale,Sans collision,3,2,2,0,1,1,1,0,4,50,1,1,0,0,1,0,31.0,,deux_roues,,1,2,1,1,7
202400003903,2024-09-07 11:57:00,2024,9,7,11,57,22,22093,RN12,48.464043,-2.543585,Plein jour,Hors agglomération,Hors intersection,Normale,Trois véhicules et plus - en chaîne,2,3,2,0,1,1,1,0,1,110,4,7,5,0,1,1,77.0,24.0,voiture,voiture,1,1,1,1,4
202400003904,2024-09-18 08:00:00,2024,9,18,8,0,30,30141,N 580,44.12136,4.68499,Plein jour,Hors agglomération,Intersection en T,Normale,Deux véhicules - côté,2,2,2,0,1,1,1,0,1,80,2,2,0,0,1,1,24.0,60.0,voiture,voiture,1,1,3,1,3
202400003904,2024-09-18 08:00:00,2024,9,18,8,0,30,30141,N 580,44.12136,4.68499,Plein jour,Hors agglomération,Intersection en T,Normale,Deux véhicules - côté,2,2,2,0,1,1,1,0,1,80,2,2,0,0,1,1,24.0,60.0,voiture,voiture,1,1,3,1,3
202400003905,2024-09-17 20:55:00,2024,9,17,20,55,61,61497,Aire de la Dentelle,48.456705,0.127568,Crépuscule ou aube,Hors agglomération,Hors intersection,Normale,Autre collision,9,1,1,0,1,3,1,0,1,30,1,1,0,0,1,0,39.0,,voiture,,2,1,1,1,6
202400003906,2024-09-16 16:50:00,2024,9,16,16,50,51,51530,22 rue du 11 novembre,49.150135,4.253696,Plein jour,En agglomération,Intersection en T,Normale,Deux véhicules - côté,4,2,2,0,1,3,1,9,1,50,2,2,1,0,1,0,40.0,15.0,utilitaire_camion,deux_roues,1,2,3,1,3
202400003906,2024-09-16 16:50:00,2024,9,16,16,50,51,51530,22 rue du 11 novembre,49.150135,4.253696,Plein jour,En agglomération,Intersection en T,Normale,Deux véhicules - côté,4,2, -1,-1,1,1,1,0,1,-1,2,2,1,0,1,0,40.0,15.0,utilitaire_camion,deux_roues,1,2,3,1,3
202400003907,2024-09-14 19:15:00,2024,9,14,19,15,51,51161,Rue du 8 Mai,49.042032,4.176886,Plein jour,En agglomération,Hors intersection,Normale,Sans collision,6,-1, -1,0,1,2,1,0,3,50,1,1,0,0,0,1,16.0,,deux_roues,,1,2,1,1,7
202400003908,2024-09-18 16:15:00,2024,9,18,16,15,76,76452,D44,49.55503865,1.09224379,Plein jour,Hors agglomération,Hors intersection,Normale,Sans collision,3,2,2,0,1,1,1,0,1,80,2,2,1,0,1,0,63.0,63.0,deux_roues,deux_roues,1,1,1,1,7
202400003909,2024-09-18 11:00:00,2024,9,18,11,0,82,82184,1280 Route de Nègrepelisse,44.039636,1.557639,Plein jour,Hors agglomération,Hors intersection,Normale,Autre collision,3,2,2,0,1,1,1,0,3,80,1,1,0,0,1,0,44.0,,voiture,,1,1,1,1,6
202400003910,2024-09-18 07:45:00,2024,9,18,7,45,11,11437,,43.238098,2.243153,Crépuscule ou aube,Hors agglomération,Hors intersection,Normale,Deux véhicules - frontale,3,2,2,0,1,3,1,0,1,80,2,2,1,0,1,0,46.0,59.0,deux_roues,voiture,2,1,1,1,1
202400003911,2024-09-18 16:05:00,2024,9,18,16,5,25,25326,D11,47.233485,5.78594,Plein jour,Hors agglomération,Hors intersection,Normale,Sans collision,3,2,2,0,1,3,1,0,3,80,1,1,0,1,0,0,33.0,,utilitaire_camion,,1,1,1,1,7
202400003912,2024-09-16 17:40:00,2024,9,16,17,40,35,35306,D117,48.580199,-1.949934,Plein jour,Hors agglomération,Intersection en T,Normale,Deux véhicules - côté,3,2,2,0,1,2,1,5,1,80,2,2,1,0,1,0,74.0,53.0,voiture,deux_roues,1,1,3,1,3
202400003912,2024-09-16 17:40:00,2024,9,16,17,40,35,35306,D117,48.580199,-1.949934,Plein jour,Hors agglomération,Intersection en T,Normale,Deux véhicules - côté,3,1,1,0,2,1,1,3,1,80,2,2,1,0,1,0,74.0,53.0,voiture,deux_roues,1,1,3,1,3
202400003913,2024-09-18 12:25:00,2024,9,18,12,25,29,29158,Rue du 19 Mars 1962,47.811753,-4.340135,Plein jour,En agglomération,Intersection en X,Normale,Deux véhicules - côté,4,2,2,0,1,1,1,0,1,-1,2,2,1,0,0,1,75.0,84.0,deux_roues,voiture,1,2,2,1,3
202400003914,2024-09-17 18:00:00,2024,9,17,18,0,38,38126,Chemin Charles Pajon,45.216082,5.754438,Plein jour,En agglomération,Intersection en X,Normale,Autre collision,4,2,2,0,2,1,1,0,8,50,1,1,0,0,1,0,19.0,,deux_roues,,1,2,2,1,6
202400003914,2024-09-17 18:00:00,2024,9,17,18,0,38,38126,Chemin Charles Pajon,45.216082,5.754438,Plein jour,En agglomération,Intersection en X,Normale,Autre collision,4,2,2,0,2,1,1,0,1,50,1,1,0,0,1,0,19.0,,deux_roues,,1,2,2,1,6
202400003915,2024-09-18 13:15:00,2024,9,18,13,15,02,02693,D2,49.251,3.296692,Plein jour,Hors agglomération,Hors intersection,Normale,Sans collision,3,2,2,0,3,2,1,0,1,80,1,1,0,0,0,1,36.0,,deux_roues,,1,1,1,1,7
202400003916,2024-09-18 07:15:00,2024,9,18,7,15,26,26357,Route d'Orange,44.266803,4.904897,Nuit sans éclairage public,Hors agglomération,Hors intersection,Normale,Sans collision,3,2,2,0,1,1,1,0,3,80,1,1,0,1,0,0,43.0,,voiture,,3,1,1,1,7
202400003917,2024-09-18 12:00:00,2024,9,18,12,0,72,72080,Lieu Dit la Justiere,48.146551,0.67137837,Plein jour,Hors agglomération,Intersection en Y,Normale,Deux véhicules - côté,3,2,1,0,1,1,1,0,1,90,2,2,1,0,1,0,38.0,74.0,utilitaire_camion,voiture,1,1,4,1,3
202400003917,2024-09-18 12:00:00,2024,9,18,12,0,72,72080,Lieu Dit la Justiere,48.146551,0.67137837,Plein jour,Hors agglomération,Intersection en Y,Normale,Deux véhicules - côté,3,2, -1,-1,1,1,1,0,1,-1,2,2,1,0,1,0,38.0,74.0,utilitaire_camion,voiture,1,1,4,1,3
202400003918,2024-09-17 14:00:00,2024,9,17,14,0,18,18138,,47.091696,2.288595,Plein jour,Hors agglomération,Hors intersection,Normale,Deux véhicules - côté,3,2,2,0,1,1,1,0,3,80,2,2,1,0,1,0,55.0,61.0,voiture,voiture,1,1,1,1,3
202400003919,2024-09-16 17:15:00,2024,9,16,17,15,18,18242,,46.83671,2.949421,Plein jour,Hors agglomération,Hors intersection,Normale,Sans collision,4,2,2,0,1,1,1,0,8,80,1,1,0,0,0,1,39.0,,voiture,,1,1,1,1,7
202400003920,2024-09-18 10:00:00,2024,9,18,10,0,07,07346,1 Faubourg de la Madeleine,44.485455,4.681275,Plein jour,En agglomération,Intersection en T,Normale,Deux véhicules - côté,3,2,2,0,1,1,1,0,1,50,2,6,4,0,1,1,41.0,16.0,voiture,deux_roues,1,2,3,1,3
202400003920,2024-09-18 10:00:00,2024,9,18,10,0,07,07346,1 Faubourg de la Madeleine,44.485455,4.681275,Plein jour,En agglomération,Intersection en T,Normale,Deux véhicules - côté,3,2,2,0,1,1,1,0,6,50,2,6,4,0,1,1,41.0,16.0,voiture,deux_roues,1,2,3,1,3
202400003921,2024-09-17 17:46:00,2024,9,17,17,46,38,38249,D11 / A41s,45.223044,5.821469,Plein jour,Hors agglomération,Intersection en T,Normale,Deux véhicules - frontale,1,2,0,0,1,1,1,2,1,50,2,2,1,0,1,0,26.0,52.0,voiture,deux_roues,1,1,3,1,1
202400003921,2024-09-17 17:46:00,2024,9,17,17,46,38,38249,D11 / A41s,45.223044,5.821469,Plein jour,Hors agglomération,Intersection en T,Normale,Deux véhicules - frontale,1,-1,0,0,1,1,1,3,1,110,2,2,1,0,1,0,26.0,52.0,voiture,deux_roues,1,1,3,1,1
202400003922,2024-09-11 14:45:00,2024,9,11,14,45,17,17228,route centre europe atlantique,45.663074,-0.945827,Plein jour,Hors agglomération,Hors intersection,Normale,Deux véhicules - frontale,2,2,2,0,1,1,1,0,1,80,2,2,1,0,1,0,93.0,27.0,voiture,utilitaire_camion,1,1,1,1,1
202400003923,2024-09-18 12:55:00,2024,9,18,12,55,973,97311,Avenue Gaston Monnerville - Chemin de fatima,5.49353458,-54.01196659,Plein jour,En agglomération,Intersection en T,Normale,Deux véhicules - côté,2,2,2,0,1,1,1,0,1,50,2,2,1,0,1,0,24.0,26.0,deux_roues,voiture,1,2,3,1,3
202400003923,2024-09-18 12:55:00,2024,9,18,12,55,973,97311,Avenue Gaston Monnerville - Chemin de fatima,5.49353458,-54.01196659,Plein jour,En agglomération,Intersection en T,Normale,Deux véhicules - côté,2,2,2,0,1,1,1,0,1,50,2,2,1,0,1,0,24.0,26.0,deux_roues,voiture,1,2,3,1,3
202400003924,2024-09-15 04:30:00,2024,9,15,4,30,91,91662,1 Route de Montflix,48.51309,2.119165,Nuit avec éclairage allumé,En agglomération,Hors intersection,Normale,Autre collision,3,2,2,0,2,2,1,0,1,70,1,1,0,0,1,0,19.0,,voiture,,5,2,1,1,6
202400003925,2024-09-16 11:15:00,2024,9,16,11,15,91,91180,D372,48.450044,2.505473,Plein jour,Hors agglomération,Hors intersection,Normale,Autre collision,3,2,2,0,4,1,1,9,1,80,1,2,1,1,0,0,41.0,,utilitaire_camion,,1,1,1,1,6
202400003926,2024-09-17 11:25:00,2024,9,17,11,25,83,83016,Dn8,43.214219,5.811419,Plein jour,Hors agglomération,Hors intersection,Normale,Deux véhicules - côté,3,2,2,0,2,1,1,0,1,-1,2,2,1,0,1,0,42.0,66.0,deux_roues,voiture,1,1,1,1,3
202400003927,2024-11-30 01:00:00,2024,11,30,1,0,49,49248,Rd 71,47.759637,-0.99422,Nuit sans éclairage public,Hors agglomération,Hors intersection,Normale,Sans collision,3,2,2,0,1,1,1,0,1,-1,1,1,0,0,1,0,37.0,,voiture,,3,1,1,1,7
202400003928,2024-09-17 19:00:00,2024,9,17,19,0,13,13100,D99,43.794742,4.81626,Plein jour,Hors agglomération,Hors intersection,Normale,Deux véhicules - frontale,3,2,2,0,1,2,1,0,1,80,2,2,0,1,1,0,18.0,70.0,voiture,voiture,1,1,1,1,1
202400003929,2024-09-17 16:00:00,2024,9,17,16,0,71,71176,11 Rue des Blattiers,46.491088,4.002875,Plein jour,En agglomération,Intersection en T,Normale,Deux véhicules - arrière,3,2,2,0,1,1,1,0,1,50,2,2,1,0,1,0,44.0,47.0,deux_roues,transport_commun,1,2,3,1,2
202400003929,2024-09-17 16:00:00,2024,9,17,16,0,71,71176,11 Rue des Blattiers,46.491088,4.002875,Plein jour,En agglomération,Intersection en T,Normale,Deux véhicules - arrière,3,2,2,0,1,1,1,0,8,50,2,2,1,0,1,0,44.0,47.0,deux_roues,transport_commun,1,2,3,1,2
202400003930,2024-11-30 02:13:00,2024,11,30,2,13,06,06123,A8 PK 184.000 Nord,43.664294,7.180048,Nuit sans éclairage public,Hors agglomération,Hors intersection,Normale,Trois véhicules et plus - en chaîne,1,3,8,0,1,1,1,0,1,90,3,3,1,0,1,1,26.0,22.0,voiture,voiture,3,1,1,1,4
202400003931,2024-09-17 06:14:00,2024,9,17,6,14,71,71325,D979,46.492085,3.960196,Nuit sans éclairage public,En agglomération,Hors intersection,Normale,Deux véhicules - frontale,3,2,2,0,1,1,1,0,1,50,2,2,0,0,2,0,25.0,52.0,voiture,voiture,3,2,1,1,1
202400003932,2024-09-17 11:00:00,2024,9,17,11,0,42,42265,Route de Chuyer,45.444386,4.729233,Plein jour,Hors agglomération,Intersection en X,Normale,Deux véhicules - côté,3,2,2,0,1,3,1,0,1,80,2,2,0,0,0,2,64.0,23.0,voiture,voiture,1,1,2,1,3
202400003932,2024-09-17 11:00:00,2024,9,17,11,0,42,42265,Route de Chuyer,45.444386,4.729233,Plein jour,Hors agglomération,Intersection en X,Normale,Deux véhicules - côté,3,2,2,-1,1,1,1,0,1,-1,2,2,0,0,0,2,64.0,23.0,voiture,voiture,1,1,2,1,3
202400003933,2024-11-29 21:00:00,2024,11,29,21,0,59,59488,A2 sens VALENCIENNES vers PARIS PK 031.400,50.193976,3.202922,Nuit sans éclairage public,Hors agglomération,Hors intersection,Normale,Trois véhicules et plus - collisions multiples,1,1,2,0,1,1,1,0,1,130,4,6,3,0,0,3,30.0,27.0,voiture,voiture,3,1,1,1,5
202400003934,2024-09-18 12:45:00,2024,9,18,12,45,42,42261,Route de Lyon,45.720866,4.35322,Plein jour,En agglomération,Intersection en T,Normale,Autre collision,3,2,2,0,2,1,1,0,4,30,1,1,0,0,0,1,27.0,,deux_roues,,1,2,3,1,6
202400003934,2024-09-18 12:45:00,2024,9,18,12,45,42,42261,Route de Lyon,45.720866,4.35322,Plein jour,En agglomération,Intersection en T,Normale,Autre collision,3,2,2,0,1,1,1,0,4,30,1,1,0,0,0,1,27.0,,deux_roues,,1,2,3,1,6
202400003935,2024-11-28 13:15:00,2024,11,28,13,15,987,98722,pk 19,-17.592,-149.391,Plein jour,En agglomération,Hors intersection,Normale,Deux véhicules - frontale,2,2,2,0,1,3,1,0,3,60,1,3,1,0,1,1,49.0,,voiture,,1,2,1,1,1
202400003936,2024-09-16 08:40:00,2024,9,16,8,40,38,38507,rue de la chapelle,45.738916,5.183823,Plein jour,Hors agglomération,Hors intersection,Normale,Deux véhicules - côté,4,2,2,0,1,2,1,0,1,70,2,2,0,0,1,1,36.0,21.0,voiture,voiture,1,1,1,1,3
202400003937,2024-11-30 12:30:00,2024,11,30,12,30,988,98802,Route menant à Bouraké,-21.869345,166.039124,Plein jour,Hors agglomération,Hors intersection,Normale,Sans collision,4,2,2,0,1,3,1,2,1,90,1,4,2,0,2,0,26.0,,utilitaire_camion,,1,1,1,1,7
202400003938,2024-09-16 10:00:00,2024,9,16,10,0,01,01297,D22,45.879254,5.088558,Plein jour,Hors agglomération,Hors intersection,Normale,Deux véhicules - frontale,3,2,2,0,2,4,1,0,1,80,2,2,0,0,0,2,73.0,25.0,voiture,voiture,1,1,1,1,1
202400003939,2024-11-29 19:15:00,2024,11,29,19,15,986,98613,Ahoa,-13.285063,-176.235681,Nuit sans éclairage public,Hors agglomération,Giratoire,Normale,Deux véhicules - frontale,2,2,2,0,1,1,1,0,1,70,1,1,0,0,1,0,19.0,,deux_roues,,3,1,6,1,1
202400003940,2024-11-30 12:00:00,2024,11,30,12,0,45,45010,D921 PR 22 + 880,48.129041,2.252562,Plein jour,En agglomération,Hors intersection,Brouillard / fumée,Autre collision,3,2,2,0,1,1,1,0,1,50,1,2,1,1,0,0,22.0,,voiture,,1,2,1,5,6
202400003941,2024-08-01 20:30:00,2024,8,1,20,30,35,35206,D837,48.06259586,-1.69932157,Plein jour,En agglomération,Intersection en T,Normale,Deux véhicules - arrière,7,3,5,0,1,1,1,8,1,70,2,4,1,0,0,3,23.0,34.0,voiture,voiture,1,2,3,1,2
202400003941,2024-08-01 20:30:00,2024,8,1,20,30,35,35206,D837,48.06259586,-1.69932157,Plein jour,En agglomération,Intersection en T,Normale,Deux véhicules - arrière,7,2,3,0,1,1,1,0,1,80,2,4,1,0,0,3,23.0,34.0,voiture,voiture,1,2,3,1,2
202400003942,2024-11-30 14:45:00,2024,11,30,14,45,77,77145,D1036,48.614598,2.748084,Plein jour,Hors agglomération,Hors intersection,Brouillard / fumée,Deux véhicules - frontale,3,2,2,0,1,1,1,0,1,80,2,2,1,1,0,0,82.0,18.0,voiture,utilitaire_camion,1,1,1,5,1
202400003943,2024-09-18 12:45:00,2024,9,18,12,45,76,76495,Rue Pihet,49.570857,0.948305,Plein jour,En agglomération,Hors intersection,Normale,Deux véhicules - arrière,4,1,1,0,1,1,1,0,1,50,2,2,1,0,0,1,,13.0,autre,deux_roues,1,2,1,1,2
202400003944,2024-11-28 23:55:00,2024,11,28,23,55,78,78305,D45 intersection chemin de Poissy,48.91472,1.881473,Nuit sans éclairage public,Hors agglomération,Hors intersection,Autre,Sans collision,3,2,2,0,3,3,2,0,3,80,1,1,0,0,1,0,20.0,,deux_roues,,3,1,1,9,7
202400003945,2024-11-30 01:50:00,2024,11,30,1,50,66,66182,D81,42.73245,3.025966,Nuit avec éclairage non allumé,Hors agglomération,Giratoire,Normale,Deux véhicules - arrière,3,1,2,0,1,2,1,9,1,-1,2,3,2,0,0,1,23.0,54.0,voiture,voiture,4,1,6,1,2
202400003946,2024-09-17 17:40:00,2024,9,17,17,40,02,02555,D11,48.937182,3.31697,Plein jour,Hors agglomération,Intersection en X,Normale,Deux véhicules - côté,3,2,2,0,1,1,1,0,1,80,2,2,1,0,0,1,37.0,20.0,voiture,deux_roues,1,1,2,1,3
202400003946,2024-09-17 17:40:00,2024,9,17,17,40,02,02555,D11,48.937182,3.31697,Plein jour,Hors agglomération,Intersection en X,Normale,Deux véhicules - côté,3,2,2,0,1,1,1,0,1,50,2,2,1,0,0,1,37.0,20.0,voiture,deux_roues,1,1,2,1,3
202400003947,2024-11-29 13:05:00,2024,11,29,13,5,34,34050,D106,43.629708,4.055114,Plein jour,Hors agglomération,Hors intersection,Normale,Deux véhicules - côté,3,2,2,0,1,1,1,0,1,80,2,2,1,0,1,0,46.0,74.0,voiture,deux_roues,1,1,1,1,3
202400003948,2024-11-30 04:47:00,2024,11,30,4,47,05,05151,Route Nationale de Prelles,44.860812,6.591089,Nuit sans éclairage public,Hors agglomération,Hors intersection,Normale,Autre collision,2,2,2,0,2,1,1,0,3,80,1,1,0,0,0,1,33.0,,voiture,,3,1,1,1,6
202400003949,2024-09-16 12:00:00,2024,9,16,12,0,59,59400,Place de la Libération,50.642917,2.639476,Plein jour,En agglomération,Intersection en X,Normale,Deux véhicules - côté,3,2,2,0,1,1,1,0,1,50,2,2,1,0,0,1,21.0,48.0,voiture,deux_roues,1,2,2,1,3
202400003949,2024-09-16 12:00:00,2024,9,16,12,0,59,59400,Place de la Libération,50.642917,2.639476,Plein jour,En agglomération,Intersection en X,Normale,Deux véhicules - côté,3,2, -1,-1,1,1,1,0,1,-1,2,2,1,0,0,1,21.0,48.0,voiture,deux_roues,1,2,2,1,3