accident_id,datetime,annee,mois,jour,heure,minute,departement,commune_insee,adresse,latitude,longitude,luminosite,agglomeration,intersection,meteo,collision,catr,circ,nbv,vosp,prof,plan,surf,infra,situ,vma,nb_vehicules,nb_usagers,nb_indemnes,nb_tues,nb_blesses_hosp,nb_blesses_legers,age_cond_1,age_cond_2,veh_type_cond_1,veh_type_cond_2,lum_code,agg_code,int_code,atm_code,col_code
202400004101,2024-11-28 20:10:00,2024,11,28,20,10,76,76157,A150,49.46104,1.04182,Nuit sans éclairage public,Hors agglomération,Hors intersection,Normale,Deux véhicules - arrière,1,3,4,0,1,1,1,0,1,110,2,2,1,0,0,1,77.0,23.0,voiture,voiture,3,1,1,1,2
202400004102,2024-09-08 20:40:00,2024,9,8,20,40,31,31555,MARNE (BD DE LA) DU 1AU 28,43.586991,1.460334,Crépuscule ou aube,En agglomération,Hors intersection,Normale,Sans collision,4,1,1,1,1,3,1,-1,5,30,1,1,0,1,0,0,58.0,,deux_roues,,2,2,1,1,7
202400004103,2024-04-28 13:15:00,2024,4,28,13,15,67,67482,JACQUES KABLE (RUE),48.5923,7.74405,Plein jour,En agglomération,Intersection en T,Normale,Sans collision,4,2,4,1,1,1,1,5,5,50,1,1,0,0,0,1,49.0,,deux_roues,,1,2,3,1,7
202400004103,2024-04-28 13:15:00,2024,4,28,13,15,67,67482,JACQUES KABLE (RUE),48.5923,7.74405,Plein jour,En agglomération,Intersection en T,Normale,Sans collision,4,2,3,1,1,1,1,0,5,50,1,1,0,0,0,1,49.0,,deux_roues,,1,2,3,1,7
202400004104,2024-11-27 18:10:00,2024,11,27,18,10,76,76351,LENINGRAD (BD DE),49.49861,0.15933,Nuit avec éclairage allumé,En agglomération,Intersection en X,Normale,Deux véhicules - côté,4,3,8,1,1,1,1,0,1,50,2,2,1,0,0,1,21.0,32.0,deux_roues,voiture,5,2,2,1,3
202400004104,2024-11-27 18:10:00,2024,11,27,18,10,76,76351,LENINGRAD (BD DE),49.49861,0.15933,Nuit avec éclairage allumé,En agglomération,Intersection en X,Normale,Deux véhicules - côté,4,2,3,0,1,1,1,0,1,50,2,2,1,0,0,1,21.0,32.0,deux_roues,voiture,5,2,2,1,3
202400004105,2024-09-15 03:55:00,2024,9,15,3,55,31,31555,BD DE SUISSE,43.6217,1.425,Nuit avec éclairage allumé,En agglomération,Intersection en T,Normale,Deux véhicules - frontale,4,2,3,0,1,1,1,0,1,50,2,2,1,0,1,0,24.0,21.0,voiture,deux_roues,5,2,3,1,1
202400004105,2024-09-15 03:55:00,2024,9,15,3,55,31,31555,BD DE SUISSE,43.6217,1.425,Nuit avec éclairage allumé,En agglomération,Intersection en T,Normale,Deux véhicules - frontale,4,2,5,0,1,1,1,0,1,50,2,2,1,0,1,0,24.0,21.0,voiture,deux_roues,5,2,3,1,1
202400004106,2024-11-26 18:25:00,2024,11,26,18,25,76,76351,FOURRIER,49.513789,0.17504,Nuit avec éclairage non allumé,En agglomération,Hors intersection,Normale,Autre collision,4,2,2,0,1,1,1,0,1,50,1,3,1,0,0,2,18.0,,voiture,,4,2,1,1,6
202400004107,2024-09-14 22:24:00,2024,9,14,22,24,31,31555,ETATS UNIS (AV DES) DU 1AU 281,43.64282568,1.42820254,Nuit avec éclairage allumé,En agglomération,Hors intersection,Normale,Deux véhicules - côté,7,1,0,0,1,1,1,0,1,50,2,2,0,0,0,2,25.0,25.0,voiture,voiture,5,2,1,1,3
202400004108,2024-04-25 14:10:00,2024,4,25,14,10,67,67180,EXUPERY (RUE SAINT),48.79357,7.80761,Plein jour,En agglomération,Hors intersection,Normale,Deux véhicules - côté,4,3,2,0,1,1,2,0,1,30,2,2,1,0,0,1,31.0,51.0,voiture,deux_roues,1,2,1,1,3
202400004109,2024-11-28 16:00:00,2024,11,28,16,0,76,76217,BASTILLE (DE LA),49.93052,1.09137,Plein jour,En agglomération,Hors intersection,Normale,Autre collision,4,2,1,0,1,1,1,0,1,30,1,3,2,0,1,0,37.0,,voiture,,1,2,1,1,6
202400004110,2024-04-28 04:55:00,2024,4,28,4,55,64,64122,MILADY (AVENUE DE LA),43.46224,-1.5706,Nuit avec éclairage allumé,En agglomération,Giratoire,Normale,Sans collision,4,-1,2,0,1,2,1,0,1,50,1,1,0,0,0,1,20.0,,deux_roues,,5,2,6,1,7
202400004111,2024-09-16 18:50:00,2024,9,16,18,50,29,29232,Route de Pont l'Abbe,47.987955,-4.119778,Plein jour,En agglomération,Hors intersection,Normale,Deux véhicules - côté,4,2,2,0,1,1,1,0,1,50,2,2,1,0,0,1,23.0,43.0,voiture,deux_roues,1,2,1,1,3
202400004112,2024-11-23 16:00:00,2024,11,23,16,0,76,76217,NATIONALE (PLACE),49.92629801,1.07870277,Plein jour,En agglomération,Hors intersection,Normale,Autre collision,4,1,2,0,1,1,1,9,1,30,1,2,1,0,0,1,57.0,,utilitaire_camion,,1,2,1,1,6
202400004113,2024-09-16 11:45:00,2024,9,16,11,45,29,29039,Rue Courcy,47.873238,-3.921714,Plein jour,En agglomération,Intersection en X,Normale,Autre collision,4,-1,1,0,1,1,1,0,1,50,1,2,1,0,0,1,44.0,,utilitaire_camion,,1,2,2,1,6
202400004113,2024-09-16 11:45:00,2024,9,16,11,45,29,29039,Rue Courcy,47.873238,-3.921714,Plein jour,En agglomération,Intersection en X,Normale,Autre collision,4,1, -1,-1,1,1,1,0,1,-1,1,2,1,0,0,1,44.0,,utilitaire_camion,,1,2,2,1,6
202400004114,2024-04-28 10:40:00,2024,4,28,10,40,64,64125,GRANDE PLAGE (AVENUE DE LA),43.43931607,-1.59023345,Plein jour,En agglomération,Autre intersection,Normale,Autre collision,4,2,1,3,1,1,1,9,1,30,1,2,1,0,0,1,34.0,,voiture,,1,2,9,1,6
202400004115,2024-09-16 09:30:00,2024,9,16,9,30,26,26362,GAULLE BOULEVARD DU GENERAL DE,44.93034427,4.89344358,Plein jour,En agglomération,Hors intersection,Temps éblouissant,Autre collision,4,3,2,0,1,1,1,0,1,50,1,2,1,0,1,0,27.0,,voiture,,1,2,1,7,6
202400004116,2024-11-27 16:00:00,2024,11,27,16,0,72,72181,GENESLAY FELIX (AV) N° IMP 1 A 151,47.97777,0.20813,Plein jour,En agglomération,Intersection en X,Normale,Deux véhicules - côté,4,1,0,0,1,1,2,8,1,50,2,2,1,0,0,1,36.0,40.0,deux_roues,voiture,1,2,2,1,3
202400004116,2024-11-27 16:00:00,2024,11,27,16,0,72,72181,GENESLAY FELIX (AV) N° IMP 1 A 151,47.97777,0.20813,Plein jour,En agglomération,Intersection en X,Normale,Deux véhicules - côté,4,1,0,0,1,1,2,8,1,50,2,2,1,0,0,1,36.0,40.0,deux_roues,voiture,1,2,2,1,3
202400004117,2024-04-28 01:45:00,2024,4,28,1,45,63,63164,SUND DU PUY (RUE DU),45.83725,3.14484,Nuit avec éclairage allumé,En agglomération,Hors intersection,Normale,Autre collision,7,2,2,0,1,1,2,8,1,50,1,1,0,0,0,1,59.0,,voiture,,5,2,1,1,6
202400004118,2024-11-27 08:20:00,2024,11,27,8,20,72,72181,CHAMPION HENRI (RUE) N° PAIRS,47.98246,0.22885,Crépuscule ou aube,En agglomération,Hors intersection,Normale,Sans collision,4,-1,2,0,1,1,2,6,1,50,1,2,1,0,0,1,18.0,,voiture,,2,2,1,1,7
202400004119,2024-09-15 20:57:00,2024,9,15,20,57,18,18033,199 Avenue du Général Charles de Gaulle,47.106333,2.411337,Nuit avec éclairage allumé,En agglomération,Intersection en X,Normale,Deux véhicules - côté,3,-1,1,0,1,1,1,0,1,50,2,2,1,1,0,0,,51.0,voiture,deux_roues,5,2,2,1,3
202400004119,2024-09-15 20:57:00,2024,9,15,20,57,18,18033,199 Avenue du Général Charles de Gaulle,47.106333,2.411337,Nuit avec éclairage allumé,En agglomération,Intersection en X,Normale,Deux véhicules - côté,3,3,1,0,1,1,1,0,1,50,2,2,1,1,0,0,,51.0,voiture,deux_roues,5,2,2,1,3
202400004120,2024-11-25 08:20:00,2024,11,25,8,20,72,72181,NEGRIER GENERAL (BD) N° IMP,48.0101,0.2069,Nuit sans éclairage public,En agglomération,Autre intersection,Pluie forte,Autre collision,4,2,2,0,1,1,2,0,1,50,1,2,1,0,0,1,44.0,,voiture,,3,2,9,3,6
202400004121,2024-04-14 11:15:00,2024,4,14,11,15,62,62041,Rue Baudimont,50.29648419,2.76294708,Plein jour,En agglomération,Intersection à plus de 4 branches,Normale,Deux véhicules - côté,4,2,4,0,1,1,1,0,1,50,2,3,1,0,1,1,31.0,66.0,voiture,voiture,1,2,5,1,3
202400004121,2024-04-14 11:15:00,2024,4,14,11,15,62,62041,Rue Baudimont,50.29648419,2.76294708,Plein jour,En agglomération,Intersection à plus de 4 branches,Normale,Deux véhicules - côté,4,2,0,0,1,1,1,0,1,50,2,3,1,0,1,1,31.0,66.0,voiture,voiture,1,2,5,1,3
202400004121,2024-04-14 11:15:00,2024,4,14,11,15,62,62041,Rue Baudimont,50.29648419,2.76294708,Plein jour,En agglomération,Intersection à plus de 4 branches,Normale,Deux véhicules - côté,4,2,0,0,1,1,1,0,1,50,2,3,1,0,1,1,31.0,66.0,voiture,voiture,1,2,5,1,3
202400004122,2024-11-28 14:15:00,2024,11,28,14,15,69,69256,Rue du 19 Mars 1962,45.78159,4.93167,Plein jour,En agglomération,Intersection en T,Pluie légère,Deux véhicules - frontale,4,2,2,0,1,1,2,0,5,30,2,2,1,0,0,1,24.0,32.0,voiture,deux_roues,1,2,3,2,1
202400004122,2024-11-28 14:15:00,2024,11,28,14,15,69,69256,Rue du 19 Mars 1962,45.78159,4.93167,Plein jour,En agglomération,Intersection en T,Pluie légère,Deux véhicules - frontale,4,2,3,1,1,1,2,0,5,50,2,2,1,0,0,1,24.0,32.0,voiture,deux_roues,1,2,3,2,1
202400004123,2024-11-26 14:22:00,2024,11,26,14,22,68,68066,Rue du Ladhof,48.09077,7.37063,Plein jour,En agglomération,Intersection en X,Normale,Trois véhicules et plus - collisions multiples,3,2,2,0,1,1,1,0,1,50,3,4,3,1,0,0,43.0,66.0,voiture,utilitaire_camion,1,2,2,1,5
202400004123,2024-11-26 14:22:00,2024,11,26,14,22,68,68066,Rue du Ladhof,48.09077,7.37063,Plein jour,En agglomération,Intersection en X,Normale,Trois véhicules et plus - collisions multiples,3,2, -1,-1,1,1,1,0,1,-1,3,4,3,1,0,0,43.0,66.0,voiture,utilitaire_camion,1,2,2,1,5
202400004124,2024-11-28 16:40:00,2024,11,28,16,40,67,67447,SELESTAT (RUE DE),48.60931,7.73866,Nuit avec éclairage allumé,En agglomération,Hors intersection,Normale,Autre collision,4,2,2,0,1,1,1,0,1,30,1,2,1,0,0,1,34.0,,voiture,,5,2,1,1,6
202400004125,2024-04-28 22:45:00,2024,4,28,22,45,60,60057,Avenue Salvador Allendé,49.44196,2.10319,Nuit avec éclairage allumé,En agglomération,Hors intersection,Normale,Deux véhicules - arrière,4,2,1,0,1,1,1,0,1,50,2,4,0,0,0,4,23.0,45.0,voiture,voiture,5,2,1,1,2
202400004126,2024-09-14 02:00:00,2024,9,14,2,0,30,30032,FOURQUES ROUTE DE,43.75666,4.61437,Nuit sans éclairage public,Hors agglomération,Hors intersection,Normale,Deux véhicules - frontale,3,2,2,0,1,3,1,0,1,80,2,2,0,1,1,0,22.0,22.0,voiture,voiture,3,1,1,1,1
202400004127,2024-11-28 07:15:00,2024,11,28,7,15,67,67482,BISCHWILLER (ROUTE DE),48.59714,7.74169,Crépuscule ou aube,En agglomération,Hors intersection,Normale,Autre collision,7,3,6,1,1,1,1,2,5,50,1,2,0,0,0,2,17.0,,deux_roues,,2,2,1,1,6
202400004128,2024-11-27 11:05:00,2024,11,27,11,5,67,67482,HAUTE MONTEE (RUE DE LA),48.5843083,7.74596505,Plein jour,En agglomération,Hors intersection,Normale,Autre collision,4,2,2,3,1,1,1,0,4,50,1,2,1,0,0,1,23.0,,utilitaire_camion,,1,2,1,1,6
202400004129,2024-09-16 16:50:00,2024,9,16,16,50,11,11262,63 Avenue de Bordeaux,43.18178,2.98475,Plein jour,En agglomération,Hors intersection,Normale,Deux véhicules - arrière,4,2,2,0,1,1,1,0,1,50,2,2,1,0,0,1,16.0,41.0,deux_roues,voiture,1,2,1,1,2
202400004130,2024-04-28 19:35:00,2024,4,28,19,35,59,59650,PHILIPPOT (RUE GEORGES),50.71104,3.20706,Plein jour,En agglomération,Intersection en X,Normale,Deux véhicules - côté,4,2,4,1,1,1,1,0,1,70,2,2,0,0,0,2,39.0,22.0,voiture,voiture,1,2,2,1,3
202400004130,2024-04-28 19:35:00,2024,4,28,19,35,59,59650,PHILIPPOT (RUE GEORGES),50.71104,3.20706,Plein jour,En agglomération,Intersection en X,Normale,Deux véhicules - côté,4,2,2,0,1,1,1,0,1,50,2,2,0,0,0,2,39.0,22.0,voiture,voiture,1,2,2,1,3
202400004131,2024-11-28 12:30:00,2024,11,28,12,30,66,66136,SAINT-ASSISCLE (BOULEVARD DE),42.69725,2.87811,Plein jour,En agglomération,Hors intersection,Normale,Autre collision,4,2,4,3,1,1,1,0,1,30,1,2,1,0,0,1,25.0,,voiture,,1,2,1,1,6
202400004132,2024-09-16 19:50:00,2024,9,16,19,50,06,06069,2 Boulevard Marechal Leclerc,43.65017,6.9203,Plein jour,En agglomération,Hors intersection,Normale,Deux véhicules - arrière,4,2,2,0,1,1,1,0,1,50,2,2,1,0,0,1,30.0,33.0,deux_roues,voiture,1,2,1,1,2
202400004133,2024-11-26 14:10:00,2024,11,26,14,10,66,66136,Avenue Fernand de Chefdebien,42.68765375,2.88562238,Plein jour,En agglomération,Hors intersection,Normale,Autre collision,4,2,2,0,1,1,1,0,1,30,1,2,1,0,0,1,55.0,,voiture,,1,2,1,1,6
202400004134,2024-04-28 19:00:00,2024,4,28,19,0,59,59068,AULNOYE (RUE D'),50.204137,3.818665,Plein jour,En agglomération,Hors intersection,Normale,Deux véhicules - côté,3,2,2,0,1,1,1,0,1,50,2,5,3,0,1,1,33.0,16.0,voiture,deux_roues,1,2,1,1,3
202400004135,2024-09-16 16:45:00,2024,9,16,16,45,06,06155,Avenue Clement Massier,43.56906,7.07035,Plein jour,En agglomération,Autre intersection,Temps éblouissant,Deux véhicules - arrière,3,-1,1,0,2,4,1,0,1,30,2,3,1,1,0,1,62.0,66.0,utilitaire_camion,deux_roues,1,2,9,7,2
202400004136,2024-11-29 00:30:00,2024,11,29,0,30,62,62628,Rue de Lorraine,50.42354,2.88446,Nuit sans éclairage public,En agglomération,Intersection en X,Normale,Autre collision,4,2,2,0,1,1,1,0,1,50,1,3,1,0,1,1,,,voiture,,3,2,2,1,6
202400004136,2024-11-29 00:30:00,2024,11,29,0,30,62,62628,Rue de Lorraine,50.42354,2.88446,Nuit sans éclairage public,En agglomération,Intersection en X,Normale,Autre collision,4,2,2,0,1,1,1,0,1,50,1,3,1,0,1,1,,,voiture,,3,2,2,1,6
202400004137,2024-09-16 10:45:00,2024,9,16,10,45,75,75114,BD PERIPHERIQUE EXTERIEUR,48.82469724,2.30442792,Plein jour,En agglomération,Intersection en Y,Normale,Deux véhicules - côté,4,1,3,0,1,1,1,0,1,70,2,2,1,0,0,1,29.0,52.0,utilitaire_camion,voiture,1,2,4,1,3
202400004137,2024-09-16 10:45:00,2024,9,16,10,45,75,75114,BD PERIPHERIQUE EXTERIEUR,48.82469724,2.30442792,Plein jour,En agglomération,Intersection en Y,Normale,Deux véhicules - côté,4,1,2,0,1,1,1,0,1,50,2,2,1,0,0,1,29.0,52.0,utilitaire_camion,voiture,1,2,4,1,3
202400004138,2024-11-27 17:40:00,2024,11,27,17,40,62,62065,Rue Paul Daumont,50.40684,2.82422,Nuit avec éclairage allumé,En agglomération,Hors intersection,Normale,Autre collision,4,2,2,0,1,1,1,9,1,50,1,2,1,0,1,0,35.0,,voiture,,5,2,1,1,6
202400004139,2024-04-28 02:00:00,2024,4,28,2,0,59,59350,Rue de Cambrai,50.61553393,3.04829836,Nuit avec éclairage allumé,En agglomération,Hors intersection,Pluie légère,Deux véhicules - frontale,7,2,2,0,1,1,2,0,1,30,2,6,5,0,0,1,,31.0,utilitaire_camion,voiture,5,2,1,2,1
202400004140,2024-09-16 09:45:00,2024,9,16,9,45,75,75116,ECHANGEUR MAILLOT,48.876926,2.276461,Plein jour,En agglomération,Hors intersection,Normale,Sans collision,4,1,2,0,1,1,1,0,1,50,1,1,0,0,1,0,48.0,,deux_roues,,1,2,1,1,7
202400004141,2024-11-28 07:50:00,2024,11,28,7,50,62,62563,D75,50.47690369,2.73149152,Plein jour,En agglomération,Hors intersection,Normale,Autre collision,3,2,2,0,1,1,1,0,1,50,1,2,1,0,0,1,38.0,,voiture,,1,2,1,1,6
202400004142,2024-04-26 14:00:00,2024,4,26,14,0,59,59273,ENROCHEMENTS (ROUTE DES),51.00706,2.13343,Plein jour,En agglomération,Autre intersection,Normale,Deux véhicules - côté,4,-1,2,1,1,1,1,0,8,50,2,2,1,0,1,0,53.0,24.0,voiture,deux_roues,1,2,9,1,3
202400004143,2024-09-16 08:55:00,2024,9,16,8,55,75,75117,RUE CARDINET,48.891092,2.318016,Plein jour,En agglomération,Intersection en T,Normale,Sans collision,4,1, -1,-1,1,1,1,0,1,-1,1,1,0,0,0,1,22.0,,deux_roues,,1,2,3,1,7
202400004143,2024-09-16 08:55:00,2024,9,16,8,55,75,75117,RUE CARDINET,48.891092,2.318016,Plein jour,En agglomération,Intersection en T,Normale,Sans collision,4,2,2,0,1,1,1,0,1,30,1,1,0,0,0,1,22.0,,deux_roues,,1,2,3,1,7
202400004144,2024-11-28 19:25:00,2024,11,28,19,25,62,62178,D841,50.49212161,2.56780243,Nuit avec éclairage allumé,En agglomération,Hors intersection,Normale,Deux véhicules - côté,3,2,2,0,1,1,1,0,1,50,2,2,1,0,0,1,31.0,37.0,deux_roues,voiture,5,2,1,1,3
202400004145,2024-04-28 08:50:00,2024,4,28,8,50,54,54367,RN52,49.50251,5.79246,Plein jour,Hors agglomération,Hors intersection,Normale,Sans collision,2,3,2,0,1,1,1,0,3,110,1,1,0,0,0,1,48.0,,voiture,,1,1,1,1,7
202400004146,2024-09-14 08:15:00,2024,9,14,8,15,75,75115,Boulevard Garibaldi,48.845015,2.310692,Plein jour,En agglomération,Intersection en X,Normale,Deux véhicules - côté,4,3,1,0,1,1,1,0,1,30,2,3,0,0,0,3,16.0,57.0,deux_roues,deux_roues,1,2,2,1,3
202400004146,2024-09-14 08:15:00,2024,9,14,8,15,75,75115,Boulevard Garibaldi,48.845015,2.310692,Plein jour,En agglomération,Intersection en X,Normale,Deux véhicules - côté,4,1, -1,-1,1,1,1,0,1,-1,2,3,0,0,0,3,16.0,57.0,deux_roues,deux_roues,1,2,2,1,3
202400004147,2024-11-28 19:20:00,2024,11,28,19,20,56,56098,Haut Locoyarne,47.78972,-3.29342,Nuit sans éclairage public,Hors agglomération,Hors intersection,Temps couvert,Deux véhicules - arrière,2,3,4,0,1,1,2,2,1,110,2,2,1,0,1,0,28.0,56.0,deux_roues,utilitaire_camion,3,1,1,8,2
202400004148,2024-04-28 19:00:00,2024,4,28,19,0,38,38185,Cours de la Libération et du Général de Gaulle,45.17972903,5.71612269,Plein jour,En agglomération,Hors intersection,Pluie légère,Deux véhicules - arrière,4,1,1,1,1,1,2,0,1,50,2,2,1,0,0,1,57.0,22.0,voiture,deux_roues,1,2,1,2,2
202400004149,2024-09-16 12:23:00,2024,9,16,12,23,75,75114,AVENUE PAUL VAILLANT COUTURIER,48.81698,2.332154,Plein jour,En agglomération,Intersection en T,Normale,Autre collision,4,2,2,0,1,1,1,0,1,30,1,2,1,0,0,1,20.0,,utilitaire_camion,,1,2,3,1,6
202400004149,2024-09-16 12:23:00,2024,9,16,12,23,75,75114,AVENUE PAUL VAILLANT COUTURIER,48.81698,2.332154,Plein jour,En agglomération,Intersection en T,Normale,Autre collision,4,2, -1,-1,1,1,1,0,1,-1,1,2,1,0,0,1,20.0,,utilitaire_camion,,1,2,3,1,6
202400004150,2024-11-27 15:40:00,2024,11,27,15,40,54,54431,Rue Gambetta,48.90572,6.05992,Plein jour,En agglomération,Intersection en X,Normale,Deux véhicules - côté,3,1,2,0,1,1,1,0,1,50,2,2,1,0,0,1,44.0,65.0,voiture,deux_roues,1,2,2,1,3
202400004150,2024-11-27 15:40:00,2024,11,27,15,40,54,54431,Rue Gambetta,48.90572,6.05992,Plein jour,En agglomération,Intersection en X,Normale,Deux véhicules - côté,3,2,2,0,1,1,1,0,1,50,2,2,1,0,0,1,44.0,65.0,voiture,deux_roues,1,2,2,1,3
202400004151,2024-04-26 17:49:00,2024,4,26,17,49,34,34172,RECAMBALE (AVENUE DE LA),43.60083,3.84001,Plein jour,En agglomération,Hors intersection,Normale,Deux véhicules - arrière,7,1,3,0,1,1,1,0,1,50,2,5,4,0,1,0,22.0,23.0,deux_roues,voiture,1,2,1,1,2
202400004152,2024-09-16 14:15:00,2024,9,16,14,15,75,75109,RUE DE SEZE,48.86992,2.328003,Plein jour,En agglomération,Intersection à plus de 4 branches,Normale,Autre collision,4,2,2,0,1,1,2,0,1,30,1,2,1,0,0,1,52.0,,voiture,,1,2,5,1,6
202400004152,2024-09-16 14:15:00,2024,9,16,14,15,75,75109,RUE DE SEZE,48.86992,2.328003,Plein jour,En agglomération,Intersection à plus de 4 branches,Normale,Autre collision,4,-1,1,0,1,1,1,0,1,30,1,2,1,0,0,1,52.0,,voiture,,1,2,5,1,6
202400004153,2024-11-28 14:35:00,2024,11,28,14,35,54,54382,Route de Longwy,49.53513,5.76597,Plein jour,En agglomération,Intersection en Y,Temps éblouissant,Deux véhicules - côté,3,-1,2,0,1,1,1,0,1,50,2,2,0,0,0,2,18.0,49.0,voiture,voiture,1,2,4,7,3
202400004153,2024-11-28 14:35:00,2024,11,28,14,35,54,54382,Route de Longwy,49.53513,5.76597,Plein jour,En agglomération,Intersection en Y,Temps éblouissant,Deux véhicules - côté,3,2,2,0,1,1,1,0,1,50,2,2,0,0,0,2,18.0,49.0,voiture,voiture,1,2,4,7,3
202400004154,2024-04-27 00:25:00,2024,4,27,0,25,34,34172,FLAHAULT (AVENUE CHARLES,43.61993,3.86532,Nuit avec éclairage allumé,En agglomération,Intersection en T,Pluie légère,Deux véhicules - côté,4,2,4,1,1,1,2,5,1,50,2,2,1,0,1,0,18.0,22.0,voiture,deux_roues,5,2,3,2,3
202400004154,2024-04-27 00:25:00,2024,4,27,0,25,34,34172,FLAHAULT (AVENUE CHARLES,43.61993,3.86532,Nuit avec éclairage allumé,En agglomération,Intersection en T,Pluie légère,Deux véhicules - côté,4,2,2,0,2,1,2,0,1,50,2,2,1,0,1,0,18.0,22.0,voiture,deux_roues,5,2,3,2,3
202400004155,2024-09-16 13:15:00,2024,9,16,13,15,75,75108,AVENUE FRANKLIN D ROOSEVELT,48.864917,2.310279,Plein jour,En agglomération,Intersection à plus de 4 branches,Normale,Sans collision,4,1,1,0,1,1,1,0,1,30,1,1,0,0,1,0,27.0,,deux_roues,,1,2,5,1,7
202400004155,2024-09-16 13:15:00,2024,9,16,13,15,75,75108,AVENUE FRANKLIN D ROOSEVELT,48.864917,2.310279,Plein jour,En agglomération,Intersection à plus de 4 branches,Normale,Sans collision,4,2, -1,-1,1,1,1,0,1,-1,1,1,0,0,1,0,27.0,,deux_roues,,1,2,5,1,7
202400004156,2024-11-28 13:35:00,2024,11,28,13,35,51,51454,RN 44 (de Cambrai à Chalons),49.22472,4.10859,Plein jour,Hors agglomération,Hors intersection,Normale,Deux véhicules - arrière,3,3,4,0,1,1,1,0,1,110,2,2,1,0,0,1,46.0,20.0,utilitaire_camion,voiture,1,1,1,1,2
202400004157,2024-09-16 09:40:00,2024,9,16,9,40,75,75107,RUE DES SAINTS PERES,48.857613,2.332712,Plein jour,En agglomération,Intersection en T,Normale,Deux véhicules - arrière,4,1, -1,-1,1,1,1,0,1,-1,2,2,1,0,0,1,77.0,,deux_roues,deux_roues,1,2,3,1,2
202400004157,2024-09-16 09:40:00,2024,9,16,9,40,75,75107,RUE DES SAINTS PERES,48.857613,2.332712,Plein jour,En agglomération,Intersection en T,Normale,Deux véhicules - arrière,4,1,0,0,1,1,1,0,1,30,2,2,1,0,0,1,77.0,,deux_roues,deux_roues,1,2,3,1,2
202400004158,2024-04-28 15:00:00,2024,4,28,15,0,33,33318,,44.771577,-0.72631,Plein jour,En agglomération,Hors intersection,Normale,Sans collision,4,2,2,0,1,1,1,0,8,50,1,4,1,0,1,2,18.0,,voiture,,1,2,1,1,7
202400004159,2024-11-27 16:50:00,2024,11,27,16,50,51,51454,GOULET (RUE MODESTE),49.27339,4.05753,Nuit avec éclairage allumé,En agglomération,Hors intersection,Pluie légère,Deux véhicules - frontale,4,2,2,0,2,2,2,0,1,50,2,4,2,0,0,2,65.0,65.0,voiture,utilitaire_camion,5,2,1,2,1
202400004160,2024-09-16 10:00:00,2024,9,16,10,0,75,75107,Quai d'Orsay,48.862677,2.310404,Plein jour,En agglomération,Intersection en X,Normale,Deux véhicules - arrière,4,2, -1,-1,1,1,1,0,1,-1,2,2,1,0,0,1,,45.0,deux_roues,deux_roues,1,2,2,1,2
202400004160,2024-09-16 10:00:00,2024,9,16,10,0,75,75107,Quai d'Orsay,48.862677,2.310404,Plein jour,En agglomération,Intersection en X,Normale,Deux véhicules - arrière,4,2,2,1,1,1,1,0,1,30,2,2,1,0,0,1,,45.0,deux_roues,deux_roues,1,2,2,1,2
202400004161,2024-04-28 03:15:00,2024,4,28,3,15,31,31555,AV DE CASSELARDIT,43.61293,1.40218,Nuit sans éclairage public,En agglomération,Hors intersection,Normale,Autre collision,4,2,2,0,1,3,1,0,1,50,1,4,2,0,1,1,20.0,,voiture,,3,2,1,1,6
202400004162,2024-11-27 14:53:00,2024,11,27,14,53,51,51454,LUNDY (BOULEVARD),49.25814,4.03832,Plein jour,En agglomération,Hors intersection,Pluie légère,Autre collision,4,2,3,1,1,1,2,0,1,50,1,2,1,0,1,0,25.0,,voiture,,1,2,1,2,6
202400004163,2024-09-13 10:00:00,2024,9,13,10,0,94,94068,Quai du Port au Fouarre,48.79915,2.47122,Plein jour,En agglomération,Intersection en T,Autre,Deux véhicules - arrière,3,2,2,0,2,1,1,5,1,30,2,2,1,0,0,1,45.0,46.0,utilitaire_camion,utilitaire_camion,1,2,3,9,2
202400004163,2024-09-13 10:00:00,2024,9,13,10,0,94,94068,Quai du Port au Fouarre,48.79915,2.47122,Plein jour,En agglomération,Intersection en T,Autre,Deux véhicules - arrière,3,2,2,1,1,2,1,5,1,30,2,2,1,0,0,1,45.0,46.0,utilitaire_camion,utilitaire_camion,1,2,3,9,2
202400004164,2024-11-27 14:10:00,2024,11,27,14,10,51,51172,ALSACE LORRAINE (BOULEVARD),49.21699,4.04683,Plein jour,En agglomération,Hors intersection,Pluie légère,Autre collision,4,3,2,0,1,3,2,5,1,50,1,1,0,0,0,1,74.0,,voiture,,1,2,1,2,6
202400004165,2024-04-26 13:00:00,2024,4,26,13,0,22,22113,QUATRE VENTS (LIEU-DIT LES),48.71478,-3.39709,Plein jour,Hors agglomération,Hors intersection,Normale,Autre collision,3,3,2,0,1,1,1,0,3,110,1,4,3,0,0,1,51.0,,voiture,,1,1,1,1,6
202400004166,2024-11-27 08:53:00,2024,11,27,8,53,49,49328,GAMBETTA (RUE),47.25912,-0.08265,Crépuscule ou aube,En agglomération,Intersection en T,Temps couvert,Deux véhicules - côté,4,1,1,0,1,1,1,0,1,50,2,2,1,0,0,1,15.0,47.0,deux_roues,voiture,2,2,3,8,3
202400004166,2024-11-27 08:53:00,2024,11,27,8,53,49,49328,GAMBETTA (RUE),47.25912,-0.08265,Crépuscule ou aube,En agglomération,Intersection en T,Temps couvert,Deux véhicules - côté,4,1,1,1,1,1,1,0,1,50,2,2,1,0,0,1,15.0,47.0,deux_roues,voiture,2,2,3,8,3