accident_id,datetime,annee,mois,jour,heure,minute,departement,commune_insee,adresse,latitude,longitude,luminosite,agglomeration,intersection,meteo,collision,catr,circ,nbv,vosp,prof,plan,surf,infra,situ,vma,nb_vehicules,nb_usagers,nb_indemnes,nb_tues,nb_blesses_hosp,nb_blesses_legers,age_cond_1,age_cond_2,veh_type_cond_1,veh_type_cond_2,lum_code,agg_code,int_code,atm_code,col_code
202400004236,2024-11-27 16:30:00,2024,11,27,16,30,75,75117,AVENUE DE LA PORTE DES TERNES,48.880928,2.283955,Crépuscule ou aube,En agglomération,Place,Normale,Deux véhicules - côté,4,2,4,0,1,1,2,0,1,30,2,2,1,0,0,1,24.0,69.0,voiture,deux_roues,2,2,7,1,3
202400004236,2024-11-27 16:30:00,2024,11,27,16,30,75,75117,AVENUE DE LA PORTE DES TERNES,48.880928,2.283955,Crépuscule ou aube,En agglomération,Place,Normale,Deux véhicules - côté,4,1, -1,-1,1,1,2,0,1,30,2,2,1,0,0,1,24.0,69.0,voiture,deux_roues,2,2,7,1,3
202400004237,2024-04-27 23:39:00,2024,4,27,23,39,92,92012,QUATRE SEPTEMBRE (QUAI DU),48.84133,2.22543,Nuit avec éclairage allumé,En agglomération,Hors intersection,Pluie légère,Autre collision,3,1,2,0,1,2,2,0,1,50,1,3,1,0,1,1,54.0,,voiture,,5,2,1,2,6
202400004238,2024-09-17 10:45:00,2024,9,17,10,45,77,77478,A4 PK 54+0800,48.974316,3.068469,Plein jour,Hors agglomération,Hors intersection,Normale,Autre collision,1,3,2,0,2,3,1,0,1,130,1,1,0,0,0,1,39.0,,voiture,,1,1,1,1,6
202400004239,2024-09-16 10:30:00,2024,9,16,10,30,972,97227,N5,14.469817,-60.922349,Plein jour,En agglomération,Hors intersection,Normale,Deux véhicules - frontale,2,2,2,0,2,3,1,0,1,50,2,2,0,0,2,0,46.0,43.0,utilitaire_camion,utilitaire_camion,1,2,1,1,1
202400004240,2024-11-28 08:20:00,2024,11,28,8,20,75,75116,PLACE DU TROCADERO ET DU 11 NOVEMBRE,48.862747,2.287467,Plein jour,En agglomération,Place,Normale,Deux véhicules - côté,4,2,2,2,1,1,1,0,1,30,2,2,1,0,0,1,24.0,45.0,deux_roues,voiture,1,2,7,1,3
202400004241,2024-04-28 12:45:00,2024,4,28,12,45,2A,2A249,D319a,41.673894,8.901707,Plein jour,En agglomération,Giratoire,Normale,Deux véhicules - côté,3,2,2,0,1,1,1,0,1,50,2,2,1,0,1,0,62.0,61.0,voiture,deux_roues,1,2,6,1,3
202400004242,2024-09-17 08:48:00,2024,9,17,8,48,29,29181,N12,48.48627491,-4.27639992,Plein jour,Hors agglomération,Hors intersection,Normale,Trois véhicules et plus - en chaîne,2,3,2,0,1,1,1,0,1,110,3,3,2,0,0,1,40.0,47.0,voiture,voiture,1,1,1,1,4
202400004243,2024-11-28 20:00:00,2024,11,28,20,0,75,75115,QUAI DE GRENELLE,48.849446,2.281634,Nuit avec éclairage allumé,En agglomération,Intersection en X,Normale,Deux véhicules - côté,4,2, -1,1,1,1,1,0,5,50,2,2,1,0,0,1,61.0,27.0,voiture,deux_roues,5,2,2,1,3
202400004243,2024-11-28 20:00:00,2024,11,28,20,0,75,75115,QUAI DE GRENELLE,48.849446,2.281634,Nuit avec éclairage allumé,En agglomération,Intersection en X,Normale,Deux véhicules - côté,4,2, -1,1,1,1,1,2,5,50,2,2,1,0,0,1,61.0,27.0,voiture,deux_roues,5,2,2,1,3
202400004244,2024-04-27 12:35:00,2024,4,27,12,35,22,22182,la Ville Richard,48.543363,-2.961277,Plein jour,Hors agglomération,Intersection en X,Normale,Deux véhicules - côté,3,2,2,0,1,1,1,0,1,-1,2,2,1,0,1,0,55.0,46.0,voiture,deux_roues,1,1,2,1,3
202400004244,2024-04-27 12:35:00,2024,4,27,12,35,22,22182,la Ville Richard,48.543363,-2.961277,Plein jour,Hors agglomération,Intersection en X,Normale,Deux véhicules - côté,3,1,1,0,3,1,1,0,1,50,2,2,1,0,1,0,55.0,46.0,voiture,deux_roues,1,1,2,1,3
202400004245,2024-11-28 17:05:00,2024,11,28,17,5,75,75115,RUE DE LA CONVENTION,48.842349,2.285153,Crépuscule ou aube,En agglomération,Hors intersection,Normale,Deux véhicules - frontale,4,2,3,3,1,1,1,0,1,30,2,2,1,0,0,1,32.0,,deux_roues,utilitaire_camion,2,2,1,1,1
202400004246,2024-09-17 07:32:00,2024,9,17,7,32,29,29095,PK 63+200,48.45800984,-4.36340456,Plein jour,Hors agglomération,Hors intersection,Normale,Deux véhicules - arrière,2,3,2,0,1,1,1,0,1,110,2,2,1,0,1,0,51.0,59.0,voiture,deux_roues,1,1,1,1,2
202400004247,2024-09-17 17:05:00,2024,9,17,17,5,974,97410,150 Chemin de Ceinture,-21.102427,55.716092,Plein jour,Hors agglomération,Hors intersection,Normale,Deux véhicules - arrière,3,2,2,0,1,1,1,0,1,50,2,2,1,0,1,0,15.0,47.0,deux_roues,transport_commun,1,1,1,1,2
202400004248,2024-11-28 09:26:00,2024,11,28,9,26,75,75113,BOULEVARD KELLERMANN,48.820991,2.350793,Plein jour,En agglomération,Intersection en X,Normale,Deux véhicules - côté,4,2,6,2,2,1,1,0,1,50,2,2,1,0,0,1,23.0,39.0,deux_roues,deux_roues,1,2,2,1,3
202400004248,2024-11-28 09:26:00,2024,11,28,9,26,75,75113,BOULEVARD KELLERMANN,48.820991,2.350793,Plein jour,En agglomération,Intersection en X,Normale,Deux véhicules - côté,4,2,2,0,1,1,1,0,1,30,2,2,1,0,0,1,23.0,39.0,deux_roues,deux_roues,1,2,2,1,3
202400004249,2024-04-28 04:00:00,2024,4,28,4,0,67,67430,Saint-Pierre-Bois,48.34197079,7.3677871,Nuit sans éclairage public,Hors agglomération,Hors intersection,Normale,Sans collision,3,2,2,0,2,3,1,0,3,80,1,1,0,0,1,0,23.0,,voiture,,3,1,1,1,7
202400004250,2024-09-17 14:50:00,2024,9,17,14,50,84,84039,D907,44.105461,4.857159,Plein jour,Hors agglomération,Hors intersection,Normale,Deux véhicules - frontale,3,2,3,0,1,1,1,0,1,80,2,2,1,0,1,0,57.0,21.0,utilitaire_camion,utilitaire_camion,1,1,1,1,1
202400004251,2024-11-27 18:00:00,2024,11,27,18,0,75,75113,BOULEVARD MASSENA,48.823232,2.374045,Nuit avec éclairage allumé,En agglomération,Hors intersection,Pluie légère,Autre collision,4,2,7,1,2,1,2,0,1,50,1,2,1,0,0,1,39.0,,voiture,,5,2,1,2,6
202400004252,2024-04-29 17:00:00,2024,4,29,17,0,76,76534,Rue des Six Chemins,49.58950912,0.22966482,Plein jour,Hors agglomération,Hors intersection,Normale,Deux véhicules - frontale,4,-1,2,0,2,1,1,0,1,50,2,2,1,0,1,0,19.0,34.0,deux_roues,utilitaire_camion,1,1,1,1,1
202400004253,2024-09-17 15:00:00,2024,9,17,15,0,34,34270,35 Avenue Georges Clemenceau,43.579703,3.822894,Plein jour,En agglomération,Hors intersection,Normale,Autre collision,4,2,2,0,1,1,1,0,1,30,1,2,1,0,0,1,21.0,,voiture,,1,2,1,1,6
202400004254,2024-04-28 19:25:00,2024,4,28,19,25,41,41223,A10,47.619442,1.235747,Crépuscule ou aube,Hors agglomération,Hors intersection,Normale,Sans collision,1,1,3,0,2,1,1,0,2,130,1,6,5,0,1,0,42.0,,autre,,2,1,1,1,7
202400004255,2024-11-28 11:37:00,2024,11,28,11,37,75,75109,RUE SAINT LAZARE,48.876257,2.331896,Plein jour,En agglomération,Intersection en X,Normale,Autre collision,4,1, -1,0,1,1,1,0,1,30,1,2,1,0,0,1,83.0,,deux_roues,,1,2,2,1,6
202400004255,2024-11-28 11:37:00,2024,11,28,11,37,75,75109,RUE SAINT LAZARE,48.876257,2.331896,Plein jour,En agglomération,Intersection en X,Normale,Autre collision,4,2,4,0,1,1,1,0,1,30,1,2,1,0,0,1,83.0,,deux_roues,,1,2,2,1,6
202400004256,2024-09-16 11:40:00,2024,9,16,11,40,51,51227,RD977,48.89220273,4.29690427,Plein jour,Hors agglomération,Hors intersection,Normale,Deux véhicules - frontale,3,2,2,0,1,1,1,0,1,-1,2,2,1,1,0,0,39.0,18.0,utilitaire_camion,voiture,1,1,1,1,1
202400004257,2024-04-28 17:34:00,2024,4,28,17,34,974,97413,Chemin la Surprise,-21.156268,55.297188,Plein jour,Hors agglomération,Hors intersection,Normale,Autre collision,3,2,2,0,2,2,1,0,3,80,1,1,0,0,1,0,27.0,,voiture,,1,1,1,1,6
202400004258,2024-09-16 15:00:00,2024,9,16,15,0,80,80710,D928,50.005201,1.72509,Plein jour,Hors agglomération,Intersection en X,Normale,Deux véhicules - côté,3,2,2,0,1,1,1,0,1,80,2,2,1,0,1,0,40.0,82.0,deux_roues,voiture,1,1,2,1,3
202400004258,2024-09-16 15:00:00,2024,9,16,15,0,80,80710,D928,50.005201,1.72509,Plein jour,Hors agglomération,Intersection en X,Normale,Deux véhicules - côté,3,2,2,0,1,1,1,0,1,80,2,2,1,0,1,0,40.0,82.0,deux_roues,voiture,1,1,2,1,3
202400004259,2024-04-26 09:15:00,2024,4,26,9,15,974,97413,Chemin Dubuisson,-21.173587,55.295182,Plein jour,En agglomération,Hors intersection,Normale,Autre collision,3,2,2,0,2,2,1,0,1,50,1,1,0,0,1,0,41.0,,deux_roues,,1,2,1,1,6
202400004260,2024-11-27 17:15:00,2024,11,27,17,15,75,75108,AVENUE DE FRIEDLAND,48.874077,2.298208,Nuit avec éclairage allumé,En agglomération,Intersection en T,Normale,Autre collision,4,2,4,0,2,1,2,0,1,30,1,2,1,0,0,1,44.0,,deux_roues,,5,2,3,1,6
202400004260,2024-11-27 17:15:00,2024,11,27,17,15,75,75108,AVENUE DE FRIEDLAND,48.874077,2.298208,Nuit avec éclairage allumé,En agglomération,Intersection en T,Normale,Autre collision,4,1, -1,0,2,1,2,0,1,30,1,2,1,0,0,1,44.0,,deux_roues,,5,2,3,1,6
202400004261,2024-09-14 09:40:00,2024,9,14,9,40,34,34107,D14,43.598544,2.846156,Plein jour,Hors agglomération,Hors intersection,Normale,Sans collision,3,2,2,0,2,2,1,0,1,80,1,1,0,0,1,0,55.0,,deux_roues,,1,1,1,1,7
202400004262,2024-04-29 05:50:00,2024,4,29,5,50,34,34199,A75,43.444678,3.421061,Nuit sans éclairage public,Hors agglomération,Hors intersection,Pluie forte,Autre collision,1,1,2,0,3,2,4,3,3,70,2,2,1,0,1,0,26.0,41.0,voiture,utilitaire_camion,3,1,1,3,6
202400004263,2024-09-17 08:33:00,2024,9,17,8,33,25,25212,3 Rue de Châtillon,47.278712,5.993471,Plein jour,En agglomération,Intersection en T,Normale,Deux véhicules - arrière,4,2,2,2,2,1,1,0,5,50,2,2,1,0,0,1,55.0,45.0,deux_roues,voiture,1,2,3,1,2
202400004263,2024-09-17 08:33:00,2024,9,17,8,33,25,25212,3 Rue de Châtillon,47.278712,5.993471,Plein jour,En agglomération,Intersection en T,Normale,Deux véhicules - arrière,4,2, -1,-1,1,1,1,0,1,-1,2,2,1,0,0,1,55.0,45.0,deux_roues,voiture,1,2,3,1,2
202400004264,2024-11-28 13:56:00,2024,11,28,13,56,75,75107,RUE DE BEAUNE,48.859252,2.330234,Plein jour,En agglomération,Intersection en T,Normale,Sans collision,4,1,3,0,1,1,1,0,1,30,1,1,0,0,0,1,81.0,,deux_roues,,1,2,3,1,7
202400004264,2024-11-28 13:56:00,2024,11,28,13,56,75,75107,RUE DE BEAUNE,48.859252,2.330234,Plein jour,En agglomération,Intersection en T,Normale,Sans collision,4,1,1,0,1,1,1,0,1,30,1,1,0,0,0,1,81.0,,deux_roues,,1,2,3,1,7
202400004265,2024-04-28 17:40:00,2024,4,28,17,40,58,58086,A77 au PK 105+800,47.373477,2.923307,Plein jour,Hors agglomération,Hors intersection,Normale,Deux véhicules - arrière,1,3,2,0,1,1,1,0,2,130,2,4,3,0,1,0,66.0,60.0,voiture,voiture,1,1,1,1,2
202400004266,2024-09-16 20:00:00,2024,9,16,20,0,29,29241,Lieu Dit Kervatal,47.983976,-3.802058,Crépuscule ou aube,Hors agglomération,Hors intersection,Normale,Deux véhicules - frontale,4,2,2,0,4,2,1,0,1,50,2,2,1,0,1,0,25.0,46.0,utilitaire_camion,utilitaire_camion,2,1,1,1,1
202400004267,2024-04-27 11:33:00,2024,4,27,11,33,57,57345,16a Route d'Elzange,49.350094,6.299028,Plein jour,En agglomération,Hors intersection,Normale,Autre collision,3,2,2,0,1,1,1,0,4,50,1,1,0,0,1,0,71.0,,voiture,,1,2,1,1,6
202400004268,2024-11-26 19:45:00,2024,11,26,19,45,75,75104,RUE SAINT ANTOINE,48.855097,2.361679,Nuit avec éclairage allumé,En agglomération,Intersection en T,Temps couvert,Autre collision,4,2,2,3,1,1,2,0,1,30,1,2,1,0,0,1,30.0,,deux_roues,,5,2,3,8,6
202400004268,2024-11-26 19:45:00,2024,11,26,19,45,75,75104,RUE SAINT ANTOINE,48.855097,2.361679,Nuit avec éclairage allumé,En agglomération,Intersection en T,Temps couvert,Autre collision,4,2,3,1,1,1,2,0,1,30,1,2,1,0,0,1,30.0,,deux_roues,,5,2,3,8,6
202400004269,2024-09-15 11:50:00,2024,9,15,11,50,15,15154,RD 157,44.942423,2.611645,Plein jour,Hors agglomération,Intersection en Y,Normale,Deux véhicules - côté,3,2,2,0,2,3,1,0,1,90,2,3,2,0,0,1,40.0,62.0,voiture,deux_roues,1,1,4,1,3
202400004269,2024-09-15 11:50:00,2024,9,15,11,50,15,15154,RD 157,44.942423,2.611645,Plein jour,Hors agglomération,Intersection en Y,Normale,Deux véhicules - côté,3,2,2,0,1,1,1,0,8,90,2,3,2,0,0,1,40.0,62.0,voiture,deux_roues,1,1,4,1,3
202400004270,2024-04-28 15:35:00,2024,4,28,15,35,51,51212,D12,48.77413574,4.29193284,Plein jour,Hors agglomération,Hors intersection,Normale,Deux véhicules - arrière,3,2,2,0,1,2,1,0,1,80,2,2,1,0,1,0,63.0,59.0,voiture,deux_roues,1,1,1,1,2
202400004271,2024-11-28 10:35:00,2024,11,28,10,35,94,94068,Rue Jules Ferry,48.7980267,2.48986486,Plein jour,En agglomération,Intersection en X,Normale,Deux véhicules - frontale,3,2,2,0,1,1,1,0,1,30,2,2,1,0,0,1,33.0,52.0,utilitaire_camion,voiture,1,2,2,1,1
202400004271,2024-11-28 10:35:00,2024,11,28,10,35,94,94068,Rue Jules Ferry,48.7980267,2.48986486,Plein jour,En agglomération,Intersection en X,Normale,Deux véhicules - frontale,3,1,1,0,1,1,1,0,1,30,2,2,1,0,0,1,33.0,52.0,utilitaire_camion,voiture,1,2,2,1,1
202400004272,2024-09-15 16:30:00,2024,9,15,16,30,01,01141,Route de l’Eglise,45.816762,5.677936,Plein jour,En agglomération,Intersection en T,Normale,Sans collision,3,2,2,0,1,1,1,0,1,80,1,1,0,0,1,0,60.0,,deux_roues,,1,2,3,1,7
202400004272,2024-09-15 16:30:00,2024,9,15,16,30,01,01141,Route de l’Eglise,45.816762,5.677936,Plein jour,En agglomération,Intersection en T,Normale,Sans collision,3,2,2,0,1,1,1,0,1,50,1,1,0,0,1,0,60.0,,deux_roues,,1,2,3,1,7
202400004273,2024-04-27 20:30:00,2024,4,27,20,30,2A,2A017,D381,42.00376225,8.71040494,Nuit sans éclairage public,Hors agglomération,Hors intersection,Normale,Autre collision,3,2,2,0,1,1,1,0,8,70,1,2,0,0,0,2,20.0,,voiture,,3,1,1,1,6
202400004274,2024-11-28 12:30:00,2024,11,28,12,30,94,94076,Rue Jean Jaurès,48.79258142,2.36652911,Plein jour,En agglomération,Intersection en T,Normale,Autre collision,3,1,1,0,1,1,1,0,1,30,1,2,1,0,0,1,48.0,,utilitaire_camion,,1,2,3,1,6
202400004274,2024-11-28 12:30:00,2024,11,28,12,30,94,94076,Rue Jean Jaurès,48.79258142,2.36652911,Plein jour,En agglomération,Intersection en T,Normale,Autre collision,3,1,1,0,1,1,1,0,1,30,1,2,1,0,0,1,48.0,,utilitaire_camion,,1,2,3,1,6
202400004275,2024-09-17 18:35:00,2024,9,17,18,35,72,72115,Route de Marthe,47.660373,0.447274,Plein jour,Hors agglomération,Hors intersection,Normale,Sans collision,3,2,2,0,1,2,1,0,8,80,1,1,0,0,1,0,28.0,,deux_roues,,1,1,1,1,7
202400004276,2024-11-28 13:00:00,2024,11,28,13,0,94,94022,Avenue Jean Jaurès,48.7655,2.40901,Plein jour,En agglomération,Hors intersection,Normale,Autre collision,9,-1,2,3,1,1,1,-1,6,30,1,4,1,0,0,3,42.0,,transport_commun,,1,2,1,1,6
202400004277,2024-09-17 15:30:00,2024,9,17,15,30,06,06059,Chemin du Ret Supérieur,43.728751,7.371483,Plein jour,Hors agglomération,Intersection en T,Temps couvert,Deux véhicules - côté,7,2,2,0,2,1,1,0,1,70,2,2,1,0,0,1,20.0,61.0,deux_roues,voiture,1,1,3,8,3
202400004277,2024-09-17 15:30:00,2024,9,17,15,30,06,06059,Chemin du Ret Supérieur,43.728751,7.371483,Plein jour,Hors agglomération,Intersection en T,Temps couvert,Deux véhicules - côté,7,2,2,0,3,3,1,0,1,-1,2,2,1,0,0,1,20.0,61.0,deux_roues,voiture,1,1,3,8,3
202400004278,2024-11-28 17:10:00,2024,11,28,17,10,94,94071,Avenue Winston Churchill,48.769894,2.522835,Nuit avec éclairage allumé,En agglomération,Hors intersection,Temps couvert,Autre collision,3,3,2,0,1,1,1,0,1,50,1,2,1,0,0,1,81.0,,voiture,,5,2,1,8,6
202400004279,2024-04-28 20:45:00,2024,4,28,20,45,80,80354,11 Rue Principale,49.984696,1.768166,Crépuscule ou aube,En agglomération,Hors intersection,Normale,Autre collision,3,2,2,0,2,3,2,0,1,50,1,2,1,0,1,0,20.0,,voiture,,2,2,1,1,6
202400004280,2024-09-17 10:30:00,2024,9,17,10,30,50,50130,Route du Bourg Neuf,48.806482,-1.192263,Plein jour,Hors agglomération,Hors intersection,Normale,Deux véhicules - frontale,3,2,2,0,1,3,1,0,1,80,2,2,1,0,1,0,46.0,24.0,voiture,utilitaire_camion,1,1,1,1,1
202400004281,2024-04-29 10:40:00,2024,4,29,10,40,33,33226,,44.700298,-0.354534,Plein jour,Hors agglomération,Hors intersection,Normale,Sans collision,3,2,2,0,1,1,1,0,3,80,1,2,1,1,0,0,83.0,,voiture,,1,1,1,1,7
202400004282,2024-11-28 01:50:00,2024,11,28,1,50,93,93073,CHAPIT RE ( RUE DU),49.00718411,2.55828927,Nuit avec éclairage allumé,En agglomération,Intersection en Y,Temps couvert,Deux véhicules - arrière,4,2,2,0,1,1,2,0,1,50,2,5,1,0,0,4,52.0,41.0,utilitaire_camion,transport_commun,5,2,4,8,2
202400004282,2024-11-28 01:50:00,2024,11,28,1,50,93,93073,CHAPIT RE ( RUE DU),49.00718411,2.55828927,Nuit avec éclairage allumé,En agglomération,Intersection en Y,Temps couvert,Deux véhicules - arrière,4,1, -1,-1,1,3,2,0,1,-1,2,5,1,0,0,4,52.0,41.0,utilitaire_camion,transport_commun,5,2,4,8,2
202400004283,2024-04-29 08:20:00,2024,4,29,8,20,89,89088,Route départementale D 955,47.847403,3.323772,Plein jour,Hors agglomération,Hors intersection,Normale,Autre collision,3,2,2,0,1,1,1,0,3,90,1,1,0,0,1,0,54.0,,voiture,,1,1,1,1,6
202400004284,2024-09-17 18:34:00,2024,9,17,18,34,60,60277,Rue Jean Jaurès,49.423003,2.042494,Plein jour,En agglomération,Hors intersection,Normale,Deux véhicules - frontale,4,2,2,0,1,1,1,0,1,50,2,3,1,0,0,2,17.0,38.0,voiture,voiture,1,2,1,1,1
202400004285,2024-11-28 17:15:00,2024,11,28,17,15,93,93072,JEAN DURAND (RUE) COTE N°1 AU 45,48.95578383,2.37808743,Nuit avec éclairage allumé,En agglomération,Hors intersection,Normale,Autre collision,4,2,2,0,1,1,1,0,1,50,1,1,0,0,0,1,73.0,,voiture,,5,2,1,1,6
202400004286,2024-04-28 18:15:00,2024,4,28,18,15,86,86086,Lieu Dit la Belle Indienne,46.823327,0.691835,Plein jour,Hors agglomération,Intersection en T,Normale,Deux véhicules - côté,3,2,2,0,1,1,1,0,1,80,2,4,1,0,1,2,73.0,36.0,voiture,voiture,1,1,3,1,3
202400004286,2024-04-28 18:15:00,2024,4,28,18,15,86,86086,Lieu Dit la Belle Indienne,46.823327,0.691835,Plein jour,Hors agglomération,Intersection en T,Normale,Deux véhicules - côté,3,2, -1,-1,1,1,1,5,1,80,2,4,1,0,1,2,73.0,36.0,voiture,voiture,1,1,3,1,3
202400004287,2024-11-24 00:10:00,2024,11,24,0,10,93,93050,VILLE BOIS MAREUIL (RUE),48.85656923,2.52418363,Nuit avec éclairage allumé,En agglomération,Hors intersection,Normale,Autre collision,4,2,1,0,1,1,1,0,1,50,1,1,0,0,1,0,66.0,,voiture,,5,2,1,1,6
202400004288,2024-09-16 17:50:00,2024,9,16,17,50,64,64368,70 Route de Saint-Palais,43.390136,-1.097316,Plein jour,Hors agglomération,Intersection en X,Normale,Deux véhicules - côté,3,2,1,0,2,1,1,5,1,80,2,2,1,0,0,1,77.0,62.0,voiture,deux_roues,1,1,2,1,3
202400004288,2024-09-16 17:50:00,2024,9,16,17,50,64,64368,70 Route de Saint-Palais,43.390136,-1.097316,Plein jour,Hors agglomération,Intersection en X,Normale,Deux véhicules - côté,3,2,1,3,1,2,1,5,1,50,2,2,1,0,0,1,77.0,62.0,voiture,deux_roues,1,1,2,1,3
202400004289,2024-04-28 21:45:00,2024,4,28,21,45,39,39223,,46.928143,5.65002,Nuit sans éclairage public,Hors agglomération,Hors intersection,Pluie légère,Deux véhicules - frontale,3,2,2,0,2,1,2,0,1,80,2,2,1,0,0,1,31.0,43.0,voiture,utilitaire_camion,3,1,1,2,1
202400004290,2024-09-17 13:00:00,2024,9,17,13,0,16,16009,,45.979052,0.56861,Plein jour,En agglomération,Intersection en T,Normale,Autre collision,3,2,2,0,1,1,1,0,1,50,1,1,0,1,0,0,83.0,,voiture,,1,2,3,1,6
202400004290,2024-09-17 13:00:00,2024,9,17,13,0,16,16009,,45.979052,0.56861,Plein jour,En agglomération,Intersection en T,Normale,Autre collision,3,2, -1,-1,1,1,1,0,8,-1,1,1,0,1,0,0,83.0,,voiture,,1,2,3,1,6
202400004291,2024-09-16 21:10:00,2024,9,16,21,10,04,04088,Ancienne Route de Dauphin,43.926753,5.791109,Nuit sans éclairage public,Hors agglomération,Hors intersection,Normale,Autre collision,3,2,2,0,1,1,1,2,3,80,1,3,0,0,1,2,21.0,,voiture,,3,1,1,1,6
202400004292,2024-11-27 20:20:00,2024,11,27,20,20,93,93032,GEORGES POMPIDOU (AV DU),48.88272315,2.53509521,Nuit avec éclairage allumé,En agglomération,Intersection en X,Pluie légère,Trois véhicules et plus - en chaîne,3,1,4,0,1,1,2,0,1,50,3,3,2,0,0,1,27.0,31.0,deux_roues,voiture,5,2,2,2,4
202400004292,2024-11-27 20:20:00,2024,11,27,20,20,93,93032,GEORGES POMPIDOU (AV DU),48.88272315,2.53509521,Nuit avec éclairage allumé,En agglomération,Intersection en X,Pluie légère,Trois véhicules et plus - en chaîne,3,2,2,0,1,1,2,0,1,50,3,3,2,0,0,1,27.0,31.0,deux_roues,voiture,5,2,2,2,4
202400004293,2024-04-29 08:30:00,2024,4,29,8,30,38,38130,Avenue du Marechal Joffre,45.393188,5.26663,Plein jour,En agglomération,Intersection en T,Temps couvert,Autre collision,3,2,2,0,2,1,2,5,1,50,1,2,1,1,0,0,45.0,,utilitaire_camion,,1,2,3,8,6
202400004293,2024-04-29 08:30:00,2024,4,29,8,30,38,38130,Avenue du Marechal Joffre,45.393188,5.26663,Plein jour,En agglomération,Intersection en T,Temps couvert,Autre collision,3,2,2,0,1,1,2,0,1,50,1,2,1,1,0,0,45.0,,utilitaire_camion,,1,2,3,8,6
202400004294,2024-09-13 08:00:00,2024,9,13,8,0,30,30062,D40,43.792194,4.205446,Crépuscule ou aube,Hors agglomération,Intersection en T,Temps éblouissant,Autre collision,3,2,2,0,1,1,1,0,1,80,2,2,1,0,1,0,58.0,29.0,voiture,voiture,2,1,3,7,6
202400004294,2024-09-13 08:00:00,2024,9,13,8,0,30,30062,D40,43.792194,4.205446,Crépuscule ou aube,Hors agglomération,Intersection en T,Temps éblouissant,Autre collision,3,2,1,0,1,1,1,5,1,50,2,2,1,0,1,0,58.0,29.0,voiture,voiture,2,1,3,7,6
202400004295,2024-09-15 00:05:00,2024,9,15,0,5,38,38030,rue Louis Durand,45.341144,5.472028,Nuit avec éclairage allumé,En agglomération,Hors intersection,Normale,Autre collision,4,2,2,0,1,1,1,0,1,50,1,2,1,0,0,1,25.0,,voiture,,5,2,1,1,6
202400004296,2024-11-27 19:10:00,2024,11,27,19,10,93,93029,BOIS DE GROSLAY (DES),48.91786,2.46664,Nuit avec éclairage allumé,En agglomération,Intersection en T,Normale,Deux véhicules - côté,4,2,2,0,1,1,1,0,1,50,2,2,1,0,0,1,27.0,36.0,deux_roues,voiture,5,2,3,1,3
202400004297,2024-04-29 15:50:00,2024,4,29,15,50,02,02643,,49.397764,3.153205,Plein jour,Hors agglomération,Hors intersection,Normale,Trois véhicules et plus - collisions multiples,2,2,2,0,1,1,1,0,1,80,3,5,4,0,1,0,40.0,61.0,utilitaire_camion,voiture,1,1,1,1,5
202400004298,2024-11-28 12:40:00,2024,11,28,12,40,93,93008,SEMARD (AVENUE PIERRE),48.9089,2.44578,Plein jour,En agglomération,Hors intersection,Normale,Autre collision,3,1,2,0,1,2,1,0,1,50,1,2,1,0,0,1,25.0,,deux_roues,,1,2,1,1,6
202400004299,2024-09-15 08:10:00,2024,9,15,8,10,35,35353,RN12,48.12564489,-1.73514515,Crépuscule ou aube,Hors agglomération,Hors intersection,Normale,Autre collision,2,3,4,0,1,2,1,0,1,90,1,3,2,0,1,0,82.0,,voiture,,2,1,1,1,6
202400004300,2024-11-28 07:50:00,2024,11,28,7,50,93,93053,PARIS (RUE DE),48.90386,2.4691,Crépuscule ou aube,En agglomération,Hors intersection,Normale,Sans collision,3,1,0,0,1,1,1,0,1,50,1,1,0,0,0,1,34.0,,deux_roues,,2,2,1,1,7
202400004301,2024-09-17 16:00:00,2024,9,17,16,0,42,42279,Les bruyas,45.480314,4.240642,Plein jour,Hors agglomération,Hors intersection,Normale,Autre collision,3,2,2,0,2,4,1,0,3,70,1,2,0,0,1,1,18.0,,voiture,,1,1,1,1,6
202400004302,2024-04-29 11:15:00,2024,4,29,11,15,02,02424,Route départemental 1,49.414224,3.343041,Plein jour,Hors agglomération,Hors intersection,Normale,Deux véhicules - frontale,3,2,2,0,1,1,1,0,1,80,2,3,1,0,1,1,36.0,78.0,voiture,voiture,1,1,1,1,1
202400004303,2024-09-17 09:29:00,2024,9,17,9,29,71,71187,Le Creusot TGV (Gare) Parking,46.76423,4.49856,Plein jour,Hors agglomération,Hors intersection,Normale,Autre collision,6,-1, -1,0,1,1,1,0,1,10,1,2,1,0,0,1,48.0,,transport_commun,,1,1,1,1,6
202400004304,2024-11-28 11:35:00,2024,11,28,11,35,93,93001,PAUL DOUMER (RUE),48.91743,2.3869,Plein jour,En agglomération,Intersection en X,Normale,Autre collision,4,2,2,0,1,1,1,5,1,30,1,2,1,0,0,1,71.0,,voiture,,1,2,2,1,6
202400004305,2024-04-29 08:20:00,2024,4,29,8,20,14,14371,Route de Meulles,48.98641,0.319676,Crépuscule ou aube,Hors agglomération,Hors intersection,Normale,Autre collision,3,2,2,0,1,1,1,0,3,90,1,1,0,0,1,0,53.0,,utilitaire_camion,,2,1,1,1,6