accident_id,datetime,annee,mois,jour,heure,minute,departement,commune_insee,adresse,latitude,longitude,luminosite,agglomeration,intersection,meteo,collision,catr,circ,nbv,vosp,prof,plan,surf,infra,situ,vma,nb_vehicules,nb_usagers,nb_indemnes,nb_tues,nb_blesses_hosp,nb_blesses_legers,age_cond_1,age_cond_2,veh_type_cond_1,veh_type_cond_2,lum_code,agg_code,int_code,atm_code,col_code
202400004306,2024-09-16 16:40:00,2024,9,16,16,40,13,13103,Autoroute A7 - PK 231+000 - sens LYON /MARSEILLE,43.675073,5.095253,Plein jour,Hors agglomération,Hors intersection,Normale,Deux véhicules - arrière,1,3,3,0,1,1,1,0,1,130,2,3,1,0,0,2,43.0,33.0,voiture,voiture,1,1,1,1,2
202400004307,2024-11-28 13:45:00,2024,11,28,13,45,92,92078,ANCIENNES ECOLES (RUE),48.93429143,2.33183831,Plein jour,En agglomération,Hors intersection,Normale,Autre collision,4,1,1,0,1,3,1,0,1,50,1,2,1,0,0,1,46.0,,voiture,,1,2,1,1,6
202400004308,2024-04-27 20:36:00,2024,4,27,20,36,50,50124,Route de la Mare de la Lande (La Mancellière),48.670139,-1.142567,Nuit sans éclairage public,En agglomération,Intersection en T,Pluie légère,Deux véhicules - frontale,3,2,2,0,1,1,2,0,1,80,2,2,0,0,0,2,24.0,21.0,voiture,voiture,3,2,3,2,1
202400004308,2024-04-27 20:36:00,2024,4,27,20,36,50,50124,Route de la Mare de la Lande (La Mancellière),48.670139,-1.142567,Nuit sans éclairage public,En agglomération,Intersection en T,Pluie légère,Deux véhicules - frontale,3,2, -1,-1,1,1,2,0,1,50,2,2,0,0,0,2,24.0,21.0,voiture,voiture,3,2,3,2,1
202400004309,2024-09-17 01:35:00,2024,9,17,1,35,28,28092,A10,48.358423,1.877235,Nuit sans éclairage public,Hors agglomération,Hors intersection,Normale,Deux véhicules - arrière,1,-1,3,0,1,1,1,0,1,130,2,2,1,1,0,0,88.0,44.0,voiture,utilitaire_camion,3,1,1,1,2
202400004310,2024-11-28 09:00:00,2024,11,28,9,0,92,92050,REPUBLIQUE AVENUE DE LA,48.91230906,2.22395673,Plein jour,En agglomération,Hors intersection,Normale,Autre collision,3,2,2,0,1,1,1,0,1,50,1,2,1,0,0,1,36.0,,utilitaire_camion,,1,2,1,1,6
202400004311,2024-04-29 07:50:00,2024,4,29,7,50,64,64106,CD 933,43.306818,-1.009701,Plein jour,Hors agglomération,Intersection en X,Pluie légère,Deux véhicules - côté,3,1,2,0,1,2,2,5,1,80,2,2,1,0,0,1,81.0,24.0,utilitaire_camion,voiture,1,1,2,2,3
202400004311,2024-04-29 07:50:00,2024,4,29,7,50,64,64106,CD 933,43.306818,-1.009701,Plein jour,Hors agglomération,Intersection en X,Pluie légère,Deux véhicules - côté,3,2,2,0,1,2,2,0,1,80,2,2,1,0,0,1,81.0,24.0,utilitaire_camion,voiture,1,1,2,2,3
202400004312,2024-08-11 18:45:00,2024,8,11,18,45,974,97420,140 Avenue Pierre Mendès France,-20.90912,55.609622,Nuit avec éclairage allumé,En agglomération,Hors intersection,Pluie légère,Autre collision,2,2,2,2,1,1,2,0,1,50,1,2,1,1,0,0,36.0,,voiture,,5,2,1,2,6
202400004313,2024-09-16 09:00:00,2024,9,16,9,0,37,37027,Avenue du 11 Novembre,47.325036,1.005973,Plein jour,En agglomération,Intersection en X,Normale,Deux véhicules - frontale,3,2,2,0,1,1,1,0,1,50,2,2,1,0,1,0,79.0,68.0,voiture,deux_roues,1,2,2,1,1
202400004313,2024-09-16 09:00:00,2024,9,16,9,0,37,37027,Avenue du 11 Novembre,47.325036,1.005973,Plein jour,En agglomération,Intersection en X,Normale,Deux véhicules - frontale,3,2,2,0,1,1,1,0,1,50,2,2,1,0,1,0,79.0,68.0,voiture,deux_roues,1,2,2,1,1
202400004314,2024-11-27 18:00:00,2024,11,27,18,0,92,92026,SAINT-DENIS BD (120 A 174 / DE 199 A 315,48.90217131,2.27370392,Nuit avec éclairage allumé,En agglomération,Intersection en T,Normale,Autre collision,3,1,1,0,2,1,1,0,1,50,1,2,1,0,0,1,62.0,,voiture,,5,2,3,1,6
202400004314,2024-11-27 18:00:00,2024,11,27,18,0,92,92026,SAINT-DENIS BD (120 A 174 / DE 199 A 315,48.90217131,2.27370392,Nuit avec éclairage allumé,En agglomération,Intersection en T,Normale,Autre collision,3,2,1,0,1,1,1,0,1,50,1,2,1,0,0,1,62.0,,voiture,,5,2,3,1,6
202400004315,2024-04-28 22:00:00,2024,4,28,22,0,16,16347,,45.279768,0.1276087,Nuit avec éclairage non allumé,Hors agglomération,Hors intersection,Normale,Sans collision,3,2,2,0,1,3,1,0,1,80,1,1,0,0,1,0,49.0,,deux_roues,,4,1,1,1,7
202400004316,2024-11-27 17:50:00,2024,11,27,17,50,92,92023,PORTE DE TRIVAUX (RUE DE) N°57 A 197 ET,48.7914095,2.26222873,Nuit avec éclairage allumé,En agglomération,Hors intersection,Pluie forte,Autre collision,4,2,2,0,1,1,2,0,1,30,1,2,1,0,0,1,78.0,,voiture,,5,2,1,3,6
202400004317,2024-09-17 16:00:00,2024,9,17,16,0,58,58214,237 Rue du Manoir,47.07615,3.106459,Plein jour,En agglomération,Hors intersection,Normale,Deux véhicules - frontale,4,2,2,0,2,3,1,0,1,50,2,2,1,0,1,0,16.0,56.0,deux_roues,voiture,1,2,1,1,1
202400004318,2024-08-11 14:00:00,2024,8,11,14,0,973,97305,Route Nationale PK 13,4.924235,-52.389389,Plein jour,Hors agglomération,Hors intersection,Normale,Deux véhicules - arrière,2,2,2,0,1,1,1,0,1,80,2,3,1,0,1,1,49.0,33.0,voiture,deux_roues,1,1,1,1,2
202400004319,2024-04-29 16:50:00,2024,4,29,16,50,24,24082,D704a,44.86262,1.264603,Plein jour,Hors agglomération,Hors intersection,Normale,Trois véhicules et plus - collisions multiples,3,2,2,0,3,2,2,0,5,80,4,4,1,1,2,0,40.0,54.0,voiture,deux_roues,1,1,1,1,5
202400004320,2024-11-28 13:45:00,2024,11,28,13,45,92,92002,ABBAYE (RUE DE L'),48.75189518,2.29797408,Plein jour,En agglomération,Intersection en T,Normale,Deux véhicules - côté,4,1,1,1,1,1,1,0,1,30,2,2,1,0,0,1,38.0,14.0,voiture,deux_roues,1,2,3,1,3
202400004320,2024-11-28 13:45:00,2024,11,28,13,45,92,92002,ABBAYE (RUE DE L'),48.75189518,2.29797408,Plein jour,En agglomération,Intersection en T,Normale,Deux véhicules - côté,4,2,2,0,3,1,1,0,1,30,2,2,1,0,0,1,38.0,14.0,voiture,deux_roues,1,2,3,1,3
202400004321,2024-09-15 19:30:00,2024,9,15,19,30,67,67313,45 Rue du Marechal Foch,48.538521,7.454948,Crépuscule ou aube,En agglomération,Hors intersection,Normale,Deux véhicules - arrière,3,2,2,0,1,1,1,0,1,30,2,2,1,0,1,0,44.0,35.0,voiture,deux_roues,2,2,1,1,2
202400004322,2024-08-11 06:45:00,2024,8,11,6,45,971,97115,Route Nationale 2,16.27106,-61.654018,Plein jour,Hors agglomération,Hors intersection,Normale,Deux véhicules - frontale,2,-1,3,0,1,1,1,0,1,80,2,2,1,0,1,0,65.0,54.0,voiture,voiture,1,1,1,1,1
202400004323,2024-11-28 20:30:00,2024,11,28,20,30,35,35146,LE PRE DE PENABAT,48.24842898,-1.78889796,Nuit sans éclairage public,Hors agglomération,Hors intersection,Temps couvert,Autre collision,3,2,2,0,2,1,1,0,1,80,1,1,0,1,0,0,20.0,,voiture,,3,1,1,8,6
202400004324,2024-09-08 03:50:00,2024,9,8,3,50,67,67131,M468,48.486452,7.72945,Nuit sans éclairage public,En agglomération,Hors intersection,Pluie légère,Sans collision,7,2,2,0,1,1,2,0,3,50,1,2,1,0,1,0,19.0,,voiture,,3,2,1,2,7
202400004325,2024-08-12 02:30:00,2024,8,12,2,30,977,97701,Grand Fond,17.893001,-62.809761,Nuit sans éclairage public,En agglomération,Hors intersection,Normale,Sans collision,2,2,2,0,2,2,1,0,1,30,1,1,0,0,1,0,25.0,,deux_roues,,3,2,1,1,7
202400004326,2024-04-28 18:30:00,2024,4,28,18,30,24,24354,Avenue de la Double,45.140217,0.045748,Plein jour,Hors agglomération,Hors intersection,Normale,Deux véhicules - frontale,3,-1,2,0,2,3,1,0,1,80,2,4,0,0,2,2,30.0,67.0,voiture,voiture,1,1,1,1,1
202400004327,2024-11-14 03:00:00,2024,11,14,3,0,21,21599,A31,47.647484,5.178364,Nuit sans éclairage public,Hors agglomération,Hors intersection,Normale,Deux véhicules - frontale,1,1,3,0,2,1,1,0,1,130,2,5,4,0,1,0,33.0,64.0,voiture,utilitaire_camion,3,1,1,1,1
202400004328,2024-08-09 10:41:00,2024,8,9,10,41,33,33165,,44.826192,-0.431814,Plein jour,Hors agglomération,Giratoire,Normale,Deux véhicules - frontale,3,1,2,0,1,3,1,0,1,50,2,2,1,0,1,0,59.0,64.0,utilitaire_camion,deux_roues,1,1,6,1,1
202400004329,2024-04-27 19:10:00,2024,4,27,19,10,24,24311,Avenue du Génèral de Gaulle,45.5222513,0.66052079,Plein jour,En agglomération,Hors intersection,Pluie forte,Deux véhicules - frontale,3,2,2,0,2,4,2,0,1,50,2,4,0,0,1,3,51.0,49.0,voiture,voiture,1,2,1,3,1
202400004330,2024-09-16 17:56:00,2024,9,16,17,56,73,73284,D915 Avenue des thermes,45.477021,6.527577,Crépuscule ou aube,En agglomération,Intersection en Y,Normale,Deux véhicules - côté,3,2,2,0,1,2,1,0,1,50,2,2,1,0,1,0,68.0,20.0,deux_roues,voiture,2,2,4,1,3
202400004330,2024-09-16 17:56:00,2024,9,16,17,56,73,73284,D915 Avenue des thermes,45.477021,6.527577,Crépuscule ou aube,En agglomération,Intersection en Y,Normale,Deux véhicules - côté,3,-1, -1,0,1,2,1,0,1,-1,2,2,1,0,1,0,68.0,20.0,deux_roues,voiture,2,2,4,1,3
202400004331,2024-11-29 03:00:00,2024,11,29,3,0,71,71150,Aire de Crêches (Aire de repos),46.235139,4.794604,Nuit sans éclairage public,Hors agglomération,Hors intersection,Normale,Autre collision,1,-1, -1,0,2,3,1,0,3,50,1,1,0,0,1,0,19.0,,voiture,,3,1,1,1,6
202400004332,2024-08-07 16:08:00,2024,8,7,16,8,41,41220,D951,47.711787,1.602306,Plein jour,Hors agglomération,Hors intersection,Normale,Trois véhicules et plus - collisions multiples,3,2,2,0,1,1,1,0,1,80,3,5,2,0,1,2,23.0,23.0,utilitaire_camion,voiture,1,1,1,1,5
202400004333,2024-04-29 10:15:00,2024,4,29,10,15,37,37050,avenue de la république,47.341055,0.722952,Plein jour,En agglomération,Intersection en X,Normale,Trois véhicules et plus - collisions multiples,4,2,2,0,1,1,1,5,1,50,3,3,2,0,1,0,20.0,70.0,voiture,voiture,1,2,2,1,5
202400004333,2024-04-29 10:15:00,2024,4,29,10,15,37,37050,avenue de la république,47.341055,0.722952,Plein jour,En agglomération,Intersection en X,Normale,Trois véhicules et plus - collisions multiples,4,2,#VALEURMULTI,0,1,1,1,5,1,50,3,3,2,0,1,0,20.0,70.0,voiture,voiture,1,2,2,1,5
202400004334,2024-11-29 13:15:00,2024,11,29,13,15,27,27230,44 Rue Octave Lenoir,48.864761,1.415402,Plein jour,En agglomération,Intersection en X,Normale,Deux véhicules - côté,3,2,2,0,1,1,1,0,1,30,2,2,1,0,0,1,30.0,24.0,voiture,deux_roues,1,2,2,1,3
202400004334,2024-11-29 13:15:00,2024,11,29,13,15,27,27230,44 Rue Octave Lenoir,48.864761,1.415402,Plein jour,En agglomération,Intersection en X,Normale,Deux véhicules - côté,3,2,2,-1,1,1,1,0,1,50,2,2,1,0,0,1,30.0,24.0,voiture,deux_roues,1,2,2,1,3
202400004335,2024-08-12 01:55:00,2024,8,12,1,55,95,95370,D28,49.15204867,1.97881301,Crépuscule ou aube,Hors agglomération,Hors intersection,Normale,Sans collision,3,2,2,0,2,3,1,0,1,80,1,1,0,0,1,0,29.0,,deux_roues,,2,1,1,1,7
202400004336,2024-11-26 07:28:00,2024,11,26,7,28,11,11421,,43.214176,2.861348,Crépuscule ou aube,En agglomération,Intersection en T,Normale,Deux véhicules - côté,3,2,2,0,1,1,1,0,1,50,2,2,1,0,1,0,42.0,39.0,deux_roues,voiture,2,2,3,1,3
202400004336,2024-11-26 07:28:00,2024,11,26,7,28,11,11421,,43.214176,2.861348,Crépuscule ou aube,En agglomération,Intersection en T,Normale,Deux véhicules - côté,3,2,2,0,1,1,1,0,8,50,2,2,1,0,1,0,42.0,39.0,deux_roues,voiture,2,2,3,1,3
202400004337,2024-08-11 08:00:00,2024,8,11,8,0,34,34162,D613,43.465074,3.508736,Plein jour,Hors agglomération,Giratoire,Normale,Deux véhicules - arrière,3,1,0,0,1,2,1,9,1,90,2,3,2,0,1,0,51.0,67.0,deux_roues,voiture,1,1,6,1,2
202400004338,2024-04-28 19:27:00,2024,4,28,19,27,08,08038,D26,49.46811,4.240594,Plein jour,Hors agglomération,Intersection en Y,Normale,Deux véhicules - côté,3,-1,2,0,1,1,1,0,1,80,2,2,1,0,1,0,39.0,53.0,voiture,deux_roues,1,1,4,1,3
202400004338,2024-04-28 19:27:00,2024,4,28,19,27,08,08038,D26,49.46811,4.240594,Plein jour,Hors agglomération,Intersection en Y,Normale,Deux véhicules - côté,3,-1,2,0,2,2,1,0,1,80,2,2,1,0,1,0,39.0,53.0,voiture,deux_roues,1,1,4,1,3
202400004339,2024-11-28 14:30:00,2024,11,28,14,30,63,63181,D2144,46.01711449,3.08748948,Plein jour,Hors agglomération,Hors intersection,Pluie légère,Trois véhicules et plus - collisions multiples,3,2,2,0,2,1,2,0,1,80,3,4,3,0,1,0,63.0,51.0,voiture,utilitaire_camion,1,1,1,2,5
202400004340,2024-04-28 15:15:00,2024,4,28,15,15,90,90015,"Autoroute A36, barreau 19-36M, PK 000.700",47.59161546,6.85644731,Plein jour,Hors agglomération,Hors intersection,Pluie légère,Autre collision,1,1,3,0,3,3,2,3,8,50,1,2,1,0,0,1,55.0,,voiture,,1,1,1,2,6
202400004341,2024-08-11 16:35:00,2024,8,11,16,35,83,83150,Route de Gréoux,43.732949,5.828848,Plein jour,En agglomération,Hors intersection,Normale,Autre collision,3,2,2,0,2,1,1,0,3,50,1,3,0,0,1,2,22.0,,voiture,,1,2,1,1,6
202400004342,2024-11-28 19:55:00,2024,11,28,19,55,23,23176,2 Avenue de la République,46.23868304,1.49371147,Nuit avec éclairage allumé,En agglomération,Giratoire,Pluie légère,Sans collision,3,2,1,0,1,1,2,5,1,50,1,1,0,0,1,0,22.0,,deux_roues,,5,2,6,2,7
202400004343,2024-04-28 09:14:00,2024,4,28,9,14,69,69235,2230 Route de Rive-de-Gier,45.531801,4.851456,Plein jour,Hors agglomération,Hors intersection,Pluie forte,Deux véhicules - frontale,3,2,2,0,2,2,2,0,1,80,2,6,0,0,0,6,46.0,23.0,voiture,voiture,1,1,1,3,1
202400004344,2024-11-29 05:30:00,2024,11,29,5,30,62,62009,D35,50.19156124,2.69419021,Nuit sans éclairage public,Hors agglomération,Hors intersection,Brouillard / fumée,Sans collision,3,2,2,0,1,1,7,0,3,80,1,2,0,0,1,1,31.0,,voiture,,3,1,1,5,7
202400004345,2024-08-10 10:00:00,2024,8,10,10,0,05,05065,intersection RN94 RD 902A,44.665845,6.614628,Plein jour,Hors agglomération,Giratoire,Normale,Deux véhicules - côté,2,1,2,0,1,2,1,5,1,80,2,2,1,0,0,1,31.0,,deux_roues,voiture,1,1,6,1,3
202400004346,2024-04-29 10:15:00,2024,4,29,10,15,78,78569,"Autoroute A11, PK 025+800 direction Paris",48.546232,1.91288,Plein jour,Hors agglomération,Hors intersection,Normale,Deux véhicules - arrière,1,3,5,0,1,1,1,0,1,110,2,2,1,0,1,0,21.0,46.0,deux_roues,utilitaire_camion,1,1,1,1,2
202400004347,2024-11-28 17:42:00,2024,11,28,17,42,57,57097,Rue du General Newinger,49.179699,6.496718,Nuit avec éclairage allumé,En agglomération,Hors intersection,Normale,Autre collision,3,2,2,0,1,1,1,0,1,50,1,2,1,0,1,0,70.0,,voiture,,5,2,1,1,6
202400004348,2024-04-24 15:30:00,2024,4,24,15,30,37,37072,Rue du Grand Ballet,47.193897,0.23273,Plein jour,En agglomération,Hors intersection,Normale,Sans collision,4,2,2,0,1,1,1,0,1,80,1,1,0,0,1,0,74.0,,deux_roues,,1,2,1,1,7
202400004349,2024-11-29 11:45:00,2024,11,29,11,45,2B,2B050,Route de l?Aeroport,42.53807,8.790371,Plein jour,Hors agglomération,Hors intersection,Normale,Autre collision,3,2,2,0,1,1,1,0,3,70,1,2,0,0,2,0,57.0,,deux_roues,,1,1,1,1,6
202400004350,2024-04-18 15:45:00,2024,4,18,15,45,28,28007,10 Route de Boncourt,48.852447,1.445941,Plein jour,En agglomération,Autre intersection,Normale,Sans collision,3,2,2,0,2,2,1,0,4,50,1,1,0,0,0,1,33.0,,deux_roues,,1,2,9,1,7
202400004351,2024-02-24 16:00:00,2024,2,24,16,0,13,13027,D571,43.862474,4.849498,Plein jour,Hors agglomération,Intersection en X,Normale,Deux véhicules - côté,3,2,2,0,1,1,1,0,1,80,2,8,7,0,0,1,28.0,76.0,autre,voiture,1,1,2,1,3
202400004351,2024-02-24 16:00:00,2024,2,24,16,0,13,13027,D571,43.862474,4.849498,Plein jour,Hors agglomération,Intersection en X,Normale,Deux véhicules - côté,3,2, -1,-1,1,1,1,0,1,-1,2,8,7,0,0,1,28.0,76.0,autre,voiture,1,1,2,1,3
202400004352,2024-04-28 18:10:00,2024,4,28,18,10,78,78128,D24,48.674505,1.955802,Plein jour,Hors agglomération,Hors intersection,Temps couvert,Deux véhicules - frontale,3,2,2,0,4,3,1,0,1,80,2,2,1,0,1,0,24.0,46.0,deux_roues,voiture,1,1,1,8,1
202400004353,2024-11-28 19:45:00,2024,11,28,19,45,71,71591,D906,46.449553,4.886421,Nuit avec éclairage allumé,Hors agglomération,Giratoire,Normale,Deux véhicules - arrière,3,2,2,0,1,1,1,5,1,80,2,3,1,0,0,2,35.0,39.0,voiture,voiture,5,1,6,1,2
202400004354,2024-04-28 21:50:00,2024,4,28,21,50,13,13099,D952,43.715686,5.783116,Nuit sans éclairage public,Hors agglomération,Hors intersection,Normale,Autre collision,3,2,2,0,1,1,1,0,3,80,1,1,0,1,0,0,24.0,,voiture,,3,1,1,1,6
202400004355,2024-08-11 17:45:00,2024,8,11,17,45,67,67229,carrefour D883  - D683,48.669822,7.421157,Plein jour,Hors agglomération,Intersection en Y,Normale,Deux véhicules - côté,3,2,2,0,1,4,1,0,1,80,2,2,1,0,1,0,14.0,30.0,deux_roues,voiture,1,1,4,1,3
202400004355,2024-08-11 17:45:00,2024,8,11,17,45,67,67229,carrefour D883  - D683,48.669822,7.421157,Plein jour,Hors agglomération,Intersection en Y,Normale,Deux véhicules - côté,3,2, -1,-1,1,4,1,0,1,80,2,2,1,0,1,0,14.0,30.0,deux_roues,voiture,1,1,4,1,3
202400004356,2024-11-29 09:00:00,2024,11,29,9,0,89,89186,Grande Rue,48.005551,3.797203,Plein jour,Hors agglomération,Hors intersection,Normale,Autre collision,4,2,2,0,1,4,1,0,3,80,1,1,0,0,1,0,92.0,,utilitaire_camion,,1,1,1,1,6
202400004357,2024-04-27 16:20:00,2024,4,27,16,20,33,33029,,44.651709,-0.74258,Plein jour,Hors agglomération,Hors intersection,Pluie forte,Autre collision,3,2,2,0,1,1,2,0,3,90,1,2,0,0,2,0,88.0,,voiture,,1,1,1,3,6
202400004358,2024-08-12 12:05:00,2024,8,12,12,5,63,63213,D1093,45.843659,3.274784,Plein jour,Hors agglomération,Hors intersection,Normale,Sans collision,3,2,2,2,1,2,1,0,3,90,1,1,0,0,1,0,59.0,,deux_roues,,1,1,1,1,7
202400004359,2024-04-25 19:00:00,2024,4,25,19,0,44,44215,Route des Sorinières,47.161795,-1.492145,Plein jour,Hors agglomération,Hors intersection,Normale,Deux véhicules - frontale,7,2,2,0,1,3,1,0,1,50,2,2,1,0,1,0,35.0,17.0,voiture,deux_roues,1,1,1,1,1
202400004360,2024-11-27 15:43:00,2024,11,27,15,43,63,63362,Place de la Halle,45.91877239,3.24817121,Plein jour,En agglomération,Intersection en Y,Normale,Deux véhicules - côté,4,2,2,0,1,1,1,0,1,50,2,3,1,0,2,0,43.0,82.0,voiture,deux_roues,1,2,4,1,3
202400004360,2024-11-27 15:43:00,2024,11,27,15,43,63,63362,Place de la Halle,45.91877239,3.24817121,Plein jour,En agglomération,Intersection en Y,Normale,Deux véhicules - côté,4,2,2,-1,1,1,1,0,1,50,2,3,1,0,2,0,43.0,82.0,voiture,deux_roues,1,2,4,1,3
202400004361,2024-04-28 14:56:00,2024,4,28,14,56,22,22379,Voie Communale Vieille Côte de Trestel,48.817461,-3.356205,Plein jour,En agglomération,Hors intersection,Normale,Sans collision,4,-1,2,0,2,1,1,0,1,50,1,1,0,0,1,0,34.0,,deux_roues,,1,2,1,1,7
202400004362,2024-08-12 16:45:00,2024,8,12,16,45,87,87161,Lieu Dit Eycouveaux,45.861302,1.516607,Plein jour,Hors agglomération,Hors intersection,Normale,Deux véhicules - frontale,3,2,2,0,2,1,1,0,1,90,2,2,1,0,1,0,52.0,55.0,voiture,utilitaire_camion,1,1,1,1,1
202400004363,2024-11-28 17:45:00,2024,11,28,17,45,63,63087,RD 142,45.425594,3.083725,Crépuscule ou aube,Hors agglomération,Hors intersection,Pluie légère,Autre collision,3,2,2,0,2,1,2,0,3,90,1,1,0,1,0,0,68.0,,voiture,,2,1,1,2,6
202400004364,2024-08-12 17:45:00,2024,8,12,17,45,33,33104,,45.032975,-0.787577,Plein jour,Hors agglomération,Hors intersection,Normale,Deux véhicules - côté,3,2,2,0,1,1,1,0,1,80,2,3,0,1,1,1,69.0,53.0,voiture,deux_roues,1,1,1,1,3
202400004365,2024-11-29 20:01:00,2024,11,29,20,1,61,61474,D926,48.749058,0.016264,Nuit sans éclairage public,Hors agglomération,Hors intersection,Normale,Deux véhicules - côté,3,2,2,0,2,1,1,0,1,90,2,2,1,0,1,0,59.0,24.0,utilitaire_camion,deux_roues,3,1,1,1,3
202400004366,2024-04-29 14:45:00,2024,4,29,14,45,62,62474,D901,50.67725464,1.64613836,Plein jour,En agglomération,Hors intersection,Normale,Deux véhicules - côté,3,2,2,0,1,1,1,0,1,50,2,3,1,0,2,0,66.0,18.0,voiture,deux_roues,1,2,1,1,3
202400004367,2024-11-28 20:54:00,2024,11,28,20,54,12,12021,La Combe Haute (La Bastide-l'Évêque),44.312472,2.125629,Nuit sans éclairage public,Hors agglomération,Hors intersection,Normale,Autre collision,3,2,2,0,2,1,1,0,3,90,1,1,0,0,1,0,19.0,,voiture,,3,1,1,1,6
202400004368,2024-08-12 10:10:00,2024,8,12,10,10,33,33312,,44.966867,-0.553224,Plein jour,Hors agglomération,Hors intersection,Normale,Deux véhicules - côté,4,2,2,0,1,1,1,0,1,70,2,2,1,0,1,0,39.0,58.0,voiture,deux_roues,1,1,1,1,3
202400004369,2024-04-27 12:50:00,2024,4,27,12,50,13,13071,A51-Sens Marseille vers Aix en Provence,43.41222988,5.36422948,Plein jour,Hors agglomération,Hors intersection,Normale,Deux véhicules - arrière,1,1,3,0,1,1,1,0,1,90,2,7,4,0,0,3,39.0,35.0,voiture,voiture,1,1,1,1,2
202400004370,2024-11-28 09:55:00,2024,11,28,9,55,31,31247,5 Place Jules Massenet,43.081129,0.671872,Plein jour,En agglomération,Hors intersection,Normale,Autre collision,3,2,2,0,1,1,1,0,1,50,1,2,1,0,1,0,65.0,,voiture,,1,2,1,1,6
202400004371,2024-08-10 14:40:00,2024,8,10,14,40,85,85003,la gouinière,46.740713,-1.566893,Plein jour,Hors agglomération,Hors intersection,Normale,Deux véhicules - côté,4,2,2,1,3,1,1,5,1,80,2,2,1,0,1,0,23.0,42.0,deux_roues,voiture,1,1,1,1,3
202400004372,2024-11-28 17:20:00,2024,11,28,17,20,38,38315,Avenue de la Bergerie,45.535543,5.660362,Nuit sans éclairage public,En agglomération,Hors intersection,Pluie légère,Autre collision,3,2,2,1,1,1,2,0,1,50,1,2,1,0,1,0,72.0,,voiture,,3,2,1,2,6
202400004373,2024-04-27 00:10:00,2024,4,27,0,10,69,69204,Autoroute 450 ,45.68716494,4.81057022,Nuit sans éclairage public,Hors agglomération,Hors intersection,Normale,Trois véhicules et plus - collisions multiples,1,3,4,0,1,1,1,0,1,90,3,3,0,0,1,2,33.0,21.0,voiture,voiture,3,1,1,1,5
202400004374,2024-07-21 16:45:00,2024,7,21,16,45,56,56007,Avenue Yves Kerroux,47.675358,-2.988399,Plein jour,En agglomération,Intersection en X,Normale,Deux véhicules - côté,4,2,2,0,2,1,1,0,1,30,2,2,1,0,0,1,51.0,57.0,voiture,voiture,1,2,2,1,3
202400004374,2024-07-21 16:45:00,2024,7,21,16,45,56,56007,Avenue Yves Kerroux,47.675358,-2.988399,Plein jour,En agglomération,Intersection en X,Normale,Deux véhicules - côté,4,2,2,0,2,1,1,0,1,50,2,2,1,0,0,1,51.0,57.0,voiture,voiture,1,2,2,1,3
202400004375,2024-11-29 11:00:00,2024,11,29,11,0,06,06032,Route Moyenne Corniche,43.724836,7.393981,Plein jour,Hors agglomération,Hors intersection,Normale,Autre collision,7,3,2,0,2,1,1,0,8,50,1,1,0,0,0,1,46.0,,deux_roues,,1,1,1,1,6
202400004376,2024-04-23 16:30:00,2024,4,23,16,30,67,67152,M35,48.5273,7.6847,Plein jour,Hors agglomération,Hors intersection,Normale,Trois véhicules et plus - en chaîne,7,1,2,0,1,1,1,0,1,90,3,3,1,0,1,1,53.0,31.0,voiture,voiture,1,1,1,1,4
202400004377,2024-08-12 09:30:00,2024,8,12,9,30,22,22242,D 89- la ville neuve,48.59945027,-2.384414,Plein jour,Hors agglomération,Hors intersection,Normale,Autre collision,3,2,2,0,1,1,1,0,1,80,2,2,1,0,1,0,34.0,73.0,utilitaire_camion,deux_roues,1,1,1,1,6
202400004378,2024-11-25 02:00:00,2024,11,25,2,0,64,64276,D918,43.105855,-0.649245,Nuit sans éclairage public,Hors agglomération,Hors intersection,Normale,Autre collision,3,2,2,0,1,1,1,0,3,80,1,1,0,1,0,0,27.0,,voiture,,3,1,1,1,6
202400004379,2024-04-28 22:30:00,2024,4,28,22,30,94,94021,A6B,48.77137155,2.34509948,Nuit sans éclairage public,Hors agglomération,Hors intersection,Normale,Sans collision,1,1,2,0,1,3,1,0,1,90,1,1,0,0,0,1,28.0,,deux_roues,,3,1,1,1,7
202400004380,2024-08-09 17:00:00,2024,8,9,17,0,62,62627,Rue de Sailly,50.303897,3.017421,Plein jour,Hors agglomération,Hors intersection,Temps éblouissant,Sans collision,4,2,2,0,1,1,1,0,3,80,1,1,0,0,1,0,41.0,,utilitaire_camion,,1,1,1,7,7
202400004381,2024-11-27 23:00:00,2024,11,27,23,0,53,53271,Rue de la Boorie,48.340843,-0.283556,Nuit avec éclairage non allumé,En agglomération,Hors intersection,Pluie légère,Autre collision,4,2,2,0,1,1,2,0,4,-1,1,1,0,0,1,0,30.0,,deux_roues,,4,2,1,2,6
202400004382,2024-04-28 00:20:00,2024,4,28,0,20,93,93066,A1,48.91224353,2.3578075,Nuit avec éclairage allumé,Hors agglomération,Hors intersection,Normale,Deux véhicules - arrière,1,3,8,0,1,1,2,1,1,110,2,2,1,0,0,1,22.0,65.0,voiture,voiture,5,1,1,1,2