accident_id,datetime,annee,mois,jour,heure,minute,departement,commune_insee,adresse,latitude,longitude,luminosite,agglomeration,intersection,meteo,collision,catr,circ,nbv,vosp,prof,plan,surf,infra,situ,vma,nb_vehicules,nb_usagers,nb_indemnes,nb_tues,nb_blesses_hosp,nb_blesses_legers,age_cond_1,age_cond_2,veh_type_cond_1,veh_type_cond_2,lum_code,agg_code,int_code,atm_code,col_code
202400004383,2024-08-10 15:27:00,2024,8,10,15,27,59,59618,Rue de Marpent,50.32427838,4.04697163,Plein jour,En agglomération,Hors intersection,Normale,Deux véhicules - frontale,3,2,2,0,1,3,1,0,1,50,1,1,0,0,1,0,25.0,,voiture,,1,2,1,1,1
202400004384,2024-11-28 23:25:00,2024,11,28,23,25,04,04088,Avenue du Général de Gaulle,43.955441,5.775263,Nuit avec éclairage allumé,En agglomération,Hors intersection,Normale,Deux véhicules - frontale,3,2,2,0,1,2,1,0,1,50,2,2,1,0,1,0,44.0,23.0,deux_roues,voiture,5,2,1,1,1
202400004385,2024-04-27 19:20:00,2024,4,27,19,20,95,95572,A15,49.0328605,2.10794605,Plein jour,Hors agglomération,Hors intersection,Pluie légère,Autre collision,1,-1,1,0,1,2,2,0,1,50,1,3,2,0,0,1,19.0,,voiture,,1,1,1,2,6
202400004386,2024-11-26 07:30:00,2024,11,26,7,30,27,27543,23 Route de Dreux,48.785788,1.363418,Nuit avec éclairage allumé,En agglomération,Hors intersection,Temps couvert,Autre collision,3,2,2,0,1,1,2,9,1,30,1,2,1,0,0,1,36.0,,voiture,,5,2,1,8,6
202400004387,2024-08-12 11:30:00,2024,8,12,11,30,59,59158,D938,50.450038,3.198545,Plein jour,En agglomération,Hors intersection,Temps éblouissant,Deux véhicules - frontale,3,2,2,0,1,3,1,0,1,50,2,4,0,0,2,2,55.0,35.0,utilitaire_camion,voiture,1,2,1,7,1
202400004388,2024-04-28 13:48:00,2024,4,28,13,48,94,94028,A86,48.79983715,2.44627859,Plein jour,Hors agglomération,Hors intersection,Normale,Deux véhicules - arrière,1,-1,2,0,1,1,1,0,1,90,2,2,1,0,0,1,51.0,26.0,voiture,deux_roues,1,1,1,1,2
202400004389,2024-08-10 01:55:00,2024,8,10,1,55,59,59465,Rue du Corbeau,50.115209,3.570637,Nuit sans éclairage public,Hors agglomération,Hors intersection,Normale,Autre collision,4,2,2,0,2,2,1,9,3,50,1,1,0,0,1,0,27.0,,utilitaire_camion,,3,1,1,1,6
202400004390,2024-11-28 08:10:00,2024,11,28,8,10,17,17057,D115,46.167622,-0.836354,Plein jour,Hors agglomération,Intersection en T,Normale,Deux véhicules - côté,3,2,2,0,1,1,1,0,1,80,2,2,1,0,1,0,79.0,55.0,voiture,deux_roues,1,1,3,1,3
202400004390,2024-11-28 08:10:00,2024,11,28,8,10,17,17057,D115,46.167622,-0.836354,Plein jour,Hors agglomération,Intersection en T,Normale,Deux véhicules - côté,3,2,2,-1,1,1,1,5,1,80,2,2,1,0,1,0,79.0,55.0,voiture,deux_roues,1,1,3,1,3
202400004391,2024-04-27 20:00:00,2024,4,27,20,0,77,77294,A104,48.970177,2.597213,Plein jour,Hors agglomération,Hors intersection,Pluie forte,Deux véhicules - arrière,1,-1,2,0,1,1,2,0,1,90,2,2,1,0,0,1,27.0,52.0,voiture,voiture,1,1,1,3,2
202400004392,2024-05-05 21:38:00,2024,5,5,21,38,13,13117,A7-Sens Marseille vers Lyon,43.47635,5.23763,Nuit sans éclairage public,Hors agglomération,Hors intersection,Normale,Sans collision,1,-1,2,0,1,1,1,0,1,90,1,1,0,0,0,1,30.0,,voiture,,3,1,1,1,7
202400004393,2024-08-11 19:15:00,2024,8,11,19,15,13,13085,A50-Sens Toulon vers Aubagne,43.2624,5.5896,Plein jour,Hors agglomération,Hors intersection,Normale,Sans collision,1,1,2,0,2,3,1,0,1,90,1,2,1,0,0,1,18.0,,voiture,,1,1,1,1,7
202400004394,2024-04-27 12:00:00,2024,4,27,12,0,93,93051,A4,48.83662815,2.54787956,Plein jour,Hors agglomération,Hors intersection,Normale,Deux véhicules - arrière,1,1,3,0,1,1,1,0,1,110,2,2,1,0,0,1,34.0,27.0,voiture,deux_roues,1,1,1,1,2
202400004395,2024-11-28 16:55:00,2024,11,28,16,55,30,30224,D22,43.918538,4.241023,Crépuscule ou aube,Hors agglomération,Hors intersection,Normale,Trois véhicules et plus - collisions multiples,3,2,2,0,1,1,1,0,1,80,3,3,1,0,1,1,64.0,65.0,deux_roues,deux_roues,2,1,1,1,5
202400004396,2024-04-27 07:20:00,2024,4,27,7,20,94,94046,A86 EXT,48.80856288,2.44905786,Plein jour,Hors agglomération,Hors intersection,Normale,Autre collision,1,1,4,0,1,1,1,0,1,90,1,2,1,0,0,1,24.0,,voiture,,1,1,1,1,6
202400004397,2024-11-28 17:05:00,2024,11,28,17,5,66,66172,Avenue de la Mirande,42.714086,2.851709,Crépuscule ou aube,En agglomération,Hors intersection,Normale,Autre collision,3,1,1,0,1,1,1,0,1,50,2,3,2,0,0,1,34.0,34.0,voiture,voiture,2,2,1,1,6
202400004398,2024-08-11 06:50:00,2024,8,11,6,50,13,13212,A507 sens Aubagne- Marseille,43.30933966,5.42489187,Crépuscule ou aube,En agglomération,Hors intersection,Normale,Deux véhicules - arrière,1,1,3,0,1,1,1,1,1,70,2,3,1,0,0,2,74.0,24.0,utilitaire_camion,utilitaire_camion,2,2,1,1,2
202400004399,2024-02-24 04:30:00,2024,2,24,4,30,74,74282,A410 ,46.03678155,6.24024452,Nuit sans éclairage public,Hors agglomération,Hors intersection,Normale,Deux véhicules - frontale,1,3,2,0,2,1,2,0,1,110,2,2,0,1,0,1,23.0,27.0,voiture,utilitaire_camion,3,1,1,1,1
202400004400,2024-08-09 01:40:00,2024,8,9,1,40,13,13202,TVPCM-Sens Saint Victor vers Les Ports,43.2943,5.36396,Nuit avec éclairage allumé,Hors agglomération,Autre intersection,Normale,Sans collision,9,1,2,0,1,3,1,1,1,50,1,2,0,0,0,2,38.0,,deux_roues,,5,1,9,1,7
202400004401,2024-11-23 10:15:00,2024,11,23,10,15,13,13103,"A54, PK 72+700, direction NIMES",43.62643,5.118577,Plein jour,Hors agglomération,Hors intersection,Normale,Deux véhicules - côté,1,3,2,0,1,3,1,8,1,-1,2,2,1,0,0,1,59.0,49.0,voiture,utilitaire_camion,1,1,1,1,3
202400004402,2024-02-20 17:20:00,2024,2,20,17,20,74,74236,Route de megève ,45.90501,6.700453,Plein jour,En agglomération,Autre intersection,Normale,Autre collision,3,2,2,0,1,1,1,9,1,50,1,2,1,0,1,0,18.0,,deux_roues,,1,2,9,1,6
202400004403,2024-11-22 18:35:00,2024,11,22,18,35,971,97116,Route de l?Etoile,16.320453,-61.489127,Nuit avec éclairage non allumé,Hors agglomération,Hors intersection,Normale,Deux véhicules - côté,4,2,2,0,1,1,1,5,1,70,2,2,1,0,0,1,72.0,17.0,voiture,autre,4,1,1,1,3
202400004404,2024-11-28 11:50:00,2024,11,28,11,50,971,97126,Lieu Dit Pelisson,15.939841,-61.270146,Plein jour,Hors agglomération,Hors intersection,Normale,Sans collision,4,2,2,0,1,1,1,0,1,50,1,1,0,0,1,0,19.0,,deux_roues,,1,1,1,1,7
202400004405,2024-08-10 15:20:00,2024,8,10,15,20,83,83144,A57,43.1392422,5.9973456,Plein jour,Hors agglomération,Hors intersection,Normale,Trois véhicules et plus - en chaîne,1,3,4,0,1,1,1,0,1,70,4,6,5,0,0,1,23.0,38.0,voiture,voiture,1,1,1,1,4
202400004406,2024-02-11 06:00:00,2024,2,11,6,0,74,74019,Voie des Aravis (Pont) ,45.937686,6.144552,Nuit sans éclairage public,Hors agglomération,Hors intersection,Temps couvert,Deux véhicules - frontale,3,2,2,0,1,2,2,0,1,80,2,4,1,0,3,0,20.0,24.0,voiture,voiture,3,1,1,8,1
202400004407,2024-02-07 18:15:00,2024,2,7,18,15,74,74225,Rue du Mont-Blanc ,45.859151,5.950277,Nuit avec éclairage allumé,En agglomération,Hors intersection,Pluie légère,Autre collision,4,2,2,0,1,3,2,0,1,50,1,2,1,0,0,1,54.0,,voiture,,5,2,1,2,6
202400004408,2024-08-09 11:45:00,2024,8,9,11,45,69,69256,Rocade Est,45.7963116,4.94410421,Plein jour,Hors agglomération,Hors intersection,Normale,Deux véhicules - arrière,2,3,4,0,1,1,1,0,1,80,2,2,1,0,0,1,45.0,,voiture,voiture,1,1,1,1,2
202400004409,2024-11-24 05:20:00,2024,11,24,5,20,77,77420,N2,49.048192,2.694397,Nuit sans éclairage public,Hors agglomération,Hors intersection,Normale,Deux véhicules - arrière,2,3,2,0,1,1,1,0,1,110,2,3,2,0,1,0,43.0,24.0,utilitaire_camion,voiture,3,1,1,1,2
202400004410,2024-02-04 08:30:00,2024,2,4,8,30,74,74070,RD 1005 ,46.29105138,6.27150226,Plein jour,Hors agglomération,Hors intersection,Normale,Sans collision,3,2,2,0,1,1,1,0,1,80,1,1,0,0,1,0,31.0,,voiture,,1,1,1,1,7
202400004411,2024-08-11 18:09:00,2024,8,11,18,9,77,77251,AUTOROUTE A5A,48.619458,2.553622,Plein jour,Hors agglomération,Hors intersection,Normale,Sans collision,1,1,3,0,3,3,1,3,1,50,1,1,0,0,0,1,24.0,,voiture,,1,1,1,1,7
202400004412,2024-11-29 16:45:00,2024,11,29,16,45,77,77183,Rue Jean-jaurès,48.945441,3.125203,Crépuscule ou aube,En agglomération,Hors intersection,Normale,Autre collision,3,2,2,0,1,1,1,0,1,50,1,2,1,0,0,1,36.0,,voiture,,2,2,1,1,6
202400004413,2024-02-03 15:30:00,2024,2,3,15,30,74,74311,Route des brasses ,46.161802,6.411515,Plein jour,Hors agglomération,Hors intersection,Normale,Autre collision,3,2,2,0,2,1,1,0,3,80,1,2,0,0,1,1,31.0,,voiture,,1,1,1,1,6
202400004414,2024-08-11 16:30:00,2024,8,11,16,30,94,94021,A106,48.76360182,2.34384403,Plein jour,Hors agglomération,Hors intersection,Normale,Deux véhicules - arrière,1,1,2,0,3,1,1,0,1,50,2,2,0,0,0,2,70.0,49.0,voiture,voiture,1,1,1,1,2
202400004415,2024-11-19 17:35:00,2024,11,19,17,35,77,77440,D21p,48.949088,3.07351,Nuit sans éclairage public,En agglomération,Hors intersection,Pluie forte,Deux véhicules - frontale,3,-1,2,0,2,1,2,5,1,50,2,2,1,0,1,0,63.0,50.0,voiture,voiture,3,2,1,3,1
202400004416,2024-11-28 18:00:00,2024,11,28,18,0,77,77217,D319,48.676939,2.665789,Crépuscule ou aube,Hors agglomération,Hors intersection,Normale,Deux véhicules - côté,3,2,0,0,1,1,1,0,1,90,2,2,1,0,1,0,41.0,33.0,voiture,deux_roues,2,1,1,1,3
202400004417,2024-01-28 01:20:00,2024,1,28,1,20,74,74272,Route de Nonglard ,45.945506,6.039069,Nuit sans éclairage public,En agglomération,Hors intersection,Normale,Trois véhicules et plus - collisions multiples,4,2,2,0,1,1,1,9,1,50,3,5,1,0,0,4,,17.0,voiture,deux_roues,3,2,1,1,5
202400004418,2024-08-11 11:56:00,2024,8,11,11,56,94,94076,A6B,48.79406378,2.34526514,Plein jour,Hors agglomération,Hors intersection,Normale,Trois véhicules et plus - en chaîne,1,3,3,0,1,1,1,0,1,70,4,5,3,0,0,2,52.0,35.0,voiture,voiture,1,1,1,1,4
202400004419,2024-11-28 16:15:00,2024,11,28,16,15,66,66171,Rue Roland Dorgelès,42.622228,3.010141,Plein jour,En agglomération,Giratoire,Normale,Autre collision,3,2,2,0,1,3,1,0,1,50,1,2,1,0,0,1,55.0,,voiture,,1,2,6,1,6
202400004420,2024-01-01 05:00:00,2024,1,1,5,0,74,74211,480 Route de moussy ,46.100443,6.268966,Nuit sans éclairage public,Hors agglomération,Hors intersection,Normale,Autre collision,3,2,2,0,4,3,1,0,3,80,1,2,0,1,1,0,23.0,,voiture,,3,1,1,1,6
202400004421,2024-11-28 19:10:00,2024,11,28,19,10,66,66171,,42.625497,3.023386,Nuit avec éclairage allumé,Hors agglomération,Hors intersection,Normale,Autre collision,3,2,2,1,1,1,1,0,1,50,1,1,0,0,0,1,46.0,,deux_roues,,5,1,1,1,6
202400004422,2024-08-11 08:05:00,2024,8,11,8,5,94,94034,A6A,48.75120273,2.32960518,Plein jour,Hors agglomération,Hors intersection,Normale,Deux véhicules - arrière,1,3,3,0,1,1,1,0,2,110,2,2,1,0,0,1,23.0,31.0,voiture,voiture,1,1,1,1,2
202400004423,2024-04-26 08:59:00,2024,4,26,8,59,987,98735,DESTREMEAU (RUE BLOC ECOLE MATERNELLE PA,-17.544686,-149.575624,Plein jour,En agglomération,Intersection en X,Normale,Autre collision,4,-1,2,0,1,1,1,0,1,50,1,2,1,0,1,0,56.0,,voiture,,1,2,2,1,6
202400004423,2024-04-26 08:59:00,2024,4,26,8,59,987,98735,DESTREMEAU (RUE BLOC ECOLE MATERNELLE PA,-17.544686,-149.575624,Plein jour,En agglomération,Intersection en X,Normale,Autre collision,4,1,1,0,1,1,1,0,1,50,1,2,1,0,1,0,56.0,,voiture,,1,2,2,1,6
202400004424,2024-08-09 05:45:00,2024,8,9,5,45,77,77251,RN 104,48.64509329,2.54658043,Nuit sans éclairage public,Hors agglomération,Hors intersection,Normale,Deux véhicules - arrière,2,3,2,0,1,1,1,0,1,90,2,2,1,0,0,1,,49.0,utilitaire_camion,voiture,3,1,1,1,2
202400004425,2024-11-27 07:40:00,2024,11,27,7,40,34,34022,Rue du Colombier,43.657861,4.011472,Crépuscule ou aube,En agglomération,Intersection en T,Normale,Deux véhicules - côté,2,2,2,0,1,1,1,0,1,50,2,2,0,0,0,2,59.0,69.0,deux_roues,voiture,2,2,3,1,3
202400004425,2024-11-27 07:40:00,2024,11,27,7,40,34,34022,Rue du Colombier,43.657861,4.011472,Crépuscule ou aube,En agglomération,Intersection en T,Normale,Deux véhicules - côté,2,2, -1,-1,1,1,1,0,1,-1,2,2,0,0,0,2,59.0,69.0,deux_roues,voiture,2,2,3,1,3
202400004426,2024-04-27 18:40:00,2024,4,27,18,40,974,97407,ROMERO(AVENUE),-20.94769,55.29594,Nuit avec éclairage non allumé,En agglomération,Hors intersection,Normale,Deux véhicules - côté,4,2,1,0,1,1,1,0,1,50,2,2,0,0,0,2,32.0,18.0,deux_roues,deux_roues,4,2,1,1,3
202400004427,2024-11-29 09:15:00,2024,11,29,9,15,34,34327,RD68,43.66902,3.968328,Plein jour,Hors agglomération,Hors intersection,Normale,Deux véhicules - arrière,3,2,2,0,3,3,1,0,3,90,2,2,1,0,1,0,25.0,30.0,voiture,utilitaire_camion,1,1,1,1,2
202400004428,2024-08-11 15:50:00,2024,8,11,15,50,92,92064,A13,48.83949368,2.20466483,Plein jour,Hors agglomération,Hors intersection,Normale,Deux véhicules - arrière,1,1,3,0,2,1,1,0,1,70,2,4,2,0,0,2,57.0,39.0,utilitaire_camion,voiture,1,1,1,1,2
202400004429,2024-04-26 22:13:00,2024,4,26,22,13,972,97213,ROUTE DEPARTEMENTALE 14,14.64615364,-61.02329688,Nuit avec éclairage allumé,Hors agglomération,Hors intersection,Normale,Deux véhicules - arrière,3,-1,2,0,2,1,1,0,1,70,2,3,2,0,0,1,26.0,35.0,voiture,voiture,5,1,1,1,2
202400004430,2024-08-11 08:45:00,2024,8,11,8,45,92,92050,A14,48.90203098,2.19992423,Plein jour,Hors agglomération,Hors intersection,Normale,Sans collision,1,-1,2,0,1,3,1,1,1,70,1,1,0,0,0,1,48.0,,deux_roues,,1,1,1,1,7
202400004431,2024-11-28 18:20:00,2024,11,28,18,20,71,71176,15 Rue de la Faïencerie,46.486063,3.990282,Nuit avec éclairage allumé,En agglomération,Intersection en X,Pluie forte,Autre collision,4,2,2,0,1,1,2,0,1,50,1,2,1,0,1,0,28.0,,voiture,,5,2,2,3,6
202400004431,2024-11-28 18:20:00,2024,11,28,18,20,71,71176,15 Rue de la Faïencerie,46.486063,3.990282,Nuit avec éclairage allumé,En agglomération,Intersection en X,Pluie forte,Autre collision,4,2,2,0,1,1,2,0,8,50,1,2,1,0,1,0,28.0,,voiture,,5,2,2,3,6
202400004432,2024-04-27 10:00:00,2024,4,27,10,0,972,97213,,14.62275,-61.01893,Plein jour,En agglomération,Intersection en Y,Normale,Deux véhicules - côté,3,2,2,0,2,1,1,0,1,50,2,5,4,0,0,1,36.0,49.0,voiture,voiture,1,2,4,1,3
202400004432,2024-04-27 10:00:00,2024,4,27,10,0,972,97213,,14.62275,-61.01893,Plein jour,En agglomération,Intersection en Y,Normale,Deux véhicules - côté,3,2,2,0,2,1,1,0,1,50,2,5,4,0,0,1,36.0,49.0,voiture,voiture,1,2,4,1,3
202400004433,2024-11-29 14:30:00,2024,11,29,14,30,54,54305,Rue du Baron de Courcelles,48.748077,6.200883,Plein jour,En agglomération,Intersection en T,Normale,Autre collision,4,2,2,0,1,1,1,0,4,50,1,1,0,0,1,0,46.0,,deux_roues,,1,2,3,1,6
202400004433,2024-11-29 14:30:00,2024,11,29,14,30,54,54305,Rue du Baron de Courcelles,48.748077,6.200883,Plein jour,En agglomération,Intersection en T,Normale,Autre collision,4,1, -1,-1,2,1,1,0,1,50,1,1,0,0,1,0,46.0,,deux_roues,,1,2,3,1,6
202400004434,2024-04-27 10:40:00,2024,4,27,10,40,972,97213,NELSON MANDELA,14.61081,-61.00189,Plein jour,En agglomération,Hors intersection,Normale,Deux véhicules - arrière,3,2,2,0,1,1,1,0,1,50,2,3,2,0,0,1,57.0,24.0,voiture,deux_roues,1,2,1,1,2
202400004435,2024-08-10 19:45:00,2024,8,10,19,45,92,92047,A13,48.83231571,2.15438418,Plein jour,Hors agglomération,Hors intersection,Normale,Trois véhicules et plus - en chaîne,1,1,3,0,1,1,1,0,1,70,3,7,6,0,0,1,35.0,21.0,voiture,voiture,1,1,1,1,4
202400004436,2024-04-27 08:40:00,2024,4,27,8,40,971,97113,Section Port Blanc,16.23102,-61.46655,Plein jour,Hors agglomération,Hors intersection,Normale,Sans collision,4,2,2,0,1,1,1,0,8,70,1,1,0,0,1,0,14.0,,deux_roues,,1,1,1,1,7
202400004437,2024-04-27 02:50:00,2024,4,27,2,50,971,97101,PERRIN (SECTEUR),16.29408,-61.51131,Nuit avec éclairage non allumé,En agglomération,Autre intersection,Pluie légère,Sans collision,3,2,2,0,1,1,2,0,8,50,1,1,0,0,0,1,36.0,,deux_roues,,4,2,9,2,7
202400004438,2024-08-11 07:00:00,2024,8,11,7,0,95,95018,A15,48.95863789,2.27437326,Plein jour,Hors agglomération,Hors intersection,Normale,Deux véhicules - arrière,1,3,4,0,3,3,1,0,1,110,2,3,1,0,0,2,39.0,,voiture,voiture,1,1,1,1,2
202400004439,2024-08-10 20:00:00,2024,8,10,20,0,95,95582,A115,48.97702211,2.24108916,Plein jour,En agglomération,Hors intersection,Normale,Autre collision,1,3,2,0,1,3,1,9,1,90,1,1,0,0,1,0,33.0,,deux_roues,,1,2,1,1,6
202400004440,2024-04-26 23:15:00,2024,4,26,23,15,971,97101,RN1-  HAUTEUR DE SORTIE LAURICISQUE,16.25324518,-61.54762298,Nuit avec éclairage allumé,En agglomération,Hors intersection,Normale,Deux véhicules - arrière,2,1,3,0,1,1,1,0,1,90,2,3,2,0,1,0,24.0,23.0,autre,voiture,5,2,1,1,2
202400004441,2024-05-31 17:05:00,2024,5,31,17,5,74,74147,395 Route de marceau,45.778386,6.202988,Plein jour,En agglomération,Hors intersection,Normale,Autre collision,4,2,2,0,1,1,1,0,1,50,1,2,1,0,0,1,39.0,,voiture,,1,2,1,1,6
202400004442,2024-04-27 11:40:00,2024,4,27,11,40,91,91479,AV DE VERDUN,48.70576,2.36345,Plein jour,En agglomération,Autre intersection,Normale,Deux véhicules - côté,3,2,3,1,1,1,1,0,5,50,2,2,1,0,0,1,41.0,32.0,voiture,deux_roues,1,2,9,1,3
202400004443,2024-04-27 15:00:00,2024,4,27,15,0,83,83126,STALINGRAD (BD),43.10604557,5.86717602,Plein jour,En agglomération,Intersection en X,Normale,Deux véhicules - côté,4,2, -1,-1,1,1,1,0,1,-1,2,2,1,0,1,0,57.0,23.0,deux_roues,voiture,1,2,2,1,3
202400004443,2024-04-27 15:00:00,2024,4,27,15,0,83,83126,STALINGRAD (BD),43.10604557,5.86717602,Plein jour,En agglomération,Intersection en X,Normale,Deux véhicules - côté,4,4,2,0,1,1,1,0,1,50,2,2,1,0,1,0,57.0,23.0,deux_roues,voiture,1,2,2,1,3
202400004444,2024-04-24 21:13:00,2024,4,24,21,13,74,74256,Avenue de geneve,45.973065,6.630152,Nuit sans éclairage public,Hors agglomération,Intersection en T,Pluie légère,Deux véhicules - côté,3,2,2,0,3,1,2,0,1,80,2,2,1,0,0,1,36.0,31.0,utilitaire_camion,voiture,3,1,3,2,3
202400004444,2024-04-24 21:13:00,2024,4,24,21,13,74,74256,Avenue de geneve,45.973065,6.630152,Nuit sans éclairage public,Hors agglomération,Intersection en T,Pluie légère,Deux véhicules - côté,3,2, -1,-1,3,1,2,0,1,-1,2,2,1,0,0,1,36.0,31.0,utilitaire_camion,voiture,3,1,3,2,3
202400004445,2024-04-23 07:55:00,2024,4,23,7,55,83,83061,D8,43.43315,6.72198,Plein jour,En agglomération,Hors intersection,Normale,Autre collision,3,2,2,0,1,1,1,0,1,50,1,1,0,0,1,0,31.0,,deux_roues,,1,2,1,1,6
202400004446,2024-04-27 03:38:00,2024,4,27,3,38,81,81004,THOMAS (AV ALBERT),43.93672,2.14682,Nuit avec éclairage allumé,En agglomération,Hors intersection,Normale,Autre collision,3,2,2,0,1,1,1,9,3,50,1,3,0,0,0,3,55.0,,voiture,,5,2,1,1,6
202400004447,2024-05-07 19:50:00,2024,5,7,19,50,74,74109,D1508,46.070581,5.855026,Plein jour,Hors agglomération,Hors intersection,Pluie légère,Trois véhicules et plus - collisions multiples,3,2,2,0,2,3,2,0,1,80,3,4,3,0,1,0,20.0,71.0,voiture,voiture,1,1,1,2,5
202400004448,2024-03-28 11:45:00,2024,3,28,11,45,78,78350,GENERAL DE GAULLE (RUE DU),48.861022,2.122416,Plein jour,En agglomération,Hors intersection,Normale,Autre collision,4,-1,0,0,1,1,1,6,8,50,1,3,1,0,0,2,87.0,,voiture,,1,2,1,1,6
202400004449,2024-05-28 10:30:00,2024,5,28,10,30,74,74104,Route d'Annecy,45.795106,6.213166,Plein jour,Hors agglomération,Hors intersection,Normale,Deux véhicules - côté,3,2,2,0,1,1,1,0,1,80,2,2,1,0,1,0,19.0,73.0,voiture,deux_roues,1,1,1,1,3
202400004450,2024-04-27 23:45:00,2024,4,27,23,45,78,78498,SAINT SEBASTIEN RUE,48.93901,2.0593,Nuit avec éclairage allumé,En agglomération,Intersection en T,Pluie légère,Autre collision,4,2,2,0,1,1,2,0,1,30,1,2,1,0,0,1,,,voiture,,5,2,3,2,6
202400004450,2024-04-27 23:45:00,2024,4,27,23,45,78,78498,SAINT SEBASTIEN RUE,48.93901,2.0593,Nuit avec éclairage allumé,En agglomération,Intersection en T,Pluie légère,Autre collision,4,2,2,0,1,1,2,0,1,30,1,2,1,0,0,1,,,voiture,,5,2,3,2,6
202400004451,2024-05-20 10:45:00,2024,5,20,10,45,74,74063,265 Route du taude,46.275447,6.838539,Plein jour,En agglomération,Hors intersection,Normale,Autre collision,4,2,2,0,2,1,1,0,3,50,1,1,0,0,1,0,32.0,,deux_roues,,1,2,1,1,6
202400004452,2024-04-27 18:58:00,2024,4,27,18,58,77,77384,CHEMIN DES PLAINES,48.601389,2.607778,Plein jour,Hors agglomération,Hors intersection,Normale,Deux véhicules - frontale,4,2,2,0,1,2,2,0,1,70,2,3,0,0,3,0,21.0,38.0,voiture,voiture,1,1,1,1,1
202400004453,2024-04-27 07:20:00,2024,4,27,7,20,77,77487,CLOS SAINT MARTIN  (DU),48.52264,2.69345,Crépuscule ou aube,En agglomération,Hors intersection,Pluie légère,Deux véhicules - frontale,4,2,2,0,1,3,2,0,1,50,2,2,0,0,0,2,20.0,48.0,voiture,voiture,2,2,1,2,1
202400004454,2024-05-26 11:20:00,2024,5,26,11,20,74,74256,1806 Route de megève,45.923297,6.634219,Plein jour,Hors agglomération,Intersection en T,Normale,Deux véhicules - côté,3,2,2,0,2,2,1,0,1,80,2,2,1,0,1,0,70.0,70.0,voiture,deux_roues,1,1,3,1,3
202400004454,2024-05-26 11:20:00,2024,5,26,11,20,74,74256,1806 Route de megève,45.923297,6.634219,Plein jour,Hors agglomération,Intersection en T,Normale,Deux véhicules - côté,3,2, -1,-1,1,3,1,0,1,-1,2,2,1,0,1,0,70.0,70.0,voiture,deux_roues,1,1,3,1,3
202400004455,2024-04-27 08:30:00,2024,4,27,8,30,77,77433,D 15,48.758544,3.07075,Plein jour,Hors agglomération,Hors intersection,Normale,Sans collision,3,2,2,0,1,3,2,0,3,80,1,3,1,0,0,2,20.0,,voiture,,1,1,1,1,7
202400004456,2024-05-25 22:00:00,2024,5,25,22,0,74,74112,,45.929722,6.120393,Nuit sans éclairage public,En agglomération,Hors intersection,Normale,Deux véhicules - côté,3,3,0,0,1,1,1,0,1,70,2,3,1,0,1,1,23.0,40.0,deux_roues,voiture,3,2,1,1,3
202400004457,2024-04-27 03:20:00,2024,4,27,3,20,76,76497,N138,49.37943406,1.05019856,Nuit sans éclairage public,Hors agglomération,Hors intersection,Pluie forte,Sans collision,2,1,2,0,1,1,2,0,3,90,1,3,1,0,1,1,19.0,,voiture,,3,1,1,3,7
202400004458,2024-04-27 20:05:00,2024,4,27,20,5,74,74010,MARECHAL LECLERC (PROMENADE/RUE),45.91489,6.11794,Crépuscule ou aube,En agglomération,Hors intersection,Normale,Autre collision,4,-1,2,0,1,1,1,0,1,50,1,2,1,0,0,1,42.0,,voiture,,2,2,1,1,6
202400004459,2024-05-24 07:30:00,2024,5,24,7,30,74,74267,,45.846384,6.147465,Plein jour,En agglomération,Hors intersection,Normale,Sans collision,3,3,0,0,1,1,1,0,1,50,2,2,1,0,0,1,31.0,,deux_roues,voiture,1,2,1,1,7
202400004460,2024-05-27 06:30:00,2024,5,27,6,30,74,74065,RD 992,46.03473261,5.96896623,Crépuscule ou aube,Hors agglomération,Hors intersection,Pluie légère,Sans collision,3,2,2,0,2,3,2,0,8,80,1,1,0,0,1,0,26.0,,voiture,,2,1,1,2,7
202400004461,2024-04-27 22:45:00,2024,4,27,22,45,71,71270,INTER  Quai Lamartine-Pont Saint-Laurent,46.30532,4.83584,Nuit avec éclairage allumé,En agglomération,Intersection en T,Normale,Deux véhicules - côté,3,3,5,0,3,1,1,0,1,50,2,3,1,0,0,2,29.0,59.0,voiture,voiture,5,2,3,1,3
202400004461,2024-04-27 22:45:00,2024,4,27,22,45,71,71270,INTER  Quai Lamartine-Pont Saint-Laurent,46.30532,4.83584,Nuit avec éclairage allumé,En agglomération,Intersection en T,Normale,Deux véhicules - côté,3,2,5,0,1,1,1,0,1,50,2,3,1,0,0,2,29.0,59.0,voiture,voiture,5,2,3,1,3
202400004462,2024-04-27 04:01:00,2024,4,27,4,1,71,71445,LOUIS ALPHONSE POITEVIN (RUE),46.76841,4.86616,Nuit avec éclairage non allumé,En agglomération,Hors intersection,Normale,Autre collision,4,2,2,0,1,1,1,0,1,50,1,2,1,0,1,0,36.0,,voiture,,4,2,1,1,6
202400004463,2024-05-21 09:20:00,2024,5,21,9,20,74,74236,,45.90686525,6.70419216,Plein jour,En agglomération,Hors intersection,Normale,Autre collision,3,2,2,1,1,1,1,9,1,50,2,2,1,1,0,0,48.0,52.0,utilitaire_camion,deux_roues,1,2,1,1,6