accident_id,datetime,annee,mois,jour,heure,minute,departement,commune_insee,adresse,latitude,longitude,luminosite,agglomeration,intersection,meteo,collision,catr,circ,nbv,vosp,prof,plan,surf,infra,situ,vma,nb_vehicules,nb_usagers,nb_indemnes,nb_tues,nb_blesses_hosp,nb_blesses_legers,age_cond_1,age_cond_2,veh_type_cond_1,veh_type_cond_2,lum_code,agg_code,int_code,atm_code,col_code
202400004597,2024-08-10 16:05:00,2024,8,10,16,5,75,75119,BOULEVARD DE LA VILLETTE,48.884402,2.365952,Plein jour,En agglomération,Hors intersection,Normale,Autre collision,4,2,4,1,1,1,1,0,1,30,1,2,1,0,0,1,,,deux_roues,,1,2,1,1,6
202400004598,2024-08-10 12:50:00,2024,8,10,12,50,75,75116,RUE DE LA TOUR,48.859684,2.282097,Plein jour,En agglomération,Intersection en T,Normale,Deux véhicules - côté,4,1,1,0,1,1,1,0,1,30,2,3,2,0,0,1,41.0,43.0,deux_roues,voiture,1,2,3,1,3
202400004598,2024-08-10 12:50:00,2024,8,10,12,50,75,75116,RUE DE LA TOUR,48.859684,2.282097,Plein jour,En agglomération,Intersection en T,Normale,Deux véhicules - côté,4,1,1,0,1,1,1,0,1,30,2,3,2,0,0,1,41.0,43.0,deux_roues,voiture,1,2,3,1,3
202400004599,2024-08-10 17:15:00,2024,8,10,17,15,75,75104,BOULEVARD HENRI IV,48.851523,2.363707,Plein jour,En agglomération,Intersection en T,Normale,Deux véhicules - côté,4,2,2,2,1,1,1,0,5,30,2,3,2,0,0,1,24.0,43.0,deux_roues,voiture,1,2,3,1,3
202400004599,2024-08-10 17:15:00,2024,8,10,17,15,75,75104,BOULEVARD HENRI IV,48.851523,2.363707,Plein jour,En agglomération,Intersection en T,Normale,Deux véhicules - côté,4,-1, -1,-1,1,1,1,0,1,30,2,3,2,0,0,1,24.0,43.0,deux_roues,voiture,1,2,3,1,3
202400004600,2024-08-10 15:07:00,2024,8,10,15,7,75,75110,Rue la Fayette,48.88160017,2.36574322,Plein jour,En agglomération,Intersection en X,Normale,Autre collision,4,2,3,1,1,1,1,0,5,30,1,2,1,0,0,1,24.0,,deux_roues,,1,2,2,1,6
202400004600,2024-08-10 15:07:00,2024,8,10,15,7,75,75110,Rue la Fayette,48.88160017,2.36574322,Plein jour,En agglomération,Intersection en X,Normale,Autre collision,4,1, -1,-1,1,1,1,0,5,-1,1,2,1,0,0,1,24.0,,deux_roues,,1,2,2,1,6
202400004601,2024-08-10 15:12:00,2024,8,10,15,12,75,75109,RUE DE PROVENCE,48.874144,2.337308,Plein jour,En agglomération,Intersection en X,Normale,Deux véhicules - côté,4,1,2,2,1,1,1,0,1,30,2,2,1,0,0,1,38.0,31.0,deux_roues,voiture,1,2,2,1,3
202400004601,2024-08-10 15:12:00,2024,8,10,15,12,75,75109,RUE DE PROVENCE,48.874144,2.337308,Plein jour,En agglomération,Intersection en X,Normale,Deux véhicules - côté,4,1,2,2,1,1,1,0,1,30,2,2,1,0,0,1,38.0,31.0,deux_roues,voiture,1,2,2,1,3
202400004602,2024-08-10 18:40:00,2024,8,10,18,40,94,94081,Rue Eugene Henaff,48.79378,2.41353,Plein jour,En agglomération,Intersection en T,Normale,Deux véhicules - côté,4,2,2,0,1,1,1,0,1,50,2,3,2,0,0,1,35.0,66.0,voiture,voiture,1,2,3,1,3
202400004603,2024-08-10 16:30:00,2024,8,10,16,30,94,94041,Avenue de Verdun,48.8158,2.36837,Plein jour,En agglomération,Intersection en T,Normale,Autre collision,3,1,1,0,1,1,1,0,1,30,1,2,1,0,0,1,,,voiture,,1,2,3,1,6
202400004603,2024-08-10 16:30:00,2024,8,10,16,30,94,94041,Avenue de Verdun,48.8158,2.36837,Plein jour,En agglomération,Intersection en T,Normale,Autre collision,3,3,4,0,1,1,1,0,1,50,1,2,1,0,0,1,,,voiture,,1,2,3,1,6
202400004604,2024-08-10 01:30:00,2024,8,10,1,30,93,93066,Avenue Romain Rolland,48.94112903,2.38653422,Nuit avec éclairage allumé,En agglomération,Hors intersection,Normale,Autre collision,4,2,2,1,1,1,1,0,1,50,1,1,0,0,0,1,35.0,,voiture,,5,2,1,1,6
202400004605,2024-08-10 05:37:00,2024,8,10,5,37,93,93055,Avenue Édouard Vaillant / Avenue du Général Leclerc,48.89655219,2.40082784,Crépuscule ou aube,En agglomération,Intersection en T,Normale,Autre collision,3,2,2,2,1,1,1,0,1,50,1,2,1,0,0,1,,,voiture,,2,2,3,1,6
202400004605,2024-08-10 05:37:00,2024,8,10,5,37,93,93055,Avenue Édouard Vaillant / Avenue du Général Leclerc,48.89655219,2.40082784,Crépuscule ou aube,En agglomération,Intersection en T,Normale,Autre collision,3,3,4,2,1,1,1,0,1,-1,1,2,1,0,0,1,,,voiture,,2,2,3,1,6
202400004606,2024-08-10 22:20:00,2024,8,10,22,20,93,93048,Boulevard Aristide Briand / Rue Saint-Denis,48.87295034,2.45354221,Nuit avec éclairage allumé,En agglomération,Intersection en X,Normale,Deux véhicules - côté,3,2,2,0,3,1,1,0,1,30,2,2,0,0,0,2,36.0,36.0,deux_roues,deux_roues,5,2,2,1,3
202400004606,2024-08-10 22:20:00,2024,8,10,22,20,93,93048,Boulevard Aristide Briand / Rue Saint-Denis,48.87295034,2.45354221,Nuit avec éclairage allumé,En agglomération,Intersection en X,Normale,Deux véhicules - côté,3,1,1,0,1,1,1,0,1,-1,2,2,0,0,0,2,36.0,36.0,deux_roues,deux_roues,5,2,2,1,3
202400004607,2024-08-10 08:20:00,2024,8,10,8,20,93,93031,Avenue de la République,48.94941,2.33096,Plein jour,En agglomération,Hors intersection,Normale,Autre collision,3,3,4,1,1,1,1,0,1,50,1,1,0,0,1,0,22.0,,deux_roues,,1,2,1,1,6
202400004608,2024-08-10 22:15:00,2024,8,10,22,15,93,93027,Avenue Paul Vaillant-Couturier / Rue Giuseppe Garibaldi,48.92305,2.41314,Nuit avec éclairage allumé,En agglomération,Intersection en T,Normale,Trois véhicules et plus - en chaîne,3,3,4,0,1,1,1,0,1,50,3,6,5,0,0,1,62.0,21.0,voiture,voiture,5,2,3,1,4
202400004608,2024-08-10 22:15:00,2024,8,10,22,15,93,93027,Avenue Paul Vaillant-Couturier / Rue Giuseppe Garibaldi,48.92305,2.41314,Nuit avec éclairage allumé,En agglomération,Intersection en T,Normale,Trois véhicules et plus - en chaîne,3,1,1,0,1,1,1,0,1,-1,3,6,5,0,0,1,62.0,21.0,voiture,voiture,5,2,3,1,4
202400004609,2024-08-10 15:50:00,2024,8,10,15,50,93,93008,Rue de Stalingrad / Avenue Louis Aragon,48.91307891,2.43654915,Plein jour,En agglomération,Giratoire,Normale,Deux véhicules - côté,3,3,3,1,1,1,1,0,6,50,2,3,2,0,0,1,74.0,43.0,voiture,voiture,1,2,6,1,3
202400004609,2024-08-10 15:50:00,2024,8,10,15,50,93,93008,Rue de Stalingrad / Avenue Louis Aragon,48.91307891,2.43654915,Plein jour,En agglomération,Giratoire,Normale,Deux véhicules - côté,3,3,4,0,1,1,1,0,6,-1,2,3,2,0,0,1,74.0,43.0,voiture,voiture,1,2,6,1,3
202400004610,2024-08-17 14:20:00,2024,8,17,14,20,92,92064,MONT VALERIEN,48.85501448,2.21550548,Plein jour,En agglomération,Hors intersection,Pluie forte,Deux véhicules - côté,3,2,2,0,1,1,2,0,4,50,2,2,1,0,0,1,46.0,24.0,voiture,deux_roues,1,2,1,3,3
202400004611,2024-12-28 11:45:00,2024,12,28,11,45,60,60159,Avenue Marcelin Berthelot,49.39098,2.78813,Plein jour,Hors agglomération,Hors intersection,Normale,Autre collision,4,3,4,0,1,1,1,0,1,50,1,1,0,0,1,0,74.0,,voiture,,1,1,1,1,6
202400004612,2024-12-12 21:15:00,2024,12,12,21,15,60,60352,D915,49.236823,1.808882,Nuit sans éclairage public,Hors agglomération,Giratoire,Temps couvert,Sans collision,3,2,2,0,1,1,1,9,1,80,1,1,0,0,1,0,42.0,,voiture,,3,1,6,8,7
202400004613,2024-08-10 10:40:00,2024,8,10,10,40,92,92063,HUGO (AVENUE VICTOR),48.8831,2.18026,Plein jour,Hors agglomération,Giratoire,Normale,Deux véhicules - côté,3,-1,1,2,1,1,1,0,1,30,2,2,1,0,0,1,61.0,57.0,voiture,deux_roues,1,1,6,1,3
202400004613,2024-08-10 10:40:00,2024,8,10,10,40,92,92063,HUGO (AVENUE VICTOR),48.8831,2.18026,Plein jour,Hors agglomération,Giratoire,Normale,Deux véhicules - côté,3,-1,2,2,1,1,1,0,1,50,2,2,1,0,0,1,61.0,57.0,voiture,deux_roues,1,1,6,1,3
202400004614,2024-08-10 16:00:00,2024,8,10,16,0,92,92050,PREMIER MAI RUE DU,48.91008681,2.21508253,Plein jour,En agglomération,Intersection en T,Normale,Deux véhicules - côté,4,2,2,0,1,1,1,2,1,50,2,3,0,0,0,3,21.0,43.0,voiture,voiture,1,2,3,1,3
202400004614,2024-08-10 16:00:00,2024,8,10,16,0,92,92050,PREMIER MAI RUE DU,48.91008681,2.21508253,Plein jour,En agglomération,Intersection en T,Normale,Deux véhicules - côté,4,2,4,0,1,1,1,2,1,50,2,3,0,0,0,3,21.0,43.0,voiture,voiture,1,2,3,1,3
202400004615,2024-08-27 11:10:00,2024,8,27,11,10,27,27681,MONTGOMERY (AVENUE DU MARECHAL),49.089,1.4755,Plein jour,En agglomération,Intersection en X,Normale,Deux véhicules - côté,4,2,2,0,1,1,1,0,1,30,2,5,0,0,0,5,81.0,38.0,utilitaire_camion,voiture,1,2,2,1,3
202400004615,2024-08-27 11:10:00,2024,8,27,11,10,27,27681,MONTGOMERY (AVENUE DU MARECHAL),49.089,1.4755,Plein jour,En agglomération,Intersection en X,Normale,Deux véhicules - côté,4,2,2,0,1,1,1,0,1,30,2,5,0,0,0,5,81.0,38.0,utilitaire_camion,voiture,1,2,2,1,3
202400004616,2024-08-20 23:40:00,2024,8,20,23,40,27,27165,Route de Breteuil,48.950225,0.946841,Nuit sans éclairage public,En agglomération,Hors intersection,Normale,Deux véhicules - frontale,3,2,2,0,1,1,1,0,1,50,2,2,1,0,1,0,35.0,43.0,voiture,voiture,3,2,1,1,1
202400004617,2024-08-10 08:40:00,2024,8,10,8,40,92,92040,GOUVERNEUR GAL EBOUE DU 02 AU 64,48.82523571,2.26774818,Plein jour,En agglomération,Intersection en X,Normale,Deux véhicules - côté,3,1,2,0,1,1,1,0,1,30,2,3,0,0,0,3,51.0,42.0,utilitaire_camion,utilitaire_camion,1,2,2,1,3
202400004617,2024-08-10 08:40:00,2024,8,10,8,40,92,92040,GOUVERNEUR GAL EBOUE DU 02 AU 64,48.82523571,2.26774818,Plein jour,En agglomération,Intersection en X,Normale,Deux véhicules - côté,3,-1,2,0,1,1,1,0,1,30,2,3,0,0,0,3,51.0,42.0,utilitaire_camion,utilitaire_camion,1,2,2,1,3
202400004618,2024-07-19 16:34:00,2024,7,19,16,34,27,27518,Autoroute A131,49.457999,0.517548,Plein jour,Hors agglomération,Hors intersection,Normale,Autre collision,1,1,2,0,1,1,1,0,1,130,2,3,2,0,1,0,45.0,55.0,voiture,voiture,1,1,1,1,6
202400004619,2024-08-10 00:30:00,2024,8,10,0,30,92,92060,ARISTIDE BRIAND (AVENUE) A PARTIR N°17,48.78023593,2.25799727,Nuit avec éclairage allumé,En agglomération,Autre intersection,Normale,Deux véhicules - côté,4,2,0,0,2,3,1,0,1,50,2,2,1,0,0,1,47.0,57.0,deux_roues,voiture,5,2,9,1,3
202400004620,2024-11-21 19:30:00,2024,11,21,19,30,38,38053,Rue Louis Legrand,45.58669,5.2744,Nuit avec éclairage allumé,En agglomération,Intersection en T,Pluie légère,Deux véhicules - côté,4,2,2,0,1,1,2,5,1,30,2,2,1,0,0,1,20.0,25.0,voiture,voiture,5,2,3,2,3
202400004620,2024-11-21 19:30:00,2024,11,21,19,30,38,38053,Rue Louis Legrand,45.58669,5.2744,Nuit avec éclairage allumé,En agglomération,Intersection en T,Pluie légère,Deux véhicules - côté,4,2,2,0,1,1,2,0,1,30,2,2,1,0,0,1,20.0,25.0,voiture,voiture,5,2,3,2,3
202400004621,2024-08-11 05:15:00,2024,8,11,5,15,24,24135,Impasse des Tavernes,45.238548,0.788875,Crépuscule ou aube,Hors agglomération,Hors intersection,Normale,Deux véhicules - frontale,3,2,2,0,3,1,1,0,1,80,2,2,0,2,0,0,60.0,35.0,voiture,voiture,2,1,1,1,1
202400004622,2024-12-02 20:56:00,2024,12,2,20,56,38,38053,CD 522,45.62228,5.28111,Nuit sans éclairage public,Hors agglomération,Hors intersection,Pluie forte,Sans collision,3,2,2,0,3,2,2,0,3,80,1,1,0,0,0,1,21.0,,voiture,,3,1,1,3,7
202400004623,2024-08-10 18:30:00,2024,8,10,18,30,63,63302,chemin du stade,45.71410048,3.13800216,Plein jour,En agglomération,Hors intersection,Normale,Sans collision,4,-1,2,0,1,1,1,0,1,50,1,1,0,0,1,0,14.0,,deux_roues,,1,2,1,1,7
202400004624,2024-08-11 10:00:00,2024,8,11,10,0,24,24442,D6089,45.10328949,0.49125295,Plein jour,Hors agglomération,Hors intersection,Normale,Deux véhicules - frontale,3,2,2,0,1,2,1,0,1,80,2,2,0,1,0,1,31.0,52.0,voiture,voiture,1,1,1,1,1
202400004625,2024-11-17 09:30:00,2024,11,17,9,30,34,34301,MARTELLI GILBERT (AVENUE),43.40915,3.70505,Plein jour,En agglomération,Giratoire,Normale,Deux véhicules - côté,4,3,1,0,1,3,1,0,1,50,2,2,1,0,0,1,47.0,81.0,deux_roues,voiture,1,2,6,1,3
202400004625,2024-11-17 09:30:00,2024,11,17,9,30,34,34301,MARTELLI GILBERT (AVENUE),43.40915,3.70505,Plein jour,En agglomération,Giratoire,Normale,Deux véhicules - côté,4,1,1,0,1,1,1,2,1,50,2,2,1,0,0,1,47.0,81.0,deux_roues,voiture,1,2,6,1,3
202400004626,2024-08-11 12:25:00,2024,8,11,12,25,28,28177,"A 11, PK 057.540",48.438241,1.524466,Plein jour,Hors agglomération,Hors intersection,Normale,Autre collision,1,3,3,3,1,1,1,2,2,130,1,4,0,0,2,2,25.0,,voiture,,1,1,1,1,6
202400004627,2024-12-30 19:02:00,2024,12,30,19,2,93,93066,CARNOT (BOULEVARD),48.93854,2.35081,Nuit avec éclairage allumé,En agglomération,Intersection en X,Normale,Deux véhicules - frontale,4,1,2,0,1,1,1,0,1,50,2,2,1,0,1,0,18.0,18.0,voiture,deux_roues,5,2,2,1,1
202400004627,2024-12-30 19:02:00,2024,12,30,19,2,93,93066,CARNOT (BOULEVARD),48.93854,2.35081,Nuit avec éclairage allumé,En agglomération,Intersection en X,Normale,Deux véhicules - frontale,4,2,3,0,1,1,1,0,1,50,2,2,1,0,1,0,18.0,18.0,voiture,deux_roues,5,2,2,1,1
202400004628,2024-02-08 08:10:00,2024,2,8,8,10,94,94068,Boulevard du Général Giraud / Boulevard de Créteil,48.798832,2.473508,Crépuscule ou aube,En agglomération,Intersection en T,Pluie légère,Autre collision,3,2,2,0,1,1,2,0,1,30,1,2,1,0,0,1,39.0,,voiture,,2,2,3,2,6
202400004628,2024-02-08 08:10:00,2024,2,8,8,10,94,94068,Boulevard du Général Giraud / Boulevard de Créteil,48.798832,2.473508,Crépuscule ou aube,En agglomération,Intersection en T,Pluie légère,Autre collision,3,2,2,0,1,1,2,0,1,30,1,2,1,0,0,1,39.0,,voiture,,2,2,3,2,6
202400004629,2024-08-11 13:00:00,2024,8,11,13,0,974,97412,Rue Charles Baudelaire,-21.381475,55.648654,Plein jour,En agglomération,Hors intersection,Normale,Deux véhicules - arrière,2,2,2,0,1,1,1,0,1,50,2,2,1,0,1,0,23.0,34.0,utilitaire_camion,deux_roues,1,2,1,1,2
202400004630,2024-12-27 13:55:00,2024,12,27,13,55,93,93066,Allée Camelinat,48.94806925,2.35177696,Plein jour,En agglomération,Hors intersection,Normale,Autre collision,4,1,1,0,1,1,1,0,1,50,1,2,1,0,0,1,28.0,,voiture,,1,2,1,1,6
202400004631,2024-02-09 08:15:00,2024,2,9,8,15,94,94042,Pont de Joinville / Quai de la Marne,48.82018,2.46734,Plein jour,En agglomération,Intersection à plus de 4 branches,Pluie légère,Deux véhicules - côté,3,2,2,3,1,1,2,2,1,50,2,2,1,0,0,1,33.0,24.0,deux_roues,utilitaire_camion,1,2,5,2,3
202400004631,2024-02-09 08:15:00,2024,2,9,8,15,94,94042,Pont de Joinville / Quai de la Marne,48.82018,2.46734,Plein jour,En agglomération,Intersection à plus de 4 branches,Pluie légère,Deux véhicules - côté,3,2,2,0,2,1,2,0,1,-1,2,2,1,0,0,1,33.0,24.0,deux_roues,utilitaire_camion,1,2,5,2,3
202400004632,2024-12-22 22:20:00,2024,12,22,22,20,93,93066,CITE DANIELLE CASANOVA,48.92505672,2.36771944,Nuit avec éclairage allumé,En agglomération,Intersection en T,Pluie légère,Deux véhicules - côté,3,2,1,0,1,1,2,0,1,50,2,2,0,0,0,2,33.0,33.0,voiture,voiture,5,2,3,2,3
202400004632,2024-12-22 22:20:00,2024,12,22,22,20,93,93066,CITE DANIELLE CASANOVA,48.92505672,2.36771944,Nuit avec éclairage allumé,En agglomération,Intersection en T,Pluie légère,Deux véhicules - côté,3,-1,1,0,1,1,2,0,1,50,2,2,0,0,0,2,33.0,33.0,voiture,voiture,5,2,3,2,3
202400004633,2024-08-10 20:06:00,2024,8,10,20,6,63,63143,D984,46.045439,3.259458,Crépuscule ou aube,Hors agglomération,Intersection en T,Temps éblouissant,Deux véhicules - côté,3,2,2,0,1,1,1,0,1,90,2,2,1,0,1,0,87.0,45.0,voiture,deux_roues,2,1,3,7,3
202400004633,2024-08-10 20:06:00,2024,8,10,20,6,63,63143,D984,46.045439,3.259458,Crépuscule ou aube,Hors agglomération,Intersection en T,Temps éblouissant,Deux véhicules - côté,3,2,2,-1,1,1,1,0,1,90,2,2,1,0,1,0,87.0,45.0,voiture,deux_roues,2,1,3,7,3
202400004634,2024-02-08 14:30:00,2024,2,8,14,30,94,94003,Rue du Colonel Fabien / Rue de la Citadelle,48.79890144,2.3410323,Plein jour,En agglomération,Intersection en T,Pluie légère,Deux véhicules - frontale,4,2,2,0,1,1,2,0,1,50,2,2,1,0,0,1,32.0,38.0,voiture,deux_roues,1,2,3,2,1
202400004634,2024-02-08 14:30:00,2024,2,8,14,30,94,94003,Rue du Colonel Fabien / Rue de la Citadelle,48.79890144,2.3410323,Plein jour,En agglomération,Intersection en T,Pluie légère,Deux véhicules - frontale,4,2,2,2,2,1,2,0,1,50,2,2,1,0,0,1,32.0,38.0,voiture,deux_roues,1,2,3,2,1
202400004635,2024-08-11 05:25:00,2024,8,11,5,25,46,46148,2116 Route de Vaylats,44.33734,1.574199,Nuit sans éclairage public,Hors agglomération,Hors intersection,Normale,Autre collision,3,2,2,0,1,2,1,0,3,80,1,1,0,0,1,0,18.0,,voiture,,3,1,1,1,6
202400004636,2024-12-19 06:45:00,2024,12,19,6,45,93,93066,LIBERATION RD14 (BOULEVARD),48.92955449,2.34100615,Nuit avec éclairage allumé,En agglomération,Intersection en X,Pluie légère,Deux véhicules - côté,3,3,4,0,1,1,2,0,1,50,2,3,2,0,0,1,32.0,56.0,voiture,voiture,5,2,2,2,3
202400004636,2024-12-19 06:45:00,2024,12,19,6,45,93,93066,LIBERATION RD14 (BOULEVARD),48.92955449,2.34100615,Nuit avec éclairage allumé,En agglomération,Intersection en X,Pluie légère,Deux véhicules - côté,3,2,2,-1,1,1,2,0,1,-1,2,3,2,0,0,1,32.0,56.0,voiture,voiture,5,2,2,2,3
202400004637,2024-08-11 11:55:00,2024,8,11,11,55,26,26247,N7,45.16319607,4.82640622,Plein jour,Hors agglomération,Hors intersection,Normale,Autre collision,2,2,3,0,1,1,1,0,1,80,1,1,0,0,1,0,21.0,,deux_roues,,1,1,1,1,6
202400004638,2024-02-09 19:20:00,2024,2,9,19,20,94,94021,Avenue du 11 novembre 1918 / Avenue de la République,48.76069,2.36455,Nuit avec éclairage allumé,En agglomération,Intersection en X,Normale,Trois véhicules et plus - collisions multiples,3,2,2,0,1,3,1,5,1,50,3,4,3,0,0,1,46.0,39.0,voiture,deux_roues,5,2,2,1,5
202400004638,2024-02-09 19:20:00,2024,2,9,19,20,94,94021,Avenue du 11 novembre 1918 / Avenue de la République,48.76069,2.36455,Nuit avec éclairage allumé,En agglomération,Intersection en X,Normale,Trois véhicules et plus - collisions multiples,3,2,2,3,1,1,1,5,1,-1,3,4,3,0,0,1,46.0,39.0,voiture,deux_roues,5,2,2,1,5
202400004639,2024-11-28 11:30:00,2024,11,28,11,30,93,93066,CROIZAT AMBROISE RD 29 BIS,48.93024731,2.35049907,Plein jour,En agglomération,Intersection en T,Normale,Deux véhicules - arrière,3,2,3,0,1,1,1,0,1,50,2,4,2,0,0,2,48.0,39.0,utilitaire_camion,utilitaire_camion,1,2,3,1,2
202400004639,2024-11-28 11:30:00,2024,11,28,11,30,93,93066,CROIZAT AMBROISE RD 29 BIS,48.93024731,2.35049907,Plein jour,En agglomération,Intersection en T,Normale,Deux véhicules - arrière,3,2,2,0,1,1,1,0,1,50,2,4,2,0,0,2,48.0,39.0,utilitaire_camion,utilitaire_camion,1,2,3,1,2
202400004640,2024-08-11 16:15:00,2024,8,11,16,15,79,79057,,46.154456,-0.230269,Plein jour,En agglomération,Intersection en T,Normale,Sans collision,3,2,2,0,1,2,1,0,3,50,1,1,0,0,0,1,57.0,,voiture,,1,2,3,1,7
202400004640,2024-08-11 16:15:00,2024,8,11,16,15,79,79057,,46.154456,-0.230269,Plein jour,En agglomération,Intersection en T,Normale,Sans collision,3,2,2,-1,1,1,1,0,1,50,1,1,0,0,0,1,57.0,,voiture,,1,2,3,1,7
202400004641,2024-02-09 18:45:00,2024,2,9,18,45,94,94016,Av du Mal de Lattre de Tassigny / Rue des Saussaies,48.788471,2.332639,Nuit avec éclairage allumé,En agglomération,Intersection en T,Normale,Autre collision,3,2,2,0,1,1,1,0,1,50,1,3,2,0,0,1,62.0,,utilitaire_camion,,5,2,3,1,6
202400004641,2024-02-09 18:45:00,2024,2,9,18,45,94,94016,Av du Mal de Lattre de Tassigny / Rue des Saussaies,48.788471,2.332639,Nuit avec éclairage allumé,En agglomération,Intersection en T,Normale,Autre collision,3,2,2,0,1,1,1,0,1,50,1,3,2,0,0,1,62.0,,utilitaire_camion,,5,2,3,1,6
202400004642,2024-11-21 23:25:00,2024,11,21,23,25,93,93066,PORTE DE PARIS (PLACE),48.92872,2.35675,Nuit avec éclairage allumé,En agglomération,Hors intersection,Neige / grêle,Deux véhicules - arrière,3,3,3,3,2,1,7,2,6,50,2,2,0,0,0,2,22.0,34.0,transport_commun,transport_commun,5,2,1,4,2
202400004643,2024-08-07 09:45:00,2024,8,7,9,45,2A,2A269,Cala d'Oru,41.826595,9.404498,Plein jour,Hors agglomération,Autre intersection,Normale,Trois véhicules et plus - collisions multiples,9,-1,2,0,2,2,1,0,1,80,3,3,2,0,1,0,37.0,29.0,voiture,deux_roues,1,1,9,1,5
202400004644,2024-02-09 05:00:00,2024,2,9,5,0,94,94077,Rue Marcel Risser / Avenue Pasteur,48.737423,2.419237,Nuit avec éclairage allumé,En agglomération,Intersection en X,Normale,Deux véhicules - côté,4,2,2,0,1,1,1,0,1,30,2,2,1,0,0,1,30.0,47.0,voiture,voiture,5,2,2,1,3
202400004645,2024-11-19 13:20:00,2024,11,19,13,20,93,93066,"""POULLAIN AUGUSTE, NR 1 A 51""",48.94075323,2.35660672,Plein jour,En agglomération,Intersection en T,Pluie légère,Deux véhicules - côté,4,1,1,0,1,2,2,0,1,30,2,2,1,0,0,1,27.0,,deux_roues,voiture,1,2,3,2,3
202400004645,2024-11-19 13:20:00,2024,11,19,13,20,93,93066,"""POULLAIN AUGUSTE, NR 1 A 51""",48.94075323,2.35660672,Plein jour,En agglomération,Intersection en T,Pluie légère,Deux véhicules - côté,4,1,2,1,1,1,2,0,1,30,2,2,1,0,0,1,27.0,,deux_roues,voiture,1,2,3,2,3
202400004646,2024-02-09 20:42:00,2024,2,9,20,42,94,94017,Avenue Maurice Thorez / Voie Sonia Delaunay,48.81143,2.536521,Nuit avec éclairage allumé,En agglomération,Giratoire,Normale,Autre collision,3,3,2,0,1,1,1,0,1,30,1,2,1,0,0,1,62.0,,utilitaire_camion,,5,2,6,1,6
202400004646,2024-02-09 20:42:00,2024,2,9,20,42,94,94017,Avenue Maurice Thorez / Voie Sonia Delaunay,48.81143,2.536521,Nuit avec éclairage allumé,En agglomération,Giratoire,Normale,Autre collision,3,2,2,2,1,1,1,0,1,-1,1,2,1,0,0,1,62.0,,utilitaire_camion,,5,2,6,1,6
202400004647,2024-09-25 13:24:00,2024,9,25,13,24,44,44154,Avenue Guy Lafontaine,47.242976,-2.157644,Plein jour,En agglomération,Hors intersection,Pluie forte,Deux véhicules - côté,4,1,2,2,1,1,2,0,5,50,2,2,1,0,0,1,19.0,60.0,deux_roues,voiture,1,2,1,3,3
202400004648,2024-02-09 08:00:00,2024,2,9,8,0,94,94017,Avenue Maurice Thorez / Route de la Libération,48.80595,2.53377,Crépuscule ou aube,En agglomération,Giratoire,Temps couvert,Autre collision,3,3,4,0,1,1,2,5,1,30,1,2,1,0,0,1,56.0,,voiture,,2,2,6,8,6
202400004648,2024-02-09 08:00:00,2024,2,9,8,0,94,94017,Avenue Maurice Thorez / Route de la Libération,48.80595,2.53377,Crépuscule ou aube,En agglomération,Giratoire,Temps couvert,Autre collision,3,2,4,0,1,1,2,5,1,30,1,2,1,0,0,1,56.0,,voiture,,2,2,6,8,6
202400004649,2024-08-10 09:10:00,2024,8,10,9,10,69,69066,Route de Thizy,46.082775,4.31153,Plein jour,Hors agglomération,Intersection en T,Normale,Deux véhicules - arrière,3,2,2,0,2,1,1,0,1,80,2,2,0,0,0,2,43.0,53.0,utilitaire_camion,voiture,1,1,3,1,2
202400004649,2024-08-10 09:10:00,2024,8,10,9,10,69,69066,Route de Thizy,46.082775,4.31153,Plein jour,Hors agglomération,Intersection en T,Normale,Deux véhicules - arrière,3,2,2,0,2,4,1,0,1,-1,2,2,0,0,0,2,43.0,53.0,utilitaire_camion,voiture,1,1,3,1,2
202400004650,2024-10-04 17:25:00,2024,10,4,17,25,44,44054,,47.63514055,-1.30209446,Plein jour,Hors agglomération,Intersection en X,Normale,Deux véhicules - côté,3,2,2,0,1,1,1,5,1,80,2,3,1,0,0,2,22.0,58.0,voiture,voiture,1,1,2,1,3
202400004650,2024-10-04 17:25:00,2024,10,4,17,25,44,44054,,47.63514055,-1.30209446,Plein jour,Hors agglomération,Intersection en X,Normale,Deux véhicules - côté,3,2,2,0,1,1,1,0,1,80,2,3,1,0,0,2,22.0,58.0,voiture,voiture,1,1,2,1,3
202400004651,2024-02-08 20:45:00,2024,2,8,20,45,94,94071,Avenue Olivier d'Ormesson / Rue du Pont de Chennevières,48.7809,2.51221,Nuit avec éclairage allumé,En agglomération,Intersection en X,Normale,Deux véhicules - arrière,3,2,2,0,2,1,1,0,1,50,2,2,1,0,1,0,58.0,62.0,voiture,voiture,5,2,2,1,2
202400004651,2024-02-08 20:45:00,2024,2,8,20,45,94,94071,Avenue Olivier d'Ormesson / Rue du Pont de Chennevières,48.7809,2.51221,Nuit avec éclairage allumé,En agglomération,Intersection en X,Normale,Deux véhicules - arrière,3,2,2,0,1,1,1,0,1,50,2,2,1,0,1,0,58.0,62.0,voiture,voiture,5,2,2,1,2
202400004652,2024-08-11 10:50:00,2024,8,11,10,50,71,71015,2 Route de Chalon,46.953397,4.378374,Plein jour,Hors agglomération,Hors intersection,Normale,Autre collision,3,2,2,0,1,2,1,0,1,80,1,1,0,0,1,0,25.0,,deux_roues,,1,1,1,1,6