accident_id,datetime,annee,mois,jour,heure,minute,departement,commune_insee,adresse,latitude,longitude,luminosite,agglomeration,intersection,meteo,collision,catr,circ,nbv,vosp,prof,plan,surf,infra,situ,vma,nb_vehicules,nb_usagers,nb_indemnes,nb_tues,nb_blesses_hosp,nb_blesses_legers,age_cond_1,age_cond_2,veh_type_cond_1,veh_type_cond_2,lum_code,agg_code,int_code,atm_code,col_code
202400004724,2024-02-10 00:10:00,2024,2,10,0,10,51,51287,D951,49.082355,3.962352,Nuit sans éclairage public,Hors agglomération,Hors intersection,Pluie légère,Deux véhicules - arrière,3,2,3,0,2,3,2,0,1,70,2,3,2,0,0,1,27.0,19.0,voiture,deux_roues,3,1,1,2,2
202400004725,2024-04-25 08:50:00,2024,4,25,8,50,972,97213,AUTOROUTE A1,14.61812,-61.02189,Plein jour,Hors agglomération,Hors intersection,Normale,Trois véhicules et plus - en chaîne,1,3,6,0,1,1,1,0,1,90,3,3,2,0,0,1,76.0,35.0,voiture,voiture,1,1,1,1,4
202400004726,2024-08-11 13:32:00,2024,8,11,13,32,10,10363,Autoroute A5,48.2211,4.1284,Plein jour,Hors agglomération,Autre intersection,Normale,Autre collision,1,1,2,0,2,3,1,3,3,130,1,4,3,0,0,1,21.0,,voiture,,1,1,9,1,6
202400004727,2024-02-09 15:10:00,2024,2,9,15,10,78,78031,63 Route de Houdan,48.94627,1.695226,Plein jour,En agglomération,Hors intersection,Normale,Deux véhicules - côté,3,2,2,0,1,1,1,0,1,50,2,3,1,0,1,1,83.0,22.0,voiture,deux_roues,1,2,1,1,3
202400004728,2024-04-24 22:30:00,2024,4,24,22,30,972,97213,LONG BOIS (CHEMIN),14.64121965,-60.99302448,Nuit avec éclairage allumé,Hors agglomération,Hors intersection,Normale,Sans collision,4,-1,2,0,2,1,1,0,3,50,1,1,0,0,0,1,27.0,,voiture,,5,1,1,1,7
202400004729,2024-02-09 17:55:00,2024,2,9,17,55,61,61404,RD 932,48.56174,0.505607,Crépuscule ou aube,Hors agglomération,Hors intersection,Temps couvert,Autre collision,3,2,2,0,3,1,2,0,3,90,1,1,0,0,0,1,65.0,,deux_roues,,2,1,1,8,6
202400004730,2024-08-11 05:03:00,2024,8,11,5,3,13,13069,Chemin de la Petite Brulière,43.632983,5.150402,Nuit sans éclairage public,En agglomération,Hors intersection,Normale,Deux véhicules - côté,4,1,1,0,1,1,1,0,1,50,1,2,1,0,1,0,20.0,,voiture,,3,2,1,1,3
202400004731,2024-04-13 07:40:00,2024,4,13,7,40,972,97213,AUTOROUTE A1,14.618,-61.019,Plein jour,Hors agglomération,Hors intersection,Pluie légère,Deux véhicules - arrière,1,3,6,3,1,1,2,0,6,90,2,2,1,0,0,1,,66.0,voiture,voiture,1,1,1,2,2
202400004732,2024-02-09 22:55:00,2024,2,9,22,55,42,42212,N7,45.966932,4.134958,Nuit sans éclairage public,Hors agglomération,Hors intersection,Normale,Autre collision,2,3,4,0,4,2,1,0,1,110,1,3,0,0,2,1,20.0,,voiture,,3,1,1,1,6
202400004733,2024-08-10 16:50:00,2024,8,10,16,50,01,01331,,46.106497,5.453652,Plein jour,En agglomération,Hors intersection,Normale,Autre collision,1,1,3,3,2,3,1,0,6,110,2,3,2,0,0,1,28.0,32.0,voiture,voiture,1,2,1,1,6
202400004734,2024-04-12 07:55:00,2024,4,12,7,55,972,97213,AUTOROUTE A1,14.61822,-61.02097,Plein jour,Hors agglomération,Hors intersection,Normale,Trois véhicules et plus - en chaîne,1,3,6,0,1,1,1,0,1,90,3,3,2,0,1,0,36.0,26.0,utilitaire_camion,deux_roues,1,1,1,1,4
202400004735,2024-02-10 09:00:00,2024,2,10,9,0,42,42013,Avenue des Farges,45.646433,4.289807,Plein jour,En agglomération,Hors intersection,Pluie légère,Trois véhicules et plus - collisions multiples,3,2,2,0,1,1,2,0,1,50,3,3,1,0,0,2,26.0,37.0,voiture,voiture,1,2,1,2,5
202400004736,2024-08-10 19:45:00,2024,8,10,19,45,38,38048,CD124,45.607185,5.110155,Crépuscule ou aube,Hors agglomération,Hors intersection,Temps éblouissant,Deux véhicules - côté,3,2,2,0,1,1,1,0,1,50,2,3,2,0,0,1,53.0,20.0,voiture,voiture,2,1,1,7,3
202400004737,2024-02-10 06:00:00,2024,2,10,6,0,47,47097,D930,44.24461175,0.38370895,Nuit sans éclairage public,Hors agglomération,Hors intersection,Pluie légère,Autre collision,3,2,2,0,1,2,2,0,3,80,1,2,0,1,0,1,23.0,,voiture,,3,1,1,2,6
202400004738,2024-12-29 20:35:00,2024,12,29,20,35,84,84054,675 Cours Fernande Peyre,43.925335,5.062519,Nuit avec éclairage allumé,En agglomération,Hors intersection,Normale,Deux véhicules - arrière,4,2,2,1,1,1,1,0,1,50,2,3,1,0,0,2,31.0,38.0,voiture,voiture,5,2,1,1,2
202400004739,2024-12-22 23:10:00,2024,12,22,23,10,84,84031,VILLEMARIE AVENUE DE,44.0523,5.03726,Nuit avec éclairage allumé,En agglomération,Hors intersection,Pluie légère,Autre collision,4,2,1,0,1,1,2,0,4,50,1,3,1,0,2,0,,,voiture,,5,2,1,2,6
202400004740,2024-02-09 14:45:00,2024,2,9,14,45,35,35248,Le Racognet,48.54410854,-1.6087769,Plein jour,Hors agglomération,Hors intersection,Normale,Autre collision,3,2,2,0,1,1,2,0,3,80,1,2,0,0,2,0,34.0,,voiture,,1,1,1,1,6
202400004741,2024-12-22 05:50:00,2024,12,22,5,50,84,84031,HERMITAGE CHEMIN DE L',44.0827,5.06741,Nuit avec éclairage allumé,En agglomération,Hors intersection,Normale,Autre collision,4,2,2,0,1,2,1,0,3,50,1,1,0,0,1,0,20.0,,voiture,,5,2,1,1,6
202400004742,2024-08-11 08:25:00,2024,8,11,8,25,63,63430,A89 - PK 429+010,45.86136984,3.50105353,Plein jour,Hors agglomération,Hors intersection,Normale,Deux véhicules - arrière,1,3,4,0,1,1,1,0,1,130,2,10,1,0,1,8,58.0,32.0,utilitaire_camion,voiture,1,1,1,1,2
202400004743,2024-02-10 08:45:00,2024,2,10,8,45,29,29207,Cosquer .,48.54630262,-3.81693042,Plein jour,Hors agglomération,Intersection en Y,Temps couvert,Deux véhicules - côté,3,2,2,0,1,2,2,0,1,80,2,2,1,0,1,0,23.0,76.0,voiture,voiture,1,1,4,8,3
202400004743,2024-02-10 08:45:00,2024,2,10,8,45,29,29207,Cosquer .,48.54630262,-3.81693042,Plein jour,Hors agglomération,Intersection en Y,Temps couvert,Deux véhicules - côté,3,2, -1,-1,1,1,2,0,1,-1,2,2,1,0,1,0,23.0,76.0,voiture,voiture,1,1,4,8,3
202400004744,2024-12-19 16:05:00,2024,12,19,16,5,84,84026,D943,43.718512,5.377185,Plein jour,Hors agglomération,Hors intersection,Normale,Autre collision,3,2,2,0,1,2,1,0,8,80,1,2,0,0,2,0,75.0,,voiture,,1,1,1,1,6
202400004745,2024-08-10 23:30:00,2024,8,10,23,30,36,36200,,46.61255235,1.52657926,Nuit sans éclairage public,Hors agglomération,Hors intersection,Normale,Deux véhicules - arrière,1,3,4,0,1,1,1,0,1,130,2,5,4,0,1,0,22.0,31.0,voiture,voiture,3,1,1,1,2
202400004746,2024-12-16 09:50:00,2024,12,16,9,50,84,84031,PEYRIERE CHEMIN DE,44.06731,5.07117,Plein jour,En agglomération,Hors intersection,Normale,Deux véhicules - côté,4,2,1,0,1,1,1,0,1,30,2,2,1,0,1,0,26.0,27.0,utilitaire_camion,deux_roues,1,2,1,1,3
202400004747,2024-02-09 15:50:00,2024,2,9,15,50,29,29037,Menez Veil Avel,47.87871391,-4.1383801,Plein jour,Hors agglomération,Intersection en T,Normale,Deux véhicules - arrière,3,2,2,2,1,1,1,0,1,80,2,4,2,0,0,2,73.0,55.0,voiture,voiture,1,1,3,1,2
202400004747,2024-02-09 15:50:00,2024,2,9,15,50,29,29037,Menez Veil Avel,47.87871391,-4.1383801,Plein jour,Hors agglomération,Intersection en T,Normale,Deux véhicules - arrière,3,2, -1,-1,2,1,1,0,1,-1,2,4,2,0,0,2,73.0,55.0,voiture,voiture,1,1,3,1,2
202400004748,2024-02-10 03:40:00,2024,2,10,3,40,58,58207,route de bizy,47.095107,3.185799,Nuit sans éclairage public,Hors agglomération,Hors intersection,Normale,Autre collision,3,2,1,0,1,1,2,0,3,80,1,1,0,0,1,0,21.0,,utilitaire_camion,,3,1,1,1,6
202400004749,2024-08-10 14:10:00,2024,8,10,14,10,11,11379,"PK 208.800, sur A9",43.027114,2.952361,Plein jour,Hors agglomération,Hors intersection,Normale,Deux véhicules - arrière,1,3,3,0,1,1,1,0,1,130,2,2,1,0,1,0,44.0,45.0,deux_roues,voiture,1,1,1,1,2
202400004750,2024-12-16 21:07:00,2024,12,16,21,7,49,49007,Rue Pierre Blandin,47.47799,-0.592,Nuit avec éclairage allumé,En agglomération,Intersection en X,Normale,Deux véhicules - côté,4,2, -1,-1,1,1,1,0,1,-1,2,2,1,0,0,1,,23.0,autre,deux_roues,5,2,2,1,3
202400004751,2024-02-10 14:40:00,2024,2,10,14,40,58,58021,Route de Chantenay,46.784829,3.229256,Plein jour,En agglomération,Hors intersection,Pluie légère,Autre collision,3,2,2,0,1,1,2,0,1,50,1,2,1,0,1,0,23.0,,voiture,,1,2,1,2,6
202400004752,2024-08-10 09:30:00,2024,8,10,9,30,987,98733,pk 26.300 C/mer à hauteur de la serviture MAHATIA ROA,-17.731509,-149.579646,Plein jour,En agglomération,Hors intersection,Normale,Autre collision,2,2,1,1,1,1,1,0,5,60,1,2,0,1,0,1,22.0,,deux_roues,,1,2,1,1,6
202400004753,2024-11-07 07:30:00,2024,11,7,7,30,80,80109,D928,50.262187,1.974385,Nuit sans éclairage public,Hors agglomération,Hors intersection,Brouillard / fumée,Deux véhicules - frontale,3,2,2,0,2,1,1,0,1,80,2,2,1,0,1,0,19.0,24.0,voiture,utilitaire_camion,3,1,1,5,1
202400004754,2024-02-04 17:00:00,2024,2,4,17,0,66,66053,"D114, Rond Point de la Corniche",42.529413,3.076998,Plein jour,En agglomération,Giratoire,Normale,Sans collision,3,-1,2,0,2,1,1,5,1,50,2,3,2,0,0,1,64.0,,deux_roues,deux_roues,1,2,6,1,7
202400004755,2024-08-11 12:14:00,2024,8,11,12,14,91,91593,Route du Tertre,48.540545,2.077146,Plein jour,Hors agglomération,Hors intersection,Normale,Autre collision,4,2,2,0,2,2,1,0,8,80,1,1,0,0,1,0,69.0,,deux_roues,,1,1,1,1,6
202400004756,2024-06-22 23:17:00,2024,6,22,23,17,93,93008,Avenue Henri Barbusse / Rue Nelson Mandela,48.91193,2.43491,Nuit avec éclairage allumé,En agglomération,Intersection en T,Normale,Deux véhicules - frontale,3,2,3,0,1,1,1,0,1,50,2,3,0,0,0,3,19.0,40.0,voiture,voiture,5,2,3,1,1
202400004756,2024-06-22 23:17:00,2024,6,22,23,17,93,93008,Avenue Henri Barbusse / Rue Nelson Mandela,48.91193,2.43491,Nuit avec éclairage allumé,En agglomération,Intersection en T,Normale,Deux véhicules - frontale,3,1,1,0,1,1,1,0,1,-1,2,3,0,0,0,3,19.0,40.0,voiture,voiture,5,2,3,1,1
202400004757,2024-08-11 07:20:00,2024,8,11,7,20,2B,2B093,Zone Artisanale,42.610851,8.89126,Plein jour,Hors agglomération,Hors intersection,Normale,Autre collision,2,2,2,0,2,2,1,0,3,70,1,1,0,0,0,1,23.0,,utilitaire_camion,,1,1,1,1,6
202400004758,2024-11-08 08:30:00,2024,11,8,8,30,85,85194,Rue édouard belin,46.5167,-1.7835,Plein jour,En agglomération,Autre intersection,Normale,Autre collision,4,2,2,0,1,1,1,9,8,30,1,2,1,0,1,0,36.0,,utilitaire_camion,,1,2,9,1,6
202400004759,2024-02-09 17:30:00,2024,2,9,17,30,16,16253,route de chef boutonne,46.040956,0.035008,Crépuscule ou aube,Hors agglomération,Hors intersection,Normale,Deux véhicules - frontale,3,2,2,0,2,2,1,0,1,80,2,2,0,0,1,1,20.0,39.0,voiture,voiture,2,1,1,1,1
202400004760,2024-08-11 12:55:00,2024,8,11,12,55,71,71176,76 Avenue du General de Gaulle,46.48418,3.98732,Plein jour,En agglomération,Hors intersection,Normale,Deux véhicules - arrière,4,2,2,0,1,1,1,0,1,50,2,3,2,0,1,0,56.0,47.0,voiture,deux_roues,1,2,1,1,2
202400004761,2024-03-07 21:30:00,2024,3,7,21,30,93,93014,Allée Henri Barbusse,48.90616,2.55112,Nuit avec éclairage allumé,En agglomération,Hors intersection,Normale,Autre collision,4,1,1,0,1,3,1,0,1,30,1,2,1,0,0,1,,,utilitaire_camion,,5,2,1,1,6
202400004762,2024-02-03 10:50:00,2024,2,3,10,50,07,07230,Col d'Auriolles,44.68623,4.466929,Plein jour,Hors agglomération,Intersection en T,Normale,Deux véhicules - côté,3,2,2,0,2,1,1,0,1,-1,2,3,2,0,0,1,33.0,76.0,voiture,voiture,1,1,3,1,3
202400004762,2024-02-03 10:50:00,2024,2,3,10,50,07,07230,Col d'Auriolles,44.68623,4.466929,Plein jour,Hors agglomération,Intersection en T,Normale,Deux véhicules - côté,3,2, -1,-1,1,1,1,5,1,-1,2,3,2,0,0,1,33.0,76.0,voiture,voiture,1,1,3,1,3
202400004763,2024-08-11 12:35:00,2024,8,11,12,35,88,88273,D46,48.217676,6.50569,Plein jour,Hors agglomération,Hors intersection,Normale,Deux véhicules - frontale,3,2,2,0,1,1,1,0,1,80,2,4,2,1,1,0,53.0,26.0,deux_roues,voiture,1,1,1,1,1
202400004764,2024-12-15 21:14:00,2024,12,15,21,14,03,03310,avenue de la liberté,46.126073,3.43666,Nuit avec éclairage allumé,En agglomération,Intersection en X,Normale,Deux véhicules - côté,4,2,2,0,1,1,1,0,1,50,2,4,3,0,0,1,20.0,28.0,deux_roues,voiture,5,2,2,1,3
202400004764,2024-12-15 21:14:00,2024,12,15,21,14,03,03310,avenue de la liberté,46.126073,3.43666,Nuit avec éclairage allumé,En agglomération,Intersection en X,Normale,Deux véhicules - côté,4,2,2,-1,1,1,1,0,1,50,2,4,3,0,0,1,20.0,28.0,deux_roues,voiture,5,2,2,1,3
202400004765,2024-02-06 08:00:00,2024,2,6,8,0,34,34153,departementale 17 E3,43.728569,3.800561,Plein jour,Hors agglomération,Hors intersection,Normale,Sans collision,3,2,2,0,1,1,1,0,8,-1,1,1,0,0,0,1,37.0,,voiture,,1,1,1,1,7
202400004766,2024-08-11 10:00:00,2024,8,11,10,0,63,63150,5 Avenue de la Libération,45.89836,3.049403,Plein jour,En agglomération,Hors intersection,Normale,Sans collision,3,2,2,0,1,3,1,0,1,30,1,1,0,0,1,0,66.0,,deux_roues,,1,2,1,1,7
202400004767,2024-11-23 10:00:00,2024,11,23,10,0,03,03023,avenue de Russie,46.11637,3.409499,Plein jour,En agglomération,Intersection en X,Normale,Deux véhicules - côté,4,2,2,-1,1,1,1,0,1,-1,2,2,1,0,1,0,61.0,52.0,deux_roues,voiture,1,2,2,1,3
202400004767,2024-11-23 10:00:00,2024,11,23,10,0,03,03023,avenue de Russie,46.11637,3.409499,Plein jour,En agglomération,Intersection en X,Normale,Deux véhicules - côté,4,2,2,-1,1,1,1,0,1,50,2,2,1,0,1,0,61.0,52.0,deux_roues,voiture,1,2,2,1,3
202400004768,2024-08-09 18:00:00,2024,8,9,18,0,63,63284,avenue Roger Coulon,45.79822384,3.24042467,Plein jour,En agglomération,Intersection en X,Normale,Deux véhicules - arrière,7,2,2,0,1,1,1,0,1,50,2,2,1,0,0,1,17.0,35.0,deux_roues,deux_roues,1,2,2,1,2
202400004768,2024-08-09 18:00:00,2024,8,9,18,0,63,63284,avenue Roger Coulon,45.79822384,3.24042467,Plein jour,En agglomération,Intersection en X,Normale,Deux véhicules - arrière,7,2,2,-1,1,1,1,0,1,-1,2,2,1,0,0,1,17.0,35.0,deux_roues,deux_roues,1,2,2,1,2
202400004769,2024-02-09 20:50:00,2024,2,9,20,50,21,21042,"Autoroute A36, PK 202+000",47.030585,5.090122,Nuit sans éclairage public,Hors agglomération,Hors intersection,Normale,Autre collision,1,3,2,0,1,1,1,0,1,130,1,1,0,0,0,1,63.0,,voiture,,3,1,1,1,6
202400004770,2024-11-12 11:00:00,2024,11,12,11,0,03,03095,avenue de Vichy,46.13456,3.44349,Plein jour,En agglomération,Hors intersection,Normale,Deux véhicules - côté,3,2,2,0,1,1,1,0,1,50,2,2,1,0,1,0,25.0,35.0,deux_roues,voiture,1,2,1,1,3
202400004771,2024-08-10 16:55:00,2024,8,10,16,55,73,73006,D990 Avenue de la tarentaise,45.555046,6.644019,Plein jour,En agglomération,Giratoire,Normale,Deux véhicules - côté,3,2,2,0,1,1,1,0,1,50,2,2,1,0,0,1,32.0,63.0,voiture,deux_roues,1,2,6,1,3
202400004772,2024-10-20 20:40:00,2024,10,20,20,40,03,03023,Avenue de Vichy,46.124728,3.401958,Nuit sans éclairage public,En agglomération,Hors intersection,Normale,Deux véhicules - côté,3,2,2,-1,1,1,1,0,1,50,2,2,1,0,0,1,16.0,26.0,deux_roues,voiture,3,2,1,1,3
202400004773,2024-09-27 18:25:00,2024,9,27,18,25,03,03310,Rue Marechal Foch,46.12354,3.42128,Plein jour,En agglomération,Hors intersection,Pluie légère,Autre collision,4,2,2,-1,1,1,2,0,1,50,1,2,1,0,0,1,25.0,,voiture,,1,2,1,2,6
202400004774,2024-02-09 21:30:00,2024,2,9,21,30,77,77071,"A6, PK 85+300 vers Paris",48.19606,2.809174,Nuit sans éclairage public,Hors agglomération,Hors intersection,Normale,Trois véhicules et plus - collisions multiples,1,3,2,0,1,1,1,0,1,130,5,10,8,0,2,0,51.0,60.0,voiture,voiture,3,1,1,1,5
202400004775,2024-08-11 16:33:00,2024,8,11,16,33,07,07042,Rue du Dieu Mithra,44.368889,4.643442,Plein jour,En agglomération,Hors intersection,Normale,Sans collision,4,1,1,0,1,1,1,0,1,50,1,1,0,0,1,0,28.0,,deux_roues,,1,2,1,1,7
202400004776,2024-10-24 12:00:00,2024,10,24,12,0,75,75105,BOULEVARD SAINT MARCEL,48.837632,2.354382,Plein jour,En agglomération,Intersection en T,Normale,Autre collision,4,2,4,0,1,1,1,0,1,50,1,2,1,0,0,1,30.0,,utilitaire_camion,,1,2,3,1,6
202400004776,2024-10-24 12:00:00,2024,10,24,12,0,75,75105,BOULEVARD SAINT MARCEL,48.837632,2.354382,Plein jour,En agglomération,Intersection en T,Normale,Autre collision,4,1, -1,-1,1,1,1,0,1,50,1,2,1,0,0,1,30.0,,utilitaire_camion,,1,2,3,1,6
202400004777,2024-08-09 10:59:00,2024,8,9,10,59,01,01027,D84b,45.842008,5.111958,Plein jour,En agglomération,Giratoire,Normale,Deux véhicules - arrière,3,1,2,0,1,2,1,0,1,80,2,2,1,0,0,1,58.0,45.0,deux_roues,voiture,1,2,6,1,2
202400004778,2024-02-07 16:50:00,2024,2,7,16,50,77,77238,D402,48.868723,3.091729,Crépuscule ou aube,Hors agglomération,Hors intersection,Pluie légère,Deux véhicules - côté,3,2,2,0,1,1,2,0,1,80,2,3,2,0,0,1,23.0,24.0,voiture,voiture,2,1,1,2,3
202400004779,2024-04-05 17:30:00,2024,4,5,17,30,03,03095,Rue des Peupliers,46.135368,3.434703,Plein jour,En agglomération,Hors intersection,Temps éblouissant,Deux véhicules - côté,4,2,2,-1,1,1,1,0,1,50,2,2,1,0,1,0,28.0,34.0,voiture,deux_roues,1,2,1,7,3
202400004780,2024-08-08 19:02:00,2024,8,8,19,2,69,69160,Route de Claveisolles,46.136579,4.490833,Plein jour,Hors agglomération,Hors intersection,Normale,Autre collision,3,2,2,0,2,3,1,0,3,80,1,2,0,0,0,2,19.0,,voiture,,1,1,1,1,6
202400004781,2024-02-10 07:50:00,2024,2,10,7,50,83,83065,D559,43.226525,6.57216,Plein jour,Hors agglomération,Hors intersection,Pluie forte,Autre collision,3,2,2,0,2,1,2,0,3,70,1,2,0,0,0,2,26.0,,voiture,,1,1,1,3,6
202400004782,2024-02-09 06:30:00,2024,2,9,6,30,13,13018,D24,43.860215,4.962902,Crépuscule ou aube,Hors agglomération,Giratoire,Pluie légère,Sans collision,3,2,1,0,1,2,2,5,1,80,1,1,0,0,1,0,56.0,,deux_roues,,2,1,6,2,7
202400004783,2024-03-25 12:40:00,2024,3,25,12,40,03,03095,,46.137542,3.447832,Plein jour,En agglomération,Giratoire,Normale,Deux véhicules - arrière,4,-1, -1,-1,1,2,1,0,1,-1,2,2,1,0,1,0,42.0,49.0,deux_roues,voiture,1,2,6,1,2
202400004783,2024-03-25 12:40:00,2024,3,25,12,40,03,03095,,46.137542,3.447832,Plein jour,En agglomération,Giratoire,Normale,Deux véhicules - arrière,4,-1, -1,-1,1,2,1,5,1,50,2,2,1,0,1,0,42.0,49.0,deux_roues,voiture,1,2,6,1,2
202400004784,2024-08-10 12:10:00,2024,8,10,12,10,17,17058,D728,45.83315,-1.126882,Plein jour,En agglomération,Intersection en X,Normale,Deux véhicules - côté,3,2,2,0,1,1,1,0,1,50,2,2,1,0,0,1,61.0,56.0,deux_roues,voiture,1,2,2,1,3
202400004784,2024-08-10 12:10:00,2024,8,10,12,10,17,17058,D728,45.83315,-1.126882,Plein jour,En agglomération,Intersection en X,Normale,Deux véhicules - côté,3,2,2,-1,1,1,1,5,1,50,2,2,1,0,0,1,61.0,56.0,deux_roues,voiture,1,2,2,1,3
202400004785,2024-12-28 18:15:00,2024,12,28,18,15,28,28404,CHAPPEY (AVE MARC),48.73109,1.33974,Nuit avec éclairage allumé,En agglomération,Autre intersection,Normale,Autre collision,6,-1,0,0,1,1,1,9,8,10,1,2,1,0,0,1,,,voiture,,5,2,9,1,6
202400004786,2024-02-09 17:35:00,2024,2,9,17,35,01,01249,2215 Grande Rue,45.826743,4.968127,Crépuscule ou aube,En agglomération,Intersection en X,Pluie forte,Deux véhicules - frontale,3,2,3,0,1,1,2,0,1,50,2,2,0,0,1,1,78.0,19.0,voiture,voiture,2,2,2,3,1
202400004786,2024-02-09 17:35:00,2024,2,9,17,35,01,01249,2215 Grande Rue,45.826743,4.968127,Crépuscule ou aube,En agglomération,Intersection en X,Pluie forte,Deux véhicules - frontale,3,2,3,0,1,1,2,0,1,50,2,2,0,0,1,1,78.0,19.0,voiture,voiture,2,2,2,3,1
202400004787,2024-02-10 16:45:00,2024,2,10,16,45,69,69171,Route Départementale 24E2,45.80710494,4.60290536,Plein jour,Hors agglomération,Hors intersection,Pluie légère,Autre collision,3,2,2,0,2,4,2,0,1,70,1,1,0,1,0,0,36.0,,voiture,,1,1,1,2,6
202400004788,2024-12-24 07:25:00,2024,12,24,7,25,28,28404,FRANKLIN (RUE BENJAMIN),48.72847,1.32186,Nuit sans éclairage public,En agglomération,Hors intersection,Pluie légère,Autre collision,4,-1,0,0,1,1,2,0,8,30,1,2,1,0,0,1,39.0,,voiture,,3,2,1,2,6
202400004789,2024-08-10 21:40:00,2024,8,10,21,40,33,33300,,45.248714,-1.002795,Nuit avec éclairage allumé,Hors agglomération,Intersection en X,Normale,Trois véhicules et plus - collisions multiples,3,2,2,0,1,1,1,0,1,-1,3,9,6,0,1,2,46.0,20.0,voiture,voiture,5,1,2,1,5
202400004789,2024-08-10 21:40:00,2024,8,10,21,40,33,33300,,45.248714,-1.002795,Nuit avec éclairage allumé,Hors agglomération,Intersection en X,Normale,Trois véhicules et plus - collisions multiples,3,2,2,0,1,1,1,5,1,80,3,9,6,0,1,2,46.0,20.0,voiture,voiture,5,1,2,1,5
202400004790,2024-02-10 11:10:00,2024,2,10,11,10,85,85088,RD754,46.708695,-1.91772,Plein jour,En agglomération,Giratoire,Normale,Deux véhicules - côté,3,2,1,0,1,2,1,5,1,50,2,2,1,0,1,0,38.0,61.0,voiture,deux_roues,1,2,6,1,3
202400004791,2024-12-19 19:00:00,2024,12,19,19,0,28,28134,Jean Hieaux,48.73233,1.35921,Nuit avec éclairage allumé,En agglomération,Autre intersection,Pluie légère,Autre collision,4,2,2,0,1,1,2,0,1,30,1,3,2,0,0,1,20.0,,voiture,,5,2,9,2,6
202400004792,2024-08-10 07:20:00,2024,8,10,7,20,33,33439,,45.116071,-0.400701,Plein jour,En agglomération,Giratoire,Normale,Autre collision,3,2,2,0,1,1,1,0,4,50,1,1,0,0,1,0,23.0,,voiture,,1,2,6,1,6
202400004793,2024-02-10 09:45:00,2024,2,10,9,45,29,29179,Rue Jacques Marquette,48.56162,-4.321484,Plein jour,Hors agglomération,Giratoire,Temps couvert,Autre collision,3,1,2,0,1,1,2,5,1,80,1,2,1,0,1,0,61.0,,voiture,,1,1,6,8,6
202400004794,2024-12-15 11:25:00,2024,12,15,11,25,28,28134,FERRY (BLD JULES),48.72471,1.36895,Plein jour,En agglomération,Hors intersection,Normale,Autre collision,4,2,2,0,1,1,2,0,1,50,1,2,0,0,1,1,20.0,,voiture,,1,2,1,1,6
202400004795,2024-02-09 21:30:00,2024,2,9,21,30,29,29180,Kerloussouarn,48.42694,-4.11741226,Nuit sans éclairage public,Hors agglomération,Hors intersection,Pluie légère,Autre collision,3,2,2,0,2,2,2,0,3,80,1,1,0,0,1,0,27.0,,voiture,,3,1,1,2,6
202400004796,2024-11-22 20:22:00,2024,11,22,20,22,60,60176,Crépy-en-Valois,49.23375946,2.92538881,Nuit sans éclairage public,Hors agglomération,Hors intersection,Autre,Autre collision,3,2,1,0,1,1,2,0,1,80,1,1,0,0,0,1,18.0,,deux_roues,,3,1,1,9,6
202400004797,2024-02-10 10:00:00,2024,2,10,10,0,80,80784,RD1,49.932258,2.551613,Plein jour,Hors agglomération,Hors intersection,Temps couvert,Deux véhicules - frontale,3,2,2,0,1,2,2,0,1,80,2,2,0,1,0,1,26.0,74.0,voiture,utilitaire_camion,1,1,1,8,1
202400004798,2024-12-17 07:25:00,2024,12,17,7,25,84,84089,"217 rue albert delsome, pertuis",43.684594,5.504826,Crépuscule ou aube,En agglomération,Hors intersection,Normale,Autre collision,4,2,2,0,1,1,1,0,1,50,2,2,1,0,0,1,55.0,18.0,voiture,deux_roues,2,2,1,1,6
202400004799,2024-02-09 23:30:00,2024,2,9,23,30,59,59430,D955,50.13973331,3.52137079,Nuit sans éclairage public,Hors agglomération,Hors intersection,Pluie légère,Deux véhicules - frontale,3,2,2,0,1,3,2,0,1,70,2,2,0,1,0,1,29.0,47.0,voiture,deux_roues,3,1,1,2,1
202400004800,2024-02-08 07:45:00,2024,2,8,7,45,13,13001,A51-Sens Marseille vers Aix en Provence,43.49249,5.41253,Plein jour,Hors agglomération,Hors intersection,Normale,Deux véhicules - arrière,1,1,3,0,1,1,1,0,1,90,1,1,0,0,0,1,35.0,,deux_roues,,1,1,1,1,2
202400004801,2024-12-27 19:59:00,2024,12,27,19,59,32,32013,AGEN (ROUTE D'),43.65683998,0.59712946,Nuit sans éclairage public,Hors agglomération,Hors intersection,Brouillard / fumée,Trois véhicules et plus - collisions multiples,3,-1,2,0,1,1,1,0,1,70,4,4,3,0,0,1,43.0,67.0,utilitaire_camion,utilitaire_camion,3,1,1,5,5
202400004802,2024-02-09 05:45:00,2024,2,9,5,45,83,83069,A570,43.11621422,6.11089349,Nuit avec éclairage allumé,Hors agglomération,Hors intersection,Pluie légère,Deux véhicules - arrière,1,1,2,0,2,1,2,9,1,50,2,3,2,0,0,1,29.0,43.0,voiture,voiture,5,1,1,2,2
202400004803,2024-11-30 17:25:00,2024,11,30,17,25,13,13118,A7 direction LYON,43.553462,5.237067,Crépuscule ou aube,Hors agglomération,Hors intersection,Normale,Sans collision,1,1,3,3,2,2,1,0,3,130,1,1,0,0,1,0,25.0,,voiture,,2,1,1,1,7