accident_id,datetime,annee,mois,jour,heure,minute,departement,commune_insee,adresse,latitude,longitude,luminosite,agglomeration,intersection,meteo,collision,catr,circ,nbv,vosp,prof,plan,surf,infra,situ,vma,nb_vehicules,nb_usagers,nb_indemnes,nb_tues,nb_blesses_hosp,nb_blesses_legers,age_cond_1,age_cond_2,veh_type_cond_1,veh_type_cond_2,lum_code,agg_code,int_code,atm_code,col_code
202400004956,2024-11-21 19:08:00,2024,11,21,19,8,14,14220,2 Rue Désiré le Hoc,49.35994,0.08093,Nuit avec éclairage allumé,En agglomération,Giratoire,Neige / grêle,Deux véhicules - arrière,4,3,2,0,1,3,2,5,1,50,2,2,1,0,0,1,34.0,19.0,deux_roues,voiture,5,2,6,4,2
202400004956,2024-11-21 19:08:00,2024,11,21,19,8,14,14220,2 Rue Désiré le Hoc,49.35994,0.08093,Nuit avec éclairage allumé,En agglomération,Giratoire,Neige / grêle,Deux véhicules - arrière,4,3,2,0,1,3,2,5,1,50,2,2,1,0,0,1,34.0,19.0,deux_roues,voiture,5,2,6,4,2
202400004957,2024-02-08 20:00:00,2024,2,8,20,0,13,13210,CAPELETTE (AVENUE DE LA),43.286066,5.404582,Nuit avec éclairage allumé,En agglomération,Hors intersection,Normale,Autre collision,4,2,2,0,1,1,1,0,1,50,1,2,1,0,1,0,38.0,,voiture,,5,2,1,1,6
202400004958,2024-02-08 07:25:00,2024,2,8,7,25,13,13214,SAINTE MARTHE (chemin),43.33117,5.38937,Plein jour,En agglomération,Hors intersection,Normale,Deux véhicules - frontale,4,-1,2,0,1,1,1,0,1,50,1,2,1,0,0,1,,,deux_roues,,1,2,1,1,1
202400004959,2024-12-13 07:15:00,2024,12,13,7,15,74,74007,Route de Bonneville,46.070186,6.321173,Crépuscule ou aube,Hors agglomération,Intersection en T,Normale,Deux véhicules - frontale,3,2,1,0,2,2,1,5,1,70,2,3,2,0,1,0,18.0,39.0,deux_roues,voiture,2,1,3,1,1
202400004959,2024-12-13 07:15:00,2024,12,13,7,15,74,74007,Route de Bonneville,46.070186,6.321173,Crépuscule ou aube,Hors agglomération,Intersection en T,Normale,Deux véhicules - frontale,3,1, -1,-1,2,1,1,5,1,-1,2,3,2,0,1,0,18.0,39.0,deux_roues,voiture,2,1,3,1,1
202400004960,2024-02-03 11:00:00,2024,2,3,11,0,13,13214,SAINTE MARTHE (chemin),43.34433,5.38417,Plein jour,En agglomération,Hors intersection,Normale,Autre collision,4,2,4,0,1,1,1,0,1,50,1,1,0,1,0,0,48.0,,deux_roues,,1,2,1,1,6
202400004961,2024-02-08 15:00:00,2024,2,8,15,0,13,13028,Rond-Point Rovarch/Saint Jean,43.19200811,5.61710569,Plein jour,En agglomération,Hors intersection,Normale,Deux véhicules - côté,4,2,2,0,1,1,1,5,1,50,1,2,1,0,0,1,83.0,,voiture,,1,2,1,1,3
202400004962,2024-12-12 21:10:00,2024,12,12,21,10,74,74171,Route de geneve,46.314769,6.324509,Nuit sans éclairage public,Hors agglomération,Hors intersection,Normale,Deux véhicules - côté,3,2,2,0,1,1,1,0,1,80,2,2,1,0,1,0,,16.0,voiture,deux_roues,3,1,1,1,3
202400004963,2024-02-08 11:10:00,2024,2,8,11,10,13,13004,RUE DE L AMPHITHEATRE,43.67862,4.63057,Plein jour,En agglomération,Intersection en Y,Normale,Deux véhicules - côté,4,1,1,0,1,1,1,0,1,50,2,2,1,0,1,0,37.0,77.0,utilitaire_camion,deux_roues,1,2,4,1,3
202400004963,2024-02-08 11:10:00,2024,2,8,11,10,13,13004,RUE DE L AMPHITHEATRE,43.67862,4.63057,Plein jour,En agglomération,Intersection en Y,Normale,Deux véhicules - côté,4,1,1,0,3,1,1,0,1,50,2,2,1,0,1,0,37.0,77.0,utilitaire_camion,deux_roues,1,2,4,1,3
202400004964,2024-12-12 08:30:00,2024,12,12,8,30,74,74143,2150 Avenue des alpages,45.897938,6.823293,Plein jour,En agglomération,Intersection en T,Normale,Autre collision,3,2,2,0,1,2,1,9,1,50,1,2,1,0,1,0,59.0,,voiture,,1,2,3,1,6
202400004964,2024-12-12 08:30:00,2024,12,12,8,30,74,74143,2150 Avenue des alpages,45.897938,6.823293,Plein jour,En agglomération,Intersection en T,Normale,Autre collision,3,2, -1,-1,1,1,1,0,1,-1,1,2,1,0,1,0,59.0,,voiture,,1,2,3,1,6
202400004965,2024-02-02 19:30:00,2024,2,2,19,30,13,13001,RD 17,43.52613,5.46499,Nuit avec éclairage allumé,En agglomération,Hors intersection,Normale,Autre collision,3,2,2,0,1,1,1,0,1,50,1,2,1,0,1,0,31.0,,voiture,,5,2,1,1,6
202400004966,2024-12-09 15:35:00,2024,12,9,15,35,74,74280,8 Avenue d'annecy,45.883716,6.320915,Plein jour,En agglomération,Hors intersection,Normale,Autre collision,3,2,2,0,1,1,2,9,1,50,1,2,1,1,0,0,52.0,,voiture,,1,2,1,1,6
202400004967,2024-02-07 07:45:00,2024,2,7,7,45,11,11069,71 Rue Antoine Marty,43.21635,2.35433,Crépuscule ou aube,En agglomération,Hors intersection,Normale,Deux véhicules - arrière,4,2,2,0,1,1,1,0,1,50,2,4,1,0,0,3,,35.0,voiture,voiture,2,2,1,1,2
202400004968,2024-11-21 12:10:00,2024,11,21,12,10,32,32119,Boulevard d'Artagnan,43.862298,0.101143,Plein jour,En agglomération,Hors intersection,Normale,Autre collision,3,1,1,0,4,1,1,0,1,30,1,3,2,0,0,1,32.0,,voiture,,1,2,1,1,6
202400004969,2024-02-08 18:30:00,2024,2,8,18,30,10,10387,Boulevard Gambetta,48.2977,4.067,Nuit avec éclairage allumé,En agglomération,Hors intersection,Pluie légère,Sans collision,4,2,1,0,1,1,2,0,1,50,1,1,0,0,0,1,19.0,,deux_roues,,5,2,1,2,7
202400004970,2024-02-08 18:30:00,2024,2,8,18,30,08,08409,MARNE (AVENUE DE LA),49.69881,4.92548,Nuit avec éclairage allumé,En agglomération,Place,Pluie forte,Autre collision,4,3,4,0,1,1,3,0,1,50,1,3,1,0,0,2,76.0,,voiture,,5,2,7,3,6
202400004971,2024-11-29 10:50:00,2024,11,29,10,50,32,32043,D1,43.707355,0.252004,Plein jour,Hors agglomération,Autre intersection,Normale,Trois véhicules et plus - collisions multiples,3,3,2,0,2,2,1,0,1,80,3,3,2,0,1,0,63.0,57.0,voiture,voiture,1,1,9,1,5
202400004972,2024-02-07 09:55:00,2024,2,7,9,55,07,07281,BOUVAT (QUAI JULES),44.94486,4.84546,Plein jour,En agglomération,Hors intersection,Normale,Deux véhicules - côté,4,1,1,0,1,1,1,0,5,50,2,3,2,0,0,1,17.0,77.0,deux_roues,voiture,1,2,1,1,3
202400004973,2024-11-21 17:45:00,2024,11,21,17,45,32,32121,D634 - PR 8+450,43.556833,1.019926,Crépuscule ou aube,Hors agglomération,Intersection en X,Normale,Deux véhicules - côté,3,2,2,0,1,1,1,0,1,80,2,3,1,0,2,0,84.0,53.0,voiture,voiture,2,1,2,1,3
202400004973,2024-11-21 17:45:00,2024,11,21,17,45,32,32121,D634 - PR 8+450,43.556833,1.019926,Crépuscule ou aube,Hors agglomération,Intersection en X,Normale,Deux véhicules - côté,3,2,2,0,1,1,1,5,1,90,2,3,1,0,2,0,84.0,53.0,voiture,voiture,2,1,2,1,3
202400004974,2024-02-08 14:14:00,2024,2,8,14,14,06,06088,Boulevard Gambetta,43.702,7.25595,Plein jour,En agglomération,Intersection en X,Normale,Deux véhicules - côté,4,3,3,0,1,1,1,0,1,50,2,2,1,0,1,0,42.0,78.0,deux_roues,voiture,1,2,2,1,3
202400004974,2024-02-08 14:14:00,2024,2,8,14,14,06,06088,Boulevard Gambetta,43.702,7.25595,Plein jour,En agglomération,Intersection en X,Normale,Deux véhicules - côté,4,2,3,0,2,3,1,2,8,50,2,2,1,0,1,0,42.0,78.0,deux_roues,voiture,1,2,2,1,3
202400004975,2024-11-21 16:00:00,2024,11,21,16,0,29,29158,Rue de l'Abbé Stéphan,47.80217,-4.36076,Plein jour,En agglomération,Hors intersection,Vent fort / tempête,Deux véhicules - frontale,4,2,2,0,1,1,1,0,1,50,2,2,1,0,0,1,48.0,54.0,deux_roues,voiture,1,2,1,6,1
202400004976,2024-02-08 10:30:00,2024,2,8,10,30,06,06069,Route de Cannes,43.6385,6.9506,Plein jour,En agglomération,Hors intersection,Normale,Deux véhicules - côté,4,2,2,0,1,1,1,9,1,50,2,2,1,0,0,1,69.0,18.0,voiture,deux_roues,1,2,1,1,3
202400004977,2024-11-28 15:40:00,2024,11,28,15,40,13,13021,D9,43.333447,5.158171,Plein jour,Hors agglomération,Hors intersection,Normale,Deux véhicules - arrière,3,3,2,0,2,1,1,0,1,110,2,2,1,1,0,0,41.0,65.0,utilitaire_camion,deux_roues,1,1,1,1,2
202400004978,2024-02-08 18:15:00,2024,2,8,18,15,06,06029,Avenue Michel Jourdan,43.55504,6.97213,Nuit avec éclairage allumé,En agglomération,Hors intersection,Normale,Deux véhicules - frontale,3,2,2,0,1,1,1,0,1,50,2,2,0,0,0,2,27.0,55.0,voiture,voiture,5,2,1,1,1
202400004979,2024-12-16 10:55:00,2024,12,16,10,55,62,62473,rue du nocq picot,50.62962761,2.46963716,Plein jour,Hors agglomération,Hors intersection,Normale,Sans collision,4,2,2,0,1,1,6,0,8,80,1,1,0,1,0,0,68.0,,voiture,,1,1,1,1,7
202400004980,2024-02-08 08:58:00,2024,2,8,8,58,04,04070,NOEL (AV. DU COL.),44.08042,6.19985,Plein jour,En agglomération,Hors intersection,Normale,Deux véhicules - frontale,4,2,2,0,2,1,1,0,1,50,2,2,1,0,0,1,67.0,16.0,voiture,deux_roues,1,2,1,1,1
202400004981,2024-10-03 22:40:00,2024,10,3,22,40,62,62108,Rue Alfred Lambert,50.40937,1.5659,Nuit avec éclairage allumé,En agglomération,Intersection en T,Normale,Deux véhicules - côté,4,2,2,0,1,1,1,0,1,50,2,2,1,0,0,1,21.0,21.0,deux_roues,voiture,5,2,3,1,3
202400004981,2024-10-03 22:40:00,2024,10,3,22,40,62,62108,Rue Alfred Lambert,50.40937,1.5659,Nuit avec éclairage allumé,En agglomération,Intersection en T,Normale,Deux véhicules - côté,4,1,1,0,1,1,1,0,1,50,2,2,1,0,0,1,21.0,21.0,deux_roues,voiture,5,2,3,1,3
202400004982,2024-02-08 08:10:00,2024,2,8,8,10,01,01053,MERCIER (AVENUE AMEDEE DU 45 AU FIN),46.2029,5.24491,Crépuscule ou aube,En agglomération,Giratoire,Pluie légère,Deux véhicules - côté,3,-1,1,0,1,1,2,0,1,50,2,2,1,0,0,1,16.0,18.0,deux_roues,voiture,2,2,6,2,3
202400004982,2024-02-08 08:10:00,2024,2,8,8,10,01,01053,MERCIER (AVENUE AMEDEE DU 45 AU FIN),46.2029,5.24491,Crépuscule ou aube,En agglomération,Giratoire,Pluie légère,Deux véhicules - côté,3,-1,1,0,1,1,2,0,1,50,2,2,1,0,0,1,16.0,18.0,deux_roues,voiture,2,2,6,2,3
202400004983,2024-02-08 19:30:00,2024,2,8,19,30,75,75113,QUAI D IVRY,48.826081,2.387937,Nuit avec éclairage allumé,En agglomération,Hors intersection,Pluie légère,Deux véhicules - arrière,4,-1,4,0,1,1,2,0,1,70,2,2,1,0,0,1,,60.0,utilitaire_camion,voiture,5,2,1,2,2
202400004984,2024-05-07 19:40:00,2024,5,7,19,40,44,44162,Boulevard Charles De Gaulle,47.21475771,-1.63805127,Plein jour,En agglomération,Hors intersection,Normale,Trois véhicules et plus - en chaîne,4,3,3,1,1,1,1,-1,1,50,4,4,3,0,0,1,54.0,40.0,voiture,voiture,1,2,1,1,4
202400004985,2024-05-02 17:00:00,2024,5,2,17,0,44,44109,Boulevard de la Beaujoire,47.258239,-1.5153618,Plein jour,En agglomération,Intersection en X,Normale,Deux véhicules - côté,4,3,4,2,1,1,1,5,1,30,2,2,1,0,0,1,67.0,70.0,voiture,deux_roues,1,2,2,1,3
202400004985,2024-05-02 17:00:00,2024,5,2,17,0,44,44109,Boulevard de la Beaujoire,47.258239,-1.5153618,Plein jour,En agglomération,Intersection en X,Normale,Deux véhicules - côté,4,3,4,2,1,1,1,5,1,50,2,2,1,0,0,1,67.0,70.0,voiture,deux_roues,1,2,2,1,3
202400004986,2024-02-08 23:00:00,2024,2,8,23,0,75,75118,BOULEVARD BARBES,48.891015,2.349614,Nuit avec éclairage allumé,En agglomération,Hors intersection,Pluie légère,Trois véhicules et plus - collisions multiples,4,3,4,1,2,1,2,0,1,30,4,4,3,0,0,1,28.0,47.0,voiture,voiture,5,2,1,2,5
202400004987,2024-04-30 15:55:00,2024,4,30,15,55,44,44109,31 Rue du Corps de Garde ,47.2119863,-1.59707284,Plein jour,En agglomération,Hors intersection,Normale,Autre collision,4,2,2,0,1,1,1,0,1,30,1,1,0,0,0,1,79.0,,voiture,,1,2,1,1,6
202400004988,2024-01-19 23:15:00,2024,1,19,23,15,64,64102,,43.48497157,-1.49491395,Nuit avec éclairage allumé,En agglomération,Hors intersection,Normale,Autre collision,3,3,4,3,1,1,1,0,1,50,1,2,1,0,1,0,21.0,,voiture,,5,2,1,1,6
202400004989,2024-02-08 16:15:00,2024,2,8,16,15,75,75117,AVENUE DE LA PORTE DE CLICHY,48.89639212,2.31032118,Plein jour,En agglomération,Intersection en T,Pluie légère,Deux véhicules - côté,4,2,3,0,1,1,2,0,1,30,2,4,3,0,0,1,26.0,50.0,utilitaire_camion,deux_roues,1,2,3,2,3
202400004989,2024-02-08 16:15:00,2024,2,8,16,15,75,75117,AVENUE DE LA PORTE DE CLICHY,48.89639212,2.31032118,Plein jour,En agglomération,Intersection en T,Pluie légère,Deux véhicules - côté,4,2, -1,3,1,1,2,0,1,30,2,4,3,0,0,1,26.0,50.0,utilitaire_camion,deux_roues,1,2,3,2,3
202400004990,2024-02-07 11:35:00,2024,2,7,11,35,75,75114,BOULEVARD ARAGO,48.834475,2.334154,Plein jour,En agglomération,Hors intersection,Pluie légère,Autre collision,4,2,2,0,1,1,2,9,1,30,1,2,1,0,0,1,43.0,,voiture,,1,2,1,2,6
202400004991,2024-04-17 09:05:00,2024,4,17,9,5,44,44109,69 Boulevard Joliot Curie,47.1941106,-1.53186828,Plein jour,En agglomération,Hors intersection,Normale,Deux véhicules - côté,4,2,2,2,1,1,1,-1,1,50,2,2,1,0,0,1,29.0,22.0,deux_roues,voiture,1,2,1,1,3
202400004992,2024-02-08 16:30:00,2024,2,8,16,30,75,75113,AVENUE D ITALIE,48.820438,2.359086,Plein jour,En agglomération,Intersection en T,Pluie légère,Autre collision,4,2,6,1,1,1,2,0,1,30,1,2,1,0,0,1,53.0,,voiture,,1,2,3,2,6
202400004992,2024-02-08 16:30:00,2024,2,8,16,30,75,75113,AVENUE D ITALIE,48.820438,2.359086,Plein jour,En agglomération,Intersection en T,Pluie légère,Autre collision,4,1, -1,-1,1,1,2,0,1,30,1,2,1,0,0,1,53.0,,voiture,,1,2,3,2,6
202400004993,2024-10-31 16:25:00,2024,10,31,16,25,62,62108,Rue Gabriel Péri,50.40764,1.56763,Plein jour,En agglomération,Hors intersection,Normale,Autre collision,4,1,1,0,1,1,1,0,1,50,1,2,1,0,0,1,26.0,,deux_roues,,1,2,1,1,6
202400004994,2024-12-07 05:45:00,2024,12,7,5,45,84,84142,D146,43.967268,4.982445,Nuit sans éclairage public,Hors agglomération,Hors intersection,Normale,Autre collision,3,2,2,0,1,2,1,0,3,80,1,1,0,0,1,0,56.0,,voiture,,3,1,1,1,6
202400004995,2024-02-08 18:25:00,2024,2,8,18,25,75,75111,BOULEVARD DE BELLEVILLE,48.868933,2.380468,Nuit avec éclairage allumé,En agglomération,Intersection en X,Pluie légère,Autre collision,4,1,2,1,1,1,2,0,5,30,1,2,1,0,0,1,29.0,,deux_roues,,5,2,2,2,6
202400004995,2024-02-08 18:25:00,2024,2,8,18,25,75,75111,BOULEVARD DE BELLEVILLE,48.868933,2.380468,Nuit avec éclairage allumé,En agglomération,Intersection en X,Pluie légère,Autre collision,4,1, -1,0,1,1,2,0,5,30,1,2,1,0,0,1,29.0,,deux_roues,,5,2,2,2,6
202400004996,2024-02-08 09:30:00,2024,2,8,9,30,75,75108,COURS ALBERT 1ER,48.864256,2.302786,Plein jour,En agglomération,Hors intersection,Pluie légère,Sans collision,4,2,1,1,1,3,2,0,5,30,1,1,0,0,0,1,51.0,,deux_roues,,1,2,1,2,7
202400004997,2024-10-18 22:35:00,2024,10,18,22,35,84,84004,route de saint-véran,44.099806,5.061371,Nuit sans éclairage public,Hors agglomération,Intersection en T,Normale,Deux véhicules - côté,3,2,2,0,1,1,1,0,1,80,2,2,1,0,0,1,34.0,23.0,voiture,voiture,3,1,3,1,3
202400004997,2024-10-18 22:35:00,2024,10,18,22,35,84,84004,route de saint-véran,44.099806,5.061371,Nuit sans éclairage public,Hors agglomération,Intersection en T,Normale,Deux véhicules - côté,3,-1, -1,-1,1,1,1,0,1,-1,2,2,1,0,0,1,34.0,23.0,voiture,voiture,3,1,3,1,3
202400004998,2024-02-08 14:32:00,2024,2,8,14,32,75,75107,BOULEVARD DES INVALIDES,48.85106,2.31463,Plein jour,En agglomération,Hors intersection,Pluie légère,Autre collision,4,2,0,1,1,1,2,1,5,30,1,1,0,0,0,1,27.0,,deux_roues,,1,2,1,2,6
202400004999,2024-02-08 10:40:00,2024,2,8,10,40,75,75107,RUE DU BAC,48.851698,2.323534,Plein jour,En agglomération,Intersection en X,Pluie légère,Autre collision,4,1,1,1,1,1,2,0,1,30,1,2,1,0,1,0,20.0,,utilitaire_camion,,1,2,2,2,6
202400004999,2024-02-08 10:40:00,2024,2,8,10,40,75,75107,RUE DU BAC,48.851698,2.323534,Plein jour,En agglomération,Intersection en X,Pluie légère,Autre collision,4,1,1,1,1,1,2,0,1,30,1,2,1,0,1,0,20.0,,utilitaire_camion,,1,2,2,2,6
202400005000,2024-08-31 07:00:00,2024,8,31,7,0,84,84122,2122 Route d'Orange,44.100052,4.938982,Crépuscule ou aube,Hors agglomération,Hors intersection,Normale,Deux véhicules - frontale,3,2,2,0,1,1,1,0,1,80,2,2,1,0,1,0,34.0,70.0,voiture,voiture,2,1,1,1,1
202400005001,2024-02-07 14:30:00,2024,2,7,14,30,75,75107,BOULEVARD SAINT GERMAIN,48.860367,2.321353,Plein jour,En agglomération,Hors intersection,Pluie légère,Autre collision,4,1,0,3,1,1,2,-1,6,30,1,2,1,0,0,1,28.0,,deux_roues,,1,2,1,2,6
202400005002,2024-12-23 19:55:00,2024,12,23,19,55,74,74012,FLORISSANT (AVENUE),46.1968,6.2411,Nuit avec éclairage allumé,En agglomération,Hors intersection,Pluie légère,Autre collision,4,2,2,0,1,1,2,0,1,50,1,2,1,0,0,1,59.0,,deux_roues,,5,2,1,2,6
202400005003,2024-02-08 18:00:00,2024,2,8,18,0,94,94078,Rue Pommier / Rue du Roi Albert 1er,48.735009,2.450049,Crépuscule ou aube,En agglomération,Intersection en T,Pluie légère,Deux véhicules - côté,4,1,1,0,1,1,2,0,1,50,2,2,1,0,0,1,19.0,26.0,deux_roues,voiture,2,2,3,2,3
202400005003,2024-02-08 18:00:00,2024,2,8,18,0,94,94078,Rue Pommier / Rue du Roi Albert 1er,48.735009,2.450049,Crépuscule ou aube,En agglomération,Intersection en T,Pluie légère,Deux véhicules - côté,4,1,1,0,2,1,2,0,1,50,2,2,1,0,0,1,19.0,26.0,deux_roues,voiture,2,2,3,2,3
202400005004,2024-12-18 23:20:00,2024,12,18,23,20,74,74010,CHARLES DE GAULLE (PLACE),45.91174,6.13142,Nuit avec éclairage allumé,En agglomération,Giratoire,Normale,Deux véhicules - côté,4,1,2,0,1,2,1,5,1,50,2,2,1,0,0,1,31.0,57.0,deux_roues,voiture,5,2,6,1,3
202400005004,2024-12-18 23:20:00,2024,12,18,23,20,74,74010,CHARLES DE GAULLE (PLACE),45.91174,6.13142,Nuit avec éclairage allumé,En agglomération,Giratoire,Normale,Deux véhicules - côté,4,2,0,0,1,1,1,0,1,50,2,2,1,0,0,1,31.0,57.0,deux_roues,voiture,5,2,6,1,3
202400005005,2024-02-08 16:15:00,2024,2,8,16,15,94,94046,Rue Michelet / Rue Condorcet,48.81272178,2.45311725,Plein jour,En agglomération,Intersection en X,Pluie légère,Trois véhicules et plus - collisions multiples,4,2,2,0,1,1,2,0,1,50,3,3,2,0,0,1,53.0,66.0,voiture,voiture,1,2,2,2,5
202400005006,2024-12-13 13:10:00,2024,12,13,13,10,74,74010,RHONE (AVENUE DU),45.9001,6.116,Plein jour,En agglomération,Hors intersection,Normale,Deux véhicules - côté,4,2,3,0,1,1,1,0,1,30,2,2,1,0,0,1,17.0,38.0,deux_roues,utilitaire_camion,1,2,1,1,3
202400005007,2024-02-08 15:20:00,2024,2,8,15,20,93,93078,Avenue du Maréchal de Lattre de Tassigny,48.95882,2.54439,Plein jour,En agglomération,Hors intersection,Pluie légère,Autre collision,4,3,4,0,1,1,2,9,1,50,1,2,1,0,0,1,60.0,,voiture,,1,2,1,2,6
202400005008,2024-12-02 07:50:00,2024,12,2,7,50,74,74012,EUROPE (AVENUE DE L'),46.177834,6.23762,Crépuscule ou aube,En agglomération,Intersection en T,Autre,Deux véhicules - côté,4,2,0,0,4,1,2,0,1,50,2,2,1,0,0,1,47.0,46.0,voiture,deux_roues,2,2,3,9,3
202400005008,2024-12-02 07:50:00,2024,12,2,7,50,74,74012,EUROPE (AVENUE DE L'),46.177834,6.23762,Crépuscule ou aube,En agglomération,Intersection en T,Autre,Deux véhicules - côté,4,2,0,0,4,1,2,0,1,50,2,2,1,0,0,1,47.0,46.0,voiture,deux_roues,2,2,3,9,3
202400005009,2024-02-08 19:40:00,2024,2,8,19,40,93,93059,Avenue Ledru Rollin,48.96338,2.37057,Nuit avec éclairage allumé,En agglomération,Hors intersection,Temps couvert,Autre collision,4,1,2,0,2,1,2,0,1,50,1,2,1,0,1,0,20.0,,voiture,,5,2,1,8,6
202400005010,2024-09-12 11:15:00,2024,9,12,11,15,73,73181,Rue cardinale,45.48487329,6.53261393,Plein jour,En agglomération,Intersection en T,Normale,Autre collision,3,2,2,0,1,1,1,0,1,50,1,2,1,0,1,0,25.0,,utilitaire_camion,,1,2,3,1,6
202400005010,2024-09-12 11:15:00,2024,9,12,11,15,73,73181,Rue cardinale,45.48487329,6.53261393,Plein jour,En agglomération,Intersection en T,Normale,Autre collision,3,2,2,0,1,1,1,0,1,50,1,2,1,0,1,0,25.0,,utilitaire_camion,,1,2,3,1,6
202400005011,2024-02-08 18:20:00,2024,2,8,18,20,93,93005,Avenue Eugène Schueller / Rue Arthur Chevalier,48.930125,2.506772,Nuit avec éclairage allumé,En agglomération,Giratoire,Pluie légère,Deux véhicules - frontale,4,2,2,0,1,1,2,0,1,-1,2,2,1,0,0,1,24.0,51.0,deux_roues,voiture,5,2,6,2,1
202400005011,2024-02-08 18:20:00,2024,2,8,18,20,93,93005,Avenue Eugène Schueller / Rue Arthur Chevalier,48.930125,2.506772,Nuit avec éclairage allumé,En agglomération,Giratoire,Pluie légère,Deux véhicules - frontale,4,2,2,0,1,2,2,0,1,50,2,2,1,0,0,1,24.0,51.0,deux_roues,voiture,5,2,6,2,1
202400005012,2024-09-04 15:35:00,2024,9,4,15,35,73,73003,N90,45.49979112,6.51267037,Plein jour,Hors agglomération,Hors intersection,Normale,Autre collision,2,3,4,0,2,3,2,0,1,70,1,1,0,0,1,0,39.0,,deux_roues,,1,1,1,1,6
202400005013,2024-02-08 09:05:00,2024,2,8,9,5,93,93005,Rue des Arts,48.94307,2.503724,Plein jour,En agglomération,Autre intersection,Temps couvert,Deux véhicules - frontale,4,2,2,0,1,2,1,0,1,30,2,2,1,0,0,1,17.0,56.0,autre,voiture,1,2,9,8,1
202400005014,2024-10-21 11:10:00,2024,10,21,11,10,19,19146,,45.31679128,1.76988452,Plein jour,En agglomération,Autre intersection,Normale,Deux véhicules - arrière,3,2,2,0,1,1,1,0,3,50,2,2,1,0,0,1,43.0,49.0,deux_roues,voiture,1,2,9,1,2
202400005015,2024-02-08 19:45:00,2024,2,8,19,45,93,93066,Avenue Jean Moulin / Rue Jacques Woog,48.93992,2.362758,Nuit avec éclairage allumé,En agglomération,Intersection en T,Pluie légère,Deux véhicules - côté,4,2,2,0,1,1,2,0,1,50,2,4,3,0,1,0,22.0,33.0,deux_roues,voiture,5,2,3,2,3
202400005015,2024-02-08 19:45:00,2024,2,8,19,45,93,93066,Avenue Jean Moulin / Rue Jacques Woog,48.93992,2.362758,Nuit avec éclairage allumé,En agglomération,Intersection en T,Pluie légère,Deux véhicules - côté,4,2,2,1,1,1,2,0,1,50,2,4,3,0,1,0,22.0,33.0,deux_roues,voiture,5,2,3,2,3
202400005016,2024-11-15 16:05:00,2024,11,15,16,5,50,50272,Rue du 30 Juillet 1944,48.939268,-1.529707,Plein jour,Hors agglomération,Intersection en T,Normale,Autre collision,3,2,2,0,1,1,1,0,1,80,1,2,1,0,0,1,73.0,,utilitaire_camion,,1,1,3,1,6
202400005016,2024-11-15 16:05:00,2024,11,15,16,5,50,50272,Rue du 30 Juillet 1944,48.939268,-1.529707,Plein jour,Hors agglomération,Intersection en T,Normale,Autre collision,3,2,2,0,2,1,1,0,1,80,1,2,1,0,0,1,73.0,,utilitaire_camion,,1,1,3,1,6
202400005017,2024-02-08 09:00:00,2024,2,8,9,0,93,93066,Avenue du Président Wilson,48.92066572,2.35693485,Plein jour,En agglomération,Hors intersection,Pluie légère,Deux véhicules - côté,3,1,2,1,1,1,2,0,1,50,2,2,1,0,0,1,25.0,,utilitaire_camion,utilitaire_camion,1,2,1,2,3
202400005018,2024-10-31 18:35:00,2024,10,31,18,35,73,73106,D911,45.65831888,6.16281822,Nuit sans éclairage public,Hors agglomération,Hors intersection,Normale,Deux véhicules - frontale,3,2,2,0,1,3,1,0,1,80,2,2,1,0,1,0,61.0,28.0,deux_roues,voiture,3,1,1,1,1
202400005019,2024-02-08 08:30:00,2024,2,8,8,30,93,93064,Rue Lavoisier / Rue Missak Manouchian,48.86272206,2.49601007,Plein jour,En agglomération,Intersection en T,Pluie légère,Autre collision,3,2,2,0,1,1,2,0,1,50,1,2,0,0,0,2,18.0,,deux_roues,,1,2,3,2,6
202400005019,2024-02-08 08:30:00,2024,2,8,8,30,93,93064,Rue Lavoisier / Rue Missak Manouchian,48.86272206,2.49601007,Plein jour,En agglomération,Intersection en T,Pluie légère,Autre collision,3,2,2,1,1,1,2,0,1,50,1,2,0,0,0,2,18.0,,deux_roues,,1,2,3,2,6
202400005020,2024-01-19 12:00:00,2024,1,19,12,0,64,64445,,43.32484248,-0.35755268,Plein jour,En agglomération,Intersection en X,Normale,Deux véhicules - côté,4,2,#VALEURMULTI,1,1,1,1,0,1,50,2,2,1,0,0,1,39.0,22.0,deux_roues,utilitaire_camion,1,2,2,1,3
202400005021,2024-02-08 05:25:00,2024,2,8,5,25,93,93032,MONTFERMEIL   (ALLEE DE),48.89889,2.54647,Nuit avec éclairage allumé,En agglomération,Intersection en X,Pluie légère,Deux véhicules - côté,3,1,2,0,1,1,2,0,1,50,2,2,1,0,1,0,43.0,35.0,voiture,deux_roues,5,2,2,2,3
202400005021,2024-02-08 05:25:00,2024,2,8,5,25,93,93032,MONTFERMEIL   (ALLEE DE),48.89889,2.54647,Nuit avec éclairage allumé,En agglomération,Intersection en X,Pluie légère,Deux véhicules - côté,3,2,2,0,1,1,2,0,1,50,2,2,1,0,1,0,43.0,35.0,voiture,deux_roues,5,2,2,2,3
202400005022,2024-09-30 16:55:00,2024,9,30,16,55,84,84143,D4,43.994906,5.155174,Plein jour,Hors agglomération,Intersection en Y,Normale,Deux véhicules - frontale,3,2,2,0,1,1,1,0,1,80,2,2,1,0,1,0,84.0,29.0,voiture,deux_roues,1,1,4,1,1