accident_id,datetime,annee,mois,jour,heure,minute,departement,commune_insee,adresse,latitude,longitude,luminosite,agglomeration,intersection,meteo,collision,catr,circ,nbv,vosp,prof,plan,surf,infra,situ,vma,nb_vehicules,nb_usagers,nb_indemnes,nb_tues,nb_blesses_hosp,nb_blesses_legers,age_cond_1,age_cond_2,veh_type_cond_1,veh_type_cond_2,lum_code,agg_code,int_code,atm_code,col_code
202400005158,2024-06-05 11:23:00,2024,6,5,11,23,75,75117,BOULEVARD BESSIERES,48.897397,2.323117,Plein jour,En agglomération,Intersection en T,Normale,Deux véhicules - côté,4,2,6,1,1,1,1,0,1,30,2,2,1,0,0,1,53.0,32.0,utilitaire_camion,deux_roues,1,2,3,1,3
202400005158,2024-06-05 11:23:00,2024,6,5,11,23,75,75117,BOULEVARD BESSIERES,48.897397,2.323117,Plein jour,En agglomération,Intersection en T,Normale,Deux véhicules - côté,4,1, -1,1,1,1,1,0,1,30,2,2,1,0,0,1,53.0,32.0,utilitaire_camion,deux_roues,1,2,3,1,3
202400005159,2024-06-05 10:50:00,2024,6,5,10,50,75,75117,RUE BROCHANT,48.888408,2.3172286,Plein jour,En agglomération,Intersection en X,Normale,Deux véhicules - côté,4,2,2,0,1,1,1,0,1,25,2,2,1,0,0,1,52.0,35.0,voiture,deux_roues,1,2,2,1,3
202400005159,2024-06-05 10:50:00,2024,6,5,10,50,75,75117,RUE BROCHANT,48.888408,2.3172286,Plein jour,En agglomération,Intersection en X,Normale,Deux véhicules - côté,4,1,1,0,1,1,1,0,1,25,2,2,1,0,0,1,52.0,35.0,voiture,deux_roues,1,2,2,1,3
202400005160,2024-10-20 13:52:00,2024,10,20,13,52,67,67365,FRERES (RUE DES),48.55609,7.70885,Plein jour,En agglomération,Hors intersection,Normale,Autre collision,4,2,1,0,1,1,1,0,1,30,1,2,1,0,0,1,21.0,,voiture,,1,2,1,1,6
202400005161,2024-10-21 11:15:00,2024,10,21,11,15,64,64024,BOIS BELIN (RUE DU),43.49277,-1.51851,Plein jour,En agglomération,Hors intersection,Normale,Autre collision,4,2,3,0,1,1,1,0,4,50,1,2,1,0,0,1,57.0,,voiture,,1,2,1,1,6
202400005162,2024-06-05 09:40:00,2024,6,5,9,40,75,75116,ALLEE DU BORD DE L EAU,48.869484,2.237746,Plein jour,En agglomération,Hors intersection,Normale,Trois véhicules et plus - collisions multiples,4,2,2,0,1,1,1,0,1,30,4,5,3,0,0,2,33.0,31.0,utilitaire_camion,voiture,1,2,1,1,5
202400005163,2024-10-21 07:15:00,2024,10,21,7,15,64,64102,ROND POINT DU GRAND BASQUE,43.49107,-1.45308,Nuit avec éclairage allumé,En agglomération,Hors intersection,Normale,Autre collision,3,3,4,0,1,1,1,0,1,50,1,2,1,0,1,0,75.0,,voiture,,5,2,1,1,6
202400005164,2024-06-05 08:55:00,2024,6,5,8,55,75,75113,RUE DE TOLBIAC,48.825639,2.347166,Crépuscule ou aube,En agglomération,Intersection en X,Normale,Autre collision,4,1, -1,-1,1,1,1,0,1,30,1,2,1,0,0,1,57.0,,deux_roues,,2,2,2,1,6
202400005164,2024-06-05 08:55:00,2024,6,5,8,55,75,75113,RUE DE TOLBIAC,48.825639,2.347166,Crépuscule ou aube,En agglomération,Intersection en X,Normale,Autre collision,4,2,2,0,1,1,1,0,1,30,1,2,1,0,0,1,57.0,,deux_roues,,2,2,2,1,6
202400005165,2024-06-05 18:00:00,2024,6,5,18,0,75,75112,RUE DU FAUBOURG SAINT ANTOINE,48.851895,2.373698,Plein jour,En agglomération,Intersection en T,Normale,Autre collision,4,1, -1,-1,2,1,1,0,1,30,1,2,1,0,0,1,,,deux_roues,,1,2,3,1,6
202400005165,2024-06-05 18:00:00,2024,6,5,18,0,75,75112,RUE DU FAUBOURG SAINT ANTOINE,48.851895,2.373698,Plein jour,En agglomération,Intersection en T,Normale,Autre collision,4,2,3,1,2,1,1,0,1,30,1,2,1,0,0,1,,,deux_roues,,1,2,3,1,6
202400005166,2024-10-21 15:30:00,2024,10,21,15,30,59,59428,HUIT MAI 1945 (RUE DU),50.18655,3.22582,Plein jour,En agglomération,Giratoire,Normale,Deux véhicules - côté,3,1,1,0,1,3,1,9,1,50,1,2,1,0,0,1,53.0,,utilitaire_camion,,1,2,6,1,3
202400005166,2024-10-21 15:30:00,2024,10,21,15,30,59,59428,HUIT MAI 1945 (RUE DU),50.18655,3.22582,Plein jour,En agglomération,Giratoire,Normale,Deux véhicules - côté,3,-1,1,0,1,1,1,0,1,50,1,2,1,0,0,1,53.0,,utilitaire_camion,,1,2,6,1,3
202400005167,2024-06-05 10:50:00,2024,6,5,10,50,75,75110,RUE LA FAYETTE,48.881331,2.364691,Plein jour,En agglomération,Intersection en X,Normale,Autre collision,4,1, -1,-1,1,1,1,0,6,30,1,2,1,0,0,1,50.0,,voiture,,1,2,2,1,6
202400005167,2024-06-05 10:50:00,2024,6,5,10,50,75,75110,RUE LA FAYETTE,48.881331,2.364691,Plein jour,En agglomération,Intersection en X,Normale,Autre collision,4,2,4,3,1,1,1,0,6,30,1,2,1,0,0,1,50.0,,voiture,,1,2,2,1,6
202400005168,2024-10-19 14:00:00,2024,10,19,14,0,56,56121,Rue général de Bollardière,47.75787,-3.39031,Plein jour,En agglomération,Hors intersection,Normale,Sans collision,4,3,2,3,1,1,1,-1,4,30,1,1,0,0,0,1,55.0,,deux_roues,,1,2,1,1,7
202400005169,2024-06-05 10:05:00,2024,6,5,10,5,75,75109,RUE SAINT LAZARE,48.87574,2.328554,Plein jour,En agglomération,Intersection en T,Normale,Autre collision,4,1, -1,-1,1,1,1,0,1,30,1,2,1,0,0,1,24.0,,deux_roues,,1,2,3,1,6
202400005169,2024-06-05 10:05:00,2024,6,5,10,5,75,75109,RUE SAINT LAZARE,48.87574,2.328554,Plein jour,En agglomération,Intersection en T,Normale,Autre collision,4,2,3,3,1,1,1,0,1,30,1,2,1,0,0,1,24.0,,deux_roues,,1,2,3,1,6
202400005170,2024-06-03 15:40:00,2024,6,3,15,40,94,94052,Rue du Général Chanzy / Rue de l’Amiral Courbet,48.839293,2.475511,Plein jour,En agglomération,Intersection en X,Normale,Deux véhicules - côté,4,1,1,0,1,1,1,0,1,30,2,2,1,0,0,1,19.0,63.0,voiture,utilitaire_camion,1,2,2,1,3
202400005170,2024-06-03 15:40:00,2024,6,3,15,40,94,94052,Rue du Général Chanzy / Rue de l’Amiral Courbet,48.839293,2.475511,Plein jour,En agglomération,Intersection en X,Normale,Deux véhicules - côté,4,1,1,0,2,1,1,0,1,30,2,2,1,0,0,1,19.0,63.0,voiture,utilitaire_camion,1,2,2,1,3
202400005171,2024-10-18 11:37:00,2024,10,18,11,37,56,56083,Avenue de la République,47.79981,-3.28893,Plein jour,En agglomération,Hors intersection,Normale,Sans collision,3,2,2,2,1,1,1,-1,4,30,1,1,0,0,0,1,86.0,,deux_roues,,1,2,1,1,7
202400005172,2024-06-05 13:10:00,2024,6,5,13,10,94,94054,Rue des Hautes Bornes,48.749983,2.410466,Plein jour,En agglomération,Hors intersection,Normale,Deux véhicules - arrière,4,2,2,0,1,1,1,9,1,50,2,2,1,0,0,1,12.0,55.0,deux_roues,voiture,1,2,1,1,2
202400005173,2024-10-19 17:00:00,2024,10,19,17,0,55,55545,REPUBLIQUE ( QUAI DE LA ),49.1606,5.38688,Plein jour,En agglomération,Hors intersection,Normale,Sans collision,4,1,1,0,1,1,1,0,1,30,1,3,1,0,0,2,92.0,,voiture,,1,2,1,1,7
202400005174,2024-06-04 08:30:00,2024,6,4,8,30,94,94017,Boulevard de Stalingrad,48.82674,2.49469,Plein jour,En agglomération,Hors intersection,Normale,Deux véhicules - arrière,3,3,4,0,1,1,1,0,1,50,2,2,1,0,0,1,30.0,57.0,deux_roues,voiture,1,2,1,1,2
202400005175,2024-10-14 11:10:00,2024,10,14,11,10,55,55545,METZ ( AVENUE DE ),49.14791,5.40275,Plein jour,En agglomération,Hors intersection,Normale,Sans collision,4,2,2,0,1,1,1,0,6,30,1,2,1,0,0,1,85.0,,voiture,,1,2,1,1,7
202400005176,2024-06-05 17:39:00,2024,6,5,17,39,93,93066,Boulevard Félix Faure / Rue Gabriel Péri,48.93853,2.35652,Plein jour,En agglomération,Intersection en X,Normale,Autre collision,4,1,1,0,1,1,1,0,1,-1,1,2,1,0,0,1,27.0,,voiture,,1,2,2,1,6
202400005176,2024-06-05 17:39:00,2024,6,5,17,39,93,93066,Boulevard Félix Faure / Rue Gabriel Péri,48.93853,2.35652,Plein jour,En agglomération,Intersection en X,Normale,Autre collision,4,1,1,0,1,1,1,0,1,30,1,2,1,0,0,1,27.0,,voiture,,1,2,2,1,6
202400005177,2024-06-05 07:15:00,2024,6,5,7,15,93,93064,Rue du 4e Zouave,48.872742,2.477397,Plein jour,En agglomération,Hors intersection,Normale,Deux véhicules - frontale,3,2,2,0,1,3,1,0,1,50,2,2,0,0,0,2,29.0,39.0,voiture,voiture,1,2,1,1,1
202400005178,2024-10-20 13:15:00,2024,10,20,13,15,54,54274,Rue Gabriel Fauré,48.67471,6.206,Plein jour,En agglomération,Intersection à plus de 4 branches,Normale,Deux véhicules - frontale,4,3,4,0,1,1,1,0,1,50,2,2,1,0,0,1,39.0,25.0,voiture,voiture,1,2,5,1,1
202400005178,2024-10-20 13:15:00,2024,10,20,13,15,54,54274,Rue Gabriel Fauré,48.67471,6.206,Plein jour,En agglomération,Intersection à plus de 4 branches,Normale,Deux véhicules - frontale,4,3,3,0,1,1,1,0,1,50,2,2,1,0,0,1,39.0,25.0,voiture,voiture,1,2,5,1,1
202400005179,2024-05-30 16:38:00,2024,5,30,16,38,93,93053,Avenue de Rosny,48.89107,2.47104,Plein jour,En agglomération,Hors intersection,Temps couvert,Deux véhicules - frontale,3,2,2,0,1,1,1,0,1,50,2,2,1,0,0,1,65.0,49.0,voiture,deux_roues,1,2,1,8,1
202400005180,2024-06-04 11:28:00,2024,6,4,11,28,92,92078,EDOUARD MANET (RUE),48.93353869,2.33115154,Plein jour,En agglomération,Hors intersection,Normale,Autre collision,4,1,1,0,2,1,1,0,1,50,1,2,1,0,0,1,59.0,,voiture,,1,2,1,1,6
202400005181,2024-10-20 17:20:00,2024,10,20,17,20,51,51454,DRUART (RUE EMILE),49.27365,4.00106,Plein jour,En agglomération,Hors intersection,Normale,Deux véhicules - côté,4,2,2,0,1,2,1,0,1,50,2,2,1,0,1,0,21.0,74.0,voiture,deux_roues,1,2,1,1,3
202400005182,2024-06-05 15:49:00,2024,6,5,15,49,92,92046,Charles de gaulle,48.82112864,2.29699874,Plein jour,En agglomération,Hors intersection,Normale,Autre collision,3,2,2,0,1,1,1,0,1,50,1,2,0,0,0,2,22.0,,deux_roues,,1,2,1,1,6
202400005183,2024-10-20 01:55:00,2024,10,20,1,55,51,51454,LANSON (RUE),49.24595,4.05978,Nuit avec éclairage allumé,En agglomération,Hors intersection,Normale,Autre collision,4,2,2,0,1,1,1,0,1,50,1,2,1,0,0,1,17.0,,voiture,,5,2,1,1,6
202400005184,2024-06-05 07:30:00,2024,6,5,7,30,92,92040,PIERRE BROSSOLETTE,48.81984886,2.26741827,Plein jour,En agglomération,Hors intersection,Normale,Autre collision,4,3,1,0,1,1,1,0,1,30,1,1,0,0,0,1,73.0,,voiture,,1,2,1,1,6
202400005185,2024-10-21 15:12:00,2024,10,21,15,12,50,50532,LANDE (ROUTE),48.80408,-1.54847,Plein jour,Hors agglomération,Giratoire,Pluie forte,Deux véhicules - côté,3,2,1,0,1,1,2,5,1,80,2,3,2,0,1,0,76.0,40.0,utilitaire_camion,voiture,1,1,6,3,3
202400005185,2024-10-21 15:12:00,2024,10,21,15,12,50,50532,LANDE (ROUTE),48.80408,-1.54847,Plein jour,Hors agglomération,Giratoire,Pluie forte,Deux véhicules - côté,3,2,1,0,1,1,2,5,1,80,2,3,2,0,1,0,76.0,40.0,utilitaire_camion,voiture,1,1,6,3,3
202400005186,2024-06-05 09:44:00,2024,6,5,9,44,92,92036,LOUIS ROCHE (AVENUE) (46/148),48.9264,2.3155,Plein jour,En agglomération,Hors intersection,Normale,Deux véhicules - côté,3,2,2,1,1,1,1,0,5,50,2,2,1,0,0,1,34.0,48.0,deux_roues,utilitaire_camion,1,2,1,1,3
202400005187,2024-06-05 12:18:00,2024,6,5,12,18,92,92024,HENRI BARBUSSE (RUE) DE (73 A 139),48.90089315,2.30807626,Plein jour,En agglomération,Intersection en X,Normale,Autre collision,3,2,2,0,1,1,1,0,1,50,1,2,1,0,0,1,,,voiture,,1,2,2,1,6
202400005187,2024-06-05 12:18:00,2024,6,5,12,18,92,92024,HENRI BARBUSSE (RUE) DE (73 A 139),48.90089315,2.30807626,Plein jour,En agglomération,Intersection en X,Normale,Autre collision,3,2, -1,-1,1,1,1,5,1,-1,1,2,1,0,0,1,,,voiture,,1,2,2,1,6
202400005188,2024-10-19 19:30:00,2024,10,19,19,30,50,50129,ROND POINT DE CAPEL,49.65778,-1.667974,Nuit avec éclairage allumé,En agglomération,Giratoire,Temps couvert,Trois véhicules et plus - collisions multiples,4,1,1,0,1,2,2,0,1,70,3,7,5,0,0,2,33.0,31.0,voiture,utilitaire_camion,5,2,6,8,5
202400005188,2024-10-19 19:30:00,2024,10,19,19,30,50,50129,ROND POINT DE CAPEL,49.65778,-1.667974,Nuit avec éclairage allumé,En agglomération,Giratoire,Temps couvert,Trois véhicules et plus - collisions multiples,4,3,4,0,1,1,2,0,1,70,3,7,5,0,0,2,33.0,31.0,voiture,utilitaire_camion,5,2,6,8,5
202400005189,2024-06-05 09:44:00,2024,6,5,9,44,92,92012,PIERRE GRENIER (AVENUE),48.8330244,2.25369304,Plein jour,En agglomération,Autre intersection,Normale,Deux véhicules - frontale,3,1,1,1,1,1,1,0,1,30,2,2,1,0,0,1,34.0,23.0,deux_roues,utilitaire_camion,1,2,9,1,1
202400005190,2024-10-20 09:00:00,2024,10,20,9,0,49,49246,HUGO VICTOR RUE,47.42959,-0.5279,Plein jour,En agglomération,Hors intersection,Temps couvert,Deux véhicules - côté,4,2,2,0,1,1,1,0,1,50,2,2,1,0,0,1,52.0,34.0,voiture,deux_roues,1,2,1,8,3
202400005191,2024-06-05 09:25:00,2024,6,5,9,25,92,92002,ARISTIDE BRIAND (AVENUE),48.7568056,2.30636314,Plein jour,En agglomération,Intersection en T,Normale,Deux véhicules - côté,3,2,4,2,1,1,1,0,1,50,2,2,1,0,0,1,20.0,22.0,deux_roues,voiture,1,2,3,1,3
202400005191,2024-06-05 09:25:00,2024,6,5,9,25,92,92002,ARISTIDE BRIAND (AVENUE),48.7568056,2.30636314,Plein jour,En agglomération,Intersection en T,Normale,Deux véhicules - côté,3,1,4,0,1,1,1,0,1,50,2,2,1,0,0,1,20.0,22.0,deux_roues,voiture,1,2,3,1,3
202400005192,2024-10-20 07:30:00,2024,10,20,7,30,48,48095,RD 42,44.52891,3.47264,Crépuscule ou aube,En agglomération,Hors intersection,Brouillard / fumée,Deux véhicules - frontale,4,2,2,0,2,1,2,5,1,50,2,2,1,0,1,0,39.0,45.0,voiture,voiture,2,2,1,5,1
202400005193,2024-10-21 16:30:00,2024,10,21,16,30,45,45232,108 Avenue du Loiret,47.871357,1.904108,Plein jour,En agglomération,Intersection en T,Normale,Deux véhicules - frontale,4,2,2,2,1,1,1,0,5,50,2,2,1,0,0,1,50.0,51.0,deux_roues,voiture,1,2,3,1,1
202400005193,2024-10-21 16:30:00,2024,10,21,16,30,45,45232,108 Avenue du Loiret,47.871357,1.904108,Plein jour,En agglomération,Intersection en T,Normale,Deux véhicules - frontale,4,2,2,1,1,1,1,0,5,50,2,2,1,0,0,1,50.0,51.0,deux_roues,voiture,1,2,3,1,1
202400005194,2024-06-02 06:30:00,2024,6,2,6,30,974,97415,Route Nationale 1,-20.963243,55.303572,Plein jour,Hors agglomération,Hors intersection,Normale,Trois véhicules et plus - collisions multiples,2,2,4,0,1,3,1,8,1,70,4,5,4,0,1,0,54.0,25.0,voiture,voiture,1,1,1,1,5
202400005195,2024-10-21 15:10:00,2024,10,21,15,10,45,45075,10 Rue Montesquieu,47.892751,1.820497,Plein jour,En agglomération,Hors intersection,Normale,Deux véhicules - côté,4,3,1,0,1,1,1,0,1,50,2,2,1,0,0,1,47.0,9.0,voiture,deux_roues,1,2,1,1,3
202400005196,2024-06-06 16:20:00,2024,6,6,16,20,62,62327,D94,50.51923364,2.29953135,Plein jour,Hors agglomération,Hors intersection,Normale,Deux véhicules - frontale,3,2,2,0,3,1,1,0,1,80,2,2,1,0,1,0,22.0,59.0,voiture,utilitaire_camion,1,1,1,1,1
202400005197,2024-10-21 12:45:00,2024,10,21,12,45,37,37261,RENAULT (RUE DU GAL),47.37943,0.68158,Plein jour,En agglomération,Intersection en X,Normale,Deux véhicules - côté,4,2,2,0,1,1,1,0,1,50,2,3,2,0,0,1,39.0,20.0,utilitaire_camion,voiture,1,2,2,1,3
202400005197,2024-10-21 12:45:00,2024,10,21,12,45,37,37261,RENAULT (RUE DU GAL),47.37943,0.68158,Plein jour,En agglomération,Intersection en X,Normale,Deux véhicules - côté,4,2,2,0,1,1,1,0,1,50,2,3,2,0,0,1,39.0,20.0,utilitaire_camion,voiture,1,2,2,1,3
202400005198,2024-06-05 18:15:00,2024,6,5,18,15,43,43185,Route de Charbonnier Carrefour D14 et D76,45.416332,3.301166,Plein jour,Hors agglomération,Intersection en T,Normale,Deux véhicules - frontale,3,2,2,0,2,1,1,0,1,90,2,4,2,0,0,2,65.0,39.0,voiture,voiture,1,1,3,1,1
202400005198,2024-06-05 18:15:00,2024,6,5,18,15,43,43185,Route de Charbonnier Carrefour D14 et D76,45.416332,3.301166,Plein jour,Hors agglomération,Intersection en T,Normale,Deux véhicules - frontale,3,2, -1,-1,1,1,1,5,1,-1,2,4,2,0,0,2,65.0,39.0,voiture,voiture,1,1,3,1,1
202400005199,2024-10-21 07:45:00,2024,10,21,7,45,37,37214,HUGO (RUE VICTOR),47.41019,0.66812,Crépuscule ou aube,En agglomération,Hors intersection,Normale,Autre collision,4,2,2,2,1,1,1,0,1,50,1,2,1,0,0,1,57.0,,voiture,,2,2,1,1,6
202400005200,2024-06-06 16:23:00,2024,6,6,16,23,76,76404,D925,49.578184,0.239886,Plein jour,Hors agglomération,Giratoire,Normale,Deux véhicules - côté,3,1,2,0,1,2,1,0,1,70,2,2,1,0,0,1,50.0,62.0,deux_roues,utilitaire_camion,1,1,6,1,3
202400005201,2024-10-21 20:40:00,2024,10,21,20,40,35,35238,SAINT-HELIER,48.10791,-1.67335,Nuit avec éclairage allumé,En agglomération,Intersection en T,Temps couvert,Autre collision,4,2,4,0,1,1,2,5,1,30,1,2,1,0,0,1,32.0,,voiture,,5,2,3,8,6
202400005201,2024-10-21 20:40:00,2024,10,21,20,40,35,35238,SAINT-HELIER,48.10791,-1.67335,Nuit avec éclairage allumé,En agglomération,Intersection en T,Temps couvert,Autre collision,4,2,4,0,1,1,2,5,1,30,1,2,1,0,0,1,32.0,,voiture,,5,2,3,8,6
202400005202,2024-06-05 02:30:00,2024,6,5,2,30,971,97132,Axe RN1,15.998667,-61.639996,Nuit sans éclairage public,Hors agglomération,Hors intersection,Pluie légère,Autre collision,2,2,2,0,1,3,2,0,1,80,1,3,2,0,1,0,21.0,,voiture,,3,1,1,2,6
202400005203,2024-06-05 14:00:00,2024,6,5,14,0,14,14061,Route de Caen,48.951789,-0.803638,Plein jour,Hors agglomération,Hors intersection,Normale,Autre collision,3,2,3,0,2,1,1,0,3,90,1,1,0,0,0,1,35.0,,transport_commun,,1,1,1,1,6
202400005204,2024-10-21 10:45:00,2024,10,21,10,45,35,35238,BREST (DE),48.11146,-1.6909,Plein jour,En agglomération,Intersection en T,Pluie légère,Deux véhicules - côté,4,2,2,1,1,2,2,5,1,30,2,2,1,0,0,1,43.0,24.0,voiture,deux_roues,1,2,3,2,3
202400005204,2024-10-21 10:45:00,2024,10,21,10,45,35,35238,BREST (DE),48.11146,-1.6909,Plein jour,En agglomération,Intersection en T,Pluie légère,Deux véhicules - côté,4,2,2,0,1,1,2,0,1,30,2,2,1,0,0,1,43.0,24.0,voiture,deux_roues,1,2,3,2,3
202400005205,2024-06-06 07:30:00,2024,6,6,7,30,67,67472,D138,48.814533,7.958416,Plein jour,Hors agglomération,Hors intersection,Normale,Deux véhicules - frontale,3,3,2,0,1,1,1,0,1,90,2,3,0,0,2,1,19.0,42.0,voiture,voiture,1,1,1,1,1
202400005206,2024-10-21 07:45:00,2024,10,21,7,45,35,35189,RD 137,48.15099,-1.70004,Crépuscule ou aube,Hors agglomération,Hors intersection,Pluie forte,Trois véhicules et plus - en chaîne,7,3,6,0,1,1,2,0,1,90,3,3,2,0,0,1,18.0,23.0,voiture,voiture,2,1,1,3,4
202400005207,2024-10-21 17:30:00,2024,10,21,17,30,33,33522,,44.79403,-0.58985,Plein jour,En agglomération,Intersection en T,Normale,Deux véhicules - côté,4,2,2,0,1,1,1,0,1,30,2,2,1,0,0,1,30.0,53.0,voiture,deux_roues,1,2,3,1,3
202400005207,2024-10-21 17:30:00,2024,10,21,17,30,33,33522,,44.79403,-0.58985,Plein jour,En agglomération,Intersection en T,Normale,Deux véhicules - côté,4,2,2,0,1,1,1,0,1,30,2,2,1,0,0,1,30.0,53.0,voiture,deux_roues,1,2,3,1,3
202400005208,2024-06-05 16:50:00,2024,6,5,16,50,34,34270,M132e2,43.588149,3.825249,Plein jour,Hors agglomération,Hors intersection,Normale,Deux véhicules - côté,7,2,2,0,1,1,1,0,1,70,2,4,2,0,1,1,46.0,18.0,voiture,deux_roues,1,1,1,1,3
202400005209,2024-10-21 10:35:00,2024,10,21,10,35,33,33318,,44.79999,-0.67246,Plein jour,En agglomération,Intersection en X,Temps éblouissant,Deux véhicules - arrière,4,2,2,0,1,1,1,5,1,50,2,2,1,0,0,1,20.0,66.0,voiture,voiture,1,2,2,7,2
202400005209,2024-10-21 10:35:00,2024,10,21,10,35,33,33318,,44.79999,-0.67246,Plein jour,En agglomération,Intersection en X,Temps éblouissant,Deux véhicules - arrière,4,2,2,0,1,1,1,5,8,50,2,2,1,0,0,1,20.0,66.0,voiture,voiture,1,2,2,7,2
202400005210,2024-10-21 02:30:00,2024,10,21,2,30,33,33281,,44.838381,-0.617253,Nuit sans éclairage public,En agglomération,Hors intersection,Normale,Autre collision,4,2,2,2,1,3,1,0,4,50,1,3,2,0,0,1,25.0,,voiture,,3,2,1,1,6
202400005211,2024-06-05 16:00:00,2024,6,5,16,0,04,04033,d900,44.451601,6.371845,Plein jour,Hors agglomération,Hors intersection,Normale,Deux véhicules - frontale,3,2,2,0,2,1,1,0,1,80,2,6,3,0,3,0,37.0,35.0,voiture,autre,1,1,1,1,1
202400005212,2024-10-21 23:05:00,2024,10,21,23,5,31,31555,MINIMES (BD DES) DU 1AU 76,43.61553,1.44479,Nuit avec éclairage allumé,En agglomération,Hors intersection,Normale,Autre collision,4,1,3,3,1,1,1,0,1,50,1,2,1,0,0,1,,,voiture,,5,2,1,1,6
202400005213,2024-06-06 08:30:00,2024,6,6,8,30,2B,2B319,Valle Longhe,42.420415,9.528633,Plein jour,En agglomération,Autre intersection,Normale,Deux véhicules - côté,2,2,2,0,1,1,1,0,1,70,2,2,0,0,0,2,28.0,58.0,voiture,voiture,1,2,9,1,3
202400005214,2024-06-05 14:00:00,2024,6,5,14,0,65,65460,D935,43.401692,0.053392,Plein jour,Hors agglomération,Intersection en T,Normale,Deux véhicules - côté,3,2,2,0,1,1,1,5,1,90,2,2,1,0,1,0,67.0,67.0,voiture,voiture,1,1,3,1,3
202400005214,2024-06-05 14:00:00,2024,6,5,14,0,65,65460,D935,43.401692,0.053392,Plein jour,Hors agglomération,Intersection en T,Normale,Deux véhicules - côté,3,2,2,-1,1,2,1,0,1,80,2,2,1,0,1,0,67.0,67.0,voiture,voiture,1,1,3,1,3
202400005215,2024-10-21 13:50:00,2024,10,21,13,50,31,31483,GAMBETTA (BOULEVARD),43.09725634,0.71131268,Plein jour,En agglomération,Hors intersection,Normale,Deux véhicules - arrière,3,2,2,0,1,2,1,5,1,50,2,2,1,0,0,1,20.0,32.0,voiture,voiture,1,2,1,1,2
202400005216,2024-06-05 14:00:00,2024,6,5,14,0,81,81201,Croix de Mille,44.078645,2.23516,Plein jour,Hors agglomération,Hors intersection,Normale,Deux véhicules - arrière,2,3,2,0,2,1,1,0,1,110,2,2,1,0,1,0,36.0,48.0,voiture,utilitaire_camion,1,1,1,1,2
202400005217,2024-06-05 17:35:00,2024,6,5,17,35,89,89460,Route de Misy,48.353269,3.085688,Plein jour,Hors agglomération,Hors intersection,Normale,Deux véhicules - frontale,3,2,2,0,1,2,1,0,1,90,2,2,0,0,1,1,47.0,66.0,voiture,utilitaire_camion,1,1,1,1,1
202400005218,2024-10-21 20:10:00,2024,10,21,20,10,30,30243,MONTEE DES CYPRES,44.09612,4.07993,Nuit sans éclairage public,En agglomération,Hors intersection,Normale,Trois véhicules et plus - en chaîne,3,2,2,0,3,1,1,0,1,70,3,4,2,0,0,2,38.0,18.0,voiture,voiture,3,2,1,1,4
202400005219,2024-10-21 07:45:00,2024,10,21,7,45,17,17415,CHERMIGNAC RUE DE,45.7337,-0.64559,Nuit avec éclairage allumé,En agglomération,Hors intersection,Normale,Sans collision,4,2,2,1,1,1,1,0,1,50,1,1,0,0,0,1,18.0,,deux_roues,,5,2,1,1,7
202400005220,2024-10-22 00:30:00,2024,10,22,0,30,13,13056,ZIEM (Avenue Félix),43.40198879,5.04732468,Nuit avec éclairage allumé,En agglomération,Hors intersection,Normale,Deux véhicules - arrière,4,1,0,0,1,1,1,0,2,50,2,2,0,0,0,2,16.0,17.0,deux_roues,deux_roues,5,2,1,1,2
202400005221,2024-10-21 21:30:00,2024,10,21,21,30,13,13215,LYON (RUE DE),43.32726,5.36588,Nuit avec éclairage allumé,En agglomération,Hors intersection,Normale,Deux véhicules - frontale,4,2,2,0,1,1,1,0,1,50,1,2,1,0,0,1,30.0,,voiture,,5,2,1,1,1
202400005222,2024-06-05 17:10:00,2024,6,5,17,10,49,49002,Route de l'Automne,47.314301,0.002393,Plein jour,Hors agglomération,Intersection en X,Normale,Deux véhicules - côté,3,2,2,0,1,1,1,0,1,70,2,2,1,0,1,0,77.0,17.0,voiture,deux_roues,1,1,2,1,3
202400005222,2024-06-05 17:10:00,2024,6,5,17,10,49,49002,Route de l'Automne,47.314301,0.002393,Plein jour,Hors agglomération,Intersection en X,Normale,Deux véhicules - côté,3,2,2,0,2,1,1,0,1,80,2,2,1,0,1,0,77.0,17.0,voiture,deux_roues,1,1,2,1,3
202400005223,2024-10-21 14:45:00,2024,10,21,14,45,13,13211,RTE D' ALLAUCH,43.301,5.501,Plein jour,En agglomération,Intersection en T,Normale,Deux véhicules - côté,4,2,2,0,2,1,1,0,1,50,2,3,2,0,0,1,47.0,30.0,voiture,voiture,1,2,3,1,3
202400005223,2024-10-21 14:45:00,2024,10,21,14,45,13,13211,RTE D' ALLAUCH,43.301,5.501,Plein jour,En agglomération,Intersection en T,Normale,Deux véhicules - côté,4,2,2,0,1,1,1,0,1,50,2,3,2,0,0,1,47.0,30.0,voiture,voiture,1,2,3,1,3
202400005224,2024-06-05 21:00:00,2024,6,5,21,0,12,12257,loupiac,44.534084,2.023287,Plein jour,Hors agglomération,Intersection en Y,Normale,Deux véhicules - côté,3,2,2,0,1,2,1,0,1,90,2,2,1,1,0,0,31.0,44.0,utilitaire_camion,deux_roues,1,1,4,1,3
202400005224,2024-06-05 21:00:00,2024,6,5,21,0,12,12257,loupiac,44.534084,2.023287,Plein jour,Hors agglomération,Intersection en Y,Normale,Deux véhicules - côté,3,2,2,0,2,2,1,0,1,80,2,2,1,1,0,0,31.0,44.0,utilitaire_camion,deux_roues,1,1,4,1,3
202400005225,2024-10-21 21:20:00,2024,10,21,21,20,13,13047,RADOLFZELL AVENUE DE,43.49872,4.9806,Nuit avec éclairage allumé,En agglomération,Hors intersection,Normale,Deux véhicules - côté,4,-1,2,0,1,3,1,0,1,50,2,2,1,0,0,1,21.0,20.0,voiture,deux_roues,5,2,1,1,3