accident_id,datetime,annee,mois,jour,heure,minute,departement,commune_insee,adresse,latitude,longitude,luminosite,agglomeration,intersection,meteo,collision,catr,circ,nbv,vosp,prof,plan,surf,infra,situ,vma,nb_vehicules,nb_usagers,nb_indemnes,nb_tues,nb_blesses_hosp,nb_blesses_legers,age_cond_1,age_cond_2,veh_type_cond_1,veh_type_cond_2,lum_code,agg_code,int_code,atm_code,col_code
202400005294,2024-10-21 15:50:00,2024,10,21,15,50,15,15204,RD 120,44.935177,2.330577,Plein jour,Hors agglomération,Intersection en X,Normale,Trois véhicules et plus - collisions multiples,3,2,2,0,1,1,1,0,1,90,3,4,1,0,3,0,42.0,72.0,voiture,voiture,1,1,2,1,5
202400005295,2024-06-05 19:50:00,2024,6,5,19,50,971,97129,Route Nationale 2,16.287867,-61.670873,Nuit sans éclairage public,Hors agglomération,Hors intersection,Normale,Deux véhicules - frontale,2,2,2,0,3,1,1,0,1,80,2,2,1,0,1,0,60.0,,deux_roues,autre,3,1,1,1,1
202400005296,2024-10-19 15:40:00,2024,10,19,15,40,01,01338,D19,45.708903,5.561517,Plein jour,Hors agglomération,Hors intersection,Normale,Autre collision,3,2,2,0,1,2,9,0,3,80,1,1,0,0,1,0,28.0,,deux_roues,,1,1,1,1,6
202400005297,2024-06-06 11:40:00,2024,6,6,11,40,13,13025,D7n,43.490884,5.534534,Plein jour,En agglomération,Hors intersection,Normale,Deux véhicules - frontale,3,2,2,0,1,1,1,0,1,-1,2,2,1,0,1,0,88.0,59.0,voiture,utilitaire_camion,1,2,1,1,1
202400005298,2024-10-21 17:25:00,2024,10,21,17,25,70,70245,rn57,47.860426,6.381608,Plein jour,Hors agglomération,Autre intersection,Normale,Autre collision,2,3,1,0,2,1,1,0,1,90,1,1,0,0,1,0,44.0,,voiture,,1,1,9,1,6
202400005299,2024-10-21 20:15:00,2024,10,21,20,15,06,06079,605 Avenue du Général De Gaulle,43.529983,6.947326,Nuit avec éclairage allumé,En agglomération,Hors intersection,Normale,Autre collision,3,3,2,2,1,1,1,0,1,30,1,2,1,0,1,0,72.0,,voiture,,5,2,1,1,6
202400005300,2024-06-05 21:40:00,2024,6,5,21,40,91,91587,N20,48.691854,2.285941,Crépuscule ou aube,En agglomération,Hors intersection,Normale,Trois véhicules et plus - en chaîne,3,3,4,0,2,1,1,0,1,90,3,5,2,0,0,3,32.0,41.0,deux_roues,utilitaire_camion,2,2,1,1,4
202400005301,2024-10-22 10:30:00,2024,10,22,10,30,05,05036,RN94,44.632452,6.561831,Plein jour,Hors agglomération,Hors intersection,Normale,Deux véhicules - frontale,2,2,2,0,1,2,1,0,1,80,2,3,1,0,2,0,36.0,46.0,voiture,voiture,1,1,1,1,1
202400005302,2024-06-06 18:40:00,2024,6,6,18,40,66,66129,D8,42.582079,2.915969,Plein jour,Hors agglomération,Hors intersection,Normale,Deux véhicules - côté,3,2,2,0,1,2,1,0,1,80,2,2,1,1,0,0,37.0,57.0,voiture,deux_roues,1,1,1,1,3
202400005303,2024-06-05 20:00:00,2024,6,5,20,0,13,13062,Chemin des Vignes Basses,43.425066,5.498976,Plein jour,En agglomération,Hors intersection,Normale,Deux véhicules - frontale,4,-1,2,0,2,3,1,0,1,50,2,2,1,0,1,0,23.0,26.0,deux_roues,voiture,1,2,1,1,1
202400005304,2024-06-05 23:25:00,2024,6,5,23,25,68,68204,lieu dit steinabruck,48.010249,7.0537,Nuit sans éclairage public,Hors agglomération,Hors intersection,Normale,Autre collision,3,2,2,0,1,2,1,0,8,80,1,1,0,0,1,0,21.0,,voiture,,3,1,1,1,6
202400005305,2024-10-20 18:00:00,2024,10,20,18,0,45,45146,D2020 PR 53 + 240,47.693097,1.954622,Plein jour,Hors agglomération,Hors intersection,Normale,Deux véhicules - côté,3,2,2,0,1,1,2,0,1,90,2,3,2,0,1,0,24.0,27.0,deux_roues,voiture,1,1,1,1,3
202400005306,2024-10-22 13:20:00,2024,10,22,13,20,36,36014,Route de Buret,46.504965,1.541755,Plein jour,Hors agglomération,Hors intersection,Normale,Sans collision,3,2,1,0,4,2,1,0,8,80,1,1,0,0,0,1,15.0,,deux_roues,,1,1,1,1,7
202400005307,2024-06-05 14:35:00,2024,6,5,14,35,03,03190,118 Rue de Paris,46.577127,3.324314,Plein jour,En agglomération,Hors intersection,Normale,Trois véhicules et plus - collisions multiples,3,2,2,1,1,1,1,0,1,50,3,7,6,0,0,1,41.0,37.0,voiture,voiture,1,2,1,1,5
202400005308,2024-06-05 18:30:00,2024,6,5,18,30,44,44209,137 Rue de Nantes,47.296804,-1.611922,Plein jour,Hors agglomération,Hors intersection,Normale,Sans collision,3,2,2,0,1,1,1,6,8,50,1,1,0,0,1,0,50.0,,deux_roues,,1,1,1,1,7
202400005309,2024-10-19 15:40:00,2024,10,19,15,40,07,07255,d104,44.757819,4.710485,Plein jour,Hors agglomération,Intersection en T,Normale,Deux véhicules - frontale,3,2,2,0,2,1,1,0,8,50,2,2,1,0,1,0,35.0,33.0,deux_roues,voiture,1,1,3,1,1
202400005309,2024-10-19 15:40:00,2024,10,19,15,40,07,07255,d104,44.757819,4.710485,Plein jour,Hors agglomération,Intersection en T,Normale,Deux véhicules - frontale,3,2,2,0,1,1,1,0,1,80,2,2,1,0,1,0,35.0,33.0,deux_roues,voiture,1,1,3,1,1
202400005310,2024-10-21 17:15:00,2024,10,21,17,15,40,40211,D17,43.625724,-1.185333,Plein jour,Hors agglomération,Hors intersection,Normale,Autre collision,3,2,2,0,1,1,1,0,1,80,1,1,0,1,0,0,69.0,,voiture,,1,1,1,1,6
202400005311,2024-06-05 19:00:00,2024,6,5,19,0,69,69140,Chemin du Chevronnet,45.902202,4.676507,Crépuscule ou aube,Hors agglomération,Intersection en X,Temps éblouissant,Deux véhicules - côté,3,2,2,0,3,3,1,0,1,80,2,2,1,0,1,0,45.0,45.0,voiture,deux_roues,2,1,2,7,3
202400005311,2024-06-05 19:00:00,2024,6,5,19,0,69,69140,Chemin du Chevronnet,45.902202,4.676507,Crépuscule ou aube,Hors agglomération,Intersection en X,Temps éblouissant,Deux véhicules - côté,3,2,2,0,1,1,1,0,1,80,2,2,1,0,1,0,45.0,45.0,voiture,deux_roues,2,1,2,7,3
202400005312,2024-10-22 18:30:00,2024,10,22,18,30,85,85146,la gouraudière,46.974092,-1.287793,Plein jour,Hors agglomération,Hors intersection,Normale,Autre collision,4,2,2,0,2,3,1,0,3,50,2,2,1,0,0,1,15.0,37.0,deux_roues,voiture,1,1,1,1,6
202400005313,2024-10-22 06:00:00,2024,10,22,6,0,973,97309,N 3 (rn3),4.89843,-52.294536,Crépuscule ou aube,Hors agglomération,Hors intersection,Normale,Deux véhicules - arrière,3,2,2,0,1,3,1,0,2,80,2,2,1,0,0,1,55.0,,deux_roues,deux_roues,2,1,1,1,2
202400005314,2024-06-05 16:40:00,2024,6,5,16,40,33,33357,,44.49072,-0.293224,Plein jour,Hors agglomération,Hors intersection,Normale,Trois véhicules et plus - en chaîne,3,2,2,0,1,2,1,0,1,70,3,4,1,0,1,2,45.0,21.0,voiture,voiture,1,1,1,1,4
202400005315,2024-10-22 19:20:00,2024,10,22,19,20,68,68253,A 36 PK 114.000,47.78434574,7.47661652,Nuit sans éclairage public,Hors agglomération,Hors intersection,Temps couvert,Deux véhicules - côté,1,3,2,0,1,1,2,0,1,130,2,2,0,1,0,1,29.0,81.0,utilitaire_camion,voiture,3,1,1,8,3
202400005316,2024-05-30 18:40:00,2024,5,30,18,40,33,33330,,44.850005,-0.440032,Plein jour,En agglomération,Hors intersection,Normale,Deux véhicules - frontale,4,2,2,0,1,3,1,0,1,30,2,2,1,0,0,1,9.0,68.0,deux_roues,voiture,1,2,1,1,1
202400005317,2024-10-17 16:00:00,2024,10,17,16,0,36,36127,les sablons,46.59130064,2.00494051,Plein jour,Hors agglomération,Intersection en X,Pluie forte,Deux véhicules - côté,3,-1,2,0,1,1,2,0,1,90,2,3,1,0,0,2,30.0,26.0,utilitaire_camion,voiture,1,1,2,3,3
202400005317,2024-10-17 16:00:00,2024,10,17,16,0,36,36127,les sablons,46.59130064,2.00494051,Plein jour,Hors agglomération,Intersection en X,Pluie forte,Deux véhicules - côté,3,2,2,-1,1,1,2,0,1,80,2,3,1,0,0,2,30.0,26.0,utilitaire_camion,voiture,1,1,2,3,3
202400005318,2024-10-21 16:55:00,2024,10,21,16,55,34,34157,PK136.000,43.421632,3.537941,Plein jour,Hors agglomération,Hors intersection,Normale,Autre collision,1,-1,3,0,1,1,1,0,1,130,1,1,0,0,0,1,46.0,,deux_roues,,1,1,1,1,6
202400005319,2024-06-05 14:50:00,2024,6,5,14,50,50,50041,D37,49.626204,-1.798689,Plein jour,Hors agglomération,Intersection en X,Normale,Deux véhicules - côté,3,2,2,0,1,1,1,5,1,80,2,3,2,0,0,1,77.0,66.0,voiture,voiture,1,1,2,1,3
202400005319,2024-06-05 14:50:00,2024,6,5,14,50,50,50041,D37,49.626204,-1.798689,Plein jour,Hors agglomération,Intersection en X,Normale,Deux véhicules - côté,3,2,2,0,1,1,1,0,1,80,2,3,2,0,0,1,77.0,66.0,voiture,voiture,1,1,2,1,3
202400005320,2024-06-06 08:10:00,2024,6,6,8,10,14,14733,Rue de Vieux Pont,49.24848753,-0.62255949,Plein jour,Hors agglomération,Giratoire,Temps éblouissant,Deux véhicules - côté,3,2,1,0,1,1,1,5,1,80,2,2,1,0,0,1,48.0,42.0,voiture,deux_roues,1,1,6,7,3
202400005320,2024-06-06 08:10:00,2024,6,6,8,10,14,14733,Rue de Vieux Pont,49.24848753,-0.62255949,Plein jour,Hors agglomération,Giratoire,Temps éblouissant,Deux véhicules - côté,3,2,1,0,1,1,1,5,1,80,2,2,1,0,0,1,48.0,42.0,voiture,deux_roues,1,1,6,7,3
202400005321,2024-10-21 07:40:00,2024,10,21,7,40,29,29234,la Croix Neuve,47.85200303,-3.51018454,Nuit sans éclairage public,Hors agglomération,Intersection en X,Pluie forte,Deux véhicules - côté,3,2,2,0,1,1,2,0,1,70,2,2,1,0,0,1,60.0,41.0,deux_roues,voiture,3,1,2,3,3
202400005321,2024-10-21 07:40:00,2024,10,21,7,40,29,29234,la Croix Neuve,47.85200303,-3.51018454,Nuit sans éclairage public,Hors agglomération,Intersection en X,Pluie forte,Deux véhicules - côté,3,2,2,0,1,1,2,0,1,70,2,2,1,0,0,1,60.0,41.0,deux_roues,voiture,3,1,2,3,3
202400005322,2024-06-05 18:45:00,2024,6,5,18,45,22,22050,Rue General de Gaulle,48.450979,-2.041028,Plein jour,En agglomération,Hors intersection,Normale,Autre collision,3,2,2,0,4,2,1,0,1,50,1,2,1,0,0,1,20.0,,deux_roues,,1,2,1,1,6
202400005323,2024-10-22 11:20:00,2024,10,22,11,20,28,28007,2 Boulevard Ferdinand Moreau,48.857525,1.435798,Plein jour,En agglomération,Hors intersection,Normale,Autre collision,3,1,2,0,1,1,2,0,4,50,1,2,1,0,0,1,30.0,,utilitaire_camion,,1,2,1,1,6
202400005324,2024-10-22 07:20:00,2024,10,22,7,20,77,77352,Rue de Guignes,48.650618,2.771387,Nuit sans éclairage public,Hors agglomération,Hors intersection,Normale,Autre collision,4,2,2,0,2,2,2,0,8,80,1,1,0,0,1,0,52.0,,voiture,,3,1,1,1,6
202400005325,2024-10-21 13:17:00,2024,10,21,13,17,91,91129,Avenue Carnot,48.479939,2.320977,Plein jour,En agglomération,Hors intersection,Normale,Autre collision,3,2,2,0,1,1,1,9,1,50,1,1,0,0,1,0,22.0,,deux_roues,,1,2,1,1,6
202400005326,2024-05-29 12:35:00,2024,5,29,12,35,22,22176,Rue de la Rochette,48.449938,-2.706848,Plein jour,Hors agglomération,Intersection en T,Normale,Deux véhicules - côté,4,2,2,0,1,3,1,0,1,80,2,2,1,0,1,0,72.0,34.0,voiture,voiture,1,1,3,1,3
202400005326,2024-05-29 12:35:00,2024,5,29,12,35,22,22176,Rue de la Rochette,48.449938,-2.706848,Plein jour,Hors agglomération,Intersection en T,Normale,Deux véhicules - côté,4,2,2,0,4,2,1,0,1,80,2,2,1,0,1,0,72.0,34.0,voiture,voiture,1,1,3,1,3
202400005327,2024-10-22 14:00:00,2024,10,22,14,0,30,30130,belvedère des bouzèdes,44.359011,3.918288,Plein jour,Hors agglomération,Hors intersection,Normale,Sans collision,3,2,2,0,2,2,1,0,8,80,1,3,0,0,3,0,86.0,,voiture,,1,1,1,1,7
202400005328,2024-10-22 18:18:00,2024,10,22,18,18,83,83107,Chemin des Hauts Petignons,43.441013,6.59489,Nuit sans éclairage public,En agglomération,Hors intersection,Normale,Autre collision,4,2,2,0,2,1,1,0,1,50,1,2,0,0,1,1,42.0,,voiture,,3,2,1,1,6
202400005329,2024-06-05 21:00:00,2024,6,5,21,0,60,60010,D121,49.22378147,2.10478091,Crépuscule ou aube,Hors agglomération,Hors intersection,Normale,Deux véhicules - côté,3,2,2,0,1,1,1,0,1,80,2,3,1,0,0,2,31.0,,voiture,voiture,2,1,1,1,3
202400005330,2024-10-22 15:30:00,2024,10,22,15,30,73,73307,D215A,45.17733218,6.49123078,Plein jour,Hors agglomération,Hors intersection,Normale,Autre collision,3,2,2,0,2,4,1,0,8,50,1,1,0,1,0,0,34.0,,voiture,,1,1,1,1,6
202400005331,2024-06-06 07:15:00,2024,6,6,7,15,80,80338,D523,49.896742,2.503123,Plein jour,En agglomération,Intersection en T,Temps éblouissant,Autre collision,3,2,2,0,1,1,1,0,1,50,2,2,1,0,0,1,41.0,51.0,voiture,deux_roues,1,2,3,7,6
202400005331,2024-06-06 07:15:00,2024,6,6,7,15,80,80338,D523,49.896742,2.503123,Plein jour,En agglomération,Intersection en T,Temps éblouissant,Autre collision,3,2,2,0,1,1,1,0,1,50,2,2,1,0,0,1,41.0,51.0,voiture,deux_roues,1,2,3,7,6
202400005332,2024-10-22 07:40:00,2024,10,22,7,40,69,69176,Route de Brignais,45.67789683,4.70573859,Crépuscule ou aube,Hors agglomération,Hors intersection,Pluie légère,Deux véhicules - frontale,3,2,2,0,2,2,2,0,1,80,2,4,3,0,1,0,33.0,53.0,voiture,voiture,2,1,1,2,1
202400005333,2024-06-06 15:50:00,2024,6,6,15,50,62,62604,D119,50.615274,1.631212,Plein jour,En agglomération,Intersection en X,Normale,Deux véhicules - côté,3,2,2,0,1,1,1,0,1,80,2,2,0,0,0,2,52.0,65.0,voiture,voiture,1,2,2,1,3
202400005333,2024-06-06 15:50:00,2024,6,6,15,50,62,62604,D119,50.615274,1.631212,Plein jour,En agglomération,Intersection en X,Normale,Deux véhicules - côté,3,2,2,0,1,1,1,0,1,80,2,2,0,0,0,2,52.0,65.0,voiture,voiture,1,2,2,1,3
202400005334,2024-10-21 19:52:00,2024,10,21,19,52,09,09099,RD117,42.985594,1.562719,Nuit sans éclairage public,Hors agglomération,Hors intersection,Normale,Deux véhicules - frontale,3,2,2,0,2,1,1,0,1,80,2,2,1,0,0,1,51.0,77.0,voiture,voiture,3,1,1,1,1
202400005335,2024-06-06 16:50:00,2024,6,6,16,50,59,59411,Pavé du Moulin,50.478507,3.124838,Plein jour,Hors agglomération,Intersection en X,Normale,Deux véhicules - frontale,3,2,2,0,1,1,1,0,1,80,2,2,1,0,1,0,25.0,61.0,deux_roues,utilitaire_camion,1,1,2,1,1
202400005335,2024-06-06 16:50:00,2024,6,6,16,50,59,59411,Pavé du Moulin,50.478507,3.124838,Plein jour,Hors agglomération,Intersection en X,Normale,Deux véhicules - frontale,3,2, -1,-1,1,1,1,0,1,-1,2,2,1,0,1,0,25.0,61.0,deux_roues,utilitaire_camion,1,1,2,1,1
202400005336,2024-06-04 19:35:00,2024,6,4,19,35,33,33122,,44.726442,-0.731102,Plein jour,Hors agglomération,Hors intersection,Normale,Deux véhicules - côté,1,3,4,0,1,1,1,0,1,110,2,2,1,1,0,0,45.0,49.0,utilitaire_camion,deux_roues,1,1,1,1,3
202400005337,2024-09-24 15:40:00,2024,9,24,15,40,33,33233,,45.159611,-0.348436,Plein jour,Hors agglomération,Hors intersection,Normale,Trois véhicules et plus - en chaîne,2,3,4,0,1,1,2,0,1,110,6,8,4,0,1,3,39.0,59.0,voiture,voiture,1,1,1,1,4
202400005338,2024-06-01 08:50:00,2024,6,1,8,50,59,59343,AUTOROUTE A27,50.59944,3.13758,Plein jour,Hors agglomération,Hors intersection,Pluie légère,Autre collision,1,3,2,0,1,1,2,0,1,90,1,1,0,0,1,0,28.0,,voiture,,1,1,1,2,6
202400005339,2024-06-05 10:20:00,2024,6,5,10,20,94,94021,A6A,48.76191441,2.34024905,Plein jour,Hors agglomération,Hors intersection,Normale,Deux véhicules - côté,1,1,3,0,1,1,1,2,1,110,2,2,1,0,0,1,70.0,28.0,voiture,voiture,1,1,1,1,3
202400005340,2024-10-22 07:00:00,2024,10,22,7,0,33,33449,,44.892506,-0.710187,Nuit avec éclairage allumé,En agglomération,Intersection en X,Normale,Trois véhicules et plus - collisions multiples,4,2,2,1,1,1,1,5,1,50,3,3,2,0,1,0,55.0,19.0,deux_roues,voiture,5,2,2,1,5
202400005340,2024-10-22 07:00:00,2024,10,22,7,0,33,33449,,44.892506,-0.710187,Nuit avec éclairage allumé,En agglomération,Intersection en X,Normale,Trois véhicules et plus - collisions multiples,4,2,2,0,1,1,1,5,1,50,3,3,2,0,1,0,55.0,19.0,deux_roues,voiture,5,2,2,1,5
202400005341,2024-06-05 17:30:00,2024,6,5,17,30,78,78423,RN12,48.796786,2.025593,Plein jour,Hors agglomération,Hors intersection,Normale,Deux véhicules - côté,2,1,3,0,1,1,1,0,1,110,2,2,1,0,0,1,,19.0,voiture,deux_roues,1,1,1,1,3
202400005342,2024-10-21 08:50:00,2024,10,21,8,50,85,85302,RD6,46.948918,-0.991779,Crépuscule ou aube,Hors agglomération,Hors intersection,Normale,Deux véhicules - frontale,3,2,1,0,1,2,1,5,1,-1,2,3,0,0,2,1,61.0,60.0,voiture,voiture,2,1,1,1,1
202400005343,2024-06-04 07:40:00,2024,6,4,7,40,92,92025,A86,48.92755851,2.23725934,Plein jour,Hors agglomération,Hors intersection,Normale,Deux véhicules - côté,1,1,3,0,1,1,1,0,1,70,2,2,1,0,0,1,47.0,47.0,utilitaire_camion,voiture,1,1,1,1,3
202400005344,2024-06-05 18:00:00,2024,6,5,18,0,94,94073,A86,48.7542676,2.38140831,Plein jour,Hors agglomération,Hors intersection,Normale,Deux véhicules - arrière,1,3,6,0,1,2,1,0,1,90,2,2,1,0,0,1,32.0,29.0,deux_roues,voiture,1,1,1,1,2
202400005345,2024-10-21 13:00:00,2024,10,21,13,0,13,13211,A50-Sens Marseille vers Aubagne,43.28631198,5.43087085,Plein jour,Hors agglomération,Hors intersection,Normale,Deux véhicules - arrière,1,1,3,3,1,1,1,0,1,90,2,3,2,0,0,1,30.0,42.0,voiture,voiture,1,1,1,1,2
202400005346,2024-06-05 17:00:00,2024,6,5,17,0,94,94028,A86,48.78988004,2.44029159,Plein jour,Hors agglomération,Hors intersection,Normale,Deux véhicules - arrière,1,1,3,0,1,1,1,0,1,90,2,2,1,0,0,1,51.0,53.0,voiture,voiture,1,1,1,1,2
202400005347,2024-10-18 12:26:00,2024,10,18,12,26,59,59090,AUTOROUTE A22,50.71472,3.12348,Plein jour,Hors agglomération,Hors intersection,Pluie légère,Trois véhicules et plus - collisions multiples,1,3,2,0,1,1,2,0,1,110,3,3,2,0,0,1,37.0,37.0,utilitaire_camion,utilitaire_camion,1,1,1,2,5
202400005348,2024-06-03 15:00:00,2024,6,3,15,0,976,97611,kaweni-Pendu (Place),45.23097,12.75862,Plein jour,Hors agglomération,Hors intersection,Normale,Autre collision,2,3,2,0,2,1,1,0,1,50,3,3,2,0,1,0,38.0,36.0,deux_roues,voiture,1,1,1,1,6
202400005349,2024-10-21 19:30:00,2024,10,21,19,30,91,91689,AUTOROUTE A6,48.72355,2.31218,Nuit sans éclairage public,Hors agglomération,Hors intersection,Normale,Deux véhicules - côté,1,3,3,0,1,1,1,0,1,110,2,2,1,0,0,1,32.0,62.0,voiture,deux_roues,3,1,1,1,3
202400005350,2024-06-05 00:01:00,2024,6,5,0,1,974,97411,KARTING (DU),-20.8952,55.5012,Nuit avec éclairage allumé,Hors agglomération,Hors intersection,Pluie légère,Autre collision,4,1,1,0,1,3,2,0,1,70,1,2,0,0,0,2,18.0,,voiture,,5,1,1,2,6
202400005351,2024-06-04 15:50:00,2024,6,4,15,50,974,97411,LITTORAL (ROUTE 1 DU),-20.87469,55.43266,Plein jour,Hors agglomération,Hors intersection,Normale,Deux véhicules - arrière,2,1,3,3,1,1,1,2,1,90,2,3,1,0,0,2,56.0,20.0,voiture,utilitaire_camion,1,1,1,1,2
202400005352,2024-10-21 14:30:00,2024,10,21,14,30,91,91340,AUTOROUTE A6,48.59932,2.44014,Plein jour,Hors agglomération,Hors intersection,Normale,Trois véhicules et plus - collisions multiples,1,-1,3,0,1,1,1,0,1,110,3,4,2,0,0,2,28.0,72.0,voiture,voiture,1,1,1,1,5
202400005353,2024-06-04 08:40:00,2024,6,4,8,40,974,97411,GUADELOUPE (DE LA),-20.90171,55.49672,Plein jour,En agglomération,Hors intersection,Normale,Deux véhicules - côté,4,2,2,0,1,1,1,0,1,50,2,2,1,0,0,1,28.0,23.0,deux_roues,voiture,1,2,1,1,3
202400005354,2024-10-20 06:32:00,2024,10,20,6,32,92,92036,A86,48.93353738,2.2742432,Nuit sans éclairage public,Hors agglomération,Hors intersection,Normale,Autre collision,1,-1,2,0,1,3,1,0,1,70,1,2,0,0,0,2,54.0,,voiture,,3,1,1,1,6
202400005355,2024-06-04 09:45:00,2024,6,4,9,45,974,97407,MONPELLIER (RUE),-20.93793,55.29574,Plein jour,En agglomération,Hors intersection,Normale,Autre collision,4,1,1,0,1,1,1,0,1,50,1,2,1,0,1,0,,,autre,,1,2,1,1,6
202400005356,2024-06-04 06:15:00,2024,6,4,6,15,974,97407,ROND POINT ROSE DES VENTS,-20.94054,55.30808,Crépuscule ou aube,En agglomération,Giratoire,Normale,Deux véhicules - côté,2,1,1,0,1,1,1,0,1,30,2,2,1,0,0,1,60.0,54.0,deux_roues,voiture,2,2,6,1,3
202400005357,2024-10-21 09:45:00,2024,10,21,9,45,93,93064,AUTOROUTE A103,48.88638237,2.48441756,Plein jour,Hors agglomération,Hors intersection,Normale,Deux véhicules - arrière,1,3,2,0,1,1,1,0,1,90,2,2,1,0,0,1,31.0,49.0,utilitaire_camion,voiture,1,1,1,1,2
202400005358,2024-06-04 20:35:00,2024,6,4,20,35,69,69149,48 Boulevard de l'Europe ,45.7101,4.80662,Plein jour,En agglomération,Hors intersection,Normale,Autre collision,4,2,2,0,2,3,1,0,1,30,1,2,1,0,0,1,34.0,,voiture,,1,2,1,1,6
202400005359,2024-10-21 19:20:00,2024,10,21,19,20,94,94069,A4,48.81661087,2.44867515,Nuit sans éclairage public,Hors agglomération,Hors intersection,Normale,Deux véhicules - arrière,1,1,3,0,1,1,1,0,1,90,2,2,1,0,0,1,42.0,21.0,deux_roues,voiture,3,1,1,1,2
202400005360,2024-06-04 19:30:00,2024,6,4,19,30,69,69384,Tunnel de la Croix-Rousse,45.77443,4.81528,Nuit avec éclairage allumé,En agglomération,Hors intersection,Normale,Autre collision,4,2,4,1,1,1,1,1,5,30,1,1,0,0,0,1,53.0,,deux_roues,,5,2,1,1,6
202400005361,2024-07-16 13:10:00,2024,7,16,13,10,62,62108,Rue de l’Impératrice,50.40593,1.57262,Plein jour,En agglomération,Intersection en T,Normale,Deux véhicules - côté,4,1,1,0,1,1,1,0,1,50,2,2,1,0,1,0,29.0,38.0,voiture,deux_roues,1,2,3,1,3
202400005361,2024-07-16 13:10:00,2024,7,16,13,10,62,62108,Rue de l’Impératrice,50.40593,1.57262,Plein jour,En agglomération,Intersection en T,Normale,Deux véhicules - côté,4,2,2,0,1,1,1,0,1,50,2,2,1,0,1,0,29.0,38.0,voiture,deux_roues,1,2,3,1,3
202400005362,2024-06-04 13:50:00,2024,6,4,13,50,69,69389,Avenue Ben Gourion,45.78681,4.78672,Plein jour,En agglomération,Autre intersection,Normale,Deux véhicules - côté,4,2,3,0,1,1,1,0,1,50,2,5,3,0,0,2,59.0,56.0,voiture,transport_commun,1,2,9,1,3
202400005362,2024-06-04 13:50:00,2024,6,4,13,50,69,69389,Avenue Ben Gourion,45.78681,4.78672,Plein jour,En agglomération,Autre intersection,Normale,Deux véhicules - côté,4,2,2,3,1,1,1,0,1,50,2,5,3,0,0,2,59.0,56.0,voiture,transport_commun,1,2,9,1,3
202400005363,2024-10-07 17:03:00,2024,10,7,17,3,44,44109,7 Rue du Général de Bollardière,47.20968802,-1.52945564,Crépuscule ou aube,En agglomération,Intersection en X,Normale,Deux véhicules - côté,4,2,2,0,1,3,1,5,1,30,2,2,1,0,0,1,31.0,48.0,deux_roues,voiture,2,2,2,1,3
202400005363,2024-10-07 17:03:00,2024,10,7,17,3,44,44109,7 Rue du Général de Bollardière,47.20968802,-1.52945564,Crépuscule ou aube,En agglomération,Intersection en X,Normale,Deux véhicules - côté,4,2,2,2,1,1,1,-1,1,30,2,2,1,0,0,1,31.0,48.0,deux_roues,voiture,2,2,2,1,3
202400005364,2024-06-04 07:54:00,2024,6,4,7,54,2B,2B033,SAMPIERO CORSO - AV,42.6285,9.44431,Plein jour,En agglomération,Hors intersection,Normale,Trois véhicules et plus - en chaîne,3,3,2,0,2,1,1,1,1,50,3,3,0,0,0,3,53.0,22.0,voiture,voiture,1,2,1,1,4
202400005365,2024-10-20 16:05:00,2024,10,20,16,5,47,47001,BARBUSSE (AV. HENRI),44.20548,0.62836,Plein jour,En agglomération,Hors intersection,Normale,Deux véhicules - côté,4,2,2,1,1,1,1,0,1,50,2,2,1,0,1,0,16.0,12.0,voiture,deux_roues,1,2,1,1,3
202400005366,2024-06-04 16:20:00,2024,6,4,16,20,971,97101,BESSON,16.2404,-61.51132,Plein jour,Hors agglomération,Hors intersection,Normale,Deux véhicules - côté,4,2,2,0,1,3,3,0,1,50,2,4,2,0,0,2,62.0,30.0,voiture,voiture,1,1,1,1,3
202400005367,2024-10-20 06:25:00,2024,10,20,6,25,987,98736,CHARLES DE GAULLE (AV),-17.52819,-149.54866,Plein jour,Hors agglomération,Giratoire,Normale,Deux véhicules - côté,4,1,2,0,1,1,1,0,1,20,2,2,1,0,0,1,26.0,46.0,deux_roues,utilitaire_camion,1,1,6,1,3
202400005367,2024-10-20 06:25:00,2024,10,20,6,25,987,98736,CHARLES DE GAULLE (AV),-17.52819,-149.54866,Plein jour,Hors agglomération,Giratoire,Normale,Deux véhicules - côté,4,2,2,0,1,1,1,0,1,20,2,2,1,0,0,1,26.0,46.0,deux_roues,utilitaire_camion,1,1,6,1,3
202400005368,2024-10-19 18:05:00,2024,10,19,18,5,987,98736,PATER (RUE),-17.54138,-149.55227,Crépuscule ou aube,En agglomération,Hors intersection,Normale,Deux véhicules - frontale,4,2,2,0,1,1,1,0,1,30,2,2,1,0,0,1,70.0,32.0,voiture,deux_roues,2,2,1,1,1
202400005369,2024-10-19 18:05:00,2024,10,19,18,5,972,97209,RD 41 (ROCADE),14.61203,-61.07018,Crépuscule ou aube,En agglomération,Hors intersection,Pluie légère,Deux véhicules - côté,3,1,2,0,1,1,2,0,1,60,2,2,1,0,0,1,20.0,55.0,voiture,voiture,2,2,1,2,3
202400005370,2024-10-19 18:10:00,2024,10,19,18,10,95,95277,GONESSE A VILLEPINTE (CHEMIN DE),48.9810291,2.48035848,Crépuscule ou aube,En agglomération,Hors intersection,Pluie légère,Deux véhicules - frontale,4,2,2,3,1,1,2,8,1,50,2,2,1,0,0,1,29.0,20.0,transport_commun,deux_roues,2,2,1,2,1