accident_id,datetime,annee,mois,jour,heure,minute,departement,commune_insee,adresse,latitude,longitude,luminosite,agglomeration,intersection,meteo,collision,catr,circ,nbv,vosp,prof,plan,surf,infra,situ,vma,nb_vehicules,nb_usagers,nb_indemnes,nb_tues,nb_blesses_hosp,nb_blesses_legers,age_cond_1,age_cond_2,veh_type_cond_1,veh_type_cond_2,lum_code,agg_code,int_code,atm_code,col_code
202400005371,2024-10-20 20:10:00,2024,10,20,20,10,95,95219,D502,48.99806727,2.25360571,Nuit avec éclairage non allumé,En agglomération,Autre intersection,Normale,Deux véhicules - côté,3,2,2,0,1,1,1,0,1,50,2,2,1,0,0,1,52.0,41.0,voiture,deux_roues,4,2,9,1,3
202400005372,2024-10-19 18:20:00,2024,10,19,18,20,91,91521,LIBERATION (AVENUE DE LA) N°28 A 84,48.65182,2.41387,Plein jour,En agglomération,Hors intersection,Pluie légère,Deux véhicules - frontale,3,3,5,0,2,1,2,5,1,50,2,4,3,0,0,1,49.0,26.0,voiture,voiture,1,2,1,2,1
202400005373,2024-10-20 18:05:00,2024,10,20,18,5,86,86194,Avenue du 11 Novembre,46.569134,0.369485,Plein jour,En agglomération,Intersection en T,Normale,Autre collision,3,1,3,3,1,1,1,5,1,50,1,2,1,0,0,1,20.0,,voiture,,1,2,3,1,6
202400005373,2024-10-20 18:05:00,2024,10,20,18,5,86,86194,Avenue du 11 Novembre,46.569134,0.369485,Plein jour,En agglomération,Intersection en T,Normale,Autre collision,3,-1,1,0,1,1,1,5,1,50,1,2,1,0,0,1,20.0,,voiture,,1,2,3,1,6
202400005374,2024-10-19 18:13:00,2024,10,19,18,13,84,84031,MISTRAL AVENUE FREDERIC,44.05077,5.04154,Plein jour,En agglomération,Hors intersection,Normale,Deux véhicules - arrière,4,2,3,2,1,1,1,0,1,50,2,2,1,0,0,1,63.0,74.0,deux_roues,voiture,1,2,1,1,2
202400005375,2024-10-18 17:55:00,2024,10,18,17,55,84,84031,FABRE AVENUE JEAN HENRI,44.05054,5.03534,Plein jour,En agglomération,Hors intersection,Normale,Deux véhicules - côté,4,1,2,0,1,1,1,0,1,50,2,2,1,0,1,0,18.0,54.0,deux_roues,voiture,1,2,1,1,3
202400005376,2024-10-20 07:15:00,2024,10,20,7,15,82,82121,avenue jean moulin,44.02802,1.36866,Nuit avec éclairage allumé,En agglomération,Hors intersection,Normale,Deux véhicules - côté,4,2,5,1,1,1,1,0,1,50,2,2,1,0,0,1,31.0,25.0,voiture,deux_roues,5,2,1,1,3
202400005377,2024-10-20 20:45:00,2024,10,20,20,45,82,82033,Chemin de l’Artel,44.06536864,1.09716314,Nuit avec éclairage allumé,En agglomération,Autre intersection,Normale,Sans collision,4,1,1,0,1,2,1,0,3,50,1,2,0,0,0,2,87.0,,voiture,,5,2,9,1,7
202400005378,2024-10-20 17:50:00,2024,10,20,17,50,77,77284,D603,48.95919,2.8727,Plein jour,En agglomération,Intersection en Y,Normale,Deux véhicules - côté,3,2,4,0,1,2,1,0,1,50,2,8,7,0,0,1,33.0,23.0,voiture,voiture,1,2,4,1,3
202400005378,2024-10-20 17:50:00,2024,10,20,17,50,77,77284,D603,48.95919,2.8727,Plein jour,En agglomération,Intersection en Y,Normale,Deux véhicules - côté,3,2,3,0,1,3,1,0,1,50,2,8,7,0,0,1,33.0,23.0,voiture,voiture,1,2,4,1,3
202400005379,2024-10-20 09:25:00,2024,10,20,9,25,76,76231,Rue Bourgtheroulde,49.28695808,0.98600367,Plein jour,Hors agglomération,Hors intersection,Normale,Autre collision,7,2,2,0,2,2,1,0,1,80,1,3,1,0,0,2,,,voiture,,1,1,1,1,6
202400005380,2024-10-20 06:00:00,2024,10,20,6,0,69,69013,Route Nationale 6,46.01866,4.72091,Nuit sans éclairage public,En agglomération,Hors intersection,Normale,Autre collision,3,2,2,0,1,2,1,2,1,70,1,2,1,0,0,1,24.0,,voiture,,3,2,1,1,6
202400005381,2024-10-20 18:35:00,2024,10,20,18,35,67,67180,RHIN (ROUTE DU),48.7993,7.83681,Nuit avec éclairage allumé,Hors agglomération,Hors intersection,Normale,Deux véhicules - côté,3,2,2,0,2,1,1,3,1,80,2,2,1,0,0,1,47.0,60.0,voiture,voiture,5,1,1,1,3
202400005382,2024-10-20 20:00:00,2024,10,20,20,0,66,66136,AERODROME AVENUE DE L'(CD117),42.72729364,2.86004484,Nuit sans éclairage public,Hors agglomération,Hors intersection,Normale,Deux véhicules - frontale,3,2,2,0,1,1,1,0,1,80,2,2,1,0,0,1,17.0,60.0,voiture,utilitaire_camion,3,1,1,1,1
202400005383,2024-10-19 18:20:00,2024,10,19,18,20,66,66136,ALDUY (Paul),42.67852,2.90488,Plein jour,En agglomération,Hors intersection,Normale,Trois véhicules et plus - en chaîne,4,2,2,0,2,1,1,0,1,30,3,3,2,0,1,0,28.0,28.0,voiture,deux_roues,1,2,1,1,4
202400005384,2024-10-19 17:02:00,2024,10,19,17,2,63,63300,STADE (AVENUE DU) / rue du Torpilleur Sirocco,45.884,3.1237,Plein jour,En agglomération,Intersection en T,Normale,Deux véhicules - côté,3,2,2,0,1,1,9,9,1,50,2,2,0,1,0,1,52.0,28.0,voiture,deux_roues,1,2,3,1,3
202400005384,2024-10-19 17:02:00,2024,10,19,17,2,63,63300,STADE (AVENUE DU) / rue du Torpilleur Sirocco,45.884,3.1237,Plein jour,En agglomération,Intersection en T,Normale,Deux véhicules - côté,3,2,2,0,1,1,1,0,1,50,2,2,0,1,0,1,52.0,28.0,voiture,deux_roues,1,2,3,1,3
202400005385,2024-10-20 19:07:00,2024,10,20,19,7,63,63019,HENRI POURRAT (AV),45.7982,3.1615,Crépuscule ou aube,Hors agglomération,Hors intersection,Normale,Autre collision,7,2,2,0,1,2,1,0,8,80,1,4,1,1,1,1,23.0,,voiture,,2,1,1,1,6
202400005386,2024-10-19 06:36:00,2024,10,19,6,36,63,63113,M771 Pochet Lagaye /  Bd Lafayette,45.76674,3.10726,Nuit avec éclairage allumé,En agglomération,Intersection en X,Normale,Deux véhicules - côté,7,3,6,0,1,1,1,0,1,50,2,4,3,0,0,1,20.0,55.0,voiture,voiture,5,2,2,1,3
202400005386,2024-10-19 06:36:00,2024,10,19,6,36,63,63113,M771 Pochet Lagaye /  Bd Lafayette,45.76674,3.10726,Nuit avec éclairage allumé,En agglomération,Intersection en X,Normale,Deux véhicules - côté,7,4,6,0,1,1,1,0,1,50,2,4,3,0,0,1,20.0,55.0,voiture,voiture,5,2,2,1,3
202400005387,2024-10-20 02:00:00,2024,10,20,2,0,62,62563,D166,50.47033381,2.71699644,Nuit avec éclairage allumé,En agglomération,Hors intersection,Pluie légère,Autre collision,3,2,2,0,1,1,2,0,4,50,1,2,0,0,2,0,18.0,,voiture,,5,2,1,2,6
202400005388,2024-10-19 01:00:00,2024,10,19,1,0,60,60175,Rue de Gournay,49.25942012,2.46126473,Nuit sans éclairage public,En agglomération,Hors intersection,Pluie légère,Autre collision,4,2,1,0,3,3,2,2,1,30,2,2,1,0,0,1,60.0,29.0,voiture,deux_roues,3,2,1,2,6
202400005389,2024-10-20 16:20:00,2024,10,20,16,20,59,59426,SCHUMAN (RUE ROBERT),50.7433,3.1509,Plein jour,Hors agglomération,Hors intersection,Normale,Deux véhicules - arrière,7,3,0,0,1,1,1,0,1,70,2,2,1,0,0,1,53.0,66.0,voiture,deux_roues,1,1,1,1,2
202400005390,2024-10-20 22:05:00,2024,10,20,22,5,59,59650,CASTERMANT (RUE CHARLES),50.70323,3.19561,Nuit avec éclairage allumé,En agglomération,Autre intersection,Pluie légère,Deux véhicules - côté,4,2,2,0,1,1,2,5,1,50,2,2,0,0,0,2,49.0,19.0,voiture,voiture,5,2,9,2,3
202400005391,2024-10-19 12:05:00,2024,10,19,12,5,59,59041,Rue de Maubeuge,50.205849,3.851867,Plein jour,En agglomération,Giratoire,Normale,Sans collision,3,-1,2,0,1,1,1,0,1,50,1,1,0,0,0,1,24.0,,deux_roues,,1,2,6,1,7
202400005391,2024-10-19 12:05:00,2024,10,19,12,5,59,59041,Rue de Maubeuge,50.205849,3.851867,Plein jour,En agglomération,Giratoire,Normale,Sans collision,3,1,1,0,1,2,1,5,1,50,1,1,0,0,0,1,24.0,,deux_roues,,1,2,6,1,7
202400005392,2024-10-20 15:00:00,2024,10,20,15,0,56,56260,Rue Jean Gougaud,47.6581,-2.76511,Plein jour,En agglomération,Hors intersection,Temps couvert,Deux véhicules - arrière,4,1,2,0,1,1,2,0,1,50,2,3,2,0,0,1,15.0,57.0,voiture,voiture,1,2,1,8,2
202400005393,2024-10-20 11:47:00,2024,10,20,11,47,45,45004,D163 PR 5 + 910,47.98522,2.81831,Plein jour,Hors agglomération,Hors intersection,Normale,Autre collision,3,2,2,0,1,1,1,0,8,80,1,2,1,0,0,1,23.0,,voiture,,1,1,1,1,6
202400005394,2024-10-20 02:50:00,2024,10,20,2,50,37,37233,JAURES (RUE JEAN),47.39122644,0.72555891,Nuit avec éclairage allumé,En agglomération,Hors intersection,Brouillard / fumée,Deux véhicules - frontale,4,2,2,0,1,1,2,0,1,50,2,5,4,0,0,1,,22.0,voiture,voiture,5,2,1,5,1
202400005395,2024-10-19 15:20:00,2024,10,19,15,20,37,37208,LAC (AVENUE DU),47.36572,0.71535,Plein jour,En agglomération,Intersection à plus de 4 branches,Pluie légère,Deux véhicules - côté,1,1,3,0,1,1,2,0,1,50,2,4,2,0,0,2,70.0,25.0,voiture,voiture,1,2,5,2,3
202400005395,2024-10-19 15:20:00,2024,10,19,15,20,37,37208,LAC (AVENUE DU),47.36572,0.71535,Plein jour,En agglomération,Intersection à plus de 4 branches,Pluie légère,Deux véhicules - côté,1,3,2,0,1,1,2,5,1,50,2,4,2,0,0,2,70.0,25.0,voiture,voiture,1,2,5,2,3
202400005396,2024-10-19 04:50:00,2024,10,19,4,50,36,36044,Rue Porte Neuve,46.81094762,1.68825611,Nuit avec éclairage allumé,En agglomération,Hors intersection,Normale,Autre collision,4,2,2,0,1,3,1,0,8,30,1,1,0,0,0,1,19.0,,voiture,,5,2,1,1,6
202400005397,2024-10-21 02:10:00,2024,10,21,2,10,35,35238,HOUX (DU),48.13259,-1.66739,Nuit sans éclairage public,En agglomération,Hors intersection,Pluie légère,Autre collision,4,1,1,0,1,1,2,9,8,30,1,2,1,0,0,1,29.0,,voiture,,3,2,1,2,6
202400005398,2024-10-20 18:20:00,2024,10,20,18,20,35,35238,PATTON (AVENUE DU GENERAL SIR GEORGES),48.12836,-1.66411,Plein jour,En agglomération,Intersection en X,Pluie légère,Deux véhicules - côté,4,2,4,2,1,1,2,5,1,30,2,2,1,0,0,1,27.0,44.0,voiture,voiture,1,2,2,2,3
202400005398,2024-10-20 18:20:00,2024,10,20,18,20,35,35238,PATTON (AVENUE DU GENERAL SIR GEORGES),48.12836,-1.66411,Plein jour,En agglomération,Intersection en X,Pluie légère,Deux véhicules - côté,4,2,4,2,1,1,2,5,1,30,2,2,1,0,0,1,27.0,44.0,voiture,voiture,1,2,2,2,3
202400005399,2024-10-20 11:15:00,2024,10,20,11,15,33,33063,,44.858516,-0.624723,Plein jour,En agglomération,Hors intersection,Normale,Deux véhicules - côté,4,2,2,2,1,1,1,-1,1,50,2,2,1,0,0,1,65.0,19.0,voiture,deux_roues,1,2,1,1,3
202400005400,2024-10-20 04:25:00,2024,10,20,4,25,33,33119,,44.85335,-0.50585,Nuit sans éclairage public,En agglomération,Hors intersection,Normale,Autre collision,4,2,2,0,1,1,1,0,1,50,1,3,0,0,3,0,39.0,,voiture,,3,2,1,1,6
202400005401,2024-10-20 19:00:00,2024,10,20,19,0,31,31555,RUE MARIA MONBIOLA,43.57812,1.43946,Crépuscule ou aube,En agglomération,Hors intersection,Normale,Autre collision,4,2,2,0,1,1,1,0,1,50,1,2,1,0,1,0,33.0,,voiture,,2,2,1,1,6
202400005402,2024-10-20 00:01:00,2024,10,20,0,1,31,31557,TARBES (ROUTE DE),43.577524,1.3268021,Nuit avec éclairage allumé,En agglomération,Hors intersection,Normale,Deux véhicules - arrière,7,1,1,0,1,1,1,0,1,50,2,3,2,0,0,1,83.0,67.0,voiture,voiture,5,2,1,1,2
202400005403,2024-10-20 09:00:00,2024,10,20,9,0,31,31555,RUE LOUIS PLANA,43.613647,1.476349,Plein jour,En agglomération,Hors intersection,Normale,Autre collision,4,-1,2,0,1,1,1,0,1,30,1,2,1,0,1,0,50.0,,voiture,,1,2,1,1,6
202400005404,2024-10-20 09:24:00,2024,10,20,9,24,31,31557,AURIOL (BD VINCENT),43.58796,1.35293,Plein jour,En agglomération,Hors intersection,Normale,Autre collision,7,2,2,3,1,1,1,0,1,50,1,2,1,0,1,0,28.0,,voiture,,1,2,1,1,6
202400005405,2024-10-19 16:20:00,2024,10,19,16,20,30,30007,BELGIQUE (PLACE DE),44.12863,4.07628,Plein jour,En agglomération,Giratoire,Normale,Deux véhicules - frontale,4,2,1,0,1,1,1,9,1,50,2,2,1,0,0,1,48.0,19.0,voiture,voiture,1,2,6,1,1
202400005406,2024-10-20 15:40:00,2024,10,20,15,40,27,27701,RD6015,49.2474,1.18576,Plein jour,En agglomération,Autre intersection,Normale,Trois véhicules et plus - collisions multiples,3,-1,2,0,1,1,1,5,1,50,3,4,1,0,1,2,32.0,39.0,voiture,voiture,1,2,9,1,5
202400005407,2024-10-20 15:51:00,2024,10,20,15,51,27,27229,FOCH (AVENUE DU MARECHAL),49.02389,1.12884,Plein jour,En agglomération,Hors intersection,Normale,Sans collision,4,2,4,0,1,1,1,0,1,50,1,1,0,0,0,1,22.0,,deux_roues,,1,2,1,1,7
202400005408,2024-10-20 05:50:00,2024,10,20,5,50,26,26362,Avenue de Marseille,44.89870728,4.8817277,Nuit avec éclairage allumé,En agglomération,Hors intersection,Normale,Autre collision,3,2,2,0,1,1,1,0,1,50,1,2,1,1,0,0,22.0,,voiture,,5,2,1,1,6
202400005409,2024-10-20 22:32:00,2024,10,20,22,32,22,22215,PONT NOIR (RUE DU),48.48657,-2.83375,Nuit sans éclairage public,Hors agglomération,Hors intersection,Pluie légère,Deux véhicules - côté,3,2,2,0,2,3,2,0,1,80,2,2,1,0,0,1,20.0,61.0,voiture,voiture,3,1,1,2,3
202400005410,2024-10-20 09:53:00,2024,10,20,9,53,19,19031,CHAUMEIL (RUE PIERRE),45.1565,1.50427,Plein jour,En agglomération,Giratoire,Normale,Deux véhicules - côté,4,-1,4,0,1,2,1,5,1,50,2,2,1,0,0,1,26.0,28.0,deux_roues,voiture,1,2,6,1,3
202400005410,2024-10-20 09:53:00,2024,10,20,9,53,19,19031,CHAUMEIL (RUE PIERRE),45.1565,1.50427,Plein jour,En agglomération,Giratoire,Normale,Deux véhicules - côté,4,2,2,0,1,1,1,0,1,50,2,2,1,0,0,1,26.0,28.0,deux_roues,voiture,1,2,6,1,3
202400005411,2024-10-20 19:11:00,2024,10,20,19,11,13,13071,PLAN DE CAMPAGNE (AVE. DE ),43.41396128,5.34479106,Plein jour,Hors agglomération,Hors intersection,Normale,Deux véhicules - côté,7,-1,1,0,1,1,1,0,1,90,2,2,1,0,0,1,18.0,35.0,voiture,deux_roues,1,1,1,1,3
202400005412,2024-10-20 05:05:00,2024,10,20,5,5,13,13103,AVENUE DE LATTRE DE TASSIGNY-RD 17-,43.65634,5.08543,Nuit avec éclairage allumé,En agglomération,Hors intersection,Normale,Autre collision,3,2,2,2,1,2,1,0,3,30,1,2,0,2,0,0,30.0,,utilitaire_camion,,5,2,1,1,6
202400005413,2024-10-20 21:47:00,2024,10,20,21,47,13,13204,CHARTREUX (AVENUE DES),43.30971,5.40067,Nuit avec éclairage allumé,En agglomération,Hors intersection,Normale,Deux véhicules - arrière,4,2,2,0,1,1,1,0,1,50,2,2,1,0,0,1,,25.0,voiture,deux_roues,5,2,1,1,2
202400005414,2024-10-20 19:05:00,2024,10,20,19,5,13,13208,RABATAU (BOULEVARD),43.27342,5.39267,Crépuscule ou aube,En agglomération,Hors intersection,Normale,Deux véhicules - côté,4,2,2,0,1,1,1,0,1,50,1,2,1,0,0,1,22.0,,deux_roues,,2,2,1,1,3
202400005415,2024-10-20 14:30:00,2024,10,20,14,30,13,13206,ROME (RUE DE),43.29212,5.38003,Plein jour,En agglomération,Passage à niveau,Normale,Deux véhicules - côté,4,1,1,0,1,1,1,4,6,50,2,3,1,0,0,2,21.0,52.0,transport_commun,deux_roues,1,2,8,1,3
202400005415,2024-10-20 14:30:00,2024,10,20,14,30,13,13206,ROME (RUE DE),43.29212,5.38003,Plein jour,En agglomération,Passage à niveau,Normale,Deux véhicules - côté,4,2,2,3,1,1,1,4,6,50,2,3,1,0,0,2,21.0,52.0,transport_commun,deux_roues,1,2,8,1,3
202400005416,2024-10-19 20:00:00,2024,10,19,20,0,13,13212,SAINT JULIEN (AVENUE DE ),43.30582,5.4185,Nuit avec éclairage allumé,En agglomération,Hors intersection,Normale,Autre collision,4,2,0,0,1,1,1,0,1,50,1,2,1,0,0,1,31.0,,deux_roues,,5,2,1,1,6
202400005417,2024-10-19 15:55:00,2024,10,19,15,55,13,13209,Boulevard trollat,43.2731871,5.41427228,Plein jour,En agglomération,Hors intersection,Normale,Deux véhicules - côté,4,2,2,0,1,1,1,9,1,50,1,2,1,0,0,1,,,autre,,1,2,1,1,3
202400005418,2024-10-20 19:20:00,2024,10,20,19,20,13,13001,GALICE (RTE DE),43.529,5.436,Nuit avec éclairage allumé,En agglomération,Intersection en X,Normale,Deux véhicules - côté,4,2,2,0,1,1,1,0,1,50,2,2,0,0,0,2,20.0,22.0,voiture,voiture,5,2,2,1,3
202400005418,2024-10-20 19:20:00,2024,10,20,19,20,13,13001,GALICE (RTE DE),43.529,5.436,Nuit avec éclairage allumé,En agglomération,Intersection en X,Normale,Deux véhicules - côté,4,-1,4,0,1,1,1,5,1,50,2,2,0,0,0,2,20.0,22.0,voiture,voiture,5,2,2,1,3
202400005419,2024-10-20 15:45:00,2024,10,20,15,45,07,07281,C.D.533,44.93488194,4.81564917,Plein jour,Hors agglomération,Hors intersection,Normale,Sans collision,3,2,2,0,2,1,1,0,1,90,1,2,0,1,0,1,68.0,,voiture,,1,1,1,1,7
202400005420,2024-10-04 14:50:00,2024,10,4,14,50,05,05061,EYSSAGNIERES ( ROUTE DES ),44.55734653,6.05499566,Plein jour,Hors agglomération,Giratoire,Normale,Deux véhicules - arrière,3,-1,2,0,2,3,1,0,1,50,2,2,1,0,1,0,67.0,61.0,deux_roues,utilitaire_camion,1,1,6,1,2
202400005420,2024-10-04 14:50:00,2024,10,4,14,50,05,05061,EYSSAGNIERES ( ROUTE DES ),44.55734653,6.05499566,Plein jour,Hors agglomération,Giratoire,Normale,Deux véhicules - arrière,3,2,2,0,1,3,1,0,1,50,2,2,1,0,1,0,67.0,61.0,deux_roues,utilitaire_camion,1,1,6,1,2
202400005421,2024-10-09 08:55:00,2024,10,9,8,55,05,05061,Avenue de Veynes,44.55787,6.06875,Plein jour,En agglomération,Giratoire,Temps couvert,Deux véhicules - côté,3,2,2,0,2,1,1,5,1,50,2,2,1,0,0,1,26.0,68.0,deux_roues,voiture,1,2,6,8,3
202400005421,2024-10-09 08:55:00,2024,10,9,8,55,05,05061,Avenue de Veynes,44.55787,6.06875,Plein jour,En agglomération,Giratoire,Temps couvert,Deux véhicules - côté,3,2,4,0,3,1,1,5,1,50,2,2,1,0,0,1,26.0,68.0,deux_roues,voiture,1,2,6,8,3
202400005422,2024-10-19 19:20:00,2024,10,19,19,20,02,02408,31 Rue Eugène Leduc,49.56881,3.63195,Crépuscule ou aube,En agglomération,Intersection en X,Normale,Autre collision,4,1,1,0,2,2,1,0,1,30,1,2,1,0,1,0,36.0,,voiture,,2,2,2,1,6
202400005422,2024-10-19 19:20:00,2024,10,19,19,20,02,02408,31 Rue Eugène Leduc,49.56881,3.63195,Crépuscule ou aube,En agglomération,Intersection en X,Normale,Autre collision,4,2,3,0,1,1,1,0,1,30,1,2,1,0,1,0,36.0,,voiture,,2,2,2,1,6
202400005423,2024-10-20 17:30:00,2024,10,20,17,30,75,75112,BD PERIPHERIQUE INTERIEUR,48.83584454,2.41193354,Plein jour,En agglomération,Intersection en Y,Pluie légère,Trois véhicules et plus - en chaîne,4,1,2,0,1,1,2,0,1,50,3,5,2,0,0,3,56.0,24.0,voiture,voiture,1,2,4,2,4
202400005423,2024-10-20 17:30:00,2024,10,20,17,30,75,75112,BD PERIPHERIQUE INTERIEUR,48.83584454,2.41193354,Plein jour,En agglomération,Intersection en Y,Pluie légère,Trois véhicules et plus - en chaîne,4,1,0,0,2,1,2,0,1,50,3,5,2,0,0,3,56.0,24.0,voiture,voiture,1,2,4,2,4
202400005424,2024-10-19 21:20:00,2024,10,19,21,20,75,75118,BD PERIPHERIQUE EXTERIEUR,48.900819,2.333069,Nuit avec éclairage allumé,En agglomération,Intersection en Y,Normale,Deux véhicules - arrière,4,1,4,0,1,1,2,0,1,50,2,2,1,0,0,1,35.0,25.0,voiture,voiture,5,2,4,1,2
202400005424,2024-10-19 21:20:00,2024,10,19,21,20,75,75118,BD PERIPHERIQUE EXTERIEUR,48.900819,2.333069,Nuit avec éclairage allumé,En agglomération,Intersection en Y,Normale,Deux véhicules - arrière,4,1,1,0,2,1,2,0,1,50,2,2,1,0,0,1,35.0,25.0,voiture,voiture,5,2,4,1,2
202400005425,2024-10-19 16:30:00,2024,10,19,16,30,75,75112,BD PERIPHERIQUE INTERIEUR,48.840464,2.413466,Plein jour,En agglomération,Hors intersection,Normale,Deux véhicules - arrière,4,1,4,0,1,1,1,0,1,50,2,3,2,0,0,1,18.0,25.0,voiture,voiture,1,2,1,1,2
202400005426,2024-10-20 00:05:00,2024,10,20,0,5,75,75120,COURS DE VINCENNES,48.847178,2.411278,Nuit avec éclairage allumé,En agglomération,Intersection en X,Pluie légère,Sans collision,4,1,2,0,1,2,2,0,1,50,2,2,1,0,0,1,,26.0,voiture,deux_roues,5,2,2,2,7
202400005426,2024-10-20 00:05:00,2024,10,20,0,5,75,75120,COURS DE VINCENNES,48.847178,2.411278,Nuit avec éclairage allumé,En agglomération,Intersection en X,Pluie légère,Sans collision,4,1,2,0,1,2,2,0,1,50,2,2,1,0,0,1,,26.0,voiture,deux_roues,5,2,2,2,7
202400005427,2024-10-19 17:55:00,2024,10,19,17,55,75,75119,AVENUE JEAN JAURES,48.885153,2.379431,Plein jour,En agglomération,Intersection en T,Temps couvert,Autre collision,4,1,4,3,1,1,1,0,1,30,1,2,1,0,0,1,19.0,,voiture,,1,2,3,8,6
202400005427,2024-10-19 17:55:00,2024,10,19,17,55,75,75119,AVENUE JEAN JAURES,48.885153,2.379431,Plein jour,En agglomération,Intersection en T,Temps couvert,Autre collision,4,2, -1,3,1,1,1,0,1,30,1,2,1,0,0,1,19.0,,voiture,,1,2,3,8,6
202400005428,2024-10-20 17:30:00,2024,10,20,17,30,75,75116,ALLEE DE LONGCHAMP,48.874942,2.271105,Plein jour,En agglomération,Intersection en X,Normale,Deux véhicules - côté,4,2,4,0,1,1,1,0,1,50,2,3,2,0,0,1,33.0,37.0,deux_roues,deux_roues,1,2,2,1,3
202400005428,2024-10-20 17:30:00,2024,10,20,17,30,75,75116,ALLEE DE LONGCHAMP,48.874942,2.271105,Plein jour,En agglomération,Intersection en X,Normale,Deux véhicules - côté,4,2,2,0,1,1,1,0,1,30,2,3,2,0,0,1,33.0,37.0,deux_roues,deux_roues,1,2,2,1,3
202400005429,2024-10-20 15:40:00,2024,10,20,15,40,75,75115,BOULEVARD PASTEUR,48.844923,2.311768,Plein jour,En agglomération,Hors intersection,Normale,Deux véhicules - côté,4,1,2,1,1,1,1,0,1,30,2,2,1,0,0,1,50.0,43.0,utilitaire_camion,deux_roues,1,2,1,1,3
202400005430,2024-10-20 02:45:00,2024,10,20,2,45,75,75115,BOULEVARD DU MONTPARNASSE,48.845012,2.319967,Nuit avec éclairage allumé,En agglomération,Intersection en Y,Normale,Deux véhicules - côté,4,-1,2,0,1,1,1,0,1,30,2,2,1,0,0,1,21.0,69.0,deux_roues,voiture,5,2,4,1,3
202400005430,2024-10-20 02:45:00,2024,10,20,2,45,75,75115,BOULEVARD DU MONTPARNASSE,48.845012,2.319967,Nuit avec éclairage allumé,En agglomération,Intersection en Y,Normale,Deux véhicules - côté,4,1, -1,-1,1,1,1,0,1,30,2,2,1,0,0,1,21.0,69.0,deux_roues,voiture,5,2,4,1,3
202400005431,2024-10-20 00:55:00,2024,10,20,0,55,75,75113,RUE DE TOLBIAC,48.82732973,2.36905852,Nuit avec éclairage allumé,En agglomération,Intersection en Y,Temps éblouissant,Autre collision,4,1, -1,-1,1,1,1,0,8,30,1,2,1,0,0,1,43.0,,deux_roues,,5,2,4,7,6
202400005431,2024-10-20 00:55:00,2024,10,20,0,55,75,75113,RUE DE TOLBIAC,48.82732973,2.36905852,Nuit avec éclairage allumé,En agglomération,Intersection en Y,Temps éblouissant,Autre collision,4,2,3,3,1,1,1,0,8,30,1,2,1,0,0,1,43.0,,deux_roues,,5,2,4,7,6
202400005432,2024-10-20 00:42:00,2024,10,20,0,42,75,75110,RUE DU FAUBOURG POISSONNIERE,48.872445,2.34797,Nuit avec éclairage allumé,En agglomération,Intersection en T,Normale,Autre collision,4,1, -1,-1,1,1,2,0,1,30,1,2,1,0,0,1,,,voiture,,5,2,3,1,6
202400005432,2024-10-20 00:42:00,2024,10,20,0,42,75,75110,RUE DU FAUBOURG POISSONNIERE,48.872445,2.34797,Nuit avec éclairage allumé,En agglomération,Intersection en T,Normale,Autre collision,4,1,2,3,1,1,2,0,1,30,1,2,1,0,0,1,,,voiture,,5,2,3,1,6
202400005433,2024-03-19 19:05:00,2024,3,19,19,5,47,47060,2386 Route de Saint Sixte,44.123091,0.763854,Crépuscule ou aube,Hors agglomération,Hors intersection,Normale,Autre collision,4,2,2,0,1,1,1,0,1,80,1,2,1,0,1,0,52.0,,voiture,,2,1,1,1,6
202400005434,2024-03-21 20:50:00,2024,3,21,20,50,08,08115,D977,49.62444308,4.85854101,Nuit sans éclairage public,Hors agglomération,Hors intersection,Normale,Autre collision,3,2,2,0,1,1,1,0,3,80,1,1,0,1,0,0,36.0,,voiture,,3,1,1,1,6
202400005435,2024-03-22 08:30:00,2024,3,22,8,30,73,73269,D921C / D41,45.680535,5.790278,Plein jour,Hors agglomération,Intersection en X,Normale,Deux véhicules - côté,3,2,2,0,1,1,1,0,1,80,2,2,1,0,0,1,60.0,22.0,utilitaire_camion,voiture,1,1,2,1,3
202400005435,2024-03-22 08:30:00,2024,3,22,8,30,73,73269,D921C / D41,45.680535,5.790278,Plein jour,Hors agglomération,Intersection en X,Normale,Deux véhicules - côté,3,2,2,0,2,1,1,0,1,80,2,2,1,0,0,1,60.0,22.0,utilitaire_camion,voiture,1,1,2,1,3
202400005436,2024-03-20 14:30:00,2024,3,20,14,30,43,43033,D20,45.314597,3.209848,Plein jour,Hors agglomération,Hors intersection,Normale,Trois véhicules et plus - collisions multiples,3,2,2,0,2,3,1,0,1,80,3,3,1,0,1,1,71.0,52.0,voiture,deux_roues,1,1,1,1,5
202400005437,2024-03-20 21:12:00,2024,3,20,21,12,45,45247,D94 PR 3 + 999,48.010439,2.693158,Nuit avec éclairage allumé,En agglomération,Intersection en T,Normale,Deux véhicules - côté,3,2,2,0,1,1,1,0,1,30,2,2,1,0,1,0,58.0,25.0,deux_roues,voiture,5,2,3,1,3
202400005437,2024-03-20 21:12:00,2024,3,20,21,12,45,45247,D94 PR 3 + 999,48.010439,2.693158,Nuit avec éclairage allumé,En agglomération,Intersection en T,Normale,Deux véhicules - côté,3,2,2,0,1,3,1,0,1,50,2,2,1,0,1,0,58.0,25.0,deux_roues,voiture,5,2,3,1,3