accident_id,datetime,annee,mois,jour,heure,minute,departement,commune_insee,adresse,latitude,longitude,luminosite,agglomeration,intersection,meteo,collision,catr,circ,nbv,vosp,prof,plan,surf,infra,situ,vma,nb_vehicules,nb_usagers,nb_indemnes,nb_tues,nb_blesses_hosp,nb_blesses_legers,age_cond_1,age_cond_2,veh_type_cond_1,veh_type_cond_2,lum_code,agg_code,int_code,atm_code,col_code
202400005438,2024-03-22 11:15:00,2024,3,22,11,15,18,18272,,47.273646,2.740048,Plein jour,Hors agglomération,Hors intersection,Normale,Deux véhicules - frontale,3,2,2,0,1,1,1,0,1,90,2,2,1,1,0,0,49.0,65.0,utilitaire_camion,voiture,1,1,1,1,1
202400005439,2024-03-22 14:00:00,2024,3,22,14,0,84,84116,Route de Nyons,44.258343,5.097319,Plein jour,En agglomération,Hors intersection,Normale,Deux véhicules - arrière,3,2,2,0,1,1,1,0,1,50,2,2,0,0,0,2,72.0,38.0,voiture,utilitaire_camion,1,2,1,1,2
202400005440,2024-03-22 15:30:00,2024,3,22,15,30,81,81238,89 Avenue de la Méditerranée,43.478471,2.486435,Plein jour,En agglomération,Intersection en T,Normale,Deux véhicules - arrière,3,2,2,0,1,1,1,0,1,50,2,2,1,0,0,1,15.0,64.0,deux_roues,voiture,1,2,3,1,2
202400005440,2024-03-22 15:30:00,2024,3,22,15,30,81,81238,89 Avenue de la Méditerranée,43.478471,2.486435,Plein jour,En agglomération,Intersection en T,Normale,Deux véhicules - arrière,3,2, -1,-1,1,1,1,5,1,50,2,2,1,0,0,1,15.0,64.0,deux_roues,voiture,1,2,3,1,2
202400005441,2024-03-18 16:45:00,2024,3,18,16,45,11,11203,Avenue Marechal Joffre,43.19883,2.758293,Plein jour,En agglomération,Hors intersection,Normale,Deux véhicules - côté,4,2,2,0,1,1,1,0,1,50,2,2,1,0,1,0,25.0,74.0,voiture,deux_roues,1,2,1,1,3
202400005442,2024-03-21 15:40:00,2024,3,21,15,40,86,86198,Route de Chauvigny,46.542561,0.589593,Plein jour,Hors agglomération,Hors intersection,Normale,Sans collision,3,2,2,0,1,1,1,0,3,80,1,1,0,0,0,1,43.0,,deux_roues,,1,1,1,1,7
202400005443,2024-03-22 01:40:00,2024,3,22,1,40,35,35063,A84 PK125.000,48.31780661,-1.33057533,Nuit sans éclairage public,Hors agglomération,Hors intersection,Brouillard / fumée,Deux véhicules - arrière,1,1,1,0,2,3,1,3,1,130,2,2,1,0,0,1,31.0,33.0,voiture,utilitaire_camion,3,1,1,5,2
202400005444,2024-03-21 09:37:00,2024,3,21,9,37,06,06064,Route de la Manda,43.769048,7.180188,Plein jour,Hors agglomération,Hors intersection,Normale,Deux véhicules - frontale,7,2,2,0,2,4,1,0,1,-1,2,2,1,0,0,1,53.0,53.0,utilitaire_camion,deux_roues,1,1,1,1,1
202400005445,2024-03-21 15:30:00,2024,3,21,15,30,83,83116,Dn7,43.458659,5.835607,Plein jour,Hors agglomération,Intersection en T,Normale,Deux véhicules - frontale,3,2,2,0,2,1,1,0,1,90,2,2,0,0,2,0,55.0,58.0,voiture,voiture,1,1,3,1,1
202400005445,2024-03-21 15:30:00,2024,3,21,15,30,83,83116,Dn7,43.458659,5.835607,Plein jour,Hors agglomération,Intersection en T,Normale,Deux véhicules - frontale,3,2, -1,-1,1,1,1,0,1,-1,2,2,0,0,2,0,55.0,58.0,voiture,voiture,1,1,3,1,1
202400005446,2024-03-22 06:33:00,2024,3,22,6,33,95,95660,D909,49.07489794,2.3469528,Crépuscule ou aube,Hors agglomération,Hors intersection,Normale,Deux véhicules - côté,3,2,2,0,1,1,1,5,1,80,2,2,1,0,1,0,54.0,48.0,voiture,utilitaire_camion,2,1,1,1,3
202400005447,2024-03-21 09:15:00,2024,3,21,9,15,51,51247,D343,48.868625,3.848546,Plein jour,Hors agglomération,Intersection en X,Normale,Deux véhicules - frontale,3,2,2,0,1,1,1,0,1,50,2,4,3,0,0,1,31.0,79.0,voiture,voiture,1,1,2,1,1
202400005447,2024-03-21 09:15:00,2024,3,21,9,15,51,51247,D343,48.868625,3.848546,Plein jour,Hors agglomération,Intersection en X,Normale,Deux véhicules - frontale,3,2,2,0,1,1,1,0,1,50,2,4,3,0,0,1,31.0,79.0,voiture,voiture,1,1,2,1,1
202400005448,2024-03-21 08:00:00,2024,3,21,8,0,51,51149,RN 44,48.9016,4.447703,Plein jour,Hors agglomération,Hors intersection,Normale,Trois véhicules et plus - en chaîne,2,3,2,0,1,1,1,0,1,110,5,5,3,0,1,1,65.0,42.0,voiture,utilitaire_camion,1,1,1,1,4
202400005449,2024-03-21 16:30:00,2024,3,21,16,30,76,76689,Route Departementale 926,49.70380204,0.50578013,Plein jour,Hors agglomération,Giratoire,Normale,Trois véhicules et plus - en chaîne,3,2,3,0,1,1,1,0,1,80,3,3,2,0,1,0,64.0,49.0,voiture,voiture,1,1,6,1,4
202400005450,2024-03-21 18:00:00,2024,3,21,18,0,80,80500,D48,50.016281,1.576163,Plein jour,Hors agglomération,Intersection en X,Normale,Deux véhicules - frontale,3,2,2,0,1,1,1,0,1,80,2,2,1,0,0,1,41.0,31.0,voiture,utilitaire_camion,1,1,2,1,1
202400005450,2024-03-21 18:00:00,2024,3,21,18,0,80,80500,D48,50.016281,1.576163,Plein jour,Hors agglomération,Intersection en X,Normale,Deux véhicules - frontale,3,2,2,-1,1,1,1,0,1,-1,2,2,1,0,0,1,41.0,31.0,voiture,utilitaire_camion,1,1,2,1,1
202400005451,2024-03-22 01:30:00,2024,3,22,1,30,80,80622,D121,49.925274,2.142602,Nuit sans éclairage public,Hors agglomération,Hors intersection,Normale,Sans collision,3,2,2,0,2,3,1,0,3,80,1,1,0,1,0,0,31.0,,deux_roues,,3,1,1,1,7
202400005452,2024-03-21 11:48:00,2024,3,21,11,48,11,11094,,43.035207,2.415147,Plein jour,Hors agglomération,Hors intersection,Normale,Autre collision,3,2,1,0,1,1,1,0,1,80,1,1,0,0,1,0,53.0,,utilitaire_camion,,1,1,1,1,6
202400005453,2024-03-21 16:30:00,2024,3,21,16,30,89,89418,Les Terres de Soulangy,47.850636,4.038935,Plein jour,Hors agglomération,Hors intersection,Normale,Autre collision,3,2,2,0,1,2,1,0,3,90,1,1,0,0,1,0,26.0,,deux_roues,,1,1,1,1,6
202400005454,2024-03-21 07:00:00,2024,3,21,7,0,63,63453,RD2089 Jacques Duclos/RDZAC du Gros chêne,45.786275,3.280626,Plein jour,En agglomération,Giratoire,Normale,Deux véhicules - côté,3,1,1,0,1,1,1,5,1,50,2,2,1,0,0,1,17.0,39.0,deux_roues,utilitaire_camion,1,2,6,1,3
202400005454,2024-03-21 07:00:00,2024,3,21,7,0,63,63453,RD2089 Jacques Duclos/RDZAC du Gros chêne,45.786275,3.280626,Plein jour,En agglomération,Giratoire,Normale,Deux véhicules - côté,3,2,2,-1,1,1,-1,0,1,10,2,2,1,0,0,1,17.0,39.0,deux_roues,utilitaire_camion,1,2,6,1,3
202400005455,2024-03-21 09:35:00,2024,3,21,9,35,61,61332,D924,48.703579,-0.346627,Plein jour,Hors agglomération,Intersection en T,Brouillard / fumée,Trois véhicules et plus - en chaîne,3,2,2,0,2,1,1,0,1,90,3,3,2,0,0,1,74.0,60.0,voiture,voiture,1,1,3,5,4
202400005455,2024-03-21 09:35:00,2024,3,21,9,35,61,61332,D924,48.703579,-0.346627,Plein jour,Hors agglomération,Intersection en T,Brouillard / fumée,Trois véhicules et plus - en chaîne,3,2,2,0,1,1,1,0,1,80,3,3,2,0,0,1,74.0,60.0,voiture,voiture,1,1,3,5,4
202400005456,2024-03-22 05:35:00,2024,3,22,5,35,61,61508,D16 PR55+940,48.935567,0.208375,Nuit sans éclairage public,Hors agglomération,Hors intersection,Brouillard / fumée,Autre collision,3,2,2,0,2,1,2,0,3,90,1,1,0,0,0,1,35.0,,voiture,,3,1,1,5,6
202400005457,2024-03-19 15:25:00,2024,3,19,15,25,46,46293,Chemin des Granges,44.883949,1.565241,Plein jour,Hors agglomération,Hors intersection,Normale,Autre collision,3,2,2,0,2,3,1,0,8,50,1,1,0,0,1,0,78.0,,voiture,,1,1,1,1,6
202400005458,2024-03-22 07:30:00,2024,3,22,7,30,25,25527,Rue du Creux du Loup,47.183595,5.812181,Plein jour,En agglomération,Intersection en X,Normale,Deux véhicules - côté,3,2,2,0,1,1,1,0,1,50,2,3,0,0,3,0,21.0,40.0,voiture,voiture,1,2,2,1,3
202400005458,2024-03-22 07:30:00,2024,3,22,7,30,25,25527,Rue du Creux du Loup,47.183595,5.812181,Plein jour,En agglomération,Intersection en X,Normale,Deux véhicules - côté,3,2, -1,-1,4,1,1,5,1,-1,2,3,0,0,3,0,21.0,40.0,voiture,voiture,1,2,2,1,3
202400005459,2024-03-21 14:00:00,2024,3,21,14,0,25,25612,RD 14,47.340335,6.081104,Plein jour,Hors agglomération,Hors intersection,Normale,Autre collision,3,2,2,0,2,1,1,0,1,80,1,1,0,0,1,0,68.0,,deux_roues,,1,1,1,1,6
202400005460,2024-03-18 18:25:00,2024,3,18,18,25,31,31311,Route des Vins,43.81675787,1.52794257,Crépuscule ou aube,Hors agglomération,Hors intersection,Normale,Deux véhicules - frontale,3,2,2,0,1,1,1,5,1,50,2,2,0,0,1,1,41.0,20.0,voiture,deux_roues,2,1,1,1,1
202400005461,2024-03-21 18:00:00,2024,3,21,18,0,84,84050,1729 D207,43.883078,5.189012,Plein jour,Hors agglomération,Hors intersection,Normale,Deux véhicules - frontale,3,2,2,0,1,1,1,0,1,80,2,4,0,0,0,4,21.0,36.0,voiture,utilitaire_camion,1,1,1,1,1
202400005462,2024-03-20 17:00:00,2024,3,20,17,0,03,03304,RD 27 intersection rue de CHAMPOUX,46.166989,3.336244,Plein jour,En agglomération,Intersection en T,Normale,Deux véhicules - frontale,3,2,2,0,2,1,1,0,1,50,2,2,1,0,0,1,41.0,38.0,deux_roues,voiture,1,2,3,1,1
202400005462,2024-03-20 17:00:00,2024,3,20,17,0,03,03304,RD 27 intersection rue de CHAMPOUX,46.166989,3.336244,Plein jour,En agglomération,Intersection en T,Normale,Deux véhicules - frontale,3,2, -1,-1,1,1,1,0,1,90,2,2,1,0,0,1,41.0,38.0,deux_roues,voiture,1,2,3,1,1
202400005463,2024-03-22 15:50:00,2024,3,22,15,50,15,15265,RD 922,45.330497,2.428008,Plein jour,Hors agglomération,Intersection en X,Normale,Deux véhicules - frontale,3,2,2,0,4,1,1,0,1,90,2,2,1,0,1,0,44.0,63.0,voiture,deux_roues,1,1,2,1,1
202400005463,2024-03-22 15:50:00,2024,3,22,15,50,15,15265,RD 922,45.330497,2.428008,Plein jour,Hors agglomération,Intersection en X,Normale,Deux véhicules - frontale,3,2,2,0,3,2,1,0,1,90,2,2,1,0,1,0,44.0,63.0,voiture,deux_roues,1,1,2,1,1
202400005464,2024-03-21 13:00:00,2024,3,21,13,0,58,58229,D20,47.422135,3.883356,Plein jour,Hors agglomération,Hors intersection,Normale,Sans collision,3,2,2,0,1,1,1,0,1,-1,1,1,0,1,0,0,67.0,,deux_roues,,1,1,1,1,7
202400005465,2024-03-22 05:20:00,2024,3,22,5,20,14,14161,426 Route de Dives,49.223259,0.11909,Nuit sans éclairage public,Hors agglomération,Hors intersection,Normale,Deux véhicules - frontale,3,2,2,0,1,1,1,0,1,90,2,3,0,2,0,1,48.0,21.0,utilitaire_camion,voiture,3,1,1,1,1
202400005466,2024-03-21 08:15:00,2024,3,21,8,15,14,14716,Route des Vallées,49.180311,-0.716273,Crépuscule ou aube,Hors agglomération,Hors intersection,Brouillard / fumée,Deux véhicules - frontale,3,2,2,0,1,1,1,0,1,80,2,3,2,0,0,1,23.0,52.0,utilitaire_camion,voiture,2,1,1,5,1
202400005467,2024-03-20 12:30:00,2024,3,20,12,30,43,43137,45 Avenue de la Libération,45.289813,4.170114,Plein jour,En agglomération,Autre intersection,Normale,Deux véhicules - côté,4,2,3,0,1,1,1,0,1,50,2,2,1,0,1,0,54.0,16.0,voiture,deux_roues,1,2,9,1,3
202400005468,2024-03-22 14:21:00,2024,3,22,14,21,10,10323,Rue du Maréchal Lyautey,48.504258,3.735157,Plein jour,En agglomération,Hors intersection,Normale,Deux véhicules - côté,4,2,2,0,1,1,1,0,1,50,2,3,2,0,0,1,69.0,51.0,autre,voiture,1,2,1,1,3
202400005469,2024-03-22 19:50:00,2024,3,22,19,50,36,36226,Les Loges des Bois,46.60362834,1.8650213,Nuit sans éclairage public,Hors agglomération,Hors intersection,Normale,Autre collision,3,2,2,0,2,2,1,0,3,80,1,1,0,1,0,0,54.0,,deux_roues,,3,1,1,1,6
202400005470,2024-03-21 23:00:00,2024,3,21,23,0,07,07337,route de talentieux,45.233902,4.721079,Nuit sans éclairage public,Hors agglomération,Hors intersection,Normale,Autre collision,3,2,2,0,1,2,1,0,3,70,1,2,0,0,1,1,22.0,,voiture,,3,1,1,1,6
202400005471,2024-03-01 13:16:00,2024,3,1,13,16,04,04209,Avenue du Jabron,44.186201,5.939701,Plein jour,En agglomération,Giratoire,Normale,Deux véhicules - côté,3,2,2,0,1,1,1,0,1,-1,2,2,1,0,1,0,72.0,17.0,voiture,deux_roues,1,2,6,1,3
202400005472,2024-03-21 16:00:00,2024,3,21,16,0,04,04022,RN85,43.9604642,6.34397569,Plein jour,Hors agglomération,Hors intersection,Normale,Autre collision,2,2,2,0,1,2,1,0,3,80,1,1,0,0,1,0,56.0,,voiture,,1,1,1,1,6
202400005473,2024-03-22 16:28:00,2024,3,22,16,28,27,27463,D438,49.126719,0.636263,Plein jour,Hors agglomération,Hors intersection,Normale,Deux véhicules - frontale,3,2,2,0,3,1,1,0,1,80,2,3,1,2,0,0,76.0,50.0,voiture,utilitaire_camion,1,1,1,1,1
202400005474,2024-03-22 17:15:00,2024,3,22,17,15,87,87187,Route du Pont des Farges,45.559865,1.190547,Plein jour,Hors agglomération,Hors intersection,Normale,Deux véhicules - frontale,4,-1,2,0,2,1,1,0,1,90,2,3,0,0,1,2,74.0,33.0,voiture,voiture,1,1,1,1,1
202400005475,2024-03-22 10:15:00,2024,3,22,10,15,08,08251,,49.748762,4.452027,Plein jour,Hors agglomération,Hors intersection,Normale,Deux véhicules - frontale,3,2,2,0,2,3,1,0,1,80,2,2,1,1,0,0,42.0,32.0,voiture,utilitaire_camion,1,1,1,1,1
202400005476,2024-03-21 17:15:00,2024,3,21,17,15,35,35206,la Boisardière,48.04104664,-1.62531611,Plein jour,Hors agglomération,Hors intersection,Normale,Trois véhicules et plus - collisions multiples,7,2,2,0,2,2,1,0,1,80,4,4,1,1,2,0,61.0,38.0,deux_roues,deux_roues,1,1,1,1,5
202400005477,2024-03-21 20:10:00,2024,3,21,20,10,69,69244,101 Avenue Charles de Gaulle,45.763062,4.780431,Nuit avec éclairage non allumé,En agglomération,Intersection en X,Normale,Autre collision,4,2,2,0,1,1,1,6,1,50,1,3,2,0,0,1,77.0,,voiture,,4,2,2,1,6
202400005477,2024-03-21 20:10:00,2024,3,21,20,10,69,69244,101 Avenue Charles de Gaulle,45.763062,4.780431,Nuit avec éclairage non allumé,En agglomération,Intersection en X,Normale,Autre collision,4,2,2,0,1,3,1,0,1,30,1,3,2,0,0,1,77.0,,voiture,,4,2,2,1,6
202400005478,2024-03-20 22:03:00,2024,3,20,22,3,01,01089,A42 PK 041+000 sens LYON/GENÈVE,45.967185,5.307679,Nuit sans éclairage public,Hors agglomération,Hors intersection,Normale,Deux véhicules - arrière,1,3,2,0,1,1,1,0,1,130,2,2,1,0,0,1,32.0,36.0,voiture,utilitaire_camion,3,1,1,1,2
202400005479,2024-03-21 08:00:00,2024,3,21,8,0,42,42255,Route de Planchetorse,45.891726,3.863293,Plein jour,Hors agglomération,Hors intersection,Normale,Autre collision,3,2,2,0,1,3,1,0,3,80,1,1,0,1,0,0,54.0,,utilitaire_camion,,1,1,1,1,6
202400005480,2024-02-08 09:30:00,2024,2,8,9,30,69,69097,Route départementale 28E2,45.50788916,4.72241892,Plein jour,Hors agglomération,Hors intersection,Normale,Deux véhicules - frontale,3,2,2,0,2,2,2,0,1,70,2,2,1,0,1,0,59.0,41.0,voiture,voiture,1,1,1,1,1
202400005481,2024-03-17 06:30:00,2024,3,17,6,30,971,97115,Bréfort,16.264159,-61.644539,Crépuscule ou aube,Hors agglomération,Hors intersection,Normale,Deux véhicules - frontale,2,2,2,0,2,1,1,0,1,90,2,3,0,0,3,0,73.0,26.0,voiture,voiture,2,1,1,1,1
202400005482,2024-03-22 16:10:00,2024,3,22,16,10,33,33085,,44.774834,-0.492454,Plein jour,Hors agglomération,Hors intersection,Normale,Deux véhicules - frontale,4,2,2,0,1,1,1,0,1,50,2,2,1,0,1,0,66.0,65.0,deux_roues,deux_roues,1,1,1,1,1
202400005483,2024-03-21 17:35:00,2024,3,21,17,35,77,77329,Rue des Arches,48.259209,2.81139,Plein jour,En agglomération,Intersection en T,Temps éblouissant,Deux véhicules - côté,3,2,2,0,1,1,1,0,1,70,2,2,1,0,1,0,40.0,63.0,deux_roues,voiture,1,2,3,7,3
202400005483,2024-03-21 17:35:00,2024,3,21,17,35,77,77329,Rue des Arches,48.259209,2.81139,Plein jour,En agglomération,Intersection en T,Temps éblouissant,Deux véhicules - côté,3,2,2,0,1,1,1,0,1,70,2,2,1,0,1,0,40.0,63.0,deux_roues,voiture,1,2,3,7,3
202400005484,2024-03-21 18:10:00,2024,3,21,18,10,13,13027,rond point route d'avignon D34,43.894313,4.822494,Plein jour,Hors agglomération,Giratoire,Normale,Deux véhicules - côté,3,2,2,0,1,1,1,0,1,80,2,2,1,0,0,1,59.0,56.0,voiture,deux_roues,1,1,6,1,3
202400005485,2024-03-22 15:20:00,2024,3,22,15,20,42,42165,Route de Feurs,45.779919,4.324391,Plein jour,Hors agglomération,Hors intersection,Normale,Deux véhicules - frontale,3,2,2,0,1,1,1,0,1,80,2,3,0,0,2,1,19.0,80.0,voiture,voiture,1,1,1,1,1
202400005486,2024-03-22 17:45:00,2024,3,22,17,45,42,42107,Route des Limites,45.543047,3.947219,Crépuscule ou aube,Hors agglomération,Hors intersection,Temps éblouissant,Deux véhicules - frontale,3,2,2,0,3,1,1,0,1,80,2,2,0,1,0,1,66.0,62.0,voiture,deux_roues,2,1,1,7,1
202400005487,2024-03-21 17:00:00,2024,3,21,17,0,38,38449,Boulevard de Tharabie,45.649801,5.100199,Plein jour,En agglomération,Hors intersection,Normale,Autre collision,3,3,0,0,1,1,1,0,1,70,1,2,1,1,0,0,20.0,,voiture,,1,2,1,1,6
202400005488,2024-03-20 08:00:00,2024,3,20,8,0,01,01027,D84c,45.834694,5.083569,Plein jour,Hors agglomération,Intersection en T,Normale,Deux véhicules - côté,3,2,2,0,1,1,1,0,1,80,2,2,1,0,1,0,85.0,45.0,utilitaire_camion,deux_roues,1,1,3,1,3
202400005488,2024-03-20 08:00:00,2024,3,20,8,0,01,01027,D84c,45.834694,5.083569,Plein jour,Hors agglomération,Intersection en T,Normale,Deux véhicules - côté,3,2, -1,-1,1,1,1,0,1,-1,2,2,1,0,1,0,85.0,45.0,utilitaire_camion,deux_roues,1,1,3,1,3
202400005489,2024-03-21 14:45:00,2024,3,21,14,45,64,64230,D24,43.227858,-0.434593,Plein jour,Hors agglomération,Hors intersection,Normale,Sans collision,3,2,2,0,2,2,1,0,1,80,1,1,0,0,1,0,52.0,,deux_roues,,1,1,1,1,7
202400005490,2024-03-22 20:15:00,2024,3,22,20,15,33,33517,,45.056023,-0.707771,Nuit sans éclairage public,Hors agglomération,Hors intersection,Normale,Autre collision,3,2,2,0,3,1,1,0,3,80,1,1,0,0,1,0,56.0,,voiture,,3,1,1,1,6
202400005491,2024-03-22 15:15:00,2024,3,22,15,15,33,33256,,44.977292,-0.605149,Plein jour,En agglomération,Hors intersection,Normale,Sans collision,3,2,2,0,1,1,1,0,1,50,1,1,0,0,1,0,55.0,,deux_roues,,1,2,1,1,7
202400005492,2024-03-22 13:15:00,2024,3,22,13,15,22,22277,Les Bruyères,48.405681,-2.872689,Plein jour,Hors agglomération,Intersection en X,Normale,Deux véhicules - côté,3,1,2,0,1,1,1,0,1,80,2,2,1,1,0,0,63.0,62.0,voiture,utilitaire_camion,1,1,2,1,3
202400005492,2024-03-22 13:15:00,2024,3,22,13,15,22,22277,Les Bruyères,48.405681,-2.872689,Plein jour,Hors agglomération,Intersection en X,Normale,Deux véhicules - côté,3,2,2,0,1,1,1,0,1,80,2,2,1,1,0,0,63.0,62.0,voiture,utilitaire_camion,1,1,2,1,3
202400005493,2024-03-22 01:35:00,2024,3,22,1,35,60,60134,Rue du Bout du Monde,49.311841,2.424127,Nuit sans éclairage public,Hors agglomération,Hors intersection,Normale,Sans collision,4,2,2,0,2,4,1,0,8,80,1,2,1,0,0,1,32.0,,voiture,,3,1,1,1,7
202400005494,2024-03-22 12:00:00,2024,3,22,12,0,59,59036,Rue de France,50.121257,3.933401,Plein jour,En agglomération,Hors intersection,Normale,Deux véhicules - arrière,4,2,2,0,1,2,1,0,1,50,1,3,1,1,1,0,53.0,,utilitaire_camion,,1,2,1,1,2
202400005495,2024-03-21 18:00:00,2024,3,21,18,0,13,13028,A50,43.2078059,5.6161685,Plein jour,Hors agglomération,Hors intersection,Normale,Deux véhicules - côté,1,3,6,0,1,1,1,0,1,130,2,2,1,0,0,1,47.0,28.0,voiture,voiture,1,1,1,1,3
202400005496,2024-03-20 09:00:00,2024,3,20,9,0,67,67124,M35,48.52181,7.63491,Plein jour,Hors agglomération,Hors intersection,Normale,Deux véhicules - côté,7,1,2,0,1,1,1,0,1,110,2,2,0,0,0,2,57.0,36.0,voiture,voiture,1,1,1,1,3
202400005497,2024-03-21 16:05:00,2024,3,21,16,5,33,33090,,44.7707,-0.6609,Plein jour,Hors agglomération,Hors intersection,Normale,Deux véhicules - côté,1,3,4,0,1,1,1,3,1,90,2,2,1,0,0,1,53.0,44.0,deux_roues,utilitaire_camion,1,1,1,1,3
202400005498,2024-03-21 06:50:00,2024,3,21,6,50,33,33162,,44.85906,-0.66149,Crépuscule ou aube,Hors agglomération,Hors intersection,Normale,Autre collision,1,1,1,0,1,3,1,3,1,50,1,1,0,0,0,1,58.0,,deux_roues,,2,1,1,1,6
202400005499,2024-03-18 10:30:00,2024,3,18,10,30,59,59179,AUTOROUTE A2,50.29766095,3.36698567,Plein jour,Hors agglomération,Hors intersection,Normale,Autre collision,1,3,4,0,1,1,1,0,1,130,1,2,1,1,0,0,64.0,,utilitaire_camion,,1,1,1,1,6
202400005500,2024-03-21 17:30:00,2024,3,21,17,30,91,91617,RN 104,48.631759,2.520932,Plein jour,Hors agglomération,Hors intersection,Normale,Deux véhicules - arrière,2,-1,2,0,1,1,1,0,1,90,2,2,1,0,0,1,45.0,27.0,utilitaire_camion,utilitaire_camion,1,1,1,1,2
202400005501,2024-03-21 17:00:00,2024,3,21,17,0,92,92060,RN 385 Extèrieure,48.77324523,2.24198907,Plein jour,Hors agglomération,Hors intersection,Normale,Trois véhicules et plus - en chaîne,2,3,2,0,1,1,1,0,1,110,3,3,2,0,0,1,33.0,35.0,utilitaire_camion,voiture,1,1,1,1,4
202400005502,2024-03-21 12:40:00,2024,3,21,12,40,91,91228,RN 104,48.624808,2.417792,Plein jour,Hors agglomération,Hors intersection,Normale,Deux véhicules - arrière,2,1,2,0,1,1,1,0,1,90,2,2,1,0,0,1,58.0,33.0,voiture,voiture,1,1,1,1,2
202400005503,2024-03-21 06:10:00,2024,3,21,6,10,91,91521,RN 104,48.62633,2.39777,Crépuscule ou aube,Hors agglomération,Hors intersection,Normale,Sans collision,2,1,2,0,1,3,1,0,1,70,1,2,1,0,0,1,46.0,,voiture,,2,1,1,1,7
202400005504,2024-03-21 16:45:00,2024,3,21,16,45,92,92036,A86,48.935952,2.28705609,Plein jour,Hors agglomération,Hors intersection,Temps éblouissant,Trois véhicules et plus - collisions multiples,1,3,2,0,1,1,1,0,1,90,4,4,3,0,0,1,34.0,51.0,voiture,deux_roues,1,1,1,7,5
202400005505,2024-03-21 20:05:00,2024,3,21,20,5,95,95500,A15,49.03816574,2.08861975,Nuit sans éclairage public,Hors agglomération,Hors intersection,Normale,Deux véhicules - arrière,1,3,4,0,1,1,1,0,1,90,2,2,0,0,0,2,47.0,44.0,voiture,utilitaire_camion,3,1,1,1,2
202400005506,2024-03-21 08:15:00,2024,3,21,8,15,95,95018,A15,48.959158,2.27298835,Plein jour,Hors agglomération,Hors intersection,Normale,Deux véhicules - arrière,1,3,4,0,1,1,1,0,1,90,2,2,1,0,0,1,27.0,45.0,voiture,voiture,1,1,1,1,2
202400005507,2024-03-21 02:50:00,2024,3,21,2,50,93,93027,A16,48.92610771,2.40185402,Nuit avec éclairage non allumé,Hors agglomération,Hors intersection,Normale,Autre collision,1,1,3,0,2,2,1,3,1,50,1,2,0,0,0,2,26.0,,voiture,,4,1,1,1,6
202400005508,2024-03-20 08:00:00,2024,3,20,8,0,93,93053,A3,48.89292727,2.47244859,Plein jour,Hors agglomération,Hors intersection,Normale,Autre collision,1,3,5,0,1,1,1,0,1,90,1,1,0,0,0,1,48.0,,deux_roues,,1,1,1,1,6
202400005509,2024-03-20 09:00:00,2024,3,20,9,0,93,93066,A1,48.92985457,2.36307976,Plein jour,Hors agglomération,Hors intersection,Normale,Trois véhicules et plus - collisions multiples,1,1,4,0,1,1,1,0,1,50,3,4,1,0,0,3,28.0,25.0,deux_roues,deux_roues,1,1,1,1,5
202400005510,2024-03-21 18:30:00,2024,3,21,18,30,94,94004,34 Avenue du Général Leclerc,48.749097,2.508562,Nuit sans éclairage public,Hors agglomération,Hors intersection,Normale,Autre collision,4,-1,3,0,1,3,1,1,1,90,1,1,0,0,0,1,22.0,,deux_roues,,3,1,1,1,6
202400005511,2024-03-21 19:25:00,2024,3,21,19,25,94,94022,A86,48.77637562,2.42140187,Crépuscule ou aube,Hors agglomération,Hors intersection,Normale,Trois véhicules et plus - collisions multiples,1,1,3,0,1,1,1,0,1,90,4,4,2,0,0,2,22.0,27.0,utilitaire_camion,utilitaire_camion,2,1,1,1,5
202400005512,2024-03-21 09:30:00,2024,3,21,9,30,94,94065,A86,48.75377346,2.36791259,Plein jour,Hors agglomération,Hors intersection,Normale,Deux véhicules - arrière,2,-1,2,0,1,1,1,0,1,90,2,2,1,0,0,1,30.0,51.0,voiture,deux_roues,1,1,1,1,2
202400005513,2024-03-20 14:00:00,2024,3,20,14,0,75,75112,A4,48.825091,2.463879,Plein jour,Hors agglomération,Hors intersection,Normale,Deux véhicules - arrière,1,-1,4,0,1,3,1,0,1,90,2,2,1,0,0,1,27.0,49.0,deux_roues,voiture,1,1,1,1,2
202400005514,2024-03-20 08:00:00,2024,3,20,8,0,77,77373,RN104,48.79060444,2.61841859,Plein jour,Hors agglomération,Hors intersection,Normale,Deux véhicules - arrière,2,1,2,0,1,1,1,0,1,90,2,2,1,0,0,1,25.0,50.0,utilitaire_camion,voiture,1,1,1,1,2
202400005515,2024-03-20 06:30:00,2024,3,20,6,30,94,94028,A86,48.77622723,2.42988971,Crépuscule ou aube,Hors agglomération,Hors intersection,Normale,Trois véhicules et plus - collisions multiples,1,1,4,0,1,1,1,3,1,90,3,3,2,0,0,1,65.0,31.0,voiture,voiture,2,1,1,1,5
202400005516,2024-03-07 13:20:00,2024,3,7,13,20,44,44190,72 Route de Clisson,47.19097565,-1.52260338,Plein jour,En agglomération,Hors intersection,Temps couvert,Deux véhicules - arrière,4,2,2,2,1,1,1,-1,1,50,2,2,1,0,0,1,33.0,55.0,voiture,deux_roues,1,2,1,8,2