accident_id,datetime,annee,mois,jour,heure,minute,departement,commune_insee,adresse,latitude,longitude,luminosite,agglomeration,intersection,meteo,collision,catr,circ,nbv,vosp,prof,plan,surf,infra,situ,vma,nb_vehicules,nb_usagers,nb_indemnes,nb_tues,nb_blesses_hosp,nb_blesses_legers,age_cond_1,age_cond_2,veh_type_cond_1,veh_type_cond_2,lum_code,agg_code,int_code,atm_code,col_code
202400005517,2024-03-06 00:20:00,2024,3,6,0,20,44,44109,Quai de la Fosse,47.20889932,-1.56721683,Nuit avec éclairage allumé,En agglomération,Intersection en T,Temps couvert,Deux véhicules - arrière,4,2,2,1,2,1,1,-1,1,50,2,2,1,0,0,1,33.0,22.0,deux_roues,voiture,5,2,3,8,2
202400005517,2024-03-06 00:20:00,2024,3,6,0,20,44,44109,Quai de la Fosse,47.20889932,-1.56721683,Nuit avec éclairage allumé,En agglomération,Intersection en T,Temps couvert,Deux véhicules - arrière,4,3,4,3,1,1,1,-1,1,5,2,2,1,0,0,1,33.0,22.0,deux_roues,voiture,5,2,3,8,2
202400005518,2024-03-06 09:50:00,2024,3,6,9,50,44,44109,13 Rue Gaëtan Rondeau,47.20678936,-1.53329691,Plein jour,En agglomération,Giratoire,Temps couvert,Deux véhicules - côté,4,2,2,2,1,1,1,-1,1,50,2,2,1,0,0,1,19.0,59.0,deux_roues,voiture,1,2,6,8,3
202400005519,2024-03-01 09:45:00,2024,3,1,9,45,44,44190,162 Route de Clisson,47.1893146,-1.51375981,Plein jour,En agglomération,Hors intersection,Temps couvert,Deux véhicules - côté,4,3,4,3,1,1,1,-1,1,30,2,2,1,0,0,1,52.0,38.0,voiture,voiture,1,2,1,8,3
202400005520,2024-01-19 22:55:00,2024,1,19,22,55,14,14118,24 Rue du Blanc,49.17242193,-0.38114727,Nuit avec éclairage allumé,En agglomération,Intersection en T,Autre,Autre collision,4,2,2,0,1,1,1,0,1,50,3,5,1,0,1,3,,20.0,voiture,voiture,5,2,3,9,6
202400005520,2024-01-19 22:55:00,2024,1,19,22,55,14,14118,24 Rue du Blanc,49.17242193,-0.38114727,Nuit avec éclairage allumé,En agglomération,Intersection en T,Autre,Autre collision,4,3,4,0,2,1,1,0,1,50,3,5,1,0,1,3,,20.0,voiture,voiture,5,2,3,9,6
202400005521,2024-03-01 17:10:00,2024,3,1,17,10,44,44162,Boulevard Charles De Gaulle,47.211,-1.629,Plein jour,En agglomération,Hors intersection,Normale,Autre collision,7,2,2,1,1,1,1,-1,1,70,1,2,1,0,0,1,86.0,,voiture,,1,2,1,1,6
202400005522,2024-01-07 06:35:00,2024,1,7,6,35,75,75120,RUE DU COMMANDANT L HERMINIER,48.847939,2.416146,Nuit avec éclairage allumé,En agglomération,Intersection en T,Normale,Deux véhicules - arrière,4,1, -1,-1,1,1,1,0,1,30,2,3,1,0,0,2,25.0,33.0,utilitaire_camion,voiture,5,2,3,1,2
202400005522,2024-01-07 06:35:00,2024,1,7,6,35,75,75120,RUE DU COMMANDANT L HERMINIER,48.847939,2.416146,Nuit avec éclairage allumé,En agglomération,Intersection en T,Normale,Deux véhicules - arrière,4,1,1,0,1,1,1,0,1,30,2,3,1,0,0,2,25.0,33.0,utilitaire_camion,voiture,5,2,3,1,2
202400005523,2024-03-20 09:50:00,2024,3,20,9,50,974,97411,MANES (RUE EDOUARD),-20.8953,55.4966,Plein jour,En agglomération,Intersection en X,Normale,Autre collision,4,1,2,0,1,1,1,0,1,50,1,2,1,0,1,0,32.0,,voiture,,1,2,2,1,6
202400005523,2024-03-20 09:50:00,2024,3,20,9,50,974,97411,MANES (RUE EDOUARD),-20.8953,55.4966,Plein jour,En agglomération,Intersection en X,Normale,Autre collision,4,1,2,0,1,1,1,0,1,50,1,2,1,0,1,0,32.0,,voiture,,1,2,2,1,6
202400005524,2024-03-20 07:25:00,2024,3,20,7,25,974,97411,BOIS DE NEFLES (ROUTE DE),-20.899,55.47587,Plein jour,En agglomération,Hors intersection,Normale,Autre collision,4,-1,2,0,2,1,1,0,8,30,1,2,1,0,0,1,19.0,,deux_roues,,1,2,1,1,6
202400005525,2024-03-20 16:50:00,2024,3,20,16,50,69,69383,57 Cours Eugénie,45.74442,4.88782,Plein jour,En agglomération,Intersection en X,Normale,Autre collision,4,1,1,0,1,1,2,0,1,30,1,2,1,0,0,1,43.0,,voiture,,1,2,2,1,6
202400005525,2024-03-20 16:50:00,2024,3,20,16,50,69,69383,57 Cours Eugénie,45.74442,4.88782,Plein jour,En agglomération,Intersection en X,Normale,Autre collision,4,2,2,0,1,1,1,0,1,30,1,2,1,0,0,1,43.0,,voiture,,1,2,2,1,6
202400005526,2024-03-20 20:30:00,2024,3,20,20,30,69,69389,Rue Marietton,45.77497,4.80806,Nuit avec éclairage allumé,En agglomération,Intersection en T,Normale,Deux véhicules - côté,4,1,1,2,1,2,1,0,1,30,2,3,2,0,0,1,36.0,78.0,deux_roues,voiture,5,2,3,1,3
202400005526,2024-03-20 20:30:00,2024,3,20,20,30,69,69389,Rue Marietton,45.77497,4.80806,Nuit avec éclairage allumé,En agglomération,Intersection en T,Normale,Deux véhicules - côté,4,1,1,3,1,1,1,0,6,30,2,3,2,0,0,1,36.0,78.0,deux_roues,voiture,5,2,3,1,3
202400005527,2024-07-08 10:21:00,2024,7,8,10,21,91,91345,AUTOROUTE A6,48.68856,2.32483,Plein jour,Hors agglomération,Hors intersection,Normale,Trois véhicules et plus - collisions multiples,1,-1,3,0,1,1,1,0,1,110,4,4,3,0,0,1,20.0,31.0,voiture,voiture,1,1,1,1,5
202400005528,2024-03-20 08:44:00,2024,3,20,8,44,2B,2B037,TOUTES RUES,42.61,9.41,Plein jour,En agglomération,Hors intersection,Normale,Trois véhicules et plus - en chaîne,3,3,2,0,1,1,1,0,1,50,3,4,1,0,0,3,71.0,41.0,utilitaire_camion,voiture,1,2,1,1,4
202400005529,2024-03-20 08:50:00,2024,3,20,8,50,95,95219,PAUL ELUARD (RUE),48.98577128,2.25599483,Plein jour,En agglomération,Giratoire,Normale,Autre collision,4,2,1,0,1,3,1,0,1,30,1,2,1,0,0,1,33.0,,utilitaire_camion,,1,2,6,1,6
202400005530,2024-07-08 17:50:00,2024,7,8,17,50,78,78118,A13,48.98632,1.667273,Plein jour,Hors agglomération,Hors intersection,Normale,Deux véhicules - arrière,1,-1,3,0,1,1,1,0,1,110,2,2,1,0,0,1,42.0,22.0,voiture,voiture,1,1,1,1,2
202400005531,2024-07-06 20:40:00,2024,7,6,20,40,78,78640,N118,48.781111,2.222771,Plein jour,Hors agglomération,Hors intersection,Normale,Sans collision,2,1,5,0,1,1,1,0,1,50,1,2,0,0,0,2,31.0,,deux_roues,,1,1,1,1,7
202400005532,2024-03-20 20:10:00,2024,3,20,20,10,91,91103,RUE DU DOCTEUR BABIN,48.59957,2.29338,Nuit avec éclairage allumé,En agglomération,Hors intersection,Normale,Deux véhicules - côté,3,2,2,0,1,1,1,0,1,50,2,2,0,0,0,2,38.0,34.0,voiture,transport_commun,5,2,1,1,3
202400005533,2024-07-08 21:30:00,2024,7,8,21,30,95,95256,N184,49.0544054,2.20094562,Plein jour,Hors agglomération,Hors intersection,Normale,Autre collision,2,3,6,0,1,1,1,0,1,110,1,1,0,0,0,1,31.0,,voiture,,1,1,1,1,6
202400005534,2024-03-18 07:20:00,2024,3,18,7,20,89,89024,DE LATTRE DE TASSIGNY (AVENUE),47.78934,3.5503,Plein jour,Hors agglomération,Intersection en X,Normale,Deux véhicules - côté,3,2,2,0,1,1,2,0,1,50,2,2,1,0,1,0,41.0,16.0,voiture,deux_roues,1,1,2,1,3
202400005534,2024-03-18 07:20:00,2024,3,18,7,20,89,89024,DE LATTRE DE TASSIGNY (AVENUE),47.78934,3.5503,Plein jour,Hors agglomération,Intersection en X,Normale,Deux véhicules - côté,3,-1,2,0,1,3,2,0,1,50,2,2,1,0,1,0,41.0,16.0,voiture,deux_roues,1,1,2,1,3
202400005535,2024-07-08 00:05:00,2024,7,8,0,5,95,95607,A115,49.01377761,2.2191127,Nuit sans éclairage public,Hors agglomération,Hors intersection,Normale,Deux véhicules - arrière,1,3,2,0,1,1,1,0,1,90,2,2,1,0,0,1,28.0,22.0,voiture,voiture,3,1,1,1,2
202400005536,2024-03-20 09:21:00,2024,3,20,9,21,87,87085,BORIE (BOULEVARD DE LA),45.8398,1.23481,Plein jour,En agglomération,Intersection en X,Normale,Deux véhicules - côté,4,3,6,0,1,1,1,5,1,50,2,2,0,0,0,2,67.0,23.0,voiture,voiture,1,2,2,1,3
202400005536,2024-03-20 09:21:00,2024,3,20,9,21,87,87085,BORIE (BOULEVARD DE LA),45.8398,1.23481,Plein jour,En agglomération,Intersection en X,Normale,Deux véhicules - côté,4,3,4,0,1,1,1,5,1,50,2,2,0,0,0,2,67.0,23.0,voiture,voiture,1,2,2,1,3
202400005537,2024-07-07 21:05:00,2024,7,7,21,5,92,92036,AUTOROUTE A15,48.94364712,2.28775617,Plein jour,Hors agglomération,Hors intersection,Normale,Deux véhicules - côté,1,3,4,0,1,1,1,0,1,90,2,2,1,0,0,1,21.0,61.0,voiture,utilitaire_camion,1,1,1,1,3
202400005538,2024-03-19 16:37:00,2024,3,19,16,37,87,87050,Avenue de Limoges,45.86466,1.23802,Plein jour,En agglomération,Hors intersection,Normale,Deux véhicules - côté,3,2,2,0,1,1,1,0,1,50,2,2,1,0,0,1,71.0,39.0,voiture,deux_roues,1,2,1,1,3
202400005539,2024-07-08 09:00:00,2024,7,8,9,0,94,94004,N19,48.7502564,2.51474261,Plein jour,Hors agglomération,Hors intersection,Normale,Deux véhicules - côté,2,1,0,0,1,2,1,1,1,90,2,2,1,0,0,1,29.0,43.0,deux_roues,voiture,1,1,1,1,3
202400005540,2024-03-19 15:45:00,2024,3,19,15,45,87,87065,VALIN (AVENUE MARTIAL),45.81551,1.3137,Plein jour,En agglomération,Hors intersection,Normale,Deux véhicules - arrière,3,2,2,0,1,1,1,0,1,30,2,2,1,0,0,1,21.0,62.0,deux_roues,voiture,1,2,1,1,2
202400005541,2024-01-08 22:30:00,2024,1,8,22,30,93,93008,Rue de Paris,48.9,2.45,Nuit avec éclairage allumé,En agglomération,Hors intersection,Neige / grêle,Deux véhicules - arrière,3,2,5,2,1,1,7,0,1,50,2,2,1,0,0,1,22.0,36.0,voiture,voiture,5,2,1,4,2
202400005542,2024-03-18 17:08:00,2024,3,18,17,8,87,87085,DUSSOUBS (PLACE DENIS),45.83294,1.2558,Plein jour,En agglomération,Place,Normale,Deux véhicules - côté,4,1,2,0,1,2,1,0,1,30,2,2,1,0,0,1,17.0,63.0,deux_roues,voiture,1,2,7,1,3
202400005542,2024-03-18 17:08:00,2024,3,18,17,8,87,87085,DUSSOUBS (PLACE DENIS),45.83294,1.2558,Plein jour,En agglomération,Place,Normale,Deux véhicules - côté,4,2,3,0,2,1,1,0,1,30,2,2,1,0,0,1,17.0,63.0,deux_roues,voiture,1,2,7,1,3
202400005543,2024-02-07 01:20:00,2024,2,7,1,20,93,93027,A86,48.927509,2.40851641,Nuit sans éclairage public,Hors agglomération,Hors intersection,Normale,Autre collision,1,1,3,0,1,1,1,3,1,70,1,1,0,0,0,1,24.0,,voiture,,3,1,1,1,6
202400005544,2024-03-18 11:46:00,2024,3,18,11,46,87,87085,LOCARNO (AVENUE),45.83453,1.27028,Plein jour,En agglomération,Hors intersection,Normale,Autre collision,6,-1, -1,0,1,1,1,0,4,10,1,2,1,0,0,1,67.0,,voiture,,1,2,1,1,6
202400005545,2024-03-20 17:45:00,2024,3,20,17,45,85,85194,Boulevard de l'île vertime,46.50392,-1.78834,Plein jour,En agglomération,Hors intersection,Normale,Sans collision,4,1,2,1,1,1,1,0,1,50,1,2,1,0,1,0,23.0,,deux_roues,,1,2,1,1,7
202400005546,2024-03-20 16:30:00,2024,3,20,16,30,85,85194,Avenue de talmont,46.4833065,-1.7238342,Plein jour,En agglomération,Hors intersection,Normale,Deux véhicules - frontale,4,2,2,0,1,1,1,0,1,70,2,2,1,0,1,0,75.0,22.0,voiture,deux_roues,1,2,1,1,1
202400005547,2024-02-06 23:00:00,2024,2,6,23,0,93,93029,AUTOROUTE A86,48.9191414,2.42853445,Nuit sans éclairage public,Hors agglomération,Hors intersection,Normale,Sans collision,1,3,3,0,1,1,1,0,1,90,1,1,0,0,1,0,25.0,,voiture,,3,1,1,1,7
202400005548,2024-03-20 09:30:00,2024,3,20,9,30,84,84080,BEAULIEU ALLEE DE,44.0191,4.96835,Plein jour,Hors agglomération,Giratoire,Normale,Autre collision,4,1,1,0,1,2,1,5,3,50,1,1,0,0,0,1,27.0,,voiture,,1,1,6,1,6
202400005548,2024-03-20 09:30:00,2024,3,20,9,30,84,84080,BEAULIEU ALLEE DE,44.0191,4.96835,Plein jour,Hors agglomération,Giratoire,Normale,Autre collision,4,1,2,0,1,3,1,0,1,50,1,1,0,0,0,1,27.0,,voiture,,1,1,6,1,6
202400005549,2024-03-17 15:20:00,2024,3,17,15,20,84,84007,TRILLADE (avenue de la ),43.94077,4.81678,Plein jour,En agglomération,Intersection en T,Temps couvert,Sans collision,4,2,2,0,1,1,1,0,1,50,1,1,0,0,0,1,73.0,,deux_roues,,1,2,3,8,7
202400005549,2024-03-17 15:20:00,2024,3,17,15,20,84,84007,TRILLADE (avenue de la ),43.94077,4.81678,Plein jour,En agglomération,Intersection en T,Temps couvert,Sans collision,4,2,2,0,1,1,1,0,1,50,1,1,0,0,0,1,73.0,,deux_roues,,1,2,3,8,7
202400005550,2024-03-19 20:30:00,2024,3,19,20,30,78,78440,LEON BLUM (AVENUE),48.98767,1.92236,Nuit avec éclairage allumé,En agglomération,Intersection en X,Normale,Deux véhicules - côté,4,2,2,0,1,1,1,0,1,50,2,2,0,0,0,2,46.0,23.0,voiture,voiture,5,2,2,1,3
202400005550,2024-03-19 20:30:00,2024,3,19,20,30,78,78440,LEON BLUM (AVENUE),48.98767,1.92236,Nuit avec éclairage allumé,En agglomération,Intersection en X,Normale,Deux véhicules - côté,4,2,0,0,1,1,1,0,1,50,2,2,0,0,0,2,46.0,23.0,voiture,voiture,5,2,2,1,3
202400005551,2024-03-16 18:35:00,2024,3,16,18,35,78,78644,NOES  (AVENUE DES),48.75961,1.96445,Plein jour,En agglomération,Autre intersection,Normale,Autre collision,5,-1,0,0,1,1,1,0,4,10,1,1,0,0,1,0,21.0,,deux_roues,,1,2,9,1,6
202400005552,2024-03-20 09:00:00,2024,3,20,9,0,77,77449,D344,48.85384,2.77373,Plein jour,En agglomération,Intersection en X,Normale,Deux véhicules - frontale,3,2,6,0,1,1,1,0,1,50,2,2,1,0,0,1,32.0,27.0,voiture,voiture,1,2,2,1,1
202400005552,2024-03-20 09:00:00,2024,3,20,9,0,77,77449,D344,48.85384,2.77373,Plein jour,En agglomération,Intersection en X,Normale,Deux véhicules - frontale,3,2,4,0,1,1,1,0,1,50,2,2,1,0,0,1,32.0,27.0,voiture,voiture,1,2,2,1,1
202400005553,2024-02-06 17:45:00,2024,2,6,17,45,93,93066,AUTOROUTE A1,48.91505893,2.35777974,Plein jour,En agglomération,Autre intersection,Normale,Trois véhicules et plus - collisions multiples,1,3,8,0,1,1,1,1,1,90,4,4,3,0,1,0,29.0,32.0,deux_roues,deux_roues,1,2,9,1,5
202400005554,2024-03-19 11:30:00,2024,3,19,11,30,76,76351,ROGER SALENGRO,49.50877,0.10897,Plein jour,En agglomération,Intersection en T,Normale,Autre collision,4,2,2,0,1,1,1,0,1,50,2,2,1,0,1,0,75.0,51.0,voiture,deux_roues,1,2,3,1,6
202400005554,2024-03-19 11:30:00,2024,3,19,11,30,76,76351,ROGER SALENGRO,49.50877,0.10897,Plein jour,En agglomération,Intersection en T,Normale,Autre collision,4,2,2,1,1,1,1,0,1,50,2,2,1,0,1,0,75.0,51.0,voiture,deux_roues,1,2,3,1,6
202400005555,2024-02-06 17:45:00,2024,2,6,17,45,93,93053,AUTOROUTE A3,48.88402776,2.45995123,Nuit sans éclairage public,Hors agglomération,Hors intersection,Pluie légère,Sans collision,1,3,4,0,2,2,2,0,1,90,1,1,0,0,0,1,20.0,,deux_roues,,3,1,1,2,7
202400005556,2024-07-08 02:10:00,2024,7,8,2,10,974,97411,TOPAZES(ALLEE DES),-20.89214664,55.44452906,Nuit avec éclairage allumé,En agglomération,Hors intersection,Normale,Autre collision,3,2,2,0,2,1,1,0,1,50,1,1,0,0,0,1,60.0,,voiture,,5,2,1,1,6
202400005557,2024-03-20 20:05:00,2024,3,20,20,5,69,69266,Cours Tolstoï,45.75962755,4.88997087,Nuit avec éclairage allumé,En agglomération,Intersection en Y,Normale,Deux véhicules - côté,4,2,2,0,1,1,1,0,1,30,2,2,1,0,0,1,60.0,29.0,voiture,deux_roues,5,2,4,1,3
202400005557,2024-03-20 20:05:00,2024,3,20,20,5,69,69266,Cours Tolstoï,45.75962755,4.88997087,Nuit avec éclairage allumé,En agglomération,Intersection en Y,Normale,Deux véhicules - côté,4,2,2,2,2,1,1,8,1,30,2,2,1,0,0,1,60.0,29.0,voiture,deux_roues,5,2,4,1,3
202400005558,2024-07-07 21:00:00,2024,7,7,21,0,973,97302,MONTABO (ROUTE DE) 1,4.94432,-52.31775,Nuit sans éclairage public,En agglomération,Hors intersection,Normale,Sans collision,3,2,2,0,1,1,1,0,1,50,1,1,0,0,0,1,19.0,,deux_roues,,3,2,1,1,7
202400005559,2024-03-19 19:45:00,2024,3,19,19,45,69,69029,3 Rue Lionel Terray,45.73032,4.88967,Crépuscule ou aube,En agglomération,Autre intersection,Normale,Deux véhicules - côté,2,2,4,3,2,1,1,0,1,50,2,4,2,0,0,2,24.0,51.0,voiture,voiture,2,2,9,1,3
202400005560,2024-07-07 22:48:00,2024,7,7,22,48,69,69386,Rue Notre-Dame,45.76521,4.8679,Nuit avec éclairage allumé,En agglomération,Intersection en X,Normale,Deux véhicules - côté,4,1,1,0,1,1,1,5,1,30,2,2,1,0,0,1,26.0,,deux_roues,voiture,5,2,2,1,3
202400005560,2024-07-07 22:48:00,2024,7,7,22,48,69,69386,Rue Notre-Dame,45.76521,4.8679,Nuit avec éclairage allumé,En agglomération,Intersection en X,Normale,Deux véhicules - côté,4,1,1,0,1,1,1,5,1,30,2,2,1,0,0,1,26.0,,deux_roues,voiture,5,2,2,1,3
202400005561,2024-03-20 10:00:00,2024,3,20,10,0,67,67482,PRESIDENT WILSON (BOULEVARD),48.58748,7.73868,Plein jour,En agglomération,Intersection en T,Normale,Deux véhicules - côté,4,2,2,1,1,1,1,0,1,50,2,2,1,0,1,0,52.0,21.0,utilitaire_camion,deux_roues,1,2,3,1,3
202400005561,2024-03-20 10:00:00,2024,3,20,10,0,67,67482,PRESIDENT WILSON (BOULEVARD),48.58748,7.73868,Plein jour,En agglomération,Intersection en T,Normale,Deux véhicules - côté,4,3,4,3,1,1,1,0,1,50,2,2,1,0,1,0,52.0,21.0,utilitaire_camion,deux_roues,1,2,3,1,3
202400005562,2024-07-07 05:50:00,2024,7,7,5,50,69,69259,Boulevard Ambroise Croizat,45.69708,4.88756,Crépuscule ou aube,En agglomération,Intersection en X,Normale,Deux véhicules - arrière,7,2,4,3,1,1,1,0,1,50,2,2,1,0,0,1,27.0,24.0,voiture,voiture,2,2,2,1,2
202400005562,2024-07-07 05:50:00,2024,7,7,5,50,69,69259,Boulevard Ambroise Croizat,45.69708,4.88756,Crépuscule ou aube,En agglomération,Intersection en X,Normale,Deux véhicules - arrière,7,2,2,3,1,1,1,0,1,50,2,2,1,0,0,1,27.0,24.0,voiture,voiture,2,2,2,1,2
202400005563,2024-03-20 11:10:00,2024,3,20,11,10,64,64122,,43.4807,-1.5587,Plein jour,En agglomération,Hors intersection,Normale,Autre collision,4,2,2,0,2,1,1,0,1,30,1,2,1,0,0,1,69.0,,voiture,,1,2,1,1,6
202400005564,2024-07-07 06:15:00,2024,7,7,6,15,2B,2B033,TUNNEL,42.69457,9.45245,Nuit avec éclairage allumé,En agglomération,Hors intersection,Normale,Deux véhicules - frontale,2,2,2,0,1,1,1,1,1,50,2,3,2,0,0,1,48.0,27.0,voiture,voiture,5,2,1,1,1
202400005565,2024-03-20 07:00:00,2024,3,20,7,0,64,64122,FRANCIS JAMMES (RUE),43.4624,-1.5512,Crépuscule ou aube,En agglomération,Intersection en X,Normale,Deux véhicules - frontale,4,2,0,0,1,1,1,0,1,30,2,2,1,0,1,0,54.0,26.0,voiture,deux_roues,2,2,2,1,1
202400005565,2024-03-20 07:00:00,2024,3,20,7,0,64,64122,FRANCIS JAMMES (RUE),43.4624,-1.5512,Crépuscule ou aube,En agglomération,Intersection en X,Normale,Deux véhicules - frontale,4,2,1,0,2,1,1,0,1,50,2,2,1,0,1,0,54.0,26.0,voiture,deux_roues,2,2,2,1,1
202400005566,2024-07-07 17:30:00,2024,7,7,17,30,95,95424,D122,48.985391,2.197203,Plein jour,En agglomération,Autre intersection,Normale,Deux véhicules - frontale,3,2,3,0,2,2,1,0,1,90,2,6,0,0,0,6,28.0,52.0,voiture,voiture,1,2,9,1,1
202400005567,2024-03-20 05:20:00,2024,3,20,5,20,62,62498,D162E2,50.437,2.8421,Crépuscule ou aube,En agglomération,Intersection en Y,Normale,Deux véhicules - côté,3,1,2,0,1,1,1,0,1,50,2,2,1,0,0,1,19.0,26.0,deux_roues,voiture,2,2,4,1,3
202400005567,2024-03-20 05:20:00,2024,3,20,5,20,62,62498,D162E2,50.437,2.8421,Crépuscule ou aube,En agglomération,Intersection en Y,Normale,Deux véhicules - côté,3,2, -1,0,1,1,1,0,1,-1,2,2,1,0,0,1,19.0,26.0,deux_roues,voiture,2,2,4,1,3
202400005568,2024-07-07 13:30:00,2024,7,7,13,30,91,91377,RUE GAMBETTA,48.73021,2.2764,Plein jour,En agglomération,Hors intersection,Normale,Autre collision,4,1,1,2,1,1,1,0,1,50,1,2,0,0,0,2,66.0,,deux_roues,,1,2,1,1,6
202400005569,2024-03-19 17:25:00,2024,3,19,17,25,54,54547,Route de Mirecourt,48.66371205,6.18920267,Plein jour,Hors agglomération,Hors intersection,Normale,Deux véhicules - arrière,7,3,4,0,1,1,1,0,1,70,2,2,1,0,1,0,21.0,21.0,voiture,deux_roues,1,1,1,1,2
202400005570,2024-03-20 20:05:00,2024,3,20,20,5,51,51454,CHALONS (ROUTE DE) RN 44,49.23412,4.07849,Nuit avec éclairage allumé,Hors agglomération,Hors intersection,Normale,Autre collision,3,1,2,0,1,1,1,9,3,90,1,1,0,1,0,0,23.0,,voiture,,5,1,1,1,6
202400005571,2024-03-20 14:20:00,2024,3,20,14,20,51,51454,TAITTINGER (RUE PIERRE),49.23601,4.00618,Plein jour,En agglomération,Autre intersection,Normale,Deux véhicules - côté,4,2,0,0,1,1,1,9,1,50,2,2,1,0,0,1,20.0,68.0,voiture,deux_roues,1,2,9,1,3
202400005572,2024-07-07 21:10:00,2024,7,7,21,10,88,88428,ROUTE D'HERBAVILLE,48.30639,6.90756,Plein jour,Hors agglomération,Hors intersection,Normale,Deux véhicules - côté,4,2,1,0,2,1,1,9,1,50,2,3,1,0,0,2,77.0,28.0,voiture,deux_roues,1,1,1,1,3
202400005573,2024-03-20 15:49:00,2024,3,20,15,49,51,51454,CAPUCINS (RUE DES),49.24703,4.03435,Plein jour,En agglomération,Hors intersection,Normale,Deux véhicules - arrière,4,1,2,2,1,1,1,0,1,30,2,2,1,0,0,1,54.0,11.0,deux_roues,deux_roues,1,2,1,1,2
202400005574,2024-07-06 18:00:00,2024,7,6,18,0,86,86066,Avenue des Stades,46.81126,0.52739,Plein jour,En agglomération,Intersection en X,Normale,Deux véhicules - côté,4,2,2,0,1,1,1,0,1,50,2,2,1,0,0,1,27.0,15.0,deux_roues,deux_roues,1,2,2,1,3
202400005574,2024-07-06 18:00:00,2024,7,6,18,0,86,86066,Avenue des Stades,46.81126,0.52739,Plein jour,En agglomération,Intersection en X,Normale,Deux véhicules - côté,4,2,2,0,2,1,1,0,1,50,2,2,1,0,0,1,27.0,15.0,deux_roues,deux_roues,1,2,2,1,3
202400005575,2024-03-20 14:40:00,2024,3,20,14,40,49,49328,RENAULT (BOULEVARD LOUIS),47.25355,-0.08536,Plein jour,En agglomération,Giratoire,Normale,Deux véhicules - côté,4,3,1,0,1,1,1,0,1,50,2,2,1,0,0,1,36.0,70.0,utilitaire_camion,deux_roues,1,2,6,1,3
202400005575,2024-03-20 14:40:00,2024,3,20,14,40,49,49328,RENAULT (BOULEVARD LOUIS),47.25355,-0.08536,Plein jour,En agglomération,Giratoire,Normale,Deux véhicules - côté,4,-1,1,1,1,1,1,0,1,50,2,2,1,0,0,1,36.0,70.0,utilitaire_camion,deux_roues,1,2,6,1,3
202400005576,2024-07-07 17:10:00,2024,7,7,17,10,84,84031,SAINT ROCH AVENUE,44.07951,5.06689,Plein jour,En agglomération,Hors intersection,Normale,Deux véhicules - arrière,3,2,2,0,1,1,1,0,1,50,2,2,1,0,0,1,48.0,57.0,voiture,deux_roues,1,2,1,1,2
202400005577,2024-02-21 15:30:00,2024,2,21,15,30,49,49099,CLEMENCEAU (RUE GEORGES),47.06185,-0.87883,Plein jour,En agglomération,Hors intersection,Pluie légère,Autre collision,4,1,1,0,1,1,2,0,4,50,1,2,1,0,1,0,72.0,,voiture,,1,2,1,2,6
202400005578,2024-07-06 13:20:00,2024,7,6,13,20,84,84080,SAINT GENS CHEMIN DE,44.03588,5.00704,Plein jour,Hors agglomération,Intersection en T,Normale,Trois véhicules et plus - collisions multiples,4,2,2,0,2,1,1,0,1,50,3,3,2,0,0,1,51.0,45.0,voiture,voiture,1,1,3,1,5
202400005578,2024-07-06 13:20:00,2024,7,6,13,20,84,84080,SAINT GENS CHEMIN DE,44.03588,5.00704,Plein jour,Hors agglomération,Intersection en T,Normale,Trois véhicules et plus - collisions multiples,4,2,2,0,2,1,1,0,1,50,3,3,2,0,0,1,51.0,45.0,voiture,voiture,1,1,3,1,5
202400005579,2024-03-19 14:05:00,2024,3,19,14,5,49,49007,RABELAIS,47.46168,-0.54691,Plein jour,En agglomération,Hors intersection,Normale,Autre collision,4,2,2,0,1,1,1,0,1,50,1,2,1,0,0,1,64.0,,voiture,,1,2,1,1,6
202400005580,2024-03-20 13:20:00,2024,3,20,13,20,37,37261,GRAMMONT (AVENUE DE),47.38139985,0.69263488,Plein jour,En agglomération,Hors intersection,Normale,Deux véhicules - côté,4,1,1,0,1,1,1,0,1,30,2,2,1,0,0,1,38.0,20.0,deux_roues,voiture,1,2,1,1,3
202400005581,2024-03-20 18:30:00,2024,3,20,18,30,35,35238,BELLANGERAIS (DE LA),48.12933174,-1.67310432,Plein jour,En agglomération,Hors intersection,Normale,Autre collision,4,2,2,0,1,1,1,0,1,30,1,2,1,0,1,0,57.0,,voiture,,1,2,1,1,6
202400005582,2024-07-06 18:35:00,2024,7,6,18,35,76,76114,MARECHAL FOCH (AVENUE DU) N°1/45  2/14,49.56271,0.47468,Plein jour,En agglomération,Intersection en T,Normale,Deux véhicules - côté,3,2,2,0,1,3,1,0,1,50,2,2,1,0,0,1,16.0,24.0,deux_roues,voiture,1,2,3,1,3
202400005582,2024-07-06 18:35:00,2024,7,6,18,35,76,76114,MARECHAL FOCH (AVENUE DU) N°1/45  2/14,49.56271,0.47468,Plein jour,En agglomération,Intersection en T,Normale,Deux véhicules - côté,3,2,2,0,1,3,1,0,1,50,2,2,1,0,0,1,16.0,24.0,deux_roues,voiture,1,2,3,1,3
202400005583,2024-03-20 09:10:00,2024,3,20,9,10,34,34032,FOCH MARECHAL FERDINAND (AVENUE DU),43.35174,3.22022,Plein jour,Hors agglomération,Intersection en T,Normale,Deux véhicules - côté,4,2,2,0,1,1,1,0,1,50,2,2,1,0,1,0,61.0,30.0,voiture,deux_roues,1,1,3,1,3
202400005583,2024-03-20 09:10:00,2024,3,20,9,10,34,34032,FOCH MARECHAL FERDINAND (AVENUE DU),43.35174,3.22022,Plein jour,Hors agglomération,Intersection en T,Normale,Deux véhicules - côté,4,1,1,0,2,1,1,0,1,50,2,2,1,0,1,0,61.0,30.0,voiture,deux_roues,1,1,3,1,3