accident_id,datetime,annee,mois,jour,heure,minute,departement,commune_insee,adresse,latitude,longitude,luminosite,agglomeration,intersection,meteo,collision,catr,circ,nbv,vosp,prof,plan,surf,infra,situ,vma,nb_vehicules,nb_usagers,nb_indemnes,nb_tues,nb_blesses_hosp,nb_blesses_legers,age_cond_1,age_cond_2,veh_type_cond_1,veh_type_cond_2,lum_code,agg_code,int_code,atm_code,col_code
202400005646,2024-07-06 04:20:00,2024,7,6,4,20,75,75108,RUE FRANCOIS 1ER,48.868003,2.30468,Nuit avec éclairage allumé,En agglomération,Intersection en T,Normale,Sans collision,4,1, -1,-1,1,1,1,0,1,50,1,1,0,0,0,1,34.0,,deux_roues,,5,2,3,1,7
202400005646,2024-07-06 04:20:00,2024,7,6,4,20,75,75108,RUE FRANCOIS 1ER,48.868003,2.30468,Nuit avec éclairage allumé,En agglomération,Intersection en T,Normale,Sans collision,4,1,1,0,1,1,1,0,1,50,1,1,0,0,0,1,34.0,,deux_roues,,5,2,3,1,7
202400005647,2024-03-20 19:10:00,2024,3,20,19,10,75,75104,RUE BEAUBOURG,48.860885,2.353321,Plein jour,En agglomération,Intersection en T,Normale,Autre collision,4,1, -1,0,1,1,1,0,1,30,1,1,0,0,0,1,35.0,,deux_roues,,1,2,3,1,6
202400005647,2024-03-20 19:10:00,2024,3,20,19,10,75,75104,RUE BEAUBOURG,48.860885,2.353321,Plein jour,En agglomération,Intersection en T,Normale,Autre collision,4,1,2,1,1,1,1,0,1,30,1,1,0,0,0,1,35.0,,deux_roues,,1,2,3,1,6
202400005648,2024-07-07 15:30:00,2024,7,7,15,30,75,75101,AVENUE DE L OPERA,48.866556,2.334074,Plein jour,En agglomération,Intersection en T,Normale,Deux véhicules - côté,4,2,0,3,1,1,1,-1,6,30,2,3,1,0,0,2,21.0,43.0,deux_roues,voiture,1,2,3,1,3
202400005648,2024-07-07 15:30:00,2024,7,7,15,30,75,75101,AVENUE DE L OPERA,48.866556,2.334074,Plein jour,En agglomération,Intersection en T,Normale,Deux véhicules - côté,4,1,1,0,1,1,1,-1,6,30,2,3,1,0,0,2,21.0,43.0,deux_roues,voiture,1,2,3,1,3
202400005649,2024-03-20 00:45:00,2024,3,20,0,45,75,75104,RUE DE RIVOLI,48.85522,2.361143,Nuit avec éclairage allumé,En agglomération,Intersection en T,Normale,Autre collision,4,1, -1,0,1,1,1,0,1,-1,1,1,0,0,0,1,26.0,,deux_roues,,5,2,3,1,6
202400005649,2024-03-20 00:45:00,2024,3,20,0,45,75,75104,RUE DE RIVOLI,48.85522,2.361143,Nuit avec éclairage allumé,En agglomération,Intersection en T,Normale,Autre collision,4,1,1,1,1,1,1,0,5,30,1,1,0,0,0,1,26.0,,deux_roues,,5,2,3,1,6
202400005650,2024-03-19 11:30:00,2024,3,19,11,30,75,75101,RUE DE RIVOLI,48.864992,2.328388,Plein jour,En agglomération,Hors intersection,Normale,Deux véhicules - frontale,4,2,3,0,1,1,1,0,1,30,2,2,1,0,0,1,40.0,67.0,deux_roues,voiture,1,2,1,1,1
202400005651,2024-07-07 16:30:00,2024,7,7,16,30,94,94078,Rue Marc Seguin,48.746993,2.450619,Plein jour,En agglomération,Hors intersection,Normale,Deux véhicules - arrière,4,1,1,0,1,1,1,0,1,50,2,3,2,0,0,1,23.0,28.0,voiture,voiture,1,2,1,1,2
202400005652,2024-03-19 09:05:00,2024,3,19,9,5,75,75104,QUAI DE L HOTEL DE VILLE,48.85436083,2.35495037,Plein jour,En agglomération,Intersection en X,Normale,Sans collision,4,2,4,2,1,1,1,0,1,30,1,1,0,0,0,1,25.0,,deux_roues,,1,2,2,1,7
202400005652,2024-03-19 09:05:00,2024,3,19,9,5,75,75104,QUAI DE L HOTEL DE VILLE,48.85436083,2.35495037,Plein jour,En agglomération,Intersection en X,Normale,Sans collision,4,-1, -1,2,1,1,1,0,1,30,1,1,0,0,0,1,25.0,,deux_roues,,1,2,2,1,7
202400005653,2024-07-07 03:05:00,2024,7,7,3,5,94,94076,Rue du Moulin de Saquet,48.79006,2.37402,Nuit avec éclairage allumé,En agglomération,Hors intersection,Normale,Autre collision,4,1,1,0,1,1,1,0,1,50,1,1,0,0,0,1,28.0,,deux_roues,,5,2,1,1,6
202400005654,2024-03-20 18:20:00,2024,3,20,18,20,94,94081,Avenue du Moulin de Saquet,48.78861,2.37632,Plein jour,En agglomération,Hors intersection,Normale,Trois véhicules et plus - en chaîne,3,2,2,3,2,1,1,0,1,50,3,5,3,0,0,2,41.0,62.0,voiture,voiture,1,2,1,1,4
202400005655,2024-07-07 11:00:00,2024,7,7,11,0,94,94034,Rue de la Loge,48.753547,2.328037,Plein jour,En agglomération,Autre intersection,Normale,Deux véhicules - côté,3,-1, -1,0,1,1,1,0,6,20,2,4,3,0,0,1,38.0,20.0,voiture,deux_roues,1,2,9,1,3
202400005655,2024-07-07 11:00:00,2024,7,7,11,0,94,94034,Rue de la Loge,48.753547,2.328037,Plein jour,En agglomération,Autre intersection,Normale,Deux véhicules - côté,3,1,1,0,1,1,1,0,1,20,2,4,3,0,0,1,38.0,20.0,voiture,deux_roues,1,2,9,1,3
202400005656,2024-03-20 22:00:00,2024,3,20,22,0,94,94073,Rue Henri Dunant / Avenue du Général de Gaulle,48.768626,2.368813,Nuit avec éclairage allumé,En agglomération,Intersection en T,Normale,Deux véhicules - côté,3,2,2,0,1,1,1,0,1,50,2,2,1,0,0,1,23.0,22.0,deux_roues,voiture,5,2,3,1,3
202400005656,2024-03-20 22:00:00,2024,3,20,22,0,94,94073,Rue Henri Dunant / Avenue du Général de Gaulle,48.768626,2.368813,Nuit avec éclairage allumé,En agglomération,Intersection en T,Normale,Deux véhicules - côté,3,2,2,0,1,3,1,0,1,50,2,2,1,0,0,1,23.0,22.0,deux_roues,voiture,5,2,3,1,3
202400005657,2024-07-07 17:30:00,2024,7,7,17,30,93,93073,CHAPIT RE ( RUE DU),48.98949045,2.52173717,Plein jour,Hors agglomération,Hors intersection,Normale,Autre collision,4,1,1,0,1,1,1,1,1,15,1,2,1,0,0,1,46.0,,voiture,,1,1,1,1,6
202400005658,2024-03-20 14:02:00,2024,3,20,14,2,94,94022,Boulevard des Alliés / Rue Louise Michel,48.76576,2.40483,Plein jour,En agglomération,Intersection en T,Normale,Autre collision,3,3,4,3,1,1,1,0,1,50,1,5,4,0,0,1,27.0,,voiture,,1,2,3,1,6
202400005658,2024-03-20 14:02:00,2024,3,20,14,2,94,94022,Boulevard des Alliés / Rue Louise Michel,48.76576,2.40483,Plein jour,En agglomération,Intersection en T,Normale,Autre collision,3,1,1,0,1,1,1,0,1,-1,1,5,4,0,0,1,27.0,,voiture,,1,2,3,1,6
202400005659,2024-07-07 02:45:00,2024,7,7,2,45,93,93072,Avenue de Stalingrad / Avenue Paul Vaillant-Couturier,48.94867,2.38056,Nuit avec éclairage allumé,En agglomération,Intersection en T,Normale,Deux véhicules - côté,3,3,2,1,1,1,1,0,1,50,2,2,1,0,0,1,22.0,27.0,voiture,deux_roues,5,2,3,1,3
202400005659,2024-07-07 02:45:00,2024,7,7,2,45,93,93072,Avenue de Stalingrad / Avenue Paul Vaillant-Couturier,48.94867,2.38056,Nuit avec éclairage allumé,En agglomération,Intersection en T,Normale,Deux véhicules - côté,3,2,2,0,1,1,1,0,1,-1,2,2,1,0,0,1,22.0,27.0,voiture,deux_roues,5,2,3,1,3
202400005660,2024-03-20 06:40:00,2024,3,20,6,40,77,77291,CHAPIT RE ( RUE DU),49.00517,2.58922,Crépuscule ou aube,Hors agglomération,Hors intersection,Normale,Deux véhicules - arrière,5,1,2,0,1,1,1,0,1,50,2,2,1,0,0,1,24.0,48.0,deux_roues,voiture,2,1,1,1,2
202400005661,2024-07-07 18:55:00,2024,7,7,18,55,93,93048,Boulevard Paul Vaillant Couturier,48.86718612,2.44564176,Plein jour,En agglomération,Hors intersection,Normale,Deux véhicules - côté,3,2,2,1,1,1,1,0,1,50,2,2,0,0,0,2,29.0,37.0,voiture,deux_roues,1,2,1,1,3
202400005662,2024-03-20 19:15:00,2024,3,20,19,15,93,93066,Avenue du Président Wilson / Rue du Landy,48.915427,2.357656,Nuit avec éclairage allumé,En agglomération,Intersection à plus de 4 branches,Normale,Deux véhicules - côté,3,2,2,1,1,1,1,0,1,-1,2,2,1,0,0,1,38.0,23.0,deux_roues,voiture,5,2,5,1,3
202400005662,2024-03-20 19:15:00,2024,3,20,19,15,93,93066,Avenue du Président Wilson / Rue du Landy,48.915427,2.357656,Nuit avec éclairage allumé,En agglomération,Intersection à plus de 4 branches,Normale,Deux véhicules - côté,3,3,4,1,1,2,1,0,1,50,2,2,1,0,0,1,38.0,23.0,deux_roues,voiture,5,2,5,1,3
202400005663,2024-03-20 11:50:00,2024,3,20,11,50,93,93064,Rue Lavoisier,48.862656,2.493578,Plein jour,En agglomération,Hors intersection,Normale,Trois véhicules et plus - en chaîne,3,2,2,0,1,1,1,0,1,50,3,3,1,0,0,2,26.0,39.0,utilitaire_camion,voiture,1,2,1,1,4
202400005664,2024-07-07 05:00:00,2024,7,7,5,0,92,92051,"GENERAL LECLERC (BOULEVARD DU, N° 1 A 27",48.8892771,2.25936091,Crépuscule ou aube,En agglomération,Hors intersection,Normale,Sans collision,3,-1,1,0,1,1,1,0,1,50,1,1,0,0,0,1,23.0,,deux_roues,,2,2,1,1,7
202400005665,2024-07-07 05:45:00,2024,7,7,5,45,92,92050,CLEMENCEAU GEORGES AVENUE N° PAIR,48.88563867,2.21943516,Crépuscule ou aube,En agglomération,Hors intersection,Normale,Sans collision,3,2,2,1,1,1,1,0,1,50,1,2,1,0,0,1,30.0,,deux_roues,,2,2,1,1,7
202400005666,2024-03-19 12:05:00,2024,3,19,12,5,93,93053,Avenue Marceau / Boulevard Michelet,48.89049,2.4595,Plein jour,En agglomération,Intersection à plus de 4 branches,Normale,Deux véhicules - frontale,3,1,1,2,1,1,1,0,1,-1,2,3,2,0,0,1,12.0,23.0,deux_roues,voiture,1,2,5,1,1
202400005666,2024-03-19 12:05:00,2024,3,19,12,5,93,93053,Avenue Marceau / Boulevard Michelet,48.89049,2.4595,Plein jour,En agglomération,Intersection à plus de 4 branches,Normale,Deux véhicules - frontale,3,1,1,0,1,1,1,5,1,30,2,3,2,0,0,1,12.0,23.0,deux_roues,voiture,1,2,5,1,1
202400005667,2024-07-07 16:45:00,2024,7,7,16,45,78,78356,D91,48.745436,2.020304,Plein jour,Hors agglomération,Hors intersection,Normale,Sans collision,3,2,2,0,2,1,1,0,1,50,1,1,0,0,1,0,43.0,,deux_roues,,1,1,1,1,7
202400005668,2024-03-20 12:30:00,2024,3,20,12,30,93,93071,Allée de Villenaut,48.92976274,2.51717949,Plein jour,En agglomération,Hors intersection,Normale,Deux véhicules - côté,3,3,3,0,1,1,1,0,1,50,2,2,1,0,0,1,20.0,37.0,voiture,deux_roues,1,2,1,1,3
202400005669,2024-03-20 12:30:00,2024,3,20,12,30,92,92046,GABRIEL PERI,48.8192484,2.29763675,Plein jour,En agglomération,Hors intersection,Normale,Deux véhicules - côté,3,2,4,0,1,1,1,0,1,50,2,2,1,0,0,1,15.0,53.0,deux_roues,voiture,1,2,1,1,3
202400005670,2024-07-06 21:15:00,2024,7,6,21,15,76,76543,D149 Intersection route de raffetot,49.610962,0.497644,Plein jour,Hors agglomération,Intersection en X,Normale,Deux véhicules - côté,3,2,2,0,1,1,1,0,1,80,2,2,1,0,0,1,25.0,24.0,voiture,voiture,1,1,2,1,3
202400005670,2024-07-06 21:15:00,2024,7,6,21,15,76,76543,D149 Intersection route de raffetot,49.610962,0.497644,Plein jour,Hors agglomération,Intersection en X,Normale,Deux véhicules - côté,3,2, -1,-1,1,1,1,0,1,-1,2,2,1,0,0,1,25.0,24.0,voiture,voiture,1,1,2,1,3
202400005671,2024-07-07 17:00:00,2024,7,7,17,0,49,49244,Le Calcaire (Montjean-sur-Loire),47.371417,-0.83429,Plein jour,Hors agglomération,Hors intersection,Temps couvert,Sans collision,3,2,2,0,1,1,1,0,1,80,1,1,0,0,1,0,48.0,,voiture,,1,1,1,8,7
202400005672,2024-03-20 19:38:00,2024,3,20,19,38,92,92073,PONT DE SURESNES,48.86689677,2.229406,Nuit avec éclairage allumé,En agglomération,Autre intersection,Normale,Trois véhicules et plus - en chaîne,3,1,6,0,1,1,1,2,1,50,3,3,2,0,0,1,46.0,47.0,deux_roues,voiture,5,2,9,1,4
202400005673,2024-07-07 19:15:00,2024,7,7,19,15,08,08232,D129,49.737749,4.95625,Plein jour,Hors agglomération,Hors intersection,Normale,Deux véhicules - frontale,3,2,2,0,4,1,1,0,1,80,2,2,1,1,0,0,23.0,27.0,voiture,deux_roues,1,1,1,1,1
202400005674,2024-03-20 12:29:00,2024,3,20,12,29,92,92012,JEAN JAURES (BOULEVARD) 217/FIN - 210/FI,48.83573,2.24232,Plein jour,En agglomération,Hors intersection,Normale,Deux véhicules - arrière,3,2,2,0,1,1,1,6,1,50,2,2,1,0,0,1,33.0,23.0,deux_roues,voiture,1,2,1,1,2
202400005675,2024-07-06 09:15:00,2024,7,6,9,15,62,62745,Rue de Loison,50.470084,1.90792,Plein jour,Hors agglomération,Intersection en T,Pluie légère,Sans collision,4,2,2,0,2,1,2,0,1,50,1,1,0,0,1,0,55.0,,deux_roues,,1,1,3,2,7
202400005675,2024-07-06 09:15:00,2024,7,6,9,15,62,62745,Rue de Loison,50.470084,1.90792,Plein jour,Hors agglomération,Intersection en T,Pluie légère,Sans collision,4,2,2,0,4,3,2,0,1,50,1,1,0,0,1,0,55.0,,deux_roues,,1,1,3,2,7
202400005676,2024-03-21 17:15:00,2024,3,21,17,15,51,51423,Route de Maurupt,48.755099,4.841988,Plein jour,En agglomération,Hors intersection,Normale,Autre collision,3,2,2,0,1,2,1,0,8,70,1,1,0,1,0,0,48.0,,deux_roues,,1,2,1,1,6
202400005677,2024-07-08 05:35:00,2024,7,8,5,35,28,28085,A11 PK 056+500 vers PARIS,48.438027,1.524353,Crépuscule ou aube,Hors agglomération,Hors intersection,Normale,Autre collision,1,3,3,0,1,1,1,0,1,130,1,2,0,0,0,2,35.0,,voiture,,2,1,1,1,6
202400005678,2024-03-21 15:10:00,2024,3,21,15,10,05,05174,route de Pont Saint Esprit,44.912692,6.671973,Plein jour,Hors agglomération,Intersection en T,Normale,Deux véhicules - côté,2,2,2,0,1,1,1,0,1,80,2,2,1,0,0,1,59.0,54.0,deux_roues,voiture,1,1,3,1,3
202400005678,2024-03-21 15:10:00,2024,3,21,15,10,05,05174,route de Pont Saint Esprit,44.912692,6.671973,Plein jour,Hors agglomération,Intersection en T,Normale,Deux véhicules - côté,2,2,2,0,1,2,1,0,1,80,2,2,1,0,0,1,59.0,54.0,deux_roues,voiture,1,1,3,1,3
202400005679,2024-07-07 23:00:00,2024,7,7,23,0,71,71481,Autoroute A6 PK 401.300 sens PARIS LYON,46.19831,4.778141,Nuit sans éclairage public,Hors agglomération,Hors intersection,Normale,Autre collision,1,3,5,0,1,1,1,0,1,130,1,1,0,0,1,0,36.0,,voiture,,3,1,1,1,6
202400005680,2024-03-20 18:10:00,2024,3,20,18,10,76,76404,D31,49.55247514,0.24805496,Plein jour,Hors agglomération,Intersection en X,Normale,Deux véhicules - frontale,3,2,2,0,1,1,1,0,1,70,2,3,2,0,1,0,20.0,80.0,deux_roues,voiture,1,1,2,1,1
202400005680,2024-03-20 18:10:00,2024,3,20,18,10,76,76404,D31,49.55247514,0.24805496,Plein jour,Hors agglomération,Intersection en X,Normale,Deux véhicules - frontale,3,2, -1,-1,1,1,1,0,1,-1,2,3,2,0,1,0,20.0,80.0,deux_roues,voiture,1,1,2,1,1
202400005681,2024-07-07 17:00:00,2024,7,7,17,0,67,67437,38 Rue de Dettwiller,48.740502,7.375194,Plein jour,En agglomération,Hors intersection,Normale,Sans collision,3,2,2,0,1,1,1,9,8,40,1,1,0,0,1,0,57.0,,deux_roues,,1,2,1,1,7
202400005682,2024-07-07 18:00:00,2024,7,7,18,0,22,22229,intersection Départementale 8 et départementale 790,48.296603,-3.223833,Plein jour,Hors agglomération,Intersection en T,Normale,Deux véhicules - côté,3,2,2,0,1,1,1,5,1,80,2,2,1,0,1,0,59.0,47.0,utilitaire_camion,deux_roues,1,1,3,1,3
202400005682,2024-07-07 18:00:00,2024,7,7,18,0,22,22229,intersection Départementale 8 et départementale 790,48.296603,-3.223833,Plein jour,Hors agglomération,Intersection en T,Normale,Deux véhicules - côté,3,2,1,0,1,1,1,5,1,80,2,2,1,0,1,0,59.0,47.0,utilitaire_camion,deux_roues,1,1,3,1,3
202400005683,2024-03-20 16:55:00,2024,3,20,16,55,74,74112,Avenue du Centre,45.933778,6.084972,Plein jour,En agglomération,Hors intersection,Normale,Trois véhicules et plus - collisions multiples,4,2,2,0,1,2,1,5,1,50,4,5,3,0,0,2,37.0,41.0,voiture,utilitaire_camion,1,2,1,1,5
202400005684,2024-03-21 09:35:00,2024,3,21,9,35,77,77242,D 412,48.486953,3.231697,Plein jour,En agglomération,Hors intersection,Normale,Autre collision,3,2,2,0,1,1,1,0,3,80,1,1,0,1,0,0,59.0,,voiture,,1,2,1,1,6
202400005685,2024-07-08 13:35:00,2024,7,8,13,35,83,83070,Avenue du Cap Nègre,43.151783,6.444195,Plein jour,En agglomération,Intersection en T,Normale,Deux véhicules - côté,3,2,2,0,2,1,1,0,1,50,2,2,1,0,1,0,60.0,18.0,voiture,deux_roues,1,2,3,1,3
202400005685,2024-07-08 13:35:00,2024,7,8,13,35,83,83070,Avenue du Cap Nègre,43.151783,6.444195,Plein jour,En agglomération,Intersection en T,Normale,Deux véhicules - côté,3,2, -1,-1,1,1,1,0,1,-1,2,2,1,0,1,0,60.0,18.0,voiture,deux_roues,1,2,3,1,3
202400005686,2024-07-07 15:35:00,2024,7,7,15,35,41,41184,bellevue,47.690501,0.936649,Plein jour,Hors agglomération,Hors intersection,Normale,Sans collision,3,2,2,0,1,1,1,0,1,80,1,1,0,0,0,1,19.0,,deux_roues,,1,1,1,1,7
202400005687,2024-03-21 16:45:00,2024,3,21,16,45,79,79096,,46.846984,-0.699584,Plein jour,Hors agglomération,Intersection en X,Normale,Deux véhicules - arrière,3,-1,2,0,3,1,1,0,3,70,2,3,2,0,1,0,37.0,57.0,transport_commun,utilitaire_camion,1,1,2,1,2
202400005687,2024-03-21 16:45:00,2024,3,21,16,45,79,79096,,46.846984,-0.699584,Plein jour,Hors agglomération,Intersection en X,Normale,Deux véhicules - arrière,3,2,2,-1,1,1,1,0,1,80,2,3,2,0,1,0,37.0,57.0,transport_commun,utilitaire_camion,1,1,2,1,2
202400005688,2024-03-21 19:24:00,2024,3,21,19,24,2B,2B096,pk 1 T50,42.301393,9.166793,Nuit avec éclairage allumé,En agglomération,Autre intersection,Normale,Deux véhicules - côté,2,2,2,1,1,1,1,0,1,50,2,2,1,0,1,0,68.0,17.0,utilitaire_camion,deux_roues,5,2,9,1,3
202400005689,2024-07-08 19:56:00,2024,7,8,19,56,62,62773,D52,50.63626111,1.77467121,Plein jour,Hors agglomération,Hors intersection,Temps couvert,Sans collision,3,2,2,0,2,1,1,0,8,-1,1,1,0,0,1,0,48.0,,utilitaire_camion,,1,1,1,8,7
202400005690,2024-03-20 20:22:00,2024,3,20,20,22,82,82156,D15,43.993934,0.982418,Nuit sans éclairage public,Hors agglomération,Autre intersection,Pluie légère,Autre collision,3,2,2,0,1,1,2,0,8,80,1,1,0,0,1,0,69.0,,voiture,,3,1,9,2,6
202400005691,2024-07-06 14:14:00,2024,7,6,14,14,56,56101,Le Faouët Bodery,47.868625,-3.067546,Plein jour,Hors agglomération,Hors intersection,Normale,Sans collision,2,3,4,0,2,1,1,0,1,110,1,3,2,0,0,1,48.0,,voiture,,1,1,1,1,7
202400005692,2024-03-20 16:40:00,2024,3,20,16,40,71,71367,RD 678,46.639301,5.28429,Plein jour,Hors agglomération,Hors intersection,Normale,Trois véhicules et plus - collisions multiples,3,2,2,0,2,1,1,0,1,90,4,5,3,0,1,1,21.0,58.0,voiture,voiture,1,1,1,1,5
202400005693,2024-07-08 09:20:00,2024,7,8,9,20,69,69248,1100 Route de la Montagne (Marnand),46.0392709,4.32703395,Plein jour,Hors agglomération,Hors intersection,Normale,Autre collision,3,2,2,0,1,2,1,0,1,80,1,2,0,0,2,0,76.0,,voiture,,1,1,1,1,6
202400005694,2024-03-21 12:55:00,2024,3,21,12,55,49,49215,D347,47.101849,-0.098405,Plein jour,Hors agglomération,Intersection en X,Normale,Deux véhicules - côté,3,2,2,0,1,1,1,0,1,80,2,3,2,0,0,1,63.0,26.0,voiture,voiture,1,1,2,1,3
202400005694,2024-03-21 12:55:00,2024,3,21,12,55,49,49215,D347,47.101849,-0.098405,Plein jour,Hors agglomération,Intersection en X,Normale,Deux véhicules - côté,3,2,2,0,1,1,1,0,1,90,2,3,2,0,0,1,63.0,26.0,voiture,voiture,1,1,2,1,3
202400005695,2024-03-20 17:00:00,2024,3,20,17,0,12,12286,LE PONT DE LA BOURSE,43.909519,2.746968,Plein jour,Hors agglomération,Hors intersection,Normale,Autre collision,3,2,2,0,1,4,1,2,3,90,1,1,0,0,1,0,72.0,,voiture,,1,1,1,1,6
202400005696,2024-06-18 21:24:00,2024,6,18,21,24,69,69066,Rue Georges Clémenceau,46.100372,4.322332,Crépuscule ou aube,En agglomération,Intersection en T,Normale,Deux véhicules - côté,3,2,2,0,2,1,1,0,1,50,2,5,4,0,0,1,20.0,19.0,voiture,voiture,2,2,3,1,3
202400005696,2024-06-18 21:24:00,2024,6,18,21,24,69,69066,Rue Georges Clémenceau,46.100372,4.322332,Crépuscule ou aube,En agglomération,Intersection en T,Normale,Deux véhicules - côté,3,2,2,0,1,1,1,0,1,-1,2,5,4,0,0,1,20.0,19.0,voiture,voiture,2,2,3,1,3
202400005697,2024-03-20 15:30:00,2024,3,20,15,30,47,47306,route de castelmoron,44.3800579,0.50046685,Plein jour,Hors agglomération,Hors intersection,Normale,Autre collision,3,2,2,0,1,1,1,0,8,80,1,7,1,0,1,5,24.0,,voiture,,1,1,1,1,6
202400005698,2024-07-08 18:26:00,2024,7,8,18,26,71,71263,Rue de Gruay,46.635664,5.212516,Plein jour,En agglomération,Intersection en T,Normale,Trois véhicules et plus - collisions multiples,3,2,2,0,1,1,1,0,1,30,3,3,2,0,0,1,42.0,32.0,voiture,deux_roues,1,2,3,1,5
202400005698,2024-07-08 18:26:00,2024,7,8,18,26,71,71263,Rue de Gruay,46.635664,5.212516,Plein jour,En agglomération,Intersection en T,Normale,Trois véhicules et plus - collisions multiples,3,2,2,0,1,1,1,0,1,30,3,3,2,0,0,1,42.0,32.0,voiture,deux_roues,1,2,3,1,5
202400005699,2024-03-20 17:00:00,2024,3,20,17,0,68,68018,D103,47.659251,7.158097,Plein jour,Hors agglomération,Intersection en T,Normale,Deux véhicules - frontale,3,2,2,0,1,2,1,5,1,80,2,2,1,0,1,0,63.0,76.0,voiture,deux_roues,1,1,3,1,1
202400005699,2024-03-20 17:00:00,2024,3,20,17,0,68,68018,D103,47.659251,7.158097,Plein jour,Hors agglomération,Intersection en T,Normale,Deux véhicules - frontale,3,2, -1,-1,1,1,1,0,1,-1,2,2,1,0,1,0,63.0,76.0,voiture,deux_roues,1,1,3,1,1
202400005700,2024-07-08 19:55:00,2024,7,8,19,55,71,71162,Rue de la Côte,46.980094,4.347363,Crépuscule ou aube,En agglomération,Intersection en T,Normale,Deux véhicules - côté,3,2,2,3,1,1,1,0,1,50,2,2,1,0,1,0,57.0,51.0,deux_roues,voiture,2,2,3,1,3
202400005700,2024-07-08 19:55:00,2024,7,8,19,55,71,71162,Rue de la Côte,46.980094,4.347363,Crépuscule ou aube,En agglomération,Intersection en T,Normale,Deux véhicules - côté,3,2,2,0,1,1,1,0,1,50,2,2,1,0,1,0,57.0,51.0,deux_roues,voiture,2,2,3,1,3
202400005701,2024-07-06 22:45:00,2024,7,6,22,45,71,71014,Route de Saint Denis,46.971691,4.329327,Nuit sans éclairage public,Hors agglomération,Hors intersection,Normale,Sans collision,3,2,2,0,1,1,9,8,3,50,1,2,0,0,0,2,17.0,,voiture,,3,1,1,1,7
202400005702,2024-03-21 09:00:00,2024,3,21,9,0,35,35327,N157,48.103262,-1.461343,Plein jour,Hors agglomération,Hors intersection,Normale,Deux véhicules - arrière,2,3,5,0,1,1,1,0,1,110,2,2,1,0,1,0,23.0,24.0,voiture,utilitaire_camion,1,1,1,1,2
202400005703,2024-07-08 09:45:00,2024,7,8,9,45,89,89025,rue Carnot,47.492397,3.908306,Plein jour,En agglomération,Hors intersection,Normale,Autre collision,3,2,2,0,1,1,1,0,1,50,1,2,1,0,0,1,69.0,,voiture,,1,2,1,1,6
202400005704,2024-03-19 19:50:00,2024,3,19,19,50,35,35023,D62,48.15609965,-1.96922824,Nuit sans éclairage public,Hors agglomération,Hors intersection,Normale,Deux véhicules - frontale,3,2,2,0,1,4,1,0,1,80,2,2,1,0,1,0,,42.0,autre,deux_roues,3,1,1,1,1
202400005705,2024-07-07 16:45:00,2024,7,7,16,45,89,89419,D965,47.7388,3.3332,Plein jour,Hors agglomération,Hors intersection,Normale,Deux véhicules - frontale,3,2,3,0,1,1,1,0,1,90,2,3,0,1,0,2,20.0,69.0,voiture,voiture,1,1,1,1,1
202400005706,2024-03-18 19:40:00,2024,3,18,19,40,38,38144,D53,45.580496,5.063099,Nuit avec éclairage non allumé,Hors agglomération,Intersection en Y,Normale,Trois véhicules et plus - collisions multiples,3,2,2,0,2,1,1,0,1,70,3,3,1,0,0,2,30.0,43.0,voiture,voiture,4,1,4,1,5
202400005706,2024-03-18 19:40:00,2024,3,18,19,40,38,38144,D53,45.580496,5.063099,Nuit avec éclairage non allumé,Hors agglomération,Intersection en Y,Normale,Trois véhicules et plus - collisions multiples,3,2,2,0,1,1,1,0,3,80,3,3,1,0,0,2,30.0,43.0,voiture,voiture,4,1,4,1,5
202400005707,2024-07-07 21:25:00,2024,7,7,21,25,76,76374,rue Jules Verne,50.015682,1.498134,Crépuscule ou aube,En agglomération,Giratoire,Normale,Deux véhicules - côté,3,2,2,0,1,1,1,0,1,50,2,2,1,0,0,1,60.0,17.0,voiture,deux_roues,2,2,6,1,3
202400005707,2024-07-07 21:25:00,2024,7,7,21,25,76,76374,rue Jules Verne,50.015682,1.498134,Crépuscule ou aube,En agglomération,Giratoire,Normale,Deux véhicules - côté,3,2, -1,-1,1,1,1,0,1,-1,2,2,1,0,0,1,60.0,17.0,voiture,deux_roues,2,2,6,1,3
202400005708,2024-03-21 16:20:00,2024,3,21,16,20,03,03188,D987,46.288596,3.253638,Plein jour,Hors agglomération,Intersection en T,Normale,Deux véhicules - frontale,3,2,2,0,2,1,1,0,1,90,2,2,1,0,1,0,57.0,41.0,deux_roues,utilitaire_camion,1,1,3,1,1
202400005708,2024-03-21 16:20:00,2024,3,21,16,20,03,03188,D987,46.288596,3.253638,Plein jour,Hors agglomération,Intersection en T,Normale,Deux véhicules - frontale,3,2,2,0,1,1,1,0,8,90,2,2,1,0,1,0,57.0,41.0,deux_roues,utilitaire_camion,1,1,3,1,1
202400005709,2024-07-07 03:52:00,2024,7,7,3,52,49,49002,Route du Gue de Louet,47.334037,0.027488,Nuit sans éclairage public,Hors agglomération,Intersection en T,Normale,Autre collision,3,2,2,0,1,1,1,0,8,70,1,2,1,0,1,0,19.0,,voiture,,3,1,3,1,6
202400005709,2024-07-07 03:52:00,2024,7,7,3,52,49,49002,Route du Gue de Louet,47.334037,0.027488,Nuit sans éclairage public,Hors agglomération,Intersection en T,Normale,Autre collision,3,2, -1,-1,1,1,1,0,1,-1,1,2,1,0,1,0,19.0,,voiture,,3,1,3,1,6