accident_id,datetime,annee,mois,jour,heure,minute,departement,commune_insee,adresse,latitude,longitude,luminosite,agglomeration,intersection,meteo,collision,catr,circ,nbv,vosp,prof,plan,surf,infra,situ,vma,nb_vehicules,nb_usagers,nb_indemnes,nb_tues,nb_blesses_hosp,nb_blesses_legers,age_cond_1,age_cond_2,veh_type_cond_1,veh_type_cond_2,lum_code,agg_code,int_code,atm_code,col_code
202400005710,2024-03-19 10:30:00,2024,3,19,10,30,58,58082,D161,47.121169,3.931459,Plein jour,Hors agglomération,Hors intersection,Normale,Sans collision,3,2,2,0,1,1,1,0,1,-1,1,1,0,1,0,0,72.0,,voiture,,1,1,1,1,7
202400005711,2024-07-07 08:30:00,2024,7,7,8,30,29,29250,D769,48.22186042,-3.5874725,Crépuscule ou aube,Hors agglomération,Hors intersection,Normale,Autre collision,3,3,0,0,1,3,1,0,3,90,1,1,0,0,1,0,59.0,,voiture,,2,1,1,1,6
202400005712,2024-03-19 18:20:00,2024,3,19,18,20,66,66015,,42.562462,2.878407,Plein jour,En agglomération,Hors intersection,Normale,Sans collision,3,2,2,0,2,3,1,0,3,50,1,1,0,0,0,1,46.0,,deux_roues,,1,2,1,1,7
202400005713,2024-06-25 08:15:00,2024,6,25,8,15,38,38029,97 Rue des Canuts,45.578892,5.526528,Plein jour,En agglomération,Hors intersection,Normale,Autre collision,3,1,2,0,2,1,1,0,1,50,1,1,0,0,1,0,41.0,,voiture,,1,2,1,1,6
202400005714,2024-07-07 17:30:00,2024,7,7,17,30,02,02185,D11,49.126606,3.180006,Plein jour,Hors agglomération,Hors intersection,Normale,Sans collision,3,2,2,0,1,2,1,0,1,80,1,1,0,0,0,1,42.0,,deux_roues,,1,1,1,1,7
202400005715,2024-07-07 20:00:00,2024,7,7,20,0,03,03089,Chemin des trois virons,46.216783,3.006542,Plein jour,Hors agglomération,Hors intersection,Normale,Autre collision,3,2,2,0,1,3,1,0,3,90,1,1,0,0,0,1,26.0,,voiture,,1,1,1,1,6
202400005716,2024-03-21 12:15:00,2024,3,21,12,15,06,06153,Saint-Dalmas,44.066493,7.202214,Plein jour,En agglomération,Hors intersection,Normale,Trois véhicules et plus - collisions multiples,7,2,2,0,2,2,1,0,1,50,3,5,3,0,1,1,39.0,44.0,deux_roues,voiture,1,2,1,1,5
202400005717,2024-07-07 16:05:00,2024,7,7,16,5,01,01147,Route de la Bresse,46.418911,5.293533,Plein jour,En agglomération,Hors intersection,Normale,Sans collision,3,2,2,0,1,1,1,0,1,50,1,1,0,0,1,0,48.0,,deux_roues,,1,2,1,1,7
202400005718,2024-07-08 15:50:00,2024,7,8,15,50,26,26112,1635 Route des Alpes,44.387891,5.2316,Plein jour,Hors agglomération,Hors intersection,Normale,Deux véhicules - côté,3,2,2,0,1,2,1,0,1,80,2,2,1,0,1,0,55.0,69.0,deux_roues,utilitaire_camion,1,1,1,1,3
202400005719,2024-07-06 17:15:00,2024,7,6,17,15,58,58039,Route Buissonniére,47.420734,3.605704,Plein jour,En agglomération,Hors intersection,Normale,Deux véhicules - côté,3,2,2,0,2,1,1,0,1,50,2,3,1,0,2,0,65.0,46.0,voiture,deux_roues,1,2,1,1,3
202400005720,2024-07-06 16:18:00,2024,7,6,16,18,14,14578,Route de Trouville,49.355421,0.170822,Plein jour,Hors agglomération,Intersection en T,Normale,Deux véhicules - côté,3,2,2,0,1,1,1,0,1,70,2,3,2,0,1,0,42.0,70.0,voiture,voiture,1,1,3,1,3
202400005720,2024-07-06 16:18:00,2024,7,6,16,18,14,14578,Route de Trouville,49.355421,0.170822,Plein jour,Hors agglomération,Intersection en T,Normale,Deux véhicules - côté,3,2,2,0,1,1,1,0,1,70,2,3,2,0,1,0,42.0,70.0,voiture,voiture,1,1,3,1,3
202400005721,2024-07-08 12:35:00,2024,7,8,12,35,05,05184,D1085,44.405964,5.960941,Plein jour,Hors agglomération,Hors intersection,Normale,Deux véhicules - arrière,3,2,2,1,1,1,1,0,1,80,2,2,1,0,1,0,29.0,63.0,utilitaire_camion,deux_roues,1,1,1,1,2
202400005722,2024-07-08 10:00:00,2024,7,8,10,0,50,50615,Boulevard de Verdun,49.507652,-1.466197,Plein jour,En agglomération,Hors intersection,Pluie légère,Deux véhicules - frontale,3,2,2,1,1,1,2,0,1,30,2,2,1,0,1,0,79.0,39.0,voiture,utilitaire_camion,1,2,1,2,1
202400005723,2024-07-07 16:00:00,2024,7,7,16,0,16,16339,,45.82084,-0.115925,Plein jour,Hors agglomération,Hors intersection,Normale,Deux véhicules - frontale,4,2,2,0,1,1,1,0,1,80,2,3,2,0,0,1,24.0,37.0,voiture,voiture,1,1,1,1,1
202400005724,2024-07-07 11:30:00,2024,7,7,11,30,04,04166,Chemin de la Rouguière,43.815818,6.096929,Plein jour,En agglomération,Autre intersection,Normale,Autre collision,6,-1,0,0,1,1,1,0,8,15,1,2,1,0,1,0,85.0,,voiture,,1,2,9,1,6
202400005725,2024-07-07 17:22:00,2024,7,7,17,22,37,37064,D366,46.875142,0.875572,Plein jour,Hors agglomération,Intersection en X,Normale,Deux véhicules - côté,3,2,2,0,1,1,1,0,1,80,2,2,1,0,1,0,63.0,70.0,voiture,voiture,1,1,2,1,3
202400005725,2024-07-07 17:22:00,2024,7,7,17,22,37,37064,D366,46.875142,0.875572,Plein jour,Hors agglomération,Intersection en X,Normale,Deux véhicules - côté,3,2,2,0,1,1,1,0,1,80,2,2,1,0,1,0,63.0,70.0,voiture,voiture,1,1,2,1,3
202400005726,2024-07-07 12:10:00,2024,7,7,12,10,48,48086,D906,44.633742,3.892722,Plein jour,Hors agglomération,Hors intersection,Normale,Deux véhicules - frontale,3,2,2,0,1,1,1,0,1,90,2,2,1,0,1,0,73.0,34.0,voiture,voiture,1,1,1,1,1
202400005727,2024-07-08 12:20:00,2024,7,8,12,20,34,34333,D612,43.491771,3.774512,Plein jour,Hors agglomération,Autre intersection,Normale,Deux véhicules - arrière,3,2,2,0,2,1,1,0,1,70,2,2,1,0,0,1,16.0,26.0,deux_roues,deux_roues,1,1,9,1,2
202400005728,2024-07-08 12:33:00,2024,7,8,12,33,82,82037,PK 398+200 - A20,44.14251985,1.50102192,Plein jour,Hors agglomération,Hors intersection,Temps éblouissant,Autre collision,1,3,2,0,1,1,1,0,2,90,3,4,2,0,0,2,30.0,62.0,voiture,utilitaire_camion,1,1,1,7,6
202400005729,2024-07-01 16:00:00,2024,7,1,16,0,91,91085,le Bas de Torfou,48.546968,2.215762,Plein jour,Hors agglomération,Hors intersection,Normale,Deux véhicules - arrière,3,3,4,0,2,1,1,0,1,90,2,2,1,0,1,0,45.0,45.0,voiture,deux_roues,1,1,1,1,2
202400005730,2024-07-07 01:00:00,2024,7,7,1,0,31,31036,Route de Revel,43.531508,1.575744,Nuit sans éclairage public,Hors agglomération,Hors intersection,Pluie légère,Deux véhicules - frontale,3,2,2,0,1,3,2,0,1,80,2,4,1,0,0,3,23.0,24.0,voiture,voiture,3,1,1,2,1
202400005731,2024-07-08 00:15:00,2024,7,8,0,15,13,13087,lieu dit la bégude - D7N,43.489148,5.630997,Nuit sans éclairage public,Hors agglomération,Hors intersection,Normale,Deux véhicules - frontale,3,2,2,0,2,1,1,0,3,80,1,5,0,1,4,0,18.0,,voiture,,3,1,1,1,1
202400005732,2024-07-07 18:30:00,2024,7,7,18,30,45,45119,D2152,48.154463,2.227757,Plein jour,Hors agglomération,Hors intersection,Normale,Deux véhicules - frontale,3,2,2,0,1,1,1,0,1,90,2,3,0,1,2,0,68.0,53.0,voiture,voiture,1,1,1,1,1
202400005733,2024-06-25 07:55:00,2024,6,25,7,55,45,45254,Allée de Vieux Cours,47.66741,2.608373,Plein jour,En agglomération,Hors intersection,Normale,Deux véhicules - côté,4,2,2,0,1,1,1,0,1,90,2,2,1,0,0,1,23.0,58.0,deux_roues,voiture,1,2,1,1,3
202400005734,2024-07-07 05:20:00,2024,7,7,5,20,77,77364,D27,49.007532,2.772344,Crépuscule ou aube,Hors agglomération,Hors intersection,Normale,Sans collision,3,2,2,0,3,2,1,0,1,80,1,3,1,0,2,0,24.0,,utilitaire_camion,,2,1,1,1,7
202400005735,2024-07-08 12:35:00,2024,7,8,12,35,2A,2A247,D368,41.640807,9.22374,Plein jour,Hors agglomération,Hors intersection,Normale,Deux véhicules - côté,3,2,2,0,1,3,1,0,1,70,2,2,1,0,1,0,28.0,32.0,deux_roues,utilitaire_camion,1,1,1,1,3
202400005736,2024-07-08 01:08:00,2024,7,8,1,8,66,66037,Boulevard de la Cote Radieuse,42.678824,3.031215,Nuit avec éclairage allumé,En agglomération,Autre intersection,Normale,Autre collision,4,3,2,0,1,3,1,0,8,50,1,3,0,0,0,3,20.0,,voiture,,5,2,9,1,6
202400005737,2024-07-08 19:15:00,2024,7,8,19,15,83,83065,Route Departementale 98a,43.261601,6.596952,Plein jour,Hors agglomération,Hors intersection,Normale,Deux véhicules - côté,3,2,2,1,1,1,1,0,1,50,2,2,1,0,1,0,44.0,49.0,voiture,deux_roues,1,1,1,1,3
202400005738,2024-07-07 20:31:00,2024,7,7,20,31,13,13119,Boulevard du Marechal Juin,43.255952,5.566238,Plein jour,En agglomération,Hors intersection,Normale,Deux véhicules - côté,3,2,2,3,1,1,1,6,4,30,1,1,0,0,1,0,50.0,,deux_roues,,1,2,1,1,3
202400005739,2024-07-08 08:50:00,2024,7,8,8,50,57,57348,2 Rue de la Gare,49.105905,7.003328,Plein jour,En agglomération,Hors intersection,Normale,Sans collision,3,2,2,0,1,3,1,0,1,50,1,1,0,1,0,0,55.0,,voiture,,1,2,1,1,7
202400005740,2024-07-04 19:15:00,2024,7,4,19,15,73,73178,D61 Route de la Motte,45.72872778,6.13000004,Plein jour,Hors agglomération,Hors intersection,Normale,Sans collision,3,2,2,0,2,1,1,0,8,80,1,1,0,0,0,1,16.0,,deux_roues,,1,1,1,1,7
202400005741,2024-07-07 16:46:00,2024,7,7,16,46,69,69019,Route du Pizay,46.130051,4.72609,Plein jour,Hors agglomération,Hors intersection,Normale,Autre collision,3,2,2,0,1,1,1,0,3,80,1,2,1,1,0,0,58.0,,utilitaire_camion,,1,1,1,1,6
202400005742,2024-07-06 12:20:00,2024,7,6,12,20,65,65123,1154 rte des 2 cols,43.003455,0.192539,Plein jour,Hors agglomération,Hors intersection,Pluie légère,Autre collision,3,2,2,0,1,1,2,0,3,70,1,1,0,0,1,0,80.0,,utilitaire_camion,,1,1,1,2,6
202400005743,2024-07-08 09:30:00,2024,7,8,9,30,17,17155,Rue Charles Hérve,45.732116,-1.098901,Plein jour,En agglomération,Intersection à plus de 4 branches,Temps éblouissant,Autre collision,3,2,2,0,1,2,1,5,1,50,1,2,1,0,1,0,83.0,,voiture,,1,2,5,7,6
202400005743,2024-07-08 09:30:00,2024,7,8,9,30,17,17155,Rue Charles Hérve,45.732116,-1.098901,Plein jour,En agglomération,Intersection à plus de 4 branches,Temps éblouissant,Autre collision,3,2,2,-1,1,1,1,5,1,50,1,2,1,0,1,0,83.0,,voiture,,1,2,5,7,6
202400005744,2024-07-07 17:20:00,2024,7,7,17,20,27,27279,Route de la Roche Guyon,49.084073,1.612061,Plein jour,En agglomération,Intersection en X,Normale,Deux véhicules - côté,3,2,2,0,1,1,1,5,1,50,2,2,1,0,0,1,36.0,27.0,voiture,deux_roues,1,2,2,1,3
202400005744,2024-07-07 17:20:00,2024,7,7,17,20,27,27279,Route de la Roche Guyon,49.084073,1.612061,Plein jour,En agglomération,Intersection en X,Normale,Deux véhicules - côté,3,2,2,0,4,1,1,5,1,50,2,2,1,0,0,1,36.0,27.0,voiture,deux_roues,1,2,2,1,3
202400005745,2024-07-06 11:30:00,2024,7,6,11,30,62,62201,Rue de l’Eglise,50.5622314,1.61739564,Plein jour,En agglomération,Intersection en Y,Normale,Deux véhicules - frontale,4,2,2,0,2,3,1,0,1,50,2,4,2,0,1,1,23.0,85.0,voiture,voiture,1,2,4,1,1
202400005745,2024-07-06 11:30:00,2024,7,6,11,30,62,62201,Rue de l’Eglise,50.5622314,1.61739564,Plein jour,En agglomération,Intersection en Y,Normale,Deux véhicules - frontale,4,2,2,0,2,1,1,0,1,-1,2,4,2,0,1,1,23.0,85.0,voiture,voiture,1,2,4,1,1
202400005746,2024-09-15 00:01:00,2024,9,15,0,1,38,38442,447 Route du Col de Porte,45.335763,5.807278,Nuit sans éclairage public,Hors agglomération,Hors intersection,Normale,Autre collision,3,2,2,0,2,2,1,0,8,70,1,1,0,0,1,0,29.0,,voiture,,3,1,1,1,6
202400005747,2024-06-30 07:03:00,2024,6,30,7,3,59,59401,Route du Mont des Cats,50.774774,2.66274,Plein jour,Hors agglomération,Hors intersection,Normale,Deux véhicules - frontale,3,2,2,0,2,3,1,0,3,80,1,1,0,0,1,0,41.0,,voiture,,1,1,1,1,1
202400005748,2024-09-15 17:05:00,2024,9,15,17,5,26,26235,D59,44.360168,4.695625,Plein jour,En agglomération,Giratoire,Vent fort / tempête,Deux véhicules - arrière,3,2,1,0,1,1,1,0,5,50,2,4,3,0,0,1,50.0,30.0,deux_roues,voiture,1,2,6,6,2
202400005749,2024-07-06 00:31:00,2024,7,6,0,31,13,13005,A50-Sens Aubagne vers Marseille,43.28848507,5.54834252,Nuit sans éclairage public,Hors agglomération,Hors intersection,Normale,Deux véhicules - arrière,1,1,3,3,1,1,1,0,1,90,2,3,2,0,1,0,40.0,44.0,voiture,voiture,3,1,1,1,2
202400005750,2024-07-06 03:45:00,2024,7,6,3,45,69,69152,Route de Métropole 7,45.71187,4.82428,Nuit sans éclairage public,Hors agglomération,Hors intersection,Normale,Deux véhicules - arrière,7,3,6,0,1,1,1,0,1,70,2,4,2,0,0,2,43.0,,voiture,voiture,3,1,1,1,2
202400005751,2024-09-16 12:10:00,2024,9,16,12,10,69,69171,Route Départementale 389,45.82031579,4.60559912,Plein jour,Hors agglomération,Hors intersection,Normale,Trois véhicules et plus - collisions multiples,3,2,2,1,1,1,1,0,1,80,3,3,1,0,0,2,47.0,69.0,voiture,voiture,1,1,1,1,5
202400005752,2024-07-07 04:35:00,2024,7,7,4,35,42,42218,RN88,45.43468702,4.43040383,Nuit sans éclairage public,Hors agglomération,Hors intersection,Normale,Autre collision,2,3,4,0,2,1,2,0,1,70,1,1,0,1,0,0,31.0,,voiture,,3,1,1,1,6
202400005753,2024-09-15 16:40:00,2024,9,15,16,40,19,19211,D1089,45.18169991,1.63784553,Plein jour,En agglomération,Hors intersection,Normale,Deux véhicules - frontale,3,2,2,0,1,1,1,0,5,50,2,3,0,0,0,3,39.0,86.0,voiture,voiture,1,2,1,1,1
202400005754,2024-07-07 16:30:00,2024,7,7,16,30,91,91521,AUTOROUTE A6,48.6414259,2.39297032,Plein jour,Hors agglomération,Hors intersection,Normale,Trois véhicules et plus - en chaîne,1,3,3,0,1,1,1,0,1,110,4,4,3,0,0,1,38.0,24.0,voiture,voiture,1,1,1,1,4
202400005755,2024-08-21 08:41:00,2024,8,21,8,41,72,72244,Place Saint Pierre,47.766359,-0.324762,Crépuscule ou aube,En agglomération,Place,Normale,Autre collision,4,2,2,0,1,1,1,0,1,50,1,2,1,0,0,1,34.0,,voiture,,2,2,7,1,6
202400005756,2024-07-07 13:05:00,2024,7,7,13,5,91,91228,AUTOROUTE A6,48.62087,2.42492,Plein jour,Hors agglomération,Hors intersection,Normale,Trois véhicules et plus - en chaîne,1,1,3,0,1,1,1,0,1,110,3,3,2,0,0,1,52.0,47.0,voiture,voiture,1,1,1,1,4
202400005757,2024-09-14 15:20:00,2024,9,14,15,20,72,72154,Avenue Charles de Gaulle,47.685586,-0.078444,Plein jour,Hors agglomération,Intersection en X,Normale,Deux véhicules - côté,3,2,2,0,1,1,1,0,1,90,2,2,1,0,0,1,55.0,22.0,voiture,deux_roues,1,1,2,1,3
202400005757,2024-09-14 15:20:00,2024,9,14,15,20,72,72154,Avenue Charles de Gaulle,47.685586,-0.078444,Plein jour,Hors agglomération,Intersection en X,Normale,Deux véhicules - côté,3,2,1,0,1,1,1,0,1,-1,2,2,1,0,0,1,55.0,22.0,voiture,deux_roues,1,1,2,1,3
202400005758,2024-07-07 09:45:00,2024,7,7,9,45,77,77384,AUTOROUTE A5A,48.594397,2.637365,Plein jour,Hors agglomération,Hors intersection,Normale,Autre collision,1,2,2,0,1,1,1,3,3,110,1,1,0,0,0,1,45.0,,voiture,,1,1,1,1,6
202400005759,2024-07-07 08:40:00,2024,7,7,8,40,91,91363,RN 104,48.63401,2.21953,Plein jour,Hors agglomération,Hors intersection,Normale,Sans collision,2,1,2,0,1,1,1,0,1,110,1,1,0,0,0,1,36.0,,voiture,,1,1,1,1,7
202400005760,2024-09-16 15:15:00,2024,9,16,15,15,27,27436,D140,48.917381,1.00982,Plein jour,Hors agglomération,Hors intersection,Normale,Deux véhicules - arrière,3,2,2,0,1,1,1,0,1,80,2,2,1,0,1,0,20.0,52.0,deux_roues,utilitaire_camion,1,1,1,1,2
202400005761,2024-09-16 18:50:00,2024,9,16,18,50,33,33281,,44.82002,-0.67366,Plein jour,Hors agglomération,Hors intersection,Normale,Deux véhicules - arrière,1,3,6,0,1,1,1,0,1,70,2,2,1,0,0,1,21.0,32.0,deux_roues,deux_roues,1,1,1,1,2
202400005762,2024-07-07 02:50:00,2024,7,7,2,50,91,91347,RN 104,48.62216,2.28501,Nuit sans éclairage public,Hors agglomération,Hors intersection,Normale,Deux véhicules - côté,2,1,2,0,1,1,1,0,1,110,2,3,2,0,0,1,42.0,26.0,utilitaire_camion,voiture,3,1,1,1,3
202400005763,2024-07-06 17:00:00,2024,7,6,17,0,78,78158,A13,48.84007,2.11562,Plein jour,Hors agglomération,Hors intersection,Normale,Deux véhicules - arrière,1,1,4,0,1,1,1,0,1,110,2,3,1,0,0,2,74.0,24.0,voiture,voiture,1,1,1,1,2
202400005764,2024-09-13 08:30:00,2024,9,13,8,30,59,59560,AUTOROUTE A1,50.52478,3.04209,Plein jour,Hors agglomération,Hors intersection,Normale,Autre collision,1,3,3,0,1,1,1,0,1,130,3,3,2,0,1,0,22.0,30.0,voiture,voiture,1,1,1,1,6
202400005765,2024-09-13 07:50:00,2024,9,13,7,50,59,59532,AUTOROUTE A16,50.9587,2.16269,Crépuscule ou aube,Hors agglomération,Hors intersection,Pluie forte,Deux véhicules - arrière,1,3,2,0,1,1,2,0,1,130,2,2,1,0,0,1,57.0,28.0,voiture,voiture,2,1,1,3,2
202400005766,2024-07-07 18:10:00,2024,7,7,18,10,93,93078,A104,48.96165006,2.5451386,Plein jour,Hors agglomération,Hors intersection,Normale,Trois véhicules et plus - en chaîne,1,3,3,0,1,1,1,0,1,110,3,4,3,0,0,1,24.0,21.0,voiture,voiture,1,1,1,1,4
202400005767,2024-09-15 23:20:00,2024,9,15,23,20,91,91235,RN 104,48.62594,2.35302,Nuit sans éclairage public,Hors agglomération,Hors intersection,Normale,Deux véhicules - côté,2,2,2,0,2,3,1,3,1,50,2,2,1,0,1,0,22.0,28.0,voiture,deux_roues,3,1,1,1,3
202400005768,2024-07-06 21:45:00,2024,7,6,21,45,93,93053,A3,48.8833591,2.45795473,Plein jour,Hors agglomération,Hors intersection,Normale,Trois véhicules et plus - collisions multiples,1,3,2,0,2,1,1,0,1,90,3,3,2,0,0,1,30.0,47.0,voiture,voiture,1,1,1,1,5
202400005769,2024-09-15 22:40:00,2024,9,15,22,40,95,95675,A1,49.05632608,2.54910176,Nuit sans éclairage public,Hors agglomération,Hors intersection,Normale,Autre collision,1,3,3,0,1,1,1,0,1,130,1,6,0,0,0,6,37.0,,voiture,,3,1,1,1,6
202400005770,2024-07-06 11:10:00,2024,7,6,11,10,93,93027,A86,48.92581369,2.39761993,Plein jour,Hors agglomération,Hors intersection,Normale,Trois véhicules et plus - collisions multiples,1,3,3,0,1,1,1,0,1,90,4,4,3,0,0,1,33.0,57.0,voiture,voiture,1,1,1,1,5
202400005771,2024-09-15 21:15:00,2024,9,15,21,15,93,93066,AUTOROUTE A1,48.90515615,2.35842786,Nuit sans éclairage public,Hors agglomération,Hors intersection,Normale,Deux véhicules - arrière,1,3,4,0,1,1,1,9,1,90,2,2,1,0,1,0,23.0,27.0,deux_roues,voiture,3,1,1,1,2
202400005772,2024-07-05 17:50:00,2024,7,5,17,50,95,95306,A15,49.00273532,2.1701546,Plein jour,Hors agglomération,Hors intersection,Normale,Sans collision,1,3,3,0,1,1,1,0,1,110,1,1,0,0,0,1,33.0,,deux_roues,,1,1,1,1,7
202400005773,2024-09-15 17:45:00,2024,9,15,17,45,93,93078,AUTOROUTE A104,48.96300436,2.52239723,Plein jour,Hors agglomération,Hors intersection,Normale,Deux véhicules - arrière,1,-1,2,0,1,2,1,0,1,70,2,2,1,0,0,1,28.0,24.0,voiture,deux_roues,1,1,1,1,2
202400005774,2024-07-07 06:00:00,2024,7,7,6,0,77,77175,RN104,48.665522,2.612933,Crépuscule ou aube,Hors agglomération,Hors intersection,Normale,Deux véhicules - arrière,2,3,6,0,2,1,1,0,1,90,2,2,1,0,0,1,34.0,34.0,voiture,voiture,2,1,1,1,2
202400005775,2024-09-14 23:00:00,2024,9,14,23,0,93,93010,AUTOROUTE A3,48.89094081,2.47316485,Nuit avec éclairage non allumé,Hors agglomération,Hors intersection,Normale,Autre collision,1,3,4,0,1,1,1,3,1,90,1,2,1,0,0,1,55.0,,voiture,,4,1,1,1,6
202400005776,2024-09-14 21:20:00,2024,9,14,21,20,93,93078,AUTOROUTE A104,48.96569101,2.55693444,Nuit sans éclairage public,Hors agglomération,Hors intersection,Normale,Deux véhicules - arrière,1,3,3,0,1,1,1,0,2,110,2,2,1,0,0,1,60.0,55.0,voiture,voiture,3,1,1,1,2
202400005777,2024-07-06 19:30:00,2024,7,6,19,30,77,77294,A104,48.967294,2.603831,Plein jour,Hors agglomération,Hors intersection,Normale,Trois véhicules et plus - en chaîne,1,1,2,0,1,1,1,0,1,90,4,7,3,0,0,4,39.0,27.0,voiture,voiture,1,1,1,1,4
202400005778,2024-09-14 12:00:00,2024,9,14,12,0,93,93064,AUTOROUTE A86,48.87923146,2.47630036,Plein jour,Hors agglomération,Hors intersection,Normale,Deux véhicules - arrière,1,3,3,0,1,1,1,0,1,90,2,4,0,0,0,4,33.0,45.0,voiture,voiture,1,1,1,1,2
202400005779,2024-07-06 16:20:00,2024,7,6,16,20,94,94028,A86,48.7849558,2.44038354,Plein jour,Hors agglomération,Hors intersection,Normale,Deux véhicules - côté,1,1,3,0,1,1,1,0,1,90,2,3,1,0,0,2,19.0,30.0,voiture,deux_roues,1,1,1,1,3
202400005780,2024-09-13 13:15:00,2024,9,13,13,15,93,93027,AUTOROUTE A86,48.92479271,2.3919189,Plein jour,Hors agglomération,Hors intersection,Normale,Autre collision,1,3,8,0,1,1,1,0,1,90,1,1,0,0,0,1,63.0,,voiture,,1,1,1,1,6
202400005781,2024-07-06 14:50:00,2024,7,6,14,50,77,77141,A4,48.853363,2.837375,Plein jour,Hors agglomération,Hors intersection,Normale,Deux véhicules - côté,1,1,0,0,1,1,1,7,1,130,2,3,1,0,0,2,56.0,26.0,voiture,voiture,1,1,1,1,3
202400005782,2024-08-07 09:25:00,2024,8,7,9,25,93,93008,Avenue Paul Vaillant-Couturier,48.90894648,2.44997758,Plein jour,En agglomération,Hors intersection,Temps couvert,Deux véhicules - côté,3,3,4,3,1,1,2,0,1,50,2,2,1,0,0,1,36.0,38.0,deux_roues,voiture,1,2,1,8,3
202400005783,2024-07-06 14:00:00,2024,7,6,14,0,93,93051,A4,48.8349731,2.57612997,Plein jour,Hors agglomération,Hors intersection,Normale,Trois véhicules et plus - collisions multiples,1,-1,4,0,1,1,1,0,1,110,3,3,2,0,0,1,28.0,29.0,voiture,voiture,1,1,1,1,5
202400005784,2024-06-03 14:18:00,2024,6,3,14,18,93,93005,A3,48.96017102,2.47352704,Plein jour,Hors agglomération,Hors intersection,Normale,Deux véhicules - côté,1,3,3,0,1,1,1,0,1,90,2,2,1,0,0,1,33.0,29.0,deux_roues,voiture,1,1,1,1,3
202400005785,2024-07-03 20:40:00,2024,7,3,20,40,974,97407,VERDUN (BOULEVARD),-20.93942,55.29581,Nuit avec éclairage allumé,En agglomération,Autre intersection,Normale,Deux véhicules - côté,4,2,6,0,1,1,1,0,1,30,2,2,0,0,0,2,25.0,18.0,deux_roues,deux_roues,5,2,9,1,3
202400005786,2024-04-28 19:00:00,2024,4,28,19,0,93,93027,Rue Pierre Curie / Boulevard Pasteur,48.92095,2.38327,Plein jour,En agglomération,Intersection en X,Temps couvert,Deux véhicules - frontale,3,2,2,0,1,1,1,0,1,50,2,2,1,0,0,1,19.0,56.0,voiture,deux_roues,1,2,2,8,1
202400005786,2024-04-28 19:00:00,2024,4,28,19,0,93,93027,Rue Pierre Curie / Boulevard Pasteur,48.92095,2.38327,Plein jour,En agglomération,Intersection en X,Temps couvert,Deux véhicules - frontale,3,1,1,0,1,1,1,0,1,50,2,2,1,0,0,1,19.0,56.0,voiture,deux_roues,1,2,2,8,1
202400005787,2024-07-05 12:10:00,2024,7,5,12,10,93,93001,DANIELLE CASANOVA (RUE)  56 =>,48.918521,2.392694,Plein jour,En agglomération,Hors intersection,Normale,Autre collision,3,2,1,0,1,1,1,0,1,50,1,2,1,0,0,1,31.0,,deux_roues,,1,2,1,1,6
202400005788,2024-04-25 18:15:00,2024,4,25,18,15,93,93079,Route de Saint-Leu,48.95204,2.33827,Plein jour,En agglomération,Hors intersection,Normale,Deux véhicules - frontale,3,2,2,2,1,1,1,0,1,50,2,2,1,0,1,0,65.0,21.0,deux_roues,voiture,1,2,1,1,1
202400005789,2024-06-30 23:06:00,2024,6,30,23,6,44,44114,2 Rue de la Brise,47.25231515,-1.57647103,Nuit avec éclairage allumé,En agglomération,Intersection en T,Temps couvert,Sans collision,4,2,2,0,2,1,1,0,1,50,1,1,0,0,0,1,28.0,,deux_roues,,5,2,3,8,7
202400005789,2024-06-30 23:06:00,2024,6,30,23,6,44,44114,2 Rue de la Brise,47.25231515,-1.57647103,Nuit avec éclairage allumé,En agglomération,Intersection en T,Temps couvert,Sans collision,4,3,2,0,2,1,1,0,1,50,1,1,0,0,0,1,28.0,,deux_roues,,5,2,3,8,7
202400005790,2024-07-06 02:55:00,2024,7,6,2,55,976,97611,convalescence/vetivers-Seize Villas ( ru,-12.78003,45.22394,Nuit avec éclairage allumé,En agglomération,Hors intersection,Normale,Sans collision,4,1,2,0,2,1,1,0,4,50,1,2,1,0,0,1,37.0,,voiture,,5,2,1,1,7
202400005791,2024-04-21 14:40:00,2024,4,21,14,40,93,93079,Rue Maurice Paillard,48.9549,2.34654,Plein jour,En agglomération,Hors intersection,Normale,Deux véhicules - côté,4,2,2,0,1,1,1,0,8,50,2,2,0,0,0,2,30.0,21.0,voiture,voiture,1,2,1,1,3
202400005792,2024-07-05 14:00:00,2024,7,5,14,0,974,97416,HAVRE (RUE DU),-21.34017,55.4638,Plein jour,En agglomération,Hors intersection,Normale,Autre collision,4,2,2,2,1,1,1,0,1,50,1,2,1,0,0,1,33.0,,voiture,,1,2,1,1,6
202400005793,2024-04-20 16:15:00,2024,4,20,16,15,93,93079,Route de Saint-Leu / Rue des Berceaux,48.95001,2.34102,Plein jour,En agglomération,Intersection en T,Normale,Deux véhicules - côté,3,2,2,2,1,1,1,0,1,50,2,2,1,0,0,1,30.0,57.0,deux_roues,voiture,1,2,3,1,3