accident_id,datetime,annee,mois,jour,heure,minute,departement,commune_insee,adresse,latitude,longitude,luminosite,agglomeration,intersection,meteo,collision,catr,circ,nbv,vosp,prof,plan,surf,infra,situ,vma,nb_vehicules,nb_usagers,nb_indemnes,nb_tues,nb_blesses_hosp,nb_blesses_legers,age_cond_1,age_cond_2,veh_type_cond_1,veh_type_cond_2,lum_code,agg_code,int_code,atm_code,col_code
202400006069,2024-11-28 01:30:00,2024,11,28,1,30,49,49099,ATLANTIQUE (AVENUE DE L'),47.03603,-0.90583,Nuit sans éclairage public,Hors agglomération,Giratoire,Normale,Sans collision,3,2,2,0,1,1,1,0,1,50,1,1,0,0,0,1,23.0,,voiture,,3,1,6,1,7
202400006070,2024-04-28 12:20:00,2024,4,28,12,20,62,62128,Rue des Mésanges,50.3116093,2.93140179,Plein jour,En agglomération,Intersection en X,Normale,Deux véhicules - côté,4,2,2,0,1,1,1,0,1,30,2,5,3,0,1,1,69.0,19.0,voiture,deux_roues,1,2,2,1,3
202400006071,2024-11-25 16:50:00,2024,11,25,16,50,49,49099,PORTE BARON (RUE DE LA),47.05539,-0.87177,Plein jour,En agglomération,Hors intersection,Normale,Autre collision,4,2,2,0,2,1,1,0,1,30,1,2,1,0,0,1,34.0,,voiture,,1,2,1,1,6
202400006072,2024-09-15 20:07:00,2024,9,15,20,7,05,05046,D340,44.56041584,6.51233912,Crépuscule ou aube,Hors agglomération,Hors intersection,Normale,Sans collision,3,2,2,0,1,1,1,0,1,80,1,2,0,0,1,1,23.0,,deux_roues,,2,1,1,1,7
202400006073,2024-04-28 08:20:00,2024,4,28,8,20,59,59044,50 Rue de Lille,50.609317,3.232861,Plein jour,Hors agglomération,Hors intersection,Vent fort / tempête,Autre collision,7,1,2,1,1,1,1,0,3,70,1,1,0,0,1,0,56.0,,voiture,,1,1,1,6,6
202400006074,2024-04-26 20:40:00,2024,4,26,20,40,13,13202,Tunnel Joliette Marseille vers Aubagne,43.30399546,5.36676618,Nuit avec éclairage allumé,Hors agglomération,Hors intersection,Normale,Sans collision,1,-1,2,0,1,1,1,1,1,50,1,1,0,0,1,0,58.0,,deux_roues,,5,1,1,1,7
202400006075,2024-09-15 19:00:00,2024,9,15,19,0,60,60199,intersection rd 11 / rd930,49.612848,2.170977,Plein jour,Hors agglomération,Intersection en X,Normale,Deux véhicules - côté,3,2,1,0,1,1,1,0,1,80,2,5,2,1,0,2,78.0,21.0,voiture,voiture,1,1,2,1,3
202400006075,2024-09-15 19:00:00,2024,9,15,19,0,60,60199,intersection rd 11 / rd930,49.612848,2.170977,Plein jour,Hors agglomération,Intersection en X,Normale,Deux véhicules - côté,3,2,2,0,1,1,1,5,1,80,2,5,2,1,0,2,78.0,21.0,voiture,voiture,1,1,2,1,3
202400006076,2024-11-26 18:45:00,2024,11,26,18,45,49,49246,A87,47.42842482,-0.5049902,Nuit avec éclairage allumé,Hors agglomération,Hors intersection,Pluie légère,Trois véhicules et plus - collisions multiples,1,3,3,0,1,1,2,0,1,110,4,5,4,0,0,1,62.0,15.0,voiture,voiture,5,1,1,2,5
202400006077,2024-04-27 01:10:00,2024,4,27,1,10,33,33143,,44.959189,-0.44653,Nuit sans éclairage public,Hors agglomération,Hors intersection,Pluie forte,Autre collision,1,3,6,0,4,1,2,0,1,130,1,3,1,0,0,2,25.0,,utilitaire_camion,,3,1,1,3,6
202400006078,2024-09-05 22:40:00,2024,9,5,22,40,45,45062,8 Route Nationale 20,47.989207,1.882229,Nuit avec éclairage allumé,En agglomération,Hors intersection,Normale,Autre collision,3,2,2,0,1,1,1,8,1,50,1,3,2,0,1,0,28.0,,voiture,,5,2,1,1,6
202400006079,2024-11-26 15:15:00,2024,11,26,15,15,49,49007,PALLACH,47.44759,-0.55822,Plein jour,En agglomération,Hors intersection,Normale,Autre collision,4,2,2,0,1,1,1,0,1,50,1,3,2,0,1,0,38.0,,voiture,,1,2,1,1,6
202400006080,2024-04-27 18:25:00,2024,4,27,18,25,91,91136,A10 PARIS / RD188 PARIS,48.71189,2.28483,Plein jour,Hors agglomération,Hors intersection,Pluie légère,Autre collision,1,4,2,0,1,2,2,0,1,90,1,3,0,0,0,3,29.0,,voiture,,1,1,1,2,6
202400006081,2024-11-27 10:25:00,2024,11,27,10,25,45,45147,21 Rue Antonin Magne,47.939621,1.932435,Plein jour,En agglomération,Hors intersection,Pluie légère,Deux véhicules - côté,4,-1,2,0,1,1,2,0,1,50,2,2,1,0,0,1,67.0,52.0,deux_roues,voiture,1,2,1,2,3
202400006082,2024-09-16 10:36:00,2024,9,16,10,36,64,64106,D242,43.3068,-1.009704,Plein jour,Hors agglomération,Intersection en X,Normale,Deux véhicules - côté,3,1,2,3,1,2,1,5,1,50,2,5,0,0,1,4,72.0,77.0,voiture,voiture,1,1,2,1,3
202400006082,2024-09-16 10:36:00,2024,9,16,10,36,64,64106,D242,43.3068,-1.009704,Plein jour,Hors agglomération,Intersection en X,Normale,Deux véhicules - côté,3,2,2,0,1,4,1,0,1,80,2,5,0,0,1,4,72.0,77.0,voiture,voiture,1,1,2,1,3
202400006083,2024-04-27 11:45:00,2024,4,27,11,45,94,94065,A86,48.75508805,2.3449117,Plein jour,Hors agglomération,Hors intersection,Normale,Deux véhicules - côté,2,1,3,0,1,1,1,0,1,90,2,2,1,0,0,1,53.0,39.0,utilitaire_camion,utilitaire_camion,1,1,1,1,3
202400006084,2024-11-25 18:10:00,2024,11,25,18,10,42,42071,Rue Carnot,46.031381,4.0836,Nuit avec éclairage allumé,En agglomération,Hors intersection,Pluie forte,Autre collision,3,2,2,0,1,1,2,0,1,30,1,2,1,0,1,0,,,autre,,5,2,1,3,6
202400006085,2024-09-14 09:30:00,2024,9,14,9,30,64,64297,D933,43.18349,-1.173257,Plein jour,Hors agglomération,Hors intersection,Normale,Deux véhicules - frontale,3,2,2,0,1,4,1,0,1,80,2,4,3,0,0,1,36.0,75.0,voiture,voiture,1,1,1,1,1
202400006086,2024-04-27 13:45:00,2024,4,27,13,45,78,78640,A86 EXT,48.777495,2.220985,Plein jour,Hors agglomération,Hors intersection,Pluie légère,Deux véhicules - côté,1,-1,3,0,2,4,2,0,1,90,2,2,1,0,0,1,53.0,57.0,deux_roues,voiture,1,1,1,2,3
202400006087,2024-11-26 10:10:00,2024,11,26,10,10,40,40192,JUIN (V DU MARECHAL),43.90244948,-0.47979409,Plein jour,En agglomération,Giratoire,Normale,Deux véhicules - arrière,3,1,1,0,1,2,1,0,1,50,2,2,1,0,1,0,82.0,34.0,voiture,deux_roues,1,2,6,1,2
202400006088,2024-09-15 02:58:00,2024,9,15,2,58,18,18080,,46.922454,2.849354,Nuit sans éclairage public,Hors agglomération,Hors intersection,Normale,Sans collision,3,2,2,0,4,1,1,0,8,80,1,1,0,0,1,0,28.0,,deux_roues,,3,1,1,1,7
202400006089,2024-11-27 20:00:00,2024,11,27,20,0,38,38516,AVENUE DE L'OBIOU,45.19757759,5.75282335,Nuit sans éclairage public,En agglomération,Hors intersection,Normale,Autre collision,4,2,2,3,2,1,1,2,6,30,1,2,1,0,0,1,51.0,,transport_commun,,3,2,1,1,6
202400006090,2024-04-26 17:35:00,2024,4,26,17,35,78,78466,A13,48.932748,1.974188,Plein jour,Hors agglomération,Hors intersection,Normale,Deux véhicules - arrière,1,1,3,0,1,1,1,0,1,130,2,2,0,0,0,2,20.0,29.0,voiture,voiture,1,1,1,1,2
202400006091,2024-09-16 07:48:00,2024,9,16,7,48,10,10323,Allée Montesquieu,48.516846,3.716034,Plein jour,En agglomération,Hors intersection,Normale,Autre collision,6,-1, -1,3,1,1,1,0,1,30,1,2,1,0,1,0,61.0,,transport_commun,,1,2,1,1,6
202400006092,2024-11-27 11:55:00,2024,11,27,11,55,37,37261,MARCEAU (RUE),47.39241,0.68544,Plein jour,En agglomération,Intersection en T,Pluie légère,Autre collision,4,1,1,1,2,1,2,5,1,50,1,2,1,0,0,1,66.0,,voiture,,1,2,3,2,6
202400006092,2024-11-27 11:55:00,2024,11,27,11,55,37,37261,MARCEAU (RUE),47.39241,0.68544,Plein jour,En agglomération,Intersection en T,Pluie légère,Autre collision,4,2,2,0,1,1,2,5,1,50,1,2,1,0,0,1,66.0,,voiture,,1,2,3,2,6
202400006093,2024-04-26 20:00:00,2024,4,26,20,0,78,78640,N118,48.779637,2.222552,Plein jour,Hors agglomération,Hors intersection,Normale,Deux véhicules - arrière,2,1,2,0,1,1,1,0,1,70,2,3,2,0,0,1,20.0,48.0,voiture,voiture,1,1,1,1,2
202400006094,2024-09-15 17:50:00,2024,9,15,17,50,16,16175,,45.55590906,-0.03879703,Plein jour,Hors agglomération,Hors intersection,Normale,Autre collision,3,2,2,0,1,1,1,0,1,80,1,2,1,0,1,0,22.0,,deux_roues,,1,1,1,1,6
202400006095,2024-04-27 09:06:00,2024,4,27,9,6,95,95572,N184,49.03331417,2.10991981,Plein jour,Hors agglomération,Hors intersection,Normale,Autre collision,2,1,1,0,1,2,2,0,1,70,1,1,0,0,0,1,19.0,,voiture,,1,1,1,1,6
202400006096,2024-11-26 10:35:00,2024,11,26,10,35,37,37261,PARCAY (RUE DE),47.41023367,0.72095391,Plein jour,En agglomération,Giratoire,Normale,Autre collision,7,1,4,0,1,2,2,9,1,50,2,2,1,0,1,0,31.0,32.0,deux_roues,utilitaire_camion,1,2,6,1,6
202400006096,2024-11-26 10:35:00,2024,11,26,10,35,37,37261,PARCAY (RUE DE),47.41023367,0.72095391,Plein jour,En agglomération,Giratoire,Normale,Autre collision,7,1,4,0,1,2,2,9,1,50,2,2,1,0,1,0,31.0,32.0,deux_roues,utilitaire_camion,1,2,6,1,6
202400006097,2024-09-15 12:15:00,2024,9,15,12,15,07,07001,Route de Mande,44.891908,4.391119,Plein jour,Hors agglomération,Hors intersection,Normale,Deux véhicules - côté,3,2,2,0,1,4,1,0,1,90,2,2,1,0,1,0,53.0,71.0,deux_roues,utilitaire_camion,1,1,1,1,3
202400006098,2024-04-27 10:00:00,2024,4,27,10,0,93,93007,A1,48.95037545,2.44884564,Plein jour,Hors agglomération,Hors intersection,Normale,Trois véhicules et plus - en chaîne,1,3,4,0,1,1,1,1,1,110,3,3,1,0,0,2,29.0,55.0,voiture,voiture,1,1,1,1,4
202400006099,2024-11-27 18:15:00,2024,11,27,18,15,35,35238,COLOMBIER (BD DU),48.10249,-1.6799,Nuit avec éclairage allumé,En agglomération,Hors intersection,Temps couvert,Deux véhicules - frontale,4,2,2,1,1,1,2,0,1,30,2,2,1,0,0,1,28.0,26.0,voiture,deux_roues,5,2,1,8,1
202400006100,2024-09-15 16:15:00,2024,9,15,16,15,53,53185,Rue Aristide Briand,48.4625,-0.192175,Plein jour,En agglomération,Giratoire,Normale,Deux véhicules - côté,2,2,1,0,1,3,1,0,1,50,2,2,1,0,1,0,21.0,59.0,voiture,deux_roues,1,2,6,1,3
202400006101,2024-04-27 07:55:00,2024,4,27,7,55,92,92036,AUTOROUTE A15,48.93788866,2.29766722,Plein jour,Hors agglomération,Hors intersection,Normale,Autre collision,1,1,2,0,1,3,2,2,1,50,1,1,0,0,0,1,36.0,,voiture,,1,1,1,1,6
202400006102,2024-11-27 12:58:00,2024,11,27,12,58,35,35238,Loriettes (Rue des),48.08407,-1.67855,Plein jour,En agglomération,Hors intersection,Pluie légère,Deux véhicules - arrière,4,3,2,2,1,1,2,0,5,30,2,2,1,0,0,1,,27.0,voiture,deux_roues,1,2,1,2,2
202400006103,2024-04-27 07:19:00,2024,4,27,7,19,93,93027,A86,48.92484911,2.39194036,Crépuscule ou aube,Hors agglomération,Hors intersection,Pluie légère,Autre collision,1,1,4,0,1,2,2,2,1,50,1,1,0,0,0,1,38.0,,utilitaire_camion,,2,1,1,2,6
202400006104,2024-09-15 14:20:00,2024,9,15,14,20,40,40164,109 Chemin de Baure,44.121976,-0.290762,Plein jour,Hors agglomération,Hors intersection,Normale,Deux véhicules - arrière,3,2,2,0,1,1,1,0,1,80,2,5,3,0,1,1,70.0,48.0,deux_roues,voiture,1,1,1,1,2
202400006105,2024-11-27 12:20:00,2024,11,27,12,20,33,33281,,44.81135,-0.70435,Plein jour,Hors agglomération,Hors intersection,Normale,Deux véhicules - arrière,4,2,2,0,1,1,1,0,3,80,2,2,1,0,1,0,64.0,31.0,voiture,utilitaire_camion,1,1,1,1,2
202400006106,2024-09-16 11:45:00,2024,9,16,11,45,04,04031,D8,43.945056,6.122164,Plein jour,Hors agglomération,Hors intersection,Normale,Autre collision,3,2,2,0,1,3,1,0,8,80,1,1,0,0,1,0,46.0,,deux_roues,,1,1,1,1,6
202400006107,2024-11-27 10:10:00,2024,11,27,10,10,33,33318,,44.79824,-0.62132,Plein jour,En agglomération,Hors intersection,Normale,Autre collision,4,2,2,0,2,2,1,0,1,50,1,2,1,0,0,1,77.0,,voiture,,1,2,1,1,6
202400006108,2024-04-26 19:05:00,2024,4,26,19,5,95,95582,A15,48.97031508,2.24969695,Plein jour,Hors agglomération,Hors intersection,Normale,Trois véhicules et plus - en chaîne,1,3,4,0,1,1,1,0,1,110,3,3,2,0,0,1,31.0,23.0,voiture,voiture,1,1,1,1,4
202400006109,2024-09-14 13:30:00,2024,9,14,13,30,85,85047,Route de nantes,46.861447,-1.864081,Plein jour,Hors agglomération,Hors intersection,Normale,Deux véhicules - frontale,4,2,2,0,1,3,1,0,1,80,2,2,0,0,2,0,55.0,18.0,deux_roues,deux_roues,1,1,1,1,1
202400006110,2024-11-27 07:50:00,2024,11,27,7,50,33,33063,,44.866633,-0.623721,Crépuscule ou aube,En agglomération,Intersection en T,Normale,Autre collision,4,4,3,0,1,1,1,0,1,50,1,2,1,0,0,1,62.0,,voiture,,2,2,3,1,6
202400006110,2024-11-27 07:50:00,2024,11,27,7,50,33,33063,,44.866633,-0.623721,Crépuscule ou aube,En agglomération,Intersection en T,Normale,Autre collision,4,2, -1,-1,1,1,1,0,1,30,1,2,1,0,0,1,62.0,,voiture,,2,2,3,1,6
202400006111,2024-04-26 18:25:00,2024,4,26,18,25,93,93066,A86,48.92257446,2.34654665,Plein jour,Hors agglomération,Hors intersection,Normale,Deux véhicules - arrière,1,3,4,0,1,1,1,0,1,90,2,3,2,0,0,1,31.0,21.0,voiture,deux_roues,1,1,1,1,2
202400006112,2024-09-15 16:15:00,2024,9,15,16,15,85,85287,RD114,46.698894,-0.862912,Plein jour,Hors agglomération,Hors intersection,Normale,Deux véhicules - frontale,3,2,2,0,1,3,1,0,1,80,2,3,2,0,1,0,18.0,21.0,voiture,voiture,1,1,1,1,1
202400006113,2024-11-27 07:20:00,2024,11,27,7,20,33,33318,,44.79292,-0.70269,Crépuscule ou aube,En agglomération,Hors intersection,Normale,Deux véhicules - côté,4,2,2,0,1,1,1,0,1,50,2,2,1,0,0,1,43.0,55.0,utilitaire_camion,deux_roues,2,2,1,1,3
202400006114,2024-04-26 13:00:00,2024,4,26,13,0,95,95219,A115,48.98928807,2.24393887,Plein jour,Hors agglomération,Hors intersection,Normale,Deux véhicules - côté,1,3,2,0,1,1,1,0,1,90,2,3,1,0,0,2,32.0,22.0,deux_roues,voiture,1,1,1,1,3
202400006115,2024-09-14 20:00:00,2024,9,14,20,0,27,27232,D 7,49.2969,1.553038,Nuit sans éclairage public,Hors agglomération,Intersection en X,Normale,Deux véhicules - côté,3,2,2,0,1,1,1,0,1,80,2,2,1,0,1,0,42.0,79.0,voiture,voiture,3,1,2,1,3
202400006115,2024-09-14 20:00:00,2024,9,14,20,0,27,27232,D 7,49.2969,1.553038,Nuit sans éclairage public,Hors agglomération,Intersection en X,Normale,Deux véhicules - côté,3,2,2,-1,1,1,1,0,1,80,2,2,1,0,1,0,42.0,79.0,voiture,voiture,3,1,2,1,3
202400006116,2024-11-27 17:35:00,2024,11,27,17,35,31,31555,A624 (PURPAN),43.60576,1.39426,Nuit sans éclairage public,Hors agglomération,Hors intersection,Normale,Trois véhicules et plus - en chaîne,1,1,2,0,1,1,1,0,1,90,3,3,2,0,1,0,33.0,28.0,voiture,deux_roues,3,1,1,1,4
202400006117,2024-09-12 09:30:00,2024,9,12,9,30,23,23031,D997,46.348711,2.214561,Plein jour,En agglomération,Hors intersection,Normale,Autre collision,3,2,2,0,1,1,1,0,1,50,1,2,1,1,0,0,20.0,,utilitaire_camion,,1,2,1,1,6
202400006118,2024-11-26 18:30:00,2024,11,26,18,30,30,30007,CASSIN (RUE RENE),44.10962,4.10296,Nuit avec éclairage allumé,En agglomération,Hors intersection,Normale,Sans collision,3,2,2,0,1,1,1,2,1,50,1,2,1,0,1,0,58.0,,voiture,,5,2,1,1,7
202400006119,2024-02-26 19:50:00,2024,2,26,19,50,64,64140,DUVERT (RUE RENE),43.52268,-1.48932,Nuit avec éclairage allumé,En agglomération,Intersection en X,Pluie forte,Deux véhicules - côté,4,2,2,0,1,1,2,0,1,50,2,4,3,0,0,1,29.0,44.0,voiture,voiture,5,2,2,3,3
202400006119,2024-02-26 19:50:00,2024,2,26,19,50,64,64140,DUVERT (RUE RENE),43.52268,-1.48932,Nuit avec éclairage allumé,En agglomération,Intersection en X,Pluie forte,Deux véhicules - côté,4,2,2,0,1,1,2,0,1,50,2,4,3,0,0,1,29.0,44.0,voiture,voiture,5,2,2,3,3
202400006120,2024-09-15 15:55:00,2024,9,15,15,55,48,48127,"D59, coteau des cheyrousses",44.640164,3.479072,Plein jour,Hors agglomération,Hors intersection,Normale,Autre collision,3,2,2,0,2,2,1,0,3,30,1,2,1,0,1,0,76.0,,voiture,,1,1,1,1,6
202400006121,2024-11-24 18:40:00,2024,11,24,18,40,29,29019,D112,48.42255903,-4.47687371,Nuit avec éclairage allumé,En agglomération,Hors intersection,Normale,Trois véhicules et plus - en chaîne,3,1,2,3,1,1,2,0,1,50,3,4,3,0,0,1,31.0,44.0,voiture,voiture,5,2,1,1,4
202400006122,2024-02-19 07:54:00,2024,2,19,7,54,64,64102,VITAL BIRABEN (AVENUE),43.48136,-1.48256,Crépuscule ou aube,En agglomération,Giratoire,Pluie légère,Deux véhicules - côté,4,1,1,0,1,1,2,0,1,50,2,2,1,0,0,1,48.0,19.0,voiture,deux_roues,2,2,6,2,3
202400006122,2024-02-19 07:54:00,2024,2,19,7,54,64,64102,VITAL BIRABEN (AVENUE),43.48136,-1.48256,Crépuscule ou aube,En agglomération,Giratoire,Pluie légère,Deux véhicules - côté,4,1,1,0,1,2,2,0,1,50,2,2,1,0,0,1,48.0,19.0,voiture,deux_roues,2,2,6,2,3
202400006123,2024-11-27 08:05:00,2024,11,27,8,5,28,28085,FAUBOURG LA GRAPPE (RUE DU),48.44608,1.49897,Crépuscule ou aube,En agglomération,Hors intersection,Temps couvert,Autre collision,4,1,2,0,1,1,2,0,1,30,1,2,1,0,0,1,,,voiture,,2,2,1,8,6
202400006124,2024-09-15 13:22:00,2024,9,15,13,22,19,19085,A89 PK 224.465 sens BORDEAUX-CLERMONT FERRAND,45.312661,1.853964,Plein jour,Hors agglomération,Hors intersection,Normale,Autre collision,1,3,2,0,2,2,1,0,3,130,1,2,0,1,1,0,68.0,,voiture,,1,1,1,1,6
202400006125,2024-04-24 23:00:00,2024,4,24,23,0,987,98735,REINE POMARE IV (AVENUE),-17.54041333,-149.56980622,Nuit avec éclairage allumé,En agglomération,Hors intersection,Normale,Autre collision,2,2,4,0,2,1,1,1,1,30,1,1,0,0,1,0,43.0,,deux_roues,,5,2,1,1,6
202400006126,2024-11-27 21:05:00,2024,11,27,21,5,26,26339,RN7 (secteur Nord),44.59086244,4.75167834,Nuit sans éclairage public,Hors agglomération,Hors intersection,Normale,Autre collision,2,2,2,0,1,1,1,0,1,80,1,2,1,0,1,0,23.0,,voiture,,3,1,1,1,6
202400006127,2024-09-16 17:55:00,2024,9,16,17,55,45,45061,A19 PR 58 + 247,48.058115,2.735692,Plein jour,Hors agglomération,Hors intersection,Normale,Autre collision,1,3,4,0,1,1,1,0,1,130,2,4,1,0,2,1,29.0,68.0,voiture,voiture,1,1,1,1,6
202400006128,2024-04-26 07:51:00,2024,4,26,7,51,976,97611,m'tsapere-Nationale 2 (route),-12.79172,45.22231,Plein jour,En agglomération,Hors intersection,Normale,Deux véhicules - côté,4,-1,2,0,1,1,1,0,1,50,2,3,1,0,1,1,29.0,63.0,deux_roues,voiture,1,2,1,1,3
202400006129,2024-11-25 08:50:00,2024,11,25,8,50,14,14271,24 Route d'Harcourt,49.15234,-0.3709,Plein jour,En agglomération,Hors intersection,Pluie légère,Deux véhicules - côté,3,2,2,0,1,1,2,0,1,50,2,2,1,0,0,1,17.0,44.0,deux_roues,voiture,1,2,1,2,3
202400006130,2024-11-27 13:00:00,2024,11,27,13,0,13,13208,MICHELET (BOULEVARD),43.27009,5.39268,Plein jour,En agglomération,Autre intersection,Normale,Autre collision,4,2,0,0,1,1,1,0,1,50,1,2,1,0,0,1,49.0,,deux_roues,,1,2,9,1,6
202400006131,2024-09-16 17:45:00,2024,9,16,17,45,06,06084,2905 Route de Pégomas,43.605882,6.935199,Plein jour,Hors agglomération,Autre intersection,Normale,Deux véhicules - côté,3,2,2,2,1,1,1,0,1,80,2,4,3,0,1,0,79.0,37.0,voiture,deux_roues,1,1,9,1,3
202400006132,2024-04-26 18:35:00,2024,4,26,18,35,974,97416,MAHATMA GANDHI(RUE),-21.33797,55.46083,Nuit avec éclairage allumé,En agglomération,Intersection en T,Normale,Deux véhicules - côté,4,1,1,0,1,1,1,0,1,50,2,3,1,0,0,2,59.0,26.0,deux_roues,voiture,5,2,3,1,3
202400006132,2024-04-26 18:35:00,2024,4,26,18,35,974,97416,MAHATMA GANDHI(RUE),-21.33797,55.46083,Nuit avec éclairage allumé,En agglomération,Intersection en T,Normale,Deux véhicules - côté,4,2,2,0,1,1,1,0,1,50,2,3,1,0,0,2,59.0,26.0,deux_roues,voiture,5,2,3,1,3
202400006133,2024-09-16 08:15:00,2024,9,16,8,15,67,67084,Bretelle d'insertion D210 vers A35,48.31581,7.481126,Plein jour,Hors agglomération,Hors intersection,Normale,Sans collision,1,1,2,0,1,3,1,3,1,80,1,1,0,0,1,0,42.0,,deux_roues,,1,1,1,1,7
202400006134,2024-11-27 00:35:00,2024,11,27,0,35,13,13211,MIREILLE LAUZE (Bd),43.28932,5.43724,Nuit avec éclairage allumé,En agglomération,Giratoire,Normale,Deux véhicules - arrière,4,2,0,0,1,3,1,5,1,50,2,5,3,0,0,2,40.0,39.0,voiture,voiture,5,2,6,1,2
202400006134,2024-11-27 00:35:00,2024,11,27,0,35,13,13211,MIREILLE LAUZE (Bd),43.28932,5.43724,Nuit avec éclairage allumé,En agglomération,Giratoire,Normale,Deux véhicules - arrière,4,2,2,0,1,1,1,0,1,50,2,5,3,0,0,2,40.0,39.0,voiture,voiture,5,2,6,1,2
202400006135,2024-04-26 15:58:00,2024,4,26,15,58,974,97416,GAGARINE (RUE YOURI),-21.32986568,55.47926438,Plein jour,En agglomération,Hors intersection,Normale,Autre collision,4,3,2,0,1,1,1,9,1,50,1,1,0,0,1,0,68.0,,deux_roues,,1,2,1,1,6
202400006136,2024-09-16 07:14:00,2024,9,16,7,14,72,72198,A11 PK 174,48.04186167,0.14958111,Crépuscule ou aube,Hors agglomération,Hors intersection,Normale,Deux véhicules - arrière,1,3,2,0,1,1,1,0,1,-1,2,3,2,0,1,0,34.0,21.0,utilitaire_camion,voiture,2,1,1,1,2
202400006137,2024-04-25 22:55:00,2024,4,25,22,55,974,97411,SAINT-BERNARD (CHEMIN DE),-20.90346,55.4061,Nuit sans éclairage public,Hors agglomération,Hors intersection,Normale,Sans collision,4,2,2,0,1,1,1,0,1,50,1,2,0,0,0,2,24.0,,deux_roues,,3,1,1,1,7
202400006138,2024-11-26 10:16:00,2024,11,26,10,16,07,07281,GROSS-UMSTADT (AVENUE DE),44.9451,4.85551,Plein jour,En agglomération,Hors intersection,Normale,Trois véhicules et plus - collisions multiples,3,2,2,0,1,1,1,0,1,50,3,3,2,0,0,1,22.0,77.0,voiture,voiture,1,2,1,1,5
202400006139,2024-11-28 00:21:00,2024,11,28,0,21,06,06088,pont des abattoirs,43.719,7.28442,Nuit avec éclairage allumé,Hors agglomération,Intersection en Y,Normale,Autre collision,7,2,2,0,1,1,1,2,8,50,1,1,0,0,1,0,28.0,,voiture,,5,1,4,1,6
202400006139,2024-11-28 00:21:00,2024,11,28,0,21,06,06088,pont des abattoirs,43.719,7.28442,Nuit avec éclairage allumé,Hors agglomération,Intersection en Y,Normale,Autre collision,7,1,2,0,1,3,1,9,1,50,1,1,0,0,1,0,28.0,,voiture,,5,1,4,1,6
202400006140,2024-09-13 18:35:00,2024,9,13,18,35,57,57510,A4,49.129007,6.26313,Plein jour,Hors agglomération,Hors intersection,Normale,Deux véhicules - arrière,1,1,2,0,1,1,1,0,1,110,2,4,1,0,1,2,24.0,38.0,voiture,voiture,1,1,1,1,2
202400006141,2024-04-24 14:00:00,2024,4,24,14,0,974,97411,BRASSENS (AVENUE GEORGES),-20.90553,55.48507,Plein jour,En agglomération,Hors intersection,Normale,Deux véhicules - arrière,4,2,2,0,1,1,1,0,8,30,2,2,1,0,0,1,20.0,29.0,voiture,voiture,1,2,1,1,2
202400006142,2024-11-27 15:10:00,2024,11,27,15,10,06,06088,107 Avenue des Arènes de Cimiez,43.71744,7.27483,Plein jour,En agglomération,Hors intersection,Normale,Autre collision,4,2,2,0,2,1,1,0,1,30,1,2,1,0,1,0,89.0,,voiture,,1,2,1,1,6
202400006143,2024-09-08 09:30:00,2024,9,8,9,30,33,33234,,44.784712,-0.505489,Plein jour,Hors agglomération,Giratoire,Pluie légère,Deux véhicules - arrière,3,2,2,0,1,2,2,0,1,50,2,2,1,0,0,1,68.0,73.0,voiture,deux_roues,1,1,6,2,2
202400006144,2024-04-25 21:30:00,2024,4,25,21,30,973,97302,ZEPHIR (ROCADE),4.93585,-52.3078,Nuit sans éclairage public,En agglomération,Hors intersection,Normale,Deux véhicules - arrière,3,2,2,0,1,1,1,0,1,30,2,2,1,1,0,0,21.0,20.0,voiture,deux_roues,3,2,1,1,2
202400006145,2024-09-15 17:20:00,2024,9,15,17,20,95,95170,MAISON BLANCHE (RUE DE LA),49.0373545,1.94591403,Plein jour,En agglomération,Hors intersection,Normale,Sans collision,4,2,2,0,1,1,1,0,1,50,1,2,1,0,1,0,,,deux_roues,,1,2,1,1,7
202400006146,2024-11-27 18:15:00,2024,11,27,18,15,06,06069,45 Avenue Frédéric Mistral,43.6475237,6.91862,Nuit avec éclairage allumé,En agglomération,Hors intersection,Normale,Deux véhicules - côté,4,2,2,0,1,1,1,0,1,30,2,3,2,0,0,1,30.0,49.0,voiture,deux_roues,5,2,1,1,3
202400006147,2024-04-26 05:50:00,2024,4,26,5,50,69,69387,Avenue Jean Jaurès,45.74733,4.84307,Nuit avec éclairage allumé,En agglomération,Intersection en X,Pluie légère,Deux véhicules - côté,4,1,1,2,1,1,2,0,1,30,2,2,1,0,0,1,22.0,28.0,deux_roues,voiture,5,2,2,2,3
202400006147,2024-04-26 05:50:00,2024,4,26,5,50,69,69387,Avenue Jean Jaurès,45.74733,4.84307,Nuit avec éclairage allumé,En agglomération,Intersection en X,Pluie légère,Deux véhicules - côté,4,1,1,3,1,1,2,0,1,30,2,2,1,0,0,1,22.0,28.0,deux_roues,voiture,5,2,2,2,3
202400006148,2024-09-15 18:00:00,2024,9,15,18,0,06,06077,771 Chemin des Mounts,43.869973,7.347944,Plein jour,Hors agglomération,Hors intersection,Normale,Deux véhicules - frontale,4,2,2,0,2,4,1,0,1,30,2,2,1,0,0,1,67.0,19.0,deux_roues,voiture,1,1,1,1,1
202400006149,2024-11-27 08:10:00,2024,11,27,8,10,01,01053,HERRIOT ( BOULEVARD EDOUARD COTE PAIR),46.20967,5.22753,Plein jour,En agglomération,Intersection en X,Normale,Autre collision,4,2,4,0,1,1,1,0,1,50,1,2,1,0,1,0,23.0,,transport_commun,,1,2,2,1,6