accident_id,datetime,annee,mois,jour,heure,minute,departement,commune_insee,adresse,latitude,longitude,luminosite,agglomeration,intersection,meteo,collision,catr,circ,nbv,vosp,prof,plan,surf,infra,situ,vma,nb_vehicules,nb_usagers,nb_indemnes,nb_tues,nb_blesses_hosp,nb_blesses_legers,age_cond_1,age_cond_2,veh_type_cond_1,veh_type_cond_2,lum_code,agg_code,int_code,atm_code,col_code
202400006149,2024-11-27 08:10:00,2024,11,27,8,10,01,01053,HERRIOT ( BOULEVARD EDOUARD COTE PAIR),46.20967,5.22753,Plein jour,En agglomération,Intersection en X,Normale,Autre collision,4,2,2,0,1,1,1,0,1,50,1,2,1,0,1,0,23.0,,transport_commun,,1,2,2,1,6
202400006150,2024-04-26 16:00:00,2024,4,26,16,0,972,97209,ADHEMAR MODOCK (BOULEVARD),14.60746,-61.07325,Plein jour,Hors agglomération,Hors intersection,Normale,Deux véhicules - arrière,4,2,0,0,1,1,1,0,1,50,2,2,1,0,0,1,71.0,21.0,voiture,deux_roues,1,1,1,1,2
202400006151,2024-09-16 10:30:00,2024,9,16,10,30,05,05007,RD 902 - PR 48+000,44.711793,6.74243,Plein jour,Hors agglomération,Hors intersection,Normale,Deux véhicules - côté,3,2,2,0,1,3,1,0,1,90,2,2,1,0,0,1,35.0,64.0,deux_roues,voiture,1,1,1,1,3
202400006152,2024-09-15 20:00:00,2024,9,15,20,0,04,04242,Chemin des Vignes,43.884957,5.861742,Nuit avec éclairage allumé,En agglomération,Hors intersection,Normale,Autre collision,3,2,2,0,2,1,1,0,3,50,1,1,0,0,0,1,27.0,,utilitaire_camion,,5,2,1,1,6
202400006153,2024-04-25 23:15:00,2024,4,25,23,15,971,97101,VIEUX BOURG,16.24882,-61.53118,Nuit avec éclairage allumé,Hors agglomération,Hors intersection,Normale,Autre collision,4,2,2,0,1,1,1,0,1,50,1,1,0,0,0,1,24.0,,deux_roues,,5,1,1,1,6
202400006154,2024-11-27 19:05:00,2024,11,27,19,5,75,75120,RUE DE BAGNOLET,48.863745,2.407691,Nuit avec éclairage allumé,En agglomération,Intersection en T,Pluie légère,Autre collision,4,2, -1,0,1,1,2,0,1,30,1,2,1,0,0,1,24.0,,voiture,,5,2,3,2,6
202400006154,2024-11-27 19:05:00,2024,11,27,19,5,75,75120,RUE DE BAGNOLET,48.863745,2.407691,Nuit avec éclairage allumé,En agglomération,Intersection en T,Pluie légère,Autre collision,4,2,3,0,1,1,2,0,1,30,1,2,1,0,0,1,24.0,,voiture,,5,2,3,2,6
202400006155,2024-09-14 08:00:00,2024,9,14,8,0,67,67411,Route communale,48.495987,7.406023,Plein jour,Hors agglomération,Hors intersection,Normale,Sans collision,4,2,2,0,1,3,1,0,3,70,1,1,0,0,1,0,45.0,,voiture,,1,1,1,1,7
202400006156,2024-09-14 11:17:00,2024,9,14,11,17,57,57143,N52,49.259233,6.100389,Plein jour,Hors agglomération,Hors intersection,Normale,Autre collision,3,3,0,0,2,3,1,2,1,90,1,2,0,2,0,0,65.0,,deux_roues,,1,1,1,1,6
202400006157,2024-11-26 20:15:00,2024,11,26,20,15,75,75120,RUE D AVRON,48.85214,2.402963,Nuit avec éclairage allumé,En agglomération,Hors intersection,Normale,Deux véhicules - côté,4,2,2,0,1,1,1,0,1,30,2,2,1,0,0,1,21.0,,deux_roues,voiture,5,2,1,1,3
202400006158,2024-04-26 16:30:00,2024,4,26,16,30,2A,2A004,KENNEDY AV PRESIDENT,41.93057,8.7372,Plein jour,En agglomération,Hors intersection,Normale,Autre collision,4,1,1,0,4,1,1,0,1,50,1,2,0,0,0,2,38.0,,deux_roues,,1,2,1,1,6
202400006159,2024-04-26 15:45:00,2024,4,26,15,45,95,95210,D15,48.96894874,2.29645719,Plein jour,En agglomération,Hors intersection,Normale,Deux véhicules - côté,3,2,1,0,1,3,1,0,1,30,2,2,1,0,0,1,17.0,17.0,deux_roues,deux_roues,1,2,1,1,3
202400006160,2024-11-27 15:10:00,2024,11,27,15,10,75,75118,RUE MARX DORMOY,48.886104,2.359487,Plein jour,En agglomération,Intersection en T,Pluie légère,Deux véhicules - frontale,4,1, -1,0,1,1,2,0,1,30,2,2,1,0,0,1,45.0,34.0,deux_roues,utilitaire_camion,1,2,3,2,1
202400006160,2024-11-27 15:10:00,2024,11,27,15,10,75,75118,RUE MARX DORMOY,48.886104,2.359487,Plein jour,En agglomération,Intersection en T,Pluie légère,Deux véhicules - frontale,4,1,1,1,1,1,2,8,5,50,2,2,1,0,0,1,45.0,34.0,deux_roues,utilitaire_camion,1,2,3,2,1
202400006161,2024-04-25 20:00:00,2024,4,25,20,0,95,95427,JULES FERRY (RUE),48.96263584,2.3387146,Crépuscule ou aube,En agglomération,Hors intersection,Normale,Deux véhicules - côté,4,2,2,0,1,1,1,0,1,50,2,3,1,0,0,2,29.0,38.0,voiture,deux_roues,2,2,1,1,3
202400006162,2024-09-15 17:45:00,2024,9,15,17,45,38,38412,D520,45.388588,5.724258,Plein jour,En agglomération,Intersection en T,Normale,Trois véhicules et plus - collisions multiples,3,2,2,0,1,2,1,0,1,50,3,4,1,0,0,3,18.0,56.0,voiture,voiture,1,2,3,1,5
202400006162,2024-09-15 17:45:00,2024,9,15,17,45,38,38412,D520,45.388588,5.724258,Plein jour,En agglomération,Intersection en T,Normale,Trois véhicules et plus - collisions multiples,3,2,2,0,1,1,1,0,1,50,3,4,1,0,0,3,18.0,56.0,voiture,voiture,1,2,3,1,5
202400006163,2024-11-27 16:05:00,2024,11,27,16,5,75,75117,AVENUE DE LA PORTE DE CLICHY,48.895217,2.311983,Plein jour,En agglomération,Intersection en X,Normale,Autre collision,4,3,6,0,1,1,1,0,1,30,1,4,3,0,0,1,28.0,,voiture,,1,2,2,1,6
202400006163,2024-11-27 16:05:00,2024,11,27,16,5,75,75117,AVENUE DE LA PORTE DE CLICHY,48.895217,2.311983,Plein jour,En agglomération,Intersection en X,Normale,Autre collision,4,1, -1,0,1,1,1,0,1,30,1,4,3,0,0,1,28.0,,voiture,,1,2,2,1,6
202400006164,2024-04-26 10:45:00,2024,4,26,10,45,95,95555,VILLA PROSPER MERIMEE,48.964404,2.28683,Plein jour,En agglomération,Hors intersection,Normale,Sans collision,4,2,1,0,1,1,1,6,1,30,1,1,0,0,0,1,16.0,,deux_roues,,1,2,1,1,7
202400006165,2024-11-26 23:55:00,2024,11,26,23,55,75,75117,RUE GUY MOQUET,48.89144,2.31991,Nuit avec éclairage allumé,En agglomération,Hors intersection,Normale,Autre collision,4,2,2,0,1,1,1,0,1,30,1,2,1,0,0,1,25.0,,transport_commun,,5,2,1,1,6
202400006166,2024-04-26 10:25:00,2024,4,26,10,25,91,91421,BOIS (RUE DES),48.705885,2.454006,Plein jour,En agglomération,Autre intersection,Normale,Autre collision,4,2,2,0,1,1,1,0,4,30,1,2,1,0,0,1,48.0,,utilitaire_camion,,1,2,9,1,6
202400006167,2024-09-16 18:30:00,2024,9,16,18,30,69,69047,Montée du Chevronet,45.90213941,4.67639974,Plein jour,Hors agglomération,Intersection en X,Normale,Deux véhicules - côté,3,2,2,0,2,1,1,0,3,-1,2,2,1,0,0,1,47.0,33.0,voiture,voiture,1,1,2,1,3
202400006167,2024-09-16 18:30:00,2024,9,16,18,30,69,69047,Montée du Chevronet,45.90213941,4.67639974,Plein jour,Hors agglomération,Intersection en X,Normale,Deux véhicules - côté,3,2,2,0,2,1,1,0,3,-1,2,2,1,0,0,1,47.0,33.0,voiture,voiture,1,1,2,1,3
202400006168,2024-04-26 18:35:00,2024,4,26,18,35,91,91027,RUE EDOUARD VAILLANT,48.7071,2.39614,Plein jour,En agglomération,Hors intersection,Normale,Autre collision,3,2,0,0,1,1,1,0,1,50,1,2,1,0,0,1,45.0,,voiture,,1,2,1,1,6
202400006169,2024-11-27 08:25:00,2024,11,27,8,25,75,75111,RUE DU CHEMIN VERT,48.858143,2.371945,Plein jour,En agglomération,Intersection en T,Pluie légère,Autre collision,4,1, -1,0,1,1,2,0,1,30,2,2,1,0,0,1,17.0,47.0,deux_roues,utilitaire_camion,1,2,3,2,6
202400006169,2024-11-27 08:25:00,2024,11,27,8,25,75,75111,RUE DU CHEMIN VERT,48.858143,2.371945,Plein jour,En agglomération,Intersection en T,Pluie légère,Autre collision,4,1,1,0,1,1,2,0,1,30,2,2,1,0,0,1,17.0,47.0,deux_roues,utilitaire_camion,1,2,3,2,6
202400006170,2024-09-16 13:45:00,2024,9,16,13,45,50,50643,D650,49.577565,-1.708497,Plein jour,Hors agglomération,Hors intersection,Normale,Deux véhicules - côté,3,2,2,0,1,1,1,0,1,80,2,2,1,0,1,0,37.0,74.0,deux_roues,utilitaire_camion,1,1,1,1,3
202400006171,2024-04-26 08:15:00,2024,4,26,8,15,91,91027,RUE BERNARD LATHIERE,48.71362,2.3784,Plein jour,En agglomération,Hors intersection,Normale,Deux véhicules - côté,3,3,5,0,1,1,1,0,8,50,2,2,1,0,0,1,22.0,23.0,voiture,deux_roues,1,2,1,1,3
202400006172,2024-11-27 16:30:00,2024,11,27,16,30,75,75110,RUE DU FAUBOURG POISSONNIERE,48.875781,2.348248,Nuit avec éclairage allumé,En agglomération,Intersection en X,Pluie légère,Autre collision,4,1, -1,0,1,1,2,0,1,30,1,2,1,0,0,1,29.0,,deux_roues,,5,2,2,2,6
202400006172,2024-11-27 16:30:00,2024,11,27,16,30,75,75110,RUE DU FAUBOURG POISSONNIERE,48.875781,2.348248,Nuit avec éclairage allumé,En agglomération,Intersection en X,Pluie légère,Autre collision,4,1,1,0,1,1,2,0,1,30,1,2,1,0,0,1,29.0,,deux_roues,,5,2,2,2,6
202400006173,2024-09-16 12:25:00,2024,9,16,12,25,14,14488,Rue de Ouistreham,49.276947,-0.281053,Plein jour,Hors agglomération,Hors intersection,Normale,Deux véhicules - arrière,3,2,2,0,1,3,1,0,1,80,2,3,2,0,0,1,18.0,43.0,deux_roues,voiture,1,1,1,1,2
202400006174,2024-04-25 15:40:00,2024,4,25,15,40,83,83137,THIERRY (AVE AUGUSTIN),43.11995,5.94907,Plein jour,En agglomération,Hors intersection,Normale,Deux véhicules - côté,4,-1,0,0,1,3,1,0,1,50,2,2,1,0,0,1,59.0,23.0,utilitaire_camion,deux_roues,1,2,1,1,3
202400006175,2024-11-27 07:10:00,2024,11,27,7,10,75,75109,RUE D AMSTERDAM,48.880439,2.327055,Nuit avec éclairage allumé,En agglomération,Intersection en T,Normale,Deux véhicules - côté,4,2,3,2,2,1,1,0,1,30,2,2,1,0,0,1,59.0,37.0,deux_roues,utilitaire_camion,5,2,3,1,3
202400006175,2024-11-27 07:10:00,2024,11,27,7,10,75,75109,RUE D AMSTERDAM,48.880439,2.327055,Nuit avec éclairage allumé,En agglomération,Intersection en T,Normale,Deux véhicules - côté,4,1,1,0,1,1,1,0,1,30,2,2,1,0,0,1,59.0,37.0,deux_roues,utilitaire_camion,5,2,3,1,3
202400006176,2024-09-15 11:15:00,2024,9,15,11,15,35,35363,les Tremblais,48.025216,-1.684492,Plein jour,Hors agglomération,Hors intersection,Normale,Autre collision,4,2,2,0,1,1,1,0,1,80,1,1,0,0,1,0,55.0,,deux_roues,,1,1,1,1,6
202400006177,2024-04-25 00:35:00,2024,4,25,0,35,83,83062,DRAGUIGNAN (AVENUE DE),43.14410017,6.03842676,Nuit sans éclairage public,Hors agglomération,Hors intersection,Normale,Deux véhicules - arrière,3,2,0,0,1,1,1,0,1,50,2,2,1,0,0,1,37.0,47.0,voiture,autre,3,1,1,1,2
202400006178,2024-09-16 07:39:00,2024,9,16,7,39,60,60103,D931,49.411441,2.237166,Crépuscule ou aube,En agglomération,Hors intersection,Normale,Deux véhicules - arrière,3,2,2,3,2,1,1,0,1,70,2,2,1,0,0,1,37.0,50.0,voiture,deux_roues,2,2,1,1,2
202400006179,2024-11-27 18:45:00,2024,11,27,18,45,75,75108,RUE DE MONCEAU,48.874978,2.305939,Nuit avec éclairage allumé,En agglomération,Intersection en T,Pluie légère,Deux véhicules - arrière,4,2, -1,0,1,1,2,0,1,50,2,2,1,0,0,1,27.0,54.0,deux_roues,voiture,5,2,3,2,2
202400006179,2024-11-27 18:45:00,2024,11,27,18,45,75,75108,RUE DE MONCEAU,48.874978,2.305939,Nuit avec éclairage allumé,En agglomération,Intersection en T,Pluie légère,Deux véhicules - arrière,4,1,1,0,1,1,2,0,1,50,2,2,1,0,0,1,27.0,54.0,deux_roues,voiture,5,2,3,2,2
202400006180,2024-04-23 15:52:00,2024,4,23,15,52,83,83069,SERRES (BOULEVARD OLIVIER DE),43.12334678,6.1469132,Plein jour,En agglomération,Hors intersection,Normale,Autre collision,4,2,2,0,1,1,1,0,8,30,1,2,1,0,1,0,57.0,,voiture,,1,2,1,1,6
202400006181,2024-11-27 12:59:00,2024,11,27,12,59,75,75108,ROND POINT CHAMPS ELYSEES MARCEL DASSAUL,48.868982,2.310114,Plein jour,En agglomération,Place,Normale,Sans collision,4,2,6,1,1,1,2,0,1,50,1,1,0,0,0,1,47.0,,deux_roues,,1,2,7,1,7
202400006181,2024-11-27 12:59:00,2024,11,27,12,59,75,75108,ROND POINT CHAMPS ELYSEES MARCEL DASSAUL,48.868982,2.310114,Plein jour,En agglomération,Place,Normale,Sans collision,4,2,6,1,1,1,2,0,1,50,1,1,0,0,0,1,47.0,,deux_roues,,1,2,7,1,7
202400006182,2024-04-22 16:50:00,2024,4,22,16,50,80,80021,Port d'Amont,49.89495,2.30829,Plein jour,En agglomération,Hors intersection,Normale,Deux véhicules - côté,4,2,4,1,1,1,1,0,5,30,2,2,1,0,0,1,47.0,47.0,voiture,deux_roues,1,2,1,1,3
202400006183,2024-11-27 08:30:00,2024,11,27,8,30,75,75108,IMPASSE D ANTIN,48.867179,2.309245,Plein jour,En agglomération,Hors intersection,Normale,Autre collision,4,2,1,0,1,1,1,0,1,30,1,2,1,0,0,1,27.0,,utilitaire_camion,,1,2,1,1,6
202400006184,2024-04-26 19:15:00,2024,4,26,19,15,78,78418,ONZE NOVEMBRE 1918 (RUE DU),48.91672,2.14979,Plein jour,Hors agglomération,Hors intersection,Normale,Deux véhicules - côté,4,-1,2,0,1,1,1,0,1,70,2,2,1,0,0,1,84.0,,voiture,voiture,1,1,1,1,3
202400006185,2024-11-26 22:40:00,2024,11,26,22,40,75,75107,QUAI VOLTAIRE,48.859396,2.32974,Nuit avec éclairage allumé,En agglomération,Intersection en T,Normale,Deux véhicules - côté,4,-1, -1,-1,1,1,1,2,1,-1,2,2,1,0,0,1,46.0,36.0,voiture,deux_roues,5,2,3,1,3
202400006185,2024-11-26 22:40:00,2024,11,26,22,40,75,75107,QUAI VOLTAIRE,48.859396,2.32974,Nuit avec éclairage allumé,En agglomération,Intersection en T,Normale,Deux véhicules - côté,4,2,2,1,1,1,1,0,1,30,2,2,1,0,0,1,46.0,36.0,voiture,deux_roues,5,2,3,1,3
202400006186,2024-09-15 15:48:00,2024,9,15,15,48,13,13211,A50-Sens Aubagne vers Marseille,43.2909,5.4811,Plein jour,Hors agglomération,Hors intersection,Normale,Deux véhicules - côté,1,1,1,0,1,1,1,0,1,70,2,2,1,0,0,1,35.0,38.0,voiture,deux_roues,1,1,1,1,3
202400006187,2024-04-26 19:15:00,2024,4,26,19,15,78,78609,CD 28,49.01257,1.90811,Plein jour,Hors agglomération,Hors intersection,Normale,Deux véhicules - frontale,3,2,0,0,1,1,1,0,1,50,2,4,2,0,0,2,19.0,28.0,voiture,voiture,1,1,1,1,1
202400006188,2024-11-26 20:15:00,2024,11,26,20,15,75,75101,RUE DE RIVOLI,48.862492,2.336065,Nuit avec éclairage allumé,En agglomération,Hors intersection,Normale,Deux véhicules - frontale,4,2,4,1,1,1,1,-1,5,30,2,2,1,0,0,1,23.0,28.0,deux_roues,deux_roues,5,2,1,1,1
202400006189,2024-09-14 20:27:00,2024,9,14,20,27,13,13212,A507 sens Aubagne- Marseille,43.2929,5.4242,Crépuscule ou aube,Hors agglomération,Hors intersection,Normale,Deux véhicules - arrière,1,1,4,0,1,1,1,1,1,70,2,2,1,0,0,1,31.0,20.0,utilitaire_camion,voiture,2,1,1,1,2
202400006190,2024-04-26 09:40:00,2024,4,26,9,40,78,78401,TESSANCOURT (RUE DE),49.0099,1.90618,Plein jour,En agglomération,Hors intersection,Normale,Autre collision,4,1,1,0,1,1,1,0,1,50,1,2,0,0,0,2,28.0,,voiture,,1,2,1,1,6
202400006191,2024-11-26 15:50:00,2024,11,26,15,50,75,75102,RUE BACHAUMONT,48.8661,2.345231,Plein jour,En agglomération,Hors intersection,Normale,Autre collision,4,1,1,0,1,1,1,0,1,30,1,2,1,0,0,1,,,deux_roues,,1,2,1,1,6
202400006192,2024-04-26 15:20:00,2024,4,26,15,20,78,78382,PONTOISE (RUE DE),49.00206,2.05941,Plein jour,En agglomération,Autre intersection,Temps couvert,Autre collision,6,-1,0,0,1,1,1,9,1,10,1,2,1,0,0,1,48.0,,utilitaire_camion,,1,2,9,8,6
202400006193,2024-09-14 14:00:00,2024,9,14,14,0,13,13211,A50-Sens Aubagne vers Marseille,43.2944,5.4683,Plein jour,Hors agglomération,Hors intersection,Normale,Deux véhicules - arrière,1,1,3,0,1,1,1,0,1,90,2,4,3,0,0,1,20.0,23.0,voiture,voiture,1,1,1,1,2
202400006194,2024-11-26 15:20:00,2024,11,26,15,20,75,75101,BOULEVARD DE SEBASTOPOL,48.861985,2.350165,Plein jour,En agglomération,Intersection en X,Normale,Autre collision,4,2,4,1,1,1,1,-1,5,30,1,2,1,0,1,0,22.0,,deux_roues,,1,2,2,1,6
202400006194,2024-11-26 15:20:00,2024,11,26,15,20,75,75101,BOULEVARD DE SEBASTOPOL,48.861985,2.350165,Plein jour,En agglomération,Intersection en X,Normale,Autre collision,4,1,1,3,1,1,1,-1,5,30,1,2,1,0,1,0,22.0,,deux_roues,,1,2,2,1,6
202400006195,2024-11-27 07:00:00,2024,11,27,7,0,94,94081,Quai Jules Guesde,48.80448929,2.40861109,Nuit avec éclairage allumé,En agglomération,Intersection en T,Normale,Deux véhicules - côté,3,2,2,0,1,1,2,0,1,50,2,2,1,0,0,1,38.0,49.0,utilitaire_camion,deux_roues,5,2,3,1,3
202400006195,2024-11-27 07:00:00,2024,11,27,7,0,94,94081,Quai Jules Guesde,48.80448929,2.40861109,Nuit avec éclairage allumé,En agglomération,Intersection en T,Normale,Deux véhicules - côté,3,1,0,0,1,1,1,0,1,50,2,2,1,0,0,1,38.0,49.0,utilitaire_camion,deux_roues,5,2,3,1,3
202400006196,2024-04-26 19:45:00,2024,4,26,19,45,76,76108,Route de Neufchâtel,49.46467256,1.11449651,Plein jour,En agglomération,Intersection en T,Normale,Autre collision,7,2,2,0,1,1,1,0,1,50,1,2,0,0,0,2,37.0,,deux_roues,,1,2,3,1,6
202400006196,2024-04-26 19:45:00,2024,4,26,19,45,76,76108,Route de Neufchâtel,49.46467256,1.11449651,Plein jour,En agglomération,Intersection en T,Normale,Autre collision,7,2,2,0,1,1,1,-1,5,50,1,2,0,0,0,2,37.0,,deux_roues,,1,2,3,1,6
202400006197,2024-09-14 12:30:00,2024,9,14,12,30,13,13033,A55-Sens Marseille vers Martigues,43.373156,5.18513,Plein jour,Hors agglomération,Hors intersection,Normale,Deux véhicules - arrière,1,-1,2,0,1,1,1,0,1,90,3,6,5,0,0,1,40.0,55.0,voiture,utilitaire_camion,1,1,1,1,2
202400006198,2024-11-27 18:10:00,2024,11,27,18,10,94,94037,Rue Charles Frérot,48.81494,2.34887,Nuit avec éclairage allumé,En agglomération,Intersection en X,Pluie légère,Deux véhicules - frontale,3,1,2,0,1,1,2,0,1,50,2,2,1,0,0,1,37.0,35.0,voiture,deux_roues,5,2,2,2,1
202400006198,2024-11-27 18:10:00,2024,11,27,18,10,94,94037,Rue Charles Frérot,48.81494,2.34887,Nuit avec éclairage allumé,En agglomération,Intersection en X,Pluie légère,Deux véhicules - frontale,3,2,2,0,1,1,2,0,1,50,2,2,1,0,0,1,37.0,35.0,voiture,deux_roues,5,2,2,2,1
202400006199,2024-09-14 16:55:00,2024,9,14,16,55,83,83137,A50,43.12717959,5.91671394,Plein jour,Hors agglomération,Hors intersection,Normale,Deux véhicules - arrière,1,1,2,0,2,1,1,1,1,70,2,2,1,0,1,0,30.0,36.0,deux_roues,utilitaire_camion,1,1,1,1,2
202400006200,2024-04-26 12:40:00,2024,4,26,12,40,72,72181,LECOUTEUX LIONEL (PL) A PARTIR DU N° 4,48.00558,0.20161,Plein jour,En agglomération,Giratoire,Normale,Deux véhicules - côté,4,1,2,0,1,2,1,5,1,50,2,3,2,0,0,1,59.0,24.0,voiture,voiture,1,2,6,1,3
202400006200,2024-04-26 12:40:00,2024,4,26,12,40,72,72181,LECOUTEUX LIONEL (PL) A PARTIR DU N° 4,48.00558,0.20161,Plein jour,En agglomération,Giratoire,Normale,Deux véhicules - côté,4,-1,1,0,1,3,1,0,1,50,2,3,2,0,0,1,59.0,24.0,voiture,voiture,1,2,6,1,3
202400006201,2024-11-27 12:35:00,2024,11,27,12,35,94,94041,Rue Amédée Huon,48.8048313,2.38744578,Plein jour,En agglomération,Hors intersection,Pluie légère,Deux véhicules - côté,4,2,2,0,2,3,2,0,1,50,2,2,1,0,1,0,49.0,22.0,deux_roues,voiture,1,2,1,2,3
202400006202,2024-09-15 12:30:00,2024,9,15,12,30,91,91689,AUTOROUTE A6,48.73001,2.3147,Plein jour,Hors agglomération,Hors intersection,Normale,Deux véhicules - arrière,1,1,3,0,1,1,1,0,1,90,2,2,1,0,0,1,68.0,47.0,utilitaire_camion,utilitaire_camion,1,1,1,1,2
202400006203,2024-11-27 14:10:00,2024,11,27,14,10,94,94073,2 Rue des Alouettes,48.752534,2.371701,Plein jour,En agglomération,Hors intersection,Normale,Deux véhicules - frontale,3,2,2,0,1,1,1,0,1,30,2,2,1,0,0,1,42.0,52.0,deux_roues,voiture,1,2,1,1,1
202400006204,2024-04-25 20:45:00,2024,4,25,20,45,67,67482,VICTOIRE (BOULEVARD DE LA),48.58098188,7.7697587,Nuit avec éclairage allumé,En agglomération,Intersection en T,Normale,Deux véhicules - côté,4,2,2,0,1,1,1,9,8,50,2,3,1,0,0,2,28.0,28.0,deux_roues,voiture,5,2,3,1,3
202400006204,2024-04-25 20:45:00,2024,4,25,20,45,67,67482,VICTOIRE (BOULEVARD DE LA),48.58098188,7.7697587,Nuit avec éclairage allumé,En agglomération,Intersection en T,Normale,Deux véhicules - côté,4,3,5,3,1,1,1,9,1,50,2,3,1,0,0,2,28.0,28.0,deux_roues,voiture,5,2,3,1,3
202400006205,2024-09-15 07:05:00,2024,9,15,7,5,75,75113,A6B,48.816409,2.358981,Crépuscule ou aube,Hors agglomération,Hors intersection,Normale,Deux véhicules - arrière,1,1,2,0,1,2,1,1,1,50,2,2,1,0,0,1,30.0,23.0,voiture,voiture,2,1,1,1,2
202400006206,2024-11-27 19:15:00,2024,11,27,19,15,94,94022,1 Boulevard des Alliés,48.764532,2.405255,Nuit avec éclairage allumé,En agglomération,Autre intersection,Pluie légère,Deux véhicules - frontale,3,4,0,0,1,1,2,0,1,30,2,2,1,0,0,1,41.0,29.0,voiture,deux_roues,5,2,9,2,1
202400006207,2024-09-15 19:33:00,2024,9,15,19,33,78,78158,A13,48.840989,2.104863,Plein jour,Hors agglomération,Hors intersection,Normale,Autre collision,1,1,3,0,1,3,1,3,1,50,1,1,0,0,0,1,41.0,,deux_roues,,1,1,1,1,6
202400006208,2024-04-26 16:15:00,2024,4,26,16,15,66,66136,,42.72770347,2.90000439,Plein jour,En agglomération,Hors intersection,Normale,Deux véhicules - arrière,4,-1,4,0,1,1,1,0,1,50,2,2,1,0,0,1,70.0,54.0,voiture,deux_roues,1,2,1,1,2
202400006209,2024-11-26 23:15:00,2024,11,26,23,15,93,93066,COLONEL FABIEN (AVENUE),48.9448,2.3535,Nuit avec éclairage allumé,En agglomération,Intersection en T,Normale,Deux véhicules - côté,3,1,0,3,1,1,1,0,1,50,2,2,1,0,1,0,53.0,30.0,voiture,deux_roues,5,2,3,1,3
202400006209,2024-11-26 23:15:00,2024,11,26,23,15,93,93066,COLONEL FABIEN (AVENUE),48.9448,2.3535,Nuit avec éclairage allumé,En agglomération,Intersection en T,Normale,Deux véhicules - côté,3,2,0,0,1,1,1,0,1,50,2,2,1,0,1,0,53.0,30.0,voiture,deux_roues,5,2,3,1,3
202400006210,2024-04-24 17:30:00,2024,4,24,17,30,66,66136,R D 900,42.67989836,2.86277533,Plein jour,Hors agglomération,Hors intersection,Normale,Deux véhicules - arrière,3,1,4,0,1,1,1,0,1,110,2,2,1,0,1,0,49.0,42.0,deux_roues,voiture,1,1,1,1,2
202400006211,2024-09-15 16:20:00,2024,9,15,16,20,78,78646,RN12,48.791383,2.102041,Plein jour,Hors agglomération,Hors intersection,Normale,Trois véhicules et plus - collisions multiples,2,1,4,0,1,1,1,0,1,110,3,3,2,0,0,1,22.0,28.0,deux_roues,deux_roues,1,1,1,1,5
202400006212,2024-11-27 18:20:00,2024,11,27,18,20,92,92033,SURESNES,48.8469267,2.19578862,Nuit avec éclairage allumé,En agglomération,Hors intersection,Pluie légère,Autre collision,4,2,2,0,1,1,2,0,1,50,1,2,1,0,0,1,73.0,,voiture,,5,2,1,2,6
202400006213,2024-04-26 11:50:00,2024,4,26,11,50,64,64260,EMPEREUR (BOULEVARD DE ),43.35556,-1.76767,Plein jour,En agglomération,Autre intersection,Normale,Deux véhicules - côté,3,2,2,0,2,1,1,0,1,50,2,2,1,0,0,1,86.0,31.0,voiture,deux_roues,1,2,9,1,3
202400006214,2024-09-15 15:30:00,2024,9,15,15,30,78,78217,A13,48.965884,1.814129,Plein jour,Hors agglomération,Hors intersection,Normale,Deux véhicules - arrière,1,1,2,0,3,1,1,3,1,70,2,2,1,0,0,1,39.0,62.0,voiture,voiture,1,1,1,1,2
202400006215,2024-11-27 18:30:00,2024,11,27,18,30,92,92064,ARMENGAUD,48.85052,2.21705,Crépuscule ou aube,En agglomération,Intersection en X,Pluie légère,Autre collision,4,2,0,0,2,1,2,0,1,30,1,3,1,0,0,2,86.0,,voiture,,2,2,2,2,6
202400006215,2024-11-27 18:30:00,2024,11,27,18,30,92,92064,ARMENGAUD,48.85052,2.21705,Crépuscule ou aube,En agglomération,Intersection en X,Pluie légère,Autre collision,4,2,0,0,1,1,2,2,1,50,1,3,1,0,0,2,86.0,,voiture,,2,2,2,2,6
202400006216,2024-04-24 22:27:00,2024,4,24,22,27,64,64102,FORGUES FERNAND (AVENUE),43.4869,-1.48029,Nuit avec éclairage allumé,En agglomération,Hors intersection,Normale,Autre collision,4,3,4,0,1,3,1,0,3,50,1,2,0,0,0,2,17.0,,voiture,,5,2,1,1,6
202400006217,2024-09-15 13:10:00,2024,9,15,13,10,92,92012,A13,48.84842319,2.22997214,Plein jour,Hors agglomération,Hors intersection,Normale,Sans collision,1,3,3,0,1,1,1,0,1,70,1,1,0,0,0,1,60.0,,voiture,,1,1,1,1,7
202400006218,2024-04-22 19:45:00,2024,4,22,19,45,62,62771,Rue de Meurchin,50.41669,2.87899,Plein jour,En agglomération,Hors intersection,Normale,Autre collision,4,1,1,0,1,1,1,0,1,50,1,2,1,0,0,1,32.0,,voiture,,1,2,1,1,6
202400006219,2024-11-27 15:57:00,2024,11,27,15,57,92,92064,REPUBLIQUE,48.85793621,2.21083884,Crépuscule ou aube,En agglomération,Intersection en X,Pluie légère,Deux véhicules - côté,3,2,4,0,1,1,2,0,1,50,2,2,1,0,0,1,75.0,20.0,voiture,voiture,2,2,2,2,3
202400006219,2024-11-27 15:57:00,2024,11,27,15,57,92,92064,REPUBLIQUE,48.85793621,2.21083884,Crépuscule ou aube,En agglomération,Intersection en X,Pluie légère,Deux véhicules - côté,3,2,5,0,2,1,2,0,1,50,2,2,1,0,0,1,75.0,20.0,voiture,voiture,2,2,2,2,3