accident_id,datetime,annee,mois,jour,heure,minute,departement,commune_insee,adresse,latitude,longitude,luminosite,agglomeration,intersection,meteo,collision,catr,circ,nbv,vosp,prof,plan,surf,infra,situ,vma,nb_vehicules,nb_usagers,nb_indemnes,nb_tues,nb_blesses_hosp,nb_blesses_legers,age_cond_1,age_cond_2,veh_type_cond_1,veh_type_cond_2,lum_code,agg_code,int_code,atm_code,col_code
202400006220,2024-09-15 06:35:00,2024,9,15,6,35,78,78431,A13,48.943571,1.950825,Nuit sans éclairage public,Hors agglomération,Hors intersection,Normale,Trois véhicules et plus - collisions multiples,1,1,3,0,1,1,1,0,1,130,4,5,4,0,0,1,32.0,50.0,voiture,voiture,3,1,1,1,5
202400006221,2024-11-27 08:33:00,2024,11,27,8,33,92,92063,HUGO (AVENUE VICTOR),48.88596187,2.17570268,Plein jour,En agglomération,Intersection en T,Pluie légère,Deux véhicules - côté,3,1,0,0,1,1,2,0,1,50,2,2,1,0,0,1,51.0,33.0,voiture,deux_roues,1,2,3,2,3
202400006221,2024-11-27 08:33:00,2024,11,27,8,33,92,92063,HUGO (AVENUE VICTOR),48.88596187,2.17570268,Plein jour,En agglomération,Intersection en T,Pluie légère,Deux véhicules - côté,3,2,0,0,1,1,2,0,1,50,2,2,1,0,0,1,51.0,33.0,voiture,deux_roues,1,2,3,2,3
202400006222,2024-04-26 23:35:00,2024,4,26,23,35,62,62178,D841,50.49066757,2.56485918,Nuit avec éclairage allumé,En agglomération,Intersection en X,Temps couvert,Deux véhicules - côté,3,1,1,0,1,1,2,0,8,50,2,6,5,0,0,1,19.0,20.0,voiture,voiture,5,2,2,8,3
202400006222,2024-04-26 23:35:00,2024,4,26,23,35,62,62178,D841,50.49066757,2.56485918,Nuit avec éclairage allumé,En agglomération,Intersection en X,Temps couvert,Deux véhicules - côté,3,2,1,0,1,1,2,9,1,50,2,6,5,0,0,1,19.0,20.0,voiture,voiture,5,2,2,8,3
202400006223,2024-09-15 05:40:00,2024,9,15,5,40,78,78646,RN12,48.789835,2.119552,Nuit sans éclairage public,Hors agglomération,Hors intersection,Normale,Autre collision,2,-1,4,0,1,1,1,0,1,110,1,1,0,0,0,1,22.0,,voiture,,3,1,1,1,6
202400006224,2024-11-27 09:50:00,2024,11,27,9,50,92,92050,BOULEVARD DE LA DEFENSE,48.90724565,2.21318342,Plein jour,En agglomération,Hors intersection,Pluie légère,Trois véhicules et plus - collisions multiples,3,1,3,0,2,1,2,0,1,50,3,3,2,0,0,1,17.0,41.0,voiture,voiture,1,2,1,2,5
202400006225,2024-04-22 18:30:00,2024,4,22,18,30,57,57143,JOFFRE (RUE),49.25988,6.08995,Plein jour,En agglomération,Hors intersection,Normale,Deux véhicules - côté,4,2,2,0,1,1,1,0,1,50,2,2,1,0,1,0,18.0,33.0,deux_roues,voiture,1,2,1,1,3
202400006226,2024-07-04 16:05:00,2024,7,4,16,5,74,74012,SALEVE (RUE DU),46.1928,6.2286,Plein jour,En agglomération,Intersection en T,Normale,Deux véhicules - frontale,4,-1, -1,0,1,1,1,0,1,50,2,2,0,0,0,2,33.0,37.0,deux_roues,deux_roues,1,2,3,1,1
202400006226,2024-07-04 16:05:00,2024,7,4,16,5,74,74012,SALEVE (RUE DU),46.1928,6.2286,Plein jour,En agglomération,Intersection en T,Normale,Deux véhicules - frontale,4,-1, -1,0,1,2,1,0,1,50,2,2,0,0,0,2,33.0,37.0,deux_roues,deux_roues,1,2,3,1,1
202400006227,2024-11-27 09:18:00,2024,11,27,9,18,92,92050,REPUBLIQUE AVENUE DE LA,48.89737062,2.19760314,Plein jour,En agglomération,Hors intersection,Pluie légère,Autre collision,3,1,2,0,1,1,2,0,8,50,1,2,1,0,0,1,49.0,,voiture,,1,2,1,2,6
202400006228,2024-04-26 15:20:00,2024,4,26,15,20,54,54482,Rue Jules Massenet,48.705,6.19824,Plein jour,En agglomération,Hors intersection,Normale,Autre collision,4,1,1,0,1,1,1,0,1,50,2,2,1,0,0,1,95.0,66.0,voiture,voiture,1,2,1,1,6
202400006229,2024-07-08 16:00:00,2024,7,8,16,0,74,74012,VOIRONS (RUE DES),46.19479,6.23396,Plein jour,En agglomération,Hors intersection,Normale,Autre collision,4,-1,0,0,1,1,1,8,8,20,1,2,1,0,0,1,51.0,,utilitaire_camion,,1,2,1,1,6
202400006230,2024-11-26 17:05:00,2024,11,26,17,5,92,92050,BOUVETS BOULEVARD DES,48.89683,2.22407,Crépuscule ou aube,En agglomération,Intersection en X,Normale,Deux véhicules - côté,3,1,2,0,1,1,1,0,1,50,2,2,1,0,0,1,23.0,38.0,deux_roues,voiture,2,2,2,1,3
202400006230,2024-11-26 17:05:00,2024,11,26,17,5,92,92050,BOUVETS BOULEVARD DES,48.89683,2.22407,Crépuscule ou aube,En agglomération,Intersection en X,Normale,Deux véhicules - côté,3,2,2,0,1,1,1,8,1,50,2,2,1,0,0,1,23.0,38.0,deux_roues,voiture,2,2,2,1,3
202400006231,2024-04-26 18:43:00,2024,4,26,18,43,51,51454,ROUSSEAU (PLACE MAX),49.26471,4.01008,Plein jour,En agglomération,Giratoire,Normale,Deux véhicules - côté,4,2,2,0,1,2,1,0,1,50,2,2,1,0,0,1,41.0,32.0,deux_roues,voiture,1,2,6,1,3
202400006231,2024-04-26 18:43:00,2024,4,26,18,43,51,51454,ROUSSEAU (PLACE MAX),49.26471,4.01008,Plein jour,En agglomération,Giratoire,Normale,Deux véhicules - côté,4,1,1,0,1,2,1,0,1,50,2,2,1,0,0,1,41.0,32.0,deux_roues,voiture,1,2,6,1,3
202400006232,2024-07-08 07:40:00,2024,7,8,7,40,74,74012,MARRONIERS (RUE DES),46.18892,6.23959,Plein jour,En agglomération,Hors intersection,Normale,Autre collision,4,-1,1,0,1,1,1,0,1,50,1,1,0,0,0,1,29.0,,voiture,,1,2,1,1,6
202400006233,2024-11-27 09:07:00,2024,11,27,9,7,92,92040,RODIN (BOULEVARD),48.81944526,2.25971237,Plein jour,En agglomération,Hors intersection,Pluie légère,Autre collision,3,-1,2,0,2,1,2,0,1,30,1,2,1,0,0,1,32.0,,deux_roues,,1,2,1,2,6
202400006234,2024-04-26 08:00:00,2024,4,26,8,0,51,51454,VAL DE VESLE (BOULEVARD),49.22501,4.09663,Plein jour,En agglomération,Giratoire,Normale,Deux véhicules - côté,4,-1,2,0,1,1,1,0,1,50,2,2,1,0,0,1,53.0,43.0,deux_roues,voiture,1,2,6,1,3
202400006234,2024-04-26 08:00:00,2024,4,26,8,0,51,51454,VAL DE VESLE (BOULEVARD),49.22501,4.09663,Plein jour,En agglomération,Giratoire,Normale,Deux véhicules - côté,4,2,2,0,1,1,1,0,1,50,2,2,1,0,0,1,53.0,43.0,deux_roues,voiture,1,2,6,1,3
202400006235,2024-11-25 15:00:00,2024,11,25,15,0,974,97415,Chemin du Tour des Roches,-21.005967,55.299763,Plein jour,En agglomération,Hors intersection,Temps couvert,Sans collision,4,2,2,0,1,2,1,0,1,50,1,2,1,1,0,0,29.0,,voiture,,1,2,1,8,7
202400006236,2024-06-26 15:35:00,2024,6,26,15,35,74,74010,CRETE (DE LA),45.91251,6.11255,Plein jour,En agglomération,Intersection en X,Normale,Deux véhicules - arrière,4,2,0,0,1,1,1,5,1,50,2,2,1,1,0,0,53.0,53.0,utilitaire_camion,deux_roues,1,2,2,1,2
202400006236,2024-06-26 15:35:00,2024,6,26,15,35,74,74010,CRETE (DE LA),45.91251,6.11255,Plein jour,En agglomération,Intersection en X,Normale,Deux véhicules - arrière,4,2,2,0,1,1,1,0,1,50,2,2,1,1,0,0,53.0,53.0,utilitaire_camion,deux_roues,1,2,2,1,2
202400006237,2024-11-28 07:15:00,2024,11,28,7,15,95,95487,GARE (AVENUE DE LA),49.14802966,2.28184819,Nuit sans éclairage public,En agglomération,Giratoire,Normale,Deux véhicules - côté,4,-1,2,0,1,2,1,5,1,50,2,2,1,0,0,1,19.0,38.0,deux_roues,voiture,3,2,6,1,3
202400006238,2024-04-25 18:05:00,2024,4,25,18,5,51,51172,NIEPCE (AVENUE NICEPHORE),49.22055,4.06381,Plein jour,En agglomération,Giratoire,Normale,Deux véhicules - arrière,2,1,2,0,1,2,1,5,1,50,2,2,1,0,0,1,26.0,60.0,voiture,voiture,1,2,6,1,2
202400006238,2024-04-25 18:05:00,2024,4,25,18,5,51,51172,NIEPCE (AVENUE NICEPHORE),49.22055,4.06381,Plein jour,En agglomération,Giratoire,Normale,Deux véhicules - arrière,2,2,2,0,1,3,1,0,1,50,2,2,1,0,0,1,26.0,60.0,voiture,voiture,1,2,6,1,2
202400006239,2024-07-05 06:25:00,2024,7,5,6,25,74,74010,SOMMEILLER,45.901,6.1225,Plein jour,En agglomération,Hors intersection,Normale,Autre collision,4,1,2,3,1,1,1,0,1,30,1,2,1,0,1,0,83.0,,transport_commun,,1,2,1,1,6
202400006240,2024-11-27 15:00:00,2024,11,27,15,0,31,31446,67 Avenue Tolosane,43.54653367,1.47396118,Plein jour,En agglomération,Hors intersection,Normale,Autre collision,3,2,2,0,1,2,1,0,1,50,1,2,1,0,1,0,55.0,,voiture,,1,2,1,1,6
202400006241,2024-04-24 16:10:00,2024,4,24,16,10,51,51454,FOULQUART (RUE),49.27819,4.01521,Plein jour,En agglomération,Intersection en T,Normale,Autre collision,4,1,1,0,1,1,1,0,1,50,1,2,1,0,1,0,23.0,,utilitaire_camion,,1,2,3,1,6
202400006241,2024-04-24 16:10:00,2024,4,24,16,10,51,51454,FOULQUART (RUE),49.27819,4.01521,Plein jour,En agglomération,Intersection en T,Normale,Autre collision,4,-1,2,0,1,1,1,0,1,50,1,2,1,0,1,0,23.0,,utilitaire_camion,,1,2,3,1,6
202400006242,2024-04-25 11:30:00,2024,4,25,11,30,50,50502,VIEUX CANDOL,49.09877,-1.11946,Plein jour,Hors agglomération,Autre intersection,Normale,Autre collision,3,-1,0,0,1,1,1,9,8,10,1,2,1,0,1,0,38.0,,voiture,,1,1,9,1,6
202400006243,2024-06-18 09:00:00,2024,6,18,9,0,74,74010,GERMAIN PERREARD (AVENUE),45.91094,6.11323,Plein jour,En agglomération,Hors intersection,Normale,Trois véhicules et plus - collisions multiples,4,2,2,2,1,1,1,0,1,30,3,3,2,0,0,1,47.0,44.0,voiture,voiture,1,2,1,1,5
202400006244,2024-11-28 14:30:00,2024,11,28,14,30,44,44193,10 le Jarrier,47.642803,-1.515437,Plein jour,Hors agglomération,Hors intersection,Normale,Deux véhicules - arrière,3,2,2,0,1,1,1,0,1,80,2,3,1,1,1,0,42.0,22.0,utilitaire_camion,voiture,1,1,1,1,2
202400006245,2024-04-27 00:40:00,2024,4,27,0,40,49,49007,BOISNET RUE,47.47438,-0.55235,Nuit avec éclairage allumé,Hors agglomération,Intersection en X,Normale,Deux véhicules - côté,4,1,1,1,2,1,1,0,1,50,2,2,1,0,1,0,21.0,21.0,voiture,deux_roues,5,1,2,1,3
202400006245,2024-04-27 00:40:00,2024,4,27,0,40,49,49007,BOISNET RUE,47.47438,-0.55235,Nuit avec éclairage allumé,Hors agglomération,Intersection en X,Normale,Deux véhicules - côté,4,2,2,0,1,1,1,0,1,50,2,2,1,0,1,0,21.0,21.0,voiture,deux_roues,5,1,2,1,3
202400006246,2024-11-28 03:40:00,2024,11,28,3,40,81,81101,N88,43.994729,2.170824,Nuit sans éclairage public,Hors agglomération,Giratoire,Normale,Sans collision,2,3,2,0,4,1,1,0,1,90,1,3,0,1,2,0,32.0,,utilitaire_camion,,3,1,6,1,7
202400006247,2024-04-26 15:23:00,2024,4,26,15,23,49,49007,BIRGE BOULEVARD,47.47444,-0.51963,Plein jour,En agglomération,Intersection en X,Normale,Deux véhicules - côté,4,3,5,0,1,1,1,0,1,50,2,2,0,0,0,2,31.0,31.0,utilitaire_camion,utilitaire_camion,1,2,2,1,3
202400006247,2024-04-26 15:23:00,2024,4,26,15,23,49,49007,BIRGE BOULEVARD,47.47444,-0.51963,Plein jour,En agglomération,Intersection en X,Normale,Deux véhicules - côté,4,2,2,0,1,1,1,0,1,50,2,2,0,0,0,2,31.0,31.0,utilitaire_camion,utilitaire_camion,1,2,2,1,3
202400006248,2024-04-25 20:10:00,2024,4,25,20,10,49,49007,MOULIN BOULEVARD,47.49228,-0.55441,Plein jour,En agglomération,Hors intersection,Normale,Sans collision,4,2,2,0,1,1,1,0,1,50,1,1,0,0,1,0,74.0,,voiture,,1,2,1,1,7
202400006249,2024-11-27 17:25:00,2024,11,27,17,25,11,11397,,43.206818,2.436626,Plein jour,En agglomération,Intersection en T,Normale,Trois véhicules et plus - collisions multiples,3,2,2,0,1,1,1,0,1,50,3,3,2,1,0,0,54.0,,voiture,voiture,1,2,3,1,5
202400006249,2024-11-27 17:25:00,2024,11,27,17,25,11,11397,,43.206818,2.436626,Plein jour,En agglomération,Intersection en T,Normale,Trois véhicules et plus - collisions multiples,3,2, -1,-1,1,1,1,0,1,-1,3,3,2,1,0,0,54.0,,voiture,voiture,1,2,3,1,5
202400006250,2024-04-26 13:40:00,2024,4,26,13,40,42,42044,Rue Honore d’Urfe,45.39497348,4.33567107,Plein jour,En agglomération,Intersection en T,Normale,Deux véhicules - arrière,4,2,1,0,1,1,1,0,1,50,2,2,1,0,0,1,18.0,30.0,deux_roues,voiture,1,2,3,1,2
202400006250,2024-04-26 13:40:00,2024,4,26,13,40,42,42044,Rue Honore d’Urfe,45.39497348,4.33567107,Plein jour,En agglomération,Intersection en T,Normale,Deux véhicules - arrière,4,2,1,0,1,1,1,0,1,50,2,2,1,0,0,1,18.0,30.0,deux_roues,voiture,1,2,3,1,2
202400006251,2024-04-26 19:35:00,2024,4,26,19,35,38,38169,AVENUE ARISTIDE BRIAND,45.19069,5.68934,Plein jour,En agglomération,Passage à niveau,Normale,Deux véhicules - côté,4,1,2,0,1,1,1,4,1,30,2,2,1,0,0,1,45.0,44.0,transport_commun,deux_roues,1,2,8,1,3
202400006251,2024-04-26 19:35:00,2024,4,26,19,35,38,38169,AVENUE ARISTIDE BRIAND,45.19069,5.68934,Plein jour,En agglomération,Passage à niveau,Normale,Deux véhicules - côté,4,-1,2,0,1,1,1,4,1,30,2,2,1,0,0,1,45.0,44.0,transport_commun,deux_roues,1,2,8,1,3
202400006252,2024-11-28 15:40:00,2024,11,28,15,40,89,89464,,48.089041,3.286731,Plein jour,En agglomération,Intersection en X,Normale,Deux véhicules - frontale,3,2,2,0,1,1,1,0,1,50,2,4,1,0,0,3,32.0,84.0,utilitaire_camion,voiture,1,2,2,1,1
202400006252,2024-11-28 15:40:00,2024,11,28,15,40,89,89464,,48.089041,3.286731,Plein jour,En agglomération,Intersection en X,Normale,Deux véhicules - frontale,3,2,2,-1,1,1,1,5,1,50,2,4,1,0,0,3,32.0,84.0,utilitaire_camion,voiture,1,2,2,1,1
202400006253,2024-11-28 10:10:00,2024,11,28,10,10,61,61230,D8,48.526304,0.71322,Plein jour,Hors agglomération,Hors intersection,Normale,Autre collision,3,2,2,0,1,1,1,0,3,90,1,1,0,0,0,1,41.0,,voiture,,1,1,1,1,6
202400006254,2024-04-26 19:40:00,2024,4,26,19,40,37,37261,FROMENTEL (RUE),47.37668,0.67558,Plein jour,En agglomération,Intersection en T,Normale,Deux véhicules - côté,4,2,4,1,1,1,1,5,1,50,2,2,1,0,0,1,21.0,20.0,deux_roues,voiture,1,2,3,1,3
202400006254,2024-04-26 19:40:00,2024,4,26,19,40,37,37261,FROMENTEL (RUE),47.37668,0.67558,Plein jour,En agglomération,Intersection en T,Normale,Deux véhicules - côté,4,2,2,0,1,1,1,5,1,50,2,2,1,0,0,1,21.0,20.0,deux_roues,voiture,1,2,3,1,3
202400006255,2024-11-27 04:55:00,2024,11,27,4,55,86,86281,Les 4 Vents,46.685593,0.302116,Nuit avec éclairage non allumé,Hors agglomération,Giratoire,Normale,Autre collision,3,2,2,0,1,3,1,5,8,50,1,1,0,0,1,0,37.0,,voiture,,4,1,6,1,6
202400006256,2024-08-11 12:00:00,2024,8,11,12,0,33,33519,,44.894108,-0.673454,Plein jour,Hors agglomération,Hors intersection,Normale,Autre collision,4,2,2,0,1,1,1,2,1,80,1,1,0,1,0,0,63.0,,deux_roues,,1,1,1,1,6
202400006257,2024-11-27 19:00:00,2024,11,27,19,0,31,31232,Avenue de Gascogne,43.779089,1.267505,Nuit sans éclairage public,Hors agglomération,Intersection en T,Brouillard / fumée,Deux véhicules - frontale,3,2,2,0,1,1,1,5,1,80,2,2,0,0,1,1,26.0,46.0,voiture,utilitaire_camion,3,1,3,5,1
202400006257,2024-11-27 19:00:00,2024,11,27,19,0,31,31232,Avenue de Gascogne,43.779089,1.267505,Nuit sans éclairage public,Hors agglomération,Intersection en T,Brouillard / fumée,Deux véhicules - frontale,3,2,2,0,1,1,1,5,1,50,2,2,0,0,1,1,26.0,46.0,voiture,utilitaire_camion,3,1,3,5,1
202400006258,2024-04-26 12:50:00,2024,4,26,12,50,37,37261,DE GAULLE (AVENUE DU GENERAL),47.38087,0.69884,Plein jour,En agglomération,Hors intersection,Normale,Trois véhicules et plus - en chaîne,4,2,2,0,1,1,1,0,1,50,3,4,2,0,0,2,55.0,52.0,voiture,voiture,1,2,1,1,4
202400006259,2024-08-10 08:45:00,2024,8,10,8,45,14,14488,12 Rue Gambetta,49.277895,-0.259367,Plein jour,En agglomération,Hors intersection,Normale,Deux véhicules - frontale,4,2,2,0,1,1,1,0,1,50,2,3,2,0,0,1,82.0,17.0,voiture,voiture,1,2,1,1,1
202400006260,2024-04-26 08:30:00,2024,4,26,8,30,37,37214,RD 37,47.39512944,0.6470376,Plein jour,Hors agglomération,Hors intersection,Normale,Sans collision,7,3,2,0,2,3,1,0,1,90,1,1,0,0,0,1,31.0,,voiture,,1,1,1,1,7
202400006261,2024-11-22 18:30:00,2024,11,22,18,30,15,15215,RD 17,44.977466,2.521513,Nuit sans éclairage public,Hors agglomération,Intersection en T,Normale,Deux véhicules - arrière,3,2,2,2,1,1,1,0,1,90,2,2,1,0,0,1,25.0,50.0,voiture,voiture,3,1,3,1,2
202400006261,2024-11-22 18:30:00,2024,11,22,18,30,15,15215,RD 17,44.977466,2.521513,Nuit sans éclairage public,Hors agglomération,Intersection en T,Normale,Deux véhicules - arrière,3,2,2,0,1,3,1,0,8,80,2,2,1,0,0,1,25.0,50.0,voiture,voiture,3,1,3,1,2
202400006262,2024-07-29 14:40:00,2024,7,29,14,40,80,80799,D1029,49.870532,2.511808,Plein jour,En agglomération,Intersection en X,Normale,Deux véhicules - côté,3,2,2,0,1,1,1,0,1,50,2,2,1,0,1,0,28.0,66.0,voiture,deux_roues,1,2,2,1,3
202400006262,2024-07-29 14:40:00,2024,7,29,14,40,80,80799,D1029,49.870532,2.511808,Plein jour,En agglomération,Intersection en X,Normale,Deux véhicules - côté,3,2,2,0,1,1,1,0,1,30,2,2,1,0,1,0,28.0,66.0,voiture,deux_roues,1,2,2,1,3
202400006263,2024-11-27 08:36:00,2024,11,27,8,36,01,01163,Route de Montrevel,46.36581,5.169336,Plein jour,Hors agglomération,Hors intersection,Normale,Sans collision,3,2,2,0,2,1,1,0,3,70,1,1,0,0,1,0,23.0,,voiture,,1,1,1,1,7
202400006264,2024-04-26 12:45:00,2024,4,26,12,45,35,35281,DODIN (AVENUE ROGER),48.07430359,-1.712282,Plein jour,Hors agglomération,Giratoire,Normale,Deux véhicules - côté,7,3,4,1,1,3,1,0,1,50,2,3,2,0,0,1,22.0,18.0,voiture,voiture,1,1,6,1,3
202400006265,2024-08-09 11:59:00,2024,8,9,11,59,69,69034,Boulevard Périphérique Nord,45.79347606,4.87557607,Plein jour,Hors agglomération,Hors intersection,Normale,Deux véhicules - côté,7,3,6,0,1,2,1,2,1,70,2,2,1,1,0,0,31.0,38.0,deux_roues,voiture,1,1,1,1,3
202400006266,2024-04-26 13:55:00,2024,4,26,13,55,35,35238,CHAMPION DE CICE,48.10255,-1.70405,Plein jour,En agglomération,Hors intersection,Pluie légère,Autre collision,4,2,2,0,1,1,2,0,1,30,1,2,1,0,1,0,47.0,,voiture,,1,2,1,2,6
202400006267,2024-11-27 21:25:00,2024,11,27,21,25,72,72125,D357,47.94930189,0.642322,Nuit sans éclairage public,Hors agglomération,Hors intersection,Pluie légère,Deux véhicules - frontale,3,2,2,0,1,1,2,0,1,90,2,4,0,2,0,2,28.0,73.0,deux_roues,voiture,3,1,1,2,1
202400006268,2024-08-10 15:30:00,2024,8,10,15,30,91,91235,RN 445,48.627,2.3545,Plein jour,Hors agglomération,Hors intersection,Normale,Autre collision,3,1,0,0,2,3,1,0,1,50,1,2,1,0,0,1,28.0,,voiture,,1,1,1,1,6
202400006269,2024-04-25 19:30:00,2024,4,25,19,30,35,35238,MITTERAND (MAIL FRANCOIS),48.10839355,-1.69597417,Plein jour,En agglomération,Intersection en T,Normale,Deux véhicules - arrière,4,3,2,2,1,1,1,5,5,30,2,2,1,0,0,1,16.0,,deux_roues,voiture,1,2,3,1,2
202400006269,2024-04-25 19:30:00,2024,4,25,19,30,35,35238,MITTERAND (MAIL FRANCOIS),48.10839355,-1.69597417,Plein jour,En agglomération,Intersection en T,Normale,Deux véhicules - arrière,4,1,1,2,1,1,1,6,5,20,2,2,1,0,0,1,16.0,,deux_roues,voiture,1,2,3,1,2
202400006270,2024-11-27 13:10:00,2024,11,27,13,10,07,07199,D104,44.49132,4.274256,Plein jour,Hors agglomération,Giratoire,Temps éblouissant,Autre collision,3,2,1,0,1,2,1,0,1,90,2,2,1,0,1,0,22.0,75.0,utilitaire_camion,deux_roues,1,1,6,7,6
202400006270,2024-11-27 13:10:00,2024,11,27,13,10,07,07199,D104,44.49132,4.274256,Plein jour,Hors agglomération,Giratoire,Temps éblouissant,Autre collision,3,2,1,0,1,2,1,0,1,90,2,2,1,0,1,0,22.0,75.0,utilitaire_camion,deux_roues,1,1,6,7,6
202400006271,2024-08-10 12:10:00,2024,8,10,12,10,91,91689,AUTOROUTE A10,48.7284,2.3053,Plein jour,Hors agglomération,Hors intersection,Normale,Deux véhicules - arrière,1,3,3,0,1,1,1,0,1,110,2,3,2,0,0,1,24.0,59.0,voiture,voiture,1,1,1,1,2
202400006272,2024-04-26 14:10:00,2024,4,26,14,10,34,34172,NIMES (AVENUE DE),43.61936,3.8879,Plein jour,En agglomération,Hors intersection,Pluie légère,Deux véhicules - côté,4,3,2,0,1,1,2,0,1,50,2,2,1,0,0,1,27.0,45.0,deux_roues,voiture,1,2,1,2,3
202400006273,2024-08-09 22:00:00,2024,8,9,22,0,91,91521,AUTOROUTE A6,48.6362,2.39973,Nuit sans éclairage public,Hors agglomération,Hors intersection,Pluie légère,Deux véhicules - arrière,1,-1,3,0,1,1,2,0,1,110,2,2,1,0,0,1,57.0,49.0,utilitaire_camion,voiture,3,1,1,2,2
202400006274,2024-11-27 16:20:00,2024,11,27,16,20,07,07327,D104,44.521325,4.330206,Plein jour,Hors agglomération,Intersection en T,Normale,Deux véhicules - arrière,3,2,2,0,1,1,1,0,1,70,2,2,1,0,1,0,53.0,17.0,voiture,deux_roues,1,1,3,1,2
202400006274,2024-11-27 16:20:00,2024,11,27,16,20,07,07327,D104,44.521325,4.330206,Plein jour,Hors agglomération,Intersection en T,Normale,Deux véhicules - arrière,3,2,2,0,1,1,1,0,1,70,2,2,1,0,1,0,53.0,17.0,voiture,deux_roues,1,1,3,1,2
202400006275,2024-04-26 17:30:00,2024,4,26,17,30,31,31555,ETATS UNIS (AV DES) DU 1AU 281,43.65814,1.4197,Plein jour,En agglomération,Hors intersection,Normale,Sans collision,7,3,6,1,1,1,1,0,5,50,2,2,1,0,0,1,26.0,56.0,utilitaire_camion,deux_roues,1,2,1,1,7
202400006276,2024-11-27 20:55:00,2024,11,27,20,55,30,30170,Plaine de Cavaillac,43.973646,3.587422,Nuit avec éclairage allumé,En agglomération,Hors intersection,Normale,Deux véhicules - côté,3,2,2,0,1,1,1,0,1,-1,2,2,0,1,0,1,56.0,17.0,deux_roues,deux_roues,5,2,1,1,3
202400006277,2024-04-26 14:10:00,2024,4,26,14,10,31,31555,BAYONNE (ROUTE DE ),43.60936,1.35442,Plein jour,En agglomération,Hors intersection,Normale,Autre collision,7,2,3,0,1,1,1,5,1,50,1,1,0,0,1,0,75.0,,deux_roues,,1,2,1,1,6
202400006278,2024-11-28 18:37:00,2024,11,28,18,37,76,76684,RN.182 Bretelle de sortie Bolbec,49.47744232,0.45833489,Nuit avec éclairage allumé,Hors agglomération,Hors intersection,Normale,Autre collision,2,1,1,0,2,1,1,3,1,50,1,1,0,1,0,0,54.0,,voiture,,5,1,1,1,6
202400006279,2024-08-10 19:25:00,2024,8,10,19,25,92,92047,A13,48.83397544,2.16646875,Plein jour,Hors agglomération,Hors intersection,Normale,Trois véhicules et plus - en chaîne,1,1,3,3,1,1,1,0,1,90,3,10,9,0,0,1,63.0,59.0,voiture,voiture,1,1,1,1,4
202400006280,2024-11-23 15:40:00,2024,11,23,15,40,31,31433,Autoroute  A64,43.534487,1.390661,Plein jour,Hors agglomération,Hors intersection,Normale,Deux véhicules - arrière,1,3,3,0,1,1,1,0,1,90,2,2,1,0,0,1,70.0,45.0,utilitaire_camion,voiture,1,1,1,1,2
202400006281,2024-04-26 17:08:00,2024,4,26,17,8,27,27229,MEILET (RUE DU),49.02573,1.14651,Plein jour,En agglomération,Intersection en T,Pluie légère,Autre collision,4,3,0,0,1,1,2,0,1,50,1,2,1,0,0,1,59.0,,voiture,,1,2,3,2,6
202400006281,2024-04-26 17:08:00,2024,4,26,17,8,27,27229,MEILET (RUE DU),49.02573,1.14651,Plein jour,En agglomération,Intersection en T,Pluie légère,Autre collision,4,1,1,0,1,1,2,0,1,30,1,2,1,0,0,1,59.0,,voiture,,1,2,3,2,6
202400006282,2024-11-27 17:30:00,2024,11,27,17,30,06,06152,2600 Route des Cretes,43.627506,7.049666,Nuit sans éclairage public,Hors agglomération,Hors intersection,Normale,Autre collision,3,2,2,0,1,4,1,0,1,70,1,1,0,0,1,0,19.0,,deux_roues,,3,1,1,1,6
202400006283,2024-08-10 13:54:00,2024,8,10,13,54,92,92064,A13,48.83954496,2.20338008,Plein jour,Hors agglomération,Hors intersection,Normale,Deux véhicules - arrière,1,-1,3,0,1,1,1,0,1,90,2,6,1,0,0,5,38.0,21.0,voiture,voiture,1,1,1,1,2
202400006284,2024-04-26 13:27:00,2024,4,26,13,27,27,27229,ORLEANS (RUE D'),48.998639,1.154905,Plein jour,En agglomération,Giratoire,Normale,Deux véhicules - côté,3,1,2,0,1,3,1,0,1,50,2,2,1,0,0,1,21.0,55.0,deux_roues,autre,1,2,6,1,3
202400006285,2024-04-24 00:47:00,2024,4,24,0,47,26,26058,Montee du Long,44.96449,4.88715,Nuit avec éclairage non allumé,Hors agglomération,Hors intersection,Normale,Autre collision,3,2,2,0,1,1,1,0,1,50,1,2,1,1,0,0,35.0,,voiture,,4,1,1,1,6
202400006286,2024-08-10 12:15:00,2024,8,10,12,15,78,78007,A13W,48.896701,2.00652,Plein jour,Hors agglomération,Hors intersection,Normale,Autre collision,1,1,2,0,3,1,1,0,1,110,1,2,0,0,0,2,34.0,,voiture,,1,1,1,1,6
202400006287,2024-11-28 09:00:00,2024,11,28,9,0,13,13040,D6,43.479448,5.556121,Plein jour,Hors agglomération,Hors intersection,Normale,Deux véhicules - arrière,3,2,2,0,1,1,1,0,1,80,2,2,0,0,1,1,54.0,43.0,voiture,utilitaire_camion,1,1,1,1,2
202400006288,2024-04-23 12:40:00,2024,4,23,12,40,25,25547,AVENUE LECLERC,47.51414,6.82906,Plein jour,En agglomération,Hors intersection,Normale,Deux véhicules - frontale,4,2,2,0,1,1,1,0,1,30,2,2,1,0,1,0,19.0,39.0,voiture,deux_roues,1,2,1,1,1