accident_id,datetime,annee,mois,jour,heure,minute,departement,commune_insee,adresse,latitude,longitude,luminosite,agglomeration,intersection,meteo,collision,catr,circ,nbv,vosp,prof,plan,surf,infra,situ,vma,nb_vehicules,nb_usagers,nb_indemnes,nb_tues,nb_blesses_hosp,nb_blesses_legers,age_cond_1,age_cond_2,veh_type_cond_1,veh_type_cond_2,lum_code,agg_code,int_code,atm_code,col_code
202400006289,2024-11-25 07:25:00,2024,11,25,7,25,78,78089,Avenue Aristide Briand,49.035838,1.57481,Nuit avec éclairage allumé,En agglomération,Intersection en T,Pluie légère,Deux véhicules - côté,3,2,2,0,1,1,2,0,1,30,2,2,1,0,0,1,15.0,55.0,deux_roues,voiture,5,2,3,2,3
202400006289,2024-11-25 07:25:00,2024,11,25,7,25,78,78089,Avenue Aristide Briand,49.035838,1.57481,Nuit avec éclairage allumé,En agglomération,Intersection en T,Pluie légère,Deux véhicules - côté,3,2, -1,-1,1,1,2,3,1,-1,2,2,1,0,0,1,15.0,55.0,deux_roues,voiture,5,2,3,2,3
202400006290,2024-08-10 10:40:00,2024,8,10,10,40,95,95604,A1,49.10819189,2.55180077,Plein jour,Hors agglomération,Hors intersection,Normale,Trois véhicules et plus - en chaîne,1,3,3,0,1,1,1,0,1,110,3,5,3,0,0,2,62.0,59.0,voiture,voiture,1,1,1,1,4
202400006291,2024-11-27 15:30:00,2024,11,27,15,30,66,66180,Avenue Urbain Paret,42.773613,2.988091,Plein jour,En agglomération,Autre intersection,Normale,Autre collision,3,2,2,0,1,1,1,6,1,50,1,2,1,0,1,0,60.0,,voiture,,1,2,9,1,6
202400006292,2024-04-26 19:45:00,2024,4,26,19,45,22,22113,DE LA FAYETTE (BOULEVARD),48.73758,-3.44482,Plein jour,En agglomération,Hors intersection,Normale,Deux véhicules - arrière,4,2,2,0,2,3,1,0,1,50,2,2,1,0,0,1,50.0,25.0,voiture,voiture,1,2,1,1,2
202400006293,2024-04-25 12:10:00,2024,4,25,12,10,18,18279,46 Rue Jules Louis Breton,47.220805,2.078819,Plein jour,En agglomération,Hors intersection,Normale,Deux véhicules - côté,4,2,2,0,1,1,1,0,1,50,2,2,1,0,1,0,26.0,66.0,deux_roues,voiture,1,2,1,1,3
202400006294,2024-11-27 15:55:00,2024,11,27,15,55,34,34166,D128 montblanc,43.357255,3.332098,Plein jour,Hors agglomération,Intersection en T,Normale,Autre collision,3,2,2,0,1,3,1,9,1,80,1,2,1,0,1,0,41.0,,deux_roues,,1,1,3,1,6
202400006294,2024-11-27 15:55:00,2024,11,27,15,55,34,34166,D128 montblanc,43.357255,3.332098,Plein jour,Hors agglomération,Intersection en T,Normale,Autre collision,3,1, -1,-1,1,1,1,0,1,-1,1,2,1,0,1,0,41.0,,deux_roues,,1,1,3,1,6
202400006295,2024-08-10 07:55:00,2024,8,10,7,55,93,93006,AUTOROUTE A3,48.86759911,2.42748043,Plein jour,Hors agglomération,Hors intersection,Normale,Autre collision,1,3,5,0,1,1,1,1,1,90,2,5,0,0,0,5,47.0,25.0,voiture,voiture,1,1,1,1,6
202400006296,2024-11-28 19:50:00,2024,11,28,19,50,83,83065,Route Departementale 98a,43.264017,6.611875,Nuit avec éclairage allumé,Hors agglomération,Hors intersection,Normale,Sans collision,3,2,2,1,1,1,1,0,1,50,1,1,0,0,1,0,42.0,,deux_roues,,5,1,1,1,7
202400006297,2024-04-26 16:40:00,2024,4,26,16,40,14,14366,11 Place François Mitterrand,49.14613,0.225,Plein jour,En agglomération,Intersection en T,Normale,Sans collision,4,1,1,0,1,2,1,9,1,30,1,2,1,0,0,1,25.0,,voiture,,1,2,3,1,7
202400006297,2024-04-26 16:40:00,2024,4,26,16,40,14,14366,11 Place François Mitterrand,49.14613,0.225,Plein jour,En agglomération,Intersection en T,Normale,Sans collision,4,1,1,0,1,1,1,0,1,-1,1,2,1,0,0,1,25.0,,voiture,,1,2,3,1,7
202400006298,2024-08-09 12:50:00,2024,8,9,12,50,987,98735,PIERRE LOTI (ALLEE),-17.53883,-149.55474,Plein jour,Hors agglomération,Hors intersection,Normale,Deux véhicules - côté,2,2,2,0,1,1,1,0,1,20,2,2,1,0,0,1,16.0,40.0,deux_roues,voiture,1,1,1,1,3
202400006299,2024-04-03 17:40:00,2024,4,3,17,40,13,13056,FLEMING AVENUE DU ALEXANDER,43.41759,5.05848,Plein jour,En agglomération,Intersection en T,Normale,Deux véhicules - arrière,4,2,2,0,1,1,1,0,8,30,2,2,1,0,1,0,41.0,69.0,voiture,deux_roues,1,2,3,1,2
202400006299,2024-04-03 17:40:00,2024,4,3,17,40,13,13056,FLEMING AVENUE DU ALEXANDER,43.41759,5.05848,Plein jour,En agglomération,Intersection en T,Normale,Deux véhicules - arrière,4,2,2,1,1,1,1,0,1,50,2,2,1,0,1,0,41.0,69.0,voiture,deux_roues,1,2,3,1,2
202400006300,2024-11-28 11:00:00,2024,11,28,11,0,13,13094,D99,43.786865,4.752614,Plein jour,En agglomération,Giratoire,Normale,Deux véhicules - côté,3,2,2,0,1,1,1,0,1,50,3,3,1,0,0,2,80.0,30.0,voiture,voiture,1,2,6,1,3
202400006301,2024-04-26 20:10:00,2024,4,26,20,10,13,13203,CHARPENTIER (BOULEVARD),43.31,5.37,Plein jour,En agglomération,Hors intersection,Normale,Deux véhicules - arrière,4,1,1,0,1,1,1,0,1,50,1,2,1,0,1,0,64.0,,utilitaire_camion,,1,2,1,1,2
202400006302,2024-08-09 18:00:00,2024,8,9,18,0,974,97409,CHEMIN AGENOR,-20.93395,55.65969,Crépuscule ou aube,Hors agglomération,Autre intersection,Normale,Deux véhicules - côté,4,-1,0,0,1,2,1,9,8,30,2,2,1,0,0,1,67.0,65.0,utilitaire_camion,deux_roues,2,1,9,1,3
202400006303,2024-04-26 15:30:00,2024,4,26,15,30,13,13005,DOUARD (AVENUE DU),43.286,5.597,Plein jour,En agglomération,Hors intersection,Temps couvert,Deux véhicules - côté,4,2,2,0,1,1,1,0,1,50,2,2,1,0,0,1,52.0,43.0,voiture,deux_roues,1,2,1,8,3
202400006304,2024-08-09 11:00:00,2024,8,9,11,0,974,97409,PENTE SASSY (chemin de la),-20.96675,55.65952,Plein jour,En agglomération,Intersection en T,Normale,Deux véhicules - côté,4,2,2,0,1,1,1,0,1,50,2,2,1,0,0,1,50.0,54.0,utilitaire_camion,voiture,1,2,3,1,3
202400006304,2024-08-09 11:00:00,2024,8,9,11,0,974,97409,PENTE SASSY (chemin de la),-20.96675,55.65952,Plein jour,En agglomération,Intersection en T,Normale,Deux véhicules - côté,4,2,2,0,1,2,1,0,1,50,2,2,1,0,0,1,50.0,54.0,utilitaire_camion,voiture,1,2,3,1,3
202400006305,2024-11-27 17:15:00,2024,11,27,17,15,50,50139,Rue du Focq,49.054105,-1.030177,Crépuscule ou aube,En agglomération,Intersection en T,Pluie légère,Deux véhicules - côté,3,2,2,0,1,2,2,0,1,50,2,2,1,0,1,0,47.0,42.0,deux_roues,utilitaire_camion,2,2,3,2,3
202400006305,2024-11-27 17:15:00,2024,11,27,17,15,50,50139,Rue du Focq,49.054105,-1.030177,Crépuscule ou aube,En agglomération,Intersection en T,Pluie légère,Deux véhicules - côté,3,2,2,0,2,3,2,0,1,50,2,2,1,0,1,0,47.0,42.0,deux_roues,utilitaire_camion,2,2,3,2,3
202400006306,2024-04-26 19:05:00,2024,4,26,19,5,09,09207,ROUTE NATIONALE 20,42.93137,1.62938,Plein jour,Hors agglomération,Hors intersection,Normale,Deux véhicules - arrière,2,3,2,0,1,1,1,0,1,110,2,2,1,0,0,1,51.0,42.0,autre,utilitaire_camion,1,1,1,1,2
202400006307,2024-08-07 20:10:00,2024,8,7,20,10,974,97407,ROUTE NATIONALE N° 1,-20.95427,55.31368,Nuit sans éclairage public,Hors agglomération,Hors intersection,Normale,Autre collision,2,3,4,0,1,1,1,0,1,110,1,2,1,0,0,1,35.0,,voiture,,3,1,1,1,6
202400006308,2024-11-20 13:15:00,2024,11,20,13,15,59,59139,Rue Mal Delattre de Tassigny,50.117269,3.416169,Plein jour,En agglomération,Hors intersection,Normale,Autre collision,4,2,2,0,1,1,1,0,1,50,1,1,0,0,1,0,64.0,,voiture,,1,2,1,1,6
202400006309,2024-04-26 04:55:00,2024,4,26,4,55,06,06088,20 Avenue Saint-Jean-Baptiste,43.70132,7.27781,Nuit avec éclairage allumé,En agglomération,Intersection en X,Normale,Deux véhicules - arrière,4,-1,1,0,1,1,1,0,1,50,2,2,1,0,0,1,19.0,33.0,deux_roues,voiture,5,2,2,1,2
202400006309,2024-04-26 04:55:00,2024,4,26,4,55,06,06088,20 Avenue Saint-Jean-Baptiste,43.70132,7.27781,Nuit avec éclairage allumé,En agglomération,Intersection en X,Normale,Deux véhicules - arrière,4,1,3,0,1,1,1,0,1,50,2,2,1,0,0,1,19.0,33.0,deux_roues,voiture,5,2,2,1,2
202400006310,2024-04-26 02:04:00,2024,4,26,2,4,06,06088,118 Avenue des Arènes de Cimiez,43.714193,7.274951,Nuit avec éclairage allumé,En agglomération,Hors intersection,Normale,Autre collision,4,2,2,0,2,2,1,0,4,50,1,1,0,1,0,0,48.0,,deux_roues,,5,2,1,1,6
202400006311,2024-11-27 22:27:00,2024,11,27,22,27,13,13043,A55 - Sens Marseille vers Martigues,43.39166,5.26445,Nuit sans éclairage public,Hors agglomération,Hors intersection,Normale,Autre collision,1,3,2,0,1,1,1,0,1,110,2,2,0,0,0,2,20.0,38.0,voiture,voiture,3,1,1,1,6
202400006312,2024-08-09 18:20:00,2024,8,9,18,20,973,97302,REPUBLIQUE (BD DE LA),4.93919116,-52.31861883,Plein jour,En agglomération,Hors intersection,Normale,Deux véhicules - côté,4,2,2,3,1,1,1,0,1,50,2,2,1,0,0,1,22.0,28.0,deux_roues,voiture,1,2,1,1,3
202400006313,2024-11-25 23:10:00,2024,11,25,23,10,33,33063,,44.880716,-0.541372,Nuit avec éclairage allumé,Hors agglomération,Hors intersection,Normale,Autre collision,1,3,6,0,1,1,1,2,1,90,1,1,0,0,0,1,19.0,,voiture,,5,1,1,1,6
202400006314,2024-04-26 09:00:00,2024,4,26,9,0,06,06069,36 Avenue Sidi Brahim,43.64989,6.93199,Plein jour,En agglomération,Giratoire,Normale,Deux véhicules - côté,4,2,2,0,1,1,1,0,1,50,2,2,0,0,0,2,21.0,32.0,voiture,voiture,1,2,6,1,3
202400006314,2024-04-26 09:00:00,2024,4,26,9,0,06,06069,36 Avenue Sidi Brahim,43.64989,6.93199,Plein jour,En agglomération,Giratoire,Normale,Deux véhicules - côté,4,2,2,0,1,1,1,0,1,50,2,2,0,0,0,2,21.0,32.0,voiture,voiture,1,2,6,1,3
202400006315,2024-11-25 21:40:00,2024,11,25,21,40,33,33080,,44.733139,-0.531566,Nuit sans éclairage public,Hors agglomération,Hors intersection,Normale,Autre collision,1,3,4,0,1,1,2,0,1,130,1,1,0,0,0,1,37.0,,voiture,,3,1,1,1,6
202400006316,2024-08-09 19:45:00,2024,8,9,19,45,973,97302,MONTABO (ROUTE DE) 1,4.94412,-52.3091,Nuit avec éclairage allumé,En agglomération,Hors intersection,Normale,Deux véhicules - côté,3,2,2,0,1,1,1,0,1,50,2,3,1,0,0,2,35.0,31.0,voiture,deux_roues,5,2,1,1,3
202400006317,2024-04-26 11:10:00,2024,4,26,11,10,06,06027,Rue Jules Verne,43.661,7.144,Plein jour,En agglomération,Hors intersection,Pluie légère,Deux véhicules - côté,4,3,4,1,1,1,2,9,1,50,2,2,1,0,0,1,32.0,77.0,voiture,deux_roues,1,2,1,2,3
202400006318,2024-08-07 07:30:00,2024,8,7,7,30,973,97302,BADUEL (ROUTE DE),4.93543,-52.31284,Plein jour,En agglomération,Hors intersection,Normale,Deux véhicules - côté,3,2,2,0,1,1,1,0,1,50,2,2,1,0,0,1,65.0,58.0,voiture,deux_roues,1,2,1,1,3
202400006319,2024-04-24 22:30:00,2024,4,24,22,30,75,75117,BD PERIPHERIQUE EXTERIEUR,48.88826,2.29189,Nuit avec éclairage allumé,En agglomération,Hors intersection,Normale,Deux véhicules - côté,4,1,4,0,1,1,1,0,1,70,2,2,1,0,0,1,56.0,,deux_roues,voiture,5,2,1,1,3
202400006320,2024-11-27 08:35:00,2024,11,27,8,35,91,91661,AUTOROUTE A10,48.69588,2.23593,Plein jour,Hors agglomération,Hors intersection,Pluie légère,Trois véhicules et plus - collisions multiples,1,3,3,0,2,1,2,0,1,90,4,7,1,0,0,6,61.0,34.0,transport_commun,utilitaire_camion,1,1,1,2,5
202400006321,2024-08-10 01:15:00,2024,8,10,1,15,69,69386,Cours Vitton,45.76932,4.85044,Nuit avec éclairage allumé,En agglomération,Intersection en X,Normale,Deux véhicules - côté,4,1,2,3,1,1,1,0,1,30,2,3,2,0,0,1,43.0,27.0,voiture,deux_roues,5,2,2,1,3
202400006321,2024-08-10 01:15:00,2024,8,10,1,15,69,69386,Cours Vitton,45.76932,4.85044,Nuit avec éclairage allumé,En agglomération,Intersection en X,Normale,Deux véhicules - côté,4,1,1,2,1,1,1,0,1,30,2,3,2,0,0,1,43.0,27.0,voiture,deux_roues,5,2,2,1,3
202400006322,2024-04-24 21:06:00,2024,4,24,21,6,75,75116,BD PERIPHERIQUE EXTERIEUR,48.874475,2.275778,Nuit avec éclairage allumé,En agglomération,Hors intersection,Normale,Trois véhicules et plus - en chaîne,4,1,4,0,1,1,1,0,1,70,3,3,2,0,0,1,40.0,52.0,voiture,deux_roues,5,2,1,1,4
202400006323,2024-04-26 10:30:00,2024,4,26,10,30,75,75106,RUE DE RENNES,48.846151,2.326096,Plein jour,En agglomération,Hors intersection,Normale,Autre collision,4,2,2,0,1,1,1,0,1,30,1,2,1,0,0,1,28.0,,utilitaire_camion,,1,2,1,1,6
202400006324,2024-11-27 10:00:00,2024,11,27,10,0,92,92025,A86,48.93542176,2.2605831,Plein jour,Hors agglomération,Hors intersection,Pluie légère,Trois véhicules et plus - en chaîne,1,1,2,0,1,1,2,0,1,90,3,3,2,0,0,1,41.0,44.0,voiture,voiture,1,1,1,2,4
202400006325,2024-08-09 20:36:00,2024,8,9,20,36,69,69383,Rue Maurice Flandin,45.76001,4.86299,Plein jour,En agglomération,Hors intersection,Normale,Deux véhicules - côté,4,1,1,1,1,1,1,0,1,50,2,2,1,0,0,1,27.0,56.0,deux_roues,voiture,1,2,1,1,3
202400006326,2024-04-26 20:00:00,2024,4,26,20,0,75,75119,RUE PETIT,48.88567,2.386902,Plein jour,En agglomération,Intersection en X,Normale,Deux véhicules - frontale,4,1,1,0,1,1,1,0,1,30,2,2,1,0,0,1,35.0,20.0,deux_roues,deux_roues,1,2,2,1,1
202400006326,2024-04-26 20:00:00,2024,4,26,20,0,75,75119,RUE PETIT,48.88567,2.386902,Plein jour,En agglomération,Intersection en X,Normale,Deux véhicules - frontale,4,1,1,0,1,1,1,0,1,30,2,2,1,0,0,1,35.0,20.0,deux_roues,deux_roues,1,2,2,1,1
202400006327,2024-08-09 05:05:00,2024,8,9,5,5,69,69387,Avenue Leclerc,45.74471,4.83054,Crépuscule ou aube,En agglomération,Hors intersection,Normale,Autre collision,4,2,3,2,1,1,1,0,4,50,1,1,0,0,0,1,20.0,,voiture,,2,2,1,1,6
202400006328,2024-11-26 09:20:00,2024,11,26,9,20,92,92036,A86,48.93568401,2.26177329,Plein jour,Hors agglomération,Hors intersection,Normale,Deux véhicules - arrière,1,1,2,0,1,1,1,0,1,110,2,3,1,0,0,2,22.0,21.0,deux_roues,voiture,1,1,1,1,2
202400006329,2024-04-26 09:40:00,2024,4,26,9,40,75,75118,BOULEVARD DE CLICHY,48.88467,2.329466,Plein jour,En agglomération,Intersection en X,Normale,Autre collision,4,1,2,3,1,1,1,0,6,30,1,2,1,0,0,1,32.0,,deux_roues,,1,2,2,1,6
202400006329,2024-04-26 09:40:00,2024,4,26,9,40,75,75118,BOULEVARD DE CLICHY,48.88467,2.329466,Plein jour,En agglomération,Intersection en X,Normale,Autre collision,4,2, -1,-1,1,1,1,0,1,30,1,2,1,0,0,1,32.0,,deux_roues,,1,2,2,1,6
202400006330,2024-04-26 18:04:00,2024,4,26,18,4,75,75116,AVENUE FOCH,48.872619,2.279392,Plein jour,En agglomération,Hors intersection,Normale,Autre collision,4,2,4,1,1,1,1,0,8,50,1,1,0,0,0,1,39.0,,transport_commun,,1,2,1,1,6
202400006331,2024-11-25 21:25:00,2024,11,25,21,25,92,92025,A86,48.92973823,2.24175921,Nuit sans éclairage public,Hors agglomération,Hors intersection,Pluie légère,Autre collision,1,1,2,0,1,1,2,0,1,70,1,1,0,0,1,0,35.0,,deux_roues,,3,1,1,2,6
202400006332,2024-08-09 15:54:00,2024,8,9,15,54,972,97213,ROUTE NATIONALE 5,14.59642,-60.9953,Plein jour,Hors agglomération,Hors intersection,Normale,Trois véhicules et plus - collisions multiples,2,2,6,0,1,1,1,0,1,70,3,5,0,0,0,5,54.0,47.0,voiture,voiture,1,1,1,1,5
202400006333,2024-04-23 17:25:00,2024,4,23,17,25,75,75116,ROUTE DE SURESNES,48.864013,2.23662,Plein jour,En agglomération,Hors intersection,Normale,Deux véhicules - côté,4,3,4,0,1,1,1,0,1,50,2,2,1,0,0,1,21.0,33.0,voiture,deux_roues,1,2,1,1,3
202400006334,2024-11-25 16:51:00,2024,11,25,16,51,78,78007,A13 Y,48.898434,2.005777,Plein jour,Hors agglomération,Hors intersection,Normale,Trois véhicules et plus - en chaîne,1,1,2,0,1,1,2,0,1,110,3,4,3,0,0,1,41.0,42.0,voiture,voiture,1,1,1,1,4
202400006335,2024-08-09 16:50:00,2024,8,9,16,50,972,97213,ROUTE DEPARTEMENTALE 14,14.6211,-61.01958,Plein jour,Hors agglomération,Hors intersection,Normale,Deux véhicules - arrière,3,3,1,0,2,1,1,0,1,50,2,2,1,0,1,0,48.0,46.0,voiture,voiture,1,1,1,1,2
202400006336,2024-04-26 10:50:00,2024,4,26,10,50,75,75115,AVENUE FELIX FAURE,48.84183,2.28974,Plein jour,En agglomération,Hors intersection,Normale,Deux véhicules - frontale,4,2,2,0,1,1,1,0,1,30,2,2,1,0,0,1,49.0,34.0,utilitaire_camion,deux_roues,1,2,1,1,1
202400006337,2024-11-19 01:55:00,2024,11,19,1,55,78,78423,RN12,48.79737,2.04092,Nuit sans éclairage public,Hors agglomération,Hors intersection,Pluie légère,Autre collision,2,1,1,0,2,3,2,3,1,50,1,1,0,0,0,1,19.0,,voiture,,3,1,1,2,6
202400006338,2024-11-18 19:45:00,2024,11,18,19,45,92,92023,A86 EXT ,48.7769763,2.22831062,Nuit sans éclairage public,Hors agglomération,Hors intersection,Pluie légère,Deux véhicules - arrière,2,1,3,0,1,1,2,0,1,90,2,2,1,0,0,1,62.0,35.0,voiture,deux_roues,3,1,1,2,2
202400006339,2024-04-26 15:17:00,2024,4,26,15,17,75,75113,BOULEVARD AUGUSTE BLANQUI,48.831091,2.344245,Plein jour,En agglomération,Intersection en X,Normale,Autre collision,4,2,4,0,1,1,1,0,1,30,1,3,2,0,0,1,65.0,,voiture,,1,2,2,1,6
202400006339,2024-04-26 15:17:00,2024,4,26,15,17,75,75113,BOULEVARD AUGUSTE BLANQUI,48.831091,2.344245,Plein jour,En agglomération,Intersection en X,Normale,Autre collision,4,-1,4,0,1,1,1,0,1,30,1,3,2,0,0,1,65.0,,voiture,,1,2,2,1,6
202400006340,2024-11-26 23:15:00,2024,11,26,23,15,93,93006,AUTOROUTE A3,48.8667928,2.42555663,Nuit sans éclairage public,Hors agglomération,Hors intersection,Normale,Sans collision,1,1,2,0,1,2,1,3,1,70,1,1,0,0,0,1,25.0,,deux_roues,,3,1,1,1,7
202400006341,2024-08-08 19:30:00,2024,8,8,19,30,972,97213,AUTOROUTE A1,14.617811,-61.018731,Nuit sans éclairage public,Hors agglomération,Hors intersection,Normale,Trois véhicules et plus - collisions multiples,1,2,4,0,1,1,1,0,1,90,5,6,4,0,0,2,37.0,31.0,voiture,voiture,3,1,1,1,5
202400006342,2024-04-26 09:00:00,2024,4,26,9,0,75,75113,AVENUE D IVRY,48.822257,2.367863,Plein jour,En agglomération,Hors intersection,Normale,Deux véhicules - côté,4,1,4,1,1,1,1,0,5,30,2,2,1,0,0,1,48.0,39.0,utilitaire_camion,deux_roues,1,2,1,1,3
202400006343,2024-11-26 19:15:00,2024,11,26,19,15,93,93048,AUTOROUTE A3,48.87356555,2.43687765,Nuit sans éclairage public,Hors agglomération,Hors intersection,Normale,Deux véhicules - côté,1,3,4,0,1,1,1,0,1,90,2,3,2,0,0,1,46.0,,deux_roues,voiture,3,1,1,1,3
202400006344,2024-08-07 15:50:00,2024,8,7,15,50,972,97209,RN9,14.59872,-61.05315,Plein jour,En agglomération,Hors intersection,Normale,Autre collision,2,2,2,0,1,1,1,5,1,70,1,2,1,0,0,1,64.0,,voiture,,1,2,1,1,6
202400006345,2024-04-26 21:15:00,2024,4,26,21,15,75,75117,RUE NOLLET,48.886372,2.32239,Nuit avec éclairage allumé,En agglomération,Intersection à plus de 4 branches,Normale,Deux véhicules - côté,4,1,1,0,1,1,1,0,1,30,2,2,1,0,0,1,31.0,22.0,utilitaire_camion,deux_roues,5,2,5,1,3
202400006345,2024-04-26 21:15:00,2024,4,26,21,15,75,75117,RUE NOLLET,48.886372,2.32239,Nuit avec éclairage allumé,En agglomération,Intersection à plus de 4 branches,Normale,Deux véhicules - côté,4,1,1,0,1,1,1,0,1,30,2,2,1,0,0,1,31.0,22.0,utilitaire_camion,deux_roues,5,2,5,1,3
202400006346,2024-11-26 16:45:00,2024,11,26,16,45,93,93027,AUTOROUTE A1,48.9344735,2.39765242,Plein jour,Hors agglomération,Hors intersection,Normale,Trois véhicules et plus - collisions multiples,1,3,3,0,1,1,1,0,1,90,3,3,2,0,0,1,56.0,24.0,voiture,deux_roues,1,1,1,1,5
202400006347,2024-08-09 01:00:00,2024,8,9,1,0,971,97113,SECTION LEROUX,16.23718,-61.47279,Nuit sans éclairage public,Hors agglomération,Hors intersection,Normale,Sans collision,4,2,2,0,2,1,1,0,8,80,1,2,1,0,0,1,38.0,,voiture,,3,1,1,1,7
202400006348,2024-04-26 05:10:00,2024,4,26,5,10,75,75108,RUE PASQUIER,48.874192,2.323939,Nuit avec éclairage allumé,En agglomération,Intersection en X,Normale,Deux véhicules - frontale,4,1,2,0,1,1,1,0,1,30,2,3,2,0,0,1,35.0,55.0,voiture,voiture,5,2,2,1,1
202400006348,2024-04-26 05:10:00,2024,4,26,5,10,75,75108,RUE PASQUIER,48.874192,2.323939,Nuit avec éclairage allumé,En agglomération,Intersection en X,Normale,Deux véhicules - frontale,4,-1,4,0,1,1,1,0,1,30,2,3,2,0,0,1,35.0,55.0,voiture,voiture,5,2,2,1,1
202400006349,2024-11-26 11:35:00,2024,11,26,11,35,93,93010,AUTOROUTE A3,48.91454975,2.47732254,Plein jour,Hors agglomération,Hors intersection,Normale,Deux véhicules - frontale,1,3,3,0,1,1,1,0,1,90,2,2,1,0,0,1,33.0,67.0,utilitaire_camion,voiture,1,1,1,1,1
202400006350,2024-04-26 08:46:00,2024,4,26,8,46,75,75107,PONT D IENA,48.859857,2.291979,Plein jour,En agglomération,Hors intersection,Normale,Sans collision,4,2,1,0,1,1,1,2,1,30,1,1,0,0,0,1,42.0,,deux_roues,,1,2,1,1,7
202400006351,2024-08-06 12:31:00,2024,8,6,12,31,91,91570,RAIE TORTUE (RUE),48.63741,2.30496,Plein jour,En agglomération,Hors intersection,Temps éblouissant,Autre collision,9,1,1,0,2,1,1,9,1,30,1,2,1,0,1,0,28.0,,utilitaire_camion,,1,2,1,7,6
202400006352,2024-04-25 23:20:00,2024,4,25,23,20,75,75107,QUAI D ORSAY,48.862288,2.306328,Nuit avec éclairage allumé,En agglomération,Intersection en T,Normale,Sans collision,4,1, -1,-1,1,1,1,0,5,30,1,1,0,0,0,1,24.0,,deux_roues,,5,2,3,1,7
202400006352,2024-04-25 23:20:00,2024,4,25,23,20,75,75107,QUAI D ORSAY,48.862288,2.306328,Nuit avec éclairage allumé,En agglomération,Intersection en T,Normale,Sans collision,4,1,7,1,1,1,1,0,5,30,1,1,0,0,0,1,24.0,,deux_roues,,5,2,3,1,7
202400006353,2024-11-26 08:55:00,2024,11,26,8,55,95,95572,A15,49.03324212,2.10687909,Plein jour,Hors agglomération,Hors intersection,Normale,Deux véhicules - côté,1,3,6,0,1,1,1,0,1,90,2,2,1,0,0,1,32.0,22.0,voiture,deux_roues,1,1,1,1,3
202400006354,2024-11-24 22:20:00,2024,11,24,22,20,75,75112,A4,48.81664,2.45189,Nuit sans éclairage public,Hors agglomération,Hors intersection,Normale,Autre collision,1,3,4,0,1,3,1,0,1,90,1,2,0,0,0,2,18.0,,voiture,,3,1,1,1,6
202400006355,2024-04-26 23:10:00,2024,4,26,23,10,75,75101,RUE DU LOUVRE,48.865282,2.343077,Nuit avec éclairage allumé,En agglomération,Intersection en X,Pluie légère,Deux véhicules - arrière,4,2,4,3,1,1,2,0,1,30,2,2,1,0,0,1,31.0,40.0,deux_roues,voiture,5,2,2,2,2
202400006355,2024-04-26 23:10:00,2024,4,26,23,10,75,75101,RUE DU LOUVRE,48.865282,2.343077,Nuit avec éclairage allumé,En agglomération,Intersection en X,Pluie légère,Deux véhicules - arrière,4,2,4,0,1,1,2,0,1,30,2,2,1,0,0,1,31.0,40.0,deux_roues,voiture,5,2,2,2,2
202400006356,2024-08-03 16:00:00,2024,8,3,16,0,91,91064,"GISY (ROUTE, JUSQU'A BUROSPACE)",48.76141,2.21557,Plein jour,Hors agglomération,Intersection en T,Normale,Deux véhicules - côté,4,2,2,0,1,1,1,0,1,50,2,2,1,0,0,1,44.0,51.0,voiture,deux_roues,1,1,3,1,3
202400006356,2024-08-03 16:00:00,2024,8,3,16,0,91,91064,"GISY (ROUTE, JUSQU'A BUROSPACE)",48.76141,2.21557,Plein jour,Hors agglomération,Intersection en T,Normale,Deux véhicules - côté,4,2,2,0,1,1,1,0,1,50,2,2,1,0,0,1,44.0,51.0,voiture,deux_roues,1,1,3,1,3
202400006357,2024-11-10 02:40:00,2024,11,10,2,40,77,77288,rue de l'industrie,48.526164,2.655838,Nuit avec éclairage allumé,En agglomération,Hors intersection,Normale,Sans collision,4,1, -1,-1,1,1,1,0,4,-1,1,1,0,1,0,0,45.0,,deux_roues,,5,2,1,1,7
202400006358,2024-04-26 11:45:00,2024,4,26,11,45,75,75104,RUE DE RIVOLI,48.85512,2.361707,Plein jour,En agglomération,Intersection en T,Normale,Autre collision,4,1,3,1,1,1,1,0,5,30,1,1,0,0,0,1,57.0,,deux_roues,,1,2,3,1,6
202400006358,2024-04-26 11:45:00,2024,4,26,11,45,75,75104,RUE DE RIVOLI,48.85512,2.361707,Plein jour,En agglomération,Intersection en T,Normale,Autre collision,4,2,2,2,1,1,1,0,1,30,1,1,0,0,0,1,57.0,,deux_roues,,1,2,3,1,6
202400006359,2024-08-05 16:45:00,2024,8,5,16,45,91,91114,AV PIERRE PROST,48.700493,2.493658,Plein jour,En agglomération,Hors intersection,Normale,Autre collision,4,2,2,1,1,2,1,0,8,50,1,3,1,0,0,2,22.0,,voiture,,1,2,1,1,6
202400006360,2024-08-28 18:30:00,2024,8,28,18,30,76,76565,RD 915,49.89514,1.07785,Plein jour,Hors agglomération,Autre intersection,Normale,Deux véhicules - côté,3,1,0,0,1,2,1,0,1,70,2,2,1,0,0,1,34.0,53.0,deux_roues,voiture,1,1,9,1,3
202400006361,2024-04-26 09:45:00,2024,4,26,9,45,94,94081,Rue du Bel Air / Rue du Gal Malleret Joinville,48.78113679,2.40316039,Plein jour,En agglomération,Intersection en X,Temps éblouissant,Autre collision,4,2,2,0,1,1,1,0,1,-1,1,2,1,0,0,1,50.0,,utilitaire_camion,,1,2,2,7,6