accident_id,datetime,annee,mois,jour,heure,minute,departement,commune_insee,adresse,latitude,longitude,luminosite,agglomeration,intersection,meteo,collision,catr,circ,nbv,vosp,prof,plan,surf,infra,situ,vma,nb_vehicules,nb_usagers,nb_indemnes,nb_tues,nb_blesses_hosp,nb_blesses_legers,age_cond_1,age_cond_2,veh_type_cond_1,veh_type_cond_2,lum_code,agg_code,int_code,atm_code,col_code
202400006429,2024-04-27 11:40:00,2024,4,27,11,40,12,12043,Route de Cassagnes,44.257218,2.557797,Plein jour,Hors agglomération,Hors intersection,Vent fort / tempête,Autre collision,3,2,2,0,2,1,1,0,1,90,1,1,0,0,1,0,28.0,,deux_roues,,1,1,1,6,6
202400006430,2024-04-27 00:30:00,2024,4,27,0,30,34,34223,D909 PK10+500,43.43226,3.221312,Nuit sans éclairage public,Hors agglomération,Hors intersection,Normale,Autre collision,3,2,2,0,1,2,2,0,1,90,1,1,0,0,0,1,31.0,,voiture,,3,1,1,1,6
202400006431,2024-04-27 10:15:00,2024,4,27,10,15,31,31537,Route Departementale 817,43.112861,0.793886,Plein jour,Hors agglomération,Intersection en X,Normale,Deux véhicules - côté,3,2,2,0,1,1,1,0,1,80,2,3,2,0,1,0,66.0,50.0,deux_roues,utilitaire_camion,1,1,2,1,3
202400006431,2024-04-27 10:15:00,2024,4,27,10,15,31,31537,Route Departementale 817,43.112861,0.793886,Plein jour,Hors agglomération,Intersection en X,Normale,Deux véhicules - côté,3,2,2,0,1,1,1,0,1,80,2,3,2,0,1,0,66.0,50.0,deux_roues,utilitaire_camion,1,1,2,1,3
202400006432,2024-08-06 17:15:00,2024,8,6,17,15,69,69091,Rue Romain Rolland,45.60182,4.77054,Plein jour,En agglomération,Intersection en X,Normale,Deux véhicules - côté,7,2,4,0,1,1,1,5,1,30,2,3,2,0,0,1,71.0,79.0,voiture,voiture,1,2,2,1,3
202400006432,2024-08-06 17:15:00,2024,8,6,17,15,69,69091,Rue Romain Rolland,45.60182,4.77054,Plein jour,En agglomération,Intersection en X,Normale,Deux véhicules - côté,7,2,2,0,1,1,1,5,1,30,2,3,2,0,0,1,71.0,79.0,voiture,voiture,1,2,2,1,3
202400006433,2024-04-27 15:43:00,2024,4,27,15,43,02,02795,,49.415179,3.106899,Plein jour,Hors agglomération,Intersection en T,Normale,Deux véhicules - côté,3,-1,2,0,1,1,1,0,1,80,2,5,0,0,2,3,22.0,23.0,voiture,voiture,1,1,3,1,3
202400006433,2024-04-27 15:43:00,2024,4,27,15,43,02,02795,,49.415179,3.106899,Plein jour,Hors agglomération,Intersection en T,Normale,Deux véhicules - côté,3,2, -1,-1,1,1,1,0,1,-1,2,5,0,0,2,3,22.0,23.0,voiture,voiture,1,1,3,1,3
202400006434,2024-08-10 00:30:00,2024,8,10,0,30,67,67482,JEAN MERMOZ (RUE),48.547366,7.770336,Nuit avec éclairage allumé,En agglomération,Hors intersection,Normale,Deux véhicules - arrière,4,2,2,0,1,1,1,9,1,50,2,3,2,0,0,1,30.0,23.0,deux_roues,voiture,5,2,1,1,2
202400006435,2024-04-27 15:20:00,2024,4,27,15,20,14,14174,Route de la Roche Baligot,48.869451,-0.589671,Plein jour,Hors agglomération,Hors intersection,Pluie légère,Deux véhicules - frontale,3,2,2,0,1,3,2,0,1,80,2,2,1,0,1,0,42.0,52.0,voiture,voiture,1,1,1,2,1
202400006436,2024-04-27 14:10:00,2024,4,27,14,10,07,07317,Chemin de Chardenos,45.229909,4.771575,Plein jour,En agglomération,Hors intersection,Vent fort / tempête,Sans collision,4,2,2,0,1,3,1,0,1,50,1,1,0,0,0,1,38.0,,deux_roues,,1,2,1,6,7
202400006437,2024-08-07 23:25:00,2024,8,7,23,25,66,66136,Cours Lazare Escarguel,42.69838,2.8873,Nuit avec éclairage allumé,En agglomération,Intersection en T,Normale,Deux véhicules - côté,4,1,2,3,1,1,1,0,8,50,2,2,1,0,0,1,26.0,19.0,voiture,deux_roues,5,2,3,1,3
202400006437,2024-08-07 23:25:00,2024,8,7,23,25,66,66136,Cours Lazare Escarguel,42.69838,2.8873,Nuit avec éclairage allumé,En agglomération,Intersection en T,Normale,Deux véhicules - côté,4,2,6,0,1,1,1,0,1,50,2,2,1,0,0,1,26.0,19.0,voiture,deux_roues,5,2,3,1,3
202400006438,2024-04-26 18:00:00,2024,4,26,18,0,24,24316,Route d'Aquitainne,45.206465,0.033479,Plein jour,Hors agglomération,Hors intersection,Normale,Deux véhicules - frontale,3,2,2,0,4,3,1,0,1,70,2,2,1,0,1,0,60.0,22.0,utilitaire_camion,voiture,1,1,1,1,1
202400006439,2024-04-27 00:01:00,2024,4,27,0,1,85,85020,D148,46.36816,-0.569239,Nuit sans éclairage public,En agglomération,Hors intersection,Normale,Deux véhicules - frontale,3,2,2,0,1,1,1,0,1,50,2,3,0,1,0,2,45.0,37.0,deux_roues,voiture,3,2,1,1,1
202400006440,2024-04-25 08:40:00,2024,4,25,8,40,27,27467,Rue du Maquis Surcouf (Pont-Audemer),49.352375,0.518686,Crépuscule ou aube,En agglomération,Hors intersection,Normale,Autre collision,4,2,2,0,1,1,1,0,1,50,1,2,1,0,1,0,53.0,,utilitaire_camion,,2,2,1,1,6
202400006441,2024-08-07 16:01:00,2024,8,7,16,1,66,66136,Rue Paul Courty,42.69872,2.889,Plein jour,En agglomération,Hors intersection,Normale,Autre collision,4,1,2,0,1,1,1,0,1,3,1,2,1,0,0,1,61.0,,transport_commun,,1,2,1,1,6
202400006442,2024-04-27 17:15:00,2024,4,27,17,15,28,28264,Le Bignon,48.432621,1.037452,Plein jour,Hors agglomération,Hors intersection,Pluie forte,Autre collision,3,2,2,0,4,2,2,9,3,50,1,2,1,0,0,1,20.0,,voiture,,1,1,1,3,6
202400006443,2024-04-24 13:00:00,2024,4,24,13,0,987,98734,"PK 40,800 COTE MER",-17.76224906,-149.50239301,Plein jour,Hors agglomération,Hors intersection,Normale,Deux véhicules - côté,2,2,2,2,2,3,1,0,5,60,2,3,1,0,2,0,30.0,36.0,deux_roues,utilitaire_camion,1,1,1,1,3
202400006444,2024-08-06 20:00:00,2024,8,6,20,0,66,66136,Avenue Julien Panchot,42.67758,2.8505,Plein jour,En agglomération,Hors intersection,Normale,Deux véhicules - côté,6,-1, -1,0,1,1,1,0,1,30,2,2,1,0,0,1,56.0,17.0,utilitaire_camion,deux_roues,1,2,1,1,3
202400006445,2024-04-27 10:45:00,2024,4,27,10,45,72,72328,A11,48.052784,0.262674,Plein jour,Hors agglomération,Hors intersection,Pluie forte,Deux véhicules - arrière,1,3,3,3,1,1,2,0,1,130,2,6,5,0,0,1,53.0,38.0,voiture,voiture,1,1,1,3,2
202400006446,2024-04-26 22:50:00,2024,4,26,22,50,973,97307,La Matourienne,4.838154,-52.318482,Nuit avec éclairage non allumé,Hors agglomération,Giratoire,Normale,Sans collision,3,2,2,0,1,1,1,5,1,70,1,1,0,0,1,0,51.0,,deux_roues,,4,1,6,1,7
202400006447,2024-08-04 17:57:00,2024,8,4,17,57,66,66136,Rue des Ménestrels,42.68951,2.89755,Plein jour,En agglomération,Hors intersection,Normale,Autre collision,4,2,2,0,1,1,1,0,1,50,1,4,3,0,0,1,36.0,,voiture,,1,2,1,1,6
202400006448,2024-04-26 03:45:00,2024,4,26,3,45,34,34255,Saint-Gély-du-Fesc - CD 986,43.677898,3.820925,Nuit avec éclairage non allumé,Hors agglomération,Hors intersection,Pluie légère,Deux véhicules - frontale,3,2,2,0,1,4,2,8,1,-1,2,2,0,0,1,1,27.0,51.0,voiture,voiture,4,1,1,2,1
202400006449,2024-08-09 18:10:00,2024,8,9,18,10,64,64260,CHEVREFEUILLES (RUE DES),43.37341942,-1.7697347,Plein jour,En agglomération,Giratoire,Normale,Deux véhicules - côté,4,1,1,0,1,2,1,5,1,50,2,5,0,0,0,5,61.0,59.0,voiture,voiture,1,2,6,1,3
202400006449,2024-08-09 18:10:00,2024,8,9,18,10,64,64260,CHEVREFEUILLES (RUE DES),43.37341942,-1.7697347,Plein jour,En agglomération,Giratoire,Normale,Deux véhicules - côté,4,1,1,0,1,1,1,5,1,50,2,5,0,0,0,5,61.0,59.0,voiture,voiture,1,2,6,1,3
202400006450,2024-08-06 08:25:00,2024,8,6,8,25,64,64237,VALLEE HEUREUSE,43.26469,-0.3652,Plein jour,Hors agglomération,Hors intersection,Normale,Autre collision,3,2,2,0,1,2,1,0,1,70,1,1,0,0,0,1,54.0,,voiture,,1,1,1,1,6
202400006451,2024-08-07 12:40:00,2024,8,7,12,40,64,64445,JEAN JACQUES DE MONAIX,43.30294,-0.35787,Plein jour,En agglomération,Intersection en T,Temps couvert,Deux véhicules - côté,4,1,1,0,1,1,1,0,1,50,2,2,1,0,0,1,36.0,73.0,voiture,voiture,1,2,3,8,3
202400006451,2024-08-07 12:40:00,2024,8,7,12,40,64,64445,JEAN JACQUES DE MONAIX,43.30294,-0.35787,Plein jour,En agglomération,Intersection en T,Temps couvert,Deux véhicules - côté,4,2,2,0,1,1,1,0,1,50,2,2,1,0,0,1,36.0,73.0,voiture,voiture,1,2,3,8,3
202400006452,2024-08-09 20:30:00,2024,8,9,20,30,64,64122,IMPERATRICE (AVENUE DE L'),43.48749,-1.55414,Plein jour,En agglomération,Autre intersection,Normale,Autre collision,4,2,2,0,2,1,1,0,1,50,1,1,0,0,0,1,47.0,,deux_roues,,1,2,9,1,6
202400006453,2024-08-09 20:10:00,2024,8,9,20,10,64,64102,BOUFFLERS (ALLEES),43.49141,-1.46936,Plein jour,En agglomération,Intersection en X,Normale,Deux véhicules - côté,4,2,5,0,1,1,1,0,1,50,2,2,1,0,0,1,28.0,28.0,voiture,deux_roues,1,2,2,1,3
202400006453,2024-08-09 20:10:00,2024,8,9,20,10,64,64102,BOUFFLERS (ALLEES),43.49141,-1.46936,Plein jour,En agglomération,Intersection en X,Normale,Deux véhicules - côté,4,2,2,0,1,1,1,0,1,50,2,2,1,0,0,1,28.0,28.0,voiture,deux_roues,1,2,2,1,3
202400006454,2024-08-08 02:09:00,2024,8,8,2,9,64,64140,SAINT GOBAIN (QUAI),43.51193525,-1.48865551,Nuit sans éclairage public,En agglomération,Hors intersection,Normale,Sans collision,3,2,2,0,1,1,1,2,1,50,1,1,0,0,1,0,43.0,,voiture,,3,2,1,1,7
202400006455,2024-08-08 14:40:00,2024,8,8,14,40,64,64102,HENRI DE NAVARRE (AVENUE),43.50962,-1.44366,Plein jour,En agglomération,Hors intersection,Normale,Deux véhicules - arrière,3,2,2,0,1,3,1,9,1,50,2,3,2,0,0,1,71.0,20.0,voiture,voiture,1,2,1,1,2
202400006456,2024-08-08 09:40:00,2024,8,8,9,40,64,64024,BAHINOS (ROND POINT DE),43.49401,-1.51887,Plein jour,En agglomération,Giratoire,Normale,Deux véhicules - côté,4,1,0,0,1,1,1,0,1,50,2,2,1,0,0,1,74.0,75.0,voiture,deux_roues,1,2,6,1,3
202400006457,2024-08-05 17:40:00,2024,8,5,17,40,62,62525,avenue des frais fonds,50.73682,2.27374,Plein jour,En agglomération,Hors intersection,Temps éblouissant,Autre collision,4,1,2,0,1,3,1,0,1,30,1,2,1,0,1,0,37.0,,voiture,,1,2,1,7,6
202400006458,2024-08-09 04:50:00,2024,8,9,4,50,59,59599,PAPIN (CHAUSSEE DENIS),50.73292,3.18196,Nuit avec éclairage allumé,En agglomération,Intersection en X,Normale,Deux véhicules - côté,4,3,4,0,1,1,1,0,1,50,2,2,1,0,0,1,38.0,,voiture,autre,5,2,2,1,3
202400006458,2024-08-09 04:50:00,2024,8,9,4,50,59,59599,PAPIN (CHAUSSEE DENIS),50.73292,3.18196,Nuit avec éclairage allumé,En agglomération,Intersection en X,Normale,Deux véhicules - côté,4,2,2,0,1,1,1,0,1,50,2,2,1,0,0,1,38.0,,voiture,autre,5,2,2,1,3
202400006459,2024-08-08 19:00:00,2024,8,8,19,0,59,59599,LEFRANCOIS (RUE ALFRED),50.71641,3.16453,Plein jour,En agglomération,Passage à niveau,Normale,Autre collision,7,2,2,0,1,1,1,9,1,10,1,2,1,0,0,1,58.0,,voiture,,1,2,8,1,6
202400006460,2024-08-06 16:45:00,2024,8,6,16,45,59,59560,TEMPLEMARS ROUTE DE,50.55938,3.04662,Plein jour,Hors agglomération,Hors intersection,Normale,Deux véhicules - arrière,7,2,2,0,1,1,1,0,1,80,2,3,2,0,0,1,28.0,60.0,deux_roues,voiture,1,1,1,1,2
202400006461,2024-08-05 16:14:00,2024,8,5,16,14,57,57221,NATIONALE (RUE),49.31639434,6.12492085,Plein jour,En agglomération,Hors intersection,Normale,Deux véhicules - côté,3,2,2,0,1,1,1,0,1,50,2,2,1,0,1,0,77.0,19.0,voiture,deux_roues,1,2,1,1,3
202400006462,2024-08-09 01:30:00,2024,8,9,1,30,56,56260,Rue Francis Decker,47.65735,-2.75496,Nuit avec éclairage allumé,En agglomération,Hors intersection,Normale,Sans collision,4,2,2,0,1,1,1,0,1,50,1,2,1,0,0,1,21.0,,deux_roues,,5,2,1,1,7
202400006463,2024-08-09 21:55:00,2024,8,9,21,55,54,54395,Boulevard Lobau,48.68168634,6.19772136,Nuit avec éclairage non allumé,En agglomération,Hors intersection,Normale,Deux véhicules - côté,4,3,2,0,1,1,1,0,1,50,2,2,1,0,0,1,24.0,23.0,voiture,voiture,4,2,1,1,3
202400006464,2024-08-09 13:40:00,2024,8,9,13,40,54,54280,Rue de Franchepré,49.223465,6.011231,Plein jour,En agglomération,Hors intersection,Normale,Autre collision,4,2,2,0,1,1,1,0,1,50,1,2,1,0,0,1,82.0,,voiture,,1,2,1,1,6
202400006465,2024-08-08 19:00:00,2024,8,8,19,0,51,51454,ARNOULD (BOULEVARD CHARLES),49.268172,4.018485,Plein jour,En agglomération,Hors intersection,Normale,Deux véhicules - arrière,4,2,2,0,1,1,1,0,1,50,2,3,1,0,0,2,69.0,56.0,voiture,voiture,1,2,1,1,2
202400006466,2024-08-08 13:50:00,2024,8,8,13,50,50,50129,ASSELIN (RUE),49.6419,-1.63573,Plein jour,En agglomération,Hors intersection,Normale,Autre collision,4,1,1,0,1,1,1,0,1,50,1,2,1,0,1,0,26.0,,deux_roues,,1,2,1,1,6
202400006467,2024-08-09 16:50:00,2024,8,9,16,50,49,49007,DE LATTRE DE TASSIGNY,47.44838,-0.53788,Plein jour,En agglomération,Giratoire,Normale,Deux véhicules - côté,4,3,4,2,1,1,1,0,1,50,2,2,1,0,0,1,51.0,53.0,utilitaire_camion,deux_roues,1,2,6,1,3
202400006467,2024-08-09 16:50:00,2024,8,9,16,50,49,49007,DE LATTRE DE TASSIGNY,47.44838,-0.53788,Plein jour,En agglomération,Giratoire,Normale,Deux véhicules - côté,4,3,4,0,1,1,1,0,1,50,2,2,1,0,0,1,51.0,53.0,utilitaire_camion,deux_roues,1,2,6,1,3
202400006468,2024-08-07 15:25:00,2024,8,7,15,25,48,48095,SOUBEYRAN (RUE DU),44.5169,3.49919,Plein jour,En agglomération,Place,Normale,Sans collision,4,1,1,0,1,1,1,0,1,30,1,2,1,0,0,1,83.0,,voiture,,1,2,7,1,7
202400006469,2024-08-09 04:15:00,2024,8,9,4,15,47,47027,BORDEAUX (avenue de),44.40449,0.66942,Nuit avec éclairage allumé,En agglomération,Hors intersection,Normale,Autre collision,3,2,2,0,1,1,1,0,1,50,1,1,0,0,0,1,35.0,,utilitaire_camion,,5,2,1,1,6
202400006470,2024-08-05 17:32:00,2024,8,5,17,32,36,36159,Allée de Corbilly,46.764926,1.709689,Plein jour,En agglomération,Intersection en X,Normale,Deux véhicules - côté,4,2,2,0,1,1,1,9,1,50,2,2,1,0,0,1,40.0,52.0,voiture,deux_roues,1,2,2,1,3
202400006471,2024-02-09 07:40:00,2024,2,9,7,40,64,64519,D716,43.36167,-0.385404,Nuit avec éclairage non allumé,En agglomération,Giratoire,Pluie légère,Autre collision,3,2,2,0,1,1,2,9,1,70,1,2,1,0,1,0,42.0,,voiture,,4,2,6,2,6
202400006472,2024-02-08 14:50:00,2024,2,8,14,50,36,36005,27 Route de la Chatre,46.762629,1.804021,Plein jour,En agglomération,Hors intersection,Normale,Sans collision,3,2,2,0,4,1,1,0,1,50,1,1,0,0,0,1,47.0,,deux_roues,,1,2,1,1,7
202400006473,2024-08-09 02:15:00,2024,8,9,2,15,35,35278,WOOD (AVENUE DU GENERAL J.S),48.14633624,-1.66863978,Nuit sans éclairage public,Hors agglomération,Intersection en T,Normale,Autre collision,4,2, -1,0,1,2,1,0,1,70,1,1,0,0,1,0,27.0,,voiture,,3,1,3,1,6
202400006473,2024-08-09 02:15:00,2024,8,9,2,15,35,35278,WOOD (AVENUE DU GENERAL J.S),48.14633624,-1.66863978,Nuit sans éclairage public,Hors agglomération,Intersection en T,Normale,Autre collision,4,2,2,1,2,3,1,0,1,50,1,1,0,0,1,0,27.0,,voiture,,3,1,3,1,6
202400006474,2024-02-09 12:55:00,2024,2,9,12,55,07,07013,rd221,45.189946,4.762262,Plein jour,Hors agglomération,Hors intersection,Pluie légère,Autre collision,3,2,2,0,2,3,2,0,1,90,1,1,0,0,0,1,44.0,,voiture,,1,1,1,2,6
202400006475,2024-02-08 14:05:00,2024,2,8,14,5,40,40068,Route des Sources,43.750862,-0.866627,Plein jour,En agglomération,Hors intersection,Temps couvert,Deux véhicules - frontale,4,2,2,0,2,3,1,0,1,50,2,2,1,0,0,1,77.0,40.0,voiture,voiture,1,2,1,8,1
202400006476,2024-02-08 16:08:00,2024,2,8,16,8,24,24261,Route des Carrières,44.98603135,0.91294885,Plein jour,Hors agglomération,Hors intersection,Pluie légère,Deux véhicules - frontale,3,2,2,0,1,2,2,0,1,80,2,4,3,0,1,0,42.0,34.0,utilitaire_camion,voiture,1,1,1,2,1
202400006477,2024-08-05 18:00:00,2024,8,5,18,0,34,34301,PIERRES BLANCHES (MONTEE DES),43.4024,3.66965,Plein jour,En agglomération,Hors intersection,Normale,Deux véhicules - arrière,4,2,2,0,2,1,1,0,1,30,2,2,1,0,0,1,47.0,54.0,voiture,deux_roues,1,2,1,1,2
202400006478,2024-01-28 15:20:00,2024,1,28,15,20,24,24156,,45.04056766,0.86860657,Plein jour,Hors agglomération,Hors intersection,Normale,Sans collision,3,2,2,0,1,1,1,0,1,70,1,2,1,0,1,0,52.0,,deux_roues,,1,1,1,1,7
202400006479,2024-02-06 00:37:00,2024,2,6,0,37,28,28364,D111,48.169044,1.55091,Nuit sans éclairage public,Hors agglomération,Hors intersection,Normale,Deux véhicules - frontale,3,2,3,0,1,1,1,0,1,90,2,6,3,0,3,0,25.0,36.0,voiture,utilitaire_camion,3,1,1,1,1
202400006480,2024-02-09 13:00:00,2024,2,9,13,0,68,68300,bretelle d'accès A35/A36,47.78298,7.402342,Plein jour,Hors agglomération,Hors intersection,Pluie légère,Autre collision,1,1,2,0,1,3,2,0,1,-1,1,2,1,0,0,1,44.0,,voiture,,1,1,1,2,6
202400006481,2024-08-06 02:00:00,2024,8,6,2,0,34,34172,EUROPE (AVENUE DE L'),43.63443,3.82249,Nuit avec éclairage allumé,En agglomération,Intersection en T,Normale,Deux véhicules - côté,4,2,4,0,1,1,1,0,1,50,2,2,1,0,0,1,53.0,23.0,voiture,deux_roues,5,2,3,1,3
202400006481,2024-08-06 02:00:00,2024,8,6,2,0,34,34172,EUROPE (AVENUE DE L'),43.63443,3.82249,Nuit avec éclairage allumé,En agglomération,Intersection en T,Normale,Deux véhicules - côté,4,2, -1,-1,1,1,1,0,1,30,2,2,1,0,0,1,53.0,23.0,voiture,deux_roues,5,2,3,1,3
202400006482,2024-02-08 17:35:00,2024,2,8,17,35,91,91132,route nationale 20,48.507791,2.201257,Crépuscule ou aube,Hors agglomération,Hors intersection,Pluie légère,Deux véhicules - arrière,3,3,4,0,4,1,2,0,1,70,2,2,0,0,0,2,33.0,38.0,utilitaire_camion,utilitaire_camion,2,1,1,2,2
202400006483,2024-02-08 20:15:00,2024,2,8,20,15,06,06088,A8,43.731645,7.277839,Nuit avec éclairage allumé,Hors agglomération,Hors intersection,Normale,Autre collision,1,3,2,0,2,2,1,1,2,90,1,1,0,0,0,1,17.0,,deux_roues,,5,1,1,1,6
202400006484,2024-02-08 17:30:00,2024,2,8,17,30,51,51518,"A 26, PK 258+100, sens REIMS/CALAIS",49.28790423,3.98455545,Crépuscule ou aube,Hors agglomération,Hors intersection,Pluie forte,Autre collision,1,3,2,0,2,1,2,0,3,110,1,4,0,1,2,1,56.0,,utilitaire_camion,,2,1,1,3,6
202400006485,2024-02-09 02:00:00,2024,2,9,2,0,34,34172,A709 PK 11+400,43.584782,3.89048,Nuit avec éclairage allumé,Hors agglomération,Hors intersection,Normale,Deux véhicules - arrière,1,1,3,0,1,1,1,8,1,90,2,3,1,0,0,2,34.0,23.0,voiture,voiture,5,1,1,1,2
202400006486,2024-02-07 16:02:00,2024,2,7,16,2,45,45067,A10 PR 105 + 320,47.891296,1.762275,Plein jour,Hors agglomération,Hors intersection,Pluie légère,Autre collision,1,3,3,0,1,1,2,0,8,110,1,1,0,0,0,1,33.0,,voiture,,1,1,1,2,6
202400006487,2024-08-09 04:15:00,2024,8,9,4,15,34,34172,MONTELS-EGLISE (RUE DE),43.58045,3.88114,Nuit avec éclairage allumé,En agglomération,Intersection en T,Normale,Deux véhicules - côté,4,1,1,0,1,1,1,0,1,50,2,8,4,0,0,4,24.0,,voiture,voiture,5,2,3,1,3
202400006487,2024-08-09 04:15:00,2024,8,9,4,15,34,34172,MONTELS-EGLISE (RUE DE),43.58045,3.88114,Nuit avec éclairage allumé,En agglomération,Intersection en T,Normale,Deux véhicules - côté,4,1,2,0,1,1,1,0,1,50,2,8,4,0,0,4,24.0,,voiture,voiture,5,2,3,1,3
202400006488,2024-02-02 14:00:00,2024,2,2,14,0,38,38035,RD518 - PR019+000,45.509956,5.08255,Plein jour,Hors agglomération,Hors intersection,Normale,Autre collision,3,2,2,0,1,3,1,0,1,80,2,2,1,0,1,0,37.0,51.0,voiture,utilitaire_camion,1,1,1,1,6
202400006489,2024-02-08 21:20:00,2024,2,8,21,20,60,60482,D118,49.137895,2.503638,Nuit avec éclairage allumé,Hors agglomération,Hors intersection,Pluie légère,Autre collision,3,2,2,1,1,1,2,0,5,70,1,1,0,0,1,0,53.0,,deux_roues,,5,1,1,2,6
202400006490,2024-08-08 02:58:00,2024,8,8,2,58,34,34032,ROUTE DEPARTEMENTALE 612 (RD612),43.35213,3.25086,Nuit sans éclairage public,En agglomération,Hors intersection,Normale,Sans collision,3,2,0,0,1,1,1,0,1,90,1,2,1,1,0,0,22.0,,voiture,,3,2,1,1,7
202400006491,2024-02-06 09:15:00,2024,2,6,9,15,13,13076,D99,43.807945,4.996263,Plein jour,En agglomération,Hors intersection,Normale,Deux véhicules - frontale,3,2,2,0,1,1,1,0,1,50,1,2,1,0,1,0,30.0,,voiture,,1,2,1,1,1
202400006492,2024-02-09 10:45:00,2024,2,9,10,45,13,13035,D17,43.69313,4.997121,Plein jour,Hors agglomération,Hors intersection,Pluie forte,Deux véhicules - frontale,3,2,2,0,1,1,2,0,1,80,3,3,0,0,0,3,34.0,67.0,voiture,voiture,1,1,1,3,1
202400006493,2024-08-07 00:10:00,2024,8,7,0,10,33,33063,,44.85606,-0.57127,Nuit avec éclairage allumé,En agglomération,Hors intersection,Normale,Autre collision,4,1,1,3,1,1,1,-1,1,30,1,1,0,0,0,1,19.0,,deux_roues,,5,2,1,1,6
202400006494,2024-02-09 11:00:00,2024,2,9,11,0,13,13097,Route Nationale 568,43.584471,4.765255,Plein jour,Hors agglomération,Intersection en T,Pluie légère,Deux véhicules - côté,2,3,0,0,1,1,2,5,1,90,2,3,1,0,0,2,47.0,20.0,utilitaire_camion,voiture,1,1,3,2,3
202400006494,2024-02-09 11:00:00,2024,2,9,11,0,13,13097,Route Nationale 568,43.584471,4.765255,Plein jour,Hors agglomération,Intersection en T,Pluie légère,Deux véhicules - côté,2,2, -1,-1,1,1,2,5,1,-1,2,3,1,0,0,2,47.0,20.0,utilitaire_camion,voiture,1,1,3,2,3
202400006495,2024-08-09 17:30:00,2024,8,9,17,30,33,33522,,44.7935,-0.58488,Plein jour,En agglomération,Intersection en T,Normale,Deux véhicules - côté,4,2, -1,-1,1,1,1,0,1,-1,2,2,1,0,0,1,22.0,51.0,voiture,voiture,1,2,3,1,3
202400006495,2024-08-09 17:30:00,2024,8,9,17,30,33,33522,,44.7935,-0.58488,Plein jour,En agglomération,Intersection en T,Normale,Deux véhicules - côté,4,2,2,0,2,1,1,9,1,50,2,2,1,0,0,1,22.0,51.0,voiture,voiture,1,2,3,1,3
202400006496,2024-02-09 07:20:00,2024,2,9,7,20,71,71491,4 Rue du Centre,46.41081381,4.03630215,Nuit avec éclairage allumé,En agglomération,Intersection en X,Normale,Autre collision,3,2,2,0,1,1,1,5,8,50,1,2,1,0,0,1,59.0,,voiture,,5,2,2,1,6
202400006496,2024-02-09 07:20:00,2024,2,9,7,20,71,71491,4 Rue du Centre,46.41081381,4.03630215,Nuit avec éclairage allumé,En agglomération,Intersection en X,Normale,Autre collision,3,2,2,0,1,1,1,5,1,50,1,2,1,0,0,1,59.0,,voiture,,5,2,2,1,6
202400006497,2024-02-09 01:40:00,2024,2,9,1,40,73,73285,D902,45.61740341,6.81195305,Nuit sans éclairage public,Hors agglomération,Hors intersection,Pluie légère,Autre collision,3,2,2,0,1,2,2,0,3,80,1,1,0,0,1,0,40.0,,utilitaire_camion,,3,1,1,2,6
202400006498,2024-02-09 05:50:00,2024,2,9,5,50,38,38484,Route de Villette,45.564041,4.908872,Nuit sans éclairage public,Hors agglomération,Hors intersection,Pluie légère,Deux véhicules - frontale,4,2,2,0,2,1,2,0,1,70,2,2,1,0,0,1,36.0,49.0,voiture,voiture,3,1,1,2,1
202400006499,2024-02-08 23:25:00,2024,2,8,23,25,01,01142,Rue de Genève,45.851391,5.062535,Nuit avec éclairage allumé,En agglomération,Intersection en T,Pluie légère,Deux véhicules - côté,3,2,2,0,1,2,2,0,1,50,2,2,1,0,0,1,20.0,21.0,voiture,voiture,5,2,3,2,3
202400006499,2024-02-08 23:25:00,2024,2,8,23,25,01,01142,Rue de Genève,45.851391,5.062535,Nuit avec éclairage allumé,En agglomération,Intersection en T,Pluie légère,Deux véhicules - côté,3,2,2,0,1,1,2,0,1,50,2,2,1,0,0,1,20.0,21.0,voiture,voiture,5,2,3,2,3
202400006500,2024-02-08 16:45:00,2024,2,8,16,45,46,46174,N122,44.651498,2.106049,Plein jour,Hors agglomération,Hors intersection,Normale,Deux véhicules - frontale,2,2,2,0,1,3,1,0,1,70,2,2,1,0,0,1,21.0,50.0,utilitaire_camion,utilitaire_camion,1,1,1,1,1
202400006501,2024-08-09 19:08:00,2024,8,9,19,8,33,33009,,44.65891,-1.18421,Plein jour,En agglomération,Giratoire,Normale,Autre collision,4,3,2,0,1,1,1,5,1,50,1,3,2,0,0,1,58.0,,utilitaire_camion,,1,2,6,1,6
202400006502,2024-02-09 13:10:00,2024,2,9,13,10,56,56237,Le Meugoet Bihan,48.010769,-2.927384,Plein jour,Hors agglomération,Hors intersection,Normale,Deux véhicules - frontale,3,2,2,0,1,2,1,0,1,80,2,2,0,0,2,0,30.0,21.0,voiture,voiture,1,1,1,1,1
202400006503,2024-02-08 13:15:00,2024,2,8,13,15,59,59126,D643,50.304859,3.134051,Plein jour,Hors agglomération,Giratoire,Pluie forte,Deux véhicules - frontale,3,3,2,0,1,3,2,0,1,80,1,2,1,0,0,1,21.0,,voiture,,1,1,6,3,1
202400006504,2024-08-06 13:50:00,2024,8,6,13,50,31,31555,NARBONNE (ROUTE DE),43.56707,1.4582,Plein jour,En agglomération,Hors intersection,Normale,Deux véhicules - arrière,7,2,4,1,1,1,1,0,1,50,2,2,1,0,0,1,64.0,54.0,voiture,voiture,1,2,1,1,2
202400006505,2024-02-03 20:40:00,2024,2,3,20,40,69,69286,Autoroute 46,45.80878,4.91826,Nuit sans éclairage public,Hors agglomération,Hors intersection,Normale,Deux véhicules - côté,1,3,6,0,2,1,1,2,1,90,2,4,1,0,0,3,55.0,,voiture,voiture,3,1,1,1,3