accident_id,datetime,annee,mois,jour,heure,minute,departement,commune_insee,adresse,latitude,longitude,luminosite,agglomeration,intersection,meteo,collision,catr,circ,nbv,vosp,prof,plan,surf,infra,situ,vma,nb_vehicules,nb_usagers,nb_indemnes,nb_tues,nb_blesses_hosp,nb_blesses_legers,age_cond_1,age_cond_2,veh_type_cond_1,veh_type_cond_2,lum_code,agg_code,int_code,atm_code,col_code
202400006648,2024-09-08 21:06:00,2024,9,8,21,6,13,13056,A55-Sens Martigues vers Marseille,43.3948353,5.06680284,Nuit sans éclairage public,Hors agglomération,Hors intersection,Pluie légère,Deux véhicules - frontale,1,1,2,0,1,1,2,0,1,90,2,3,0,1,0,2,21.0,31.0,voiture,voiture,3,1,1,2,1
202400006649,2024-08-05 07:30:00,2024,8,5,7,30,06,06149,Boulevard Anatole France,43.743739,7.310232,Plein jour,En agglomération,Hors intersection,Normale,Autre collision,4,1,1,0,1,1,1,0,3,50,1,1,0,1,0,0,61.0,,voiture,,1,2,1,1,6
202400006650,2024-02-07 07:30:00,2024,2,7,7,30,35,35115,MITTERAND (AVENUE FRANCOIS),48.34997,-1.20177,Nuit avec éclairage allumé,En agglomération,Intersection en T,Pluie légère,Autre collision,4,2,2,2,1,1,2,0,1,50,1,2,1,0,0,1,48.0,,voiture,,5,2,3,2,6
202400006650,2024-02-07 07:30:00,2024,2,7,7,30,35,35115,MITTERAND (AVENUE FRANCOIS),48.34997,-1.20177,Nuit avec éclairage allumé,En agglomération,Intersection en T,Pluie légère,Autre collision,4,2,3,0,3,3,2,0,1,50,1,2,1,0,0,1,48.0,,voiture,,5,2,3,2,6
202400006651,2024-08-30 18:10:00,2024,8,30,18,10,13,13202,A55-Sens Marseille vers Martigues,43.330072,5.355104,Plein jour,Hors agglomération,Hors intersection,Normale,Autre collision,1,-1,3,0,3,3,1,0,1,70,1,1,0,1,0,0,44.0,,deux_roues,,1,1,1,1,6
202400006652,2024-08-07 10:40:00,2024,8,7,10,40,13,13085,A50-Sens Toulon vers Aubagne,43.24096364,5.59318208,Plein jour,Hors agglomération,Hors intersection,Normale,Deux véhicules - frontale,1,1,3,0,2,1,1,0,3,90,1,1,0,0,0,1,56.0,,utilitaire_camion,,1,1,1,1,1
202400006653,2024-02-02 08:35:00,2024,2,2,8,35,34,34032,VERDUN (BD DE),43.33665,3.21999,Plein jour,En agglomération,Hors intersection,Normale,Sans collision,4,1,2,0,1,1,1,0,1,50,1,2,1,0,1,0,55.0,,voiture,,1,2,1,1,7
202400006654,2024-08-10 20:09:00,2024,8,10,20,9,76,76487,D1,49.800277,1.315704,Plein jour,Hors agglomération,Hors intersection,Normale,Deux véhicules - côté,3,2,2,0,4,2,1,0,1,70,2,3,2,0,1,0,56.0,42.0,voiture,deux_roues,1,1,1,1,3
202400006655,2024-07-29 03:00:00,2024,7,29,3,0,13,13211,A50-Sens Aubagne vers Marseille,43.29297841,5.47637741,Nuit sans éclairage public,Hors agglomération,Hors intersection,Normale,Deux véhicules - arrière,1,3,3,0,1,1,1,0,1,90,2,2,1,0,0,1,,21.0,autre,voiture,3,1,1,1,2
202400006656,2024-08-09 10:00:00,2024,8,9,10,0,974,97412,149 Rue Raphaël Babet,-21.38078,55.614144,Plein jour,En agglomération,Hors intersection,Normale,Autre collision,2,2,2,0,2,1,1,0,1,50,1,2,0,0,2,0,81.0,,voiture,,1,2,1,1,6
202400006657,2024-02-07 18:50:00,2024,2,7,18,50,33,33522,Rue Peydavant,44.8066,-0.58618,Nuit avec éclairage allumé,En agglomération,Giratoire,Pluie légère,Deux véhicules - côté,4,2,2,2,1,1,2,-1,1,50,2,3,2,0,0,1,33.0,83.0,voiture,voiture,5,2,6,2,3
202400006657,2024-02-07 18:50:00,2024,2,7,18,50,33,33522,Rue Peydavant,44.8066,-0.58618,Nuit avec éclairage allumé,En agglomération,Giratoire,Pluie légère,Deux véhicules - côté,4,2,2,2,1,1,2,-1,1,50,2,3,2,0,0,1,33.0,83.0,voiture,voiture,5,2,6,2,3
202400006658,2024-12-24 09:27:00,2024,12,24,9,27,01,01443,Rue Gilbert Boullier,46.001473,5.029249,Plein jour,En agglomération,Intersection en T,Normale,Autre collision,4,2,2,0,1,1,1,0,1,50,1,2,1,0,0,1,48.0,,voiture,,1,2,3,1,6
202400006658,2024-12-24 09:27:00,2024,12,24,9,27,01,01443,Rue Gilbert Boullier,46.001473,5.029249,Plein jour,En agglomération,Intersection en T,Normale,Autre collision,4,2,2,0,1,1,1,0,1,50,1,2,1,0,0,1,48.0,,voiture,,1,2,3,1,6
202400006659,2024-02-07 18:55:00,2024,2,7,18,55,33,33281,,44.835048,-0.627285,Nuit avec éclairage allumé,En agglomération,Intersection en X,Pluie légère,Autre collision,4,2,2,0,1,1,2,5,1,50,1,2,1,0,0,1,25.0,,voiture,,5,2,2,2,6
202400006659,2024-02-07 18:55:00,2024,2,7,18,55,33,33281,,44.835048,-0.627285,Nuit avec éclairage allumé,En agglomération,Intersection en X,Pluie légère,Autre collision,4,2,2,0,1,1,2,5,1,30,1,2,1,0,0,1,25.0,,voiture,,5,2,2,2,6
202400006660,2024-08-09 09:30:00,2024,8,9,9,30,972,97233,La Croix,14.709806,-61.149516,Plein jour,Hors agglomération,Hors intersection,Normale,Deux véhicules - frontale,3,2,2,0,2,3,1,0,1,70,2,5,1,0,1,3,23.0,34.0,voiture,voiture,1,1,1,1,1
202400006661,2024-05-31 23:55:00,2024,5,31,23,55,83,83096,Dn7,43.473742,5.76632,Nuit sans éclairage public,Hors agglomération,Intersection en T,Normale,Deux véhicules - arrière,3,3,2,0,1,1,1,0,1,90,2,3,2,0,0,1,18.0,19.0,voiture,voiture,3,1,3,1,2
202400006661,2024-05-31 23:55:00,2024,5,31,23,55,83,83096,Dn7,43.473742,5.76632,Nuit sans éclairage public,Hors agglomération,Intersection en T,Normale,Deux véhicules - arrière,3,1, -1,-1,1,1,1,0,1,-1,2,3,2,0,0,1,18.0,19.0,voiture,voiture,3,1,3,1,2
202400006662,2024-08-09 21:15:00,2024,8,9,21,15,28,28006,ZAC DES POLES O,48.451614,1.429456,Nuit avec éclairage allumé,En agglomération,Giratoire,Normale,Sans collision,4,1,1,0,1,2,1,0,1,50,1,5,3,1,0,1,18.0,,voiture,,5,2,6,1,7
202400006663,2024-02-07 19:45:00,2024,2,7,19,45,33,33529,,44.63350531,-1.13271708,Nuit sans éclairage public,En agglomération,Intersection en X,Pluie légère,Deux véhicules - côté,4,2,2,0,1,1,2,0,1,50,2,3,2,0,0,1,48.0,49.0,voiture,utilitaire_camion,3,2,2,2,3
202400006663,2024-02-07 19:45:00,2024,2,7,19,45,33,33529,,44.63350531,-1.13271708,Nuit sans éclairage public,En agglomération,Intersection en X,Pluie légère,Deux véhicules - côté,4,2,2,0,1,1,2,0,1,50,2,3,2,0,0,1,48.0,49.0,voiture,utilitaire_camion,3,2,2,2,3
202400006664,2024-02-19 06:20:00,2024,2,19,6,20,988,98805,Rue A. Schweitzer/Rue E. De Grestlan/Avenue Numa Joubert,-22.20769,166.468202,Crépuscule ou aube,En agglomération,Intersection en X,Normale,Deux véhicules - côté,4,2,2,0,2,1,1,0,1,50,2,2,1,0,1,0,62.0,40.0,deux_roues,voiture,2,2,2,1,3
202400006664,2024-02-19 06:20:00,2024,2,19,6,20,988,98805,Rue A. Schweitzer/Rue E. De Grestlan/Avenue Numa Joubert,-22.20769,166.468202,Crépuscule ou aube,En agglomération,Intersection en X,Normale,Deux véhicules - côté,4,2,2,-1,-1,1,1,5,1,-1,2,2,1,0,1,0,62.0,40.0,deux_roues,voiture,2,2,2,1,3
202400006664,2024-02-19 06:20:00,2024,2,19,6,20,988,98805,Rue A. Schweitzer/Rue E. De Grestlan/Avenue Numa Joubert,-22.20769,166.468202,Crépuscule ou aube,En agglomération,Intersection en X,Normale,Deux véhicules - côté,4,2,2,-1,2,1,1,5,1,-1,2,2,1,0,1,0,62.0,40.0,deux_roues,voiture,2,2,2,1,3
202400006665,2024-02-07 11:00:00,2024,2,7,11,0,31,31555,CHAUBET (AV JEAN) DU 103AU 157,43.60507,1.47867,Plein jour,En agglomération,Intersection en X,Normale,Deux véhicules - côté,4,2,3,0,2,1,1,5,1,50,2,2,1,0,0,1,37.0,,deux_roues,voiture,1,2,2,1,3
202400006665,2024-02-07 11:00:00,2024,2,7,11,0,31,31555,CHAUBET (AV JEAN) DU 103AU 157,43.60507,1.47867,Plein jour,En agglomération,Intersection en X,Normale,Deux véhicules - côté,4,2,2,0,4,1,1,5,1,50,2,2,1,0,0,1,37.0,,deux_roues,voiture,1,2,2,1,3
202400006666,2024-08-09 13:40:00,2024,8,9,13,40,62,62804,D59,50.24036015,2.43155158,Plein jour,En agglomération,Intersection en X,Normale,Deux véhicules - côté,3,2,2,0,1,1,1,0,1,50,2,3,1,0,2,0,19.0,14.0,voiture,deux_roues,1,2,2,1,3
202400006666,2024-08-09 13:40:00,2024,8,9,13,40,62,62804,D59,50.24036015,2.43155158,Plein jour,En agglomération,Intersection en X,Normale,Deux véhicules - côté,3,2, -1,-1,1,1,1,0,1,-1,2,3,1,0,2,0,19.0,14.0,voiture,deux_roues,1,2,2,1,3
202400006667,2024-10-13 01:30:00,2024,10,13,1,30,38,38563,rocade ouest,45.37281,5.56978,Nuit sans éclairage public,En agglomération,Giratoire,Temps couvert,Autre collision,3,1,1,0,2,1,2,9,4,80,1,5,0,1,4,0,19.0,,voiture,,3,2,6,8,6
202400006668,2024-02-07 18:55:00,2024,2,7,18,55,30,30007,pont neuf,44.12029,4.08473,Crépuscule ou aube,En agglomération,Hors intersection,Normale,Deux véhicules - côté,4,2,3,0,1,1,1,2,1,50,2,2,1,0,0,1,73.0,56.0,voiture,deux_roues,2,2,1,1,3
202400006669,2024-08-09 20:30:00,2024,8,9,20,30,57,57150,2 Route de Varize,49.152904,6.447131,Plein jour,En agglomération,Hors intersection,Normale,Deux véhicules - côté,4,2,2,0,1,1,1,0,1,30,2,2,1,1,0,0,24.0,68.0,utilitaire_camion,deux_roues,1,2,1,1,3
202400006670,2024-06-29 14:35:00,2024,6,29,14,35,974,97407,ROUTE DU SACRE COEUR,-20.95868,55.31939,Plein jour,Hors agglomération,Intersection en T,Normale,Trois véhicules et plus - collisions multiples,4,2,2,0,1,1,1,0,8,30,3,4,1,0,0,3,38.0,41.0,voiture,voiture,1,1,3,1,5
202400006670,2024-06-29 14:35:00,2024,6,29,14,35,974,97407,ROUTE DU SACRE COEUR,-20.95868,55.31939,Plein jour,Hors agglomération,Intersection en T,Normale,Trois véhicules et plus - collisions multiples,4,2,2,0,1,1,1,0,1,30,3,4,1,0,0,3,38.0,41.0,voiture,voiture,1,1,3,1,5
202400006671,2024-08-07 14:00:00,2024,8,7,14,0,19,19105,RD 14 - La Vianne,45.1265582,1.66779846,Plein jour,Hors agglomération,Autre intersection,Normale,Sans collision,3,2,2,0,1,1,1,0,3,90,1,1,0,1,0,0,81.0,,deux_roues,,1,1,9,1,7
202400006672,2024-02-07 17:20:00,2024,2,7,17,20,27,27681,PARIS (AVENUE DE),49.08676,1.49605,Nuit sans éclairage public,En agglomération,Intersection en T,Pluie légère,Deux véhicules - côté,4,1,1,0,1,1,2,0,4,30,2,3,1,0,0,2,49.0,29.0,voiture,deux_roues,3,2,3,2,3
202400006672,2024-02-07 17:20:00,2024,2,7,17,20,27,27681,PARIS (AVENUE DE),49.08676,1.49605,Nuit sans éclairage public,En agglomération,Intersection en T,Pluie légère,Deux véhicules - côté,4,2,3,1,1,1,2,0,4,50,2,3,1,0,0,2,49.0,29.0,voiture,deux_roues,3,2,3,2,3
202400006673,2024-02-07 20:09:00,2024,2,7,20,9,27,27375,NEUBOURG N°54 (CHEMIN DU),49.20581,1.14179,Nuit sans éclairage public,Hors agglomération,Hors intersection,Pluie légère,Autre collision,3,2,2,0,1,1,2,0,3,70,1,2,0,0,0,2,21.0,,voiture,,3,1,1,2,6
202400006674,2024-11-12 18:30:00,2024,11,12,18,30,91,91692,CANADA (AVENUE DU),48.68463,2.19051,Nuit avec éclairage allumé,En agglomération,Intersection en X,Normale,Deux véhicules - côté,3,2,4,0,1,1,1,0,1,50,2,5,2,0,0,3,79.0,20.0,voiture,transport_commun,5,2,2,1,3
202400006674,2024-11-12 18:30:00,2024,11,12,18,30,91,91692,CANADA (AVENUE DU),48.68463,2.19051,Nuit avec éclairage allumé,En agglomération,Intersection en X,Normale,Deux véhicules - côté,3,2,4,0,1,1,1,0,1,50,2,5,2,0,0,3,79.0,20.0,voiture,transport_commun,5,2,2,1,3
202400006675,2024-02-06 17:43:00,2024,2,6,17,43,27,27229,HUGO (RUE VICTOR),49.02208,1.14419,Crépuscule ou aube,En agglomération,Hors intersection,Normale,Autre collision,4,2,2,0,1,1,1,0,1,50,1,2,1,0,0,1,37.0,,voiture,,2,2,1,1,6
202400006676,2024-10-09 11:35:00,2024,10,9,11,35,73,73030,D9,45.57211648,5.97722501,Plein jour,En agglomération,Giratoire,Normale,Autre collision,3,2,2,0,1,2,1,0,1,30,1,2,0,0,1,1,74.0,,deux_roues,,1,2,6,1,6
202400006676,2024-10-09 11:35:00,2024,10,9,11,35,73,73030,D9,45.57211648,5.97722501,Plein jour,En agglomération,Giratoire,Normale,Autre collision,3,2,2,0,1,2,1,0,1,30,1,2,0,0,1,1,74.0,,deux_roues,,1,2,6,1,6
202400006677,2024-08-10 15:45:00,2024,8,10,15,45,65,65409,rd934,43.387242,0.138102,Plein jour,Hors agglomération,Hors intersection,Normale,Autre collision,3,2,2,0,1,1,1,0,3,80,1,4,0,0,4,0,53.0,,voiture,,1,1,1,1,6
202400006678,2024-12-27 07:20:00,2024,12,27,7,20,78,78384,PIERRE CURIE (RUE),48.95095,1.99532,Crépuscule ou aube,En agglomération,Hors intersection,Normale,Sans collision,3,2,2,0,1,1,1,0,1,50,1,1,0,0,0,1,33.0,,deux_roues,,2,2,1,1,7
202400006679,2024-02-05 18:30:00,2024,2,5,18,30,27,27229,CANADA (RUE DU),49.0127,1.1365,Nuit avec éclairage allumé,En agglomération,Intersection en X,Normale,Deux véhicules - côté,4,2,2,0,1,1,1,0,1,30,2,2,1,0,0,1,19.0,40.0,deux_roues,utilitaire_camion,5,2,2,1,3
202400006679,2024-02-05 18:30:00,2024,2,5,18,30,27,27229,CANADA (RUE DU),49.0127,1.1365,Nuit avec éclairage allumé,En agglomération,Intersection en X,Normale,Deux véhicules - côté,4,2,2,0,1,1,1,0,1,30,2,2,1,0,0,1,19.0,40.0,deux_roues,utilitaire_camion,5,2,2,1,3
202400006680,2024-08-09 20:05:00,2024,8,9,20,5,11,11288,D6113,43.254541,2.264643,Crépuscule ou aube,En agglomération,Hors intersection,Normale,Autre collision,3,2,2,0,1,1,1,0,1,50,1,2,1,0,1,0,48.0,,voiture,,2,2,1,1,6
202400006681,2024-02-07 08:40:00,2024,2,7,8,40,13,13043,JULES RICAUD (AV ),43.39378,5.23139,Plein jour,En agglomération,Hors intersection,Normale,Deux véhicules - frontale,4,1,1,0,1,1,1,0,1,50,1,2,1,0,0,1,26.0,,voiture,,1,2,1,1,1
202400006682,2024-11-17 02:10:00,2024,11,17,2,10,42,42330,A72,45.48004336,4.34660375,Nuit sans éclairage public,Hors agglomération,Hors intersection,Temps couvert,Trois véhicules et plus - collisions multiples,1,3,6,0,1,1,1,0,1,110,4,5,2,0,0,3,28.0,79.0,voiture,voiture,3,1,1,8,5
202400006683,2024-08-10 13:45:00,2024,8,10,13,45,89,89307,RN 77,47.920318,3.713191,Plein jour,Hors agglomération,Intersection en X,Temps éblouissant,Deux véhicules - côté,2,2,2,0,1,1,1,5,1,90,2,3,1,0,2,0,59.0,63.0,voiture,deux_roues,1,1,2,7,3
202400006683,2024-08-10 13:45:00,2024,8,10,13,45,89,89307,RN 77,47.920318,3.713191,Plein jour,Hors agglomération,Intersection en X,Temps éblouissant,Deux véhicules - côté,2,2,2,-1,1,1,1,5,1,80,2,3,1,0,2,0,59.0,63.0,voiture,deux_roues,1,1,2,7,3
202400006684,2024-02-07 06:25:00,2024,2,7,6,25,13,13212,BOUSQUETIER (BOULEVARD DU),43.31788783,5.44348717,Nuit avec éclairage allumé,En agglomération,Hors intersection,Normale,Deux véhicules - arrière,4,-1,2,0,1,1,1,0,1,30,2,2,1,0,0,1,26.0,20.0,deux_roues,utilitaire_camion,5,2,1,1,2
202400006685,2024-10-29 19:20:00,2024,10,29,19,20,24,24557,GRANDOU (AVENUE MICHEL),45.19066,0.73873,Nuit avec éclairage allumé,En agglomération,Hors intersection,Normale,Autre collision,3,2,2,0,1,1,1,0,1,50,2,3,2,0,1,0,61.0,32.0,voiture,voiture,5,2,1,1,6
202400006686,2024-08-10 08:55:00,2024,8,10,8,55,61,61151,D3,48.717667,0.564101,Plein jour,Hors agglomération,Hors intersection,Normale,Autre collision,3,2,2,0,1,1,1,0,3,90,1,2,0,0,2,0,53.0,,voiture,,1,1,1,1,6
202400006687,2024-02-09 20:40:00,2024,2,9,20,40,92,92072,MANUFACTURE NATIONALE (PLACE DE LA),48.82872739,2.22421065,Nuit avec éclairage allumé,En agglomération,Hors intersection,Pluie légère,Deux véhicules - arrière,4,1,0,0,1,1,2,0,1,50,2,2,1,0,0,1,34.0,33.0,voiture,deux_roues,5,2,1,2,2
202400006688,2024-08-10 01:15:00,2024,8,10,1,15,34,34150,Avenue du Soleil,43.319995,3.541691,Nuit sans éclairage public,En agglomération,Hors intersection,Normale,Deux véhicules - frontale,3,2,2,0,2,3,1,0,1,50,2,3,1,1,0,1,37.0,54.0,voiture,deux_roues,3,2,1,1,1
202400006689,2024-02-06 17:44:00,2024,2,6,17,44,10,10265,GENERAL SARRAIL (RUE,48.3049,4.03513,Plein jour,En agglomération,Hors intersection,Normale,Trois véhicules et plus - en chaîne,4,2,2,0,1,1,1,0,1,50,4,5,3,0,0,2,33.0,24.0,voiture,voiture,1,2,1,1,4
202400006690,2024-10-29 18:00:00,2024,10,29,18,0,73,73228,D7 / Route de lelia,45.53408051,5.89322448,Nuit avec éclairage allumé,Hors agglomération,Intersection en T,Normale,Sans collision,3,2,2,0,1,1,1,0,8,80,1,1,0,0,1,0,55.0,,utilitaire_camion,,5,1,3,1,7
202400006690,2024-10-29 18:00:00,2024,10,29,18,0,73,73228,D7 / Route de lelia,45.53408051,5.89322448,Nuit avec éclairage allumé,Hors agglomération,Intersection en T,Normale,Sans collision,3,2,2,0,1,1,1,0,8,-1,1,1,0,0,1,0,55.0,,utilitaire_camion,,5,1,3,1,7
202400006691,2024-02-06 16:49:00,2024,2,6,16,49,10,10325,VICTOR HUGO (RUE),48.2625,4.0713,Plein jour,En agglomération,Hors intersection,Normale,Autre collision,4,2,2,0,1,2,1,0,1,50,1,2,1,0,1,0,21.0,,voiture,,1,2,1,1,6
202400006692,2024-08-10 14:10:00,2024,8,10,14,10,39,39299,,46.955187,5.378097,Plein jour,Hors agglomération,Intersection en Y,Normale,Deux véhicules - côté,3,2,2,0,1,2,1,5,1,80,2,4,3,1,0,0,16.0,31.0,deux_roues,voiture,1,1,4,1,3
202400006692,2024-08-10 14:10:00,2024,8,10,14,10,39,39299,,46.955187,5.378097,Plein jour,Hors agglomération,Intersection en Y,Normale,Deux véhicules - côté,3,2,2,-1,1,1,1,5,8,80,2,4,3,1,0,0,16.0,31.0,deux_roues,voiture,1,1,4,1,3
202400006693,2024-02-06 12:15:00,2024,2,6,12,15,10,10387,Rue Saint Loup,48.3067,4.0633,Plein jour,En agglomération,Hors intersection,Normale,Autre collision,4,1,1,0,1,1,1,0,1,50,1,2,0,0,0,2,45.0,,voiture,,1,2,1,1,6
202400006694,2024-02-06 09:08:00,2024,2,6,9,8,10,10387,Chaussee du Vouldy,48.2928,4.08545,Plein jour,En agglomération,Hors intersection,Normale,Sans collision,4,2,0,1,1,1,1,0,5,50,1,1,0,0,0,1,62.0,,deux_roues,,1,2,1,1,7
202400006695,2024-12-12 07:50:00,2024,12,12,7,50,13,13081,A7-Sens Lyon vers Marseille,43.4792,5.2396,Plein jour,Hors agglomération,Hors intersection,Normale,Trois véhicules et plus - en chaîne,1,-1,2,0,1,3,1,0,1,90,3,3,2,0,0,1,20.0,22.0,voiture,voiture,1,1,1,1,4
202400006696,2024-08-09 19:20:00,2024,8,9,19,20,25,25271,29 Avenue de Lattre de Tassigny,47.048063,6.488646,Plein jour,En agglomération,Intersection en T,Normale,Deux véhicules - côté,3,2,2,0,1,1,1,0,1,50,2,2,1,0,1,0,41.0,29.0,voiture,deux_roues,1,2,3,1,3
202400006696,2024-08-09 19:20:00,2024,8,9,19,20,25,25271,29 Avenue de Lattre de Tassigny,47.048063,6.488646,Plein jour,En agglomération,Intersection en T,Normale,Deux véhicules - côté,3,2,2,-1,1,1,1,0,1,50,2,2,1,0,1,0,41.0,29.0,voiture,deux_roues,1,2,3,1,3
202400006697,2024-08-08 01:40:00,2024,8,8,1,40,08,08409,,49.694601,4.922113,Nuit sans éclairage public,En agglomération,Hors intersection,Normale,Sans collision,4,-1,2,0,1,1,1,0,1,50,1,1,0,0,1,0,40.0,,deux_roues,,3,2,1,1,7
202400006698,2024-08-09 16:15:00,2024,8,9,16,15,44,44137,22 Chemin du Deffay,47.377145,-2.011321,Plein jour,En agglomération,Hors intersection,Normale,Deux véhicules - côté,4,2,2,0,1,1,1,0,1,50,2,2,1,0,1,0,24.0,17.0,utilitaire_camion,deux_roues,1,2,1,1,3
202400006699,2024-11-28 17:35:00,2024,11,28,17,35,29,29237,Pont Christ,48.487085,-4.163561,Nuit avec éclairage allumé,Hors agglomération,Passage à niveau,Normale,Autre collision,4,2,2,-1,1,1,1,4,6,130,1,2,1,1,0,0,52.0,,transport_commun,,5,1,8,1,6
202400006700,2024-02-06 08:02:00,2024,2,6,8,2,06,06088,Boulevard de l'Ariane,43.73466,7.29667,Plein jour,En agglomération,Intersection en T,Normale,Deux véhicules - côté,4,3,4,0,1,1,1,0,1,50,2,6,3,0,0,3,37.0,27.0,utilitaire_camion,voiture,1,2,3,1,3
202400006700,2024-02-06 08:02:00,2024,2,6,8,2,06,06088,Boulevard de l'Ariane,43.73466,7.29667,Plein jour,En agglomération,Intersection en T,Normale,Deux véhicules - côté,4,2,2,0,1,1,1,0,1,30,2,6,3,0,0,3,37.0,27.0,utilitaire_camion,voiture,1,2,3,1,3
202400006701,2024-07-31 08:30:00,2024,7,31,8,30,01,01036,D8b,45.903529,5.634445,Plein jour,Hors agglomération,Hors intersection,Normale,Deux véhicules - frontale,3,-1,2,0,2,2,1,0,1,80,2,2,1,0,1,0,19.0,58.0,voiture,voiture,1,1,1,1,1
202400006702,2024-11-16 16:35:00,2024,11,16,16,35,974,97411,SAINT-BERNARD (CHEMIN DE),-20.89847,55.40505,Plein jour,Hors agglomération,Hors intersection,Normale,Deux véhicules - frontale,4,-1,2,0,2,3,1,0,1,50,2,2,1,0,0,1,18.0,40.0,deux_roues,voiture,1,1,1,1,1
202400006703,2024-02-07 19:20:00,2024,2,7,19,20,06,06069,Boulevard Commandant Autran,43.66262,6.93377,Nuit avec éclairage allumé,En agglomération,Intersection en X,Normale,Deux véhicules - côté,4,2,2,0,2,2,1,0,1,50,2,2,1,0,0,1,53.0,15.0,voiture,deux_roues,5,2,2,1,3
202400006703,2024-02-07 19:20:00,2024,2,7,19,20,06,06069,Boulevard Commandant Autran,43.66262,6.93377,Nuit avec éclairage allumé,En agglomération,Intersection en X,Normale,Deux véhicules - côté,4,2,2,0,1,1,1,0,1,50,2,2,1,0,0,1,53.0,15.0,voiture,deux_roues,5,2,2,1,3
202400006704,2024-08-03 19:00:00,2024,8,3,19,0,26,26275,Route d'Orange,44.241326,4.82192,Plein jour,Hors agglomération,Hors intersection,Normale,Autre collision,3,2,2,0,2,2,1,0,1,80,1,1,0,0,1,0,21.0,,deux_roues,,1,1,1,1,6
202400006705,2024-02-07 13:50:00,2024,2,7,13,50,06,06069,142 Route de Pégomas,43.63408,6.93217,Plein jour,En agglomération,Hors intersection,Normale,Autre collision,3,2,2,0,1,3,1,0,1,50,1,1,0,0,1,0,64.0,,deux_roues,,1,2,1,1,6
202400006706,2024-11-18 14:20:00,2024,11,18,14,20,75,75117,BOULEVARD MALESHERBES,48.884667,2.307747,Plein jour,En agglomération,Intersection en T,Pluie légère,Deux véhicules - arrière,4,2,2,1,1,1,2,0,1,50,2,2,1,0,0,1,29.0,38.0,voiture,voiture,1,2,3,2,2
202400006706,2024-11-18 14:20:00,2024,11,18,14,20,75,75117,BOULEVARD MALESHERBES,48.884667,2.307747,Plein jour,En agglomération,Intersection en T,Pluie légère,Deux véhicules - arrière,4,1, -1,1,1,1,2,0,1,50,2,2,1,0,0,1,29.0,38.0,voiture,voiture,1,2,3,2,2
202400006707,2024-08-09 20:15:00,2024,8,9,20,15,54,54546,Rue Charles de Gaulle,48.96342007,6.03317857,Plein jour,Hors agglomération,Hors intersection,Normale,Sans collision,3,2,2,0,1,1,1,2,1,80,1,1,0,0,1,0,23.0,,deux_roues,,1,1,1,1,7
202400006708,2024-08-09 17:00:00,2024,8,9,17,0,14,14740,Route de Saint Jean,49.006841,0.433005,Plein jour,Hors agglomération,Hors intersection,Normale,Sans collision,4,2,2,0,1,1,1,0,1,80,1,1,0,0,1,0,55.0,,deux_roues,,1,1,1,1,7
202400006709,2024-12-20 16:00:00,2024,12,20,16,0,978,97801,rn7,18.098636,-63.045226,Plein jour,Hors agglomération,Hors intersection,Normale,Deux véhicules - côté,2,2,2,0,1,1,1,0,1,70,2,3,2,0,0,1,78.0,28.0,voiture,deux_roues,1,1,1,1,3
202400006710,2024-02-07 19:30:00,2024,2,7,19,30,75,75106,BOULEVARD RASPAIL,48.848708,2.327744,Nuit avec éclairage allumé,En agglomération,Hors intersection,Pluie légère,Deux véhicules - arrière,4,2,2,0,1,1,2,0,1,30,2,3,1,0,0,2,30.0,33.0,deux_roues,deux_roues,5,2,1,2,2
202400006711,2024-12-09 07:39:00,2024,12,9,7,39,59,59586,rue haute,50.534565,3.170614,Crépuscule ou aube,En agglomération,Hors intersection,Pluie légère,Deux véhicules - côté,3,2,2,0,1,1,2,0,1,50,2,2,1,0,1,0,35.0,46.0,utilitaire_camion,voiture,2,2,1,2,3
202400006712,2024-08-10 15:24:00,2024,8,10,15,24,18,18158,,47.102279,2.529559,Plein jour,Hors agglomération,Hors intersection,Normale,Trois véhicules et plus - collisions multiples,2,2,2,0,1,1,1,0,1,80,3,3,1,1,1,0,64.0,34.0,voiture,voiture,1,1,1,1,5
202400006713,2024-02-07 16:00:00,2024,2,7,16,0,75,75106,RUE DE RENNES,48.845657,2.3256,Plein jour,En agglomération,Intersection en Y,Normale,Autre collision,4,1, -1,-1,1,1,1,0,5,-1,1,2,1,0,0,1,,,deux_roues,,1,2,4,1,6
202400006713,2024-02-07 16:00:00,2024,2,7,16,0,75,75106,RUE DE RENNES,48.845657,2.3256,Plein jour,En agglomération,Intersection en Y,Normale,Autre collision,4,2,2,2,1,1,1,0,5,30,1,2,1,0,0,1,,,deux_roues,,1,2,4,1,6
202400006714,2024-10-31 12:25:00,2024,10,31,12,25,14,14630,2 Chemin des Pointes,49.2667,-0.674055,Plein jour,En agglomération,Giratoire,Normale,Deux véhicules - frontale,4,2,2,0,1,2,1,5,1,50,2,2,1,0,0,1,42.0,54.0,voiture,deux_roues,1,2,6,1,1
202400006714,2024-10-31 12:25:00,2024,10,31,12,25,14,14630,2 Chemin des Pointes,49.2667,-0.674055,Plein jour,En agglomération,Giratoire,Normale,Deux véhicules - frontale,4,2,2,0,1,2,1,5,1,50,2,2,1,0,0,1,42.0,54.0,voiture,deux_roues,1,2,6,1,1