accident_id,datetime,annee,mois,jour,heure,minute,departement,commune_insee,adresse,latitude,longitude,luminosite,agglomeration,intersection,meteo,collision,catr,circ,nbv,vosp,prof,plan,surf,infra,situ,vma,nb_vehicules,nb_usagers,nb_indemnes,nb_tues,nb_blesses_hosp,nb_blesses_legers,age_cond_1,age_cond_2,veh_type_cond_1,veh_type_cond_2,lum_code,agg_code,int_code,atm_code,col_code
202400006777,2024-03-05 20:45:00,2024,3,5,20,45,61,61001,D955,48.418334,0.097675,Nuit avec éclairage allumé,En agglomération,Giratoire,Temps couvert,Deux véhicules - côté,3,2,2,2,1,1,1,0,1,50,2,2,1,0,1,0,21.0,23.0,deux_roues,voiture,5,2,6,8,3
202400006778,2024-02-07 16:14:00,2024,2,7,16,14,93,93031,Rue du Commandant Louis Bouchet / Avenue de la Marne,48.952777,2.327511,Plein jour,En agglomération,Intersection en X,Pluie légère,Autre collision,3,2,2,0,1,1,2,0,1,50,1,2,1,0,0,1,49.0,,voiture,,1,2,2,2,6
202400006778,2024-02-07 16:14:00,2024,2,7,16,14,93,93031,Rue du Commandant Louis Bouchet / Avenue de la Marne,48.952777,2.327511,Plein jour,En agglomération,Intersection en X,Pluie légère,Autre collision,3,2,2,0,1,1,2,0,1,50,1,2,1,0,0,1,49.0,,voiture,,1,2,2,2,6
202400006779,2024-07-31 14:15:00,2024,7,31,14,15,73,73123,D909 - 5414 Route du col des aravis,45.87163059,6.48082763,Plein jour,Hors agglomération,Hors intersection,Normale,Deux véhicules - côté,3,2,2,0,2,3,1,0,1,80,2,2,1,0,1,0,,63.0,transport_commun,deux_roues,1,1,1,1,3
202400006780,2024-11-19 10:30:00,2024,11,19,10,30,75,75107,BOULEVARD SAINT GERMAIN,48.859783,2.32204,Plein jour,En agglomération,Intersection en Y,Pluie légère,Sans collision,4,2,2,0,1,1,2,0,1,30,1,1,0,0,1,0,34.0,,deux_roues,,1,2,4,2,7
202400006780,2024-11-19 10:30:00,2024,11,19,10,30,75,75107,BOULEVARD SAINT GERMAIN,48.859783,2.32204,Plein jour,En agglomération,Intersection en Y,Pluie légère,Sans collision,4,1, -1,-1,1,1,2,0,1,30,1,1,0,0,1,0,34.0,,deux_roues,,1,2,4,2,7
202400006781,2024-08-10 15:15:00,2024,8,10,15,15,38,38507,Chemin de Pan Perdu,45.755259,5.1903,Plein jour,En agglomération,Giratoire,Normale,Sans collision,4,2,2,0,1,3,1,0,1,50,1,1,0,0,1,0,15.0,,deux_roues,,1,2,6,1,7
202400006782,2024-11-19 16:10:00,2024,11,19,16,10,93,93046,LEON JOUHAUX RUE,48.9205709,2.53132725,Crépuscule ou aube,En agglomération,Hors intersection,Pluie légère,Autre collision,4,1,1,0,1,1,2,0,1,20,1,2,1,0,0,1,66.0,,voiture,,2,2,1,2,6
202400006783,2024-02-05 07:45:00,2024,2,5,7,45,93,93027,Avenue Victor Hugo / Boulevard Pasteur ,48.9243,2.38444,Plein jour,En agglomération,Intersection en T,Normale,Autre collision,3,2,2,0,1,1,1,0,8,50,1,2,1,0,1,0,,,deux_roues,,1,2,3,1,6
202400006783,2024-02-05 07:45:00,2024,2,5,7,45,93,93027,Avenue Victor Hugo / Boulevard Pasteur ,48.9243,2.38444,Plein jour,En agglomération,Intersection en T,Normale,Autre collision,3,2,2,1,1,1,1,0,6,50,1,2,1,0,1,0,,,deux_roues,,1,2,3,1,6
202400006784,2024-08-10 02:40:00,2024,8,10,2,40,38,38455,125 Route du Bugey,45.624172,5.283426,Nuit avec éclairage non allumé,Hors agglomération,Hors intersection,Normale,Autre collision,3,2,2,0,1,1,1,0,3,70,1,2,0,1,0,1,21.0,,voiture,,4,1,1,1,6
202400006785,2024-08-25 05:40:00,2024,8,25,5,40,49,49328,ROCADE N 347,47.282195,-0.06241,Nuit sans éclairage public,Hors agglomération,Hors intersection,Normale,Deux véhicules - arrière,3,2,4,3,1,1,1,0,1,90,2,2,0,0,0,2,73.0,27.0,voiture,voiture,3,1,1,1,2
202400006786,2024-02-07 20:00:00,2024,2,7,20,0,93,93005,Route de Bondy / Rue d'Orléans,48.919839,2.487155,Nuit avec éclairage allumé,En agglomération,Intersection en X,Pluie légère,Autre collision,4,1,1,0,1,1,2,0,1,50,1,3,1,0,0,2,22.0,,voiture,,5,2,2,2,6
202400006786,2024-02-07 20:00:00,2024,2,7,20,0,93,93005,Route de Bondy / Rue d'Orléans,48.919839,2.487155,Nuit avec éclairage allumé,En agglomération,Intersection en X,Pluie légère,Autre collision,4,2,2,0,1,1,2,9,1,50,1,3,1,0,0,2,22.0,,voiture,,5,2,2,2,6
202400006787,2024-08-10 18:20:00,2024,8,10,18,20,81,81046,Route de Prat-Viel,43.847334,2.021431,Plein jour,Hors agglomération,Intersection en X,Normale,Deux véhicules - côté,3,2,2,0,1,1,1,0,1,80,2,2,0,0,1,1,66.0,55.0,utilitaire_camion,voiture,1,1,2,1,3
202400006787,2024-08-10 18:20:00,2024,8,10,18,20,81,81046,Route de Prat-Viel,43.847334,2.021431,Plein jour,Hors agglomération,Intersection en X,Normale,Deux véhicules - côté,3,2, -1,0,1,1,1,0,1,80,2,2,0,0,1,1,66.0,55.0,utilitaire_camion,voiture,1,1,2,1,3
202400006788,2024-11-19 15:40:00,2024,11,19,15,40,78,78646,Route de Saint Cyr,48.802847,2.110163,Plein jour,Hors agglomération,Hors intersection,Pluie forte,Autre collision,3,-1,2,3,1,1,2,0,1,70,1,2,1,0,1,0,59.0,,voiture,,1,1,1,3,6
202400006789,2024-02-06 09:20:00,2024,2,6,9,20,92,92050,NATIONAL (BOULEVARD),48.88772735,2.18565559,Plein jour,En agglomération,Intersection en T,Normale,Trois véhicules et plus - en chaîne,3,2,2,1,1,1,1,0,1,50,3,3,2,0,0,1,28.0,78.0,voiture,voiture,1,2,3,1,4
202400006789,2024-02-06 09:20:00,2024,2,6,9,20,92,92050,NATIONAL (BOULEVARD),48.88772735,2.18565559,Plein jour,En agglomération,Intersection en T,Normale,Trois véhicules et plus - en chaîne,3,2,1,0,1,1,1,0,1,50,3,3,2,0,0,1,28.0,78.0,voiture,voiture,1,2,3,1,4
202400006790,2024-11-29 17:00:00,2024,11,29,17,0,84,84031,GAMBETTA BOULEVARD,44.05511,5.04447,Crépuscule ou aube,En agglomération,Hors intersection,Normale,Autre collision,4,1,3,0,1,1,1,0,1,30,1,2,1,0,0,1,19.0,,voiture,,2,2,1,1,6
202400006791,2024-08-10 19:00:00,2024,8,10,19,0,09,09282,D927,43.250095,1.566882,Plein jour,En agglomération,Intersection en T,Normale,Deux véhicules - côté,3,2,2,0,1,1,1,0,1,50,2,2,1,0,1,0,33.0,22.0,deux_roues,voiture,1,2,3,1,3
202400006791,2024-08-10 19:00:00,2024,8,10,19,0,09,09282,D927,43.250095,1.566882,Plein jour,En agglomération,Intersection en T,Normale,Deux véhicules - côté,3,2, -1,-1,1,1,1,0,1,50,2,2,1,0,1,0,33.0,22.0,deux_roues,voiture,1,2,3,1,3
202400006792,2024-02-07 14:23:00,2024,2,7,14,23,92,92051,MAURICE BARRES (BOULEVARD),48.87936,2.26707,Plein jour,En agglomération,Hors intersection,Pluie légère,Deux véhicules - côté,4,2,2,0,1,1,2,0,1,50,2,2,1,0,0,1,48.0,43.0,deux_roues,voiture,1,2,1,2,3
202400006793,2024-11-28 04:30:00,2024,11,28,4,30,84,84080,AVIGNON BOULEVARD D',44.02901,4.97562,Nuit avec éclairage allumé,Hors agglomération,Hors intersection,Normale,Sans collision,4,2,2,0,1,1,2,0,8,50,1,1,0,0,0,1,24.0,,voiture,,5,1,1,1,7
202400006794,2024-08-09 16:30:00,2024,8,9,16,30,09,09146,D14,43.207803,1.497874,Plein jour,Hors agglomération,Hors intersection,Normale,Deux véhicules - frontale,3,2,2,0,2,3,1,0,1,80,2,2,1,0,1,0,24.0,54.0,deux_roues,utilitaire_camion,1,1,1,1,1
202400006795,2024-09-21 01:35:00,2024,9,21,1,35,44,44035,,47.27153753,-1.55654876,Nuit sans éclairage public,Hors agglomération,Hors intersection,Normale,Deux véhicules - côté,1,3,4,0,2,1,1,0,1,90,2,2,1,0,0,1,25.0,20.0,voiture,voiture,3,1,1,1,3
202400006796,2024-02-07 18:25:00,2024,2,7,18,25,92,92020,FAURE BLD FELIX N°1 A 35 ET 28 A 36,48.80180212,2.28376383,Nuit sans éclairage public,En agglomération,Intersection en X,Pluie légère,Deux véhicules - côté,4,1,1,0,1,1,2,0,1,50,2,2,1,0,0,1,25.0,42.0,utilitaire_camion,deux_roues,3,2,2,2,3
202400006796,2024-02-07 18:25:00,2024,2,7,18,25,92,92020,FAURE BLD FELIX N°1 A 35 ET 28 A 36,48.80180212,2.28376383,Nuit sans éclairage public,En agglomération,Intersection en X,Pluie légère,Deux véhicules - côté,4,2,2,0,1,1,2,0,1,50,2,2,1,0,0,1,25.0,42.0,utilitaire_camion,deux_roues,3,2,2,2,3
202400006797,2024-08-09 15:40:00,2024,8,9,15,40,33,33326,,45.32892203,-0.57718928,Plein jour,En agglomération,Hors intersection,Normale,Sans collision,3,2,2,0,2,1,1,0,3,50,1,1,0,0,1,0,65.0,,voiture,,1,2,1,1,7
202400006798,2024-02-07 20:45:00,2024,2,7,20,45,92,92040,ILES (BOULEVARD DES),48.82278508,2.24977267,Nuit avec éclairage allumé,En agglomération,Hors intersection,Pluie légère,Autre collision,3,1,3,0,1,1,2,0,1,50,1,2,1,0,0,1,17.0,,deux_roues,,5,2,1,2,6
202400006799,2024-11-23 13:15:00,2024,11,23,13,15,42,42189,Boulevard Blaise Pascal,45.424355,4.316169,Plein jour,En agglomération,Hors intersection,Normale,Deux véhicules - frontale,7,2,2,-1,1,1,1,0,1,-1,2,3,0,0,0,3,63.0,79.0,utilitaire_camion,voiture,1,2,1,1,1
202400006800,2024-08-09 20:20:00,2024,8,9,20,20,14,14762,Route de Sourdeval,48.815488,-0.888701,Crépuscule ou aube,Hors agglomération,Intersection en Y,Normale,Deux véhicules - côté,3,2,2,0,1,3,1,0,1,80,2,3,0,0,1,2,77.0,22.0,voiture,voiture,2,1,4,1,3
202400006800,2024-08-09 20:20:00,2024,8,9,20,20,14,14762,Route de Sourdeval,48.815488,-0.888701,Crépuscule ou aube,Hors agglomération,Intersection en Y,Normale,Deux véhicules - côté,3,2,2,0,1,1,1,0,1,80,2,3,0,0,1,2,77.0,22.0,voiture,voiture,2,1,4,1,3
202400006801,2024-02-06 23:00:00,2024,2,6,23,0,92,92062,PERRONET NORD ET SUD,48.89110856,2.23879248,Nuit avec éclairage allumé,En agglomération,Hors intersection,Normale,Autre collision,4,1,1,0,1,1,1,1,1,50,1,2,1,0,0,1,23.0,,transport_commun,,5,2,1,1,6
202400006802,2024-10-28 17:45:00,2024,10,28,17,45,61,61001,D438,48.426457,0.092451,Plein jour,En agglomération,Hors intersection,Normale,Autre collision,3,2,2,2,1,1,1,0,1,50,1,2,1,0,0,1,77.0,,voiture,,1,2,1,1,6
202400006803,2024-08-09 10:00:00,2024,8,9,10,0,29,29169,Route de Guengat,48.06617082,-4.20083827,Plein jour,Hors agglomération,Hors intersection,Normale,Deux véhicules - frontale,3,2,2,0,1,2,2,0,1,50,2,6,1,0,0,5,63.0,43.0,voiture,utilitaire_camion,1,1,1,1,1
202400006804,2024-02-06 21:50:00,2024,2,6,21,50,92,92060,REPUBLIQUE (AVENUE DE LA) (RD 60),48.77992816,2.27363849,Nuit avec éclairage allumé,En agglomération,Hors intersection,Normale,Autre collision,3,-1,1,0,1,1,1,9,8,10,1,2,1,0,0,1,58.0,,voiture,,5,2,1,1,6
202400006805,2024-12-06 20:00:00,2024,12,6,20,0,74,74265,Route du Bouchet-Mont-Charvin,45.793951,6.339583,Nuit sans éclairage public,Hors agglomération,Hors intersection,Temps couvert,Autre collision,3,2,2,0,1,3,2,0,3,80,1,1,0,0,1,0,18.0,,voiture,,3,1,1,8,6
202400006806,2024-09-09 16:20:00,2024,9,9,16,20,74,74175,Rue du locum,46.40211337,6.75673467,Plein jour,Hors agglomération,Hors intersection,Pluie légère,Sans collision,3,2,2,0,1,2,2,0,1,80,1,1,0,0,1,0,37.0,,deux_roues,,1,1,1,2,7
202400006807,2024-08-09 21:56:00,2024,8,9,21,56,60,60628,N31,49.422759,2.151118,Nuit avec éclairage allumé,Hors agglomération,Hors intersection,Normale,Autre collision,2,3,2,0,1,1,1,0,3,110,1,2,0,0,0,2,50.0,,voiture,,5,1,1,1,6
202400006808,2024-02-07 06:10:00,2024,2,7,6,10,92,92012,MARCEL SEMBAT (PLACE),48.83350323,2.24340963,Nuit avec éclairage allumé,En agglomération,Giratoire,Pluie légère,Sans collision,3,2,4,0,1,1,2,0,1,30,2,2,1,0,0,1,46.0,40.0,deux_roues,utilitaire_camion,5,2,6,2,7
202400006808,2024-02-07 06:10:00,2024,2,7,6,10,92,92012,MARCEL SEMBAT (PLACE),48.83350323,2.24340963,Nuit avec éclairage allumé,En agglomération,Giratoire,Pluie légère,Sans collision,3,1,4,0,1,3,2,0,1,30,2,2,1,0,0,1,46.0,40.0,deux_roues,utilitaire_camion,5,2,6,2,7
202400006809,2024-12-06 14:00:00,2024,12,6,14,0,74,74124,Route de saint-julien,46.128913,6.079409,Plein jour,Hors agglomération,Hors intersection,Normale,Autre collision,3,2,2,0,1,1,1,0,1,80,1,5,3,0,2,0,39.0,,voiture,,1,1,1,1,6
202400006810,2024-02-07 12:44:00,2024,2,7,12,44,92,92009,MOULIN BAILLY ( RUE ),48.90859548,2.25768583,Plein jour,En agglomération,Hors intersection,Pluie légère,Deux véhicules - arrière,4,1,1,1,1,1,2,0,1,25,2,2,1,0,0,1,65.0,62.0,voiture,deux_roues,1,2,1,2,2
202400006811,2024-10-20 15:10:00,2024,10,20,15,10,74,74018,,46.10111897,6.31361532,Plein jour,Hors agglomération,Hors intersection,Normale,Sans collision,3,2,2,0,1,1,1,0,1,80,1,2,1,0,1,0,88.0,,voiture,,1,1,1,1,7
202400006812,2024-02-08 15:55:00,2024,2,8,15,55,80,80016,494 Chemin Croise de Bellevue,49.99665,2.659051,Plein jour,En agglomération,Autre intersection,Pluie légère,Autre collision,6,-1, -1,0,1,1,2,0,8,-1,1,2,1,0,1,0,90.0,,voiture,,1,2,9,2,6
202400006813,2024-12-04 08:30:00,2024,12,4,8,30,74,74297,1415 Route de Geneve,45.932129,5.931308,Plein jour,Hors agglomération,Hors intersection,Normale,Sans collision,3,2,2,0,2,1,1,0,4,70,1,1,0,1,0,0,67.0,,deux_roues,,1,1,1,1,7
202400006814,2024-08-10 15:00:00,2024,8,10,15,0,80,80338,Rue Gambetta,49.900958,2.50492,Plein jour,En agglomération,Intersection en T,Normale,Deux véhicules - côté,3,2,2,0,1,1,1,0,1,50,2,2,1,0,0,1,75.0,38.0,voiture,voiture,1,2,3,1,3
202400006814,2024-08-10 15:00:00,2024,8,10,15,0,80,80338,Rue Gambetta,49.900958,2.50492,Plein jour,En agglomération,Intersection en T,Normale,Deux véhicules - côté,3,2,2,0,1,1,1,0,1,-1,2,2,1,0,0,1,75.0,38.0,voiture,voiture,1,2,3,1,3
202400006815,2024-02-04 19:30:00,2024,2,4,19,30,62,62336,D159,50.56654518,2.27493219,Nuit sans éclairage public,Hors agglomération,Hors intersection,Vent fort / tempête,Deux véhicules - côté,3,2,2,0,1,1,1,0,1,80,2,2,0,0,1,1,65.0,40.0,voiture,voiture,3,1,1,6,3
202400006816,2024-09-21 01:50:00,2024,9,21,1,50,74,74116,Route Nationale 203,46.07349187,6.28863251,Nuit sans éclairage public,Hors agglomération,Intersection en Y,Normale,Deux véhicules - frontale,3,3,0,0,2,2,1,0,1,90,2,2,0,0,0,2,35.0,43.0,voiture,voiture,3,1,4,1,1
202400006816,2024-09-21 01:50:00,2024,9,21,1,50,74,74116,Route Nationale 203,46.07349187,6.28863251,Nuit sans éclairage public,Hors agglomération,Intersection en Y,Normale,Deux véhicules - frontale,3,2, -1,-1,2,3,1,0,1,-1,2,2,0,0,0,2,35.0,43.0,voiture,voiture,3,1,4,1,1
202400006817,2024-01-25 10:00:00,2024,1,25,10,0,73,73085,D991 - 270 route d'AIX,45.81912,5.84809,Plein jour,En agglomération,Giratoire,Normale,Autre collision,3,2,2,0,2,1,1,0,4,50,1,1,0,0,1,0,88.0,,voiture,,1,2,6,1,6
202400006818,2024-02-06 12:00:00,2024,2,6,12,0,40,40304,Avenue du Touring Club,43.659282,-1.428263,Plein jour,En agglomération,Hors intersection,Normale,Sans collision,4,1,1,0,1,1,1,0,1,50,1,2,1,0,1,0,80.0,,voiture,,1,2,1,1,7
202400006819,2024-10-29 08:15:00,2024,10,29,8,15,74,74067,146 Route de l'herbe,45.89672,6.078274,Plein jour,En agglomération,Hors intersection,Normale,Deux véhicules - frontale,4,2,2,0,2,3,1,0,1,50,2,4,3,1,0,0,44.0,58.0,deux_roues,utilitaire_camion,1,2,1,1,1
202400006820,2024-08-08 09:55:00,2024,8,8,9,55,42,42237,N88,45.44046,4.45692,Plein jour,Hors agglomération,Hors intersection,Normale,Autre collision,2,3,6,0,1,1,1,0,1,90,1,1,0,0,0,1,58.0,,voiture,,1,1,1,1,6
202400006821,2024-02-08 08:30:00,2024,2,8,8,30,06,06161,Avenue des Plans,43.654675,7.12512,Plein jour,En agglomération,Hors intersection,Normale,Deux véhicules - arrière,3,2,2,0,1,1,1,0,1,50,2,2,1,0,0,1,44.0,38.0,voiture,deux_roues,1,2,1,1,2
202400006822,2024-12-06 21:00:00,2024,12,6,21,0,74,74104,D1508,45.777854,6.232933,Nuit avec éclairage allumé,Hors agglomération,Intersection en T,Temps couvert,Deux véhicules - côté,3,2,0,0,1,1,1,5,1,70,2,3,2,0,0,1,17.0,35.0,voiture,voiture,5,1,3,8,3
202400006822,2024-12-06 21:00:00,2024,12,6,21,0,74,74104,D1508,45.777854,6.232933,Nuit avec éclairage allumé,Hors agglomération,Intersection en T,Temps couvert,Deux véhicules - côté,3,2, -1,-1,1,1,1,0,1,-1,2,3,2,0,0,1,17.0,35.0,voiture,voiture,5,1,3,8,3
202400006823,2024-08-09 18:22:00,2024,8,9,18,22,33,33487,,44.95343,-0.45714,Plein jour,Hors agglomération,Hors intersection,Normale,Deux véhicules - arrière,1,3,6,0,2,1,1,2,1,130,2,4,3,0,0,1,35.0,54.0,deux_roues,utilitaire_camion,1,1,1,1,2
202400006824,2024-10-30 12:30:00,2024,10,30,12,30,74,74166,avenue de savoie,46.384145,6.526823,Plein jour,En agglomération,Intersection en T,Normale,Deux véhicules - côté,3,2,1,0,3,2,1,0,1,50,2,2,1,0,0,1,25.0,34.0,deux_roues,voiture,1,2,3,1,3
202400006824,2024-10-30 12:30:00,2024,10,30,12,30,74,74166,avenue de savoie,46.384145,6.526823,Plein jour,En agglomération,Intersection en T,Normale,Deux véhicules - côté,3,2, -1,-1,3,1,1,0,1,-1,2,2,1,0,0,1,25.0,34.0,deux_roues,voiture,1,2,3,1,3
202400006825,2024-08-08 16:59:00,2024,8,8,16,59,59,59346,AUTOROUTE A27,50.600947,3.132896,Plein jour,Hors agglomération,Hors intersection,Pluie légère,Deux véhicules - côté,1,3,2,0,1,2,2,0,1,90,2,4,3,0,0,1,28.0,20.0,utilitaire_camion,voiture,1,1,1,2,3
202400006826,2024-11-30 14:40:00,2024,11,30,14,40,74,74180,42 route de parteyi,46.34024266,6.27919025,Plein jour,Hors agglomération,Hors intersection,Normale,Autre collision,3,2,2,0,1,1,1,0,3,80,1,1,0,1,0,0,42.0,,voiture,,1,1,1,1,6
202400006827,2024-02-06 17:50:00,2024,2,6,17,50,06,06161,473 Boulevard des Italiens,43.640145,7.139724,Crépuscule ou aube,En agglomération,Intersection en T,Normale,Trois véhicules et plus - collisions multiples,3,3,4,0,1,1,1,0,1,50,4,4,2,0,1,1,46.0,16.0,deux_roues,deux_roues,2,2,3,1,5
202400006827,2024-02-06 17:50:00,2024,2,6,17,50,06,06161,473 Boulevard des Italiens,43.640145,7.139724,Crépuscule ou aube,En agglomération,Intersection en T,Normale,Trois véhicules et plus - collisions multiples,3,2,2,0,1,1,1,0,1,50,4,4,2,0,1,1,46.0,16.0,deux_roues,deux_roues,2,2,3,1,5
202400006828,2024-08-09 20:48:00,2024,8,9,20,48,91,91086,RN 104,48.623,2.386,Crépuscule ou aube,Hors agglomération,Hors intersection,Normale,Deux véhicules - frontale,2,3,2,0,1,1,1,0,1,90,2,2,1,0,0,1,30.0,43.0,deux_roues,voiture,2,1,1,1,1
202400006829,2024-02-06 17:25:00,2024,2,6,17,25,28,28161,Autoroute Oceane - A11- PK 096+200,48.24846,1.117929,Plein jour,Hors agglomération,Hors intersection,Normale,Autre collision,1,3,3,0,1,1,1,0,8,130,1,1,0,0,1,0,37.0,,voiture,,1,1,1,1,6
202400006830,2024-08-09 00:05:00,2024,8,9,0,5,91,91689,AUTOROUTE A6B,48.74592,2.32423,Nuit avec éclairage non allumé,Hors agglomération,Hors intersection,Normale,Deux véhicules - côté,1,1,3,0,1,1,1,3,1,110,2,2,1,0,0,1,20.0,44.0,voiture,utilitaire_camion,4,1,1,1,3
202400006831,2024-11-30 23:17:00,2024,11,30,23,17,74,74005,Avenue du centenaire,46.342751,6.482048,Nuit sans éclairage public,En agglomération,Intersection en T,Normale,Deux véhicules - côté,4,-1,2,0,1,1,1,0,4,50,2,5,1,0,2,2,22.0,44.0,voiture,voiture,3,2,3,1,3
202400006831,2024-11-30 23:17:00,2024,11,30,23,17,74,74005,Avenue du centenaire,46.342751,6.482048,Nuit sans éclairage public,En agglomération,Intersection en T,Normale,Deux véhicules - côté,4,1, -1,-1,1,1,1,0,4,-1,2,5,1,0,2,2,22.0,44.0,voiture,voiture,3,2,3,1,3
202400006832,2024-02-08 14:20:00,2024,2,8,14,20,71,71550,A6,46.50273167,4.90409787,Plein jour,Hors agglomération,Hors intersection,Normale,Deux véhicules - arrière,1,3,3,0,1,1,1,0,1,130,2,5,1,1,0,3,50.0,38.0,voiture,utilitaire_camion,1,1,1,1,2
202400006833,2024-08-08 01:35:00,2024,8,8,1,35,78,78418,A14,48.917772,2.120324,Nuit sans éclairage public,Hors agglomération,Hors intersection,Normale,Deux véhicules - arrière,1,-1,2,0,1,2,1,0,1,70,2,3,2,0,0,1,37.0,43.0,voiture,deux_roues,3,1,1,1,2
202400006834,2024-11-02 20:51:00,2024,11,2,20,51,74,74032,Route de la Chèvrerie,46.220914,6.553972,Nuit sans éclairage public,Hors agglomération,Intersection en Y,Brouillard / fumée,Autre collision,3,2,2,0,2,2,2,0,3,80,1,4,3,0,1,0,27.0,,voiture,,3,1,4,5,6
202400006834,2024-11-02 20:51:00,2024,11,2,20,51,74,74032,Route de la Chèvrerie,46.220914,6.553972,Nuit sans éclairage public,Hors agglomération,Intersection en Y,Brouillard / fumée,Autre collision,3,2, -1,-1,2,2,2,0,3,-1,1,4,3,0,1,0,27.0,,voiture,,3,1,4,5,6
202400006835,2024-02-07 22:20:00,2024,2,7,22,20,972,97210,Route nationale 6,14.604214,-60.932499,Nuit sans éclairage public,Hors agglomération,Hors intersection,Normale,Deux véhicules - frontale,2,2,2,0,1,1,1,0,1,70,2,3,0,0,0,3,22.0,82.0,voiture,voiture,3,1,1,1,1
202400006836,2024-08-07 23:55:00,2024,8,7,23,55,78,78073,N12Y,48.799205,1.995571,Nuit sans éclairage public,Hors agglomération,Hors intersection,Normale,Deux véhicules - côté,2,1,1,0,1,1,1,0,1,70,2,3,1,0,0,2,24.0,31.0,voiture,utilitaire_camion,3,1,1,1,3
202400006837,2024-11-28 17:45:00,2024,11,28,17,45,74,74309,1618 Route de la gare,46.129675,6.028814,Crépuscule ou aube,Hors agglomération,Hors intersection,Pluie légère,Deux véhicules - frontale,3,2,2,0,1,1,2,0,1,70,2,2,0,0,0,2,33.0,23.0,voiture,voiture,2,1,1,2,1
202400006838,2024-02-08 08:50:00,2024,2,8,8,50,83,83048,260 Boulevard Georges Selliez,43.20552,6.570511,Plein jour,En agglomération,Hors intersection,Normale,Deux véhicules - côté,3,2,2,0,1,3,1,0,1,30,2,2,1,0,0,1,32.0,20.0,utilitaire_camion,voiture,1,2,1,1,3
202400006839,2024-11-28 09:34:00,2024,11,28,9,34,74,74282,Autoroute A410,46.026469,6.228991,Plein jour,Hors agglomération,Hors intersection,Pluie forte,Sans collision,1,1,2,0,2,3,2,0,2,110,1,2,1,0,1,0,20.0,,voiture,,1,1,1,3,7
202400006840,2024-08-09 15:20:00,2024,8,9,15,20,94,94028,A86,48.79449381,2.44220497,Plein jour,Hors agglomération,Hors intersection,Normale,Deux véhicules - côté,1,1,3,0,1,1,1,0,1,90,2,2,1,0,0,1,43.0,43.0,deux_roues,voiture,1,1,1,1,3
202400006841,2024-02-08 15:50:00,2024,2,8,15,50,82,82103,D928,43.837924,0.926478,Plein jour,Hors agglomération,Hors intersection,Normale,Autre collision,3,2,2,0,1,1,1,0,8,90,1,2,0,0,1,1,62.0,,voiture,,1,1,1,1,6
202400006842,2024-08-08 22:20:00,2024,8,8,22,20,77,77059,A104,48.8455465,2.6626142,Nuit sans éclairage public,Hors agglomération,Hors intersection,Normale,Deux véhicules - arrière,1,1,3,0,1,1,1,0,1,90,2,2,1,0,0,1,37.0,22.0,utilitaire_camion,utilitaire_camion,3,1,1,1,2
202400006843,2024-11-27 06:24:00,2024,11,27,6,24,74,74197,Route d'annecy,46.14335768,6.31477314,Nuit sans éclairage public,Hors agglomération,Intersection en T,Normale,Deux véhicules - côté,3,1,0,0,1,1,1,3,1,80,2,2,1,0,1,0,36.0,26.0,deux_roues,voiture,3,1,3,1,3
202400006843,2024-11-27 06:24:00,2024,11,27,6,24,74,74197,Route d'annecy,46.14335768,6.31477314,Nuit sans éclairage public,Hors agglomération,Intersection en T,Normale,Deux véhicules - côté,3,2,0,0,1,1,1,0,1,80,2,2,1,0,1,0,36.0,26.0,deux_roues,voiture,3,1,3,1,3
202400006844,2024-11-26 16:20:00,2024,11,26,16,20,74,74112,Route du pont de brogny,45.935218,6.123574,Crépuscule ou aube,En agglomération,Giratoire,Normale,Autre collision,3,2,2,0,1,2,1,0,3,50,1,1,0,1,0,0,76.0,,voiture,,2,2,6,1,6
202400006845,2024-01-25 14:57:00,2024,1,25,14,57,33,33251,,44.517591,-0.590468,Plein jour,Hors agglomération,Intersection en X,Normale,Deux véhicules - côté,3,2,2,0,1,1,1,0,1,50,2,2,1,0,1,0,68.0,53.0,utilitaire_camion,deux_roues,1,1,2,1,3
202400006845,2024-01-25 14:57:00,2024,1,25,14,57,33,33251,,44.517591,-0.590468,Plein jour,Hors agglomération,Intersection en X,Normale,Deux véhicules - côté,3,2,2,0,1,1,1,9,1,80,2,2,1,0,1,0,68.0,53.0,utilitaire_camion,deux_roues,1,1,2,1,3
202400006846,2024-06-01 00:55:00,2024,6,1,0,55,57,57283,CD 112 F,49.2424,6.14439,Nuit sans éclairage public,Hors agglomération,Hors intersection,Normale,Sans collision,3,2,2,0,1,1,1,0,3,80,1,1,0,0,0,1,45.0,,deux_roues,,3,1,1,1,7
202400006847,2024-11-25 06:05:00,2024,11,25,6,5,74,74021,A40,46.16572,6.25088,Nuit sans éclairage public,Hors agglomération,Hors intersection,Normale,Deux véhicules - arrière,1,3,2,0,2,1,1,0,1,110,2,2,1,0,0,1,42.0,20.0,voiture,voiture,3,1,1,1,2
202400006848,2024-02-07 18:05:00,2024,2,7,18,5,55,55463,Avenue de la 40e Division,48.89718862,5.53391118,Nuit avec éclairage allumé,En agglomération,Hors intersection,Pluie légère,Autre collision,3,2,2,0,4,1,2,0,1,50,1,2,1,0,0,1,40.0,,voiture,,5,2,1,2,6