accident_id,datetime,annee,mois,jour,heure,minute,departement,commune_insee,adresse,latitude,longitude,luminosite,agglomeration,intersection,meteo,collision,catr,circ,nbv,vosp,prof,plan,surf,infra,situ,vma,nb_vehicules,nb_usagers,nb_indemnes,nb_tues,nb_blesses_hosp,nb_blesses_legers,age_cond_1,age_cond_2,veh_type_cond_1,veh_type_cond_2,lum_code,agg_code,int_code,atm_code,col_code
202400006849,2024-11-23 02:40:00,2024,11,23,2,40,74,74313,D27,46.049795,6.149753,Nuit sans éclairage public,Hors agglomération,Hors intersection,Neige / grêle,Sans collision,3,2,2,0,2,3,5,0,8,80,1,1,0,0,1,0,29.0,,voiture,,3,1,1,4,7
202400006850,2024-02-08 08:05:00,2024,2,8,8,5,49,49214,Route de Laval,47.523574,-0.615079,Crépuscule ou aube,Hors agglomération,Hors intersection,Pluie légère,Autre collision,4,3,1,0,1,1,2,0,1,50,1,2,1,0,1,0,51.0,,voiture,,2,1,1,2,6
202400006851,2024-11-05 17:45:00,2024,11,5,17,45,74,74161,Route des creuses,45.876793,6.01892,Crépuscule ou aube,Hors agglomération,Hors intersection,Normale,Autre collision,3,2,2,2,2,1,1,0,3,80,1,1,0,0,1,0,42.0,,voiture,,2,1,1,1,6
202400006852,2024-02-08 07:40:00,2024,2,8,7,40,47,47095,D101,44.42214166,0.2979447,Crépuscule ou aube,Hors agglomération,Hors intersection,Normale,Autre collision,3,2,2,0,1,3,1,0,1,80,1,1,0,0,1,0,45.0,,voiture,,2,1,1,1,6
202400006853,2024-11-15 16:58:00,2024,11,15,16,58,74,74157,235 Route d'orcier,46.337495,6.519045,Crépuscule ou aube,En agglomération,Hors intersection,Normale,Deux véhicules - arrière,3,2,2,0,2,3,1,0,1,50,2,2,1,1,0,0,35.0,84.0,utilitaire_camion,deux_roues,2,2,1,1,2
202400006854,2024-02-08 17:40:00,2024,2,8,17,40,29,29220,Rue Pen Enez,47.876044,-4.222258,Plein jour,En agglomération,Hors intersection,Pluie légère,Deux véhicules - arrière,4,2,2,0,1,1,2,0,1,30,2,2,1,0,0,1,74.0,25.0,voiture,voiture,1,2,1,2,2
202400006855,2024-10-30 15:00:00,2024,10,30,15,0,74,74010,20 Avenue de periaz,45.877307,6.089832,Plein jour,En agglomération,Hors intersection,Normale,Autre collision,6,-1, -1,0,1,1,1,0,1,50,1,2,1,0,1,0,83.0,,voiture,,1,2,1,1,6
202400006856,2024-10-06 17:30:00,2024,10,6,17,30,74,74249,RD 32,46.3551215,6.6383813,Plein jour,Hors agglomération,Hors intersection,Normale,Autre collision,3,2,2,0,1,1,1,0,8,80,2,2,1,0,1,0,50.0,,deux_roues,voiture,1,1,1,1,6
202400006857,2024-01-29 20:25:00,2024,1,29,20,25,01,01165,D27,46.079587,4.80478,Nuit sans éclairage public,Hors agglomération,Intersection en Y,Normale,Deux véhicules - côté,3,2,2,0,1,1,1,0,1,80,2,2,0,0,0,2,51.0,38.0,voiture,voiture,3,1,4,1,3
202400006857,2024-01-29 20:25:00,2024,1,29,20,25,01,01165,D27,46.079587,4.80478,Nuit sans éclairage public,Hors agglomération,Intersection en Y,Normale,Deux véhicules - côté,3,2,2,0,1,3,1,0,1,80,2,2,0,0,0,2,51.0,38.0,voiture,voiture,3,1,4,1,3
202400006858,2024-09-03 15:55:00,2024,9,3,15,55,74,74289,Route de geneve,45.89183,5.936576,Plein jour,Hors agglomération,Hors intersection,Normale,Sans collision,3,3,2,0,1,1,1,0,1,70,1,1,0,0,1,0,38.0,,deux_roues,,1,1,1,1,7
202400006859,2024-02-03 20:30:00,2024,2,3,20,30,01,01426,RD 3,46.27829,5.349162,Nuit sans éclairage public,Hors agglomération,Hors intersection,Normale,Autre collision,3,2,2,0,1,2,1,0,3,80,1,1,0,0,1,0,52.0,,voiture,,3,1,1,1,6
202400006860,2024-06-27 13:25:00,2024,6,27,13,25,35,35238,,48.08112,-1.66493,Plein jour,Hors agglomération,Hors intersection,Normale,Autre collision,2,3,4,0,1,1,1,0,2,90,1,1,0,0,0,1,41.0,,voiture,,1,1,1,1,6
202400006861,2024-02-07 14:03:00,2024,2,7,14,3,85,85151,RD149,46.97793,-0.919104,Plein jour,Hors agglomération,Hors intersection,Pluie légère,Deux véhicules - frontale,3,2,2,0,1,1,2,0,1,80,2,2,1,0,1,0,66.0,51.0,voiture,utilitaire_camion,1,1,1,2,1
202400006862,2024-08-01 21:05:00,2024,8,1,21,5,17,17299,PONTY AVENUE W.,45.943767,-0.959793,Crépuscule ou aube,En agglomération,Hors intersection,Normale,Sans collision,3,-1,2,0,1,1,1,0,1,50,1,3,1,0,0,2,43.0,,deux_roues,,2,2,1,1,7
202400006863,2024-10-22 10:40:00,2024,10,22,10,40,32,32256,Route de Montesquiou,43.526149,0.40452,Plein jour,Hors agglomération,Hors intersection,Pluie légère,Sans collision,3,2,1,0,4,2,2,0,1,80,1,1,0,0,1,0,24.0,,deux_roues,,1,1,1,2,7
202400006864,2024-02-06 19:10:00,2024,2,6,19,10,70,70511,D5,47.591462,5.728207,Nuit avec éclairage allumé,En agglomération,Place,Temps couvert,Autre collision,9,-1,5,0,1,1,1,0,8,50,1,1,0,0,1,0,,,,,5,2,7,8,6
202400006865,2024-10-23 08:40:00,2024,10,23,8,40,32,32290,D270,43.985832,0.180003,Crépuscule ou aube,Hors agglomération,Hors intersection,Brouillard / fumée,Sans collision,3,2,2,0,1,1,1,0,1,80,1,1,0,0,1,0,62.0,,deux_roues,,2,1,1,5,7
202400006866,2024-02-07 20:10:00,2024,2,7,20,10,54,54523,RD 974 ,48.569338,5.955974,Nuit sans éclairage public,Hors agglomération,Hors intersection,Pluie forte,Autre collision,3,2,2,0,2,3,2,0,3,80,1,4,0,0,2,2,26.0,,voiture,,3,1,1,3,6
202400006867,2024-10-24 13:00:00,2024,10,24,13,0,32,32249,CD928,43.712289,0.861386,Plein jour,Hors agglomération,Hors intersection,Normale,Trois véhicules et plus - collisions multiples,3,2,2,0,1,4,1,0,1,90,3,4,1,1,2,0,78.0,64.0,voiture,voiture,1,1,1,1,5
202400006868,2024-02-08 19:30:00,2024,2,8,19,30,72,72039,impasse de la holière,48.20359,0.43146,Nuit sans éclairage public,Hors agglomération,Intersection en T,Pluie légère,Deux véhicules - côté,3,2,2,0,1,1,2,0,1,90,2,2,0,0,1,1,24.0,56.0,voiture,voiture,3,1,3,2,3
202400006868,2024-02-08 19:30:00,2024,2,8,19,30,72,72039,impasse de la holière,48.20359,0.43146,Nuit sans éclairage public,Hors agglomération,Intersection en T,Pluie légère,Deux véhicules - côté,3,2, -1,-1,1,1,2,0,1,-1,2,2,0,0,1,1,24.0,56.0,voiture,voiture,3,1,3,2,3
202400006869,2024-12-02 09:15:00,2024,12,2,9,15,78,78208,VILLEDIEU (AVENUE DE LA) 210,48.768689,1.949079,Plein jour,En agglomération,Intersection en T,Normale,Autre collision,4,2, -1,-1,1,1,1,0,1,-1,1,2,1,0,1,0,23.0,,voiture,,1,2,3,1,6
202400006869,2024-12-02 09:15:00,2024,12,2,9,15,78,78208,VILLEDIEU (AVENUE DE LA) 210,48.768689,1.949079,Plein jour,En agglomération,Intersection en T,Normale,Autre collision,4,2,2,1,1,1,1,0,1,50,1,2,1,0,1,0,23.0,,voiture,,1,2,3,1,6
202400006870,2024-02-04 07:30:00,2024,2,4,7,30,14,14582,D579,49.098965,0.207539,Nuit sans éclairage public,Hors agglomération,Hors intersection,Normale,Autre collision,3,2,2,0,2,1,1,0,3,80,1,3,1,0,0,2,22.0,,voiture,,3,1,1,1,6
202400006871,2024-02-08 07:45:00,2024,2,8,7,45,14,14543,178 Rue de la Sablonniere,49.196718,-0.459016,Crépuscule ou aube,En agglomération,Hors intersection,Pluie légère,Deux véhicules - frontale,4,2,2,0,1,1,2,0,1,50,2,2,1,0,1,0,54.0,16.0,voiture,deux_roues,2,2,1,2,1
202400006872,2024-11-30 18:15:00,2024,11,30,18,15,28,28134,LIVRAINDIERES (RUE DES),48.74835,1.36066,Nuit avec éclairage allumé,En agglomération,Hors intersection,Brouillard / fumée,Trois véhicules et plus - en chaîne,4,2,2,0,1,1,1,0,1,50,3,9,6,0,0,3,21.0,39.0,voiture,voiture,5,2,1,5,4
202400006873,2024-02-08 12:35:00,2024,2,8,12,35,05,05011,D942,44.54899947,6.2009802,Plein jour,Hors agglomération,Hors intersection,Normale,Autre collision,3,2,2,0,1,1,1,0,3,90,1,1,0,0,1,0,79.0,,voiture,,1,1,1,1,6
202400006874,2024-11-29 13:30:00,2024,11,29,13,30,28,28223,MONTDROUARD (COTE),48.72425,1.40076,Plein jour,En agglomération,Hors intersection,Normale,Sans collision,3,2,2,0,4,2,1,0,3,50,1,3,0,0,0,3,19.0,,voiture,,1,2,1,1,7
202400006875,2024-02-08 09:00:00,2024,2,8,9,0,05,05124,"Pont-Sarrazin-Bas, RN94",44.577924,6.126198,Plein jour,En agglomération,Hors intersection,Normale,Deux véhicules - frontale,2,2,2,0,1,1,1,9,1,50,2,3,0,0,0,3,53.0,21.0,voiture,voiture,1,2,1,1,1
202400006876,2024-11-27 22:00:00,2024,11,27,22,0,28,28134,D 152 (MESNIL SUR L'ESTREE),48.763,1.3686,Nuit sans éclairage public,Hors agglomération,Autre intersection,Brouillard / fumée,Autre collision,3,-1,2,0,2,3,2,0,3,70,1,3,0,0,0,3,17.0,,voiture,,3,1,9,5,6
202400006877,2024-11-25 10:00:00,2024,11,25,10,0,28,28134,MOULIN (AVENUE JEAN),48.73163,1.37651,Plein jour,En agglomération,Hors intersection,Pluie forte,Deux véhicules - côté,3,-1,2,0,2,1,2,5,1,50,2,2,1,0,0,1,53.0,43.0,voiture,deux_roues,1,2,1,3,3
202400006878,2024-02-07 14:55:00,2024,2,7,14,55,24,24115,Rue d'Angoulême,45.246099,0.685844,Plein jour,En agglomération,Hors intersection,Normale,Autre collision,3,2,2,0,2,1,1,0,1,30,1,1,0,0,1,0,84.0,,voiture,,1,2,1,1,6
202400006879,2024-11-19 05:10:00,2024,11,19,5,10,28,28007,Boulevard Charles de Gaulle,48.852486,1.438957,Nuit avec éclairage allumé,En agglomération,Hors intersection,Normale,Autre collision,3,2,2,0,1,1,2,0,3,50,1,1,0,0,1,0,18.0,,voiture,,5,2,1,1,6
202400006880,2024-02-07 15:39:00,2024,2,7,15,39,04,04209,Place de l?Horloge,44.197011,5.944578,Plein jour,En agglomération,Place,Temps éblouissant,Autre collision,4,2,2,0,2,1,1,0,1,30,1,2,1,0,1,0,46.0,,voiture,,1,2,7,7,6
202400006881,2024-10-22 13:30:00,2024,10,22,13,30,28,28140,Route de Gallardon,48.603904,1.672776,Plein jour,En agglomération,Giratoire,Normale,Deux véhicules - côté,3,2,2,0,1,2,1,0,1,50,2,4,3,0,1,0,43.0,72.0,deux_roues,voiture,1,2,6,1,3
202400006881,2024-10-22 13:30:00,2024,10,22,13,30,28,28140,Route de Gallardon,48.603904,1.672776,Plein jour,En agglomération,Giratoire,Normale,Deux véhicules - côté,3,2,2,-1,1,3,1,0,1,50,2,4,3,0,1,0,43.0,72.0,deux_roues,voiture,1,2,6,1,3
202400006882,2024-10-29 05:50:00,2024,10,29,5,50,38,38544,FUTERIE(PLACE DE LA),45.52772,4.88029,Nuit avec éclairage allumé,En agglomération,Intersection en T,Normale,Deux véhicules - frontale,4,2,2,0,1,1,1,5,1,30,2,2,1,0,0,1,43.0,32.0,voiture,deux_roues,5,2,3,1,1
202400006882,2024-10-29 05:50:00,2024,10,29,5,50,38,38544,FUTERIE(PLACE DE LA),45.52772,4.88029,Nuit avec éclairage allumé,En agglomération,Intersection en T,Normale,Deux véhicules - frontale,4,2,2,0,1,1,1,5,1,30,2,2,1,0,0,1,43.0,32.0,voiture,deux_roues,5,2,3,1,1
202400006883,2024-02-07 14:14:00,2024,2,7,14,14,37,37062,D749,47.532965,0.305858,Plein jour,Hors agglomération,Hors intersection,Pluie forte,Autre collision,3,2,2,0,1,1,2,0,3,80,1,1,0,0,1,0,25.0,,voiture,,1,1,1,3,6
202400006884,2024-10-15 18:00:00,2024,10,15,18,0,38,38053,ZOLA (AV EMILE),45.58861,5.26919,Plein jour,En agglomération,Intersection en T,Normale,Deux véhicules - côté,4,2,2,0,1,1,1,0,5,50,2,2,1,0,0,1,52.0,15.0,voiture,deux_roues,1,2,3,1,3
202400006884,2024-10-15 18:00:00,2024,10,15,18,0,38,38053,ZOLA (AV EMILE),45.58861,5.26919,Plein jour,En agglomération,Intersection en T,Normale,Deux véhicules - côté,4,2,2,2,1,1,1,0,5,50,2,2,1,0,0,1,52.0,15.0,voiture,deux_roues,1,2,3,1,3
202400006885,2024-02-07 18:45:00,2024,2,7,18,45,37,37050,Route de la Vigne,47.336747,0.687574,Nuit avec éclairage allumé,En agglomération,Hors intersection,Pluie légère,Autre collision,4,2,2,0,1,1,2,0,1,50,1,2,1,0,1,0,49.0,,voiture,,5,2,1,2,6
202400006886,2024-10-12 10:00:00,2024,10,12,10,0,38,38053,Avenue Maréchal Leclerc,45.58996,5.28172,Plein jour,En agglomération,Intersection en T,Normale,Autre collision,4,2,2,0,1,1,1,9,8,50,1,2,1,0,0,1,65.0,,voiture,,1,2,3,1,6
202400006886,2024-10-12 10:00:00,2024,10,12,10,0,38,38053,Avenue Maréchal Leclerc,45.58996,5.28172,Plein jour,En agglomération,Intersection en T,Normale,Autre collision,4,1,1,0,1,1,1,5,8,50,1,2,1,0,0,1,65.0,,voiture,,1,2,3,1,6
202400006887,2024-02-08 16:20:00,2024,2,8,16,20,30,30313,D936,43.96378,4.23205,Plein jour,Hors agglomération,Hors intersection,Normale,Autre collision,3,2,0,0,1,1,1,0,1,80,2,2,1,0,0,1,28.0,46.0,voiture,utilitaire_camion,1,1,1,1,6
202400006888,2024-06-14 15:45:00,2024,6,14,15,45,93,93001,Rue Henri Barbusse / Rue Paul Bert,48.90884102,2.3905966,Plein jour,En agglomération,Intersection en X,Autre,Deux véhicules - côté,3,1,1,0,1,1,1,0,1,50,2,2,1,0,0,1,45.0,22.0,voiture,deux_roues,1,2,2,9,3
202400006888,2024-06-14 15:45:00,2024,6,14,15,45,93,93001,Rue Henri Barbusse / Rue Paul Bert,48.90884102,2.3905966,Plein jour,En agglomération,Intersection en X,Autre,Deux véhicules - côté,3,1,2,0,1,1,1,0,1,50,2,2,1,0,0,1,45.0,22.0,voiture,deux_roues,1,2,2,9,3
202400006889,2024-02-07 12:45:00,2024,2,7,12,45,987,98745,RT 143,-16.636056,-151.467489,Plein jour,Hors agglomération,Hors intersection,Pluie légère,Autre collision,2,2,2,0,1,1,2,0,1,60,1,2,1,0,1,0,67.0,,utilitaire_camion,,1,1,1,2,6
202400006890,2024-11-18 11:50:00,2024,11,18,11,50,92,92002,ARISTIDE BRIAND (AVENUE),48.75421768,2.30534032,Plein jour,En agglomération,Hors intersection,Pluie légère,Autre collision,3,2,2,0,1,1,2,0,1,50,1,2,1,0,0,1,24.0,,deux_roues,,1,2,1,2,6
202400006891,2024-01-16 18:00:00,2024,1,16,18,0,986,98611,"RT1, Poi roaume d'Alo ",-14.293121,-178.094387,Crépuscule ou aube,En agglomération,Hors intersection,Normale,Sans collision,2,2,2,0,1,1,1,0,3,50,1,2,0,1,1,0,25.0,,voiture,,2,2,1,1,7
202400006892,2024-11-24 17:25:00,2024,11,24,17,25,93,93047,PAUL DE KOCH  (RUE),48.900841,2.559601,Crépuscule ou aube,En agglomération,Hors intersection,Normale,Sans collision,4,2,2,-1,1,1,1,0,1,-1,1,1,0,0,0,1,62.0,,voiture,,2,2,1,1,7
202400006893,2024-02-08 22:00:00,2024,2,8,22,0,974,97415,Rue du Gen de Gaulle (st G),-21.050903,55.224003,Nuit avec éclairage allumé,En agglomération,Hors intersection,Normale,Deux véhicules - arrière,4,2,2,0,1,1,1,0,1,50,2,2,1,0,1,0,32.0,38.0,deux_roues,voiture,5,2,1,1,2
202400006894,2024-12-21 00:15:00,2024,12,21,0,15,38,38337,D1085,45.34658541,5.49391508,Nuit sans éclairage public,Hors agglomération,Hors intersection,Normale,Deux véhicules - frontale,3,2,2,0,1,1,1,2,1,70,2,2,0,0,0,2,63.0,51.0,voiture,utilitaire_camion,3,1,1,1,1
202400006895,2024-02-01 11:10:00,2024,2,1,11,10,971,97116,Route de Jeanne de Kermadec,16.302089,-61.443336,Plein jour,Hors agglomération,Hors intersection,Normale,Deux véhicules - côté,3,2,2,0,4,1,1,0,1,50,2,2,1,0,1,0,28.0,67.0,deux_roues,voiture,1,1,1,1,3
202400006896,2024-12-31 20:05:00,2024,12,31,20,5,84,84082,D942/D183,44.060006,5.185697,Nuit sans éclairage public,Hors agglomération,Intersection en T,Normale,Deux véhicules - côté,3,2,2,0,1,1,1,0,1,80,2,3,0,0,2,1,49.0,75.0,voiture,utilitaire_camion,3,1,3,1,3
202400006896,2024-12-31 20:05:00,2024,12,31,20,5,84,84082,D942/D183,44.060006,5.185697,Nuit sans éclairage public,Hors agglomération,Intersection en T,Normale,Deux véhicules - côté,3,2,2,-1,1,1,1,0,1,-1,2,3,0,0,2,1,49.0,75.0,voiture,utilitaire_camion,3,1,3,1,3
202400006897,2024-02-06 16:05:00,2024,2,6,16,5,28,28015,RD 19.4,48.447636,1.777065,Plein jour,Hors agglomération,Hors intersection,Normale,Deux véhicules - côté,3,2,2,0,1,1,1,0,1,80,2,3,2,0,0,1,19.0,62.0,deux_roues,voiture,1,1,1,1,3
202400006898,2024-11-26 15:45:00,2024,11,26,15,45,14,14685,3 Rue des Vieux Métiers,49.255461,-0.450786,Plein jour,En agglomération,Hors intersection,Normale,Autre collision,4,2,2,0,2,1,1,8,3,50,1,1,0,0,0,1,72.0,,voiture,,1,2,1,1,6
202400006899,2024-10-07 20:10:00,2024,10,7,20,10,62,62621,D226,50.875059,2.023949,Nuit avec éclairage allumé,En agglomération,Intersection en T,Normale,Autre collision,3,2,2,0,1,3,1,0,1,50,1,1,0,0,0,1,54.0,,deux_roues,,5,2,3,1,6
202400006899,2024-10-07 20:10:00,2024,10,7,20,10,62,62621,D226,50.875059,2.023949,Nuit avec éclairage allumé,En agglomération,Intersection en T,Normale,Autre collision,3,2,4,0,1,3,1,0,1,50,1,1,0,0,0,1,54.0,,deux_roues,,5,2,3,1,6
202400006900,2024-02-03 14:00:00,2024,2,3,14,0,45,45283,D39 PR 23 + 786,47.902933,2.70342,Plein jour,En agglomération,Hors intersection,Pluie légère,Deux véhicules - frontale,3,2,2,0,1,2,2,0,1,50,2,5,1,0,0,4,53.0,56.0,voiture,voiture,1,2,1,2,1
202400006901,2024-10-27 00:15:00,2024,10,27,0,15,50,50523,Route des Iles,49.47099,-1.248933,Nuit sans éclairage public,Hors agglomération,Autre intersection,Normale,Autre collision,3,2,2,0,1,1,1,0,4,-1,1,2,0,1,1,0,18.0,,voiture,,3,1,9,1,6
202400006901,2024-10-27 00:15:00,2024,10,27,0,15,50,50523,Route des Iles,49.47099,-1.248933,Nuit sans éclairage public,Hors agglomération,Autre intersection,Normale,Autre collision,3,3,1,0,1,1,1,9,4,90,1,2,0,1,1,0,18.0,,voiture,,3,1,9,1,6
202400006902,2024-02-04 11:35:00,2024,2,4,11,35,77,77225,D21,48.883321,3.0065,Plein jour,Hors agglomération,Hors intersection,Pluie légère,Deux véhicules - frontale,3,2,2,0,1,3,2,0,1,80,2,2,0,0,0,2,56.0,37.0,voiture,utilitaire_camion,1,1,1,2,1
202400006903,2024-12-27 08:30:00,2024,12,27,8,30,91,91044,National 20 sens province paris,48.678232,2.283107,Plein jour,Hors agglomération,Hors intersection,Normale,Autre collision,3,3,4,1,1,1,1,0,1,90,1,2,1,0,1,0,18.0,,utilitaire_camion,,1,1,1,1,6
202400006904,2024-02-08 09:56:00,2024,2,8,9,56,2A,2A041,#Piantarella#,41.378604,9.218345,Plein jour,Hors agglomération,Hors intersection,Normale,Autre collision,4,2,2,0,1,1,1,0,3,80,1,1,0,0,1,0,75.0,,voiture,,1,1,1,1,6
202400006905,2024-02-08 17:00:00,2024,2,8,17,0,83,83088,D5,43.309972,5.988386,Plein jour,Hors agglomération,Hors intersection,Normale,Sans collision,3,2,2,0,1,3,1,0,8,80,1,1,0,1,0,0,62.0,,deux_roues,,1,1,1,1,7
202400006906,2024-11-26 07:45:00,2024,11,26,7,45,28,28134,D 912,48.7367034,1.36216205,Nuit sans éclairage public,Hors agglomération,Hors intersection,Normale,Deux véhicules - arrière,3,1,2,0,4,1,2,0,1,70,2,3,0,0,0,3,21.0,27.0,voiture,utilitaire_camion,3,1,1,1,2
202400006907,2024-02-07 17:30:00,2024,2,7,17,30,05,05118,Gorges de la Méouge (Chemin),44.269235,5.774646,Crépuscule ou aube,Hors agglomération,Hors intersection,Normale,Autre collision,3,2,2,0,1,2,1,0,3,80,1,1,0,0,1,0,43.0,,deux_roues,,2,1,1,1,6
202400006908,2024-10-17 08:00:00,2024,10,17,8,0,62,62160,Rue des Moulins,50.73244345,1.62248987,Crépuscule ou aube,En agglomération,Hors intersection,Normale,Deux véhicules - côté,4,-1,1,0,2,3,2,0,1,50,2,2,1,0,0,1,44.0,15.0,voiture,deux_roues,2,2,1,1,3
202400006909,2024-02-07 19:25:00,2024,2,7,19,25,57,57683,Rue des Abattoirs,49.30171259,6.15793577,Nuit avec éclairage allumé,En agglomération,Giratoire,Pluie légère,Autre collision,4,2,2,0,2,3,2,6,1,30,1,2,1,0,1,0,31.0,,voiture,,5,2,6,2,6
202400006909,2024-02-07 19:25:00,2024,2,7,19,25,57,57683,Rue des Abattoirs,49.30171259,6.15793577,Nuit avec éclairage allumé,En agglomération,Giratoire,Pluie légère,Autre collision,4,2,2,0,2,3,2,6,1,30,1,2,1,0,1,0,31.0,,voiture,,5,2,6,2,6
202400006910,2024-10-13 16:30:00,2024,10,13,16,30,62,62160,Rue d'Ambleteuse,50.73335,1.59986,Plein jour,En agglomération,Intersection en T,Normale,Deux véhicules - côté,4,4,2,0,1,1,1,0,1,30,2,2,1,0,0,1,28.0,17.0,deux_roues,voiture,1,2,3,1,3
202400006910,2024-10-13 16:30:00,2024,10,13,16,30,62,62160,Rue d'Ambleteuse,50.73335,1.59986,Plein jour,En agglomération,Intersection en T,Normale,Deux véhicules - côté,4,4,2,0,1,1,1,0,1,50,2,2,1,0,0,1,28.0,17.0,deux_roues,voiture,1,2,3,1,3
202400006911,2024-02-07 07:00:00,2024,2,7,7,0,57,57145,route départementale 4,49.107028,6.282957,Nuit sans éclairage public,Hors agglomération,Intersection en T,Pluie légère,Deux véhicules - côté,3,2,2,0,1,1,2,0,1,80,2,2,0,0,0,2,36.0,54.0,voiture,voiture,3,1,3,2,3
202400006911,2024-02-07 07:00:00,2024,2,7,7,0,57,57145,route départementale 4,49.107028,6.282957,Nuit sans éclairage public,Hors agglomération,Intersection en T,Pluie légère,Deux véhicules - côté,3,2,2,0,2,1,2,0,8,50,2,2,0,0,0,2,36.0,54.0,voiture,voiture,3,1,3,2,3
202400006912,2024-07-30 17:45:00,2024,7,30,17,45,62,62688,D940,50.43323301,1.60781108,Plein jour,En agglomération,Autre intersection,Normale,Deux véhicules - côté,3,2,2,0,1,1,1,0,1,50,2,2,1,0,0,1,51.0,60.0,voiture,deux_roues,1,2,9,1,3
202400006913,2024-02-08 10:00:00,2024,2,8,10,0,31,31248,D19,43.451949,1.398276,Plein jour,En agglomération,Hors intersection,Normale,Deux véhicules - arrière,3,2,2,0,1,1,1,0,1,50,2,2,1,0,1,0,62.0,17.0,voiture,deux_roues,1,2,1,1,2
202400006914,2024-07-26 18:30:00,2024,7,26,18,30,62,62688,Route de Merlimont,50.41859,1.63527,Plein jour,En agglomération,Giratoire,Normale,Deux véhicules - arrière,3,-1,0,0,1,1,1,0,1,50,2,3,2,0,0,1,54.0,41.0,voiture,deux_roues,1,2,6,1,2
202400006914,2024-07-26 18:30:00,2024,7,26,18,30,62,62688,Route de Merlimont,50.41859,1.63527,Plein jour,En agglomération,Giratoire,Normale,Deux véhicules - arrière,3,2,1,0,1,1,1,0,1,50,2,3,2,0,0,1,54.0,41.0,voiture,deux_roues,1,2,6,1,2
202400006915,2024-02-07 16:10:00,2024,2,7,16,10,33,33114,,45.09764,-0.380874,Plein jour,Hors agglomération,Hors intersection,Normale,Deux véhicules - arrière,2,3,2,0,1,1,1,0,3,90,2,2,1,0,1,0,74.0,42.0,voiture,utilitaire_camion,1,1,1,1,2
202400006916,2024-05-19 08:30:00,2024,5,19,8,30,62,62757,D942,50.73561,2.19166,Crépuscule ou aube,Hors agglomération,Autre intersection,Normale,Sans collision,3,1,2,0,1,3,1,0,1,50,1,1,0,0,1,0,43.0,,deux_roues,,2,1,9,1,7
202400006917,2024-02-07 14:15:00,2024,2,7,14,15,72,72154,Boulevard de la République,47.698101,-0.069952,Plein jour,En agglomération,Hors intersection,Pluie légère,Autre collision,3,2,2,0,1,1,2,0,1,50,1,2,1,0,1,0,63.0,,voiture,,1,2,1,2,6
202400006918,2024-10-03 07:37:00,2024,10,3,7,37,2B,2B350,funtanone,42.522393,9.401061,Plein jour,En agglomération,Hors intersection,Pluie forte,Trois véhicules et plus - collisions multiples,2,2,2,0,2,2,2,0,1,50,1,1,0,0,1,0,27.0,,voiture,,1,2,1,3,5
202400006919,2024-02-06 16:35:00,2024,2,6,16,35,22,22098,D768,48.428546,-2.563001,Plein jour,Hors agglomération,Hors intersection,Normale,Trois véhicules et plus - collisions multiples,3,2,2,0,2,1,1,0,1,80,3,3,1,0,1,1,26.0,68.0,deux_roues,voiture,1,1,1,1,5
202400006920,2024-09-14 08:20:00,2024,9,14,8,20,91,91441,"Autoroute A6, PK 040+700, dans le sens Paris vers Province",48.50792669,2.510565,Plein jour,Hors agglomération,Hors intersection,Normale,Deux véhicules - arrière,1,1,4,0,1,1,1,0,1,130,2,3,1,0,0,2,35.0,36.0,voiture,voiture,1,1,1,1,2
202400006921,2024-02-02 05:50:00,2024,2,2,5,50,35,35076,la suplinais,48.05891085,-1.79912631,Nuit sans éclairage public,Hors agglomération,Intersection en X,Brouillard / fumée,Deux véhicules - côté,7,2,2,0,1,1,2,0,1,80,2,2,1,0,1,0,27.0,45.0,voiture,deux_roues,3,1,2,5,3
202400006921,2024-02-02 05:50:00,2024,2,2,5,50,35,35076,la suplinais,48.05891085,-1.79912631,Nuit sans éclairage public,Hors agglomération,Intersection en X,Brouillard / fumée,Deux véhicules - côté,7,2,2,0,1,1,2,0,1,80,2,2,1,0,1,0,27.0,45.0,voiture,deux_roues,3,1,2,5,3
202400006922,2024-11-27 16:15:00,2024,11,27,16,15,19,19272,République (Quai),45.26637,1.77069,Plein jour,En agglomération,Hors intersection,Normale,Autre collision,4,1,2,0,1,1,1,0,4,30,2,3,1,0,1,1,39.0,75.0,voiture,voiture,1,2,1,1,6
202400006923,2024-02-07 09:51:00,2024,2,7,9,51,13,13215,A7-Sens Marseille vers Lyon,43.3483,5.3708,Plein jour,Hors agglomération,Hors intersection,Normale,Deux véhicules - côté,1,-1,3,0,1,1,1,0,1,90,2,2,1,0,0,1,28.0,29.0,voiture,deux_roues,1,1,1,1,3
202400006924,2024-12-31 14:25:00,2024,12,31,14,25,64,64483,CHANTACO (AVENUE DE ),43.38308,-1.6508,Plein jour,En agglomération,Intersection en T,Normale,Deux véhicules - côté,3,2,2,0,1,1,1,0,1,30,2,2,1,0,0,1,81.0,14.0,voiture,deux_roues,1,2,3,1,3
202400006924,2024-12-31 14:25:00,2024,12,31,14,25,64,64483,CHANTACO (AVENUE DE ),43.38308,-1.6508,Plein jour,En agglomération,Intersection en T,Normale,Deux véhicules - côté,3,2,2,0,1,1,1,0,1,50,2,2,1,0,0,1,81.0,14.0,voiture,deux_roues,1,2,3,1,3