accident_id,datetime,annee,mois,jour,heure,minute,departement,commune_insee,adresse,latitude,longitude,luminosite,agglomeration,intersection,meteo,collision,catr,circ,nbv,vosp,prof,plan,surf,infra,situ,vma,nb_vehicules,nb_usagers,nb_indemnes,nb_tues,nb_blesses_hosp,nb_blesses_legers,age_cond_1,age_cond_2,veh_type_cond_1,veh_type_cond_2,lum_code,agg_code,int_code,atm_code,col_code
202400006925,2024-12-31 14:30:00,2024,12,31,14,30,60,60103,7 Rue du Petit Chantilly,49.41064,2.247358,Plein jour,En agglomération,Hors intersection,Normale,Deux véhicules - arrière,4,2,2,1,1,1,1,0,5,50,2,2,1,0,0,1,60.0,28.0,deux_roues,voiture,1,2,1,1,2
202400006926,2024-11-18 23:50:00,2024,11,18,23,50,75,75116,ALLEE DE LA REINE MARGUERITE,48.853257,2.241548,Nuit avec éclairage allumé,En agglomération,Hors intersection,Pluie légère,Sans collision,4,2,2,0,1,1,2,0,1,50,1,1,0,0,0,1,38.0,,deux_roues,,5,2,1,2,7
202400006927,2024-02-06 19:03:00,2024,2,6,19,3,33,33162,,44.869379,-0.645472,Nuit avec éclairage non allumé,Hors agglomération,Hors intersection,Normale,Trois véhicules et plus - en chaîne,1,3,6,0,1,3,1,3,1,90,4,4,2,0,0,2,43.0,23.0,voiture,voiture,4,1,1,1,4
202400006928,2024-02-06 22:24:00,2024,2,6,22,24,59,59564,AUTOROUTE A2,50.33995651,3.46684088,Nuit sans éclairage public,Hors agglomération,Hors intersection,Normale,Deux véhicules - arrière,1,3,4,0,1,1,1,0,1,130,2,2,1,0,0,1,29.0,26.0,voiture,voiture,3,1,1,1,2
202400006929,2024-06-15 15:10:00,2024,6,15,15,10,93,93077,Rue de Neuilly / Rue Berthomié,48.87545,2.52612,Plein jour,En agglomération,Intersection à plus de 4 branches,Normale,Deux véhicules - frontale,3,2,2,0,1,2,1,0,1,50,2,3,2,0,0,1,34.0,78.0,voiture,voiture,1,2,5,1,1
202400006929,2024-06-15 15:10:00,2024,6,15,15,10,93,93077,Rue de Neuilly / Rue Berthomié,48.87545,2.52612,Plein jour,En agglomération,Intersection à plus de 4 branches,Normale,Deux véhicules - frontale,3,1,1,0,1,1,1,0,1,50,2,3,2,0,0,1,34.0,78.0,voiture,voiture,1,2,5,1,1
202400006930,2024-02-04 20:38:00,2024,2,4,20,38,59,59580,AUTOROUTE A25,50.82567,2.58525,Nuit sans éclairage public,Hors agglomération,Hors intersection,Normale,Autre collision,1,3,4,0,1,1,1,0,1,130,2,3,2,1,0,0,20.0,33.0,voiture,voiture,3,1,1,1,6
202400006931,2024-06-14 20:20:00,2024,6,14,20,20,93,93032,Allée de Montfermeil,48.89904177,2.54383922,Crépuscule ou aube,En agglomération,Hors intersection,Pluie légère,Autre collision,3,2,2,0,1,1,2,0,1,30,1,2,1,0,0,1,63.0,,voiture,,2,2,1,2,6
202400006932,2024-02-07 16:55:00,2024,2,7,16,55,91,91689,AUTOROUTE A6,48.72477891,2.31259525,Plein jour,Hors agglomération,Hors intersection,Pluie légère,Deux véhicules - côté,1,3,3,0,1,1,2,0,1,110,2,2,0,0,0,2,43.0,48.0,voiture,voiture,1,1,1,2,3
202400006933,2024-06-10 08:20:00,2024,6,10,8,20,93,93046,Avenue du Consul General Nordling / Rue Léon Jouhaux,48.91784155,2.53467679,Plein jour,En agglomération,Intersection en T,Normale,Deux véhicules - arrière,3,3,4,0,1,1,1,0,1,50,2,2,1,0,0,1,52.0,44.0,utilitaire_camion,deux_roues,1,2,3,1,2
202400006933,2024-06-10 08:20:00,2024,6,10,8,20,93,93046,Avenue du Consul General Nordling / Rue Léon Jouhaux,48.91784155,2.53467679,Plein jour,En agglomération,Intersection en T,Normale,Deux véhicules - arrière,3,1,1,0,1,1,1,0,1,-1,2,2,1,0,0,1,52.0,44.0,utilitaire_camion,deux_roues,1,2,3,1,2
202400006934,2024-12-30 06:00:00,2024,12,30,6,0,974,97410,Chemin du Cratere,-21.048262,55.669457,Plein jour,Hors agglomération,Hors intersection,Normale,Deux véhicules - frontale,3,2,2,0,1,2,1,0,1,50,2,2,1,1,0,0,52.0,44.0,voiture,transport_commun,1,1,1,1,1
202400006935,2024-02-07 12:30:00,2024,2,7,12,30,91,91471,RN 118,48.69794,2.19223,Plein jour,Hors agglomération,Hors intersection,Pluie légère,Trois véhicules et plus - collisions multiples,2,3,3,0,2,1,2,0,1,110,3,4,3,0,0,1,23.0,31.0,voiture,voiture,1,1,1,2,5
202400006936,2024-02-07 11:20:00,2024,2,7,11,20,94,94038,A6B,48.77696046,2.34657501,Plein jour,Hors agglomération,Hors intersection,Pluie légère,Deux véhicules - côté,1,1,3,0,1,1,2,0,1,90,2,2,1,0,0,1,64.0,34.0,deux_roues,voiture,1,1,1,2,3
202400006937,2024-12-23 17:15:00,2024,12,23,17,15,19,19255,Route des moédières,45.370441,1.725615,Crépuscule ou aube,Hors agglomération,Intersection en T,Normale,Deux véhicules - côté,3,2,2,0,1,1,1,0,1,70,2,2,1,0,1,0,75.0,31.0,voiture,voiture,2,1,3,1,3
202400006937,2024-12-23 17:15:00,2024,12,23,17,15,19,19255,Route des moédières,45.370441,1.725615,Crépuscule ou aube,Hors agglomération,Intersection en T,Normale,Deux véhicules - côté,3,2, -1,0,1,1,1,0,1,-1,2,2,1,0,1,0,75.0,31.0,voiture,voiture,2,1,3,1,3
202400006938,2024-02-07 11:15:00,2024,2,7,11,15,91,91521,RN 441,48.6343,2.40607,Plein jour,Hors agglomération,Hors intersection,Pluie légère,Sans collision,2,1,1,0,2,2,2,0,1,50,1,2,1,0,0,1,27.0,,voiture,,1,1,1,2,7
202400006939,2024-08-05 11:20:00,2024,8,5,11,20,29,29233,Rue Rene Gasnier de Fresne,47.861197,-3.578984,Plein jour,Hors agglomération,Intersection en T,Normale,Deux véhicules - frontale,4,2,2,0,1,1,1,0,1,30,2,2,0,0,1,1,78.0,33.0,voiture,deux_roues,1,1,3,1,1
202400006939,2024-08-05 11:20:00,2024,8,5,11,20,29,29233,Rue Rene Gasnier de Fresne,47.861197,-3.578984,Plein jour,Hors agglomération,Intersection en T,Normale,Deux véhicules - frontale,4,2,2,0,1,1,1,0,1,70,2,2,0,0,1,1,78.0,33.0,voiture,deux_roues,1,1,3,1,1
202400006940,2024-06-04 07:50:00,2024,6,4,7,50,2A,2A004,T40,41.93023016,8.80923271,Plein jour,Hors agglomération,Hors intersection,Normale,Deux véhicules - côté,2,3,2,0,1,1,1,0,1,90,2,2,1,0,1,0,44.0,16.0,voiture,deux_roues,1,1,1,1,3
202400006941,2024-01-23 22:45:00,2024,1,23,22,45,34,34113,31 Avenue de Béziers,43.497433,3.711941,Nuit avec éclairage allumé,En agglomération,Hors intersection,Normale,Autre collision,3,2,2,0,2,1,1,0,1,50,1,1,0,0,1,0,53.0,,deux_roues,,5,2,1,1,6
202400006942,2024-02-07 13:29:00,2024,2,7,13,29,91,91432,AUTOROUTE A6,48.69254,2.32131,Plein jour,Hors agglomération,Hors intersection,Pluie forte,Trois véhicules et plus - collisions multiples,1,1,3,0,1,1,2,0,1,110,3,3,2,0,0,1,28.0,40.0,voiture,voiture,1,1,1,3,5
202400006943,2024-06-03 11:15:00,2024,6,3,11,15,2A,2A004,SARTENE ANCIENNE ROUTE,41.92822,8.79456,Plein jour,En agglomération,Hors intersection,Normale,Deux véhicules - côté,3,2,2,0,1,1,1,0,1,50,2,2,1,0,0,1,19.0,54.0,deux_roues,voiture,1,2,1,1,3
202400006944,2024-11-26 18:36:00,2024,11,26,18,36,74,74010,BROGNY (AVENUE DE) (SECTEUR 110),45.92562,6.12564,Nuit avec éclairage allumé,En agglomération,Hors intersection,Normale,Autre collision,4,3,2,0,1,1,1,0,8,50,1,2,1,0,0,1,69.0,,voiture,,5,2,1,1,6
202400006945,2024-02-07 08:30:00,2024,2,7,8,30,91,91689,AUTOROUTE A10,48.728574,2.305468,Plein jour,Hors agglomération,Hors intersection,Pluie forte,Trois véhicules et plus - collisions multiples,1,1,3,0,1,1,2,0,1,90,3,3,2,0,0,1,24.0,60.0,deux_roues,utilitaire_camion,1,1,1,3,5
202400006946,2024-06-04 19:30:00,2024,6,4,19,30,95,95277,LAMARTINE (RUE),48.98448,2.43567,Plein jour,En agglomération,Autre intersection,Normale,Deux véhicules - côté,4,2,2,0,1,1,1,0,1,50,2,2,1,0,0,1,23.0,10.0,voiture,autre,1,2,9,1,3
202400006947,2024-11-22 22:30:00,2024,11,22,22,30,57,57022,D14,49.38631302,6.01883422,Nuit sans éclairage public,Hors agglomération,Hors intersection,Autre,Autre collision,3,3,0,0,1,1,7,0,1,110,1,4,3,0,1,0,24.0,,voiture,,3,1,1,9,6
202400006948,2024-12-16 11:05:00,2024,12,16,11,5,30,30189,ALLENDE SALVADOR (RUE),43.8294,4.3786,Plein jour,En agglomération,Hors intersection,Normale,Deux véhicules - frontale,4,2,4,0,1,1,1,0,1,70,2,2,0,0,2,0,70.0,70.0,voiture,voiture,1,2,1,1,1
202400006949,2024-06-04 06:45:00,2024,6,4,6,45,95,95427,POIRIERS (RUE DES),48.96741616,2.3388505,Plein jour,En agglomération,Intersection en T,Normale,Deux véhicules - côté,3,2,2,0,1,1,1,0,1,50,2,3,2,0,0,1,61.0,60.0,voiture,voiture,1,2,3,1,3
202400006949,2024-06-04 06:45:00,2024,6,4,6,45,95,95427,POIRIERS (RUE DES),48.96741616,2.3388505,Plein jour,En agglomération,Intersection en T,Normale,Deux véhicules - côté,3,2,2,0,1,1,1,0,1,50,2,3,2,0,0,1,61.0,60.0,voiture,voiture,1,2,3,1,3
202400006950,2024-02-06 10:15:00,2024,2,6,10,15,78,78043,A12 W,48.836556,2.089423,Crépuscule ou aube,Hors agglomération,Hors intersection,Normale,Trois véhicules et plus - collisions multiples,1,1,4,0,2,3,1,0,1,110,5,8,5,0,0,3,46.0,59.0,voiture,voiture,2,1,1,1,5
202400006951,2024-06-04 18:21:00,2024,6,4,18,21,91,91377,RUE DU LANGUEDOC,48.73569,2.29685,Plein jour,En agglomération,Hors intersection,Normale,Deux véhicules - côté,4,2,1,0,1,1,1,0,4,10,2,3,2,0,0,1,42.0,12.0,utilitaire_camion,deux_roues,1,2,1,1,3
202400006952,2024-12-02 17:25:00,2024,12,2,17,25,30,30189,NOTRE DAME (RUE),43.83,4.36,Nuit avec éclairage allumé,En agglomération,Intersection en T,Normale,Autre collision,4,1,1,0,1,1,1,0,1,50,1,2,1,0,1,0,39.0,,voiture,,5,2,3,1,6
202400006952,2024-12-02 17:25:00,2024,12,2,17,25,30,30189,NOTRE DAME (RUE),43.83,4.36,Nuit avec éclairage allumé,En agglomération,Intersection en T,Normale,Autre collision,4,2,2,0,1,1,1,0,8,50,1,2,1,0,1,0,39.0,,voiture,,5,2,3,1,6
202400006953,2024-02-05 15:15:00,2024,2,5,15,15,93,93053,AUTOROUTE A3,48.89707199,2.46965129,Plein jour,Hors agglomération,Hors intersection,Normale,Autre collision,1,1,5,0,1,1,1,0,1,70,2,2,1,0,0,1,50.0,,deux_roues,utilitaire_camion,1,1,1,1,6
202400006954,2024-06-04 11:10:00,2024,6,4,11,10,91,91161,AV MAZARIN,48.70249,2.32058,Plein jour,En agglomération,Giratoire,Normale,Deux véhicules - côté,3,4,2,0,1,1,1,9,1,50,2,2,1,0,0,1,53.0,80.0,deux_roues,voiture,1,2,6,1,3
202400006954,2024-06-04 11:10:00,2024,6,4,11,10,91,91161,AV MAZARIN,48.70249,2.32058,Plein jour,En agglomération,Giratoire,Normale,Deux véhicules - côté,3,2,2,0,1,1,1,9,1,50,2,2,1,0,0,1,53.0,80.0,deux_roues,voiture,1,2,6,1,3
202400006955,2024-11-19 21:10:00,2024,11,19,21,10,63,63414,,45.73345852,3.5606204,Nuit sans éclairage public,Hors agglomération,Hors intersection,Pluie légère,Deux véhicules - arrière,3,2,3,-1,2,1,2,5,1,90,2,2,1,0,0,1,31.0,,deux_roues,voiture,3,1,1,2,2
202400006956,2024-02-06 11:45:00,2024,2,6,11,45,987,98735,DUMONT D'URVILLE (RUE QTIER VILLIERME),-17.54293032,-149.5681715,Plein jour,En agglomération,Intersection en Y,Normale,Autre collision,4,1,1,0,1,1,1,0,8,30,1,2,1,0,0,1,45.0,,utilitaire_camion,,1,2,4,1,6
202400006956,2024-02-06 11:45:00,2024,2,6,11,45,987,98735,DUMONT D'URVILLE (RUE QTIER VILLIERME),-17.54293032,-149.5681715,Plein jour,En agglomération,Intersection en Y,Normale,Autre collision,4,1,2,0,1,1,1,0,1,30,1,2,1,0,0,1,45.0,,utilitaire_camion,,1,2,4,1,6
202400006957,2024-06-16 14:53:00,2024,6,16,14,53,93,93005,Rue Isidore Nérat,48.93024664,2.49383801,Plein jour,En agglomération,Hors intersection,Normale,Sans collision,4,1,1,0,1,1,1,0,1,-1,1,1,0,1,0,0,50.0,,deux_roues,,1,2,1,1,7
202400006958,2024-06-04 07:45:00,2024,6,4,7,45,91,91377,RUE AMPERE,48.71964,2.26415,Plein jour,En agglomération,Hors intersection,Normale,Deux véhicules - côté,4,2,2,0,1,1,1,0,4,30,2,2,1,0,0,1,24.0,34.0,deux_roues,voiture,1,2,1,1,3
202400006959,2024-02-07 03:40:00,2024,2,7,3,40,974,97411,MONTAGNE (ROUTE DE LA),-20.88829,55.44025,Nuit sans éclairage public,Hors agglomération,Hors intersection,Normale,Autre collision,3,2,2,0,2,2,1,0,1,50,1,1,0,0,0,1,38.0,,voiture,,3,1,1,1,6
202400006960,2024-06-04 13:00:00,2024,6,4,13,0,85,85191,RD160,46.68117,-1.39233,Plein jour,En agglomération,Autre intersection,Normale,Deux véhicules - frontale,3,-1,2,0,1,1,1,0,1,80,2,3,0,0,2,1,29.0,72.0,voiture,voiture,1,2,9,1,1
202400006961,2024-02-05 10:30:00,2024,2,5,10,30,974,97411,DODU 1 (RUE JULIETTE),-20.87599,55.4506,Plein jour,En agglomération,Autre intersection,Normale,Deux véhicules - côté,4,1,1,0,1,1,1,0,1,50,2,2,1,0,1,0,44.0,46.0,voiture,utilitaire_camion,1,2,9,1,3
202400006961,2024-02-05 10:30:00,2024,2,5,10,30,974,97411,DODU 1 (RUE JULIETTE),-20.87599,55.4506,Plein jour,En agglomération,Autre intersection,Normale,Deux véhicules - côté,4,1,2,0,1,1,1,0,1,50,2,2,1,0,1,0,44.0,46.0,voiture,utilitaire_camion,1,2,9,1,3
202400006962,2024-06-03 18:25:00,2024,6,3,18,25,84,84007,C.De GAULLE (Rocade),43.94383,4.796,Plein jour,En agglomération,Autre intersection,Normale,Trois véhicules et plus - collisions multiples,4,2,3,0,1,1,1,2,1,50,3,3,2,0,0,1,20.0,31.0,utilitaire_camion,voiture,1,2,9,1,5
202400006963,2024-10-20 14:33:00,2024,10,20,14,33,84,84143,D4,43.998017,5.147696,Plein jour,Hors agglomération,Hors intersection,Normale,Deux véhicules - frontale,3,2,2,0,2,1,1,0,1,80,2,4,0,0,2,2,18.0,61.0,voiture,voiture,1,1,1,1,1
202400006964,2024-02-05 07:00:00,2024,2,5,7,0,974,97411,MALRAUX (AVENUE ANDRE),-20.88805,55.46476,Plein jour,En agglomération,Autre intersection,Normale,Autre collision,4,2,2,0,1,1,1,0,1,50,1,3,2,0,0,1,21.0,,deux_roues,,1,2,9,1,6
202400006965,2024-06-03 07:15:00,2024,6,3,7,15,83,83137,BRIAND (AVE ARISTIDE DE 1 A 1219,43.12477,5.89647,Plein jour,En agglomération,Hors intersection,Normale,Deux véhicules - côté,3,2,3,0,1,1,1,0,1,50,2,2,1,0,0,1,43.0,55.0,transport_commun,deux_roues,1,2,1,1,3
202400006966,2024-10-08 15:17:00,2024,10,8,15,17,14,14047,30 Route de Vaux sur Aure,49.287081,-0.70386,Plein jour,En agglomération,Hors intersection,Normale,Deux véhicules - côté,3,2,2,3,1,1,1,0,1,50,2,2,1,0,0,1,64.0,43.0,voiture,deux_roues,1,2,1,1,3
202400006967,2024-02-06 19:20:00,2024,2,6,19,20,69,69386,Place René Deroudille,45.76606,4.85594,Nuit avec éclairage allumé,En agglomération,Giratoire,Normale,Deux véhicules - côté,4,1,1,2,1,1,1,0,1,30,2,2,1,0,0,1,32.0,68.0,deux_roues,voiture,5,2,6,1,3
202400006967,2024-02-06 19:20:00,2024,2,6,19,20,69,69386,Place René Deroudille,45.76606,4.85594,Nuit avec éclairage allumé,En agglomération,Giratoire,Normale,Deux véhicules - côté,4,1,1,2,1,1,1,0,1,30,2,2,1,0,0,1,32.0,68.0,deux_roues,voiture,5,2,6,1,3
202400006968,2024-10-29 16:30:00,2024,10,29,16,30,73,73011,D990 - DE GAULLE (AV.),45.67131,6.3804,Crépuscule ou aube,En agglomération,Intersection en X,Temps éblouissant,Autre collision,3,2,2,0,1,3,1,0,1,30,1,2,1,0,1,0,85.0,,voiture,,2,2,2,7,6
202400006968,2024-10-29 16:30:00,2024,10,29,16,30,73,73011,D990 - DE GAULLE (AV.),45.67131,6.3804,Crépuscule ou aube,En agglomération,Intersection en X,Temps éblouissant,Autre collision,3,2,2,0,1,1,1,5,1,30,1,2,1,0,1,0,85.0,,voiture,,2,2,2,7,6
202400006969,2024-06-04 19:38:00,2024,6,4,19,38,82,82033,Avenue du Maréchal Leclerc,44.05245,1.10102,Plein jour,En agglomération,Intersection en T,Normale,Deux véhicules - côté,3,2,2,0,1,1,1,0,1,50,2,2,1,0,0,1,20.0,31.0,deux_roues,voiture,1,2,3,1,3
202400006969,2024-06-04 19:38:00,2024,6,4,19,38,82,82033,Avenue du Maréchal Leclerc,44.05245,1.10102,Plein jour,En agglomération,Intersection en T,Normale,Deux véhicules - côté,3,2,2,0,1,1,1,0,1,50,2,2,1,0,0,1,20.0,31.0,deux_roues,voiture,1,2,3,1,3
202400006970,2024-10-11 19:15:00,2024,10,11,19,15,42,42187,Avenue de Paris,46.04574,4.07022,Nuit avec éclairage allumé,En agglomération,Intersection en X,Normale,Deux véhicules - côté,3,2,3,0,1,1,1,0,1,50,2,2,1,0,1,0,54.0,23.0,voiture,deux_roues,5,2,2,1,3
202400006970,2024-10-11 19:15:00,2024,10,11,19,15,42,42187,Avenue de Paris,46.04574,4.07022,Nuit avec éclairage allumé,En agglomération,Intersection en X,Normale,Deux véhicules - côté,3,2,2,0,1,1,1,0,1,50,2,2,1,0,1,0,54.0,23.0,voiture,deux_roues,5,2,2,1,3
202400006971,2024-06-04 03:40:00,2024,6,4,3,40,77,77384,D.57,48.61437,2.61632,Nuit avec éclairage allumé,Hors agglomération,Hors intersection,Normale,Autre collision,3,2,2,0,1,1,1,0,1,80,3,3,2,0,1,0,41.0,68.0,voiture,voiture,5,1,1,1,6
202400006972,2024-02-06 09:00:00,2024,2,6,9,0,69,69383,Rue du Dauphiné,45.75257439,4.86792907,Plein jour,En agglomération,Autre intersection,Normale,Autre collision,4,2,2,0,1,1,1,0,1,50,1,2,1,0,0,1,,,voiture,,1,2,9,1,6
202400006973,2024-06-03 16:20:00,2024,6,3,16,20,77,77122,RUE LOUISE MICHEL,48.66303,2.55762,Plein jour,En agglomération,Hors intersection,Normale,Autre collision,4,2,2,0,1,1,1,0,8,50,1,1,0,0,0,1,33.0,,voiture,,1,2,1,1,6
202400006974,2024-11-14 16:00:00,2024,11,14,16,0,30,30189,baillet claude,43.81049,4.36085,Plein jour,Hors agglomération,Hors intersection,Normale,Autre collision,4,1,2,0,1,3,1,5,1,50,1,2,1,0,1,0,77.0,,voiture,,1,1,1,1,6
202400006975,2024-11-13 16:50:00,2024,11,13,16,50,30,30189,GAMBETTA (BD),43.8398,4.3558,Plein jour,En agglomération,Hors intersection,Normale,Autre collision,4,2,4,3,1,1,1,0,1,50,1,2,1,0,1,0,52.0,,transport_commun,,1,2,1,1,6
202400006976,2024-06-04 08:00:00,2024,6,4,8,0,77,77449,CRS DU DANUBE,48.8567,2.77947,Plein jour,En agglomération,Hors intersection,Normale,Deux véhicules - côté,4,2,2,0,1,1,1,0,1,50,2,2,1,0,0,1,51.0,17.0,voiture,deux_roues,1,2,1,1,3
202400006977,2024-06-04 20:00:00,2024,6,4,20,0,76,76319,Boulevard du Rouvray,49.35514,0.9944,Plein jour,En agglomération,Hors intersection,Normale,Autre collision,4,2,2,0,1,1,1,0,1,50,1,1,0,0,1,0,20.0,,deux_roues,,1,2,1,1,6
202400006978,2024-11-17 04:25:00,2024,11,17,4,25,972,97213,AUTOROUTE A1,14.61465,-61.01286,Nuit avec éclairage allumé,Hors agglomération,Intersection en Y,Normale,Deux véhicules - arrière,1,1,4,3,1,3,1,3,1,90,2,2,1,0,0,1,28.0,41.0,utilitaire_camion,deux_roues,5,1,4,1,2
202400006978,2024-11-17 04:25:00,2024,11,17,4,25,972,97213,AUTOROUTE A1,14.61465,-61.01286,Nuit avec éclairage allumé,Hors agglomération,Intersection en Y,Normale,Deux véhicules - arrière,1,1,4,3,2,3,1,3,1,50,2,2,1,0,0,1,28.0,41.0,utilitaire_camion,deux_roues,5,1,4,1,2
202400006979,2024-06-04 12:35:00,2024,6,4,12,35,76,76540,Rue Alsace Lorraine,49.4385,1.09997,Plein jour,En agglomération,Intersection en X,Normale,Deux véhicules - côté,4,1,1,3,1,1,1,-1,1,30,2,2,1,0,0,1,53.0,44.0,utilitaire_camion,deux_roues,1,2,2,1,3
202400006979,2024-06-04 12:35:00,2024,6,4,12,35,76,76540,Rue Alsace Lorraine,49.4385,1.09997,Plein jour,En agglomération,Intersection en X,Normale,Deux véhicules - côté,4,1,1,0,1,1,1,-1,1,30,2,2,1,0,0,1,53.0,44.0,utilitaire_camion,deux_roues,1,2,2,1,3
202400006980,2024-12-20 15:20:00,2024,12,20,15,20,972,97213,ROUTE DEPARTEMENTALE 3,14.62625,-61.03,Plein jour,Hors agglomération,Hors intersection,Pluie forte,Deux véhicules - côté,3,2,2,0,2,4,2,0,1,50,2,2,1,0,0,1,34.0,31.0,voiture,voiture,1,1,1,3,3
202400006981,2024-02-05 19:40:00,2024,2,5,19,40,972,97213,ROUTE NATIONALE 5,14.59617,-60.99451,Nuit sans éclairage public,Hors agglomération,Hors intersection,Normale,Trois véhicules et plus - collisions multiples,2,2,4,0,1,1,1,0,1,70,3,5,3,0,0,2,24.0,21.0,voiture,voiture,3,1,1,1,5
202400006982,2024-02-04 20:20:00,2024,2,4,20,20,972,97213,ROUTE NATIONALE 1,14.64017,-60.9769,Nuit sans éclairage public,En agglomération,Hors intersection,Normale,Autre collision,2,2,5,0,1,1,1,0,1,90,1,1,0,1,0,0,36.0,,deux_roues,,3,2,1,1,6
202400006983,2024-06-04 00:05:00,2024,6,4,0,5,76,76351,RD 6382,49.52413,0.16989,Nuit sans éclairage public,Hors agglomération,Hors intersection,Normale,Autre collision,3,3,2,0,2,3,1,0,1,70,3,4,2,0,0,2,56.0,65.0,voiture,voiture,3,1,1,1,6
202400006984,2024-11-19 17:55:00,2024,11,19,17,55,75,75107,ROND POINT DU BLEUET DE FRANCE,48.85844606,2.31335002,Nuit avec éclairage allumé,En agglomération,Place,Pluie légère,Sans collision,4,2,4,1,1,1,2,0,1,30,2,2,1,0,1,0,49.0,58.0,deux_roues,utilitaire_camion,5,2,7,2,7
202400006984,2024-11-19 17:55:00,2024,11,19,17,55,75,75107,ROND POINT DU BLEUET DE FRANCE,48.85844606,2.31335002,Nuit avec éclairage allumé,En agglomération,Place,Pluie légère,Sans collision,4,2,2,0,1,3,2,0,1,30,2,2,1,0,1,0,49.0,58.0,deux_roues,utilitaire_camion,5,2,7,2,7
202400006985,2024-06-04 04:50:00,2024,6,4,4,50,72,72181,MUTUEL (BD),48.00559,0.21775,Crépuscule ou aube,En agglomération,Giratoire,Normale,Deux véhicules - côté,4,1,2,0,1,2,1,5,1,50,2,2,0,0,0,2,36.0,35.0,voiture,voiture,2,2,6,1,3
202400006985,2024-06-04 04:50:00,2024,6,4,4,50,72,72181,MUTUEL (BD),48.00559,0.21775,Crépuscule ou aube,En agglomération,Giratoire,Normale,Deux véhicules - côté,4,1,2,0,1,2,1,5,1,50,2,2,0,0,0,2,36.0,35.0,voiture,voiture,2,2,6,1,3
202400006986,2024-02-04 01:15:00,2024,2,4,1,15,972,97209,BISHOP (Avenue Maurice),14.60555965,-61.05954708,Nuit avec éclairage allumé,En agglomération,Hors intersection,Normale,Deux véhicules - frontale,2,2,2,3,1,1,1,9,1,50,2,4,0,2,2,0,22.0,29.0,deux_roues,deux_roues,5,2,1,1,1
202400006987,2024-08-22 11:15:00,2024,8,22,11,15,01,01447,Route de Simandre,46.200367,5.398605,Plein jour,Hors agglomération,Intersection en T,Normale,Deux véhicules - côté,3,2,2,0,1,1,1,2,1,80,2,2,1,0,0,1,23.0,58.0,voiture,utilitaire_camion,1,1,3,1,3
202400006987,2024-08-22 11:15:00,2024,8,22,11,15,01,01447,Route de Simandre,46.200367,5.398605,Plein jour,Hors agglomération,Intersection en T,Normale,Deux véhicules - côté,3,-1,2,0,2,1,1,0,1,-1,2,2,1,0,0,1,23.0,58.0,voiture,utilitaire_camion,1,1,3,1,3
202400006988,2024-06-03 15:00:00,2024,6,3,15,0,72,72181,RUBILLARD AV N° PAIRS 118 ET >,48.01374,0.16971,Plein jour,En agglomération,Hors intersection,Normale,Deux véhicules - arrière,4,2,1,0,1,1,1,0,1,50,2,2,1,0,0,1,42.0,68.0,utilitaire_camion,voiture,1,2,1,1,2
202400006989,2024-02-06 18:15:00,2024,2,6,18,15,69,69381,Quai Saint Vincent,45.7683,4.82666,Nuit avec éclairage allumé,En agglomération,Hors intersection,Temps couvert,Deux véhicules - arrière,4,1,1,3,1,1,1,0,1,30,2,2,1,0,0,1,34.0,,deux_roues,voiture,5,2,1,8,2
202400006990,2024-06-03 07:40:00,2024,6,3,7,40,69,69029,Avenue Pierre Brossolette,45.7467,4.91789,Plein jour,En agglomération,Hors intersection,Normale,Autre collision,4,2,2,1,1,1,1,0,1,50,1,2,1,0,0,1,42.0,,utilitaire_camion,,1,2,1,1,6
202400006991,2024-12-25 12:45:00,2024,12,25,12,45,50,50419,RUE DU MONT ST MICHEL,48.954509,-1.478283,Plein jour,Hors agglomération,Intersection en X,Pluie légère,Trois véhicules et plus - en chaîne,3,2,2,0,1,1,2,0,1,80,3,3,2,0,0,1,34.0,67.0,voiture,voiture,1,1,2,2,4
202400006991,2024-12-25 12:45:00,2024,12,25,12,45,50,50419,RUE DU MONT ST MICHEL,48.954509,-1.478283,Plein jour,Hors agglomération,Intersection en X,Pluie légère,Trois véhicules et plus - en chaîne,3,2,2,0,1,1,2,0,8,80,3,3,2,0,0,1,34.0,67.0,voiture,voiture,1,1,2,2,4
202400006992,2024-06-03 19:52:00,2024,6,3,19,52,67,67482,PARIS (PONT DE),48.585,7.742,Plein jour,En agglomération,Hors intersection,Temps couvert,Deux véhicules - arrière,4,1,1,3,1,1,1,2,1,50,2,2,1,0,0,1,20.0,41.0,deux_roues,voiture,1,2,1,8,2
202400006993,2024-06-03 16:35:00,2024,6,3,16,35,67,67482,SCHULMEISTER (RUE),48.548,7.753,Plein jour,En agglomération,Hors intersection,Temps couvert,Autre collision,4,2,4,1,1,1,1,0,1,30,1,2,1,0,0,1,29.0,,voiture,,1,2,1,8,6
202400006994,2024-07-24 08:15:00,2024,7,24,8,15,971,97125,RN5,16.270112,-61.279442,Plein jour,Hors agglomération,Intersection en X,Normale,Deux véhicules - côté,2,2,2,0,1,1,1,0,1,80,2,2,1,0,1,0,49.0,58.0,deux_roues,voiture,1,1,2,1,3
202400006994,2024-07-24 08:15:00,2024,7,24,8,15,971,97125,RN5,16.270112,-61.279442,Plein jour,Hors agglomération,Intersection en X,Normale,Deux véhicules - côté,2,2,2,-1,1,1,1,9,1,-1,2,2,1,0,1,0,49.0,58.0,deux_roues,voiture,1,1,2,1,3