accident_id,datetime,annee,mois,jour,heure,minute,departement,commune_insee,adresse,latitude,longitude,luminosite,agglomeration,intersection,meteo,collision,catr,circ,nbv,vosp,prof,plan,surf,infra,situ,vma,nb_vehicules,nb_usagers,nb_indemnes,nb_tues,nb_blesses_hosp,nb_blesses_legers,age_cond_1,age_cond_2,veh_type_cond_1,veh_type_cond_2,lum_code,agg_code,int_code,atm_code,col_code
202400007126,2024-10-06 21:15:00,2024,10,6,21,15,57,57465,Route départementale 918,49.317178,6.293557,Nuit sans éclairage public,Hors agglomération,Intersection en X,Pluie légère,Deux véhicules - frontale,3,2,2,0,1,1,2,0,1,80,2,4,1,0,1,2,46.0,74.0,voiture,voiture,3,1,2,2,1
202400007127,2024-06-04 16:30:00,2024,6,4,16,30,24,24087,D703,44.856713,1.069515,Plein jour,Hors agglomération,Hors intersection,Normale,Trois véhicules et plus - collisions multiples,3,2,2,0,1,1,1,0,1,90,3,7,5,0,2,0,56.0,76.0,voiture,voiture,1,1,1,1,5
202400007128,2024-10-10 19:30:00,2024,10,10,19,30,57,57426,D8,49.292417,6.278096,Crépuscule ou aube,Hors agglomération,Intersection en X,Temps couvert,Deux véhicules - côté,3,2,2,0,1,1,2,0,1,50,2,2,1,0,1,0,41.0,25.0,voiture,deux_roues,2,1,2,8,3
202400007128,2024-10-10 19:30:00,2024,10,10,19,30,57,57426,D8,49.292417,6.278096,Crépuscule ou aube,Hors agglomération,Intersection en X,Temps couvert,Deux véhicules - côté,3,2,2,0,1,1,2,0,1,80,2,2,1,0,1,0,41.0,25.0,voiture,deux_roues,2,1,2,8,3
202400007129,2024-06-05 12:15:00,2024,6,5,12,15,04,04204,D4085,43.915331,6.408956,Plein jour,Hors agglomération,Autre intersection,Normale,Autre collision,3,2,2,0,1,2,1,0,3,70,1,1,0,0,1,0,60.0,,deux_roues,,1,1,9,1,6
202400007130,2024-06-05 11:55:00,2024,6,5,11,55,37,37111,D764,47.198519,1.101079,Plein jour,Hors agglomération,Hors intersection,Normale,Sans collision,3,2,2,0,1,1,1,0,1,80,1,1,0,1,0,0,88.0,,voiture,,1,1,1,1,7
202400007131,2024-06-01 17:00:00,2024,6,1,17,0,37,37132,D760,47.128509,0.995427,Plein jour,En agglomération,Hors intersection,Normale,Deux véhicules - frontale,4,2,2,0,1,1,1,0,1,30,2,2,1,0,1,0,64.0,19.0,deux_roues,deux_roues,1,2,1,1,1
202400007132,2024-10-21 08:55:00,2024,10,21,8,55,59,59159,D300,50.968171,2.228937,Plein jour,Hors agglomération,Intersection en X,Pluie légère,Deux véhicules - arrière,3,2,2,0,1,1,2,5,1,80,4,6,4,0,1,1,37.0,65.0,utilitaire_camion,voiture,1,1,2,2,2
202400007132,2024-10-21 08:55:00,2024,10,21,8,55,59,59159,D300,50.968171,2.228937,Plein jour,Hors agglomération,Intersection en X,Pluie légère,Deux véhicules - arrière,3,2,2,0,2,3,2,5,1,70,4,6,4,0,1,1,37.0,65.0,utilitaire_camion,voiture,1,1,2,2,2
202400007133,2024-05-23 23:35:00,2024,5,23,23,35,37,37099,RD 751,47.305513,0.564208,Nuit sans éclairage public,Hors agglomération,Hors intersection,Normale,Autre collision,7,1,2,0,1,2,1,0,3,90,1,2,0,0,2,0,20.0,,voiture,,3,1,1,1,6
202400007134,2024-10-20 00:48:00,2024,10,20,0,48,82,82072,Avenue du Midi,44.113022,0.855649,Nuit avec éclairage allumé,En agglomération,Giratoire,Normale,Autre collision,3,2,1,0,2,1,1,5,1,50,1,4,3,0,0,1,18.0,,voiture,,5,2,6,1,6
202400007135,2024-06-03 19:02:00,2024,6,3,19,2,08,08089,,49.426615,4.954792,Plein jour,En agglomération,Hors intersection,Normale,Autre collision,4,2,2,0,1,1,1,0,1,50,2,2,1,0,0,1,42.0,76.0,voiture,deux_roues,1,2,1,1,6
202400007136,2024-06-04 20:10:00,2024,6,4,20,10,973,97309,Route de Rémire,4.913203,-52.273137,Nuit avec éclairage allumé,En agglomération,Hors intersection,Normale,Autre collision,3,2,2,0,1,1,1,9,1,-1,1,3,1,0,0,2,36.0,,utilitaire_camion,,5,2,1,1,6
202400007137,2024-10-20 14:50:00,2024,10,20,14,50,11,11436,,43.043614,2.839097,Plein jour,Hors agglomération,Hors intersection,Normale,Autre collision,3,2,2,0,1,2,1,0,3,80,1,1,0,0,1,0,31.0,,deux_roues,,1,1,1,1,6
202400007138,2024-05-31 17:40:00,2024,5,31,17,40,06,06018,231 Chemin de la Romaine,43.616209,7.110611,Plein jour,Hors agglomération,Hors intersection,Normale,Deux véhicules - côté,3,2,2,0,1,1,1,0,1,50,2,2,1,0,0,1,25.0,52.0,deux_roues,voiture,1,1,1,1,3
202400007139,2024-10-20 12:15:00,2024,10,20,12,15,11,11436,route departementale 611A PK 2+300,43.041975,2.857577,Plein jour,Hors agglomération,Hors intersection,Normale,Autre collision,3,2,2,0,2,2,1,0,3,80,1,1,0,0,1,0,48.0,,deux_roues,,1,1,1,1,6
202400007140,2024-05-25 06:30:00,2024,5,25,6,30,95,95371,D9,49.0718,2.504615,Plein jour,Hors agglomération,Hors intersection,Normale,Sans collision,3,2,2,0,1,2,1,0,1,80,1,1,0,0,0,1,40.0,,deux_roues,,1,1,1,1,7
202400007141,2024-10-20 12:40:00,2024,10,20,12,40,61,61394,D7,48.282175,0.605433,Plein jour,En agglomération,Hors intersection,Temps couvert,Sans collision,3,2,2,0,1,1,1,0,1,30,1,1,0,0,1,0,18.0,,deux_roues,,1,2,1,8,7
202400007142,2024-10-21 16:40:00,2024,10,21,16,40,55,55457,2 Rue de Lorraine,49.08526209,5.72163972,Plein jour,En agglomération,Hors intersection,Temps éblouissant,Autre collision,3,2,2,0,1,2,1,0,1,50,1,3,1,0,2,0,28.0,,utilitaire_camion,,1,2,1,7,6
202400007143,2024-06-03 16:20:00,2024,6,3,16,20,27,27022,"D316, Avenue de l'Europe",49.175114,1.351292,Plein jour,En agglomération,Hors intersection,Normale,Autre collision,3,2,2,0,1,1,1,0,1,50,4,4,3,0,1,0,52.0,54.0,utilitaire_camion,voiture,1,2,1,1,6
202400007144,2024-10-21 13:15:00,2024,10,21,13,15,55,55001,Chemin du Granit,48.52136451,5.49615473,Plein jour,En agglomération,Hors intersection,Normale,Sans collision,4,2,2,0,1,2,1,0,8,30,1,1,0,1,0,0,72.0,,voiture,,1,2,1,1,7
202400007145,2024-06-04 12:00:00,2024,6,4,12,0,77,77065,Autoroute A6 point kilométrique 46+200 direction PARIS,48.459967,2.518144,Plein jour,Hors agglomération,Hors intersection,Normale,Autre collision,1,1,3,0,1,3,1,0,2,130,1,2,1,0,1,0,69.0,,voiture,,1,1,1,1,6
202400007146,2024-06-04 17:50:00,2024,6,4,17,50,11,11202,,42.912906,3.020961,Plein jour,Hors agglomération,Hors intersection,Normale,Deux véhicules - frontale,3,2,2,0,2,1,1,2,1,-1,2,2,0,0,2,0,46.0,65.0,voiture,utilitaire_camion,1,1,1,1,1
202400007147,2024-10-21 15:50:00,2024,10,21,15,50,47,47004,1537 route du sud,44.288001,0.355768,Plein jour,Hors agglomération,Hors intersection,Temps éblouissant,Deux véhicules - côté,4,2,2,0,1,4,1,0,1,70,2,2,1,0,1,0,22.0,62.0,voiture,deux_roues,1,1,1,7,3
202400007148,2024-06-04 07:45:00,2024,6,4,7,45,78,78128,D906,48.676494,1.987166,Plein jour,Hors agglomération,Intersection en T,Normale,Deux véhicules - côté,3,2,2,1,1,1,1,0,1,70,2,2,1,0,1,0,65.0,24.0,voiture,deux_roues,1,1,3,1,3
202400007148,2024-06-04 07:45:00,2024,6,4,7,45,78,78128,D906,48.676494,1.987166,Plein jour,Hors agglomération,Intersection en T,Normale,Deux véhicules - côté,3,2,2,0,1,1,1,5,1,80,2,2,1,0,1,0,65.0,24.0,voiture,deux_roues,1,1,3,1,3
202400007149,2024-10-21 16:50:00,2024,10,21,16,50,86,86032,D749,46.684155,0.573588,Plein jour,Hors agglomération,Hors intersection,Temps éblouissant,Deux véhicules - frontale,3,2,2,0,1,1,1,0,1,80,2,3,2,1,0,0,88.0,57.0,voiture,utilitaire_camion,1,1,1,7,1
202400007150,2024-06-03 21:04:00,2024,6,3,21,4,67,67033,D421,48.747665,7.677394,Crépuscule ou aube,Hors agglomération,Hors intersection,Normale,Sans collision,3,2,0,0,1,1,1,0,8,50,1,1,0,0,1,0,38.0,,deux_roues,,2,1,1,1,7
202400007151,2024-10-20 18:35:00,2024,10,20,18,35,86,86076,Rue d'Italie,46.659113,0.28006,Crépuscule ou aube,En agglomération,Hors intersection,Normale,Sans collision,4,2,2,0,1,1,1,0,3,50,1,1,0,0,1,0,19.0,,deux_roues,,2,2,1,1,7
202400007152,2024-06-04 18:40:00,2024,6,4,18,40,74,74102,D216,45.903456,6.211326,Plein jour,Hors agglomération,Intersection en Y,Normale,Deux véhicules - frontale,3,2,2,0,2,3,1,0,1,80,2,2,1,0,1,0,23.0,17.0,voiture,deux_roues,1,1,4,1,1
202400007152,2024-06-04 18:40:00,2024,6,4,18,40,74,74102,D216,45.903456,6.211326,Plein jour,Hors agglomération,Intersection en Y,Normale,Deux véhicules - frontale,3,2, -1,-1,2,2,1,0,1,-1,2,2,1,0,1,0,23.0,17.0,voiture,deux_roues,1,1,4,1,1
202400007153,2024-06-04 19:40:00,2024,6,4,19,40,26,26170,Rue du Stade,44.896831,4.956988,Plein jour,En agglomération,Intersection en T,Normale,Autre collision,4,2,2,0,1,1,1,0,4,50,1,1,0,0,1,0,20.0,,deux_roues,,1,2,3,1,6
202400007153,2024-06-04 19:40:00,2024,6,4,19,40,26,26170,Rue du Stade,44.896831,4.956988,Plein jour,En agglomération,Intersection en T,Normale,Autre collision,4,2,2,0,1,1,1,0,8,50,1,1,0,0,1,0,20.0,,deux_roues,,1,2,3,1,6
202400007154,2024-10-21 17:35:00,2024,10,21,17,35,25,25438,Route de Routelle,47.146413,5.856134,Plein jour,En agglomération,Hors intersection,Normale,Deux véhicules - arrière,3,2,2,0,1,1,1,0,1,30,2,3,1,0,0,2,18.0,46.0,deux_roues,voiture,1,2,1,1,2
202400007155,2024-06-04 18:56:00,2024,6,4,18,56,26,26064,D68,44.910466,5.055535,Plein jour,Hors agglomération,Intersection en X,Normale,Deux véhicules - côté,3,2,2,0,1,1,1,5,1,80,2,2,1,1,0,0,67.0,52.0,deux_roues,voiture,1,1,2,1,3
202400007155,2024-06-04 18:56:00,2024,6,4,18,56,26,26064,D68,44.910466,5.055535,Plein jour,Hors agglomération,Intersection en X,Normale,Deux véhicules - côté,3,2,2,0,1,1,1,5,1,80,2,2,1,1,0,0,67.0,52.0,deux_roues,voiture,1,1,2,1,3
202400007156,2024-10-17 11:41:00,2024,10,17,11,41,29,29300,N165,47.88123383,-3.6745833,Plein jour,Hors agglomération,Hors intersection,Normale,Autre collision,2,2,2,0,1,1,1,0,2,110,1,1,0,0,1,0,57.0,,utilitaire_camion,,1,1,1,1,6
202400007157,2024-06-04 07:15:00,2024,6,4,7,15,40,40277,Route de Peyrehorade,43.66496468,-1.03909658,Plein jour,Hors agglomération,Hors intersection,Normale,Autre collision,3,3,2,0,1,1,1,0,3,70,1,1,0,0,1,0,22.0,,voiture,,1,1,1,1,6
202400007158,2024-10-17 10:42:00,2024,10,17,10,42,29,29150,16 Rue Louis le Guennec,47.80465124,-3.68343153,Plein jour,En agglomération,Hors intersection,Normale,Deux véhicules - arrière,3,3,2,0,1,1,1,6,1,50,2,2,1,0,1,0,61.0,69.0,voiture,voiture,1,2,1,1,2
202400007159,2024-06-05 15:25:00,2024,6,5,15,25,14,14322,D572,49.254235,-0.72366,Plein jour,Hors agglomération,Giratoire,Normale,Deux véhicules - côté,2,3,2,0,1,1,1,3,1,110,2,2,1,0,0,1,42.0,49.0,deux_roues,deux_roues,1,1,6,1,3
202400007159,2024-06-05 15:25:00,2024,6,5,15,25,14,14322,D572,49.254235,-0.72366,Plein jour,Hors agglomération,Giratoire,Normale,Deux véhicules - côté,2,2,2,0,1,2,1,0,1,90,2,2,1,0,0,1,42.0,49.0,deux_roues,deux_roues,1,1,6,1,3
202400007160,2024-10-21 17:30:00,2024,10,21,17,30,29,29220,Chemin du Séquer Névéz,47.857766,-4.243078,Plein jour,En agglomération,Hors intersection,Normale,Deux véhicules - frontale,4,2,2,0,1,1,2,0,1,50,2,2,1,0,0,1,69.0,16.0,voiture,voiture,1,2,1,1,1
202400007161,2024-06-05 07:40:00,2024,6,5,7,40,22,22162,D786,48.767413,-3.039656,Plein jour,En agglomération,Giratoire,Normale,Deux véhicules - côté,3,1,2,0,1,2,1,0,1,50,2,2,1,0,0,1,54.0,54.0,utilitaire_camion,deux_roues,1,2,6,1,3
202400007161,2024-06-05 07:40:00,2024,6,5,7,40,22,22162,D786,48.767413,-3.039656,Plein jour,En agglomération,Giratoire,Normale,Deux véhicules - côté,3,2,2,0,1,1,1,0,8,50,2,2,1,0,0,1,54.0,54.0,utilitaire_camion,deux_roues,1,2,6,1,3
202400007162,2024-06-04 17:45:00,2024,6,4,17,45,13,13212,A507 sens Marseille - Aubagne,43.29317,5.4249,Plein jour,Hors agglomération,Hors intersection,Normale,Deux véhicules - arrière,1,3,4,0,1,1,1,0,1,70,2,2,0,0,0,2,41.0,42.0,deux_roues,deux_roues,1,1,1,1,2
202400007163,2024-10-21 08:15:00,2024,10,21,8,15,29,29167,Kermatheanou Bras,47.96861129,-4.28582668,Nuit sans éclairage public,Hors agglomération,Hors intersection,Pluie forte,Trois véhicules et plus - collisions multiples,3,2,2,0,1,1,2,0,1,80,3,3,2,0,0,1,33.0,55.0,voiture,voiture,3,1,1,3,5
202400007164,2024-06-03 17:46:00,2024,6,3,17,46,13,13202,Tunnel Joliette Marseille vers Aubagne,43.2977,5.36331,Plein jour,Hors agglomération,Hors intersection,Normale,Deux véhicules - côté,1,-1,2,0,1,1,1,1,1,50,2,2,1,0,0,1,51.0,33.0,voiture,deux_roues,1,1,1,1,3
202400007165,2024-10-16 19:10:00,2024,10,16,19,10,31,31033,Chemin de la Pachelle,43.3391,1.483288,Nuit sans éclairage public,En agglomération,Hors intersection,Normale,Sans collision,4,2,2,0,1,1,1,0,1,30,1,1,0,0,1,0,18.0,,deux_roues,,3,2,1,1,7
202400007166,2024-08-27 18:12:00,2024,8,27,18,12,31,31561,Rue du Lac d'Artouste,43.65366517,1.4895004,Plein jour,En agglomération,Hors intersection,Temps éblouissant,Deux véhicules - côté,4,2,2,0,2,3,1,0,1,50,2,2,1,0,1,0,38.0,22.0,voiture,deux_roues,1,2,1,7,3
202400007167,2024-06-03 09:05:00,2024,6,3,9,5,13,13071,A55 - Sens Marseille vers Martigues,43.38665562,5.30755579,Plein jour,Hors agglomération,Hors intersection,Normale,Trois véhicules et plus - collisions multiples,1,1,3,0,2,1,1,0,1,90,4,4,1,0,0,3,39.0,40.0,voiture,voiture,1,1,1,1,5
202400007168,2024-10-20 12:00:00,2024,10,20,12,0,03,03025,9 Rue Charles Louis Philippe,46.442206,3.361789,Plein jour,En agglomération,Intersection en T,Normale,Deux véhicules - côté,2,2,2,0,1,1,1,0,1,50,2,3,2,0,1,0,57.0,72.0,voiture,deux_roues,1,2,3,1,3
202400007168,2024-10-20 12:00:00,2024,10,20,12,0,03,03025,9 Rue Charles Louis Philippe,46.442206,3.361789,Plein jour,En agglomération,Intersection en T,Normale,Deux véhicules - côté,2,1,1,0,1,1,1,0,8,50,2,3,2,0,1,0,57.0,72.0,voiture,deux_roues,1,2,3,1,3
202400007169,2024-06-04 20:10:00,2024,6,4,20,10,83,83090,A50,43.12671297,5.82361989,Plein jour,Hors agglomération,Hors intersection,Normale,Autre collision,1,3,6,0,1,3,1,0,1,110,1,2,0,0,0,2,27.0,,voiture,,1,1,1,1,6
202400007170,2024-10-20 20:00:00,2024,10,20,20,0,58,58136,D958,47.077706,3.479249,Nuit sans éclairage public,Hors agglomération,Hors intersection,Normale,Deux véhicules - arrière,3,2,2,0,1,1,1,0,1,90,2,2,1,0,1,0,29.0,65.0,utilitaire_camion,voiture,3,1,1,1,2
202400007171,2024-06-04 03:55:00,2024,6,4,3,55,57,57039,RN 431,49.03750221,6.12084389,Nuit sans éclairage public,Hors agglomération,Giratoire,Normale,Sans collision,2,4,1,0,1,2,1,3,3,30,1,2,0,0,1,1,38.0,,voiture,,3,1,6,1,7
202400007172,2024-10-21 05:25:00,2024,10,21,5,25,54,54029,59 Rue Lucien Michel,49.373582,5.901042,Nuit avec éclairage allumé,En agglomération,Hors intersection,Normale,Sans collision,3,2,2,0,1,3,1,0,1,50,1,1,0,0,1,0,36.0,,deux_roues,,5,2,1,1,7
202400007173,2024-06-04 17:30:00,2024,6,4,17,30,78,78646,RN12,48.793133,2.074706,Plein jour,Hors agglomération,Hors intersection,Normale,Trois véhicules et plus - collisions multiples,2,-1,3,0,1,2,1,0,1,110,4,4,3,0,0,1,21.0,25.0,deux_roues,voiture,1,1,1,1,5
202400007174,2024-10-20 20:23:00,2024,10,20,20,23,60,60291,Rue Marcel Viseur,49.656197,3.051592,Nuit avec éclairage allumé,En agglomération,Intersection en X,Normale,Deux véhicules - frontale,3,2,2,0,1,1,1,0,1,50,2,2,1,0,1,0,21.0,31.0,deux_roues,voiture,5,2,2,1,1
202400007174,2024-10-20 20:23:00,2024,10,20,20,23,60,60291,Rue Marcel Viseur,49.656197,3.051592,Nuit avec éclairage allumé,En agglomération,Intersection en X,Normale,Deux véhicules - frontale,3,2, -1,-1,1,1,1,0,1,-1,2,2,1,0,1,0,21.0,31.0,deux_roues,voiture,5,2,2,1,1
202400007175,2024-06-03 18:50:00,2024,6,3,18,50,92,92048,N118,48.80447019,2.21374866,Plein jour,Hors agglomération,Hors intersection,Normale,Deux véhicules - arrière,2,1,2,0,1,1,1,0,1,90,2,2,1,0,0,1,63.0,51.0,voiture,voiture,1,1,1,1,2
202400007176,2024-10-19 10:20:00,2024,10,19,10,20,73,73162,Route du chateau,45.61994396,6.27525442,Plein jour,Hors agglomération,Hors intersection,Normale,Autre collision,4,2,2,0,2,1,1,0,3,80,1,1,0,0,1,0,14.0,,voiture,,1,1,1,1,6
202400007177,2024-06-03 13:50:00,2024,6,3,13,50,92,92025,A86,48.92332788,2.22863039,Plein jour,Hors agglomération,Hors intersection,Normale,Deux véhicules - arrière,1,1,2,0,1,1,1,0,1,90,2,2,1,0,0,1,63.0,51.0,voiture,voiture,1,1,1,1,2
202400007178,2024-10-20 16:14:00,2024,10,20,16,14,73,73128,D1201 - Route de l'Albanais,45.731168,5.921738,Plein jour,Hors agglomération,Hors intersection,Temps éblouissant,Deux véhicules - frontale,3,2,2,0,1,1,1,8,1,80,2,5,3,0,1,1,53.0,21.0,utilitaire_camion,voiture,1,1,1,7,1
202400007179,2024-06-04 19:00:00,2024,6,4,19,0,93,93053,A3,48.88380049,2.46676219,Plein jour,Hors agglomération,Hors intersection,Normale,Deux véhicules - arrière,1,3,2,0,1,1,1,0,1,90,2,2,1,0,0,1,18.0,24.0,deux_roues,voiture,1,1,1,1,2
202400007180,2024-10-21 16:25:00,2024,10,21,16,25,43,43047,RD 37 ,44.93824908,3.92680606,Plein jour,Hors agglomération,Hors intersection,Temps éblouissant,Deux véhicules - frontale,3,2,2,0,2,2,1,0,1,80,2,4,3,0,1,0,29.0,61.0,voiture,deux_roues,1,1,1,7,1
202400007181,2024-06-04 08:50:00,2024,6,4,8,50,95,95491,A115,49.00479,2.24522,Plein jour,Hors agglomération,Hors intersection,Normale,Trois véhicules et plus - en chaîne,1,3,2,0,1,1,1,0,1,110,3,3,2,0,0,1,29.0,28.0,voiture,voiture,1,1,1,1,4
202400007182,2024-10-20 05:25:00,2024,10,20,5,25,10,10353,D619,48.4341,3.9127,Nuit sans éclairage public,Hors agglomération,Hors intersection,Normale,Sans collision,3,2,4,0,1,1,1,0,8,90,1,4,0,0,1,3,62.0,,voiture,,3,1,1,1,7
202400007183,2024-06-04 12:15:00,2024,6,4,12,15,93,93066,A86,48.9261806,2.33837893,Plein jour,Hors agglomération,Hors intersection,Normale,Deux véhicules - arrière,1,3,4,0,1,1,1,0,1,90,2,2,1,0,0,1,62.0,61.0,voiture,voiture,1,1,1,1,2
202400007184,2024-10-20 15:15:00,2024,10,20,15,15,21,21577,rue du canal,47.105989,5.254979,Plein jour,En agglomération,Autre intersection,Normale,Deux véhicules - côté,3,3,1,0,2,1,1,2,4,50,2,2,1,0,1,0,67.0,30.0,deux_roues,voiture,1,2,9,1,3
202400007184,2024-10-20 15:15:00,2024,10,20,15,15,21,21577,rue du canal,47.105989,5.254979,Plein jour,En agglomération,Autre intersection,Normale,Deux véhicules - côté,3,2, -1,-1,3,1,1,5,4,50,2,2,1,0,1,0,67.0,30.0,deux_roues,voiture,1,2,9,1,3
202400007185,2024-06-04 09:45:00,2024,6,4,9,45,93,93010,A86,48.89182572,2.47324767,Plein jour,Hors agglomération,Hors intersection,Normale,Deux véhicules - arrière,1,3,4,0,1,1,1,0,1,90,2,3,1,0,0,2,18.0,42.0,utilitaire_camion,voiture,1,1,1,1,2
202400007186,2024-07-29 18:20:00,2024,7,29,18,20,40,40313,Avenue du Général Leclerc,43.831698,-0.82435,Plein jour,Hors agglomération,Hors intersection,Normale,Deux véhicules - côté,3,2,2,0,1,1,1,0,1,70,2,2,1,0,0,1,32.0,35.0,voiture,deux_roues,1,1,1,1,3
202400007187,2024-06-03 14:30:00,2024,6,3,14,30,95,95582,A15,48.96925218,2.25070233,Plein jour,Hors agglomération,Hors intersection,Normale,Trois véhicules et plus - en chaîne,1,3,4,0,1,1,1,0,1,110,5,5,4,0,0,1,52.0,21.0,voiture,voiture,1,1,1,1,4
202400007188,2024-10-19 07:25:00,2024,10,19,7,25,40,40233,D322,43.638451,-0.987461,Crépuscule ou aube,Hors agglomération,Hors intersection,Normale,Deux véhicules - frontale,3,2,2,0,2,1,1,0,1,80,2,2,1,0,1,0,66.0,31.0,voiture,voiture,2,1,1,1,1
202400007189,2024-06-04 09:00:00,2024,6,4,9,0,94,94022,A86 INT,48.77662114,2.41804614,Plein jour,Hors agglomération,Hors intersection,Normale,Deux véhicules - côté,1,3,6,0,1,1,1,0,1,90,2,2,1,0,0,1,52.0,43.0,voiture,deux_roues,1,1,1,1,3
202400007190,2024-10-21 17:26:00,2024,10,21,17,26,24,24252,RD 704,44.94698455,1.22229874,Plein jour,Hors agglomération,Intersection en T,Normale,Deux véhicules - côté,3,2,2,0,1,1,1,0,1,90,2,2,1,1,0,0,31.0,56.0,utilitaire_camion,deux_roues,1,1,3,1,3
202400007190,2024-10-21 17:26:00,2024,10,21,17,26,24,24252,RD 704,44.94698455,1.22229874,Plein jour,Hors agglomération,Intersection en T,Normale,Deux véhicules - côté,3,2, -1,-1,1,1,1,0,1,80,2,2,1,1,0,0,31.0,56.0,utilitaire_camion,deux_roues,1,1,3,1,3
202400007191,2024-06-03 17:40:00,2024,6,3,17,40,94,94028,A86,48.79983715,2.44627859,Plein jour,Hors agglomération,Hors intersection,Normale,Deux véhicules - côté,1,3,4,0,1,1,1,0,1,90,2,2,1,0,0,1,39.0,39.0,voiture,deux_roues,1,1,1,1,3
202400007192,2024-06-03 17:00:00,2024,6,3,17,0,94,94017,A4,48.829277,2.48195396,Plein jour,Hors agglomération,Hors intersection,Normale,Deux véhicules - arrière,1,1,3,0,1,1,1,0,1,90,2,2,1,0,0,1,21.0,26.0,deux_roues,voiture,1,1,1,1,2
202400007193,2024-10-19 12:25:00,2024,10,19,12,25,28,28199,Rue du Maréchal Foch,48.199374,1.885378,Plein jour,En agglomération,Hors intersection,Normale,Deux véhicules - frontale,3,2,2,0,1,1,1,0,1,50,2,3,2,0,0,1,15.0,40.0,deux_roues,voiture,1,2,1,1,1
202400007194,2024-05-16 14:50:00,2024,5,16,14,50,44,44109,Rue du Poitou,47.22376086,-1.56476347,Plein jour,En agglomération,Hors intersection,Normale,Autre collision,4,3,3,2,1,1,1,4,1,50,1,1,0,0,0,1,36.0,,deux_roues,,1,2,1,1,6
202400007195,2024-05-16 08:15:00,2024,5,16,8,15,44,44109,5 Rue Jules Grandjouan,47.24749354,-1.51416315,Plein jour,En agglomération,Hors intersection,Normale,Autre collision,4,2,2,2,1,1,1,-1,1,50,1,2,1,0,0,1,44.0,,voiture,,1,2,1,1,6
202400007196,2024-10-21 17:45:00,2024,10,21,17,45,30,30089,D102,43.844417,4.591062,Crépuscule ou aube,Hors agglomération,Hors intersection,Normale,Trois véhicules et plus - en chaîne,3,2,2,0,1,1,1,0,1,80,3,3,1,1,0,1,59.0,38.0,utilitaire_camion,deux_roues,2,1,1,1,4
202400007197,2024-05-16 08:50:00,2024,5,16,8,50,44,44020,,47.16678264,-1.5735279,Plein jour,Hors agglomération,Hors intersection,Temps couvert,Deux véhicules - côté,2,3,4,0,2,1,1,0,1,90,2,2,1,0,0,1,75.0,45.0,voiture,voiture,1,1,1,8,3
202400007198,2024-10-21 06:40:00,2024,10,21,6,40,48,48072,D808,44.502459,3.353856,Nuit sans éclairage public,Hors agglomération,Hors intersection,Normale,Autre collision,3,2,2,0,2,3,1,0,1,90,2,2,0,0,1,1,30.0,39.0,voiture,voiture,3,1,1,1,6
202400007199,2024-09-23 17:55:00,2024,9,23,17,55,67,67140,A35 PK 215+000 sens LAUTERBOURG vers STRASBOURG,48.863838,8.058636,Plein jour,Hors agglomération,Autre intersection,Temps couvert,Autre collision,1,2,2,0,1,2,2,8,3,90,1,1,0,0,1,0,58.0,,voiture,,1,1,9,8,6
202400007200,2024-05-02 18:30:00,2024,5,2,18,30,44,44109,30 Boulevard des Anglais,47.22866834,-1.57710955,Plein jour,En agglomération,Intersection en X,Temps couvert,Deux véhicules - côté,4,2,2,0,1,1,1,5,1,50,2,2,1,0,0,1,38.0,35.0,voiture,deux_roues,1,2,2,8,3
202400007200,2024-05-02 18:30:00,2024,5,2,18,30,44,44109,30 Boulevard des Anglais,47.22866834,-1.57710955,Plein jour,En agglomération,Intersection en X,Temps couvert,Deux véhicules - côté,4,2,2,2,1,1,1,5,1,50,2,2,1,0,0,1,38.0,35.0,voiture,deux_roues,1,2,2,8,3
202400007201,2024-04-24 10:15:00,2024,4,24,10,15,44,44190,341 Route de Clisson,47.18780466,-1.48878567,Plein jour,En agglomération,Hors intersection,Temps couvert,Autre collision,4,2,2,0,1,1,1,0,1,50,2,2,1,0,0,1,71.0,41.0,voiture,deux_roues,1,2,1,8,6
202400007202,2024-04-22 12:50:00,2024,4,22,12,50,44,44162,Aveneue de Cheverny,47.24006907,-1.59635584,Plein jour,En agglomération,Intersection en T,Temps couvert,Autre collision,4,2,2,0,1,1,1,5,1,50,1,1,0,0,0,1,,,voiture,,1,2,3,8,6
202400007202,2024-04-22 12:50:00,2024,4,22,12,50,44,44162,Aveneue de Cheverny,47.24006907,-1.59635584,Plein jour,En agglomération,Intersection en T,Temps couvert,Autre collision,4,2,2,0,1,2,1,5,1,50,1,1,0,0,0,1,,,voiture,,1,2,3,8,6
202400007203,2024-10-21 08:35:00,2024,10,21,8,35,53,53008,les bruyères,48.337118,-0.541602,Crépuscule ou aube,Hors agglomération,Hors intersection,Pluie légère,Trois véhicules et plus - collisions multiples,2,2,2,0,1,1,2,0,1,80,3,8,1,0,1,6,28.0,53.0,voiture,utilitaire_camion,2,1,1,2,5
202400007204,2024-04-19 11:05:00,2024,4,19,11,5,44,44162,4 Rue Félix Guyon,47.22585103,-1.61556499,Plein jour,En agglomération,Hors intersection,Temps couvert,Autre collision,4,2,2,0,1,1,1,0,1,30,1,1,0,0,0,1,74.0,,voiture,,1,2,1,8,6