accident_id,datetime,annee,mois,jour,heure,minute,departement,commune_insee,adresse,latitude,longitude,luminosite,agglomeration,intersection,meteo,collision,catr,circ,nbv,vosp,prof,plan,surf,infra,situ,vma,nb_vehicules,nb_usagers,nb_indemnes,nb_tues,nb_blesses_hosp,nb_blesses_legers,age_cond_1,age_cond_2,veh_type_cond_1,veh_type_cond_2,lum_code,agg_code,int_code,atm_code,col_code
202400007205,2024-04-19 16:30:00,2024,4,19,16,30,44,44109,Rond-Point de Berlin,47.21626431,-1.53410743,Plein jour,En agglomération,Giratoire,Temps couvert,Autre collision,4,2,2,2,1,1,1,5,1,50,1,2,1,0,0,1,48.0,,voiture,,1,2,6,8,6
202400007206,2024-10-20 10:30:00,2024,10,20,10,30,34,34032,GARE DE PÉAGE DE BEZIERS CABRIALS,43.343312,3.289094,Plein jour,Hors agglomération,Hors intersection,Normale,Deux véhicules - arrière,1,1,0,0,1,1,1,7,1,50,2,6,4,0,1,1,39.0,22.0,voiture,voiture,1,1,1,1,2
202400007207,2024-04-18 18:10:00,2024,4,18,18,10,44,44109,Place Pirmil,47.19779163,-1.54250423,Plein jour,En agglomération,Intersection en X,Normale,Deux véhicules - côté,4,3,4,0,1,1,1,5,1,50,2,2,1,0,0,1,32.0,79.0,deux_roues,voiture,1,2,2,1,3
202400007207,2024-04-18 18:10:00,2024,4,18,18,10,44,44109,Place Pirmil,47.19779163,-1.54250423,Plein jour,En agglomération,Intersection en X,Normale,Deux véhicules - côté,4,3,6,1,1,1,1,5,1,50,2,2,1,0,0,1,32.0,79.0,deux_roues,voiture,1,2,2,1,3
202400007208,2024-10-20 17:30:00,2024,10,20,17,30,69,69007,Route de la Roche,45.492653,4.817612,Plein jour,En agglomération,Hors intersection,Normale,Deux véhicules - frontale,3,2,2,0,1,1,1,0,1,50,2,2,1,0,0,1,34.0,34.0,voiture,voiture,1,2,1,1,1
202400007209,2024-04-15 06:25:00,2024,4,15,6,25,44,44109,116 Boulevard Ernest Dalby,47.22119204,-1.53139004,Plein jour,En agglomération,Hors intersection,Normale,Deux véhicules - côté,4,2,2,0,1,1,1,0,1,50,2,2,1,0,0,1,56.0,23.0,voiture,deux_roues,1,2,1,1,3
202400007210,2024-10-15 11:00:00,2024,10,15,11,0,988,98814,Tribu de Hmelek,-21.07626,167.31162,Plein jour,Hors agglomération,Hors intersection,Normale,Autre collision,4,2,2,0,1,4,1,0,3,90,1,4,1,0,2,1,42.0,,voiture,,1,1,1,1,6
202400007211,2024-04-15 07:35:00,2024,4,15,7,35,44,44109,Boulevard de Sarrebruck,47.21669182,-1.51842646,Plein jour,En agglomération,Hors intersection,Temps couvert,Autre collision,4,2,2,2,1,1,1,-1,1,50,2,3,2,0,0,1,32.0,30.0,voiture,voiture,1,2,1,8,6
202400007212,2024-04-14 00:05:00,2024,4,14,0,5,44,44109,Boulevard Jean Philippot,47.212786,-1.55381662,Nuit avec éclairage allumé,En agglomération,Giratoire,Temps couvert,Autre collision,4,3,3,2,1,1,1,-1,1,50,1,3,2,0,0,1,20.0,,voiture,,5,2,6,8,6
202400007213,2024-10-20 09:30:00,2024,10,20,9,30,973,97303,Rue Eugene Ronda Sylva,5.480197,-53.211602,Plein jour,En agglomération,Giratoire,Normale,Sans collision,2,1,1,0,1,2,1,0,3,50,1,8,1,0,3,4,32.0,,utilitaire_camion,,1,2,6,1,7
202400007214,2024-04-14 09:27:00,2024,4,14,9,27,44,44109,26 Boulevard des Poilus,47.22931147,-1.52759867,Plein jour,En agglomération,Intersection en T,Normale,Deux véhicules - arrière,4,2,2,0,1,1,1,0,1,30,2,2,1,0,0,1,45.0,42.0,voiture,deux_roues,1,2,3,1,2
202400007214,2024-04-14 09:27:00,2024,4,14,9,27,44,44109,26 Boulevard des Poilus,47.22931147,-1.52759867,Plein jour,En agglomération,Intersection en T,Normale,Deux véhicules - arrière,4,2,2,2,1,1,1,-1,1,50,2,2,1,0,0,1,45.0,42.0,voiture,deux_roues,1,2,3,1,2
202400007215,2024-10-19 21:15:00,2024,10,19,21,15,77,77483,D405,49.011936,2.940323,Nuit sans éclairage public,Hors agglomération,Hors intersection,Pluie légère,Sans collision,3,2,2,0,3,1,2,0,1,90,1,1,0,0,0,1,33.0,,voiture,,3,1,1,2,7
202400007216,2024-06-03 12:50:00,2024,6,3,12,50,973,97302,NOVAPARC (RESIDENCE) RTE DE RABAN,4.92549574,-52.31274658,Plein jour,En agglomération,Hors intersection,Normale,Deux véhicules - arrière,4,2,2,0,1,1,1,0,1,50,2,2,1,0,0,1,41.0,42.0,deux_roues,utilitaire_camion,1,2,1,1,2
202400007217,2024-06-02 19:25:00,2024,6,2,19,25,973,97302,SPATULES (RUE DES) CITE EAU LISETTE,4.92874,-52.31949,Nuit avec éclairage allumé,En agglomération,Hors intersection,Normale,Autre collision,4,2,2,0,1,1,1,0,1,50,1,1,0,0,0,1,15.0,,deux_roues,,5,2,1,1,6
202400007218,2024-06-03 20:10:00,2024,6,3,20,10,69,69388,Avenue des Frères Lumière,45.74332,4.8743,Plein jour,En agglomération,Intersection en X,Normale,Autre collision,4,1,1,2,1,1,1,0,1,30,2,2,1,0,0,1,35.0,29.0,utilitaire_camion,deux_roues,1,2,2,1,6
202400007218,2024-06-03 20:10:00,2024,6,3,20,10,69,69388,Avenue des Frères Lumière,45.74332,4.8743,Plein jour,En agglomération,Intersection en X,Normale,Autre collision,4,1,1,2,1,1,1,0,1,30,2,2,1,0,0,1,35.0,29.0,utilitaire_camion,deux_roues,1,2,2,1,6
202400007219,2024-08-12 18:11:00,2024,8,12,18,11,78,78108,Chemin du Moulin,48.713491,1.818881,Plein jour,Hors agglomération,Autre intersection,Normale,Sans collision,3,2,2,0,1,1,1,0,1,50,1,1,0,0,1,0,50.0,,deux_roues,,1,1,9,1,7
202400007219,2024-08-12 18:11:00,2024,8,12,18,11,78,78108,Chemin du Moulin,48.713491,1.818881,Plein jour,Hors agglomération,Autre intersection,Normale,Sans collision,3,2,2,0,1,1,1,0,8,50,1,1,0,0,1,0,50.0,,deux_roues,,1,1,9,1,7
202400007220,2024-06-03 09:40:00,2024,6,3,9,40,69,69382,22 Quai Docteur Gailleton,45.75414,4.83463,Plein jour,En agglomération,Hors intersection,Temps couvert,Deux véhicules - arrière,4,2,7,3,1,1,1,0,1,50,2,2,1,0,0,1,18.0,42.0,voiture,voiture,1,2,1,8,2
202400007221,2024-10-20 15:40:00,2024,10,20,15,40,66,66215,D2,42.710609,2.496943,Plein jour,Hors agglomération,Hors intersection,Normale,Autre collision,3,2,2,0,2,2,1,0,3,80,1,2,1,0,0,1,59.0,,deux_roues,,1,1,1,1,6
202400007222,2024-06-03 08:30:00,2024,6,3,8,30,69,69034,Quai Clemenceau,45.81274,4.84751,Plein jour,En agglomération,Hors intersection,Normale,Autre collision,7,2,2,0,1,1,1,0,1,50,1,2,1,0,0,1,51.0,,deux_roues,,1,2,1,1,6
202400007223,2024-10-17 20:50:00,2024,10,17,20,50,83,83023,"RN 7, zac nicopolis",43.394711,6.141744,Nuit sans éclairage public,Hors agglomération,Hors intersection,Pluie forte,Autre collision,3,3,1,0,2,1,3,0,3,90,1,1,0,0,1,0,49.0,,voiture,,3,1,1,3,6
202400007224,2024-06-01 02:45:00,2024,6,1,2,45,971,97101,BOULEVARD DES HEROS,16.2487,-61.52494,Nuit avec éclairage allumé,Hors agglomération,Hors intersection,Normale,Sans collision,3,3,4,0,1,1,1,0,1,50,1,2,0,0,0,2,29.0,,deux_roues,,5,1,1,1,7
202400007225,2024-10-21 11:45:00,2024,10,21,11,45,05,05181,D1091,45.03324064,6.38421163,Plein jour,Hors agglomération,Hors intersection,Normale,Autre collision,3,2,2,0,2,3,1,0,3,90,1,1,0,1,0,0,30.0,,voiture,,1,1,1,1,6
202400007226,2024-06-02 04:00:00,2024,6,2,4,0,971,97101,PERRIN,16.28013,-61.51071,Nuit sans éclairage public,Hors agglomération,Hors intersection,Pluie forte,Autre collision,3,2,2,0,2,1,2,5,1,50,1,2,1,0,1,0,22.0,,voiture,,3,1,1,3,6
202400007227,2024-06-03 13:25:00,2024,6,3,13,25,95,95582,D14,48.97715896,2.24346319,Plein jour,En agglomération,Autre intersection,Normale,Deux véhicules - côté,3,2,2,0,1,1,1,0,1,50,2,2,1,0,0,1,26.0,23.0,voiture,deux_roues,1,2,9,1,3
202400007228,2024-10-21 08:10:00,2024,10,21,8,10,25,25505,D486,47.472603,6.33976,Plein jour,Hors agglomération,Intersection en X,Normale,Deux véhicules - côté,3,2,2,0,2,1,1,0,1,90,2,2,1,0,0,1,35.0,56.0,utilitaire_camion,deux_roues,1,1,2,1,3
202400007228,2024-10-21 08:10:00,2024,10,21,8,10,25,25505,D486,47.472603,6.33976,Plein jour,Hors agglomération,Intersection en X,Normale,Deux véhicules - côté,3,2,2,0,1,1,1,0,1,90,2,2,1,0,0,1,35.0,56.0,utilitaire_camion,deux_roues,1,1,2,1,3
202400007229,2024-06-03 08:05:00,2024,6,3,8,5,95,95203,D909,48.98345834,2.27216363,Plein jour,En agglomération,Hors intersection,Normale,Deux véhicules - côté,3,2,0,0,2,1,1,0,1,50,2,2,1,0,0,1,64.0,44.0,voiture,deux_roues,1,2,1,1,3
202400007230,2024-06-03 08:20:00,2024,6,3,8,20,95,95288,MONTMORENCY (RUE DE),48.98796,2.33574,Plein jour,En agglomération,Hors intersection,Normale,Autre collision,4,2,1,0,2,1,1,0,1,30,1,2,1,0,0,1,36.0,,voiture,,1,2,1,1,6
202400007231,2024-10-18 11:00:00,2024,10,18,11,0,88,88513,D157,48.350716,6.318297,Plein jour,Hors agglomération,Intersection en X,Normale,Deux véhicules - côté,3,2,3,0,1,1,1,0,1,80,2,2,1,0,1,0,64.0,31.0,deux_roues,voiture,1,1,2,1,3
202400007231,2024-10-18 11:00:00,2024,10,18,11,0,88,88513,D157,48.350716,6.318297,Plein jour,Hors agglomération,Intersection en X,Normale,Deux véhicules - côté,3,2,3,0,1,1,1,0,1,80,2,2,1,0,1,0,64.0,31.0,deux_roues,voiture,1,1,2,1,3
202400007232,2024-06-03 08:16:00,2024,6,3,8,16,91,91549,ROND POINT CD 117,48.62353,2.34137,Plein jour,En agglomération,Giratoire,Normale,Deux véhicules - côté,3,1,0,1,1,3,1,5,5,30,2,2,1,0,0,1,56.0,24.0,deux_roues,voiture,1,2,6,1,3
202400007232,2024-06-03 08:16:00,2024,6,3,8,16,91,91549,ROND POINT CD 117,48.62353,2.34137,Plein jour,En agglomération,Giratoire,Normale,Deux véhicules - côté,3,1,3,1,1,1,1,5,5,30,2,2,1,0,0,1,56.0,24.0,deux_roues,voiture,1,2,6,1,3
202400007233,2024-10-20 17:40:00,2024,10,20,17,40,88,88090,N57,48.369094,6.277732,Plein jour,Hors agglomération,Hors intersection,Normale,Sans collision,2,3,2,0,1,1,1,0,2,110,1,4,2,0,2,0,21.0,,voiture,,1,1,1,1,7
202400007234,2024-06-02 17:35:00,2024,6,2,17,35,91,91201,AV DU GENERAL DE GAULLE,48.688051,2.392402,Plein jour,En agglomération,Intersection en T,Normale,Deux véhicules - arrière,3,2,4,0,1,1,1,5,1,50,2,5,4,0,1,0,49.0,49.0,voiture,deux_roues,1,2,3,1,2
202400007234,2024-06-02 17:35:00,2024,6,2,17,35,91,91201,AV DU GENERAL DE GAULLE,48.688051,2.392402,Plein jour,En agglomération,Intersection en T,Normale,Deux véhicules - arrière,3,2,2,0,1,1,1,5,1,50,2,5,4,0,1,0,49.0,49.0,voiture,deux_roues,1,2,3,1,2
202400007235,2024-10-20 22:15:00,2024,10,20,22,15,64,64460,4 Rue des 3 Frères Carrey,43.194913,-0.581479,Nuit avec éclairage non allumé,En agglomération,Hors intersection,Normale,Autre collision,3,-1,2,0,1,1,1,0,3,50,1,2,0,0,1,1,54.0,,voiture,,4,2,1,1,6
202400007236,2024-06-03 13:00:00,2024,6,3,13,0,91,91027,AV FRANCOIS MITTERRAND,48.70876,2.37145,Plein jour,En agglomération,Hors intersection,Normale,Deux véhicules - côté,3,2,0,0,1,1,1,0,1,50,2,4,3,0,0,1,35.0,48.0,voiture,deux_roues,1,2,1,1,3
202400007237,2024-10-21 05:20:00,2024,10,21,5,20,60,60342,D1016,49.312352,2.447097,Nuit sans éclairage public,Hors agglomération,Hors intersection,Pluie légère,Autre collision,3,3,2,0,1,1,2,0,1,110,1,4,1,0,0,3,28.0,,voiture,,3,1,1,2,6
202400007238,2024-06-03 04:11:00,2024,6,3,4,11,87,87085,MONTMAILLER (RUE),45.83607,1.25061,Nuit avec éclairage non allumé,En agglomération,Intersection en X,Normale,Deux véhicules - côté,4,2,2,0,4,1,1,5,1,30,2,6,2,0,2,2,19.0,40.0,voiture,voiture,4,2,2,1,3
202400007238,2024-06-03 04:11:00,2024,6,3,4,11,87,87085,MONTMAILLER (RUE),45.83607,1.25061,Nuit avec éclairage non allumé,En agglomération,Intersection en X,Normale,Deux véhicules - côté,4,2,2,0,2,1,1,5,1,30,2,6,2,0,2,2,19.0,40.0,voiture,voiture,4,2,2,1,3
202400007239,2024-10-20 13:00:00,2024,10,20,13,0,13,13212,A507 sens Marseille - Aubagne,43.2949446,5.42444612,Plein jour,Hors agglomération,Hors intersection,Normale,Deux véhicules - arrière,1,1,3,0,1,1,1,1,1,70,2,4,1,0,0,3,42.0,68.0,voiture,voiture,1,1,1,1,2
202400007240,2024-06-02 21:24:00,2024,6,2,21,24,87,87085,GUERIN (RUE CAMILLE),45.81687,1.22707,Crépuscule ou aube,En agglomération,Hors intersection,Normale,Deux véhicules - arrière,4,2,2,0,1,1,1,0,1,50,2,2,0,0,0,2,21.0,55.0,voiture,voiture,2,2,1,1,2
202400007241,2024-05-31 20:40:00,2024,5,31,20,40,87,87085,PORT DU NAVEIX (RUE DU),45.83229,1.27399,Crépuscule ou aube,En agglomération,Intersection en X,Normale,Deux véhicules - côté,2,2,2,0,1,1,1,0,1,30,2,2,1,0,0,1,25.0,,voiture,voiture,2,2,2,1,3
202400007241,2024-05-31 20:40:00,2024,5,31,20,40,87,87085,PORT DU NAVEIX (RUE DU),45.83229,1.27399,Crépuscule ou aube,En agglomération,Intersection en X,Normale,Deux véhicules - côté,2,3,5,0,1,1,1,0,1,50,2,2,1,0,0,1,25.0,,voiture,voiture,2,2,2,1,3
202400007242,2024-10-20 09:10:00,2024,10,20,9,10,91,91689,AUTOROUTE A6B,48.74842,2.32783,Plein jour,Hors agglomération,Hors intersection,Normale,Deux véhicules - arrière,1,3,3,0,2,1,1,0,1,90,2,3,0,0,0,3,45.0,47.0,voiture,voiture,1,1,1,1,2
202400007243,2024-06-02 18:45:00,2024,6,2,18,45,84,84031,Boulevard du Nord,44.056858,5.047513,Plein jour,En agglomération,Hors intersection,Normale,Autre collision,4,1,3,0,1,1,1,9,8,50,1,2,0,0,0,2,45.0,,deux_roues,,1,2,1,1,6
202400007244,2024-10-20 19:56:00,2024,10,20,19,56,93,93064,AUTOROUTE A86,48.87758173,2.47736938,Nuit sans éclairage public,Hors agglomération,Hors intersection,Normale,Trois véhicules et plus - en chaîne,1,3,3,0,1,1,1,0,1,90,3,4,2,0,0,2,25.0,42.0,voiture,voiture,3,1,1,1,4
202400007245,2024-10-20 01:50:00,2024,10,20,1,50,93,93078,AUTOROUTE A104,48.96361976,2.52140428,Nuit sans éclairage public,Hors agglomération,Hors intersection,Pluie légère,Autre collision,1,3,3,0,1,1,2,9,1,90,1,1,0,0,0,1,24.0,,voiture,,3,1,1,2,6
202400007246,2024-06-03 06:30:00,2024,6,3,6,30,84,84007,RHONE (Boulevard du ),43.9506,4.80237,Crépuscule ou aube,En agglomération,Intersection en T,Normale,Deux véhicules - côté,4,2,2,1,1,1,1,5,5,50,2,2,1,0,0,1,56.0,49.0,deux_roues,utilitaire_camion,2,2,3,1,3
202400007246,2024-06-03 06:30:00,2024,6,3,6,30,84,84007,RHONE (Boulevard du ),43.9506,4.80237,Crépuscule ou aube,En agglomération,Intersection en T,Normale,Deux véhicules - côté,4,2,2,1,1,1,1,5,5,50,2,2,1,0,0,1,56.0,49.0,deux_roues,utilitaire_camion,2,2,3,1,3
202400007247,2024-10-20 01:30:00,2024,10,20,1,30,92,92078,AUTOROUTE A86,48.92830843,2.33162459,Nuit sans éclairage public,Hors agglomération,Hors intersection,Pluie légère,Autre collision,1,3,3,0,1,2,2,1,1,90,1,2,0,0,0,2,25.0,,voiture,,3,1,1,2,6
202400007248,2024-06-02 16:50:00,2024,6,2,16,50,83,83137,D'ORVES (AVE ESTIENNE),43.12688,5.91583,Plein jour,En agglomération,Hors intersection,Normale,Deux véhicules - côté,4,-1,4,0,1,1,1,0,1,50,2,2,1,0,0,1,65.0,58.0,voiture,deux_roues,1,2,1,1,3
202400007249,2024-06-01 10:40:00,2024,6,1,10,40,83,83129,DE LATTRE DE TASSIGNY (AV),43.09353,5.84493,Plein jour,En agglomération,Hors intersection,Normale,Autre collision,3,3,1,0,1,1,1,0,1,50,1,3,0,0,0,3,46.0,,deux_roues,,1,2,1,1,6
202400007250,2024-10-20 22:02:00,2024,10,20,22,2,77,77055,RN104,48.90035015,2.65378388,Nuit sans éclairage public,Hors agglomération,Hors intersection,Normale,Deux véhicules - arrière,1,3,2,0,1,1,1,0,1,90,2,3,2,0,0,1,55.0,56.0,voiture,voiture,3,1,1,1,2
202400007251,2024-05-31 14:15:00,2024,5,31,14,15,83,83129,DE LATTRE DE TASSIGNY (AV),43.09388,5.83944,Plein jour,En agglomération,Hors intersection,Normale,Deux véhicules - côté,3,2,2,0,1,1,1,0,1,50,2,2,1,0,1,0,88.0,41.0,voiture,deux_roues,1,2,1,1,3
202400007252,2024-06-02 21:40:00,2024,6,2,21,40,80,80021,SAVEUSE (RUE DE),49.90353,2.24866,Plein jour,Hors agglomération,Hors intersection,Normale,Sans collision,3,2,2,0,1,1,1,0,1,80,1,1,0,0,0,1,24.0,,deux_roues,,1,1,1,1,7
202400007253,2024-10-20 14:45:00,2024,10,20,14,45,94,94017,A4,48.8268961,2.5128995,Plein jour,Hors agglomération,Hors intersection,Normale,Deux véhicules - arrière,1,3,4,0,1,1,1,1,1,90,2,3,2,0,0,1,26.0,50.0,voiture,voiture,1,1,1,1,2
202400007254,2024-10-19 02:40:00,2024,10,19,2,40,77,77294,A104,48.95994344,2.62106698,Nuit sans éclairage public,Hors agglomération,Hors intersection,Normale,Sans collision,1,1,2,0,1,1,1,0,1,90,1,1,0,0,1,0,25.0,,deux_roues,,3,1,1,1,7
202400007255,2024-06-03 17:50:00,2024,6,3,17,50,78,78551,RD 308,48.942193,2.121973,Plein jour,Hors agglomération,Autre intersection,Normale,Trois véhicules et plus - collisions multiples,3,2,2,0,1,1,1,9,1,80,3,3,0,0,0,3,28.0,54.0,voiture,voiture,1,1,9,1,5
202400007256,2024-05-31 17:45:00,2024,5,31,17,45,73,73121,Rue de l'expansion,45.62753486,6.31610021,Plein jour,En agglomération,Intersection en X,Normale,Deux véhicules - côté,4,2,2,-1,1,1,1,0,1,50,2,2,1,0,0,1,46.0,47.0,voiture,voiture,1,2,2,1,3
202400007256,2024-05-31 17:45:00,2024,5,31,17,45,73,73121,Rue de l'expansion,45.62753486,6.31610021,Plein jour,En agglomération,Intersection en X,Normale,Deux véhicules - côté,4,2,2,0,1,1,1,0,1,50,2,2,1,0,0,1,46.0,47.0,voiture,voiture,1,2,2,1,3
202400007257,2024-06-03 16:30:00,2024,6,3,16,30,78,78440,PAUL RAOULT (AVENUE),48.98861,1.91345,Plein jour,En agglomération,Autre intersection,Normale,Deux véhicules - côté,3,2, -1,-1,1,1,1,0,1,-1,2,2,1,0,0,1,45.0,33.0,voiture,deux_roues,1,2,9,1,3
202400007257,2024-06-03 16:30:00,2024,6,3,16,30,78,78440,PAUL RAOULT (AVENUE),48.98861,1.91345,Plein jour,En agglomération,Autre intersection,Normale,Deux véhicules - côté,3,-1,2,0,1,1,1,9,1,50,2,2,1,0,0,1,45.0,33.0,voiture,deux_roues,1,2,9,1,3
202400007258,2024-06-01 16:15:00,2024,6,1,16,15,84,84076,Route de Beaumont,43.706089,5.657165,Plein jour,En agglomération,Hors intersection,Normale,Sans collision,3,2,2,0,2,1,1,0,3,50,1,1,0,1,0,0,50.0,,deux_roues,,1,2,1,1,7
202400007259,2024-06-30 09:20:00,2024,6,30,9,20,50,50393,La Cavee,48.922161,-1.154267,Plein jour,Hors agglomération,Intersection en T,Temps couvert,Deux véhicules - frontale,3,2,2,0,3,4,1,0,1,80,2,3,0,0,3,0,87.0,19.0,voiture,voiture,1,1,3,8,1
202400007259,2024-06-30 09:20:00,2024,6,30,9,20,50,50393,La Cavee,48.922161,-1.154267,Plein jour,Hors agglomération,Intersection en T,Temps couvert,Deux véhicules - frontale,3,2,2,0,2,1,1,0,1,80,2,3,0,0,3,0,87.0,19.0,voiture,voiture,1,1,3,8,1
202400007260,2024-10-10 23:10:00,2024,10,10,23,10,44,44109,Rue Léopold Cassegrain,47.21926604,-1.55860891,Nuit avec éclairage allumé,En agglomération,Hors intersection,Normale,Autre collision,4,2,2,2,2,1,1,-1,1,30,1,1,0,0,0,1,21.0,,voiture,,5,2,1,1,6
202400007261,2024-10-17 13:05:00,2024,10,17,13,5,75,75113,RUE BARRAULT,48.827309,2.347028,Plein jour,En agglomération,Intersection en T,Normale,Autre collision,4,1, -1,-1,1,1,1,0,6,30,1,2,1,0,0,1,57.0,,utilitaire_camion,,1,2,3,1,6
202400007261,2024-10-17 13:05:00,2024,10,17,13,5,75,75113,RUE BARRAULT,48.827309,2.347028,Plein jour,En agglomération,Intersection en T,Normale,Autre collision,4,1,1,0,2,1,1,0,6,30,1,2,1,0,0,1,57.0,,utilitaire_camion,,1,2,3,1,6
202400007262,2024-10-08 09:50:00,2024,10,8,9,50,44,44109,Boulevard des Nations-Unies,47.21070453,-1.55951649,Plein jour,En agglomération,Giratoire,Normale,Sans collision,4,3,4,3,1,2,1,-1,1,30,1,1,0,0,0,1,54.0,,deux_roues,,1,2,6,1,7
202400007263,2024-10-15 07:45:00,2024,10,15,7,45,84,84007,JOSEPH VERNET (RUE),43.94577,4.80365,Crépuscule ou aube,En agglomération,Hors intersection,Brouillard / fumée,Deux véhicules - arrière,4,1,1,0,1,1,2,0,1,50,2,2,1,0,0,1,32.0,11.0,utilitaire_camion,deux_roues,2,2,1,5,2
202400007264,2024-10-14 07:55:00,2024,10,14,7,55,45,45338,43 Rue Jean Mermoz,47.98094,2.72192,Plein jour,En agglomération,Hors intersection,Temps couvert,Autre collision,4,2,2,0,1,1,1,9,1,50,1,3,2,0,0,1,20.0,,utilitaire_camion,,1,2,1,8,6
202400007265,2024-08-19 07:15:00,2024,8,19,7,15,74,74178,Route de mionnaz nord,45.940467,5.928712,Plein jour,Hors agglomération,Hors intersection,Normale,Deux véhicules - côté,3,2,2,0,1,1,1,0,1,80,2,2,1,0,0,1,37.0,25.0,voiture,deux_roues,1,1,1,1,3
202400007266,2024-08-12 08:15:00,2024,8,12,8,15,74,74112,Rue de la Tuilerie,45.936312,6.086821,Plein jour,En agglomération,Giratoire,Normale,Deux véhicules - côté,4,1,1,3,1,1,1,5,6,30,2,3,2,0,1,0,52.0,19.0,voiture,deux_roues,1,2,6,1,3
202400007267,2024-08-17 16:30:00,2024,8,17,16,30,74,74010,Route des argos,45.937762,6.154452,Plein jour,Hors agglomération,Intersection en X,Normale,Deux véhicules - côté,3,2,2,1,1,3,1,0,1,70,2,2,1,0,1,0,29.0,68.0,voiture,deux_roues,1,1,2,1,3
202400007267,2024-08-17 16:30:00,2024,8,17,16,30,74,74010,Route des argos,45.937762,6.154452,Plein jour,Hors agglomération,Intersection en X,Normale,Deux véhicules - côté,3,2, -1,-1,1,1,1,5,1,-1,2,2,1,0,1,0,29.0,68.0,voiture,deux_roues,1,1,2,1,3
202400007268,2024-08-10 14:20:00,2024,8,10,14,20,74,74140,Route du Col de Terramont,46.244815,6.477556,Plein jour,Hors agglomération,Intersection en T,Temps éblouissant,Deux véhicules - côté,3,2,2,0,2,1,1,2,1,80,2,2,1,0,0,1,40.0,20.0,voiture,deux_roues,1,1,3,7,3
202400007268,2024-08-10 14:20:00,2024,8,10,14,20,74,74140,Route du Col de Terramont,46.244815,6.477556,Plein jour,Hors agglomération,Intersection en T,Temps éblouissant,Deux véhicules - côté,3,2, -1,-1,2,1,1,2,1,-1,2,2,1,0,0,1,40.0,20.0,voiture,deux_roues,1,1,3,7,3
202400007269,2024-10-18 16:15:00,2024,10,18,16,15,69,69386,Boulevard Stalingrad,45.77088,4.85854,Plein jour,En agglomération,Intersection en X,Normale,Deux véhicules - frontale,4,2,2,2,1,1,1,0,5,30,2,2,1,0,1,0,34.0,27.0,voiture,deux_roues,1,2,2,1,1
202400007269,2024-10-18 16:15:00,2024,10,18,16,15,69,69386,Boulevard Stalingrad,45.77088,4.85854,Plein jour,En agglomération,Intersection en X,Normale,Deux véhicules - frontale,4,1,1,2,1,1,1,0,5,30,2,2,1,0,1,0,34.0,27.0,voiture,deux_roues,1,2,2,1,1
202400007270,2024-10-19 08:05:00,2024,10,19,8,5,972,97209,AVE CAMILLE DARSIERES,14.5986,-61.05295,Plein jour,En agglomération,Hors intersection,Normale,Autre collision,2,2,1,0,1,2,1,0,1,70,1,2,1,0,0,1,48.0,,voiture,,1,2,1,1,6
202400007271,2024-10-19 23:25:00,2024,10,19,23,25,69,69382,Quai Docteur Gailleton,45.75285,4.83338,Nuit avec éclairage allumé,En agglomération,Hors intersection,Normale,Deux véhicules - arrière,4,2,5,3,1,1,1,0,1,50,2,3,1,0,0,2,,27.0,voiture,voiture,5,2,1,1,2
202400007272,2024-10-19 15:20:00,2024,10,19,15,20,69,69034,65b Rue Pasteur,45.79038,4.84188,Plein jour,Hors agglomération,Hors intersection,Normale,Trois véhicules et plus - collisions multiples,4,2,2,0,1,1,1,0,1,30,3,3,2,0,0,1,36.0,50.0,voiture,voiture,1,1,1,1,5
202400007273,2024-10-19 06:19:00,2024,10,19,6,19,2B,2B033,PAOLI DU NR 21 AU 45 -BLD,42.70128,9.45041,Nuit avec éclairage allumé,En agglomération,Intersection en T,Temps couvert,Deux véhicules - côté,4,2,2,0,2,1,2,0,1,30,2,2,1,0,0,1,76.0,41.0,voiture,deux_roues,5,2,3,8,3
202400007273,2024-10-19 06:19:00,2024,10,19,6,19,2B,2B033,PAOLI DU NR 21 AU 45 -BLD,42.70128,9.45041,Nuit avec éclairage allumé,En agglomération,Intersection en T,Temps couvert,Deux véhicules - côté,4,1,1,0,1,1,2,0,1,30,2,2,1,0,0,1,76.0,41.0,voiture,deux_roues,5,2,3,8,3
202400007274,2024-10-19 07:00:00,2024,10,19,7,0,971,97113,SECTION LABROUSSE,16.21862,-61.5126,Plein jour,Hors agglomération,Hors intersection,Normale,Autre collision,4,2,2,0,1,1,1,0,1,70,1,6,3,0,0,3,43.0,,voiture,,1,1,1,1,6
202400007275,2024-10-19 02:20:00,2024,10,19,2,20,971,97101,RN11,16.25769,-61.51181,Nuit avec éclairage allumé,Hors agglomération,Hors intersection,Normale,Autre collision,2,1,4,0,1,1,1,0,8,70,1,1,0,0,0,1,21.0,,deux_roues,,5,1,1,1,6
202400007276,2024-10-19 23:45:00,2024,10,19,23,45,2A,2A004,MACCHINI EUGENE AVENUE,41.91783,8.73707,Nuit avec éclairage allumé,En agglomération,Autre intersection,Pluie légère,Deux véhicules - côté,3,-1,3,0,1,1,2,9,8,50,2,3,2,0,0,1,57.0,20.0,voiture,deux_roues,5,2,9,2,3
202400007277,2024-10-19 20:00:00,2024,10,19,20,0,91,91549,CORBEIL (ROUTE DE),48.64217,2.33367,Nuit avec éclairage allumé,En agglomération,Hors intersection,Pluie légère,Autre collision,3,3,2,0,1,1,2,0,1,50,1,2,0,0,0,2,37.0,,voiture,,5,2,1,2,6