accident_id,datetime,annee,mois,jour,heure,minute,departement,commune_insee,adresse,latitude,longitude,luminosite,agglomeration,intersection,meteo,collision,catr,circ,nbv,vosp,prof,plan,surf,infra,situ,vma,nb_vehicules,nb_usagers,nb_indemnes,nb_tues,nb_blesses_hosp,nb_blesses_legers,age_cond_1,age_cond_2,veh_type_cond_1,veh_type_cond_2,lum_code,agg_code,int_code,atm_code,col_code
202400007342,2024-10-19 10:40:00,2024,10,19,10,40,42,42162,763 Route de Lentigny,46.008517,3.983027,Plein jour,Hors agglomération,Intersection en T,Normale,Deux véhicules - arrière,3,2,2,0,1,1,1,0,1,80,2,5,2,0,1,2,29.0,34.0,voiture,utilitaire_camion,1,1,3,1,2
202400007342,2024-10-19 10:40:00,2024,10,19,10,40,42,42162,763 Route de Lentigny,46.008517,3.983027,Plein jour,Hors agglomération,Intersection en T,Normale,Deux véhicules - arrière,3,2,2,-1,1,1,1,0,1,-1,2,5,2,0,1,2,29.0,34.0,voiture,utilitaire_camion,1,1,3,1,2
202400007343,2024-10-19 19:00:00,2024,10,19,19,0,57,57434,5 Grand Rue,48.722552,6.782556,Nuit avec éclairage allumé,En agglomération,Hors intersection,Normale,Autre collision,3,2,2,0,1,1,1,0,1,80,1,1,0,1,0,0,52.0,,voiture,,5,2,1,1,6
202400007344,2024-10-19 09:25:00,2024,10,19,9,25,14,14061,Route du Désert,48.904823,-0.833802,Plein jour,Hors agglomération,Intersection en X,Pluie légère,Deux véhicules - côté,3,1,1,0,1,2,2,0,1,80,2,4,2,0,1,1,39.0,62.0,utilitaire_camion,voiture,1,1,2,2,3
202400007344,2024-10-19 09:25:00,2024,10,19,9,25,14,14061,Route du Désert,48.904823,-0.833802,Plein jour,Hors agglomération,Intersection en X,Pluie légère,Deux véhicules - côté,3,2,3,0,1,1,2,5,1,90,2,4,2,0,1,1,39.0,62.0,utilitaire_camion,voiture,1,1,2,2,3
202400007345,2024-10-20 14:10:00,2024,10,20,14,10,974,97413,N1a,-21.231689,55.296487,Plein jour,Hors agglomération,Autre intersection,Normale,Autre collision,2,2,2,0,2,1,1,0,8,80,1,1,0,0,1,0,52.0,,deux_roues,,1,1,9,1,6
202400007346,2024-10-15 12:06:00,2024,10,15,12,6,59,59562,Rue Nationale,50.09553,3.984912,Plein jour,Hors agglomération,Hors intersection,Normale,Deux véhicules - côté,3,2,2,2,1,1,1,0,5,80,2,2,0,0,0,2,73.0,26.0,voiture,voiture,1,1,1,1,3
202400007347,2024-10-13 11:25:00,2024,10,13,11,25,81,81288,RD 85,43.453246,2.031677,Plein jour,Hors agglomération,Hors intersection,Normale,Autre collision,3,2,2,0,1,1,1,0,3,80,1,3,2,0,1,0,,,voiture,,1,1,1,1,6
202400007348,2024-10-19 13:19:00,2024,10,19,13,19,81,81171,A68,43.837003,1.836948,Plein jour,Hors agglomération,Hors intersection,Normale,Deux véhicules - frontale,1,1,2,0,1,1,1,0,1,130,2,3,0,0,0,3,46.0,66.0,voiture,voiture,1,1,1,1,1
202400007349,2024-10-19 19:30:00,2024,10,19,19,30,11,11327,,43.171093,2.294329,Nuit sans éclairage public,Hors agglomération,Hors intersection,Normale,Deux véhicules - frontale,3,2,2,0,1,3,1,0,1,80,2,2,0,1,0,1,55.0,51.0,voiture,voiture,3,1,1,1,1
202400007350,2024-10-20 18:55:00,2024,10,20,18,55,71,71208,7 Rue du Pont,46.910101,5.157435,Nuit avec éclairage allumé,En agglomération,Intersection en T,Normale,Deux véhicules - côté,3,2,2,0,1,2,1,0,1,50,2,4,0,0,1,3,35.0,48.0,voiture,voiture,5,2,3,1,3
202400007350,2024-10-20 18:55:00,2024,10,20,18,55,71,71208,7 Rue du Pont,46.910101,5.157435,Nuit avec éclairage allumé,En agglomération,Intersection en T,Normale,Deux véhicules - côté,3,2,2,0,2,1,1,0,1,50,2,4,0,0,1,3,35.0,48.0,voiture,voiture,5,2,3,1,3
202400007351,2024-10-20 16:00:00,2024,10,20,16,0,63,63211,RD 205 Le Barsac,45.45152481,3.70357095,Plein jour,Hors agglomération,Hors intersection,Normale,Sans collision,3,2,2,0,2,1,1,0,1,90,1,1,0,0,0,1,46.0,,deux_roues,,1,1,1,1,7
202400007352,2024-10-19 00:05:00,2024,10,19,0,5,49,49323,RD 323 ,47.503265,-0.481725,Nuit sans éclairage public,Hors agglomération,Hors intersection,Pluie légère,Autre collision,3,2,0,0,2,1,2,0,1,80,1,4,3,1,0,0,22.0,,voiture,,3,1,1,2,6
202400007353,2024-10-20 12:04:00,2024,10,20,12,4,12,12093,route de crozafon,44.674764,2.537622,Plein jour,Hors agglomération,Hors intersection,Normale,Autre collision,3,2,2,0,2,2,1,0,1,90,2,2,1,0,1,0,48.0,45.0,deux_roues,deux_roues,1,1,1,1,6
202400007354,2024-10-20 05:45:00,2024,10,20,5,45,35,35302,Lieu Dit la Banquette,48.190932,-2.161496,Nuit sans éclairage public,Hors agglomération,Hors intersection,Pluie légère,Autre collision,4,2,2,0,1,2,2,0,1,70,1,5,0,1,2,2,30.0,,voiture,,3,1,1,2,6
202400007355,2024-10-20 05:00:00,2024,10,20,5,0,29,29249,Kervoazec,48.161269,-3.786013,Nuit avec éclairage non allumé,En agglomération,Hors intersection,Pluie forte,Autre collision,4,2,2,0,2,2,2,0,1,70,1,2,1,0,1,0,17.0,,voiture,,4,2,1,3,6
202400007356,2024-10-10 11:50:00,2024,10,10,11,50,29,29075,rue Commandant Charcot,48.433675,-4.396484,Plein jour,En agglomération,Intersection en X,Temps couvert,Autre collision,4,-1, -1,-1,1,1,1,0,1,-1,1,2,1,0,0,1,79.0,,voiture,,1,2,2,8,6
202400007356,2024-10-10 11:50:00,2024,10,10,11,50,29,29075,rue Commandant Charcot,48.433675,-4.396484,Plein jour,En agglomération,Intersection en X,Temps couvert,Autre collision,4,2,2,2,1,1,2,0,1,30,1,2,1,0,0,1,79.0,,voiture,,1,2,2,8,6
202400007357,2024-10-20 18:57:00,2024,10,20,18,57,38,38408,D36A,45.584121,4.998712,Crépuscule ou aube,En agglomération,Intersection en X,Normale,Deux véhicules - côté,3,2,2,0,1,1,1,5,1,50,2,4,2,0,1,1,31.0,25.0,voiture,deux_roues,2,2,2,1,3
202400007357,2024-10-20 18:57:00,2024,10,20,18,57,38,38408,D36A,45.584121,4.998712,Crépuscule ou aube,En agglomération,Intersection en X,Normale,Deux véhicules - côté,3,2,2,0,1,1,1,5,1,50,2,4,2,0,1,1,31.0,25.0,voiture,deux_roues,2,2,2,1,3
202400007358,2024-10-19 20:50:00,2024,10,19,20,50,38,38384,Route de l'Aéroport,45.343761,5.338143,Nuit avec éclairage allumé,En agglomération,Hors intersection,Normale,Autre collision,3,2,2,0,1,1,1,0,4,50,1,2,1,0,0,1,67.0,,voiture,,5,2,1,1,6
202400007359,2024-10-19 16:12:00,2024,10,19,16,12,01,01433,65 route du colombier,46.479028,5.10875,Plein jour,En agglomération,Hors intersection,Normale,Sans collision,4,2,2,0,1,1,1,0,1,50,1,1,0,0,0,1,51.0,,deux_roues,,1,2,1,1,7
202400007360,2024-10-19 02:10:00,2024,10,19,2,10,01,01317,route des conches,46.208943,5.343615,Nuit sans éclairage public,Hors agglomération,Hors intersection,Autre,Autre collision,4,2,2,0,2,3,2,0,8,80,2,4,0,0,1,3,29.0,26.0,voiture,voiture,3,1,1,9,6
202400007361,2024-10-19 20:25:00,2024,10,19,20,25,26,26165,117 Avenue joseph combier,44.76835953,4.84082937,Nuit avec éclairage non allumé,En agglomération,Hors intersection,Normale,Autre collision,2,2,2,0,1,1,1,0,1,50,1,2,1,0,1,0,56.0,,utilitaire_camion,,4,2,1,1,6
202400007362,2024-10-20 15:50:00,2024,10,20,15,50,58,58003,La Cremaine,47.204606,4.163845,Plein jour,Hors agglomération,Autre intersection,Normale,Autre collision,4,-1,1,0,3,1,2,0,1,50,1,1,0,0,1,0,49.0,,deux_roues,,1,1,9,1,6
202400007363,2024-10-20 12:20:00,2024,10,20,12,20,50,50533,D24,49.219671,-1.426163,Plein jour,Hors agglomération,Hors intersection,Pluie légère,Sans collision,3,2,2,0,1,1,2,0,1,-1,1,1,0,0,0,1,21.0,,deux_roues,,1,1,1,2,7
202400007364,2024-10-20 04:00:00,2024,10,20,4,0,60,60577,,49.44500774,1.81142399,Nuit avec éclairage allumé,En agglomération,Hors intersection,Brouillard / fumée,Autre collision,2,2,2,0,1,2,2,0,1,50,1,1,0,0,0,1,20.0,,voiture,,5,2,1,5,6
202400007365,2024-10-20 18:15:00,2024,10,20,18,15,10,10220,3 Rue Georges Pompidou,48.501165,3.784393,Crépuscule ou aube,En agglomération,Intersection en X,Normale,Deux véhicules - côté,4,2,2,0,1,1,1,0,1,50,2,2,0,0,1,1,46.0,54.0,voiture,utilitaire_camion,2,2,2,1,3
202400007365,2024-10-20 18:15:00,2024,10,20,18,15,10,10220,3 Rue Georges Pompidou,48.501165,3.784393,Crépuscule ou aube,En agglomération,Intersection en X,Normale,Deux véhicules - côté,4,2,3,0,1,1,1,0,1,50,2,2,0,0,1,1,46.0,54.0,voiture,utilitaire_camion,2,2,2,1,3
202400007366,2024-10-19 02:00:00,2024,10,19,2,0,36,36003,Rue de la Petite Croix,46.79557125,1.92624539,Nuit sans éclairage public,Hors agglomération,Hors intersection,Normale,Sans collision,3,2,2,0,1,1,1,0,3,80,1,1,0,0,1,0,85.0,,voiture,,3,1,1,1,7
202400007367,2024-10-19 23:00:00,2024,10,19,23,0,21,21317,D959,47.525517,5.110316,Nuit avec éclairage non allumé,En agglomération,Intersection en X,Normale,Deux véhicules - côté,3,2,2,0,1,1,2,0,1,50,2,3,2,0,1,0,27.0,41.0,voiture,voiture,4,2,2,1,3
202400007367,2024-10-19 23:00:00,2024,10,19,23,0,21,21317,D959,47.525517,5.110316,Nuit avec éclairage non allumé,En agglomération,Intersection en X,Normale,Deux véhicules - côté,3,2,2,0,1,1,1,0,1,50,2,3,2,0,1,0,27.0,41.0,voiture,voiture,4,2,2,1,3
202400007368,2024-10-19 23:00:00,2024,10,19,23,0,24,24172,5 impasse de calimon,44.941299,1.025929,Nuit sans éclairage public,Hors agglomération,Hors intersection,Normale,Autre collision,3,2,2,0,2,2,1,0,3,80,1,1,0,0,1,0,30.0,,voiture,,3,1,1,1,6
202400007369,2024-10-19 16:15:00,2024,10,19,16,15,37,37099,D751,47.288763,0.524275,Plein jour,Hors agglomération,Hors intersection,Pluie forte,Deux véhicules - frontale,3,2,3,0,1,1,2,0,1,90,2,3,2,0,1,0,85.0,72.0,voiture,voiture,1,1,1,3,1
202400007370,2024-10-19 00:30:00,2024,10,19,0,30,52,52062,Cote de Cherrey,47.796871,5.315744,Nuit sans éclairage public,Hors agglomération,Hors intersection,Brouillard / fumée,Autre collision,3,2,2,0,2,1,2,0,1,90,1,2,0,0,0,2,20.0,,voiture,,3,1,1,5,6
202400007371,2024-03-21 04:20:00,2024,3,21,4,20,60,60245,poirier d arras,49.632199,1.728361,Nuit sans éclairage public,Hors agglomération,Hors intersection,Normale,Sans collision,4,2,2,0,1,1,2,0,8,80,1,1,0,0,0,1,25.0,,voiture,,3,1,1,1,7
202400007372,2024-03-21 17:00:00,2024,3,21,17,0,64,64256,Zone Industrielle les Pignadas,43.420635,-1.314368,Plein jour,Hors agglomération,Intersection en T,Normale,Deux véhicules - côté,3,2,2,0,1,1,1,0,1,80,2,2,1,0,1,0,26.0,26.0,voiture,deux_roues,1,1,3,1,3
202400007372,2024-03-21 17:00:00,2024,3,21,17,0,64,64256,Zone Industrielle les Pignadas,43.420635,-1.314368,Plein jour,Hors agglomération,Intersection en T,Normale,Deux véhicules - côté,3,2,2,0,2,1,1,0,1,50,2,2,1,0,1,0,26.0,26.0,voiture,deux_roues,1,1,3,1,3
202400007373,2024-03-16 16:00:00,2024,3,16,16,0,73,73010,D991B,45.78623,5.865626,Plein jour,Hors agglomération,Hors intersection,Normale,Deux véhicules - frontale,3,2,2,0,2,4,1,0,1,80,2,2,1,0,1,0,42.0,29.0,deux_roues,deux_roues,1,1,1,1,1
202400007374,2024-03-20 18:15:00,2024,3,20,18,15,40,40152,D41,43.979217,-1.089712,Plein jour,Hors agglomération,Intersection en X,Normale,Deux véhicules - côté,3,2,2,0,1,1,1,0,1,80,2,8,6,0,1,1,33.0,45.0,voiture,voiture,1,1,2,1,3
202400007374,2024-03-20 18:15:00,2024,3,20,18,15,40,40152,D41,43.979217,-1.089712,Plein jour,Hors agglomération,Intersection en X,Normale,Deux véhicules - côté,3,2,2,-1,1,1,1,0,1,80,2,8,6,0,1,1,33.0,45.0,voiture,voiture,1,1,2,1,3
202400007375,2024-03-01 13:41:00,2024,3,1,13,41,04,04209,Route de départementale 4085,44.214258,5.924737,Plein jour,Hors agglomération,Hors intersection,Normale,Trois véhicules et plus - collisions multiples,3,2,2,0,1,1,1,0,1,80,3,3,0,0,0,3,50.0,39.0,voiture,voiture,1,1,1,1,5
202400007376,2024-03-20 15:30:00,2024,3,20,15,30,87,87117,,45.78453429,1.7277208,Plein jour,Hors agglomération,Hors intersection,Normale,Autre collision,3,2,2,0,2,1,1,0,3,80,1,1,0,0,1,0,57.0,,voiture,,1,1,1,1,6
202400007377,2024-03-21 12:00:00,2024,3,21,12,0,52,52484,D427,48.43964072,5.19109719,Plein jour,Hors agglomération,Hors intersection,Temps éblouissant,Sans collision,3,2,2,0,1,3,1,0,3,90,1,1,0,0,0,1,83.0,,voiture,,1,1,1,7,7
202400007378,2024-03-20 13:45:00,2024,3,20,13,45,08,08162,,49.735218,4.623254,Plein jour,Hors agglomération,Hors intersection,Normale,Autre collision,3,2,2,0,2,3,1,0,8,80,1,1,0,0,1,0,31.0,,deux_roues,,1,1,1,1,6
202400007379,2024-03-20 15:37:00,2024,3,20,15,37,88,88516,185 Rue Charles Garnier,48.20413,5.944365,Plein jour,En agglomération,Hors intersection,Temps éblouissant,Autre collision,4,2,2,0,1,1,1,0,1,50,1,2,1,0,1,0,71.0,,voiture,,1,2,1,7,6
202400007380,2024-03-10 13:50:00,2024,3,10,13,50,04,04091,A51 PK 092.350,43.985505,5.912629,Plein jour,Hors agglomération,Hors intersection,Neige / grêle,Trois véhicules et plus - collisions multiples,1,1,2,0,1,1,7,0,1,110,8,20,18,0,2,0,40.0,43.0,voiture,voiture,1,1,1,4,5
202400007381,2024-03-06 16:00:00,2024,3,6,16,0,38,38193,Rue Lionel Terray,45.623266,5.213101,Plein jour,En agglomération,Intersection en T,Normale,Deux véhicules - côté,4,2,2,0,2,1,1,0,1,50,2,2,1,0,1,0,39.0,13.0,voiture,deux_roues,1,2,3,1,3
202400007381,2024-03-06 16:00:00,2024,3,6,16,0,38,38193,Rue Lionel Terray,45.623266,5.213101,Plein jour,En agglomération,Intersection en T,Normale,Deux véhicules - côté,4,2,2,0,2,4,1,5,1,50,2,2,1,0,1,0,39.0,13.0,voiture,deux_roues,1,2,3,1,3
202400007382,2024-03-21 17:40:00,2024,3,21,17,40,13,13051,D113,43.58594419,5.13030948,Plein jour,En agglomération,Intersection en T,Normale,Deux véhicules - côté,3,2,4,0,1,1,1,0,1,80,2,3,1,0,0,2,62.0,39.0,voiture,voiture,1,2,3,1,3
202400007382,2024-03-21 17:40:00,2024,3,21,17,40,13,13051,D113,43.58594419,5.13030948,Plein jour,En agglomération,Intersection en T,Normale,Deux véhicules - côté,3,2, -1,-1,1,1,1,5,1,-1,2,3,1,0,0,2,62.0,39.0,voiture,voiture,1,2,3,1,3
202400007383,2024-03-21 17:05:00,2024,3,21,17,5,95,95042,D9,49.06548438,2.3001332,Plein jour,En agglomération,Giratoire,Normale,Deux véhicules - côté,3,2,2,0,1,1,1,5,1,50,2,2,1,0,1,0,,62.0,voiture,deux_roues,1,2,6,1,3
202400007384,2024-03-20 19:20:00,2024,3,20,19,20,95,95353,N1,49.07981525,2.31761551,Plein jour,En agglomération,Hors intersection,Normale,Deux véhicules - côté,2,2,2,0,1,1,1,5,1,50,2,2,1,0,0,1,40.0,57.0,deux_roues,voiture,1,2,1,1,3
202400007385,2024-03-20 12:00:00,2024,3,20,12,0,33,33122,,44.713348,-0.745697,Plein jour,Hors agglomération,Hors intersection,Normale,Deux véhicules - arrière,1,3,2,0,1,1,1,0,1,130,2,3,1,0,1,1,58.0,64.0,utilitaire_camion,voiture,1,1,1,1,2
202400007386,2024-02-21 13:05:00,2024,2,21,13,5,36,36057,Coings,46.88632588,1.72632337,Plein jour,Hors agglomération,Hors intersection,Normale,Autre collision,1,3,4,0,1,1,1,0,1,50,1,2,1,0,1,0,28.0,,voiture,,1,1,1,1,6
202400007387,2024-03-18 22:00:00,2024,3,18,22,0,36,36134,,46.41495896,1.46711564,Nuit sans éclairage public,Hors agglomération,Hors intersection,Normale,Autre collision,1,3,4,0,1,1,1,0,1,90,1,1,0,0,0,1,54.0,,utilitaire_camion,,3,1,1,1,6
202400007388,2024-03-18 13:00:00,2024,3,18,13,0,13,13103,Base aérienne 701 Salon-de-Provence (Aérodrome),43.617747,5.106175,Plein jour,Hors agglomération,Hors intersection,Normale,Deux véhicules - frontale,5,2,2,0,1,1,1,0,1,50,2,3,0,0,1,2,68.0,22.0,utilitaire_camion,voiture,1,1,1,1,1
202400007389,2024-03-21 03:30:00,2024,3,21,3,30,988,98827,"RT1 - ""Col des papayers""",-21.32502,165.08812,Nuit sans éclairage public,Hors agglomération,Hors intersection,Pluie forte,Sans collision,2,2,2,0,1,1,2,0,1,110,1,3,2,0,0,1,29.0,,utilitaire_camion,,3,1,1,3,7
202400007390,2024-03-19 15:59:00,2024,3,19,15,59,37,37210,Chemin de la Bélasserie au Châtelier,47.217016,0.335577,Plein jour,Hors agglomération,Hors intersection,Normale,Sans collision,9,2,2,0,2,1,1,0,1,50,1,2,0,1,0,1,63.0,,autre,,1,1,1,1,7
202400007391,2024-03-14 07:50:00,2024,3,14,7,50,91,91179,1 Rue des Arrigaux,48.563264,2.483747,Crépuscule ou aube,En agglomération,Hors intersection,Normale,Autre collision,4,2,2,0,1,3,1,0,1,50,1,2,1,0,1,0,25.0,,voiture,,2,2,1,1,6
202400007392,2024-03-19 23:25:00,2024,3,19,23,25,66,66164,,42.799407,2.909639,Nuit sans éclairage public,Hors agglomération,Hors intersection,Normale,Autre collision,3,3,4,0,1,1,1,0,1,80,1,2,1,0,1,0,,,autre,,3,1,1,1,6
202400007393,2024-03-21 13:50:00,2024,3,21,13,50,84,84092,D907,43.960187,4.847685,Plein jour,Hors agglomération,Hors intersection,Normale,Trois véhicules et plus - en chaîne,3,3,2,0,1,2,1,3,6,90,3,3,1,0,1,1,34.0,44.0,voiture,voiture,1,1,1,1,4
202400007394,2024-03-20 15:40:00,2024,3,20,15,40,70,70446,D70,47.483293,5.615301,Plein jour,Hors agglomération,Hors intersection,Temps éblouissant,Deux véhicules - frontale,3,2,2,0,1,1,1,0,1,90,2,3,0,1,2,0,71.0,23.0,voiture,voiture,1,1,1,7,1
202400007395,2024-03-20 15:15:00,2024,3,20,15,15,63,63038,D978,45.510822,2.930582,Plein jour,En agglomération,Hors intersection,Normale,Sans collision,3,2,2,0,1,2,1,0,1,50,1,1,0,0,1,0,25.0,,deux_roues,,1,2,1,1,7
202400007396,2024-03-06 09:15:00,2024,3,6,9,15,38,38071,Rue Hector Berlioz,45.085847,5.731773,Plein jour,En agglomération,Intersection en X,Normale,Deux véhicules - côté,4,1,1,0,1,1,1,0,1,30,2,2,1,0,1,0,81.0,47.0,voiture,voiture,1,2,2,1,3
202400007396,2024-03-06 09:15:00,2024,3,6,9,15,38,38071,Rue Hector Berlioz,45.085847,5.731773,Plein jour,En agglomération,Intersection en X,Normale,Deux véhicules - côté,4,2,2,0,1,1,1,0,1,30,2,2,1,0,1,0,81.0,47.0,voiture,voiture,1,2,2,1,3
202400007397,2024-03-20 00:01:00,2024,3,20,0,1,33,33248,,45.076421,-0.828221,Nuit sans éclairage public,Hors agglomération,Hors intersection,Normale,Sans collision,4,2,2,0,1,1,1,0,3,80,1,1,0,0,1,0,28.0,,voiture,,3,1,1,1,7
202400007398,2024-03-20 17:20:00,2024,3,20,17,20,33,33274,,44.724875,-0.549284,Plein jour,En agglomération,Autre intersection,Normale,Autre collision,3,2,2,0,1,1,1,9,1,30,3,3,1,0,1,1,11.0,44.0,deux_roues,voiture,1,2,9,1,6
202400007399,2024-03-20 20:55:00,2024,3,20,20,55,44,44073,3 Moulin de Bois Rivaud,47.447982,-1.649323,Nuit sans éclairage public,Hors agglomération,Hors intersection,Normale,Autre collision,3,2,2,0,1,1,1,0,1,80,1,5,4,1,0,0,23.0,,voiture,,3,1,1,1,6
202400007400,2024-03-19 06:00:00,2024,3,19,6,0,14,14332,18 Rue Saint-Clair de Vaux,48.872308,-0.190587,Crépuscule ou aube,Hors agglomération,Intersection en X,Normale,Deux véhicules - côté,3,2,2,0,1,1,1,0,1,50,2,2,1,0,0,1,51.0,22.0,voiture,voiture,2,1,2,1,3
202400007400,2024-03-19 06:00:00,2024,3,19,6,0,14,14332,18 Rue Saint-Clair de Vaux,48.872308,-0.190587,Crépuscule ou aube,Hors agglomération,Intersection en X,Normale,Deux véhicules - côté,3,2,2,0,1,1,1,0,1,50,2,2,1,0,0,1,51.0,22.0,voiture,voiture,2,1,2,1,3
202400007401,2024-03-20 17:30:00,2024,3,20,17,30,59,59120,Rue de Bailleul,50.756122,2.625486,Plein jour,Hors agglomération,Hors intersection,Normale,Deux véhicules - arrière,3,2,2,0,1,1,1,0,1,80,2,2,1,0,1,0,61.0,74.0,deux_roues,utilitaire_camion,1,1,1,1,2
202400007402,2024-03-20 12:55:00,2024,3,20,12,55,13,13216,A55-Sens Marseille vers Martigues,43.35557748,5.34706133,Plein jour,Hors agglomération,Hors intersection,Normale,Deux véhicules - arrière,1,-1,3,0,1,2,1,0,1,90,3,3,1,0,0,2,45.0,22.0,voiture,voiture,1,1,1,1,2
202400007403,2024-03-20 09:20:00,2024,3,20,9,20,91,91477,AUTOROUTE A10,48.71891,2.25653,Plein jour,Hors agglomération,Hors intersection,Normale,Sans collision,1,3,2,0,2,3,1,0,3,70,1,1,0,0,0,1,63.0,,deux_roues,,1,1,1,1,7
202400007404,2024-03-20 08:15:00,2024,3,20,8,15,94,94076,A6B,48.78729395,2.34586985,Plein jour,Hors agglomération,Hors intersection,Normale,Trois véhicules et plus - collisions multiples,1,1,3,0,1,1,1,0,1,90,3,3,2,0,0,1,29.0,60.0,voiture,voiture,1,1,1,1,5
202400007405,2024-03-19 16:25:00,2024,3,19,16,25,92,92036,A86,48.93353738,2.2742432,Plein jour,Hors agglomération,Hors intersection,Normale,Autre collision,1,1,3,0,1,1,1,0,1,70,1,1,0,0,0,1,42.0,,deux_roues,,1,1,1,1,6
202400007406,2024-03-20 11:30:00,2024,3,20,11,30,93,93053,A3,48.89707199,2.46965129,Plein jour,Hors agglomération,Hors intersection,Normale,Deux véhicules - arrière,1,3,5,0,1,1,1,2,1,70,2,2,1,0,0,1,27.0,37.0,utilitaire_camion,voiture,1,1,1,1,2
202400007407,2024-03-18 18:30:00,2024,3,18,18,30,95,95450,CARRIERE A PEPINS (CHEMIN DE LA),49.01817611,2.08089218,Plein jour,Hors agglomération,Autre intersection,Normale,Autre collision,4,-1, -1,0,1,1,1,5,1,70,1,1,0,0,0,1,79.0,,utilitaire_camion,,1,1,9,1,6
202400007408,2024-03-20 11:43:00,2024,3,20,11,43,988,98818,RUE ARMAND OHLEN,-22.25036,166.4637,Plein jour,En agglomération,Hors intersection,Normale,Deux véhicules - arrière,4,2,2,0,1,1,1,0,1,50,2,2,1,0,0,1,55.0,48.0,voiture,voiture,1,2,1,1,2
202400007409,2024-03-18 12:53:00,2024,3,18,12,53,987,98735,PRINCE HINOI (AVENUE),-17.53346,-149.5599,Plein jour,Hors agglomération,Hors intersection,Normale,Deux véhicules - arrière,4,3,2,0,1,1,1,0,1,50,2,3,1,0,0,2,35.0,36.0,utilitaire_camion,deux_roues,1,1,1,1,2
202400007410,2024-03-19 16:10:00,2024,3,19,16,10,974,97411,MONTHYON (RUE),-20.88751,55.46348,Plein jour,En agglomération,Hors intersection,Normale,Sans collision,4,2,2,0,1,1,1,0,1,50,1,2,0,0,1,1,26.0,,deux_roues,,1,2,1,1,7
202400007411,2024-03-19 14:40:00,2024,3,19,14,40,973,97309,TIGRE (ROUTE DU),4.91362,-52.30847,Plein jour,En agglomération,Hors intersection,Normale,Autre collision,3,2,2,0,1,3,1,0,8,50,1,1,0,0,0,1,54.0,,deux_roues,,1,2,1,1,6
202400007412,2024-03-19 05:40:00,2024,3,19,5,40,972,97213,ROUTE DEPARTEMENTALE 3,14.6355,-60.99171,Crépuscule ou aube,Hors agglomération,Hors intersection,Normale,Autre collision,3,2,2,0,1,1,1,9,3,70,1,1,0,0,0,1,28.0,,voiture,,2,1,1,1,6
202400007413,2024-03-19 08:35:00,2024,3,19,8,35,69,69152,Place de la Paix,45.70384,4.82571,Plein jour,En agglomération,Hors intersection,Normale,Autre collision,6,-1,0,0,1,1,1,0,1,30,1,2,1,0,0,1,48.0,,voiture,,1,2,1,1,6
202400007414,2024-03-18 17:10:00,2024,3,18,17,10,69,69389,Rue de Saint-Cyr,45.78389,4.80817,Plein jour,En agglomération,Intersection en X,Normale,Deux véhicules - côté,4,1,1,0,1,1,1,0,6,30,2,2,1,0,0,1,76.0,32.0,deux_roues,voiture,1,2,2,1,3
202400007414,2024-03-18 17:10:00,2024,3,18,17,10,69,69389,Rue de Saint-Cyr,45.78389,4.80817,Plein jour,En agglomération,Intersection en X,Normale,Deux véhicules - côté,4,2,4,3,1,1,1,0,6,50,2,2,1,0,0,1,76.0,32.0,deux_roues,voiture,1,2,2,1,3
202400007415,2024-03-19 10:42:00,2024,3,19,10,42,2A,2A004,1 Bd Dominique Pugliesi Conti,41.9132,8.72625,Plein jour,En agglomération,Hors intersection,Normale,Autre collision,4,-1,2,0,2,1,1,0,1,50,1,2,1,0,0,1,69.0,,voiture,,1,2,1,1,6
202400007416,2024-03-19 10:26:00,2024,3,19,10,26,2A,2A004,T20,41.94235,8.80899,Plein jour,Hors agglomération,Hors intersection,Normale,Trois véhicules et plus - en chaîne,2,2,2,0,1,1,1,0,1,90,4,5,1,0,0,4,44.0,28.0,utilitaire_camion,utilitaire_camion,1,1,1,1,4
202400007417,2024-03-19 09:38:00,2024,3,19,9,38,2A,2A004,16 Avenue Marechal Juin,41.94183,8.74989,Plein jour,En agglomération,Hors intersection,Normale,Autre collision,4,3,2,0,2,1,1,0,1,50,1,2,1,0,0,1,32.0,,voiture,,1,2,1,1,6
202400007418,2024-03-19 16:05:00,2024,3,19,16,5,91,91477,LEON BOURGEOIS (RUE),48.70654,2.23882,Plein jour,En agglomération,Hors intersection,Normale,Autre collision,4,2,1,0,1,1,1,0,3,50,1,2,1,0,0,1,73.0,,voiture,,1,2,1,1,6
202400007419,2024-03-19 13:18:00,2024,3,19,13,18,91,91471,FOCH (AVENUE DU MARECHAL),48.7,2.18819,Plein jour,En agglomération,Hors intersection,Normale,Deux véhicules - frontale,3,2,3,0,1,1,1,0,1,50,2,2,0,0,1,1,48.0,48.0,voiture,voiture,1,2,1,1,1
202400007420,2024-03-19 08:30:00,2024,3,19,8,30,91,91174,BD HENRI DUNANT,48.600491,2.480605,Plein jour,En agglomération,Intersection en X,Normale,Autre collision,4,-1,2,0,1,1,1,0,8,50,1,2,1,0,0,1,45.0,,voiture,,1,2,2,1,6
202400007420,2024-03-19 08:30:00,2024,3,19,8,30,91,91174,BD HENRI DUNANT,48.600491,2.480605,Plein jour,En agglomération,Intersection en X,Normale,Autre collision,4,2,2,0,2,1,1,0,8,50,1,2,1,0,0,1,45.0,,voiture,,1,2,2,1,6