accident_id,datetime,annee,mois,jour,heure,minute,departement,commune_insee,adresse,latitude,longitude,luminosite,agglomeration,intersection,meteo,collision,catr,circ,nbv,vosp,prof,plan,surf,infra,situ,vma,nb_vehicules,nb_usagers,nb_indemnes,nb_tues,nb_blesses_hosp,nb_blesses_legers,age_cond_1,age_cond_2,veh_type_cond_1,veh_type_cond_2,lum_code,agg_code,int_code,atm_code,col_code
202400007421,2024-03-18 16:55:00,2024,3,18,16,55,86,86066,Rue des 3 Pigeons,46.8113,0.54482,Plein jour,En agglomération,Giratoire,Normale,Deux véhicules - côté,3,2,2,0,1,2,1,5,1,30,2,4,3,0,0,1,16.0,21.0,deux_roues,voiture,1,2,6,1,3
202400007421,2024-03-18 16:55:00,2024,3,18,16,55,86,86066,Rue des 3 Pigeons,46.8113,0.54482,Plein jour,En agglomération,Giratoire,Normale,Deux véhicules - côté,3,2,2,0,1,2,1,5,1,30,2,4,3,0,0,1,16.0,21.0,deux_roues,voiture,1,2,6,1,3
202400007422,2024-03-18 22:45:00,2024,3,18,22,45,84,84007,C.De GAULLE (Rocade),43.92,4.8,Nuit avec éclairage allumé,En agglomération,Hors intersection,Normale,Deux véhicules - côté,4,3,4,0,1,1,1,5,1,50,2,4,3,0,0,1,35.0,36.0,voiture,voiture,5,2,1,1,3
202400007423,2024-03-19 15:00:00,2024,3,19,15,0,83,83137,HERRIOT (AVE EDOUARD),43.12854895,5.89061661,Plein jour,En agglomération,Intersection en T,Normale,Deux véhicules - côté,3,-1,2,0,1,1,1,0,1,30,2,3,2,0,0,1,38.0,63.0,deux_roues,deux_roues,1,2,3,1,3
202400007423,2024-03-19 15:00:00,2024,3,19,15,0,83,83137,HERRIOT (AVE EDOUARD),43.12854895,5.89061661,Plein jour,En agglomération,Intersection en T,Normale,Deux véhicules - côté,3,2,2,0,1,1,1,0,1,50,2,3,2,0,0,1,38.0,63.0,deux_roues,deux_roues,1,2,3,1,3
202400007424,2024-03-15 07:40:00,2024,3,15,7,40,83,83123,SOLEIL (CORNICHE) N° PAIRS,43.12225783,5.80043596,Plein jour,En agglomération,Hors intersection,Normale,Deux véhicules - côté,3,2,2,0,2,1,1,0,1,50,2,2,1,0,1,0,17.0,17.0,deux_roues,deux_roues,1,2,1,1,3
202400007425,2024-02-12 12:25:00,2024,2,12,12,25,83,83118,PLACE SADI CARNOT,43.42515,6.76889,Plein jour,En agglomération,Hors intersection,Normale,Autre collision,4,1,1,0,1,2,1,0,1,50,1,2,1,0,1,0,81.0,,voiture,,1,2,1,1,6
202400007426,2024-03-19 19:00:00,2024,3,19,19,0,81,81065,Boulevard Henri Sizaire,43.6015,2.2393,Plein jour,En agglomération,Hors intersection,Normale,Autre collision,4,1,2,0,1,1,1,0,1,50,1,2,1,0,1,0,27.0,,voiture,,1,2,1,1,6
202400007427,2024-03-19 19:05:00,2024,3,19,19,5,80,80021,Rue Léo Lagrange,49.91057,2.31229,Plein jour,En agglomération,Hors intersection,Normale,Autre collision,4,-1,2,0,1,1,1,0,1,50,2,2,0,1,1,0,18.0,25.0,deux_roues,autre,1,2,1,1,6
202400007428,2024-03-19 10:25:00,2024,3,19,10,25,80,80021,Rue Saint-Fuscien,49.89759,2.29526,Plein jour,En agglomération,Hors intersection,Normale,Deux véhicules - arrière,4,-1,2,0,1,1,1,0,1,50,2,2,1,0,0,1,38.0,40.0,voiture,voiture,1,2,1,1,2
202400007429,2024-03-16 02:42:00,2024,3,16,2,42,80,80021,Place Parmentier,49.89568,2.30539,Nuit sans éclairage public,En agglomération,Hors intersection,Normale,Sans collision,9,-1,0,0,1,1,1,0,8,20,1,1,0,1,0,0,32.0,,voiture,,3,2,1,1,7
202400007430,2024-03-17 03:10:00,2024,3,17,3,10,78,78674,VERSAILLES (AVENUE DE),48.818633,2.021941,Nuit sans éclairage public,Hors agglomération,Hors intersection,Normale,Autre collision,3,-1,0,0,1,1,1,0,1,90,1,2,1,1,0,0,23.0,,voiture,,3,1,1,1,6
202400007431,2024-03-19 10:51:00,2024,3,19,10,51,78,78498,RD 30,48.942224,2.06006,Plein jour,Hors agglomération,Hors intersection,Normale,Deux véhicules - côté,3,2,2,2,1,3,1,0,1,50,2,2,1,0,1,0,39.0,26.0,utilitaire_camion,deux_roues,1,1,1,1,3
202400007432,2024-03-19 18:50:00,2024,3,19,18,50,76,76540,Boulevard de l'Europe,49.42828,1.08099,Nuit avec éclairage allumé,En agglomération,Intersection en X,Normale,Autre collision,4,2,4,3,1,1,1,-1,1,50,1,2,1,0,0,1,37.0,,voiture,,5,2,2,1,6
202400007432,2024-03-19 18:50:00,2024,3,19,18,50,76,76540,Boulevard de l'Europe,49.42828,1.08099,Nuit avec éclairage allumé,En agglomération,Intersection en X,Normale,Autre collision,4,2,2,0,1,1,1,0,1,50,1,2,1,0,0,1,37.0,,voiture,,5,2,2,1,6
202400007433,2024-03-19 09:00:00,2024,3,19,9,0,76,76540,Rue Saint Maur,49.45348,1.08529,Plein jour,En agglomération,Intersection en Y,Normale,Deux véhicules - côté,4,2,1,0,2,1,1,0,1,50,2,2,1,0,0,1,34.0,42.0,deux_roues,voiture,1,2,4,1,3
202400007433,2024-03-19 09:00:00,2024,3,19,9,0,76,76540,Rue Saint Maur,49.45348,1.08529,Plein jour,En agglomération,Intersection en Y,Normale,Deux véhicules - côté,4,2,2,0,2,1,1,-1,1,50,2,2,1,0,0,1,34.0,42.0,deux_roues,voiture,1,2,4,1,3
202400007434,2024-03-15 12:00:00,2024,3,15,12,0,76,76447,MELAY  ( RTE DU ),49.56502,0.20278,Plein jour,En agglomération,Intersection en T,Normale,Deux véhicules - frontale,4,2,2,0,1,1,1,0,1,50,2,2,1,0,0,1,48.0,19.0,utilitaire_camion,voiture,1,2,3,1,1
202400007434,2024-03-15 12:00:00,2024,3,15,12,0,76,76447,MELAY  ( RTE DU ),49.56502,0.20278,Plein jour,En agglomération,Intersection en T,Normale,Deux véhicules - frontale,4,2,2,0,1,1,1,0,1,50,2,2,1,0,0,1,48.0,19.0,utilitaire_camion,voiture,1,2,3,1,1
202400007435,2024-03-19 15:30:00,2024,3,19,15,30,74,74010,JEAN JAURES,45.9032,6.1277,Plein jour,En agglomération,Intersection en T,Normale,Deux véhicules - côté,4,1,1,0,1,1,1,0,1,30,2,2,1,0,0,1,22.0,42.0,utilitaire_camion,deux_roues,1,2,3,1,3
202400007435,2024-03-19 15:30:00,2024,3,19,15,30,74,74010,JEAN JAURES,45.9032,6.1277,Plein jour,En agglomération,Intersection en T,Normale,Deux véhicules - côté,4,1,3,1,1,1,1,0,1,30,2,2,1,0,0,1,22.0,42.0,utilitaire_camion,deux_roues,1,2,3,1,3
202400007436,2024-03-19 13:25:00,2024,3,19,13,25,71,71270,MERMOZ (RUE JEAN),46.29378,4.80853,Plein jour,En agglomération,Hors intersection,Normale,Deux véhicules - frontale,4,2,2,0,2,1,1,0,1,50,2,3,1,0,2,0,16.0,46.0,deux_roues,voiture,1,2,1,1,1
202400007437,2024-03-19 20:05:00,2024,3,19,20,5,69,69266,332 Rue Francis de Pressensé,45.76651,4.89794,Nuit avec éclairage allumé,En agglomération,Hors intersection,Normale,Deux véhicules - côté,4,1,1,1,1,2,1,0,1,30,2,2,1,0,1,0,26.0,34.0,voiture,deux_roues,5,2,1,1,3
202400007438,2024-03-18 18:45:00,2024,3,18,18,45,69,69290,10 Avenue Pierre Mendès France,45.69601,4.95717,Plein jour,En agglomération,Hors intersection,Normale,Deux véhicules - côté,4,2,2,0,1,1,1,0,3,50,2,2,1,0,0,1,23.0,41.0,deux_roues,voiture,1,2,1,1,3
202400007439,2024-03-19 08:55:00,2024,3,19,8,55,67,67482,ROMAINS (ROUTE DES),48.57801,7.70253,Plein jour,En agglomération,Hors intersection,Normale,Deux véhicules - côté,4,2,2,1,1,1,1,8,4,50,2,2,1,0,0,1,32.0,48.0,deux_roues,voiture,1,2,1,1,3
202400007440,2024-03-18 16:30:00,2024,3,18,16,30,67,67267,MOLKENBRONN (RUE DU),48.56429,7.69501,Plein jour,En agglomération,Hors intersection,Normale,Autre collision,4,2,2,0,1,1,1,0,8,50,1,2,1,0,0,1,48.0,,utilitaire_camion,,1,2,1,1,6
202400007441,2024-03-19 10:40:00,2024,3,19,10,40,64,64445,AVIATION DE L',43.30597714,-0.32802075,Plein jour,En agglomération,Intersection en T,Normale,Deux véhicules - côté,4,-1, -1,0,1,1,1,0,1,30,2,2,1,0,1,0,31.0,47.0,voiture,deux_roues,1,2,3,1,3
202400007441,2024-03-19 10:40:00,2024,3,19,10,40,64,64445,AVIATION DE L',43.30597714,-0.32802075,Plein jour,En agglomération,Intersection en T,Normale,Deux véhicules - côté,4,2,4,2,1,1,1,0,1,50,2,2,1,0,1,0,31.0,47.0,voiture,deux_roues,1,2,3,1,3
202400007442,2024-03-19 08:36:00,2024,3,19,8,36,64,64102,PONT SAINT ESPRIT,43.4931,-1.47291,Plein jour,En agglomération,Hors intersection,Normale,Sans collision,4,2,3,0,1,1,2,0,1,30,1,1,0,0,0,1,18.0,,deux_roues,,1,2,1,1,7
202400007443,2024-03-19 14:47:00,2024,3,19,14,47,62,62895,Rue Joseph Bodart,50.49235,2.84604,Plein jour,En agglomération,Intersection en T,Normale,Deux véhicules - côté,4,2,2,0,1,1,1,0,1,50,2,2,1,0,1,0,50.0,15.0,voiture,deux_roues,1,2,3,1,3
202400007443,2024-03-19 14:47:00,2024,3,19,14,47,62,62895,Rue Joseph Bodart,50.49235,2.84604,Plein jour,En agglomération,Intersection en T,Normale,Deux véhicules - côté,4,2,2,0,1,1,1,0,8,50,2,2,1,0,1,0,50.0,15.0,voiture,deux_roues,1,2,3,1,3
202400007444,2024-03-19 15:25:00,2024,3,19,15,25,62,62244,Rue de l’Abbe Dupuy,50.92464,1.88487,Plein jour,En agglomération,Intersection en X,Normale,Deux véhicules - frontale,4,2,2,0,1,1,1,0,1,50,2,3,2,0,0,1,74.0,16.0,voiture,deux_roues,1,2,2,1,1
202400007444,2024-03-19 15:25:00,2024,3,19,15,25,62,62244,Rue de l’Abbe Dupuy,50.92464,1.88487,Plein jour,En agglomération,Intersection en X,Normale,Deux véhicules - frontale,4,2,2,0,1,1,1,0,1,50,2,3,2,0,0,1,74.0,16.0,voiture,deux_roues,1,2,2,1,1
202400007445,2024-03-19 16:40:00,2024,3,19,16,40,59,59009,BREUCQ BOULEVARD DU,50.64264439,3.14488517,Plein jour,Hors agglomération,Intersection en X,Normale,Deux véhicules - côté,7,1,2,0,1,1,1,0,1,70,2,2,1,0,0,1,43.0,66.0,deux_roues,voiture,1,1,2,1,3
202400007445,2024-03-19 16:40:00,2024,3,19,16,40,59,59009,BREUCQ BOULEVARD DU,50.64264439,3.14488517,Plein jour,Hors agglomération,Intersection en X,Normale,Deux véhicules - côté,7,1,2,0,1,1,1,1,1,50,2,2,1,0,0,1,43.0,66.0,deux_roues,voiture,1,1,2,1,3
202400007446,2024-03-18 17:15:00,2024,3,18,17,15,59,59009,MONS BOULEVARD DE,50.6466,3.12807,Plein jour,En agglomération,Hors intersection,Temps éblouissant,Autre collision,4,3,1,0,1,1,1,0,1,50,1,2,1,0,0,1,36.0,,voiture,,1,2,1,7,6
202400007447,2024-03-18 07:30:00,2024,3,18,7,30,59,59220,CARNOT RUE,50.603036,3.067202,Plein jour,En agglomération,Hors intersection,Normale,Autre collision,4,2,2,0,1,1,1,9,8,30,1,2,1,0,0,1,63.0,,voiture,,1,2,1,1,6
202400007448,2024-03-16 06:00:00,2024,3,16,6,0,58,58194,HENRI BOUQUILLARD,46.99615,3.12423,Nuit avec éclairage allumé,En agglomération,Hors intersection,Normale,Autre collision,4,2,2,0,1,1,2,0,1,50,1,2,1,0,0,1,61.0,,utilitaire_camion,,5,2,1,1,6
202400007449,2024-03-19 10:10:00,2024,3,19,10,10,56,56260,PLUMEY (RUE MONSEIGNEUR YVES),47.65653,-2.78238,Plein jour,En agglomération,Hors intersection,Normale,Deux véhicules - côté,4,2,2,1,1,1,1,-1,1,30,2,2,1,0,0,1,21.0,69.0,deux_roues,voiture,1,2,1,1,3
202400007450,2024-03-18 08:00:00,2024,3,18,8,0,56,56121,RUE LOUIS GUIGUEN,47.75568,-3.35456,Crépuscule ou aube,En agglomération,Hors intersection,Temps couvert,Sans collision,4,2,2,1,1,3,2,-1,5,30,1,1,0,0,0,1,21.0,,deux_roues,,2,2,1,8,7
202400007451,2024-03-17 01:00:00,2024,3,17,1,0,55,55545,PIERRE DEMATHIEU,49.1622,5.37096,Nuit avec éclairage allumé,En agglomération,Hors intersection,Normale,Sans collision,4,2,2,0,4,3,1,0,8,30,1,3,0,0,1,2,23.0,,voiture,,5,2,1,1,7
202400007452,2024-03-04 10:40:00,2024,3,4,10,40,55,55545,METZ ( AVENUE DE ),49.15064051,5.39776593,Plein jour,En agglomération,Hors intersection,Normale,Sans collision,3,2,2,0,1,1,1,0,1,50,1,1,0,0,0,1,74.0,,deux_roues,,1,2,1,1,7
202400007453,2024-03-18 19:20:00,2024,3,18,19,20,54,54300,Route d’Art sur Meurthe,48.65967,6.23217,Nuit avec éclairage allumé,En agglomération,Hors intersection,Pluie légère,Deux véhicules - frontale,4,2,2,1,1,3,2,-1,1,50,2,2,1,0,0,1,18.0,70.0,voiture,voiture,5,2,1,2,1
202400007454,2024-03-18 18:25:00,2024,3,18,18,25,54,54395,AvenueCharles Etienne Collignon,48.68811787,6.19997442,Plein jour,En agglomération,Intersection en X,Pluie légère,Deux véhicules - côté,4,2,2,0,1,1,2,0,1,50,2,2,1,0,0,1,25.0,44.0,deux_roues,voiture,1,2,2,2,3
202400007454,2024-03-18 18:25:00,2024,3,18,18,25,54,54395,AvenueCharles Etienne Collignon,48.68811787,6.19997442,Plein jour,En agglomération,Intersection en X,Pluie légère,Deux véhicules - côté,4,2, -1,0,1,1,2,0,1,50,2,2,1,0,0,1,25.0,44.0,deux_roues,voiture,1,2,2,2,3
202400007455,2024-03-18 16:40:00,2024,3,18,16,40,54,54395,Avenue Général Leclerc,48.6836,6.18548,Plein jour,En agglomération,Intersection en T,Normale,Autre collision,4,2,3,0,1,1,1,0,1,30,1,2,1,0,0,1,35.0,,voiture,,1,2,3,1,6
202400007455,2024-03-18 16:40:00,2024,3,18,16,40,54,54395,Avenue Général Leclerc,48.6836,6.18548,Plein jour,En agglomération,Intersection en T,Normale,Autre collision,4,1, -1,0,1,1,1,0,1,50,1,2,1,0,0,1,35.0,,voiture,,1,2,3,1,6
202400007456,2024-03-18 09:00:00,2024,3,18,9,0,54,54498,M 674,48.7227,6.27315,Plein jour,Hors agglomération,Hors intersection,Pluie légère,Deux véhicules - frontale,7,2,2,0,1,1,2,0,1,80,2,2,0,0,0,2,34.0,39.0,voiture,voiture,1,1,1,2,1
202400007457,2024-03-19 18:00:00,2024,3,19,18,0,54,54323,Rue Albert Thomas,49.52762,5.75861,Crépuscule ou aube,En agglomération,Intersection en T,Normale,Deux véhicules - côté,3,2,2,0,1,1,1,0,1,50,2,2,1,0,0,1,72.0,52.0,utilitaire_camion,voiture,2,2,3,1,3
202400007457,2024-03-19 18:00:00,2024,3,19,18,0,54,54323,Rue Albert Thomas,49.52762,5.75861,Crépuscule ou aube,En agglomération,Intersection en T,Normale,Deux véhicules - côté,3,1,1,0,1,1,1,0,1,50,2,2,1,0,0,1,72.0,52.0,utilitaire_camion,voiture,2,2,3,1,3
202400007458,2024-03-19 17:25:00,2024,3,19,17,25,54,54227,TICHEMONT,49.176762,5.905299,Plein jour,Hors agglomération,Hors intersection,Normale,Deux véhicules - côté,3,2,2,0,1,3,1,0,1,80,2,2,0,0,0,2,84.0,68.0,voiture,voiture,1,1,1,1,3
202400007459,2024-03-16 17:45:00,2024,3,16,17,45,50,50129,COUBERTIN (RUE PIERRE DE),49.64236,-1.63888,Plein jour,En agglomération,Hors intersection,Normale,Autre collision,4,2,2,0,1,1,2,0,1,50,1,2,1,0,0,1,63.0,,voiture,,1,2,1,1,6
202400007460,2024-01-27 01:08:00,2024,1,27,1,8,49,49099,RD160 ,47.03139091,-0.9106614,Nuit sans éclairage public,Hors agglomération,Hors intersection,Normale,Autre collision,3,-1,2,0,1,1,1,0,1,90,1,1,0,1,0,0,26.0,,deux_roues,,3,1,1,1,6
202400007461,2024-07-05 17:36:00,2024,7,5,17,36,17,17306,PAPIN DENIS,45.632697,-0.990235,Plein jour,Hors agglomération,Intersection en Y,Normale,Deux véhicules - côté,4,2,2,0,2,2,1,9,1,30,2,2,1,0,1,0,33.0,21.0,deux_roues,voiture,1,1,4,1,3
202400007461,2024-07-05 17:36:00,2024,7,5,17,36,17,17306,PAPIN DENIS,45.632697,-0.990235,Plein jour,Hors agglomération,Intersection en Y,Normale,Deux véhicules - côté,4,2,2,0,1,2,1,9,1,30,2,2,1,0,1,0,33.0,21.0,deux_roues,voiture,1,1,4,1,3
202400007462,2024-03-18 18:08:00,2024,3,18,18,8,49,49246,A87,47.4111,-0.50785,Plein jour,Hors agglomération,Hors intersection,Normale,Trois véhicules et plus - en chaîne,1,3,3,0,1,1,1,0,1,130,3,3,2,0,0,1,55.0,45.0,utilitaire_camion,voiture,1,1,1,1,4
202400007463,2024-07-06 08:08:00,2024,7,6,8,8,13,13056,TURCAN FRANCIS,43.41191,5.04385,Plein jour,En agglomération,Hors intersection,Normale,Autre collision,3,-1,0,0,1,2,1,5,1,50,1,1,0,0,0,1,22.0,,voiture,,1,2,1,1,6
202400007464,2024-03-18 19:13:00,2024,3,18,19,13,49,49007,ALLONNEAU(AUGUSTE) BOULEVARD,47.481,-0.527,Crépuscule ou aube,En agglomération,Hors intersection,Normale,Deux véhicules - côté,4,3,2,0,1,1,1,0,1,50,2,2,1,0,0,1,41.0,41.0,voiture,deux_roues,2,2,1,1,3
202400007465,2024-07-06 20:30:00,2024,7,6,20,30,13,13203,FÉLIX PYAT (RUE),43.3178,5.37271,Plein jour,En agglomération,Hors intersection,Normale,Autre collision,4,2,1,0,1,1,1,6,1,30,1,2,1,0,0,1,,,deux_roues,,1,2,1,1,6
202400007466,2024-03-18 16:10:00,2024,3,18,16,10,49,49007,RD 323,47.46903,-0.60527,Plein jour,En agglomération,Hors intersection,Normale,Trois véhicules et plus - collisions multiples,3,3,4,0,1,1,1,0,1,90,3,4,0,0,0,4,40.0,46.0,utilitaire_camion,voiture,1,2,1,1,5
202400007467,2024-07-06 01:15:00,2024,7,6,1,15,13,13206,LIEUTAUD (COURS),43.29142621,5.38303236,Nuit avec éclairage allumé,En agglomération,Hors intersection,Normale,Deux véhicules - côté,4,2,3,0,1,1,1,0,1,40,1,2,1,0,0,1,20.0,,deux_roues,,5,2,1,1,3
202400007468,2024-07-05 16:30:00,2024,7,5,16,30,13,13215,LEDRU ROLLI (BOULEVARD),43.34019805,5.3567217,Plein jour,En agglomération,Hors intersection,Normale,Deux véhicules - frontale,4,2,2,0,1,1,1,0,1,30,1,2,1,0,0,1,42.0,,voiture,,1,2,1,1,1
202400007469,2024-01-28 16:50:00,2024,1,28,16,50,46,46224,PILLAT (AVENUE CHARLES),44.4693,1.41298,Plein jour,En agglomération,Intersection en T,Normale,Deux véhicules - côté,4,2, -1,-1,1,1,1,0,1,50,2,2,1,0,0,1,29.0,22.0,deux_roues,voiture,1,2,3,1,3
202400007469,2024-01-28 16:50:00,2024,1,28,16,50,46,46224,PILLAT (AVENUE CHARLES),44.4693,1.41298,Plein jour,En agglomération,Intersection en T,Normale,Deux véhicules - côté,4,2,1,0,1,1,1,0,1,50,2,2,1,0,0,1,29.0,22.0,deux_roues,voiture,1,2,3,1,3
202400007470,2024-07-05 20:00:00,2024,7,5,20,0,13,13063,ESPAGNE BOULEVARD D',43.59542,4.99518,Plein jour,En agglomération,Hors intersection,Normale,Deux véhicules - côté,4,2,2,0,1,1,1,0,1,50,2,4,2,0,0,2,58.0,26.0,deux_roues,voiture,1,2,1,1,3
202400007471,2024-03-19 12:00:00,2024,3,19,12,0,44,44109,147 Boulevard des Belges,47.2351,-1.54594,Plein jour,En agglomération,Hors intersection,Normale,Autre collision,4,2,2,0,1,1,1,0,1,50,1,3,2,0,1,0,31.0,,deux_roues,,1,2,1,1,6
202400007472,2024-07-06 01:50:00,2024,7,6,1,50,10,10387,Avenue Pierre Brossolette,48.2906,4.0758,Nuit avec éclairage allumé,En agglomération,Intersection en T,Normale,Autre collision,4,2,2,0,1,1,1,0,1,50,1,1,0,0,1,0,35.0,,deux_roues,,5,2,3,1,6
202400007472,2024-07-06 01:50:00,2024,7,6,1,50,10,10387,Avenue Pierre Brossolette,48.2906,4.0758,Nuit avec éclairage allumé,En agglomération,Intersection en T,Normale,Autre collision,4,-1,0,0,1,1,1,0,1,50,1,1,0,0,1,0,35.0,,deux_roues,,5,2,3,1,6
202400007473,2024-03-18 09:00:00,2024,3,18,9,0,43,43140,RN 88,45.05646,3.91497,Plein jour,En agglomération,Hors intersection,Normale,Autre collision,2,1,2,0,2,1,1,0,1,90,1,1,0,0,0,1,21.0,,voiture,,1,2,1,1,6
202400007474,2024-03-18 17:50:00,2024,3,18,17,50,42,42095,Rue de l'Ouest,45.38397,4.28367,Plein jour,En agglomération,Hors intersection,Normale,Autre collision,4,2,1,0,1,1,1,0,1,50,1,2,1,0,0,1,53.0,,voiture,,1,2,1,1,6
202400007475,2024-07-05 16:50:00,2024,7,5,16,50,06,06029,56 Boulevard Carnot,43.55941,7.01699,Plein jour,En agglomération,Autre intersection,Normale,Deux véhicules - côté,4,2,2,3,1,1,1,0,1,50,2,2,1,0,1,0,50.0,24.0,voiture,deux_roues,1,2,9,1,3
202400007476,2024-07-06 20:43:00,2024,7,6,20,43,02,02691,2 Rue Charles Linne,49.84908,3.26863,Plein jour,En agglomération,Hors intersection,Normale,Autre collision,4,2,2,0,1,2,1,0,4,50,1,1,0,0,1,0,35.0,,deux_roues,,1,2,1,1,6
202400007477,2024-03-19 17:55:00,2024,3,19,17,55,41,41018,CURIE (RUE PIERRE ET MARIE),47.59675,1.31592,Plein jour,En agglomération,Hors intersection,Normale,Trois véhicules et plus - en chaîne,4,2,4,1,1,1,1,0,1,50,3,3,2,0,0,1,31.0,49.0,deux_roues,voiture,1,2,1,1,4
202400007478,2024-07-06 11:15:00,2024,7,6,11,15,01,01053,MAGINOT ( AVENUE ) DE 1A 41,46.20844,5.22756,Plein jour,En agglomération,Hors intersection,Pluie légère,Autre collision,4,2,2,0,1,1,2,0,1,50,1,2,1,0,0,1,51.0,,voiture,,1,2,1,2,6
202400007479,2024-03-18 17:16:00,2024,3,18,17,16,40,40192,AURIOL (AV DU PRESIDENT VINCENT),43.89307794,-0.47238281,Plein jour,En agglomération,Intersection en T,Temps éblouissant,Deux véhicules - côté,4,2,2,0,1,1,1,0,1,50,2,2,1,0,1,0,68.0,62.0,deux_roues,voiture,1,2,3,7,3
202400007479,2024-03-18 17:16:00,2024,3,18,17,16,40,40192,AURIOL (AV DU PRESIDENT VINCENT),43.89307794,-0.47238281,Plein jour,En agglomération,Intersection en T,Temps éblouissant,Deux véhicules - côté,4,2,1,0,1,1,1,0,1,30,2,2,1,0,1,0,68.0,62.0,deux_roues,voiture,1,2,3,7,3
202400007480,2024-03-18 18:30:00,2024,3,18,18,30,40,40088,GRAVIERES (CHEMIN DES),43.68505,-1.03512,Plein jour,Hors agglomération,Hors intersection,Normale,Sans collision,4,-1,1,0,1,1,1,0,8,50,1,1,0,1,0,0,41.0,,voiture,,1,1,1,1,7
202400007481,2024-07-06 12:30:00,2024,7,6,12,30,75,75119,BD PERIPHERIQUE INTERIEUR,48.900495,2.373846,Plein jour,En agglomération,Hors intersection,Normale,Deux véhicules - côté,4,1,4,0,1,1,1,0,1,70,2,2,1,0,0,1,24.0,74.0,deux_roues,voiture,1,2,1,1,3
202400007482,2024-02-22 20:20:00,2024,2,22,20,20,40,40279,LIBERTE (AVE DE LA),43.72095889,-1.05221309,Crépuscule ou aube,En agglomération,Intersection en T,Normale,Autre collision,3,-1,1,0,1,1,2,0,8,50,1,2,1,0,1,0,72.0,,voiture,,2,2,3,1,6
202400007482,2024-02-22 20:20:00,2024,2,22,20,20,40,40279,LIBERTE (AVE DE LA),43.72095889,-1.05221309,Crépuscule ou aube,En agglomération,Intersection en T,Normale,Autre collision,3,2,1,0,1,1,2,6,1,50,1,2,1,0,1,0,72.0,,voiture,,2,2,3,1,6
202400007483,2024-07-06 07:45:00,2024,7,6,7,45,75,75120,BD PERIPHERIQUE INTERIEUR,48.848316,2.414768,Plein jour,En agglomération,Hors intersection,Normale,Autre collision,4,1,4,0,1,1,1,0,1,70,1,1,0,0,0,1,85.0,,voiture,,1,2,1,1,6
202400007484,2024-03-19 07:45:00,2024,3,19,7,45,37,37261,STENDHAL (AVENUE),47.36815,0.70619,Plein jour,En agglomération,Hors intersection,Normale,Deux véhicules - côté,4,2,2,1,1,1,1,0,5,50,2,3,2,0,0,1,29.0,37.0,voiture,deux_roues,1,2,1,1,3
202400007485,2024-07-06 15:30:00,2024,7,6,15,30,75,75120,RUE HAXO,48.871724,2.404361,Plein jour,En agglomération,Intersection en X,Normale,Deux véhicules - côté,4,-1,2,1,2,1,1,0,1,30,2,2,1,0,0,1,27.0,8.0,voiture,deux_roues,1,2,2,1,3
202400007485,2024-07-06 15:30:00,2024,7,6,15,30,75,75120,RUE HAXO,48.871724,2.404361,Plein jour,En agglomération,Intersection en X,Normale,Deux véhicules - côté,4,1,1,0,2,1,1,0,1,30,2,2,1,0,0,1,27.0,8.0,voiture,deux_roues,1,2,2,1,3
202400007486,2024-02-16 01:50:00,2024,2,16,1,50,35,35115,PRES (RUE DES),48.35457864,-1.19708852,Nuit avec éclairage allumé,En agglomération,Hors intersection,Normale,Sans collision,4,2,2,0,1,1,1,0,1,30,1,2,0,0,1,1,20.0,,deux_roues,,5,2,1,1,7
202400007487,2024-07-05 17:20:00,2024,7,5,17,20,75,75116,RUE POUSSIN,48.848811,2.264758,Plein jour,En agglomération,Intersection en T,Normale,Autre collision,4,1,1,0,1,1,1,0,1,30,1,2,1,0,0,1,70.0,,voiture,,1,2,3,1,6
202400007487,2024-07-05 17:20:00,2024,7,5,17,20,75,75116,RUE POUSSIN,48.848811,2.264758,Plein jour,En agglomération,Intersection en T,Normale,Autre collision,4,1,1,0,1,1,1,0,1,30,1,2,1,0,0,1,70.0,,voiture,,1,2,3,1,6
202400007488,2024-03-19 21:15:00,2024,3,19,21,15,33,33063,,44.81953,-0.57223,Nuit avec éclairage allumé,En agglomération,Intersection en X,Normale,Deux véhicules - côté,4,1,1,0,1,1,1,5,1,30,2,2,1,0,0,1,27.0,47.0,deux_roues,voiture,5,2,2,1,3
202400007488,2024-03-19 21:15:00,2024,3,19,21,15,33,33063,,44.81953,-0.57223,Nuit avec éclairage allumé,En agglomération,Intersection en X,Normale,Deux véhicules - côté,4,2,2,0,1,1,1,5,1,30,2,2,1,0,0,1,27.0,47.0,deux_roues,voiture,5,2,2,1,3
202400007489,2024-07-06 00:05:00,2024,7,6,0,5,75,75110,BOULEVARD DE MAGENTA,48.878511,2.35405,Nuit avec éclairage allumé,En agglomération,Intersection en X,Normale,Deux véhicules - côté,4,3,4,3,1,1,1,0,6,30,2,2,1,0,0,1,39.0,,deux_roues,voiture,5,2,2,1,3
202400007489,2024-07-06 00:05:00,2024,7,6,0,5,75,75110,BOULEVARD DE MAGENTA,48.878511,2.35405,Nuit avec éclairage allumé,En agglomération,Intersection en X,Normale,Deux véhicules - côté,4,2, -1,-1,1,1,1,0,6,30,2,2,1,0,0,1,39.0,,deux_roues,voiture,5,2,2,1,3
202400007490,2024-07-06 18:01:00,2024,7,6,18,1,75,75109,RUE LA FAYETTE,48.87651,2.346152,Plein jour,En agglomération,Intersection en T,Normale,Deux véhicules - côté,4,2,4,1,1,1,1,0,5,30,2,2,1,0,0,1,24.0,25.0,voiture,deux_roues,1,2,3,1,3
202400007490,2024-07-06 18:01:00,2024,7,6,18,1,75,75109,RUE LA FAYETTE,48.87651,2.346152,Plein jour,En agglomération,Intersection en T,Normale,Deux véhicules - côté,4,1,1,0,1,1,1,0,5,30,2,2,1,0,0,1,24.0,25.0,voiture,deux_roues,1,2,3,1,3