accident_id,datetime,annee,mois,jour,heure,minute,departement,commune_insee,adresse,latitude,longitude,luminosite,agglomeration,intersection,meteo,collision,catr,circ,nbv,vosp,prof,plan,surf,infra,situ,vma,nb_vehicules,nb_usagers,nb_indemnes,nb_tues,nb_blesses_hosp,nb_blesses_legers,age_cond_1,age_cond_2,veh_type_cond_1,veh_type_cond_2,lum_code,agg_code,int_code,atm_code,col_code
202400007491,2024-07-06 13:27:00,2024,7,6,13,27,75,75109,RUE DE ROCHECHOUART,48.878767,2.345346,Plein jour,En agglomération,Intersection en X,Normale,Autre collision,4,1, -1,-1,1,1,1,0,1,30,1,3,2,0,0,1,28.0,,voiture,,1,2,2,1,6
202400007491,2024-07-06 13:27:00,2024,7,6,13,27,75,75109,RUE DE ROCHECHOUART,48.878767,2.345346,Plein jour,En agglomération,Intersection en X,Normale,Autre collision,4,1,1,0,2,1,1,0,1,30,1,3,2,0,0,1,28.0,,voiture,,1,2,2,1,6
202400007492,2024-03-19 18:20:00,2024,3,19,18,20,33,33063,,44.86419,-0.57371,Plein jour,En agglomération,Intersection en T,Normale,Deux véhicules - côté,4,2,2,1,1,1,1,-1,1,30,2,3,2,0,0,1,38.0,58.0,voiture,deux_roues,1,2,3,1,3
202400007492,2024-03-19 18:20:00,2024,3,19,18,20,33,33063,,44.86419,-0.57371,Plein jour,En agglomération,Intersection en T,Normale,Deux véhicules - côté,4,2, -1,-1,1,1,1,0,1,30,2,3,2,0,0,1,38.0,58.0,voiture,deux_roues,1,2,3,1,3
202400007493,2024-07-06 00:51:00,2024,7,6,0,51,75,75115,QUAI BRANLY,48.85529,2.289694,Nuit avec éclairage allumé,En agglomération,Intersection en T,Normale,Deux véhicules - côté,4,1, -1,-1,1,1,1,0,1,30,2,6,5,0,0,1,20.0,27.0,voiture,deux_roues,5,2,3,1,3
202400007493,2024-07-06 00:51:00,2024,7,6,0,51,75,75115,QUAI BRANLY,48.85529,2.289694,Nuit avec éclairage allumé,En agglomération,Intersection en T,Normale,Deux véhicules - côté,4,2,2,0,1,1,1,0,1,30,2,6,5,0,0,1,20.0,27.0,voiture,deux_roues,5,2,3,1,3
202400007494,2024-03-19 18:20:00,2024,3,19,18,20,33,33249,,44.88114,-0.5171,Plein jour,En agglomération,Hors intersection,Normale,Deux véhicules - côté,4,2,2,0,1,1,1,0,1,50,2,2,1,0,0,1,32.0,29.0,deux_roues,voiture,1,2,1,1,3
202400007495,2024-07-06 19:20:00,2024,7,6,19,20,75,75101,BOULEVARD DE SEBASTOPOL,48.8612408,2.34958693,Plein jour,En agglomération,Intersection en X,Normale,Sans collision,4,2,4,1,1,1,1,0,5,25,1,1,0,0,0,1,20.0,,deux_roues,,1,2,2,1,7
202400007495,2024-07-06 19:20:00,2024,7,6,19,20,75,75101,BOULEVARD DE SEBASTOPOL,48.8612408,2.34958693,Plein jour,En agglomération,Intersection en X,Normale,Sans collision,4,1, -1,-1,1,1,1,0,5,25,1,1,0,0,0,1,20.0,,deux_roues,,1,2,2,1,7
202400007496,2024-07-06 21:20:00,2024,7,6,21,20,94,94041,Avenue de l’Industrie,48.80937,2.40749,Crépuscule ou aube,En agglomération,Hors intersection,Normale,Deux véhicules - arrière,4,2,2,0,1,1,1,0,1,50,2,2,1,0,0,1,23.0,20.0,deux_roues,voiture,2,2,1,1,2
202400007497,2024-07-06 02:00:00,2024,7,6,2,0,94,94033,Boulevard du 25 Aout 1944,48.8443,2.4788,Nuit sans éclairage public,En agglomération,Giratoire,Normale,Autre collision,3,2,2,0,1,1,1,0,1,30,1,1,0,0,0,1,48.0,,deux_roues,,3,2,6,1,6
202400007497,2024-07-06 02:00:00,2024,7,6,2,0,94,94033,Boulevard du 25 Aout 1944,48.8443,2.4788,Nuit sans éclairage public,En agglomération,Giratoire,Normale,Autre collision,3,4,0,0,1,1,1,0,1,30,1,1,0,0,0,1,48.0,,deux_roues,,3,2,6,1,6
202400007498,2024-07-05 08:44:00,2024,7,5,8,44,94,94054,Voie des Saules,48.74703,2.41664,Plein jour,En agglomération,Passage à niveau,Normale,Deux véhicules - arrière,9,-1,0,3,1,1,1,4,6,30,2,9,0,0,0,9,47.0,46.0,transport_commun,transport_commun,1,2,8,1,2
202400007499,2024-03-19 08:45:00,2024,3,19,8,45,31,31555,AV DE LARRIEU,43.54876455,1.41635388,Plein jour,En agglomération,Hors intersection,Normale,Deux véhicules - côté,4,2,2,0,1,1,1,0,1,50,2,2,1,0,1,0,30.0,44.0,voiture,deux_roues,1,2,1,1,3
202400007500,2024-07-06 18:30:00,2024,7,6,18,30,93,93027,Avenue Paul Vaillant-Couturier,48.92597678,2.41618886,Plein jour,En agglomération,Hors intersection,Normale,Deux véhicules - côté,3,2,4,1,1,1,1,0,1,50,2,3,2,0,0,1,57.0,24.0,voiture,deux_roues,1,2,1,1,3
202400007501,2024-03-19 16:30:00,2024,3,19,16,30,25,25056,LAVOISIER RUE,47.23455,5.98411,Plein jour,En agglomération,Intersection en T,Normale,Autre collision,4,2,4,0,2,1,1,5,8,50,1,2,1,0,0,1,,,voiture,,1,2,3,1,6
202400007501,2024-03-19 16:30:00,2024,3,19,16,30,25,25056,LAVOISIER RUE,47.23455,5.98411,Plein jour,En agglomération,Intersection en T,Normale,Autre collision,4,2,2,0,4,1,1,5,1,50,1,2,1,0,0,1,,,voiture,,1,2,3,1,6
202400007502,2024-03-18 08:18:00,2024,3,18,8,18,22,22113,R.D.767,48.74336,-3.44373,Plein jour,En agglomération,Hors intersection,Normale,Deux véhicules - arrière,3,2,2,0,2,1,1,9,1,80,2,2,1,0,0,1,35.0,19.0,utilitaire_camion,voiture,1,2,1,1,2
202400007503,2024-07-06 15:35:00,2024,7,6,15,35,93,93047,GENERAL LECLERC  (RUE DU),48.90139,2.57042,Plein jour,En agglomération,Intersection en X,Normale,Deux véhicules - côté,4,1,1,-1,1,1,1,0,1,-1,2,2,1,0,1,0,20.0,27.0,deux_roues,voiture,1,2,2,1,3
202400007503,2024-07-06 15:35:00,2024,7,6,15,35,93,93047,GENERAL LECLERC  (RUE DU),48.90139,2.57042,Plein jour,En agglomération,Intersection en X,Normale,Deux véhicules - côté,4,2,2,-1,1,1,1,0,1,-1,2,2,1,0,1,0,20.0,27.0,deux_roues,voiture,1,2,2,1,3
202400007503,2024-07-06 15:35:00,2024,7,6,15,35,93,93047,GENERAL LECLERC  (RUE DU),48.90139,2.57042,Plein jour,En agglomération,Intersection en X,Normale,Deux véhicules - côté,4,2,2,0,1,1,1,0,1,50,2,2,1,0,1,0,20.0,27.0,deux_roues,voiture,1,2,2,1,3
202400007504,2024-07-06 00:29:00,2024,7,6,0,29,92,92051,"HOTEL DE VILLE (RUE DE L', N° 1 A 19)",48.88300366,2.26790079,Nuit avec éclairage allumé,En agglomération,Hors intersection,Normale,Deux véhicules - côté,4,2,2,0,1,1,1,0,1,50,2,2,0,0,0,2,22.0,21.0,deux_roues,deux_roues,5,2,1,1,3
202400007505,2024-03-19 23:30:00,2024,3,19,23,30,16,16102,SALLE VERTE (QUAI DE LA),45.69439,-0.3338,Nuit sans éclairage public,En agglomération,Giratoire,Normale,Deux véhicules - arrière,4,2,2,0,1,1,1,5,1,30,2,2,1,0,0,1,23.0,27.0,voiture,voiture,3,2,6,1,2
202400007505,2024-03-19 23:30:00,2024,3,19,23,30,16,16102,SALLE VERTE (QUAI DE LA),45.69439,-0.3338,Nuit sans éclairage public,En agglomération,Giratoire,Normale,Deux véhicules - arrière,4,2,2,0,1,1,1,5,1,30,2,2,1,0,0,1,23.0,27.0,voiture,voiture,3,2,6,1,2
202400007506,2024-07-06 16:50:00,2024,7,6,16,50,92,92049,JAURES AVENUE JEAN N°53 A FIN,48.81358843,2.30682921,Plein jour,En agglomération,Intersection en X,Normale,Deux véhicules - côté,4,1,1,0,1,1,1,0,1,50,2,2,1,0,0,1,60.0,33.0,voiture,deux_roues,1,2,2,1,3
202400007506,2024-07-06 16:50:00,2024,7,6,16,50,92,92049,JAURES AVENUE JEAN N°53 A FIN,48.81358843,2.30682921,Plein jour,En agglomération,Intersection en X,Normale,Deux véhicules - côté,4,2,2,0,1,1,1,0,1,50,2,2,1,0,0,1,60.0,33.0,voiture,deux_roues,1,2,2,1,3
202400007507,2024-07-06 18:33:00,2024,7,6,18,33,92,92044,LORRAINE (RUE DE),48.89266,2.29596,Plein jour,En agglomération,Hors intersection,Normale,Sans collision,4,1,1,0,1,1,1,0,1,30,1,1,0,0,0,1,56.0,,deux_roues,,1,2,1,1,7
202400007508,2024-03-19 16:30:00,2024,3,19,16,30,14,14118,48 Rue Pierre Gringoire,49.17068,-0.3398,Plein jour,En agglomération,Giratoire,Normale,Deux véhicules - arrière,4,-1,2,0,1,2,1,5,1,50,2,2,1,0,0,1,71.0,33.0,voiture,deux_roues,1,2,6,1,2
202400007509,2024-07-06 16:20:00,2024,7,6,16,20,92,92035,Pierre Joigneaux ( rue ),48.91117523,2.25465891,Plein jour,En agglomération,Intersection en T,Normale,Autre collision,3,2,3,0,1,1,1,0,1,50,1,2,1,0,0,1,,,deux_roues,,1,2,3,1,6
202400007509,2024-07-06 16:20:00,2024,7,6,16,20,92,92035,Pierre Joigneaux ( rue ),48.91117523,2.25465891,Plein jour,En agglomération,Intersection en T,Normale,Autre collision,3,2,3,0,1,1,1,0,1,50,1,2,1,0,0,1,,,deux_roues,,1,2,3,1,6
202400007510,2024-03-19 20:20:00,2024,3,19,20,20,13,13117,CD 9 ESTROUBLANS,43.42689062,5.24996116,Nuit sans éclairage public,Hors agglomération,Hors intersection,Normale,Deux véhicules - arrière,3,1,2,0,1,1,1,2,1,90,2,4,3,0,0,1,,65.0,voiture,voiture,3,1,1,1,2
202400007511,2024-07-06 19:20:00,2024,7,6,19,20,92,92012,ANCIENS COMBATTANT (ROND - POINT DES),48.84809,2.24175,Plein jour,En agglomération,Autre intersection,Normale,Deux véhicules - côté,4,1,2,0,1,2,1,0,1,50,2,2,1,0,0,1,93.0,51.0,voiture,deux_roues,1,2,9,1,3
202400007512,2024-07-06 15:40:00,2024,7,6,15,40,92,92012,HEINRICH (RUE),48.82700371,2.2435627,Plein jour,En agglomération,Hors intersection,Normale,Deux véhicules - côté,4,1,1,0,1,1,1,0,1,30,2,2,1,0,0,1,26.0,,deux_roues,voiture,1,2,1,1,3
202400007513,2024-03-18 15:35:00,2024,3,18,15,35,13,13207,Corniche John Fitzgérald Kennedy,43.27322,5.36308,Plein jour,En agglomération,Hors intersection,Normale,Deux véhicules - côté,4,1,3,0,1,1,1,0,1,50,2,2,1,0,0,1,60.0,73.0,utilitaire_camion,deux_roues,1,2,1,1,3
202400007514,2024-03-19 16:02:00,2024,3,19,16,2,06,06088,Voie Romaine,43.72349,7.28304,Plein jour,En agglomération,Hors intersection,Normale,Autre collision,4,3,4,0,2,1,1,0,1,50,1,2,0,0,0,2,32.0,,deux_roues,,1,2,1,1,6
202400007515,2024-07-06 10:50:00,2024,7,6,10,50,976,97617,D1,-12.789642,45.130886,Plein jour,En agglomération,Hors intersection,Normale,Deux véhicules - frontale,3,2,2,0,1,1,1,0,1,50,2,5,4,1,0,0,34.0,46.0,voiture,utilitaire_camion,1,2,1,1,1
202400007516,2024-03-18 17:50:00,2024,3,18,17,50,06,06069,Route de Plascassier,43.65011,6.96019,Plein jour,Hors agglomération,Hors intersection,Normale,Deux véhicules - côté,3,2,2,0,2,1,1,0,1,50,2,2,1,0,0,1,31.0,29.0,voiture,deux_roues,1,1,1,1,3
202400007517,2024-07-06 05:13:00,2024,7,6,5,13,40,40291,A63,43.67129283,-1.31883429,Crépuscule ou aube,Hors agglomération,Hors intersection,Normale,Deux véhicules - arrière,1,3,3,0,1,1,1,0,1,130,2,4,3,0,1,0,21.0,55.0,utilitaire_camion,utilitaire_camion,2,1,1,1,2
202400007518,2024-03-19 11:00:00,2024,3,19,11,0,06,06029,Chemin de la Plaine de Laval,43.556124,6.9572068,Plein jour,Hors agglomération,Hors intersection,Normale,Deux véhicules - arrière,4,2,2,0,1,1,1,0,1,50,2,2,1,0,0,1,37.0,46.0,voiture,utilitaire_camion,1,1,1,1,2
202400007519,2024-06-28 09:45:00,2024,6,28,9,45,59,59616,Rue Jean Jaurès,50.466379,3.547538,Plein jour,En agglomération,Hors intersection,Normale,Deux véhicules - frontale,3,2,2,0,1,1,1,0,1,50,2,2,1,0,0,1,59.0,16.0,utilitaire_camion,deux_roues,1,2,1,1,1
202400007520,2024-07-07 00:30:00,2024,7,7,0,30,06,06114,910 Route de la Colle,43.749878,7.29147,Nuit avec éclairage allumé,En agglomération,Hors intersection,Normale,Autre collision,7,2,2,0,2,2,1,0,1,50,1,1,0,1,0,0,20.0,,deux_roues,,5,2,1,1,6
202400007521,2024-03-19 18:00:00,2024,3,19,18,0,75,75113,BD PERIPHERIQUE EXTERIEUR,48.820674,2.376784,Crépuscule ou aube,En agglomération,Hors intersection,Normale,Deux véhicules - côté,4,1,4,0,1,1,1,0,1,70,2,3,2,0,0,1,21.0,46.0,voiture,deux_roues,2,2,1,1,3
202400007522,2024-07-07 14:30:00,2024,7,7,14,30,40,40065,13 Rue Jean Rameau,43.649928,-1.442071,Plein jour,En agglomération,Hors intersection,Normale,Autre collision,4,1,1,0,2,1,1,0,1,50,1,1,0,0,1,0,77.0,,voiture,,1,2,1,1,6
202400007523,2024-03-18 12:55:00,2024,3,18,12,55,75,75115,BD PERIPHERIQUE EXTERIEUR,48.828966,2.288562,Plein jour,En agglomération,Hors intersection,Normale,Deux véhicules - arrière,4,1,3,0,1,1,1,0,1,70,2,2,1,0,0,1,21.0,24.0,voiture,utilitaire_camion,1,2,1,1,2
202400007524,2024-07-07 04:15:00,2024,7,7,4,15,81,81139,la mandouille,43.668574,2.111424,Nuit sans éclairage public,Hors agglomération,Intersection en X,Normale,Autre collision,3,2,2,0,1,1,2,5,1,80,1,2,1,0,1,0,58.0,,voiture,,3,1,2,1,6
202400007524,2024-07-07 04:15:00,2024,7,7,4,15,81,81139,la mandouille,43.668574,2.111424,Nuit sans éclairage public,Hors agglomération,Intersection en X,Normale,Autre collision,3,2, -1,-1,1,1,2,5,1,80,1,2,1,0,1,0,58.0,,voiture,,3,1,2,1,6
202400007525,2024-03-19 15:05:00,2024,3,19,15,5,75,75116,BD PERIPHERIQUE EXTERIEUR ,48.83502965,2.25995797,Plein jour,En agglomération,Hors intersection,Normale,Sans collision,4,1,5,0,1,2,1,0,1,70,1,1,0,0,0,1,28.0,,deux_roues,,1,2,1,1,7
202400007526,2024-07-07 10:50:00,2024,7,7,10,50,68,68227,Roue départementale 4,48.097368,7.491866,Plein jour,Hors agglomération,Intersection en X,Normale,Deux véhicules - côté,3,2,2,0,1,1,1,0,1,80,2,2,0,0,1,1,33.0,52.0,voiture,deux_roues,1,1,2,1,3
202400007526,2024-07-07 10:50:00,2024,7,7,10,50,68,68227,Roue départementale 4,48.097368,7.491866,Plein jour,Hors agglomération,Intersection en X,Normale,Deux véhicules - côté,3,4, -1,-1,1,1,1,0,1,-1,2,2,0,0,1,1,33.0,52.0,voiture,deux_roues,1,1,2,1,3
202400007527,2024-03-18 14:38:00,2024,3,18,14,38,75,75120,RUE DE BAGNOLET,48.856576,2.394488,Plein jour,En agglomération,Intersection en X,Normale,Autre collision,4,2,2,1,1,1,1,0,1,30,1,2,1,0,1,0,22.0,,utilitaire_camion,,1,2,2,1,6
202400007527,2024-03-18 14:38:00,2024,3,18,14,38,75,75120,RUE DE BAGNOLET,48.856576,2.394488,Plein jour,En agglomération,Intersection en X,Normale,Autre collision,4,2,2,0,2,1,1,0,1,30,1,2,1,0,1,0,22.0,,utilitaire_camion,,1,2,2,1,6
202400007528,2024-07-07 18:30:00,2024,7,7,18,30,974,97401,153 Route du Tévelave,-21.210739,55.356921,Nuit avec éclairage allumé,Hors agglomération,Hors intersection,Normale,Deux véhicules - arrière,3,2,2,0,2,3,1,0,1,50,2,2,1,0,1,0,33.0,32.0,deux_roues,voiture,5,1,1,1,2
202400007529,2024-03-19 16:10:00,2024,3,19,16,10,75,75106,BOULEVARD RASPAIL,48.845226,2.328474,Plein jour,En agglomération,Intersection en Y,Normale,Autre collision,4,1,2,0,2,1,1,0,1,30,1,2,1,0,0,1,66.0,,voiture,,1,2,4,1,6
202400007529,2024-03-19 16:10:00,2024,3,19,16,10,75,75106,BOULEVARD RASPAIL,48.845226,2.328474,Plein jour,En agglomération,Intersection en Y,Normale,Autre collision,4,1, -1,-1,1,1,1,0,1,30,1,2,1,0,0,1,66.0,,voiture,,1,2,4,1,6
202400007530,2024-07-06 00:30:00,2024,7,6,0,30,972,97225,Allée Pécoul au 129,14.75445,-61.169477,Nuit avec éclairage allumé,En agglomération,Hors intersection,Pluie légère,Autre collision,3,2,2,0,2,1,2,0,3,30,1,5,0,0,5,0,22.0,,voiture,,5,2,1,2,6
202400007531,2024-03-19 20:20:00,2024,3,19,20,20,75,75120,PLACE GAMBETTA,48.864625,2.398762,Nuit avec éclairage allumé,En agglomération,Place,Normale,Autre collision,4,2, -1,-1,1,1,1,0,1,30,1,2,1,0,0,1,22.0,,utilitaire_camion,,5,2,7,1,6
202400007531,2024-03-19 20:20:00,2024,3,19,20,20,75,75120,PLACE GAMBETTA,48.864625,2.398762,Nuit avec éclairage allumé,En agglomération,Place,Normale,Autre collision,4,2,2,0,1,1,1,0,1,30,1,2,1,0,0,1,22.0,,utilitaire_camion,,5,2,7,1,6
202400007532,2024-07-07 19:35:00,2024,7,7,19,35,11,11067,rte departementale 6113,43.211213,2.832499,Plein jour,Hors agglomération,Hors intersection,Normale,Autre collision,3,2,2,0,1,1,1,0,1,80,1,2,0,0,2,0,30.0,,voiture,,1,1,1,1,6
202400007533,2024-03-19 14:20:00,2024,3,19,14,20,75,75118,RUE JOSEPH DE MAISTRE,48.888728,2.331849,Plein jour,En agglomération,Intersection en T,Normale,Deux véhicules - côté,4,1,1,0,1,1,1,0,1,30,2,2,1,0,0,1,44.0,46.0,deux_roues,deux_roues,1,2,3,1,3
202400007533,2024-03-19 14:20:00,2024,3,19,14,20,75,75118,RUE JOSEPH DE MAISTRE,48.888728,2.331849,Plein jour,En agglomération,Intersection en T,Normale,Deux véhicules - côté,4,2,2,0,2,1,1,0,1,30,2,2,1,0,0,1,44.0,46.0,deux_roues,deux_roues,1,2,3,1,3
202400007534,2024-07-07 17:40:00,2024,7,7,17,40,01,01109,D884,46.152754,5.909743,Plein jour,Hors agglomération,Hors intersection,Normale,Deux véhicules - côté,3,3,2,0,2,1,1,0,1,110,2,2,1,0,1,0,51.0,34.0,deux_roues,voiture,1,1,1,1,3
202400007535,2024-07-07 00:50:00,2024,7,7,0,50,971,97109,Rue Charles Borromée,15.991313,-61.715296,Nuit avec éclairage allumé,En agglomération,Hors intersection,Pluie légère,Autre collision,2,2,2,0,2,1,2,0,3,80,1,2,1,0,1,0,22.0,,voiture,,5,2,1,2,6
202400007536,2024-03-19 13:10:00,2024,3,19,13,10,75,75118,RUE CAILLIE,48.885751,2.364993,Plein jour,En agglomération,Intersection en T,Normale,Deux véhicules - côté,4,1,1,0,1,1,1,0,1,30,2,2,1,0,0,1,50.0,4.0,voiture,deux_roues,1,2,3,1,3
202400007536,2024-03-19 13:10:00,2024,3,19,13,10,75,75118,RUE CAILLIE,48.885751,2.364993,Plein jour,En agglomération,Intersection en T,Normale,Deux véhicules - côté,4,1,1,0,1,1,1,0,1,30,2,2,1,0,0,1,50.0,4.0,voiture,deux_roues,1,2,3,1,3
202400007537,2024-07-06 20:30:00,2024,7,6,20,30,42,42036,Rue de la Fontaine Disparue,45.535604,4.550518,Plein jour,Hors agglomération,Hors intersection,Pluie légère,Autre collision,7,2,2,0,1,1,2,0,1,80,1,1,0,0,0,1,22.0,,voiture,,1,1,1,2,6
202400007538,2024-07-07 09:00:00,2024,7,7,9,0,51,51238,D18,48.911148,3.837233,Plein jour,Hors agglomération,Hors intersection,Normale,Sans collision,3,2,2,0,1,1,1,0,3,90,1,1,0,0,1,0,43.0,,voiture,,1,1,1,1,7
202400007539,2024-03-19 20:50:00,2024,3,19,20,50,75,75117,AVENUE DE LA GRANDE ARMEE,48.87683979,2.2854833,Nuit avec éclairage allumé,En agglomération,Intersection en T,Normale,Sans collision,4,1,4,0,2,1,1,0,1,50,1,1,0,0,0,1,56.0,,deux_roues,,5,2,3,1,7
202400007539,2024-03-19 20:50:00,2024,3,19,20,50,75,75117,AVENUE DE LA GRANDE ARMEE,48.87683979,2.2854833,Nuit avec éclairage allumé,En agglomération,Intersection en T,Normale,Sans collision,4,1, -1,-1,1,1,1,0,1,50,1,1,0,0,0,1,56.0,,deux_roues,,5,2,3,1,7
202400007540,2024-07-07 16:40:00,2024,7,7,16,40,77,77026,D403,48.618995,3.385185,Plein jour,Hors agglomération,Hors intersection,Normale,Sans collision,3,2,2,0,4,1,1,2,1,80,1,1,0,0,0,1,19.0,,voiture,,1,1,1,1,7
202400007541,2024-03-19 16:35:00,2024,3,19,16,35,75,75117,BOULEVARD GOUVION SAINT CYR,48.885179,2.290666,Plein jour,En agglomération,Hors intersection,Normale,Autre collision,4,2,4,2,1,1,1,0,1,30,1,2,1,0,0,1,,,deux_roues,,1,2,1,1,6
202400007542,2024-03-19 08:25:00,2024,3,19,8,25,75,75117,BOULEVARD DE REIMS,48.888194,2.295542,Plein jour,En agglomération,Hors intersection,Normale,Autre collision,4,1,1,1,1,1,1,6,1,30,1,2,1,0,0,1,23.0,,deux_roues,,1,2,1,1,6
202400007543,2024-03-19 11:00:00,2024,3,19,11,0,75,75114,AVENUE LUCIEN DESCAVES,48.817619,2.33246,Plein jour,En agglomération,Hors intersection,Normale,Sans collision,4,1,4,1,1,1,1,0,1,30,1,1,0,0,0,1,44.0,,deux_roues,,1,2,1,1,7
202400007544,2024-07-07 09:45:00,2024,7,7,9,45,80,80762,D6,49.942466,3.043535,Plein jour,Hors agglomération,Intersection en X,Normale,Deux véhicules - côté,3,3,2,0,2,1,1,0,1,80,2,2,1,0,1,0,81.0,74.0,voiture,deux_roues,1,1,2,1,3
202400007544,2024-07-07 09:45:00,2024,7,7,9,45,80,80762,D6,49.942466,3.043535,Plein jour,Hors agglomération,Intersection en X,Normale,Deux véhicules - côté,3,3,2,0,2,1,1,0,1,50,2,2,1,0,1,0,81.0,74.0,voiture,deux_roues,1,1,2,1,3
202400007545,2024-07-07 15:40:00,2024,7,7,15,40,63,63168,chemin de la cartade,45.74534542,3.39508653,Plein jour,Hors agglomération,Hors intersection,Normale,Sans collision,9,-1,2,0,2,2,9,0,8,30,1,1,0,0,0,1,16.0,,deux_roues,,1,1,1,1,7
202400007546,2024-03-19 15:35:00,2024,3,19,15,35,75,75113,BOULEVARD KELLERMANN,48.820808,2.350882,Plein jour,En agglomération,Intersection en T,Normale,Autre collision,4,3,4,1,2,1,1,0,5,30,1,2,1,0,0,1,20.0,,deux_roues,,1,2,3,1,6
202400007546,2024-03-19 15:35:00,2024,3,19,15,35,75,75113,BOULEVARD KELLERMANN,48.820808,2.350882,Plein jour,En agglomération,Intersection en T,Normale,Autre collision,4,-1, -1,-1,1,1,1,0,5,30,1,2,1,0,0,1,20.0,,deux_roues,,1,2,3,1,6
202400007547,2024-07-06 05:30:00,2024,7,6,5,30,61,61061,RD918,48.444447,0.894677,Nuit sans éclairage public,Hors agglomération,Hors intersection,Pluie légère,Autre collision,3,2,2,0,1,2,2,0,1,70,1,2,0,0,1,1,27.0,,deux_roues,,3,1,1,2,6
202400007548,2024-03-19 19:45:00,2024,3,19,19,45,75,75108,BOULEVARD MALESHERBES,48.877782,2.316293,Nuit avec éclairage allumé,En agglomération,Intersection en X,Normale,Autre collision,4,3,8,0,1,1,1,0,1,30,1,1,0,0,0,1,37.0,,deux_roues,,5,2,2,1,6
202400007548,2024-03-19 19:45:00,2024,3,19,19,45,75,75108,BOULEVARD MALESHERBES,48.877782,2.316293,Nuit avec éclairage allumé,En agglomération,Intersection en X,Normale,Autre collision,4,1, -1,-1,1,1,1,0,1,30,1,1,0,0,0,1,37.0,,deux_roues,,5,2,2,1,6
202400007549,2024-07-06 07:30:00,2024,7,6,7,30,49,49018,Avenue de Chandelais,47.530767,-0.083068,Plein jour,Hors agglomération,Hors intersection,Pluie légère,Sans collision,3,2,2,0,1,1,2,0,3,-1,1,3,1,0,1,1,49.0,,voiture,,1,1,1,2,7
202400007550,2024-03-19 08:50:00,2024,3,19,8,50,75,75108,VOIE GEORGES POMPIDOU,48.864577,2.303843,Plein jour,En agglomération,Hors intersection,Normale,Trois véhicules et plus - en chaîne,4,1,2,0,1,1,1,0,1,50,3,4,1,0,0,3,46.0,26.0,deux_roues,deux_roues,1,2,1,1,4
202400007551,2024-07-07 18:20:00,2024,7,7,18,20,12,12066,route du vallon,44.415069,2.419422,Plein jour,En agglomération,Hors intersection,Normale,Autre collision,3,2,2,0,1,1,1,0,1,30,1,1,0,0,1,0,57.0,,deux_roues,,1,2,1,1,6
202400007552,2024-07-07 17:15:00,2024,7,7,17,15,39,39177,6 Route de Champagnole,46.688363,5.661819,Plein jour,En agglomération,Hors intersection,Normale,Autre collision,3,2,2,0,1,1,1,0,4,50,1,1,0,0,1,0,72.0,,deux_roues,,1,2,1,1,6
202400007553,2024-03-19 10:45:00,2024,3,19,10,45,75,75106,RUE BONAPARTE,48.850256,2.332643,Plein jour,En agglomération,Intersection en T,Normale,Autre collision,4,1, -1,-1,1,1,1,0,1,30,2,2,1,0,0,1,36.0,15.0,utilitaire_camion,deux_roues,1,2,3,1,6
202400007553,2024-03-19 10:45:00,2024,3,19,10,45,75,75106,RUE BONAPARTE,48.850256,2.332643,Plein jour,En agglomération,Intersection en T,Normale,Autre collision,4,2,2,1,1,1,1,0,1,30,2,2,1,0,0,1,36.0,15.0,utilitaire_camion,deux_roues,1,2,3,1,6
202400007554,2024-07-07 16:15:00,2024,7,7,16,15,44,44072,411 Route de la Roche Bernard,47.489412,-2.29743,Plein jour,Hors agglomération,Hors intersection,Normale,Deux véhicules - frontale,3,2,2,0,1,1,1,0,1,80,2,2,1,0,1,0,35.0,33.0,deux_roues,voiture,1,1,1,1,1
202400007555,2024-03-19 17:26:00,2024,3,19,17,26,75,75104,RUE DE LA CITE,48.85564466,2.34831816,Plein jour,En agglomération,Intersection en X,Normale,Autre collision,4,1,2,0,1,1,1,0,1,30,1,2,1,0,1,0,53.0,,voiture,,1,2,2,1,6
202400007555,2024-03-19 17:26:00,2024,3,19,17,26,75,75104,RUE DE LA CITE,48.85564466,2.34831816,Plein jour,En agglomération,Intersection en X,Normale,Autre collision,4,1,3,1,1,1,1,0,1,30,1,2,1,0,1,0,53.0,,voiture,,1,2,2,1,6
202400007556,2024-07-06 17:00:00,2024,7,6,17,0,44,44072,172 route de la roche bernard,47.468979,-2.308347,Plein jour,Hors agglomération,Hors intersection,Normale,Deux véhicules - côté,3,2,2,0,1,1,1,0,1,80,2,2,1,0,1,0,69.0,23.0,deux_roues,voiture,1,1,1,1,3
202400007557,2024-03-19 17:13:00,2024,3,19,17,13,75,75104,RUE DE LA CITE,48.855637,2.348355,Plein jour,En agglomération,Intersection en X,Normale,Autre collision,4,1,1,0,1,1,1,5,4,30,1,2,1,0,0,1,33.0,,voiture,,1,2,2,1,6
202400007557,2024-03-19 17:13:00,2024,3,19,17,13,75,75104,RUE DE LA CITE,48.855637,2.348355,Plein jour,En agglomération,Intersection en X,Normale,Autre collision,4,1,3,1,1,1,1,5,4,30,1,2,1,0,0,1,33.0,,voiture,,1,2,2,1,6
202400007558,2024-07-06 01:10:00,2024,7,6,1,10,35,35302,Rue de la Fontaine,48.17838724,-2.18167394,Nuit avec éclairage non allumé,En agglomération,Hors intersection,Normale,Autre collision,3,-1,2,0,1,2,1,9,1,50,1,1,0,0,1,0,20.0,,deux_roues,,4,2,1,1,6