accident_id,datetime,annee,mois,jour,heure,minute,departement,commune_insee,adresse,latitude,longitude,luminosite,agglomeration,intersection,meteo,collision,catr,circ,nbv,vosp,prof,plan,surf,infra,situ,vma,nb_vehicules,nb_usagers,nb_indemnes,nb_tues,nb_blesses_hosp,nb_blesses_legers,age_cond_1,age_cond_2,veh_type_cond_1,veh_type_cond_2,lum_code,agg_code,int_code,atm_code,col_code
202400007705,2024-07-05 13:15:00,2024,7,5,13,15,64,64445,LEON SAY,43.29411,-0.36345,Plein jour,En agglomération,Intersection en Y,Normale,Deux véhicules - côté,4,2,2,0,3,2,1,0,1,50,2,2,1,0,1,0,38.0,45.0,voiture,deux_roues,1,2,4,1,3
202400007705,2024-07-05 13:15:00,2024,7,5,13,15,64,64445,LEON SAY,43.29411,-0.36345,Plein jour,En agglomération,Intersection en Y,Normale,Deux véhicules - côté,4,2,2,0,3,3,1,0,1,50,2,2,1,0,1,0,38.0,45.0,voiture,deux_roues,1,2,4,1,3
202400007706,2024-07-04 18:00:00,2024,7,4,18,0,64,64269,BEARN DU,43.30249,-0.30821,Plein jour,Hors agglomération,Hors intersection,Normale,Trois véhicules et plus - en chaîne,3,2,2,0,1,1,1,0,1,70,3,3,2,0,0,1,53.0,21.0,voiture,voiture,1,1,1,1,4
202400007707,2024-07-04 15:10:00,2024,7,4,15,10,64,64122,IMPERATRICE (AVENUE DE L'),43.48912,-1.55283,Plein jour,En agglomération,Hors intersection,Normale,Deux véhicules - côté,4,2,2,0,2,1,1,0,1,30,2,2,1,0,0,1,62.0,63.0,deux_roues,deux_roues,1,2,1,1,3
202400007708,2024-07-05 17:41:00,2024,7,5,17,41,64,64024,BIARRITZ (AVENUE DE),43.48016,-1.52241,Plein jour,En agglomération,Intersection en T,Temps éblouissant,Deux véhicules - côté,4,2,2,1,1,1,1,0,1,50,2,2,1,0,1,0,26.0,69.0,deux_roues,voiture,1,2,3,7,3
202400007708,2024-07-05 17:41:00,2024,7,5,17,41,64,64024,BIARRITZ (AVENUE DE),43.48016,-1.52241,Plein jour,En agglomération,Intersection en T,Temps éblouissant,Deux véhicules - côté,4,2,2,0,1,1,1,0,1,50,2,2,1,0,1,0,26.0,69.0,deux_roues,voiture,1,2,3,7,3
202400007709,2024-07-06 00:45:00,2024,7,6,0,45,63,63113,BARBUSSE (RUE HENRI),45.78269,3.08657,Nuit avec éclairage allumé,En agglomération,Intersection en T,Normale,Deux véhicules - côté,4,2,2,0,1,1,1,5,1,30,2,3,1,0,2,0,16.0,24.0,deux_roues,voiture,5,2,3,1,3
202400007709,2024-07-06 00:45:00,2024,7,6,0,45,63,63113,BARBUSSE (RUE HENRI),45.78269,3.08657,Nuit avec éclairage allumé,En agglomération,Intersection en T,Normale,Deux véhicules - côté,4,2,2,0,1,1,1,5,1,30,2,3,1,0,2,0,16.0,24.0,deux_roues,voiture,5,2,3,1,3
202400007710,2024-07-05 09:45:00,2024,7,5,9,45,62,62758,Route de Saint Omer,50.72513639,1.62834334,Plein jour,En agglomération,Hors intersection,Pluie forte,Autre collision,4,-1,0,0,1,1,2,0,8,50,1,3,2,0,1,0,52.0,,utilitaire_camion,,1,2,1,3,6
202400007711,2024-07-05 17:50:00,2024,7,5,17,50,59,59291,MARECHAL LECLERC (AVENUE DU),50.24405,3.91277,Plein jour,En agglomération,Intersection en X,Normale,Autre collision,4,2,2,0,2,1,1,0,1,50,2,2,1,0,0,1,48.0,24.0,voiture,deux_roues,1,2,2,1,6
202400007711,2024-07-05 17:50:00,2024,7,5,17,50,59,59291,MARECHAL LECLERC (AVENUE DU),50.24405,3.91277,Plein jour,En agglomération,Intersection en X,Normale,Autre collision,4,2, -1,0,1,1,1,0,1,50,2,2,1,0,0,1,48.0,24.0,voiture,deux_roues,1,2,2,1,6
202400007712,2024-07-06 00:01:00,2024,7,6,0,1,59,59350,Pont de Fives ,50.63337,3.08174,Nuit avec éclairage allumé,En agglomération,Hors intersection,Normale,Deux véhicules - côté,7,1,1,1,2,1,1,2,5,50,2,2,1,0,0,1,,58.0,voiture,deux_roues,5,2,1,1,3
202400007713,2024-07-05 19:30:00,2024,7,5,19,30,59,59350,Rue Ernest Loyer,50.64696,2.97911,Plein jour,En agglomération,Intersection en T,Temps couvert,Deux véhicules - frontale,4,2,2,0,1,1,1,0,1,30,2,3,1,0,0,2,20.0,32.0,voiture,voiture,1,2,3,8,1
202400007713,2024-07-05 19:30:00,2024,7,5,19,30,59,59350,Rue Ernest Loyer,50.64696,2.97911,Plein jour,En agglomération,Intersection en T,Temps couvert,Deux véhicules - frontale,4,2,2,0,1,1,1,0,1,30,2,3,1,0,0,2,20.0,32.0,voiture,voiture,1,2,3,8,1
202400007714,2024-07-04 12:20:00,2024,7,4,12,20,56,56162,Route du Courégant,47.70431,-3.45874,Plein jour,En agglomération,Hors intersection,Normale,Autre collision,4,2,2,0,2,1,1,0,3,30,1,1,0,0,0,1,20.0,,deux_roues,,1,2,1,1,6
202400007715,2024-07-05 13:25:00,2024,7,5,13,25,54,54395,Boulevard Lobau,48.681352,6.197971,Plein jour,En agglomération,Hors intersection,Normale,Deux véhicules - arrière,4,2,4,0,1,1,1,0,1,50,2,2,1,0,0,1,47.0,36.0,voiture,deux_roues,1,2,1,1,2
202400007716,2024-07-05 08:45:00,2024,7,5,8,45,54,54304,Avenue de la Résistance,48.694214,6.131817,Plein jour,En agglomération,Intersection en X,Normale,Deux véhicules - arrière,4,2, -1,0,1,1,1,0,1,50,2,2,1,0,0,1,70.0,68.0,voiture,voiture,1,2,2,1,2
202400007716,2024-07-05 08:45:00,2024,7,5,8,45,54,54304,Avenue de la Résistance,48.694214,6.131817,Plein jour,En agglomération,Intersection en X,Normale,Deux véhicules - arrière,4,2,5,0,1,1,1,0,1,50,2,2,1,0,0,1,70.0,68.0,voiture,voiture,1,2,2,1,2
202400007717,2024-07-04 16:10:00,2024,7,4,16,10,51,51454,GARNIER (RUE FRANCIS),49.28815,4.02345,Plein jour,En agglomération,Hors intersection,Normale,Deux véhicules - arrière,4,2,2,0,1,1,1,0,1,50,2,3,1,0,0,2,74.0,52.0,voiture,voiture,1,2,1,1,2
202400007718,2024-07-05 14:05:00,2024,7,5,14,5,49,49007,MOULIN BOULEVARD,47.49162,-0.55744,Plein jour,En agglomération,Intersection en T,Normale,Deux véhicules - côté,4,2,2,0,1,1,1,0,1,30,2,3,1,0,0,2,21.0,27.0,voiture,utilitaire_camion,1,2,3,1,3
202400007718,2024-07-05 14:05:00,2024,7,5,14,5,49,49007,MOULIN BOULEVARD,47.49162,-0.55744,Plein jour,En agglomération,Intersection en T,Normale,Deux véhicules - côté,4,2,2,2,1,3,1,0,1,50,2,3,1,0,0,2,21.0,27.0,voiture,utilitaire_camion,1,2,3,1,3
202400007719,2024-07-05 13:20:00,2024,7,5,13,20,49,49007,COUBERTIN BOULEVARD,47.46325,-0.55242,Plein jour,En agglomération,Hors intersection,Normale,Deux véhicules - arrière,4,2,2,1,1,1,1,0,1,50,2,2,1,0,0,1,42.0,47.0,voiture,voiture,1,2,1,1,2
202400007720,2024-07-05 14:45:00,2024,7,5,14,45,45,45234,52 Rue Maurice Dubois,47.922274,1.892385,Plein jour,En agglomération,Intersection en X,Normale,Deux véhicules - côté,4,1,1,0,1,1,1,0,1,50,2,2,1,0,0,1,64.0,39.0,voiture,deux_roues,1,2,2,1,3
202400007720,2024-07-05 14:45:00,2024,7,5,14,45,45,45234,52 Rue Maurice Dubois,47.922274,1.892385,Plein jour,En agglomération,Intersection en X,Normale,Deux véhicules - côté,4,2,2,0,1,1,1,9,1,50,2,2,1,0,0,1,64.0,39.0,voiture,deux_roues,1,2,2,1,3
202400007721,2024-07-05 20:35:00,2024,7,5,20,35,41,41018,VILLOISEAU (RUE DE),47.59874,1.29409,Plein jour,En agglomération,Hors intersection,Normale,Deux véhicules - frontale,4,2,2,0,1,3,1,0,1,50,2,2,1,0,0,1,48.0,18.0,deux_roues,utilitaire_camion,1,2,1,1,1
202400007722,2024-07-05 09:42:00,2024,7,5,9,42,41,41018,BOURG SAINT JEAN (RUE DU),47.58898,1.33908,Plein jour,En agglomération,Hors intersection,Normale,Autre collision,4,1,1,0,1,1,1,0,1,30,1,2,1,0,1,0,24.0,,utilitaire_camion,,1,2,1,1,6
202400007723,2024-07-06 00:01:00,2024,7,6,0,1,38,38185,LESDIGUIERES (RUE)      8 A GAMBETTA,45.18613041,5.72467893,Nuit avec éclairage allumé,En agglomération,Intersection en X,Normale,Deux véhicules - frontale,4,2,0,1,1,1,1,0,1,30,2,2,1,0,0,1,32.0,27.0,deux_roues,voiture,5,2,2,1,1
202400007723,2024-07-06 00:01:00,2024,7,6,0,1,38,38185,LESDIGUIERES (RUE)      8 A GAMBETTA,45.18613041,5.72467893,Nuit avec éclairage allumé,En agglomération,Intersection en X,Normale,Deux véhicules - frontale,4,2,5,1,1,1,1,0,1,30,2,2,1,0,0,1,32.0,27.0,deux_roues,voiture,5,2,2,1,1
202400007724,2024-07-05 20:45:00,2024,7,5,20,45,37,37233,GRAND COUR (RUE DE LA),47.38917,0.71524,Plein jour,En agglomération,Intersection en T,Normale,Deux véhicules - frontale,4,1,1,0,1,1,1,0,1,50,2,2,1,0,0,1,30.0,30.0,deux_roues,voiture,1,2,3,1,1
202400007724,2024-07-05 20:45:00,2024,7,5,20,45,37,37233,GRAND COUR (RUE DE LA),47.38917,0.71524,Plein jour,En agglomération,Intersection en T,Normale,Deux véhicules - frontale,4,2, -1,0,1,1,1,0,1,50,2,2,1,0,0,1,30.0,30.0,deux_roues,voiture,1,2,3,1,1
202400007725,2024-07-05 18:25:00,2024,7,5,18,25,37,37233,DUCLOS (AVENUE JACQUES),47.3796,0.72367,Plein jour,En agglomération,Hors intersection,Normale,Deux véhicules - arrière,4,2,0,0,1,1,1,0,1,50,2,2,1,0,0,1,23.0,53.0,deux_roues,voiture,1,2,1,1,2
202400007726,2024-07-05 17:45:00,2024,7,5,17,45,37,37261,BERANGER (BOULEVARD),47.39001,0.68629,Plein jour,En agglomération,Autre intersection,Normale,Deux véhicules - côté,4,3,2,0,2,1,1,0,1,30,2,3,0,0,0,3,17.0,18.0,deux_roues,deux_roues,1,2,9,1,3
202400007726,2024-07-05 17:45:00,2024,7,5,17,45,37,37261,BERANGER (BOULEVARD),47.39001,0.68629,Plein jour,En agglomération,Autre intersection,Normale,Deux véhicules - côté,4,3,2,3,1,1,1,0,5,50,2,3,0,0,0,3,17.0,18.0,deux_roues,deux_roues,1,2,9,1,3
202400007727,2024-07-05 15:15:00,2024,7,5,15,15,36,36044,Rue Victor Hugo,46.810928,1.691971,Plein jour,En agglomération,Hors intersection,Normale,Deux véhicules - côté,4,1,1,0,1,1,1,0,1,30,2,2,1,0,0,1,56.0,16.0,utilitaire_camion,deux_roues,1,2,1,1,3
202400007728,2024-07-05 15:20:00,2024,7,5,15,20,35,35051,BRAY (RUE DE),48.10777,-1.61503,Plein jour,En agglomération,Hors intersection,Normale,Deux véhicules - côté,4,2,2,2,1,1,1,0,5,50,2,2,1,0,0,1,26.0,40.0,utilitaire_camion,deux_roues,1,2,1,1,3
202400007729,2024-07-05 15:15:00,2024,7,5,15,15,35,35051,EST (ROCADE),48.09933,-1.61425,Plein jour,Hors agglomération,Hors intersection,Normale,Trois véhicules et plus - en chaîne,2,3,6,0,1,1,1,0,1,90,4,6,1,0,0,5,35.0,32.0,utilitaire_camion,voiture,1,1,1,1,4
202400007730,2024-07-05 12:20:00,2024,7,5,12,20,35,35051,PORTE DE LA RIGOURDIERE,48.13333,-1.57434,Plein jour,Hors agglomération,Hors intersection,Normale,Deux véhicules - côté,2,3,4,0,1,1,1,0,1,90,2,3,2,0,0,1,54.0,47.0,voiture,utilitaire_camion,1,1,1,1,3
202400007731,2024-07-05 20:00:00,2024,7,5,20,0,33,33281,,44.840388,-0.628845,Plein jour,En agglomération,Hors intersection,Normale,Deux véhicules - arrière,4,2,2,0,1,1,1,0,1,50,2,2,1,0,0,1,47.0,41.0,voiture,deux_roues,1,2,1,1,2
202400007732,2024-07-06 01:26:00,2024,7,6,1,26,29,29019,route du Vieux Saint-Marc,48.39488177,-4.43824344,Nuit sans éclairage public,Hors agglomération,Hors intersection,Normale,Deux véhicules - arrière,7,3,4,0,1,2,1,0,1,90,2,2,0,0,1,1,55.0,26.0,voiture,voiture,3,1,1,1,2
202400007733,2024-07-05 13:40:00,2024,7,5,13,40,22,22278,FERRY (JULES),48.50157,-2.76935,Plein jour,En agglomération,Intersection en X,Normale,Autre collision,4,1,1,0,3,1,1,0,8,30,1,2,1,0,1,0,38.0,,voiture,,1,2,2,1,6
202400007733,2024-07-05 13:40:00,2024,7,5,13,40,22,22278,FERRY (JULES),48.50157,-2.76935,Plein jour,En agglomération,Intersection en X,Normale,Autre collision,4,2,2,0,1,1,1,9,1,30,1,2,1,0,1,0,38.0,,voiture,,1,2,2,1,6
202400007734,2024-07-02 15:55:00,2024,7,2,15,55,22,22113,RESISTANCE (AVENUE DE LA),48.73004464,-3.46497685,Plein jour,En agglomération,Hors intersection,Normale,Trois véhicules et plus - en chaîne,6,-1, -1,0,1,1,1,9,8,30,3,3,2,0,0,1,75.0,71.0,voiture,voiture,1,2,1,1,4
202400007735,2024-07-04 23:30:00,2024,7,4,23,30,16,16358,,45.66223,0.13448,Nuit avec éclairage allumé,En agglomération,Intersection en T,Normale,Deux véhicules - frontale,4,2,2,-1,1,4,1,0,8,50,2,3,0,0,3,0,38.0,22.0,utilitaire_camion,voiture,5,2,3,1,1
202400007735,2024-07-04 23:30:00,2024,7,4,23,30,16,16358,,45.66223,0.13448,Nuit avec éclairage allumé,En agglomération,Intersection en T,Normale,Deux véhicules - frontale,4,2,2,0,1,1,1,0,1,50,2,3,0,0,3,0,38.0,22.0,utilitaire_camion,voiture,5,2,3,1,1
202400007736,2024-07-04 11:50:00,2024,7,4,11,50,15,15014, RN 122,44.90077,2.41659,Plein jour,Hors agglomération,Hors intersection,Pluie légère,Sans collision,2,2,2,0,1,1,2,0,1,80,1,1,0,0,0,1,44.0,,voiture,,1,1,1,2,7
202400007737,2024-05-06 16:45:00,2024,5,6,16,45,14,14118,1 Rue Claude Bloch,49.21075,-0.359159,Plein jour,En agglomération,Autre intersection,Normale,Deux véhicules - côté,4,2,3,3,1,1,1,0,1,50,2,2,1,0,0,1,18.0,73.0,deux_roues,voiture,1,2,9,1,3
202400007738,2024-06-27 00:50:00,2024,6,27,0,50,13,13077,SEMARD PIERRE (bld),43.4067,4.99059,Nuit avec éclairage allumé,En agglomération,Hors intersection,Normale,Autre collision,4,2,2,0,1,1,1,0,1,50,1,1,0,1,0,0,25.0,,deux_roues,,5,2,1,1,6
202400007739,2024-07-05 18:00:00,2024,7,5,18,0,13,13214,ROLAND DORGELES (BOULEVARD),43.34845,5.377,Plein jour,En agglomération,Autre intersection,Normale,Deux véhicules - frontale,4,2,2,0,1,2,1,0,1,50,2,2,0,0,1,1,45.0,31.0,voiture,deux_roues,1,2,9,1,1
202400007740,2024-07-05 02:30:00,2024,7,5,2,30,13,13208,HAMBOURG (BOULEVARD),43.251,5.3892,Nuit avec éclairage allumé,En agglomération,Hors intersection,Normale,Deux véhicules - côté,4,2,2,0,1,1,1,0,1,50,2,2,1,0,0,1,23.0,30.0,voiture,voiture,5,2,1,1,3
202400007741,2024-07-04 20:29:00,2024,7,4,20,29,13,13207,CHARLES LIVON (BOULEVARD),43.29217,5.35973,Plein jour,En agglomération,Hors intersection,Normale,Deux véhicules - côté,4,2,5,1,2,1,1,0,1,50,2,3,0,0,1,2,25.0,58.0,deux_roues,voiture,1,2,1,1,3
202400007742,2024-07-05 10:30:00,2024,7,5,10,30,12,12145,D911,44.13844393,3.02589785,Plein jour,Hors agglomération,Intersection en Y,Normale,Deux véhicules - côté,3,2,2,0,1,1,1,0,1,90,2,3,2,0,1,0,38.0,55.0,deux_roues,utilitaire_camion,1,1,4,1,3
202400007742,2024-07-05 10:30:00,2024,7,5,10,30,12,12145,D911,44.13844393,3.02589785,Plein jour,Hors agglomération,Intersection en Y,Normale,Deux véhicules - côté,3,2,2,-1,1,1,1,5,1,50,2,3,2,0,1,0,38.0,55.0,deux_roues,utilitaire_camion,1,1,4,1,3
202400007743,2024-07-05 18:45:00,2024,7,5,18,45,06,06069,5 Boulevard Marcel Pagnol,43.64526,6.94174,Plein jour,En agglomération,Autre intersection,Normale,Trois véhicules et plus - collisions multiples,4,2,2,0,1,1,1,0,1,50,3,5,3,0,0,2,58.0,62.0,voiture,voiture,1,2,9,1,5
202400007744,2024-07-05 16:15:00,2024,7,5,16,15,06,06069,193 Route d’Auribeau,43.62526,6.91523,Plein jour,Hors agglomération,Hors intersection,Normale,Deux véhicules - côté,3,2,2,0,1,1,1,0,1,50,2,2,1,0,1,0,38.0,60.0,deux_roues,voiture,1,1,1,1,3
202400007745,2024-07-05 18:30:00,2024,7,5,18,30,06,06027,98 Avenue de Nice,43.659165,7.165466,Plein jour,En agglomération,Hors intersection,Normale,Deux véhicules - côté,7,2,2,0,1,1,1,0,1,50,2,2,1,0,0,1,55.0,30.0,deux_roues,voiture,1,2,1,1,3
202400007746,2024-07-05 11:15:00,2024,7,5,11,15,04,04112,CLEMENCEAU (BD. G.),43.83757,5.77827,Plein jour,En agglomération,Hors intersection,Normale,Autre collision,4,2,2,0,1,1,1,0,1,50,1,2,1,0,0,1,54.0,,voiture,,1,2,1,1,6
202400007747,2024-07-05 22:40:00,2024,7,5,22,40,03,03185,Rue Florane,46.33297,2.61467,Nuit avec éclairage allumé,En agglomération,Hors intersection,Normale,Deux véhicules - arrière,4,2,2,0,2,2,1,0,1,50,2,2,1,0,1,0,17.0,,deux_roues,voiture,5,2,1,1,2
202400007748,2024-07-05 12:00:00,2024,7,5,12,0,75,75117,BD PERIPHERIQUE INTERIEUR,48.899685,2.31964,Plein jour,En agglomération,Hors intersection,Normale,Sans collision,4,1,4,0,1,1,1,0,1,70,1,1,0,0,0,1,62.0,,deux_roues,,1,2,1,1,7
202400007749,2024-07-04 08:40:00,2024,7,4,8,40,75,75118,PORTE DE CLIGNANCOURT,48.900701,2.334452,Plein jour,En agglomération,Hors intersection,Normale,Trois véhicules et plus - collisions multiples,4,1,4,0,1,1,1,0,1,70,3,3,2,0,0,1,26.0,32.0,deux_roues,voiture,1,2,1,1,5
202400007750,2024-07-04 00:15:00,2024,7,4,0,15,75,75113,QUAI D IVRY,48.826215,2.38778,Nuit avec éclairage allumé,En agglomération,Hors intersection,Normale,Deux véhicules - arrière,4,1,4,0,1,1,1,0,1,70,2,3,2,0,0,1,59.0,26.0,voiture,voiture,5,2,1,1,2
202400007751,2024-07-05 15:20:00,2024,7,5,15,20,75,75120,PORTE DE MONTREUIL,48.853618,2.414285,Plein jour,En agglomération,Place,Normale,Deux véhicules - frontale,4,1,2,1,1,1,1,0,1,30,2,2,1,0,0,1,51.0,30.0,voiture,deux_roues,1,2,7,1,1
202400007752,2024-07-04 17:00:00,2024,7,4,17,0,75,75120,RUE DE LAGNY,48.848935,2.406539,Plein jour,En agglomération,Intersection en X,Normale,Deux véhicules - frontale,4,2, -1,-1,1,1,1,-1,5,-1,2,5,3,0,0,2,14.0,43.0,voiture,deux_roues,1,2,2,1,1
202400007752,2024-07-04 17:00:00,2024,7,4,17,0,75,75120,RUE DE LAGNY,48.848935,2.406539,Plein jour,En agglomération,Intersection en X,Normale,Deux véhicules - frontale,4,2,2,2,1,1,1,-1,5,30,2,5,3,0,0,2,14.0,43.0,voiture,deux_roues,1,2,2,1,1
202400007753,2024-07-05 01:10:00,2024,7,5,1,10,75,75116,ROUTE DE LA MUETTE A NEUILLY,48.872502,2.264386,Nuit avec éclairage allumé,En agglomération,Intersection en X,Normale,Deux véhicules - côté,4,-1,4,0,1,1,1,0,1,30,2,2,1,0,0,1,35.0,24.0,deux_roues,voiture,5,2,2,1,3
202400007753,2024-07-05 01:10:00,2024,7,5,1,10,75,75116,ROUTE DE LA MUETTE A NEUILLY,48.872502,2.264386,Nuit avec éclairage allumé,En agglomération,Intersection en X,Normale,Deux véhicules - côté,4,-1,2,0,1,1,1,0,1,30,2,2,1,0,0,1,35.0,24.0,deux_roues,voiture,5,2,2,1,3
202400007754,2024-07-05 13:15:00,2024,7,5,13,15,75,75114,RUE DU GENERAL HUMBERT,48.826868,2.306747,Plein jour,En agglomération,Intersection en T,Normale,Autre collision,4,1, -1,-1,1,1,1,0,1,30,1,2,1,0,0,1,44.0,,voiture,,1,2,3,1,6
202400007754,2024-07-05 13:15:00,2024,7,5,13,15,75,75114,RUE DU GENERAL HUMBERT,48.826868,2.306747,Plein jour,En agglomération,Intersection en T,Normale,Autre collision,4,2,2,0,1,1,1,0,1,30,1,2,1,0,0,1,44.0,,voiture,,1,2,3,1,6
202400007755,2024-07-14 12:35:00,2024,7,14,12,35,84,84065,Chemin de Puget,43.754508,5.284864,Plein jour,Hors agglomération,Hors intersection,Normale,Autre collision,4,2,1,0,2,2,1,0,1,80,1,4,2,0,2,0,19.0,,voiture,,1,1,1,1,6
202400007756,2024-06-17 04:45:00,2024,6,17,4,45,84,84087,CHAMPLAIN (CHEMIN DE),44.16831,4.84191,Nuit sans éclairage public,Hors agglomération,Intersection en T,Normale,Deux véhicules - côté,4,2,2,0,1,1,1,0,1,80,2,2,1,0,0,1,,60.0,voiture,voiture,3,1,3,1,3
202400007756,2024-06-17 04:45:00,2024,6,17,4,45,84,84087,CHAMPLAIN (CHEMIN DE),44.16831,4.84191,Nuit sans éclairage public,Hors agglomération,Intersection en T,Normale,Deux véhicules - côté,4,2,2,0,1,1,1,0,1,80,2,2,1,0,0,1,,60.0,voiture,voiture,3,1,3,1,3
202400007757,2024-09-13 15:28:00,2024,9,13,15,28,987,98735,CLEMENCEAU (RUE),-17.53545,-149.557789,Plein jour,En agglomération,Intersection en T,Normale,Deux véhicules - frontale,2,1,1,0,1,1,1,0,8,50,2,2,1,0,1,0,23.0,16.0,deux_roues,deux_roues,1,2,3,1,1
202400007757,2024-09-13 15:28:00,2024,9,13,15,28,987,98735,CLEMENCEAU (RUE),-17.53545,-149.557789,Plein jour,En agglomération,Intersection en T,Normale,Deux véhicules - frontale,2,2,4,0,1,1,1,0,1,50,2,2,1,0,1,0,23.0,16.0,deux_roues,deux_roues,1,2,3,1,1
202400007758,2024-09-14 22:15:00,2024,9,14,22,15,974,97416,LEBLOND 1 (RUE MARIUS ET ARY),-21.33696,55.4721,Nuit avec éclairage allumé,En agglomération,Hors intersection,Normale,Deux véhicules - arrière,4,1,2,0,1,1,1,0,8,50,2,3,2,0,0,1,19.0,19.0,voiture,voiture,5,2,1,1,2
202400007759,2024-09-14 14:35:00,2024,9,14,14,35,974,97416,RN 03,-21.33076,55.46838,Plein jour,Hors agglomération,Hors intersection,Normale,Deux véhicules - arrière,2,3,5,0,2,1,1,0,1,110,2,4,2,0,0,2,38.0,36.0,voiture,voiture,1,1,1,1,2
202400007760,2024-09-14 09:25:00,2024,9,14,9,25,973,97302,GIRATOIRE MARINGOUINS,4.90749,-52.32207,Plein jour,En agglomération,Giratoire,Normale,Deux véhicules - côté,2,4,2,0,1,2,1,0,8,50,2,3,2,0,0,1,44.0,60.0,voiture,deux_roues,1,2,6,1,3
202400007761,2024-09-14 03:50:00,2024,9,14,3,50,69,69386,Rue Duquesne,45.7725433,4.84305024,Nuit avec éclairage allumé,En agglomération,Intersection en X,Normale,Deux véhicules - frontale,4,2,3,3,1,1,1,0,1,30,2,4,3,0,0,1,41.0,41.0,voiture,voiture,5,2,2,1,1
202400007761,2024-09-14 03:50:00,2024,9,14,3,50,69,69386,Rue Duquesne,45.7725433,4.84305024,Nuit avec éclairage allumé,En agglomération,Intersection en X,Normale,Deux véhicules - frontale,4,1,1,3,1,1,1,0,1,30,2,4,3,0,0,1,41.0,41.0,voiture,voiture,5,2,2,1,1
202400007762,2024-09-14 02:08:00,2024,9,14,2,8,69,69382,Quai Jean Moulin,45.76481855,4.83814716,Nuit avec éclairage allumé,En agglomération,Hors intersection,Normale,Autre collision,4,2,4,3,1,1,1,0,1,50,1,2,1,0,0,1,,,voiture,,5,2,1,1,6
202400007763,2024-09-13 17:20:00,2024,9,13,17,20,95,95572,D14,49.03828936,2.11796045,Plein jour,En agglomération,Hors intersection,Pluie légère,Autre collision,3,1,2,1,1,4,2,5,5,50,1,2,1,0,0,1,58.0,,voiture,,1,2,1,2,6
202400007764,2024-09-14 15:05:00,2024,9,14,15,5,91,91326,COUR DE FRANCE (AVENUE DE LA),48.69305,2.37074,Plein jour,En agglomération,Hors intersection,Normale,Trois véhicules et plus - en chaîne,3,1,2,0,1,1,1,0,1,50,3,5,4,0,0,1,40.0,28.0,voiture,voiture,1,2,1,1,4
202400007765,2024-09-01 21:25:00,2024,9,1,21,25,89,89387,D606,48.19628,3.31336,Nuit sans éclairage public,Hors agglomération,Hors intersection,Normale,Deux véhicules - frontale,3,2,3,0,1,1,1,0,1,90,2,2,1,0,0,1,34.0,24.0,voiture,voiture,3,1,1,1,1
202400007766,2024-09-14 11:30:00,2024,9,14,11,30,84,84035,BELLEVUE (CARREFOUR),43.83745,5.04362,Plein jour,En agglomération,Giratoire,Vent fort / tempête,Deux véhicules - côté,4,3,0,0,2,1,1,5,1,50,2,2,0,0,0,2,80.0,58.0,voiture,deux_roues,1,2,6,6,3
202400007767,2024-09-13 12:50:00,2024,9,13,12,50,83,83137,REBOUL (RUE LEON),43.11821,5.93736,Plein jour,En agglomération,Hors intersection,Normale,Autre collision,4,1,1,0,1,1,1,0,1,50,1,2,1,0,0,1,26.0,,voiture,,1,2,1,1,6
202400007768,2024-09-14 13:10:00,2024,9,14,13,10,80,80164,CORBIE (ROUTE),49.90323,2.36364,Plein jour,Hors agglomération,Hors intersection,Normale,Deux véhicules - arrière,3,2,0,0,1,1,1,0,1,50,2,2,1,0,0,1,40.0,62.0,deux_roues,voiture,1,1,1,1,2
202400007769,2024-09-13 19:23:00,2024,9,13,19,23,79,79191,,46.31353,-0.46576,Plein jour,En agglomération,Intersection en X,Normale,Trois véhicules et plus - collisions multiples,3,2,2,0,1,1,1,5,1,50,4,6,4,1,0,1,53.0,27.0,voiture,voiture,1,2,2,1,5
202400007769,2024-09-13 19:23:00,2024,9,13,19,23,79,79191,,46.31353,-0.46576,Plein jour,En agglomération,Intersection en X,Normale,Trois véhicules et plus - collisions multiples,3,2,3,0,1,1,1,0,1,50,4,6,4,1,0,1,53.0,27.0,voiture,voiture,1,2,2,1,5
202400007770,2024-09-14 16:10:00,2024,9,14,16,10,78,78172,PASTEUR (RUE),48.99438,2.09615,Plein jour,En agglomération,Hors intersection,Normale,Autre collision,3,1,2,1,1,1,1,0,1,50,1,2,1,0,0,1,61.0,,voiture,,1,2,1,1,6
202400007771,2024-09-13 10:05:00,2024,9,13,10,5,72,72181,SISLEY ALFRED (RUE),47.97614,0.21694,Plein jour,En agglomération,Autre intersection,Normale,Autre collision,4,2,0,0,1,1,1,0,1,50,1,2,1,0,0,1,62.0,,voiture,,1,2,9,1,6
202400007772,2024-09-14 10:00:00,2024,9,14,10,0,71,71040,BIZOTS (ROUTE DES),46.71229,4.39498,Plein jour,En agglomération,Intersection en X,Normale,Deux véhicules - côté,3,-1,2,0,1,1,1,0,1,50,2,3,1,0,0,2,74.0,50.0,voiture,voiture,1,2,2,1,3
202400007772,2024-09-14 10:00:00,2024,9,14,10,0,71,71040,BIZOTS (ROUTE DES),46.71229,4.39498,Plein jour,En agglomération,Intersection en X,Normale,Deux véhicules - côté,3,-1,2,0,1,1,1,0,1,50,2,3,1,0,0,2,74.0,50.0,voiture,voiture,1,2,2,1,3
202400007773,2024-09-14 19:45:00,2024,9,14,19,45,69,69266,Route de Genas,45.75421,4.88941,Crépuscule ou aube,En agglomération,Intersection en T,Normale,Autre collision,4,1,1,2,1,1,1,0,3,30,1,2,1,0,0,1,,,deux_roues,,2,2,3,1,6