accident_id,datetime,annee,mois,jour,heure,minute,departement,commune_insee,adresse,latitude,longitude,luminosite,agglomeration,intersection,meteo,collision,catr,circ,nbv,vosp,prof,plan,surf,infra,situ,vma,nb_vehicules,nb_usagers,nb_indemnes,nb_tues,nb_blesses_hosp,nb_blesses_legers,age_cond_1,age_cond_2,veh_type_cond_1,veh_type_cond_2,lum_code,agg_code,int_code,atm_code,col_code
202400007773,2024-09-14 19:45:00,2024,9,14,19,45,69,69266,Route de Genas,45.75421,4.88941,Crépuscule ou aube,En agglomération,Intersection en T,Normale,Autre collision,4,1,1,2,1,1,1,0,3,30,1,2,1,0,0,1,,,deux_roues,,2,2,3,1,6
202400007774,2024-09-14 18:34:00,2024,9,14,18,34,69,69266,73 Cours Tolstoï,45.7625,4.87831,Plein jour,En agglomération,Intersection en T,Normale,Autre collision,4,2,2,0,1,2,1,0,1,30,1,2,1,0,0,1,58.0,,utilitaire_camion,,1,2,3,1,6
202400007774,2024-09-14 18:34:00,2024,9,14,18,34,69,69266,73 Cours Tolstoï,45.7625,4.87831,Plein jour,En agglomération,Intersection en T,Normale,Autre collision,4,1,1,3,1,1,1,0,1,50,1,2,1,0,0,1,58.0,,utilitaire_camion,,1,2,3,1,6
202400007775,2024-09-13 16:50:00,2024,9,13,16,50,69,69264,Avenue Saint-Exupery,45.99087,4.71074,Plein jour,En agglomération,Autre intersection,Normale,Autre collision,4,1,1,3,1,1,1,0,1,30,1,2,1,0,0,1,18.0,,voiture,,1,2,9,1,6
202400007776,2024-09-14 03:45:00,2024,9,14,3,45,67,67447,CRONENBOURG (RUE DE),48.60534,7.73655,Nuit avec éclairage allumé,En agglomération,Hors intersection,Normale,Sans collision,4,2,2,0,1,1,1,0,1,50,1,1,0,0,1,0,16.0,,deux_roues,,5,2,1,1,7
202400007777,2024-09-14 19:10:00,2024,9,14,19,10,64,64445,ALSACE LORRAINE D',43.30483,-0.37041,Plein jour,En agglomération,Intersection en X,Normale,Deux véhicules - arrière,4,2,4,1,1,1,1,0,1,50,2,2,1,0,0,1,65.0,21.0,voiture,voiture,1,2,2,1,2
202400007777,2024-09-14 19:10:00,2024,9,14,19,10,64,64445,ALSACE LORRAINE D',43.30483,-0.37041,Plein jour,En agglomération,Intersection en X,Normale,Deux véhicules - arrière,4,2,2,0,1,1,1,0,8,30,2,2,1,0,0,1,65.0,21.0,voiture,voiture,1,2,2,1,2
202400007777,2024-09-14 19:10:00,2024,9,14,19,10,64,64445,ALSACE LORRAINE D',43.30483,-0.37041,Plein jour,En agglomération,Intersection en X,Normale,Deux véhicules - arrière,4,2,2,2,1,1,1,0,8,30,2,2,1,0,0,1,65.0,21.0,voiture,voiture,1,2,2,1,2
202400007778,2024-09-14 13:15:00,2024,9,14,13,15,64,64348,EUROPE DE L',43.32285,-0.3897,Plein jour,En agglomération,Hors intersection,Normale,Deux véhicules - arrière,3,2,2,1,1,1,1,9,5,50,2,2,1,0,0,1,15.0,42.0,deux_roues,deux_roues,1,2,1,1,2
202400007779,2024-09-14 19:50:00,2024,9,14,19,50,64,64125,RUE BAZTER,43.44678,-1.5447,Crépuscule ou aube,Hors agglomération,Hors intersection,Normale,Trois véhicules et plus - en chaîne,3,2,2,0,2,1,1,0,1,50,3,4,1,0,1,2,25.0,76.0,voiture,voiture,2,1,1,1,4
202400007780,2024-09-13 17:55:00,2024,9,13,17,55,64,64122,EDITH CAVELL (AVENUE),43.49119693,-1.54495239,Plein jour,En agglomération,Hors intersection,Normale,Deux véhicules - arrière,4,1,1,0,1,1,1,0,1,30,2,2,1,0,0,1,32.0,34.0,deux_roues,voiture,1,2,1,1,2
202400007781,2024-09-14 18:54:00,2024,9,14,18,54,64,64102,SAINTE CROIX (AVENUE DE),43.49995,-1.4545,Plein jour,En agglomération,Hors intersection,Normale,Deux véhicules - arrière,4,2,2,2,4,1,1,0,1,30,2,2,1,0,0,1,31.0,57.0,voiture,deux_roues,1,2,1,1,2
202400007782,2024-07-18 08:20:00,2024,7,18,8,20,13,13212,A507 sens Aubagne- Marseille,43.2957,5.4248,Plein jour,Hors agglomération,Hors intersection,Normale,Deux véhicules - arrière,1,1,3,0,2,1,1,0,1,70,3,3,2,0,0,1,45.0,22.0,voiture,voiture,1,1,1,1,2
202400007783,2024-07-09 19:30:00,2024,7,9,19,30,13,13071,A55-Sens Martigues vers Marseille,43.38920178,5.30380036,Plein jour,Hors agglomération,Hors intersection,Normale,Sans collision,1,1,3,0,2,1,1,0,8,90,1,1,0,0,1,0,24.0,,voiture,,1,1,1,1,7
202400007784,2024-09-14 09:00:00,2024,9,14,9,0,64,64102,PAUL PRAS (AVENUE),43.48512,-1.47623,Plein jour,En agglomération,Hors intersection,Normale,Deux véhicules - côté,4,2,2,0,1,1,1,0,1,50,2,2,1,0,0,1,17.0,65.0,deux_roues,voiture,1,2,1,1,3
202400007785,2024-07-04 08:25:00,2024,7,4,8,25,13,13070,A50-Sens Aubagne vers Marseille,43.28582,5.51205,Plein jour,En agglomération,Hors intersection,Normale,Deux véhicules - côté,1,1,3,0,1,1,1,0,1,90,2,2,1,0,0,1,43.0,19.0,deux_roues,voiture,1,2,1,1,3
202400007786,2024-09-11 19:10:00,2024,9,11,19,10,62,62133,D46,50.41258292,2.91069468,Plein jour,En agglomération,Hors intersection,Normale,Deux véhicules - côté,3,2,2,0,1,1,1,0,1,50,2,2,1,0,1,0,25.0,25.0,deux_roues,voiture,1,2,1,1,3
202400007787,2024-07-08 10:15:00,2024,7,8,10,15,13,13026,A55-Sens Martigues vers Marseille,43.375,5.176,Plein jour,Hors agglomération,Hors intersection,Normale,Deux véhicules - arrière,1,1,2,0,1,1,1,0,1,110,2,3,2,0,0,1,19.0,20.0,deux_roues,voiture,1,1,1,1,2
202400007788,2024-07-02 16:30:00,2024,7,2,16,30,13,13211,A50-Sens Aubagne vers Marseille,43.28771,5.5024,Plein jour,Hors agglomération,Hors intersection,Normale,Deux véhicules - côté,1,1,3,0,1,1,1,0,1,90,2,2,1,0,0,1,21.0,33.0,voiture,deux_roues,1,1,1,1,3
202400007789,2024-09-13 13:25:00,2024,9,13,13,25,58,58194,FRANCIS GARNIER,46.99417,3.17472,Plein jour,En agglomération,Intersection en T,Normale,Deux véhicules - frontale,4,2,2,0,1,1,1,0,1,50,2,5,3,0,1,1,18.0,42.0,voiture,deux_roues,1,2,3,1,1
202400007789,2024-09-13 13:25:00,2024,9,13,13,25,58,58194,FRANCIS GARNIER,46.99417,3.17472,Plein jour,En agglomération,Intersection en T,Normale,Deux véhicules - frontale,4,2,2,0,1,1,1,0,1,50,2,5,3,0,1,1,18.0,42.0,voiture,deux_roues,1,2,3,1,1
202400007790,2024-11-25 17:46:00,2024,11,25,17,46,987,98735,MOTU UTA,-17.5319,-149.57084,Plein jour,En agglomération,Hors intersection,Normale,Deux véhicules - côté,4,2,2,0,1,3,1,0,1,50,2,2,1,0,1,0,19.0,64.0,deux_roues,voiture,1,2,1,1,3
202400007791,2024-11-26 16:50:00,2024,11,26,16,50,974,97411,GIBERT DES MOLIERES (RUE),-20.88889,55.44561,Plein jour,En agglomération,Hors intersection,Normale,Deux véhicules - côté,4,1,2,0,3,1,1,0,1,30,2,2,1,0,0,1,49.0,46.0,deux_roues,utilitaire_camion,1,2,1,1,3
202400007792,2024-09-14 21:00:00,2024,9,14,21,0,49,49267,RD 347,47.4707,-0.45279,Nuit sans éclairage public,Hors agglomération,Intersection en T,Normale,Deux véhicules - côté,3,2,0,0,1,3,1,0,1,90,2,2,1,0,1,0,42.0,,deux_roues,utilitaire_camion,3,1,3,1,3
202400007792,2024-09-14 21:00:00,2024,9,14,21,0,49,49267,RD 347,47.4707,-0.45279,Nuit sans éclairage public,Hors agglomération,Intersection en T,Normale,Deux véhicules - côté,3,3,0,0,1,1,1,0,1,80,2,2,1,0,1,0,42.0,,deux_roues,utilitaire_camion,3,1,3,1,3
202400007793,2024-09-14 10:25:00,2024,9,14,10,25,44,44162,Boulevard du Val de Chézine,47.24533,-1.60993,Plein jour,En agglomération,Autre intersection,Temps éblouissant,Autre collision,4,3,2,0,4,3,1,0,8,50,1,2,1,0,1,0,50.0,,voiture,,1,2,9,7,6
202400007794,2024-11-26 15:20:00,2024,11,26,15,20,973,97302,ROUTE NATIONALE 1,4.8987,-52.32671,Plein jour,Hors agglomération,Hors intersection,Normale,Deux véhicules - arrière,2,3,4,1,1,1,1,0,5,80,2,2,1,0,0,1,50.0,,deux_roues,voiture,1,1,1,1,2
202400007795,2024-09-14 17:15:00,2024,9,14,17,15,37,37261,EUROPE (AVENUE DE L'),47.42289829,0.68571594,Plein jour,En agglomération,Intersection en X,Normale,Autre collision,4,2,2,0,1,1,1,5,5,50,1,1,0,0,0,1,32.0,,deux_roues,,1,2,2,1,6
202400007795,2024-09-14 17:15:00,2024,9,14,17,15,37,37261,EUROPE (AVENUE DE L'),47.42289829,0.68571594,Plein jour,En agglomération,Intersection en X,Normale,Autre collision,4,2,6,1,1,1,1,5,5,25,1,1,0,0,0,1,32.0,,deux_roues,,1,2,2,1,6
202400007796,2024-11-26 07:56:00,2024,11,26,7,56,973,97302,MADELEINE (ROUTE DE LA),4.91379202,-52.32081932,Plein jour,En agglomération,Hors intersection,Pluie légère,Deux véhicules - côté,3,2,2,0,1,1,2,0,3,10,2,3,2,0,0,1,27.0,68.0,voiture,deux_roues,1,2,1,2,3
202400007797,2024-09-14 15:50:00,2024,9,14,15,50,37,37261,BERT (QUAI PAUL),47.40157,0.68688,Plein jour,En agglomération,Hors intersection,Normale,Deux véhicules - arrière,4,2,3,2,1,1,1,0,1,50,2,3,1,0,0,2,53.0,35.0,deux_roues,voiture,1,2,1,1,2
202400007798,2024-11-26 07:20:00,2024,11,26,7,20,973,97302,FELIX EBOUE(ROCADE),4.93052,-52.31396,Plein jour,En agglomération,Hors intersection,Normale,Deux véhicules - côté,3,2,2,0,1,1,1,0,1,50,2,2,1,0,0,1,22.0,41.0,voiture,deux_roues,1,2,1,1,3
202400007799,2024-11-25 18:20:00,2024,11,25,18,20,973,97302,JACARANDAS (CITE),4.93413774,-52.31682944,Crépuscule ou aube,En agglomération,Hors intersection,Normale,Deux véhicules - frontale,4,2,2,0,1,1,1,0,1,50,2,2,1,0,0,1,54.0,20.0,voiture,deux_roues,2,2,1,1,1
202400007800,2024-09-14 10:00:00,2024,9,14,10,0,35,35238,NANTES (RUE DE),48.09335075,-1.6908887,Plein jour,En agglomération,Hors intersection,Normale,Deux véhicules - arrière,4,2,2,2,1,1,1,0,1,30,2,2,1,0,0,1,17.0,,deux_roues,voiture,1,2,1,1,2
202400007801,2024-11-25 17:37:00,2024,11,25,17,37,973,97302,BADUEL (ROUTE DE),4.92967,-52.30332,Plein jour,En agglomération,Giratoire,Normale,Deux véhicules - arrière,3,2,2,0,1,1,1,0,1,50,2,2,1,0,0,1,85.0,48.0,deux_roues,voiture,1,2,6,1,2
202400007802,2024-04-27 06:00:00,2024,4,27,6,0,976,97612,RN 1,-12.702385,45.060478,Crépuscule ou aube,Hors agglomération,Hors intersection,Normale,Deux véhicules - frontale,2,2,2,0,1,2,1,0,1,70,2,3,0,0,0,3,48.0,52.0,voiture,voiture,2,1,1,1,1
202400007803,2024-09-13 16:45:00,2024,9,13,16,45,35,35238,ROUTE DE SAINT-MALO,48.13236074,-1.69094503,Plein jour,En agglomération,Giratoire,Normale,Deux véhicules - côté,4,2,2,2,1,1,1,0,5,50,2,2,1,0,0,1,49.0,,deux_roues,voiture,1,2,6,1,3
202400007804,2024-04-27 00:01:00,2024,4,27,0,1,83,83116,sortie n°34 Autoroute A8,43.449492,5.877208,Nuit avec éclairage allumé,Hors agglomération,Hors intersection,Pluie légère,Autre collision,1,3,2,0,1,1,2,7,1,50,1,1,0,0,0,1,50.0,,voiture,,5,1,1,2,6
202400007805,2024-09-14 19:15:00,2024,9,14,19,15,34,34172,PALAVAS (AVENUE DE),43.5969,3.88696,Plein jour,En agglomération,Hors intersection,Normale,Deux véhicules - côté,4,2,2,0,2,1,1,0,1,50,2,2,1,0,0,1,20.0,40.0,utilitaire_camion,deux_roues,1,2,1,1,3
202400007806,2024-11-25 09:40:00,2024,11,25,9,40,973,97302,BADUEL (ROUTE DE),4.9289,-52.29521,Plein jour,En agglomération,Hors intersection,Normale,Trois véhicules et plus - en chaîne,3,2,2,0,1,1,1,0,1,50,5,4,2,0,0,2,60.0,40.0,voiture,voiture,1,2,1,1,4
202400007807,2024-04-25 07:00:00,2024,4,25,7,0,987,98733,"PK 25.400, RT1,",-17.721525,-149.581014,Plein jour,Hors agglomération,Hors intersection,Normale,Deux véhicules - côté,3,2,2,2,1,1,1,0,1,60,2,2,1,0,1,0,68.0,38.0,voiture,deux_roues,1,1,1,1,3
202400007808,2024-11-26 20:10:00,2024,11,26,20,10,69,69387,Boulevard Chambaud de la Bruyère,45.72329,4.84243,Nuit avec éclairage allumé,En agglomération,Hors intersection,Normale,Autre collision,4,2,6,0,1,1,1,0,1,50,1,2,0,0,0,2,19.0,,voiture,,5,2,1,1,6
202400007809,2024-09-14 13:15:00,2024,9,14,13,15,30,30007,VERNE (RUE JULES),44.133,4.093,Plein jour,En agglomération,Intersection en T,Normale,Deux véhicules - côté,4,2,2,0,1,1,1,0,1,50,2,3,2,0,0,1,21.0,72.0,voiture,voiture,1,2,3,1,3
202400007809,2024-09-14 13:15:00,2024,9,14,13,15,30,30007,VERNE (RUE JULES),44.133,4.093,Plein jour,En agglomération,Intersection en T,Normale,Deux véhicules - côté,4,2,2,0,1,1,1,0,1,50,2,3,2,0,0,1,21.0,72.0,voiture,voiture,1,2,3,1,3
202400007810,2024-04-27 18:19:00,2024,4,27,18,19,988,98833,"RPN3, tribu de Koh",-21.53421,165.82857,Nuit sans éclairage public,Hors agglomération,Hors intersection,Pluie légère,Sans collision,3,2,2,0,2,2,2,0,8,90,1,4,3,1,0,0,31.0,,voiture,,3,1,1,2,7
202400007811,2024-11-26 22:00:00,2024,11,26,22,0,69,69388,Rue Louis Jouvet,45.74572,4.86071,Nuit avec éclairage allumé,En agglomération,Intersection en X,Normale,Deux véhicules - côté,4,2,2,0,1,1,1,0,1,30,2,2,1,0,1,0,55.0,16.0,voiture,deux_roues,5,2,2,1,3
202400007811,2024-11-26 22:00:00,2024,11,26,22,0,69,69388,Rue Louis Jouvet,45.74572,4.86071,Nuit avec éclairage allumé,En agglomération,Intersection en X,Normale,Deux véhicules - côté,4,2,2,0,1,1,1,0,1,30,2,2,1,0,1,0,55.0,16.0,voiture,deux_roues,5,2,2,1,3
202400007812,2024-09-09 21:30:00,2024,9,9,21,30,29,29232,RN 165,48.01282623,-4.07362863,Nuit sans éclairage public,Hors agglomération,Hors intersection,Normale,Deux véhicules - arrière,2,3,2,0,1,1,1,0,1,110,2,2,1,0,0,1,66.0,38.0,voiture,voiture,3,1,1,1,2
202400007813,2024-09-13 23:45:00,2024,9,13,23,45,27,27681,QUEUE D'HAYE (RUE DE LA ),49.10352,1.51018,Nuit sans éclairage public,Hors agglomération,Hors intersection,Normale,Sans collision,4,2,2,0,2,3,1,0,3,50,1,2,0,0,0,2,18.0,,voiture,,3,1,1,1,7
202400007814,2024-04-26 17:45:00,2024,4,26,17,45,95,95446,D151,49.130254,2.170363,Plein jour,En agglomération,Hors intersection,Normale,Deux véhicules - côté,3,2,2,0,1,1,1,0,1,30,2,2,1,0,0,1,28.0,34.0,voiture,deux_roues,1,2,1,1,3
202400007815,2024-11-26 15:31:00,2024,11,26,15,31,69,69387,Avenue Jean Jaurès,45.73429,4.83539,Plein jour,En agglomération,Intersection en T,Normale,Deux véhicules - frontale,4,2,2,0,1,1,1,0,6,30,2,2,1,0,1,0,22.0,28.0,transport_commun,deux_roues,1,2,3,1,1
202400007815,2024-11-26 15:31:00,2024,11,26,15,31,69,69387,Avenue Jean Jaurès,45.73429,4.83539,Plein jour,En agglomération,Intersection en T,Normale,Deux véhicules - frontale,4,2,2,3,1,1,1,0,6,30,2,2,1,0,1,0,22.0,28.0,transport_commun,deux_roues,1,2,3,1,1
202400007816,2024-09-13 17:35:00,2024,9,13,17,35,22,22360,RD700,48.469648,-2.774916,Plein jour,Hors agglomération,Hors intersection,Normale,Deux véhicules - arrière,3,3,4,0,1,1,1,0,1,90,2,2,0,0,0,2,62.0,52.0,voiture,voiture,1,1,1,1,2
202400007817,2024-11-26 08:00:00,2024,11,26,8,0,69,69383,Boulevard Marius Vivier-Merle,45.75396,4.85937,Plein jour,En agglomération,Hors intersection,Temps couvert,Deux véhicules - côté,4,1,4,3,1,1,2,0,1,50,2,2,1,0,0,1,44.0,40.0,deux_roues,transport_commun,1,2,1,8,3
202400007818,2024-04-15 10:02:00,2024,4,15,10,2,91,91207,Rue de la Fausse Clairette,48.581721,2.230756,Plein jour,En agglomération,Hors intersection,Normale,Autre collision,4,2,2,0,1,2,1,6,8,30,1,2,1,0,1,0,76.0,,voiture,,1,2,1,1,6
202400007819,2024-09-14 03:50:00,2024,9,14,3,50,22,22187,RD786,48.54828,-2.79342,Nuit avec éclairage non allumé,Hors agglomération,Giratoire,Normale,Autre collision,3,2,2,0,1,2,1,5,1,80,1,1,0,0,0,1,28.0,,voiture,,4,1,6,1,6
202400007819,2024-09-14 03:50:00,2024,9,14,3,50,22,22187,RD786,48.54828,-2.79342,Nuit avec éclairage non allumé,Hors agglomération,Giratoire,Normale,Autre collision,3,2,2,0,1,3,1,5,1,80,1,1,0,0,0,1,28.0,,voiture,,4,1,6,1,6
202400007820,2024-11-26 18:40:00,2024,11,26,18,40,972,97213,ROUTE NATIONALE 6,14.59437,-60.98199,Nuit sans éclairage public,Hors agglomération,Hors intersection,Normale,Deux véhicules - arrière,2,2,2,0,1,3,1,0,1,50,2,4,2,0,0,2,35.0,54.0,voiture,utilitaire_camion,3,1,1,1,2
202400007821,2024-09-14 20:08:00,2024,9,14,20,8,19,19031,CHAUMEIL (RUE PIERRE),45.15645,1.50424,Plein jour,En agglomération,Giratoire,Normale,Deux véhicules - côté,4,2,2,0,1,1,1,5,1,50,2,2,1,0,0,1,22.0,51.0,voiture,voiture,1,2,6,1,3
202400007821,2024-09-14 20:08:00,2024,9,14,20,8,19,19031,CHAUMEIL (RUE PIERRE),45.15645,1.50424,Plein jour,En agglomération,Giratoire,Normale,Deux véhicules - côté,4,2,2,0,1,1,1,5,1,50,2,2,1,0,0,1,22.0,51.0,voiture,voiture,1,2,6,1,3
202400007822,2024-04-27 04:30:00,2024,4,27,4,30,91,91661,Rue de la Prairie,48.702896,2.257104,Nuit avec éclairage allumé,Hors agglomération,Hors intersection,Pluie légère,Deux véhicules - arrière,3,1,2,0,2,3,2,0,1,-1,2,2,1,0,0,1,23.0,32.0,voiture,voiture,5,1,1,2,2
202400007823,2024-11-26 09:31:00,2024,11,26,9,31,972,97213,AUTOROUTE A1,14.6183,-61.0261,Plein jour,Hors agglomération,Hors intersection,Pluie légère,Deux véhicules - arrière,1,2,6,3,2,1,2,0,1,90,2,2,1,0,1,0,53.0,27.0,voiture,deux_roues,1,1,1,2,2
202400007824,2024-09-14 10:25:00,2024,9,14,10,25,14,14366,74 Rue du Général Leclerc,49.15294,0.22361,Plein jour,En agglomération,Intersection en T,Normale,Deux véhicules - arrière,4,-1,2,0,1,1,1,0,1,50,2,2,1,1,0,0,23.0,36.0,deux_roues,voiture,1,2,3,1,2
202400007824,2024-09-14 10:25:00,2024,9,14,10,25,14,14366,74 Rue du Général Leclerc,49.15294,0.22361,Plein jour,En agglomération,Intersection en T,Normale,Deux véhicules - arrière,4,2,2,0,1,1,1,0,1,50,2,2,1,1,0,0,23.0,36.0,deux_roues,voiture,1,2,3,1,2
202400007825,2024-04-27 15:55:00,2024,4,27,15,55,78,78276,rue du temple,49.069368,1.590528,Plein jour,Hors agglomération,Hors intersection,Pluie légère,Deux véhicules - frontale,4,2,2,0,2,2,2,0,1,50,2,4,3,1,0,0,33.0,60.0,voiture,utilitaire_camion,1,1,1,2,1
202400007826,2024-04-27 06:00:00,2024,4,27,6,0,2B,2B289,RT20 92+108,42.354564,9.171739,Crépuscule ou aube,Hors agglomération,Hors intersection,Normale,Autre collision,2,2,3,0,2,1,1,0,4,80,1,2,0,1,1,0,21.0,,voiture,,2,1,1,1,6
202400007827,2024-11-26 11:30:00,2024,11,26,11,30,972,97209,Bretelle sortie A1,14.61452,-61.04977,Plein jour,Hors agglomération,Hors intersection,Normale,Trois véhicules et plus - en chaîne,1,-1,3,0,1,1,1,9,1,60,3,4,2,0,0,2,65.0,80.0,voiture,voiture,1,1,1,1,4
202400007828,2024-09-13 19:20:00,2024,9,13,19,20,14,14271,N814,49.13636,-0.37519,Plein jour,Hors agglomération,Hors intersection,Normale,Trois véhicules et plus - en chaîne,2,1,2,0,2,1,1,0,1,70,3,3,2,0,0,1,52.0,25.0,voiture,voiture,1,1,1,1,4
202400007829,2024-11-25 16:15:00,2024,11,25,16,15,972,97209,MARNE (BOULEVARD DE LA),14.60515,-61.08791,Plein jour,En agglomération,Autre intersection,Pluie légère,Deux véhicules - arrière,2,-1,2,0,1,3,2,0,3,50,2,3,2,0,0,1,71.0,21.0,voiture,autre,1,2,9,2,2
202400007830,2024-04-27 14:57:00,2024,4,27,14,57,83,83023,Brignoles (Embranchement d'autoroute),43.41570236,6.06171656,Plein jour,En agglomération,Giratoire,Normale,Deux véhicules - côté,3,1,1,0,1,1,1,0,1,80,2,6,4,0,2,0,60.0,47.0,voiture,voiture,1,2,6,1,3
202400007831,2024-09-15 00:40:00,2024,9,15,0,40,13,13208,MADRAGUE DE MONTREDON (AVE DE LA) ,43.23584,5.36145,Nuit avec éclairage allumé,En agglomération,Hors intersection,Normale,Deux véhicules - frontale,9,2,2,0,1,1,1,0,1,30,2,5,4,0,0,1,22.0,24.0,voiture,deux_roues,5,2,1,1,1
202400007832,2024-11-26 12:55:00,2024,11,26,12,55,69,69034,Rue Pasteur,45.79183,4.84374,Plein jour,En agglomération,Hors intersection,Normale,Deux véhicules - côté,4,2,2,2,2,1,1,0,1,50,2,2,1,0,0,1,22.0,44.0,voiture,voiture,1,2,1,1,3
202400007833,2024-04-27 09:50:00,2024,4,27,9,50,38,38344,Route de Sablons,45.36493044,4.79771689,Plein jour,En agglomération,Hors intersection,Normale,Trois véhicules et plus - en chaîne,3,2,2,0,1,1,1,0,1,50,3,3,2,0,0,1,55.0,41.0,voiture,voiture,1,2,1,1,4
202400007834,2024-09-14 15:00:00,2024,9,14,15,0,13,13202,CARGO RHIN FIDELI (RUE),43.32703,5.35591,Plein jour,En agglomération,Hors intersection,Normale,Trois véhicules et plus - collisions multiples,4,2,5,3,1,1,1,0,1,50,3,3,1,0,0,2,66.0,27.0,voiture,voiture,1,2,1,1,5
202400007835,2024-11-26 11:20:00,2024,11,26,11,20,95,95219,D192,48.99191,2.25794,Plein jour,En agglomération,Hors intersection,Normale,Deux véhicules - côté,3,2,2,0,1,1,2,0,1,30,2,2,1,0,0,1,68.0,46.0,voiture,deux_roues,1,2,1,1,3
202400007836,2024-04-26 09:35:00,2024,4,26,9,35,31,31505,D86,43.166696,1.082438,Plein jour,Hors agglomération,Hors intersection,Normale,Autre collision,3,2,2,0,3,3,1,0,1,80,1,1,0,0,1,0,77.0,,voiture,,1,1,1,1,6
202400007837,2024-04-26 19:20:00,2024,4,26,19,20,17,17228,"D140, rue du colonel Beltrame",45.62921,-0.963943,Plein jour,Hors agglomération,Hors intersection,Normale,Sans collision,3,2,2,0,1,1,1,0,3,80,1,1,0,1,0,0,40.0,,voiture,,1,1,1,1,7
202400007838,2024-09-14 01:30:00,2024,9,14,1,30,13,13216,ROGER CHIEUSSE (BOULEVARD),43.36299635,5.31640711,Nuit avec éclairage allumé,En agglomération,Intersection en Y,Normale,Deux véhicules - frontale,4,2,1,0,1,2,1,0,1,50,2,3,0,0,0,3,24.0,18.0,voiture,voiture,5,2,4,1,1
202400007838,2024-09-14 01:30:00,2024,9,14,1,30,13,13216,ROGER CHIEUSSE (BOULEVARD),43.36299635,5.31640711,Nuit avec éclairage allumé,En agglomération,Intersection en Y,Normale,Deux véhicules - frontale,4,2,2,0,2,3,1,0,2,50,2,3,0,0,0,3,24.0,18.0,voiture,voiture,5,2,4,1,1
202400007839,2024-11-26 10:15:00,2024,11,26,10,15,95,95218,N184,49.01538761,2.09129307,Plein jour,En agglomération,Hors intersection,Normale,Trois véhicules et plus - en chaîne,2,3,3,0,1,1,1,0,1,70,3,3,2,0,0,1,25.0,41.0,utilitaire_camion,voiture,1,2,1,1,4
202400007840,2024-04-26 04:24:00,2024,4,26,4,24,72,72264,Rue du Clos du Bois,47.826136,-0.316093,Nuit sans éclairage public,En agglomération,Hors intersection,Normale,Deux véhicules - arrière,4,2,2,0,1,1,1,0,1,50,2,2,1,0,1,0,21.0,41.0,voiture,deux_roues,3,2,1,1,2
202400007841,2024-09-14 19:45:00,2024,9,14,19,45,13,13001,ROI RENE (BD DU),43.52414,5.45151,Plein jour,En agglomération,Hors intersection,Normale,Deux véhicules - côté,4,1,3,3,1,1,1,0,1,50,2,3,2,0,1,0,24.0,50.0,deux_roues,voiture,1,2,1,1,3
202400007842,2024-04-24 15:30:00,2024,4,24,15,30,49,49301,Rue de la Vendée (St Macaire-en-Mauges),47.122281,-0.993104,Plein jour,En agglomération,Hors intersection,Pluie légère,Deux véhicules - arrière,4,2,2,2,1,1,2,0,1,30,2,2,1,0,0,1,83.0,15.0,voiture,deux_roues,1,2,1,2,2
202400007843,2024-11-26 13:20:00,2024,11,26,13,20,91,91228,MARECHAL LECLERC (BD),48.63152,2.44119,Plein jour,En agglomération,Intersection en X,Normale,Deux véhicules - côté,4,2,2,0,1,1,1,0,1,50,2,3,1,0,0,2,56.0,17.0,transport_commun,deux_roues,1,2,2,1,3
202400007843,2024-11-26 13:20:00,2024,11,26,13,20,91,91228,MARECHAL LECLERC (BD),48.63152,2.44119,Plein jour,En agglomération,Intersection en X,Normale,Deux véhicules - côté,4,2,2,0,1,1,1,0,1,50,2,3,1,0,0,2,56.0,17.0,transport_commun,deux_roues,1,2,2,1,3
202400007844,2024-09-14 11:00:00,2024,9,14,11,0,06,06027,12 Avenue de Cannes,43.65473,7.14988,Plein jour,En agglomération,Hors intersection,Normale,Trois véhicules et plus - collisions multiples,7,2,2,1,1,1,1,0,1,50,3,3,2,0,1,0,17.0,74.0,deux_roues,autre,1,2,1,1,5
202400007845,2024-11-25 12:40:00,2024,11,25,12,40,91,91174,BD HENRI DUNANT,48.59916,2.47994,Plein jour,En agglomération,Hors intersection,Pluie légère,Autre collision,4,2,2,0,2,1,2,0,1,30,1,2,0,0,0,2,30.0,,deux_roues,,1,2,1,2,6
202400007846,2024-04-24 09:50:00,2024,4,24,9,50,44,44215,Boulevard Auguste Priou,47.180124,-1.4987,Plein jour,En agglomération,Giratoire,Normale,Deux véhicules - côté,7,2,2,2,1,2,1,0,1,50,2,2,1,0,1,0,78.0,45.0,deux_roues,voiture,1,2,6,1,3
202400007847,2024-11-25 17:15:00,2024,11,25,17,15,88,88383,Rue Jules Ferry,48.01427,6.59982,Nuit sans éclairage public,En agglomération,Hors intersection,Pluie forte,Autre collision,3,2,2,0,1,1,2,0,1,50,1,3,1,0,1,1,40.0,,voiture,,3,2,1,3,6
202400007848,2024-09-13 08:45:00,2024,9,13,8,45,04,04112,MAJORAL ARNAUD (AV.),43.8304,5.7834,Plein jour,En agglomération,Hors intersection,Normale,Deux véhicules - arrière,4,2,2,0,2,1,1,0,1,50,2,2,1,0,0,1,14.0,69.0,deux_roues,utilitaire_camion,1,2,1,1,2
202400007849,2024-04-27 08:10:00,2024,4,27,8,10,50,50294,D900,49.588424,-1.653603,Plein jour,Hors agglomération,Hors intersection,Normale,Deux véhicules - frontale,3,2,2,0,1,3,1,0,1,80,2,2,0,1,1,0,43.0,64.0,voiture,voiture,1,1,1,1,1