accident_id,datetime,annee,mois,jour,heure,minute,departement,commune_insee,adresse,latitude,longitude,luminosite,agglomeration,intersection,meteo,collision,catr,circ,nbv,vosp,prof,plan,surf,infra,situ,vma,nb_vehicules,nb_usagers,nb_indemnes,nb_tues,nb_blesses_hosp,nb_blesses_legers,age_cond_1,age_cond_2,veh_type_cond_1,veh_type_cond_2,lum_code,agg_code,int_code,atm_code,col_code
202400007925,2024-09-14 19:20:00,2024,9,14,19,20,92,92035,Général de Gaulle  ( avenue du ),48.90999389,2.2549738,Plein jour,En agglomération,Hors intersection,Normale,Deux véhicules - côté,3,2,4,1,1,1,1,0,5,50,2,3,1,0,0,2,19.0,33.0,deux_roues,voiture,1,2,1,1,3
202400007926,2024-11-26 11:15:00,2024,11,26,11,15,59,59183,REPUBLIQUE,51.032252,2.375758,Plein jour,En agglomération,Hors intersection,Pluie légère,Deux véhicules - côté,4,2,2,0,1,1,2,0,1,50,2,3,0,0,0,3,75.0,25.0,voiture,voiture,1,2,1,2,3
202400007927,2024-04-25 15:25:00,2024,4,25,15,25,83,83129,LOMBARD (CHEMIN DE),43.09389,5.85131,Plein jour,En agglomération,Hors intersection,Normale,Deux véhicules - côté,4,2,1,0,1,1,1,0,1,50,2,2,1,0,0,1,52.0,51.0,voiture,utilitaire_camion,1,2,1,1,3
202400007928,2024-09-14 18:52:00,2024,9,14,18,52,92,92026,ALBERT GLEIZES (AVENUE),48.8922069,2.2438687,Plein jour,En agglomération,Hors intersection,Normale,Autre collision,3,1,1,0,1,1,1,0,8,50,1,2,1,0,0,1,20.0,,voiture,,1,2,1,1,6
202400007929,2024-11-25 17:45:00,2024,11,25,17,45,56,56121,D465 Desserte Portuaire,47.76048,-3.38289,Nuit sans éclairage public,En agglomération,Hors intersection,Pluie légère,Deux véhicules - arrière,3,3,4,0,1,1,2,0,1,70,2,4,3,0,0,1,40.0,38.0,voiture,utilitaire_camion,3,2,1,2,2
202400007930,2024-09-14 19:00:00,2024,9,14,19,0,92,92012,SILLY (RUE DE) 1/87 - 2/88,48.83343229,2.23335961,Plein jour,En agglomération,Hors intersection,Normale,Sans collision,4,2,2,2,1,1,1,9,5,30,1,2,0,0,0,2,15.0,,deux_roues,,1,2,1,1,7
202400007931,2024-04-25 20:35:00,2024,4,25,20,35,81,81065,ALBERT 1° (AV),43.59925,2.23216,Plein jour,En agglomération,Hors intersection,Normale,Trois véhicules et plus - collisions multiples,4,2,2,0,1,1,1,0,1,50,3,3,2,0,0,1,42.0,21.0,voiture,voiture,1,2,1,1,5
202400007932,2024-11-26 11:25:00,2024,11,26,11,25,54,54395,Rue Charles de Foucauld,48.700985,6.186047,Plein jour,En agglomération,Hors intersection,Normale,Autre collision,4,2,2,0,1,1,1,0,5,30,1,2,1,0,0,1,20.0,,deux_roues,,1,2,1,1,6
202400007933,2024-09-15 04:00:00,2024,9,15,4,0,09,09141,Route de Luchon,42.936538,0.963503,Nuit avec éclairage allumé,En agglomération,Hors intersection,Normale,Sans collision,3,2,2,0,1,2,1,0,3,50,1,2,0,1,0,1,46.0,,utilitaire_camion,,5,2,1,1,7
202400007934,2024-04-25 20:40:00,2024,4,25,20,40,78,78418,PAUL DOUMER (AVENUE),48.90753,2.156,Crépuscule ou aube,En agglomération,Hors intersection,Normale,Deux véhicules - frontale,3,3,2,0,1,3,1,0,1,50,2,2,1,0,1,0,19.0,27.0,voiture,deux_roues,2,2,1,1,1
202400007935,2024-09-15 15:30:00,2024,9,15,15,30,60,60374,8 Rue du Général Leclerc,49.54461055,2.50851989,Plein jour,En agglomération,Hors intersection,Normale,Autre collision,4,2,2,0,2,1,1,0,4,50,1,1,0,1,0,0,55.0,,deux_roues,,1,2,1,1,6
202400007936,2024-11-25 08:04:00,2024,11,25,8,4,54,54395,Rue Gabriel Mouilleron,48.68402,6.17163,Plein jour,En agglomération,Intersection en X,Vent fort / tempête,Deux véhicules - côté,4,1,1,0,1,1,2,0,1,30,2,2,1,0,0,1,23.0,39.0,voiture,deux_roues,1,2,2,6,3
202400007936,2024-11-25 08:04:00,2024,11,25,8,4,54,54395,Rue Gabriel Mouilleron,48.68402,6.17163,Plein jour,En agglomération,Intersection en X,Vent fort / tempête,Deux véhicules - côté,4,1,1,2,1,1,1,-1,1,30,2,2,1,0,0,1,23.0,39.0,voiture,deux_roues,1,2,2,6,3
202400007937,2024-04-25 13:40:00,2024,4,25,13,40,78,78498,RD 30,48.93782,2.0545,Plein jour,En agglomération,Hors intersection,Normale,Sans collision,3,2, -1,0,2,1,1,0,1,30,1,1,0,0,1,0,41.0,,deux_roues,,1,2,1,1,7
202400007938,2024-09-14 20:44:00,2024,9,14,20,44,80,80016,Avenue du Général Faidherbe,50.00571636,2.66053677,Nuit avec éclairage allumé,En agglomération,Autre intersection,Normale,Deux véhicules - côté,3,2,2,0,1,1,1,0,1,50,2,2,0,0,0,2,20.0,28.0,deux_roues,voiture,5,2,9,1,3
202400007939,2024-11-26 14:50:00,2024,11,26,14,50,51,51454,Rond-point de l'Ordre National du Mérite,49.24234,4.0245,Plein jour,En agglomération,Giratoire,Normale,Deux véhicules - côté,4,1,1,2,1,1,1,0,1,50,2,2,1,0,0,1,,27.0,voiture,deux_roues,1,2,6,1,3
202400007940,2024-09-14 11:35:00,2024,9,14,11,35,71,71286,D980,46.598259,4.493165,Plein jour,Hors agglomération,Hors intersection,Normale,Sans collision,3,2,2,0,1,2,1,0,1,80,1,4,1,0,1,2,49.0,,voiture,,1,1,1,1,7
202400007941,2024-11-25 14:11:00,2024,11,25,14,11,51,51506,GRAND MAU (RUE DU),48.94951,4.3897,Plein jour,En agglomération,Hors intersection,Pluie légère,Deux véhicules - frontale,4,2,2,0,2,4,2,0,1,50,2,2,1,0,0,1,46.0,34.0,voiture,voiture,1,2,1,2,1
202400007942,2024-04-25 18:24:00,2024,4,25,18,24,77,77418,D 49,48.53871,3.201348,Plein jour,Hors agglomération,Hors intersection,Normale,Deux véhicules - frontale,3,-1,2,0,2,4,1,0,1,80,2,3,0,1,2,0,39.0,47.0,voiture,voiture,1,1,1,1,1
202400007943,2024-09-15 10:10:00,2024,9,15,10,10,49,49092,6 Avenue du Général de Gaulle (Chemillé),47.217491,-0.726486,Plein jour,En agglomération,Hors intersection,Temps éblouissant,Autre collision,3,2,2,1,1,1,1,0,1,50,1,2,1,0,0,1,24.0,,voiture,,1,2,1,7,6
202400007944,2024-11-26 08:00:00,2024,11,26,8,0,49,49328,RENAULT (BOULEVARD LOUIS),47.253013,-0.08402,Crépuscule ou aube,En agglomération,Intersection en T,Normale,Deux véhicules - côté,4,2,2,1,1,1,2,0,5,50,2,2,1,0,0,1,53.0,34.0,deux_roues,voiture,2,2,3,1,3
202400007944,2024-11-26 08:00:00,2024,11,26,8,0,49,49328,RENAULT (BOULEVARD LOUIS),47.253013,-0.08402,Crépuscule ou aube,En agglomération,Intersection en T,Normale,Deux véhicules - côté,4,1,1,1,1,1,2,0,5,50,2,2,1,0,0,1,53.0,34.0,deux_roues,voiture,2,2,3,1,3
202400007945,2024-04-24 14:40:00,2024,4,24,14,40,77,77284,TESSAN (RUE FRANCOIS DE),48.950509,2.879808,Plein jour,En agglomération,Intersection en X,Normale,Deux véhicules - arrière,3,2,2,0,2,2,1,0,1,50,2,2,1,0,1,0,36.0,23.0,utilitaire_camion,deux_roues,1,2,2,1,2
202400007945,2024-04-24 14:40:00,2024,4,24,14,40,77,77284,TESSAN (RUE FRANCOIS DE),48.950509,2.879808,Plein jour,En agglomération,Intersection en X,Normale,Deux véhicules - arrière,3,2,4,0,2,1,1,0,1,50,2,2,1,0,1,0,36.0,23.0,utilitaire_camion,deux_roues,1,2,2,1,2
202400007946,2024-09-15 11:35:00,2024,9,15,11,35,68,68295,D45,48.027408,7.402047,Plein jour,Hors agglomération,Intersection en T,Normale,Deux véhicules - côté,3,2,2,0,1,1,1,5,1,-1,2,2,1,1,0,0,82.0,23.0,deux_roues,voiture,1,1,3,1,3
202400007946,2024-09-15 11:35:00,2024,9,15,11,35,68,68295,D45,48.027408,7.402047,Plein jour,Hors agglomération,Intersection en T,Normale,Deux véhicules - côté,3,2,2,0,1,1,1,5,1,70,2,2,1,1,0,0,82.0,23.0,deux_roues,voiture,1,1,3,1,3
202400007947,2024-11-25 18:22:00,2024,11,25,18,22,49,49007,Avenue Marie Talet,47.47678,-0.54824,Crépuscule ou aube,En agglomération,Hors intersection,Pluie légère,Autre collision,4,2,2,0,1,1,2,0,1,50,1,2,1,0,0,1,36.0,,voiture,,2,2,1,2,6
202400007948,2024-04-24 11:57:00,2024,4,24,11,57,77,77243,SAINT DENIS  (RUE   ),48.87855,2.7053,Plein jour,En agglomération,Hors intersection,Normale,Autre collision,4,2,2,0,1,1,1,0,1,30,1,2,1,0,0,1,74.0,,voiture,,1,2,1,1,6
202400007949,2024-09-14 21:00:00,2024,9,14,21,0,22,22093,N 12 LA PETITE CHAPELLE,48.45455,-2.492947,Nuit sans éclairage public,Hors agglomération,Hors intersection,Normale,Autre collision,2,2,2,0,2,2,1,0,3,110,1,1,0,0,1,0,47.0,,voiture,,3,1,1,1,6
202400007950,2024-11-25 10:27:00,2024,11,25,10,27,49,49007,JEAN XXIII AVENUE,47.4470012,-0.56126565,Plein jour,En agglomération,Passage à niveau,Pluie légère,Deux véhicules - côté,4,2,4,3,1,1,2,4,1,50,2,2,1,0,0,1,46.0,21.0,deux_roues,transport_commun,1,2,8,2,3
202400007950,2024-11-25 10:27:00,2024,11,25,10,27,49,49007,JEAN XXIII AVENUE,47.4470012,-0.56126565,Plein jour,En agglomération,Passage à niveau,Pluie légère,Deux véhicules - côté,4,2,3,3,1,1,2,4,1,50,2,2,1,0,0,1,46.0,21.0,deux_roues,transport_commun,1,2,8,2,3
202400007951,2024-09-13 13:00:00,2024,9,13,13,0,971,97132,Chemin de la Coulisse,15.975522,-61.635302,Plein jour,En agglomération,Hors intersection,Normale,Autre collision,4,2,2,0,4,3,1,0,3,50,1,1,0,0,1,0,38.0,,voiture,,1,2,1,1,6
202400007952,2024-04-24 17:25:00,2024,4,24,17,25,76,76341,RD 6015,49.50763675,0.19560814,Plein jour,Hors agglomération,Hors intersection,Normale,Trois véhicules et plus - en chaîne,3,4,0,0,1,1,1,0,1,70,3,6,5,0,1,0,41.0,77.0,voiture,voiture,1,1,1,1,4
202400007953,2024-11-26 16:30:00,2024,11,26,16,30,46,46042,BASTIE (AVENUE MARYSE),44.45665688,1.42583656,Plein jour,En agglomération,Hors intersection,Normale,Autre collision,3,2,1,0,1,1,1,0,1,30,1,2,1,0,0,1,71.0,,voiture,,1,2,1,1,6
202400007954,2024-04-25 07:00:00,2024,4,25,7,0,76,76414,RD 485,49.91227,1.10579,Plein jour,En agglomération,Hors intersection,Normale,Autre collision,3,1,0,0,4,2,1,0,1,90,1,1,0,0,0,1,39.0,,deux_roues,,1,2,1,1,6
202400007955,2024-09-15 06:00:00,2024,9,15,6,0,50,50487,A84,48.50153448,-1.34459406,Nuit sans éclairage public,Hors agglomération,Hors intersection,Normale,Deux véhicules - côté,1,3,2,0,1,3,1,0,1,130,2,3,1,1,1,0,54.0,21.0,transport_commun,voiture,3,1,1,1,3
202400007956,2024-11-26 13:32:00,2024,11,26,13,32,45,45232,1215 Rue Marcel Belot,47.856922,1.902964,Plein jour,En agglomération,Giratoire,Normale,Deux véhicules - côté,3,1,2,2,1,1,1,0,4,30,2,2,1,0,0,1,82.0,40.0,deux_roues,deux_roues,1,2,6,1,3
202400007956,2024-11-26 13:32:00,2024,11,26,13,32,45,45232,1215 Rue Marcel Belot,47.856922,1.902964,Plein jour,En agglomération,Giratoire,Normale,Deux véhicules - côté,3,1,2,1,1,1,1,0,4,30,2,2,1,0,0,1,82.0,40.0,deux_roues,deux_roues,1,2,6,1,3
202400007957,2024-04-25 19:20:00,2024,4,25,19,20,74,74012,VALLEES (ROUTE DES),46.192441,6.245795,Plein jour,En agglomération,Hors intersection,Normale,Autre collision,4,2,2,0,2,1,1,0,1,50,1,2,0,0,0,2,26.0,,deux_roues,,1,2,1,1,6
202400007958,2024-11-26 09:30:00,2024,11,26,9,30,45,45235,106 Rue Nationale,47.94087,1.82083,Plein jour,En agglomération,Place,Temps couvert,Autre collision,4,2,2,1,1,1,2,0,1,50,1,2,1,0,0,1,52.0,,utilitaire_camion,,1,2,7,8,6
202400007959,2024-04-24 15:25:00,2024,4,24,15,25,71,71270,GAMBETTA (RUE),46.30245,4.83001,Plein jour,En agglomération,Hors intersection,Normale,Autre collision,4,2,2,0,4,1,1,0,8,30,1,2,1,0,0,1,85.0,,voiture,,1,2,1,1,6
202400007960,2024-09-14 13:50:00,2024,9,14,13,50,35,35251,D175,48.247297,-1.619335,Plein jour,Hors agglomération,Intersection en X,Normale,Deux véhicules - côté,3,2,3,0,1,2,1,0,1,80,2,3,0,0,1,2,77.0,81.0,voiture,voiture,1,1,2,1,3
202400007960,2024-09-14 13:50:00,2024,9,14,13,50,35,35251,D175,48.247297,-1.619335,Plein jour,Hors agglomération,Intersection en X,Normale,Deux véhicules - côté,3,2,2,0,1,1,1,0,1,80,2,3,0,0,1,2,77.0,81.0,voiture,voiture,1,1,2,1,3
202400007961,2024-11-26 18:30:00,2024,11,26,18,30,44,44109,25 Boulevard Emile Romanet,47.2102,-1.60341,Nuit avec éclairage allumé,En agglomération,Hors intersection,Normale,Autre collision,4,3,2,1,1,1,1,-1,5,50,1,2,0,0,0,2,36.0,,deux_roues,,5,2,1,1,6
202400007962,2024-09-15 00:05:00,2024,9,15,0,5,57,57674,D74,48.911867,6.407175,Nuit sans éclairage public,Hors agglomération,Hors intersection,Normale,Autre collision,3,2,2,0,2,3,1,0,3,80,1,1,0,0,1,0,19.0,,voiture,,3,1,1,1,6
202400007963,2024-04-25 22:10:00,2024,4,25,22,10,69,69266,Rue Gabriel Péri,45.77228,4.86591,Nuit avec éclairage allumé,En agglomération,Giratoire,Normale,Deux véhicules - côté,4,2,2,0,1,1,1,0,1,30,2,2,1,0,0,1,44.0,26.0,voiture,deux_roues,5,2,6,1,3
202400007963,2024-04-25 22:10:00,2024,4,25,22,10,69,69266,Rue Gabriel Péri,45.77228,4.86591,Nuit avec éclairage allumé,En agglomération,Giratoire,Normale,Deux véhicules - côté,4,1,1,0,1,2,1,0,1,30,2,2,1,0,0,1,44.0,26.0,voiture,deux_roues,5,2,6,1,3
202400007964,2024-11-25 17:25:00,2024,11,25,17,25,43,43157,Rue des Tanneries,45.03986,3.88684,Nuit avec éclairage allumé,En agglomération,Intersection en X,Vent fort / tempête,Deux véhicules - côté,4,2,2,0,2,1,2,5,1,50,2,2,1,0,0,1,16.0,48.0,deux_roues,voiture,5,2,2,6,3
202400007964,2024-11-25 17:25:00,2024,11,25,17,25,43,43157,Rue des Tanneries,45.03986,3.88684,Nuit avec éclairage allumé,En agglomération,Intersection en X,Vent fort / tempête,Deux véhicules - côté,4,2,2,0,2,1,2,0,1,50,2,2,1,0,0,1,16.0,48.0,deux_roues,voiture,5,2,2,6,3
202400007965,2024-04-25 21:45:00,2024,4,25,21,45,69,69256,Avenue de Böhlen,45.76464318,4.91927819,Nuit avec éclairage allumé,En agglomération,Intersection en T,Normale,Deux véhicules - côté,4,2,4,0,1,1,1,0,1,50,2,3,2,0,0,1,32.0,41.0,deux_roues,voiture,5,2,3,1,3
202400007965,2024-04-25 21:45:00,2024,4,25,21,45,69,69256,Avenue de Böhlen,45.76464318,4.91927819,Nuit avec éclairage allumé,En agglomération,Intersection en T,Normale,Deux véhicules - côté,4,2,3,0,1,1,1,0,1,50,2,3,2,0,0,1,32.0,41.0,deux_roues,voiture,5,2,3,1,3
202400007966,2024-08-13 15:45:00,2024,8,13,15,45,19,19276,D920,45.40162224,1.57260901,Plein jour,Hors agglomération,Hors intersection,Normale,Deux véhicules - frontale,3,2,2,0,2,1,1,0,1,90,2,5,0,0,0,5,66.0,74.0,voiture,voiture,1,1,1,1,1
202400007967,2024-11-22 20:00:00,2024,11,22,20,0,40,40088,CARNOT (BOULEVARD),43.71226,-1.06136,Nuit avec éclairage allumé,En agglomération,Hors intersection,Normale,Autre collision,4,2,2,0,1,3,1,6,6,50,1,2,0,1,0,1,18.0,,voiture,,5,2,1,1,6
202400007968,2024-04-25 06:15:00,2024,4,25,6,15,69,69259,Rue Abbé Glasberg,45.69235,4.87294,Nuit avec éclairage allumé,En agglomération,Intersection en X,Normale,Deux véhicules - côté,4,2,2,0,1,1,1,0,1,50,2,2,1,0,0,1,52.0,39.0,voiture,deux_roues,5,2,2,1,3
202400007968,2024-04-25 06:15:00,2024,4,25,6,15,69,69259,Rue Abbé Glasberg,45.69235,4.87294,Nuit avec éclairage allumé,En agglomération,Intersection en X,Normale,Deux véhicules - côté,4,2,2,0,1,1,1,0,1,50,2,2,1,0,0,1,52.0,39.0,voiture,deux_roues,5,2,2,1,3
202400007969,2024-09-14 14:20:00,2024,9,14,14,20,56,56185,Kerigeard,47.778473,-3.455672,Plein jour,Hors agglomération,Hors intersection,Normale,Deux véhicules - frontale,4,2,2,0,1,3,1,0,1,80,2,3,1,0,2,0,20.0,61.0,voiture,voiture,1,1,1,1,1
202400007970,2024-04-25 11:40:00,2024,4,25,11,40,65,65440,Boulevard du President Kennedy,43.21945,0.08584,Plein jour,En agglomération,Hors intersection,Normale,Deux véhicules - côté,2,3,4,0,1,1,1,0,4,50,2,2,1,0,1,0,78.0,37.0,deux_roues,voiture,1,2,1,1,3
202400007971,2024-11-20 16:30:00,2024,11,20,16,30,40,40279,LIBERTE (AVE DE LA),43.72284,-1.05154,Plein jour,En agglomération,Hors intersection,Normale,Trois véhicules et plus - en chaîne,3,2,2,0,1,1,2,0,1,50,3,4,1,0,0,3,76.0,37.0,voiture,voiture,1,2,1,1,4
202400007972,2024-04-26 02:40:00,2024,4,26,2,40,64,64189,RAVEL MAURICE (QUA)I,43.38452,-1.6664,Nuit avec éclairage allumé,En agglomération,Hors intersection,Pluie légère,Sans collision,3,1,1,0,1,2,2,0,1,30,1,2,0,0,0,2,24.0,,deux_roues,,5,2,1,2,7
202400007973,2024-11-15 11:12:00,2024,11,15,11,12,38,38544,BERTHELOT(AV),45.53845,4.87156,Plein jour,En agglomération,Hors intersection,Normale,Autre collision,2,2,2,0,1,1,1,0,1,50,1,2,1,0,1,0,80.0,,voiture,,1,2,1,1,6
202400007974,2024-04-25 09:12:00,2024,4,25,9,12,64,64024,COMPAGNET (GIRATOIRE DE),43.46017,-1.49635,Plein jour,En agglomération,Giratoire,Pluie forte,Deux véhicules - côté,4,1,2,0,1,2,3,0,1,50,2,2,1,0,0,1,32.0,31.0,voiture,deux_roues,1,2,6,3,3
202400007975,2024-11-26 20:05:00,2024,11,26,20,5,35,35238,ESPAGNE (D'),48.08663691,-1.67212587,Nuit avec éclairage allumé,En agglomération,Hors intersection,Normale,Autre collision,4,2,2,0,1,1,1,0,1,30,1,2,1,0,0,1,48.0,,voiture,,5,2,1,1,6
202400007976,2024-04-25 09:00:00,2024,4,25,9,0,63,63113,PRE COMTAL (RUE DE),45.80159,3.13051,Plein jour,En agglomération,Hors intersection,Normale,Deux véhicules - côté,4,2,2,0,1,1,1,0,1,50,2,2,1,0,0,1,,48.0,utilitaire_camion,utilitaire_camion,1,2,1,1,3
202400007977,2024-09-15 15:45:00,2024,9,15,15,45,56,56126,Le Pont,47.526138,-2.309242,Plein jour,Hors agglomération,Hors intersection,Normale,Deux véhicules - frontale,3,2,2,0,2,1,1,0,1,70,2,2,1,0,1,0,49.0,45.0,deux_roues,utilitaire_camion,1,1,1,1,1
202400007978,2024-04-24 14:30:00,2024,4,24,14,30,62,62498,Rue Robert Schuman,50.44253007,2.82549477,Plein jour,En agglomération,Hors intersection,Normale,Deux véhicules - côté,4,2,2,0,1,1,1,0,1,50,2,2,1,0,0,1,40.0,48.0,deux_roues,voiture,1,2,1,1,3
202400007979,2024-11-26 08:15:00,2024,11,26,8,15,35,35238,PORTE DE NANTES,48.08051,-1.67652,Plein jour,Hors agglomération,Hors intersection,Normale,Deux véhicules - arrière,2,3,5,0,1,1,1,3,1,90,2,2,1,0,0,1,51.0,32.0,voiture,voiture,1,1,1,1,2
202400007980,2024-09-15 17:36:00,2024,9,15,17,36,76,76554,D93,49.4855054,1.34767056,Plein jour,Hors agglomération,Hors intersection,Normale,Sans collision,3,2,1,0,3,2,1,0,1,80,1,1,0,1,0,0,88.0,,deux_roues,,1,1,1,1,7
202400007981,2024-04-24 17:30:00,2024,4,24,17,30,62,62274,D161,50.44022,2.99506,Plein jour,En agglomération,Hors intersection,Normale,Deux véhicules - frontale,3,2,2,0,4,2,1,0,1,50,2,2,1,0,1,0,36.0,45.0,voiture,transport_commun,1,2,1,1,1
202400007982,2024-04-19 08:40:00,2024,4,19,8,40,62,62510,D58E4,50.42087,2.77734,Plein jour,En agglomération,Autre intersection,Normale,Autre collision,3,1,1,0,1,3,1,0,8,50,1,2,1,0,0,1,57.0,,voiture,,1,2,9,1,6
202400007983,2024-09-15 10:10:00,2024,9,15,10,10,81,81136,D964,44.0183573,1.677528,Plein jour,Hors agglomération,Hors intersection,Normale,Sans collision,3,2,2,0,1,2,1,0,1,90,1,1,0,0,0,1,55.0,,deux_roues,,1,1,1,1,7
202400007984,2024-11-25 15:50:00,2024,11,25,15,50,34,34032,MOULIN JEAN (AV),43.34798,3.22197,Plein jour,En agglomération,Hors intersection,Normale,Autre collision,4,2,2,0,1,1,1,0,1,50,1,2,1,0,1,0,48.0,,transport_commun,,1,2,1,1,6
202400007985,2024-04-23 07:45:00,2024,4,23,7,45,62,62624,Avenue de la République,50.41451,2.98408,Plein jour,En agglomération,Hors intersection,Temps éblouissant,Deux véhicules - côté,4,2,1,0,1,3,1,9,1,50,2,2,1,0,1,0,49.0,22.0,voiture,deux_roues,1,2,1,7,3
202400007986,2024-09-14 18:20:00,2024,9,14,18,20,81,81217,Route de Monclar,43.980726,1.7064,Plein jour,Hors agglomération,Hors intersection,Normale,Sans collision,3,2,2,0,2,2,9,0,3,80,1,1,0,0,0,1,35.0,,deux_roues,,1,1,1,1,7
202400007987,2024-11-26 12:10:00,2024,11,26,12,10,33,33063,,44.86078,-0.61384,Plein jour,En agglomération,Hors intersection,Normale,Deux véhicules - arrière,4,2,2,0,1,1,2,0,1,50,2,2,1,0,0,1,26.0,74.0,voiture,voiture,1,2,1,1,2
202400007988,2024-04-11 16:50:00,2024,4,11,16,50,61,61006,D240,48.723199,0.003407,Plein jour,Hors agglomération,Hors intersection,Normale,Deux véhicules - arrière,3,2,2,0,2,1,1,0,1,80,2,5,1,0,0,4,32.0,22.0,utilitaire_camion,voiture,1,1,1,1,2
202400007989,2024-09-15 18:30:00,2024,9,15,18,30,39,39500,,46.958259,5.886011,Plein jour,Hors agglomération,Hors intersection,Normale,Autre collision,3,2,2,0,2,3,1,0,1,80,1,4,2,0,0,2,24.0,,voiture,,1,1,1,1,6
202400007990,2024-11-06 15:12:00,2024,11,6,15,12,33,33281,,44.8331,-0.6974,Plein jour,En agglomération,Autre intersection,Temps couvert,Deux véhicules - côté,4,1,1,0,1,1,1,4,1,30,2,2,1,0,0,1,51.0,69.0,transport_commun,voiture,1,2,9,8,3
202400007990,2024-11-06 15:12:00,2024,11,6,15,12,33,33281,,44.8331,-0.6974,Plein jour,En agglomération,Autre intersection,Temps couvert,Deux véhicules - côté,4,2,4,0,1,1,1,4,1,30,2,2,1,0,0,1,51.0,69.0,transport_commun,voiture,1,2,9,8,3
202400007991,2024-04-25 07:30:00,2024,4,25,7,30,59,59512,MULHOUSE (BOULEVARD DE),50.68457,3.1926,Plein jour,En agglomération,Intersection en X,Normale,Deux véhicules - côté,4,2,2,0,1,1,1,0,1,50,2,2,1,0,0,1,20.0,51.0,voiture,deux_roues,1,2,2,1,3
202400007991,2024-04-25 07:30:00,2024,4,25,7,30,59,59512,MULHOUSE (BOULEVARD DE),50.68457,3.1926,Plein jour,En agglomération,Intersection en X,Normale,Deux véhicules - côté,4,2,2,0,1,1,1,0,1,50,2,2,1,0,0,1,20.0,51.0,voiture,deux_roues,1,2,2,1,3
202400007992,2024-11-26 18:45:00,2024,11,26,18,45,31,31555,PL JEANNE D ARC,43.60867,1.44612,Nuit avec éclairage allumé,En agglomération,Place,Normale,Autre collision,4,1,1,1,1,1,1,0,1,30,1,2,1,0,1,0,59.0,,voiture,,5,2,7,1,6
202400007993,2024-04-25 19:29:00,2024,4,25,19,29,59,59271,RD 601,51.0232,2.30761,Crépuscule ou aube,En agglomération,Hors intersection,Normale,Deux véhicules - côté,3,1,2,0,1,1,1,0,1,80,2,2,1,0,1,0,16.0,60.0,deux_roues,voiture,2,2,1,1,3
202400007994,2024-09-14 14:15:00,2024,9,14,14,15,44,44096,la Poibeliere,47.446371,-1.205556,Plein jour,Hors agglomération,Intersection en X,Normale,Deux véhicules - côté,4,2,2,0,1,1,1,0,1,80,2,2,1,0,1,0,17.0,48.0,deux_roues,voiture,1,1,2,1,3
202400007994,2024-09-14 14:15:00,2024,9,14,14,15,44,44096,la Poibeliere,47.446371,-1.205556,Plein jour,Hors agglomération,Intersection en X,Normale,Deux véhicules - côté,4,2,2,0,2,1,1,0,1,80,2,2,1,0,1,0,17.0,48.0,deux_roues,voiture,1,1,2,1,3
202400007995,2024-04-24 17:50:00,2024,4,24,17,50,59,59024,DOUAI (RUE DE),50.33417142,3.22447839,Plein jour,En agglomération,Hors intersection,Normale,Deux véhicules - côté,3,2,2,0,1,1,1,0,1,50,2,2,1,0,0,1,,51.0,voiture,deux_roues,1,2,1,1,3
202400007996,2024-10-23 17:30:00,2024,10,23,17,30,30,30189,JOLIOT CURIE (AVENUE),43.8109,4.3086,Plein jour,En agglomération,Hors intersection,Normale,Sans collision,4,2,2,0,1,1,1,0,1,50,1,2,0,1,1,0,27.0,,voiture,,1,2,1,1,7
202400007997,2024-09-14 15:00:00,2024,9,14,15,0,38,38134,D37,45.441375,5.045085,Plein jour,Hors agglomération,Hors intersection,Normale,Autre collision,3,2,2,0,1,1,1,0,3,80,1,1,0,0,1,0,18.0,,deux_roues,,1,1,1,1,6
202400007998,2024-04-25 11:35:00,2024,4,25,11,35,56,56260,Avenue Victor Hugo,47.66354,-2.75585,Plein jour,En agglomération,Hors intersection,Normale,Deux véhicules - arrière,4,1,1,3,2,1,1,0,1,30,2,2,1,0,0,1,38.0,19.0,voiture,deux_roues,1,2,1,1,2
202400007999,2024-11-26 17:00:00,2024,11,26,17,0,30,30007,FERREOL (QUAI),44.12388,4.07101,Crépuscule ou aube,En agglomération,Intersection en T,Normale,Deux véhicules - côté,4,2,2,0,1,1,1,0,1,50,2,3,2,0,0,1,16.0,59.0,deux_roues,voiture,2,2,3,1,3
202400007999,2024-11-26 17:00:00,2024,11,26,17,0,30,30007,FERREOL (QUAI),44.12388,4.07101,Crépuscule ou aube,En agglomération,Intersection en T,Normale,Deux véhicules - côté,4,2,2,0,1,1,1,0,1,50,2,3,2,0,0,1,16.0,59.0,deux_roues,voiture,2,2,3,1,3
202400008000,2024-09-15 00:40:00,2024,9,15,0,40,38,38134,D538,45.450016,4.994659,Nuit sans éclairage public,Hors agglomération,Hors intersection,Normale,Sans collision,3,2,2,0,1,1,1,0,3,80,1,1,0,0,1,0,16.0,,deux_roues,,3,1,1,1,7
202400008001,2024-04-24 08:10:00,2024,4,24,8,10,56,56098,Avenue Commune de Paris,47.77189,-3.33873,Plein jour,En agglomération,Intersection en X,Temps éblouissant,Deux véhicules - côté,4,2,2,0,1,1,1,0,1,50,2,2,1,0,0,1,27.0,27.0,voiture,deux_roues,1,2,2,7,3
202400008001,2024-04-24 08:10:00,2024,4,24,8,10,56,56098,Avenue Commune de Paris,47.77189,-3.33873,Plein jour,En agglomération,Intersection en X,Temps éblouissant,Deux véhicules - côté,4,2,2,0,3,1,1,0,1,30,2,2,1,0,0,1,27.0,27.0,voiture,deux_roues,1,2,2,7,3