accident_id,datetime,annee,mois,jour,heure,minute,departement,commune_insee,adresse,latitude,longitude,luminosite,agglomeration,intersection,meteo,collision,catr,circ,nbv,vosp,prof,plan,surf,infra,situ,vma,nb_vehicules,nb_usagers,nb_indemnes,nb_tues,nb_blesses_hosp,nb_blesses_legers,age_cond_1,age_cond_2,veh_type_cond_1,veh_type_cond_2,lum_code,agg_code,int_code,atm_code,col_code
202400008075,2024-11-26 12:40:00,2024,11,26,12,40,75,75116,RUE DE LA POMPE,48.86314,2.276514,Plein jour,En agglomération,Hors intersection,Normale,Autre collision,4,2,2,0,1,1,1,0,1,30,1,2,1,0,0,1,27.0,,deux_roues,,1,2,1,1,6
202400008076,2024-11-26 16:30:00,2024,11,26,16,30,75,75113,BOULEVARD AUGUSTE BLANQUI,48.83126,2.342476,Crépuscule ou aube,En agglomération,Hors intersection,Normale,Autre collision,4,3,4,1,1,1,1,0,1,30,1,2,1,0,0,1,25.0,,utilitaire_camion,,2,2,1,1,6
202400008077,2024-11-25 20:23:00,2024,11,25,20,23,75,75112,BOULEVARD DE BERCY,48.839886,2.382325,Nuit avec éclairage allumé,En agglomération,Intersection en T,Normale,Deux véhicules - côté,4,2,4,1,1,1,1,0,1,30,2,2,0,0,2,0,26.0,37.0,deux_roues,deux_roues,5,2,3,1,3
202400008077,2024-11-25 20:23:00,2024,11,25,20,23,75,75112,BOULEVARD DE BERCY,48.839886,2.382325,Nuit avec éclairage allumé,En agglomération,Intersection en T,Normale,Deux véhicules - côté,4,2,2,0,1,1,1,0,8,30,2,2,0,0,2,0,26.0,37.0,deux_roues,deux_roues,5,2,3,1,3
202400008078,2024-04-24 09:55:00,2024,4,24,9,55,19,19031,TURGOT (AVENUE),45.16538339,1.52056109,Plein jour,En agglomération,Intersection en X,Normale,Deux véhicules - frontale,4,2,3,0,1,1,1,5,1,50,2,2,1,0,1,0,38.0,28.0,deux_roues,voiture,1,2,2,1,1
202400008078,2024-04-24 09:55:00,2024,4,24,9,55,19,19031,TURGOT (AVENUE),45.16538339,1.52056109,Plein jour,En agglomération,Intersection en X,Normale,Deux véhicules - frontale,4,2,3,2,1,1,1,5,1,50,2,2,1,0,1,0,38.0,28.0,deux_roues,voiture,1,2,2,1,1
202400008079,2024-09-15 15:24:00,2024,9,15,15,24,77,77238,D402,48.868752,3.091772,Plein jour,Hors agglomération,Intersection en X,Normale,Deux véhicules - côté,3,2,2,0,1,1,1,0,1,80,2,5,4,0,1,0,78.0,57.0,voiture,utilitaire_camion,1,1,2,1,3
202400008079,2024-09-15 15:24:00,2024,9,15,15,24,77,77238,D402,48.868752,3.091772,Plein jour,Hors agglomération,Intersection en X,Normale,Deux véhicules - côté,3,2,2,0,1,1,1,0,1,80,2,5,4,0,1,0,78.0,57.0,voiture,utilitaire_camion,1,1,2,1,3
202400008080,2024-11-25 10:25:00,2024,11,25,10,25,75,75112,AVENUE DU DOCTEUR ARNOLD NETTER,48.842611,2.40522,Plein jour,En agglomération,Hors intersection,Pluie forte,Sans collision,4,2,2,0,1,1,2,0,1,30,2,2,1,0,0,1,45.0,34.0,deux_roues,voiture,1,2,1,3,7
202400008081,2024-04-25 04:35:00,2024,4,25,4,35,13,13103,RUE DU BACHAGA BOUALEM,43.63361,5.07661,Nuit sans éclairage public,En agglomération,Giratoire,Normale,Autre collision,3,2,1,0,1,1,1,9,8,50,1,1,0,0,0,1,21.0,,deux_roues,,3,2,6,1,6
202400008081,2024-04-25 04:35:00,2024,4,25,4,35,13,13103,RUE DU BACHAGA BOUALEM,43.63361,5.07661,Nuit sans éclairage public,En agglomération,Giratoire,Normale,Autre collision,3,2,1,0,1,1,1,9,8,50,1,1,0,0,0,1,21.0,,deux_roues,,3,2,6,1,6
202400008082,2024-11-26 14:03:00,2024,11,26,14,3,75,75110,RUE DU FAUBOURG SAINT MARTIN,48.879859,2.3636,Plein jour,En agglomération,Hors intersection,Normale,Deux véhicules - côté,4,2,2,0,1,1,1,0,1,30,2,2,1,0,0,1,39.0,27.0,voiture,deux_roues,1,2,1,1,3
202400008083,2024-04-04 10:22:00,2024,4,4,10,22,13,13026,RN 568,43.39275,5.18238,Plein jour,Hors agglomération,Autre intersection,Normale,Autre collision,3,2,2,0,1,1,1,0,1,80,2,4,0,0,0,4,79.0,27.0,voiture,utilitaire_camion,1,1,9,1,6
202400008084,2024-11-26 08:30:00,2024,11,26,8,30,75,75109,RUE DE LA VICTOIRE,48.875152,2.337136,Plein jour,En agglomération,Intersection en X,Normale,Deux véhicules - côté,4,1,2,2,1,1,1,0,1,30,2,2,0,0,0,2,33.0,44.0,deux_roues,voiture,1,2,2,1,3
202400008084,2024-11-26 08:30:00,2024,11,26,8,30,75,75109,RUE DE LA VICTOIRE,48.875152,2.337136,Plein jour,En agglomération,Intersection en X,Normale,Deux véhicules - côté,4,1,0,2,1,1,1,0,1,30,2,2,0,0,0,2,33.0,44.0,deux_roues,voiture,1,2,2,1,3
202400008085,2024-04-25 19:00:00,2024,4,25,19,0,13,13209,LANCIER (CHEMIN DU),43.24575,5.395,Plein jour,En agglomération,Giratoire,Normale,Deux véhicules - côté,4,4,1,0,2,2,1,5,1,50,2,2,1,0,0,1,58.0,24.0,voiture,deux_roues,1,2,6,1,3
202400008086,2024-11-26 18:59:00,2024,11,26,18,59,75,75108,AVENUE GEORGE V,48.870967,2.300903,Nuit avec éclairage allumé,En agglomération,Intersection en X,Normale,Deux véhicules - arrière,4,2,4,0,1,1,1,0,1,30,2,2,1,0,0,1,40.0,26.0,deux_roues,deux_roues,5,2,2,1,2
202400008086,2024-11-26 18:59:00,2024,11,26,18,59,75,75108,AVENUE GEORGE V,48.870967,2.300903,Nuit avec éclairage allumé,En agglomération,Intersection en X,Normale,Deux véhicules - arrière,4,1,1,0,2,1,1,0,1,30,2,2,1,0,0,1,40.0,26.0,deux_roues,deux_roues,5,2,2,1,2
202400008087,2024-09-14 19:35:00,2024,9,14,19,35,30,30206,Route d'Uzes,43.911986,4.405658,Plein jour,Hors agglomération,Hors intersection,Normale,Trois véhicules et plus - en chaîne,3,2,2,0,1,2,1,0,1,80,4,4,1,1,0,2,48.0,30.0,deux_roues,voiture,1,1,1,1,4
202400008088,2024-04-25 17:30:00,2024,4,25,17,30,13,13203,STRASBOURG (BOULEVARD),43.30783602,5.37632383,Plein jour,En agglomération,Hors intersection,Normale,Deux véhicules - arrière,4,1,2,0,1,1,1,0,1,50,2,2,1,0,0,1,,40.0,voiture,voiture,1,2,1,1,2
202400008089,2024-09-15 10:15:00,2024,9,15,10,15,83,83053,"RD 462, PK 2",43.175561,5.844281,Plein jour,Hors agglomération,Hors intersection,Normale,Sans collision,3,2,2,0,2,1,1,0,1,80,1,1,0,0,1,0,38.0,,deux_roues,,1,1,1,1,7
202400008090,2024-11-26 08:40:00,2024,11,26,8,40,75,75107,QUAI BRANLY,48.857474,2.291053,Plein jour,En agglomération,Intersection en T,Temps couvert,Deux véhicules - côté,4,2, -1,-1,1,1,2,-1,5,-1,2,2,1,0,0,1,30.0,26.0,deux_roues,deux_roues,1,2,3,8,3
202400008090,2024-11-26 08:40:00,2024,11,26,8,40,75,75107,QUAI BRANLY,48.857474,2.291053,Plein jour,En agglomération,Intersection en T,Temps couvert,Deux véhicules - côté,4,2,2,1,1,1,2,-1,5,30,2,2,1,0,0,1,30.0,26.0,deux_roues,deux_roues,1,2,3,8,3
202400008091,2024-04-24 12:30:00,2024,4,24,12,30,13,13212,FAIENCIERS (TRAVERSE DES),43.29488,5.43366,Plein jour,En agglomération,Hors intersection,Normale,Autre collision,4,2,2,0,2,1,1,0,1,50,1,2,1,0,0,1,,,utilitaire_camion,,1,2,1,1,6
202400008092,2024-11-25 17:00:00,2024,11,25,17,0,75,75103,PLACE DE LA REPUBLIQUE,48.866779,2.364051,Nuit avec éclairage allumé,En agglomération,Hors intersection,Pluie légère,Sans collision,4,2,8,2,1,1,2,0,8,30,1,1,0,0,0,1,33.0,,deux_roues,,5,2,1,2,7
202400008093,2024-04-25 09:25:00,2024,4,25,9,25,13,13214,AYGALADES (AVENUE DES),43.34125559,5.3652491,Plein jour,En agglomération,Hors intersection,Normale,Deux véhicules - côté,4,2,2,0,1,1,1,0,1,50,2,2,1,0,1,0,60.0,32.0,utilitaire_camion,deux_roues,1,2,1,1,3
202400008094,2024-09-15 12:45:00,2024,9,15,12,45,13,13042,D8n,43.271761,5.644172,Plein jour,Hors agglomération,Intersection en T,Normale,Deux véhicules - arrière,3,2,2,0,1,1,1,0,1,70,3,3,2,0,1,0,32.0,39.0,deux_roues,voiture,1,1,3,1,2
202400008094,2024-09-15 12:45:00,2024,9,15,12,45,13,13042,D8n,43.271761,5.644172,Plein jour,Hors agglomération,Intersection en T,Normale,Deux véhicules - arrière,3,2, -1,-1,1,1,1,0,1,-1,3,3,2,0,1,0,32.0,39.0,deux_roues,voiture,1,1,3,1,2
202400008095,2024-11-26 12:35:00,2024,11,26,12,35,94,94041,Avenue de la République,48.80229,2.39755,Plein jour,En agglomération,Hors intersection,Normale,Deux véhicules - côté,3,3,0,0,1,1,1,0,1,50,2,2,1,0,0,1,,55.0,deux_roues,deux_roues,1,2,1,1,3
202400008096,2024-04-24 07:52:00,2024,4,24,7,52,13,13208,MENDES FRANCE (AVENUE),43.26148,5.37493,Plein jour,En agglomération,Hors intersection,Normale,Deux véhicules - arrière,4,1,2,0,1,1,1,0,1,50,3,3,2,0,0,1,34.0,42.0,voiture,voiture,1,2,1,1,2
202400008097,2024-11-26 17:10:00,2024,11,26,17,10,94,94052,Boulevard de Strasbourg,48.84128522,2.48281708,Crépuscule ou aube,En agglomération,Intersection en X,Normale,Deux véhicules - côté,3,-1,2,0,1,1,1,0,1,50,2,2,1,0,0,1,36.0,57.0,deux_roues,deux_roues,2,2,2,1,3
202400008097,2024-11-26 17:10:00,2024,11,26,17,10,94,94052,Boulevard de Strasbourg,48.84128522,2.48281708,Crépuscule ou aube,En agglomération,Intersection en X,Normale,Deux véhicules - côté,3,2,2,0,1,1,1,0,1,50,2,2,1,0,0,1,36.0,57.0,deux_roues,deux_roues,2,2,2,1,3
202400008098,2024-09-15 17:45:00,2024,9,15,17,45,25,25032,D50,47.380735,6.377703,Plein jour,Hors agglomération,Intersection en T,Normale,Deux véhicules - arrière,3,2, -1,-1,1,2,1,0,1,-1,2,3,2,0,0,1,68.0,67.0,deux_roues,deux_roues,1,1,3,1,2
202400008098,2024-09-15 17:45:00,2024,9,15,17,45,25,25032,D50,47.380735,6.377703,Plein jour,Hors agglomération,Intersection en T,Normale,Deux véhicules - arrière,3,2,2,0,4,1,1,0,1,90,2,3,2,0,0,1,68.0,67.0,deux_roues,deux_roues,1,1,3,1,2
202400008099,2024-11-26 09:45:00,2024,11,26,9,45,94,94076,Boulevard Maxime Gorki,48.78678,2.367384,Plein jour,En agglomération,Autre intersection,Pluie légère,Deux véhicules - côté,3,2,4,3,1,1,2,0,1,30,2,2,1,0,0,1,50.0,32.0,transport_commun,deux_roues,1,2,9,2,3
202400008100,2024-09-15 11:45:00,2024,9,15,11,45,68,68111,Route de Hattstatt,48.004388,7.282847,Plein jour,Hors agglomération,Hors intersection,Normale,Deux véhicules - côté,3,2,2,0,2,2,1,9,1,70,2,2,1,0,1,0,86.0,47.0,voiture,deux_roues,1,1,1,1,3
202400008101,2024-04-25 10:20:00,2024,4,25,10,20,13,13005,BAUME (CHEMIN DE LA),43.32351,5.58997,Plein jour,Hors agglomération,Intersection en T,Normale,Deux véhicules - côté,7,2,2,0,1,1,1,0,1,50,2,5,3,0,0,2,26.0,75.0,utilitaire_camion,voiture,1,1,3,1,3
202400008101,2024-04-25 10:20:00,2024,4,25,10,20,13,13005,BAUME (CHEMIN DE LA),43.32351,5.58997,Plein jour,Hors agglomération,Intersection en T,Normale,Deux véhicules - côté,7,2,2,0,1,1,1,0,1,80,2,5,3,0,0,2,26.0,75.0,utilitaire_camion,voiture,1,1,3,1,3
202400008102,2024-11-26 19:49:00,2024,11,26,19,49,94,94073,N186B,48.75384031,2.37234253,Nuit avec éclairage allumé,Hors agglomération,Hors intersection,Normale,Deux véhicules - arrière,2,1,3,0,1,1,1,0,1,70,2,2,1,0,0,1,48.0,48.0,deux_roues,voiture,5,1,1,1,2
202400008103,2024-04-25 09:25:00,2024,4,25,9,25,11,11069,,43.21655,2.34849,Plein jour,En agglomération,Hors intersection,Normale,Autre collision,4,1,2,0,1,1,1,0,4,50,1,3,2,0,0,1,17.0,,voiture,,1,2,1,1,6
202400008104,2024-09-15 19:00:00,2024,9,15,19,0,55,55122,Rue de Saint-mihiel,48.766201,5.582131,Plein jour,En agglomération,Hors intersection,Normale,Sans collision,9,2,2,0,2,1,1,0,1,50,1,2,1,1,0,0,26.0,,voiture,,1,2,1,1,7
202400008105,2024-09-15 11:45:00,2024,9,15,11,45,03,03191,Le Priolet,46.417378,2.913163,Plein jour,Hors agglomération,Hors intersection,Normale,Autre collision,4,2,2,0,1,1,1,0,3,50,1,1,0,0,1,0,12.0,,deux_roues,,1,1,1,1,6
202400008106,2024-11-26 05:20:00,2024,11,26,5,20,94,94065,Rue de Concarneau,48.755139,2.354012,Nuit avec éclairage allumé,Hors agglomération,Hors intersection,Pluie légère,Deux véhicules - côté,5,2,2,0,1,1,2,0,1,30,2,2,1,0,0,1,21.0,54.0,voiture,autre,5,1,1,2,3
202400008107,2024-04-20 13:00:00,2024,4,20,13,0,05,05023,SAVOIE (AVENUE DE),44.90935,6.62639,Plein jour,En agglomération,Intersection en Y,Normale,Deux véhicules - côté,3,2,2,0,2,3,1,0,1,50,2,2,1,0,0,1,47.0,52.0,voiture,deux_roues,1,2,4,1,3
202400008107,2024-04-20 13:00:00,2024,4,20,13,0,05,05023,SAVOIE (AVENUE DE),44.90935,6.62639,Plein jour,En agglomération,Intersection en Y,Normale,Deux véhicules - côté,3,2,2,0,2,1,1,0,1,50,2,2,1,0,0,1,47.0,52.0,voiture,deux_roues,1,2,4,1,3
202400008108,2024-11-26 18:15:00,2024,11,26,18,15,94,94033,Boulevard Galliéni,48.84826,2.47814,Nuit avec éclairage allumé,En agglomération,Hors intersection,Normale,Autre collision,3,2,2,0,1,1,1,0,1,30,1,2,1,0,0,1,39.0,,voiture,,5,2,1,1,6
202400008109,2024-09-14 17:30:00,2024,9,14,17,30,17,17089,D131,45.759844,-0.556397,Plein jour,Hors agglomération,Hors intersection,Normale,Deux véhicules - côté,3,2,2,0,2,3,1,0,1,80,2,2,1,0,0,1,23.0,,deux_roues,utilitaire_camion,1,1,1,1,3
202400008110,2024-04-25 10:15:00,2024,4,25,10,15,75,75118,BD PERIPHERIQUE EXTERIEUR,48.900967,2.339902,Plein jour,En agglomération,Hors intersection,Normale,Trois véhicules et plus - en chaîne,4,1,4,0,1,1,1,0,1,70,3,4,1,0,0,3,32.0,57.0,voiture,utilitaire_camion,1,2,1,1,4
202400008111,2024-04-25 09:25:00,2024,4,25,9,25,75,75119,BD PERIPHERIQUE EXTERIEUR,48.900581,2.386129,Plein jour,En agglomération,Hors intersection,Normale,Deux véhicules - arrière,4,1,4,0,1,1,1,0,1,70,2,2,1,0,0,1,26.0,61.0,voiture,deux_roues,1,2,1,1,2
202400008112,2024-11-26 19:30:00,2024,11,26,19,30,94,94022,Boulevard de Stalingrad,48.77288,2.40006,Nuit avec éclairage allumé,En agglomération,Intersection en T,Temps couvert,Deux véhicules - frontale,3,1,3,-1,4,1,1,2,1,-1,2,2,1,0,0,1,21.0,26.0,voiture,voiture,5,2,3,8,1
202400008112,2024-11-26 19:30:00,2024,11,26,19,30,94,94022,Boulevard de Stalingrad,48.77288,2.40006,Nuit avec éclairage allumé,En agglomération,Intersection en T,Temps couvert,Deux véhicules - frontale,3,3,0,2,1,1,1,2,1,50,2,2,1,0,0,1,21.0,26.0,voiture,voiture,5,2,3,8,1
202400008113,2024-09-14 16:45:00,2024,9,14,16,45,33,33051,,44.644132,-0.978416,Plein jour,En agglomération,Giratoire,Normale,Trois véhicules et plus - en chaîne,3,2,2,0,1,1,1,5,1,30,3,4,2,0,1,1,24.0,34.0,deux_roues,voiture,1,2,6,1,4
202400008114,2024-11-26 07:20:00,2024,11,26,7,20,94,94017,Rue Marcel Paul,48.81263,2.52734,Nuit avec éclairage allumé,En agglomération,Intersection en T,Pluie légère,Autre collision,4,2,0,0,1,1,2,0,1,50,1,2,1,0,0,1,22.0,,voiture,,5,2,3,2,6
202400008114,2024-11-26 07:20:00,2024,11,26,7,20,94,94017,Rue Marcel Paul,48.81263,2.52734,Nuit avec éclairage allumé,En agglomération,Intersection en T,Pluie légère,Autre collision,4,2,2,0,1,2,2,0,1,50,1,2,1,0,0,1,22.0,,voiture,,5,2,3,2,6
202400008115,2024-04-25 08:50:00,2024,4,25,8,50,75,75120,BD PERIPHERIQUE INTERIEUR,48.851873,2.414958,Plein jour,En agglomération,Hors intersection,Normale,Trois véhicules et plus - collisions multiples,4,1,4,0,1,1,1,0,1,70,3,3,2,0,0,1,24.0,36.0,deux_roues,voiture,1,2,1,1,5
202400008116,2024-09-10 13:00:00,2024,9,10,13,0,22,22012,Le Tertre Even,48.589574,-2.4414,Plein jour,Hors agglomération,Hors intersection,Normale,Autre collision,3,2,2,0,1,1,1,0,3,80,1,3,0,0,3,0,65.0,,voiture,,1,1,1,1,6
202400008117,2024-04-24 21:55:00,2024,4,24,21,55,75,75113,BD PERIPHERIQUE EXTERIEUR,48.81612,2.359911,Nuit avec éclairage allumé,En agglomération,Hors intersection,Normale,Autre collision,4,1,2,0,1,1,1,0,1,70,1,1,0,0,0,1,32.0,,deux_roues,,5,2,1,1,6
202400008118,2024-11-26 09:45:00,2024,11,26,9,45,94,94004,Rue de Paris,48.751194,2.510237,Plein jour,En agglomération,Intersection en T,Temps couvert,Autre collision,4,2, -1,-1,1,1,2,0,1,-1,1,2,1,0,0,1,24.0,,voiture,,1,2,3,8,6
202400008118,2024-11-26 09:45:00,2024,11,26,9,45,94,94004,Rue de Paris,48.751194,2.510237,Plein jour,En agglomération,Intersection en T,Temps couvert,Autre collision,4,2,2,0,2,1,2,0,1,30,1,2,1,0,0,1,24.0,,voiture,,1,2,3,8,6
202400008119,2024-09-15 06:30:00,2024,9,15,6,30,35,35221,La Richardiere,47.863144,-1.747674,Nuit sans éclairage public,Hors agglomération,Intersection à plus de 4 branches,Normale,Autre collision,3,2,2,0,1,2,1,0,3,80,1,1,0,1,0,0,21.0,,voiture,,3,1,5,1,6
202400008119,2024-09-15 06:30:00,2024,9,15,6,30,35,35221,La Richardiere,47.863144,-1.747674,Nuit sans éclairage public,Hors agglomération,Intersection à plus de 4 branches,Normale,Autre collision,3,2,2,0,1,1,1,0,3,80,1,1,0,1,0,0,21.0,,voiture,,3,1,5,1,6
202400008120,2024-11-25 19:58:00,2024,11,25,19,58,94,94071,Rue de la Cité Verte,48.77468,2.52531,Nuit avec éclairage allumé,En agglomération,Hors intersection,Pluie légère,Autre collision,4,-1,1,0,2,1,2,0,1,30,1,2,1,0,0,1,60.0,,voiture,,5,2,1,2,6
202400008121,2024-04-25 10:00:00,2024,4,25,10,0,75,75106,BOULEVARD SAINT MICHEL,48.847496,2.340778,Plein jour,En agglomération,Place,Normale,Deux véhicules - côté,4,4,5,1,1,1,1,0,1,30,2,2,1,0,0,1,61.0,19.0,voiture,deux_roues,1,2,7,1,3
202400008121,2024-04-25 10:00:00,2024,4,25,10,0,75,75106,BOULEVARD SAINT MICHEL,48.847496,2.340778,Plein jour,En agglomération,Place,Normale,Deux véhicules - côté,4,1, -1,-1,1,1,1,0,1,30,2,2,1,0,0,1,61.0,19.0,voiture,deux_roues,1,2,7,1,3
202400008122,2024-09-14 15:40:00,2024,9,14,15,40,76,76055,D131,49.639966,0.73455,Plein jour,Hors agglomération,Hors intersection,Normale,Deux véhicules - arrière,3,2,2,0,2,1,1,0,1,80,2,2,1,0,0,1,71.0,32.0,deux_roues,voiture,1,1,1,1,2
202400008123,2024-11-26 12:50:00,2024,11,26,12,50,93,93072,FRANCOIS BEGUE (AVENUE),48.95204819,2.38423233,Plein jour,En agglomération,Hors intersection,Normale,Autre collision,4,2,2,0,1,1,1,9,1,30,1,2,1,0,0,1,,,voiture,,1,2,1,1,6
202400008124,2024-09-13 21:30:00,2024,9,13,21,30,13,13214,A507 sens Marseille - Aubagne,43.329957,5.40314938,Nuit avec éclairage allumé,Hors agglomération,Hors intersection,Normale,Autre collision,1,1,2,0,3,1,1,1,1,70,1,1,0,0,0,1,34.0,,deux_roues,,5,1,1,1,6
202400008125,2024-04-24 17:30:00,2024,4,24,17,30,75,75106,RUE DE L ABBE GREGOIRE,48.84808288,2.32496095,Plein jour,En agglomération,Intersection en T,Normale,Autre collision,4,1, -1,-1,1,1,1,0,1,30,1,2,1,0,0,1,40.0,,deux_roues,,1,2,3,1,6
202400008125,2024-04-24 17:30:00,2024,4,24,17,30,75,75106,RUE DE L ABBE GREGOIRE,48.84808288,2.32496095,Plein jour,En agglomération,Intersection en T,Normale,Autre collision,4,1,1,0,1,1,1,9,1,30,1,2,1,0,0,1,40.0,,deux_roues,,1,2,3,1,6
202400008126,2024-11-25 22:40:00,2024,11,25,22,40,93,93070,MICHELET (AVE) : DU 1 AU 103,48.90734952,2.34413266,Nuit avec éclairage allumé,En agglomération,Intersection en X,Pluie légère,Deux véhicules - arrière,3,1,2,0,1,1,2,0,1,50,2,2,1,0,0,1,30.0,43.0,utilitaire_camion,voiture,5,2,2,2,2
202400008126,2024-11-25 22:40:00,2024,11,25,22,40,93,93070,MICHELET (AVE) : DU 1 AU 103,48.90734952,2.34413266,Nuit avec éclairage allumé,En agglomération,Intersection en X,Pluie légère,Deux véhicules - arrière,3,1,1,0,1,1,2,0,1,50,2,2,1,0,0,1,30.0,43.0,utilitaire_camion,voiture,5,2,2,2,2
202400008127,2024-04-25 09:20:00,2024,4,25,9,20,75,75119,RUE DE CAMBRAI,48.89588,2.381573,Plein jour,En agglomération,Intersection en Y,Normale,Autre collision,4,1,1,0,1,1,1,0,1,30,1,2,1,0,0,1,32.0,,voiture,,1,2,4,1,6
202400008127,2024-04-25 09:20:00,2024,4,25,9,20,75,75119,RUE DE CAMBRAI,48.89588,2.381573,Plein jour,En agglomération,Intersection en Y,Normale,Autre collision,4,1,1,0,1,1,1,0,1,30,1,2,1,0,0,1,32.0,,voiture,,1,2,4,1,6
202400008128,2024-09-14 10:00:00,2024,9,14,10,0,94,94043,A6B,48.81528168,2.35618039,Plein jour,Hors agglomération,Hors intersection,Normale,Trois véhicules et plus - en chaîne,1,3,2,0,1,1,1,0,1,70,3,4,2,0,0,2,21.0,66.0,voiture,utilitaire_camion,1,1,1,1,4
202400008129,2024-11-26 22:45:00,2024,11,26,22,45,93,93053,PARIS (RUE DE),48.9018817,2.46019936,Nuit avec éclairage allumé,En agglomération,Hors intersection,Pluie légère,Deux véhicules - côté,3,1,0,0,1,2,2,0,1,50,2,4,3,0,0,1,23.0,29.0,voiture,voiture,5,2,1,2,3
202400008130,2024-03-15 17:00:00,2024,3,15,17,0,13,13077,D 50,43.42438,5.00489,Plein jour,Hors agglomération,Hors intersection,Normale,Deux véhicules - arrière,3,2,2,0,1,1,1,0,1,80,2,4,1,0,0,3,75.0,72.0,voiture,voiture,1,1,1,1,2
202400008131,2024-09-14 10:30:00,2024,9,14,10,30,78,78640,A86 EXT,48.778727,2.204274,Plein jour,Hors agglomération,Hors intersection,Normale,Deux véhicules - arrière,1,1,2,0,1,1,1,0,1,70,2,3,2,0,0,1,80.0,48.0,voiture,voiture,1,1,1,1,2
202400008132,2024-04-25 18:30:00,2024,4,25,18,30,75,75118,BOULEVARD ORNANO,48.894734,2.346929,Plein jour,En agglomération,Intersection en T,Normale,Deux véhicules - côté,4,1,2,0,1,1,1,0,1,50,2,2,1,0,0,1,43.0,30.0,deux_roues,deux_roues,1,2,3,1,3
202400008132,2024-04-25 18:30:00,2024,4,25,18,30,75,75118,BOULEVARD ORNANO,48.894734,2.346929,Plein jour,En agglomération,Intersection en T,Normale,Deux véhicules - côté,4,-1, -1,-1,1,1,1,0,1,50,2,2,1,0,0,1,43.0,30.0,deux_roues,deux_roues,1,2,3,1,3
202400008133,2024-04-25 09:05:00,2024,4,25,9,5,75,75116,AVENUE DE L HIPPODROME,48.863231,2.237529,Plein jour,En agglomération,Hors intersection,Normale,Autre collision,4,2,2,0,1,1,1,0,1,30,1,2,1,0,0,1,44.0,,deux_roues,,1,2,1,1,6
202400008134,2024-11-12 18:35:00,2024,11,12,18,35,93,93032,JEAN JAURES (AVENUE),48.88323348,2.52805352,Nuit avec éclairage allumé,En agglomération,Hors intersection,Normale,Deux véhicules - frontale,3,2,2,0,1,1,1,0,1,50,2,2,1,0,0,1,48.0,46.0,voiture,deux_roues,5,2,1,1,1
202400008135,2024-09-13 18:25:00,2024,9,13,18,25,78,78321,RN12 INT,48.79655,1.907749,Plein jour,Hors agglomération,Hors intersection,Normale,Deux véhicules - arrière,2,1,3,0,2,1,1,1,1,90,2,2,1,0,0,1,28.0,21.0,utilitaire_camion,voiture,1,1,1,1,2
202400008136,2024-03-23 16:00:00,2024,3,23,16,0,32,32036,D3,43.581102,0.089318,Plein jour,Hors agglomération,Intersection en T,Normale,Deux véhicules - côté,3,2,2,0,1,1,1,0,1,80,2,4,1,0,2,1,66.0,42.0,utilitaire_camion,voiture,1,1,3,1,3
202400008136,2024-03-23 16:00:00,2024,3,23,16,0,32,32036,D3,43.581102,0.089318,Plein jour,Hors agglomération,Intersection en T,Normale,Deux véhicules - côté,3,2,2,0,1,1,1,0,1,80,2,4,1,0,2,1,66.0,42.0,utilitaire_camion,voiture,1,1,3,1,3
202400008137,2024-11-26 22:11:00,2024,11,26,22,11,93,93031,DIX HUIT JUIN 1940 (AVENUE DU),48.95428,2.30795,Nuit avec éclairage allumé,En agglomération,Hors intersection,Normale,Autre collision,3,-1,2,1,2,1,1,0,1,50,1,2,0,0,2,0,50.0,,voiture,,5,2,1,1,6
202400008138,2024-04-25 14:37:00,2024,4,25,14,37,75,75115,BOULEVARD DE VAUGIRARD,48.841578,2.319017,Plein jour,En agglomération,Hors intersection,Normale,Deux véhicules - côté,4,1,2,3,1,1,1,0,1,30,2,2,1,0,0,1,42.0,51.0,deux_roues,voiture,1,2,1,1,3
202400008139,2024-09-14 20:00:00,2024,9,14,20,0,93,93053,AUTOROUTE A3,48.89707199,2.46965129,Nuit sans éclairage public,Hors agglomération,Hors intersection,Normale,Deux véhicules - arrière,1,3,5,0,1,1,1,0,1,90,2,2,1,0,0,1,32.0,41.0,voiture,deux_roues,3,1,1,1,2
202400008140,2024-11-26 16:15:00,2024,11,26,16,15,93,93031,PARIS (RUE DE),48.95280786,2.3136072,Plein jour,En agglomération,Hors intersection,Normale,Autre collision,4,-1,1,0,1,1,1,0,4,50,1,3,2,0,1,0,66.0,,voiture,,1,2,1,1,6
202400008141,2024-08-08 10:40:00,2024,8,8,10,40,974,97416,RN1,-21.3065,55.43008,Plein jour,Hors agglomération,Hors intersection,Temps éblouissant,Deux véhicules - arrière,2,1,2,0,1,1,1,0,1,110,2,3,2,0,0,1,31.0,41.0,voiture,voiture,1,1,1,7,2
202400008142,2024-04-24 12:41:00,2024,4,24,12,41,75,75114,BOULEVARD DU MONTPARNASSE,48.84133,2.33107,Plein jour,En agglomération,Intersection en T,Normale,Deux véhicules - côté,4,-1,3,0,1,1,1,0,1,30,2,2,1,0,0,1,52.0,37.0,voiture,deux_roues,1,2,3,1,3
202400008142,2024-04-24 12:41:00,2024,4,24,12,41,75,75114,BOULEVARD DU MONTPARNASSE,48.84133,2.33107,Plein jour,En agglomération,Intersection en T,Normale,Deux véhicules - côté,4,1, -1,-1,1,1,1,0,1,30,2,2,1,0,0,1,52.0,37.0,voiture,deux_roues,1,2,3,1,3
202400008143,2024-09-14 16:30:00,2024,9,14,16,30,92,92078,AUTOROUTE A86,48.92946154,2.32797319,Plein jour,Hors agglomération,Hors intersection,Normale,Trois véhicules et plus - en chaîne,1,3,6,0,1,1,1,0,1,90,3,3,2,0,0,1,31.0,26.0,utilitaire_camion,deux_roues,1,1,1,1,4