accident_id,datetime,annee,mois,jour,heure,minute,departement,commune_insee,adresse,latitude,longitude,luminosite,agglomeration,intersection,meteo,collision,catr,circ,nbv,vosp,prof,plan,surf,infra,situ,vma,nb_vehicules,nb_usagers,nb_indemnes,nb_tues,nb_blesses_hosp,nb_blesses_legers,age_cond_1,age_cond_2,veh_type_cond_1,veh_type_cond_2,lum_code,agg_code,int_code,atm_code,col_code
202400008418,2024-07-11 16:45:00,2024,7,11,16,45,14,14341,N814,49.14662,-0.35879,Plein jour,Hors agglomération,Hors intersection,Normale,Deux véhicules - arrière,2,1,2,0,1,3,1,0,1,90,2,2,1,0,0,1,29.0,53.0,voiture,voiture,1,1,1,1,2
202400008419,2024-08-07 14:20:00,2024,8,7,14,20,13,13071,CD 6,43.40832,5.31667,Plein jour,Hors agglomération,Hors intersection,Normale,Trois véhicules et plus - collisions multiples,7,-1,1,0,1,1,1,0,1,50,3,3,1,0,0,2,41.0,50.0,utilitaire_camion,voiture,1,1,1,1,5
202400008420,2024-02-06 23:00:00,2024,2,6,23,0,76,76540,Quai du Havre (Quai Haut),49.4396761,1.0861311,Nuit avec éclairage allumé,En agglomération,Intersection en T,Normale,Deux véhicules - côté,7,2,3,3,1,1,1,-1,1,50,2,2,1,0,0,1,34.0,20.0,voiture,deux_roues,5,2,3,1,3
202400008420,2024-02-06 23:00:00,2024,2,6,23,0,76,76540,Quai du Havre (Quai Haut),49.4396761,1.0861311,Nuit avec éclairage allumé,En agglomération,Intersection en T,Normale,Deux véhicules - côté,7,2,2,3,1,1,1,-1,1,30,2,2,1,0,0,1,34.0,20.0,voiture,deux_roues,5,2,3,1,3
202400008421,2024-02-06 06:50:00,2024,2,6,6,50,76,76351,GRAND HAMEAU (Avenue du ),49.52063,0.11342,Nuit avec éclairage allumé,En agglomération,Hors intersection,Normale,Autre collision,4,2,2,0,1,1,1,0,4,50,1,1,0,0,0,1,26.0,,voiture,,5,2,1,1,6
202400008422,2024-08-07 15:15:00,2024,8,7,15,15,13,13071,ROUTE NATIONALE 368 (PLAN DES PENNES),43.40757,5.29619,Plein jour,En agglomération,Hors intersection,Normale,Deux véhicules - arrière,3,2,2,0,1,1,1,0,1,50,2,3,0,0,0,3,48.0,49.0,voiture,voiture,1,2,1,1,2
202400008423,2024-08-08 20:00:00,2024,8,8,20,0,13,13203,STRASBOURG (BOULEVARD),43.3,5.4,Nuit avec éclairage allumé,En agglomération,Autre intersection,Normale,Deux véhicules - frontale,4,3,2,0,1,1,1,0,1,50,1,3,0,0,0,3,38.0,,voiture,,5,2,9,1,1
202400008424,2024-02-06 11:40:00,2024,2,6,11,40,76,76026,RD 915,49.8622885,1.11093585,Plein jour,Hors agglomération,Intersection en T,Normale,Deux véhicules - arrière,3,2,2,0,1,1,1,0,1,50,2,2,1,0,0,1,30.0,71.0,utilitaire_camion,voiture,1,1,3,1,2
202400008424,2024-02-06 11:40:00,2024,2,6,11,40,76,76026,RD 915,49.8622885,1.11093585,Plein jour,Hors agglomération,Intersection en T,Normale,Deux véhicules - arrière,3,2,2,0,1,1,1,0,1,70,2,2,1,0,0,1,30.0,71.0,utilitaire_camion,voiture,1,1,3,1,2
202400008425,2024-08-07 15:10:00,2024,8,7,15,10,13,13208,Rue du commandant rolland,43.27202298,5.38277678,Plein jour,En agglomération,Hors intersection,Temps éblouissant,Deux véhicules - frontale,4,2,2,0,1,1,1,0,1,50,2,2,1,0,1,0,22.0,30.0,voiture,deux_roues,1,2,1,7,1
202400008426,2024-02-06 08:15:00,2024,2,6,8,15,74,74012,ROMAGNY (RUE DE),46.19662,6.24694,Plein jour,En agglomération,Autre intersection,Normale,Deux véhicules - frontale,4,2,3,0,1,1,1,0,1,50,2,3,1,0,0,2,59.0,31.0,voiture,deux_roues,1,2,9,1,1
202400008427,2024-07-18 10:00:00,2024,7,18,10,0,12,12202,LAYOULE (COTE DE),44.3551152,2.57942855,Plein jour,En agglomération,Intersection en Y,Normale,Trois véhicules et plus - collisions multiples,4,2,2,0,2,1,1,0,1,30,3,3,1,0,1,1,41.0,51.0,voiture,deux_roues,1,2,4,1,5
202400008427,2024-07-18 10:00:00,2024,7,18,10,0,12,12202,LAYOULE (COTE DE),44.3551152,2.57942855,Plein jour,En agglomération,Intersection en Y,Normale,Trois véhicules et plus - collisions multiples,4,-1, -1,0,4,1,1,0,1,30,3,3,1,0,1,1,41.0,51.0,voiture,deux_roues,1,2,4,1,5
202400008428,2024-02-06 09:00:00,2024,2,6,9,0,72,72181,LYAUTEY MARECHAL (AV) N° IMP,48.01757,0.21884,Plein jour,En agglomération,Giratoire,Normale,Deux véhicules - côté,4,1,1,0,1,2,1,5,1,50,2,2,1,0,0,1,56.0,73.0,voiture,deux_roues,1,2,6,1,3
202400008429,2024-08-05 17:10:00,2024,8,5,17,10,12,12013,MAS DE L'HORT (LE)  LIEU-DIT,44.514895,2.23831,Plein jour,Hors agglomération,Hors intersection,Normale,Autre collision,3,2,2,0,2,1,1,0,3,90,1,1,0,0,1,0,45.0,,voiture,,1,1,1,1,6
202400008430,2024-08-08 20:10:00,2024,8,8,20,10,08,08480,,49.73337658,4.73073798,Plein jour,Hors agglomération,Hors intersection,Normale,Sans collision,1,3,2,0,1,1,1,0,1,130,1,1,0,0,1,0,53.0,,voiture,,1,1,1,1,7
202400008431,2024-02-05 08:09:00,2024,2,5,8,9,72,72181,CHENE VERT (RUE DU),48.00813,0.18966,Plein jour,En agglomération,Hors intersection,Normale,Autre collision,4,2,3,3,1,1,1,0,1,50,1,2,1,0,0,1,45.0,,utilitaire_camion,,1,2,1,1,6
202400008432,2024-08-08 21:15:00,2024,8,8,21,15,06,06088,93 Promenade des Anglais,43.691489,7.24785202,Nuit avec éclairage allumé,En agglomération,Hors intersection,Normale,Deux véhicules - côté,7,3,3,3,1,1,1,0,1,50,2,2,1,0,1,0,32.0,41.0,deux_roues,utilitaire_camion,5,2,1,1,3
202400008433,2024-02-06 07:55:00,2024,2,6,7,55,71,71076,HERRIOT (AVENUE EDOUARD),46.79172,4.86793,Plein jour,En agglomération,Intersection en T,Normale,Deux véhicules - côté,4,1,2,0,1,2,1,5,1,50,2,2,1,0,0,1,19.0,55.0,voiture,deux_roues,1,2,3,1,3
202400008433,2024-02-06 07:55:00,2024,2,6,7,55,71,71076,HERRIOT (AVENUE EDOUARD),46.79172,4.86793,Plein jour,En agglomération,Intersection en T,Normale,Deux véhicules - côté,4,1,2,0,1,2,1,5,1,50,2,2,1,0,0,1,19.0,55.0,voiture,deux_roues,1,2,3,1,3
202400008434,2024-08-08 10:15:00,2024,8,8,10,15,06,06083,14 Prom Mal Leclerc de Hauteclocque,43.77757,7.49419,Plein jour,En agglomération,Hors intersection,Normale,Autre collision,4,1,1,0,1,1,1,0,1,50,1,2,0,0,0,2,29.0,,deux_roues,,1,2,1,1,6
202400008435,2024-07-24 20:30:00,2024,7,24,20,30,06,06069,12 Avenue Chiris,43.65801,6.92697,Plein jour,En agglomération,Hors intersection,Normale,Autre collision,4,1,1,0,2,2,1,0,1,50,1,1,0,0,1,0,54.0,,deux_roues,,1,2,1,1,6
202400008436,2024-02-06 11:05:00,2024,2,6,11,5,69,69264,Boulevard Gambetta,45.99444,4.71492,Plein jour,En agglomération,Intersection en X,Normale,Deux véhicules - côté,4,2,3,0,1,1,1,0,1,50,2,2,1,0,1,0,67.0,18.0,voiture,deux_roues,1,2,2,1,3
202400008436,2024-02-06 11:05:00,2024,2,6,11,5,69,69264,Boulevard Gambetta,45.99444,4.71492,Plein jour,En agglomération,Intersection en X,Normale,Deux véhicules - côté,4,2,2,0,1,1,1,0,8,50,2,2,1,0,1,0,67.0,18.0,voiture,deux_roues,1,2,2,1,3
202400008437,2024-02-06 08:30:00,2024,2,6,8,30,69,69013,Route de Longsard,46.01666066,4.70710539,Plein jour,Hors agglomération,Hors intersection,Brouillard / fumée,Sans collision,3,2,2,2,1,1,1,0,5,70,1,1,0,0,0,1,38.0,,deux_roues,,1,1,1,5,7
202400008438,2024-08-08 18:40:00,2024,8,8,18,40,05,05061,Route des Eyssagnières,44.55113,6.05511,Plein jour,En agglomération,Intersection en T,Normale,Deux véhicules - arrière,3,2,2,0,1,1,1,0,1,50,2,2,0,0,0,2,24.0,31.0,voiture,voiture,1,2,3,1,2
202400008438,2024-08-08 18:40:00,2024,8,8,18,40,05,05061,Route des Eyssagnières,44.55113,6.05511,Plein jour,En agglomération,Intersection en T,Normale,Deux véhicules - arrière,3,2,2,0,1,1,1,0,1,50,2,2,0,0,0,2,24.0,31.0,voiture,voiture,1,2,3,1,2
202400008439,2024-02-05 14:30:00,2024,2,5,14,30,69,69264,Rue Loyson de Chastelus,45.98893,4.72714,Plein jour,En agglomération,Giratoire,Normale,Sans collision,4,1,2,0,1,2,1,0,1,50,1,1,0,0,1,0,23.0,,deux_roues,,1,2,6,1,7
202400008439,2024-02-05 14:30:00,2024,2,5,14,30,69,69264,Rue Loyson de Chastelus,45.98893,4.72714,Plein jour,En agglomération,Giratoire,Normale,Sans collision,4,2,2,0,2,1,1,0,1,50,1,1,0,0,1,0,23.0,,deux_roues,,1,2,6,1,7
202400008440,2024-08-08 00:10:00,2024,8,8,0,10,75,75116,BD PERIPHERIQUE INTERIEUR,48.839637,2.254165,Nuit avec éclairage allumé,En agglomération,Hors intersection,Normale,Autre collision,4,1,4,0,1,1,1,0,1,70,1,1,0,0,0,1,49.0,,deux_roues,,5,2,1,1,6
202400008441,2024-08-07 18:45:00,2024,8,7,18,45,75,75118,BD PERIPHERIQUE EXTERIEUR,48.900887,2.362974,Plein jour,En agglomération,Hors intersection,Normale,Deux véhicules - arrière,4,1,4,0,1,1,1,0,1,70,2,2,1,0,0,1,27.0,43.0,voiture,voiture,1,2,1,1,2
202400008442,2024-02-05 18:00:00,2024,2,5,18,0,69,69290,Chemin de Grande Vigne,45.69048152,4.99027669,Crépuscule ou aube,Hors agglomération,Hors intersection,Normale,Trois véhicules et plus - en chaîne,4,2,2,0,1,1,1,0,1,50,4,4,2,0,0,2,,48.0,voiture,voiture,2,1,1,1,4
202400008443,2024-08-07 17:00:00,2024,8,7,17,0,75,75120,BD PERIPHERIQUE INTERIEUR,48.866049,2.413204,Plein jour,En agglomération,Hors intersection,Normale,Deux véhicules - arrière,4,1,4,0,1,1,1,0,1,70,2,3,1,0,0,2,41.0,61.0,deux_roues,voiture,1,2,1,1,2
202400008444,2024-02-06 16:25:00,2024,2,6,16,25,65,65047,JAURES (AVE JEAN),43.24161,0.09518,Plein jour,En agglomération,Hors intersection,Normale,Deux véhicules - côté,2,2,2,2,1,1,1,0,1,50,2,2,1,0,1,0,32.0,78.0,utilitaire_camion,deux_roues,1,2,1,1,3
202400008445,2024-08-07 21:00:00,2024,8,7,21,0,75,75114,BD PERIPHERIQUE INTERIEUR,48.816851,2.33621,Nuit avec éclairage allumé,En agglomération,Hors intersection,Normale,Deux véhicules - côté,4,1,4,0,1,1,1,0,1,70,2,2,1,0,1,0,26.0,,deux_roues,voiture,5,2,1,1,3
202400008446,2024-02-06 14:15:00,2024,2,6,14,15,64,64483,LAYATS (AVENUE DE),43.39864,-1.64004,Plein jour,En agglomération,Hors intersection,Normale,Deux véhicules - arrière,4,2,2,0,1,1,1,0,1,50,2,3,1,0,0,2,42.0,47.0,voiture,voiture,1,2,1,1,2
202400008447,2024-02-05 19:06:00,2024,2,5,19,6,64,64102,HENRI DE NAVARRE (AVENUE),43.50432,-1.44644,Nuit avec éclairage allumé,En agglomération,Hors intersection,Normale,Sans collision,3,2,3,0,1,1,1,0,1,50,1,1,0,0,0,1,32.0,,deux_roues,,5,2,1,1,7
202400008448,2024-08-07 13:10:00,2024,8,7,13,10,75,75113,BD PERIPHERIQUE EXTERIEUR,48.822313,2.380221,Plein jour,En agglomération,Hors intersection,Normale,Deux véhicules - côté,4,2,4,0,1,1,1,0,1,70,2,3,2,0,0,1,32.0,51.0,deux_roues,voiture,1,2,1,1,3
202400008449,2024-02-06 13:52:00,2024,2,6,13,52,63,63113,FONTAINE DU BAC (RUE DE LA),45.76697,3.11793,Plein jour,En agglomération,Hors intersection,Normale,Autre collision,4,2,2,0,2,1,1,0,1,50,1,2,1,0,0,1,22.0,,voiture,,1,2,1,1,6
202400008450,2024-08-07 10:46:00,2024,8,7,10,46,75,75108,RUE PIERRE CHARRON,48.868712,2.301733,Plein jour,En agglomération,Intersection en T,Normale,Deux véhicules - côté,4,1,2,2,1,1,1,0,1,30,2,2,1,0,0,1,45.0,36.0,deux_roues,voiture,1,2,3,1,3
202400008450,2024-08-07 10:46:00,2024,8,7,10,46,75,75108,RUE PIERRE CHARRON,48.868712,2.301733,Plein jour,En agglomération,Intersection en T,Normale,Deux véhicules - côté,4,1,2,2,1,1,1,0,1,30,2,2,1,0,0,1,45.0,36.0,deux_roues,voiture,1,2,3,1,3
202400008451,2024-02-05 16:55:00,2024,2,5,16,55,60,60159,Rue Rouget de Lisle,49.40411,2.81086,Plein jour,En agglomération,Hors intersection,Normale,Autre collision,4,2,2,0,1,1,1,0,1,30,1,2,1,0,0,1,66.0,,voiture,,1,2,1,1,6
202400008452,2024-08-08 08:50:00,2024,8,8,8,50,75,75105,RUE DU SOMMERARD,48.850282,2.344563,Plein jour,En agglomération,Intersection en T,Normale,Deux véhicules - côté,4,1,1,0,1,1,1,0,1,30,2,2,1,0,0,1,63.0,29.0,deux_roues,utilitaire_camion,1,2,3,1,3
202400008452,2024-08-08 08:50:00,2024,8,8,8,50,75,75105,RUE DU SOMMERARD,48.850282,2.344563,Plein jour,En agglomération,Intersection en T,Normale,Deux véhicules - côté,4,1,1,0,1,1,1,0,1,30,2,2,1,0,0,1,63.0,29.0,deux_roues,utilitaire_camion,1,2,3,1,3
202400008453,2024-02-06 18:20:00,2024,2,6,18,20,59,59599,Rue des Poutrains,50.725036,3.152477,Nuit avec éclairage allumé,En agglomération,Hors intersection,Normale,Autre collision,4,1,1,0,1,1,1,0,1,50,1,2,1,0,0,1,41.0,,voiture,,5,2,1,1,6
202400008454,2024-08-08 19:00:00,2024,8,8,19,0,75,75120,AVENUE GAMBETTA,48.863997,2.391631,Plein jour,En agglomération,Intersection en T,Normale,Deux véhicules - frontale,4,3,4,1,2,1,1,0,5,30,2,2,0,0,0,2,54.0,49.0,deux_roues,deux_roues,1,2,3,1,1
202400008454,2024-08-08 19:00:00,2024,8,8,19,0,75,75120,AVENUE GAMBETTA,48.863997,2.391631,Plein jour,En agglomération,Intersection en T,Normale,Deux véhicules - frontale,4,1, -1,-1,1,1,1,0,5,30,2,2,0,0,0,2,54.0,49.0,deux_roues,deux_roues,1,2,3,1,1
202400008455,2024-02-06 20:15:00,2024,2,6,20,15,59,59457,Rue Édouard Agache,50.66539,2.96878,Nuit avec éclairage allumé,En agglomération,Intersection en T,Normale,Deux véhicules - côté,4,2,2,0,1,1,1,0,1,50,2,3,1,0,0,2,53.0,36.0,voiture,voiture,5,2,3,1,3
202400008455,2024-02-06 20:15:00,2024,2,6,20,15,59,59457,Rue Édouard Agache,50.66539,2.96878,Nuit avec éclairage allumé,En agglomération,Intersection en T,Normale,Deux véhicules - côté,4,1,1,0,1,1,1,0,1,30,2,3,1,0,0,2,53.0,36.0,voiture,voiture,5,2,3,1,3
202400008456,2024-08-08 20:20:00,2024,8,8,20,20,75,75119,RUE COMPANS,48.879198,2.392479,Crépuscule ou aube,En agglomération,Intersection en T,Normale,Autre collision,4,1, -1,-1,1,1,1,0,1,30,1,2,1,0,0,1,67.0,,voiture,,2,2,3,1,6
202400008456,2024-08-08 20:20:00,2024,8,8,20,20,75,75119,RUE COMPANS,48.879198,2.392479,Crépuscule ou aube,En agglomération,Intersection en T,Normale,Autre collision,4,2,2,0,2,1,1,0,1,30,1,2,1,0,0,1,67.0,,voiture,,2,2,3,1,6
202400008457,2024-08-05 05:20:00,2024,8,5,5,20,75,75119,RUE GOUBET,48.886089,2.389887,Crépuscule ou aube,En agglomération,Intersection en X,Normale,Deux véhicules - frontale,4,2,2,0,2,2,1,0,1,30,2,2,1,0,1,0,34.0,72.0,deux_roues,utilitaire_camion,2,2,2,1,1
202400008457,2024-08-05 05:20:00,2024,8,5,5,20,75,75119,RUE GOUBET,48.886089,2.389887,Crépuscule ou aube,En agglomération,Intersection en X,Normale,Deux véhicules - frontale,4,2,2,0,2,3,1,0,1,30,2,2,1,0,1,0,34.0,72.0,deux_roues,utilitaire_camion,2,2,2,1,1
202400008458,2024-02-06 10:00:00,2024,2,6,10,0,59,59368,Rue du Ballon,50.64652,3.08115,Plein jour,En agglomération,Intersection en T,Normale,Deux véhicules - frontale,4,2,2,0,2,1,1,5,1,30,2,2,1,0,0,1,78.0,68.0,voiture,deux_roues,1,2,3,1,1
202400008458,2024-02-06 10:00:00,2024,2,6,10,0,59,59368,Rue du Ballon,50.64652,3.08115,Plein jour,En agglomération,Intersection en T,Normale,Deux véhicules - frontale,4,2,2,-1,1,1,1,5,1,30,2,2,1,0,0,1,78.0,68.0,voiture,deux_roues,1,2,3,1,1
202400008459,2024-08-08 16:15:00,2024,8,8,16,15,75,75117,BOULEVARD DU BOIS LE PRETRE,48.898974,2.321744,Plein jour,En agglomération,Intersection en T,Normale,Deux véhicules - arrière,4,1,2,0,1,1,1,0,1,30,2,2,1,0,0,1,25.0,53.0,deux_roues,voiture,1,2,3,1,2
202400008459,2024-08-08 16:15:00,2024,8,8,16,15,75,75117,BOULEVARD DU BOIS LE PRETRE,48.898974,2.321744,Plein jour,En agglomération,Intersection en T,Normale,Deux véhicules - arrière,4,1, -1,-1,1,1,1,0,1,30,2,2,1,0,0,1,25.0,53.0,deux_roues,voiture,1,2,3,1,2
202400008460,2024-02-06 12:05:00,2024,2,6,12,5,57,57463,CLAUDE BERNARD (RUE ),49.11215,6.21616,Plein jour,En agglomération,Intersection en X,Normale,Autre collision,4,2,2,0,1,1,1,0,1,50,1,2,1,0,0,1,19.0,,voiture,,1,2,2,1,6
202400008460,2024-02-06 12:05:00,2024,2,6,12,5,57,57463,CLAUDE BERNARD (RUE ),49.11215,6.21616,Plein jour,En agglomération,Intersection en X,Normale,Autre collision,4,2,2,0,1,1,1,0,1,50,1,2,1,0,0,1,19.0,,voiture,,1,2,2,1,6
202400008461,2024-08-08 19:40:00,2024,8,8,19,40,75,75115,RUE DE LA CONVENTION,48.836476,2.299195,Plein jour,En agglomération,Intersection en T,Normale,Deux véhicules - arrière,4,1, -1,-1,1,1,1,0,1,30,2,2,1,0,0,1,19.0,31.0,voiture,deux_roues,1,2,3,1,2
202400008461,2024-08-08 19:40:00,2024,8,8,19,40,75,75115,RUE DE LA CONVENTION,48.836476,2.299195,Plein jour,En agglomération,Intersection en T,Normale,Deux véhicules - arrière,4,2,3,3,1,1,1,0,1,30,2,2,1,0,0,1,19.0,31.0,voiture,deux_roues,1,2,3,1,2
202400008462,2024-11-10 01:30:00,2024,11,10,1,30,69,69142,Route de Métropole 7 ,45.72634,4.81689,Nuit sans éclairage public,Hors agglomération,Hors intersection,Normale,Deux véhicules - arrière,7,3,7,0,1,1,1,0,1,70,2,2,1,0,0,1,55.0,,voiture,voiture,3,1,1,1,2
202400008463,2024-02-06 19:00:00,2024,2,6,19,0,51,51454,CHAMPAGNE   (  AVENUE DE),49.23402,4.03973,Nuit avec éclairage allumé,En agglomération,Intersection en X,Normale,Deux véhicules - côté,1,3,0,0,1,1,1,0,1,50,2,2,1,0,0,1,56.0,22.0,voiture,utilitaire_camion,5,2,2,1,3
202400008463,2024-02-06 19:00:00,2024,2,6,19,0,51,51454,CHAMPAGNE   (  AVENUE DE),49.23402,4.03973,Nuit avec éclairage allumé,En agglomération,Intersection en X,Normale,Deux véhicules - côté,1,1,0,0,2,1,1,3,1,50,2,2,1,0,0,1,56.0,22.0,voiture,utilitaire_camion,5,2,2,1,3
202400008464,2024-08-08 13:30:00,2024,8,8,13,30,75,75114,AVENUE DU GENERAL LECLERC,48.824678,2.326082,Plein jour,En agglomération,Intersection en T,Normale,Deux véhicules - côté,4,2,4,1,1,1,1,0,1,30,2,2,1,0,0,1,29.0,28.0,deux_roues,deux_roues,1,2,3,1,3
202400008464,2024-08-08 13:30:00,2024,8,8,13,30,75,75114,AVENUE DU GENERAL LECLERC,48.824678,2.326082,Plein jour,En agglomération,Intersection en T,Normale,Deux véhicules - côté,4,1, -1,-1,1,1,1,0,1,30,2,2,1,0,0,1,29.0,28.0,deux_roues,deux_roues,1,2,3,1,3
202400008465,2024-11-07 16:40:00,2024,11,7,16,40,976,97610,12 Route Nationale,-12.737261,45.154624,Plein jour,En agglomération,Hors intersection,Normale,Deux véhicules - côté,2,2,2,0,1,1,1,0,1,70,2,2,1,0,0,1,33.0,35.0,deux_roues,utilitaire_camion,1,2,1,1,3
202400008466,2024-02-06 08:30:00,2024,2,6,8,30,51,51172,VERTE (VOIE),49.21779,4.05785,Plein jour,Hors agglomération,Hors intersection,Normale,Trois véhicules et plus - collisions multiples,4,2,2,0,1,1,1,0,1,50,3,3,2,0,0,1,49.0,34.0,utilitaire_camion,voiture,1,1,1,1,5
202400008467,2024-08-08 10:10:00,2024,8,8,10,10,75,75113,QUAI DE LA GARE,48.83734123,2.37388104,Plein jour,En agglomération,Intersection en T,Normale,Autre collision,4,2, -1,-1,1,1,1,0,5,30,1,2,0,0,0,2,28.0,,deux_roues,,1,2,3,1,6
202400008467,2024-08-08 10:10:00,2024,8,8,10,10,75,75113,QUAI DE LA GARE,48.83734123,2.37388104,Plein jour,En agglomération,Intersection en T,Normale,Autre collision,4,2,2,1,1,1,1,0,5,30,1,2,0,0,0,2,28.0,,deux_roues,,1,2,3,1,6
202400008468,2024-04-23 19:15:00,2024,4,23,19,15,38,38544,ANATOLE FRANCE(QUAI),45.52,4.87,Plein jour,En agglomération,Autre intersection,Normale,Autre collision,4,2,2,0,1,2,1,0,1,50,1,1,0,0,0,1,47.0,,voiture,,1,2,9,1,6
202400008469,2024-02-05 21:00:00,2024,2,5,21,0,49,49307,BEAUFORT ROUTE,47.47424,-0.33571,Nuit avec éclairage non allumé,Hors agglomération,Hors intersection,Pluie légère,Sans collision,3,2,0,0,1,1,2,0,1,90,1,1,0,0,0,1,35.0,,voiture,,4,1,1,2,7
202400008470,2024-08-07 05:40:00,2024,8,7,5,40,75,75113,BOULEVARD DU GENERAL JEAN SIMON,48.82549,2.38128,Nuit avec éclairage allumé,En agglomération,Hors intersection,Normale,Deux véhicules - côté,4,1,2,0,1,1,1,0,1,50,2,3,2,0,0,1,46.0,,voiture,voiture,5,2,1,1,3
202400008471,2024-02-05 07:20:00,2024,2,5,7,20,49,49007,CHATEAU D'ORGEMONT RUE ET SQU,47.44534,-0.54119,Nuit avec éclairage allumé,En agglomération,Hors intersection,Temps couvert,Autre collision,4,2,2,0,1,1,1,0,1,50,1,2,1,0,1,0,55.0,,transport_commun,,5,2,1,8,6
202400008472,2024-12-17 18:50:00,2024,12,17,18,50,69,69299,Route Départementale 29,45.71343,5.07077,Nuit sans éclairage public,Hors agglomération,Hors intersection,Normale,Autre collision,3,3,4,0,1,1,1,0,1,70,1,6,5,1,0,0,66.0,,transport_commun,,3,1,1,1,6
202400008473,2024-08-07 18:40:00,2024,8,7,18,40,75,75112,AVENUE DU GENERAL MICHEL BIZOT,48.836222,2.402894,Plein jour,En agglomération,Intersection en X,Normale,Deux véhicules - frontale,4,2,2,0,1,1,1,0,1,30,2,2,1,0,0,1,56.0,54.0,voiture,deux_roues,1,2,2,1,1
202400008473,2024-08-07 18:40:00,2024,8,7,18,40,75,75112,AVENUE DU GENERAL MICHEL BIZOT,48.836222,2.402894,Plein jour,En agglomération,Intersection en X,Normale,Deux véhicules - frontale,4,1,1,0,2,1,1,0,1,30,2,2,1,0,0,1,56.0,54.0,voiture,deux_roues,1,2,2,1,1
202400008474,2024-02-06 18:32:00,2024,2,6,18,32,47,47001,CARTOU (RUE DE),44.18735,0.61802,Nuit avec éclairage allumé,En agglomération,Hors intersection,Normale,Deux véhicules - côté,4,2,2,0,1,1,1,0,1,50,2,2,1,0,0,1,63.0,20.0,voiture,deux_roues,5,2,1,1,3
202400008475,2024-08-07 08:30:00,2024,8,7,8,30,75,75112,BOULEVARD PONIATOWSKI,48.832383,2.399101,Plein jour,En agglomération,Hors intersection,Pluie légère,Autre collision,4,1,2,0,2,1,2,9,1,50,1,2,1,0,0,1,55.0,,deux_roues,,1,2,1,2,6
202400008476,2024-02-06 20:50:00,2024,2,6,20,50,45,45004,D2007 PR 21 + 750,47.97574,2.73978,Nuit sans éclairage public,Hors agglomération,Hors intersection,Temps couvert,Deux véhicules - côté,3,3,2,0,2,1,1,3,3,70,2,2,1,0,0,1,39.0,26.0,utilitaire_camion,voiture,3,1,1,8,3
202400008477,2024-09-30 10:15:00,2024,9,30,10,15,62,62771,Rue Edouard Vaillant,50.41978,2.86586,Plein jour,En agglomération,Hors intersection,Normale,Deux véhicules - frontale,4,-1,0,0,1,1,1,0,1,50,2,2,1,0,0,1,68.0,18.0,voiture,deux_roues,1,2,1,1,1
202400008478,2024-08-08 23:15:00,2024,8,8,23,15,75,75110,AVENUE CLAUDE VELLEFAUX,48.875185,2.370351,Nuit avec éclairage allumé,En agglomération,Intersection en X,Normale,Deux véhicules - côté,4,2,4,2,1,1,1,0,5,30,2,2,1,0,0,1,38.0,47.0,deux_roues,voiture,5,2,2,1,3
202400008478,2024-08-08 23:15:00,2024,8,8,23,15,75,75110,AVENUE CLAUDE VELLEFAUX,48.875185,2.370351,Nuit avec éclairage allumé,En agglomération,Intersection en X,Normale,Deux véhicules - côté,4,1, -1,-1,1,1,1,0,5,30,2,2,1,0,0,1,38.0,47.0,deux_roues,voiture,5,2,2,1,3
202400008479,2024-04-23 19:55:00,2024,4,23,19,55,972,97213,AUTOROUTE A1,14.61799,-61.03087,Nuit sans éclairage public,Hors agglomération,Hors intersection,Normale,Autre collision,1,1,3,0,1,1,1,0,1,90,1,2,1,0,1,0,29.0,,deux_roues,,3,1,1,1,6
202400008480,2024-02-06 05:15:00,2024,2,6,5,15,44,44109,9 Rue Charles Perron,47.22470845,-1.60139258,Nuit avec éclairage allumé,En agglomération,Intersection en T,Normale,Deux véhicules - côté,4,2,2,0,1,1,1,5,1,30,2,2,1,0,1,0,23.0,23.0,deux_roues,voiture,5,2,3,1,3
202400008480,2024-02-06 05:15:00,2024,2,6,5,15,44,44109,9 Rue Charles Perron,47.22470845,-1.60139258,Nuit avec éclairage allumé,En agglomération,Intersection en T,Normale,Deux véhicules - côté,4,2,2,0,1,1,1,0,1,30,2,2,1,0,1,0,23.0,23.0,deux_roues,voiture,5,2,3,1,3
202400008481,2024-08-08 00:30:00,2024,8,8,0,30,75,75109,BOULEVARD HAUSSMANN,48.872515,2.337609,Nuit avec éclairage allumé,En agglomération,Intersection en X,Normale,Deux véhicules - côté,4,1,4,1,1,1,1,0,1,30,2,2,1,0,0,1,55.0,31.0,voiture,deux_roues,5,2,2,1,3
202400008481,2024-08-08 00:30:00,2024,8,8,0,30,75,75109,BOULEVARD HAUSSMANN,48.872515,2.337609,Nuit avec éclairage allumé,En agglomération,Intersection en X,Normale,Deux véhicules - côté,4,1,1,0,1,1,1,0,1,30,2,2,1,0,0,1,55.0,31.0,voiture,deux_roues,5,2,2,1,3
202400008482,2024-10-17 19:20:00,2024,10,17,19,20,73,73008,ALLEE PROMENADE DES BORDS DU LAC,45.69966,5.88956,Nuit avec éclairage allumé,En agglomération,Autre intersection,Normale,Autre collision,4,3,2,0,1,1,1,0,1,30,1,2,1,0,0,1,75.0,,voiture,,5,2,9,1,6
202400008483,2024-08-08 15:25:00,2024,8,8,15,25,75,75114,AVENUE DU GENERAL LECLERC,48.829,2.328,Plein jour,En agglomération,Intersection en T,Temps éblouissant,Autre collision,4,1,2,1,1,1,1,0,1,30,1,2,1,0,1,0,17.0,,deux_roues,,1,2,3,7,6