accident_id,datetime,annee,mois,jour,heure,minute,departement,commune_insee,adresse,latitude,longitude,luminosite,agglomeration,intersection,meteo,collision,catr,circ,nbv,vosp,prof,plan,surf,infra,situ,vma,nb_vehicules,nb_usagers,nb_indemnes,nb_tues,nb_blesses_hosp,nb_blesses_legers,age_cond_1,age_cond_2,veh_type_cond_1,veh_type_cond_2,lum_code,agg_code,int_code,atm_code,col_code
202400008483,2024-08-08 15:25:00,2024,8,8,15,25,75,75114,AVENUE DU GENERAL LECLERC,48.829,2.328,Plein jour,En agglomération,Intersection en T,Temps éblouissant,Autre collision,4,1, -1,-1,1,1,1,0,1,30,1,2,1,0,1,0,17.0,,deux_roues,,1,2,3,7,6
202400008484,2024-02-05 18:32:00,2024,2,5,18,32,42,42187,Rue Pierre Dépierre,46.03227995,4.07669834,Nuit avec éclairage allumé,En agglomération,Hors intersection,Normale,Deux véhicules - côté,4,2,2,0,1,1,1,0,1,50,2,3,1,0,0,2,50.0,19.0,voiture,deux_roues,5,2,1,1,3
202400008485,2024-10-08 12:01:00,2024,10,8,12,1,73,73008,D913 - GAULLE GENERAL DE AVENUE,45.68809,5.91044,Plein jour,En agglomération,Intersection en T,Pluie légère,Autre collision,3,3,2,2,2,1,2,0,1,50,1,2,1,0,0,1,15.0,,voiture,,1,2,3,2,6
202400008485,2024-10-08 12:01:00,2024,10,8,12,1,73,73008,D913 - GAULLE GENERAL DE AVENUE,45.68809,5.91044,Plein jour,En agglomération,Intersection en T,Pluie légère,Autre collision,3,1,1,0,1,1,2,0,8,50,1,2,1,0,0,1,15.0,,voiture,,1,2,3,2,6
202400008486,2024-08-08 19:50:00,2024,8,8,19,50,75,75104,BOULEVARD MORLAND,48.8477,2.3654,Plein jour,En agglomération,Intersection en X,Normale,Deux véhicules - arrière,4,1,2,0,1,1,1,0,1,30,2,3,1,0,0,2,34.0,42.0,deux_roues,deux_roues,1,2,2,1,2
202400008486,2024-08-08 19:50:00,2024,8,8,19,50,75,75104,BOULEVARD MORLAND,48.8477,2.3654,Plein jour,En agglomération,Intersection en X,Normale,Deux véhicules - arrière,4,1, -1,-1,1,1,1,0,1,30,2,3,1,0,0,2,34.0,42.0,deux_roues,deux_roues,1,2,2,1,2
202400008487,2024-02-06 07:15:00,2024,2,6,7,15,36,36202,,46.77584,1.64786,Nuit avec éclairage allumé,En agglomération,Hors intersection,Temps couvert,Autre collision,3,2,1,0,1,1,1,0,1,50,1,2,1,0,0,1,54.0,,voiture,,5,2,1,8,6
202400008488,2024-11-17 15:12:00,2024,11,17,15,12,94,94067,Avenue Sainte-marie,48.83541017,2.41537401,Plein jour,En agglomération,Hors intersection,Normale,Deux véhicules - côté,4,1,1,1,1,1,1,0,1,30,2,3,2,0,0,1,36.0,31.0,voiture,deux_roues,1,2,1,1,3
202400008489,2024-08-08 17:10:00,2024,8,8,17,10,94,94073,Avenue Raymond Poincaré,48.76584001,2.39809546,Plein jour,En agglomération,Intersection en T,Autre,Autre collision,4,1,1,-1,1,1,1,0,1,-1,1,2,1,0,0,1,60.0,,voiture,,1,2,3,9,6
202400008489,2024-08-08 17:10:00,2024,8,8,17,10,94,94073,Avenue Raymond Poincaré,48.76584001,2.39809546,Plein jour,En agglomération,Intersection en T,Autre,Autre collision,4,2,2,0,1,1,1,0,1,50,1,2,1,0,0,1,60.0,,voiture,,1,2,3,9,6
202400008490,2024-02-04 16:00:00,2024,2,4,16,0,34,34032,MARNE (AV DE LA),43.33947,3.21559,Plein jour,En agglomération,Intersection en T,Normale,Deux véhicules - côté,4,2,2,0,1,1,1,0,1,50,2,2,1,0,1,0,32.0,71.0,utilitaire_camion,deux_roues,1,2,3,1,3
202400008490,2024-02-04 16:00:00,2024,2,4,16,0,34,34032,MARNE (AV DE LA),43.33947,3.21559,Plein jour,En agglomération,Intersection en T,Normale,Deux véhicules - côté,4,1,1,0,1,1,1,0,1,50,2,2,1,0,1,0,32.0,71.0,utilitaire_camion,deux_roues,1,2,3,1,3
202400008491,2024-12-05 23:20:00,2024,12,5,23,20,83,83123,TOULON (ANCIEN CHEMIN DE),43.13967,5.7823,Nuit avec éclairage allumé,En agglomération,Hors intersection,Normale,Deux véhicules - arrière,4,2,2,0,2,1,1,0,1,50,2,2,1,0,1,0,,31.0,voiture,deux_roues,5,2,1,1,2
202400008492,2024-08-08 17:45:00,2024,8,8,17,45,93,93073,Avenue de la Somme / Rue de Bordeaux,48.94176237,2.58642912,Plein jour,En agglomération,Intersection en X,Normale,Deux véhicules - côté,4,2,#VALEURMULTI,0,1,1,1,0,1,50,2,2,1,0,0,1,43.0,16.0,voiture,deux_roues,1,2,2,1,3
202400008493,2024-02-06 09:00:00,2024,2,6,9,0,33,33063,,44.859,-0.5895,Plein jour,En agglomération,Intersection en Y,Brouillard / fumée,Deux véhicules - côté,4,3,4,3,1,1,1,5,1,50,2,2,1,0,0,1,43.0,43.0,deux_roues,voiture,1,2,4,5,3
202400008493,2024-02-06 09:00:00,2024,2,6,9,0,33,33063,,44.859,-0.5895,Plein jour,En agglomération,Intersection en Y,Brouillard / fumée,Deux véhicules - côté,4,1,2,2,1,1,1,5,1,30,2,2,1,0,0,1,43.0,43.0,deux_roues,voiture,1,2,4,5,3
202400008494,2024-08-08 15:00:00,2024,8,8,15,0,93,93078,Avenue Philippe de Girard / Avenue du Vert Galant,48.95544689,2.54366934,Plein jour,En agglomération,Intersection en X,Normale,Deux véhicules - côté,4,1,1,0,1,1,1,0,1,50,2,2,1,0,0,1,40.0,37.0,utilitaire_camion,deux_roues,1,2,2,1,3
202400008495,2024-12-28 10:59:00,2024,12,28,10,59,37,37276,D766,47.58226154,0.86151767,Plein jour,Hors agglomération,Intersection en X,Brouillard / fumée,Deux véhicules - côté,3,2,2,0,1,1,2,0,1,80,2,5,2,0,3,0,73.0,57.0,utilitaire_camion,voiture,1,1,2,5,3
202400008495,2024-12-28 10:59:00,2024,12,28,10,59,37,37276,D766,47.58226154,0.86151767,Plein jour,Hors agglomération,Intersection en X,Brouillard / fumée,Deux véhicules - côté,3,2,2,0,1,1,2,0,1,90,2,5,2,0,3,0,73.0,57.0,utilitaire_camion,voiture,1,1,2,5,3
202400008496,2024-02-05 20:30:00,2024,2,5,20,30,33,33063,,44.8434,-0.55501,Nuit avec éclairage allumé,En agglomération,Hors intersection,Normale,Deux véhicules - arrière,4,3,4,3,1,1,1,0,5,50,2,3,2,0,0,1,20.0,29.0,voiture,deux_roues,5,2,1,1,2
202400008497,2024-08-08 00:10:00,2024,8,8,0,10,93,93046,JEAN MOULIN BOULEVARD,48.912673,2.514442,Nuit avec éclairage allumé,En agglomération,Hors intersection,Normale,Autre collision,4,2,0,0,1,1,1,0,4,50,1,1,0,0,0,1,45.0,,voiture,,5,2,1,1,6
202400008498,2024-11-17 01:21:00,2024,11,17,1,21,77,77373,PARIS (ROUTE DE ),48.77703,2.59521,Nuit avec éclairage allumé,En agglomération,Autre intersection,Normale,Autre collision,3,3,0,0,1,1,1,5,8,50,1,2,0,0,1,1,39.0,,voiture,,5,2,9,1,6
202400008499,2024-02-05 06:00:00,2024,2,5,6,0,33,33063,Boulevard Jean-Jacques Bosc,44.814506,-0.553563,Nuit avec éclairage allumé,En agglomération,Intersection en T,Normale,Autre collision,4,1,1,2,1,1,2,0,4,30,1,4,1,0,0,3,,,voiture,,5,2,3,1,6
202400008499,2024-02-05 06:00:00,2024,2,5,6,0,33,33063,Boulevard Jean-Jacques Bosc,44.814506,-0.553563,Nuit avec éclairage allumé,En agglomération,Intersection en T,Normale,Autre collision,4,3,4,3,1,1,2,0,4,50,1,4,1,0,0,3,,,voiture,,5,2,3,1,6
202400008500,2024-11-09 12:00:00,2024,11,9,12,0,13,13210,CATHERINE BLUM (BOULEVARD),43.26945797,5.42120778,Plein jour,En agglomération,Intersection en X,Normale,Deux véhicules - arrière,4,2,2,0,1,1,1,0,1,50,2,2,1,0,0,1,35.0,22.0,utilitaire_camion,voiture,1,2,2,1,2
202400008500,2024-11-09 12:00:00,2024,11,9,12,0,13,13210,CATHERINE BLUM (BOULEVARD),43.26945797,5.42120778,Plein jour,En agglomération,Intersection en X,Normale,Deux véhicules - arrière,4,2,2,0,1,1,1,0,1,50,2,2,1,0,0,1,35.0,22.0,utilitaire_camion,voiture,1,2,2,1,2
202400008501,2024-08-08 07:10:00,2024,8,8,7,10,93,93053,Avenue de Rosny,48.89174655,2.47099471,Plein jour,En agglomération,Hors intersection,Normale,Deux véhicules - côté,3,2,2,0,1,1,1,0,1,50,2,3,2,0,0,1,31.0,77.0,deux_roues,utilitaire_camion,1,2,1,1,3
202400008502,2024-02-06 20:35:00,2024,2,6,20,35,33,33009,,44.65681,-1.17034,Nuit avec éclairage allumé,En agglomération,Intersection en T,Normale,Deux véhicules - côté,4,2,2,0,1,1,1,0,1,50,2,2,1,0,0,1,22.0,51.0,deux_roues,voiture,5,2,3,1,3
202400008502,2024-02-06 20:35:00,2024,2,6,20,35,33,33009,,44.65681,-1.17034,Nuit avec éclairage allumé,En agglomération,Intersection en T,Normale,Deux véhicules - côté,4,2,2,0,1,1,1,0,1,50,2,2,1,0,0,1,22.0,51.0,deux_roues,voiture,5,2,3,1,3
202400008503,2024-08-08 09:43:00,2024,8,8,9,43,92,92078,GALLIENI (BD) (1 A 79 ET 22 A 102),48.93064617,2.3321414,Plein jour,Hors agglomération,Hors intersection,Normale,Deux véhicules - arrière,3,1,2,0,1,1,1,0,1,50,2,2,1,0,0,1,33.0,28.0,voiture,voiture,1,1,1,1,2
202400008504,2024-11-18 17:20:00,2024,11,18,17,20,94,94077,Route de Choisy,48.74092479,2.40833616,Nuit avec éclairage allumé,En agglomération,Intersection en T,Pluie légère,Deux véhicules - côté,4,1,#VALEURMULTI,0,1,1,2,0,1,50,2,4,2,0,0,2,34.0,42.0,voiture,voiture,5,2,3,2,3
202400008505,2024-02-06 11:20:00,2024,2,6,11,20,31,31555,38 LE CHAPITRE (A64),43.55283,1.40854,Plein jour,Hors agglomération,Hors intersection,Normale,Deux véhicules - arrière,1,1,3,0,1,1,1,0,1,90,2,3,1,0,0,2,28.0,38.0,voiture,utilitaire_camion,1,1,1,1,2
202400008506,2024-08-07 08:55:00,2024,8,7,8,55,92,92050,DIDEROT RUE,48.88670322,2.2096429,Plein jour,En agglomération,Intersection en X,Normale,Deux véhicules - côté,4,1,1,0,1,1,1,0,1,50,2,2,1,0,0,1,34.0,34.0,deux_roues,voiture,1,2,2,1,3
202400008506,2024-08-07 08:55:00,2024,8,7,8,55,92,92050,DIDEROT RUE,48.88670322,2.2096429,Plein jour,En agglomération,Intersection en X,Normale,Deux véhicules - côté,4,1, -1,-1,1,1,1,0,1,-1,2,2,1,0,0,1,34.0,34.0,deux_roues,voiture,1,2,2,1,3
202400008507,2024-11-19 05:30:00,2024,11,19,5,30,93,93073,PETITS PONTS (ROUTE DES),48.96236817,2.55958378,Nuit avec éclairage allumé,En agglomération,Hors intersection,Pluie légère,Deux véhicules - frontale,3,1,2,0,1,1,2,0,1,50,2,2,1,0,0,1,37.0,48.0,autre,voiture,5,2,1,2,1
202400008508,2024-08-08 14:15:00,2024,8,8,14,15,92,92002,DIVISION LECLERC (1 A 29 -2 A 34),48.75241,2.30472,Plein jour,En agglomération,Hors intersection,Normale,Sans collision,3,-1,1,0,1,1,1,6,4,10,1,1,0,0,0,1,36.0,,deux_roues,,1,2,1,1,7
202400008509,2024-01-23 18:45:00,2024,1,23,18,45,30,30189,Avenue Pierre Mendès France,43.82172998,4.38412428,Nuit avec éclairage allumé,En agglomération,Intersection en T,Normale,Deux véhicules - frontale,3,2,2,0,1,1,1,0,1,50,2,2,0,0,0,2,33.0,61.0,voiture,voiture,5,2,3,1,1
202400008509,2024-01-23 18:45:00,2024,1,23,18,45,30,30189,Avenue Pierre Mendès France,43.82172998,4.38412428,Nuit avec éclairage allumé,En agglomération,Intersection en T,Normale,Deux véhicules - frontale,3,2,2,0,1,1,1,0,1,50,2,2,0,0,0,2,33.0,61.0,voiture,voiture,5,2,3,1,1
202400008510,2024-02-06 12:10:00,2024,2,6,12,10,30,30007,82-318 rue Jean Perrin,44.14576,4.09991,Plein jour,En agglomération,Hors intersection,Normale,Deux véhicules - arrière,4,2,2,0,1,1,1,0,1,50,2,2,1,0,0,1,63.0,52.0,voiture,voiture,1,2,1,1,2
202400008511,2024-05-29 15:45:00,2024,5,29,15,45,93,93032,Avenue de la Passerelle / Rue Paul Vaillant Couturier,48.86627802,2.56220541,Plein jour,En agglomération,Intersection en T,Pluie forte,Trois véhicules et plus - collisions multiples,3,2,2,0,1,1,2,0,1,50,3,5,2,0,1,2,18.0,24.0,voiture,voiture,1,2,3,3,5
202400008511,2024-05-29 15:45:00,2024,5,29,15,45,93,93032,Avenue de la Passerelle / Rue Paul Vaillant Couturier,48.86627802,2.56220541,Plein jour,En agglomération,Intersection en T,Pluie forte,Trois véhicules et plus - collisions multiples,3,2,2,0,1,1,2,0,1,50,3,5,2,0,1,2,18.0,24.0,voiture,voiture,1,2,3,3,5
202400008512,2024-08-08 21:35:00,2024,8,8,21,35,51,51649,Rue Aristide Briand,48.725174,4.584737,Nuit sans éclairage public,En agglomération,Intersection en T,Normale,Deux véhicules - côté,4,1,1,0,1,1,1,0,1,50,2,2,1,0,0,1,44.0,48.0,deux_roues,voiture,3,2,3,1,3
202400008512,2024-08-08 21:35:00,2024,8,8,21,35,51,51649,Rue Aristide Briand,48.725174,4.584737,Nuit sans éclairage public,En agglomération,Intersection en T,Normale,Deux véhicules - côté,4,2,2,0,1,1,1,0,1,50,2,2,1,0,0,1,44.0,48.0,deux_roues,voiture,3,2,3,1,3
202400008513,2024-02-05 07:50:00,2024,2,5,7,50,30,30243,Route de Montèze,44.06853,4.09698,Plein jour,En agglomération,Intersection en T,Normale,Deux véhicules - côté,3,2,1,0,1,1,1,0,8,50,2,2,0,0,0,2,45.0,58.0,deux_roues,deux_roues,1,2,3,1,3
202400008513,2024-02-05 07:50:00,2024,2,5,7,50,30,30243,Route de Montèze,44.06853,4.09698,Plein jour,En agglomération,Intersection en T,Normale,Deux véhicules - côté,3,2,2,0,1,1,1,0,1,50,2,2,0,0,0,2,45.0,58.0,deux_roues,deux_roues,1,2,3,1,3
202400008514,2024-07-29 11:25:00,2024,7,29,11,25,51,51295,Intersection D14/D602,48.702401,4.539708,Plein jour,En agglomération,Intersection en X,Normale,Deux véhicules - côté,3,2,2,0,1,1,1,0,1,50,2,2,1,0,0,1,68.0,56.0,voiture,deux_roues,1,2,2,1,3
202400008514,2024-07-29 11:25:00,2024,7,29,11,25,51,51295,Intersection D14/D602,48.702401,4.539708,Plein jour,En agglomération,Intersection en X,Normale,Deux véhicules - côté,3,2, -1,-1,1,1,1,0,1,-1,2,2,1,0,0,1,68.0,56.0,voiture,deux_roues,1,2,2,1,3
202400008515,2024-05-23 10:15:00,2024,5,23,10,15,93,93032,Rue de Franceville / Avenue des Chèvrefeuilles,48.88951,2.54524,Plein jour,En agglomération,Intersection en T,Normale,Deux véhicules - arrière,4,1,1,0,1,1,1,0,1,-1,2,4,3,0,0,1,53.0,18.0,deux_roues,voiture,1,2,3,1,2
202400008515,2024-05-23 10:15:00,2024,5,23,10,15,93,93032,Rue de Franceville / Avenue des Chèvrefeuilles,48.88951,2.54524,Plein jour,En agglomération,Intersection en T,Normale,Deux véhicules - arrière,4,2,2,0,1,1,1,0,1,50,2,4,3,0,0,1,53.0,18.0,deux_roues,voiture,1,2,3,1,2
202400008516,2024-12-31 23:45:00,2024,12,31,23,45,987,98745,Tiva,-16.635026,-151.491199,Nuit avec éclairage allumé,En agglomération,Hors intersection,Normale,Sans collision,2,2,2,0,1,1,2,0,1,40,1,1,0,0,1,0,23.0,,deux_roues,,5,2,1,1,7
202400008517,2024-02-06 18:00:00,2024,2,6,18,0,29,29232,LOUIS LE GUENNEC,47.97980774,-4.09718378,Crépuscule ou aube,En agglomération,Hors intersection,Normale,Trois véhicules et plus - en chaîne,3,1,0,0,1,1,1,0,1,50,4,4,3,0,0,1,33.0,20.0,voiture,voiture,2,2,1,1,4
202400008518,2024-08-08 18:10:00,2024,8,8,18,10,85,85223,RD 948,46.58001,-1.1094,Plein jour,Hors agglomération,Hors intersection,Normale,Trois véhicules et plus - collisions multiples,3,2,2,0,2,1,1,0,1,80,4,4,2,0,1,1,27.0,39.0,voiture,voiture,1,1,1,1,5
202400008519,2024-08-01 15:30:00,2024,8,1,15,30,63,63001,Place Saint Joseph,46.021564,3.202267,Plein jour,En agglomération,Place,Normale,Deux véhicules - arrière,4,2,2,0,1,1,1,9,1,50,2,2,1,0,1,0,17.0,42.0,deux_roues,voiture,1,2,7,1,2
202400008520,2024-07-23 07:20:00,2024,7,23,7,20,18,18127,,46.75121,2.20125,Plein jour,Hors agglomération,Hors intersection,Normale,Sans collision,3,2, -1,-1,1,1,1,0,1,90,1,1,0,1,0,0,47.0,,voiture,,1,1,1,1,7
202400008521,2024-08-08 15:00:00,2024,8,8,15,0,59,59553,Rue Marx Dormoy,50.600809,2.962975,Plein jour,En agglomération,Giratoire,Normale,Deux véhicules - frontale,3,2,2,0,1,1,1,0,1,-1,2,4,0,0,2,2,74.0,85.0,voiture,voiture,1,2,6,1,1
202400008522,2024-02-06 15:55:00,2024,2,6,15,55,26,26198,Route de Marseille,44.53435,4.74597,Plein jour,En agglomération,Hors intersection,Normale,Deux véhicules - côté,4,2,2,0,1,1,1,0,1,50,2,2,1,0,0,1,49.0,67.0,deux_roues,voiture,1,2,1,1,3
202400008523,2024-11-19 17:55:00,2024,11,19,17,55,74,74010,PRELEVET (AVENUE DE),45.9013,6.132,Nuit avec éclairage allumé,En agglomération,Hors intersection,Pluie légère,Autre collision,4,2,2,0,1,3,2,0,1,50,1,2,1,0,0,1,31.0,,utilitaire_camion,,5,2,1,2,6
202400008524,2024-08-09 04:30:00,2024,8,9,4,30,85,85082,RD79,46.876416,-0.901614,Nuit avec éclairage non allumé,En agglomération,Hors intersection,Normale,Deux véhicules - côté,3,2,2,0,2,1,1,9,1,30,2,2,1,0,1,0,18.0,28.0,deux_roues,voiture,4,2,1,1,3
202400008525,2024-02-05 14:40:00,2024,2,5,14,40,23,23096,BERRY (AVENUE DU),46.17688,1.87566,Plein jour,En agglomération,Hors intersection,Normale,Autre collision,4,2,2,0,1,1,1,9,1,50,1,3,2,0,0,1,22.0,,voiture,,1,2,1,1,6
202400008526,2024-08-08 23:20:00,2024,8,8,23,20,85,85064,RD13,46.832747,-1.307353,Nuit sans éclairage public,En agglomération,Hors intersection,Normale,Autre collision,3,2,2,0,1,1,1,0,3,50,1,1,0,0,1,0,16.0,,deux_roues,,3,2,1,1,6
202400008527,2024-11-19 09:38:00,2024,11,19,9,38,75,75106,BOULEVARD SAINT GERMAIN,48.852839,2.337007,Plein jour,En agglomération,Intersection en X,Pluie légère,Sans collision,4,1,3,3,1,1,2,0,6,30,2,2,1,0,0,1,47.0,27.0,utilitaire_camion,autre,1,2,2,2,7
202400008527,2024-11-19 09:38:00,2024,11,19,9,38,75,75106,BOULEVARD SAINT GERMAIN,48.852839,2.337007,Plein jour,En agglomération,Intersection en X,Pluie légère,Sans collision,4,1, -1,-1,1,1,2,0,6,30,2,2,1,0,0,1,47.0,27.0,utilitaire_camion,autre,1,2,2,2,7
202400008528,2024-08-09 08:56:00,2024,8,9,8,56,37,37123,"Autoroute A85, pk 79.800 sens ANGER-VIERZON",47.344842,0.409455,Plein jour,Hors agglomération,Hors intersection,Normale,Autre collision,1,3,2,0,1,2,1,0,1,130,1,1,0,0,1,0,28.0,,voiture,,1,1,1,1,6
202400008529,2024-01-04 17:20:00,2024,1,4,17,20,22,22278,RIBOT (THEODULE),48.51849,-2.78269,Crépuscule ou aube,En agglomération,Hors intersection,Pluie forte,Deux véhicules - arrière,4,2,2,0,1,1,2,0,1,30,2,2,1,0,0,1,72.0,22.0,utilitaire_camion,voiture,2,2,1,3,2
202400008530,2024-11-18 14:00:00,2024,11,18,14,0,75,75106,BOULEVARD SAINT GERMAIN,48.854075,2.331518,Plein jour,En agglomération,Intersection en T,Normale,Sans collision,4,1,2,1,1,1,2,0,5,30,1,1,0,0,0,1,54.0,,deux_roues,,1,2,3,1,7
202400008530,2024-11-18 14:00:00,2024,11,18,14,0,75,75106,BOULEVARD SAINT GERMAIN,48.854075,2.331518,Plein jour,En agglomération,Intersection en T,Normale,Sans collision,4,1, -1,1,1,1,2,0,5,30,1,1,0,0,0,1,54.0,,deux_roues,,1,2,3,1,7
202400008531,2024-08-02 15:50:00,2024,8,2,15,50,62,62630,D75,50.30136854,2.54155951,Plein jour,Hors agglomération,Hors intersection,Normale,Deux véhicules - frontale,3,2,2,0,2,3,1,0,1,80,2,3,1,0,0,2,62.0,54.0,voiture,voiture,1,1,1,1,1
202400008532,2024-02-06 18:40:00,2024,2,6,18,40,17,17415,PRAIRIE CHEMIN DE LA,45.73386621,-0.62666671,Nuit sans éclairage public,En agglomération,Hors intersection,Normale,Sans collision,4,2,2,0,1,1,1,2,8,50,1,1,0,0,0,1,46.0,,voiture,,3,2,1,1,7
202400008533,2024-08-07 19:45:00,2024,8,7,19,45,62,62007,D62,50.344071,2.650328,Plein jour,Hors agglomération,Intersection en T,Normale,Sans collision,3,2,2,0,1,1,1,0,1,80,1,1,0,0,0,1,35.0,,deux_roues,,1,1,3,1,7
202400008533,2024-08-07 19:45:00,2024,8,7,19,45,62,62007,D62,50.344071,2.650328,Plein jour,Hors agglomération,Intersection en T,Normale,Sans collision,3,2,2,0,1,3,1,0,1,-1,1,1,0,0,0,1,35.0,,deux_roues,,1,1,3,1,7
202400008534,2024-11-18 18:10:00,2024,11,18,18,10,93,93051,PAVE NEUF (AVENUE),48.84034,2.55286,Nuit avec éclairage allumé,En agglomération,Hors intersection,Pluie légère,Trois véhicules et plus - en chaîne,3,1,2,0,1,1,2,0,1,50,3,3,2,0,0,1,34.0,22.0,voiture,voiture,5,2,1,2,4
202400008535,2024-02-06 07:45:00,2024,2,6,7,45,13,13103,BOULEVARD FOCH-MARECHAL,43.63962,5.09401,Crépuscule ou aube,En agglomération,Hors intersection,Temps couvert,Deux véhicules - côté,4,-1,2,0,1,1,1,0,1,50,1,2,1,0,0,1,48.0,,transport_commun,,2,2,1,8,3
202400008536,2024-08-07 19:30:00,2024,8,7,19,30,30,30034,,43.752726,4.493006,Plein jour,En agglomération,Hors intersection,Normale,Sans collision,4,-1,2,0,1,1,1,0,1,80,1,1,0,0,1,0,21.0,,autre,,1,2,1,1,7
202400008537,2024-11-18 19:05:00,2024,11,18,19,5,93,93050,PAUL ET CAMILLE THOMOUX (RUE) COTE PAIR,48.86176214,2.53021896,Nuit avec éclairage allumé,En agglomération,Hors intersection,Pluie légère,Autre collision,3,2,2,0,1,1,2,9,1,50,1,2,1,0,0,1,32.0,,deux_roues,,5,2,1,2,6
202400008538,2024-01-31 18:00:00,2024,1,31,18,0,13,13056,GAULLE AVENUE CHARLES DE,43.39843,5.07106,Crépuscule ou aube,En agglomération,Intersection en T,Normale,Deux véhicules - frontale,4,2,2,0,1,1,1,0,1,50,1,2,1,1,0,0,83.0,,voiture,,2,2,3,1,1
202400008538,2024-01-31 18:00:00,2024,1,31,18,0,13,13056,GAULLE AVENUE CHARLES DE,43.39843,5.07106,Crépuscule ou aube,En agglomération,Intersection en T,Normale,Deux véhicules - frontale,4,2, -1,-1,1,1,1,0,1,-1,1,2,1,1,0,0,83.0,,voiture,,2,2,3,1,1
202400008539,2024-08-09 11:20:00,2024,8,9,11,20,56,56195,Rue du Calvaire,47.519762,-2.298385,Plein jour,En agglomération,Hors intersection,Normale,Autre collision,4,2,2,0,1,1,1,0,1,50,1,2,1,0,1,0,85.0,,voiture,,1,2,1,1,6
202400008540,2024-07-05 16:25:00,2024,7,5,16,25,27,27340,A13,49.364426,0.825477,Plein jour,Hors agglomération,Hors intersection,Normale,Deux véhicules - arrière,1,1,3,0,1,1,1,0,1,130,2,2,1,0,0,1,21.0,57.0,voiture,voiture,1,1,1,1,2
202400008541,2024-08-08 15:30:00,2024,8,8,15,30,56,56087,Rue du Vieux Moulin,47.592511,-2.845373,Plein jour,En agglomération,Hors intersection,Normale,Sans collision,4,1,1,0,2,1,1,0,1,30,1,1,0,0,1,0,45.0,,deux_roues,,1,2,1,1,7
202400008542,2024-02-06 16:12:00,2024,2,6,16,12,13,13214,MAISON BLANCHE (TRAVERSE),43.32951,5.37484,Plein jour,En agglomération,Hors intersection,Normale,Deux véhicules - côté,4,1,2,0,1,1,1,0,1,50,1,3,1,0,0,2,30.0,,deux_roues,,1,2,1,1,3
202400008543,2024-11-03 19:55:00,2024,11,3,19,55,971,97113,Chemin de la BOUAYE,16.21799,-61.49073,Nuit avec éclairage allumé,En agglomération,Intersection en T,Normale,Sans collision,2,2,2,0,1,1,1,0,8,50,1,2,1,0,1,0,29.0,,voiture,,5,2,3,1,7
202400008543,2024-11-03 19:55:00,2024,11,3,19,55,971,97113,Chemin de la BOUAYE,16.21799,-61.49073,Nuit avec éclairage allumé,En agglomération,Intersection en T,Normale,Sans collision,2,2,2,0,1,1,1,0,1,70,1,2,1,0,1,0,29.0,,voiture,,5,2,3,1,7
202400008544,2024-08-09 07:45:00,2024,8,9,7,45,2B,2B309,Route de Figarella,42.743301,9.457882,Plein jour,En agglomération,Intersection en T,Normale,Deux véhicules - côté,3,2,2,0,2,3,1,0,1,50,2,2,1,0,0,1,55.0,31.0,deux_roues,voiture,1,2,3,1,3
202400008544,2024-08-09 07:45:00,2024,8,9,7,45,2B,2B309,Route de Figarella,42.743301,9.457882,Plein jour,En agglomération,Intersection en T,Normale,Deux véhicules - côté,3,2,2,0,2,2,1,0,1,50,2,2,1,0,0,1,55.0,31.0,deux_roues,voiture,1,2,3,1,3
202400008545,2024-02-06 15:50:00,2024,2,6,15,50,13,13211,SAINT MARCEL (BOULEVARD DE ),43.28764669,5.46479916,Plein jour,En agglomération,Intersection en T,Normale,Deux véhicules - côté,4,2,2,0,1,1,1,0,1,50,2,2,1,0,1,0,28.0,33.0,deux_roues,voiture,1,2,3,1,3
202400008545,2024-02-06 15:50:00,2024,2,6,15,50,13,13211,SAINT MARCEL (BOULEVARD DE ),43.28764669,5.46479916,Plein jour,En agglomération,Intersection en T,Normale,Deux véhicules - côté,4,2,2,0,2,2,1,0,1,30,2,2,1,0,1,0,28.0,33.0,deux_roues,voiture,1,2,3,1,3
202400008546,2024-08-09 18:00:00,2024,8,9,18,0,80,80620,Rue Saint-sauveur,49.930688,2.937264,Plein jour,En agglomération,Hors intersection,Normale,Deux véhicules - arrière,3,2,2,0,1,1,1,0,1,50,2,4,3,0,0,1,23.0,22.0,voiture,deux_roues,1,2,1,1,2
202400008547,2024-02-06 08:35:00,2024,2,6,8,35,13,13214,MARCHE D'IN (AVENUE),43.33919956,5.37816195,Plein jour,En agglomération,Hors intersection,Normale,Deux véhicules - côté,4,1,2,0,1,1,1,0,1,50,2,2,1,0,0,1,20.0,39.0,utilitaire_camion,deux_roues,1,2,1,1,3
202400008548,2024-02-12 19:45:00,2024,2,12,19,45,82,82124,Route de Verlhaguet,44.003508,1.298565,Nuit avec éclairage allumé,En agglomération,Intersection en X,Normale,Sans collision,4,2, -1,-1,1,1,1,0,1,50,1,1,0,1,0,0,36.0,,voiture,,5,2,2,1,7
202400008548,2024-02-12 19:45:00,2024,2,12,19,45,82,82124,Route de Verlhaguet,44.003508,1.298565,Nuit avec éclairage allumé,En agglomération,Intersection en X,Normale,Sans collision,4,2,2,0,1,1,1,0,4,50,1,1,0,1,0,0,36.0,,voiture,,5,2,2,1,7
202400008549,2024-02-06 17:45:00,2024,2,6,17,45,13,13047,CD16 (LE DELA),43.55217688,5.01167536,Crépuscule ou aube,Hors agglomération,Hors intersection,Normale,Sans collision,3,2,0,0,1,3,1,0,1,70,1,1,0,0,0,1,45.0,,voiture,,2,1,1,1,7