accident_id,datetime,annee,mois,jour,heure,minute,departement,commune_insee,adresse,latitude,longitude,luminosite,agglomeration,intersection,meteo,collision,catr,circ,nbv,vosp,prof,plan,surf,infra,situ,vma,nb_vehicules,nb_usagers,nb_indemnes,nb_tues,nb_blesses_hosp,nb_blesses_legers,age_cond_1,age_cond_2,veh_type_cond_1,veh_type_cond_2,lum_code,agg_code,int_code,atm_code,col_code
202400008842,2024-02-05 16:05:00,2024,2,5,16,5,29,29019,avenue Victor Le Gorgeu,48.39973,-4.497347,Plein jour,En agglomération,Place,Normale,Deux véhicules - côté,4,3,4,1,1,1,1,0,1,50,2,2,1,0,0,1,23.0,22.0,deux_roues,voiture,1,2,7,1,3
202400008843,2024-02-05 14:15:00,2024,2,5,14,15,25,25462,DOUBS DE (DU 0 AU 24),46.90883,6.35537,Plein jour,En agglomération,Hors intersection,Normale,Deux véhicules - côté,4,2,2,0,1,1,1,0,1,50,2,2,1,0,0,1,47.0,63.0,voiture,deux_roues,1,2,1,1,3
202400008844,2024-04-24 19:50:00,2024,4,24,19,50,91,91648,D26,48.563232,2.35822,Plein jour,Hors agglomération,Hors intersection,Normale,Trois véhicules et plus - collisions multiples,3,2,2,0,1,1,1,0,1,80,3,4,1,0,1,2,29.0,55.0,voiture,voiture,1,1,1,1,5
202400008845,2024-02-05 07:15:00,2024,2,5,7,15,25,25462,GARE (DE LA),46.90332,6.3555,Nuit avec éclairage allumé,En agglomération,Intersection en X,Normale,Autre collision,4,1,1,0,1,1,1,0,1,50,1,2,1,0,0,1,24.0,,voiture,,5,2,2,1,6
202400008845,2024-02-05 07:15:00,2024,2,5,7,15,25,25462,GARE (DE LA),46.90332,6.3555,Nuit avec éclairage allumé,En agglomération,Intersection en X,Normale,Autre collision,4,1,1,0,1,1,1,0,1,50,1,2,1,0,0,1,24.0,,voiture,,5,2,2,1,6
202400008846,2024-08-31 23:15:00,2024,8,31,23,15,38,38053,BOIS MARTEL,45.58257,5.29475,Nuit sans éclairage public,En agglomération,Hors intersection,Normale,Deux véhicules - arrière,3,2,3,0,1,1,1,0,1,50,2,2,1,0,0,1,17.0,,deux_roues,autre,3,2,1,1,2
202400008847,2024-02-03 16:50:00,2024,2,3,16,50,15,15014,Parking Avenue georges Pompidou,44.9138,2.45528,Plein jour,En agglomération,Hors intersection,Temps éblouissant,Deux véhicules - arrière,6,-1, -1,0,1,1,1,0,8,30,2,2,1,0,0,1,44.0,48.0,voiture,transport_commun,1,2,1,7,2
202400008848,2024-08-27 08:50:00,2024,8,27,8,50,38,38053,ALPES,45.58566,5.26897,Plein jour,En agglomération,Giratoire,Normale,Deux véhicules - arrière,3,1,2,0,1,1,1,0,1,50,2,2,0,0,0,2,42.0,66.0,deux_roues,voiture,1,2,6,1,2
202400008849,2024-02-05 15:10:00,2024,2,5,15,10,13,13215,CAP PINEDE (Avenue),43.32810767,5.36327977,Plein jour,En agglomération,Hors intersection,Normale,Deux véhicules - côté,4,2,2,0,1,1,1,8,1,50,2,2,1,0,1,0,40.0,59.0,voiture,deux_roues,1,2,1,1,3
202400008850,2024-10-26 03:11:00,2024,10,26,3,11,74,74002,Route d'annecy,45.82019,6.033248,Nuit avec éclairage allumé,En agglomération,Hors intersection,Normale,Deux véhicules - frontale,3,3,0,0,2,2,1,0,1,50,2,3,2,0,1,0,20.0,58.0,voiture,voiture,5,2,1,1,1
202400008851,2024-02-05 09:15:00,2024,2,5,9,15,13,13203,MATHIEU STILATTI (RUE),43.30922065,5.37656959,Plein jour,En agglomération,Hors intersection,Normale,Autre collision,4,1,1,0,1,1,1,8,1,50,1,3,2,0,0,1,42.0,,utilitaire_camion,,1,2,1,1,6
202400008852,2024-10-25 15:56:00,2024,10,25,15,56,74,74280,D909,45.895642,6.301013,Plein jour,Hors agglomération,Hors intersection,Normale,Deux véhicules - côté,3,2,2,1,1,1,1,0,5,70,2,2,1,0,0,1,,58.0,voiture,deux_roues,1,1,1,1,3
202400008853,2024-02-05 16:20:00,2024,2,5,16,20,13,13005,CANIERS (AVENUE DES),43.29606,5.59547,Plein jour,En agglomération,Giratoire,Normale,Autre collision,4,1,2,0,1,2,1,0,1,30,1,2,1,0,0,1,24.0,,voiture,,1,2,6,1,6
202400008853,2024-02-05 16:20:00,2024,2,5,16,20,13,13005,CANIERS (AVENUE DES),43.29606,5.59547,Plein jour,En agglomération,Giratoire,Normale,Autre collision,4,3,2,0,1,1,1,0,1,30,1,2,1,0,0,1,24.0,,voiture,,1,2,6,1,6
202400008854,2024-10-25 21:45:00,2024,10,25,21,45,74,74243,A40,46.13280075,6.09864861,Nuit avec éclairage allumé,Hors agglomération,Hors intersection,Normale,Sans collision,1,1,2,0,2,3,9,3,1,70,1,1,0,0,1,0,61.0,,deux_roues,,5,1,1,1,7
202400008855,2024-02-05 04:52:00,2024,2,5,4,52,10,10387,Boulevard Georges Pompidou,48.29073,4.08782,Nuit avec éclairage allumé,En agglomération,Giratoire,Normale,Deux véhicules - côté,4,2,4,1,1,1,1,0,1,50,2,2,1,0,0,1,24.0,19.0,voiture,deux_roues,5,2,6,1,3
202400008855,2024-02-05 04:52:00,2024,2,5,4,52,10,10387,Boulevard Georges Pompidou,48.29073,4.08782,Nuit avec éclairage allumé,En agglomération,Giratoire,Normale,Deux véhicules - côté,4,2, -1,2,1,1,1,0,1,50,2,2,1,0,0,1,24.0,19.0,voiture,deux_roues,5,2,6,1,3
202400008856,2024-10-24 12:15:00,2024,10,24,12,15,74,74010,Rue du champ de la taillée,45.887783,6.102632,Plein jour,En agglomération,Hors intersection,Normale,Deux véhicules - frontale,4,2,2,2,3,4,2,0,1,50,2,2,1,0,0,1,19.0,57.0,voiture,voiture,1,2,1,1,1
202400008857,2024-10-24 08:45:00,2024,10,24,8,45,74,74108,590 Rte d?Annecy,45.827599,6.200355,Plein jour,En agglomération,Hors intersection,Normale,Autre collision,3,2,2,0,1,1,1,0,1,30,1,2,1,0,0,1,60.0,,voiture,,1,2,1,1,6
202400008858,2024-02-05 20:50:00,2024,2,5,20,50,06,06088,Avenue Georges Clemenceau,43.70222,7.26577,Nuit avec éclairage allumé,En agglomération,Intersection en X,Normale,Deux véhicules - côté,4,1,2,0,1,1,1,0,1,50,2,5,3,0,0,2,33.0,42.0,voiture,voiture,5,2,2,1,3
202400008858,2024-02-05 20:50:00,2024,2,5,20,50,06,06088,Avenue Georges Clemenceau,43.70222,7.26577,Nuit avec éclairage allumé,En agglomération,Intersection en X,Normale,Deux véhicules - côté,4,1,1,0,1,1,1,0,1,50,2,5,3,0,0,2,33.0,42.0,voiture,voiture,5,2,2,1,3
202400008859,2024-10-24 10:20:00,2024,10,24,10,20,74,74056,42 Route des bossons,45.909025,6.843416,Plein jour,En agglomération,Hors intersection,Normale,Autre collision,3,2,2,0,1,4,1,0,1,50,1,2,1,0,1,0,48.0,,transport_commun,,1,2,1,1,6
202400008860,2024-02-05 12:50:00,2024,2,5,12,50,05,05061,RN85,44.58130585,6.08129203,Plein jour,Hors agglomération,Hors intersection,Normale,Sans collision,2,2,2,0,2,3,1,0,3,80,1,1,0,0,0,1,19.0,,voiture,,1,1,1,1,7
202400008861,2024-10-21 19:40:00,2024,10,21,19,40,74,74250,A40,46.07521,6.38019,Nuit sans éclairage public,Hors agglomération,Hors intersection,Normale,Trois véhicules et plus - en chaîne,1,3,2,0,1,1,1,0,1,130,3,5,4,1,0,0,82.0,32.0,voiture,voiture,3,1,1,1,4
202400008862,2024-01-23 16:25:00,2024,1,23,16,25,05,05061,EMILE DIDIER ( AV ),44.5655,6.09248,Plein jour,En agglomération,Giratoire,Normale,Deux véhicules - côté,2,2,2,0,1,1,1,0,1,50,2,2,0,0,0,2,22.0,27.0,deux_roues,deux_roues,1,2,6,1,3
202400008863,2024-10-17 07:07:00,2024,10,17,7,7,74,74118,A40,46.17723,6.23563,Crépuscule ou aube,Hors agglomération,Hors intersection,Pluie légère,Trois véhicules et plus - en chaîne,1,1,2,0,1,1,2,0,1,90,3,3,2,0,1,0,44.0,29.0,voiture,deux_roues,2,1,1,2,4
202400008864,2024-02-05 19:15:00,2024,2,5,19,15,75,75106,BOULEVARD SAINT MICHEL,48.85276,2.343818,Nuit avec éclairage allumé,En agglomération,Intersection en X,Normale,Autre collision,4,2,3,3,1,1,1,0,1,30,1,2,1,0,0,1,50.0,,voiture,,5,2,2,1,6
202400008864,2024-02-05 19:15:00,2024,2,5,19,15,75,75106,BOULEVARD SAINT MICHEL,48.85276,2.343818,Nuit avec éclairage allumé,En agglomération,Intersection en X,Normale,Autre collision,4,1, -1,-1,1,1,1,0,1,-1,1,2,1,0,0,1,50.0,,voiture,,5,2,2,1,6
202400008865,2024-10-21 16:20:00,2024,10,21,16,20,74,74185,808 Route du saleve,46.163912,6.236671,Plein jour,Hors agglomération,Intersection en T,Normale,Deux véhicules - côté,3,2,2,0,2,1,1,0,1,50,2,2,1,0,1,0,27.0,42.0,voiture,deux_roues,1,1,3,1,3
202400008865,2024-10-21 16:20:00,2024,10,21,16,20,74,74185,808 Route du saleve,46.163912,6.236671,Plein jour,Hors agglomération,Intersection en T,Normale,Deux véhicules - côté,3,2, -1,-1,2,1,1,0,1,-1,2,2,1,0,1,0,27.0,42.0,voiture,deux_roues,1,1,3,1,3
202400008866,2024-02-05 14:55:00,2024,2,5,14,55,75,75112,AVENUE DE SAINT MAURICE,48.829235,2.41994,Plein jour,En agglomération,Hors intersection,Normale,Deux véhicules - arrière,4,-1,1,0,1,1,1,0,1,30,2,5,3,0,0,2,20.0,,voiture,,1,2,1,1,2
202400008867,2024-10-14 17:30:00,2024,10,14,17,30,74,74010,Avenue d'aix-les-bains,45.867403,6.072543,Plein jour,Hors agglomération,Hors intersection,Normale,Deux véhicules - frontale,3,2,3,0,1,1,1,0,1,90,2,4,0,0,1,3,25.0,41.0,voiture,voiture,1,1,1,1,1
202400008868,2024-02-05 09:30:00,2024,2,5,9,30,75,75111,AVENUE PARMENTIER,48.859155,2.379477,Plein jour,En agglomération,Intersection en T,Normale,Deux véhicules - côté,4,2,2,1,1,1,1,0,1,30,2,3,2,0,0,1,26.0,47.0,deux_roues,utilitaire_camion,1,2,3,1,3
202400008868,2024-02-05 09:30:00,2024,2,5,9,30,75,75111,AVENUE PARMENTIER,48.859155,2.379477,Plein jour,En agglomération,Intersection en T,Normale,Deux véhicules - côté,4,2,2,0,1,1,1,0,1,30,2,3,2,0,0,1,26.0,47.0,deux_roues,utilitaire_camion,1,2,3,1,3
202400008869,2024-10-13 20:30:00,2024,10,13,20,30,74,74295,RD 902,46.314183,6.6101,Nuit sans éclairage public,Hors agglomération,Hors intersection,Temps couvert,Deux véhicules - frontale,3,2,2,0,2,3,1,0,1,80,2,2,1,0,1,0,21.0,32.0,voiture,voiture,3,1,1,8,1
202400008870,2024-02-05 08:15:00,2024,2,5,8,15,75,75110,BOULEVARD DE MAGENTA,48.87329666,2.35873595,Plein jour,En agglomération,Intersection en Y,Normale,Autre collision,4,2,1,1,1,1,1,0,5,25,1,1,0,0,0,1,39.0,,deux_roues,,1,2,4,1,6
202400008870,2024-02-05 08:15:00,2024,2,5,8,15,75,75110,BOULEVARD DE MAGENTA,48.87329666,2.35873595,Plein jour,En agglomération,Intersection en Y,Normale,Autre collision,4,1, -1,-1,1,1,1,0,5,-1,1,1,0,0,0,1,39.0,,deux_roues,,1,2,4,1,6
202400008871,2024-10-12 03:20:00,2024,10,12,3,20,74,74262,A40,46.1321,6.32121,Nuit avec éclairage non allumé,Hors agglomération,Hors intersection,Brouillard / fumée,Deux véhicules - arrière,1,3,2,0,1,1,1,0,1,110,2,2,1,0,1,0,28.0,27.0,voiture,deux_roues,4,1,1,5,2
202400008872,2024-02-05 06:56:00,2024,2,5,6,56,75,75107,AVENUE DU MARECHAL GALLIENI,48.861051,2.313239,Nuit avec éclairage allumé,En agglomération,Intersection en X,Normale,Deux véhicules - côté,4,2,4,1,1,1,1,0,1,30,2,2,1,0,0,1,46.0,26.0,utilitaire_camion,deux_roues,5,2,2,1,3
202400008872,2024-02-05 06:56:00,2024,2,5,6,56,75,75107,AVENUE DU MARECHAL GALLIENI,48.861051,2.313239,Nuit avec éclairage allumé,En agglomération,Intersection en X,Normale,Deux véhicules - côté,4,2,2,0,1,1,1,0,1,30,2,2,1,0,0,1,46.0,26.0,utilitaire_camion,deux_roues,5,2,2,1,3
202400008873,2024-02-05 01:30:00,2024,2,5,1,30,94,94067,Avenue de Paris / Avenue Gambetta,48.845987,2.422832,Nuit avec éclairage allumé,En agglomération,Intersection en T,Normale,Deux véhicules - arrière,3,3,2,2,1,1,1,5,1,50,2,2,0,0,0,2,38.0,42.0,voiture,voiture,5,2,3,1,2
202400008873,2024-02-05 01:30:00,2024,2,5,1,30,94,94067,Avenue de Paris / Avenue Gambetta,48.845987,2.422832,Nuit avec éclairage allumé,En agglomération,Intersection en T,Normale,Deux véhicules - arrière,3,2,2,0,1,1,1,5,1,-1,2,2,0,0,0,2,38.0,42.0,voiture,voiture,5,2,3,1,2
202400008874,2024-10-05 01:00:00,2024,10,5,1,0,74,74282,D1203,46.03705215,6.24124098,Nuit sans éclairage public,Hors agglomération,Hors intersection,Normale,Deux véhicules - frontale,3,2,2,0,2,1,1,0,1,80,2,5,0,1,3,1,21.0,18.0,voiture,voiture,3,1,1,1,1
202400008875,2024-02-05 17:06:00,2024,2,5,17,6,94,94046,Rue du Gué aux Aurochs,48.814959,2.424102,Plein jour,En agglomération,Hors intersection,Normale,Autre collision,4,1,1,0,1,2,1,0,4,30,1,2,1,0,0,1,,,deux_roues,,1,2,1,1,6
202400008876,2024-09-01 16:00:00,2024,9,1,16,0,74,74173,360 Rue des allobroges,45.858138,6.61296,Plein jour,En agglomération,Hors intersection,Pluie légère,Autre collision,4,2,2,0,2,1,2,0,1,50,1,1,0,0,1,0,80.0,,voiture,,1,2,1,2,6
202400008877,2024-02-04 14:40:00,2024,2,4,14,40,94,94019,Rue Molière,48.803738,2.539396,Plein jour,En agglomération,Hors intersection,Normale,Deux véhicules - côté,4,2,2,0,1,1,1,0,1,50,2,2,1,0,0,1,45.0,50.0,voiture,deux_roues,1,2,1,1,3
202400008878,2024-12-04 19:10:00,2024,12,4,19,10,68,68166,INDUSTRIE (RUE DE L'),47.78857909,7.31005431,Nuit avec éclairage allumé,En agglomération,Intersection à plus de 4 branches,Pluie légère,Deux véhicules - côté,3,1,2,0,1,1,2,5,6,30,2,2,1,0,1,0,61.0,31.0,voiture,deux_roues,5,2,5,2,3
202400008878,2024-12-04 19:10:00,2024,12,4,19,10,68,68166,INDUSTRIE (RUE DE L'),47.78857909,7.31005431,Nuit avec éclairage allumé,En agglomération,Intersection à plus de 4 branches,Pluie légère,Deux véhicules - côté,3,1,2,0,1,3,2,0,6,30,2,2,1,0,1,0,61.0,31.0,voiture,deux_roues,5,2,5,2,3
202400008879,2024-02-04 07:00:00,2024,2,4,7,0,93,93078,Rue de Paris,48.963346,2.534763,Crépuscule ou aube,En agglomération,Hors intersection,Pluie légère,Deux véhicules - côté,4,2,2,0,1,1,2,0,1,50,2,2,0,0,0,2,29.0,45.0,deux_roues,utilitaire_camion,2,2,1,2,3
202400008880,2024-12-05 13:55:00,2024,12,5,13,55,46,46042,JACOBINS (RUE DES),44.44921,1.44561,Plein jour,En agglomération,Hors intersection,Normale,Autre collision,3,2,2,0,1,1,1,0,1,50,1,2,1,0,0,1,55.0,,deux_roues,,1,2,1,1,6
202400008881,2024-02-05 17:00:00,2024,2,5,17,0,93,93064,Rue du Bel Air / Rue des 2 communes,48.87073286,2.50115561,Plein jour,En agglomération,Intersection en X,Normale,Deux véhicules - côté,4,2,2,0,2,1,1,0,1,50,2,2,1,0,0,1,20.0,53.0,voiture,voiture,1,2,2,1,3
202400008881,2024-02-05 17:00:00,2024,2,5,17,0,93,93064,Rue du Bel Air / Rue des 2 communes,48.87073286,2.50115561,Plein jour,En agglomération,Intersection en X,Normale,Deux véhicules - côté,4,2,2,0,2,1,1,0,1,50,2,2,1,0,0,1,20.0,53.0,voiture,voiture,1,2,2,1,3
202400008882,2024-02-05 08:50:00,2024,2,5,8,50,93,93013,Rue Edouard Vaillant / Rue Castelnau,48.93686,2.43165,Plein jour,En agglomération,Intersection en T,Normale,Deux véhicules - côté,4,1,1,0,1,1,1,0,8,30,2,2,1,0,0,1,26.0,40.0,voiture,deux_roues,1,2,3,1,3
202400008882,2024-02-05 08:50:00,2024,2,5,8,50,93,93013,Rue Edouard Vaillant / Rue Castelnau,48.93686,2.43165,Plein jour,En agglomération,Intersection en T,Normale,Deux véhicules - côté,4,2,2,0,1,1,1,0,1,30,2,2,1,0,0,1,26.0,40.0,voiture,deux_roues,1,2,3,1,3
202400008883,2024-01-13 09:30:00,2024,1,13,9,30,94,94046,Rue de Normandie / Rue Gabriel Péri,48.81146,2.43749,Plein jour,En agglomération,Intersection en X,Normale,Deux véhicules - côté,4,1,1,0,1,1,1,0,1,50,2,4,2,0,0,2,45.0,23.0,voiture,voiture,1,2,2,1,3
202400008883,2024-01-13 09:30:00,2024,1,13,9,30,94,94046,Rue de Normandie / Rue Gabriel Péri,48.81146,2.43749,Plein jour,En agglomération,Intersection en X,Normale,Deux véhicules - côté,4,2,2,0,1,1,1,0,1,50,2,4,2,0,0,2,45.0,23.0,voiture,voiture,1,2,2,1,3
202400008884,2024-12-20 11:30:00,2024,12,20,11,30,38,38175,Rue Joliot Curie,45.272236,5.921057,Plein jour,En agglomération,Hors intersection,Normale,Autre collision,4,1, -1,0,1,1,1,0,8,50,1,2,1,0,0,1,27.0,,utilitaire_camion,,1,2,1,1,6
202400008885,2024-02-03 10:42:00,2024,2,3,10,42,93,93027,Avenue Jean Jaurès / Rue Corneille,48.9244,2.40165,Plein jour,En agglomération,Intersection en X,Pluie légère,Deux véhicules - côté,3,3,4,3,1,1,2,0,1,50,2,5,4,0,0,1,22.0,41.0,utilitaire_camion,voiture,1,2,2,2,3
202400008885,2024-02-03 10:42:00,2024,2,3,10,42,93,93027,Avenue Jean Jaurès / Rue Corneille,48.9244,2.40165,Plein jour,En agglomération,Intersection en X,Pluie légère,Deux véhicules - côté,3,1,1,2,1,1,2,0,1,50,2,5,4,0,0,1,22.0,41.0,utilitaire_camion,voiture,1,2,2,2,3
202400008886,2024-11-28 17:00:00,2024,11,28,17,0,34,34077,M21,43.651754,3.897539,Plein jour,En agglomération,Intersection en T,Normale,Deux véhicules - côté,7,2,0,0,2,1,1,5,1,50,2,2,1,0,1,0,33.0,21.0,deux_roues,voiture,1,2,3,1,3
202400008886,2024-11-28 17:00:00,2024,11,28,17,0,34,34077,M21,43.651754,3.897539,Plein jour,En agglomération,Intersection en T,Normale,Deux véhicules - côté,7,2, -1,-1,2,1,1,0,1,-1,2,2,1,0,1,0,33.0,21.0,deux_roues,voiture,1,2,3,1,3
202400008887,2024-02-04 06:10:00,2024,2,4,6,10,93,93008,Avenue Paul Vaillant - Couturier,48.908499,2.451632,Nuit avec éclairage allumé,En agglomération,Hors intersection,Pluie légère,Sans collision,3,3,4,3,1,1,2,0,1,50,1,4,2,0,0,2,22.0,,voiture,,5,2,1,2,7
202400008888,2024-06-15 16:40:00,2024,6,15,16,40,972,97213,ROUTE DEPARTEMENTALE 15,14.61987,-61.00579,Plein jour,Hors agglomération,Hors intersection,Normale,Trois véhicules et plus - en chaîne,3,2,4,0,1,1,1,0,1,70,3,6,2,0,0,4,61.0,56.0,voiture,voiture,1,1,1,1,4
202400008889,2024-02-05 07:55:00,2024,2,5,7,55,92,92012,ROBERT SCHUMAN (AVENUE),48.8441,2.24976,Plein jour,En agglomération,Autre intersection,Normale,Deux véhicules - côté,4,2,2,3,1,1,1,9,1,30,2,2,1,0,0,1,12.0,72.0,deux_roues,voiture,1,2,9,1,3
202400008890,2024-06-15 21:30:00,2024,6,15,21,30,972,97213,ROUTE DEPARTEMENTALE 3,14.59928,-60.99885,Nuit sans éclairage public,Hors agglomération,Hors intersection,Normale,Deux véhicules - côté,3,2,2,0,1,1,1,2,1,50,2,2,0,0,0,2,28.0,51.0,voiture,voiture,3,1,1,1,3
202400008891,2024-06-20 10:35:00,2024,6,20,10,35,972,97213,ROUTE NATIONALE 1,14.62375,-60.9879,Plein jour,En agglomération,Giratoire,Normale,Deux véhicules - arrière,2,2,2,0,1,1,1,0,1,70,2,4,0,0,0,4,43.0,54.0,voiture,voiture,1,2,6,1,2
202400008891,2024-06-20 10:35:00,2024,6,20,10,35,972,97213,ROUTE NATIONALE 1,14.62375,-60.9879,Plein jour,En agglomération,Giratoire,Normale,Deux véhicules - arrière,2,2,6,0,1,1,1,0,1,90,2,4,0,0,0,4,43.0,54.0,voiture,voiture,1,2,6,1,2
202400008892,2024-06-23 03:29:00,2024,6,23,3,29,972,97213,ROUTE DEPARTEMENTALE 15,14.64805,-61.01054,Nuit avec éclairage allumé,Hors agglomération,Hors intersection,Normale,Deux véhicules - frontale,3,2,2,0,1,1,1,0,1,60,2,2,1,0,0,1,48.0,22.0,voiture,voiture,5,1,1,1,1
202400008893,2024-06-11 07:55:00,2024,6,11,7,55,972,97213,ROUTE DEPARTEMENTALE 3 BIS,14.65561,-60.98609,Plein jour,Hors agglomération,Hors intersection,Normale,Deux véhicules - frontale,3,2,2,0,1,1,1,0,1,70,2,6,2,0,0,4,28.0,61.0,voiture,transport_commun,1,1,1,1,1
202400008894,2024-06-07 02:20:00,2024,6,7,2,20,972,97213,ROUTE DEPARTEMENTALE 15,14.6222,-61.006552,Nuit avec éclairage allumé,En agglomération,Giratoire,Normale,Autre collision,3,-1,2,0,1,3,1,0,8,50,1,1,0,0,0,1,24.0,,deux_roues,,5,2,6,1,6
202400008895,2024-06-08 08:00:00,2024,6,8,8,0,59,59305,AUTOROUTE A25,50.88778,2.51287,Plein jour,Hors agglomération,Hors intersection,Normale,Deux véhicules - arrière,1,-1,2,0,1,1,1,0,1,110,2,2,1,0,0,1,30.0,57.0,voiture,utilitaire_camion,1,1,1,1,2
202400008896,2024-09-20 16:15:00,2024,9,20,16,15,43,43040,rue gustave eiffel,45.315122,3.374943,Plein jour,En agglomération,Hors intersection,Normale,Autre collision,6,-1, -1,0,1,1,1,0,8,15,1,3,2,0,1,0,66.0,,voiture,,1,2,1,1,6
202400008897,2024-12-28 17:50:00,2024,12,28,17,50,02,02359,,49.812486,3.288656,Nuit sans éclairage public,Hors agglomération,Hors intersection,Brouillard / fumée,Autre collision,3,1, -1,0,1,1,2,0,1,-1,1,4,2,1,0,1,55.0,,voiture,,3,1,1,5,6
202400008898,2024-10-27 16:15:00,2024,10,27,16,15,73,73151,D201 Route des Marches,45.50261981,6.03810489,Plein jour,Hors agglomération,Intersection en T,Temps éblouissant,Deux véhicules - frontale,3,2,2,2,1,1,1,5,1,70,2,2,1,0,1,0,73.0,47.0,deux_roues,voiture,1,1,3,7,1
202400008898,2024-10-27 16:15:00,2024,10,27,16,15,73,73151,D201 Route des Marches,45.50261981,6.03810489,Plein jour,Hors agglomération,Intersection en T,Temps éblouissant,Deux véhicules - frontale,3,2,2,2,1,2,1,0,1,70,2,2,1,0,1,0,73.0,47.0,deux_roues,voiture,1,1,3,7,1
202400008899,2024-10-26 14:05:00,2024,10,26,14,5,73,73213,Autoroute A43 - PK 096.600,45.55539705,5.95339887,Plein jour,Hors agglomération,Hors intersection,Normale,Autre collision,1,3,6,0,1,2,1,0,1,90,1,4,0,0,1,3,60.0,,voiture,,1,1,1,1,6
202400008900,2024-06-22 10:25:00,2024,6,22,10,25,84,84089,Route de la Bonde,43.706546,5.504943,Plein jour,Hors agglomération,Intersection en X,Normale,Trois véhicules et plus - en chaîne,3,2,2,0,1,1,1,0,1,80,3,3,2,0,0,1,,40.0,voiture,utilitaire_camion,1,1,2,1,4
202400008900,2024-06-22 10:25:00,2024,6,22,10,25,84,84089,Route de la Bonde,43.706546,5.504943,Plein jour,Hors agglomération,Intersection en X,Normale,Trois véhicules et plus - en chaîne,3,-1, -1,-1,1,1,1,0,1,-1,3,3,2,0,0,1,,40.0,voiture,utilitaire_camion,1,1,2,1,4
202400008901,2024-09-27 17:30:00,2024,9,27,17,30,84,84086,D900,43.86235,5.177414,Plein jour,Hors agglomération,Autre intersection,Normale,Trois véhicules et plus - en chaîne,3,2,2,0,1,1,1,0,1,80,3,3,1,0,1,1,30.0,48.0,voiture,utilitaire_camion,1,1,9,1,4
202400008902,2024-10-25 17:00:00,2024,10,25,17,0,19,19058,D47,45.484526,2.153374,Plein jour,Hors agglomération,Hors intersection,Temps couvert,Autre collision,3,2,2,0,1,4,1,0,1,90,2,2,1,0,1,0,73.0,51.0,voiture,deux_roues,1,1,1,8,6
202400008903,2024-11-06 04:00:00,2024,11,6,4,0,19,19274,avenue du griffolet,45.163801,1.481577,Nuit sans éclairage public,En agglomération,Hors intersection,Brouillard / fumée,Deux véhicules - arrière,3,2,2,0,1,1,1,0,1,70,2,2,1,1,0,0,44.0,23.0,utilitaire_camion,deux_roues,3,2,1,5,2
202400008904,2024-10-24 16:35:00,2024,10,24,16,35,19,19106,Barrierot,45.305074,2.14073,Plein jour,Hors agglomération,Intersection en T,Normale,Sans collision,3,2,2,0,1,3,1,0,3,90,1,4,3,0,0,1,50.0,,voiture,,1,1,3,1,7
202400008904,2024-10-24 16:35:00,2024,10,24,16,35,19,19106,Barrierot,45.305074,2.14073,Plein jour,Hors agglomération,Intersection en T,Normale,Sans collision,3,2, -1,-1,1,1,1,0,1,90,1,4,3,0,0,1,50.0,,voiture,,1,1,3,1,7
202400008905,2024-08-05 17:35:00,2024,8,5,17,35,19,19228,18 Le Bourg,45.32462105,2.20503151,Plein jour,En agglomération,Autre intersection,Normale,Deux véhicules - côté,3,2,2,0,1,1,1,0,1,50,2,2,1,0,1,0,9.0,62.0,deux_roues,voiture,1,2,9,1,3
202400008906,2024-11-11 18:30:00,2024,11,11,18,30,42,42218,Rue de la Montat,45.441,4.40359,Nuit avec éclairage allumé,En agglomération,Hors intersection,Temps couvert,Trois véhicules et plus - collisions multiples,4,2,2,0,1,1,1,0,1,50,3,4,1,0,2,1,17.0,37.0,voiture,voiture,5,2,1,8,5
202400008907,2024-11-29 16:00:00,2024,11,29,16,0,68,68149,ALSACE ( AVENUE ),47.60045598,7.58401206,Plein jour,Hors agglomération,Giratoire,Normale,Deux véhicules - arrière,3,1,2,0,1,2,1,5,1,50,2,3,2,0,1,0,56.0,20.0,deux_roues,voiture,1,1,6,1,2
202400008907,2024-11-29 16:00:00,2024,11,29,16,0,68,68149,ALSACE ( AVENUE ),47.60045598,7.58401206,Plein jour,Hors agglomération,Giratoire,Normale,Deux véhicules - arrière,3,-1,2,0,1,3,1,5,1,50,2,3,2,0,1,0,56.0,20.0,deux_roues,voiture,1,1,6,1,2
202400008908,2024-08-22 21:10:00,2024,8,22,21,10,33,33281,,44.84662,-0.72067,Plein jour,Hors agglomération,Intersection en T,Normale,Autre collision,4,2,2,0,1,1,1,0,1,70,2,3,2,1,0,0,29.0,46.0,deux_roues,voiture,1,1,3,1,6
202400008908,2024-08-22 21:10:00,2024,8,22,21,10,33,33281,,44.84662,-0.72067,Plein jour,Hors agglomération,Intersection en T,Normale,Autre collision,4,2,2,2,1,1,1,0,1,70,2,3,2,1,0,0,29.0,46.0,deux_roues,voiture,1,1,3,1,6
202400008909,2024-08-28 13:00:00,2024,8,28,13,0,27,27082,D830,49.002266,1.051083,Plein jour,Hors agglomération,Hors intersection,Normale,Deux véhicules - frontale,3,2,2,0,1,1,1,0,1,80,2,2,1,0,1,0,30.0,44.0,voiture,deux_roues,1,1,1,1,1