accident_id,datetime,annee,mois,jour,heure,minute,departement,commune_insee,adresse,latitude,longitude,luminosite,agglomeration,intersection,meteo,collision,catr,circ,nbv,vosp,prof,plan,surf,infra,situ,vma,nb_vehicules,nb_usagers,nb_indemnes,nb_tues,nb_blesses_hosp,nb_blesses_legers,age_cond_1,age_cond_2,veh_type_cond_1,veh_type_cond_2,lum_code,agg_code,int_code,atm_code,col_code
202400008975,2024-06-03 12:55:00,2024,6,3,12,55,75,75109,RUE DE CLICHY,48.878989,2.329588,Plein jour,En agglomération,Intersection en T,Normale,Deux véhicules - frontale,4,2,2,2,2,1,1,0,5,30,2,2,1,0,0,1,30.0,33.0,utilitaire_camion,deux_roues,1,2,3,1,1
202400008975,2024-06-03 12:55:00,2024,6,3,12,55,75,75109,RUE DE CLICHY,48.878989,2.329588,Plein jour,En agglomération,Intersection en T,Normale,Deux véhicules - frontale,4,1,1,0,1,1,1,0,1,30,2,2,1,0,0,1,30.0,33.0,utilitaire_camion,deux_roues,1,2,3,1,1
202400008976,2024-06-03 15:02:00,2024,6,3,15,2,75,75107,AVENUE DE LA BOURDONNAIS,48.859907,2.296742,Plein jour,En agglomération,Intersection en T,Normale,Autre collision,4,2,2,0,1,1,1,0,1,30,1,2,1,0,0,1,24.0,,transport_commun,,1,2,3,1,6
202400008976,2024-06-03 15:02:00,2024,6,3,15,2,75,75107,AVENUE DE LA BOURDONNAIS,48.859907,2.296742,Plein jour,En agglomération,Intersection en T,Normale,Autre collision,4,1, -1,-1,1,1,1,0,1,30,1,2,1,0,0,1,24.0,,transport_commun,,1,2,3,1,6
202400008977,2024-06-03 08:45:00,2024,6,3,8,45,75,75115,RUE GASTON BOISSIER,48.829341,2.294969,Plein jour,En agglomération,Hors intersection,Normale,Deux véhicules - côté,4,2,3,3,1,1,1,0,1,30,2,2,1,0,0,1,31.0,24.0,deux_roues,voiture,1,2,1,1,3
202400008978,2024-06-03 19:15:00,2024,6,3,19,15,75,75101,RUE CAMBON,48.867444,2.326212,Plein jour,En agglomération,Intersection en X,Normale,Deux véhicules - arrière,4,1, -1,-1,1,1,1,0,1,30,2,2,1,0,0,1,53.0,42.0,utilitaire_camion,deux_roues,1,2,2,1,2
202400008978,2024-06-03 19:15:00,2024,6,3,19,15,75,75101,RUE CAMBON,48.867444,2.326212,Plein jour,En agglomération,Intersection en X,Normale,Deux véhicules - arrière,4,1,1,0,1,1,1,0,1,30,2,2,1,0,0,1,53.0,42.0,utilitaire_camion,deux_roues,1,2,2,1,2
202400008979,2024-06-02 02:50:00,2024,6,2,2,50,94,94067,Avenue de Paris / Avenue Aubert,48.84591,2.42369,Nuit avec éclairage allumé,En agglomération,Intersection en X,Normale,Deux véhicules - côté,3,2,2,2,1,1,1,5,1,50,2,2,1,0,0,1,33.0,31.0,deux_roues,voiture,5,2,2,1,3
202400008979,2024-06-02 02:50:00,2024,6,2,2,50,94,94067,Avenue de Paris / Avenue Aubert,48.84591,2.42369,Nuit avec éclairage allumé,En agglomération,Intersection en X,Normale,Deux véhicules - côté,3,1,1,0,1,1,1,5,1,50,2,2,1,0,0,1,33.0,31.0,deux_roues,voiture,5,2,2,1,3
202400008980,2024-06-03 07:30:00,2024,6,3,7,30,94,94068,Avenue François Adam / Rue du Docteur Roux,48.79246,2.49153,Plein jour,En agglomération,Intersection en X,Normale,Deux véhicules - côté,4,2,2,0,1,1,1,0,1,30,2,2,1,0,0,1,66.0,49.0,utilitaire_camion,utilitaire_camion,1,2,2,1,3
202400008981,2024-06-03 14:25:00,2024,6,3,14,25,94,94041,Rue Pierre et Marie Curie / Avenue de Verdun,48.81308,2.37082,Plein jour,En agglomération,Intersection en X,Normale,Autre collision,3,2,2,0,1,1,1,0,1,50,1,2,1,0,0,1,28.0,,deux_roues,,1,2,2,1,6
202400008981,2024-06-03 14:25:00,2024,6,3,14,25,94,94041,Rue Pierre et Marie Curie / Avenue de Verdun,48.81308,2.37082,Plein jour,En agglomération,Intersection en X,Normale,Autre collision,3,3,2,0,1,1,1,0,1,-1,1,2,1,0,0,1,28.0,,deux_roues,,1,2,2,1,6
202400008982,2024-06-02 21:17:00,2024,6,2,21,17,94,94076,Rue Marcel Grosménil,48.796529,2.354644,Plein jour,En agglomération,Hors intersection,Normale,Autre collision,4,2,2,0,1,1,1,0,1,50,1,1,0,0,0,1,22.0,,deux_roues,,1,2,1,1,6
202400008983,2024-06-03 15:30:00,2024,6,3,15,30,94,94019,Rue Rabelais / Route du Plessis,48.8047203,2.55413774,Plein jour,En agglomération,Giratoire,Normale,Autre collision,3,2,2,2,1,1,1,0,1,-1,1,2,1,0,1,0,71.0,,voiture,,1,2,6,1,6
202400008983,2024-06-03 15:30:00,2024,6,3,15,30,94,94019,Rue Rabelais / Route du Plessis,48.8047203,2.55413774,Plein jour,En agglomération,Giratoire,Normale,Autre collision,3,2,2,0,1,1,1,0,1,50,1,2,1,0,1,0,71.0,,voiture,,1,2,6,1,6
202400008984,2024-10-20 15:15:00,2024,10,20,15,15,52,52093,D17,47.79781344,5.41897894,Plein jour,Hors agglomération,Hors intersection,Normale,Autre collision,3,2,2,0,1,4,1,0,3,80,1,2,1,0,1,0,27.0,,voiture,,1,1,1,1,6
202400008985,2024-06-03 11:10:00,2024,6,3,11,10,94,94075,Avenue du Mal de Lattre de Tassigny / Route de la Grange,48.73429828,2.52032161,Plein jour,En agglomération,Intersection en T,Normale,Trois véhicules et plus - collisions multiples,2,3,4,0,1,1,1,5,1,50,3,3,2,0,1,0,38.0,26.0,voiture,deux_roues,1,2,3,1,5
202400008985,2024-06-03 11:10:00,2024,6,3,11,10,94,94075,Avenue du Mal de Lattre de Tassigny / Route de la Grange,48.73429828,2.52032161,Plein jour,En agglomération,Intersection en T,Normale,Trois véhicules et plus - collisions multiples,2,2,2,0,1,1,1,5,1,50,3,3,2,0,1,0,38.0,26.0,voiture,deux_roues,1,2,3,1,5
202400008986,2024-10-16 20:14:00,2024,10,16,20,14,88,88116,Route du Menil,47.938319,6.82664,Nuit sans éclairage public,Hors agglomération,Hors intersection,Pluie légère,Sans collision,3,2,2,0,1,1,2,0,1,80,1,1,0,1,0,0,21.0,,deux_roues,,3,1,1,2,7
202400008987,2024-06-03 09:00:00,2024,6,3,9,0,93,93062,Allée des Coteaux / Avenue Thiers,48.89701,2.52304,Plein jour,En agglomération,Intersection en X,Normale,Deux véhicules - côté,3,2,2,0,1,1,1,0,1,-1,2,2,1,0,0,1,44.0,69.0,deux_roues,voiture,1,2,2,1,3
202400008987,2024-06-03 09:00:00,2024,6,3,9,0,93,93062,Allée des Coteaux / Avenue Thiers,48.89701,2.52304,Plein jour,En agglomération,Intersection en X,Normale,Deux véhicules - côté,3,2,2,0,1,1,1,0,1,50,2,2,1,0,0,1,44.0,69.0,deux_roues,voiture,1,2,2,1,3
202400008988,2024-06-02 21:40:00,2024,6,2,21,40,93,93057,Allée du Colonel Fabien / Allée de l'Enclos Fleury,48.912472,2.505736,Nuit avec éclairage allumé,En agglomération,Intersection en X,Normale,Deux véhicules - côté,4,1,1,0,1,1,1,0,1,50,2,2,1,0,0,1,30.0,42.0,voiture,voiture,5,2,2,1,3
202400008989,2024-10-20 03:30:00,2024,10,20,3,30,95,95678,N184,49.07329,2.241898,Nuit sans éclairage public,Hors agglomération,Hors intersection,Pluie légère,Autre collision,2,1,2,0,2,2,2,2,1,90,1,3,2,0,0,1,,,voiture,,3,1,1,2,6
202400008990,2024-06-02 20:19:00,2024,6,2,20,19,93,93001,Rue des Postes / Rue des Quatre Chemins,48.903563,2.389723,Plein jour,En agglomération,Intersection en T,Normale,Deux véhicules - côté,4,1,1,2,1,1,1,9,1,50,2,3,2,0,0,1,24.0,,voiture,deux_roues,1,2,3,1,3
202400008990,2024-06-02 20:19:00,2024,6,2,20,19,93,93001,Rue des Postes / Rue des Quatre Chemins,48.903563,2.389723,Plein jour,En agglomération,Intersection en T,Normale,Deux véhicules - côté,4,1,1,0,1,1,1,9,1,50,2,3,2,0,0,1,24.0,,voiture,deux_roues,1,2,3,1,3
202400008991,2024-10-20 10:15:00,2024,10,20,10,15,973,97309,Route de Montjoly,4.925293,-52.286167,Plein jour,En agglomération,Hors intersection,Normale,Autre collision,3,2,2,1,1,1,1,0,5,50,1,2,1,0,0,1,27.0,,deux_roues,,1,2,1,1,6
202400008992,2024-06-03 18:40:00,2024,6,3,18,40,92,92046,JULES GUESDE (RUE),48.81402,2.28707,Plein jour,En agglomération,Hors intersection,Normale,Autre collision,4,1,1,0,1,1,1,0,1,30,1,2,1,0,1,0,33.0,,voiture,,1,2,1,1,6
202400008993,2024-06-03 15:30:00,2024,6,3,15,30,92,92064,GEORGES CLEMENCEAU,48.84144351,2.22123814,Plein jour,En agglomération,Autre intersection,Normale,Deux véhicules - arrière,4,4,2,0,2,2,1,1,1,50,2,2,1,0,0,1,69.0,24.0,deux_roues,utilitaire_camion,1,2,9,1,2
202400008994,2024-10-19 05:30:00,2024,10,19,5,30,987,98715,RT 1 PK 6.100,-17.564586,-149.612178,Plein jour,En agglomération,Hors intersection,Normale,Deux véhicules - côté,2,2,2,0,1,1,1,0,1,40,2,3,2,0,1,0,30.0,48.0,voiture,deux_roues,1,2,1,1,3
202400008995,2024-06-03 21:20:00,2024,6,3,21,20,92,92050,NATIONAL (BOULEVARD),48.89012471,2.18063687,Plein jour,En agglomération,Intersection en X,Normale,Deux véhicules - côté,4,2,2,0,1,1,1,0,1,50,2,2,0,0,0,2,33.0,26.0,deux_roues,deux_roues,1,2,2,1,3
202400008995,2024-06-03 21:20:00,2024,6,3,21,20,92,92050,NATIONAL (BOULEVARD),48.89012471,2.18063687,Plein jour,En agglomération,Intersection en X,Normale,Deux véhicules - côté,4,2,2,0,1,1,1,0,1,50,2,2,0,0,0,2,33.0,26.0,deux_roues,deux_roues,1,2,2,1,3
202400008996,2024-06-03 02:30:00,2024,6,3,2,30,92,92051,SAINTE FOY (AVENUE),48.88698365,2.26478049,Nuit avec éclairage allumé,En agglomération,Hors intersection,Normale,Autre collision,4,2,2,0,1,1,1,0,1,50,1,1,0,0,0,1,30.0,,deux_roues,,5,2,1,1,6
202400008997,2024-10-19 21:45:00,2024,10,19,21,45,69,69027,Route Départementale 342,45.680302,4.768238,Nuit sans éclairage public,En agglomération,Intersection en T,Normale,Autre collision,3,2,2,0,2,1,1,0,3,-1,1,1,0,0,1,0,16.0,,voiture,,3,2,3,1,6
202400008997,2024-10-19 21:45:00,2024,10,19,21,45,69,69027,Route Départementale 342,45.680302,4.768238,Nuit sans éclairage public,En agglomération,Intersection en T,Normale,Autre collision,3,3,4,0,1,1,1,0,3,-1,1,1,0,0,1,0,16.0,,voiture,,3,2,3,1,6
202400008998,2024-06-03 18:30:00,2024,6,3,18,30,92,92050,SAINT CLOUD RUE DE,48.88574,2.20106,Plein jour,En agglomération,Intersection en T,Normale,Deux véhicules - côté,4,1,2,0,2,1,1,0,1,50,2,3,1,0,0,2,18.0,39.0,deux_roues,voiture,1,2,3,1,3
202400008998,2024-06-03 18:30:00,2024,6,3,18,30,92,92050,SAINT CLOUD RUE DE,48.88574,2.20106,Plein jour,En agglomération,Intersection en T,Normale,Deux véhicules - côté,4,1,2,0,2,1,1,0,1,50,2,3,1,0,0,2,18.0,39.0,deux_roues,voiture,1,2,3,1,3
202400008999,2024-06-03 11:01:00,2024,6,3,11,1,92,92023,NORMANDIE (RUE DE),48.78430712,2.24109507,Plein jour,En agglomération,Hors intersection,Normale,Autre collision,4,-1,1,0,1,1,1,0,1,30,1,2,1,0,0,1,46.0,,voiture,,1,2,1,1,6
202400009000,2024-10-19 11:45:00,2024,10,19,11,45,72,72175,D 13,47.707231,0.093609,Plein jour,Hors agglomération,Intersection en T,Normale,Sans collision,3,2,2,0,1,1,2,0,3,80,1,1,0,0,0,1,74.0,,deux_roues,,1,1,3,1,7
202400009000,2024-10-19 11:45:00,2024,10,19,11,45,72,72175,D 13,47.707231,0.093609,Plein jour,Hors agglomération,Intersection en T,Normale,Sans collision,3,2, -1,-1,1,1,1,0,1,-1,1,1,0,0,0,1,74.0,,deux_roues,,1,1,3,1,7
202400009001,2024-06-03 14:50:00,2024,6,3,14,50,92,92007,HUGO (AVENUE VICTOR),48.80540431,2.32367098,Plein jour,En agglomération,Hors intersection,Normale,Autre collision,3,2,4,1,1,1,1,0,1,50,1,1,0,0,0,1,59.0,,voiture,,1,2,1,1,6
202400009002,2024-10-16 09:00:00,2024,10,16,9,0,971,97125,Chemin militaire,16.262326,-61.28545,Plein jour,En agglomération,Hors intersection,Normale,Deux véhicules - arrière,4,2,2,0,2,1,1,0,1,50,2,2,1,0,1,0,30.0,74.0,voiture,deux_roues,1,2,1,1,2
202400009003,2024-06-04 18:40:00,2024,6,4,18,40,50,50027,La Chauviniere,48.692968,-1.441306,Plein jour,Hors agglomération,Intersection en X,Temps couvert,Deux véhicules - côté,3,2,2,0,1,1,1,0,1,80,2,2,1,0,1,0,42.0,67.0,deux_roues,utilitaire_camion,1,1,2,8,3
202400009003,2024-06-04 18:40:00,2024,6,4,18,40,50,50027,La Chauviniere,48.692968,-1.441306,Plein jour,Hors agglomération,Intersection en X,Temps couvert,Deux véhicules - côté,3,2,2,0,1,1,1,0,1,80,2,2,1,0,1,0,42.0,67.0,deux_roues,utilitaire_camion,1,1,2,8,3
202400009004,2024-06-04 05:30:00,2024,6,4,5,30,06,06054,Ligne de Nice à Breil-sur-Roya (Pont),43.764508,7.323745,Crépuscule ou aube,Hors agglomération,Hors intersection,Normale,Autre collision,3,2,2,0,1,1,1,0,1,70,1,2,0,0,0,2,51.0,,deux_roues,,2,1,1,1,6
202400009005,2024-10-20 15:00:00,2024,10,20,15,0,33,33199,,44.62439,-1.065897,Plein jour,En agglomération,Hors intersection,Normale,Deux véhicules - frontale,3,2,2,0,1,1,1,0,1,50,2,3,1,0,1,1,52.0,70.0,voiture,voiture,1,2,1,1,1
202400009006,2024-06-04 15:34:00,2024,6,4,15,34,95,95480,D4,49.10975927,2.2063714,Plein jour,En agglomération,Hors intersection,Normale,Autre collision,3,1,2,0,1,1,1,0,4,50,1,1,0,0,1,0,63.0,,deux_roues,,1,2,1,1,6
202400009007,2024-10-19 01:30:00,2024,10,19,1,30,91,91671,D191,48.457729,2.26173,Nuit sans éclairage public,En agglomération,Hors intersection,Pluie légère,Autre collision,3,2,2,0,1,1,2,0,8,50,1,1,0,0,1,0,20.0,,voiture,,3,2,1,2,6
202400009008,2024-06-04 13:40:00,2024,6,4,13,40,95,95052,D78,49.14441853,2.28575268,Plein jour,En agglomération,Autre intersection,Normale,Autre collision,3,1,2,0,4,3,1,0,1,50,2,3,2,0,1,0,77.0,58.0,voiture,voiture,1,2,9,1,6
202400009009,2024-10-20 14:30:00,2024,10,20,14,30,66,66171,Boulevard Aristide Maillol,42.62901,3.033702,Plein jour,En agglomération,Hors intersection,Normale,Deux véhicules - côté,4,3,2,1,1,1,1,0,1,50,2,2,1,0,0,1,64.0,56.0,deux_roues,voiture,1,2,1,1,3
202400009010,2024-06-03 13:30:00,2024,6,3,13,30,49,49188,La Croix des Landes,47.574702,-0.322874,Plein jour,Hors agglomération,Hors intersection,Normale,Sans collision,4,2,2,0,1,2,1,0,3,70,1,1,0,0,1,0,19.0,,voiture,,1,1,1,1,7
202400009011,2024-10-19 22:00:00,2024,10,19,22,0,66,66037,RD 617,42.706533,2.988957,Nuit sans éclairage public,Hors agglomération,Hors intersection,Normale,Autre collision,3,3,4,0,3,1,1,5,1,90,1,2,1,0,1,0,68.0,,voiture,,3,1,1,1,6
202400009012,2024-06-03 10:45:00,2024,6,3,10,45,63,63349,lafont,45.94562,2.869905,Plein jour,Hors agglomération,Hors intersection,Brouillard / fumée,Deux véhicules - côté,3,2,2,0,2,3,2,0,1,90,2,2,0,0,2,0,48.0,66.0,voiture,voiture,1,1,1,5,3
202400009013,2024-10-19 07:10:00,2024,10,19,7,10,34,34067,D 4,43.915153,3.702039,Nuit sans éclairage public,Hors agglomération,Hors intersection,Pluie légère,Autre collision,3,2,2,0,4,1,2,0,1,70,1,1,0,0,1,0,19.0,,voiture,,3,1,1,2,6
202400009014,2024-06-03 15:20:00,2024,6,3,15,20,62,62166,D916,50.45563669,2.39007065,Plein jour,Hors agglomération,Hors intersection,Normale,Deux véhicules - côté,3,2,2,0,1,1,1,0,1,80,2,2,1,0,1,0,75.0,66.0,voiture,deux_roues,1,1,1,1,3
202400009015,2024-06-04 07:15:00,2024,6,4,7,15,83,83018,D13 PK 2.400,43.33514587,6.17702355,Plein jour,Hors agglomération,Hors intersection,Normale,Autre collision,3,2,2,0,1,1,1,0,1,90,1,2,0,0,0,2,40.0,,deux_roues,,1,1,1,1,6
202400009016,2024-10-19 16:21:00,2024,10,19,16,21,05,05038,D902,44.71925446,6.76142514,Plein jour,Hors agglomération,Hors intersection,Pluie légère,Autre collision,3,2,2,0,2,1,2,0,3,90,1,2,1,0,0,1,74.0,,voiture,,1,1,1,2,6
202400009017,2024-10-20 12:00:00,2024,10,20,12,0,04,04197,rd 4096,43.789243,5.771792,Plein jour,En agglomération,Hors intersection,Normale,Autre collision,3,2,2,0,1,1,1,9,1,50,1,1,0,0,1,0,82.0,,deux_roues,,1,2,1,1,6
202400009018,2024-06-03 14:30:00,2024,6,3,14,30,30,30047,D6113,43.795098,4.422442,Plein jour,Hors agglomération,Intersection en T,Normale,Deux véhicules - arrière,3,3,2,0,3,3,1,0,1,80,2,2,1,0,1,0,20.0,73.0,utilitaire_camion,voiture,1,1,3,1,2
202400009018,2024-06-03 14:30:00,2024,6,3,14,30,30,30047,D6113,43.795098,4.422442,Plein jour,Hors agglomération,Intersection en T,Normale,Deux véhicules - arrière,3,2,2,-1,1,1,1,0,1,-1,2,2,1,0,1,0,20.0,73.0,utilitaire_camion,voiture,1,1,3,1,2
202400009019,2024-10-20 09:00:00,2024,10,20,9,0,03,03187,Route de Gayette,46.347935,3.452625,Plein jour,Hors agglomération,Hors intersection,Normale,Autre collision,3,2,2,0,1,2,1,0,8,80,1,3,0,0,3,0,23.0,,voiture,,1,1,1,1,6
202400009020,2024-06-04 09:45:00,2024,6,4,9,45,56,56158,giratoire Kroashent-tro Flumir,47.699838,-2.796106,Plein jour,Hors agglomération,Giratoire,Normale,Deux véhicules - côté,3,2,2,0,1,3,1,5,1,80,2,2,1,0,1,0,74.0,65.0,deux_roues,voiture,1,1,6,1,3
202400009021,2024-06-03 10:15:00,2024,6,3,10,15,77,77239,D231,48.655636,3.14945,Plein jour,Hors agglomération,Intersection en X,Normale,Deux véhicules - côté,3,2,2,0,1,1,1,0,1,90,2,2,1,0,0,1,28.0,59.0,utilitaire_camion,voiture,1,1,2,1,3
202400009021,2024-06-03 10:15:00,2024,6,3,10,15,77,77239,D231,48.655636,3.14945,Plein jour,Hors agglomération,Intersection en X,Normale,Deux véhicules - côté,3,2,2,0,1,1,1,0,1,80,2,2,1,0,0,1,28.0,59.0,utilitaire_camion,voiture,1,1,2,1,3
202400009022,2024-05-15 23:50:00,2024,5,15,23,50,61,61211,D827,48.542423,-0.578665,Nuit avec éclairage non allumé,En agglomération,Hors intersection,Normale,Autre collision,3,2,2,0,2,2,1,0,4,50,1,1,0,0,1,0,35.0,,deux_roues,,4,2,1,1,6
202400009023,2024-10-20 14:05:00,2024,10,20,14,5,01,01396,D122,45.872277,5.385801,Plein jour,Hors agglomération,Hors intersection,Normale,Trois véhicules et plus - collisions multiples,3,2,2,0,1,1,1,0,1,80,3,5,1,0,0,4,22.0,24.0,utilitaire_camion,utilitaire_camion,1,1,1,1,5
202400009024,2024-06-04 20:00:00,2024,6,4,20,0,55,55010,Chemin de Chancenay,48.64269,5.021476,Plein jour,Hors agglomération,Hors intersection,Normale,Autre collision,9,2,2,0,1,1,1,0,1,-1,1,2,0,0,0,2,25.0,,deux_roues,,1,1,1,1,6
202400009025,2024-06-03 18:10:00,2024,6,3,18,10,49,49167,Route des Coteaux,47.403534,-0.500146,Plein jour,Hors agglomération,Hors intersection,Normale,Deux véhicules - frontale,3,2,2,2,1,1,1,0,1,70,2,2,1,0,1,0,51.0,26.0,voiture,deux_roues,1,1,1,1,1
202400009026,2024-10-19 15:25:00,2024,10,19,15,25,17,17308,Avenue de Villeneuve,45.871377,-0.960083,Plein jour,En agglomération,Intersection en X,Normale,Trois véhicules et plus - en chaîne,3,2,2,0,2,1,1,0,1,50,5,5,4,0,0,1,59.0,22.0,voiture,deux_roues,1,2,2,1,4
202400009026,2024-10-19 15:25:00,2024,10,19,15,25,17,17308,Avenue de Villeneuve,45.871377,-0.960083,Plein jour,En agglomération,Intersection en X,Normale,Trois véhicules et plus - en chaîne,3,2,2,0,2,1,1,0,1,50,5,5,4,0,0,1,59.0,22.0,voiture,deux_roues,1,2,2,1,4
202400009027,2024-06-03 20:28:00,2024,6,3,20,28,25,25620,D437,47.008648,6.480476,Crépuscule ou aube,Hors agglomération,Hors intersection,Pluie légère,Deux véhicules - frontale,3,3,2,0,1,2,2,0,8,90,2,3,2,1,0,0,24.0,26.0,voiture,voiture,2,1,1,2,1
202400009028,2024-06-04 12:50:00,2024,6,4,12,50,25,25482,D67,47.26792,5.836685,Plein jour,Hors agglomération,Hors intersection,Normale,Autre collision,3,2,2,0,1,1,1,0,3,90,1,1,0,0,1,0,22.0,,utilitaire_camion,,1,1,1,1,6
202400009029,2024-10-18 23:30:00,2024,10,18,23,30,40,40244,D824,43.703444,-1.17794,Nuit sans éclairage public,Hors agglomération,Hors intersection,Pluie légère,Autre collision,3,3,2,0,1,1,2,0,8,110,1,3,0,0,1,2,27.0,,voiture,,3,1,1,2,6
202400009030,2024-10-20 06:30:00,2024,10,20,6,30,24,24382,Route de Sarlat,44.841276,0.667167,Nuit sans éclairage public,Hors agglomération,Hors intersection,Normale,Autre collision,3,2,2,0,1,1,1,0,3,80,1,1,0,1,0,0,26.0,,voiture,,3,1,1,1,6
202400009031,2024-06-02 15:50:00,2024,6,2,15,50,44,44092,1 Rue de la Grotte,47.671984,-1.912522,Plein jour,En agglomération,Hors intersection,Normale,Trois véhicules et plus - en chaîne,3,2,2,0,1,1,1,0,1,50,3,4,2,0,0,2,61.0,59.0,deux_roues,deux_roues,1,2,1,1,4
202400009032,2024-06-03 16:45:00,2024,6,3,16,45,07,07010,Avenue Ferdinand Janvier,45.26298899,4.6672073,Plein jour,Hors agglomération,Intersection en T,Temps éblouissant,Deux véhicules - côté,3,2,2,0,1,3,1,5,1,50,2,2,1,0,0,1,16.0,40.0,deux_roues,voiture,1,1,3,7,3
202400009032,2024-06-03 16:45:00,2024,6,3,16,45,07,07010,Avenue Ferdinand Janvier,45.26298899,4.6672073,Plein jour,Hors agglomération,Intersection en T,Temps éblouissant,Deux véhicules - côté,3,2, -1,-1,1,1,1,0,1,-1,2,2,1,0,0,1,16.0,40.0,deux_roues,voiture,1,1,3,7,3
202400009033,2024-06-02 22:50:00,2024,6,2,22,50,40,40267,37 Allées Gaston Phoebus,43.977769,-0.233114,Nuit avec éclairage allumé,En agglomération,Hors intersection,Normale,Autre collision,3,2,2,0,1,2,1,0,8,50,1,1,0,0,1,0,37.0,,voiture,,5,2,1,1,6
202400009034,2024-10-19 21:00:00,2024,10,19,21,0,50,50294,D352,49.602436,-1.638293,Nuit sans éclairage public,Hors agglomération,Hors intersection,Normale,Autre collision,3,2,2,0,1,2,1,0,3,-1,1,8,7,0,0,1,22.0,,utilitaire_camion,,3,1,1,1,6
202400009035,2024-06-03 12:20:00,2024,6,3,12,20,24,24291,124 Route de Sarlat,45.064098,1.17656,Plein jour,Hors agglomération,Hors intersection,Normale,Deux véhicules - côté,3,2,2,0,1,1,1,0,1,70,2,3,2,0,1,0,67.0,30.0,voiture,utilitaire_camion,1,1,1,1,3
202400009036,2024-10-20 04:26:00,2024,10,20,4,26,80,80105,D930,49.743487,2.884748,Nuit sans éclairage public,Hors agglomération,Intersection en X,Normale,Deux véhicules - côté,3,2,2,0,1,1,2,0,1,80,2,3,1,0,2,0,39.0,28.0,utilitaire_camion,voiture,3,1,2,1,3
202400009036,2024-10-20 04:26:00,2024,10,20,4,26,80,80105,D930,49.743487,2.884748,Nuit sans éclairage public,Hors agglomération,Intersection en X,Normale,Deux véhicules - côté,3,2,2,0,1,1,2,0,1,80,2,3,1,0,2,0,39.0,28.0,utilitaire_camion,voiture,3,1,2,1,3
202400009037,2024-06-04 17:00:00,2024,6,4,17,0,30,30268,970 Route Departementale 59,44.231732,4.145746,Plein jour,Hors agglomération,Hors intersection,Normale,Deux véhicules - côté,3,2,2,0,3,1,1,0,1,70,2,2,0,1,0,1,45.0,45.0,autre,deux_roues,1,1,1,1,3
202400009038,2024-06-02 10:30:00,2024,6,2,10,30,08,08449,,49.711549,4.553919,Plein jour,Hors agglomération,Hors intersection,Normale,Autre collision,3,2,2,0,2,1,1,0,1,80,1,1,0,0,1,0,67.0,,voiture,,1,1,1,1,6
202400009039,2024-09-27 19:00:00,2024,9,27,19,0,69,69273,Route Départementale 301,45.67908096,4.89697312,Plein jour,Hors agglomération,Hors intersection,Normale,Trois véhicules et plus - collisions multiples,7,3,4,0,1,1,1,0,1,80,3,3,2,0,1,0,31.0,46.0,voiture,deux_roues,1,1,1,1,5
202400009040,2024-06-04 08:36:00,2024,6,4,8,36,06,06088,A8 PK 193.050,43.71822,7.213978,Plein jour,Hors agglomération,Hors intersection,Normale,Sans collision,1,3,3,0,1,3,1,1,1,90,1,1,0,0,1,0,56.0,,deux_roues,,1,1,1,1,7
202400009041,2024-06-03 11:45:00,2024,6,3,11,45,974,97417,16b ravine ango,-21.352875,55.785482,Plein jour,En agglomération,Hors intersection,Normale,Trois véhicules et plus - en chaîne,2,2,2,0,1,1,1,0,1,50,3,4,3,0,0,1,25.0,44.0,deux_roues,voiture,1,2,1,1,4
202400009042,2024-06-04 13:15:00,2024,6,4,13,15,974,97408,N1,-20.909974,55.356417,Plein jour,Hors agglomération,Hors intersection,Normale,Deux véhicules - côté,2,3,4,3,1,1,1,0,1,70,2,3,2,0,1,0,30.0,27.0,voiture,utilitaire_camion,1,1,1,1,3
202400009043,2024-10-18 17:13:00,2024,10,18,17,13,92,92064,A13,48.84146307,2.22135306,Plein jour,Hors agglomération,Hors intersection,Normale,Deux véhicules - arrière,1,-1,2,0,1,1,1,0,1,70,2,2,0,0,0,2,18.0,49.0,voiture,voiture,1,1,1,1,2
202400009044,2024-10-18 13:18:00,2024,10,18,13,18,92,92036,A86,48.9348887,2.26784952,Plein jour,Hors agglomération,Hors intersection,Temps couvert,Deux véhicules - arrière,1,1,2,0,1,1,2,0,1,90,2,2,1,0,0,1,57.0,62.0,deux_roues,voiture,1,1,1,8,2
202400009045,2024-06-03 18:25:00,2024,6,3,18,25,78,78590,D149,48.681979,1.982646,Plein jour,Hors agglomération,Hors intersection,Normale,Deux véhicules - côté,3,2,2,0,2,4,1,0,1,80,2,2,1,0,1,0,54.0,26.0,utilitaire_camion,deux_roues,1,1,1,1,3
202400009046,2024-06-03 12:35:00,2024,6,3,12,35,13,13081,D21,43.492884,5.221295,Plein jour,Hors agglomération,Hors intersection,Normale,Deux véhicules - frontale,3,1,2,0,2,1,1,0,1,90,2,2,1,0,1,0,27.0,52.0,deux_roues,utilitaire_camion,1,1,1,1,1
202400009047,2024-05-28 11:02:00,2024,5,28,11,2,40,40294,Route de Saint Pandelon,43.657859,-1.012448,Plein jour,Hors agglomération,Hors intersection,Normale,Autre collision,4,2,2,0,1,1,1,0,3,80,1,1,0,0,1,0,63.0,,deux_roues,,1,1,1,1,6