accident_id,datetime,annee,mois,jour,heure,minute,departement,commune_insee,adresse,latitude,longitude,luminosite,agglomeration,intersection,meteo,collision,catr,circ,nbv,vosp,prof,plan,surf,infra,situ,vma,nb_vehicules,nb_usagers,nb_indemnes,nb_tues,nb_blesses_hosp,nb_blesses_legers,age_cond_1,age_cond_2,veh_type_cond_1,veh_type_cond_2,lum_code,agg_code,int_code,atm_code,col_code
202400009048,2024-10-18 22:45:00,2024,10,18,22,45,95,95277,D170 ,48.97768924,2.46264476,Nuit avec éclairage allumé,Hors agglomération,Hors intersection,Normale,Deux véhicules - arrière,3,3,1,0,1,1,1,0,1,90,2,3,2,0,0,1,43.0,29.0,voiture,voiture,5,1,1,1,2
202400009049,2024-06-03 12:00:00,2024,6,3,12,0,33,33219,,44.97613,-0.393507,Plein jour,Hors agglomération,Intersection en X,Normale,Deux véhicules - arrière,3,2,2,0,1,1,1,5,1,80,2,2,1,0,1,0,60.0,59.0,deux_roues,utilitaire_camion,1,1,2,1,2
202400009049,2024-06-03 12:00:00,2024,6,3,12,0,33,33219,,44.97613,-0.393507,Plein jour,Hors agglomération,Intersection en X,Normale,Deux véhicules - arrière,3,2,2,0,2,1,1,5,1,80,2,2,1,0,1,0,60.0,59.0,deux_roues,utilitaire_camion,1,1,2,1,2
202400009050,2024-06-03 17:20:00,2024,6,3,17,20,33,33535,,44.827303,-0.459902,Plein jour,Hors agglomération,Hors intersection,Normale,Deux véhicules - côté,4,2,2,0,1,1,1,0,1,70,2,2,1,0,1,0,64.0,72.0,deux_roues,voiture,1,1,1,1,3
202400009051,2024-10-18 15:20:00,2024,10,18,15,20,77,77363,A104.INT,48.91014515,2.63702434,Plein jour,Hors agglomération,Hors intersection,Temps couvert,Deux véhicules - côté,1,3,4,0,1,1,2,0,1,90,2,3,2,0,0,1,20.0,50.0,voiture,deux_roues,1,1,1,8,3
202400009052,2024-06-02 10:30:00,2024,6,2,10,30,50,50599,48 Les Amonteux,49.588923,-1.600955,Plein jour,En agglomération,Hors intersection,Normale,Autre collision,4,2,2,0,1,1,1,0,1,50,1,2,1,0,0,1,,,voiture,,1,2,1,1,6
202400009053,2024-10-18 20:00:00,2024,10,18,20,0,69,69382,4 Quai Jules Courmont,45.76223512,4.83812304,Nuit avec éclairage allumé,En agglomération,Hors intersection,Normale,Deux véhicules - côté,4,2,5,3,1,1,2,0,6,50,2,2,1,0,0,1,53.0,65.0,deux_roues,voiture,5,2,1,1,3
202400009054,2024-06-03 06:35:00,2024,6,3,6,35,14,14646,D247,48.92991,-0.205031,Crépuscule ou aube,Hors agglomération,Intersection en X,Normale,Deux véhicules - côté,3,2,1,0,1,1,1,0,1,80,2,2,1,0,0,1,51.0,51.0,utilitaire_camion,voiture,2,1,2,1,3
202400009054,2024-06-03 06:35:00,2024,6,3,6,35,14,14646,D247,48.92991,-0.205031,Crépuscule ou aube,Hors agglomération,Intersection en X,Normale,Deux véhicules - côté,3,2,2,0,1,1,1,0,1,80,2,2,1,0,0,1,51.0,51.0,utilitaire_camion,voiture,2,1,2,1,3
202400009055,2024-10-18 12:05:00,2024,10,18,12,5,69,69034,Avenue Général de Gaulle,45.81246,4.85967,Plein jour,En agglomération,Intersection en X,Normale,Deux véhicules - côté,7,2,2,0,1,1,1,0,1,50,2,2,1,0,0,1,19.0,58.0,deux_roues,voiture,1,2,2,1,3
202400009055,2024-10-18 12:05:00,2024,10,18,12,5,69,69034,Avenue Général de Gaulle,45.81246,4.85967,Plein jour,En agglomération,Intersection en X,Normale,Deux véhicules - côté,7,2,2,0,1,1,1,0,1,50,2,2,1,0,0,1,19.0,58.0,deux_roues,voiture,1,2,2,1,3
202400009056,2024-06-03 19:27:00,2024,6,3,19,27,22,22299,Le Bois du Rocher,48.482038,-1.961544,Plein jour,Hors agglomération,Intersection en X,Normale,Deux véhicules - côté,3,2,2,0,3,1,1,5,1,80,2,2,0,0,0,2,36.0,56.0,voiture,voiture,1,1,2,1,3
202400009056,2024-06-03 19:27:00,2024,6,3,19,27,22,22299,Le Bois du Rocher,48.482038,-1.961544,Plein jour,Hors agglomération,Intersection en X,Normale,Deux véhicules - côté,3,2,2,0,1,1,1,5,1,80,2,2,0,0,0,2,36.0,56.0,voiture,voiture,1,1,2,1,3
202400009057,2024-06-03 12:15:00,2024,6,3,12,15,22,22162,Rue de Penvern,48.767165,-3.057386,Plein jour,En agglomération,Hors intersection,Normale,Deux véhicules - arrière,4,2,2,0,1,1,1,0,1,80,2,2,1,0,0,1,62.0,47.0,voiture,utilitaire_camion,1,2,1,1,2
202400009058,2024-10-18 19:41:00,2024,10,18,19,41,2B,2B033,AV DE LA LIBERATION,42.678,9.443,Nuit avec éclairage allumé,En agglomération,Giratoire,Normale,Deux véhicules - côté,4,2,4,0,1,1,1,5,1,50,2,3,2,0,0,1,39.0,33.0,deux_roues,voiture,5,2,6,1,3
202400009058,2024-10-18 19:41:00,2024,10,18,19,41,2B,2B033,AV DE LA LIBERATION,42.678,9.443,Nuit avec éclairage allumé,En agglomération,Giratoire,Normale,Deux véhicules - côté,4,2,4,0,2,1,1,0,1,50,2,3,2,0,0,1,39.0,33.0,deux_roues,voiture,5,2,6,1,3
202400009059,2024-05-31 15:25:00,2024,5,31,15,25,67,67482,M35,48.57972,7.72459,Plein jour,Hors agglomération,Hors intersection,Normale,Deux véhicules - arrière,7,3,4,0,1,1,1,0,1,70,2,3,1,0,0,2,27.0,39.0,voiture,voiture,1,1,1,1,2
202400009060,2024-10-08 12:25:00,2024,10,8,12,25,971,97113,Pont de BLANCHARD,16.22268,-61.52449,Plein jour,Hors agglomération,Hors intersection,Pluie légère,Sans collision,3,-1,2,0,1,1,2,0,8,50,1,1,0,0,0,1,31.0,,deux_roues,,1,1,1,2,7
202400009061,2024-06-03 23:17:00,2024,6,3,23,17,33,33122,,44.724648,-0.733285,Nuit sans éclairage public,Hors agglomération,Hors intersection,Normale,Deux véhicules - arrière,1,3,4,0,1,1,1,0,1,130,2,2,1,0,0,1,50.0,61.0,voiture,voiture,3,1,1,1,2
202400009062,2024-05-31 06:25:00,2024,5,31,6,25,59,59343,AUTOROUTE A1,50.59078,3.09776,Plein jour,Hors agglomération,Hors intersection,Normale,Autre collision,1,3,3,0,1,1,2,0,1,70,2,2,1,0,0,1,67.0,26.0,utilitaire_camion,voiture,1,1,1,1,6
202400009063,2024-10-16 07:47:00,2024,10,16,7,47,971,97101,ROUTE DE BOISVINS,16.2652478,-61.48090839,Plein jour,Hors agglomération,Intersection en T,Normale,Deux véhicules - côté,3,2,2,0,1,1,1,0,1,50,2,3,2,0,0,1,30.0,27.0,deux_roues,voiture,1,1,3,1,3
202400009063,2024-10-16 07:47:00,2024,10,16,7,47,971,97101,ROUTE DE BOISVINS,16.2652478,-61.48090839,Plein jour,Hors agglomération,Intersection en T,Normale,Deux véhicules - côté,3,2,0,0,2,1,1,0,1,50,2,3,2,0,0,1,30.0,27.0,deux_roues,voiture,1,1,3,1,3
202400009064,2024-06-03 20:05:00,2024,6,3,20,5,94,94038,A6A,48.78216297,2.34689144,Plein jour,Hors agglomération,Hors intersection,Normale,Deux véhicules - côté,1,1,3,0,2,1,1,0,1,90,2,2,1,0,0,1,,24.0,utilitaire_camion,voiture,1,1,1,1,3
202400009065,2024-10-18 11:37:00,2024,10,18,11,37,2A,2A004,#Residence des Fleurs#,41.9404,8.7507,Plein jour,En agglomération,Hors intersection,Normale,Deux véhicules - côté,4,-1,3,0,2,2,1,0,1,50,2,2,1,0,0,1,19.0,19.0,voiture,deux_roues,1,2,1,1,3
202400009066,2024-06-03 07:30:00,2024,6,3,7,30,94,94034,A86,48.75582579,2.33773375,Plein jour,Hors agglomération,Hors intersection,Normale,Deux véhicules - arrière,1,3,2,0,1,1,1,0,1,70,2,2,1,0,0,1,28.0,39.0,deux_roues,voiture,1,1,1,1,2
202400009067,2024-10-18 10:50:00,2024,10,18,10,50,91,91689,RTE DE MONTJEAN,48.74059,2.336316,Plein jour,Hors agglomération,Intersection en T,Temps couvert,Deux véhicules - côté,4,2,2,0,2,3,1,5,1,70,2,2,1,0,0,1,39.0,39.0,utilitaire_camion,voiture,1,1,3,8,3
202400009067,2024-10-18 10:50:00,2024,10,18,10,50,91,91689,RTE DE MONTJEAN,48.74059,2.336316,Plein jour,Hors agglomération,Intersection en T,Temps couvert,Deux véhicules - côté,4,2,2,0,2,4,1,5,1,70,2,2,1,0,0,1,39.0,39.0,utilitaire_camion,voiture,1,1,3,8,3
202400009068,2024-06-03 08:00:00,2024,6,3,8,0,92,92036,A86,48.93368348,2.27544143,Plein jour,Hors agglomération,Hors intersection,Normale,Deux véhicules - côté,1,1,2,0,1,1,1,0,1,90,2,2,1,0,0,1,42.0,51.0,voiture,deux_roues,1,1,1,1,3
202400009069,2024-06-03 06:00:00,2024,6,3,6,0,92,92064,A13,48.83812303,2.19111804,Crépuscule ou aube,Hors agglomération,Hors intersection,Normale,Deux véhicules - côté,1,1,3,0,1,1,1,0,1,110,2,2,1,0,0,1,42.0,21.0,deux_roues,voiture,2,1,1,1,3
202400009070,2024-10-18 11:05:00,2024,10,18,11,5,91,91657,AV HENRI BARBUSSE,48.69977,2.41852,Plein jour,En agglomération,Hors intersection,Temps couvert,Deux véhicules - côté,3,2,2,0,1,1,2,0,1,50,2,2,1,0,0,1,22.0,19.0,voiture,voiture,1,2,1,8,3
202400009071,2024-06-01 17:52:00,2024,6,1,17,52,78,78362,A13,48.975703,1.724171,Plein jour,Hors agglomération,Hors intersection,Normale,Sans collision,1,1,3,0,1,3,2,0,8,70,1,1,0,1,0,0,43.0,,deux_roues,,1,1,1,1,7
202400009072,2024-10-18 06:45:00,2024,10,18,6,45,91,91691,GERMAINE(RUE),48.699408,2.487446,Nuit sans éclairage public,En agglomération,Hors intersection,Pluie légère,Deux véhicules - frontale,4,2,2,0,2,1,2,0,1,30,2,2,1,0,0,1,59.0,38.0,voiture,utilitaire_camion,3,2,1,2,1
202400009073,2024-05-31 22:45:00,2024,5,31,22,45,78,78208,RN12 INT,48.799994,1.981554,Nuit sans éclairage public,Hors agglomération,Hors intersection,Pluie légère,Sans collision,2,1,2,0,1,1,2,0,3,110,1,4,1,0,1,2,35.0,,voiture,,3,1,1,2,7
202400009074,2024-10-17 22:43:00,2024,10,17,22,43,88,88413,Rue des 4 Fréres MOUGEOTTE,48.28345,6.95658,Nuit avec éclairage allumé,En agglomération,Hors intersection,Normale,Deux véhicules - arrière,4,2,2,0,1,1,1,0,1,50,1,2,1,0,0,1,19.0,,voiture,,5,2,1,1,2
202400009075,2024-06-02 03:40:00,2024,6,2,3,40,95,95582,A15,48.96404017,2.26342765,Nuit avec éclairage non allumé,Hors agglomération,Hors intersection,Pluie légère,Autre collision,1,3,4,0,2,2,2,0,1,110,1,1,0,0,0,1,22.0,,voiture,,4,1,1,2,6
202400009076,2024-10-18 20:33:00,2024,10,18,20,33,86,86194,Boulevard Bajon,46.581078,0.352835,Nuit avec éclairage allumé,En agglomération,Intersection en X,Normale,Deux véhicules - côté,4,2,2,0,1,1,1,0,1,30,2,2,1,0,0,1,63.0,37.0,deux_roues,voiture,5,2,2,1,3
202400009076,2024-10-18 20:33:00,2024,10,18,20,33,86,86194,Boulevard Bajon,46.581078,0.352835,Nuit avec éclairage allumé,En agglomération,Intersection en X,Normale,Deux véhicules - côté,4,1,1,-1,1,1,1,5,1,30,2,2,1,0,0,1,63.0,37.0,deux_roues,voiture,5,2,2,1,3
202400009077,2024-04-11 09:18:00,2024,4,11,9,18,44,44114,,47.26462193,-1.59395143,Plein jour,En agglomération,Hors intersection,Temps couvert,Trois véhicules et plus - collisions multiples,1,3,6,0,2,3,1,0,1,90,6,6,4,0,0,2,26.0,55.0,utilitaire_camion,utilitaire_camion,1,2,1,8,5
202400009078,2024-04-11 12:48:00,2024,4,11,12,48,44,44109,Boulevard Bâtonnier Cholet,47.2001127,-1.61258385,Plein jour,En agglomération,Hors intersection,Normale,Autre collision,4,3,3,1,1,1,1,-1,1,50,1,1,0,0,0,1,19.0,,deux_roues,,1,2,1,1,6
202400009079,2024-10-18 08:00:00,2024,10,18,8,0,84,84007,EUROPE (PONT DE L'),43.94457,4.79491,Plein jour,En agglomération,Hors intersection,Temps couvert,Deux véhicules - arrière,3,3,4,0,1,1,2,0,1,80,2,2,1,0,0,1,63.0,47.0,deux_roues,voiture,1,2,1,8,2
202400009080,2024-04-09 23:39:00,2024,4,9,23,39,44,44143,74 Rue de la Chaussée,47.17877297,-1.52816013,Nuit avec éclairage allumé,En agglomération,Giratoire,Normale,Sans collision,4,2,2,2,1,1,1,-1,1,50,1,1,0,0,0,1,21.0,,deux_roues,,5,2,6,1,7
202400009081,2024-10-18 18:00:00,2024,10,18,18,0,81,81065,LAUTREC RD 83 (RTE DE),43.63891,2.19522,Plein jour,Hors agglomération,Hors intersection,Temps couvert,Autre collision,3,2,2,0,1,2,2,0,3,80,1,2,0,0,0,2,21.0,,voiture,,1,1,1,8,6
202400009082,2024-04-09 14:31:00,2024,4,9,14,31,44,44109,36 Rue de Gigant,47.21448563,-1.57215642,Plein jour,En agglomération,Intersection en T,Temps couvert,Deux véhicules - côté,4,2,2,0,1,1,1,0,1,50,2,2,1,0,0,1,17.0,55.0,deux_roues,voiture,1,2,3,8,3
202400009082,2024-04-09 14:31:00,2024,4,9,14,31,44,44109,36 Rue de Gigant,47.21448563,-1.57215642,Plein jour,En agglomération,Intersection en T,Temps couvert,Deux véhicules - côté,4,2,2,0,2,1,1,0,1,50,2,2,1,0,0,1,17.0,55.0,deux_roues,voiture,1,2,3,8,3
202400009083,2024-10-18 18:40:00,2024,10,18,18,40,80,80021,Chaussée Saint-Pierre,49.90207,2.30013,Crépuscule ou aube,Hors agglomération,Hors intersection,Normale,Sans collision,4,2,2,0,1,1,1,0,1,50,1,1,0,0,0,1,8.0,,deux_roues,,2,1,1,1,7
202400009084,2024-04-09 07:35:00,2024,4,9,7,35,44,44109,Route de Vannes,47.23778995,-1.58612259,Plein jour,En agglomération,Giratoire,Normale,Deux véhicules - côté,4,2,2,2,1,1,1,5,1,50,2,3,2,0,0,1,43.0,35.0,voiture,voiture,1,2,6,1,3
202400009085,2024-04-09 08:40:00,2024,4,9,8,40,44,44143,68 Rue Camille Claudel,47.1658427,-1.55186933,Plein jour,En agglomération,Hors intersection,Normale,Sans collision,4,2,2,2,1,1,1,-1,1,50,1,1,0,0,0,1,56.0,,deux_roues,,1,2,1,1,7
202400009086,2024-04-08 09:49:00,2024,4,8,9,49,44,44109,55 boulevard paul chabas,47.22189203,-1.58995661,Plein jour,En agglomération,Hors intersection,Temps couvert,Autre collision,4,2,2,1,2,1,1,-1,1,50,1,1,0,0,0,1,17.0,,deux_roues,,1,2,1,8,6
202400009087,2024-09-08 23:10:00,2024,9,8,23,10,78,78217,ROUTE DE SEPTEUIL,48.929067,1.790255,Nuit sans éclairage public,En agglomération,Autre intersection,Pluie forte,Autre collision,3,2,2,0,1,1,2,0,1,30,1,8,0,2,6,0,37.0,,voiture,,3,2,9,3,6
202400009088,2024-04-05 07:08:00,2024,4,5,7,8,44,44162,Rond-Point des Moulinets,47.215,-1.639,Crépuscule ou aube,En agglomération,Giratoire,Normale,Deux véhicules - côté,7,3,4,3,1,1,1,5,1,50,2,2,1,0,0,1,54.0,37.0,deux_roues,voiture,2,2,6,1,3
202400009089,2024-05-26 10:45:00,2024,5,26,10,45,62,62193,Boulevard du Général de Gaulle,50.96072,1.83441,Plein jour,En agglomération,Hors intersection,Normale,Autre collision,4,-1,2,0,1,1,1,0,1,50,1,2,1,0,0,1,88.0,,voiture,,1,2,1,1,6
202400009090,2024-10-18 20:15:00,2024,10,18,20,15,78,78297,WRIGHT (RUE FRANCK-LLOYD),48.76651,2.07563,Nuit avec éclairage allumé,En agglomération,Hors intersection,Temps couvert,Sans collision,4,2,2,0,1,1,2,0,1,50,1,1,0,0,0,1,17.0,,deux_roues,,5,2,1,8,7
202400009091,2024-06-02 13:20:00,2024,6,2,13,20,974,97416,PRESIDENT MITTERAND(AVENUE),-21.34291,55.48138,Plein jour,En agglomération,Hors intersection,Normale,Deux véhicules - arrière,4,2,2,0,2,1,1,0,4,50,2,2,1,0,0,1,18.0,67.0,deux_roues,utilitaire_camion,1,2,1,1,2
202400009092,2024-10-18 17:50:00,2024,10,18,17,50,78,78644,NOES  (AVENUE DES),48.75798,1.95756,Plein jour,En agglomération,Hors intersection,Temps couvert,Deux véhicules - arrière,4,2,1,1,1,2,1,0,5,50,2,2,1,0,0,1,,55.0,deux_roues,deux_roues,1,2,1,8,2
202400009093,2024-06-02 20:10:00,2024,6,2,20,10,69,69388,Rue Saint Gervais,45.74178,4.8621,Plein jour,En agglomération,Intersection en X,Normale,Deux véhicules - côté,4,1,1,0,1,1,1,0,1,30,2,2,1,0,0,1,48.0,25.0,voiture,deux_roues,1,2,2,1,3
202400009093,2024-06-02 20:10:00,2024,6,2,20,10,69,69388,Rue Saint Gervais,45.74178,4.8621,Plein jour,En agglomération,Intersection en X,Normale,Deux véhicules - côté,4,2,2,0,1,1,1,0,1,30,2,2,1,0,0,1,48.0,25.0,voiture,deux_roues,1,2,2,1,3
202400009094,2024-05-27 14:20:00,2024,5,27,14,20,69,69034,53 Quai Clemenceau,45.79627,4.83335,Plein jour,En agglomération,Hors intersection,Normale,Deux véhicules - côté,7,2,2,0,1,1,1,0,1,30,2,3,2,0,0,1,73.0,93.0,voiture,voiture,1,2,1,1,3
202400009095,2024-06-02 05:40:00,2024,6,2,5,40,69,69382,Quai Perrache,45.73406,4.81799,Nuit avec éclairage allumé,En agglomération,Intersection en X,Normale,Deux véhicules - côté,4,2,8,1,1,1,1,2,1,50,2,2,1,0,0,1,41.0,,deux_roues,voiture,5,2,2,1,3
202400009095,2024-06-02 05:40:00,2024,6,2,5,40,69,69382,Quai Perrache,45.73406,4.81799,Nuit avec éclairage allumé,En agglomération,Intersection en X,Normale,Deux véhicules - côté,4,1,4,0,1,1,1,2,1,50,2,2,1,0,0,1,41.0,,deux_roues,voiture,5,2,2,1,3
202400009096,2024-10-17 17:30:00,2024,10,17,17,30,77,77269,D408,48.542457,2.70406577,Plein jour,Hors agglomération,Intersection en X,Normale,Deux véhicules - côté,3,-1,2,0,1,1,1,0,1,90,2,2,1,0,0,1,27.0,30.0,voiture,voiture,1,1,2,1,3
202400009096,2024-10-17 17:30:00,2024,10,17,17,30,77,77269,D408,48.542457,2.70406577,Plein jour,Hors agglomération,Intersection en X,Normale,Deux véhicules - côté,3,2,2,0,1,1,1,0,1,50,2,2,1,0,0,1,27.0,30.0,voiture,voiture,1,1,2,1,3
202400009097,2024-06-02 15:42:00,2024,6,2,15,42,2A,2A004,SAMPIERO BD,41.92489,8.73887,Plein jour,En agglomération,Intersection en T,Normale,Deux véhicules - côté,4,1,2,0,4,1,1,0,1,50,2,2,1,0,0,1,71.0,23.0,voiture,voiture,1,2,3,1,3
202400009097,2024-06-02 15:42:00,2024,6,2,15,42,2A,2A004,SAMPIERO BD,41.92489,8.73887,Plein jour,En agglomération,Intersection en T,Normale,Deux véhicules - côté,4,3,3,0,1,1,1,0,1,50,2,2,1,0,0,1,71.0,23.0,voiture,voiture,1,2,3,1,3
202400009098,2024-06-02 14:00:00,2024,6,2,14,0,95,95574,D192P,49.016552,2.263418,Plein jour,En agglomération,Hors intersection,Normale,Deux véhicules - côté,3,-1,2,0,2,1,2,0,1,50,2,2,1,0,0,1,25.0,51.0,deux_roues,voiture,1,2,1,1,3
202400009099,2024-10-17 16:30:00,2024,10,17,16,30,77,77251,BD VICTOR SCHOELCHER,48.63039,2.55579,Plein jour,En agglomération,Hors intersection,Normale,Autre collision,4,2,2,0,1,1,1,0,1,50,2,2,1,0,0,1,66.0,13.0,voiture,deux_roues,1,2,1,1,6
202400009100,2024-06-01 17:45:00,2024,6,1,17,45,84,84080,BEAUREGARD CHEMIN DE,44.0106,4.96636,Plein jour,Hors agglomération,Hors intersection,Normale,Deux véhicules - frontale,4,2,2,0,1,2,1,0,1,50,2,3,1,0,0,2,24.0,53.0,utilitaire_camion,utilitaire_camion,1,1,1,1,1
202400009101,2024-10-18 05:45:00,2024,10,18,5,45,77,77186,RD152,48.3537,2.61582,Nuit sans éclairage public,Hors agglomération,Hors intersection,Pluie légère,Autre collision,3,2,2,0,1,1,2,0,1,90,1,1,0,0,0,1,42.0,,deux_roues,,3,1,1,2,6
202400009102,2024-06-02 19:30:00,2024,6,2,19,30,83,83126,RENOIR (AV AUGUSTE),43.084,5.866,Plein jour,En agglomération,Giratoire,Normale,Deux véhicules - côté,3,2,2,0,1,1,1,5,1,50,2,2,1,0,0,1,62.0,18.0,voiture,deux_roues,1,2,6,1,3
202400009102,2024-06-02 19:30:00,2024,6,2,19,30,83,83126,RENOIR (AV AUGUSTE),43.084,5.866,Plein jour,En agglomération,Giratoire,Normale,Deux véhicules - côté,3,2,2,0,1,1,1,5,1,50,2,2,1,0,0,1,62.0,18.0,voiture,deux_roues,1,2,6,1,3
202400009103,2024-06-02 11:16:00,2024,6,2,11,16,79,79329,,46.98377,-0.21432,Plein jour,En agglomération,Intersection en X,Normale,Deux véhicules - côté,4,2,2,0,1,1,1,0,1,50,2,5,4,0,1,0,63.0,36.0,voiture,voiture,1,2,2,1,3
202400009103,2024-06-02 11:16:00,2024,6,2,11,16,79,79329,,46.98377,-0.21432,Plein jour,En agglomération,Intersection en X,Normale,Deux véhicules - côté,4,2,2,0,1,1,1,0,1,50,2,5,4,0,1,0,63.0,36.0,voiture,voiture,1,2,2,1,3
202400009104,2024-06-02 20:30:00,2024,6,2,20,30,76,76026,ROUTE DE SAINT NICOLAS,49.88270437,1.14191526,Plein jour,En agglomération,Giratoire,Normale,Deux véhicules - frontale,3,2,0,0,1,1,1,0,1,50,2,2,0,0,0,2,29.0,28.0,voiture,voiture,1,2,6,1,1
202400009105,2024-06-02 11:30:00,2024,6,2,11,30,73,73065,D991 / PIOCHET (RUE DU),45.58592,5.92301,Plein jour,En agglomération,Giratoire,Normale,Deux véhicules - côté,3,2,2,0,2,1,1,5,1,50,2,2,1,0,0,1,48.0,63.0,deux_roues,voiture,1,2,6,1,3
202400009105,2024-06-02 11:30:00,2024,6,2,11,30,73,73065,D991 / PIOCHET (RUE DU),45.58592,5.92301,Plein jour,En agglomération,Giratoire,Normale,Deux véhicules - côté,3,2,2,2,1,1,1,5,1,50,2,2,1,0,0,1,48.0,63.0,deux_roues,voiture,1,2,6,1,3
202400009106,2024-10-18 05:20:00,2024,10,18,5,20,74,74012,ZOLA (RUE EMILE),46.19,6.23,Nuit avec éclairage allumé,En agglomération,Autre intersection,Pluie légère,Autre collision,4,-1,1,0,1,2,2,9,4,50,1,5,4,0,0,1,,,voiture,,5,2,9,2,6
202400009107,2024-06-02 13:20:00,2024,6,2,13,20,69,69266,Rue Jules Kumer,45.76615,4.89063,Plein jour,En agglomération,Intersection en X,Pluie légère,Deux véhicules - côté,4,1,1,0,1,1,2,0,1,30,2,2,1,0,0,1,25.0,31.0,voiture,deux_roues,1,2,2,2,3
202400009107,2024-06-02 13:20:00,2024,6,2,13,20,69,69266,Rue Jules Kumer,45.76615,4.89063,Plein jour,En agglomération,Intersection en X,Pluie légère,Deux véhicules - côté,4,1,1,2,1,1,2,0,1,30,2,2,1,0,0,1,25.0,31.0,voiture,deux_roues,1,2,2,2,3
202400009108,2024-06-01 16:20:00,2024,6,1,16,20,69,69091,Rue de la Paix,45.58457,4.74968,Plein jour,En agglomération,Autre intersection,Normale,Deux véhicules - côté,4,1,2,0,1,3,1,0,1,30,2,2,1,0,0,1,51.0,48.0,utilitaire_camion,deux_roues,1,2,9,1,3
202400009109,2024-06-02 02:15:00,2024,6,2,2,15,66,66136,Avenue Maréchal Joffre,42.70786317,2.89128721,Nuit avec éclairage allumé,En agglomération,Hors intersection,Normale,Autre collision,4,2,2,0,1,1,1,5,1,50,1,2,1,0,1,0,22.0,,voiture,,5,2,1,1,6
202400009110,2024-10-17 18:15:00,2024,10,17,18,15,72,72181,ROSTOV SUR LE DON (RUE) N° PAIRS,48.00659,0.19714,Crépuscule ou aube,En agglomération,Intersection en T,Pluie légère,Deux véhicules - côté,4,-1,2,0,1,1,1,0,1,50,2,2,1,0,0,1,36.0,38.0,deux_roues,voiture,2,2,3,2,3
202400009110,2024-10-17 18:15:00,2024,10,17,18,15,72,72181,ROSTOV SUR LE DON (RUE) N° PAIRS,48.00659,0.19714,Crépuscule ou aube,En agglomération,Intersection en T,Pluie légère,Deux véhicules - côté,4,-1,2,0,1,1,1,0,1,50,2,2,1,0,0,1,36.0,38.0,deux_roues,voiture,2,2,3,2,3
202400009111,2024-06-01 10:00:00,2024,6,1,10,0,65,65286,Rue du Docteur Bouriot,43.0916926,-0.04520971,Plein jour,En agglomération,Hors intersection,Normale,Autre collision,4,2,1,3,1,1,1,0,1,50,1,2,1,0,0,1,45.0,,deux_roues,,1,2,1,1,6
202400009112,2024-06-02 16:25:00,2024,6,2,16,25,64,64445,ESPALUNGUE D',43.29601,-0.37595,Plein jour,En agglomération,Hors intersection,Normale,Deux véhicules - arrière,4,1,1,0,2,1,1,0,1,30,2,2,1,0,0,1,37.0,50.0,deux_roues,voiture,1,2,1,1,2
202400009113,2024-10-17 19:45:00,2024,10,17,19,45,71,71270,FONTAINE (RUE DE LA),46.32094455,4.82320577,Nuit avec éclairage allumé,En agglomération,Hors intersection,Pluie légère,Sans collision,4,-1,0,0,1,1,2,0,1,50,1,1,0,0,0,1,33.0,,deux_roues,,5,2,1,2,7
202400009114,2024-10-18 18:20:00,2024,10,18,18,20,71,71445,ORLANS (ROND POINT DES),46.77739655,4.87793301,Plein jour,Hors agglomération,Giratoire,Temps couvert,Deux véhicules - côté,3,1,2,0,1,2,1,-1,1,50,2,2,1,0,1,0,22.0,45.0,voiture,deux_roues,1,1,6,8,3
202400009114,2024-10-18 18:20:00,2024,10,18,18,20,71,71445,ORLANS (ROND POINT DES),46.77739655,4.87793301,Plein jour,Hors agglomération,Giratoire,Temps couvert,Deux véhicules - côté,3,3,2,0,1,3,1,-1,1,80,2,2,1,0,1,0,22.0,45.0,voiture,deux_roues,1,1,6,8,3
202400009115,2024-06-02 19:55:00,2024,6,2,19,55,62,62178,D488,50.48666218,2.56028972,Plein jour,En agglomération,Hors intersection,Normale,Deux véhicules - arrière,3,2,2,0,1,1,1,0,1,50,2,2,1,0,0,1,33.0,33.0,voiture,deux_roues,1,2,1,1,2
202400009116,2024-06-02 10:30:00,2024,6,2,10,30,60,60057,Rue du Faubourg Saint-André,49.43089,2.09062,Plein jour,En agglomération,Autre intersection,Normale,Deux véhicules - côté,4,1,2,0,1,1,1,0,1,50,2,5,2,0,0,3,63.0,44.0,voiture,voiture,1,2,9,1,3
202400009117,2024-06-02 20:15:00,2024,6,2,20,15,59,59650,Rue Vallon,50.70426,3.22566,Plein jour,En agglomération,Hors intersection,Normale,Autre collision,4,3,3,2,1,1,1,0,4,50,1,1,0,0,0,1,51.0,,voiture,,1,2,1,1,6
202400009118,2024-10-18 19:54:00,2024,10,18,19,54,64,64102,BERNEDE (RUE),43.49233,-1.47447,Nuit avec éclairage allumé,En agglomération,Hors intersection,Normale,Deux véhicules - frontale,4,2,2,0,1,2,2,0,1,30,2,2,1,0,0,1,37.0,23.0,voiture,deux_roues,5,2,1,1,1
202400009119,2024-06-02 15:59:00,2024,6,2,15,59,57,57487,RD157B,49.09831,6.11799,Plein jour,Hors agglomération,Autre intersection,Normale,Deux véhicules - frontale,7,3,0,0,1,1,1,0,1,70,2,6,0,0,1,5,18.0,46.0,voiture,voiture,1,1,9,1,1
202400009120,2024-06-02 18:58:00,2024,6,2,18,58,56,56260,Parking Bilaire Rue de Strasbourg,47.669928,-2.748194,Plein jour,En agglomération,Hors intersection,Normale,Autre collision,6,-1, -1,0,1,1,1,9,8,25,1,1,0,0,0,1,19.0,,deux_roues,,1,2,1,1,6