accident_id,datetime,annee,mois,jour,heure,minute,departement,commune_insee,adresse,latitude,longitude,luminosite,agglomeration,intersection,meteo,collision,catr,circ,nbv,vosp,prof,plan,surf,infra,situ,vma,nb_vehicules,nb_usagers,nb_indemnes,nb_tues,nb_blesses_hosp,nb_blesses_legers,age_cond_1,age_cond_2,veh_type_cond_1,veh_type_cond_2,lum_code,agg_code,int_code,atm_code,col_code
202400009262,2024-10-18 05:30:00,2024,10,18,5,30,69,69297,Autoroute 7,45.61529872,4.80999736,Nuit sans éclairage public,Hors agglomération,Hors intersection,Normale,Autre collision,1,3,6,0,1,1,2,0,1,110,1,2,1,1,0,0,56.0,,utilitaire_camion,,3,1,1,1,6
202400009263,2024-10-17 00:47:00,2024,10,17,0,47,57,57474,Autoroute A31,49.26082,6.1774,Nuit sans éclairage public,Hors agglomération,Hors intersection,Normale,Deux véhicules - frontale,1,3,3,0,1,2,1,0,1,110,2,2,0,2,0,0,35.0,28.0,voiture,utilitaire_camion,3,1,1,1,1
202400009264,2024-10-18 19:45:00,2024,10,18,19,45,33,33075,,44.889922,-0.611644,Nuit avec éclairage allumé,Hors agglomération,Hors intersection,Normale,Trois véhicules et plus - en chaîne,1,1,2,0,1,3,1,3,1,50,3,3,2,0,0,1,37.0,24.0,voiture,voiture,5,1,1,1,4
202400009265,2024-10-18 14:10:00,2024,10,18,14,10,92,92063,A86,48.88653915,2.16571926,Plein jour,Hors agglomération,Hors intersection,Normale,Autre collision,1,1,3,0,1,3,1,1,1,70,1,3,1,0,0,2,55.0,,voiture,,1,1,1,1,6
202400009266,2024-10-18 13:40:00,2024,10,18,13,40,78,78291,A13,48.970201,1.734753,Plein jour,Hors agglomération,Hors intersection,Normale,Deux véhicules - arrière,1,-1,3,0,2,1,1,0,1,110,2,3,1,0,0,2,58.0,75.0,voiture,voiture,1,1,1,1,2
202400009267,2024-10-18 08:36:00,2024,10,18,8,36,78,78362,A13,48.975689,1.724078,Crépuscule ou aube,Hors agglomération,Hors intersection,Pluie légère,Deux véhicules - côté,1,1,3,0,1,1,2,0,1,110,2,2,0,0,0,2,39.0,25.0,utilitaire_camion,voiture,2,1,1,2,3
202400009268,2024-10-17 18:13:00,2024,10,17,18,13,78,78007,A13W,48.902051,2.005076,Plein jour,Hors agglomération,Hors intersection,Pluie forte,Autre collision,1,1,3,0,3,2,2,0,2,110,1,1,0,0,0,1,45.0,,voiture,,1,1,1,3,6
202400009269,2024-10-17 15:30:00,2024,10,17,15,30,78,78165,RN12 INT,48.799359,1.994224,Plein jour,Hors agglomération,Hors intersection,Pluie forte,Autre collision,2,4,2,0,1,1,2,3,1,110,1,1,0,0,0,1,52.0,,voiture,,1,1,1,3,6
202400009270,2024-10-17 11:30:00,2024,10,17,11,30,92,92047,A13,48.83459228,2.17162733,Plein jour,Hors agglomération,Hors intersection,Pluie légère,Sans collision,1,3,3,0,2,1,2,0,1,110,1,1,0,0,0,1,26.0,,deux_roues,,1,1,1,2,7
202400009271,2024-10-16 15:01:00,2024,10,16,15,1,78,78423,RN12,48.79661,2.026604,Plein jour,Hors agglomération,Hors intersection,Normale,Deux véhicules - arrière,2,1,4,0,1,1,1,0,1,90,2,5,1,0,1,3,21.0,23.0,voiture,voiture,1,1,1,1,2
202400009272,2024-10-18 01:00:00,2024,10,18,1,0,95,95042,N104,49.05896463,2.30346921,Nuit sans éclairage public,Hors agglomération,Hors intersection,Pluie forte,Autre collision,2,3,2,0,1,1,2,0,1,90,1,4,1,0,0,3,39.0,,voiture,,3,1,1,3,6
202400009273,2024-10-18 02:30:00,2024,10,18,2,30,93,93063,AUTOROUTE A3,48.8792756,2.44906039,Nuit sans éclairage public,Hors agglomération,Hors intersection,Pluie forte,Deux véhicules - arrière,1,3,3,0,1,2,2,3,2,90,2,2,1,0,0,1,28.0,30.0,voiture,voiture,3,1,1,3,2
202400009274,2024-10-18 17:45:00,2024,10,18,17,45,94,94046,A86,48.80959275,2.44911608,Plein jour,Hors agglomération,Hors intersection,Normale,Deux véhicules - côté,1,3,4,0,1,1,1,0,1,90,2,2,1,0,0,1,45.0,30.0,deux_roues,voiture,1,1,1,1,3
202400009275,2024-10-18 16:25:00,2024,10,18,16,25,94,94017,A4,48.82871666,2.47812084,Plein jour,Hors agglomération,Hors intersection,Normale,Deux véhicules - arrière,1,3,3,0,1,1,1,3,1,70,2,2,1,0,0,1,28.0,66.0,voiture,deux_roues,1,1,1,1,2
202400009276,2024-10-18 08:20:00,2024,10,18,8,20,77,77258,A4.W,48.83237602,2.65440781,Plein jour,Hors agglomération,Hors intersection,Pluie légère,Autre collision,1,3,3,0,1,1,2,0,1,90,3,3,2,0,0,1,37.0,35.0,voiture,voiture,1,1,1,2,6
202400009277,2024-10-17 03:10:00,2024,10,17,3,10,94,94073,A86,48.77079111,2.38643311,Nuit sans éclairage public,Hors agglomération,Hors intersection,Pluie légère,Deux véhicules - arrière,1,1,3,0,1,1,2,0,1,90,2,3,2,0,0,1,37.0,45.0,voiture,voiture,3,1,1,2,2
202400009278,2024-05-10 22:25:00,2024,5,10,22,25,32,32107,Tauzin,43.972804,0.405958,Nuit sans éclairage public,Hors agglomération,Hors intersection,Normale,Trois véhicules et plus - collisions multiples,3,2,2,0,2,1,1,0,1,90,3,8,4,0,1,3,23.0,21.0,voiture,voiture,3,1,1,1,5
202400009279,2024-08-19 10:55:00,2024,8,19,10,55,29,29023,créach herou,48.652531,-3.938706,Plein jour,Hors agglomération,Hors intersection,Normale,Sans collision,4,2,2,0,2,1,1,0,1,80,1,1,0,1,0,0,65.0,,deux_roues,,1,1,1,1,7
202400009280,2024-10-16 18:45:00,2024,10,16,18,45,974,97416,RN3 (2),-21.31433,55.49361,Nuit avec éclairage allumé,En agglomération,Hors intersection,Normale,Deux véhicules - arrière,2,3,4,0,2,1,1,0,1,110,2,3,1,0,0,2,67.0,22.0,voiture,voiture,5,2,1,1,2
202400009281,2024-10-18 01:10:00,2024,10,18,1,10,974,97411,RAMBAUD (LEOPOLD),-20.88528,55.46828,Nuit avec éclairage allumé,En agglomération,Hors intersection,Normale,Autre collision,2,1,3,0,1,2,1,0,3,50,1,1,0,0,1,0,33.0,,voiture,,5,2,1,1,6
202400009282,2024-10-17 18:31:00,2024,10,17,18,31,974,97411,JAURES (BLD 2 JEAN),-20.90067,55.48763,Nuit sans éclairage public,En agglomération,Giratoire,Normale,Deux véhicules - côté,2,2,2,0,2,1,2,5,8,50,2,2,1,0,0,1,26.0,39.0,voiture,deux_roues,3,2,6,1,3
202400009282,2024-10-17 18:31:00,2024,10,17,18,31,974,97411,JAURES (BLD 2 JEAN),-20.90067,55.48763,Nuit sans éclairage public,En agglomération,Giratoire,Normale,Deux véhicules - côté,2,3,4,1,1,2,2,5,1,70,2,2,1,0,0,1,26.0,39.0,voiture,deux_roues,3,2,6,1,3
202400009283,2024-10-17 06:00:00,2024,10,17,6,0,974,97411,QUATRE VOIES GILLOT (ROUTE A),-20.89426,55.50234,Crépuscule ou aube,Hors agglomération,Hors intersection,Normale,Autre collision,2,3,4,0,2,1,1,0,8,90,1,1,0,0,0,1,26.0,,utilitaire_camion,,2,1,1,1,6
202400009284,2024-10-17 13:20:00,2024,10,17,13,20,974,97407,OWENS JAMES,-20.93012,55.31123,Plein jour,Hors agglomération,Hors intersection,Normale,Deux véhicules - côté,4,2,2,0,1,1,1,9,1,50,2,2,1,0,0,1,29.0,40.0,utilitaire_camion,deux_roues,1,1,1,1,3
202400009285,2024-10-17 03:10:00,2024,10,17,3,10,974,97407,BOUVET (AVENUE),-20.9511,55.29889,Nuit avec éclairage allumé,Hors agglomération,Hors intersection,Normale,Autre collision,4,1,2,0,1,1,1,0,1,70,1,2,1,1,0,0,48.0,,utilitaire_camion,,5,1,1,1,6
202400009286,2024-10-17 08:20:00,2024,10,17,8,20,973,97302,MARINGOUINS (ROND-POINT),4.90816,-52.32249,Plein jour,Hors agglomération,Giratoire,Normale,Deux véhicules - côté,2,2,2,0,1,1,1,0,1,50,2,2,1,0,0,1,45.0,57.0,deux_roues,voiture,1,1,6,1,3
202400009286,2024-10-17 08:20:00,2024,10,17,8,20,973,97302,MARINGOUINS (ROND-POINT),4.90816,-52.32249,Plein jour,Hors agglomération,Giratoire,Normale,Deux véhicules - côté,2,4,2,0,1,3,1,0,1,50,2,2,1,0,0,1,45.0,57.0,deux_roues,voiture,1,1,6,1,3
202400009287,2024-10-17 08:05:00,2024,10,17,8,5,69,69386,Cours Vitton,45.77026,4.86087,Plein jour,En agglomération,Hors intersection,Pluie forte,Autre collision,4,1,2,2,1,1,2,0,1,30,1,2,1,0,0,1,31.0,,voiture,,1,2,1,3,6
202400009288,2024-10-16 11:40:00,2024,10,16,11,40,69,69386,Avenue de Grande-Bretagne,45.77345,4.84143,Plein jour,En agglomération,Hors intersection,Normale,Deux véhicules - frontale,4,2,3,1,1,1,1,0,5,30,2,2,1,0,0,1,32.0,43.0,deux_roues,voiture,1,2,1,1,1
202400009289,2024-10-17 09:50:00,2024,10,17,9,50,69,69389,Rue de Bourgogne,45.77864,4.80253,Plein jour,En agglomération,Intersection en X,Pluie forte,Autre collision,4,2,2,3,1,1,2,9,1,30,1,2,1,0,0,1,65.0,,transport_commun,,1,2,2,3,6
202400009289,2024-10-17 09:50:00,2024,10,17,9,50,69,69389,Rue de Bourgogne,45.77864,4.80253,Plein jour,En agglomération,Intersection en X,Pluie forte,Autre collision,4,2,2,0,1,3,2,0,1,30,1,2,1,0,0,1,65.0,,transport_commun,,1,2,2,3,6
202400009290,2024-10-17 05:55:00,2024,10,17,5,55,95,95088,D317,48.96056093,2.44895395,Nuit avec éclairage allumé,En agglomération,Hors intersection,Temps couvert,Trois véhicules et plus - collisions multiples,3,3,4,0,1,1,2,0,1,50,3,3,1,0,0,2,47.0,48.0,utilitaire_camion,voiture,5,2,1,8,5
202400009291,2024-10-17 19:40:00,2024,10,17,19,40,95,95388,C2,49.02363,1.97213,Nuit sans éclairage public,Hors agglomération,Hors intersection,Pluie forte,Trois véhicules et plus - collisions multiples,4,2,2,0,2,2,2,0,1,80,3,5,3,0,1,1,58.0,47.0,voiture,voiture,3,1,1,3,5
202400009292,2024-10-17 17:10:00,2024,10,17,17,10,91,91514,RUE COMBS LA VILLE,48.67174,2.54034,Plein jour,En agglomération,Hors intersection,Pluie légère,Autre collision,3,2,2,0,1,1,2,0,1,30,1,2,1,0,0,1,23.0,,voiture,,1,2,1,2,6
202400009293,2024-10-17 08:10:00,2024,10,17,8,10,91,91657,RUE DU CHEMIN VERT,48.6923,2.4312,Plein jour,En agglomération,Hors intersection,Temps couvert,Deux véhicules - frontale,4,2,2,0,1,1,1,0,1,50,2,2,0,0,0,2,19.0,42.0,voiture,deux_roues,1,2,1,8,1
202400009294,2024-10-16 17:35:00,2024,10,16,17,35,87,87075,ARAGON (AVENUE LOUIS),45.80994,1.22005,Plein jour,En agglomération,Intersection en T,Normale,Deux véhicules - frontale,4,2,2,0,1,1,1,0,1,50,2,2,0,0,0,2,72.0,33.0,voiture,voiture,1,2,3,1,1
202400009294,2024-10-16 17:35:00,2024,10,16,17,35,87,87075,ARAGON (AVENUE LOUIS),45.80994,1.22005,Plein jour,En agglomération,Intersection en T,Normale,Deux véhicules - frontale,4,2,2,0,1,1,1,0,1,50,2,2,0,0,0,2,72.0,33.0,voiture,voiture,1,2,3,1,1
202400009295,2024-10-16 20:45:00,2024,10,16,20,45,81,81065,136 Rue Ernest Barthe,43.60242,2.2563,Nuit avec éclairage allumé,En agglomération,Intersection en T,Normale,Deux véhicules - côté,4,2,2,0,1,1,1,0,4,50,2,6,2,0,0,4,21.0,30.0,voiture,voiture,5,2,3,1,3
202400009295,2024-10-16 20:45:00,2024,10,16,20,45,81,81065,136 Rue Ernest Barthe,43.60242,2.2563,Nuit avec éclairage allumé,En agglomération,Intersection en T,Normale,Deux véhicules - côté,4,2,2,0,1,1,1,0,4,50,2,6,2,0,0,4,21.0,30.0,voiture,voiture,5,2,3,1,3
202400009296,2024-10-17 04:50:00,2024,10,17,4,50,78,78440,PAUL RAOULT (AVENUE),48.98202,1.91238,Nuit avec éclairage allumé,En agglomération,Hors intersection,Normale,Deux véhicules - arrière,3,3,4,0,1,1,1,0,1,50,2,2,1,0,0,1,42.0,61.0,utilitaire_camion,utilitaire_camion,5,2,1,1,2
202400009297,2024-10-17 15:00:00,2024,10,17,15,0,78,78123,REINE BLANCHE RUE,48.93908,2.03411,Plein jour,En agglomération,Hors intersection,Pluie légère,Deux véhicules - arrière,4,2,2,0,1,1,2,0,1,50,2,4,1,0,0,3,39.0,24.0,voiture,voiture,1,2,1,2,2
202400009298,2024-03-19 09:00:00,2024,3,19,9,0,91,91339,RN 104,48.63101776,2.24926829,Plein jour,Hors agglomération,Hors intersection,Normale,Sans collision,2,3,2,0,1,1,1,0,3,110,1,1,0,0,0,1,59.0,,voiture,,1,1,1,1,7
202400009299,2024-03-19 00:08:00,2024,3,19,0,8,91,91161,AUTOROUTE A6,48.69795,2.31443,Nuit sans éclairage public,Hors agglomération,Hors intersection,Normale,Deux véhicules - arrière,1,3,3,0,1,1,1,0,1,110,2,3,1,0,0,2,53.0,27.0,utilitaire_camion,voiture,3,1,1,1,2
202400009300,2024-03-18 12:19:00,2024,3,18,12,19,92,92036,A86,48.93484397,2.26726483,Plein jour,Hors agglomération,Hors intersection,Normale,Deux véhicules - arrière,1,1,3,0,1,1,1,1,1,90,2,3,2,0,0,1,25.0,32.0,utilitaire_camion,utilitaire_camion,1,1,1,1,2
202400009301,2024-03-18 09:20:00,2024,3,18,9,20,92,92062,RN1014 W,48.89074658,2.24044138,Plein jour,Hors agglomération,Hors intersection,Normale,Deux véhicules - côté,2,-1,3,0,1,1,1,2,1,70,2,2,1,0,0,1,30.0,37.0,voiture,deux_roues,1,1,1,1,3
202400009302,2024-03-19 17:40:00,2024,3,19,17,40,93,93006,A3,48.86611228,2.41541368,Plein jour,Hors agglomération,Hors intersection,Normale,Deux véhicules - côté,1,3,2,0,1,1,1,0,1,90,2,2,1,0,0,1,29.0,19.0,voiture,deux_roues,1,1,1,1,3
202400009303,2024-03-19 18:05:00,2024,3,19,18,5,93,93008,A86,48.90667489,2.45703757,Plein jour,Hors agglomération,Hors intersection,Normale,Deux véhicules - côté,1,3,3,0,1,1,1,1,1,90,2,2,1,0,0,1,34.0,21.0,deux_roues,voiture,1,1,1,1,3
202400009304,2024-03-19 07:55:00,2024,3,19,7,55,95,95018,A15,48.95621389,2.27718895,Plein jour,Hors agglomération,Hors intersection,Normale,Deux véhicules - côté,1,3,4,0,1,1,1,0,1,110,2,2,1,0,0,1,32.0,37.0,deux_roues,voiture,1,1,1,1,3
202400009305,2024-03-18 17:45:00,2024,3,18,17,45,95,95527,A1,48.9971614,2.5186402,Plein jour,Hors agglomération,Hors intersection,Normale,Trois véhicules et plus - collisions multiples,1,3,3,0,1,1,1,0,1,110,3,3,2,0,0,1,46.0,54.0,deux_roues,voiture,1,1,1,1,5
202400009306,2024-03-18 15:45:00,2024,3,18,15,45,95,95527,A1,49.00052596,2.52228228,Plein jour,Hors agglomération,Hors intersection,Normale,Deux véhicules - arrière,1,3,3,0,1,1,1,0,1,110,2,3,0,0,1,2,57.0,42.0,utilitaire_camion,utilitaire_camion,1,1,1,1,2
202400009307,2024-03-18 13:50:00,2024,3,18,13,50,95,95277,A3,48.97380183,2.48838243,Plein jour,Hors agglomération,Hors intersection,Normale,Deux véhicules - arrière,1,3,8,0,1,1,1,0,1,90,2,2,1,0,0,1,56.0,57.0,voiture,utilitaire_camion,1,1,1,1,2
202400009308,2024-03-18 08:40:00,2024,3,18,8,40,93,93008,A86,48.91273457,2.43680722,Plein jour,Hors agglomération,Hors intersection,Normale,Deux véhicules - côté,1,3,6,0,1,1,1,1,1,90,2,2,1,0,1,0,26.0,36.0,voiture,deux_roues,1,1,1,1,3
202400009309,2024-03-18 07:00:00,2024,3,18,7,0,987,98735,POMARE V (AVENUE),-17.52992,-149.56072,Plein jour,Hors agglomération,Intersection en X,Normale,Deux véhicules - frontale,2,2,2,0,1,1,1,0,1,50,2,2,1,0,0,1,37.0,32.0,deux_roues,utilitaire_camion,1,1,2,1,1
202400009309,2024-03-18 07:00:00,2024,3,18,7,0,987,98735,POMARE V (AVENUE),-17.52992,-149.56072,Plein jour,Hors agglomération,Intersection en X,Normale,Deux véhicules - frontale,2,2,2,0,1,1,1,0,1,50,2,2,1,0,0,1,37.0,32.0,deux_roues,utilitaire_camion,1,1,2,1,1
202400009310,2024-03-18 11:15:00,2024,3,18,11,15,976,97611,kaweni-SPPM ( rue de la ),-12.77561,45.22379,Plein jour,En agglomération,Hors intersection,Normale,Deux véhicules - côté,2,2,2,0,1,1,1,0,1,50,2,2,1,0,0,1,37.0,26.0,voiture,deux_roues,1,2,1,1,3
202400009311,2024-03-18 10:15:00,2024,3,18,10,15,974,97411,MAIRIE (ROUTE DE LA),-20.89189,55.46733,Plein jour,En agglomération,Intersection en T,Normale,Sans collision,2,2,3,0,1,1,1,0,1,70,1,1,0,0,1,0,30.0,,deux_roues,,1,2,3,1,7
202400009311,2024-03-18 10:15:00,2024,3,18,10,15,974,97411,MAIRIE (ROUTE DE LA),-20.89189,55.46733,Plein jour,En agglomération,Intersection en T,Normale,Sans collision,2,1,1,0,1,3,1,0,1,30,1,1,0,0,1,0,30.0,,deux_roues,,1,2,3,1,7
202400009312,2024-03-18 07:30:00,2024,3,18,7,30,974,97409,CAMBUSTON (rue de),-20.93326,55.65392,Plein jour,En agglomération,Intersection en T,Normale,Autre collision,3,2,2,0,1,1,1,0,1,50,1,2,1,0,0,1,57.0,,utilitaire_camion,,1,2,3,1,6
202400009312,2024-03-18 07:30:00,2024,3,18,7,30,974,97409,CAMBUSTON (rue de),-20.93326,55.65392,Plein jour,En agglomération,Intersection en T,Normale,Autre collision,3,2,2,0,1,1,1,0,1,50,1,2,1,0,0,1,57.0,,utilitaire_camion,,1,2,3,1,6
202400009313,2024-03-18 19:10:00,2024,3,18,19,10,974,97407,COMPAGNIE DES INDES (BD DE LA) ,-20.94485,55.31648,Crépuscule ou aube,En agglomération,Hors intersection,Normale,Sans collision,2,2,1,1,1,1,1,9,5,25,1,1,0,0,0,1,37.0,,deux_roues,,2,2,1,1,7
202400009314,2024-03-18 07:50:00,2024,3,18,7,50,973,97302,GALMOT (AVENUE),4.92230429,-52.32743025,Plein jour,Hors agglomération,Hors intersection,Normale,Deux véhicules - frontale,3,2,2,0,1,1,1,0,1,50,2,2,1,0,0,1,43.0,18.0,voiture,deux_roues,1,1,1,1,1
202400009315,2024-03-18 10:30:00,2024,3,18,10,30,69,69388,Route de Vienne,45.73615317,4.85302167,Plein jour,En agglomération,Intersection en T,Temps couvert,Deux véhicules - côté,4,2,2,0,1,1,2,0,1,30,2,2,1,0,0,1,21.0,46.0,voiture,deux_roues,1,2,3,8,3
202400009315,2024-03-18 10:30:00,2024,3,18,10,30,69,69388,Route de Vienne,45.73615317,4.85302167,Plein jour,En agglomération,Intersection en T,Temps couvert,Deux véhicules - côté,4,2,2,2,1,1,2,0,1,30,2,2,1,0,0,1,21.0,46.0,voiture,deux_roues,1,2,3,8,3
202400009316,2024-03-18 07:40:00,2024,3,18,7,40,972,97213,ROUTE DEPARTEMENTALE 3,14.62671,-60.98902,Plein jour,Hors agglomération,Hors intersection,Normale,Deux véhicules - côté,3,2,2,0,1,1,1,0,1,70,2,2,1,0,0,1,57.0,17.0,voiture,deux_roues,1,1,1,1,3
202400009317,2024-03-17 17:00:00,2024,3,17,17,0,972,97213,DEPARTEMENTALE 28,14.63255,-60.96157,Plein jour,Hors agglomération,Hors intersection,Normale,Autre collision,3,2,2,0,2,1,1,0,1,70,2,3,1,0,0,2,,23.0,autre,deux_roues,1,1,1,1,6
202400009318,2024-03-11 17:20:00,2024,3,11,17,20,971,97113,Section Port Blanc,16.21834552,-61.47745103,Crépuscule ou aube,Hors agglomération,Autre intersection,Pluie légère,Trois véhicules et plus - en chaîne,3,2,2,0,1,2,2,0,1,50,3,3,2,0,0,1,36.0,36.0,voiture,voiture,2,1,9,2,4
202400009318,2024-03-11 17:20:00,2024,3,11,17,20,971,97113,Section Port Blanc,16.21834552,-61.47745103,Crépuscule ou aube,Hors agglomération,Autre intersection,Pluie légère,Trois véhicules et plus - en chaîne,3,2,2,0,1,1,2,0,1,50,3,3,2,0,0,1,36.0,36.0,voiture,voiture,2,1,9,2,4
202400009319,2024-03-18 19:20:00,2024,3,18,19,20,2A,2A004,ROUTE DU STILETTO,41.94644847,8.76735538,Crépuscule ou aube,En agglomération,Hors intersection,Normale,Autre collision,4,2,2,0,1,1,1,0,1,50,1,2,1,0,0,1,20.0,,deux_roues,,2,2,1,1,6
202400009320,2024-03-18 15:30:00,2024,3,18,15,30,95,95607,D409,49.028898,2.205443,Plein jour,En agglomération,Hors intersection,Normale,Autre collision,3,3,0,0,1,1,1,0,1,50,1,1,0,0,0,1,75.0,,voiture,,1,2,1,1,6
202400009321,2024-03-18 08:00:00,2024,3,18,8,0,91,91457,RUE DU PEUPLE LA LANCE,48.580823,2.25297,Plein jour,En agglomération,Hors intersection,Temps éblouissant,Deux véhicules - arrière,4,1,1,0,1,2,1,0,1,30,2,2,1,0,0,1,38.0,39.0,voiture,voiture,1,2,1,7,2
202400009322,2024-03-17 21:29:00,2024,3,17,21,29,87,87085,LECLERC (AVENUE DU GENERAL),45.8467,1.26101,Nuit avec éclairage allumé,En agglomération,Intersection en T,Normale,Autre collision,4,2,3,3,2,1,1,0,1,50,1,2,1,0,1,0,61.0,,voiture,,5,2,3,1,6
202400009322,2024-03-17 21:29:00,2024,3,17,21,29,87,87085,LECLERC (AVENUE DU GENERAL),45.8467,1.26101,Nuit avec éclairage allumé,En agglomération,Intersection en T,Normale,Autre collision,4,1,1,0,1,1,1,0,1,30,1,2,1,0,1,0,61.0,,voiture,,5,2,3,1,6
202400009323,2024-03-18 09:35:00,2024,3,18,9,35,86,86194,Rocade Ouest,46.601592,0.324338,Plein jour,En agglomération,Intersection en X,Pluie légère,Deux véhicules - frontale,3,2,2,0,1,1,2,0,1,50,2,2,1,0,0,1,53.0,43.0,utilitaire_camion,voiture,1,2,2,2,1
202400009323,2024-03-18 09:35:00,2024,3,18,9,35,86,86194,Rocade Ouest,46.601592,0.324338,Plein jour,En agglomération,Intersection en X,Pluie légère,Deux véhicules - frontale,3,2,4,0,1,1,2,5,1,70,2,2,1,0,0,1,53.0,43.0,utilitaire_camion,voiture,1,2,2,2,1
202400009324,2024-03-17 09:00:00,2024,3,17,9,0,84,84007,AMANDIER (Avenue de l'),43.93514,4.85236,Plein jour,En agglomération,Hors intersection,Normale,Deux véhicules - arrière,4,2,2,2,1,1,1,0,1,50,2,2,1,0,0,1,24.0,66.0,deux_roues,voiture,1,2,1,1,2
202400009325,2024-03-18 20:20:00,2024,3,18,20,20,76,76540,Route de Darnetal,49.44189,1.117,Nuit avec éclairage allumé,En agglomération,Hors intersection,Normale,Autre collision,7,2,2,0,1,1,1,0,1,50,1,1,0,0,0,1,41.0,,voiture,,5,2,1,1,6
202400009326,2024-03-15 23:00:00,2024,3,15,23,0,76,76351,BOIS AU COQ (AVENUE),49.52302,0.11345,Nuit avec éclairage allumé,En agglomération,Hors intersection,Pluie légère,Autre collision,4,2,2,3,1,1,2,4,6,50,1,2,1,0,0,1,37.0,,utilitaire_camion,,5,2,1,2,6
202400009327,2024-03-17 14:23:00,2024,3,17,14,23,72,72181,LEFAUCHEUX PIERRE (BD),47.96274,0.17701,Plein jour,En agglomération,Autre intersection,Pluie légère,Deux véhicules - arrière,4,3,2,0,1,1,2,0,1,90,2,2,1,0,0,1,45.0,25.0,voiture,voiture,1,2,9,2,2
202400009328,2024-03-17 13:38:00,2024,3,17,13,38,72,72181,REMBRANDT (ALLEE),47.97301,0.21199,Plein jour,En agglomération,Place,Pluie légère,Deux véhicules - arrière,4,2,2,0,1,1,2,9,1,30,2,4,2,0,0,2,50.0,36.0,voiture,voiture,1,2,7,2,2
202400009329,2024-03-17 08:45:00,2024,3,17,8,45,72,72181,ESTIENNE D'ORVES (BD D'),47.98406,0.18609,Plein jour,En agglomération,Intersection en X,Pluie légère,Trois véhicules et plus - collisions multiples,4,2,2,0,1,1,2,5,1,50,3,4,3,0,0,1,38.0,21.0,voiture,voiture,1,2,2,2,5
202400009329,2024-03-17 08:45:00,2024,3,17,8,45,72,72181,ESTIENNE D'ORVES (BD D'),47.98406,0.18609,Plein jour,En agglomération,Intersection en X,Pluie légère,Trois véhicules et plus - collisions multiples,4,3,2,0,1,1,2,5,1,70,3,4,3,0,0,1,38.0,21.0,voiture,voiture,1,2,2,2,5
202400009330,2024-02-29 07:26:00,2024,2,29,7,26,68,68271,Rue de la Paix,47.746838,7.367849,Crépuscule ou aube,En agglomération,Intersection en T,Normale,Deux véhicules - frontale,4,2,2,0,1,1,1,0,1,50,2,2,1,0,1,0,45.0,18.0,deux_roues,voiture,2,2,3,1,1
202400009330,2024-02-29 07:26:00,2024,2,29,7,26,68,68271,Rue de la Paix,47.746838,7.367849,Crépuscule ou aube,En agglomération,Intersection en T,Normale,Deux véhicules - frontale,4,2,2,0,1,1,1,0,1,50,2,2,1,0,1,0,45.0,18.0,deux_roues,voiture,2,2,3,1,1
202400009331,2024-03-16 21:15:00,2024,3,16,21,15,64,64132,ALFRED NOBEL,43.31002,-0.3259,Nuit avec éclairage allumé,En agglomération,Intersection en T,Normale,Deux véhicules - côté,4,2,3,3,1,1,1,5,1,50,2,4,0,0,0,4,48.0,53.0,voiture,voiture,5,2,3,1,3
202400009331,2024-03-16 21:15:00,2024,3,16,21,15,64,64132,ALFRED NOBEL,43.31002,-0.3259,Nuit avec éclairage allumé,En agglomération,Intersection en T,Normale,Deux véhicules - côté,4,2, -1,-1,1,1,1,0,1,50,2,4,0,0,0,4,48.0,53.0,voiture,voiture,5,2,3,1,3
202400009332,2024-03-18 08:50:00,2024,3,18,8,50,64,64140,BRAMARIE (RUE RAOUL),43.51739,-1.48643,Plein jour,En agglomération,Hors intersection,Normale,Deux véhicules - arrière,4,2,2,1,1,1,1,0,1,30,2,2,1,0,0,1,15.0,52.0,deux_roues,voiture,1,2,1,1,2
202400009333,2024-03-18 12:30:00,2024,3,18,12,30,60,60159,Rue Saint-Lazare,49.40815249,2.83579607,Plein jour,En agglomération,Intersection en T,Normale,Deux véhicules - côté,4,2,2,0,1,1,1,0,1,30,2,2,1,0,0,1,67.0,15.0,voiture,deux_roues,1,2,3,1,3
202400009333,2024-03-18 12:30:00,2024,3,18,12,30,60,60159,Rue Saint-Lazare,49.40815249,2.83579607,Plein jour,En agglomération,Intersection en T,Normale,Deux véhicules - côté,4,2,2,0,1,1,1,0,1,50,2,2,1,0,0,1,67.0,15.0,voiture,deux_roues,1,2,3,1,3
202400009334,2024-03-18 07:25:00,2024,3,18,7,25,59,59421,ROOSEVELT (RUE FRANKLIN),50.700484,3.136419,Nuit avec éclairage non allumé,En agglomération,Autre intersection,Pluie légère,Autre collision,7,-1,2,0,1,1,9,9,8,50,2,2,1,0,0,1,53.0,18.0,voiture,deux_roues,4,2,9,2,6
202400009335,2024-03-18 21:30:00,2024,3,18,21,30,59,59368,Avenue de la République,50.64784,3.07765,Nuit avec éclairage allumé,En agglomération,Passage à niveau,Normale,Autre collision,7,2,1,2,1,1,1,4,1,50,1,2,1,0,1,0,46.0,,transport_commun,,5,2,8,1,6
202400009336,2024-03-18 09:00:00,2024,3,18,9,0,59,59343,SCHWEITZER RUE DU DOCTEUR,50.59128,3.10411,Plein jour,En agglomération,Intersection en X,Normale,Deux véhicules - côté,4,1,1,0,1,1,1,0,1,50,2,2,1,0,0,1,23.0,63.0,voiture,voiture,1,2,2,1,3