accident_id,datetime,annee,mois,jour,heure,minute,departement,commune_insee,adresse,latitude,longitude,luminosite,agglomeration,intersection,meteo,collision,catr,circ,nbv,vosp,prof,plan,surf,infra,situ,vma,nb_vehicules,nb_usagers,nb_indemnes,nb_tues,nb_blesses_hosp,nb_blesses_legers,age_cond_1,age_cond_2,veh_type_cond_1,veh_type_cond_2,lum_code,agg_code,int_code,atm_code,col_code
202400009399,2024-03-18 08:30:00,2024,3,18,8,30,93,93059,Avenue Lénine / Rue Séverine,48.96086,2.35888,Plein jour,En agglomération,Intersection en T,Normale,Deux véhicules - côté,3,3,4,3,1,1,1,0,1,50,2,2,1,0,0,1,23.0,41.0,deux_roues,voiture,1,2,3,1,3
202400009399,2024-03-18 08:30:00,2024,3,18,8,30,93,93059,Avenue Lénine / Rue Séverine,48.96086,2.35888,Plein jour,En agglomération,Intersection en T,Normale,Deux véhicules - côté,3,2,2,0,1,1,1,0,1,-1,2,2,1,0,0,1,23.0,41.0,deux_roues,voiture,1,2,3,1,3
202400009400,2024-07-05 13:20:00,2024,7,5,13,20,94,94021,30 Av du Pdt Franklin Roosevelt,48.77187917,2.35875821,Plein jour,En agglomération,Hors intersection,Normale,Autre collision,3,2,2,0,1,1,1,0,1,50,1,2,1,0,0,1,43.0,,voiture,,1,2,1,1,6
202400009401,2024-03-18 17:30:00,2024,3,18,17,30,93,93064,Avenue du Président John Kennedy / Rue du 11 Novembre,48.8803972,2.49361418,Plein jour,En agglomération,Intersection en T,Normale,Autre collision,3,2,2,2,1,1,1,0,4,50,1,1,0,0,0,1,38.0,,voiture,,1,2,3,1,6
202400009401,2024-03-18 17:30:00,2024,3,18,17,30,93,93064,Avenue du Président John Kennedy / Rue du 11 Novembre,48.8803972,2.49361418,Plein jour,En agglomération,Intersection en T,Normale,Autre collision,3,2,2,0,1,1,1,0,4,-1,1,1,0,0,0,1,38.0,,voiture,,1,2,3,1,6
202400009402,2024-07-03 10:00:00,2024,7,3,10,0,94,94060,30 Rue du Général de Gaulle,48.780096,2.577047,Plein jour,En agglomération,Hors intersection,Temps couvert,Trois véhicules et plus - en chaîne,3,1,4,0,1,1,1,0,1,50,3,4,1,0,0,3,57.0,23.0,voiture,voiture,1,2,1,8,4
202400009403,2024-03-18 06:20:00,2024,3,18,6,20,93,93050,Rue Paul et Camille Thomoux / Rue du 19 Mars 1962,48.86264,2.53023,Crépuscule ou aube,En agglomération,Intersection en T,Normale,Deux véhicules - côté,3,2,2,2,1,1,1,0,1,50,2,2,1,0,0,1,56.0,56.0,voiture,deux_roues,2,2,3,1,3
202400009403,2024-03-18 06:20:00,2024,3,18,6,20,93,93050,Rue Paul et Camille Thomoux / Rue du 19 Mars 1962,48.86264,2.53023,Crépuscule ou aube,En agglomération,Intersection en T,Normale,Deux véhicules - côté,3,2,2,0,1,1,1,0,1,-1,2,2,1,0,0,1,56.0,56.0,voiture,deux_roues,2,2,3,1,3
202400009404,2024-07-04 21:45:00,2024,7,4,21,45,93,93073,CHAPIT RE ( RUE DU),48.99012,2.56982,Plein jour,Hors agglomération,Hors intersection,Normale,Deux véhicules - frontale,3,2,2,0,1,1,1,0,1,70,2,2,1,0,0,1,45.0,66.0,voiture,voiture,1,1,1,1,1
202400009405,2024-07-05 16:00:00,2024,7,5,16,0,93,93066,MOULIN JEAN (AVENUE) NR 2 A 8 ET 1 A 11,48.942041,2.365449,Plein jour,En agglomération,Intersection en X,Normale,Deux véhicules - côté,3,2,2,0,1,1,1,5,1,50,2,2,1,0,0,1,20.0,34.0,deux_roues,voiture,1,2,2,1,3
202400009405,2024-07-05 16:00:00,2024,7,5,16,0,93,93066,MOULIN JEAN (AVENUE) NR 2 A 8 ET 1 A 11,48.942041,2.365449,Plein jour,En agglomération,Intersection en X,Normale,Deux véhicules - côté,3,2,0,0,1,1,1,0,1,50,2,2,1,0,0,1,20.0,34.0,deux_roues,voiture,1,2,2,1,3
202400009406,2024-03-18 09:20:00,2024,3,18,9,20,93,93006,Rue Louise Michel / Avenue Raspail,48.87485,2.43126,Plein jour,En agglomération,Intersection en X,Normale,Deux véhicules - côté,3,2,2,0,1,1,1,0,1,-1,2,2,1,0,0,1,77.0,68.0,voiture,deux_roues,1,2,2,1,3
202400009406,2024-03-18 09:20:00,2024,3,18,9,20,93,93006,Rue Louise Michel / Avenue Raspail,48.87485,2.43126,Plein jour,En agglomération,Intersection en X,Normale,Deux véhicules - côté,3,2,2,0,1,1,1,0,1,50,2,2,1,0,0,1,77.0,68.0,voiture,deux_roues,1,2,2,1,3
202400009407,2024-07-05 18:45:00,2024,7,5,18,45,93,93064,LECLERC (RUE DU GENERAL),48.867685,2.493184,Plein jour,En agglomération,Autre intersection,Normale,Autre collision,3,1,1,0,1,1,1,0,1,30,1,2,1,0,0,1,33.0,,voiture,,1,2,9,1,6
202400009408,2024-03-18 10:55:00,2024,3,18,10,55,93,93010,Avenue Galliéni,48.906712,2.485734,Plein jour,En agglomération,Hors intersection,Normale,Deux véhicules - côté,3,3,6,0,1,1,1,3,1,50,2,2,1,0,0,1,31.0,,deux_roues,autre,1,2,1,1,3
202400009409,2024-07-05 06:15:00,2024,7,5,6,15,93,93053,Rue de Paris,48.90047868,2.45266914,Plein jour,En agglomération,Autre intersection,Normale,Deux véhicules - côté,3,3,4,2,1,1,1,0,1,50,2,2,1,0,1,0,40.0,,deux_roues,utilitaire_camion,1,2,9,1,3
202400009410,2024-03-18 14:10:00,2024,3,18,14,10,93,93005,Allée Jean-Marie Rous / Avenue de Savigny,48.949278,2.512437,Plein jour,En agglomération,Intersection en T,Normale,Autre collision,4,1, -1,0,1,1,1,0,1,-1,1,2,1,0,0,1,39.0,,voiture,,1,2,3,1,6
202400009410,2024-03-18 14:10:00,2024,3,18,14,10,93,93005,Allée Jean-Marie Rous / Avenue de Savigny,48.949278,2.512437,Plein jour,En agglomération,Intersection en T,Normale,Autre collision,4,2,2,0,1,1,1,0,1,50,1,2,1,0,0,1,39.0,,voiture,,1,2,3,1,6
202400009411,2024-07-05 08:35:00,2024,7,5,8,35,93,93051,NOISERAIE (ALLEE),48.83956839,2.57622242,Plein jour,En agglomération,Hors intersection,Normale,Deux véhicules - côté,4,1,1,0,1,1,1,0,1,30,2,3,2,0,0,1,34.0,61.0,voiture,voiture,1,2,1,1,3
202400009412,2024-03-18 08:45:00,2024,3,18,8,45,93,93005,Rue du Docteur Fleming / Rue Calmette et Guerin,48.952356,2.517659,Plein jour,En agglomération,Giratoire,Normale,Autre collision,4,2,2,0,1,1,1,0,1,-1,1,2,1,0,0,1,19.0,,voiture,,1,2,6,1,6
202400009412,2024-03-18 08:45:00,2024,3,18,8,45,93,93005,Rue du Docteur Fleming / Rue Calmette et Guerin,48.952356,2.517659,Plein jour,En agglomération,Giratoire,Normale,Autre collision,4,2,2,0,1,3,1,0,1,50,1,2,1,0,0,1,19.0,,voiture,,1,2,6,1,6
202400009413,2024-07-04 13:45:00,2024,7,4,13,45,93,93048,Avenue du President Salvador Allende / Rue Jules Verne,48.87141074,2.45877238,Plein jour,En agglomération,Intersection en T,Normale,Autre collision,4,1,1,0,1,1,1,0,1,-1,1,2,1,0,0,1,29.0,,deux_roues,,1,2,3,1,6
202400009413,2024-07-04 13:45:00,2024,7,4,13,45,93,93048,Avenue du President Salvador Allende / Rue Jules Verne,48.87141074,2.45877238,Plein jour,En agglomération,Intersection en T,Normale,Autre collision,4,1,1,0,2,1,1,0,1,30,1,2,1,0,0,1,29.0,,deux_roues,,1,2,3,1,6
202400009414,2024-03-18 18:59:00,2024,3,18,18,59,92,92072,GRANDE RUE,48.8264,2.21927,Crépuscule ou aube,En agglomération,Autre intersection,Normale,Deux véhicules - côté,3,3,0,0,1,1,1,5,1,50,2,2,1,0,0,1,59.0,71.0,voiture,voiture,2,2,9,1,3
202400009415,2024-07-04 18:30:00,2024,7,4,18,30,93,93063,Avenue Pierre Kérautret / Passage Voltaire / Boulevard Roger Salengro ,48.87962171,2.44862836,Plein jour,En agglomération,Intersection en X,Normale,Deux véhicules - côté,3,2,3,2,1,1,1,0,1,50,2,5,3,0,0,2,36.0,23.0,voiture,voiture,1,2,2,1,3
202400009415,2024-07-04 18:30:00,2024,7,4,18,30,93,93063,Avenue Pierre Kérautret / Passage Voltaire / Boulevard Roger Salengro ,48.87962171,2.44862836,Plein jour,En agglomération,Intersection en X,Normale,Deux véhicules - côté,3,2,2,2,1,3,1,0,1,-1,2,5,3,0,0,2,36.0,23.0,voiture,voiture,1,2,2,1,3
202400009415,2024-07-04 18:30:00,2024,7,4,18,30,93,93063,Avenue Pierre Kérautret / Passage Voltaire / Boulevard Roger Salengro ,48.87962171,2.44862836,Plein jour,En agglomération,Intersection en X,Normale,Deux véhicules - côté,3,1,1,2,1,3,1,0,1,50,2,5,3,0,0,2,36.0,23.0,voiture,voiture,1,2,2,1,3
202400009416,2024-03-17 18:30:00,2024,3,17,18,30,92,92022,LIBERATION (BOULEVARD DE LA),48.80279057,2.18652606,Plein jour,En agglomération,Hors intersection,Normale,Deux véhicules - côté,4,2,2,0,1,2,1,0,1,30,2,2,1,0,0,1,42.0,29.0,voiture,utilitaire_camion,1,2,1,1,3
202400009417,2024-03-17 12:23:00,2024,3,17,12,23,92,92064,DIX-HUI JUIN,48.84864675,2.22240204,Plein jour,En agglomération,Hors intersection,Pluie légère,Sans collision,4,1,1,0,1,1,2,0,1,30,1,1,0,0,0,1,23.0,,deux_roues,,1,2,1,2,7
202400009418,2024-07-05 14:56:00,2024,7,5,14,56,93,93031,Rue d'Estrées / Avenue de la République,48.94811599,2.33821705,Plein jour,En agglomération,Intersection en T,Normale,Deux véhicules - côté,3,3,4,1,2,1,1,0,5,50,2,2,1,0,0,1,20.0,38.0,voiture,deux_roues,1,2,3,1,3
202400009418,2024-07-05 14:56:00,2024,7,5,14,56,93,93031,Rue d'Estrées / Avenue de la République,48.94811599,2.33821705,Plein jour,En agglomération,Intersection en T,Normale,Deux véhicules - côté,3,2,2,0,2,1,1,0,1,30,2,2,1,0,0,1,20.0,38.0,voiture,deux_roues,1,2,3,1,3
202400009419,2024-07-05 16:30:00,2024,7,5,16,30,93,93005,RAINCY (AVENUE DU),48.9245,2.50575,Plein jour,En agglomération,Intersection en X,Normale,Deux véhicules - côté,4,-1,2,0,1,1,1,0,1,50,2,2,1,0,0,1,45.0,19.0,voiture,deux_roues,1,2,2,1,3
202400009419,2024-07-05 16:30:00,2024,7,5,16,30,93,93005,RAINCY (AVENUE DU),48.9245,2.50575,Plein jour,En agglomération,Intersection en X,Normale,Deux véhicules - côté,4,2,2,0,1,1,1,0,1,50,2,2,1,0,0,1,45.0,19.0,voiture,deux_roues,1,2,2,1,3
202400009420,2024-03-18 07:30:00,2024,3,18,7,30,92,92012,GEORGES GORSE (QUAI),48.82482862,2.2352407,Plein jour,En agglomération,Autre intersection,Normale,Trois véhicules et plus - en chaîne,3,2,2,0,1,1,1,0,1,50,3,3,2,0,0,1,24.0,42.0,voiture,deux_roues,1,2,9,1,4
202400009421,2024-07-05 16:00:00,2024,7,5,16,0,93,93001,PAUL ELUARD (ALLEE),48.918412,2.402256,Plein jour,En agglomération,Autre intersection,Normale,Deux véhicules - arrière,4,2,1,0,1,1,1,6,1,30,2,2,1,0,0,1,16.0,22.0,deux_roues,utilitaire_camion,1,2,9,1,2
202400009422,2024-03-17 16:45:00,2024,3,17,16,45,92,92004,DOCTEUR DERVAUX  ( QUAI DU ),48.90400919,2.28549922,Plein jour,En agglomération,Autre intersection,Normale,Deux véhicules - arrière,3,1,2,0,1,1,1,0,1,50,2,2,1,0,0,1,23.0,37.0,voiture,voiture,1,2,9,1,2
202400009423,2024-07-05 09:00:00,2024,7,5,9,0,92,92046,PIERRE BROSSOLETTE (AVENUE),48.81735938,2.3073957,Plein jour,En agglomération,Hors intersection,Normale,Deux véhicules - côté,3,2,1,0,1,1,1,0,1,50,2,2,1,0,0,1,57.0,33.0,utilitaire_camion,deux_roues,1,2,1,1,3
202400009424,2024-03-14 17:25:00,2024,3,14,17,25,60,60587,D1017,49.352071,2.609623,Plein jour,Hors agglomération,Intersection en T,Normale,Deux véhicules - côté,3,2,2,0,1,1,1,0,1,80,2,2,1,0,1,0,31.0,24.0,voiture,voiture,1,1,3,1,3
202400009424,2024-03-14 17:25:00,2024,3,14,17,25,60,60587,D1017,49.352071,2.609623,Plein jour,Hors agglomération,Intersection en T,Normale,Deux véhicules - côté,3,2, -1,-1,1,1,1,0,1,-1,2,2,1,0,1,0,31.0,24.0,voiture,voiture,1,1,3,1,3
202400009425,2024-07-05 14:00:00,2024,7,5,14,0,92,92064,CARNOT,48.84991285,2.22384113,Plein jour,En agglomération,Hors intersection,Normale,Deux véhicules - arrière,3,2,2,0,1,1,1,0,1,50,2,2,1,0,0,1,29.0,25.0,deux_roues,utilitaire_camion,1,2,1,1,2
202400009426,2024-07-05 18:49:00,2024,7,5,18,49,92,92051,"ROULE (AVENUE DU, N° 29 A 91 ET 30 A 86)",48.8823638,2.27804607,Plein jour,En agglomération,Hors intersection,Normale,Deux véhicules - côté,4,2,2,0,1,1,1,0,1,50,2,2,1,0,0,1,,61.0,voiture,deux_roues,1,2,1,1,3
202400009427,2024-03-16 00:45:00,2024,3,16,0,45,974,97415,Avenue du Stade,-20.984772,55.28897,Nuit avec éclairage allumé,En agglomération,Intersection en X,Normale,Deux véhicules - frontale,4,2, -1,-1,1,1,1,5,1,-1,2,3,2,0,1,0,23.0,24.0,voiture,deux_roues,5,2,2,1,1
202400009427,2024-03-16 00:45:00,2024,3,16,0,45,974,97415,Avenue du Stade,-20.984772,55.28897,Nuit avec éclairage allumé,En agglomération,Intersection en X,Normale,Deux véhicules - frontale,4,3,4,3,1,1,1,5,1,50,2,3,2,0,1,0,23.0,24.0,voiture,deux_roues,5,2,2,1,1
202400009428,2024-07-05 17:00:00,2024,7,5,17,0,92,92044,GABRIEL PERI(RUE) 25A49 ET 38A46,48.89259138,2.28724551,Plein jour,En agglomération,Intersection en T,Normale,Autre collision,4,1,1,0,1,1,1,0,1,50,1,2,1,0,0,1,64.0,,deux_roues,,1,2,3,1,6
202400009428,2024-07-05 17:00:00,2024,7,5,17,0,92,92044,GABRIEL PERI(RUE) 25A49 ET 38A46,48.89259138,2.28724551,Plein jour,En agglomération,Intersection en T,Normale,Autre collision,4,-1,1,0,1,1,1,0,1,50,1,2,1,0,0,1,64.0,,deux_roues,,1,2,3,1,6
202400009429,2024-03-19 05:28:00,2024,3,19,5,28,976,97610,ZI 3 VALLÉES - LONGONI,-12.729935,45.180287,Crépuscule ou aube,Hors agglomération,Hors intersection,Normale,Deux véhicules - frontale,2,2,2,0,1,1,1,0,1,70,2,2,0,0,2,0,45.0,31.0,voiture,deux_roues,2,1,1,1,1
202400009430,2024-03-19 17:40:00,2024,3,19,17,40,24,24442,364 Route de Guillassou,45.109343,0.508584,Plein jour,Hors agglomération,Hors intersection,Normale,Autre collision,4,2,2,0,2,3,1,0,1,80,1,1,0,1,0,0,54.0,,deux_roues,,1,1,1,1,6
202400009431,2024-05-02 08:40:00,2024,5,2,8,40,92,92044,ANDRE MALRAUX (SQUARE)157DANTON,48.89804235,2.27656013,Plein jour,En agglomération,Intersection en T,Normale,Deux véhicules - côté,3,1,1,1,1,3,1,0,1,50,2,2,1,0,0,1,79.0,33.0,deux_roues,voiture,1,2,3,1,3
202400009431,2024-05-02 08:40:00,2024,5,2,8,40,92,92044,ANDRE MALRAUX (SQUARE)157DANTON,48.89804235,2.27656013,Plein jour,En agglomération,Intersection en T,Normale,Deux véhicules - côté,3,1,2,1,1,1,1,0,5,50,2,2,1,0,0,1,79.0,33.0,deux_roues,voiture,1,2,3,1,3
202400009432,2024-07-04 11:16:00,2024,7,4,11,16,92,92035,République ( boulevard de la ),48.90556584,2.25481832,Plein jour,En agglomération,Hors intersection,Normale,Deux véhicules - côté,3,1,4,0,1,1,1,0,1,50,2,3,1,0,0,2,43.0,25.0,voiture,deux_roues,1,2,1,1,3
202400009433,2024-03-17 20:20:00,2024,3,17,20,20,40,40065,19 Rue des Marsouins,43.65282,-1.444351,Nuit avec éclairage allumé,En agglomération,Intersection en X,Normale,Trois véhicules et plus - collisions multiples,4,1,1,0,1,1,1,0,1,50,3,3,2,0,1,0,16.0,41.0,deux_roues,voiture,5,2,2,1,5
202400009433,2024-03-17 20:20:00,2024,3,17,20,20,40,40065,19 Rue des Marsouins,43.65282,-1.444351,Nuit avec éclairage allumé,En agglomération,Intersection en X,Normale,Trois véhicules et plus - collisions multiples,4,2, -1,-1,1,1,1,0,1,50,3,3,2,0,1,0,16.0,41.0,deux_roues,voiture,5,2,2,1,5
202400009434,2024-07-04 13:00:00,2024,7,4,13,0,92,92025,GABRIEL PERI (RUE),48.91849892,2.23959891,Plein jour,En agglomération,Place,Temps éblouissant,Deux véhicules - côté,3,1,2,0,1,1,1,0,1,50,2,2,1,0,0,1,24.0,36.0,voiture,voiture,1,2,7,7,3
202400009435,2024-03-17 13:12:00,2024,3,17,13,12,71,71383,Station service TOTAL - autoroute 6 - aire de MACON LA SALLE - sens LYON PARIS,46.419553,4.866608,Plein jour,Hors agglomération,Hors intersection,Normale,Autre collision,1,1,1,0,1,1,1,9,1,50,1,3,2,0,0,1,27.0,,utilitaire_camion,,1,1,1,1,6
202400009436,2024-03-17 02:58:00,2024,3,17,2,58,17,17414,D105,46.210539,-1.135513,Nuit sans éclairage public,Hors agglomération,Giratoire,Normale,Sans collision,3,2,2,0,1,1,1,5,3,90,1,1,0,0,1,0,34.0,,voiture,,3,1,6,1,7
202400009437,2024-07-05 08:50:00,2024,7,5,8,50,92,92012,REPUBLIQUE (BOULEVARD DE LA) 79/FIN - 76,48.83339,2.24456,Plein jour,En agglomération,Hors intersection,Normale,Deux véhicules - côté,3,2,3,0,1,1,1,0,1,30,2,2,1,0,0,1,53.0,35.0,voiture,deux_roues,1,2,1,1,3
202400009438,2024-03-18 09:24:00,2024,3,18,9,24,14,14738,A84,49.163999,-0.438209,Plein jour,Hors agglomération,Hors intersection,Normale,Deux véhicules - arrière,1,3,2,0,1,1,1,0,1,90,2,3,2,0,0,1,50.0,51.0,voiture,deux_roues,1,1,1,1,2
202400009439,2024-07-05 23:00:00,2024,7,5,23,0,92,92004,DOCTEUR DERVAUX  ( QUAI DU ),48.91114526,2.29880655,Nuit sans éclairage public,En agglomération,Intersection en X,Normale,Deux véhicules - côté,3,-1,1,0,1,3,1,2,1,10,2,2,1,0,0,1,61.0,31.0,voiture,deux_roues,3,2,2,1,3
202400009439,2024-07-05 23:00:00,2024,7,5,23,0,92,92004,DOCTEUR DERVAUX  ( QUAI DU ),48.91114526,2.29880655,Nuit sans éclairage public,En agglomération,Intersection en X,Normale,Deux véhicules - côté,3,2,0,1,1,1,1,0,1,50,2,2,1,0,0,1,61.0,31.0,voiture,deux_roues,3,2,2,1,3
202400009440,2024-07-05 17:25:00,2024,7,5,17,25,63,63388,D987,45.99975572,2.76370796,Plein jour,Hors agglomération,Hors intersection,Normale,Autre collision,3,2,2,0,2,3,1,0,3,-1,1,1,0,0,1,0,39.0,,voiture,,1,1,1,1,6
202400009441,2024-03-18 18:30:00,2024,3,18,18,30,65,65069,D142,43.072975,0.396173,Crépuscule ou aube,Hors agglomération,Hors intersection,Normale,Deux véhicules - côté,3,2,2,0,1,1,1,2,1,80,2,2,1,0,0,1,62.0,26.0,voiture,voiture,2,1,1,1,3
202400009442,2024-07-05 11:15:00,2024,7,5,11,15,12,12172,Route de la Planque,44.600491,2.667347,Plein jour,Hors agglomération,Hors intersection,Normale,Deux véhicules - arrière,3,2,2,0,2,1,1,0,1,90,2,3,2,0,1,0,21.0,59.0,deux_roues,voiture,1,1,1,1,2
202400009443,2024-07-06 12:30:00,2024,7,6,12,30,85,85065,la chausseloire,46.897878,-1.22431,Plein jour,Hors agglomération,Hors intersection,Normale,Deux véhicules - frontale,4,2,2,0,2,2,1,0,1,80,2,2,1,0,1,0,62.0,15.0,voiture,deux_roues,1,1,1,1,1
202400009444,2024-03-19 13:45:00,2024,3,19,13,45,63,63130, RD502 / lieu-dit les monts,46.182248,2.767562,Plein jour,Hors agglomération,Intersection en T,Normale,Deux véhicules - frontale,3,2,2,0,1,1,1,0,1,90,2,3,1,0,0,2,44.0,80.0,utilitaire_camion,voiture,1,1,3,1,1
202400009444,2024-03-19 13:45:00,2024,3,19,13,45,63,63130, RD502 / lieu-dit les monts,46.182248,2.767562,Plein jour,Hors agglomération,Intersection en T,Normale,Deux véhicules - frontale,3,2,2,0,1,1,1,0,1,50,2,3,1,0,0,2,44.0,80.0,utilitaire_camion,voiture,1,1,3,1,1
202400009445,2024-07-05 22:00:00,2024,7,5,22,0,62,62767,Rue de Bethune,50.383059,2.337549,Crépuscule ou aube,En agglomération,Hors intersection,Normale,Deux véhicules - frontale,4,2,2,0,4,3,1,0,1,50,2,3,1,0,0,2,28.0,18.0,voiture,voiture,2,2,1,1,1
202400009446,2024-03-17 20:30:00,2024,3,17,20,30,47,47069,2492 route d'Agen,44.222441,0.566588,Crépuscule ou aube,En agglomération,Hors intersection,Normale,Autre collision,3,2,2,0,1,1,1,0,3,80,1,2,1,0,1,0,46.0,,voiture,,2,2,1,1,6
202400009447,2024-07-05 17:50:00,2024,7,5,17,50,41,41149,50 Rue du Général Leclerc,47.752954,0.869081,Plein jour,En agglomération,Hors intersection,Normale,Autre collision,4,2,2,0,1,1,1,0,1,50,1,2,1,1,0,0,54.0,,voiture,,1,2,1,1,6
202400009448,2024-03-19 18:14:00,2024,3,19,18,14,68,68258,D429,47.84136651,7.28859918,Plein jour,Hors agglomération,Hors intersection,Normale,Deux véhicules - côté,3,2,2,0,1,1,1,0,1,80,2,2,1,0,1,0,22.0,56.0,deux_roues,voiture,1,1,1,1,3
202400009449,2024-07-05 16:00:00,2024,7,5,16,0,66,66141,Rue du Néoulous,42.737147,2.915787,Plein jour,En agglomération,Giratoire,Normale,Deux véhicules - côté,4,1,1,0,1,2,1,0,1,50,2,2,1,0,0,1,42.0,31.0,deux_roues,utilitaire_camion,1,2,6,1,3
202400009450,2024-03-19 08:30:00,2024,3,19,8,30,44,44063,14 Avenue  Xavier Rineau,47.084749,-1.262741,Plein jour,En agglomération,Giratoire,Temps éblouissant,Deux véhicules - côté,4,2,2,0,1,3,1,0,1,50,2,2,1,0,0,1,33.0,24.0,voiture,deux_roues,1,2,6,7,3
202400009451,2024-07-04 02:00:00,2024,7,4,2,0,62,62819,D943E1,50.775255,2.198344,Nuit sans éclairage public,En agglomération,Hors intersection,Normale,Autre collision,3,2,2,0,1,1,1,0,3,50,1,1,0,0,1,0,38.0,,deux_roues,,3,2,1,1,6
202400009452,2024-03-19 16:55:00,2024,3,19,16,55,44,44154,,47.228409,-2.154275,Plein jour,Hors agglomération,Hors intersection,Normale,Autre collision,3,3,4,0,2,1,1,0,3,70,1,1,0,1,0,0,76.0,,voiture,,1,1,1,1,6
202400009453,2024-07-06 14:00:00,2024,7,6,14,0,62,62273,D127,50.61153,1.829717,Plein jour,En agglomération,Hors intersection,Vent fort / tempête,Deux véhicules - côté,3,2,2,0,1,1,2,0,1,50,2,2,1,0,0,1,28.0,22.0,deux_roues,deux_roues,1,2,1,6,3
202400009454,2024-03-05 19:15:00,2024,3,5,19,15,35,35331,D62 D35,48.105532,-1.918665,Nuit sans éclairage public,Hors agglomération,Giratoire,Normale,Deux véhicules - côté,3,2,2,0,1,1,2,0,1,80,2,2,0,0,2,0,49.0,56.0,deux_roues,voiture,3,1,6,1,3
202400009454,2024-03-05 19:15:00,2024,3,5,19,15,35,35331,D62 D35,48.105532,-1.918665,Nuit sans éclairage public,Hors agglomération,Giratoire,Normale,Deux véhicules - côté,3,2,2,0,1,1,2,0,1,80,2,2,0,0,2,0,49.0,56.0,deux_roues,voiture,3,1,6,1,3
202400009455,2024-07-04 16:50:00,2024,7,4,16,50,51,51115,l entree des verriats,49.194444,4.01149,Plein jour,En agglomération,Hors intersection,Temps éblouissant,Deux véhicules - frontale,4,2,2,0,2,1,1,0,1,30,2,2,0,0,0,2,38.0,33.0,voiture,voiture,1,2,1,7,1
202400009456,2024-03-19 07:30:00,2024,3,19,7,30,29,29210,Pen Ar C’hoas,48.57258455,-4.00446296,Crépuscule ou aube,Hors agglomération,Hors intersection,Normale,Deux véhicules - frontale,4,2,2,0,1,1,1,0,1,80,2,2,1,0,0,1,17.0,37.0,deux_roues,voiture,2,1,1,1,1
202400009457,2024-07-05 19:00:00,2024,7,5,19,0,56,56164,Penhouët,47.660076,-2.812747,Plein jour,Hors agglomération,Hors intersection,Normale,Deux véhicules - frontale,4,2,2,0,2,3,1,0,1,50,2,2,1,0,1,0,49.0,28.0,transport_commun,deux_roues,1,1,1,1,1
202400009458,2024-03-19 16:40:00,2024,3,19,16,40,29,29110,Douar Ar Zant,48.07936659,-3.91234085,Plein jour,Hors agglomération,Hors intersection,Normale,Sans collision,3,2,2,0,2,1,1,0,1,80,1,1,0,1,0,0,76.0,,deux_roues,,1,1,1,1,7
202400009459,2024-07-06 05:30:00,2024,7,6,5,30,2B,2B185,strada pasquale paoli,42.629874,9.350486,Nuit sans éclairage public,Hors agglomération,Hors intersection,Normale,Autre collision,3,2,2,0,2,2,1,0,1,80,1,2,0,0,0,2,18.0,,deux_roues,,3,1,1,1,6
202400009460,2024-03-18 10:20:00,2024,3,18,10,20,31,31100,D11,43.317161,1.619797,Plein jour,Hors agglomération,Hors intersection,Normale,Deux véhicules - côté,3,2,2,0,1,2,1,0,1,80,2,2,0,0,2,0,29.0,60.0,voiture,voiture,1,1,1,1,3
202400009461,2024-03-18 16:56:00,2024,3,18,16,56,38,38012,D40,45.61265571,5.61498214,Plein jour,En agglomération,Hors intersection,Normale,Autre collision,3,2,2,0,1,2,1,2,3,90,1,1,0,0,1,0,48.0,,deux_roues,,1,2,1,1,6
202400009462,2024-07-05 20:15:00,2024,7,5,20,15,65,65035,RUE DE LA MONTJOIE,43.398702,0.074941,Crépuscule ou aube,En agglomération,Intersection en X,Normale,Deux véhicules - frontale,3,2,2,0,1,3,1,5,1,50,2,3,2,0,0,1,17.0,58.0,deux_roues,voiture,2,2,2,1,1
202400009462,2024-07-05 20:15:00,2024,7,5,20,15,65,65035,RUE DE LA MONTJOIE,43.398702,0.074941,Crépuscule ou aube,En agglomération,Intersection en X,Normale,Deux véhicules - frontale,3,2,2,-1,1,1,1,0,1,50,2,3,2,0,0,1,17.0,58.0,deux_roues,voiture,2,2,2,1,1
202400009463,2024-03-19 17:10:00,2024,3,19,17,10,84,84051,Rond pont de la mayette D900,43.859359,5.266453,Plein jour,Hors agglomération,Giratoire,Normale,Deux véhicules - côté,3,-1,2,0,1,1,1,0,1,80,2,2,1,0,1,0,73.0,59.0,voiture,deux_roues,1,1,6,1,3
202400009464,2024-03-18 18:40:00,2024,3,18,18,40,64,64235,CD 14,43.337965,-1.065175,Plein jour,Hors agglomération,Hors intersection,Normale,Deux véhicules - frontale,3,2,2,0,1,3,1,0,1,80,2,3,2,0,0,1,38.0,84.0,utilitaire_camion,voiture,1,1,1,1,1
202400009465,2024-07-06 17:42:00,2024,7,6,17,42,71,71263,D678,46.633596,5.256663,Plein jour,Hors agglomération,Intersection en T,Pluie légère,Deux véhicules - arrière,3,2,2,0,1,1,1,0,1,80,2,4,3,0,0,1,42.0,24.0,utilitaire_camion,voiture,1,1,3,2,2
202400009465,2024-07-06 17:42:00,2024,7,6,17,42,71,71263,D678,46.633596,5.256663,Plein jour,Hors agglomération,Intersection en T,Pluie légère,Deux véhicules - arrière,3,2,2,0,1,1,1,0,1,80,2,4,3,0,0,1,42.0,24.0,utilitaire_camion,voiture,1,1,3,2,2