accident_id,datetime,annee,mois,jour,heure,minute,departement,commune_insee,adresse,latitude,longitude,luminosite,agglomeration,intersection,meteo,collision,catr,circ,nbv,vosp,prof,plan,surf,infra,situ,vma,nb_vehicules,nb_usagers,nb_indemnes,nb_tues,nb_blesses_hosp,nb_blesses_legers,age_cond_1,age_cond_2,veh_type_cond_1,veh_type_cond_2,lum_code,agg_code,int_code,atm_code,col_code
202400009466,2024-03-19 12:19:00,2024,3,19,12,19,43,43018,Route de Loudes,45.013743,3.799043,Plein jour,Hors agglomération,Hors intersection,Normale,Deux véhicules - arrière,2,2,2,0,1,1,1,0,1,80,2,2,1,0,0,1,45.0,74.0,utilitaire_camion,deux_roues,1,1,1,1,2
202400009467,2024-03-17 17:55:00,2024,3,17,17,55,07,07330,Route de Bourg Saint Andéol,44.40605998,4.41761705,Plein jour,Hors agglomération,Hors intersection,Normale,Sans collision,3,2,2,0,2,3,1,0,1,90,1,1,0,0,1,0,25.0,,deux_roues,,1,1,1,1,7
202400009468,2024-07-06 17:00:00,2024,7,6,17,0,71,71305,D906,46.464752,4.893814,Plein jour,Hors agglomération,Intersection en X,Pluie forte,Trois véhicules et plus - collisions multiples,3,2,3,0,1,1,2,0,1,90,3,5,1,0,4,0,25.0,61.0,voiture,voiture,1,1,2,3,5
202400009468,2024-07-06 17:00:00,2024,7,6,17,0,71,71305,D906,46.464752,4.893814,Plein jour,Hors agglomération,Intersection en X,Pluie forte,Trois véhicules et plus - collisions multiples,3,2,2,0,2,1,2,0,8,80,3,5,1,0,4,0,25.0,61.0,voiture,voiture,1,1,2,3,5
202400009469,2024-03-15 18:45:00,2024,3,15,18,45,88,88304,3 Rue de l’Abbe Germini,48.303647,6.134368,Nuit avec éclairage allumé,En agglomération,Intersection en X,Pluie forte,Deux véhicules - côté,3,2,2,0,1,1,2,9,1,50,1,2,1,0,1,0,87.0,,voiture,,5,2,2,3,3
202400009469,2024-03-15 18:45:00,2024,3,15,18,45,88,88304,3 Rue de l’Abbe Germini,48.303647,6.134368,Nuit avec éclairage allumé,En agglomération,Intersection en X,Pluie forte,Deux véhicules - côté,3,2,2,0,1,1,2,5,1,50,1,2,1,0,1,0,87.0,,voiture,,5,2,2,3,3
202400009470,2024-03-19 10:15:00,2024,3,19,10,15,978,97801,rue de coralita - Oyster Pond,18.065087,-63.012042,Plein jour,En agglomération,Hors intersection,Normale,Autre collision,4,2,2,0,3,2,1,0,3,50,1,1,0,0,1,0,46.0,,deux_roues,,1,2,1,1,6
202400009471,2024-06-28 18:20:00,2024,6,28,18,20,89,89300,Santigny,47.558693,4.119192,Plein jour,Hors agglomération,Hors intersection,Normale,Deux véhicules - côté,4,2,2,0,2,2,1,0,1,90,2,2,1,0,1,0,18.0,52.0,utilitaire_camion,voiture,1,1,1,1,3
202400009472,2024-03-19 17:25:00,2024,3,19,17,25,06,06018,Route des Lucioles,43.616295,7.06555,Crépuscule ou aube,Hors agglomération,Hors intersection,Normale,Deux véhicules - côté,3,3,4,0,1,1,1,9,1,70,2,2,0,0,0,2,21.0,42.0,deux_roues,deux_roues,2,1,1,1,3
202400009473,2024-07-06 18:50:00,2024,7,6,18,50,76,76711,Quai Albert Cauet,50.063496,1.381681,Plein jour,En agglomération,Hors intersection,Normale,Deux véhicules - côté,3,2,2,0,1,1,1,0,1,50,2,2,1,0,0,1,40.0,20.0,voiture,deux_roues,1,2,1,1,3
202400009474,2024-03-18 07:35:00,2024,3,18,7,35,987,98745,sortie OUEST Patio,-16.62,-151.496,Plein jour,En agglomération,Intersection en T,Normale,Deux véhicules - côté,4,2,2,0,1,1,1,0,1,40,2,2,0,0,1,1,50.0,57.0,deux_roues,deux_roues,1,2,3,1,3
202400009474,2024-03-18 07:35:00,2024,3,18,7,35,987,98745,sortie OUEST Patio,-16.62,-151.496,Plein jour,En agglomération,Intersection en T,Normale,Deux véhicules - côté,4,2,2,0,1,2,1,0,1,40,2,2,0,0,1,1,50.0,57.0,deux_roues,deux_roues,1,2,3,1,3
202400009475,2024-07-06 19:00:00,2024,7,6,19,0,47,47310,D911,44.381501,0.328774,Plein jour,En agglomération,Intersection en Y,Normale,Deux véhicules - côté,3,2,1,0,2,1,1,5,1,-1,2,3,0,1,1,1,24.0,24.0,voiture,voiture,1,2,4,1,3
202400009475,2024-07-06 19:00:00,2024,7,6,19,0,47,47310,D911,44.381501,0.328774,Plein jour,En agglomération,Intersection en Y,Normale,Deux véhicules - côté,3,2,2,0,2,1,1,0,1,50,2,3,0,1,1,1,24.0,24.0,voiture,voiture,1,2,4,1,3
202400009476,2024-03-18 17:54:00,2024,3,18,17,54,06,06088,"autoroute A8, PK 195+500, chaussée nord, tunnel de pessicart",43.732174,7.237812,Plein jour,Hors agglomération,Hors intersection,Normale,Deux véhicules - arrière,1,3,3,0,2,2,1,1,1,90,2,4,2,0,0,2,70.0,25.0,voiture,utilitaire_camion,1,1,1,1,2
202400009477,2024-07-06 09:20:00,2024,7,6,9,20,39,39286,,46.381089,5.798679,Plein jour,Hors agglomération,Hors intersection,Pluie légère,Deux véhicules - frontale,3,2,2,0,1,1,2,0,1,90,2,4,1,0,0,3,47.0,38.0,utilitaire_camion,voiture,1,1,1,2,1
202400009478,2024-03-18 07:30:00,2024,3,18,7,30,987,98733,PK 23.800 RT1 face au n°522,-17.696,-149.548,Plein jour,En agglomération,Hors intersection,Normale,Deux véhicules - côté,2,2,2,1,1,1,1,0,1,60,2,2,1,0,0,1,53.0,56.0,deux_roues,utilitaire_camion,1,2,1,1,3
202400009479,2024-06-24 22:30:00,2024,6,24,22,30,44,44129,48 Route de la Brière-le Calvaire,47.44297,-2.128338,Crépuscule ou aube,En agglomération,Hors intersection,Normale,Autre collision,3,2,2,0,2,2,1,0,1,50,1,1,0,0,1,0,23.0,,voiture,,2,2,1,1,6
202400009480,2024-03-18 21:30:00,2024,3,18,21,30,973,97357,le bourg,4.27215795,-54.38014278,Nuit avec éclairage allumé,En agglomération,Intersection en Y,Normale,Deux véhicules - frontale,4,1, -1,-1,1,1,1,0,1,-1,2,2,1,0,0,1,19.0,,deux_roues,deux_roues,5,2,4,1,1
202400009480,2024-03-18 21:30:00,2024,3,18,21,30,973,97357,le bourg,4.27215795,-54.38014278,Nuit avec éclairage allumé,En agglomération,Intersection en Y,Normale,Deux véhicules - frontale,4,2,2,0,2,3,1,0,1,50,2,2,1,0,0,1,19.0,,deux_roues,deux_roues,5,2,4,1,1
202400009481,2024-03-18 11:30:00,2024,3,18,11,30,84,84019,Rue Honore Daumier,44.273979,4.744163,Plein jour,En agglomération,Intersection en T,Normale,Autre collision,3,2,2,0,1,1,1,0,1,-1,1,2,1,0,1,0,22.0,,voiture,,1,2,3,1,6
202400009481,2024-03-18 11:30:00,2024,3,18,11,30,84,84019,Rue Honore Daumier,44.273979,4.744163,Plein jour,En agglomération,Intersection en T,Normale,Autre collision,3,-1, -1,-1,1,1,1,0,1,-1,1,2,1,0,1,0,22.0,,voiture,,1,2,3,1,6
202400009482,2024-07-05 21:00:00,2024,7,5,21,0,44,44212,bonne-fontaine,47.16125525,-1.29055023,Plein jour,Hors agglomération,Hors intersection,Normale,Deux véhicules - frontale,3,2,2,0,1,1,1,0,1,80,2,5,4,1,0,0,26.0,20.0,deux_roues,voiture,1,1,1,1,1
202400009483,2024-07-05 21:20:00,2024,7,5,21,20,44,44146,6 La Minière,47.79968643,-1.46260285,Crépuscule ou aube,Hors agglomération,Hors intersection,Normale,Autre collision,3,2,2,0,1,1,1,0,1,80,1,1,0,1,0,0,64.0,,utilitaire_camion,,2,1,1,1,6
202400009484,2024-03-18 19:45:00,2024,3,18,19,45,55,55351,Rue Albert 1er,49.522102,5.383751,Nuit avec éclairage allumé,Hors agglomération,Hors intersection,Normale,Sans collision,3,2,2,0,1,1,1,0,3,90,1,3,2,0,0,1,81.0,,voiture,,5,1,1,1,7
202400009485,2024-03-18 18:15:00,2024,3,18,18,15,46,46102,37 Rue du Faubourg du Pin,44.60808,2.040206,Plein jour,En agglomération,Hors intersection,Normale,Autre collision,3,2,2,0,1,1,1,0,1,50,1,2,1,0,1,0,58.0,,voiture,,1,2,1,1,6
202400009486,2024-07-05 17:20:00,2024,7,5,17,20,31,31182,173 Route de Paris,43.699132,1.398155,Plein jour,En agglomération,Hors intersection,Temps éblouissant,Deux véhicules - côté,7,2,2,0,1,1,1,0,1,70,2,2,1,0,1,0,22.0,27.0,deux_roues,utilitaire_camion,1,2,1,7,3
202400009487,2024-07-06 01:10:00,2024,7,6,1,10,38,38174,Route de Lyon,45.390309,5.362288,Nuit avec éclairage non allumé,En agglomération,Intersection en X,Normale,Autre collision,3,2,2,0,1,3,1,0,4,50,1,1,0,0,0,1,36.0,,voiture,,4,2,2,1,6
202400009487,2024-07-06 01:10:00,2024,7,6,1,10,38,38174,Route de Lyon,45.390309,5.362288,Nuit avec éclairage non allumé,En agglomération,Intersection en X,Normale,Autre collision,3,2,2,0,1,1,1,0,8,30,1,1,0,0,0,1,36.0,,voiture,,4,2,2,1,6
202400009488,2024-03-15 17:00:00,2024,3,15,17,0,33,33256,,44.9944297,-0.59354603,Plein jour,Hors agglomération,Hors intersection,Normale,Deux véhicules - frontale,4,2,2,0,1,3,1,0,1,80,2,4,1,0,1,2,52.0,33.0,voiture,voiture,1,1,1,1,1
202400009489,2024-07-05 15:40:00,2024,7,5,15,40,03,03254,D46,46.316999,3.331776,Plein jour,Hors agglomération,Hors intersection,Normale,Deux véhicules - côté,3,2,2,0,1,1,1,0,1,80,2,2,1,0,1,0,49.0,51.0,utilitaire_camion,utilitaire_camion,1,1,1,1,3
202400009490,2024-03-18 17:30:00,2024,3,18,17,30,35,35105,Villepelee,48.1031,-1.099636,Plein jour,Hors agglomération,Hors intersection,Normale,Deux véhicules - frontale,3,2,2,0,1,1,1,0,1,80,2,2,0,0,1,1,42.0,27.0,voiture,voiture,1,1,1,1,1
202400009491,2024-03-18 12:30:00,2024,3,18,12,30,60,60141,Avenue du Maréchal Joffre,49.189575,2.462755,Plein jour,En agglomération,Hors intersection,Normale,Autre collision,3,-1,2,0,1,1,1,0,1,50,1,2,1,0,0,1,56.0,,voiture,,1,2,1,1,6
202400009492,2024-07-05 19:00:00,2024,7,5,19,0,70,70578,D15,47.325611,5.888726,Plein jour,Hors agglomération,Intersection en X,Normale,Deux véhicules - arrière,3,2,2,0,1,1,1,0,1,80,2,2,1,0,1,0,28.0,24.0,deux_roues,utilitaire_camion,1,1,2,1,2
202400009492,2024-07-05 19:00:00,2024,7,5,19,0,70,70578,D15,47.325611,5.888726,Plein jour,Hors agglomération,Intersection en X,Normale,Deux véhicules - arrière,3,2, -1,-1,1,1,1,0,1,-1,2,2,1,0,1,0,28.0,24.0,deux_roues,utilitaire_camion,1,1,2,1,2
202400009493,2024-03-14 08:20:00,2024,3,14,8,20,13,13215,A7-Sens Marseille vers Lyon,43.37,5.36,Plein jour,Hors agglomération,Hors intersection,Normale,Deux véhicules - côté,1,-1,3,0,2,1,2,0,1,90,2,2,1,0,1,0,27.0,31.0,deux_roues,voiture,1,1,1,1,3
202400009494,2024-07-05 09:30:00,2024,7,5,9,30,72,72039,D301,48.173752,0.414219,Plein jour,Hors agglomération,Intersection en X,Normale,Deux véhicules - côté,3,2,2,0,1,1,1,5,1,-1,2,2,1,0,1,0,20.0,72.0,voiture,voiture,1,1,2,1,3
202400009494,2024-07-05 09:30:00,2024,7,5,9,30,72,72039,D301,48.173752,0.414219,Plein jour,Hors agglomération,Intersection en X,Normale,Deux véhicules - côté,3,-1,1,0,1,1,1,5,1,-1,2,2,1,0,1,0,20.0,72.0,voiture,voiture,1,1,2,1,3
202400009495,2024-03-18 08:15:00,2024,3,18,8,15,83,83129,A50,43.12046952,5.84538608,Plein jour,Hors agglomération,Hors intersection,Normale,Trois véhicules et plus - en chaîne,1,1,6,0,1,1,1,0,1,90,3,3,1,0,0,2,27.0,52.0,utilitaire_camion,voiture,1,1,1,1,4
202400009496,2024-06-25 17:25:00,2024,6,25,17,25,72,72319,Rue Poche,48.131575,0.091678,Plein jour,Hors agglomération,Autre intersection,Normale,Deux véhicules - côté,4,2,2,0,1,1,1,0,1,90,2,2,1,0,1,0,17.0,34.0,deux_roues,voiture,1,1,9,1,3
202400009497,2024-07-03 13:55:00,2024,7,3,13,55,09,09228,"ROUTE NATIONALE 20, PK74+800",42.739968,1.786394,Plein jour,Hors agglomération,Hors intersection,Normale,Deux véhicules - frontale,2,2,2,0,1,2,1,0,1,80,2,4,0,0,2,2,45.0,75.0,voiture,voiture,1,1,1,1,1
202400009498,2024-03-16 15:00:00,2024,3,16,15,0,57,57672,Autoroute A31,49.34837,6.16012,Plein jour,Hors agglomération,Hors intersection,Normale,Trois véhicules et plus - en chaîne,1,3,2,0,1,1,1,0,1,90,4,6,1,0,1,4,26.0,29.0,utilitaire_camion,voiture,1,1,1,1,4
202400009499,2024-03-15 11:43:00,2024,3,15,11,43,59,59507,AUTOROUTE A1,50.61266,3.0876,Plein jour,Hors agglomération,Hors intersection,Temps couvert,Sans collision,1,-1,5,0,1,1,2,0,1,90,1,1,0,0,1,0,33.0,,deux_roues,,1,1,1,8,7
202400009500,2024-07-05 18:20:00,2024,7,5,18,20,45,45276,D951 PR 15 + 842,47.625496,2.732528,Plein jour,En agglomération,Hors intersection,Normale,Trois véhicules et plus - collisions multiples,3,2,2,0,3,1,1,0,1,50,3,5,4,0,0,1,41.0,30.0,voiture,voiture,1,2,1,1,5
202400009501,2024-03-15 13:05:00,2024,3,15,13,5,95,95154,A1,49.03391905,2.5402584,Plein jour,Hors agglomération,Hors intersection,Pluie légère,Autre collision,1,3,3,0,1,1,2,0,1,110,1,1,0,0,0,1,48.0,,voiture,,1,1,1,2,6
202400009502,2024-03-16 15:00:00,2024,3,16,15,0,988,98818,ROUTE DE LA BAIE DES DAMES,-22.23993,166.44752,Plein jour,En agglomération,Intersection en T,Normale,Deux véhicules - côté,4,2,3,0,1,1,1,0,1,50,2,2,1,0,0,1,56.0,72.0,voiture,utilitaire_camion,1,2,3,1,3
202400009502,2024-03-16 15:00:00,2024,3,16,15,0,988,98818,ROUTE DE LA BAIE DES DAMES,-22.23993,166.44752,Plein jour,En agglomération,Intersection en T,Normale,Deux véhicules - côté,4,2,2,0,2,1,1,0,1,50,2,2,1,0,0,1,56.0,72.0,voiture,utilitaire_camion,1,2,3,1,3
202400009503,2024-07-05 21:00:00,2024,7,5,21,0,73,73110,D66 Route de la plaine,45.627856,6.434416,Crépuscule ou aube,Hors agglomération,Intersection en X,Normale,Autre collision,3,2,2,0,2,3,1,0,1,80,1,4,1,0,1,2,18.0,,voiture,,2,1,2,1,6
202400009503,2024-07-05 21:00:00,2024,7,5,21,0,73,73110,D66 Route de la plaine,45.627856,6.434416,Crépuscule ou aube,Hors agglomération,Intersection en X,Normale,Autre collision,3,2,2,0,2,1,1,0,1,-1,1,4,1,0,1,2,18.0,,voiture,,2,1,2,1,6
202400009504,2024-03-16 10:42:00,2024,3,16,10,42,988,98818,IMPASSE BALARD,-22.24441,166.4495,Plein jour,En agglomération,Hors intersection,Temps couvert,Autre collision,4,2,2,0,1,1,1,0,4,30,1,3,2,0,0,1,22.0,,utilitaire_camion,,1,2,1,8,6
202400009505,2024-07-05 15:00:00,2024,7,5,15,0,18,18169,,46.726369,2.435143,Plein jour,Hors agglomération,Hors intersection,Normale,Deux véhicules - côté,3,2,2,0,1,2,1,0,1,90,2,2,1,0,1,0,32.0,32.0,voiture,utilitaire_camion,1,1,1,1,3
202400009506,2024-03-17 18:00:00,2024,3,17,18,0,974,97409,EMILE THOMAS (rue),-20.93703,55.64868,Plein jour,En agglomération,Hors intersection,Normale,Deux véhicules - arrière,4,2,2,0,1,1,1,0,1,50,2,2,1,0,0,1,54.0,29.0,transport_commun,deux_roues,1,2,1,1,2
202400009507,2024-07-05 17:45:00,2024,7,5,17,45,10,10087,Rue de Galiche,47.956633,4.066755,Plein jour,En agglomération,Hors intersection,Normale,Deux véhicules - côté,4,2,1,0,2,1,1,0,1,50,2,2,1,0,0,1,49.0,17.0,voiture,deux_roues,1,2,1,1,3
202400009508,2024-07-05 21:45:00,2024,7,5,21,45,36,36001,La Bouzanne,46.44821802,1.80390917,Crépuscule ou aube,Hors agglomération,Hors intersection,Normale,Autre collision,3,2,2,0,1,2,1,0,3,90,1,1,0,0,1,0,40.0,,voiture,,2,1,1,1,6
202400009509,2024-03-17 11:35:00,2024,3,17,11,35,69,69388,Route de Vienne,45.7358,4.85314,Plein jour,En agglomération,Intersection en T,Temps couvert,Deux véhicules - côté,4,1,1,0,1,1,1,0,5,20,2,2,1,0,1,0,57.0,22.0,voiture,deux_roues,1,2,3,8,3
202400009509,2024-03-17 11:35:00,2024,3,17,11,35,69,69388,Route de Vienne,45.7358,4.85314,Plein jour,En agglomération,Intersection en T,Temps couvert,Deux véhicules - côté,4,2,2,2,1,1,1,0,5,50,2,2,1,0,1,0,57.0,22.0,voiture,deux_roues,1,2,3,8,3
202400009510,2024-03-16 20:50:00,2024,3,16,20,50,972,97213,ROUTE DEPARTEMENTALE 3,14.64561552,-60.99070887,Nuit avec éclairage allumé,Hors agglomération,Autre intersection,Normale,Autre collision,3,2,2,0,2,4,1,0,3,50,1,1,0,0,0,1,38.0,,deux_roues,,5,1,9,1,6
202400009511,2024-07-06 14:40:00,2024,7,6,14,40,07,07291,RD 290,44.34682008,4.5012995,Plein jour,Hors agglomération,Hors intersection,Normale,Deux véhicules - frontale,3,2,2,0,1,1,1,0,1,90,2,2,1,0,1,0,38.0,33.0,utilitaire_camion,deux_roues,1,1,1,1,1
202400009512,2024-03-17 16:30:00,2024,3,17,16,30,972,97209,REDOUTE (ROUTE DE LA),14.62217,-61.06046,Plein jour,Hors agglomération,Hors intersection,Normale,Deux véhicules - arrière,2,2,2,0,2,1,1,0,1,50,2,2,1,0,0,1,33.0,34.0,voiture,deux_roues,1,1,1,1,2
202400009513,2024-07-05 20:05:00,2024,7,5,20,5,07,07110,La Grand Font,44.4808,4.23928,Plein jour,En agglomération,Intersection en Y,Normale,Sans collision,4,2,2,0,1,1,1,0,1,50,1,3,2,0,1,0,39.0,,voiture,,1,2,4,1,7
202400009513,2024-07-05 20:05:00,2024,7,5,20,5,07,07110,La Grand Font,44.4808,4.23928,Plein jour,En agglomération,Intersection en Y,Normale,Sans collision,4,2,2,0,2,2,1,0,1,50,1,3,2,0,1,0,39.0,,voiture,,1,2,4,1,7
202400009514,2024-03-17 12:25:00,2024,3,17,12,25,972,97209,ABBE LAVIGNE (AVENUE),14.61349,-61.07211,Plein jour,En agglomération,Hors intersection,Normale,Deux véhicules - arrière,4,2,2,0,1,1,1,0,1,50,2,2,1,0,0,1,61.0,39.0,deux_roues,autre,1,2,1,1,2
202400009515,2024-07-05 18:15:00,2024,7,5,18,15,07,07260,D 22 B,44.712437,4.712405,Plein jour,En agglomération,Intersection en T,Normale,Deux véhicules - côté,3,2,2,0,1,1,1,0,1,30,2,2,1,0,1,0,15.0,38.0,deux_roues,voiture,1,2,3,1,3
202400009515,2024-07-05 18:15:00,2024,7,5,18,15,07,07260,D 22 B,44.712437,4.712405,Plein jour,En agglomération,Intersection en T,Normale,Deux véhicules - côté,3,2, -1,-1,1,1,1,0,1,-1,2,2,1,0,1,0,15.0,38.0,deux_roues,voiture,1,2,3,1,3
202400009516,2024-03-16 05:20:00,2024,3,16,5,20,972,97209,RD 41 (ROCADE),14.61135,-61.08008,Nuit avec éclairage allumé,Hors agglomération,Hors intersection,Pluie légère,Autre collision,3,1,3,0,1,1,2,0,1,60,1,1,0,0,0,1,14.0,,deux_roues,,5,1,1,2,6
202400009517,2024-07-06 10:40:00,2024,7,6,10,40,53,53245,N12,48.305852,-0.998946,Plein jour,Hors agglomération,Intersection en X,Normale,Deux véhicules - arrière,2,2,2,0,1,1,1,0,1,80,2,2,1,0,1,0,70.0,78.0,deux_roues,voiture,1,1,2,1,2
202400009517,2024-07-06 10:40:00,2024,7,6,10,40,53,53245,N12,48.305852,-0.998946,Plein jour,Hors agglomération,Intersection en X,Normale,Deux véhicules - arrière,2,2,2,0,1,1,1,0,8,80,2,2,1,0,1,0,70.0,78.0,deux_roues,voiture,1,1,2,1,2
202400009518,2024-03-17 17:00:00,2024,3,17,17,0,69,69142,30 Quai Pierre Sémard,45.71906,4.81832,Crépuscule ou aube,En agglomération,Hors intersection,Pluie légère,Deux véhicules - côté,7,2,2,1,1,1,2,0,1,50,2,4,2,1,1,0,57.0,26.0,deux_roues,voiture,2,2,1,2,3
202400009519,2024-03-17 19:10:00,2024,3,17,19,10,69,69034,90 Avenue Général de Gaulle,45.81055,4.85793,Nuit avec éclairage allumé,En agglomération,Hors intersection,Pluie légère,Sans collision,7,2,3,3,1,1,2,0,1,50,1,1,0,0,0,1,15.0,,deux_roues,,5,2,1,2,7
202400009520,2024-07-05 18:15:00,2024,7,5,18,15,21,21089,D12 A,47.103035,5.12171,Plein jour,Hors agglomération,Hors intersection,Normale,Sans collision,3,2,2,0,1,2,1,0,1,80,1,1,0,1,0,0,23.0,,voiture,,1,1,1,1,7
202400009521,2024-07-06 19:15:00,2024,7,6,19,15,21,21616,D18,46.955294,4.816668,Crépuscule ou aube,Hors agglomération,Hors intersection,Normale,Autre collision,3,2,2,0,1,1,2,0,3,80,1,1,0,0,1,0,21.0,,voiture,,2,1,1,1,6
202400009522,2024-03-16 15:00:00,2024,3,16,15,0,76,76476,DUFY  RAOUL (RUE),49.48211,0.58491,Plein jour,En agglomération,Hors intersection,Normale,Deux véhicules - frontale,4,2,2,0,1,2,1,0,1,50,2,2,1,0,0,1,70.0,25.0,voiture,deux_roues,1,2,1,1,1
202400009523,2024-03-16 15:40:00,2024,3,16,15,40,70,70513,Route de Pusey,47.64547,6.10032,Plein jour,Hors agglomération,Hors intersection,Normale,Sans collision,3,-1,2,0,1,1,1,0,3,80,1,1,0,0,1,0,19.0,,deux_roues,,1,1,1,1,7
202400009524,2024-07-05 20:15:00,2024,7,5,20,15,40,40218,Intersection D36 - D37,43.94885,0.011347,Plein jour,En agglomération,Intersection en X,Normale,Deux véhicules - côté,3,2,2,0,2,1,1,5,1,50,2,3,1,1,1,0,35.0,18.0,voiture,deux_roues,1,2,2,1,3
202400009524,2024-07-05 20:15:00,2024,7,5,20,15,40,40218,Intersection D36 - D37,43.94885,0.011347,Plein jour,En agglomération,Intersection en X,Normale,Deux véhicules - côté,3,2, -1,-1,2,1,1,5,1,50,2,3,1,1,1,0,35.0,18.0,voiture,deux_roues,1,2,2,1,3
202400009525,2024-07-06 00:30:00,2024,7,6,0,30,04,04167,D900a,44.167707,6.247519,Nuit sans éclairage public,Hors agglomération,Hors intersection,Normale,Autre collision,3,2,2,0,1,2,1,0,3,80,1,1,0,0,1,0,51.0,,voiture,,3,1,1,1,6
202400009526,2024-03-17 16:55:00,2024,3,17,16,55,69,69256,Avenue Georges Dimitrov,45.77716,4.9248,Plein jour,En agglomération,Intersection en T,Temps couvert,Deux véhicules - frontale,4,2,2,0,1,1,1,0,4,30,2,2,1,0,0,1,18.0,47.0,deux_roues,deux_roues,1,2,3,8,1
202400009526,2024-03-17 16:55:00,2024,3,17,16,55,69,69256,Avenue Georges Dimitrov,45.77716,4.9248,Plein jour,En agglomération,Intersection en T,Temps couvert,Deux véhicules - frontale,4,2,2,0,1,1,1,0,4,50,2,2,1,0,0,1,18.0,47.0,deux_roues,deux_roues,1,2,3,8,1
202400009527,2024-07-06 08:40:00,2024,7,6,8,40,85,85295,RD93,47.003267,-1.27315,Plein jour,Hors agglomération,Hors intersection,Normale,Autre collision,3,2,2,0,1,3,1,0,8,80,1,3,1,0,1,1,20.0,,voiture,,1,1,1,1,6
202400009528,2024-03-17 16:52:00,2024,3,17,16,52,64,64373,YSER DE L',43.28661,-0.35971,Plein jour,En agglomération,Hors intersection,Normale,Deux véhicules - frontale,6,-1, -1,0,1,1,1,2,8,10,2,2,1,0,0,1,75.0,,deux_roues,deux_roues,1,2,1,1,1
202400009529,2024-07-06 00:05:00,2024,7,6,0,5,68,68066,autoute A 35,48.09461826,7.38249484,Nuit sans éclairage public,Hors agglomération,Hors intersection,Normale,Deux véhicules - frontale,1,2,2,0,1,1,1,8,1,80,2,2,0,0,1,1,24.0,34.0,voiture,voiture,3,1,1,1,1
202400009530,2024-03-16 23:00:00,2024,3,16,23,0,62,62126,D937,50.52293819,2.67037426,Nuit sans éclairage public,En agglomération,Hors intersection,Normale,Autre collision,3,2,2,0,2,2,1,0,1,50,1,2,1,1,0,0,19.0,,utilitaire_camion,,3,2,1,1,6
202400009531,2024-07-06 08:15:00,2024,7,6,8,15,10,10380,A26,48.528242,4.181082,Plein jour,Hors agglomération,Hors intersection,Normale,Sans collision,1,3,2,0,1,1,1,0,3,130,1,2,0,0,1,1,50.0,,voiture,,1,1,1,1,7
202400009532,2024-03-16 15:00:00,2024,3,16,15,0,62,62108,Rue de l’Impératrice,50.40816,1.59094,Plein jour,En agglomération,Hors intersection,Normale,Deux véhicules - côté,4,2,2,0,1,1,1,0,1,50,2,2,1,0,1,0,15.0,43.0,deux_roues,utilitaire_camion,1,2,1,1,3
202400009533,2024-07-06 10:15:00,2024,7,6,10,15,06,06085,1110 Avenue Saint Martin,43.611355,6.977879,Plein jour,En agglomération,Hors intersection,Normale,Deux véhicules - côté,4,3,2,0,1,1,1,0,1,50,2,2,1,0,1,0,75.0,19.0,voiture,deux_roues,1,2,1,1,3
202400009534,2024-03-16 05:55:00,2024,3,16,5,55,61,61169,D462,48.746476,-0.569703,Nuit avec éclairage non allumé,En agglomération,Intersection en X,Pluie légère,Deux véhicules - côté,3,1,1,0,1,1,2,0,1,50,2,6,2,0,1,3,22.0,21.0,voiture,voiture,4,2,2,2,3
202400009534,2024-03-16 05:55:00,2024,3,16,5,55,61,61169,D462,48.746476,-0.569703,Nuit avec éclairage non allumé,En agglomération,Intersection en X,Pluie légère,Deux véhicules - côté,3,2,2,0,1,1,2,0,1,50,2,6,2,0,1,3,22.0,21.0,voiture,voiture,4,2,2,2,3
202400009535,2024-07-05 19:00:00,2024,7,5,19,0,69,69039,Rue Louis Bréchard,45.980458,4.507656,Plein jour,En agglomération,Intersection en T,Normale,Deux véhicules - côté,3,2,2,0,2,1,1,0,1,50,2,3,2,0,1,0,42.0,41.0,deux_roues,deux_roues,1,2,3,1,3
202400009535,2024-07-05 19:00:00,2024,7,5,19,0,69,69039,Rue Louis Bréchard,45.980458,4.507656,Plein jour,En agglomération,Intersection en T,Normale,Deux véhicules - côté,3,2,2,2,1,1,1,0,1,50,2,3,2,0,1,0,42.0,41.0,deux_roues,deux_roues,1,2,3,1,3
202400009536,2024-03-15 20:50:00,2024,3,15,20,50,60,60175,Rue Henri Bergson,49.25309,2.48698,Nuit avec éclairage allumé,En agglomération,Hors intersection,Pluie légère,Autre collision,4,2,1,0,1,1,2,0,1,30,1,2,1,0,0,1,40.0,,voiture,,5,2,1,2,6
202400009537,2024-07-05 17:40:00,2024,7,5,17,40,13,13001,"A8, pk 20.000, sens nord",43.51195759,5.45536187,Plein jour,Hors agglomération,Hors intersection,Normale,Deux véhicules - arrière,1,3,3,0,1,1,1,0,1,90,2,3,1,0,2,0,43.0,36.0,utilitaire_camion,deux_roues,1,1,1,1,2
202400009538,2024-03-17 22:20:00,2024,3,17,22,20,59,59512,Avenue Alfred Motte,50.67375,3.19329,Nuit avec éclairage non allumé,En agglomération,Intersection en X,Normale,Deux véhicules - côté,7,2,2,0,1,1,2,0,1,50,2,3,0,0,0,3,19.0,55.0,voiture,voiture,4,2,2,1,3
202400009538,2024-03-17 22:20:00,2024,3,17,22,20,59,59512,Avenue Alfred Motte,50.67375,3.19329,Nuit avec éclairage non allumé,En agglomération,Intersection en X,Normale,Deux véhicules - côté,7,1,2,1,1,1,2,0,1,50,2,3,0,0,0,3,19.0,55.0,voiture,voiture,4,2,2,1,3