accident_id,datetime,annee,mois,jour,heure,minute,departement,commune_insee,adresse,latitude,longitude,luminosite,agglomeration,intersection,meteo,collision,catr,circ,nbv,vosp,prof,plan,surf,infra,situ,vma,nb_vehicules,nb_usagers,nb_indemnes,nb_tues,nb_blesses_hosp,nb_blesses_legers,age_cond_1,age_cond_2,veh_type_cond_1,veh_type_cond_2,lum_code,agg_code,int_code,atm_code,col_code
202400009539,2024-07-05 09:40:00,2024,7,5,9,40,17,17146,D238e1,45.90549,-0.947759,Plein jour,Hors agglomération,Intersection en T,Normale,Deux véhicules - arrière,3,2,2,0,1,1,1,0,1,70,2,2,1,0,1,0,52.0,69.0,utilitaire_camion,deux_roues,1,1,3,1,2
202400009539,2024-07-05 09:40:00,2024,7,5,9,40,17,17146,D238e1,45.90549,-0.947759,Plein jour,Hors agglomération,Intersection en T,Normale,Deux véhicules - arrière,3,2,2,-1,1,2,1,5,1,50,2,2,1,0,1,0,52.0,69.0,utilitaire_camion,deux_roues,1,1,3,1,2
202400009540,2024-03-17 22:05:00,2024,3,17,22,5,59,59512,Rue de l'Alma,50.69785,3.16671,Nuit avec éclairage allumé,En agglomération,Intersection en T,Pluie légère,Autre collision,4,2,2,0,1,1,2,0,1,50,1,2,1,0,0,1,23.0,,voiture,,5,2,3,2,6
202400009540,2024-03-17 22:05:00,2024,3,17,22,5,59,59512,Rue de l'Alma,50.69785,3.16671,Nuit avec éclairage allumé,En agglomération,Intersection en T,Pluie légère,Autre collision,4,1,1,0,1,1,2,0,8,50,1,2,1,0,0,1,23.0,,voiture,,5,2,3,2,6
202400009541,2024-07-06 15:25:00,2024,7,6,15,25,59,59244,Autoroute A2,50.15371105,3.14976832,Plein jour,Hors agglomération,Hors intersection,Normale,Deux véhicules - arrière,1,3,2,0,1,1,1,0,1,130,2,3,0,1,2,0,33.0,52.0,voiture,voiture,1,1,1,1,2
202400009542,2024-03-17 16:51:00,2024,3,17,16,51,56,56260,Liziec,47.66733,-2.72519,Plein jour,En agglomération,Hors intersection,Normale,Sans collision,2,2,3,0,1,1,1,0,1,50,1,2,1,0,0,1,56.0,,deux_roues,,1,2,1,1,7
202400009543,2024-03-17 07:45:00,2024,3,17,7,45,42,42170,Route du Gros Chêne,46.01835,4.1256,Crépuscule ou aube,Hors agglomération,Hors intersection,Normale,Autre collision,4,2,1,0,1,1,1,0,3,80,1,1,0,0,1,0,25.0,,voiture,,2,1,1,1,6
202400009544,2024-07-03 17:00:00,2024,7,3,17,0,13,13051,"Autoroute A7, pk 244.000 sens 2",43.57665915,5.2114392,Plein jour,Hors agglomération,Hors intersection,Normale,Deux véhicules - arrière,1,3,3,0,1,1,1,0,1,130,2,2,1,0,0,1,62.0,62.0,voiture,deux_roues,1,1,1,1,2
202400009545,2024-07-05 08:40:00,2024,7,5,8,40,987,98748,PK 4.800 TOAHOTU,-17.772882,-149.309349,Plein jour,Hors agglomération,Hors intersection,Normale,Deux véhicules - arrière,2,2,2,2,1,1,1,0,1,60,2,2,1,0,1,0,63.0,51.0,deux_roues,voiture,1,1,1,1,2
202400009546,2024-03-16 15:30:00,2024,3,16,15,30,38,38185,AVENUE MARIE REYNOARD,45.16852,5.73049,Plein jour,En agglomération,Autre intersection,Normale,Deux véhicules - arrière,4,-1,1,0,1,1,1,0,8,50,2,2,1,0,0,1,54.0,37.0,deux_roues,voiture,1,2,9,1,2
202400009547,2024-07-05 18:00:00,2024,7,5,18,0,971,97115,Route de Routa,16.257887,-61.636713,Plein jour,Hors agglomération,Hors intersection,Normale,Autre collision,3,2,2,0,1,1,1,0,3,70,1,1,0,0,1,0,36.0,,deux_roues,,1,1,1,1,6
202400009548,2024-03-16 05:17:00,2024,3,16,5,17,38,38053,GRENOBLE (ROUTE DE),45.58419,5.28876,Nuit avec éclairage allumé,Hors agglomération,Hors intersection,Normale,Autre collision,3,3,4,0,1,1,1,0,1,50,1,1,0,0,0,1,50.0,,voiture,,5,1,1,1,6
202400009549,2024-03-02 20:30:00,2024,3,2,20,30,36,36044,Rue Pierre Gaultier,46.80768727,1.69784367,Crépuscule ou aube,En agglomération,Hors intersection,Pluie légère,Autre collision,4,-1,0,0,1,1,2,9,1,50,1,2,1,0,0,1,22.0,,voiture,,2,2,1,2,6
202400009550,2024-07-06 00:45:00,2024,7,6,0,45,77,77257,D401,49.032768,3.004503,Nuit sans éclairage public,Hors agglomération,Hors intersection,Normale,Deux véhicules - côté,3,2,2,0,1,1,1,0,1,90,2,3,2,0,0,1,40.0,47.0,voiture,voiture,3,1,1,1,3
202400009551,2024-07-04 23:25:00,2024,7,4,23,25,95,95535,D28,49.06665389,1.96151718,Nuit sans éclairage public,Hors agglomération,Hors intersection,Normale,Autre collision,3,2,3,0,1,2,1,0,1,80,1,1,0,0,0,1,51.0,,deux_roues,,3,1,1,1,6
202400009552,2024-03-16 23:45:00,2024,3,16,23,45,36,36063,,46.83926,1.67546,Nuit sans éclairage public,Hors agglomération,Autre intersection,Temps couvert,Deux véhicules - côté,4,2,4,1,1,1,1,0,1,70,2,3,0,0,1,2,23.0,69.0,deux_roues,voiture,3,1,9,8,3
202400009553,2024-07-05 19:00:00,2024,7,5,19,0,34,34090,Rn 113,43.642287,3.942619,Plein jour,En agglomération,Hors intersection,Temps éblouissant,Autre collision,6,-1, -1,0,1,1,1,9,8,15,1,2,1,0,1,0,63.0,,voiture,,1,2,1,7,6
202400009554,2024-03-17 17:25:00,2024,3,17,17,25,34,34172,STRASBOURG (BOULEVARD DE),43.603695,3.88984,Plein jour,En agglomération,Hors intersection,Normale,Sans collision,4,1,2,1,1,1,1,0,1,30,1,2,1,0,0,1,44.0,,deux_roues,,1,2,1,1,7
202400009555,2024-07-06 13:05:00,2024,7,6,13,5,83,83065,Route Departementale 98a,43.264113,6.621966,Plein jour,En agglomération,Intersection en T,Normale,Deux véhicules - côté,3,2,2,0,1,1,1,0,1,50,2,2,0,0,1,1,36.0,23.0,deux_roues,deux_roues,1,2,3,1,3
202400009555,2024-07-06 13:05:00,2024,7,6,13,5,83,83065,Route Departementale 98a,43.264113,6.621966,Plein jour,En agglomération,Intersection en T,Normale,Deux véhicules - côté,3,2, -1,-1,1,1,1,0,1,-1,2,2,0,0,1,1,36.0,23.0,deux_roues,deux_roues,1,2,3,1,3
202400009556,2024-03-17 03:10:00,2024,3,17,3,10,28,28404,DUPONT (RUE ARMAND),48.720499,1.359234,Nuit avec éclairage allumé,En agglomération,Autre intersection,Pluie légère,Sans collision,4,-1,2,2,2,4,2,9,1,50,1,1,0,0,0,1,23.0,,deux_roues,,5,2,9,2,7
202400009557,2024-07-05 16:42:00,2024,7,5,16,42,13,13081,N Rd 113,43.496892,5.215019,Plein jour,Hors agglomération,Hors intersection,Normale,Deux véhicules - côté,3,2,2,0,2,1,1,0,1,80,2,2,1,0,1,0,41.0,66.0,deux_roues,voiture,1,1,1,1,3
202400009558,2024-07-06 13:50:00,2024,7,6,13,50,58,58160,Route de Tazieres,46.999672,3.090768,Plein jour,En agglomération,Hors intersection,Pluie légère,Deux véhicules - côté,4,2,2,0,1,3,2,0,1,50,2,2,1,0,1,0,19.0,48.0,deux_roues,voiture,1,2,1,2,3
202400009559,2024-03-17 10:40:00,2024,3,17,10,40,25,25462,ROCADE G.POMPIDOU (DU 25 A LA FIN),46.90236,6.34631,Plein jour,En agglomération,Giratoire,Normale,Deux véhicules - côté,2,2,2,0,1,1,1,0,1,50,2,2,1,0,0,1,38.0,82.0,voiture,deux_roues,1,2,6,1,3
202400009559,2024-03-17 10:40:00,2024,3,17,10,40,25,25462,ROCADE G.POMPIDOU (DU 25 A LA FIN),46.90236,6.34631,Plein jour,En agglomération,Giratoire,Normale,Deux véhicules - côté,2,2,2,0,1,1,1,0,1,50,2,2,1,0,0,1,38.0,82.0,voiture,deux_roues,1,2,6,1,3
202400009560,2024-07-02 02:30:00,2024,7,2,2,30,73,73290,D1006,45.215135,6.967006,Nuit sans éclairage public,Hors agglomération,Hors intersection,Normale,Autre collision,3,2,2,0,2,2,1,0,3,80,1,2,0,0,1,1,22.0,,voiture,,3,1,1,1,6
202400009561,2024-03-17 03:50:00,2024,3,17,3,50,25,25056,MAZAGRAN CHEMIN DE,47.229793,6.02413,Nuit avec éclairage allumé,En agglomération,Hors intersection,Normale,Autre collision,4,2,2,0,1,1,1,0,1,30,1,1,0,0,0,1,23.0,,voiture,,5,2,1,1,6
202400009562,2024-07-05 19:50:00,2024,7,5,19,50,38,38087,D4,45.58707,4.78611,Crépuscule ou aube,En agglomération,Hors intersection,Normale,Deux véhicules - arrière,3,3,2,0,1,1,1,0,1,50,2,2,1,0,1,0,69.0,58.0,deux_roues,voiture,2,2,1,1,2
202400009563,2024-03-17 19:35:00,2024,3,17,19,35,22,22113,TREBEURDEN (ROUTE DE),48.748,-3.48412,Nuit avec éclairage allumé,En agglomération,Hors intersection,Normale,Autre collision,3,3,2,0,2,1,1,3,4,50,1,1,0,0,1,0,67.0,,voiture,,5,2,1,1,6
202400009564,2024-06-20 14:50:00,2024,6,20,14,50,07,07322,1165 la Teyre,44.675859,4.247247,Plein jour,Hors agglomération,Hors intersection,Pluie forte,Autre collision,2,2,2,0,1,1,2,0,1,90,1,1,0,0,1,0,51.0,,voiture,,1,1,1,3,6
202400009565,2024-03-15 16:08:00,2024,3,15,16,8,14,14118,16 Avenue de Verdun,49.178629,-0.3590276,Plein jour,En agglomération,Hors intersection,Pluie légère,Deux véhicules - côté,4,2,2,0,1,1,2,0,1,50,2,2,1,0,0,1,17.0,29.0,deux_roues,voiture,1,2,1,2,3
202400009566,2024-07-06 16:32:00,2024,7,6,16,32,01,01043,Route de Genève,45.835232,4.999514,Plein jour,En agglomération,Intersection en X,Pluie légère,Deux véhicules - côté,3,2,2,0,1,1,2,0,1,50,2,2,1,0,1,0,57.0,16.0,voiture,deux_roues,1,2,2,2,3
202400009566,2024-07-06 16:32:00,2024,7,6,16,32,01,01043,Route de Genève,45.835232,4.999514,Plein jour,En agglomération,Intersection en X,Pluie légère,Deux véhicules - côté,3,2,2,0,1,1,2,0,1,50,2,2,1,0,1,0,57.0,16.0,voiture,deux_roues,1,2,2,2,3
202400009567,2024-03-17 18:30:00,2024,3,17,18,30,13,13117,BARRE (ALLEE DE LA),43.43553,5.26386,Crépuscule ou aube,En agglomération,Intersection en T,Normale,Deux véhicules - côté,4,2,1,0,2,1,1,0,8,50,2,2,1,0,0,1,39.0,51.0,voiture,deux_roues,2,2,3,1,3
202400009567,2024-03-17 18:30:00,2024,3,17,18,30,13,13117,BARRE (ALLEE DE LA),43.43553,5.26386,Crépuscule ou aube,En agglomération,Intersection en T,Normale,Deux véhicules - côté,4,2,1,0,2,1,1,0,1,50,2,2,1,0,0,1,39.0,51.0,voiture,deux_roues,2,2,3,1,3
202400009568,2024-07-04 17:20:00,2024,7,4,17,20,01,01160,27 Avenue du Jura,46.258211,6.113055,Plein jour,En agglomération,Hors intersection,Normale,Autre collision,3,3,2,3,1,1,1,0,6,50,1,2,1,0,1,0,35.0,,transport_commun,,1,2,1,1,6
202400009569,2024-07-05 18:50:00,2024,7,5,18,50,81,81219,lieu dit en roussel,43.5787806,1.9984578,Crépuscule ou aube,Hors agglomération,Hors intersection,Normale,Deux véhicules - côté,3,2,2,0,2,3,1,0,1,80,2,3,0,0,0,3,38.0,55.0,voiture,voiture,2,1,1,1,3
202400009570,2024-03-17 22:30:00,2024,3,17,22,30,13,13208,MENDES FRANCE (AVENUE),43.25521944,5.37628953,Nuit avec éclairage non allumé,En agglomération,Hors intersection,Normale,Trois véhicules et plus - en chaîne,4,1,2,0,1,1,1,0,1,50,3,8,0,0,0,8,23.0,26.0,voiture,voiture,4,2,1,1,4
202400009571,2024-06-30 18:50:00,2024,6,30,18,50,31,31263,Route de Saverdun,43.402682,1.397544,Plein jour,Hors agglomération,Hors intersection,Normale,Deux véhicules - frontale,3,2,2,0,1,1,1,0,1,80,2,3,1,0,0,2,37.0,73.0,voiture,voiture,1,1,1,1,1
202400009572,2024-07-06 17:45:00,2024,7,6,17,45,17,17452,D25,45.720533,-1.229546,Plein jour,Hors agglomération,Hors intersection,Normale,Sans collision,3,2,2,0,1,3,1,0,1,70,1,1,0,0,1,0,20.0,,deux_roues,,1,1,1,1,7
202400009573,2024-03-17 13:45:00,2024,3,17,13,45,13,13213,ALPHONSE DAUDET (RUE),43.3201407,5.40945768,Plein jour,En agglomération,Intersection en Y,Normale,Deux véhicules - côté,4,2,2,0,1,1,1,0,1,50,2,2,1,0,0,1,33.0,,deux_roues,voiture,1,2,4,1,3
202400009573,2024-03-17 13:45:00,2024,3,17,13,45,13,13213,ALPHONSE DAUDET (RUE),43.3201407,5.40945768,Plein jour,En agglomération,Intersection en Y,Normale,Deux véhicules - côté,4,2, -1,-1,1,1,1,5,1,-1,2,2,1,0,0,1,33.0,,deux_roues,voiture,1,2,4,1,3
202400009574,2024-07-06 16:21:00,2024,7,6,16,21,16,16078,,45.741272,0.1882696,Plein jour,Hors agglomération,Hors intersection,Normale,Autre collision,2,-1,2,0,1,1,2,0,1,110,1,2,1,0,1,0,38.0,,utilitaire_camion,,1,1,1,1,6
202400009575,2024-07-03 11:30:00,2024,7,3,11,30,85,85113,Quai de la chapelle,46.728022,-2.349089,Plein jour,En agglomération,Hors intersection,Normale,Sans collision,9,-1,2,0,1,1,1,9,8,30,1,1,0,1,0,0,85.0,,voiture,,1,2,1,1,7
202400009576,2024-07-05 19:40:00,2024,7,5,19,40,53,53119,D112,48.0365,-0.777196,Plein jour,Hors agglomération,Hors intersection,Normale,Sans collision,3,2,2,0,1,1,1,0,1,80,1,1,0,0,0,1,37.0,,deux_roues,,1,1,1,1,7
202400009577,2024-03-17 00:30:00,2024,3,17,0,30,13,13201,FLAMMARION (BOULEVARD)     1 A 65,43.30349,5.38597,Nuit avec éclairage allumé,En agglomération,Intersection en X,Normale,Deux véhicules - côté,4,2,3,0,1,1,1,0,1,50,2,4,1,0,0,3,24.0,26.0,voiture,voiture,5,2,2,1,3
202400009577,2024-03-17 00:30:00,2024,3,17,0,30,13,13201,FLAMMARION (BOULEVARD)     1 A 65,43.30349,5.38597,Nuit avec éclairage allumé,En agglomération,Intersection en X,Normale,Deux véhicules - côté,4,2,3,0,1,1,1,0,1,50,2,4,1,0,0,3,24.0,26.0,voiture,voiture,5,2,2,1,3
202400009578,2024-07-06 16:20:00,2024,7,6,16,20,22,22178,pk 7 D21,48.695932,-3.025006,Plein jour,Hors agglomération,Hors intersection,Normale,Deux véhicules - côté,3,2,2,0,4,1,1,5,1,70,2,4,1,1,2,0,78.0,19.0,voiture,voiture,1,1,1,1,3
202400009579,2024-03-17 14:20:00,2024,3,17,14,20,06,06004,POINCARE BD RAYMOND,43.5722091,7.1044154,Plein jour,En agglomération,Intersection en X,Normale,Deux véhicules - côté,4,1,1,0,1,1,1,0,1,50,2,4,2,0,0,2,71.0,47.0,voiture,voiture,1,2,2,1,3
202400009579,2024-03-17 14:20:00,2024,3,17,14,20,06,06004,POINCARE BD RAYMOND,43.5722091,7.1044154,Plein jour,En agglomération,Intersection en X,Normale,Deux véhicules - côté,4,2,2,0,1,1,1,5,1,50,2,4,2,0,0,2,71.0,47.0,voiture,voiture,1,2,2,1,3
202400009580,2024-07-06 13:35:00,2024,7,6,13,35,22,22162,D786,48.76278,-3.016798,Plein jour,Hors agglomération,Hors intersection,Pluie légère,Deux véhicules - frontale,3,2,2,0,1,1,2,0,1,50,2,4,1,0,1,2,64.0,59.0,autre,voiture,1,1,1,2,1
202400009581,2024-03-17 14:10:00,2024,3,17,14,10,75,75112,PORTE DOREE,48.831344,2.404078,Plein jour,En agglomération,Hors intersection,Pluie légère,Deux véhicules - côté,4,-1,4,0,1,1,2,0,1,70,2,2,1,0,0,1,35.0,,deux_roues,voiture,1,2,1,2,3
202400009582,2024-03-16 13:35:00,2024,3,16,13,35,75,75117,ECHANGEUR MAILLOT,48.88260497,2.28311026,Plein jour,En agglomération,Hors intersection,Normale,Sans collision,4,1,1,0,1,3,2,1,1,50,1,1,0,0,0,1,25.0,,deux_roues,,1,2,1,1,7
202400009583,2024-07-06 11:05:00,2024,7,6,11,5,60,60575,93 Route Nationale 1,49.29002,2.20053,Plein jour,En agglomération,Hors intersection,Normale,Autre collision,3,2,2,0,1,1,1,0,1,50,1,2,1,0,1,0,62.0,,voiture,,1,2,1,1,6
202400009584,2024-07-06 20:13:00,2024,7,6,20,13,60,60542,D513,49.412202,2.188725,Plein jour,Hors agglomération,Hors intersection,Temps éblouissant,Deux véhicules - frontale,3,2,2,0,1,4,1,0,1,80,2,2,0,0,0,2,25.0,89.0,voiture,voiture,1,1,1,7,1
202400009585,2024-07-05 22:00:00,2024,7,5,22,0,80,80212,Boulevard Blais Mousseron,49.911675,2.50263,Crépuscule ou aube,En agglomération,Hors intersection,Normale,Autre collision,3,2,2,0,2,1,1,0,2,50,1,1,0,1,0,0,33.0,,deux_roues,,2,2,1,1,6
202400009586,2024-03-15 13:20:00,2024,3,15,13,20,75,75113,BD PERIPHERIQUE EXTERIEUR,48.825237,2.385529,Plein jour,En agglomération,Hors intersection,Normale,Deux véhicules - côté,4,1,4,0,1,1,1,0,1,70,2,2,1,0,0,1,27.0,50.0,voiture,deux_roues,1,2,1,1,3
202400009587,2024-07-05 19:40:00,2024,7,5,19,40,80,80307,A1,49.943508,2.852379,Plein jour,Hors agglomération,Hors intersection,Normale,Deux véhicules - arrière,1,2,3,0,2,1,1,0,1,130,2,4,1,0,2,1,24.0,55.0,voiture,utilitaire_camion,1,1,1,1,2
202400009588,2024-03-17 19:35:00,2024,3,17,19,35,75,75115,RUE DE VAUGIRARD,48.842869,2.312388,Nuit avec éclairage allumé,En agglomération,Intersection en X,Normale,Autre collision,4,-1,0,0,1,1,1,0,1,30,1,2,1,0,0,1,30.0,,deux_roues,,5,2,2,1,6
202400009588,2024-03-17 19:35:00,2024,3,17,19,35,75,75115,RUE DE VAUGIRARD,48.842869,2.312388,Nuit avec éclairage allumé,En agglomération,Intersection en X,Normale,Autre collision,4,-1,0,1,1,1,1,0,5,30,1,2,1,0,0,1,30.0,,deux_roues,,5,2,2,1,6
202400009589,2024-07-04 18:20:00,2024,7,4,18,20,13,13215,A7-Sens Marseille vers Lyon,43.34667,5.37269,Plein jour,Hors agglomération,Hors intersection,Normale,Deux véhicules - arrière,1,1,3,0,1,1,1,0,1,90,2,2,1,0,0,1,61.0,47.0,deux_roues,deux_roues,1,1,1,1,2
202400009590,2024-03-16 21:10:00,2024,3,16,21,10,94,94018,Quai de Bercy,48.82588,2.39263,Nuit avec éclairage allumé,En agglomération,Hors intersection,Normale,Deux véhicules - côté,3,3,4,0,2,1,1,0,1,50,2,2,1,0,1,0,45.0,31.0,voiture,deux_roues,5,2,1,1,3
202400009591,2024-06-30 18:42:00,2024,6,30,18,42,13,13033,A55-Sens Martigues vers Marseille,43.37409,5.19657,Plein jour,Hors agglomération,Hors intersection,Normale,Deux véhicules - côté,1,1,2,0,1,1,1,0,1,110,3,5,1,0,0,4,36.0,25.0,voiture,voiture,1,1,1,1,3
202400009592,2024-03-16 23:15:00,2024,3,16,23,15,93,93039,Avenue Jean Jaurès,48.934693,2.339023,Nuit avec éclairage allumé,En agglomération,Hors intersection,Normale,Deux véhicules - frontale,4,2,2,0,1,1,1,0,1,50,2,2,1,0,0,1,,20.0,voiture,deux_roues,5,2,1,1,1
202400009593,2024-07-05 03:20:00,2024,7,5,3,20,13,13056,A55-Sens Marseille vers Martigues,43.39834,5.04607,Nuit sans éclairage public,Hors agglomération,Hors intersection,Normale,Deux véhicules - arrière,1,1,2,0,1,1,1,2,1,90,2,2,0,0,0,2,46.0,39.0,voiture,voiture,3,1,1,1,2
202400009594,2024-07-03 00:01:00,2024,7,3,0,1,13,13210,Tunnel Prado Carénage,43.28259,5.39401,Nuit avec éclairage allumé,Hors agglomération,Hors intersection,Normale,Autre collision,1,1,1,0,2,2,1,1,1,50,1,1,0,0,0,1,29.0,,voiture,,5,1,1,1,6
202400009595,2024-07-04 15:35:00,2024,7,4,15,35,83,83144,A57,43.13525855,5.99079429,Plein jour,En agglomération,Hors intersection,Normale,Trois véhicules et plus - en chaîne,1,3,4,0,1,1,1,0,1,70,3,3,2,0,0,1,24.0,31.0,voiture,voiture,1,2,1,1,4
202400009596,2024-07-05 03:55:00,2024,7,5,3,55,33,33039,,44.78868,-0.54106,Nuit sans éclairage public,Hors agglomération,Hors intersection,Normale,Deux véhicules - arrière,1,3,6,0,1,1,1,0,1,90,2,2,1,1,0,0,30.0,63.0,voiture,utilitaire_camion,3,1,1,1,2
202400009597,2024-03-17 12:40:00,2024,3,17,12,40,93,93046,Allée Carnot / Avenue Firmin Didot,48.91042,2.52458,Plein jour,En agglomération,Intersection en X,Pluie légère,Autre collision,4,1,1,0,1,1,2,0,1,50,1,2,1,0,0,1,54.0,,voiture,,1,2,2,2,6
202400009597,2024-03-17 12:40:00,2024,3,17,12,40,93,93046,Allée Carnot / Avenue Firmin Didot,48.91042,2.52458,Plein jour,En agglomération,Intersection en X,Pluie légère,Autre collision,4,1,1,0,1,1,2,0,1,50,1,2,1,0,0,1,54.0,,voiture,,1,2,2,2,6
202400009598,2024-07-05 06:30:00,2024,7,5,6,30,91,91689,AUTOROUTE A6B,48.74173508,2.32163161,Plein jour,Hors agglomération,Hors intersection,Normale,Deux véhicules - côté,1,3,4,0,1,1,1,0,1,110,2,2,1,0,0,1,31.0,58.0,utilitaire_camion,voiture,1,1,1,1,3
202400009599,2024-03-17 18:35:00,2024,3,17,18,35,92,92024,MARTRE (RUE) DE (1 A 41),48.90088757,2.30804157,Plein jour,En agglomération,Intersection en X,Normale,Deux véhicules - côté,3,2,2,0,1,1,1,0,1,50,2,3,2,0,0,1,48.0,43.0,deux_roues,voiture,1,2,2,1,3
202400009599,2024-03-17 18:35:00,2024,3,17,18,35,92,92024,MARTRE (RUE) DE (1 A 41),48.90088757,2.30804157,Plein jour,En agglomération,Intersection en X,Normale,Deux véhicules - côté,3,1,3,2,1,1,1,0,1,50,2,3,2,0,0,1,48.0,43.0,deux_roues,voiture,1,2,2,1,3
202400009600,2024-07-04 17:30:00,2024,7,4,17,30,78,78640,A86 EXT,48.778045,2.213659,Plein jour,Hors agglomération,Hors intersection,Normale,Deux véhicules - côté,1,1,1,0,1,1,1,0,2,70,2,2,1,0,0,1,22.0,27.0,deux_roues,deux_roues,1,1,1,1,3
202400009601,2024-03-16 14:10:00,2024,3,16,14,10,92,92012,MARCEL DASSAULT (RUE) - COTE IMPAIR - 26,48.83499664,2.25167871,Plein jour,En agglomération,Intersection en T,Normale,Autre collision,4,1,1,0,1,1,1,0,1,50,1,2,1,0,0,1,,,deux_roues,,1,2,3,1,6
202400009601,2024-03-16 14:10:00,2024,3,16,14,10,92,92012,MARCEL DASSAULT (RUE) - COTE IMPAIR - 26,48.83499664,2.25167871,Plein jour,En agglomération,Intersection en T,Normale,Autre collision,4,1,1,0,1,1,1,0,1,50,1,2,1,0,0,1,,,deux_roues,,1,2,3,1,6
202400009602,2024-07-04 07:55:00,2024,7,4,7,55,78,78423,N12W,48.797964,2.008509,Plein jour,Hors agglomération,Hors intersection,Normale,Deux véhicules - arrière,2,-1,2,0,1,1,1,0,1,90,2,2,1,0,0,1,53.0,45.0,voiture,deux_roues,1,1,1,1,2
202400009603,2024-03-16 15:50:00,2024,3,16,15,50,92,92002,RAYMON ARON (AVENUE),48.76693,2.31031,Plein jour,En agglomération,Hors intersection,Normale,Trois véhicules et plus - en chaîne,3,3,0,0,1,1,1,0,1,50,3,3,2,0,0,1,23.0,41.0,utilitaire_camion,voiture,1,2,1,1,4
202400009604,2024-07-03 16:25:00,2024,7,3,16,25,78,78646,RN12,48.793376,2.080828,Plein jour,Hors agglomération,Hors intersection,Temps couvert,Deux véhicules - arrière,2,3,4,0,1,1,1,0,1,90,2,3,1,0,0,2,23.0,19.0,deux_roues,voiture,1,1,1,8,2
202400009605,2024-07-05 15:30:00,2024,7,5,15,30,93,93008,A86,48.90624472,2.45978415,Plein jour,Hors agglomération,Hors intersection,Normale,Deux véhicules - arrière,1,3,2,0,1,1,1,0,1,90,2,3,2,0,0,1,44.0,41.0,voiture,utilitaire_camion,1,1,1,1,2
202400009606,2024-03-17 17:00:00,2024,3,17,17,0,60,60149,D155,49.327779,2.686522,Plein jour,Hors agglomération,Hors intersection,Normale,Sans collision,3,2,2,0,1,3,2,0,3,80,1,2,0,0,1,1,30.0,,voiture,,1,1,1,1,7
202400009607,2024-07-05 15:15:00,2024,7,5,15,15,93,93007,A3,48.93347428,2.48088336,Plein jour,Hors agglomération,Hors intersection,Normale,Deux véhicules - arrière,1,3,3,0,1,1,1,0,1,110,2,2,1,0,0,1,62.0,35.0,utilitaire_camion,utilitaire_camion,1,1,1,1,2
202400009608,2024-03-18 17:15:00,2024,3,18,17,15,59,59511,RD 953,50.446492,3.348126,Plein jour,Hors agglomération,Hors intersection,Normale,Deux véhicules - côté,3,2,1,2,4,1,1,0,1,80,2,2,1,0,1,0,24.0,75.0,deux_roues,voiture,1,1,1,1,3
202400009609,2024-07-05 14:00:00,2024,7,5,14,0,95,95563,A115,49.01010159,2.23152626,Plein jour,Hors agglomération,Hors intersection,Normale,Autre collision,1,1,2,0,1,2,1,0,1,70,1,1,0,0,0,1,33.0,,voiture,,1,1,1,1,6
202400009610,2024-03-16 15:15:00,2024,3,16,15,15,80,80155,D12,50.11482,2.012853,Plein jour,Hors agglomération,Hors intersection,Normale,Deux véhicules - côté,3,2,2,0,1,1,1,0,1,80,2,3,2,0,1,0,31.0,18.0,deux_roues,voiture,1,1,1,1,3
202400009611,2024-07-05 12:00:00,2024,7,5,12,0,95,95306,A15,48.99605104,2.1811692,Plein jour,Hors agglomération,Hors intersection,Normale,Sans collision,1,3,3,0,1,1,1,3,1,90,1,1,0,0,0,1,40.0,,deux_roues,,1,1,1,1,7
202400009612,2024-03-17 12:00:00,2024,3,17,12,0,82,82097,D3,43.9312706,0.93438312,Plein jour,Hors agglomération,Hors intersection,Normale,Autre collision,3,2,2,0,1,2,1,2,8,80,1,2,0,0,1,1,19.0,,voiture,,1,1,1,1,6
202400009613,2024-02-07 10:00:00,2024,2,7,10,0,82,82044,12 Rue Jean Jaures,43.945011,1.367267,Plein jour,En agglomération,Hors intersection,Normale,Autre collision,3,2,2,0,2,1,1,0,1,30,1,2,1,0,1,0,77.0,,voiture,,1,2,1,1,6
202400009614,2024-03-17 05:00:00,2024,3,17,5,0,41,41080,Route de l?Audronniere,47.332814,1.165277,Nuit sans éclairage public,Hors agglomération,Autre intersection,Pluie légère,Autre collision,3,2,2,0,1,1,2,0,3,70,1,2,1,0,1,0,39.0,,voiture,,3,1,9,2,6
202400009615,2024-07-03 07:25:00,2024,7,3,7,25,976,97611,kaweni-SPPM ( rue de la ),-12.771,45.224,Plein jour,En agglomération,Place,Normale,Deux véhicules - côté,2,2, -1,0,1,1,1,0,1,50,2,3,2,0,0,1,34.0,34.0,deux_roues,deux_roues,1,2,7,1,3
202400009616,2024-03-15 15:30:00,2024,3,15,15,30,22,22025,ZA de Kerguiniou,48.407933,-3.405625,Plein jour,En agglomération,Giratoire,Normale,Sans collision,3,2,2,0,1,1,1,0,1,50,2,2,1,0,1,0,53.0,58.0,utilitaire_camion,deux_roues,1,2,6,1,7
202400009616,2024-03-15 15:30:00,2024,3,15,15,30,22,22025,ZA de Kerguiniou,48.407933,-3.405625,Plein jour,En agglomération,Giratoire,Normale,Sans collision,3,2,2,0,1,1,1,0,1,80,2,2,1,0,1,0,53.0,58.0,utilitaire_camion,deux_roues,1,2,6,1,7