accident_id,datetime,annee,mois,jour,heure,minute,departement,commune_insee,adresse,latitude,longitude,luminosite,agglomeration,intersection,meteo,collision,catr,circ,nbv,vosp,prof,plan,surf,infra,situ,vma,nb_vehicules,nb_usagers,nb_indemnes,nb_tues,nb_blesses_hosp,nb_blesses_legers,age_cond_1,age_cond_2,veh_type_cond_1,veh_type_cond_2,lum_code,agg_code,int_code,atm_code,col_code
202400009617,2024-07-03 06:50:00,2024,7,3,6,50,976,97611,kaweni-Centrale EDM (rue de la ),-12.75932,45.2299,Plein jour,En agglomération,Hors intersection,Normale,Deux véhicules - arrière,2,2,2,0,3,3,1,0,1,50,2,4,1,0,0,3,25.0,40.0,deux_roues,deux_roues,1,2,1,1,2
202400009618,2024-07-04 17:40:00,2024,7,4,17,40,974,97416,HUBERT DE LISLE(BOULEVARD),-21.34367,55.46963,Nuit avec éclairage allumé,En agglomération,Hors intersection,Normale,Deux véhicules - côté,4,1,2,1,1,1,1,0,5,50,2,2,0,0,0,2,41.0,29.0,voiture,deux_roues,5,2,1,1,3
202400009619,2024-03-18 17:45:00,2024,3,18,17,45,31,31280,D40,43.260019,1.321235,Crépuscule ou aube,Hors agglomération,Hors intersection,Normale,Deux véhicules - frontale,3,2,2,0,2,2,1,0,1,80,2,3,2,0,1,0,44.0,27.0,voiture,deux_roues,2,1,1,1,1
202400009620,2024-07-04 11:30:00,2024,7,4,11,30,974,97411,JAURES (BOULEVARD JEAN),-20.8978,55.476,Plein jour,En agglomération,Hors intersection,Normale,Deux véhicules - arrière,2,2,4,0,1,1,1,0,4,70,2,2,0,0,1,1,54.0,59.0,voiture,voiture,1,2,1,1,2
202400009621,2024-07-04 19:15:00,2024,7,4,19,15,973,97302,GIRATOIRE MARINGOUINS,4.90716,-52.32267,Nuit sans éclairage public,Hors agglomération,Hors intersection,Normale,Deux véhicules - arrière,2,1,2,0,1,2,1,0,1,50,2,3,1,0,0,2,36.0,26.0,deux_roues,utilitaire_camion,3,1,1,1,2
202400009622,2024-06-27 18:33:00,2024,6,27,18,33,973,97302,MANDELA  (BOULEVARD),4.93687,-52.326,Crépuscule ou aube,En agglomération,Hors intersection,Pluie forte,Deux véhicules - côté,3,1,2,0,1,1,2,0,1,50,2,3,1,0,0,2,33.0,40.0,voiture,deux_roues,2,2,1,3,3
202400009623,2024-07-04 17:01:00,2024,7,4,17,1,973,97302,MONTABO (ROUTE DE) 2,4.9442,-52.30948,Plein jour,En agglomération,Hors intersection,Normale,Deux véhicules - côté,3,2,2,2,1,1,1,0,1,50,2,2,1,0,0,1,46.0,,deux_roues,voiture,1,2,1,1,3
202400009624,2024-07-03 23:30:00,2024,7,3,23,30,973,97302,MONTABO (ROUTE DE) 1,4.9422,-52.3048,Nuit avec éclairage allumé,En agglomération,Hors intersection,Normale,Deux véhicules - côté,3,2,2,0,1,1,1,0,1,50,2,2,1,0,0,1,18.0,21.0,voiture,deux_roues,5,2,1,1,3
202400009625,2024-07-03 01:55:00,2024,7,3,1,55,973,97302,rd24,4.90425,-52.3177,Nuit avec éclairage allumé,En agglomération,Hors intersection,Normale,Sans collision,3,2,2,0,2,2,1,0,1,50,1,1,0,0,0,1,42.0,,deux_roues,,5,2,1,1,7
202400009626,2024-07-04 01:00:00,2024,7,4,1,0,69,69388,Rue des Serpollières,45.732407,4.86400338,Nuit avec éclairage allumé,En agglomération,Intersection en X,Normale,Deux véhicules - côté,4,1,1,0,1,1,1,0,1,30,2,2,1,0,0,1,,23.0,voiture,deux_roues,5,2,2,1,3
202400009626,2024-07-04 01:00:00,2024,7,4,1,0,69,69388,Rue des Serpollières,45.732407,4.86400338,Nuit avec éclairage allumé,En agglomération,Intersection en X,Normale,Deux véhicules - côté,4,1,1,0,1,1,1,0,1,30,2,2,1,0,0,1,,23.0,voiture,deux_roues,5,2,2,1,3
202400009627,2024-07-03 20:15:00,2024,7,3,20,15,972,97213,ROUTE NATIONALE 1,14.6185,-61.00457,Nuit sans éclairage public,En agglomération,Giratoire,Normale,Deux véhicules - côté,2,2,2,0,1,1,1,0,1,50,2,2,1,0,0,1,17.0,47.0,deux_roues,voiture,3,2,6,1,3
202400009627,2024-07-03 20:15:00,2024,7,3,20,15,972,97213,ROUTE NATIONALE 1,14.6185,-61.00457,Nuit sans éclairage public,En agglomération,Giratoire,Normale,Deux véhicules - côté,2,2,2,0,1,2,1,0,1,30,2,2,1,0,0,1,17.0,47.0,deux_roues,voiture,3,2,6,1,3
202400009628,2024-07-03 13:00:00,2024,7,3,13,0,972,97209,MORNE PICHEVIN (AVENUE),14.6044,-61.0594,Plein jour,En agglomération,Hors intersection,Normale,Deux véhicules - côté,4,2,2,0,2,3,1,0,1,50,2,2,1,0,0,1,53.0,60.0,voiture,voiture,1,2,1,1,3
202400009629,2024-07-03 10:15:00,2024,7,3,10,15,69,69149,Boulevard de l'Europe,45.69769,4.82468,Plein jour,En agglomération,Intersection en X,Normale,Deux véhicules - côté,7,2,3,2,1,1,1,5,1,50,2,7,5,0,0,2,40.0,26.0,voiture,utilitaire_camion,1,2,2,1,3
202400009629,2024-07-03 10:15:00,2024,7,3,10,15,69,69149,Boulevard de l'Europe,45.69769,4.82468,Plein jour,En agglomération,Intersection en X,Normale,Deux véhicules - côté,7,2,2,0,1,1,1,5,1,50,2,7,5,0,0,2,40.0,26.0,voiture,utilitaire_camion,1,2,2,1,3
202400009630,2024-07-04 15:50:00,2024,7,4,15,50,2B,2B120,LAGUNE (Route de la) D107,42.3812,9.274,Plein jour,En agglomération,Hors intersection,Normale,Deux véhicules - arrière,3,2,2,0,1,1,1,0,1,70,2,2,1,0,0,1,61.0,21.0,deux_roues,voiture,1,2,1,1,2
202400009631,2024-07-02 22:15:00,2024,7,2,22,15,971,97101,PATRICK SAINT ELOI ( AVENUE ),16.25078,-61.52779,Nuit avec éclairage non allumé,Hors agglomération,Hors intersection,Normale,Autre collision,3,2,5,0,1,1,1,9,1,50,1,2,1,0,1,0,,,voiture,,4,1,1,1,6
202400009632,2024-07-04 13:05:00,2024,7,4,13,5,2A,2A004,ROUTE DU STILETTO,41.94617,8.77221,Plein jour,En agglomération,Giratoire,Normale,Deux véhicules - côté,4,1,2,0,2,2,1,0,1,50,2,2,1,0,0,1,37.0,19.0,voiture,deux_roues,1,2,6,1,3
202400009632,2024-07-04 13:05:00,2024,7,4,13,5,2A,2A004,ROUTE DU STILETTO,41.94617,8.77221,Plein jour,En agglomération,Giratoire,Normale,Deux véhicules - côté,4,2,2,0,3,1,1,0,1,50,2,2,1,0,0,1,37.0,19.0,voiture,deux_roues,1,2,6,1,3
202400009633,2024-07-04 21:00:00,2024,7,4,21,0,95,95288,CARRIERES (RUE DES),48.99076997,2.3502481,Plein jour,En agglomération,Intersection en X,Normale,Deux véhicules - côté,4,2,1,0,1,1,1,0,1,50,2,2,1,0,0,1,23.0,45.0,deux_roues,utilitaire_camion,1,2,2,1,3
202400009633,2024-07-04 21:00:00,2024,7,4,21,0,95,95288,CARRIERES (RUE DES),48.99076997,2.3502481,Plein jour,En agglomération,Intersection en X,Normale,Deux véhicules - côté,4,1,1,0,2,1,1,0,1,50,2,2,1,0,0,1,23.0,45.0,deux_roues,utilitaire_camion,1,2,2,1,3
202400009634,2024-07-04 13:20:00,2024,7,4,13,20,95,95555,D14,48.96323737,2.29105766,Plein jour,En agglomération,Hors intersection,Normale,Deux véhicules - côté,3,3,4,0,1,1,1,0,1,50,2,2,1,0,0,1,41.0,,deux_roues,voiture,1,2,1,1,3
202400009635,2024-07-03 19:35:00,2024,7,3,19,35,91,91549,CORBEIL (ROUTE DE),48.64639,2.3352,Plein jour,En agglomération,Hors intersection,Normale,Deux véhicules - arrière,3,1,1,0,1,1,1,8,1,50,2,2,1,0,0,1,43.0,28.0,deux_roues,voiture,1,2,1,1,2
202400009636,2024-07-03 17:50:00,2024,7,3,17,50,91,91421,CHARLES DE GAULLE (AVENUE),48.695393,2.453022,Plein jour,En agglomération,Hors intersection,Temps couvert,Deux véhicules - arrière,3,2,2,0,1,1,1,0,1,50,2,2,1,0,0,1,49.0,,voiture,voiture,1,2,1,8,2
202400009637,2024-07-04 22:05:00,2024,7,4,22,5,88,88463,RD 31,48.24098,6.89396,Nuit sans éclairage public,Hors agglomération,Hors intersection,Normale,Sans collision,3,2,2,0,1,3,1,0,1,80,1,1,0,0,1,0,30.0,,voiture,,3,1,1,1,7
202400009638,2024-07-03 19:30:00,2024,7,3,19,30,87,87085,AUTOROUTE A20,45.8796055,1.28845306,Plein jour,Hors agglomération,Hors intersection,Normale,Autre collision,1,3,6,0,1,1,1,0,1,90,1,2,1,0,1,0,27.0,,utilitaire_camion,,1,1,1,1,6
202400009639,2024-07-03 16:55:00,2024,7,3,16,55,84,84007,DOCTEUR PONS (Route touristique),43.953476,4.82043,Plein jour,En agglomération,Hors intersection,Normale,Deux véhicules - frontale,3,2,2,0,1,1,1,0,1,70,2,3,1,0,0,2,72.0,25.0,voiture,voiture,1,2,1,1,1
202400009640,2024-07-04 15:05:00,2024,7,4,15,5,83,83137,ORTOLAN (AVE DE 512 A  FIN,43.13078,5.9607,Plein jour,En agglomération,Hors intersection,Normale,Autre collision,4,2,2,0,2,1,1,0,1,50,1,1,0,0,1,0,28.0,,deux_roues,,1,2,1,1,6
202400009641,2024-07-04 07:10:00,2024,7,4,7,10,83,83061,CD8,43.42417,6.71266,Plein jour,Hors agglomération,Intersection en Y,Normale,Deux véhicules - côté,3,2,2,0,1,1,1,0,1,70,2,2,0,0,2,0,29.0,35.0,deux_roues,deux_roues,1,1,4,1,3
202400009641,2024-07-04 07:10:00,2024,7,4,7,10,83,83061,CD8,43.42417,6.71266,Plein jour,Hors agglomération,Intersection en Y,Normale,Deux véhicules - côté,3,2,2,0,1,1,1,0,1,50,2,2,0,0,2,0,29.0,35.0,deux_roues,deux_roues,1,1,4,1,3
202400009642,2024-06-29 23:17:00,2024,6,29,23,17,83,83061,AVENUE DE LA CORNICHE D'AZUR,43.37283,6.7145,Nuit sans éclairage public,En agglomération,Hors intersection,Normale,Deux véhicules - frontale,3,2,2,0,1,3,1,0,1,50,2,3,1,0,2,0,37.0,75.0,utilitaire_camion,voiture,3,2,1,1,1
202400009643,2024-07-03 10:35:00,2024,7,3,10,35,81,81163,REPUBLIQUE,43.49172923,2.37282978,Plein jour,En agglomération,Intersection en X,Pluie légère,Deux véhicules - côté,3,1,1,0,1,1,2,0,1,50,2,4,3,0,0,1,53.0,21.0,voiture,voiture,1,2,2,2,3
202400009643,2024-07-03 10:35:00,2024,7,3,10,35,81,81163,REPUBLIQUE,43.49172923,2.37282978,Plein jour,En agglomération,Intersection en X,Pluie légère,Deux véhicules - côté,3,1,1,0,2,1,2,0,1,50,2,4,3,0,0,1,53.0,21.0,voiture,voiture,1,2,2,2,3
202400009644,2024-07-04 21:15:00,2024,7,4,21,15,81,81004,ROCADE RN88 SUD,43.91621,2.16209,Crépuscule ou aube,Hors agglomération,Hors intersection,Normale,Deux véhicules - arrière,2,3,4,0,2,3,1,0,1,90,2,2,1,0,0,1,72.0,25.0,deux_roues,voiture,2,1,1,1,2
202400009645,2024-07-04 12:50:00,2024,7,4,12,50,79,79329,,46.98483,-0.21863,Plein jour,En agglomération,Intersection en X,Normale,Deux véhicules - côté,4,2,2,0,1,1,1,0,1,50,2,2,1,0,1,0,64.0,31.0,deux_roues,voiture,1,2,2,1,3
202400009645,2024-07-04 12:50:00,2024,7,4,12,50,79,79329,,46.98483,-0.21863,Plein jour,En agglomération,Intersection en X,Normale,Deux véhicules - côté,4,2,2,0,1,1,1,0,1,50,2,2,1,0,1,0,64.0,31.0,deux_roues,voiture,1,2,2,1,3
202400009646,2024-06-21 18:45:00,2024,6,21,18,45,77,77014,BEZOUT (RUE),48.41871,2.73701,Plein jour,En agglomération,Hors intersection,Normale,Trois véhicules et plus - en chaîne,3,2,2,0,2,1,1,0,1,50,3,3,2,0,0,1,22.0,56.0,voiture,voiture,1,2,1,1,4
202400009647,2024-07-04 18:25:00,2024,7,4,18,25,76,76216,Route de Dieppe,49.46001774,1.05481155,Plein jour,En agglomération,Hors intersection,Normale,Deux véhicules - côté,7,2,2,3,1,1,1,0,1,50,2,3,2,0,0,1,50.0,29.0,voiture,voiture,1,2,1,1,3
202400009648,2024-07-04 03:25:00,2024,7,4,3,25,76,76540,Rue Jeanne d'Arc,49.43995,1.0892,Nuit avec éclairage allumé,En agglomération,Intersection en X,Pluie légère,Autre collision,4,2,2,3,1,1,2,-1,1,50,1,3,2,0,0,1,43.0,,voiture,,5,2,2,2,6
202400009648,2024-07-04 03:25:00,2024,7,4,3,25,76,76540,Rue Jeanne d'Arc,49.43995,1.0892,Nuit avec éclairage allumé,En agglomération,Intersection en X,Pluie légère,Autre collision,4,1,1,3,1,1,2,-1,1,50,1,3,2,0,0,1,43.0,,voiture,,5,2,2,2,6
202400009649,2024-07-03 11:22:00,2024,7,3,11,22,74,74012,REPUBLIQUE (RUE DE LA),46.1989,6.24,Plein jour,En agglomération,Hors intersection,Normale,Autre collision,4,-1, -1,0,1,1,1,0,1,50,1,1,0,0,0,1,47.0,,autre,,1,2,1,1,6
202400009650,2024-07-03 19:00:00,2024,7,3,19,0,74,74305,VOIRONS (RUE DES),46.20038,6.27546,Plein jour,Hors agglomération,Autre intersection,Normale,Deux véhicules - côté,3,-1,2,0,1,1,1,0,1,70,2,2,1,0,0,1,37.0,38.0,utilitaire_camion,deux_roues,1,1,9,1,3
202400009651,2024-07-03 15:15:00,2024,7,3,15,15,72,72181,SAVORGNAN DE BRAZZA (AV) N° IMP,48.01308,0.222721,Plein jour,En agglomération,Hors intersection,Normale,Deux véhicules - côté,4,2,2,1,2,1,1,0,1,50,2,3,2,0,0,1,31.0,25.0,deux_roues,voiture,1,2,1,1,3
202400009652,2024-07-04 07:15:00,2024,7,4,7,15,71,71499,JEAN ZAY (RUE),46.6527,4.3078,Plein jour,En agglomération,Hors intersection,Normale,Deux véhicules - frontale,3,-1,2,0,1,2,1,0,1,50,2,2,1,0,0,1,23.0,57.0,voiture,voiture,1,2,1,1,1
202400009653,2024-07-03 10:45:00,2024,7,3,10,45,69,69266,Boulevard de la Bataille de Stalingrad,45.77923607,4.85954242,Plein jour,En agglomération,Intersection en X,Temps couvert,Deux véhicules - côté,4,2,3,3,1,1,1,0,1,50,2,2,1,0,0,1,58.0,74.0,transport_commun,deux_roues,1,2,2,8,3
202400009653,2024-07-03 10:45:00,2024,7,3,10,45,69,69266,Boulevard de la Bataille de Stalingrad,45.77923607,4.85954242,Plein jour,En agglomération,Intersection en X,Temps couvert,Deux véhicules - côté,4,2,6,1,1,1,1,5,1,50,2,2,1,0,0,1,58.0,74.0,transport_commun,deux_roues,1,2,2,8,3
202400009654,2024-07-04 18:40:00,2024,7,4,18,40,69,69264,239 Avenue Theodore Braun,45.98214,4.74163,Plein jour,En agglomération,Hors intersection,Normale,Deux véhicules - arrière,3,2,2,0,1,1,1,0,1,50,2,2,1,0,0,1,,35.0,voiture,voiture,1,2,1,1,2
202400009655,2024-07-04 00:24:00,2024,7,4,0,24,68,68297,SEVILLE ( RUE DE ),47.60546,7.54291,Nuit avec éclairage allumé,En agglomération,Autre intersection,Normale,Deux véhicules - côté,4,-1,2,0,1,1,1,9,8,15,2,3,2,0,0,1,20.0,20.0,voiture,voiture,5,2,9,1,3
202400009656,2024-07-03 17:10:00,2024,7,3,17,10,65,65286,SAINT-JOSEPH (AVENUE),43.09975,-0.03992,Plein jour,En agglomération,Hors intersection,Normale,Deux véhicules - côté,4,2,2,0,1,1,1,0,1,50,2,2,1,0,0,1,21.0,42.0,voiture,deux_roues,1,2,1,1,3
202400009657,2024-07-03 16:30:00,2024,7,3,16,30,64,64545,BERNARD DE CORAL (RUE),43.36252,-1.69804,Plein jour,En agglomération,Intersection en T,Normale,Autre collision,4,1,0,0,1,1,1,0,1,50,1,2,1,1,0,0,43.0,,utilitaire_camion,,1,2,3,1,6
202400009657,2024-07-03 16:30:00,2024,7,3,16,30,64,64545,BERNARD DE CORAL (RUE),43.36252,-1.69804,Plein jour,En agglomération,Intersection en T,Normale,Autre collision,4,2, -1,-1,2,1,1,0,1,-1,1,2,1,1,0,0,43.0,,utilitaire_camion,,1,2,3,1,6
202400009658,2024-07-04 14:25:00,2024,7,4,14,25,64,64132,GEORGES CLEMENCEAU,43.28924,-0.35448,Plein jour,En agglomération,Hors intersection,Temps couvert,Deux véhicules - côté,4,2,2,0,1,1,1,0,1,50,2,2,1,0,0,1,32.0,50.0,voiture,deux_roues,1,2,1,8,3
202400009659,2024-07-04 10:20:00,2024,7,4,10,20,64,64132,COMMANDANT RENE MOUCHOTTE DU,43.30548,-0.32899,Plein jour,En agglomération,Giratoire,Normale,Deux véhicules - côté,4,4,2,0,1,2,1,0,1,50,2,2,0,0,0,2,86.0,69.0,voiture,voiture,1,2,6,1,3
202400009660,2024-07-04 09:05:00,2024,7,4,9,5,63,63113,SAINT JEAN (BD),45.78298046,3.1184274,Plein jour,Hors agglomération,Intersection en T,Normale,Deux véhicules - côté,7,-1, -1,-1,1,1,1,5,1,30,2,2,1,0,0,1,62.0,27.0,voiture,voiture,1,1,3,1,3
202400009660,2024-07-04 09:05:00,2024,7,4,9,5,63,63113,SAINT JEAN (BD),45.78298046,3.1184274,Plein jour,Hors agglomération,Intersection en T,Normale,Deux véhicules - côté,7,2,2,0,1,1,1,0,1,50,2,2,1,0,0,1,62.0,27.0,voiture,voiture,1,1,3,1,3
202400009661,2024-07-03 09:55:00,2024,7,3,9,55,62,62250,D919,50.44789,2.94404,Plein jour,En agglomération,Hors intersection,Normale,Autre collision,3,2,2,0,1,1,1,0,1,50,1,2,1,0,1,0,27.0,,voiture,,1,2,1,1,6
202400009662,2024-07-04 15:55:00,2024,7,4,15,55,62,62193,Boulevard Victor Hugo,50.94505,1.86774,Plein jour,En agglomération,Intersection en X,Normale,Deux véhicules - côté,4,2,1,0,1,1,1,5,1,30,2,2,1,0,1,0,56.0,24.0,voiture,deux_roues,1,2,2,1,3
202400009662,2024-07-04 15:55:00,2024,7,4,15,55,62,62193,Boulevard Victor Hugo,50.94505,1.86774,Plein jour,En agglomération,Intersection en X,Normale,Deux véhicules - côté,4,2,2,0,1,1,1,0,1,50,2,2,1,0,1,0,56.0,24.0,voiture,deux_roues,1,2,2,1,3
202400009663,2024-07-04 10:40:00,2024,7,4,10,40,62,62457,D341,50.45874852,2.52241802,Plein jour,En agglomération,Hors intersection,Normale,Sans collision,3,2,2,0,1,1,1,0,1,50,1,1,0,0,1,0,66.0,,deux_roues,,1,2,1,1,7
202400009664,2024-06-28 19:50:00,2024,6,28,19,50,59,59431,HOUCKE (AVENUE JULES),50.68331,2.84068,Plein jour,Hors agglomération,Intersection en X,Normale,Deux véhicules - côté,1,1,0,0,1,1,1,0,1,70,2,2,1,0,0,1,22.0,26.0,deux_roues,voiture,1,1,2,1,3
202400009664,2024-06-28 19:50:00,2024,6,28,19,50,59,59431,HOUCKE (AVENUE JULES),50.68331,2.84068,Plein jour,Hors agglomération,Intersection en X,Normale,Deux véhicules - côté,1,2,0,0,2,1,1,0,1,70,2,2,1,0,0,1,22.0,26.0,deux_roues,voiture,1,1,2,1,3
202400009665,2024-07-04 18:00:00,2024,7,4,18,0,56,56260,Ménimur,47.668918,-2.767171,Plein jour,En agglomération,Hors intersection,Normale,Trois véhicules et plus - en chaîne,2,3,4,0,1,1,1,0,1,90,3,6,3,0,0,3,34.0,33.0,voiture,utilitaire_camion,1,2,1,1,4
202400009666,2024-07-03 17:00:00,2024,7,3,17,0,56,56260,Avenue de la Marne,47.66011,-2.78794,Plein jour,En agglomération,Autre intersection,Normale,Deux véhicules - côté,4,2,2,2,1,1,1,0,1,50,2,2,1,0,0,1,33.0,52.0,deux_roues,voiture,1,2,9,1,3
202400009667,2024-07-03 15:17:00,2024,7,3,15,17,56,56260,Rue Winston Churchill,47.639,-2.768,Plein jour,En agglomération,Hors intersection,Pluie légère,Sans collision,4,1,1,0,2,1,2,8,1,30,1,1,0,0,0,1,18.0,,deux_roues,,1,2,1,2,7
202400009668,2024-07-04 10:30:00,2024,7,4,10,30,51,51454,VASNIER (BOULEVARD HENRI) COTE IMPAIR,49.24408,4.04971,Plein jour,En agglomération,Hors intersection,Normale,Deux véhicules - côté,4,2,4,0,1,1,1,0,1,50,2,2,1,0,0,1,80.0,32.0,voiture,deux_roues,1,2,1,1,3
202400009669,2024-07-04 04:20:00,2024,7,4,4,20,51,51454,LAON (AVENUE) DU N° 51 A 217 ET DU N° 62,49.26999,4.02221,Nuit avec éclairage allumé,En agglomération,Intersection en X,Pluie légère,Deux véhicules - côté,4,-1,2,0,1,1,2,0,1,50,2,4,1,0,0,3,26.0,53.0,voiture,voiture,5,2,2,2,3
202400009669,2024-07-04 04:20:00,2024,7,4,4,20,51,51454,LAON (AVENUE) DU N° 51 A 217 ET DU N° 62,49.26999,4.02221,Nuit avec éclairage allumé,En agglomération,Intersection en X,Pluie légère,Deux véhicules - côté,4,-1,0,0,1,1,2,0,1,50,2,4,1,0,0,3,26.0,53.0,voiture,voiture,5,2,2,2,3
202400009670,2024-07-03 18:07:00,2024,7,3,18,7,51,51454,CHAMPAGNE  (  AVENUE),49.23766,4.04455,Plein jour,En agglomération,Hors intersection,Normale,Trois véhicules et plus - en chaîne,4,1,3,0,1,1,1,0,1,70,3,4,3,0,0,1,29.0,72.0,voiture,voiture,1,2,1,1,4
202400009671,2024-07-03 16:55:00,2024,7,3,16,55,50,50218,VILLEDIEU (ROUTE DE),48.83767,-1.53946,Plein jour,En agglomération,Hors intersection,Normale,Deux véhicules - côté,3,1,1,0,1,2,1,0,1,50,2,2,1,0,0,1,55.0,64.0,voiture,deux_roues,1,2,1,1,3
202400009672,2024-07-03 11:15:00,2024,7,3,11,15,50,50129,JAURES (PLACE JEAN),49.63385,-1.62239,Plein jour,En agglomération,Place,Normale,Deux véhicules - côté,3,2,4,0,1,1,1,5,1,50,2,2,1,0,0,1,35.0,72.0,deux_roues,voiture,1,2,7,1,3
202400009673,2024-06-12 09:15:00,2024,6,12,9,15,49,49099,FLECHE (RUE DE LA),47.07375,-0.86762,Plein jour,En agglomération,Intersection en X,Normale,Deux véhicules - côté,3,2,2,0,1,1,1,0,1,50,2,7,6,0,0,1,84.0,31.0,voiture,utilitaire_camion,1,2,2,1,3
202400009673,2024-06-12 09:15:00,2024,6,12,9,15,49,49099,FLECHE (RUE DE LA),47.07375,-0.86762,Plein jour,En agglomération,Intersection en X,Normale,Deux véhicules - côté,3,3,4,0,1,1,1,0,1,70,2,7,6,0,0,1,84.0,31.0,voiture,utilitaire_camion,1,2,2,1,3
202400009674,2024-07-04 14:35:00,2024,7,4,14,35,47,47031,Avenue de Bigorre,44.1845,0.63234,Plein jour,En agglomération,Hors intersection,Normale,Deux véhicules - frontale,3,2,2,1,1,1,1,0,1,50,2,2,0,0,0,2,47.0,46.0,voiture,voiture,1,2,1,1,1
202400009675,2024-07-03 17:10:00,2024,7,3,17,10,47,47001,BRU (AV. DU DR JEAN),44.19407,0.62427,Plein jour,En agglomération,Hors intersection,Normale,Deux véhicules - arrière,4,2,2,0,1,1,1,0,1,50,2,2,1,0,0,1,20.0,43.0,voiture,voiture,1,2,1,1,2
202400009676,2024-07-04 17:40:00,2024,7,4,17,40,45,45302,D2060 PR 98 + 824,47.945141,1.895244,Plein jour,En agglomération,Hors intersection,Normale,Autre collision,3,3,2,0,1,1,1,0,1,70,1,1,0,0,1,0,39.0,,deux_roues,,1,2,1,1,6
202400009677,2024-07-03 21:46:00,2024,7,3,21,46,45,45338,D2060 PR 28 + 2734,47.9811,2.7085,Crépuscule ou aube,Hors agglomération,Autre intersection,Normale,Autre collision,3,3,4,0,1,1,1,0,8,110,1,1,0,0,0,1,19.0,,voiture,,2,1,9,1,6
202400009678,2024-07-03 02:28:00,2024,7,3,2,28,45,45338,Rue de l'Etang Collier,47.982756,2.706569,Nuit sans éclairage public,En agglomération,Hors intersection,Normale,Autre collision,4,2,2,0,1,1,1,5,4,50,1,2,0,0,0,2,18.0,,voiture,,3,2,1,1,6
202400009679,2024-07-04 21:00:00,2024,7,4,21,0,44,44162,25 Place Pierre Mendès France,47.20862263,-1.61206752,Plein jour,En agglomération,Giratoire,Normale,Autre collision,4,1,1,0,1,1,1,0,1,30,1,3,2,0,0,1,38.0,,voiture,,1,2,6,1,6
202400009680,2024-11-26 17:00:00,2024,11,26,17,0,95,95572,N184,49.04477365,2.12970186,Crépuscule ou aube,Hors agglomération,Hors intersection,Normale,Deux véhicules - côté,2,3,4,0,1,2,1,2,1,90,2,2,1,0,0,1,32.0,60.0,deux_roues,voiture,2,1,1,1,3
202400009681,2024-11-25 14:50:00,2024,11,25,14,50,93,93048,AUTOROUTE A3,48.87128596,2.43253383,Plein jour,Hors agglomération,Hors intersection,Pluie légère,Deux véhicules - arrière,1,3,3,0,1,1,2,0,1,90,2,2,1,0,0,1,19.0,60.0,deux_roues,voiture,1,1,1,2,2
202400009682,2024-11-25 08:35:00,2024,11,25,8,35,93,93053,AUTOROUTE A86,48.89906682,2.46975562,Plein jour,Hors agglomération,Hors intersection,Pluie légère,Deux véhicules - côté,1,3,2,0,1,1,2,3,1,90,2,2,1,0,0,1,57.0,44.0,voiture,deux_roues,1,1,1,2,3
202400009683,2024-11-25 07:25:00,2024,11,25,7,25,95,95018,A15,48.95083853,2.27990658,Nuit avec éclairage allumé,Hors agglomération,Hors intersection,Pluie légère,Deux véhicules - côté,1,3,4,0,1,1,2,0,1,90,2,2,1,0,0,1,26.0,39.0,deux_roues,voiture,5,1,1,2,3
202400009684,2024-11-23 18:30:00,2024,11,23,18,30,95,95218,A15,49.03585049,2.09574401,Nuit sans éclairage public,Hors agglomération,Hors intersection,Normale,Trois véhicules et plus - en chaîne,1,3,4,0,1,1,1,0,1,90,3,3,2,0,0,1,34.0,55.0,voiture,voiture,3,1,1,1,4
202400009685,2024-11-26 18:15:00,2024,11,26,18,15,94,94028,A86,48.79871719,2.44499982,Nuit sans éclairage public,Hors agglomération,Hors intersection,Normale,Deux véhicules - arrière,1,3,4,0,1,1,1,0,1,90,2,2,1,0,0,1,46.0,27.0,deux_roues,voiture,3,1,1,1,2
202400009686,2024-09-23 11:37:00,2024,9,23,11,37,82,82033,Chemin de Peyrat,44.03414427,1.17438868,Plein jour,Hors agglomération,Intersection en T,Temps couvert,Autre collision,3,2,2,0,1,2,1,0,3,80,1,4,3,0,0,1,19.0,,voiture,,1,1,3,8,6
202400009686,2024-09-23 11:37:00,2024,9,23,11,37,82,82033,Chemin de Peyrat,44.03414427,1.17438868,Plein jour,Hors agglomération,Intersection en T,Temps couvert,Autre collision,3,-1,2,0,1,1,1,0,3,70,1,4,3,0,0,1,19.0,,voiture,,1,1,3,8,6
202400009687,2024-09-15 16:50:00,2024,9,15,16,50,84,84125,D40,44.182439,5.372038,Plein jour,Hors agglomération,Hors intersection,Normale,Autre collision,3,2,2,0,1,1,1,0,1,80,1,1,0,0,0,1,47.0,,deux_roues,,1,1,1,1,6
202400009688,2024-09-15 04:15:00,2024,9,15,4,15,84,84081,PK 195 - AIRE DE MORIERES LES AVIGNON - A7,43.92453989,4.91334991,Nuit avec éclairage non allumé,Hors agglomération,Hors intersection,Vent fort / tempête,Autre collision,1,3,3,0,2,1,1,9,2,130,1,11,9,0,1,1,47.0,,transport_commun,,4,1,1,6,6
202400009689,2024-09-14 10:00:00,2024,9,14,10,0,84,84007,MARSEILLE (Route de ),43.9088,4.88647,Plein jour,Hors agglomération,Hors intersection,Normale,Deux véhicules - arrière,2,3,0,0,1,1,1,0,1,90,2,3,2,0,0,1,36.0,39.0,voiture,voiture,1,1,1,1,2
202400009690,2024-09-13 17:40:00,2024,9,13,17,40,84,84089,Route de la Bastidonne,43.696657,5.519621,Plein jour,En agglomération,Hors intersection,Normale,Sans collision,3,2,2,0,2,1,1,0,1,50,1,1,0,0,0,1,17.0,,deux_roues,,1,2,1,1,7
202400009691,2024-09-12 19:30:00,2024,9,12,19,30,84,84007,BAIGNE PIEDS (CHEMIN DE),43.92368,4.79971,Plein jour,En agglomération,Hors intersection,Normale,Deux véhicules - frontale,4,2,2,2,1,1,1,0,1,50,2,2,1,0,0,1,23.0,77.0,voiture,voiture,1,2,1,1,1