accident_id,datetime,annee,mois,jour,heure,minute,departement,commune_insee,adresse,latitude,longitude,luminosite,agglomeration,intersection,meteo,collision,catr,circ,nbv,vosp,prof,plan,surf,infra,situ,vma,nb_vehicules,nb_usagers,nb_indemnes,nb_tues,nb_blesses_hosp,nb_blesses_legers,age_cond_1,age_cond_2,veh_type_cond_1,veh_type_cond_2,lum_code,agg_code,int_code,atm_code,col_code
202400009692,2024-04-30 18:30:00,2024,4,30,18,30,93,93029,Rue de Stalingrad / Rue Raymond Barker,48.91501,2.43139,Plein jour,En agglomération,Giratoire,Normale,Autre collision,3,1,1,0,1,1,1,0,1,-1,1,2,1,0,0,1,30.0,,utilitaire_camion,,1,2,6,1,6
202400009692,2024-04-30 18:30:00,2024,4,30,18,30,93,93029,Rue de Stalingrad / Rue Raymond Barker,48.91501,2.43139,Plein jour,En agglomération,Giratoire,Normale,Autre collision,3,1,2,0,1,2,1,0,1,50,1,2,1,0,0,1,30.0,,utilitaire_camion,,1,2,6,1,6
202400009693,2024-09-09 11:00:00,2024,9,9,11,0,74,74010,Avenue d'aix-les-bains,45.838061,6.059464,Plein jour,Hors agglomération,Hors intersection,Pluie légère,Deux véhicules - frontale,3,2,2,0,2,1,2,0,1,50,2,2,0,0,2,0,28.0,59.0,voiture,voiture,1,1,1,2,1
202400009694,2024-04-27 18:00:00,2024,4,27,18,0,93,93029,Rue Diderot / Rue de la Station,48.91725547,2.42966661,Plein jour,En agglomération,Giratoire,Pluie légère,Deux véhicules - arrière,4,2,2,1,1,2,2,0,1,50,2,3,2,0,0,1,43.0,27.0,utilitaire_camion,utilitaire_camion,1,2,6,2,2
202400009694,2024-04-27 18:00:00,2024,4,27,18,0,93,93029,Rue Diderot / Rue de la Station,48.91725547,2.42966661,Plein jour,En agglomération,Giratoire,Pluie légère,Deux véhicules - arrière,4,1,2,1,1,1,2,0,1,-1,2,3,2,0,0,1,43.0,27.0,utilitaire_camion,utilitaire_camion,1,2,6,2,2
202400009695,2024-04-23 16:18:00,2024,4,23,16,18,93,93029,Rue Sadi Carnot / Rue Anatole France,48.923464,2.445785,Plein jour,En agglomération,Intersection en X,Normale,Deux véhicules - côté,3,2,4,0,1,1,1,0,1,50,2,2,1,0,0,1,14.0,40.0,deux_roues,transport_commun,1,2,2,1,3
202400009695,2024-04-23 16:18:00,2024,4,23,16,18,93,93029,Rue Sadi Carnot / Rue Anatole France,48.923464,2.445785,Plein jour,En agglomération,Intersection en X,Normale,Deux véhicules - côté,3,2,3,0,1,1,1,0,1,-1,2,2,1,0,0,1,14.0,40.0,deux_roues,transport_commun,1,2,2,1,3
202400009696,2024-03-19 17:22:00,2024,3,19,17,22,93,93029,Rue Charles De Gaulle,48.922975,2.445841,Plein jour,En agglomération,Hors intersection,Normale,Deux véhicules - arrière,4,1,1,1,1,1,1,0,1,50,2,2,1,0,0,1,77.0,34.0,voiture,voiture,1,2,1,1,2
202400009697,2024-03-13 06:15:00,2024,3,13,6,15,93,93027,Rue de Stalingrad / Rue Maurice Lachâtre,48.91941,2.4136,Nuit avec éclairage allumé,En agglomération,Intersection en T,Pluie légère,Deux véhicules - côté,3,2,2,2,1,1,2,0,1,50,2,2,1,0,0,1,64.0,25.0,voiture,deux_roues,5,2,3,2,3
202400009697,2024-03-13 06:15:00,2024,3,13,6,15,93,93027,Rue de Stalingrad / Rue Maurice Lachâtre,48.91941,2.4136,Nuit avec éclairage allumé,En agglomération,Intersection en T,Pluie légère,Deux véhicules - côté,3,1,1,0,1,1,2,5,1,50,2,2,1,0,0,1,64.0,25.0,voiture,deux_roues,5,2,3,2,3
202400009698,2024-03-07 08:55:00,2024,3,7,8,55,93,93029,Rue Victor Bize,48.91774747,2.43018869,Plein jour,En agglomération,Hors intersection,Normale,Deux véhicules - côté,4,1,1,0,1,1,1,0,1,50,2,2,1,0,0,1,27.0,77.0,deux_roues,voiture,1,2,1,1,3
202400009699,2024-03-05 08:25:00,2024,3,5,8,25,93,93029,Rue Lucien Delaquerriere,48.91744203,2.44792879,Plein jour,En agglomération,Hors intersection,Pluie légère,Autre collision,4,1,1,0,1,1,2,0,1,50,1,2,1,0,0,1,42.0,,voiture,,1,2,1,2,6
202400009700,2024-03-04 08:10:00,2024,3,4,8,10,93,93029,Rue Faidherbes / Rue Victor Bize / Rue Ducouedic,48.91773458,2.43112273,Plein jour,En agglomération,Intersection en X,Normale,Deux véhicules - côté,4,1,1,0,1,1,1,0,1,-1,2,2,1,0,0,1,51.0,30.0,voiture,voiture,1,2,2,1,3
202400009700,2024-03-04 08:10:00,2024,3,4,8,10,93,93029,Rue Faidherbes / Rue Victor Bize / Rue Ducouedic,48.91773458,2.43112273,Plein jour,En agglomération,Intersection en X,Normale,Deux véhicules - côté,4,1,1,0,1,1,1,0,1,50,2,2,1,0,0,1,51.0,30.0,voiture,voiture,1,2,2,1,3
202400009700,2024-03-04 08:10:00,2024,3,4,8,10,93,93029,Rue Faidherbes / Rue Victor Bize / Rue Ducouedic,48.91773458,2.43112273,Plein jour,En agglomération,Intersection en X,Normale,Deux véhicules - côté,4,2,2,0,1,1,1,5,1,50,2,2,1,0,0,1,51.0,30.0,voiture,voiture,1,2,2,1,3
202400009701,2024-03-29 15:00:00,2024,3,29,15,0,93,93029,Avenue Henri Barbusse,48.92351,2.46052,Plein jour,En agglomération,Hors intersection,Normale,Deux véhicules - côté,3,2,2,0,1,1,1,0,1,50,2,2,1,0,1,0,19.0,30.0,voiture,deux_roues,1,2,1,1,3
202400009702,2024-02-21 12:10:00,2024,2,21,12,10,93,93029,Avenue Henri Barbusse /Rue Gabriel Puech,48.91862,2.44886,Plein jour,En agglomération,Intersection en T,Temps couvert,Deux véhicules - côté,3,2,2,0,1,1,1,0,1,50,2,2,1,0,0,1,26.0,44.0,deux_roues,voiture,1,2,3,8,3
202400009702,2024-02-21 12:10:00,2024,2,21,12,10,93,93029,Avenue Henri Barbusse /Rue Gabriel Puech,48.91862,2.44886,Plein jour,En agglomération,Intersection en T,Temps couvert,Deux véhicules - côté,3,1, -1,0,1,1,1,0,1,-1,2,2,1,0,0,1,26.0,44.0,deux_roues,voiture,1,2,3,8,3
202400009703,2024-09-12 22:22:00,2024,9,12,22,22,56,56098,19 Rue Marcel Sembat,47.75952,-3.34634,Nuit sans éclairage public,En agglomération,Passage à niveau,Normale,Deux véhicules - côté,4,2,2,3,1,1,1,4,6,30,2,3,2,0,1,0,17.0,31.0,deux_roues,transport_commun,3,2,8,1,3
202400009704,2024-02-11 14:40:00,2024,2,11,14,40,93,93029,Avenue Henri Barbusse / Avenue Jean Jaures,48.91983911,2.45138884,Plein jour,En agglomération,Intersection en X,Temps couvert,Autre collision,3,2,3,0,1,1,2,0,1,50,1,2,1,0,0,1,44.0,,voiture,,1,2,2,8,6
202400009704,2024-02-11 14:40:00,2024,2,11,14,40,93,93029,Avenue Henri Barbusse / Avenue Jean Jaures,48.91983911,2.45138884,Plein jour,En agglomération,Intersection en X,Temps couvert,Autre collision,3,2,3,0,1,1,2,0,1,-1,1,2,1,0,0,1,44.0,,voiture,,1,2,2,8,6
202400009705,2024-09-13 15:10:00,2024,9,13,15,10,54,54547,Rue Aristide Briand,48.67176835,6.18084624,Plein jour,En agglomération,Intersection en T,Normale,Deux véhicules - côté,4,2,2,0,1,1,1,0,1,50,2,2,1,0,0,1,15.0,81.0,deux_roues,voiture,1,2,3,1,3
202400009705,2024-09-13 15:10:00,2024,9,13,15,10,54,54547,Rue Aristide Briand,48.67176835,6.18084624,Plein jour,En agglomération,Intersection en T,Normale,Deux véhicules - côté,4,1, -1,0,1,1,1,0,1,50,2,2,1,0,0,1,15.0,81.0,deux_roues,voiture,1,2,3,1,3
202400009706,2024-02-10 17:08:00,2024,2,10,17,8,93,93029,Rue Marcelin Berthelot,48.91955035,2.4460955,Plein jour,En agglomération,Hors intersection,Pluie forte,Deux véhicules - frontale,4,2,2,0,1,1,2,0,1,50,2,2,0,0,0,2,31.0,31.0,voiture,voiture,1,2,1,3,1
202400009707,2024-09-13 13:45:00,2024,9,13,13,45,54,54323,Avenue de la République,49.51828,5.76339,Plein jour,En agglomération,Hors intersection,Temps éblouissant,Autre collision,3,2,2,0,2,1,1,0,3,50,1,2,1,0,1,0,29.0,,voiture,,1,2,1,7,6
202400009708,2024-02-09 22:45:00,2024,2,9,22,45,93,93029,Boulevard Paul Vaillant Couturier,48.9231,2.44664,Nuit avec éclairage allumé,En agglomération,Hors intersection,Normale,Autre collision,3,2,4,0,1,1,1,0,1,30,1,2,1,0,0,1,25.0,,voiture,,5,2,1,1,6
202400009709,2024-09-12 23:00:00,2024,9,12,23,0,51,51454,AULAN (RUE JEAN),49.22527,4.026,Nuit sans éclairage public,En agglomération,Intersection en Y,Pluie légère,Deux véhicules - côté,4,1,1,0,1,1,2,9,1,50,2,2,1,0,0,1,17.0,,deux_roues,voiture,3,2,4,2,3
202400009709,2024-09-12 23:00:00,2024,9,12,23,0,51,51454,AULAN (RUE JEAN),49.22527,4.026,Nuit sans éclairage public,En agglomération,Intersection en Y,Pluie légère,Deux véhicules - côté,4,1,2,0,1,3,2,0,1,50,2,2,1,0,0,1,17.0,,deux_roues,voiture,3,2,4,2,3
202400009710,2024-02-02 12:45:00,2024,2,2,12,45,93,93029,Rue des Travailleurs / Avenue de la Concorde,48.9162,2.46504,Plein jour,En agglomération,Intersection en X,Normale,Deux véhicules - côté,4,1,1,0,1,1,1,0,1,20,2,2,1,0,0,1,13.0,46.0,deux_roues,voiture,1,2,2,1,3
202400009710,2024-02-02 12:45:00,2024,2,2,12,45,93,93029,Rue des Travailleurs / Avenue de la Concorde,48.9162,2.46504,Plein jour,En agglomération,Intersection en X,Normale,Deux véhicules - côté,4,2,2,0,1,1,1,0,1,30,2,2,1,0,0,1,13.0,46.0,deux_roues,voiture,1,2,2,1,3
202400009711,2024-09-12 18:17:00,2024,9,12,18,17,51,51108,ZOLA (BD EMILE),48.96042,4.37296,Plein jour,En agglomération,Hors intersection,Normale,Autre collision,4,-1,2,0,1,1,1,0,1,30,1,2,1,0,0,1,51.0,,voiture,,1,2,1,1,6
202400009712,2024-01-24 18:00:00,2024,1,24,18,0,93,93029,Rue Anatole France,48.93202,2.45542,Nuit avec éclairage allumé,En agglomération,Hors intersection,Normale,Autre collision,4,2,2,0,1,1,1,2,1,50,1,2,1,0,0,1,37.0,,deux_roues,,5,2,1,1,6
202400009713,2024-09-13 11:10:00,2024,9,13,11,10,50,50147,SAINT NICOLAS,49.04995,-1.44406,Plein jour,En agglomération,Hors intersection,Normale,Autre collision,4,1,1,0,1,1,1,0,1,30,1,1,0,0,0,1,79.0,,voiture,,1,2,1,1,6
202400009714,2024-01-16 11:30:00,2024,1,16,11,30,93,93029,Rue du 8 Mai 1945,48.91756635,2.45016289,Plein jour,En agglomération,Intersection en X,Normale,Autre collision,4,1,1,0,1,1,1,0,1,-1,1,2,1,0,0,1,26.0,,voiture,,1,2,2,1,6
202400009714,2024-01-16 11:30:00,2024,1,16,11,30,93,93029,Rue du 8 Mai 1945,48.91756635,2.45016289,Plein jour,En agglomération,Intersection en X,Normale,Autre collision,4,1,1,0,1,1,1,0,1,50,1,2,1,0,0,1,26.0,,voiture,,1,2,2,1,6
202400009715,2024-09-14 00:25:00,2024,9,14,0,25,49,49007,SAUMUROISE IMPASSE ET RUE,47.45812,-0.53395,Nuit avec éclairage allumé,En agglomération,Hors intersection,Normale,Autre collision,4,3,2,0,1,1,1,0,1,50,1,4,3,0,0,1,49.0,,voiture,,5,2,1,1,6
202400009716,2024-01-02 13:40:00,2024,1,2,13,40,93,93029,REPIQUET (ROND-POINT),48.91491968,2.43158072,Plein jour,En agglomération,Giratoire,Pluie légère,Autre collision,4,1,1,0,1,1,2,0,1,20,1,2,1,0,0,1,51.0,,voiture,,1,2,6,2,6
202400009717,2024-09-13 12:35:00,2024,9,13,12,35,49,49007,ARENES,47.46777,-0.54829,Plein jour,En agglomération,Hors intersection,Normale,Deux véhicules - côté,4,1,1,0,1,1,1,0,1,50,2,3,2,0,0,1,80.0,54.0,voiture,deux_roues,1,2,1,1,3
202400009718,2024-01-06 19:35:00,2024,1,6,19,35,93,93029,HENRI BARBUSSE (AVE) N°2-124,48.91552544,2.44231127,Nuit avec éclairage allumé,En agglomération,Hors intersection,Pluie légère,Deux véhicules - côté,3,2,0,0,1,1,2,0,1,50,2,2,1,0,0,1,33.0,25.0,voiture,deux_roues,5,2,1,2,3
202400009719,2024-09-13 14:15:00,2024,9,13,14,15,45,45147,Rue Marcellin Berthelot,47.93528,1.91752,Plein jour,En agglomération,Intersection en T,Normale,Deux véhicules - côté,4,-1,2,0,1,1,1,0,1,50,2,2,1,0,0,1,22.0,54.0,deux_roues,voiture,1,2,3,1,3
202400009719,2024-09-13 14:15:00,2024,9,13,14,15,45,45147,Rue Marcellin Berthelot,47.93528,1.91752,Plein jour,En agglomération,Intersection en T,Normale,Deux véhicules - côté,4,-1,1,0,1,1,1,0,1,50,2,2,1,0,0,1,22.0,54.0,deux_roues,voiture,1,2,3,1,3
202400009720,2024-09-13 19:56:00,2024,9,13,19,56,44,44162,63 Boulevard Charles Gautier,47.22324,-1.61242,Plein jour,En agglomération,Giratoire,Normale,Deux véhicules - côté,4,3,4,3,1,1,1,5,1,50,2,2,1,0,1,0,19.0,60.0,autre,transport_commun,1,2,6,1,3
202400009720,2024-09-13 19:56:00,2024,9,13,19,56,44,44162,63 Boulevard Charles Gautier,47.22324,-1.61242,Plein jour,En agglomération,Giratoire,Normale,Deux véhicules - côté,4,2,2,0,1,1,1,0,1,50,2,2,1,0,1,0,19.0,60.0,autre,transport_commun,1,2,6,1,3
202400009721,2024-11-16 05:10:00,2024,11,16,5,10,988,98818,AVENUE JAMES COOK,-22.26808,166.42998,Crépuscule ou aube,En agglomération,Hors intersection,Normale,Deux véhicules - frontale,4,2,2,0,1,1,1,0,1,50,2,2,0,0,0,2,46.0,22.0,voiture,voiture,2,2,1,1,1
202400009722,2024-09-13 04:15:00,2024,9,13,4,15,42,42184,Rue Pierre Semard,46.05324,4.05451,Nuit avec éclairage non allumé,En agglomération,Hors intersection,Normale,Autre collision,4,1,1,0,1,3,1,0,1,50,1,1,0,0,0,1,32.0,,autre,,4,2,1,1,6
202400009723,2024-04-25 17:05:00,2024,4,25,17,5,78,78117,RN12,48.78739755,2.14639485,Plein jour,Hors agglomération,Hors intersection,Normale,Deux véhicules - arrière,2,1,3,0,2,1,1,0,1,110,2,2,1,0,0,1,76.0,24.0,voiture,deux_roues,1,1,1,1,2
202400009724,2024-11-12 17:13:00,2024,11,12,17,13,987,98735,PRINCE HINOI (AVENUE),-17.534,-149.56,Plein jour,En agglomération,Intersection en T,Normale,Deux véhicules - côté,4,2,2,0,1,1,1,9,8,50,2,2,1,0,0,1,34.0,27.0,voiture,deux_roues,1,2,3,1,3
202400009724,2024-11-12 17:13:00,2024,11,12,17,13,987,98735,PRINCE HINOI (AVENUE),-17.534,-149.56,Plein jour,En agglomération,Intersection en T,Normale,Deux véhicules - côté,4,3,5,0,1,1,1,5,1,50,2,2,1,0,0,1,34.0,27.0,voiture,deux_roues,1,2,3,1,3
202400009725,2024-09-13 12:50:00,2024,9,13,12,50,37,37261,CHEVALLIER (RUE AUGUSTE),47.37476,0.67891,Plein jour,En agglomération,Hors intersection,Normale,Sans collision,4,2,4,2,4,1,1,0,5,30,1,2,1,0,0,1,14.0,,deux_roues,,1,2,1,1,7
202400009726,2024-09-13 09:20:00,2024,9,13,9,20,37,37261,DANEMARK (AVENUE DU),47.43206,0.69702,Plein jour,En agglomération,Giratoire,Normale,Deux véhicules - arrière,7,3,4,0,1,1,1,0,1,50,2,2,1,0,0,1,45.0,80.0,voiture,voiture,1,2,6,1,2
202400009727,2024-04-24 07:35:00,2024,4,24,7,35,92,92063,A86,48.87144806,2.15681022,Plein jour,Hors agglomération,Hors intersection,Normale,Deux véhicules - arrière,1,-1,2,0,1,2,1,0,1,70,2,2,1,0,0,1,25.0,39.0,deux_roues,voiture,1,1,1,1,2
202400009728,2024-11-25 08:25:00,2024,11,25,8,25,974,97416,PRESIDENT MITTERAND(AVENUE),-21.34331,55.48213,Plein jour,En agglomération,Intersection en T,Normale,Deux véhicules - côté,4,1,1,0,2,1,1,0,8,50,2,2,1,0,0,1,54.0,27.0,deux_roues,voiture,1,2,3,1,3
202400009728,2024-11-25 08:25:00,2024,11,25,8,25,974,97416,PRESIDENT MITTERAND(AVENUE),-21.34331,55.48213,Plein jour,En agglomération,Intersection en T,Normale,Deux véhicules - côté,4,2,2,0,1,1,1,0,1,50,2,2,1,0,0,1,54.0,27.0,deux_roues,voiture,1,2,3,1,3
202400009729,2024-04-25 07:50:00,2024,4,25,7,50,93,93005,A3,48.93850214,2.47965223,Plein jour,Hors agglomération,Hors intersection,Normale,Deux véhicules - arrière,1,3,3,0,1,1,1,0,1,110,2,2,1,0,0,1,44.0,36.0,voiture,deux_roues,1,1,1,1,2
202400009730,2024-11-25 21:10:00,2024,11,25,21,10,974,97411,NOTRE DAME DE LA TRINITE (BOULEVARD),-20.89268,55.46392,Nuit avec éclairage allumé,En agglomération,Intersection en T,Pluie légère,Deux véhicules - côté,4,2,2,0,1,1,2,0,1,30,2,2,0,0,0,2,22.0,23.0,voiture,deux_roues,5,2,3,2,3
202400009730,2024-11-25 21:10:00,2024,11,25,21,10,974,97411,NOTRE DAME DE LA TRINITE (BOULEVARD),-20.89268,55.46392,Nuit avec éclairage allumé,En agglomération,Intersection en T,Pluie légère,Deux véhicules - côté,4,2,2,0,2,1,2,0,1,30,2,2,0,0,0,2,22.0,23.0,voiture,deux_roues,5,2,3,2,3
202400009731,2024-09-13 21:25:00,2024,9,13,21,25,35,35238,DESGREES (BD PAUL HUTIN),48.09527,-1.63761,Nuit avec éclairage allumé,En agglomération,Intersection en X,Normale,Deux véhicules - côté,4,2,4,2,1,1,1,5,1,30,2,2,1,0,1,0,20.0,27.0,voiture,deux_roues,5,2,2,1,3
202400009731,2024-09-13 21:25:00,2024,9,13,21,25,35,35238,DESGREES (BD PAUL HUTIN),48.09527,-1.63761,Nuit avec éclairage allumé,En agglomération,Intersection en X,Normale,Deux véhicules - côté,4,2,4,3,1,1,1,5,1,30,2,2,1,0,1,0,20.0,27.0,voiture,deux_roues,5,2,2,1,3
202400009731,2024-09-13 21:25:00,2024,9,13,21,25,35,35238,DESGREES (BD PAUL HUTIN),48.09527,-1.63761,Nuit avec éclairage allumé,En agglomération,Intersection en X,Normale,Deux véhicules - côté,4,2,4,1,1,1,1,5,1,30,2,2,1,0,1,0,20.0,27.0,voiture,deux_roues,5,2,2,1,3
202400009732,2024-04-24 17:20:00,2024,4,24,17,20,93,93066,A1,48.90752236,2.35821845,Plein jour,Hors agglomération,Hors intersection,Normale,Deux véhicules - arrière,1,3,8,0,1,1,1,1,1,90,2,2,1,0,0,1,33.0,50.0,voiture,deux_roues,1,1,1,1,2
202400009733,2024-11-24 20:15:00,2024,11,24,20,15,974,97411,GUYON (FELIX),-20.87985,55.45451,Nuit avec éclairage allumé,En agglomération,Intersection en X,Pluie légère,Deux véhicules - côté,4,1,3,0,1,1,2,5,8,50,2,3,0,0,0,3,20.0,64.0,voiture,voiture,5,2,2,2,3
202400009733,2024-11-24 20:15:00,2024,11,24,20,15,974,97411,GUYON (FELIX),-20.87985,55.45451,Nuit avec éclairage allumé,En agglomération,Intersection en X,Pluie légère,Deux véhicules - côté,4,1,3,0,1,1,2,0,1,50,2,3,0,0,0,3,20.0,64.0,voiture,voiture,5,2,2,2,3
202400009734,2024-09-13 17:45:00,2024,9,13,17,45,35,35115,RN12,48.33918,-1.21285,Plein jour,Hors agglomération,Hors intersection,Normale,Trois véhicules et plus - en chaîne,2,2,2,0,1,1,1,0,1,80,3,3,2,0,0,1,16.0,37.0,deux_roues,voiture,1,1,1,1,4
202400009735,2024-04-25 14:30:00,2024,4,25,14,30,94,94044,N406,48.75735007,2.47768368,Plein jour,Hors agglomération,Hors intersection,Normale,Deux véhicules - arrière,2,3,4,0,1,1,1,0,1,90,2,2,1,0,0,1,68.0,53.0,utilitaire_camion,voiture,1,1,1,1,2
202400009736,2024-11-24 01:07:00,2024,11,24,1,7,974,97411,VINH-SAN (BLD 1 DU PRINCE),-20.88735,55.44095,Nuit avec éclairage allumé,Hors agglomération,Hors intersection,Normale,Autre collision,2,3,4,0,1,3,1,3,2,50,1,2,0,0,0,2,26.0,,voiture,,5,1,1,1,6
202400009737,2024-09-13 20:25:00,2024,9,13,20,25,34,34172,MERMOZ (AVENUE JEAN),43.6137,3.8862,Nuit avec éclairage allumé,En agglomération,Hors intersection,Normale,Deux véhicules - arrière,4,1,2,0,1,2,1,0,1,50,2,2,1,0,0,1,22.0,27.0,deux_roues,voiture,5,2,1,1,2
202400009738,2024-04-25 09:00:00,2024,4,25,9,0,94,94081,A86,48.77482657,2.41105832,Plein jour,Hors agglomération,Hors intersection,Normale,Sans collision,1,3,3,0,1,3,1,0,1,90,1,1,0,0,0,1,25.0,,deux_roues,,1,1,1,1,7
202400009739,2024-11-25 09:18:00,2024,11,25,9,18,973,97302,BADUEL (ROUTE DE),4.93266,-52.30823,Plein jour,En agglomération,Hors intersection,Normale,Deux véhicules - côté,3,2,2,1,1,1,1,0,1,50,2,2,1,0,0,1,20.0,19.0,voiture,deux_roues,1,2,1,1,3
202400009740,2024-09-13 14:20:00,2024,9,13,14,20,34,34172,CARTIER (AVENUE JACQUES),43.60686,3.89313,Plein jour,En agglomération,Hors intersection,Normale,Deux véhicules - côté,4,2,2,0,1,3,1,0,1,50,2,2,1,0,0,1,51.0,53.0,deux_roues,voiture,1,2,1,1,3
202400009741,2024-11-24 23:13:00,2024,11,24,23,13,973,97302,14 ET 22 JUIN 1962 ,4.93389474,-52.32710284,Nuit avec éclairage allumé,En agglomération,Intersection en T,Normale,Deux véhicules - côté,4,2,2,0,1,1,1,0,1,50,2,2,1,0,0,1,23.0,,deux_roues,voiture,5,2,3,1,3
202400009741,2024-11-24 23:13:00,2024,11,24,23,13,973,97302,14 ET 22 JUIN 1962 ,4.93389474,-52.32710284,Nuit avec éclairage allumé,En agglomération,Intersection en T,Normale,Deux véhicules - côté,4,2,2,0,1,1,1,0,8,50,2,2,1,0,0,1,23.0,,deux_roues,voiture,5,2,3,1,3
202400009742,2024-09-13 21:30:00,2024,9,13,21,30,33,33318,,44.81188,-0.6211,Nuit avec éclairage allumé,En agglomération,Hors intersection,Normale,Deux véhicules - frontale,4,2,2,0,1,1,1,0,1,30,2,2,1,0,0,1,19.0,,voiture,voiture,5,2,1,1,1
202400009743,2024-02-18 18:45:00,2024,2,18,18,45,62,62033,D917,50.45304,2.87632,Nuit avec éclairage allumé,Hors agglomération,Intersection en X,Pluie légère,Deux véhicules - arrière,3,2,3,0,1,1,2,5,1,80,2,2,1,0,0,1,22.0,17.0,voiture,deux_roues,5,1,2,2,2
202400009743,2024-02-18 18:45:00,2024,2,18,18,45,62,62033,D917,50.45304,2.87632,Nuit avec éclairage allumé,Hors agglomération,Intersection en X,Pluie légère,Deux véhicules - arrière,3,2,3,0,1,1,2,5,1,80,2,2,1,0,0,1,22.0,17.0,voiture,deux_roues,5,1,2,2,2
202400009744,2024-09-13 20:30:00,2024,9,13,20,30,33,33522,,44.79622,-0.59236,Nuit avec éclairage allumé,En agglomération,Intersection en T,Normale,Deux véhicules - frontale,4,2,2,1,1,1,1,-1,1,50,2,2,1,0,0,1,79.0,33.0,voiture,deux_roues,5,2,3,1,1
202400009744,2024-09-13 20:30:00,2024,9,13,20,30,33,33522,,44.79622,-0.59236,Nuit avec éclairage allumé,En agglomération,Intersection en T,Normale,Deux véhicules - frontale,4,2,2,1,1,1,1,-1,1,50,2,2,1,0,0,1,79.0,33.0,voiture,deux_roues,5,2,3,1,1
202400009745,2024-11-25 19:40:00,2024,11,25,19,40,69,69152,Boulevard de l'Europe,45.69765,4.82477,Nuit avec éclairage allumé,En agglomération,Intersection en X,Temps couvert,Deux véhicules - côté,7,2,3,2,1,1,1,0,1,50,2,2,1,0,0,1,48.0,55.0,deux_roues,voiture,5,2,2,8,3
202400009745,2024-11-25 19:40:00,2024,11,25,19,40,69,69152,Boulevard de l'Europe,45.69765,4.82477,Nuit avec éclairage allumé,En agglomération,Intersection en X,Temps couvert,Deux véhicules - côté,7,2,2,2,1,1,1,0,1,50,2,2,1,0,0,1,48.0,55.0,deux_roues,voiture,5,2,2,8,3
202400009746,2024-04-24 18:00:00,2024,4,24,18,0,974,97411,DOMENJOD (ROUTE DE),-20.90808,55.50394,Nuit avec éclairage allumé,En agglomération,Hors intersection,Normale,Deux véhicules - frontale,3,2,0,0,1,1,1,0,1,50,2,3,2,0,0,1,25.0,18.0,voiture,voiture,5,2,1,1,1
202400009747,2024-11-23 05:30:00,2024,11,23,5,30,971,97113,PETIT HAVRE (SECTEUR),16.21374,-61.42463,Nuit sans éclairage public,Hors agglomération,Hors intersection,Normale,Autre collision,2,2,2,0,1,3,1,0,8,70,1,1,0,0,0,1,20.0,,voiture,,3,1,1,1,6
202400009748,2024-04-24 02:10:00,2024,4,24,2,10,974,97411,RIVIERE DES PLUIES (ROUTE DE LA),-20.90229,55.5031,Nuit avec éclairage non allumé,En agglomération,Hors intersection,Normale,Autre collision,2,4,4,0,2,3,1,0,8,70,1,1,0,0,1,0,21.0,,voiture,,4,2,1,1,6
202400009749,2024-09-13 12:30:00,2024,9,13,12,30,33,33281,,44.83205,-0.62675,Plein jour,En agglomération,Intersection en T,Normale,Deux véhicules - côté,4,2,2,0,1,1,1,0,1,30,2,2,1,0,0,1,52.0,37.0,voiture,deux_roues,1,2,3,1,3
202400009749,2024-09-13 12:30:00,2024,9,13,12,30,33,33281,,44.83205,-0.62675,Plein jour,En agglomération,Intersection en T,Normale,Deux véhicules - côté,4,2,2,0,1,3,1,0,1,30,2,2,1,0,0,1,52.0,37.0,voiture,deux_roues,1,2,3,1,3
202400009750,2024-11-25 21:05:00,2024,11,25,21,5,95,95427,D311,48.97700752,2.34837999,Nuit avec éclairage allumé,En agglomération,Hors intersection,Pluie légère,Deux véhicules - frontale,3,2,2,0,1,1,2,0,1,50,2,5,2,0,2,1,23.0,24.0,voiture,voiture,5,2,1,2,1
202400009751,2024-09-13 12:00:00,2024,9,13,12,0,33,33281,,44.838495,-0.618851,Plein jour,En agglomération,Intersection en Y,Normale,Deux véhicules - côté,4,3,2,2,1,1,1,0,1,50,2,2,1,0,1,0,33.0,57.0,deux_roues,utilitaire_camion,1,2,4,1,3
202400009751,2024-09-13 12:00:00,2024,9,13,12,0,33,33281,,44.838495,-0.618851,Plein jour,En agglomération,Intersection en Y,Normale,Deux véhicules - côté,4,2, -1,-1,1,1,1,0,1,-1,2,2,1,0,1,0,33.0,57.0,deux_roues,utilitaire_camion,1,2,4,1,3
202400009752,2024-04-24 22:50:00,2024,4,24,22,50,69,69388,Rue Paul Cazeneuve,45.73188,4.86051,Nuit avec éclairage allumé,En agglomération,Intersection en T,Normale,Deux véhicules - côté,4,2,2,0,1,1,1,0,1,30,2,7,3,0,1,3,23.0,22.0,voiture,voiture,5,2,3,1,3
202400009752,2024-04-24 22:50:00,2024,4,24,22,50,69,69388,Rue Paul Cazeneuve,45.73188,4.86051,Nuit avec éclairage allumé,En agglomération,Intersection en T,Normale,Deux véhicules - côté,4,2,2,2,1,1,1,0,1,30,2,7,3,0,1,3,23.0,22.0,voiture,voiture,5,2,3,1,3
202400009753,2024-11-25 08:15:00,2024,11,25,8,15,95,95288,D311,48.9852119,2.35666741,Crépuscule ou aube,En agglomération,Hors intersection,Pluie forte,Autre collision,3,-1,2,0,1,1,2,0,1,50,1,2,0,0,1,1,29.0,,deux_roues,,2,2,1,3,6