accident_id,datetime,annee,mois,jour,heure,minute,departement,commune_insee,adresse,latitude,longitude,luminosite,agglomeration,intersection,meteo,collision,catr,circ,nbv,vosp,prof,plan,surf,infra,situ,vma,nb_vehicules,nb_usagers,nb_indemnes,nb_tues,nb_blesses_hosp,nb_blesses_legers,age_cond_1,age_cond_2,veh_type_cond_1,veh_type_cond_2,lum_code,agg_code,int_code,atm_code,col_code
202400009754,2024-09-13 08:25:00,2024,9,13,8,25,33,33281,,44.82374,-0.65033,Plein jour,En agglomération,Giratoire,Normale,Autre collision,4,2,2,0,3,1,2,9,1,30,1,2,1,0,1,0,24.0,,utilitaire_camion,,1,2,6,1,6
202400009754,2024-09-13 08:25:00,2024,9,13,8,25,33,33281,,44.82374,-0.65033,Plein jour,En agglomération,Giratoire,Normale,Autre collision,4,2, -1,-1,1,1,1,0,1,-1,1,2,1,0,1,0,24.0,,utilitaire_camion,,1,2,6,1,6
202400009755,2024-04-24 10:35:00,2024,4,24,10,35,69,69388,67 Boulevard des Etats-Unis,45.73409,4.86402,Plein jour,En agglomération,Passage à niveau,Normale,Autre collision,4,2,2,3,1,1,1,4,6,50,1,2,1,0,0,1,28.0,,transport_commun,,1,2,8,1,6
202400009756,2024-11-25 08:00:00,2024,11,25,8,0,91,91477,EMILE BAUDOT (RUE),48.72101,2.26127,Crépuscule ou aube,En agglomération,Hors intersection,Pluie légère,Autre collision,4,2,2,0,1,1,2,0,1,50,1,2,1,0,1,0,38.0,,voiture,,2,2,1,2,6
202400009757,2024-09-13 08:10:00,2024,9,13,8,10,33,33318,,44.80078,-0.60851,Crépuscule ou aube,En agglomération,Intersection en X,Normale,Deux véhicules - frontale,4,2,2,1,1,1,1,0,1,30,2,2,1,0,1,0,22.0,34.0,voiture,deux_roues,2,2,2,1,1
202400009757,2024-09-13 08:10:00,2024,9,13,8,10,33,33318,,44.80078,-0.60851,Crépuscule ou aube,En agglomération,Intersection en X,Normale,Deux véhicules - frontale,4,3,2,0,1,1,1,0,1,30,2,2,1,0,1,0,22.0,34.0,voiture,deux_roues,2,2,2,1,1
202400009758,2024-04-24 17:08:00,2024,4,24,17,8,972,97213,BASSE GONDEAU (CHEMIN RURAL N°4 DE) ,14.62891,-61.02826,Plein jour,Hors agglomération,Hors intersection,Normale,Deux véhicules - côté,4,3,1,0,2,1,1,0,1,50,2,3,1,0,2,0,26.0,52.0,voiture,utilitaire_camion,1,1,1,1,3
202400009759,2024-11-24 14:35:00,2024,11,24,14,35,91,91201,BD HENRI BARBUSSE,48.690287,2.411121,Plein jour,En agglomération,Intersection en T,Normale,Autre collision,4,2,2,0,1,1,1,0,1,50,1,2,1,0,0,1,22.0,,deux_roues,,1,2,3,1,6
202400009759,2024-11-24 14:35:00,2024,11,24,14,35,91,91201,BD HENRI BARBUSSE,48.690287,2.411121,Plein jour,En agglomération,Intersection en T,Normale,Autre collision,4,2,2,0,1,1,1,0,1,50,1,2,1,0,0,1,22.0,,deux_roues,,1,2,3,1,6
202400009760,2024-09-13 04:30:00,2024,9,13,4,30,33,33063,,44.87481,-0.55063,Nuit avec éclairage allumé,En agglomération,Hors intersection,Pluie légère,Autre collision,4,1,1,0,1,1,2,0,1,30,1,3,1,0,0,2,47.0,,voiture,,5,2,1,2,6
202400009761,2024-04-22 08:55:00,2024,4,22,8,55,972,97209,MOUTTE (ROUTE DE),14.6248,-61.05089,Plein jour,En agglomération,Intersection en Y,Normale,Trois véhicules et plus - collisions multiples,3,2,2,0,2,1,1,0,1,50,3,3,2,0,1,0,27.0,48.0,deux_roues,voiture,1,2,4,1,5
202400009761,2024-04-22 08:55:00,2024,4,22,8,55,972,97209,MOUTTE (ROUTE DE),14.6248,-61.05089,Plein jour,En agglomération,Intersection en Y,Normale,Trois véhicules et plus - collisions multiples,3,2,2,0,2,1,1,0,1,50,3,3,2,0,1,0,27.0,48.0,deux_roues,voiture,1,2,4,1,5
202400009762,2024-11-23 16:30:00,2024,11,23,16,30,91,91691,PARC,48.72072,2.51169,Plein jour,En agglomération,Hors intersection,Normale,Autre collision,4,2,2,0,1,1,1,0,1,50,1,5,4,0,0,1,43.0,,voiture,,1,2,1,1,6
202400009763,2024-11-22 18:24:00,2024,11,22,18,24,87,87085,FOURNIER (PLACE),45.83138,1.26099,Nuit avec éclairage allumé,En agglomération,Hors intersection,Normale,Autre collision,4,1,1,3,1,1,1,0,1,10,1,2,1,0,0,1,20.0,,deux_roues,,5,2,1,1,6
202400009764,2024-09-13 17:50:00,2024,9,13,17,50,31,31555,CHE D AUDIBERT,43.63671834,1.44244641,Plein jour,En agglomération,Hors intersection,Normale,Autre collision,4,2,4,1,1,1,1,0,1,30,1,2,1,0,1,0,80.0,,voiture,,1,2,1,1,6
202400009765,2024-04-24 11:45:00,2024,4,24,11,45,69,69034,Avenue Général Leclerc,45.80368,4.86082,Plein jour,En agglomération,Giratoire,Normale,Deux véhicules - arrière,7,1,2,0,1,2,1,0,1,30,2,2,1,0,0,1,32.0,77.0,deux_roues,voiture,1,2,6,1,2
202400009765,2024-04-24 11:45:00,2024,4,24,11,45,69,69034,Avenue Général Leclerc,45.80368,4.86082,Plein jour,En agglomération,Giratoire,Normale,Deux véhicules - arrière,7,2,2,1,1,2,1,0,1,30,2,2,1,0,0,1,32.0,77.0,deux_roues,voiture,1,2,6,1,2
202400009766,2024-11-24 05:20:00,2024,11,24,5,20,87,87085,NEXON (RUE DE),45.80378,1.25453,Nuit sans éclairage public,En agglomération,Hors intersection,Normale,Autre collision,4,2,2,0,1,4,1,0,1,50,1,3,0,0,2,1,29.0,,voiture,,3,2,1,1,6
202400009767,2024-04-24 21:50:00,2024,4,24,21,50,2A,2A004,PIETRI NICOLAS AVENUE,41.91766155,8.7245661,Nuit avec éclairage allumé,En agglomération,Hors intersection,Normale,Deux véhicules - frontale,4,2,2,0,2,1,1,0,1,50,2,2,0,0,1,1,22.0,24.0,deux_roues,deux_roues,5,2,1,1,1
202400009768,2024-09-13 04:20:00,2024,9,13,4,20,31,31555,VA007440 LES MINIMES A620 Sortie 31,43.62112,1.41807,Nuit sans éclairage public,En agglomération,Hors intersection,Normale,Trois véhicules et plus - collisions multiples,1,1,3,0,1,1,1,0,1,90,3,4,2,0,0,2,18.0,68.0,voiture,deux_roues,3,2,1,1,5
202400009769,2024-11-22 10:13:00,2024,11,22,10,13,87,87085,FOUGERAS (RUE DE),45.86874,1.29646,Plein jour,En agglomération,Intersection en X,Normale,Deux véhicules - côté,3,3,0,0,1,1,1,5,1,50,2,2,1,0,0,1,53.0,82.0,voiture,voiture,1,2,2,1,3
202400009769,2024-11-22 10:13:00,2024,11,22,10,13,87,87085,FOUGERAS (RUE DE),45.86874,1.29646,Plein jour,En agglomération,Intersection en X,Normale,Deux véhicules - côté,3,2,0,0,1,1,1,5,1,50,2,2,1,0,0,1,53.0,82.0,voiture,voiture,1,2,2,1,3
202400009770,2024-04-23 17:00:00,2024,4,23,17,0,88,88160,7EME ARMEE (RUE DE LA),48.15007,6.45521,Plein jour,Hors agglomération,Intersection en T,Normale,Deux véhicules - côté,3,2,1,0,1,1,1,0,1,50,1,2,1,0,0,1,,,voiture,,1,1,3,1,3
202400009770,2024-04-23 17:00:00,2024,4,23,17,0,88,88160,7EME ARMEE (RUE DE LA),48.15007,6.45521,Plein jour,Hors agglomération,Intersection en T,Normale,Deux véhicules - côté,3,2,1,0,1,3,1,0,1,50,1,2,1,0,0,1,,,voiture,,1,1,3,1,3
202400009771,2024-09-13 07:00:00,2024,9,13,7,0,28,28134,KENNEDY (AVENUE DU PRESIDENT),48.73016,1.37963,Nuit avec éclairage allumé,En agglomération,Hors intersection,Normale,Deux véhicules - frontale,4,2,2,0,1,1,1,0,1,50,2,3,0,0,0,3,26.0,55.0,utilitaire_camion,voiture,5,2,1,1,1
202400009772,2024-04-22 16:32:00,2024,4,22,16,32,87,87085,REFORME (RUE DE LA),45.83522,1.26221,Plein jour,En agglomération,Hors intersection,Normale,Deux véhicules - arrière,4,1,1,0,1,1,1,0,1,30,2,3,1,0,0,2,34.0,16.0,voiture,voiture,1,2,1,1,2
202400009773,2024-09-13 20:25:00,2024,9,13,20,25,26,26362,L.A.C.R.A. (RN532),44.9532988,4.93509293,Nuit avec éclairage non allumé,Hors agglomération,Hors intersection,Normale,Deux véhicules - arrière,2,3,4,0,1,1,1,0,1,110,2,2,1,0,0,1,24.0,44.0,voiture,voiture,4,1,1,1,2
202400009774,2024-04-24 10:15:00,2024,4,24,10,15,85,85194,Rue des Ajoncs,46.51366,-1.77569,Plein jour,En agglomération,Hors intersection,Normale,Autre collision,4,-1,1,0,1,1,1,9,8,3,1,2,1,0,1,0,77.0,,voiture,,1,2,1,1,6
202400009775,2024-09-13 16:15:00,2024,9,13,16,15,17,17306,BOUCHET LOUIS (AVENUE),45.62727,-0.99741,Plein jour,En agglomération,Hors intersection,Normale,Deux véhicules - côté,3,2,3,0,1,1,1,0,1,30,2,2,1,0,1,0,56.0,55.0,voiture,deux_roues,1,2,1,1,3
202400009776,2024-11-25 07:30:00,2024,11,25,7,30,84,84031,MONT VENTOUX AVENUE DU,44.05588,5.05225,Crépuscule ou aube,En agglomération,Place,Normale,Deux véhicules - côté,4,1,1,0,1,1,1,0,1,50,2,2,1,0,0,1,50.0,53.0,voiture,voiture,2,2,7,1,3
202400009776,2024-11-25 07:30:00,2024,11,25,7,30,84,84031,MONT VENTOUX AVENUE DU,44.05588,5.05225,Crépuscule ou aube,En agglomération,Place,Normale,Deux véhicules - côté,4,1,1,0,2,1,1,0,1,50,2,2,1,0,0,1,50.0,53.0,voiture,voiture,2,2,7,1,3
202400009777,2024-04-19 13:55:00,2024,4,19,13,55,85,85194,GUYNEMER (RUE GEORGES),46.49542,-1.77747,Plein jour,En agglomération,Intersection en T,Normale,Autre collision,4,1,1,0,1,1,1,0,1,50,1,2,1,0,1,0,70.0,,utilitaire_camion,,1,2,3,1,6
202400009777,2024-04-19 13:55:00,2024,4,19,13,55,85,85194,GUYNEMER (RUE GEORGES),46.49542,-1.77747,Plein jour,En agglomération,Intersection en T,Normale,Autre collision,4,1,1,0,2,3,1,0,1,50,1,2,1,0,1,0,70.0,,utilitaire_camion,,1,2,3,1,6
202400009778,2024-11-21 11:35:00,2024,11,21,11,35,83,83069,CLOTIS (AVENUE JOSEPH),43.11995,6.12909,Plein jour,En agglomération,Hors intersection,Temps couvert,Sans collision,4,1,1,0,1,1,2,0,1,50,1,1,0,0,1,0,67.0,,deux_roues,,1,2,1,8,7
202400009779,2024-04-24 09:55:00,2024,4,24,9,55,85,85191,RD88,46.66381,-1.4111,Plein jour,En agglomération,Intersection en X,Normale,Deux véhicules - côté,3,-1,2,0,1,1,1,5,1,50,2,2,0,0,0,2,60.0,86.0,voiture,voiture,1,2,2,1,3
202400009779,2024-04-24 09:55:00,2024,4,24,9,55,85,85191,RD88,46.66381,-1.4111,Plein jour,En agglomération,Intersection en X,Normale,Deux véhicules - côté,3,2,2,0,1,1,1,0,1,50,2,2,0,0,0,2,60.0,86.0,voiture,voiture,1,2,2,1,3
202400009780,2024-09-13 15:20:00,2024,9,13,15,20,17,17306,CHEVREUILS (DES),45.64303,-1.04779,Plein jour,En agglomération,Giratoire,Normale,Deux véhicules - côté,3,1,1,0,2,2,1,9,1,50,2,3,2,0,0,1,81.0,50.0,voiture,deux_roues,1,2,6,1,3
202400009780,2024-09-13 15:20:00,2024,9,13,15,20,17,17306,CHEVREUILS (DES),45.64303,-1.04779,Plein jour,En agglomération,Giratoire,Normale,Deux véhicules - côté,3,2,2,0,2,2,1,9,1,50,2,3,2,0,0,1,81.0,50.0,voiture,deux_roues,1,2,6,1,3
202400009781,2024-11-25 18:20:00,2024,11,25,18,20,78,78621,CHARTRES (ROUTE DE),48.773149,1.992242,Nuit sans éclairage public,En agglomération,Intersection en T,Pluie légère,Deux véhicules - côté,2,-1,0,1,1,1,2,9,1,50,2,2,1,0,0,1,23.0,30.0,voiture,deux_roues,3,2,3,2,3
202400009781,2024-11-25 18:20:00,2024,11,25,18,20,78,78621,CHARTRES (ROUTE DE),48.773149,1.992242,Nuit sans éclairage public,En agglomération,Intersection en T,Pluie légère,Deux véhicules - côté,2,2, -1,-1,1,1,2,5,1,-1,2,2,1,0,0,1,23.0,30.0,voiture,deux_roues,3,2,3,2,3
202400009782,2024-04-24 22:15:00,2024,4,24,22,15,84,84007,LIBERTE ( Rue de la),43.943408,4.81901,Nuit avec éclairage allumé,En agglomération,Intersection en X,Normale,Deux véhicules - côté,4,2,2,0,1,1,1,0,1,50,2,3,2,0,0,1,23.0,41.0,voiture,voiture,5,2,2,1,3
202400009782,2024-04-24 22:15:00,2024,4,24,22,15,84,84007,LIBERTE ( Rue de la),43.943408,4.81901,Nuit avec éclairage allumé,En agglomération,Intersection en X,Normale,Deux véhicules - côté,4,1,1,0,1,1,1,0,1,50,2,3,2,0,0,1,23.0,41.0,voiture,voiture,5,2,2,1,3
202400009783,2024-09-13 16:25:00,2024,9,13,16,25,14,14118,17 Avenue du 6 Juin,49.182247,-0.357259,Plein jour,En agglomération,Intersection en T,Normale,Deux véhicules - côté,4,1,1,0,1,1,1,0,1,50,2,2,1,0,0,1,16.0,18.0,voiture,deux_roues,1,2,3,1,3
202400009783,2024-09-13 16:25:00,2024,9,13,16,25,14,14118,17 Avenue du 6 Juin,49.182247,-0.357259,Plein jour,En agglomération,Intersection en T,Normale,Deux véhicules - côté,4,2,2,0,1,1,1,0,1,50,2,2,1,0,0,1,16.0,18.0,voiture,deux_roues,1,2,3,1,3
202400009784,2024-09-11 15:50:00,2024,9,11,15,50,13,13102,RENE CAILLOUX (BD ),43.42244,5.23344,Plein jour,En agglomération,Hors intersection,Normale,Deux véhicules - frontale,3,2,2,0,1,1,1,0,1,50,2,3,1,0,0,2,24.0,41.0,voiture,transport_commun,1,2,1,1,1
202400009785,2024-04-24 07:20:00,2024,4,24,7,20,83,83103,DE GAULLE (ROUTE GENERAL),43.16873241,5.92073143,Plein jour,Hors agglomération,Hors intersection,Normale,Deux véhicules - côté,3,2,2,0,2,3,1,0,1,50,2,2,1,0,0,1,18.0,21.0,deux_roues,voiture,1,1,1,1,3
202400009786,2024-11-24 20:35:00,2024,11,24,20,35,77,77373,CHE D 21,48.78158,2.61832,Nuit avec éclairage allumé,En agglomération,Intersection en X,Normale,Autre collision,3,1,2,0,1,2,1,0,1,50,1,1,0,0,1,0,32.0,,deux_roues,,5,2,2,1,6
202400009786,2024-11-24 20:35:00,2024,11,24,20,35,77,77373,CHE D 21,48.78158,2.61832,Nuit avec éclairage allumé,En agglomération,Intersection en X,Normale,Autre collision,3,2,2,0,1,2,1,0,1,50,1,1,0,0,1,0,32.0,,deux_roues,,5,2,2,1,6
202400009787,2024-09-12 15:10:00,2024,9,12,15,10,13,13201,HOTEL DES POSTES (PLACE DE L'),43.29886,5.37413,Plein jour,En agglomération,Hors intersection,Normale,Autre collision,4,2,2,2,1,1,1,0,1,50,1,2,1,0,0,1,29.0,,voiture,,1,2,1,1,6
202400009788,2024-11-25 20:00:00,2024,11,25,20,0,77,77495,D.346,48.5541149,2.62785827,Nuit sans éclairage public,Hors agglomération,Autre intersection,Temps couvert,Autre collision,3,3,4,0,1,2,1,0,1,90,1,2,1,0,1,0,,,autre,,3,1,9,8,6
202400009789,2024-04-24 18:40:00,2024,4,24,18,40,83,83126,GHIBAUDO (CHEMIN JEAN ),43.0918,5.87821,Plein jour,En agglomération,Autre intersection,Temps éblouissant,Deux véhicules - côté,4,2,2,0,4,2,1,0,1,50,2,2,1,0,0,1,18.0,55.0,deux_roues,voiture,1,2,9,7,3
202400009790,2024-04-21 18:05:00,2024,4,21,18,5,83,83050,AZEMAR(RUE DES ALLEES D'),43.53598646,6.46058485,Plein jour,En agglomération,Hors intersection,Normale,Autre collision,4,1,1,0,1,1,1,0,1,30,1,2,1,0,1,0,24.0,,deux_roues,,1,2,1,1,6
202400009791,2024-11-24 05:00:00,2024,11,24,5,0,76,76351,FLEURUS (DE),49.49154,0.1383,Nuit avec éclairage allumé,En agglomération,Intersection en T,Normale,Deux véhicules - côté,4,2,1,0,1,1,1,0,1,50,2,2,1,0,1,0,24.0,30.0,deux_roues,voiture,5,2,3,1,3
202400009791,2024-11-24 05:00:00,2024,11,24,5,0,76,76351,FLEURUS (DE),49.49154,0.1383,Nuit avec éclairage allumé,En agglomération,Intersection en T,Normale,Deux véhicules - côté,4,2,1,0,1,1,1,0,1,30,2,2,1,0,1,0,24.0,30.0,deux_roues,voiture,5,2,3,1,3
202400009792,2024-09-13 11:20:00,2024,9,13,11,20,11,11069,,43.225708,2.330236,Plein jour,Hors agglomération,Hors intersection,Normale,Trois véhicules et plus - collisions multiples,3,2,2,0,2,1,1,0,1,50,4,6,3,0,0,3,39.0,58.0,voiture,voiture,1,1,1,1,5
202400009793,2024-04-23 13:20:00,2024,4,23,13,20,82,82033,Route de Saint-Aignan,44.032329,1.099121,Plein jour,Hors agglomération,Hors intersection,Normale,Autre collision,3,-1,2,0,1,1,1,0,3,80,1,1,0,0,0,1,50.0,,voiture,,1,1,1,1,6
202400009794,2024-11-25 18:35:00,2024,11,25,18,35,74,74010,ST-BERNARD DE MENTHON(BOULEVARD/PASSAGE),45.90443,6.13426,Nuit avec éclairage allumé,En agglomération,Intersection en T,Normale,Deux véhicules - côté,4,2,0,0,1,1,1,0,1,30,2,2,1,0,0,1,34.0,58.0,deux_roues,voiture,5,2,3,1,3
202400009794,2024-11-25 18:35:00,2024,11,25,18,35,74,74010,ST-BERNARD DE MENTHON(BOULEVARD/PASSAGE),45.90443,6.13426,Nuit avec éclairage allumé,En agglomération,Intersection en T,Normale,Deux véhicules - côté,4,2,2,1,1,1,1,0,1,30,2,2,1,0,0,1,34.0,58.0,deux_roues,voiture,5,2,3,1,3
202400009795,2024-09-13 15:42:00,2024,9,13,15,42,10,10387,Avenue Pierre Brossolette,48.2866,4.0774,Plein jour,En agglomération,Intersection en X,Normale,Autre collision,4,3,4,0,1,1,1,0,1,50,1,2,1,0,1,0,67.0,,voiture,,1,2,2,1,6
202400009795,2024-09-13 15:42:00,2024,9,13,15,42,10,10387,Avenue Pierre Brossolette,48.2866,4.0774,Plein jour,En agglomération,Intersection en X,Normale,Autre collision,4,3,4,0,1,1,1,0,1,50,1,2,1,0,1,0,67.0,,voiture,,1,2,2,1,6
202400009796,2024-11-25 18:20:00,2024,11,25,18,20,67,67482,OBERHAUSBERGEN (ROUTE D ),48.59727,7.70461,Nuit avec éclairage allumé,En agglomération,Hors intersection,Vent fort / tempête,Autre collision,7,2,4,2,1,1,1,0,1,50,2,2,1,0,0,1,58.0,41.0,voiture,deux_roues,5,2,1,6,6
202400009797,2024-09-12 19:14:00,2024,9,12,19,14,10,10387,Boulevard Gambetta,48.29929,4.07182,Plein jour,En agglomération,Intersection en T,Normale,Deux véhicules - frontale,4,2,3,0,1,1,1,0,1,50,2,2,1,0,1,0,19.0,20.0,voiture,deux_roues,1,2,3,1,1
202400009797,2024-09-12 19:14:00,2024,9,12,19,14,10,10387,Boulevard Gambetta,48.29929,4.07182,Plein jour,En agglomération,Intersection en T,Normale,Deux véhicules - frontale,4,2,2,0,1,1,1,0,1,5,2,2,1,0,1,0,19.0,20.0,voiture,deux_roues,1,2,3,1,1
202400009798,2024-04-22 08:10:00,2024,4,22,8,10,77,77269,NANGIS - D408 (ROUTE),48.5417833,2.68518801,Plein jour,En agglomération,Hors intersection,Normale,Trois véhicules et plus - en chaîne,3,2,2,0,1,1,1,0,1,70,3,3,1,0,0,2,28.0,48.0,voiture,voiture,1,2,1,1,4
202400009799,2024-11-25 07:25:00,2024,11,25,7,25,62,62510,Rue Jules Ferry,50.42907,2.74951,Nuit avec éclairage non allumé,En agglomération,Autre intersection,Pluie légère,Autre collision,4,2,2,0,1,1,2,9,1,50,1,2,1,0,1,0,62.0,,utilitaire_camion,,4,2,9,2,6
202400009800,2024-11-25 11:20:00,2024,11,25,11,20,59,59599,GRAMME (CHAUSSEE),50.737999,3.162314,Plein jour,En agglomération,Intersection en X,Pluie légère,Autre collision,7,3,0,0,1,1,2,0,1,50,1,2,1,0,0,1,17.0,,voiture,,1,2,2,2,6
202400009800,2024-11-25 11:20:00,2024,11,25,11,20,59,59599,GRAMME (CHAUSSEE),50.737999,3.162314,Plein jour,En agglomération,Intersection en X,Pluie légère,Autre collision,7,3,0,0,1,1,2,0,1,50,1,2,1,0,0,1,17.0,,voiture,,1,2,2,2,6
202400009801,2024-09-13 13:00:00,2024,9,13,13,0,09,09122,LECLERC (AVENUE DU GENERAL),42.975112,1.60821,Plein jour,En agglomération,Hors intersection,Normale,Trois véhicules et plus - en chaîne,3,2,1,0,1,1,2,0,1,50,3,3,1,0,0,2,59.0,58.0,utilitaire_camion,voiture,1,2,1,1,4
202400009802,2024-11-25 20:15:00,2024,11,25,20,15,59,59650,DELECOURT (RUE ALFRED),50.70841,3.18628,Nuit avec éclairage allumé,En agglomération,Intersection en X,Normale,Deux véhicules - côté,4,2,2,0,1,1,1,0,1,50,2,2,1,0,0,1,27.0,35.0,voiture,voiture,5,2,2,1,3
202400009802,2024-11-25 20:15:00,2024,11,25,20,15,59,59650,DELECOURT (RUE ALFRED),50.70841,3.18628,Nuit avec éclairage allumé,En agglomération,Intersection en X,Normale,Deux véhicules - côté,4,2,2,0,1,1,2,5,1,30,2,2,1,0,0,1,27.0,35.0,voiture,voiture,5,2,2,1,3
202400009803,2024-09-12 07:55:00,2024,9,12,7,55,07,07102,DUNANT (RUE HENRI),44.93912,4.87387,Plein jour,En agglomération,Hors intersection,Normale,Deux véhicules - côté,4,2,2,0,1,1,1,0,1,50,2,2,1,0,0,1,87.0,33.0,voiture,deux_roues,1,2,1,1,3
202400009804,2024-04-24 06:50:00,2024,4,24,6,50,72,72181,HEUZE OLIVIER AV N° PAIRS 200 ET >,47.99278415,0.17406464,Plein jour,En agglomération,Intersection en X,Normale,Deux véhicules - côté,4,2,2,0,1,1,1,0,1,50,2,2,1,0,0,1,47.0,35.0,voiture,voiture,1,2,2,1,3
202400009804,2024-04-24 06:50:00,2024,4,24,6,50,72,72181,HEUZE OLIVIER AV N° PAIRS 200 ET >,47.99278415,0.17406464,Plein jour,En agglomération,Intersection en X,Normale,Deux véhicules - côté,4,2,2,0,1,1,1,0,1,50,2,2,1,0,0,1,47.0,35.0,voiture,voiture,1,2,2,1,3
202400009805,2024-09-13 08:40:00,2024,9,13,8,40,06,06069,46 Avenue Victoria,43.663697,6.931736,Plein jour,En agglomération,Hors intersection,Normale,Autre collision,3,2,2,0,1,1,1,0,1,30,1,3,1,0,0,2,25.0,,voiture,,1,2,1,1,6
202400009806,2024-04-23 16:12:00,2024,4,23,16,12,72,72181,JAURES JEAN (AV) N° PAIRS 60 ET >,47.98951,0.20581,Plein jour,En agglomération,Autre intersection,Normale,Deux véhicules - arrière,4,1,2,0,1,1,1,0,1,30,2,2,1,0,0,1,61.0,56.0,voiture,voiture,1,2,9,1,2
202400009807,2024-09-13 09:05:00,2024,9,13,9,5,75,75119,BOULEVARD PERIPHERIQUE EXTERIEUR NORD  ,48.900581,2.386129,Plein jour,En agglomération,Hors intersection,Normale,Sans collision,4,1,4,0,1,1,1,0,1,70,1,1,0,0,0,1,44.0,,deux_roues,,1,2,1,1,7
202400009808,2024-11-25 07:20:00,2024,11,25,7,20,59,59560,BOUVRY ROGER RUE,50.53843,3.01842,Nuit sans éclairage public,Hors agglomération,Hors intersection,Pluie légère,Deux véhicules - arrière,4,2,2,1,1,1,2,0,1,50,2,3,0,0,0,3,59.0,57.0,voiture,utilitaire_camion,3,1,1,2,2
202400009809,2024-04-24 19:13:00,2024,4,24,19,13,71,71076,BLERIOT (RUE LOUIS),46.80148,4.8591,Plein jour,En agglomération,Intersection en T,Normale,Deux véhicules - côté,4,2,1,0,1,1,2,0,1,50,2,2,1,0,1,0,63.0,5.0,voiture,deux_roues,1,2,3,1,3
202400009809,2024-04-24 19:13:00,2024,4,24,19,13,71,71076,BLERIOT (RUE LOUIS),46.80148,4.8591,Plein jour,En agglomération,Intersection en T,Normale,Deux véhicules - côté,4,2,2,0,1,1,2,0,1,50,2,2,1,0,1,0,63.0,5.0,voiture,deux_roues,1,2,3,1,3
202400009810,2024-09-12 18:45:00,2024,9,12,18,45,75,75115,BOULEVARD PERIPHERIQUE EXTERIEUR SUD,48.828966,2.288562,Plein jour,En agglomération,Hors intersection,Pluie légère,Deux véhicules - côté,4,1,3,0,1,1,2,0,1,70,2,2,1,0,0,1,25.0,71.0,deux_roues,voiture,1,2,1,2,3
202400009811,2024-11-22 10:10:00,2024,11,22,10,10,58,58194,PAUL VAILLANT COUTURIER,46.99303,3.1571,Plein jour,En agglomération,Hors intersection,Normale,Autre collision,4,1,0,0,1,1,1,0,4,50,2,2,1,0,0,1,19.0,49.0,deux_roues,voiture,1,2,1,1,6
202400009812,2024-04-24 14:02:00,2024,4,24,14,2,71,71076,CASSIN (RUE RENE),46.77445,4.8647,Plein jour,En agglomération,Hors intersection,Pluie légère,Deux véhicules - côté,4,2,3,0,1,1,2,0,1,50,2,2,1,0,0,1,24.0,40.0,deux_roues,voiture,1,2,1,2,3
202400009813,2024-09-12 17:40:00,2024,9,12,17,40,75,75117,BOULEVARD PERIPHERIQUE EXTERIEUR NORD  ,48.899447,2.318284,Plein jour,En agglomération,Hors intersection,Normale,Deux véhicules - arrière,4,1,4,0,1,1,2,0,1,70,2,2,1,0,0,1,37.0,68.0,deux_roues,voiture,1,2,1,1,2
202400009814,2024-11-25 08:20:00,2024,11,25,8,20,56,56260,Rue François-René de Chateaubriand,47.66292,-2.76217,Plein jour,En agglomération,Giratoire,Normale,Deux véhicules - côté,4,1,2,2,1,3,2,-1,5,30,2,2,1,0,1,0,27.0,47.0,voiture,deux_roues,1,2,6,1,3
202400009815,2024-04-24 17:00:00,2024,4,24,17,0,66,66136,Chemin de Château-Roussillon (VC 210),42.70385,2.9431,Plein jour,En agglomération,Hors intersection,Normale,Autre collision,4,1,1,0,2,1,1,0,1,50,1,2,1,0,1,0,28.0,,voiture,,1,2,1,1,6
202400009816,2024-11-23 04:15:00,2024,11,23,4,15,56,56098,Rue Marie Le Franc,47.77624,-3.35807,Nuit sans éclairage public,En agglomération,Hors intersection,Normale,Autre collision,4,2,2,0,2,3,1,0,3,30,1,1,0,0,0,1,43.0,,voiture,,3,2,1,1,6
202400009817,2024-09-13 14:50:00,2024,9,13,14,50,75,75117,BOULEVARD BESSIERES,48.894467,2.313443,Plein jour,En agglomération,Intersection en X,Normale,Deux véhicules - côté,4,1,4,2,1,1,1,0,1,30,2,2,1,0,0,1,19.0,22.0,deux_roues,voiture,1,2,2,1,3
202400009817,2024-09-13 14:50:00,2024,9,13,14,50,75,75117,BOULEVARD BESSIERES,48.894467,2.313443,Plein jour,En agglomération,Intersection en X,Normale,Deux véhicules - côté,4,1,4,2,1,1,1,0,1,30,2,2,1,0,0,1,19.0,22.0,deux_roues,voiture,1,2,2,1,3
202400009818,2024-04-24 07:45:00,2024,4,24,7,45,64,64335,EUROPE DE L',43.32926,-0.44607,Plein jour,En agglomération,Hors intersection,Normale,Deux véhicules - arrière,4,2,2,0,1,1,1,0,1,50,2,2,1,0,0,1,35.0,58.0,utilitaire_camion,deux_roues,1,2,1,1,2
202400009819,2024-11-25 18:47:00,2024,11,25,18,47,47,47001,BRU (AVENUE DU DOCTEUR JEAN),44.19413,0.62824,Nuit avec éclairage allumé,En agglomération,Intersection en X,Pluie légère,Autre collision,3,3,6,0,1,1,2,5,1,50,1,2,1,0,1,0,,,voiture,,5,2,2,2,6
202400009819,2024-11-25 18:47:00,2024,11,25,18,47,47,47001,BRU (AVENUE DU DOCTEUR JEAN),44.19413,0.62824,Nuit avec éclairage allumé,En agglomération,Intersection en X,Pluie légère,Autre collision,3,2,4,-1,1,1,2,5,1,-1,1,2,1,0,1,0,,,voiture,,5,2,2,2,6
202400009820,2024-04-24 03:30:00,2024,4,24,3,30,64,64024,LOUILLOT (RUE DE),43.4815,-1.52083,Nuit avec éclairage allumé,En agglomération,Hors intersection,Normale,Sans collision,4,2,2,0,1,1,1,0,1,50,1,1,0,0,0,1,18.0,,deux_roues,,5,2,1,1,7