accident_id,datetime,annee,mois,jour,heure,minute,departement,commune_insee,adresse,latitude,longitude,luminosite,agglomeration,intersection,meteo,collision,catr,circ,nbv,vosp,prof,plan,surf,infra,situ,vma,nb_vehicules,nb_usagers,nb_indemnes,nb_tues,nb_blesses_hosp,nb_blesses_legers,age_cond_1,age_cond_2,veh_type_cond_1,veh_type_cond_2,lum_code,agg_code,int_code,atm_code,col_code
202400009821,2024-09-12 08:50:00,2024,9,12,8,50,75,75116,RUE CLAUDE TERRASSE,48.839559,2.263321,Plein jour,En agglomération,Intersection en X,Normale,Deux véhicules - côté,4,1,2,1,1,1,1,0,1,30,2,2,1,0,0,1,52.0,54.0,deux_roues,voiture,1,2,2,1,3
202400009821,2024-09-12 08:50:00,2024,9,12,8,50,75,75116,RUE CLAUDE TERRASSE,48.839559,2.263321,Plein jour,En agglomération,Intersection en X,Normale,Deux véhicules - côté,4,1,1,1,1,1,1,0,1,30,2,2,1,0,0,1,52.0,54.0,deux_roues,voiture,1,2,2,1,3
202400009822,2024-11-25 22:10:00,2024,11,25,22,10,44,44109,Boulevard Jean Philippot,47.21285,-1.55367,Nuit avec éclairage allumé,En agglomération,Giratoire,Temps couvert,Deux véhicules - arrière,4,1,1,0,1,2,2,0,1,30,2,2,1,0,0,1,32.0,68.0,deux_roues,voiture,5,2,6,8,2
202400009823,2024-04-24 14:45:00,2024,4,24,14,45,63,63113,RASSAT (RUE DU),45.76919,3.11889,Plein jour,En agglomération,Hors intersection,Normale,Autre collision,4,2,2,0,1,1,1,0,1,30,1,1,0,0,0,1,79.0,,voiture,,1,2,1,1,6
202400009824,2024-09-12 10:20:00,2024,9,12,10,20,75,75114,RUE ALPHONSE DAUDET,48.826139,2.328918,Plein jour,En agglomération,Intersection en X,Normale,Autre collision,4,1, -1,-1,1,1,1,0,1,-1,1,3,1,0,1,1,26.0,,voiture,,1,2,2,1,6
202400009824,2024-09-12 10:20:00,2024,9,12,10,20,75,75114,RUE ALPHONSE DAUDET,48.826139,2.328918,Plein jour,En agglomération,Intersection en X,Normale,Autre collision,4,1,1,0,1,1,1,0,1,30,1,3,1,0,1,1,26.0,,voiture,,1,2,2,1,6
202400009825,2024-04-14 01:00:00,2024,4,14,1,0,62,62570,Rue Charles Lecocq,50.4024,2.87876,Nuit avec éclairage non allumé,En agglomération,Hors intersection,Normale,Autre collision,4,-1,1,0,1,1,1,0,1,30,1,3,1,0,1,1,44.0,,voiture,,4,2,1,1,6
202400009826,2024-11-25 08:25:00,2024,11,25,8,25,38,38169,BOULEVARD JOLIOT-CURIE,45.19993,5.69123,Plein jour,En agglomération,Intersection en X,Normale,Deux véhicules - côté,4,2,5,1,1,1,1,0,1,50,2,3,1,0,0,2,52.0,13.0,utilitaire_camion,deux_roues,1,2,2,1,3
202400009826,2024-11-25 08:25:00,2024,11,25,8,25,38,38169,BOULEVARD JOLIOT-CURIE,45.19993,5.69123,Plein jour,En agglomération,Intersection en X,Normale,Deux véhicules - côté,4,2,2,1,1,1,1,0,1,30,2,3,1,0,0,2,52.0,13.0,utilitaire_camion,deux_roues,1,2,2,1,3
202400009827,2024-09-13 21:19:00,2024,9,13,21,19,75,75113,RUE NEUVE TOLBIAC,48.832232,2.379769,Nuit avec éclairage allumé,En agglomération,Intersection en X,Normale,Deux véhicules - côté,4,2,6,1,1,1,1,0,1,50,2,4,2,0,0,2,20.0,25.0,deux_roues,voiture,5,2,2,1,3
202400009827,2024-09-13 21:19:00,2024,9,13,21,19,75,75113,RUE NEUVE TOLBIAC,48.832232,2.379769,Nuit avec éclairage allumé,En agglomération,Intersection en X,Normale,Deux véhicules - côté,4,2,4,0,2,1,1,0,1,30,2,4,2,0,0,2,20.0,25.0,deux_roues,voiture,5,2,2,1,3
202400009828,2024-04-24 18:30:00,2024,4,24,18,30,56,56260,Liziec,47.667003,-2.729657,Plein jour,Hors agglomération,Hors intersection,Pluie légère,Trois véhicules et plus - en chaîne,2,3,4,0,1,1,2,0,1,90,3,4,2,0,0,2,72.0,22.0,voiture,voiture,1,1,1,2,4
202400009829,2024-11-25 08:35:00,2024,11,25,8,35,37,37122,BRETONNIERES (BOULEVARD DES),47.34372998,0.62750727,Crépuscule ou aube,En agglomération,Intersection en T,Pluie forte,Deux véhicules - arrière,7,2,2,0,1,1,2,0,1,50,2,2,1,0,0,1,41.0,20.0,voiture,voiture,2,2,3,3,2
202400009829,2024-11-25 08:35:00,2024,11,25,8,35,37,37122,BRETONNIERES (BOULEVARD DES),47.34372998,0.62750727,Crépuscule ou aube,En agglomération,Intersection en T,Pluie forte,Deux véhicules - arrière,7,2,2,0,1,1,2,0,1,50,2,2,1,0,0,1,41.0,20.0,voiture,voiture,2,2,3,3,2
202400009830,2024-09-13 12:30:00,2024,9,13,12,30,75,75113,RUE DU CHEVALERET,48.832634,2.371002,Plein jour,En agglomération,Intersection en X,Normale,Deux véhicules - côté,4,2,2,1,1,1,1,0,1,30,2,2,1,0,0,1,54.0,29.0,voiture,deux_roues,1,2,2,1,3
202400009830,2024-09-13 12:30:00,2024,9,13,12,30,75,75113,RUE DU CHEVALERET,48.832634,2.371002,Plein jour,En agglomération,Intersection en X,Normale,Deux véhicules - côté,4,1,1,0,1,1,1,0,1,30,2,2,1,0,0,1,54.0,29.0,voiture,deux_roues,1,2,2,1,3
202400009831,2024-04-23 12:15:00,2024,4,23,12,15,56,56121,Rue Jean Le Coutaller,47.74805,-3.37012,Plein jour,En agglomération,Hors intersection,Normale,Deux véhicules - côté,4,2,2,0,1,1,1,0,1,30,2,2,1,0,0,1,70.0,43.0,voiture,deux_roues,1,2,1,1,3
202400009832,2024-11-25 18:15:00,2024,11,25,18,15,36,36202,,46.77048773,1.66333437,Nuit sans éclairage public,Hors agglomération,Hors intersection,Temps couvert,Trois véhicules et plus - en chaîne,3,2,2,0,1,2,2,0,1,80,3,3,2,0,0,1,19.0,36.0,voiture,voiture,3,1,1,8,4
202400009833,2024-04-23 15:20:00,2024,4,23,15,20,51,51454,PONSARDIN (RUE),49.24682,4.0439,Plein jour,En agglomération,Intersection en X,Normale,Autre collision,4,2, -1,-1,1,1,1,0,1,30,1,1,0,0,0,1,78.0,,voiture,,1,2,2,1,6
202400009833,2024-04-23 15:20:00,2024,4,23,15,20,51,51454,PONSARDIN (RUE),49.24682,4.0439,Plein jour,En agglomération,Intersection en X,Normale,Autre collision,4,1,1,0,1,1,1,0,1,30,1,1,0,0,0,1,78.0,,voiture,,1,2,2,1,6
202400009834,2024-09-12 08:35:00,2024,9,12,8,35,75,75112,RUE MOUSSET ROBERT,48.842934,2.405255,Plein jour,En agglomération,Intersection en T,Normale,Deux véhicules - arrière,4,2,2,0,1,1,1,0,1,30,2,3,2,0,0,1,51.0,24.0,utilitaire_camion,deux_roues,1,2,3,1,2
202400009834,2024-09-12 08:35:00,2024,9,12,8,35,75,75112,RUE MOUSSET ROBERT,48.842934,2.405255,Plein jour,En agglomération,Intersection en T,Normale,Deux véhicules - arrière,4,1,1,0,1,1,1,0,1,30,2,3,2,0,0,1,51.0,24.0,utilitaire_camion,deux_roues,1,2,3,1,2
202400009835,2024-11-25 19:20:00,2024,11,25,19,20,35,35238,NANTAISE,48.11027404,-1.68510586,Nuit avec éclairage allumé,En agglomération,Intersection en T,Normale,Deux véhicules - côté,4,2,4,0,1,1,2,0,5,30,2,2,1,0,0,1,25.0,,deux_roues,voiture,5,2,3,1,3
202400009835,2024-11-25 19:20:00,2024,11,25,19,20,35,35238,NANTAISE,48.11027404,-1.68510586,Nuit avec éclairage allumé,En agglomération,Intersection en T,Normale,Deux véhicules - côté,4,1,1,2,1,1,2,6,5,20,2,2,1,0,0,1,25.0,,deux_roues,voiture,5,2,3,1,3
202400009836,2024-04-23 20:00:00,2024,4,23,20,0,49,49007,JONCHERES SQUARE,47.44879,-0.56287,Crépuscule ou aube,En agglomération,Hors intersection,Normale,Deux véhicules - côté,4,2,2,0,1,1,1,0,1,50,2,2,1,0,1,0,22.0,54.0,deux_roues,voiture,2,2,1,1,3
202400009837,2024-09-13 10:41:00,2024,9,13,10,41,75,75108,RUE DE ROME,48.876122,2.323639,Plein jour,En agglomération,Hors intersection,Normale,Autre collision,4,2,4,3,2,1,1,0,1,30,1,2,1,0,0,1,49.0,,voiture,,1,2,1,1,6
202400009838,2024-11-25 19:15:00,2024,11,25,19,15,31,31555,VA001490 A621,43.62449,1.41615,Nuit avec éclairage allumé,Hors agglomération,Hors intersection,Pluie légère,Trois véhicules et plus - en chaîne,1,1,2,0,1,1,2,2,1,90,3,4,2,0,0,2,22.0,22.0,voiture,voiture,5,1,1,2,4
202400009839,2024-04-23 11:10:00,2024,4,23,11,10,45,45208,53 Rue de la Pontonnerie,48.00156579,2.72276683,Plein jour,En agglomération,Intersection en X,Normale,Deux véhicules - côté,4,2,2,0,1,1,1,0,1,50,2,2,0,0,0,2,35.0,31.0,voiture,voiture,1,2,2,1,3
202400009839,2024-04-23 11:10:00,2024,4,23,11,10,45,45208,53 Rue de la Pontonnerie,48.00156579,2.72276683,Plein jour,En agglomération,Intersection en X,Normale,Deux véhicules - côté,4,2,2,0,1,1,1,0,1,50,2,2,0,0,0,2,35.0,31.0,voiture,voiture,1,2,2,1,3
202400009840,2024-09-13 03:10:00,2024,9,13,3,10,75,75107,AVENUE RAPP,48.859839,2.300669,Nuit avec éclairage allumé,En agglomération,Intersection en T,Normale,Deux véhicules - arrière,4,1,2,0,1,1,1,0,1,30,2,3,1,0,0,2,61.0,30.0,voiture,voiture,5,2,3,1,2
202400009840,2024-09-13 03:10:00,2024,9,13,3,10,75,75107,AVENUE RAPP,48.859839,2.300669,Nuit avec éclairage allumé,En agglomération,Intersection en T,Normale,Deux véhicules - arrière,4,1, -1,-1,1,1,1,0,1,-1,2,3,1,0,0,2,61.0,30.0,voiture,voiture,5,2,3,1,2
202400009841,2024-11-24 14:50:00,2024,11,24,14,50,22,22278,DOUVENANT (DE),48.5016,-2.73703,Plein jour,En agglomération,Hors intersection,Normale,Deux véhicules - côté,4,2,2,0,3,3,1,0,1,30,2,2,1,0,0,1,73.0,40.0,voiture,voiture,1,2,1,1,3
202400009842,2024-04-24 15:20:00,2024,4,24,15,20,42,42044,Rue de la République,45.39572,4.31793,Plein jour,En agglomération,Intersection en X,Normale,Autre collision,7,2,2,-1,2,2,1,0,1,-1,1,2,1,0,0,1,28.0,,voiture,,1,2,2,1,6
202400009842,2024-04-24 15:20:00,2024,4,24,15,20,42,42044,Rue de la République,45.39572,4.31793,Plein jour,En agglomération,Intersection en X,Normale,Autre collision,7,2,2,0,1,1,1,0,1,50,1,2,1,0,0,1,28.0,,voiture,,1,2,2,1,6
202400009843,2024-09-13 16:20:00,2024,9,13,16,20,75,75101,PONT AU CHANGE,48.85723759,2.34709918,Plein jour,En agglomération,Intersection en X,Normale,Autre collision,4,2,5,1,1,1,1,-1,5,30,1,1,0,0,0,1,82.0,,deux_roues,,1,2,2,1,6
202400009843,2024-09-13 16:20:00,2024,9,13,16,20,75,75101,PONT AU CHANGE,48.85723759,2.34709918,Plein jour,En agglomération,Intersection en X,Normale,Autre collision,4,1,4,3,1,1,1,-1,5,30,1,1,0,0,0,1,82.0,,deux_roues,,1,2,2,1,6
202400009844,2024-11-25 07:25:00,2024,11,25,7,25,17,17415,ALLENDE AVENUE DU PRESIDENT SALVADOR,45.735077,-0.644958,Nuit sans éclairage public,En agglomération,Hors intersection,Normale,Autre collision,4,2,2,0,1,1,2,6,1,50,1,2,1,0,0,1,,,utilitaire_camion,,3,2,1,1,6
202400009845,2024-04-24 19:35:00,2024,4,24,19,35,37,37261,CHAUTEMPS (AVENUE CAMILLE),47.3747,0.7163,Crépuscule ou aube,En agglomération,Giratoire,Temps couvert,Deux véhicules - côté,4,2,2,1,1,1,1,5,1,50,2,2,1,0,0,1,59.0,21.0,voiture,deux_roues,2,2,6,8,3
202400009845,2024-04-24 19:35:00,2024,4,24,19,35,37,37261,CHAUTEMPS (AVENUE CAMILLE),47.3747,0.7163,Crépuscule ou aube,En agglomération,Giratoire,Temps couvert,Deux véhicules - côté,4,1,2,0,1,2,1,5,1,50,2,2,1,0,0,1,59.0,21.0,voiture,deux_roues,2,2,6,8,3
202400009846,2024-09-13 10:20:00,2024,9,13,10,20,75,75104,QUAI HENRI IV,48.85082534,2.36144632,Plein jour,En agglomération,Intersection en X,Normale,Deux véhicules - côté,4,2,3,3,1,1,1,0,1,50,2,2,1,0,0,1,45.0,56.0,voiture,deux_roues,1,2,2,1,3
202400009846,2024-09-13 10:20:00,2024,9,13,10,20,75,75104,QUAI HENRI IV,48.85082534,2.36144632,Plein jour,En agglomération,Intersection en X,Normale,Deux véhicules - côté,4,1,3,0,1,1,1,0,1,50,2,2,1,0,0,1,45.0,56.0,voiture,deux_roues,1,2,2,1,3
202400009847,2024-04-24 08:45:00,2024,4,24,8,45,35,35238,LORIENT (DE),48.10821,-1.70017,Plein jour,En agglomération,Hors intersection,Normale,Deux véhicules - côté,4,2,2,2,1,1,1,0,1,30,2,2,1,0,1,0,60.0,51.0,utilitaire_camion,deux_roues,1,2,1,1,3
202400009848,2024-09-13 10:10:00,2024,9,13,10,10,75,75102,RUE DE LA PAIX,48.868311,2.330316,Plein jour,En agglomération,Intersection en X,Normale,Deux véhicules - côté,4,1,1,1,1,1,1,0,1,30,2,2,1,0,0,1,28.0,45.0,voiture,deux_roues,1,2,2,1,3
202400009848,2024-09-13 10:10:00,2024,9,13,10,10,75,75102,RUE DE LA PAIX,48.868311,2.330316,Plein jour,En agglomération,Intersection en X,Normale,Deux véhicules - côté,4,2,2,0,1,1,1,0,1,30,2,2,1,0,0,1,28.0,45.0,voiture,deux_roues,1,2,2,1,3
202400009849,2024-04-24 16:50:00,2024,4,24,16,50,34,34301,CLERVILLE CHEVALIER DE (BOULEVARD),43.40723,3.67837,Plein jour,En agglomération,Hors intersection,Normale,Autre collision,4,-1,2,0,3,2,1,0,4,50,1,1,0,0,1,0,87.0,,voiture,,1,2,1,1,6
202400009850,2024-11-16 14:10:00,2024,11,16,14,10,13,13039,RN 568,43.47019,4.94536,Plein jour,Hors agglomération,Hors intersection,Pluie légère,Trois véhicules et plus - collisions multiples,2,2,2,0,1,2,2,0,1,70,3,5,1,1,0,3,38.0,63.0,voiture,voiture,1,1,1,2,5
202400009851,2024-09-13 08:15:00,2024,9,13,8,15,94,94067,Rue Fays,48.84749141,2.41863003,Plein jour,En agglomération,Intersection en X,Temps éblouissant,Deux véhicules - côté,4,1,2,0,1,1,1,0,1,30,2,2,1,0,0,1,29.0,37.0,utilitaire_camion,deux_roues,1,2,2,7,3
202400009851,2024-09-13 08:15:00,2024,9,13,8,15,94,94067,Rue Fays,48.84749141,2.41863003,Plein jour,En agglomération,Intersection en X,Temps éblouissant,Deux véhicules - côté,4,1,2,2,1,1,1,0,1,30,2,2,1,0,0,1,29.0,37.0,utilitaire_camion,deux_roues,1,2,2,7,3
202400009852,2024-04-24 20:30:00,2024,4,24,20,30,34,34198,FOIRE (ROUTE DE LA),43.573,3.945,Plein jour,En agglomération,Hors intersection,Normale,Deux véhicules - côté,4,1,1,0,1,1,1,0,1,50,2,2,1,0,0,1,47.0,15.0,voiture,deux_roues,1,2,1,1,3
202400009853,2024-11-25 20:30:00,2024,11,25,20,30,13,13214,PLOMBIERES (BOULEVARD DES),43.31646,5.38337,Nuit avec éclairage allumé,En agglomération,Hors intersection,Normale,Deux véhicules - côté,4,1,2,0,1,1,1,0,1,50,2,3,1,0,0,2,16.0,22.0,deux_roues,voiture,5,2,1,1,3
202400009854,2024-09-13 09:00:00,2024,9,13,9,0,94,94044,13 Rue Roger Salengro,48.751431,2.49006,Plein jour,En agglomération,Hors intersection,Normale,Autre collision,3,2,2,0,1,1,1,0,1,30,1,2,1,0,0,1,78.0,,voiture,,1,2,1,1,6
202400009855,2024-04-21 17:10:00,2024,4,21,17,10,34,34172,PEYRE (RUE ARNAULT),43.6408,3.81865,Plein jour,En agglomération,Hors intersection,Normale,Deux véhicules - frontale,4,2,2,0,4,1,1,0,1,50,2,2,1,0,1,0,30.0,8.0,voiture,deux_roues,1,2,1,1,1
202400009856,2024-09-13 17:10:00,2024,9,13,17,10,94,94058,Rue de Tannebourg,48.8372,2.496,Plein jour,En agglomération,Hors intersection,Temps couvert,Deux véhicules - côté,4,-1,1,0,1,1,1,0,1,30,2,2,1,0,0,1,33.0,43.0,deux_roues,voiture,1,2,1,8,3
202400009857,2024-11-25 08:30:00,2024,11,25,8,30,13,13203,STRASBOURG (BOULEVARD),43.30713,5.3752,Plein jour,En agglomération,Intersection en Y,Temps couvert,Deux véhicules - côté,1,-1,3,0,2,1,1,0,8,50,2,2,1,0,0,1,24.0,53.0,voiture,voiture,1,2,4,8,3
202400009857,2024-11-25 08:30:00,2024,11,25,8,30,13,13203,STRASBOURG (BOULEVARD),43.30713,5.3752,Plein jour,En agglomération,Intersection en Y,Temps couvert,Deux véhicules - côté,1,2,3,0,2,1,1,0,8,50,2,2,1,0,0,1,24.0,53.0,voiture,voiture,1,2,4,8,3
202400009857,2024-11-25 08:30:00,2024,11,25,8,30,13,13203,STRASBOURG (BOULEVARD),43.30713,5.3752,Plein jour,En agglomération,Intersection en Y,Temps couvert,Deux véhicules - côté,1,2,3,0,1,1,1,0,1,50,2,2,1,0,0,1,24.0,53.0,voiture,voiture,1,2,4,8,3
202400009858,2024-04-24 09:36:00,2024,4,24,9,36,34,34172,TOULOUSE (AVENUE DE,43.59737,3.86428,Plein jour,En agglomération,Intersection en T,Normale,Deux véhicules - côté,4,4,3,0,1,1,2,0,1,50,2,6,5,0,0,1,48.0,29.0,voiture,voiture,1,2,3,1,3
202400009858,2024-04-24 09:36:00,2024,4,24,9,36,34,34172,TOULOUSE (AVENUE DE,43.59737,3.86428,Plein jour,En agglomération,Intersection en T,Normale,Deux véhicules - côté,4,2,4,3,1,1,1,0,1,50,2,6,5,0,0,1,48.0,29.0,voiture,voiture,1,2,3,1,3
202400009859,2024-09-13 12:10:00,2024,9,13,12,10,94,94058,Avenue du Général de Gaulle,48.8390143,2.50867546,Plein jour,En agglomération,Intersection en X,Normale,Trois véhicules et plus - collisions multiples,3,2,2,0,2,1,1,5,1,50,3,3,2,0,0,1,48.0,39.0,voiture,deux_roues,1,2,2,1,5
202400009859,2024-09-13 12:10:00,2024,9,13,12,10,94,94058,Avenue du Général de Gaulle,48.8390143,2.50867546,Plein jour,En agglomération,Intersection en X,Normale,Trois véhicules et plus - collisions multiples,3,1,1,0,1,1,1,5,1,50,3,3,2,0,0,1,48.0,39.0,voiture,deux_roues,1,2,2,1,5
202400009860,2024-11-25 09:30:00,2024,11,25,9,30,75,75117,RUE DE ROME,48.883269,2.319153,Plein jour,En agglomération,Intersection en X,Pluie légère,Deux véhicules - côté,4,1, -1,-1,1,1,2,0,1,30,2,2,1,0,0,1,26.0,47.0,utilitaire_camion,deux_roues,1,2,2,2,3
202400009860,2024-11-25 09:30:00,2024,11,25,9,30,75,75117,RUE DE ROME,48.883269,2.319153,Plein jour,En agglomération,Intersection en X,Pluie légère,Deux véhicules - côté,4,2,3,1,3,1,2,6,1,30,2,2,1,0,0,1,26.0,47.0,utilitaire_camion,deux_roues,1,2,2,2,3
202400009861,2024-04-24 22:00:00,2024,4,24,22,0,33,33281,,44.82645,-0.62403,Nuit avec éclairage allumé,En agglomération,Hors intersection,Normale,Deux véhicules - arrière,4,3,2,3,1,1,1,9,1,30,2,2,1,0,0,1,24.0,22.0,voiture,deux_roues,5,2,1,1,2
202400009862,2024-11-25 09:30:00,2024,11,25,9,30,75,75116,AVENUE VICTOR HUGO,48.872052,2.290906,Plein jour,En agglomération,Hors intersection,Pluie légère,Autre collision,4,2,2,0,1,1,2,0,1,30,1,2,1,0,0,1,28.0,,voiture,,1,2,1,2,6
202400009863,2024-09-12 20:45:00,2024,9,12,20,45,94,94028,D1,48.79159315,2.44820479,Nuit sans éclairage public,Hors agglomération,Hors intersection,Pluie légère,Autre collision,3,1,2,0,1,1,2,0,1,70,1,3,2,0,0,1,40.0,,utilitaire_camion,,3,1,1,2,6
202400009864,2024-11-24 17:30:00,2024,11,24,17,30,75,75116,AVENUE HENRI MARTIN,48.864366,2.273838,Nuit avec éclairage allumé,En agglomération,Hors intersection,Normale,Autre collision,4,1,3,1,1,1,1,0,1,30,1,2,1,0,0,1,22.0,,deux_roues,,5,2,1,1,6
202400009865,2024-09-13 19:25:00,2024,9,13,19,25,94,94060,Rue du Four,48.78424102,2.5786314,Plein jour,En agglomération,Hors intersection,Normale,Deux véhicules - côté,4,1,1,0,1,1,1,0,1,30,2,2,1,0,0,1,44.0,,voiture,utilitaire_camion,1,2,1,1,3
202400009866,2024-04-24 20:05:00,2024,4,24,20,5,31,31555,RUE RAYMOND LIZOP,43.56753,1.39741,Plein jour,En agglomération,Intersection en T,Pluie légère,Deux véhicules - côté,4,-1,2,0,1,1,2,0,1,30,2,5,3,0,0,2,23.0,,voiture,voiture,1,2,3,2,3
202400009866,2024-04-24 20:05:00,2024,4,24,20,5,31,31555,RUE RAYMOND LIZOP,43.56753,1.39741,Plein jour,En agglomération,Intersection en T,Pluie légère,Deux véhicules - côté,4,-1,2,0,3,1,2,0,1,30,2,5,3,0,0,2,23.0,,voiture,voiture,1,2,3,2,3
202400009867,2024-11-24 14:15:00,2024,11,24,14,15,75,75116,ROUTE DE LA MUETTE A NEUILLY,48.878021,2.259604,Plein jour,En agglomération,Hors intersection,Normale,Autre collision,4,1,1,0,1,1,1,0,1,30,1,2,1,0,0,1,24.0,,voiture,,1,2,1,1,6
202400009868,2024-04-24 08:00:00,2024,4,24,8,0,31,31555,RTE DE LAUNAGUET,43.64957,1.43878,Plein jour,En agglomération,Hors intersection,Normale,Deux véhicules - côté,7,2,2,0,1,1,1,0,1,50,2,2,1,0,0,1,19.0,55.0,deux_roues,voiture,1,2,1,1,3
202400009869,2024-11-25 20:45:00,2024,11,25,20,45,75,75115,AVENUE DE LOWENDAL,48.848609,2.302371,Nuit sans éclairage public,En agglomération,Intersection en T,Normale,Deux véhicules - arrière,4,2,2,1,1,1,1,0,1,30,2,2,1,0,0,1,34.0,49.0,deux_roues,deux_roues,3,2,3,1,2
202400009869,2024-11-25 20:45:00,2024,11,25,20,45,75,75115,AVENUE DE LOWENDAL,48.848609,2.302371,Nuit sans éclairage public,En agglomération,Intersection en T,Normale,Deux véhicules - arrière,4,1,1,0,1,1,1,0,1,30,2,2,1,0,0,1,34.0,49.0,deux_roues,deux_roues,3,2,3,1,2
202400009870,2024-09-13 09:00:00,2024,9,13,9,0,93,93064,MAUNOURY (RUE DU MARECHAL),48.87141691,2.48316217,Plein jour,En agglomération,Hors intersection,Normale,Deux véhicules - arrière,4,1,1,0,2,1,1,0,1,50,2,2,1,0,0,1,37.0,65.0,voiture,voiture,1,2,1,1,2
202400009871,2024-04-24 09:05:00,2024,4,24,9,5,27,27229,TILLEULS (ALLEE DES),49.020002,1.146163,Plein jour,En agglomération,Hors intersection,Normale,Autre collision,4,1,1,0,1,1,1,0,1,30,1,2,1,1,0,0,31.0,,utilitaire_camion,,1,2,1,1,6
202400009872,2024-11-25 15:10:00,2024,11,25,15,10,75,75114,AVENUE DU MAINE,48.837539,2.32305,Plein jour,En agglomération,Intersection en T,Temps couvert,Deux véhicules - côté,4,4,2,3,1,1,1,5,1,30,2,2,1,0,0,1,44.0,37.0,voiture,voiture,1,2,3,8,3
202400009872,2024-11-25 15:10:00,2024,11,25,15,10,75,75114,AVENUE DU MAINE,48.837539,2.32305,Plein jour,En agglomération,Intersection en T,Temps couvert,Deux véhicules - côté,4,4,1,3,1,1,1,5,1,30,2,2,1,0,0,1,44.0,37.0,voiture,voiture,1,2,3,8,3
202400009873,2024-04-24 16:05:00,2024,4,24,16,5,25,25056,RN 1057 (BD CHURCHIL-ROUTE DE GRAY),47.26526,6.00534,Plein jour,Hors agglomération,Hors intersection,Normale,Autre collision,2,3,4,0,2,2,2,0,1,90,1,2,1,0,0,1,25.0,,utilitaire_camion,,1,1,1,1,6
202400009874,2024-11-23 17:00:00,2024,11,23,17,0,75,75114,RUE VERCINGETORIX,48.83276,2.311552,Crépuscule ou aube,En agglomération,Intersection en X,Normale,Autre collision,4,1,2,0,1,1,1,0,1,30,1,1,0,0,0,1,46.0,,utilitaire_camion,,2,2,2,1,6
202400009874,2024-11-23 17:00:00,2024,11,23,17,0,75,75114,RUE VERCINGETORIX,48.83276,2.311552,Crépuscule ou aube,En agglomération,Intersection en X,Normale,Autre collision,4,1,2,0,1,1,1,0,1,30,1,1,0,0,0,1,46.0,,utilitaire_camion,,2,2,2,1,6
202400009875,2024-09-13 17:20:00,2024,9,13,17,20,93,93077,ROSNY (AVENUE DE),48.88201385,2.49681973,Plein jour,En agglomération,Hors intersection,Pluie légère,Deux véhicules - arrière,3,1,2,0,1,1,2,0,8,50,2,2,1,0,1,0,37.0,34.0,deux_roues,voiture,1,2,1,2,2
202400009876,2024-03-23 17:30:00,2024,3,23,17,30,13,13056,QUATORZE JUILLET,43.40871,5.05626,Plein jour,En agglomération,Hors intersection,Normale,Deux véhicules - frontale,4,2,2,0,1,2,1,0,1,50,1,2,1,0,1,0,84.0,,voiture,,1,2,1,1,1
202400009877,2024-11-25 08:20:00,2024,11,25,8,20,75,75111,BOULEVARD VOLTAIRE,48.858727,2.378598,Plein jour,En agglomération,Intersection en X,Pluie forte,Deux véhicules - côté,4,2,4,1,1,1,2,0,5,30,2,2,1,0,0,1,22.0,31.0,deux_roues,utilitaire_camion,1,2,2,3,3
202400009877,2024-11-25 08:20:00,2024,11,25,8,20,75,75111,BOULEVARD VOLTAIRE,48.858727,2.378598,Plein jour,En agglomération,Intersection en X,Pluie forte,Deux véhicules - côté,4,1,1,0,1,1,2,0,6,30,2,2,1,0,0,1,22.0,31.0,deux_roues,utilitaire_camion,1,2,2,3,3
202400009878,2024-09-13 16:00:00,2024,9,13,16,0,93,93046,PACHOT LAINE RUE,48.92401,2.5391,Plein jour,En agglomération,Intersection en X,Normale,Deux véhicules - côté,4,1,1,0,1,1,1,0,1,30,2,2,1,0,0,1,80.0,23.0,voiture,deux_roues,1,2,2,1,3
202400009879,2024-04-24 11:05:00,2024,4,24,11,5,13,13212,TREVARESSE (TRAV DE LA) ,43.29657,5.41325,Plein jour,En agglomération,Hors intersection,Normale,Deux véhicules - côté,4,-1,2,0,1,1,1,0,4,50,1,2,1,0,1,0,,,autre,,1,2,1,1,3
202400009880,2024-11-25 09:00:00,2024,11,25,9,0,75,75110,RUE DES RECOLLETS,48.874469,2.36173,Plein jour,En agglomération,Hors intersection,Pluie légère,Sans collision,4,1,2,1,1,1,2,0,1,30,1,1,0,0,0,1,35.0,,deux_roues,,1,2,1,2,7
202400009881,2024-09-13 07:15:00,2024,9,13,7,15,93,93055,JEAN NICOT,48.89160764,2.41490562,Crépuscule ou aube,En agglomération,Hors intersection,Normale,Autre collision,4,2,3,1,1,1,1,0,1,30,1,2,1,0,0,1,56.0,,voiture,,2,2,1,1,6
202400009882,2024-09-13 08:45:00,2024,9,13,8,45,93,93051,SOUCHET (BOULEVARD),48.84840612,2.54270554,Plein jour,En agglomération,Hors intersection,Normale,Autre collision,3,1,2,0,4,2,1,0,1,50,1,2,1,0,0,1,38.0,,deux_roues,,1,2,1,1,6
202400009883,2024-11-25 18:35:00,2024,11,25,18,35,75,75108,PLACE CHARLES DE GAULLE,48.873488,2.296101,Nuit avec éclairage allumé,En agglomération,Place,Temps couvert,Deux véhicules - côté,4,2,8,0,1,1,2,0,1,50,2,3,2,0,0,1,45.0,43.0,utilitaire_camion,voiture,5,2,7,8,3
202400009883,2024-11-25 18:35:00,2024,11,25,18,35,75,75108,PLACE CHARLES DE GAULLE,48.873488,2.296101,Nuit avec éclairage allumé,En agglomération,Place,Temps couvert,Deux véhicules - côté,4,1,4,0,1,2,2,0,1,50,2,3,2,0,0,1,45.0,43.0,utilitaire_camion,voiture,5,2,7,8,3