accident_id,datetime,annee,mois,jour,heure,minute,departement,commune_insee,adresse,latitude,longitude,luminosite,agglomeration,intersection,meteo,collision,catr,circ,nbv,vosp,prof,plan,surf,infra,situ,vma,nb_vehicules,nb_usagers,nb_indemnes,nb_tues,nb_blesses_hosp,nb_blesses_legers,age_cond_1,age_cond_2,veh_type_cond_1,veh_type_cond_2,lum_code,agg_code,int_code,atm_code,col_code
202400009884,2024-04-24 11:15:00,2024,4,24,11,15,13,13213,PAUL LANGEVIN (RUE),43.34357644,5.4313996,Plein jour,En agglomération,Hors intersection,Normale,Sans collision,4,2,2,0,1,1,1,0,1,50,1,1,0,0,0,1,45.0,,deux_roues,,1,2,1,1,7
202400009885,2024-09-13 16:00:00,2024,9,13,16,0,93,93063,DOUMER PAUL AV.,48.88329815,2.42448263,Plein jour,En agglomération,Giratoire,Normale,Autre collision,3,1,1,0,1,2,1,0,1,30,1,2,1,0,1,0,40.0,,voiture,,1,2,6,1,6
202400009885,2024-09-13 16:00:00,2024,9,13,16,0,93,93063,DOUMER PAUL AV.,48.88329815,2.42448263,Plein jour,En agglomération,Giratoire,Normale,Autre collision,3,-1,1,0,1,2,1,0,1,30,1,2,1,0,1,0,40.0,,voiture,,1,2,6,1,6
202400009886,2024-11-25 13:00:00,2024,11,25,13,0,75,75108,RUE DU GENERAL FOY,48.877886,2.318158,Plein jour,En agglomération,Intersection en T,Pluie forte,Deux véhicules - côté,4,1,1,0,1,1,2,0,1,30,2,2,1,0,0,1,26.0,34.0,utilitaire_camion,deux_roues,1,2,3,3,3
202400009886,2024-11-25 13:00:00,2024,11,25,13,0,75,75108,RUE DU GENERAL FOY,48.877886,2.318158,Plein jour,En agglomération,Intersection en T,Pluie forte,Deux véhicules - côté,4,-1,2,0,1,1,2,0,1,30,2,2,1,0,0,1,26.0,34.0,utilitaire_camion,deux_roues,1,2,3,3,3
202400009887,2024-04-23 21:05:00,2024,4,23,21,5,11,11262,,43.18278,2.97927,Plein jour,En agglomération,Intersection en X,Vent fort / tempête,Deux véhicules - côté,4,1,2,0,1,1,1,0,1,50,2,2,1,0,1,0,27.0,36.0,deux_roues,voiture,1,2,2,6,3
202400009887,2024-04-23 21:05:00,2024,4,23,21,5,11,11262,,43.18278,2.97927,Plein jour,En agglomération,Intersection en X,Vent fort / tempête,Deux véhicules - côté,4,2,2,0,1,1,1,0,1,50,2,2,1,0,1,0,27.0,36.0,deux_roues,voiture,1,2,2,6,3
202400009888,2024-09-13 01:00:00,2024,9,13,1,0,93,93014,FOSSE MAUSSOIN (ALLEE DE LA),48.9066094,2.53207602,Nuit avec éclairage allumé,En agglomération,Autre intersection,Normale,Autre collision,4,1,1,0,1,1,1,9,8,10,1,3,2,0,0,1,20.0,,voiture,,5,2,9,1,6
202400009889,2024-11-25 11:40:00,2024,11,25,11,40,75,75108,RUE DE MONCEAU,48.875038,2.306055,Plein jour,En agglomération,Intersection en Y,Pluie forte,Deux véhicules - côté,4,1, -1,-1,1,1,2,0,1,30,2,2,1,0,1,0,49.0,65.0,deux_roues,voiture,1,2,4,3,3
202400009889,2024-11-25 11:40:00,2024,11,25,11,40,75,75108,RUE DE MONCEAU,48.875038,2.306055,Plein jour,En agglomération,Intersection en Y,Pluie forte,Deux véhicules - côté,4,1,1,1,2,1,2,0,1,30,2,2,1,0,1,0,49.0,65.0,deux_roues,voiture,1,2,4,3,3
202400009890,2024-11-25 07:00:00,2024,11,25,7,0,75,75103,RUE DE TURBIGO,48.86445,2.351657,Nuit avec éclairage allumé,En agglomération,Intersection en X,Pluie légère,Sans collision,4,1,5,1,1,1,2,0,5,30,1,1,0,0,0,1,32.0,,deux_roues,,5,2,2,2,7
202400009890,2024-11-25 07:00:00,2024,11,25,7,0,75,75103,RUE DE TURBIGO,48.86445,2.351657,Nuit avec éclairage allumé,En agglomération,Intersection en X,Pluie légère,Sans collision,4,1,2,0,1,1,2,0,5,30,1,1,0,0,0,1,32.0,,deux_roues,,5,2,2,2,7
202400009891,2024-09-13 15:00:00,2024,9,13,15,0,93,93008,PLACE SAINT JUSTE,48.90566293,2.46954069,Plein jour,Hors agglomération,Hors intersection,Normale,Trois véhicules et plus - collisions multiples,3,3,0,0,2,3,1,1,1,50,3,3,2,0,1,0,65.0,32.0,voiture,deux_roues,1,1,1,1,5
202400009892,2024-04-22 09:40:00,2024,4,22,9,40,11,11069,,43.22056,2.37983,Plein jour,Hors agglomération,Hors intersection,Normale,Trois véhicules et plus - en chaîne,3,2,2,0,1,1,1,0,1,80,3,4,3,0,0,1,30.0,31.0,voiture,voiture,1,1,1,1,4
202400009893,2024-11-25 16:10:00,2024,11,25,16,10,94,94042,Place de Verdun,48.82004,2.47345,Plein jour,En agglomération,Intersection en X,Pluie légère,Deux véhicules - côté,3,1,4,0,1,1,2,0,1,50,2,2,1,0,0,1,20.0,32.0,deux_roues,voiture,1,2,2,2,3
202400009893,2024-11-25 16:10:00,2024,11,25,16,10,94,94042,Place de Verdun,48.82004,2.47345,Plein jour,En agglomération,Intersection en X,Pluie légère,Deux véhicules - côté,3,2,4,3,1,1,2,2,1,50,2,2,1,0,0,1,20.0,32.0,deux_roues,voiture,1,2,2,2,3
202400009894,2024-09-13 04:50:00,2024,9,13,4,50,93,93008,VAILLANT COUTURIER (AVENUE PAUL),48.90845287,2.4514367,Nuit avec éclairage allumé,En agglomération,Passage à niveau,Normale,Deux véhicules - côté,3,1,2,0,1,1,1,4,1,50,2,2,1,0,0,1,55.0,,voiture,utilitaire_camion,5,2,8,1,3
202400009895,2024-11-25 16:10:00,2024,11,25,16,10,94,94034,Avenue de la Rèpublique,48.75576,2.32212,Crépuscule ou aube,En agglomération,Hors intersection,Pluie légère,Autre collision,3,1,1,0,1,3,2,0,1,30,1,2,1,0,0,1,46.0,,voiture,,2,2,1,2,6
202400009896,2024-04-21 19:50:00,2024,4,21,19,50,04,04112,SAINT LAZARE (AV.),43.83333,5.78333,Plein jour,En agglomération,Hors intersection,Normale,Deux véhicules - arrière,4,2,2,0,1,1,1,0,1,30,2,2,1,0,0,1,26.0,62.0,voiture,voiture,1,2,1,1,2
202400009897,2024-09-13 18:00:00,2024,9,13,18,0,93,93005,PIMODAN (RUE DE),48.92588065,2.49079227,Plein jour,En agglomération,Intersection en X,Normale,Deux véhicules - arrière,3,2, -1,-1,1,1,1,0,1,-1,2,2,1,0,0,1,31.0,31.0,utilitaire_camion,deux_roues,1,2,2,1,2
202400009897,2024-09-13 18:00:00,2024,9,13,18,0,93,93005,PIMODAN (RUE DE),48.92588065,2.49079227,Plein jour,En agglomération,Intersection en X,Normale,Deux véhicules - arrière,3,-1,0,0,1,1,1,0,1,30,2,2,1,0,0,1,31.0,31.0,utilitaire_camion,deux_roues,1,2,2,1,2
202400009898,2024-11-25 08:50:00,2024,11,25,8,50,94,94022,Avenue Victor Hugo,48.766868,2.414539,Plein jour,En agglomération,Autre intersection,Pluie légère,Deux véhicules - côté,3,2,1,0,1,1,2,0,1,30,2,2,1,0,0,1,46.0,30.0,deux_roues,voiture,1,2,9,2,3
202400009898,2024-11-25 08:50:00,2024,11,25,8,50,94,94022,Avenue Victor Hugo,48.766868,2.414539,Plein jour,En agglomération,Autre intersection,Pluie légère,Deux véhicules - côté,3,3,2,0,1,1,2,0,1,30,2,2,1,0,0,1,46.0,30.0,deux_roues,voiture,1,2,9,2,3
202400009899,2024-04-24 15:35:00,2024,4,24,15,35,75,75120,RUE BELGRAND,48.864904,2.398858,Plein jour,En agglomération,Place,Normale,Autre collision,4,2, -1,-1,1,1,1,0,1,30,1,2,1,0,0,1,36.0,,deux_roues,,1,2,7,1,6
202400009899,2024-04-24 15:35:00,2024,4,24,15,35,75,75120,RUE BELGRAND,48.864904,2.398858,Plein jour,En agglomération,Place,Normale,Autre collision,4,1,1,0,2,1,1,0,1,30,1,2,1,0,0,1,36.0,,deux_roues,,1,2,7,1,6
202400009900,2024-09-12 21:50:00,2024,9,12,21,50,93,93071,JOHN F. KENNEDY (AVENUE),48.93866365,2.51308863,Nuit avec éclairage allumé,En agglomération,Hors intersection,Normale,Deux véhicules - côté,3,2,2,0,1,1,1,0,1,50,2,2,1,0,0,1,35.0,24.0,voiture,deux_roues,5,2,1,1,3
202400009901,2024-11-24 00:10:00,2024,11,24,0,10,94,94019,Rue du Général de Gaulle,48.79289,2.52935,Nuit avec éclairage allumé,En agglomération,Hors intersection,Normale,Autre collision,4,1,1,0,1,1,1,0,1,50,1,2,1,0,1,0,42.0,,voiture,,5,2,1,1,6
202400009902,2024-04-24 12:48:00,2024,4,24,12,48,75,75119,RUE DE MOUZAIA,48.880051,2.398437,Plein jour,En agglomération,Intersection en T,Normale,Sans collision,4,1, -1,-1,1,1,1,0,1,30,1,1,0,0,0,1,19.0,,deux_roues,,1,2,3,1,7
202400009902,2024-04-24 12:48:00,2024,4,24,12,48,75,75119,RUE DE MOUZAIA,48.880051,2.398437,Plein jour,En agglomération,Intersection en T,Normale,Sans collision,4,2,2,1,2,1,1,8,1,30,1,1,0,0,0,1,19.0,,deux_roues,,1,2,3,1,7
202400009903,2024-09-10 17:30:00,2024,9,10,17,30,92,92073,SELLIER (BOULEVARD HENRI),48.86527224,2.2194303,Plein jour,En agglomération,Hors intersection,Temps couvert,Deux véhicules - arrière,3,3,4,0,2,2,2,0,1,50,2,3,2,0,0,1,61.0,49.0,deux_roues,voiture,1,2,1,8,2
202400009904,2024-11-25 08:35:00,2024,11,25,8,35,93,93078,PEPINIERE (AVENUE DE LA),48.95547,2.53292,Plein jour,En agglomération,Hors intersection,Pluie légère,Autre collision,4,2,2,0,1,1,2,0,1,30,2,3,2,0,0,1,43.0,38.0,voiture,voiture,1,2,1,2,6
202400009905,2024-09-13 10:00:00,2024,9,13,10,0,92,92050,ONZE NOVEMBRE RUE DU,48.90781509,2.21369751,Plein jour,En agglomération,Hors intersection,Normale,Deux véhicules - frontale,4,1,1,0,1,1,1,0,1,50,2,2,1,0,0,1,35.0,29.0,voiture,deux_roues,1,2,1,1,1
202400009906,2024-04-24 14:00:00,2024,4,24,14,0,75,75116,BOULEVARD DE BEAUSEJOUR,48.856589,2.266333,Plein jour,En agglomération,Intersection en T,Normale,Deux véhicules - côté,4,1,1,0,1,1,1,0,1,30,2,2,1,0,0,1,50.0,32.0,deux_roues,voiture,1,2,3,1,3
202400009906,2024-04-24 14:00:00,2024,4,24,14,0,75,75116,BOULEVARD DE BEAUSEJOUR,48.856589,2.266333,Plein jour,En agglomération,Intersection en T,Normale,Deux véhicules - côté,4,1, -1,-1,1,1,1,0,1,30,2,2,1,0,0,1,50.0,32.0,deux_roues,voiture,1,2,3,1,3
202400009907,2024-09-13 07:45:00,2024,9,13,7,45,92,92050,LE CORBUSIER ALLEE,48.89435248,2.223351,Crépuscule ou aube,En agglomération,Autre intersection,Normale,Deux véhicules - côté,4,2,2,0,1,1,1,1,1,30,2,2,1,0,0,1,42.0,12.0,utilitaire_camion,deux_roues,2,2,9,1,3
202400009908,2024-11-25 14:38:00,2024,11,25,14,38,93,93051,ARISTIDE BRIAND (AVENUE),48.84778247,2.55276918,Plein jour,En agglomération,Intersection en X,Pluie légère,Deux véhicules - côté,4,2,2,0,1,1,2,0,1,30,2,2,1,0,0,1,35.0,42.0,utilitaire_camion,voiture,1,2,2,2,3
202400009909,2024-04-24 14:50:00,2024,4,24,14,50,75,75115,RUE DE LA CONVENTION,48.839076,2.292344,Plein jour,En agglomération,Intersection en T,Pluie légère,Autre collision,4,1, -1,-1,1,1,2,0,1,30,1,1,0,0,0,1,29.0,,deux_roues,,1,2,3,2,6
202400009909,2024-04-24 14:50:00,2024,4,24,14,50,75,75115,RUE DE LA CONVENTION,48.839076,2.292344,Plein jour,En agglomération,Intersection en T,Pluie légère,Autre collision,4,2,3,0,1,1,2,0,1,30,1,1,0,0,0,1,29.0,,deux_roues,,1,2,3,2,6
202400009910,2024-11-25 19:30:00,2024,11,25,19,30,93,93074,MEAUX RUE DE,48.93505,2.56965,Nuit avec éclairage allumé,En agglomération,Intersection en T,Normale,Deux véhicules - arrière,3,-1,2,0,1,1,1,0,1,50,2,2,1,0,0,1,23.0,24.0,voiture,voiture,5,2,3,1,2
202400009910,2024-11-25 19:30:00,2024,11,25,19,30,93,93074,MEAUX RUE DE,48.93505,2.56965,Nuit avec éclairage allumé,En agglomération,Intersection en T,Normale,Deux véhicules - arrière,3,-1,2,0,1,1,1,0,1,50,2,2,1,0,0,1,23.0,24.0,voiture,voiture,5,2,3,1,2
202400009911,2024-09-13 01:45:00,2024,9,13,1,45,92,92044,ARISTIDE BRIAND(RUE)51A83  54A96,48.89172,2.28679,Nuit avec éclairage allumé,En agglomération,Intersection en X,Normale,Deux véhicules - côté,4,1,1,0,1,1,1,0,1,50,2,2,1,0,0,1,29.0,19.0,deux_roues,voiture,5,2,2,1,3
202400009911,2024-09-13 01:45:00,2024,9,13,1,45,92,92044,ARISTIDE BRIAND(RUE)51A83  54A96,48.89172,2.28679,Nuit avec éclairage allumé,En agglomération,Intersection en X,Normale,Deux véhicules - côté,4,1,2,1,1,1,1,0,1,50,2,2,1,0,0,1,29.0,19.0,deux_roues,voiture,5,2,2,1,3
202400009912,2024-04-24 18:00:00,2024,4,24,18,0,75,75114,RUE FROIDEVAUX,48.835363,2.329262,Plein jour,En agglomération,Intersection en T,Temps couvert,Deux véhicules - côté,4,1, -1,-1,1,1,1,0,1,30,2,3,2,0,0,1,28.0,41.0,voiture,deux_roues,1,2,3,8,3
202400009912,2024-04-24 18:00:00,2024,4,24,18,0,75,75114,RUE FROIDEVAUX,48.835363,2.329262,Plein jour,En agglomération,Intersection en T,Temps couvert,Deux véhicules - côté,4,2,2,0,1,1,1,0,1,30,2,3,2,0,0,1,28.0,41.0,voiture,deux_roues,1,2,3,8,3
202400009913,2024-11-25 08:20:00,2024,11,25,8,20,93,93057,BARBUSSE ( AL. HENRI),48.89956698,2.49898911,Plein jour,En agglomération,Intersection en Y,Pluie légère,Autre collision,3,-1,2,0,1,1,2,0,1,30,1,2,1,0,0,1,51.0,,voiture,,1,2,4,2,6
202400009913,2024-11-25 08:20:00,2024,11,25,8,20,93,93057,BARBUSSE ( AL. HENRI),48.89956698,2.49898911,Plein jour,En agglomération,Intersection en Y,Pluie légère,Autre collision,3,1,2,0,1,1,2,6,1,30,1,2,1,0,0,1,51.0,,voiture,,1,2,4,2,6
202400009914,2024-09-13 09:30:00,2024,9,13,9,30,92,92026,GAULTIER,48.89787184,2.24041298,Plein jour,En agglomération,Hors intersection,Normale,Autre collision,4,1,2,0,1,1,1,9,8,10,1,3,2,0,0,1,24.0,,deux_roues,,1,2,1,1,6
202400009915,2024-11-18 17:48:00,2024,11,18,17,48,93,93005,GEORGES BRAQUE (BOULEVARD),48.95888667,2.47695006,Nuit avec éclairage allumé,En agglomération,Hors intersection,Pluie légère,Autre collision,3,1,0,0,1,2,2,0,1,30,1,2,1,0,1,0,24.0,,voiture,,5,2,1,2,6
202400009916,2024-09-13 18:05:00,2024,9,13,18,5,92,92023,ANEMOMETRE (CARREFOUR DE L'),48.80030195,2.24897772,Plein jour,En agglomération,Giratoire,Normale,Deux véhicules - frontale,4,1,1,0,1,1,1,5,1,30,2,2,1,0,0,1,37.0,76.0,deux_roues,deux_roues,1,2,6,1,1
202400009916,2024-09-13 18:05:00,2024,9,13,18,5,92,92023,ANEMOMETRE (CARREFOUR DE L'),48.80030195,2.24897772,Plein jour,En agglomération,Giratoire,Normale,Deux véhicules - frontale,4,-1,2,0,1,1,1,0,1,30,2,2,1,0,0,1,37.0,76.0,deux_roues,deux_roues,1,2,6,1,1
202400009917,2024-04-24 08:23:00,2024,4,24,8,23,75,75113,RUE NEUVE TOLBIAC,48.831838,2.379118,Plein jour,En agglomération,Intersection en T,Normale,Deux véhicules - côté,4,1,1,1,1,1,1,0,1,30,2,2,1,0,0,1,33.0,64.0,deux_roues,voiture,1,2,3,1,3
202400009917,2024-04-24 08:23:00,2024,4,24,8,23,75,75113,RUE NEUVE TOLBIAC,48.831838,2.379118,Plein jour,En agglomération,Intersection en T,Normale,Deux véhicules - côté,4,2,3,3,1,1,1,0,1,30,2,2,1,0,0,1,33.0,64.0,deux_roues,voiture,1,2,3,1,3
202400009918,2024-11-18 16:40:00,2024,11,18,16,40,92,92064,BEARN,48.84889077,2.22087823,Crépuscule ou aube,En agglomération,Intersection en T,Pluie légère,Autre collision,4,2, -1,0,2,1,2,0,1,50,1,2,1,0,0,1,52.0,,voiture,,2,2,3,2,6
202400009918,2024-11-18 16:40:00,2024,11,18,16,40,92,92064,BEARN,48.84889077,2.22087823,Crépuscule ou aube,En agglomération,Intersection en T,Pluie légère,Autre collision,4,1,1,0,2,2,2,0,1,50,1,2,1,0,0,1,52.0,,voiture,,2,2,3,2,6
202400009919,2024-09-13 16:55:00,2024,9,13,16,55,92,92012,JEAN JAURES (BOULEVARD) 217/FIN - 210/FI,48.83535,2.24252,Plein jour,En agglomération,Hors intersection,Normale,Deux véhicules - côté,3,2,2,0,1,1,1,0,1,50,2,2,1,0,0,1,31.0,30.0,voiture,deux_roues,1,2,1,1,3
202400009920,2024-04-24 12:55:00,2024,4,24,12,55,75,75111,RUE DE LA ROQUETTE,48.854771,2.372767,Plein jour,En agglomération,Intersection en T,Normale,Deux véhicules - côté,4,1, -1,-1,1,1,1,0,1,30,2,2,1,0,0,1,42.0,33.0,deux_roues,deux_roues,1,2,3,1,3
202400009920,2024-04-24 12:55:00,2024,4,24,12,55,75,75111,RUE DE LA ROQUETTE,48.854771,2.372767,Plein jour,En agglomération,Intersection en T,Normale,Deux véhicules - côté,4,1,1,0,1,1,1,0,1,30,2,2,1,0,0,1,42.0,33.0,deux_roues,deux_roues,1,2,3,1,3
202400009921,2024-11-25 20:13:00,2024,11,25,20,13,92,92051,RICHARD WALLACE (BOULEVARD),48.87589241,2.2478722,Nuit avec éclairage allumé,En agglomération,Intersection en T,Normale,Deux véhicules - côté,4,2,2,0,1,1,2,0,1,50,2,2,1,0,1,0,29.0,24.0,voiture,deux_roues,5,2,3,1,3
202400009921,2024-11-25 20:13:00,2024,11,25,20,13,92,92051,RICHARD WALLACE (BOULEVARD),48.87589241,2.2478722,Nuit avec éclairage allumé,En agglomération,Intersection en T,Normale,Deux véhicules - côté,4,1,4,0,1,1,2,0,1,50,2,2,1,0,1,0,29.0,24.0,voiture,deux_roues,5,2,3,1,3
202400009922,2024-09-13 12:12:00,2024,9,13,12,12,92,92012,JEAN JAURES (BOULEVARD) 2/68 - COTE PAIR,48.83573,2.24232,Plein jour,En agglomération,Hors intersection,Normale,Autre collision,3,2,2,0,1,1,1,0,1,50,1,2,1,0,0,1,50.0,,voiture,,1,2,1,1,6
202400009923,2024-04-17 19:30:00,2024,4,17,19,30,75,75117,BOULEVARD DES BATIGNOLLES,48.882581,2.32206,Crépuscule ou aube,En agglomération,Intersection en T,Normale,Sans collision,4,2, -1,0,1,1,1,0,1,50,1,1,0,0,1,0,31.0,,deux_roues,,2,2,3,1,7
202400009924,2024-11-25 11:29:00,2024,11,25,11,29,92,92020,VANVES BOULEVARD DE N° PAIRS,48.80414,2.28847,Plein jour,En agglomération,Autre intersection,Pluie forte,Autre collision,3,3,4,0,1,1,2,6,1,30,1,2,1,0,0,1,53.0,,utilitaire_camion,,1,2,9,3,6
202400009925,2024-09-13 08:27:00,2024,9,13,8,27,92,92004,ARGENTEUIL AV D',48.91986892,2.27985229,Plein jour,En agglomération,Hors intersection,Normale,Deux véhicules - côté,3,2,2,0,1,1,1,0,1,30,2,2,1,0,0,1,39.0,41.0,deux_roues,utilitaire_camion,1,2,1,1,3
202400009926,2024-11-25 08:55:00,2024,11,25,8,55,92,92040,RODIN (BOULEVARD),48.81887541,2.25817144,Plein jour,En agglomération,Hors intersection,Pluie légère,Autre collision,3,2,2,0,2,1,2,0,1,50,1,2,1,0,0,1,,,utilitaire_camion,,1,2,1,2,6
202400009927,2024-04-24 06:50:00,2024,4,24,6,50,94,94078,Avenue du 8 Mai 1945 / Rue Gervais,48.72560904,2.44472153,Plein jour,En agglomération,Intersection en Y,Normale,Deux véhicules - côté,2,2,4,0,1,1,1,0,1,50,2,2,1,0,0,1,30.0,34.0,utilitaire_camion,deux_roues,1,2,4,1,3
202400009927,2024-04-24 06:50:00,2024,4,24,6,50,94,94078,Avenue du 8 Mai 1945 / Rue Gervais,48.72560904,2.44472153,Plein jour,En agglomération,Intersection en Y,Normale,Deux véhicules - côté,2,1,2,0,1,3,1,0,1,-1,2,2,1,0,0,1,30.0,34.0,utilitaire_camion,deux_roues,1,2,4,1,3
202400009928,2024-09-13 07:55:00,2024,9,13,7,55,92,92009,ADOLPHE GUYOT ( RUE ),48.91974324,2.27538298,Plein jour,En agglomération,Hors intersection,Normale,Deux véhicules - côté,4,1,1,0,1,1,1,0,1,30,2,2,1,0,0,1,46.0,40.0,voiture,deux_roues,1,2,1,1,3
202400009929,2024-11-24 14:00:00,2024,11,24,14,0,92,92025,FRANKENTHAL (RUE DE),48.92471752,2.24010676,Plein jour,En agglomération,Intersection en X,Normale,Autre collision,4,1,1,0,1,1,1,0,1,30,1,2,1,0,0,1,31.0,,voiture,,1,2,2,1,6
202400009929,2024-11-24 14:00:00,2024,11,24,14,0,92,92025,FRANKENTHAL (RUE DE),48.92471752,2.24010676,Plein jour,En agglomération,Intersection en X,Normale,Autre collision,4,2,3,0,1,1,2,0,1,30,1,2,1,0,0,1,31.0,,voiture,,1,2,2,1,6
202400009930,2024-04-29 12:30:00,2024,4,29,12,30,94,94042,Avenue du President Kennedy / Boulevard de l'Europe,48.81491509,2.46328229,Plein jour,En agglomération,Intersection en X,Normale,Deux véhicules - côté,3,2,2,0,1,1,1,5,1,50,2,2,1,0,0,1,28.0,41.0,deux_roues,voiture,1,2,2,1,3
202400009930,2024-04-29 12:30:00,2024,4,29,12,30,94,94042,Avenue du President Kennedy / Boulevard de l'Europe,48.81491509,2.46328229,Plein jour,En agglomération,Intersection en X,Normale,Deux véhicules - côté,3,2,3,0,1,1,1,5,1,50,2,2,1,0,0,1,28.0,41.0,deux_roues,voiture,1,2,2,1,3
202400009931,2024-07-31 17:00:00,2024,7,31,17,0,34,34202,M5,43.585365,3.785563,Plein jour,Hors agglomération,Hors intersection,Normale,Deux véhicules - frontale,7,2,2,1,2,1,1,0,1,70,2,2,1,0,0,1,23.0,45.0,voiture,voiture,1,1,1,1,1
202400009932,2024-11-25 05:50:00,2024,11,25,5,50,92,92023,GENERAL EISENHOWER (AVENUE),48.77702958,2.22972035,Crépuscule ou aube,En agglomération,Autre intersection,Pluie légère,Sans collision,3,-1,0,0,1,1,2,9,4,30,1,1,0,0,0,1,24.0,,deux_roues,,2,2,9,2,7
202400009933,2024-04-03 09:45:00,2024,4,3,9,45,94,94058,Avenue Pierre Brossolette,48.834861,2.504757,Plein jour,En agglomération,Hors intersection,Normale,Autre collision,3,2,2,0,1,1,1,0,1,50,1,2,1,0,0,1,63.0,,voiture,,1,2,1,1,6
202400009934,2024-11-25 12:10:00,2024,11,25,12,10,92,92071,HOUDAN (RUE),48.7789,2.28866,Plein jour,En agglomération,Autre intersection,Pluie légère,Deux véhicules - arrière,3,2,2,0,1,1,2,9,1,30,2,3,1,0,0,2,84.0,34.0,voiture,voiture,1,2,9,2,2
202400009935,2024-09-14 18:55:00,2024,9,14,18,55,01,01089,D5,45.968665,5.318064,Crépuscule ou aube,Hors agglomération,Intersection en Y,Normale,Deux véhicules - frontale,3,2,2,0,1,2,1,0,1,80,2,2,0,0,1,1,22.0,23.0,voiture,voiture,2,1,4,1,1
202400009935,2024-09-14 18:55:00,2024,9,14,18,55,01,01089,D5,45.968665,5.318064,Crépuscule ou aube,Hors agglomération,Intersection en Y,Normale,Deux véhicules - frontale,3,2,2,0,1,1,1,0,1,50,2,2,0,0,1,1,22.0,23.0,voiture,voiture,2,1,4,1,1
202400009936,2024-11-25 07:39:00,2024,11,25,7,39,92,92071,GENERAL DE GAULLE (PLACE),48.77817867,2.29068215,Nuit avec éclairage allumé,En agglomération,Place,Pluie légère,Autre collision,3,2,2,0,1,1,2,6,1,30,1,2,1,0,0,1,66.0,,voiture,,5,2,7,2,6
202400009937,2024-04-24 06:40:00,2024,4,24,6,40,94,94038,Avenue du 8 Mai 1945 / Rue de Bicêtre,48.77118,2.34986,Plein jour,En agglomération,Giratoire,Normale,Deux véhicules - côté,3,2,2,0,1,1,1,0,1,30,2,2,1,0,0,1,54.0,49.0,deux_roues,utilitaire_camion,1,2,6,1,3
202400009937,2024-04-24 06:40:00,2024,4,24,6,40,94,94038,Avenue du 8 Mai 1945 / Rue de Bicêtre,48.77118,2.34986,Plein jour,En agglomération,Giratoire,Normale,Deux véhicules - côté,3,2,2,0,1,1,1,0,1,30,2,2,1,0,0,1,54.0,49.0,deux_roues,utilitaire_camion,1,2,6,1,3
202400009938,2024-09-13 10:36:00,2024,9,13,10,36,40,40304,Boulevard Notre - Dame,43.656707,-1.442031,Plein jour,En agglomération,Hors intersection,Temps éblouissant,Deux véhicules - côté,4,2,2,0,1,1,1,9,1,50,2,4,3,0,1,0,30.0,69.0,deux_roues,voiture,1,2,1,7,3
202400009939,2024-04-24 18:00:00,2024,4,24,18,0,94,94071,Rue Lamartine,48.778836,2.51933,Plein jour,En agglomération,Hors intersection,Normale,Autre collision,4,2,2,0,4,1,1,0,1,30,1,2,1,0,0,1,54.0,,voiture,,1,2,1,1,6
202400009940,2024-11-26 12:49:00,2024,11,26,12,49,02,02017,Autoroute A26,49.703286,3.436111,Plein jour,Hors agglomération,Hors intersection,Normale,Deux véhicules - arrière,1,1,2,0,1,1,1,0,1,130,2,2,1,0,0,1,22.0,59.0,voiture,utilitaire_camion,1,1,1,1,2
202400009941,2024-04-24 16:20:00,2024,4,24,16,20,93,93073,Rue Leon Tolstoi,48.94554087,2.56750301,Plein jour,En agglomération,Hors intersection,Normale,Autre collision,4,3,2,0,1,3,1,0,1,50,1,1,0,0,0,1,70.0,,voiture,,1,2,1,1,6
202400009942,2024-11-24 21:20:00,2024,11,24,21,20,95,95504,DOMAINE DES VANNEAUX,49.1209935,2.26356626,Nuit sans éclairage public,Hors agglomération,Hors intersection,Pluie légère,Autre collision,4,2,2,0,1,1,2,0,3,30,1,1,0,0,1,0,59.0,,voiture,,3,1,1,2,6
202400009943,2024-09-13 19:45:00,2024,9,13,19,45,972,97204,Godinot,14.709109,-61.166589,Nuit avec éclairage allumé,En agglomération,Hors intersection,Pluie légère,Deux véhicules - frontale,3,2,2,0,2,1,2,0,1,50,2,4,1,0,1,2,59.0,34.0,voiture,voiture,5,2,1,2,1
202400009944,2024-11-26 01:50:00,2024,11,26,1,50,81,81096,d999,43.893215,2.423408,Nuit sans éclairage public,Hors agglomération,Hors intersection,Normale,Autre collision,3,2,2,0,2,3,2,0,3,90,1,1,0,1,0,0,19.0,,voiture,,3,1,1,1,6
202400009945,2024-04-24 12:10:00,2024,4,24,12,10,93,93066,Rue Max Jacob,48.943745,2.352868,Plein jour,En agglomération,Hors intersection,Normale,Deux véhicules - côté,4,2,2,0,1,1,1,0,4,50,2,2,1,0,0,1,55.0,67.0,deux_roues,voiture,1,2,1,1,3
202400009946,2024-09-14 04:00:00,2024,9,14,4,0,11,11353,Route départementale 1118,43.252134,2.930598,Nuit sans éclairage public,Hors agglomération,Hors intersection,Normale,Autre collision,3,2,2,0,1,1,1,0,3,80,1,1,0,1,0,0,19.0,,voiture,,3,1,1,1,6
202400009947,2024-10-31 06:00:00,2024,10,31,6,0,974,97405,Rue Maxime Payet,-21.370135,55.580778,Plein jour,Hors agglomération,Intersection en X,Normale,Deux véhicules - côté,2,2,2,0,3,2,1,5,1,80,2,2,1,0,0,1,34.0,24.0,voiture,deux_roues,1,1,2,1,3
202400009947,2024-10-31 06:00:00,2024,10,31,6,0,974,97405,Rue Maxime Payet,-21.370135,55.580778,Plein jour,Hors agglomération,Intersection en X,Normale,Deux véhicules - côté,2,2, -1,-1,1,4,1,0,1,-1,2,2,1,0,0,1,34.0,24.0,voiture,deux_roues,1,1,2,1,3