accident_id,datetime,annee,mois,jour,heure,minute,departement,commune_insee,adresse,latitude,longitude,luminosite,agglomeration,intersection,meteo,collision,catr,circ,nbv,vosp,prof,plan,surf,infra,situ,vma,nb_vehicules,nb_usagers,nb_indemnes,nb_tues,nb_blesses_hosp,nb_blesses_legers,age_cond_1,age_cond_2,veh_type_cond_1,veh_type_cond_2,lum_code,agg_code,int_code,atm_code,col_code
202400009948,2024-04-23 20:10:00,2024,4,23,20,10,93,93033,Boulevard de la Résistance / Rue des Pres de Noisy,48.85816,2.57152,Crépuscule ou aube,En agglomération,Intersection en X,Normale,Deux véhicules - côté,4,2,2,0,1,1,1,0,1,45,2,2,1,0,0,1,47.0,24.0,deux_roues,voiture,2,2,2,1,3
202400009949,2024-11-24 17:35:00,2024,11,24,17,35,83,83004,Avenue de la Gare,43.456174,6.483082,Nuit avec éclairage allumé,En agglomération,Intersection en Y,Normale,Deux véhicules - côté,3,-1, -1,3,1,1,1,0,1,30,2,2,1,0,1,0,65.0,16.0,voiture,deux_roues,5,2,4,1,3
202400009949,2024-11-24 17:35:00,2024,11,24,17,35,83,83004,Avenue de la Gare,43.456174,6.483082,Nuit avec éclairage allumé,En agglomération,Intersection en Y,Normale,Deux véhicules - côté,3,2,2,0,1,1,1,0,1,30,2,2,1,0,1,0,65.0,16.0,voiture,deux_roues,5,2,4,1,3
202400009950,2024-08-16 22:15:00,2024,8,16,22,15,88,88349,Rue de Gérardmer,48.17098,7.013998,Nuit avec éclairage allumé,En agglomération,Intersection en T,Normale,Deux véhicules - côté,3,2,2,0,1,1,1,0,1,50,2,3,1,0,1,1,74.0,34.0,voiture,voiture,5,2,3,1,3
202400009950,2024-08-16 22:15:00,2024,8,16,22,15,88,88349,Rue de Gérardmer,48.17098,7.013998,Nuit avec éclairage allumé,En agglomération,Intersection en T,Normale,Deux véhicules - côté,3,2,2,0,1,1,1,0,1,50,2,3,1,0,1,1,74.0,34.0,voiture,voiture,5,2,3,1,3
202400009951,2024-04-23 23:22:00,2024,4,23,23,22,93,93046,Avenue du Maréchal Leclerc,48.92043,2.53984,Nuit avec éclairage allumé,En agglomération,Hors intersection,Normale,Deux véhicules - arrière,3,3,4,0,1,1,1,0,1,50,2,2,1,0,0,1,52.0,20.0,voiture,voiture,5,2,1,1,2
202400009952,2024-09-14 11:05:00,2024,9,14,11,5,30,30151,Départementale D406,44.150119,4.368696,Plein jour,Hors agglomération,Intersection en T,Vent fort / tempête,Deux véhicules - côté,3,2,2,0,1,1,1,0,1,80,2,4,2,0,1,1,59.0,74.0,deux_roues,voiture,1,1,3,6,3
202400009952,2024-09-14 11:05:00,2024,9,14,11,5,30,30151,Départementale D406,44.150119,4.368696,Plein jour,Hors agglomération,Intersection en T,Vent fort / tempête,Deux véhicules - côté,3,2, -1,-1,1,1,1,0,1,-1,2,4,2,0,1,1,59.0,74.0,deux_roues,voiture,1,1,3,6,3
202400009953,2024-11-24 10:10:00,2024,11,24,10,10,22,22020,Nationale 12 - PR 11+800,48.325384,-2.257776,Plein jour,Hors agglomération,Hors intersection,Normale,Deux véhicules - arrière,2,3,2,0,1,1,2,0,1,110,2,6,5,0,0,1,20.0,66.0,voiture,voiture,1,1,1,1,2
202400009954,2024-04-23 22:05:00,2024,4,23,22,5,92,92064,CALVAIRE,48.84852,2.21845,Nuit avec éclairage allumé,En agglomération,Intersection en T,Normale,Deux véhicules - côté,3,1,1,0,1,1,1,0,1,30,2,3,2,0,1,0,20.0,20.0,voiture,deux_roues,5,2,3,1,3
202400009954,2024-04-23 22:05:00,2024,4,23,22,5,92,92064,CALVAIRE,48.84852,2.21845,Nuit avec éclairage allumé,En agglomération,Intersection en T,Normale,Deux véhicules - côté,3,1,1,0,1,2,1,0,1,30,2,3,2,0,1,0,20.0,20.0,voiture,deux_roues,5,2,3,1,3
202400009955,2024-11-25 12:03:00,2024,11,25,12,3,18,18279,,47.24393,2.062597,Plein jour,Hors agglomération,Hors intersection,Pluie légère,Deux véhicules - arrière,1,3,0,0,1,1,2,9,1,-1,2,3,1,0,0,2,39.0,21.0,voiture,utilitaire_camion,1,1,1,2,2
202400009956,2024-09-14 17:00:00,2024,9,14,17,0,56,56032,La Motte,47.961972,-2.265185,Plein jour,Hors agglomération,Intersection en X,Normale,Sans collision,3,2,2,0,4,1,1,0,1,70,3,3,1,0,1,1,41.0,,deux_roues,voiture,1,1,2,1,7
202400009956,2024-09-14 17:00:00,2024,9,14,17,0,56,56032,La Motte,47.961972,-2.265185,Plein jour,Hors agglomération,Intersection en X,Normale,Sans collision,3,2,2,-1,1,1,1,0,1,-1,3,3,1,0,1,1,41.0,,deux_roues,voiture,1,1,2,1,7
202400009957,2024-04-24 19:45:00,2024,4,24,19,45,92,92040,GALLIENI (BOULEVARD),48.83047983,2.26728127,Crépuscule ou aube,En agglomération,Hors intersection,Normale,Deux véhicules - arrière,3,2,2,0,1,1,1,0,1,30,2,2,1,0,0,1,34.0,31.0,voiture,utilitaire_camion,2,2,1,1,2
202400009958,2024-11-26 12:25:00,2024,11,26,12,25,62,62285,D36E2,50.161843,2.880251,Plein jour,Hors agglomération,Hors intersection,Normale,Deux véhicules - frontale,3,2,2,0,1,1,1,0,1,80,2,2,1,0,1,0,20.0,30.0,voiture,voiture,1,1,1,1,1
202400009959,2024-09-14 09:55:00,2024,9,14,9,55,56,56034,Avenue du Rahic,47.584045,-3.075094,Plein jour,En agglomération,Autre intersection,Normale,Deux véhicules - côté,4,2,2,0,1,2,1,0,1,50,2,2,1,0,0,1,81.0,22.0,voiture,deux_roues,1,2,9,1,3
202400009960,2024-04-23 05:00:00,2024,4,23,5,0,92,92036,GENERAL DE GAULLE (AVENUE) (PAIRS),48.93358799,2.31097471,Nuit avec éclairage allumé,En agglomération,Hors intersection,Normale,Autre collision,3,2,0,0,1,1,1,0,1,50,1,1,0,0,0,1,28.0,,voiture,,5,2,1,1,6
202400009961,2024-11-25 16:50:00,2024,11,25,16,50,51,51492,50 Rue Marx Dormoy,48.547428,3.767227,Nuit avec éclairage allumé,En agglomération,Intersection en X,Pluie légère,Deux véhicules - arrière,3,2,2,0,1,1,2,0,1,50,2,2,0,0,0,2,57.0,32.0,voiture,voiture,5,2,2,2,2
202400009961,2024-11-25 16:50:00,2024,11,25,16,50,51,51492,50 Rue Marx Dormoy,48.547428,3.767227,Nuit avec éclairage allumé,En agglomération,Intersection en X,Pluie légère,Deux véhicules - arrière,3,2,2,0,1,1,2,0,1,50,2,2,0,0,0,2,57.0,32.0,voiture,voiture,5,2,2,2,2
202400009962,2024-09-14 03:50:00,2024,9,14,3,50,56,56067,Moulin de Kerbervet,47.785826,-2.896646,Nuit sans éclairage public,Hors agglomération,Hors intersection,Normale,Autre collision,4,2,2,0,4,3,1,0,3,80,1,3,0,1,0,2,18.0,,utilitaire_camion,,3,1,1,1,6
202400009963,2024-04-23 20:10:00,2024,4,23,20,10,92,92036,LUCIEN LANTERNIER (AVENUE) (1/17),48.93291481,2.29321253,Plein jour,En agglomération,Hors intersection,Normale,Autre collision,3,-1,2,0,1,1,1,0,1,50,1,2,1,0,0,1,57.0,,voiture,,1,2,1,1,6
202400009964,2024-12-26 06:15:00,2024,12,26,6,15,19,19025,D 7,45.410201,1.309948,Nuit sans éclairage public,Hors agglomération,Hors intersection,Pluie légère,Sans collision,3,2,2,0,1,1,2,0,3,70,1,1,0,0,1,0,24.0,,voiture,,3,1,1,2,7
202400009965,2024-04-22 19:20:00,2024,4,22,19,20,92,92025,ILE MARANTE(PARC LAGRAVERE) (PARC),48.92605925,2.23261679,Plein jour,En agglomération,Hors intersection,Normale,Autre collision,4,2,1,3,1,1,1,0,6,20,1,2,1,0,0,1,17.0,,deux_roues,,1,2,1,1,6
202400009966,2024-11-26 08:45:00,2024,11,26,8,45,79,79170,,46.182497,-0.632368,Plein jour,Hors agglomération,Hors intersection,Normale,Sans collision,3,2,2,0,1,2,2,0,3,80,1,1,0,1,0,0,19.0,,voiture,,1,1,1,1,7
202400009967,2024-09-14 17:29:00,2024,9,14,17,29,76,76400,D27,49.830668,0.913923,Plein jour,Hors agglomération,Hors intersection,Normale,Deux véhicules - arrière,3,2,2,0,1,1,1,0,1,30,2,4,2,0,1,1,46.0,44.0,voiture,deux_roues,1,1,1,1,2
202400009968,2024-11-24 02:20:00,2024,11,24,2,20,80,80253,Rue de Routequeue,50.153957,2.348413,Nuit avec éclairage non allumé,En agglomération,Hors intersection,Pluie légère,Autre collision,4,2,2,0,1,1,2,0,3,50,1,1,0,0,1,0,29.0,,deux_roues,,4,2,1,2,6
202400009969,2024-04-23 19:50:00,2024,4,23,19,50,92,92012,PONT DE SEVRES (ROND POINT DU),48.82886912,2.22995692,Plein jour,En agglomération,Hors intersection,Normale,Deux véhicules - arrière,3,1,3,0,1,1,1,0,1,50,2,2,1,0,0,1,53.0,35.0,voiture,voiture,1,2,1,1,2
202400009970,2024-09-13 17:30:00,2024,9,13,17,30,31,31541,Route de Toulouse,43.677432,1.364086,Plein jour,En agglomération,Hors intersection,Normale,Deux véhicules - frontale,7,2,2,0,1,1,1,0,1,50,2,2,1,0,0,1,43.0,33.0,voiture,deux_roues,1,2,1,1,1
202400009971,2024-09-14 01:25:00,2024,9,14,1,25,80,80199,D938,49.948672,2.902708,Nuit sans éclairage public,Hors agglomération,Hors intersection,Normale,Deux véhicules - frontale,3,2,2,0,2,2,1,0,1,80,2,3,2,1,0,0,40.0,25.0,voiture,utilitaire_camion,3,1,1,1,1
202400009972,2024-04-25 12:30:00,2024,4,25,12,30,66,66024,A9 PK 270+500 sens Espagne - France,42.53459411,2.83176899,Plein jour,Hors agglomération,Hors intersection,Normale,Trois véhicules et plus - en chaîne,1,3,6,0,1,1,1,0,1,130,3,4,3,0,0,1,28.0,46.0,utilitaire_camion,voiture,1,1,1,1,4
202400009973,2024-11-25 11:23:00,2024,11,25,11,23,81,81063,D600,43.95736,2.110813,Plein jour,Hors agglomération,Hors intersection,Normale,Sans collision,3,2,2,0,1,1,1,0,3,90,2,3,2,0,1,0,56.0,55.0,voiture,voiture,1,1,1,1,7
202400009974,2024-11-23 09:50:00,2024,11,23,9,50,34,34114,Boulevard Pasteur,43.655034,3.554447,Plein jour,En agglomération,Hors intersection,Normale,Sans collision,3,3,2,0,1,1,1,0,3,30,1,1,0,1,0,0,63.0,,deux_roues,,1,2,1,1,7
202400009975,2024-04-24 19:55:00,2024,4,24,19,55,974,97422,86 Chemin Isautier,-21.264923,55.516839,Nuit avec éclairage allumé,En agglomération,Hors intersection,Normale,Deux véhicules - frontale,4,2,2,0,2,1,1,0,1,50,2,2,0,0,2,0,32.0,17.0,deux_roues,deux_roues,5,2,1,1,1
202400009976,2024-09-14 18:25:00,2024,9,14,18,25,76,76711,RUE LUCIEN LAVACRY,50.057387,1.386369,Plein jour,En agglomération,Intersection en T,Normale,Deux véhicules - côté,4,1,1,0,1,1,1,0,1,50,2,2,1,0,1,0,43.0,51.0,voiture,deux_roues,1,2,3,1,3
202400009976,2024-09-14 18:25:00,2024,9,14,18,25,76,76711,RUE LUCIEN LAVACRY,50.057387,1.386369,Plein jour,En agglomération,Intersection en T,Normale,Deux véhicules - côté,4,2, -1,-1,1,1,1,0,1,-1,2,2,1,0,1,0,43.0,51.0,voiture,deux_roues,1,2,3,1,3
202400009977,2024-11-24 00:01:00,2024,11,24,0,1,34,34021,D612,43.443292,2.916312,Nuit sans éclairage public,Hors agglomération,Hors intersection,Normale,Sans collision,3,2,2,0,2,4,1,0,1,90,1,1,0,0,0,1,26.0,,voiture,,3,1,1,1,7
202400009978,2024-09-13 22:05:00,2024,9,13,22,5,61,61007,RD20,48.816359,-0.537815,Nuit sans éclairage public,Hors agglomération,Hors intersection,Normale,Sans collision,3,2,2,0,2,2,1,0,3,90,1,1,0,0,1,0,25.0,,voiture,,3,1,1,1,7
202400009979,2024-04-24 16:30:00,2024,4,24,16,30,974,97401,Avenue du Général de Gaulle,-21.23836535,55.3318921,Plein jour,En agglomération,Hors intersection,Normale,Deux véhicules - côté,3,2,2,0,2,3,1,0,1,50,2,2,1,0,0,1,30.0,18.0,deux_roues,voiture,1,2,1,1,3
202400009980,2024-09-14 12:30:00,2024,9,14,12,30,55,55200,D115,49.173504,5.305495,Plein jour,Hors agglomération,Hors intersection,Normale,Sans collision,3,2,2,0,1,4,1,0,3,70,1,1,0,1,0,0,20.0,,voiture,,1,1,1,1,7
202400009981,2024-04-20 15:15:00,2024,4,20,15,15,62,62155,D225,50.774868,2.032743,Plein jour,Hors agglomération,Hors intersection,Normale,Sans collision,3,2,2,0,2,2,1,0,3,80,1,1,0,0,1,0,68.0,,deux_roues,,1,1,1,1,7
202400009982,2024-11-26 11:05:00,2024,11,26,11,5,39,39462,,47.134206,5.569048,Plein jour,Hors agglomération,Hors intersection,Normale,Deux véhicules - frontale,3,2,2,0,1,1,1,0,1,90,2,3,1,0,2,0,80.0,47.0,voiture,utilitaire_camion,1,1,1,1,1
202400009983,2024-04-24 19:50:00,2024,4,24,19,50,91,91666,D59,48.6863,2.227605,Plein jour,Hors agglomération,Hors intersection,Normale,Sans collision,3,2,2,0,1,2,1,0,3,90,1,1,0,0,1,0,34.0,,deux_roues,,1,1,1,1,7
202400009984,2024-08-29 16:46:00,2024,8,29,16,46,46,46144,pont de louysse,44.84244,1.54967162,Plein jour,Hors agglomération,Hors intersection,Normale,Sans collision,4,2,2,0,3,3,1,0,1,30,1,4,3,0,1,0,22.0,,voiture,,1,1,1,1,7
202400009985,2024-11-22 10:55:00,2024,11,22,10,55,44,44087,Rue de la vieille cohue,46.991611,-1.819085,Plein jour,En agglomération,Hors intersection,Normale,Deux véhicules - côté,4,2,2,0,1,1,2,0,1,30,2,2,1,0,1,0,85.0,48.0,voiture,deux_roues,1,2,1,1,3
202400009986,2024-09-14 00:17:00,2024,9,14,0,17,34,34313,RD 32,43.563119,3.484769,Nuit sans éclairage public,Hors agglomération,Hors intersection,Normale,Autre collision,3,2,2,0,1,1,1,0,3,90,1,1,0,0,1,0,23.0,,voiture,,3,1,1,1,6
202400009987,2024-04-23 15:34:00,2024,4,23,15,34,971,97109,Avenue du General de Gaulle,15.996944,-61.694273,Plein jour,En agglomération,Hors intersection,Normale,Trois véhicules et plus - collisions multiples,2,2,2,0,2,1,1,0,1,70,3,8,7,0,0,1,34.0,43.0,voiture,voiture,1,2,1,1,5
202400009988,2024-09-13 22:45:00,2024,9,13,22,45,25,25453,8 Rue des Tilleuls,47.216362,6.545528,Nuit avec éclairage allumé,En agglomération,Hors intersection,Normale,Autre collision,4,2,2,0,1,3,1,0,8,50,1,2,1,0,0,1,34.0,,voiture,,5,2,1,1,6
202400009989,2024-11-22 19:20:00,2024,11,22,19,20,35,35010,Lieu Dit la Croix de Launay,48.561862,-1.706357,Nuit sans éclairage public,Hors agglomération,Hors intersection,Temps couvert,Autre collision,3,2,2,0,1,1,1,0,3,80,1,1,0,0,1,0,19.0,,voiture,,3,1,1,8,6
202400009990,2024-09-14 09:40:00,2024,9,14,9,40,06,06062,10 Avenue Theophile Bottone,44.002782,7.55368,Plein jour,En agglomération,Hors intersection,Normale,Autre collision,3,2,2,0,1,1,1,0,1,50,1,2,1,0,0,1,39.0,,utilitaire_camion,,1,2,1,1,6
202400009991,2024-11-24 18:00:00,2024,11,24,18,0,01,01338,route départemental,45.66798,5.609878,Nuit sans éclairage public,Hors agglomération,Intersection en X,Normale,Deux véhicules - côté,3,2,2,0,1,1,1,0,1,50,2,2,0,0,0,2,21.0,23.0,voiture,voiture,3,1,2,1,3
202400009991,2024-11-24 18:00:00,2024,11,24,18,0,01,01338,route départemental,45.66798,5.609878,Nuit sans éclairage public,Hors agglomération,Intersection en X,Normale,Deux véhicules - côté,3,2,2,0,1,1,1,0,1,80,2,2,0,0,0,2,21.0,23.0,voiture,voiture,3,1,2,1,3
202400009992,2024-04-24 17:55:00,2024,4,24,17,55,62,62171,D70,50.46372842,2.31539139,Plein jour,Hors agglomération,Hors intersection,Normale,Deux véhicules - frontale,3,-1,2,0,1,3,1,0,1,80,2,3,2,0,1,0,37.0,47.0,voiture,voiture,1,1,1,1,1
202400009993,2024-09-14 11:00:00,2024,9,14,11,0,14,14570,2282 Route d'Orbec (La Chapelle-Yvon),49.069543,0.330105,Plein jour,Hors agglomération,Intersection en X,Normale,Deux véhicules - côté,3,2,2,0,1,1,1,0,1,80,2,2,1,0,0,1,55.0,62.0,deux_roues,voiture,1,1,2,1,3
202400009993,2024-09-14 11:00:00,2024,9,14,11,0,14,14570,2282 Route d'Orbec (La Chapelle-Yvon),49.069543,0.330105,Plein jour,Hors agglomération,Intersection en X,Normale,Deux véhicules - côté,3,2,2,0,2,1,1,0,1,80,2,2,1,0,0,1,55.0,62.0,deux_roues,voiture,1,1,2,1,3
202400009994,2024-11-21 17:40:00,2024,11,21,17,40,70,70292,D3,47.81252,5.917597,Nuit sans éclairage public,Hors agglomération,Hors intersection,Neige / grêle,Trois véhicules et plus - en chaîne,3,2,2,0,1,1,5,0,1,90,3,3,2,0,1,0,68.0,50.0,voiture,voiture,3,1,1,4,4
202400009995,2024-04-25 16:20:00,2024,4,25,16,20,67,67420,Russ,48.49259,7.248911,Plein jour,Hors agglomération,Hors intersection,Normale,Trois véhicules et plus - collisions multiples,3,2,2,0,1,1,1,0,1,90,3,3,0,1,0,2,74.0,36.0,voiture,voiture,1,1,1,1,5
202400009996,2024-04-25 00:05:00,2024,4,25,0,5,81,81101,N88,43.9917933,2.1744777,Nuit sans éclairage public,Hors agglomération,Hors intersection,Pluie légère,Autre collision,2,1,0,0,1,2,2,0,1,90,1,1,0,0,0,1,24.0,,voiture,,3,1,1,2,6
202400009997,2024-11-18 17:38:00,2024,11,18,17,38,45,45098,597 Route d'Orléans,47.83022,1.768665,Nuit avec éclairage allumé,En agglomération,Intersection en T,Pluie légère,Deux véhicules - côté,3,2,2,0,1,1,2,5,1,50,2,2,1,0,0,1,37.0,23.0,voiture,utilitaire_camion,5,2,3,2,3
202400009997,2024-11-18 17:38:00,2024,11,18,17,38,45,45098,597 Route d'Orléans,47.83022,1.768665,Nuit avec éclairage allumé,En agglomération,Intersection en T,Pluie légère,Deux véhicules - côté,3,2,2,0,1,1,2,0,1,50,2,2,1,0,0,1,37.0,23.0,voiture,utilitaire_camion,5,2,3,2,3
202400009998,2024-04-24 18:40:00,2024,4,24,18,40,89,89013,Route d’Auxerre,47.876289,3.53126,Plein jour,En agglomération,Autre intersection,Normale,Autre collision,3,2,2,0,1,1,1,5,4,50,1,1,0,1,0,0,20.0,,deux_roues,,1,2,9,1,6
202400009999,2024-10-27 09:50:00,2024,10,27,9,50,18,18114,Route du Fond Romain,46.748132,2.262186,Plein jour,Hors agglomération,Hors intersection,Normale,Sans collision,3,2,2,0,1,1,1,0,8,90,1,1,0,0,1,0,88.0,,voiture,,1,1,1,1,7
202400010000,2024-04-24 21:00:00,2024,4,24,21,0,63,63178,Avenue Marie Curie / parking GIFI,45.551173,3.256432,Nuit avec éclairage allumé,En agglomération,Autre intersection,Normale,Deux véhicules - côté,4,2,2,0,1,1,1,0,1,50,2,2,1,0,1,0,60.0,26.0,deux_roues,voiture,5,2,9,1,3
202400010001,2024-09-14 02:25:00,2024,9,14,2,25,43,43190,7 Route des 3 Fontaines,45.035339,3.993954,Nuit sans éclairage public,Hors agglomération,Hors intersection,Pluie légère,Sans collision,4,2,2,0,1,1,2,0,1,50,1,1,0,0,1,0,19.0,,deux_roues,,3,1,1,2,7
202400010002,2024-11-25 09:00:00,2024,11,25,9,0,43,43223,D23,45.2546318,4.34232667,Plein jour,Hors agglomération,Hors intersection,Vent fort / tempête,Autre collision,3,2,2,0,3,1,1,0,3,80,1,1,0,0,1,0,42.0,,utilitaire_camion,,1,1,1,6,6
202400010003,2024-04-25 16:01:00,2024,4,25,16,1,61,61432,D666,48.746791,0.669095,Plein jour,Hors agglomération,Hors intersection,Normale,Autre collision,3,2,2,0,1,1,1,0,3,80,1,1,0,1,0,0,75.0,,voiture,,1,1,1,1,6
202400010004,2024-09-13 22:30:00,2024,9,13,22,30,10,10064,Rue henri barbusse,48.391619,4.529902,Nuit avec éclairage allumé,En agglomération,Hors intersection,Normale,Sans collision,4,2,2,0,1,3,1,0,1,50,1,1,0,0,0,1,36.0,,deux_roues,,5,2,1,1,7
202400010005,2024-04-25 16:20:00,2024,4,25,16,20,55,55106,pk 27 D38,49.21017012,5.2514981,Plein jour,Hors agglomération,Hors intersection,Normale,Deux véhicules - frontale,3,2,2,0,2,3,1,0,1,90,2,2,1,0,0,1,58.0,47.0,utilitaire_camion,deux_roues,1,1,1,1,1
202400010006,2024-11-25 17:55:00,2024,11,25,17,55,21,21037,D973,46.98733,4.736577,Nuit sans éclairage public,Hors agglomération,Intersection en X,Pluie légère,Trois véhicules et plus - collisions multiples,3,2,2,0,1,1,2,5,1,-1,3,3,2,0,1,0,25.0,40.0,voiture,voiture,3,1,2,2,5
202400010006,2024-11-25 17:55:00,2024,11,25,17,55,21,21037,D973,46.98733,4.736577,Nuit sans éclairage public,Hors agglomération,Intersection en X,Pluie légère,Trois véhicules et plus - collisions multiples,3,2, -1,-1,1,1,2,0,1,-1,3,3,2,0,1,0,25.0,40.0,voiture,voiture,3,1,2,2,5
202400010007,2024-09-14 11:45:00,2024,9,14,11,45,10,10034,D671,48.0884,4.3803,Plein jour,Hors agglomération,Intersection en T,Normale,Deux véhicules - côté,3,2,2,0,1,3,1,0,1,80,2,2,1,0,1,0,69.0,77.0,voiture,deux_roues,1,1,3,1,3
202400010007,2024-09-14 11:45:00,2024,9,14,11,45,10,10034,D671,48.0884,4.3803,Plein jour,Hors agglomération,Intersection en T,Normale,Deux véhicules - côté,3,2,2,0,1,1,1,0,1,90,2,2,1,0,1,0,69.0,77.0,voiture,deux_roues,1,1,3,1,3
202400010008,2024-04-24 21:50:00,2024,4,24,21,50,68,68060,RD83,47.744251,7.150737,Nuit sans éclairage public,Hors agglomération,Hors intersection,Normale,Deux véhicules - arrière,3,3,2,0,2,1,1,0,1,110,2,3,2,0,0,1,30.0,35.0,voiture,utilitaire_camion,3,1,1,1,2
202400010009,2024-11-26 12:15:00,2024,11,26,12,15,40,40284,115 Avenue Nationale,43.659633,-1.307834,Plein jour,En agglomération,Hors intersection,Normale,Autre collision,3,2,2,0,1,1,1,0,1,50,1,2,1,1,0,0,56.0,,utilitaire_camion,,1,2,1,1,6
202400010010,2024-09-14 14:30:00,2024,9,14,14,30,40,40217,Chemin Forrestier,44.344952,-1.05031,Plein jour,Hors agglomération,Hors intersection,Normale,Deux véhicules - frontale,9,-1,1,0,1,2,9,9,8,-1,2,2,0,0,2,0,23.0,22.0,deux_roues,deux_roues,1,1,1,1,1
202400010011,2024-11-26 15:38:00,2024,11,26,15,38,17,17340,D 911,46.070112,-0.789406,Plein jour,Hors agglomération,Hors intersection,Normale,Sans collision,3,2,2,0,1,1,1,0,3,80,1,1,0,1,0,0,18.0,,voiture,,1,1,1,1,7
202400010012,2024-09-13 13:18:00,2024,9,13,13,18,85,85050,la briandière,46.516306,-1.329453,Plein jour,Hors agglomération,Hors intersection,Normale,Sans collision,4,2,2,0,2,1,1,0,3,80,1,1,0,0,1,0,53.0,,utilitaire_camion,,1,1,1,1,7
202400010013,2024-04-25 07:12:00,2024,4,25,7,12,39,39470,,46.466847,6.073589,Crépuscule ou aube,Hors agglomération,Intersection en T,Normale,Trois véhicules et plus - en chaîne,3,2,2,0,1,1,7,0,1,80,5,6,5,0,1,0,38.0,39.0,voiture,voiture,2,1,3,1,4
202400010013,2024-04-25 07:12:00,2024,4,25,7,12,39,39470,,46.466847,6.073589,Crépuscule ou aube,Hors agglomération,Intersection en T,Normale,Trois véhicules et plus - en chaîne,3,1,2,-1,1,1,7,0,1,80,5,6,5,0,1,0,38.0,39.0,voiture,voiture,2,1,3,1,4
202400010013,2024-04-25 07:12:00,2024,4,25,7,12,39,39470,,46.466847,6.073589,Crépuscule ou aube,Hors agglomération,Intersection en T,Normale,Trois véhicules et plus - en chaîne,3,2,3,-1,1,1,7,0,1,80,5,6,5,0,1,0,38.0,39.0,voiture,voiture,2,1,3,1,4
202400010014,2024-09-14 11:20:00,2024,9,14,11,20,34,34337,,43.538955,3.877391,Plein jour,Hors agglomération,Autre intersection,Normale,Deux véhicules - côté,7,2,2,0,1,1,1,0,1,90,2,2,1,0,1,0,74.0,42.0,voiture,deux_roues,1,1,9,1,3
202400010015,2024-11-22 16:15:00,2024,11,22,16,15,37,37050,1 Rue Jean Perrin,47.34129689,0.72329718,Plein jour,En agglomération,Hors intersection,Normale,Deux véhicules - frontale,4,2,2,0,1,1,1,0,1,50,2,2,1,0,1,0,51.0,27.0,deux_roues,voiture,1,2,1,1,1
202400010016,2024-04-24 20:45:00,2024,4,24,20,45,44,44085,La Treslais,47.680844,-1.406089,Crépuscule ou aube,Hors agglomération,Hors intersection,Normale,Sans collision,3,2,2,0,1,3,1,0,3,80,1,1,0,1,0,0,21.0,,voiture,,2,1,1,1,7
202400010017,2024-04-24 16:05:00,2024,4,24,16,5,14,14543,Rue de Neuf Mer,49.229229,-0.482637,Plein jour,Hors agglomération,Hors intersection,Normale,Autre collision,3,2,2,0,1,2,1,0,3,70,1,1,0,0,1,0,53.0,,deux_roues,,1,1,1,1,6
202400010018,2024-09-14 12:15:00,2024,9,14,12,15,973,97309,Route de Rémire,4.897206,-52.274054,Plein jour,En agglomération,Hors intersection,Normale,Deux véhicules - côté,3,2,2,0,1,1,1,0,1,50,2,2,1,0,1,0,33.0,28.0,voiture,deux_roues,1,2,1,1,3
202400010019,2024-11-26 19:08:00,2024,11,26,19,8,42,42279,Route de Bonson,45.512121,4.234886,Nuit sans éclairage public,Hors agglomération,Hors intersection,Normale,Autre collision,3,2,2,0,1,1,1,0,1,80,1,2,1,0,0,1,58.0,,voiture,,3,1,1,1,6
202400010020,2024-04-24 19:50:00,2024,4,24,19,50,50,50238,Hameau Carpentier,49.569703,-1.80856,Crépuscule ou aube,Hors agglomération,Autre intersection,Normale,Sans collision,3,2,2,0,1,1,1,0,3,80,1,1,0,0,1,0,50.0,,deux_roues,,2,1,9,1,7
202400010021,2024-09-14 17:10:00,2024,9,14,17,10,30,30060,Aire de repos,43.785433,4.40003,Plein jour,Hors agglomération,Hors intersection,Normale,Sans collision,1,1,1,0,1,1,1,0,1,50,1,2,1,0,0,1,55.0,,voiture,,1,1,1,1,7
202400010022,2024-04-25 08:00:00,2024,4,25,8,0,73,73128,D1201,45.7262839,5.92046589,Plein jour,En agglomération,Giratoire,Normale,Autre collision,3,2,2,0,1,3,1,0,3,50,1,1,0,0,1,0,46.0,,voiture,,1,2,6,1,6
202400010023,2024-11-25 08:00:00,2024,11,25,8,0,17,17308,Avenue de Villeneuve,45.871313,-0.959995,Crépuscule ou aube,En agglomération,Hors intersection,Pluie forte,Autre collision,3,2,2,0,1,1,2,6,1,50,1,2,1,0,0,1,59.0,,transport_commun,,2,2,1,3,6
202400010024,2024-09-13 23:20:00,2024,9,13,23,20,91,91180,D372,48.447963,2.496128,Nuit sans éclairage public,Hors agglomération,Hors intersection,Normale,Sans collision,3,2,2,0,2,1,9,0,1,80,1,1,0,0,1,0,42.0,,voiture,,3,1,1,1,7