accident_id,datetime,annee,mois,jour,heure,minute,departement,commune_insee,adresse,latitude,longitude,luminosite,agglomeration,intersection,meteo,collision,catr,circ,nbv,vosp,prof,plan,surf,infra,situ,vma,nb_vehicules,nb_usagers,nb_indemnes,nb_tues,nb_blesses_hosp,nb_blesses_legers,age_cond_1,age_cond_2,veh_type_cond_1,veh_type_cond_2,lum_code,agg_code,int_code,atm_code,col_code
202400010181,2024-11-24 13:15:00,2024,11,24,13,15,2A,2A004,#Boulevard Louis Campi#,41.94333,8.75362,Plein jour,En agglomération,Hors intersection,Normale,Deux véhicules - arrière,4,3,4,0,1,1,1,0,1,50,2,2,1,0,0,1,31.0,30.0,voiture,voiture,1,2,1,1,2
202400010182,2024-08-02 17:15:00,2024,8,2,17,15,62,62767,Rue des Carmes,50.381789,2.336187,Plein jour,En agglomération,Hors intersection,Normale,Autre collision,4,2,3,0,1,1,1,0,1,50,1,2,1,0,1,0,16.0,,deux_roues,,1,2,1,1,6
202400010183,2024-04-23 12:00:00,2024,4,23,12,0,69,69388,Avenue des Frères Lumière,45.74338,4.87425,Plein jour,En agglomération,Intersection en X,Normale,Deux véhicules - frontale,4,1,1,2,1,1,1,0,1,30,2,2,1,0,0,1,31.0,36.0,voiture,deux_roues,1,2,2,1,1
202400010183,2024-04-23 12:00:00,2024,4,23,12,0,69,69388,Avenue des Frères Lumière,45.74338,4.87425,Plein jour,En agglomération,Intersection en X,Normale,Deux véhicules - frontale,4,1,1,2,1,1,1,0,1,30,2,2,1,0,0,1,31.0,36.0,voiture,deux_roues,1,2,2,1,1
202400010184,2024-11-24 04:46:00,2024,11,24,4,46,95,95268,ANDRE LE NOTRE (RUE),48.97183919,2.39801466,Nuit avec éclairage allumé,En agglomération,Hors intersection,Normale,Sans collision,4,3,2,0,1,1,1,0,1,50,1,5,1,0,0,4,22.0,,voiture,,5,2,1,1,7
202400010185,2024-08-03 21:05:00,2024,8,3,21,5,83,83116,D70,43.477724,5.865058,Crépuscule ou aube,Hors agglomération,Hors intersection,Normale,Sans collision,3,2,2,0,1,1,1,0,3,70,1,4,0,0,1,3,18.0,,voiture,,2,1,1,1,7
202400010186,2024-04-22 16:50:00,2024,4,22,16,50,972,97209,AUTOROUTE (A1),14.61475,-61.04816,Plein jour,En agglomération,Hors intersection,Normale,Deux véhicules - arrière,1,1,3,0,1,1,1,0,6,90,2,2,0,0,0,2,29.0,19.0,voiture,voiture,1,2,1,1,2
202400010187,2024-09-12 22:25:00,2024,9,12,22,25,69,69386,Avenue de Grande-Bretagne,45.77330661,4.84137118,Nuit avec éclairage allumé,En agglomération,Hors intersection,Normale,Deux véhicules - frontale,4,2,3,1,1,1,1,0,5,30,2,2,0,0,0,2,30.0,34.0,deux_roues,deux_roues,5,2,1,1,1
202400010188,2024-06-28 19:30:00,2024,6,28,19,30,56,56017,Kerjulien,47.888266,-2.81561,Plein jour,Hors agglomération,Hors intersection,Normale,Sans collision,3,2,2,0,1,1,1,0,3,80,1,1,0,0,1,0,49.0,,deux_roues,,1,1,1,1,7
202400010189,2024-11-23 18:20:00,2024,11,23,18,20,83,83137,MICHELETC (BD JULES),43.11462878,5.94523197,Nuit avec éclairage allumé,En agglomération,Intersection à plus de 4 branches,Normale,Deux véhicules - côté,4,2,2,0,1,1,1,5,1,50,2,2,1,0,0,1,,51.0,voiture,deux_roues,5,2,5,1,3
202400010189,2024-11-23 18:20:00,2024,11,23,18,20,83,83137,MICHELETC (BD JULES),43.11462878,5.94523197,Nuit avec éclairage allumé,En agglomération,Intersection à plus de 4 branches,Normale,Deux véhicules - côté,4,-1,2,0,1,1,1,5,1,50,2,2,1,0,0,1,,51.0,voiture,deux_roues,5,2,5,1,3
202400010190,2024-04-23 17:45:00,2024,4,23,17,45,69,69389,Rue Pierre Termier,45.80388,4.83873,Plein jour,En agglomération,Intersection en Y,Temps couvert,Deux véhicules - côté,4,2,2,2,1,3,1,0,1,30,2,3,1,0,0,2,84.0,57.0,voiture,voiture,1,2,4,8,3
202400010190,2024-04-23 17:45:00,2024,4,23,17,45,69,69389,Rue Pierre Termier,45.80388,4.83873,Plein jour,En agglomération,Intersection en Y,Temps couvert,Deux véhicules - côté,4,2,3,0,1,1,1,9,1,50,2,3,1,0,0,2,84.0,57.0,voiture,voiture,1,2,4,8,3
202400010191,2024-08-08 15:45:00,2024,8,8,15,45,56,56240,60 Route de Saint Martin,47.541304,-2.783447,Plein jour,Hors agglomération,Hors intersection,Normale,Autre collision,4,2,2,0,1,1,1,0,3,50,1,3,1,0,1,1,76.0,,voiture,,1,1,1,1,6
202400010192,2024-11-22 17:00:00,2024,11,22,17,0,83,83129,DE GAULLE (PROMENADE CHARLES),43.11503,5.80933,Plein jour,En agglomération,Hors intersection,Normale,Deux véhicules - arrière,3,2,2,0,1,1,1,0,1,50,2,2,1,0,0,1,15.0,77.0,voiture,deux_roues,1,2,1,1,2
202400010193,2024-08-06 22:20:00,2024,8,6,22,20,56,56240,Belle-croix,47.541346,-2.69282,Nuit sans éclairage public,Hors agglomération,Hors intersection,Normale,Autre collision,3,2,2,0,1,3,1,0,3,80,1,1,0,0,1,0,23.0,,voiture,,3,1,1,1,6
202400010194,2024-04-22 10:56:00,2024,4,22,10,56,2B,2B033,TOUTES RUES,42.69728,9.45088,Plein jour,En agglomération,Hors intersection,Temps couvert,Autre collision,4,2,2,0,1,1,1,0,4,50,2,4,3,0,0,1,58.0,19.0,voiture,voiture,1,2,1,8,6
202400010195,2024-04-23 06:50:00,2024,4,23,6,50,971,97101,GRAND CAMP(SECTION),16.24911,-61.5347,Plein jour,Hors agglomération,Hors intersection,Normale,Autre collision,4,2,2,0,2,1,1,9,1,50,1,2,1,0,0,1,23.0,,voiture,,1,1,1,1,6
202400010196,2024-11-24 17:57:00,2024,11,24,17,57,78,78423,PAS DU LAC (AVENUE DU),48.78686,2.03937,Nuit avec éclairage allumé,En agglomération,Intersection en X,Temps couvert,Deux véhicules - côté,4,2, -1,-1,1,3,1,0,1,-1,2,2,1,0,1,0,29.0,36.0,deux_roues,voiture,5,2,2,8,3
202400010196,2024-11-24 17:57:00,2024,11,24,17,57,78,78423,PAS DU LAC (AVENUE DU),48.78686,2.03937,Nuit avec éclairage allumé,En agglomération,Intersection en X,Temps couvert,Deux véhicules - côté,4,3,2,0,1,1,1,0,1,50,2,2,1,0,1,0,29.0,36.0,deux_roues,voiture,5,2,2,8,3
202400010197,2024-08-07 18:05:00,2024,8,7,18,5,82,82119,Route de Montpezat,44.218647,1.505299,Plein jour,Hors agglomération,Hors intersection,Normale,Autre collision,3,2,2,0,2,1,1,0,3,80,1,3,1,0,2,0,24.0,,voiture,,1,1,1,1,6
202400010198,2024-09-12 12:14:00,2024,9,12,12,14,972,97213,SCHOELCHER (RUE),14.61477,-61.00216,Plein jour,En agglomération,Hors intersection,Normale,Autre collision,4,1,1,0,1,1,1,0,1,50,1,2,1,0,0,1,42.0,,voiture,,1,2,1,1,6
202400010199,2024-04-23 17:20:00,2024,4,23,17,20,971,97105,GASTON FEUILLARD(AVENUE),16.0018,-61.72565,Plein jour,En agglomération,Hors intersection,Normale,Deux véhicules - arrière,3,2,2,0,1,1,1,0,1,50,2,2,1,0,0,1,28.0,37.0,voiture,voiture,1,2,1,1,2
202400010200,2024-08-07 12:45:00,2024,8,7,12,45,65,65235,N21,43.1985374,0.00659079,Plein jour,Hors agglomération,Hors intersection,Normale,Autre collision,2,3,0,0,1,2,1,0,2,80,1,2,0,0,2,0,23.0,,utilitaire_camion,,1,1,1,1,6
202400010201,2024-04-23 07:40:00,2024,4,23,7,40,971,97105,COURS NOLIVOS ( RUE DU),15.99621,-61.73131,Plein jour,En agglomération,Autre intersection,Normale,Autre collision,4,1,1,0,1,2,1,0,1,50,1,2,1,0,1,0,56.0,,voiture,,1,2,9,1,6
202400010202,2024-08-05 09:50:00,2024,8,5,9,50,81,81084,9 Rue de la Fontaine,43.501457,2.213509,Plein jour,En agglomération,Hors intersection,Normale,Deux véhicules - arrière,3,2,2,0,4,2,1,2,1,50,2,4,0,0,1,3,36.0,64.0,voiture,utilitaire_camion,1,2,1,1,2
202400010203,2024-04-23 17:40:00,2024,4,23,17,40,95,95252,D14,48.98626799,2.22226585,Plein jour,En agglomération,Hors intersection,Normale,Autre collision,3,2,2,0,1,1,1,0,1,50,1,2,1,0,1,0,63.0,,voiture,,1,2,1,1,6
202400010204,2024-11-24 13:00:00,2024,11,24,13,0,77,77373,Rue des Petites Friches,48.774742,2.601351,Plein jour,En agglomération,Hors intersection,Normale,Deux véhicules - frontale,4,2,2,0,1,3,1,0,1,50,2,4,3,1,0,0,20.0,62.0,voiture,deux_roues,1,2,1,1,1
202400010205,2024-08-08 15:00:00,2024,8,8,15,0,71,71469,route de la montagne,46.283659,4.529876,Plein jour,Hors agglomération,Hors intersection,Normale,Deux véhicules - frontale,4,2,2,0,2,3,1,0,1,80,2,3,2,0,1,0,42.0,15.0,voiture,deux_roues,1,1,1,1,1
202400010206,2024-04-23 18:55:00,2024,4,23,18,55,95,95219,D140,48.98218179,2.24602735,Plein jour,En agglomération,Giratoire,Normale,Deux véhicules - côté,3,2,2,0,1,1,1,0,1,50,2,2,1,0,0,1,44.0,28.0,deux_roues,voiture,1,2,6,1,3
202400010206,2024-04-23 18:55:00,2024,4,23,18,55,95,95219,D140,48.98218179,2.24602735,Plein jour,En agglomération,Giratoire,Normale,Deux véhicules - côté,3,3,1,0,1,1,1,0,1,50,2,2,1,0,0,1,44.0,28.0,deux_roues,voiture,1,2,6,1,3
202400010207,2024-11-24 14:10:00,2024,11,24,14,10,76,76216,Route de Dieppe,49.45947,1.0552,Plein jour,En agglomération,Hors intersection,Normale,Deux véhicules - côté,7,2,2,3,1,1,1,0,1,50,2,2,1,0,0,1,61.0,28.0,deux_roues,voiture,1,2,1,1,3
202400010208,2024-09-11 16:15:00,2024,9,11,16,15,972,97209,PROFESSEUR RAYMOND GARCIN (RUE DU),14.62233,-61.07812,Plein jour,En agglomération,Hors intersection,Normale,Deux véhicules - arrière,3,-1,2,0,2,1,1,0,1,50,2,2,1,0,0,1,59.0,27.0,voiture,voiture,1,2,1,1,2
202400010209,2024-08-07 17:15:00,2024,8,7,17,15,63,63236,col de la crois saint robert,45.563767,2.830868,Plein jour,Hors agglomération,Hors intersection,Normale,Sans collision,3,2,2,0,1,1,1,0,1,90,1,2,1,0,0,1,47.0,,deux_roues,,1,1,1,1,7
202400010210,2024-04-23 16:00:00,2024,4,23,16,0,95,95252,ORME SAINT-EDME (RUE DE L'),48.98620496,2.23679265,Plein jour,En agglomération,Intersection en X,Normale,Deux véhicules - côté,3,2,4,0,1,1,1,9,1,50,2,2,0,0,0,2,28.0,26.0,voiture,voiture,1,2,2,1,3
202400010210,2024-04-23 16:00:00,2024,4,23,16,0,95,95252,ORME SAINT-EDME (RUE DE L'),48.98620496,2.23679265,Plein jour,En agglomération,Intersection en X,Normale,Deux véhicules - côté,3,3,4,0,1,1,1,0,1,50,2,2,0,0,0,2,28.0,26.0,voiture,voiture,1,2,2,1,3
202400010211,2024-11-24 16:00:00,2024,11,24,16,0,64,64189,BENOIT PIERRE (BOULEVARD),43.38826068,-1.67316198,Plein jour,En agglomération,Hors intersection,Vent fort / tempête,Deux véhicules - arrière,3,2,2,1,2,2,1,0,1,50,2,2,1,0,0,1,31.0,71.0,deux_roues,voiture,1,2,1,6,2
202400010212,2024-04-23 07:35:00,2024,4,23,7,35,91,91687,GENERAL DE GAULLE (AVENUE DU),48.67573,2.3857,Crépuscule ou aube,En agglomération,Hors intersection,Normale,Deux véhicules - côté,3,1,4,0,1,1,1,0,1,50,2,2,1,0,0,1,47.0,19.0,voiture,deux_roues,2,2,1,1,3
202400010213,2024-11-24 19:20:00,2024,11,24,19,20,64,64445,CARREROT,43.29826,-0.36246,Nuit avec éclairage allumé,En agglomération,Intersection en X,Normale,Autre collision,4,1,1,0,1,1,1,0,5,30,1,2,1,0,0,1,24.0,,deux_roues,,5,2,2,1,6
202400010213,2024-11-24 19:20:00,2024,11,24,19,20,64,64445,CARREROT,43.29826,-0.36246,Nuit avec éclairage allumé,En agglomération,Intersection en X,Normale,Autre collision,4,1,1,1,1,2,1,0,5,30,1,2,1,0,0,1,24.0,,deux_roues,,5,2,2,1,6
202400010214,2024-08-07 17:00:00,2024,8,7,17,0,42,42150,Route de Boën,45.725821,4.041896,Plein jour,Hors agglomération,Hors intersection,Normale,Autre collision,3,2,2,0,1,1,1,0,1,80,1,1,0,0,1,0,35.0,,voiture,,1,1,1,1,6
202400010215,2024-04-23 16:50:00,2024,4,23,16,50,84,84007,REINE JEANNE( Avenue de la ),43.93144,4.81712,Plein jour,En agglomération,Intersection en T,Normale,Autre collision,4,2,2,0,1,1,1,0,1,50,1,2,1,0,0,1,79.0,,voiture,,1,2,3,1,6
202400010215,2024-04-23 16:50:00,2024,4,23,16,50,84,84007,REINE JEANNE( Avenue de la ),43.93144,4.81712,Plein jour,En agglomération,Intersection en T,Normale,Autre collision,4,2,2,0,1,1,1,0,1,50,1,2,1,0,0,1,79.0,,voiture,,1,2,3,1,6
202400010216,2024-11-24 09:45:00,2024,11,24,9,45,64,64373,GENERAL DE GAULLE DU,43.27644,-0.35142,Plein jour,En agglomération,Hors intersection,Normale,Deux véhicules - arrière,4,1,1,0,1,1,1,9,1,30,2,2,1,0,0,1,62.0,74.0,deux_roues,voiture,1,2,1,1,2
202400010217,2024-08-07 17:50:00,2024,8,7,17,50,46,46038,Avenue Charles de Gaulle,44.922595,1.827856,Plein jour,Hors agglomération,Hors intersection,Normale,Deux véhicules - arrière,3,2,2,0,1,1,1,0,1,80,2,2,1,0,0,1,30.0,46.0,voiture,deux_roues,1,1,1,1,2
202400010218,2024-04-22 08:40:00,2024,4,22,8,40,82,82121,avenue chamier,44.01276,1.34599,Plein jour,En agglomération,Intersection en T,Normale,Deux véhicules - arrière,4,4,3,0,1,1,1,0,1,50,2,2,1,1,0,0,43.0,85.0,utilitaire_camion,deux_roues,1,2,3,1,2
202400010218,2024-04-22 08:40:00,2024,4,22,8,40,82,82121,avenue chamier,44.01276,1.34599,Plein jour,En agglomération,Intersection en T,Normale,Deux véhicules - arrière,4,4,3,0,1,1,1,0,1,50,2,2,1,1,0,0,43.0,85.0,utilitaire_camion,deux_roues,1,2,3,1,2
202400010219,2024-11-24 19:00:00,2024,11,24,19,0,62,62570,Rue Camille Desmoulins,50.39794761,2.88216752,Nuit avec éclairage allumé,En agglomération,Hors intersection,Normale,Deux véhicules - frontale,4,2,2,0,1,1,1,0,1,50,2,4,0,0,1,3,78.0,34.0,voiture,voiture,5,2,1,1,1
202400010220,2024-08-03 22:34:00,2024,8,3,22,34,44,44088,le Pâtis,47.112174,-1.403203,Nuit sans éclairage public,Hors agglomération,Hors intersection,Normale,Sans collision,4,2,2,0,1,1,1,0,8,80,1,2,1,0,1,0,19.0,,voiture,,3,1,1,1,7
202400010221,2024-09-12 08:05:00,2024,9,12,8,5,69,69382,42 Quai Docteur Gailleton,45.75036413,4.83175278,Plein jour,En agglomération,Hors intersection,Normale,Deux véhicules - côté,4,2,5,3,1,1,1,0,6,50,2,2,1,0,0,1,41.0,62.0,utilitaire_camion,deux_roues,1,2,1,1,3
202400010222,2024-04-10 17:50:00,2024,4,10,17,50,78,78545,CD 7,48.81476,2.07838,Plein jour,Hors agglomération,Hors intersection,Normale,Autre collision,3,2,2,0,1,1,1,0,4,50,1,2,0,0,1,1,39.0,,voiture,,1,1,1,1,6
202400010223,2024-11-24 11:20:00,2024,11,24,11,20,59,59152,LYS ( BOULEVARD DE LA ),50.766063,3.03018,Plein jour,Hors agglomération,Hors intersection,Vent fort / tempête,Deux véhicules - arrière,4,2,2,1,1,1,1,0,1,80,2,2,1,0,0,1,61.0,23.0,deux_roues,voiture,1,1,1,6,2
202400010224,2024-11-22 14:50:00,2024,11,22,14,50,50,50165,MOULIN (RUE DU),48.84755,-1.57789,Plein jour,En agglomération,Hors intersection,Normale,Deux véhicules - frontale,3,2,2,0,1,1,2,0,1,30,1,2,1,0,1,0,44.0,,voiture,,1,2,1,1,1
202400010225,2024-04-23 14:35:00,2024,4,23,14,35,78,78029,PIERRE LEFAUCHEUX,48.976285,1.851325,Plein jour,En agglomération,Autre intersection,Normale,Deux véhicules - côté,4,2,0,0,1,1,1,0,1,50,2,2,1,0,0,1,,48.0,voiture,deux_roues,1,2,9,1,3
202400010226,2024-09-12 12:40:00,2024,9,12,12,40,2A,2A004,20 Avenue du Docteur Noel Franchini,41.93854,8.75461,Plein jour,En agglomération,Hors intersection,Pluie légère,Autre collision,4,2,2,0,1,1,2,0,1,50,1,2,1,0,0,1,58.0,,utilitaire_camion,,1,2,1,2,6
202400010227,2024-08-08 00:45:00,2024,8,8,0,45,44,44131,42 Rue du Général de Gaulle,47.114167,-2.09443,Nuit sans éclairage public,En agglomération,Hors intersection,Normale,Autre collision,4,2,2,0,2,3,1,0,8,50,1,1,0,0,1,0,24.0,,voiture,,3,2,1,1,6
202400010228,2024-09-11 19:30:00,2024,9,11,19,30,95,95428,D144,48.98106685,2.32042492,Plein jour,En agglomération,Autre intersection,Normale,Autre collision,3,2,2,0,1,1,1,0,1,50,1,2,1,0,0,1,57.0,,deux_roues,,1,2,9,1,6
202400010229,2024-11-24 16:35:00,2024,11,24,16,35,49,49007,BASSE CHAINE PONT,47.471,-0.5648,Plein jour,En agglomération,Hors intersection,Normale,Autre collision,4,3,2,0,1,3,1,0,1,50,1,2,1,0,0,1,84.0,,voiture,,1,2,1,1,6
202400010230,2024-09-11 17:00:00,2024,9,11,17,0,95,95288,ParcREPUBLIQUE (AVENUE DE LA),48.984676,2.358835,Plein jour,Hors agglomération,Hors intersection,Normale,Autre collision,6,-1, -1,0,1,1,1,9,1,20,1,3,1,0,0,2,67.0,,voiture,,1,1,1,1,6
202400010231,2024-11-24 06:35:00,2024,11,24,6,35,49,49007,PASTEUR AVENUE,47.475,-0.5354,Crépuscule ou aube,En agglomération,Hors intersection,Normale,Deux véhicules - frontale,4,2,2,0,1,1,1,0,1,50,2,2,1,0,0,1,26.0,19.0,deux_roues,voiture,2,2,1,1,1
202400010232,2024-08-06 17:55:00,2024,8,6,17,55,38,38479,D518,45.441555,5.203443,Plein jour,Hors agglomération,Hors intersection,Normale,Deux véhicules - arrière,3,2,2,0,1,2,1,0,1,80,2,2,1,0,1,0,26.0,77.0,voiture,voiture,1,1,1,1,2
202400010233,2024-04-23 17:50:00,2024,4,23,17,50,76,76540,Quai Cavelier de la Salle,49.4381,1.08296,Plein jour,En agglomération,Intersection en T,Normale,Deux véhicules - arrière,4,2,4,0,1,1,1,-1,1,50,2,2,1,0,0,1,24.0,42.0,deux_roues,utilitaire_camion,1,2,3,1,2
202400010233,2024-04-23 17:50:00,2024,4,23,17,50,76,76540,Quai Cavelier de la Salle,49.4381,1.08296,Plein jour,En agglomération,Intersection en T,Normale,Deux véhicules - arrière,4,2,2,-1,1,1,1,0,1,50,2,2,1,0,0,1,24.0,42.0,deux_roues,utilitaire_camion,1,2,3,1,2
202400010234,2024-09-12 16:10:00,2024,9,12,16,10,91,91549,BRETIGNY (AVENUE DE),48.63641,2.33234,Plein jour,En agglomération,Hors intersection,Normale,Autre collision,4,2,2,0,1,1,1,0,1,50,1,2,1,0,1,0,33.0,,deux_roues,,1,2,1,1,6
202400010235,2024-08-07 23:45:00,2024,8,7,23,45,70,70111,RD 100,47.643768,6.286143,Nuit sans éclairage public,Hors agglomération,Hors intersection,Normale,Autre collision,3,1,2,0,1,1,1,0,1,80,1,1,0,0,1,0,18.0,,deux_roues,,3,1,1,1,6
202400010236,2024-04-23 16:10:00,2024,4,23,16,10,76,76157,Cote de Canteleu,49.44163,1.03053,Plein jour,Hors agglomération,Hors intersection,Normale,Sans collision,7,2,2,3,2,2,1,0,1,50,1,1,0,0,0,1,43.0,,deux_roues,,1,1,1,1,7
202400010237,2024-09-12 08:25:00,2024,9,12,8,25,91,91339,RTE NATIONALE 20,48.62316,2.26067,Plein jour,Hors agglomération,Hors intersection,Normale,Deux véhicules - arrière,3,2,5,0,3,3,1,3,1,70,2,3,2,0,1,0,27.0,28.0,deux_roues,voiture,1,1,1,1,2
202400010238,2024-11-24 20:40:00,2024,11,24,20,40,34,34172,CROIX CAPITAINE (AVENUE DE LA),43.60284,3.863664,Nuit avec éclairage allumé,En agglomération,Intersection en X,Pluie légère,Deux véhicules - frontale,4,2,3,0,1,1,2,0,1,50,2,2,1,0,0,1,22.0,31.0,voiture,deux_roues,5,2,2,2,1
202400010238,2024-11-24 20:40:00,2024,11,24,20,40,34,34172,CROIX CAPITAINE (AVENUE DE LA),43.60284,3.863664,Nuit avec éclairage allumé,En agglomération,Intersection en X,Pluie légère,Deux véhicules - frontale,4,1,0,0,1,1,2,0,1,50,2,2,1,0,0,1,22.0,31.0,voiture,deux_roues,5,2,2,2,1
202400010239,2024-04-23 09:00:00,2024,4,23,9,0,76,76681,Rue Francisco Ferrer,49.41753,1.09545,Plein jour,En agglomération,Intersection en X,Temps éblouissant,Deux véhicules - côté,4,1,2,0,1,1,1,0,1,30,2,2,1,0,0,1,51.0,29.0,voiture,deux_roues,1,2,2,7,3
202400010239,2024-04-23 09:00:00,2024,4,23,9,0,76,76681,Rue Francisco Ferrer,49.41753,1.09545,Plein jour,En agglomération,Intersection en X,Temps éblouissant,Deux véhicules - côté,4,2,2,0,1,1,1,-1,1,30,2,2,1,0,0,1,51.0,29.0,voiture,deux_roues,1,2,2,7,3
202400010240,2024-09-12 18:10:00,2024,9,12,18,10,91,91477,CROIX MARTRE (RUE DE LA),48.71984,2.25965,Plein jour,En agglomération,Hors intersection,Temps couvert,Autre collision,4,2,2,0,1,1,2,0,1,50,1,2,1,0,0,1,22.0,,voiture,,1,2,1,8,6
202400010241,2024-08-07 17:19:00,2024,8,7,17,19,26,26191,Route de Dieulefit,44.547711,4.821244,Plein jour,Hors agglomération,Intersection en Y,Normale,Deux véhicules - arrière,3,2,1,0,2,1,1,0,1,80,2,4,2,0,1,1,19.0,55.0,deux_roues,voiture,1,1,4,1,2
202400010241,2024-08-07 17:19:00,2024,8,7,17,19,26,26191,Route de Dieulefit,44.547711,4.821244,Plein jour,Hors agglomération,Intersection en Y,Normale,Deux véhicules - arrière,3,2, -1,-1,1,1,1,0,1,-1,2,4,2,0,1,1,19.0,55.0,deux_roues,voiture,1,1,4,1,2
202400010242,2024-04-23 02:00:00,2024,4,23,2,0,76,76351,LAMBLARDIE (QUAI),49.48964489,0.11393234,Nuit avec éclairage allumé,En agglomération,Hors intersection,Pluie légère,Autre collision,4,2,2,0,1,1,2,0,1,50,1,1,0,0,0,1,36.0,,deux_roues,,5,2,1,2,6
202400010243,2024-02-05 06:40:00,2024,2,5,6,40,92,92012,MARCEL SEMBAT (PLACE),48.83374158,2.24331433,Nuit avec éclairage allumé,En agglomération,Hors intersection,Normale,Deux véhicules - frontale,3,2,3,0,1,1,1,0,1,50,2,2,1,0,1,0,60.0,55.0,utilitaire_camion,deux_roues,5,2,1,1,1
202400010244,2024-11-24 21:28:00,2024,11,24,21,28,34,34172,TOULOUSE (AVENUE DE,43.591275,3.857481,Nuit avec éclairage allumé,En agglomération,Hors intersection,Pluie légère,Deux véhicules - arrière,4,2,2,0,3,1,2,0,1,50,2,2,1,0,0,1,,34.0,voiture,deux_roues,5,2,1,2,2
202400010245,2024-09-12 14:46:00,2024,9,12,14,46,91,91377,RUE DU PEROU,48.71946,2.2994,Plein jour,En agglomération,Hors intersection,Normale,Deux véhicules - côté,4,1,0,0,1,1,1,0,1,50,2,2,1,0,0,1,25.0,38.0,voiture,deux_roues,1,2,1,1,3
202400010246,2024-02-04 12:50:00,2024,2,4,12,50,37,37226,Les Roberdieres,47.093559,0.62356,Plein jour,Hors agglomération,Hors intersection,Normale,Sans collision,4,2,2,0,1,1,1,0,1,50,1,1,0,0,1,0,40.0,,deux_roues,,1,1,1,1,7
202400010247,2024-08-08 01:15:00,2024,8,8,1,15,72,72360,intersection D245 - C6,48.029212,0.117052,Nuit sans éclairage public,Hors agglomération,Intersection en Y,Normale,Deux véhicules - frontale,3,2,2,0,1,2,1,0,1,80,2,3,1,0,0,2,30.0,42.0,voiture,voiture,3,1,4,1,1
202400010247,2024-08-08 01:15:00,2024,8,8,1,15,72,72360,intersection D245 - C6,48.029212,0.117052,Nuit sans éclairage public,Hors agglomération,Intersection en Y,Normale,Deux véhicules - frontale,3,-1, -1,-1,1,1,9,0,1,-1,2,3,1,0,0,2,30.0,42.0,voiture,voiture,3,1,4,1,1
202400010248,2024-04-23 13:30:00,2024,4,23,13,30,73,73031,MONTS DESSUS (CHEMIN DES),45.57672104,5.93208209,Plein jour,En agglomération,Intersection en Y,Normale,Deux véhicules - côté,4,2,2,0,2,2,1,0,1,50,2,2,1,0,0,1,18.0,30.0,voiture,voiture,1,2,4,1,3
202400010248,2024-04-23 13:30:00,2024,4,23,13,30,73,73031,MONTS DESSUS (CHEMIN DES),45.57672104,5.93208209,Plein jour,En agglomération,Intersection en Y,Normale,Deux véhicules - côté,4,2,2,0,2,1,1,0,1,50,2,2,1,0,0,1,18.0,30.0,voiture,voiture,1,2,4,1,3
202400010249,2024-09-12 08:05:00,2024,9,12,8,5,91,91174,RUE DE LA PECHERIE,48.61369,2.48551,Plein jour,En agglomération,Hors intersection,Normale,Deux véhicules - côté,4,2,2,0,2,1,1,0,1,30,2,2,1,0,0,1,30.0,49.0,deux_roues,voiture,1,2,1,1,3
202400010250,2024-02-05 16:40:00,2024,2,5,16,40,37,37077,50 Chemin de Racault,47.3552,0.451265,Plein jour,En agglomération,Hors intersection,Normale,Autre collision,4,2,2,0,1,1,1,0,1,50,1,2,1,0,1,0,37.0,,voiture,,1,2,1,1,6
202400010251,2024-11-24 01:20:00,2024,11,24,1,20,34,34198,D62  VOIE RAPIDE,43.55184,3.97014,Nuit sans éclairage public,Hors agglomération,Hors intersection,Pluie légère,Autre collision,7,1,2,0,1,2,2,0,1,90,2,2,1,0,0,1,57.0,50.0,voiture,voiture,3,1,1,2,6
202400010252,2024-08-07 18:36:00,2024,8,7,18,36,64,64427,Route d?Orthez,43.41426,-0.852138,Plein jour,En agglomération,Intersection en Y,Normale,Deux véhicules - côté,3,2,2,0,4,3,1,0,1,50,2,2,1,0,1,0,17.0,58.0,deux_roues,voiture,1,2,4,1,3
202400010252,2024-08-07 18:36:00,2024,8,7,18,36,64,64427,Route d?Orthez,43.41426,-0.852138,Plein jour,En agglomération,Intersection en Y,Normale,Deux véhicules - côté,3,2, -1,-1,1,1,1,0,1,-1,2,2,1,0,1,0,17.0,58.0,deux_roues,voiture,1,2,4,1,3
202400010253,2024-02-05 19:30:00,2024,2,5,19,30,49,49092,Rue Nationale (Chemillé),47.225477,-0.72469,Nuit avec éclairage non allumé,En agglomération,Hors intersection,Normale,Autre collision,3,2,2,2,2,1,1,0,1,50,1,2,1,1,0,0,24.0,,voiture,,4,2,1,1,6
202400010254,2024-04-22 07:50:00,2024,4,22,7,50,70,70550,Rue André Maginot,47.6194,6.14806,Plein jour,En agglomération,Intersection en T,Temps couvert,Deux véhicules - côté,3,2,2,0,1,1,1,0,1,50,2,2,1,0,1,0,28.0,21.0,voiture,deux_roues,1,2,3,8,3
202400010254,2024-04-22 07:50:00,2024,4,22,7,50,70,70550,Rue André Maginot,47.6194,6.14806,Plein jour,En agglomération,Intersection en T,Temps couvert,Deux véhicules - côté,3,2, -1,-1,1,1,1,0,1,-1,2,2,1,0,1,0,28.0,21.0,voiture,deux_roues,1,2,3,8,3