accident_id,datetime,annee,mois,jour,heure,minute,departement,commune_insee,adresse,latitude,longitude,luminosite,agglomeration,intersection,meteo,collision,catr,circ,nbv,vosp,prof,plan,surf,infra,situ,vma,nb_vehicules,nb_usagers,nb_indemnes,nb_tues,nb_blesses_hosp,nb_blesses_legers,age_cond_1,age_cond_2,veh_type_cond_1,veh_type_cond_2,lum_code,agg_code,int_code,atm_code,col_code
202400010332,2024-02-05 07:50:00,2024,2,5,7,50,34,34183,d162,43.297269,3.131211,Plein jour,Hors agglomération,Hors intersection,Normale,Deux véhicules - frontale,3,2,2,0,1,4,1,0,1,80,2,2,0,0,0,2,38.0,51.0,voiture,voiture,1,1,1,1,1
202400010333,2024-09-12 14:44:00,2024,9,12,14,44,56,56260,Boulevard de la Paix,47.66129,-2.75529,Plein jour,En agglomération,Intersection en X,Normale,Deux véhicules - côté,4,1,1,3,1,3,1,0,1,50,2,2,1,0,0,1,50.0,33.0,deux_roues,utilitaire_camion,1,2,2,1,3
202400010333,2024-09-12 14:44:00,2024,9,12,14,44,56,56260,Boulevard de la Paix,47.66129,-2.75529,Plein jour,En agglomération,Intersection en X,Normale,Deux véhicules - côté,4,2,3,1,1,3,1,-1,1,50,2,2,1,0,0,1,50.0,33.0,deux_roues,utilitaire_camion,1,2,2,1,3
202400010334,2024-08-07 15:00:00,2024,8,7,15,0,971,97129,Route de Belle Riviere,16.27464065,-61.67202115,Plein jour,En agglomération,Hors intersection,Pluie légère,Autre collision,3,2,1,0,1,2,2,0,1,50,1,2,1,0,1,0,24.0,,voiture,,1,2,1,2,6
202400010335,2024-04-23 09:30:00,2024,4,23,9,30,27,27562,PRES (RUE DES),49.10513,1.45648,Plein jour,En agglomération,Hors intersection,Normale,Autre collision,4,2,2,0,1,1,1,0,1,30,1,3,1,0,0,2,64.0,,voiture,,1,2,1,1,6
202400010336,2024-09-11 14:20:00,2024,9,11,14,20,56,56121,Boulevard Léon Blum,47.74516,-3.38122,Plein jour,En agglomération,Autre intersection,Normale,Deux véhicules - côté,4,2,2,2,1,2,1,0,5,30,2,2,1,0,0,1,27.0,20.0,voiture,deux_roues,1,2,9,1,3
202400010337,2024-04-23 17:49:00,2024,4,23,17,49,27,27229,BRIAND (AVENUE ARISTIDE),49.018559,1.126614,Plein jour,En agglomération,Hors intersection,Normale,Sans collision,4,-1,2,0,1,1,1,0,1,50,1,1,0,0,0,1,63.0,,deux_roues,,1,2,1,1,7
202400010338,2024-02-05 15:50:00,2024,2,5,15,50,34,34344,Avenue de Melgueil,43.563535,4.085911,Plein jour,En agglomération,Intersection en X,Normale,Trois véhicules et plus - en chaîne,3,1,2,0,1,1,1,5,1,-1,3,4,2,0,0,2,24.0,41.0,voiture,voiture,1,2,2,1,4
202400010338,2024-02-05 15:50:00,2024,2,5,15,50,34,34344,Avenue de Melgueil,43.563535,4.085911,Plein jour,En agglomération,Intersection en X,Normale,Trois véhicules et plus - en chaîne,3,2, -1,-1,1,1,1,0,1,-1,3,4,2,0,0,2,24.0,41.0,voiture,voiture,1,2,2,1,4
202400010339,2024-04-26 14:45:00,2024,4,26,14,45,78,78389,Avenue de l?Arbre a la Quenee,48.801539,1.819526,Plein jour,En agglomération,Hors intersection,Normale,Deux véhicules - côté,3,4,2,1,1,1,1,9,1,50,2,2,1,0,0,1,41.0,,deux_roues,voiture,1,2,1,1,3
202400010340,2024-02-06 12:20:00,2024,2,6,12,20,83,83127,"PK 0007.250, chemin départemental 2",43.285484,5.892666,Plein jour,Hors agglomération,Hors intersection,Normale,Deux véhicules - frontale,3,2,2,0,1,2,1,0,1,90,2,2,1,0,1,0,42.0,68.0,voiture,deux_roues,1,1,1,1,1
202400010341,2024-08-07 21:00:00,2024,8,7,21,0,84,84063,N86,44.263058,4.669919,Crépuscule ou aube,Hors agglomération,Hors intersection,Normale,Autre collision,2,-1,2,0,1,1,1,0,1,70,1,1,0,0,1,0,19.0,,voiture,,2,1,1,1,6
202400010342,2024-09-12 20:30:00,2024,9,12,20,30,51,51454,JEANNE D'ARC (RUE'),49.255423,4.024596,Nuit avec éclairage non allumé,En agglomération,Intersection en T,Normale,Deux véhicules - côté,4,2,0,0,1,1,1,0,1,20,2,2,1,0,0,1,36.0,26.0,voiture,deux_roues,4,2,3,1,3
202400010342,2024-09-12 20:30:00,2024,9,12,20,30,51,51454,JEANNE D'ARC (RUE'),49.255423,4.024596,Nuit avec éclairage non allumé,En agglomération,Intersection en T,Normale,Deux véhicules - côté,4,1,0,0,1,1,1,0,1,30,2,2,1,0,0,1,36.0,26.0,voiture,deux_roues,4,2,3,1,3
202400010343,2024-04-23 15:15:00,2024,4,23,15,15,27,27229,VERNON (RUE DE),49.03075,1.16051,Plein jour,En agglomération,Intersection en T,Normale,Deux véhicules - côté,4,2,2,0,1,1,1,0,1,50,2,2,1,0,0,1,83.0,27.0,voiture,deux_roues,1,2,3,1,3
202400010343,2024-04-23 15:15:00,2024,4,23,15,15,27,27229,VERNON (RUE DE),49.03075,1.16051,Plein jour,En agglomération,Intersection en T,Normale,Deux véhicules - côté,4,2,2,0,2,1,1,0,1,50,2,2,1,0,0,1,83.0,27.0,voiture,deux_roues,1,2,3,1,3
202400010344,2024-02-06 09:52:00,2024,2,6,9,52,88,88418,D48,48.272318,6.665311,Plein jour,Hors agglomération,Hors intersection,Temps couvert,Deux véhicules - côté,3,2,2,0,1,2,1,0,8,80,1,1,0,0,0,1,35.0,,utilitaire_camion,,1,1,1,8,3
202400010345,2024-08-04 11:50:00,2024,8,4,11,50,83,83094,Route du Plan,43.333786,6.564996,Plein jour,Hors agglomération,Hors intersection,Normale,Autre collision,3,2,2,0,1,1,1,0,3,70,1,1,0,0,1,0,78.0,,voiture,,1,1,1,1,6
202400010346,2024-09-10 17:50:00,2024,9,10,17,50,51,51055,NEUFCHATEL (RUE DE) DU N°40 A FIN (PAIR),49.2849,4.02766,Plein jour,En agglomération,Hors intersection,Normale,Deux véhicules - arrière,4,2,4,3,4,1,1,9,1,50,2,2,1,0,0,1,,33.0,voiture,deux_roues,1,2,1,1,2
202400010347,2024-08-07 12:20:00,2024,8,7,12,20,69,69241,Route du Batard,45.636202,4.727157,Plein jour,En agglomération,Hors intersection,Normale,Sans collision,3,2,2,0,1,1,1,0,1,50,1,1,0,0,1,0,80.0,,deux_roues,,1,2,1,1,7
202400010348,2024-04-23 23:15:00,2024,4,23,23,15,25,25056,BELFORT RUE DE (inf144),47.2542,6.03875,Nuit avec éclairage allumé,En agglomération,Intersection en T,Normale,Deux véhicules - côté,3,2,2,0,2,1,1,0,1,50,2,2,1,0,0,1,22.0,23.0,voiture,voiture,5,2,3,1,3
202400010348,2024-04-23 23:15:00,2024,4,23,23,15,25,25056,BELFORT RUE DE (inf144),47.2542,6.03875,Nuit avec éclairage allumé,En agglomération,Intersection en T,Normale,Deux véhicules - côté,3,2,2,-1,4,1,1,0,1,-1,2,2,1,0,0,1,22.0,23.0,voiture,voiture,5,2,3,1,3
202400010349,2024-02-04 15:15:00,2024,2,4,15,15,73,73232,D902,45.55819796,6.89756528,Plein jour,Hors agglomération,Hors intersection,Normale,Deux véhicules - frontale,3,2,2,0,2,4,1,0,1,80,2,3,2,0,1,0,63.0,54.0,voiture,transport_commun,1,1,1,1,1
202400010350,2024-02-03 00:30:00,2024,2,3,0,30,26,26179,Route du Dauphiné,45.04926496,4.86635864,Nuit sans éclairage public,Hors agglomération,Giratoire,Normale,Autre collision,2,2,2,0,1,1,1,5,8,80,1,1,0,0,1,0,44.0,,voiture,,3,1,6,1,6
202400010351,2024-09-08 18:40:00,2024,9,8,18,40,49,49378,FAUTRAGES (CHEMIN DES),47.3057,-0.0678,Plein jour,Hors agglomération,Hors intersection,Normale,Deux véhicules - côté,4,2,1,0,1,1,9,0,1,30,2,2,0,0,1,1,15.0,19.0,deux_roues,deux_roues,1,1,1,1,3
202400010352,2024-08-08 07:35:00,2024,8,8,7,35,46,46055,le port - D840,44.57564425,2.07029608,Plein jour,En agglomération,Hors intersection,Normale,Deux véhicules - frontale,3,2,2,0,2,1,1,0,1,50,2,4,3,0,0,1,36.0,42.0,voiture,voiture,1,2,1,1,1
202400010353,2024-02-04 02:20:00,2024,2,4,2,20,09,09157,Quatre Chemins,42.9712,1.866662,Nuit sans éclairage public,En agglomération,Intersection en X,Normale,Deux véhicules - côté,3,2,2,0,1,1,1,0,1,50,2,2,1,0,0,1,19.0,30.0,voiture,voiture,3,2,2,1,3
202400010353,2024-02-04 02:20:00,2024,2,4,2,20,09,09157,Quatre Chemins,42.9712,1.866662,Nuit sans éclairage public,En agglomération,Intersection en X,Normale,Deux véhicules - côté,3,2,2,0,1,1,1,5,1,50,2,2,1,0,0,1,19.0,30.0,voiture,voiture,3,2,2,1,3
202400010354,2024-09-11 16:23:00,2024,9,11,16,23,49,49246,CHAUVIN AVENUE,47.433209,-0.530775,Plein jour,En agglomération,Hors intersection,Normale,Deux véhicules - frontale,3,2,3,0,1,1,1,0,1,50,2,2,1,0,0,1,12.0,54.0,deux_roues,voiture,1,2,1,1,1
202400010355,2024-08-07 18:30:00,2024,8,7,18,30,33,33256,,44.967656,-0.612783,Plein jour,En agglomération,Intersection en T,Normale,Deux véhicules - côté,3,2,2,0,1,1,1,0,1,30,2,2,1,0,1,0,15.0,50.0,deux_roues,voiture,1,2,3,1,3
202400010355,2024-08-07 18:30:00,2024,8,7,18,30,33,33256,,44.967656,-0.612783,Plein jour,En agglomération,Intersection en T,Normale,Deux véhicules - côté,3,2,2,0,1,1,1,4,1,-1,2,2,1,0,1,0,15.0,50.0,deux_roues,voiture,1,2,3,1,3
202400010356,2024-09-10 22:46:00,2024,9,10,22,46,49,49007,RAMON BOULEVARD,47.4884,-0.54471,Nuit avec éclairage allumé,En agglomération,Hors intersection,Normale,Sans collision,4,1,1,0,1,3,1,0,1,50,1,1,0,0,1,0,28.0,,deux_roues,,5,2,1,1,7
202400010357,2024-02-06 12:50:00,2024,2,6,12,50,40,40125,Route de Dax,43.650223,-1.098027,Plein jour,Hors agglomération,Intersection en X,Normale,Deux véhicules - côté,3,2,2,0,2,1,1,0,1,70,2,2,1,0,1,0,71.0,48.0,deux_roues,voiture,1,1,2,1,3
202400010357,2024-02-06 12:50:00,2024,2,6,12,50,40,40125,Route de Dax,43.650223,-1.098027,Plein jour,Hors agglomération,Intersection en X,Normale,Deux véhicules - côté,3,2, -1,-1,2,1,1,0,1,70,2,2,1,0,1,0,71.0,48.0,deux_roues,voiture,1,1,2,1,3
202400010358,2024-08-07 16:35:00,2024,8,7,16,35,22,22186,Rue du Pont Neuf,48.578066,-2.563462,Plein jour,En agglomération,Hors intersection,Normale,Autre collision,3,2,2,1,1,1,1,0,1,-1,1,2,1,0,1,0,55.0,,voiture,,1,2,1,1,6
202400010359,2024-09-12 15:00:00,2024,9,12,15,0,47,47001,DE GAULLE (AV. DU GENERAL),44.20903,0.61147,Plein jour,En agglomération,Intersection en T,Normale,Deux véhicules - côté,3,2,2,0,2,1,1,0,1,30,2,2,1,0,0,1,61.0,73.0,deux_roues,voiture,1,2,3,1,3
202400010359,2024-09-12 15:00:00,2024,9,12,15,0,47,47001,DE GAULLE (AV. DU GENERAL),44.20903,0.61147,Plein jour,En agglomération,Intersection en T,Normale,Deux véhicules - côté,3,2,3,0,2,1,1,0,1,30,2,2,1,0,0,1,61.0,73.0,deux_roues,voiture,1,2,3,1,3
202400010360,2024-08-07 17:10:00,2024,8,7,17,10,60,60559,D9,49.42550908,2.30158854,Plein jour,Hors agglomération,Hors intersection,Normale,Autre collision,3,-1,2,0,1,1,1,0,1,80,2,2,0,0,0,2,16.0,16.0,deux_roues,deux_roues,1,1,1,1,6
202400010361,2024-02-03 18:25:00,2024,2,3,18,25,33,33227,,44.538748,-0.247211,Crépuscule ou aube,En agglomération,Hors intersection,Normale,Deux véhicules - frontale,3,3,0,1,2,1,1,0,1,70,2,7,1,0,2,4,29.0,33.0,voiture,voiture,2,2,1,1,1
202400010362,2024-02-06 17:55:00,2024,2,6,17,55,85,85054,RD 42,46.682611,-1.70397,Plein jour,Hors agglomération,Hors intersection,Normale,Autre collision,3,2,2,0,1,1,1,0,8,80,1,1,0,0,1,0,31.0,,voiture,,1,1,1,1,6
202400010363,2024-08-07 15:05:00,2024,8,7,15,5,80,80039,Route Departementale 940,50.084105,1.445861,Plein jour,Hors agglomération,Hors intersection,Normale,Trois véhicules et plus - en chaîne,3,2,2,0,1,1,1,0,1,80,3,3,1,0,0,2,23.0,47.0,voiture,utilitaire_camion,1,1,1,1,4
202400010364,2024-09-11 12:55:00,2024,9,11,12,55,47,47201,PYRENEES (AVENUE DES),44.16974,0.60922,Plein jour,En agglomération,Giratoire,Normale,Trois véhicules et plus - en chaîne,2,2,4,0,1,3,8,5,1,30,3,3,2,0,0,1,57.0,41.0,voiture,voiture,1,2,6,1,4
202400010364,2024-09-11 12:55:00,2024,9,11,12,55,47,47201,PYRENEES (AVENUE DES),44.16974,0.60922,Plein jour,En agglomération,Giratoire,Normale,Trois véhicules et plus - en chaîne,2,2,2,0,1,2,1,0,1,50,3,3,2,0,0,1,57.0,41.0,voiture,voiture,1,2,6,1,4
202400010365,2024-06-14 18:55:00,2024,6,14,18,55,13,13215,A7-Sens Marseille vers Lyon,43.369,5.361,Plein jour,Hors agglomération,Hors intersection,Normale,Deux véhicules - côté,1,-1,3,0,2,1,1,0,1,90,2,2,1,0,1,0,35.0,37.0,deux_roues,voiture,1,1,1,1,3
202400010366,2024-02-06 08:15:00,2024,2,6,8,15,44,44198,13 Avenue du Sud,47.135764,-1.520678,Nuit avec éclairage allumé,En agglomération,Hors intersection,Normale,Deux véhicules - côté,4,2,2,0,1,1,1,0,1,50,2,2,1,0,1,0,18.0,61.0,deux_roues,voiture,5,2,1,1,3
202400010367,2024-08-05 12:33:00,2024,8,5,12,33,59,59569,AUTOROUTE A21,50.381045,3.139265,Plein jour,Hors agglomération,Hors intersection,Normale,Sans collision,1,-1,1,0,1,3,1,0,1,70,1,1,0,0,0,1,40.0,,voiture,,1,1,1,1,7
202400010368,2024-09-11 16:30:00,2024,9,11,16,30,45,45234,MORIN (RUE JEAN BAPTISTE),47.91229,1.90895,Plein jour,En agglomération,Intersection en T,Normale,Deux véhicules - côté,4,2,1,0,1,1,1,9,6,25,2,2,1,0,1,0,25.0,19.0,voiture,deux_roues,1,2,3,1,3
202400010368,2024-09-11 16:30:00,2024,9,11,16,30,45,45234,MORIN (RUE JEAN BAPTISTE),47.91229,1.90895,Plein jour,En agglomération,Intersection en T,Normale,Deux véhicules - côté,4,2,2,2,1,1,1,0,1,50,2,2,1,0,1,0,25.0,19.0,voiture,deux_roues,1,2,3,1,3
202400010369,2024-02-06 10:10:00,2024,2,6,10,10,02,02720,5 Rue du Mal de Lattre de Tassigny,49.572819,3.891378,Plein jour,En agglomération,Hors intersection,Normale,Deux véhicules - côté,3,2,2,0,1,1,1,0,1,50,2,2,1,0,1,0,22.0,82.0,utilitaire_camion,deux_roues,1,2,1,1,3
202400010370,2024-01-30 13:50:00,2024,1,30,13,50,80,80799,D23,49.856634,2.523894,Plein jour,Hors agglomération,Giratoire,Normale,Sans collision,3,2,1,0,1,2,1,0,1,80,1,1,0,0,0,1,82.0,,voiture,,1,1,6,1,7
202400010371,2024-09-13 02:00:00,2024,9,13,2,0,44,44009,Boulevard Charles de Gaulle,47.21481,-1.480197,Nuit avec éclairage non allumé,Hors agglomération,Hors intersection,Pluie légère,Deux véhicules - arrière,2,3,4,0,1,1,2,0,1,90,2,2,1,0,0,1,30.0,34.0,voiture,voiture,4,1,1,2,2
202400010372,2024-07-19 04:50:00,2024,7,19,4,50,59,59378,AUTOROUTE A22,50.68703708,3.11105475,Nuit avec éclairage allumé,Hors agglomération,Hors intersection,Normale,Trois véhicules et plus - en chaîne,1,3,4,0,1,3,1,0,1,90,3,3,2,0,0,1,24.0,56.0,utilitaire_camion,voiture,5,1,1,1,4
202400010373,2024-02-05 01:20:00,2024,2,5,1,20,13,13210,S10CD-Sens Aubagne vers Marseille,43.28344682,5.40009299,Nuit avec éclairage allumé,En agglomération,Hors intersection,Normale,Autre collision,1,1,2,0,2,2,1,3,1,60,1,1,0,0,1,0,23.0,,voiture,,5,2,1,1,6
202400010374,2024-09-12 19:00:00,2024,9,12,19,0,44,44190,9 Rue Marie Curie,47.18828,-1.48361,Plein jour,En agglomération,Hors intersection,Pluie légère,Deux véhicules - côté,4,2,2,0,1,1,2,0,1,30,2,2,1,0,0,1,49.0,51.0,voiture,deux_roues,1,2,1,2,3
202400010375,2024-08-07 18:52:00,2024,8,7,18,52,91,91471,RN 118,48.69486,2.1931,Plein jour,Hors agglomération,Hors intersection,Normale,Deux véhicules - arrière,2,-1,2,0,2,1,1,0,1,110,1,3,0,0,0,3,39.0,,voiture,,1,1,1,1,2
202400010376,2024-02-02 13:35:00,2024,2,2,13,35,59,59284,AUTOROUTE A23,50.41573,3.41461,Plein jour,Hors agglomération,Hors intersection,Normale,Trois véhicules et plus - en chaîne,1,3,4,0,1,1,1,0,1,130,4,4,3,0,1,0,40.0,58.0,voiture,utilitaire_camion,1,1,1,1,4
202400010377,2024-05-18 17:45:00,2024,5,18,17,45,43,43059,Route de Brioude,45.33021111,3.66501036,Plein jour,Hors agglomération,Intersection en Y,Normale,Sans collision,3,2,2,0,4,2,1,0,1,90,1,1,0,0,1,0,36.0,,deux_roues,,1,1,4,1,7
202400010377,2024-05-18 17:45:00,2024,5,18,17,45,43,43059,Route de Brioude,45.33021111,3.66501036,Plein jour,Hors agglomération,Intersection en Y,Normale,Sans collision,3,2, -1,-1,1,1,1,5,1,-1,1,1,0,0,1,0,36.0,,deux_roues,,1,1,4,1,7
202400010378,2024-09-12 18:00:00,2024,9,12,18,0,43,43041,Rue de la République,45.04598879,3.928107,Plein jour,En agglomération,Hors intersection,Normale,Autre collision,4,1,1,0,1,1,1,0,1,30,1,2,1,0,0,1,51.0,,voiture,,1,2,1,1,6
202400010379,2024-02-05 17:31:00,2024,2,5,17,31,92,92002,AUTOROUTE A86,48.76254211,2.30281958,Plein jour,Hors agglomération,Hors intersection,Normale,Deux véhicules - côté,1,3,2,0,1,1,1,0,1,90,2,2,1,0,0,1,52.0,33.0,deux_roues,voiture,1,1,1,1,3
202400010380,2024-09-11 18:40:00,2024,9,11,18,40,43,43157,RN88,45.04947,3.90292,Plein jour,Hors agglomération,Hors intersection,Pluie forte,Sans collision,2,1,2,0,2,3,2,0,1,90,1,1,0,0,0,1,20.0,,voiture,,1,1,1,3,7
202400010381,2024-05-28 15:30:00,2024,5,28,15,30,43,43080,Route de Retournac,45.32433981,3.85421337,Plein jour,Hors agglomération,Hors intersection,Normale,Trois véhicules et plus - collisions multiples,3,2,2,0,1,1,1,0,1,90,3,4,1,0,1,2,62.0,34.0,utilitaire_camion,utilitaire_camion,1,1,1,1,5
202400010382,2024-02-05 10:30:00,2024,2,5,10,30,91,91617,RN6 PROVINCE / RN104 INT,48.63626,2.53573,Plein jour,Hors agglomération,Hors intersection,Pluie légère,Deux véhicules - arrière,2,2,8,0,1,1,2,0,1,110,2,2,1,0,0,1,32.0,24.0,voiture,utilitaire_camion,1,1,1,2,2
202400010383,2024-05-19 22:50:00,2024,5,19,22,50,61,61221,D43 PR10+830,48.747483,-0.466695,Nuit sans éclairage public,En agglomération,Hors intersection,Brouillard / fumée,Autre collision,3,2,2,0,2,2,1,0,1,50,1,1,0,0,0,1,21.0,,voiture,,3,2,1,5,6
202400010384,2024-07-24 16:24:00,2024,7,24,16,24,44,44026,198 Chemin de la Manguais,47.26420045,-1.50664426,Plein jour,En agglomération,Hors intersection,Normale,Autre collision,4,2,2,2,1,3,1,-1,3,50,1,1,0,0,0,1,78.0,,voiture,,1,2,1,1,6
202400010385,2024-02-03 10:50:00,2024,2,3,10,50,93,93027,AUTOROUTE A86,48.92221493,2.37893164,Plein jour,Hors agglomération,Hors intersection,Pluie légère,Trois véhicules et plus - collisions multiples,1,3,6,0,1,1,2,0,1,90,3,5,1,0,0,4,72.0,26.0,utilitaire_camion,utilitaire_camion,1,1,1,2,5
202400010386,2024-10-31 19:20:00,2024,10,31,19,20,88,88160,SAINT-MICHEL (RUE),48.17785,6.45779,Nuit avec éclairage allumé,En agglomération,Hors intersection,Brouillard / fumée,Deux véhicules - côté,4,2,2,1,1,1,2,0,1,30,1,2,1,1,0,0,29.0,,voiture,,5,2,1,5,3
202400010387,2024-07-05 19:40:00,2024,7,5,19,40,44,44212,La Grande Pièce,47.175446,-1.239905,Plein jour,Hors agglomération,Hors intersection,Normale,Sans collision,3,2,2,0,2,2,1,0,3,85,1,1,0,0,1,0,20.0,,deux_roues,,1,1,1,1,7
202400010388,2024-02-03 10:45:00,2024,2,3,10,45,95,95424,A15,48.98972671,2.19836417,Plein jour,Hors agglomération,Hors intersection,Pluie légère,Autre collision,1,3,8,0,1,1,8,0,1,110,1,1,0,0,0,1,60.0,,voiture,,1,1,1,2,6
202400010389,2024-06-06 19:43:00,2024,6,6,19,43,74,74012,INDUSTRIE (RUE DE L'),46.19811,6.26361,Plein jour,En agglomération,Hors intersection,Normale,Deux véhicules - côté,4,2,2,0,1,1,1,0,1,50,2,3,1,0,0,2,18.0,53.0,voiture,voiture,1,2,1,1,3
202400010390,2024-10-21 21:15:00,2024,10,21,21,15,88,88413,Résistance ( Quai de la ),48.28567,6.96283,Nuit avec éclairage allumé,En agglomération,Hors intersection,Normale,Deux véhicules - côté,4,2,2,0,1,1,1,0,1,50,2,2,0,0,0,2,61.0,54.0,voiture,voiture,5,2,1,1,3
202400010391,2024-02-03 06:30:00,2024,2,3,6,30,92,92036,AUTOROUTE A86,48.93838168,2.31330853,Crépuscule ou aube,Hors agglomération,Hors intersection,Normale,Autre collision,1,3,6,0,1,1,2,0,1,90,2,2,1,0,0,1,51.0,58.0,voiture,utilitaire_camion,2,1,1,1,6
202400010392,2024-02-02 15:20:00,2024,2,2,15,20,95,95256,A115,49.04631824,2.18534422,Plein jour,Hors agglomération,Hors intersection,Normale,Autre collision,1,3,2,0,1,1,1,0,2,90,1,3,2,0,0,1,34.0,,utilitaire_camion,,1,1,1,1,6
202400010393,2024-08-05 17:00:00,2024,8,5,17,0,987,98735,FARE UTE,-17.53041,-149.57254,Plein jour,Hors agglomération,Hors intersection,Normale,Deux véhicules - arrière,4,2,2,0,1,1,1,0,1,50,2,2,1,0,1,0,37.0,39.0,deux_roues,voiture,1,1,1,1,2
202400010394,2024-10-16 09:50:00,2024,10,16,9,50,57,57160,Rue de Saint Etienne,49.188996,6.695598,Plein jour,En agglomération,Hors intersection,Normale,Autre collision,6,-1,0,0,1,1,1,0,1,30,1,2,1,0,0,1,28.0,,voiture,,1,2,1,1,6
202400010395,2024-02-05 19:15:00,2024,2,5,19,15,77,77294,A104,48.965623,2.607644,Nuit sans éclairage public,Hors agglomération,Hors intersection,Normale,Deux véhicules - côté,1,3,2,0,1,1,1,0,1,90,2,2,1,0,0,1,29.0,50.0,voiture,deux_roues,3,1,1,1,3
202400010396,2024-08-06 05:55:00,2024,8,6,5,55,974,97416,PARADIS (LIGNE) (2),-21.30978,55.47006,Nuit sans éclairage public,Hors agglomération,Intersection en T,Normale,Autre collision,3,2,2,0,2,1,1,0,1,50,1,2,0,0,0,2,35.0,,deux_roues,,3,1,3,1,6
202400010396,2024-08-06 05:55:00,2024,8,6,5,55,974,97416,PARADIS (LIGNE) (2),-21.30978,55.47006,Nuit sans éclairage public,Hors agglomération,Intersection en T,Normale,Autre collision,3,2,2,0,1,1,1,0,1,50,1,2,0,0,0,2,35.0,,deux_roues,,3,1,3,1,6
202400010397,2024-12-14 02:20:00,2024,12,14,2,20,971,97105,BD GERTY ARCHIMEDE,15.98989,-61.72752,Nuit avec éclairage allumé,En agglomération,Hors intersection,Normale,Autre collision,2,3,2,0,1,1,1,0,1,50,1,2,1,0,1,0,72.0,,voiture,,5,2,1,1,6
202400010398,2024-08-05 20:00:00,2024,8,5,20,0,69,69276,2 Rue de la Begude,45.6745,4.8599,Plein jour,En agglomération,Hors intersection,Normale,Autre collision,4,2,2,0,2,1,1,0,1,30,1,3,2,0,0,1,20.0,,voiture,,1,2,1,1,6
202400010399,2024-12-31 18:08:00,2024,12,31,18,8,73,73008,TRESSERVE AVENUE DE,45.68546221,5.90716392,Nuit avec éclairage allumé,En agglomération,Intersection en T,Normale,Autre collision,4,2,2,0,1,1,1,0,1,30,1,2,1,0,0,1,17.0,,voiture,,5,2,3,1,6
202400010399,2024-12-31 18:08:00,2024,12,31,18,8,73,73008,TRESSERVE AVENUE DE,45.68546221,5.90716392,Nuit avec éclairage allumé,En agglomération,Intersection en T,Normale,Autre collision,4,2,2,0,1,1,1,0,6,30,1,2,1,0,0,1,17.0,,voiture,,5,2,3,1,6
202400010400,2024-02-05 07:45:00,2024,2,5,7,45,94,94028,A86,48.776362,2.433254,Plein jour,Hors agglomération,Hors intersection,Normale,Trois véhicules et plus - en chaîne,1,1,3,0,1,1,1,0,1,90,3,3,2,0,0,1,23.0,42.0,utilitaire_camion,voiture,1,1,1,1,4
202400010401,2024-08-05 11:45:00,2024,8,5,11,45,69,69290,Rue du Dauphiné,45.71188,4.92024,Plein jour,En agglomération,Intersection en X,Normale,Trois véhicules et plus - collisions multiples,4,2,4,1,2,1,1,5,1,70,3,4,3,0,0,1,30.0,60.0,voiture,voiture,1,2,2,1,5
202400010401,2024-08-05 11:45:00,2024,8,5,11,45,69,69290,Rue du Dauphiné,45.71188,4.92024,Plein jour,En agglomération,Intersection en X,Normale,Trois véhicules et plus - collisions multiples,4,2,2,2,2,1,1,5,1,50,3,4,3,0,0,1,30.0,60.0,voiture,voiture,1,2,2,1,5
202400010402,2024-12-20 23:40:00,2024,12,20,23,40,27,27229,BUFFARDIERE (BOULEVARD DE LA),49.02196,1.14102,Nuit avec éclairage allumé,En agglomération,Intersection en T,Normale,Deux véhicules - côté,4,-1,2,0,1,1,1,0,1,50,2,2,1,0,1,0,19.0,45.0,deux_roues,voiture,5,2,3,1,3
202400010402,2024-12-20 23:40:00,2024,12,20,23,40,27,27229,BUFFARDIERE (BOULEVARD DE LA),49.02196,1.14102,Nuit avec éclairage allumé,En agglomération,Intersection en T,Normale,Deux véhicules - côté,4,2,2,-1,1,1,1,0,1,50,2,2,1,0,1,0,19.0,45.0,deux_roues,voiture,5,2,3,1,3
202400010403,2024-02-04 14:50:00,2024,2,4,14,50,75,75118,BOULEVARD NEY,48.898718,2.360546,Plein jour,En agglomération,Intersection en Y,Normale,Autre collision,4,-1,1,0,1,1,1,8,1,50,1,1,0,0,0,1,32.0,,deux_roues,,1,2,4,1,6
202400010403,2024-02-04 14:50:00,2024,2,4,14,50,75,75118,BOULEVARD NEY,48.898718,2.360546,Plein jour,En agglomération,Intersection en Y,Normale,Autre collision,4,1, -1,0,1,3,1,8,1,30,1,1,0,0,0,1,32.0,,deux_roues,,1,2,4,1,6
202400010404,2024-08-05 09:40:00,2024,8,5,9,40,69,69259,Avenue Viviani,45.7235,4.8744,Plein jour,En agglomération,Hors intersection,Normale,Autre collision,4,2,2,2,1,1,1,0,5,50,1,2,1,0,0,1,16.0,,deux_roues,,1,2,1,1,6
202400010405,2024-12-22 19:30:00,2024,12,22,19,30,93,93064,BOISSIERE (RUELLE),48.87961609,2.46588547,Nuit avec éclairage allumé,En agglomération,Hors intersection,Normale,Deux véhicules - frontale,4,-1,0,0,2,1,1,0,1,50,2,2,0,0,1,1,52.0,23.0,autre,transport_commun,5,2,1,1,1
202400010406,2024-08-05 23:13:00,2024,8,5,23,13,67,67482,ILL (RUE DE L ),48.611871,7.778499,Nuit avec éclairage allumé,En agglomération,Intersection en T,Normale,Sans collision,4,2,2,0,1,1,1,0,4,50,1,3,0,0,0,3,31.0,,voiture,,5,2,3,1,7