accident_id,datetime,annee,mois,jour,heure,minute,departement,commune_insee,adresse,latitude,longitude,luminosite,agglomeration,intersection,meteo,collision,catr,circ,nbv,vosp,prof,plan,surf,infra,situ,vma,nb_vehicules,nb_usagers,nb_indemnes,nb_tues,nb_blesses_hosp,nb_blesses_legers,age_cond_1,age_cond_2,veh_type_cond_1,veh_type_cond_2,lum_code,agg_code,int_code,atm_code,col_code
202400010823,2024-12-30 06:25:00,2024,12,30,6,25,974,97411,JAURES (BLD 2 JEAN),-20.90004,55.48231,Plein jour,En agglomération,Hors intersection,Normale,Autre collision,2,3,4,0,2,1,1,0,1,70,1,2,0,1,0,1,34.0,,voiture,,1,2,1,1,6
202400010824,2024-12-30 21:50:00,2024,12,30,21,50,974,97409,canal moreau (chemin),-20.97226,55.66748,Nuit avec éclairage allumé,En agglomération,Autre intersection,Normale,Deux véhicules - côté,4,2, -1,-1,1,1,1,0,1,-1,2,2,1,0,0,1,72.0,41.0,voiture,voiture,5,2,9,1,3
202400010825,2024-12-30 14:30:00,2024,12,30,14,30,973,97302,TIGRE (ROUTE DU),4.91013,-52.30831,Plein jour,En agglomération,Hors intersection,Pluie forte,Sans collision,3,2,2,0,1,2,2,0,1,50,1,1,0,0,0,1,28.0,,deux_roues,,1,2,1,3,7
202400010826,2024-12-28 19:15:00,2024,12,28,19,15,972,97209,MARTIN LUTHER KING (RUE),14.6064,-61.07551,Nuit avec éclairage allumé,En agglomération,Autre intersection,Normale,Deux véhicules - côté,4,1,1,0,2,1,1,0,1,50,2,2,1,0,1,0,56.0,56.0,voiture,deux_roues,5,2,9,1,3
202400010827,2024-12-30 00:35:00,2024,12,30,0,35,69,69142,Route de Métropole 7,45.73022,4.81532,Nuit avec éclairage allumé,Hors agglomération,Hors intersection,Normale,Deux véhicules - arrière,7,3,6,0,2,2,9,0,1,50,2,2,0,0,0,2,48.0,28.0,voiture,voiture,5,1,1,1,2
202400010828,2024-12-30 17:47:00,2024,12,30,17,47,2A,2A004,5 Boulevard Albert 1er,41.91326,8.72733,Nuit avec éclairage allumé,En agglomération,Hors intersection,Normale,Autre collision,3,2,2,0,1,1,1,0,1,50,1,2,1,0,0,1,59.0,,deux_roues,,5,2,1,1,6
202400010829,2024-12-29 12:55:00,2024,12,29,12,55,91,91657,AV HENRI BARBUSSE,48.702779,2.429065,Plein jour,En agglomération,Hors intersection,Normale,Autre collision,3,3,2,0,1,1,1,5,3,50,1,3,1,0,0,2,41.0,,utilitaire_camion,,1,2,1,1,6
202400010830,2024-12-29 00:50:00,2024,12,29,0,50,91,91657,RUE PIERRE SEMARD,48.69626,2.43379,Nuit avec éclairage allumé,En agglomération,Hors intersection,Normale,Autre collision,4,1,1,0,1,1,1,9,1,50,1,1,0,0,0,1,24.0,,voiture,,5,2,1,1,6
202400010831,2024-12-30 19:20:00,2024,12,30,19,20,91,91687,GRIBELETTE (AVENUE DE LA),48.64743,2.36392,Nuit avec éclairage allumé,En agglomération,Intersection en T,Normale,Deux véhicules - frontale,4,-1,2,0,1,1,1,0,1,50,2,2,1,0,0,1,34.0,29.0,voiture,deux_roues,5,2,3,1,1
202400010831,2024-12-30 19:20:00,2024,12,30,19,20,91,91687,GRIBELETTE (AVENUE DE LA),48.64743,2.36392,Nuit avec éclairage allumé,En agglomération,Intersection en T,Normale,Deux véhicules - frontale,4,-1, -1,0,1,1,1,0,1,50,2,2,1,0,0,1,34.0,29.0,voiture,deux_roues,5,2,3,1,1
202400010832,2024-12-28 14:31:00,2024,12,28,14,31,87,87065,TOULOUSE (RUE DE),45.79829,1.29561,Plein jour,En agglomération,Intersection en T,Normale,Deux véhicules - côté,3,3,2,0,2,1,1,0,1,50,2,2,1,0,0,1,79.0,75.0,voiture,voiture,1,2,3,1,3
202400010832,2024-12-28 14:31:00,2024,12,28,14,31,87,87065,TOULOUSE (RUE DE),45.79829,1.29561,Plein jour,En agglomération,Intersection en T,Normale,Deux véhicules - côté,3,4,0,0,2,1,1,0,1,50,2,2,1,0,0,1,79.0,75.0,voiture,voiture,1,2,3,1,3
202400010833,2024-12-30 18:07:00,2024,12,30,18,7,78,78238,RENAULT (ROUTE DE),48.96639,1.86552,Nuit avec éclairage allumé,En agglomération,Hors intersection,Normale,Autre collision,3,3,4,0,1,1,1,0,1,50,1,2,1,0,1,0,21.0,,voiture,,5,2,1,1,6
202400010834,2024-06-01 08:00:00,2024,6,1,8,0,2A,2A006,3725 La Tuscia,41.972533,8.77961,Plein jour,Hors agglomération,Hors intersection,Normale,Deux véhicules - frontale,3,2,2,0,1,1,1,0,1,80,2,2,1,0,0,1,33.0,61.0,voiture,voiture,1,1,1,1,1
202400010835,2024-06-02 17:30:00,2024,6,2,17,30,65,65017,D173,42.748935,0.191016,Plein jour,Hors agglomération,Autre intersection,Normale,Deux véhicules - côté,3,2,2,0,1,1,1,0,1,80,2,3,2,0,0,1,22.0,87.0,utilitaire_camion,voiture,1,1,9,1,3
202400010836,2024-06-03 11:00:00,2024,6,3,11,0,63,63381,D943,45.860428,2.967231,Plein jour,Hors agglomération,Hors intersection,Brouillard / fumée,Autre collision,3,2,2,0,2,4,2,0,3,90,1,1,0,0,1,0,36.0,,voiture,,1,1,1,5,6
202400010837,2024-06-03 11:20:00,2024,6,3,11,20,42,42092,Route des Brossettes,45.50137815,4.38618749,Plein jour,Hors agglomération,Hors intersection,Brouillard / fumée,Deux véhicules - frontale,7,2,2,0,2,4,2,0,1,70,2,2,0,0,0,2,57.0,57.0,voiture,voiture,1,1,1,5,1
202400010838,2024-06-03 16:10:00,2024,6,3,16,10,41,41241,Route du Sous-préfet,47.435096,1.907943,Plein jour,Hors agglomération,Intersection en X,Normale,Deux véhicules - côté,3,2,2,0,1,1,1,0,1,90,2,2,1,0,0,1,85.0,43.0,voiture,voiture,1,1,2,1,3
202400010838,2024-06-03 16:10:00,2024,6,3,16,10,41,41241,Route du Sous-préfet,47.435096,1.907943,Plein jour,Hors agglomération,Intersection en X,Normale,Deux véhicules - côté,3,2,2,-1,1,1,-1,0,-1,-1,2,2,1,0,0,1,85.0,43.0,voiture,voiture,1,1,2,1,3
202400010839,2024-06-02 06:20:00,2024,6,2,6,20,41,41002,D976,47.334257,1.235576,Crépuscule ou aube,Hors agglomération,Hors intersection,Pluie légère,Sans collision,3,2,2,0,1,2,2,0,8,90,1,3,1,0,1,1,23.0,,voiture,,2,1,1,2,7
202400010840,2024-06-02 20:10:00,2024,6,2,20,10,39,39367,,46.559556,6.008065,Crépuscule ou aube,Hors agglomération,Hors intersection,Pluie forte,Deux véhicules - frontale,2,2,3,0,2,3,2,0,1,90,2,3,0,1,1,1,27.0,31.0,voiture,voiture,2,1,1,3,1
202400010841,2024-06-02 16:45:00,2024,6,2,16,45,25,25459,2 Rue de la Charrière Blanche,46.837151,6.281359,Plein jour,En agglomération,Hors intersection,Pluie légère,Sans collision,4,2,2,0,2,1,2,0,1,50,1,2,0,0,1,1,15.0,,deux_roues,,1,2,1,2,7
202400010842,2024-02-16 05:40:00,2024,2,16,5,40,31,31517,departementale 4,43.32618711,1.32233977,Nuit sans éclairage public,En agglomération,Hors intersection,Pluie forte,Autre collision,3,3,2,0,1,1,2,9,3,50,1,1,0,0,0,1,25.0,,voiture,,3,2,1,3,6
202400010843,2024-06-02 18:45:00,2024,6,2,18,45,15,15069,RN 122,45.171434,3.041303,Crépuscule ou aube,Hors agglomération,Hors intersection,Pluie légère,Deux véhicules - côté,2,2,2,0,1,2,2,0,1,80,2,2,0,0,1,1,21.0,29.0,voiture,deux_roues,2,1,1,2,3
202400010844,2024-06-03 16:10:00,2024,6,3,16,10,15,15192,RD 317 ,45.051097,2.707019,Plein jour,Hors agglomération,Hors intersection,Normale,Autre collision,3,2,2,0,2,2,1,0,3,90,1,1,0,1,0,0,59.0,,deux_roues,,1,1,1,1,6
202400010845,2024-06-02 17:25:00,2024,6,2,17,25,26,26086,Route de Die,44.68694,5.462683,Plein jour,Hors agglomération,Hors intersection,Normale,Deux véhicules - côté,3,2,2,0,1,1,1,0,1,80,2,2,1,0,1,0,32.0,49.0,deux_roues,voiture,1,1,1,1,3
202400010846,2024-06-02 17:00:00,2024,6,2,17,0,58,58095,14 Impasse de la Condamine,46.826978,3.450112,Plein jour,En agglomération,Hors intersection,Normale,Autre collision,4,2,2,0,1,1,9,0,4,50,1,1,0,0,1,0,34.0,,deux_roues,,1,2,1,1,6
202400010847,2024-06-03 04:00:00,2024,6,3,4,0,58,58046,Route de Fours,46.844661,3.656277,Nuit sans éclairage public,Hors agglomération,Hors intersection,Normale,Autre collision,3,2,2,0,1,1,1,0,1,90,1,1,0,0,0,1,44.0,,deux_roues,,3,1,1,1,6
202400010848,2024-06-03 14:00:00,2024,6,3,14,0,06,06089,5 Route de Chateauneuf,43.6703899,6.9836245,Plein jour,Hors agglomération,Hors intersection,Normale,Autre collision,3,2,2,0,2,1,1,0,3,70,2,2,1,0,1,0,34.0,42.0,voiture,deux_roues,1,1,1,1,6
202400010849,2024-06-02 20:45:00,2024,6,2,20,45,14,14165,D208,49.340713,-0.868177,Plein jour,Hors agglomération,Hors intersection,Normale,Autre collision,3,2,1,0,1,1,1,0,3,80,1,10,7,0,2,1,62.0,,utilitaire_camion,,1,1,1,1,6
202400010850,2024-06-02 00:10:00,2024,6,2,0,10,14,14480,2 Rue de Saint-Clément,49.327071,-1.083183,Nuit avec éclairage non allumé,En agglomération,Intersection en T,Normale,Deux véhicules - arrière,3,2,2,0,1,1,1,0,1,50,2,5,4,0,1,0,23.0,74.0,voiture,voiture,4,2,3,1,2
202400010850,2024-06-02 00:10:00,2024,6,2,0,10,14,14480,2 Rue de Saint-Clément,49.327071,-1.083183,Nuit avec éclairage non allumé,En agglomération,Intersection en T,Normale,Deux véhicules - arrière,3,2,2,0,1,1,1,0,3,50,2,5,4,0,1,0,23.0,74.0,voiture,voiture,4,2,3,1,2
202400010851,2024-06-03 16:45:00,2024,6,3,16,45,50,50350,La Vionniere,49.034851,-1.325548,Plein jour,Hors agglomération,Hors intersection,Normale,Deux véhicules - frontale,4,2,2,0,1,2,1,0,1,80,2,2,1,0,0,1,39.0,55.0,utilitaire_camion,deux_roues,1,1,1,1,1
202400010852,2024-06-02 10:30:00,2024,6,2,10,30,50,50084,Route départementale 971,49.04502,-1.466042,Plein jour,Hors agglomération,Hors intersection,Normale,Deux véhicules - arrière,3,3,0,0,1,1,1,0,1,-1,2,2,1,0,0,1,39.0,70.0,voiture,voiture,1,1,1,1,2
202400010853,2024-06-02 16:30:00,2024,6,2,16,30,50,50412,Hameau Bosqueville,49.353728,-1.697774,Plein jour,Hors agglomération,Hors intersection,Normale,Sans collision,3,2,2,0,1,1,1,0,1,80,1,1,0,0,1,0,63.0,,deux_roues,,1,1,1,1,7
202400010854,2024-06-03 08:05:00,2024,6,3,8,5,60,60509,Rue Voltaire,49.307841,2.606777,Crépuscule ou aube,En agglomération,Giratoire,Normale,Autre collision,4,4,1,0,1,2,1,5,1,50,2,2,1,0,1,0,34.0,17.0,voiture,deux_roues,2,2,6,1,6
202400010855,2024-06-03 12:30:00,2024,6,3,12,30,18,18075,,47.017771,3.033772,Plein jour,Hors agglomération,Hors intersection,Normale,Sans collision,3,2,2,0,1,1,1,0,3,80,1,1,0,0,1,0,42.0,,deux_roues,,1,1,1,1,7
202400010856,2024-06-03 08:00:00,2024,6,3,8,0,16,16280,,45.75238,0.352947,Plein jour,En agglomération,Giratoire,Normale,Deux véhicules - arrière,3,2,2,0,1,1,1,0,1,50,2,2,1,0,0,1,57.0,17.0,voiture,deux_roues,1,2,6,1,2
202400010856,2024-06-03 08:00:00,2024,6,3,8,0,16,16280,,45.75238,0.352947,Plein jour,En agglomération,Giratoire,Normale,Deux véhicules - arrière,3,2,1,0,1,1,1,0,1,50,2,2,1,0,0,1,57.0,17.0,voiture,deux_roues,1,2,6,1,2
202400010857,2024-06-03 17:31:00,2024,6,3,17,31,07,07172,D820,45.280526,4.723983,Plein jour,Hors agglomération,Hors intersection,Normale,Deux véhicules - côté,3,2,2,0,1,1,1,0,1,90,2,3,0,0,0,3,74.0,37.0,voiture,voiture,1,1,1,1,3
202400010858,2024-06-02 12:00:00,2024,6,2,12,0,40,40243,644 Avenue de Saint Vincent de Paul,43.931574,-0.933001,Plein jour,Hors agglomération,Hors intersection,Normale,Deux véhicules - côté,3,2,2,0,1,1,1,0,1,80,2,2,1,0,0,1,18.0,54.0,voiture,deux_roues,1,1,1,1,3
202400010859,2024-06-02 03:00:00,2024,6,2,3,0,40,40265,D35,43.994158,-0.127813,Nuit sans éclairage public,Hors agglomération,Hors intersection,Normale,Autre collision,3,2,2,0,1,1,1,0,3,80,1,1,0,0,1,0,20.0,,voiture,,3,1,1,1,6
202400010860,2024-06-03 16:25:00,2024,6,3,16,25,30,30036,N113,43.773976,4.284647,Plein jour,Hors agglomération,Intersection en X,Normale,Deux véhicules - côté,2,2,0,0,1,1,1,0,1,70,2,2,1,0,0,1,53.0,26.0,deux_roues,voiture,1,1,2,1,3
202400010860,2024-06-03 16:25:00,2024,6,3,16,25,30,30036,N113,43.773976,4.284647,Plein jour,Hors agglomération,Intersection en X,Normale,Deux véhicules - côté,2,2,2,-1,1,1,1,0,1,-1,2,2,1,0,0,1,53.0,26.0,deux_roues,voiture,1,1,2,1,3
202400010861,2024-06-03 12:50:00,2024,6,3,12,50,31,31091,A 62 péage Saint Jory,43.71880526,1.40122542,Plein jour,Hors agglomération,Autre intersection,Normale,Autre collision,1,3,5,0,1,1,1,7,1,50,1,3,0,0,1,2,27.0,,utilitaire_camion,,1,1,9,1,6
202400010862,2024-06-02 11:30:00,2024,6,2,11,30,987,98738,RT1 PK 12+300 SENS PAEA/PAPEETE,-17.618,-149.549,Plein jour,En agglomération,Intersection en T,Normale,Deux véhicules - côté,2,2,2,0,1,1,1,0,1,60,2,2,1,0,1,0,44.0,27.0,deux_roues,voiture,1,2,3,1,3
202400010862,2024-06-02 11:30:00,2024,6,2,11,30,987,98738,RT1 PK 12+300 SENS PAEA/PAPEETE,-17.618,-149.549,Plein jour,En agglomération,Intersection en T,Normale,Deux véhicules - côté,2,2,2,0,1,1,1,0,1,30,2,2,1,0,1,0,44.0,27.0,deux_roues,voiture,1,2,3,1,3
202400010863,2024-06-02 10:00:00,2024,6,2,10,0,01,01331,A40 132+180,46.11458,5.473613,Plein jour,Hors agglomération,Hors intersection,Pluie légère,Autre collision,1,3,3,3,2,3,2,0,1,130,1,1,0,0,1,0,57.0,,deux_roues,,1,1,1,2,6
202400010864,2024-06-02 18:25:00,2024,6,2,18,25,69,69244,40 Route de Paris,45.76603,4.765298,Plein jour,En agglomération,Hors intersection,Pluie légère,Deux véhicules - côté,7,2,3,0,2,1,2,0,1,50,2,2,1,0,0,1,22.0,88.0,deux_roues,voiture,1,2,1,2,3
202400010865,2024-06-03 08:36:00,2024,6,3,8,36,13,13025,"A8, PK 028.200, sens Nice-Lyon",43.48574166,5.53350136,Plein jour,Hors agglomération,Hors intersection,Normale,Deux véhicules - arrière,1,3,3,3,2,3,1,0,1,110,2,7,2,0,5,0,46.0,45.0,utilitaire_camion,voiture,1,1,1,1,2
202400010866,2024-06-03 03:25:00,2024,6,3,3,25,27,27701,A13,49.240059,1.195686,Nuit sans éclairage public,Hors agglomération,Hors intersection,Normale,Autre collision,1,1,3,0,4,1,1,0,1,130,3,5,4,1,0,0,34.0,18.0,voiture,voiture,3,1,1,1,6
202400010867,2024-06-03 13:35:00,2024,6,3,13,35,13,13103,A54-PK 072.000 - SENS EST OUEST,43.626788,5.121136,Plein jour,Hors agglomération,Hors intersection,Normale,Deux véhicules - frontale,1,3,2,0,1,3,1,8,1,90,1,1,0,0,1,0,56.0,,deux_roues,,1,1,1,1,1
202400010868,2024-06-02 16:05:00,2024,6,2,16,5,972,97224,Chemin Seailles Cark,14.675819,-61.042035,Plein jour,En agglomération,Hors intersection,Pluie légère,Deux véhicules - frontale,4,2,2,0,1,3,2,0,1,50,2,6,5,0,1,0,21.0,56.0,voiture,utilitaire_camion,1,2,1,2,1
202400010869,2024-06-03 00:30:00,2024,6,3,0,30,34,34209,D37 - PK43+100,43.293278,3.360336,Nuit sans éclairage public,Hors agglomération,Hors intersection,Normale,Sans collision,3,2,2,0,1,2,1,0,3,80,1,1,0,0,0,1,29.0,,voiture,,3,1,1,1,7
202400010870,2024-06-02 14:00:00,2024,6,2,14,0,38,38320,737 RUE Chamboud,45.82793,5.426254,Plein jour,En agglomération,Hors intersection,Pluie légère,Autre collision,4,2,2,0,1,1,2,0,1,50,1,1,0,1,0,0,78.0,,voiture,,1,2,1,2,6
202400010871,2024-06-02 10:40:00,2024,6,2,10,40,07,07235,pk FS D116,44.82396586,4.19426372,Plein jour,Hors agglomération,Intersection en Y,Pluie légère,Deux véhicules - frontale,3,2,2,0,1,1,2,0,8,90,2,2,1,0,1,0,71.0,50.0,voiture,deux_roues,1,1,4,2,1
202400010871,2024-06-02 10:40:00,2024,6,2,10,40,07,07235,pk FS D116,44.82396586,4.19426372,Plein jour,Hors agglomération,Intersection en Y,Pluie légère,Deux véhicules - frontale,3,2,2,0,1,3,2,0,1,90,2,2,1,0,1,0,71.0,50.0,voiture,deux_roues,1,1,4,2,1
202400010872,2024-06-02 15:55:00,2024,6,2,15,55,86,86104,D35,46.119918,0.323331,Plein jour,Hors agglomération,Hors intersection,Temps couvert,Autre collision,3,2,2,0,2,1,1,0,3,80,1,1,0,0,1,0,69.0,,voiture,,1,1,1,8,6
202400010873,2024-05-30 10:45:00,2024,5,30,10,45,85,85071,RD32,46.751753,-1.86997,Plein jour,Hors agglomération,Giratoire,Normale,Deux véhicules - côté,3,2,2,0,1,3,1,5,1,80,2,2,1,0,0,1,62.0,79.0,deux_roues,voiture,1,1,6,1,3
202400010874,2024-06-03 16:25:00,2024,6,3,16,25,14,14609,Route de Littry,49.267847,-0.738482,Plein jour,Hors agglomération,Intersection en T,Normale,Trois véhicules et plus - collisions multiples,2,1,1,0,2,2,1,3,1,50,3,4,2,0,0,2,33.0,63.0,utilitaire_camion,deux_roues,1,1,3,1,5
202400010874,2024-06-03 16:25:00,2024,6,3,16,25,14,14609,Route de Littry,49.267847,-0.738482,Plein jour,Hors agglomération,Intersection en T,Normale,Trois véhicules et plus - collisions multiples,2,3,2,0,2,1,1,0,1,90,3,4,2,0,0,2,33.0,63.0,utilitaire_camion,deux_roues,1,1,3,1,5
202400010875,2024-06-01 19:25:00,2024,6,1,19,25,76,76728,D43,49.485266,1.011783,Plein jour,En agglomération,Hors intersection,Temps couvert,Deux véhicules - frontale,3,2,2,0,1,1,1,0,1,50,2,4,3,0,1,0,52.0,42.0,voiture,voiture,1,2,1,8,1
202400010876,2024-06-03 19:20:00,2024,6,3,19,20,60,60282,48 Rue de Lamorlaye,49.179875,2.418555,Plein jour,En agglomération,Hors intersection,Normale,Deux véhicules - frontale,3,2,2,0,1,1,1,0,1,50,2,2,1,0,0,1,65.0,21.0,utilitaire_camion,deux_roues,1,2,1,1,1
202400010877,2024-06-03 17:15:00,2024,6,3,17,15,80,80442,D930,49.740883,3.022777,Plein jour,Hors agglomération,Hors intersection,Normale,Deux véhicules - frontale,3,2,2,0,2,1,1,0,1,80,2,2,0,1,0,1,58.0,51.0,utilitaire_camion,voiture,1,1,1,1,1
202400010878,2024-06-03 12:10:00,2024,6,3,12,10,59,59252,Chemin de la Quennerie,50.716203,2.93969,Plein jour,Hors agglomération,Intersection en X,Normale,Deux véhicules - côté,7,2, -1,-1,1,1,1,0,1,-1,2,2,1,0,1,0,56.0,25.0,voiture,voiture,1,1,2,1,3
202400010878,2024-06-03 12:10:00,2024,6,3,12,10,59,59252,Chemin de la Quennerie,50.716203,2.93969,Plein jour,Hors agglomération,Intersection en X,Normale,Deux véhicules - côté,7,2,2,0,1,1,1,0,1,70,2,2,1,0,1,0,56.0,25.0,voiture,voiture,1,1,2,1,3
202400010879,2024-05-31 12:55:00,2024,5,31,12,55,13,13071,A7-Sens Marseille vers Lyon,43.41309,5.28116,Plein jour,Hors agglomération,Hors intersection,Normale,Trois véhicules et plus - en chaîne,1,1,3,0,1,1,1,0,1,70,4,6,2,0,0,4,25.0,60.0,voiture,voiture,1,1,1,1,4
202400010880,2024-06-02 01:50:00,2024,6,2,1,50,13,13106,A7-Sens Lyon vers Marseille,43.38298612,5.35139202,Nuit sans éclairage public,Hors agglomération,Hors intersection,Normale,Deux véhicules - arrière,1,-1,4,0,1,1,1,0,1,90,2,2,1,0,0,1,60.0,34.0,voiture,voiture,3,1,1,1,2
202400010881,2024-10-16 16:05:00,2024,10,16,16,5,77,77291,D212,49.01485,2.58875,Plein jour,Hors agglomération,Hors intersection,Normale,Deux véhicules - frontale,3,2,1,0,1,1,1,0,1,70,2,2,0,1,0,1,57.0,26.0,voiture,utilitaire_camion,1,1,1,1,1
202400010882,2024-05-28 17:50:00,2024,5,28,17,50,67,67152,Route Nationale 83,48.5284,7.69418,Plein jour,Hors agglomération,Hors intersection,Normale,Deux véhicules - côté,7,3,2,0,1,1,1,0,1,90,2,2,1,0,0,1,30.0,24.0,voiture,voiture,1,1,1,1,3
202400010883,2024-10-17 21:10:00,2024,10,17,21,10,77,77374,D21,48.79604,2.7167,Nuit sans éclairage public,Hors agglomération,Hors intersection,Pluie légère,Sans collision,3,2,2,0,1,1,2,0,3,80,1,1,0,0,0,1,39.0,,deux_roues,,3,1,1,2,7
202400010884,2024-06-01 21:00:00,2024,6,1,21,0,92,92072,N118,48.82490955,2.22113968,Crépuscule ou aube,Hors agglomération,Hors intersection,Pluie légère,Sans collision,2,-1,2,0,2,2,2,9,1,50,1,1,0,0,0,1,60.0,,voiture,,2,1,1,2,7
202400010885,2024-06-02 16:34:00,2024,6,2,16,34,93,93007,A3,48.92635915,2.48128763,Plein jour,Hors agglomération,Hors intersection,Normale,Deux véhicules - côté,1,3,3,0,1,1,1,0,1,110,2,2,1,0,1,0,63.0,34.0,voiture,deux_roues,1,1,1,1,3
202400010886,2024-10-17 20:00:00,2024,10,17,20,0,77,77284,D603,48.9568,2.91699,Nuit avec éclairage allumé,En agglomération,Hors intersection,Normale,Deux véhicules - côté,3,1,2,0,1,1,2,5,1,50,2,2,1,0,1,0,56.0,55.0,utilitaire_camion,voiture,5,2,1,1,3
202400010887,2024-06-02 14:40:00,2024,6,2,14,40,95,95306,A15,49.00640579,2.16383247,Plein jour,Hors agglomération,Hors intersection,Normale,Trois véhicules et plus - en chaîne,1,3,3,0,1,1,1,0,1,110,3,4,2,0,0,2,47.0,32.0,voiture,voiture,1,1,1,1,4
202400010888,2024-06-02 14:15:00,2024,6,2,14,15,95,95488,A15,49.02486562,2.13226004,Plein jour,Hors agglomération,Hors intersection,Normale,Autre collision,1,3,2,0,1,2,1,0,1,90,1,1,0,0,1,0,46.0,,deux_roues,,1,1,1,1,6
202400010889,2024-10-17 09:00:00,2024,10,17,9,0,77,77276,D436A,48.92709,2.87936,Plein jour,Hors agglomération,Intersection en T,Normale,Deux véhicules - côté,3,2,2,0,3,4,1,5,1,80,2,2,1,0,0,1,20.0,36.0,voiture,voiture,1,1,3,1,3
202400010889,2024-10-17 09:00:00,2024,10,17,9,0,77,77276,D436A,48.92709,2.87936,Plein jour,Hors agglomération,Intersection en T,Normale,Deux véhicules - côté,3,3,2,0,2,1,1,0,8,90,2,2,1,0,0,1,20.0,36.0,voiture,voiture,1,1,3,1,3
202400010890,2024-06-01 21:50:00,2024,6,1,21,50,93,93063,A3,48.87844318,2.44713993,Nuit avec éclairage non allumé,Hors agglomération,Hors intersection,Normale,Deux véhicules - côté,1,3,6,0,1,1,1,0,1,90,2,3,1,0,0,2,56.0,,voiture,voiture,4,1,1,1,3
202400010891,2024-10-17 09:30:00,2024,10,17,9,30,77,77335,N3,48.95898335,2.8299577,Plein jour,Hors agglomération,Hors intersection,Normale,Deux véhicules - côté,2,2,2,0,1,1,1,0,1,90,2,3,2,0,0,1,20.0,29.0,utilitaire_camion,utilitaire_camion,1,1,1,1,3
202400010892,2024-06-02 02:00:00,2024,6,2,2,0,94,94052,A86,48.8433103,2.49314406,Nuit avec éclairage allumé,Hors agglomération,Hors intersection,Normale,Deux véhicules - arrière,1,-1,3,0,1,1,1,1,1,90,2,3,2,0,0,1,32.0,40.0,voiture,voiture,5,1,1,1,2
202400010893,2024-06-01 21:45:00,2024,6,1,21,45,77,77468,A4,48.83244993,2.66426256,Nuit sans éclairage public,Hors agglomération,Autre intersection,Pluie légère,Autre collision,1,1,3,0,2,3,2,3,1,70,1,2,0,0,0,2,20.0,,voiture,,3,1,9,2,6
202400010894,2024-10-17 07:57:00,2024,10,17,7,57,77,77131,D934,48.79997,3.08762,Plein jour,En agglomération,Intersection en Y,Normale,Deux véhicules - côté,3,1,1,0,2,1,2,0,1,50,2,4,1,0,0,3,32.0,55.0,voiture,voiture,1,2,4,1,3
202400010894,2024-10-17 07:57:00,2024,10,17,7,57,77,77131,D934,48.79997,3.08762,Plein jour,En agglomération,Intersection en Y,Normale,Deux véhicules - côté,3,2,2,0,3,2,2,0,1,50,2,4,1,0,0,3,32.0,55.0,voiture,voiture,1,2,4,1,3
202400010895,2024-04-04 05:04:00,2024,4,4,5,4,44,44109,10 Rue Recteur Schmitt,47.25070057,-1.55115587,Plein jour,En agglomération,Hors intersection,Normale,Autre collision,4,1,1,0,1,1,1,0,1,30,1,1,0,0,0,1,86.0,,voiture,,1,2,1,1,6
202400010896,2024-04-04 17:45:00,2024,4,4,17,45,44,44109,Place Emile Zola,47.2136184,-1.58704101,Plein jour,En agglomération,Place,Temps couvert,Sans collision,4,2,2,0,1,1,1,0,1,30,1,1,0,0,0,1,61.0,,deux_roues,,1,2,7,8,7
202400010897,2024-10-17 08:00:00,2024,10,17,8,0,76,76451,Place des Coquets,49.4626,1.08175,Crépuscule ou aube,En agglomération,Intersection en X,Pluie légère,Autre collision,4,2,2,0,1,1,2,0,1,50,1,2,1,0,0,1,42.0,,voiture,,2,2,2,2,6
202400010897,2024-10-17 08:00:00,2024,10,17,8,0,76,76451,Place des Coquets,49.4626,1.08175,Crépuscule ou aube,En agglomération,Intersection en X,Pluie légère,Autre collision,4,2,2,0,1,1,2,0,1,50,1,2,1,0,0,1,42.0,,voiture,,2,2,2,2,6
202400010898,2024-04-03 16:34:00,2024,4,3,16,34,44,44109,46 Rue de Strasbourg,47.21966092,-1.55428762,Plein jour,En agglomération,Intersection en X,Temps couvert,Deux véhicules - arrière,4,1,1,2,1,1,1,-1,1,30,2,2,1,0,0,1,25.0,20.0,voiture,deux_roues,1,2,2,8,2
202400010898,2024-04-03 16:34:00,2024,4,3,16,34,44,44109,46 Rue de Strasbourg,47.21966092,-1.55428762,Plein jour,En agglomération,Intersection en X,Temps couvert,Deux véhicules - arrière,4,2,2,2,2,1,1,-1,1,50,2,2,1,0,0,1,25.0,20.0,voiture,deux_roues,1,2,2,8,2
202400010899,2024-04-01 14:11:00,2024,4,1,14,11,44,44162,Boulevard Charles Gauthier,47.22183149,-1.60659249,Plein jour,En agglomération,Hors intersection,Temps couvert,Autre collision,4,3,3,1,2,1,1,-1,1,50,1,1,0,0,0,1,36.0,,voiture,,1,2,1,8,6
202400010900,2024-10-17 14:10:00,2024,10,17,14,10,76,76351,GOBELINS (DES),49.49767,0.10418,Plein jour,En agglomération,Hors intersection,Normale,Sans collision,4,2,2,0,1,1,1,0,1,50,1,1,0,0,0,1,56.0,,deux_roues,,1,2,1,1,7
202400010901,2024-04-01 13:57:00,2024,4,1,13,57,44,44109,159 Boulevard Jules Verne,47.2434338,-1.52714968,Plein jour,En agglomération,Hors intersection,Temps couvert,Deux véhicules - côté,4,2,2,2,1,1,1,-1,1,50,2,2,1,0,0,1,50.0,49.0,voiture,transport_commun,1,2,1,8,3