accident_id,datetime,annee,mois,jour,heure,minute,departement,commune_insee,adresse,latitude,longitude,luminosite,agglomeration,intersection,meteo,collision,catr,circ,nbv,vosp,prof,plan,surf,infra,situ,vma,nb_vehicules,nb_usagers,nb_indemnes,nb_tues,nb_blesses_hosp,nb_blesses_legers,age_cond_1,age_cond_2,veh_type_cond_1,veh_type_cond_2,lum_code,agg_code,int_code,atm_code,col_code
202400010967,2024-10-17 12:45:00,2024,10,17,12,45,47,47001,CUVIER (AV. GEORGES),44.1963,0.633,Plein jour,En agglomération,Hors intersection,Pluie forte,Deux véhicules - arrière,4,2,2,0,1,1,4,0,1,50,2,2,0,0,0,2,44.0,37.0,voiture,voiture,1,2,1,3,2
202400010968,2024-06-01 18:00:00,2024,6,1,18,0,45,45338,D961 PR 0 + 3383,47.989,2.696,Plein jour,Hors agglomération,Hors intersection,Pluie légère,Deux véhicules - frontale,3,2,2,0,3,2,2,0,1,50,2,4,2,1,0,1,21.0,82.0,voiture,voiture,1,1,1,2,1
202400010969,2024-10-17 20:00:00,2024,10,17,20,0,44,44184,11 Avenue François Mitterrand,47.2704,-2.2248,Nuit avec éclairage allumé,En agglomération,Intersection en T,Normale,Deux véhicules - côté,4,2,2,0,1,1,1,0,5,50,2,2,1,0,0,1,20.0,18.0,voiture,deux_roues,5,2,3,1,3
202400010969,2024-10-17 20:00:00,2024,10,17,20,0,44,44184,11 Avenue François Mitterrand,47.2704,-2.2248,Nuit avec éclairage allumé,En agglomération,Intersection en T,Normale,Deux véhicules - côté,4,2,2,2,1,1,1,0,5,50,2,2,1,0,0,1,20.0,18.0,voiture,deux_roues,5,2,3,1,3
202400010970,2024-10-17 18:44:00,2024,10,17,18,44,38,38185,COURS BERRIAT,45.18886,5.70582,Nuit avec éclairage allumé,En agglomération,Intersection en T,Pluie forte,Deux véhicules - frontale,4,-1,1,3,1,1,2,9,1,50,2,2,1,0,1,0,28.0,51.0,deux_roues,voiture,5,2,3,3,1
202400010970,2024-10-17 18:44:00,2024,10,17,18,44,38,38185,COURS BERRIAT,45.18886,5.70582,Nuit avec éclairage allumé,En agglomération,Intersection en T,Pluie forte,Deux véhicules - frontale,4,-1,3,0,1,1,2,9,1,50,2,2,1,0,1,0,28.0,51.0,deux_roues,voiture,5,2,3,3,1
202400010971,2024-05-31 18:45:00,2024,5,31,18,45,45,45208,97 Rue André Coquillet,47.988914,2.732408,Plein jour,En agglomération,Intersection en T,Pluie légère,Trois véhicules et plus - collisions multiples,3,2,2,2,1,1,2,0,1,50,3,3,2,0,0,1,64.0,28.0,voiture,voiture,1,2,3,2,5
202400010971,2024-05-31 18:45:00,2024,5,31,18,45,45,45208,97 Rue André Coquillet,47.988914,2.732408,Plein jour,En agglomération,Intersection en T,Pluie légère,Trois véhicules et plus - collisions multiples,3,2,2,-1,1,1,2,0,1,50,3,3,2,0,0,1,64.0,28.0,voiture,voiture,1,2,3,2,5
202400010972,2024-05-31 18:43:00,2024,5,31,18,43,45,45208,14 Avenue Louis-Maurice Chautemps,48.005417,2.744353,Plein jour,Hors agglomération,Intersection en X,Pluie légère,Deux véhicules - côté,4,2,2,0,2,1,2,5,1,50,2,2,1,0,0,1,17.0,24.0,voiture,voiture,1,1,2,2,3
202400010972,2024-05-31 18:43:00,2024,5,31,18,43,45,45208,14 Avenue Louis-Maurice Chautemps,48.005417,2.744353,Plein jour,Hors agglomération,Intersection en X,Pluie légère,Deux véhicules - côté,4,2,2,0,1,1,2,5,1,50,2,2,1,0,0,1,17.0,24.0,voiture,voiture,1,1,2,2,3
202400010973,2024-10-16 17:00:00,2024,10,16,17,0,38,38053,Boulevard Vincent Scotto,45.60378,5.26673,Plein jour,En agglomération,Intersection en T,Normale,Deux véhicules - côté,4,2,2,0,1,1,1,0,1,50,2,2,1,0,0,1,65.0,18.0,voiture,voiture,1,2,3,1,3
202400010973,2024-10-16 17:00:00,2024,10,16,17,0,38,38053,Boulevard Vincent Scotto,45.60378,5.26673,Plein jour,En agglomération,Intersection en T,Normale,Deux véhicules - côté,4,2,2,0,1,1,1,0,1,50,2,2,1,0,0,1,65.0,18.0,voiture,voiture,1,2,3,1,3
202400010974,2024-05-31 18:15:00,2024,5,31,18,15,45,45004,D2060 PR 28 + 335,47.97026,2.73386,Plein jour,Hors agglomération,Autre intersection,Pluie légère,Autre collision,3,3,3,0,1,3,2,3,1,110,1,1,0,0,0,1,36.0,,voiture,,1,1,9,2,6
202400010975,2024-06-01 11:00:00,2024,6,1,11,0,43,43157,Allee des Portes Occitanes,45.02485,3.88281,Plein jour,En agglomération,Hors intersection,Normale,Autre collision,6,-1,0,0,1,1,1,0,4,50,1,3,2,0,0,1,60.0,,voiture,,1,2,1,1,6
202400010976,2024-09-18 18:21:00,2024,9,18,18,21,37,37261,CHEVALLIER (RUE AUGUSTE),47.37975693,0.67981571,Plein jour,En agglomération,Intersection en X,Normale,Deux véhicules - côté,4,1,1,0,1,1,1,0,1,50,2,2,1,0,0,1,33.0,18.0,deux_roues,voiture,1,2,2,1,3
202400010976,2024-09-18 18:21:00,2024,9,18,18,21,37,37261,CHEVALLIER (RUE AUGUSTE),47.37975693,0.67981571,Plein jour,En agglomération,Intersection en X,Normale,Deux véhicules - côté,4,2,2,0,1,1,1,0,1,50,2,2,1,0,0,1,33.0,18.0,deux_roues,voiture,1,2,2,1,3
202400010977,2024-10-17 06:10:00,2024,10,17,6,10,37,37261,MIRABEAU (PONT),47.39756,0.6994,Nuit avec éclairage allumé,En agglomération,Intersection en X,Pluie légère,Deux véhicules - côté,4,2,4,0,2,1,2,2,1,50,2,2,1,0,0,1,19.0,31.0,voiture,voiture,5,2,2,2,3
202400010977,2024-10-17 06:10:00,2024,10,17,6,10,37,37261,MIRABEAU (PONT),47.39756,0.6994,Nuit avec éclairage allumé,En agglomération,Intersection en X,Pluie légère,Deux véhicules - côté,4,2,3,2,1,1,2,0,1,50,2,2,1,0,0,1,19.0,31.0,voiture,voiture,5,2,2,2,3
202400010978,2024-06-01 22:54:00,2024,6,1,22,54,42,42044,Boulevard d’Auvergne,45.39452,4.3231,Nuit avec éclairage non allumé,En agglomération,Hors intersection,Normale,Deux véhicules - frontale,7,2,1,0,1,3,1,0,1,50,2,8,2,0,1,5,43.0,32.0,voiture,voiture,4,2,1,1,1
202400010979,2024-10-16 08:00:00,2024,10,16,8,0,37,37233,ARC EN CIEL ( ROND POINT DE L'),47.39218,0.72532,Plein jour,En agglomération,Giratoire,Normale,Deux véhicules - côté,4,1,2,2,1,2,1,0,1,50,2,2,1,0,0,1,69.0,51.0,deux_roues,voiture,1,2,6,1,3
202400010979,2024-10-16 08:00:00,2024,10,16,8,0,37,37233,ARC EN CIEL ( ROND POINT DE L'),47.39218,0.72532,Plein jour,En agglomération,Giratoire,Normale,Deux véhicules - côté,4,2,2,2,1,1,1,0,1,50,2,2,1,0,0,1,69.0,51.0,deux_roues,voiture,1,2,6,1,3
202400010980,2024-06-01 12:25:00,2024,6,1,12,25,38,38185,GENERAL FERRIE (RUE),45.1773,5.72435,Plein jour,En agglomération,Autre intersection,Temps couvert,Autre collision,4,2,2,0,1,1,1,0,1,50,1,2,1,0,1,0,52.0,,voiture,,1,2,9,8,6
202400010981,2024-05-13 09:20:00,2024,5,13,9,20,34,34108,DE GAULE GENERAL (AVENUE DU),43.44682,3.75386,Plein jour,En agglomération,Giratoire,Normale,Deux véhicules - côté,4,1,2,0,1,2,1,5,1,30,2,2,1,0,0,1,82.0,65.0,deux_roues,voiture,1,2,6,1,3
202400010981,2024-05-13 09:20:00,2024,5,13,9,20,34,34108,DE GAULE GENERAL (AVENUE DU),43.44682,3.75386,Plein jour,En agglomération,Giratoire,Normale,Deux véhicules - côté,4,1,2,0,1,1,1,5,1,30,2,2,1,0,0,1,82.0,65.0,deux_roues,voiture,1,2,6,1,3
202400010982,2024-10-16 06:55:00,2024,10,16,6,55,37,37233,GRANDS MORTIERS (RUE DES),47.38225,0.7306,Nuit avec éclairage allumé,En agglomération,Giratoire,Temps couvert,Deux véhicules - côté,4,2,2,0,1,1,2,5,1,50,2,2,1,0,0,1,60.0,45.0,voiture,deux_roues,5,2,6,8,3
202400010982,2024-10-16 06:55:00,2024,10,16,6,55,37,37233,GRANDS MORTIERS (RUE DES),47.38225,0.7306,Nuit avec éclairage allumé,En agglomération,Giratoire,Temps couvert,Deux véhicules - côté,4,1,2,0,2,1,2,0,1,50,2,2,1,0,0,1,60.0,45.0,voiture,deux_roues,5,2,6,8,3
202400010983,2024-05-05 16:45:00,2024,5,5,16,45,34,34301,DURAND GENERAL (QUAI),43.40128,3.69696,Plein jour,En agglomération,Hors intersection,Normale,Deux véhicules - côté,4,1,1,0,1,1,1,0,1,20,2,2,1,0,0,1,51.0,73.0,deux_roues,voiture,1,2,1,1,3
202400010984,2024-10-16 14:20:00,2024,10,16,14,20,34,34172,ORIENT (BOULEVARD D'),43.60368,3.88969,Plein jour,En agglomération,Hors intersection,Normale,Autre collision,4,3,4,0,1,2,1,0,1,30,1,2,1,0,0,1,35.0,,voiture,,1,2,1,1,6
202400010985,2024-06-01 23:18:00,2024,6,1,23,18,31,31555,RTE D AGDE,43.6249186,1.47498697,Nuit avec éclairage allumé,En agglomération,Hors intersection,Normale,Autre collision,7,2,0,0,2,1,1,6,8,50,1,2,1,0,1,0,,,voiture,,5,2,1,1,6
202400010986,2024-06-01 15:25:00,2024,6,1,15,25,31,31555,RUE LOUISE WEISS,43.64034,1.45338,Plein jour,En agglomération,Hors intersection,Normale,Autre collision,4,-1,1,0,1,1,1,0,4,30,1,2,1,0,0,1,17.0,,deux_roues,,1,2,1,1,6
202400010987,2024-10-16 12:18:00,2024,10,16,12,18,34,34032,VERDIER PIERRE (AV),43.34479,3.23404,Plein jour,En agglomération,Intersection en X,Normale,Sans collision,4,2,4,0,1,3,1,0,1,50,3,4,3,0,1,0,57.0,61.0,voiture,voiture,1,2,2,1,7
202400010987,2024-10-16 12:18:00,2024,10,16,12,18,34,34032,VERDIER PIERRE (AV),43.34479,3.23404,Plein jour,En agglomération,Intersection en X,Normale,Sans collision,4,2,3,0,1,1,1,0,1,50,3,4,3,0,1,0,57.0,61.0,voiture,voiture,1,2,2,1,7
202400010988,2024-06-01 09:54:00,2024,6,1,9,54,31,31555,Rue de la Verge d'Or,43.610576,1.439942,Plein jour,En agglomération,Hors intersection,Normale,Autre collision,4,1,1,0,2,1,1,0,1,30,1,3,2,1,0,0,23.0,,voiture,,1,2,1,1,6
202400010989,2024-10-17 08:10:00,2024,10,17,8,10,33,33200,,44.87968,-0.68425,Crépuscule ou aube,En agglomération,Hors intersection,Pluie forte,Deux véhicules - côté,4,2,5,2,1,1,2,0,1,30,2,2,1,0,0,1,43.0,48.0,voiture,deux_roues,2,2,1,3,3
202400010990,2024-06-01 23:15:00,2024,6,1,23,15,28,28085,D823,48.45497,1.53008,Nuit avec éclairage allumé,En agglomération,Hors intersection,Normale,Deux véhicules - côté,3,2,2,0,1,1,2,0,1,50,2,4,3,0,0,1,23.0,20.0,voiture,voiture,5,2,1,1,3
202400010991,2024-10-17 01:10:00,2024,10,17,1,10,31,31555,AV JEAN ZAY,43.64787529,1.43679231,Nuit avec éclairage allumé,En agglomération,Hors intersection,Normale,Sans collision,4,2,4,0,1,1,1,0,1,50,1,2,0,0,0,2,19.0,,deux_roues,,5,2,1,1,7
202400010992,2024-06-01 10:30:00,2024,6,1,10,30,26,26362,Avenue Docteur Paul Santy,44.91523,4.90806,Plein jour,Hors agglomération,Hors intersection,Normale,Sans collision,4,3,4,0,1,2,1,0,1,70,1,2,0,0,1,1,18.0,,deux_roues,,1,1,1,1,7
202400010993,2024-06-01 17:40:00,2024,6,1,17,40,17,17415,Route Nationale 150,45.71421,-0.67058,Plein jour,Hors agglomération,Hors intersection,Normale,Sans collision,2,3,4,0,1,1,1,0,1,90,1,1,0,0,0,1,80.0,,voiture,,1,1,1,1,7
202400010994,2024-10-16 18:35:00,2024,10,16,18,35,29,29019,rue Camille Pelletan,48.402056,-4.494537,Plein jour,En agglomération,Intersection en X,Pluie légère,Deux véhicules - côté,4,1,1,0,1,1,2,0,1,50,2,3,1,0,0,2,23.0,41.0,voiture,voiture,1,2,2,2,3
202400010994,2024-10-16 18:35:00,2024,10,16,18,35,29,29019,rue Camille Pelletan,48.402056,-4.494537,Plein jour,En agglomération,Intersection en X,Pluie légère,Deux véhicules - côté,4,1,1,0,1,1,2,0,1,50,2,3,1,0,0,2,23.0,41.0,voiture,voiture,1,2,2,2,3
202400010995,2024-06-01 05:50:00,2024,6,1,5,50,17,17415,APOTRES DE LA LIBERTE COURS DES,45.74071,-0.64162,Nuit avec éclairage allumé,En agglomération,Hors intersection,Normale,Deux véhicules - arrière,4,2,2,0,1,1,1,0,1,50,2,2,1,0,0,1,20.0,51.0,voiture,voiture,5,2,1,1,2
202400010996,2024-10-16 08:30:00,2024,10,16,8,30,29,29019,place de Strasbourg,48.402741,-4.466468,Plein jour,En agglomération,Hors intersection,Pluie légère,Autre collision,4,2,2,0,1,1,2,0,1,30,1,2,1,0,0,1,49.0,,voiture,,1,2,1,2,6
202400010997,2024-06-01 22:30:00,2024,6,1,22,30,13,13210,CAPELETTE (AVENUE DE LA),43.27911,5.41349,Nuit avec éclairage allumé,En agglomération,Hors intersection,Normale,Deux véhicules - arrière,4,2,2,0,1,1,1,0,1,50,1,1,0,0,0,1,20.0,,voiture,,5,2,1,1,2
202400010998,2024-06-01 19:30:00,2024,6,1,19,30,13,13208,VOLUBILIS (bd des),43.2479,5.38378,Plein jour,En agglomération,Intersection en X,Normale,Deux véhicules - côté,4,-1,1,0,1,1,1,5,1,50,2,2,1,0,0,1,40.0,20.0,voiture,voiture,1,2,2,1,3
202400010998,2024-06-01 19:30:00,2024,6,1,19,30,13,13208,VOLUBILIS (bd des),43.2479,5.38378,Plein jour,En agglomération,Intersection en X,Normale,Deux véhicules - côté,4,2,3,0,1,1,1,5,1,50,2,2,1,0,0,1,40.0,20.0,voiture,voiture,1,2,2,1,3
202400010999,2024-10-17 08:45:00,2024,10,17,8,45,19,19031,ROLLAND (RUE ROMAIN) A PARTIR DE N° 88 ,45.15975,1.51383,Plein jour,En agglomération,Hors intersection,Pluie forte,Autre collision,4,2,2,0,1,1,2,9,1,50,1,2,1,0,0,1,,,utilitaire_camion,,1,2,1,3,6
202400011000,2024-06-01 13:52:00,2024,6,1,13,52,13,13211,SAINT LOUP (BOULEVARD DE),43.28424,5.436,Plein jour,En agglomération,Hors intersection,Normale,Deux véhicules - côté,4,2,0,0,1,1,1,0,1,50,1,3,2,0,1,0,39.0,,transport_commun,,1,2,1,1,3
202400011001,2024-10-14 15:50:00,2024,10,14,15,50,14,14437,N814,49.1817,-0.32502,Plein jour,Hors agglomération,Hors intersection,Normale,Deux véhicules - arrière,2,3,2,0,2,1,1,2,1,70,2,5,1,0,0,4,26.0,50.0,voiture,voiture,1,1,1,1,2
202400011002,2024-06-01 02:20:00,2024,6,1,2,20,13,13211,CARTONNERIE (BOULEVARD DE LA ),43.29204,5.45978,Nuit avec éclairage allumé,En agglomération,Hors intersection,Normale,Deux véhicules - côté,3,2,2,0,1,1,1,0,1,50,2,2,1,0,0,1,28.0,22.0,voiture,deux_roues,5,2,1,1,3
202400011003,2024-06-01 12:12:00,2024,6,1,12,12,11,11262,,43.1813,3.0295,Plein jour,En agglomération,Giratoire,Normale,Autre collision,4,-1,2,0,1,1,1,9,1,50,1,2,1,0,0,1,66.0,,voiture,,1,2,6,1,6
202400011004,2024-10-17 17:10:00,2024,10,17,17,10,13,13212,AIGUILLETTE (RUE DE L'),43.31,5.42,Plein jour,En agglomération,Autre intersection,Normale,Deux véhicules - frontale,4,-1,2,0,1,1,1,5,1,50,2,2,0,0,0,2,45.0,48.0,voiture,voiture,1,2,9,1,1
202400011005,2024-06-01 10:39:00,2024,6,1,10,39,11,11262,,43.174942,3.026972,Plein jour,En agglomération,Autre intersection,Normale,Autre collision,3,2,2,3,1,1,1,9,6,30,1,2,1,0,0,1,90.0,,voiture,,1,2,9,1,6
202400011006,2024-10-17 13:54:00,2024,10,17,13,54,13,13210,TOULON (AVENUE DE),43.28405,5.39578,Plein jour,En agglomération,Hors intersection,Normale,Deux véhicules - arrière,9,2,2,0,1,1,1,0,1,50,2,2,0,0,0,2,19.0,33.0,deux_roues,voiture,1,2,1,1,2
202400011007,2024-05-31 17:55:00,2024,5,31,17,55,11,11069,ROCADE SUD RD 6161,43.20414,2.38642,Plein jour,Hors agglomération,Intersection en X,Normale,Deux véhicules - côté,3,1,1,0,2,1,1,0,1,50,2,2,1,0,0,1,47.0,48.0,utilitaire_camion,voiture,1,1,2,1,3
202400011007,2024-05-31 17:55:00,2024,5,31,17,55,11,11069,ROCADE SUD RD 6161,43.20414,2.38642,Plein jour,Hors agglomération,Intersection en X,Normale,Deux véhicules - côté,3,3,1,0,2,2,1,0,1,80,2,2,1,0,0,1,47.0,48.0,utilitaire_camion,voiture,1,1,2,1,3
202400011008,2024-10-16 17:50:00,2024,10,16,17,50,13,13214,PLOMBIERES (BOULEVARD DES),43.31704737,5.38180578,Plein jour,En agglomération,Hors intersection,Normale,Deux véhicules - côté,4,3,4,0,1,1,1,0,1,50,1,2,1,0,0,1,26.0,,voiture,,1,2,1,1,3
202400011009,2024-06-01 13:49:00,2024,6,1,13,49,01,01053,ALSACE LORRAINE (AVENUE ),46.20196,5.22095,Plein jour,En agglomération,Intersection en X,Temps couvert,Deux véhicules - côté,4,2,2,0,2,1,1,0,1,50,2,2,1,0,0,1,24.0,75.0,utilitaire_camion,deux_roues,1,2,2,8,3
202400011009,2024-06-01 13:49:00,2024,6,1,13,49,01,01053,ALSACE LORRAINE (AVENUE ),46.20196,5.22095,Plein jour,En agglomération,Intersection en X,Temps couvert,Deux véhicules - côté,4,1,2,0,2,1,1,0,1,50,2,2,1,0,0,1,24.0,75.0,utilitaire_camion,deux_roues,1,2,2,8,3
202400011010,2024-10-16 15:57:00,2024,10,16,15,57,10,10387,CHARMILLES (MAIL DES),48.2953,4.0844,Plein jour,En agglomération,Hors intersection,Normale,Deux véhicules - côté,4,1, -1,0,1,1,1,0,1,50,2,3,2,0,0,1,40.0,38.0,voiture,utilitaire_camion,1,2,1,1,3
202400011011,2024-06-01 18:15:00,2024,6,1,18,15,75,75118,BD PERIPHERIQUE INTERIEUR,48.900758,2.337189,Crépuscule ou aube,En agglomération,Hors intersection,Pluie légère,Deux véhicules - côté,4,1,4,0,1,1,2,0,1,70,2,2,1,0,0,1,50.0,25.0,deux_roues,voiture,2,2,1,2,3
202400011012,2024-06-01 14:50:00,2024,6,1,14,50,75,75105,QUAI DE LA TOURNELLE,48.851126,2.351305,Plein jour,En agglomération,Intersection en X,Pluie légère,Deux véhicules - côté,4,1, -1,-1,1,1,2,0,1,30,2,2,1,0,1,0,30.0,,utilitaire_camion,,1,2,2,2,3
202400011012,2024-06-01 14:50:00,2024,6,1,14,50,75,75105,QUAI DE LA TOURNELLE,48.851126,2.351305,Plein jour,En agglomération,Intersection en X,Pluie légère,Deux véhicules - côté,4,1,2,0,1,1,2,0,1,30,2,2,1,0,1,0,30.0,,utilitaire_camion,,1,2,2,2,3
202400011013,2024-10-17 07:35:00,2024,10,17,7,35,03,03310,Boulevard Denière,46.1273,3.43421,Crépuscule ou aube,En agglomération,Intersection en X,Normale,Deux véhicules - côté,4,2,2,0,1,1,1,0,1,50,2,2,1,0,0,1,43.0,53.0,utilitaire_camion,deux_roues,2,2,2,1,3
202400011013,2024-10-17 07:35:00,2024,10,17,7,35,03,03310,Boulevard Denière,46.1273,3.43421,Crépuscule ou aube,En agglomération,Intersection en X,Normale,Deux véhicules - côté,4,2,2,0,1,1,1,0,1,50,2,2,1,0,0,1,43.0,53.0,utilitaire_camion,deux_roues,2,2,2,1,3
202400011014,2024-06-01 12:00:00,2024,6,1,12,0,75,75117,BOULEVARD DE COURCELLES,48.879034,2.302358,Plein jour,En agglomération,Intersection en T,Normale,Autre collision,4,1,2,1,1,1,1,0,1,50,1,2,1,0,1,0,46.0,,voiture,,1,2,3,1,6
202400011014,2024-06-01 12:00:00,2024,6,1,12,0,75,75117,BOULEVARD DE COURCELLES,48.879034,2.302358,Plein jour,En agglomération,Intersection en T,Normale,Autre collision,4,1, -1,-1,1,1,1,0,1,50,1,2,1,0,1,0,46.0,,voiture,,1,2,3,1,6
202400011015,2024-10-16 16:40:00,2024,10,16,16,40,03,03190,Rue Edmond Bourges,46.5609,3.3184,Plein jour,En agglomération,Hors intersection,Normale,Autre collision,4,1,2,0,1,1,1,0,1,50,1,2,1,0,0,1,28.0,,voiture,,1,2,1,1,6
202400011016,2024-06-01 15:45:00,2024,6,1,15,45,75,75115,RUE DE LA CONVENTION,48.842626,2.284582,Plein jour,En agglomération,Hors intersection,Pluie légère,Deux véhicules - côté,4,2,3,3,1,1,2,8,1,30,2,2,1,0,0,1,27.0,54.0,deux_roues,voiture,1,2,1,2,3
202400011017,2024-10-17 08:10:00,2024,10,17,8,10,75,75113,BD PERIPHERIQUE INTERIEUR,48.817522,2.349559,Plein jour,En agglomération,Hors intersection,Normale,Deux véhicules - arrière,4,1,3,0,1,1,1,0,1,50,2,2,1,0,0,1,22.0,26.0,voiture,deux_roues,1,2,1,1,2
202400011018,2024-06-01 02:51:00,2024,6,1,2,51,75,75115,RUE DE VAUGIRARD,48.84286,2.31238,Nuit avec éclairage allumé,En agglomération,Intersection en X,Normale,Deux véhicules - côté,4,2,5,0,1,1,2,9,1,30,2,3,2,0,0,1,22.0,,deux_roues,voiture,5,2,2,1,3
202400011018,2024-06-01 02:51:00,2024,6,1,2,51,75,75115,RUE DE VAUGIRARD,48.84286,2.31238,Nuit avec éclairage allumé,En agglomération,Intersection en X,Normale,Deux véhicules - côté,4,4,5,1,1,1,2,9,1,30,2,3,2,0,0,1,22.0,,deux_roues,voiture,5,2,2,1,3
202400011019,2024-10-17 09:23:00,2024,10,17,9,23,75,75112,BD PERIPHERIQUE EXTERIEUR,48.82759547,2.39349067,Plein jour,En agglomération,Hors intersection,Normale,Deux véhicules - côté,4,1,2,0,1,1,1,0,1,50,2,2,1,0,0,1,43.0,49.0,deux_roues,utilitaire_camion,1,2,1,1,3
202400011020,2024-05-31 17:15:00,2024,5,31,17,15,75,75114,RUE LIARD,48.82136,2.342568,Plein jour,En agglomération,Intersection à plus de 4 branches,Normale,Deux véhicules - côté,4,2,2,0,1,1,1,5,1,30,2,3,1,0,0,2,77.0,33.0,voiture,utilitaire_camion,1,2,5,1,3
202400011020,2024-05-31 17:15:00,2024,5,31,17,15,75,75114,RUE LIARD,48.82136,2.342568,Plein jour,En agglomération,Intersection à plus de 4 branches,Normale,Deux véhicules - côté,4,1,1,1,2,1,1,5,1,30,2,3,1,0,0,2,77.0,33.0,voiture,utilitaire_camion,1,2,5,1,3
202400011021,2024-10-16 18:25:00,2024,10,16,18,25,75,75114,BD PERIPHERIQUE INTERIEUR,48.820099,2.325741,Crépuscule ou aube,En agglomération,Hors intersection,Normale,Deux véhicules - côté,4,1,3,0,1,1,1,0,1,50,2,2,1,0,0,1,29.0,28.0,voiture,deux_roues,2,2,1,1,3
202400011022,2024-06-01 12:45:00,2024,6,1,12,45,75,75113,AVENUE D IVRY,48.822036,2.36832,Plein jour,En agglomération,Hors intersection,Pluie légère,Autre collision,4,1,3,1,1,1,2,0,5,30,1,2,1,0,0,1,26.0,,deux_roues,,1,2,1,2,6
202400011023,2024-10-17 12:50:00,2024,10,17,12,50,75,75106,BOULEVARD DU MONTPARNASSE,48.843576,2.325046,Plein jour,En agglomération,Hors intersection,Pluie légère,Autre collision,4,2,6,3,1,1,2,0,1,30,1,1,0,0,0,1,27.0,,deux_roues,,1,2,1,2,6
202400011024,2024-10-16 15:25:00,2024,10,16,15,25,75,75120,RUE DES FRERES FLAVIEN,48.876801,2.411995,Plein jour,En agglomération,Intersection en X,Normale,Deux véhicules - côté,4,2,4,0,1,1,1,0,1,30,2,2,1,0,0,1,42.0,28.0,voiture,deux_roues,1,2,2,1,3
202400011024,2024-10-16 15:25:00,2024,10,16,15,25,75,75120,RUE DES FRERES FLAVIEN,48.876801,2.411995,Plein jour,En agglomération,Intersection en X,Normale,Deux véhicules - côté,4,2,4,0,1,1,1,0,1,30,2,2,1,0,0,1,42.0,28.0,voiture,deux_roues,1,2,2,1,3
202400011025,2024-06-01 15:00:00,2024,6,1,15,0,75,75112,AVENUE DU DOCTEUR ARNOLD NETTER,48.847151,2.406263,Plein jour,En agglomération,Intersection en X,Pluie légère,Autre collision,4,2,4,3,1,1,2,0,6,30,2,2,1,0,0,1,51.0,33.0,voiture,deux_roues,1,2,2,2,6
202400011025,2024-06-01 15:00:00,2024,6,1,15,0,75,75112,AVENUE DU DOCTEUR ARNOLD NETTER,48.847151,2.406263,Plein jour,En agglomération,Intersection en X,Pluie légère,Autre collision,4,1, -1,-1,1,1,2,0,6,30,2,2,1,0,0,1,51.0,33.0,voiture,deux_roues,1,2,2,2,6
202400011026,2024-10-16 13:10:00,2024,10,16,13,10,75,75120,RUE DE BELLEVILLE,48.873474,2.383092,Plein jour,En agglomération,Intersection en T,Normale,Autre collision,4,2, -1,0,1,1,1,0,1,30,1,2,1,0,0,1,36.0,,transport_commun,,1,2,3,1,6
202400011026,2024-10-16 13:10:00,2024,10,16,13,10,75,75120,RUE DE BELLEVILLE,48.873474,2.383092,Plein jour,En agglomération,Intersection en T,Normale,Autre collision,4,2,2,0,2,1,1,0,1,30,1,2,1,0,0,1,36.0,,transport_commun,,1,2,3,1,6
202400011027,2024-06-01 14:38:00,2024,6,1,14,38,75,75109,BOULEVARD DE LA MADELEINE,48.869919,2.328023,Plein jour,En agglomération,Intersection en X,Pluie légère,Deux véhicules - arrière,4,1,4,3,1,1,2,0,1,30,2,2,1,0,0,1,38.0,24.0,voiture,voiture,1,2,2,2,2
202400011027,2024-06-01 14:38:00,2024,6,1,14,38,75,75109,BOULEVARD DE LA MADELEINE,48.869919,2.328023,Plein jour,En agglomération,Intersection en X,Pluie légère,Deux véhicules - arrière,4,1, -1,-1,1,1,2,0,1,30,2,2,1,0,0,1,38.0,24.0,voiture,voiture,1,2,2,2,2
202400011028,2024-10-17 16:20:00,2024,10,17,16,20,75,75119,RUE D AUBERVILLIERS,48.896733,2.370741,Plein jour,En agglomération,Hors intersection,Pluie légère,Sans collision,4,2,4,3,2,1,2,0,1,30,2,2,1,0,0,1,24.0,31.0,utilitaire_camion,deux_roues,1,2,1,2,7
202400011029,2024-06-01 18:00:00,2024,6,1,18,0,75,75108,BOULEVARD HAUSSMANN,48.875124,2.314903,Plein jour,En agglomération,Intersection en X,Temps couvert,Deux véhicules - frontale,4,2,2,0,1,1,1,8,1,50,2,2,1,0,0,1,27.0,89.0,deux_roues,voiture,1,2,2,8,1
202400011029,2024-06-01 18:00:00,2024,6,1,18,0,75,75108,BOULEVARD HAUSSMANN,48.875124,2.314903,Plein jour,En agglomération,Intersection en X,Temps couvert,Deux véhicules - frontale,4,1, -1,-1,1,1,1,8,1,50,2,2,1,0,0,1,27.0,89.0,deux_roues,voiture,1,2,2,8,1
202400011030,2024-10-17 04:50:00,2024,10,17,4,50,75,75119,RUE SIGMUND FREUD,48.884688,2.398909,Nuit avec éclairage allumé,En agglomération,Intersection en T,Normale,Deux véhicules - côté,4,2, -1,0,1,1,1,0,1,30,2,4,2,0,0,2,18.0,36.0,voiture,voiture,5,2,3,1,3
202400011030,2024-10-17 04:50:00,2024,10,17,4,50,75,75119,RUE SIGMUND FREUD,48.884688,2.398909,Nuit avec éclairage allumé,En agglomération,Intersection en T,Normale,Deux véhicules - côté,4,2, -1,0,1,1,1,0,1,50,2,4,2,0,0,2,18.0,36.0,voiture,voiture,5,2,3,1,3