accident_id,datetime,annee,mois,jour,heure,minute,departement,commune_insee,adresse,latitude,longitude,luminosite,agglomeration,intersection,meteo,collision,catr,circ,nbv,vosp,prof,plan,surf,infra,situ,vma,nb_vehicules,nb_usagers,nb_indemnes,nb_tues,nb_blesses_hosp,nb_blesses_legers,age_cond_1,age_cond_2,veh_type_cond_1,veh_type_cond_2,lum_code,agg_code,int_code,atm_code,col_code
202400011031,2024-05-31 22:20:00,2024,5,31,22,20,94,94081,Avenue Anatole France / Rue Pasteur,48.80448982,2.40515694,Nuit avec éclairage allumé,En agglomération,Intersection en T,Autre,Deux véhicules - côté,3,2,2,0,1,2,2,0,1,50,2,2,1,0,0,1,43.0,18.0,voiture,deux_roues,5,2,3,9,3
202400011031,2024-05-31 22:20:00,2024,5,31,22,20,94,94081,Avenue Anatole France / Rue Pasteur,48.80448982,2.40515694,Nuit avec éclairage allumé,En agglomération,Intersection en T,Autre,Deux véhicules - côté,3,1,1,0,1,2,2,0,1,-1,2,2,1,0,0,1,43.0,18.0,voiture,deux_roues,5,2,3,9,3
202400011032,2024-10-16 16:28:00,2024,10,16,16,28,75,75119,BOULEVARD SERURIER,48.878485,2.403208,Plein jour,En agglomération,Hors intersection,Normale,Deux véhicules - arrière,4,3,8,1,2,1,1,0,5,50,2,2,0,0,0,2,58.0,35.0,deux_roues,deux_roues,1,2,1,1,2
202400011033,2024-10-17 17:10:00,2024,10,17,17,10,75,75118,AVENUE DE LA PORTE DE CLIGNANCOURT,48.89809137,2.34426963,Crépuscule ou aube,En agglomération,Intersection en T,Pluie forte,Deux véhicules - côté,4,-1,4,0,2,1,3,5,1,30,2,2,1,0,0,1,29.0,38.0,deux_roues,voiture,2,2,3,3,3
202400011033,2024-10-17 17:10:00,2024,10,17,17,10,75,75118,AVENUE DE LA PORTE DE CLIGNANCOURT,48.89809137,2.34426963,Crépuscule ou aube,En agglomération,Intersection en T,Pluie forte,Deux véhicules - côté,4,2,4,0,1,1,3,5,1,30,2,2,1,0,0,1,29.0,38.0,deux_roues,voiture,2,2,3,3,3
202400011034,2024-06-01 04:20:00,2024,6,1,4,20,94,94046,Rue de Joinville / Rue Condorcet,48.81049,2.45269,Nuit avec éclairage allumé,En agglomération,Intersection en X,Pluie légère,Deux véhicules - frontale,4,2,2,0,1,1,2,0,1,50,2,5,2,0,0,3,23.0,49.0,voiture,voiture,5,2,2,2,1
202400011035,2024-10-17 16:10:00,2024,10,17,16,10,75,75116,PLACE DE LA PORTE MAILLOT,48.877388,2.279159,Plein jour,En agglomération,Place,Pluie légère,Deux véhicules - côté,4,4,1,0,1,1,2,9,1,30,2,2,1,0,0,1,49.0,,deux_roues,utilitaire_camion,1,2,7,2,3
202400011036,2024-06-01 13:30:00,2024,6,1,13,30,94,94011,Avenue Rodolphe Hottinguer,48.76092,2.4932,Plein jour,En agglomération,Hors intersection,Pluie légère,Autre collision,4,2,2,0,1,3,2,0,4,50,1,1,0,0,0,1,55.0,,voiture,,1,2,1,2,6
202400011037,2024-10-17 07:35:00,2024,10,17,7,35,75,75116,AVENUE DE L HIPPODROME,48.860935,2.240225,Plein jour,En agglomération,Hors intersection,Normale,Trois véhicules et plus - collisions multiples,4,3,2,0,1,1,1,0,1,50,3,3,2,0,0,1,25.0,21.0,voiture,utilitaire_camion,1,2,1,1,5
202400011038,2024-06-01 15:10:00,2024,6,1,15,10,94,94075,37 Route de la Grange,48.733363,2.515797,Plein jour,En agglomération,Hors intersection,Pluie légère,Deux véhicules - côté,3,3,2,1,1,1,2,0,1,50,2,2,1,0,0,1,59.0,26.0,voiture,deux_roues,1,2,1,2,3
202400011039,2024-06-01 08:50:00,2024,6,1,8,50,94,94071,Rue Royale,48.756731,2.542604,Crépuscule ou aube,En agglomération,Hors intersection,Pluie légère,Deux véhicules - côté,4,2,2,0,1,1,2,0,1,50,2,2,1,0,1,0,48.0,38.0,voiture,deux_roues,2,2,1,2,3
202400011040,2024-10-17 20:00:00,2024,10,17,20,0,75,75115,RUE PEGOUD,48.834568,2.266949,Nuit avec éclairage allumé,En agglomération,Intersection en T,Pluie légère,Deux véhicules - côté,4,1, -1,-1,1,1,2,0,1,50,2,2,0,0,0,2,35.0,43.0,deux_roues,voiture,5,2,3,2,3
202400011040,2024-10-17 20:00:00,2024,10,17,20,0,75,75115,RUE PEGOUD,48.834568,2.266949,Nuit avec éclairage allumé,En agglomération,Intersection en T,Pluie légère,Deux véhicules - côté,4,1,2,0,1,1,2,0,1,50,2,2,0,0,0,2,35.0,43.0,deux_roues,voiture,5,2,3,2,3
202400011041,2024-10-16 12:15:00,2024,10,16,12,15,75,75115,RUE LABROUSTE,48.835832,2.309636,Plein jour,En agglomération,Hors intersection,Normale,Deux véhicules - côté,4,1,2,0,1,1,1,0,1,30,2,2,1,0,0,1,45.0,64.0,deux_roues,utilitaire_camion,1,2,1,1,3
202400011042,2024-06-01 13:10:00,2024,6,1,13,10,93,93071,Avenue Hoche / Avenue Ernest Pivot,48.930562,2.529702,Plein jour,En agglomération,Intersection en X,Pluie légère,Deux véhicules - côté,4,2,2,0,1,1,2,0,1,50,2,3,1,0,0,2,26.0,50.0,voiture,voiture,1,2,2,2,3
202400011043,2024-05-31 19:40:00,2024,5,31,19,40,93,93047,Avenue des Rosiers,48.89487303,2.54829025,Plein jour,En agglomération,Hors intersection,Normale,Deux véhicules - arrière,4,1,1,0,1,1,1,0,1,50,2,2,0,0,0,2,40.0,24.0,utilitaire_camion,voiture,1,2,1,1,2
202400011044,2024-10-16 18:30:00,2024,10,16,18,30,75,75112,BOULEVARD PONIATOWSKI,48.82923,2.39021,Crépuscule ou aube,En agglomération,Intersection en T,Normale,Deux véhicules - côté,4,1,3,0,1,1,1,0,1,50,2,3,2,0,0,1,28.0,,deux_roues,utilitaire_camion,2,2,3,1,3
202400011044,2024-10-16 18:30:00,2024,10,16,18,30,75,75112,BOULEVARD PONIATOWSKI,48.82923,2.39021,Crépuscule ou aube,En agglomération,Intersection en T,Normale,Deux véhicules - côté,4,1,2,0,1,1,1,0,1,50,2,3,2,0,0,1,28.0,,deux_roues,utilitaire_camion,2,2,3,1,3
202400011045,2024-06-01 23:00:00,2024,6,1,23,0,92,92062,GENERAL DE GAULLE (AVENUE DU),48.88544025,2.2279349,Nuit avec éclairage allumé,En agglomération,Intersection en T,Pluie légère,Sans collision,3,1,2,1,1,3,2,1,1,50,1,1,0,0,0,1,21.0,,deux_roues,,5,2,3,2,7
202400011045,2024-06-01 23:00:00,2024,6,1,23,0,92,92062,GENERAL DE GAULLE (AVENUE DU),48.88544025,2.2279349,Nuit avec éclairage allumé,En agglomération,Intersection en T,Pluie légère,Sans collision,3,1, -1,-1,1,3,2,5,1,-1,1,1,0,0,0,1,21.0,,deux_roues,,5,2,3,2,7
202400011046,2024-10-17 12:21:00,2024,10,17,12,21,75,75111,BOULEVARD VOLTAIRE,48.852941,2.388507,Plein jour,En agglomération,Intersection en Y,Temps couvert,Deux véhicules - côté,4,2,4,1,2,1,2,0,1,30,2,2,1,0,0,1,24.0,30.0,deux_roues,deux_roues,1,2,4,8,3
202400011046,2024-10-17 12:21:00,2024,10,17,12,21,75,75111,BOULEVARD VOLTAIRE,48.852941,2.388507,Plein jour,En agglomération,Intersection en Y,Temps couvert,Deux véhicules - côté,4,1,1,2,1,1,2,0,1,30,2,2,1,0,0,1,24.0,30.0,deux_roues,deux_roues,1,2,4,8,3
202400011047,2024-06-01 18:40:00,2024,6,1,18,40,92,92026,DES BATISSEURS (VOIE),48.88776039,2.25187942,Crépuscule ou aube,En agglomération,Hors intersection,Pluie légère,Deux véhicules - arrière,4,1,4,0,1,1,2,2,1,50,2,4,3,0,0,1,27.0,33.0,voiture,voiture,2,2,1,2,2
202400011048,2024-10-17 09:12:00,2024,10,17,9,12,75,75110,RUE DE DUNKERQUE,48.87949307,2.35718036,Plein jour,En agglomération,Intersection en T,Normale,Autre collision,4,2, -1,-1,1,1,1,0,1,30,1,2,1,0,0,1,50.0,,voiture,,1,2,3,1,6
202400011048,2024-10-17 09:12:00,2024,10,17,9,12,75,75110,RUE DE DUNKERQUE,48.87949307,2.35718036,Plein jour,En agglomération,Intersection en T,Normale,Autre collision,4,1,3,0,1,1,1,9,1,30,1,2,1,0,0,1,50.0,,voiture,,1,2,3,1,6
202400011049,2024-06-02 02:30:00,2024,6,2,2,30,33,33243,,44.914333,-0.216663,Nuit sans éclairage public,Hors agglomération,Hors intersection,Normale,Autre collision,3,2,2,0,1,1,1,0,1,70,1,5,0,4,1,0,19.0,,voiture,,3,1,1,1,6
202400011050,2024-10-17 18:50:00,2024,10,17,18,50,75,75108,AVENUE DE FRIEDLAND,48.874178,2.298991,Nuit avec éclairage allumé,En agglomération,Intersection en X,Pluie légère,Deux véhicules - côté,4,2,4,3,1,1,2,0,1,30,2,2,1,0,0,1,23.0,28.0,deux_roues,voiture,5,2,2,2,3
202400011050,2024-10-17 18:50:00,2024,10,17,18,50,75,75108,AVENUE DE FRIEDLAND,48.874178,2.298991,Nuit avec éclairage allumé,En agglomération,Intersection en X,Pluie légère,Deux véhicules - côté,4,-1,1,0,1,1,2,0,1,30,2,2,1,0,0,1,23.0,28.0,deux_roues,voiture,5,2,2,2,3
202400011051,2024-06-02 06:15:00,2024,6,2,6,15,39,39208,,46.638458,5.942629,Crépuscule ou aube,Hors agglomération,Hors intersection,Pluie forte,Autre collision,2,2,2,0,1,1,2,0,3,80,1,1,0,1,0,0,69.0,,voiture,,2,1,1,3,6
202400011052,2024-10-17 16:30:00,2024,10,17,16,30,75,75107,RUE DE SEVRES,48.848468,2.320563,Plein jour,En agglomération,Intersection en T,Pluie forte,Autre collision,4,1, -1,-1,1,1,2,0,1,30,1,1,0,0,1,0,17.0,,deux_roues,,1,2,3,3,6
202400011052,2024-10-17 16:30:00,2024,10,17,16,30,75,75107,RUE DE SEVRES,48.848468,2.320563,Plein jour,En agglomération,Intersection en T,Pluie forte,Autre collision,4,2,1,2,1,1,2,9,1,30,1,1,0,0,1,0,17.0,,deux_roues,,1,2,3,3,6
202400011053,2024-10-17 01:00:00,2024,10,17,1,0,75,75101,BOULEVARD DE SEBASTOPOL,48.860571,2.349353,Nuit avec éclairage allumé,En agglomération,Intersection en T,Pluie légère,Deux véhicules - côté,4,3,3,1,1,1,2,0,5,30,2,2,1,0,0,1,47.0,25.0,voiture,deux_roues,5,2,3,2,3
202400011053,2024-10-17 01:00:00,2024,10,17,1,0,75,75101,BOULEVARD DE SEBASTOPOL,48.860571,2.349353,Nuit avec éclairage allumé,En agglomération,Intersection en T,Pluie légère,Deux véhicules - côté,4,2, -1,-1,1,1,2,0,5,30,2,2,1,0,0,1,47.0,25.0,voiture,deux_roues,5,2,3,2,3
202400011054,2024-05-31 22:10:00,2024,5,31,22,10,08,08067,55 route nationale,49.62335499,5.18304437,Nuit avec éclairage allumé,En agglomération,Hors intersection,Normale,Deux véhicules - arrière,3,2,2,0,1,1,1,0,1,50,2,5,1,0,1,3,27.0,36.0,voiture,voiture,5,2,1,1,2
202400011055,2024-10-17 05:24:00,2024,10,17,5,24,94,94078,Rue de Paris,48.75365318,2.44452788,Nuit sans éclairage public,En agglomération,Hors intersection,Normale,Autre collision,2,3,0,0,1,1,1,0,1,50,1,2,0,0,0,2,39.0,,utilitaire_camion,,3,2,1,1,6
202400011056,2024-06-02 16:00:00,2024,6,2,16,0,71,71214,Chemin reliant GENOUILLY et MAIZERAY via la RD 236,46.652801,4.587506,Plein jour,Hors agglomération,Hors intersection,Pluie légère,Sans collision,4,2,2,0,2,1,2,0,1,80,1,1,0,0,1,0,53.0,,deux_roues,,1,1,1,2,7
202400011057,2024-10-17 20:00:00,2024,10,17,20,0,94,94073,Av du Pdt Franklin Roosevelt,48.76562,2.39656,Nuit avec éclairage allumé,En agglomération,Intersection en T,Pluie légère,Deux véhicules - côté,4,2,2,0,1,1,2,0,1,50,2,2,1,0,0,1,,27.0,voiture,deux_roues,5,2,3,2,3
202400011058,2024-06-01 10:52:00,2024,6,1,10,52,33,33002,,44.522306,-0.046524,Plein jour,Hors agglomération,Intersection en X,Normale,Deux véhicules - côté,3,2,2,0,1,1,1,5,1,80,2,2,0,0,1,1,75.0,63.0,voiture,voiture,1,1,2,1,3
202400011058,2024-06-01 10:52:00,2024,6,1,10,52,33,33002,,44.522306,-0.046524,Plein jour,Hors agglomération,Intersection en X,Normale,Deux véhicules - côté,3,2,2,0,1,1,1,5,8,80,2,2,0,0,1,1,75.0,63.0,voiture,voiture,1,1,2,1,3
202400011059,2024-10-17 10:30:00,2024,10,17,10,30,94,94065,Rue Auguste Perret,48.750152,2.354545,Plein jour,En agglomération,Intersection en T,Normale,Deux véhicules - côté,4,1,1,-1,1,1,1,0,1,-1,2,2,1,0,0,1,65.0,49.0,deux_roues,voiture,1,2,3,1,3
202400011059,2024-10-17 10:30:00,2024,10,17,10,30,94,94065,Rue Auguste Perret,48.750152,2.354545,Plein jour,En agglomération,Intersection en T,Normale,Deux véhicules - côté,4,1,2,0,1,1,1,0,1,50,2,2,1,0,0,1,65.0,49.0,deux_roues,voiture,1,2,3,1,3
202400011060,2024-06-02 03:45:00,2024,6,2,3,45,49,49092,,47.192002,-0.706601,Nuit sans éclairage public,Hors agglomération,Hors intersection,Normale,Autre collision,3,2,2,0,1,1,1,0,3,50,1,1,0,0,1,0,23.0,,voiture,,3,1,1,1,6
202400011061,2024-10-17 10:16:00,2024,10,17,10,16,94,94022,Avenue Victor Hugo,48.76773,2.41715,Plein jour,En agglomération,Hors intersection,Pluie légère,Autre collision,4,-1,1,3,1,1,2,-1,6,30,1,2,1,0,0,1,39.0,,transport_commun,,1,2,1,2,6
202400011062,2024-06-01 19:30:00,2024,6,1,19,30,68,68043,Rue de Soultz,47.860133,7.260205,Crépuscule ou aube,En agglomération,Intersection en T,Pluie légère,Deux véhicules - frontale,4,2,2,0,1,1,2,0,1,50,2,2,1,0,1,0,16.0,22.0,deux_roues,voiture,2,2,3,2,1
202400011062,2024-06-01 19:30:00,2024,6,1,19,30,68,68043,Rue de Soultz,47.860133,7.260205,Crépuscule ou aube,En agglomération,Intersection en T,Pluie légère,Deux véhicules - frontale,4,2,2,0,1,1,2,0,8,50,2,2,1,0,1,0,16.0,22.0,deux_roues,voiture,2,2,3,2,1
202400011063,2024-10-17 09:25:00,2024,10,17,9,25,92,92064,MONT VALERIEN,48.85525357,2.2155081,Plein jour,En agglomération,Hors intersection,Pluie légère,Deux véhicules - arrière,3,-1,2,0,1,1,2,0,1,30,2,2,1,0,0,1,30.0,24.0,voiture,deux_roues,1,2,1,2,2
202400011064,2024-06-02 02:45:00,2024,6,2,2,45,60,60527,Rue des Marronniers,49.086333,2.906592,Nuit sans éclairage public,En agglomération,Hors intersection,Pluie légère,Autre collision,3,-1,2,0,1,2,2,0,3,50,1,1,0,0,0,1,29.0,,voiture,,3,2,1,2,6
202400011065,2024-10-17 16:05:00,2024,10,17,16,5,92,92051,CHATEAU (BOULEVARD DU),48.88819571,2.26462696,Plein jour,En agglomération,Intersection en X,Pluie légère,Autre collision,4,2,2,0,1,1,2,0,5,50,1,2,1,0,0,1,38.0,,voiture,,1,2,2,2,6
202400011065,2024-10-17 16:05:00,2024,10,17,16,5,92,92051,CHATEAU (BOULEVARD DU),48.88819571,2.26462696,Plein jour,En agglomération,Intersection en X,Pluie légère,Autre collision,4,2, -1,-1,1,1,2,5,1,-1,1,2,1,0,0,1,38.0,,voiture,,1,2,2,2,6
202400011066,2024-05-31 19:00:00,2024,5,31,19,0,974,97413,Rue du Musee,-21.205708,55.296389,Nuit sans éclairage public,En agglomération,Hors intersection,Normale,Deux véhicules - frontale,3,2,2,0,2,1,1,0,8,50,2,2,1,0,1,0,14.0,59.0,deux_roues,voiture,3,2,1,1,1
202400011067,2024-10-17 20:17:00,2024,10,17,20,17,92,92044,VOLTAIRE(RUE)83A91 ET 64A70,48.89136281,2.28274494,Nuit avec éclairage allumé,En agglomération,Intersection en X,Pluie légère,Deux véhicules - côté,4,1,1,1,1,1,2,9,1,50,2,2,1,0,0,1,23.0,46.0,deux_roues,voiture,5,2,2,2,3
202400011067,2024-10-17 20:17:00,2024,10,17,20,17,92,92044,VOLTAIRE(RUE)83A91 ET 64A70,48.89136281,2.28274494,Nuit avec éclairage allumé,En agglomération,Intersection en X,Pluie légère,Deux véhicules - côté,4,1,1,1,1,1,2,9,1,50,2,2,1,0,0,1,23.0,46.0,deux_roues,voiture,5,2,2,2,3
202400011068,2024-06-01 14:30:00,2024,6,1,14,30,62,62289,D138,50.45607156,1.76067434,Plein jour,En agglomération,Intersection en T,Normale,Deux véhicules - côté,3,2,2,0,2,3,1,0,1,50,2,2,1,0,0,1,41.0,58.0,voiture,voiture,1,2,3,1,3
202400011068,2024-06-01 14:30:00,2024,6,1,14,30,62,62289,D138,50.45607156,1.76067434,Plein jour,En agglomération,Intersection en T,Normale,Deux véhicules - côté,3,2,2,0,2,3,1,0,1,50,2,2,1,0,0,1,41.0,58.0,voiture,voiture,1,2,3,1,3
202400011069,2024-10-17 09:00:00,2024,10,17,9,0,92,92040,CAMILLE DESMOULINS,48.8297062,2.26459359,Plein jour,En agglomération,Hors intersection,Temps couvert,Sans collision,4,2,2,0,1,1,1,0,4,30,1,1,0,0,0,1,39.0,,deux_roues,,1,2,1,8,7
202400011070,2024-06-02 17:15:00,2024,6,2,17,15,62,62524,D341,50.66552094,1.82888618,Plein jour,En agglomération,Hors intersection,Normale,Deux véhicules - côté,3,2,2,0,1,1,1,0,1,50,2,2,1,0,1,0,36.0,21.0,voiture,deux_roues,1,2,1,1,3
202400011071,2024-10-17 18:55:00,2024,10,17,18,55,92,92024,JEAN JAURES (BD) DE (1 A 45)   (2 A 54),48.89689599,2.30926216,Nuit avec éclairage allumé,En agglomération,Hors intersection,Pluie forte,Sans collision,3,1,3,2,1,1,2,0,1,30,2,2,1,0,0,1,23.0,41.0,deux_roues,voiture,5,2,1,3,7
202400011072,2024-10-17 21:40:00,2024,10,17,21,40,92,92012,GENERAL LECLERC (AVENUE DU) 35/FIN - 60/,48.82901432,2.2294338,Nuit avec éclairage allumé,En agglomération,Hors intersection,Pluie légère,Sans collision,3,2,4,0,1,3,2,0,1,50,1,1,0,0,0,1,29.0,,deux_roues,,5,2,1,2,7
202400011073,2024-05-29 12:50:00,2024,5,29,12,50,59,59074,Rue Gambetta,50.086466,3.443983,Plein jour,En agglomération,Hors intersection,Temps couvert,Deux véhicules - côté,3,2,2,0,2,1,2,0,1,50,2,2,1,0,1,0,17.0,28.0,deux_roues,voiture,1,2,1,8,3
202400011074,2024-06-01 18:50:00,2024,6,1,18,50,74,74225,Rue Joseph Béard,45.87048,5.94384,Plein jour,En agglomération,Hors intersection,Normale,Autre collision,4,2,2,0,1,2,1,6,1,30,1,2,1,0,1,0,19.0,,voiture,,1,2,1,1,6
202400011075,2024-10-17 10:10:00,2024,10,17,10,10,92,92012,JEAN BAPTISTE CLEMENT (AVENUE) 1/47 - 2/,48.84677961,2.23915704,Plein jour,En agglomération,Hors intersection,Pluie légère,Deux véhicules - frontale,3,-1,0,0,1,1,2,0,1,30,2,2,1,0,1,0,31.0,51.0,deux_roues,voiture,1,2,1,2,1
202400011076,2024-05-30 13:35:00,2024,5,30,13,35,71,71073,Rue du 8 Mai 1945,46.91408,4.75398,Plein jour,En agglomération,Hors intersection,Normale,Deux véhicules - frontale,3,2,2,0,1,1,1,0,1,50,2,2,0,0,1,1,19.0,19.0,deux_roues,voiture,1,2,1,1,1
202400011077,2024-10-17 06:20:00,2024,10,17,6,20,92,92002,LEON JOUHAUX (AVENUE),48.73474962,2.3097302,Nuit avec éclairage allumé,En agglomération,Autre intersection,Temps couvert,Deux véhicules - côté,4,1,1,0,1,2,2,0,1,50,2,2,1,0,0,1,55.0,52.0,deux_roues,voiture,5,2,9,8,3
202400011078,2024-10-17 21:20:00,2024,10,17,21,20,37,37271,54 Rue de la Galandiére,47.231393,0.497856,Nuit avec éclairage allumé,En agglomération,Intersection en X,Pluie légère,Deux véhicules - frontale,3,2,2,0,2,3,2,0,1,50,2,2,1,0,0,1,53.0,,voiture,voiture,5,2,2,2,1
202400011078,2024-10-17 21:20:00,2024,10,17,21,20,37,37271,54 Rue de la Galandiére,47.231393,0.497856,Nuit avec éclairage allumé,En agglomération,Intersection en X,Pluie légère,Deux véhicules - frontale,3,2,2,0,2,2,2,0,1,50,2,2,1,0,0,1,53.0,,voiture,voiture,5,2,2,2,1
202400011079,2024-05-31 08:50:00,2024,5,31,8,50,71,71543,4 Av du Mal de Lattre de Tassigny,46.55715,4.91522,Plein jour,En agglomération,Intersection en T,Normale,Deux véhicules - côté,3,2,4,0,1,1,1,5,1,50,2,4,2,0,0,2,46.0,49.0,voiture,voiture,1,2,3,1,3
202400011079,2024-05-31 08:50:00,2024,5,31,8,50,71,71543,4 Av du Mal de Lattre de Tassigny,46.55715,4.91522,Plein jour,En agglomération,Intersection en T,Normale,Deux véhicules - côté,3,2,2,0,1,1,1,0,1,50,2,4,2,0,0,2,46.0,49.0,voiture,voiture,1,2,3,1,3
202400011080,2024-05-28 13:42:00,2024,5,28,13,42,61,61037,D7,48.425783,0.487679,Plein jour,Hors agglomération,Hors intersection,Pluie légère,Sans collision,3,2,2,0,2,1,2,0,1,90,1,1,0,0,0,1,43.0,,deux_roues,,1,1,1,2,7
202400011081,2024-10-16 14:10:00,2024,10,16,14,10,35,35239,Lieu Dit La Chambre,47.911215,-1.38888,Plein jour,En agglomération,Hors intersection,Normale,Deux véhicules - frontale,4,2,2,0,1,3,1,0,1,50,2,4,0,0,3,1,85.0,82.0,voiture,voiture,1,2,1,1,1
202400011082,2024-10-17 16:30:00,2024,10,17,16,30,49,49244,Marigne (St Florent-le-Vieil),47.327523,-0.969873,Plein jour,Hors agglomération,Hors intersection,Normale,Autre collision,3,2,2,0,1,3,1,0,1,80,1,2,1,1,0,0,39.0,,utilitaire_camion,,1,1,1,1,6
202400011083,2024-06-02 04:38:00,2024,6,2,4,38,55,55348,VOIE COMMUNALE N°4 DE MONTIERS SUR SAULX À COUVERTPUIS,48.572199,5.29202,Crépuscule ou aube,Hors agglomération,Hors intersection,Temps couvert,Sans collision,4,2,2,0,2,3,2,0,3,70,1,3,1,0,2,0,19.0,,voiture,,2,1,1,8,7
202400011084,2024-06-02 03:30:00,2024,6,2,3,30,12,12208,Chemin de Julhac,43.95912696,2.89654613,Nuit sans éclairage public,En agglomération,Hors intersection,Normale,Sans collision,4,2,2,0,2,2,1,0,3,50,1,2,1,0,1,0,19.0,,voiture,,3,2,1,1,7
202400011085,2024-10-18 09:00:00,2024,10,18,9,0,34,34148,65 Avenue de Cazouls,43.367665,3.155671,Plein jour,En agglomération,Intersection en T,Pluie légère,Deux véhicules - côté,3,2,2,0,1,1,2,0,1,-1,2,2,1,0,1,0,31.0,33.0,deux_roues,voiture,1,2,3,2,3
202400011085,2024-10-18 09:00:00,2024,10,18,9,0,34,34148,65 Avenue de Cazouls,43.367665,3.155671,Plein jour,En agglomération,Intersection en T,Pluie légère,Deux véhicules - côté,3,1, -1,-1,1,1,2,0,1,-1,2,2,1,0,1,0,31.0,33.0,deux_roues,voiture,1,2,3,2,3
202400011086,2024-06-02 15:45:00,2024,6,2,15,45,39,39397,4 Route des Lacs,46.523862,5.620655,Plein jour,En agglomération,Hors intersection,Pluie légère,Deux véhicules - côté,3,2,2,0,2,1,2,0,1,50,2,3,2,0,1,0,83.0,28.0,utilitaire_camion,voiture,1,2,1,2,3
202400011087,2024-10-14 19:14:00,2024,10,14,19,14,2A,2A276,D155,41.729766,8.805188,Nuit sans éclairage public,Hors agglomération,Hors intersection,Normale,Deux véhicules - frontale,3,2,2,0,2,3,1,0,1,80,2,2,1,0,1,0,69.0,25.0,voiture,voiture,3,1,1,1,1
202400011088,2024-10-17 11:05:00,2024,10,17,11,5,26,26338,Route de la Batie Rolland,44.596375,4.819836,Plein jour,Hors agglomération,Hors intersection,Pluie légère,Sans collision,3,2,2,0,1,3,2,0,8,-1,1,1,0,0,1,0,53.0,,voiture,,1,1,1,2,7
202400011089,2024-06-01 14:10:00,2024,6,1,14,10,44,44069,Route de Herbignac,47.35083,-2.422303,Plein jour,Hors agglomération,Hors intersection,Normale,Trois véhicules et plus - en chaîne,3,2,2,0,2,3,1,0,1,80,3,5,3,0,2,0,20.0,36.0,voiture,voiture,1,1,1,1,4
202400011090,2024-10-16 09:20:00,2024,10,16,9,20,76,76503,A151,49.526827,1.009076,Plein jour,Hors agglomération,Hors intersection,Normale,Autre collision,1,2,2,0,1,1,1,8,1,130,1,1,0,0,1,0,19.0,,utilitaire_camion,,1,1,1,1,6
202400011091,2024-06-01 06:03:00,2024,6,1,6,3,44,44130,,47.120256,-1.53152,Crépuscule ou aube,Hors agglomération,Autre intersection,Normale,Trois véhicules et plus - collisions multiples,3,2,2,0,1,1,1,0,1,80,4,4,1,0,1,2,21.0,66.0,voiture,voiture,2,1,9,1,5
202400011092,2024-10-17 19:35:00,2024,10,17,19,35,31,31163,Montauriol,43.582738,1.592438,Nuit sans éclairage public,Hors agglomération,Hors intersection,Pluie forte,Trois véhicules et plus - collisions multiples,7,2,2,0,1,1,2,0,1,80,3,3,2,1,0,0,81.0,29.0,voiture,voiture,3,1,1,3,5
202400011093,2024-05-31 11:51:00,2024,5,31,11,51,29,29212,rue des Myosotis,48.372879,-4.589624,Plein jour,En agglomération,Intersection en X,Normale,Deux véhicules - arrière,4,2,2,0,1,1,1,0,4,50,2,3,2,0,1,0,,80.0,deux_roues,voiture,1,2,2,1,2
202400011093,2024-05-31 11:51:00,2024,5,31,11,51,29,29212,rue des Myosotis,48.372879,-4.589624,Plein jour,En agglomération,Intersection en X,Normale,Deux véhicules - arrière,4,2,2,1,1,1,1,0,1,50,2,3,2,0,1,0,,80.0,deux_roues,voiture,1,2,2,1,2
202400011094,2024-10-18 14:51:00,2024,10,18,14,51,21,21599,A31,47.621589,5.179008,Plein jour,Hors agglomération,Hors intersection,Normale,Deux véhicules - arrière,1,3,3,0,1,1,1,0,8,130,2,2,1,0,0,1,56.0,48.0,utilitaire_camion,voiture,1,1,1,1,2
202400011095,2024-05-31 18:42:00,2024,5,31,18,42,29,29061,route de l'Echangeur,48.429386,-4.467863,Plein jour,En agglomération,Hors intersection,Normale,Deux véhicules - côté,4,1,1,3,1,1,1,0,1,30,2,2,1,0,0,1,32.0,38.0,deux_roues,voiture,1,2,1,1,3
202400011096,2024-10-12 11:45:00,2024,10,12,11,45,67,67426,Route du Hohwald,48.351789,7.288753,Plein jour,En agglomération,Intersection en T,Temps éblouissant,Deux véhicules - arrière,3,2,2,0,2,1,1,0,1,50,2,2,1,0,0,1,20.0,36.0,voiture,voiture,1,2,3,7,2
202400011096,2024-10-12 11:45:00,2024,10,12,11,45,67,67426,Route du Hohwald,48.351789,7.288753,Plein jour,En agglomération,Intersection en T,Temps éblouissant,Deux véhicules - arrière,3,2, -1,-1,2,1,1,0,1,-1,2,2,1,0,0,1,20.0,36.0,voiture,voiture,1,2,3,7,2
202400011097,2024-10-17 18:25:00,2024,10,17,18,25,46,46227,D911,44.385219,1.856539,Crépuscule ou aube,Hors agglomération,Hors intersection,Pluie forte,Autre collision,3,2,2,0,1,2,2,0,3,80,1,1,0,0,1,0,20.0,,voiture,,2,1,1,3,6
202400011098,2024-06-01 19:50:00,2024,6,1,19,50,02,02141,30 Rue du General Debeney,49.977901,3.904352,Plein jour,Hors agglomération,Intersection en Y,Pluie légère,Deux véhicules - côté,3,2,1,0,1,1,2,0,8,70,2,7,2,0,0,5,53.0,35.0,voiture,voiture,1,1,4,2,3
202400011098,2024-06-01 19:50:00,2024,6,1,19,50,02,02141,30 Rue du General Debeney,49.977901,3.904352,Plein jour,Hors agglomération,Intersection en Y,Pluie légère,Deux véhicules - côté,3,2,1,0,1,1,2,0,1,80,2,7,2,0,0,5,53.0,35.0,voiture,voiture,1,1,4,2,3