accident_id,datetime,annee,mois,jour,heure,minute,departement,commune_insee,adresse,latitude,longitude,luminosite,agglomeration,intersection,meteo,collision,catr,circ,nbv,vosp,prof,plan,surf,infra,situ,vma,nb_vehicules,nb_usagers,nb_indemnes,nb_tues,nb_blesses_hosp,nb_blesses_legers,age_cond_1,age_cond_2,veh_type_cond_1,veh_type_cond_2,lum_code,agg_code,int_code,atm_code,col_code
202400011099,2024-10-18 15:42:00,2024,10,18,15,42,01,01354,D35,46.248139,6.041485,Plein jour,Hors agglomération,Intersection en T,Normale,Deux véhicules - arrière,3,2,2,0,1,1,1,0,1,80,2,2,1,0,1,0,28.0,19.0,deux_roues,deux_roues,1,1,3,1,2
202400011099,2024-10-18 15:42:00,2024,10,18,15,42,01,01354,D35,46.248139,6.041485,Plein jour,Hors agglomération,Intersection en T,Normale,Deux véhicules - arrière,3,2,2,0,1,3,1,0,1,50,2,2,1,0,1,0,28.0,19.0,deux_roues,deux_roues,1,1,3,1,2
202400011100,2024-06-01 22:00:00,2024,6,1,22,0,02,02060,11 Rue de l'Eglise,49.83756,3.103504,Nuit sans éclairage public,En agglomération,Hors intersection,Pluie légère,Deux véhicules - frontale,3,1,2,0,1,3,2,0,1,50,2,3,1,0,1,1,38.0,15.0,deux_roues,deux_roues,3,2,1,2,1
202400011101,2024-10-16 20:40:00,2024,10,16,20,40,19,19072,,45.21049,1.516081,Nuit sans éclairage public,Hors agglomération,Hors intersection,Pluie légère,Deux véhicules - côté,1,1,2,3,2,2,2,0,1,110,2,4,3,0,0,1,31.0,64.0,voiture,voiture,3,1,1,2,3
202400011102,2024-06-02 17:45:00,2024,6,2,17,45,03,03108,D998,46.184139,2.941611,Plein jour,Hors agglomération,Hors intersection,Brouillard / fumée,Autre collision,3,2,2,0,1,1,2,0,3,90,1,2,0,2,0,0,22.0,,voiture,,1,1,1,5,6
202400011103,2024-10-17 19:20:00,2024,10,17,19,20,56,56039,Le Marglas,47.861492,-2.92747,Crépuscule ou aube,Hors agglomération,Hors intersection,Normale,Deux véhicules - frontale,3,2,2,0,1,1,1,0,1,80,2,2,0,0,2,0,20.0,64.0,voiture,utilitaire_camion,2,1,1,1,1
202400011104,2024-05-31 22:50:00,2024,5,31,22,50,01,01420,D7,46.171116,4.798933,Nuit sans éclairage public,En agglomération,Intersection en T,Normale,Autre collision,3,2,2,0,1,3,2,0,1,50,1,1,0,0,1,0,61.0,,voiture,,3,2,3,1,6
202400011104,2024-05-31 22:50:00,2024,5,31,22,50,01,01420,D7,46.171116,4.798933,Nuit sans éclairage public,En agglomération,Intersection en T,Normale,Autre collision,3,1,2,0,1,2,2,0,1,50,1,1,0,0,1,0,61.0,,voiture,,3,2,3,1,6
202400011105,2024-10-16 09:40:00,2024,10,16,9,40,56,56010,Rue du Marechal Leclerc,47.882089,-3.017536,Plein jour,En agglomération,Giratoire,Pluie légère,Deux véhicules - côté,4,2,2,0,1,3,2,5,1,50,2,2,1,0,0,1,30.0,33.0,voiture,deux_roues,1,2,6,2,3
202400011106,2024-06-02 15:00:00,2024,6,2,15,0,07,07197,D578,45.230955,4.674549,Plein jour,Hors agglomération,Hors intersection,Pluie légère,Deux véhicules - frontale,3,2,2,0,2,4,2,0,1,90,2,3,0,0,0,3,61.0,24.0,voiture,voiture,1,1,1,2,1
202400011107,2024-06-02 07:45:00,2024,6,2,7,45,27,27037,D31,49.08161,0.829597,Plein jour,Hors agglomération,Intersection en X,Normale,Deux véhicules - côté,3,2,2,0,1,1,1,5,1,80,2,2,0,1,1,0,40.0,22.0,voiture,voiture,1,1,2,1,3
202400011107,2024-06-02 07:45:00,2024,6,2,7,45,27,27037,D31,49.08161,0.829597,Plein jour,Hors agglomération,Intersection en X,Normale,Deux véhicules - côté,3,2,2,0,1,1,1,0,1,80,2,2,0,1,1,0,40.0,22.0,voiture,voiture,1,1,2,1,3
202400011108,2024-10-18 17:10:00,2024,10,18,17,10,69,69214,Route du Pont Mondet,45.980894,4.32591,Plein jour,En agglomération,Intersection en T,Normale,Trois véhicules et plus - collisions multiples,3,2,2,0,1,1,1,0,1,-1,3,5,2,1,2,0,53.0,22.0,voiture,voiture,1,2,3,1,5
202400011108,2024-10-18 17:10:00,2024,10,18,17,10,69,69214,Route du Pont Mondet,45.980894,4.32591,Plein jour,En agglomération,Intersection en T,Normale,Trois véhicules et plus - collisions multiples,3,2,2,2,1,1,1,0,1,70,3,5,2,1,2,0,53.0,22.0,voiture,voiture,1,2,3,1,5
202400011109,2024-06-02 02:20:00,2024,6,2,2,20,38,38310,A49,45.24005,5.496278,Nuit sans éclairage public,Hors agglomération,Hors intersection,Normale,Autre collision,1,3,2,0,1,1,2,9,3,130,1,2,0,0,1,1,23.0,,voiture,,3,1,1,1,6
202400011110,2024-10-15 19:55:00,2024,10,15,19,55,12,12077,D65,43.938721,3.200508,Nuit sans éclairage public,Hors agglomération,Hors intersection,Pluie légère,Deux véhicules - frontale,3,2,2,0,1,1,2,0,1,90,2,3,1,0,2,0,50.0,70.0,voiture,voiture,3,1,1,2,1
202400011111,2024-06-02 18:40:00,2024,6,2,18,40,13,13029,Route départementale 70 A,43.559854,5.075405,Plein jour,Hors agglomération,Hors intersection,Normale,Deux véhicules - côté,3,2,2,0,2,3,1,0,1,80,2,4,1,0,0,3,65.0,36.0,voiture,voiture,1,1,1,1,3
202400011112,2024-10-17 19:53:00,2024,10,17,19,53,34,34332,D612a,43.316972,3.428317,Nuit sans éclairage public,Hors agglomération,Hors intersection,Pluie légère,Autre collision,3,2,2,0,1,1,2,0,1,80,2,2,1,0,1,0,34.0,60.0,voiture,utilitaire_camion,3,1,1,2,6
202400011113,2024-10-07 07:48:00,2024,10,7,7,48,22,22248,22 Hent Don,48.622812,-3.08704,Crépuscule ou aube,En agglomération,Hors intersection,Normale,Deux véhicules - côté,3,2,2,0,2,1,1,0,1,50,2,2,1,0,1,0,43.0,21.0,voiture,deux_roues,2,2,1,1,3
202400011114,2024-06-01 13:40:00,2024,6,1,13,40,21,21054,A6,47.03736,4.857094,Plein jour,Hors agglomération,Hors intersection,Pluie légère,Trois véhicules et plus - collisions multiples,1,3,3,0,1,1,2,0,1,130,4,6,4,0,1,1,53.0,23.0,voiture,voiture,1,1,1,2,5
202400011115,2024-10-18 00:45:00,2024,10,18,0,45,39,39470,,46.489447,6.040731,Nuit sans éclairage public,Hors agglomération,Hors intersection,Pluie légère,Autre collision,2,2,2,0,2,3,2,0,8,70,1,4,0,0,2,2,19.0,,voiture,,3,1,1,2,6
202400011116,2024-06-02 05:45:00,2024,6,2,5,45,974,97403,D26,-21.258189,55.464478,Crépuscule ou aube,En agglomération,Hors intersection,Normale,Deux véhicules - frontale,3,-1,2,0,2,1,1,0,1,70,2,2,1,0,0,1,21.0,20.0,voiture,voiture,2,2,1,1,1
202400011117,2024-10-18 08:52:00,2024,10,18,8,52,39,39191,rd 1083 pk 56+150  sens POLIGNY LONS LE SAUNIER,46.832027,5.606461,Plein jour,Hors agglomération,Intersection en T,Pluie forte,Deux véhicules - frontale,3,2,2,0,3,3,2,5,1,90,2,4,1,0,1,2,45.0,80.0,voiture,voiture,1,1,3,3,1
202400011117,2024-10-18 08:52:00,2024,10,18,8,52,39,39191,rd 1083 pk 56+150  sens POLIGNY LONS LE SAUNIER,46.832027,5.606461,Plein jour,Hors agglomération,Intersection en T,Pluie forte,Deux véhicules - frontale,3,2,2,-1,1,1,2,5,8,-1,2,4,1,0,1,2,45.0,80.0,voiture,voiture,1,1,3,3,1
202400011118,2024-06-02 17:00:00,2024,6,2,17,0,06,06128,Route de Vence,43.711882,7.115954,Plein jour,Hors agglomération,Hors intersection,Normale,Deux véhicules - frontale,3,2,2,0,2,3,1,0,1,80,2,2,1,0,1,0,55.0,54.0,voiture,deux_roues,1,1,1,1,1
202400011119,2024-10-15 15:00:00,2024,10,15,15,0,44,44003,186 Boulevard de Bad Bruckenau,47.373474,-1.183734,Plein jour,En agglomération,Giratoire,Pluie légère,Deux véhicules - côté,4,-1,1,0,1,2,2,5,1,50,2,2,1,0,0,1,46.0,19.0,voiture,deux_roues,1,2,6,2,3
202400011120,2024-10-17 19:30:00,2024,10,17,19,30,29,29054,,48.408088,-3.899186,Nuit sans éclairage public,Hors agglomération,Hors intersection,Normale,Sans collision,3,2,2,0,1,3,1,0,1,80,1,1,0,0,1,0,21.0,,deux_roues,,3,1,1,1,7
202400011121,2024-06-01 02:05:00,2024,6,1,2,5,03,03298,N7,46.304497,3.425551,Nuit sans éclairage public,Hors agglomération,Giratoire,Pluie forte,Deux véhicules - frontale,2,2,1,0,1,1,2,0,1,80,2,2,1,0,1,0,34.0,59.0,voiture,utilitaire_camion,3,1,6,3,1
202400011122,2024-10-18 10:35:00,2024,10,18,10,35,29,29072,Rue de la Liberté,47.797154,-4.290542,Plein jour,En agglomération,Hors intersection,Normale,Deux véhicules - côté,4,2,2,0,1,1,1,0,1,50,2,2,1,0,0,1,57.0,21.0,voiture,deux_roues,1,2,1,1,3
202400011123,2024-10-18 07:55:00,2024,10,18,7,55,02,02468,Rue de la Ferme de la Tombelle,49.724722,3.784388,Crépuscule ou aube,Hors agglomération,Hors intersection,Brouillard / fumée,Sans collision,3,2,2,0,2,2,2,0,3,80,1,3,0,0,2,1,23.0,,utilitaire_camion,,2,1,1,5,7
202400011124,2024-06-01 10:00:00,2024,6,1,10,0,07,07087,Route de l'Echelette,44.651982,4.267561,Plein jour,Hors agglomération,Intersection en T,Normale,Deux véhicules - côté,3,2,2,0,1,1,1,0,1,90,2,3,1,0,0,2,53.0,75.0,voiture,voiture,1,1,3,1,3
202400011124,2024-06-01 10:00:00,2024,6,1,10,0,07,07087,Route de l'Echelette,44.651982,4.267561,Plein jour,Hors agglomération,Intersection en T,Normale,Deux véhicules - côté,3,2,2,0,2,1,1,0,8,90,2,3,1,0,0,2,53.0,75.0,voiture,voiture,1,1,3,1,3
202400011125,2024-10-18 11:00:00,2024,10,18,11,0,15,15135,RD 120,44.993424,2.151818,Plein jour,Hors agglomération,Hors intersection,Pluie légère,Autre collision,3,2,2,0,1,2,2,0,3,70,1,1,0,0,1,0,56.0,,voiture,,1,1,1,2,6
202400011126,2024-06-01 06:25:00,2024,6,1,6,25,33,33433,,44.919081,-0.435848,Crépuscule ou aube,En agglomération,Hors intersection,Normale,Autre collision,3,2,2,0,1,1,1,0,1,30,1,1,0,0,1,0,46.0,,voiture,,2,2,1,1,6
202400011127,2024-10-18 07:15:00,2024,10,18,7,15,70,70044,"D 100, les gressoux",47.690519,6.13499,Crépuscule ou aube,Hors agglomération,Hors intersection,Normale,Autre collision,3,2,2,0,2,1,1,0,1,80,2,2,1,0,0,1,21.0,,voiture,,2,1,1,1,6
202400011128,2024-06-01 23:45:00,2024,6,1,23,45,14,14663,23 Rue Saint-Sulpice,49.285573,-0.68156,Nuit avec éclairage allumé,En agglomération,Hors intersection,Normale,Sans collision,4,2,2,0,1,1,1,0,1,30,1,1,0,0,0,1,15.0,,deux_roues,,5,2,1,1,7
202400011129,2024-10-17 19:04:00,2024,10,17,19,4,66,66149,chemin de los masos,42.618834,2.445617,Crépuscule ou aube,Hors agglomération,Hors intersection,Temps couvert,Sans collision,3,2,2,0,2,1,1,0,3,-1,1,1,0,1,0,0,52.0,,deux_roues,,2,1,1,8,7
202400011130,2024-06-01 11:30:00,2024,6,1,11,30,29,29255,Pouloupry,48.5541262,-4.25386694,Plein jour,Hors agglomération,Hors intersection,Normale,Sans collision,3,2,2,0,1,1,1,0,1,80,1,1,0,0,0,1,56.0,,deux_roues,,1,1,1,1,7
202400011131,2024-10-17 18:50:00,2024,10,17,18,50,50,50523,29 Rue de Baudienville,49.430916,-1.300989,Plein jour,En agglomération,Hors intersection,Temps éblouissant,Trois véhicules et plus - en chaîne,3,2,2,0,1,1,1,0,1,50,3,3,2,0,1,0,57.0,22.0,autre,autre,1,2,1,7,4
202400011132,2024-10-18 08:00:00,2024,10,18,8,0,50,50453,Rue des Rosiers,48.844961,-1.199224,Crépuscule ou aube,Hors agglomération,Hors intersection,Brouillard / fumée,Autre collision,3,2,2,0,1,2,2,9,8,80,1,1,0,0,0,1,23.0,,voiture,,2,1,1,5,6
202400011133,2024-06-01 23:35:00,2024,6,1,23,35,59,59419,41 Route de Saint Amand,50.520034,3.287246,Nuit sans éclairage public,En agglomération,Hors intersection,Normale,Autre collision,3,2,2,0,1,1,2,0,1,50,1,2,1,0,1,0,25.0,,voiture,,3,2,1,1,6
202400011134,2024-10-17 22:44:00,2024,10,17,22,44,45,45203,D3 PR 0 + 654,47.852133,1.720777,Nuit sans éclairage public,Hors agglomération,Hors intersection,Pluie forte,Autre collision,3,2,2,0,1,1,2,0,3,80,1,1,0,0,1,0,34.0,,voiture,,3,1,1,3,6
202400011135,2024-06-01 03:50:00,2024,6,1,3,50,91,91103,RN 104,48.62437,2.3001,Nuit sans éclairage public,Hors agglomération,Hors intersection,Pluie légère,Deux véhicules - arrière,2,2,2,0,1,1,2,0,1,110,2,2,1,0,1,0,68.0,,deux_roues,voiture,3,1,1,2,2
202400011136,2024-10-17 10:30:00,2024,10,17,10,30,40,40224,rue gambetta,43.544219,-1.105392,Plein jour,En agglomération,Hors intersection,Pluie forte,Autre collision,3,-1,2,0,1,1,2,5,1,50,1,2,1,0,1,0,53.0,,utilitaire_camion,,1,2,1,3,6
202400011137,2024-06-01 03:50:00,2024,6,1,3,50,91,91103,RN 104,48.62437,2.3001,Nuit sans éclairage public,Hors agglomération,Hors intersection,Pluie légère,Deux véhicules - arrière,2,3,2,0,1,1,2,0,1,110,2,2,1,0,0,1,23.0,36.0,voiture,voiture,3,1,1,2,2
202400011138,2024-10-18 15:50:00,2024,10,18,15,50,17,17166,D205,46.115773,-0.872405,Plein jour,Hors agglomération,Hors intersection,Normale,Sans collision,4,2,2,0,1,1,1,0,8,80,1,1,0,1,0,0,31.0,,voiture,,1,1,1,1,7
202400011139,2024-06-01 19:20:00,2024,6,1,19,20,92,92036,A86,48.93513721,2.26665421,Plein jour,Hors agglomération,Hors intersection,Normale,Deux véhicules - arrière,1,3,2,0,2,1,2,0,1,90,2,2,1,0,0,1,25.0,24.0,deux_roues,voiture,1,1,1,1,2
202400011140,2024-05-31 19:08:00,2024,5,31,19,8,92,92063,A86,48.891392,2.17589725,Plein jour,Hors agglomération,Hors intersection,Temps couvert,Autre collision,1,1,4,0,1,3,2,0,1,90,1,3,0,0,0,3,25.0,,voiture,,1,1,1,8,6
202400011141,2024-10-17 18:00:00,2024,10,17,18,0,87,87090,La Croix de l?Arret,46.318118,1.322265,Nuit sans éclairage public,Hors agglomération,Intersection en X,Pluie forte,Deux véhicules - côté,3,2,2,0,1,1,2,5,1,80,2,5,0,0,1,4,22.0,58.0,voiture,utilitaire_camion,3,1,2,3,3
202400011141,2024-10-17 18:00:00,2024,10,17,18,0,87,87090,La Croix de l?Arret,46.318118,1.322265,Nuit sans éclairage public,Hors agglomération,Intersection en X,Pluie forte,Deux véhicules - côté,3,2,2,0,3,1,2,5,1,70,2,5,0,0,1,4,22.0,58.0,voiture,utilitaire_camion,3,1,2,3,3
202400011142,2024-05-31 17:36:00,2024,5,31,17,36,92,92019,A86 INT,48.77621518,2.23316898,Plein jour,Hors agglomération,Hors intersection,Temps couvert,Deux véhicules - côté,2,1,2,0,1,1,2,0,1,90,2,2,1,0,0,1,62.0,42.0,deux_roues,voiture,1,1,1,8,3
202400011143,2024-10-18 13:30:00,2024,10,18,13,30,87,87116,RN 147,46.138348,1.056211,Plein jour,Hors agglomération,Giratoire,Pluie légère,Deux véhicules - côté,2,1,2,0,1,2,2,5,1,80,2,2,1,0,1,0,64.0,61.0,voiture,deux_roues,1,1,6,2,3
202400011143,2024-10-18 13:30:00,2024,10,18,13,30,87,87116,RN 147,46.138348,1.056211,Plein jour,Hors agglomération,Giratoire,Pluie légère,Deux véhicules - côté,2,2, -1,-1,1,1,2,5,1,80,2,2,1,0,1,0,64.0,61.0,voiture,deux_roues,1,1,6,2,3
202400011144,2024-06-01 17:35:00,2024,6,1,17,35,93,93078,A104,48.96361976,2.52140428,Plein jour,Hors agglomération,Hors intersection,Pluie légère,Deux véhicules - côté,1,3,3,0,1,1,2,0,1,90,2,2,1,0,0,1,31.0,36.0,voiture,voiture,1,1,1,2,3
202400011145,2024-10-18 07:20:00,2024,10,18,7,20,30,30146,D6110,43.972037,4.101035,Nuit sans éclairage public,Hors agglomération,Hors intersection,Temps couvert,Trois véhicules et plus - en chaîne,3,2,2,0,1,3,2,0,1,80,3,3,1,0,0,2,29.0,20.0,utilitaire_camion,voiture,3,1,1,8,4
202400011146,2024-06-01 04:50:00,2024,6,1,4,50,95,95018,A15,48.94970996,2.28053232,Nuit sans éclairage public,Hors agglomération,Hors intersection,Pluie légère,Deux véhicules - arrière,1,3,4,0,1,3,2,0,1,90,2,3,1,0,0,2,35.0,20.0,voiture,voiture,3,1,1,2,2
202400011147,2024-10-17 11:15:00,2024,10,17,11,15,987,98734,PK34.200,-17.76101616,-149.50947046,Plein jour,Hors agglomération,Hors intersection,Normale,Deux véhicules - côté,4,2,2,0,1,1,1,0,1,60,2,2,1,0,1,0,22.0,36.0,deux_roues,voiture,1,1,1,1,3
202400011148,2024-06-01 01:30:00,2024,6,1,1,30,93,93064,A103,48.88670628,2.47783272,Nuit sans éclairage public,Hors agglomération,Hors intersection,Pluie légère,Autre collision,1,-1,2,0,2,1,2,0,1,50,1,5,0,0,0,5,25.0,,voiture,,3,1,1,2,6
202400011149,2024-10-17 17:20:00,2024,10,17,17,20,19,19180,,45.51284304,2.22786231,Plein jour,Hors agglomération,Hors intersection,Pluie forte,Autre collision,1,1,2,0,2,1,3,0,3,110,1,2,1,0,0,1,70.0,,voiture,,1,1,1,3,6
202400011150,2024-06-01 00:25:00,2024,6,1,0,25,95,95582,A15,48.96669962,2.25550739,Nuit sans éclairage public,Hors agglomération,Hors intersection,Pluie forte,Autre collision,1,3,4,0,2,1,2,0,1,90,1,2,0,0,0,2,20.0,,voiture,,3,1,1,3,6
202400011151,2024-10-17 09:29:00,2024,10,17,9,29,49,49030,A85 PK 30.300,47.355455,-0.078621,Plein jour,Hors agglomération,Hors intersection,Temps couvert,Sans collision,1,1,2,0,1,1,2,0,3,130,1,2,1,0,1,0,23.0,,voiture,,1,1,1,8,7
202400011152,2024-10-16 13:20:00,2024,10,16,13,20,78,78043,Grille de maintenon,48.838739,2.086684,Plein jour,En agglomération,Intersection en X,Normale,Deux véhicules - frontale,3,2,0,0,1,1,1,5,1,50,2,2,1,0,0,1,27.0,25.0,voiture,voiture,1,2,2,1,1
202400011152,2024-10-16 13:20:00,2024,10,16,13,20,78,78043,Grille de maintenon,48.838739,2.086684,Plein jour,En agglomération,Intersection en X,Normale,Deux véhicules - frontale,3,2,0,0,1,1,1,5,1,50,2,2,1,0,0,1,27.0,25.0,voiture,voiture,1,2,2,1,1
202400011153,2024-10-17 17:18:00,2024,10,17,17,18,971,97103,Burger King (Restauration rapide),16.254488,-61.556327,Plein jour,Hors agglomération,Hors intersection,Normale,Deux véhicules - côté,2,3,2,0,1,1,1,0,1,90,2,2,1,0,1,0,31.0,40.0,deux_roues,utilitaire_camion,1,1,1,1,3
202400011154,2024-10-18 00:23:00,2024,10,18,0,23,77,77520,Autoroute A6 PK 066+800 vers PARIS,48.311743,2.642684,Nuit sans éclairage public,Hors agglomération,Hors intersection,Pluie forte,Deux véhicules - arrière,1,3,3,0,1,1,2,0,1,130,2,2,1,0,1,0,35.0,28.0,utilitaire_camion,voiture,3,1,1,3,2
202400011155,2024-10-18 18:30:00,2024,10,18,18,30,71,71052,948 Ancienne Nationale 6,46.603252,4.894471,Crépuscule ou aube,Hors agglomération,Intersection en X,Normale,Deux véhicules - côté,3,2,2,0,1,3,1,0,1,50,2,2,1,0,1,0,15.0,39.0,deux_roues,voiture,2,1,2,1,3
202400011155,2024-10-18 18:30:00,2024,10,18,18,30,71,71052,948 Ancienne Nationale 6,46.603252,4.894471,Crépuscule ou aube,Hors agglomération,Intersection en X,Normale,Deux véhicules - côté,3,2,2,0,2,3,1,5,1,70,2,2,1,0,1,0,15.0,39.0,deux_roues,voiture,2,1,2,1,3
202400011156,2024-10-18 14:07:00,2024,10,18,14,7,88,88131,rue de la croisette,48.16817,6.658093,Plein jour,Hors agglomération,Hors intersection,Normale,Deux véhicules - frontale,3,2,2,0,1,2,1,0,3,70,1,1,0,1,0,0,22.0,,voiture,,1,1,1,1,1
202400011157,2024-10-18 15:35:00,2024,10,18,15,35,81,81140,Avenue Pierre Fabre,43.677401,1.881473,Plein jour,Hors agglomération,Hors intersection,Pluie légère,Autre collision,3,2,2,0,1,1,2,0,3,90,1,1,0,0,1,0,47.0,,voiture,,1,1,1,2,6
202400011158,2024-10-16 17:00:00,2024,10,16,17,0,31,31429,38 Avenue du Lauragais,43.49232,1.52379,Plein jour,Hors agglomération,Hors intersection,Temps couvert,Deux véhicules - frontale,3,2,3,0,1,1,1,0,1,70,2,3,1,0,1,1,62.0,48.0,voiture,voiture,1,1,1,8,1
202400011159,2024-10-17 07:15:00,2024,10,17,7,15,17,17100,D233e2,45.732599,-0.452006,Nuit sans éclairage public,Hors agglomération,Intersection en X,Temps couvert,Deux véhicules - côté,3,2,2,0,1,1,6,0,1,80,2,2,1,0,1,0,57.0,20.0,voiture,voiture,3,1,2,8,3
202400011159,2024-10-17 07:15:00,2024,10,17,7,15,17,17100,D233e2,45.732599,-0.452006,Nuit sans éclairage public,Hors agglomération,Intersection en X,Temps couvert,Deux véhicules - côté,3,2,2,-1,1,1,1,5,1,80,2,2,1,0,1,0,57.0,20.0,voiture,voiture,3,1,2,8,3
202400011160,2024-10-17 17:40:00,2024,10,17,17,40,50,50041,D64,49.594822,-1.768847,Plein jour,Hors agglomération,Hors intersection,Normale,Deux véhicules - frontale,3,2,2,0,1,1,1,0,1,80,2,4,2,0,1,1,45.0,39.0,voiture,voiture,1,1,1,1,1
202400011161,2024-10-17 17:45:00,2024,10,17,17,45,29,29057,Route de Quimper,47.92878228,-3.97912496,Plein jour,Hors agglomération,Hors intersection,Normale,Deux véhicules - côté,3,2,2,0,1,3,1,0,1,70,2,2,1,0,1,0,17.0,,deux_roues,autre,1,1,1,1,3
202400011162,2024-10-17 00:05:00,2024,10,17,0,5,22,22245,D767,48.653187,-3.332189,Nuit avec éclairage non allumé,Hors agglomération,Hors intersection,Pluie légère,Sans collision,3,3,2,0,1,2,2,0,8,110,1,2,0,0,2,0,19.0,,voiture,,4,1,1,2,7
202400011163,2024-10-17 10:15:00,2024,10,17,10,15,35,35244,"Le Poteau, intersection RD 175 / RD 18",48.390875,-1.487655,Plein jour,Hors agglomération,Intersection en X,Normale,Deux véhicules - côté,3,2,2,0,1,1,1,0,1,80,2,3,2,0,0,1,52.0,67.0,utilitaire_camion,voiture,1,1,2,1,3
202400011163,2024-10-17 10:15:00,2024,10,17,10,15,35,35244,"Le Poteau, intersection RD 175 / RD 18",48.390875,-1.487655,Plein jour,Hors agglomération,Intersection en X,Normale,Deux véhicules - côté,3,2,1,0,1,1,1,0,1,80,2,3,2,0,0,1,52.0,67.0,utilitaire_camion,voiture,1,1,2,1,3
202400011164,2024-10-07 18:50:00,2024,10,7,18,50,27,27020,Rue de Bérengeville,48.996723,1.074911,Crépuscule ou aube,En agglomération,Intersection en X,Pluie légère,Deux véhicules - frontale,4,2,2,0,3,1,2,2,1,50,2,4,0,0,0,4,39.0,34.0,voiture,voiture,2,2,2,2,1
202400011164,2024-10-07 18:50:00,2024,10,7,18,50,27,27020,Rue de Bérengeville,48.996723,1.074911,Crépuscule ou aube,En agglomération,Intersection en X,Pluie légère,Deux véhicules - frontale,4,2,2,-1,1,1,2,0,1,30,2,4,0,0,0,4,39.0,34.0,voiture,voiture,2,2,2,2,1
202400011165,2024-10-18 15:33:00,2024,10,18,15,33,76,76057,Rue du Général Giraud,49.54532,0.952678,Plein jour,En agglomération,Intersection en X,Normale,Autre collision,4,1,1,0,1,1,1,9,1,50,1,2,1,0,1,0,94.0,,voiture,,1,2,2,1,6
202400011165,2024-10-18 15:33:00,2024,10,18,15,33,76,76057,Rue du Général Giraud,49.54532,0.952678,Plein jour,En agglomération,Intersection en X,Normale,Autre collision,4,1, -1,-1,1,1,1,0,1,-1,1,2,1,0,1,0,94.0,,voiture,,1,2,2,1,6
202400011166,2024-10-17 09:05:00,2024,10,17,9,5,59,59117,Route Nationale,50.285312,3.154814,Plein jour,En agglomération,Hors intersection,Normale,Deux véhicules - frontale,3,2,2,0,1,1,1,0,1,50,2,2,1,0,1,0,27.0,28.0,voiture,voiture,1,2,1,1,1
202400011167,2024-10-17 18:00:00,2024,10,17,18,0,13,13071,A7-Sens Lyon vers Marseille,43.41269032,5.2816386,Plein jour,Hors agglomération,Hors intersection,Pluie légère,Deux véhicules - arrière,1,1,3,0,1,1,2,1,1,90,2,2,1,0,0,1,37.0,52.0,voiture,voiture,1,1,1,2,2
202400011168,2024-10-15 13:15:00,2024,10,15,13,15,59,59350,AUTOROUTE A25,50.616292,3.066547,Plein jour,Hors agglomération,Hors intersection,Normale,Deux véhicules - arrière,1,3,3,0,1,1,1,0,1,70,2,2,1,0,1,0,46.0,53.0,voiture,utilitaire_camion,1,1,1,1,2
202400011169,2024-10-17 00:51:00,2024,10,17,0,51,92,92048,N118,48.81130205,2.21297347,Nuit sans éclairage public,Hors agglomération,Hors intersection,Pluie légère,Deux véhicules - côté,2,1,2,0,2,1,2,0,1,90,2,2,1,0,0,1,25.0,23.0,voiture,voiture,3,1,1,2,3
202400011170,2024-10-16 20:13:00,2024,10,16,20,13,92,92036,A86,48.93540166,2.26544968,Nuit avec éclairage non allumé,Hors agglomération,Hors intersection,Normale,Deux véhicules - arrière,1,1,2,0,1,1,1,0,1,90,2,2,1,0,0,1,43.0,34.0,deux_roues,voiture,4,1,1,1,2
202400011171,2024-10-16 08:10:00,2024,10,16,8,10,92,92062,A14,48.89288335,2.2338962,Plein jour,Hors agglomération,Hors intersection,Normale,Deux véhicules - arrière,1,-1,2,0,1,1,1,1,1,70,2,2,1,0,0,1,22.0,44.0,deux_roues,voiture,1,1,1,1,2
202400011172,2024-10-16 11:50:00,2024,10,16,11,50,95,95582,A15,48.9633556,2.26447223,Plein jour,Hors agglomération,Hors intersection,Normale,Deux véhicules - arrière,1,1,5,0,1,1,1,0,1,70,2,2,1,0,0,1,23.0,56.0,utilitaire_camion,voiture,1,1,1,1,2
202400011173,2024-10-16 10:00:00,2024,10,16,10,0,95,95018,A15,48.96078636,2.26969648,Plein jour,Hors agglomération,Hors intersection,Normale,Deux véhicules - arrière,1,3,8,0,1,1,1,0,1,90,2,2,1,0,1,0,21.0,32.0,deux_roues,utilitaire_camion,1,1,1,1,2
202400011174,2024-10-15 19:45:00,2024,10,15,19,45,95,95018,A15,48.95528809,2.27796417,Nuit sans éclairage public,Hors agglomération,Hors intersection,Pluie légère,Autre collision,1,1,11,0,2,2,2,0,1,50,1,1,0,0,0,1,48.0,,voiture,,3,1,1,2,6
202400011175,2024-10-17 08:10:00,2024,10,17,8,10,94,94052,A86,48.83826565,2.49372861,Crépuscule ou aube,Hors agglomération,Hors intersection,Pluie légère,Deux véhicules - côté,1,1,3,0,1,1,2,1,1,90,2,2,1,0,0,1,33.0,18.0,voiture,deux_roues,2,1,1,2,3