accident_id,datetime,annee,mois,jour,heure,minute,departement,commune_insee,adresse,latitude,longitude,luminosite,agglomeration,intersection,meteo,collision,catr,circ,nbv,vosp,prof,plan,surf,infra,situ,vma,nb_vehicules,nb_usagers,nb_indemnes,nb_tues,nb_blesses_hosp,nb_blesses_legers,age_cond_1,age_cond_2,veh_type_cond_1,veh_type_cond_2,lum_code,agg_code,int_code,atm_code,col_code
202400011325,2024-07-04 08:00:00,2024,7,4,8,0,06,06027,147 Avenue de Nice,43.66025,7.17413,Plein jour,En agglomération,Intersection en T,Normale,Trois véhicules et plus - collisions multiples,7,2,1,0,3,1,1,0,1,30,3,3,2,0,0,1,35.0,27.0,voiture,deux_roues,1,2,3,1,5
202400011325,2024-07-04 08:00:00,2024,7,4,8,0,06,06027,147 Avenue de Nice,43.66025,7.17413,Plein jour,En agglomération,Intersection en T,Normale,Trois véhicules et plus - collisions multiples,7,-1,2,0,1,1,1,0,1,50,3,3,2,0,0,1,35.0,27.0,voiture,deux_roues,1,2,3,1,5
202400011326,2024-03-16 11:09:00,2024,3,16,11,9,27,27229,RABAIS (RUE DU),49.03466,1.15543,Plein jour,En agglomération,Intersection en T,Normale,Autre collision,4,-1, -1,0,2,1,1,0,1,50,1,2,1,0,1,0,,,voiture,,1,2,3,1,6
202400011326,2024-03-16 11:09:00,2024,3,16,11,9,27,27229,RABAIS (RUE DU),49.03466,1.15543,Plein jour,En agglomération,Intersection en T,Normale,Autre collision,4,-1,2,0,2,1,1,0,1,50,1,2,1,0,1,0,,,voiture,,1,2,3,1,6
202400011327,2024-07-04 08:50:00,2024,7,4,8,50,75,75117,PORTE DE SAINT OUEN,48.900501,2.324889,Plein jour,En agglomération,Hors intersection,Normale,Deux véhicules - arrière,4,1,4,0,1,1,1,0,1,70,2,2,1,0,0,1,23.0,32.0,deux_roues,deux_roues,1,2,1,1,2
202400011328,2024-03-15 15:45:00,2024,3,15,15,45,25,25462,VOIE COMMUNALE DE L'AVIATION,46.89981,6.32258,Plein jour,Hors agglomération,Hors intersection,Normale,Deux véhicules - côté,4,2,2,0,1,1,1,0,1,80,2,3,2,0,1,0,77.0,80.0,voiture,voiture,1,1,1,1,3
202400011329,2024-07-04 09:20:00,2024,7,4,9,20,75,75112,ECHANGEUR BERCY,48.830276,2.402037,Plein jour,En agglomération,Hors intersection,Normale,Deux véhicules - côté,4,1,4,0,1,1,1,0,1,70,2,2,1,0,0,1,46.0,67.0,deux_roues,utilitaire_camion,1,2,1,1,3
202400011330,2024-03-16 10:15:00,2024,3,16,10,15,22,22278,ETABLETTE (DE L'),48.49985,-2.74427,Plein jour,En agglomération,Intersection en T,Normale,Deux véhicules - frontale,4,1,1,0,1,1,1,0,1,30,2,2,1,0,0,1,55.0,42.0,voiture,voiture,1,2,3,1,1
202400011330,2024-03-16 10:15:00,2024,3,16,10,15,22,22278,ETABLETTE (DE L'),48.49985,-2.74427,Plein jour,En agglomération,Intersection en T,Normale,Deux véhicules - frontale,4,1,1,0,1,1,1,0,1,30,2,2,1,0,0,1,55.0,42.0,voiture,voiture,1,2,3,1,1
202400011331,2024-07-03 09:55:00,2024,7,3,9,55,75,75115,PORTE DE SEVRES,48.83058,2.285285,Plein jour,En agglomération,Hors intersection,Normale,Deux véhicules - arrière,4,1,3,0,1,1,1,0,1,70,2,2,1,0,0,1,32.0,29.0,voiture,deux_roues,1,2,1,1,2
202400011332,2024-03-16 22:10:00,2024,3,16,22,10,13,13203,LOUBON (RUE),43.31282,5.38454,Nuit avec éclairage allumé,En agglomération,Intersection en T,Normale,Deux véhicules - côté,4,2,2,0,1,1,1,0,1,50,2,2,1,0,0,1,23.0,,deux_roues,voiture,5,2,3,1,3
202400011332,2024-03-16 22:10:00,2024,3,16,22,10,13,13203,LOUBON (RUE),43.31282,5.38454,Nuit avec éclairage allumé,En agglomération,Intersection en T,Normale,Deux véhicules - côté,4,2, -1,-1,1,1,1,0,1,-1,2,2,1,0,0,1,23.0,,deux_roues,voiture,5,2,3,1,3
202400011333,2024-07-03 08:00:00,2024,7,3,8,0,75,75116,PORTE DAUPHINE,48.871993,2.27402,Plein jour,En agglomération,Hors intersection,Normale,Deux véhicules - côté,4,1,4,0,1,1,1,0,1,70,2,2,1,0,1,0,37.0,32.0,deux_roues,voiture,1,2,1,1,3
202400011334,2024-03-16 04:45:00,2024,3,16,4,45,13,13211,VALBARELLE (BOULEVARD DE LA ),43.28685517,5.44545891,Nuit avec éclairage allumé,En agglomération,Hors intersection,Normale,Deux véhicules - frontale,4,2,1,0,1,3,1,0,1,50,2,5,0,0,0,5,19.0,19.0,voiture,voiture,5,2,1,1,1
202400011335,2024-03-16 16:30:00,2024,3,16,16,30,13,13047,RAYMOND FILIPPI AVENUE,43.49072,4.98569,Plein jour,En agglomération,Hors intersection,Normale,Sans collision,4,1,2,0,1,1,1,0,1,50,1,1,0,0,0,1,77.0,,deux_roues,,1,2,1,1,7
202400011336,2024-07-04 09:20:00,2024,7,4,9,20,75,75120,RUE PELLEPORT,48.870782,2.399224,Plein jour,En agglomération,Intersection en X,Normale,Autre collision,4,2, -1,-1,1,1,1,0,1,-1,1,2,1,0,0,1,57.0,,voiture,,1,2,2,1,6
202400011336,2024-07-04 09:20:00,2024,7,4,9,20,75,75120,RUE PELLEPORT,48.870782,2.399224,Plein jour,En agglomération,Intersection en X,Normale,Autre collision,4,2,2,0,2,1,1,0,1,30,1,2,1,0,0,1,57.0,,voiture,,1,2,2,1,6
202400011337,2024-03-16 21:20:00,2024,3,16,21,20,13,13001,MOURET HENRI (AV),43.52096,5.43563,Nuit avec éclairage allumé,En agglomération,Hors intersection,Normale,Deux véhicules - côté,4,2,2,0,1,1,1,0,1,50,2,2,1,0,0,1,26.0,28.0,voiture,voiture,5,2,1,1,3
202400011338,2024-07-04 16:30:00,2024,7,4,16,30,75,75117,BOULEVARD D AURELLE DE PALADINES,48.883564,2.281924,Plein jour,En agglomération,Intersection en T,Normale,Deux véhicules - côté,4,2,2,0,1,1,1,0,1,30,2,2,1,0,0,1,36.0,44.0,voiture,deux_roues,1,2,3,1,3
202400011338,2024-07-04 16:30:00,2024,7,4,16,30,75,75117,BOULEVARD D AURELLE DE PALADINES,48.883564,2.281924,Plein jour,En agglomération,Intersection en T,Normale,Deux véhicules - côté,4,1,1,0,1,1,1,0,1,30,2,2,1,0,0,1,36.0,44.0,voiture,deux_roues,1,2,3,1,3
202400011339,2024-03-16 12:00:00,2024,3,16,12,0,13,13001,EUROPE (AV ),43.52409898,5.43298745,Plein jour,En agglomération,Autre intersection,Normale,Deux véhicules - côté,4,2,2,0,1,1,1,9,1,30,2,2,1,0,1,0,25.0,23.0,deux_roues,voiture,1,2,9,1,3
202400011340,2024-03-16 10:33:00,2024,3,16,10,33,10,10333,D610,48.26858,4.0525,Plein jour,Hors agglomération,Giratoire,Temps couvert,Autre collision,3,1,1,0,1,3,1,3,1,80,1,1,0,0,0,1,29.0,,voiture,,1,1,6,8,6
202400011341,2024-07-04 13:00:00,2024,7,4,13,0,75,75116,PLACE D IENA,48.864582,2.293704,Plein jour,En agglomération,Place,Normale,Deux véhicules - côté,4,2,1,0,1,1,1,0,1,50,2,2,1,0,0,1,57.0,40.0,deux_roues,voiture,1,2,7,1,3
202400011341,2024-07-04 13:00:00,2024,7,4,13,0,75,75116,PLACE D IENA,48.864582,2.293704,Plein jour,En agglomération,Place,Normale,Deux véhicules - côté,4,4,1,0,1,2,1,0,1,50,2,2,1,0,0,1,57.0,40.0,deux_roues,voiture,1,2,7,1,3
202400011342,2024-03-16 04:06:00,2024,3,16,4,6,06,06088,Promenade des Anglais,43.68709,7.23837,Nuit avec éclairage allumé,En agglomération,Hors intersection,Normale,Autre collision,7,3,6,0,1,1,1,0,3,50,1,1,0,1,0,0,24.0,,deux_roues,,5,2,1,1,6
202400011343,2024-07-04 09:00:00,2024,7,4,9,0,75,75116,RUE SPONTINI,48.86762,2.27702,Plein jour,En agglomération,Intersection en X,Normale,Autre collision,4,2,1,0,1,1,1,0,1,50,1,2,1,0,0,1,34.0,,voiture,,1,2,2,1,6
202400011343,2024-07-04 09:00:00,2024,7,4,9,0,75,75116,RUE SPONTINI,48.86762,2.27702,Plein jour,En agglomération,Intersection en X,Normale,Autre collision,4,1,1,0,1,1,1,0,1,50,1,2,1,0,0,1,34.0,,voiture,,1,2,2,1,6
202400011344,2024-03-16 12:25:00,2024,3,16,12,25,75,75118,AVENUE DE LA PORTE DE MONTMARTRE,48.900509,2.33531,Plein jour,En agglomération,Intersection en T,Normale,Autre collision,4,2,4,0,1,1,1,0,1,30,1,3,2,0,1,0,49.0,,deux_roues,,1,2,3,1,6
202400011344,2024-03-16 12:25:00,2024,3,16,12,25,75,75118,AVENUE DE LA PORTE DE MONTMARTRE,48.900509,2.33531,Plein jour,En agglomération,Intersection en T,Normale,Autre collision,4,2,2,0,1,1,1,0,1,30,1,3,2,0,1,0,49.0,,deux_roues,,1,2,3,1,6
202400011345,2024-07-03 23:55:00,2024,7,3,23,55,75,75115,RUE PLUMET,48.839219,2.308286,Nuit avec éclairage allumé,En agglomération,Intersection en X,Normale,Deux véhicules - côté,4,1,1,0,2,1,1,0,1,30,2,2,1,0,0,1,25.0,49.0,voiture,deux_roues,5,2,2,1,3
202400011345,2024-07-03 23:55:00,2024,7,3,23,55,75,75115,RUE PLUMET,48.839219,2.308286,Nuit avec éclairage allumé,En agglomération,Intersection en X,Normale,Deux véhicules - côté,4,1,1,0,2,1,1,0,1,30,2,2,1,0,0,1,25.0,49.0,voiture,deux_roues,5,2,2,1,3
202400011346,2024-03-15 23:10:00,2024,3,15,23,10,75,75118,RUE DU MONT CENIS,48.891225,2.343636,Nuit avec éclairage allumé,En agglomération,Intersection en X,Pluie légère,Deux véhicules - côté,4,1, -1,0,2,1,2,0,1,30,2,2,1,0,0,1,19.0,45.0,deux_roues,voiture,5,2,2,2,3
202400011346,2024-03-15 23:10:00,2024,3,15,23,10,75,75118,RUE DU MONT CENIS,48.891225,2.343636,Nuit avec éclairage allumé,En agglomération,Intersection en X,Pluie légère,Deux véhicules - côté,4,1,1,0,1,1,2,0,1,30,2,2,1,0,0,1,19.0,45.0,deux_roues,voiture,5,2,2,2,3
202400011347,2024-07-04 13:30:00,2024,7,4,13,30,75,75114,RUE BOYER BARRET,48.833036,2.317556,Plein jour,En agglomération,Hors intersection,Normale,Deux véhicules - arrière,4,1,1,0,1,1,1,0,1,30,2,2,1,0,0,1,25.0,,deux_roues,utilitaire_camion,1,2,1,1,2
202400011348,2024-03-16 18:45:00,2024,3,16,18,45,75,75117,BOULEVARD GOUVION SAINT CYR,48.878186,2.284139,Plein jour,En agglomération,Intersection en T,Normale,Autre collision,4,1, -1,3,1,1,1,9,6,30,1,1,0,0,0,1,84.0,,deux_roues,,1,2,3,1,6
202400011348,2024-03-16 18:45:00,2024,3,16,18,45,75,75117,BOULEVARD GOUVION SAINT CYR,48.878186,2.284139,Plein jour,En agglomération,Intersection en T,Normale,Autre collision,4,1, -1,-1,1,1,1,0,6,30,1,1,0,0,0,1,84.0,,deux_roues,,1,2,3,1,6
202400011349,2024-07-03 20:35:00,2024,7,3,20,35,75,75114,BOULEVARD ARAGO,48.834511,2.334877,Plein jour,En agglomération,Hors intersection,Normale,Autre collision,4,2,4,1,1,1,1,-1,5,50,1,1,0,0,0,1,25.0,,deux_roues,,1,2,1,1,6
202400011350,2024-03-16 11:15:00,2024,3,16,11,15,75,75117,PLACE DE VERDUN,48.879049,2.280481,Plein jour,En agglomération,Giratoire,Normale,Deux véhicules - arrière,4,1, -1,-1,1,1,1,0,1,30,2,2,1,0,0,1,26.0,38.0,voiture,deux_roues,1,2,6,1,2
202400011350,2024-03-16 11:15:00,2024,3,16,11,15,75,75117,PLACE DE VERDUN,48.879049,2.280481,Plein jour,En agglomération,Giratoire,Normale,Deux véhicules - arrière,4,1,3,0,1,1,1,0,1,30,2,2,1,0,0,1,26.0,38.0,voiture,deux_roues,1,2,6,1,2
202400011351,2024-07-04 16:40:00,2024,7,4,16,40,75,75113,AVENUE D ITALIE,48.830341,2.355985,Plein jour,En agglomération,Hors intersection,Normale,Autre collision,4,2,2,0,1,1,1,0,1,30,1,3,2,0,0,1,34.0,,deux_roues,,1,2,1,1,6
202400011352,2024-07-04 08:05:00,2024,7,4,8,5,75,75112,RUE DE CHARENTON,48.84205,2.38645,Plein jour,En agglomération,Intersection en T,Normale,Deux véhicules - arrière,4,2,6,1,2,1,2,0,1,30,2,2,1,0,1,0,58.0,52.0,deux_roues,deux_roues,1,2,3,1,2
202400011352,2024-07-04 08:05:00,2024,7,4,8,5,75,75112,RUE DE CHARENTON,48.84205,2.38645,Plein jour,En agglomération,Intersection en T,Normale,Deux véhicules - arrière,4,2,2,1,1,1,2,0,1,30,2,2,1,0,1,0,58.0,52.0,deux_roues,deux_roues,1,2,3,1,2
202400011353,2024-03-16 03:50:00,2024,3,16,3,50,75,75116,BOULEVARD SUCHET,48.857364,2.26472,Nuit avec éclairage allumé,En agglomération,Intersection en X,Pluie légère,Deux véhicules - côté,4,2,2,0,1,1,2,0,1,30,2,5,1,0,0,4,28.0,39.0,voiture,voiture,5,2,2,2,3
202400011353,2024-03-16 03:50:00,2024,3,16,3,50,75,75116,BOULEVARD SUCHET,48.857364,2.26472,Nuit avec éclairage allumé,En agglomération,Intersection en X,Pluie légère,Deux véhicules - côté,4,2,2,0,1,1,2,0,1,50,2,5,1,0,0,4,28.0,39.0,voiture,voiture,5,2,2,2,3
202400011354,2024-07-04 19:00:00,2024,7,4,19,0,75,75110,BOULEVARD DE MAGENTA,48.882787,2.350263,Plein jour,En agglomération,Hors intersection,Normale,Autre collision,4,2,6,1,1,1,1,-1,5,25,1,2,1,0,0,1,24.0,,deux_roues,,1,2,1,1,6
202400011355,2024-03-16 01:30:00,2024,3,16,1,30,75,75116,RUE GALILEE,48.867842,2.291879,Nuit avec éclairage allumé,En agglomération,Intersection en X,Normale,Deux véhicules - côté,4,1,1,0,1,1,1,0,1,30,2,2,1,0,0,1,22.0,39.0,voiture,deux_roues,5,2,2,1,3
202400011355,2024-03-16 01:30:00,2024,3,16,1,30,75,75116,RUE GALILEE,48.867842,2.291879,Nuit avec éclairage allumé,En agglomération,Intersection en X,Normale,Deux véhicules - côté,4,1,1,0,1,1,1,0,1,30,2,2,1,0,0,1,22.0,39.0,voiture,deux_roues,5,2,2,1,3
202400011356,2024-07-04 09:25:00,2024,7,4,9,25,75,75110,RUE DU FAUBOURG SAINT MARTIN,48.877839,2.361594,Plein jour,En agglomération,Intersection en T,Normale,Autre collision,4,1, -1,-1,1,1,1,0,1,-1,1,2,1,0,0,1,,,deux_roues,,1,2,3,1,6
202400011356,2024-07-04 09:25:00,2024,7,4,9,25,75,75110,RUE DU FAUBOURG SAINT MARTIN,48.877839,2.361594,Plein jour,En agglomération,Intersection en T,Normale,Autre collision,4,2,3,0,1,1,1,0,1,30,1,2,1,0,0,1,,,deux_roues,,1,2,3,1,6
202400011357,2024-03-15 09:45:00,2024,3,15,9,45,75,75114,RUE JULIA BARTET,48.825467,2.302315,Plein jour,En agglomération,Intersection en T,Normale,Sans collision,4,1, -1,-1,1,1,1,0,1,30,1,1,0,0,0,1,68.0,,deux_roues,,1,2,3,1,7
202400011357,2024-03-15 09:45:00,2024,3,15,9,45,75,75114,RUE JULIA BARTET,48.825467,2.302315,Plein jour,En agglomération,Intersection en T,Normale,Sans collision,4,2,4,1,1,1,1,0,1,30,1,1,0,0,0,1,68.0,,deux_roues,,1,2,3,1,7
202400011358,2024-07-04 16:15:00,2024,7,4,16,15,75,75108,PLACE DE L ALMA,48.86473123,2.30134338,Plein jour,En agglomération,Place,Normale,Deux véhicules - côté,4,2, -1,-1,1,1,1,0,1,-1,2,3,1,0,2,0,43.0,49.0,voiture,deux_roues,1,2,7,1,3
202400011358,2024-07-04 16:15:00,2024,7,4,16,15,75,75108,PLACE DE L ALMA,48.86473123,2.30134338,Plein jour,En agglomération,Place,Normale,Deux véhicules - côté,4,2,1,0,1,1,1,0,1,30,2,3,1,0,2,0,43.0,49.0,voiture,deux_roues,1,2,7,1,3
202400011359,2024-03-16 02:30:00,2024,3,16,2,30,75,75112,RUE DE CHARENTON,48.846463,2.378847,Nuit avec éclairage allumé,En agglomération,Intersection en T,Normale,Deux véhicules - arrière,4,2, -1,-1,1,1,2,0,1,30,2,2,0,0,0,2,36.0,38.0,deux_roues,deux_roues,5,2,3,1,2
202400011359,2024-03-16 02:30:00,2024,3,16,2,30,75,75112,RUE DE CHARENTON,48.846463,2.378847,Nuit avec éclairage allumé,En agglomération,Intersection en T,Normale,Deux véhicules - arrière,4,1,1,0,1,1,2,0,1,30,2,2,0,0,0,2,36.0,38.0,deux_roues,deux_roues,5,2,3,1,2
202400011360,2024-03-15 23:30:00,2024,3,15,23,30,75,75109,RUE NOTRE DAME DE LORETTE,48.879611,2.336092,Nuit avec éclairage allumé,En agglomération,Hors intersection,Normale,Sans collision,4,1,1,1,2,1,2,0,5,30,1,1,0,0,0,1,27.0,,deux_roues,,5,2,1,1,7
202400011361,2024-03-16 15:41:00,2024,3,16,15,41,75,75108,AVENUE WINSTON CHURCHILL,48.866098,2.313825,Plein jour,En agglomération,Intersection en T,Normale,Autre collision,4,2,8,2,1,1,1,0,1,30,1,2,1,0,0,1,54.0,,voiture,,1,2,3,1,6
202400011361,2024-03-16 15:41:00,2024,3,16,15,41,75,75108,AVENUE WINSTON CHURCHILL,48.866098,2.313825,Plein jour,En agglomération,Intersection en T,Normale,Autre collision,4,1, -1,0,1,1,1,0,1,30,1,2,1,0,0,1,54.0,,voiture,,1,2,3,1,6
202400011362,2024-07-03 22:20:00,2024,7,3,22,20,75,75107,PONT D IENA,48.85975755,2.29228556,Nuit avec éclairage allumé,En agglomération,Hors intersection,Normale,Deux véhicules - côté,4,2,6,2,1,1,1,2,5,30,2,7,6,0,0,1,19.0,31.0,deux_roues,utilitaire_camion,5,2,1,1,3
202400011363,2024-03-16 18:00:00,2024,3,16,18,0,75,75107,QUAI BRANLY,48.862185,2.300522,Plein jour,En agglomération,Hors intersection,Normale,Deux véhicules - frontale,4,2, -1,1,1,1,1,0,5,30,2,2,0,0,0,2,25.0,26.0,deux_roues,deux_roues,1,2,1,1,1
202400011364,2024-07-04 09:10:00,2024,7,4,9,10,75,75104,RUE SAINT ANTOINE,48.854292,2.363712,Plein jour,En agglomération,Intersection en T,Normale,Autre collision,4,1,1,0,1,1,1,0,4,30,1,2,1,0,0,1,,,deux_roues,,1,2,3,1,6
202400011364,2024-07-04 09:10:00,2024,7,4,9,10,75,75104,RUE SAINT ANTOINE,48.854292,2.363712,Plein jour,En agglomération,Intersection en T,Normale,Autre collision,4,2,4,1,1,1,1,0,4,25,1,2,1,0,0,1,,,deux_roues,,1,2,3,1,6
202400011365,2024-03-16 14:30:00,2024,3,16,14,30,75,75102,RUE DE LA BANQUE,48.86605,2.339915,Plein jour,En agglomération,Intersection en T,Normale,Sans collision,4,1,1,0,1,1,9,0,1,30,1,2,1,0,0,1,22.0,,deux_roues,,1,2,3,1,7
202400011365,2024-03-16 14:30:00,2024,3,16,14,30,75,75102,RUE DE LA BANQUE,48.86605,2.339915,Plein jour,En agglomération,Intersection en T,Normale,Sans collision,4,1,1,0,1,1,1,0,1,30,1,2,1,0,0,1,22.0,,deux_roues,,1,2,3,1,7
202400011366,2024-07-04 08:03:00,2024,7,4,8,3,94,94081,Route de Fontainebleau,48.77405628,2.36785343,Plein jour,En agglomération,Intersection en T,Normale,Deux véhicules - côté,3,1,0,0,1,1,1,0,1,50,2,2,1,0,0,1,20.0,21.0,voiture,deux_roues,1,2,3,1,3
202400011366,2024-07-04 08:03:00,2024,7,4,8,3,94,94081,Route de Fontainebleau,48.77405628,2.36785343,Plein jour,En agglomération,Intersection en T,Normale,Deux véhicules - côté,3,1,2,0,1,1,1,0,1,50,2,2,1,0,0,1,20.0,21.0,voiture,deux_roues,1,2,3,1,3
202400011367,2024-03-16 19:00:00,2024,3,16,19,0,94,94016,Avenue Pasteur,48.78722,2.32145,Crépuscule ou aube,En agglomération,Hors intersection,Normale,Deux véhicules - côté,3,2,2,0,2,1,1,0,1,50,2,2,1,0,0,1,39.0,36.0,deux_roues,voiture,2,2,1,1,3
202400011368,2024-07-04 12:20:00,2024,7,4,12,20,94,94078,Rue de Paris,48.73182,2.4468,Plein jour,En agglomération,Hors intersection,Normale,Deux véhicules - arrière,2,-1,4,0,1,1,1,0,1,50,2,3,2,0,0,1,47.0,22.0,voiture,voiture,1,2,1,1,2
202400011369,2024-03-16 17:20:00,2024,3,16,17,20,94,94022,Avenue de Lugo / Quai Jules Guesde,48.77347,2.40947,Plein jour,En agglomération,Autre intersection,Normale,Deux véhicules - côté,3,3,4,0,1,1,1,5,1,50,2,3,1,0,0,2,57.0,29.0,voiture,utilitaire_camion,1,2,9,1,3
202400011369,2024-03-16 17:20:00,2024,3,16,17,20,94,94022,Avenue de Lugo / Quai Jules Guesde,48.77347,2.40947,Plein jour,En agglomération,Autre intersection,Normale,Deux véhicules - côté,3,3,3,0,4,2,1,5,1,50,2,3,1,0,0,2,57.0,29.0,voiture,utilitaire_camion,1,2,9,1,3
202400011370,2024-03-15 22:15:00,2024,3,15,22,15,94,94004,Rue de Brévannes / Rue Louise Chenu,48.74903215,2.50732242,Nuit avec éclairage allumé,En agglomération,Intersection en T,Pluie légère,Autre collision,4,2,2,0,2,3,2,0,4,30,1,1,0,0,0,1,61.0,,utilitaire_camion,,5,2,3,2,6
202400011370,2024-03-15 22:15:00,2024,3,15,22,15,94,94004,Rue de Brévannes / Rue Louise Chenu,48.74903215,2.50732242,Nuit avec éclairage allumé,En agglomération,Intersection en T,Pluie légère,Autre collision,4,2,2,0,2,1,2,0,4,30,1,1,0,0,0,1,61.0,,utilitaire_camion,,5,2,3,2,6
202400011371,2024-07-04 06:38:00,2024,7,4,6,38,94,94068,Avenue du Bac,48.79571,2.50863,Plein jour,En agglomération,Autre intersection,Normale,Deux véhicules - côté,3,2,2,0,1,1,1,0,1,30,2,3,2,0,0,1,55.0,23.0,utilitaire_camion,voiture,1,2,9,1,3
202400011371,2024-07-04 06:38:00,2024,7,4,6,38,94,94068,Avenue du Bac,48.79571,2.50863,Plein jour,En agglomération,Autre intersection,Normale,Deux véhicules - côté,3,2,2,0,1,1,1,0,1,30,2,3,2,0,0,1,55.0,23.0,utilitaire_camion,voiture,1,2,9,1,3
202400011372,2024-03-16 09:45:00,2024,3,16,9,45,95,95527,NOYER AU CHAT (ROUTE DU),49.00463577,2.54807711,Plein jour,En agglomération,Intersection en Y,Normale,Deux véhicules - côté,4,1,#VALEURMULTI,0,1,1,1,0,1,70,2,3,1,0,0,2,31.0,,voiture,voiture,1,2,4,1,3
202400011373,2024-07-04 08:50:00,2024,7,4,8,50,94,94018,Avenue de la Liberte,48.82606,2.40705,Plein jour,En agglomération,Hors intersection,Normale,Deux véhicules - frontale,3,3,2,1,1,1,1,0,5,30,2,2,1,0,0,1,21.0,68.0,deux_roues,deux_roues,1,2,1,1,1
202400011374,2024-03-16 06:00:00,2024,3,16,6,0,77,77291,CHAPIT RE ( RUE DU),49.0049295,2.58935165,Nuit sans éclairage public,Hors agglomération,Hors intersection,Pluie légère,Deux véhicules - arrière,4,3,4,0,2,2,2,2,1,50,2,2,1,0,0,1,,25.0,voiture,voiture,3,1,1,2,2
202400011375,2024-07-03 11:25:00,2024,7,3,11,25,93,93078,Avenue Georges Clémenceau / Avenue Charles de Gaulle,48.95812,2.5583,Plein jour,En agglomération,Intersection en X,Temps couvert,Deux véhicules - côté,3,3,4,0,1,1,1,5,1,50,2,3,1,0,0,2,42.0,27.0,utilitaire_camion,utilitaire_camion,1,2,2,8,3
202400011375,2024-07-03 11:25:00,2024,7,3,11,25,93,93078,Avenue Georges Clémenceau / Avenue Charles de Gaulle,48.95812,2.5583,Plein jour,En agglomération,Intersection en X,Temps couvert,Deux véhicules - côté,3,2,2,2,1,1,1,0,1,-1,2,3,1,0,0,2,42.0,27.0,utilitaire_camion,utilitaire_camion,1,2,2,8,3
202400011376,2024-03-16 12:19:00,2024,3,16,12,19,93,93014,Allée Maurice Audin / Chemin des Postes,48.90821,2.53426,Plein jour,En agglomération,Autre intersection,Normale,Deux véhicules - côté,4,2,2,0,1,1,1,5,5,-1,2,2,1,0,0,1,33.0,50.0,utilitaire_camion,deux_roues,1,2,9,1,3
202400011376,2024-03-16 12:19:00,2024,3,16,12,19,93,93014,Allée Maurice Audin / Chemin des Postes,48.90821,2.53426,Plein jour,En agglomération,Autre intersection,Normale,Deux véhicules - côté,4,3,2,3,2,1,1,5,5,50,2,2,1,0,0,1,33.0,50.0,utilitaire_camion,deux_roues,1,2,9,1,3
202400011377,2024-07-03 20:25:00,2024,7,3,20,25,93,93072,Avenue de Stalingrad / Rue Pasteur,48.9588,2.39783,Plein jour,En agglomération,Intersection en T,Normale,Autre collision,3,2,2,3,1,1,1,0,1,50,1,2,0,0,1,1,41.0,,deux_roues,,1,2,3,1,6
202400011377,2024-07-03 20:25:00,2024,7,3,20,25,93,93072,Avenue de Stalingrad / Rue Pasteur,48.9588,2.39783,Plein jour,En agglomération,Intersection en T,Normale,Autre collision,3,1,1,0,1,1,1,0,1,-1,1,2,0,0,1,1,41.0,,deux_roues,,1,2,3,1,6
202400011378,2024-03-16 11:15:00,2024,3,16,11,15,92,92026,MARECHAL JOFFRE (QUAI DU),48.89980784,2.27265644,Plein jour,En agglomération,Intersection en T,Normale,Deux véhicules - arrière,3,2,2,0,1,3,1,0,1,50,2,3,2,0,0,1,20.0,34.0,voiture,deux_roues,1,2,3,1,2
202400011378,2024-03-16 11:15:00,2024,3,16,11,15,92,92026,MARECHAL JOFFRE (QUAI DU),48.89980784,2.27265644,Plein jour,En agglomération,Intersection en T,Normale,Deux véhicules - arrière,3,2,4,0,1,1,1,0,1,50,2,3,2,0,0,1,20.0,34.0,voiture,deux_roues,1,2,3,1,2
202400011379,2024-07-04 11:00:00,2024,7,4,11,0,93,93070,DOCTEUR BAUER(RUE DU) :N° 1 AU 73,48.91155282,2.33666539,Plein jour,En agglomération,Hors intersection,Normale,Deux véhicules - arrière,3,1,1,0,1,1,1,0,1,50,2,2,1,0,0,1,61.0,19.0,voiture,deux_roues,1,2,1,1,2
202400011380,2024-03-15 18:15:00,2024,3,15,18,15,92,92025,GABRIEL PERI (RUE),48.91824147,2.23893706,Plein jour,En agglomération,Autre intersection,Normale,Deux véhicules - frontale,3,1,3,0,1,2,1,0,1,30,2,2,1,0,0,1,50.0,13.0,voiture,deux_roues,1,2,9,1,1
202400011381,2024-07-04 13:10:00,2024,7,4,13,10,93,93039,MECHIN,48.935778,2.339279,Plein jour,En agglomération,Autre intersection,Normale,Autre collision,3,2,2,0,1,1,1,9,8,50,1,2,1,0,0,1,36.0,,deux_roues,,1,2,9,1,6
202400011382,2024-03-16 05:21:00,2024,3,16,5,21,92,92024,CLICHY (QUAI DE) DE (104 A 202),48.91010201,2.30344605,Nuit avec éclairage allumé,En agglomération,Hors intersection,Normale,Deux véhicules - arrière,3,3,2,0,1,1,1,0,1,50,2,5,2,0,0,3,62.0,,utilitaire_camion,voiture,5,2,1,1,2
202400011383,2024-07-04 17:52:00,2024,7,4,17,52,93,93074,ROBERT SCHUMANN BOULEVARD,48.93344,2.56097,Plein jour,En agglomération,Intersection à plus de 4 branches,Normale,Deux véhicules - côté,3,4,2,0,1,1,1,0,1,50,2,3,2,0,0,1,24.0,45.0,deux_roues,voiture,1,2,5,1,3
202400011383,2024-07-04 17:52:00,2024,7,4,17,52,93,93074,ROBERT SCHUMANN BOULEVARD,48.93344,2.56097,Plein jour,En agglomération,Intersection à plus de 4 branches,Normale,Deux véhicules - côté,3,4,0,0,1,1,1,0,1,50,2,3,2,0,0,1,24.0,45.0,deux_roues,voiture,1,2,5,1,3