accident_id,datetime,annee,mois,jour,heure,minute,departement,commune_insee,adresse,latitude,longitude,luminosite,agglomeration,intersection,meteo,collision,catr,circ,nbv,vosp,prof,plan,surf,infra,situ,vma,nb_vehicules,nb_usagers,nb_indemnes,nb_tues,nb_blesses_hosp,nb_blesses_legers,age_cond_1,age_cond_2,veh_type_cond_1,veh_type_cond_2,lum_code,agg_code,int_code,atm_code,col_code
202400011384,2024-03-17 02:26:00,2024,3,17,2,26,76,76279,2034 Voie Romaine,49.615006,0.592645,Nuit avec éclairage non allumé,En agglomération,Autre intersection,Autre,Autre collision,3,2,2,0,1,3,2,0,1,50,1,1,0,1,0,0,37.0,,voiture,,4,2,9,9,6
202400011385,2024-07-04 21:30:00,2024,7,4,21,30,93,93029,Rue d'Alsace Lorraine,48.9299,2.44161,Crépuscule ou aube,En agglomération,Hors intersection,Normale,Autre collision,4,2,2,0,1,2,1,0,3,50,1,2,1,0,0,1,34.0,,voiture,,2,2,1,1,6
202400011386,2024-03-15 15:45:00,2024,3,15,15,45,37,37153,141 Lieu Dit la Coulonniere,47.47928661,0.76255068,Plein jour,Hors agglomération,Hors intersection,Normale,Deux véhicules - arrière,3,2,2,0,1,1,1,0,1,90,2,2,1,0,1,0,20.0,27.0,voiture,deux_roues,1,1,1,1,2
202400011387,2024-03-16 13:30:00,2024,3,16,13,30,2A,2A203,RD81,42.296461,8.677053,Plein jour,Hors agglomération,Hors intersection,Normale,Sans collision,3,-1,2,0,2,3,9,0,1,80,1,1,0,0,1,0,74.0,,deux_roues,,1,1,1,1,7
202400011388,2024-03-15 15:10:00,2024,3,15,15,10,95,95452,D78,49.13253935,2.28162232,Plein jour,En agglomération,Passage à niveau,Normale,Sans collision,3,-1,2,0,1,1,1,9,1,50,1,1,0,0,1,0,19.0,,deux_roues,,1,2,8,1,7
202400011389,2024-07-04 15:25:00,2024,7,4,15,25,93,93014,MONTFERMEIL (ALLEE DE),48.897072,2.531647,Plein jour,En agglomération,Intersection à plus de 4 branches,Normale,Autre collision,3,2,5,0,1,1,1,0,1,50,1,2,1,0,1,0,45.0,,utilitaire_camion,,1,2,5,1,6
202400011389,2024-07-04 15:25:00,2024,7,4,15,25,93,93014,MONTFERMEIL (ALLEE DE),48.897072,2.531647,Plein jour,En agglomération,Intersection à plus de 4 branches,Normale,Autre collision,3,2,2,-1,1,1,1,0,1,-1,1,2,1,0,1,0,45.0,,utilitaire_camion,,1,2,5,1,6
202400011390,2024-03-16 09:50:00,2024,3,16,9,50,31,31547,Intersection D12-D50,43.504278,1.248187,Plein jour,Hors agglomération,Intersection en X,Normale,Deux véhicules - côté,3,2,2,0,1,1,1,0,1,80,2,6,4,0,1,1,54.0,42.0,voiture,voiture,1,1,2,1,3
202400011390,2024-03-16 09:50:00,2024,3,16,9,50,31,31547,Intersection D12-D50,43.504278,1.248187,Plein jour,Hors agglomération,Intersection en X,Normale,Deux véhicules - côté,3,2,2,0,1,1,1,0,1,70,2,6,4,0,1,1,54.0,42.0,voiture,voiture,1,1,2,1,3
202400011391,2024-07-04 08:45:00,2024,7,4,8,45,92,92078,GALLIENI (BD) (1 A 79 ET 22 A 102),48.9280493,2.33124179,Plein jour,En agglomération,Intersection en X,Normale,Deux véhicules - côté,3,-1,3,1,1,1,1,5,1,50,2,3,0,0,0,3,31.0,46.0,voiture,voiture,1,2,2,1,3
202400011391,2024-07-04 08:45:00,2024,7,4,8,45,92,92078,GALLIENI (BD) (1 A 79 ET 22 A 102),48.9280493,2.33124179,Plein jour,En agglomération,Intersection en X,Normale,Deux véhicules - côté,3,-1,3,0,1,1,1,0,1,50,2,3,0,0,0,3,31.0,46.0,voiture,voiture,1,2,2,1,3
202400011392,2024-07-04 12:12:00,2024,7,4,12,12,92,92073,JAURES (AVENUE JEAN),48.86220208,2.21126965,Plein jour,En agglomération,Intersection en T,Normale,Deux véhicules - frontale,3,-1,1,0,1,1,1,0,8,50,2,2,1,0,0,1,63.0,47.0,voiture,deux_roues,1,2,3,1,1
202400011392,2024-07-04 12:12:00,2024,7,4,12,12,92,92073,JAURES (AVENUE JEAN),48.86220208,2.21126965,Plein jour,En agglomération,Intersection en T,Normale,Deux véhicules - frontale,3,2, -1,0,1,1,1,0,1,50,2,2,1,0,0,1,63.0,47.0,voiture,deux_roues,1,2,3,1,1
202400011393,2024-03-16 14:45:00,2024,3,16,14,45,972,97225,Route Nationale N°2,14.758968,-61.162434,Plein jour,Hors agglomération,Hors intersection,Normale,Deux véhicules - frontale,2,2,2,0,2,3,1,0,1,80,2,4,3,0,1,0,21.0,63.0,voiture,voiture,1,1,1,1,1
202400011394,2024-03-16 16:05:00,2024,3,16,16,5,23,23101,Le Breuil,46.289453,1.925477,Plein jour,Hors agglomération,Hors intersection,Normale,Deux véhicules - côté,3,2,2,0,1,1,1,0,1,90,2,2,1,0,1,0,18.0,56.0,deux_roues,utilitaire_camion,1,1,1,1,3
202400011395,2024-07-04 08:00:00,2024,7,4,8,0,92,92063,DANTON (RUE),48.87867295,2.18652114,Plein jour,En agglomération,Intersection en X,Temps éblouissant,Autre collision,3,2,2,0,1,1,1,0,1,30,1,2,1,0,0,1,36.0,,voiture,,1,2,2,7,6
202400011395,2024-07-04 08:00:00,2024,7,4,8,0,92,92063,DANTON (RUE),48.87867295,2.18652114,Plein jour,En agglomération,Intersection en X,Temps éblouissant,Autre collision,3,-1,4,0,1,1,1,0,1,30,1,2,1,0,0,1,36.0,,voiture,,1,2,2,7,6
202400011396,2024-03-17 09:30:00,2024,3,17,9,30,21,21177,A6 - PK246+200,47.3676,4.408505,Plein jour,Hors agglomération,Hors intersection,Normale,Autre collision,1,1,2,0,1,1,1,0,1,130,1,2,0,0,0,2,82.0,,voiture,,1,1,1,1,6
202400011397,2024-07-02 23:17:00,2024,7,2,23,17,92,92050,PREMIER MAI RUE DU,48.9154506,2.21998358,Nuit avec éclairage allumé,Hors agglomération,Hors intersection,Normale,Trois véhicules et plus - en chaîne,3,1,1,0,1,1,1,0,1,50,3,3,1,0,0,2,18.0,29.0,voiture,voiture,5,1,1,1,4
202400011398,2024-03-16 19:20:00,2024,3,16,19,20,71,71333,Route de Saint-germain-du-bois,46.7744812,4.9622231,Nuit sans éclairage public,Hors agglomération,Hors intersection,Temps couvert,Deux véhicules - frontale,3,2,2,0,1,1,1,0,1,90,2,4,1,1,1,1,19.0,34.0,voiture,voiture,3,1,1,8,1
202400011399,2024-07-02 13:30:00,2024,7,2,13,30,92,92050,GUILLERAIES AVENUE DES,48.8943463,2.18481839,Plein jour,En agglomération,Autre intersection,Normale,Deux véhicules - côté,4,2,2,0,1,1,1,0,1,50,2,2,1,0,0,1,36.0,37.0,deux_roues,voiture,1,2,9,1,3
202400011400,2024-03-17 07:00:00,2024,3,17,7,0,76,76615,route de la garenne,49.596595,0.201659,Crépuscule ou aube,Hors agglomération,Hors intersection,Pluie légère,Autre collision,3,2,2,0,2,1,2,0,1,80,1,2,1,0,0,1,24.0,,voiture,,2,1,1,2,6
202400011401,2024-07-04 13:15:00,2024,7,4,13,15,92,92049,BROSSOLETTE AVENUE PIERRE,48.82194,2.31372,Plein jour,En agglomération,Hors intersection,Normale,Autre collision,3,3,4,1,1,1,1,0,1,50,1,2,1,0,0,1,32.0,,deux_roues,,1,2,1,1,6
202400011402,2024-03-17 12:30:00,2024,3,17,12,30,79,79213,,46.63593,-0.24598,Plein jour,En agglomération,Giratoire,Normale,Deux véhicules - côté,3,2,2,0,1,1,1,0,1,30,2,2,1,0,1,0,73.0,15.0,voiture,deux_roues,1,2,6,1,3
202400011403,2024-07-04 11:45:00,2024,7,4,11,45,92,92024,PIERRE BEREGOVOY (RUE),48.90284273,2.29689693,Plein jour,En agglomération,Hors intersection,Normale,Deux véhicules - côté,4,1,1,0,1,1,1,0,1,50,2,2,1,0,0,1,35.0,22.0,deux_roues,deux_roues,1,2,1,1,3
202400011404,2024-03-16 15:10:00,2024,3,16,15,10,2B,2B043,RD 80,42.781165,9.480064,Plein jour,Hors agglomération,Hors intersection,Normale,Autre collision,3,2,2,0,1,3,1,0,1,80,3,5,1,0,0,4,17.0,16.0,deux_roues,deux_roues,1,1,1,1,6
202400011405,2024-07-03 16:40:00,2024,7,3,16,40,974,97415,N1,-21.009162,55.277196,Plein jour,Hors agglomération,Hors intersection,Normale,Deux véhicules - côté,2,3,4,0,1,1,1,0,1,110,2,2,1,0,1,0,22.0,53.0,voiture,deux_roues,1,1,1,1,3
202400011406,2024-03-17 02:00:00,2024,3,17,2,0,65,65075,D929,42.856077,0.342636,Nuit sans éclairage public,Hors agglomération,Hors intersection,Normale,Autre collision,3,2,2,0,1,2,1,0,1,90,1,1,0,0,0,1,19.0,,voiture,,3,1,1,1,6
202400011407,2024-07-04 11:30:00,2024,7,4,11,30,974,97415,Chemin Ligne Chereau,-21.02671,55.291491,Plein jour,En agglomération,Hors intersection,Pluie légère,Sans collision,4,2,2,0,2,1,2,0,3,50,1,1,0,0,1,0,17.0,,deux_roues,,1,2,1,2,7
202400011408,2024-03-16 15:10:00,2024,3,16,15,10,65,65448,D 39,43.283774,0.36242,Plein jour,Hors agglomération,Hors intersection,Normale,Sans collision,3,2,2,0,1,1,1,0,3,80,1,1,0,0,1,0,74.0,,voiture,,1,1,1,1,7
202400011409,2024-03-16 13:15:00,2024,3,16,13,15,69,69018,Rue des Écharmeaux,46.16366917,4.56964926,Plein jour,Hors agglomération,Hors intersection,Normale,Deux véhicules - frontale,3,2,3,0,1,1,1,0,1,80,2,2,0,0,1,1,44.0,16.0,voiture,deux_roues,1,1,1,1,1
202400011410,2024-07-03 22:15:00,2024,7,3,22,15,12,12140,D911,44.385511,1.897974,Nuit sans éclairage public,Hors agglomération,Hors intersection,Normale,Autre collision,3,2,2,0,1,1,1,0,1,90,3,3,1,2,0,0,43.0,19.0,utilitaire_camion,deux_roues,3,1,1,1,6
202400011411,2024-03-17 15:40:00,2024,3,17,15,40,81,81309,Route du Dolmen,44.0900965,1.8059017,Plein jour,Hors agglomération,Intersection en Y,Normale,Deux véhicules - côté,3,2,2,0,1,2,1,0,1,80,2,4,3,0,1,0,62.0,17.0,voiture,deux_roues,1,1,4,1,3
202400011411,2024-03-17 15:40:00,2024,3,17,15,40,81,81309,Route du Dolmen,44.0900965,1.8059017,Plein jour,Hors agglomération,Intersection en Y,Normale,Deux véhicules - côté,3,2, -1,-1,1,3,1,0,1,80,2,4,3,0,1,0,62.0,17.0,voiture,deux_roues,1,1,4,1,3
202400011412,2024-07-05 15:35:00,2024,7,5,15,35,47,47015,518 route de l'ourtiguet,44.055048,0.647067,Plein jour,Hors agglomération,Hors intersection,Normale,Deux véhicules - frontale,4,2,2,0,2,3,1,0,1,80,2,4,3,0,1,0,26.0,52.0,deux_roues,voiture,1,1,1,1,1
202400011413,2024-03-17 14:15:00,2024,3,17,14,15,11,11129,137 Avenue de Carcassonne,42.936326,2.231201,Plein jour,En agglomération,Autre intersection,Normale,Autre collision,3,2,2,0,1,1,1,0,1,30,1,1,0,0,0,1,37.0,,deux_roues,,1,2,9,1,6
202400011414,2024-03-14 11:40:00,2024,3,14,11,40,11,11263,route départementale 117,42.887481,2.127657,Plein jour,Hors agglomération,Hors intersection,Normale,Deux véhicules - côté,3,2,2,0,1,1,1,0,1,80,2,2,1,0,1,0,48.0,55.0,deux_roues,voiture,1,1,1,1,3
202400011415,2024-06-12 18:58:00,2024,6,12,18,58,01,01244,D1084,45.905836,5.21536,Plein jour,Hors agglomération,Giratoire,Normale,Trois véhicules et plus - collisions multiples,3,2,2,0,1,1,1,0,1,80,3,3,1,0,0,2,69.0,26.0,voiture,voiture,1,1,6,1,5
202400011416,2024-03-16 18:25:00,2024,3,16,18,25,71,71248,D975,46.558147,4.9269294,Plein jour,Hors agglomération,Hors intersection,Normale,Autre collision,3,2,2,0,1,3,1,0,1,90,1,1,0,0,1,0,16.0,,deux_roues,,1,1,1,1,6
202400011417,2024-07-04 19:00:00,2024,7,4,19,0,26,26140,Les Fayolles,45.103085,5.096583,Plein jour,Hors agglomération,Hors intersection,Normale,Deux véhicules - frontale,3,2,2,0,3,3,1,0,1,70,2,2,1,1,0,0,30.0,55.0,utilitaire_camion,voiture,1,1,1,1,1
202400011418,2024-03-16 20:10:00,2024,3,16,20,10,63,63036,D717,45.514317,3.205304,Nuit sans éclairage public,Hors agglomération,Hors intersection,Normale,Sans collision,3,2,2,0,2,2,1,0,3,90,1,1,0,0,1,0,19.0,,voiture,,3,1,1,1,7
202400011419,2024-03-16 11:50:00,2024,3,16,11,50,63,63178,13 Boulevard du Mont Mouchet,45.536511,3.247358,Plein jour,En agglomération,Hors intersection,Normale,Sans collision,3,2,2,0,1,2,1,0,4,50,1,1,0,0,1,0,44.0,,deux_roues,,1,2,1,1,7
202400011420,2024-07-05 11:55:00,2024,7,5,11,55,52,52114,D6,48.051693,4.900932,Plein jour,Hors agglomération,Hors intersection,Normale,Sans collision,3,2,2,0,1,1,1,0,3,90,1,2,0,1,0,1,55.0,,deux_roues,,1,1,1,1,7
202400011421,2024-03-17 16:05:00,2024,3,17,16,5,55,55463,D119,48.891143,5.614631,Plein jour,Hors agglomération,Hors intersection,Pluie légère,Sans collision,3,2,2,0,2,3,2,0,3,90,1,1,0,0,0,1,16.0,,deux_roues,,1,1,1,2,7
202400011422,2024-07-05 15:50:00,2024,7,5,15,50,95,95452,D85,49.12282922,2.30447378,Plein jour,Hors agglomération,Hors intersection,Normale,Autre collision,3,2,2,0,2,1,1,0,1,80,1,2,1,0,1,0,62.0,,voiture,,1,1,1,1,6
202400011423,2024-03-16 20:55:00,2024,3,16,20,55,12,12056,Route Nationale RN 88,44.289514,2.462225,Nuit sans éclairage public,Hors agglomération,Hors intersection,Normale,Autre collision,2,3,4,0,1,2,1,0,1,110,1,1,0,0,0,1,19.0,,voiture,,3,1,1,1,6
202400011424,2024-07-05 07:30:00,2024,7,5,7,30,95,95487,D4,49.15748852,2.26370736,Plein jour,En agglomération,Giratoire,Normale,Autre collision,3,1,2,0,1,3,1,0,1,50,1,1,0,0,0,1,34.0,,deux_roues,,1,2,6,1,6
202400011425,2024-03-16 21:15:00,2024,3,16,21,15,47,47252,Av Gaston Carrere,44.399364,0.603229,Nuit avec éclairage non allumé,En agglomération,Hors intersection,Normale,Autre collision,3,2,2,0,1,1,1,0,1,50,1,2,1,1,0,0,22.0,,voiture,,4,2,1,1,6
202400011426,2024-06-24 13:00:00,2024,6,24,13,0,84,84069,CD 974,44.157332,5.147223,Plein jour,Hors agglomération,Hors intersection,Normale,Autre collision,3,2,2,0,2,3,1,0,3,90,1,1,0,0,1,0,49.0,,deux_roues,,1,1,1,1,6
202400011427,2024-03-17 12:30:00,2024,3,17,12,30,01,01304,Rue Philibert-le-beau,46.056779,5.341067,Plein jour,En agglomération,Hors intersection,Normale,Trois véhicules et plus - en chaîne,4,2,2,0,2,1,1,0,1,50,3,3,2,0,1,0,28.0,44.0,deux_roues,deux_roues,1,2,1,1,4
202400011428,2024-07-04 03:15:00,2024,7,4,3,15,31,31228,1549 Avenue des Platanes,43.685276,1.595485,Nuit sans éclairage public,En agglomération,Hors intersection,Normale,Autre collision,3,2,2,0,1,1,1,0,1,80,1,2,0,0,1,1,23.0,,voiture,,3,2,1,1,6
202400011429,2024-03-17 05:00:00,2024,3,17,5,0,01,01196,Route de Foissiat,46.351327,5.138673,Crépuscule ou aube,Hors agglomération,Hors intersection,Normale,Autre collision,3,2,2,0,1,1,1,2,1,80,1,1,0,0,1,0,33.0,,voiture,,2,1,1,1,6
202400011430,2024-06-24 09:00:00,2024,6,24,9,0,13,13078,Départemental 35,43.427875,4.763409,Plein jour,Hors agglomération,Hors intersection,Normale,Deux véhicules - côté,3,-1,2,0,1,1,1,0,1,80,2,2,1,0,0,1,74.0,22.0,voiture,utilitaire_camion,1,1,1,1,3
202400011431,2024-03-16 10:30:00,2024,3,16,10,30,66,66003,Quai Georges Bosch,42.47478,2.664523,Plein jour,En agglomération,Intersection en X,Temps éblouissant,Autre collision,3,2,2,0,1,2,1,9,1,30,1,2,1,1,0,0,49.0,,transport_commun,,1,2,2,7,6
202400011431,2024-03-16 10:30:00,2024,3,16,10,30,66,66003,Quai Georges Bosch,42.47478,2.664523,Plein jour,En agglomération,Intersection en X,Temps éblouissant,Autre collision,3,2, -1,0,1,1,1,5,8,50,1,2,1,1,0,0,49.0,,transport_commun,,1,2,2,7,6
202400011432,2024-07-05 00:26:00,2024,7,5,0,26,83,83073,autoroute A8 sens aix6 Nice pk 093.500,43.40345965,6.3011387,Nuit sans éclairage public,Hors agglomération,Hors intersection,Normale,Autre collision,1,3,3,0,2,3,1,0,1,130,1,2,0,0,2,0,72.0,,voiture,,3,1,1,1,6
202400011433,2024-07-05 08:00:00,2024,7,5,8,0,974,97412,Rue Paul Demange,-21.378508,55.620909,Plein jour,En agglomération,Hors intersection,Normale,Autre collision,4,2,2,0,1,3,1,6,1,50,1,2,1,0,1,0,33.0,,voiture,,1,2,1,1,6
202400011434,2024-03-16 18:35:00,2024,3,16,18,35,18,18065,,46.820517,2.129695,Crépuscule ou aube,Hors agglomération,Hors intersection,Normale,Sans collision,3,2,2,0,1,2,1,0,1,80,1,1,0,0,1,0,27.0,,deux_roues,,2,1,1,1,7
202400011435,2024-07-03 19:30:00,2024,7,3,19,30,972,97221,1426f Habitation Ferral,14.541263,-60.951864,Nuit sans éclairage public,Hors agglomération,Hors intersection,Normale,Sans collision,2,2,2,0,2,1,2,0,3,80,2,3,1,0,1,1,19.0,24.0,voiture,voiture,3,1,1,1,7
202400011436,2024-03-17 09:55:00,2024,3,17,9,55,07,07056,les Rotisses,45.338591,4.731084,Plein jour,Hors agglomération,Intersection en T,Normale,Deux véhicules - frontale,3,2,2,0,1,1,1,0,1,90,2,3,1,0,0,2,21.0,26.0,voiture,voiture,1,1,3,1,1
202400011436,2024-03-17 09:55:00,2024,3,17,9,55,07,07056,les Rotisses,45.338591,4.731084,Plein jour,Hors agglomération,Intersection en T,Normale,Deux véhicules - frontale,3,2,2,0,1,1,1,9,1,90,2,3,1,0,0,2,21.0,26.0,voiture,voiture,1,1,3,1,1
202400011437,2024-07-05 01:20:00,2024,7,5,1,20,35,35085,les fresches,48.42421,-1.755506,Nuit sans éclairage public,Hors agglomération,Hors intersection,Normale,Autre collision,3,2,2,0,2,1,1,0,3,80,1,1,0,0,1,0,21.0,,voiture,,3,1,1,1,6
202400011438,2024-03-16 03:00:00,2024,3,16,3,0,21,21445,D26,47.319494,4.320481,Nuit sans éclairage public,Hors agglomération,Hors intersection,Normale,Autre collision,3,2,2,0,2,1,1,0,8,80,1,1,0,0,1,0,37.0,,voiture,,3,1,1,1,6
202400011439,2024-07-03 12:50:00,2024,7,3,12,50,46,46091,D22,44.36729,1.628863,Plein jour,Hors agglomération,Hors intersection,Normale,Deux véhicules - frontale,3,2,2,0,1,2,1,0,1,80,2,3,0,0,0,3,60.0,31.0,utilitaire_camion,voiture,1,1,1,1,1
202400011440,2024-03-16 18:40:00,2024,3,16,18,40,27,27039,142 Rue du Village,49.377972,0.856199,Crépuscule ou aube,En agglomération,Hors intersection,Normale,Deux véhicules - frontale,4,2,2,0,1,3,1,0,1,50,2,4,2,0,1,1,32.0,45.0,voiture,voiture,2,2,1,1,1
202400011441,2024-03-16 14:20:00,2024,3,16,14,20,27,27192,Rue du Loup Pendu,49.161011,0.932591,Plein jour,En agglomération,Intersection en X,Normale,Deux véhicules - côté,3,2,2,0,1,1,1,5,1,50,2,2,0,0,1,1,27.0,17.0,voiture,deux_roues,1,2,2,1,3
202400011441,2024-03-16 14:20:00,2024,3,16,14,20,27,27192,Rue du Loup Pendu,49.161011,0.932591,Plein jour,En agglomération,Intersection en X,Normale,Deux véhicules - côté,3,2,2,0,1,1,1,5,1,50,2,2,0,0,1,1,27.0,17.0,voiture,deux_roues,1,2,2,1,3
202400011442,2024-07-04 17:20:00,2024,7,4,17,20,14,14061,4 Route de Beaumesnil,48.91625547,-0.90971392,Plein jour,En agglomération,Intersection en X,Normale,Deux véhicules - côté,3,2,2,0,1,1,1,0,1,50,2,3,2,0,1,0,56.0,67.0,utilitaire_camion,voiture,1,2,2,1,3
202400011442,2024-07-04 17:20:00,2024,7,4,17,20,14,14061,4 Route de Beaumesnil,48.91625547,-0.90971392,Plein jour,En agglomération,Intersection en X,Normale,Deux véhicules - côté,3,2,2,0,1,1,1,0,1,50,2,3,2,0,1,0,56.0,67.0,utilitaire_camion,voiture,1,2,2,1,3
202400011443,2024-03-16 20:40:00,2024,3,16,20,40,27,27011,Rue de la République,49.204158,0.934675,Nuit avec éclairage allumé,En agglomération,Hors intersection,Pluie légère,Deux véhicules - frontale,3,2,2,0,1,1,2,9,1,50,2,2,0,1,0,1,27.0,36.0,voiture,voiture,5,2,1,2,1
202400011444,2024-03-15 21:30:00,2024,3,15,21,30,30,30341,Rue des Capitaines,43.691692,4.274932,Nuit avec éclairage allumé,En agglomération,Intersection en X,Normale,Deux véhicules - côté,3,1,1,-1,1,1,1,0,1,-1,2,2,1,0,1,0,16.0,31.0,deux_roues,voiture,5,2,2,1,3
202400011444,2024-03-15 21:30:00,2024,3,15,21,30,30,30341,Rue des Capitaines,43.691692,4.274932,Nuit avec éclairage allumé,En agglomération,Intersection en X,Normale,Deux véhicules - côté,3,4,2,0,1,1,1,0,1,50,2,2,1,0,1,0,16.0,31.0,deux_roues,voiture,5,2,2,1,3
202400011445,2024-07-05 15:11:00,2024,7,5,15,11,974,97410,Route Nationale 2,-21.01334644,55.69054811,Plein jour,Hors agglomération,Hors intersection,Normale,Trois véhicules et plus - collisions multiples,2,3,4,0,1,1,1,0,1,110,4,4,3,0,1,0,40.0,38.0,utilitaire_camion,voiture,1,1,1,1,5
202400011446,2024-06-30 01:20:00,2024,6,30,1,20,26,26325,Avenue de Lyon,45.29790408,4.81155038,Nuit avec éclairage non allumé,En agglomération,Giratoire,Normale,Deux véhicules - côté,4,3,2,0,1,1,1,5,8,30,2,2,1,0,0,1,36.0,19.0,voiture,voiture,4,2,6,1,3
202400011446,2024-06-30 01:20:00,2024,6,30,1,20,26,26325,Avenue de Lyon,45.29790408,4.81155038,Nuit avec éclairage non allumé,En agglomération,Giratoire,Normale,Deux véhicules - côté,4,3,2,0,1,1,1,5,8,30,2,2,1,0,0,1,36.0,19.0,voiture,voiture,4,2,6,1,3
202400011447,2024-03-16 05:50:00,2024,3,16,5,50,21,21423,"A6, PK 307+700, sens PARIS / LYON",46.992154,4.854762,Nuit sans éclairage public,Hors agglomération,Hors intersection,Normale,Deux véhicules - arrière,1,3,4,0,1,1,1,0,1,130,2,4,3,0,1,0,76.0,30.0,voiture,voiture,3,1,1,1,2
202400011448,2024-07-04 22:40:00,2024,7,4,22,40,65,65301,D632,43.297702,0.206326,Nuit sans éclairage public,Hors agglomération,Hors intersection,Normale,Sans collision,3,2,2,0,2,1,9,8,3,50,1,1,0,0,1,0,24.0,,voiture,,3,1,1,1,7
202400011449,2024-03-17 07:00:00,2024,3,17,7,0,973,97311,Rue Joseph Symphorien,5.494572,-54.030767,Plein jour,En agglomération,Hors intersection,Normale,Autre collision,3,2,2,2,1,1,1,0,1,50,2,2,1,0,0,1,60.0,28.0,voiture,voiture,1,2,1,1,6
202400011450,2024-07-04 18:20:00,2024,7,4,18,20,72,72155,place saint martin,47.878158,0.227095,Plein jour,En agglomération,Hors intersection,Normale,Autre collision,6,-1, -1,0,1,3,1,0,4,30,1,2,0,0,1,1,23.0,,deux_roues,,1,2,1,1,6
202400011451,2024-03-17 04:29:00,2024,3,17,4,29,977,97701,route de Lorient D209 après lieu dit coupe gorge,17.92,-62.85,Nuit sans éclairage public,Hors agglomération,Hors intersection,Normale,Autre collision,2,-1,2,0,2,1,1,0,3,70,1,1,0,0,1,0,31.0,,deux_roues,,3,1,1,1,6
202400011452,2024-03-16 21:45:00,2024,3,16,21,45,37,37253,D58,47.28595982,0.98894861,Nuit sans éclairage public,Hors agglomération,Hors intersection,Normale,Autre collision,3,2,2,0,1,2,1,0,1,80,1,3,0,0,3,0,18.0,,voiture,,3,1,1,1,6
202400011453,2024-06-28 20:50:00,2024,6,28,20,50,62,62279,D939,50.30279244,2.72572746,Plein jour,En agglomération,Giratoire,Normale,Sans collision,3,2,2,0,1,1,1,0,1,50,1,1,0,0,1,0,43.0,,deux_roues,,1,2,6,1,7
202400011453,2024-06-28 20:50:00,2024,6,28,20,50,62,62279,D939,50.30279244,2.72572746,Plein jour,En agglomération,Giratoire,Normale,Sans collision,3,2,2,0,1,1,1,0,1,50,1,1,0,0,1,0,43.0,,deux_roues,,1,2,6,1,7
202400011453,2024-06-28 20:50:00,2024,6,28,20,50,62,62279,D939,50.30279244,2.72572746,Plein jour,En agglomération,Giratoire,Normale,Sans collision,3,2,2,0,1,1,1,0,1,50,1,1,0,0,1,0,43.0,,deux_roues,,1,2,6,1,7
202400011454,2024-03-16 15:30:00,2024,3,16,15,30,66,66037,CHEMIN DES TERRES ROUSSES,42.70716816,2.980944,Plein jour,Hors agglomération,Hors intersection,Normale,Deux véhicules - côté,4,2,2,0,1,1,1,0,1,80,2,2,1,0,1,0,75.0,64.0,deux_roues,voiture,1,1,1,1,3
202400011455,2024-07-05 15:50:00,2024,7,5,15,50,83,83018,route départementale 15,43.339685,6.157869,Plein jour,Hors agglomération,Hors intersection,Normale,Deux véhicules - frontale,3,2,2,0,1,2,1,0,1,80,2,2,1,1,0,0,59.0,31.0,voiture,deux_roues,1,1,1,1,1
202400011456,2024-03-16 06:27:00,2024,3,16,6,27,34,34157,Route de Marseillan,43.427244,3.558821,Nuit sans éclairage public,Hors agglomération,Hors intersection,Normale,Deux véhicules - arrière,3,2,2,0,1,1,1,0,1,80,2,2,1,1,0,0,32.0,35.0,utilitaire_camion,deux_roues,3,1,1,1,2
202400011457,2024-07-04 18:15:00,2024,7,4,18,15,59,59454,Route de Saint Omer,50.789604,2.481341,Plein jour,Hors agglomération,Intersection en T,Normale,Deux véhicules - côté,4,2,2,0,2,2,1,0,1,80,2,2,1,0,1,0,30.0,34.0,utilitaire_camion,deux_roues,1,1,3,1,3
202400011457,2024-07-04 18:15:00,2024,7,4,18,15,59,59454,Route de Saint Omer,50.789604,2.481341,Plein jour,Hors agglomération,Intersection en T,Normale,Deux véhicules - côté,4,2, -1,-1,1,1,1,0,1,-1,2,2,1,0,1,0,30.0,34.0,utilitaire_camion,deux_roues,1,1,3,1,3
202400011458,2024-03-16 11:15:00,2024,3,16,11,15,05,05166,"""Les chambons""",44.436687,5.713089,Plein jour,Hors agglomération,Hors intersection,Normale,Deux véhicules - arrière,3,2,2,0,1,1,1,0,1,90,2,2,0,0,1,1,64.0,34.0,deux_roues,voiture,1,1,1,1,2
202400011459,2024-07-04 12:40:00,2024,7,4,12,40,67,67463,D752,48.9135,8.107948,Plein jour,Hors agglomération,Hors intersection,Normale,Sans collision,3,2,2,0,2,1,1,0,3,80,1,1,0,0,1,0,23.0,,voiture,,1,1,1,1,7
202400011460,2024-07-05 19:50:00,2024,7,5,19,50,11,11422,D201,43.234143,2.416928,Plein jour,Hors agglomération,Hors intersection,Normale,Sans collision,3,2,2,0,2,3,1,0,3,80,1,1,0,0,0,1,43.0,,deux_roues,,1,1,1,1,7
202400011461,2024-03-17 14:25:00,2024,3,17,14,25,13,13097,N568,43.56134,4.797419,Plein jour,Hors agglomération,Hors intersection,Normale,Sans collision,2,3,0,0,1,1,1,0,8,110,1,3,0,1,0,2,32.0,,voiture,,1,1,1,1,7