accident_id,datetime,annee,mois,jour,heure,minute,departement,commune_insee,adresse,latitude,longitude,luminosite,agglomeration,intersection,meteo,collision,catr,circ,nbv,vosp,prof,plan,surf,infra,situ,vma,nb_vehicules,nb_usagers,nb_indemnes,nb_tues,nb_blesses_hosp,nb_blesses_legers,age_cond_1,age_cond_2,veh_type_cond_1,veh_type_cond_2,lum_code,agg_code,int_code,atm_code,col_code
202400011462,2024-07-05 04:45:00,2024,7,5,4,45,89,89439,D43,47.965384,3.677239,Nuit sans éclairage public,Hors agglomération,Hors intersection,Normale,Autre collision,3,2,2,0,1,1,1,0,1,90,1,1,0,0,1,0,42.0,,deux_roues,,3,1,1,1,6
202400011463,2024-03-16 10:55:00,2024,3,16,10,55,70,70279,D67,47.424842,5.6132841,Plein jour,Hors agglomération,Intersection en T,Normale,Deux véhicules - frontale,3,2,2,0,1,1,1,0,1,90,2,5,0,0,5,0,37.0,50.0,voiture,voiture,1,1,3,1,1
202400011463,2024-03-16 10:55:00,2024,3,16,10,55,70,70279,D67,47.424842,5.6132841,Plein jour,Hors agglomération,Intersection en T,Normale,Deux véhicules - frontale,3,2, -1,-1,1,1,1,0,1,-1,2,5,0,0,5,0,37.0,50.0,voiture,voiture,1,1,3,1,1
202400011464,2024-07-04 15:10:00,2024,7,4,15,10,61,61214,Voie Communale,48.760697,0.638526,Plein jour,En agglomération,Hors intersection,Normale,Deux véhicules - frontale,4,2,2,2,2,1,1,0,1,50,2,3,1,1,1,0,34.0,75.0,voiture,voiture,1,2,1,1,1
202400011465,2024-06-26 12:45:00,2024,6,26,12,45,34,34224,Intersection D909 et D33,43.451751,3.209038,Plein jour,Hors agglomération,Intersection en T,Normale,Deux véhicules - côté,3,2,2,0,1,1,1,0,1,80,2,2,1,0,0,1,42.0,60.0,voiture,deux_roues,1,1,3,1,3
202400011465,2024-06-26 12:45:00,2024,6,26,12,45,34,34224,Intersection D909 et D33,43.451751,3.209038,Plein jour,Hors agglomération,Intersection en T,Normale,Deux véhicules - côté,3,2, -1,-1,1,1,1,0,1,-1,2,2,1,0,0,1,42.0,60.0,voiture,deux_roues,1,1,3,1,3
202400011466,2024-03-17 18:30:00,2024,3,17,18,30,68,68063,D83,47.783043,7.16801,Nuit sans éclairage public,Hors agglomération,Hors intersection,Normale,Sans collision,3,3,2,0,1,2,1,0,1,-1,1,2,1,0,1,0,24.0,,utilitaire_camion,,3,1,1,1,7
202400011467,2024-06-27 05:10:00,2024,6,27,5,10,68,68349,D105,47.596455,7.564795,Crépuscule ou aube,Hors agglomération,Intersection en T,Normale,Deux véhicules - frontale,3,3,2,0,1,1,1,5,1,70,2,2,1,0,1,0,21.0,54.0,voiture,utilitaire_camion,2,1,3,1,1
202400011467,2024-06-27 05:10:00,2024,6,27,5,10,68,68349,D105,47.596455,7.564795,Crépuscule ou aube,Hors agglomération,Intersection en T,Normale,Deux véhicules - frontale,3,2,2,0,1,1,1,0,8,70,2,2,1,0,1,0,21.0,54.0,voiture,utilitaire_camion,2,1,3,1,1
202400011468,2024-03-17 11:00:00,2024,3,17,11,0,68,68012,40 Route de Thann,47.776471,7.13379,Plein jour,En agglomération,Intersection en T,Pluie légère,Deux véhicules - côté,3,2,2,0,1,1,2,5,1,50,2,2,1,0,1,0,62.0,21.0,voiture,deux_roues,1,2,3,2,3
202400011468,2024-03-17 11:00:00,2024,3,17,11,0,68,68012,40 Route de Thann,47.776471,7.13379,Plein jour,En agglomération,Intersection en T,Pluie légère,Deux véhicules - côté,3,2, -1,-1,1,1,2,0,1,-1,2,2,1,0,1,0,62.0,21.0,voiture,deux_roues,1,2,3,2,3
202400011469,2024-06-23 10:30:00,2024,6,23,10,30,39,39392,VC entre Brans et Offlanges,47.218147,5.557135,Plein jour,Hors agglomération,Hors intersection,Normale,Sans collision,4,2,2,0,3,2,1,0,3,80,1,1,0,1,0,0,71.0,,deux_roues,,1,1,1,1,7
202400011470,2024-03-16 03:30:00,2024,3,16,3,30,57,57159,D19,49.056897,6.568762,Nuit sans éclairage public,Hors agglomération,Hors intersection,Pluie légère,Deux véhicules - frontale,3,2,2,0,1,1,2,0,1,80,2,2,0,0,2,0,21.0,22.0,voiture,voiture,3,1,1,2,1
202400011471,2024-07-05 10:25:00,2024,7,5,10,25,44,44099,,47.619723,-1.378387,Plein jour,En agglomération,Intersection en X,Normale,Deux véhicules - côté,3,2,2,0,1,1,1,0,1,70,2,2,1,1,0,0,85.0,30.0,voiture,utilitaire_camion,1,2,2,1,3
202400011471,2024-07-05 10:25:00,2024,7,5,10,25,44,44099,,47.619723,-1.378387,Plein jour,En agglomération,Intersection en X,Normale,Deux véhicules - côté,3,2,2,0,1,1,1,0,1,80,2,2,1,1,0,0,85.0,30.0,voiture,utilitaire_camion,1,2,2,1,3
202400011472,2024-03-16 14:50:00,2024,3,16,14,50,42,42094,Route de Boen,45.7399,4.191864,Plein jour,En agglomération,Hors intersection,Normale,Trois véhicules et plus - en chaîne,3,2,2,0,1,1,1,0,1,50,3,5,4,0,1,0,48.0,43.0,voiture,utilitaire_camion,1,2,1,1,4
202400011473,2024-07-05 11:00:00,2024,7,5,11,0,31,31232,3878 Route de Larra,43.74889,1.249609,Plein jour,Hors agglomération,Intersection en T,Normale,Autre collision,3,2,2,0,2,1,1,0,3,70,2,2,1,1,0,0,34.0,40.0,deux_roues,voiture,1,1,3,1,6
202400011473,2024-07-05 11:00:00,2024,7,5,11,0,31,31232,3878 Route de Larra,43.74889,1.249609,Plein jour,Hors agglomération,Intersection en T,Normale,Autre collision,3,2,2,0,1,1,1,0,1,-1,2,2,1,1,0,0,34.0,40.0,deux_roues,voiture,1,1,3,1,6
202400011474,2024-03-16 07:15:00,2024,3,16,7,15,13,13202,TVPCM-Sens Saint Victor vers Les Ports,43.29955,5.37102,Plein jour,Hors agglomération,Hors intersection,Normale,Deux véhicules - frontale,1,1,2,0,1,1,1,1,1,50,1,1,0,0,0,1,22.0,,voiture,,1,1,1,1,1
202400011475,2024-07-04 21:45:00,2024,7,4,21,45,84,84017,D19 route de la madeleine,44.120195,5.233366,Crépuscule ou aube,Hors agglomération,Hors intersection,Normale,Autre collision,3,2,2,0,2,3,1,0,3,80,1,1,0,1,0,0,46.0,,deux_roues,,2,1,1,1,6
202400011476,2024-03-15 23:30:00,2024,3,15,23,30,33,33143,,44.97772,-0.43184,Nuit avec éclairage allumé,Hors agglomération,Hors intersection,Normale,Autre collision,1,3,6,0,1,1,1,0,1,130,1,2,1,0,0,1,43.0,,voiture,,5,1,1,1,6
202400011477,2024-07-04 18:45:00,2024,7,4,18,45,03,03144,D15,46.394098,3.763845,Plein jour,Hors agglomération,Hors intersection,Normale,Sans collision,3,2,2,0,1,1,1,0,3,90,1,1,0,0,0,1,39.0,,voiture,,1,1,1,1,7
202400011478,2024-03-16 14:50:00,2024,3,16,14,50,91,91286,AUTOROUTE A6,48.65415,2.38058,Plein jour,Hors agglomération,Hors intersection,Normale,Deux véhicules - arrière,1,2,3,0,1,1,1,0,1,110,2,2,1,0,0,1,36.0,22.0,voiture,voiture,1,1,1,1,2
202400011479,2024-07-04 17:35:00,2024,7,4,17,35,03,03099,Le puy de laraud,46.391992,3.040617,Plein jour,Hors agglomération,Hors intersection,Normale,Deux véhicules - côté,3,2,2,0,1,1,1,0,1,90,2,3,1,0,1,1,33.0,61.0,utilitaire_camion,voiture,1,1,1,1,3
202400011480,2024-07-04 18:05:00,2024,7,4,18,5,01,01124,D996,46.451886,5.233848,Plein jour,En agglomération,Hors intersection,Normale,Sans collision,3,2,2,0,2,3,1,0,3,50,1,1,0,0,1,0,20.0,,deux_roues,,1,2,1,1,7
202400011481,2024-03-16 06:37:00,2024,3,16,6,37,91,91161,AUTOROUTE A6,48.698583,2.313499,Crépuscule ou aube,Hors agglomération,Hors intersection,Temps couvert,Deux véhicules - côté,1,3,3,0,2,1,2,0,1,110,2,7,6,0,0,1,23.0,57.0,voiture,voiture,2,1,1,8,3
202400011482,2024-06-28 13:05:00,2024,6,28,13,5,26,26114,Route de Nyons,44.517952,5.079889,Plein jour,En agglomération,Hors intersection,Normale,Deux véhicules - côté,3,2,2,0,1,1,1,0,1,50,2,2,1,0,0,1,26.0,68.0,deux_roues,voiture,1,2,1,1,3
202400011483,2024-03-16 15:45:00,2024,3,16,15,45,78,78423,A12 W,48.784131,2.034302,Plein jour,Hors agglomération,Hors intersection,Normale,Deux véhicules - arrière,1,1,2,0,3,2,1,3,1,70,2,2,1,0,0,1,30.0,63.0,voiture,deux_roues,1,1,1,1,2
202400011484,2024-06-01 16:30:00,2024,6,1,16,30,72,72126,Intersection D21 / C3,48.02942,-0.098711,Plein jour,Hors agglomération,Intersection en X,Normale,Deux véhicules - côté,3,2,2,0,2,1,1,0,1,80,2,4,0,0,2,2,46.0,53.0,voiture,deux_roues,1,1,2,1,3
202400011484,2024-06-01 16:30:00,2024,6,1,16,30,72,72126,Intersection D21 / C3,48.02942,-0.098711,Plein jour,Hors agglomération,Intersection en X,Normale,Deux véhicules - côté,3,2, -1,-1,1,1,1,0,1,-1,2,4,0,0,2,2,46.0,53.0,voiture,deux_roues,1,1,2,1,3
202400011485,2024-03-16 02:20:00,2024,3,16,2,20,95,95241,N104,49.04733495,2.43640924,Nuit sans éclairage public,Hors agglomération,Hors intersection,Pluie légère,Deux véhicules - arrière,2,3,2,0,1,1,2,0,1,110,2,3,1,0,0,2,45.0,50.0,voiture,voiture,3,1,1,2,2
202400011486,2024-03-16 00:40:00,2024,3,16,0,40,93,93027,A16,48.92644303,2.40293928,Nuit sans éclairage public,Hors agglomération,Hors intersection,Pluie légère,Autre collision,1,1,3,0,2,2,2,0,1,50,1,1,0,0,0,1,32.0,,voiture,,3,1,1,2,6
202400011487,2024-07-05 06:50:00,2024,7,5,6,50,90,90081,D463,47.524707,7.109324,Plein jour,Hors agglomération,Intersection en X,Normale,Deux véhicules - frontale,3,2, -1,-1,1,1,1,0,1,-1,2,2,0,0,1,1,58.0,33.0,voiture,voiture,1,1,2,1,1
202400011487,2024-07-05 06:50:00,2024,7,5,6,50,90,90081,D463,47.524707,7.109324,Plein jour,Hors agglomération,Intersection en X,Normale,Deux véhicules - frontale,3,2,2,0,1,1,1,0,1,80,2,2,0,0,1,1,58.0,33.0,voiture,voiture,1,1,2,1,1
202400011488,2024-07-05 07:50:00,2024,7,5,7,50,09,09140,Route de l?Aude,42.742348,1.835167,Plein jour,Hors agglomération,Hors intersection,Normale,Autre collision,3,2,2,0,2,2,1,0,8,80,1,1,0,0,0,1,32.0,,utilitaire_camion,,1,1,1,1,6
202400011489,2024-03-15 16:30:00,2024,3,15,16,30,92,92078,AUTOROUTE A86,48.93631371,2.31904047,Plein jour,Hors agglomération,Hors intersection,Normale,Trois véhicules et plus - en chaîne,1,3,3,0,1,1,2,0,1,90,3,3,2,0,0,1,24.0,28.0,deux_roues,voiture,1,1,1,1,4
202400011490,2024-03-15 07:30:00,2024,3,15,7,30,93,93078,A104,48.95809287,2.53061231,Plein jour,Hors agglomération,Hors intersection,Normale,Autre collision,1,3,6,0,1,3,1,0,1,90,1,1,0,0,0,1,26.0,,voiture,,1,1,1,1,6
202400011491,2024-07-05 11:25:00,2024,7,5,11,25,45,45233,5 Rue de la Vallée de Foussereau,48.201287,2.415045,Plein jour,Hors agglomération,Hors intersection,Normale,Deux véhicules - frontale,3,2,2,0,1,1,1,0,1,70,2,2,1,1,0,0,38.0,78.0,utilitaire_camion,voiture,1,1,1,1,1
202400011492,2024-07-04 13:30:00,2024,7,4,13,30,64,64065,D918,43.35383969,-1.62069261,Plein jour,En agglomération,Hors intersection,Normale,Trois véhicules et plus - en chaîne,3,2,2,0,1,3,1,0,1,50,3,3,2,0,1,0,16.0,38.0,deux_roues,voiture,1,2,1,1,4
202400011493,2024-07-05 14:40:00,2024,7,5,14,40,10,10126,D619,48.268155,4.611747,Plein jour,Hors agglomération,Hors intersection,Normale,Sans collision,3,2,2,0,2,1,1,0,3,90,1,1,0,1,0,0,32.0,,deux_roues,,1,1,1,1,7
202400011494,2024-03-16 15:30:00,2024,3,16,15,30,77,77373,RN104,48.77496007,2.61237869,Plein jour,Hors agglomération,Hors intersection,Normale,Trois véhicules et plus - en chaîne,2,-1,3,0,1,1,1,0,1,90,5,9,7,0,1,1,67.0,61.0,voiture,voiture,1,1,1,1,4
202400011495,2024-07-03 17:45:00,2024,7,3,17,45,40,40044,Rd 817,43.548375,-1.325683,Plein jour,Hors agglomération,Hors intersection,Normale,Deux véhicules - frontale,3,3,2,0,1,1,1,0,1,80,2,2,0,0,0,2,71.0,57.0,voiture,voiture,1,1,1,1,1
202400011496,2024-03-15 20:15:00,2024,3,15,20,15,974,97416,BADAMIER(CHEMIN),-21.32159,55.45795,Nuit sans éclairage public,Hors agglomération,Hors intersection,Normale,Autre collision,4,2,2,0,1,1,1,0,1,50,1,2,1,0,0,1,42.0,,voiture,,3,1,1,1,6
202400011497,2024-07-05 08:30:00,2024,7,5,8,30,85,85265,D15 PK 10+700,46.401838,-0.72293,Plein jour,Hors agglomération,Hors intersection,Temps éblouissant,Sans collision,3,2,2,0,1,1,1,0,3,80,1,2,1,0,1,0,26.0,,voiture,,1,1,1,7,7
202400011498,2024-07-04 17:25:00,2024,7,4,17,25,85,85039,6 rue beauregard,46.99232,-1.15247,Plein jour,Hors agglomération,Hors intersection,Normale,Deux véhicules - côté,4,2,2,0,1,1,1,0,1,-1,2,2,1,0,1,0,22.0,14.0,voiture,deux_roues,1,1,1,1,3
202400011499,2024-03-15 13:54:00,2024,3,15,13,54,973,97302,MONTABO (ROUTE DE) 2,4.93907,-52.30055,Plein jour,En agglomération,Hors intersection,Normale,Deux véhicules - côté,3,2,4,0,1,1,1,0,5,50,2,2,1,0,0,1,27.0,28.0,voiture,deux_roues,1,2,1,1,3
202400011500,2024-07-05 15:09:00,2024,7,5,15,9,87,87126,7 Rue Charles de Gaulle,45.820626,0.825726,Plein jour,En agglomération,Hors intersection,Normale,Autre collision,3,2,2,0,2,2,1,0,4,50,1,1,0,1,0,0,44.0,,deux_roues,,1,2,1,1,6
202400011501,2024-03-15 19:30:00,2024,3,15,19,30,69,69383,Avenue Lacassagne,45.75275906,4.86970556,Nuit avec éclairage allumé,En agglomération,Hors intersection,Normale,Deux véhicules - côté,4,1,1,3,1,1,1,0,1,30,2,2,1,0,0,1,47.0,65.0,deux_roues,voiture,5,2,1,1,3
202400011502,2024-07-04 18:15:00,2024,7,4,18,15,37,37084,Les Maisons Neuves,47.574,0.35601,Plein jour,Hors agglomération,Intersection en T,Normale,Deux véhicules - côté,3,2,2,0,2,4,1,0,1,80,2,2,1,0,1,0,37.0,64.0,deux_roues,voiture,1,1,3,1,3
202400011502,2024-07-04 18:15:00,2024,7,4,18,15,37,37084,Les Maisons Neuves,47.574,0.35601,Plein jour,Hors agglomération,Intersection en T,Normale,Deux véhicules - côté,3,2,2,0,1,3,1,0,1,80,2,2,1,0,1,0,37.0,64.0,deux_roues,voiture,1,1,3,1,3
202400011503,2024-03-15 18:50:00,2024,3,15,18,50,69,69383,Rue du Dauphiné,45.75473,4.87468,Nuit avec éclairage allumé,En agglomération,Hors intersection,Normale,Deux véhicules - côté,4,2,2,0,1,1,1,0,1,30,2,2,1,0,0,1,23.0,64.0,deux_roues,voiture,5,2,1,1,3
202400011504,2024-07-05 18:50:00,2024,7,5,18,50,48,48016,D986,44.472134,3.45431,Plein jour,Hors agglomération,Hors intersection,Normale,Deux véhicules - frontale,3,2,2,0,2,2,1,0,1,90,2,3,1,0,1,1,16.0,35.0,deux_roues,voiture,1,1,1,1,1
202400011505,2024-03-15 13:20:00,2024,3,15,13,20,69,69388,Rue Professeur Joseph Nicolas,45.73416,4.88252,Plein jour,En agglomération,Hors intersection,Normale,Deux véhicules - côté,4,2,2,0,1,1,1,9,4,30,2,2,1,0,1,0,31.0,21.0,deux_roues,voiture,1,2,1,1,3
202400011506,2024-07-05 08:55:00,2024,7,5,8,55,987,98734,"PK 38,300 CÔTÉ MONTAGNE",-17.75500818,-149.52140808,Plein jour,Hors agglomération,Hors intersection,Normale,Deux véhicules - côté,2,2,2,1,1,1,1,0,1,60,2,2,1,1,0,0,20.0,46.0,deux_roues,voiture,1,1,1,1,3
202400011507,2024-03-15 09:30:00,2024,3,15,9,30,972,97213,CHEMIN DU BAC,14.59405,-60.98238,Plein jour,Hors agglomération,Hors intersection,Normale,Deux véhicules - frontale,2,2,2,0,1,1,1,0,1,50,2,2,1,0,0,1,45.0,37.0,voiture,voiture,1,1,1,1,1
202400011508,2024-07-03 09:45:00,2024,7,3,9,45,06,06084,210 Route de Pégomas,43.618022,6.969564,Plein jour,En agglomération,Intersection en T,Normale,Deux véhicules - frontale,3,1,2,1,1,1,1,0,1,30,2,2,1,0,0,1,64.0,61.0,deux_roues,voiture,1,2,3,1,1
202400011508,2024-07-03 09:45:00,2024,7,3,9,45,06,06084,210 Route de Pégomas,43.618022,6.969564,Plein jour,En agglomération,Intersection en T,Normale,Deux véhicules - frontale,3,1,1,-1,1,1,1,0,1,-1,2,2,1,0,0,1,64.0,61.0,deux_roues,voiture,1,2,3,1,1
202400011509,2024-07-04 17:57:00,2024,7,4,17,57,33,33122,,44.734676,-0.776446,Plein jour,En agglomération,Autre intersection,Normale,Deux véhicules - côté,3,2,2,0,1,1,1,0,1,80,2,2,1,0,1,0,42.0,28.0,deux_roues,voiture,1,2,9,1,3
202400011510,2024-03-14 21:25:00,2024,3,14,21,25,972,97209,VICTOR LAMON (AVENUE),14.60205883,-61.05694781,Nuit sans éclairage public,En agglomération,Hors intersection,Normale,Deux véhicules - frontale,4,2,2,0,1,2,1,0,1,30,2,6,4,0,2,0,53.0,36.0,voiture,deux_roues,3,2,1,1,1
202400011511,2024-07-05 17:45:00,2024,7,5,17,45,06,06085,99a Avenue de Pibonson,43.59843,6.984826,Plein jour,En agglomération,Hors intersection,Normale,Deux véhicules - côté,3,2,2,0,2,1,1,0,1,50,2,2,1,0,0,1,17.0,52.0,deux_roues,voiture,1,2,1,1,3
202400011512,2024-03-15 11:10:00,2024,3,15,11,10,69,69384,88 Boulevard de la Croix-Rousse,45.77387,4.82545,Plein jour,En agglomération,Hors intersection,Normale,Deux véhicules - côté,4,2,2,0,1,1,2,0,1,30,2,2,1,0,0,1,50.0,55.0,deux_roues,voiture,1,2,1,1,3
202400011513,2024-07-05 03:30:00,2024,7,5,3,30,987,98735,RDO,-17.569882,-149.605894,Nuit avec éclairage allumé,Hors agglomération,Hors intersection,Normale,Deux véhicules - frontale,2,3,4,0,1,1,1,8,1,90,1,4,3,0,1,0,25.0,,voiture,,5,1,1,1,1
202400011514,2024-03-13 15:45:00,2024,3,13,15,45,69,69149,1 Rue du 8 Mai 1945,45.70047,4.82644,Plein jour,En agglomération,Hors intersection,Normale,Autre collision,4,1,1,0,1,1,1,0,1,30,1,2,1,0,0,1,37.0,,utilitaire_camion,,1,2,1,1,6
202400011515,2024-07-05 03:47:00,2024,7,5,3,47,06,06155,PV Nord PK 171.48,43.60451,7.066306,Nuit avec éclairage allumé,Hors agglomération,Hors intersection,Normale,Trois véhicules et plus - en chaîne,1,3,0,0,1,1,1,7,8,110,3,4,1,0,1,2,43.0,25.0,voiture,voiture,5,1,1,1,4
202400011516,2024-03-15 18:25:00,2024,3,15,18,25,971,97101,BOISSARD,16.24249,-61.53012,Nuit avec éclairage allumé,En agglomération,Intersection en T,Normale,Deux véhicules - côté,4,2,1,3,1,3,1,9,8,30,2,2,1,0,0,1,35.0,57.0,deux_roues,voiture,5,2,3,1,3
202400011516,2024-03-15 18:25:00,2024,3,15,18,25,971,97101,BOISSARD,16.24249,-61.53012,Nuit avec éclairage allumé,En agglomération,Intersection en T,Normale,Deux véhicules - côté,4,-1,1,0,1,2,1,0,1,30,2,2,1,0,0,1,35.0,57.0,deux_roues,voiture,5,2,3,1,3
202400011517,2024-07-05 08:00:00,2024,7,5,8,0,36,36243,Intersection D64-D17,47.00577993,1.34072601,Crépuscule ou aube,Hors agglomération,Hors intersection,Normale,Deux véhicules - côté,3,2,1,0,2,1,1,0,1,80,2,2,1,0,1,0,51.0,64.0,voiture,transport_commun,2,1,1,1,3
202400011518,2024-03-14 08:00:00,2024,3,14,8,0,971,97101,RN11,16.26374,-61.51124,Plein jour,Hors agglomération,Hors intersection,Normale,Deux véhicules - arrière,2,-1,3,0,1,1,1,3,1,60,2,3,2,0,0,1,34.0,21.0,voiture,voiture,1,1,1,1,2
202400011519,2024-07-05 07:05:00,2024,7,5,7,5,17,17434,D911bis,46.094662,-0.751362,Plein jour,Hors agglomération,Hors intersection,Normale,Deux véhicules - côté,3,2,2,0,1,1,1,5,1,80,2,2,1,1,0,0,19.0,61.0,voiture,transport_commun,1,1,1,1,3
202400011520,2024-03-09 08:10:00,2024,3,9,8,10,971,97120,CHEMIN NEUF,16.23468,-61.53214,Plein jour,En agglomération,Hors intersection,Pluie forte,Sans collision,4,1,1,0,1,2,2,0,1,50,1,2,1,0,1,0,,,autre,,1,2,1,3,7
202400011521,2024-07-05 12:30:00,2024,7,5,12,30,988,98821,RT1 - Tontouta,-22.0022,166.21631,Plein jour,Hors agglomération,Hors intersection,Pluie légère,Deux véhicules - frontale,2,2,2,0,1,3,2,0,1,90,2,3,2,1,0,0,29.0,55.0,voiture,utilitaire_camion,1,1,1,2,1
202400011522,2024-03-15 21:25:00,2024,3,15,21,25,95,95582,D14,48.9715164,2.2581476,Nuit avec éclairage allumé,En agglomération,Hors intersection,Pluie forte,Autre collision,3,2,2,0,1,1,2,0,1,50,1,2,1,0,0,1,31.0,,voiture,,5,2,1,3,6
202400011523,2024-06-21 07:10:00,2024,6,21,7,10,976,97608,Boulevard des Crabes,-12.783925,45.258334,Plein jour,En agglomération,Hors intersection,Normale,Deux véhicules - côté,2,2,2,0,1,1,1,0,1,50,2,2,0,0,0,2,37.0,62.0,voiture,deux_roues,1,2,1,1,3
202400011524,2024-03-14 12:30:00,2024,3,14,12,30,95,95203,REPUBLIQUE (BOULEVARD DE LA),48.98512939,2.28112757,Plein jour,En agglomération,Hors intersection,Normale,Autre collision,4,1,2,3,1,1,1,0,6,50,1,1,0,0,0,1,14.0,,deux_roues,,1,2,1,1,6
202400011525,2024-07-05 14:45:00,2024,7,5,14,45,974,97423,N1a,-21.122891,55.263513,Plein jour,En agglomération,Hors intersection,Normale,Deux véhicules - côté,2,2,2,0,1,1,1,6,1,50,2,2,0,0,1,1,38.0,26.0,voiture,deux_roues,1,2,1,1,3
202400011526,2024-03-15 19:50:00,2024,3,15,19,50,95,95598,DESCARTES (AVENUE),48.98112064,2.29389757,Nuit avec éclairage allumé,En agglomération,Hors intersection,Pluie légère,Autre collision,4,2,2,0,1,1,2,0,1,50,1,2,1,0,0,1,60.0,,utilitaire_camion,,5,2,1,2,6
202400011527,2024-07-05 10:00:00,2024,7,5,10,0,974,97418,D51,-20.920477,55.569985,Plein jour,Hors agglomération,Hors intersection,Temps éblouissant,Sans collision,3,2,2,0,1,2,1,0,1,70,1,1,0,1,0,0,56.0,,deux_roues,,1,1,1,7,7
202400011528,2024-07-05 14:45:00,2024,7,5,14,45,973,97311,Avenue Gaston Monnerville,5.492986,-54.01823,Plein jour,En agglomération,Hors intersection,Normale,Deux véhicules - frontale,2,2,2,1,2,3,1,0,1,50,2,2,1,0,1,0,38.0,47.0,voiture,deux_roues,1,2,1,1,1
202400011529,2024-03-14 20:15:00,2024,3,14,20,15,91,91201,AV DU GENERAL DE GAULLE,48.68644,2.40442,Nuit avec éclairage allumé,En agglomération,Intersection en Y,Normale,Trois véhicules et plus - en chaîne,3,2,3,0,1,1,1,0,1,50,3,4,3,0,1,0,33.0,61.0,voiture,deux_roues,5,2,4,1,4
202400011529,2024-03-14 20:15:00,2024,3,14,20,15,91,91201,AV DU GENERAL DE GAULLE,48.68644,2.40442,Nuit avec éclairage allumé,En agglomération,Intersection en Y,Normale,Trois véhicules et plus - en chaîne,3,2,2,0,1,1,1,0,1,30,3,4,3,0,1,0,33.0,61.0,voiture,deux_roues,5,2,4,1,4
202400011530,2024-07-03 19:00:00,2024,7,3,19,0,971,97115,Jaula,16.27504917,-61.65933967,Nuit sans éclairage public,Hors agglomération,Giratoire,Normale,Deux véhicules - arrière,2,2,2,0,1,1,2,0,1,80,2,2,1,1,0,0,46.0,74.0,voiture,voiture,3,1,6,1,2
202400011531,2024-03-14 18:10:00,2024,3,14,18,10,88,88160,OLIMA (RUE D'),48.17648,6.4339,Plein jour,En agglomération,Intersection en X,Normale,Deux véhicules - côté,4,2,2,0,1,1,1,0,1,30,2,3,1,0,1,1,49.0,13.0,voiture,deux_roues,1,2,2,1,3
202400011531,2024-03-14 18:10:00,2024,3,14,18,10,88,88160,OLIMA (RUE D'),48.17648,6.4339,Plein jour,En agglomération,Intersection en X,Normale,Deux véhicules - côté,4,2,2,0,2,1,1,0,1,30,2,3,1,0,1,1,49.0,13.0,voiture,deux_roues,1,2,2,1,3
202400011532,2024-06-30 18:45:00,2024,6,30,18,45,971,97107,RN1 Section Sainte Marie Four à Chaux,16.105185,-61.565205,Crépuscule ou aube,En agglomération,Hors intersection,Normale,Trois véhicules et plus - collisions multiples,2,2,2,0,1,1,1,0,1,70,3,3,2,0,1,0,25.0,58.0,deux_roues,utilitaire_camion,2,2,1,1,5
202400011533,2024-03-14 18:47:00,2024,3,14,18,47,88,88160,POISSOMPRE (FG DE),48.1816,6.4689,Crépuscule ou aube,En agglomération,Hors intersection,Normale,Deux véhicules - côté,4,2,2,0,1,1,1,0,1,50,2,5,2,0,0,3,39.0,48.0,voiture,voiture,2,2,1,1,3
202400011534,2024-07-03 19:09:00,2024,7,3,19,9,77,77183,Boulevard de Turenne,48.948094,3.129671,Plein jour,En agglomération,Intersection en X,Normale,Deux véhicules - côté,3,2,2,0,1,1,1,0,1,50,2,2,0,0,0,2,20.0,16.0,voiture,deux_roues,1,2,2,1,3
202400011534,2024-07-03 19:09:00,2024,7,3,19,9,77,77183,Boulevard de Turenne,48.948094,3.129671,Plein jour,En agglomération,Intersection en X,Normale,Deux véhicules - côté,3,1,2,0,2,1,1,0,1,30,2,2,0,0,0,2,20.0,16.0,voiture,deux_roues,1,2,2,1,3
202400011535,2024-02-27 15:05:00,2024,2,27,15,5,85,85191,D160,46.670375,-1.4591716,Plein jour,En agglomération,Hors intersection,Normale,Sans collision,3,1,2,0,1,1,1,1,1,90,1,2,1,1,0,0,53.0,,voiture,,1,2,1,1,7
202400011536,2024-03-15 15:28:00,2024,3,15,15,28,84,84031,KENNEDY AVENUE JOHN .F.,44.03985,5.03223,Plein jour,En agglomération,Intersection en T,Normale,Deux véhicules - côté,4,2,2,0,1,1,1,0,1,50,2,2,1,0,1,0,78.0,53.0,voiture,deux_roues,1,2,3,1,3
202400011536,2024-03-15 15:28:00,2024,3,15,15,28,84,84031,KENNEDY AVENUE JOHN .F.,44.03985,5.03223,Plein jour,En agglomération,Intersection en T,Normale,Deux véhicules - côté,4,-1,2,0,1,1,1,0,1,30,2,2,1,0,1,0,78.0,53.0,voiture,deux_roues,1,2,3,1,3
202400011537,2024-07-05 07:10:00,2024,7,5,7,10,2B,2B047,PK 57.200,42.333312,9.007078,Plein jour,En agglomération,Intersection en T,Temps éblouissant,Deux véhicules - côté,3,2,2,0,4,1,1,0,1,50,2,3,2,0,1,0,54.0,65.0,deux_roues,voiture,1,2,3,7,3
202400011537,2024-07-05 07:10:00,2024,7,5,7,10,2B,2B047,PK 57.200,42.333312,9.007078,Plein jour,En agglomération,Intersection en T,Temps éblouissant,Deux véhicules - côté,3,2,2,0,1,3,1,0,1,50,2,3,2,0,1,0,54.0,65.0,deux_roues,voiture,1,2,3,7,3