accident_id,datetime,annee,mois,jour,heure,minute,departement,commune_insee,adresse,latitude,longitude,luminosite,agglomeration,intersection,meteo,collision,catr,circ,nbv,vosp,prof,plan,surf,infra,situ,vma,nb_vehicules,nb_usagers,nb_indemnes,nb_tues,nb_blesses_hosp,nb_blesses_legers,age_cond_1,age_cond_2,veh_type_cond_1,veh_type_cond_2,lum_code,agg_code,int_code,atm_code,col_code
202400011611,2024-11-23 12:46:00,2024,11,23,12,46,22,22113,PALAIS DE JUSTICE (ALLEE DU),48.728,-3.4583,Plein jour,En agglomération,Hors intersection,Pluie forte,Deux véhicules - côté,4,2,2,0,1,1,2,0,1,30,2,2,1,0,0,1,66.0,16.0,voiture,deux_roues,1,2,1,3,3
202400011612,2024-11-24 18:30:00,2024,11,24,18,30,13,13071,CD 6,43.41354,5.34273,Nuit sans éclairage public,En agglomération,Hors intersection,Normale,Deux véhicules - côté,3,2,3,0,2,1,1,0,1,70,2,3,1,0,0,2,27.0,,deux_roues,voiture,3,2,1,1,3
202400011613,2024-11-24 18:30:00,2024,11,24,18,30,13,13211,CAMOINS (AVENUE DES),43.30606593,5.51072601,Nuit avec éclairage allumé,En agglomération,Hors intersection,Normale,Deux véhicules - côté,4,2,2,0,2,1,1,0,1,50,3,3,2,0,1,0,19.0,34.0,deux_roues,voiture,5,2,1,1,3
202400011614,2024-11-22 15:30:00,2024,11,22,15,30,13,13210,(RUE) NEGRESKO,43.26972222,5.3904368,Plein jour,En agglomération,Hors intersection,Normale,Deux véhicules - côté,4,2,2,0,1,1,1,0,1,50,1,1,0,0,1,0,23.0,,deux_roues,,1,2,1,1,3
202400011615,2024-11-23 02:45:00,2024,11,23,2,45,11,11262,,43.190277,3.0061199,Nuit avec éclairage allumé,En agglomération,Intersection en X,Normale,Deux véhicules - côté,4,2,2,0,1,1,1,0,1,50,2,4,1,0,0,3,22.0,55.0,voiture,voiture,5,2,2,1,3
202400011615,2024-11-23 02:45:00,2024,11,23,2,45,11,11262,,43.190277,3.0061199,Nuit avec éclairage allumé,En agglomération,Intersection en X,Normale,Deux véhicules - côté,4,1,0,0,1,1,1,0,1,50,2,4,1,0,0,3,22.0,55.0,voiture,voiture,5,2,2,1,3
202400011616,2024-11-23 15:15:00,2024,11,23,15,15,11,11262,23 Boulevard Gambetta,43.183492,3.008171,Plein jour,En agglomération,Intersection en X,Normale,Deux véhicules - côté,4,1,1,0,2,1,1,0,1,30,2,3,2,0,1,0,67.0,32.0,voiture,deux_roues,1,2,2,1,3
202400011616,2024-11-23 15:15:00,2024,11,23,15,15,11,11262,23 Boulevard Gambetta,43.183492,3.008171,Plein jour,En agglomération,Intersection en X,Normale,Deux véhicules - côté,4,2,3,0,1,1,1,0,1,30,2,3,2,0,1,0,67.0,32.0,voiture,deux_roues,1,2,2,1,3
202400011617,2024-11-23 17:32:00,2024,11,23,17,32,06,06083,1 Porte de France,43.77901,7.507523,Nuit avec éclairage allumé,En agglomération,Giratoire,Normale,Autre collision,3,2,2,0,1,1,1,8,1,30,1,2,1,0,1,0,86.0,,voiture,,5,2,6,1,6
202400011617,2024-11-23 17:32:00,2024,11,23,17,32,06,06083,1 Porte de France,43.77901,7.507523,Nuit avec éclairage allumé,En agglomération,Giratoire,Normale,Autre collision,3,3,4,0,1,3,1,8,1,30,1,2,1,0,1,0,86.0,,voiture,,5,2,6,1,6
202400011618,2024-11-23 09:20:00,2024,11,23,9,20,75,75116,BD PERIPHERIQUE EXTERIEUR,48.836323,2.256396,Plein jour,En agglomération,Hors intersection,Normale,Deux véhicules - côté,4,1,4,0,1,1,1,1,1,50,2,2,1,0,0,1,52.0,24.0,voiture,deux_roues,1,2,1,1,3
202400011619,2024-11-19 10:35:00,2024,11,19,10,35,75,75116,BD PERIPHERIQUE EXTERIEUR,48.866593,2.268615,Plein jour,En agglomération,Hors intersection,Pluie légère,Deux véhicules - côté,4,-1,4,0,1,1,2,0,1,50,2,2,0,0,0,2,29.0,20.0,deux_roues,deux_roues,1,2,1,2,3
202400011620,2024-11-24 19:25:00,2024,11,24,19,25,75,75120,RUE DES PYRENEES,48.870611,2.393719,Nuit avec éclairage allumé,En agglomération,Hors intersection,Normale,Deux véhicules - arrière,4,-1,2,0,2,1,1,0,1,30,2,2,1,0,0,1,48.0,31.0,deux_roues,voiture,5,2,1,1,2
202400011621,2024-11-24 21:10:00,2024,11,24,21,10,75,75113,PLACE D ITALIE,48.831811,2.356795,Nuit avec éclairage allumé,En agglomération,Intersection en T,Normale,Deux véhicules - frontale,4,1, -1,-1,1,1,1,0,5,30,2,2,1,0,0,1,27.0,22.0,deux_roues,deux_roues,5,2,3,1,1
202400011621,2024-11-24 21:10:00,2024,11,24,21,10,75,75113,PLACE D ITALIE,48.831811,2.356795,Nuit avec éclairage allumé,En agglomération,Intersection en T,Normale,Deux véhicules - frontale,4,2,4,1,1,1,1,0,5,30,2,2,1,0,0,1,27.0,22.0,deux_roues,deux_roues,5,2,3,1,1
202400011622,2024-11-24 17:25:00,2024,11,24,17,25,75,75110,PLACE FRANZ LISZT,48.877921,2.351762,Nuit avec éclairage allumé,En agglomération,Place,Normale,Autre collision,4,1, -1,-1,1,1,1,0,1,30,1,2,1,0,0,1,42.0,,deux_roues,,5,2,7,1,6
202400011622,2024-11-24 17:25:00,2024,11,24,17,25,75,75110,PLACE FRANZ LISZT,48.877921,2.351762,Nuit avec éclairage allumé,En agglomération,Place,Normale,Autre collision,4,1,4,1,2,1,1,0,1,30,1,2,1,0,0,1,42.0,,deux_roues,,5,2,7,1,6
202400011623,2024-11-23 12:43:00,2024,11,23,12,43,75,75108,RUE DE LA NEVA,48.877205,2.30032,Plein jour,En agglomération,Intersection à plus de 4 branches,Normale,Autre collision,4,2, -1,0,1,1,1,0,1,30,1,1,0,0,0,1,60.0,,deux_roues,,1,2,5,1,6
202400011623,2024-11-23 12:43:00,2024,11,23,12,43,75,75108,RUE DE LA NEVA,48.877205,2.30032,Plein jour,En agglomération,Intersection à plus de 4 branches,Normale,Autre collision,4,1,1,0,1,1,1,0,1,30,1,1,0,0,0,1,60.0,,deux_roues,,1,2,5,1,6
202400011624,2024-11-23 23:45:00,2024,11,23,23,45,75,75108,VOIE GEORGES POMPIDOU,48.864503,2.320408,Nuit avec éclairage allumé,En agglomération,Place,Normale,Deux véhicules - côté,4,1,2,0,1,1,1,0,1,30,2,3,2,0,0,1,19.0,59.0,deux_roues,voiture,5,2,7,1,3
202400011624,2024-11-23 23:45:00,2024,11,23,23,45,75,75108,VOIE GEORGES POMPIDOU,48.864503,2.320408,Nuit avec éclairage allumé,En agglomération,Place,Normale,Deux véhicules - côté,4,1,4,0,2,1,1,0,1,50,2,3,2,0,0,1,19.0,59.0,deux_roues,voiture,5,2,7,1,3
202400011625,2024-11-24 03:50:00,2024,11,24,3,50,75,75101,RUE DU LOUVRE,48.863849,2.342358,Nuit avec éclairage allumé,En agglomération,Intersection en T,Normale,Deux véhicules - côté,4,1, -1,-1,1,1,1,0,1,30,2,4,2,0,0,2,36.0,38.0,voiture,voiture,5,2,3,1,3
202400011625,2024-11-24 03:50:00,2024,11,24,3,50,75,75101,RUE DU LOUVRE,48.863849,2.342358,Nuit avec éclairage allumé,En agglomération,Intersection en T,Normale,Deux véhicules - côté,4,2,4,3,1,1,1,0,1,30,2,4,2,0,0,2,36.0,38.0,voiture,voiture,5,2,3,1,3
202400011626,2024-11-24 02:00:00,2024,11,24,2,0,75,75102,BOULEVARD DE BONNE NOUVELLE,48.869708,2.351908,Nuit avec éclairage allumé,En agglomération,Intersection en T,Normale,Sans collision,4,2, -1,0,1,1,1,0,1,30,1,1,0,0,0,1,23.0,,deux_roues,,5,2,3,1,7
202400011626,2024-11-24 02:00:00,2024,11,24,2,0,75,75102,BOULEVARD DE BONNE NOUVELLE,48.869708,2.351908,Nuit avec éclairage allumé,En agglomération,Intersection en T,Normale,Sans collision,4,1, -1,-1,1,1,1,0,1,30,1,1,0,0,0,1,23.0,,deux_roues,,5,2,3,1,7
202400011627,2024-11-24 16:20:00,2024,11,24,16,20,94,94046,Avenue Gambetta,48.81008022,2.43800488,Crépuscule ou aube,En agglomération,Hors intersection,Normale,Autre collision,4,2,2,0,1,1,1,0,1,50,1,1,0,0,0,1,40.0,,voiture,,2,2,1,1,6
202400011628,2024-11-22 23:50:00,2024,11,22,23,50,94,94041,Rue Robespierre,48.807711,2.386905,Nuit avec éclairage allumé,En agglomération,Hors intersection,Normale,Autre collision,3,1,1,0,1,1,1,0,4,30,1,2,0,0,0,2,24.0,,voiture,,5,2,1,1,6
202400011629,2024-11-24 13:05:00,2024,11,24,13,5,93,93073,PETITS PONTS (ROUTE DES),48.96546,2.56928,Plein jour,En agglomération,Intersection en X,Normale,Deux véhicules - côté,3,2,2,0,1,1,1,5,1,50,2,2,1,0,0,1,56.0,43.0,deux_roues,voiture,1,2,2,1,3
202400011629,2024-11-24 13:05:00,2024,11,24,13,5,93,93073,PETITS PONTS (ROUTE DES),48.96546,2.56928,Plein jour,En agglomération,Intersection en X,Normale,Deux véhicules - côté,3,2,2,0,1,1,1,5,1,50,2,2,1,0,0,1,56.0,43.0,deux_roues,voiture,1,2,2,1,3
202400011630,2024-11-24 06:40:00,2024,11,24,6,40,93,93073,CHAPIT RE ( RUE DU),49.01189,2.56179,Nuit sans éclairage public,Hors agglomération,Hors intersection,Normale,Autre collision,4,1,1,0,2,1,1,0,1,50,1,2,1,0,0,1,66.0,,voiture,,3,1,1,1,6
202400011631,2024-11-23 22:50:00,2024,11,23,22,50,93,93064,OFFENBACH (RUE JACQUES),48.88335577,2.48101473,Nuit avec éclairage allumé,En agglomération,Autre intersection,Normale,Deux véhicules - côté,4,2,2,0,1,2,1,8,1,50,2,2,1,0,1,0,27.0,34.0,transport_commun,deux_roues,5,2,9,1,3
202400011632,2024-11-24 15:15:00,2024,11,24,15,15,93,93066,WILSON (AVENUE DU PRESIDENT),48.91816,2.35774,Plein jour,En agglomération,Intersection en X,Normale,Deux véhicules - côté,3,2,2,0,1,1,1,0,1,50,2,4,0,0,0,4,33.0,44.0,voiture,voiture,1,2,2,1,3
202400011632,2024-11-24 15:15:00,2024,11,24,15,15,93,93066,WILSON (AVENUE DU PRESIDENT),48.91816,2.35774,Plein jour,En agglomération,Intersection en X,Normale,Deux véhicules - côté,3,2,2,0,1,1,1,0,1,50,2,4,0,0,0,4,33.0,44.0,voiture,voiture,1,2,2,1,3
202400011633,2024-11-24 17:25:00,2024,11,24,17,25,93,93047,PAUL DE KOCH  (RUE),48.89936777,2.55951347,Crépuscule ou aube,En agglomération,Intersection en X,Normale,Deux véhicules - côté,4,1,1,0,1,1,1,0,1,50,2,4,2,0,0,2,21.0,,voiture,voiture,2,2,2,1,3
202400011633,2024-11-24 17:25:00,2024,11,24,17,25,93,93047,PAUL DE KOCH  (RUE),48.89936777,2.55951347,Crépuscule ou aube,En agglomération,Intersection en X,Normale,Deux véhicules - côté,4,2,2,0,1,1,1,0,1,50,2,4,2,0,0,2,21.0,,voiture,voiture,2,2,2,1,3
202400011634,2024-11-24 19:10:00,2024,11,24,19,10,93,93007,"""REPUBLIQUE (AVENUE DE LA """"COTE IMPAIRS",48.93568923,2.46802236,Nuit avec éclairage allumé,En agglomération,Hors intersection,Temps couvert,Autre collision,4,2,2,0,1,1,2,0,1,50,1,3,2,0,0,1,38.0,,voiture,,5,2,1,8,6
202400011635,2024-11-24 00:20:00,2024,11,24,0,20,92,92075,MARY BESSEYRE (RUE),48.82195167,2.28924282,Nuit avec éclairage allumé,En agglomération,Intersection en T,Normale,Deux véhicules - côté,4,2,1,1,1,1,1,0,1,30,2,2,1,0,0,1,41.0,24.0,deux_roues,voiture,5,2,3,1,3
202400011635,2024-11-24 00:20:00,2024,11,24,0,20,92,92075,MARY BESSEYRE (RUE),48.82195167,2.28924282,Nuit avec éclairage allumé,En agglomération,Intersection en T,Normale,Deux véhicules - côté,4,1,1,0,1,1,1,0,1,30,2,2,1,0,0,1,41.0,24.0,deux_roues,voiture,5,2,3,1,3
202400011636,2024-11-24 17:35:00,2024,11,24,17,35,92,92051,"CHARLES DE GAULLE (AVENUE, N° 18 A 116)",48.88266906,2.26790875,Nuit avec éclairage allumé,En agglomération,Hors intersection,Normale,Autre collision,4,1,0,0,1,1,1,0,5,50,1,2,1,0,0,1,76.0,,voiture,,5,2,1,1,6
202400011637,2024-11-22 16:40:00,2024,11,22,16,40,92,92025,CHARLES DE GAULLE (BD),48.91459435,2.2290684,Plein jour,En agglomération,Autre intersection,Temps couvert,Deux véhicules - côté,3,1,3,0,2,1,1,0,1,50,2,2,1,0,0,1,21.0,33.0,voiture,voiture,1,2,9,8,3
202400011638,2024-11-24 20:10:00,2024,11,24,20,10,92,92002,DIVISION LECLERC (31 A 51 -36 A 56 BIS),48.75065667,2.3045142,Nuit avec éclairage allumé,En agglomération,Hors intersection,Normale,Sans collision,3,1,2,2,1,1,1,9,1,50,2,2,1,0,0,1,45.0,,deux_roues,utilitaire_camion,5,2,1,1,7
202400011639,2024-11-25 11:30:00,2024,11,25,11,30,47,47100,N1021,44.23958877,0.60429024,Plein jour,Hors agglomération,Hors intersection,Pluie forte,Sans collision,2,2,2,0,1,1,2,0,1,80,1,1,0,0,1,0,38.0,,deux_roues,,1,1,1,3,7
202400011640,2024-11-24 23:35:00,2024,11,24,23,35,95,95313,A16,49.12570879,2.25342372,Nuit sans éclairage public,Hors agglomération,Hors intersection,Normale,Autre collision,1,3,2,0,1,1,2,2,1,110,1,1,0,0,1,0,59.0,,voiture,,3,1,1,1,6
202400011641,2024-11-24 07:23:00,2024,11,24,7,23,37,37153,Lieu Dit le Haut Pertuis,47.51484282,0.81112862,Crépuscule ou aube,Hors agglomération,Hors intersection,Normale,Autre collision,3,2,2,0,1,1,1,0,3,90,1,1,0,0,1,0,18.0,,voiture,,2,1,1,1,6
202400011642,2024-11-24 19:15:00,2024,11,24,19,15,54,54345,D115,48.61059227,6.27426624,Nuit sans éclairage public,Hors agglomération,Hors intersection,Vent fort / tempête,Sans collision,3,2,2,0,1,1,2,0,1,80,1,1,0,0,1,0,48.0,,deux_roues,,3,1,1,6,7
202400011643,2024-11-24 12:35:00,2024,11,24,12,35,33,33327,,44.657149,-0.360051,Plein jour,En agglomération,Hors intersection,Normale,Sans collision,4,2,2,0,1,1,1,0,1,50,1,1,0,0,1,0,16.0,,deux_roues,,1,2,1,1,7
202400011644,2024-11-25 17:00:00,2024,11,25,17,0,85,85188,RD 137,46.626084,-1.040654,Plein jour,Hors agglomération,Hors intersection,Normale,Deux véhicules - frontale,3,2,2,0,1,1,2,0,1,80,2,5,0,0,1,4,60.0,43.0,voiture,voiture,1,1,1,1,1
202400011645,2024-11-23 05:50:00,2024,11,23,5,50,27,27306,RD 52,48.972066,1.199967,Nuit sans éclairage public,Hors agglomération,Hors intersection,Neige / grêle,Autre collision,4,2,2,0,1,1,2,2,1,80,1,2,1,0,1,0,53.0,,voiture,,3,1,1,4,6
202400011646,2024-11-25 07:50:00,2024,11,25,7,50,83,83049,D43,43.24952801,6.07807875,Crépuscule ou aube,Hors agglomération,Hors intersection,Normale,Deux véhicules - côté,3,2,2,0,1,1,2,0,1,70,2,2,1,0,1,0,51.0,22.0,deux_roues,voiture,2,1,1,1,3
202400011647,2024-11-25 16:55:00,2024,11,25,16,55,95,95352,D316,49.10985227,2.42901336,Crépuscule ou aube,En agglomération,Autre intersection,Normale,Deux véhicules - arrière,3,1,3,0,4,1,2,3,1,50,2,2,1,0,0,1,37.0,31.0,transport_commun,transport_commun,2,2,9,1,2
202400011648,2024-11-22 15:30:00,2024,11,22,15,30,76,76692,D5,49.693983,0.638473,Plein jour,Hors agglomération,Intersection en X,Normale,Deux véhicules - côté,3,2,2,0,1,1,2,0,1,80,2,2,0,0,1,1,40.0,46.0,utilitaire_camion,voiture,1,1,2,1,3
202400011648,2024-11-22 15:30:00,2024,11,22,15,30,76,76692,D5,49.693983,0.638473,Plein jour,Hors agglomération,Intersection en X,Normale,Deux véhicules - côté,3,2,2,0,1,1,2,0,1,80,2,2,0,0,1,1,40.0,46.0,utilitaire_camion,voiture,1,1,2,1,3
202400011649,2024-11-24 18:30:00,2024,11,24,18,30,2A,2A181,#U Gigliu#,41.942,8.918935,Nuit sans éclairage public,Hors agglomération,Hors intersection,Normale,Deux véhicules - frontale,3,2,2,0,2,1,1,0,1,80,2,2,1,0,1,0,36.0,48.0,deux_roues,utilitaire_camion,3,1,1,1,1
202400011650,2024-11-25 16:45:00,2024,11,25,16,45,2B,2B319,Penticchie,42.428169,9.525425,Nuit sans éclairage public,Hors agglomération,Hors intersection,Normale,Deux véhicules - côté,2,2,2,0,1,1,1,8,1,80,2,3,2,0,1,0,64.0,42.0,deux_roues,voiture,3,1,1,1,3
202400011651,2024-11-24 18:30:00,2024,11,24,18,30,82,82185,D47,44.37453,0.900804,Nuit sans éclairage public,Hors agglomération,Hors intersection,Normale,Sans collision,3,2,2,0,1,1,1,0,1,80,1,1,0,0,0,1,58.0,,voiture,,3,1,1,1,7
202400011652,2024-11-24 06:00:00,2024,11,24,6,0,82,82051,Route de Moissac,44.169154,1.117601,Nuit sans éclairage public,Hors agglomération,Hors intersection,Pluie légère,Autre collision,3,2,2,0,1,1,2,0,1,80,1,1,0,0,1,0,21.0,,voiture,,3,1,1,2,6
202400011653,2024-11-23 17:30:00,2024,11,23,17,30,82,82131,Route de Paris,44.25382,1.491939,Plein jour,Hors agglomération,Intersection en X,Normale,Deux véhicules - côté,3,2,1,0,1,1,1,5,1,80,2,3,2,0,1,0,31.0,29.0,deux_roues,utilitaire_camion,1,1,2,1,3
202400011653,2024-11-23 17:30:00,2024,11,23,17,30,82,82131,Route de Paris,44.25382,1.491939,Plein jour,Hors agglomération,Intersection en X,Normale,Deux véhicules - côté,3,2,1,0,1,1,1,5,1,80,2,3,2,0,1,0,31.0,29.0,deux_roues,utilitaire_camion,1,1,2,1,3
202400011654,2024-11-24 03:10:00,2024,11,24,3,10,71,71161,rd 60 aire des bottères,46.59912,3.97765,Nuit sans éclairage public,Hors agglomération,Hors intersection,Normale,Autre collision,6,-1, -1,0,2,3,1,0,3,20,1,1,0,1,0,0,39.0,,voiture,,3,1,1,1,6
202400011655,2024-11-25 07:30:00,2024,11,25,7,30,89,89042,D957,47.609418,4.197393,Crépuscule ou aube,Hors agglomération,Hors intersection,Normale,Sans collision,3,2,2,0,1,1,1,0,3,90,1,1,0,0,0,1,48.0,,voiture,,2,1,1,1,7
202400011656,2024-11-24 10:40:00,2024,11,24,10,40,35,35227,Rue de Rennes,48.175863,-1.925429,Plein jour,Hors agglomération,Giratoire,Normale,Deux véhicules - côté,3,2,2,0,1,2,1,0,1,80,2,2,1,0,0,1,29.0,54.0,deux_roues,voiture,1,1,6,1,3
202400011657,2024-11-24 16:00:00,2024,11,24,16,0,03,03157,D907,46.204979,3.499726,Plein jour,Hors agglomération,Hors intersection,Vent fort / tempête,Trois véhicules et plus - en chaîne,3,2,2,0,1,1,1,0,1,90,3,5,3,0,1,1,60.0,72.0,voiture,voiture,1,1,1,6,4
202400011658,2024-11-24 13:45:00,2024,11,24,13,45,03,03213,D2144,46.449833,2.607729,Plein jour,Hors agglomération,Intersection en T,Normale,Trois véhicules et plus - collisions multiples,3,2,2,0,2,1,1,0,1,90,3,6,4,1,0,1,30.0,75.0,deux_roues,voiture,1,1,3,1,5
202400011658,2024-11-24 13:45:00,2024,11,24,13,45,03,03213,D2144,46.449833,2.607729,Plein jour,Hors agglomération,Intersection en T,Normale,Trois véhicules et plus - collisions multiples,3,2, -1,-1,1,1,1,0,1,-1,3,6,4,1,0,1,30.0,75.0,deux_roues,voiture,1,1,3,1,5
202400011659,2024-11-24 15:30:00,2024,11,24,15,30,01,01363,Chemin de la Passe,46.035139,5.384524,Plein jour,En agglomération,Intersection en X,Normale,Deux véhicules - côté,4,2,2,0,1,1,1,0,1,50,2,7,2,0,0,5,35.0,29.0,voiture,voiture,1,2,2,1,3
202400011660,2024-11-24 10:40:00,2024,11,24,10,40,14,14005,Route des Renardières,49.082422,-0.166308,Plein jour,Hors agglomération,Hors intersection,Normale,Deux véhicules - frontale,3,2,2,0,1,3,1,0,1,70,2,2,1,0,1,0,79.0,27.0,voiture,voiture,1,1,1,1,1
202400011661,2024-11-25 17:00:00,2024,11,25,17,0,64,64436,D918,43.229688,-1.300914,Crépuscule ou aube,Hors agglomération,Hors intersection,Pluie légère,Deux véhicules - frontale,3,2,2,0,1,2,2,0,1,80,2,2,1,1,0,0,27.0,60.0,voiture,utilitaire_camion,2,1,1,2,1
202400011662,2024-04-23 09:50:00,2024,4,23,9,50,22,22113,MARZIN (AVENUE PIERRE),48.75327,-3.45835,Plein jour,En agglomération,Hors intersection,Normale,Autre collision,3,2,1,1,1,1,1,9,1,50,1,2,1,0,0,1,23.0,,voiture,,1,2,1,1,6
202400011663,2024-11-24 17:50:00,2024,11,24,17,50,18,18136,10 Rue du Stade,46.697276,2.372827,Nuit avec éclairage allumé,En agglomération,Hors intersection,Normale,Sans collision,3,2,2,0,1,3,1,0,1,50,1,1,0,0,1,0,32.0,,deux_roues,,5,2,1,1,7
202400011664,2024-11-23 16:15:00,2024,11,23,16,15,43,43079,RN102,45.19946258,3.50441309,Crépuscule ou aube,Hors agglomération,Hors intersection,Vent fort / tempête,Sans collision,2,2,2,0,1,1,1,0,1,80,1,1,0,0,1,0,63.0,,deux_roues,,2,1,1,6,7
202400011665,2024-04-17 15:30:00,2024,4,17,15,30,18,18279,,47.27124,2.11229,Plein jour,Hors agglomération,Hors intersection,Normale,Trois véhicules et plus - collisions multiples,3,2,2,0,1,1,1,0,1,80,4,4,1,0,2,1,63.0,82.0,deux_roues,voiture,1,1,1,1,5
202400011666,2024-11-23 18:00:00,2024,11,23,18,0,04,04116,D4,44.000162,5.938904,Nuit sans éclairage public,Hors agglomération,Intersection en X,Normale,Deux véhicules - côté,3,2,2,0,1,1,1,0,1,90,2,2,1,0,1,0,50.0,29.0,voiture,deux_roues,3,1,2,1,3
202400011666,2024-11-23 18:00:00,2024,11,23,18,0,04,04116,D4,44.000162,5.938904,Nuit sans éclairage public,Hors agglomération,Intersection en X,Normale,Deux véhicules - côté,3,2,2,0,2,1,1,0,1,90,2,2,1,0,1,0,50.0,29.0,voiture,deux_roues,3,1,2,1,3
202400011667,2024-11-24 17:45:00,2024,11,24,17,45,17,17471,D222E1,46.060606,-0.294775,Crépuscule ou aube,Hors agglomération,Hors intersection,Normale,Autre collision,3,2,2,0,1,1,1,0,1,80,1,2,1,0,0,1,73.0,,utilitaire_camion,,2,1,1,1,6
202400011668,2024-11-22 13:30:00,2024,11,22,13,30,17,17338,D 911,46.135047,-0.727887,Plein jour,Hors agglomération,Hors intersection,Normale,Deux véhicules - arrière,3,2,2,0,1,1,1,0,1,80,2,2,1,0,1,0,71.0,72.0,deux_roues,voiture,1,1,1,1,2
202400011669,2024-04-21 15:20:00,2024,4,21,15,20,15,15012,RD 920,44.8918,2.44641,Plein jour,Hors agglomération,Hors intersection,Normale,Autre collision,3,2,2,0,2,2,1,0,1,80,1,2,0,0,0,2,48.0,,voiture,,1,1,1,1,6
202400011670,2024-11-24 17:20:00,2024,11,24,17,20,17,17260,D910bis,45.244271,-0.202485,Crépuscule ou aube,Hors agglomération,Intersection en X,Normale,Deux véhicules - côté,3,2,2,0,1,1,1,5,1,80,2,3,1,0,1,1,32.0,88.0,voiture,voiture,2,1,2,1,3
202400011670,2024-11-24 17:20:00,2024,11,24,17,20,17,17260,D910bis,45.244271,-0.202485,Crépuscule ou aube,Hors agglomération,Intersection en X,Normale,Deux véhicules - côté,3,2,2,-1,1,1,1,5,1,80,2,3,1,0,1,1,32.0,88.0,voiture,voiture,2,1,2,1,3
202400011671,2024-04-23 11:00:00,2024,4,23,11,0,13,13205,CHAVE (BOULEVARD),43.29561,5.39788,Plein jour,En agglomération,Passage à niveau,Normale,Deux véhicules - côté,4,1,2,0,1,1,1,4,6,50,2,3,2,0,0,1,23.0,45.0,transport_commun,voiture,1,2,8,1,3
202400011671,2024-04-23 11:00:00,2024,4,23,11,0,13,13205,CHAVE (BOULEVARD),43.29561,5.39788,Plein jour,En agglomération,Passage à niveau,Normale,Deux véhicules - côté,4,2,2,3,1,1,1,4,6,50,2,3,2,0,0,1,23.0,45.0,transport_commun,voiture,1,2,8,1,3
202400011672,2024-11-24 05:30:00,2024,11,24,5,30,87,87205,D57,45.716563,1.288919,Nuit sans éclairage public,Hors agglomération,Hors intersection,Vent fort / tempête,Autre collision,3,2,2,0,1,4,2,0,3,80,1,1,0,0,0,1,24.0,,utilitaire_camion,,3,1,1,6,6
202400011673,2024-04-22 07:50:00,2024,4,22,7,50,13,13206,VINCENT DELPUECH (BOULEVARD),43.28305,5.3902,Plein jour,En agglomération,Hors intersection,Normale,Autre collision,4,1,2,3,1,1,1,8,1,30,1,2,0,0,0,2,61.0,,deux_roues,,1,2,1,1,6
202400011674,2024-11-24 04:05:00,2024,11,24,4,5,30,30276,D58,43.587281,4.223459,Nuit sans éclairage public,Hors agglomération,Hors intersection,Normale,Sans collision,3,2,2,0,1,2,2,0,3,80,1,2,0,0,0,2,21.0,,voiture,,3,1,1,1,7
202400011675,2024-04-23 12:20:00,2024,4,23,12,20,13,13028,ANTIOPE (VOIE ),43.20674,5.60189,Plein jour,En agglomération,Hors intersection,Normale,Deux véhicules - côté,4,2,2,0,3,3,1,0,1,50,1,2,1,0,0,1,50.0,,voiture,,1,2,1,1,3
202400011676,2024-11-23 23:25:00,2024,11,23,23,25,22,22211,Rue Yves le Cudennec,48.704113,-3.450691,Nuit avec éclairage allumé,En agglomération,Intersection en T,Normale,Autre collision,3,2,2,0,1,1,1,0,3,-1,1,1,0,1,0,0,15.0,,deux_roues,,5,2,3,1,6
202400011676,2024-11-23 23:25:00,2024,11,23,23,25,22,22211,Rue Yves le Cudennec,48.704113,-3.450691,Nuit avec éclairage allumé,En agglomération,Intersection en T,Normale,Autre collision,3,2,2,0,1,1,1,0,3,50,1,1,0,1,0,0,15.0,,deux_roues,,5,2,3,1,6
202400011677,2024-11-21 20:47:00,2024,11,21,20,47,69,69244,13 Avenue Victor Hugo,45.772376,4.791225,Nuit avec éclairage non allumé,En agglomération,Autre intersection,Temps couvert,Sans collision,4,1,2,1,2,1,1,0,4,50,1,1,0,0,1,0,42.0,,deux_roues,,4,2,9,8,7
202400011678,2024-11-15 20:35:00,2024,11,15,20,35,67,67248,Autoroute A35,48.478846,7.54617,Nuit sans éclairage public,Hors agglomération,Hors intersection,Normale,Deux véhicules - arrière,1,3,2,0,1,1,1,2,1,130,2,2,1,0,0,1,41.0,25.0,voiture,utilitaire_camion,3,1,1,1,2
202400011679,2024-04-23 18:30:00,2024,4,23,18,30,13,13001,ANCIEN CHEMIN D'AVIGNON (CH),43.57142515,5.39627344,Plein jour,En agglomération,Hors intersection,Normale,Deux véhicules - côté,4,2,2,0,2,1,1,0,1,50,2,3,1,0,0,2,28.0,37.0,voiture,deux_roues,1,2,1,1,3
202400011680,2024-11-23 21:10:00,2024,11,23,21,10,57,57073,Bretelle d'accès A.4 et A.320,49.13927,6.801878,Nuit sans éclairage public,En agglomération,Intersection en Y,Normale,Deux véhicules - côté,1,1,1,0,4,1,1,3,1,-1,2,2,1,0,0,1,25.0,63.0,voiture,deux_roues,3,2,4,1,3
202400011680,2024-11-23 21:10:00,2024,11,23,21,10,57,57073,Bretelle d'accès A.4 et A.320,49.13927,6.801878,Nuit sans éclairage public,En agglomération,Intersection en Y,Normale,Deux véhicules - côté,1,1, -1,-1,1,1,1,3,1,-1,2,2,1,0,0,1,25.0,63.0,voiture,deux_roues,3,2,4,1,3