accident_id,datetime,annee,mois,jour,heure,minute,departement,commune_insee,adresse,latitude,longitude,luminosite,agglomeration,intersection,meteo,collision,catr,circ,nbv,vosp,prof,plan,surf,infra,situ,vma,nb_vehicules,nb_usagers,nb_indemnes,nb_tues,nb_blesses_hosp,nb_blesses_legers,age_cond_1,age_cond_2,veh_type_cond_1,veh_type_cond_2,lum_code,agg_code,int_code,atm_code,col_code
202400011811,2024-04-24 08:38:00,2024,4,24,8,38,34,34240,D112,43.638957,3.99341,Plein jour,Hors agglomération,Intersection en X,Normale,Deux véhicules - côté,3,2,2,0,1,1,1,5,1,70,2,2,1,1,0,0,40.0,34.0,voiture,deux_roues,1,1,2,1,3
202400011811,2024-04-24 08:38:00,2024,4,24,8,38,34,34240,D112,43.638957,3.99341,Plein jour,Hors agglomération,Intersection en X,Normale,Deux véhicules - côté,3,2, -1,-1,1,1,1,0,1,-1,2,2,1,1,0,0,40.0,34.0,voiture,deux_roues,1,1,2,1,3
202400011812,2024-11-23 16:00:00,2024,11,23,16,0,71,71486,RENE CASSIN (RUE),46.6431,4.3706,Plein jour,En agglomération,Intersection en X,Normale,Deux véhicules - arrière,3,2,2,0,1,1,1,0,1,50,2,3,0,0,0,3,74.0,41.0,voiture,voiture,1,2,2,1,2
202400011812,2024-11-23 16:00:00,2024,11,23,16,0,71,71486,RENE CASSIN (RUE),46.6431,4.3706,Plein jour,En agglomération,Intersection en X,Normale,Deux véhicules - arrière,3,2,2,0,1,1,1,5,1,50,2,3,0,0,0,3,74.0,41.0,voiture,voiture,1,2,2,1,2
202400011813,2024-09-12 18:15:00,2024,9,12,18,15,75,75111,AVENUE PARMENTIER,48.859897,2.37893,Plein jour,En agglomération,Hors intersection,Pluie légère,Autre collision,4,2,2,0,1,1,2,0,1,30,1,3,1,0,0,2,44.0,,deux_roues,,1,2,1,2,6
202400011814,2024-11-23 18:20:00,2024,11,23,18,20,69,69259,Rue Albert Camus,45.69573403,4.87374648,Nuit avec éclairage allumé,En agglomération,Hors intersection,Normale,Autre collision,4,2,2,0,1,1,1,0,1,30,1,2,1,0,0,1,31.0,,voiture,,5,2,1,1,6
202400011815,2024-04-24 08:30:00,2024,4,24,8,30,04,04245,Avenue des Farigoules,43.872982,5.843343,Plein jour,En agglomération,Autre intersection,Normale,Deux véhicules - côté,3,2,2,0,1,1,1,0,1,50,2,4,2,0,1,1,20.0,34.0,deux_roues,voiture,1,2,9,1,3
202400011816,2024-11-23 15:50:00,2024,11,23,15,50,64,64129,CLAVERIE,43.30197963,-0.39238304,Plein jour,En agglomération,Intersection en X,Normale,Sans collision,4,2,2,0,2,3,1,0,1,30,1,1,0,0,0,1,34.0,,deux_roues,,1,2,2,1,7
202400011816,2024-11-23 15:50:00,2024,11,23,15,50,64,64129,CLAVERIE,43.30197963,-0.39238304,Plein jour,En agglomération,Intersection en X,Normale,Sans collision,4,-1,2,0,1,3,1,0,1,30,1,1,0,0,0,1,34.0,,deux_roues,,1,2,2,1,7
202400011817,2024-09-12 12:35:00,2024,9,12,12,35,94,94078,129 Avenue Anatole France,48.748496,2.453186,Plein jour,En agglomération,Autre intersection,Normale,Deux véhicules - côté,4,2,2,1,1,1,1,9,5,50,2,2,1,0,0,1,59.0,58.0,deux_roues,utilitaire_camion,1,2,9,1,3
202400011818,2024-02-23 20:30:00,2024,2,23,20,30,74,74128,Route de thonon,46.152048,6.320668,Nuit sans éclairage public,Hors agglomération,Intersection en Y,Normale,Deux véhicules - côté,3,3,1,0,2,2,1,0,1,70,2,2,1,0,1,0,24.0,22.0,voiture,voiture,3,1,4,1,3
202400011818,2024-02-23 20:30:00,2024,2,23,20,30,74,74128,Route de thonon,46.152048,6.320668,Nuit sans éclairage public,Hors agglomération,Intersection en Y,Normale,Deux véhicules - côté,3,2, -1,-1,2,1,1,0,1,-1,2,2,1,0,1,0,24.0,22.0,voiture,voiture,3,1,4,1,3
202400011819,2024-11-22 20:16:00,2024,11,22,20,16,63,63300,CLERMONT (AVENUE DE),45.88385317,3.11557889,Nuit avec éclairage allumé,En agglomération,Autre intersection,Autre,Deux véhicules - côté,3,2,2,0,1,1,1,0,1,50,2,2,1,0,1,0,45.0,16.0,voiture,deux_roues,5,2,9,9,3
202400011820,2024-04-14 13:30:00,2024,4,14,13,30,40,40184,Avenue Maurice Martin,44.213472,-1.292052,Plein jour,En agglomération,Place,Normale,Sans collision,6,-1, -1,0,1,1,1,0,8,50,1,3,2,0,1,0,60.0,,voiture,,1,2,7,1,7
202400011821,2024-09-11 18:00:00,2024,9,11,18,0,94,94068,Rue Delerue,48.79569,2.492229,Plein jour,En agglomération,Intersection en T,Normale,Deux véhicules - côté,4,1,1,2,1,1,1,0,1,30,2,2,1,0,0,1,84.0,43.0,deux_roues,voiture,1,2,3,1,3
202400011821,2024-09-11 18:00:00,2024,9,11,18,0,94,94068,Rue Delerue,48.79569,2.492229,Plein jour,En agglomération,Intersection en T,Normale,Deux véhicules - côté,4,2,2,2,1,1,1,0,1,30,2,2,1,0,0,1,84.0,43.0,deux_roues,voiture,1,2,3,1,3
202400011822,2024-11-22 14:40:00,2024,11,22,14,40,62,62119,Rue Mannessier,50.52089,2.65392,Plein jour,En agglomération,Autre intersection,Temps éblouissant,Deux véhicules - côté,4,2,2,0,2,1,1,0,1,50,2,3,1,0,1,1,17.0,56.0,deux_roues,transport_commun,1,2,9,7,3
202400011822,2024-11-22 14:40:00,2024,11,22,14,40,62,62119,Rue Mannessier,50.52089,2.65392,Plein jour,En agglomération,Autre intersection,Temps éblouissant,Deux véhicules - côté,4,2,2,0,1,1,1,0,1,50,2,3,1,0,1,1,17.0,56.0,deux_roues,transport_commun,1,2,9,7,3
202400011823,2024-09-12 22:00:00,2024,9,12,22,0,94,94073,FONTAINEBLEAU - CAR BELLE EPINE (AV DE),48.763073,2.368711,Nuit avec éclairage non allumé,Hors agglomération,Hors intersection,Pluie légère,Sans collision,4,1, -1,-1,1,2,2,0,1,-1,1,1,0,0,0,1,54.0,,deux_roues,,4,1,1,2,7
202400011824,2024-04-24 19:00:00,2024,4,24,19,0,80,80561,Avenue Maurice Leconte,49.645003,2.565401,Plein jour,En agglomération,Intersection en X,Normale,Deux véhicules - côté,3,2,2,0,2,1,1,0,1,50,2,2,1,0,0,1,53.0,17.0,voiture,deux_roues,1,2,2,1,3
202400011824,2024-04-24 19:00:00,2024,4,24,19,0,80,80561,Avenue Maurice Leconte,49.645003,2.565401,Plein jour,En agglomération,Intersection en X,Normale,Deux véhicules - côté,3,2, -1,-1,1,3,1,0,1,-1,2,2,1,0,0,1,53.0,17.0,voiture,deux_roues,1,2,2,1,3
202400011825,2024-11-23 14:00:00,2024,11,23,14,0,59,59299,CD 700,50.64852,3.19658,Plein jour,Hors agglomération,Intersection en X,Normale,Deux véhicules - côté,4,2,1,0,1,1,2,0,1,50,2,2,1,0,1,0,23.0,31.0,deux_roues,voiture,1,1,2,1,3
202400011825,2024-11-23 14:00:00,2024,11,23,14,0,59,59299,CD 700,50.64852,3.19658,Plein jour,Hors agglomération,Intersection en X,Normale,Deux véhicules - côté,4,2,2,0,1,1,1,0,1,50,2,2,1,0,1,0,23.0,31.0,deux_roues,voiture,1,1,2,1,3
202400011826,2024-09-12 16:10:00,2024,9,12,16,10,94,94022,92 Boulevard de Stalingrad,48.772837,2.400086,Plein jour,En agglomération,Autre intersection,Normale,Deux véhicules - côté,3,1,3,-1,4,1,1,3,1,-1,2,2,1,0,0,1,49.0,64.0,deux_roues,voiture,1,2,9,1,3
202400011826,2024-09-12 16:10:00,2024,9,12,16,10,94,94022,92 Boulevard de Stalingrad,48.772837,2.400086,Plein jour,En agglomération,Autre intersection,Normale,Deux véhicules - côté,3,2,6,3,1,1,1,2,1,50,2,2,1,0,0,1,49.0,64.0,deux_roues,voiture,1,2,9,1,3
202400011827,2024-11-23 18:25:00,2024,11,23,18,25,59,59017,Rue Albert de Mun,50.68077,2.88842,Nuit avec éclairage allumé,En agglomération,Hors intersection,Normale,Autre collision,7,-1,2,1,1,1,1,0,1,30,1,2,1,0,1,0,55.0,,voiture,,5,2,1,1,6
202400011828,2024-04-23 22:50:00,2024,4,23,22,50,59,59400,D946,50.642579,2.639578,Nuit avec éclairage allumé,En agglomération,Intersection en X,Pluie légère,Sans collision,3,2,2,0,1,1,2,0,1,50,2,2,1,0,0,1,16.0,43.0,deux_roues,utilitaire_camion,5,2,2,2,7
202400011828,2024-04-23 22:50:00,2024,4,23,22,50,59,59400,D946,50.642579,2.639578,Nuit avec éclairage allumé,En agglomération,Intersection en X,Pluie légère,Sans collision,3,2, -1,-1,1,1,2,0,1,-1,2,2,1,0,0,1,16.0,43.0,deux_roues,utilitaire_camion,5,2,2,2,7
202400011829,2024-04-23 19:00:00,2024,4,23,19,0,13,13214,A507 sens Marseille - Aubagne,43.33009926,5.3992846,Nuit avec éclairage allumé,Hors agglomération,Hors intersection,Normale,Deux véhicules - arrière,1,-1,3,0,1,1,1,0,1,70,2,2,1,0,0,1,39.0,25.0,voiture,deux_roues,5,1,1,1,2
202400011830,2024-11-23 14:15:00,2024,11,23,14,15,54,54184,Avenue de Saulxures,48.70786,6.24429,Plein jour,En agglomération,Hors intersection,Normale,Deux véhicules - arrière,4,2,2,1,1,1,1,-1,1,50,2,3,1,0,0,2,44.0,52.0,voiture,voiture,1,2,1,1,2
202400011831,2024-09-12 04:40:00,2024,9,12,4,40,94,94075,Rue Paul Doumer,48.70601,2.53036,Nuit avec éclairage allumé,En agglomération,Intersection en T,Normale,Deux véhicules - frontale,3,3,2,0,1,1,1,0,1,30,2,3,1,0,0,2,48.0,38.0,voiture,voiture,5,2,3,1,1
202400011831,2024-09-12 04:40:00,2024,9,12,4,40,94,94075,Rue Paul Doumer,48.70601,2.53036,Nuit avec éclairage allumé,En agglomération,Intersection en T,Normale,Deux véhicules - frontale,3,2,1,0,1,1,1,0,1,30,2,3,1,0,0,2,48.0,38.0,voiture,voiture,5,2,3,1,1
202400011832,2024-04-23 02:10:00,2024,4,23,2,10,13,13088,A55-Sens Martigues vers Marseille,43.3797,5.2212,Nuit sans éclairage public,Hors agglomération,Hors intersection,Normale,Sans collision,1,-1,2,0,1,1,1,0,1,110,1,4,0,0,0,4,24.0,,voiture,,3,1,1,1,7
202400011833,2024-11-22 17:52:00,2024,11,22,17,52,54,54578,Avenue Paul Muller,48.67009,6.15794,Nuit avec éclairage allumé,En agglomération,Intersection en X,Normale,Deux véhicules - côté,4,2,5,0,1,1,1,0,1,50,2,2,1,0,0,1,19.0,18.0,voiture,deux_roues,5,2,2,1,3
202400011833,2024-11-22 17:52:00,2024,11,22,17,52,54,54578,Avenue Paul Muller,48.67009,6.15794,Nuit avec éclairage allumé,En agglomération,Intersection en X,Normale,Deux véhicules - côté,4,2,3,0,2,1,1,0,1,50,2,2,1,0,0,1,19.0,18.0,voiture,deux_roues,5,2,2,1,3
202400011834,2024-08-20 07:45:00,2024,8,20,7,45,94,94002,Rue de Verdun / Rue Emile Eudes,48.796216,2.427486,Plein jour,En agglomération,Intersection en T,Normale,Deux véhicules - côté,4,1,1,0,1,1,1,0,1,-1,2,2,1,0,0,1,39.0,35.0,transport_commun,deux_roues,1,2,3,1,3
202400011834,2024-08-20 07:45:00,2024,8,20,7,45,94,94002,Rue de Verdun / Rue Emile Eudes,48.796216,2.427486,Plein jour,En agglomération,Intersection en T,Normale,Deux véhicules - côté,4,2,2,0,1,2,1,0,1,20,2,2,1,0,0,1,39.0,35.0,transport_commun,deux_roues,1,2,3,1,3
202400011835,2024-11-23 11:53:00,2024,11,23,11,53,47,47001,DURRENS (RUE DE),44.2012,0.63463,Plein jour,En agglomération,Hors intersection,Normale,Autre collision,4,-1,2,0,1,1,1,0,1,30,1,2,1,0,1,0,33.0,,voiture,,1,2,1,1,6
202400011836,2024-04-22 16:15:00,2024,4,22,16,15,13,13212,A507 sens Aubagne- Marseille,43.30321587,5.42537928,Plein jour,Hors agglomération,Hors intersection,Normale,Deux véhicules - côté,1,1,3,0,1,1,1,1,1,70,2,3,1,0,0,2,43.0,47.0,voiture,voiture,1,1,1,1,3
202400011837,2024-11-23 15:30:00,2024,11,23,15,30,45,45286,D951 PR 90 + 908,47.89315,1.91619,Plein jour,En agglomération,Hors intersection,Normale,Autre collision,3,2,2,2,1,2,1,0,4,30,1,1,0,0,0,1,19.0,,deux_roues,,1,2,1,1,6
202400011838,2024-09-11 10:25:00,2024,9,11,10,25,94,94002,Rue Micolon,48.80458,2.41263,Plein jour,En agglomération,Hors intersection,Temps couvert,Autre collision,4,2,2,0,1,1,2,0,1,30,1,2,1,0,1,0,62.0,,voiture,,1,2,1,8,6
202400011839,2024-04-23 09:15:00,2024,4,23,9,15,67,67152,M35,48.52615,7.67334,Plein jour,Hors agglomération,Hors intersection,Normale,Trois véhicules et plus - en chaîne,7,3,2,0,1,1,1,0,1,90,3,3,2,0,0,1,51.0,54.0,voiture,utilitaire_camion,1,1,1,1,4
202400011840,2024-11-23 06:25:00,2024,11,23,6,25,45,45234,22 Avenue des Droits de l'Homme,47.9187,1.92519,Nuit avec éclairage allumé,En agglomération,Giratoire,Normale,Autre collision,4,3,4,1,1,1,2,0,1,50,1,2,1,0,0,1,23.0,,voiture,,5,2,6,1,6
202400011841,2024-09-12 13:50:00,2024,9,12,13,50,93,93053,GALLIENI (AVENUE),48.90036,2.46528,Plein jour,En agglomération,Autre intersection,Normale,Autre collision,3,1,1,0,1,1,1,9,1,30,1,2,1,0,0,1,,,utilitaire_camion,,1,2,9,1,6
202400011842,2024-04-23 19:27:00,2024,4,23,19,27,78,78208,RN12 EXT,48.8,1.96925,Plein jour,Hors agglomération,Hors intersection,Normale,Autre collision,2,3,4,0,2,3,1,3,1,70,1,4,0,0,0,4,25.0,,voiture,,1,1,1,1,6
202400011843,2024-11-23 15:00:00,2024,11,23,15,0,37,37214,MURIER (RUE DU),47.42375744,0.66255963,Plein jour,En agglomération,Hors intersection,Normale,Deux véhicules - arrière,4,2,2,0,1,1,1,0,1,50,2,3,2,0,0,1,80.0,52.0,voiture,voiture,1,2,1,1,2
202400011844,2024-04-23 09:45:00,2024,4,23,9,45,78,78646,RN12,48.79243,2.08947,Plein jour,Hors agglomération,Hors intersection,Normale,Deux véhicules - arrière,2,-1,3,0,1,1,1,0,1,110,2,2,1,0,0,1,54.0,41.0,utilitaire_camion,deux_roues,1,1,1,1,2
202400011845,2024-09-12 15:15:00,2024,9,12,15,15,93,93057,CHANZY AVENUE DE,48.90936,2.51859,Plein jour,En agglomération,Hors intersection,Normale,Deux véhicules - arrière,4,1,1,0,1,1,1,0,1,30,2,4,3,0,0,1,69.0,20.0,voiture,deux_roues,1,2,1,1,2
202400011846,2024-11-23 20:27:00,2024,11,23,20,27,33,33119,,44.85577,-0.53469,Nuit avec éclairage allumé,En agglomération,Intersection en T,Temps couvert,Deux véhicules - arrière,4,2,2,3,1,1,1,5,1,50,2,2,1,0,0,1,59.0,,voiture,autre,5,2,3,8,2
202400011846,2024-11-23 20:27:00,2024,11,23,20,27,33,33119,,44.85577,-0.53469,Nuit avec éclairage allumé,En agglomération,Intersection en T,Temps couvert,Deux véhicules - arrière,4,2, -1,-1,1,1,1,5,1,-1,2,2,1,0,0,1,59.0,,voiture,autre,5,2,3,8,2
202400011847,2024-04-22 17:00:00,2024,4,22,17,0,78,78029,A13Y,48.965495,1.849495,Plein jour,Hors agglomération,Hors intersection,Normale,Deux véhicules - arrière,1,-1,3,0,1,1,1,0,1,110,2,2,1,0,0,1,41.0,70.0,voiture,utilitaire_camion,1,1,1,1,2
202400011848,2024-09-11 17:05:00,2024,9,11,17,5,93,93061,JAURES AVENUE JEAN,48.88414478,2.40803003,Plein jour,En agglomération,Hors intersection,Normale,Deux véhicules - côté,4,3,2,0,2,1,1,0,1,50,2,2,1,0,0,1,9.0,42.0,deux_roues,voiture,1,2,1,1,3
202400011849,2024-11-23 18:40:00,2024,11,23,18,40,33,33550,,44.78263,-0.57666,Crépuscule ou aube,En agglomération,Giratoire,Normale,Deux véhicules - frontale,4,2,2,0,1,3,1,0,1,30,2,2,1,0,0,1,63.0,21.0,voiture,deux_roues,2,2,6,1,1
202400011849,2024-11-23 18:40:00,2024,11,23,18,40,33,33550,,44.78263,-0.57666,Crépuscule ou aube,En agglomération,Giratoire,Normale,Deux véhicules - frontale,4,2,2,0,1,1,1,0,1,50,2,2,1,0,0,1,63.0,21.0,voiture,deux_roues,2,2,6,1,1
202400011850,2024-04-23 16:00:00,2024,4,23,16,0,93,93007,A1,48.94405205,2.43712529,Plein jour,Hors agglomération,Hors intersection,Normale,Trois véhicules et plus - en chaîne,1,3,4,0,1,1,1,0,1,110,3,3,1,0,0,2,22.0,24.0,voiture,voiture,1,1,1,1,4
202400011851,2024-09-12 14:10:00,2024,9,12,14,10,93,93027,PRESOV (AVENUE DE),48.92944,2.37626,Plein jour,En agglomération,Intersection en T,Pluie légère,Deux véhicules - côté,4,2,2,0,1,1,2,0,1,50,2,2,1,0,0,1,28.0,44.0,deux_roues,utilitaire_camion,1,2,3,2,3
202400011851,2024-09-12 14:10:00,2024,9,12,14,10,93,93027,PRESOV (AVENUE DE),48.92944,2.37626,Plein jour,En agglomération,Intersection en T,Pluie légère,Deux véhicules - côté,4,2,2,0,1,1,2,0,1,50,2,2,1,0,0,1,28.0,44.0,deux_roues,utilitaire_camion,1,2,3,2,3
202400011852,2024-11-23 14:50:00,2024,11,23,14,50,33,33063,,44.84577,-0.58406,Plein jour,En agglomération,Intersection en X,Normale,Deux véhicules - côté,4,2,2,0,1,1,1,0,1,30,2,2,1,0,0,1,22.0,48.0,deux_roues,utilitaire_camion,1,2,2,1,3
202400011852,2024-11-23 14:50:00,2024,11,23,14,50,33,33063,,44.84577,-0.58406,Plein jour,En agglomération,Intersection en X,Normale,Deux véhicules - côté,4,2,2,0,1,1,1,0,1,30,2,2,1,0,0,1,22.0,48.0,deux_roues,utilitaire_camion,1,2,2,1,3
202400011853,2024-04-23 13:05:00,2024,4,23,13,5,93,93053,A3,48.88416228,2.46099709,Plein jour,Hors agglomération,Hors intersection,Normale,Deux véhicules - côté,1,3,4,0,1,1,1,0,1,90,2,2,1,0,0,1,41.0,55.0,voiture,utilitaire_camion,1,1,1,1,3
202400011854,2024-09-12 10:20:00,2024,9,12,10,20,93,93013,LECLERC (AVENU DE LA DIVISION),48.93495,2.42594,Plein jour,En agglomération,Intersection en T,Normale,Deux véhicules - côté,3,2,0,0,1,1,1,5,1,50,2,2,1,0,0,1,29.0,37.0,deux_roues,utilitaire_camion,1,2,3,1,3
202400011854,2024-09-12 10:20:00,2024,9,12,10,20,93,93013,LECLERC (AVENU DE LA DIVISION),48.93495,2.42594,Plein jour,En agglomération,Intersection en T,Normale,Deux véhicules - côté,3,3,0,0,1,1,1,5,1,50,2,2,1,0,0,1,29.0,37.0,deux_roues,utilitaire_camion,1,2,3,1,3
202400011855,2024-04-23 13:45:00,2024,4,23,13,45,93,93005,A3,48.95091347,2.47454259,Plein jour,Hors agglomération,Hors intersection,Normale,Deux véhicules - côté,1,3,3,0,1,1,1,0,1,90,2,2,1,0,0,1,20.0,31.0,voiture,deux_roues,1,1,1,1,3
202400011856,2024-11-23 15:42:00,2024,11,23,15,42,31,31555,18 MONTAUDRAN (PERIPH EST A61),43.575328,1.496524,Plein jour,Hors agglomération,Hors intersection,Normale,Trois véhicules et plus - en chaîne,1,1,2,0,1,1,1,3,1,90,4,6,5,0,0,1,26.0,31.0,voiture,voiture,1,1,1,1,4
202400011857,2024-09-12 06:20:00,2024,9,12,6,20,93,93013,KENNEDY (AVENUE JOHN FITZGERALD),48.93895,2.42417,Crépuscule ou aube,En agglomération,Intersection en T,Normale,Deux véhicules - côté,3,3,3,1,2,1,1,5,1,50,2,5,3,0,0,2,29.0,24.0,voiture,voiture,2,2,3,1,3
202400011857,2024-09-12 06:20:00,2024,9,12,6,20,93,93013,KENNEDY (AVENUE JOHN FITZGERALD),48.93895,2.42417,Crépuscule ou aube,En agglomération,Intersection en T,Normale,Deux véhicules - côté,3,2,2,0,1,1,1,5,1,50,2,5,3,0,0,2,29.0,24.0,voiture,voiture,2,2,3,1,3
202400011858,2024-09-12 14:00:00,2024,9,12,14,0,93,93010,GALLIENI (AV.) DE 1 A 109,48.90611,2.48048,Plein jour,En agglomération,Autre intersection,Pluie légère,Autre collision,3,3,2,0,1,1,2,0,4,50,1,2,1,0,0,1,39.0,,voiture,,1,2,9,2,6
202400011859,2024-04-23 09:00:00,2024,4,23,9,0,93,93063,A3,48.87528738,2.44004158,Plein jour,Hors agglomération,Hors intersection,Normale,Trois véhicules et plus - en chaîne,1,1,4,0,1,1,1,0,1,70,3,3,2,0,0,1,35.0,35.0,deux_roues,deux_roues,1,1,1,1,4
202400011860,2024-11-22 17:00:00,2024,11,22,17,0,28,28134,PAS DE LOUP (RUE JULES),48.75044,1.35313,Crépuscule ou aube,En agglomération,Intersection en X,Neige / grêle,Deux véhicules - côté,4,1,2,0,1,1,2,0,1,50,2,5,1,0,0,4,29.0,53.0,utilitaire_camion,utilitaire_camion,2,2,2,4,3
202400011860,2024-11-22 17:00:00,2024,11,22,17,0,28,28134,PAS DE LOUP (RUE JULES),48.75044,1.35313,Crépuscule ou aube,En agglomération,Intersection en X,Neige / grêle,Deux véhicules - côté,4,-1,2,0,1,1,2,0,8,50,2,5,1,0,0,4,29.0,53.0,utilitaire_camion,utilitaire_camion,2,2,2,4,3
202400011861,2024-09-12 12:40:00,2024,9,12,12,40,93,93001,JEAN JAURES (AVE)  => 53,48.90345402,2.39169142,Plein jour,En agglomération,Hors intersection,Normale,Deux véhicules - frontale,3,-1,4,1,1,1,1,0,5,50,2,2,1,0,0,1,42.0,42.0,autre,utilitaire_camion,1,2,1,1,1
202400011862,2024-04-22 07:05:00,2024,4,22,7,5,93,93027,A86,48.92786049,2.40957519,Plein jour,Hors agglomération,Hors intersection,Normale,Trois véhicules et plus - collisions multiples,1,3,3,0,1,1,1,1,1,90,3,3,2,0,0,1,31.0,35.0,utilitaire_camion,deux_roues,1,1,1,1,5
202400011863,2024-11-23 01:00:00,2024,11,23,1,0,27,27234,Chemin du Coudray,49.02299,1.19333,Nuit sans éclairage public,Hors agglomération,Hors intersection,Normale,Autre collision,4,2,2,0,1,1,5,0,3,80,1,1,0,0,0,1,30.0,,utilitaire_camion,,3,1,1,1,6
202400011864,2024-09-12 19:45:00,2024,9,12,19,45,92,92064,REPUBLIQUE,48.84939747,2.21377149,Plein jour,En agglomération,Intersection en T,Pluie légère,Sans collision,3,1,1,0,1,1,2,5,5,50,1,1,0,0,0,1,59.0,,deux_roues,,1,2,3,2,7
202400011864,2024-09-12 19:45:00,2024,9,12,19,45,92,92064,REPUBLIQUE,48.84939747,2.21377149,Plein jour,En agglomération,Intersection en T,Pluie légère,Sans collision,3,1,3,1,1,1,2,5,5,50,1,1,0,0,0,1,59.0,,deux_roues,,1,2,3,2,7
202400011865,2024-04-23 16:50:00,2024,4,23,16,50,94,94028,A86,48.79510362,2.44232708,Plein jour,Hors agglomération,Hors intersection,Normale,Deux véhicules - côté,1,3,3,0,1,1,1,0,1,90,2,2,1,0,0,1,26.0,61.0,voiture,utilitaire_camion,1,1,1,1,3
202400011866,2024-11-22 16:45:00,2024,11,22,16,45,15,15014,Rue Henri Delmont,44.93378,2.44861,Plein jour,En agglomération,Hors intersection,Normale,Sans collision,4,-1,2,0,1,1,1,0,1,50,1,1,0,0,0,1,17.0,,deux_roues,,1,2,1,1,7
202400011867,2024-09-12 13:50:00,2024,9,12,13,50,92,92048,JEANNE BRACONNIER (RUE),48.78905883,2.21175201,Plein jour,En agglomération,Hors intersection,Pluie légère,Deux véhicules - frontale,4,1,1,0,1,2,2,0,1,50,2,2,1,0,0,1,30.0,23.0,deux_roues,voiture,1,2,1,2,1
202400011868,2024-04-23 15:02:00,2024,4,23,15,2,94,94017,A86,48.83052214,2.48890382,Plein jour,Hors agglomération,Hors intersection,Normale,Autre collision,1,1,2,0,1,3,1,1,1,90,1,2,1,1,0,0,64.0,,voiture,,1,1,1,1,6
202400011869,2024-11-23 13:50:00,2024,11,23,13,50,13,13209,COL DE LA GINESTE D559,43.23878,5.47969,Plein jour,Hors agglomération,Hors intersection,Temps couvert,Sans collision,3,2,2,0,2,1,1,0,1,70,1,1,0,1,0,0,27.0,,deux_roues,,1,1,1,8,7
202400011870,2024-09-12 08:30:00,2024,9,12,8,30,92,92023,GENERAL DE GAULLE (AV DU) N°130 A 340 ET,48.78423949,2.24872202,Plein jour,En agglomération,Hors intersection,Normale,Deux véhicules - côté,3,2,2,0,1,1,1,0,1,50,2,2,1,0,0,1,33.0,46.0,deux_roues,voiture,1,2,1,1,3
202400011871,2024-11-23 01:50:00,2024,11,23,1,50,13,13207,Corniche John Fitzgérald Kennedy,43.27673359,5.3577185,Nuit avec éclairage allumé,En agglomération,Hors intersection,Normale,Trois véhicules et plus - collisions multiples,4,2,3,1,2,2,1,0,1,50,1,1,0,0,0,1,43.0,,deux_roues,,5,2,1,1,5
202400011872,2024-02-18 14:00:00,2024,2,18,14,0,95,95277,D170,48.97859212,2.45406032,Plein jour,En agglomération,Hors intersection,Pluie forte,Autre collision,3,1,1,0,2,3,2,0,1,50,1,1,0,0,0,1,26.0,,voiture,,1,2,1,3,6
202400011873,2024-09-12 18:15:00,2024,9,12,18,15,92,92019,QUATRE CHEMINS (AVENUE DES),48.77858,2.2797,Plein jour,En agglomération,Hors intersection,Normale,Deux véhicules - arrière,3,3,1,2,1,1,1,0,1,50,2,2,1,0,0,1,26.0,23.0,voiture,deux_roues,1,2,1,1,2
202400011874,2024-02-18 11:15:00,2024,2,18,11,15,91,91326,CHATILLON (RUE DE),48.68433,2.38178,Plein jour,En agglomération,Hors intersection,Pluie légère,Autre collision,3,2,2,0,2,1,2,0,1,50,1,4,3,0,0,1,50.0,,voiture,,1,2,1,2,6
202400011875,2024-11-22 17:30:00,2024,11,22,17,30,13,13047,RN 1569 LA TRANSHUMANCE,43.57478982,4.98397376,Nuit sans éclairage public,Hors agglomération,Hors intersection,Normale,Trois véhicules et plus - collisions multiples,2,2,2,0,1,1,1,0,1,80,3,4,2,0,1,1,49.0,37.0,voiture,utilitaire_camion,3,1,1,1,5
202400011876,2024-09-12 09:20:00,2024,9,12,9,20,92,92012,ALPHONSE LE GALLO (QUAI) 1/34,48.835087,2.22570844,Plein jour,En agglomération,Hors intersection,Normale,Deux véhicules - côté,3,2,4,0,1,1,1,0,1,50,2,2,1,0,0,1,42.0,59.0,voiture,deux_roues,1,2,1,1,3
202400011877,2024-11-22 09:00:00,2024,11,22,9,0,12,12013,MOULIN JEAN,44.52684,2.24758,Crépuscule ou aube,En agglomération,Hors intersection,Normale,Autre collision,3,2,2,0,2,1,1,0,1,50,1,2,1,0,1,0,73.0,,voiture,,2,2,1,1,6
202400011878,2024-02-19 08:30:00,2024,2,19,8,30,59,59508,Rue des Champs,50.74355,3.14049,Plein jour,Hors agglomération,Intersection en T,Normale,Deux véhicules - côté,1,2,4,0,1,3,1,3,1,50,2,2,1,0,0,1,55.0,38.0,voiture,voiture,1,1,3,1,3
202400011878,2024-02-19 08:30:00,2024,2,19,8,30,59,59508,Rue des Champs,50.74355,3.14049,Plein jour,Hors agglomération,Intersection en T,Normale,Deux véhicules - côté,1,3,4,0,1,1,1,0,1,50,2,2,1,0,0,1,55.0,38.0,voiture,voiture,1,1,3,1,3
202400011879,2024-11-22 17:22:00,2024,11,22,17,22,11,11262,Avenue Pierre Semard,43.18948,3.00744,Crépuscule ou aube,En agglomération,Hors intersection,Temps couvert,Autre collision,4,1,2,0,1,1,1,0,1,50,1,2,1,0,1,0,72.0,,deux_roues,,2,2,1,8,6