accident_id,datetime,annee,mois,jour,heure,minute,departement,commune_insee,adresse,latitude,longitude,luminosite,agglomeration,intersection,meteo,collision,catr,circ,nbv,vosp,prof,plan,surf,infra,situ,vma,nb_vehicules,nb_usagers,nb_indemnes,nb_tues,nb_blesses_hosp,nb_blesses_legers,age_cond_1,age_cond_2,veh_type_cond_1,veh_type_cond_2,lum_code,agg_code,int_code,atm_code,col_code
202400011950,2024-11-23 17:45:00,2024,11,23,17,45,82,82097,Chemin les Mérits,43.9726,0.950425,Crépuscule ou aube,Hors agglomération,Intersection en T,Normale,Deux véhicules - côté,3,2,2,0,1,1,1,0,1,50,2,2,1,0,1,0,65.0,17.0,voiture,deux_roues,2,1,3,1,3
202400011951,2024-04-21 05:10:00,2024,4,21,5,10,67,67482,SAINT NICOLAS (QUAI),48.57858,7.7488,Nuit avec éclairage allumé,En agglomération,Intersection en Y,Pluie légère,Deux véhicules - côté,4,3,2,3,1,1,2,0,8,30,2,4,3,1,0,0,41.0,21.0,transport_commun,deux_roues,5,2,4,2,3
202400011951,2024-04-21 05:10:00,2024,4,21,5,10,67,67482,SAINT NICOLAS (QUAI),48.57858,7.7488,Nuit avec éclairage allumé,En agglomération,Intersection en Y,Pluie légère,Deux véhicules - côté,4,3,2,3,1,3,2,0,1,30,2,4,3,1,0,0,41.0,21.0,transport_commun,deux_roues,5,2,4,2,3
202400011951,2024-04-21 05:10:00,2024,4,21,5,10,67,67482,SAINT NICOLAS (QUAI),48.57858,7.7488,Nuit avec éclairage allumé,En agglomération,Intersection en Y,Pluie légère,Deux véhicules - côté,4,2,2,0,1,1,2,2,1,30,2,4,3,1,0,0,41.0,21.0,transport_commun,deux_roues,5,2,4,2,3
202400011952,2024-09-12 17:20:00,2024,9,12,17,20,29,29135,Rue du Général de Gaulle,47.83479378,-4.18918343,Plein jour,En agglomération,Giratoire,Normale,Deux véhicules - côté,3,2,2,0,2,1,1,0,1,50,2,2,1,0,0,1,63.0,88.0,deux_roues,voiture,1,2,6,1,3
202400011952,2024-09-12 17:20:00,2024,9,12,17,20,29,29135,Rue du Général de Gaulle,47.83479378,-4.18918343,Plein jour,En agglomération,Giratoire,Normale,Deux véhicules - côté,3,2,2,1,2,2,1,9,1,50,2,2,1,0,0,1,63.0,88.0,deux_roues,voiture,1,2,6,1,3
202400011953,2024-11-23 22:22:00,2024,11,23,22,22,65,65258,rue alsace lorraine,43.124374,0.384967,Nuit avec éclairage allumé,En agglomération,Hors intersection,Normale,Deux véhicules - côté,4,2,2,0,1,1,1,0,1,30,2,2,1,0,1,0,18.0,40.0,deux_roues,utilitaire_camion,5,2,1,1,3
202400011954,2024-04-21 06:08:00,2024,4,21,6,8,64,64102,SOULT (AVENUE MARECHAL),43.48488,-1.49552,Nuit avec éclairage allumé,En agglomération,Hors intersection,Normale,Autre collision,3,3,4,0,3,1,1,0,1,50,1,3,0,0,1,2,33.0,,utilitaire_camion,,5,2,1,1,6
202400011955,2024-11-22 17:19:00,2024,11,22,17,19,65,65002,N21,43.14343626,-0.02598798,Crépuscule ou aube,Hors agglomération,Hors intersection,Normale,Trois véhicules et plus - en chaîne,2,2,2,1,1,1,1,0,1,80,3,3,1,0,0,2,38.0,45.0,voiture,voiture,2,1,1,1,4
202400011956,2024-04-20 20:10:00,2024,4,20,20,10,59,59334,RD 643,50.391651,3.046693,Crépuscule ou aube,Hors agglomération,Hors intersection,Pluie légère,Autre collision,3,3,4,0,1,1,2,0,1,90,3,6,4,1,0,1,26.0,24.0,voiture,voiture,2,1,1,2,6
202400011957,2024-11-24 17:00:00,2024,11,24,17,0,89,89315,Préhy,47.759023,3.758585,Nuit sans éclairage public,Hors agglomération,Hors intersection,Normale,Autre collision,4,2,2,0,2,3,1,0,8,90,1,1,0,0,1,0,60.0,,voiture,,3,1,1,1,6
202400011958,2024-09-13 09:20:00,2024,9,13,9,20,70,70236,D434,47.732454,6.101918,Plein jour,Hors agglomération,Hors intersection,Normale,Deux véhicules - côté,3,2,2,0,2,1,1,0,1,90,2,4,3,0,0,1,60.0,66.0,voiture,voiture,1,1,1,1,3
202400011959,2024-11-24 11:30:00,2024,11,24,11,30,61,61145,12 Rue de la Gare,48.590645,-0.655982,Plein jour,En agglomération,Hors intersection,Normale,Sans collision,3,2,2,0,2,2,1,0,1,50,1,1,0,0,1,0,29.0,,deux_roues,,1,2,1,1,7
202400011960,2024-09-12 09:40:00,2024,9,12,9,40,72,72344,Lieu-dit champfleury,47.93903663,0.15681803,Plein jour,Hors agglomération,Giratoire,Normale,Deux véhicules - côté,3,2,2,0,1,3,1,5,1,70,2,2,1,0,0,1,70.0,25.0,deux_roues,voiture,1,1,6,1,3
202400011960,2024-09-12 09:40:00,2024,9,12,9,40,72,72344,Lieu-dit champfleury,47.93903663,0.15681803,Plein jour,Hors agglomération,Giratoire,Normale,Deux véhicules - côté,3,2,2,0,1,3,1,5,1,50,2,2,1,0,0,1,70.0,25.0,deux_roues,voiture,1,1,6,1,3
202400011961,2024-04-22 14:15:00,2024,4,22,14,15,54,54096,Lieu dit Thiery,49.443138,5.869548,Plein jour,Hors agglomération,Hors intersection,Normale,Autre collision,4,2,1,0,1,3,1,0,1,80,1,1,0,0,0,1,27.0,,utilitaire_camion,,1,1,1,1,6
202400011962,2024-11-23 14:50:00,2024,11,23,14,50,61,61123,D916,48.823541,0.020602,Plein jour,Hors agglomération,Intersection en X,Normale,Deux véhicules - côté,3,2,2,0,1,1,1,0,1,80,2,2,0,0,1,1,23.0,82.0,utilitaire_camion,voiture,1,1,2,1,3
202400011962,2024-11-23 14:50:00,2024,11,23,14,50,61,61123,D916,48.823541,0.020602,Plein jour,Hors agglomération,Intersection en X,Normale,Deux véhicules - côté,3,2,2,0,1,1,1,0,1,90,2,2,0,0,1,1,23.0,82.0,utilitaire_camion,voiture,1,1,2,1,3
202400011963,2024-09-13 14:18:00,2024,9,13,14,18,14,14540,152 Route de Lisieux,49.16952,0.242456,Plein jour,En agglomération,Hors intersection,Normale,Sans collision,3,2,2,0,2,1,1,0,1,80,1,1,0,0,0,1,29.0,,deux_roues,,1,2,1,1,7
202400011964,2024-11-24 17:45:00,2024,11,24,17,45,55,55566,,49.02318,5.414414,Nuit sans éclairage public,Hors agglomération,Hors intersection,Normale,Sans collision,3,2,2,0,1,1,1,0,1,90,1,1,0,0,1,0,14.0,,deux_roues,,3,1,1,1,7
202400011965,2024-09-12 16:25:00,2024,9,12,16,25,50,50429,Route départementale 49,49.000915,-1.546776,Plein jour,Hors agglomération,Hors intersection,Normale,Sans collision,3,2,2,0,2,2,1,0,3,80,1,1,0,0,1,0,60.0,,deux_roues,,1,1,1,1,7
202400011966,2024-11-22 22:54:00,2024,11,22,22,54,55,55204,D964,49.039556,5.434542,Nuit sans éclairage public,Hors agglomération,Hors intersection,Normale,Deux véhicules - arrière,3,2,2,0,1,1,2,0,1,90,2,2,1,0,0,1,,18.0,voiture,voiture,3,1,1,1,2
202400011967,2024-09-13 10:45:00,2024,9,13,10,45,60,60670,D120,49.290531,2.529999,Plein jour,Hors agglomération,Hors intersection,Normale,Autre collision,3,2,2,0,1,3,1,0,3,80,1,1,0,0,0,1,33.0,,voiture,,1,1,1,1,6
202400011968,2024-11-24 11:15:00,2024,11,24,11,15,49,49261,Route de Saumur,47.339714,-0.225756,Plein jour,En agglomération,Hors intersection,Normale,Deux véhicules - côté,3,2,2,0,1,1,1,0,1,50,2,2,1,0,0,1,55.0,31.0,utilitaire_camion,deux_roues,1,2,1,1,3
202400011969,2024-09-13 11:40:00,2024,9,13,11,40,16,16421,,45.66434756,0.45439571,Plein jour,En agglomération,Hors intersection,Normale,Sans collision,3,2,2,0,1,1,1,0,1,50,1,1,0,0,1,0,48.0,,deux_roues,,1,2,1,1,7
202400011970,2024-04-22 18:25:00,2024,4,22,18,25,51,51108,GROUPE LIBERATION NORD (RUE),48.93872,4.38272,Plein jour,En agglomération,Intersection en X,Pluie légère,Deux véhicules - côté,4,2,2,0,1,1,2,0,1,50,2,6,3,0,0,3,41.0,36.0,utilitaire_camion,voiture,1,2,2,2,3
202400011970,2024-04-22 18:25:00,2024,4,22,18,25,51,51108,GROUPE LIBERATION NORD (RUE),48.93872,4.38272,Plein jour,En agglomération,Intersection en X,Pluie légère,Deux véhicules - côté,4,2,2,0,1,1,2,0,1,50,2,6,3,0,0,3,41.0,36.0,utilitaire_camion,voiture,1,2,2,2,3
202400011971,2024-11-23 17:55:00,2024,11,23,17,55,47,47004,RD642,44.295849,0.331221,Crépuscule ou aube,Hors agglomération,Hors intersection,Normale,Autre collision,3,2,2,0,1,1,1,0,3,80,1,1,0,1,0,0,27.0,,voiture,,2,1,1,1,6
202400011972,2024-09-12 18:00:00,2024,9,12,18,0,53,53180,chemin de la touche éperon,47.818383,-0.939529,Plein jour,Hors agglomération,Hors intersection,Normale,Sans collision,4,2,2,0,1,1,1,0,3,50,1,1,0,1,0,0,29.0,,utilitaire_camion,,1,1,1,1,7
202400011973,2024-11-21 08:10:00,2024,11,21,8,10,22,22079,D28,48.400955,-2.722775,Plein jour,Hors agglomération,Hors intersection,Neige / grêle,Deux véhicules - frontale,3,2,2,0,2,3,5,0,1,80,2,2,1,0,0,1,38.0,27.0,voiture,voiture,1,1,1,4,1
202400011974,2024-04-22 09:45:00,2024,4,22,9,45,49,49353,BAHONNEAU BOULEVARD,47.44953,-0.48591,Plein jour,En agglomération,Giratoire,Normale,Deux véhicules - côté,3,2,2,0,1,1,1,0,1,50,2,2,1,0,0,1,44.0,23.0,deux_roues,voiture,1,2,6,1,3
202400011974,2024-04-22 09:45:00,2024,4,22,9,45,49,49353,BAHONNEAU BOULEVARD,47.44953,-0.48591,Plein jour,En agglomération,Giratoire,Normale,Deux véhicules - côté,3,1,2,0,1,3,1,0,1,50,2,2,1,0,0,1,44.0,23.0,deux_roues,voiture,1,2,6,1,3
202400011975,2024-09-13 09:15:00,2024,9,13,9,15,40,40185,Route de Sensacq,43.597295,-0.348164,Plein jour,Hors agglomération,Hors intersection,Normale,Autre collision,3,2,2,0,1,1,1,2,8,80,1,1,0,1,0,0,23.0,,voiture,,1,1,1,1,6
202400011976,2024-11-23 06:30:00,2024,11,23,6,30,29,29076,D67,48.43643309,-4.57760786,Nuit sans éclairage public,Hors agglomération,Intersection en T,Pluie légère,Autre collision,3,2,2,0,1,1,2,5,3,70,1,1,0,0,1,0,25.0,,voiture,,3,1,3,2,6
202400011976,2024-11-23 06:30:00,2024,11,23,6,30,29,29076,D67,48.43643309,-4.57760786,Nuit sans éclairage public,Hors agglomération,Intersection en T,Pluie légère,Autre collision,3,2,2,0,1,3,2,0,8,70,1,1,0,0,1,0,25.0,,voiture,,3,1,3,2,6
202400011977,2024-04-22 10:20:00,2024,4,22,10,20,45,45234,D2020 PR 36 + 6934,47.88515,1.8973,Plein jour,En agglomération,Hors intersection,Normale,Deux véhicules - arrière,7,3,4,0,1,1,1,0,1,50,2,2,1,0,0,1,70.0,72.0,voiture,voiture,1,2,1,1,2
202400011978,2024-11-23 19:05:00,2024,11,23,19,5,31,31145,Lieu Dit Barrau,43.330536,1.52895,Nuit sans éclairage public,Hors agglomération,Hors intersection,Autre,Autre collision,3,2,2,0,3,2,1,0,3,80,1,1,0,0,1,0,34.0,,voiture,,3,1,1,9,6
202400011979,2024-09-12 16:20:00,2024,9,12,16,20,04,04024,D900,44.197682,6.370461,Plein jour,Hors agglomération,Hors intersection,Normale,Sans collision,3,2,2,0,1,2,1,0,1,80,1,2,1,0,1,0,79.0,,deux_roues,,1,1,1,1,7
202400011980,2024-04-22 15:35:00,2024,4,22,15,35,44,44184,22 Boulevard Albert 1er,47.26708,-2.22148,Plein jour,En agglomération,Giratoire,Normale,Deux véhicules - côté,4,2,2,0,1,3,1,5,1,30,2,2,1,0,0,1,87.0,36.0,voiture,deux_roues,1,2,6,1,3
202400011981,2024-11-23 12:27:00,2024,11,23,12,27,50,50487,16 Rue de Rennes,48.49593,-1.420686,Plein jour,En agglomération,Intersection en T,Vent fort / tempête,Autre collision,3,2,2,0,1,1,1,0,8,50,1,2,0,0,2,0,46.0,,voiture,,1,2,3,6,6
202400011981,2024-11-23 12:27:00,2024,11,23,12,27,50,50487,16 Rue de Rennes,48.49593,-1.420686,Plein jour,En agglomération,Intersection en T,Vent fort / tempête,Autre collision,3,2,2,0,1,1,1,0,4,50,1,2,0,0,2,0,46.0,,voiture,,1,2,3,6,6
202400011982,2024-09-12 12:15:00,2024,9,12,12,15,17,17353,Rue du Bois Mache,45.988762,-1.029829,Plein jour,En agglomération,Hors intersection,Normale,Deux véhicules - côté,3,2,2,0,1,1,1,0,1,30,2,2,1,0,1,0,66.0,91.0,voiture,deux_roues,1,2,1,1,3
202400011983,2024-11-24 04:50:00,2024,11,24,4,50,60,60021,D130,49.574775,3.115826,Nuit sans éclairage public,Hors agglomération,Hors intersection,Normale,Sans collision,3,1,2,0,1,1,1,0,3,80,1,1,0,0,0,1,20.0,,voiture,,3,1,1,1,7
202400011984,2024-04-22 08:00:00,2024,4,22,8,0,34,34108,BALARUC (ROUTE DE),43.436641,3.700805,Plein jour,En agglomération,Hors intersection,Normale,Deux véhicules - frontale,4,2, -1,1,2,1,1,0,1,50,2,2,0,0,0,2,23.0,45.0,deux_roues,deux_roues,1,2,1,1,1
202400011985,2024-09-12 18:35:00,2024,9,12,18,35,30,30348,,44.050148,4.135207,Plein jour,En agglomération,Autre intersection,Normale,Deux véhicules - côté,3,2,2,0,1,1,1,0,8,50,2,2,1,0,0,1,41.0,9.0,voiture,deux_roues,1,2,9,1,3
202400011986,2024-11-23 16:13:00,2024,11,23,16,13,18,18281,61 Rue de la République,47.197207,2.175293,Plein jour,En agglomération,Hors intersection,Normale,Deux véhicules - frontale,3,2,2,0,1,1,1,0,1,50,2,2,0,0,1,1,86.0,54.0,voiture,voiture,1,2,1,1,1
202400011987,2024-11-24 05:38:00,2024,11,24,5,38,10,10031,D40,48.545934,3.553786,Nuit sans éclairage public,Hors agglomération,Hors intersection,Temps couvert,Autre collision,3,2,2,0,2,1,2,0,3,80,1,1,0,1,0,0,33.0,,voiture,,3,1,1,8,6
202400011988,2024-09-13 05:30:00,2024,9,13,5,30,13,13118,Carrefour RD10 / entrée A8,43.55036,5.236479,Nuit sans éclairage public,Hors agglomération,Intersection en X,Normale,Deux véhicules - frontale,3,2,0,0,1,1,1,5,1,80,2,2,1,1,0,0,46.0,33.0,deux_roues,utilitaire_camion,3,1,2,1,1
202400011988,2024-09-13 05:30:00,2024,9,13,5,30,13,13118,Carrefour RD10 / entrée A8,43.55036,5.236479,Nuit sans éclairage public,Hors agglomération,Intersection en X,Normale,Deux véhicules - frontale,3,2, -1,-1,1,1,1,5,1,-1,2,2,1,1,0,0,46.0,33.0,deux_roues,utilitaire_camion,3,1,2,1,1
202400011989,2024-04-21 03:00:00,2024,4,21,3,0,34,34129,PALAVAS D986 (ROUTE DE),43.55177,3.89346,Nuit sans éclairage public,Hors agglomération,Hors intersection,Normale,Deux véhicules - arrière,7,1,0,0,1,1,1,0,1,90,2,7,0,0,0,7,35.0,19.0,voiture,voiture,3,1,1,1,2
202400011990,2024-11-24 11:45:00,2024,11,24,11,45,24,24547,Route du Château,45.11816,1.317812,Plein jour,Hors agglomération,Hors intersection,Normale,Sans collision,4,2,2,0,2,2,2,0,3,80,1,1,0,0,1,0,54.0,,voiture,,1,1,1,1,7
202400011991,2024-09-10 16:40:00,2024,9,10,16,40,68,68267,autoroute A36 point kilométrique 004+620,47.741113,7.235119,Plein jour,Hors agglomération,Hors intersection,Normale,Deux véhicules - arrière,1,3,2,0,1,1,1,0,1,130,2,3,1,0,1,1,38.0,60.0,voiture,utilitaire_camion,1,1,1,1,2
202400011992,2024-04-22 08:15:00,2024,4,22,8,15,33,33075,,44.879648,-0.6268,Plein jour,En agglomération,Intersection en X,Normale,Deux véhicules - côté,4,3,4,0,1,1,1,2,1,50,2,2,1,0,0,1,20.0,45.0,deux_roues,voiture,1,2,2,1,3
202400011992,2024-04-22 08:15:00,2024,4,22,8,15,33,33075,,44.879648,-0.6268,Plein jour,En agglomération,Intersection en X,Normale,Deux véhicules - côté,4,3,4,0,1,1,1,9,1,50,2,2,1,0,0,1,20.0,45.0,deux_roues,voiture,1,2,2,1,3
202400011993,2024-11-23 19:50:00,2024,11,23,19,50,85,85084,avenue de la promenade,46.775057,-1.232046,Nuit avec éclairage allumé,En agglomération,Giratoire,Normale,Deux véhicules - côté,4,-1,2,0,1,1,1,5,1,50,2,3,2,0,1,0,47.0,14.0,voiture,deux_roues,5,2,6,1,3
202400011994,2024-11-15 01:10:00,2024,11,15,1,10,08,08255,,49.616786,5.227164,Nuit sans éclairage public,En agglomération,Hors intersection,Normale,Autre collision,3,2,2,0,1,3,1,0,3,50,1,2,1,0,1,0,19.0,,voiture,,3,2,1,1,6
202400011995,2024-09-12 18:00:00,2024,9,12,18,0,30,30169,A9 PK 58+400 sens 2,43.796879,4.307247,Plein jour,Hors agglomération,Autre intersection,Normale,Autre collision,1,3,3,3,1,1,1,0,1,130,2,4,2,0,1,1,23.0,,voiture,autre,1,1,9,1,6
202400011996,2024-09-13 08:20:00,2024,9,13,8,20,77,77474,N3,48.957228,2.794368,Plein jour,Hors agglomération,Hors intersection,Normale,Deux véhicules - arrière,2,3,0,0,1,1,1,0,1,90,2,2,1,0,0,1,20.0,54.0,voiture,voiture,1,1,1,1,2
202400011997,2024-11-22 12:03:00,2024,11,22,12,3,38,38229,25 Avenue des 7 Laux,45.217751,5.785747,Plein jour,En agglomération,Hors intersection,Normale,Deux véhicules - frontale,7,2,2,0,1,1,1,0,1,50,2,2,1,0,0,1,61.0,25.0,voiture,deux_roues,1,2,1,1,1
202400011998,2024-04-22 06:45:00,2024,4,22,6,45,13,13047,RASSUEN ROUTE DE,43.49572,4.97388,Plein jour,En agglomération,Intersection en Y,Vent fort / tempête,Deux véhicules - arrière,4,2,2,0,1,2,1,0,1,50,2,2,1,0,0,1,57.0,44.0,deux_roues,voiture,1,2,4,6,2
202400011998,2024-04-22 06:45:00,2024,4,22,6,45,13,13047,RASSUEN ROUTE DE,43.49572,4.97388,Plein jour,En agglomération,Intersection en Y,Vent fort / tempête,Deux véhicules - arrière,4,2,2,0,1,1,1,0,1,50,2,2,1,0,0,1,57.0,44.0,deux_roues,voiture,1,2,4,6,2
202400011999,2024-11-23 07:00:00,2024,11,23,7,0,987,98729,Maharepa,-17.485049,-149.816705,Plein jour,En agglomération,Hors intersection,Normale,Sans collision,2,2,2,0,1,1,1,0,3,60,1,2,0,1,1,0,54.0,,deux_roues,,1,2,1,1,7
202400012000,2024-09-13 00:40:00,2024,9,13,0,40,66,66065,D914,42.59519651,2.98107147,Nuit sans éclairage public,Hors agglomération,Hors intersection,Normale,Trois véhicules et plus - collisions multiples,3,3,4,0,1,1,1,0,1,110,4,4,3,1,0,0,25.0,52.0,voiture,deux_roues,3,1,1,1,5
202400012001,2024-11-24 15:00:00,2024,11,24,15,0,988,98814,Tribu de Hmelek,-21.038194,167.272579,Plein jour,Hors agglomération,Intersection en T,Pluie légère,Autre collision,4,2,2,-1,-1,1,2,-1,1,-1,1,1,0,0,0,1,22.0,,voiture,,1,1,3,2,6
202400012001,2024-11-24 15:00:00,2024,11,24,15,0,988,98814,Tribu de Hmelek,-21.038194,167.272579,Plein jour,Hors agglomération,Intersection en T,Pluie légère,Autre collision,4,2,2,0,1,3,2,0,3,90,1,1,0,0,0,1,22.0,,voiture,,1,1,3,2,6
202400012002,2024-09-13 07:45:00,2024,9,13,7,45,83,83047,750 Chemin de Terrimas,43.122146,6.063541,Plein jour,En agglomération,Intersection en T,Temps éblouissant,Deux véhicules - côté,4,2,2,0,1,1,1,0,1,50,2,2,1,0,0,1,15.0,26.0,deux_roues,voiture,1,2,3,7,3
202400012002,2024-09-13 07:45:00,2024,9,13,7,45,83,83047,750 Chemin de Terrimas,43.122146,6.063541,Plein jour,En agglomération,Intersection en T,Temps éblouissant,Deux véhicules - côté,4,2, -1,-1,1,1,1,0,1,-1,2,2,1,0,0,1,15.0,26.0,deux_roues,voiture,1,2,3,7,3
202400012003,2024-04-21 04:20:00,2024,4,21,4,20,75,75116,BD PERIPHERIQUE EXTERIEUR,48.844085,2.254681,Nuit avec éclairage allumé,En agglomération,Hors intersection,Normale,Trois véhicules et plus - collisions multiples,4,1,4,0,1,2,1,1,1,70,3,9,5,0,2,2,25.0,43.0,voiture,voiture,5,2,1,1,5
202400012004,2024-11-23 15:40:00,2024,11,23,15,40,971,97117,Boulevard Rougé,16.33023,-61.344711,Plein jour,En agglomération,Intersection en T,Normale,Deux véhicules - côté,2,1,1,0,1,1,1,0,1,50,2,2,1,0,1,0,33.0,47.0,deux_roues,voiture,1,2,3,1,3
202400012004,2024-11-23 15:40:00,2024,11,23,15,40,971,97117,Boulevard Rougé,16.33023,-61.344711,Plein jour,En agglomération,Intersection en T,Normale,Deux véhicules - côté,2,2,2,0,1,1,1,0,8,50,2,2,1,0,1,0,33.0,47.0,deux_roues,voiture,1,2,3,1,3
202400012005,2024-11-24 10:22:00,2024,11,24,10,22,21,21540,M700,47.328207,5.104308,Plein jour,Hors agglomération,Hors intersection,Vent fort / tempête,Autre collision,7,3,2,0,1,1,2,0,3,110,1,1,0,0,0,1,48.0,,deux_roues,,1,1,1,6,6
202400012006,2024-09-12 09:10:00,2024,9,12,9,10,13,13105,D7n,43.740747,5.103214,Plein jour,Hors agglomération,Hors intersection,Normale,Deux véhicules - côté,3,2,2,0,1,1,1,0,1,80,2,3,1,0,2,0,77.0,37.0,voiture,utilitaire_camion,1,1,1,1,3
202400012007,2024-04-22 11:05:00,2024,4,22,11,5,75,75106,BOULEVARD SAINT MICHEL,48.848303,2.341566,Plein jour,En agglomération,Intersection en T,Normale,Deux véhicules - côté,4,2,3,2,2,1,1,0,1,30,2,2,1,0,0,1,19.0,48.0,deux_roues,transport_commun,1,2,3,1,3
202400012007,2024-04-22 11:05:00,2024,4,22,11,5,75,75106,BOULEVARD SAINT MICHEL,48.848303,2.341566,Plein jour,En agglomération,Intersection en T,Normale,Deux véhicules - côté,4,1, -1,-1,1,1,1,0,1,30,2,2,1,0,0,1,19.0,48.0,deux_roues,transport_commun,1,2,3,1,3
202400012008,2024-09-12 11:10:00,2024,9,12,11,10,21,21183,D116,47.240871,5.286076,Plein jour,Hors agglomération,Hors intersection,Normale,Autre collision,3,3,2,0,1,2,1,0,3,80,1,1,0,0,1,0,46.0,,voiture,,1,1,1,1,6
202400012009,2024-11-22 15:45:00,2024,11,22,15,45,18,18207,Avenue Gabriel Dordain,46.9938,2.248265,Plein jour,En agglomération,Intersection en X,Normale,Deux véhicules - côté,2,2,2,0,2,1,1,0,1,50,2,2,1,0,0,1,26.0,41.0,voiture,voiture,1,2,2,1,3
202400012009,2024-11-22 15:45:00,2024,11,22,15,45,18,18207,Avenue Gabriel Dordain,46.9938,2.248265,Plein jour,En agglomération,Intersection en X,Normale,Deux véhicules - côté,2,2, -1,-1,1,1,1,0,1,-1,2,2,1,0,0,1,26.0,41.0,voiture,voiture,1,2,2,1,3
202400012010,2024-04-06 18:20:00,2024,4,6,18,20,75,75106,RUE DE CONDE,48.85153,2.338265,Plein jour,En agglomération,Intersection en T,Normale,Deux véhicules - côté,4,1, -1,0,1,1,1,0,1,30,2,2,1,0,0,1,33.0,45.0,voiture,deux_roues,1,2,3,1,3
202400012010,2024-04-06 18:20:00,2024,4,6,18,20,75,75106,RUE DE CONDE,48.85153,2.338265,Plein jour,En agglomération,Intersection en T,Normale,Deux véhicules - côté,4,1,1,0,2,1,1,0,1,30,2,2,1,0,0,1,33.0,45.0,voiture,deux_roues,1,2,3,1,3
202400012011,2024-09-13 15:20:00,2024,9,13,15,20,55,55122,21 Place Charles de Gaulle,48.761879,5.592953,Plein jour,En agglomération,Intersection en T,Normale,Autre collision,3,2,2,0,2,1,1,0,1,50,1,2,1,0,0,1,17.0,,voiture,,1,2,3,1,6
202400012011,2024-09-13 15:20:00,2024,9,13,15,20,55,55122,21 Place Charles de Gaulle,48.761879,5.592953,Plein jour,En agglomération,Intersection en T,Normale,Autre collision,3,2, -1,-1,1,1,1,0,1,-1,1,2,1,0,0,1,17.0,,voiture,,1,2,3,1,6
202400012012,2024-11-23 17:15:00,2024,11,23,17,15,34,34327,M65,43.658989,3.980924,Crépuscule ou aube,Hors agglomération,Intersection en X,Pluie légère,Deux véhicules - côté,7,2,1,0,1,1,2,5,1,70,2,2,1,0,1,0,36.0,44.0,voiture,deux_roues,2,1,2,2,3
202400012012,2024-11-23 17:15:00,2024,11,23,17,15,34,34327,M65,43.658989,3.980924,Crépuscule ou aube,Hors agglomération,Intersection en X,Pluie légère,Deux véhicules - côté,7,2, -1,-1,1,1,2,0,8,-1,2,2,1,0,1,0,36.0,44.0,voiture,deux_roues,2,1,2,2,3
202400012013,2024-04-22 18:30:00,2024,4,22,18,30,75,75111,RUE DU FAUBOURG SAINT ANTOINE,48.849318,2.390099,Plein jour,En agglomération,Intersection en T,Normale,Deux véhicules - côté,4,2, -1,-1,1,1,1,0,1,30,2,2,1,0,0,1,27.0,25.0,deux_roues,transport_commun,1,2,3,1,3
202400012013,2024-04-22 18:30:00,2024,4,22,18,30,75,75111,RUE DU FAUBOURG SAINT ANTOINE,48.849318,2.390099,Plein jour,En agglomération,Intersection en T,Normale,Deux véhicules - côté,4,2, -1,1,1,1,1,0,1,30,2,2,1,0,0,1,27.0,25.0,deux_roues,transport_commun,1,2,3,1,3
202400012014,2024-09-12 15:10:00,2024,9,12,15,10,42,42046,Chemin de la Ville,45.641929,4.046128,Plein jour,En agglomération,Intersection en Y,Normale,Deux véhicules - côté,4,1,1,-1,2,2,1,0,1,-1,2,2,1,0,0,1,71.0,12.0,voiture,deux_roues,1,2,4,1,3
202400012014,2024-09-12 15:10:00,2024,9,12,15,10,42,42046,Chemin de la Ville,45.641929,4.046128,Plein jour,En agglomération,Intersection en Y,Normale,Deux véhicules - côté,4,2,2,0,1,1,1,0,1,50,2,2,1,0,0,1,71.0,12.0,voiture,deux_roues,1,2,4,1,3
202400012015,2024-11-23 21:25:00,2024,11,23,21,25,84,84067,Route de Carpentras,44.068605,5.021146,Nuit sans éclairage public,Hors agglomération,Hors intersection,Normale,Deux véhicules - côté,3,2,2,0,1,1,1,0,1,80,2,5,0,0,2,3,29.0,21.0,voiture,voiture,3,1,1,1,3
202400012016,2024-09-12 19:30:00,2024,9,12,19,30,40,40114,2475 Route de Herm,43.81242,-1.073045,Crépuscule ou aube,Hors agglomération,Hors intersection,Normale,Sans collision,3,2,2,0,1,2,1,0,3,80,1,1,0,0,0,1,35.0,,voiture,,2,1,1,1,7
202400012017,2024-11-23 23:58:00,2024,11,23,23,58,69,69001,Route Départementale 38,45.84744276,4.39913853,Nuit sans éclairage public,Hors agglomération,Hors intersection,Vent fort / tempête,Autre collision,3,2,2,0,4,2,1,0,3,80,1,1,0,0,1,0,30.0,,voiture,,3,1,1,6,6
202400012018,2024-04-22 18:15:00,2024,4,22,18,15,75,75103,RUE REAUMUR,48.865319,2.356589,Plein jour,En agglomération,Intersection en T,Normale,Deux véhicules - arrière,4,1, -1,-1,1,1,1,0,1,30,2,2,1,0,0,1,24.0,21.0,transport_commun,deux_roues,1,2,3,1,2
202400012018,2024-04-22 18:15:00,2024,4,22,18,15,75,75103,RUE REAUMUR,48.865319,2.356589,Plein jour,En agglomération,Intersection en T,Normale,Deux véhicules - arrière,4,1,3,0,1,1,1,0,1,30,2,2,1,0,0,1,24.0,21.0,transport_commun,deux_roues,1,2,3,1,2