accident_id,datetime,annee,mois,jour,heure,minute,departement,commune_insee,adresse,latitude,longitude,luminosite,agglomeration,intersection,meteo,collision,catr,circ,nbv,vosp,prof,plan,surf,infra,situ,vma,nb_vehicules,nb_usagers,nb_indemnes,nb_tues,nb_blesses_hosp,nb_blesses_legers,age_cond_1,age_cond_2,veh_type_cond_1,veh_type_cond_2,lum_code,agg_code,int_code,atm_code,col_code
202400012019,2024-09-12 13:20:00,2024,9,12,13,20,85,85226,RD2038,46.733897,-1.950465,Plein jour,Hors agglomération,Intersection en T,Normale,Deux véhicules - côté,3,2, -1,-1,1,1,1,0,1,-1,2,2,1,0,0,1,59.0,48.0,deux_roues,utilitaire_camion,1,1,3,1,3
202400012019,2024-09-12 13:20:00,2024,9,12,13,20,85,85226,RD2038,46.733897,-1.950465,Plein jour,Hors agglomération,Intersection en T,Normale,Deux véhicules - côté,3,2,2,1,1,1,1,0,1,70,2,2,1,0,0,1,59.0,48.0,deux_roues,utilitaire_camion,1,1,3,1,3
202400012020,2024-04-20 18:20:00,2024,4,20,18,20,94,94068,Rue Lafayette / Avenue Pierre Semard,48.80668,2.51038,Plein jour,En agglomération,Intersection en T,Normale,Autre collision,4,2,2,0,1,1,1,0,1,-1,1,1,0,0,0,1,80.0,,voiture,,1,2,3,1,6
202400012020,2024-04-20 18:20:00,2024,4,20,18,20,94,94068,Rue Lafayette / Avenue Pierre Semard,48.80668,2.51038,Plein jour,En agglomération,Intersection en T,Normale,Autre collision,4,2,2,0,1,1,1,0,1,30,1,1,0,0,0,1,80.0,,voiture,,1,2,3,1,6
202400012021,2024-09-13 09:35:00,2024,9,13,9,35,50,50025,Avenue du Rocher,48.678625,-1.341432,Plein jour,En agglomération,Intersection en X,Normale,Deux véhicules - côté,3,2,1,1,1,3,1,0,5,50,2,2,1,0,0,1,26.0,75.0,utilitaire_camion,deux_roues,1,2,2,1,3
202400012021,2024-09-13 09:35:00,2024,9,13,9,35,50,50025,Avenue du Rocher,48.678625,-1.341432,Plein jour,En agglomération,Intersection en X,Normale,Deux véhicules - côté,3,2,1,0,1,1,1,9,8,50,2,2,1,0,0,1,26.0,75.0,utilitaire_camion,deux_roues,1,2,2,1,3
202400012022,2024-11-24 02:50:00,2024,11,24,2,50,35,35019,4bis Rue du Châtelet,48.42576004,-1.5737926,Nuit sans éclairage public,En agglomération,Hors intersection,Vent fort / tempête,Autre collision,3,1,1,0,1,2,2,0,1,30,1,4,2,0,0,2,20.0,,voiture,,3,2,1,6,6
202400012023,2024-04-22 09:30:00,2024,4,22,9,30,94,94043,Rue Gabriel Péri / Rue de la Convention,48.812441,2.353247,Plein jour,En agglomération,Intersection en X,Normale,Autre collision,3,1,1,0,1,1,1,9,1,50,1,2,1,0,0,1,38.0,,voiture,,1,2,2,1,6
202400012023,2024-04-22 09:30:00,2024,4,22,9,30,94,94043,Rue Gabriel Péri / Rue de la Convention,48.812441,2.353247,Plein jour,En agglomération,Intersection en X,Normale,Autre collision,3,2,2,2,1,-1,1,-1,1,-1,1,2,1,0,0,1,38.0,,voiture,,1,2,2,1,6
202400012024,2024-11-15 14:30:00,2024,11,15,14,30,60,60139,Rue François Truffaut,49.157001,2.255185,Plein jour,En agglomération,Giratoire,Normale,Deux véhicules - frontale,4,3,2,0,2,1,1,6,6,50,2,2,1,0,0,1,69.0,58.0,deux_roues,voiture,1,2,6,1,1
202400012025,2024-09-12 08:00:00,2024,9,12,8,0,35,35012,D53 LA GERBAUDIÈRE,47.854674,-1.641351,Crépuscule ou aube,Hors agglomération,Hors intersection,Normale,Deux véhicules - frontale,3,2,2,0,1,1,1,0,1,80,2,4,1,0,1,2,47.0,25.0,utilitaire_camion,voiture,2,1,1,1,1
202400012026,2024-04-21 15:00:00,2024,4,21,15,0,94,94048,N19 / Rue du Vallon,48.72747,2.53925,Plein jour,En agglomération,Intersection en X,Temps couvert,Deux véhicules - arrière,2,3,4,0,1,1,2,5,1,50,2,2,1,0,0,1,35.0,40.0,voiture,voiture,1,2,2,8,2
202400012026,2024-04-21 15:00:00,2024,4,21,15,0,94,94048,N19 / Rue du Vallon,48.72747,2.53925,Plein jour,En agglomération,Intersection en X,Temps couvert,Deux véhicules - arrière,2,2,2,0,1,1,2,5,1,-1,2,2,1,0,0,1,35.0,40.0,voiture,voiture,1,2,2,8,2
202400012027,2024-04-17 17:15:00,2024,4,17,17,15,27,27213,croisement des quatre chemins,49.205044,1.508528,Plein jour,Hors agglomération,Intersection en X,Normale,Deux véhicules - côté,3,2,2,0,1,1,1,0,1,80,2,2,0,0,1,1,60.0,45.0,voiture,utilitaire_camion,1,1,2,1,3
202400012027,2024-04-17 17:15:00,2024,4,17,17,15,27,27213,croisement des quatre chemins,49.205044,1.508528,Plein jour,Hors agglomération,Intersection en X,Normale,Deux véhicules - côté,3,2,2,0,1,1,1,0,1,80,2,2,0,0,1,1,60.0,45.0,voiture,utilitaire_camion,1,1,2,1,3
202400012028,2024-04-22 09:00:00,2024,4,22,9,0,93,93073,Avenue de la Paix / Rue Lenine,48.95118,2.56744,Plein jour,En agglomération,Intersection en T,Normale,Deux véhicules - côté,4,2,2,0,1,1,1,0,1,-1,2,2,1,0,0,1,36.0,32.0,voiture,transport_commun,1,2,3,1,3
202400012028,2024-04-22 09:00:00,2024,4,22,9,0,93,93073,Avenue de la Paix / Rue Lenine,48.95118,2.56744,Plein jour,En agglomération,Intersection en T,Normale,Deux véhicules - côté,4,2,2,1,1,1,1,0,4,50,2,2,1,0,0,1,36.0,32.0,voiture,transport_commun,1,2,3,1,3
202400012029,2024-09-12 18:05:00,2024,9,12,18,5,62,62060,D120,50.23710612,2.11807458,Plein jour,En agglomération,Hors intersection,Normale,Autre collision,3,2,2,0,2,2,1,0,3,50,1,1,0,0,0,1,53.0,,voiture,,1,2,1,1,6
202400012030,2024-04-22 14:25:00,2024,4,22,14,25,93,93071,Boulevard Westinghouse,48.92704,2.51988,Plein jour,En agglomération,Hors intersection,Pluie légère,Deux véhicules - côté,3,3,4,0,1,1,2,0,1,50,2,2,1,0,0,1,43.0,73.0,deux_roues,utilitaire_camion,1,2,1,2,3
202400012031,2024-09-12 08:20:00,2024,9,12,8,20,13,13207,Tunnel Prado Carénage,43.2826,5.3935,Plein jour,Hors agglomération,Hors intersection,Normale,Deux véhicules - arrière,1,1,2,0,1,1,1,1,1,50,2,2,1,0,0,1,30.0,32.0,voiture,utilitaire_camion,1,1,1,1,2
202400012032,2024-04-21 23:20:00,2024,4,21,23,20,93,93064,Rue du Général Leclerc,48.867633,2.493249,Nuit avec éclairage allumé,En agglomération,Hors intersection,Normale,Autre collision,3,1,1,2,1,1,1,0,3,30,1,1,0,0,0,1,55.0,,voiture,,5,2,1,1,6
202400012033,2024-04-21 17:20:00,2024,4,21,17,20,93,93045,Rue de Paris / Rue du Garde-chasse,48.880406,2.418144,Plein jour,En agglomération,Intersection en T,Normale,Deux véhicules - frontale,3,2,2,0,1,1,1,0,1,50,2,2,1,0,0,1,35.0,27.0,deux_roues,transport_commun,1,2,3,1,1
202400012033,2024-04-21 17:20:00,2024,4,21,17,20,93,93045,Rue de Paris / Rue du Garde-chasse,48.880406,2.418144,Plein jour,En agglomération,Intersection en T,Normale,Deux véhicules - frontale,3,2,2,0,2,2,1,0,1,-1,2,2,1,0,0,1,35.0,27.0,deux_roues,transport_commun,1,2,3,1,1
202400012034,2024-09-12 00:42:00,2024,9,12,0,42,13,13056,A55-Sens Marseille vers Martigues,43.39796194,5.07484271,Nuit sans éclairage public,Hors agglomération,Hors intersection,Pluie légère,Deux véhicules - arrière,1,1,3,0,1,1,2,2,1,50,2,3,2,0,0,1,62.0,23.0,voiture,voiture,3,1,1,2,2
202400012035,2024-04-22 18:40:00,2024,4,22,18,40,92,92064,CALVAIRE,48.84750265,2.21855307,Plein jour,En agglomération,Hors intersection,Normale,Autre collision,3,1,1,0,2,1,1,0,1,50,1,1,0,0,0,1,40.0,,deux_roues,,1,2,1,1,6
202400012036,2024-09-07 11:20:00,2024,9,7,11,20,13,13071,A51-Sens Marseille vers Aix en Provence,43.4116,5.36455,Plein jour,Hors agglomération,Hors intersection,Normale,Deux véhicules - arrière,1,3,3,0,2,2,1,0,1,90,2,3,1,0,0,2,52.0,,voiture,voiture,1,1,1,1,2
202400012037,2024-04-22 13:15:00,2024,4,22,13,15,92,92064,REPUBLIQUE,48.84663235,2.21410418,Plein jour,En agglomération,Hors intersection,Normale,Deux véhicules - côté,3,2,2,1,1,1,1,0,5,50,2,3,2,0,0,1,44.0,30.0,transport_commun,deux_roues,1,2,1,1,3
202400012038,2024-04-22 10:22:00,2024,4,22,10,22,92,92063,CORIOLIS (RUE DU MARQUIS DE),48.85777877,2.186405,Plein jour,En agglomération,Hors intersection,Normale,Deux véhicules - côté,4,2,0,0,1,1,1,0,1,30,2,2,1,0,0,1,47.0,21.0,deux_roues,deux_roues,1,2,1,1,3
202400012039,2024-09-08 14:35:00,2024,9,8,14,35,67,67482,M350,48.5987,7.75261,Plein jour,En agglomération,Hors intersection,Normale,Trois véhicules et plus - collisions multiples,7,3,3,0,1,1,1,0,1,50,3,6,2,0,1,3,63.0,34.0,voiture,voiture,1,2,1,1,5
202400012040,2024-04-22 14:07:00,2024,4,22,14,7,92,92049,PERIER RUE N°35 A 88 ET 26B A 90,48.81453435,2.31463715,Plein jour,En agglomération,Hors intersection,Normale,Deux véhicules - côté,4,1,1,0,1,1,1,0,4,50,2,2,1,0,0,1,20.0,56.0,deux_roues,voiture,1,2,1,1,3
202400012041,2024-04-20 19:45:00,2024,4,20,19,45,92,92026,PRESIDENT KRUGER,48.89852455,2.25583005,Plein jour,En agglomération,Autre intersection,Autre,Deux véhicules - côté,4,1,2,0,1,1,1,0,8,50,2,2,1,0,0,1,53.0,38.0,voiture,deux_roues,1,2,9,9,3
202400012042,2024-09-12 17:50:00,2024,9,12,17,50,33,33550,,44.778777,-0.557189,Plein jour,Hors agglomération,Hors intersection,Normale,Trois véhicules et plus - en chaîne,1,3,4,0,1,1,1,0,1,110,3,4,2,0,0,2,24.0,25.0,voiture,voiture,1,1,1,1,4
202400012043,2024-04-16 20:40:00,2024,4,16,20,40,92,92026,GEORGES CLEMENCEAU,48.9029565,2.2714051,Plein jour,En agglomération,Hors intersection,Normale,Deux véhicules - côté,3,-1,1,0,1,1,1,0,1,50,2,2,1,0,0,1,34.0,25.0,deux_roues,voiture,1,2,1,1,3
202400012044,2024-09-12 04:00:00,2024,9,12,4,0,59,59343,AUTOROUTE A22,50.60042,3.11445,Nuit sans éclairage public,Hors agglomération,Hors intersection,Normale,Autre collision,1,3,2,0,1,1,1,3,1,90,1,2,1,0,1,0,19.0,,voiture,,3,1,1,1,6
202400012045,2024-09-12 17:15:00,2024,9,12,17,15,91,91434,AUTOROUTE A6,48.668,2.3556,Plein jour,Hors agglomération,Hors intersection,Pluie légère,Deux véhicules - arrière,1,3,3,0,1,1,2,0,1,110,2,3,2,0,0,1,46.0,67.0,voiture,voiture,1,1,1,2,2
202400012046,2024-04-09 22:45:00,2024,4,9,22,45,92,92024,FOURNIER (RUE),48.90440106,2.29909873,Nuit avec éclairage allumé,En agglomération,Hors intersection,Normale,Deux véhicules - côté,4,3,2,0,1,1,1,0,1,30,2,2,1,0,0,1,62.0,20.0,voiture,deux_roues,5,2,1,1,3
202400012047,2024-09-12 07:14:00,2024,9,12,7,14,94,94038,A6A,48.77730361,2.34638358,Crépuscule ou aube,Hors agglomération,Hors intersection,Normale,Trois véhicules et plus - en chaîne,1,-1,3,0,1,1,1,0,1,90,3,3,2,0,0,1,32.0,56.0,deux_roues,voiture,2,1,1,1,4
202400012048,2024-04-22 17:10:00,2024,4,22,17,10,92,92014,BIEVRE (RUE DE LA),48.78117691,2.31901431,Plein jour,En agglomération,Hors intersection,Normale,Autre collision,3,2,3,1,1,1,1,0,1,30,1,2,1,0,1,0,,,autre,,1,2,1,1,6
202400012049,2024-09-11 21:30:00,2024,9,11,21,30,92,92048,N118,48.79123833,2.22009228,Nuit sans éclairage public,Hors agglomération,Hors intersection,Normale,Deux véhicules - arrière,2,1,4,0,1,1,1,0,1,90,2,2,1,0,0,1,52.0,,voiture,voiture,3,1,1,1,2
202400012050,2024-04-21 11:55:00,2024,4,21,11,55,33,33478,,45.014508,-0.001131,Plein jour,En agglomération,Place,Normale,Autre collision,9,-1, -1,0,1,1,1,9,8,20,1,2,1,0,1,0,40.0,,voiture,,1,2,7,1,6
202400012051,2024-04-23 18:30:00,2024,4,23,18,30,76,76054,D149,49.909547,1.381209,Plein jour,Hors agglomération,Hors intersection,Normale,Autre collision,3,2,2,0,1,1,1,0,1,80,1,1,0,0,0,1,37.0,,deux_roues,,1,1,1,1,6
202400012052,2024-09-11 14:20:00,2024,9,11,14,20,93,93066,AUTOROUTE A86,48.92418411,2.34161019,Plein jour,Hors agglomération,Hors intersection,Normale,Sans collision,1,1,3,0,2,1,1,0,1,50,1,1,0,0,0,1,38.0,,deux_roues,,1,1,1,1,7
202400012053,2024-04-23 17:10:00,2024,4,23,17,10,91,91666,D35,48.667597,2.199336,Plein jour,Hors agglomération,Hors intersection,Normale,Deux véhicules - frontale,3,2,2,0,1,1,1,0,1,70,2,5,0,0,2,3,34.0,33.0,voiture,voiture,1,1,1,1,1
202400012054,2024-09-12 14:30:00,2024,9,12,14,30,77,77517,A104.INT,48.906665,2.639833,Plein jour,Hors agglomération,Hors intersection,Normale,Deux véhicules - arrière,1,-1,2,0,1,1,1,0,1,90,2,2,1,0,1,0,39.0,51.0,voiture,deux_roues,1,1,1,1,2
202400012055,2024-04-23 09:30:00,2024,4,23,9,30,83,83091,Av des Anciens Combattants d?Afn,43.222511,6.14176,Plein jour,En agglomération,Intersection en T,Normale,Deux véhicules - côté,3,2,2,0,1,1,1,9,1,50,2,2,1,0,1,0,80.0,21.0,deux_roues,voiture,1,2,3,1,3
202400012055,2024-04-23 09:30:00,2024,4,23,9,30,83,83091,Av des Anciens Combattants d?Afn,43.222511,6.14176,Plein jour,En agglomération,Intersection en T,Normale,Deux véhicules - côté,3,2,2,0,4,1,1,0,1,50,2,2,1,0,1,0,80.0,21.0,deux_roues,voiture,1,2,3,1,3
202400012056,2024-09-12 11:11:00,2024,9,12,11,11,94,94052,A86,48.83441554,2.49343043,Plein jour,Hors agglomération,Hors intersection,Normale,Deux véhicules - côté,1,1,2,0,1,1,1,1,2,70,2,2,1,1,0,0,45.0,23.0,utilitaire_camion,deux_roues,1,1,1,1,3
202400012057,2024-03-23 18:00:00,2024,3,23,18,0,79,79307,,46.134322,0.122195,Plein jour,En agglomération,Intersection en T,Normale,Trois véhicules et plus - collisions multiples,3,2,2,3,1,1,1,0,1,50,3,4,3,1,0,0,30.0,26.0,deux_roues,utilitaire_camion,1,2,3,1,5
202400012057,2024-03-23 18:00:00,2024,3,23,18,0,79,79307,,46.134322,0.122195,Plein jour,En agglomération,Intersection en T,Normale,Trois véhicules et plus - collisions multiples,3,2,2,-1,1,1,1,0,1,50,3,4,3,1,0,0,30.0,26.0,deux_roues,utilitaire_camion,1,2,3,1,5
202400012058,2024-09-12 09:00:00,2024,9,12,9,0,77,77384,A5B,48.60121398,2.63442069,Plein jour,Hors agglomération,Hors intersection,Normale,Deux véhicules - arrière,1,3,3,0,1,1,1,0,1,130,2,2,1,0,1,0,29.0,47.0,deux_roues,utilitaire_camion,1,1,1,1,2
202400012059,2024-04-22 17:00:00,2024,4,22,17,0,95,95026,GOURDEAUX (RUE DES),49.130745,2.360795,Plein jour,Hors agglomération,Hors intersection,Normale,Autre collision,4,2,2,0,1,1,1,0,1,50,1,1,0,0,1,0,51.0,,voiture,,1,1,1,1,6
202400012060,2024-06-19 18:31:00,2024,6,19,18,31,14,14047,7 Boulevard du 6 Juin,49.27878,-0.71851,Plein jour,En agglomération,Giratoire,Normale,Autre collision,3,2,2,0,1,3,1,0,1,50,1,2,1,0,1,0,60.0,,voiture,,1,2,6,1,6
202400012060,2024-06-19 18:31:00,2024,6,19,18,31,14,14047,7 Boulevard du 6 Juin,49.27878,-0.71851,Plein jour,En agglomération,Giratoire,Normale,Autre collision,3,2,2,0,1,1,1,0,1,50,1,2,1,0,1,0,60.0,,voiture,,1,2,6,1,6
202400012061,2024-04-23 16:50:00,2024,4,23,16,50,65,65258,Rue des Résistants,43.111272,0.385042,Plein jour,En agglomération,Hors intersection,Normale,Deux véhicules - arrière,3,2,2,0,1,1,1,6,1,50,2,3,2,0,0,1,63.0,26.0,voiture,deux_roues,1,2,1,1,2
202400012062,2024-04-23 11:15:00,2024,4,23,11,15,65,65330,D935,43.429564,0.0474,Plein jour,En agglomération,Hors intersection,Normale,Autre collision,3,2,2,0,1,1,1,0,3,50,1,1,0,0,1,0,57.0,,voiture,,1,2,1,1,6
202400012063,2024-09-11 07:00:00,2024,9,11,7,0,44,44109,27 Boulevard Henry Orrion,47.23334,-1.55967,Crépuscule ou aube,En agglomération,Autre intersection,Pluie légère,Autre collision,4,3,2,2,1,1,2,-1,1,30,1,2,1,0,1,0,28.0,,voiture,,2,2,9,2,6
202400012064,2024-04-01 18:08:00,2024,4,1,18,8,71,71479,chemin du brosset,46.834758,4.439099,Plein jour,Hors agglomération,Hors intersection,Pluie légère,Autre collision,9,2,1,0,1,1,6,0,1,50,1,1,0,1,0,0,21.0,,deux_roues,,1,1,1,2,6
202400012065,2024-04-16 19:00:00,2024,4,16,19,0,92,92023,PAIX (AVENUE DE LA),48.81530925,2.27722174,Nuit avec éclairage allumé,En agglomération,Hors intersection,Normale,Deux véhicules - arrière,3,2,3,0,1,1,1,0,1,30,2,2,1,0,1,0,32.0,64.0,deux_roues,voiture,5,2,1,1,2
202400012066,2024-04-22 12:30:00,2024,4,22,12,30,63,63378,Route de Pre Monsieur,45.6679076,3.23892206,Plein jour,En agglomération,Hors intersection,Normale,Sans collision,3,2,2,0,2,1,1,0,1,50,1,1,0,0,1,0,14.0,,deux_roues,,1,2,1,1,7
202400012067,2024-04-23 14:15:00,2024,4,23,14,15,63,63368,Chemin de Larmat,45.68888815,3.29217555,Plein jour,Hors agglomération,Hors intersection,Normale,Autre collision,3,2,2,0,2,1,1,0,1,90,1,1,0,0,1,0,85.0,,voiture,,1,1,1,1,6
202400012068,2024-09-11 11:15:00,2024,9,11,11,15,974,97416,RN3 (ANCIENNE ROUTE),-21.31447,55.44019,Plein jour,Hors agglomération,Hors intersection,Normale,Trois véhicules et plus - en chaîne,4,3,4,0,1,1,1,0,1,110,3,3,2,0,0,1,41.0,30.0,voiture,voiture,1,1,1,1,4
202400012069,2024-04-22 16:55:00,2024,4,22,16,55,47,47280,26 Avenue Georges Robert,44.399705,0.8047,Plein jour,En agglomération,Hors intersection,Normale,Deux véhicules - frontale,4,2,2,0,1,1,1,0,1,50,2,2,1,0,0,1,25.0,25.0,voiture,voiture,1,2,1,1,1
202400012070,2024-04-22 16:00:00,2024,4,22,16,0,31,31579,D45,43.738174,1.496029,Plein jour,Hors agglomération,Hors intersection,Normale,Trois véhicules et plus - en chaîne,3,2,2,0,1,4,1,0,1,80,3,3,0,0,0,3,44.0,52.0,voiture,voiture,1,1,1,1,4
202400012071,2024-09-11 07:50:00,2024,9,11,7,50,974,97416,RN3 (ANCIENNE ROUTE),-21.33112,55.4674,Plein jour,Hors agglomération,Hors intersection,Normale,Deux véhicules - arrière,2,3,4,0,2,1,1,9,1,110,2,5,1,0,0,4,64.0,21.0,voiture,voiture,1,1,1,1,2
202400012072,2024-04-23 11:30:00,2024,4,23,11,30,50,50412,15 Rue Aubert,49.333905,-1.698653,Plein jour,En agglomération,Hors intersection,Normale,Autre collision,4,2,2,0,1,1,1,0,1,50,1,2,1,0,1,0,75.0,,voiture,,1,2,1,1,6
202400012073,2024-04-21 17:33:00,2024,4,21,17,33,60,60577,12 Route Nationale,49.454701,1.788099,Plein jour,Hors agglomération,Hors intersection,Normale,Autre collision,2,2,2,0,1,1,1,0,1,80,1,3,0,0,3,0,70.0,,voiture,,1,1,1,1,6
202400012074,2024-04-21 15:40:00,2024,4,21,15,40,53,53027,D24,47.89997,-0.41696,Plein jour,Hors agglomération,Hors intersection,Normale,Sans collision,3,2,2,0,2,3,1,0,1,80,1,2,0,0,1,1,22.0,,voiture,,1,1,1,1,7
202400012075,2024-09-11 19:40:00,2024,9,11,19,40,974,97411,FRANCISCEAS (CHEMIN DES),-20.91032,55.47757,Nuit avec éclairage allumé,En agglomération,Intersection en Y,Normale,Deux véhicules - arrière,4,-1,2,0,2,1,1,0,1,50,2,2,1,0,0,1,33.0,67.0,deux_roues,voiture,5,2,4,1,2
202400012075,2024-09-11 19:40:00,2024,9,11,19,40,974,97411,FRANCISCEAS (CHEMIN DES),-20.91032,55.47757,Nuit avec éclairage allumé,En agglomération,Intersection en Y,Normale,Deux véhicules - arrière,4,2,2,0,2,1,1,0,1,50,2,2,1,0,0,1,33.0,67.0,deux_roues,voiture,5,2,4,1,2
202400012076,2024-04-22 17:55:00,2024,4,22,17,55,53,53247,La Cocherie,48.120583,-1.019854,Plein jour,Hors agglomération,Intersection à plus de 4 branches,Normale,Deux véhicules - côté,4,2,2,0,1,1,1,0,1,80,2,2,1,0,0,1,51.0,51.0,voiture,deux_roues,1,1,5,1,3
202400012076,2024-04-22 17:55:00,2024,4,22,17,55,53,53247,La Cocherie,48.120583,-1.019854,Plein jour,Hors agglomération,Intersection à plus de 4 branches,Normale,Deux véhicules - côté,4,2,2,0,2,1,1,0,1,80,2,2,1,0,0,1,51.0,51.0,voiture,deux_roues,1,1,5,1,3
202400012077,2024-09-11 11:15:00,2024,9,11,11,15,974,97411,LABOURDONNAIS,-20.87627,55.44923,Plein jour,En agglomération,Intersection en X,Normale,Deux véhicules - côté,4,1,1,0,1,1,1,0,1,30,2,2,1,0,0,1,61.0,24.0,voiture,voiture,1,2,2,1,3
202400012077,2024-09-11 11:15:00,2024,9,11,11,15,974,97411,LABOURDONNAIS,-20.87627,55.44923,Plein jour,En agglomération,Intersection en X,Normale,Deux véhicules - côté,4,1,2,0,1,1,1,0,1,50,2,2,1,0,0,1,61.0,24.0,voiture,voiture,1,2,2,1,3
202400012078,2024-04-21 05:25:00,2024,4,21,5,25,21,21638,D974,47.514954,5.175397,Nuit avec éclairage allumé,En agglomération,Giratoire,Normale,Autre collision,3,2, -1,-1,1,1,1,9,8,50,1,5,2,0,1,2,42.0,,utilitaire_camion,,5,2,6,1,6
202400012078,2024-04-21 05:25:00,2024,4,21,5,25,21,21638,D974,47.514954,5.175397,Nuit avec éclairage allumé,En agglomération,Giratoire,Normale,Autre collision,3,2,2,0,1,1,1,9,8,50,1,5,2,0,1,2,42.0,,utilitaire_camion,,5,2,6,1,6
202400012079,2024-09-11 18:35:00,2024,9,11,18,35,974,97407,ROUTE NATIONALE N° 1,-20.95898,55.30843,Nuit sans éclairage public,Hors agglomération,Hors intersection,Normale,Deux véhicules - arrière,2,3,4,0,1,1,1,2,1,110,2,2,0,0,0,2,36.0,17.0,utilitaire_camion,voiture,3,1,1,1,2
202400012080,2024-09-11 01:05:00,2024,9,11,1,5,69,69388,Rue Laennec,45.73569,4.88875,Nuit avec éclairage allumé,En agglomération,Hors intersection,Normale,Autre collision,4,2,2,0,1,1,1,0,1,30,1,1,0,0,0,1,27.0,,voiture,,5,2,1,1,6
202400012081,2024-04-23 16:15:00,2024,4,23,16,15,87,87032,chareilles,45.641048,0.984596,Plein jour,Hors agglomération,Hors intersection,Normale,Deux véhicules - côté,2,2,2,0,1,1,1,0,1,80,2,3,2,0,1,0,66.0,74.0,utilitaire_camion,voiture,1,1,1,1,3
202400012082,2024-04-21 16:34:00,2024,4,21,16,34,30,30050,D27,43.927657,4.049073,Plein jour,Hors agglomération,Hors intersection,Normale,Sans collision,3,2,2,0,1,2,1,0,3,70,1,1,0,0,1,0,21.0,,deux_roues,,1,1,1,1,7
202400012083,2024-09-10 07:25:00,2024,9,10,7,25,95,95323,OISE (BOULEVARD DE L'),49.0210292,2.02187955,Crépuscule ou aube,En agglomération,Intersection en X,Normale,Autre collision,4,3,2,0,1,1,1,0,8,50,1,4,3,0,1,0,34.0,,voiture,,2,2,2,1,6
202400012083,2024-09-10 07:25:00,2024,9,10,7,25,95,95323,OISE (BOULEVARD DE L'),49.0210292,2.02187955,Crépuscule ou aube,En agglomération,Intersection en X,Normale,Autre collision,4,3,2,0,1,1,1,0,1,50,1,4,3,0,1,0,34.0,,voiture,,2,2,2,1,6
202400012084,2024-04-12 19:30:00,2024,4,12,19,30,973,97309,Route de Rémire,4.89889483,-52.27388665,Nuit avec éclairage allumé,En agglomération,Intersection en T,Normale,Deux véhicules - côté,3,1, -1,-1,1,1,1,0,1,-1,2,2,1,0,0,1,61.0,25.0,deux_roues,voiture,5,2,3,1,3
202400012084,2024-04-12 19:30:00,2024,4,12,19,30,973,97309,Route de Rémire,4.89889483,-52.27388665,Nuit avec éclairage allumé,En agglomération,Intersection en T,Normale,Deux véhicules - côté,3,2,2,0,1,1,1,0,3,50,2,2,1,0,0,1,61.0,25.0,deux_roues,voiture,5,2,3,1,3
202400012085,2024-09-11 20:00:00,2024,9,11,20,0,91,91103,AV DE LA MAISON NEUVE,48.58814,2.30422,Plein jour,Hors agglomération,Autre intersection,Normale,Deux véhicules - côté,9,1,1,0,1,1,1,0,8,30,2,5,2,0,0,3,38.0,61.0,voiture,voiture,1,1,9,1,3
202400012086,2024-04-19 16:40:00,2024,4,19,16,40,33,33284,,44.657176,-0.828781,Plein jour,Hors agglomération,Hors intersection,Normale,Trois véhicules et plus - en chaîne,1,2,4,0,1,1,1,0,1,130,3,5,3,0,0,2,44.0,33.0,utilitaire_camion,voiture,1,1,1,1,4
202400012087,2024-04-22 17:20:00,2024,4,22,17,20,34,34022,"A9, PK 90, direction MONTPELLIER",43.65699057,3.99655722,Plein jour,Hors agglomération,Hors intersection,Normale,Deux véhicules - arrière,1,2,3,3,1,1,1,0,2,90,2,3,1,0,1,1,44.0,57.0,transport_commun,utilitaire_camion,1,1,1,1,2
202400012088,2024-08-24 13:30:00,2024,8,24,13,30,89,89387,Avenue Henri Delanne,48.1758,3.28984,Plein jour,En agglomération,Hors intersection,Normale,Deux véhicules - côté,4,2,2,0,1,1,1,9,1,50,2,3,1,0,0,2,75.0,16.0,voiture,deux_roues,1,2,1,1,3
202400012089,2024-04-22 11:50:00,2024,4,22,11,50,30,30189,Autorouter A54 - PK 01+000,43.807945,4.353096,Plein jour,Hors agglomération,Hors intersection,Normale,Deux véhicules - arrière,1,3,2,0,1,1,1,0,1,130,2,3,1,0,1,1,84.0,44.0,voiture,utilitaire_camion,1,1,1,1,2
202400012090,2024-09-11 13:20:00,2024,9,11,13,20,87,87050,LIMOGES (AVENUE DE),45.85668,1.24586,Plein jour,Hors agglomération,Hors intersection,Pluie légère,Autre collision,3,2,3,0,2,2,2,0,1,70,1,1,0,0,0,1,24.0,,voiture,,1,1,1,2,6
202400012091,2024-04-21 14:15:00,2024,4,21,14,15,988,98830,Paola (Tribu) lieu dit Tyeme,-20.75913,165.11664,Plein jour,Hors agglomération,Autre intersection,Normale,Sans collision,3,-1,2,0,2,1,1,0,3,90,1,2,0,0,1,1,38.0,,voiture,,1,1,9,1,7
202400012092,2024-04-22 15:30:00,2024,4,22,15,30,77,77089,RD 213 PK13+900,48.497867,2.97516,Plein jour,Hors agglomération,Intersection en T,Normale,Deux véhicules - côté,3,2,2,0,1,1,1,0,1,90,2,2,0,0,1,1,22.0,25.0,voiture,voiture,1,1,3,1,3