accident_id,datetime,annee,mois,jour,heure,minute,departement,commune_insee,adresse,latitude,longitude,luminosite,agglomeration,intersection,meteo,collision,catr,circ,nbv,vosp,prof,plan,surf,infra,situ,vma,nb_vehicules,nb_usagers,nb_indemnes,nb_tues,nb_blesses_hosp,nb_blesses_legers,age_cond_1,age_cond_2,veh_type_cond_1,veh_type_cond_2,lum_code,agg_code,int_code,atm_code,col_code
202400012237,2024-09-04 08:00:00,2024,9,4,8,0,02,02304,25 Rue du Bourget,49.663298,3.363656,Plein jour,En agglomération,Hors intersection,Normale,Autre collision,4,1,1,0,1,1,1,9,1,50,1,2,1,0,0,1,74.0,,utilitaire_camion,,1,2,1,1,6
202400012238,2024-12-30 10:50:00,2024,12,30,10,50,67,67482,FAUBOURG DE PIERRE (PONT DU),48.586905,7.74654,Plein jour,En agglomération,Hors intersection,Temps couvert,Autre collision,4,2,2,0,1,1,1,2,1,50,1,2,1,0,1,0,38.0,,voiture,,1,2,1,8,6
202400012239,2024-08-05 07:30:00,2024,8,5,7,30,82,82033,Route de Lafrançaise,44.04870784,1.1192075,Plein jour,Hors agglomération,Hors intersection,Normale,Deux véhicules - arrière,3,-1,2,0,1,1,1,0,1,70,2,2,1,0,0,1,37.0,19.0,deux_roues,utilitaire_camion,1,1,1,1,2
202400012240,2024-01-30 11:25:00,2024,1,30,11,25,81,81073,le truel,43.944948,2.305289,Plein jour,Hors agglomération,Hors intersection,Normale,Deux véhicules - côté,3,2,2,0,2,1,1,0,3,80,2,2,1,0,1,0,73.0,51.0,deux_roues,voiture,1,1,1,1,3
202400012241,2024-12-28 12:01:00,2024,12,28,12,1,66,66136,DESNOYE (BOULEVARD DR. JOSEPH),42.7094,2.88559,Plein jour,En agglomération,Intersection en T,Normale,Deux véhicules - côté,4,-1, -1,-1,1,1,1,0,8,-1,2,2,1,0,1,0,58.0,40.0,voiture,deux_roues,1,2,3,1,3
202400012241,2024-12-28 12:01:00,2024,12,28,12,1,66,66136,DESNOYE (BOULEVARD DR. JOSEPH),42.7094,2.88559,Plein jour,En agglomération,Intersection en T,Normale,Deux véhicules - côté,4,2,2,0,1,1,1,0,1,50,2,2,1,0,1,0,58.0,40.0,voiture,deux_roues,1,2,3,1,3
202400012242,2024-08-05 21:10:00,2024,8,5,21,10,81,81065,DE GAULLE RD 612 (AV. CHARLES),43.60213,2.25035,Plein jour,En agglomération,Hors intersection,Normale,Deux véhicules - arrière,4,1,2,0,1,1,1,0,1,50,2,4,3,0,0,1,39.0,42.0,voiture,voiture,1,2,1,1,2
202400012243,2024-12-30 14:30:00,2024,12,30,14,30,64,64335,D817,43.34277,-0.4126,Plein jour,Hors agglomération,Hors intersection,Normale,Sans collision,3,3,1,0,1,1,1,0,1,70,1,1,0,0,0,1,16.0,,deux_roues,,1,1,1,1,7
202400012244,2024-02-03 17:25:00,2024,2,3,17,25,71,71014,28 Rue Saint-Pancrace,46.946177,4.303535,Crépuscule ou aube,En agglomération,Intersection en X,Normale,Deux véhicules - côté,4,1,1,0,2,1,1,6,1,20,2,2,1,0,0,1,19.0,46.0,deux_roues,voiture,2,2,2,1,3
202400012244,2024-02-03 17:25:00,2024,2,3,17,25,71,71014,28 Rue Saint-Pancrace,46.946177,4.303535,Crépuscule ou aube,En agglomération,Intersection en X,Normale,Deux véhicules - côté,4,2,2,0,2,1,1,0,1,50,2,2,1,0,0,1,19.0,46.0,deux_roues,voiture,2,2,2,1,3
202400012245,2024-09-11 17:55:00,2024,9,11,17,55,75,75117,BD PERIPHERIQUE EXTERIEUR,48.879379,2.281345,Plein jour,En agglomération,Hors intersection,Normale,Trois véhicules et plus - collisions multiples,4,1,4,0,1,1,1,0,1,70,4,4,2,0,0,2,42.0,35.0,voiture,deux_roues,1,2,1,1,5
202400012246,2024-08-06 01:15:00,2024,8,6,1,15,81,81257,133 Avenue Jean Jaurès,43.94464,2.19858,Nuit avec éclairage allumé,En agglomération,Giratoire,Normale,Deux véhicules - frontale,4,-1,2,0,1,1,1,0,1,50,2,2,1,0,0,1,23.0,29.0,voiture,voiture,5,2,6,1,1
202400012247,2024-12-29 12:25:00,2024,12,29,12,25,64,64445,EMILE GUICHENNE,43.29869,-0.36892,Plein jour,En agglomération,Hors intersection,Normale,Autre collision,4,-1,1,0,1,1,1,0,1,50,1,2,1,0,0,1,59.0,,voiture,,1,2,1,1,6
202400012248,2024-02-03 08:45:00,2024,2,3,8,45,89,89189,D23,48.285595,3.261086,Plein jour,Hors agglomération,Intersection en X,Temps couvert,Deux véhicules - côté,3,2,2,0,1,1,1,5,1,90,2,4,2,0,0,2,45.0,59.0,voiture,voiture,1,1,2,8,3
202400012248,2024-02-03 08:45:00,2024,2,3,8,45,89,89189,D23,48.285595,3.261086,Plein jour,Hors agglomération,Intersection en X,Temps couvert,Deux véhicules - côté,3,2, -1,-1,1,1,1,5,1,80,2,4,2,0,0,2,45.0,59.0,voiture,voiture,1,1,2,8,3
202400012249,2024-02-03 22:50:00,2024,2,3,22,50,63,63196,D43 8+285,45.96064609,3.41817833,Nuit sans éclairage public,Hors agglomération,Hors intersection,Brouillard / fumée,Autre collision,3,2,2,0,1,1,2,0,3,90,1,1,0,0,1,0,39.0,,voiture,,3,1,1,5,6
202400012250,2024-08-03 18:15:00,2024,8,3,18,15,80,80021,Rue Robert le Coq,49.90082,2.2698,Plein jour,En agglomération,Passage à niveau,Normale,Sans collision,4,2,2,0,1,1,1,4,6,100,1,3,1,1,1,0,47.0,,transport_commun,,1,2,8,1,7
202400012251,2024-12-30 04:00:00,2024,12,30,4,0,64,64024,LAZARET (RUE DU),43.52263,-1.5011,Nuit avec éclairage allumé,En agglomération,Hors intersection,Normale,Deux véhicules - frontale,4,2,2,0,1,1,1,0,1,50,2,3,2,0,1,0,13.0,45.0,deux_roues,voiture,5,2,1,1,1
202400012252,2024-09-11 10:35:00,2024,9,11,10,35,75,75116,BOULEVARD PERIPHERIQUE INTERIEUR OUEST,48.874364,2.275955,Plein jour,En agglomération,Hors intersection,Normale,Deux véhicules - arrière,4,1,4,0,1,1,2,0,1,70,2,2,1,0,0,1,26.0,47.0,voiture,utilitaire_camion,1,2,1,1,2
202400012253,2024-02-01 08:45:00,2024,2,1,8,45,61,61066,N12 PK 37+740,48.510655,0.405507,Plein jour,Hors agglomération,Hors intersection,Brouillard / fumée,Autre collision,2,3,4,0,1,1,2,0,1,110,1,1,0,0,0,1,18.0,,voiture,,1,1,1,5,6
202400012254,2024-08-05 14:41:00,2024,8,5,14,41,80,80001,AMIENS (d'),50.102852,1.853049,Plein jour,En agglomération,Hors intersection,Normale,Deux véhicules - côté,3,2,2,0,1,1,1,0,1,50,2,2,0,0,1,1,77.0,31.0,voiture,deux_roues,1,2,1,1,3
202400012255,2024-01-18 15:50:00,2024,1,18,15,50,49,49183,d6,47.493327,-0.970273,Plein jour,Hors agglomération,Hors intersection,Normale,Sans collision,3,2,2,0,1,3,1,0,8,90,1,1,0,0,1,0,69.0,,voiture,,1,1,1,1,7
202400012256,2024-09-11 08:30:00,2024,9,11,8,30,75,75120,BOULEVARD PERIPHERIQUE INTERIEUR NORD  ,48.863502,2.413408,Plein jour,En agglomération,Hors intersection,Normale,Deux véhicules - côté,4,1,4,0,1,1,1,0,1,70,2,2,1,0,0,1,49.0,51.0,deux_roues,deux_roues,1,2,1,1,3
202400012257,2024-02-04 13:00:00,2024,2,4,13,0,42,42128,N7,45.918811,4.322305,Plein jour,Hors agglomération,Hors intersection,Brouillard / fumée,Autre collision,2,2,2,0,2,3,2,0,8,80,1,1,0,0,0,1,21.0,,voiture,,1,1,1,5,6
202400012258,2024-12-30 06:45:00,2024,12,30,6,45,62,62041,Rue des 3 Visages,50.29228,2.77694,Nuit avec éclairage allumé,En agglomération,Hors intersection,Temps couvert,Autre collision,4,1,1,0,1,1,2,0,1,50,1,2,1,0,1,0,75.0,,voiture,,5,2,1,8,6
202400012259,2024-08-04 16:00:00,2024,8,4,16,0,78,78551,ROUTE NATIONALE 13,48.88878,2.08592,Plein jour,Hors agglomération,Hors intersection,Normale,Deux véhicules - arrière,2,1,0,0,2,3,1,0,1,70,2,2,1,0,1,0,58.0,68.0,deux_roues,voiture,1,1,1,1,2
202400012260,2024-12-23 21:10:00,2024,12,23,21,10,49,49099,RUISSEAUX (RUE DES),47.01712,-0.90038,Nuit sans éclairage public,Hors agglomération,Hors intersection,Normale,Sans collision,4,2,2,0,1,1,2,0,1,70,1,1,0,0,0,1,22.0,,voiture,,3,1,1,1,7
202400012261,2024-09-11 05:15:00,2024,9,11,5,15,75,75120,BOULEVARD PERIPHERIQUE INTERIEUR NORD  ,48.86489591,2.41262019,Nuit avec éclairage allumé,En agglomération,Hors intersection,Pluie légère,Autre collision,4,1,2,0,2,2,2,0,1,50,1,1,0,0,0,1,33.0,,voiture,,5,2,1,2,6
202400012262,2024-02-04 09:45:00,2024,2,4,9,45,42,42092,Route des Brossettes,45.498549,4.38369,Plein jour,Hors agglomération,Hors intersection,Normale,Deux véhicules - frontale,7,2,2,0,2,3,2,0,1,70,2,2,1,0,0,1,36.0,27.0,voiture,voiture,1,1,1,1,1
202400012263,2024-12-30 15:00:00,2024,12,30,15,0,49,49007,CHURCHILL AVENUE ET SQUARE,47.452371,-0.555925,Plein jour,En agglomération,Hors intersection,Normale,Autre collision,4,3,2,0,1,1,1,0,1,50,1,2,1,0,0,1,30.0,,deux_roues,,1,2,1,1,6
202400012264,2024-08-05 07:40:00,2024,8,5,7,40,77,77475,D'ORMAGNE (RUE D'),48.957751,2.947171,Plein jour,En agglomération,Intersection en X,Normale,Deux véhicules - arrière,3,2,2,0,1,1,1,0,1,50,2,2,1,0,0,1,49.0,48.0,voiture,voiture,1,2,2,1,2
202400012264,2024-08-05 07:40:00,2024,8,5,7,40,77,77475,D'ORMAGNE (RUE D'),48.957751,2.947171,Plein jour,En agglomération,Intersection en X,Normale,Deux véhicules - arrière,3,2,1,0,1,1,1,0,1,50,2,2,1,0,0,1,49.0,48.0,voiture,voiture,1,2,2,1,2
202400012265,2024-02-04 07:00:00,2024,2,4,7,0,47,47252,All Saint Martin,44.401959,0.588176,Nuit avec éclairage allumé,En agglomération,Hors intersection,Brouillard / fumée,Deux véhicules - frontale,4,2,2,1,1,1,2,0,1,50,2,4,1,0,1,2,70.0,23.0,voiture,voiture,5,2,1,5,1
202400012266,2024-09-11 04:15:00,2024,9,11,4,15,75,75114,BOULEVARD PERIPHERIQUE INTERIEUR SUD,48.820927,2.321828,Nuit avec éclairage allumé,En agglomération,Intersection en T,Pluie légère,Sans collision,4,1,1,0,2,1,2,0,1,50,1,2,1,0,0,1,23.0,,deux_roues,,5,2,3,2,7
202400012266,2024-09-11 04:15:00,2024,9,11,4,15,75,75114,BOULEVARD PERIPHERIQUE INTERIEUR SUD,48.820927,2.321828,Nuit avec éclairage allumé,En agglomération,Intersection en T,Pluie légère,Sans collision,4,1,3,0,1,1,2,0,1,70,1,2,1,0,0,1,23.0,,deux_roues,,5,2,3,2,7
202400012267,2024-08-02 19:40:00,2024,8,2,19,40,76,76351,AMBROISE CROIZAT,49.51983,0.07264,Plein jour,En agglomération,Hors intersection,Normale,Sans collision,4,2,2,0,2,1,1,0,1,50,1,1,0,0,1,0,63.0,,deux_roues,,1,2,1,1,7
202400012268,2024-02-02 17:30:00,2024,2,2,17,30,47,47119,D154,44.19658567,-0.02590143,Crépuscule ou aube,Hors agglomération,Hors intersection,Normale,Sans collision,3,2,2,0,1,3,1,0,1,80,1,1,0,0,1,0,62.0,,voiture,,2,1,1,1,7
202400012269,2024-12-30 11:48:00,2024,12,30,11,48,49,49007,SHAKESPEARE,47.46009,-0.61446,Plein jour,En agglomération,Intersection en X,Normale,Deux véhicules - côté,4,2,2,0,1,1,2,0,1,30,2,2,1,0,0,1,61.0,49.0,deux_roues,voiture,1,2,2,1,3
202400012269,2024-12-30 11:48:00,2024,12,30,11,48,49,49007,SHAKESPEARE,47.46009,-0.61446,Plein jour,En agglomération,Intersection en X,Normale,Deux véhicules - côté,4,2,2,0,1,1,2,0,1,30,2,2,1,0,0,1,61.0,49.0,deux_roues,voiture,1,2,2,1,3
202400012270,2024-02-02 21:30:00,2024,2,2,21,30,34,34252,D922,43.659668,3.092378,Nuit sans éclairage public,Hors agglomération,Hors intersection,Normale,Autre collision,3,2,2,0,1,3,1,9,3,90,1,1,0,0,0,1,61.0,,deux_roues,,3,1,1,1,6
202400012271,2024-09-10 18:15:00,2024,9,10,18,15,75,75115,BOULEVARD PERIPHERIQUE EXTERIEUR SUD,48.828966,2.288562,Plein jour,En agglomération,Hors intersection,Normale,Deux véhicules - côté,4,1,3,0,1,1,1,0,1,70,2,2,1,0,0,1,58.0,34.0,deux_roues,voiture,1,2,1,1,3
202400012272,2024-08-03 15:10:00,2024,8,3,15,10,76,76351,STRASBOURG (BD),49.492,0.118,Plein jour,En agglomération,Intersection en T,Pluie légère,Sans collision,4,2,2,0,1,1,2,0,4,50,1,1,0,0,0,1,16.0,,deux_roues,,1,2,3,2,7
202400012272,2024-08-03 15:10:00,2024,8,3,15,10,76,76351,STRASBOURG (BD),49.492,0.118,Plein jour,En agglomération,Intersection en T,Pluie légère,Sans collision,4,3,2,0,1,1,2,0,4,30,1,1,0,0,0,1,16.0,,deux_roues,,1,2,3,2,7
202400012273,2024-12-17 13:10:00,2024,12,17,13,10,42,42218,Rue du Parc,45.39851002,4.45122004,Plein jour,Hors agglomération,Hors intersection,Normale,Autre collision,7,2,2,0,2,3,2,0,8,90,1,1,0,1,0,0,73.0,,voiture,,1,1,1,1,6
202400012274,2024-02-04 12:20:00,2024,2,4,12,20,15,15144,RN 122 ,44.865709,2.294013,Plein jour,Hors agglomération,Hors intersection,Temps éblouissant,Deux véhicules - arrière,2,2,2,0,1,2,1,0,1,80,2,2,1,0,1,0,53.0,40.0,deux_roues,utilitaire_camion,1,1,1,7,2
202400012275,2024-12-18 16:34:00,2024,12,18,16,34,40,40192,SAINT MÉDARD (BD),43.89479478,-0.48521161,Plein jour,En agglomération,Intersection en X,Normale,Autre collision,4,2,2,0,1,1,1,0,1,50,1,2,1,0,0,1,71.0,,voiture,,1,2,2,1,6
202400012275,2024-12-18 16:34:00,2024,12,18,16,34,40,40192,SAINT MÉDARD (BD),43.89479478,-0.48521161,Plein jour,En agglomération,Intersection en X,Normale,Autre collision,4,2,2,0,1,1,1,0,8,50,1,2,1,0,0,1,71.0,,voiture,,1,2,2,1,6
202400012276,2024-09-09 17:55:00,2024,9,9,17,55,75,75117,RUE LA CONDAMINE,48.884466,2.319517,Plein jour,En agglomération,Intersection en X,Temps couvert,Autre collision,4,1,1,0,1,1,1,0,1,30,1,2,1,1,0,0,22.0,,utilitaire_camion,,1,2,2,8,6
202400012276,2024-09-09 17:55:00,2024,9,9,17,55,75,75117,RUE LA CONDAMINE,48.884466,2.319517,Plein jour,En agglomération,Intersection en X,Temps couvert,Autre collision,4,1,2,2,1,1,1,0,1,30,1,2,1,1,0,0,22.0,,utilitaire_camion,,1,2,2,8,6
202400012277,2024-12-31 01:30:00,2024,12,31,1,30,33,33063,,44.85536239,-0.61433449,Nuit avec éclairage allumé,En agglomération,Giratoire,Normale,Autre collision,4,3,2,2,1,1,1,0,3,30,1,1,0,0,0,1,39.0,,deux_roues,,5,2,6,1,6
202400012277,2024-12-31 01:30:00,2024,12,31,1,30,33,33063,,44.85536239,-0.61433449,Nuit avec éclairage allumé,En agglomération,Giratoire,Normale,Autre collision,4,2, -1,-1,1,1,1,0,1,30,1,1,0,0,0,1,39.0,,deux_roues,,5,2,6,1,6
202400012278,2024-02-03 13:30:00,2024,2,3,13,30,01,01457,Route de Macon,46.2286,4.989837,Plein jour,Hors agglomération,Intersection en T,Temps couvert,Deux véhicules - côté,3,2,2,0,1,1,1,0,1,80,2,2,0,0,0,2,19.0,50.0,voiture,voiture,1,1,3,8,3
202400012278,2024-02-03 13:30:00,2024,2,3,13,30,01,01457,Route de Macon,46.2286,4.989837,Plein jour,Hors agglomération,Intersection en T,Temps couvert,Deux véhicules - côté,3,2,2,0,2,1,1,0,1,80,2,2,0,0,0,2,19.0,50.0,voiture,voiture,1,1,3,8,3
202400012279,2024-08-05 20:20:00,2024,8,5,20,20,71,71059,CREUSOT (RUE DU),46.78622,4.48463,Plein jour,Hors agglomération,Intersection en Y,Normale,Sans collision,3,-1,2,0,1,2,1,0,3,80,1,2,1,0,0,1,30.0,,voiture,,1,1,4,1,7
202400012279,2024-08-05 20:20:00,2024,8,5,20,20,71,71059,CREUSOT (RUE DU),46.78622,4.48463,Plein jour,Hors agglomération,Intersection en Y,Normale,Sans collision,3,2, -1,-1,2,1,1,0,1,-1,1,2,1,0,0,1,30.0,,voiture,,1,1,4,1,7
202400012279,2024-08-05 20:20:00,2024,8,5,20,20,71,71059,CREUSOT (RUE DU),46.78622,4.48463,Plein jour,Hors agglomération,Intersection en Y,Normale,Sans collision,3,2, -1,-1,2,1,1,0,1,-1,1,2,1,0,0,1,30.0,,voiture,,1,1,4,1,7
202400012280,2024-02-04 04:29:00,2024,2,4,4,29,90,90007,N19,47.599508,6.812578,Nuit sans éclairage public,Hors agglomération,Hors intersection,Pluie légère,Deux véhicules - frontale,2,2,2,0,1,1,2,0,2,70,2,3,0,0,2,1,19.0,55.0,voiture,voiture,3,1,1,2,1
202400012281,2024-09-09 09:52:00,2024,9,9,9,52,75,75101,RUE ETIENNE MARCEL,48.864197,2.347609,Plein jour,En agglomération,Intersection en X,Normale,Autre collision,4,-1,0,0,1,1,1,0,1,30,1,6,5,0,0,1,33.0,,voiture,,1,2,2,1,6
202400012281,2024-09-09 09:52:00,2024,9,9,9,52,75,75101,RUE ETIENNE MARCEL,48.864197,2.347609,Plein jour,En agglomération,Intersection en X,Normale,Autre collision,4,1,1,3,1,1,1,0,1,30,1,6,5,0,0,1,33.0,,voiture,,1,2,2,1,6
202400012282,2024-12-30 11:30:00,2024,12,30,11,30,33,33281,,44.827037,-0.686623,Plein jour,En agglomération,Hors intersection,Brouillard / fumée,Deux véhicules - frontale,4,2,2,0,1,1,2,0,3,50,2,5,3,0,0,2,39.0,65.0,voiture,voiture,1,2,1,5,1
202400012283,2024-08-05 02:00:00,2024,8,5,2,0,69,69266,Rue Louis Becker,45.76529,4.8716,Nuit avec éclairage allumé,En agglomération,Intersection en X,Normale,Autre collision,4,1,1,2,1,1,1,0,1,30,2,3,2,0,0,1,27.0,28.0,voiture,deux_roues,5,2,2,1,6
202400012283,2024-08-05 02:00:00,2024,8,5,2,0,69,69266,Rue Louis Becker,45.76529,4.8716,Nuit avec éclairage allumé,En agglomération,Intersection en X,Normale,Autre collision,4,1,1,2,1,1,1,0,1,30,2,3,2,0,0,1,27.0,28.0,voiture,deux_roues,5,2,2,1,6
202400012284,2024-02-03 15:19:00,2024,2,3,15,19,64,64051,pk 37 D11,43.423347,-1.102409,Plein jour,Hors agglomération,Hors intersection,Normale,Deux véhicules - arrière,3,2,2,0,2,1,1,0,1,80,2,2,1,0,1,0,22.0,21.0,voiture,deux_roues,1,1,1,1,2
202400012285,2024-12-30 20:30:00,2024,12,30,20,30,33,33529,,44.62511,-1.13788,Nuit avec éclairage allumé,En agglomération,Hors intersection,Normale,Deux véhicules - frontale,4,2,2,0,1,1,1,0,1,50,2,2,1,0,0,1,32.0,39.0,deux_roues,voiture,5,2,1,1,1
202400012286,2024-09-11 08:25:00,2024,9,11,8,25,75,75105,BOULEVARD SAINT GERMAIN,48.849577,2.351019,Plein jour,En agglomération,Hors intersection,Pluie légère,Deux véhicules - côté,4,-1,2,3,1,1,9,-1,6,30,2,2,1,0,0,1,54.0,23.0,voiture,deux_roues,1,2,1,2,3
202400012287,2024-08-05 10:10:00,2024,8,5,10,10,67,67482,RHIN (AVENUE DU),48.5716,7.7704,Plein jour,En agglomération,Intersection en T,Normale,Sans collision,4,2,3,1,1,1,1,0,8,50,2,2,1,0,0,1,82.0,40.0,deux_roues,voiture,1,2,3,1,7
202400012287,2024-08-05 10:10:00,2024,8,5,10,10,67,67482,RHIN (AVENUE DU),48.5716,7.7704,Plein jour,En agglomération,Intersection en T,Normale,Sans collision,4,3,3,1,1,1,1,0,1,50,2,2,1,0,0,1,82.0,40.0,deux_roues,voiture,1,2,3,1,7
202400012288,2024-02-04 15:45:00,2024,2,4,15,45,18,18054,Le Rio Mort,46.87807,2.780241,Plein jour,Hors agglomération,Hors intersection,Normale,Deux véhicules - frontale,3,2,2,0,2,1,1,0,1,90,2,3,0,0,1,2,72.0,68.0,voiture,utilitaire_camion,1,1,1,1,1
202400012289,2024-08-05 18:35:00,2024,8,5,18,35,64,64132,LARRIBAU,43.30756,-0.32739,Plein jour,En agglomération,Hors intersection,Normale,Deux véhicules - frontale,4,2,2,0,1,3,1,0,1,50,2,2,0,0,0,2,16.0,42.0,deux_roues,deux_roues,1,2,1,1,1
202400012290,2024-12-30 18:20:00,2024,12,30,18,20,30,30007,TALABOT (BOULEVARD),44.12536,4.09158,Nuit avec éclairage allumé,En agglomération,Giratoire,Normale,Deux véhicules - côté,4,2,2,0,1,2,1,5,1,50,2,2,1,0,0,1,29.0,33.0,deux_roues,transport_commun,5,2,6,1,3
202400012290,2024-12-30 18:20:00,2024,12,30,18,20,30,30007,TALABOT (BOULEVARD),44.12536,4.09158,Nuit avec éclairage allumé,En agglomération,Giratoire,Normale,Deux véhicules - côté,4,2,2,0,1,1,1,5,1,50,2,2,1,0,0,1,29.0,33.0,deux_roues,transport_commun,5,2,6,1,3
202400012290,2024-12-30 18:20:00,2024,12,30,18,20,30,30007,TALABOT (BOULEVARD),44.12536,4.09158,Nuit avec éclairage allumé,En agglomération,Giratoire,Normale,Deux véhicules - côté,4,2,1,0,1,3,1,5,1,50,2,2,1,0,0,1,29.0,33.0,deux_roues,transport_commun,5,2,6,1,3
202400012290,2024-12-30 18:20:00,2024,12,30,18,20,30,30007,TALABOT (BOULEVARD),44.12536,4.09158,Nuit avec éclairage allumé,En agglomération,Giratoire,Normale,Deux véhicules - côté,4,2,2,0,1,3,1,5,1,50,2,2,1,0,0,1,29.0,33.0,deux_roues,transport_commun,5,2,6,1,3
202400012291,2024-09-10 17:45:00,2024,9,10,17,45,75,75120,BOULEVARD DAVOUT,48.858699,2.409835,Plein jour,En agglomération,Intersection en T,Temps couvert,Autre collision,4,1,2,0,1,1,1,0,1,50,1,2,1,0,0,1,26.0,,deux_roues,,1,2,3,8,6
202400012291,2024-09-10 17:45:00,2024,9,10,17,45,75,75120,BOULEVARD DAVOUT,48.858699,2.409835,Plein jour,En agglomération,Intersection en T,Temps couvert,Autre collision,4,2, -1,-1,1,1,1,0,1,-1,1,2,1,0,0,1,26.0,,deux_roues,,1,2,3,8,6
202400012292,2024-08-05 20:38:00,2024,8,5,20,38,64,64024,BITACHON (RUE DE),43.4916,-1.517,Plein jour,En agglomération,Hors intersection,Normale,Sans collision,4,2,2,0,2,3,1,0,4,50,1,1,0,0,0,1,15.0,,deux_roues,,1,2,1,1,7
202400012293,2024-02-04 12:05:00,2024,2,4,12,5,07,07230,104,44.6860586,4.46693979,Plein jour,Hors agglomération,Intersection en T,Temps éblouissant,Deux véhicules - frontale,3,2,2,0,1,1,1,0,1,90,2,2,0,0,1,1,41.0,49.0,deux_roues,voiture,1,1,3,7,1
202400012293,2024-02-04 12:05:00,2024,2,4,12,5,07,07230,104,44.6860586,4.46693979,Plein jour,Hors agglomération,Intersection en T,Temps éblouissant,Deux véhicules - frontale,3,2,2,0,1,1,1,0,1,-1,2,2,0,0,1,1,41.0,49.0,deux_roues,voiture,1,1,3,7,1
202400012294,2024-12-30 20:20:00,2024,12,30,20,20,22,22113,R.D.767,48.7168,-3.406,Nuit sans éclairage public,Hors agglomération,Hors intersection,Normale,Autre collision,3,3,4,0,1,1,2,0,1,110,1,1,0,0,0,1,32.0,,voiture,,3,1,1,1,6
202400012295,2024-09-11 09:30:00,2024,9,11,9,30,75,75119,RUE DE CRIMEE,48.884171,2.384207,Plein jour,En agglomération,Intersection en T,Normale,Deux véhicules - côté,4,1,2,2,2,1,2,0,1,30,2,2,1,0,0,1,46.0,32.0,voiture,deux_roues,1,2,3,1,3
202400012295,2024-09-11 09:30:00,2024,9,11,9,30,75,75119,RUE DE CRIMEE,48.884171,2.384207,Plein jour,En agglomération,Intersection en T,Normale,Deux véhicules - côté,4,2,2,0,2,1,2,0,1,30,2,2,1,0,0,1,46.0,32.0,voiture,deux_roues,1,2,3,1,3
202400012296,2024-12-29 15:35:00,2024,12,29,15,35,14,14118,Boulevard Yves Guillou,49.17285,-0.37619,Plein jour,En agglomération,Hors intersection,Temps couvert,Deux véhicules - frontale,4,2,4,0,1,1,1,0,1,50,2,2,1,0,0,1,56.0,44.0,voiture,voiture,1,2,1,8,1
202400012297,2024-08-05 10:38:00,2024,8,5,10,38,64,64024,ESPAGNE (AVENUE D'),43.47597,-1.52805,Plein jour,En agglomération,Hors intersection,Normale,Deux véhicules - arrière,3,2,2,0,1,1,1,0,1,50,2,2,1,0,0,1,15.0,45.0,deux_roues,voiture,1,2,1,1,2
202400012298,2024-02-04 04:39:00,2024,2,4,4,39,87,87205,La Gratade (Restaurant),45.77180372,1.28945589,Nuit sans éclairage public,Hors agglomération,Hors intersection,Brouillard / fumée,Deux véhicules - côté,3,2,2,0,1,1,1,0,1,80,2,3,2,0,1,0,36.0,20.0,voiture,voiture,3,1,1,5,3
202400012299,2024-02-04 03:10:00,2024,2,4,3,10,08,08367,,49.91458252,4.52998012,Nuit sans éclairage public,En agglomération,Hors intersection,Pluie légère,Autre collision,3,2,2,0,1,2,2,0,3,70,1,2,0,0,1,1,18.0,,voiture,,3,2,1,2,6
202400012300,2024-08-05 10:40:00,2024,8,5,10,40,64,64102,SAINT LEON (ROND POINT),43.48783,-1.48206,Plein jour,En agglomération,Hors intersection,Normale,Deux véhicules - côté,3,1,3,0,1,2,1,9,1,50,2,2,1,0,0,1,49.0,54.0,voiture,deux_roues,1,2,1,1,3
202400012301,2024-12-30 18:50:00,2024,12,30,18,50,13,13071,DARTY (MAGASIN) C/C BARNEOUD,43.41738,5.35871,Crépuscule ou aube,En agglomération,Hors intersection,Normale,Trois véhicules et plus - collisions multiples,3,1,0,3,1,1,1,0,6,30,3,3,0,0,0,3,32.0,20.0,deux_roues,deux_roues,2,2,1,1,5
202400012302,2024-09-11 09:45:00,2024,9,11,9,45,75,75117,AVENUE DES TERNES,48.880098,2.287886,Plein jour,En agglomération,Intersection en X,Normale,Deux véhicules - côté,4,2,6,0,1,1,1,0,1,30,2,2,1,0,0,1,52.0,31.0,utilitaire_camion,deux_roues,1,2,2,1,3
202400012302,2024-09-11 09:45:00,2024,9,11,9,45,75,75117,AVENUE DES TERNES,48.880098,2.287886,Plein jour,En agglomération,Intersection en X,Normale,Deux véhicules - côté,4,3, -1,-1,1,1,1,0,1,-1,2,2,1,0,0,1,52.0,31.0,utilitaire_camion,deux_roues,1,2,2,1,3
202400012303,2024-07-22 21:15:00,2024,7,22,21,15,62,62842,Rue Calmette,50.46856,2.83629,Plein jour,Hors agglomération,Hors intersection,Normale,Sans collision,4,2,2,0,1,1,1,9,1,50,1,1,0,0,0,1,24.0,,deux_roues,,1,1,1,1,7
202400012304,2024-02-03 17:45:00,2024,2,3,17,45,67,67152,M84,48.520875,7.69294,Nuit avec éclairage allumé,En agglomération,Autre intersection,Normale,Autre collision,7,2,1,1,1,1,1,9,1,50,2,2,1,0,1,0,88.0,69.0,voiture,deux_roues,5,2,9,1,6
202400012305,2024-12-30 18:10:00,2024,12,30,18,10,13,13208,COMMANDANT ROLLAND,43.26891,5.37964,Nuit avec éclairage allumé,En agglomération,Hors intersection,Normale,Deux véhicules - frontale,4,2,0,0,2,1,1,0,1,50,2,3,1,0,0,2,42.0,61.0,voiture,voiture,5,2,1,1,1
202400012306,2024-07-22 15:10:00,2024,7,22,15,10,61,61006,4bis Avenue de la Forêt Normande,48.739791,-0.022909,Plein jour,En agglomération,Hors intersection,Normale,Deux véhicules - côté,3,2,2,0,1,1,1,0,1,50,2,2,1,0,0,1,18.0,71.0,deux_roues,voiture,1,2,1,1,3