accident_id,datetime,annee,mois,jour,heure,minute,departement,commune_insee,adresse,latitude,longitude,luminosite,agglomeration,intersection,meteo,collision,catr,circ,nbv,vosp,prof,plan,surf,infra,situ,vma,nb_vehicules,nb_usagers,nb_indemnes,nb_tues,nb_blesses_hosp,nb_blesses_legers,age_cond_1,age_cond_2,veh_type_cond_1,veh_type_cond_2,lum_code,agg_code,int_code,atm_code,col_code
202400012307,2024-02-03 20:25:00,2024,2,3,20,25,973,97309,Route de Montjoly,4.924341,-52.28451,Nuit avec éclairage allumé,En agglomération,Intersection en T,Normale,Deux véhicules - côté,3,2, -1,-1,1,1,1,0,1,-1,2,2,1,0,0,1,40.0,50.0,utilitaire_camion,deux_roues,5,2,3,1,3
202400012307,2024-02-03 20:25:00,2024,2,3,20,25,973,97309,Route de Montjoly,4.924341,-52.28451,Nuit avec éclairage allumé,En agglomération,Intersection en T,Normale,Deux véhicules - côté,3,2,2,3,1,1,1,0,1,50,2,2,1,0,0,1,40.0,50.0,utilitaire_camion,deux_roues,5,2,3,1,3
202400012308,2024-09-11 08:00:00,2024,9,11,8,0,75,75117,AVENUE DE VILLIERS,48.881946,2.313545,Crépuscule ou aube,En agglomération,Intersection en X,Temps couvert,Deux véhicules - côté,4,2,4,1,1,1,2,0,1,30,2,2,1,0,0,1,30.0,49.0,voiture,deux_roues,2,2,2,8,3
202400012308,2024-09-11 08:00:00,2024,9,11,8,0,75,75117,AVENUE DE VILLIERS,48.881946,2.313545,Crépuscule ou aube,En agglomération,Intersection en X,Temps couvert,Deux véhicules - côté,4,1, -1,-1,1,1,2,0,1,-1,2,2,1,0,0,1,30.0,49.0,voiture,deux_roues,2,2,2,8,3
202400012309,2024-08-04 09:45:00,2024,8,4,9,45,60,60159,Avenue du Vermandois,49.43349,2.84545,Plein jour,En agglomération,Intersection en T,Normale,Autre collision,4,2,2,0,1,1,1,0,1,50,1,2,1,0,0,1,78.0,,voiture,,1,2,3,1,6
202400012309,2024-08-04 09:45:00,2024,8,4,9,45,60,60159,Avenue du Vermandois,49.43349,2.84545,Plein jour,En agglomération,Intersection en T,Normale,Autre collision,4,2,2,0,1,3,1,0,1,50,1,2,1,0,0,1,78.0,,voiture,,1,2,3,1,6
202400012310,2024-02-04 13:45:00,2024,2,4,13,45,95,95371,D9,49.07176149,2.50472739,Plein jour,Hors agglomération,Hors intersection,Temps couvert,Trois véhicules et plus - collisions multiples,3,2,2,0,1,4,1,0,1,90,3,3,2,0,0,1,20.0,62.0,voiture,utilitaire_camion,1,1,1,8,5
202400012311,2024-12-30 15:15:00,2024,12,30,15,15,13,13207,CHARLES LIVON (BOULEVARD),43.292,5.358,Plein jour,En agglomération,Hors intersection,Normale,Autre collision,4,1,1,1,2,1,2,9,5,50,1,2,1,0,0,1,30.0,,deux_roues,,1,2,1,1,6
202400012312,2024-09-11 09:15:00,2024,9,11,9,15,75,75116,ROUTE DE LA MUETTE A NEUILLY,48.86451479,2.26649344,Plein jour,En agglomération,Intersection en X,Normale,Deux véhicules - côté,4,1,1,0,1,1,1,0,1,50,2,2,1,0,0,1,30.0,29.0,deux_roues,utilitaire_camion,1,2,2,1,3
202400012312,2024-09-11 09:15:00,2024,9,11,9,15,75,75116,ROUTE DE LA MUETTE A NEUILLY,48.86451479,2.26649344,Plein jour,En agglomération,Intersection en X,Normale,Deux véhicules - côté,4,1,1,0,1,1,1,0,1,50,2,2,1,0,0,1,30.0,29.0,deux_roues,utilitaire_camion,1,2,2,1,3
202400012313,2024-02-04 07:30:00,2024,2,4,7,30,988,98807,Lindéralique (Tribu),-20.69886,164.98199,Plein jour,Hors agglomération,Hors intersection,Pluie légère,Sans collision,3,-1,2,0,1,2,2,0,1,110,1,3,2,0,0,1,60.0,,voiture,,1,1,1,2,7
202400012314,2024-12-30 14:30:00,2024,12,30,14,30,13,13206,PRADO (AVENUE DU),43.28442,5.38507,Plein jour,En agglomération,Hors intersection,Normale,Deux véhicules - frontale,4,1,1,0,1,1,1,0,1,50,1,2,1,0,0,1,24.0,,voiture,,1,2,1,1,1
202400012315,2024-08-05 15:15:00,2024,8,5,15,15,60,60057,Avenue de Flandres Dunkerque 40,49.433742,2.09749389,Plein jour,En agglomération,Hors intersection,Normale,Deux véhicules - frontale,4,2,2,0,1,3,1,0,1,30,2,2,1,0,0,1,42.0,11.0,voiture,deux_roues,1,2,1,1,1
202400012316,2024-09-11 16:40:00,2024,9,11,16,40,75,75115,RUE D ORADOUR SUR GLANE,48.83168961,2.28136629,Plein jour,En agglomération,Hors intersection,Normale,Autre collision,4,2,1,3,2,1,1,-1,6,30,1,2,1,0,0,1,62.0,,transport_commun,,1,2,1,1,6
202400012317,2024-12-30 02:40:00,2024,12,30,2,40,13,13210,ROMAIN ROLLAND (BOULEVARD),43.27435717,5.41485767,Nuit avec éclairage allumé,En agglomération,Hors intersection,Normale,Deux véhicules - frontale,4,-1,2,0,1,1,1,0,1,50,1,2,0,0,0,2,21.0,,voiture,,5,2,1,1,1
202400012318,2024-08-01 18:30:00,2024,8,1,18,30,59,59421,ROUBAIX (RUE DE),50.69798,3.13976,Plein jour,En agglomération,Hors intersection,Normale,Deux véhicules - côté,7,2,2,0,1,1,1,0,1,30,2,3,1,0,0,2,23.0,70.0,voiture,voiture,1,2,1,1,3
202400012319,2024-09-11 15:10:00,2024,9,11,15,10,75,75115,RUE DE LA CONVENTION,48.83835,2.293961,Plein jour,En agglomération,Intersection en T,Normale,Autre collision,4,1, -1,-1,1,1,1,0,1,-1,1,2,1,0,0,1,74.0,,voiture,,1,2,3,1,6
202400012319,2024-09-11 15:10:00,2024,9,11,15,10,75,75115,RUE DE LA CONVENTION,48.83835,2.293961,Plein jour,En agglomération,Intersection en T,Normale,Autre collision,4,2,2,0,1,1,1,0,1,50,1,2,1,0,0,1,74.0,,voiture,,1,2,3,1,6
202400012320,2024-12-28 15:54:00,2024,12,28,15,54,75,75116,AVENUE DE VERSAILLES,48.841502,2.266544,Plein jour,En agglomération,Intersection en T,Normale,Deux véhicules - frontale,4,2,2,0,1,1,1,0,1,30,2,2,1,1,0,0,69.0,28.0,voiture,transport_commun,1,2,3,1,1
202400012320,2024-12-28 15:54:00,2024,12,28,15,54,75,75116,AVENUE DE VERSAILLES,48.841502,2.266544,Plein jour,En agglomération,Intersection en T,Normale,Deux véhicules - frontale,4,2, -1,0,1,1,1,0,1,30,2,2,1,1,0,0,69.0,28.0,voiture,transport_commun,1,2,3,1,1
202400012321,2024-02-04 02:15:00,2024,2,4,2,15,974,97420,Route Nationale 2,-20.915246,55.615025,Nuit sans éclairage public,Hors agglomération,Hors intersection,Normale,Trois véhicules et plus - collisions multiples,2,3,4,0,1,1,1,0,1,110,3,3,1,0,1,1,17.0,28.0,deux_roues,autre,3,1,1,1,5
202400012322,2024-08-05 13:00:00,2024,8,5,13,0,59,59599,CANAL (RUE DU),50.70502,3.15707,Plein jour,En agglomération,Hors intersection,Normale,Deux véhicules - côté,4,2,2,0,1,1,1,0,1,50,2,2,1,0,0,1,59.0,21.0,voiture,autre,1,2,1,1,3
202400012323,2024-09-11 13:00:00,2024,9,11,13,0,75,75115,RUE OLIVIER DE SERRES,48.834939,2.296106,Plein jour,En agglomération,Intersection en T,Normale,Sans collision,4,1, -1,-1,1,1,1,0,1,-1,1,1,0,0,0,1,28.0,,deux_roues,,1,2,3,1,7
202400012323,2024-09-11 13:00:00,2024,9,11,13,0,75,75115,RUE OLIVIER DE SERRES,48.834939,2.296106,Plein jour,En agglomération,Intersection en T,Normale,Sans collision,4,1,1,1,1,1,1,0,1,30,1,1,0,0,0,1,28.0,,deux_roues,,1,2,3,1,7
202400012324,2024-02-04 02:20:00,2024,2,4,2,20,971,97119,Clugny,16.391543,-61.481981,Nuit sans éclairage public,Hors agglomération,Hors intersection,Normale,Autre collision,2,2,2,0,1,1,1,0,3,80,1,1,0,1,0,0,64.0,,voiture,,3,1,1,1,6
202400012325,2024-12-30 14:05:00,2024,12,30,14,5,75,75111,AVENUE DE LA REPUBLIQUE,48.863402,2.384509,Plein jour,En agglomération,Hors intersection,Temps couvert,Deux véhicules - côté,4,2,4,1,1,1,1,0,1,30,2,3,2,0,0,1,37.0,88.0,deux_roues,voiture,1,2,1,8,3
202400012326,2024-08-05 22:20:00,2024,8,5,22,20,59,59299,GALILEE (RUE DE),50.66843,3.20211,Crépuscule ou aube,En agglomération,Hors intersection,Normale,Autre collision,4,2,2,0,1,1,1,0,1,30,1,3,0,0,3,0,30.0,,deux_roues,,2,2,1,1,6
202400012327,2024-12-30 19:30:00,2024,12,30,19,30,94,94028,Avenue de Verdun,48.79737,2.46396,Nuit avec éclairage allumé,En agglomération,Autre intersection,Normale,Autre collision,3,1,2,3,1,1,1,0,1,50,1,2,1,0,0,1,66.0,,voiture,,5,2,9,1,6
202400012327,2024-12-30 19:30:00,2024,12,30,19,30,94,94028,Avenue de Verdun,48.79737,2.46396,Nuit avec éclairage allumé,En agglomération,Autre intersection,Normale,Autre collision,3,1,0,0,4,1,1,0,1,50,1,2,1,0,0,1,66.0,,voiture,,5,2,9,1,6
202400012328,2024-02-02 19:00:00,2024,2,2,19,0,77,77358,D38,48.991243,2.877544,Nuit sans éclairage public,Hors agglomération,Intersection en X,Pluie légère,Deux véhicules - frontale,3,2,1,0,1,1,2,0,1,90,2,2,1,0,1,0,17.0,21.0,deux_roues,voiture,3,1,2,2,1
202400012328,2024-02-02 19:00:00,2024,2,2,19,0,77,77358,D38,48.991243,2.877544,Nuit sans éclairage public,Hors agglomération,Intersection en X,Pluie légère,Deux véhicules - frontale,3,2,2,0,1,1,2,0,1,80,2,2,1,0,1,0,17.0,21.0,deux_roues,voiture,3,1,2,2,1
202400012329,2024-08-03 17:28:00,2024,8,3,17,28,56,56121,Boulevard Léon Blum,47.74851,-3.37427,Plein jour,En agglomération,Giratoire,Normale,Deux véhicules - arrière,4,2,2,0,1,1,1,5,1,30,2,2,1,0,0,1,53.0,56.0,utilitaire_camion,voiture,1,2,6,1,2
202400012330,2024-01-22 06:20:00,2024,1,22,6,20,77,77277,RD143 - PK004+150,48.730804,2.897515,Nuit sans éclairage public,Hors agglomération,Hors intersection,Normale,Autre collision,3,2,2,0,1,1,2,0,1,80,1,1,0,0,0,1,26.0,,voiture,,3,1,1,1,6
202400012331,2024-12-29 01:20:00,2024,12,29,1,20,94,94043,Rue du Général Leclerc,48.8133,2.35897,Nuit avec éclairage allumé,En agglomération,Hors intersection,Pluie légère,Deux véhicules - côté,4,1,1,0,1,1,2,0,1,30,2,2,1,0,0,1,41.0,28.0,deux_roues,voiture,5,2,1,2,3
202400012332,2024-12-30 10:30:00,2024,12,30,10,30,94,94021,Av du Pdt Franklin Roosevelt,48.77082884,2.36242039,Plein jour,En agglomération,Hors intersection,Temps couvert,Autre collision,3,2,2,0,1,1,1,0,1,50,1,2,1,0,0,1,54.0,,voiture,,1,2,1,8,6
202400012333,2024-09-10 09:25:00,2024,9,10,9,25,75,75115,BOULEVARD PASTEUR,48.841918,2.313649,Plein jour,En agglomération,Hors intersection,Normale,Trois véhicules et plus - en chaîne,4,1,2,1,2,1,1,0,1,30,3,4,3,0,0,1,48.0,50.0,utilitaire_camion,transport_commun,1,2,1,1,4
202400012334,2024-02-02 15:00:00,2024,2,2,15,0,21,21133,Route des Grands Crus,47.193012,4.960067,Plein jour,Hors agglomération,Intersection en Y,Normale,Autre collision,3,-1,2,0,1,1,1,0,1,80,1,2,1,0,1,0,23.0,,utilitaire_camion,,1,1,4,1,6
202400012334,2024-02-02 15:00:00,2024,2,2,15,0,21,21133,Route des Grands Crus,47.193012,4.960067,Plein jour,Hors agglomération,Intersection en Y,Normale,Autre collision,3,2,2,0,1,1,1,0,8,50,1,2,1,0,1,0,23.0,,utilitaire_camion,,1,1,4,1,6
202400012335,2024-08-02 15:22:00,2024,8,2,15,22,56,56121,Rue Jules Guesde,47.754504,-3.36266,Plein jour,En agglomération,Intersection en T,Normale,Deux véhicules - côté,4,1,1,0,1,1,1,0,1,30,2,2,1,0,0,1,38.0,19.0,voiture,deux_roues,1,2,3,1,3
202400012335,2024-08-02 15:22:00,2024,8,2,15,22,56,56121,Rue Jules Guesde,47.754504,-3.36266,Plein jour,En agglomération,Intersection en T,Normale,Deux véhicules - côté,4,2,2,0,3,1,1,0,1,30,2,2,1,0,0,1,38.0,19.0,voiture,deux_roues,1,2,3,1,3
202400012336,2024-12-30 10:30:00,2024,12,30,10,30,92,92076,JARDY,48.83306766,2.15341017,Plein jour,En agglomération,Autre intersection,Pluie légère,Trois véhicules et plus - en chaîne,3,2,4,1,2,1,2,0,1,50,3,3,2,0,0,1,45.0,57.0,voiture,utilitaire_camion,1,2,9,2,4
202400012337,2024-09-10 19:55:00,2024,9,10,19,55,75,75114,BOULEVARD DE PORT ROYAL,48.838816,2.339664,Nuit avec éclairage allumé,En agglomération,Intersection en X,Normale,Autre collision,4,2,4,3,1,1,1,-1,6,50,1,2,1,0,1,0,49.0,,transport_commun,,5,2,2,1,6
202400012337,2024-09-10 19:55:00,2024,9,10,19,55,75,75114,BOULEVARD DE PORT ROYAL,48.838816,2.339664,Nuit avec éclairage allumé,En agglomération,Intersection en X,Normale,Autre collision,4,1, -1,-1,1,1,1,-1,6,-1,1,2,1,0,1,0,49.0,,transport_commun,,5,2,2,1,6
202400012338,2024-12-30 19:00:00,2024,12,30,19,0,92,92040,STALINGRAD (QUAI DE),48.82053652,2.24644706,Nuit avec éclairage allumé,En agglomération,Autre intersection,Normale,Deux véhicules - côté,3,3,1,0,1,1,1,0,1,50,2,2,1,0,0,1,56.0,25.0,voiture,deux_roues,5,2,9,1,3
202400012339,2024-08-05 22:30:00,2024,8,5,22,30,54,54526,rue de la fraternité,48.69330193,6.21206045,Nuit avec éclairage allumé,En agglomération,Giratoire,Normale,Deux véhicules - côté,4,1,3,0,1,1,1,5,1,50,2,3,2,0,0,1,43.0,23.0,voiture,voiture,5,2,6,1,3
202400012339,2024-08-05 22:30:00,2024,8,5,22,30,54,54526,rue de la fraternité,48.69330193,6.21206045,Nuit avec éclairage allumé,En agglomération,Giratoire,Normale,Deux véhicules - côté,4,1,3,0,1,1,1,5,1,50,2,3,2,0,0,1,43.0,23.0,voiture,voiture,5,2,6,1,3
202400012340,2024-02-03 18:35:00,2024,2,3,18,35,31,31193,Route de Lavelanet,43.267968,1.085597,Nuit sans éclairage public,Hors agglomération,Hors intersection,Brouillard / fumée,Deux véhicules - côté,3,2,2,0,1,1,1,0,1,80,2,3,1,0,2,0,16.0,59.0,deux_roues,voiture,3,1,1,5,3
202400012341,2024-09-11 09:47:00,2024,9,11,9,47,75,75113,AVENUE D ITALIE,48.822214,2.358617,Plein jour,En agglomération,Intersection en X,Temps couvert,Trois véhicules et plus - en chaîne,4,2,1,0,1,1,1,8,1,30,3,3,2,0,0,1,16.0,,deux_roues,voiture,1,2,2,8,4
202400012341,2024-09-11 09:47:00,2024,9,11,9,47,75,75113,AVENUE D ITALIE,48.822214,2.358617,Plein jour,En agglomération,Intersection en X,Temps couvert,Trois véhicules et plus - en chaîne,4,1, -1,-1,1,1,1,8,1,-1,3,3,2,0,0,1,16.0,,deux_roues,voiture,1,2,2,8,4
202400012342,2024-12-30 18:30:00,2024,12,30,18,30,12,12140,route de marroule,44.392932,1.876527,Nuit sans éclairage public,Hors agglomération,Hors intersection,Brouillard / fumée,Deux véhicules - frontale,3,2,2,0,1,2,7,0,1,90,2,2,0,0,2,0,62.0,77.0,voiture,voiture,3,1,1,5,1
202400012343,2024-02-04 03:38:00,2024,2,4,3,38,17,17228,Route de Saujon,45.646928,-0.959394,Nuit sans éclairage public,En agglomération,Hors intersection,Normale,Sans collision,2,2,2,0,1,1,1,0,3,50,1,3,0,1,0,2,21.0,,voiture,,3,2,1,1,7
202400012344,2024-08-05 12:00:00,2024,8,5,12,0,54,54526,rue de la Fraternité,48.69294,6.21151,Plein jour,En agglomération,Intersection en X,Normale,Deux véhicules - côté,4,2,3,0,1,1,1,0,1,50,2,2,1,0,0,1,64.0,60.0,voiture,voiture,1,2,2,1,3
202400012344,2024-08-05 12:00:00,2024,8,5,12,0,54,54526,rue de la Fraternité,48.69294,6.21151,Plein jour,En agglomération,Intersection en X,Normale,Deux véhicules - côté,4,2,3,0,1,1,1,0,1,50,2,2,1,0,0,1,64.0,60.0,voiture,voiture,1,2,2,1,3
202400012345,2024-09-10 11:15:00,2024,9,10,11,15,75,75112,RUE DU FAUBOURG SAINT ANTOINE,48.852599,2.37149,Plein jour,En agglomération,Hors intersection,Normale,Deux véhicules - frontale,4,1,0,1,1,1,1,-1,5,30,2,2,1,0,0,1,18.0,,deux_roues,deux_roues,1,2,1,1,1
202400012346,2024-02-02 16:45:00,2024,2,2,16,45,24,24068,Rue de la République,44.843919,0.90855,Plein jour,En agglomération,Giratoire,Temps éblouissant,Autre collision,3,2,2,3,1,1,1,6,6,50,1,2,1,0,1,0,32.0,,voiture,,1,2,6,7,6
202400012347,2024-12-30 12:00:00,2024,12,30,12,0,68,68162,Sentier des Capucines,48.136584,7.26611,Plein jour,En agglomération,Hors intersection,Normale,Autre collision,4,2,2,0,1,1,1,0,1,50,1,2,1,0,0,1,22.0,,deux_roues,,1,2,1,1,6
202400012348,2024-08-05 19:45:00,2024,8,5,19,45,51,51454,COURCELLES (RUE DE) DU 1 AU 97 ET 2 A 22,49.25782,4.02176,Plein jour,En agglomération,Hors intersection,Normale,Sans collision,4,2,2,0,1,1,1,0,1,50,2,2,1,0,1,0,60.0,51.0,transport_commun,deux_roues,1,2,1,1,7
202400012349,2024-12-30 18:45:00,2024,12,30,18,45,972,97214,N1,14.842921,-61.081291,Nuit sans éclairage public,Hors agglomération,Hors intersection,Normale,Deux véhicules - frontale,2,2,2,0,2,3,1,0,1,70,2,3,0,0,2,1,36.0,57.0,utilitaire_camion,utilitaire_camion,3,1,1,1,1
202400012350,2024-02-03 16:45:00,2024,2,3,16,45,33,33256,,44.97013169,-0.61172032,Plein jour,En agglomération,Hors intersection,Normale,Deux véhicules - frontale,3,2,2,0,1,2,1,0,1,50,2,3,0,1,1,1,78.0,38.0,voiture,voiture,1,2,1,1,1
202400012351,2024-09-11 08:57:00,2024,9,11,8,57,75,75107,QUAI VOLTAIRE,48.859249,2.330206,Plein jour,En agglomération,Intersection en T,Normale,Trois véhicules et plus - collisions multiples,4,1, -1,-1,1,1,2,0,1,-1,3,3,2,0,0,1,49.0,43.0,deux_roues,deux_roues,1,2,3,1,5
202400012351,2024-09-11 08:57:00,2024,9,11,8,57,75,75107,QUAI VOLTAIRE,48.859249,2.330206,Plein jour,En agglomération,Intersection en T,Normale,Trois véhicules et plus - collisions multiples,4,1,3,3,1,1,2,0,1,30,3,3,2,0,0,1,49.0,43.0,deux_roues,deux_roues,1,2,3,1,5
202400012352,2024-12-30 20:00:00,2024,12,30,20,0,56,56031,Rue du Vieux Presbytère,47.85349,-2.986806,Nuit sans éclairage public,Hors agglomération,Hors intersection,Normale,Autre collision,4,2,2,0,2,1,1,0,3,80,1,1,0,1,0,0,31.0,,voiture,,3,1,1,1,6
202400012353,2024-09-10 20:15:00,2024,9,10,20,15,75,75101,QUAI FRANCOIS MITTERRAND,48.86052693,2.33137071,Nuit avec éclairage allumé,En agglomération,Hors intersection,Temps couvert,Autre collision,4,1,3,0,1,1,1,9,1,30,1,2,0,0,1,1,59.0,,deux_roues,,5,2,1,8,6
202400012354,2024-08-04 13:10:00,2024,8,4,13,10,51,51454,JAURES (AVENUE JEAN) DU N° 74 A FIN (PAI,49.259084,4.044105,Plein jour,En agglomération,Hors intersection,Normale,Deux véhicules - côté,4,2,3,0,1,1,1,0,1,50,2,2,1,0,0,1,29.0,57.0,deux_roues,voiture,1,2,1,1,3
202400012355,2024-12-07 20:25:00,2024,12,7,20,25,79,79157,,47.007713,-0.17252,Nuit sans éclairage public,Hors agglomération,Hors intersection,Vent fort / tempête,Sans collision,4,2,2,0,1,3,1,0,3,80,1,1,0,0,1,0,65.0,,utilitaire_camion,,3,1,1,6,7
202400012356,2024-02-04 09:30:00,2024,2,4,9,30,85,85097,RD 6,46.93537,-1.084105,Plein jour,Hors agglomération,Hors intersection,Normale,Trois véhicules et plus - en chaîne,3,2,2,0,1,1,1,0,1,80,4,4,0,0,0,4,31.0,52.0,deux_roues,deux_roues,1,1,1,1,4
202400012357,2024-12-20 13:50:00,2024,12,20,13,50,82,82042,7197 route de la valée,44.226366,1.201115,Plein jour,Hors agglomération,Hors intersection,Normale,Sans collision,4,2,1,0,2,1,1,0,1,80,1,1,0,0,0,1,23.0,,deux_roues,,1,1,1,1,7
202400012358,2024-08-04 17:35:00,2024,8,4,17,35,49,49099,CORMIER (BOULEVARD DU),47.03102,-0.91504,Plein jour,En agglomération,Giratoire,Normale,Deux véhicules - côté,3,2,2,0,1,1,1,0,1,50,2,2,1,0,0,1,77.0,59.0,deux_roues,voiture,1,2,6,1,3
202400012358,2024-08-04 17:35:00,2024,8,4,17,35,49,49099,CORMIER (BOULEVARD DU),47.03102,-0.91504,Plein jour,En agglomération,Giratoire,Normale,Deux véhicules - côté,3,2,2,0,1,1,1,0,1,50,2,2,1,0,0,1,77.0,59.0,deux_roues,voiture,1,2,6,1,3
202400012359,2024-02-04 00:50:00,2024,2,4,0,50,85,85302,D6,46.950345,-1.00251,Nuit avec éclairage non allumé,Hors agglomération,Hors intersection,Normale,Sans collision,3,2,2,0,1,1,1,0,3,80,1,6,1,0,0,5,19.0,,voiture,,4,1,1,1,7
202400012360,2024-12-29 08:10:00,2024,12,29,8,10,82,82062,105 route departementale 813,43.906079,1.227778,Crépuscule ou aube,En agglomération,Hors intersection,Brouillard / fumée,Autre collision,3,2,2,0,1,1,1,0,3,70,1,3,0,0,1,2,34.0,,voiture,,2,2,1,5,6
202400012361,2024-08-05 18:00:00,2024,8,5,18,0,49,49007,ONZE NOVEMBRE 1918 AVENUE,47.47131,-0.54681,Plein jour,En agglomération,Hors intersection,Normale,Deux véhicules - côté,4,2,2,0,1,1,1,0,1,50,2,2,1,0,0,1,34.0,40.0,deux_roues,utilitaire_camion,1,2,1,1,3
202400012362,2024-01-29 07:50:00,2024,1,29,7,50,72,72025,Voie Romaine,47.67369113,-0.16520619,Crépuscule ou aube,En agglomération,Autre intersection,Autre,Deux véhicules - côté,4,2,2,0,1,1,1,0,1,50,2,2,1,0,1,0,17.0,38.0,deux_roues,voiture,2,2,9,9,3
202400012363,2024-12-30 21:15:00,2024,12,30,21,15,49,49259,RD 106,47.37153,-0.648301,Nuit sans éclairage public,Hors agglomération,Hors intersection,Normale,Sans collision,3,2,2,0,2,2,1,0,3,80,1,4,2,1,0,1,17.0,,voiture,,3,1,1,1,7
202400012364,2024-08-03 21:09:00,2024,8,3,21,9,49,49007,BEDIER BOULEVARD,47.45136,-0.54756,Crépuscule ou aube,En agglomération,Hors intersection,Normale,Sans collision,4,3,4,0,1,1,1,0,1,50,1,1,0,0,1,0,22.0,,deux_roues,,2,2,1,1,7
202400012365,2024-12-31 14:15:00,2024,12,31,14,15,68,68074,D7b,47.483743,7.254158,Plein jour,Hors agglomération,Hors intersection,Brouillard / fumée,Sans collision,3,2,2,0,1,1,2,0,3,80,1,1,0,0,1,0,36.0,,voiture,,1,1,1,5,7
202400012366,2024-02-03 21:15:00,2024,2,3,21,15,22,22067,rue saint jean,48.565873,-3.174791,Nuit sans éclairage public,En agglomération,Hors intersection,Normale,Deux véhicules - côté,3,2,2,2,2,1,1,0,1,-1,2,3,1,0,0,2,76.0,52.0,voiture,deux_roues,3,2,1,1,3
202400012367,2024-08-03 06:38:00,2024,8,3,6,38,49,49007,RUE MONTESQUIEU,47.47246,-0.58398,Crépuscule ou aube,En agglomération,Hors intersection,Normale,Sans collision,4,2,2,0,1,1,1,0,1,50,1,3,2,0,0,1,22.0,,utilitaire_camion,,2,2,1,1,7
202400012368,2024-12-31 05:00:00,2024,12,31,5,0,02,02095,Route de Guise,49.972961,3.49229,Nuit sans éclairage public,Hors agglomération,Hors intersection,Brouillard / fumée,Autre collision,3,2,2,0,1,1,2,0,3,80,1,2,0,1,1,0,40.0,,voiture,,3,1,1,5,6
202400012369,2024-02-03 16:30:00,2024,2,3,16,30,27,27439,Normanville,49.05981027,1.17444576,Plein jour,En agglomération,Autre intersection,Normale,Deux véhicules - arrière,2,3,2,0,2,3,1,3,1,70,2,3,2,0,0,1,42.0,29.0,voiture,voiture,1,2,9,1,2
202400012370,2024-08-03 17:20:00,2024,8,3,17,20,47,47323,ROL TANGUY,44.41008,0.73547,Plein jour,En agglomération,Autre intersection,Normale,Autre collision,6,-1, -1,3,1,1,1,6,6,30,1,5,1,0,2,2,89.0,,voiture,,1,2,9,1,6
202400012371,2024-12-31 13:23:00,2024,12,31,13,23,84,84017,D974,44.120195,5.233366,Plein jour,Hors agglomération,Hors intersection,Normale,Trois véhicules et plus - collisions multiples,3,2,2,0,1,4,1,0,1,80,3,4,1,1,2,0,19.0,55.0,voiture,deux_roues,1,1,1,1,5
202400012372,2024-02-03 22:07:00,2024,2,3,22,7,60,60528,D6,49.24523,1.870129,Nuit sans éclairage public,Hors agglomération,Hors intersection,Pluie légère,Autre collision,3,-1,2,0,1,3,2,0,1,80,1,2,0,0,2,0,21.0,,voiture,,3,1,1,2,6
202400012373,2024-08-05 18:00:00,2024,8,5,18,0,45,45234,11 Boulevard de Verdun,47.90699,1.90401,Plein jour,En agglomération,Hors intersection,Normale,Deux véhicules - côté,7,3,7,0,1,1,1,0,1,50,2,2,1,0,0,1,21.0,59.0,deux_roues,voiture,1,2,1,1,3
202400012374,2024-12-31 07:10:00,2024,12,31,7,10,15,15045,RD 11,44.854661,2.99926,Crépuscule ou aube,Hors agglomération,Hors intersection,Normale,Autre collision,3,2,2,0,2,1,1,0,3,90,1,1,0,0,1,0,73.0,,voiture,,2,1,1,1,6
202400012375,2024-02-04 02:45:00,2024,2,4,2,45,80,80561,Avenue du Chemin Vert,49.65048,2.578279,Nuit sans éclairage public,En agglomération,Autre intersection,Pluie légère,Autre collision,4,2,2,1,1,2,2,0,3,50,1,1,0,0,0,1,45.0,,voiture,,3,2,9,2,6
202400012376,2024-08-03 16:20:00,2024,8,3,16,20,45,45208,6 Avenue du Docteur Robert Szigeti,47.996302,2.726498,Plein jour,En agglomération,Hors intersection,Normale,Deux véhicules - frontale,4,2,2,0,1,1,1,0,1,50,2,3,1,0,0,2,59.0,39.0,voiture,voiture,1,2,1,1,1
202400012377,2024-02-02 20:00:00,2024,2,2,20,0,13,13211,A50-Sens Aubagne vers Marseille,43.32373198,5.42258838,Nuit sans éclairage public,Hors agglomération,Hors intersection,Normale,Deux véhicules - côté,1,1,4,0,1,1,1,0,1,90,2,2,0,0,0,2,21.0,26.0,voiture,voiture,3,1,1,1,3
202400012378,2024-12-30 10:00:00,2024,12,30,10,0,15,15187,ZAC  Montplain est,45.038081,3.067364,Plein jour,En agglomération,Intersection en T,Normale,Deux véhicules - côté,3,2,1,0,1,1,1,0,1,50,2,2,1,0,1,0,26.0,29.0,deux_roues,utilitaire_camion,1,2,3,1,3
202400012378,2024-12-30 10:00:00,2024,12,30,10,0,15,15187,ZAC  Montplain est,45.038081,3.067364,Plein jour,En agglomération,Intersection en T,Normale,Deux véhicules - côté,3,2,2,0,1,1,1,0,1,50,2,2,1,0,1,0,26.0,29.0,deux_roues,utilitaire_camion,1,2,3,1,3