accident_id,datetime,annee,mois,jour,heure,minute,departement,commune_insee,adresse,latitude,longitude,luminosite,agglomeration,intersection,meteo,collision,catr,circ,nbv,vosp,prof,plan,surf,infra,situ,vma,nb_vehicules,nb_usagers,nb_indemnes,nb_tues,nb_blesses_hosp,nb_blesses_legers,age_cond_1,age_cond_2,veh_type_cond_1,veh_type_cond_2,lum_code,agg_code,int_code,atm_code,col_code
202400012448,2024-12-30 19:50:00,2024,12,30,19,50,57,57206,Autoroute A30,49.31035838,6.11302575,Nuit sans éclairage public,Hors agglomération,Autre intersection,Pluie légère,Deux véhicules - arrière,1,3,4,0,1,1,2,0,1,110,2,4,1,0,1,2,34.0,36.0,voiture,voiture,3,1,9,2,2
202400012449,2024-02-02 13:10:00,2024,2,2,13,10,83,83137,15EME CORPS (AVE DU),43.1285282,5.9144606,Plein jour,En agglomération,Hors intersection,Normale,Autre collision,3,2,2,0,1,1,1,0,1,50,1,2,1,0,1,0,38.0,,deux_roues,,1,2,1,1,6
202400012450,2024-08-04 19:25:00,2024,8,4,19,25,75,75114,PORTE DE CHATILLON,48.824004,2.307669,Plein jour,En agglomération,Hors intersection,Normale,Deux véhicules - arrière,4,1,3,0,1,1,1,0,1,70,2,2,1,0,0,1,28.0,54.0,voiture,voiture,1,2,1,1,2
202400012451,2024-08-02 18:38:00,2024,8,2,18,38,75,75120,BD PERIPHERIQUE INTERIEUR,48.867845,2.413241,Plein jour,En agglomération,Hors intersection,Normale,Deux véhicules - arrière,4,1,4,0,1,1,1,0,1,70,2,2,1,0,1,0,46.0,34.0,voiture,deux_roues,1,2,1,1,2
202400012452,2024-02-02 20:40:00,2024,2,2,20,40,83,83061,AVENUE DE PROVENCE,43.42765489,6.74572703,Nuit avec éclairage allumé,En agglomération,Intersection en X,Normale,Deux véhicules - côté,3,3,4,0,1,1,1,5,1,50,2,2,0,0,1,1,23.0,36.0,voiture,deux_roues,5,2,2,1,3
202400012452,2024-02-02 20:40:00,2024,2,2,20,40,83,83061,AVENUE DE PROVENCE,43.42765489,6.74572703,Nuit avec éclairage allumé,En agglomération,Intersection en X,Normale,Deux véhicules - côté,3,2,2,0,1,1,1,5,1,50,2,2,0,0,1,1,23.0,36.0,voiture,deux_roues,5,2,2,1,3
202400012453,2024-02-02 16:10:00,2024,2,2,16,10,78,78350,CONTI (QUAI),48.876313,2.117144,Plein jour,En agglomération,Hors intersection,Normale,Deux véhicules - frontale,3,3,5,0,1,1,1,0,1,50,2,2,1,0,0,1,82.0,63.0,voiture,voiture,1,2,1,1,1
202400012454,2024-08-05 10:55:00,2024,8,5,10,55,75,75117,RUE GUSTAVE CHARPENTIER,48.880618,2.281036,Plein jour,En agglomération,Intersection en T,Normale,Deux véhicules - côté,4,1, -1,-1,1,1,1,0,1,30,2,2,1,0,0,1,35.0,82.0,deux_roues,utilitaire_camion,1,2,3,1,3
202400012454,2024-08-05 10:55:00,2024,8,5,10,55,75,75117,RUE GUSTAVE CHARPENTIER,48.880618,2.281036,Plein jour,En agglomération,Intersection en T,Normale,Deux véhicules - côté,4,1,1,0,1,1,1,0,1,30,2,2,1,0,0,1,35.0,82.0,deux_roues,utilitaire_camion,1,2,3,1,3
202400012455,2024-12-28 17:35:00,2024,12,28,17,35,92,92025,A86,48.93400494,2.25573622,Crépuscule ou aube,Hors agglomération,Hors intersection,Normale,Trois véhicules et plus - en chaîne,1,1,2,0,1,1,1,0,1,90,6,14,13,0,0,1,61.0,53.0,voiture,voiture,2,1,1,1,4
202400012456,2024-02-01 18:25:00,2024,2,1,18,25,78,78372,PRESIDENT J.F KENNEDY (AVENUE DU),48.881089,2.097457,Nuit avec éclairage allumé,En agglomération,Hors intersection,Normale,Deux véhicules - côté,3,2,2,0,1,1,1,0,1,50,2,2,1,0,1,0,28.0,24.0,voiture,deux_roues,5,2,1,1,3
202400012457,2024-07-13 21:55:00,2024,7,13,21,55,972,97213,ROUTE DEPARTEMENTALE 15,14.6222,-61.006552,Nuit sans éclairage public,Hors agglomération,Hors intersection,Normale,Deux véhicules - côté,3,2,2,0,2,1,1,0,1,80,2,2,1,0,1,0,33.0,53.0,deux_roues,utilitaire_camion,3,1,1,1,3
202400012458,2024-08-04 19:50:00,2024,8,4,19,50,75,75116,AVENUE VICTOR HUGO,48.867854,2.281071,Plein jour,En agglomération,Intersection à plus de 4 branches,Normale,Autre collision,4,1,1,0,1,2,1,0,1,30,1,2,1,0,0,1,38.0,,voiture,,1,2,5,1,6
202400012458,2024-08-04 19:50:00,2024,8,4,19,50,75,75116,AVENUE VICTOR HUGO,48.867854,2.281071,Plein jour,En agglomération,Intersection à plus de 4 branches,Normale,Autre collision,4,1, -1,-1,1,1,1,0,1,-1,1,2,1,0,0,1,38.0,,voiture,,1,2,5,1,6
202400012459,2024-02-01 17:50:00,2024,2,1,17,50,77,77083,ALBERT EINSTEIN (BOULEVARD),48.83785,2.58515,Crépuscule ou aube,En agglomération,Giratoire,Normale,Sans collision,4,1,1,0,1,2,2,5,1,50,1,1,0,0,0,1,38.0,,deux_roues,,2,2,6,1,7
202400012459,2024-02-01 17:50:00,2024,2,1,17,50,77,77083,ALBERT EINSTEIN (BOULEVARD),48.83785,2.58515,Crépuscule ou aube,En agglomération,Giratoire,Normale,Sans collision,4,3,4,0,1,1,2,5,1,50,1,1,0,0,0,1,38.0,,deux_roues,,2,2,6,1,7
202400012460,2024-06-10 16:00:00,2024,6,10,16,0,91,91174,RUE DE L AVENIR,48.58074,2.47636,Plein jour,En agglomération,Intersection en T,Pluie légère,Deux véhicules - côté,3,2,2,0,1,1,2,0,5,50,2,2,1,0,0,1,,17.0,deux_roues,autre,1,2,3,2,3
202400012460,2024-06-10 16:00:00,2024,6,10,16,0,91,91174,RUE DE L AVENIR,48.58074,2.47636,Plein jour,En agglomération,Intersection en T,Pluie légère,Deux véhicules - côté,3,-1,1,1,1,1,2,0,5,30,2,2,1,0,0,1,,17.0,deux_roues,autre,1,2,3,2,3
202400012461,2024-08-05 16:20:00,2024,8,5,16,20,75,75110,QUAI DE VALMY,48.879264,2.366744,Plein jour,En agglomération,Intersection en T,Normale,Autre collision,4,1, -1,-1,1,1,1,0,5,30,2,2,1,0,0,1,67.0,34.0,deux_roues,deux_roues,1,2,3,1,6
202400012461,2024-08-05 16:20:00,2024,8,5,16,20,75,75110,QUAI DE VALMY,48.879264,2.366744,Plein jour,En agglomération,Intersection en T,Normale,Autre collision,4,2, -1,1,2,1,1,0,5,30,2,2,1,0,0,1,67.0,34.0,deux_roues,deux_roues,1,2,3,1,6
202400012462,2024-01-16 08:20:00,2024,1,16,8,20,77,77373,DEPARTEMENTALE 1004,48.790864,2.61848,Crépuscule ou aube,Hors agglomération,Hors intersection,Normale,Deux véhicules - arrière,2,3,4,0,1,1,2,0,1,90,2,2,1,0,1,0,24.0,24.0,voiture,deux_roues,2,1,1,1,2
202400012463,2024-07-01 10:35:00,2024,7,1,10,35,03,03310,avenue de Gramont,46.130559,3.433182,Plein jour,En agglomération,Intersection en X,Normale,Autre collision,3,2, -1,0,1,1,1,0,1,-1,1,2,1,0,0,1,41.0,,utilitaire_camion,,1,2,2,1,6
202400012463,2024-07-01 10:35:00,2024,7,1,10,35,03,03310,avenue de Gramont,46.130559,3.433182,Plein jour,En agglomération,Intersection en X,Normale,Autre collision,3,2, -1,-1,1,1,1,0,1,-1,1,2,1,0,0,1,41.0,,utilitaire_camion,,1,2,2,1,6
202400012464,2024-08-05 06:50:00,2024,8,5,6,50,75,75108,RUE PIERRE CHARRON,48.868698,2.301741,Nuit avec éclairage allumé,En agglomération,Intersection en T,Normale,Deux véhicules - arrière,4,1, -1,-1,1,1,1,0,1,30,2,2,1,0,0,1,63.0,51.0,voiture,deux_roues,5,2,3,1,2
202400012464,2024-08-05 06:50:00,2024,8,5,6,50,75,75108,RUE PIERRE CHARRON,48.868698,2.301741,Nuit avec éclairage allumé,En agglomération,Intersection en T,Normale,Deux véhicules - arrière,4,2,1,0,1,1,1,0,1,30,2,2,1,0,0,1,63.0,51.0,voiture,deux_roues,5,2,3,1,2
202400012465,2024-02-02 20:00:00,2024,2,2,20,0,76,76486,Rue de Rouen,49.3023,0.99227,Nuit avec éclairage non allumé,En agglomération,Hors intersection,Normale,Autre collision,7,2,2,0,1,3,1,0,1,50,1,2,1,0,1,0,72.0,,voiture,,4,2,1,1,6
202400012466,2024-02-03 02:40:00,2024,2,3,2,40,03,03001,,46.10081,3.42894,Nuit sans éclairage public,En agglomération,Hors intersection,Brouillard / fumée,Deux véhicules - côté,3,2,2,0,1,1,1,0,1,90,2,3,1,0,0,2,22.0,,deux_roues,autre,3,2,1,5,3
202400012467,2024-08-05 09:10:00,2024,8,5,9,10,75,75103,RUE REAUMUR,48.864977,2.358276,Plein jour,En agglomération,Intersection en T,Normale,Autre collision,4,1,1,0,1,1,1,0,1,30,1,2,1,0,0,1,61.0,,deux_roues,,1,2,3,1,6
202400012467,2024-08-05 09:10:00,2024,8,5,9,10,75,75103,RUE REAUMUR,48.864977,2.358276,Plein jour,En agglomération,Intersection en T,Normale,Autre collision,4,1,3,3,1,1,1,0,1,30,1,2,1,0,0,1,61.0,,deux_roues,,1,2,3,1,6
202400012468,2024-01-08 19:00:00,2024,1,8,19,0,03,03310,avenue des Célestins,46.120688,3.42651,Nuit avec éclairage allumé,En agglomération,Hors intersection,Normale,Autre collision,3,2,2,0,1,1,1,0,1,50,1,2,1,0,1,0,49.0,,utilitaire_camion,,5,2,1,1,6
202400012469,2024-02-02 08:00:00,2024,2,2,8,0,76,76231,Rue Bourgtheroulde,49.28776,0.97436,Crépuscule ou aube,Hors agglomération,Hors intersection,Temps couvert,Deux véhicules - côté,7,2,2,0,2,2,2,0,1,70,2,4,0,1,1,2,47.0,40.0,voiture,voiture,2,1,1,8,3
202400012470,2024-12-28 17:30:00,2024,12,28,17,30,974,97411,LECONTE DE LISLE (AVENUE),-20.89564,55.49056,Plein jour,En agglomération,Hors intersection,Normale,Autre collision,4,2,0,0,1,1,1,0,1,50,1,1,0,1,0,0,50.0,,utilitaire_camion,,1,2,1,1,6
202400012471,2024-08-04 03:45:00,2024,8,4,3,45,75,75101,RUE DE RIVOLI,48.862752,2.335272,Nuit avec éclairage allumé,En agglomération,Intersection en T,Normale,Deux véhicules - arrière,4,1, -1,-1,1,1,1,-1,5,-1,2,2,0,0,0,2,36.0,32.0,deux_roues,deux_roues,5,2,3,1,2
202400012471,2024-08-04 03:45:00,2024,8,4,3,45,75,75101,RUE DE RIVOLI,48.862752,2.335272,Nuit avec éclairage allumé,En agglomération,Intersection en T,Normale,Deux véhicules - arrière,4,2,4,1,1,1,1,-1,5,25,2,2,0,0,0,2,36.0,32.0,deux_roues,deux_roues,5,2,3,1,2
202400012472,2024-02-01 19:30:00,2024,2,1,19,30,76,76351,SEIZIEME PORT (AVENUE DU),49.45842,0.18599,Nuit avec éclairage allumé,En agglomération,Giratoire,Pluie légère,Sans collision,4,1,2,0,1,3,2,0,1,50,1,1,0,0,0,1,56.0,,utilitaire_camion,,5,2,6,2,7
202400012473,2024-12-29 10:50:00,2024,12,29,10,50,973,97302,14 ET 22 JUIN 1962,4.93453,-52.3271,Plein jour,En agglomération,Hors intersection,Pluie légère,Autre collision,4,2,2,0,1,1,2,0,1,30,1,2,1,0,0,1,26.0,,voiture,,1,2,1,2,6
202400012474,2024-08-05 19:40:00,2024,8,5,19,40,94,94073,Rdpt d'Espagne,48.754257,2.374202,Plein jour,Hors agglomération,Autre intersection,Normale,Autre collision,9,-1,0,0,1,1,1,9,8,50,1,1,0,0,1,0,26.0,,deux_roues,,1,1,9,1,6
202400012475,2024-02-01 08:15:00,2024,2,1,8,15,76,76351,FRISSARD (QUAI),49.49001,0.12614,Crépuscule ou aube,En agglomération,Hors intersection,Pluie légère,Autre collision,4,2, -1,0,1,1,2,0,1,50,1,2,1,0,0,1,23.0,,voiture,,2,2,1,2,6
202400012476,2024-12-29 02:30:00,2024,12,29,2,30,69,69387,Quai Claude Bernard,45.75360659,4.83835893,Nuit avec éclairage allumé,En agglomération,Hors intersection,Brouillard / fumée,Deux véhicules - arrière,4,1,3,1,1,1,1,0,3,50,2,5,3,0,0,2,46.0,23.0,voiture,voiture,5,2,1,5,2
202400012477,2024-08-05 15:25:00,2024,8,5,15,25,94,94073,Avenue de Pourtour,48.754295,2.375111,Plein jour,En agglomération,Intersection en X,Normale,Deux véhicules - côté,4,2,2,3,1,1,1,-1,6,50,2,3,2,0,0,1,64.0,24.0,voiture,deux_roues,1,2,2,1,3
202400012477,2024-08-05 15:25:00,2024,8,5,15,25,94,94073,Avenue de Pourtour,48.754295,2.375111,Plein jour,En agglomération,Intersection en X,Normale,Deux véhicules - côté,4,1,2,0,1,3,1,0,6,50,2,3,2,0,0,1,64.0,24.0,voiture,deux_roues,1,2,2,1,3
202400012478,2024-02-02 21:10:00,2024,2,2,21,10,74,74012,BROUAZ (RUE DU),46.18451,6.22874,Nuit avec éclairage allumé,En agglomération,Intersection en T,Normale,Deux véhicules - frontale,4,2,2,0,1,1,1,0,1,50,2,2,1,0,0,1,22.0,42.0,deux_roues,voiture,5,2,3,1,1
202400012478,2024-02-02 21:10:00,2024,2,2,21,10,74,74012,BROUAZ (RUE DU),46.18451,6.22874,Nuit avec éclairage allumé,En agglomération,Intersection en T,Normale,Deux véhicules - frontale,4,2,2,0,2,1,1,0,1,50,2,2,1,0,0,1,22.0,42.0,deux_roues,voiture,5,2,3,1,1
202400012479,2024-12-29 11:15:00,2024,12,29,11,15,972,97209,RD 41 (ROCADE),14.61594,-61.05729,Plein jour,Hors agglomération,Hors intersection,Normale,Sans collision,3,-1,2,0,2,3,1,0,1,60,1,1,0,0,1,0,50.0,,voiture,,1,1,1,1,7
202400012480,2024-08-05 08:35:00,2024,8,5,8,35,94,94033,Avenue de Stalingrad,48.85244,2.44963,Plein jour,En agglomération,Hors intersection,Normale,Deux véhicules - frontale,3,2,2,0,1,1,1,0,1,50,2,2,0,0,0,2,36.0,39.0,deux_roues,deux_roues,1,2,1,1,1
202400012481,2024-12-29 16:45:00,2024,12,29,16,45,69,69149,Rue Fleury,45.71437,4.80969,Crépuscule ou aube,En agglomération,Intersection en T,Brouillard / fumée,Deux véhicules - côté,4,-1,1,2,2,1,2,0,1,30,2,2,1,0,0,1,29.0,45.0,deux_roues,voiture,2,2,3,5,3
202400012481,2024-12-29 16:45:00,2024,12,29,16,45,69,69149,Rue Fleury,45.71437,4.80969,Crépuscule ou aube,En agglomération,Intersection en T,Brouillard / fumée,Deux véhicules - côté,4,1,1,0,1,1,2,0,1,30,2,2,1,0,0,1,29.0,45.0,deux_roues,voiture,2,2,3,5,3
202400012482,2024-01-25 11:05:00,2024,1,25,11,5,73,73008,VERDUN AVENUE DE,45.69078,5.91052,Plein jour,En agglomération,Hors intersection,Normale,Deux véhicules - arrière,4,3,2,0,1,1,1,0,1,30,2,2,1,0,0,1,41.0,72.0,voiture,deux_roues,1,2,1,1,2
202400012483,2024-08-05 13:40:00,2024,8,5,13,40,94,94017,Rue Louis Talamoni,48.81281,2.51404,Plein jour,En agglomération,Intersection en T,Normale,Deux véhicules - côté,3,2,4,0,2,1,1,0,1,50,2,2,1,0,1,0,42.0,54.0,deux_roues,voiture,1,2,3,1,3
202400012483,2024-08-05 13:40:00,2024,8,5,13,40,94,94017,Rue Louis Talamoni,48.81281,2.51404,Plein jour,En agglomération,Intersection en T,Normale,Deux véhicules - côté,3,2,4,3,2,1,1,0,1,50,2,2,1,0,1,0,42.0,54.0,deux_roues,voiture,1,2,3,1,3
202400012484,2024-02-02 10:26:00,2024,2,2,10,26,72,72181,MADRID (ALLEE DE),48.02012,0.2097,Plein jour,En agglomération,Autre intersection,Normale,Autre collision,4,2,2,0,2,3,1,0,1,50,1,2,0,0,0,2,57.0,,transport_commun,,1,2,9,1,6
202400012485,2024-12-29 07:15:00,2024,12,29,7,15,95,95252,D508,48.98445,2.24067,Nuit avec éclairage allumé,En agglomération,Intersection en X,Normale,Deux véhicules - arrière,1,1,2,0,1,1,2,0,1,50,2,6,3,0,0,3,43.0,26.0,utilitaire_camion,voiture,5,2,2,1,2
202400012485,2024-12-29 07:15:00,2024,12,29,7,15,95,95252,D508,48.98445,2.24067,Nuit avec éclairage allumé,En agglomération,Intersection en X,Normale,Deux véhicules - arrière,1,1,2,0,1,1,2,0,1,90,2,6,3,0,0,3,43.0,26.0,utilitaire_camion,voiture,5,2,2,1,2
202400012486,2024-08-05 01:40:00,2024,8,5,1,40,95,95527,COMMUNE (ROUTE DE LA),49.00800456,2.52519786,Nuit avec éclairage non allumé,Hors agglomération,Intersection en Y,Normale,Deux véhicules - côté,4,1,2,0,1,1,1,0,1,70,2,2,1,0,0,1,57.0,31.0,transport_commun,voiture,4,1,4,1,3
202400012486,2024-08-05 01:40:00,2024,8,5,1,40,95,95527,COMMUNE (ROUTE DE LA),49.00800456,2.52519786,Nuit avec éclairage non allumé,Hors agglomération,Intersection en Y,Normale,Deux véhicules - côté,4,1,1,0,2,3,1,0,1,50,2,2,1,0,0,1,57.0,31.0,transport_commun,voiture,4,1,4,1,3
202400012487,2024-02-01 19:30:00,2024,2,1,19,30,72,72181,BOUTTIE GEORGES (PL) DE N° 7 A 14,48.01126,0.18929,Nuit avec éclairage allumé,En agglomération,Giratoire,Normale,Deux véhicules - arrière,4,-1,1,1,1,2,1,0,1,30,2,2,1,0,0,1,52.0,45.0,deux_roues,voiture,5,2,6,1,2
202400012487,2024-02-01 19:30:00,2024,2,1,19,30,72,72181,BOUTTIE GEORGES (PL) DE N° 7 A 14,48.01126,0.18929,Nuit avec éclairage allumé,En agglomération,Giratoire,Normale,Deux véhicules - arrière,4,1,1,1,1,1,1,0,1,50,2,2,1,0,0,1,52.0,45.0,deux_roues,voiture,5,2,6,1,2
202400012488,2024-12-29 17:30:00,2024,12,29,17,30,91,91027,AV FRANCOIS MITTERRAND,48.70943714,2.37144828,Nuit avec éclairage allumé,En agglomération,Hors intersection,Pluie légère,Trois véhicules et plus - en chaîne,3,1,4,0,1,1,2,0,1,70,3,4,2,0,0,2,66.0,58.0,utilitaire_camion,utilitaire_camion,5,2,1,2,4
202400012489,2024-08-04 22:30:00,2024,8,4,22,30,93,93055,Rue Delizy / Rue Victor Hugo,48.89392502,2.40965152,Nuit avec éclairage allumé,En agglomération,Intersection en X,Normale,Autre collision,3,2,3,1,2,1,1,5,1,50,1,2,1,0,0,1,26.0,,voiture,,5,2,2,1,6
202400012489,2024-08-04 22:30:00,2024,8,4,22,30,93,93055,Rue Delizy / Rue Victor Hugo,48.89392502,2.40965152,Nuit avec éclairage allumé,En agglomération,Intersection en X,Normale,Autre collision,3,2,2,0,1,1,1,5,1,-1,1,2,1,0,0,1,26.0,,voiture,,5,2,2,1,6
202400012490,2024-02-01 13:55:00,2024,2,1,13,55,72,72181,ANATOLE FRANCE (BD ),48.00111,0.18891,Plein jour,En agglomération,Autre intersection,Normale,Deux véhicules - côté,4,2,2,0,1,1,1,0,1,50,2,2,1,0,0,1,41.0,42.0,deux_roues,voiture,1,2,9,1,3
202400012491,2024-12-29 10:15:00,2024,12,29,10,15,83,83062,DE LATTRE DE TASSIGNY (AVENUE),43.11340163,5.99004579,Plein jour,En agglomération,Hors intersection,Normale,Autre collision,3,-1,2,0,1,1,1,0,1,50,1,2,1,0,1,0,34.0,,deux_roues,,1,2,1,1,6
202400012492,2024-08-05 11:40:00,2024,8,5,11,40,93,93050,MARECHAL FOCH (AVENUE) COTE PAIR,48.855046,2.524506,Plein jour,En agglomération,Hors intersection,Normale,Autre collision,3,2,2,0,1,1,1,0,1,50,1,2,1,0,0,1,29.0,,voiture,,1,2,1,1,6
202400012493,2024-12-29 09:15:00,2024,12,29,9,15,78,78586,DIJOU,48.9384,2.15096,Plein jour,En agglomération,Hors intersection,Normale,Autre collision,4,2,1,0,1,1,1,0,4,30,1,1,0,1,0,0,75.0,,voiture,,1,2,1,1,6
202400012494,2024-08-05 20:30:00,2024,8,5,20,30,93,93046,POSTES CHEMIN DES,48.90818,2.532755,Plein jour,En agglomération,Hors intersection,Normale,Autre collision,4,-1,1,0,1,1,1,0,1,50,1,2,1,0,0,1,26.0,,voiture,,1,2,1,1,6
202400012495,2024-12-29 05:15:00,2024,12,29,5,15,76,76108,Route de Neufchâtel,49.47224,1.12244,Nuit avec éclairage allumé,En agglomération,Hors intersection,Pluie légère,Autre collision,7,2,2,0,1,1,2,-1,1,50,1,1,0,0,0,1,40.0,,voiture,,5,2,1,2,6
202400012496,2024-01-31 17:45:00,2024,1,31,17,45,72,72181,LAIGNE RUE DE N° PAIRS 260 ET >,47.96036,0.20813,Crépuscule ou aube,En agglomération,Intersection en T,Normale,Deux véhicules - arrière,9,2,2,0,1,1,1,0,1,50,2,3,1,0,0,2,45.0,58.0,voiture,voiture,2,2,3,1,2
202400012496,2024-01-31 17:45:00,2024,1,31,17,45,72,72181,LAIGNE RUE DE N° PAIRS 260 ET >,47.96036,0.20813,Crépuscule ou aube,En agglomération,Intersection en T,Normale,Deux véhicules - arrière,9,2,2,0,1,1,1,0,1,50,2,3,1,0,0,2,45.0,58.0,voiture,voiture,2,2,3,1,2
202400012497,2024-08-03 21:25:00,2024,8,3,21,25,93,93014,BELLEVUE (ALLEE DE),48.91481,2.54883,Plein jour,En agglomération,Hors intersection,Pluie légère,Autre collision,4,2,2,0,2,1,2,0,1,50,1,1,0,0,0,1,54.0,,voiture,,1,2,1,2,6
202400012498,2024-12-29 18:00:00,2024,12,29,18,0,76,76217,AVENUE JEAN JAURES,49.91017,1.06672,Nuit avec éclairage allumé,En agglomération,Hors intersection,Normale,Deux véhicules - arrière,4,-1,0,0,1,1,1,0,1,50,2,2,1,0,0,1,,71.0,voiture,voiture,5,2,1,1,2
202400012499,2024-02-02 15:10:00,2024,2,2,15,10,71,71445,RD673,46.78219,4.88608,Plein jour,Hors agglomération,Hors intersection,Normale,Deux véhicules - arrière,3,2,2,0,1,1,1,0,1,80,2,2,1,0,0,1,48.0,19.0,utilitaire_camion,voiture,1,1,1,1,2
202400012500,2024-08-05 09:30:00,2024,8,5,9,30,93,93057,Avenue Jean Jaurès / Avenue du Président Wilson,48.90281,2.50844,Plein jour,En agglomération,Intersection en X,Normale,Deux véhicules - côté,3,2,2,0,1,1,1,0,1,30,2,2,0,0,0,2,45.0,36.0,voiture,deux_roues,1,2,2,1,3
202400012500,2024-08-05 09:30:00,2024,8,5,9,30,93,93057,Avenue Jean Jaurès / Avenue du Président Wilson,48.90281,2.50844,Plein jour,En agglomération,Intersection en X,Normale,Deux véhicules - côté,3,1,1,0,1,1,1,0,1,30,2,2,0,0,0,2,45.0,36.0,voiture,deux_roues,1,2,2,1,3
202400012501,2024-12-29 23:50:00,2024,12,29,23,50,69,69259,Allée des Savoies,45.71706,4.85774,Nuit avec éclairage allumé,En agglomération,Hors intersection,Normale,Sans collision,4,1,2,0,1,1,1,0,1,50,1,1,0,0,0,1,19.0,,voiture,,5,2,1,1,7
202400012502,2024-01-29 13:45:00,2024,1,29,13,45,70,70550,Rue Jean Jaurès,47.615822,6.153006,Plein jour,En agglomération,Intersection en X,Temps éblouissant,Autre collision,2,4,3,0,1,1,1,5,1,50,1,2,1,0,0,1,68.0,,voiture,,1,2,2,7,6
202400012502,2024-01-29 13:45:00,2024,1,29,13,45,70,70550,Rue Jean Jaurès,47.615822,6.153006,Plein jour,En agglomération,Intersection en X,Temps éblouissant,Autre collision,2,2,2,0,1,1,1,5,1,50,1,2,1,0,0,1,68.0,,voiture,,1,2,2,7,6
202400012503,2024-12-29 19:50:00,2024,12,29,19,50,69,69029,Rue Jean Voillot,45.73269179,4.90158753,Nuit avec éclairage allumé,En agglomération,Autre intersection,Normale,Deux véhicules - côté,4,2,2,0,2,1,1,0,1,30,2,2,1,0,0,1,,43.0,voiture,voiture,5,2,9,1,3
202400012504,2024-08-05 22:20:00,2024,8,5,22,20,93,93005,Route de Bondy,48.92516052,2.49069431,Nuit avec éclairage allumé,En agglomération,Hors intersection,Normale,Deux véhicules - côté,4,2,2,0,1,1,1,9,1,50,2,3,1,0,0,2,26.0,43.0,deux_roues,voiture,5,2,1,1,3
202400012505,2024-12-29 21:30:00,2024,12,29,21,30,66,66136,Rue de Torremila,42.72137,2.87722,Nuit avec éclairage allumé,En agglomération,Hors intersection,Normale,Autre collision,4,-1,2,0,1,1,1,0,1,50,1,1,0,0,0,1,38.0,,voiture,,5,2,1,1,6
202400012506,2024-08-05 17:40:00,2024,8,5,17,40,93,93001,Avenue de la République,48.91087261,2.38499737,Plein jour,En agglomération,Hors intersection,Normale,Autre collision,3,2,2,3,1,1,1,0,1,40,1,2,1,0,0,1,34.0,,autre,,1,2,1,1,6
202400012507,2024-02-02 22:48:00,2024,2,2,22,48,69,69256,Rue Jean Foucaud,45.77404,4.92103,Nuit avec éclairage allumé,En agglomération,Intersection en X,Normale,Deux véhicules - frontale,4,2,2,0,1,1,1,0,1,30,2,3,1,0,0,2,44.0,18.0,voiture,deux_roues,5,2,2,1,1
202400012507,2024-02-02 22:48:00,2024,2,2,22,48,69,69256,Rue Jean Foucaud,45.77404,4.92103,Nuit avec éclairage allumé,En agglomération,Intersection en X,Normale,Deux véhicules - frontale,4,2,2,2,1,1,1,0,1,50,2,3,1,0,0,2,44.0,18.0,voiture,deux_roues,5,2,2,1,1
202400012508,2024-12-28 17:58:00,2024,12,28,17,58,64,64483,LAHANCHIPIA (AVENUE),43.40201,-1.62728,Crépuscule ou aube,En agglomération,Hors intersection,Normale,Deux véhicules - côté,4,2,2,0,1,1,1,0,1,50,2,2,1,0,0,1,20.0,31.0,deux_roues,voiture,2,2,1,1,3
202400012509,2024-08-03 21:15:00,2024,8,3,21,15,92,92035,Verdun 1916 ( avenue de ),48.90672261,2.23879266,Crépuscule ou aube,En agglomération,Intersection en X,Pluie légère,Deux véhicules - côté,3,3,5,0,1,1,2,5,1,30,2,2,1,0,1,0,43.0,21.0,voiture,deux_roues,2,2,2,2,3
202400012509,2024-08-03 21:15:00,2024,8,3,21,15,92,92035,Verdun 1916 ( avenue de ),48.90672261,2.23879266,Crépuscule ou aube,En agglomération,Intersection en X,Pluie légère,Deux véhicules - côté,3,3,5,0,1,1,2,5,1,30,2,2,1,0,1,0,43.0,21.0,voiture,deux_roues,2,2,2,2,3
202400012510,2024-12-23 14:15:00,2024,12,23,14,15,62,62427,Chemin de Noyelles,50.40145241,2.97701669,Plein jour,En agglomération,Hors intersection,Normale,Deux véhicules - côté,4,2,0,0,1,1,2,0,1,50,2,2,1,0,1,0,39.0,39.0,voiture,deux_roues,1,2,1,1,3
202400012511,2024-02-02 16:20:00,2024,2,2,16,20,69,69199,Rue Mathieu Dussurgey,45.71227,4.86251,Plein jour,En agglomération,Intersection en T,Normale,Deux véhicules - côté,4,1,1,2,1,1,1,0,1,30,2,3,1,0,0,2,37.0,22.0,voiture,voiture,1,2,3,1,3
202400012511,2024-02-02 16:20:00,2024,2,2,16,20,69,69199,Rue Mathieu Dussurgey,45.71227,4.86251,Plein jour,En agglomération,Intersection en T,Normale,Deux véhicules - côté,4,2,2,0,1,1,1,0,1,30,2,3,1,0,0,2,37.0,22.0,voiture,voiture,1,2,3,1,3
202400012512,2024-12-29 15:50:00,2024,12,29,15,50,56,56260,Boulevard des Îles,47.65507,-2.77496,Plein jour,En agglomération,Intersection en T,Normale,Deux véhicules - arrière,4,1,1,-1,1,1,1,0,1,20,2,3,1,0,0,2,52.0,56.0,voiture,voiture,1,2,3,1,2
202400012512,2024-12-29 15:50:00,2024,12,29,15,50,56,56260,Boulevard des Îles,47.65507,-2.77496,Plein jour,En agglomération,Intersection en T,Normale,Deux véhicules - arrière,4,2,2,2,2,1,1,0,1,50,2,3,1,0,0,2,52.0,56.0,voiture,voiture,1,2,3,1,2