accident_id,datetime,annee,mois,jour,heure,minute,departement,commune_insee,adresse,latitude,longitude,luminosite,agglomeration,intersection,meteo,collision,catr,circ,nbv,vosp,prof,plan,surf,infra,situ,vma,nb_vehicules,nb_usagers,nb_indemnes,nb_tues,nb_blesses_hosp,nb_blesses_legers,age_cond_1,age_cond_2,veh_type_cond_1,veh_type_cond_2,lum_code,agg_code,int_code,atm_code,col_code
202400012576,2024-08-04 22:00:00,2024,8,4,22,0,79,79351,,46.410752,-0.538609,Nuit sans éclairage public,En agglomération,Intersection à plus de 4 branches,Normale,Autre collision,3,2,2,-1,1,1,1,0,1,50,1,1,0,0,1,0,61.0,,voiture,,3,2,5,1,6
202400012577,2024-02-02 18:30:00,2024,2,2,18,30,37,37233,REPUBLIQUE (AVENUE DE LA),47.38985,0.72443,Crépuscule ou aube,En agglomération,Giratoire,Normale,Deux véhicules - côté,4,1,1,0,1,1,1,0,1,50,2,3,2,0,0,1,36.0,,voiture,deux_roues,2,2,6,1,3
202400012578,2024-08-04 22:50:00,2024,8,4,22,50,80,80228,28 Route de la Maye,50.24447878,1.6189009,Nuit avec éclairage allumé,En agglomération,Hors intersection,Normale,Sans collision,3,2,2,0,1,1,1,0,8,50,1,1,0,0,1,0,33.0,,voiture,,5,2,1,1,7
202400012579,2024-12-29 16:50:00,2024,12,29,16,50,76,76652,D22,49.811833,1.258707,Plein jour,Hors agglomération,Hors intersection,Normale,Deux véhicules - frontale,3,2,2,0,2,1,1,0,1,80,2,3,1,0,2,0,23.0,46.0,voiture,voiture,1,1,1,1,1
202400012580,2024-02-02 01:45:00,2024,2,2,1,45,35,35278,RD 137,48.15458,-1.702,Nuit sans éclairage public,Hors agglomération,Hors intersection,Normale,Autre collision,7,3,5,0,1,3,1,0,1,110,1,2,1,0,0,1,22.0,,voiture,,3,1,1,1,6
202400012581,2024-12-19 21:00:00,2024,12,19,21,0,01,01033,D101f,46.110651,5.805041,Nuit avec éclairage non allumé,Hors agglomération,Hors intersection,Pluie légère,Autre collision,3,2,2,0,1,1,2,0,3,70,1,1,0,0,0,1,17.0,,voiture,,4,1,1,2,6
202400012582,2024-02-01 22:30:00,2024,2,1,22,30,35,35238,BOURGOGNE (DE),48.11925,-1.7075,Nuit avec éclairage allumé,En agglomération,Hors intersection,Normale,Autre collision,4,2,2,0,2,2,1,0,4,30,1,1,0,0,1,0,20.0,,voiture,,5,2,1,1,6
202400012583,2024-08-04 07:30:00,2024,8,4,7,30,82,82093,D928,43.929708,1.08299,Plein jour,En agglomération,Intersection en T,Normale,Deux véhicules - frontale,3,2,1,0,1,1,1,0,8,50,2,3,1,0,1,1,74.0,25.0,voiture,voiture,1,2,3,1,1
202400012583,2024-08-04 07:30:00,2024,8,4,7,30,82,82093,D928,43.929708,1.08299,Plein jour,En agglomération,Intersection en T,Normale,Deux véhicules - frontale,3,2,2,0,1,1,1,0,1,50,2,3,1,0,1,1,74.0,25.0,voiture,voiture,1,2,3,1,1
202400012584,2024-12-29 20:35:00,2024,12,29,20,35,56,56053,Rue Rochefort,47.7328604,-2.58919045,Nuit avec éclairage allumé,En agglomération,Intersection en X,Normale,Deux véhicules - côté,3,1,1,0,1,1,1,0,1,30,2,3,2,0,0,1,59.0,37.0,voiture,voiture,5,2,2,1,3
202400012584,2024-12-29 20:35:00,2024,12,29,20,35,56,56053,Rue Rochefort,47.7328604,-2.58919045,Nuit avec éclairage allumé,En agglomération,Intersection en X,Normale,Deux véhicules - côté,3,2,2,-1,1,1,1,0,1,30,2,3,2,0,0,1,59.0,37.0,voiture,voiture,5,2,2,1,3
202400012585,2024-02-02 11:00:00,2024,2,2,11,0,35,35115,BOURDON (RUE LOUIS),48.35977404,-1.18982188,Plein jour,En agglomération,Hors intersection,Brouillard / fumée,Autre collision,4,2,2,0,1,1,1,0,1,30,1,2,1,0,0,1,57.0,,voiture,,1,2,1,5,6
202400012586,2024-12-07 19:30:00,2024,12,7,19,30,80,80533,Rue Roger Salengro,50.067302,1.386729,Nuit avec éclairage allumé,En agglomération,Hors intersection,Pluie légère,Autre collision,4,2,2,0,1,2,2,0,1,50,1,2,1,0,0,1,61.0,,voiture,,5,2,1,2,6
202400012587,2024-08-06 10:29:00,2024,8,6,10,29,63,63276,route de pont-astier,45.85929966,3.47635606,Plein jour,Hors agglomération,Hors intersection,Temps éblouissant,Deux véhicules - côté,3,2,2,0,1,1,1,0,1,90,2,6,2,0,3,1,24.0,50.0,voiture,voiture,1,1,1,7,3
202400012588,2024-12-28 10:45:00,2024,12,28,10,45,71,71157,D11,46.504596,5.333776,Plein jour,Hors agglomération,Hors intersection,Normale,Sans collision,3,2,2,0,2,2,1,0,1,80,1,2,0,0,1,1,43.0,,voiture,,1,1,1,1,7
202400012589,2024-02-02 20:15:00,2024,2,2,20,15,34,34129,FIGUIERES (AVENUE DE),43.58285,3.92536,Nuit avec éclairage allumé,En agglomération,Intersection en X,Normale,Deux véhicules - côté,7,2,6,3,1,1,1,5,1,50,2,2,0,0,0,2,20.0,62.0,voiture,voiture,5,2,2,1,3
202400012589,2024-02-02 20:15:00,2024,2,2,20,15,34,34129,FIGUIERES (AVENUE DE),43.58285,3.92536,Nuit avec éclairage allumé,En agglomération,Intersection en X,Normale,Deux véhicules - côté,7,2,10,3,1,1,1,5,1,50,2,2,0,0,0,2,20.0,62.0,voiture,voiture,5,2,2,1,3
202400012590,2024-12-30 15:15:00,2024,12,30,15,15,89,89485,D606,47.5648,3.7806,Plein jour,Hors agglomération,Hors intersection,Normale,Autre collision,3,2,2,0,1,3,1,0,3,90,1,2,0,0,0,2,67.0,,voiture,,1,1,1,1,6
202400012591,2024-08-05 19:00:00,2024,8,5,19,0,63,63022,D710,45.43462286,3.30247417,Plein jour,Hors agglomération,Hors intersection,Normale,Deux véhicules - arrière,3,2,2,0,1,2,1,0,1,90,2,3,1,0,1,1,17.0,17.0,deux_roues,deux_roues,1,1,1,1,2
202400012592,2024-02-03 00:11:00,2024,2,3,0,11,33,33281,,44.82779,-0.6746,Nuit sans éclairage public,En agglomération,Hors intersection,Normale,Deux véhicules - côté,4,2,2,0,3,1,1,2,1,50,2,2,1,0,0,1,48.0,25.0,voiture,voiture,3,2,1,1,3
202400012593,2024-12-30 15:10:00,2024,12,30,15,10,63,63267,Route des Sarraix,45.900118,3.631282,Plein jour,Hors agglomération,Hors intersection,Normale,Autre collision,3,2,2,0,1,2,1,0,3,50,1,1,0,0,1,0,20.0,,deux_roues,,1,1,1,1,6
202400012594,2024-08-06 11:15:00,2024,8,6,11,15,12,12258,le moulin de bouscal,44.2285257,2.19692409,Plein jour,Hors agglomération,Hors intersection,Normale,Autre collision,3,2,2,0,2,4,1,0,3,90,1,1,0,1,0,0,46.0,,voiture,,1,1,1,1,6
202400012595,2024-12-29 00:35:00,2024,12,29,0,35,47,47019,1710 Route du Lac,44.268499,0.723893,Nuit sans éclairage public,Hors agglomération,Hors intersection,Brouillard / fumée,Autre collision,3,2,2,0,1,1,1,0,3,80,1,1,0,0,1,0,42.0,,voiture,,3,1,1,5,6
202400012596,2024-02-02 22:22:00,2024,2,2,22,22,33,33063,,44.836216,-0.5808431,Nuit avec éclairage allumé,En agglomération,Intersection en X,Normale,Deux véhicules - côté,4,2,4,3,1,1,1,5,1,30,2,2,1,0,0,1,22.0,32.0,deux_roues,voiture,5,2,2,1,3
202400012596,2024-02-02 22:22:00,2024,2,2,22,22,33,33063,,44.836216,-0.5808431,Nuit avec éclairage allumé,En agglomération,Intersection en X,Normale,Deux véhicules - côté,4,2,4,3,1,1,1,4,1,30,2,2,1,0,0,1,22.0,32.0,deux_roues,voiture,5,2,2,1,3
202400012597,2024-08-04 19:10:00,2024,8,4,19,10,12,12088,D921,44.647615,2.850241,Plein jour,Hors agglomération,Intersection en T,Normale,Autre collision,3,2,1,0,4,3,1,5,1,90,1,1,0,0,0,1,63.0,,deux_roues,,1,1,3,1,6
202400012597,2024-08-04 19:10:00,2024,8,4,19,10,12,12088,D921,44.647615,2.850241,Plein jour,Hors agglomération,Intersection en T,Normale,Autre collision,3,2, -1,-1,1,1,1,5,1,80,1,1,0,0,0,1,63.0,,deux_roues,,1,1,3,1,6
202400012598,2024-02-02 21:00:00,2024,2,2,21,0,29,29232,Plasenn Alexandre Massé,47.997081,-4.100565,Nuit avec éclairage allumé,En agglomération,Hors intersection,Pluie légère,Autre collision,4,1,2,0,1,2,2,0,1,50,1,1,0,0,0,1,22.0,,deux_roues,,5,2,1,2,6
202400012599,2024-08-05 18:00:00,2024,8,5,18,0,68,68273,D9BIS5,47.529648,7.288431,Plein jour,Hors agglomération,Hors intersection,Normale,Autre collision,3,2,2,0,1,2,1,0,8,80,1,2,1,0,1,0,17.0,,deux_roues,,1,1,1,1,6
202400012600,2024-02-02 15:30:00,2024,2,2,15,30,29,29232,Rue Guy Autret,47.99498,-4.07919,Plein jour,En agglomération,Hors intersection,Normale,Trois véhicules et plus - collisions multiples,4,2,1,0,1,2,1,0,1,50,3,3,2,0,0,1,65.0,51.0,voiture,voiture,1,2,1,1,5
202400012601,2024-12-27 11:20:00,2024,12,27,11,20,01,01304,Rue Gabriel Vicaire,46.041753,5.336722,Plein jour,En agglomération,Hors intersection,Temps éblouissant,Trois véhicules et plus - en chaîne,3,2,2,0,1,1,1,0,1,70,3,4,1,0,0,3,19.0,36.0,voiture,voiture,1,2,1,7,4
202400012602,2024-08-05 16:00:00,2024,8,5,16,0,25,25357,chemin du train,46.958384,6.406199,Plein jour,Hors agglomération,Hors intersection,Normale,Sans collision,9,2,2,1,1,1,1,9,6,-1,2,2,1,1,0,0,84.0,57.0,deux_roues,deux_roues,1,1,1,1,7
202400012603,2024-12-29 23:00:00,2024,12,29,23,0,26,26042,Rue des Ecoles,44.853975,4.90797,Nuit avec éclairage non allumé,En agglomération,Intersection en Y,Normale,Autre collision,4,2,2,0,1,1,1,0,3,50,1,1,0,0,1,0,18.0,,deux_roues,,4,2,4,1,6
202400012603,2024-12-29 23:00:00,2024,12,29,23,0,26,26042,Rue des Ecoles,44.853975,4.90797,Nuit avec éclairage non allumé,En agglomération,Intersection en Y,Normale,Autre collision,4,2,2,0,2,3,1,0,8,50,1,1,0,0,1,0,18.0,,deux_roues,,4,2,4,1,6
202400012604,2024-08-03 06:35:00,2024,8,3,6,35,29,29220,D785,47.88804805,-4.20969292,Crépuscule ou aube,Hors agglomération,Hors intersection,Normale,Autre collision,3,3,2,0,1,1,1,0,1,110,1,1,0,0,0,1,53.0,,utilitaire_camion,,2,1,1,1,6
202400012605,2024-02-02 02:10:00,2024,2,2,2,10,29,29019,boulevard de l'Europe,48.413064,-4.48669,Nuit avec éclairage allumé,En agglomération,Intersection en X,Pluie légère,Deux véhicules - côté,4,2,2,0,2,1,2,0,1,50,2,3,2,0,0,1,22.0,45.0,voiture,voiture,5,2,2,2,3
202400012605,2024-02-02 02:10:00,2024,2,2,2,10,29,29019,boulevard de l'Europe,48.413064,-4.48669,Nuit avec éclairage allumé,En agglomération,Intersection en X,Pluie légère,Deux véhicules - côté,4,2,4,0,1,1,2,0,1,50,2,3,2,0,0,1,22.0,45.0,voiture,voiture,5,2,2,2,3
202400012606,2024-08-05 23:45:00,2024,8,5,23,45,02,02141,,49.96063378,3.9119258,Nuit sans éclairage public,Hors agglomération,Hors intersection,Normale,Deux véhicules - côté,2,2,2,0,1,1,1,0,1,80,2,3,2,0,1,0,36.0,33.0,utilitaire_camion,voiture,3,1,1,1,3
202400012607,2024-12-30 09:45:00,2024,12,30,9,45,40,40046,D46 PK9,44.41885425,-1.07374191,Plein jour,Hors agglomération,Hors intersection,Brouillard / fumée,Deux véhicules - frontale,3,2,2,0,1,1,1,0,1,80,2,2,1,1,0,0,50.0,73.0,deux_roues,voiture,1,1,1,5,1
202400012608,2024-02-01 13:15:00,2024,2,1,13,15,29,29019,rue Marcellin Duval,48.415314,-4.486747,Plein jour,En agglomération,Intersection en T,Normale,Deux véhicules - côté,4,2,2,0,1,1,2,0,1,50,2,2,1,0,0,1,25.0,36.0,voiture,deux_roues,1,2,3,1,3
202400012608,2024-02-01 13:15:00,2024,2,1,13,15,29,29019,rue Marcellin Duval,48.415314,-4.486747,Plein jour,En agglomération,Intersection en T,Normale,Deux véhicules - côté,4,2,2,0,1,1,2,0,1,50,2,2,1,0,0,1,25.0,36.0,voiture,deux_roues,1,2,3,1,3
202400012609,2024-08-06 05:00:00,2024,8,6,5,0,84,84030,D974,44.082807,5.109715,Crépuscule ou aube,Hors agglomération,Hors intersection,Normale,Autre collision,3,2,2,0,1,2,1,0,3,80,1,1,0,0,1,0,43.0,,voiture,,2,1,1,1,6
202400012610,2024-12-29 17:45:00,2024,12,29,17,45,24,24211,route des moulins,45.017729,0.421364,Nuit sans éclairage public,Hors agglomération,Hors intersection,Normale,Deux véhicules - frontale,3,2,2,0,1,3,1,0,1,80,2,2,1,0,1,0,40.0,41.0,voiture,voiture,3,1,1,1,1
202400012611,2024-02-01 08:35:00,2024,2,1,8,35,29,29019,rue Mozart,48.396604,-4.529505,Crépuscule ou aube,En agglomération,Intersection en X,Pluie légère,Deux véhicules - côté,4,2,2,1,1,1,2,0,1,50,2,2,1,0,0,1,52.0,59.0,utilitaire_camion,voiture,2,2,2,2,3
202400012611,2024-02-01 08:35:00,2024,2,1,8,35,29,29019,rue Mozart,48.396604,-4.529505,Crépuscule ou aube,En agglomération,Intersection en X,Pluie légère,Deux véhicules - côté,4,2,2,0,1,1,2,0,1,50,2,2,1,0,0,1,52.0,59.0,utilitaire_camion,voiture,2,2,2,2,3
202400012612,2024-08-06 15:30:00,2024,8,6,15,30,03,03018,Route de Gannat,46.256752,3.287884,Plein jour,Hors agglomération,Hors intersection,Normale,Deux véhicules - frontale,3,2,2,0,1,1,1,0,1,90,2,3,0,1,1,1,43.0,74.0,voiture,voiture,1,1,1,1,1
202400012613,2024-12-29 17:00:00,2024,12,29,17,0,06,06030,A8 PK 161.700 Chaussée Nord,43.570241,6.974387,Plein jour,Hors agglomération,Hors intersection,Normale,Deux véhicules - arrière,1,3,6,0,1,1,1,0,1,110,2,3,2,0,0,1,29.0,54.0,voiture,voiture,1,1,1,1,2
202400012614,2024-01-30 12:40:00,2024,1,30,12,40,28,28085,LECLERC (RUE DU MARECHAL),48.44,1.475,Plein jour,En agglomération,Hors intersection,Temps couvert,Sans collision,3,-1,2,2,1,1,1,0,5,30,1,1,0,0,0,1,33.0,,deux_roues,,1,2,1,8,7
202400012615,2024-12-29 19:55:00,2024,12,29,19,55,91,91017,A10,48.592839,2.044133,Nuit sans éclairage public,Hors agglomération,Hors intersection,Normale,Autre collision,1,3,4,0,1,1,1,0,1,130,1,1,0,0,1,0,18.0,,voiture,,3,1,1,1,6
202400012616,2024-08-05 21:30:00,2024,8,5,21,30,01,01124,Route de Bourg,46.418452,5.237442,Nuit sans éclairage public,Hors agglomération,Hors intersection,Normale,Deux véhicules - frontale,3,2,2,0,1,1,1,0,1,80,2,2,0,0,2,0,18.0,42.0,deux_roues,deux_roues,3,1,1,1,1
202400012617,2024-02-02 01:30:00,2024,2,2,1,30,28,28085,COURTILLE (BOULEVARD DE LA),48.44221,1.49353,Nuit avec éclairage allumé,En agglomération,Hors intersection,Brouillard / fumée,Autre collision,4,2,2,3,2,1,1,0,4,30,1,1,0,0,0,1,39.0,,voiture,,5,2,1,5,6
202400012618,2024-12-29 22:15:00,2024,12,29,22,15,978,97801,VOI 8 RUE DE HOLLANDE,18.070493,-63.082155,Nuit avec éclairage allumé,En agglomération,Hors intersection,Pluie légère,Deux véhicules - frontale,4,2,2,0,1,1,2,0,1,50,2,3,1,0,1,1,16.0,,deux_roues,deux_roues,5,2,1,2,1
202400012619,2024-08-06 09:30:00,2024,8,6,9,30,70,70398,route des gouvets,47.803773,6.316805,Plein jour,Hors agglomération,Hors intersection,Temps éblouissant,Deux véhicules - frontale,3,-1,2,0,1,1,1,0,1,80,2,2,1,0,1,0,45.0,20.0,deux_roues,voiture,1,1,1,7,1
202400012620,2024-02-01 08:21:00,2024,2,1,8,21,27,27229,COCHEREL (RUE DE),49.01955,1.18307,Plein jour,En agglomération,Hors intersection,Pluie légère,Deux véhicules - arrière,4,-1,2,0,1,1,2,0,3,50,2,2,1,0,0,1,34.0,53.0,voiture,deux_roues,1,2,1,2,2
202400012621,2024-12-29 15:00:00,2024,12,29,15,0,73,73176,D1090 - Route du Col du Petit Saint Bernard,45.621121,6.858323,Plein jour,Hors agglomération,Hors intersection,Normale,Deux véhicules - côté,3,2,2,0,2,1,1,0,1,80,2,4,0,0,0,4,39.0,40.0,utilitaire_camion,utilitaire_camion,1,1,1,1,3
202400012622,2024-08-06 09:35:00,2024,8,6,9,35,58,58083,Avenue Saint-jean,47.254772,3.680291,Plein jour,En agglomération,Hors intersection,Normale,Autre collision,3,2,2,0,1,1,1,0,1,50,1,2,1,0,0,1,64.0,,voiture,,1,2,1,1,6
202400012623,2024-02-02 18:50:00,2024,2,2,18,50,26,26362,Avenue Sadi Carnot,44.935023,4.8973918,Nuit avec éclairage allumé,En agglomération,Hors intersection,Normale,Deux véhicules - côté,4,2,3,0,1,1,1,0,1,50,2,2,1,0,1,0,36.0,17.0,voiture,deux_roues,5,2,1,1,3
202400012624,2024-12-29 18:30:00,2024,12,29,18,30,73,73054,D119 - Route des Arcs,45.603627,6.772782,Nuit sans éclairage public,Hors agglomération,Hors intersection,Normale,Deux véhicules - frontale,3,2,2,0,2,2,1,0,1,80,2,5,4,0,0,1,33.0,26.0,voiture,voiture,3,1,1,1,1
202400012625,2024-02-02 10:15:00,2024,2,2,10,15,26,26252,Route des Mernes,44.86306822,4.90387201,Plein jour,En agglomération,Hors intersection,Normale,Autre collision,3,3,2,0,2,2,1,0,1,80,1,1,0,1,0,0,56.0,,deux_roues,,1,2,1,1,6
202400012626,2024-12-28 18:30:00,2024,12,28,18,30,01,01043,Chemin des Malettes,45.826646,4.998887,Nuit avec éclairage allumé,En agglomération,Hors intersection,Normale,Sans collision,4,2,2,0,1,1,1,0,4,20,1,1,0,0,1,0,21.0,,deux_roues,,5,2,1,1,7
202400012627,2024-08-06 10:45:00,2024,8,6,10,45,66,66063,D900,42.48682513,2.8372407,Plein jour,Hors agglomération,Hors intersection,Normale,Deux véhicules - côté,3,2,2,0,2,1,1,0,1,80,2,2,1,0,0,1,58.0,80.0,deux_roues,voiture,1,1,1,1,3
202400012628,2024-02-01 18:00:00,2024,2,1,18,0,19,19031,Avenue Ribot,45.16479,1.51526,Crépuscule ou aube,En agglomération,Intersection en X,Normale,Deux véhicules - côté,4,2, -1,-1,1,1,1,0,1,50,2,2,1,0,0,1,19.0,88.0,deux_roues,voiture,2,2,2,1,3
202400012628,2024-02-01 18:00:00,2024,2,1,18,0,19,19031,Avenue Ribot,45.16479,1.51526,Crépuscule ou aube,En agglomération,Intersection en X,Normale,Deux véhicules - côté,4,2, -1,0,1,1,1,0,1,50,2,2,1,0,0,1,19.0,88.0,deux_roues,voiture,2,2,2,1,3
202400012629,2024-08-05 17:20:00,2024,8,5,17,20,72,72165,Rue de la Martinière,48.082623,0.41666,Plein jour,En agglomération,Autre intersection,Normale,Deux véhicules - frontale,4,2,2,0,1,3,1,0,1,50,2,2,1,0,1,0,16.0,29.0,deux_roues,utilitaire_camion,1,2,9,1,1
202400012630,2024-12-30 16:40:00,2024,12,30,16,40,17,17219,D728,45.825233,-1.090398,Plein jour,Hors agglomération,Hors intersection,Temps couvert,Trois véhicules et plus - en chaîne,3,2,2,0,1,1,1,0,1,80,4,6,2,0,1,3,76.0,60.0,voiture,voiture,1,1,1,8,4
202400012631,2024-02-02 03:20:00,2024,2,2,3,20,17,17274,D108,46.15763,-1.07504,Nuit sans éclairage public,Hors agglomération,Hors intersection,Normale,Sans collision,3,2,2,0,1,1,2,0,3,80,1,1,0,0,0,1,21.0,,voiture,,3,1,1,1,7
202400012632,2024-12-29 14:50:00,2024,12,29,14,50,56,56146,Le Stumo,48.143078,-3.005163,Plein jour,Hors agglomération,Hors intersection,Temps couvert,Sans collision,4,2,2,0,2,3,2,2,8,50,1,2,0,2,0,0,33.0,,voiture,,1,1,1,8,7
202400012633,2024-08-04 17:00:00,2024,8,4,17,0,14,14078,Route de Longuemare,49.277309,-0.849279,Plein jour,Hors agglomération,Intersection en X,Normale,Deux véhicules - côté,3,2,2,0,1,1,1,0,1,90,2,2,1,0,1,0,45.0,50.0,voiture,voiture,1,1,2,1,3
202400012633,2024-08-04 17:00:00,2024,8,4,17,0,14,14078,Route de Longuemare,49.277309,-0.849279,Plein jour,Hors agglomération,Intersection en X,Normale,Deux véhicules - côté,3,2,2,0,1,1,1,0,1,90,2,2,1,0,1,0,45.0,50.0,voiture,voiture,1,1,2,1,3
202400012634,2024-12-29 14:30:00,2024,12,29,14,30,13,13203,A557-Liaison A7 Marseille-A55 Marseille,43.317,5.364,Plein jour,Hors agglomération,Hors intersection,Normale,Deux véhicules - côté,1,1,2,0,3,2,1,2,1,50,1,2,0,0,1,1,51.0,,deux_roues,,1,1,1,1,3
202400012635,2024-08-05 12:30:00,2024,8,5,12,30,05,05142,Route Napoléon,44.777235,6.010498,Plein jour,Hors agglomération,Hors intersection,Normale,Autre collision,2,2,2,0,1,1,1,0,3,80,1,1,0,0,1,0,73.0,,voiture,,1,1,1,1,6
202400012636,2024-02-02 15:20:00,2024,2,2,15,20,16,16015,BASSEAU (RUE DE N° 1 A 237),45.651028,0.1428008,Plein jour,En agglomération,Hors intersection,Normale,Deux véhicules - côté,4,-1, -1,3,1,1,1,0,6,30,2,2,1,0,0,1,44.0,48.0,voiture,deux_roues,1,2,1,1,3
202400012637,2024-12-27 13:35:00,2024,12,27,13,35,13,13015,A515CD-Gardanne vers A51-Marseille,43.4283,5.39939,Plein jour,Hors agglomération,Hors intersection,Normale,Deux véhicules - arrière,1,1,2,0,1,2,1,0,1,70,2,2,1,0,0,1,58.0,26.0,voiture,voiture,1,1,1,1,2
202400012638,2024-02-01 22:15:00,2024,2,1,22,15,14,14059,37 Chemin des Enclos,49.33162,0.05184,Nuit sans éclairage public,Hors agglomération,Hors intersection,Normale,Sans collision,4,2,2,0,1,3,2,0,1,80,1,4,1,0,0,3,19.0,,voiture,,3,1,1,1,7
202400012639,2024-08-05 19:30:00,2024,8,5,19,30,45,45272,D2020 PR 46 + 565,47.799783,1.931291,Plein jour,Hors agglomération,Hors intersection,Normale,Deux véhicules - arrière,3,2,2,0,1,1,1,0,1,90,2,4,2,0,2,0,44.0,38.0,voiture,voiture,1,1,1,1,2
202400012640,2024-02-01 16:10:00,2024,2,1,16,10,14,14366,1 Rue du Carmel,49.14335,0.22906,Plein jour,En agglomération,Hors intersection,Normale,Sans collision,4,1,1,0,3,1,2,0,1,30,1,2,1,0,0,1,19.0,,voiture,,1,2,1,1,7
202400012641,2024-12-29 05:25:00,2024,12,29,5,25,69,69276,Autoroute 7,45.67701,4.84794,Nuit sans éclairage public,Hors agglomération,Hors intersection,Brouillard / fumée,Deux véhicules - frontale,1,1,6,0,1,1,2,0,1,90,2,6,0,1,5,0,29.0,21.0,voiture,voiture,3,1,1,5,1
202400012642,2024-08-05 10:00:00,2024,8,5,10,0,64,64326,ROUTE DE LA PLAINE,43.293794,-0.727801,Plein jour,Hors agglomération,Hors intersection,Normale,Deux véhicules - arrière,3,2,2,0,1,1,1,0,1,80,2,2,1,0,1,0,58.0,62.0,voiture,deux_roues,1,1,1,1,2
202400012643,2024-02-02 18:40:00,2024,2,2,18,40,13,13075,L'ENJOLRAS (AVE DE),43.33836709,5.45330282,Crépuscule ou aube,En agglomération,Hors intersection,Normale,Deux véhicules - côté,4,2,2,0,1,1,1,0,1,50,2,2,1,0,0,1,78.0,17.0,utilitaire_camion,deux_roues,2,2,1,1,3
202400012644,2024-08-06 14:40:00,2024,8,6,14,40,43,43152,D13,45.08382809,3.85720618,Plein jour,Hors agglomération,Intersection en T,Normale,Deux véhicules - côté,3,2,2,0,1,1,1,0,1,80,2,2,1,0,1,0,44.0,21.0,utilitaire_camion,deux_roues,1,1,3,1,3
202400012644,2024-08-06 14:40:00,2024,8,6,14,40,43,43152,D13,45.08382809,3.85720618,Plein jour,Hors agglomération,Intersection en T,Normale,Deux véhicules - côté,3,2, -1,-1,3,1,1,0,1,-1,2,2,1,0,1,0,44.0,21.0,utilitaire_camion,deux_roues,1,1,3,1,3
202400012645,2024-12-28 16:11:00,2024,12,28,16,11,33,33366,,45.008868,-0.428398,Plein jour,Hors agglomération,Hors intersection,Normale,Trois véhicules et plus - en chaîne,1,3,6,0,1,1,1,0,1,130,3,9,7,0,0,2,23.0,21.0,voiture,voiture,1,1,1,1,4
202400012646,2024-02-02 20:05:00,2024,2,2,20,5,13,13208,PARADIS (RUE),43.28146482,5.38184881,Nuit avec éclairage allumé,En agglomération,Hors intersection,Normale,Deux véhicules - côté,4,2,2,0,1,1,1,0,1,30,2,3,1,0,0,2,55.0,33.0,deux_roues,voiture,5,2,1,1,3
202400012647,2024-08-06 09:30:00,2024,8,6,9,30,36,36007,,46.94510703,1.44047313,Plein jour,Hors agglomération,Intersection en X,Normale,Deux véhicules - côté,3,2,1,0,1,1,1,0,1,80,2,4,3,1,0,0,44.0,17.0,voiture,deux_roues,1,1,2,1,3
202400012647,2024-08-06 09:30:00,2024,8,6,9,30,36,36007,,46.94510703,1.44047313,Plein jour,Hors agglomération,Intersection en X,Normale,Deux véhicules - côté,3,2,1,0,1,1,1,0,1,50,2,4,3,1,0,0,44.0,17.0,voiture,deux_roues,1,1,2,1,3
202400012648,2024-12-29 14:40:00,2024,12,29,14,40,91,91687,AUTOROUTE A6,48.662092,2.36889,Plein jour,Hors agglomération,Hors intersection,Normale,Deux véhicules - arrière,1,3,3,0,1,1,1,0,1,110,2,3,2,0,0,1,21.0,65.0,voiture,voiture,1,1,1,1,2
202400012649,2024-08-05 10:25:00,2024,8,5,10,25,07,07041,Route de Vidalon,45.26288,4.686014,Plein jour,Hors agglomération,Hors intersection,Normale,Sans collision,4,2,2,0,1,1,1,0,8,70,1,1,0,0,0,1,88.0,,voiture,,1,1,1,1,7
202400012650,2024-02-02 18:15:00,2024,2,2,18,15,13,13211,CARTONNERIE (BOULEVARD DE LA ),43.29253,5.45975,Nuit avec éclairage allumé,En agglomération,Hors intersection,Normale,Deux véhicules - côté,4,2,2,1,1,1,1,0,1,50,3,4,1,0,2,1,57.0,22.0,voiture,deux_roues,5,2,1,1,3
202400012651,2024-12-29 07:37:00,2024,12,29,7,37,94,94043,A6B,48.81594025,2.35678126,Nuit avec éclairage allumé,Hors agglomération,Hors intersection,Normale,Autre collision,1,1,2,0,2,3,1,1,1,50,1,1,0,0,0,1,23.0,,voiture,,5,1,1,1,6
202400012652,2024-08-05 14:00:00,2024,8,5,14,0,24,24388,Route du Château de Labatut,44.85667354,0.91483507,Plein jour,Hors agglomération,Hors intersection,Normale,Sans collision,3,2,2,0,1,1,1,0,1,80,1,1,0,0,1,0,14.0,,deux_roues,,1,1,1,1,7
202400012653,2024-02-02 14:30:00,2024,2,2,14,30,13,13213,OLIVES (AVENUE DES),43.32985,5.42946,Plein jour,Hors agglomération,Giratoire,Normale,Deux véhicules - arrière,4,2,2,0,1,1,1,0,1,50,2,3,1,0,0,2,46.0,,voiture,autre,1,1,6,1,2
202400012653,2024-02-02 14:30:00,2024,2,2,14,30,13,13213,OLIVES (AVENUE DES),43.32985,5.42946,Plein jour,Hors agglomération,Giratoire,Normale,Deux véhicules - arrière,4,2,2,0,1,1,1,0,1,50,2,3,1,0,0,2,46.0,,voiture,autre,1,1,6,1,2