accident_id,datetime,annee,mois,jour,heure,minute,departement,commune_insee,adresse,latitude,longitude,luminosite,agglomeration,intersection,meteo,collision,catr,circ,nbv,vosp,prof,plan,surf,infra,situ,vma,nb_vehicules,nb_usagers,nb_indemnes,nb_tues,nb_blesses_hosp,nb_blesses_legers,age_cond_1,age_cond_2,veh_type_cond_1,veh_type_cond_2,lum_code,agg_code,int_code,atm_code,col_code
202400012654,2024-12-29 15:45:00,2024,12,29,15,45,93,93048,AUTOROUTE A3,48.8708613,2.43145626,Crépuscule ou aube,Hors agglomération,Hors intersection,Normale,Trois véhicules et plus - en chaîne,1,1,5,0,1,1,1,1,1,70,3,3,2,0,0,1,31.0,36.0,voiture,voiture,2,1,1,1,4
202400012655,2024-08-04 19:45:00,2024,8,4,19,45,24,24082,D704a,44.86589198,1.26778364,Plein jour,Hors agglomération,Hors intersection,Normale,Deux véhicules - frontale,3,2,2,0,1,3,1,0,1,80,2,3,2,0,1,0,68.0,18.0,voiture,deux_roues,1,1,1,1,1
202400012656,2024-07-31 15:00:00,2024,7,31,15,0,24,24479,Route de Miallet,45.50730934,0.79238892,Plein jour,Hors agglomération,Hors intersection,Temps éblouissant,Sans collision,3,2,2,0,1,1,1,0,8,80,1,1,0,0,1,0,65.0,,utilitaire_camion,,1,1,1,7,7
202400012657,2024-02-01 23:10:00,2024,2,1,23,10,13,13005,SALENGRO (AVENUE ROGER),43.29865,5.56913,Nuit avec éclairage allumé,En agglomération,Hors intersection,Normale,Deux véhicules - arrière,4,2,2,0,2,1,1,0,1,50,2,5,2,0,0,3,51.0,19.0,voiture,voiture,5,2,1,1,2
202400012658,2024-12-29 18:30:00,2024,12,29,18,30,77,77294,A104,48.96164633,2.61726537,Nuit sans éclairage public,Hors agglomération,Hors intersection,Normale,Deux véhicules - arrière,1,3,4,0,1,1,1,0,1,90,2,2,1,0,0,1,19.0,20.0,voiture,deux_roues,3,1,1,1,2
202400012659,2024-08-06 07:25:00,2024,8,6,7,25,37,37098,D91,47.057248,0.627626,Plein jour,Hors agglomération,Hors intersection,Normale,Autre collision,3,2,2,0,1,2,1,0,3,80,1,1,0,1,0,0,24.0,,deux_roues,,1,1,1,1,6
202400012660,2024-02-03 01:00:00,2024,2,3,1,0,13,13001,R.N 7,43.56319,5.40747,Nuit sans éclairage public,En agglomération,Hors intersection,Normale,Autre collision,3,2,2,0,1,1,1,0,3,50,1,1,0,0,1,0,26.0,,voiture,,3,2,1,1,6
202400012661,2024-08-06 08:30:00,2024,8,6,8,30,48,48104,D900,44.653452,3.075914,Plein jour,Hors agglomération,Hors intersection,Normale,Sans collision,3,2,2,0,1,3,1,0,8,90,1,1,0,0,0,1,42.0,,voiture,,1,1,1,1,7
202400012662,2024-09-25 07:40:00,2024,9,25,7,40,28,28027,D9,48.146933,0.963235,Plein jour,Hors agglomération,Hors intersection,Pluie légère,Deux véhicules - frontale,3,2,2,0,1,1,2,0,1,80,2,4,3,1,0,0,41.0,81.0,voiture,voiture,1,1,1,2,1
202400012663,2024-02-02 08:30:00,2024,2,2,8,30,13,13001,JAURES JEAN (BD),43.5320325,5.44493038,Plein jour,En agglomération,Hors intersection,Normale,Deux véhicules - côté,4,1,3,3,1,1,1,0,6,50,2,2,1,0,0,1,40.0,40.0,voiture,deux_roues,1,2,1,1,3
202400012664,2024-09-18 19:20:00,2024,9,18,19,20,28,28309,Le Hasard,48.37347,1.59615,Crépuscule ou aube,Hors agglomération,Hors intersection,Normale,Sans collision,3,2,2,0,1,1,1,0,3,90,1,1,0,0,0,1,17.0,,deux_roues,,2,1,1,1,7
202400012665,2024-08-06 10:30:00,2024,8,6,10,30,08,08070,1 Rue d?Avancon,49.486695,4.173694,Plein jour,En agglomération,Intersection en X,Normale,Deux véhicules - frontale,3,2,2,0,1,1,1,0,1,50,2,2,0,0,0,2,22.0,43.0,voiture,voiture,1,2,2,1,1
202400012665,2024-08-06 10:30:00,2024,8,6,10,30,08,08070,1 Rue d?Avancon,49.486695,4.173694,Plein jour,En agglomération,Intersection en X,Normale,Deux véhicules - frontale,3,2,2,0,1,1,1,0,1,50,2,2,0,0,0,2,22.0,43.0,voiture,voiture,1,2,2,1,1
202400012666,2024-02-02 07:40:00,2024,2,2,7,40,13,13001,REPUBLIQUE (BD DE LA),43.52900183,5.43939629,Plein jour,En agglomération,Intersection en X,Normale,Deux véhicules - côté,4,2, -1,-1,1,1,1,0,1,50,2,2,1,0,1,0,25.0,30.0,voiture,deux_roues,1,2,2,1,3
202400012666,2024-02-02 07:40:00,2024,2,2,7,40,13,13001,REPUBLIQUE (BD DE LA),43.52900183,5.43939629,Plein jour,En agglomération,Intersection en X,Normale,Deux véhicules - côté,4,2,4,3,1,1,1,0,1,50,2,2,1,0,1,0,25.0,30.0,voiture,deux_roues,1,2,2,1,3
202400012667,2024-09-13 19:50:00,2024,9,13,19,50,28,28191,39 Rue de la Billardiere,48.602053,1.650195,Nuit sans éclairage public,En agglomération,Hors intersection,Normale,Autre collision,3,-1,2,0,1,1,1,0,1,50,1,2,1,0,0,1,25.0,,voiture,,3,2,1,1,6
202400012668,2024-08-06 08:53:00,2024,8,6,8,53,06,06152,23 Route de Nice,43.642588,7.010247,Plein jour,En agglomération,Hors intersection,Normale,Deux véhicules - arrière,3,2,2,0,1,1,1,0,1,30,2,2,1,0,0,1,38.0,25.0,voiture,voiture,1,2,1,1,2
202400012669,2024-01-26 15:35:00,2024,1,26,15,35,12,12202,EUROPE (AVENUE DE L'),44.35408,2.56387,Plein jour,En agglomération,Intersection en X,Normale,Deux véhicules - côté,4,2,2,0,2,1,1,5,1,30,2,2,1,0,1,0,61.0,72.0,utilitaire_camion,deux_roues,1,2,2,1,3
202400012669,2024-01-26 15:35:00,2024,1,26,15,35,12,12202,EUROPE (AVENUE DE L'),44.35408,2.56387,Plein jour,En agglomération,Intersection en X,Normale,Deux véhicules - côté,4,2,2,1,2,1,1,5,1,30,2,2,1,0,1,0,61.0,72.0,utilitaire_camion,deux_roues,1,2,2,1,3
202400012670,2024-08-06 16:50:00,2024,8,6,16,50,13,13001,"autoroute A8, pk 18+400, sens sud",43.517918,5.430036,Plein jour,Hors agglomération,Hors intersection,Normale,Deux véhicules - frontale,1,3,2,0,1,1,1,0,1,90,1,1,0,0,0,1,19.0,,voiture,,1,1,1,1,1
202400012671,2024-10-25 22:55:00,2024,10,25,22,55,74,74012,ARVE (QUAI D'),46.18539047,6.22581005,Nuit avec éclairage allumé,En agglomération,Intersection en T,Normale,Deux véhicules - frontale,3,2,2,0,1,1,1,0,1,50,2,5,4,1,0,0,19.0,23.0,voiture,deux_roues,5,2,3,1,1
202400012671,2024-10-25 22:55:00,2024,10,25,22,55,74,74012,ARVE (QUAI D'),46.18539047,6.22581005,Nuit avec éclairage allumé,En agglomération,Intersection en T,Normale,Deux véhicules - frontale,3,2,2,0,1,3,1,0,1,50,2,5,4,1,0,0,19.0,23.0,voiture,deux_roues,5,2,3,1,1
202400012672,2024-10-20 22:45:00,2024,10,20,22,45,74,74081,25 Grande rue,46.061008,6.580125,Nuit avec éclairage allumé,En agglomération,Giratoire,Normale,Autre collision,3,2,2,0,1,1,1,0,1,30,1,2,0,0,0,2,19.0,,voiture,,5,2,6,1,6
202400012673,2024-01-21 03:15:00,2024,1,21,3,15,12,12202,LAROMIGUIERE (BOULEVARD),44.34825,2.57283,Nuit avec éclairage non allumé,En agglomération,Intersection en X,Autre,Deux véhicules - côté,4,2,2,0,1,1,7,5,1,30,2,4,0,0,2,2,34.0,41.0,voiture,utilitaire_camion,4,2,2,9,3
202400012673,2024-01-21 03:15:00,2024,1,21,3,15,12,12202,LAROMIGUIERE (BOULEVARD),44.34825,2.57283,Nuit avec éclairage non allumé,En agglomération,Intersection en X,Autre,Deux véhicules - côté,4,2,2,0,3,1,7,5,1,30,2,4,0,0,2,2,34.0,41.0,voiture,utilitaire_camion,4,2,2,9,3
202400012674,2024-01-17 13:00:00,2024,1,17,13,0,12,12202,BELLE ISLE (BOULEVARD),44.35328,2.57683,Plein jour,En agglomération,Hors intersection,Normale,Autre collision,4,1,2,0,1,3,1,0,1,30,1,2,1,0,0,1,19.0,,voiture,,1,2,1,1,6
202400012675,2024-10-17 22:10:00,2024,10,17,22,10,74,74010,Chemin du purgatoire,45.854977,6.093577,Nuit sans éclairage public,Hors agglomération,Hors intersection,Pluie légère,Sans collision,4,-1,1,0,2,3,2,0,8,50,1,3,2,1,0,0,44.0,,deux_roues,,3,1,1,2,7
202400012676,2024-08-04 05:00:00,2024,8,4,5,0,13,13032,"Autoroute A8, pk 011+750, sens sud/nord",43.53585657,5.35589912,Nuit sans éclairage public,Hors agglomération,Hors intersection,Normale,Deux véhicules - arrière,1,3,3,3,1,1,1,0,1,130,3,3,1,0,1,1,60.0,85.0,voiture,voiture,3,1,1,1,2
202400012677,2024-02-02 17:11:00,2024,2,2,17,11,11,11069,,43.2187,2.38147,Plein jour,Hors agglomération,Hors intersection,Normale,Trois véhicules et plus - en chaîne,3,2,2,0,1,1,1,0,1,80,3,3,2,0,1,0,45.0,61.0,voiture,voiture,1,1,1,1,4
202400012678,2024-10-04 22:15:00,2024,10,4,22,15,74,74010,243 Route des creuses (Seynod),45.889195,6.079776,Nuit avec éclairage allumé,En agglomération,Hors intersection,Normale,Autre collision,3,2,2,0,1,1,1,0,1,50,1,3,2,0,1,0,76.0,,voiture,,5,2,1,1,6
202400012679,2024-08-28 12:15:00,2024,8,28,12,15,74,74185,Route des bornes,46.149142,6.218959,Plein jour,Hors agglomération,Hors intersection,Normale,Autre collision,3,2,2,0,1,2,1,0,3,70,1,1,0,0,1,0,28.0,,deux_roues,,1,1,1,1,6
202400012680,2024-07-31 17:50:00,2024,7,31,17,50,971,97118,404 Chemin de Bel Air Desrozieres,16.20361,-61.645076,Plein jour,Hors agglomération,Hors intersection,Normale,Deux véhicules - frontale,4,2,2,0,2,4,1,2,1,80,2,2,1,0,1,0,47.0,8.0,voiture,deux_roues,1,1,1,1,1
202400012681,2024-02-01 17:26:00,2024,2,1,17,26,11,11069,22 Boulevard Barbès,43.21034,2.34971,Crépuscule ou aube,En agglomération,Autre intersection,Normale,Deux véhicules - côté,4,-1, -1,-1,1,1,1,0,1,-1,2,2,1,0,0,1,54.0,19.0,voiture,voiture,2,2,9,1,3
202400012681,2024-02-01 17:26:00,2024,2,1,17,26,11,11069,22 Boulevard Barbès,43.21034,2.34971,Crépuscule ou aube,En agglomération,Autre intersection,Normale,Deux véhicules - côté,4,1,2,0,2,1,1,0,1,50,2,2,1,0,0,1,54.0,19.0,voiture,voiture,2,2,9,1,3
202400012682,2024-08-05 21:40:00,2024,8,5,21,40,28,28317,d.24,48.431411,1.744058,Nuit sans éclairage public,Hors agglomération,Intersection en X,Normale,Sans collision,3,2,2,0,1,1,1,0,1,80,1,1,0,0,0,1,38.0,,deux_roues,,3,1,2,1,7
202400012682,2024-08-05 21:40:00,2024,8,5,21,40,28,28317,d.24,48.431411,1.744058,Nuit sans éclairage public,Hors agglomération,Intersection en X,Normale,Sans collision,3,2, -1,-1,1,1,1,5,1,-1,1,1,0,0,0,1,38.0,,deux_roues,,3,1,2,1,7
202400012683,2024-09-30 07:00:00,2024,9,30,7,0,33,33029,,44.682843,-0.786746,Nuit sans éclairage public,Hors agglomération,Hors intersection,Normale,Deux véhicules - arrière,1,3,2,0,1,1,1,0,1,130,2,3,1,1,0,1,21.0,57.0,voiture,utilitaire_camion,3,1,1,1,2
202400012684,2024-01-24 20:59:00,2024,1,24,20,59,10,10362,Rue Chanteloup,48.2951,4.0444,Nuit avec éclairage allumé,En agglomération,Intersection en T,Normale,Deux véhicules - frontale,4,2,2,0,1,1,1,0,1,50,2,2,1,0,0,1,20.0,18.0,voiture,deux_roues,5,2,3,1,1
202400012684,2024-01-24 20:59:00,2024,1,24,20,59,10,10362,Rue Chanteloup,48.2951,4.0444,Nuit avec éclairage allumé,En agglomération,Intersection en T,Normale,Deux véhicules - frontale,4,2,2,0,1,1,1,0,1,50,2,2,1,0,0,1,20.0,18.0,voiture,deux_roues,5,2,3,1,1
202400012685,2024-07-02 09:50:00,2024,7,2,9,50,13,13208,PICON JACQUES RUE,43.26778715,5.39155298,Plein jour,En agglomération,Hors intersection,Normale,Deux véhicules - côté,4,1,4,3,1,1,1,0,6,50,1,1,0,0,0,1,60.0,,transport_commun,,1,2,1,1,3
202400012686,2024-08-06 13:05:00,2024,8,6,13,5,77,77031,D201A,48.683502,2.950054,Plein jour,En agglomération,Hors intersection,Normale,Deux véhicules - frontale,3,2,2,0,1,1,1,0,1,50,2,2,0,0,0,2,28.0,29.0,voiture,voiture,1,2,1,1,1
202400012687,2024-02-01 18:35:00,2024,2,1,18,35,10,10265,LAMARTINE (RUE),48.2996,4.0491,Nuit avec éclairage allumé,En agglomération,Hors intersection,Normale,Autre collision,4,2,2,0,1,1,2,0,1,50,2,2,1,0,0,1,20.0,53.0,deux_roues,voiture,5,2,1,1,6
202400012688,2024-08-17 09:50:00,2024,8,17,9,50,84,84031,NOTRE DAME DE SANTE AVENUE,44.06024,5.04876,Plein jour,En agglomération,Hors intersection,Normale,Deux véhicules - côté,4,2,2,0,2,1,1,0,1,50,2,2,1,0,1,0,57.0,65.0,deux_roues,voiture,1,2,1,1,3
202400012689,2024-02-01 12:14:00,2024,2,1,12,14,10,10060,ROCADE OUEST,48.2609,4.093,Plein jour,Hors agglomération,Hors intersection,Normale,Deux véhicules - côté,3,2,2,0,1,2,2,0,1,70,2,2,1,0,0,1,25.0,28.0,voiture,voiture,1,1,1,1,3
202400012690,2024-08-05 18:20:00,2024,8,5,18,20,34,34022,N113,43.659509,4.017783,Plein jour,En agglomération,Intersection en T,Normale,Autre collision,2,2,2,0,1,1,1,0,1,50,2,2,1,0,1,0,23.0,54.0,voiture,deux_roues,1,2,3,1,6
202400012690,2024-08-05 18:20:00,2024,8,5,18,20,34,34022,N113,43.659509,4.017783,Plein jour,En agglomération,Intersection en T,Normale,Autre collision,2,2,2,0,1,1,1,0,1,30,2,2,1,0,1,0,23.0,54.0,voiture,deux_roues,1,2,3,1,6
202400012691,2024-08-15 09:47:00,2024,8,15,9,47,84,84031,D942,44.04632,5.02397,Plein jour,Hors agglomération,Hors intersection,Normale,Deux véhicules - arrière,3,3,4,0,1,1,1,0,1,50,2,5,1,0,0,4,34.0,43.0,utilitaire_camion,utilitaire_camion,1,1,1,1,2
202400012692,2024-02-02 08:20:00,2024,2,2,8,20,07,07070,ROUTE DEPARTEMENTALE 86,44.97802,4.85108,Plein jour,Hors agglomération,Hors intersection,Normale,Trois véhicules et plus - collisions multiples,3,2,2,0,1,1,1,0,1,90,3,3,2,0,0,1,61.0,32.0,voiture,utilitaire_camion,1,1,1,1,5
202400012693,2024-08-06 16:50:00,2024,8,6,16,50,05,05136,RN94,44.69217028,6.61212902,Plein jour,Hors agglomération,Hors intersection,Normale,Deux véhicules - côté,2,2,2,0,2,1,1,0,1,80,2,4,3,0,1,0,29.0,29.0,voiture,voiture,1,1,1,1,3
202400012694,2024-08-11 20:45:00,2024,8,11,20,45,84,84031,DURAND BOULEVARD ALBIN,44.05453,5.04506,Plein jour,En agglomération,Hors intersection,Normale,Deux véhicules - côté,4,1,3,0,1,1,1,0,1,50,2,2,1,0,0,1,20.0,17.0,voiture,deux_roues,1,2,1,1,3
202400012695,2024-02-02 10:40:00,2024,2,2,10,40,07,07316,MONTGOLFIERS (AVENENUE DES FRERES),44.89281,4.85059,Plein jour,En agglomération,Hors intersection,Normale,Deux véhicules - frontale,3,2,2,0,1,1,1,0,1,50,2,3,2,0,0,1,76.0,61.0,voiture,voiture,1,2,1,1,1
202400012696,2024-08-06 09:50:00,2024,8,6,9,50,04,04019,Avenue Ernest Pellotier,44.387627,6.639857,Plein jour,En agglomération,Intersection en X,Normale,Deux véhicules - côté,3,2,2,0,1,1,1,0,1,50,2,2,0,0,0,2,69.0,62.0,deux_roues,deux_roues,1,2,2,1,3
202400012696,2024-08-06 09:50:00,2024,8,6,9,50,04,04019,Avenue Ernest Pellotier,44.387627,6.639857,Plein jour,En agglomération,Intersection en X,Normale,Deux véhicules - côté,3,-1, -1,-1,1,1,1,-1,1,-1,2,2,0,0,0,2,69.0,62.0,deux_roues,deux_roues,1,2,2,1,3
202400012697,2024-08-19 07:49:00,2024,8,19,7,49,84,84080,ROULIERS CHEMIN DES,44.03035,4.96907,Plein jour,En agglomération,Hors intersection,Temps éblouissant,Deux véhicules - côté,4,2,2,0,1,1,1,0,1,50,2,2,1,0,1,0,21.0,17.0,utilitaire_camion,deux_roues,1,2,1,7,3
202400012698,2024-08-05 07:50:00,2024,8,5,7,50,13,13059,Départementale 556,43.647605,5.491437,Crépuscule ou aube,Hors agglomération,Giratoire,Normale,Deux véhicules - côté,3,1,2,0,1,2,1,0,1,80,2,2,1,0,0,1,32.0,60.0,voiture,deux_roues,2,1,6,1,3
202400012699,2024-02-02 15:40:00,2024,2,2,15,40,06,06088,Promenade des Anglais,43.67869,7.22965,Plein jour,En agglomération,Hors intersection,Normale,Deux véhicules - arrière,7,3,6,0,1,1,1,0,1,50,2,2,1,0,0,1,35.0,63.0,voiture,deux_roues,1,2,1,1,2
202400012700,2024-08-03 16:40:00,2024,8,3,16,40,84,84031,D942,44.06083,5.03913,Plein jour,Hors agglomération,Giratoire,Normale,Sans collision,3,1,0,0,1,1,1,0,1,90,1,1,0,0,0,1,48.0,,deux_roues,,1,1,6,1,7
202400012701,2024-08-02 21:40:00,2024,8,2,21,40,84,84031,ROUTE DE BEDOIN,44.07368,5.08738,Nuit sans éclairage public,En agglomération,Hors intersection,Pluie légère,Autre collision,4,2,2,0,1,1,2,0,1,50,1,1,0,0,0,1,22.0,,voiture,,3,2,1,2,6
202400012702,2024-08-05 05:20:00,2024,8,5,5,20,67,67519,M223,48.668998,7.827407,Crépuscule ou aube,Hors agglomération,Hors intersection,Normale,Sans collision,7,2,2,0,1,1,1,0,3,80,1,2,1,0,1,0,20.0,,voiture,,2,1,1,1,7
202400012703,2024-02-02 13:50:00,2024,2,2,13,50,06,06069,Avenue Mathias Duval,43.65053,6.92212,Plein jour,En agglomération,Autre intersection,Normale,Deux véhicules - côté,4,1,2,0,1,2,1,0,1,50,2,2,1,0,0,1,24.0,24.0,voiture,deux_roues,1,2,9,1,3
202400012704,2024-08-01 10:24:00,2024,8,1,10,24,84,84080,TREWEY BOULEVARD,44.03354,4.99792,Plein jour,En agglomération,Hors intersection,Normale,Autre collision,4,2,2,0,1,1,1,0,1,50,1,2,1,0,0,1,74.0,,utilitaire_camion,,1,2,1,1,6
202400012705,2024-08-04 09:35:00,2024,8,4,9,35,69,69255,Rue du Dronaud,45.731981,4.658394,Plein jour,En agglomération,Intersection en Y,Temps éblouissant,Autre collision,3,2,2,0,2,1,1,0,1,-1,1,2,1,0,1,0,86.0,,voiture,,1,2,4,7,6
202400012705,2024-08-04 09:35:00,2024,8,4,9,35,69,69255,Rue du Dronaud,45.731981,4.658394,Plein jour,En agglomération,Intersection en Y,Temps éblouissant,Autre collision,3,2,2,0,4,4,1,0,1,50,1,2,1,0,1,0,86.0,,voiture,,1,2,4,7,6
202400012706,2024-07-23 04:40:00,2024,7,23,4,40,84,84031,SAINT ROCH AVENUE,44.073524,5.058488,Nuit sans éclairage public,Hors agglomération,Giratoire,Normale,Sans collision,3,1,2,0,1,3,1,9,8,50,1,1,0,0,1,0,57.0,,deux_roues,,3,1,6,1,7
202400012707,2024-02-02 10:45:00,2024,2,2,10,45,06,06069,Boulevard Fragonard,43.65763,6.92206,Plein jour,En agglomération,Hors intersection,Normale,Deux véhicules - arrière,3,2,2,0,3,2,1,0,1,50,2,2,0,0,0,2,49.0,34.0,voiture,voiture,1,2,1,1,2
202400012708,2024-08-05 15:10:00,2024,8,5,15,10,09,09157,Avenue Pierre Sémard,42.964104,1.873692,Plein jour,Hors agglomération,Hors intersection,Normale,Deux véhicules - frontale,5,-1,1,1,1,1,1,0,6,5,2,2,1,0,0,1,62.0,17.0,deux_roues,deux_roues,1,1,1,1,1
202400012709,2024-07-20 15:51:00,2024,7,20,15,51,84,84089,Route d?Aix,43.681894,5.500755,Plein jour,En agglomération,Giratoire,Normale,Deux véhicules - côté,4,3,2,1,1,3,1,9,1,50,2,3,1,0,0,2,40.0,27.0,deux_roues,voiture,1,2,6,1,3
202400012710,2024-02-02 02:50:00,2024,2,2,2,50,06,06029,44 Boulevard Carnot,43.55776,7.01712,Nuit avec éclairage allumé,En agglomération,Hors intersection,Normale,Autre collision,4,3,3,3,1,1,1,0,1,50,1,1,0,1,0,0,61.0,,deux_roues,,5,2,1,1,6
202400012711,2024-03-13 15:03:00,2024,3,13,15,3,84,84056,Route de Violès,44.136453,4.937448,Plein jour,Hors agglomération,Hors intersection,Normale,Autre collision,3,1,2,0,1,1,1,0,3,80,1,1,0,0,1,0,52.0,,voiture,,1,1,1,1,6
202400012712,2024-02-02 07:05:00,2024,2,2,7,5,06,06004,Chemin de Saint Claude,43.5949074,7.1071558,Crépuscule ou aube,En agglomération,Intersection en T,Normale,Autre collision,4,2,3,3,2,2,1,0,1,50,1,2,0,0,2,0,58.0,,deux_roues,,2,2,3,1,6
202400012712,2024-02-02 07:05:00,2024,2,2,7,5,06,06004,Chemin de Saint Claude,43.5949074,7.1071558,Crépuscule ou aube,En agglomération,Intersection en T,Normale,Autre collision,4,1,1,0,3,2,1,0,1,50,1,2,0,0,2,0,58.0,,deux_roues,,2,2,3,1,6
202400012713,2024-10-26 20:55:00,2024,10,26,20,55,19,19151,,45.08336845,1.51425862,Nuit sans éclairage public,Hors agglomération,Hors intersection,Pluie légère,Sans collision,1,3,2,0,2,3,2,0,1,110,1,1,0,0,0,1,41.0,,utilitaire_camion,,3,1,1,2,7
202400012714,2024-08-05 21:10:00,2024,8,5,21,10,72,72244,1134 route de sable,47.777708,-0.319537,Plein jour,Hors agglomération,Intersection en T,Temps éblouissant,Deux véhicules - côté,3,2,2,0,4,3,1,0,1,80,2,3,1,0,1,1,23.0,17.0,voiture,deux_roues,1,1,3,7,3
202400012714,2024-08-05 21:10:00,2024,8,5,21,10,72,72244,1134 route de sable,47.777708,-0.319537,Plein jour,Hors agglomération,Intersection en T,Temps éblouissant,Deux véhicules - côté,3,2,2,0,1,1,9,0,1,-1,2,3,1,0,1,1,23.0,17.0,voiture,deux_roues,1,1,3,7,3
202400012715,2024-12-28 23:20:00,2024,12,28,23,20,974,97407,VERGES(AVENUE),-20.9397,55.30329,Nuit avec éclairage allumé,En agglomération,Giratoire,Normale,Deux véhicules - côté,4,-1,0,0,1,1,1,9,1,50,2,2,1,0,0,1,15.0,39.0,deux_roues,voiture,5,2,6,1,3
202400012715,2024-12-28 23:20:00,2024,12,28,23,20,974,97407,VERGES(AVENUE),-20.9397,55.30329,Nuit avec éclairage allumé,En agglomération,Giratoire,Normale,Deux véhicules - côté,4,-1,0,0,1,1,1,9,1,50,2,2,1,0,0,1,15.0,39.0,deux_roues,voiture,5,2,6,1,3
202400012716,2024-12-28 15:50:00,2024,12,28,15,50,2B,2B037,TOUTES RUES,42.3742,9.2614,Plein jour,En agglomération,Giratoire,Normale,Deux véhicules - côté,2,2,2,0,1,1,1,5,1,30,2,3,2,0,0,1,24.0,23.0,voiture,voiture,1,2,6,1,3
202400012716,2024-12-28 15:50:00,2024,12,28,15,50,2B,2B037,TOUTES RUES,42.3742,9.2614,Plein jour,En agglomération,Giratoire,Normale,Deux véhicules - côté,2,2,2,0,1,2,1,5,1,30,2,3,2,0,0,1,24.0,23.0,voiture,voiture,1,2,6,1,3
202400012717,2024-08-06 14:00:00,2024,8,6,14,0,50,50616,D456,48.671679,-1.369922,Plein jour,Hors agglomération,Intersection en T,Temps couvert,Deux véhicules - côté,3,2,2,0,1,1,1,5,1,80,2,2,1,0,1,0,78.0,60.0,deux_roues,voiture,1,1,3,8,3
202400012717,2024-08-06 14:00:00,2024,8,6,14,0,50,50616,D456,48.671679,-1.369922,Plein jour,Hors agglomération,Intersection en T,Temps couvert,Deux véhicules - côté,3,2,2,0,1,2,1,5,1,80,2,2,1,0,1,0,78.0,60.0,deux_roues,voiture,1,1,3,8,3
202400012718,2024-12-28 14:20:00,2024,12,28,14,20,2A,2A004,MARECHAL JUIN AVENUE,41.93761,8.75097,Plein jour,En agglomération,Autre intersection,Normale,Deux véhicules - côté,4,2,2,0,2,1,1,0,1,50,2,2,1,0,0,1,38.0,26.0,deux_roues,voiture,1,2,9,1,3
202400012719,2024-07-31 11:00:00,2024,7,31,11,0,29,29046,Route de Quimper,48.0789582,-4.32238353,Plein jour,En agglomération,Intersection en T,Normale,Sans collision,3,2,2,0,2,1,1,5,1,50,1,1,0,0,1,0,57.0,,deux_roues,,1,2,3,1,7
202400012719,2024-07-31 11:00:00,2024,7,31,11,0,29,29046,Route de Quimper,48.0789582,-4.32238353,Plein jour,En agglomération,Intersection en T,Normale,Sans collision,3,2, -1,-1,1,1,1,0,1,50,1,1,0,0,1,0,57.0,,deux_roues,,1,2,3,1,7
202400012720,2024-12-28 11:06:00,2024,12,28,11,6,2A,2A004,#Rue Achille Peretti#,41.93768,8.74238,Plein jour,En agglomération,Intersection en T,Normale,Deux véhicules - côté,4,-1,2,0,1,1,1,0,1,50,2,2,1,0,0,1,55.0,67.0,voiture,deux_roues,1,2,3,1,3
202400012720,2024-12-28 11:06:00,2024,12,28,11,6,2A,2A004,#Rue Achille Peretti#,41.93768,8.74238,Plein jour,En agglomération,Intersection en T,Normale,Deux véhicules - côté,4,-1,2,0,2,1,1,0,1,50,2,2,1,0,0,1,55.0,67.0,voiture,deux_roues,1,2,3,1,3
202400012721,2024-08-04 22:45:00,2024,8,4,22,45,22,22168,Route de Pleumeur-bodou,48.801016,-3.473375,Nuit sans éclairage public,En agglomération,Intersection en X,Normale,Deux véhicules - côté,4,2,2,0,1,1,1,5,1,30,2,2,1,0,1,0,15.0,39.0,deux_roues,voiture,3,2,2,1,3
202400012721,2024-08-04 22:45:00,2024,8,4,22,45,22,22168,Route de Pleumeur-bodou,48.801016,-3.473375,Nuit sans éclairage public,En agglomération,Intersection en X,Normale,Deux véhicules - côté,4,2,2,1,1,2,1,5,1,30,2,2,1,0,1,0,15.0,39.0,deux_roues,voiture,3,2,2,1,3
202400012722,2024-08-05 23:40:00,2024,8,5,23,40,22,22162,Rue Gilles le Guen,48.782542,-3.038476,Nuit avec éclairage non allumé,En agglomération,Intersection en T,Normale,Autre collision,4,2,2,0,1,1,1,0,1,50,1,1,0,0,1,0,16.0,,deux_roues,,4,2,3,1,6
202400012722,2024-08-05 23:40:00,2024,8,5,23,40,22,22162,Rue Gilles le Guen,48.782542,-3.038476,Nuit avec éclairage non allumé,En agglomération,Intersection en T,Normale,Autre collision,4,2,2,0,2,1,1,0,1,50,1,1,0,0,1,0,16.0,,deux_roues,,4,2,3,1,6
202400012723,2024-12-28 14:22:00,2024,12,28,14,22,91,91286,ROUTE NATIONALE 7,48.66927,2.39354,Plein jour,En agglomération,Giratoire,Temps couvert,Autre collision,3,2,2,0,2,3,1,9,1,50,1,2,1,0,0,1,43.0,,voiture,,1,2,6,8,6
202400012723,2024-12-28 14:22:00,2024,12,28,14,22,91,91286,ROUTE NATIONALE 7,48.66927,2.39354,Plein jour,En agglomération,Giratoire,Temps couvert,Autre collision,3,1,2,0,1,3,1,9,1,50,1,2,1,0,0,1,43.0,,voiture,,1,2,6,8,6
202400012724,2024-08-06 00:30:00,2024,8,6,0,30,27,27114,rue guy de maupassant,48.962751,1.430948,Nuit sans éclairage public,En agglomération,Hors intersection,Normale,Autre collision,3,2,2,0,3,2,1,0,8,50,1,1,0,0,1,0,35.0,,voiture,,3,2,1,1,6