accident_id,datetime,annee,mois,jour,heure,minute,departement,commune_insee,adresse,latitude,longitude,luminosite,agglomeration,intersection,meteo,collision,catr,circ,nbv,vosp,prof,plan,surf,infra,situ,vma,nb_vehicules,nb_usagers,nb_indemnes,nb_tues,nb_blesses_hosp,nb_blesses_legers,age_cond_1,age_cond_2,veh_type_cond_1,veh_type_cond_2,lum_code,agg_code,int_code,atm_code,col_code
202400012797,2024-05-28 18:10:00,2024,5,28,18,10,63,63103,RD227 / rue de St-Hubert,45.9194985,3.05324154,Plein jour,Hors agglomération,Intersection en T,Normale,Deux véhicules - côté,3,-1,2,0,2,1,1,0,1,70,2,2,1,0,0,1,40.0,67.0,voiture,deux_roues,1,1,3,1,3
202400012797,2024-05-28 18:10:00,2024,5,28,18,10,63,63103,RD227 / rue de St-Hubert,45.9194985,3.05324154,Plein jour,Hors agglomération,Intersection en T,Normale,Deux véhicules - côté,3,2,2,0,3,1,1,0,1,50,2,2,1,0,0,1,40.0,67.0,voiture,deux_roues,1,1,3,1,3
202400012798,2024-05-31 15:30:00,2024,5,31,15,30,63,63113,MONTLOSIER (RUE),45.78133,3.08806,Plein jour,En agglomération,Hors intersection,Normale,Sans collision,4,1,2,1,1,1,1,0,1,30,1,1,0,0,1,0,18.0,,deux_roues,,1,2,1,1,7
202400012799,2024-05-31 13:57:00,2024,5,31,13,57,63,63113,VERNE (RUE JULES),45.78603,3.13615,Plein jour,En agglomération,Hors intersection,Normale,Deux véhicules - arrière,4,-1,0,0,1,1,1,0,1,30,2,3,2,0,0,1,46.0,27.0,voiture,voiture,1,2,1,1,2
202400012800,2024-05-31 11:00:00,2024,5,31,11,0,63,63113,BLANZAT (RUE DE),45.78525,3.08471,Plein jour,En agglomération,Hors intersection,Normale,Autre collision,4,2,2,0,1,1,1,6,6,30,1,2,1,0,1,0,84.0,,voiture,,1,2,1,1,6
202400012801,2024-05-31 13:05:00,2024,5,31,13,5,59,59350,Avenue de Dunkerque (Lomme),50.64207,3.01734,Plein jour,En agglomération,Intersection en T,Pluie légère,,7,2,2,0,1,1,2,0,1,50,2,2,1,0,1,0,54.0,44.0,deux_roues,voiture,1,2,3,2,-1
202400012801,2024-05-31 13:05:00,2024,5,31,13,5,59,59350,Avenue de Dunkerque (Lomme),50.64207,3.01734,Plein jour,En agglomération,Intersection en T,Pluie légère,,7,2,2,1,1,1,2,0,1,50,2,2,1,0,1,0,54.0,44.0,deux_roues,voiture,1,2,3,2,-1
202400012802,2024-05-30 20:05:00,2024,5,30,20,5,59,59378,Avenue du Maréchal Foch,50.67166,3.09731,Plein jour,En agglomération,Hors intersection,Normale,Deux véhicules - arrière,4,3,2,2,1,1,1,0,1,50,2,2,1,0,0,1,16.0,68.0,deux_roues,voiture,1,2,1,1,2
202400012803,2024-05-30 16:45:00,2024,5,30,16,45,57,57672,ALLIES (PONT DES),49.3585,6.17022,Plein jour,En agglomération,Hors intersection,Normale,Autre collision,4,4,4,0,1,1,1,0,1,50,1,2,1,0,1,0,20.0,,voiture,,1,2,1,1,6
202400012804,2024-05-31 12:30:00,2024,5,31,12,30,56,56260,Rue Robert Schuman,47.64999,-2.77055,Plein jour,En agglomération,Giratoire,Normale,Deux véhicules - côté,4,2,2,0,1,1,1,5,1,30,2,2,1,0,0,1,41.0,18.0,voiture,deux_roues,1,2,6,1,3
202400012804,2024-05-31 12:30:00,2024,5,31,12,30,56,56260,Rue Robert Schuman,47.64999,-2.77055,Plein jour,En agglomération,Giratoire,Normale,Deux véhicules - côté,4,2,2,0,1,1,1,5,1,30,2,2,1,0,0,1,41.0,18.0,voiture,deux_roues,1,2,6,1,3
202400012805,2024-05-31 12:30:00,2024,5,31,12,30,56,56098,CHARCOT (RUE  COMMANDANT ),47.75826,-3.3277377,Plein jour,En agglomération,Intersection en X,Normale,Deux véhicules - côté,4,2,2,0,1,1,1,0,1,50,2,2,1,0,0,1,21.0,50.0,voiture,deux_roues,1,2,2,1,3
202400012805,2024-05-31 12:30:00,2024,5,31,12,30,56,56098,CHARCOT (RUE  COMMANDANT ),47.75826,-3.3277377,Plein jour,En agglomération,Intersection en X,Normale,Deux véhicules - côté,4,2,2,0,1,1,1,0,1,50,2,2,1,0,0,1,21.0,50.0,voiture,deux_roues,1,2,2,1,3
202400012806,2024-05-30 14:30:00,2024,5,30,14,30,54,54339,rue Antoine de Saint Exupéry,48.713676,6.193644,Plein jour,En agglomération,Hors intersection,Normale,Deux véhicules - frontale,4,2,2,1,1,1,1,0,1,50,2,3,0,0,3,0,59.0,38.0,voiture,voiture,1,2,1,1,1
202400012807,2024-05-30 13:20:00,2024,5,30,13,20,54,54395,Rue Jeannot,48.688932,6.188552,Plein jour,En agglomération,Intersection en X,Normale,Deux véhicules - côté,4,1,1,0,1,1,1,0,1,30,2,2,1,0,0,1,17.0,54.0,deux_roues,voiture,1,2,2,1,3
202400012807,2024-05-30 13:20:00,2024,5,30,13,20,54,54395,Rue Jeannot,48.688932,6.188552,Plein jour,En agglomération,Intersection en X,Normale,Deux véhicules - côté,4,1,1,0,1,1,1,0,1,30,2,2,1,0,0,1,17.0,54.0,deux_roues,voiture,1,2,2,1,3
202400012808,2024-05-31 12:35:00,2024,5,31,12,35,49,49007,TOURAINE RUE ET SQUARE,47.48458,-0.52885,Plein jour,En agglomération,Hors intersection,Normale,Autre collision,4,2,2,0,1,1,1,0,1,30,1,2,1,0,0,1,37.0,,voiture,,1,2,1,1,6
202400012809,2024-05-30 18:39:00,2024,5,30,18,39,49,49007,VOLNEY,47.46,-0.53721,Plein jour,En agglomération,Intersection en X,Normale,Trois véhicules et plus - collisions multiples,4,1,1,2,1,1,1,0,1,50,3,3,2,0,1,0,32.0,34.0,voiture,voiture,1,2,2,1,5
202400012809,2024-05-30 18:39:00,2024,5,30,18,39,49,49007,VOLNEY,47.46,-0.53721,Plein jour,En agglomération,Intersection en X,Normale,Trois véhicules et plus - collisions multiples,4,-1,2,2,1,1,1,0,1,50,3,3,2,0,1,0,32.0,34.0,voiture,voiture,1,2,2,1,5
202400012809,2024-05-30 18:39:00,2024,5,30,18,39,49,49007,VOLNEY,47.46,-0.53721,Plein jour,En agglomération,Intersection en X,Normale,Trois véhicules et plus - collisions multiples,4,2,2,2,1,1,1,0,1,50,3,3,2,0,1,0,32.0,34.0,voiture,voiture,1,2,2,1,5
202400012810,2024-05-31 12:46:00,2024,5,31,12,46,45,45169,Route d'Orleans,47.91513,1.84463,Plein jour,En agglomération,Intersection en T,Normale,Deux véhicules - côté,4,2,2,0,1,1,1,0,1,50,2,2,0,0,0,2,28.0,29.0,voiture,voiture,1,2,3,1,3
202400012810,2024-05-31 12:46:00,2024,5,31,12,46,45,45169,Route d'Orleans,47.91513,1.84463,Plein jour,En agglomération,Intersection en T,Normale,Deux véhicules - côté,4,2,2,0,1,1,1,0,1,50,2,2,0,0,0,2,28.0,29.0,voiture,voiture,1,2,3,1,3
202400012811,2024-06-01 00:21:00,2024,6,1,0,21,42,42187,Rue Albert Thomas,46.05165,4.07396,Nuit avec éclairage allumé,En agglomération,Intersection en T,Pluie légère,Autre collision,4,2,2,-1,1,1,2,0,1,50,1,2,1,0,0,1,16.0,,voiture,,5,2,3,2,6
202400012811,2024-06-01 00:21:00,2024,6,1,0,21,42,42187,Rue Albert Thomas,46.05165,4.07396,Nuit avec éclairage allumé,En agglomération,Intersection en T,Pluie légère,Autre collision,4,3,2,0,1,1,2,9,1,50,1,2,1,0,0,1,16.0,,voiture,,5,2,3,2,6
202400012812,2024-05-31 21:22:00,2024,5,31,21,22,42,42187,Quai du Canal,46.04492506,4.08706382,Nuit avec éclairage allumé,En agglomération,Intersection en T,Normale,Autre collision,4,3,2,1,1,1,1,0,4,50,1,2,1,0,0,1,20.0,,voiture,,5,2,3,1,6
202400012812,2024-05-31 21:22:00,2024,5,31,21,22,42,42187,Quai du Canal,46.04492506,4.08706382,Nuit avec éclairage allumé,En agglomération,Intersection en T,Normale,Autre collision,4,2,2,-1,1,1,1,0,4,-1,1,2,1,0,0,1,20.0,,voiture,,5,2,3,1,6
202400012813,2024-05-30 19:45:00,2024,5,30,19,45,41,41226,PARIS (ROUTE DE),47.82431,1.07693,Plein jour,Hors agglomération,Giratoire,Pluie légère,Deux véhicules - côté,2,1,2,0,2,3,2,0,1,50,2,3,1,0,0,2,43.0,53.0,utilitaire_camion,voiture,1,1,6,2,3
202400012813,2024-05-30 19:45:00,2024,5,30,19,45,41,41226,PARIS (ROUTE DE),47.82431,1.07693,Plein jour,Hors agglomération,Giratoire,Pluie légère,Deux véhicules - côté,2,1,2,0,1,2,2,0,1,50,2,3,1,0,0,2,43.0,53.0,utilitaire_camion,voiture,1,1,6,2,3
202400012814,2024-05-31 06:00:00,2024,5,31,6,0,37,37233,LOIRE (LEVEE DE LA),47.40202,0.74973,Nuit sans éclairage public,En agglomération,Hors intersection,Normale,Autre collision,3,2,2,0,1,1,1,0,1,70,1,3,2,1,0,0,25.0,,voiture,,3,2,1,1,6
202400012815,2024-05-31 12:00:00,2024,5,31,12,0,35,35238,MABILAIS (DE LA),48.10635,-1.69513,Plein jour,En agglomération,Intersection en T,Normale,Deux véhicules - côté,4,2,2,2,1,1,1,0,1,30,2,2,1,0,0,1,41.0,66.0,deux_roues,voiture,1,2,3,1,3
202400012815,2024-05-31 12:00:00,2024,5,31,12,0,35,35238,MABILAIS (DE LA),48.10635,-1.69513,Plein jour,En agglomération,Intersection en T,Normale,Deux véhicules - côté,4,2,2,0,1,1,1,0,1,30,2,2,1,0,0,1,41.0,66.0,deux_roues,voiture,1,2,3,1,3
202400012816,2024-05-31 12:00:00,2024,5,31,12,0,34,34172,LOUISVILLE (AVENUE DE),43.62548,3.81565,Plein jour,En agglomération,Hors intersection,Normale,Autre collision,4,2,2,0,1,1,1,0,1,30,1,2,1,0,0,1,74.0,,voiture,,1,2,1,1,6
202400012817,2024-05-31 07:24:00,2024,5,31,7,24,33,33167,,44.82634,-0.52665,Plein jour,En agglomération,Intersection en T,Normale,Trois véhicules et plus - collisions multiples,4,2,2,0,1,1,1,0,1,30,3,3,2,0,0,1,18.0,39.0,voiture,deux_roues,1,2,3,1,5
202400012817,2024-05-31 07:24:00,2024,5,31,7,24,33,33167,,44.82634,-0.52665,Plein jour,En agglomération,Intersection en T,Normale,Trois véhicules et plus - collisions multiples,4,1,1,-1,1,1,1,0,1,30,3,3,2,0,0,1,18.0,39.0,voiture,deux_roues,1,2,3,1,5
202400012818,2024-05-31 21:14:00,2024,5,31,21,14,31,31555,AV DU CHATEAU D EAU,43.60084,1.42787,Plein jour,En agglomération,Hors intersection,Normale,Autre collision,4,1,1,3,1,3,1,9,4,30,1,2,1,0,1,0,23.0,,voiture,,1,2,1,1,6
202400012819,2024-05-31 12:33:00,2024,5,31,12,33,31,31555,AV DE MURET,43.58643591,1.42929286,Plein jour,En agglomération,Hors intersection,Normale,Deux véhicules - côté,4,1,1,3,1,1,1,0,4,30,2,2,1,0,1,0,65.0,63.0,voiture,deux_roues,1,2,1,1,3
202400012820,2024-05-31 20:23:00,2024,5,31,20,23,29,29019,rue Massillon,48.398239,-4.477598,Plein jour,En agglomération,Intersection en X,Normale,Deux véhicules - côté,4,2,2,0,1,1,1,0,1,30,2,2,1,0,0,1,21.0,60.0,voiture,voiture,1,2,2,1,3
202400012820,2024-05-31 20:23:00,2024,5,31,20,23,29,29019,rue Massillon,48.398239,-4.477598,Plein jour,En agglomération,Intersection en X,Normale,Deux véhicules - côté,4,2,2,0,1,1,1,0,1,30,2,2,1,0,0,1,21.0,60.0,voiture,voiture,1,2,2,1,3
202400012821,2024-05-31 21:50:00,2024,5,31,21,50,28,28223,D 152,48.72125,1.41305,Nuit sans éclairage public,Hors agglomération,Hors intersection,Pluie légère,Deux véhicules - côté,3,-1,2,0,1,1,2,0,1,80,2,2,1,0,0,1,24.0,61.0,voiture,voiture,3,1,1,2,3
202400012822,2024-05-31 13:50:00,2024,5,31,13,50,27,27528,NOTRE DAME (RUE),49.25784,1.20824,Plein jour,En agglomération,Intersection en X,Pluie légère,Deux véhicules - côté,4,2,2,0,1,1,2,0,1,50,2,2,0,0,0,2,39.0,20.0,transport_commun,voiture,1,2,2,2,3
202400012822,2024-05-31 13:50:00,2024,5,31,13,50,27,27528,NOTRE DAME (RUE),49.25784,1.20824,Plein jour,En agglomération,Intersection en X,Pluie légère,Deux véhicules - côté,4,2,2,0,1,1,2,0,1,50,2,2,0,0,0,2,39.0,20.0,transport_commun,voiture,1,2,2,2,3
202400012823,2024-05-31 20:25:00,2024,5,31,20,25,27,27229,MOULIN (RUE JEAN),49.01144,1.15239,Plein jour,En agglomération,Giratoire,Pluie légère,Deux véhicules - côté,4,2,2,0,2,1,2,0,1,50,2,2,1,0,0,1,19.0,39.0,deux_roues,voiture,1,2,6,2,3
202400012823,2024-05-31 20:25:00,2024,5,31,20,25,27,27229,MOULIN (RUE JEAN),49.01144,1.15239,Plein jour,En agglomération,Giratoire,Pluie légère,Deux véhicules - côté,4,2,2,0,2,1,2,0,1,50,2,2,1,0,0,1,19.0,39.0,deux_roues,voiture,1,2,6,2,3
202400012824,2024-05-30 13:17:00,2024,5,30,13,17,27,27229,LAVOISIER (RUE),49.00033,1.14767,Plein jour,En agglomération,Hors intersection,Pluie forte,Deux véhicules - côté,4,-1,2,0,1,1,2,0,1,50,2,2,1,0,0,1,50.0,44.0,voiture,voiture,1,2,1,3,3
202400012825,2024-05-31 12:55:00,2024,5,31,12,55,25,25056,RIVOTTE  FAUBOURG,47.23137,6.03578,Plein jour,En agglomération,Hors intersection,Pluie forte,Deux véhicules - frontale,3,3,3,0,1,3,2,2,1,50,2,2,1,0,0,1,39.0,25.0,voiture,voiture,1,2,1,3,1
202400012826,2024-05-30 08:30:00,2024,5,30,8,30,15,15012,RD 990,44.90167,2.49661,Plein jour,Hors agglomération,Autre intersection,Pluie légère,Sans collision,3,2,1,0,1,1,2,9,1,90,1,1,0,0,0,1,32.0,,deux_roues,,1,1,9,2,7
202400012827,2024-05-30 15:15:00,2024,5,30,15,15,14,14574,1570 Route de Dives,49.161053,0.190994,Plein jour,Hors agglomération,Hors intersection,Normale,Sans collision,3,3,2,0,1,3,1,0,1,70,1,2,1,0,0,1,35.0,,voiture,,1,1,1,1,7
202400012828,2024-05-30 14:06:00,2024,5,30,14,6,14,14574,1993 Route de Dives,49.163758,0.188123,Plein jour,Hors agglomération,Hors intersection,Normale,Trois véhicules et plus - collisions multiples,3,3,2,0,1,1,1,0,1,70,3,3,1,0,0,2,58.0,21.0,voiture,voiture,1,1,1,1,5
202400012829,2024-05-31 22:39:00,2024,5,31,22,39,13,13203,PLOMBIERES (BOULEVARD DES),43.31887,5.37899,Nuit avec éclairage allumé,En agglomération,Intersection en T,Normale,Deux véhicules - côté,4,1,2,0,1,1,1,0,1,50,2,2,1,0,0,1,21.0,40.0,voiture,voiture,5,2,3,1,3
202400012829,2024-05-31 22:39:00,2024,5,31,22,39,13,13203,PLOMBIERES (BOULEVARD DES),43.31887,5.37899,Nuit avec éclairage allumé,En agglomération,Intersection en T,Normale,Deux véhicules - côté,4,1,2,0,1,1,1,0,1,50,2,2,1,0,0,1,21.0,40.0,voiture,voiture,5,2,3,1,3
202400012830,2024-05-31 20:00:00,2024,5,31,20,0,13,13203,CASSIN (RUE),43.31535,5.37318,Plein jour,En agglomération,Hors intersection,Normale,Deux véhicules - frontale,4,2,2,0,1,1,1,0,1,50,1,2,1,0,0,1,,,deux_roues,,1,2,1,1,1
202400012831,2024-05-31 11:05:00,2024,5,31,11,5,13,13207,CÉSAR ALEMAN (RUE),43.29024,5.35749,Plein jour,En agglomération,Intersection en X,Normale,Deux véhicules - côté,4,1,1,0,1,1,1,0,1,50,2,4,1,0,0,3,27.0,62.0,voiture,voiture,1,2,2,1,3
202400012831,2024-05-31 11:05:00,2024,5,31,11,5,13,13207,CÉSAR ALEMAN (RUE),43.29024,5.35749,Plein jour,En agglomération,Intersection en X,Normale,Deux véhicules - côté,4,1,1,0,1,1,1,0,1,50,2,4,1,0,0,3,27.0,62.0,voiture,voiture,1,2,2,1,3
202400012832,2024-05-31 10:30:00,2024,5,31,10,30,13,13001,JUVENAL MAX (AV),43.52564307,5.43864151,Plein jour,En agglomération,Hors intersection,Normale,Deux véhicules - arrière,4,3,3,0,1,1,1,0,1,50,2,2,0,0,0,2,35.0,35.0,voiture,voiture,1,2,1,1,2
202400012833,2024-05-31 14:13:00,2024,5,31,14,13,10,10333,Rue Charles Baltet,48.282,4.0594,Plein jour,En agglomération,Giratoire,Normale,Deux véhicules - côté,4,-1,2,0,1,1,1,0,1,50,2,2,1,0,0,1,76.0,21.0,voiture,deux_roues,1,2,6,1,3
202400012833,2024-05-31 14:13:00,2024,5,31,14,13,10,10333,Rue Charles Baltet,48.282,4.0594,Plein jour,En agglomération,Giratoire,Normale,Deux véhicules - côté,4,-1,2,0,1,1,1,0,1,50,2,2,1,0,0,1,76.0,21.0,voiture,deux_roues,1,2,6,1,3
202400012834,2024-05-30 18:19:00,2024,5,30,18,19,10,10387,MARECHAL FOCH (RUE DU),48.29688,4.0755,Plein jour,En agglomération,Intersection en X,Temps couvert,Autre collision,4,1,1,0,1,1,1,0,8,30,1,3,1,0,0,2,19.0,,voiture,,1,2,2,8,6
202400012834,2024-05-30 18:19:00,2024,5,30,18,19,10,10387,MARECHAL FOCH (RUE DU),48.29688,4.0755,Plein jour,En agglomération,Intersection en X,Temps couvert,Autre collision,4,2,3,0,1,1,1,0,1,30,1,3,1,0,0,2,19.0,,voiture,,1,2,2,8,6
202400012835,2024-05-30 13:39:00,2024,5,30,13,39,10,10387,CHAILLOUET RUE),48.3055,4.0858,Plein jour,En agglomération,Hors intersection,Normale,Autre collision,4,2,2,0,1,1,1,0,1,50,1,2,1,0,0,1,42.0,,voiture,,1,2,1,1,6
202400012836,2024-05-30 07:36:00,2024,5,30,7,36,10,10343,MICHEL BAROIN (RUE),48.2767,4.0933,Plein jour,En agglomération,Autre intersection,Normale,Deux véhicules - côté,4,-1,0,0,1,1,1,9,8,50,2,2,1,0,0,1,60.0,26.0,voiture,deux_roues,1,2,9,1,3
202400012837,2024-05-27 17:50:00,2024,5,27,17,50,02,02304,1 rue des bigors,49.66358,3.36948,Plein jour,En agglomération,Intersection en T,Normale,Deux véhicules - arrière,4,2,2,0,1,1,1,0,1,50,2,2,1,0,0,1,16.0,,deux_roues,voiture,1,2,3,1,2
202400012837,2024-05-27 17:50:00,2024,5,27,17,50,02,02304,1 rue des bigors,49.66358,3.36948,Plein jour,En agglomération,Intersection en T,Normale,Deux véhicules - arrière,4,2, -1,-1,1,1,1,0,1,-1,2,2,1,0,0,1,16.0,,deux_roues,voiture,1,2,3,1,2
202400012838,2024-05-23 10:15:00,2024,5,23,10,15,01,01289,BELLEVUE ( CHEMIN DE) PAIR,46.18174,5.20551,Plein jour,En agglomération,Hors intersection,Normale,Autre collision,4,2,2,0,1,1,1,5,1,50,1,2,1,0,0,1,52.0,,voiture,,1,2,1,1,6
202400012839,2024-05-31 17:30:00,2024,5,31,17,30,75,75118,RUE DES POISSONNIERS,48.888279,2.351485,Plein jour,En agglomération,Intersection en X,Normale,Autre collision,4,1, -1,-1,1,1,1,0,1,30,1,2,1,0,0,1,51.0,,voiture,,1,2,2,1,6
202400012839,2024-05-31 17:30:00,2024,5,31,17,30,75,75118,RUE DES POISSONNIERS,48.888279,2.351485,Plein jour,En agglomération,Intersection en X,Normale,Autre collision,4,-1,0,0,1,1,1,0,1,30,1,2,1,0,0,1,51.0,,voiture,,1,2,2,1,6
202400012840,2024-05-31 16:30:00,2024,5,31,16,30,75,75118,RUE DE L EVANGILE,48.894361,2.366009,Plein jour,En agglomération,Intersection en T,Pluie légère,Autre collision,4,1, -1,-1,1,1,2,0,1,30,1,2,1,0,0,1,42.0,,voiture,,1,2,3,2,6
202400012840,2024-05-31 16:30:00,2024,5,31,16,30,75,75118,RUE DE L EVANGILE,48.894361,2.366009,Plein jour,En agglomération,Intersection en T,Pluie légère,Autre collision,4,1,2,2,1,1,2,0,1,30,1,2,1,0,0,1,42.0,,voiture,,1,2,3,2,6
202400012841,2024-05-31 10:40:00,2024,5,31,10,40,75,75118,RUE DE LA CHAPELLE,48.890868,2.360007,Plein jour,En agglomération,Intersection en X,Temps couvert,Autre collision,4,2, -1,-1,1,1,1,0,1,30,1,2,1,0,0,1,34.0,,voiture,,1,2,2,8,6
202400012841,2024-05-31 10:40:00,2024,5,31,10,40,75,75118,RUE DE LA CHAPELLE,48.890868,2.360007,Plein jour,En agglomération,Intersection en X,Temps couvert,Autre collision,4,1,2,0,1,1,1,0,1,30,1,2,1,0,0,1,34.0,,voiture,,1,2,2,8,6
202400012842,2024-05-31 18:50:00,2024,5,31,18,50,75,75108,VOIE GEORGES POMPIDOU,48.864871,2.31808,Plein jour,En agglomération,Intersection en Y,Pluie légère,Sans collision,4,1, -1,-1,1,1,2,0,1,50,1,1,0,0,0,1,28.0,,deux_roues,,1,2,4,2,7
202400012842,2024-05-31 18:50:00,2024,5,31,18,50,75,75108,VOIE GEORGES POMPIDOU,48.864871,2.31808,Plein jour,En agglomération,Intersection en Y,Pluie légère,Sans collision,4,1,2,0,2,1,2,1,1,50,1,1,0,0,0,1,28.0,,deux_roues,,1,2,4,2,7
202400012843,2024-05-31 08:00:00,2024,5,31,8,0,75,75101,BOULEVARD DE SEBASTOPOL,48.858521,2.348221,Plein jour,En agglomération,Intersection en T,Normale,Deux véhicules - frontale,4,2,5,2,1,1,1,0,1,30,2,2,1,0,0,1,30.0,34.0,deux_roues,deux_roues,1,2,3,1,1
202400012843,2024-05-31 08:00:00,2024,5,31,8,0,75,75101,BOULEVARD DE SEBASTOPOL,48.858521,2.348221,Plein jour,En agglomération,Intersection en T,Normale,Deux véhicules - frontale,4,1,3,2,1,1,1,0,1,30,2,2,1,0,0,1,30.0,34.0,deux_roues,deux_roues,1,2,3,1,1
202400012844,2024-05-30 20:27:00,2024,5,30,20,27,75,75104,QUAI DE L HOTEL DE VILLE,48.854683,2.354369,Plein jour,En agglomération,Hors intersection,Temps couvert,Autre collision,4,2,6,0,1,1,2,9,1,30,1,1,0,0,0,1,65.0,,deux_roues,,1,2,1,8,6
202400012845,2024-05-30 16:22:00,2024,5,30,16,22,75,75101,AVENUE DE L OPERA,48.863936,2.335199,Plein jour,En agglomération,Place,Normale,Deux véhicules - côté,4,2,4,0,1,1,1,0,1,30,2,2,1,0,0,1,22.0,40.0,deux_roues,voiture,1,2,7,1,3
202400012845,2024-05-30 16:22:00,2024,5,30,16,22,75,75101,AVENUE DE L OPERA,48.863936,2.335199,Plein jour,En agglomération,Place,Normale,Deux véhicules - côté,4,2,2,0,1,3,1,0,1,30,2,2,1,0,0,1,22.0,40.0,deux_roues,voiture,1,2,7,1,3
202400012846,2024-05-30 14:40:00,2024,5,30,14,40,75,75103,BOULEVARD SAINT MARTIN,48.868978,2.355754,Plein jour,En agglomération,Intersection en X,Pluie légère,Deux véhicules - arrière,4,2, -1,1,1,1,2,0,1,30,2,2,1,0,0,1,46.0,46.0,deux_roues,voiture,1,2,2,2,2
202400012846,2024-05-30 14:40:00,2024,5,30,14,40,75,75103,BOULEVARD SAINT MARTIN,48.868978,2.355754,Plein jour,En agglomération,Intersection en X,Pluie légère,Deux véhicules - arrière,4,1,0,0,1,1,2,0,8,30,2,2,1,0,0,1,46.0,46.0,deux_roues,voiture,1,2,2,2,2
202400012847,2024-05-31 09:15:00,2024,5,31,9,15,94,94080,Rue de Montreuil,48.84797306,2.43469208,Plein jour,En agglomération,Hors intersection,Pluie légère,Deux véhicules - côté,4,1,1,0,1,1,2,0,1,30,2,3,2,0,0,1,35.0,20.0,voiture,deux_roues,1,2,1,2,3
202400012848,2024-05-30 20:00:00,2024,5,30,20,0,94,94078,Avenue du President John Fitzgerald Kennedy,48.73717294,2.46940062,Plein jour,En agglomération,Hors intersection,Normale,Autre collision,3,3,2,0,1,1,1,0,1,50,1,2,1,0,0,1,38.0,,deux_roues,,1,2,1,1,6
202400012849,2024-05-30 09:00:00,2024,5,30,9,0,94,94073,rue de Thiais / Bretelle D7,48.75939,2.370286,Plein jour,En agglomération,Intersection en Y,Pluie légère,Trois véhicules et plus - en chaîne,3,1,2,0,2,2,2,3,1,-1,3,3,2,0,0,1,35.0,35.0,voiture,voiture,1,2,4,2,4
202400012849,2024-05-30 09:00:00,2024,5,30,9,0,94,94073,rue de Thiais / Bretelle D7,48.75939,2.370286,Plein jour,En agglomération,Intersection en Y,Pluie légère,Trois véhicules et plus - en chaîne,3,1,1,0,2,1,2,0,1,50,3,3,2,0,0,1,35.0,35.0,voiture,voiture,1,2,4,2,4
202400012850,2024-05-31 07:00:00,2024,5,31,7,0,94,94033,Sentier de la Prairie / Rue des Alouettes,48.85632857,2.4963668,Crépuscule ou aube,En agglomération,Intersection en T,Pluie légère,Autre collision,4,1,1,0,1,1,2,0,1,-1,1,1,0,0,0,1,59.0,,deux_roues,,2,2,3,2,6
202400012850,2024-05-31 07:00:00,2024,5,31,7,0,94,94033,Sentier de la Prairie / Rue des Alouettes,48.85632857,2.4963668,Crépuscule ou aube,En agglomération,Intersection en T,Pluie légère,Autre collision,4,2,2,0,1,1,2,0,1,30,1,1,0,0,0,1,59.0,,deux_roues,,2,2,3,2,6
202400012851,2024-05-30 17:47:00,2024,5,30,17,47,94,94022,Boulevard de Stalingrad / Avenue de la République,48.773851,2.39949,Plein jour,En agglomération,Intersection en T,Normale,Deux véhicules - arrière,3,3,4,2,1,1,1,0,1,110,2,2,1,0,0,1,28.0,36.0,voiture,voiture,1,2,3,1,2
202400012851,2024-05-30 17:47:00,2024,5,30,17,47,94,94022,Boulevard de Stalingrad / Avenue de la République,48.773851,2.39949,Plein jour,En agglomération,Intersection en T,Normale,Deux véhicules - arrière,3,2,2,0,1,2,1,0,1,-1,2,2,1,0,0,1,28.0,36.0,voiture,voiture,1,2,3,1,2
202400012852,2024-05-31 18:00:00,2024,5,31,18,0,92,92063,FOUILLEUSE (AVENUE DE),48.86211282,2.19637996,Plein jour,En agglomération,Giratoire,Pluie légère,Deux véhicules - arrière,4,2,1,0,1,1,2,0,1,20,2,2,1,0,0,1,48.0,45.0,voiture,voiture,1,2,6,2,2
202400012853,2024-05-29 12:09:00,2024,5,29,12,9,92,92063,HOPITAL STELL (BOULEVARD DE L'),48.88096494,2.18451476,Plein jour,En agglomération,Hors intersection,Pluie légère,Deux véhicules - côté,3,2,4,0,2,1,2,0,1,50,2,2,1,0,0,1,40.0,44.0,deux_roues,utilitaire_camion,1,2,1,2,3
202400012854,2024-05-30 23:45:00,2024,5,30,23,45,92,92050,CHEMIN ACCES USINE EDF,48.90780377,2.21064967,Nuit avec éclairage non allumé,Hors agglomération,Giratoire,Normale,Autre collision,3,-1,1,0,1,1,1,0,1,30,1,2,0,0,0,2,18.0,,voiture,,4,1,6,1,6
202400012854,2024-05-30 23:45:00,2024,5,30,23,45,92,92050,CHEMIN ACCES USINE EDF,48.90780377,2.21064967,Nuit avec éclairage non allumé,Hors agglomération,Giratoire,Normale,Autre collision,3,1,1,0,1,1,1,0,8,30,1,2,0,0,0,2,18.0,,voiture,,4,1,6,1,6
202400012855,2024-05-30 15:00:00,2024,5,30,15,0,92,92050,OMBRAIES RUE DES,48.88349,2.19801,Plein jour,En agglomération,Intersection en T,Pluie légère,Deux véhicules - arrière,4,1,1,0,1,1,2,0,1,50,2,2,1,0,0,1,28.0,42.0,voiture,voiture,1,2,3,2,2
202400012855,2024-05-30 15:00:00,2024,5,30,15,0,92,92050,OMBRAIES RUE DES,48.88349,2.19801,Plein jour,En agglomération,Intersection en T,Pluie légère,Deux véhicules - arrière,4,1,0,0,2,1,2,0,1,50,2,2,1,0,0,1,28.0,42.0,voiture,voiture,1,2,3,2,2