accident_id,datetime,annee,mois,jour,heure,minute,departement,commune_insee,adresse,latitude,longitude,luminosite,agglomeration,intersection,meteo,collision,catr,circ,nbv,vosp,prof,plan,surf,infra,situ,vma,nb_vehicules,nb_usagers,nb_indemnes,nb_tues,nb_blesses_hosp,nb_blesses_legers,age_cond_1,age_cond_2,veh_type_cond_1,veh_type_cond_2,lum_code,agg_code,int_code,atm_code,col_code
202400012856,2024-05-30 09:15:00,2024,5,30,9,15,92,92025,RENOUILLERS  (RUE DES),48.92413178,2.23791897,Plein jour,En agglomération,Hors intersection,Normale,Deux véhicules - côté,4,2,3,1,1,1,1,8,1,30,2,3,2,0,0,1,46.0,31.0,voiture,deux_roues,1,2,1,1,3
202400012857,2024-05-31 07:50:00,2024,5,31,7,50,92,92024,ALSACE (RUE D') DE (1 A 25)   (2 A 36),48.900722,2.31419876,Plein jour,En agglomération,Intersection en X,Normale,Autre collision,4,1,1,0,1,1,1,9,1,30,1,2,1,0,0,1,27.0,,deux_roues,,1,2,2,1,6
202400012857,2024-05-31 07:50:00,2024,5,31,7,50,92,92024,ALSACE (RUE D') DE (1 A 25)   (2 A 36),48.900722,2.31419876,Plein jour,En agglomération,Intersection en X,Normale,Autre collision,4,1,1,0,1,1,1,0,1,30,1,2,1,0,0,1,27.0,,deux_roues,,1,2,2,1,6
202400012858,2024-05-31 20:55:00,2024,5,31,20,55,92,92023,GENERAL DE GAULLE (AV DU) N°130 A 340 ET,48.7844637,2.24926472,Plein jour,Hors agglomération,Autre intersection,Pluie forte,Deux véhicules - arrière,3,1,2,0,1,1,2,9,1,10,2,2,1,0,0,1,83.0,53.0,voiture,voiture,1,1,9,3,2
202400012859,2024-05-31 10:00:00,2024,5,31,10,0,92,92004,DOCTEUR DERVAUX  ( QUAI DU ),48.90410651,2.28599507,Plein jour,En agglomération,Hors intersection,Normale,Deux véhicules - arrière,3,1,3,0,2,1,1,0,1,50,2,2,1,0,0,1,32.0,40.0,utilitaire_camion,deux_roues,1,2,1,1,2
202400012860,2024-05-31 21:45:00,2024,5,31,21,45,974,97415,Rue de la Croix,-20.991794,55.287586,Nuit avec éclairage allumé,En agglomération,Giratoire,Normale,Deux véhicules - arrière,2,2,2,0,1,1,1,5,1,50,2,2,1,0,1,0,19.0,24.0,voiture,deux_roues,5,2,6,1,2
202400012861,2024-05-31 19:45:00,2024,5,31,19,45,08,08403,279 Rue de Perthes,49.494135,4.365188,Plein jour,En agglomération,Intersection en X,Normale,Deux véhicules - arrière,3,2,2,0,1,1,1,5,1,50,2,2,1,0,1,0,21.0,59.0,deux_roues,voiture,1,2,2,1,2
202400012861,2024-05-31 19:45:00,2024,5,31,19,45,08,08403,279 Rue de Perthes,49.494135,4.365188,Plein jour,En agglomération,Intersection en X,Normale,Deux véhicules - arrière,3,2,2,0,1,1,1,0,1,50,2,2,1,0,1,0,21.0,59.0,deux_roues,voiture,1,2,2,1,2
202400012862,2024-05-27 20:30:00,2024,5,27,20,30,91,91390,Rue de la Gare,48.317326,2.093668,Plein jour,En agglomération,Autre intersection,Normale,Deux véhicules - arrière,3,2,2,0,1,3,1,0,1,30,2,2,1,0,1,0,34.0,16.0,voiture,deux_roues,1,2,9,1,2
202400012863,2024-05-24 16:17:00,2024,5,24,16,17,45,45187,D88 PR 11 + 627,47.873785,2.463512,Plein jour,Hors agglomération,Hors intersection,Normale,Deux véhicules - frontale,3,2,2,0,1,3,1,0,1,80,2,4,2,0,1,1,34.0,56.0,voiture,voiture,1,1,1,1,1
202400012864,2024-06-01 01:20:00,2024,6,1,1,20,63,63116,d2144 pr 13+200,46.00226749,3.0938783,Nuit sans éclairage public,Hors agglomération,Hors intersection,Pluie légère,Deux véhicules - frontale,3,2,2,0,2,3,2,0,1,90,2,2,1,0,1,0,28.0,61.0,voiture,voiture,3,1,1,2,1
202400012865,2024-05-31 19:49:00,2024,5,31,19,49,01,01354,Route de Meyrin,46.236828,6.044192,Plein jour,Hors agglomération,Giratoire,Normale,Deux véhicules - côté,3,1,1,0,1,3,2,0,1,70,2,2,1,0,0,1,23.0,35.0,deux_roues,voiture,1,1,6,1,3
202400012866,2024-05-30 18:15:00,2024,5,30,18,15,83,83140,D205,43.415234,5.917339,Plein jour,En agglomération,Hors intersection,Normale,Deux véhicules - frontale,3,2,2,0,1,1,1,0,1,-1,2,2,0,0,2,0,45.0,65.0,voiture,voiture,1,2,1,1,1
202400012867,2024-05-31 17:45:00,2024,5,31,17,45,04,04126,D900,44.40581,6.334058,Plein jour,Hors agglomération,Hors intersection,Normale,Sans collision,3,2,2,0,1,3,1,0,8,80,1,1,0,0,1,0,56.0,,deux_roues,,1,1,1,1,7
202400012868,2024-04-06 09:15:00,2024,4,6,9,15,2B,2B346,Village,42.493579,9.438254,Plein jour,En agglomération,Place,Normale,Autre collision,3,2,2,0,1,1,1,0,1,30,1,1,0,1,0,0,70.0,,voiture,,1,2,7,1,6
202400012869,2024-05-31 19:00:00,2024,5,31,19,0,82,82195,1519 Route de Bordeaux,44.072029,1.285406,Plein jour,Hors agglomération,Hors intersection,Normale,Sans collision,3,2,2,0,1,1,1,0,1,80,1,1,0,0,1,0,35.0,,deux_roues,,1,1,1,1,7
202400012870,2024-05-31 11:50:00,2024,5,31,11,50,33,33394,,44.892689,-0.157397,Plein jour,En agglomération,Hors intersection,Normale,Autre collision,4,2,1,0,2,1,1,0,1,30,1,2,1,1,0,0,31.0,,utilitaire_camion,,1,2,1,1,6
202400012871,2024-06-01 13:20:00,2024,6,1,13,20,32,32181,N21,43.419154,0.239178,Plein jour,Hors agglomération,Hors intersection,Normale,Deux véhicules - côté,2,2,2,0,2,3,1,0,1,80,2,2,1,0,1,0,77.0,32.0,autre,deux_roues,1,1,1,1,3
202400012872,2024-05-31 20:56:00,2024,5,31,20,56,11,11206,63 Avenue de Catalogne,43.04537,2.222891,Crépuscule ou aube,En agglomération,Hors intersection,Normale,Autre collision,3,2,2,0,1,2,1,0,3,50,1,1,0,1,0,0,23.0,,deux_roues,,2,2,1,1,6
202400012873,2024-06-01 17:00:00,2024,6,1,17,0,71,71093,3a Route de Mervans,46.8202529,5.23647498,Plein jour,Hors agglomération,Hors intersection,Normale,Autre collision,3,2,2,0,1,1,1,0,3,80,1,2,0,1,1,0,44.0,,deux_roues,,1,1,1,1,6
202400012874,2024-05-12 05:45:00,2024,5,12,5,45,61,61063,D924,48.711861,-0.394076,Crépuscule ou aube,Hors agglomération,Hors intersection,Normale,Trois véhicules et plus - collisions multiples,3,2,2,0,1,1,1,0,1,90,3,4,3,0,1,0,38.0,22.0,voiture,voiture,2,1,1,1,5
202400012875,2024-05-31 07:30:00,2024,5,31,7,30,12,12088,lieu-dit Miegevie,44.66781512,2.84938931,Crépuscule ou aube,Hors agglomération,Hors intersection,Pluie légère,Autre collision,3,2,2,0,2,2,2,0,3,90,1,1,0,0,0,1,41.0,,voiture,,2,1,1,2,6
202400012876,2024-05-31 05:45:00,2024,5,31,5,45,34,34229,RD908,43.508931,2.794819,Crépuscule ou aube,Hors agglomération,Hors intersection,Pluie légère,Sans collision,3,2,2,0,1,1,2,0,3,90,1,2,0,1,1,0,35.0,,voiture,,2,1,1,2,7
202400012877,2024-05-30 10:40:00,2024,5,30,10,40,34,34187,"RD908, PR18+580",43.557474,2.923329,Plein jour,Hors agglomération,Intersection en T,Normale,Deux véhicules - arrière,3,2,2,0,1,1,1,0,1,90,2,2,1,1,0,0,38.0,74.0,deux_roues,voiture,1,1,3,1,2
202400012877,2024-05-30 10:40:00,2024,5,30,10,40,34,34187,"RD908, PR18+580",43.557474,2.923329,Plein jour,Hors agglomération,Intersection en T,Normale,Deux véhicules - arrière,3,-1, -1,-1,1,1,1,0,8,-1,2,2,1,1,0,0,38.0,74.0,deux_roues,voiture,1,1,3,1,2
202400012878,2024-06-01 04:45:00,2024,6,1,4,45,68,68062,D419,47.62926055,7.21076314,Crépuscule ou aube,Hors agglomération,Hors intersection,Normale,Sans collision,3,2,2,0,1,1,1,0,3,80,1,2,1,0,1,0,19.0,,voiture,,2,1,1,1,7
202400012879,2024-05-31 19:30:00,2024,5,31,19,30,39,39520,49 route Nationale,46.993661,5.553792,Plein jour,En agglomération,Hors intersection,Normale,Deux véhicules - frontale,3,2,2,0,1,1,1,0,1,50,2,3,1,0,0,2,47.0,22.0,voiture,voiture,1,2,1,1,1
202400012880,2024-10-16 07:40:00,2024,10,16,7,40,973,97302,HAMEAU DES ENCENS (RUE DU) Cité St Marti,4.91917385,-52.29721999,Plein jour,En agglomération,Intersection en T,Normale,Deux véhicules - côté,4,2,2,0,1,1,1,0,1,50,2,3,1,0,1,1,25.0,30.0,deux_roues,voiture,1,2,3,1,3
202400012880,2024-10-16 07:40:00,2024,10,16,7,40,973,97302,HAMEAU DES ENCENS (RUE DU) Cité St Marti,4.91917385,-52.29721999,Plein jour,En agglomération,Intersection en T,Normale,Deux véhicules - côté,4,2,2,0,4,1,1,0,1,50,2,3,1,0,1,1,25.0,30.0,deux_roues,voiture,1,2,3,1,3
202400012881,2024-05-29 15:00:00,2024,5,29,15,0,25,25321,D461,47.058776,6.677096,Plein jour,Hors agglomération,Hors intersection,Normale,Deux véhicules - côté,3,2,3,0,2,2,1,0,1,90,2,2,1,0,0,1,25.0,58.0,voiture,voiture,1,1,1,1,3
202400012882,2024-05-31 17:30:00,2024,5,31,17,30,25,25203,D31,47.179168,6.484645,Plein jour,Hors agglomération,Hors intersection,Temps couvert,Autre collision,3,2,2,0,1,3,2,0,3,90,1,1,0,0,0,1,19.0,,voiture,,1,1,1,8,6
202400012883,2024-06-01 15:00:00,2024,6,1,15,0,29,29174,Lieu Dit Creac H Calvic,47.92149509,-4.25456645,Plein jour,Hors agglomération,Intersection en T,Normale,Deux véhicules - côté,3,2,2,0,3,1,1,0,1,70,2,2,1,0,1,0,75.0,57.0,voiture,deux_roues,1,1,3,1,3
202400012883,2024-06-01 15:00:00,2024,6,1,15,0,29,29174,Lieu Dit Creac H Calvic,47.92149509,-4.25456645,Plein jour,Hors agglomération,Intersection en T,Normale,Deux véhicules - côté,3,2, -1,-1,1,1,1,0,1,80,2,2,1,0,1,0,75.0,57.0,voiture,deux_roues,1,1,3,1,3
202400012884,2024-10-16 13:00:00,2024,10,16,13,0,972,97213,Z I CALIFORNIE,14.61823,-61.0331,Plein jour,Hors agglomération,Hors intersection,Normale,Sans collision,9,1,1,3,2,1,1,0,6,50,2,5,1,0,0,4,55.0,24.0,transport_commun,deux_roues,1,1,1,1,7
202400012885,2024-05-30 16:15:00,2024,5,30,16,15,31,31037,Chemin du Rivet,43.369283,1.78221,Plein jour,En agglomération,Intersection en X,Normale,Deux véhicules - côté,4,2,2,0,2,2,1,0,1,50,2,5,3,0,1,1,54.0,15.0,utilitaire_camion,deux_roues,1,2,2,1,3
202400012886,2024-06-01 17:45:00,2024,6,1,17,45,02,02315,Rue du Petit Détroit,49.700684,3.196118,Plein jour,Hors agglomération,Hors intersection,Pluie légère,Deux véhicules - côté,4,2,2,0,1,3,2,0,1,50,2,2,1,0,0,1,29.0,32.0,utilitaire_camion,deux_roues,1,1,1,2,3
202400012887,2024-10-16 09:15:00,2024,10,16,9,15,69,69202,Rue Commandant Charcot,45.74957115,4.79566752,Plein jour,En agglomération,Intersection en T,Normale,Deux véhicules - côté,4,2,2,0,1,1,1,0,1,50,2,2,1,0,0,1,76.0,60.0,voiture,deux_roues,1,2,3,1,3
202400012887,2024-10-16 09:15:00,2024,10,16,9,15,69,69202,Rue Commandant Charcot,45.74957115,4.79566752,Plein jour,En agglomération,Intersection en T,Normale,Deux véhicules - côté,4,1,1,0,1,1,1,0,1,30,2,2,1,0,0,1,76.0,60.0,voiture,deux_roues,1,2,3,1,3
202400012888,2024-05-31 10:20:00,2024,5,31,10,20,03,03236,Rue de Vichy,46.202,3.433388,Plein jour,En agglomération,Giratoire,Pluie légère,Deux véhicules - arrière,3,3,1,0,1,1,2,0,1,50,2,2,1,0,0,1,17.0,69.0,deux_roues,voiture,1,2,6,2,2
202400012889,2024-06-01 13:00:00,2024,6,1,13,0,58,58287,Départementale 973,46.764505,3.943722,Plein jour,Hors agglomération,Hors intersection,Pluie forte,Sans collision,3,2,2,0,2,1,2,0,3,80,1,1,0,1,0,0,90.0,,voiture,,1,1,1,3,7
202400012890,2024-06-01 01:00:00,2024,6,1,1,0,10,10187,Grande Rue,48.074337,4.464245,Nuit avec éclairage allumé,En agglomération,Hors intersection,Normale,Autre collision,3,2,2,0,1,3,1,0,3,50,1,1,0,1,0,0,35.0,,voiture,,5,2,1,1,6
202400012891,2024-06-01 00:01:00,2024,6,1,0,1,24,24394,L?Echanleuil,45.43848,0.40953,Nuit sans éclairage public,Hors agglomération,Hors intersection,Normale,Autre collision,4,2,2,0,1,1,1,0,3,90,1,1,0,1,0,0,26.0,,deux_roues,,3,1,1,1,6
202400012892,2024-10-16 14:00:00,2024,10,16,14,0,95,95219,GENERAL DECAEN (RUE DU),48.98069181,2.2507342,Plein jour,En agglomération,Giratoire,Normale,Deux véhicules - côté,3,2,0,0,1,2,1,0,1,50,2,2,1,0,0,1,17.0,70.0,deux_roues,voiture,1,2,6,1,3
202400012892,2024-10-16 14:00:00,2024,10,16,14,0,95,95219,GENERAL DECAEN (RUE DU),48.98069181,2.2507342,Plein jour,En agglomération,Giratoire,Normale,Deux véhicules - côté,3,2,0,0,1,2,1,0,1,50,2,2,1,0,0,1,17.0,70.0,deux_roues,voiture,1,2,6,1,3
202400012893,2024-05-31 09:15:00,2024,5,31,9,15,04,04094,D4,43.75042,5.803957,Plein jour,Hors agglomération,Hors intersection,Normale,Deux véhicules - frontale,3,2,2,0,1,1,1,0,1,80,2,3,0,0,1,2,20.0,62.0,voiture,voiture,1,1,1,1,1
202400012894,2024-05-28 23:15:00,2024,5,28,23,15,85,85145,guinefolle,46.708,-0.95372,Nuit sans éclairage public,Hors agglomération,Hors intersection,Normale,Autre collision,4,2,2,0,1,1,1,0,1,80,1,3,2,1,0,0,31.0,,voiture,,3,1,1,1,6
202400012895,2024-06-01 15:05:00,2024,6,1,15,5,85,85008,D4 PK 29 - 600,46.6042,-1.502449,Plein jour,Hors agglomération,Hors intersection,Normale,Sans collision,3,2,2,0,1,1,1,0,1,80,1,1,0,0,1,0,43.0,,deux_roues,,1,1,1,1,7
202400012896,2024-10-16 10:43:00,2024,10,16,10,43,91,91326,REPUBLIQUE (AVENUE DE LA),48.690749,2.380192,Plein jour,En agglomération,Intersection en X,Normale,Deux véhicules - côté,4,2,2,0,1,1,1,0,1,50,2,2,1,0,0,1,18.0,46.0,deux_roues,voiture,1,2,2,1,3
202400012896,2024-10-16 10:43:00,2024,10,16,10,43,91,91326,REPUBLIQUE (AVENUE DE LA),48.690749,2.380192,Plein jour,En agglomération,Intersection en X,Normale,Deux véhicules - côté,4,1,1,0,1,1,1,9,1,50,2,2,1,0,0,1,18.0,46.0,deux_roues,voiture,1,2,2,1,3
202400012897,2024-05-31 17:15:00,2024,5,31,17,15,27,27383,D926,48.744112,0.842814,Plein jour,Hors agglomération,Intersection en X,Pluie légère,Deux véhicules - arrière,3,2,2,0,1,1,2,0,1,80,2,3,2,0,1,0,47.0,38.0,voiture,voiture,1,1,2,2,2
202400012897,2024-05-31 17:15:00,2024,5,31,17,15,27,27383,D926,48.744112,0.842814,Plein jour,Hors agglomération,Intersection en X,Pluie légère,Deux véhicules - arrière,3,2,2,0,1,1,2,0,1,70,2,3,2,0,1,0,47.0,38.0,voiture,voiture,1,1,2,2,2
202400012898,2024-06-01 07:56:00,2024,6,1,7,56,28,28232,48 Rue Louis Houde - D15,48.524144,0.970254,Plein jour,Hors agglomération,Hors intersection,Pluie légère,Autre collision,3,2,2,0,1,1,2,0,1,80,1,1,0,0,1,0,18.0,,voiture,,1,1,1,2,6
202400012899,2024-10-15 14:10:00,2024,10,15,14,10,87,87085,CORGNAC (CHEMIN ET IMPASSE DE),45.84357,1.23581,Plein jour,En agglomération,Hors intersection,Normale,Sans collision,4,2,2,0,1,1,1,0,1,50,1,1,0,0,0,1,21.0,,deux_roues,,1,2,1,1,7
202400012900,2024-06-01 18:50:00,2024,6,1,18,50,28,28130,La Pelletiere,48.546025,1.104239,Plein jour,Hors agglomération,Hors intersection,Normale,Autre collision,3,2,2,0,1,2,1,0,3,70,1,1,0,1,0,0,52.0,,deux_roues,,1,1,1,1,6
202400012901,2024-05-31 19:00:00,2024,5,31,19,0,87,87059,D675,46.196824,1.068538,Plein jour,Hors agglomération,Hors intersection,Normale,Autre collision,3,2,2,0,2,1,1,0,8,90,1,1,0,0,1,0,24.0,,voiture,,1,1,1,1,6
202400012902,2024-06-01 02:17:00,2024,6,1,2,17,87,87003,8 La Gare,46.268227,1.365539,Nuit sans éclairage public,Hors agglomération,Hors intersection,Pluie légère,Autre collision,3,2,2,0,1,1,2,0,3,70,1,1,0,0,1,0,34.0,,voiture,,3,1,1,2,6
202400012903,2024-05-31 16:15:00,2024,5,31,16,15,52,52114,Rue Saint-jacques,48.034378,4.914359,Plein jour,En agglomération,Giratoire,Pluie légère,Deux véhicules - côté,4,2,2,0,2,1,2,0,1,-1,2,2,1,0,0,1,18.0,65.0,deux_roues,utilitaire_camion,1,2,6,2,3
202400012904,2024-05-31 20:10:00,2024,5,31,20,10,01,01228,A 40 PK 127+600 direction Macon,46.131731,5.520008,Crépuscule ou aube,Hors agglomération,Hors intersection,Pluie légère,Autre collision,1,3,2,3,2,3,2,0,3,100,1,1,0,0,0,1,22.0,,voiture,,2,1,1,2,6
202400012905,2024-06-01 08:00:00,2024,6,1,8,0,973,97309,2316 Route de Rémire,4.907137,-52.272858,Plein jour,En agglomération,Autre intersection,Normale,Deux véhicules - frontale,3,2,2,0,1,1,1,0,1,50,2,2,1,0,1,0,37.0,25.0,deux_roues,voiture,1,2,9,1,1
202400012906,2024-05-31 15:20:00,2024,5,31,15,20,53,53108,barrière de péage la gravelle,48.083028,-1.027544,Plein jour,Hors agglomération,Hors intersection,Normale,Autre collision,1,3,0,0,1,1,1,7,1,70,1,1,0,0,1,0,,,,,1,1,1,1,6
202400012907,2024-10-13 02:00:00,2024,10,13,2,0,84,84007,QUAI DE LA LIGNE (BOULEVARD DU),43.95325,4.813858,Nuit avec éclairage allumé,En agglomération,Intersection en T,Pluie forte,Deux véhicules - côté,4,2,4,0,1,1,3,0,1,50,2,2,1,0,0,1,32.0,,voiture,voiture,5,2,3,3,3
202400012907,2024-10-13 02:00:00,2024,10,13,2,0,84,84007,QUAI DE LA LIGNE (BOULEVARD DU),43.95325,4.813858,Nuit avec éclairage allumé,En agglomération,Intersection en T,Pluie forte,Deux véhicules - côté,4,1,1,0,1,1,3,0,1,20,2,2,1,0,0,1,32.0,,voiture,voiture,5,2,3,3,3
202400012908,2024-05-31 21:00:00,2024,5,31,21,0,45,45051,D952 PR 35 + 621,47.831553,2.367157,Crépuscule ou aube,En agglomération,Intersection en X,Temps couvert,Deux véhicules - côté,3,2,2,0,1,1,1,5,1,50,2,5,4,0,1,0,34.0,60.0,voiture,voiture,2,2,2,8,3
202400012908,2024-05-31 21:00:00,2024,5,31,21,0,45,45051,D952 PR 35 + 621,47.831553,2.367157,Crépuscule ou aube,En agglomération,Intersection en X,Temps couvert,Deux véhicules - côté,3,2,2,0,1,1,1,5,1,50,2,5,4,0,1,0,34.0,60.0,voiture,voiture,2,2,2,8,3
202400012909,2024-05-31 15:19:00,2024,5,31,15,19,78,78120,149,48.635718,1.996594,Plein jour,Hors agglomération,Hors intersection,Pluie légère,Deux véhicules - côté,3,2,2,0,2,2,2,0,1,70,2,3,1,0,0,2,43.0,27.0,voiture,voiture,1,1,1,2,3
202400012910,2024-06-01 19:40:00,2024,6,1,19,40,30,30258,Rue de l'Occitan,43.673566,4.414224,Crépuscule ou aube,En agglomération,Hors intersection,Normale,Sans collision,4,2,2,0,1,1,1,0,1,50,1,2,1,0,1,0,18.0,,voiture,,2,2,1,1,7
202400012911,2024-10-16 13:30:00,2024,10,16,13,30,83,83137,15EME CORPS (AVE DU),43.12824,5.91664,Plein jour,En agglomération,Hors intersection,Pluie légère,Trois véhicules et plus - en chaîne,4,2,2,0,1,1,2,0,1,50,3,3,1,0,0,2,59.0,49.0,voiture,voiture,1,2,1,2,4
202400012912,2024-06-01 02:45:00,2024,6,1,2,45,11,11281,Route départementale 33 l'Hazard,43.259104,2.061642,Nuit sans éclairage public,Hors agglomération,Hors intersection,Normale,Autre collision,3,2,2,0,1,1,1,0,3,80,1,1,0,1,0,0,26.0,,voiture,,3,1,1,1,6
202400012913,2024-06-01 14:10:00,2024,6,1,14,10,84,84003,Quai de la Liberté,43.87676,5.393646,Plein jour,En agglomération,Hors intersection,Normale,Autre collision,3,2,1,0,1,1,1,0,1,50,1,2,1,0,0,1,24.0,,deux_roues,,1,2,1,1,6
202400012914,2024-05-29 16:49:00,2024,5,29,16,49,13,13007,Route de la Sainte Baume,43.342939,5.656618,Plein jour,Hors agglomération,Hors intersection,Normale,Deux véhicules - côté,3,2,2,0,2,2,1,0,1,80,2,2,0,0,1,1,44.0,30.0,voiture,deux_roues,1,1,1,1,3
202400012915,2024-10-16 09:20:00,2024,10,16,9,20,83,83137,BRIAND (AVE ARISTIDE PROLONGEE),43.12012275,5.88788867,Plein jour,En agglomération,Hors intersection,Temps couvert,Deux véhicules - arrière,4,-1,2,0,1,1,2,0,1,50,2,2,1,0,1,0,46.0,24.0,deux_roues,voiture,1,2,1,8,2
202400012916,2024-05-31 17:30:00,2024,5,31,17,30,13,13030,D8n,43.268589,5.736076,Plein jour,Hors agglomération,Hors intersection,Normale,Deux véhicules - frontale,3,2,2,0,2,3,1,0,1,80,2,2,0,1,0,1,32.0,46.0,deux_roues,voiture,1,1,1,1,1
202400012917,2024-05-31 14:00:00,2024,5,31,14,0,88,88091,Pont Bresson,48.189493,6.579837,Plein jour,Hors agglomération,Hors intersection,Temps couvert,Sans collision,3,2,2,0,1,3,2,0,3,80,1,1,0,0,0,1,64.0,,deux_roues,,1,1,1,8,7
202400012918,2024-06-01 04:19:00,2024,6,1,4,19,73,73211,D925 - Pont de la louie,45.7186923,6.49567947,Nuit sans éclairage public,Hors agglomération,Hors intersection,Normale,Sans collision,3,2,2,0,1,3,1,2,8,80,1,1,0,0,0,1,36.0,,voiture,,3,1,1,1,7
202400012919,2024-06-01 03:00:00,2024,6,1,3,0,38,38467,1191 Route du Bugey,45.668622,5.33545,Nuit sans éclairage public,Hors agglomération,Hors intersection,Normale,Sans collision,3,2,2,0,1,3,1,0,1,80,1,1,0,0,1,0,23.0,,voiture,,3,1,1,1,7
202400012920,2024-10-16 12:30:00,2024,10,16,12,30,81,81060,14 Rue de la Salle,44.05765,2.1641,Plein jour,En agglomération,Hors intersection,Normale,Deux véhicules - frontale,4,2,2,0,1,3,1,0,1,50,2,2,1,0,1,0,14.0,89.0,deux_roues,voiture,1,2,1,1,1
202400012921,2024-05-31 21:00:00,2024,5,31,21,0,85,85092,Rue du port,46.463936,-0.801369,Crépuscule ou aube,En agglomération,Intersection en Y,Normale,Deux véhicules - côté,4,2, -1,-1,1,1,1,0,1,-1,2,2,1,0,1,0,18.0,48.0,deux_roues,voiture,2,2,4,1,3
202400012921,2024-05-31 21:00:00,2024,5,31,21,0,85,85092,Rue du port,46.463936,-0.801369,Crépuscule ou aube,En agglomération,Intersection en Y,Normale,Deux véhicules - côté,4,1,1,0,1,1,1,0,1,50,2,2,1,0,1,0,18.0,48.0,deux_roues,voiture,2,2,4,1,3
202400012922,2024-05-31 15:45:00,2024,5,31,15,45,14,14325,288 Route de Caen,49.27818332,-0.31743503,Plein jour,En agglomération,Intersection en Y,Pluie légère,Deux véhicules - côté,3,2,2,0,1,1,2,5,1,50,2,3,2,0,1,0,49.0,35.0,voiture,deux_roues,1,2,4,2,3
202400012922,2024-05-31 15:45:00,2024,5,31,15,45,14,14325,288 Route de Caen,49.27818332,-0.31743503,Plein jour,En agglomération,Intersection en Y,Pluie légère,Deux véhicules - côté,3,2,2,0,1,1,2,5,1,50,2,3,2,0,1,0,49.0,35.0,voiture,deux_roues,1,2,4,2,3
202400012923,2024-05-31 17:50:00,2024,5,31,17,50,22,22214,Route de Saint Brieuc,48.746805,-2.98068,Plein jour,Hors agglomération,Hors intersection,Normale,Deux véhicules - côté,6,-1,0,0,1,1,1,0,1,-1,2,2,1,0,0,1,50.0,18.0,voiture,deux_roues,1,1,1,1,3
202400012924,2024-05-31 17:45:00,2024,5,31,17,45,59,59534,Route d'Avesnes,50.133303,3.912989,Plein jour,Hors agglomération,Hors intersection,Normale,Autre collision,3,2,2,0,2,1,1,0,1,80,2,5,3,0,1,1,45.0,30.0,voiture,voiture,1,1,1,1,6
202400012925,2024-10-16 09:45:00,2024,10,16,9,45,77,77404,GENERAL LECLERC (AVENUE DU),48.52913,3.25384,Plein jour,En agglomération,Intersection en T,Normale,Deux véhicules - côté,3,2,2,0,1,1,1,5,1,50,2,3,2,0,0,1,74.0,52.0,voiture,voiture,1,2,3,1,3
202400012925,2024-10-16 09:45:00,2024,10,16,9,45,77,77404,GENERAL LECLERC (AVENUE DU),48.52913,3.25384,Plein jour,En agglomération,Intersection en T,Normale,Deux véhicules - côté,3,2,2,0,1,1,1,5,1,50,2,3,2,0,0,1,74.0,52.0,voiture,voiture,1,2,3,1,3
202400012926,2024-05-31 12:44:00,2024,5,31,12,44,13,13106,A7-Sens Marseille vers Lyon,43.388,5.351,Plein jour,Hors agglomération,Hors intersection,Normale,Trois véhicules et plus - en chaîne,1,1,3,0,1,1,1,8,1,70,3,3,1,0,0,2,37.0,67.0,voiture,voiture,1,1,1,1,4
202400012927,2024-05-27 14:30:00,2024,5,27,14,30,13,13043,A55-Sens Martigues vers Marseille,43.39127,5.26385,Plein jour,Hors agglomération,Hors intersection,Normale,Deux véhicules - arrière,1,1,2,0,1,1,1,0,1,110,2,2,1,0,0,1,52.0,49.0,voiture,voiture,1,1,1,1,2
202400012928,2024-10-15 16:25:00,2024,10,15,16,25,77,77447,D82,48.55263108,2.55904638,Plein jour,Hors agglomération,Hors intersection,Normale,Autre collision,3,1,2,0,1,1,1,0,1,70,1,1,0,0,1,0,27.0,,deux_roues,,1,1,1,1,6
202400012929,2024-04-30 15:30:00,2024,4,30,15,30,13,13211,A50-Sens Marseille vers Aubagne,43.29412401,5.45835278,Plein jour,Hors agglomération,Hors intersection,Normale,Deux véhicules - arrière,1,1,3,0,1,1,1,0,1,90,3,4,3,0,0,1,32.0,54.0,voiture,voiture,1,1,1,1,2
202400012930,2024-05-29 12:45:00,2024,5,29,12,45,13,13005,Sens Aubagne vers Marseille,43.28992464,5.55419007,Plein jour,Hors agglomération,Hors intersection,Normale,Deux véhicules - côté,1,-1,3,0,1,1,1,0,1,90,2,3,2,0,0,1,28.0,55.0,voiture,utilitaire_camion,1,1,1,1,3
202400012931,2024-10-16 09:00:00,2024,10,16,9,0,77,77284,PALAIS DE JUSTICE (RUE DU),48.96067595,2.88334185,Plein jour,En agglomération,Hors intersection,Normale,Deux véhicules - côté,4,1,1,0,1,2,1,0,1,50,2,2,1,0,0,1,20.0,11.0,utilitaire_camion,deux_roues,1,2,1,1,3
202400012932,2024-05-26 20:52:00,2024,5,26,20,52,13,13056,A55-Sens Martigues vers Marseille,43.39965809,5.09574943,Nuit sans éclairage public,Hors agglomération,Hors intersection,Normale,Deux véhicules - arrière,1,-1,2,0,1,1,1,0,1,110,2,3,0,0,0,3,23.0,90.0,voiture,voiture,3,1,1,1,2
202400012933,2024-05-31 15:52:00,2024,5,31,15,52,67,67482,M351,48.5869,7.71593,Plein jour,Hors agglomération,Hors intersection,Normale,Trois véhicules et plus - en chaîne,7,3,3,0,1,1,1,0,1,90,3,3,2,0,0,1,27.0,55.0,utilitaire_camion,voiture,1,1,1,1,4