accident_id,datetime,annee,mois,jour,heure,minute,departement,commune_insee,adresse,latitude,longitude,luminosite,agglomeration,intersection,meteo,collision,catr,circ,nbv,vosp,prof,plan,surf,infra,situ,vma,nb_vehicules,nb_usagers,nb_indemnes,nb_tues,nb_blesses_hosp,nb_blesses_legers,age_cond_1,age_cond_2,veh_type_cond_1,veh_type_cond_2,lum_code,agg_code,int_code,atm_code,col_code
202400013005,2024-10-16 20:25:00,2024,10,16,20,25,19,19031,COMTE (RUE ERNEST),45.155625,1.480408,Crépuscule ou aube,En agglomération,Intersection en T,Pluie légère,Deux véhicules - arrière,3,1,1,0,1,2,2,5,1,50,2,2,1,0,0,1,35.0,41.0,voiture,deux_roues,2,2,3,2,2
202400013005,2024-10-16 20:25:00,2024,10,16,20,25,19,19031,COMTE (RUE ERNEST),45.155625,1.480408,Crépuscule ou aube,En agglomération,Intersection en T,Pluie légère,Deux véhicules - arrière,3,-1, -1,-1,1,1,2,0,1,-1,2,2,1,0,0,1,35.0,41.0,voiture,deux_roues,2,2,3,2,2
202400013006,2024-10-14 16:55:00,2024,10,14,16,55,14,14181,1 Rue des Étercelets,49.15878357,-0.33795297,Plein jour,En agglomération,Intersection en T,Normale,Deux véhicules - côté,4,2,2,0,1,1,1,0,1,50,2,2,1,0,0,1,34.0,32.0,voiture,deux_roues,1,2,3,1,3
202400013006,2024-10-14 16:55:00,2024,10,14,16,55,14,14181,1 Rue des Étercelets,49.15878357,-0.33795297,Plein jour,En agglomération,Intersection en T,Normale,Deux véhicules - côté,4,2,2,0,1,1,1,0,1,50,2,2,1,0,0,1,34.0,32.0,voiture,deux_roues,1,2,3,1,3
202400013007,2024-10-16 00:10:00,2024,10,16,0,10,13,13208,PARADIS (RUE),43.27395,5.38504,Nuit avec éclairage allumé,En agglomération,Intersection en T,Pluie légère,Deux véhicules - côté,4,2,2,0,2,1,2,0,1,50,2,2,1,0,1,0,24.0,36.0,voiture,voiture,5,2,3,2,3
202400013007,2024-10-16 00:10:00,2024,10,16,0,10,13,13208,PARADIS (RUE),43.27395,5.38504,Nuit avec éclairage allumé,En agglomération,Intersection en T,Pluie légère,Deux véhicules - côté,4,1,1,0,2,1,2,0,8,50,2,2,1,0,1,0,24.0,36.0,voiture,voiture,5,2,3,2,3
202400013008,2024-10-15 16:25:00,2024,10,15,16,25,11,11069,120 Av du Pdt Franklin Roosevelt,43.22323,2.33598,Plein jour,En agglomération,Hors intersection,Normale,Deux véhicules - côté,4,2,1,0,1,1,2,0,1,50,2,2,1,0,0,1,23.0,21.0,utilitaire_camion,deux_roues,1,2,1,1,3
202400013009,2024-10-16 06:55:00,2024,10,16,6,55,07,07281,AVENUE DU 8 MAI,44.94601,4.84886,Nuit avec éclairage allumé,En agglomération,Hors intersection,Pluie légère,Deux véhicules - côté,3,2,1,0,1,1,2,0,1,50,2,2,1,0,0,1,36.0,30.0,utilitaire_camion,deux_roues,5,2,1,2,3
202400013010,2024-10-16 09:10:00,2024,10,16,9,10,04,04070,ST BENOIT (AV.),44.10268,6.22961,Plein jour,En agglomération,Intersection en T,Pluie légère,Deux véhicules - côté,3,2,1,0,1,1,2,0,1,50,2,4,3,0,0,1,81.0,29.0,utilitaire_camion,voiture,1,2,3,2,3
202400013010,2024-10-16 09:10:00,2024,10,16,9,10,04,04070,ST BENOIT (AV.),44.10268,6.22961,Plein jour,En agglomération,Intersection en T,Pluie légère,Deux véhicules - côté,3,2,2,0,1,1,2,0,1,50,2,4,3,0,0,1,81.0,29.0,utilitaire_camion,voiture,1,2,3,2,3
202400013011,2024-10-15 23:15:00,2024,10,15,23,15,03,03185,Avenue John Fitzgerald Kennedy,46.3263,2.6088,Nuit avec éclairage allumé,En agglomération,Hors intersection,Normale,Autre collision,3,2,2,0,3,2,1,0,4,50,1,1,0,0,1,0,35.0,,deux_roues,,5,2,1,1,6
202400013012,2024-10-16 07:15:00,2024,10,16,7,15,75,75112,BD PERIPHERIQUE INTERIEUR,48.827765,2.393486,Nuit sans éclairage public,En agglomération,Hors intersection,Normale,Deux véhicules - côté,4,1,4,0,1,1,1,0,1,50,2,2,1,0,0,1,34.0,24.0,utilitaire_camion,deux_roues,3,2,1,1,3
202400013013,2024-10-16 04:35:00,2024,10,16,4,35,75,75116,BD PERIPHERIQUE EXTERIEUR,48.841427,2.254148,Nuit avec éclairage allumé,En agglomération,Hors intersection,Normale,Deux véhicules - arrière,4,1,4,0,1,1,1,1,1,50,2,2,1,0,0,1,23.0,41.0,voiture,voiture,5,2,1,1,2
202400013014,2024-10-15 07:04:00,2024,10,15,7,4,75,75106,RUE DE VAUGIRARD,48.849187,2.338428,Nuit avec éclairage allumé,En agglomération,Intersection en T,Normale,Deux véhicules - frontale,4,2, -1,-1,1,1,1,0,1,30,2,2,1,0,0,1,58.0,57.0,deux_roues,deux_roues,5,2,3,1,1
202400013014,2024-10-15 07:04:00,2024,10,15,7,4,75,75106,RUE DE VAUGIRARD,48.849187,2.338428,Nuit avec éclairage allumé,En agglomération,Intersection en T,Normale,Deux véhicules - frontale,4,1,2,0,2,1,1,0,1,30,2,2,1,0,0,1,58.0,57.0,deux_roues,deux_roues,5,2,3,1,1
202400013015,2024-10-16 12:46:00,2024,10,16,12,46,75,75119,BOULEVARD DE LA COMMANDERIE,48.901677,2.385472,Plein jour,En agglomération,Intersection en X,Normale,Autre collision,4,2,2,0,1,1,1,0,1,30,1,4,3,0,1,0,24.0,,utilitaire_camion,,1,2,2,1,6
202400013015,2024-10-16 12:46:00,2024,10,16,12,46,75,75119,BOULEVARD DE LA COMMANDERIE,48.901677,2.385472,Plein jour,En agglomération,Intersection en X,Normale,Autre collision,4,2, -1,0,1,1,1,0,1,30,1,4,3,0,1,0,24.0,,utilitaire_camion,,1,2,2,1,6
202400013016,2024-10-16 12:55:00,2024,10,16,12,55,75,75119,RUE DE L OURCQ,48.891519,2.38065,Plein jour,En agglomération,Hors intersection,Normale,Autre collision,4,2,2,0,2,1,1,0,1,30,2,2,1,0,0,1,57.0,21.0,voiture,deux_roues,1,2,1,1,6
202400013017,2024-10-16 12:55:00,2024,10,16,12,55,75,75119,RUE CURIAL,48.893794,2.373328,Plein jour,En agglomération,Intersection en X,Normale,Deux véhicules - côté,4,2, -1,0,1,1,1,0,1,30,2,2,1,0,0,1,31.0,33.0,deux_roues,voiture,1,2,2,1,3
202400013017,2024-10-16 12:55:00,2024,10,16,12,55,75,75119,RUE CURIAL,48.893794,2.373328,Plein jour,En agglomération,Intersection en X,Normale,Deux véhicules - côté,4,-1,1,0,1,1,1,0,1,30,2,2,1,0,0,1,31.0,33.0,deux_roues,voiture,1,2,2,1,3
202400013018,2024-10-16 08:20:00,2024,10,16,8,20,75,75119,RUE COMPANS,48.878819,2.392592,Plein jour,En agglomération,Hors intersection,Normale,Autre collision,4,2, -1,0,1,1,1,0,1,30,1,2,1,0,0,1,44.0,,utilitaire_camion,,1,2,1,1,6
202400013019,2024-10-16 13:10:00,2024,10,16,13,10,75,75118,BOULEVARD BARBES,48.891565,2.349606,Plein jour,En agglomération,Intersection en X,Normale,Autre collision,4,2,4,0,1,1,1,0,1,30,1,2,1,0,0,1,48.0,,voiture,,1,2,2,1,6
202400013019,2024-10-16 13:10:00,2024,10,16,13,10,75,75118,BOULEVARD BARBES,48.891565,2.349606,Plein jour,En agglomération,Intersection en X,Normale,Autre collision,4,2, -1,0,1,1,1,0,1,30,1,2,1,0,0,1,48.0,,voiture,,1,2,2,1,6
202400013020,2024-10-16 15:55:00,2024,10,16,15,55,75,75115,RUE LEBLANC,48.839718,2.273818,Plein jour,En agglomération,Hors intersection,Normale,Autre collision,4,2,2,0,1,1,1,0,1,30,1,2,1,0,0,1,37.0,,utilitaire_camion,,1,2,1,1,6
202400013021,2024-10-16 12:05:00,2024,10,16,12,5,75,75114,RUE DE RIDDER,48.832094,2.310473,Plein jour,En agglomération,Intersection en T,Normale,Deux véhicules - côté,4,1,0,0,1,1,1,9,8,30,2,2,1,0,0,1,32.0,15.0,voiture,deux_roues,1,2,3,1,3
202400013021,2024-10-16 12:05:00,2024,10,16,12,5,75,75114,RUE DE RIDDER,48.832094,2.310473,Plein jour,En agglomération,Intersection en T,Normale,Deux véhicules - côté,4,1,2,0,1,1,1,9,8,30,2,2,1,0,0,1,32.0,15.0,voiture,deux_roues,1,2,3,1,3
202400013022,2024-10-15 17:55:00,2024,10,15,17,55,75,75112,RUE DE CHARENTON,48.837378,2.391825,Plein jour,En agglomération,Intersection en X,Normale,Deux véhicules - côté,4,2, -1,-1,1,1,1,0,1,30,2,2,1,0,1,0,91.0,73.0,voiture,voiture,1,2,2,1,3
202400013022,2024-10-15 17:55:00,2024,10,15,17,55,75,75112,RUE DE CHARENTON,48.837378,2.391825,Plein jour,En agglomération,Intersection en X,Normale,Deux véhicules - côté,4,2,4,1,1,1,1,0,1,30,2,2,1,0,1,0,91.0,73.0,voiture,voiture,1,2,2,1,3
202400013023,2024-10-16 08:51:00,2024,10,16,8,51,75,75110,BOULEVARD DE MAGENTA,48.873829,2.358316,Plein jour,En agglomération,Intersection en X,Normale,Autre collision,4,2,6,1,1,1,1,0,1,30,1,2,0,0,0,2,55.0,,deux_roues,,1,2,2,1,6
202400013023,2024-10-16 08:51:00,2024,10,16,8,51,75,75110,BOULEVARD DE MAGENTA,48.873829,2.358316,Plein jour,En agglomération,Intersection en X,Normale,Autre collision,4,1, -1,0,1,1,1,0,1,30,1,2,0,0,0,2,55.0,,deux_roues,,1,2,2,1,6
202400013024,2024-10-16 09:20:00,2024,10,16,9,20,75,75110,BOULEVARD DE LA VILLETTE,48.875279,2.373166,Plein jour,En agglomération,Intersection en T,Normale,Autre collision,4,1,2,1,1,1,2,0,5,30,2,2,1,0,0,1,,36.0,deux_roues,deux_roues,1,2,3,1,6
202400013024,2024-10-16 09:20:00,2024,10,16,9,20,75,75110,BOULEVARD DE LA VILLETTE,48.875279,2.373166,Plein jour,En agglomération,Intersection en T,Normale,Autre collision,4,2, -1,0,1,1,2,0,1,30,2,2,1,0,0,1,,36.0,deux_roues,deux_roues,1,2,3,1,6
202400013025,2024-10-16 08:18:00,2024,10,16,8,18,75,75110,BOULEVARD DE MAGENTA,48.873289,2.358747,Plein jour,En agglomération,Intersection en Y,Normale,Deux véhicules - arrière,4,-1,4,1,1,1,1,0,6,30,2,2,1,0,0,1,64.0,51.0,deux_roues,transport_commun,1,2,4,1,2
202400013025,2024-10-16 08:18:00,2024,10,16,8,18,75,75110,BOULEVARD DE MAGENTA,48.873289,2.358747,Plein jour,En agglomération,Intersection en Y,Normale,Deux véhicules - arrière,4,2, -1,0,1,1,1,0,5,30,2,2,1,0,0,1,64.0,51.0,deux_roues,transport_commun,1,2,4,1,2
202400013026,2024-10-16 21:10:00,2024,10,16,21,10,75,75108,Rue Saint-Lazare,48.875353,2.324985,Nuit avec éclairage allumé,En agglomération,Intersection en T,Pluie légère,Deux véhicules - côté,4,1, -1,0,1,1,2,0,1,30,2,2,1,0,0,1,55.0,55.0,voiture,deux_roues,5,2,3,2,3
202400013026,2024-10-16 21:10:00,2024,10,16,21,10,75,75108,Rue Saint-Lazare,48.875353,2.324985,Nuit avec éclairage allumé,En agglomération,Intersection en T,Pluie légère,Deux véhicules - côté,4,2,2,0,1,1,2,0,1,30,2,2,1,0,0,1,55.0,55.0,voiture,deux_roues,5,2,3,2,3
202400013027,2024-10-15 18:30:00,2024,10,15,18,30,94,94068,Rue Chevalier,48.78994456,2.50409069,Crépuscule ou aube,En agglomération,Hors intersection,Temps couvert,Deux véhicules - frontale,4,1,1,1,1,1,1,0,1,30,2,2,1,0,0,1,38.0,50.0,voiture,deux_roues,2,2,1,8,1
202400013028,2024-10-16 20:35:00,2024,10,16,20,35,94,94016,Avenue Cousin de Méricourt,48.79922,2.33297,Nuit avec éclairage allumé,En agglomération,Intersection en T,Normale,Deux véhicules - côté,3,2,3,0,1,1,1,0,1,50,2,2,1,0,0,1,21.0,61.0,deux_roues,voiture,5,2,3,1,3
202400013028,2024-10-16 20:35:00,2024,10,16,20,35,94,94016,Avenue Cousin de Méricourt,48.79922,2.33297,Nuit avec éclairage allumé,En agglomération,Intersection en T,Normale,Deux véhicules - côté,3,-1,2,0,2,1,1,0,1,50,2,2,1,0,0,1,21.0,61.0,deux_roues,voiture,5,2,3,1,3
202400013029,2024-10-16 18:19:00,2024,10,16,18,19,94,94011,Route de la Pompadour,48.76515,2.47929,Plein jour,En agglomération,Hors intersection,Normale,Trois véhicules et plus - en chaîne,3,1,2,0,1,1,1,0,1,50,3,3,2,0,0,1,32.0,66.0,deux_roues,voiture,1,2,1,1,4
202400013030,2024-10-14 18:40:00,2024,10,14,18,40,94,94073,Av du Mal de Lattre de Tassigny,48.75575167,2.40481308,Plein jour,En agglomération,Intersection en T,Normale,Deux véhicules - côté,3,-1,2,0,1,1,1,0,1,50,2,2,1,0,0,1,26.0,26.0,voiture,deux_roues,1,2,3,1,3
202400013030,2024-10-14 18:40:00,2024,10,14,18,40,94,94073,Av du Mal de Lattre de Tassigny,48.75575167,2.40481308,Plein jour,En agglomération,Intersection en T,Normale,Deux véhicules - côté,3,1,1,-1,1,1,1,0,1,-1,2,2,1,0,0,1,26.0,26.0,voiture,deux_roues,1,2,3,1,3
202400013031,2024-10-16 16:30:00,2024,10,16,16,30,94,94017,Avenue Marx Dormoy,48.80630607,2.53005803,Plein jour,En agglomération,Intersection en X,Normale,Deux véhicules - frontale,3,2,2,0,2,1,1,0,1,30,2,3,1,0,1,1,28.0,59.0,deux_roues,voiture,1,2,2,1,1
202400013031,2024-10-16 16:30:00,2024,10,16,16,30,94,94017,Avenue Marx Dormoy,48.80630607,2.53005803,Plein jour,En agglomération,Intersection en X,Normale,Deux véhicules - frontale,3,2,2,0,2,1,1,0,1,30,2,3,1,0,1,1,28.0,59.0,deux_roues,voiture,1,2,2,1,1
202400013032,2024-10-16 18:20:00,2024,10,16,18,20,93,93073,RESISTANCE (RUE DE LA),48.95258,2.56346,Plein jour,En agglomération,Hors intersection,Normale,Deux véhicules - côté,3,3,4,0,1,1,1,0,8,50,2,2,1,0,0,1,29.0,14.0,utilitaire_camion,deux_roues,1,2,1,1,3
202400013033,2024-10-16 11:50:00,2024,10,16,11,50,93,93051,GEORGES CLEMENCEAU (AVENUE),48.84503374,2.55624,Plein jour,En agglomération,Hors intersection,Normale,Deux véhicules - frontale,4,1,0,0,1,1,1,0,8,50,2,2,1,0,0,1,27.0,59.0,deux_roues,utilitaire_camion,1,2,1,1,1
202400013034,2024-10-16 07:35:00,2024,10,16,7,35,93,93051,NEUILLY (ROUTE),48.84887084,2.53790455,Crépuscule ou aube,En agglomération,Hors intersection,Normale,Autre collision,3,2,3,0,1,1,1,0,1,50,1,2,1,0,0,1,49.0,,deux_roues,,2,2,1,1,6
202400013035,2024-10-16 09:00:00,2024,10,16,9,0,93,93045,BRUYERES RUE DES,48.87897899,2.41301179,Plein jour,En agglomération,Intersection en X,Normale,Autre collision,4,2,2,0,1,1,1,0,1,50,1,2,1,0,0,1,58.0,,voiture,,1,2,2,1,6
202400013035,2024-10-16 09:00:00,2024,10,16,9,0,93,93045,BRUYERES RUE DES,48.87897899,2.41301179,Plein jour,En agglomération,Intersection en X,Normale,Autre collision,4,2,2,0,1,1,1,0,1,50,1,2,1,0,0,1,58.0,,voiture,,1,2,2,1,6
202400013036,2024-10-16 15:58:00,2024,10,16,15,58,93,93057,ROME (AV.),48.915299,2.500049,Plein jour,En agglomération,Intersection en X,Normale,Deux véhicules - côté,4,2,2,0,1,1,1,0,1,50,2,2,1,0,0,1,88.0,33.0,voiture,deux_roues,1,2,2,1,3
202400013036,2024-10-16 15:58:00,2024,10,16,15,58,93,93057,ROME (AV.),48.915299,2.500049,Plein jour,En agglomération,Intersection en X,Normale,Deux véhicules - côté,4,2,2,0,1,1,1,0,1,50,2,2,1,0,0,1,88.0,33.0,voiture,deux_roues,1,2,2,1,3
202400013037,2024-10-15 18:36:00,2024,10,15,18,36,93,93001,HAIE COQ (RUE DE LA ) => 91/92,48.90750695,2.37294144,Plein jour,En agglomération,Hors intersection,Normale,Deux véhicules - côté,3,1,0,0,1,1,1,0,1,50,2,2,1,0,0,1,34.0,61.0,voiture,deux_roues,1,2,1,1,3
202400013038,2024-10-16 08:20:00,2024,10,16,8,20,92,92051,"JEAN MERMOZ (BOULEVARD, N° 5 A 15)",48.8858077,2.26916447,Plein jour,En agglomération,Hors intersection,Normale,Autre collision,4,2,0,0,1,1,1,0,1,50,1,2,1,0,0,1,49.0,,voiture,,1,2,1,1,6
202400013039,2024-10-16 13:45:00,2024,10,16,13,45,92,92044,VILLIERS(RUE DE)  88A140,48.89612585,2.27339633,Plein jour,En agglomération,Hors intersection,Normale,Autre collision,4,2,3,0,1,3,1,0,1,30,1,2,1,0,0,1,82.0,,voiture,,1,2,1,1,6
202400013040,2024-10-16 14:45:00,2024,10,16,14,45,92,92040,GOUVERNEUR GAL EBOUE DU 09 AU 65 BIS,48.82524112,2.26777643,Plein jour,En agglomération,Intersection en X,Normale,Autre collision,3,-1,1,0,1,1,1,0,1,30,1,2,1,0,0,1,70.0,,voiture,,1,2,2,1,6
202400013040,2024-10-16 14:45:00,2024,10,16,14,45,92,92040,GOUVERNEUR GAL EBOUE DU 09 AU 65 BIS,48.82524112,2.26777643,Plein jour,En agglomération,Intersection en X,Normale,Autre collision,3,-1,1,0,1,2,1,0,1,30,1,2,1,0,0,1,70.0,,voiture,,1,2,2,1,6
202400013041,2024-10-16 15:30:00,2024,10,16,15,30,92,92026,VERDUN (DE 62 A FIN),48.90113294,2.26003647,Plein jour,En agglomération,Hors intersection,Normale,Deux véhicules - arrière,3,2,4,0,1,1,1,0,1,50,2,2,1,0,0,1,39.0,53.0,utilitaire_camion,deux_roues,1,2,1,1,2
202400013042,2024-10-16 09:58:00,2024,10,16,9,58,92,92007,FORTIN (AVENUE JEAN-BAPTISTE),48.79695918,2.29941487,Plein jour,En agglomération,Giratoire,Normale,Deux véhicules - arrière,3,2,2,0,1,1,1,0,1,30,2,2,1,0,0,1,37.0,59.0,deux_roues,voiture,1,2,6,1,2
202400013042,2024-10-16 09:58:00,2024,10,16,9,58,92,92007,FORTIN (AVENUE JEAN-BAPTISTE),48.79695918,2.29941487,Plein jour,En agglomération,Giratoire,Normale,Deux véhicules - arrière,3,2,2,0,1,1,1,0,1,50,2,2,1,0,0,1,37.0,59.0,deux_roues,voiture,1,2,6,1,2
202400013043,2024-10-16 14:15:00,2024,10,16,14,15,80,80213,Rue de Dommartin,49.804944,2.383969,Plein jour,En agglomération,Intersection en Y,Temps éblouissant,Deux véhicules - côté,3,2,2,0,1,2,1,0,1,50,2,2,1,0,0,1,32.0,60.0,voiture,deux_roues,1,2,4,7,3
202400013043,2024-10-16 14:15:00,2024,10,16,14,15,80,80213,Rue de Dommartin,49.804944,2.383969,Plein jour,En agglomération,Intersection en Y,Temps éblouissant,Deux véhicules - côté,3,2,2,0,3,2,1,0,1,50,2,2,1,0,0,1,32.0,60.0,voiture,deux_roues,1,2,4,7,3
202400013044,2024-10-17 07:45:00,2024,10,17,7,45,65,65362,15 Avenue Jean Moulin,42.964258,-0.074254,Nuit avec éclairage allumé,En agglomération,Intersection en T,Pluie légère,Deux véhicules - frontale,3,2,2,0,2,1,2,0,1,50,2,3,2,0,1,0,50.0,18.0,voiture,deux_roues,5,2,3,2,1
202400013044,2024-10-17 07:45:00,2024,10,17,7,45,65,65362,15 Avenue Jean Moulin,42.964258,-0.074254,Nuit avec éclairage allumé,En agglomération,Intersection en T,Pluie légère,Deux véhicules - frontale,3,2,2,-1,1,1,2,0,1,50,2,3,2,0,1,0,50.0,18.0,voiture,deux_roues,5,2,3,2,1
202400013045,2024-10-16 18:40:00,2024,10,16,18,40,65,65344,D936,43.192161,-0.015557,Crépuscule ou aube,Hors agglomération,Hors intersection,Normale,Deux véhicules - arrière,3,2,2,0,1,1,1,0,1,80,2,3,2,0,0,1,18.0,59.0,deux_roues,voiture,2,1,1,1,2
202400013046,2024-10-17 09:00:00,2024,10,17,9,0,32,32254,N21,43.540266,0.454624,Plein jour,Hors agglomération,Intersection en X,Pluie légère,Deux véhicules - côté,2,2,1,0,1,1,2,0,1,80,2,2,1,0,0,1,31.0,76.0,utilitaire_camion,voiture,1,1,2,2,3
202400013046,2024-10-17 09:00:00,2024,10,17,9,0,32,32254,N21,43.540266,0.454624,Plein jour,Hors agglomération,Intersection en X,Pluie légère,Deux véhicules - côté,2,2, -1,-1,1,1,2,5,1,80,2,2,1,0,0,1,31.0,76.0,utilitaire_camion,voiture,1,1,2,2,3
202400013047,2024-10-16 14:30:00,2024,10,16,14,30,63,63262,D 978,45.70038482,3.16055417,Plein jour,Hors agglomération,Hors intersection,Normale,Deux véhicules - arrière,3,2,2,0,3,1,1,0,1,70,2,2,1,1,0,0,73.0,53.0,deux_roues,utilitaire_camion,1,1,1,1,2
202400013048,2024-10-16 18:35:00,2024,10,16,18,35,49,49329,D106,47.378737,-0.65315,Nuit sans éclairage public,Hors agglomération,Hors intersection,Pluie légère,Sans collision,3,2,2,0,1,1,2,0,3,80,1,1,0,1,0,0,64.0,,utilitaire_camion,,3,1,1,2,7
202400013049,2024-10-16 17:55:00,2024,10,16,17,55,46,46132,lieu dit Vernique,44.745617,1.801988,Plein jour,Hors agglomération,Intersection en T,Normale,Deux véhicules - frontale,3,2,2,0,1,1,1,0,1,80,2,2,1,0,1,0,67.0,46.0,voiture,deux_roues,1,1,3,1,1
202400013049,2024-10-16 17:55:00,2024,10,16,17,55,46,46132,lieu dit Vernique,44.745617,1.801988,Plein jour,Hors agglomération,Intersection en T,Normale,Deux véhicules - frontale,3,2,2,0,2,1,1,0,1,80,2,2,1,0,1,0,67.0,46.0,voiture,deux_roues,1,1,3,1,1
202400013050,2024-10-16 15:17:00,2024,10,16,15,17,68,68062,D419,47.628599,7.221574,Plein jour,Hors agglomération,Intersection en T,Normale,Deux véhicules - côté,3,2,1,0,1,1,1,0,1,50,2,2,0,0,1,1,71.0,21.0,voiture,voiture,1,1,3,1,3
202400013050,2024-10-16 15:17:00,2024,10,16,15,17,68,68062,D419,47.628599,7.221574,Plein jour,Hors agglomération,Intersection en T,Normale,Deux véhicules - côté,3,3,2,0,1,1,1,5,1,80,2,2,0,0,1,1,71.0,21.0,voiture,voiture,1,1,3,1,3
202400013051,2024-10-16 20:50:00,2024,10,16,20,50,25,25157,D67b,46.87492,6.400223,Nuit sans éclairage public,Hors agglomération,Hors intersection,Pluie légère,Autre collision,3,2,2,0,2,1,2,0,1,90,1,2,1,0,1,0,28.0,,voiture,,3,1,1,2,6
202400013052,2024-10-16 22:50:00,2024,10,16,22,50,31,31136,Avenue de Villemur,43.751317,1.432916,Nuit sans éclairage public,Hors agglomération,Giratoire,Normale,Autre collision,3,2,2,0,1,1,1,0,1,90,1,1,0,0,0,1,53.0,,deux_roues,,3,1,6,1,6
202400013053,2024-10-16 16:10:00,2024,10,16,16,10,03,03168,Lieu-dit Jovinière,46.608111,2.660102,Plein jour,Hors agglomération,Hors intersection,Normale,Sans collision,4,2,1,0,4,2,1,0,8,90,1,1,0,0,1,0,63.0,,deux_roues,,1,1,1,1,7
202400013054,2024-10-17 07:45:00,2024,10,17,7,45,01,01265,88 Avenue de Bresse,46.173943,5.566426,Crépuscule ou aube,En agglomération,Hors intersection,Pluie forte,Deux véhicules - arrière,3,3,2,0,1,1,2,0,1,50,2,2,1,0,1,0,35.0,30.0,voiture,voiture,2,2,1,3,2
202400013055,2024-10-17 13:30:00,2024,10,17,13,30,06,06059,Avenue de Verdun,43.729701,7.35805,Plein jour,Hors agglomération,Hors intersection,Normale,Autre collision,7,2,2,0,1,2,1,1,3,50,1,1,0,1,0,0,26.0,,deux_roues,,1,1,1,1,6
202400013056,2024-10-17 10:50:00,2024,10,17,10,50,06,06059,904 Avenue Raymond Poincaré,43.720518,7.36853,Plein jour,Hors agglomération,Hors intersection,Normale,Autre collision,7,2,2,0,2,2,1,1,1,-1,1,1,0,0,1,0,50.0,,deux_roues,,1,1,1,1,6
202400013057,2024-10-17 01:30:00,2024,10,17,1,30,10,10148,18 Rue des Borderets,48.4618,3.5882,Nuit sans éclairage public,Hors agglomération,Hors intersection,Pluie légère,Autre collision,3,2,2,0,2,4,2,0,3,80,1,1,0,1,0,0,21.0,,voiture,,3,1,1,2,6
202400013058,2024-10-17 15:00:00,2024,10,17,15,0,10,10437,Rue Roger Dossot,48.140263,4.302191,Plein jour,En agglomération,Hors intersection,Pluie légère,Deux véhicules - frontale,4,2,2,0,1,1,2,0,1,90,2,2,1,1,0,0,54.0,61.0,voiture,utilitaire_camion,1,2,1,2,1
202400013059,2024-10-17 11:43:00,2024,10,17,11,43,16,16253,Tourteron,46.041773,0.015763,Plein jour,Hors agglomération,Hors intersection,Pluie légère,Autre collision,3,2,2,0,1,1,2,0,1,80,1,1,0,0,0,1,58.0,,utilitaire_camion,,1,1,1,2,6
202400013060,2024-10-17 07:50:00,2024,10,17,7,50,40,40273,D817,43.526767,-1.393767,Crépuscule ou aube,En agglomération,Hors intersection,Pluie forte,Autre collision,3,2,2,0,1,1,2,0,1,50,1,2,1,0,1,0,39.0,,utilitaire_camion,,2,2,1,3,6
202400013061,2024-10-17 06:30:00,2024,10,17,6,30,04,04157,D8,43.894259,6.071963,Nuit sans éclairage public,Hors agglomération,Hors intersection,Pluie légère,Deux véhicules - frontale,3,2,2,0,1,2,2,0,1,80,2,2,1,0,0,1,23.0,72.0,voiture,utilitaire_camion,3,1,1,2,1
202400013062,2024-10-15 14:20:00,2024,10,15,14,20,87,87082,Route de la Vallade,45.598114,1.094261,Plein jour,Hors agglomération,Hors intersection,Normale,Deux véhicules - frontale,4,2,2,0,2,3,2,0,1,80,2,3,0,0,1,2,85.0,44.0,voiture,utilitaire_camion,1,1,1,1,1
202400013063,2024-10-17 12:50:00,2024,10,17,12,50,87,87037,lartimache,45.652681,0.829178,Plein jour,Hors agglomération,Hors intersection,Pluie légère,Autre collision,4,2,2,0,2,3,2,0,1,80,2,2,1,0,1,0,30.0,57.0,voiture,voiture,1,1,1,2,6
202400013064,2024-10-16 16:40:00,2024,10,16,16,40,37,37177,La Rousseliere,47.18419825,1.2722071,Plein jour,Hors agglomération,Hors intersection,Pluie légère,Autre collision,3,2,2,0,2,3,2,0,3,80,1,1,0,0,1,0,88.0,,voiture,,1,1,1,2,6
202400013065,2024-10-14 17:20:00,2024,10,14,17,20,24,24293,Route de la Lénotte,44.785071,1.005045,Plein jour,Hors agglomération,Autre intersection,Normale,Deux véhicules - frontale,4,2,2,0,2,2,1,0,1,80,2,2,1,0,1,0,85.0,75.0,voiture,utilitaire_camion,1,1,9,1,1
202400013066,2024-10-16 16:36:00,2024,10,16,16,36,01,01451,"PK142+800, A39",46.264578,5.242485,Plein jour,Hors agglomération,Hors intersection,Normale,Autre collision,1,3,2,0,1,1,1,0,3,130,1,1,0,0,1,0,75.0,,voiture,,1,1,1,1,6
202400013067,2024-10-16 16:35:00,2024,10,16,16,35,987,98715,Teroma,-17.576629,-149.599306,Plein jour,Hors agglomération,Autre intersection,Normale,Deux véhicules - côté,2,2,2,0,2,1,1,0,1,30,2,3,2,0,0,1,41.0,25.0,voiture,deux_roues,1,1,9,1,3
202400013068,2024-10-17 00:01:00,2024,10,17,0,1,974,97418,134 Rue Jean XXIII,-20.949517,55.516818,Nuit avec éclairage allumé,En agglomération,Hors intersection,Normale,Autre collision,4,2,2,0,2,1,2,0,8,50,1,1,0,0,1,0,29.0,,deux_roues,,5,2,1,1,6
202400013069,2024-10-16 16:00:00,2024,10,16,16,0,45,45335,D921 PR 64 + 171,47.805589,2.088926,Plein jour,Hors agglomération,Intersection en T,Normale,Deux véhicules - côté,3,2,2,0,1,3,1,0,1,80,2,2,1,0,1,0,69.0,69.0,deux_roues,voiture,1,1,3,1,3