accident_id,datetime,annee,mois,jour,heure,minute,departement,commune_insee,adresse,latitude,longitude,luminosite,agglomeration,intersection,meteo,collision,catr,circ,nbv,vosp,prof,plan,surf,infra,situ,vma,nb_vehicules,nb_usagers,nb_indemnes,nb_tues,nb_blesses_hosp,nb_blesses_legers,age_cond_1,age_cond_2,veh_type_cond_1,veh_type_cond_2,lum_code,agg_code,int_code,atm_code,col_code
202400013136,2024-03-13 17:30:00,2024,3,13,17,30,71,71153,REPUBLIQUE (AVENUE DE LA),46.79697,4.4482,Plein jour,En agglomération,Intersection en X,Normale,Deux véhicules - côté,4,2,2,0,1,1,1,0,1,50,2,2,0,0,0,2,22.0,29.0,deux_roues,deux_roues,1,2,2,1,3
202400013137,2024-10-15 20:50:00,2024,10,15,20,50,67,67482,RHIN (AVENUE DU),48.56935,7.77812,Nuit avec éclairage allumé,En agglomération,Intersection en T,Normale,Deux véhicules - côté,4,3,6,3,1,1,1,9,1,50,2,3,2,0,0,1,19.0,26.0,voiture,deux_roues,5,2,3,1,3
202400013137,2024-10-15 20:50:00,2024,10,15,20,50,67,67482,RHIN (AVENUE DU),48.56935,7.77812,Nuit avec éclairage allumé,En agglomération,Intersection en T,Normale,Deux véhicules - côté,4,3,6,1,1,3,1,0,1,50,2,3,2,0,0,1,19.0,26.0,voiture,deux_roues,5,2,3,1,3
202400013138,2024-03-15 19:10:00,2024,3,15,19,10,69,69286,17 Avenue de l'Europe,45.81477027,4.89512667,Nuit avec éclairage allumé,En agglomération,Intersection en T,Pluie légère,Deux véhicules - côté,4,-1,0,0,1,1,2,0,1,20,2,3,2,0,0,1,25.0,42.0,deux_roues,voiture,5,2,3,2,3
202400013138,2024-03-15 19:10:00,2024,3,15,19,10,69,69286,17 Avenue de l'Europe,45.81477027,4.89512667,Nuit avec éclairage allumé,En agglomération,Intersection en T,Pluie légère,Deux véhicules - côté,4,2,2,0,2,1,2,0,1,50,2,3,2,0,0,1,25.0,42.0,deux_roues,voiture,5,2,3,2,3
202400013139,2024-03-15 13:55:00,2024,3,15,13,55,69,69115,Route de Riottier,45.97828967,4.73713832,Plein jour,En agglomération,Hors intersection,Pluie légère,Autre collision,4,2,3,0,4,1,2,2,1,50,1,1,0,0,0,1,37.0,,voiture,,1,2,1,2,6
202400013140,2024-10-15 17:02:00,2024,10,15,17,2,63,63300,RD2029/RD83/Bd Clémentel faubourg Bardon,45.89094,3.110318,Plein jour,En agglomération,Intersection en X,Normale,Deux véhicules - côté,3,1,1,0,1,1,1,0,1,50,2,2,1,0,0,1,30.0,74.0,voiture,voiture,1,2,2,1,3
202400013140,2024-10-15 17:02:00,2024,10,15,17,2,63,63300,RD2029/RD83/Bd Clémentel faubourg Bardon,45.89094,3.110318,Plein jour,En agglomération,Intersection en X,Normale,Deux véhicules - côté,3,3,2,0,1,1,1,0,1,50,2,2,1,0,0,1,30.0,74.0,voiture,voiture,1,2,2,1,3
202400013141,2024-03-14 20:20:00,2024,3,14,20,20,69,69259,Avenue Pierre Sémard,45.70614,4.87793,Nuit avec éclairage allumé,En agglomération,Intersection en X,Normale,Deux véhicules - frontale,4,2,2,0,1,1,1,0,1,30,2,3,2,0,0,1,35.0,31.0,voiture,voiture,5,2,2,1,1
202400013141,2024-03-14 20:20:00,2024,3,14,20,20,69,69259,Avenue Pierre Sémard,45.70614,4.87793,Nuit avec éclairage allumé,En agglomération,Intersection en X,Normale,Deux véhicules - frontale,4,2,2,2,1,1,1,0,1,50,2,3,2,0,0,1,35.0,31.0,voiture,voiture,5,2,2,1,1
202400013142,2024-10-15 20:00:00,2024,10,15,20,0,63,63113,Bonnabaud / Eugène Gilbert,45.77372,3.08003,Nuit avec éclairage allumé,En agglomération,Intersection en X,Normale,Deux véhicules - côté,4,2,2,0,1,1,1,5,1,30,2,2,1,0,1,0,51.0,26.0,voiture,deux_roues,5,2,2,1,3
202400013142,2024-10-15 20:00:00,2024,10,15,20,0,63,63113,Bonnabaud / Eugène Gilbert,45.77372,3.08003,Nuit avec éclairage allumé,En agglomération,Intersection en X,Normale,Deux véhicules - côté,4,1,2,0,1,1,1,5,1,30,2,2,1,0,1,0,51.0,26.0,voiture,deux_roues,5,2,2,1,3
202400013143,2024-03-14 12:00:00,2024,3,14,12,0,69,69259,28 Avenue Jean Cagne,45.69572,4.87222,Plein jour,En agglomération,Passage à niveau,Normale,Autre collision,4,2,2,3,1,1,1,4,6,50,1,2,1,0,0,1,61.0,,transport_commun,,1,2,8,1,6
202400013144,2024-10-15 09:35:00,2024,10,15,9,35,63,63113,THEVENOT (RUE THIBAUD),45.78818772,3.08992624,Plein jour,En agglomération,Hors intersection,Normale,Deux véhicules - côté,4,-1,1,0,1,1,1,0,1,30,2,2,1,0,0,1,29.0,37.0,voiture,voiture,1,2,1,1,3
202400013145,2024-03-13 10:20:00,2024,3,13,10,20,68,68066,Avenue d'Alsace,48.06946,7.3651,Plein jour,En agglomération,Hors intersection,Normale,Deux véhicules - côté,4,3,4,1,1,2,1,5,1,50,2,2,1,0,1,0,60.0,56.0,voiture,deux_roues,1,2,1,1,3
202400013146,2024-03-15 08:55:00,2024,3,15,8,55,64,64132,ALBERT 1ER,43.28272,-0.34072,Plein jour,En agglomération,Hors intersection,Normale,Deux véhicules - côté,3,2,4,1,1,1,1,0,5,50,2,3,2,0,0,1,57.0,16.0,utilitaire_camion,deux_roues,1,2,1,1,3
202400013147,2024-10-15 08:54:00,2024,10,15,8,54,63,63032,HOTEL DE VILLE (RUE DE L'),45.75348,3.0866,Plein jour,En agglomération,Intersection en T,Normale,Trois véhicules et plus - en chaîne,7,2,2,-1,1,1,1,0,1,-1,3,3,1,0,0,2,44.0,49.0,voiture,voiture,1,2,3,1,4
202400013147,2024-10-15 08:54:00,2024,10,15,8,54,63,63032,HOTEL DE VILLE (RUE DE L'),45.75348,3.0866,Plein jour,En agglomération,Intersection en T,Normale,Trois véhicules et plus - en chaîne,7,4,3,0,1,1,1,6,1,30,3,3,1,0,0,2,44.0,49.0,voiture,voiture,1,2,3,1,4
202400013148,2024-03-15 23:40:00,2024,3,15,23,40,64,64122,ELISABETH II (ESPLANADE),43.49348,-1.55344,Nuit avec éclairage allumé,En agglomération,Hors intersection,Normale,Sans collision,4,1,1,0,1,2,1,0,1,30,1,1,0,0,1,0,17.0,,deux_roues,,5,2,1,1,7
202400013149,2024-10-13 21:15:00,2024,10,13,21,15,62,62193,Avenue Pierre de Coubertin,50.95211,1.83295,Nuit avec éclairage allumé,En agglomération,Giratoire,Normale,Sans collision,4,1,2,0,1,3,1,5,3,50,1,1,0,1,0,0,55.0,,voiture,,5,2,6,1,7
202400013149,2024-10-13 21:15:00,2024,10,13,21,15,62,62193,Avenue Pierre de Coubertin,50.95211,1.83295,Nuit avec éclairage allumé,En agglomération,Giratoire,Normale,Sans collision,4,3,0,0,1,1,1,5,3,50,1,1,0,1,0,0,55.0,,voiture,,5,2,6,1,7
202400013150,2024-03-14 17:20:00,2024,3,14,17,20,63,63300,av de Chatel-Guyon / allée des Tilleuls,45.89520414,3.10887605,Plein jour,En agglomération,Intersection en T,Normale,Deux véhicules - côté,4,2,2,0,2,1,1,0,1,50,2,2,1,0,0,1,59.0,16.0,voiture,deux_roues,1,2,3,1,3
202400013150,2024-03-14 17:20:00,2024,3,14,17,20,63,63300,av de Chatel-Guyon / allée des Tilleuls,45.89520414,3.10887605,Plein jour,En agglomération,Intersection en T,Normale,Deux véhicules - côté,4,1,1,0,1,3,1,0,1,50,2,2,1,0,0,1,59.0,16.0,voiture,deux_roues,1,2,3,1,3
202400013151,2024-10-15 16:40:00,2024,10,15,16,40,59,59033,PARMENTIER (RUE),50.2027,3.83584,Plein jour,En agglomération,Giratoire,Normale,Autre collision,4,2,2,0,1,1,1,0,1,50,1,2,1,0,0,1,67.0,,voiture,,1,2,6,1,6
202400013151,2024-10-15 16:40:00,2024,10,15,16,40,59,59033,PARMENTIER (RUE),50.2027,3.83584,Plein jour,En agglomération,Giratoire,Normale,Autre collision,4,2,2,0,1,1,1,6,1,50,1,2,1,0,0,1,67.0,,voiture,,1,2,6,1,6
202400013152,2024-10-15 09:20:00,2024,10,15,9,20,59,59043,LILLE (ROUTE DE),50.71959,2.80488,Crépuscule ou aube,En agglomération,Hors intersection,Brouillard / fumée,Deux véhicules - côté,3,2,2,2,1,1,2,0,1,50,2,2,1,0,1,0,21.0,80.0,deux_roues,utilitaire_camion,2,2,1,5,3
202400013153,2024-03-15 20:46:00,2024,3,15,20,46,63,63113,Rue André Moinier / rue St-Herem,45.78038,3.08377,Nuit avec éclairage allumé,En agglomération,Autre intersection,Normale,Deux véhicules - côté,4,2,2,-1,4,1,1,5,1,30,2,2,1,0,0,1,30.0,34.0,deux_roues,voiture,5,2,9,1,3
202400013153,2024-03-15 20:46:00,2024,3,15,20,46,63,63113,Rue André Moinier / rue St-Herem,45.78038,3.08377,Nuit avec éclairage allumé,En agglomération,Autre intersection,Normale,Deux véhicules - côté,4,2,2,0,1,1,1,5,1,30,2,2,1,0,0,1,30.0,34.0,deux_roues,voiture,5,2,9,1,3
202400013154,2024-10-15 07:35:00,2024,10,15,7,35,56,56260,Rue de Bilaire,47.66998,-2.74529,Nuit avec éclairage allumé,En agglomération,Autre intersection,Normale,Deux véhicules - côté,4,2,2,0,1,1,1,0,1,50,2,2,1,0,0,1,62.0,48.0,voiture,deux_roues,5,2,9,1,3
202400013155,2024-03-15 18:30:00,2024,3,15,18,30,63,63113,CLOS NOTRE DAME (RUE DU),45.7824,3.07424,Crépuscule ou aube,En agglomération,Hors intersection,Normale,Deux véhicules - côté,7,1,2,0,1,1,1,0,1,50,2,2,1,0,1,0,50.0,36.0,voiture,deux_roues,2,2,1,1,3
202400013156,2024-10-14 20:00:00,2024,10,14,20,0,56,56121,Rue de Belgique,47.76115,-3.38626,Nuit avec éclairage allumé,En agglomération,Intersection en X,Normale,Deux véhicules - côté,4,2,2,2,3,1,1,0,5,30,2,2,1,0,0,1,41.0,,deux_roues,voiture,5,2,2,1,3
202400013156,2024-10-14 20:00:00,2024,10,14,20,0,56,56121,Rue de Belgique,47.76115,-3.38626,Nuit avec éclairage allumé,En agglomération,Intersection en X,Normale,Deux véhicules - côté,4,2,2,2,1,1,1,0,5,30,2,2,1,0,0,1,41.0,,deux_roues,voiture,5,2,2,1,3
202400013157,2024-03-06 08:30:00,2024,3,6,8,30,62,62330,D72,50.55001974,2.76112116,Plein jour,En agglomération,Hors intersection,Normale,Deux véhicules - arrière,3,2,2,0,1,1,1,0,1,70,2,2,1,0,1,0,26.0,28.0,deux_roues,voiture,1,2,1,1,2
202400013158,2024-10-14 18:25:00,2024,10,14,18,25,56,56121,Rue Jean Le Coutaller,47.74773,-3.36958,Plein jour,En agglomération,Hors intersection,Normale,Autre collision,4,2,2,2,1,1,1,-1,5,30,1,1,0,0,0,1,2.0,,deux_roues,,1,2,1,1,6
202400013159,2024-03-15 13:19:00,2024,3,15,13,19,62,62753,D260,50.29394685,2.79087427,Plein jour,En agglomération,Hors intersection,Pluie légère,Deux véhicules - frontale,3,2,2,0,2,1,2,0,1,50,2,2,1,0,1,0,37.0,29.0,utilitaire_camion,voiture,1,2,1,2,1
202400013160,2024-10-15 19:24:00,2024,10,15,19,24,54,54580,Rue du Marechal Foch,49.46902,5.92992,Nuit avec éclairage allumé,En agglomération,Intersection en X,Normale,Autre collision,4,2,1,0,1,1,1,0,1,30,1,2,1,0,0,1,33.0,,voiture,,5,2,2,1,6
202400013160,2024-10-15 19:24:00,2024,10,15,19,24,54,54580,Rue du Marechal Foch,49.46902,5.92992,Nuit avec éclairage allumé,En agglomération,Intersection en X,Normale,Autre collision,4,2,1,0,1,1,1,0,1,30,1,2,1,0,0,1,33.0,,voiture,,5,2,2,1,6
202400013161,2024-03-13 15:15:00,2024,3,13,15,15,59,59122,PICARDIE (PLACE DE),50.17852,3.24404,Plein jour,En agglomération,Hors intersection,Normale,Autre collision,3,1,4,0,1,1,1,0,1,50,1,2,1,0,0,1,30.0,,voiture,,1,2,1,1,6
202400013162,2024-10-12 19:50:00,2024,10,12,19,50,50,50129,DELAVILLE ( AVENUE),49.63569,-1.62333,Nuit avec éclairage allumé,En agglomération,Intersection en T,Normale,Deux véhicules - côté,4,2,2,0,1,1,1,0,1,30,2,3,2,0,0,1,16.0,79.0,deux_roues,voiture,5,2,3,1,3
202400013162,2024-10-12 19:50:00,2024,10,12,19,50,50,50129,DELAVILLE ( AVENUE),49.63569,-1.62333,Nuit avec éclairage allumé,En agglomération,Intersection en T,Normale,Deux véhicules - côté,4,2, -1,-1,1,1,1,0,1,30,2,3,2,0,0,1,16.0,79.0,deux_roues,voiture,5,2,3,1,3
202400013163,2024-03-13 17:00:00,2024,3,13,17,0,58,58194,MARIENNES,46.995,3.15074,Plein jour,En agglomération,Hors intersection,Normale,Autre collision,4,1,0,0,2,1,1,0,4,50,1,2,1,0,0,1,17.0,,deux_roues,,1,2,1,1,6
202400013164,2024-03-14 16:45:00,2024,3,14,16,45,58,58194,TREIZIEME DE LIGNE,46.99231,3.14581,Plein jour,En agglomération,Intersection en T,Normale,Deux véhicules - côté,4,1,1,0,1,1,1,0,1,30,2,2,1,0,0,1,25.0,39.0,deux_roues,voiture,1,2,3,1,3
202400013164,2024-03-14 16:45:00,2024,3,14,16,45,58,58194,TREIZIEME DE LIGNE,46.99231,3.14581,Plein jour,En agglomération,Intersection en T,Normale,Deux véhicules - côté,4,2,2,0,1,1,1,0,1,30,2,2,1,0,0,1,25.0,39.0,deux_roues,voiture,1,2,3,1,3
202400013165,2024-03-15 13:43:00,2024,3,15,13,43,56,56260,Boulevard des Îles,47.65254,-2.78538,Plein jour,En agglomération,Hors intersection,Normale,Sans collision,4,1,1,0,1,1,1,8,1,50,2,3,2,0,0,1,78.0,51.0,voiture,transport_commun,1,2,1,1,7
202400013166,2024-03-14 13:10:00,2024,3,14,13,10,56,56121,BELGIQUE (RUE  DE ),47.76169,-3.38839,Plein jour,En agglomération,Hors intersection,Normale,Autre collision,4,2,2,0,1,1,1,0,3,30,1,1,0,0,0,1,56.0,,voiture,,1,2,1,1,6
202400013167,2024-03-14 19:05:00,2024,3,14,19,5,54,54395,Boulevard Albert 1er,48.69633,6.16727,Nuit avec éclairage allumé,En agglomération,Intersection en X,Normale,Deux véhicules - côté,4,2,4,3,1,1,1,0,1,50,2,4,3,0,0,1,24.0,38.0,voiture,voiture,5,2,2,1,3
202400013167,2024-03-14 19:05:00,2024,3,14,19,5,54,54395,Boulevard Albert 1er,48.69633,6.16727,Nuit avec éclairage allumé,En agglomération,Intersection en X,Normale,Deux véhicules - côté,4,2,3,0,2,1,1,0,1,30,2,4,3,0,0,1,24.0,38.0,voiture,voiture,5,2,2,1,3
202400013168,2024-03-14 08:30:00,2024,3,14,8,30,54,54547,Avenue de la Forêt de Haye,48.65216,6.13717,Plein jour,En agglomération,Hors intersection,Temps couvert,Autre collision,4,3,2,1,1,1,1,0,1,50,1,1,0,0,0,1,64.0,,voiture,,1,2,1,8,6
202400013169,2024-03-15 15:40:00,2024,3,15,15,40,51,51454,EPERNAY (AVENUE D') COTE PAIR,49.23193,4.01416,Plein jour,En agglomération,Intersection en X,Pluie légère,Deux véhicules - côté,4,2,2,0,1,1,2,0,1,50,2,5,4,0,0,1,46.0,30.0,voiture,utilitaire_camion,1,2,2,2,3
202400013169,2024-03-15 15:40:00,2024,3,15,15,40,51,51454,EPERNAY (AVENUE D') COTE PAIR,49.23193,4.01416,Plein jour,En agglomération,Intersection en X,Pluie légère,Deux véhicules - côté,4,2,2,0,1,1,2,0,1,50,2,5,4,0,0,1,46.0,30.0,voiture,utilitaire_camion,1,2,2,2,3
202400013170,2024-03-12 18:45:00,2024,3,12,18,45,49,49007,GANDHI,47.46827,-0.52041,Plein jour,En agglomération,Hors intersection,Normale,Deux véhicules - côté,4,2,2,0,1,1,1,0,1,50,2,2,1,0,0,1,56.0,23.0,voiture,deux_roues,1,2,1,1,3
202400013171,2024-03-12 20:05:00,2024,3,12,20,5,44,44162,Boulevard Marcel Paul,47.22905,-1.63019,Nuit avec éclairage allumé,En agglomération,Hors intersection,Normale,Autre collision,6,-1,0,0,1,1,1,0,8,30,1,1,0,0,1,0,28.0,,deux_roues,,5,2,1,1,6
202400013172,2024-03-15 19:22:00,2024,3,15,19,22,38,38185,GAMBETTA (BOULEVARD),45.1912,5.72133,Nuit avec éclairage allumé,En agglomération,Intersection en X,Normale,Deux véhicules - frontale,4,2,3,0,1,1,1,0,1,50,2,2,1,0,0,1,26.0,37.0,voiture,deux_roues,5,2,2,1,1
202400013172,2024-03-15 19:22:00,2024,3,15,19,22,38,38185,GAMBETTA (BOULEVARD),45.1912,5.72133,Nuit avec éclairage allumé,En agglomération,Intersection en X,Normale,Deux véhicules - frontale,4,2, -1,-1,1,1,1,0,1,-1,2,2,1,0,0,1,26.0,37.0,voiture,deux_roues,5,2,2,1,1
202400013173,2024-03-15 07:20:00,2024,3,15,7,20,38,38185,EAUX CLAIRES (RUE DES),45.17777028,5.71015745,Plein jour,En agglomération,Intersection en T,Normale,Deux véhicules - côté,4,3,4,1,1,1,1,0,5,30,2,2,1,0,0,1,60.0,58.0,voiture,deux_roues,1,2,3,1,3
202400013173,2024-03-15 07:20:00,2024,3,15,7,20,38,38185,EAUX CLAIRES (RUE DES),45.17777028,5.71015745,Plein jour,En agglomération,Intersection en T,Normale,Deux véhicules - côté,4,2, -1,-1,1,1,1,0,1,-1,2,2,1,0,0,1,60.0,58.0,voiture,deux_roues,1,2,3,1,3
202400013174,2024-03-14 18:25:00,2024,3,14,18,25,36,36202,Route de Niherne,46.80437381,1.62784701,Plein jour,En agglomération,Hors intersection,Normale,Deux véhicules - côté,3,2,2,0,1,1,1,0,1,30,2,2,1,0,1,0,69.0,18.0,voiture,deux_roues,1,2,1,1,3
202400013175,2024-03-15 18:00:00,2024,3,15,18,0,34,34172,JEANBRAU (AVENUE DU PROFESSEUR EMILE),43.63639,3.86429,Crépuscule ou aube,En agglomération,Hors intersection,Normale,Autre collision,4,2,2,0,1,1,1,0,1,30,1,2,1,0,1,0,47.0,,voiture,,2,2,1,1,6
202400013176,2024-03-15 09:30:00,2024,3,15,9,30,34,34032,VOIE COMMUNALE NR.13,43.32785,3.17621,Plein jour,Hors agglomération,Hors intersection,Normale,Autre collision,4,2,1,0,4,1,1,2,1,10,1,2,0,0,2,0,27.0,,voiture,,1,1,1,1,6
202400013177,2024-03-15 18:20:00,2024,3,15,18,20,33,33281,,44.832481,-0.64551,Plein jour,En agglomération,Hors intersection,Normale,Autre collision,4,2,2,3,1,1,1,0,6,50,1,2,1,0,0,1,26.0,,voiture,,1,2,1,1,6
202400013178,2024-03-13 16:57:00,2024,3,13,16,57,31,31555,RUE JULES AMILHAU,43.58206053,1.41487867,Plein jour,En agglomération,Hors intersection,Normale,Autre collision,4,-1,0,0,1,1,1,6,1,50,1,4,2,0,1,1,22.0,,deux_roues,,1,2,1,1,6
202400013179,2024-03-15 08:42:00,2024,3,15,8,42,27,27681,JAURES (BOULEVARD JAURES),49.095,1.467,Plein jour,En agglomération,Hors intersection,Normale,Deux véhicules - arrière,4,2,2,0,1,1,1,0,1,50,2,2,0,0,0,2,43.0,37.0,voiture,voiture,1,2,1,1,2
202400013180,2024-03-14 16:45:00,2024,3,14,16,45,27,27229,BOUIN (RUE JEAN),49.021548,1.127385,Plein jour,En agglomération,Hors intersection,Normale,Deux véhicules - côté,4,2,2,0,1,1,1,0,1,50,2,2,1,0,1,0,63.0,58.0,deux_roues,voiture,1,2,1,1,3
202400013181,2024-03-14 11:03:00,2024,3,14,11,3,27,27229,NOBEL (RUE ALFRED),49.022178,1.184281,Plein jour,En agglomération,Hors intersection,Normale,Sans collision,4,2,2,0,1,1,1,0,1,50,1,1,0,0,0,1,29.0,,deux_roues,,1,2,1,1,7
202400013182,2024-03-15 23:25:00,2024,3,15,23,25,22,22278,MONGE,48.50248,-2.73783,Nuit avec éclairage allumé,En agglomération,Giratoire,Normale,Deux véhicules - côté,4,1,2,0,1,3,1,0,1,30,2,2,1,0,0,1,44.0,19.0,voiture,deux_roues,5,2,6,1,3
202400013182,2024-03-15 23:25:00,2024,3,15,23,25,22,22278,MONGE,48.50248,-2.73783,Nuit avec éclairage allumé,En agglomération,Giratoire,Normale,Deux véhicules - côté,4,1,2,0,1,3,1,0,1,30,2,2,1,0,0,1,44.0,19.0,voiture,deux_roues,5,2,6,1,3
202400013183,2024-03-14 11:10:00,2024,3,14,11,10,15,15014,Boulevard Jean Jaures,44.933377,2.450215,Plein jour,En agglomération,Hors intersection,Normale,Autre collision,4,1,1,0,1,1,1,0,1,50,1,1,0,0,0,1,40.0,,voiture,,1,2,1,1,6
202400013184,2024-03-14 06:50:00,2024,3,14,6,50,15,15014,RN 122,44.91241,2.4395,Crépuscule ou aube,En agglomération,Hors intersection,Normale,Deux véhicules - côté,2,3,4,0,2,1,1,8,1,50,2,2,1,0,0,1,51.0,52.0,utilitaire_camion,voiture,2,2,1,1,3
202400013185,2024-03-14 18:35:00,2024,3,14,18,35,14,14271,4 Rue Serge Rouzière,49.14832,-0.3763,Plein jour,En agglomération,Autre intersection,Normale,Deux véhicules - côté,4,2, -1,0,3,1,1,0,1,50,2,3,2,0,1,0,18.0,46.0,deux_roues,voiture,1,2,9,1,3
202400013185,2024-03-14 18:35:00,2024,3,14,18,35,14,14271,4 Rue Serge Rouzière,49.14832,-0.3763,Plein jour,En agglomération,Autre intersection,Normale,Deux véhicules - côté,4,-1,2,0,2,1,1,0,1,50,2,3,2,0,1,0,18.0,46.0,deux_roues,voiture,1,2,9,1,3
202400013186,2024-03-14 09:00:00,2024,3,14,9,0,14,14327,6 Avenue de Dubna,49.21398,-0.35249,Plein jour,En agglomération,Intersection en T,Normale,Deux véhicules - arrière,4,2,2,0,1,1,1,5,1,30,2,2,1,0,0,1,19.0,20.0,voiture,deux_roues,1,2,3,1,2
202400013186,2024-03-14 09:00:00,2024,3,14,9,0,14,14327,6 Avenue de Dubna,49.21398,-0.35249,Plein jour,En agglomération,Intersection en T,Normale,Deux véhicules - arrière,4,2,2,0,1,1,1,5,1,30,2,2,1,0,0,1,19.0,20.0,voiture,deux_roues,1,2,3,1,2
202400013187,2024-02-11 14:54:00,2024,2,11,14,54,14,14125,D7,49.23262,-0.3725,Plein jour,Hors agglomération,Hors intersection,Temps couvert,Autre collision,3,1,2,0,1,1,1,0,1,90,1,2,1,0,0,1,30.0,,voiture,,1,1,1,8,6
202400013188,2024-03-15 17:20:00,2024,3,15,17,20,13,13063,NORD AVENUE DU,43.59915,5.00603,Plein jour,En agglomération,Autre intersection,Normale,Deux véhicules - côté,4,1,1,0,1,1,1,6,6,30,1,2,1,0,0,1,,,deux_roues,,1,2,9,1,3
202400013189,2024-03-15 15:00:00,2024,3,15,15,0,13,13028,ROVARCH (AVENUE PIERRE),43.19218,5.60446,Plein jour,En agglomération,Giratoire,Normale,Deux véhicules - côté,4,1,2,0,1,1,1,0,1,50,2,2,1,0,1,0,59.0,78.0,deux_roues,voiture,1,2,6,1,3
202400013190,2024-03-15 12:45:00,2024,3,15,12,45,13,13005,BON CIVET (CHEMIN DU),43.2782,5.55315,Plein jour,En agglomération,Hors intersection,Normale,Deux véhicules - côté,4,2,2,0,1,2,1,0,1,50,2,3,2,0,0,1,57.0,74.0,voiture,voiture,1,2,1,1,3
202400013191,2024-03-12 12:00:00,2024,3,12,12,0,13,13005,DIX NEUF MARS 1962 (AVENUE DU),43.28816,5.57182,Plein jour,En agglomération,Intersection en T,Normale,Deux véhicules - côté,4,2,2,0,1,1,1,0,1,30,2,2,1,0,0,1,36.0,26.0,deux_roues,voiture,1,2,3,1,3
202400013191,2024-03-12 12:00:00,2024,3,12,12,0,13,13005,DIX NEUF MARS 1962 (AVENUE DU),43.28816,5.57182,Plein jour,En agglomération,Intersection en T,Normale,Deux véhicules - côté,4,2,2,0,2,1,1,0,1,30,2,2,1,0,0,1,36.0,26.0,deux_roues,voiture,1,2,3,1,3
202400013192,2024-03-15 15:54:00,2024,3,15,15,54,06,06088,Rue Verdi,43.69959,7.25927,Plein jour,En agglomération,Intersection en X,Normale,Autre collision,4,1,1,0,1,1,1,0,1,50,1,2,1,1,0,0,20.0,,deux_roues,,1,2,2,1,6
202400013192,2024-03-15 15:54:00,2024,3,15,15,54,06,06088,Rue Verdi,43.69959,7.25927,Plein jour,En agglomération,Intersection en X,Normale,Autre collision,4,1,1,1,1,1,1,0,1,50,1,2,1,1,0,0,20.0,,deux_roues,,1,2,2,1,6
202400013193,2024-03-15 18:50:00,2024,3,15,18,50,06,06069,89 Avenue Pierre Sémard,43.654966,6.927344,Crépuscule ou aube,En agglomération,Hors intersection,Normale,Autre collision,3,2,2,0,2,1,1,0,1,50,1,2,1,0,0,1,87.0,,voiture,,2,2,1,1,6
202400013194,2024-03-15 11:45:00,2024,3,15,11,45,06,06027,Avenue Général Leclerc,43.6578,7.16408,Plein jour,En agglomération,Intersection en T,Normale,Autre collision,4,1,1,0,1,1,1,6,1,20,1,2,1,0,1,0,61.0,,utilitaire_camion,,1,2,3,1,6
202400013194,2024-03-15 11:45:00,2024,3,15,11,45,06,06027,Avenue Général Leclerc,43.6578,7.16408,Plein jour,En agglomération,Intersection en T,Normale,Autre collision,4,2,2,0,1,1,1,6,1,20,1,2,1,0,1,0,61.0,,utilitaire_camion,,1,2,3,1,6
202400013195,2024-03-15 07:50:00,2024,3,15,7,50,06,06027,Rue du Chevalier Martin,43.66438,7.14998,Plein jour,En agglomération,Hors intersection,Normale,Autre collision,7,2,2,0,1,1,1,6,1,30,1,2,1,0,0,1,40.0,,voiture,,1,2,1,1,6
202400013196,2024-03-15 01:30:00,2024,3,15,1,30,06,06004,1971 Route de Nice,43.61708,7.1293,Nuit sans éclairage public,Hors agglomération,Hors intersection,Normale,Autre collision,3,2,2,0,1,1,1,0,1,70,1,1,0,0,1,0,32.0,,deux_roues,,3,1,1,1,6
202400013197,2024-03-15 20:10:00,2024,3,15,20,10,01,01053,LYON (AVENUE DE - N° PAIRS),46.19427,5.21416,Nuit avec éclairage allumé,En agglomération,Hors intersection,Temps couvert,Sans collision,3,3,2,1,1,1,1,0,4,50,1,1,0,0,0,1,77.0,,voiture,,5,2,1,8,7
202400013198,2024-03-15 18:20:00,2024,3,15,18,20,75,75120,RUE DES AMANDIERS,48.867311,2.389019,Plein jour,En agglomération,Intersection en X,Normale,Deux véhicules - arrière,4,2, -1,0,1,1,1,0,1,30,2,2,1,0,1,0,33.0,68.0,voiture,voiture,1,2,2,1,2
202400013198,2024-03-15 18:20:00,2024,3,15,18,20,75,75120,RUE DES AMANDIERS,48.867311,2.389019,Plein jour,En agglomération,Intersection en X,Normale,Deux véhicules - arrière,4,1,1,0,1,1,1,0,1,30,2,2,1,0,1,0,33.0,68.0,voiture,voiture,1,2,2,1,2
202400013199,2024-03-15 15:28:00,2024,3,15,15,28,75,75120,BOULEVARD DE BELLEVILLE,48.872117,2.377058,Plein jour,En agglomération,Intersection en X,Normale,Autre collision,4,1,1,0,1,1,1,0,1,30,1,2,1,0,0,1,,,deux_roues,,1,2,2,1,6
202400013199,2024-03-15 15:28:00,2024,3,15,15,28,75,75120,BOULEVARD DE BELLEVILLE,48.872117,2.377058,Plein jour,En agglomération,Intersection en X,Normale,Autre collision,4,1, -1,-1,1,1,1,0,1,30,1,2,1,0,0,1,,,deux_roues,,1,2,2,1,6
202400013200,2024-03-15 14:00:00,2024,3,15,14,0,75,75119,AVENUE SIMON BOLIVAR,48.874187,2.383876,Plein jour,En agglomération,Hors intersection,Normale,Deux véhicules - côté,4,2,2,1,1,1,2,0,1,30,2,2,1,0,0,1,62.0,23.0,utilitaire_camion,deux_roues,1,2,1,1,3
202400013201,2024-03-15 13:10:00,2024,3,15,13,10,75,75118,RUE FIRMIN GEMIER,48.895119,2.330498,Plein jour,En agglomération,Hors intersection,Temps couvert,Autre collision,4,1,1,0,1,1,1,0,1,30,1,2,1,0,0,1,24.0,,deux_roues,,1,2,1,8,6