accident_id,datetime,annee,mois,jour,heure,minute,departement,commune_insee,adresse,latitude,longitude,luminosite,agglomeration,intersection,meteo,collision,catr,circ,nbv,vosp,prof,plan,surf,infra,situ,vma,nb_vehicules,nb_usagers,nb_indemnes,nb_tues,nb_blesses_hosp,nb_blesses_legers,age_cond_1,age_cond_2,veh_type_cond_1,veh_type_cond_2,lum_code,agg_code,int_code,atm_code,col_code
202400013334,2024-07-01 11:00:00,2024,7,1,11,0,34,34012,Chemin de Font Mejeanne,43.70038,3.682979,Plein jour,En agglomération,Intersection en T,Normale,Deux véhicules - frontale,9,2, -1,-1,1,1,1,0,6,-1,2,2,1,0,0,1,42.0,42.0,voiture,voiture,1,2,3,1,1
202400013334,2024-07-01 11:00:00,2024,7,1,11,0,34,34012,Chemin de Font Mejeanne,43.70038,3.682979,Plein jour,En agglomération,Intersection en T,Normale,Deux véhicules - frontale,9,-1,1,0,1,1,1,0,1,30,2,2,1,0,0,1,42.0,42.0,voiture,voiture,1,2,3,1,1
202400013335,2024-03-15 14:50:00,2024,3,15,14,50,33,33063,,44.882682,-0.551695,Plein jour,Hors agglomération,Hors intersection,Normale,Autre collision,1,3,6,0,2,1,1,2,1,70,1,1,0,0,0,1,24.0,,voiture,,1,1,1,1,6
202400013336,2024-07-03 18:25:00,2024,7,3,18,25,39,39269,,46.362374,5.706939,Plein jour,Hors agglomération,Intersection en T,Temps couvert,Trois véhicules et plus - collisions multiples,3,2,2,0,1,1,2,2,1,90,3,3,1,0,0,2,42.0,51.0,utilitaire_camion,utilitaire_camion,1,1,3,8,5
202400013336,2024-07-03 18:25:00,2024,7,3,18,25,39,39269,,46.362374,5.706939,Plein jour,Hors agglomération,Intersection en T,Temps couvert,Trois véhicules et plus - collisions multiples,3,2,2,-1,1,1,2,5,8,70,3,3,1,0,0,2,42.0,51.0,utilitaire_camion,utilitaire_camion,1,1,3,8,5
202400013337,2024-07-03 23:30:00,2024,7,3,23,30,25,25278,D492 PR 48+100,47.222537,6.296437,Nuit sans éclairage public,Hors agglomération,Hors intersection,Normale,Autre collision,3,2,2,0,4,1,1,0,3,90,1,2,0,1,1,0,38.0,,voiture,,3,1,1,1,6
202400013338,2024-03-14 09:00:00,2024,3,14,9,0,33,33550,,44.7849,-0.54212,Plein jour,Hors agglomération,Hors intersection,Normale,Deux véhicules - arrière,1,3,6,0,1,1,1,0,1,90,2,2,1,0,0,1,39.0,40.0,voiture,deux_roues,1,1,1,1,2
202400013339,2024-07-03 19:08:00,2024,7,3,19,8,38,38473,Chemin de Viriville,45.355082,5.232078,Plein jour,Hors agglomération,Intersection en X,Normale,Deux véhicules - côté,4,2,2,0,1,1,1,0,1,80,2,2,0,0,0,2,31.0,56.0,voiture,voiture,1,1,2,1,3
202400013340,2024-06-30 17:30:00,2024,6,30,17,30,01,01420,Avenue du Port,46.166642,4.793423,Plein jour,En agglomération,Hors intersection,Normale,Deux véhicules - côté,3,2,2,0,1,1,1,2,1,50,2,2,1,0,0,1,28.0,44.0,voiture,voiture,1,2,1,1,3
202400013341,2024-07-04 14:30:00,2024,7,4,14,30,01,01093,Route de Saint Trivier,46.108964,4.941825,Plein jour,Hors agglomération,Hors intersection,Normale,Deux véhicules - frontale,3,2,2,0,1,1,1,0,1,80,2,2,0,0,0,2,58.0,32.0,voiture,voiture,1,1,1,1,1
202400013342,2024-03-15 04:35:00,2024,3,15,4,35,78,78158,A13,48.84139,2.10646,Nuit sans éclairage public,Hors agglomération,Hors intersection,Normale,Autre collision,1,-1,4,0,1,1,2,0,1,90,1,1,0,0,0,1,23.0,,voiture,,3,1,1,1,6
202400013343,2024-06-29 15:10:00,2024,6,29,15,10,01,01072,RD979,46.184234,5.305058,Plein jour,Hors agglomération,Hors intersection,Normale,Deux véhicules - côté,3,2,2,0,2,1,1,0,1,80,2,5,4,0,0,1,47.0,45.0,voiture,voiture,1,1,1,1,3
202400013344,2024-07-04 16:19:00,2024,7,4,16,19,70,70075,D12,47.340697,5.699206,Plein jour,Hors agglomération,Hors intersection,Normale,Sans collision,3,2,2,0,1,2,1,0,1,-1,1,1,0,0,0,1,55.0,,deux_roues,,1,1,1,1,7
202400013345,2024-03-14 19:30:00,2024,3,14,19,30,92,92064,A13,48.83709107,2.18731042,Nuit sans éclairage public,Hors agglomération,Hors intersection,Normale,Deux véhicules - arrière,1,-1,3,0,1,1,1,0,1,110,2,3,2,0,0,1,20.0,72.0,deux_roues,voiture,3,1,1,1,2
202400013346,2024-07-04 13:35:00,2024,7,4,13,35,66,66003,Avenue Beausoleil,42.481312,2.678191,Plein jour,En agglomération,Giratoire,Normale,Deux véhicules - côté,3,2,1,0,1,2,1,0,1,50,2,2,1,0,0,1,11.0,58.0,deux_roues,utilitaire_camion,1,2,6,1,3
202400013347,2024-07-01 17:30:00,2024,7,1,17,30,06,06074,Route du Val de Lantousca,43.95809601,7.29930985,Plein jour,Hors agglomération,Hors intersection,Normale,Autre collision,7,2,2,0,2,3,1,0,1,80,1,1,0,1,0,0,61.0,,deux_roues,,1,1,1,1,6
202400013348,2024-07-04 04:30:00,2024,7,4,4,30,06,06119,M2205 PK 67+360,44.327056,6.859524,Nuit sans éclairage public,Hors agglomération,Hors intersection,Normale,Sans collision,7,2,2,0,2,2,1,0,1,80,1,1,0,0,1,0,39.0,,utilitaire_camion,,3,1,1,1,7
202400013349,2024-03-15 19:15:00,2024,3,15,19,15,93,93005,A104,48.97262523,2.49400692,Nuit sans éclairage public,Hors agglomération,Hors intersection,Pluie forte,Deux véhicules - côté,1,1,6,0,1,1,2,0,1,70,2,2,0,0,0,2,35.0,23.0,voiture,voiture,3,1,1,3,3
202400013350,2024-07-04 17:55:00,2024,7,4,17,55,06,06032,12 Route Moyenne Corniche,43.727935,7.407769,Plein jour,Hors agglomération,Hors intersection,Normale,Sans collision,7,2,1,0,1,3,1,0,1,70,1,1,0,0,0,1,46.0,,deux_roues,,1,1,1,1,7
202400013351,2024-07-04 11:45:00,2024,7,4,11,45,06,06150,46 Route de Menton,43.750398,7.406286,Plein jour,En agglomération,Autre intersection,Normale,Deux véhicules - côté,3,2,2,0,1,1,1,0,1,50,2,3,2,0,0,1,29.0,24.0,voiture,deux_roues,1,2,9,1,3
202400013352,2024-03-15 13:00:00,2024,3,15,13,0,93,93027,A1,48.93750528,2.41176005,Plein jour,Hors agglomération,Hors intersection,Normale,Deux véhicules - côté,1,3,10,0,2,1,1,3,1,110,2,2,1,0,0,1,33.0,43.0,voiture,utilitaire_camion,1,1,1,1,3
202400013353,2024-07-03 17:15:00,2024,7,3,17,15,14,14229,3 Rue Emile Nicol,49.231533,-0.047066,Plein jour,En agglomération,Hors intersection,Normale,Deux véhicules - côté,4,2,2,0,1,1,1,0,1,50,2,2,0,0,0,2,17.0,16.0,deux_roues,deux_roues,1,2,1,1,3
202400013354,2024-03-14 20:30:00,2024,3,14,20,30,95,95572,N184,49.04851178,2.13475699,Nuit sans éclairage public,Hors agglomération,Hors intersection,Normale,Autre collision,2,1,2,0,1,3,1,0,3,50,1,1,0,0,0,1,60.0,,voiture,,3,1,1,1,6
202400013355,2024-07-03 21:45:00,2024,7,3,21,45,64,64453,38 Chemin de l?Aumette,43.179164,-0.10849,Crépuscule ou aube,En agglomération,Hors intersection,Normale,Sans collision,4,2,2,0,1,1,1,0,1,50,1,2,1,0,1,0,19.0,,deux_roues,,2,2,1,1,7
202400013356,2024-03-14 14:00:00,2024,3,14,14,0,95,95582,A15,48.96616526,2.25770962,Plein jour,Hors agglomération,Hors intersection,Normale,Deux véhicules - côté,1,3,4,0,1,1,1,0,1,110,2,2,1,0,0,1,43.0,58.0,voiture,deux_roues,1,1,1,1,3
202400013357,2024-07-03 18:20:00,2024,7,3,18,20,43,43221,Rd 589,44.98484083,3.71234963,Plein jour,Hors agglomération,Hors intersection,Normale,Deux véhicules - côté,3,2,2,0,2,2,1,0,1,90,2,2,1,0,1,0,17.0,61.0,voiture,deux_roues,1,1,1,1,3
202400013358,2024-03-14 08:50:00,2024,3,14,8,50,93,93053,A3,48.88722551,2.47394088,Plein jour,Hors agglomération,Hors intersection,Normale,Trois véhicules et plus - collisions multiples,1,1,2,0,1,1,1,0,1,70,3,3,2,0,0,1,35.0,47.0,deux_roues,deux_roues,1,1,1,1,5
202400013359,2024-07-03 16:45:00,2024,7,3,16,45,16,16281,,45.73437,0.371754,Plein jour,En agglomération,Hors intersection,Normale,Autre collision,4,2,2,0,2,1,1,0,1,30,1,1,0,0,0,1,47.0,,voiture,,1,2,1,1,6
202400013360,2024-07-03 07:49:00,2024,7,3,7,49,85,85213,106 la greffelière,46.574902,-1.343694,Plein jour,Hors agglomération,Hors intersection,Normale,Sans collision,3,2,2,0,2,3,1,0,8,80,1,1,0,0,1,0,17.0,,deux_roues,,1,1,1,1,7
202400013361,2024-03-13 18:00:00,2024,3,13,18,0,93,93001,A86,48.92145,2.37534,Plein jour,Hors agglomération,Hors intersection,Normale,Sans collision,1,3,4,0,2,3,1,0,1,90,1,1,0,0,0,1,29.0,,deux_roues,,1,1,1,1,7
202400013362,2024-03-14 14:34:00,2024,3,14,14,34,988,98818,N°2 RUE DES GAIACS,-22.27274,166.45077,Plein jour,En agglomération,Hors intersection,Normale,Autre collision,4,2,2,0,1,1,1,0,1,30,1,3,1,1,0,1,81.0,,voiture,,1,2,1,1,6
202400013363,2024-07-02 18:00:00,2024,7,2,18,0,37,37266,D17,47.29108174,0.73466787,Plein jour,En agglomération,Hors intersection,Normale,Autre collision,3,2,2,0,1,1,1,0,1,50,1,2,1,0,0,1,42.0,,voiture,,1,2,1,1,6
202400013364,2024-03-13 14:46:00,2024,3,13,14,46,987,98735,REMPARTS (RUE BLOC KIKIRIRI),-17.534228,-149.567319,Plein jour,En agglomération,Place,Normale,Deux véhicules - côté,2,3,4,0,1,1,1,0,1,50,2,2,1,0,0,1,44.0,28.0,deux_roues,voiture,1,2,7,1,3
202400013365,2024-07-03 16:00:00,2024,7,3,16,0,30,30100,route neuve,44.001239,4.202244,Plein jour,En agglomération,Hors intersection,Normale,Deux véhicules - côté,4,2,2,0,2,1,1,0,1,50,2,2,1,0,1,0,18.0,50.0,deux_roues,utilitaire_camion,1,2,1,1,3
202400013366,2024-03-14 07:10:00,2024,3,14,7,10,976,97611,passamanty-Vahibé ( route ),-12.801,45.208,Plein jour,En agglomération,Hors intersection,Normale,Deux véhicules - côté,3,2,2,0,1,1,1,0,1,50,2,2,1,0,0,1,52.0,29.0,voiture,deux_roues,1,2,1,1,3
202400013367,2024-07-04 05:20:00,2024,7,4,5,20,52,52212,Route de Saint-Urbain,48.40086263,5.15895188,Crépuscule ou aube,Hors agglomération,Autre intersection,Normale,Deux véhicules - côté,3,2,2,0,1,1,2,0,3,70,2,2,1,0,1,0,57.0,43.0,voiture,deux_roues,2,1,9,1,3
202400013367,2024-07-04 05:20:00,2024,7,4,5,20,52,52212,Route de Saint-Urbain,48.40086263,5.15895188,Crépuscule ou aube,Hors agglomération,Autre intersection,Normale,Deux véhicules - côté,3,2,2,0,1,1,-1,9,1,-1,2,2,1,0,1,0,57.0,43.0,voiture,deux_roues,2,1,9,1,3
202400013368,2024-03-15 03:45:00,2024,3,15,3,45,974,97411,DESBASSYNS (CHEMIN),-20.89097,55.48016,Nuit avec éclairage allumé,En agglomération,Autre intersection,Pluie légère,Deux véhicules - côté,4,2,4,0,1,1,2,0,1,50,2,2,1,0,1,0,21.0,,deux_roues,voiture,5,2,9,2,3
202400013369,2024-07-04 11:24:00,2024,7,4,11,24,31,31588,Chemin de Cote Goubard,43.530876,1.369506,Plein jour,En agglomération,Intersection en T,Normale,Deux véhicules - côté,7,2,2,3,1,1,1,5,1,50,2,2,1,1,0,0,32.0,48.0,deux_roues,utilitaire_camion,1,2,3,1,3
202400013369,2024-07-04 11:24:00,2024,7,4,11,24,31,31588,Chemin de Cote Goubard,43.530876,1.369506,Plein jour,En agglomération,Intersection en T,Normale,Deux véhicules - côté,7,2,2,0,1,1,1,0,1,50,2,2,1,1,0,0,32.0,48.0,deux_roues,utilitaire_camion,1,2,3,1,3
202400013370,2024-07-03 18:10:00,2024,7,3,18,10,13,13044,N569,43.6202286,5.0150945,Plein jour,Hors agglomération,Hors intersection,Normale,Deux véhicules - arrière,2,2,2,0,1,1,1,0,1,80,2,2,1,0,0,1,26.0,57.0,voiture,deux_roues,1,1,1,1,2
202400013371,2024-03-14 16:50:00,2024,3,14,16,50,974,97411,JAURES (BLD 1 JEAN),-20.88966,55.45208,Plein jour,En agglomération,Hors intersection,Normale,Trois véhicules et plus - en chaîne,2,2,2,0,1,1,1,0,1,50,3,6,5,0,0,1,44.0,49.0,utilitaire_camion,voiture,1,2,1,1,4
202400013372,2024-03-13 17:48:00,2024,3,13,17,48,973,97302,FELIX EBOUE(ROCADE),4.92953,-52.3152,Crépuscule ou aube,En agglomération,Hors intersection,Normale,Autre collision,3,2,2,0,1,1,1,0,1,50,1,2,1,0,0,1,74.0,,voiture,,2,2,1,1,6
202400013373,2024-07-03 19:38:00,2024,7,3,19,38,66,66108,41 Avenue du 8 Mai 1945,42.693898,2.696709,Plein jour,En agglomération,Intersection en T,Normale,Deux véhicules - côté,3,2,2,0,1,1,1,5,1,50,2,2,1,0,1,0,66.0,16.0,voiture,deux_roues,1,2,3,1,3
202400013373,2024-07-03 19:38:00,2024,7,3,19,38,66,66108,41 Avenue du 8 Mai 1945,42.693898,2.696709,Plein jour,En agglomération,Intersection en T,Normale,Deux véhicules - côté,3,2,2,-1,1,1,1,0,8,50,2,2,1,0,1,0,66.0,16.0,voiture,deux_roues,1,2,3,1,3
202400013374,2024-03-13 15:05:00,2024,3,13,15,5,973,97302,MOLE,4.93607727,-52.33240306,Plein jour,En agglomération,Hors intersection,Normale,Autre collision,4,1,1,0,1,1,1,0,1,50,1,2,1,0,0,1,41.0,,utilitaire_camion,,1,2,1,1,6
202400013375,2024-07-04 08:50:00,2024,7,4,8,50,13,13065,D17,43.692685,4.918549,Plein jour,Hors agglomération,Hors intersection,Temps éblouissant,Deux véhicules - arrière,3,2,2,0,1,1,1,0,1,80,2,2,1,0,1,0,19.0,64.0,utilitaire_camion,deux_roues,1,1,1,7,2
202400013376,2024-03-13 13:00:00,2024,3,13,13,0,973,97302,HOMAT(CITE),4.92682,-52.31935,Plein jour,En agglomération,Hors intersection,Pluie légère,Deux véhicules - côté,4,1,1,0,1,1,2,0,1,50,2,2,1,0,0,1,17.0,38.0,deux_roues,voiture,1,2,1,2,3
202400013377,2024-07-02 07:50:00,2024,7,2,7,50,987,98747,RT1 face magasin NATURELAND TARAVAO,-17.756,-148.736,Plein jour,En agglomération,Hors intersection,Normale,Deux véhicules - frontale,2,2,2,0,1,1,1,0,1,40,1,2,1,0,1,0,24.0,,deux_roues,,1,2,1,1,1
202400013378,2024-03-14 13:30:00,2024,3,14,13,30,69,69383,Rue Voltaire,45.75785,4.84879,Plein jour,En agglomération,Intersection en X,Normale,Deux véhicules - côté,4,1,1,0,1,1,1,0,1,30,2,2,1,0,1,0,25.0,53.0,voiture,deux_roues,1,2,2,1,3
202400013378,2024-03-14 13:30:00,2024,3,14,13,30,69,69383,Rue Voltaire,45.75785,4.84879,Plein jour,En agglomération,Intersection en X,Normale,Deux véhicules - côté,4,1,1,0,1,1,1,0,1,30,2,2,1,0,1,0,25.0,53.0,voiture,deux_roues,1,2,2,1,3
202400013379,2024-07-03 11:30:00,2024,7,3,11,30,974,97420,74 Avenue Pierre Mendès France,-20.904963,55.605599,Plein jour,En agglomération,Hors intersection,Normale,Autre collision,2,2,2,0,1,1,1,0,1,50,1,3,2,0,1,0,37.0,,voiture,,1,2,1,1,6
202400013380,2024-03-08 09:40:00,2024,3,8,9,40,69,69386,Rue Vauban,45.76625986,4.85944733,Plein jour,En agglomération,Intersection en X,Normale,Deux véhicules - côté,4,1,1,0,1,1,1,0,1,50,2,2,1,0,0,1,28.0,29.0,voiture,voiture,1,2,2,1,3
202400013380,2024-03-08 09:40:00,2024,3,8,9,40,69,69386,Rue Vauban,45.76625986,4.85944733,Plein jour,En agglomération,Intersection en X,Normale,Deux véhicules - côté,4,1,2,1,1,1,1,0,8,30,2,2,1,0,0,1,28.0,29.0,voiture,voiture,1,2,2,1,3
202400013381,2024-07-03 12:25:00,2024,7,3,12,25,974,97408,N1,-20.909613,55.357039,Plein jour,Hors agglomération,Hors intersection,Normale,Deux véhicules - arrière,2,3,4,0,1,1,1,0,1,90,2,2,1,0,1,0,38.0,63.0,voiture,deux_roues,1,1,1,1,2
202400013382,2024-03-14 08:06:00,2024,3,14,8,6,2B,2B033,SAMPIERO CORSO - AV,42.67372,9.44384,Plein jour,Hors agglomération,Hors intersection,Normale,Deux véhicules - arrière,2,1,2,0,1,1,1,0,1,70,2,2,1,1,0,0,32.0,39.0,utilitaire_camion,deux_roues,1,1,1,1,2
202400013383,2024-07-03 18:15:00,2024,7,3,18,15,971,97117,Rue Sainte Marguerite,16.376469,-61.413381,Plein jour,Hors agglomération,Hors intersection,Pluie légère,Deux véhicules - frontale,3,1,2,0,1,1,2,0,1,80,2,3,2,0,1,0,28.0,64.0,deux_roues,voiture,1,1,1,2,1
202400013384,2024-07-04 09:00:00,2024,7,4,9,0,45,45198,D2152 PR 14 + 638,48.20453,2.288407,Plein jour,Hors agglomération,Hors intersection,Normale,Deux véhicules - frontale,3,2,2,0,1,1,1,0,1,90,2,2,0,0,1,1,23.0,29.0,voiture,utilitaire_camion,1,1,1,1,1
202400013385,2024-03-13 19:40:00,2024,3,13,19,40,95,95203,D928,48.99407959,2.27972093,Nuit avec éclairage allumé,En agglomération,Intersection en X,Normale,Deux véhicules - frontale,3,2,2,0,1,1,1,5,4,50,2,5,0,0,0,5,30.0,35.0,voiture,voiture,5,2,2,1,1
202400013385,2024-03-13 19:40:00,2024,3,13,19,40,95,95203,D928,48.99407959,2.27972093,Nuit avec éclairage allumé,En agglomération,Intersection en X,Normale,Deux véhicules - frontale,3,2,2,0,1,1,1,5,4,50,2,5,0,0,0,5,30.0,35.0,voiture,voiture,5,2,2,1,1
202400013386,2024-03-14 12:10:00,2024,3,14,12,10,91,91471,GUY MOQUET (RUE),48.70045,2.19227,Plein jour,En agglomération,Hors intersection,Normale,Autre collision,4,2,2,0,1,1,1,0,1,50,1,1,0,0,0,1,80.0,,voiture,,1,2,1,1,6
202400013387,2024-07-01 15:00:00,2024,7,1,15,0,77,77437,N330,49.026276,2.815847,Plein jour,Hors agglomération,Hors intersection,Normale,Trois véhicules et plus - collisions multiples,2,2,2,0,2,1,1,0,1,80,3,6,5,0,1,0,24.0,57.0,voiture,utilitaire_camion,1,1,1,1,5
202400013388,2024-03-14 23:50:00,2024,3,14,23,50,91,91589,BD ARISTIDE BRIAND,48.69069,2.3615,Nuit avec éclairage allumé,En agglomération,Hors intersection,Pluie légère,Autre collision,3,-1,2,0,1,2,2,0,4,50,1,2,0,0,0,2,25.0,,utilitaire_camion,,5,2,1,2,6
202400013389,2024-07-03 23:30:00,2024,7,3,23,30,2A,2A247,#82 Avenue de Bastia#,41.604163,9.27711,Nuit avec éclairage allumé,En agglomération,Hors intersection,Normale,Deux véhicules - frontale,2,2,2,0,1,1,1,0,1,50,2,4,3,0,1,0,56.0,29.0,deux_roues,utilitaire_camion,5,2,1,1,1
202400013390,2024-02-25 00:55:00,2024,2,25,0,55,91,91027,FRANCOIS MITTERRAND (AVENUE),48.71362,2.37123,Nuit avec éclairage allumé,En agglomération,Hors intersection,Temps couvert,Autre collision,3,2,0,0,1,1,2,1,1,50,1,2,1,0,0,1,49.0,,voiture,,5,2,1,8,6
202400013391,2024-07-04 11:40:00,2024,7,4,11,40,30,30128,route de nimes,43.739065,4.343312,Plein jour,Hors agglomération,Hors intersection,Normale,Deux véhicules - côté,3,2,2,0,1,1,1,0,1,80,2,2,1,0,0,1,18.0,36.0,deux_roues,voiture,1,1,1,1,3
202400013392,2024-02-23 21:20:00,2024,2,23,21,20,91,91228,AV DE L ORME A MARTIN,48.63111,2.41523,Nuit avec éclairage allumé,En agglomération,Intersection en X,Normale,Deux véhicules - frontale,4,2,2,0,1,1,1,0,1,50,2,2,1,0,0,1,50.0,22.0,voiture,deux_roues,5,2,2,1,1
202400013392,2024-02-23 21:20:00,2024,2,23,21,20,91,91228,AV DE L ORME A MARTIN,48.63111,2.41523,Nuit avec éclairage allumé,En agglomération,Intersection en X,Normale,Deux véhicules - frontale,4,2,2,0,1,1,1,9,1,50,2,2,1,0,0,1,50.0,22.0,voiture,deux_roues,5,2,2,1,1
202400013393,2024-07-03 17:50:00,2024,7,3,17,50,11,11099,,43.25982483,2.39579137,Plein jour,Hors agglomération,Intersection en T,Normale,Deux véhicules - côté,3,2,2,0,1,1,1,0,1,80,2,2,1,1,0,0,54.0,75.0,deux_roues,voiture,1,1,3,1,3
202400013393,2024-07-03 17:50:00,2024,7,3,17,50,11,11099,,43.25982483,2.39579137,Plein jour,Hors agglomération,Intersection en T,Normale,Deux véhicules - côté,3,1, -1,-1,1,1,1,0,1,-1,2,2,1,1,0,0,54.0,75.0,deux_roues,voiture,1,1,3,1,3
202400013394,2024-03-13 16:40:00,2024,3,13,16,40,84,84087,POURTOULES (COURS),44.135,4.811,Plein jour,En agglomération,Intersection en T,Normale,Deux véhicules - arrière,4,1,1,0,1,1,1,0,1,50,2,2,1,0,0,1,30.0,58.0,voiture,deux_roues,1,2,3,1,2
202400013394,2024-03-13 16:40:00,2024,3,13,16,40,84,84087,POURTOULES (COURS),44.135,4.811,Plein jour,En agglomération,Intersection en T,Normale,Deux véhicules - arrière,4,2,2,0,1,1,1,0,1,50,2,2,1,0,0,1,30.0,58.0,voiture,deux_roues,1,2,3,1,2
202400013395,2024-03-14 00:55:00,2024,3,14,0,55,84,84007,AERODROME  (ROUTE DE L')-MONTFAVET,43.91594,4.88913,Nuit avec éclairage allumé,En agglomération,Giratoire,Normale,Autre collision,4,2,2,0,1,1,1,5,1,50,1,1,0,0,0,1,40.0,,voiture,,5,2,6,1,6
202400013395,2024-03-14 00:55:00,2024,3,14,0,55,84,84007,AERODROME  (ROUTE DE L')-MONTFAVET,43.91594,4.88913,Nuit avec éclairage allumé,En agglomération,Giratoire,Normale,Autre collision,4,2,2,0,1,1,1,5,1,50,1,1,0,0,0,1,40.0,,voiture,,5,2,6,1,6
202400013396,2024-07-04 12:20:00,2024,7,4,12,20,26,26124,A7 PK078.900 sens nord-sud,44.833721,4.861847,Plein jour,Hors agglomération,Hors intersection,Normale,Deux véhicules - côté,1,-1,3,0,1,1,1,0,1,130,2,5,3,0,0,2,24.0,62.0,deux_roues,voiture,1,1,1,1,3
202400013397,2024-03-13 05:20:00,2024,3,13,5,20,84,84007,CHARLES DE GAULLE,43.92962,4.82095,Nuit sans éclairage public,En agglomération,Intersection en X,Normale,Deux véhicules - côté,4,3,4,0,1,1,1,5,1,50,2,2,0,0,0,2,31.0,46.0,voiture,voiture,3,2,2,1,3
202400013397,2024-03-13 05:20:00,2024,3,13,5,20,84,84007,CHARLES DE GAULLE,43.92962,4.82095,Nuit sans éclairage public,En agglomération,Intersection en X,Normale,Deux véhicules - côté,4,2,2,0,1,1,1,5,1,50,2,2,0,0,0,2,31.0,46.0,voiture,voiture,3,2,2,1,3
202400013398,2024-03-14 16:40:00,2024,3,14,16,40,83,83069,LOUBES (ROUTE DES),43.1134572,6.10164133,Plein jour,Hors agglomération,Hors intersection,Normale,Autre collision,3,2,2,0,1,1,1,0,3,70,1,1,0,0,1,0,24.0,,deux_roues,,1,1,1,1,6
202400013399,2024-07-04 11:40:00,2024,7,4,11,40,26,26362,A7 PK71.500 sens sud-nord,44.926777,4.880558,Plein jour,Hors agglomération,Hors intersection,Normale,Deux véhicules - arrière,1,-1,3,0,1,3,1,0,1,90,2,4,1,0,0,3,48.0,65.0,voiture,voiture,1,1,1,1,2
202400013400,2024-03-14 20:35:00,2024,3,14,20,35,78,78551,LOGES (AVENUE DES),48.94854,2.07401,Nuit sans éclairage public,Hors agglomération,Autre intersection,Normale,Deux véhicules - frontale,4,-1,1,0,1,1,1,1,1,50,2,3,2,0,1,0,28.0,40.0,deux_roues,voiture,3,1,9,1,1
202400013401,2024-07-04 05:20:00,2024,7,4,5,20,21,21295,D931,47.230454,5.000914,Plein jour,Hors agglomération,Hors intersection,Normale,Deux véhicules - frontale,3,2,2,0,1,3,1,0,1,70,2,2,0,0,2,0,61.0,32.0,utilitaire_camion,voiture,1,1,1,1,1
202400013402,2024-03-13 18:00:00,2024,3,13,18,0,77,77438,SAINT GERMAIN DES NOYERS  (AVENUE),48.85473,2.66664,Plein jour,En agglomération,Autre intersection,Normale,Autre collision,4,2,2,0,2,1,1,0,1,50,1,2,1,0,0,1,24.0,,voiture,,1,2,9,1,6
202400013402,2024-03-13 18:00:00,2024,3,13,18,0,77,77438,SAINT GERMAIN DES NOYERS  (AVENUE),48.85473,2.66664,Plein jour,En agglomération,Autre intersection,Normale,Autre collision,4,3,2,0,1,3,1,0,1,50,1,2,1,0,0,1,24.0,,voiture,,1,2,9,1,6
202400013403,2024-07-04 07:35:00,2024,7,4,7,35,55,55553,D958,48.78937698,5.632535,Plein jour,Hors agglomération,Hors intersection,Pluie forte,Autre collision,3,2,2,0,1,4,2,0,8,90,1,1,0,0,1,0,22.0,,voiture,,1,1,1,3,6
202400013404,2024-07-03 22:40:00,2024,7,3,22,40,38,38349,Route des Alpes,45.319519,4.769834,Nuit avec éclairage allumé,En agglomération,Intersection en Y,Normale,Autre collision,3,2,2,0,1,3,1,0,4,50,1,1,0,1,0,0,23.0,,deux_roues,,5,2,4,1,6
202400013404,2024-07-03 22:40:00,2024,7,3,22,40,38,38349,Route des Alpes,45.319519,4.769834,Nuit avec éclairage allumé,En agglomération,Intersection en Y,Normale,Autre collision,3,2,2,0,1,1,1,0,4,50,1,1,0,1,0,0,23.0,,deux_roues,,5,2,4,1,6
202400013405,2024-03-14 13:50:00,2024,3,14,13,50,76,76351,ESTIENNE D'ORVES (D'),49.516007,0.097179,Plein jour,En agglomération,Intersection en T,Normale,Autre collision,4,2,1,0,1,1,1,0,1,30,1,2,1,0,0,1,68.0,,voiture,,1,2,3,1,6
202400013405,2024-03-14 13:50:00,2024,3,14,13,50,76,76351,ESTIENNE D'ORVES (D'),49.516007,0.097179,Plein jour,En agglomération,Intersection en T,Normale,Autre collision,4,2,1,0,1,1,1,0,1,50,1,2,1,0,0,1,68.0,,voiture,,1,2,3,1,6
202400013406,2024-03-13 14:20:00,2024,3,13,14,20,76,76351,PIERRE FARCIS,49.515432,0.105289,Plein jour,En agglomération,Intersection en X,Normale,Deux véhicules - côté,4,2,2,0,1,1,1,0,1,50,2,2,1,0,0,1,44.0,43.0,voiture,voiture,1,2,2,1,3
202400013406,2024-03-13 14:20:00,2024,3,13,14,20,76,76351,PIERRE FARCIS,49.515432,0.105289,Plein jour,En agglomération,Intersection en X,Normale,Deux véhicules - côté,4,2,2,0,1,1,1,0,1,50,2,2,1,0,0,1,44.0,43.0,voiture,voiture,1,2,2,1,3
202400013407,2024-07-03 15:06:00,2024,7,3,15,6,81,81283,Route de Lincarque,43.936133,1.953941,Plein jour,En agglomération,Intersection en X,Normale,Deux véhicules - côté,3,2,2,0,1,1,1,0,1,50,2,4,2,0,2,0,21.0,42.0,voiture,voiture,1,2,2,1,3
202400013407,2024-07-03 15:06:00,2024,7,3,15,6,81,81283,Route de Lincarque,43.936133,1.953941,Plein jour,En agglomération,Intersection en X,Normale,Deux véhicules - côté,3,2,2,0,1,1,1,0,1,50,2,4,2,0,2,0,21.0,42.0,voiture,voiture,1,2,2,1,3