accident_id,datetime,annee,mois,jour,heure,minute,departement,commune_insee,adresse,latitude,longitude,luminosite,agglomeration,intersection,meteo,collision,catr,circ,nbv,vosp,prof,plan,surf,infra,situ,vma,nb_vehicules,nb_usagers,nb_indemnes,nb_tues,nb_blesses_hosp,nb_blesses_legers,age_cond_1,age_cond_2,veh_type_cond_1,veh_type_cond_2,lum_code,agg_code,int_code,atm_code,col_code
202400013408,2024-03-13 20:35:00,2024,3,13,20,35,76,76351,RAYMOND GUENOT,49.49342,0.10363,Nuit avec éclairage allumé,En agglomération,Passage à niveau,Normale,Deux véhicules - côté,4,2,4,0,1,1,1,4,1,50,2,2,1,0,0,1,58.0,39.0,voiture,transport_commun,5,2,8,1,3
202400013408,2024-03-13 20:35:00,2024,3,13,20,35,76,76351,RAYMOND GUENOT,49.49342,0.10363,Nuit avec éclairage allumé,En agglomération,Passage à niveau,Normale,Deux véhicules - côté,4,2,2,0,1,1,1,4,1,50,2,2,1,0,0,1,58.0,39.0,voiture,transport_commun,5,2,8,1,3
202400013409,2024-07-04 10:35:00,2024,7,4,10,35,65,65059,Avenue Maquis de Payolle,43.058333,0.155311,Plein jour,En agglomération,Hors intersection,Normale,Deux véhicules - côté,3,2,2,0,1,1,1,0,1,50,2,2,1,0,0,1,57.0,70.0,voiture,deux_roues,1,2,1,1,3
202400013410,2024-03-14 17:30:00,2024,3,14,17,30,69,69266,Cours Emile Zola,45.77043,4.87477,Plein jour,En agglomération,Hors intersection,Normale,Deux véhicules - côté,4,2,2,2,1,1,1,0,5,30,2,2,1,0,0,1,,39.0,voiture,deux_roues,1,2,1,1,3
202400013411,2024-07-01 19:15:00,2024,7,1,19,15,31,31478,route de revel,43.448884,1.916234,Plein jour,Hors agglomération,Intersection en X,Temps couvert,Deux véhicules - frontale,3,2,2,-1,1,2,1,5,1,-1,2,3,0,0,1,2,24.0,85.0,voiture,voiture,1,1,2,8,1
202400013411,2024-07-01 19:15:00,2024,7,1,19,15,31,31478,route de revel,43.448884,1.916234,Plein jour,Hors agglomération,Intersection en X,Temps couvert,Deux véhicules - frontale,3,2,2,0,4,1,1,5,1,80,2,3,0,0,1,2,24.0,85.0,voiture,voiture,1,1,2,8,1
202400013412,2024-03-13 17:15:00,2024,3,13,17,15,69,69290,Chemin de Saint Bonnet de Mure,45.68957,4.98279,Plein jour,En agglomération,Hors intersection,Normale,Sans collision,4,2,2,0,1,1,1,0,1,50,1,1,0,0,0,1,24.0,,deux_roues,,1,2,1,1,7
202400013413,2024-07-04 15:00:00,2024,7,4,15,0,16,16061,,45.7250768,0.25843083,Plein jour,Hors agglomération,Intersection en X,Normale,Deux véhicules - côté,3,2,2,0,1,1,1,0,1,70,2,3,0,0,1,2,55.0,80.0,voiture,voiture,1,1,2,1,3
202400013413,2024-07-04 15:00:00,2024,7,4,15,0,16,16061,,45.7250768,0.25843083,Plein jour,Hors agglomération,Intersection en X,Normale,Deux véhicules - côté,3,2,2,0,1,1,1,0,1,50,2,3,0,0,1,2,55.0,80.0,voiture,voiture,1,1,2,1,3
202400013414,2024-03-13 15:30:00,2024,3,13,15,30,69,69290,Autoroute 43 ,45.71963478,4.93390517,Plein jour,En agglomération,Hors intersection,Normale,Deux véhicules - arrière,1,3,6,0,1,1,1,3,1,90,2,2,1,0,0,1,29.0,37.0,voiture,voiture,1,2,1,1,2
202400013415,2024-07-04 04:00:00,2024,7,4,4,0,29,29042,Tal ar Groas - Route de Crozon (Arrêt de bus),48.24816493,-4.41964801,Nuit avec éclairage allumé,Hors agglomération,Hors intersection,Normale,Autre collision,3,2,2,0,1,1,1,0,3,80,1,1,0,0,1,0,19.0,,voiture,,5,1,1,1,6
202400013416,2024-03-14 16:20:00,2024,3,14,16,20,67,67482,VIENNE (ROUTE DE),48.57303,7.75566,Plein jour,En agglomération,Hors intersection,Normale,Autre collision,4,2,2,1,1,1,1,0,5,50,1,2,1,0,0,1,26.0,,deux_roues,,1,2,1,1,6
202400013417,2024-07-04 03:30:00,2024,7,4,3,30,35,35228,D266,48.58669169,-2.06926136,Nuit sans éclairage public,Hors agglomération,Hors intersection,Normale,Sans collision,3,2,2,0,1,2,1,0,3,80,1,1,0,0,0,1,21.0,,voiture,,3,1,1,1,7
202400013418,2024-03-14 09:45:00,2024,3,14,9,45,67,67043,TRIAGE (RUE DU),48.62025,7.7203,Plein jour,Hors agglomération,Hors intersection,Normale,Deux véhicules - côté,4,2,2,3,1,1,1,0,1,50,2,2,1,0,0,1,59.0,26.0,voiture,deux_roues,1,1,1,1,3
202400013419,2024-06-26 09:30:00,2024,6,26,9,30,59,59025,Rue de Verdun,50.59419641,2.82858253,Plein jour,En agglomération,Giratoire,Normale,Deux véhicules - côté,7,2,2,0,1,1,1,9,1,50,2,2,1,0,0,1,22.0,19.0,voiture,deux_roues,1,2,6,1,3
202400013420,2024-03-13 19:10:00,2024,3,13,19,10,67,67482,KOENIGSHOFFEN (RUE DE),48.58073,7.72774,Nuit avec éclairage allumé,En agglomération,Intersection en T,Temps couvert,Deux véhicules - côté,4,3,2,1,1,1,1,0,1,50,2,3,1,0,1,1,51.0,60.0,utilitaire_camion,deux_roues,5,2,3,8,3
202400013420,2024-03-13 19:10:00,2024,3,13,19,10,67,67482,KOENIGSHOFFEN (RUE DE),48.58073,7.72774,Nuit avec éclairage allumé,En agglomération,Intersection en T,Temps couvert,Deux véhicules - côté,4,2,2,0,1,1,1,0,1,50,2,3,1,0,1,1,51.0,60.0,utilitaire_camion,deux_roues,5,2,3,8,3
202400013421,2024-07-03 08:55:00,2024,7,3,8,55,13,13212,A507 sens Marseille - Aubagne,43.29737,5.42476,Plein jour,En agglomération,Hors intersection,Normale,Trois véhicules et plus - en chaîne,1,3,4,0,2,1,1,1,1,70,4,4,2,0,0,2,39.0,35.0,voiture,voiture,1,2,1,1,4
202400013422,2024-03-14 07:30:00,2024,3,14,7,30,66,66136,Avenue de la SALANQUE,42.72763,2.9044,Plein jour,Hors agglomération,Hors intersection,Normale,Trois véhicules et plus - en chaîne,3,2,2,0,1,1,1,0,1,80,3,3,1,0,0,2,54.0,25.0,voiture,voiture,1,1,1,1,4
202400013423,2024-07-03 13:20:00,2024,7,3,13,20,69,69007,Autoroute 7  ,45.50620909,4.84125726,Plein jour,Hors agglomération,Autre intersection,Normale,Autre collision,1,3,6,0,2,2,1,0,1,90,1,1,0,0,1,0,69.0,,voiture,,1,1,9,1,6
202400013424,2024-03-13 18:40:00,2024,3,13,18,40,64,64102,SOULT (AVENUE MARECHAL),43.48583,-1.49106,Crépuscule ou aube,En agglomération,Hors intersection,Temps éblouissant,Autre collision,3,3,4,3,4,1,1,9,1,50,1,3,1,0,2,0,48.0,,voiture,,2,2,1,7,6
202400013425,2024-07-03 15:15:00,2024,7,3,15,15,78,78362,A13,48.973384,1.729487,Plein jour,Hors agglomération,Hors intersection,Normale,Deux véhicules - arrière,1,3,3,0,1,1,1,0,1,110,2,2,1,0,0,1,63.0,23.0,voiture,utilitaire_camion,1,1,1,1,2
202400013426,2024-07-02 20:20:00,2024,7,2,20,20,92,92036,A86,48.93704302,2.29351401,Plein jour,Hors agglomération,Hors intersection,Normale,Deux véhicules - arrière,1,1,2,0,1,1,1,0,1,90,2,2,1,0,0,1,28.0,24.0,utilitaire_camion,utilitaire_camion,1,1,1,1,2
202400013427,2024-03-13 17:30:00,2024,3,13,17,30,64,64024,BARTHES (CHEMIN DES),43.49142,-1.49606,Plein jour,En agglomération,Hors intersection,Normale,Deux véhicules - côté,4,2,5,3,1,3,1,0,1,50,2,2,1,0,0,1,22.0,58.0,voiture,deux_roues,1,2,1,1,3
202400013428,2024-07-01 17:35:00,2024,7,1,17,35,92,92025,A86,48.93367421,2.25327642,Plein jour,Hors agglomération,Hors intersection,Normale,Deux véhicules - côté,1,1,2,0,1,1,1,0,1,70,2,3,2,0,0,1,47.0,56.0,deux_roues,voiture,1,1,1,1,3
202400013429,2024-03-13 07:20:00,2024,3,13,7,20,64,64140,DOUANE (QUAI DE LA),43.52248,-1.48994,Plein jour,En agglomération,Intersection en T,Normale,Deux véhicules - frontale,3,2,2,0,1,1,1,0,1,50,2,2,1,0,0,1,48.0,59.0,deux_roues,transport_commun,1,2,3,1,1
202400013429,2024-03-13 07:20:00,2024,3,13,7,20,64,64140,DOUANE (QUAI DE LA),43.52248,-1.48994,Plein jour,En agglomération,Intersection en T,Normale,Deux véhicules - frontale,3,2,3,0,1,2,1,0,1,50,2,2,1,0,0,1,48.0,59.0,deux_roues,transport_commun,1,2,3,1,1
202400013430,2024-07-03 16:30:00,2024,7,3,16,30,93,93007,AUTOROUTE A3,48.93230265,2.48082971,Plein jour,Hors agglomération,Hors intersection,Normale,Deux véhicules - côté,1,3,8,0,1,1,1,0,1,110,2,2,1,0,0,1,56.0,37.0,deux_roues,voiture,1,1,1,1,3
202400013431,2024-03-14 13:55:00,2024,3,14,13,55,63,63014,LANDAIS (AVENUE DES),45.76406,3.11277,Plein jour,En agglomération,Hors intersection,Normale,Deux véhicules - arrière,7,-1,2,0,1,1,1,0,1,50,2,2,1,0,0,1,43.0,81.0,voiture,voiture,1,2,1,1,2
202400013432,2024-07-03 07:00:00,2024,7,3,7,0,95,95351,N104,49.038495,2.48439157,Plein jour,Hors agglomération,Hors intersection,Normale,Deux véhicules - arrière,2,3,2,0,2,1,1,0,1,110,2,3,2,0,0,1,32.0,19.0,utilitaire_camion,voiture,1,1,1,1,2
202400013433,2024-07-02 20:25:00,2024,7,2,20,25,95,95252,A15,48.97788631,2.23221621,Plein jour,Hors agglomération,Hors intersection,Normale,Deux véhicules - côté,1,3,4,0,1,1,1,0,2,110,2,2,1,0,0,1,43.0,46.0,voiture,deux_roues,1,1,1,1,3
202400013434,2024-03-14 18:20:00,2024,3,14,18,20,62,62186,D58,50.43936722,2.71912458,Plein jour,En agglomération,Intersection en T,Normale,Deux véhicules - frontale,3,2,2,0,1,1,1,0,1,50,2,2,1,0,0,1,21.0,51.0,voiture,deux_roues,1,2,3,1,1
202400013434,2024-03-14 18:20:00,2024,3,14,18,20,62,62186,D58,50.43936722,2.71912458,Plein jour,En agglomération,Intersection en T,Normale,Deux véhicules - frontale,3,2,2,0,1,1,1,0,1,50,2,2,1,0,0,1,21.0,51.0,voiture,deux_roues,1,2,3,1,1
202400013435,2024-07-02 18:50:00,2024,7,2,18,50,95,95582,A15,48.97011903,2.249862,Plein jour,Hors agglomération,Hors intersection,Normale,Deux véhicules - arrière,1,3,4,0,1,1,1,0,1,110,2,2,1,0,0,1,23.0,23.0,voiture,voiture,1,1,1,1,2
202400013436,2024-03-14 09:15:00,2024,3,14,9,15,59,59599,Rue de Roubaix,50.709647,3.167533,Plein jour,En agglomération,Hors intersection,Normale,Sans collision,4,2,2,0,1,1,1,0,1,50,1,1,0,0,0,1,34.0,,deux_roues,,1,2,1,1,7
202400013437,2024-07-02 19:40:00,2024,7,2,19,40,93,93066,AUTOROUTE A86,48.92651876,2.33646316,Plein jour,Hors agglomération,Hors intersection,Normale,Deux véhicules - arrière,1,3,4,0,1,1,1,0,1,90,2,3,2,0,1,0,58.0,25.0,voiture,deux_roues,1,1,1,1,2
202400013438,2024-03-14 07:25:00,2024,3,14,7,25,59,59220,Rue Anatole France,50.60601,3.06465,Plein jour,En agglomération,Intersection en X,Normale,Autre collision,4,2,2,0,1,1,1,0,1,30,1,2,1,0,0,1,57.0,,voiture,,1,2,2,1,6
202400013438,2024-03-14 07:25:00,2024,3,14,7,25,59,59220,Rue Anatole France,50.60601,3.06465,Plein jour,En agglomération,Intersection en X,Normale,Autre collision,4,2,2,0,1,1,1,0,1,30,1,2,1,0,0,1,57.0,,voiture,,1,2,2,1,6
202400013439,2024-07-03 03:30:00,2024,7,3,3,30,94,94004,Avenue du Général Leclerc,48.74381089,2.51253033,Nuit avec éclairage non allumé,Hors agglomération,Hors intersection,Normale,Deux véhicules - arrière,2,3,2,0,1,1,1,0,1,90,2,2,1,0,1,0,46.0,25.0,deux_roues,voiture,4,1,1,1,2
202400013440,2024-01-16 14:15:00,2024,1,16,14,15,91,91692,CANADA (AVENUE DU),48.687501,2.196691,Plein jour,En agglomération,Hors intersection,Normale,Deux véhicules - côté,4,2,1,0,1,1,1,0,1,50,2,2,1,0,0,1,19.0,48.0,deux_roues,voiture,1,2,1,1,3
202400013441,2024-03-13 15:00:00,2024,3,13,15,0,56,56121,Boulevard de Normandie,47.75953,-3.36743,Plein jour,En agglomération,Intersection en T,Normale,Deux véhicules - côté,4,1,1,0,3,1,1,0,1,30,2,2,1,0,0,1,34.0,61.0,voiture,deux_roues,1,2,3,1,3
202400013441,2024-03-13 15:00:00,2024,3,13,15,0,56,56121,Boulevard de Normandie,47.75953,-3.36743,Plein jour,En agglomération,Intersection en T,Normale,Deux véhicules - côté,4,2,2,0,2,1,1,0,1,30,2,2,1,0,0,1,34.0,61.0,voiture,deux_roues,1,2,3,1,3
202400013442,2024-03-13 23:30:00,2024,3,13,23,30,54,54395,Rue des Tiercelins,48.69019,6.18759,Nuit avec éclairage allumé,En agglomération,Intersection en T,Normale,Deux véhicules - frontale,4,1,1,0,1,1,1,0,1,30,2,2,1,0,0,1,34.0,22.0,deux_roues,voiture,5,2,3,1,1
202400013442,2024-03-13 23:30:00,2024,3,13,23,30,54,54395,Rue des Tiercelins,48.69019,6.18759,Nuit avec éclairage allumé,En agglomération,Intersection en T,Normale,Deux véhicules - frontale,4,1,1,2,1,1,1,-1,1,30,2,2,1,0,0,1,34.0,22.0,deux_roues,voiture,5,2,3,1,1
202400013443,2024-03-29 07:45:00,2024,3,29,7,45,14,14654,Route de Crèvecœur,49.047011,-0.014613,Plein jour,Hors agglomération,Hors intersection,Normale,Sans collision,3,2,2,0,1,1,1,0,1,90,1,2,0,0,0,2,71.0,,voiture,,1,1,1,1,7
202400013444,2024-03-14 18:00:00,2024,3,14,18,0,54,54451,Rue de Boismont,49.507136,5.752529,Crépuscule ou aube,Hors agglomération,Hors intersection,Normale,Sans collision,4,2,2,0,4,1,7,0,1,80,1,1,0,0,0,1,46.0,,voiture,,2,1,1,1,7
202400013445,2024-03-23 22:00:00,2024,3,23,22,0,49,49099,TOURAINE (BOULEVARD DE),47.07168,-0.8547,Nuit sans éclairage public,En agglomération,Hors intersection,Normale,Sans collision,3,3,0,0,1,2,1,0,1,50,1,1,0,0,1,0,30.0,,deux_roues,,3,2,1,1,7
202400013446,2024-03-12 20:00:00,2024,3,12,20,0,50,50129,ABBAYE (RUE DE L'),49.64335,-1.62882,Nuit avec éclairage allumé,En agglomération,Intersection en T,Normale,Deux véhicules - côté,4,2,2,0,1,1,1,0,1,30,2,2,1,0,0,1,61.0,24.0,voiture,voiture,5,2,3,1,3
202400013446,2024-03-12 20:00:00,2024,3,12,20,0,50,50129,ABBAYE (RUE DE L'),49.64335,-1.62882,Nuit avec éclairage allumé,En agglomération,Intersection en T,Normale,Deux véhicules - côté,4,1,1,0,1,1,1,0,1,30,2,2,1,0,0,1,61.0,24.0,voiture,voiture,5,2,3,1,3
202400013447,2024-03-12 19:15:00,2024,3,12,19,15,49,49267,CHENE VERT,47.47101,-0.51539,Nuit avec éclairage allumé,En agglomération,Hors intersection,Normale,Autre collision,4,2,2,0,1,1,1,0,3,50,1,1,0,0,0,1,24.0,,voiture,,5,2,1,1,6
202400013448,2024-02-24 23:00:00,2024,2,24,23,0,49,49099,RICHARD (BOULEVARD GUSTAVE),47.06225,-0.8805,Nuit sans éclairage public,En agglomération,Intersection en T,Normale,Autre collision,4,1,1,0,1,1,1,0,1,50,1,2,1,0,1,0,26.0,,voiture,,3,2,3,1,6
202400013448,2024-02-24 23:00:00,2024,2,24,23,0,49,49099,RICHARD (BOULEVARD GUSTAVE),47.06225,-0.8805,Nuit sans éclairage public,En agglomération,Intersection en T,Normale,Autre collision,4,2,2,0,2,1,1,0,1,50,1,2,1,0,1,0,26.0,,voiture,,3,2,3,1,6
202400013449,2024-03-12 17:01:00,2024,3,12,17,1,49,49007,PASTEUR AVENUE,47.472,-0.541,Plein jour,En agglomération,Hors intersection,Normale,Deux véhicules - côté,4,2,2,0,1,1,1,0,1,30,2,2,1,0,0,1,37.0,64.0,deux_roues,voiture,1,2,1,1,3
202400013450,2024-04-20 19:20:00,2024,4,20,19,20,16,16271,,45.613,0.181,Plein jour,En agglomération,Hors intersection,Normale,Deux véhicules - frontale,4,2,2,0,3,3,1,0,1,50,2,6,0,0,4,2,50.0,24.0,voiture,voiture,1,2,1,1,1
202400013451,2024-03-14 08:30:00,2024,3,14,8,30,45,45285,90 Rue Croix Baudu,47.9214,1.88362,Plein jour,En agglomération,Hors intersection,Normale,Autre collision,4,2,2,2,1,1,1,0,1,50,1,2,1,0,1,0,54.0,,transport_commun,,1,2,1,1,6
202400013452,2024-06-26 17:00:00,2024,6,26,17,0,976,97611,mamoudzou centre-Haladi Selemani ( rue ),-12.77956,45.22752,Plein jour,En agglomération,Hors intersection,Normale,Autre collision,4,2,2,0,1,1,1,0,1,50,1,2,1,0,0,1,37.0,,voiture,,1,2,1,1,6
202400013453,2024-03-14 22:00:00,2024,3,14,22,0,41,41226,Route de Paris,47.80653943,1.07209301,Nuit avec éclairage allumé,En agglomération,Intersection en X,Normale,Deux véhicules - côté,2,-1,2,0,1,1,1,0,1,50,2,2,0,0,0,2,22.0,25.0,autre,autre,5,2,2,1,3
202400013453,2024-03-14 22:00:00,2024,3,14,22,0,41,41226,Route de Paris,47.80653943,1.07209301,Nuit avec éclairage allumé,En agglomération,Intersection en X,Normale,Deux véhicules - côté,2,-1,4,0,1,1,1,0,1,50,2,2,0,0,0,2,22.0,25.0,autre,autre,5,2,2,1,3
202400013454,2024-07-02 18:35:00,2024,7,2,18,35,974,97416,LEBLOND 1 (RUE MARIUS ET ARY),-21.33492,55.46408,Nuit avec éclairage allumé,En agglomération,Intersection en T,Normale,Autre collision,4,2,3,0,1,1,1,0,1,50,1,2,1,0,0,1,39.0,,voiture,,5,2,3,1,6
202400013454,2024-07-02 18:35:00,2024,7,2,18,35,974,97416,LEBLOND 1 (RUE MARIUS ET ARY),-21.33492,55.46408,Nuit avec éclairage allumé,En agglomération,Intersection en T,Normale,Autre collision,4,2,2,0,1,1,1,0,1,50,1,2,1,0,0,1,39.0,,voiture,,5,2,3,1,6
202400013455,2024-03-13 19:50:00,2024,3,13,19,50,38,38151,AVENUE DE KIMBERLEY,45.14808,5.73466,Nuit avec éclairage allumé,En agglomération,Giratoire,Normale,Deux véhicules - frontale,4,3,4,1,1,3,1,0,5,50,2,2,1,1,0,0,79.0,29.0,voiture,deux_roues,5,2,6,1,1
202400013455,2024-03-13 19:50:00,2024,3,13,19,50,38,38151,AVENUE DE KIMBERLEY,45.14808,5.73466,Nuit avec éclairage allumé,En agglomération,Giratoire,Normale,Deux véhicules - frontale,4,3,2,1,1,3,1,0,5,50,2,2,1,1,0,0,79.0,29.0,voiture,deux_roues,5,2,6,1,1
202400013456,2024-07-02 09:40:00,2024,7,2,9,40,974,97416,LEBLOND 1 (RUE MARIUS ET ARY),-21.33,55.47,Plein jour,En agglomération,Autre intersection,Normale,Deux véhicules - côté,4,2,0,0,1,1,1,0,1,50,2,2,1,0,0,1,69.0,23.0,voiture,voiture,1,2,9,1,3
202400013457,2024-03-13 19:50:00,2024,3,13,19,50,37,37261,HEURTELOUP (BOULEVARD),47.39053,0.69181,Nuit avec éclairage allumé,En agglomération,Place,Normale,Autre collision,4,2,4,0,1,1,1,5,8,30,1,2,1,0,0,1,32.0,,voiture,,5,2,7,1,6
202400013458,2024-07-02 22:45:00,2024,7,2,22,45,974,97409,MASCAREIGNES (Avenue des),-20.94204,55.64733,Nuit avec éclairage allumé,En agglomération,Hors intersection,Normale,Autre collision,4,2,2,0,1,1,1,0,1,50,1,2,0,0,0,2,37.0,,voiture,,5,2,1,1,6
202400013459,2024-03-14 09:35:00,2024,3,14,9,35,37,37261,POMPIDOU (AVENUE GEORGES),47.38358,0.7111,Plein jour,En agglomération,Hors intersection,Normale,Deux véhicules - arrière,4,2,3,0,4,1,1,0,1,50,2,2,0,0,0,2,50.0,55.0,voiture,voiture,1,2,1,1,2
202400013460,2024-07-02 18:50:00,2024,7,2,18,50,974,97407,MONPELLIER (RUE),-20.93851,55.29623,Crépuscule ou aube,En agglomération,Hors intersection,Normale,Autre collision,4,1,1,0,1,1,1,9,1,30,1,1,0,0,0,1,57.0,,voiture,,2,2,1,1,6
202400013461,2024-07-01 11:45:00,2024,7,1,11,45,69,69387,Avenue Leclerc,45.74089,4.82747,Plein jour,En agglomération,Hors intersection,Normale,Deux véhicules - côté,4,2,2,2,1,1,1,0,1,30,2,2,0,0,0,2,33.0,37.0,deux_roues,deux_roues,1,2,1,1,3
202400013462,2024-03-13 09:30:00,2024,3,13,9,30,35,35281,RD 177,48.06314,-1.71868,Plein jour,Hors agglomération,Hors intersection,Normale,Trois véhicules et plus - en chaîne,7,3,4,0,1,1,1,0,1,90,3,3,0,0,0,3,53.0,29.0,voiture,voiture,1,1,1,1,4
202400013463,2024-07-01 12:15:00,2024,7,1,12,15,972,97209,RN9,14.6118,-61.04257,Plein jour,Hors agglomération,Hors intersection,Pluie forte,Deux véhicules - arrière,2,2,4,0,2,1,2,0,1,70,2,2,1,0,0,1,23.0,45.0,voiture,voiture,1,1,1,3,2
202400013464,2024-03-13 14:30:00,2024,3,13,14,30,34,34301,RHIN ET DANUBE (QUAI),43.4064,3.69987,Plein jour,En agglomération,Intersection en X,Normale,Autre collision,4,2, -1,-1,1,1,1,2,1,-1,1,2,1,0,0,1,40.0,,voiture,,1,2,2,1,6
202400013464,2024-03-13 14:30:00,2024,3,13,14,30,34,34301,RHIN ET DANUBE (QUAI),43.4064,3.69987,Plein jour,En agglomération,Intersection en X,Normale,Autre collision,4,2,2,0,1,1,1,0,1,50,1,2,1,0,0,1,40.0,,voiture,,1,2,2,1,6
202400013465,2024-07-02 17:44:00,2024,7,2,17,44,2B,2B037,TOUTES RUES,42.61,9.41667,Plein jour,Hors agglomération,Hors intersection,Normale,Trois véhicules et plus - en chaîne,2,3,4,0,1,1,1,0,1,70,3,3,2,0,0,1,75.0,60.0,voiture,voiture,1,1,1,1,4
202400013466,2024-07-01 12:03:00,2024,7,1,12,3,2B,2B033,TOUTES RUES,9.4443,42.6772,Plein jour,En agglomération,Hors intersection,Normale,Deux véhicules - côté,2,1,2,0,3,1,1,5,1,50,2,2,1,0,0,1,44.0,39.0,voiture,voiture,1,2,1,1,3
202400013467,2024-03-14 21:30:00,2024,3,14,21,30,34,34172,LAVERUNE (ROUTE DE,43.601666,3.852174,Nuit avec éclairage allumé,En agglomération,Hors intersection,Normale,Deux véhicules - côté,7,2,2,0,1,1,1,0,1,30,2,2,1,0,0,1,23.0,71.0,voiture,deux_roues,5,2,1,1,3
202400013468,2024-07-01 17:50:00,2024,7,1,17,50,971,97113,RN4 - SECTION RIVIERA,16.21365,-61.47771,Plein jour,Hors agglomération,Hors intersection,Pluie légère,Deux véhicules - arrière,2,2,2,0,1,1,2,0,1,50,2,4,3,0,0,1,40.0,28.0,voiture,voiture,1,1,1,2,2
202400013469,2024-03-14 20:15:00,2024,3,14,20,15,33,33063,,44.83698,-0.60679,Nuit avec éclairage allumé,En agglomération,Intersection en X,Normale,Deux véhicules - côté,4,1,1,1,1,1,1,5,1,50,2,2,1,0,0,1,38.0,56.0,deux_roues,voiture,5,2,2,1,3
202400013469,2024-03-14 20:15:00,2024,3,14,20,15,33,33063,,44.83698,-0.60679,Nuit avec éclairage allumé,En agglomération,Intersection en X,Normale,Deux véhicules - côté,4,1,1,0,1,1,1,0,1,30,2,2,1,0,0,1,38.0,56.0,deux_roues,voiture,5,2,2,1,3
202400013470,2024-07-02 12:00:00,2024,7,2,12,0,91,91552,RTE DE CORBEIL,48.59357,2.26312,Plein jour,En agglomération,Intersection en X,Normale,Deux véhicules - frontale,3,2,2,0,1,1,1,0,1,50,2,2,1,0,1,0,23.0,46.0,deux_roues,voiture,1,2,2,1,1
202400013470,2024-07-02 12:00:00,2024,7,2,12,0,91,91552,RTE DE CORBEIL,48.59357,2.26312,Plein jour,En agglomération,Intersection en X,Normale,Deux véhicules - frontale,3,2,2,0,1,1,1,0,1,50,2,2,1,0,1,0,23.0,46.0,deux_roues,voiture,1,2,2,1,1
202400013470,2024-07-02 12:00:00,2024,7,2,12,0,91,91552,RTE DE CORBEIL,48.59357,2.26312,Plein jour,En agglomération,Intersection en X,Normale,Deux véhicules - frontale,3,2,1,0,2,1,1,0,1,50,2,2,1,0,1,0,23.0,46.0,deux_roues,voiture,1,2,2,1,1
202400013470,2024-07-02 12:00:00,2024,7,2,12,0,91,91552,RTE DE CORBEIL,48.59357,2.26312,Plein jour,En agglomération,Intersection en X,Normale,Deux véhicules - frontale,3,2,3,0,1,1,1,0,1,50,2,2,1,0,1,0,23.0,46.0,deux_roues,voiture,1,2,2,1,1
202400013471,2024-03-14 19:50:00,2024,3,14,19,50,33,33063,,44.85153,-0.58974,Nuit avec éclairage non allumé,En agglomération,Hors intersection,Normale,Autre collision,4,1,1,3,1,1,1,0,1,50,1,2,1,0,0,1,25.0,,deux_roues,,4,2,1,1,6
202400013472,2024-03-14 08:55:00,2024,3,14,8,55,33,33162,,44.87962,-0.62683,Plein jour,En agglomération,Autre intersection,Normale,Autre collision,4,3,4,0,1,1,1,2,1,50,2,2,1,0,1,0,33.0,36.0,voiture,deux_roues,1,2,9,1,6
202400013473,2024-07-01 17:30:00,2024,7,1,17,30,91,91549,GEORGES PITARD (AVENUE),48.64605,2.314219,Plein jour,En agglomération,Intersection en T,Normale,Deux véhicules - côté,4,2,2,0,1,1,1,0,1,50,2,3,1,0,0,2,17.0,19.0,deux_roues,voiture,1,2,3,1,3
202400013473,2024-07-01 17:30:00,2024,7,1,17,30,91,91549,GEORGES PITARD (AVENUE),48.64605,2.314219,Plein jour,En agglomération,Intersection en T,Normale,Deux véhicules - côté,4,1,0,0,1,1,1,0,1,50,2,3,1,0,0,2,17.0,19.0,deux_roues,voiture,1,2,3,1,3
202400013474,2024-03-14 21:00:00,2024,3,14,21,0,31,31555,AGDE (RTE D) DU 1AU 67,43.62535351,1.47548586,Nuit avec éclairage allumé,En agglomération,Hors intersection,Normale,Autre collision,7,2,2,0,2,1,1,0,1,30,1,2,1,0,0,1,35.0,,voiture,,5,2,1,1,6
202400013475,2024-07-01 17:20:00,2024,7,1,17,20,91,91469,ARTONOU (ROUTE D') CD49,48.4028,2.14089,Plein jour,Hors agglomération,Hors intersection,Normale,Trois véhicules et plus - collisions multiples,3,2,2,0,1,1,1,0,1,50,3,4,1,0,0,3,52.0,62.0,voiture,voiture,1,1,1,1,5
202400013476,2024-03-14 15:55:00,2024,3,14,15,55,31,31555,12 LES IZARDS (PERIPH EST A62),43.6488398,1.4353736,Plein jour,En agglomération,Hors intersection,Normale,Trois véhicules et plus - en chaîne,1,1,2,0,1,1,1,0,1,90,3,4,1,0,0,3,46.0,30.0,voiture,utilitaire_camion,1,2,1,1,4
202400013477,2024-03-13 17:10:00,2024,3,13,17,10,30,30007,Quai de Grabieux,44.145344,4.08794,Plein jour,En agglomération,Giratoire,Normale,Sans collision,4,1,1,0,1,2,1,5,1,50,1,1,0,0,1,0,19.0,,deux_roues,,1,2,6,1,7
202400013477,2024-03-13 17:10:00,2024,3,13,17,10,30,30007,Quai de Grabieux,44.145344,4.08794,Plein jour,En agglomération,Giratoire,Normale,Sans collision,4,2,0,0,1,1,1,0,1,50,1,1,0,0,1,0,19.0,,deux_roues,,1,2,6,1,7
202400013478,2024-06-30 06:20:00,2024,6,30,6,20,87,87085,HUGO (BOULEVARD VICTOR),45.8324,1.25668,Crépuscule ou aube,En agglomération,Hors intersection,Normale,Deux véhicules - arrière,4,2,3,0,2,1,1,0,1,30,2,2,1,0,0,1,39.0,22.0,voiture,voiture,2,2,1,1,2
202400013479,2024-03-13 19:30:00,2024,3,13,19,30,29,29019,avenue Victor Le Gorgeu,48.402043,-4.502468,Crépuscule ou aube,En agglomération,Giratoire,Normale,Deux véhicules - côté,4,2,2,0,4,1,1,0,1,50,2,2,1,0,0,1,21.0,26.0,deux_roues,voiture,2,2,6,1,3