accident_id,datetime,annee,mois,jour,heure,minute,departement,commune_insee,adresse,latitude,longitude,luminosite,agglomeration,intersection,meteo,collision,catr,circ,nbv,vosp,prof,plan,surf,infra,situ,vma,nb_vehicules,nb_usagers,nb_indemnes,nb_tues,nb_blesses_hosp,nb_blesses_legers,age_cond_1,age_cond_2,veh_type_cond_1,veh_type_cond_2,lum_code,agg_code,int_code,atm_code,col_code
202400013545,2024-07-02 16:00:00,2024,7,2,16,0,13,13005,CD 2 (CAMP MAJOR),43.2944,5.55732,Plein jour,En agglomération,Intersection en T,Normale,Deux véhicules - côté,3,2,0,0,2,1,1,0,8,50,2,3,1,0,0,2,16.0,62.0,deux_roues,voiture,1,2,3,1,3
202400013546,2024-11-22 11:30:00,2024,11,22,11,30,974,97411,QUATRE VOIES GILLOT (ROUTE A),-20.89636,55.50457,Plein jour,Hors agglomération,Hors intersection,Normale,Deux véhicules - arrière,2,3,4,0,1,1,1,0,1,90,2,3,0,0,0,3,28.0,72.0,voiture,utilitaire_camion,1,1,1,1,2
202400013547,2024-11-22 07:40:00,2024,11,22,7,40,974,97407,BELLEAU REMI(RUELLE),-20.94112,55.29701,Plein jour,En agglomération,Intersection en T,Pluie légère,Deux véhicules - côté,4,1, -1,0,1,1,2,0,1,30,2,2,1,0,1,0,32.0,24.0,voiture,deux_roues,1,2,3,2,3
202400013547,2024-11-22 07:40:00,2024,11,22,7,40,974,97407,BELLEAU REMI(RUELLE),-20.94112,55.29701,Plein jour,En agglomération,Intersection en T,Pluie légère,Deux véhicules - côté,4,1,1,0,1,1,2,0,1,30,2,2,1,0,1,0,32.0,24.0,voiture,deux_roues,1,2,3,2,3
202400013548,2024-07-02 12:15:00,2024,7,2,12,15,13,13001,BROSSOLETTE PIERRE (AV),43.51749984,5.44290478,Plein jour,En agglomération,Hors intersection,Normale,Deux véhicules - arrière,4,2,2,0,2,1,1,0,1,50,3,3,2,0,0,1,43.0,48.0,voiture,voiture,1,2,1,1,2
202400013549,2024-11-21 19:23:00,2024,11,21,19,23,973,97302,ROUTE NATIONALE 1,4.90472057,-52.3186208,Nuit sans éclairage public,Hors agglomération,Hors intersection,Normale,Autre collision,3,2,2,0,1,1,1,0,1,70,1,2,0,0,1,1,25.0,,voiture,,3,1,1,1,6
202400013550,2024-06-24 15:15:00,2024,6,24,15,15,12,12202,GIRATOIRE SAINT LOUIS ( AVENUE DE VABRES,44.36511086,2.57408515,Plein jour,En agglomération,Giratoire,Normale,Deux véhicules - côté,3,2,1,0,1,3,1,5,1,30,2,3,1,0,1,1,76.0,19.0,voiture,deux_roues,1,2,6,1,3
202400013550,2024-06-24 15:15:00,2024,6,24,15,15,12,12202,GIRATOIRE SAINT LOUIS ( AVENUE DE VABRES,44.36511086,2.57408515,Plein jour,En agglomération,Giratoire,Normale,Deux véhicules - côté,3,2,2,0,1,1,1,5,1,30,2,3,1,0,1,1,76.0,19.0,voiture,deux_roues,1,2,6,1,3
202400013551,2024-11-21 17:21:00,2024,11,21,17,21,973,97302,BADUEL (ROUTE DE),4.92699,-52.29,Plein jour,En agglomération,Giratoire,Normale,Deux véhicules - côté,3,2,2,0,1,1,1,0,1,50,2,2,1,0,0,1,56.0,11.0,deux_roues,deux_roues,1,2,6,1,3
202400013552,2024-06-28 01:10:00,2024,6,28,1,10,07,07019,RN 102,44.59842,4.42013,Nuit sans éclairage public,Hors agglomération,Hors intersection,Normale,Autre collision,2,2,2,0,1,1,1,0,3,90,1,1,0,0,1,0,46.0,,utilitaire_camion,,3,1,1,1,6
202400013553,2024-11-21 07:40:00,2024,11,21,7,40,973,97302,ROUTE NATIONALE 1,4.90553387,-52.32324922,Plein jour,Hors agglomération,Hors intersection,Normale,Deux véhicules - côté,2,3,4,0,1,2,1,0,1,90,2,3,1,0,0,2,58.0,19.0,deux_roues,voiture,1,1,1,1,3
202400013554,2024-11-22 20:25:00,2024,11,22,20,25,69,69388,Rue Jean Sarrazin,45.73055,4.86449,Nuit avec éclairage allumé,En agglomération,Intersection en T,Normale,Deux véhicules - côté,4,2,2,0,1,1,1,0,1,30,2,4,1,0,0,3,33.0,55.0,voiture,voiture,5,2,3,1,3
202400013554,2024-11-22 20:25:00,2024,11,22,20,25,69,69388,Rue Jean Sarrazin,45.73055,4.86449,Nuit avec éclairage allumé,En agglomération,Intersection en T,Normale,Deux véhicules - côté,4,2,2,0,1,1,1,0,1,30,2,4,1,0,0,3,33.0,55.0,voiture,voiture,5,2,3,1,3
202400013555,2024-11-22 21:00:00,2024,11,22,21,0,69,69387,Rue Sébastien Gryphe,45.748,4.83906,Nuit avec éclairage allumé,En agglomération,Intersection en X,Normale,Deux véhicules - côté,4,1,1,2,1,1,1,0,1,30,2,2,1,0,0,1,19.0,21.0,voiture,deux_roues,5,2,2,1,3
202400013555,2024-11-22 21:00:00,2024,11,22,21,0,69,69387,Rue Sébastien Gryphe,45.748,4.83906,Nuit avec éclairage allumé,En agglomération,Intersection en X,Normale,Deux véhicules - côté,4,1,1,2,1,1,1,0,1,30,2,2,1,0,0,1,19.0,21.0,voiture,deux_roues,5,2,2,1,3
202400013556,2024-11-22 19:24:00,2024,11,22,19,24,69,69387,Rue de Marseille,45.74567,4.83597,Nuit avec éclairage allumé,En agglomération,Intersection en T,Normale,Deux véhicules - côté,4,1,1,2,1,1,1,0,1,30,2,2,1,0,1,0,34.0,34.0,voiture,deux_roues,5,2,3,1,3
202400013556,2024-11-22 19:24:00,2024,11,22,19,24,69,69387,Rue de Marseille,45.74567,4.83597,Nuit avec éclairage allumé,En agglomération,Intersection en T,Normale,Deux véhicules - côté,4,1,1,1,1,1,1,0,1,30,2,2,1,0,1,0,34.0,34.0,voiture,deux_roues,5,2,3,1,3
202400013557,2024-11-22 18:50:00,2024,11,22,18,50,69,69388,Rue Maryse Bastié,45.73592698,4.87397275,Nuit avec éclairage allumé,En agglomération,Hors intersection,Normale,Autre collision,4,1,1,2,1,1,1,0,1,30,1,2,1,0,0,1,50.0,,voiture,,5,2,1,1,6
202400013558,2024-11-22 17:22:00,2024,11,22,17,22,972,97213,BASSE GONDEAU (CHEMIN RURAL N°3 DE),14.6333,-61.0271,Crépuscule ou aube,Hors agglomération,Hors intersection,Normale,Autre collision,3,2,2,0,2,4,1,0,1,30,1,2,1,0,0,1,77.0,,voiture,,2,1,1,1,6
202400013559,2024-11-22 06:50:00,2024,11,22,6,50,972,97213,BASSE GONDEAU (CHEMIN RURAL N°4 DE),14.64242,-61.03138,Plein jour,En agglomération,Hors intersection,Pluie légère,Deux véhicules - côté,4,2,1,0,4,1,2,0,1,50,2,2,1,0,0,1,36.0,21.0,voiture,deux_roues,1,2,1,2,3
202400013560,2024-11-22 15:00:00,2024,11,22,15,0,971,97113,SECTION GRANDE RAVINE,16.2152,-61.47918,Plein jour,Hors agglomération,Autre intersection,Normale,Sans collision,2,4,2,0,1,2,1,0,1,30,1,1,0,0,0,1,64.0,,deux_roues,,1,1,9,1,7
202400013561,2024-11-22 16:55:00,2024,11,22,16,55,95,95563,JEANNE D'ARC (RUE),49.02,2.2403,Nuit avec éclairage allumé,En agglomération,Autre intersection,Normale,Autre collision,6,-1,0,0,1,1,1,0,1,30,1,2,1,0,0,1,46.0,,voiture,,5,2,9,1,6
202400013562,2024-11-22 14:57:00,2024,11,22,14,57,91,91691,RENE COTY(RUE),48.71845,2.48854,Plein jour,En agglomération,Intersection en T,Normale,Autre collision,4,2,2,0,2,1,2,0,1,30,1,2,1,0,1,0,22.0,,voiture,,1,2,3,1,6
202400013562,2024-11-22 14:57:00,2024,11,22,14,57,91,91691,RENE COTY(RUE),48.71845,2.48854,Plein jour,En agglomération,Intersection en T,Normale,Autre collision,4,2,2,0,2,2,2,0,1,30,1,2,1,0,1,0,22.0,,voiture,,1,2,3,1,6
202400013563,2024-11-22 18:45:00,2024,11,22,18,45,91,91228,ORME A MARTIN (AVENUE DE L'),48.63065,2.41281,Nuit avec éclairage allumé,En agglomération,Intersection en X,Normale,Autre collision,4,2,2,0,1,1,1,0,1,50,1,2,1,0,0,1,50.0,,voiture,,5,2,2,1,6
202400013563,2024-11-22 18:45:00,2024,11,22,18,45,91,91228,ORME A MARTIN (AVENUE DE L'),48.63065,2.41281,Nuit avec éclairage allumé,En agglomération,Intersection en X,Normale,Autre collision,4,2,2,0,1,1,1,0,1,50,1,2,1,0,0,1,50.0,,voiture,,5,2,2,1,6
202400013564,2024-11-21 16:40:00,2024,11,21,16,40,87,87085,GAUGUIN (RUE),45.85478,1.27238,Plein jour,En agglomération,Hors intersection,Vent fort / tempête,Autre collision,4,2,2,0,1,4,1,0,1,50,1,2,0,0,0,2,27.0,,deux_roues,,1,2,1,6,6
202400013565,2024-11-21 08:30:00,2024,11,21,8,30,87,87085,,45.8376251,1.23158991,Nuit avec éclairage allumé,En agglomération,Hors intersection,Normale,Trois véhicules et plus - en chaîne,4,3,6,0,2,1,1,0,1,50,3,6,4,0,0,2,27.0,51.0,voiture,voiture,5,2,1,1,4
202400013566,2024-11-22 19:20:00,2024,11,22,19,20,84,84031,MISTRAL AVENUE FREDERIC,44.04999,5.03854,Nuit avec éclairage allumé,En agglomération,Intersection en T,Normale,Autre collision,4,2,2,0,1,1,1,0,1,50,1,2,1,0,0,1,57.0,,voiture,,5,2,3,1,6
202400013566,2024-11-22 19:20:00,2024,11,22,19,20,84,84031,MISTRAL AVENUE FREDERIC,44.04999,5.03854,Nuit avec éclairage allumé,En agglomération,Intersection en T,Normale,Autre collision,4,2,2,0,1,1,1,0,1,50,1,2,1,0,0,1,57.0,,voiture,,5,2,3,1,6
202400013567,2024-11-22 16:15:00,2024,11,22,16,15,84,84007,CABRIERE (AVENUE DE LA),43.92911,4.81265,Nuit avec éclairage allumé,En agglomération,Hors intersection,Normale,Deux véhicules - frontale,4,2,2,0,1,1,1,0,1,50,2,2,1,0,0,1,40.0,53.0,voiture,deux_roues,5,2,1,1,1
202400013568,2024-11-21 19:30:00,2024,11,21,19,30,83,83123,ROUTE DE BANDOL,43.12417335,5.79066983,Nuit avec éclairage non allumé,Hors agglomération,Hors intersection,Normale,Deux véhicules - arrière,3,3,2,0,1,1,1,0,1,50,2,2,1,1,0,0,72.0,61.0,voiture,voiture,4,1,1,1,2
202400013569,2024-11-22 19:55:00,2024,11,22,19,55,79,79191,,46.31261,-0.44159,Nuit avec éclairage allumé,En agglomération,Intersection en T,Autre,Deux véhicules - frontale,4,2,2,0,1,1,1,9,1,50,2,2,1,1,0,0,85.0,31.0,voiture,deux_roues,5,2,3,9,1
202400013569,2024-11-22 19:55:00,2024,11,22,19,55,79,79191,,46.31261,-0.44159,Nuit avec éclairage allumé,En agglomération,Intersection en T,Autre,Deux véhicules - frontale,4,2,2,-1,1,1,1,0,1,50,2,2,1,1,0,0,85.0,31.0,voiture,deux_roues,5,2,3,9,1
202400013570,2024-11-22 09:40:00,2024,11,22,9,40,74,74010,FIER (BOULEVARD DU)),45.92204,6.121,Plein jour,En agglomération,Hors intersection,Temps couvert,Deux véhicules - arrière,4,2,4,1,1,1,1,0,1,50,2,2,1,0,0,1,23.0,46.0,deux_roues,voiture,1,2,1,8,2
202400013571,2024-11-22 14:45:00,2024,11,22,14,45,72,72181,BARTHOLDI FRED AUGUSTE (AV) IMPAI,48.01749,0.15284,Plein jour,En agglomération,Hors intersection,Normale,Autre collision,4,2,2,0,1,1,1,0,8,50,1,2,1,0,0,1,77.0,,voiture,,1,2,1,1,6
202400013572,2024-11-21 22:00:00,2024,11,21,22,0,72,72181,PATTON GENERAL RTE BAUGE A CHEMIN RONDE,48.02816217,0.17520189,Nuit avec éclairage allumé,Hors agglomération,Hors intersection,Normale,Deux véhicules - côté,3,1,3,0,2,1,7,0,1,90,2,2,1,0,0,1,57.0,20.0,voiture,voiture,5,1,1,1,3
202400013573,2024-11-22 11:20:00,2024,11,22,11,20,69,69264,384 Boulevard Louis Blanc,45.98767,4.72134,Plein jour,En agglomération,Hors intersection,Normale,Deux véhicules - côté,4,2,2,3,1,1,1,0,1,30,2,2,1,0,0,1,17.0,81.0,voiture,voiture,1,2,1,1,3
202400013574,2024-11-22 06:50:00,2024,11,22,6,50,69,69264,Route de Frans,45.9857,4.72268,Nuit avec éclairage allumé,En agglomération,Hors intersection,Temps couvert,Deux véhicules - arrière,4,1,1,0,1,1,2,2,1,50,2,2,0,0,0,2,19.0,46.0,voiture,voiture,5,2,1,8,2
202400013575,2024-11-22 23:30:00,2024,11,22,23,30,69,69199,Boulevard Yves Farge,45.69005749,4.86163994,Nuit avec éclairage allumé,En agglomération,Hors intersection,Normale,Deux véhicules - côté,7,2,2,2,1,1,1,0,1,50,2,5,4,0,0,1,25.0,33.0,voiture,voiture,5,2,1,1,3
202400013576,2024-11-22 01:45:00,2024,11,22,1,45,69,69290,Rue Jules Verne,45.70005,4.97023,Nuit avec éclairage non allumé,Hors agglomération,Hors intersection,Pluie légère,Autre collision,4,2,2,1,1,2,2,2,3,50,1,1,0,0,0,1,22.0,,voiture,,4,1,1,2,6
202400013577,2024-11-22 17:50:00,2024,11,22,17,50,67,67482,THUMENAU (RUE DE LA),48.57196,7.75486,Nuit avec éclairage allumé,En agglomération,Hors intersection,Temps couvert,Autre collision,4,3,7,3,1,1,2,0,1,50,1,2,1,0,0,1,,,voiture,,5,2,1,8,6
202400013578,2024-11-22 19:10:00,2024,11,22,19,10,67,67180,FOULON (RUE DU),48.805424,7.779457,Nuit avec éclairage allumé,En agglomération,Intersection en T,Normale,Trois véhicules et plus - collisions multiples,4,2,2,0,1,1,2,0,1,50,3,7,1,0,0,6,50.0,42.0,voiture,voiture,5,2,3,1,5
202400013578,2024-11-22 19:10:00,2024,11,22,19,10,67,67180,FOULON (RUE DU),48.805424,7.779457,Nuit avec éclairage allumé,En agglomération,Intersection en T,Normale,Trois véhicules et plus - collisions multiples,4,2,2,0,1,1,2,0,1,30,3,7,1,0,0,6,50.0,42.0,voiture,voiture,5,2,3,1,5
202400013579,2024-11-22 09:30:00,2024,11,22,9,30,64,64483,SALLAGOITY GARRA (RUE),43.38846,-1.65873,Plein jour,En agglomération,Hors intersection,Pluie forte,Autre collision,4,1,1,0,1,1,2,0,1,50,1,2,1,0,0,1,37.0,,voiture,,1,2,1,3,6
202400013580,2024-11-22 23:05:00,2024,11,22,23,5,64,64445,FAGET DE BAURE,43.29865337,-0.37255079,Nuit avec éclairage allumé,En agglomération,Hors intersection,Normale,Deux véhicules - côté,4,1,1,0,1,1,1,0,1,30,2,2,1,0,0,1,23.0,44.0,voiture,autre,5,2,1,1,3
202400013581,2024-11-22 20:00:00,2024,11,22,20,0,64,64445,BAYARD,43.29723,-0.37587,Nuit avec éclairage allumé,En agglomération,Autre intersection,Normale,Autre collision,4,1,1,2,1,1,1,9,3,30,1,1,0,0,0,1,34.0,,deux_roues,,5,2,9,1,6
202400013582,2024-11-22 08:55:00,2024,11,22,8,55,64,64445,GENERAL POEYMIRAU DU,43.29526,-0.35693,Plein jour,En agglomération,Hors intersection,Pluie légère,Sans collision,4,2,2,0,2,2,2,0,1,50,1,1,0,0,0,1,16.0,,deux_roues,,1,2,1,2,7
202400013583,2024-11-21 14:05:00,2024,11,21,14,5,64,64445,MARCELIN BERTHELOT,43.30628,-0.36421,Plein jour,En agglomération,Intersection en T,Normale,Autre collision,4,1,1,0,1,1,9,0,1,50,1,1,0,0,0,1,16.0,,deux_roues,,1,2,3,1,6
202400013583,2024-11-21 14:05:00,2024,11,21,14,5,64,64445,MARCELIN BERTHELOT,43.30628,-0.36421,Plein jour,En agglomération,Intersection en T,Normale,Autre collision,4,2,2,0,1,1,9,0,1,-1,1,1,0,0,0,1,16.0,,deux_roues,,1,2,3,1,6
202400013584,2024-11-22 13:50:00,2024,11,22,13,50,64,64122,MARCEL DASSAULT (BD),43.45211,-1.55578,Plein jour,Hors agglomération,Hors intersection,Pluie légère,Deux véhicules - côté,3,2,4,0,1,1,2,0,1,50,2,3,1,0,0,2,53.0,34.0,voiture,voiture,1,1,1,2,3
202400013585,2024-11-22 20:10:00,2024,11,22,20,10,64,64102,LOUIS DE FOIX (AVENUE),43.5117,-1.4685,Nuit avec éclairage non allumé,En agglomération,Hors intersection,Normale,Trois véhicules et plus - en chaîne,3,2,2,0,1,1,1,0,1,50,3,3,2,0,0,1,22.0,42.0,voiture,voiture,4,2,1,1,4
202400013586,2024-11-22 14:30:00,2024,11,22,14,30,59,59599,DUNKERQUE (RUE DE),50.717516,3.145477,Plein jour,En agglomération,Hors intersection,Normale,Deux véhicules - arrière,4,2,2,0,1,1,1,0,1,50,2,2,1,0,0,1,32.0,70.0,voiture,voiture,1,2,1,1,2
202400013587,2024-11-22 15:00:00,2024,11,22,15,0,56,56098,Rue Gérard Philipe,47.76672,-3.35906,Plein jour,En agglomération,Intersection en X,Normale,Deux véhicules - côté,4,1,1,0,1,1,1,0,1,30,2,2,1,0,0,1,74.0,39.0,deux_roues,utilitaire_camion,1,2,2,1,3
202400013587,2024-11-22 15:00:00,2024,11,22,15,0,56,56098,Rue Gérard Philipe,47.76672,-3.35906,Plein jour,En agglomération,Intersection en X,Normale,Deux véhicules - côté,4,2,2,0,1,1,1,0,1,30,2,2,1,0,0,1,74.0,39.0,deux_roues,utilitaire_camion,1,2,2,1,3
202400013588,2024-11-22 07:20:00,2024,11,22,7,20,54,54395,Rue Henri Bazin,48.69647943,6.19299531,Nuit avec éclairage allumé,En agglomération,Intersection en X,Normale,Autre collision,4,2,3,2,1,1,1,-1,1,50,1,2,1,0,0,1,32.0,,voiture,,5,2,2,1,6
202400013588,2024-11-22 07:20:00,2024,11,22,7,20,54,54395,Rue Henri Bazin,48.69647943,6.19299531,Nuit avec éclairage allumé,En agglomération,Intersection en X,Normale,Autre collision,4,2,3,0,1,1,1,0,1,30,1,2,1,0,0,1,32.0,,voiture,,5,2,2,1,6
202400013589,2024-11-21 10:40:00,2024,11,21,10,40,54,54395,avenue Raymond Pinchard,48.7032,6.154819,Plein jour,En agglomération,Intersection en T,Normale,Deux véhicules - côté,4,2, -1,0,1,1,1,0,1,50,2,4,2,0,0,2,72.0,49.0,voiture,transport_commun,1,2,3,1,3
202400013589,2024-11-21 10:40:00,2024,11,21,10,40,54,54395,avenue Raymond Pinchard,48.7032,6.154819,Plein jour,En agglomération,Intersection en T,Normale,Deux véhicules - côté,4,2,4,3,1,1,2,0,1,50,2,4,2,0,0,2,72.0,49.0,voiture,transport_commun,1,2,3,1,3
202400013590,2024-11-20 18:00:00,2024,11,20,18,0,54,54395,Avenue de Strasbourg,48.6800925,6.19540393,Nuit avec éclairage allumé,En agglomération,Intersection en T,Normale,Deux véhicules - côté,4,2,5,3,1,1,1,0,1,50,2,2,1,0,0,1,61.0,,deux_roues,voiture,5,2,3,1,3
202400013590,2024-11-20 18:00:00,2024,11,20,18,0,54,54395,Avenue de Strasbourg,48.6800925,6.19540393,Nuit avec éclairage allumé,En agglomération,Intersection en T,Normale,Deux véhicules - côté,4,2,2,0,2,1,1,0,1,50,2,2,1,0,0,1,61.0,,deux_roues,voiture,5,2,3,1,3
202400013591,2024-11-22 10:15:00,2024,11,22,10,15,51,51454,GILBERT (RUE),49.264,4.01847,Plein jour,En agglomération,Hors intersection,Neige / grêle,Sans collision,4,1,1,0,1,1,2,0,1,30,1,1,0,0,0,1,17.0,,deux_roues,,1,2,1,4,7
202400013592,2024-11-21 17:55:00,2024,11,21,17,55,51,51058,LOUIS VICTOR DE BROGLIE,49.21612,3.99754,Nuit sans éclairage public,En agglomération,Hors intersection,Normale,Autre collision,4,2,2,0,1,1,2,0,1,50,1,2,1,0,0,1,55.0,,voiture,,3,2,1,1,6
202400013593,2024-11-21 08:20:00,2024,11,21,8,20,50,50129,SALINE (BOULEVARD DE LA),49.65187,-1.64694,Nuit avec éclairage allumé,En agglomération,Hors intersection,Temps couvert,Deux véhicules - frontale,3,3,4,1,1,1,5,0,1,50,2,2,0,0,0,2,32.0,39.0,deux_roues,deux_roues,5,2,1,8,1
202400013594,2024-11-18 17:45:00,2024,11,18,17,45,50,50129,EST (BOULEVARD DE L'),49.63658,-1.59591,Nuit avec éclairage allumé,En agglomération,Giratoire,Pluie forte,Deux véhicules - arrière,3,1,0,0,1,2,2,9,1,50,2,2,1,0,0,1,40.0,41.0,voiture,deux_roues,5,2,6,3,2
202400013595,2024-11-21 15:55:00,2024,11,21,15,55,49,49099,THIBAULT CARTE (RUE),47.06153,-0.8745,Plein jour,En agglomération,Intersection en T,Normale,Autre collision,4,1,1,0,1,1,1,0,1,50,1,2,1,0,1,0,22.0,,voiture,,1,2,3,1,6
202400013595,2024-11-21 15:55:00,2024,11,21,15,55,49,49099,THIBAULT CARTE (RUE),47.06153,-0.8745,Plein jour,En agglomération,Intersection en T,Normale,Autre collision,4,1,1,0,1,1,1,0,1,50,1,2,1,0,1,0,22.0,,voiture,,1,2,3,1,6
202400013596,2024-11-22 10:22:00,2024,11,22,10,22,49,49353,CAMUS,47.45,-0.50717,Plein jour,En agglomération,Hors intersection,Normale,Autre collision,4,2,2,0,1,1,1,0,1,50,1,2,1,0,0,1,59.0,,voiture,,1,2,1,1,6
202400013597,2024-11-21 22:00:00,2024,11,21,22,0,49,49007,MONTAIGNE AVENUE,47.4671,-0.52567,Nuit avec éclairage allumé,En agglomération,Hors intersection,Normale,Autre collision,6,-1, -1,0,1,1,2,0,1,30,2,2,1,0,0,1,22.0,31.0,voiture,deux_roues,5,2,1,1,6
202400013598,2024-11-21 08:06:00,2024,11,21,8,6,49,49246,PYRAMIDE ROUTE,47.44760341,-0.5097384,Nuit avec éclairage allumé,En agglomération,Giratoire,Neige / grêle,Autre collision,4,2,2,0,1,1,2,0,1,50,1,2,1,0,0,1,44.0,,voiture,,5,2,6,4,6
202400013599,2024-11-21 08:20:00,2024,11,21,8,20,49,49007,VAUBAN AVENUE,47.46001,-0.5585,Nuit avec éclairage allumé,En agglomération,Intersection en X,Neige / grêle,Deux véhicules - côté,4,2,2,0,1,1,2,0,1,30,2,2,1,0,1,0,38.0,38.0,deux_roues,voiture,5,2,2,4,3
202400013599,2024-11-21 08:20:00,2024,11,21,8,20,49,49007,VAUBAN AVENUE,47.46001,-0.5585,Nuit avec éclairage allumé,En agglomération,Intersection en X,Neige / grêle,Deux véhicules - côté,4,2,2,0,1,1,2,0,1,30,2,2,1,0,1,0,38.0,38.0,deux_roues,voiture,5,2,2,4,3
202400013600,2024-11-20 16:20:00,2024,11,20,16,20,49,49007,BARANGE BOULEVARD,47.45684,-0.57209,Plein jour,En agglomération,Hors intersection,Normale,Deux véhicules - arrière,4,3,5,0,1,1,1,0,1,70,2,4,2,0,1,1,45.0,35.0,voiture,voiture,1,2,1,1,2
202400013601,2024-11-22 19:30:00,2024,11,22,19,30,38,38563,SAND (RUE G.),45.36522,5.584676,Nuit avec éclairage allumé,En agglomération,Hors intersection,Pluie légère,Deux véhicules - côté,4,2,1,0,1,1,2,0,1,50,2,2,1,0,1,0,45.0,39.0,voiture,deux_roues,5,2,1,2,3
202400013602,2024-11-22 18:10:00,2024,11,22,18,10,38,38185,BOULEVARD GAMBETTA,45.1861,5.7247,Nuit avec éclairage allumé,En agglomération,Intersection en X,Normale,Deux véhicules - côté,4,2,2,0,1,1,1,0,1,50,2,2,1,0,0,1,40.0,39.0,deux_roues,utilitaire_camion,5,2,2,1,3
202400013602,2024-11-22 18:10:00,2024,11,22,18,10,38,38185,BOULEVARD GAMBETTA,45.1861,5.7247,Nuit avec éclairage allumé,En agglomération,Intersection en X,Normale,Deux véhicules - côté,4,2,2,0,1,1,1,0,1,50,2,2,1,0,0,1,40.0,39.0,deux_roues,utilitaire_camion,5,2,2,1,3
202400013603,2024-11-22 05:45:00,2024,11,22,5,45,37,37233,DUCLOS (AVENUE JACQUES),47.38013,0.72666,Nuit avec éclairage allumé,En agglomération,Giratoire,Autre,Sans collision,4,2,2,0,1,2,7,5,1,50,1,1,0,0,0,1,27.0,,deux_roues,,5,2,6,9,7
202400013603,2024-11-22 05:45:00,2024,11,22,5,45,37,37233,DUCLOS (AVENUE JACQUES),47.38013,0.72666,Nuit avec éclairage allumé,En agglomération,Giratoire,Autre,Sans collision,4,2,2,2,1,2,7,5,1,50,1,1,0,0,0,1,27.0,,deux_roues,,5,2,6,9,7
202400013603,2024-11-22 05:45:00,2024,11,22,5,45,37,37233,DUCLOS (AVENUE JACQUES),47.38013,0.72666,Nuit avec éclairage allumé,En agglomération,Giratoire,Autre,Sans collision,4,2,2,0,1,2,7,5,1,50,1,1,0,0,0,1,27.0,,deux_roues,,5,2,6,9,7
202400013604,2024-11-23 01:00:00,2024,11,23,1,0,35,35238,ROCADE 13-14,48.14202063,-1.66279701,Nuit sans éclairage public,Hors agglomération,Hors intersection,Normale,Deux véhicules - arrière,2,3,4,0,1,1,1,0,1,90,2,3,2,0,0,1,24.0,21.0,voiture,voiture,3,1,1,1,2
202400013605,2024-11-22 14:30:00,2024,11,22,14,30,35,35278,GUE MARY (RUE DU),48.15608,-1.6999,Plein jour,Hors agglomération,Hors intersection,Normale,Deux véhicules - arrière,7,2,2,0,1,1,2,0,1,80,2,3,0,0,0,3,22.0,46.0,voiture,voiture,1,1,1,1,2
202400013606,2024-04-19 12:00:00,2024,4,19,12,0,76,76217,CHANZY (GENERAL),49.91008,1.08536,Plein jour,En agglomération,Hors intersection,Normale,Deux véhicules - arrière,4,2,3,0,1,1,1,0,1,50,2,2,0,0,0,2,23.0,46.0,voiture,voiture,1,2,1,1,2
202400013607,2024-11-22 08:20:00,2024,11,22,8,20,35,35238,SEVIGNE (BD DE),48.11646,-1.67329,Crépuscule ou aube,En agglomération,Hors intersection,Normale,Deux véhicules - côté,4,1,1,2,1,1,2,0,5,30,2,2,1,0,0,1,29.0,22.0,deux_roues,voiture,2,2,1,1,3
202400013608,2024-11-22 17:25:00,2024,11,22,17,25,34,34172,NIMES (AVENUE DE),43.62068,3.89042,Nuit avec éclairage allumé,En agglomération,Hors intersection,Normale,Deux véhicules - côté,4,2,2,0,1,1,1,0,1,50,2,2,1,0,1,0,17.0,28.0,deux_roues,voiture,5,2,1,1,3
202400013609,2024-04-19 17:35:00,2024,4,19,17,35,71,71270,SANCE (RUE DE),46.32039779,4.83200625,Plein jour,En agglomération,Intersection en X,Normale,Deux véhicules - arrière,4,2, -1,2,1,1,1,5,1,50,2,3,2,0,0,1,71.0,20.0,voiture,voiture,1,2,2,1,2
202400013609,2024-04-19 17:35:00,2024,4,19,17,35,71,71270,SANCE (RUE DE),46.32039779,4.83200625,Plein jour,En agglomération,Intersection en X,Normale,Deux véhicules - arrière,4,2,2,2,2,1,1,5,1,50,2,3,2,0,0,1,71.0,20.0,voiture,voiture,1,2,2,1,2
202400013610,2024-11-22 10:05:00,2024,11,22,10,5,34,34172,SOULAS (AVENUE DU PERE,43.62071,3.85786,Plein jour,En agglomération,Intersection en X,Normale,Deux véhicules - côté,4,2,4,0,1,2,1,5,1,50,2,4,3,0,0,1,68.0,19.0,voiture,deux_roues,1,2,2,1,3
202400013610,2024-11-22 10:05:00,2024,11,22,10,5,34,34172,SOULAS (AVENUE DU PERE,43.62071,3.85786,Plein jour,En agglomération,Intersection en X,Normale,Deux véhicules - côté,4,2,6,0,1,1,1,5,1,50,2,4,3,0,0,1,68.0,19.0,voiture,deux_roues,1,2,2,1,3
202400013611,2024-04-21 08:20:00,2024,4,21,8,20,66,66136,Départementale  617,42.71202,2.92432,Plein jour,Hors agglomération,Hors intersection,Normale,Trois véhicules et plus - en chaîne,3,3,4,0,1,1,1,0,1,110,3,3,2,0,0,1,77.0,36.0,voiture,voiture,1,1,1,1,4
202400013612,2024-04-19 11:33:00,2024,4,19,11,33,65,65286,Avenue Alexandre Marqui,43.10582,-0.04106,Plein jour,En agglomération,Hors intersection,Normale,Deux véhicules - côté,3,2,2,1,1,1,1,0,5,50,2,2,1,0,0,1,75.0,47.0,deux_roues,voiture,1,2,1,1,3