accident_id,datetime,annee,mois,jour,heure,minute,departement,commune_insee,adresse,latitude,longitude,luminosite,agglomeration,intersection,meteo,collision,catr,circ,nbv,vosp,prof,plan,surf,infra,situ,vma,nb_vehicules,nb_usagers,nb_indemnes,nb_tues,nb_blesses_hosp,nb_blesses_legers,age_cond_1,age_cond_2,veh_type_cond_1,veh_type_cond_2,lum_code,agg_code,int_code,atm_code,col_code
202400013613,2024-11-22 20:30:00,2024,11,22,20,30,33,33063,,44.88788,-0.55488,Nuit sans éclairage public,En agglomération,Hors intersection,Temps couvert,Trois véhicules et plus - en chaîne,4,2,2,0,1,1,1,0,1,50,4,6,5,0,0,1,20.0,51.0,deux_roues,voiture,3,2,1,8,4
202400013614,2024-04-21 16:20:00,2024,4,21,16,20,63,63113,MONTLOSIER (RUE),45.78132,3.09005,Plein jour,En agglomération,Hors intersection,Normale,Autre collision,4,4,2,0,1,1,1,0,5,30,1,4,3,0,0,1,22.0,,voiture,,1,2,1,1,6
202400013615,2024-11-22 20:55:00,2024,11,22,20,55,33,33063,,44.82817685,-0.56869,Nuit avec éclairage allumé,En agglomération,Intersection en X,Normale,Deux véhicules - côté,4,2,2,0,1,1,1,0,1,30,2,2,1,0,0,1,45.0,52.0,deux_roues,voiture,5,2,2,1,3
202400013615,2024-11-22 20:55:00,2024,11,22,20,55,33,33063,,44.82817685,-0.56869,Nuit avec éclairage allumé,En agglomération,Intersection en X,Normale,Deux véhicules - côté,4,1,1,0,1,1,1,0,1,30,2,2,1,0,0,1,45.0,52.0,deux_roues,voiture,5,2,2,1,3
202400013616,2024-04-20 17:45:00,2024,4,20,17,45,60,60463,Chemin de la Cavee des Granges,49.28261,2.45024,Plein jour,Hors agglomération,Hors intersection,Normale,Autre collision,4,1,0,0,1,1,1,8,1,50,1,2,0,0,2,0,24.0,,deux_roues,,1,1,1,1,6
202400013617,2024-11-22 18:15:00,2024,11,22,18,15,33,33063,,44.81784,-0.57733,Nuit avec éclairage allumé,En agglomération,Intersection en T,Normale,Deux véhicules - côté,4,1,2,3,1,1,1,0,1,50,2,2,1,0,0,1,68.0,22.0,voiture,deux_roues,5,2,3,1,3
202400013617,2024-11-22 18:15:00,2024,11,22,18,15,33,33063,,44.81784,-0.57733,Nuit avec éclairage allumé,En agglomération,Intersection en T,Normale,Deux véhicules - côté,4,2,2,0,1,1,1,0,1,30,2,2,1,0,0,1,68.0,22.0,voiture,deux_roues,5,2,3,1,3
202400013618,2024-04-21 13:30:00,2024,4,21,13,30,59,59512,LUXEMBOURG (RUE DU),50.691044,3.156239,Plein jour,En agglomération,Intersection en X,Normale,Deux véhicules - frontale,4,1,1,0,1,1,1,5,1,50,2,2,1,0,0,1,34.0,57.0,deux_roues,voiture,1,2,2,1,1
202400013618,2024-04-21 13:30:00,2024,4,21,13,30,59,59512,LUXEMBOURG (RUE DU),50.691044,3.156239,Plein jour,En agglomération,Intersection en X,Normale,Deux véhicules - frontale,4,2,2,0,1,1,1,5,1,50,2,2,1,0,0,1,34.0,57.0,deux_roues,voiture,1,2,2,1,1
202400013619,2024-11-22 01:45:00,2024,11,22,1,45,33,33063,,44.82792,-0.59334,Nuit avec éclairage allumé,En agglomération,Intersection en X,Pluie légère,Deux véhicules - arrière,4,3,2,3,3,1,2,0,1,50,2,2,1,0,0,1,25.0,,deux_roues,voiture,5,2,2,2,2
202400013619,2024-11-22 01:45:00,2024,11,22,1,45,33,33063,,44.82792,-0.59334,Nuit avec éclairage allumé,En agglomération,Intersection en X,Pluie légère,Deux véhicules - arrière,4,1, -1,3,1,1,2,9,1,30,2,2,1,0,0,1,25.0,,deux_roues,voiture,5,2,2,2,2
202400013620,2024-04-20 11:35:00,2024,4,20,11,35,59,59350,Avenue de Dunkerque (Lille),50.63793,3.02347,Plein jour,En agglomération,Intersection en X,Normale,Deux véhicules - côté,7,2,2,1,1,1,1,0,1,50,2,2,1,0,0,1,29.0,,deux_roues,voiture,1,2,2,1,3
202400013620,2024-04-20 11:35:00,2024,4,20,11,35,59,59350,Avenue de Dunkerque (Lille),50.63793,3.02347,Plein jour,En agglomération,Intersection en X,Normale,Deux véhicules - côté,7,2,2,0,1,1,1,0,1,30,2,2,1,0,0,1,29.0,,deux_roues,voiture,1,2,2,1,3
202400013621,2024-11-18 00:01:00,2024,11,18,0,1,33,33063,,44.896369,-0.550665,Nuit avec éclairage allumé,En agglomération,Giratoire,Normale,Autre collision,4,3,2,0,1,1,1,0,1,50,1,2,0,0,0,2,42.0,,voiture,,5,2,6,1,6
202400013621,2024-11-18 00:01:00,2024,11,18,0,1,33,33063,,44.896369,-0.550665,Nuit avec éclairage allumé,En agglomération,Giratoire,Normale,Autre collision,4,2,2,0,1,1,1,0,1,50,1,2,0,0,0,2,42.0,,voiture,,5,2,6,1,6
202400013622,2024-04-21 02:00:00,2024,4,21,2,0,59,59122,ARRAS (RUE D'),50.17783,3.21561,Nuit sans éclairage public,En agglomération,Hors intersection,Normale,Autre collision,3,2,2,0,1,1,1,0,1,50,1,2,1,0,0,1,,,voiture,,3,2,1,1,6
202400013623,2024-11-14 00:16:00,2024,11,14,0,16,30,30331,,44.11445,4.58131,Nuit sans éclairage public,Hors agglomération,Hors intersection,Normale,Autre collision,3,-1,2,0,1,4,1,0,1,70,1,1,0,1,0,0,18.0,,voiture,,3,1,1,1,6
202400013624,2024-04-21 13:50:00,2024,4,21,13,50,56,56260,HERRIOT(AVENUE EDOUARD),47.6538,-2.7354,Plein jour,En agglomération,Hors intersection,Normale,Autre collision,4,2,2,0,1,1,1,0,1,50,1,2,1,0,0,1,37.0,,voiture,,1,2,1,1,6
202400013625,2024-11-22 12:35:00,2024,11,22,12,35,29,29019,Pen ar Ch'leuz,48.42257538,-4.47700816,Plein jour,En agglomération,Giratoire,Normale,Deux véhicules - arrière,3,3,4,0,1,1,1,0,1,50,2,2,1,0,0,1,40.0,27.0,voiture,voiture,1,2,6,1,2
202400013626,2024-04-21 19:10:00,2024,4,21,19,10,54,54099,D138,49.253698,5.988912,Crépuscule ou aube,Hors agglomération,Hors intersection,Normale,Sans collision,3,2,2,0,1,1,1,0,1,80,1,1,0,0,1,0,44.0,,voiture,,2,1,1,1,7
202400013627,2024-11-21 17:08:00,2024,11,21,17,8,27,27229,SAINT ANDRE (ROUTE DE),49.01461,1.16304,Crépuscule ou aube,En agglomération,Hors intersection,Autre,Deux véhicules - arrière,4,2,2,0,2,1,5,0,1,50,2,3,2,0,0,1,53.0,20.0,voiture,voiture,2,2,1,9,2
202400013628,2024-04-21 17:49:00,2024,4,21,17,49,45,45208,12 Allée de la Résidence de la Roseraie,47.99522,2.74227,Plein jour,En agglomération,Hors intersection,Normale,Deux véhicules - côté,4,2,2,0,1,1,1,0,1,50,2,2,1,0,0,1,49.0,12.0,voiture,deux_roues,1,2,1,1,3
202400013629,2024-04-21 21:44:00,2024,4,21,21,44,44,44109,Rue Gaston Michel,47.20986,-1.5615,Nuit avec éclairage allumé,En agglomération,Giratoire,Normale,Autre collision,4,3,3,0,1,3,1,6,1,30,1,2,1,0,0,1,,,voiture,,5,2,6,1,6
202400013630,2024-04-21 04:50:00,2024,4,21,4,50,43,43157,Boulevard de Cluny,45.04830092,3.89296972,Nuit avec éclairage allumé,En agglomération,Intersection en X,Temps couvert,Deux véhicules - côté,3,2,3,0,1,1,1,5,1,50,2,2,1,0,0,1,22.0,24.0,voiture,voiture,5,2,2,8,3
202400013630,2024-04-21 04:50:00,2024,4,21,4,50,43,43157,Boulevard de Cluny,45.04830092,3.89296972,Nuit avec éclairage allumé,En agglomération,Intersection en X,Temps couvert,Deux véhicules - côté,3,2,2,0,1,1,1,5,1,50,2,2,1,0,0,1,22.0,24.0,voiture,voiture,5,2,2,8,3
202400013631,2024-11-22 22:45:00,2024,11,22,22,45,26,26362,Rue des Alpes,44.92713,4.89981,Nuit avec éclairage allumé,En agglomération,Intersection en T,Normale,Deux véhicules - côté,4,1,1,0,1,1,1,0,1,50,2,4,1,0,0,3,23.0,18.0,voiture,voiture,5,2,3,1,3
202400013631,2024-11-22 22:45:00,2024,11,22,22,45,26,26362,Rue des Alpes,44.92713,4.89981,Nuit avec éclairage allumé,En agglomération,Intersection en T,Normale,Deux véhicules - côté,4,1,1,0,1,1,1,0,1,50,2,4,1,0,0,3,23.0,18.0,voiture,voiture,5,2,3,1,3
202400013632,2024-04-21 20:35:00,2024,4,21,20,35,37,37122,JAURES (BOULEVARD JEAN),47.34807,0.65835,Crépuscule ou aube,En agglomération,Intersection en T,Normale,Autre collision,4,2,2,0,1,1,1,0,1,50,2,3,2,0,0,1,21.0,21.0,deux_roues,voiture,2,2,3,1,6
202400013632,2024-04-21 20:35:00,2024,4,21,20,35,37,37122,JAURES (BOULEVARD JEAN),47.34807,0.65835,Crépuscule ou aube,En agglomération,Intersection en T,Normale,Autre collision,4,2,2,2,1,1,1,0,1,50,2,3,2,0,0,1,21.0,21.0,deux_roues,voiture,2,2,3,1,6
202400013633,2024-04-22 01:05:00,2024,4,22,1,5,34,34172,CARDONILLE (RUE DE LA),43.63576,3.84645,Nuit avec éclairage allumé,En agglomération,Hors intersection,Normale,Deux véhicules - arrière,4,2,3,0,1,1,1,0,1,50,2,2,0,0,0,2,41.0,45.0,voiture,utilitaire_camion,5,2,1,1,2
202400013634,2024-04-21 14:43:00,2024,4,21,14,43,34,34003,ROCHELONGUE (G14 A O16,43.2909,3.4809,Plein jour,En agglomération,Hors intersection,Normale,Deux véhicules - arrière,4,2,2,1,1,3,1,0,5,20,2,2,1,0,1,0,45.0,66.0,voiture,deux_roues,1,2,1,1,2
202400013635,2024-11-22 07:53:00,2024,11,22,7,53,22,22278,CLEMENCEAU (BD),48.50836,-2.76026,Nuit avec éclairage allumé,En agglomération,Hors intersection,Pluie légère,Autre collision,4,2,0,0,1,1,2,0,1,30,1,3,2,0,1,0,49.0,,voiture,,5,2,1,2,6
202400013636,2024-04-22 01:50:00,2024,4,22,1,50,33,33063,,44.83349921,-0.57422608,Nuit avec éclairage allumé,En agglomération,Intersection en Y,Normale,Autre collision,4,1,1,3,1,1,1,9,6,30,1,1,0,0,0,1,22.0,,deux_roues,,5,2,4,1,6
202400013636,2024-04-22 01:50:00,2024,4,22,1,50,33,33063,,44.83349921,-0.57422608,Nuit avec éclairage allumé,En agglomération,Intersection en Y,Normale,Autre collision,4,1, -1,-1,1,1,1,0,1,30,1,1,0,0,0,1,22.0,,deux_roues,,5,2,4,1,6
202400013637,2024-04-21 17:20:00,2024,4,21,17,20,33,33063,RUE JULES GUESDE,44.82952,-0.56454,Plein jour,En agglomération,Intersection en T,Normale,Autre collision,4,1,1,0,1,1,1,0,1,30,1,1,0,0,1,0,55.0,,voiture,,1,2,3,1,6
202400013637,2024-04-21 17:20:00,2024,4,21,17,20,33,33063,RUE JULES GUESDE,44.82952,-0.56454,Plein jour,En agglomération,Intersection en T,Normale,Autre collision,4,1,1,0,1,1,1,0,1,30,1,1,0,0,1,0,55.0,,voiture,,1,2,3,1,6
202400013638,2024-11-22 07:50:00,2024,11,22,7,50,15,15014,RD 117,44.92418049,2.47152637,Plein jour,Hors agglomération,Hors intersection,Normale,Autre collision,3,2,2,0,1,2,7,0,1,80,1,1,0,0,0,1,19.0,,voiture,,1,1,1,1,6
202400013639,2024-04-21 02:25:00,2024,4,21,2,25,33,33063,Rue Capdeville,44.84413326,-0.58802654,Nuit avec éclairage allumé,En agglomération,Hors intersection,Normale,Autre collision,4,2,1,0,1,1,1,0,4,30,1,2,1,0,0,1,25.0,,deux_roues,,5,2,1,1,6
202400013640,2024-04-19 13:45:00,2024,4,19,13,45,33,33318,,44.78501,-0.66242,Plein jour,En agglomération,Autre intersection,Normale,Deux véhicules - côté,5,3,2,0,1,1,1,5,1,30,2,3,0,0,0,3,25.0,23.0,voiture,voiture,1,2,9,1,3
202400013641,2024-11-21 07:35:00,2024,11,21,7,35,14,14366,Route de Paris,49.14669,0.25898,Nuit sans éclairage public,En agglomération,Hors intersection,Neige / grêle,Deux véhicules - côté,3,2,3,0,1,1,2,0,1,50,2,3,2,0,0,1,50.0,19.0,voiture,utilitaire_camion,3,2,1,4,3
202400013642,2024-04-21 17:12:00,2024,4,21,17,12,31,31555,PAS LOUIS PERGAUD,43.56495,1.39467,Plein jour,En agglomération,Hors intersection,Normale,Deux véhicules - côté,4,3,2,0,1,1,1,6,1,50,2,3,1,0,0,2,78.0,40.0,voiture,voiture,1,2,1,1,3
202400013643,2024-11-22 19:20:00,2024,11,22,19,20,13,13054,MARECHAL JUIN (AV DU ),43.41997801,5.22569179,Nuit avec éclairage allumé,En agglomération,Hors intersection,Normale,Deux véhicules - frontale,4,2,2,0,1,1,1,0,1,50,2,2,1,0,0,1,69.0,21.0,voiture,deux_roues,5,2,1,1,1
202400013644,2024-04-19 17:50:00,2024,4,19,17,50,22,22113,MORLAIX (ROUTE DE),48.72182,-3.4818,Plein jour,En agglomération,Hors intersection,Normale,Sans collision,4,2,2,0,1,3,1,0,1,50,1,1,0,0,0,1,65.0,,deux_roues,,1,2,1,1,7
202400013645,2024-04-21 22:00:00,2024,4,21,22,0,17,17415,DUFAURE AVENUE JULES,45.74762143,-0.61252282,Nuit avec éclairage allumé,En agglomération,Hors intersection,Normale,Sans collision,4,2,2,0,2,1,1,0,1,50,1,1,0,0,0,1,22.0,,voiture,,5,2,1,1,7
202400013646,2024-11-22 11:50:00,2024,11,22,11,50,13,13202,CAMILLE PELLETAN (AVENUE),43.30326,5.37394,Plein jour,En agglomération,Intersection en T,Normale,Deux véhicules - côté,4,2,3,3,1,1,1,0,6,50,2,2,1,0,0,1,47.0,46.0,deux_roues,voiture,1,2,3,1,3
202400013646,2024-11-22 11:50:00,2024,11,22,11,50,13,13202,CAMILLE PELLETAN (AVENUE),43.30326,5.37394,Plein jour,En agglomération,Intersection en T,Normale,Deux véhicules - côté,4,1,1,0,1,1,1,0,1,50,2,2,1,0,0,1,47.0,46.0,deux_roues,voiture,1,2,3,1,3
202400013647,2024-04-21 05:05:00,2024,4,21,5,5,17,17300,DOCTEUR DANIEL PLANET,46.14754,-1.15064,Nuit avec éclairage allumé,En agglomération,Hors intersection,Normale,Sans collision,4,2,2,0,1,3,1,0,1,30,1,2,1,0,0,1,24.0,,voiture,,5,2,1,1,7
202400013648,2024-11-22 07:19:00,2024,11,22,7,19,13,13213,ROTONDE (PLACE DE LA),43.32958,5.41986,Crépuscule ou aube,En agglomération,Giratoire,Normale,Deux véhicules - frontale,4,-1,2,0,1,1,1,9,1,50,1,2,1,0,1,0,,,voiture,,2,2,6,1,1
202400013648,2024-11-22 07:19:00,2024,11,22,7,19,13,13213,ROTONDE (PLACE DE LA),43.32958,5.41986,Crépuscule ou aube,En agglomération,Giratoire,Normale,Deux véhicules - frontale,4,-1,2,0,1,1,1,9,1,50,1,2,1,0,1,0,,,voiture,,2,2,6,1,1
202400013649,2024-11-22 02:30:00,2024,11,22,2,30,13,13211,POMME (BOULEVARD DE LA ),43.29129,5.4434,Nuit avec éclairage allumé,En agglomération,Hors intersection,Temps couvert,Deux véhicules - frontale,4,2,2,1,2,3,2,0,1,50,2,3,0,0,0,3,29.0,26.0,voiture,voiture,5,2,1,8,1
202400013650,2024-04-21 19:15:00,2024,4,21,19,15,13,13117,MARSEILLE ( AVENUE DE ),43.45026,5.25257,Plein jour,En agglomération,Intersection en T,Normale,Deux véhicules - frontale,4,2,0,0,2,1,1,0,1,50,3,4,1,0,0,3,20.0,32.0,voiture,voiture,1,2,3,1,1
202400013650,2024-04-21 19:15:00,2024,4,21,19,15,13,13117,MARSEILLE ( AVENUE DE ),43.45026,5.25257,Plein jour,En agglomération,Intersection en T,Normale,Deux véhicules - frontale,4,2,2,0,2,1,1,0,1,50,3,4,1,0,0,3,20.0,32.0,voiture,voiture,1,2,3,1,1
202400013651,2024-11-22 01:30:00,2024,11,22,1,30,13,13206,PRADO (AVENUE DU),43.26619,5.38229,Nuit avec éclairage allumé,En agglomération,Hors intersection,Normale,Deux véhicules - arrière,4,-1,4,0,1,1,1,0,1,50,2,4,2,0,0,2,32.0,22.0,voiture,utilitaire_camion,5,2,1,1,2
202400013652,2024-04-21 18:45:00,2024,4,21,18,45,13,13210,ROMAIN ROLLAND (BOULEVARD),43.27001,5.40626,Plein jour,En agglomération,Hors intersection,Normale,Deux véhicules - côté,4,2,4,0,1,1,1,0,1,50,2,2,1,0,1,0,41.0,,deux_roues,voiture,1,2,1,1,3
202400013653,2024-11-22 07:10:00,2024,11,22,7,10,11,11262,,43.19022,3.00615,Nuit sans éclairage public,En agglomération,Intersection en X,Temps couvert,Sans collision,4,2,3,0,1,1,2,0,1,50,1,2,0,0,0,2,23.0,,voiture,,3,2,2,8,7
202400013653,2024-11-22 07:10:00,2024,11,22,7,10,11,11262,,43.19022,3.00615,Nuit sans éclairage public,En agglomération,Intersection en X,Temps couvert,Sans collision,4,1,2,0,1,1,2,0,1,50,1,2,0,0,0,2,23.0,,voiture,,3,2,2,8,7
202400013654,2024-04-20 15:35:00,2024,4,20,15,35,13,13028,CD 559,43.1828403,5.66886493,Plein jour,Hors agglomération,Hors intersection,Normale,Deux véhicules - frontale,7,2,2,0,1,1,1,0,1,80,2,3,0,0,1,2,61.0,21.0,voiture,deux_roues,1,1,1,1,1
202400013655,2024-11-21 18:25:00,2024,11,21,18,25,11,11069,Rue du Manège,43.20811,2.354428,Nuit avec éclairage allumé,En agglomération,Intersection en X,Pluie légère,Autre collision,4,1,1,0,1,1,2,0,1,50,1,2,1,0,0,1,34.0,,voiture,,5,2,2,2,6
202400013655,2024-11-21 18:25:00,2024,11,21,18,25,11,11069,Rue du Manège,43.20811,2.354428,Nuit avec éclairage allumé,En agglomération,Intersection en X,Pluie légère,Autre collision,4,1,1,0,1,1,2,0,1,500,1,2,1,0,0,1,34.0,,voiture,,5,2,2,2,6
202400013656,2024-04-21 12:00:00,2024,4,21,12,0,13,13005,SALENGRO (AVENUE ROGER),43.30383561,5.57223327,Plein jour,En agglomération,Giratoire,Normale,Deux véhicules - côté,4,1,1,0,4,2,1,0,1,50,2,4,2,0,0,2,16.0,89.0,voiture,voiture,1,2,6,1,3
202400013656,2024-04-21 12:00:00,2024,4,21,12,0,13,13005,SALENGRO (AVENUE ROGER),43.30383561,5.57223327,Plein jour,En agglomération,Giratoire,Normale,Deux véhicules - côté,4,2,2,0,2,3,1,0,1,50,2,4,2,0,0,2,16.0,89.0,voiture,voiture,1,2,6,1,3
202400013657,2024-11-21 18:00:00,2024,11,21,18,0,11,11069,72 Boulevard Paul Langevin,43.224224,2.336018,Nuit avec éclairage allumé,En agglomération,Hors intersection,Pluie légère,Deux véhicules - côté,4,2,2,0,1,1,2,0,1,50,2,2,1,0,0,1,75.0,45.0,voiture,voiture,5,2,1,2,3
202400013658,2024-04-21 16:30:00,2024,4,21,16,30,13,13004,RUE MIRABEAU,43.67539,4.63968,Plein jour,En agglomération,Intersection en X,Normale,Deux véhicules - côté,4,1,1,0,1,1,1,0,1,50,2,3,2,0,0,1,48.0,17.0,voiture,autre,1,2,2,1,3
202400013658,2024-04-21 16:30:00,2024,4,21,16,30,13,13004,RUE MIRABEAU,43.67539,4.63968,Plein jour,En agglomération,Intersection en X,Normale,Deux véhicules - côté,4,1,1,0,1,1,1,0,1,50,2,3,2,0,0,1,48.0,17.0,voiture,autre,1,2,2,1,3
202400013659,2024-11-22 17:40:00,2024,11,22,17,40,10,10333,Avenue d'Echenilly,48.28036,4.04532,Nuit avec éclairage allumé,En agglomération,Intersection en T,Neige / grêle,Deux véhicules - côté,4,2,2,0,1,1,2,0,1,50,2,2,1,0,1,0,15.0,79.0,deux_roues,voiture,5,2,3,4,3
202400013659,2024-11-22 17:40:00,2024,11,22,17,40,10,10333,Avenue d'Echenilly,48.28036,4.04532,Nuit avec éclairage allumé,En agglomération,Intersection en T,Neige / grêle,Deux véhicules - côté,4,2,0,0,1,1,2,0,1,50,2,2,1,0,1,0,15.0,79.0,deux_roues,voiture,5,2,3,4,3
202400013660,2024-04-21 23:30:00,2024,4,21,23,30,06,06088,2 Avenue Saint-Jean-Baptiste,43.70284,7.27886,Nuit avec éclairage allumé,En agglomération,Hors intersection,Pluie légère,Autre collision,4,1,3,2,1,1,2,0,1,50,1,2,1,0,1,0,29.0,,voiture,,5,2,1,2,6
202400013661,2024-11-22 12:25:00,2024,11,22,12,25,07,07186,BOURRET (RUE DU DOCTEUR),44.7313,4.59033,Plein jour,En agglomération,Hors intersection,Normale,Deux véhicules - frontale,3,2,2,0,2,2,1,0,1,50,2,2,1,1,0,0,42.0,74.0,voiture,deux_roues,1,2,1,1,1
202400013662,2024-04-21 21:30:00,2024,4,21,21,30,06,06104,18 Avenue Francois de Monleon,43.76049,7.4829,Nuit avec éclairage allumé,En agglomération,Hors intersection,Pluie légère,Deux véhicules - frontale,4,2,2,0,1,1,2,0,1,50,2,3,1,0,0,2,53.0,29.0,voiture,deux_roues,5,2,1,2,1
202400013663,2024-11-22 09:25:00,2024,11,22,9,25,06,06159,145 Avenue Bella Vista,43.71047,7.31944,Plein jour,Hors agglomération,Autre intersection,Normale,Deux véhicules - côté,7,2,2,0,1,1,1,0,1,50,2,2,1,0,0,1,55.0,55.0,voiture,deux_roues,1,1,9,1,3
202400013664,2024-04-21 16:20:00,2024,4,21,16,20,06,06104,77 Avenue Gabriel Hanotaux,43.764625,7.456425,Plein jour,En agglomération,Intersection en Y,Normale,Deux véhicules - côté,3,2,2,0,2,1,1,0,1,50,2,2,1,0,1,0,24.0,34.0,deux_roues,voiture,1,2,4,1,3
202400013664,2024-04-21 16:20:00,2024,4,21,16,20,06,06104,77 Avenue Gabriel Hanotaux,43.764625,7.456425,Plein jour,En agglomération,Intersection en Y,Normale,Deux véhicules - côté,3,2,2,0,2,1,1,0,1,50,2,2,1,0,1,0,24.0,34.0,deux_roues,voiture,1,2,4,1,3
202400013665,2024-11-21 15:00:00,2024,11,21,15,0,06,06088,16 Rue du Congrès,43.69723,7.2629,Plein jour,En agglomération,Place,Normale,Deux véhicules - côté,4,1,1,1,1,3,1,5,5,50,2,2,1,0,1,0,25.0,45.0,voiture,deux_roues,1,2,7,1,3
202400013666,2024-11-22 14:40:00,2024,11,22,14,40,06,06104,17 Avenue de France,43.75311,7.44017,Plein jour,En agglomération,Hors intersection,Normale,Autre collision,3,2,2,0,1,1,1,0,1,50,1,2,0,0,1,1,38.0,,deux_roues,,1,2,1,1,6
202400013667,2024-04-21 12:05:00,2024,4,21,12,5,06,06069,57 Avenue Georges Pompidou,43.647697,6.937209,Plein jour,En agglomération,Hors intersection,Normale,Deux véhicules - côté,4,2,2,2,2,1,1,0,1,50,2,6,5,0,0,1,51.0,63.0,voiture,deux_roues,1,2,1,1,3
202400013668,2024-11-18 14:00:00,2024,11,18,14,0,06,06029,95 Avenue Docteur Raymond Picaud,43.55028,6.98777,Plein jour,En agglomération,Hors intersection,Normale,Deux véhicules - côté,4,2,2,0,1,1,1,0,1,50,2,3,1,0,1,1,40.0,71.0,deux_roues,voiture,1,2,1,1,3
202400013669,2024-11-20 15:00:00,2024,11,20,15,0,75,75113,BD PERIPHERIQUE INTERIEUR,48.816114,2.362523,Plein jour,En agglomération,Hors intersection,Normale,Deux véhicules - côté,4,1,3,0,1,1,1,0,1,50,2,5,4,0,0,1,58.0,46.0,utilitaire_camion,voiture,1,2,1,1,3
202400013670,2024-04-20 23:30:00,2024,4,20,23,30,75,75112,BD PERIPHERIQUE INTERIEUR,48.842254,2.413632,Nuit avec éclairage allumé,En agglomération,Hors intersection,Normale,Trois véhicules et plus - en chaîne,4,1,4,0,1,1,1,0,1,70,4,6,4,0,0,2,33.0,31.0,utilitaire_camion,voiture,5,2,1,1,4
202400013671,2024-04-21 15:45:00,2024,4,21,15,45,75,75120,BD PERIPHERIQUE EXTERIEUR,48.848263,2.414947,Plein jour,En agglomération,Autre intersection,Normale,Autre collision,4,1,4,0,1,1,1,0,1,70,2,2,1,0,0,1,37.0,45.0,voiture,utilitaire_camion,1,2,9,1,6
202400013672,2024-11-18 15:30:00,2024,11,18,15,30,75,75113,BD PERIPHERIQUE INTERIEUR,48.819197,2.371793,Plein jour,En agglomération,Hors intersection,Pluie légère,Deux véhicules - arrière,4,1,4,0,1,1,2,0,1,50,2,2,1,0,0,1,38.0,35.0,voiture,voiture,1,2,1,2,2
202400013673,2024-04-21 03:57:00,2024,4,21,3,57,75,75120,RUE DES ORTEAUX,48.85616,2.405005,Nuit avec éclairage allumé,En agglomération,Intersection en X,Temps couvert,Autre collision,4,2, -1,-1,1,1,1,0,1,30,1,1,0,0,1,0,38.0,,deux_roues,,5,2,2,8,6
202400013673,2024-04-21 03:57:00,2024,4,21,3,57,75,75120,RUE DES ORTEAUX,48.85616,2.405005,Nuit avec éclairage allumé,En agglomération,Intersection en X,Temps couvert,Autre collision,4,3,3,0,1,1,1,0,1,30,1,1,0,0,1,0,38.0,,deux_roues,,5,2,2,8,6
202400013674,2024-11-22 20:36:00,2024,11,22,20,36,75,75120,BOULEVARD DAVOUT,48.847939,2.411334,Nuit avec éclairage allumé,En agglomération,Intersection en T,Normale,Deux véhicules - côté,4,2,2,0,1,1,1,0,1,50,2,2,1,0,0,1,32.0,,deux_roues,voiture,5,2,3,1,3
202400013674,2024-11-22 20:36:00,2024,11,22,20,36,75,75120,BOULEVARD DAVOUT,48.847939,2.411334,Nuit avec éclairage allumé,En agglomération,Intersection en T,Normale,Deux véhicules - côté,4,2,0,0,1,1,1,0,1,50,2,2,1,0,0,1,32.0,,deux_roues,voiture,5,2,3,1,3
202400013675,2024-04-21 08:30:00,2024,4,21,8,30,75,75119,RUE DE L INSPECTEUR ALLES,48.880076,2.398363,Crépuscule ou aube,En agglomération,Intersection à plus de 4 branches,Normale,Deux véhicules - côté,4,1,4,0,1,1,1,0,1,30,2,2,1,0,0,1,32.0,25.0,voiture,deux_roues,2,2,5,1,3
202400013675,2024-04-21 08:30:00,2024,4,21,8,30,75,75119,RUE DE L INSPECTEUR ALLES,48.880076,2.398363,Crépuscule ou aube,En agglomération,Intersection à plus de 4 branches,Normale,Deux véhicules - côté,4,1,4,0,1,1,1,0,1,30,2,2,1,0,0,1,32.0,25.0,voiture,deux_roues,2,2,5,1,3
202400013676,2024-11-22 00:30:00,2024,11,22,0,30,75,75117,RUE POUCHET,48.891558,2.318476,Nuit avec éclairage allumé,En agglomération,Intersection en X,Temps couvert,Autre collision,4,1, -1,-1,1,1,2,0,1,-1,1,2,1,0,0,1,32.0,,voiture,,5,2,2,8,6
202400013676,2024-11-22 00:30:00,2024,11,22,0,30,75,75117,RUE POUCHET,48.891558,2.318476,Nuit avec éclairage allumé,En agglomération,Intersection en X,Temps couvert,Autre collision,4,1,1,0,1,1,2,0,1,30,1,2,1,0,0,1,32.0,,voiture,,5,2,2,8,6
202400013677,2024-04-20 15:15:00,2024,4,20,15,15,75,75117,BOULEVARD BESSIERES,48.894991,2.315536,Plein jour,En agglomération,Intersection en Y,Normale,Deux véhicules - arrière,4,1,4,1,1,1,1,0,2,30,2,2,1,0,0,1,,48.0,deux_roues,deux_roues,1,2,4,1,2
202400013677,2024-04-20 15:15:00,2024,4,20,15,15,75,75117,BOULEVARD BESSIERES,48.894991,2.315536,Plein jour,En agglomération,Intersection en Y,Normale,Deux véhicules - arrière,4,1, -1,-1,1,1,1,0,1,30,2,2,1,0,0,1,,48.0,deux_roues,deux_roues,1,2,4,1,2
202400013678,2024-04-21 17:25:00,2024,4,21,17,25,75,75113,RUE DE TOLBIAC,48.825844,2.350466,Plein jour,En agglomération,Intersection à plus de 4 branches,Normale,Deux véhicules - frontale,4,2,2,1,1,1,1,5,1,30,2,2,1,0,0,1,52.0,45.0,voiture,deux_roues,1,2,5,1,1
202400013678,2024-04-21 17:25:00,2024,4,21,17,25,75,75113,RUE DE TOLBIAC,48.825844,2.350466,Plein jour,En agglomération,Intersection à plus de 4 branches,Normale,Deux véhicules - frontale,4,2,3,1,1,1,1,5,1,30,2,2,1,0,0,1,52.0,45.0,voiture,deux_roues,1,2,5,1,1