accident_id,datetime,annee,mois,jour,heure,minute,departement,commune_insee,adresse,latitude,longitude,luminosite,agglomeration,intersection,meteo,collision,catr,circ,nbv,vosp,prof,plan,surf,infra,situ,vma,nb_vehicules,nb_usagers,nb_indemnes,nb_tues,nb_blesses_hosp,nb_blesses_legers,age_cond_1,age_cond_2,veh_type_cond_1,veh_type_cond_2,lum_code,agg_code,int_code,atm_code,col_code
202400013679,2024-11-22 10:15:00,2024,11,22,10,15,75,75116,RUE DU DOCTEUR BLANCHE,48.85299,2.264819,Plein jour,En agglomération,Intersection en T,Temps couvert,Trois véhicules et plus - collisions multiples,4,1, -1,-1,1,1,2,0,1,-1,4,4,2,0,0,2,88.0,76.0,voiture,voiture,1,2,3,8,5
202400013679,2024-11-22 10:15:00,2024,11,22,10,15,75,75116,RUE DU DOCTEUR BLANCHE,48.85299,2.264819,Plein jour,En agglomération,Intersection en T,Temps couvert,Trois véhicules et plus - collisions multiples,4,1,1,0,1,1,2,8,1,30,4,4,2,0,0,2,88.0,76.0,voiture,voiture,1,2,3,8,5
202400013680,2024-04-21 17:50:00,2024,4,21,17,50,75,75113,AVENUE D ITALIE,48.823914,2.357956,Plein jour,En agglomération,Hors intersection,Pluie légère,Deux véhicules - côté,4,2,6,1,1,1,2,0,1,30,2,3,2,0,0,1,44.0,57.0,deux_roues,voiture,1,2,1,2,3
202400013681,2024-11-22 09:28:00,2024,11,22,9,28,75,75114,AVENUE JEAN MOULIN,48.827363,2.325702,Plein jour,En agglomération,Hors intersection,Normale,Autre collision,4,-1,1,0,1,1,2,0,1,30,1,2,1,0,1,0,35.0,,utilitaire_camion,,1,2,1,1,6
202400013682,2024-04-21 17:40:00,2024,4,21,17,40,75,75113,BOULEVARD VINCENT AURIOL,48.834003,2.364695,Plein jour,En agglomération,Intersection en T,Normale,Deux véhicules - côté,4,2,6,1,2,1,1,0,1,30,2,2,1,0,0,1,46.0,24.0,voiture,deux_roues,1,2,3,1,3
202400013682,2024-04-21 17:40:00,2024,4,21,17,40,75,75113,BOULEVARD VINCENT AURIOL,48.834003,2.364695,Plein jour,En agglomération,Intersection en T,Normale,Deux véhicules - côté,4,2,2,0,1,1,1,0,1,30,2,2,1,0,0,1,46.0,24.0,voiture,deux_roues,1,2,3,1,3
202400013683,2024-11-22 20:00:00,2024,11,22,20,0,75,75113,AVENUE DE LA PORTE D IVRY,48.820023,2.372091,Nuit avec éclairage allumé,En agglomération,Hors intersection,Normale,Autre collision,4,2,3,3,1,1,2,0,1,30,1,1,0,0,0,1,58.0,,voiture,,5,2,1,1,6
202400013684,2024-04-21 05:50:00,2024,4,21,5,50,75,75111,AVENUE PARMENTIER,48.86811,2.372473,Nuit avec éclairage allumé,En agglomération,Intersection en X,Normale,Deux véhicules - frontale,4,2,3,0,2,1,1,0,1,30,2,2,0,0,0,2,22.0,42.0,deux_roues,voiture,5,2,2,1,1
202400013684,2024-04-21 05:50:00,2024,4,21,5,50,75,75111,AVENUE PARMENTIER,48.86811,2.372473,Nuit avec éclairage allumé,En agglomération,Intersection en X,Normale,Deux véhicules - frontale,4,1,1,0,1,3,1,0,1,30,2,2,0,0,0,2,22.0,42.0,deux_roues,voiture,5,2,2,1,1
202400013685,2024-11-22 22:10:00,2024,11,22,22,10,75,75111,AVENUE DE LA REPUBLIQUE,48.866351,2.368848,Nuit sans éclairage public,En agglomération,Intersection en X,Normale,Deux véhicules - côté,4,2,4,1,1,1,1,-1,5,30,2,2,1,0,0,1,27.0,40.0,voiture,deux_roues,3,2,2,1,3
202400013685,2024-11-22 22:10:00,2024,11,22,22,10,75,75111,AVENUE DE LA REPUBLIQUE,48.866351,2.368848,Nuit sans éclairage public,En agglomération,Intersection en X,Normale,Deux véhicules - côté,4,3, -1,-1,1,1,1,-1,5,-1,2,2,1,0,0,1,27.0,40.0,voiture,deux_roues,3,2,2,1,3
202400013686,2024-04-21 18:50:00,2024,4,21,18,50,75,75116,BOULEVARD EMILE AUGIER,48.858307,2.272636,Plein jour,En agglomération,Intersection à plus de 4 branches,Normale,Autre collision,4,2,2,0,1,1,1,0,1,30,1,2,1,0,0,1,,,voiture,,1,2,5,1,6
202400013686,2024-04-21 18:50:00,2024,4,21,18,50,75,75116,BOULEVARD EMILE AUGIER,48.858307,2.272636,Plein jour,En agglomération,Intersection à plus de 4 branches,Normale,Autre collision,4,2,2,0,1,1,1,0,1,30,1,2,1,0,0,1,,,voiture,,1,2,5,1,6
202400013687,2024-11-22 12:15:00,2024,11,22,12,15,75,75108,RUE DE CONSTANTINOPLE,48.880135,2.319936,Plein jour,En agglomération,Intersection en Y,Normale,Autre collision,4,1, -1,-1,1,1,1,0,1,-1,1,2,0,0,0,2,30.0,,deux_roues,,1,2,4,1,6
202400013687,2024-11-22 12:15:00,2024,11,22,12,15,75,75108,RUE DE CONSTANTINOPLE,48.880135,2.319936,Plein jour,En agglomération,Intersection en Y,Normale,Autre collision,4,1,1,0,1,1,1,0,1,30,1,2,0,0,0,2,30.0,,deux_roues,,1,2,4,1,6
202400013688,2024-04-21 06:40:00,2024,4,21,6,40,94,94078,Rue de Paris / Rue de l'Orme Sainte Marie,48.73907,2.44674,Crépuscule ou aube,En agglomération,Intersection en T,Normale,Deux véhicules - côté,2,3,4,0,1,1,1,0,1,50,2,1,0,0,0,1,56.0,,deux_roues,,2,2,3,1,3
202400013688,2024-04-21 06:40:00,2024,4,21,6,40,94,94078,Rue de Paris / Rue de l'Orme Sainte Marie,48.73907,2.44674,Crépuscule ou aube,En agglomération,Intersection en T,Normale,Deux véhicules - côté,2,2,2,0,1,1,1,0,1,-1,2,1,0,0,0,1,56.0,,deux_roues,,2,2,3,1,3
202400013689,2024-11-22 18:23:00,2024,11,22,18,23,75,75107,QUAI ANATOLE FRANCE,48.862094,2.320815,Nuit avec éclairage allumé,En agglomération,Hors intersection,Normale,Deux véhicules - côté,4,1,4,1,1,1,1,0,1,30,2,2,1,0,0,1,,31.0,utilitaire_camion,deux_roues,5,2,1,1,3
202400013690,2024-04-21 10:23:00,2024,4,21,10,23,93,93005,Rue Jules Vallès,48.93295,2.5043,Plein jour,En agglomération,Hors intersection,Normale,Autre collision,4,2,2,2,2,1,1,0,1,50,1,2,0,0,0,2,51.0,,voiture,,1,2,1,1,6
202400013691,2024-11-22 09:40:00,2024,11,22,9,40,75,75102,PLACE DES VICTOIRES,48.865926,2.341364,Plein jour,En agglomération,Place,Temps couvert,Sans collision,4,1,2,0,1,3,2,0,1,30,1,1,0,0,0,1,42.0,,deux_roues,,1,2,7,8,7
202400013691,2024-11-22 09:40:00,2024,11,22,9,40,75,75102,PLACE DES VICTOIRES,48.865926,2.341364,Plein jour,En agglomération,Place,Temps couvert,Sans collision,4,1,1,0,1,1,2,0,1,30,1,1,0,0,0,1,42.0,,deux_roues,,1,2,7,8,7
202400013692,2024-04-21 18:48:00,2024,4,21,18,48,93,93048,Place Jean Jaures / Avenue Walwein,48.86234627,2.4437352,Plein jour,En agglomération,Intersection en X,Temps couvert,Deux véhicules - côté,4,2,1,3,1,1,1,0,1,30,2,2,1,0,0,1,49.0,,transport_commun,deux_roues,1,2,2,8,3
202400013692,2024-04-21 18:48:00,2024,4,21,18,48,93,93048,Place Jean Jaures / Avenue Walwein,48.86234627,2.4437352,Plein jour,En agglomération,Intersection en X,Temps couvert,Deux véhicules - côté,4,2,1,3,1,1,1,0,1,50,2,2,1,0,0,1,49.0,,transport_commun,deux_roues,1,2,2,8,3
202400013693,2024-11-21 17:15:00,2024,11,21,17,15,75,75101,RUE DE L AMIRAL DE COLIGNY,48.860634,2.340694,Nuit avec éclairage allumé,En agglomération,Hors intersection,Neige / grêle,Autre collision,4,2,4,3,1,1,2,0,1,30,1,2,1,0,0,1,71.0,,voiture,,5,2,1,4,6
202400013694,2024-04-21 15:10:00,2024,4,21,15,10,93,93047,Boulevard Bargue,48.901063,2.558142,Plein jour,En agglomération,Hors intersection,Pluie légère,Deux véhicules - arrière,4,2,2,0,1,1,2,0,1,50,2,2,1,0,0,1,44.0,,voiture,voiture,1,2,1,2,2
202400013695,2024-11-21 14:40:00,2024,11,21,14,40,75,75102,RUE FEYDEAU,48.869888,2.339034,Plein jour,En agglomération,Intersection en T,Neige / grêle,Autre collision,4,1,2,3,1,1,2,0,1,30,1,2,1,0,0,1,,,utilitaire_camion,,1,2,3,4,6
202400013695,2024-11-21 14:40:00,2024,11,21,14,40,75,75102,RUE FEYDEAU,48.869888,2.339034,Plein jour,En agglomération,Intersection en T,Neige / grêle,Autre collision,4,1,2,1,1,1,2,0,1,30,1,2,1,0,0,1,,,utilitaire_camion,,1,2,3,4,6
202400013696,2024-04-21 19:50:00,2024,4,21,19,50,92,92051,GENERAL KOENIG (BOULEVARD DU),48.88005,2.25084,Plein jour,En agglomération,Hors intersection,Normale,Deux véhicules - côté,3,2,4,0,1,1,1,0,1,50,2,4,2,0,0,2,37.0,44.0,voiture,voiture,1,2,1,1,3
202400013697,2024-04-21 12:45:00,2024,4,21,12,45,92,92026,TROIS FRÈRES LEBOEUF (PLACE DES),48.89748517,2.2384149,Plein jour,En agglomération,Autre intersection,Normale,Deux véhicules - côté,4,2,4,1,1,1,1,0,5,50,2,2,1,0,0,1,43.0,29.0,voiture,deux_roues,1,2,9,1,3
202400013698,2024-11-22 18:15:00,2024,11,22,18,15,94,94078,Avenue Anatole France,48.74669418,2.45276635,Nuit avec éclairage allumé,En agglomération,Hors intersection,Normale,Deux véhicules - arrière,4,2,2,0,1,1,1,9,1,50,2,3,1,0,0,2,75.0,54.0,voiture,voiture,5,2,1,1,2
202400013699,2024-04-21 17:25:00,2024,4,21,17,25,92,92036,BAS ( RUE DES ),48.91434,2.29699,Plein jour,En agglomération,Hors intersection,Normale,Sans collision,3,1,2,0,1,1,1,0,1,50,1,1,0,0,1,0,20.0,,deux_roues,,1,2,1,1,7
202400013700,2024-04-21 10:50:00,2024,4,21,10,50,974,97415,Chemin du Tour des Roches,-21.002604,55.300209,Plein jour,Hors agglomération,Hors intersection,Normale,Autre collision,4,2,2,0,1,1,1,9,3,-1,1,2,1,0,0,1,35.0,,voiture,,1,1,1,1,6
202400013701,2024-11-22 02:30:00,2024,11,22,2,30,94,94068,Avenue Raymond Poincaré,48.80100157,2.51866239,Nuit avec éclairage allumé,En agglomération,Hors intersection,Neige / grêle,Autre collision,3,2,2,0,1,1,7,0,4,30,1,2,0,0,0,2,53.0,,utilitaire_camion,,5,2,1,4,6
202400013702,2024-11-21 22:55:00,2024,11,21,22,55,94,94068,Boulevard Rabelais,48.80535729,2.48316114,Nuit avec éclairage allumé,En agglomération,Hors intersection,Neige / grêle,Sans collision,3,2,2,0,2,1,7,0,1,30,1,1,0,0,0,1,32.0,,deux_roues,,5,2,1,4,7
202400013703,2024-11-22 16:30:00,2024,11,22,16,30,94,94041,Avenue Georges Gosnat,48.81345736,2.38877769,Plein jour,En agglomération,Hors intersection,Normale,Deux véhicules - côté,3,3,2,1,1,1,1,0,1,50,2,2,1,0,0,1,39.0,23.0,voiture,deux_roues,1,2,1,1,3
202400013704,2024-11-22 14:45:00,2024,11,22,14,45,94,94041,Avenue de Verdun,48.812953,2.37056,Plein jour,En agglomération,Hors intersection,Pluie légère,Autre collision,3,1,2,0,1,1,2,0,1,50,1,2,1,0,1,0,59.0,,deux_roues,,1,2,1,2,6
202400013705,2024-04-18 21:35:00,2024,4,18,21,35,86,86272,D14,46.82728,0.472325,Nuit sans éclairage public,Hors agglomération,Hors intersection,Normale,Autre collision,3,2,2,0,1,1,1,0,1,80,1,1,0,0,1,0,27.0,,deux_roues,,3,1,1,1,6
202400013706,2024-11-22 08:35:00,2024,11,22,8,35,94,94037,Avenue Paul Vaillant-couturier,48.8168871,2.33279758,Plein jour,En agglomération,Hors intersection,Neige / grêle,Deux véhicules - côté,3,2,2,0,1,1,7,0,1,30,2,2,1,0,0,1,54.0,37.0,deux_roues,voiture,1,2,1,4,3
202400013707,2024-04-22 18:10:00,2024,4,22,18,10,68,68177,D430,47.935545,7.17948,Plein jour,Hors agglomération,Intersection en X,Normale,Deux véhicules - côté,3,3,0,0,1,1,1,0,1,70,2,2,1,0,0,1,20.0,31.0,deux_roues,voiture,1,1,2,1,3
202400013707,2024-04-22 18:10:00,2024,4,22,18,10,68,68177,D430,47.935545,7.17948,Plein jour,Hors agglomération,Intersection en X,Normale,Deux véhicules - côté,3,2, -1,-1,1,1,1,0,1,-1,2,2,1,0,0,1,20.0,31.0,deux_roues,voiture,1,1,2,1,3
202400013708,2024-04-22 08:25:00,2024,4,22,8,25,95,95487,D78,49.15508098,2.26818411,Plein jour,En agglomération,Autre intersection,Normale,Deux véhicules - frontale,3,2,2,0,1,1,1,0,1,50,2,2,0,0,0,2,30.0,32.0,voiture,voiture,1,2,9,1,1
202400013709,2024-11-22 13:15:00,2024,11,22,13,15,94,94028,Rue Sully,48.76701,2.47229,Plein jour,En agglomération,Giratoire,Pluie légère,Deux véhicules - côté,3,3,4,-1,1,1,2,9,1,-1,2,2,1,0,0,1,58.0,21.0,voiture,deux_roues,1,2,6,2,3
202400013709,2024-11-22 13:15:00,2024,11,22,13,15,94,94028,Rue Sully,48.76701,2.47229,Plein jour,En agglomération,Giratoire,Pluie légère,Deux véhicules - côté,3,1,1,0,1,1,2,9,1,50,2,2,1,0,0,1,58.0,21.0,voiture,deux_roues,1,2,6,2,3
202400013710,2024-04-20 14:45:00,2024,4,20,14,45,11,11148,D6113,43.18049,2.679334,Plein jour,Hors agglomération,Intersection en T,Normale,Deux véhicules - côté,3,2,1,0,2,1,1,0,1,80,2,3,1,0,1,1,81.0,,voiture,voiture,1,1,3,1,3
202400013710,2024-04-20 14:45:00,2024,4,20,14,45,11,11148,D6113,43.18049,2.679334,Plein jour,Hors agglomération,Intersection en T,Normale,Deux véhicules - côté,3,2, -1,-1,1,1,1,5,1,80,2,3,1,0,1,1,81.0,,voiture,voiture,1,1,3,1,3
202400013711,2024-11-22 10:20:00,2024,11,22,10,20,95,95527,NOYER AU CHAT (ROUTE DU),49.01146507,2.54251814,Plein jour,Hors agglomération,Intersection en X,Neige / grêle,Deux véhicules - côté,4,1,1,0,1,1,5,0,1,50,2,3,2,0,0,1,61.0,43.0,utilitaire_camion,voiture,1,1,2,4,3
202400013711,2024-11-22 10:20:00,2024,11,22,10,20,95,95527,NOYER AU CHAT (ROUTE DU),49.01146507,2.54251814,Plein jour,Hors agglomération,Intersection en X,Neige / grêle,Deux véhicules - côté,4,-1,2,0,1,1,5,0,1,70,2,3,2,0,0,1,61.0,43.0,utilitaire_camion,voiture,1,1,2,4,3
202400013712,2024-04-21 18:10:00,2024,4,21,18,10,11,11203,,43.232369,2.772202,Plein jour,Hors agglomération,Hors intersection,Normale,Autre collision,3,2,2,0,1,3,1,0,3,80,1,3,0,0,1,2,20.0,,voiture,,1,1,1,1,6
202400013713,2024-11-21 23:15:00,2024,11,21,23,15,93,93064,PERI (BOULEVARD GABRIEL) 39 / 44 - FIN,48.87736083,2.48509884,Nuit avec éclairage allumé,En agglomération,Hors intersection,Neige / grêle,Trois véhicules et plus - collisions multiples,3,1,0,0,2,1,7,0,1,50,4,6,5,0,0,1,21.0,39.0,utilitaire_camion,voiture,5,2,1,4,5
202400013714,2024-04-21 19:30:00,2024,4,21,19,30,971,97109,Rue Ferdinand Vignal,15.989343,-61.679714,Nuit avec éclairage allumé,En agglomération,Hors intersection,Normale,Deux véhicules - frontale,4,2,2,0,3,1,1,0,1,50,2,8,7,0,1,0,69.0,26.0,voiture,voiture,5,2,1,1,1
202400013715,2024-04-21 16:10:00,2024,4,21,16,10,84,84127,Chemin de la Grande Garrigue,44.179703,4.857813,Plein jour,En agglomération,Hors intersection,Normale,Autre collision,4,2,2,0,1,1,1,0,8,50,1,1,0,0,1,0,43.0,,deux_roues,,1,2,1,1,6
202400013716,2024-11-22 09:13:00,2024,11,22,9,13,93,93047,PERVENCHES (AVENUE DES),48.8870822,2.55399501,Plein jour,En agglomération,Hors intersection,Neige / grêle,Autre collision,4,2,0,0,1,1,5,0,3,50,1,1,0,0,0,1,29.0,,voiture,,1,2,1,4,6
202400013717,2024-04-21 20:45:00,2024,4,21,20,45,12,12270,Autoroute A75,44.293699,3.09719,Crépuscule ou aube,Hors agglomération,Hors intersection,Normale,Deux véhicules - côté,1,3,4,0,1,1,1,0,1,130,2,3,2,0,0,1,48.0,77.0,voiture,voiture,2,1,1,1,3
202400013718,2024-11-22 14:10:00,2024,11,22,14,10,93,93057,HUGO (AV. VICTOR),48.90990416,2.51396842,Plein jour,En agglomération,Hors intersection,Normale,Deux véhicules - arrière,4,1,0,0,1,1,1,0,1,50,2,2,1,0,0,1,38.0,21.0,voiture,deux_roues,1,2,1,1,2
202400013719,2024-04-22 04:30:00,2024,4,22,4,30,83,83140,Dn7,43.406108,5.93781,Nuit sans éclairage public,Hors agglomération,Hors intersection,Normale,Deux véhicules - frontale,3,2,2,0,1,1,1,0,1,90,2,3,2,1,0,0,40.0,23.0,voiture,utilitaire_camion,3,1,1,1,1
202400013720,2024-09-11 09:30:00,2024,9,11,9,30,94,94041,Boulevard Paul Vaillant Couturier,48.81935054,2.3964707,Plein jour,En agglomération,Hors intersection,Normale,Deux véhicules - côté,3,1,2,3,1,1,1,1,1,50,2,2,1,0,0,1,52.0,30.0,voiture,deux_roues,1,2,1,1,3
202400013721,2024-11-22 02:00:00,2024,11,22,2,0,93,93008,PARIS (RUE DE),48.8972799,2.43511713,Nuit avec éclairage allumé,En agglomération,Hors intersection,Neige / grêle,Deux véhicules - côté,3,1,2,0,4,1,7,0,1,50,2,4,3,0,0,1,45.0,21.0,voiture,voiture,5,2,1,4,3
202400013722,2024-04-21 19:44:00,2024,4,21,19,44,51,51035,Rue du Puits Saint Christophe,48.802963,3.92015,Crépuscule ou aube,En agglomération,Hors intersection,Normale,Deux véhicules - frontale,4,2,2,0,1,1,1,0,1,50,2,2,1,0,0,1,55.0,54.0,utilitaire_camion,voiture,2,2,1,1,1
202400013723,2024-11-21 22:50:00,2024,11,21,22,50,93,93008,PARIS (RUE DE),48.89956,2.44727,Nuit avec éclairage allumé,En agglomération,Hors intersection,Neige / grêle,Deux véhicules - arrière,3,3,2,0,4,1,7,2,1,50,1,1,0,0,0,1,34.0,,deux_roues,,5,2,1,4,2
202400013724,2024-04-22 00:40:00,2024,4,22,0,40,32,32334,RN 124 PK 005+800 SENS TOULOUSE AUCH,43.581743,1.137085,Nuit sans éclairage public,Hors agglomération,Hors intersection,Normale,Sans collision,3,3,2,0,2,3,1,9,3,110,1,1,0,0,1,0,20.0,,voiture,,3,1,1,1,7
202400013725,2024-09-10 17:23:00,2024,9,10,17,23,94,94028,Rue du Général Leclerc,48.78335,2.47242,Plein jour,Hors agglomération,Hors intersection,Normale,Trois véhicules et plus - collisions multiples,3,2,2,0,1,1,1,0,1,50,4,4,2,0,0,2,67.0,67.0,voiture,voiture,1,1,1,1,5
202400013726,2024-09-11 19:10:00,2024,9,11,19,10,94,94022,Rue Jean Jaures,48.76553,2.40903,Plein jour,En agglomération,Hors intersection,Normale,Autre collision,3,2,2,3,1,1,1,0,1,50,1,2,1,0,0,1,49.0,,transport_commun,,1,2,1,1,6
202400013727,2024-11-22 14:20:00,2024,11,22,14,20,92,92040,PAIX (AVENUE DE LA),48.8166136,2.27504924,Plein jour,En agglomération,Intersection en T,Normale,Deux véhicules - côté,3,2,2,0,1,1,1,0,1,50,2,2,0,0,0,2,37.0,38.0,voiture,voiture,1,2,3,1,3
202400013727,2024-11-22 14:20:00,2024,11,22,14,20,92,92040,PAIX (AVENUE DE LA),48.8166136,2.27504924,Plein jour,En agglomération,Intersection en T,Normale,Deux véhicules - côté,3,2,2,0,2,1,1,0,1,50,2,2,0,0,0,2,37.0,38.0,voiture,voiture,1,2,3,1,3
202400013728,2024-04-21 16:12:00,2024,4,21,16,12,71,71294,22 Rue du Clos l'Evêque (Bourgneuf-Val-d'Or),46.840486,4.736127,Plein jour,En agglomération,Intersection en Y,Normale,Deux véhicules - côté,4,2,2,0,2,2,1,0,1,50,2,4,3,0,0,1,33.0,44.0,deux_roues,voiture,1,2,4,1,3
202400013728,2024-04-21 16:12:00,2024,4,21,16,12,71,71294,22 Rue du Clos l'Evêque (Bourgneuf-Val-d'Or),46.840486,4.736127,Plein jour,En agglomération,Intersection en Y,Normale,Deux véhicules - côté,4,2,2,0,2,3,1,0,1,50,2,4,3,0,0,1,33.0,44.0,deux_roues,voiture,1,2,4,1,3
202400013729,2024-11-22 11:30:00,2024,11,22,11,30,92,92051,"CHARLES DE GAULLE (AVENUE, N° 18 A 116)",48.87988809,2.27668628,Plein jour,En agglomération,Autre intersection,Normale,Autre collision,4,1,6,0,1,1,1,9,1,50,1,2,1,0,0,1,25.0,,utilitaire_camion,,1,2,9,1,6
202400013730,2024-04-22 18:20:00,2024,4,22,18,20,11,11262,,43.145301,2.905599,Plein jour,Hors agglomération,Hors intersection,Normale,Autre collision,3,2,2,0,1,3,1,0,1,80,1,1,0,0,1,0,50.0,,voiture,,1,1,1,1,6
202400013731,2024-09-11 01:40:00,2024,9,11,1,40,94,94060,Rue du Général de Gaulle,48.77931061,2.58274426,Nuit avec éclairage allumé,En agglomération,Intersection en T,Temps couvert,Deux véhicules - côté,3,3,4,0,1,1,2,5,1,50,2,2,0,0,0,2,23.0,23.0,deux_roues,voiture,5,2,3,8,3
202400013731,2024-09-11 01:40:00,2024,9,11,1,40,94,94060,Rue du Général de Gaulle,48.77931061,2.58274426,Nuit avec éclairage allumé,En agglomération,Intersection en T,Temps couvert,Deux véhicules - côté,3,2, -1,-1,1,1,2,5,1,-1,2,2,0,0,0,2,23.0,23.0,deux_roues,voiture,5,2,3,8,3
202400013732,2024-09-11 22:10:00,2024,9,11,22,10,93,93064,BERTHAUDS (RUE DES) 24 - 25 / FIN,48.87503,2.48708,Nuit sans éclairage public,En agglomération,Hors intersection,Normale,Autre collision,4,-1,2,0,1,1,1,0,1,20,1,1,0,0,0,1,21.0,,voiture,,3,2,1,1,6
202400013733,2024-11-22 09:30:00,2024,11,22,9,30,92,92051,"ARGENSON (BOULEVARD, N° 17 AU 43)",48.88659372,2.26767629,Plein jour,En agglomération,Hors intersection,Pluie légère,Autre collision,4,2,2,0,1,1,2,0,1,50,1,2,1,0,0,1,85.0,,voiture,,1,2,1,2,6
202400013734,2024-04-21 23:10:00,2024,4,21,23,10,61,61257,D976,48.50408,-0.386399,Nuit avec éclairage non allumé,En agglomération,Hors intersection,Normale,Deux véhicules - arrière,3,2,2,0,2,1,1,0,1,50,2,2,1,0,0,1,60.0,23.0,voiture,voiture,4,2,1,1,2
202400013735,2024-11-20 18:46:00,2024,11,20,18,46,92,92051,GENERAL KOENIG (BOULEVARD DU),48.88484,2.25503,Nuit avec éclairage allumé,En agglomération,Hors intersection,Temps couvert,Autre collision,3,1,2,0,1,1,1,0,4,50,1,1,0,0,0,1,34.0,,voiture,,5,2,1,8,6
202400013736,2024-04-21 12:45:00,2024,4,21,12,45,49,49369,D207,47.415019,0.078348,Plein jour,Hors agglomération,Hors intersection,Autre,Autre collision,3,2,2,0,1,1,1,0,3,90,1,1,0,0,1,0,18.0,,deux_roues,,1,1,1,9,6
202400013737,2024-09-11 19:10:00,2024,9,11,19,10,93,93048,RESISTANCE (AVENUE DE LA),48.86052693,2.43718922,Plein jour,En agglomération,Hors intersection,Normale,Deux véhicules - côté,3,1,1,1,2,1,1,0,1,30,2,2,1,0,0,1,17.0,21.0,deux_roues,voiture,1,2,1,1,3
202400013738,2024-04-21 00:15:00,2024,4,21,0,15,34,34277,D25,43.851705,3.540634,Nuit sans éclairage public,Hors agglomération,Hors intersection,Normale,Autre collision,3,2,2,0,2,1,1,0,3,90,1,2,1,0,0,1,42.0,,voiture,,3,1,1,1,6
202400013739,2024-11-18 19:20:00,2024,11,18,19,20,92,92051,"CHARLES DE GAULLE (AVENUE, N°27 A 129)",48.87854565,2.27911368,Nuit avec éclairage allumé,En agglomération,Hors intersection,Pluie légère,Autre collision,4,2,8,1,1,1,2,0,5,50,1,2,1,0,0,1,33.0,,deux_roues,,5,2,1,2,6
202400013740,2024-09-11 12:44:00,2024,9,11,12,44,93,93027,VAILLANT-COUTURIER (AVENUE PAUL),48.92231127,2.41221428,Plein jour,En agglomération,Hors intersection,Normale,Deux véhicules - côté,3,1,2,0,1,1,1,0,1,50,2,2,1,0,0,1,36.0,40.0,voiture,deux_roues,1,2,1,1,3
202400013741,2024-11-22 13:13:00,2024,11,22,13,13,92,92050,NATIONAL BOULEVARD,48.89043386,2.18005747,Plein jour,En agglomération,Hors intersection,Autre,Autre collision,4,2,2,0,1,1,2,0,1,50,1,2,1,0,0,1,40.0,,voiture,,1,2,1,9,6
202400013742,2024-04-22 07:25:00,2024,4,22,7,25,29,29251,Ker Ar Rhun,48.68453744,-3.7778119,Plein jour,Hors agglomération,Intersection en X,Normale,Deux véhicules - côté,3,2,2,0,1,1,1,0,1,80,2,2,1,0,1,0,35.0,69.0,voiture,deux_roues,1,1,2,1,3
202400013742,2024-04-22 07:25:00,2024,4,22,7,25,29,29251,Ker Ar Rhun,48.68453744,-3.7778119,Plein jour,Hors agglomération,Intersection en X,Normale,Deux véhicules - côté,3,2,2,0,1,3,1,0,1,80,2,2,1,0,1,0,35.0,69.0,voiture,deux_roues,1,1,2,1,3
202400013743,2024-09-11 08:40:00,2024,9,11,8,40,93,93007,"""PAUL VAILLANT COUTURIER (AVENUE """"DU 13",48.92446,2.46353,Plein jour,En agglomération,Intersection en X,Normale,Autre collision,3,2,4,0,1,1,1,0,1,50,1,2,1,0,0,1,26.0,,voiture,,1,2,2,1,6
202400013743,2024-09-11 08:40:00,2024,9,11,8,40,93,93007,"""PAUL VAILLANT COUTURIER (AVENUE """"DU 13",48.92446,2.46353,Plein jour,En agglomération,Intersection en X,Normale,Autre collision,3,1,4,0,1,1,1,0,1,50,1,2,1,0,0,1,26.0,,voiture,,1,2,2,1,6
202400013744,2024-04-22 13:15:00,2024,4,22,13,15,29,29197,Rue du Général de Gaulle,48.01521528,-4.49296205,Plein jour,En agglomération,Intersection en T,Normale,Deux véhicules - côté,3,2,2,0,1,1,1,0,1,50,2,2,0,0,1,1,88.0,21.0,voiture,voiture,1,2,3,1,3
202400013744,2024-04-22 13:15:00,2024,4,22,13,15,29,29197,Rue du Général de Gaulle,48.01521528,-4.49296205,Plein jour,En agglomération,Intersection en T,Normale,Deux véhicules - côté,3,2,2,0,1,1,1,0,1,50,2,2,0,0,1,1,88.0,21.0,voiture,voiture,1,2,3,1,3
202400013745,2024-09-11 10:30:00,2024,9,11,10,30,92,92064,REPUBLIQUE,48.84442389,2.2091838,Plein jour,En agglomération,Hors intersection,Normale,Autre collision,3,-1,2,0,1,1,1,0,1,50,1,2,1,0,0,1,41.0,,utilitaire_camion,,1,2,1,1,6
202400013746,2024-11-22 09:55:00,2024,11,22,9,55,92,92050,METZ RUE DE,48.9100124,2.22801916,Plein jour,En agglomération,Intersection en T,Pluie légère,Deux véhicules - côté,4,2,2,0,1,1,2,0,1,30,2,2,1,0,0,1,34.0,50.0,utilitaire_camion,voiture,1,2,3,2,3
202400013746,2024-11-22 09:55:00,2024,11,22,9,55,92,92050,METZ RUE DE,48.9100124,2.22801916,Plein jour,En agglomération,Intersection en T,Pluie légère,Deux véhicules - côté,4,2,2,0,1,1,2,0,1,30,2,2,1,0,0,1,34.0,50.0,utilitaire_camion,voiture,1,2,3,2,3
202400013747,2024-09-11 12:20:00,2024,9,11,12,20,92,92012,ABONDANCES (RUE DES),48.8417,2.22913,Plein jour,En agglomération,Hors intersection,Normale,Autre collision,4,1,2,1,1,1,1,0,5,30,1,2,1,0,0,1,44.0,,deux_roues,,1,2,1,1,6