accident_id,datetime,annee,mois,jour,heure,minute,departement,commune_insee,adresse,latitude,longitude,luminosite,agglomeration,intersection,meteo,collision,catr,circ,nbv,vosp,prof,plan,surf,infra,situ,vma,nb_vehicules,nb_usagers,nb_indemnes,nb_tues,nb_blesses_hosp,nb_blesses_legers,age_cond_1,age_cond_2,veh_type_cond_1,veh_type_cond_2,lum_code,agg_code,int_code,atm_code,col_code
202400013748,2024-04-22 18:50:00,2024,4,22,18,50,70,70386,nationale 19,47.702322,5.942643,Plein jour,Hors agglomération,Hors intersection,Normale,Deux véhicules - frontale,2,2,2,0,2,1,1,0,1,80,2,4,1,0,1,2,61.0,55.0,voiture,voiture,1,1,1,1,1
202400013749,2024-11-18 17:26:00,2024,11,18,17,26,92,92050,CLEMENCEAU GEORGES AVENUE N° PAIR,48.88616926,2.21285731,Nuit avec éclairage allumé,En agglomération,Hors intersection,Pluie légère,Deux véhicules - frontale,3,2,3,1,1,1,2,0,1,50,2,2,1,0,0,1,59.0,22.0,voiture,deux_roues,5,2,1,2,1
202400013750,2024-09-11 13:20:00,2024,9,11,13,20,92,92012,JEAN JAURES (BOULEVARD) 63/215 - 70/208,48.82553,2.24807,Plein jour,En agglomération,Hors intersection,Normale,Sans collision,3,2,2,0,1,1,1,0,1,50,1,1,0,0,0,1,40.0,,deux_roues,,1,2,1,1,7
202400013751,2024-04-20 19:01:00,2024,4,20,19,1,54,54102,D908,48.71351783,5.85794449,Crépuscule ou aube,Hors agglomération,Hors intersection,Normale,Deux véhicules - frontale,3,2,2,0,2,3,1,0,1,80,2,2,1,0,1,0,64.0,47.0,deux_roues,voiture,2,1,1,1,1
202400013752,2024-11-22 11:30:00,2024,11,22,11,30,92,92044,J. GUESDES(RUE)103A139ET122A148,48.8989395,2.28771374,Plein jour,En agglomération,Intersection en X,Normale,Autre collision,4,1,2,0,1,1,1,0,1,50,1,3,1,0,0,2,61.0,,voiture,,1,2,2,1,6
202400013752,2024-11-22 11:30:00,2024,11,22,11,30,92,92044,J. GUESDES(RUE)103A139ET122A148,48.8989395,2.28771374,Plein jour,En agglomération,Intersection en X,Normale,Autre collision,4,1,2,0,1,1,1,0,1,50,1,3,1,0,0,2,61.0,,voiture,,1,2,2,1,6
202400013753,2024-09-11 12:45:00,2024,9,11,12,45,92,92004,DOCTEUR DERVAUX  ( QUAI DU ),48.91105,2.29853,Plein jour,En agglomération,Hors intersection,Normale,Deux véhicules - côté,3,1,3,0,1,1,1,5,1,50,2,2,1,0,0,1,31.0,,deux_roues,voiture,1,2,1,1,3
202400013754,2024-04-22 08:00:00,2024,4,22,8,0,06,06042,4431 Route de la Tinée,43.998354,7.137331,Crépuscule ou aube,En agglomération,Hors intersection,Temps couvert,Autre collision,7,2,2,0,1,1,1,9,1,-1,1,1,0,0,0,1,55.0,,utilitaire_camion,,2,2,1,8,6
202400013755,2024-04-22 10:50:00,2024,4,22,10,50,05,05098,Chemin de Pralalegre,44.490777,6.550727,Plein jour,En agglomération,Hors intersection,Normale,Autre collision,4,2,2,0,2,3,1,0,8,50,1,2,0,0,0,2,72.0,,voiture,,1,2,1,1,6
202400013756,2024-11-22 15:15:00,2024,11,22,15,15,92,92025,GABRIEL PERI (RUE),48.91845772,2.23956864,Plein jour,En agglomération,Hors intersection,Normale,Deux véhicules - arrière,3,-1,2,0,1,1,1,0,1,30,2,2,1,0,0,1,17.0,33.0,deux_roues,voiture,1,2,1,1,2
202400013757,2024-09-11 09:50:00,2024,9,11,9,50,71,71235,Chemin de Franclieu,46.3236093,4.79571495,Plein jour,En agglomération,Intersection en T,Normale,Deux véhicules - côté,4,2,2,0,1,2,1,0,1,50,2,2,1,0,0,1,77.0,33.0,voiture,voiture,1,2,3,1,3
202400013757,2024-09-11 09:50:00,2024,9,11,9,50,71,71235,Chemin de Franclieu,46.3236093,4.79571495,Plein jour,En agglomération,Intersection en T,Normale,Deux véhicules - côté,4,2,2,0,3,3,1,0,8,50,2,2,1,0,0,1,77.0,33.0,voiture,voiture,1,2,3,1,3
202400013758,2024-04-22 07:10:00,2024,4,22,7,10,64,64137,Route de Lagos,43.19834,-0.24303,Crépuscule ou aube,Hors agglomération,Giratoire,Normale,Deux véhicules - côté,3,1,2,0,1,2,1,0,1,30,2,2,1,0,0,1,29.0,27.0,voiture,deux_roues,2,1,6,1,3
202400013759,2024-11-22 08:00:00,2024,11,22,8,0,92,92024,EUROPE (ALLEES DE),48.91054892,2.30759844,Plein jour,En agglomération,Hors intersection,Normale,Autre collision,4,1,1,0,1,1,7,0,1,30,1,2,1,0,0,1,52.0,,voiture,,1,2,1,1,6
202400013760,2024-09-11 18:20:00,2024,9,11,18,20,24,24019,Route des Rebières,45.163279,1.085853,Plein jour,Hors agglomération,Hors intersection,Pluie légère,Deux véhicules - frontale,4,2,2,0,2,2,2,0,1,80,2,2,1,0,0,1,17.0,55.0,deux_roues,voiture,1,1,1,2,1
202400013761,2024-11-22 02:10:00,2024,11,22,2,10,92,92024,GENNEVILLIERS (PONT DE),48.91275,2.31118,Nuit avec éclairage allumé,En agglomération,Hors intersection,Neige / grêle,Sans collision,3,2,3,0,1,1,7,2,1,50,1,1,0,0,0,1,56.0,,deux_roues,,5,2,1,4,7
202400013762,2024-04-20 16:15:00,2024,4,20,16,15,16,16073,,45.269726,0.034477,Plein jour,En agglomération,Intersection en T,Normale,Deux véhicules - côté,3,2,2,0,1,1,1,0,1,50,2,2,1,0,1,0,27.0,58.0,utilitaire_camion,deux_roues,1,2,3,1,3
202400013762,2024-04-20 16:15:00,2024,4,20,16,15,16,16073,,45.269726,0.034477,Plein jour,En agglomération,Intersection en T,Normale,Deux véhicules - côté,3,2,2,0,2,1,1,0,1,50,2,2,1,0,1,0,27.0,58.0,utilitaire_camion,deux_roues,1,2,3,1,3
202400013763,2024-04-21 06:00:00,2024,4,21,6,0,53,53148,D230,47.79865764,-0.88345604,Nuit sans éclairage public,Hors agglomération,Hors intersection,Normale,Sans collision,3,2,2,0,1,1,1,0,3,80,1,1,0,0,1,0,27.0,,utilitaire_camion,,3,1,1,1,7
202400013764,2024-11-22 11:20:00,2024,11,22,11,20,92,92002,ARMAND GUILLEBAUD (AVENUE),48.74598059,2.31419072,Plein jour,En agglomération,Intersection à plus de 4 branches,Normale,Autre collision,3,3,3,0,1,1,2,0,8,50,1,2,1,0,0,1,44.0,,voiture,,1,2,5,1,6
202400013764,2024-11-22 11:20:00,2024,11,22,11,20,92,92002,ARMAND GUILLEBAUD (AVENUE),48.74598059,2.31419072,Plein jour,En agglomération,Intersection à plus de 4 branches,Normale,Autre collision,3,2,2,0,1,4,1,0,1,30,1,2,1,0,0,1,44.0,,voiture,,1,2,5,1,6
202400013765,2024-04-21 17:55:00,2024,4,21,17,55,40,40271,Route de Bayonne,43.563702,-1.203797,Plein jour,Hors agglomération,Hors intersection,Normale,Deux véhicules - côté,3,2,2,0,1,1,1,0,1,80,2,2,1,0,1,0,67.0,50.0,voiture,deux_roues,1,1,1,1,3
202400013766,2024-09-06 09:20:00,2024,9,6,9,20,84,84088,ZA Prato 2 (Zone industrielle),44.026223,5.052225,Plein jour,Hors agglomération,Autre intersection,Normale,Trois véhicules et plus - en chaîne,3,2,2,0,1,1,1,0,1,80,3,3,2,0,1,0,43.0,36.0,voiture,voiture,1,1,9,1,4
202400013767,2024-11-22 10:00:00,2024,11,22,10,0,92,92002,ADOLPHE PAJEAUD (RUE),48.74014903,2.27950126,Plein jour,En agglomération,Hors intersection,Neige / grêle,Deux véhicules - arrière,3,2,2,0,1,1,2,6,1,30,2,2,1,0,0,1,33.0,,deux_roues,voiture,1,2,1,4,2
202400013768,2024-04-22 11:15:00,2024,4,22,11,15,24,24434,RD2 - PK 17+700,45.348617,0.489272,Plein jour,Hors agglomération,Hors intersection,Normale,Autre collision,3,2,2,0,1,1,1,0,3,80,1,2,0,0,1,1,29.0,,utilitaire_camion,,1,1,1,1,6
202400013769,2024-09-11 17:40:00,2024,9,11,17,40,972,97210,NATIONALE 6,14.601213,-60.934532,Plein jour,Hors agglomération,Hors intersection,Normale,Deux véhicules - arrière,2,2,2,0,2,1,1,0,1,80,2,2,1,0,0,1,48.0,,deux_roues,deux_roues,1,1,1,1,2
202400013770,2024-04-22 18:54:00,2024,4,22,18,54,28,28401,L?Hetre Frelon,48.454638,0.97715,Plein jour,Hors agglomération,Hors intersection,Normale,Deux véhicules - frontale,3,2,2,0,1,1,1,0,1,80,2,2,1,0,1,0,26.0,81.0,deux_roues,voiture,1,1,1,1,1
202400013771,2024-09-12 16:00:00,2024,9,12,16,0,83,83004,Dn7,43.460364,6.525407,Plein jour,Hors agglomération,Hors intersection,Normale,Sans collision,3,2,2,0,1,1,1,9,1,70,1,1,0,0,1,0,63.0,,deux_roues,,1,1,1,1,7
202400013772,2024-11-22 05:50:00,2024,11,22,5,50,09,09167,D919,43.306779,1.329893,Nuit sans éclairage public,Hors agglomération,Hors intersection,Pluie forte,Deux véhicules - arrière,3,2,2,0,1,1,2,0,1,80,2,3,1,0,2,0,19.0,34.0,deux_roues,voiture,3,1,1,3,2
202400013773,2024-04-20 11:30:00,2024,4,20,11,30,30,30004,,43.71242,4.19827,Plein jour,Hors agglomération,Intersection en X,Normale,Deux véhicules - côté,2,2,2,0,1,1,1,0,1,80,2,3,2,0,0,1,36.0,25.0,voiture,deux_roues,1,1,2,1,3
202400013773,2024-04-20 11:30:00,2024,4,20,11,30,30,30004,,43.71242,4.19827,Plein jour,Hors agglomération,Intersection en X,Normale,Deux véhicules - côté,2,2,2,-1,1,1,1,5,1,-1,2,3,2,0,0,1,36.0,25.0,voiture,deux_roues,1,1,2,1,3
202400013774,2024-09-10 06:50:00,2024,9,10,6,50,51,51326,PK 12+200 D 21,49.11309456,4.35779839,Crépuscule ou aube,Hors agglomération,Hors intersection,Normale,Deux véhicules - arrière,3,2,2,0,1,1,2,0,1,80,2,2,1,0,1,0,69.0,70.0,voiture,deux_roues,2,1,1,1,2
202400013775,2024-11-22 23:40:00,2024,11,22,23,40,41,41104,306 Route de Chambord,47.593709,1.460178,Nuit sans éclairage public,En agglomération,Hors intersection,Autre,Autre collision,3,-1,2,0,1,1,1,0,1,50,1,2,0,0,2,0,23.0,,voiture,,3,2,1,9,6
202400013776,2024-09-07 14:35:00,2024,9,7,14,35,68,68203,D47,47.906842,7.297722,Plein jour,Hors agglomération,Hors intersection,Normale,Sans collision,3,2,2,0,1,3,9,0,1,80,1,1,0,0,0,1,52.0,,deux_roues,,1,1,1,1,7
202400013777,2024-04-21 11:55:00,2024,4,21,11,55,30,30322,departementale 39,44.070415,3.832727,Plein jour,Hors agglomération,Hors intersection,Normale,Autre collision,3,2,2,0,2,4,1,0,3,70,1,1,0,0,1,0,58.0,,deux_roues,,1,1,1,1,6
202400013778,2024-11-22 20:20:00,2024,11,22,20,20,06,06161,D6007 PR 30 + 655,43.6462,7.13635,Nuit avec éclairage allumé,Hors agglomération,Hors intersection,Normale,Autre collision,3,3,4,0,1,1,1,0,1,70,1,3,1,0,1,1,70.0,,deux_roues,,5,1,1,1,6
202400013779,2024-09-12 17:35:00,2024,9,12,17,35,44,44113,,47.57869,-1.629474,Plein jour,Hors agglomération,Hors intersection,Normale,Autre collision,2,3,4,0,3,3,1,0,8,110,1,1,0,0,1,0,70.0,,voiture,,1,1,1,1,6
202400013780,2024-04-20 21:47:00,2024,4,20,21,47,30,30061,N106,43.925632,4.254413,Nuit sans éclairage public,Hors agglomération,Hors intersection,Vent fort / tempête,Trois véhicules et plus - collisions multiples,2,3,2,0,1,1,1,0,1,110,3,6,4,0,0,2,29.0,47.0,voiture,voiture,3,1,1,6,5
202400013781,2024-09-12 00:20:00,2024,9,12,0,20,83,83116,Dn7,43.45633,5.846239,Nuit sans éclairage public,Hors agglomération,Hors intersection,Normale,Deux véhicules - frontale,3,2,2,0,1,1,1,0,1,90,2,2,0,0,1,1,38.0,41.0,voiture,voiture,3,1,1,1,1
202400013782,2024-11-19 08:00:00,2024,11,19,8,0,83,83031,A57,43.392929,6.354869,Plein jour,Hors agglomération,Hors intersection,Normale,Trois véhicules et plus - en chaîne,1,1,2,0,2,1,1,3,1,-1,3,3,2,0,0,1,75.0,35.0,voiture,voiture,1,1,1,1,4
202400013783,2024-09-11 17:25:00,2024,9,11,17,25,83,83116,1461 Route de Rougiers,43.42376,5.852591,Plein jour,Hors agglomération,Hors intersection,Normale,Deux véhicules - frontale,3,2,2,0,4,1,1,0,3,70,2,2,0,0,0,2,19.0,29.0,voiture,voiture,1,1,1,1,1
202400013784,2024-04-22 12:15:00,2024,4,22,12,15,973,97307,La Matourienne (Pont),4.834522,-52.325239,Plein jour,Hors agglomération,Giratoire,Pluie forte,Deux véhicules - côté,3,2,2,0,1,1,2,5,1,80,2,2,1,0,1,0,36.0,71.0,voiture,deux_roues,1,1,6,3,3
202400013785,2024-11-22 23:45:00,2024,11,22,23,45,71,71195,Autoroute A6 PK 363.000 sens LYON-PARIS,46.513752,4.911801,Nuit sans éclairage public,Hors agglomération,Hors intersection,Normale,Deux véhicules - arrière,1,3,3,0,1,1,1,0,1,130,2,3,1,0,0,2,28.0,40.0,voiture,utilitaire_camion,3,1,1,1,2
202400013786,2024-09-11 23:20:00,2024,9,11,23,20,62,62297,D300,50.83494219,2.2004149,Nuit sans éclairage public,Hors agglomération,Hors intersection,Normale,Deux véhicules - frontale,3,2,2,0,1,1,1,0,1,90,2,4,0,1,3,0,29.0,31.0,voiture,voiture,3,1,1,1,1
202400013787,2024-04-21 03:30:00,2024,4,21,3,30,73,73252,A 43  -PK 144.400,45.4463941,6.28517479,Nuit sans éclairage public,Hors agglomération,Hors intersection,Normale,Deux véhicules - arrière,1,3,4,0,1,1,1,0,1,130,2,5,0,0,0,5,28.0,46.0,voiture,voiture,3,1,1,1,2
202400013788,2024-09-12 07:05:00,2024,9,12,7,5,95,95352,D316,49.1034873,2.42381735,Crépuscule ou aube,Hors agglomération,Hors intersection,Normale,Deux véhicules - frontale,3,3,3,0,2,1,1,0,1,80,2,3,0,1,2,0,23.0,55.0,utilitaire_camion,voiture,2,1,1,1,1
202400013789,2024-04-22 06:55:00,2024,4,22,6,55,01,01237,Grande rue intersection rue du commerce,46.208702,5.610114,Crépuscule ou aube,En agglomération,Intersection en X,Normale,Deux véhicules - frontale,3,2,2,0,3,1,1,0,1,50,2,2,0,1,0,1,24.0,42.0,utilitaire_camion,utilitaire_camion,2,2,2,1,1
202400013789,2024-04-22 06:55:00,2024,4,22,6,55,01,01237,Grande rue intersection rue du commerce,46.208702,5.610114,Crépuscule ou aube,En agglomération,Intersection en X,Normale,Deux véhicules - frontale,3,2,2,0,1,1,1,0,1,50,2,2,0,1,0,1,24.0,42.0,utilitaire_camion,utilitaire_camion,2,2,2,1,1
202400013790,2024-11-23 12:55:00,2024,11,23,12,55,01,01446,D70,46.022904,4.898422,Plein jour,En agglomération,Intersection en X,Temps éblouissant,Deux véhicules - côté,3,2,2,0,1,1,1,0,1,70,2,3,2,1,0,0,17.0,26.0,deux_roues,utilitaire_camion,1,2,2,7,3
202400013790,2024-11-23 12:55:00,2024,11,23,12,55,01,01446,D70,46.022904,4.898422,Plein jour,En agglomération,Intersection en X,Temps éblouissant,Deux véhicules - côté,3,2,2,0,1,1,1,0,1,-1,2,3,2,1,0,0,17.0,26.0,deux_roues,utilitaire_camion,1,2,2,7,3
202400013791,2024-09-11 16:40:00,2024,9,11,16,40,51,51140,Route départementale 980,49.183625,3.851505,Plein jour,Hors agglomération,Giratoire,Normale,Deux véhicules - côté,3,1,1,0,1,2,1,5,1,80,2,2,1,0,1,0,55.0,77.0,voiture,deux_roues,1,1,6,1,3
202400013792,2024-04-21 22:00:00,2024,4,21,22,0,33,33130,,44.499015,-0.198784,Nuit sans éclairage public,Hors agglomération,Hors intersection,Normale,Autre collision,1,3,4,0,1,1,1,0,2,130,1,1,0,0,1,0,30.0,,voiture,,3,1,1,1,6
202400013793,2024-11-23 07:15:00,2024,11,23,7,15,29,29142,RN165,48.16883246,-4.04750897,Nuit sans éclairage public,Hors agglomération,Hors intersection,Pluie légère,Sans collision,2,3,2,0,2,2,2,0,3,110,1,4,2,0,1,1,19.0,,voiture,,3,1,1,2,7
202400013794,2024-04-22 07:20:00,2024,4,22,7,20,62,62817,D939,50.2786123,2.8200032,Plein jour,En agglomération,Hors intersection,Normale,Deux véhicules - arrière,3,2,0,0,1,1,1,0,1,50,2,2,1,0,0,1,35.0,29.0,voiture,voiture,1,2,1,1,2
202400013795,2024-09-11 18:45:00,2024,9,11,18,45,59,59037,route nationale,50.189309,3.382591,Plein jour,En agglomération,Hors intersection,Normale,Autre collision,3,2,2,0,2,1,1,0,1,80,2,3,2,0,1,0,41.0,22.0,utilitaire_camion,voiture,1,2,1,1,6
202400013796,2024-03-26 15:40:00,2024,3,26,15,40,971,97128,Chateaubrun,16.249014,-61.339454,Plein jour,En agglomération,Hors intersection,Normale,Deux véhicules - côté,2,2,2,0,1,3,1,0,1,90,2,2,1,0,0,1,36.0,20.0,voiture,voiture,1,2,1,1,3
202400013797,2024-11-22 21:50:00,2024,11,22,21,50,62,62580,D77,50.402082,2.43997934,Nuit avec éclairage allumé,En agglomération,Hors intersection,Temps couvert,Autre collision,3,2,2,0,1,1,1,0,3,50,1,4,1,0,1,2,27.0,,voiture,,5,2,1,8,6
202400013798,2024-08-10 14:00:00,2024,8,10,14,0,56,56061,1 Avenue des Erables,47.76117,-2.136557,Plein jour,En agglomération,Intersection en T,Normale,Deux véhicules - côté,4,2,2,0,3,1,1,0,1,50,2,3,1,0,1,1,60.0,68.0,deux_roues,voiture,1,2,3,1,3
202400013798,2024-08-10 14:00:00,2024,8,10,14,0,56,56061,1 Avenue des Erables,47.76117,-2.136557,Plein jour,En agglomération,Intersection en T,Normale,Deux véhicules - côté,4,2,2,-1,1,1,1,0,1,50,2,3,1,0,1,1,60.0,68.0,deux_roues,voiture,1,2,3,1,3
202400013799,2024-02-19 11:15:00,2024,2,19,11,15,66,66115,Avenue de la Mer,42.540269,2.8784,Plein jour,Hors agglomération,Hors intersection,Normale,Autre collision,4,2,2,0,1,1,1,0,1,50,1,2,1,0,1,0,53.0,,deux_roues,,1,1,1,1,6
202400013800,2024-11-23 11:50:00,2024,11,23,11,50,83,83073,Route des Mayons,43.381768,6.312997,Plein jour,En agglomération,Hors intersection,Normale,Deux véhicules - frontale,3,2,2,0,1,3,1,0,1,70,2,3,0,1,2,0,62.0,21.0,voiture,voiture,1,2,1,1,1
202400013801,2024-04-21 20:00:00,2024,4,21,20,0,11,11379,route départementale 6009,43.054276,2.94631,Crépuscule ou aube,Hors agglomération,Hors intersection,Normale,Deux véhicules - frontale,3,2,2,0,1,3,1,0,1,80,2,2,0,0,1,1,21.0,62.0,voiture,voiture,2,1,1,1,1
202400013802,2024-09-12 17:30:00,2024,9,12,17,30,2B,2B318,T10,42.435664,9.519492,Plein jour,Hors agglomération,Hors intersection,Normale,Deux véhicules - arrière,2,2,2,0,1,1,1,0,1,80,2,3,2,0,0,1,31.0,38.0,utilitaire_camion,voiture,1,1,1,1,2
202400013803,2024-09-10 21:45:00,2024,9,10,21,45,33,33140,,44.778271,-0.340608,Nuit sans éclairage public,En agglomération,Hors intersection,Normale,Autre collision,3,2,2,0,2,1,1,0,3,50,1,1,0,0,0,1,33.0,,utilitaire_camion,,3,2,1,1,6
202400013804,2024-11-22 09:00:00,2024,11,22,9,0,56,56166,Route de Quimperlé,47.914156,-3.348708,Crépuscule ou aube,Hors agglomération,Autre intersection,Normale,Deux véhicules - frontale,3,3,3,0,2,1,1,5,1,70,2,2,0,0,0,2,43.0,53.0,voiture,voiture,2,1,9,1,1
202400013805,2024-04-21 16:40:00,2024,4,21,16,40,83,83063,1332 Route du Luc,43.325568,6.474198,Plein jour,Hors agglomération,Hors intersection,Normale,Deux véhicules - côté,3,2,2,0,2,3,1,0,1,80,2,4,2,0,2,0,73.0,37.0,deux_roues,voiture,1,1,1,1,3
202400013806,2024-09-11 14:45:00,2024,9,11,14,45,11,11005,,43.167447,2.232349,Plein jour,Hors agglomération,Hors intersection,Normale,Deux véhicules - frontale,3,2,2,0,2,3,1,0,1,-1,2,2,1,1,0,0,78.0,82.0,voiture,deux_roues,1,1,1,1,1
202400013807,2024-11-23 04:00:00,2024,11,23,4,0,55,55171,D603 PK041.700,49.176906,5.469491,Nuit sans éclairage public,Hors agglomération,Hors intersection,Temps couvert,Autre collision,3,2,2,0,2,1,2,0,3,90,1,3,0,0,2,1,23.0,,voiture,,3,1,1,8,6
202400013808,2024-04-12 07:55:00,2024,4,12,7,55,83,83068,D61,43.26905,6.547809,Plein jour,Hors agglomération,Hors intersection,Normale,Deux véhicules - côté,3,2,2,0,1,1,1,0,1,-1,2,2,1,0,1,0,22.0,27.0,voiture,deux_roues,1,1,1,1,3
202400013809,2024-09-11 21:26:00,2024,9,11,21,26,63,63223,pk 34 D2144,46.10390955,2.91665871,Nuit sans éclairage public,Hors agglomération,Hors intersection,Pluie légère,Autre collision,3,2,2,0,2,1,2,0,3,90,1,1,0,0,0,1,29.0,,voiture,,3,1,1,2,6
202400013810,2024-11-22 14:15:00,2024,11,22,14,15,12,12162,4168 Route de Baraqueville,44.304871,2.443648,Plein jour,Hors agglomération,Hors intersection,Normale,Deux véhicules - côté,3,2,2,0,1,1,1,0,1,90,2,2,0,0,1,1,37.0,26.0,voiture,voiture,1,1,1,1,3
202400013811,2024-04-22 16:10:00,2024,4,22,16,10,06,06099,Route Departementale 6202,43.951932,6.877165,Plein jour,Hors agglomération,Hors intersection,Pluie forte,Deux véhicules - frontale,3,2,2,0,1,1,2,2,1,80,2,2,0,0,0,2,31.0,57.0,voiture,utilitaire_camion,1,1,1,3,1
202400013812,2024-09-11 05:25:00,2024,9,11,5,25,61,61274,Intersection D37 / D613,48.510037,0.951154,Nuit sans éclairage public,Hors agglomération,Intersection en T,Pluie légère,Deux véhicules - côté,3,2,2,0,1,1,2,0,1,80,2,2,1,0,0,1,19.0,34.0,deux_roues,voiture,3,1,3,2,3
202400013812,2024-09-11 05:25:00,2024,9,11,5,25,61,61274,Intersection D37 / D613,48.510037,0.951154,Nuit sans éclairage public,Hors agglomération,Intersection en T,Pluie légère,Deux véhicules - côté,3,2,2,0,1,3,2,0,1,80,2,2,1,0,0,1,19.0,34.0,deux_roues,voiture,3,1,3,2,3
202400013813,2024-11-19 10:00:00,2024,11,19,10,0,29,29212,D789,48.36271957,-4.60064747,Plein jour,Hors agglomération,Giratoire,Pluie légère,Sans collision,7,1,2,0,1,1,2,0,1,80,1,1,0,0,1,0,50.0,,deux_roues,,1,1,6,2,7
202400013814,2024-04-22 06:00:00,2024,4,22,6,0,26,26072,Autoroute A7 PK 050.500,45.112073,4.887886,Crépuscule ou aube,Hors agglomération,Hors intersection,Temps couvert,Autre collision,1,3,3,0,2,1,1,2,1,130,2,2,1,0,0,1,52.0,19.0,utilitaire_camion,utilitaire_camion,2,1,1,8,6
202400013815,2024-11-23 09:15:00,2024,11,23,9,15,03,03254,Route de Saulcet,46.312575,3.283858,Plein jour,En agglomération,Hors intersection,Normale,Deux véhicules - arrière,3,2,2,0,1,2,1,0,1,35,2,2,1,0,0,1,44.0,,deux_roues,voiture,1,2,1,1,2
202400013816,2024-09-08 19:13:00,2024,9,8,19,13,49,49048,Route de Tiercé,47.593383,-0.490769,Plein jour,Hors agglomération,Hors intersection,Pluie légère,Trois véhicules et plus - collisions multiples,3,2,2,0,1,3,2,0,1,70,3,7,6,0,1,0,20.0,26.0,voiture,voiture,1,1,1,2,5
202400013817,2024-04-21 14:45:00,2024,4,21,14,45,38,38019,"Autoroute A7 (S/N), PK 012+100",45.4212555,4.82791492,Plein jour,Hors agglomération,Hors intersection,Normale,Deux véhicules - côté,1,1,5,0,2,2,1,0,1,130,2,3,2,0,1,0,42.0,80.0,voiture,voiture,1,1,1,1,3
202400013818,2024-11-22 13:45:00,2024,11,22,13,45,70,70245,Chemin des Moliéres,47.858706,6.392723,Plein jour,Hors agglomération,Hors intersection,Neige / grêle,Autre collision,4,2,1,0,2,2,7,0,3,80,1,1,0,0,1,0,37.0,,voiture,,1,1,1,4,6
202400013819,2024-04-22 09:10:00,2024,4,22,9,10,89,89055,Route de Joigny,47.989993,3.612351,Plein jour,En agglomération,Hors intersection,Normale,Deux véhicules - frontale,3,2,2,0,1,1,1,0,1,50,2,2,0,0,0,2,51.0,61.0,voiture,voiture,1,2,1,1,1
202400013820,2024-11-23 03:00:00,2024,11,23,3,0,50,50543,Rue Montgomery,48.63237,-1.294971,Nuit sans éclairage public,Hors agglomération,Hors intersection,Normale,Autre collision,3,2,2,0,2,2,2,0,3,80,1,2,1,0,0,1,27.0,,voiture,,3,1,1,1,6
202400013821,2024-09-10 18:40:00,2024,9,10,18,40,68,68062,Route de Carspach,47.619055,7.223484,Plein jour,En agglomération,Intersection en T,Temps couvert,Deux véhicules - arrière,3,2,2,0,1,1,1,0,1,-1,2,2,1,0,0,1,54.0,17.0,voiture,deux_roues,1,2,3,8,2
202400013821,2024-09-10 18:40:00,2024,9,10,18,40,68,68062,Route de Carspach,47.619055,7.223484,Plein jour,En agglomération,Intersection en T,Temps couvert,Deux véhicules - arrière,3,2,2,-1,1,1,1,0,1,-1,2,2,1,0,0,1,54.0,17.0,voiture,deux_roues,1,2,3,8,2
202400013822,2024-11-22 18:00:00,2024,11,22,18,0,53,53110,5 Rue de la Libération,47.873958,-0.522521,Nuit avec éclairage allumé,En agglomération,Intersection en T,Normale,Autre collision,3,2,2,0,1,1,1,6,1,30,1,2,1,0,1,0,37.0,,voiture,,5,2,3,1,6
202400013822,2024-11-22 18:00:00,2024,11,22,18,0,53,53110,5 Rue de la Libération,47.873958,-0.522521,Nuit avec éclairage allumé,En agglomération,Intersection en T,Normale,Autre collision,3,-1, -1,-1,-1,-1,-1,-1,1,-1,1,2,1,0,1,0,37.0,,voiture,,5,2,3,1,6
202400013823,2024-04-16 07:10:00,2024,4,16,7,10,38,38110,Route des Dauphines,45.584728,4.891899,Plein jour,Hors agglomération,Hors intersection,Normale,Deux véhicules - frontale,3,2,2,0,1,1,1,0,1,70,2,2,0,0,0,2,19.0,38.0,voiture,voiture,1,1,1,1,1
202400013824,2024-09-12 10:00:00,2024,9,12,10,0,03,03138,Route de Paris,46.2472,3.6116,Plein jour,Hors agglomération,Hors intersection,Normale,Deux véhicules - côté,2,2,2,0,1,1,1,9,1,70,2,2,1,0,1,0,66.0,74.0,deux_roues,voiture,1,1,1,1,3
202400013825,2024-04-22 17:25:00,2024,4,22,17,25,81,81038,1 Chemin de Labouyssière,43.8854443,1.9038268,Plein jour,En agglomération,Intersection en X,Normale,Deux véhicules - côté,3,2,2,0,1,1,1,0,1,50,2,2,1,1,0,0,95.0,71.0,voiture,voiture,1,2,2,1,3
202400013825,2024-04-22 17:25:00,2024,4,22,17,25,81,81038,1 Chemin de Labouyssière,43.8854443,1.9038268,Plein jour,En agglomération,Intersection en X,Normale,Deux véhicules - côté,3,2, -1,-1,1,1,1,5,1,50,2,2,1,1,0,0,95.0,71.0,voiture,voiture,1,2,2,1,3
202400013826,2024-11-23 06:45:00,2024,11,23,6,45,17,17394,19 Route de Surgères,46.115053,-0.682802,Nuit sans éclairage public,En agglomération,Hors intersection,Normale,Sans collision,3,2,2,0,1,1,1,0,1,50,1,2,0,0,2,0,23.0,,voiture,,3,2,1,1,7