accident_id,datetime,annee,mois,jour,heure,minute,departement,commune_insee,adresse,latitude,longitude,luminosite,agglomeration,intersection,meteo,collision,catr,circ,nbv,vosp,prof,plan,surf,infra,situ,vma,nb_vehicules,nb_usagers,nb_indemnes,nb_tues,nb_blesses_hosp,nb_blesses_legers,age_cond_1,age_cond_2,veh_type_cond_1,veh_type_cond_2,lum_code,agg_code,int_code,atm_code,col_code
202400013827,2024-09-11 16:20:00,2024,9,11,16,20,50,50580,le Moulin de Beauchamp,49.520793,-1.750624,Plein jour,Hors agglomération,Hors intersection,Normale,Deux véhicules - côté,3,2,1,0,1,1,1,0,1,80,2,2,1,0,1,0,58.0,83.0,deux_roues,voiture,1,1,1,1,3
202400013828,2024-04-21 16:05:00,2024,4,21,16,5,40,40283,D824  sortie BUGLOSE,43.748855,-1.005507,Plein jour,Hors agglomération,Hors intersection,Normale,Autre collision,3,1,2,0,1,3,1,3,1,50,1,1,0,0,1,0,68.0,,deux_roues,,1,1,1,1,6
202400013829,2024-11-23 01:37:00,2024,11,23,1,37,17,17309,Route du Petit Brandy,45.184651,-0.010229,Nuit sans éclairage public,Hors agglomération,Hors intersection,Normale,Sans collision,4,2,1,0,1,3,1,0,8,90,1,1,0,0,1,0,28.0,,voiture,,3,1,1,1,7
202400013830,2024-09-11 18:20:00,2024,9,11,18,20,36,36088,Boulevard de Stalingrad,46.949479,1.988075,Plein jour,En agglomération,Hors intersection,Pluie forte,Deux véhicules - arrière,4,2,2,0,2,1,2,0,1,50,2,2,1,0,0,1,26.0,30.0,voiture,voiture,1,2,1,3,2
202400013831,2024-04-21 22:13:00,2024,4,21,22,13,60,60138,D1330,49.216695,2.600425,Nuit sans éclairage public,Hors agglomération,Hors intersection,Normale,Deux véhicules - frontale,3,2,3,0,1,1,1,0,1,80,2,6,0,0,4,2,21.0,24.0,voiture,voiture,3,1,1,1,1
202400013832,2024-09-11 12:20:00,2024,9,11,12,20,16,16287,,45.608484,0.079774,Plein jour,Hors agglomération,Hors intersection,Temps couvert,Autre collision,2,3,2,0,1,3,2,0,1,80,1,1,0,0,1,0,36.0,,utilitaire_camion,,1,1,1,8,6
202400013833,2024-11-23 08:35:00,2024,11,23,8,35,31,31587,1011 Route de Castelnau,43.768587,1.39713,Crépuscule ou aube,En agglomération,Intersection en T,Normale,Deux véhicules - frontale,3,2,2,0,2,4,1,0,1,50,2,3,1,0,1,1,30.0,24.0,voiture,utilitaire_camion,2,2,3,1,1
202400013833,2024-11-23 08:35:00,2024,11,23,8,35,31,31587,1011 Route de Castelnau,43.768587,1.39713,Crépuscule ou aube,En agglomération,Intersection en T,Normale,Deux véhicules - frontale,3,-1,2,0,1,1,1,0,1,50,2,3,1,0,1,1,30.0,24.0,voiture,utilitaire_camion,2,2,3,1,1
202400013834,2024-04-22 08:30:00,2024,4,22,8,30,62,62128,D42,50.313736,2.935501,Plein jour,En agglomération,Hors intersection,Normale,Deux véhicules - arrière,3,2,2,0,1,1,1,0,1,30,2,3,1,0,1,1,30.0,22.0,voiture,voiture,1,2,1,1,2
202400013835,2024-09-12 01:20:00,2024,9,12,1,20,40,40152,D140,43.944795,-1.084248,Nuit sans éclairage public,Hors agglomération,Intersection en X,Normale,Sans collision,3,2,2,0,1,1,1,0,3,80,1,2,1,0,1,0,28.0,,voiture,,3,1,2,1,7
202400013835,2024-09-12 01:20:00,2024,9,12,1,20,40,40152,D140,43.944795,-1.084248,Nuit sans éclairage public,Hors agglomération,Intersection en X,Normale,Sans collision,3,2, -1,-1,1,1,1,0,3,80,1,2,1,0,1,0,28.0,,voiture,,3,1,2,1,7
202400013836,2024-04-21 19:30:00,2024,4,21,19,30,13,13213,A507 sens Marseille - Aubagne,43.32494,5.42419,Plein jour,En agglomération,Hors intersection,Normale,Deux véhicules - côté,3,1,0,0,1,1,1,1,1,70,2,2,1,0,0,1,32.0,19.0,voiture,voiture,1,2,1,1,3
202400013837,2024-11-22 16:20:00,2024,11,22,16,20,35,35206,1 Rue Nicolas Appert,48.041553,-1.670029,Plein jour,En agglomération,Intersection en T,Normale,Autre collision,4,2,2,0,1,1,1,0,1,30,1,2,1,0,1,0,34.0,,utilitaire_camion,,1,2,3,1,6
202400013837,2024-11-22 16:20:00,2024,11,22,16,20,35,35206,1 Rue Nicolas Appert,48.041553,-1.670029,Plein jour,En agglomération,Intersection en T,Normale,Autre collision,4,2,2,0,2,1,1,0,1,50,1,2,1,0,1,0,34.0,,utilitaire_camion,,1,2,3,1,6
202400013838,2024-09-12 11:00:00,2024,9,12,11,0,24,24547,Rue de la République,45.12536458,1.30501628,Plein jour,En agglomération,Intersection en X,Normale,Autre collision,3,2,2,0,2,2,1,0,1,30,1,2,1,0,1,0,54.0,,utilitaire_camion,,1,2,2,1,6
202400013838,2024-09-12 11:00:00,2024,9,12,11,0,24,24547,Rue de la République,45.12536458,1.30501628,Plein jour,En agglomération,Intersection en X,Normale,Autre collision,3,2, -1,-1,2,2,1,0,1,30,1,2,1,0,1,0,54.0,,utilitaire_camion,,1,2,2,1,6
202400013839,2024-11-23 02:10:00,2024,11,23,2,10,06,06027,"A8, PK 183.173 chaussée nord",43.660491,7.160372,Nuit sans éclairage public,Hors agglomération,Hors intersection,Normale,Autre collision,1,3,6,0,1,1,1,0,1,110,1,1,0,0,0,1,45.0,,voiture,,3,1,1,1,6
202400013840,2024-09-12 20:20:00,2024,9,12,20,20,85,85264,RD938 ter,46.713768,-0.682675,Crépuscule ou aube,Hors agglomération,Hors intersection,Normale,Autre collision,3,2,2,0,3,1,1,0,3,80,1,1,0,0,0,1,52.0,,utilitaire_camion,,2,1,1,1,6
202400013841,2024-04-20 20:00:00,2024,4,20,20,0,13,13117,A7-Sens Lyon vers Marseille,43.45417014,5.23712977,Plein jour,Hors agglomération,Hors intersection,Vent fort / tempête,Deux véhicules - arrière,1,1,3,0,2,1,1,0,1,90,2,2,0,0,0,2,19.0,22.0,voiture,voiture,1,1,1,6,2
202400013842,2024-09-12 14:00:00,2024,9,12,14,0,87,87127,D704,45.586969,1.219354,Plein jour,Hors agglomération,Hors intersection,Normale,Deux véhicules - frontale,3,2,2,0,2,1,1,0,1,90,2,3,0,1,2,0,75.0,71.0,voiture,voiture,1,1,1,1,1
202400013843,2024-04-20 19:45:00,2024,4,20,19,45,13,13211,A50-Sens Aubagne vers Marseille,43.28848,5.44278,Plein jour,En agglomération,Hors intersection,Normale,Trois véhicules et plus - en chaîne,1,-1,3,0,1,1,1,0,1,90,3,3,1,0,0,2,34.0,52.0,voiture,voiture,1,2,1,1,4
202400013844,2024-11-22 18:15:00,2024,11,22,18,15,62,62019,A26,50.422413,2.720423,Nuit sans éclairage public,Hors agglomération,Hors intersection,Normale,Trois véhicules et plus - collisions multiples,1,3,2,0,1,1,1,0,1,130,4,5,2,0,1,2,62.0,59.0,voiture,voiture,3,1,1,1,5
202400013845,2024-09-11 21:20:00,2024,9,11,21,20,37,37218,D59 PR 039+100 SENS SAINT-FLOVIER/CHATILLON SUR INDRE,46.970077,1.044624,Nuit sans éclairage public,Hors agglomération,Hors intersection,Normale,Autre collision,3,2,2,0,1,1,1,0,1,80,1,2,0,0,2,0,44.0,,voiture,,3,1,1,1,6
202400013846,2024-04-20 15:00:00,2024,4,20,15,0,83,83144,A57,43.13933231,5.99724126,Plein jour,Hors agglomération,Hors intersection,Normale,Deux véhicules - arrière,1,1,4,0,1,1,1,8,1,70,2,4,3,0,0,1,57.0,18.0,voiture,voiture,1,1,1,1,2
202400013847,2024-09-09 16:45:00,2024,9,9,16,45,48,48127,D50,44.612193,3.422284,Plein jour,Hors agglomération,Intersection en X,Normale,Deux véhicules - côté,3,2,2,0,1,1,1,0,1,90,2,2,1,0,1,0,26.0,55.0,utilitaire_camion,voiture,1,1,2,1,3
202400013847,2024-09-09 16:45:00,2024,9,9,16,45,48,48127,D50,44.612193,3.422284,Plein jour,Hors agglomération,Intersection en X,Normale,Deux véhicules - côté,3,2,2,0,1,1,1,0,1,90,2,2,1,0,1,0,26.0,55.0,utilitaire_camion,voiture,1,1,2,1,3
202400013848,2024-01-03 20:00:00,2024,1,3,20,0,69,69029,Autoroute 43,45.72527,4.92226,Nuit avec éclairage allumé,En agglomération,Hors intersection,Normale,Deux véhicules - arrière,1,3,6,0,1,1,1,0,1,90,2,2,1,0,0,1,51.0,,voiture,voiture,5,2,1,1,2
202400013849,2024-11-22 17:25:00,2024,11,22,17,25,31,31254,D916,43.548781,1.499505,Crépuscule ou aube,Hors agglomération,Hors intersection,Normale,Deux véhicules - arrière,3,1,0,0,1,1,1,3,1,80,2,3,1,0,1,1,26.0,19.0,deux_roues,voiture,2,1,1,1,2
202400013850,2024-04-21 16:45:00,2024,4,21,16,45,91,91179,AUTOROUTE A6,48.56718,2.47302,Plein jour,Hors agglomération,Hors intersection,Normale,Sans collision,1,1,3,0,1,1,1,0,1,110,1,1,0,0,0,1,72.0,,voiture,,1,1,1,1,7
202400013851,2024-09-11 13:30:00,2024,9,11,13,30,988,98805,Avenue Paul Emile Victor,-22.220865,166.471324,Plein jour,En agglomération,Giratoire,Normale,Deux véhicules - côté,4,2,2,0,1,1,1,0,1,50,2,2,1,0,1,0,36.0,62.0,voiture,deux_roues,1,2,6,1,3
202400013852,2024-04-21 16:50:00,2024,4,21,16,50,91,91174,RN 104,48.61021,2.44332,Plein jour,Hors agglomération,Hors intersection,Normale,Deux véhicules - arrière,2,1,3,0,1,1,1,0,1,90,2,2,1,0,0,1,70.0,25.0,utilitaire_camion,deux_roues,1,1,1,1,2
202400013853,2024-11-23 12:35:00,2024,11,23,12,35,13,13114,D10,43.544955,5.343797,Plein jour,Hors agglomération,Hors intersection,Normale,Deux véhicules - arrière,3,2,2,0,1,1,1,0,1,80,2,2,0,0,0,2,85.0,42.0,voiture,voiture,1,1,1,1,2
202400013854,2024-09-10 06:35:00,2024,9,10,6,35,35,35210,la Croix Huet,48.122473,-1.7856,Nuit sans éclairage public,Hors agglomération,Hors intersection,Normale,Autre collision,7,2,2,0,1,2,1,0,1,80,1,1,0,0,1,0,57.0,,deux_roues,,3,1,1,1,6
202400013855,2024-04-21 12:30:00,2024,4,21,12,30,91,91434,AUTOROUTE A6,48.668346,2.354154,Plein jour,Hors agglomération,Hors intersection,Normale,Sans collision,1,3,6,0,1,1,1,0,1,110,1,1,0,0,0,1,29.0,,deux_roues,,1,1,1,1,7
202400013856,2024-11-22 21:55:00,2024,11,22,21,55,987,98750,Puohine pk 48,-16.82750492,-151.40346765,Nuit sans éclairage public,Hors agglomération,Hors intersection,Normale,Sans collision,2,2,2,0,1,1,1,0,8,60,1,1,0,1,0,0,41.0,,deux_roues,,3,1,1,1,7
202400013857,2024-04-20 04:30:00,2024,4,20,4,30,91,91689,AUTOROUTE A6,48.7328,2.31572,Nuit sans éclairage public,Hors agglomération,Hors intersection,Normale,Sans collision,1,2,3,0,1,1,2,0,1,110,1,2,1,0,0,1,41.0,,utilitaire_camion,,3,1,1,1,7
202400013858,2024-09-11 15:55:00,2024,9,11,15,55,39,39014,,47.138592,5.508957,Plein jour,Hors agglomération,Intersection en Y,Pluie légère,Trois véhicules et plus - collisions multiples,1,3,2,0,1,1,2,0,1,110,3,4,3,0,0,1,48.0,64.0,utilitaire_camion,deux_roues,1,1,4,2,5
202400013858,2024-09-11 15:55:00,2024,9,11,15,55,39,39014,,47.138592,5.508957,Plein jour,Hors agglomération,Intersection en Y,Pluie légère,Trois véhicules et plus - collisions multiples,1,1,1,-1,1,1,2,3,8,-1,3,4,3,0,0,1,48.0,64.0,utilitaire_camion,deux_roues,1,1,4,2,5
202400013859,2024-04-21 17:40:00,2024,4,21,17,40,78,78217,A13,48.963104,1.837474,Plein jour,Hors agglomération,Hors intersection,Normale,Autre collision,1,-1,1,0,1,4,1,9,8,50,1,3,0,0,0,3,30.0,,voiture,,1,1,1,1,6
202400013860,2024-11-23 05:15:00,2024,11,23,5,15,66,66037,Rond Point de l'Esparrou,42.69839534,3.02304804,Crépuscule ou aube,En agglomération,Giratoire,Normale,Autre collision,3,2,2,0,1,3,1,5,3,50,2,3,2,0,0,1,30.0,21.0,voiture,utilitaire_camion,2,2,6,1,6
202400013861,2024-04-19 16:15:00,2024,4,19,16,15,92,92036,A86,48.93605164,2.2885251,Plein jour,Hors agglomération,Hors intersection,Normale,Deux véhicules - côté,1,2,2,0,1,1,1,0,1,90,2,2,1,0,0,1,24.0,45.0,deux_roues,voiture,1,1,1,1,3
202400013862,2024-09-11 14:19:00,2024,9,11,14,19,34,34031,A9 pk 148.000,43.37671293,3.42130871,Plein jour,Hors agglomération,Hors intersection,Vent fort / tempête,Deux véhicules - arrière,1,3,3,0,1,1,1,0,1,130,2,5,4,0,1,0,55.0,38.0,voiture,utilitaire_camion,1,1,1,6,2
202400013863,2024-11-22 14:45:00,2024,11,22,14,45,11,11322,,43.001038,2.965375,Plein jour,Hors agglomération,Intersection en T,Normale,Deux véhicules - côté,4,2,2,0,1,1,1,0,1,50,2,2,1,0,1,0,20.0,83.0,voiture,deux_roues,1,1,3,1,3
202400013863,2024-11-22 14:45:00,2024,11,22,14,45,11,11322,,43.001038,2.965375,Plein jour,Hors agglomération,Intersection en T,Normale,Deux véhicules - côté,4,2, -1,-1,1,1,1,0,1,-1,2,2,1,0,1,0,20.0,83.0,voiture,deux_roues,1,1,3,1,3
202400013864,2024-09-12 15:00:00,2024,9,12,15,0,77,77520,A6 PK65+500,48.313191,2.635989,Plein jour,Hors agglomération,Hors intersection,Normale,Autre collision,1,1,3,0,2,1,1,9,6,50,3,4,3,0,1,0,81.0,,voiture,,1,1,1,1,6
202400013865,2024-04-21 14:35:00,2024,4,21,14,35,93,93053,A103,48.88700598,2.47505141,Plein jour,Hors agglomération,Hors intersection,Normale,Deux véhicules - arrière,1,3,2,0,1,1,1,0,2,90,2,2,0,0,0,2,42.0,24.0,voiture,voiture,1,1,1,1,2
202400013866,2024-11-01 16:50:00,2024,11,1,16,50,34,34209,D37e17,43.317135,3.360293,Crépuscule ou aube,Hors agglomération,Hors intersection,Normale,Sans collision,3,2,2,0,3,2,1,2,3,90,1,1,0,0,1,0,47.0,,deux_roues,,2,1,1,1,7
202400013867,2024-09-09 08:00:00,2024,9,9,8,0,973,97312,N1,5.409717,-53.02812,Plein jour,Hors agglomération,Hors intersection,Normale,Deux véhicules - arrière,2,2,2,0,1,1,1,0,1,80,2,2,1,0,1,0,50.0,22.0,utilitaire_camion,deux_roues,1,1,1,1,2
202400013868,2024-04-21 14:20:00,2024,4,21,14,20,94,94073,A86,48.77079111,2.38643311,Plein jour,Hors agglomération,Hors intersection,Normale,Trois véhicules et plus - collisions multiples,1,1,3,0,1,1,1,0,1,90,5,9,3,0,0,6,24.0,27.0,voiture,voiture,1,1,1,1,5
202400013869,2024-11-22 22:40:00,2024,11,22,22,40,13,13020,route du stade,43.3965,5.549871,Nuit avec éclairage allumé,En agglomération,Giratoire,Normale,Deux véhicules - frontale,4,2,2,0,2,1,1,5,1,30,2,2,1,0,1,0,16.0,43.0,deux_roues,voiture,5,2,6,1,1
202400013870,2024-09-12 13:55:00,2024,9,12,13,55,971,97108,D203,15.880359,-61.233931,Plein jour,Hors agglomération,Intersection en T,Normale,Deux véhicules - côté,3,2,2,0,1,1,1,0,1,70,2,2,1,0,1,0,49.0,48.0,deux_roues,voiture,1,1,3,1,3
202400013870,2024-09-12 13:55:00,2024,9,12,13,55,971,97108,D203,15.880359,-61.233931,Plein jour,Hors agglomération,Intersection en T,Normale,Deux véhicules - côté,3,2,2,0,1,1,1,0,1,50,2,2,1,0,1,0,49.0,48.0,deux_roues,voiture,1,1,3,1,3
202400013871,2024-01-18 18:40:00,2024,1,18,18,40,74,74056,route blanche,45.919065,6.874233,Nuit sans éclairage public,En agglomération,Hors intersection,Pluie légère,Autre collision,3,3,0,0,1,1,2,9,1,-1,1,2,1,0,1,0,52.0,,voiture,,3,2,1,2,6
202400013872,2024-02-18 13:12:00,2024,2,18,13,12,74,74104,Piste Cyclable ,45.813292,6.208123,Plein jour,Hors agglomération,Hors intersection,Normale,Deux véhicules - frontale,4,2,2,1,1,1,1,9,5,-1,2,2,0,0,1,1,56.0,48.0,deux_roues,deux_roues,1,1,1,1,1
202400013873,2024-09-12 08:30:00,2024,9,12,8,30,45,45297,12 rue de Paris,47.77419,2.372453,Plein jour,En agglomération,Hors intersection,Temps couvert,Deux véhicules - côté,3,2,2,0,1,1,1,0,4,50,2,2,1,0,1,0,54.0,26.0,voiture,deux_roues,1,2,1,8,3
202400013874,2024-11-20 15:10:00,2024,11,20,15,10,67,67028,Rue de l'Europe,48.374839,7.588892,Crépuscule ou aube,En agglomération,Giratoire,Normale,Autre collision,3,2,1,0,2,3,1,0,1,40,1,2,1,0,0,1,52.0,,voiture,,2,2,6,1,6
202400013875,2024-02-01 21:44:00,2024,2,1,21,44,74,74293,Route des Voirons ,46.270251,6.282206,Nuit avec éclairage allumé,Hors agglomération,Hors intersection,Normale,Sans collision,3,2,2,0,2,2,2,0,8,70,1,2,0,0,1,1,21.0,,voiture,,5,1,1,1,7
202400013876,2024-09-07 11:48:00,2024,9,7,11,48,77,77437,Carrefour Market (Supermarché),49.035519,2.800714,Plein jour,En agglomération,Autre intersection,Normale,Autre collision,6,-1,0,0,1,1,1,0,8,15,1,2,1,0,0,1,93.0,,voiture,,1,2,9,1,6
202400013877,2024-02-17 09:25:00,2024,2,17,9,25,74,74256,rue St Eloi,45.935852,6.629503,Plein jour,En agglomération,Hors intersection,Normale,Autre collision,4,1,2,0,1,1,1,0,1,30,1,2,1,0,1,0,39.0,,voiture,,1,2,1,1,6
202400013878,2024-11-20 11:10:00,2024,11,20,11,10,67,67028,Rue de Strasbourg,48.372259,7.593296,Plein jour,En agglomération,Giratoire,Normale,Autre collision,3,2,2,0,1,3,1,0,1,40,1,2,1,0,0,1,46.0,,utilitaire_camion,,1,2,6,1,6
202400013879,2024-09-11 19:00:00,2024,9,11,19,0,83,83138,D562,43.609989,6.731988,Plein jour,Hors agglomération,Giratoire,Normale,Deux véhicules - côté,3,3,1,0,1,2,1,5,1,80,2,2,1,0,1,0,48.0,54.0,deux_roues,utilitaire_camion,1,1,6,1,3
202400013880,2024-02-09 16:00:00,2024,2,9,16,0,74,74010,40 Avenue de champ fleuri,45.887596,6.099881,Plein jour,En agglomération,Autre intersection,Pluie légère,Autre collision,4,1,1,0,2,1,2,9,8,50,1,2,1,0,0,1,39.0,,deux_roues,,1,2,9,2,6
202400013881,2024-02-17 23:53:00,2024,2,17,23,53,74,74104,2191 Route d'annecy ,45.796938,6.212878,Nuit sans éclairage public,En agglomération,Hors intersection,Normale,Autre collision,3,2,2,0,1,1,1,0,3,50,1,1,0,1,0,0,70.0,,utilitaire_camion,,3,2,1,1,6
202400013882,2024-11-14 12:15:00,2024,11,14,12,15,23,23067,Route de Crocq,45.71237262,2.28107929,Plein jour,Hors agglomération,Hors intersection,Temps éblouissant,Autre collision,3,2,2,0,2,2,1,0,1,90,1,1,0,0,0,1,32.0,,deux_roues,,1,1,1,7,6
202400013883,2024-01-16 13:17:00,2024,1,16,13,17,74,74165,Route de saint félix ,45.827883,5.974744,Plein jour,Hors agglomération,Intersection en Y,Normale,Deux véhicules - frontale,3,2,2,0,1,3,2,0,1,80,2,3,2,1,0,0,40.0,66.0,voiture,deux_roues,1,1,4,1,1
202400013883,2024-01-16 13:17:00,2024,1,16,13,17,74,74165,Route de saint félix ,45.827883,5.974744,Plein jour,Hors agglomération,Intersection en Y,Normale,Deux véhicules - frontale,3,2, -1,-1,1,1,2,0,1,-1,2,3,2,1,0,0,40.0,66.0,voiture,deux_roues,1,1,4,1,1
202400013884,2024-01-09 17:30:00,2024,1,9,17,30,74,74282,Route des Glières (aviernoz),45.97885061,6.22369326,Nuit sans éclairage public,Hors agglomération,Autre intersection,Neige / grêle,Autre collision,3,2,2,0,1,1,5,0,1,30,1,1,0,1,0,0,69.0,,voiture,,3,1,9,4,6
202400013885,2024-09-10 02:05:00,2024,9,10,2,5,10,10006,rue de troyes,48.535072,4.142897,Nuit avec éclairage allumé,En agglomération,Intersection en X,Normale,Deux véhicules - côté,4,2,2,0,1,1,1,0,1,-1,2,6,4,0,1,1,38.0,23.0,voiture,voiture,5,2,2,1,3
202400013885,2024-09-10 02:05:00,2024,9,10,2,5,10,10006,rue de troyes,48.535072,4.142897,Nuit avec éclairage allumé,En agglomération,Intersection en X,Normale,Deux véhicules - côté,4,2,2,0,1,1,1,0,1,50,2,6,4,0,1,1,38.0,23.0,voiture,voiture,5,2,2,1,3
202400013886,2024-11-22 08:00:00,2024,11,22,8,0,86,86054,D1,46.224337,0.327252,Crépuscule ou aube,Hors agglomération,Hors intersection,Temps éblouissant,Autre collision,3,2,2,0,3,1,1,0,1,90,2,2,1,0,1,0,24.0,82.0,voiture,voiture,2,1,1,7,6
202400013887,2024-09-11 11:30:00,2024,9,11,11,30,69,69067,Route de Malval,45.748151,4.578123,Plein jour,Hors agglomération,Hors intersection,Normale,Deux véhicules - arrière,3,2,2,0,3,2,1,0,1,-1,2,2,0,0,2,0,34.0,30.0,deux_roues,deux_roues,1,1,1,1,2
202400013888,2024-02-19 23:06:00,2024,2,19,23,6,59,59350,Rue de Turenne,50.62843,3.03752,Nuit avec éclairage allumé,En agglomération,Hors intersection,Temps couvert,Deux véhicules - côté,4,2,2,0,1,1,2,0,1,50,2,4,1,0,0,3,24.0,33.0,voiture,voiture,5,2,1,8,3
202400013889,2024-11-22 00:20:00,2024,11,22,0,20,60,60439,586 Rue de l'Abattoir,49.311365,2.323231,Nuit avec éclairage allumé,En agglomération,Hors intersection,Normale,Autre collision,4,2,2,0,1,1,1,0,3,50,1,2,1,0,1,0,23.0,,voiture,,5,2,1,1,6
202400013890,2024-04-20 12:00:00,2024,4,20,12,0,974,97416,RN3 (ANCIENNE ROUTE),-21.30358162,55.49908841,Plein jour,Hors agglomération,Hors intersection,Normale,Deux véhicules - frontale,4,-1,2,3,2,1,1,0,1,50,2,2,1,0,0,1,25.0,51.0,deux_roues,utilitaire_camion,1,1,1,1,1
202400013891,2024-09-11 18:25:00,2024,9,11,18,25,81,81099,Route de Sénouillac,43.927597,1.915743,Plein jour,Hors agglomération,Intersection en Y,Pluie légère,Deux véhicules - frontale,3,2,2,0,1,3,2,0,1,80,2,2,1,0,0,1,88.0,48.0,voiture,voiture,1,1,4,2,1
202400013891,2024-09-11 18:25:00,2024,9,11,18,25,81,81099,Route de Sénouillac,43.927597,1.915743,Plein jour,Hors agglomération,Intersection en Y,Pluie légère,Deux véhicules - frontale,3,2, -1,-1,1,3,2,5,1,80,2,2,1,0,0,1,88.0,48.0,voiture,voiture,1,1,4,2,1
202400013892,2024-04-19 16:35:00,2024,4,19,16,35,974,97416,BOISSY(CHEMIN),-21.34754,55.50171,Plein jour,En agglomération,Hors intersection,Normale,Deux véhicules - arrière,4,-1,2,0,2,1,1,0,1,50,2,2,1,0,0,1,35.0,42.0,voiture,deux_roues,1,2,1,1,2
202400013893,2024-04-20 06:00:00,2024,4,20,6,0,974,97411,MONTAGNE (ROUTE DE LA),-20.88691,55.43791,Crépuscule ou aube,Hors agglomération,Autre intersection,Normale,Deux véhicules - frontale,3,2,2,0,2,3,1,0,1,70,2,2,1,0,0,1,26.0,41.0,voiture,voiture,2,1,9,1,1
202400013894,2024-11-21 20:15:00,2024,11,21,20,15,13,13216,A55-Sens Marseille vers Martigues,43.34451,5.34686,Nuit sans éclairage public,Hors agglomération,Hors intersection,Normale,Trois véhicules et plus - en chaîne,1,1,3,0,2,1,1,0,1,90,3,3,2,0,0,1,29.0,32.0,voiture,voiture,3,1,1,1,4
202400013895,2024-04-19 16:55:00,2024,4,19,16,55,974,97411,CAMELIAS (RUE DES),-20.8933,55.46252,Plein jour,En agglomération,Hors intersection,Normale,Deux véhicules - côté,4,2,2,0,2,1,1,0,1,50,2,2,1,0,1,0,42.0,48.0,voiture,deux_roues,1,2,1,1,3
202400013896,2024-09-11 17:38:00,2024,9,11,17,38,35,35001,D92,48.132141,-1.520019,Plein jour,Hors agglomération,Intersection en X,Normale,Deux véhicules - côté,7,2,2,0,1,1,1,0,1,80,2,3,1,0,0,2,67.0,43.0,voiture,deux_roues,1,1,2,1,3
202400013896,2024-09-11 17:38:00,2024,9,11,17,38,35,35001,D92,48.132141,-1.520019,Plein jour,Hors agglomération,Intersection en X,Normale,Deux véhicules - côté,7,2,2,0,1,3,1,0,1,80,2,3,1,0,0,2,67.0,43.0,voiture,deux_roues,1,1,2,1,3
202400013897,2024-04-20 09:45:00,2024,4,20,9,45,973,97302,MERE THERESA (rue),4.92187,-52.31203,Plein jour,En agglomération,Hors intersection,Normale,Deux véhicules - frontale,4,2,2,0,1,1,1,0,1,50,2,2,1,0,0,1,40.0,15.0,voiture,deux_roues,1,2,1,1,1
202400013898,2024-11-21 18:45:00,2024,11,21,18,45,13,13214,A507 sens Aubagne- Marseille,43.33475,5.38259,Nuit avec éclairage allumé,Hors agglomération,Hors intersection,Normale,Deux véhicules - arrière,1,-1,2,0,1,1,1,0,1,70,2,2,1,0,0,1,23.0,61.0,voiture,utilitaire_camion,5,1,1,1,2
202400013899,2024-09-10 07:00:00,2024,9,10,7,0,54,54232,Autoroute A 31,48.68058136,5.93929052,Crépuscule ou aube,Hors agglomération,Hors intersection,Pluie légère,Autre collision,1,3,4,0,1,1,2,0,1,110,2,4,1,0,2,1,,51.0,utilitaire_camion,voiture,2,1,1,2,6
202400013900,2024-09-11 13:45:00,2024,9,11,13,45,33,33122,,44.743335,-0.706281,Plein jour,Hors agglomération,Hors intersection,Normale,Trois véhicules et plus - en chaîne,1,3,4,0,1,1,2,0,1,130,3,6,5,0,0,1,73.0,46.0,voiture,voiture,1,1,1,1,4
202400013901,2024-04-20 01:32:00,2024,4,20,1,32,973,97302,PREVOT (ERNEST),4.93303,-52.3328,Nuit avec éclairage allumé,En agglomération,Intersection en X,Normale,Deux véhicules - côté,4,2,2,0,1,1,1,0,1,50,2,4,2,0,0,2,24.0,24.0,voiture,voiture,5,2,2,1,3
202400013901,2024-04-20 01:32:00,2024,4,20,1,32,973,97302,PREVOT (ERNEST),4.93303,-52.3328,Nuit avec éclairage allumé,En agglomération,Intersection en X,Normale,Deux véhicules - côté,4,1,2,0,1,1,1,0,1,50,2,4,2,0,0,2,24.0,24.0,voiture,voiture,5,2,2,1,3
202400013902,2024-11-21 16:30:00,2024,11,21,16,30,13,13070,A50-Sens Aubagne vers Marseille,43.28578,5.51291,Plein jour,Hors agglomération,Hors intersection,Normale,Trois véhicules et plus - en chaîne,1,1,3,0,1,1,1,0,1,90,3,6,3,0,0,3,79.0,58.0,voiture,voiture,1,1,1,1,4
202400013903,2024-04-20 00:41:00,2024,4,20,0,41,973,97302,BADUEL (ROUTE DE),4.92894141,-52.30020046,Nuit avec éclairage allumé,En agglomération,Autre intersection,Normale,Sans collision,3,4,2,0,1,3,1,0,1,50,1,1,0,0,0,1,41.0,,deux_roues,,5,2,9,1,7
202400013904,2024-09-11 15:15:00,2024,9,11,15,15,91,91235,RN 104,48.6241,2.371,Plein jour,Hors agglomération,Hors intersection,Normale,Trois véhicules et plus - en chaîne,2,3,2,0,1,1,1,0,1,90,3,3,2,0,0,1,50.0,58.0,voiture,voiture,1,1,1,1,4