accident_id,datetime,annee,mois,jour,heure,minute,departement,commune_insee,adresse,latitude,longitude,luminosite,agglomeration,intersection,meteo,collision,catr,circ,nbv,vosp,prof,plan,surf,infra,situ,vma,nb_vehicules,nb_usagers,nb_indemnes,nb_tues,nb_blesses_hosp,nb_blesses_legers,age_cond_1,age_cond_2,veh_type_cond_1,veh_type_cond_2,lum_code,agg_code,int_code,atm_code,col_code
202400014262,2024-08-04 14:30:00,2024,8,4,14,30,76,76410,Route de Dieppe,49.47654,1.0478,Plein jour,En agglomération,Intersection en T,Normale,Deux véhicules - côté,7,1,1,0,2,3,1,0,1,30,2,2,1,0,1,0,58.0,46.0,voiture,deux_roues,1,2,3,1,3
202400014263,2024-01-31 07:50:00,2024,1,31,7,50,972,97213,NELSON MANDELA,14.61253,-60.99877,Plein jour,En agglomération,Autre intersection,Normale,Autre collision,3,2,2,0,1,1,1,9,1,50,1,2,1,0,1,0,74.0,,voiture,,1,2,9,1,6
202400014264,2024-09-09 12:45:00,2024,9,9,12,45,75,75114,RUE DIDOT,48.832444,2.320547,Plein jour,En agglomération,Intersection en X,Normale,Deux véhicules - côté,4,1,1,0,1,1,2,0,1,30,2,2,1,0,0,1,,20.0,utilitaire_camion,deux_roues,1,2,2,1,3
202400014264,2024-09-09 12:45:00,2024,9,9,12,45,75,75114,RUE DIDOT,48.832444,2.320547,Plein jour,En agglomération,Intersection en X,Normale,Deux véhicules - côté,4,1,1,0,1,1,2,0,1,30,2,2,1,0,0,1,,20.0,utilitaire_camion,deux_roues,1,2,2,1,3
202400014265,2024-12-27 21:10:00,2024,12,27,21,10,51,51454,JAURES (AVENUE JEAN ) DU N° 61 A FIN,49.26499,4.06025,Nuit avec éclairage allumé,En agglomération,Intersection en T,Normale,Deux véhicules - frontale,4,2,2,0,1,1,1,5,1,50,2,3,0,0,0,3,41.0,58.0,voiture,voiture,5,2,3,1,1
202400014265,2024-12-27 21:10:00,2024,12,27,21,10,51,51454,JAURES (AVENUE JEAN ) DU N° 61 A FIN,49.26499,4.06025,Nuit avec éclairage allumé,En agglomération,Intersection en T,Normale,Deux véhicules - frontale,4,2,2,0,1,1,1,5,1,50,2,3,0,0,0,3,41.0,58.0,voiture,voiture,5,2,3,1,1
202400014266,2024-08-03 17:45:00,2024,8,3,17,45,66,66136,Rue Pierre Renaudel,42.6896069,2.8844288,Plein jour,En agglomération,Intersection en X,Normale,Deux véhicules - côté,4,2,2,0,1,1,1,0,8,50,2,2,1,0,0,1,20.0,59.0,deux_roues,voiture,1,2,2,1,3
202400014266,2024-08-03 17:45:00,2024,8,3,17,45,66,66136,Rue Pierre Renaudel,42.6896069,2.8844288,Plein jour,En agglomération,Intersection en X,Normale,Deux véhicules - côté,4,2,2,0,4,1,1,5,1,50,2,2,1,0,0,1,20.0,59.0,deux_roues,voiture,1,2,2,1,3
202400014267,2024-02-01 19:25:00,2024,2,1,19,25,69,69389,19 Quai Arloing,45.7724302,4.81089167,Nuit avec éclairage allumé,En agglomération,Hors intersection,Normale,Deux véhicules - côté,4,2,3,3,1,1,2,0,1,30,2,2,1,0,0,1,66.0,53.0,voiture,deux_roues,5,2,1,1,3
202400014268,2024-09-09 08:40:00,2024,9,9,8,40,75,75114,PLACE SAINT JACQUES,48.833257,2.336455,Plein jour,En agglomération,Intersection en T,Pluie légère,Autre collision,4,2,4,2,1,1,2,0,1,30,1,2,1,0,0,1,52.0,,utilitaire_camion,,1,2,3,2,6
202400014268,2024-09-09 08:40:00,2024,9,9,8,40,75,75114,PLACE SAINT JACQUES,48.833257,2.336455,Plein jour,En agglomération,Intersection en T,Pluie légère,Autre collision,4,1,3,3,2,1,2,0,1,30,1,2,1,0,0,1,52.0,,utilitaire_camion,,1,2,3,2,6
202400014269,2024-12-26 19:00:00,2024,12,26,19,0,51,51454,WILSON (BOULEVARD DU PRESIDENT) COTE IMP,49.23854,4.02291,Nuit avec éclairage allumé,En agglomération,Hors intersection,Normale,Autre collision,4,2,2,0,1,1,1,0,1,50,1,2,1,0,1,0,54.0,,voiture,,5,2,1,1,6
202400014270,2024-02-01 14:13:00,2024,2,1,14,13,2B,2B033,AV DE LA LIBERATION,42.67872,9.44301,Plein jour,En agglomération,Hors intersection,Normale,Autre collision,6,-1,0,0,1,1,1,9,1,30,1,2,1,0,0,1,25.0,,utilitaire_camion,,1,2,1,1,6
202400014271,2024-07-11 08:20:00,2024,7,11,8,20,61,61006,2 Boulevard du Général de Gaulle,48.742585,-0.019947,Plein jour,En agglomération,Hors intersection,Temps éblouissant,Autre collision,3,1,1,2,2,2,1,0,1,30,1,3,2,0,1,0,69.0,,voiture,,1,2,1,7,6
202400014272,2024-09-10 18:00:00,2024,9,10,18,0,75,75111,RUE ALEXANDRE DUMAS,48.852959,2.389665,Plein jour,En agglomération,Hors intersection,Normale,Deux véhicules - côté,4,1,1,1,2,1,1,0,1,30,2,2,1,0,1,0,36.0,44.0,deux_roues,utilitaire_camion,1,2,1,1,3
202400014273,2024-12-26 18:30:00,2024,12,26,18,30,49,49007,JEAN XXIII PLACE,47.44822,-0.56348,Crépuscule ou aube,En agglomération,Hors intersection,Normale,Autre collision,4,2,2,0,1,1,1,0,1,30,1,2,1,0,0,1,57.0,,voiture,,2,2,1,1,6
202400014274,2024-01-20 22:00:00,2024,1,20,22,0,95,95585,D125,48.98397154,2.38780476,Nuit avec éclairage allumé,En agglomération,Hors intersection,Normale,Deux véhicules - arrière,3,3,2,0,1,1,1,1,1,50,2,3,2,0,0,1,,31.0,utilitaire_camion,utilitaire_camion,5,2,1,1,2
202400014275,2024-08-04 20:30:00,2024,8,4,20,30,59,59650,BRIFFAUT (RUE HENRI),50.70429,3.2026,Plein jour,En agglomération,Hors intersection,Normale,Deux véhicules - côté,4,1,1,0,1,1,1,0,1,50,2,2,1,0,0,1,27.0,41.0,deux_roues,deux_roues,1,2,1,1,3
202400014276,2024-09-09 22:50:00,2024,9,9,22,50,75,75110,BOULEVARD DE LA VILLETTE,48.87561,2.372794,Nuit avec éclairage allumé,En agglomération,Hors intersection,Normale,Deux véhicules - côté,4,1,2,1,1,1,1,-1,5,30,2,3,2,0,0,1,54.0,25.0,voiture,deux_roues,5,2,1,1,3
202400014277,2024-12-27 16:10:00,2024,12,27,16,10,47,47323,FRATERNITE(RUE DE LA ),44.4057969,0.7068105,Plein jour,En agglomération,Intersection en X,Temps éblouissant,Autre collision,3,2,2,0,1,1,1,0,1,30,1,2,1,0,0,1,68.0,,voiture,,1,2,2,7,6
202400014277,2024-12-27 16:10:00,2024,12,27,16,10,47,47323,FRATERNITE(RUE DE LA ),44.4057969,0.7068105,Plein jour,En agglomération,Intersection en X,Temps éblouissant,Autre collision,3,1,1,-1,1,1,1,0,1,-1,1,2,1,0,0,1,68.0,,voiture,,1,2,2,7,6
202400014278,2024-02-01 08:30:00,2024,2,1,8,30,95,95197,D928,48.96643031,2.31826255,Plein jour,En agglomération,Hors intersection,Pluie légère,Autre collision,3,-1,2,0,1,1,2,0,1,50,1,2,1,0,0,1,42.0,,deux_roues,,1,2,1,2,6
202400014279,2024-12-26 18:10:00,2024,12,26,18,10,44,44190,52 Boulevard des Pas Enchantés,47.20808,-1.51506,Nuit avec éclairage allumé,En agglomération,Hors intersection,Normale,Autre collision,4,2,2,1,1,1,1,0,1,50,1,2,1,0,0,1,52.0,,voiture,,5,2,1,1,6
202400014280,2024-09-10 10:25:00,2024,9,10,10,25,75,75114,BOULEVARD DU MONTPARNASSE,48.843544,2.324672,Plein jour,En agglomération,Place,Normale,Autre collision,4,1,1,0,1,3,1,-1,6,30,1,2,1,0,0,1,,,deux_roues,,1,2,7,1,6
202400014280,2024-09-10 10:25:00,2024,9,10,10,25,75,75114,BOULEVARD DU MONTPARNASSE,48.843544,2.324672,Plein jour,En agglomération,Place,Normale,Autre collision,4,2, -1,-1,1,1,1,-1,6,-1,1,2,1,0,0,1,,,deux_roues,,1,2,7,1,6
202400014281,2024-08-04 20:00:00,2024,8,4,20,0,59,59386,MENIN RUE DE,50.68128,3.08397,Plein jour,En agglomération,Hors intersection,Normale,Deux véhicules - côté,7,2,2,0,1,1,1,8,1,50,2,4,2,0,0,2,56.0,22.0,voiture,voiture,1,2,1,1,3
202400014282,2024-01-31 06:45:00,2024,1,31,6,45,91,91552,RN 20,48.601,2.24702,Nuit avec éclairage allumé,En agglomération,Autre intersection,Normale,Trois véhicules et plus - en chaîne,3,1,3,0,1,1,1,0,1,70,4,4,3,0,0,1,53.0,45.0,deux_roues,voiture,5,2,9,1,4
202400014283,2024-09-10 10:55:00,2024,9,10,10,55,75,75104,RUE DU TEMPLE,48.859931,2.354418,Plein jour,En agglomération,Intersection en T,Normale,Autre collision,4,1,1,0,1,1,1,0,1,50,1,2,1,0,0,1,,,utilitaire_camion,,1,2,3,1,6
202400014283,2024-09-10 10:55:00,2024,9,10,10,55,75,75104,RUE DU TEMPLE,48.859931,2.354418,Plein jour,En agglomération,Intersection en T,Normale,Autre collision,4,1,1,0,1,1,1,0,1,50,1,2,1,0,0,1,,,utilitaire_camion,,1,2,3,1,6
202400014284,2024-08-04 13:25:00,2024,8,4,13,25,59,59368,FOUBERT AVENUE,50.64482,3.07606,Plein jour,En agglomération,Intersection en X,Normale,Autre collision,4,1,2,2,1,1,1,0,1,30,3,3,1,0,0,2,83.0,32.0,voiture,deux_roues,1,2,2,1,6
202400014284,2024-08-04 13:25:00,2024,8,4,13,25,59,59368,FOUBERT AVENUE,50.64482,3.07606,Plein jour,En agglomération,Intersection en X,Normale,Autre collision,4,1,1,0,1,1,1,0,1,30,3,3,1,0,0,2,83.0,32.0,voiture,deux_roues,1,2,2,1,6
202400014285,2024-09-10 07:10:00,2024,9,10,7,10,94,94044,Avenue Jean Monnet,48.75887,2.481,Plein jour,En agglomération,Hors intersection,Normale,Deux véhicules - arrière,3,3,4,0,1,1,1,0,1,50,2,2,1,0,0,1,,57.0,voiture,voiture,1,2,1,1,2
202400014286,2024-02-01 10:30:00,2024,2,1,10,30,91,91434,PROGRES (RUE DU),48.656114,2.353404,Plein jour,En agglomération,Intersection en T,Pluie légère,Deux véhicules - côté,4,2,1,0,1,1,2,0,1,50,2,2,1,0,0,1,29.0,37.0,voiture,utilitaire_camion,1,2,3,2,3
202400014286,2024-02-01 10:30:00,2024,2,1,10,30,91,91434,PROGRES (RUE DU),48.656114,2.353404,Plein jour,En agglomération,Intersection en T,Pluie légère,Deux véhicules - côté,4,2,1,0,1,1,2,0,1,1,2,2,1,0,0,1,29.0,37.0,voiture,utilitaire_camion,1,2,3,2,3
202400014287,2024-12-27 18:39:00,2024,12,27,18,39,42,42187,N7 ,46.04804952,4.08793128,Nuit avec éclairage allumé,Hors agglomération,Hors intersection,Normale,Trois véhicules et plus - collisions multiples,2,3,4,0,1,1,1,0,1,110,8,8,7,0,0,1,37.0,42.0,utilitaire_camion,voiture,5,1,1,1,5
202400014288,2024-09-10 09:50:00,2024,9,10,9,50,94,94068,Avenue Foch,48.80336,2.48923,Plein jour,En agglomération,Hors intersection,Normale,Deux véhicules - côté,3,2,2,0,1,1,1,0,1,30,2,2,0,0,0,2,43.0,41.0,voiture,voiture,1,2,1,1,3
202400014289,2024-12-27 12:35:00,2024,12,27,12,35,37,37261,MERIMEE (SQUARE PROSPER),47.39636,0.68848,Plein jour,En agglomération,Autre intersection,Temps couvert,Autre collision,6,-1, -1,0,1,1,1,9,1,15,1,3,2,0,1,0,73.0,,voiture,,1,2,9,8,6
202400014290,2024-08-03 09:25:00,2024,8,3,9,25,47,47031,Avenue de Bigorre,44.18525,0.63195,Plein jour,En agglomération,Intersection en T,Normale,Deux véhicules - côté,3,2,2,1,1,1,1,0,1,50,2,2,1,0,0,1,22.0,,deux_roues,voiture,1,2,3,1,3
202400014290,2024-08-03 09:25:00,2024,8,3,9,25,47,47031,Avenue de Bigorre,44.18525,0.63195,Plein jour,En agglomération,Intersection en T,Normale,Deux véhicules - côté,3,2,2,-1,1,1,1,5,1,-1,2,2,1,0,0,1,22.0,,deux_roues,voiture,1,2,3,1,3
202400014291,2024-01-31 17:10:00,2024,1,31,17,10,91,91027,JEAN MOULIN (RUE),48.70955,2.38011,Plein jour,En agglomération,Intersection en T,Normale,Deux véhicules - côté,4,2,1,0,1,1,1,0,1,50,2,2,1,0,0,1,51.0,27.0,deux_roues,voiture,1,2,3,1,3
202400014291,2024-01-31 17:10:00,2024,1,31,17,10,91,91027,JEAN MOULIN (RUE),48.70955,2.38011,Plein jour,En agglomération,Intersection en T,Normale,Deux véhicules - côté,4,2,1,0,1,1,1,0,1,50,2,2,1,0,0,1,51.0,27.0,deux_roues,voiture,1,2,3,1,3
202400014292,2024-09-10 10:25:00,2024,9,10,10,25,94,94021,Av. de Bretagne,48.76239,2.356,Plein jour,En agglomération,Autre intersection,Normale,Autre collision,9,1,1,0,1,1,1,9,1,50,1,2,1,0,1,0,58.0,,utilitaire_camion,,1,2,9,1,6
202400014293,2024-12-27 12:45:00,2024,12,27,12,45,34,34301,BLANC CAMILLE (BOULEVARD),43.4071,3.6671,Plein jour,En agglomération,Intersection en T,Normale,Deux véhicules - arrière,3,3,4,0,1,1,1,3,1,50,2,2,1,0,0,1,52.0,75.0,voiture,voiture,1,2,3,1,2
202400014293,2024-12-27 12:45:00,2024,12,27,12,45,34,34301,BLANC CAMILLE (BOULEVARD),43.4071,3.6671,Plein jour,En agglomération,Intersection en T,Normale,Deux véhicules - arrière,3,1,1,0,3,2,1,5,1,50,2,2,1,0,0,1,52.0,75.0,voiture,voiture,1,2,3,1,2
202400014294,2024-08-04 09:52:00,2024,8,4,9,52,33,33529,,44.63594,-1.14266,Plein jour,En agglomération,Intersection en T,Normale,Deux véhicules - côté,4,2,2,0,1,3,1,0,1,50,2,2,1,0,0,1,36.0,89.0,voiture,deux_roues,1,2,3,1,3
202400014294,2024-08-04 09:52:00,2024,8,4,9,52,33,33529,,44.63594,-1.14266,Plein jour,En agglomération,Intersection en T,Normale,Deux véhicules - côté,4,2,2,0,1,1,1,0,1,50,2,2,1,0,0,1,36.0,89.0,voiture,deux_roues,1,2,3,1,3
202400014295,2024-02-01 16:25:00,2024,2,1,16,25,91,91223,SAINT JACQUES (RUE),48.43169,2.15146,Plein jour,En agglomération,Intersection en T,Temps couvert,Deux véhicules - frontale,4,2,2,0,1,1,1,0,1,50,2,3,2,0,0,1,48.0,57.0,voiture,voiture,1,2,3,8,1
202400014295,2024-02-01 16:25:00,2024,2,1,16,25,91,91223,SAINT JACQUES (RUE),48.43169,2.15146,Plein jour,En agglomération,Intersection en T,Temps couvert,Deux véhicules - frontale,4,2,2,0,1,1,2,0,1,50,2,3,2,0,0,1,48.0,57.0,voiture,voiture,1,2,3,8,1
202400014296,2024-09-09 10:15:00,2024,9,9,10,15,94,94011,Avenue du Docteur Emile Roux,48.76985,2.47663,Plein jour,En agglomération,Hors intersection,Normale,Deux véhicules - arrière,4,2,2,0,1,1,1,0,1,50,2,3,2,0,0,1,29.0,42.0,utilitaire_camion,voiture,1,2,1,1,2
202400014297,2024-08-04 20:03:00,2024,8,4,20,3,31,31555,DEMOISELLES (ALL DES) DU 2AU 80,43.58796,1.45956,Crépuscule ou aube,En agglomération,Hors intersection,Normale,Autre collision,4,2,3,0,1,1,1,0,1,50,1,2,1,0,0,1,32.0,,voiture,,2,2,1,1,6
202400014298,2024-12-27 06:50:00,2024,12,27,6,50,33,33167,,44.83594888,-0.53029458,Nuit avec éclairage allumé,En agglomération,Intersection en T,Temps couvert,Deux véhicules - côté,4,2,2,0,1,1,1,0,1,30,2,4,3,0,0,1,22.0,,voiture,voiture,5,2,3,8,3
202400014298,2024-12-27 06:50:00,2024,12,27,6,50,33,33167,,44.83594888,-0.53029458,Nuit avec éclairage allumé,En agglomération,Intersection en T,Temps couvert,Deux véhicules - côté,4,2,2,0,1,1,1,0,1,30,2,4,3,0,0,1,22.0,,voiture,voiture,5,2,3,8,3
202400014299,2024-01-31 12:24:00,2024,1,31,12,24,87,87085,avenue de Landouge,45.8387737,1.21316314,Plein jour,En agglomération,Intersection en T,Normale,Deux véhicules - côté,4,2,2,0,1,1,1,5,1,50,2,2,1,0,0,1,38.0,54.0,utilitaire_camion,deux_roues,1,2,3,1,3
202400014299,2024-01-31 12:24:00,2024,1,31,12,24,87,87085,avenue de Landouge,45.8387737,1.21316314,Plein jour,En agglomération,Intersection en T,Normale,Deux véhicules - côté,4,2,2,0,1,1,1,5,1,50,2,2,1,0,0,1,38.0,54.0,utilitaire_camion,deux_roues,1,2,3,1,3
202400014300,2024-12-25 18:05:00,2024,12,25,18,5,33,33063,,44.83368,-0.58478,Nuit avec éclairage allumé,En agglomération,Place,Normale,Deux véhicules - côté,4,1,1,0,1,1,1,0,1,50,2,2,1,0,0,1,50.0,61.0,voiture,deux_roues,5,2,7,1,3
202400014300,2024-12-25 18:05:00,2024,12,25,18,5,33,33063,,44.83368,-0.58478,Nuit avec éclairage allumé,En agglomération,Place,Normale,Deux véhicules - côté,4,1,1,1,1,2,1,9,1,30,2,2,1,0,0,1,50.0,61.0,voiture,deux_roues,5,2,7,1,3
202400014301,2024-02-01 22:00:00,2024,2,1,22,0,84,84007,OULLE (Boulevard de l'),43.94996,4.80189,Nuit avec éclairage allumé,En agglomération,Hors intersection,Normale,Deux véhicules - côté,4,3,2,0,2,1,1,9,1,50,2,2,1,0,0,1,40.0,,voiture,voiture,5,2,1,1,3
202400014302,2024-08-04 18:55:00,2024,8,4,18,55,29,29051,Avenue du Rouillen,48.000216,-4.054708,Plein jour,En agglomération,Intersection en X,Normale,Trois véhicules et plus - collisions multiples,4,2,2,0,1,1,1,5,1,50,3,3,1,0,1,1,78.0,17.0,voiture,deux_roues,1,2,2,1,5
202400014302,2024-08-04 18:55:00,2024,8,4,18,55,29,29051,Avenue du Rouillen,48.000216,-4.054708,Plein jour,En agglomération,Intersection en X,Normale,Trois véhicules et plus - collisions multiples,4,4,2,0,1,1,1,5,1,50,3,3,1,0,1,1,78.0,17.0,voiture,deux_roues,1,2,2,1,5
202400014303,2024-09-09 22:45:00,2024,9,9,22,45,93,93051,STATION,48.82659846,2.56753922,Nuit avec éclairage allumé,En agglomération,Intersection en T,Normale,Deux véhicules - côté,4,2,1,0,1,1,1,5,1,50,2,6,3,0,0,3,23.0,31.0,voiture,utilitaire_camion,5,2,3,1,3
202400014303,2024-09-09 22:45:00,2024,9,9,22,45,93,93051,STATION,48.82659846,2.56753922,Nuit avec éclairage allumé,En agglomération,Intersection en T,Normale,Deux véhicules - côté,4,2,1,0,1,1,1,5,1,50,2,6,3,0,0,3,23.0,31.0,voiture,utilitaire_camion,5,2,3,1,3
202400014304,2024-12-27 19:40:00,2024,12,27,19,40,31,31557,FERRET (CH DE),43.58739048,1.3172704,Nuit avec éclairage allumé,En agglomération,Hors intersection,Normale,Sans collision,4,2,2,0,1,1,1,0,1,30,1,2,1,0,0,1,36.0,,voiture,,5,2,1,1,7
202400014305,2024-08-04 05:15:00,2024,8,4,5,15,29,29232,Rue de Benodet,47.9852,-4.1062,Nuit avec éclairage allumé,En agglomération,Hors intersection,Normale,Sans collision,4,3,2,0,1,1,1,0,4,50,1,1,0,0,0,1,22.0,,utilitaire_camion,,5,2,1,1,7
202400014306,2024-09-10 02:40:00,2024,9,10,2,40,93,93047,ROSIERS  (AVENUE DES),48.89510369,2.54831851,Nuit sans éclairage public,En agglomération,Hors intersection,Normale,Autre collision,4,1,1,0,1,1,1,0,1,50,1,2,0,0,0,2,24.0,,utilitaire_camion,,3,2,1,1,6
202400014307,2024-02-01 07:40:00,2024,2,1,7,40,83,83062,RN 98,43.13726,6.0267,Crépuscule ou aube,En agglomération,Hors intersection,Normale,Deux véhicules - frontale,3,1,2,0,1,1,1,0,1,50,2,3,2,0,1,0,29.0,22.0,voiture,deux_roues,2,2,1,1,1
202400014308,2024-12-27 15:00:00,2024,12,27,15,0,31,31555,RTE D ALBI,43.645152,1.4694061,Plein jour,En agglomération,Intersection en X,Normale,Deux véhicules - côté,1,1,1,-1,1,2,1,3,1,70,2,3,2,0,1,0,23.0,28.0,voiture,voiture,1,2,2,1,3
202400014308,2024-12-27 15:00:00,2024,12,27,15,0,31,31555,RTE D ALBI,43.645152,1.4694061,Plein jour,En agglomération,Intersection en X,Normale,Deux véhicules - côté,1,1,0,0,1,1,1,0,1,50,2,3,2,0,1,0,23.0,28.0,voiture,voiture,1,2,2,1,3
202400014309,2024-12-25 17:00:00,2024,12,25,17,0,30,30007,Avenue Olivier de Serres,44.10597,4.08844,Plein jour,En agglomération,Hors intersection,Normale,Sans collision,4,3,4,0,1,1,1,0,1,50,1,1,0,0,0,1,20.0,,deux_roues,,1,2,1,1,7
202400014310,2024-08-04 19:30:00,2024,8,4,19,30,27,27229,MENDES FRANCE (RUE PIERRE),49.03275,1.1556,Plein jour,En agglomération,Giratoire,Normale,Deux véhicules - côté,4,2,2,0,1,1,1,0,1,50,2,2,1,0,0,1,29.0,38.0,deux_roues,voiture,1,2,6,1,3
202400014311,2024-09-10 17:38:00,2024,9,10,17,38,93,93048,GENERAL DE GAULE (PLACE DU),48.86846,2.43348,Plein jour,En agglomération,Hors intersection,Normale,Autre collision,3,2,2,0,1,1,1,6,1,30,1,2,1,0,0,1,60.0,,voiture,,1,2,1,1,6
202400014312,2024-02-01 18:35:00,2024,2,1,18,35,83,83069,AVENUE RITONDALE LEOPOLD,43.11343,6.12969,Nuit avec éclairage allumé,En agglomération,Intersection en T,Normale,Deux véhicules - côté,3,1,0,0,1,1,1,0,1,50,2,3,1,0,0,2,45.0,47.0,deux_roues,voiture,5,2,3,1,3
202400014312,2024-02-01 18:35:00,2024,2,1,18,35,83,83069,AVENUE RITONDALE LEOPOLD,43.11343,6.12969,Nuit avec éclairage allumé,En agglomération,Intersection en T,Normale,Deux véhicules - côté,3,1,0,0,1,1,1,0,1,50,2,3,1,0,0,2,45.0,47.0,deux_roues,voiture,5,2,3,1,3
202400014313,2024-08-04 06:00:00,2024,8,4,6,0,13,13214,SAINTE MARTHE (AVENUE DE),43.34402104,5.3845185,Plein jour,En agglomération,Hors intersection,Normale,Sans collision,3,3,2,0,1,1,1,2,1,50,1,2,1,0,0,1,,,autre,,1,2,1,1,7
202400014314,2024-09-10 08:55:00,2024,9,10,8,55,93,93048,ARISTIDE BRIAND (BOULEVARD),48.87252694,2.45325253,Plein jour,En agglomération,Hors intersection,Normale,Deux véhicules - côté,3,2,2,1,1,1,1,0,1,50,2,2,1,0,0,1,42.0,43.0,deux_roues,voiture,1,2,1,1,3
202400014315,2024-01-31 20:15:00,2024,1,31,20,15,80,80021,Boulevard de Pont Noyelles,49.88348,2.31982,Nuit avec éclairage allumé,En agglomération,Hors intersection,Normale,Autre collision,4,1,4,0,1,1,1,0,1,50,1,1,0,0,0,1,44.0,,deux_roues,,5,2,1,1,6
202400014316,2024-12-26 14:30:00,2024,12,26,14,30,27,27229,SAINT ANDRE (ROUTE DE),49.01181,1.16531,Plein jour,En agglomération,Intersection en X,Pluie légère,Deux véhicules - arrière,4,1,2,0,1,1,2,0,1,50,2,3,2,0,0,1,37.0,49.0,voiture,voiture,1,2,2,2,2
202400014316,2024-12-26 14:30:00,2024,12,26,14,30,27,27229,SAINT ANDRE (ROUTE DE),49.01181,1.16531,Plein jour,En agglomération,Intersection en X,Pluie légère,Deux véhicules - arrière,4,2,2,0,1,1,2,0,1,50,2,3,2,0,0,1,37.0,49.0,voiture,voiture,1,2,2,2,2
202400014317,2024-02-01 17:20:00,2024,2,1,17,20,80,80001,Petite Rue Notre - Dame,50.10443,1.82853,Plein jour,En agglomération,Hors intersection,Normale,Autre collision,4,1,1,0,1,1,1,0,1,30,1,2,1,0,0,1,78.0,,voiture,,1,2,1,1,6
202400014318,2024-08-04 15:50:00,2024,8,4,15,50,13,13214,BUREL (BOULEVARD),43.31805,5.39038,Plein jour,Hors agglomération,Intersection en X,Normale,Deux véhicules - arrière,4,2,1,0,1,1,1,0,1,50,3,3,2,0,0,1,50.0,20.0,voiture,voiture,1,1,2,1,2
202400014318,2024-08-04 15:50:00,2024,8,4,15,50,13,13214,BUREL (BOULEVARD),43.31805,5.39038,Plein jour,Hors agglomération,Intersection en X,Normale,Deux véhicules - arrière,4,2,1,0,1,1,1,0,1,50,3,3,2,0,0,1,50.0,20.0,voiture,voiture,1,1,2,1,2
202400014319,2024-09-10 07:30:00,2024,9,10,7,30,93,93048,PARIS (RUE DE),48.85778818,2.43480742,Plein jour,En agglomération,Intersection en T,Normale,Deux véhicules - côté,3,2,2,0,1,1,1,0,1,50,2,2,1,0,0,1,43.0,27.0,voiture,deux_roues,1,2,3,1,3
202400014319,2024-09-10 07:30:00,2024,9,10,7,30,93,93048,PARIS (RUE DE),48.85778818,2.43480742,Plein jour,En agglomération,Intersection en T,Normale,Deux véhicules - côté,3,2,2,0,1,1,1,0,1,50,2,2,1,0,0,1,43.0,27.0,voiture,deux_roues,1,2,3,1,3
202400014320,2024-02-01 04:30:00,2024,2,1,4,30,78,78486,RN 10,48.680675,1.841366,Nuit sans éclairage public,Hors agglomération,Hors intersection,Normale,Autre collision,2,1,2,0,1,1,1,0,1,110,1,1,0,0,0,1,25.0,,voiture,,3,1,1,1,6
202400014321,2024-12-27 15:00:00,2024,12,27,15,0,25,25462,VUILLECIN (RUE DE),46.91817,6.34375,Plein jour,En agglomération,Intersection en T,Autre,Deux véhicules - côté,4,-1,2,0,1,1,7,0,1,50,2,6,4,0,0,2,46.0,31.0,voiture,voiture,1,2,3,9,3
202400014322,2024-09-09 05:50:00,2024,9,9,5,50,93,93048,PAUL SIGNAC (AVENUE),48.86875,2.45146,Crépuscule ou aube,En agglomération,Hors intersection,Normale,Deux véhicules - frontale,4,2,2,0,1,1,1,0,1,50,2,2,1,0,0,1,,38.0,voiture,utilitaire_camion,2,2,1,1,1
202400014323,2024-08-03 08:30:00,2024,8,3,8,30,13,13208,POMPIDOU (PROMENADE),43.26469653,5.37351857,Plein jour,En agglomération,Hors intersection,Normale,Deux véhicules - arrière,4,1,2,0,1,1,1,0,1,50,2,3,1,0,0,2,34.0,35.0,voiture,deux_roues,1,2,1,1,2
202400014324,2024-02-01 09:15:00,2024,2,1,9,15,76,76429,Rue Leon Gambetta,49.41607,1.14038,Plein jour,En agglomération,Intersection en Y,Pluie légère,Autre collision,4,2,2,0,1,1,2,0,1,50,1,2,1,0,1,0,77.0,,voiture,,1,2,4,2,6
202400014324,2024-02-01 09:15:00,2024,2,1,9,15,76,76429,Rue Leon Gambetta,49.41607,1.14038,Plein jour,En agglomération,Intersection en Y,Pluie légère,Autre collision,4,1,1,0,1,2,2,0,1,50,1,2,1,0,1,0,77.0,,voiture,,1,2,4,2,6
202400014325,2024-08-04 07:45:00,2024,8,4,7,45,13,13005,GEMENOS (ROUTE DE CD2),43.29776452,5.58854878,Plein jour,En agglomération,Giratoire,Normale,Deux véhicules - côté,7,1,2,0,3,2,1,0,1,50,1,1,0,0,1,0,62.0,,deux_roues,,1,2,6,1,3
202400014326,2024-12-27 09:45:00,2024,12,27,9,45,17,17415,route nationale 141,45.73019,-0.6267,Plein jour,Hors agglomération,Hors intersection,Normale,Deux véhicules - frontale,2,2,2,0,1,1,1,0,1,80,2,2,0,0,0,2,44.0,51.0,voiture,voiture,1,1,1,1,1
202400014327,2024-09-10 18:24:00,2024,9,10,18,24,93,93046,JEAN JAURES BOULEVARD,48.92160629,2.52527475,Plein jour,En agglomération,Intersection en X,Normale,Autre collision,3,2,2,2,1,1,1,0,1,50,1,2,1,0,0,1,60.0,,voiture,,1,2,2,1,6
202400014327,2024-09-10 18:24:00,2024,9,10,18,24,93,93046,JEAN JAURES BOULEVARD,48.92160629,2.52527475,Plein jour,En agglomération,Intersection en X,Normale,Autre collision,3,1,1,0,1,1,1,0,1,50,1,2,1,0,0,1,60.0,,voiture,,1,2,2,1,6
202400014328,2024-08-04 18:30:00,2024,8,4,18,30,07,07102,LYON (AVENUE DE),44.93578,4.85611,Plein jour,En agglomération,Hors intersection,Normale,Sans collision,3,2,2,0,1,1,1,0,1,50,1,2,0,0,0,2,69.0,,deux_roues,,1,2,1,1,7