accident_id,datetime,annee,mois,jour,heure,minute,departement,commune_insee,adresse,latitude,longitude,luminosite,agglomeration,intersection,meteo,collision,catr,circ,nbv,vosp,prof,plan,surf,infra,situ,vma,nb_vehicules,nb_usagers,nb_indemnes,nb_tues,nb_blesses_hosp,nb_blesses_legers,age_cond_1,age_cond_2,veh_type_cond_1,veh_type_cond_2,lum_code,agg_code,int_code,atm_code,col_code
202400014475,2024-07-28 17:10:00,2024,7,28,17,10,45,45067,4 haute levee,47.902749,1.758891,Plein jour,Hors agglomération,Hors intersection,Normale,Deux véhicules - côté,4,2,2,0,1,1,1,0,1,30,2,2,1,0,1,0,,65.0,autre,deux_roues,1,1,1,1,3
202400014476,2024-02-01 17:58:00,2024,2,1,17,58,25,25056,DOLE RUE DE (entre 82 et 185),47.22856,5.986536,Nuit avec éclairage allumé,En agglomération,Intersection en T,Pluie légère,Autre collision,4,3,2,2,3,1,2,5,1,50,1,2,1,0,0,1,24.0,,voiture,,5,2,3,2,6
202400014476,2024-02-01 17:58:00,2024,2,1,17,58,25,25056,DOLE RUE DE (entre 82 et 185),47.22856,5.986536,Nuit avec éclairage allumé,En agglomération,Intersection en T,Pluie légère,Autre collision,4,2, -1,-1,4,1,2,5,1,50,1,2,1,0,0,1,24.0,,voiture,,5,2,3,2,6
202400014477,2024-12-21 11:20:00,2024,12,21,11,20,44,44089,la Hioterie,47.345733,-1.866968,Plein jour,Hors agglomération,Hors intersection,Normale,Autre collision,3,2,2,0,3,3,1,3,3,70,1,1,0,0,1,0,33.0,,voiture,,1,1,1,1,6
202400014478,2024-08-04 11:50:00,2024,8,4,11,50,10,10011,,48.260027,4.722276,Plein jour,Hors agglomération,Hors intersection,Normale,Sans collision,3,2,2,0,2,2,1,0,3,80,1,1,0,0,1,0,27.0,,deux_roues,,1,1,1,1,7
202400014479,2024-12-27 23:22:00,2024,12,27,23,22,44,44108,25 Rue  Saint Martin,47.1356,-1.279506,Nuit sans éclairage public,Hors agglomération,Hors intersection,Normale,Autre collision,4,2,2,0,1,1,1,0,3,80,1,4,3,0,1,0,22.0,,voiture,,3,1,1,1,6
202400014480,2024-02-01 14:00:00,2024,2,1,14,0,22,22113,PARK NEVEZ (AVENUE DE),48.72584,-3.44098,Plein jour,En agglomération,Giratoire,Normale,Deux véhicules - côté,4,2,2,0,1,3,8,0,1,50,2,2,1,0,0,1,50.0,58.0,voiture,deux_roues,1,2,6,1,3
202400014480,2024-02-01 14:00:00,2024,2,1,14,0,22,22113,PARK NEVEZ (AVENUE DE),48.72584,-3.44098,Plein jour,En agglomération,Giratoire,Normale,Deux véhicules - côté,4,2,1,0,1,3,8,5,1,50,2,2,1,0,0,1,50.0,58.0,voiture,deux_roues,1,2,6,1,3
202400014481,2024-08-04 13:45:00,2024,8,4,13,45,10,10238,Rue du Lac,48.257745,4.340265,Plein jour,En agglomération,Hors intersection,Normale,Deux véhicules - côté,4,2,1,0,1,1,1,0,1,30,2,2,1,0,1,0,22.0,34.0,voiture,deux_roues,1,2,1,1,3
202400014482,2024-12-23 19:40:00,2024,12,23,19,40,29,29117,D13,48.58529984,-4.50765831,Nuit sans éclairage public,Hors agglomération,Hors intersection,Pluie légère,Deux véhicules - côté,3,2,2,0,2,1,2,9,1,80,2,2,1,0,0,1,50.0,38.0,voiture,voiture,3,1,1,2,3
202400014483,2024-01-31 17:25:00,2024,1,31,17,25,19,19031,,45.15725,1.523,Plein jour,En agglomération,Intersection en T,Normale,Autre collision,4,1,1,0,1,1,1,0,1,30,1,2,1,0,1,0,61.0,,voiture,,1,2,3,1,6
202400014483,2024-01-31 17:25:00,2024,1,31,17,25,19,19031,,45.15725,1.523,Plein jour,En agglomération,Intersection en T,Normale,Autre collision,4,2,2,0,1,1,1,0,1,50,1,2,1,0,1,0,61.0,,voiture,,1,2,3,1,6
202400014484,2024-08-04 07:00:00,2024,8,4,7,0,07,07112,Cuze,44.778172,4.30325,Crépuscule ou aube,Hors agglomération,Hors intersection,Normale,Autre collision,3,2,2,0,2,2,1,0,3,90,1,2,1,0,1,0,23.0,,voiture,,2,1,1,1,6
202400014485,2024-12-28 12:40:00,2024,12,28,12,40,38,38006,ROUTE DES GENTIANES,45.391398,6.112497,Plein jour,Hors agglomération,Hors intersection,Normale,Autre collision,4,2,2,0,2,1,7,0,1,50,1,2,1,0,1,0,21.0,,voiture,,1,1,1,1,6
202400014486,2024-08-02 23:00:00,2024,8,2,23,0,07,07296,158 Route de Lachapelle,44.570975,4.383686,Nuit sans éclairage public,Hors agglomération,Hors intersection,Normale,Autre collision,3,2,2,0,1,2,1,0,3,80,1,1,0,0,1,0,23.0,,voiture,,3,1,1,1,6
202400014487,2024-01-29 18:15:00,2024,1,29,18,15,19,19031,VERLHAC (BOULEVARD DOCTEUR),45.16779,1.53285,Plein jour,En agglomération,Intersection en T,Normale,Deux véhicules - côté,4,2, -1,0,1,1,1,0,1,50,2,2,1,0,0,1,17.0,40.0,deux_roues,voiture,1,2,3,1,3
202400014487,2024-01-29 18:15:00,2024,1,29,18,15,19,19031,VERLHAC (BOULEVARD DOCTEUR),45.16779,1.53285,Plein jour,En agglomération,Intersection en T,Normale,Deux véhicules - côté,4,2,2,0,1,1,1,0,1,50,2,2,1,0,0,1,17.0,40.0,deux_roues,voiture,1,2,3,1,3
202400014488,2024-08-04 11:30:00,2024,8,4,11,30,53,53245,Route de Luitré,48.27913658,-1.04782724,Plein jour,Hors agglomération,Hors intersection,Normale,Trois véhicules et plus - en chaîne,3,2,2,0,1,1,1,0,1,80,4,4,1,0,2,1,42.0,59.0,deux_roues,deux_roues,1,1,1,1,4
202400014489,2024-01-25 19:30:00,2024,1,25,19,30,19,19031,ALVITRE (AVENUE ABBE),45.15179943,1.50266433,Nuit avec éclairage allumé,En agglomération,Hors intersection,Normale,Deux véhicules - arrière,4,2,2,0,1,1,1,0,1,50,2,2,1,0,0,1,19.0,50.0,voiture,voiture,5,2,1,1,2
202400014490,2024-12-28 11:15:00,2024,12,28,11,15,01,01229,Route d'Etrez,46.333358,5.162716,Plein jour,Hors agglomération,Intersection en X,Brouillard / fumée,Trois véhicules et plus - collisions multiples,3,2,2,0,1,2,1,0,1,80,3,3,0,0,0,3,23.0,55.0,voiture,voiture,1,1,2,5,5
202400014490,2024-12-28 11:15:00,2024,12,28,11,15,01,01229,Route d'Etrez,46.333358,5.162716,Plein jour,Hors agglomération,Intersection en X,Brouillard / fumée,Trois véhicules et plus - collisions multiples,3,2,2,0,1,1,1,0,8,80,3,3,0,0,0,3,23.0,55.0,voiture,voiture,1,1,2,5,5
202400014491,2024-08-04 18:00:00,2024,8,4,18,0,24,24301,ROUTE DU PERIGORD NOIR,45.03559465,1.37513638,Plein jour,Hors agglomération,Hors intersection,Normale,Sans collision,3,2,2,0,4,2,1,0,3,80,1,1,0,0,1,0,38.0,,deux_roues,,1,1,1,1,7
202400014492,2024-02-01 22:15:00,2024,2,1,22,15,18,18279,,47.245482,2.076336,Nuit avec éclairage allumé,Hors agglomération,Giratoire,Autre,Sans collision,3,2,2,0,1,1,2,0,8,70,1,1,0,0,1,0,21.0,,utilitaire_camion,,5,1,6,9,7
202400014492,2024-02-01 22:15:00,2024,2,1,22,15,18,18279,,47.245482,2.076336,Nuit avec éclairage allumé,Hors agglomération,Giratoire,Autre,Sans collision,3,2,2,0,1,1,2,9,8,70,1,1,0,0,1,0,21.0,,utilitaire_camion,,5,1,6,9,7
202400014493,2024-08-05 16:40:00,2024,8,5,16,40,27,27260,D6178,49.393833,0.414791,Plein jour,Hors agglomération,Hors intersection,Normale,Deux véhicules - frontale,3,2,2,0,4,1,1,0,1,80,2,3,1,2,0,0,19.0,54.0,voiture,utilitaire_camion,1,1,1,1,1
202400014494,2024-12-28 14:20:00,2024,12,28,14,20,70,70477,Grande Rue,47.56199,6.629825,Plein jour,En agglomération,Giratoire,Normale,Sans collision,3,2,2,0,1,1,1,9,8,50,1,3,2,1,0,0,55.0,,voiture,,1,2,6,1,7
202400014494,2024-12-28 14:20:00,2024,12,28,14,20,70,70477,Grande Rue,47.56199,6.629825,Plein jour,En agglomération,Giratoire,Normale,Sans collision,3,2, -1,-1,1,1,1,5,8,50,1,3,2,1,0,0,55.0,,voiture,,1,2,6,1,7
202400014494,2024-12-28 14:20:00,2024,12,28,14,20,70,70477,Grande Rue,47.56199,6.629825,Plein jour,En agglomération,Giratoire,Normale,Sans collision,3,2, -1,-1,1,2,1,5,8,-1,1,3,2,1,0,0,55.0,,voiture,,1,2,6,1,7
202400014495,2024-08-05 05:10:00,2024,8,5,5,10,37,37266,Route de Ballan,47.304738,0.694274,Nuit sans éclairage public,Hors agglomération,Hors intersection,Normale,Autre collision,3,2,2,0,1,1,1,0,1,80,1,1,0,0,0,1,26.0,,deux_roues,,3,1,1,1,6
202400014496,2024-12-27 02:25:00,2024,12,27,2,25,72,72011,lieu dit le bas rance,48.30504342,0.0045481,Nuit sans éclairage public,Hors agglomération,Hors intersection,Normale,Autre collision,3,-1,2,0,2,1,1,0,3,80,1,3,2,0,1,0,23.0,,voiture,,3,1,1,1,6
202400014497,2024-08-05 11:30:00,2024,8,5,11,30,30,30172,D39,43.994173,3.85118,Plein jour,Hors agglomération,Hors intersection,Normale,Sans collision,3,2,2,0,1,1,1,0,1,80,1,1,0,0,0,1,53.0,,deux_roues,,1,1,1,1,7
202400014498,2024-02-01 12:50:00,2024,2,1,12,50,15,15014,57 Rue de l'Egalite,44.93292,2.44016,Plein jour,En agglomération,Hors intersection,Normale,Deux véhicules - côté,4,2,2,0,2,1,2,0,1,50,2,2,1,0,0,1,21.0,23.0,voiture,deux_roues,1,2,1,1,3
202400014499,2024-12-24 04:15:00,2024,12,24,4,15,14,14714,61 Route de Bayeux Saint-Lô,49.216563,-0.795355,Nuit avec éclairage allumé,Hors agglomération,Hors intersection,Normale,Autre collision,3,2,2,0,1,2,1,0,3,70,1,1,0,0,0,1,29.0,,utilitaire_camion,,5,1,1,1,6
202400014500,2024-08-05 09:30:00,2024,8,5,9,30,976,97602,Route Nationale 1,-12.715179,45.126364,Plein jour,Hors agglomération,Hors intersection,Normale,Deux véhicules - arrière,2,3,2,0,2,4,1,0,1,-1,2,2,1,0,0,1,29.0,32.0,voiture,voiture,1,1,1,1,2
202400014501,2024-12-27 23:00:00,2024,12,27,23,0,10,10238,RD619,48.241881,4.340962,Nuit sans éclairage public,Hors agglomération,Hors intersection,Brouillard / fumée,Deux véhicules - frontale,3,2,2,0,1,1,2,0,1,90,2,2,0,1,0,1,57.0,33.0,voiture,voiture,3,1,1,5,1
202400014502,2024-01-31 17:25:00,2024,1,31,17,25,15,15014,RN 122,44.91328,2.44433,Plein jour,En agglomération,Hors intersection,Normale,Deux véhicules - arrière,2,2,2,0,1,1,1,6,1,50,2,2,1,0,0,1,16.0,54.0,deux_roues,utilitaire_camion,1,2,1,1,2
202400014503,2024-08-05 16:56:00,2024,8,5,16,56,45,45169,autoroute A10 point kilométrique 097+710,47.910252,1.84942,Plein jour,Hors agglomération,Hors intersection,Normale,Deux véhicules - côté,1,3,4,0,1,1,1,0,1,130,2,4,1,0,3,0,51.0,27.0,voiture,utilitaire_camion,1,1,1,1,3
202400014504,2024-01-31 19:00:00,2024,1,31,19,0,14,14333,23 Avenue de la Brigade Piron,49.40033,0.24079,Nuit avec éclairage allumé,En agglomération,Intersection en X,Normale,Deux véhicules - côté,4,2,2,0,1,1,1,0,1,50,2,2,1,0,0,1,33.0,29.0,voiture,voiture,5,2,2,1,3
202400014504,2024-01-31 19:00:00,2024,1,31,19,0,14,14333,23 Avenue de la Brigade Piron,49.40033,0.24079,Nuit avec éclairage allumé,En agglomération,Intersection en X,Normale,Deux véhicules - côté,4,2,2,0,1,3,1,5,1,30,2,2,1,0,0,1,33.0,29.0,voiture,voiture,5,2,2,1,3
202400014505,2024-12-28 11:15:00,2024,12,28,11,15,21,21561,D971,47.424799,4.847342,Plein jour,Hors agglomération,Hors intersection,Autre,Trois véhicules et plus - collisions multiples,3,2,2,0,3,1,7,0,1,90,4,4,2,0,1,1,62.0,57.0,voiture,utilitaire_camion,1,1,1,9,5
202400014506,2024-08-05 22:23:00,2024,8,5,22,23,60,60612,Autoroute A1 PK 042+200,49.20439424,2.61012411,Crépuscule ou aube,Hors agglomération,Hors intersection,Normale,Deux véhicules - arrière,1,2,3,0,1,1,1,0,5,130,2,2,1,0,0,1,45.0,46.0,voiture,voiture,2,1,1,1,2
202400014507,2024-12-28 07:00:00,2024,12,28,7,0,988,98805,Route des bassins,-22.173081,166.415679,Plein jour,Hors agglomération,Hors intersection,Normale,Deux véhicules - côté,9,2,2,0,2,1,1,0,1,50,2,2,1,0,0,1,52.0,56.0,deux_roues,voiture,1,1,1,1,3
202400014508,2024-02-01 07:30:00,2024,2,1,7,30,13,13117,DE LATTRE DE TASSIGNY ( AVENUE ),43.4233,5.28373,Crépuscule ou aube,En agglomération,Intersection en X,Normale,Deux véhicules - côté,4,2,2,0,1,1,1,0,1,30,2,2,1,0,0,1,,62.0,utilitaire_camion,voiture,2,2,2,1,3
202400014508,2024-02-01 07:30:00,2024,2,1,7,30,13,13117,DE LATTRE DE TASSIGNY ( AVENUE ),43.4233,5.28373,Crépuscule ou aube,En agglomération,Intersection en X,Normale,Deux véhicules - côté,4,2,2,0,1,1,1,0,1,30,2,2,1,0,0,1,,62.0,utilitaire_camion,voiture,2,2,2,1,3
202400014509,2024-08-03 05:10:00,2024,8,3,5,10,987,98723,Punaei,-9.727,-138.981,Crépuscule ou aube,Hors agglomération,Hors intersection,Normale,Sans collision,9,2,2,0,1,2,1,0,8,60,1,2,1,1,0,0,26.0,,voiture,,2,1,1,1,7
202400014510,2024-02-01 19:00:00,2024,2,1,19,0,13,13203,ROGER SALENGRO (AVENUE),43.30986,5.37356,Nuit avec éclairage allumé,En agglomération,Autre intersection,Normale,Deux véhicules - côté,4,1,2,3,1,1,1,0,6,50,2,2,0,0,0,2,49.0,48.0,voiture,deux_roues,5,2,9,1,3
202400014511,2024-12-28 15:50:00,2024,12,28,15,50,01,01151,"PK 147+000, A40",46.073489,5.3144,Plein jour,Hors agglomération,Hors intersection,Brouillard / fumée,Trois véhicules et plus - en chaîne,1,3,4,0,1,1,1,3,1,130,3,8,7,0,0,1,26.0,44.0,voiture,voiture,1,1,1,5,4
202400014512,2024-08-03 09:35:00,2024,8,3,9,35,988,98829,RPS4 à hauteur de la tribu de KOUERGOA,-21.73355,166.103282,Plein jour,Hors agglomération,Hors intersection,Normale,Deux véhicules - frontale,3,2,2,0,1,2,1,0,1,90,2,5,2,1,0,2,23.0,63.0,voiture,voiture,1,1,1,1,1
202400014513,2024-01-30 17:40:00,2024,1,30,17,40,13,13206,LAFON (RUE),43.2913,5.3811,Nuit avec éclairage allumé,En agglomération,Intersection en T,Normale,Deux véhicules - côté,4,1,2,0,4,1,1,5,8,50,2,3,2,0,0,1,62.0,16.0,voiture,deux_roues,5,2,3,1,3
202400014513,2024-01-30 17:40:00,2024,1,30,17,40,13,13206,LAFON (RUE),43.2913,5.3811,Nuit avec éclairage allumé,En agglomération,Intersection en T,Normale,Deux véhicules - côté,4,1,1,3,1,1,1,5,1,30,2,3,2,0,0,1,62.0,16.0,voiture,deux_roues,5,2,3,1,3
202400014514,2024-08-04 11:51:00,2024,8,4,11,51,37,37003,Boulevard Saint-denis-hors,47.39325262,1.00387001,Plein jour,Hors agglomération,Intersection en T,Normale,Autre collision,3,2,2,0,1,1,1,0,3,90,1,1,0,0,1,0,40.0,,voiture,,1,1,3,1,6
202400014514,2024-08-04 11:51:00,2024,8,4,11,51,37,37003,Boulevard Saint-denis-hors,47.39325262,1.00387001,Plein jour,Hors agglomération,Intersection en T,Normale,Autre collision,3,2,2,0,1,1,1,0,3,70,1,1,0,0,1,0,40.0,,voiture,,1,1,3,1,6
202400014515,2024-12-19 22:49:00,2024,12,19,22,49,13,13001,"A8, PK 020.500, S2 ( Nice vers Lyon )",43.512176,5.456536,Nuit sans éclairage public,Hors agglomération,Hors intersection,Normale,Deux véhicules - arrière,1,3,3,3,1,1,1,0,1,90,2,2,1,0,0,1,50.0,28.0,voiture,voiture,3,1,1,1,2
202400014516,2024-08-04 14:45:00,2024,8,4,14,45,77,77365,RD 231 pk 24,48.717668,3.038492,Plein jour,Hors agglomération,Hors intersection,Normale,Deux véhicules - frontale,3,2,2,0,1,1,1,0,1,80,2,2,0,0,2,0,31.0,61.0,voiture,voiture,1,1,1,1,1
202400014517,2024-12-27 19:00:00,2024,12,27,19,0,02,02297,,49.075272,3.354263,Nuit sans éclairage public,Hors agglomération,Hors intersection,Normale,Deux véhicules - arrière,1,3,2,0,1,1,1,0,1,130,2,3,1,0,0,2,57.0,31.0,voiture,voiture,3,1,1,1,2
202400014518,2024-01-31 13:15:00,2024,1,31,13,15,13,13047,R.N 569,43.53688,4.97477,Plein jour,Hors agglomération,Hors intersection,Normale,Deux véhicules - arrière,3,2,2,0,1,1,1,8,1,80,4,5,2,0,0,3,59.0,,deux_roues,voiture,1,1,1,1,2
202400014519,2024-08-04 23:48:00,2024,8,4,23,48,66,66208,D914,42.63537421,2.93922901,Nuit sans éclairage public,Hors agglomération,Hors intersection,Normale,Autre collision,3,3,4,0,1,1,1,2,1,110,1,3,0,0,0,3,32.0,,voiture,,3,1,1,1,6
202400014520,2024-12-27 21:40:00,2024,12,27,21,40,976,97613,Rue Fangalatorou,-12.75639,45.082483,Nuit avec éclairage allumé,En agglomération,Hors intersection,Normale,Autre collision,4,2,2,0,2,1,1,0,1,50,1,2,1,1,0,0,44.0,,utilitaire_camion,,5,2,1,1,6
202400014521,2024-02-01 07:35:00,2024,2,1,7,35,13,13005,BLANCARD (PROMENADE PIERRE),43.29715,5.56839,Crépuscule ou aube,En agglomération,Hors intersection,Normale,Autre collision,4,3,2,0,1,3,1,0,1,50,1,3,2,0,0,1,48.0,,voiture,,2,2,1,1,6
202400014522,2024-08-04 20:40:00,2024,8,4,20,40,30,30010,Route de Generargues,44.062856,3.98157,Plein jour,Hors agglomération,Hors intersection,Normale,Autre collision,3,2,2,0,1,3,1,2,3,70,1,4,1,0,1,2,38.0,,voiture,,1,1,1,1,6
202400014523,2024-12-27 12:10:00,2024,12,27,12,10,51,51562,A4,49.205051,4.089146,Plein jour,Hors agglomération,Hors intersection,Temps éblouissant,Deux véhicules - arrière,1,3,2,0,1,1,1,0,1,130,2,3,2,0,1,0,44.0,61.0,voiture,voiture,1,1,1,7,2
202400014524,2024-08-02 11:10:00,2024,8,2,11,10,34,34344,Avenue de Melgueil,43.562862,4.086348,Plein jour,En agglomération,Autre intersection,Normale,Deux véhicules - côté,4,3,0,2,1,1,1,0,5,30,2,2,1,0,1,0,77.0,72.0,voiture,deux_roues,1,2,9,1,3
202400014525,2024-01-30 15:25:00,2024,1,30,15,25,11,11069,2 Rue de l’Alaric,43.22789,2.3854,Plein jour,En agglomération,Intersection en T,Normale,Deux véhicules - côté,4,2,1,0,1,1,1,0,1,50,2,2,1,0,0,1,25.0,37.0,voiture,voiture,1,2,3,1,3
202400014526,2024-08-05 13:50:00,2024,8,5,13,50,83,83065,Route du Littoral,43.26382,6.611675,Plein jour,En agglomération,Hors intersection,Normale,Deux véhicules - frontale,3,2,2,0,1,1,1,0,1,50,2,2,1,0,1,0,66.0,30.0,deux_roues,deux_roues,1,2,1,1,1
202400014527,2024-12-27 20:35:00,2024,12,27,20,35,38,38401,A43,45.560564,5.418599,Nuit sans éclairage public,Hors agglomération,Hors intersection,Normale,Trois véhicules et plus - en chaîne,1,3,2,0,1,1,1,0,1,130,3,6,3,0,0,3,55.0,62.0,voiture,voiture,3,1,1,1,4
202400014528,2024-01-28 10:20:00,2024,1,28,10,20,10,10387,Mail des Charmilles,48.29668,4.08531,Plein jour,En agglomération,Intersection en X,Normale,Deux véhicules - arrière,4,1,2,1,1,1,1,2,1,50,2,2,1,0,0,1,79.0,64.0,voiture,deux_roues,1,2,2,1,2
202400014528,2024-01-28 10:20:00,2024,1,28,10,20,10,10387,Mail des Charmilles,48.29668,4.08531,Plein jour,En agglomération,Intersection en X,Normale,Deux véhicules - arrière,4,3,2,0,1,1,1,0,1,50,2,2,1,0,0,1,79.0,64.0,voiture,deux_roues,1,2,2,1,2
202400014529,2024-08-05 09:05:00,2024,8,5,9,5,71,71481,D906,46.19795,4.763619,Plein jour,Hors agglomération,Intersection en X,Normale,Deux véhicules - côté,3,2,2,0,1,1,1,5,1,90,2,2,1,1,0,0,65.0,54.0,voiture,deux_roues,1,1,2,1,3
202400014529,2024-08-05 09:05:00,2024,8,5,9,5,71,71481,D906,46.19795,4.763619,Plein jour,Hors agglomération,Intersection en X,Normale,Deux véhicules - côté,3,2,2,0,1,1,1,5,1,50,2,2,1,1,0,0,65.0,54.0,voiture,deux_roues,1,1,2,1,3
202400014530,2024-12-14 12:50:00,2024,12,14,12,50,988,98822,Ina (Tribu),-20.938054,165.360117,Plein jour,Hors agglomération,Hors intersection,Pluie forte,Autre collision,2,2,2,0,1,1,2,0,3,90,1,3,2,0,1,0,30.0,,voiture,,1,1,1,3,6
202400014531,2024-08-04 19:35:00,2024,8,4,19,35,38,38376,Route de Berland,45.436063,5.779452,Plein jour,Hors agglomération,Hors intersection,Normale,Autre collision,3,-1,1,0,2,2,1,0,1,80,1,1,0,0,1,0,18.0,,voiture,,1,1,1,1,6
202400014532,2024-01-27 13:45:00,2024,1,27,13,45,02,02408,,49.550929,3.619382,Plein jour,En agglomération,Hors intersection,Normale,Autre collision,4,2,2,0,1,1,1,0,1,50,1,2,1,0,0,1,30.0,,voiture,,1,2,1,1,6
202400014533,2024-12-27 15:50:00,2024,12,27,15,50,974,97414,rue ancienne route de cilaos,-21.239887,55.455076,Plein jour,En agglomération,Hors intersection,Normale,Deux véhicules - frontale,4,2,2,0,1,3,1,0,1,50,2,2,1,0,1,0,52.0,36.0,transport_commun,deux_roues,1,2,1,1,1
202400014534,2024-08-05 17:40:00,2024,8,5,17,40,81,81142,986 Route de Lescout,43.523049,2.083781,Plein jour,Hors agglomération,Hors intersection,Normale,Deux véhicules - frontale,3,2,2,0,1,1,1,0,1,90,2,2,0,0,2,0,52.0,62.0,utilitaire_camion,voiture,1,1,1,1,1
202400014535,2024-02-01 17:10:00,2024,2,1,17,10,75,75115,PORTE DE SEVRES,48.828461,2.289694,Crépuscule ou aube,En agglomération,Hors intersection,Temps couvert,Deux véhicules - côté,4,1,4,0,1,1,2,0,1,70,2,2,1,0,0,1,29.0,21.0,voiture,deux_roues,2,2,1,8,3
202400014536,2024-12-28 01:00:00,2024,12,28,1,0,977,97701,RTE DE LORIENT,17.906526,-62.828099,Nuit avec éclairage allumé,En agglomération,Hors intersection,Normale,Deux véhicules - frontale,2,2,2,0,1,2,1,0,1,30,2,2,1,0,1,0,35.0,36.0,voiture,deux_roues,5,2,1,1,1
202400014537,2024-08-04 00:50:00,2024,8,4,0,50,46,46055,Empare,44.583453,2.091511,Nuit sans éclairage public,Hors agglomération,Intersection en Y,Normale,Sans collision,3,2,2,0,1,1,1,5,3,-1,1,1,0,0,0,1,36.0,,deux_roues,,3,1,4,1,7
202400014537,2024-08-04 00:50:00,2024,8,4,0,50,46,46055,Empare,44.583453,2.091511,Nuit sans éclairage public,Hors agglomération,Intersection en Y,Normale,Sans collision,3,2,2,0,1,1,1,0,3,80,1,1,0,0,0,1,36.0,,deux_roues,,3,1,4,1,7
202400014538,2024-12-27 19:40:00,2024,12,27,19,40,77,77277,D436,48.714723,2.869256,Nuit sans éclairage public,Hors agglomération,Hors intersection,Pluie légère,Autre collision,3,2,2,0,1,1,2,0,1,80,1,3,1,0,0,2,56.0,,voiture,,3,1,1,2,6
202400014539,2024-07-03 23:00:00,2024,7,3,23,0,33,33324,,44.829675,0.218951,Nuit avec éclairage allumé,En agglomération,Hors intersection,Normale,Deux véhicules - arrière,3,2,2,0,1,1,1,0,1,50,2,3,1,0,1,1,21.0,18.0,voiture,deux_roues,5,2,1,1,2
202400014540,2024-02-01 08:25:00,2024,2,1,8,25,75,75120,ECHANGEUR BAGNOLET,48.86295203,2.41407484,Plein jour,En agglomération,Hors intersection,Pluie légère,Autre collision,4,1,2,0,2,3,2,0,1,50,1,1,0,0,0,1,45.0,,voiture,,1,2,1,2,6
202400014541,2024-12-19 12:50:00,2024,12,19,12,50,78,78346,D11,48.9278,1.570272,Plein jour,Hors agglomération,Intersection en T,Normale,Deux véhicules - côté,3,2,2,1,1,1,1,0,1,80,2,2,1,0,0,1,25.0,24.0,voiture,voiture,1,1,3,1,3
202400014541,2024-12-19 12:50:00,2024,12,19,12,50,78,78346,D11,48.9278,1.570272,Plein jour,Hors agglomération,Intersection en T,Normale,Deux véhicules - côté,3,2, -1,-1,1,1,1,0,1,-1,2,2,1,0,0,1,25.0,24.0,voiture,voiture,1,1,3,1,3
202400014542,2024-08-04 11:09:00,2024,8,4,11,9,85,85092,D148 pk 23,46.454038,-0.828219,Plein jour,Hors agglomération,Hors intersection,Normale,Trois véhicules et plus - collisions multiples,3,2,2,0,1,1,1,0,1,80,3,4,2,0,2,0,33.0,20.0,voiture,voiture,1,1,1,1,5
202400014543,2024-12-28 18:15:00,2024,12,28,18,15,66,66225,D61,42.530876,2.904221,Nuit avec éclairage allumé,En agglomération,Hors intersection,Normale,Deux véhicules - frontale,3,2,2,0,2,1,1,9,1,-1,2,2,1,0,1,0,79.0,61.0,voiture,voiture,5,2,1,1,1
202400014544,2024-02-01 08:05:00,2024,2,1,8,5,75,75113,PORTE D IVRY,48.819992,2.374139,Plein jour,En agglomération,Hors intersection,Pluie légère,Deux véhicules - arrière,4,1,4,0,1,1,2,0,1,70,2,2,1,0,0,1,24.0,55.0,voiture,voiture,1,2,1,2,2
202400014545,2024-01-31 12:21:00,2024,1,31,12,21,75,75118,RUE DES ABBESSES,48.884166,2.338704,Plein jour,En agglomération,Intersection en T,Normale,Autre collision,4,2,2,3,2,3,1,0,1,30,1,3,1,0,1,1,47.0,,transport_commun,,1,2,3,1,6
202400014545,2024-01-31 12:21:00,2024,1,31,12,21,75,75118,RUE DES ABBESSES,48.884166,2.338704,Plein jour,En agglomération,Intersection en T,Normale,Autre collision,4,1,1,0,2,3,1,0,1,30,1,3,1,0,1,1,47.0,,transport_commun,,1,2,3,1,6
202400014546,2024-08-04 20:55:00,2024,8,4,20,55,14,14658,18 Rue de la Gare,48.842619,-1.051093,Plein jour,En agglomération,Hors intersection,Normale,Deux véhicules - frontale,3,2,2,0,2,1,1,0,1,50,2,3,1,0,2,0,38.0,54.0,utilitaire_camion,voiture,1,2,1,1,1
202400014547,2024-10-30 10:00:00,2024,10,30,10,0,66,66176,Avenue Paul Riquet,42.78476,2.96707,Plein jour,En agglomération,Intersection en T,Normale,Deux véhicules - frontale,3,2,2,0,1,1,1,0,1,50,2,2,1,0,0,1,72.0,52.0,deux_roues,voiture,1,2,3,1,1
202400014547,2024-10-30 10:00:00,2024,10,30,10,0,66,66176,Avenue Paul Riquet,42.78476,2.96707,Plein jour,En agglomération,Intersection en T,Normale,Deux véhicules - frontale,3,2,2,-1,1,1,1,0,8,-1,2,2,1,0,0,1,72.0,52.0,deux_roues,voiture,1,2,3,1,1
202400014548,2024-08-04 17:30:00,2024,8,4,17,30,29,29124,D110,48.57762151,-4.31447517,Plein jour,Hors agglomération,Hors intersection,Normale,Sans collision,3,2,2,0,2,1,1,0,1,80,1,1,0,0,1,0,70.0,,deux_roues,,1,1,1,1,7
202400014549,2024-02-01 11:50:00,2024,2,1,11,50,75,75106,RUE DE VAUGIRARD,48.848036,2.330322,Plein jour,En agglomération,Hors intersection,Normale,Autre collision,4,2,1,0,1,1,1,0,1,30,1,2,1,0,0,1,37.0,,voiture,,1,2,1,1,6