accident_id,datetime,annee,mois,jour,heure,minute,departement,commune_insee,adresse,latitude,longitude,luminosite,agglomeration,intersection,meteo,collision,catr,circ,nbv,vosp,prof,plan,surf,infra,situ,vma,nb_vehicules,nb_usagers,nb_indemnes,nb_tues,nb_blesses_hosp,nb_blesses_legers,age_cond_1,age_cond_2,veh_type_cond_1,veh_type_cond_2,lum_code,agg_code,int_code,atm_code,col_code
202400014619,2024-08-03 21:50:00,2024,8,3,21,50,69,69266,Cours Emile Zola,45.76703,4.89227,Nuit avec éclairage allumé,En agglomération,Hors intersection,Normale,Autre collision,4,2,2,2,1,1,1,0,1,30,1,2,1,0,1,0,,,autre,,5,2,1,1,6
202400014620,2024-08-01 09:25:00,2024,8,1,9,25,68,68166,Rue d'Illzach,47.79056,7.343226,Plein jour,En agglomération,Hors intersection,Normale,Autre collision,3,2,2,0,1,1,1,0,1,30,1,2,1,0,1,0,71.0,,voiture,,1,2,1,1,6
202400014621,2024-01-31 23:40:00,2024,1,31,23,40,92,92024,JEAN JAURES (BD) DE 47 A 109)   (56 A 14,48.90089344,2.30552334,Nuit avec éclairage allumé,En agglomération,Intersection en T,Normale,Deux véhicules - côté,3,1,3,3,1,1,1,0,1,50,2,2,1,0,0,1,27.0,45.0,deux_roues,voiture,5,2,3,1,3
202400014621,2024-01-31 23:40:00,2024,1,31,23,40,92,92024,JEAN JAURES (BD) DE 47 A 109)   (56 A 14,48.90089344,2.30552334,Nuit avec éclairage allumé,En agglomération,Intersection en T,Normale,Deux véhicules - côté,3,1,3,0,1,1,1,0,1,30,2,2,1,0,0,1,27.0,45.0,deux_roues,voiture,5,2,3,1,3
202400014622,2024-08-03 03:55:00,2024,8,3,3,55,67,67482,PARIS (QUAI DE),48.58501,7.74301,Nuit avec éclairage allumé,En agglomération,Intersection en T,Temps couvert,Deux véhicules - côté,4,-1,1,0,1,1,2,2,8,10,2,2,1,0,0,1,42.0,19.0,utilitaire_camion,deux_roues,5,2,3,8,3
202400014622,2024-08-03 03:55:00,2024,8,3,3,55,67,67482,PARIS (QUAI DE),48.58501,7.74301,Nuit avec éclairage allumé,En agglomération,Intersection en T,Temps couvert,Deux véhicules - côté,4,1,2,0,1,1,2,0,1,30,2,2,1,0,0,1,42.0,19.0,utilitaire_camion,deux_roues,5,2,3,8,3
202400014623,2024-02-01 16:25:00,2024,2,1,16,25,92,92012,JEAN JAURES (BOULEVARD) 1/61 - COTE IMPA,48.84302929,2.23821938,Plein jour,En agglomération,Hors intersection,Normale,Autre collision,4,2,2,0,1,1,1,0,1,50,1,1,0,0,0,1,40.0,,voiture,,1,2,1,1,6
202400014624,2024-01-31 22:32:00,2024,1,31,22,32,92,92002,DIVISION LECLERC (53 A 217 - 58 A 186),48.74477755,2.30332267,Nuit avec éclairage allumé,En agglomération,Hors intersection,Normale,Autre collision,3,1,2,0,2,1,1,0,1,50,1,1,0,0,0,1,68.0,,deux_roues,,5,2,1,1,6
202400014625,2024-02-01 09:15:00,2024,2,1,9,15,60,60223,142 Avenue de Flandres,49.43083118,2.64025731,Plein jour,En agglomération,Intersection en X,Pluie légère,Deux véhicules - côté,3,2,2,0,1,1,2,0,1,50,2,2,1,0,1,0,35.0,50.0,utilitaire_camion,voiture,1,2,2,2,3
202400014625,2024-02-01 09:15:00,2024,2,1,9,15,60,60223,142 Avenue de Flandres,49.43083118,2.64025731,Plein jour,En agglomération,Intersection en X,Pluie légère,Deux véhicules - côté,3,2, -1,-1,1,1,2,0,1,-1,2,2,1,0,1,0,35.0,50.0,utilitaire_camion,voiture,1,2,2,2,3
202400014626,2024-08-03 22:10:00,2024,8,3,22,10,63,63113,Rue de Blanzat / rue de Champfleuri,45.78794,3.08378,Nuit avec éclairage allumé,En agglomération,Intersection en X,Normale,Deux véhicules - côté,4,2,2,2,1,1,1,5,1,30,2,7,5,0,0,2,20.0,24.0,voiture,voiture,5,2,2,1,3
202400014626,2024-08-03 22:10:00,2024,8,3,22,10,63,63113,Rue de Blanzat / rue de Champfleuri,45.78794,3.08378,Nuit avec éclairage allumé,En agglomération,Intersection en X,Normale,Deux véhicules - côté,4,2,2,2,1,1,1,5,1,30,2,7,5,0,0,2,20.0,24.0,voiture,voiture,5,2,2,1,3
202400014627,2024-02-02 09:30:00,2024,2,2,9,30,71,71139,D983,46.63899203,4.55726384,Plein jour,Hors agglomération,Hors intersection,Brouillard / fumée,Sans collision,3,2,2,0,2,1,1,0,1,80,1,1,0,0,1,0,78.0,,deux_roues,,1,1,1,5,7
202400014628,2024-08-03 07:05:00,2024,8,3,7,5,63,63063,,45.833,3.114,Plein jour,Hors agglomération,Hors intersection,Normale,Autre collision,7,3,4,0,1,1,1,0,3,110,1,1,0,0,0,1,21.0,,voiture,,1,1,1,1,6
202400014629,2024-08-03 00:05:00,2024,8,3,0,5,61,61001,D438,48.42201,0.08954,Nuit avec éclairage allumé,En agglomération,Hors intersection,Normale,Autre collision,3,3,2,2,1,1,1,0,1,50,1,1,0,0,0,1,58.0,,deux_roues,,5,2,1,1,6
202400014630,2024-08-03 19:00:00,2024,8,3,19,0,59,59360,POTIE GEORGES RUE,50.61359,3.00215,Crépuscule ou aube,En agglomération,Hors intersection,Pluie légère,Autre collision,6,-1, -1,0,1,1,2,9,6,30,1,2,1,0,0,1,36.0,,voiture,,2,2,1,2,6
202400014631,2024-08-03 21:15:00,2024,8,3,21,15,59,59588,FURNES - ROUTE,51.04415,2.44332,Crépuscule ou aube,Hors agglomération,Hors intersection,Pluie légère,Deux véhicules - frontale,3,2,2,0,1,1,2,0,1,70,2,3,2,0,0,1,42.0,54.0,utilitaire_camion,voiture,2,1,1,2,1
202400014632,2024-08-03 17:45:00,2024,8,3,17,45,54,54547,Avenue Jeanne d'Arc,48.6581424,6.17767963,Plein jour,En agglomération,Intersection en X,Normale,Deux véhicules - frontale,4,2,3,0,1,1,1,0,1,50,2,2,1,0,0,1,72.0,30.0,deux_roues,voiture,1,2,2,1,1
202400014632,2024-08-03 17:45:00,2024,8,3,17,45,54,54547,Avenue Jeanne d'Arc,48.6581424,6.17767963,Plein jour,En agglomération,Intersection en X,Normale,Deux véhicules - frontale,4,2,3,1,1,1,1,-1,1,50,2,2,1,0,0,1,72.0,30.0,deux_roues,voiture,1,2,2,1,1
202400014633,2024-08-03 14:55:00,2024,8,3,14,55,54,54395,Rue Saint Léon,48.69001188,6.17183912,Plein jour,En agglomération,Intersection en X,Normale,Deux véhicules - côté,4,2,2,0,1,1,1,0,1,30,2,2,1,0,0,1,36.0,33.0,utilitaire_camion,voiture,1,2,2,1,3
202400014633,2024-08-03 14:55:00,2024,8,3,14,55,54,54395,Rue Saint Léon,48.69001188,6.17183912,Plein jour,En agglomération,Intersection en X,Normale,Deux véhicules - côté,4,1,2,0,1,1,1,0,1,30,2,2,1,0,0,1,36.0,33.0,utilitaire_camion,voiture,1,2,2,1,3
202400014634,2024-08-03 14:26:00,2024,8,3,14,26,51,51055,CHAILLOT (RUE),49.28643,4.02759,Plein jour,En agglomération,Giratoire,Normale,Deux véhicules - côté,4,2,2,1,1,2,1,0,1,50,2,3,2,0,0,1,39.0,33.0,voiture,deux_roues,1,2,6,1,3
202400014634,2024-08-03 14:26:00,2024,8,3,14,26,51,51055,CHAILLOT (RUE),49.28643,4.02759,Plein jour,En agglomération,Giratoire,Normale,Deux véhicules - côté,4,2,2,1,1,1,1,0,1,50,2,3,2,0,0,1,39.0,33.0,voiture,deux_roues,1,2,6,1,3
202400014635,2024-08-03 02:43:00,2024,8,3,2,43,49,49007,RAMON BOULEVARD,47.48565,-0.53339,Nuit avec éclairage non allumé,En agglomération,Hors intersection,Normale,Autre collision,4,3,4,0,1,1,1,0,1,50,1,3,1,0,0,2,20.0,,voiture,,4,2,1,1,6
202400014636,2024-08-02 16:50:00,2024,8,2,16,50,47,47201,MARNE (AV. DE LA),44.19459664,0.60329138,Plein jour,En agglomération,Giratoire,Normale,Deux véhicules - côté,3,2,2,0,1,1,1,0,1,50,2,2,1,0,0,1,84.0,18.0,voiture,deux_roues,1,2,6,1,3
202400014636,2024-08-02 16:50:00,2024,8,2,16,50,47,47201,MARNE (AV. DE LA),44.19459664,0.60329138,Plein jour,En agglomération,Giratoire,Normale,Deux véhicules - côté,3,2,2,0,1,1,1,5,1,-1,2,2,1,0,0,1,84.0,18.0,voiture,deux_roues,1,2,6,1,3
202400014637,2024-08-03 15:00:00,2024,8,3,15,0,44,44162,131 Boulevard Marcel Paul,47.21425,-1.64799,Plein jour,En agglomération,Hors intersection,Normale,Autre collision,4,2,4,1,4,1,1,0,5,70,1,3,2,0,0,1,38.0,,voiture,,1,2,1,1,6
202400014638,2024-08-03 20:25:00,2024,8,3,20,25,44,44055,38 Esplanade François André,47.28145,-2.40087,Plein jour,En agglomération,Hors intersection,Temps couvert,Autre collision,4,3,2,2,1,1,1,6,1,50,1,2,1,0,0,1,85.0,,voiture,,1,2,1,8,6
202400014639,2024-08-04 01:24:00,2024,8,4,1,24,38,38516,Avenue de Verdun,45.19239,5.7464,Nuit sans éclairage public,Hors agglomération,Intersection en T,Normale,Trois véhicules et plus - en chaîne,7,2,4,0,2,1,1,5,1,50,3,5,3,0,0,2,49.0,21.0,voiture,voiture,3,1,3,1,4
202400014639,2024-08-04 01:24:00,2024,8,4,1,24,38,38516,Avenue de Verdun,45.19239,5.7464,Nuit sans éclairage public,Hors agglomération,Intersection en T,Normale,Trois véhicules et plus - en chaîne,7,2,7,3,1,1,1,5,1,50,3,5,3,0,0,2,49.0,21.0,voiture,voiture,3,1,3,1,4
202400014640,2024-08-03 17:20:00,2024,8,3,17,20,38,38151,RUE DE NORMANDIE,45.15826,5.7222,Plein jour,En agglomération,Autre intersection,Normale,Autre collision,4,2,4,3,1,1,1,4,6,50,1,2,1,1,0,0,53.0,,transport_commun,,1,2,9,1,6
202400014641,2024-08-03 13:50:00,2024,8,3,13,50,35,35238,SAINT-HELIER,48.10625,-1.66752,Plein jour,En agglomération,Hors intersection,Normale,Autre collision,4,2,2,2,1,1,1,0,5,30,2,2,1,0,0,1,64.0,32.0,utilitaire_camion,deux_roues,1,2,1,1,6
202400014642,2024-08-04 00:35:00,2024,8,4,0,35,34,34172,PRES D'ARENES (ROND-POINT DES),43.58878,3.89008,Nuit avec éclairage allumé,En agglomération,Giratoire,Normale,Deux véhicules - côté,4,3,2,0,2,3,1,0,1,50,2,3,1,0,0,2,25.0,29.0,voiture,deux_roues,5,2,6,1,3
202400014642,2024-08-04 00:35:00,2024,8,4,0,35,34,34172,PRES D'ARENES (ROND-POINT DES),43.58878,3.89008,Nuit avec éclairage allumé,En agglomération,Giratoire,Normale,Deux véhicules - côté,4,1,2,0,1,2,1,0,1,50,2,3,1,0,0,2,25.0,29.0,voiture,deux_roues,5,2,6,1,3
202400014643,2024-08-03 23:15:00,2024,8,3,23,15,34,34172,MONTELS-EGLISE (RUE DE),43.581795,3.884766,Nuit avec éclairage allumé,En agglomération,Hors intersection,Normale,Deux véhicules - frontale,4,2,2,0,1,1,1,0,1,50,2,3,1,0,0,2,41.0,52.0,deux_roues,voiture,5,2,1,1,1
202400014644,2024-08-03 11:46:00,2024,8,3,11,46,34,34172,FLAHAULT (AVENUE CHARLES,43.6277,3.85844,Plein jour,En agglomération,Hors intersection,Normale,Deux véhicules - arrière,4,2,4,3,1,1,1,0,6,50,2,2,1,0,0,1,,80.0,voiture,deux_roues,1,2,1,1,2
202400014645,2024-08-03 18:45:00,2024,8,3,18,45,33,33063,Rue Blanqui,44.87844,-0.54778,Plein jour,En agglomération,Intersection en X,Normale,Deux véhicules - côté,4,2,2,2,1,1,1,-1,1,50,2,2,1,0,1,0,54.0,73.0,deux_roues,deux_roues,1,2,2,1,3
202400014645,2024-08-03 18:45:00,2024,8,3,18,45,33,33063,Rue Blanqui,44.87844,-0.54778,Plein jour,En agglomération,Intersection en X,Normale,Deux véhicules - côté,4,2,2,0,1,1,1,0,1,50,2,2,1,0,1,0,54.0,73.0,deux_roues,deux_roues,1,2,2,1,3
202400014646,2024-08-03 02:00:00,2024,8,3,2,0,33,33119,,44.84336,-0.53198,Nuit avec éclairage non allumé,En agglomération,Hors intersection,Normale,Trois véhicules et plus - collisions multiples,4,2,2,0,1,1,1,0,1,30,3,4,2,0,0,2,30.0,28.0,voiture,voiture,4,2,1,1,5
202400014647,2024-08-02 23:40:00,2024,8,2,23,40,33,33032,,44.90548,-0.52971,Nuit avec éclairage allumé,En agglomération,Hors intersection,Normale,Autre collision,4,2,2,0,1,1,1,0,1,50,1,1,0,1,0,0,23.0,,deux_roues,,5,2,1,1,6
202400014648,2024-08-03 01:08:00,2024,8,3,1,8,33,33075,,44.88848077,-0.58833316,Nuit sans éclairage public,En agglomération,Hors intersection,Normale,Trois véhicules et plus - en chaîne,4,2,3,0,1,1,1,2,1,50,4,10,9,0,0,1,26.0,39.0,voiture,utilitaire_camion,3,2,1,1,4
202400014649,2024-08-03 06:35:00,2024,8,3,6,35,31,31483,DREYFUS RENE ( AVENUE),43.11171667,0.6958589,Crépuscule ou aube,En agglomération,Giratoire,Normale,Autre collision,3,1,1,0,1,2,1,5,4,30,1,1,0,0,1,0,31.0,,voiture,,2,2,6,1,6
202400014650,2024-08-03 00:40:00,2024,8,3,0,40,28,28085,PEGUY (BOULEVARD CHARLES),48.44893,1.48333,Nuit avec éclairage allumé,En agglomération,Autre intersection,Normale,Sans collision,3,2,2,0,2,1,1,0,3,30,1,1,0,0,1,0,54.0,,deux_roues,,5,2,9,1,7
202400014651,2024-08-03 19:30:00,2024,8,3,19,30,25,25056,CHOPARD RUE ALEXIS,47.246193,6.034091,Plein jour,En agglomération,Intersection en X,Normale,Deux véhicules - côté,4,1,2,3,1,1,1,5,1,-1,2,3,1,0,0,2,19.0,46.0,deux_roues,voiture,1,2,2,1,3
202400014651,2024-08-03 19:30:00,2024,8,3,19,30,25,25056,CHOPARD RUE ALEXIS,47.246193,6.034091,Plein jour,En agglomération,Intersection en X,Normale,Deux véhicules - côté,4,1,1,2,4,1,1,5,1,50,2,3,1,0,0,2,19.0,46.0,deux_roues,voiture,1,2,2,1,3
202400014652,2024-08-03 17:40:00,2024,8,3,17,40,14,14366,337 Rue Augustin Fresnel,49.14495,0.26713,Plein jour,En agglomération,Autre intersection,Pluie légère,Deux véhicules - frontale,4,-1, -1,0,1,3,2,9,1,30,2,4,1,0,0,3,38.0,18.0,voiture,voiture,1,2,9,2,1
202400014653,2024-08-04 00:20:00,2024,8,4,0,20,13,13209,RAYMOND TEISSERE (RUE),43.27238582,5.39959033,Nuit avec éclairage allumé,En agglomération,Hors intersection,Normale,Deux véhicules - côté,4,1,2,0,1,1,1,8,1,30,2,3,1,0,0,2,20.0,21.0,voiture,voiture,5,2,1,1,3
202400014654,2024-08-03 05:00:00,2024,8,3,5,0,13,13047,RD 569,43.56436,4.98425,Nuit sans éclairage public,Hors agglomération,Hors intersection,Normale,Deux véhicules - frontale,3,2,2,0,1,2,1,0,3,80,1,1,0,0,0,1,34.0,,voiture,,3,1,1,1,1
202400014655,2024-08-03 11:50:00,2024,8,3,11,50,11,11069,,43.199163,2.32703,Plein jour,En agglomération,Intersection en T,Normale,Deux véhicules - arrière,3,3,2,0,2,1,1,0,1,50,2,2,1,0,0,1,76.0,37.0,voiture,voiture,1,2,3,1,2
202400014655,2024-08-03 11:50:00,2024,8,3,11,50,11,11069,,43.199163,2.32703,Plein jour,En agglomération,Intersection en T,Normale,Deux véhicules - arrière,3,2, -1,-1,2,3,1,5,1,-1,2,2,1,0,0,1,76.0,37.0,voiture,voiture,1,2,3,1,2
202400014656,2024-08-03 13:55:00,2024,8,3,13,55,07,07019,COTE DE VILLE RN 102,44.59238,4.42251,Plein jour,Hors agglomération,Hors intersection,Normale,Deux véhicules - frontale,2,2,2,0,2,2,1,0,1,80,2,3,0,0,3,0,40.0,68.0,utilitaire_camion,voiture,1,1,1,1,1
202400014657,2024-08-03 19:30:00,2024,8,3,19,30,06,06088,Route de Turin,43.720606,7.287684,Plein jour,En agglomération,Hors intersection,Normale,Autre collision,4,3,4,0,1,2,1,0,1,50,1,1,0,0,1,0,55.0,,voiture,,1,2,1,1,6
202400014658,2024-07-25 14:40:00,2024,7,25,14,40,05,05061,EMBRUN ( AVENUE D'),44.56923,6.10268,Plein jour,En agglomération,Hors intersection,Normale,Autre collision,2,2,2,0,1,1,1,0,1,50,1,2,1,0,0,1,65.0,,utilitaire_camion,,1,2,1,1,6
202400014659,2024-08-02 17:20:00,2024,8,2,17,20,05,05023,Rue Joseph Sylvestre,44.886173,6.634247,Plein jour,En agglomération,Hors intersection,Normale,Autre collision,3,2,2,0,1,1,1,0,4,30,1,2,1,0,0,1,79.0,,voiture,,1,2,1,1,6
202400014660,2024-08-03 18:20:00,2024,8,3,18,20,75,75120,BD PERIPHERIQUE INTERIEUR,48.85993,2.413982,Plein jour,En agglomération,Hors intersection,Normale,Deux véhicules - arrière,4,1,4,0,1,1,1,0,1,70,2,2,1,0,0,1,,47.0,voiture,deux_roues,1,2,1,1,2
202400014661,2024-08-02 22:30:00,2024,8,2,22,30,75,75112,BD PERIPHERIQUE INTERIEUR,48.83687,2.412401,Nuit avec éclairage allumé,En agglomération,Hors intersection,Normale,Deux véhicules - côté,4,1,4,0,1,1,1,0,1,70,2,2,1,0,0,1,36.0,19.0,deux_roues,voiture,5,2,1,1,3
202400014662,2024-08-03 00:15:00,2024,8,3,0,15,75,75119,BOULEVARD DE LA VILLETTE,48.882431,2.370456,Nuit avec éclairage allumé,En agglomération,Intersection en Y,Normale,Autre collision,4,3,3,1,1,1,1,0,1,30,1,2,0,0,1,1,35.0,,deux_roues,,5,2,4,1,6
202400014662,2024-08-03 00:15:00,2024,8,3,0,15,75,75119,BOULEVARD DE LA VILLETTE,48.882431,2.370456,Nuit avec éclairage allumé,En agglomération,Intersection en Y,Normale,Autre collision,4,2, -1,-1,1,1,1,0,1,30,1,2,0,0,1,1,35.0,,deux_roues,,5,2,4,1,6
202400014663,2024-08-03 16:20:00,2024,8,3,16,20,75,75118,Rue de la Chapelle,48.898517,2.359368,Plein jour,En agglomération,Intersection en X,Normale,Deux véhicules - frontale,4,1, -1,-1,1,1,1,0,1,30,2,2,1,0,0,1,46.0,20.0,voiture,deux_roues,1,2,2,1,1
202400014663,2024-08-03 16:20:00,2024,8,3,16,20,75,75118,Rue de la Chapelle,48.898517,2.359368,Plein jour,En agglomération,Intersection en X,Normale,Deux véhicules - frontale,4,1,2,0,1,1,1,5,1,30,2,2,1,0,0,1,46.0,20.0,voiture,deux_roues,1,2,2,1,1
202400014664,2024-08-03 19:00:00,2024,8,3,19,0,75,75115,PONT DU GARIGLIANO,48.839137,2.268794,Plein jour,En agglomération,Hors intersection,Normale,Autre collision,4,2,4,3,1,1,1,0,6,30,2,2,1,0,0,1,19.0,47.0,deux_roues,transport_commun,1,2,1,1,6
202400014665,2024-08-03 03:44:00,2024,8,3,3,44,75,75113,AVENUE D ITALIE,48.826154,2.357317,Nuit avec éclairage allumé,En agglomération,Intersection en X,Normale,Autre collision,4,2,6,1,1,1,1,5,1,30,1,2,1,0,0,1,36.0,,voiture,,5,2,2,1,6
202400014665,2024-08-03 03:44:00,2024,8,3,3,44,75,75113,AVENUE D ITALIE,48.826154,2.357317,Nuit avec éclairage allumé,En agglomération,Intersection en X,Normale,Autre collision,4,2,3,3,1,1,1,5,1,30,1,2,1,0,0,1,36.0,,voiture,,5,2,2,1,6
202400014666,2024-08-03 06:55:00,2024,8,3,6,55,75,75112,QUAI DE LA RAPEE,48.843414,2.370737,Plein jour,Hors agglomération,Intersection en X,Normale,Deux véhicules - côté,4,2, -1,-1,1,1,1,0,1,30,2,6,5,0,0,1,26.0,30.0,voiture,voiture,1,1,2,1,3
202400014666,2024-08-03 06:55:00,2024,8,3,6,55,75,75112,QUAI DE LA RAPEE,48.843414,2.370737,Plein jour,Hors agglomération,Intersection en X,Normale,Deux véhicules - côté,4,-1,3,0,1,2,1,0,1,50,2,6,5,0,0,1,26.0,30.0,voiture,voiture,1,1,2,1,3
202400014667,2024-08-03 16:04:00,2024,8,3,16,4,75,75107,AVENUE BOSQUET,48.858847,2.303552,Plein jour,En agglomération,Intersection en X,Normale,Deux véhicules - côté,4,1,1,3,1,1,1,0,1,30,2,3,1,0,0,2,43.0,24.0,deux_roues,utilitaire_camion,1,2,2,1,3
202400014667,2024-08-03 16:04:00,2024,8,3,16,4,75,75107,AVENUE BOSQUET,48.858847,2.303552,Plein jour,En agglomération,Intersection en X,Normale,Deux véhicules - côté,4,2, -1,-1,1,1,1,0,1,30,2,3,1,0,0,2,43.0,24.0,deux_roues,utilitaire_camion,1,2,2,1,3
202400014668,2024-08-03 01:20:00,2024,8,3,1,20,75,75107,QUAI D ORSAY,48.862828,2.311698,Nuit avec éclairage allumé,En agglomération,Place,Normale,Sans collision,4,3,2,1,1,1,1,9,4,30,1,1,0,0,0,1,25.0,,deux_roues,,5,2,7,1,7
202400014669,2024-08-03 13:00:00,2024,8,3,13,0,94,94018,Rue Camille Mouquet,48.823763,2.407491,Plein jour,En agglomération,Intersection en X,Normale,Deux véhicules - côté,4,1,1,0,1,1,1,0,1,30,2,2,1,0,0,1,63.0,44.0,voiture,deux_roues,1,2,2,1,3
202400014669,2024-08-03 13:00:00,2024,8,3,13,0,94,94018,Rue Camille Mouquet,48.823763,2.407491,Plein jour,En agglomération,Intersection en X,Normale,Deux véhicules - côté,4,1,1,1,1,1,1,0,1,30,2,2,1,0,0,1,63.0,44.0,voiture,deux_roues,1,2,2,1,3
202400014670,2024-08-02 22:26:00,2024,8,2,22,26,94,94070,Route de Mandres,48.71426,2.56154,Nuit sans éclairage public,Hors agglomération,Hors intersection,Normale,Trois véhicules et plus - collisions multiples,3,2,2,0,1,1,1,0,1,50,3,4,1,0,0,3,27.0,58.0,voiture,voiture,3,1,1,1,5
202400014671,2024-08-03 14:15:00,2024,8,3,14,15,93,93055,Rue Cartier Bresson / Rue Honoré,48.90324401,2.39591736,Plein jour,En agglomération,Intersection en T,Normale,Deux véhicules - arrière,4,1,1,0,1,1,1,0,1,50,2,2,1,0,0,1,29.0,51.0,voiture,deux_roues,1,2,3,1,2
202400014671,2024-08-03 14:15:00,2024,8,3,14,15,93,93055,Rue Cartier Bresson / Rue Honoré,48.90324401,2.39591736,Plein jour,En agglomération,Intersection en T,Normale,Deux véhicules - arrière,4,2,2,0,1,1,1,0,1,50,2,2,1,0,0,1,29.0,51.0,voiture,deux_roues,1,2,3,1,2
202400014672,2024-08-03 18:30:00,2024,8,3,18,30,93,93032,Avenue Jean Jaurès / Rue Vaillant Couturier / Rue de Paris,48.86560701,2.56419393,Plein jour,En agglomération,Autre intersection,Normale,Trois véhicules et plus - collisions multiples,3,2,2,0,1,2,1,0,1,50,4,6,5,0,0,1,34.0,41.0,voiture,voiture,1,2,9,1,5
202400014672,2024-08-03 18:30:00,2024,8,3,18,30,93,93032,Avenue Jean Jaurès / Rue Vaillant Couturier / Rue de Paris,48.86560701,2.56419393,Plein jour,En agglomération,Autre intersection,Normale,Trois véhicules et plus - collisions multiples,3,2,4,0,1,1,1,0,1,50,4,6,5,0,0,1,34.0,41.0,voiture,voiture,1,2,9,1,5
202400014672,2024-08-03 18:30:00,2024,8,3,18,30,93,93032,Avenue Jean Jaurès / Rue Vaillant Couturier / Rue de Paris,48.86560701,2.56419393,Plein jour,En agglomération,Autre intersection,Normale,Trois véhicules et plus - collisions multiples,3,3,4,0,1,1,1,0,1,50,4,6,5,0,0,1,34.0,41.0,voiture,voiture,1,2,9,1,5
202400014673,2024-08-03 06:20:00,2024,8,3,6,20,93,93051,Boulevard Paul Pambrun,48.8497,2.55888,Plein jour,En agglomération,Hors intersection,Normale,Deux véhicules - côté,3,3,4,0,1,1,1,0,1,50,2,2,1,0,0,1,49.0,44.0,transport_commun,voiture,1,2,1,1,3
202400014674,2024-08-03 12:20:00,2024,8,3,12,20,93,93047,BARGUE  (BOULEVARD),48.903,2.56219,Plein jour,En agglomération,Intersection en Y,Normale,Deux véhicules - côté,4,1,2,0,1,1,1,0,1,50,2,2,1,0,0,1,28.0,21.0,voiture,voiture,1,2,4,1,3
202400014674,2024-08-03 12:20:00,2024,8,3,12,20,93,93047,BARGUE  (BOULEVARD),48.903,2.56219,Plein jour,En agglomération,Intersection en Y,Normale,Deux véhicules - côté,4,1,2,0,1,1,1,0,8,50,2,2,1,0,0,1,28.0,21.0,voiture,voiture,1,2,4,1,3
202400014674,2024-08-03 12:20:00,2024,8,3,12,20,93,93047,BARGUE  (BOULEVARD),48.903,2.56219,Plein jour,En agglomération,Intersection en Y,Normale,Deux véhicules - côté,4,1,2,0,1,1,1,9,8,50,2,2,1,0,0,1,28.0,21.0,voiture,voiture,1,2,4,1,3
202400014675,2024-08-02 21:20:00,2024,8,2,21,20,93,93010,GALLIENI (AV.) CONFORAMA 53,48.90567099,2.47752434,Plein jour,En agglomération,Hors intersection,Normale,Autre collision,3,-1,3,0,1,1,1,0,1,50,1,3,2,0,0,1,19.0,,voiture,,1,2,1,1,6
202400014676,2024-08-03 22:50:00,2024,8,3,22,50,92,92040,JEAN-PIERRE TIMBAUD,48.82088775,2.24996209,Nuit avec éclairage allumé,En agglomération,Intersection en T,Normale,Deux véhicules - côté,4,1,1,0,1,1,2,0,1,30,2,2,1,0,0,1,23.0,,deux_roues,utilitaire_camion,5,2,3,1,3
202400014676,2024-08-03 22:50:00,2024,8,3,22,50,92,92040,JEAN-PIERRE TIMBAUD,48.82088775,2.24996209,Nuit avec éclairage allumé,En agglomération,Intersection en T,Normale,Deux véhicules - côté,4,1,1,0,1,1,2,0,1,30,2,2,1,0,0,1,23.0,,deux_roues,utilitaire_camion,5,2,3,1,3
202400014677,2024-08-03 12:00:00,2024,8,3,12,0,92,92025,AUDRA (AV),48.92790713,2.24960354,Plein jour,En agglomération,Hors intersection,Normale,Autre collision,4,2,2,0,1,1,1,0,1,30,1,2,1,0,0,1,31.0,,voiture,,1,2,1,1,6
202400014678,2024-08-02 16:50:00,2024,8,2,16,50,92,92025,STALINGRAD (AV DE),48.93345082,2.26436734,Plein jour,En agglomération,Intersection en T,Normale,Deux véhicules - côté,3,2,6,0,1,1,1,0,1,30,2,2,1,0,0,1,,56.0,voiture,deux_roues,1,2,3,1,3
202400014678,2024-08-02 16:50:00,2024,8,2,16,50,92,92025,STALINGRAD (AV DE),48.93345082,2.26436734,Plein jour,En agglomération,Intersection en T,Normale,Deux véhicules - côté,3,2,4,0,1,1,1,0,1,30,2,2,1,0,0,1,,56.0,voiture,deux_roues,1,2,3,1,3
202400014679,2024-08-03 20:00:00,2024,8,3,20,0,92,92024,FOURNIER (RUE),48.90510652,2.29840529,Plein jour,En agglomération,Hors intersection,Pluie légère,Autre collision,4,-1,2,0,1,1,2,0,1,30,1,2,1,0,0,1,19.0,,deux_roues,,1,2,1,2,6
202400014680,2024-08-03 09:30:00,2024,8,3,9,30,92,92023,STENDHAL (AVENUE),48.78689113,2.23703469,Plein jour,En agglomération,Autre intersection,Normale,Autre collision,4,1,2,0,1,1,1,0,1,30,1,2,1,0,0,1,61.0,,voiture,,1,2,9,1,6
202400014681,2024-08-03 03:30:00,2024,8,3,3,30,92,92004,PONT D'ASNIERES,48.90536745,2.28823328,Nuit avec éclairage allumé,En agglomération,Autre intersection,Pluie légère,Deux véhicules - frontale,3,4,2,0,2,1,2,2,1,50,2,2,1,0,0,1,62.0,28.0,voiture,deux_roues,5,2,9,2,1
202400014682,2024-08-03 16:27:00,2024,8,3,16,27,92,92004,EMILE ZOLA ( RUE ),48.9235748,2.2850672,Plein jour,En agglomération,Hors intersection,Normale,Deux véhicules - côté,4,-1,2,0,1,1,1,0,1,30,2,2,1,0,0,1,50.0,53.0,voiture,deux_roues,1,2,1,1,3