accident_id,datetime,annee,mois,jour,heure,minute,departement,commune_insee,adresse,latitude,longitude,luminosite,agglomeration,intersection,meteo,collision,catr,circ,nbv,vosp,prof,plan,surf,infra,situ,vma,nb_vehicules,nb_usagers,nb_indemnes,nb_tues,nb_blesses_hosp,nb_blesses_legers,age_cond_1,age_cond_2,veh_type_cond_1,veh_type_cond_2,lum_code,agg_code,int_code,atm_code,col_code
202400014683,2024-08-04 17:50:00,2024,8,4,17,50,76,76622,D28 Route de Triquerville,49.48181122,0.6117475,Plein jour,Hors agglomération,Hors intersection,Normale,Autre collision,3,3,2,0,2,2,1,0,8,80,1,1,0,0,1,0,51.0,,deux_roues,,1,1,1,1,6
202400014684,2024-08-02 15:30:00,2024,8,2,15,30,50,50493,D924,48.836588,-1.45659,Plein jour,Hors agglomération,Hors intersection,Normale,Deux véhicules - frontale,3,2,2,0,1,1,1,0,1,80,2,3,2,0,1,0,68.0,70.0,voiture,utilitaire_camion,1,1,1,1,1
202400014685,2024-08-03 09:35:00,2024,8,3,9,35,71,71446,route de montceau,46.577592,4.533985,Plein jour,Hors agglomération,Intersection en X,Normale,Deux véhicules - côté,3,2,2,0,1,1,1,0,1,70,2,4,3,0,0,1,41.0,89.0,voiture,voiture,1,1,2,1,3
202400014685,2024-08-03 09:35:00,2024,8,3,9,35,71,71446,route de montceau,46.577592,4.533985,Plein jour,Hors agglomération,Intersection en X,Normale,Deux véhicules - côté,3,2,2,0,2,1,1,5,1,80,2,4,3,0,0,1,41.0,89.0,voiture,voiture,1,1,2,1,3
202400014686,2024-08-04 10:45:00,2024,8,4,10,45,974,97413,5 Rue des Pitayas,-21.177424,55.289463,Plein jour,En agglomération,Intersection en T,Normale,Deux véhicules - frontale,4,2,2,0,1,1,1,0,1,50,2,2,1,0,1,0,43.0,38.0,voiture,deux_roues,1,2,3,1,1
202400014686,2024-08-04 10:45:00,2024,8,4,10,45,974,97413,5 Rue des Pitayas,-21.177424,55.289463,Plein jour,En agglomération,Intersection en T,Normale,Deux véhicules - frontale,4,2, -1,-1,2,1,1,0,1,-1,2,2,1,0,1,0,43.0,38.0,voiture,deux_roues,1,2,3,1,1
202400014687,2024-05-30 19:10:00,2024,5,30,19,10,59,59220,Rue Roger Salengro,50.60292617,3.06910605,Plein jour,En agglomération,Intersection en X,Normale,Autre collision,4,1,1,0,1,1,1,5,1,30,1,1,0,1,0,0,17.0,,deux_roues,,1,2,2,1,6
202400014687,2024-05-30 19:10:00,2024,5,30,19,10,59,59220,Rue Roger Salengro,50.60292617,3.06910605,Plein jour,En agglomération,Intersection en X,Normale,Autre collision,4,2,2,0,1,1,1,5,1,30,1,1,0,1,0,0,17.0,,deux_roues,,1,2,2,1,6
202400014688,2024-05-29 20:50:00,2024,5,29,20,50,59,59507,Rue de Lesquin,50.59758,3.09682,Plein jour,En agglomération,Intersection en T,Normale,Deux véhicules - frontale,7,2,2,0,1,1,1,0,1,50,2,3,2,0,0,1,27.0,39.0,deux_roues,voiture,1,2,3,1,1
202400014688,2024-05-29 20:50:00,2024,5,29,20,50,59,59507,Rue de Lesquin,50.59758,3.09682,Plein jour,En agglomération,Intersection en T,Normale,Deux véhicules - frontale,7,2,2,0,1,1,1,0,1,50,2,3,2,0,0,1,27.0,39.0,deux_roues,voiture,1,2,3,1,1
202400014689,2024-08-03 10:15:00,2024,8,3,10,15,14,14738,A84,49.163228,-0.444002,Plein jour,Hors agglomération,Hors intersection,Normale,Trois véhicules et plus - en chaîne,1,3,2,0,1,1,1,0,1,110,4,9,7,0,0,2,25.0,50.0,voiture,voiture,1,1,1,1,4
202400014690,2024-05-28 13:25:00,2024,5,28,13,25,57,57672,METZ (ROUTE DE),49.335636,6.157031,Plein jour,Hors agglomération,Hors intersection,Normale,Deux véhicules - arrière,3,-1,2,0,1,3,1,0,1,50,2,2,0,0,1,1,36.0,21.0,deux_roues,deux_roues,1,1,1,1,2
202400014691,2024-08-03 18:00:00,2024,8,3,18,0,62,62436,D23,50.35700735,2.33686687,Plein jour,Hors agglomération,Hors intersection,Normale,Sans collision,3,2,2,0,1,3,1,0,3,80,1,2,0,0,1,1,40.0,,deux_roues,,1,1,1,1,7
202400014692,2024-05-30 15:31:00,2024,5,30,15,31,57,57480,MARC SEGUIN (RUE ),49.09578,6.15678,Plein jour,En agglomération,Hors intersection,Normale,Deux véhicules - arrière,4,2,2,0,1,2,1,0,1,30,2,2,1,0,0,1,54.0,48.0,deux_roues,deux_roues,1,2,1,1,2
202400014693,2024-08-03 18:00:00,2024,8,3,18,0,19,19136,D36,45.5762973,2.13613871,Plein jour,Hors agglomération,Intersection en T,Normale,Sans collision,3,2,2,0,1,1,1,0,1,90,1,2,1,0,1,0,57.0,,deux_roues,,1,1,3,1,7
202400014693,2024-08-03 18:00:00,2024,8,3,18,0,19,19136,D36,45.5762973,2.13613871,Plein jour,Hors agglomération,Intersection en T,Normale,Sans collision,3,2, -1,-1,1,1,1,0,1,80,1,2,1,0,1,0,57.0,,deux_roues,,1,1,3,1,7
202400014694,2024-05-12 04:05:00,2024,5,12,4,5,57,57463,CHARRIERE (RUE DE LA ),49.13002776,6.21852994,Nuit sans éclairage public,En agglomération,Hors intersection,Normale,Autre collision,4,2,2,0,2,2,1,9,3,50,1,1,0,0,1,0,43.0,,deux_roues,,3,2,1,1,6
202400014695,2024-08-04 14:30:00,2024,8,4,14,30,56,56028,Croix du vau moulin,47.626536,-2.284035,Plein jour,Hors agglomération,Hors intersection,Normale,Sans collision,3,2,2,0,2,2,1,0,8,80,1,1,0,0,1,0,57.0,,deux_roues,,1,1,1,1,7
202400014696,2024-05-30 12:10:00,2024,5,30,12,10,56,56260,Liziec,47.66881,-2.72406,Plein jour,Hors agglomération,Autre intersection,Normale,Deux véhicules - côté,2,1,1,0,1,1,1,3,1,80,2,2,1,0,0,1,91.0,,voiture,voiture,1,1,9,1,3
202400014697,2024-08-04 11:49:00,2024,8,4,11,49,79,79129,,46.321062,-0.292143,Plein jour,En agglomération,Hors intersection,Normale,Deux véhicules - frontale,3,2,2,0,1,1,1,0,1,50,2,3,2,0,0,1,66.0,54.0,voiture,voiture,1,2,1,1,1
202400014698,2024-05-30 11:40:00,2024,5,30,11,40,56,56121,Rue Paul Guieysse,47.75767,-3.37277,Plein jour,En agglomération,Intersection en T,Normale,Deux véhicules - côté,4,1,1,0,3,1,1,0,1,30,2,2,1,0,0,1,23.0,38.0,deux_roues,voiture,1,2,3,1,3
202400014698,2024-05-30 11:40:00,2024,5,30,11,40,56,56121,Rue Paul Guieysse,47.75767,-3.37277,Plein jour,En agglomération,Intersection en T,Normale,Deux véhicules - côté,4,2,2,1,1,1,1,0,1,30,2,2,1,0,0,1,23.0,38.0,deux_roues,voiture,1,2,3,1,3
202400014699,2024-08-04 12:00:00,2024,8,4,12,0,81,81084,D60,43.495077,2.2057967,Plein jour,Hors agglomération,Hors intersection,Normale,Deux véhicules - frontale,3,2,2,0,2,4,1,0,1,80,2,2,1,0,1,0,24.0,48.0,voiture,deux_roues,1,1,1,1,1
202400014700,2024-05-29 11:40:00,2024,5,29,11,40,54,54395,Boulevard Jean Moulin,48.67700392,6.20786011,Plein jour,En agglomération,Intersection en X,Normale,Deux véhicules - côté,4,2,2,1,1,1,1,-1,1,25,2,2,1,0,0,1,39.0,18.0,voiture,deux_roues,1,2,2,1,3
202400014700,2024-05-29 11:40:00,2024,5,29,11,40,54,54395,Boulevard Jean Moulin,48.67700392,6.20786011,Plein jour,En agglomération,Intersection en X,Normale,Deux véhicules - côté,4,1,1,1,1,1,1,-1,1,50,2,2,1,0,0,1,39.0,18.0,voiture,deux_roues,1,2,2,1,3
202400014701,2024-08-02 16:03:00,2024,8,2,16,3,71,71290,Route de Clermain,46.388467,4.615266,Plein jour,Hors agglomération,Hors intersection,Normale,Autre collision,3,2,2,0,1,2,2,0,3,80,1,8,3,0,1,4,27.0,,voiture,,1,1,1,1,6
202400014702,2024-05-27 07:55:00,2024,5,27,7,55,52,52448,SARRAIL (AVENUE DU GENERAL),48.64422,4.95271,Plein jour,En agglomération,Hors intersection,Normale,Deux véhicules - côté,4,2,2,0,1,1,1,0,1,50,2,2,1,0,0,1,40.0,16.0,voiture,deux_roues,1,2,1,1,3
202400014703,2024-05-30 17:38:00,2024,5,30,17,38,51,51108,AUGUSTINS (RUE DES),48.95359,4.36389,Plein jour,En agglomération,Hors intersection,Normale,Autre collision,4,1,1,0,1,1,1,0,1,30,1,1,0,0,1,0,72.0,,voiture,,1,2,1,1,6
202400014704,2024-08-03 15:30:00,2024,8,3,15,30,89,89208,Route Départementale 944,47.594414,3.864613,Plein jour,Hors agglomération,Hors intersection,Normale,Sans collision,3,2,2,0,1,1,1,0,3,90,1,2,0,1,0,1,74.0,,voiture,,1,1,1,1,7
202400014705,2024-08-03 23:45:00,2024,8,3,23,45,63,63233,11 Rue des Fossés,46.181,2.806674,Nuit avec éclairage allumé,En agglomération,Intersection en X,Normale,Deux véhicules - frontale,3,2,2,0,1,2,1,0,1,30,2,2,1,0,1,0,23.0,37.0,deux_roues,voiture,5,2,2,1,1
202400014705,2024-08-03 23:45:00,2024,8,3,23,45,63,63233,11 Rue des Fossés,46.181,2.806674,Nuit avec éclairage allumé,En agglomération,Intersection en X,Normale,Deux véhicules - frontale,3,2,2,-1,1,1,1,0,1,-1,2,2,1,0,1,0,23.0,37.0,deux_roues,voiture,5,2,2,1,1
202400014706,2024-05-29 14:50:00,2024,5,29,14,50,49,49015,MENDES FRANCE AVENUE PIERRE,47.50208,-0.58495,Plein jour,En agglomération,Giratoire,Normale,Deux véhicules - côté,4,2,2,0,1,1,2,0,1,50,2,3,2,0,0,1,76.0,37.0,utilitaire_camion,deux_roues,1,2,6,1,3
202400014706,2024-05-29 14:50:00,2024,5,29,14,50,49,49015,MENDES FRANCE AVENUE PIERRE,47.50208,-0.58495,Plein jour,En agglomération,Giratoire,Normale,Deux véhicules - côté,4,2,4,3,1,1,2,0,1,50,2,3,2,0,0,1,76.0,37.0,utilitaire_camion,deux_roues,1,2,6,1,3
202400014707,2024-05-29 07:22:00,2024,5,29,7,22,49,49007,RABELAIS,47.45989,-0.54585,Plein jour,En agglomération,Hors intersection,Temps couvert,Autre collision,4,2,2,0,1,1,1,0,1,50,1,2,1,0,0,1,32.0,,voiture,,1,2,1,8,6
202400014708,2024-08-04 10:00:00,2024,8,4,10,0,22,22047,Route de Pontivy,48.310797,-3.048695,Plein jour,En agglomération,Autre intersection,Normale,Deux véhicules - frontale,3,4,2,0,1,1,1,9,1,50,2,2,1,1,0,0,47.0,70.0,autre,deux_roues,1,2,9,1,1
202400014709,2024-05-30 18:05:00,2024,5,30,18,5,44,44109,19 Allée Henri Chrétien,47.23104802,-1.58730447,Plein jour,En agglomération,Hors intersection,Normale,Deux véhicules - côté,4,2,2,0,1,1,1,0,1,20,2,2,1,0,0,1,8.0,49.0,deux_roues,voiture,1,2,1,1,3
202400014710,2024-08-04 04:22:00,2024,8,4,4,22,39,39286,,46.40402,5.768455,Nuit sans éclairage public,Hors agglomération,Hors intersection,Normale,Autre collision,4,2,1,0,2,2,1,0,3,80,1,4,1,0,1,2,,,voiture,,3,1,1,1,6
202400014711,2024-05-29 17:00:00,2024,5,29,17,0,44,44109,Route de Paris,47.2601,-1.49939,Plein jour,En agglomération,Hors intersection,Pluie légère,Autre collision,4,3,3,0,1,1,2,0,1,70,1,2,1,1,0,0,55.0,,utilitaire_camion,,1,2,1,2,6
202400014712,2024-08-04 17:05:00,2024,8,4,17,5,39,39171,,46.662706,5.43819,Plein jour,Hors agglomération,Autre intersection,Normale,Deux véhicules - côté,4,2,2,0,1,1,1,0,1,25,2,2,1,0,1,0,11.0,33.0,deux_roues,voiture,1,1,9,1,3
202400014712,2024-08-04 17:05:00,2024,8,4,17,5,39,39171,,46.662706,5.43819,Plein jour,Hors agglomération,Autre intersection,Normale,Deux véhicules - côté,4,2,2,0,2,1,1,0,1,80,2,2,1,0,1,0,11.0,33.0,deux_roues,voiture,1,1,9,1,3
202400014713,2024-05-03 13:10:00,2024,5,3,13,10,42,42218,Boulevard de la Palle,45.4275,4.4176,Plein jour,En agglomération,Hors intersection,Normale,Autre collision,4,2,2,0,2,1,1,0,1,50,1,2,1,0,1,0,79.0,,voiture,,1,2,1,1,6
202400014714,2024-08-04 00:47:00,2024,8,4,0,47,25,25186,D1 / Rue de Besançon,47.330563,5.946908,Nuit sans éclairage public,Hors agglomération,Hors intersection,Normale,Autre collision,3,2,2,0,1,1,1,0,1,80,1,3,1,1,0,1,53.0,,voiture,,3,1,1,1,6
202400014715,2024-08-04 00:45:00,2024,8,4,0,45,29,29081,Meilh Coat Guinec,48.364066,-3.773498,Nuit sans éclairage public,Hors agglomération,Hors intersection,Normale,Autre collision,4,2,2,0,1,2,2,0,3,80,1,1,0,0,1,0,26.0,,voiture,,3,1,1,1,6
202400014716,2024-05-24 19:25:00,2024,5,24,19,25,42,42218,Rue de la Montat,45.44326,4.41328,Plein jour,En agglomération,Intersection en X,Normale,Deux véhicules - côté,2,2,2,0,1,1,1,0,1,50,2,4,2,0,0,2,24.0,52.0,voiture,transport_commun,1,2,2,1,3
202400014716,2024-05-24 19:25:00,2024,5,24,19,25,42,42218,Rue de la Montat,45.44326,4.41328,Plein jour,En agglomération,Intersection en X,Normale,Deux véhicules - côté,2,2,2,-1,2,3,1,0,1,-1,2,4,2,0,0,2,24.0,52.0,voiture,transport_commun,1,2,2,1,3
202400014717,2024-08-04 14:00:00,2024,8,4,14,0,01,01305,Rue Mal de Lattre de Tassigny,46.429354,4.938623,Plein jour,En agglomération,Giratoire,Normale,Sans collision,3,1,2,0,1,2,1,0,1,30,1,2,1,0,1,0,21.0,,deux_roues,,1,2,6,1,7
202400014718,2024-04-13 09:40:00,2024,4,13,9,40,42,42218,Rue Alexandre Pourcel,45.4236,4.3948,Plein jour,En agglomération,Hors intersection,Normale,Deux véhicules - côté,4,4,3,0,2,1,1,0,1,50,2,2,0,0,0,2,25.0,25.0,voiture,deux_roues,1,2,1,1,3
202400014719,2024-08-04 01:00:00,2024,8,4,1,0,26,26001,D93,44.700165,5.396487,Nuit sans éclairage public,Hors agglomération,Hors intersection,Normale,Sans collision,3,2,2,0,1,1,1,0,8,80,1,1,0,0,1,0,51.0,,voiture,,3,1,1,1,7
202400014720,2024-05-24 11:13:00,2024,5,24,11,13,42,42218,Boulevard Antonio Vivaldi,45.47262,4.39612,Plein jour,En agglomération,Hors intersection,Normale,Deux véhicules - côté,4,2,2,0,2,1,1,0,1,50,2,2,0,0,1,1,66.0,21.0,utilitaire_camion,voiture,1,2,1,1,3
202400014721,2024-08-04 08:22:00,2024,8,4,8,22,72,72363,D29,48.094122,0.541372,Plein jour,Hors agglomération,Intersection en T,Normale,Deux véhicules - côté,3,2,1,0,1,1,1,5,1,80,2,2,1,0,1,0,30.0,39.0,deux_roues,voiture,1,1,3,1,3
202400014721,2024-08-04 08:22:00,2024,8,4,8,22,72,72363,D29,48.094122,0.541372,Plein jour,Hors agglomération,Intersection en T,Normale,Deux véhicules - côté,3,2,2,0,1,1,1,5,1,80,2,2,1,0,1,0,30.0,39.0,deux_roues,voiture,1,1,3,1,3
202400014722,2024-08-03 19:10:00,2024,8,3,19,10,43,43264,Route de Condros,45.1927402,3.37779079,Plein jour,Hors agglomération,Hors intersection,Normale,Sans collision,3,2,2,0,2,1,1,0,1,80,1,1,0,0,1,0,54.0,,deux_roues,,1,1,1,1,7
202400014723,2024-05-01 20:30:00,2024,5,1,20,30,42,42218,Rue Montyon,45.4642,4.3819,Plein jour,En agglomération,Intersection en X,Pluie légère,Trois véhicules et plus - collisions multiples,4,1,3,0,1,1,2,5,1,50,3,3,1,0,0,2,27.0,38.0,voiture,voiture,1,2,2,2,5
202400014723,2024-05-01 20:30:00,2024,5,1,20,30,42,42218,Rue Montyon,45.4642,4.3819,Plein jour,En agglomération,Intersection en X,Pluie légère,Trois véhicules et plus - collisions multiples,4,1,2,0,1,1,2,5,1,50,3,3,1,0,0,2,27.0,38.0,voiture,voiture,1,2,2,2,5
202400014724,2024-05-30 12:20:00,2024,5,30,12,20,37,37122,VERDUN (RUE DE),47.3438,0.66406,Plein jour,En agglomération,Hors intersection,Normale,Deux véhicules - arrière,4,2,2,0,1,1,1,0,1,50,2,2,1,0,0,1,22.0,30.0,deux_roues,voiture,1,2,1,1,2
202400014725,2024-05-30 17:00:00,2024,5,30,17,0,35,35238,PARIS (RUE DE),48.11217296,-1.6711919,Plein jour,En agglomération,Intersection en T,Temps couvert,Autre collision,4,2,2,0,1,1,1,0,1,30,1,2,1,0,0,1,51.0,,deux_roues,,1,2,3,8,6
202400014725,2024-05-30 17:00:00,2024,5,30,17,0,35,35238,PARIS (RUE DE),48.11217296,-1.6711919,Plein jour,En agglomération,Intersection en T,Temps couvert,Autre collision,4,2,2,0,2,1,1,0,1,30,1,2,1,0,0,1,51.0,,deux_roues,,1,2,3,8,6
202400014726,2024-05-30 14:30:00,2024,5,30,14,30,34,34301,GUYNEMER GEORGES (AVENUE),43.41241,3.66131,Plein jour,En agglomération,Hors intersection,Temps couvert,Autre collision,4,2,1,0,1,1,1,0,1,30,1,3,2,0,0,1,,,deux_roues,,1,2,1,8,6
202400014727,2024-05-31 02:15:00,2024,5,31,2,15,33,33063,,44.83188,-0.55828,Nuit avec éclairage allumé,En agglomération,Hors intersection,Normale,Autre collision,4,1,2,0,2,4,1,1,1,30,1,1,0,0,1,0,46.0,,deux_roues,,5,2,1,1,6
202400014728,2024-05-30 09:45:00,2024,5,30,9,45,33,33200,,44.88862,-0.67416,Plein jour,En agglomération,Intersection en T,Temps couvert,Deux véhicules - côté,4,2, -1,-1,1,1,1,9,1,30,2,2,0,0,2,0,21.0,28.0,voiture,deux_roues,1,2,3,8,3
202400014728,2024-05-30 09:45:00,2024,5,30,9,45,33,33200,,44.88862,-0.67416,Plein jour,En agglomération,Intersection en T,Temps couvert,Deux véhicules - côté,4,2,2,0,1,1,1,0,1,30,2,2,0,0,2,0,21.0,28.0,voiture,deux_roues,1,2,3,8,3
202400014729,2024-05-30 08:45:00,2024,5,30,8,45,33,33281,,44.838553,-0.618853,Plein jour,En agglomération,Intersection en X,Temps couvert,Deux véhicules - côté,4,2,2,2,1,1,2,0,1,50,2,2,1,0,1,0,30.0,76.0,deux_roues,voiture,1,2,2,8,3
202400014729,2024-05-30 08:45:00,2024,5,30,8,45,33,33281,,44.838553,-0.618853,Plein jour,En agglomération,Intersection en X,Temps couvert,Deux véhicules - côté,4,2,2,0,1,1,2,0,1,30,2,2,1,0,1,0,30.0,76.0,deux_roues,voiture,1,2,2,8,3
202400014730,2024-05-29 13:05:00,2024,5,29,13,5,33,33063,,44.83338,-0.59891,Plein jour,En agglomération,Intersection en X,Normale,Deux véhicules - côté,4,2,8,1,1,1,1,0,1,50,2,2,1,1,0,0,51.0,31.0,utilitaire_camion,deux_roues,1,2,2,1,3
202400014730,2024-05-29 13:05:00,2024,5,29,13,5,33,33063,,44.83338,-0.59891,Plein jour,En agglomération,Intersection en X,Normale,Deux véhicules - côté,4,2,6,1,1,1,1,0,1,50,2,2,1,1,0,0,51.0,31.0,utilitaire_camion,deux_roues,1,2,2,1,3
202400014731,2024-05-29 08:50:00,2024,5,29,8,50,33,33063,,44.84864,-0.5755,Plein jour,En agglomération,Autre intersection,Temps couvert,Autre collision,4,1,1,3,1,1,1,5,5,50,1,2,1,0,0,1,40.0,,deux_roues,,1,2,9,8,6
202400014732,2024-05-30 16:56:00,2024,5,30,16,56,33,33529,,44.62407,-1.135215,Plein jour,En agglomération,Hors intersection,Normale,Deux véhicules - côté,4,2,2,1,1,1,1,0,1,50,2,2,1,0,0,1,19.0,77.0,deux_roues,voiture,1,2,1,1,3
202400014733,2024-05-30 07:40:00,2024,5,30,7,40,33,33009,,44.65675,-1.16517,Plein jour,En agglomération,Intersection en T,Pluie légère,Deux véhicules - côté,4,2,2,0,2,1,2,0,1,50,2,2,1,0,0,1,22.0,60.0,deux_roues,voiture,1,2,3,2,3
202400014733,2024-05-30 07:40:00,2024,5,30,7,40,33,33009,,44.65675,-1.16517,Plein jour,En agglomération,Intersection en T,Pluie légère,Deux véhicules - côté,4,2,2,0,2,1,2,0,1,50,2,2,1,0,0,1,22.0,60.0,deux_roues,voiture,1,2,3,2,3
202400014734,2024-05-30 11:50:00,2024,5,30,11,50,30,30007,,44.142808,4.103843,Plein jour,En agglomération,Hors intersection,Temps couvert,Deux véhicules - côté,3,2,4,0,1,1,1,0,1,50,2,3,1,0,0,2,45.0,35.0,utilitaire_camion,deux_roues,1,2,1,8,3
202400014735,2024-05-30 18:00:00,2024,5,30,18,0,26,26362,ALTHEAS ALLEE DES,44.91182,4.88839,Plein jour,En agglomération,Intersection en T,Normale,Deux véhicules - côté,4,2,2,0,1,1,1,0,1,50,2,2,1,0,0,1,48.0,30.0,deux_roues,utilitaire_camion,1,2,3,1,3
202400014735,2024-05-30 18:00:00,2024,5,30,18,0,26,26362,ALTHEAS ALLEE DES,44.91182,4.88839,Plein jour,En agglomération,Intersection en T,Normale,Deux véhicules - côté,4,2,2,1,1,1,1,0,1,50,2,2,1,0,0,1,48.0,30.0,deux_roues,utilitaire_camion,1,2,3,1,3
202400014736,2024-05-24 19:10:00,2024,5,24,19,10,19,19031,TEINCHURIER (AVENUE DU),45.14756,1.4828,Plein jour,En agglomération,Hors intersection,Normale,Deux véhicules - côté,4,2,4,0,1,1,1,0,1,50,2,2,1,0,0,1,58.0,,voiture,voiture,1,2,1,1,3
202400014737,2024-05-30 11:30:00,2024,5,30,11,30,19,19031,CIPAN (RUE PAUL),45.16072,1.54368,Plein jour,En agglomération,Intersection en X,Normale,Deux véhicules - côté,4,1,1,0,1,1,1,0,1,30,2,2,1,0,0,1,54.0,18.0,voiture,voiture,1,2,2,1,3
202400014737,2024-05-30 11:30:00,2024,5,30,11,30,19,19031,CIPAN (RUE PAUL),45.16072,1.54368,Plein jour,En agglomération,Intersection en X,Normale,Deux véhicules - côté,4,-1,0,0,1,1,1,9,1,30,2,2,1,0,0,1,54.0,18.0,voiture,voiture,1,2,2,1,3
202400014738,2024-05-30 08:00:00,2024,5,30,8,0,17,17306,FRONT DE MER (PROMENADE DE),45.62394,-1.0268,Plein jour,En agglomération,Hors intersection,Normale,Deux véhicules - côté,4,2,2,0,1,1,1,0,1,30,2,3,2,0,1,0,59.0,54.0,deux_roues,voiture,1,2,1,1,3
202400014739,2024-05-30 06:30:00,2024,5,30,6,30,13,13106,NELSON MANDELA (AVENUE),43.4088,5.36724,Plein jour,En agglomération,Hors intersection,Normale,Deux véhicules - côté,4,2,2,0,1,1,1,0,1,50,2,2,1,0,0,1,91.0,63.0,voiture,deux_roues,1,2,1,1,3
202400014740,2024-05-30 18:00:00,2024,5,30,18,0,13,13215,MADRAGUE VILLE (chemin de la),43.3,5.4,Plein jour,En agglomération,Hors intersection,Normale,Deux véhicules - côté,4,3,2,0,1,1,1,0,1,50,1,2,1,0,0,1,,,voiture,,1,2,1,1,3
202400014741,2024-05-30 08:30:00,2024,5,30,8,30,13,13212,VAUDRAN (ALLEE DES),43.306,5.47,Plein jour,En agglomération,Hors intersection,Normale,Deux véhicules - arrière,4,2,2,0,1,1,1,0,1,50,2,2,1,0,0,1,,68.0,autre,voiture,1,2,1,1,2
202400014742,2024-05-22 18:30:00,2024,5,22,18,30,13,13201,BIR HAKEIM (RUE),43.29687,5.37638,Plein jour,En agglomération,Hors intersection,Normale,Autre collision,4,1,2,0,1,1,1,9,1,30,1,2,0,1,1,0,63.0,,voiture,,1,2,1,1,6
202400014743,2024-05-30 17:50:00,2024,5,30,17,50,13,13004,AV STALINGRAD,43.69422566,4.63979382,Plein jour,En agglomération,Intersection en X,Normale,Deux véhicules - côté,4,2,2,0,1,1,1,0,1,50,2,2,1,0,0,1,51.0,30.0,deux_roues,voiture,1,2,2,1,3
202400014743,2024-05-30 17:50:00,2024,5,30,17,50,13,13004,AV STALINGRAD,43.69422566,4.63979382,Plein jour,En agglomération,Intersection en X,Normale,Deux véhicules - côté,4,2,2,0,1,1,1,0,1,50,2,2,1,0,0,1,51.0,30.0,deux_roues,voiture,1,2,2,1,3
202400014744,2024-05-30 07:45:00,2024,5,30,7,45,13,13001,EUROPE (AV ),43.48559,5.34824,Plein jour,En agglomération,Hors intersection,Normale,Deux véhicules - arrière,4,2,0,0,1,1,1,0,1,30,2,3,2,0,0,1,21.0,72.0,utilitaire_camion,voiture,1,2,1,1,2
202400014745,2024-05-27 07:30:00,2024,5,27,7,30,11,11069,34 Avenue du Général Leclerc,43.21017,2.36449,Plein jour,En agglomération,Intersection en X,Normale,Deux véhicules - côté,4,1,2,0,1,1,1,0,1,50,2,2,1,0,1,0,28.0,51.0,deux_roues,voiture,1,2,2,1,3
202400014745,2024-05-27 07:30:00,2024,5,27,7,30,11,11069,34 Avenue du Général Leclerc,43.21017,2.36449,Plein jour,En agglomération,Intersection en X,Normale,Deux véhicules - côté,4,2,4,0,1,1,1,0,1,50,2,2,1,0,1,0,28.0,51.0,deux_roues,voiture,1,2,2,1,3
202400014746,2024-05-29 07:25:00,2024,5,29,7,25,10,10362,SAVIPOL (ZI),48.29301,4.00918,Plein jour,En agglomération,Intersection en X,Pluie légère,Deux véhicules - côté,4,-1,2,0,1,1,2,0,1,50,2,2,1,0,0,1,40.0,30.0,voiture,voiture,1,2,2,2,3
202400014746,2024-05-29 07:25:00,2024,5,29,7,25,10,10362,SAVIPOL (ZI),48.29301,4.00918,Plein jour,En agglomération,Intersection en X,Pluie légère,Deux véhicules - côté,4,1,1,0,1,1,2,0,1,50,2,2,1,0,0,1,40.0,30.0,voiture,voiture,1,2,2,2,3
202400014747,2024-05-30 17:25:00,2024,5,30,17,25,06,06069,152 Chemin de Saint Marc,43.63073,6.9587,Plein jour,En agglomération,Intersection en T,Normale,Deux véhicules - arrière,4,2,3,-1,1,1,1,0,1,-1,2,2,1,0,0,1,24.0,43.0,deux_roues,voiture,1,2,3,1,2
202400014747,2024-05-30 17:25:00,2024,5,30,17,25,06,06069,152 Chemin de Saint Marc,43.63073,6.9587,Plein jour,En agglomération,Intersection en T,Normale,Deux véhicules - arrière,4,2,2,0,1,1,1,0,1,50,2,2,1,0,0,1,24.0,43.0,deux_roues,voiture,1,2,3,1,2
202400014748,2024-05-30 19:00:00,2024,5,30,19,0,06,06027,Promenade de la Plage,43.656365,7.176989,Plein jour,En agglomération,Hors intersection,Normale,Deux véhicules - côté,7,3,4,0,1,1,1,0,1,50,2,2,1,0,0,1,59.0,51.0,deux_roues,voiture,1,2,1,1,3
202400014749,2024-05-30 18:00:00,2024,5,30,18,0,01,01053,DE GAULLE ( BD GAL) PAIR,46.1978,5.2393,Plein jour,En agglomération,Hors intersection,Normale,Deux véhicules - arrière,3,2,4,0,3,1,1,0,1,50,2,2,1,0,0,1,21.0,18.0,voiture,utilitaire_camion,1,2,1,1,2
202400014750,2024-05-29 17:00:00,2024,5,29,17,0,01,01451,HERRIOT ( BOULEVARD EDOUARD COTE PAIR),46.213017,5.218254,Plein jour,En agglomération,Intersection en T,Normale,Deux véhicules - côté,3,3,4,0,1,1,1,0,1,50,2,3,2,0,0,1,57.0,29.0,voiture,utilitaire_camion,1,2,3,1,3
202400014750,2024-05-29 17:00:00,2024,5,29,17,0,01,01451,HERRIOT ( BOULEVARD EDOUARD COTE PAIR),46.213017,5.218254,Plein jour,En agglomération,Intersection en T,Normale,Deux véhicules - côté,3,2,2,0,1,1,1,0,1,50,2,3,2,0,0,1,57.0,29.0,voiture,utilitaire_camion,1,2,3,1,3
202400014751,2024-05-30 18:14:00,2024,5,30,18,14,75,75116,BD PERIPHERIQUE EXTERIEUR,48.857246,2.258489,Plein jour,En agglomération,Hors intersection,Normale,Deux véhicules - arrière,4,1,5,0,1,1,1,0,1,70,2,2,1,0,0,1,33.0,35.0,deux_roues,utilitaire_camion,1,2,1,1,2