accident_id,datetime,annee,mois,jour,heure,minute,departement,commune_insee,adresse,latitude,longitude,luminosite,agglomeration,intersection,meteo,collision,catr,circ,nbv,vosp,prof,plan,surf,infra,situ,vma,nb_vehicules,nb_usagers,nb_indemnes,nb_tues,nb_blesses_hosp,nb_blesses_legers,age_cond_1,age_cond_2,veh_type_cond_1,veh_type_cond_2,lum_code,agg_code,int_code,atm_code,col_code
202400014752,2024-05-30 08:45:00,2024,5,30,8,45,75,75114,BD PERIPHERIQUE EXTERIEUR,48.824292,2.30637,Plein jour,En agglomération,Hors intersection,Pluie légère,Deux véhicules - arrière,4,1,3,0,1,1,2,0,1,70,2,2,1,0,0,1,29.0,26.0,deux_roues,voiture,1,2,1,2,2
202400014753,2024-05-29 23:45:00,2024,5,29,23,45,75,75120,BD PERIPHERIQUE INTERIEUR,48.868742,2.413252,Nuit avec éclairage allumé,En agglomération,Hors intersection,Pluie légère,Autre collision,4,1,4,0,1,1,2,0,1,70,3,3,2,0,0,1,51.0,33.0,deux_roues,voiture,5,2,1,2,6
202400014754,2024-05-29 16:25:00,2024,5,29,16,25,75,75118,PLACE DE LA CHAPELLE,48.884562,2.359419,Plein jour,En agglomération,Intersection en X,Pluie légère,Deux véhicules - côté,4,2,2,1,1,1,2,0,1,30,2,4,2,0,0,2,26.0,60.0,utilitaire_camion,voiture,1,2,2,2,3
202400014754,2024-05-29 16:25:00,2024,5,29,16,25,75,75118,PLACE DE LA CHAPELLE,48.884562,2.359419,Plein jour,En agglomération,Intersection en X,Pluie légère,Deux véhicules - côté,4,2,2,1,1,1,2,2,1,30,2,4,2,0,0,2,26.0,60.0,utilitaire_camion,voiture,1,2,2,2,3
202400014755,2024-05-27 13:50:00,2024,5,27,13,50,75,75105,BOULEVARD SAINT MICHEL,48.852735,2.343859,Plein jour,En agglomération,Intersection en T,Normale,Autre collision,4,2,2,0,1,1,1,8,1,30,1,2,1,0,0,1,61.0,,voiture,,1,2,3,1,6
202400014755,2024-05-27 13:50:00,2024,5,27,13,50,75,75105,BOULEVARD SAINT MICHEL,48.852735,2.343859,Plein jour,En agglomération,Intersection en T,Normale,Autre collision,4,2, -1,-1,1,1,1,8,1,30,1,2,1,0,0,1,61.0,,voiture,,1,2,3,1,6
202400014756,2024-05-30 12:40:00,2024,5,30,12,40,75,75117,RUE GUSTAVE CHARPENTIER,48.879318,2.280702,Plein jour,En agglomération,Intersection en T,Pluie légère,Sans collision,4,1,1,0,1,1,2,0,1,30,1,1,0,0,0,1,45.0,,deux_roues,,1,2,3,2,7
202400014756,2024-05-30 12:40:00,2024,5,30,12,40,75,75117,RUE GUSTAVE CHARPENTIER,48.879318,2.280702,Plein jour,En agglomération,Intersection en T,Pluie légère,Sans collision,4,1, -1,0,1,1,2,0,1,50,1,1,0,0,0,1,45.0,,deux_roues,,1,2,3,2,7
202400014757,2024-05-30 15:50:00,2024,5,30,15,50,75,75116,BOULEVARD SUCHET,48.859456,2.266024,Plein jour,En agglomération,Intersection en T,Temps couvert,Deux véhicules - côté,4,3,4,0,1,1,2,0,1,30,2,3,1,0,0,2,65.0,45.0,deux_roues,voiture,1,2,3,8,3
202400014757,2024-05-30 15:50:00,2024,5,30,15,50,75,75116,BOULEVARD SUCHET,48.859456,2.266024,Plein jour,En agglomération,Intersection en T,Temps couvert,Deux véhicules - côté,4,3,2,0,1,1,2,0,1,30,2,3,1,0,0,2,65.0,45.0,deux_roues,voiture,1,2,3,8,3
202400014758,2024-05-29 10:30:00,2024,5,29,10,30,75,75116,BOULEVARD MURAT,48.845368,2.25757,Plein jour,En agglomération,Intersection en X,Temps couvert,Autre collision,4,4,2,0,1,1,2,9,4,30,1,2,1,0,0,1,40.0,,autre,,1,2,2,8,6
202400014758,2024-05-29 10:30:00,2024,5,29,10,30,75,75116,BOULEVARD MURAT,48.845368,2.25757,Plein jour,En agglomération,Intersection en X,Temps couvert,Autre collision,4,1,1,0,1,1,2,9,4,30,1,2,1,0,0,1,40.0,,autre,,1,2,2,8,6
202400014759,2024-05-30 00:50:00,2024,5,30,0,50,75,75116,ROUTE DE SURESNES,48.866356,2.231625,Nuit avec éclairage allumé,En agglomération,Intersection en X,Temps couvert,Deux véhicules - côté,4,1,1,0,1,1,2,0,1,50,2,2,1,0,0,1,49.0,54.0,voiture,voiture,5,2,2,8,3
202400014759,2024-05-30 00:50:00,2024,5,30,0,50,75,75116,ROUTE DE SURESNES,48.866356,2.231625,Nuit avec éclairage allumé,En agglomération,Intersection en X,Temps couvert,Deux véhicules - côté,4,2,2,0,1,1,2,0,1,50,2,2,1,0,0,1,49.0,54.0,voiture,voiture,5,2,2,8,3
202400014760,2024-05-30 01:27:00,2024,5,30,1,27,75,75115,QUAI BRANLY,48.846188,2.295173,Nuit avec éclairage allumé,En agglomération,Intersection en X,Normale,Deux véhicules - frontale,4,1, -1,0,1,1,1,0,1,30,2,3,1,0,0,2,23.0,24.0,utilitaire_camion,utilitaire_camion,5,2,2,1,1
202400014760,2024-05-30 01:27:00,2024,5,30,1,27,75,75115,QUAI BRANLY,48.846188,2.295173,Nuit avec éclairage allumé,En agglomération,Intersection en X,Normale,Deux véhicules - frontale,4,1,2,0,1,1,1,0,1,30,2,3,1,0,0,2,23.0,24.0,utilitaire_camion,utilitaire_camion,5,2,2,1,1
202400014761,2024-05-29 20:15:00,2024,5,29,20,15,75,75114,RUE DE LA TOMBE ISSOIRE,48.824387,2.331095,Plein jour,En agglomération,Intersection en T,Pluie forte,Deux véhicules - côté,4,1,1,0,2,1,2,0,1,30,2,2,1,0,0,1,19.0,66.0,deux_roues,deux_roues,1,2,3,3,3
202400014761,2024-05-29 20:15:00,2024,5,29,20,15,75,75114,RUE DE LA TOMBE ISSOIRE,48.824387,2.331095,Plein jour,En agglomération,Intersection en T,Pluie forte,Deux véhicules - côté,4,1,1,0,1,1,2,0,1,30,2,2,1,0,0,1,19.0,66.0,deux_roues,deux_roues,1,2,3,3,3
202400014762,2024-05-29 16:00:00,2024,5,29,16,0,75,75112,AVENUE DU TREMBLAY,48.835806,2.453089,Plein jour,En agglomération,Intersection en T,Pluie légère,Deux véhicules - arrière,4,2,1,0,1,1,2,0,1,50,2,2,1,0,0,1,54.0,46.0,voiture,voiture,1,2,3,2,2
202400014762,2024-05-29 16:00:00,2024,5,29,16,0,75,75112,AVENUE DU TREMBLAY,48.835806,2.453089,Plein jour,En agglomération,Intersection en T,Pluie légère,Deux véhicules - arrière,4,2,1,0,1,1,2,0,1,50,2,2,1,0,0,1,54.0,46.0,voiture,voiture,1,2,3,2,2
202400014763,2024-05-29 23:20:00,2024,5,29,23,20,75,75110,RUE DU FAUBOURG SAINT MARTIN,48.882557,2.366944,Nuit avec éclairage allumé,En agglomération,Intersection en T,Pluie légère,Trois véhicules et plus - en chaîne,4,1, -1,-1,1,1,2,0,1,30,3,5,2,0,0,3,29.0,21.0,deux_roues,voiture,5,2,3,2,4
202400014763,2024-05-29 23:20:00,2024,5,29,23,20,75,75110,RUE DU FAUBOURG SAINT MARTIN,48.882557,2.366944,Nuit avec éclairage allumé,En agglomération,Intersection en T,Pluie légère,Trois véhicules et plus - en chaîne,4,2,2,0,1,1,2,0,1,30,3,5,2,0,0,3,29.0,21.0,deux_roues,voiture,5,2,3,2,4
202400014764,2024-05-29 17:40:00,2024,5,29,17,40,75,75107,AVENUE DE VILLARS,48.852648,2.313606,Plein jour,En agglomération,Hors intersection,Pluie légère,Deux véhicules - arrière,4,2,4,0,1,1,2,0,1,30,2,3,2,0,0,1,61.0,42.0,voiture,voiture,1,2,1,2,2
202400014765,2024-05-30 16:30:00,2024,5,30,16,30,75,75101,QUAI FRANCOIS MITTERRAND,48.859598,2.335296,Plein jour,En agglomération,Hors intersection,Normale,Autre collision,4,1,4,1,1,1,1,0,5,30,1,1,0,0,0,1,58.0,,deux_roues,,1,2,1,1,6
202400014766,2024-05-29 16:45:00,2024,5,29,16,45,75,75102,RUE DU CAIRE,48.867022,2.352912,Plein jour,En agglomération,Intersection en T,Pluie légère,Deux véhicules - frontale,4,3,3,1,1,1,2,0,6,30,2,3,2,0,0,1,20.0,39.0,deux_roues,voiture,1,2,3,2,1
202400014766,2024-05-29 16:45:00,2024,5,29,16,45,75,75102,RUE DU CAIRE,48.867022,2.352912,Plein jour,En agglomération,Intersection en T,Pluie légère,Deux véhicules - frontale,4,1,2,1,1,1,2,6,6,30,2,3,2,0,0,1,20.0,39.0,deux_roues,voiture,1,2,3,2,1
202400014767,2024-05-29 10:10:00,2024,5,29,10,10,75,75102,BOULEVARD DE SEBASTOPOL,48.867064,2.352956,Plein jour,En agglomération,Intersection en T,Pluie légère,Sans collision,4,1,4,1,1,1,2,0,5,30,1,1,0,0,0,1,27.0,,deux_roues,,1,2,3,2,7
202400014767,2024-05-29 10:10:00,2024,5,29,10,10,75,75102,BOULEVARD DE SEBASTOPOL,48.867064,2.352956,Plein jour,En agglomération,Intersection en T,Pluie légère,Sans collision,4,1,2,1,1,1,2,0,8,30,1,1,0,0,0,1,27.0,,deux_roues,,1,2,3,2,7
202400014768,2024-05-30 07:00:00,2024,5,30,7,0,94,94080,Avenue de Paris,48.84613529,2.42190117,Plein jour,En agglomération,Hors intersection,Normale,Deux véhicules - côté,3,2,2,2,1,1,1,0,5,50,2,2,1,0,0,1,40.0,58.0,voiture,deux_roues,1,2,1,1,3
202400014769,2024-05-30 16:00:00,2024,5,30,16,0,94,94074,Rue du Colonel Fabien / Rue des Ecoles,48.744657,2.470029,Plein jour,En agglomération,Intersection en T,Pluie légère,Autre collision,4,1,1,0,2,3,2,0,1,-1,1,2,1,0,1,0,83.0,,voiture,,1,2,3,2,6
202400014769,2024-05-30 16:00:00,2024,5,30,16,0,94,94074,Rue du Colonel Fabien / Rue des Ecoles,48.744657,2.470029,Plein jour,En agglomération,Intersection en T,Pluie légère,Autre collision,4,2,2,0,2,1,2,0,1,50,1,2,1,0,1,0,83.0,,voiture,,1,2,3,2,6
202400014770,2024-05-30 11:45:00,2024,5,30,11,45,94,94042,Avenue du President Kennedy,48.81601457,2.46500708,Plein jour,En agglomération,Hors intersection,Pluie légère,Autre collision,3,2,2,0,2,1,2,0,1,50,1,1,0,0,0,1,94.0,,voiture,,1,2,1,2,6
202400014771,2024-05-30 13:00:00,2024,5,30,13,0,94,94041,107 Avenue Maurice Thorez,48.81623576,2.37696826,Plein jour,En agglomération,Hors intersection,Pluie légère,Trois véhicules et plus - en chaîne,3,1,1,2,1,1,2,0,1,50,3,4,2,0,0,2,34.0,35.0,voiture,voiture,1,2,1,2,4
202400014772,2024-05-29 16:20:00,2024,5,29,16,20,94,94028,D19,48.79886,2.44592,Plein jour,Hors agglomération,Hors intersection,Pluie légère,Deux véhicules - arrière,3,1,1,0,2,1,2,3,1,50,2,2,1,0,0,1,51.0,48.0,voiture,voiture,1,1,1,2,2
202400014773,2024-05-29 09:10:00,2024,5,29,9,10,94,94028,Carrefour de Pompadour / Avenue de la Pompadour,48.77413,2.4397,Plein jour,En agglomération,Giratoire,Pluie forte,Deux véhicules - arrière,3,3,4,0,1,1,2,5,1,30,2,2,1,0,0,1,23.0,32.0,voiture,voiture,1,2,6,3,2
202400014773,2024-05-29 09:10:00,2024,5,29,9,10,94,94028,Carrefour de Pompadour / Avenue de la Pompadour,48.77413,2.4397,Plein jour,En agglomération,Giratoire,Pluie forte,Deux véhicules - arrière,3,1,2,0,1,1,2,5,1,30,2,2,1,0,0,1,23.0,32.0,voiture,voiture,1,2,6,3,2
202400014774,2024-05-30 17:00:00,2024,5,30,17,0,94,94018,Rue de Paris / Avenue Anatole France,48.82237,2.41236,Plein jour,En agglomération,Intersection en T,Normale,Autre collision,3,2,2,2,1,1,1,0,1,30,1,2,1,0,1,0,41.0,,voiture,,1,2,3,1,6
202400014774,2024-05-30 17:00:00,2024,5,30,17,0,94,94018,Rue de Paris / Avenue Anatole France,48.82237,2.41236,Plein jour,En agglomération,Intersection en T,Normale,Autre collision,3,1,1,2,1,1,1,0,1,-1,1,2,1,0,1,0,41.0,,voiture,,1,2,3,1,6
202400014775,2024-05-29 16:30:00,2024,5,29,16,30,94,94071,Rue de Noiseau,48.77339904,2.53015692,Plein jour,En agglomération,Hors intersection,Pluie légère,Deux véhicules - arrière,3,2,2,0,1,1,2,0,1,50,2,2,0,0,0,2,60.0,24.0,voiture,voiture,1,2,1,2,2
202400014776,2024-05-29 16:30:00,2024,5,29,16,30,93,93050,Avenue Paul Vaillant Couturier / Rue de la Pointe ,48.86936426,2.55557656,Plein jour,En agglomération,Intersection en T,Pluie légère,Sans collision,3,2,2,0,1,1,2,0,4,50,1,1,0,0,0,1,64.0,,voiture,,1,2,3,2,7
202400014776,2024-05-29 16:30:00,2024,5,29,16,30,93,93050,Avenue Paul Vaillant Couturier / Rue de la Pointe ,48.86936426,2.55557656,Plein jour,En agglomération,Intersection en T,Pluie légère,Sans collision,3,1,1,0,1,1,2,0,4,-1,1,1,0,0,0,1,64.0,,voiture,,1,2,3,2,7
202400014777,2024-05-30 16:50:00,2024,5,30,16,50,93,93074,Allée Jules Ferry,48.932305,2.566849,Plein jour,En agglomération,Hors intersection,Normale,Autre collision,4,2,2,0,2,1,1,0,1,50,1,2,1,0,0,1,33.0,,voiture,,1,2,1,1,6
202400014778,2024-05-30 16:35:00,2024,5,30,16,35,93,93013,Avenue de la Division Leclerc / Rue Anizan Cavillon,48.935,2.426,Plein jour,En agglomération,Intersection en X,Normale,Deux véhicules - côté,3,2,2,1,1,1,1,9,5,70,2,2,1,0,0,1,27.0,52.0,voiture,deux_roues,1,2,2,1,3
202400014778,2024-05-30 16:35:00,2024,5,30,16,35,93,93013,Avenue de la Division Leclerc / Rue Anizan Cavillon,48.935,2.426,Plein jour,En agglomération,Intersection en X,Normale,Deux véhicules - côté,3,2,2,0,1,1,1,0,5,-1,2,2,1,0,0,1,27.0,52.0,voiture,deux_roues,1,2,2,1,3
202400014779,2024-05-28 10:07:00,2024,5,28,10,7,93,93013,Avenue Jean Jaurès / Avenue de la Division Leclerc,48.93321953,2.4240607,Plein jour,En agglomération,Intersection en X,Pluie légère,Autre collision,3,2,2,1,1,1,2,5,1,50,1,2,1,1,0,0,44.0,,utilitaire_camion,,1,2,2,2,6
202400014779,2024-05-28 10:07:00,2024,5,28,10,7,93,93013,Avenue Jean Jaurès / Avenue de la Division Leclerc,48.93321953,2.4240607,Plein jour,En agglomération,Intersection en X,Pluie légère,Autre collision,3,2,2,0,1,1,2,5,1,50,1,2,1,1,0,0,44.0,,utilitaire_camion,,1,2,2,2,6
202400014780,2024-05-29 09:23:00,2024,5,29,9,23,93,93027,Rue de la Convention,48.92706,2.39336,Plein jour,En agglomération,Hors intersection,Pluie légère,Autre collision,3,3,4,3,1,1,2,0,1,50,1,2,1,0,0,1,43.0,,deux_roues,,1,2,1,2,6
202400014781,2024-05-30 16:30:00,2024,5,30,16,30,93,93001,Avenue Victor Hugo / Rue du Goulet,48.90887,2.37814,Plein jour,En agglomération,Intersection à plus de 4 branches,Normale,Deux véhicules - arrière,3,2,4,1,1,1,1,0,1,50,2,2,1,0,0,1,54.0,54.0,utilitaire_camion,utilitaire_camion,1,2,5,1,2
202400014781,2024-05-30 16:30:00,2024,5,30,16,30,93,93001,Avenue Victor Hugo / Rue du Goulet,48.90887,2.37814,Plein jour,En agglomération,Intersection à plus de 4 branches,Normale,Deux véhicules - arrière,3,1,1,0,1,1,1,0,1,50,2,2,1,0,0,1,54.0,54.0,utilitaire_camion,utilitaire_camion,1,2,5,1,2
202400014782,2024-05-30 08:30:00,2024,5,30,8,30,92,92046,DE STALINGRAD,48.81441,2.27964,Plein jour,En agglomération,Hors intersection,Pluie légère,Sans collision,3,2,2,2,1,1,2,0,1,50,1,1,0,0,0,1,27.0,,deux_roues,,1,2,1,2,7
202400014783,2024-05-30 09:02:00,2024,5,30,9,2,92,92062,DE DION BOUTON (QUAI) DU 29 AU 65,48.88247962,2.24756062,Plein jour,En agglomération,Hors intersection,Pluie légère,Deux véhicules - côté,3,1,3,1,1,1,2,0,5,50,2,2,1,0,0,1,40.0,29.0,deux_roues,utilitaire_camion,1,2,1,2,3
202400014784,2024-05-30 20:52:00,2024,5,30,20,52,92,92020,LIBERTE BOULEVARD DE LA N° IMPAIRS,48.79911581,2.29427952,Plein jour,En agglomération,Hors intersection,Pluie légère,Deux véhicules - côté,3,2,2,0,1,1,2,0,1,50,2,2,1,0,0,1,50.0,28.0,voiture,deux_roues,1,2,1,2,3
202400014785,2024-05-30 06:45:00,2024,5,30,6,45,92,92048,TRIVAUX (AVENUE DE) N° 9,48.79748965,2.23235214,Crépuscule ou aube,Hors agglomération,Giratoire,Temps couvert,Sans collision,3,-1,2,0,1,1,6,0,1,30,1,1,0,0,0,1,31.0,,deux_roues,,2,1,6,8,7
202400014786,2024-05-30 09:40:00,2024,5,30,9,40,92,92025,CHARLES DE GAULLE (BD),48.90893416,2.23660201,Plein jour,En agglomération,Intersection en X,Normale,Deux véhicules - côté,3,3,6,1,1,1,1,0,1,30,2,2,1,0,0,1,36.0,38.0,voiture,deux_roues,1,2,2,1,3
202400014786,2024-05-30 09:40:00,2024,5,30,9,40,92,92025,CHARLES DE GAULLE (BD),48.90893416,2.23660201,Plein jour,En agglomération,Intersection en X,Normale,Deux véhicules - côté,3,2,2,0,1,1,1,0,1,30,2,2,1,0,0,1,36.0,38.0,voiture,deux_roues,1,2,2,1,3
202400014787,2024-05-30 20:45:00,2024,5,30,20,45,92,92024,LEON BLUM (RUE),48.90830204,2.30433244,Crépuscule ou aube,En agglomération,Intersection en T,Normale,Deux véhicules - arrière,4,1,0,0,1,1,1,0,1,50,2,2,1,0,0,1,40.0,36.0,deux_roues,voiture,2,2,3,1,2
202400014787,2024-05-30 20:45:00,2024,5,30,20,45,92,92024,LEON BLUM (RUE),48.90830204,2.30433244,Crépuscule ou aube,En agglomération,Intersection en T,Normale,Deux véhicules - arrière,4,1,0,0,1,1,1,0,1,50,2,2,1,0,0,1,40.0,36.0,deux_roues,voiture,2,2,3,1,2
202400014788,2024-05-31 16:35:00,2024,5,31,16,35,17,17262,Croisement D125 et D728,45.745942,-0.710582,Plein jour,Hors agglomération,Intersection en X,Normale,Deux véhicules - côté,3,2,2,0,1,1,1,5,1,80,2,2,1,1,0,0,83.0,64.0,voiture,deux_roues,1,1,2,1,3
202400014788,2024-05-31 16:35:00,2024,5,31,16,35,17,17262,Croisement D125 et D728,45.745942,-0.710582,Plein jour,Hors agglomération,Intersection en X,Normale,Deux véhicules - côté,3,2,1,0,4,1,1,5,1,70,2,2,1,1,0,0,83.0,64.0,voiture,deux_roues,1,1,2,1,3
202400014789,2024-05-30 02:30:00,2024,5,30,2,30,01,01143,Chemin des Ecoliers,46.372813,6.156936,Nuit sans éclairage public,En agglomération,Hors intersection,Pluie forte,Autre collision,3,2,2,0,1,3,2,0,1,-1,1,3,2,0,1,0,19.0,,voiture,,3,2,1,3,6
202400014790,2024-05-20 14:13:00,2024,5,20,14,13,01,01360,313 Rue du Bourg,46.209496,5.957835,Plein jour,En agglomération,Hors intersection,Normale,Autre collision,3,2,2,0,1,1,1,0,4,50,1,1,0,0,1,0,19.0,,deux_roues,,1,2,1,1,6
202400014791,2024-05-30 16:17:00,2024,5,30,16,17,36,36129,,46.625723,1.917382,Plein jour,Hors agglomération,Hors intersection,Pluie forte,Autre collision,3,2,2,0,1,1,2,0,3,80,1,8,6,0,1,1,40.0,,transport_commun,,1,1,1,3,6
202400014792,2024-05-31 15:40:00,2024,5,31,15,40,34,34270,D132,43.575168,3.853787,Plein jour,En agglomération,Intersection en Y,Normale,Deux véhicules - côté,7,2,2,0,1,1,1,0,1,50,2,2,1,0,1,0,46.0,64.0,deux_roues,voiture,1,2,4,1,3
202400014792,2024-05-31 15:40:00,2024,5,31,15,40,34,34270,D132,43.575168,3.853787,Plein jour,En agglomération,Intersection en Y,Normale,Deux véhicules - côté,7,2, -1,-1,1,1,1,0,1,-1,2,2,1,0,1,0,46.0,64.0,deux_roues,voiture,1,2,4,1,3
202400014793,2024-05-30 07:58:00,2024,5,30,7,58,59,59331,Route de Prisches,50.112625,3.709946,Crépuscule ou aube,Hors agglomération,Hors intersection,Pluie légère,Sans collision,3,2,2,0,1,1,2,0,3,80,1,1,0,0,1,0,49.0,,voiture,,2,1,1,2,7
202400014794,2024-05-30 17:00:00,2024,5,30,17,0,56,56169,Lieu Dit Kerfourcher,47.714674,-3.240414,Plein jour,Hors agglomération,Hors intersection,Normale,Deux véhicules - frontale,4,2,2,0,1,1,1,0,1,50,2,5,2,0,0,3,38.0,40.0,voiture,voiture,1,1,1,1,1
202400014795,2024-05-31 07:50:00,2024,5,31,7,50,82,82044,D21,43.931899,1.382089,Plein jour,Hors agglomération,Hors intersection,Normale,Trois véhicules et plus - collisions multiples,3,2,2,0,1,3,1,0,1,80,3,3,1,0,1,1,21.0,55.0,voiture,voiture,1,1,1,1,5
202400014796,2024-05-31 18:15:00,2024,5,31,18,15,71,71092,D12,46.577345,5.175607,Plein jour,Hors agglomération,Hors intersection,Normale,Deux véhicules - frontale,3,2,2,0,1,3,1,0,1,80,2,3,0,0,2,1,79.0,18.0,voiture,voiture,1,1,1,1,1
202400014797,2024-01-22 10:30:00,2024,1,22,10,30,71,71380,Route de Saint Germain du Bois,46.6851718,5.3784262,Plein jour,Hors agglomération,Hors intersection,Normale,Deux véhicules - côté,3,2,2,0,1,1,1,0,1,80,2,2,1,0,1,0,76.0,88.0,deux_roues,voiture,1,1,1,1,3
202400014798,2024-05-31 14:15:00,2024,5,31,14,15,89,89345,41 Grande Rue,48.000217,3.728099,Plein jour,En agglomération,Intersection en T,Normale,Deux véhicules - côté,4,-1,1,0,2,1,1,0,1,50,2,2,1,0,0,1,16.0,35.0,deux_roues,voiture,1,2,3,1,3
202400014798,2024-05-31 14:15:00,2024,5,31,14,15,89,89345,41 Grande Rue,48.000217,3.728099,Plein jour,En agglomération,Intersection en T,Normale,Deux véhicules - côté,4,1,1,-1,2,1,1,0,1,50,2,2,1,0,0,1,16.0,35.0,deux_roues,voiture,1,2,3,1,3
202400014799,2024-05-31 06:20:00,2024,5,31,6,20,42,42289,Route de Neulise,45.923534,4.201087,Plein jour,Hors agglomération,Hors intersection,Normale,Autre collision,3,2,2,0,1,2,1,0,8,80,1,3,2,0,0,1,31.0,,voiture,,1,1,1,1,6
202400014800,2024-05-29 15:00:00,2024,5,29,15,0,34,34178,D19,43.429892,3.151939,Plein jour,Hors agglomération,Intersection en T,Normale,Deux véhicules - côté,3,2,2,0,1,1,1,0,1,80,2,4,3,0,1,0,80.0,38.0,voiture,voiture,1,1,3,1,3
202400014800,2024-05-29 15:00:00,2024,5,29,15,0,34,34178,D19,43.429892,3.151939,Plein jour,Hors agglomération,Intersection en T,Normale,Deux véhicules - côté,3,2, -1,-1,1,1,1,0,1,-1,2,4,3,0,1,0,80.0,38.0,voiture,voiture,1,1,3,1,3
202400014801,2024-05-27 18:25:00,2024,5,27,18,25,22,22229,D790,48.285681,-3.244601,Plein jour,Hors agglomération,Intersection en T,Temps couvert,Deux véhicules - côté,3,2,2,0,1,1,1,5,1,80,2,2,1,0,1,0,43.0,61.0,voiture,deux_roues,1,1,3,8,3
202400014801,2024-05-27 18:25:00,2024,5,27,18,25,22,22229,D790,48.285681,-3.244601,Plein jour,Hors agglomération,Intersection en T,Temps couvert,Deux véhicules - côté,3,2,2,0,1,1,1,0,1,80,2,2,1,0,1,0,43.0,61.0,voiture,deux_roues,1,1,3,8,3
202400014802,2024-05-30 18:00:00,2024,5,30,18,0,44,44049,9 Rue Emmanuel Provost,47.287082,-2.508633,Plein jour,En agglomération,Intersection en X,Normale,Deux véhicules - côté,4,2,2,0,1,1,1,0,1,50,2,2,1,0,1,0,19.0,40.0,voiture,deux_roues,1,2,2,1,3
202400014802,2024-05-30 18:00:00,2024,5,30,18,0,44,44049,9 Rue Emmanuel Provost,47.287082,-2.508633,Plein jour,En agglomération,Intersection en X,Normale,Deux véhicules - côté,4,2,2,0,1,3,1,0,1,20,2,2,1,0,1,0,19.0,40.0,voiture,deux_roues,1,2,2,1,3
202400014803,2024-05-29 14:10:00,2024,5,29,14,10,38,38422,Route de Chamrousse,45.154155,5.879949,Plein jour,Hors agglomération,Hors intersection,Normale,Deux véhicules - côté,3,2,2,0,2,3,1,0,1,80,2,2,1,0,1,0,59.0,36.0,deux_roues,utilitaire_camion,1,1,1,1,3
202400014804,2024-05-30 22:00:00,2024,5,30,22,0,72,72356,Rue Tire Oiseau,47.753697,0.445542,Nuit sans éclairage public,En agglomération,Hors intersection,Normale,Autre collision,3,2,2,0,1,2,1,0,3,50,1,1,0,0,0,1,76.0,,voiture,,3,2,1,1,6
202400014805,2024-05-30 20:30:00,2024,5,30,20,30,73,73067,D1006,45.3638134,6.28736245,Crépuscule ou aube,Hors agglomération,Hors intersection,Pluie forte,Autre collision,3,2,2,0,1,3,2,0,1,80,1,1,0,0,1,0,20.0,,voiture,,2,1,1,3,6
202400014806,2024-05-31 03:30:00,2024,5,31,3,30,10,10139,D400,48.425758,4.655017,Nuit sans éclairage public,Hors agglomération,Hors intersection,Pluie légère,Deux véhicules - frontale,3,2,2,0,3,1,2,0,1,90,2,2,1,1,0,0,85.0,52.0,voiture,utilitaire_camion,3,1,1,2,1
202400014807,2024-05-31 12:30:00,2024,5,31,12,30,07,07201,62 Chemin de la Grand-terre,44.429106,4.332036,Plein jour,Hors agglomération,Hors intersection,Normale,Trois véhicules et plus - collisions multiples,3,2,2,0,1,1,1,0,1,90,3,3,1,0,0,2,83.0,38.0,voiture,voiture,1,1,1,1,5
202400014808,2024-05-30 13:45:00,2024,5,30,13,45,37,37050,Rue Philippe Maupas,47.336503,0.693233,Plein jour,En agglomération,Hors intersection,Pluie forte,Sans collision,4,2,2,1,2,1,2,0,1,50,1,1,0,0,0,1,39.0,,deux_roues,,1,2,1,3,7
202400014809,2024-05-30 18:45:00,2024,5,30,18,45,30,30269,rd 260,44.127921,3.864655,Plein jour,Hors agglomération,Hors intersection,Normale,Sans collision,3,2,2,0,2,2,1,0,1,80,1,1,0,0,1,0,62.0,,deux_roues,,1,1,1,1,7
202400014810,2024-05-31 16:54:00,2024,5,31,16,54,52,52376,Route Départementale 151,48.476222,5.285969,Plein jour,Hors agglomération,Hors intersection,Normale,Autre collision,3,2,2,0,2,2,2,0,3,80,1,3,2,0,1,0,26.0,,utilitaire_camion,,1,1,1,1,6
202400014811,2024-05-30 16:45:00,2024,5,30,16,45,973,97307,ROUTE RN2,4.83422,-52.339511,Plein jour,Hors agglomération,Hors intersection,Pluie légère,Deux véhicules - côté,2,-1,2,0,1,1,2,0,3,-1,2,2,1,0,1,0,39.0,31.0,deux_roues,voiture,1,1,1,2,3
202400014812,2024-05-31 08:35:00,2024,5,31,8,35,17,17337,637 Route Nationale,45.973225,-1.350927,Plein jour,En agglomération,Hors intersection,Normale,Autre collision,3,2,2,0,1,1,1,0,1,50,1,2,1,0,1,0,30.0,,utilitaire_camion,,1,2,1,1,6
202400014813,2024-05-31 10:00:00,2024,5,31,10,0,17,17324,rd137,45.398695,-0.563082,Plein jour,Hors agglomération,Intersection en X,Normale,Deux véhicules - côté,3,2,2,0,1,3,1,5,1,70,2,3,1,1,1,0,82.0,51.0,voiture,utilitaire_camion,1,1,2,1,3
202400014813,2024-05-31 10:00:00,2024,5,31,10,0,17,17324,rd137,45.398695,-0.563082,Plein jour,Hors agglomération,Intersection en X,Normale,Deux véhicules - côté,3,2,2,-1,1,1,1,5,1,80,2,3,1,1,1,0,82.0,51.0,voiture,utilitaire_camion,1,1,2,1,3