accident_id,datetime,annee,mois,jour,heure,minute,departement,commune_insee,adresse,latitude,longitude,luminosite,agglomeration,intersection,meteo,collision,catr,circ,nbv,vosp,prof,plan,surf,infra,situ,vma,nb_vehicules,nb_usagers,nb_indemnes,nb_tues,nb_blesses_hosp,nb_blesses_legers,age_cond_1,age_cond_2,veh_type_cond_1,veh_type_cond_2,lum_code,agg_code,int_code,atm_code,col_code
202400014892,2024-05-28 12:05:00,2024,5,28,12,5,64,64445,HAUTERIVE,43.32283,-0.34671,Plein jour,En agglomération,Hors intersection,Normale,Autre collision,4,1,2,0,1,1,1,0,8,50,1,1,0,0,0,1,51.0,,voiture,,1,2,1,1,6
202400014893,2024-10-15 13:10:00,2024,10,15,13,10,35,35115,FEUTERIES (RUE DES),48.3526,-1.19621,Plein jour,En agglomération,Intersection en T,Pluie légère,Deux véhicules - côté,4,2,2,0,1,1,2,6,1,20,2,2,1,0,0,1,78.0,15.0,voiture,deux_roues,1,2,3,2,3
202400014893,2024-10-15 13:10:00,2024,10,15,13,10,35,35115,FEUTERIES (RUE DES),48.3526,-1.19621,Plein jour,En agglomération,Intersection en T,Pluie légère,Deux véhicules - côté,4,2,2,0,1,1,2,6,1,20,2,2,1,0,0,1,78.0,15.0,voiture,deux_roues,1,2,3,2,3
202400014894,2024-05-29 09:05:00,2024,5,29,9,5,64,64122,RD 810,43.4727,-1.5351,Plein jour,En agglomération,Hors intersection,Normale,Deux véhicules - frontale,3,2,2,0,1,1,1,0,1,50,2,2,1,0,0,1,38.0,25.0,deux_roues,utilitaire_camion,1,2,1,1,1
202400014895,2024-05-28 19:13:00,2024,5,28,19,13,64,64102,RESPLANDY (AVENUE DU CAPITAINE),43.49032,-1.46744,Plein jour,En agglomération,Autre intersection,Normale,Autre collision,4,2,2,1,1,1,1,0,1,50,1,2,1,0,0,1,70.0,,voiture,,1,2,9,1,6
202400014896,2024-05-28 18:42:00,2024,5,28,18,42,64,64024,GIROUETTE (ROUTE DES),43.47161,-1.50172,Plein jour,En agglomération,Hors intersection,Normale,Deux véhicules - arrière,4,2,2,0,1,1,1,0,1,30,2,2,1,0,0,1,17.0,24.0,deux_roues,voiture,1,2,1,1,2
202400014897,2024-10-15 19:50:00,2024,10,15,19,50,33,33063,,44.82333,-0.57069,Nuit avec éclairage allumé,En agglomération,Intersection en T,Normale,Deux véhicules - côté,4,2,4,1,1,1,1,0,1,30,2,2,1,0,1,0,32.0,18.0,voiture,deux_roues,5,2,3,1,3
202400014897,2024-10-15 19:50:00,2024,10,15,19,50,33,33063,,44.82333,-0.57069,Nuit avec éclairage allumé,En agglomération,Intersection en T,Normale,Deux véhicules - côté,4,1,1,0,1,1,1,0,8,30,2,2,1,0,1,0,32.0,18.0,voiture,deux_roues,5,2,3,1,3
202400014898,2024-05-28 17:39:00,2024,5,28,17,39,64,64024,ADOUR (AVENUE DE L'),43.51255577,-1.50017828,Plein jour,En agglomération,Autre intersection,Normale,Deux véhicules - côté,4,2,2,0,1,3,1,0,3,30,2,2,1,0,0,1,36.0,83.0,voiture,deux_roues,1,2,9,1,3
202400014899,2024-10-15 09:00:00,2024,10,15,9,0,33,33009,,44.6565388,-1.16414502,Plein jour,En agglomération,Intersection en Y,Pluie légère,Sans collision,4,2,2,0,2,3,2,0,1,30,1,1,0,0,0,1,19.0,,deux_roues,,1,2,4,2,7
202400014899,2024-10-15 09:00:00,2024,10,15,9,0,33,33009,,44.6565388,-1.16414502,Plein jour,En agglomération,Intersection en Y,Pluie légère,Sans collision,4,2,2,0,2,1,2,0,8,30,1,1,0,0,0,1,19.0,,deux_roues,,1,2,4,2,7
202400014900,2024-05-28 18:52:00,2024,5,28,18,52,64,64024,BAB (Boulevard),43.49382058,-1.52372807,Plein jour,En agglomération,Hors intersection,Normale,Deux véhicules - arrière,4,2,4,0,1,1,1,9,1,50,2,2,1,0,0,1,22.0,36.0,deux_roues,voiture,1,2,1,1,2
202400014901,2024-10-15 16:10:00,2024,10,15,16,10,31,31555,AV JEAN ZAY,43.65024,1.42861,Plein jour,En agglomération,Intersection en T,Normale,Deux véhicules - arrière,4,-1,4,0,1,1,1,0,1,50,2,2,1,0,0,1,26.0,32.0,voiture,voiture,1,2,3,1,2
202400014901,2024-10-15 16:10:00,2024,10,15,16,10,31,31555,AV JEAN ZAY,43.65024,1.42861,Plein jour,En agglomération,Intersection en T,Normale,Deux véhicules - arrière,4,-1,2,0,1,1,1,0,1,50,2,2,1,0,0,1,26.0,32.0,voiture,voiture,1,2,3,1,2
202400014902,2024-05-28 16:30:00,2024,5,28,16,30,64,64102,SAINT BERNARD (CHEMIN DE),43.50797,-1.48771,Plein jour,En agglomération,Hors intersection,Normale,Deux véhicules - côté,4,2,2,0,1,3,1,0,1,50,2,2,1,0,0,1,26.0,18.0,utilitaire_camion,deux_roues,1,2,1,1,3
202400014903,2024-05-30 01:40:00,2024,5,30,1,40,63,63075,THERMALE (AVENUE),45.77134465,3.05741251,Nuit avec éclairage allumé,En agglomération,Hors intersection,Normale,Autre collision,7,2,2,0,2,1,1,0,1,50,1,1,0,0,0,1,25.0,,voiture,,5,2,1,1,6
202400014904,2024-10-14 16:04:00,2024,10,14,16,4,19,19272,Henri de Bournazel (Av),45.2675,1.76886,Plein jour,En agglomération,Hors intersection,Normale,Autre collision,4,2,2,0,2,3,1,0,1,30,1,2,1,0,0,1,23.0,,voiture,,1,2,1,1,6
202400014905,2024-05-24 14:45:00,2024,5,24,14,45,62,62570,Rue Jules Mousseron,50.40381748,2.88301992,Plein jour,En agglomération,Intersection en X,Normale,Deux véhicules - côté,4,2,2,0,1,1,1,0,1,50,2,3,1,0,0,2,33.0,32.0,transport_commun,voiture,1,2,2,1,3
202400014905,2024-05-24 14:45:00,2024,5,24,14,45,62,62570,Rue Jules Mousseron,50.40381748,2.88301992,Plein jour,En agglomération,Intersection en X,Normale,Deux véhicules - côté,4,2,2,0,1,1,1,0,1,50,2,3,1,0,0,2,33.0,32.0,transport_commun,voiture,1,2,2,1,3
202400014906,2024-05-29 19:00:00,2024,5,29,19,0,60,60684,Avenue F et I Joliot Curie,49.2802309,2.4978188,Plein jour,En agglomération,Hors intersection,Pluie forte,Deux véhicules - frontale,4,2,0,0,1,1,2,0,1,50,2,2,0,1,0,1,28.0,50.0,utilitaire_camion,utilitaire_camion,1,2,1,3,1
202400014907,2024-10-15 07:25:00,2024,10,15,7,25,15,15014,Avenue de la République,44.92785,2.44188,Nuit avec éclairage allumé,En agglomération,Hors intersection,Normale,Autre collision,4,2,2,0,1,1,1,0,1,50,1,2,1,0,0,1,82.0,,voiture,,5,2,1,1,6
202400014908,2024-05-29 22:00:00,2024,5,29,22,0,59,59512,Rue de Beaurewaert,50.68853796,3.18564679,Nuit avec éclairage allumé,En agglomération,Intersection en X,Normale,Deux véhicules - côté,4,2,2,0,1,1,1,0,4,30,2,2,1,0,0,1,14.0,26.0,deux_roues,voiture,5,2,2,1,3
202400014908,2024-05-29 22:00:00,2024,5,29,22,0,59,59512,Rue de Beaurewaert,50.68853796,3.18564679,Nuit avec éclairage allumé,En agglomération,Intersection en X,Normale,Deux véhicules - côté,4,2,1,2,1,1,1,5,1,30,2,2,1,0,0,1,14.0,26.0,deux_roues,voiture,5,2,2,1,3
202400014909,2024-10-15 11:10:00,2024,10,15,11,10,14,14699,1 Rue de Saint-andreasberg,49.340165,0.103051,Plein jour,En agglomération,Intersection en X,Normale,Deux véhicules - côté,3,2,2,0,1,1,1,0,1,70,2,2,0,0,1,1,26.0,69.0,deux_roues,voiture,1,2,2,1,3
202400014909,2024-10-15 11:10:00,2024,10,15,11,10,14,14699,1 Rue de Saint-andreasberg,49.340165,0.103051,Plein jour,En agglomération,Intersection en X,Normale,Deux véhicules - côté,3,2,2,0,1,1,1,0,8,50,2,2,0,0,1,1,26.0,69.0,deux_roues,voiture,1,2,2,1,3
202400014910,2024-05-29 23:00:00,2024,5,29,23,0,59,59009,Avenue de Flandre,50.66331,3.13754,Nuit avec éclairage allumé,En agglomération,Hors intersection,Normale,Deux véhicules - arrière,4,1,1,0,1,1,1,0,1,50,2,3,1,0,0,2,40.0,26.0,voiture,voiture,5,2,1,1,2
202400014911,2024-10-15 22:05:00,2024,10,15,22,5,13,13206,PARADIS (RUE),43.28800575,5.37909434,Nuit avec éclairage allumé,En agglomération,Intersection en X,Pluie légère,Deux véhicules - arrière,4,1,2,0,1,1,2,0,1,50,2,2,1,0,0,1,37.0,67.0,voiture,voiture,5,2,2,2,2
202400014911,2024-10-15 22:05:00,2024,10,15,22,5,13,13206,PARADIS (RUE),43.28800575,5.37909434,Nuit avec éclairage allumé,En agglomération,Intersection en X,Pluie légère,Deux véhicules - arrière,4,1,2,0,2,1,2,0,1,50,2,2,1,0,0,1,37.0,67.0,voiture,voiture,5,2,2,2,2
202400014912,2024-10-15 11:20:00,2024,10,15,11,20,13,13212,CHARLES KADDOUZ (RUE),43.31783113,5.43887647,Plein jour,En agglomération,Intersection en T,Normale,Deux véhicules - côté,4,-1,2,0,2,1,1,0,1,50,2,2,1,0,0,1,52.0,36.0,voiture,deux_roues,1,2,3,1,3
202400014912,2024-10-15 11:20:00,2024,10,15,11,20,13,13212,CHARLES KADDOUZ (RUE),43.31783113,5.43887647,Plein jour,En agglomération,Intersection en T,Normale,Deux véhicules - côté,4,2,2,0,1,1,1,0,1,50,2,2,1,0,0,1,52.0,36.0,voiture,deux_roues,1,2,3,1,3
202400014913,2024-10-14 09:20:00,2024,10,14,9,20,13,13215,PIERRE DRAMARD (BOULEVARD),43.37749049,5.36122243,Plein jour,En agglomération,Hors intersection,Normale,Trois véhicules et plus - collisions multiples,4,3,2,0,2,3,1,0,4,50,1,8,1,0,0,7,38.0,,transport_commun,,1,2,1,1,5
202400014914,2024-10-15 12:20:00,2024,10,15,12,20,13,13005,BARTHELEMY (RUE DU DR),43.29595,5.5675,Plein jour,En agglomération,Hors intersection,Normale,Autre collision,4,2,3,3,3,1,1,0,1,30,1,2,0,0,1,1,16.0,,deux_roues,,1,2,1,1,6
202400014915,2024-10-15 18:50:00,2024,10,15,18,50,11,11069,60 Avenue Bunau Varilla,43.21,2.34,Crépuscule ou aube,En agglomération,Hors intersection,Pluie légère,Autre collision,4,1,1,0,1,1,2,0,1,50,1,2,1,0,0,1,,,autre,,2,2,1,2,6
202400014916,2024-05-28 09:30:00,2024,5,28,9,30,59,59350,Rue Saint-Sauveur,50.6309,3.07203,Plein jour,En agglomération,Hors intersection,Normale,Autre collision,4,2,2,0,1,1,1,0,1,50,1,2,1,0,0,1,53.0,,voiture,,1,2,1,1,6
202400014917,2024-10-15 09:56:00,2024,10,15,9,56,10,10297,Rue Danton,48.32832,4.10919,Plein jour,En agglomération,Hors intersection,Normale,Deux véhicules - frontale,4,2,2,0,1,2,1,0,1,50,2,2,1,0,0,1,87.0,82.0,deux_roues,voiture,1,2,1,1,1
202400014918,2024-05-28 08:50:00,2024,5,28,8,50,57,57480,MARTYRS DE LA RESISTANCE (RUE DES ),49.09999,6.15501,Plein jour,En agglomération,Hors intersection,Normale,Autre collision,4,2,2,0,1,1,1,0,1,30,1,2,1,0,0,1,88.0,,voiture,,1,2,1,1,6
202400014919,2024-10-14 10:40:00,2024,10,14,10,40,07,07281,C.D. 533 (VERS LE PUY),44.93678502,4.78754461,Plein jour,Hors agglomération,Autre intersection,Pluie légère,Sans collision,3,2,2,0,2,3,2,0,1,90,1,1,0,0,0,1,24.0,,voiture,,1,1,9,2,7
202400014920,2024-10-14 16:39:00,2024,10,14,16,39,06,06088,38 Boulevard Général Louis Delfino,43.70484,7.2865,Plein jour,En agglomération,Hors intersection,Normale,Autre collision,4,1,2,0,1,1,1,0,1,50,1,1,0,0,0,1,46.0,,utilitaire_camion,,1,2,1,1,6
202400014921,2024-05-29 08:18:00,2024,5,29,8,18,56,56260,Route de Rennes,47.67124,-2.72235,Plein jour,En agglomération,Hors intersection,Pluie légère,Trois véhicules et plus - collisions multiples,3,1,2,0,1,1,2,0,1,50,3,3,2,0,0,1,20.0,55.0,utilitaire_camion,voiture,1,2,1,2,5
202400014922,2024-10-14 15:40:00,2024,10,14,15,40,75,75117,BD PERIPHERIQUE EXTERIEUR ,48.893337,2.303411,Plein jour,En agglomération,Hors intersection,Normale,Deux véhicules - côté,4,1,2,0,1,1,1,0,6,50,2,2,0,0,0,2,37.0,36.0,voiture,deux_roues,1,2,1,1,3
202400014923,2024-10-14 22:39:00,2024,10,14,22,39,75,75105,BOULEVARD SAINT GERMAIN,48.84932876,2.35601762,Nuit avec éclairage allumé,En agglomération,Intersection en X,Normale,Deux véhicules - côté,4,2,2,1,1,1,1,0,1,30,2,2,1,0,0,1,60.0,,deux_roues,deux_roues,5,2,2,1,3
202400014923,2024-10-14 22:39:00,2024,10,14,22,39,75,75105,BOULEVARD SAINT GERMAIN,48.84932876,2.35601762,Nuit avec éclairage allumé,En agglomération,Intersection en X,Normale,Deux véhicules - côté,4,2,4,1,1,1,1,0,1,30,2,2,1,0,0,1,60.0,,deux_roues,deux_roues,5,2,2,1,3
202400014924,2024-10-15 16:30:00,2024,10,15,16,30,75,75117,AVENUE DES TERNES,48.878714,2.294225,Plein jour,En agglomération,Intersection en X,Normale,Deux véhicules - côté,4,2,4,0,1,1,1,0,1,30,2,2,1,0,0,1,59.0,78.0,voiture,deux_roues,1,2,2,1,3
202400014924,2024-10-15 16:30:00,2024,10,15,16,30,75,75117,AVENUE DES TERNES,48.878714,2.294225,Plein jour,En agglomération,Intersection en X,Normale,Deux véhicules - côté,4,2,2,0,1,1,1,0,1,30,2,2,1,0,0,1,59.0,78.0,voiture,deux_roues,1,2,2,1,3
202400014925,2024-10-14 21:20:00,2024,10,14,21,20,75,75115,BOULEVARD PASTEUR,48.842845,2.31239,Nuit avec éclairage allumé,En agglomération,Intersection en X,Normale,Deux véhicules - côté,4,3,1,1,2,1,1,0,1,30,2,2,1,0,0,1,63.0,50.0,voiture,deux_roues,5,2,2,1,3
202400014925,2024-10-14 21:20:00,2024,10,14,21,20,75,75115,BOULEVARD PASTEUR,48.842845,2.31239,Nuit avec éclairage allumé,En agglomération,Intersection en X,Normale,Deux véhicules - côté,4,1, -1,-1,1,1,1,0,1,30,2,2,1,0,0,1,63.0,50.0,voiture,deux_roues,5,2,2,1,3
202400014926,2024-10-09 22:20:00,2024,10,9,22,20,75,75114,PLACE DU VINGT CINQ AOUT 1944,48.823231,2.325529,Nuit avec éclairage allumé,En agglomération,Intersection en X,Pluie forte,Autre collision,4,2,8,0,1,1,2,0,1,50,1,2,1,0,0,1,61.0,,voiture,,5,2,2,3,6
202400014926,2024-10-09 22:20:00,2024,10,9,22,20,75,75114,PLACE DU VINGT CINQ AOUT 1944,48.823231,2.325529,Nuit avec éclairage allumé,En agglomération,Intersection en X,Pluie forte,Autre collision,4,2,8,3,1,1,2,0,1,50,1,2,1,0,0,1,61.0,,voiture,,5,2,2,3,6
202400014927,2024-10-15 19:45:00,2024,10,15,19,45,75,75105,BOULEVARD SAINT MARCEL,48.850298,2.342568,Nuit avec éclairage allumé,En agglomération,Intersection en X,Pluie légère,Autre collision,4,2,4,0,1,1,2,6,1,30,1,2,1,0,0,1,23.0,,voiture,,5,2,2,2,6
202400014927,2024-10-15 19:45:00,2024,10,15,19,45,75,75105,BOULEVARD SAINT MARCEL,48.850298,2.342568,Nuit avec éclairage allumé,En agglomération,Intersection en X,Pluie légère,Autre collision,4,2, -1,0,1,1,2,6,1,30,1,2,1,0,0,1,23.0,,voiture,,5,2,2,2,6
202400014928,2024-10-14 12:45:00,2024,10,14,12,45,75,75111,RUE DE LA ROQUETTE,48.86651213,2.37657863,Plein jour,En agglomération,Intersection en T,Normale,Deux véhicules - arrière,4,1, -1,-1,1,1,1,0,1,30,2,2,1,0,0,1,44.0,53.0,voiture,deux_roues,1,2,3,1,2
202400014928,2024-10-14 12:45:00,2024,10,14,12,45,75,75111,RUE DE LA ROQUETTE,48.86651213,2.37657863,Plein jour,En agglomération,Intersection en T,Normale,Deux véhicules - arrière,4,1,1,0,1,1,1,0,1,30,2,2,1,0,0,1,44.0,53.0,voiture,deux_roues,1,2,3,1,2
202400014929,2024-10-15 17:01:00,2024,10,15,17,1,75,75110,BOULEVARD DE MAGENTA,48.874941,2.357322,Plein jour,En agglomération,Intersection en X,Normale,Deux véhicules - côté,4,2,6,1,2,1,1,0,1,30,2,3,2,0,0,1,42.0,45.0,deux_roues,utilitaire_camion,1,2,2,1,3
202400014929,2024-10-15 17:01:00,2024,10,15,17,1,75,75110,BOULEVARD DE MAGENTA,48.874941,2.357322,Plein jour,En agglomération,Intersection en X,Normale,Deux véhicules - côté,4,1,4,1,2,1,1,0,1,30,2,3,2,0,0,1,42.0,45.0,deux_roues,utilitaire_camion,1,2,2,1,3
202400014930,2024-10-15 10:05:00,2024,10,15,10,5,75,75109,RUE DES MARTYRS,48.879415,2.339977,Plein jour,En agglomération,Intersection en T,Normale,Autre collision,4,1, -1,2,1,1,1,0,1,30,1,2,1,0,0,1,43.0,,deux_roues,,1,2,3,1,6
202400014930,2024-10-15 10:05:00,2024,10,15,10,5,75,75109,RUE DES MARTYRS,48.879415,2.339977,Plein jour,En agglomération,Intersection en T,Normale,Autre collision,4,2,3,2,2,1,1,0,1,30,1,2,1,0,0,1,43.0,,deux_roues,,1,2,3,1,6
202400014931,2024-10-14 14:07:00,2024,10,14,14,7,75,75107,AVENUE DU MARECHAL GALLIENI,48.862826,2.313435,Plein jour,En agglomération,Intersection en T,Temps couvert,Deux véhicules - côté,4,2, -1,1,1,1,1,0,1,30,2,2,1,0,0,1,53.0,31.0,voiture,deux_roues,1,2,3,8,3
202400014931,2024-10-14 14:07:00,2024,10,14,14,7,75,75107,AVENUE DU MARECHAL GALLIENI,48.862826,2.313435,Plein jour,En agglomération,Intersection en T,Temps couvert,Deux véhicules - côté,4,2,4,1,1,1,1,2,1,30,2,2,1,0,0,1,53.0,31.0,voiture,deux_roues,1,2,3,8,3
202400014932,2024-10-14 12:05:00,2024,10,14,12,5,94,94068,Rue Danton,48.79263,2.49742,Plein jour,En agglomération,Intersection à plus de 4 branches,Normale,Deux véhicules - côté,3,2,2,0,1,1,1,0,1,30,2,2,1,0,0,1,40.0,20.0,utilitaire_camion,deux_roues,1,2,5,1,3
202400014933,2024-10-15 07:55:00,2024,10,15,7,55,94,94033,Avenue de Lattre de Tassigny,48.85509,2.49289,Plein jour,En agglomération,Hors intersection,Normale,Deux véhicules - arrière,3,1,0,0,1,1,1,0,1,50,2,2,1,0,0,1,25.0,39.0,deux_roues,voiture,1,2,1,1,2
202400014934,2024-10-15 15:35:00,2024,10,15,15,35,94,94046,13 Avenue du Général de Gaulle,48.811698,2.422659,Plein jour,En agglomération,Hors intersection,Normale,Deux véhicules - frontale,3,2,2,0,1,1,1,5,1,50,2,2,1,0,0,1,51.0,19.0,utilitaire_camion,deux_roues,1,2,1,1,1
202400014935,2024-10-15 07:30:00,2024,10,15,7,30,94,94043,Boulevard du Général de Gaulle,48.81589,2.35923,Crépuscule ou aube,En agglomération,Hors intersection,Normale,Deux véhicules - côté,3,-1,2,0,1,1,1,0,1,50,2,2,1,0,0,1,29.0,59.0,utilitaire_camion,deux_roues,2,2,1,1,3
202400014936,2024-10-15 19:13:00,2024,10,15,19,13,94,94041,Quai Jean Compagnon,48.81944649,2.39793777,Nuit avec éclairage allumé,En agglomération,Intersection en X,Pluie légère,Deux véhicules - frontale,3,1,1,0,1,1,2,2,1,30,2,2,1,0,0,1,30.0,33.0,deux_roues,voiture,5,2,2,2,1
202400014936,2024-10-15 19:13:00,2024,10,15,19,13,94,94041,Quai Jean Compagnon,48.81944649,2.39793777,Nuit avec éclairage allumé,En agglomération,Intersection en X,Pluie légère,Deux véhicules - frontale,3,4,2,0,1,1,2,9,1,30,2,2,1,0,0,1,30.0,33.0,deux_roues,voiture,5,2,2,2,1
202400014937,2024-10-15 09:15:00,2024,10,15,9,15,94,94041,Quai Marcel Boyer,48.80785,2.38683,Plein jour,En agglomération,Autre intersection,Normale,Deux véhicules - côté,3,2,1,0,1,1,1,0,8,50,2,4,2,0,0,2,39.0,36.0,transport_commun,transport_commun,1,2,9,1,3
202400014937,2024-10-15 09:15:00,2024,10,15,9,15,94,94041,Quai Marcel Boyer,48.80785,2.38683,Plein jour,En agglomération,Autre intersection,Normale,Deux véhicules - côté,3,2,1,3,1,1,1,0,6,50,2,4,2,0,0,2,39.0,36.0,transport_commun,transport_commun,1,2,9,1,3
202400014938,2024-10-14 16:40:00,2024,10,14,16,40,94,94017,Avenue Marx Dormoy,48.80629347,2.53003845,Plein jour,En agglomération,Intersection en T,Normale,Deux véhicules - côté,3,3,4,0,2,1,1,0,1,50,2,2,1,0,0,1,12.0,60.0,deux_roues,utilitaire_camion,1,2,3,1,3
202400014938,2024-10-14 16:40:00,2024,10,14,16,40,94,94017,Avenue Marx Dormoy,48.80629347,2.53003845,Plein jour,En agglomération,Intersection en T,Normale,Deux véhicules - côté,3,2,2,0,2,1,1,0,1,50,2,2,1,0,0,1,12.0,60.0,deux_roues,utilitaire_camion,1,2,3,1,3
202400014939,2024-10-15 07:40:00,2024,10,15,7,40,93,93066,GUYNEMER,48.94554027,2.36374793,Crépuscule ou aube,En agglomération,Intersection en T,Normale,Deux véhicules - côté,3,2, -1,-1,1,1,1,0,1,-1,2,2,1,0,0,1,52.0,51.0,deux_roues,transport_commun,2,2,3,1,3
202400014939,2024-10-15 07:40:00,2024,10,15,7,40,93,93066,GUYNEMER,48.94554027,2.36374793,Crépuscule ou aube,En agglomération,Intersection en T,Normale,Deux véhicules - côté,3,-1,2,0,1,1,1,9,1,30,2,2,1,0,0,1,52.0,51.0,deux_roues,transport_commun,2,2,3,1,3
202400014940,2024-10-15 13:53:00,2024,10,15,13,53,93,93074,MEAUX RUE DE,48.93526,2.57079,Plein jour,En agglomération,Hors intersection,Normale,Deux véhicules - côté,3,2,2,0,1,1,1,0,1,50,2,2,1,0,0,1,21.0,48.0,voiture,deux_roues,1,2,1,1,3
202400014941,2024-10-15 12:25:00,2024,10,15,12,25,93,93047,GROUES  (CHEMIN DES),48.89736694,2.57476343,Plein jour,En agglomération,Autre intersection,Temps couvert,Autre collision,4,2,2,0,2,1,1,0,8,50,1,2,0,0,0,2,79.0,,voiture,,1,2,9,8,6
202400014942,2024-10-15 18:45:00,2024,10,15,18,45,93,93005,CLEMENT ADER (RUE),48.9433,2.48219,Plein jour,En agglomération,Giratoire,Normale,Deux véhicules - côté,4,1,1,0,1,2,1,0,1,50,2,3,2,0,0,1,37.0,65.0,voiture,voiture,1,2,6,1,3
202400014943,2024-10-15 08:50:00,2024,10,15,8,50,92,92020,DIVISION LECLERC AVENUE DE LA,48.79685403,2.28052084,Plein jour,En agglomération,Hors intersection,Normale,Autre collision,4,2,2,0,2,1,1,0,1,50,1,2,1,0,0,1,71.0,,deux_roues,,1,2,1,1,6
202400014944,2024-10-15 17:55:00,2024,10,15,17,55,92,92040,GUYNEMER,48.83068,2.27818,Plein jour,En agglomération,Hors intersection,Normale,Deux véhicules - côté,4,1,1,2,1,1,1,0,1,30,2,2,1,0,0,1,27.0,53.0,voiture,deux_roues,1,2,1,1,3
202400014945,2024-10-15 22:30:00,2024,10,15,22,30,92,92024,VICTOR HUGO (BD),48.89887867,2.31278211,Nuit avec éclairage allumé,En agglomération,Intersection en T,Normale,Deux véhicules - côté,3,1,1,0,1,1,1,0,1,50,2,2,1,0,0,1,23.0,20.0,deux_roues,voiture,5,2,3,1,3
202400014945,2024-10-15 22:30:00,2024,10,15,22,30,92,92024,VICTOR HUGO (BD),48.89887867,2.31278211,Nuit avec éclairage allumé,En agglomération,Intersection en T,Normale,Deux véhicules - côté,3,2,2,0,1,1,1,0,1,50,2,2,1,0,0,1,23.0,20.0,deux_roues,voiture,5,2,3,1,3
202400014946,2024-10-16 08:30:00,2024,10,16,8,30,974,97415,D2,-20.970757,55.308995,Plein jour,Hors agglomération,Hors intersection,Normale,Trois véhicules et plus - collisions multiples,3,2,2,0,2,2,1,0,1,50,3,3,2,1,0,0,32.0,51.0,deux_roues,utilitaire_camion,1,1,1,1,5
202400014947,2024-10-15 19:40:00,2024,10,15,19,40,35,35120,la Cornillère,48.213686,-1.771143,Nuit sans éclairage public,Hors agglomération,Hors intersection,Normale,Autre collision,7,2,2,0,1,2,1,0,3,80,1,1,0,0,1,0,24.0,,voiture,,3,1,1,1,6
202400014948,2024-10-15 16:40:00,2024,10,15,16,40,01,01045,D2,45.963173,5.040447,Plein jour,Hors agglomération,Intersection en X,Normale,Deux véhicules - côté,3,2,2,0,1,1,1,0,1,80,2,3,0,0,0,3,71.0,20.0,voiture,voiture,1,1,2,1,3
202400014948,2024-10-15 16:40:00,2024,10,15,16,40,01,01045,D2,45.963173,5.040447,Plein jour,Hors agglomération,Intersection en X,Normale,Deux véhicules - côté,3,2,1,0,1,1,1,0,1,80,2,3,0,0,0,3,71.0,20.0,voiture,voiture,1,1,2,1,3
202400014949,2024-10-16 10:25:00,2024,10,16,10,25,62,62057,Rue Virginie Plachier,50.873344,2.067876,Plein jour,En agglomération,Autre intersection,Normale,Deux véhicules - côté,4,1,1,0,1,1,1,0,1,50,2,2,1,0,0,1,63.0,30.0,voiture,utilitaire_camion,1,2,9,1,3
202400014950,2024-10-14 11:35:00,2024,10,14,11,35,27,27306,route de saint-andré,48.999064,1.178525,Plein jour,Hors agglomération,Hors intersection,Temps couvert,Deux véhicules - frontale,4,2,2,0,1,3,1,0,1,70,2,4,1,0,2,1,53.0,66.0,utilitaire_camion,utilitaire_camion,1,1,1,8,1
202400014951,2024-10-15 12:12:00,2024,10,15,12,12,01,01033,RD 1084 - PR 88+960,46.162344,5.777081,Plein jour,Hors agglomération,Hors intersection,Normale,Deux véhicules - frontale,3,2,2,0,2,2,2,0,1,70,2,2,1,1,0,0,48.0,33.0,utilitaire_camion,voiture,1,1,1,1,1
202400014952,2024-10-16 07:00:00,2024,10,16,7,0,42,42032,Route du Val Fleury,45.527193,4.530637,Crépuscule ou aube,Hors agglomération,Hors intersection,Normale,Sans collision,7,2,2,0,1,2,1,0,3,80,1,1,0,0,0,1,30.0,,deux_roues,,2,1,1,1,7
202400014953,2024-10-16 02:10:00,2024,10,16,2,10,83,83057,Route de Nice,43.379959,6.241071,Nuit sans éclairage public,Hors agglomération,Autre intersection,Pluie forte,Autre collision,3,2,3,0,2,1,2,0,1,90,2,3,2,0,1,0,45.0,47.0,utilitaire_camion,voiture,3,1,9,3,6
202400014954,2024-10-15 07:45:00,2024,10,15,7,45,56,56083,Haut-Locoyarne,47.788248,-3.278915,Crépuscule ou aube,Hors agglomération,Hors intersection,Normale,Deux véhicules - arrière,2,3,4,0,1,1,1,0,1,110,2,2,1,0,0,1,44.0,30.0,voiture,deux_roues,2,1,1,1,2
202400014955,2024-10-15 17:20:00,2024,10,15,17,20,56,56240,Monciot,47.547154,-2.69636,Plein jour,Hors agglomération,Hors intersection,Normale,Deux véhicules - frontale,3,2,2,0,1,3,1,0,1,80,2,2,1,0,1,0,68.0,40.0,voiture,deux_roues,1,1,1,1,1
202400014956,2024-10-15 23:51:00,2024,10,15,23,51,56,56147,Moulin de Bourigan,47.531828,-2.293401,Nuit sans éclairage public,Hors agglomération,Hors intersection,Pluie légère,Sans collision,2,3,4,0,1,3,2,0,1,110,1,1,0,0,1,0,20.0,,voiture,,3,1,1,2,7
202400014957,2024-10-14 22:30:00,2024,10,14,22,30,69,69065,Route Départementale 306,46.17013449,4.74653454,Nuit avec éclairage non allumé,Hors agglomération,Hors intersection,Normale,Deux véhicules - arrière,3,2,3,2,1,1,1,0,1,80,2,6,4,0,0,2,54.0,26.0,voiture,voiture,4,1,1,1,2