accident_id,datetime,annee,mois,jour,heure,minute,departement,commune_insee,adresse,latitude,longitude,luminosite,agglomeration,intersection,meteo,collision,catr,circ,nbv,vosp,prof,plan,surf,infra,situ,vma,nb_vehicules,nb_usagers,nb_indemnes,nb_tues,nb_blesses_hosp,nb_blesses_legers,age_cond_1,age_cond_2,veh_type_cond_1,veh_type_cond_2,lum_code,agg_code,int_code,atm_code,col_code
202400014958,2024-10-16 11:00:00,2024,10,16,11,0,63,63397,D82,45.62572233,2.68888048,Plein jour,Hors agglomération,Hors intersection,Normale,Autre collision,3,2,2,0,4,1,1,2,3,90,1,2,1,0,1,0,62.0,,utilitaire_camion,,1,1,1,1,6
202400014959,2024-10-13 15:55:00,2024,10,13,15,55,61,61098,D438,48.580553,0.169022,Plein jour,Hors agglomération,Hors intersection,Normale,Autre collision,3,2,2,0,2,1,1,0,3,90,1,1,0,0,0,1,87.0,,voiture,,1,1,1,1,6
202400014960,2024-10-11 18:00:00,2024,10,11,18,0,42,42052,Rue du Camping,46.158239,4.179681,Plein jour,En agglomération,Hors intersection,Normale,Sans collision,4,2,2,0,1,1,1,0,3,50,1,1,0,1,0,0,46.0,,deux_roues,,1,2,1,1,7
202400014961,2024-10-16 16:45:00,2024,10,16,16,45,25,25212,Rue de Châtillon,47.283298,5.992806,Plein jour,En agglomération,Intersection en T,Normale,Autre collision,4,2,2,0,2,1,1,0,1,50,2,4,1,0,0,3,29.0,55.0,voiture,voiture,1,2,3,1,6
202400014961,2024-10-16 16:45:00,2024,10,16,16,45,25,25212,Rue de Châtillon,47.283298,5.992806,Plein jour,En agglomération,Intersection en T,Normale,Autre collision,4,-1, -1,2,1,1,1,0,1,-1,2,4,1,0,0,3,29.0,55.0,voiture,voiture,1,2,3,1,6
202400014962,2024-10-13 14:45:00,2024,10,13,14,45,29,29007,D42,48.41195028,-3.70381528,Plein jour,Hors agglomération,Hors intersection,Pluie légère,Autre collision,3,1,2,0,2,2,2,0,8,50,1,1,0,1,0,0,62.0,,voiture,,1,1,1,2,6
202400014963,2024-10-14 14:30:00,2024,10,14,14,30,01,01348,Rue du Bas Mizeriat,46.189522,4.823787,Plein jour,Hors agglomération,Intersection en T,Normale,Deux véhicules - côté,3,2,3,3,1,1,1,0,1,80,2,2,1,0,0,1,79.0,15.0,voiture,deux_roues,1,1,3,1,3
202400014963,2024-10-14 14:30:00,2024,10,14,14,30,01,01348,Rue du Bas Mizeriat,46.189522,4.823787,Plein jour,Hors agglomération,Intersection en T,Normale,Deux véhicules - côté,3,2,2,0,1,1,1,0,1,50,2,2,1,0,0,1,79.0,15.0,voiture,deux_roues,1,1,3,1,3
202400014964,2024-10-16 08:20:00,2024,10,16,8,20,01,01096,CD 936,46.177877,5.073079,Plein jour,Hors agglomération,Intersection en X,Normale,Deux véhicules - côté,3,2,2,0,1,1,2,0,1,80,2,2,0,0,1,1,19.0,59.0,voiture,voiture,1,1,2,1,3
202400014964,2024-10-16 08:20:00,2024,10,16,8,20,01,01096,CD 936,46.177877,5.073079,Plein jour,Hors agglomération,Intersection en X,Normale,Deux véhicules - côté,3,2,2,0,1,1,2,9,1,80,2,2,0,0,1,1,19.0,59.0,voiture,voiture,1,1,2,1,3
202400014965,2024-10-16 03:20:00,2024,10,16,3,20,14,14431,Route de Mézidon,49.076391,-0.039686,Nuit sans éclairage public,Hors agglomération,Hors intersection,Normale,Autre collision,3,2,2,0,1,1,1,0,3,80,1,1,0,0,0,1,22.0,,utilitaire_camion,,3,1,1,1,6
202400014966,2024-10-15 14:15:00,2024,10,15,14,15,14,14277,Route des Cinq Fermes,49.08302001,-0.34327447,Plein jour,Hors agglomération,Giratoire,Normale,Deux véhicules - côté,3,2,1,0,1,2,1,5,1,80,2,2,1,0,1,0,63.0,31.0,deux_roues,voiture,1,1,6,1,3
202400014966,2024-10-15 14:15:00,2024,10,15,14,15,14,14277,Route des Cinq Fermes,49.08302001,-0.34327447,Plein jour,Hors agglomération,Giratoire,Normale,Deux véhicules - côté,3,2,2,0,1,1,1,5,1,80,2,2,1,0,1,0,63.0,31.0,deux_roues,voiture,1,1,6,1,3
202400014967,2024-10-16 09:00:00,2024,10,16,9,0,60,60044,Route de Mouy,49.304507,2.329971,Plein jour,En agglomération,Intersection en Y,Normale,Autre collision,3,2,2,0,1,1,1,0,1,50,1,2,1,0,0,1,31.0,,voiture,,1,2,4,1,6
202400014967,2024-10-16 09:00:00,2024,10,16,9,0,60,60044,Route de Mouy,49.304507,2.329971,Plein jour,En agglomération,Intersection en Y,Normale,Autre collision,3,2, -1,-1,1,1,1,0,1,-1,1,2,1,0,0,1,31.0,,voiture,,1,2,4,1,6
202400014968,2024-10-16 12:50:00,2024,10,16,12,50,28,28264,D941,48.418806,1.051641,Plein jour,Hors agglomération,Hors intersection,Normale,Autre collision,3,2,2,0,2,1,2,0,3,80,1,1,0,0,1,0,60.0,,utilitaire_camion,,1,1,1,1,6
202400014969,2024-10-14 07:35:00,2024,10,14,7,35,37,37132,48 rue Saint Jacques,47.13366837,0.99899197,Crépuscule ou aube,En agglomération,Hors intersection,Temps couvert,Deux véhicules - frontale,3,2,2,0,1,1,1,0,1,30,2,2,1,0,0,1,14.0,66.0,deux_roues,voiture,2,2,1,8,1
202400014970,2024-10-16 10:00:00,2024,10,16,10,0,30,30284,N106,44.145847,4.068375,Plein jour,Hors agglomération,Giratoire,Pluie forte,Deux véhicules - arrière,2,2,1,0,1,1,2,0,1,80,2,2,1,0,1,0,65.0,49.0,voiture,voiture,1,1,6,3,2
202400014971,2024-10-13 06:05:00,2024,10,13,6,5,973,97307,Route de l'Est (Pont),4.879659,-52.33685,Crépuscule ou aube,En agglomération,Hors intersection,Normale,Deux véhicules - frontale,2,2,2,0,1,1,1,0,1,50,2,3,1,0,1,1,29.0,45.0,deux_roues,voiture,2,2,1,1,1
202400014972,2024-10-16 08:45:00,2024,10,16,8,45,72,72223,A11,47.883154,-0.114927,Plein jour,Hors agglomération,Hors intersection,Normale,Deux véhicules - arrière,1,1,2,0,1,1,1,0,1,130,2,3,1,0,1,1,50.0,27.0,utilitaire_camion,utilitaire_camion,1,1,1,1,2
202400014973,2024-10-16 09:00:00,2024,10,16,9,0,17,17382,route nationale 11 pk000.030,46.198726,-0.704327,Plein jour,Hors agglomération,Hors intersection,Normale,Deux véhicules - arrière,2,3,4,0,1,1,1,0,1,110,2,2,1,0,1,0,23.0,43.0,utilitaire_camion,utilitaire_camion,1,1,1,1,2
202400014974,2024-10-16 11:40:00,2024,10,16,11,40,974,97403,3 Rue Hubert Delisle,-21.249666,55.470915,Plein jour,En agglomération,Hors intersection,Normale,Autre collision,4,2,2,0,1,1,1,0,1,30,1,2,1,0,0,1,44.0,,voiture,,1,2,1,1,6
202400014975,2024-10-11 11:45:00,2024,10,11,11,45,33,33527,,44.62603,-1.03368,Plein jour,En agglomération,Giratoire,Normale,Deux véhicules - côté,3,2,2,1,1,1,1,5,1,30,2,2,1,0,0,1,72.0,40.0,voiture,deux_roues,1,2,6,1,3
202400014976,2024-10-07 18:45:00,2024,10,7,18,45,95,95199,D370,49.03389802,2.34219342,Crépuscule ou aube,En agglomération,Giratoire,Pluie légère,Autre collision,3,2,2,0,1,3,2,0,1,50,1,2,1,0,1,0,64.0,,voiture,,2,2,6,2,6
202400014977,2024-10-15 08:00:00,2024,10,15,8,0,91,91587,Rue de Lunezy,48.674146,2.277535,Plein jour,En agglomération,Intersection en T,Normale,Deux véhicules - côté,4,2,2,0,2,3,1,0,1,30,2,2,1,0,0,1,44.0,16.0,voiture,voiture,1,2,3,1,3
202400014977,2024-10-15 08:00:00,2024,10,15,8,0,91,91587,Rue de Lunezy,48.674146,2.277535,Plein jour,En agglomération,Intersection en T,Normale,Deux véhicules - côté,4,2, -1,-1,1,1,1,0,1,-1,2,2,1,0,0,1,44.0,16.0,voiture,voiture,1,2,3,1,3
202400014978,2024-10-15 16:00:00,2024,10,15,16,0,2B,2B303,Lieu dit Dispensa,42.294064,9.546819,Plein jour,Hors agglomération,Hors intersection,Normale,Deux véhicules - côté,2,2,2,0,3,1,1,0,1,80,2,3,2,0,1,0,82.0,43.0,voiture,utilitaire_camion,1,1,1,1,3
202400014979,2024-10-15 16:45:00,2024,10,15,16,45,2B,2B042,Route des Marines de Borgo,42.587707,9.504805,Plein jour,En agglomération,Hors intersection,Normale,Autre collision,3,2,2,0,1,1,1,0,3,70,1,1,0,1,0,0,61.0,,voiture,,1,2,1,1,6
202400014980,2024-10-15 15:45:00,2024,10,15,15,45,34,34294,34,43.706446,4.118993,Plein jour,Hors agglomération,Hors intersection,Normale,Autre collision,3,2,2,0,1,1,1,0,3,90,1,1,0,0,1,0,84.0,,voiture,,1,1,1,1,6
202400014981,2024-10-15 17:30:00,2024,10,15,17,30,84,84132,810 Route de Fontaine de Vaucluse,43.900679,5.004755,Plein jour,Hors agglomération,Intersection en X,Normale,Deux véhicules - côté,3,2,2,0,1,1,1,0,1,80,2,2,1,0,0,1,72.0,56.0,voiture,deux_roues,1,1,2,1,3
202400014981,2024-10-15 17:30:00,2024,10,15,17,30,84,84132,810 Route de Fontaine de Vaucluse,43.900679,5.004755,Plein jour,Hors agglomération,Intersection en X,Normale,Deux véhicules - côté,3,2,2,-1,1,1,1,0,1,-1,2,2,1,0,0,1,72.0,56.0,voiture,deux_roues,1,1,2,1,3
202400014982,2024-10-15 20:00:00,2024,10,15,20,0,05,05177,Allée Aicardi,44.569844,6.684327,Nuit avec éclairage allumé,En agglomération,Hors intersection,Normale,Sans collision,4,2,2,0,2,2,1,0,8,50,1,1,0,1,0,0,53.0,,deux_roues,,5,2,1,1,7
202400014983,2024-10-16 08:50:00,2024,10,16,8,50,68,68185,45 Grand'Rue,48.271262,7.285634,Plein jour,En agglomération,Intersection en T,Brouillard / fumée,Sans collision,4,2,2,0,1,1,1,0,4,50,1,2,1,0,1,0,82.0,,voiture,,1,2,3,5,7
202400014983,2024-10-16 08:50:00,2024,10,16,8,50,68,68185,45 Grand'Rue,48.271262,7.285634,Plein jour,En agglomération,Intersection en T,Brouillard / fumée,Sans collision,4,2, -1,-1,1,1,1,0,1,-1,1,2,1,0,1,0,82.0,,voiture,,1,2,3,5,7
202400014984,2024-10-16 08:35:00,2024,10,16,8,35,73,73069,D925 / D25,45.54201119,6.20645821,Plein jour,Hors agglomération,Intersection en T,Normale,Deux véhicules - côté,3,2,2,0,1,1,1,2,1,80,2,2,1,1,0,0,71.0,28.0,voiture,utilitaire_camion,1,1,3,1,3
202400014984,2024-10-16 08:35:00,2024,10,16,8,35,73,73069,D925 / D25,45.54201119,6.20645821,Plein jour,Hors agglomération,Intersection en T,Normale,Deux véhicules - côté,3,2,2,2,1,1,1,0,1,80,2,2,1,1,0,0,71.0,28.0,voiture,utilitaire_camion,1,1,3,1,3
202400014985,2024-10-16 13:57:00,2024,10,16,13,57,42,42328,Route de la Bruyère,45.566117,3.968598,Plein jour,Hors agglomération,Hors intersection,Pluie légère,Sans collision,3,2,2,0,2,3,2,0,1,80,1,1,0,0,0,1,56.0,,voiture,,1,1,1,2,7
202400014986,2024-10-15 15:05:00,2024,10,15,15,5,42,42256,Route de Sury,45.510103,4.178061,Plein jour,Hors agglomération,Hors intersection,Normale,Deux véhicules - arrière,3,2,2,0,1,1,1,0,1,80,2,2,1,0,1,0,51.0,36.0,deux_roues,transport_commun,1,1,1,1,2
202400014987,2024-10-16 10:07:00,2024,10,16,10,7,46,46102,8 Quai Albert Bessieres,44.607116,2.033262,Plein jour,En agglomération,Autre intersection,Normale,Autre collision,3,-1,2,0,1,1,1,0,4,30,1,3,2,0,1,0,26.0,,utilitaire_camion,,1,2,9,1,6
202400014987,2024-10-16 10:07:00,2024,10,16,10,7,46,46102,8 Quai Albert Bessieres,44.607116,2.033262,Plein jour,En agglomération,Autre intersection,Normale,Autre collision,3,-1, -1,-1,1,1,1,0,4,-1,1,3,2,0,1,0,26.0,,utilitaire_camion,,1,2,9,1,6
202400014988,2024-10-16 17:15:00,2024,10,16,17,15,31,31420,D820 - PK,43.500005,1.387367,Plein jour,Hors agglomération,Hors intersection,Normale,Trois véhicules et plus - en chaîne,3,3,2,0,1,1,1,0,1,110,4,5,4,0,0,1,53.0,53.0,utilitaire_camion,voiture,1,1,1,1,4
202400014989,2024-10-15 16:30:00,2024,10,15,16,30,85,85011,RD38,46.937656,-2.16774,Plein jour,Hors agglomération,Hors intersection,Normale,Autre collision,3,3,4,0,1,1,1,9,5,90,1,2,1,1,0,0,30.0,,utilitaire_camion,,1,1,1,1,6
202400014990,2024-10-15 20:26:00,2024,10,15,20,26,76,76057,Rue Ambroise Paré,49.527827,0.950103,Nuit avec éclairage allumé,En agglomération,Intersection en T,Normale,Autre collision,4,2,2,0,1,1,2,5,1,50,1,2,1,0,1,0,18.0,,voiture,,5,2,3,1,6
202400014990,2024-10-15 20:26:00,2024,10,15,20,26,76,76057,Rue Ambroise Paré,49.527827,0.950103,Nuit avec éclairage allumé,En agglomération,Intersection en T,Normale,Autre collision,4,2, -1,-1,1,1,2,0,1,-1,1,2,1,0,1,0,18.0,,voiture,,5,2,3,1,6
202400014991,2024-10-15 16:10:00,2024,10,15,16,10,59,59449,restaurant scolaire rue fleuris durez,50.471081,3.244572,Plein jour,En agglomération,Hors intersection,Normale,Autre collision,4,2,2,0,1,1,1,0,1,30,1,2,1,0,0,1,32.0,,voiture,,1,2,1,1,6
202400014992,2024-10-15 15:52:00,2024,10,15,15,52,59,59595,D630,50.22218219,3.31019573,Plein jour,Hors agglomération,Hors intersection,Normale,Deux véhicules - frontale,3,2,2,2,1,1,1,0,1,80,2,2,1,1,0,0,23.0,42.0,utilitaire_camion,voiture,1,1,1,1,1
202400014993,2024-10-15 02:05:00,2024,10,15,2,5,13,13216,A55-Sens Marseille vers Martigues,43.36485284,5.33920548,Nuit sans éclairage public,Hors agglomération,Hors intersection,Temps couvert,Autre collision,1,3,2,0,3,1,2,9,6,50,2,8,7,0,0,1,22.0,36.0,utilitaire_camion,voiture,3,1,1,8,6
202400014994,2024-10-14 06:30:00,2024,10,14,6,30,83,83047,A570,43.12626484,6.08235697,Nuit sans éclairage public,Hors agglomération,Hors intersection,Pluie légère,Trois véhicules et plus - en chaîne,1,1,2,0,1,1,2,0,1,110,3,3,1,0,0,2,39.0,29.0,deux_roues,voiture,3,1,1,2,4
202400014995,2024-10-14 15:25:00,2024,10,14,15,25,57,57764,Autoroute A.31,49.464231,6.12135,Plein jour,Hors agglomération,Hors intersection,Temps couvert,Trois véhicules et plus - en chaîne,1,1,2,0,2,1,2,0,1,110,3,3,1,0,1,1,35.0,52.0,utilitaire_camion,utilitaire_camion,1,1,1,8,4
202400014996,2024-10-10 18:05:00,2024,10,10,18,5,67,67365,M35,48.541484,7.722012,Plein jour,Hors agglomération,Hors intersection,Pluie légère,Trois véhicules et plus - en chaîne,7,3,3,0,1,1,2,0,1,70,3,3,2,0,0,1,20.0,55.0,voiture,voiture,1,1,1,2,4
202400014997,2024-10-14 08:25:00,2024,10,14,8,25,78,78297,RN12,48.7922,2.05441,Plein jour,Hors agglomération,Hors intersection,Normale,Deux véhicules - côté,2,-1,2,0,1,1,1,0,1,110,2,4,3,0,0,1,63.0,35.0,voiture,deux_roues,1,1,1,1,3
202400014998,2024-10-14 12:30:00,2024,10,14,12,30,77,77373,RN104,48.78141669,2.61606542,Plein jour,Hors agglomération,Hors intersection,Normale,Deux véhicules - arrière,2,3,2,0,1,1,1,0,1,90,2,2,1,0,0,1,28.0,24.0,utilitaire_camion,voiture,1,1,1,1,2
202400014999,2024-10-13 23:35:00,2024,10,13,23,35,94,94028,A86,48.78360149,2.44040787,Nuit sans éclairage public,Hors agglomération,Hors intersection,Normale,Deux véhicules - arrière,1,1,2,0,2,2,1,0,1,40,2,3,2,0,0,1,47.0,37.0,voiture,voiture,3,1,1,1,2
202400015000,2024-07-27 03:58:00,2024,7,27,3,58,91,91377,AUTOROUTE A10,48.72215,2.29626,Nuit sans éclairage public,Hors agglomération,Hors intersection,Pluie forte,Deux véhicules - côté,1,2,3,0,1,1,2,0,1,100,2,4,2,0,0,2,31.0,60.0,utilitaire_camion,voiture,3,1,1,3,3
202400015001,2024-07-26 14:45:00,2024,7,26,14,45,91,91692,R.N 446,48.67386,2.195,Plein jour,En agglomération,Giratoire,Normale,Autre collision,3,1,3,3,2,1,1,9,8,30,1,1,0,0,1,0,60.0,,autre,,1,2,6,1,6
202400015002,2024-07-14 07:20:00,2024,7,14,7,20,38,38151,RUE DE LA PAIX,45.14466938,5.71054906,Plein jour,En agglomération,Intersection en X,Normale,Deux véhicules - côté,4,2,0,1,1,1,1,0,1,50,2,2,0,0,0,2,22.0,45.0,utilitaire_camion,voiture,1,2,2,1,3
202400015002,2024-07-14 07:20:00,2024,7,14,7,20,38,38151,RUE DE LA PAIX,45.14466938,5.71054906,Plein jour,En agglomération,Intersection en X,Normale,Deux véhicules - côté,4,2,2,1,1,1,1,0,1,50,2,2,0,0,0,2,22.0,45.0,utilitaire_camion,voiture,1,2,2,1,3
202400015003,2024-07-07 18:25:00,2024,7,7,18,25,38,38151,AVENUE VICTOR HUGO,45.15277,5.71098,Plein jour,En agglomération,Autre intersection,Normale,Deux véhicules - côté,4,1,2,1,1,1,1,9,4,25,2,2,1,0,0,1,44.0,18.0,voiture,deux_roues,1,2,9,1,3
202400015004,2024-06-16 06:20:00,2024,6,16,6,20,66,66207,,42.60157,2.77314,Plein jour,Hors agglomération,Hors intersection,Normale,Sans collision,3,2, -1,-1,3,1,1,0,1,80,1,1,0,1,0,0,76.0,,deux_roues,,1,1,1,1,7
202400015005,2024-07-13 19:27:00,2024,7,13,19,27,43,43185,Place Francois Mitterrand,45.405442,3.319291,Plein jour,En agglomération,Autre intersection,Normale,Autre collision,6,-1, -1,0,1,1,1,9,8,30,1,2,1,0,1,0,57.0,,voiture,,1,2,9,1,6
202400015006,2024-07-20 17:42:00,2024,7,20,17,42,43,43157,Boulevard Saint Louis,45.04287,3.88047,Plein jour,En agglomération,Hors intersection,Normale,Autre collision,4,2,3,0,1,1,1,0,1,50,1,2,1,0,0,1,43.0,,voiture,,1,2,1,1,6
202400015007,2024-07-20 11:20:00,2024,7,20,11,20,43,43041,Avenue Charles Dupuy,45.05268,3.9111,Plein jour,En agglomération,Hors intersection,Normale,Autre collision,3,1,0,0,1,1,1,9,1,50,1,3,2,0,0,1,79.0,,voiture,,1,2,1,1,6
202400015008,2024-07-18 19:50:00,2024,7,18,19,50,43,43038,Laroche Trandon,45.32924283,3.31653845,Plein jour,Hors agglomération,Intersection en Y,Temps éblouissant,Deux véhicules - frontale,3,2,2,0,1,2,1,4,1,80,2,2,1,0,1,0,28.0,19.0,voiture,deux_roues,1,1,4,7,1
202400015008,2024-07-18 19:50:00,2024,7,18,19,50,43,43038,Laroche Trandon,45.32924283,3.31653845,Plein jour,Hors agglomération,Intersection en Y,Temps éblouissant,Deux véhicules - frontale,3,2, -1,-1,1,1,1,5,1,-1,2,2,1,0,1,0,28.0,19.0,voiture,deux_roues,1,1,4,7,1
202400015009,2024-07-16 18:00:00,2024,7,16,18,0,43,43061,D156,45.0779,3.963844,Plein jour,Hors agglomération,Intersection en Y,Normale,Trois véhicules et plus - en chaîne,3,2,2,0,2,3,1,0,1,70,4,4,3,1,0,0,24.0,15.0,voiture,deux_roues,1,1,4,1,4
202400015009,2024-07-16 18:00:00,2024,7,16,18,0,43,43061,D156,45.0779,3.963844,Plein jour,Hors agglomération,Intersection en Y,Normale,Trois véhicules et plus - en chaîne,3,2, -1,-1,1,1,1,5,1,-1,4,4,3,1,0,0,24.0,15.0,voiture,deux_roues,1,1,4,1,4
202400015010,2024-07-10 13:00:00,2024,7,10,13,0,43,43102,Route de Montfaucon,45.161256,4.174271,Plein jour,Hors agglomération,Intersection en T,Normale,Deux véhicules - côté,3,1,2,0,1,2,1,0,1,70,2,2,1,0,0,1,19.0,68.0,voiture,voiture,1,1,3,1,3
202400015010,2024-07-10 13:00:00,2024,7,10,13,0,43,43102,Route de Montfaucon,45.161256,4.174271,Plein jour,Hors agglomération,Intersection en T,Normale,Deux véhicules - côté,3,2, -1,-1,3,3,1,5,1,-1,2,2,1,0,0,1,19.0,68.0,voiture,voiture,1,1,3,1,3
202400015011,2024-06-07 18:25:00,2024,6,7,18,25,974,97409,CAMBUSTON (rue de),-20.9327,55.6485,Nuit avec éclairage allumé,En agglomération,Giratoire,Pluie légère,Autre collision,3,2,0,0,1,1,2,0,1,50,1,2,0,0,1,1,22.0,,voiture,,5,2,6,2,6
202400015011,2024-06-07 18:25:00,2024,6,7,18,25,974,97409,CAMBUSTON (rue de),-20.9327,55.6485,Nuit avec éclairage allumé,En agglomération,Giratoire,Pluie légère,Autre collision,3,2,2,0,1,1,2,0,1,50,1,2,0,0,1,1,22.0,,voiture,,5,2,6,2,6
202400015012,2024-10-14 13:00:00,2024,10,14,13,0,972,97209,COLIBRI (RUE),14.60767,-61.05921,Plein jour,En agglomération,Hors intersection,Normale,Deux véhicules - côté,4,-1,2,0,1,3,1,0,1,50,2,2,1,0,0,1,23.0,27.0,utilitaire_camion,deux_roues,1,2,1,1,3
202400015013,2024-10-13 22:50:00,2024,10,13,22,50,972,97209,AUTOROUTE (A1),14.61621,-61.04361,Nuit avec éclairage allumé,Hors agglomération,Hors intersection,Pluie légère,Sans collision,1,3,8,3,2,1,2,0,1,90,1,4,3,0,1,0,21.0,,voiture,,5,1,1,2,7
202400015014,2024-10-14 01:25:00,2024,10,14,1,25,69,69034,Avenue Général Leclerc,45.80368,4.86133,Nuit avec éclairage allumé,En agglomération,Hors intersection,Normale,Deux véhicules - frontale,7,2,2,1,1,1,1,0,1,50,2,4,0,0,0,4,33.0,30.0,voiture,voiture,5,2,1,1,1
202400015015,2024-10-13 22:22:00,2024,10,13,22,22,95,95219,18 JUIN (RUE DU),48.99265,2.24857,Nuit avec éclairage allumé,En agglomération,Giratoire,Normale,Deux véhicules - côté,3,2,2,0,1,1,1,5,1,50,2,7,2,0,0,5,47.0,49.0,voiture,voiture,5,2,6,1,3
202400015015,2024-10-13 22:22:00,2024,10,13,22,22,95,95219,18 JUIN (RUE DU),48.99265,2.24857,Nuit avec éclairage allumé,En agglomération,Giratoire,Normale,Deux véhicules - côté,3,2,2,0,1,1,1,5,1,50,2,7,2,0,0,5,47.0,49.0,voiture,voiture,5,2,6,1,3
202400015016,2024-10-13 16:45:00,2024,10,13,16,45,91,91201,BD HENRI BARBUSSE,48.690272,2.411089,Plein jour,En agglomération,Intersection en T,Normale,Deux véhicules - côté,4,2,2,0,1,1,1,0,1,50,2,4,3,0,0,1,24.0,34.0,voiture,deux_roues,1,2,3,1,3
202400015016,2024-10-13 16:45:00,2024,10,13,16,45,91,91201,BD HENRI BARBUSSE,48.690272,2.411089,Plein jour,En agglomération,Intersection en T,Normale,Deux véhicules - côté,4,2,2,0,1,1,1,0,1,50,2,4,3,0,0,1,24.0,34.0,voiture,deux_roues,1,2,3,1,3
202400015017,2024-10-14 19:30:00,2024,10,14,19,30,84,84007,SAINT LAZARE (PLACE),43.95065,4.81993,Plein jour,En agglomération,Hors intersection,Normale,Deux véhicules - arrière,4,1,2,0,1,1,1,0,1,50,2,3,2,0,0,1,64.0,18.0,voiture,deux_roues,1,2,1,1,2
202400015018,2024-10-13 05:25:00,2024,10,13,5,25,83,83123,BANDOL (ROUTE)N° IMPAIRS,43.13508659,5.77894096,Nuit avec éclairage allumé,En agglomération,Hors intersection,Temps couvert,Deux véhicules - frontale,3,-1,2,0,2,1,1,0,1,50,2,3,0,0,2,1,72.0,24.0,voiture,voiture,5,2,1,8,1
202400015019,2024-10-14 11:50:00,2024,10,14,11,50,82,82033,Route de Lafrançaise,44.07249,1.16881,Plein jour,En agglomération,Hors intersection,Normale,Deux véhicules - arrière,3,2,2,0,1,1,1,0,1,80,2,2,0,0,0,2,56.0,26.0,voiture,voiture,1,2,1,1,2
202400015020,2024-10-13 11:23:00,2024,10,13,11,23,82,82033,Chemin de Saint-Jean des Vignes,44.05155,1.10626,Plein jour,En agglomération,Hors intersection,Normale,Deux véhicules - arrière,4,2,2,0,1,1,1,0,6,30,2,2,0,0,0,2,22.0,24.0,deux_roues,deux_roues,1,2,1,1,2
202400015021,2024-10-14 19:15:00,2024,10,14,19,15,77,77288,PAUL VALERY (RUE),48.5435,2.67566,Crépuscule ou aube,En agglomération,Intersection en X,Normale,Deux véhicules - côté,4,2,0,0,1,1,1,0,1,5,2,4,2,0,0,2,16.0,30.0,deux_roues,voiture,2,2,2,1,3
202400015021,2024-10-14 19:15:00,2024,10,14,19,15,77,77288,PAUL VALERY (RUE),48.5435,2.67566,Crépuscule ou aube,En agglomération,Intersection en X,Normale,Deux véhicules - côté,4,2,4,0,1,1,1,5,1,50,2,4,2,0,0,2,16.0,30.0,deux_roues,voiture,2,2,2,1,3
202400015022,2024-10-14 22:25:00,2024,10,14,22,25,77,77059,D217B,48.84936,2.68456,Nuit sans éclairage public,Hors agglomération,Hors intersection,Normale,Autre collision,3,2,2,0,2,1,1,0,4,50,1,1,0,0,0,1,53.0,,voiture,,3,1,1,1,6
202400015023,2024-10-14 19:15:00,2024,10,14,19,15,76,76540,Boulevard de l'Europe,49.42615795,1.08710146,Nuit avec éclairage allumé,En agglomération,Giratoire,Brouillard / fumée,Sans collision,4,2,4,3,1,1,1,-1,8,50,1,2,1,0,0,1,,,voiture,,5,2,6,5,7
202400015023,2024-10-14 19:15:00,2024,10,14,19,15,76,76540,Boulevard de l'Europe,49.42615795,1.08710146,Nuit avec éclairage allumé,En agglomération,Giratoire,Brouillard / fumée,Sans collision,4,1,2,3,1,2,1,-1,8,50,1,2,1,0,0,1,,,voiture,,5,2,6,5,7
202400015024,2024-10-11 08:00:00,2024,10,11,8,0,76,76351,JULES LECESNE (RUE),49.4934956,0.11667361,Plein jour,En agglomération,Intersection en X,Normale,Deux véhicules - côté,4,2,3,1,1,1,1,0,1,30,2,2,1,0,0,1,24.0,51.0,deux_roues,voiture,1,2,2,1,3
202400015024,2024-10-11 08:00:00,2024,10,11,8,0,76,76351,JULES LECESNE (RUE),49.4934956,0.11667361,Plein jour,En agglomération,Intersection en X,Normale,Deux véhicules - côté,4,2,4,1,1,1,1,0,1,50,2,2,1,0,0,1,24.0,51.0,deux_roues,voiture,1,2,2,1,3
202400015025,2024-10-14 08:00:00,2024,10,14,8,0,72,72181,CHAMPION HENRI (RUE) N° IMP,47.98241,0.22807,Plein jour,En agglomération,Hors intersection,Normale,Deux véhicules - côté,4,2,0,0,1,1,1,0,1,50,2,2,1,0,0,1,15.0,34.0,deux_roues,utilitaire_camion,1,2,1,1,3
202400015026,2024-10-14 21:45:00,2024,10,14,21,45,71,71445,VILLENEUVE (RUE DE LA),46.77265,4.89298,Nuit avec éclairage non allumé,En agglomération,Hors intersection,Normale,Deux véhicules - côté,3,-1,3,0,1,1,1,0,1,50,2,2,1,0,0,1,17.0,56.0,voiture,deux_roues,4,2,1,1,3
202400015027,2024-10-13 20:10:00,2024,10,13,20,10,67,67482,DOLLER (RUE DE LA),48.613282,7.77298,Nuit sans éclairage public,En agglomération,Hors intersection,Temps couvert,Deux véhicules - arrière,4,2,2,0,1,1,1,0,1,50,2,2,1,0,0,1,32.0,50.0,deux_roues,voiture,3,2,1,8,2
202400015028,2024-10-14 13:40:00,2024,10,14,13,40,66,66136,Rue des Coquelicots,42.70471,2.90198,Plein jour,En agglomération,Hors intersection,Normale,Deux véhicules - frontale,4,2,3,3,1,1,1,0,1,50,2,2,1,0,0,1,20.0,92.0,voiture,voiture,1,2,1,1,1