accident_id,datetime,annee,mois,jour,heure,minute,departement,commune_insee,adresse,latitude,longitude,luminosite,agglomeration,intersection,meteo,collision,catr,circ,nbv,vosp,prof,plan,surf,infra,situ,vma,nb_vehicules,nb_usagers,nb_indemnes,nb_tues,nb_blesses_hosp,nb_blesses_legers,age_cond_1,age_cond_2,veh_type_cond_1,veh_type_cond_2,lum_code,agg_code,int_code,atm_code,col_code
202400015160,2024-07-02 18:25:00,2024,7,2,18,25,94,94038,Avenue Larroumes,48.7758443,2.32536873,Plein jour,En agglomération,Hors intersection,Normale,Deux véhicules - arrière,3,2,2,0,1,1,1,0,1,50,2,2,1,0,0,1,49.0,34.0,voiture,voiture,1,2,1,1,2
202400015161,2024-03-14 00:20:00,2024,3,14,0,20,92,92014,HUIT MAI 1945 (RUE DU),48.78309886,2.31519324,Nuit avec éclairage allumé,En agglomération,Intersection en X,Normale,Deux véhicules - côté,3,2,4,0,1,1,1,0,1,30,2,2,1,0,1,0,37.0,27.0,voiture,deux_roues,5,2,2,1,3
202400015161,2024-03-14 00:20:00,2024,3,14,0,20,92,92014,HUIT MAI 1945 (RUE DU),48.78309886,2.31519324,Nuit avec éclairage allumé,En agglomération,Intersection en X,Normale,Deux véhicules - côté,3,1,4,0,2,1,1,0,1,50,2,2,1,0,1,0,37.0,27.0,voiture,deux_roues,5,2,2,1,3
202400015162,2024-07-02 16:40:00,2024,7,2,16,40,94,94038,Rue Roger Salengro,48.76851,2.32447,Plein jour,En agglomération,Hors intersection,Normale,Autre collision,4,2,0,0,2,1,1,0,1,50,1,2,1,0,0,1,41.0,,voiture,,1,2,1,1,6
202400015163,2024-03-14 18:30:00,2024,3,14,18,30,35,35328,Noyal Lourme,47.807785,-2.052725,Plein jour,Hors agglomération,Intersection en T,Temps couvert,Deux véhicules - côté,3,2,2,0,1,1,1,0,1,50,2,2,1,1,0,0,45.0,43.0,utilitaire_camion,deux_roues,1,1,3,8,3
202400015163,2024-03-14 18:30:00,2024,3,14,18,30,35,35328,Noyal Lourme,47.807785,-2.052725,Plein jour,Hors agglomération,Intersection en T,Temps couvert,Deux véhicules - côté,3,2,1,0,1,1,1,0,1,80,2,2,1,1,0,0,45.0,43.0,utilitaire_camion,deux_roues,1,1,3,8,3
202400015164,2024-07-01 20:20:00,2024,7,1,20,20,94,94028,Avenue du Maréchal Foch,48.78097,2.43607,Plein jour,En agglomération,Autre intersection,Normale,Sans collision,6,-1,0,0,1,1,1,9,8,20,1,1,0,0,0,1,28.0,,deux_roues,,1,2,9,1,7
202400015165,2024-03-15 07:15:00,2024,3,15,7,15,62,62295,Chemin de la Gonze,50.60445819,2.28361881,Crépuscule ou aube,Hors agglomération,Hors intersection,Pluie légère,Autre collision,4,2,2,0,1,1,2,0,3,80,1,1,0,0,1,0,24.0,,voiture,,2,1,1,2,6
202400015166,2024-06-30 19:30:00,2024,6,30,19,30,94,94028,Rue René Arcos / Rue du Jeu de Paume,48.77766289,2.46049279,Plein jour,En agglomération,Intersection à plus de 4 branches,Normale,Deux véhicules - côté,4,2,2,0,1,1,1,0,1,-1,2,2,1,0,0,1,22.0,41.0,voiture,voiture,1,2,5,1,3
202400015166,2024-06-30 19:30:00,2024,6,30,19,30,94,94028,Rue René Arcos / Rue du Jeu de Paume,48.77766289,2.46049279,Plein jour,En agglomération,Intersection à plus de 4 branches,Normale,Deux véhicules - côté,4,3,4,0,1,1,1,0,1,50,2,2,1,0,0,1,22.0,41.0,voiture,voiture,1,2,5,1,3
202400015167,2024-03-13 17:30:00,2024,3,13,17,30,26,26379,Route de Saint Bardoux,45.050938,4.983404,Plein jour,En agglomération,Hors intersection,Normale,Autre collision,3,2,2,0,1,1,1,0,1,30,1,2,1,0,1,0,30.0,,voiture,,1,2,1,1,6
202400015168,2024-07-01 12:00:00,2024,7,1,12,0,94,94079,Rue du Général Galliéni,48.82342,2.54124,Plein jour,En agglomération,Hors intersection,Normale,Deux véhicules - arrière,3,2,2,0,1,1,1,0,1,50,2,3,2,0,0,1,42.0,45.0,voiture,voiture,1,2,1,1,2
202400015169,2024-03-13 09:10:00,2024,3,13,9,10,42,42069,156 rue Victor Hugo,46.0008,4.065644,Plein jour,En agglomération,Hors intersection,Normale,Deux véhicules - côté,3,2,2,1,1,1,1,0,1,50,2,2,1,0,0,1,71.0,52.0,deux_roues,utilitaire_camion,1,2,1,1,3
202400015170,2024-07-01 09:04:00,2024,7,1,9,4,94,94079,Rue Robert Schumann,48.82282,2.54237,Plein jour,En agglomération,Hors intersection,Normale,Autre collision,3,2,2,0,1,1,1,0,1,50,1,2,1,0,1,0,53.0,,voiture,,1,2,1,1,6
202400015171,2024-03-14 13:30:00,2024,3,14,13,30,972,97225,Rue Percee,14.741086,-61.175008,Plein jour,En agglomération,Intersection en X,Normale,Deux véhicules - côté,4,1,1,0,1,1,1,0,5,-1,2,2,1,0,1,0,42.0,29.0,utilitaire_camion,deux_roues,1,2,2,1,3
202400015171,2024-03-14 13:30:00,2024,3,14,13,30,972,97225,Rue Percee,14.741086,-61.175008,Plein jour,En agglomération,Intersection en X,Normale,Deux véhicules - côté,4,2,2,0,1,1,1,0,1,-1,2,2,1,0,1,0,42.0,29.0,utilitaire_camion,deux_roues,1,2,2,1,3
202400015172,2024-07-02 19:25:00,2024,7,2,19,25,94,94018,Rue de Paris,48.82845,2.40278,Plein jour,En agglomération,Hors intersection,Pluie légère,Deux véhicules - côté,3,2,4,1,1,1,2,0,5,30,2,2,1,0,0,1,31.0,49.0,deux_roues,voiture,1,2,1,2,3
202400015173,2024-03-15 11:54:00,2024,3,15,11,54,28,28022,D939,48.470389,1.415777,Plein jour,Hors agglomération,Hors intersection,Vent fort / tempête,Deux véhicules - côté,3,2,2,0,1,1,2,0,1,80,2,2,1,1,0,0,55.0,36.0,utilitaire_camion,voiture,1,1,1,6,3
202400015174,2024-07-02 11:45:00,2024,7,2,11,45,93,93055,Avenue du Général Leclerc,48.89971,2.40935,Plein jour,En agglomération,Autre intersection,Normale,Deux véhicules - côté,3,2,2,1,1,1,1,0,1,30,2,3,1,0,0,2,37.0,41.0,deux_roues,voiture,1,2,9,1,3
202400015174,2024-07-02 11:45:00,2024,7,2,11,45,93,93055,Avenue du Général Leclerc,48.89971,2.40935,Plein jour,En agglomération,Autre intersection,Normale,Deux véhicules - côté,3,3,4,0,1,1,1,0,1,-1,2,3,1,0,0,2,37.0,41.0,deux_roues,voiture,1,2,9,1,3
202400015175,2024-03-15 13:10:00,2024,3,15,13,10,67,67532,D41,48.677495,7.503791,Plein jour,Hors agglomération,Giratoire,Normale,Deux véhicules - côté,3,1,2,0,1,1,1,0,1,80,2,2,1,0,0,1,46.0,61.0,voiture,deux_roues,1,1,6,1,3
202400015176,2024-07-02 17:00:00,2024,7,2,17,0,93,93050,Rue Paul et Camille Thomoux,48.865794,2.529183,Plein jour,En agglomération,Hors intersection,Normale,Deux véhicules - côté,3,3,2,0,1,1,1,0,4,1,2,2,1,0,0,1,27.0,50.0,deux_roues,voiture,1,2,1,1,3
202400015177,2024-03-15 13:25:00,2024,3,15,13,25,01,01354,Rue de la Faucille,46.261809,6.029949,Plein jour,En agglomération,Intersection en T,Normale,Autre collision,4,2,2,0,1,1,1,0,1,50,2,2,1,0,0,1,16.0,68.0,deux_roues,voiture,1,2,3,1,6
202400015177,2024-03-15 13:25:00,2024,3,15,13,25,01,01354,Rue de la Faucille,46.261809,6.029949,Plein jour,En agglomération,Intersection en T,Normale,Autre collision,4,2,2,0,1,1,1,0,8,50,2,2,1,0,0,1,16.0,68.0,deux_roues,voiture,1,2,3,1,6
202400015178,2024-07-01 14:48:00,2024,7,1,14,48,93,93048,Boulevard Aristide Briand / Rue Saint-Denis,48.87307,2.45366,Plein jour,En agglomération,Intersection en X,Normale,Deux véhicules - côté,3,2,2,0,2,1,1,0,1,30,2,2,1,0,0,1,36.0,34.0,voiture,deux_roues,1,2,2,1,3
202400015178,2024-07-01 14:48:00,2024,7,1,14,48,93,93048,Boulevard Aristide Briand / Rue Saint-Denis,48.87307,2.45366,Plein jour,En agglomération,Intersection en X,Normale,Deux véhicules - côté,3,2,2,0,2,1,1,0,1,3,2,2,1,0,0,1,36.0,34.0,voiture,deux_roues,1,2,2,1,3
202400015179,2024-03-13 11:05:00,2024,3,13,11,5,06,06130,Avenue du 6 Juin 1944,43.688311,6.859442,Plein jour,En agglomération,Hors intersection,Normale,Deux véhicules - côté,3,2,2,0,4,1,1,0,1,50,2,2,1,0,0,1,65.0,65.0,utilitaire_camion,deux_roues,1,2,1,1,3
202400015180,2024-03-14 16:50:00,2024,3,14,16,50,62,62752,D139,50.48569649,1.66301617,Plein jour,Hors agglomération,Hors intersection,Normale,Autre collision,3,2,2,0,1,1,1,0,1,80,1,1,0,0,1,0,36.0,,voiture,,1,1,1,1,6
202400015181,2024-07-01 11:50:00,2024,7,1,11,50,93,93048,Avenue de la Résistance,48.86361,2.43632,Plein jour,En agglomération,Hors intersection,Normale,Deux véhicules - arrière,3,3,2,1,2,1,1,0,1,50,2,2,1,0,0,1,34.0,37.0,voiture,deux_roues,1,2,1,1,2
202400015182,2024-03-13 16:15:00,2024,3,13,16,15,59,59260,D947,51.00931804,2.54813759,Plein jour,Hors agglomération,Hors intersection,Normale,Deux véhicules - côté,3,2,2,0,1,1,1,0,1,80,2,2,1,0,1,0,22.0,21.0,voiture,voiture,1,1,1,1,3
202400015183,2024-07-02 18:55:00,2024,7,2,18,55,93,93079,SAINT LEU (ROUTE DE) 1 à 157,48.953578,2.335919,Plein jour,En agglomération,Hors intersection,Pluie légère,Deux véhicules - arrière,3,2,2,1,1,1,2,0,1,50,2,3,1,0,0,2,65.0,55.0,voiture,voiture,1,2,1,2,2
202400015184,2024-03-15 15:20:00,2024,3,15,15,20,68,68029,rd 83,47.92328076,7.26839228,Plein jour,Hors agglomération,Hors intersection,Normale,Deux véhicules - arrière,3,3,4,0,1,1,1,0,1,110,2,2,1,0,1,0,88.0,22.0,voiture,voiture,1,1,1,1,2
202400015185,2024-07-02 13:40:00,2024,7,2,13,40,93,93029,Rue de la Democratie,48.91634861,2.44236678,Plein jour,En agglomération,Hors intersection,Normale,Autre collision,4,1,1,0,1,1,1,0,8,30,2,2,1,0,0,1,91.0,32.0,deux_roues,voiture,1,2,1,1,6
202400015186,2024-03-10 15:30:00,2024,3,10,15,30,974,97413,Chemin Pierre Roger,-21.2123,55.322117,Plein jour,Hors agglomération,Hors intersection,Normale,Deux véhicules - côté,4,2,2,0,2,2,1,0,1,50,2,2,1,0,1,0,41.0,21.0,voiture,deux_roues,1,1,1,1,3
202400015187,2024-07-01 18:30:00,2024,7,1,18,30,93,93027,Avenue Marcel Cachin / Rue Chabrol,48.92913,2.39675,Plein jour,En agglomération,Intersection en X,Normale,Deux véhicules - côté,3,2,2,0,1,1,1,0,1,50,2,2,1,0,1,0,57.0,64.0,utilitaire_camion,deux_roues,1,2,2,1,3
202400015187,2024-07-01 18:30:00,2024,7,1,18,30,93,93027,Avenue Marcel Cachin / Rue Chabrol,48.92913,2.39675,Plein jour,En agglomération,Intersection en X,Normale,Deux véhicules - côté,3,2,2,1,1,1,1,0,1,50,2,2,1,0,1,0,57.0,64.0,utilitaire_camion,deux_roues,1,2,2,1,3
202400015188,2024-03-12 19:30:00,2024,3,12,19,30,65,65346,Cami Dera Bigorra,43.166605,0.177796,Nuit avec éclairage allumé,En agglomération,Hors intersection,Normale,Deux véhicules - frontale,3,2,2,0,2,2,1,0,1,50,2,2,1,0,0,1,54.0,37.0,voiture,voiture,5,2,1,1,1
202400015189,2024-07-02 13:40:00,2024,7,2,13,40,93,93008,STAINS (RTE DE),48.90493444,2.47010773,Plein jour,En agglomération,Autre intersection,Normale,Deux véhicules - côté,4,3,3,0,2,1,1,0,1,30,2,2,1,0,0,1,34.0,30.0,utilitaire_camion,voiture,1,2,9,1,3
202400015190,2024-03-14 16:30:00,2024,3,14,16,30,58,58214,A77,47.08708747,3.10591258,Plein jour,Hors agglomération,Hors intersection,Normale,Deux véhicules - côté,1,3,2,0,2,3,1,0,2,-1,1,1,0,0,0,1,72.0,,deux_roues,,1,1,1,1,3
202400015191,2024-07-01 20:30:00,2024,7,1,20,30,93,93057,Impasse Pierre Simon Girard,48.91644352,2.50490644,Plein jour,En agglomération,Hors intersection,Normale,Deux véhicules - arrière,4,2,2,0,1,1,1,0,1,30,2,2,1,0,0,1,45.0,11.0,voiture,deux_roues,1,2,1,1,2
202400015192,2024-02-23 13:20:00,2024,2,23,13,20,89,89461,D660,48.235759,3.578183,Plein jour,Hors agglomération,Hors intersection,Temps couvert,Sans collision,3,2,2,0,1,1,1,0,3,90,1,1,0,1,0,0,76.0,,voiture,,1,1,1,8,7
202400015193,2024-03-14 18:00:00,2024,3,14,18,0,51,51368,Rue de l?Eglise,49.169952,4.715576,Plein jour,En agglomération,Hors intersection,Normale,Sans collision,4,2,2,0,1,3,9,0,1,50,1,1,0,0,0,1,71.0,,deux_roues,,1,2,1,1,7
202400015194,2024-07-02 18:47:00,2024,7,2,18,47,92,92078,VERDUN (AVENUE) (PAIRS 2 A 38),48.93565532,2.33610141,Plein jour,En agglomération,Hors intersection,Normale,Deux véhicules - côté,3,1,2,0,1,1,1,0,1,50,2,2,1,0,0,1,50.0,31.0,voiture,deux_roues,1,2,1,1,3
202400015195,2024-03-15 07:50:00,2024,3,15,7,50,51,51197,D66,49.077183,4.653654,Plein jour,Hors agglomération,Hors intersection,Temps couvert,Deux véhicules - frontale,3,2,2,0,2,1,2,0,1,80,2,2,1,0,0,1,20.0,42.0,voiture,utilitaire_camion,1,1,1,8,1
202400015196,2024-06-25 22:20:00,2024,6,25,22,20,92,92063,FILLIETTE (RUE NICOLAS-PHILIBERT),48.87098433,2.18737632,Plein jour,En agglomération,Hors intersection,Normale,Deux véhicules - frontale,4,1,1,0,1,1,1,0,1,50,2,2,1,0,0,1,16.0,20.0,deux_roues,voiture,1,2,1,1,1
202400015197,2024-03-15 06:30:00,2024,3,15,6,30,51,51161,RD37 - PK33,49.041117,4.176521,Crépuscule ou aube,Hors agglomération,Hors intersection,Normale,Autre collision,3,2,2,0,1,1,1,0,3,80,1,1,0,0,1,0,33.0,,voiture,,2,1,1,1,6
202400015198,2024-07-02 21:40:00,2024,7,2,21,40,92,92062,DE DION BOUTON (QUAI) DU 1 AU 28,48.87983474,2.24415046,Plein jour,En agglomération,Hors intersection,Normale,Sans collision,4,3,2,0,1,1,1,0,1,70,1,1,0,0,0,1,28.0,,deux_roues,,1,2,1,1,7
202400015199,2024-07-02 23:00:00,2024,7,2,23,0,92,92049,GINOUX AV. HENRI N°1 A 95 ET 2 A 104,48.81679,2.32146,Nuit avec éclairage allumé,En agglomération,Hors intersection,Normale,Autre collision,4,1,2,1,1,1,1,0,4,50,1,1,0,0,0,1,19.0,,deux_roues,,5,2,1,1,6
202400015200,2024-03-14 18:25:00,2024,3,14,18,25,76,76549,D149,49.761038,0.932491,Plein jour,Hors agglomération,Hors intersection,Normale,Deux véhicules - frontale,3,2,2,0,2,3,1,0,8,80,2,2,0,0,2,0,25.0,19.0,deux_roues,deux_roues,1,1,1,1,1
202400015201,2024-07-02 13:20:00,2024,7,2,13,20,92,92020,DIVISION LECLERC AVENUE DE LA,48.79897765,2.28439057,Plein jour,En agglomération,Hors intersection,Normale,Sans collision,4,2,2,0,2,1,1,0,1,50,1,1,0,0,0,1,12.0,,deux_roues,,1,2,1,1,7
202400015202,2024-03-14 15:00:00,2024,3,14,15,0,32,32296,rue nationale,43.758918,-0.033109,Plein jour,En agglomération,Hors intersection,Normale,Autre collision,9,1,1,0,1,1,1,0,1,30,1,2,1,0,1,0,70.0,,voiture,,1,2,1,1,6
202400015203,2024-07-02 18:53:00,2024,7,2,18,53,92,92048,REPUBLIQUE (RUE DE LA) N° 47 A 85,48.80597,2.23575,Plein jour,En agglomération,Hors intersection,Normale,Trois véhicules et plus - collisions multiples,3,2,2,0,1,1,2,0,1,30,3,3,2,0,0,1,57.0,58.0,deux_roues,voiture,1,2,1,1,5
202400015204,2024-03-13 14:44:00,2024,3,13,14,44,32,32268,RN124,43.60465,0.994735,Plein jour,Hors agglomération,Hors intersection,Normale,Trois véhicules et plus - collisions multiples,2,2,2,0,1,1,1,0,1,80,3,3,0,0,1,2,59.0,59.0,voiture,utilitaire_camion,1,1,1,1,5
202400015205,2024-07-02 23:50:00,2024,7,2,23,50,92,92044,P.V.COUTURIER(RUE)65A79 ET50A58,48.89686,2.28843,Nuit avec éclairage allumé,En agglomération,Hors intersection,Normale,Autre collision,4,1,1,1,1,1,1,0,1,50,1,1,0,0,0,1,33.0,,deux_roues,,5,2,1,1,6
202400015206,2024-07-02 09:30:00,2024,7,2,9,30,92,92024,VILLENEUVE (RUE) DE (1 A 45)   (2 A 44),48.90336,2.30552,Plein jour,En agglomération,Hors intersection,Normale,Sans collision,4,1,1,0,1,1,1,0,1,30,1,1,0,0,0,1,29.0,,deux_roues,,1,2,1,1,7
202400015207,2024-03-15 10:50:00,2024,3,15,10,50,71,71230,42 Rue du 8 Mai,46.595778,4.052217,Plein jour,En agglomération,Intersection en X,Normale,Deux véhicules - côté,3,2,2,0,1,1,1,0,1,50,2,2,1,0,1,0,39.0,58.0,deux_roues,voiture,1,2,2,1,3
202400015207,2024-03-15 10:50:00,2024,3,15,10,50,71,71230,42 Rue du 8 Mai,46.595778,4.052217,Plein jour,En agglomération,Intersection en X,Normale,Deux véhicules - côté,3,2,2,0,1,1,1,0,1,50,2,2,1,0,1,0,39.0,58.0,deux_roues,voiture,1,2,2,1,3
202400015208,2024-03-13 10:00:00,2024,3,13,10,0,89,89025,Rue de Paris,47.490449,3.907855,Plein jour,En agglomération,Hors intersection,Normale,Autre collision,3,2,2,0,1,1,1,0,1,50,1,2,1,0,1,0,54.0,,voiture,,1,2,1,1,6
202400015209,2024-07-02 09:05:00,2024,7,2,9,5,92,92012,POINT DU JOUR (QUAI DU),48.83319366,2.26048297,Plein jour,En agglomération,Hors intersection,Normale,Autre collision,3,1,0,1,1,1,1,0,1,50,1,2,1,0,0,1,24.0,,deux_roues,,1,2,1,1,6
202400015210,2024-01-31 18:15:00,2024,1,31,18,15,49,49368,Bois de Boulogne,47.39844,0.019682,Nuit sans éclairage public,Hors agglomération,Intersection en X,Normale,Deux véhicules - côté,3,2,2,0,1,1,1,0,1,80,2,2,1,0,0,1,64.0,26.0,voiture,voiture,3,1,2,1,3
202400015210,2024-01-31 18:15:00,2024,1,31,18,15,49,49368,Bois de Boulogne,47.39844,0.019682,Nuit sans éclairage public,Hors agglomération,Intersection en X,Normale,Deux véhicules - côté,3,2, -1,-1,1,1,1,0,1,-1,2,2,1,0,0,1,64.0,26.0,voiture,voiture,3,1,2,1,3
202400015211,2024-07-02 15:36:00,2024,7,2,15,36,92,92007,PASTEUR (AVENUE LOUIS) N° 1 A 39 ET 2 A,48.79587403,2.3171331,Plein jour,En agglomération,Intersection en X,Normale,Autre collision,3,2, -1,-1,1,1,1,5,1,-1,1,2,1,0,0,1,50.0,,voiture,,1,2,2,1,6
202400015211,2024-07-02 15:36:00,2024,7,2,15,36,92,92007,PASTEUR (AVENUE LOUIS) N° 1 A 39 ET 2 A,48.79587403,2.3171331,Plein jour,En agglomération,Intersection en X,Normale,Autre collision,3,2,4,0,1,1,1,0,1,50,1,2,1,0,0,1,50.0,,voiture,,1,2,2,1,6
202400015212,2024-03-14 16:00:00,2024,3,14,16,0,49,49228,route de la quelouze (Noyant),47.500953,0.148391,Plein jour,Hors agglomération,Intersection en X,Normale,Deux véhicules - côté,3,2,2,0,1,1,1,0,1,90,2,4,3,0,0,1,36.0,54.0,utilitaire_camion,utilitaire_camion,1,1,2,1,3
202400015212,2024-03-14 16:00:00,2024,3,14,16,0,49,49228,route de la quelouze (Noyant),47.500953,0.148391,Plein jour,Hors agglomération,Intersection en X,Normale,Deux véhicules - côté,3,2,2,0,1,1,1,0,1,90,2,4,3,0,0,1,36.0,54.0,utilitaire_camion,utilitaire_camion,1,1,2,1,3
202400015213,2024-07-02 14:06:00,2024,7,2,14,6,92,92004,MARNE   ( AVENUE DE LA ),48.90734635,2.28305376,Plein jour,En agglomération,Intersection en T,Normale,Deux véhicules - arrière,3,-1,2,0,1,1,1,0,1,50,2,2,1,0,0,1,24.0,23.0,voiture,deux_roues,1,2,3,1,2
202400015213,2024-07-02 14:06:00,2024,7,2,14,6,92,92004,MARNE   ( AVENUE DE LA ),48.90734635,2.28305376,Plein jour,En agglomération,Intersection en T,Normale,Deux véhicules - arrière,3,-1,2,0,1,1,1,0,1,50,2,2,1,0,0,1,24.0,23.0,voiture,deux_roues,1,2,3,1,2
202400015214,2024-07-02 17:30:00,2024,7,2,17,30,974,97415,Chemin Bras Canot,-21.073678,55.308974,Plein jour,Hors agglomération,Hors intersection,Normale,Autre collision,3,2,2,0,1,2,1,0,3,80,1,2,1,0,1,0,35.0,,voiture,,1,1,1,1,6
202400015215,2024-03-14 17:25:00,2024,3,14,17,25,41,41164,D976,47.271717,1.407065,Plein jour,Hors agglomération,Hors intersection,Normale,Trois véhicules et plus - en chaîne,3,2,2,0,1,1,1,0,1,90,3,3,1,0,0,2,40.0,24.0,voiture,utilitaire_camion,1,1,1,1,4
202400015216,2024-03-13 18:41:00,2024,3,13,18,41,68,68050,D32,47.652262,7.046832,Nuit sans éclairage public,Hors agglomération,Intersection en X,Normale,Deux véhicules - côté,3,2,2,0,1,1,1,0,1,80,2,2,0,0,0,2,74.0,59.0,voiture,voiture,3,1,2,1,3
202400015216,2024-03-13 18:41:00,2024,3,13,18,41,68,68050,D32,47.652262,7.046832,Nuit sans éclairage public,Hors agglomération,Intersection en X,Normale,Deux véhicules - côté,3,2, -1,-1,1,1,1,0,1,-1,2,2,0,0,0,2,74.0,59.0,voiture,voiture,3,1,2,1,3
202400015217,2024-07-02 18:10:00,2024,7,2,18,10,54,54462,Route de Saint Nicolas,48.612468,6.331277,Plein jour,Hors agglomération,Hors intersection,Temps couvert,Deux véhicules - frontale,3,2,2,0,2,1,2,0,1,80,2,2,0,0,1,1,39.0,28.0,voiture,voiture,1,1,1,8,1
202400015218,2024-03-14 22:15:00,2024,3,14,22,15,22,22347,Kerédern,48.777347,-3.194908,Nuit sans éclairage public,Hors agglomération,Autre intersection,Normale,Autre collision,3,2,2,0,1,2,1,0,8,80,1,2,1,0,1,0,47.0,,voiture,,3,1,9,1,6
202400015219,2024-07-03 00:20:00,2024,7,3,0,20,66,66136,A9,42.66652264,2.86158442,Nuit sans éclairage public,Hors agglomération,Hors intersection,Normale,Deux véhicules - arrière,1,3,6,0,1,1,1,0,1,130,2,2,1,1,0,0,25.0,54.0,utilitaire_camion,voiture,3,1,1,1,2
202400015220,2024-03-15 10:10:00,2024,3,15,10,10,39,39434,15 Rue de Verdun,46.832329,5.7063,Plein jour,En agglomération,Hors intersection,Normale,Autre collision,3,2,2,0,1,1,2,0,4,50,1,1,0,0,0,1,28.0,,voiture,,1,2,1,1,6
202400015221,2024-03-14 19:42:00,2024,3,14,19,42,25,25617,18 Rue de la Barbèche,47.342836,6.73949,Nuit sans éclairage public,Hors agglomération,Hors intersection,Normale,Autre collision,3,2,2,0,1,1,1,0,1,80,1,1,0,0,0,1,43.0,,deux_roues,,3,1,1,1,6
202400015222,2024-07-01 08:32:00,2024,7,1,8,32,22,22014,la Haute Lande,48.496886,-2.249064,Plein jour,Hors agglomération,Hors intersection,Normale,Deux véhicules - arrière,3,2,2,0,1,1,1,0,1,-1,2,2,1,0,0,1,28.0,57.0,voiture,voiture,1,1,1,1,2
202400015223,2024-03-15 15:30:00,2024,3,15,15,30,35,35095,43 Rue de Dinan,48.543761,-1.759841,Plein jour,En agglomération,Intersection en T,Normale,Autre collision,3,2,2,0,1,1,1,0,1,30,1,4,2,0,2,0,20.0,,voiture,,1,2,3,1,6
202400015223,2024-03-15 15:30:00,2024,3,15,15,30,35,35095,43 Rue de Dinan,48.543761,-1.759841,Plein jour,En agglomération,Intersection en T,Normale,Autre collision,3,1,1,2,1,1,1,0,1,50,1,4,2,0,2,0,20.0,,voiture,,1,2,3,1,6
202400015224,2024-06-30 13:30:00,2024,6,30,13,30,36,36013,,47.041217,1.582707,Plein jour,Hors agglomération,Hors intersection,Normale,Deux véhicules - frontale,3,2,1,0,1,1,1,0,1,80,2,2,1,0,0,1,26.0,71.0,deux_roues,deux_roues,1,1,1,1,1
202400015225,2024-03-13 12:30:00,2024,3,13,12,30,31,31132,D125,42.867501,0.608561,Plein jour,Hors agglomération,Hors intersection,Normale,Autre collision,3,2,2,0,1,1,1,0,3,80,1,1,0,0,1,0,74.0,,deux_roues,,1,1,1,1,6
202400015226,2024-07-02 19:10:00,2024,7,2,19,10,31,31445,34 Route de Castres,43.585487,1.52782,Plein jour,En agglomération,Hors intersection,Normale,Autre collision,7,2,2,0,1,1,1,6,4,50,1,3,2,0,0,1,14.0,,deux_roues,,1,2,1,1,6
202400015227,2024-03-14 08:05:00,2024,3,14,8,5,38,38134,D538,45.425523,5.012721,Plein jour,Hors agglomération,Hors intersection,Normale,Deux véhicules - frontale,3,2,2,0,2,1,1,0,1,80,2,2,0,0,0,2,61.0,35.0,voiture,voiture,1,1,1,1,1
202400015228,2024-06-28 07:20:00,2024,6,28,7,20,59,59278,Rue du Général De Gaulle,50.61147722,2.96977669,Plein jour,En agglomération,Hors intersection,Temps éblouissant,Autre collision,3,2,2,0,1,1,1,0,1,50,1,2,1,0,1,0,44.0,,voiture,,1,2,1,7,6
202400015229,2024-03-14 22:30:00,2024,3,14,22,30,38,38453,3467 Route de Valence,45.092592,5.301476,Nuit sans éclairage public,Hors agglomération,Hors intersection,Normale,Autre collision,3,2,2,0,1,1,1,0,3,90,1,1,0,0,1,0,26.0,,voiture,,3,1,1,1,6
202400015230,2024-07-02 06:55:00,2024,7,2,6,55,34,34270,100 Route de Lattes,43.575525,3.845901,Plein jour,En agglomération,Hors intersection,Normale,Deux véhicules - côté,7,2,2,0,1,1,1,0,1,50,2,2,1,0,1,0,20.0,48.0,voiture,utilitaire_camion,1,2,1,1,3
202400015231,2024-03-15 16:25:00,2024,3,15,16,25,38,38222,Route de Chirens,45.436599,5.58072,Plein jour,Hors agglomération,Hors intersection,Normale,Sans collision,3,2,2,0,1,2,1,0,3,80,1,2,0,0,1,1,39.0,,voiture,,1,1,1,1,7
202400015232,2024-07-02 19:45:00,2024,7,2,19,45,51,51507,28 Avenue Kellermann,49.087933,4.885624,Crépuscule ou aube,En agglomération,Hors intersection,Normale,Autre collision,3,2,2,0,3,2,2,0,4,50,1,3,0,0,3,0,21.0,,voiture,,2,2,1,1,6
202400015233,2024-06-23 02:50:00,2024,6,23,2,50,82,82192,D999,43.924149,1.51533,Nuit sans éclairage public,Hors agglomération,Hors intersection,Normale,Autre collision,3,2,2,0,1,1,2,0,3,90,1,1,0,1,0,0,51.0,,voiture,,3,1,1,1,6
202400015234,2024-03-14 17:50:00,2024,3,14,17,50,38,38065,D51b,45.427823,5.401497,Plein jour,Hors agglomération,Intersection en T,Normale,Deux véhicules - côté,3,2,2,0,1,1,1,0,1,80,2,2,0,0,1,1,23.0,51.0,voiture,voiture,1,1,3,1,3
202400015234,2024-03-14 17:50:00,2024,3,14,17,50,38,38065,D51b,45.427823,5.401497,Plein jour,Hors agglomération,Intersection en T,Normale,Deux véhicules - côté,3,2,2,0,1,1,1,0,1,80,2,2,0,0,1,1,23.0,51.0,voiture,voiture,1,1,3,1,3
202400015235,2024-07-02 14:50:00,2024,7,2,14,50,82,82039,D820,44.095464,1.453551,Plein jour,Hors agglomération,Hors intersection,Normale,Deux véhicules - côté,3,2,3,0,1,1,1,0,1,80,2,3,1,0,1,1,61.0,74.0,autre,voiture,1,1,1,1,3