accident_id,datetime,annee,mois,jour,heure,minute,departement,commune_insee,adresse,latitude,longitude,luminosite,agglomeration,intersection,meteo,collision,catr,circ,nbv,vosp,prof,plan,surf,infra,situ,vma,nb_vehicules,nb_usagers,nb_indemnes,nb_tues,nb_blesses_hosp,nb_blesses_legers,age_cond_1,age_cond_2,veh_type_cond_1,veh_type_cond_2,lum_code,agg_code,int_code,atm_code,col_code
202400015236,2024-03-13 18:15:00,2024,3,13,18,15,66,66106,Route de Céret,42.491223,2.799183,Plein jour,En agglomération,Giratoire,Normale,Deux véhicules - côté,3,1,1,0,1,2,1,0,1,50,2,2,1,0,0,1,18.0,53.0,deux_roues,voiture,1,2,6,1,3
202400015237,2024-06-28 19:50:00,2024,6,28,19,50,33,33540,,45.378437,-1.153031,Plein jour,En agglomération,Hors intersection,Normale,Sans collision,4,2,2,1,1,1,1,0,1,50,1,1,0,0,1,0,58.0,,deux_roues,,1,2,1,1,7
202400015238,2024-03-14 14:10:00,2024,3,14,14,10,54,54386,Route de Rozelieures,48.46750567,6.44311666,Plein jour,Hors agglomération,Hors intersection,Normale,Sans collision,4,2,2,0,2,2,1,0,3,80,1,1,0,0,1,0,59.0,,deux_roues,,1,1,1,1,7
202400015239,2024-02-03 13:00:00,2024,2,3,13,0,10,10179,D34,48.12,4.0462,Plein jour,Hors agglomération,Hors intersection,Normale,Autre collision,3,2,2,0,1,3,1,0,3,90,1,1,0,0,1,0,22.0,,voiture,,1,1,1,1,6
202400015240,2024-07-02 08:40:00,2024,7,2,8,40,61,61168,VC15,48.600884,-0.342872,Plein jour,En agglomération,Hors intersection,Pluie légère,Autre collision,4,2,2,0,2,3,2,0,1,50,1,1,0,0,1,0,24.0,,deux_roues,,1,2,1,2,6
202400015241,2024-03-15 11:48:00,2024,3,15,11,48,07,07313,305 Avenue Helvetia,45.322095,4.760755,Plein jour,En agglomération,Hors intersection,Pluie légère,Deux véhicules - arrière,3,2,2,0,1,1,2,0,1,50,2,3,0,0,0,3,45.0,23.0,voiture,voiture,1,2,1,2,2
202400015242,2024-07-03 08:48:00,2024,7,3,8,48,55,55398,D36 PK 9,48.659548,5.71877,Plein jour,Hors agglomération,Hors intersection,Normale,Autre collision,3,2,2,0,1,2,1,0,8,90,1,2,1,0,0,1,35.0,,voiture,,1,1,1,1,6
202400015243,2024-03-15 20:00:00,2024,3,15,20,0,40,40134,Rue des Hauts-fourneaux,44.211695,-0.920121,Nuit avec éclairage allumé,En agglomération,Intersection en T,Normale,Deux véhicules - frontale,4,2,2,0,1,1,1,0,1,30,2,2,1,0,1,0,68.0,28.0,voiture,deux_roues,5,2,3,1,1
202400015243,2024-03-15 20:00:00,2024,3,15,20,0,40,40134,Rue des Hauts-fourneaux,44.211695,-0.920121,Nuit avec éclairage allumé,En agglomération,Intersection en T,Normale,Deux véhicules - frontale,4,2,2,-1,1,1,1,0,1,30,2,2,1,0,1,0,68.0,28.0,voiture,deux_roues,5,2,3,1,1
202400015244,2024-07-03 07:50:00,2024,7,3,7,50,12,12068,D911 PK73,44.321018,2.336003,Plein jour,Hors agglomération,Hors intersection,Normale,Deux véhicules - frontale,3,2,2,0,1,3,1,0,1,70,2,2,0,0,1,1,21.0,38.0,voiture,utilitaire_camion,1,1,1,1,1
202400015245,2024-07-02 11:30:00,2024,7,2,11,30,42,42280,Route de malconnière,45.27824,4.431428,Plein jour,Hors agglomération,Hors intersection,Temps couvert,Autre collision,3,2,2,0,2,1,1,0,5,80,1,1,0,0,1,0,78.0,,deux_roues,,1,1,1,8,6
202400015246,2024-01-26 09:18:00,2024,1,26,9,18,85,85051,RD 949 Ter,46.6816001,-1.0493433,Plein jour,En agglomération,Giratoire,Normale,Autre collision,3,-1,2,0,1,2,1,5,1,50,1,2,1,0,1,0,31.0,,voiture,,1,2,6,1,6
202400015247,2024-07-02 22:39:00,2024,7,2,22,39,46,46251,659 Avenue Anatole de Monzie,44.861014,1.879805,Nuit avec éclairage allumé,En agglomération,Hors intersection,Normale,Autre collision,3,2,2,0,1,1,1,5,1,50,1,1,0,0,1,0,27.0,,deux_roues,,5,2,1,1,6
202400015248,2024-03-14 07:20:00,2024,3,14,7,20,27,27261,Rue du Levant,49.218943,0.960982,Crépuscule ou aube,Hors agglomération,Intersection en X,Brouillard / fumée,Deux véhicules - côté,4,2,2,0,1,1,2,0,1,80,2,2,0,0,0,2,18.0,60.0,deux_roues,deux_roues,2,1,2,5,3
202400015248,2024-03-14 07:20:00,2024,3,14,7,20,27,27261,Rue du Levant,49.218943,0.960982,Crépuscule ou aube,Hors agglomération,Intersection en X,Brouillard / fumée,Deux véhicules - côté,4,2,2,0,1,1,2,0,1,80,2,2,0,0,0,2,18.0,60.0,deux_roues,deux_roues,2,1,2,5,3
202400015249,2024-06-28 16:50:00,2024,6,28,16,50,41,41242,Rue de l'Echardon,47.279291,1.559463,Plein jour,En agglomération,Intersection en X,Normale,Deux véhicules - côté,4,-1,1,0,1,1,1,0,1,50,2,2,0,0,0,2,39.0,47.0,voiture,utilitaire_camion,1,2,2,1,3
202400015249,2024-06-28 16:50:00,2024,6,28,16,50,41,41242,Rue de l'Echardon,47.279291,1.559463,Plein jour,En agglomération,Intersection en X,Normale,Deux véhicules - côté,4,2, -1,-1,1,1,-1,-1,-1,-1,2,2,0,0,0,2,39.0,47.0,voiture,utilitaire_camion,1,2,2,1,3
202400015250,2024-03-13 16:50:00,2024,3,13,16,50,17,17443,D110,46.080941,-1.008854,Plein jour,Hors agglomération,Hors intersection,Normale,Deux véhicules - frontale,3,2,2,0,4,2,1,0,1,80,2,2,1,0,0,1,20.0,36.0,voiture,deux_roues,1,1,1,1,1
202400015251,2024-03-14 18:00:00,2024,3,14,18,0,37,37151,D76,47.43613668,0.63971986,Plein jour,En agglomération,Hors intersection,Normale,Autre collision,3,2,2,0,1,1,1,0,3,50,1,1,0,0,1,0,28.0,,deux_roues,,1,2,1,1,6
202400015252,2024-06-23 18:10:00,2024,6,23,18,10,34,34203,Chemin du Parc,43.40387,3.512616,Plein jour,En agglomération,Intersection en X,Normale,Deux véhicules - côté,3,2,2,0,2,1,1,0,1,50,2,2,1,0,0,1,34.0,18.0,voiture,deux_roues,1,2,2,1,3
202400015252,2024-06-23 18:10:00,2024,6,23,18,10,34,34203,Chemin du Parc,43.40387,3.512616,Plein jour,En agglomération,Intersection en X,Normale,Deux véhicules - côté,3,2,2,0,1,1,1,0,1,50,2,2,1,0,0,1,34.0,18.0,voiture,deux_roues,1,2,2,1,3
202400015253,2024-07-03 12:10:00,2024,7,3,12,10,39,39471,VC de Bard à Le Gravier,46.720167,5.485911,Plein jour,Hors agglomération,Hors intersection,Normale,Autre collision,4,2,2,0,2,3,2,0,3,80,1,1,0,1,0,0,20.0,,voiture,,1,1,1,1,6
202400015254,2024-03-14 17:35:00,2024,3,14,17,35,88,88037,5 Contrexard,47.994016,6.736446,Plein jour,Hors agglomération,Hors intersection,Normale,Deux véhicules - frontale,3,2,2,0,2,3,1,0,1,90,2,2,1,1,0,0,58.0,33.0,deux_roues,utilitaire_camion,1,1,1,1,1
202400015255,2024-03-14 08:36:00,2024,3,14,8,36,13,13037,76 Avenue du Général de Gaulle,43.55041305,5.21897963,Plein jour,En agglomération,Autre intersection,Temps éblouissant,Deux véhicules - côté,4,2,2,0,1,2,1,0,8,50,1,2,1,0,0,1,44.0,,voiture,,1,2,9,7,3
202400015256,2024-06-30 12:15:00,2024,6,30,12,15,44,44154,75 Avenue du 11 Novembre 1918,47.223955,-2.157113,Plein jour,En agglomération,Hors intersection,Normale,Deux véhicules - côté,4,2,2,1,1,1,1,0,5,50,2,2,1,0,1,0,81.0,20.0,deux_roues,voiture,1,2,1,1,3
202400015257,2024-07-03 14:55:00,2024,7,3,14,55,29,29272,N165,47.96429153,-3.96996103,Plein jour,Hors agglomération,Hors intersection,Temps couvert,Trois véhicules et plus - collisions multiples,2,2,2,0,1,1,1,8,1,110,3,4,1,0,0,3,22.0,66.0,voiture,utilitaire_camion,1,1,1,8,5
202400015258,2024-03-14 18:40:00,2024,3,14,18,40,33,33122,,44.735973,-0.774198,Plein jour,En agglomération,Autre intersection,Normale,Sans collision,3,2,2,0,1,1,1,5,6,70,2,2,1,0,0,1,38.0,37.0,deux_roues,transport_commun,1,2,9,1,7
202400015259,2024-03-13 14:35:00,2024,3,13,14,35,17,17038,route nationale 10,45.212943,-0.293884,Plein jour,Hors agglomération,Hors intersection,Normale,Deux véhicules - arrière,2,3,4,0,1,1,1,0,1,110,2,4,3,0,0,1,57.0,56.0,voiture,utilitaire_camion,1,1,1,1,2
202400015260,2024-07-03 00:30:00,2024,7,3,0,30,38,38394,Route de Romans,45.09091,5.223055,Nuit sans éclairage public,Hors agglomération,Hors intersection,Normale,Autre collision,3,2,2,0,1,2,1,0,3,90,1,2,0,0,1,1,16.0,,voiture,,3,1,1,1,6
202400015261,2024-03-14 00:30:00,2024,3,14,0,30,38,38052,rd 1091 les sables,45.099349,6.009626,Nuit sans éclairage public,En agglomération,Hors intersection,Normale,Autre collision,3,2,2,0,1,1,1,0,3,80,1,2,0,0,2,0,22.0,,voiture,,3,2,1,1,6
202400015262,2024-07-03 00:02:00,2024,7,3,0,2,02,02124,D132,49.749496,3.378044,Nuit sans éclairage public,En agglomération,Hors intersection,Normale,Autre collision,3,2,2,0,1,1,1,2,8,50,1,1,0,0,1,0,35.0,,voiture,,3,2,1,1,6
202400015263,2024-03-10 14:40:00,2024,3,10,14,40,78,78506,A11,48.517598,1.790629,Plein jour,Hors agglomération,Hors intersection,Normale,Autre collision,1,3,3,0,1,1,1,0,1,130,1,1,0,0,1,0,42.0,,voiture,,1,1,1,1,6
202400015264,2024-06-29 14:15:00,2024,6,29,14,15,84,84017,Départementale 974,44.119573,5.248246,Plein jour,Hors agglomération,Hors intersection,Vent fort / tempête,Sans collision,3,2,2,0,2,4,1,0,3,80,1,1,0,0,1,0,62.0,,deux_roues,,1,1,1,6,7
202400015265,2024-03-14 12:30:00,2024,3,14,12,30,988,98807,Lindéralique (Tribu),-20.683642,164.966256,Plein jour,Hors agglomération,Intersection en T,Temps couvert,Deux véhicules - côté,3,2,2,0,2,3,2,0,1,70,2,5,4,0,1,0,67.0,25.0,voiture,utilitaire_camion,1,1,3,8,3
202400015265,2024-03-14 12:30:00,2024,3,14,12,30,988,98807,Lindéralique (Tribu),-20.683642,164.966256,Plein jour,Hors agglomération,Intersection en T,Temps couvert,Deux véhicules - côté,3,2,2,-1,-1,1,2,-1,1,-1,2,5,4,0,1,0,67.0,25.0,voiture,utilitaire_camion,1,1,3,8,3
202400015266,2024-07-03 02:01:00,2024,7,3,2,1,06,06148,2222 Route de Vence,43.722924,7.076198,Nuit sans éclairage public,Hors agglomération,Hors intersection,Normale,Deux véhicules - arrière,3,2,2,0,2,3,1,0,1,70,2,3,1,0,1,1,17.0,,deux_roues,voiture,3,1,1,1,2
202400015267,2024-03-13 08:20:00,2024,3,13,8,20,976,97615,10-12 rue des jardins,-12.796145,45.275044,Plein jour,En agglomération,Hors intersection,Normale,Autre collision,3,2,2,0,1,2,1,0,1,50,1,2,1,0,0,1,42.0,,utilitaire_camion,,1,2,1,1,6
202400015268,2024-07-03 09:30:00,2024,7,3,9,30,60,60291,21 Rue de la Garenne,49.65163,3.069472,Plein jour,En agglomération,Hors intersection,Normale,Deux véhicules - frontale,3,2,2,0,1,2,1,0,1,50,2,2,0,0,1,1,37.0,20.0,voiture,voiture,1,2,1,1,1
202400015269,2024-03-13 16:20:00,2024,3,13,16,20,13,13025,"d46, route de beaurecueil",43.495725,5.567644,Plein jour,Hors agglomération,Hors intersection,Normale,Autre collision,3,2,1,0,2,1,1,0,1,90,3,3,1,0,0,2,16.0,17.0,deux_roues,deux_roues,1,1,1,1,6
202400015270,2024-06-26 19:15:00,2024,6,26,19,15,36,36076,,46.68853073,0.97166136,Plein jour,Hors agglomération,Hors intersection,Normale,Autre collision,3,2,2,0,1,3,1,0,3,80,1,1,0,0,0,1,62.0,,voiture,,1,1,1,1,6
202400015271,2024-03-14 09:30:00,2024,3,14,9,30,45,45155,Chemin exploitation agricole situé à côté du point D940 PR 23 + 50,47.730304,2.66846,Plein jour,Hors agglomération,Hors intersection,Normale,Sans collision,4,2,2,0,1,1,1,0,1,90,1,1,0,1,0,0,61.0,,deux_roues,,1,1,1,1,7
202400015272,2024-07-02 17:40:00,2024,7,2,17,40,07,07313,RD 820,45.309966,4.753204,Plein jour,Hors agglomération,Hors intersection,Normale,Deux véhicules - frontale,3,2,3,0,2,1,1,0,1,90,2,2,0,0,1,1,48.0,73.0,voiture,utilitaire_camion,1,1,1,1,1
202400015273,2024-03-14 14:30:00,2024,3,14,14,30,30,30257,,43.876226,4.469837,Plein jour,En agglomération,Hors intersection,Normale,Deux véhicules - côté,3,2,2,0,1,1,1,0,1,50,2,2,1,0,1,0,23.0,75.0,voiture,deux_roues,1,2,1,1,3
202400015274,2024-03-15 16:45:00,2024,3,15,16,45,71,71024,D472,46.303215,4.025143,Plein jour,En agglomération,Hors intersection,Normale,Autre collision,3,2,2,0,1,2,1,0,1,50,1,2,0,0,0,2,16.0,,deux_roues,,1,2,1,1,6
202400015275,2024-07-02 17:00:00,2024,7,2,17,0,17,17177,D131,45.930535,-0.251446,Plein jour,Hors agglomération,Intersection en X,Normale,Deux véhicules - côté,3,2,2,0,1,1,1,5,1,80,2,4,1,0,0,3,49.0,78.0,voiture,voiture,1,1,2,1,3
202400015275,2024-07-02 17:00:00,2024,7,2,17,0,17,17177,D131,45.930535,-0.251446,Plein jour,Hors agglomération,Intersection en X,Normale,Deux véhicules - côté,3,2,2,-1,1,1,1,5,1,80,2,4,1,0,0,3,49.0,78.0,voiture,voiture,1,1,2,1,3
202400015276,2024-03-14 17:15:00,2024,3,14,17,15,67,67205,27 Rue de la Republique,48.69914,7.78538,Plein jour,En agglomération,Hors intersection,Normale,Deux véhicules - côté,3,2,2,0,1,1,1,0,1,50,2,2,1,0,0,1,,66.0,voiture,deux_roues,1,2,1,1,3
202400015277,2024-06-28 23:00:00,2024,6,28,23,0,87,87089,D942 pr 15,46.210665,1.179228,Nuit sans éclairage public,Hors agglomération,Hors intersection,Normale,Autre collision,3,2,2,0,1,1,1,0,3,80,2,2,1,0,1,0,35.0,38.0,deux_roues,utilitaire_camion,3,1,1,1,6
202400015278,2024-03-14 00:07:00,2024,3,14,0,7,38,38565,3917 Avenue du 11 Novembre,45.265626,5.655186,Nuit sans éclairage public,Hors agglomération,Hors intersection,Normale,Autre collision,3,2,0,2,1,1,1,0,1,70,1,2,1,1,0,0,26.0,,voiture,,3,1,1,1,6
202400015279,2024-07-03 05:30:00,2024,7,3,5,30,987,98738,"RT1, PK 14,8, en face du centre commercial AUCHAN TAMANU",-17.618,-149.549,Nuit sans éclairage public,En agglomération,Hors intersection,Normale,Deux véhicules - frontale,2,3,3,0,1,1,1,0,1,50,1,2,1,0,0,1,33.0,,voiture,,3,2,1,1,1
202400015280,2024-03-14 18:30:00,2024,3,14,18,30,26,26331,Route de Saint Nazaire,45.052135,5.292342,Crépuscule ou aube,Hors agglomération,Intersection en X,Normale,Deux véhicules - côté,3,3,2,0,1,2,1,0,1,80,2,2,1,0,1,0,62.0,57.0,deux_roues,voiture,2,1,2,1,3
202400015280,2024-03-14 18:30:00,2024,3,14,18,30,26,26331,Route de Saint Nazaire,45.052135,5.292342,Crépuscule ou aube,Hors agglomération,Intersection en X,Normale,Deux véhicules - côté,3,2, -1,-1,1,1,1,0,1,-1,2,2,1,0,1,0,62.0,57.0,deux_roues,voiture,2,1,2,1,3
202400015281,2024-07-02 18:25:00,2024,7,2,18,25,13,13051,D15,43.599903,5.131527,Plein jour,Hors agglomération,Intersection en T,Normale,Deux véhicules - côté,3,2,2,0,1,1,1,0,1,80,3,3,2,0,0,1,38.0,18.0,voiture,voiture,1,1,3,1,3
202400015281,2024-07-02 18:25:00,2024,7,2,18,25,13,13051,D15,43.599903,5.131527,Plein jour,Hors agglomération,Intersection en T,Normale,Deux véhicules - côté,3,1, -1,-1,1,3,1,0,1,-1,3,3,2,0,0,1,38.0,18.0,voiture,voiture,1,1,3,1,3
202400015282,2024-03-13 16:09:00,2024,3,13,16,9,69,69241,Route Départementale 342,45.620742,4.713253,Plein jour,Hors agglomération,Intersection en T,Normale,Trois véhicules et plus - en chaîne,3,2,2,0,1,2,1,0,1,-1,3,3,0,0,1,2,51.0,70.0,voiture,voiture,1,1,3,1,4
202400015282,2024-03-13 16:09:00,2024,3,13,16,9,69,69241,Route Départementale 342,45.620742,4.713253,Plein jour,Hors agglomération,Intersection en T,Normale,Trois véhicules et plus - en chaîne,3,2,2,2,2,1,1,0,1,80,3,3,0,0,1,2,51.0,70.0,voiture,voiture,1,1,3,1,4
202400015283,2024-07-02 18:00:00,2024,7,2,18,0,78,78466,Rue de Vernouillet,48.9373,1.97601,Plein jour,Hors agglomération,Hors intersection,Normale,Deux véhicules - côté,3,2,0,0,1,1,1,0,1,50,2,2,1,0,1,0,40.0,56.0,voiture,deux_roues,1,1,1,1,3
202400015284,2024-03-14 23:25:00,2024,3,14,23,25,81,81219,N126,43.567516,1.95017,Nuit sans éclairage public,Hors agglomération,Hors intersection,Normale,Deux véhicules - arrière,2,2,3,0,1,1,1,0,1,80,2,2,0,1,1,0,59.0,45.0,voiture,utilitaire_camion,3,1,1,1,2
202400015285,2024-07-03 08:40:00,2024,7,3,8,40,17,17385,route départementale 734,45.927744,-1.285089,Plein jour,Hors agglomération,Hors intersection,Normale,Deux véhicules - frontale,3,2,2,0,1,1,1,0,1,80,2,2,1,1,0,0,29.0,18.0,utilitaire_camion,voiture,1,1,1,1,1
202400015286,2024-07-02 16:39:00,2024,7,2,16,39,51,51437,Autroute-A4-PK:122.00-METZ/PARIS,49.22731249,3.8248349,Plein jour,Hors agglomération,Hors intersection,Pluie forte,Sans collision,1,2,2,0,2,1,3,0,3,110,1,2,0,0,1,1,31.0,,voiture,,1,1,1,3,7
202400015287,2024-03-15 12:40:00,2024,3,15,12,40,81,81038,Route de Lavaur,43.892952,1.893361,Plein jour,Hors agglomération,Intersection en T,Normale,Deux véhicules - côté,3,2,2,0,1,1,1,0,1,70,2,2,1,1,0,0,88.0,21.0,deux_roues,voiture,1,1,3,1,3
202400015287,2024-03-15 12:40:00,2024,3,15,12,40,81,81038,Route de Lavaur,43.892952,1.893361,Plein jour,Hors agglomération,Intersection en T,Normale,Deux véhicules - côté,3,2, -1,-1,1,1,1,0,1,80,2,2,1,1,0,0,88.0,21.0,deux_roues,voiture,1,1,3,1,3
202400015288,2024-07-02 13:00:00,2024,7,2,13,0,971,97125,1147 Desbonnes,16.277033,-61.285214,Plein jour,Hors agglomération,Hors intersection,Normale,Deux véhicules - arrière,2,2,2,0,1,1,1,0,1,80,2,2,1,0,1,0,51.0,49.0,deux_roues,deux_roues,1,1,1,1,2
202400015289,2024-03-14 14:00:00,2024,3,14,14,0,40,40257,1240 Route de Saint-paul,44.26,-1.183851,Plein jour,Hors agglomération,Hors intersection,Normale,Deux véhicules - côté,3,2,2,0,1,1,1,0,1,80,2,2,1,0,1,0,59.0,,deux_roues,autre,1,1,1,1,3
202400015290,2024-07-03 00:01:00,2024,7,3,0,1,77,77382,74 Rue Carnot,48.897294,2.877737,Nuit avec éclairage non allumé,En agglomération,Hors intersection,Normale,Sans collision,3,2,2,0,1,3,1,0,1,50,1,1,0,0,1,0,33.0,,deux_roues,,4,2,1,1,7
202400015291,2024-07-02 17:35:00,2024,7,2,17,35,95,95308,D927,49.105174,2.129202,Plein jour,Hors agglomération,Giratoire,Normale,Deux véhicules - arrière,3,1,2,0,1,2,1,0,1,80,2,2,1,0,1,0,33.0,71.0,utilitaire_camion,deux_roues,1,1,6,1,2
202400015292,2024-03-14 17:40:00,2024,3,14,17,40,40,40202,35 Route de Sort,43.692027,-0.998573,Plein jour,En agglomération,Hors intersection,Normale,Deux véhicules - frontale,3,2,2,0,1,1,1,0,1,50,2,9,8,0,0,1,33.0,39.0,voiture,voiture,1,2,1,1,1
202400015293,2024-07-02 23:00:00,2024,7,2,23,0,66,66210,Avenue des Sports,42.636311,2.754336,Nuit sans éclairage public,En agglomération,Intersection en T,Normale,Deux véhicules - côté,4,2,2,0,1,1,1,0,1,50,2,2,1,0,1,0,31.0,26.0,deux_roues,voiture,3,2,3,1,3
202400015293,2024-07-02 23:00:00,2024,7,2,23,0,66,66210,Avenue des Sports,42.636311,2.754336,Nuit sans éclairage public,En agglomération,Intersection en T,Normale,Deux véhicules - côté,4,2, -1,-1,1,1,1,0,8,50,2,2,1,0,1,0,31.0,26.0,deux_roues,voiture,3,2,3,1,3
202400015294,2024-03-07 13:30:00,2024,3,7,13,30,14,14762,28 Rue André Halbout,48.840126,-0.88821,Plein jour,En agglomération,Hors intersection,Normale,Deux véhicules - côté,4,2,2,0,2,1,1,0,1,50,2,2,1,0,0,1,80.0,21.0,voiture,deux_roues,1,2,1,1,3
202400015295,2024-07-03 14:00:00,2024,7,3,14,0,30,30345,la tavernole,44.284398,3.997436,Plein jour,Hors agglomération,Hors intersection,Normale,Deux véhicules - frontale,3,2,2,0,1,4,1,0,1,80,2,2,0,1,0,1,35.0,51.0,voiture,deux_roues,1,1,1,1,1
202400015296,2024-03-14 13:25:00,2024,3,14,13,25,22,22118,Viaduc,48.45469,-2.037774,Plein jour,En agglomération,Hors intersection,Normale,Deux véhicules - arrière,3,2,2,2,1,1,1,2,1,50,2,2,1,0,0,1,71.0,29.0,deux_roues,voiture,1,2,1,1,2
202400015297,2024-07-02 17:40:00,2024,7,2,17,40,05,05181,Rd 1091,45.032971,6.396575,Plein jour,Hors agglomération,Hors intersection,Normale,Deux véhicules - côté,3,2,2,0,2,1,1,0,1,90,2,2,1,0,0,1,40.0,53.0,deux_roues,deux_roues,1,1,1,1,3
202400015298,2024-03-14 08:30:00,2024,3,14,8,30,60,60700,d1011,49.38265962,2.14785719,Plein jour,Hors agglomération,Hors intersection,Normale,Deux véhicules - arrière,3,3,0,0,3,1,1,0,1,90,2,2,1,0,1,0,49.0,34.0,deux_roues,voiture,1,1,1,1,2
202400015299,2024-07-02 12:10:00,2024,7,2,12,10,04,04193,RD902 Point routier 2+285,44.530719,6.709857,Plein jour,Hors agglomération,Hors intersection,Normale,Trois véhicules et plus - collisions multiples,3,2,2,0,2,3,1,0,1,80,3,3,1,0,1,1,57.0,68.0,deux_roues,voiture,1,1,1,1,5
202400015300,2024-07-02 22:40:00,2024,7,2,22,40,89,89257,6 Rue Georges Pompidou,47.97101,3.505136,Nuit avec éclairage allumé,En agglomération,Hors intersection,Pluie légère,Autre collision,4,2,2,0,1,1,2,0,1,30,1,2,1,0,1,0,52.0,,voiture,,5,2,1,2,6
202400015301,2024-07-03 10:50:00,2024,7,3,10,50,71,71342,35 Quai de l'Industrie,46.45325538,4.1048332,Plein jour,En agglomération,Intersection en T,Normale,Deux véhicules - côté,3,2,2,0,1,1,2,5,1,50,2,2,1,0,1,0,63.0,55.0,voiture,deux_roues,1,2,3,1,3
202400015301,2024-07-03 10:50:00,2024,7,3,10,50,71,71342,35 Quai de l'Industrie,46.45325538,4.1048332,Plein jour,En agglomération,Intersection en T,Normale,Deux véhicules - côté,3,-1, -1,0,1,1,2,5,1,20,2,2,1,0,1,0,63.0,55.0,voiture,deux_roues,1,2,3,1,3
202400015302,2024-03-14 16:25:00,2024,3,14,16,25,59,59256,M655,50.58092036,3.13848495,Plein jour,Hors agglomération,Hors intersection,Normale,Sans collision,7,1,2,0,4,2,1,0,1,50,1,1,0,0,1,0,40.0,,deux_roues,,1,1,1,1,7
202400015303,2024-06-27 19:15:00,2024,6,27,19,15,21,21639,Avenue de la Gare,47.193551,5.374627,Plein jour,En agglomération,Autre intersection,Normale,Deux véhicules - frontale,3,2,2,0,1,1,1,1,1,80,2,4,1,0,1,2,87.0,36.0,voiture,voiture,1,2,9,1,1
202400015304,2024-07-02 17:00:00,2024,7,2,17,0,38,38494,Route de Bourgoin,45.69503,5.380425,Plein jour,Hors agglomération,Intersection en X,Normale,Deux véhicules - côté,3,2,2,0,1,1,1,0,1,50,2,2,1,0,1,0,67.0,15.0,utilitaire_camion,deux_roues,1,1,2,1,3
202400015304,2024-07-02 17:00:00,2024,7,2,17,0,38,38494,Route de Bourgoin,45.69503,5.380425,Plein jour,Hors agglomération,Intersection en X,Normale,Deux véhicules - côté,3,2,2,0,1,1,1,0,1,80,2,2,1,0,1,0,67.0,15.0,utilitaire_camion,deux_roues,1,1,2,1,3
202400015305,2024-03-13 14:50:00,2024,3,13,14,50,13,13005,A50-Sens Aubagne vers Marseille,43.28848507,5.54834252,Plein jour,Hors agglomération,Hors intersection,Normale,Deux véhicules - côté,1,1,2,0,1,1,1,0,1,90,2,3,2,0,0,1,18.0,21.0,voiture,voiture,1,1,1,1,3
202400015306,2024-07-01 10:25:00,2024,7,1,10,25,69,69171,Route Départementale 389,45.798192,4.588519,Plein jour,Hors agglomération,Intersection en T,Normale,Deux véhicules - côté,3,2,2,2,1,2,1,0,1,70,2,3,1,0,1,1,70.0,30.0,voiture,deux_roues,1,1,3,1,3
202400015306,2024-07-01 10:25:00,2024,7,1,10,25,69,69171,Route Départementale 389,45.798192,4.588519,Plein jour,Hors agglomération,Intersection en T,Normale,Deux véhicules - côté,3,2,2,0,1,1,1,0,1,-1,2,3,1,0,1,1,70.0,30.0,voiture,deux_roues,1,1,3,1,3
202400015307,2024-03-13 17:15:00,2024,3,13,17,15,13,13005,A50-Sens Marseille vers Aubagne,43.2866,5.536432,Plein jour,Hors agglomération,Hors intersection,Normale,Deux véhicules - arrière,1,-1,3,0,1,1,1,0,1,90,2,2,1,0,0,1,60.0,31.0,utilitaire_camion,voiture,1,1,1,1,2
202400015308,2024-07-01 07:20:00,2024,7,1,7,20,81,81038,279 Route de Graulhet,43.878048,1.911525,Plein jour,En agglomération,Intersection en T,Normale,Deux véhicules - côté,3,2,2,0,1,1,1,5,1,50,2,2,1,0,1,0,33.0,16.0,utilitaire_camion,deux_roues,1,2,3,1,3
202400015308,2024-07-01 07:20:00,2024,7,1,7,20,81,81038,279 Route de Graulhet,43.878048,1.911525,Plein jour,En agglomération,Intersection en T,Normale,Deux véhicules - côté,3,2,2,-1,1,1,1,5,1,-1,2,2,1,0,1,0,33.0,16.0,utilitaire_camion,deux_roues,1,2,3,1,3
202400015309,2024-03-14 15:53:00,2024,3,14,15,53,33,33096,,44.90173872,-0.49394021,Plein jour,Hors agglomération,Hors intersection,Normale,Trois véhicules et plus - en chaîne,1,3,6,0,1,1,1,0,1,110,3,5,4,0,0,1,40.0,25.0,voiture,voiture,1,1,1,1,4
202400015310,2024-07-02 20:02:00,2024,7,2,20,2,65,65059,Route de la Plaine,43.080784,0.149099,Plein jour,Hors agglomération,Intersection en T,Normale,Autre collision,3,2,2,0,1,1,1,0,8,90,2,4,3,0,0,1,30.0,84.0,voiture,voiture,1,1,3,1,6
202400015310,2024-07-02 20:02:00,2024,7,2,20,2,65,65059,Route de la Plaine,43.080784,0.149099,Plein jour,Hors agglomération,Intersection en T,Normale,Autre collision,3,2, -1,-1,1,1,1,0,8,-1,2,4,3,0,0,1,30.0,84.0,voiture,voiture,1,1,3,1,6
202400015311,2024-03-14 18:42:00,2024,3,14,18,42,91,91692,RN 118,48.680073,2.191169,Crépuscule ou aube,Hors agglomération,Hors intersection,Normale,Deux véhicules - côté,2,3,2,0,1,1,1,0,1,110,2,2,1,0,0,1,33.0,45.0,voiture,deux_roues,2,1,1,1,3