accident_id,datetime,annee,mois,jour,heure,minute,departement,commune_insee,adresse,latitude,longitude,luminosite,agglomeration,intersection,meteo,collision,catr,circ,nbv,vosp,prof,plan,surf,infra,situ,vma,nb_vehicules,nb_usagers,nb_indemnes,nb_tues,nb_blesses_hosp,nb_blesses_legers,age_cond_1,age_cond_2,veh_type_cond_1,veh_type_cond_2,lum_code,agg_code,int_code,atm_code,col_code
202400015390,2024-07-01 21:55:00,2024,7,1,21,55,78,78643,EUROPE BD DE L',48.975781,1.985272,Crépuscule ou aube,En agglomération,Intersection en T,Normale,Deux véhicules - frontale,3,2,2,0,1,1,1,0,1,50,2,4,0,0,2,2,62.0,25.0,voiture,voiture,2,2,3,1,1
202400015390,2024-07-01 21:55:00,2024,7,1,21,55,78,78643,EUROPE BD DE L',48.975781,1.985272,Crépuscule ou aube,En agglomération,Intersection en T,Normale,Deux véhicules - frontale,3,2,2,0,1,1,1,0,1,50,2,4,0,0,2,2,62.0,25.0,voiture,voiture,2,2,3,1,1
202400015391,2024-03-11 13:45:00,2024,3,11,13,45,64,64284,,43.293795,-0.38682,Plein jour,En agglomération,Hors intersection,Pluie forte,Deux véhicules - arrière,4,2,6,2,1,1,2,2,1,50,2,3,2,0,0,1,21.0,21.0,voiture,voiture,1,2,1,3,2
202400015392,2024-07-01 07:15:00,2024,7,1,7,15,76,76681,Boulevard Industriel,49.42058,1.10705,Plein jour,Hors agglomération,Hors intersection,Normale,Deux véhicules - arrière,7,2,4,0,1,1,1,0,1,70,2,2,1,0,1,0,27.0,52.0,deux_roues,voiture,1,1,1,1,2
202400015393,2024-03-13 12:40:00,2024,3,13,12,40,63,63113,Clémenceau/Malfreyt,45.77382,3.08496,Plein jour,En agglomération,Intersection en T,Normale,Autre collision,4,2,2,0,1,1,1,0,1,30,1,2,1,0,1,0,37.0,,utilitaire_camion,,1,2,3,1,6
202400015393,2024-03-13 12:40:00,2024,3,13,12,40,63,63113,Clémenceau/Malfreyt,45.77382,3.08496,Plein jour,En agglomération,Intersection en T,Normale,Autre collision,4,2,2,0,1,3,1,0,1,30,1,2,1,0,1,0,37.0,,utilitaire_camion,,1,2,3,1,6
202400015394,2024-03-13 10:55:00,2024,3,13,10,55,63,63113,JULIEN (AVENUE),45.77412106,3.07696715,Plein jour,En agglomération,Hors intersection,Normale,Deux véhicules - côté,4,1,2,0,1,1,1,0,1,30,2,2,1,0,0,1,43.0,24.0,voiture,deux_roues,1,2,1,1,3
202400015395,2024-06-28 18:00:00,2024,6,28,18,0,76,76351,MONT GAILLARD (ALLEE DU),49.52373562,0.11454034,Plein jour,En agglomération,Hors intersection,Normale,Autre collision,4,2,2,0,1,1,1,0,1,50,1,2,1,0,0,1,34.0,,voiture,,1,2,1,1,6
202400015396,2024-03-12 08:41:00,2024,3,12,8,41,49,49007,LEBASQUE,47.45852,-0.53002,Plein jour,En agglomération,Hors intersection,Normale,Deux véhicules - arrière,4,2,2,0,1,1,1,0,1,30,2,2,1,0,0,1,62.0,21.0,voiture,deux_roues,1,2,1,1,2
202400015397,2024-03-12 19:45:00,2024,3,12,19,45,49,49007,CAMUS,47.47893,-0.57629,Nuit avec éclairage allumé,En agglomération,Hors intersection,Normale,Autre collision,4,2,2,0,1,1,1,0,1,50,1,1,0,0,0,1,56.0,,deux_roues,,5,2,1,1,6
202400015398,2024-06-28 15:25:00,2024,6,28,15,25,76,76351,Rue Aristide Briand,49.5001,0.13196,Plein jour,En agglomération,Intersection en T,Normale,Autre collision,4,2,2,0,1,1,1,0,1,50,1,2,1,0,0,1,38.0,,deux_roues,,1,2,3,1,6
202400015398,2024-06-28 15:25:00,2024,6,28,15,25,76,76351,Rue Aristide Briand,49.5001,0.13196,Plein jour,En agglomération,Intersection en T,Normale,Autre collision,4,2, -1,-1,1,1,1,0,1,-1,1,2,1,0,0,1,38.0,,deux_roues,,1,2,3,1,6
202400015399,2024-03-13 08:00:00,2024,3,13,8,0,45,45285,Avenue Pierre Mendès France,47.90576,1.86924,Plein jour,En agglomération,Hors intersection,Normale,Autre collision,7,2,4,0,1,1,1,0,1,50,1,2,1,0,1,0,37.0,,voiture,,1,2,1,1,6
202400015400,2024-06-30 19:45:00,2024,6,30,19,45,72,72181,CORDELET LOUIS ( AV),48.01286,0.18797,Plein jour,En agglomération,Hors intersection,Normale,Deux véhicules - frontale,4,2,1,0,1,1,1,0,1,50,2,2,1,0,0,1,43.0,58.0,voiture,voiture,1,2,1,1,1
202400015401,2024-06-27 17:20:00,2024,6,27,17,20,71,71153,ALBERT 1ER (RUE),46.78926,4.43201,Plein jour,En agglomération,Intersection en T,Normale,Deux véhicules - côté,4,-1,2,0,1,1,1,5,1,50,2,2,1,0,0,1,29.0,13.0,voiture,deux_roues,1,2,3,1,3
202400015401,2024-06-27 17:20:00,2024,6,27,17,20,71,71153,ALBERT 1ER (RUE),46.78926,4.43201,Plein jour,En agglomération,Intersection en T,Normale,Deux véhicules - côté,4,2,2,-1,1,1,1,5,1,50,2,2,1,0,0,1,29.0,13.0,voiture,deux_roues,1,2,3,1,3
202400015402,2024-03-13 21:35:00,2024,3,13,21,35,45,45068,76 Avenue du Général Leclerc,48.02105012,2.73721334,Nuit avec éclairage allumé,En agglomération,Intersection en T,Normale,Deux véhicules - côté,3,4,2,0,1,3,1,0,1,50,2,2,1,0,0,1,,35.0,voiture,voiture,5,2,3,1,3
202400015402,2024-03-13 21:35:00,2024,3,13,21,35,45,45068,76 Avenue du Général Leclerc,48.02105012,2.73721334,Nuit avec éclairage allumé,En agglomération,Intersection en T,Normale,Deux véhicules - côté,3,2,2,0,1,1,1,0,1,50,2,2,1,0,0,1,,35.0,voiture,voiture,5,2,3,1,3
202400015403,2024-07-01 21:00:00,2024,7,1,21,0,69,69266,Cours Tolstoï,45.76280341,4.87778795,Plein jour,En agglomération,Hors intersection,Normale,Deux véhicules - arrière,4,1,1,3,1,1,1,0,1,30,2,2,1,0,0,1,20.0,31.0,deux_roues,utilitaire_camion,1,2,1,1,2
202400015404,2024-03-13 17:50:00,2024,3,13,17,50,44,44109,14 Rue Romain Rolland,47.20549,-1.60668,Plein jour,En agglomération,Intersection en X,Normale,Deux véhicules - frontale,4,2,2,0,1,1,1,0,1,30,2,2,1,0,0,1,43.0,18.0,voiture,deux_roues,1,2,2,1,1
202400015404,2024-03-13 17:50:00,2024,3,13,17,50,44,44109,14 Rue Romain Rolland,47.20549,-1.60668,Plein jour,En agglomération,Intersection en X,Normale,Deux véhicules - frontale,4,3,3,0,1,1,1,5,1,30,2,2,1,0,0,1,43.0,18.0,voiture,deux_roues,1,2,2,1,1
202400015405,2024-06-27 10:10:00,2024,6,27,10,10,69,69286,Rue du Capitaine Julien,45.82295675,4.88995922,Plein jour,En agglomération,Hors intersection,Normale,Autre collision,4,2,2,0,1,1,1,8,1,50,1,2,1,0,0,1,58.0,,voiture,,1,2,1,1,6
202400015406,2024-03-13 13:00:00,2024,3,13,13,0,43,43041,54 Avenue Charles Dupuy,45.0493,3.91934,Plein jour,En agglomération,Hors intersection,Normale,Deux véhicules - côté,3,2,2,0,1,1,1,0,1,50,2,4,3,0,0,1,33.0,18.0,voiture,deux_roues,1,2,1,1,3
202400015407,2024-03-13 19:40:00,2024,3,13,19,40,42,42127,Rue des Glycines,46.08357,4.07188,Nuit sans éclairage public,En agglomération,Hors intersection,Normale,Deux véhicules - arrière,3,1,2,1,1,1,1,0,1,50,2,2,1,0,0,1,23.0,23.0,utilitaire_camion,deux_roues,3,2,1,1,2
202400015408,2024-07-01 21:00:00,2024,7,1,21,0,69,69290,Boulevard de la Porte des Alpes,45.71693,4.9283,Crépuscule ou aube,En agglomération,Intersection à plus de 4 branches,Normale,Deux véhicules - côté,4,2,4,0,1,1,1,0,1,70,2,2,1,0,0,1,38.0,26.0,voiture,voiture,2,2,5,1,3
202400015408,2024-07-01 21:00:00,2024,7,1,21,0,69,69290,Boulevard de la Porte des Alpes,45.71693,4.9283,Crépuscule ou aube,En agglomération,Intersection à plus de 4 branches,Normale,Deux véhicules - côté,4,2,2,2,1,1,1,0,1,70,2,2,1,0,0,1,38.0,26.0,voiture,voiture,2,2,5,1,3
202400015408,2024-07-01 21:00:00,2024,7,1,21,0,69,69290,Boulevard de la Porte des Alpes,45.71693,4.9283,Crépuscule ou aube,En agglomération,Intersection à plus de 4 branches,Normale,Deux véhicules - côté,4,2,2,2,1,1,1,0,1,70,2,2,1,0,0,1,38.0,26.0,voiture,voiture,2,2,5,1,3
202400015409,2024-03-10 14:20:00,2024,3,10,14,20,38,38318,LOUIS LEYDIER(RUE),45.52887,4.91599,Plein jour,En agglomération,Hors intersection,Normale,Autre collision,4,2,2,0,1,1,1,0,1,50,1,3,2,0,0,1,22.0,,voiture,,1,2,1,1,6
202400015410,2024-06-30 13:35:00,2024,6,30,13,35,64,64445,SARAGOSSE DE,43.30855,-0.36314,Plein jour,En agglomération,Intersection en T,Temps couvert,Deux véhicules - côté,4,2, -1,-1,1,1,1,0,1,-1,2,2,1,0,0,1,68.0,42.0,deux_roues,voiture,1,2,3,8,3
202400015410,2024-06-30 13:35:00,2024,6,30,13,35,64,64445,SARAGOSSE DE,43.30855,-0.36314,Plein jour,En agglomération,Intersection en T,Temps couvert,Deux véhicules - côté,4,2,2,0,1,1,1,0,1,50,2,2,1,0,0,1,68.0,42.0,deux_roues,voiture,1,2,3,8,3
202400015411,2024-03-12 08:00:00,2024,3,12,8,0,35,35281,FUSILLES (RUE DES 25),48.09053,-1.69491,Plein jour,En agglomération,Hors intersection,Pluie légère,Autre collision,4,2,2,2,1,1,2,0,1,50,1,2,1,0,1,0,21.0,,voiture,,1,2,1,2,6
202400015412,2024-06-29 21:05:00,2024,6,29,21,5,60,60175,Rue Henri Bergson,49.2539,2.48727,Plein jour,En agglomération,Hors intersection,Normale,Sans collision,4,2,0,0,1,1,1,0,1,30,1,2,1,0,0,1,,,voiture,,1,2,1,1,7
202400015413,2024-03-13 18:10:00,2024,3,13,18,10,33,33069,,44.86888,-0.58964,Plein jour,En agglomération,Hors intersection,Normale,Deux véhicules - côté,4,2,2,0,2,1,1,0,1,30,2,3,2,0,0,1,18.0,63.0,deux_roues,voiture,1,2,1,1,3
202400015414,2024-06-22 03:35:00,2024,6,22,3,35,59,59350,Rue de La Louvière,50.647909,3.085966,Nuit avec éclairage allumé,En agglomération,Hors intersection,Normale,Autre collision,4,1,1,1,1,1,1,0,8,30,3,4,3,0,0,1,21.0,,voiture,voiture,5,2,1,1,6
202400015415,2024-03-13 10:30:00,2024,3,13,10,30,33,33069,,44.85707,-0.59115,Plein jour,En agglomération,Intersection en X,Normale,Deux véhicules - côté,4,3,5,3,1,1,1,5,1,50,2,2,1,0,0,1,44.0,27.0,utilitaire_camion,utilitaire_camion,1,2,2,1,3
202400015415,2024-03-13 10:30:00,2024,3,13,10,30,33,33069,,44.85707,-0.59115,Plein jour,En agglomération,Intersection en X,Normale,Deux véhicules - côté,4,2, -1,-1,1,1,1,5,1,50,2,2,1,0,0,1,44.0,27.0,utilitaire_camion,utilitaire_camion,1,2,2,1,3
202400015416,2024-06-30 11:20:00,2024,6,30,11,20,57,57508,FOCH (RUE),49.33929,6.04802,Plein jour,En agglomération,Hors intersection,Normale,Autre collision,3,1,2,0,1,1,1,0,1,30,1,2,1,0,1,0,41.0,,voiture,,1,2,1,1,6
202400015417,2024-03-13 14:20:00,2024,3,13,14,20,31,31555,980.3 PLAISANCE (ROCADE ARC EN CIEL),43.6061,1.3684,Plein jour,Hors agglomération,Autre intersection,Normale,Trois véhicules et plus - en chaîne,7,1,2,0,1,1,1,0,8,90,3,3,2,0,0,1,52.0,31.0,voiture,voiture,1,1,9,1,4
202400015418,2024-06-29 12:30:00,2024,6,29,12,30,57,57672,REPUBLIQUE (PLACE DE LA),49.355829,6.163625,Plein jour,En agglomération,Hors intersection,Normale,Trois véhicules et plus - collisions multiples,4,1,2,0,1,1,1,0,1,50,3,3,1,0,0,2,55.0,48.0,voiture,voiture,1,2,1,1,5
202400015419,2024-03-13 08:46:00,2024,3,13,8,46,31,31069,VELASQUEZ (RUE),43.61747798,1.38842136,Plein jour,En agglomération,Hors intersection,Normale,Deux véhicules - côté,4,2,2,0,1,1,1,0,1,30,2,2,1,1,0,0,43.0,38.0,voiture,deux_roues,1,2,1,1,3
202400015420,2024-07-01 14:59:00,2024,7,1,14,59,56,56098,Avenue Pablo Néruda,47.772895,-3.334056,Plein jour,En agglomération,Passage à niveau,Normale,Autre collision,3,2,2,0,1,1,1,4,1,50,1,2,1,0,1,0,46.0,,voiture,,1,2,8,1,6
202400015421,2024-03-07 17:50:00,2024,3,7,17,50,31,31555,ETATS UNIS (AV DES) DU 1AU 281,43.63498,1.43092,Plein jour,En agglomération,Intersection en T,Normale,Deux véhicules - côté,7,2,2,0,1,1,1,0,1,50,2,3,1,0,1,1,32.0,35.0,voiture,deux_roues,1,2,3,1,3
202400015421,2024-03-07 17:50:00,2024,3,7,17,50,31,31555,ETATS UNIS (AV DES) DU 1AU 281,43.63498,1.43092,Plein jour,En agglomération,Intersection en T,Normale,Deux véhicules - côté,7,2,2,0,1,1,1,0,8,50,2,3,1,0,1,1,32.0,35.0,voiture,deux_roues,1,2,3,1,3
202400015422,2024-06-22 20:30:00,2024,6,22,20,30,52,52534,SAINT DIZIER (ROUTE DE),48.66492,4.90518,Plein jour,En agglomération,Autre intersection,Normale,Deux véhicules - frontale,3,2,2,0,1,2,1,0,1,50,2,4,0,0,1,3,60.0,28.0,voiture,voiture,1,2,9,1,1
202400015423,2024-03-13 13:30:00,2024,3,13,13,30,29,29232,Avenue Pierre Mendes-France,47.973255,-4.131993,Plein jour,En agglomération,Hors intersection,Normale,Deux véhicules - côté,4,2,2,0,1,1,1,0,1,50,2,2,1,0,0,1,72.0,42.0,voiture,deux_roues,1,2,1,1,3
202400015424,2024-06-30 11:47:00,2024,6,30,11,47,51,51055,PRIMEVERES (ALLEE),49.282728,4.052554,Plein jour,En agglomération,Hors intersection,Normale,Deux véhicules - côté,4,1,1,0,1,1,1,0,1,30,2,3,2,0,0,1,12.0,82.0,deux_roues,voiture,1,2,1,1,3
202400015425,2024-03-13 08:20:00,2024,3,13,8,20,27,27681,DE LATTRE DE TASSIGNY (AVENUE DU MAL),49.076899,1.463932,Plein jour,Hors agglomération,Intersection en Y,Normale,Deux véhicules - côté,3,2,3,0,3,3,1,5,1,50,2,2,1,0,0,1,33.0,37.0,voiture,voiture,1,1,4,1,3
202400015425,2024-03-13 08:20:00,2024,3,13,8,20,27,27681,DE LATTRE DE TASSIGNY (AVENUE DU MAL),49.076899,1.463932,Plein jour,Hors agglomération,Intersection en Y,Normale,Deux véhicules - côté,3,2,2,0,2,1,1,5,8,50,2,2,1,0,0,1,33.0,37.0,voiture,voiture,1,1,4,1,3
202400015426,2024-06-28 14:20:00,2024,6,28,14,20,50,50129,PAIX (RUE DE LA),49.64829,-1.64902,Plein jour,En agglomération,Hors intersection,Normale,Trois véhicules et plus - en chaîne,4,2,2,0,1,1,1,0,1,50,3,3,2,0,0,1,80.0,44.0,voiture,utilitaire_camion,1,2,1,1,4
202400015427,2024-03-13 17:00:00,2024,3,13,17,0,18,18213,Route de la Charité,47.09659,2.44797,Plein jour,En agglomération,Intersection en T,Normale,Sans collision,2,3,0,0,1,1,1,0,1,50,1,2,1,0,1,0,50.0,,utilitaire_camion,,1,2,3,1,7
202400015427,2024-03-13 17:00:00,2024,3,13,17,0,18,18213,Route de la Charité,47.09659,2.44797,Plein jour,En agglomération,Intersection en T,Normale,Sans collision,2,2,0,0,1,1,1,0,8,50,1,2,1,0,1,0,50.0,,utilitaire_camion,,1,2,3,1,7
202400015428,2024-07-01 10:30:00,2024,7,1,10,30,49,49099,LORRAINE (RUE DE),47.06095,-0.87114,Plein jour,En agglomération,Intersection en Y,Normale,Autre collision,4,3,4,0,2,1,1,0,1,50,1,2,1,0,1,0,67.0,,voiture,,1,2,4,1,6
202400015428,2024-07-01 10:30:00,2024,7,1,10,30,49,49099,LORRAINE (RUE DE),47.06095,-0.87114,Plein jour,En agglomération,Intersection en Y,Normale,Autre collision,4,2,2,0,2,1,1,0,1,50,1,2,1,0,1,0,67.0,,voiture,,1,2,4,1,6
202400015429,2024-03-12 19:54:00,2024,3,12,19,54,14,14333,Avenue du Canteloup,49.40488,0.2431,Nuit avec éclairage allumé,En agglomération,Hors intersection,Normale,Sans collision,4,2,1,0,2,2,1,9,1,30,1,2,1,0,0,1,25.0,,voiture,,5,2,1,1,7
202400015430,2024-03-13 23:20:00,2024,3,13,23,20,13,13208,ANDRE ZENATTI (AVENUE),43.24623,5.38873,Nuit avec éclairage allumé,En agglomération,Hors intersection,Normale,Deux véhicules - frontale,4,2,2,0,1,1,1,0,1,50,2,2,1,0,1,0,34.0,59.0,deux_roues,voiture,5,2,1,1,1
202400015431,2024-07-01 10:40:00,2024,7,1,10,40,45,45234,20bis Rue de la Tour Neuve,47.899482,1.913555,Plein jour,En agglomération,Autre intersection,Normale,Deux véhicules - arrière,4,2,2,0,2,1,1,0,1,30,2,2,1,0,0,1,32.0,51.0,utilitaire_camion,deux_roues,1,2,9,1,2
202400015432,2024-03-13 17:00:00,2024,3,13,17,0,13,13005,PAGNOL (AVENUE MARCEL),43.29645,5.56941,Plein jour,En agglomération,Intersection en T,Normale,Deux véhicules - côté,4,2,2,0,1,1,1,8,1,50,2,2,1,0,1,0,37.0,18.0,voiture,deux_roues,1,2,3,1,3
202400015432,2024-03-13 17:00:00,2024,3,13,17,0,13,13005,PAGNOL (AVENUE MARCEL),43.29645,5.56941,Plein jour,En agglomération,Intersection en T,Normale,Deux véhicules - côté,4,2,2,0,1,1,1,8,1,50,2,2,1,0,1,0,37.0,18.0,voiture,deux_roues,1,2,3,1,3
202400015433,2024-06-29 15:55:00,2024,6,29,15,55,40,40192,ROCADE EST (RD 932 E),43.87666458,-0.46553135,Plein jour,Hors agglomération,Hors intersection,Normale,Trois véhicules et plus - collisions multiples,3,2,2,0,1,1,1,0,1,80,3,3,0,0,1,2,63.0,69.0,voiture,voiture,1,1,1,1,5
202400015434,2024-03-13 16:00:00,2024,3,13,16,0,11,11069,11 Rue du Moulin de la Seigne,43.22587,2.35069,Plein jour,En agglomération,Hors intersection,Normale,Deux véhicules - côté,4,2,2,0,2,1,1,0,1,50,2,2,1,0,0,1,20.0,70.0,deux_roues,voiture,1,2,1,1,3
202400015435,2024-06-29 23:20:00,2024,6,29,23,20,38,38185,REYNOARD (AV. M.),45.16162,5.72881,Nuit avec éclairage allumé,En agglomération,Hors intersection,Normale,Autre collision,4,1,2,1,1,1,1,9,3,50,1,1,0,0,1,0,25.0,,voiture,,5,2,1,1,6
202400015436,2024-03-10 21:45:00,2024,3,10,21,45,10,10387,NOES (RUE DES),48.2982,4.0566,Nuit avec éclairage allumé,En agglomération,Hors intersection,Normale,Sans collision,4,2,1,0,1,1,1,0,1,50,1,1,0,0,0,1,20.0,,deux_roues,,5,2,1,1,7
202400015437,2024-03-10 18:10:00,2024,3,10,18,10,07,07019,D 104 (DEVIATION ST PRIVAS),44.60807,4.40343,Crépuscule ou aube,Hors agglomération,Hors intersection,Neige / grêle,Deux véhicules - frontale,3,2,3,0,1,1,4,0,1,90,2,3,0,0,2,1,36.0,45.0,voiture,voiture,2,1,1,4,1
202400015438,2024-07-01 06:00:00,2024,7,1,6,0,34,34129,PALAVAS D986 (ROUTE DE),43.58568,3.89543,Crépuscule ou aube,Hors agglomération,Hors intersection,Normale,Deux véhicules - arrière,7,3,0,0,1,1,1,3,1,50,2,7,1,0,2,4,39.0,26.0,utilitaire_camion,voiture,2,1,1,1,2
202400015439,2024-03-13 13:30:00,2024,3,13,13,30,06,06088,Promenade des Anglais,43.66659,7.21343,Plein jour,En agglomération,Hors intersection,Normale,Autre collision,7,3,6,0,1,1,1,0,1,50,1,2,1,0,1,0,29.0,,deux_roues,,1,2,1,1,6
202400015440,2024-06-30 01:45:00,2024,6,30,1,45,34,34172,FAUBOURG FIGUEROLLES (RUE DU),43.60548,3.86105,Nuit avec éclairage allumé,En agglomération,Hors intersection,Normale,Deux véhicules - frontale,4,2,2,0,1,1,1,0,1,30,2,2,1,0,0,1,41.0,52.0,voiture,voiture,5,2,1,1,1
202400015441,2024-03-13 10:22:00,2024,3,13,10,22,06,06088,Rue Gioffrédo,43.70203,7.27629,Plein jour,En agglomération,Hors intersection,Normale,Autre collision,4,1,1,0,1,1,1,0,1,15,1,2,1,0,1,0,62.0,,utilitaire_camion,,1,2,1,1,6
202400015442,2024-03-13 07:50:00,2024,3,13,7,50,75,75112,BD PERIPHERIQUE EXTERIEUR,48.828999,2.400134,Plein jour,En agglomération,Hors intersection,Normale,Deux véhicules - côté,4,1,4,0,1,1,1,0,1,70,2,2,1,0,0,1,26.0,29.0,deux_roues,voiture,1,2,1,1,3
202400015443,2024-07-01 20:20:00,2024,7,1,20,20,33,33063,,44.866326,-0.536905,Plein jour,Hors agglomération,Intersection en T,Temps couvert,Deux véhicules - côté,4,1,1,2,2,1,1,0,1,-1,2,2,1,0,1,0,24.0,22.0,deux_roues,voiture,1,1,3,8,3
202400015443,2024-07-01 20:20:00,2024,7,1,20,20,33,33063,,44.866326,-0.536905,Plein jour,Hors agglomération,Intersection en T,Temps couvert,Deux véhicules - côté,4,1,1,2,1,1,1,0,1,30,2,2,1,0,1,0,24.0,22.0,deux_roues,voiture,1,1,3,8,3
202400015444,2024-03-11 16:40:00,2024,3,11,16,40,75,75117,BD PERIPHERIQUE INTERIEUR,48.883981,2.285279,Plein jour,En agglomération,Hors intersection,Pluie légère,Deux véhicules - arrière,4,1,4,0,1,1,2,0,1,70,2,2,1,0,0,1,24.0,48.0,voiture,voiture,1,2,1,2,2
202400015445,2024-06-30 22:05:00,2024,6,30,22,5,33,33063,,44.86582,-0.5611,Nuit avec éclairage allumé,En agglomération,Intersection en T,Normale,Deux véhicules - côté,4,1,1,0,1,1,1,0,1,30,2,2,1,0,0,1,31.0,18.0,voiture,deux_roues,5,2,3,1,3
202400015445,2024-06-30 22:05:00,2024,6,30,22,5,33,33063,,44.86582,-0.5611,Nuit avec éclairage allumé,En agglomération,Intersection en T,Normale,Deux véhicules - côté,4,3,2,0,1,1,1,0,1,50,2,2,1,0,0,1,31.0,18.0,voiture,deux_roues,5,2,3,1,3
202400015446,2024-03-13 10:53:00,2024,3,13,10,53,75,75108,AVENUE HOCHE,48.874586,2.29697,Plein jour,En agglomération,Intersection en X,Normale,Deux véhicules - côté,4,2,3,3,1,1,1,0,1,30,2,2,1,0,1,0,42.0,25.0,transport_commun,deux_roues,1,2,2,1,3
202400015446,2024-03-13 10:53:00,2024,3,13,10,53,75,75108,AVENUE HOCHE,48.874586,2.29697,Plein jour,En agglomération,Intersection en X,Normale,Deux véhicules - côté,4,1,2,1,1,2,1,0,1,30,2,2,1,0,1,0,42.0,25.0,transport_commun,deux_roues,1,2,2,1,3
202400015447,2024-06-30 15:35:00,2024,6,30,15,35,33,33069,,44.869749,-0.614476,Plein jour,En agglomération,Intersection en T,Normale,Deux véhicules - côté,4,2,2,0,1,1,1,0,1,50,2,2,1,0,0,1,,26.0,voiture,deux_roues,1,2,3,1,3
202400015447,2024-06-30 15:35:00,2024,6,30,15,35,33,33069,,44.869749,-0.614476,Plein jour,En agglomération,Intersection en T,Normale,Deux véhicules - côté,4,1,1,0,1,1,1,0,1,30,2,2,1,0,0,1,,26.0,voiture,deux_roues,1,2,3,1,3
202400015448,2024-03-12 18:59:00,2024,3,12,18,59,75,75107,AVENUE DE LA MOTTE PICQUET,48.857268,2.309945,Plein jour,En agglomération,Intersection en X,Temps couvert,Deux véhicules - côté,4,2,3,0,1,1,1,0,1,30,2,4,3,0,1,0,35.0,19.0,voiture,deux_roues,1,2,2,8,3
202400015448,2024-03-12 18:59:00,2024,3,12,18,59,75,75107,AVENUE DE LA MOTTE PICQUET,48.857268,2.309945,Plein jour,En agglomération,Intersection en X,Temps couvert,Deux véhicules - côté,4,2, -1,-1,1,1,1,0,1,30,2,4,3,0,1,0,35.0,19.0,voiture,deux_roues,1,2,2,8,3
202400015449,2024-06-28 17:27:00,2024,6,28,17,27,30,30189,ALLENDE SALVADOR (RUE),43.8252,4.3712,Plein jour,En agglomération,Hors intersection,Normale,Trois véhicules et plus - collisions multiples,4,2,4,0,1,1,1,0,1,50,3,3,2,0,1,0,46.0,32.0,deux_roues,voiture,1,2,1,1,5
202400015450,2024-03-12 18:00:00,2024,3,12,18,0,75,75105,PONT SAINT MICHEL,48.853819,2.344354,Plein jour,En agglomération,Intersection en X,Normale,Deux véhicules - côté,4,1, -1,-1,1,1,1,0,1,30,2,2,1,0,0,1,48.0,62.0,deux_roues,voiture,1,2,2,1,3
202400015450,2024-03-12 18:00:00,2024,3,12,18,0,75,75105,PONT SAINT MICHEL,48.853819,2.344354,Plein jour,En agglomération,Intersection en X,Normale,Deux véhicules - côté,4,2,3,0,1,1,1,0,1,30,2,2,1,0,0,1,48.0,62.0,deux_roues,voiture,1,2,2,1,3
202400015451,2024-06-29 05:20:00,2024,6,29,5,20,28,28404,CRECY (ROUTE DE),48.721383,1.32383,Plein jour,En agglomération,Intersection en Y,Normale,Autre collision,3,-1,2,0,2,4,1,0,8,50,1,2,0,0,0,2,18.0,,voiture,,1,2,4,1,6
202400015451,2024-06-29 05:20:00,2024,6,29,5,20,28,28404,CRECY (ROUTE DE),48.721383,1.32383,Plein jour,En agglomération,Intersection en Y,Normale,Autre collision,3,1, -1,-1,1,1,1,0,1,-1,1,2,0,0,0,2,18.0,,voiture,,1,2,4,1,6
202400015452,2024-03-13 16:30:00,2024,3,13,16,30,75,75118,RUE DES POISSONNIERS,48.894225,2.352867,Plein jour,En agglomération,Intersection en X,Normale,Autre collision,4,1, -1,-1,1,1,1,0,1,30,1,2,1,0,0,1,31.0,,deux_roues,,1,2,2,1,6
202400015452,2024-03-13 16:30:00,2024,3,13,16,30,75,75118,RUE DES POISSONNIERS,48.894225,2.352867,Plein jour,En agglomération,Intersection en X,Normale,Autre collision,4,1,1,0,1,1,1,0,1,30,1,2,1,0,0,1,31.0,,deux_roues,,1,2,2,1,6
202400015453,2024-07-01 15:35:00,2024,7,1,15,35,27,27229,YSER (RUE DE L'),49.03421,1.13213,Plein jour,En agglomération,Hors intersection,Normale,Autre collision,4,-1,1,0,1,1,1,0,1,30,1,2,1,0,0,1,76.0,,voiture,,1,2,1,1,6
202400015454,2024-03-13 13:20:00,2024,3,13,13,20,75,75118,AVENUE DE LA PORTE DE CLIGNANCOURT,48.89887,2.344199,Plein jour,En agglomération,Hors intersection,Normale,Deux véhicules - arrière,4,1,3,1,1,1,1,0,1,30,2,3,1,0,0,2,67.0,31.0,voiture,voiture,1,2,1,1,2
202400015455,2024-06-30 22:55:00,2024,6,30,22,55,27,27229,DUPONT DE L'EURE (PLACE),49.029599,1.152701,Nuit avec éclairage allumé,En agglomération,Hors intersection,Normale,Deux véhicules - frontale,4,2,2,0,1,1,1,0,1,50,2,2,1,0,0,1,36.0,29.0,voiture,deux_roues,5,2,1,1,1
202400015456,2024-03-12 17:10:00,2024,3,12,17,10,75,75115,QUAI D ISSY LES MOULINEAUX,48.83439,2.265179,Plein jour,En agglomération,Intersection en X,Pluie légère,Deux véhicules - côté,4,1, -1,-1,1,1,2,0,1,50,2,2,1,0,1,0,54.0,50.0,voiture,deux_roues,1,2,2,2,3
202400015456,2024-03-12 17:10:00,2024,3,12,17,10,75,75115,QUAI D ISSY LES MOULINEAUX,48.83439,2.265179,Plein jour,En agglomération,Intersection en X,Pluie légère,Deux véhicules - côté,4,1,2,0,1,1,2,5,1,50,2,2,1,0,1,0,54.0,50.0,voiture,deux_roues,1,2,2,2,3