accident_id,datetime,annee,mois,jour,heure,minute,departement,commune_insee,adresse,latitude,longitude,luminosite,agglomeration,intersection,meteo,collision,catr,circ,nbv,vosp,prof,plan,surf,infra,situ,vma,nb_vehicules,nb_usagers,nb_indemnes,nb_tues,nb_blesses_hosp,nb_blesses_legers,age_cond_1,age_cond_2,veh_type_cond_1,veh_type_cond_2,lum_code,agg_code,int_code,atm_code,col_code
202400015457,2024-07-01 21:10:00,2024,7,1,21,10,26,26362,Boulevard Winston Churchill,44.9351,4.91855,Plein jour,En agglomération,Hors intersection,Normale,Deux véhicules - côté,4,2,4,0,1,1,1,0,1,50,2,2,1,0,0,1,56.0,26.0,voiture,deux_roues,1,2,1,1,3
202400015458,2024-07-01 10:06:00,2024,7,1,10,6,14,14333,1 Rue du Calvados,49.42008,0.25999,Plein jour,En agglomération,Autre intersection,Normale,Deux véhicules - arrière,4,2,2,0,1,1,1,0,1,50,2,2,1,0,0,1,27.0,38.0,voiture,utilitaire_camion,1,2,9,1,2
202400015458,2024-07-01 10:06:00,2024,7,1,10,6,14,14333,1 Rue du Calvados,49.42008,0.25999,Plein jour,En agglomération,Autre intersection,Normale,Deux véhicules - arrière,4,2,2,-1,1,1,1,0,1,50,2,2,1,0,0,1,27.0,38.0,voiture,utilitaire_camion,1,2,9,1,2
202400015459,2024-07-01 20:00:00,2024,7,1,20,0,13,13106,ROUGIERE (CHEMIN DE LA),43.39141382,5.37337906,Plein jour,En agglomération,Hors intersection,Normale,Deux véhicules - frontale,4,2,2,0,2,4,1,0,1,30,2,2,0,0,0,2,19.0,30.0,voiture,voiture,1,2,1,1,1
202400015460,2024-07-01 11:40:00,2024,7,1,11,40,13,13106,DIDIER TRAMONI (BOULEVARD),43.39873,5.36597,Plein jour,En agglomération,Autre intersection,Normale,Deux véhicules - frontale,6,1,1,0,1,1,1,0,1,30,1,2,1,0,0,1,,,voiture,,1,2,9,1,1
202400015461,2024-07-01 18:50:00,2024,7,1,18,50,13,13213,ALBERT EINSTEIN (RUE),43.33726,5.43589,Plein jour,En agglomération,Intersection en Y,Normale,Autre collision,4,-1,0,0,1,1,1,0,1,50,1,2,1,0,0,1,,,utilitaire_camion,,1,2,4,1,6
202400015461,2024-07-01 18:50:00,2024,7,1,18,50,13,13213,ALBERT EINSTEIN (RUE),43.33726,5.43589,Plein jour,En agglomération,Intersection en Y,Normale,Autre collision,4,-1,0,0,1,1,1,0,1,50,1,2,1,0,0,1,,,utilitaire_camion,,1,2,4,1,6
202400015462,2024-07-01 06:53:00,2024,7,1,6,53,13,13203,GIBRALTAR (TRAVERSE),43.31,5.39,Plein jour,En agglomération,Hors intersection,Normale,Deux véhicules - côté,4,1,1,0,2,2,1,0,1,50,2,2,1,0,0,1,24.0,47.0,voiture,voiture,1,2,1,1,3
202400015463,2024-07-01 20:20:00,2024,7,1,20,20,13,13047,TRANSHUMANCE ROND POINT DE LA,43.52735722,4.96144321,Plein jour,Hors agglomération,Hors intersection,Normale,Deux véhicules - côté,2,1,2,0,1,3,1,0,1,80,2,3,2,0,0,1,26.0,44.0,voiture,deux_roues,1,1,1,1,3
202400015464,2024-06-22 02:30:00,2024,6,22,2,30,11,11262,Chemin des Vallons,43.19959,2.96422,Nuit sans éclairage public,Hors agglomération,Autre intersection,Normale,Autre collision,4,2,2,0,1,1,1,9,8,50,1,2,0,0,0,2,20.0,,voiture,,3,1,9,1,6
202400015465,2024-06-28 08:35:00,2024,6,28,8,35,02,02243,29 Avenue du Général Patton,49.40023,3.35477,Plein jour,En agglomération,Giratoire,Normale,Deux véhicules - arrière,4,2,2,0,1,1,1,0,1,50,2,2,1,1,0,0,38.0,65.0,voiture,deux_roues,1,2,6,1,2
202400015465,2024-06-28 08:35:00,2024,6,28,8,35,02,02243,29 Avenue du Général Patton,49.40023,3.35477,Plein jour,En agglomération,Giratoire,Normale,Deux véhicules - arrière,4,1,2,0,1,1,1,0,1,50,2,2,1,1,0,0,38.0,65.0,voiture,deux_roues,1,2,6,1,2
202400015466,2024-06-30 05:20:00,2024,6,30,5,20,75,75115,BD PERIPHERIQUE INTERIEUR,48.826761,2.295778,Plein jour,En agglomération,Hors intersection,Normale,Deux véhicules - arrière,4,1,4,0,1,1,1,0,1,70,2,2,1,0,0,1,22.0,26.0,voiture,voiture,1,2,1,1,2
202400015467,2024-07-01 18:31:00,2024,7,1,18,31,75,75105,BOULEVARD SAINT GERMAIN,48.851388,2.343189,Plein jour,En agglomération,Intersection en X,Normale,Deux véhicules - côté,4,1,2,1,1,1,1,0,1,30,2,2,1,0,0,1,29.0,32.0,deux_roues,deux_roues,1,2,2,1,3
202400015467,2024-07-01 18:31:00,2024,7,1,18,31,75,75105,BOULEVARD SAINT GERMAIN,48.851388,2.343189,Plein jour,En agglomération,Intersection en X,Normale,Deux véhicules - côté,4,2,2,0,1,1,1,0,1,30,2,2,1,0,0,1,29.0,32.0,deux_roues,deux_roues,1,2,2,1,3
202400015468,2024-07-01 14:25:00,2024,7,1,14,25,75,75105,BOULEVARD SAINT MICHEL,48.846286,2.34025,Plein jour,En agglomération,Intersection en T,Normale,Deux véhicules - frontale,4,2,2,1,1,1,1,0,5,30,2,2,1,0,0,1,28.0,60.0,deux_roues,deux_roues,1,2,3,1,1
202400015468,2024-07-01 14:25:00,2024,7,1,14,25,75,75105,BOULEVARD SAINT MICHEL,48.846286,2.34025,Plein jour,En agglomération,Intersection en T,Normale,Deux véhicules - frontale,4,1, -1,1,1,1,1,0,5,30,2,2,1,0,0,1,28.0,60.0,deux_roues,deux_roues,1,2,3,1,1
202400015469,2024-07-01 09:25:00,2024,7,1,9,25,75,75105,RUE GAY LUSSAC,48.843098,2.342658,Plein jour,En agglomération,Intersection en T,Normale,Deux véhicules - côté,4,1, -1,0,1,1,1,0,1,30,2,2,1,0,0,1,21.0,27.0,deux_roues,utilitaire_camion,1,2,3,1,3
202400015469,2024-07-01 09:25:00,2024,7,1,9,25,75,75105,RUE GAY LUSSAC,48.843098,2.342658,Plein jour,En agglomération,Intersection en T,Normale,Deux véhicules - côté,4,2,2,0,1,1,1,0,1,30,2,2,1,0,0,1,21.0,27.0,deux_roues,utilitaire_camion,1,2,3,1,3
202400015470,2024-07-01 22:45:00,2024,7,1,22,45,75,75119,AVENUE JEAN JAURES,48.888248,2.391309,Nuit avec éclairage allumé,En agglomération,Hors intersection,Normale,Deux véhicules - côté,4,2,4,0,1,1,1,0,1,30,2,2,1,0,0,1,22.0,29.0,voiture,deux_roues,5,2,1,1,3
202400015471,2024-07-01 19:40:00,2024,7,1,19,40,75,75119,RUE MANIN,48.882859,2.384275,Plein jour,En agglomération,Hors intersection,Normale,Autre collision,4,2,2,1,2,1,1,0,1,30,3,1,0,0,0,1,31.0,,utilitaire_camion,,1,2,1,1,6
202400015472,2024-07-01 17:40:00,2024,7,1,17,40,75,75119,AVENUE JEAN JAURES,48.883843,2.373999,Plein jour,En agglomération,Hors intersection,Normale,Sans collision,4,2,4,1,2,1,1,0,5,30,1,1,0,0,0,1,68.0,,deux_roues,,1,2,1,1,7
202400015473,2024-07-01 22:30:00,2024,7,1,22,30,75,75117,AVENUE DE LA GRANDE ARMEE,48.877132,2.284673,Nuit avec éclairage allumé,En agglomération,Hors intersection,Normale,Sans collision,4,1,4,0,1,1,1,0,1,30,1,2,1,0,0,1,23.0,,deux_roues,,5,2,1,1,7
202400015474,2024-08-24 19:50:00,2024,8,24,19,50,57,57041,Autoroute A30,49.41024302,5.92116786,Nuit sans éclairage public,Hors agglomération,Hors intersection,Pluie forte,Deux véhicules - arrière,1,1,2,0,1,1,2,0,1,110,2,5,3,1,1,0,24.0,29.0,utilitaire_camion,voiture,3,1,1,3,2
202400015475,2024-11-18 05:27:00,2024,11,18,5,27,987,98735,PRINCE HINOI (AVENUE),-17.53395298,-149.56100821,Plein jour,En agglomération,Hors intersection,Normale,Deux véhicules - arrière,4,1,2,0,1,1,1,0,1,60,2,2,1,0,1,0,40.0,26.0,utilitaire_camion,deux_roues,1,2,1,1,2
202400015476,2024-07-01 14:20:00,2024,7,1,14,20,75,75114,BOULEVARD JOURDAN,48.820543,2.337411,Plein jour,En agglomération,Hors intersection,Normale,Deux véhicules - côté,4,2,4,1,1,1,1,0,3,50,2,2,1,0,0,1,32.0,46.0,voiture,deux_roues,1,2,1,1,3
202400015477,2024-11-21 23:40:00,2024,11,21,23,40,974,97416,RN1 (ROUTE NATIONALE),-21.31137,55.43562,Nuit sans éclairage public,Hors agglomération,Hors intersection,Pluie forte,Deux véhicules - arrière,2,1,2,0,1,1,2,0,2,110,2,2,1,1,0,0,51.0,48.0,voiture,voiture,3,1,1,3,2
202400015478,2024-07-01 19:15:00,2024,7,1,19,15,75,75111,AVENUE PARMENTIER,48.86505,2.374701,Plein jour,En agglomération,Intersection en X,Normale,Deux véhicules - côté,4,2,4,1,1,1,1,0,5,30,2,2,1,0,0,1,47.0,81.0,voiture,deux_roues,1,2,2,1,3
202400015478,2024-07-01 19:15:00,2024,7,1,19,15,75,75111,AVENUE PARMENTIER,48.86505,2.374701,Plein jour,En agglomération,Intersection en X,Normale,Deux véhicules - côté,4,1,1,0,1,1,1,0,5,30,2,2,1,0,0,1,47.0,81.0,voiture,deux_roues,1,2,2,1,3
202400015479,2024-11-21 13:45:00,2024,11,21,13,45,974,97416,RN3 (1),-21.30458,55.49823,Plein jour,Hors agglomération,Hors intersection,Pluie forte,Autre collision,2,1,4,0,2,3,2,3,2,90,1,2,1,0,0,1,29.0,,voiture,,1,1,1,3,6
202400015480,2024-07-01 11:35:00,2024,7,1,11,35,75,75111,RUE DE LA ROQUETTE,48.858702,2.384702,Plein jour,En agglomération,Intersection en T,Normale,Deux véhicules - côté,4,1, -1,0,1,1,1,0,1,30,2,2,1,0,0,1,52.0,,deux_roues,utilitaire_camion,1,2,3,1,3
202400015480,2024-07-01 11:35:00,2024,7,1,11,35,75,75111,RUE DE LA ROQUETTE,48.858702,2.384702,Plein jour,En agglomération,Intersection en T,Normale,Deux véhicules - côté,4,2,0,0,2,1,1,0,1,30,2,2,1,0,0,1,52.0,,deux_roues,utilitaire_camion,1,2,3,1,3
202400015481,2024-11-21 19:16:00,2024,11,21,19,16,974,97411,JAURES (BOULEVARD JEAN),-20.88976,55.46299,Nuit avec éclairage allumé,En agglomération,Hors intersection,Normale,Deux véhicules - côté,2,1,3,0,1,1,1,0,1,50,2,2,1,0,0,1,38.0,36.0,voiture,voiture,5,2,1,1,3
202400015482,2024-07-01 13:00:00,2024,7,1,13,0,75,75104,QUAI DE L HOTEL DE VILLE,48.855398,2.352841,Plein jour,En agglomération,Intersection en T,Temps couvert,Deux véhicules - côté,4,2,5,2,1,1,1,0,1,30,2,2,1,0,0,1,27.0,41.0,deux_roues,deux_roues,1,2,3,8,3
202400015482,2024-07-01 13:00:00,2024,7,1,13,0,75,75104,QUAI DE L HOTEL DE VILLE,48.855398,2.352841,Plein jour,En agglomération,Intersection en T,Temps couvert,Deux véhicules - côté,4,2,3,0,1,1,1,0,1,30,2,2,1,0,0,1,27.0,41.0,deux_roues,deux_roues,1,2,3,8,3
202400015483,2024-11-21 17:55:00,2024,11,21,17,55,974,97411,JAURES (BOULEVARD JEAN),-20.90246,55.50269,Plein jour,En agglomération,Giratoire,Normale,Deux véhicules - arrière,2,1,4,0,1,2,9,0,1,70,2,2,1,0,1,0,38.0,59.0,voiture,deux_roues,1,2,6,1,2
202400015483,2024-11-21 17:55:00,2024,11,21,17,55,974,97411,JAURES (BOULEVARD JEAN),-20.90246,55.50269,Plein jour,En agglomération,Giratoire,Normale,Deux véhicules - arrière,2,3,4,0,1,1,9,2,1,70,2,2,1,0,1,0,38.0,59.0,voiture,deux_roues,1,2,6,1,2
202400015484,2024-06-30 21:35:00,2024,6,30,21,35,75,75101,RUE DU LOUVRE,48.861701,2.341245,Nuit avec éclairage allumé,En agglomération,Intersection en X,Normale,Deux véhicules - frontale,4,2,4,3,1,1,1,5,1,30,2,2,1,0,0,1,45.0,26.0,voiture,deux_roues,5,2,2,1,1
202400015484,2024-06-30 21:35:00,2024,6,30,21,35,75,75101,RUE DU LOUVRE,48.861701,2.341245,Nuit avec éclairage allumé,En agglomération,Intersection en X,Normale,Deux véhicules - frontale,4,1,1,1,1,1,1,5,1,30,2,2,1,0,0,1,45.0,26.0,voiture,deux_roues,5,2,2,1,1
202400015485,2024-11-21 12:10:00,2024,11,21,12,10,972,97213,Z I LES MANGLES,14.61328,-61.01097,Plein jour,Hors agglomération,Hors intersection,Pluie légère,Deux véhicules - côté,9,1,1,3,1,3,2,0,6,50,2,2,1,0,0,1,55.0,56.0,voiture,voiture,1,1,1,2,3
202400015486,2024-11-21 14:52:00,2024,11,21,14,52,69,69385,Pont Bonaparte,45.75963,4.82792,Plein jour,En agglomération,Intersection en T,Pluie légère,Deux véhicules - côté,4,2,2,2,1,1,2,2,5,30,2,2,1,0,0,1,60.0,26.0,deux_roues,deux_roues,1,2,3,2,3
202400015486,2024-11-21 14:52:00,2024,11,21,14,52,69,69385,Pont Bonaparte,45.75963,4.82792,Plein jour,En agglomération,Intersection en T,Pluie légère,Deux véhicules - côté,4,1,1,3,1,1,2,0,5,30,2,2,1,0,0,1,60.0,26.0,deux_roues,deux_roues,1,2,3,2,3
202400015487,2024-07-01 21:19:00,2024,7,1,21,19,94,94078,Avenue Carnot,48.73304,2.45081,Crépuscule ou aube,En agglomération,Intersection en X,Normale,Trois véhicules et plus - collisions multiples,3,2,2,0,1,1,1,0,1,50,3,3,2,0,0,1,34.0,21.0,voiture,voiture,2,2,2,1,5
202400015487,2024-07-01 21:19:00,2024,7,1,21,19,94,94078,Avenue Carnot,48.73304,2.45081,Crépuscule ou aube,En agglomération,Intersection en X,Normale,Trois véhicules et plus - collisions multiples,3,2,0,0,1,1,1,0,1,50,3,3,2,0,0,1,34.0,21.0,voiture,voiture,2,2,2,1,5
202400015488,2024-11-20 12:45:00,2024,11,20,12,45,69,69384,Rue Henri Chevalier,45.78289871,4.82919537,Plein jour,En agglomération,Intersection en T,Normale,Autre collision,4,2,2,0,1,1,1,0,1,30,1,2,1,0,1,0,82.0,,voiture,,1,2,3,1,6
202400015488,2024-11-20 12:45:00,2024,11,20,12,45,69,69384,Rue Henri Chevalier,45.78289871,4.82919537,Plein jour,En agglomération,Intersection en T,Normale,Autre collision,4,2,2,0,4,1,1,0,1,30,1,2,1,0,1,0,82.0,,voiture,,1,2,3,1,6
202400015489,2024-11-21 08:00:00,2024,11,21,8,0,971,97101,BOULEVARD DES HEROS,16.24966,-61.52343,Plein jour,En agglomération,Hors intersection,Normale,Sans collision,3,3,4,0,1,1,1,0,1,50,1,2,0,0,1,1,57.0,,deux_roues,,1,2,1,1,7
202400015490,2024-11-21 05:25:00,2024,11,21,5,25,2A,2A004,#GEORGES POMPIDOU AVENUE#,41.92995,8.75703,Nuit avec éclairage allumé,En agglomération,Hors intersection,Vent fort / tempête,Autre collision,2,1,1,0,2,2,1,0,1,50,1,1,0,0,1,0,27.0,,voiture,,5,2,1,6,6
202400015491,2024-11-20 09:55:00,2024,11,20,9,55,95,95607,D106,49.02706,2.22344,Plein jour,En agglomération,Place,Normale,Autre collision,3,2,1,0,1,1,1,6,1,30,1,2,1,0,0,1,52.0,,utilitaire_camion,,1,2,7,1,6
202400015492,2024-11-21 17:30:00,2024,11,21,17,30,91,91514,RUE COMBS LA VILLE,48.67,2.54,Nuit avec éclairage allumé,En agglomération,Hors intersection,Neige / grêle,Deux véhicules - frontale,3,2,2,0,1,1,5,0,1,50,2,5,3,0,0,2,49.0,26.0,voiture,voiture,5,2,1,4,1
202400015493,2024-11-20 07:20:00,2024,11,20,7,20,91,91114,RUE TALMA,48.69231,2.50072,Nuit avec éclairage non allumé,En agglomération,Hors intersection,Autre,Autre collision,3,2,2,0,2,1,2,0,1,30,1,3,1,0,0,2,25.0,,voiture,,4,2,1,9,6
202400015494,2024-11-21 12:10:00,2024,11,21,12,10,87,87085,LATTRE-DE-TASSIGNY (AVENUE DU MARECHAL),45.82528,1.2725,Plein jour,En agglomération,Hors intersection,Pluie forte,Autre collision,3,3,4,0,1,1,2,0,1,50,1,2,1,0,0,1,27.0,,voiture,,1,2,1,3,6
202400015495,2024-11-21 08:30:00,2024,11,21,8,30,87,87085,,45.81926915,1.25060678,Plein jour,En agglomération,Hors intersection,Pluie légère,Trois véhicules et plus - en chaîne,4,2,4,0,4,1,2,0,1,50,3,4,2,0,0,2,19.0,42.0,voiture,voiture,1,2,1,2,4
202400015496,2024-11-20 13:00:00,2024,11,20,13,0,84,84007,AERODROME  (ROUTE DE L') MFT,43.9167,4.88534,Plein jour,En agglomération,Intersection en T,Normale,Deux véhicules - arrière,4,2,2,2,1,1,1,0,1,50,2,2,1,0,0,1,57.0,35.0,voiture,voiture,1,2,3,1,2
202400015496,2024-11-20 13:00:00,2024,11,20,13,0,84,84007,AERODROME  (ROUTE DE L') MFT,43.9167,4.88534,Plein jour,En agglomération,Intersection en T,Normale,Deux véhicules - arrière,4,2,2,0,1,1,1,0,1,50,2,2,1,0,0,1,57.0,35.0,voiture,voiture,1,2,3,1,2
202400015497,2024-11-21 08:55:00,2024,11,21,8,55,83,83069,GALLIENI (RUE MARECHAL),43.11989,6.12625,Plein jour,En agglomération,Hors intersection,Normale,Autre collision,4,1,1,0,2,1,1,8,1,50,1,2,1,0,0,1,47.0,,voiture,,1,2,1,1,6
202400015498,2024-11-21 02:30:00,2024,11,21,2,30,80,80725,GOLF (AVENUE DU),49.86128,2.25539,Nuit sans éclairage public,Hors agglomération,Hors intersection,Autre,Sans collision,4,2,2,0,1,1,7,0,1,50,1,2,0,0,0,2,19.0,,voiture,,3,1,1,9,7
202400015499,2024-11-21 21:30:00,2024,11,21,21,30,77,77462,ROUTE NATIONALE 2,49.00451378,2.6439178,Nuit sans éclairage public,Hors agglomération,Hors intersection,Neige / grêle,Autre collision,2,1,2,0,1,1,7,0,1,90,2,3,1,0,2,0,69.0,69.0,voiture,voiture,3,1,1,4,6
202400015500,2024-11-20 23:50:00,2024,11,20,23,50,77,77307,D934,48.87798,2.74474,Nuit avec éclairage allumé,En agglomération,Intersection en X,Normale,Deux véhicules - frontale,3,2,2,0,2,1,1,9,1,50,2,5,4,0,0,1,42.0,20.0,voiture,voiture,5,2,2,1,1
202400015500,2024-11-20 23:50:00,2024,11,20,23,50,77,77307,D934,48.87798,2.74474,Nuit avec éclairage allumé,En agglomération,Intersection en X,Normale,Deux véhicules - frontale,3,2,2,0,2,1,1,0,1,50,2,5,4,0,0,1,42.0,20.0,voiture,voiture,5,2,2,1,1
202400015501,2024-11-20 18:30:00,2024,11,20,18,30,77,77464,GARE (RUE DE  LA),48.88191,2.70479,Nuit avec éclairage allumé,En agglomération,Hors intersection,Normale,Autre collision,4,1,1,3,1,3,1,9,6,20,1,2,1,0,0,1,52.0,,transport_commun,,5,2,1,1,6
202400015502,2024-11-20 11:00:00,2024,11,20,11,0,76,76305,CAMP DOLENT (AVENUE),49.50709,0.2199,Plein jour,En agglomération,Intersection en T,Normale,Deux véhicules - côté,4,-1,0,0,1,1,1,9,1,50,2,2,1,0,1,0,48.0,55.0,voiture,deux_roues,1,2,3,1,3
202400015502,2024-11-20 11:00:00,2024,11,20,11,0,76,76305,CAMP DOLENT (AVENUE),49.50709,0.2199,Plein jour,En agglomération,Intersection en T,Normale,Deux véhicules - côté,4,2,2,1,1,1,1,0,1,50,2,2,1,0,1,0,48.0,55.0,voiture,deux_roues,1,2,3,1,3
202400015503,2024-11-21 11:40:00,2024,11,21,11,40,72,72181,PATTON GENERAL RTE BAUGE A CHEMIN RONDE,48.00674977,0.17201543,Plein jour,En agglomération,Hors intersection,Neige / grêle,Deux véhicules - arrière,4,1,1,0,1,1,2,0,1,70,2,3,2,0,0,1,57.0,38.0,voiture,voiture,1,2,1,4,2
202400015504,2024-11-21 15:00:00,2024,11,21,15,0,69,69092,Avenue du Beaujolais,45.99859,4.70641,Plein jour,En agglomération,Hors intersection,Pluie légère,Autre collision,3,2,2,2,1,1,2,0,1,50,1,2,1,0,0,1,67.0,,voiture,,1,2,1,2,6
202400015505,2024-11-20 10:30:00,2024,11,20,10,30,69,69290,Route de Lyon,45.71123,4.90201,Plein jour,En agglomération,Intersection en X,Pluie forte,Deux véhicules - côté,7,2,6,3,1,1,2,5,1,50,2,2,0,0,0,2,60.0,20.0,voiture,utilitaire_camion,1,2,2,3,3
202400015505,2024-11-20 10:30:00,2024,11,20,10,30,69,69290,Route de Lyon,45.71123,4.90201,Plein jour,En agglomération,Intersection en X,Pluie forte,Deux véhicules - côté,7,2,5,3,1,1,2,0,1,50,2,2,0,0,0,2,60.0,20.0,voiture,utilitaire_camion,1,2,2,3,3
202400015506,2024-11-21 18:18:00,2024,11,21,18,18,68,68224,STALINGRAD (RUE DE),47.74874,7.34687,Nuit avec éclairage allumé,En agglomération,Hors intersection,Neige / grêle,Autre collision,4,2,2,0,1,1,5,0,4,50,1,2,1,0,1,0,49.0,,voiture,,5,2,1,4,6
202400015507,2024-11-21 19:15:00,2024,11,21,19,15,66,66136,PALALDA (DE),42.68401,2.90238,Nuit avec éclairage allumé,En agglomération,Hors intersection,Normale,Autre collision,4,-1,2,0,1,1,1,0,1,30,1,2,1,0,0,1,74.0,,voiture,,5,2,1,1,6
202400015508,2024-11-21 08:22:00,2024,11,21,8,22,66,66136,PALAIS-DES-EXPO (AVENUE DU),42.70626011,2.89805174,Plein jour,Hors agglomération,Autre intersection,Normale,Deux véhicules - côté,4,2,2,0,1,1,1,9,8,50,2,2,1,0,0,1,49.0,47.0,voiture,deux_roues,1,1,9,1,3
202400015509,2024-11-21 07:40:00,2024,11,21,7,40,66,66136,Bd KOENING,42.68723,2.90182,Crépuscule ou aube,En agglomération,Intersection en T,Pluie légère,Deux véhicules - côté,4,2,3,1,1,1,2,0,1,30,2,2,1,0,0,1,60.0,14.0,voiture,deux_roues,2,2,3,2,3
202400015509,2024-11-21 07:40:00,2024,11,21,7,40,66,66136,Bd KOENING,42.68723,2.90182,Crépuscule ou aube,En agglomération,Intersection en T,Pluie légère,Deux véhicules - côté,4,2,2,2,1,1,2,0,8,50,2,2,1,0,0,1,60.0,14.0,voiture,deux_roues,2,2,3,2,3
202400015510,2024-11-20 18:35:00,2024,11,20,18,35,64,64269,PEYREBLANQUE DE,43.29723,-0.30434,Nuit avec éclairage allumé,En agglomération,Hors intersection,Pluie légère,Autre collision,4,2,2,0,1,1,2,0,1,50,1,1,0,0,1,0,62.0,,deux_roues,,5,2,1,2,6
202400015511,2024-11-20 18:36:00,2024,11,20,18,36,64,64024,BAB (BOULEVARD DU),43.4937,-1.52238,Nuit avec éclairage allumé,En agglomération,Autre intersection,Pluie forte,Trois véhicules et plus - en chaîne,4,2,3,0,1,1,2,0,1,50,3,3,1,0,0,2,19.0,46.0,voiture,voiture,5,2,9,3,4
202400015512,2024-11-21 20:05:00,2024,11,21,20,5,63,63113,BEAULIEU (CHEMIN DE),45.7682,3.14728,Nuit sans éclairage public,Hors agglomération,Hors intersection,Vent fort / tempête,Autre collision,7,2,2,0,1,1,1,0,1,80,1,2,0,0,0,2,26.0,,voiture,,3,1,1,6,6
202400015513,2024-11-21 10:40:00,2024,11,21,10,40,63,63075,BERTHELOT (BOULEVARD),45.7802941,3.07125807,Plein jour,En agglomération,Hors intersection,Pluie légère,Autre collision,4,-1,2,0,1,1,2,8,1,50,1,2,1,0,0,1,48.0,,voiture,,1,2,1,2,6
202400015514,2024-11-20 12:10:00,2024,11,20,12,10,61,61006,D158,48.747493,-0.026314,Plein jour,En agglomération,Hors intersection,Normale,Deux véhicules - frontale,3,2,2,1,1,2,1,0,5,50,2,2,0,0,1,1,55.0,70.0,voiture,voiture,1,2,1,1,1
202400015515,2024-11-21 11:19:00,2024,11,21,11,19,59,59339,Avenue de l'Europe,50.68227,3.21962,Plein jour,Hors agglomération,Hors intersection,Normale,Autre collision,4,2,2,0,1,1,1,9,1,30,1,2,1,0,0,1,66.0,,voiture,,1,1,1,1,6
202400015516,2024-11-20 15:00:00,2024,11,20,15,0,59,59560,Boulevard Joseph Hentges,50.55372,3.03202,Plein jour,En agglomération,Hors intersection,Normale,Autre collision,7,2,2,1,1,1,1,0,1,50,1,2,1,0,0,1,47.0,,voiture,,1,2,1,1,6
202400015517,2024-11-20 17:55:00,2024,11,20,17,55,58,58194,GEORGES POMPIDOU (ROND POINT),47.00101,3.15595,Nuit avec éclairage allumé,En agglomération,Giratoire,Normale,Deux véhicules - côté,4,-1,1,0,1,3,1,0,1,50,2,2,1,0,1,0,36.0,21.0,voiture,deux_roues,5,2,6,1,3
202400015517,2024-11-20 17:55:00,2024,11,20,17,55,58,58194,GEORGES POMPIDOU (ROND POINT),47.00101,3.15595,Nuit avec éclairage allumé,En agglomération,Giratoire,Normale,Deux véhicules - côté,4,2,2,0,1,1,1,0,1,30,2,2,1,0,1,0,36.0,21.0,voiture,deux_roues,5,2,6,1,3
202400015518,2024-11-20 10:38:00,2024,11,20,10,38,57,57491,THOREZ (AVENUE MAURICE),49.25285,6.0444,Plein jour,En agglomération,Hors intersection,Temps éblouissant,Autre collision,3,-1,2,0,1,1,1,0,1,30,1,2,1,0,1,0,91.0,,utilitaire_camion,,1,2,1,7,6
202400015519,2024-11-17 18:00:00,2024,11,17,18,0,56,56162,Kervéhennec,47.752064,-3.419684,Nuit sans éclairage public,Hors agglomération,Hors intersection,Normale,Trois véhicules et plus - collisions multiples,3,2,2,0,1,1,1,0,1,80,3,4,1,0,1,2,39.0,26.0,voiture,voiture,3,1,1,1,5
202400015520,2024-11-19 18:20:00,2024,11,19,18,20,49,49328,RESISTANCE (PLACE DE LA),47.26708,-0.06992,Nuit avec éclairage allumé,En agglomération,Giratoire,Normale,Deux véhicules - arrière,4,2,2,2,1,1,1,2,1,50,2,2,1,0,1,0,,55.0,deux_roues,deux_roues,5,2,6,1,2
202400015520,2024-11-19 18:20:00,2024,11,19,18,20,49,49328,RESISTANCE (PLACE DE LA),47.26708,-0.06992,Nuit avec éclairage allumé,En agglomération,Giratoire,Normale,Deux véhicules - arrière,4,1,1,2,1,2,1,0,1,50,2,2,1,0,1,0,,55.0,deux_roues,deux_roues,5,2,6,1,2
202400015521,2024-11-20 18:50:00,2024,11,20,18,50,49,49007,CHATEAU D'ORGEMONT RUE ET SQU,47.4517,-0.5446,Crépuscule ou aube,En agglomération,Intersection en X,Pluie légère,Deux véhicules - frontale,4,3,5,0,1,1,2,0,1,50,2,2,1,0,0,1,24.0,22.0,voiture,deux_roues,2,2,2,2,1
202400015521,2024-11-20 18:50:00,2024,11,20,18,50,49,49007,CHATEAU D'ORGEMONT RUE ET SQU,47.4517,-0.5446,Crépuscule ou aube,En agglomération,Intersection en X,Pluie légère,Deux véhicules - frontale,4,2,2,0,1,1,2,0,1,30,2,2,1,0,0,1,24.0,22.0,voiture,deux_roues,2,2,2,2,1
202400015521,2024-11-20 18:50:00,2024,11,20,18,50,49,49007,CHATEAU D'ORGEMONT RUE ET SQU,47.4517,-0.5446,Crépuscule ou aube,En agglomération,Intersection en X,Pluie légère,Deux véhicules - frontale,4,2,2,2,1,1,2,0,1,50,2,2,1,0,0,1,24.0,22.0,voiture,deux_roues,2,2,2,2,1
202400015522,2024-11-20 13:50:00,2024,11,20,13,50,47,47001,GAMBETTA (COURS),44.19879,0.61228,Plein jour,En agglomération,Hors intersection,Pluie légère,Deux véhicules - arrière,3,2,4,0,1,1,2,0,1,50,2,4,2,0,0,2,29.0,46.0,transport_commun,voiture,1,2,1,2,2
202400015523,2024-11-20 17:40:00,2024,11,20,17,40,46,46042,départementale 27,44.43633,1.40917,Nuit avec éclairage allumé,Hors agglomération,Intersection en T,Pluie forte,Deux véhicules - côté,3,2,2,0,1,1,2,0,1,50,2,2,1,0,0,1,44.0,13.0,utilitaire_camion,deux_roues,5,1,3,3,3
202400015523,2024-11-20 17:40:00,2024,11,20,17,40,46,46042,départementale 27,44.43633,1.40917,Nuit avec éclairage allumé,Hors agglomération,Intersection en T,Pluie forte,Deux véhicules - côté,3,2,2,0,1,1,2,5,1,50,2,2,1,0,0,1,44.0,13.0,utilitaire_camion,deux_roues,5,1,3,3,3