accident_id,datetime,annee,mois,jour,heure,minute,departement,commune_insee,adresse,latitude,longitude,luminosite,agglomeration,intersection,meteo,collision,catr,circ,nbv,vosp,prof,plan,surf,infra,situ,vma,nb_vehicules,nb_usagers,nb_indemnes,nb_tues,nb_blesses_hosp,nb_blesses_legers,age_cond_1,age_cond_2,veh_type_cond_1,veh_type_cond_2,lum_code,agg_code,int_code,atm_code,col_code
202400015524,2024-11-21 12:50:00,2024,11,21,12,50,45,45169,Avenue Georges Pompidou,47.90093,1.85574,Plein jour,En agglomération,Giratoire,Pluie légère,Deux véhicules - côté,4,2,2,0,1,1,2,9,1,50,2,2,1,0,0,1,80.0,33.0,utilitaire_camion,deux_roues,1,2,6,2,3
202400015524,2024-11-21 12:50:00,2024,11,21,12,50,45,45169,Avenue Georges Pompidou,47.90093,1.85574,Plein jour,En agglomération,Giratoire,Pluie légère,Deux véhicules - côté,4,1,2,0,1,2,2,5,1,50,2,2,1,0,0,1,80.0,33.0,utilitaire_camion,deux_roues,1,2,6,2,3
202400015525,2024-11-21 18:25:00,2024,11,21,18,25,45,45208,D943 PR 0 + 20,48.00746,2.74095,Nuit avec éclairage allumé,En agglomération,Hors intersection,Neige / grêle,Autre collision,3,2,2,0,1,2,5,0,1,50,1,3,2,0,0,1,43.0,,voiture,,5,2,1,4,6
202400015526,2024-11-17 18:55:00,2024,11,17,18,55,44,44172,,47.23893,-1.48499,Nuit sans éclairage public,En agglomération,Hors intersection,Normale,Trois véhicules et plus - en chaîne,2,3,4,0,1,1,1,0,1,80,3,5,3,0,0,2,,52.0,voiture,voiture,3,2,1,1,4
202400015527,2024-11-20 17:16:00,2024,11,20,17,16,42,42270,Route des Gorges,45.39086,4.22826,Crépuscule ou aube,En agglomération,Hors intersection,Pluie légère,Deux véhicules - frontale,7,2,2,0,1,1,2,1,1,70,2,2,1,0,1,0,17.0,66.0,voiture,voiture,2,2,1,2,1
202400015528,2024-11-21 17:39:00,2024,11,21,17,39,38,38151,AVENUE DE LA RÉPUBLIQUE,45.14317,5.72837,Nuit sans éclairage public,En agglomération,Autre intersection,Temps couvert,Autre collision,4,2,2,0,1,1,2,0,1,30,1,2,1,0,0,1,49.0,,voiture,,3,2,9,8,6
202400015529,2024-11-21 09:20:00,2024,11,21,9,20,37,37261,GRAMMONT (AVENUE DE),47.37603,0.69453,Plein jour,En agglomération,Intersection en X,Neige / grêle,Autre collision,4,2,6,0,1,1,2,0,6,50,1,2,1,1,0,0,43.0,,transport_commun,,1,2,2,4,6
202400015529,2024-11-21 09:20:00,2024,11,21,9,20,37,37261,GRAMMONT (AVENUE DE),47.37603,0.69453,Plein jour,En agglomération,Intersection en X,Neige / grêle,Autre collision,4,2,2,0,3,1,2,0,1,30,1,2,1,1,0,0,43.0,,transport_commun,,1,2,2,4,6
202400015530,2024-11-21 10:10:00,2024,11,21,10,10,37,37261,GANCE (BOULEVARD ABEL),47.42497823,0.71191674,Plein jour,En agglomération,Giratoire,Neige / grêle,Sans collision,7,2,1,0,1,3,5,0,1,50,1,1,0,0,0,1,18.0,,deux_roues,,1,2,6,4,7
202400015530,2024-11-21 10:10:00,2024,11,21,10,10,37,37261,GANCE (BOULEVARD ABEL),47.42497823,0.71191674,Plein jour,En agglomération,Giratoire,Neige / grêle,Sans collision,7,1,2,0,1,1,5,0,1,70,1,1,0,0,0,1,18.0,,deux_roues,,1,2,6,4,7
202400015531,2024-11-21 08:20:00,2024,11,21,8,20,37,37261,FUYE( RUE DE LE ),47.38693,0.70325,Crépuscule ou aube,En agglomération,Hors intersection,Neige / grêle,Autre collision,4,1,2,2,1,1,2,0,1,30,1,2,1,0,0,1,,,voiture,,2,2,1,4,6
202400015532,2024-11-20 16:07:00,2024,11,20,16,7,35,35238,LORIENT (DE),48.10883,-1.71017,Plein jour,En agglomération,Intersection en X,Normale,Autre collision,4,3,4,2,1,1,1,0,1,50,1,1,0,1,0,0,63.0,,voiture,,1,2,2,1,6
202400015532,2024-11-20 16:07:00,2024,11,20,16,7,35,35238,LORIENT (DE),48.10883,-1.71017,Plein jour,En agglomération,Intersection en X,Normale,Autre collision,4,2,2,0,1,1,1,0,1,30,1,1,0,1,0,0,63.0,,voiture,,1,2,2,1,6
202400015533,2024-11-21 13:00:00,2024,11,21,13,0,34,34172,ANGLADA (RUE DU PROFESSEUR JOSEPH),43.63215,3.85592,Plein jour,En agglomération,Intersection en T,Pluie légère,Deux véhicules - frontale,4,2,2,0,1,1,2,0,1,30,2,2,1,0,1,0,22.0,21.0,voiture,deux_roues,1,2,3,2,1
202400015533,2024-11-21 13:00:00,2024,11,21,13,0,34,34172,ANGLADA (RUE DU PROFESSEUR JOSEPH),43.63215,3.85592,Plein jour,En agglomération,Intersection en T,Pluie légère,Deux véhicules - frontale,4,2, -1,-1,1,1,2,0,1,-1,2,2,1,0,1,0,22.0,21.0,voiture,deux_roues,1,2,3,2,1
202400015534,2024-11-20 16:10:00,2024,11,20,16,10,34,34172,FIGAIRASSE (RUE DE LA),43.60507,3.85523,Plein jour,En agglomération,Hors intersection,Normale,Deux véhicules - frontale,4,2,2,0,1,1,1,0,1,50,2,2,1,0,1,0,26.0,59.0,deux_roues,voiture,1,2,1,1,1
202400015535,2024-11-21 15:25:00,2024,11,21,15,25,32,32013,HUIT MAI,43.65963,0.5921,Plein jour,En agglomération,Autre intersection,Temps couvert,Autre collision,4,2,1,0,1,1,1,0,1,50,1,2,1,0,0,1,70.0,,voiture,,1,2,9,8,6
202400015536,2024-11-21 16:40:00,2024,11,21,16,40,31,31149,ALLEE ARISTIDE MAILLOL,43.59626,1.35277,Plein jour,En agglomération,Hors intersection,Normale,Deux véhicules - côté,4,2,2,0,1,1,1,0,1,50,2,2,1,0,0,1,38.0,27.0,voiture,deux_roues,1,2,1,1,3
202400015537,2024-11-20 21:38:00,2024,11,20,21,38,29,29232,Rue Aristide Briand,47.994658,-4.096346,Nuit avec éclairage allumé,En agglomération,Hors intersection,Normale,Deux véhicules - arrière,4,1,2,0,1,1,1,5,1,50,2,6,5,0,0,1,20.0,37.0,voiture,voiture,5,2,1,1,2
202400015538,2024-11-21 08:23:00,2024,11,21,8,23,29,29232,Chemin des Justices,47.99173,-4.11886,Nuit avec éclairage non allumé,En agglomération,Hors intersection,Pluie forte,Autre collision,4,3,2,0,2,1,2,9,1,50,1,3,2,0,1,0,64.0,,voiture,,4,2,1,3,6
202400015539,2024-11-21 05:40:00,2024,11,21,5,40,29,29019,chemin de Kereseis,48.39224862,-4.54652351,Nuit avec éclairage allumé,En agglomération,Hors intersection,Vent fort / tempête,Deux véhicules - côté,3,3,2,0,1,1,2,5,1,50,2,2,1,0,0,1,52.0,46.0,voiture,voiture,5,2,1,6,3
202400015540,2024-11-20 20:10:00,2024,11,20,20,10,29,29019,530 avenue de Tallinn,48.389743,-4.52537,Nuit avec éclairage allumé,En agglomération,Hors intersection,Normale,Autre collision,4,2, -1,0,1,1,1,0,1,50,1,2,1,0,0,1,52.0,,voiture,,5,2,1,1,6
202400015541,2024-11-21 11:30:00,2024,11,21,11,30,27,27681,ANCIENNE HALLE (PLACE DE L'),49.09139,1.48486,Plein jour,En agglomération,Intersection en T,Neige / grêle,Autre collision,4,2,3,0,1,1,2,0,1,30,1,2,1,0,0,1,47.0,,voiture,,1,2,3,4,6
202400015541,2024-11-21 11:30:00,2024,11,21,11,30,27,27681,ANCIENNE HALLE (PLACE DE L'),49.09139,1.48486,Plein jour,En agglomération,Intersection en T,Neige / grêle,Autre collision,4,2,2,0,2,1,2,0,1,30,1,2,1,0,0,1,47.0,,voiture,,1,2,3,4,6
202400015542,2024-11-21 10:00:00,2024,11,21,10,0,15,15014,RD 120,44.91607,2.42967,Plein jour,En agglomération,Hors intersection,Pluie forte,Deux véhicules - côté,3,-1,2,0,1,2,2,0,1,50,2,2,1,0,0,1,19.0,88.0,deux_roues,voiture,1,2,1,3,3
202400015543,2024-11-21 17:45:00,2024,11,21,17,45,13,13202,LAZARET (QUAI DU),43.30752,5.36692,Nuit avec éclairage allumé,En agglomération,Hors intersection,Pluie légère,Deux véhicules - côté,9,-1,0,3,1,1,2,6,4,50,1,2,1,0,0,1,21.0,,deux_roues,,5,2,1,2,3
202400015544,2024-11-20 16:30:00,2024,11,20,16,30,10,10333,Rue Ober Ramstadt,48.28102,4.05204,Plein jour,En agglomération,Giratoire,Normale,Autre collision,4,-1,1,0,1,3,1,0,1,50,1,2,1,0,0,1,81.0,,voiture,,1,2,6,1,6
202400015544,2024-11-20 16:30:00,2024,11,20,16,30,10,10333,Rue Ober Ramstadt,48.28102,4.05204,Plein jour,En agglomération,Giratoire,Normale,Autre collision,4,1,1,0,1,1,1,0,1,30,1,2,1,0,0,1,81.0,,voiture,,1,2,6,1,6
202400015545,2024-11-20 11:30:00,2024,11,20,11,30,10,10387,JULES GUESDE (RUE),48.28872,4.08039,Plein jour,En agglomération,Intersection en X,Normale,Autre collision,4,1,1,0,1,1,1,0,5,50,2,2,1,0,0,1,25.0,56.0,deux_roues,voiture,1,2,2,1,6
202400015545,2024-11-20 11:30:00,2024,11,20,11,30,10,10387,JULES GUESDE (RUE),48.28872,4.08039,Plein jour,En agglomération,Intersection en X,Normale,Autre collision,4,-1,1,0,1,1,1,0,5,50,2,2,1,0,0,1,25.0,56.0,deux_roues,voiture,1,2,2,1,6
202400015546,2024-11-20 08:34:00,2024,11,20,8,34,10,10321,GENERAL LECLERC (RUE DU),48.29018,4.01903,Plein jour,En agglomération,Hors intersection,Temps éblouissant,Autre collision,4,2,2,0,1,1,2,0,1,50,1,2,0,0,0,2,78.0,,voiture,,1,2,1,7,6
202400015547,2024-11-21 07:10:00,2024,11,21,7,10,07,07281,GRAND BOIS (CH. DU [PL. DE LA COMMUNE)],44.95926,4.81777,Crépuscule ou aube,Hors agglomération,Autre intersection,Normale,Deux véhicules - côté,4,-1,1,0,1,1,1,0,1,50,2,2,1,0,0,1,17.0,21.0,deux_roues,voiture,2,1,9,1,3
202400015548,2024-11-21 08:25:00,2024,11,21,8,25,06,06069,11 Boulevard Carnot,43.655868,6.922225,Plein jour,En agglomération,Hors intersection,Normale,Autre collision,3,2,2,0,2,1,1,0,1,50,1,2,1,0,0,1,42.0,,deux_roues,,1,2,1,1,6
202400015549,2024-11-21 19:20:00,2024,11,21,19,20,75,75105,RUE MONGE,48.848063,2.35052,Nuit avec éclairage allumé,En agglomération,Intersection en X,Neige / grêle,Autre collision,4,2, -1,-1,1,1,2,0,1,-1,1,2,0,0,0,2,33.0,,deux_roues,,5,2,2,4,6
202400015549,2024-11-21 19:20:00,2024,11,21,19,20,75,75105,RUE MONGE,48.848063,2.35052,Nuit avec éclairage allumé,En agglomération,Intersection en X,Neige / grêle,Autre collision,4,2,2,0,2,1,2,0,1,30,1,2,0,0,0,2,33.0,,deux_roues,,5,2,2,4,6
202400015550,2024-11-21 10:28:00,2024,11,21,10,28,75,75119,RUE DU PRE SAINT GERVAIS,48.878155,2.396515,Plein jour,En agglomération,Hors intersection,Neige / grêle,Autre collision,4,1,1,0,1,1,2,0,4,30,1,2,1,0,0,1,44.0,,utilitaire_camion,,1,2,1,4,6
202400015551,2024-11-21 17:40:00,2024,11,21,17,40,75,75116,AVENUE RAPHAEL,48.860311,2.268086,Nuit avec éclairage non allumé,En agglomération,Hors intersection,Neige / grêle,Autre collision,4,2,2,0,1,3,5,0,1,30,1,2,1,0,0,1,75.0,,voiture,,4,2,1,4,6
202400015552,2024-11-21 11:30:00,2024,11,21,11,30,75,75116,BOULEVARD EXELMANS,48.840867,2.265297,Plein jour,En agglomération,Intersection en X,Neige / grêle,Autre collision,4,2,4,0,1,1,2,0,1,30,1,2,1,0,0,1,54.0,,deux_roues,,1,2,2,4,6
202400015552,2024-11-21 11:30:00,2024,11,21,11,30,75,75116,BOULEVARD EXELMANS,48.840867,2.265297,Plein jour,En agglomération,Intersection en X,Neige / grêle,Autre collision,4,1,4,0,1,1,2,0,1,30,1,2,1,0,0,1,54.0,,deux_roues,,1,2,2,4,6
202400015553,2024-11-21 04:20:00,2024,11,21,4,20,75,75117,PLACE DU MARECHAL JUIN,48.884859,2.297907,Nuit avec éclairage allumé,En agglomération,Place,Normale,Deux véhicules - arrière,4,-1,0,0,1,1,1,0,1,50,2,4,3,0,0,1,30.0,21.0,voiture,deux_roues,5,2,7,1,2
202400015553,2024-11-21 04:20:00,2024,11,21,4,20,75,75117,PLACE DU MARECHAL JUIN,48.884859,2.297907,Nuit avec éclairage allumé,En agglomération,Place,Normale,Deux véhicules - arrière,4,1,1,0,1,1,1,0,1,30,2,4,3,0,0,1,30.0,21.0,voiture,deux_roues,5,2,7,1,2
202400015554,2024-11-20 18:00:00,2024,11,20,18,0,75,75115,RUE SAINT CHARLES,48.842867,2.282221,Nuit avec éclairage allumé,En agglomération,Intersection en T,Pluie légère,Autre collision,4,1, -1,-1,1,1,2,0,1,30,1,2,1,0,1,0,24.0,,deux_roues,,5,2,3,2,6
202400015554,2024-11-20 18:00:00,2024,11,20,18,0,75,75115,RUE SAINT CHARLES,48.842867,2.282221,Nuit avec éclairage allumé,En agglomération,Intersection en T,Pluie légère,Autre collision,4,1,1,0,1,1,2,0,1,30,1,2,1,0,1,0,24.0,,deux_roues,,5,2,3,2,6
202400015555,2024-11-21 11:10:00,2024,11,21,11,10,75,75113,AVENUE D ITALIE,48.825797,2.357389,Plein jour,En agglomération,Intersection en T,Neige / grêle,Autre collision,4,2,4,0,1,1,2,0,1,30,1,2,1,0,1,0,58.0,,utilitaire_camion,,1,2,3,4,6
202400015555,2024-11-21 11:10:00,2024,11,21,11,10,75,75113,AVENUE D ITALIE,48.825797,2.357389,Plein jour,En agglomération,Intersection en T,Neige / grêle,Autre collision,4,1,1,0,1,1,2,0,1,30,1,2,1,0,1,0,58.0,,utilitaire_camion,,1,2,3,4,6
202400015556,2024-11-21 00:40:00,2024,11,21,0,40,75,75112,BOULEVARD PONIATOWSKI,48.829844,2.391135,Nuit avec éclairage allumé,En agglomération,Hors intersection,Normale,Deux véhicules - frontale,4,2,2,1,1,1,1,-1,5,30,2,2,0,0,0,2,28.0,35.0,deux_roues,deux_roues,5,2,1,1,1
202400015557,2024-11-21 09:10:00,2024,11,21,9,10,75,75109,PLACE DU HAVRE,48.875543,2.32666,Plein jour,En agglomération,Intersection en X,Normale,Deux véhicules - côté,4,1,3,3,1,1,1,0,1,30,2,2,1,0,0,1,56.0,32.0,voiture,deux_roues,1,2,2,1,3
202400015557,2024-11-21 09:10:00,2024,11,21,9,10,75,75109,PLACE DU HAVRE,48.875543,2.32666,Plein jour,En agglomération,Intersection en X,Normale,Deux véhicules - côté,4,1,2,0,2,1,1,0,1,30,2,2,1,0,0,1,56.0,32.0,voiture,deux_roues,1,2,2,1,3
202400015558,2024-11-20 16:30:00,2024,11,20,16,30,75,75109,BOULEVARD DE LA MADELEINE,48.869779,2.326517,Nuit avec éclairage allumé,En agglomération,Intersection en T,Normale,Deux véhicules - côté,4,1,2,0,1,1,1,0,1,30,2,2,1,0,0,1,62.0,38.0,deux_roues,voiture,5,2,3,1,3
202400015558,2024-11-20 16:30:00,2024,11,20,16,30,75,75109,BOULEVARD DE LA MADELEINE,48.869779,2.326517,Nuit avec éclairage allumé,En agglomération,Intersection en T,Normale,Deux véhicules - côté,4,1, -1,-1,1,1,1,0,1,30,2,2,1,0,0,1,62.0,38.0,deux_roues,voiture,5,2,3,1,3
202400015559,2024-11-21 21:47:00,2024,11,21,21,47,75,75103,RUE SAINT MARTIN,48.868636,2.355424,Nuit avec éclairage allumé,En agglomération,Intersection en X,Temps couvert,Autre collision,4,1, -1,-1,1,1,1,-1,6,-1,1,2,1,0,0,1,45.0,,transport_commun,,5,2,2,8,6
202400015559,2024-11-21 21:47:00,2024,11,21,21,47,75,75103,RUE SAINT MARTIN,48.868636,2.355424,Nuit avec éclairage allumé,En agglomération,Intersection en X,Temps couvert,Autre collision,4,1,3,3,1,1,1,-1,6,30,1,2,1,0,0,1,45.0,,transport_commun,,5,2,2,8,6
202400015560,2024-11-21 01:05:00,2024,11,21,1,5,75,75102,RUE MONTMARTRE,48.869141,2.343164,Nuit avec éclairage allumé,En agglomération,Intersection en Y,Normale,Sans collision,4,1, -1,-1,1,1,1,0,1,-1,1,1,0,0,0,1,40.0,,deux_roues,,5,2,4,1,7
202400015560,2024-11-21 01:05:00,2024,11,21,1,5,75,75102,RUE MONTMARTRE,48.869141,2.343164,Nuit avec éclairage allumé,En agglomération,Intersection en Y,Normale,Sans collision,4,1,1,1,1,1,1,0,1,30,1,1,0,0,0,1,40.0,,deux_roues,,5,2,4,1,7
202400015561,2024-11-21 17:50:00,2024,11,21,17,50,94,94080,Boulevard de la Libération,48.84815875,2.44566889,Nuit avec éclairage allumé,En agglomération,Hors intersection,Neige / grêle,Autre collision,3,-1,2,0,2,1,5,0,1,30,1,2,1,0,0,1,73.0,,voiture,,5,2,1,4,6
202400015562,2024-11-20 14:00:00,2024,11,20,14,0,94,94046,Avenue Georges Clemenceau,48.81207,2.44359,Plein jour,En agglomération,Intersection en X,Normale,Deux véhicules - côté,4,1,1,0,1,1,1,0,1,50,2,2,0,0,0,2,50.0,52.0,voiture,voiture,1,2,2,1,3
202400015562,2024-11-20 14:00:00,2024,11,20,14,0,94,94046,Avenue Georges Clemenceau,48.81207,2.44359,Plein jour,En agglomération,Intersection en X,Normale,Deux véhicules - côté,4,2,2,0,1,1,1,0,1,50,2,2,0,0,0,2,50.0,52.0,voiture,voiture,1,2,2,1,3
202400015563,2024-11-21 09:45:00,2024,11,21,9,45,94,94033,34 Rue Roger Salengro,48.8501646,2.48896015,Plein jour,En agglomération,Hors intersection,Neige / grêle,Autre collision,4,2,2,0,2,2,2,0,1,50,1,2,1,0,0,1,48.0,,deux_roues,,1,2,1,4,6
202400015564,2024-11-20 08:55:00,2024,11,20,8,55,94,94079,Boulevard Jean Monnet,48.833239,2.535646,Plein jour,En agglomération,Hors intersection,Normale,Deux véhicules - frontale,4,3,3,0,1,1,9,0,1,50,2,2,1,1,0,0,20.0,41.0,deux_roues,utilitaire_camion,1,2,1,1,1
202400015565,2024-11-21 15:00:00,2024,11,21,15,0,77,77291,CHAPIT RE ( RUE DU),49.0042,2.57757,Plein jour,Hors agglomération,Hors intersection,Neige / grêle,Deux véhicules - arrière,4,1,1,0,2,1,5,2,1,50,2,2,1,0,0,1,42.0,40.0,voiture,voiture,1,1,1,4,2
202400015566,2024-11-21 19:45:00,2024,11,21,19,45,93,93062,RESISTANCE (AVENUE DE LA),48.89147,2.51245,Nuit avec éclairage allumé,En agglomération,Hors intersection,Autre,Deux véhicules - arrière,3,2,3,0,2,1,2,0,1,50,2,2,1,0,0,1,40.0,29.0,voiture,utilitaire_camion,5,2,1,9,2
202400015567,2024-11-21 09:45:00,2024,11,21,9,45,93,93062,MIDI (BOULEVARD DU),48.89267452,2.51982461,Plein jour,En agglomération,Hors intersection,Neige / grêle,Deux véhicules - arrière,4,2,2,0,2,1,2,0,1,50,2,2,1,0,0,1,28.0,45.0,voiture,voiture,1,2,1,4,2
202400015568,2024-11-21 17:45:00,2024,11,21,17,45,93,93064,ANCIENS COMBATTANTS D'AFN (RUE DES),48.8635,2.49206,Nuit avec éclairage allumé,En agglomération,Hors intersection,Neige / grêle,Autre collision,4,1,1,0,1,1,5,0,1,30,1,2,1,0,0,1,45.0,,utilitaire_camion,,5,2,1,4,6
202400015569,2024-11-21 10:10:00,2024,11,21,10,10,93,93008,BARBUSSE (AVENUE HENRI) A30,48.91061676,2.43215561,Plein jour,En agglomération,Hors intersection,Neige / grêle,Deux véhicules - côté,3,2,3,2,1,1,2,5,1,50,2,2,1,0,0,1,39.0,43.0,deux_roues,utilitaire_camion,1,2,1,4,3
202400015570,2024-11-21 09:30:00,2024,11,21,9,30,93,93005,JACQUES DUCLOS [CD44] (RUE),48.94669302,2.49275406,Plein jour,En agglomération,Hors intersection,Normale,Autre collision,3,-1,3,0,1,1,1,0,1,50,1,2,1,0,0,1,32.0,,deux_roues,,1,2,1,1,6
202400015571,2024-11-21 00:50:00,2024,11,21,0,50,92,92046,PIERRE BROSSOLETTE (AVENUE),48.81626655,2.30584905,Nuit avec éclairage allumé,En agglomération,Intersection en T,Normale,Deux véhicules - côté,3,1,4,0,1,1,1,9,1,30,2,2,1,0,0,1,24.0,20.0,autre,deux_roues,5,2,3,1,3
202400015571,2024-11-21 00:50:00,2024,11,21,0,50,92,92046,PIERRE BROSSOLETTE (AVENUE),48.81626655,2.30584905,Nuit avec éclairage allumé,En agglomération,Intersection en T,Normale,Deux véhicules - côté,3,3,4,1,1,1,1,0,1,30,2,2,1,0,0,1,24.0,20.0,autre,deux_roues,5,2,3,1,3
202400015572,2024-11-21 06:25:00,2024,11,21,6,25,92,92062,JAURES (RUE JEAN) DU 114 AU 2,48.88477062,2.24787846,Nuit avec éclairage allumé,En agglomération,Intersection en X,Normale,Deux véhicules - côté,3,2,2,0,1,1,1,0,1,20,2,2,1,0,0,1,55.0,36.0,deux_roues,voiture,5,2,2,1,3
202400015572,2024-11-21 06:25:00,2024,11,21,6,25,92,92062,JAURES (RUE JEAN) DU 114 AU 2,48.88477062,2.24787846,Nuit avec éclairage allumé,En agglomération,Intersection en X,Normale,Deux véhicules - côté,3,-1,5,1,1,1,1,0,1,20,2,2,1,0,0,1,55.0,36.0,deux_roues,voiture,5,2,2,1,3
202400015573,2024-11-21 10:50:00,2024,11,21,10,50,92,92040,ARISTIDE BRIAND,48.82138317,2.25349344,Crépuscule ou aube,En agglomération,Hors intersection,Neige / grêle,Deux véhicules - arrière,3,2,2,0,1,1,5,0,1,30,2,2,1,0,0,1,19.0,33.0,deux_roues,deux_roues,2,2,1,4,2
202400015574,2024-11-21 08:10:00,2024,11,21,8,10,92,92025,GABRIEL PERI (RUE),48.92256565,2.24788114,Crépuscule ou aube,En agglomération,Intersection en X,Temps couvert,Autre collision,3,2,2,0,1,1,1,0,1,50,1,3,2,0,0,1,25.0,,voiture,,2,2,2,8,6
202400015574,2024-11-21 08:10:00,2024,11,21,8,10,92,92025,GABRIEL PERI (RUE),48.92256565,2.24788114,Crépuscule ou aube,En agglomération,Intersection en X,Temps couvert,Autre collision,3,1,2,3,1,1,1,0,1,50,1,3,2,0,0,1,25.0,,voiture,,2,2,2,8,6
202400015575,2024-11-20 19:45:00,2024,11,20,19,45,92,92023,PORTE DE TRIVAUX (RUE DE) N°57 A 197 ET,48.78847,2.24982,Nuit avec éclairage allumé,En agglomération,Intersection en T,Pluie légère,Deux véhicules - côté,4,2,2,0,1,1,2,0,1,30,2,2,1,0,0,1,37.0,20.0,voiture,deux_roues,5,2,3,2,3
202400015575,2024-11-20 19:45:00,2024,11,20,19,45,92,92023,PORTE DE TRIVAUX (RUE DE) N°57 A 197 ET,48.78847,2.24982,Nuit avec éclairage allumé,En agglomération,Intersection en T,Pluie légère,Deux véhicules - côté,4,2,2,0,1,1,2,0,1,30,2,2,1,0,0,1,37.0,20.0,voiture,deux_roues,5,2,3,2,3
202400015576,2024-11-21 12:12:00,2024,11,21,12,12,92,92012,GALLIENI (RUE) 159/FIN,48.83615762,2.23662525,Plein jour,En agglomération,Intersection en X,Neige / grêle,Deux véhicules - côté,4,1,2,0,1,1,2,0,1,50,2,2,1,0,0,1,68.0,28.0,utilitaire_camion,utilitaire_camion,1,2,2,4,3
202400015576,2024-11-21 12:12:00,2024,11,21,12,12,92,92012,GALLIENI (RUE) 159/FIN,48.83615762,2.23662525,Plein jour,En agglomération,Intersection en X,Neige / grêle,Deux véhicules - côté,4,2,2,0,1,1,2,0,1,50,2,2,1,0,0,1,68.0,28.0,utilitaire_camion,utilitaire_camion,1,2,2,4,3
202400015577,2024-11-21 14:40:00,2024,11,21,14,40,92,92014,GENERAL LECLERC (AV.) (57 A 135 - 50 A 1,48.78002431,2.31557216,Plein jour,En agglomération,Intersection en T,Neige / grêle,Deux véhicules - côté,3,1,2,0,1,1,5,0,1,50,2,2,1,0,0,1,71.0,74.0,voiture,voiture,1,2,3,4,3
202400015577,2024-11-21 14:40:00,2024,11,21,14,40,92,92014,GENERAL LECLERC (AV.) (57 A 135 - 50 A 1,48.78002431,2.31557216,Plein jour,En agglomération,Intersection en T,Neige / grêle,Deux véhicules - côté,3,1,2,0,1,1,5,0,1,30,2,2,1,0,0,1,71.0,74.0,voiture,voiture,1,2,3,4,3
202400015578,2024-11-20 18:45:00,2024,11,20,18,45,26,26077,Route des Dauphins,45.164626,5.037714,Nuit sans éclairage public,Hors agglomération,Hors intersection,Normale,Deux véhicules - côté,3,2,2,0,1,1,1,0,1,80,2,2,1,0,1,0,26.0,75.0,voiture,voiture,3,1,1,1,3
202400015579,2024-11-18 17:10:00,2024,11,18,17,10,83,83136,Route de Lorgues,43.45779,6.310551,Crépuscule ou aube,Hors agglomération,Hors intersection,Normale,Autre collision,3,2,2,0,2,2,1,0,1,70,2,2,1,0,0,1,55.0,33.0,voiture,voiture,2,1,1,1,6
202400015580,2024-11-20 18:45:00,2024,11,20,18,45,06,06149,2 Boulevard Général de Gaulle,43.735042,7.305672,Nuit avec éclairage allumé,En agglomération,Intersection en T,Normale,Deux véhicules - côté,7,2,2,1,1,1,1,5,1,30,2,2,1,0,0,1,58.0,48.0,voiture,deux_roues,5,2,3,1,3
202400015580,2024-11-20 18:45:00,2024,11,20,18,45,06,06149,2 Boulevard Général de Gaulle,43.735042,7.305672,Nuit avec éclairage allumé,En agglomération,Intersection en T,Normale,Deux véhicules - côté,7,2,2,3,1,1,1,0,1,30,2,2,1,0,0,1,58.0,48.0,voiture,deux_roues,5,2,3,1,3
202400015581,2024-11-21 16:10:00,2024,11,21,16,10,02,02776,A26,50.005039,3.176406,Plein jour,Hors agglomération,Hors intersection,Normale,Sans collision,1,3,2,0,2,1,1,0,1,130,1,2,0,0,0,2,27.0,,voiture,,1,1,1,1,7
202400015582,2024-11-21 21:40:00,2024,11,21,21,40,972,97221,RD 7 Giratoire sens Rivière-Salée/ Les Trois Ilets,14.524381,-60.983015,Nuit sans éclairage public,En agglomération,Giratoire,Normale,Deux véhicules - côté,3,1,2,0,1,3,1,0,8,70,2,2,0,0,0,2,61.0,29.0,voiture,deux_roues,3,2,6,1,3
202400015583,2024-11-21 15:10:00,2024,11,21,15,10,63,63035,D 122,45.97156487,3.1368545,Plein jour,Hors agglomération,Hors intersection,Pluie forte,Sans collision,3,2,2,0,1,3,2,0,3,90,1,1,0,0,1,0,67.0,,utilitaire_camion,,1,1,1,3,7
202400015584,2024-11-21 19:45:00,2024,11,21,19,45,38,38194,D519,45.341378,5.446987,Nuit sans éclairage public,Hors agglomération,Hors intersection,Temps couvert,Deux véhicules - arrière,3,2,2,0,1,1,2,0,1,80,2,2,1,0,1,0,23.0,21.0,voiture,deux_roues,3,1,1,8,2
202400015585,2024-11-21 01:10:00,2024,11,21,1,10,06,06025,2000 Route de Sainte-Marguerite,43.826423,7.164652,Nuit sans éclairage public,Hors agglomération,Hors intersection,Normale,Autre collision,7,2,1,0,2,3,1,0,1,80,1,1,0,0,0,1,20.0,,voiture,,3,1,1,1,6
202400015586,2024-11-19 13:35:00,2024,11,19,13,35,79,79136,,46.177022,-0.043216,Plein jour,Hors agglomération,Hors intersection,Brouillard / fumée,Sans collision,3,2,2,0,1,3,1,0,3,80,1,1,0,0,1,0,22.0,,voiture,,1,1,1,5,7
202400015587,2024-11-21 12:50:00,2024,11,21,12,50,21,21478,D10,47.368841,4.840786,Plein jour,Hors agglomération,Hors intersection,Neige / grêle,Trois véhicules et plus - collisions multiples,3,2,2,0,1,3,5,0,1,80,3,3,2,0,1,0,31.0,57.0,voiture,voiture,1,1,1,4,5