accident_id,datetime,annee,mois,jour,heure,minute,departement,commune_insee,adresse,latitude,longitude,luminosite,agglomeration,intersection,meteo,collision,catr,circ,nbv,vosp,prof,plan,surf,infra,situ,vma,nb_vehicules,nb_usagers,nb_indemnes,nb_tues,nb_blesses_hosp,nb_blesses_legers,age_cond_1,age_cond_2,veh_type_cond_1,veh_type_cond_2,lum_code,agg_code,int_code,atm_code,col_code
202400015588,2024-11-21 20:35:00,2024,11,21,20,35,77,77240,D934,48.7847,3.274741,Nuit sans éclairage public,Hors agglomération,Hors intersection,Temps couvert,Deux véhicules - frontale,3,2,2,0,3,1,2,0,1,80,2,3,1,0,1,1,52.0,30.0,voiture,voiture,3,1,1,8,1
202400015589,2024-11-21 18:00:00,2024,11,21,18,0,51,51569,Thillois,49.25004,3.944371,Nuit sans éclairage public,Hors agglomération,Hors intersection,Normale,Deux véhicules - frontale,4,2,2,0,1,2,2,0,1,70,2,2,0,0,0,2,40.0,45.0,voiture,voiture,3,1,1,1,1
202400015590,2024-11-22 18:35:00,2024,11,22,18,35,51,51303,D37,49.012196,4.186987,Nuit sans éclairage public,En agglomération,Passage à niveau,Normale,Sans collision,3,2,2,0,1,3,2,9,3,50,1,2,0,0,1,1,24.0,,voiture,,3,2,8,1,7
202400015591,2024-11-22 18:55:00,2024,11,22,18,55,56,56117,Place Anne de Bretagne,47.883355,-2.832348,Nuit sans éclairage public,En agglomération,Hors intersection,Normale,Autre collision,4,2,2,0,1,1,1,0,1,50,1,3,1,0,0,2,72.0,,voiture,,3,2,1,1,6
202400015592,2024-11-21 13:20:00,2024,11,21,13,20,76,76240,Route du Havre,49.701364,0.364158,Plein jour,Hors agglomération,Hors intersection,Neige / grêle,Autre collision,3,2,2,0,1,1,5,0,1,80,3,5,4,0,1,0,22.0,32.0,utilitaire_camion,utilitaire_camion,1,1,1,4,6
202400015593,2024-11-21 19:14:00,2024,11,21,19,14,82,82037,Avenue de Molières,44.164161,1.536246,Nuit avec éclairage allumé,En agglomération,Intersection en Y,Vent fort / tempête,Autre collision,3,2,2,0,1,1,2,0,1,50,1,2,1,0,1,0,75.0,,voiture,,5,2,4,6,6
202400015593,2024-11-21 19:14:00,2024,11,21,19,14,82,82037,Avenue de Molières,44.164161,1.536246,Nuit avec éclairage allumé,En agglomération,Intersection en Y,Vent fort / tempête,Autre collision,3,2,2,0,2,1,2,0,1,50,1,2,1,0,1,0,75.0,,voiture,,5,2,4,6,6
202400015594,2024-11-14 19:15:00,2024,11,14,19,15,33,33138,,45.059445,-0.103705,Nuit avec éclairage allumé,Hors agglomération,Intersection en T,Normale,Trois véhicules et plus - en chaîne,3,2,2,0,1,1,1,0,1,80,4,5,2,0,1,2,44.0,23.0,voiture,voiture,5,1,3,1,4
202400015594,2024-11-14 19:15:00,2024,11,14,19,15,33,33138,,45.059445,-0.103705,Nuit avec éclairage allumé,Hors agglomération,Intersection en T,Normale,Trois véhicules et plus - en chaîne,3,2,2,-1,1,1,1,0,1,-1,4,5,2,0,1,2,44.0,23.0,voiture,voiture,5,1,3,1,4
202400015595,2024-11-21 18:35:00,2024,11,21,18,35,11,11397,,43.20611,2.433523,Nuit avec éclairage allumé,En agglomération,Hors intersection,Pluie légère,Autre collision,3,2,2,0,1,1,2,0,1,50,1,2,1,0,1,0,62.0,,voiture,,5,2,1,2,6
202400015596,2024-11-22 07:35:00,2024,11,22,7,35,49,49003,Route de Doué,47.260405,-0.341087,Crépuscule ou aube,En agglomération,Hors intersection,Normale,Autre collision,3,2,2,0,1,1,1,6,8,50,1,2,1,1,0,0,31.0,,voiture,,2,2,1,1,6
202400015597,2024-11-21 17:50:00,2024,11,21,17,50,68,68374,Route départementale 17 PK 25+500,48.05614,7.226987,Nuit sans éclairage public,Hors agglomération,Hors intersection,Neige / grêle,Deux véhicules - côté,3,2,2,0,1,1,5,0,1,80,2,2,1,0,1,0,60.0,81.0,voiture,voiture,3,1,1,4,3
202400015598,2024-11-19 17:45:00,2024,11,19,17,45,44,44069,Route de Saint-André-des-Eaux,47.325091,-2.410507,Nuit avec éclairage allumé,En agglomération,Giratoire,Pluie forte,Deux véhicules - côté,3,1,2,0,1,2,2,5,1,50,2,2,1,0,0,1,17.0,71.0,deux_roues,voiture,5,2,6,3,3
202400015599,2024-11-21 08:10:00,2024,11,21,8,10,44,44058,La Fromiere,47.789445,-1.348475,Crépuscule ou aube,Hors agglomération,Hors intersection,Pluie légère,Autre collision,3,2,2,0,2,2,7,0,3,80,1,1,0,0,1,0,25.0,,voiture,,2,1,1,2,6
202400015600,2024-11-21 16:10:00,2024,11,21,16,10,29,29072,Avenue de la République,47.80608457,-4.27934788,Crépuscule ou aube,En agglomération,Intersection en T,Temps éblouissant,Deux véhicules - côté,3,2,2,0,1,1,1,0,1,50,2,3,2,0,0,1,83.0,70.0,voiture,voiture,2,2,3,7,3
202400015600,2024-11-21 16:10:00,2024,11,21,16,10,29,29072,Avenue de la République,47.80608457,-4.27934788,Crépuscule ou aube,En agglomération,Intersection en T,Temps éblouissant,Deux véhicules - côté,3,2,2,0,1,1,1,0,1,50,2,3,2,0,0,1,83.0,70.0,voiture,voiture,2,2,3,7,3
202400015601,2024-11-21 08:35:00,2024,11,21,8,35,01,01134,D933,46.288044,4.871734,Plein jour,Hors agglomération,Giratoire,Temps couvert,Autre collision,3,2,2,0,1,2,2,0,1,80,1,1,0,1,0,0,55.0,,voiture,,1,1,6,8,6
202400015602,2024-11-21 13:50:00,2024,11,21,13,50,06,06079,1216 Avenue du Général Garbay,43.565593,6.940134,Plein jour,En agglomération,Hors intersection,Normale,Autre collision,3,2,2,0,1,1,1,6,1,50,1,2,1,0,0,1,59.0,,voiture,,1,2,1,1,6
202400015603,2024-11-20 23:40:00,2024,11,20,23,40,90,90009,RD 57 PK 2+900,47.476144,6.937137,Nuit sans éclairage public,Hors agglomération,Hors intersection,Normale,Autre collision,3,2,2,0,2,3,2,0,3,70,1,4,3,0,0,1,26.0,,voiture,,3,1,1,1,6
202400015604,2024-11-22 12:20:00,2024,11,22,12,20,60,60068,62 Rue Albert Bocque,49.299732,2.800806,Plein jour,En agglomération,Hors intersection,Normale,Autre collision,3,2,2,0,1,1,2,0,1,30,1,2,1,0,0,1,43.0,,voiture,,1,2,1,1,6
202400015605,2024-01-28 17:00:00,2024,1,28,17,0,73,73184,D921 route du lac,45.57380908,5.79349772,Plein jour,Hors agglomération,Hors intersection,Normale,Deux véhicules - arrière,3,2,2,0,1,1,1,0,1,80,2,2,1,0,0,1,32.0,35.0,deux_roues,voiture,1,1,1,1,2
202400015606,2024-11-21 20:15:00,2024,11,21,20,15,36,36016,,46.52726028,1.13355961,Nuit sans éclairage public,Hors agglomération,Hors intersection,Vent fort / tempête,Autre collision,3,-1,2,0,1,1,2,0,1,80,1,1,0,0,1,0,31.0,,voiture,,3,1,1,6,6
202400015607,2024-11-21 16:30:00,2024,11,21,16,30,53,53162,Les Maillardieres,48.25843649,-0.62367766,Plein jour,Hors agglomération,Hors intersection,Neige / grêle,Deux véhicules - frontale,3,2,2,0,1,1,5,0,1,80,2,4,1,0,0,3,29.0,35.0,voiture,voiture,1,1,1,4,1
202400015608,2024-04-20 00:01:00,2024,4,20,0,1,92,92012,DENFERT ROCHEREAU (RUE),48.84392426,2.2459352,Nuit avec éclairage allumé,En agglomération,Hors intersection,Normale,Deux véhicules - arrière,4,2,0,0,1,1,1,0,1,30,2,2,1,0,0,1,29.0,29.0,deux_roues,voiture,5,2,1,1,2
202400015609,2024-11-22 07:50:00,2024,11,22,7,50,85,85084,Rue de l'industrie,46.802703,-1.128266,Nuit avec éclairage allumé,En agglomération,Hors intersection,Temps couvert,Autre collision,4,2,2,0,1,1,7,6,1,50,1,2,1,0,1,0,22.0,,voiture,,5,2,1,8,6
202400015610,2024-04-20 13:30:00,2024,4,20,13,30,92,92007,PASTEUR (AVENUE LOUIS) N° 1 A 39 ET 2 A,48.80037551,2.31813437,Plein jour,En agglomération,Hors intersection,Normale,Autre collision,3,2,4,1,1,1,1,0,1,50,1,2,0,0,0,2,29.0,,deux_roues,,1,2,1,1,6
202400015611,2024-11-21 19:15:00,2024,11,21,19,15,87,87057,D61,46.227056,1.227078,Nuit sans éclairage public,Hors agglomération,Hors intersection,Vent fort / tempête,Autre collision,3,2,2,0,1,3,2,0,1,80,1,1,0,0,1,0,24.0,,voiture,,3,1,1,6,6
202400015612,2024-04-20 14:50:00,2024,4,20,14,50,92,92004,COLOMBES ( RUE DE 31 A ),48.91312479,2.28288768,Plein jour,En agglomération,Hors intersection,Normale,Deux véhicules - côté,4,2,2,0,1,1,1,0,1,50,2,2,1,0,0,1,58.0,48.0,voiture,deux_roues,1,2,1,1,3
202400015613,2024-11-21 17:50:00,2024,11,21,17,50,30,30249,D40a,43.802019,4.217328,Crépuscule ou aube,Hors agglomération,Hors intersection,Normale,Autre collision,3,2,2,0,2,3,1,0,3,80,1,1,0,0,1,0,73.0,,voiture,,2,1,1,1,6
202400015614,2024-04-20 15:05:00,2024,4,20,15,5,34,34322,pk 0 D17e5,43.798959,3.876913,Plein jour,Hors agglomération,Intersection en T,Normale,Trois véhicules et plus - collisions multiples,3,2,1,0,1,1,1,5,1,70,3,3,2,0,0,1,90.0,54.0,voiture,voiture,1,1,3,1,5
202400015614,2024-04-20 15:05:00,2024,4,20,15,5,34,34322,pk 0 D17e5,43.798959,3.876913,Plein jour,Hors agglomération,Intersection en T,Normale,Trois véhicules et plus - collisions multiples,3,2, -1,-1,1,1,1,0,1,-1,3,3,2,0,0,1,90.0,54.0,voiture,voiture,1,1,3,1,5
202400015615,2024-11-21 19:41:00,2024,11,21,19,41,10,10003,Autoroute A5,48.266798,3.738956,Nuit sans éclairage public,Hors agglomération,Hors intersection,Neige / grêle,Autre collision,1,3,2,0,4,1,5,0,1,130,3,4,2,0,0,2,47.0,45.0,utilitaire_camion,utilitaire_camion,3,1,1,4,6
202400015616,2024-04-21 15:48:00,2024,4,21,15,48,22,22209,3 rue de la Paténais,48.576139,-2.148991,Plein jour,En agglomération,Hors intersection,Normale,Sans collision,4,2,2,0,1,1,1,5,1,50,1,1,0,0,1,0,43.0,,deux_roues,,1,2,1,1,7
202400015617,2024-04-18 09:05:00,2024,4,18,9,5,36,36228,,47.15377985,1.56633496,Plein jour,Hors agglomération,Intersection en Y,Normale,Deux véhicules - côté,3,2,2,0,4,2,1,5,1,70,2,2,1,0,1,0,87.0,72.0,voiture,voiture,1,1,4,1,3
202400015617,2024-04-18 09:05:00,2024,4,18,9,5,36,36228,,47.15377985,1.56633496,Plein jour,Hors agglomération,Intersection en Y,Normale,Deux véhicules - côté,3,1,2,-1,2,1,1,5,1,50,2,2,1,0,1,0,87.0,72.0,voiture,voiture,1,1,4,1,3
202400015618,2024-11-22 12:15:00,2024,11,22,12,15,76,76305,A131 PK.031.400,49.49526003,0.2455935,Plein jour,Hors agglomération,Hors intersection,Neige / grêle,Deux véhicules - côté,1,3,2,0,1,1,5,0,1,130,2,2,1,0,1,0,34.0,33.0,voiture,voiture,1,1,1,4,3
202400015619,2024-04-20 02:00:00,2024,4,20,2,0,988,98810,Ouéholle (Tribu),-20.584931,164.525221,Nuit sans éclairage public,Hors agglomération,Hors intersection,Normale,Sans collision,4,2,1,0,1,1,9,0,8,50,1,1,0,0,1,0,27.0,,utilitaire_camion,,3,1,1,1,7
202400015620,2024-04-21 16:15:00,2024,4,21,16,15,28,28196,Autoroute A11,48.289275,1.265273,Plein jour,Hors agglomération,Hors intersection,Normale,Autre collision,1,3,3,0,1,1,1,0,3,130,1,3,0,0,0,3,33.0,,voiture,,1,1,1,1,6
202400015621,2024-11-22 08:30:00,2024,11,22,8,30,06,06084,654 Route de la Roquette,43.612279,6.968223,Plein jour,Hors agglomération,Giratoire,Normale,Deux véhicules - côté,3,1,2,0,1,3,1,5,1,50,2,2,1,0,1,0,59.0,44.0,deux_roues,utilitaire_camion,1,1,6,1,3
202400015622,2024-04-21 05:00:00,2024,4,21,5,0,974,97422,Rue Charles Baudelaire,-21.249127,55.497769,Nuit sans éclairage public,Hors agglomération,Hors intersection,Normale,Autre collision,3,2,2,0,1,3,1,0,1,50,1,1,0,0,1,0,36.0,,deux_roues,,3,1,1,1,6
202400015623,2024-11-22 19:45:00,2024,11,22,19,45,69,69102,Autoroute 89,45.86573531,4.38871284,Nuit sans éclairage public,Hors agglomération,Autre intersection,Temps couvert,Deux véhicules - côté,1,1,3,0,2,2,2,0,1,110,2,3,0,0,2,1,53.0,69.0,transport_commun,utilitaire_camion,3,1,9,8,3
202400015624,2024-04-21 04:45:00,2024,4,21,4,45,974,97412,Rue Charles Baudelaire,-21.381855,55.646465,Nuit avec éclairage non allumé,En agglomération,Hors intersection,Normale,Autre collision,2,2,2,0,1,1,1,0,1,50,1,2,1,1,0,0,32.0,,voiture,,4,2,1,1,6
202400015625,2024-11-19 10:15:00,2024,11,19,10,15,987,98715,PK 4.500,-17.584,-149.56,Plein jour,En agglomération,Autre intersection,Normale,Deux véhicules - côté,2,2,2,-1,1,1,1,9,1,50,2,2,1,0,0,1,34.0,48.0,voiture,deux_roues,1,2,9,1,3
202400015626,2024-04-21 11:10:00,2024,4,21,11,10,64,64396,induslacq,43.40138909,-0.63676178,Plein jour,Hors agglomération,Intersection en T,Normale,Deux véhicules - côté,9,2, -1,-1,1,1,1,0,1,50,2,3,1,0,2,0,45.0,35.0,deux_roues,voiture,1,1,3,1,3
202400015626,2024-04-21 11:10:00,2024,4,21,11,10,64,64396,induslacq,43.40138909,-0.63676178,Plein jour,Hors agglomération,Intersection en T,Normale,Deux véhicules - côté,9,2,2,0,1,1,1,0,1,50,2,3,1,0,2,0,45.0,35.0,deux_roues,voiture,1,1,3,1,3
202400015627,2024-04-20 16:40:00,2024,4,20,16,40,86,86236,D2,46.671493,0.816104,Plein jour,Hors agglomération,Hors intersection,Normale,Sans collision,3,2,2,0,1,1,1,0,3,80,1,1,0,0,1,0,74.0,,voiture,,1,1,1,1,7
202400015628,2024-11-22 06:00:00,2024,11,22,6,0,06,06155,A8 - PK 169.900 chaussée sud,43.599414,7.053909,Nuit sans éclairage public,Hors agglomération,Hors intersection,Normale,Trois véhicules et plus - collisions multiples,1,3,6,0,1,1,1,0,1,110,4,5,3,0,0,2,19.0,20.0,voiture,voiture,3,1,1,1,5
202400015629,2024-04-20 20:00:00,2024,4,20,20,0,86,86165,Route de Lussac,46.419874,0.859559,Plein jour,En agglomération,Giratoire,Normale,Autre collision,3,2,2,0,1,1,1,0,1,50,1,3,2,0,1,0,75.0,,voiture,,1,2,6,1,6
202400015630,2024-11-21 18:25:00,2024,11,21,18,25,21,21347,A6,46.996873,4.857855,Nuit sans éclairage public,Hors agglomération,Hors intersection,Temps couvert,Trois véhicules et plus - en chaîne,1,3,3,0,1,1,7,0,1,130,7,8,7,0,0,1,45.0,33.0,voiture,voiture,3,1,1,8,4
202400015631,2024-04-21 17:10:00,2024,4,21,17,10,71,71303,D23,46.670761,5.270863,Plein jour,Hors agglomération,Intersection en X,Temps éblouissant,Trois véhicules et plus - collisions multiples,3,2,2,0,2,1,1,0,1,80,3,6,3,0,0,3,23.0,20.0,voiture,voiture,1,1,2,7,5
202400015631,2024-04-21 17:10:00,2024,4,21,17,10,71,71303,D23,46.670761,5.270863,Plein jour,Hors agglomération,Intersection en X,Temps éblouissant,Trois véhicules et plus - collisions multiples,3,3,2,0,2,1,1,5,1,80,3,6,3,0,0,3,23.0,20.0,voiture,voiture,1,1,2,7,5
202400015631,2024-04-21 17:10:00,2024,4,21,17,10,71,71303,D23,46.670761,5.270863,Plein jour,Hors agglomération,Intersection en X,Temps éblouissant,Trois véhicules et plus - collisions multiples,3,2,2,0,1,1,1,0,1,80,3,6,3,0,0,3,23.0,20.0,voiture,voiture,1,1,2,7,5
202400015632,2024-04-20 16:20:00,2024,4,20,16,20,62,62390,D940,50.3887496,1.60861562,Plein jour,En agglomération,Hors intersection,Normale,Deux véhicules - côté,3,2,2,0,1,1,1,0,1,50,2,2,1,0,1,0,54.0,21.0,voiture,deux_roues,1,2,1,1,3
202400015633,2024-11-22 03:40:00,2024,11,22,3,40,45,45169,A10 PR 102 + 280,47.898916,1.800934,Nuit sans éclairage public,Hors agglomération,Hors intersection,Neige / grêle,Deux véhicules - côté,1,3,6,0,1,1,7,0,1,130,2,3,2,0,1,0,27.0,46.0,utilitaire_camion,utilitaire_camion,3,1,1,4,3
202400015634,2024-11-22 00:05:00,2024,11,22,0,5,45,45062,A10 PR 89 + 225,47.985893,1.858116,Nuit sans éclairage public,Hors agglomération,Hors intersection,Neige / grêle,Trois véhicules et plus - en chaîne,1,3,6,0,1,1,7,0,1,130,3,5,1,0,3,1,23.0,43.0,utilitaire_camion,utilitaire_camion,3,1,1,4,4
202400015635,2024-04-20 12:30:00,2024,4,20,12,30,44,44217,,47.289928,-1.739402,Plein jour,Hors agglomération,Hors intersection,Normale,Trois véhicules et plus - en chaîne,2,3,4,0,1,1,1,0,1,110,4,8,6,0,0,2,22.0,76.0,voiture,voiture,1,1,1,1,4
202400015636,2024-11-21 20:05:00,2024,11,21,20,5,971,97103,N Rn 1 à Morne Bernard,16.253324,-61.576781,Nuit avec éclairage allumé,Hors agglomération,Hors intersection,Normale,Deux véhicules - côté,2,1,3,0,1,1,1,0,1,90,2,2,1,0,1,0,,47.0,voiture,deux_roues,5,1,1,1,3
202400015637,2024-04-20 17:30:00,2024,4,20,17,30,32,32123,D253,43.625902,0.923967,Plein jour,Hors agglomération,Hors intersection,Normale,Deux véhicules - frontale,3,2,2,0,2,3,1,0,1,80,2,2,1,1,0,0,21.0,61.0,utilitaire_camion,deux_roues,1,1,1,1,1
202400015638,2024-11-22 19:45:00,2024,11,22,19,45,60,60631,,49.15262535,2.58632755,Nuit sans éclairage public,Hors agglomération,Hors intersection,Temps couvert,Autre collision,1,3,4,0,1,1,2,9,5,130,1,5,4,0,0,1,40.0,,voiture,,3,1,1,8,6
202400015639,2024-04-21 12:40:00,2024,4,21,12,40,11,11436,D611a,43.042077,2.857797,Plein jour,Hors agglomération,Hors intersection,Normale,Autre collision,3,2,2,0,1,2,1,0,3,-1,1,1,0,1,0,0,45.0,,deux_roues,,1,1,1,1,6
202400015640,2024-11-17 03:45:00,2024,11,17,3,45,62,62829,A1,50.05901311,2.87356482,Nuit sans éclairage public,Hors agglomération,Hors intersection,Pluie légère,Deux véhicules - arrière,1,2,3,0,1,1,2,0,1,130,2,2,1,0,0,1,27.0,27.0,voiture,voiture,3,1,1,2,2
202400015641,2024-04-20 18:30:00,2024,4,20,18,30,11,11116,Chemin d'Aubian,43.272856,3.029801,Plein jour,Hors agglomération,Hors intersection,Normale,Autre collision,4,2,2,0,1,1,9,0,8,80,1,2,0,1,0,1,25.0,,utilitaire_camion,,1,1,1,1,6
202400015642,2024-11-21 18:30:00,2024,11,21,18,30,987,98724,District de Maroe - Huahine Iti,-16.766782,-151.000214,Nuit sans éclairage public,Hors agglomération,Hors intersection,Normale,Sans collision,2,2,2,0,1,2,1,0,3,60,1,1,0,0,1,0,42.0,,deux_roues,,3,1,1,1,7
202400015643,2024-04-11 17:40:00,2024,4,11,17,40,71,71064,D972,46.582492,5.271058,Plein jour,Hors agglomération,Intersection en X,Normale,Deux véhicules - frontale,3,2,2,0,1,1,1,0,1,90,2,3,1,0,1,1,86.0,54.0,voiture,voiture,1,1,2,1,1
202400015643,2024-04-11 17:40:00,2024,4,11,17,40,71,71064,D972,46.582492,5.271058,Plein jour,Hors agglomération,Intersection en X,Normale,Deux véhicules - frontale,3,2,2,0,1,1,1,0,8,90,2,3,1,0,1,1,86.0,54.0,voiture,voiture,1,1,2,1,1
202400015644,2024-04-20 23:40:00,2024,4,20,23,40,89,89446,Route de Clamecy,47.464007,3.740829,Nuit sans éclairage public,En agglomération,Hors intersection,Normale,Sans collision,3,2,2,0,2,2,1,0,3,50,1,1,0,0,1,0,45.0,,voiture,,3,2,1,1,7
202400015645,2024-11-22 12:05:00,2024,11,22,12,5,55,55184,D36,48.72864312,5.66338778,Plein jour,Hors agglomération,Intersection en Y,Neige / grêle,Autre collision,3,2,2,0,1,2,2,0,3,90,1,1,0,0,0,1,19.0,,voiture,,1,1,4,4,6
202400015645,2024-11-22 12:05:00,2024,11,22,12,5,55,55184,D36,48.72864312,5.66338778,Plein jour,Hors agglomération,Intersection en Y,Neige / grêle,Autre collision,3,2, -1,-1,1,2,2,0,1,-1,1,1,0,0,0,1,19.0,,voiture,,1,1,4,4,6
202400015646,2024-04-20 01:19:00,2024,4,20,1,19,55,55502,Avenue du 18e B.C.P. (Pont),49.489204,5.18265,Nuit sans éclairage public,En agglomération,Hors intersection,Normale,Sans collision,3,2,2,0,1,2,1,2,8,50,1,1,0,1,0,0,48.0,,utilitaire_camion,,3,2,1,1,7
202400015647,2024-11-22 17:19:00,2024,11,22,17,19,54,54432,2 rue de lorraine,48.60200945,6.10289991,Nuit avec éclairage allumé,En agglomération,Intersection en T,Normale,Autre collision,3,2,2,0,1,1,2,0,1,50,1,2,1,0,0,1,37.0,,voiture,,5,2,3,1,6
202400015647,2024-11-22 17:19:00,2024,11,22,17,19,54,54432,2 rue de lorraine,48.60200945,6.10289991,Nuit avec éclairage allumé,En agglomération,Intersection en T,Normale,Autre collision,3,2, -1,0,1,1,1,0,1,50,1,2,1,0,0,1,37.0,,voiture,,5,2,3,1,6
202400015648,2024-03-24 22:20:00,2024,3,24,22,20,41,41185,915 Route de Selles,47.34107,1.718199,Nuit sans éclairage public,Hors agglomération,Hors intersection,Normale,Sans collision,3,2,2,0,1,1,1,0,3,90,1,1,0,0,1,0,32.0,,voiture,,3,1,1,1,7
202400015649,2024-11-21 11:34:00,2024,11,21,11,34,73,73329,D1504 Route du Bourget,45.623528,5.876336,Plein jour,Hors agglomération,Hors intersection,Temps couvert,Deux véhicules - frontale,3,2,2,0,1,3,1,0,1,70,2,2,0,0,1,1,44.0,70.0,utilitaire_camion,voiture,1,1,1,8,1
202400015650,2024-04-20 20:15:00,2024,4,20,20,15,86,86293,D4,46.399881,0.274407,Plein jour,Hors agglomération,Hors intersection,Normale,Sans collision,3,2,2,0,1,3,1,0,3,80,1,1,0,0,1,0,27.0,,voiture,,1,1,1,1,7
202400015651,2024-11-21 11:35:00,2024,11,21,11,35,27,27279,Route de Fourges,49.096618,1.609776,Plein jour,En agglomération,Autre intersection,Neige / grêle,Autre collision,6,-1, -1,0,1,1,5,0,8,30,1,2,1,0,1,0,56.0,,voiture,,1,2,9,4,6
202400015652,2024-04-20 15:10:00,2024,4,20,15,10,34,34228,D907 PK 41+900,43.437675,2.74155,Plein jour,Hors agglomération,Hors intersection,Normale,Sans collision,3,2,2,0,2,2,1,0,3,90,1,2,1,0,1,0,30.0,,deux_roues,,1,1,1,1,7
202400015653,2024-11-22 15:25:00,2024,11,22,15,25,02,02495,Rue Neuve,49.967019,4.034439,Plein jour,En agglomération,Hors intersection,Neige / grêle,Sans collision,3,2,2,0,1,1,2,0,3,50,1,1,0,0,1,0,42.0,,voiture,,1,2,1,4,7
202400015654,2024-04-21 09:15:00,2024,4,21,9,15,39,39013,,46.889366,5.729553,Plein jour,Hors agglomération,Hors intersection,Pluie légère,Autre collision,2,2,2,0,1,1,2,0,8,80,1,3,0,0,1,2,59.0,,voiture,,1,1,1,2,6
202400015655,2024-11-18 08:35:00,2024,11,18,8,35,59,59412,1 Rue de Solesmes,50.12174993,3.54055408,Plein jour,En agglomération,Hors intersection,Pluie légère,Sans collision,3,3,2,0,2,2,2,0,8,50,1,1,0,0,1,0,52.0,,utilitaire_camion,,1,2,1,2,7
202400015656,2024-11-22 15:25:00,2024,11,22,15,25,59,59523,Rue du President de Gaulle,50.587481,3.16233,Plein jour,En agglomération,Hors intersection,Normale,Autre collision,7,2,2,0,1,1,1,0,1,30,1,2,1,0,0,1,50.0,,voiture,,1,2,1,1,6
202400015657,2024-04-21 05:15:00,2024,4,21,5,15,39,39327,,46.670368,5.50894,Nuit sans éclairage public,Hors agglomération,Hors intersection,Temps couvert,Autre collision,3,2,2,0,1,1,2,0,1,90,1,2,1,1,0,0,49.0,,voiture,,3,1,1,8,6
202400015658,2024-11-21 18:15:00,2024,11,21,18,15,83,83090,A50,43.12616,5.88301,Nuit sans éclairage public,Hors agglomération,Hors intersection,Temps couvert,Deux véhicules - arrière,1,3,3,0,1,1,2,0,1,110,2,2,1,0,0,1,33.0,40.0,voiture,voiture,3,1,1,8,2
202400015659,2024-04-21 07:40:00,2024,4,21,7,40,25,25524,D257,47.447057,6.652844,Plein jour,Hors agglomération,Hors intersection,Pluie légère,Deux véhicules - frontale,3,2,2,0,1,1,2,0,1,90,2,2,1,0,0,1,40.0,21.0,voiture,voiture,1,1,1,2,1
202400015660,2024-11-20 12:40:00,2024,11,20,12,40,78,78423,A12 Y,48.79823,2.04327,Plein jour,Hors agglomération,Hors intersection,Normale,Deux véhicules - arrière,1,1,2,0,1,1,1,3,1,90,2,2,1,0,0,1,52.0,49.0,voiture,deux_roues,1,1,1,1,2
202400015661,2024-04-19 07:42:00,2024,4,19,7,42,38,38511,Rue de la Priola,45.358267,5.951961,Plein jour,En agglomération,Hors intersection,Normale,Autre collision,4,2,2,0,1,1,1,0,1,50,1,2,1,0,1,0,21.0,,voiture,,1,2,1,1,6
202400015662,2024-11-20 06:49:00,2024,11,20,6,49,78,78118,A13,48.98298,1.68517,Nuit avec éclairage allumé,Hors agglomération,Hors intersection,Normale,Trois véhicules et plus - en chaîne,1,1,4,0,1,1,2,7,1,70,3,3,2,0,0,1,37.0,30.0,utilitaire_camion,utilitaire_camion,5,1,1,1,4
202400015663,2024-04-19 12:20:00,2024,4,19,12,20,03,03052,RD39,46.339043,2.709994,Plein jour,Hors agglomération,Intersection en T,Normale,Deux véhicules - arrière,3,2,2,0,1,1,1,0,1,90,2,2,1,0,0,1,63.0,28.0,voiture,utilitaire_camion,1,1,3,1,2
202400015663,2024-04-19 12:20:00,2024,4,19,12,20,03,03052,RD39,46.339043,2.709994,Plein jour,Hors agglomération,Intersection en T,Normale,Deux véhicules - arrière,3,2,2,0,1,1,1,0,1,50,2,2,1,0,0,1,63.0,28.0,voiture,utilitaire_camion,1,1,3,1,2
202400015664,2024-11-20 07:35:00,2024,11,20,7,35,78,78490,RN12 EXT,48.800441,1.954982,Plein jour,Hors agglomération,Hors intersection,Temps couvert,Deux véhicules - côté,2,1,2,0,1,1,2,0,1,110,2,2,1,0,0,1,46.0,36.0,voiture,deux_roues,1,1,1,8,3
202400015665,2024-04-20 16:20:00,2024,4,20,16,20,01,01243,Route Departementale 933,46.054799,4.768195,Plein jour,Hors agglomération,Hors intersection,Normale,Autre collision,3,-1,2,0,1,1,1,0,1,80,1,2,1,0,1,0,55.0,,voiture,,1,1,1,1,6
202400015666,2024-11-21 17:50:00,2024,11,21,17,50,93,93064,AUTOROUTE A86,48.8791675,2.47634149,Nuit sans éclairage public,Hors agglomération,Hors intersection,Neige / grêle,Deux véhicules - arrière,1,3,3,0,1,1,2,0,1,90,2,2,1,0,0,1,34.0,43.0,utilitaire_camion,voiture,3,1,1,4,2