accident_id,datetime,annee,mois,jour,heure,minute,departement,commune_insee,adresse,latitude,longitude,luminosite,agglomeration,intersection,meteo,collision,catr,circ,nbv,vosp,prof,plan,surf,infra,situ,vma,nb_vehicules,nb_usagers,nb_indemnes,nb_tues,nb_blesses_hosp,nb_blesses_legers,age_cond_1,age_cond_2,veh_type_cond_1,veh_type_cond_2,lum_code,agg_code,int_code,atm_code,col_code
202400016308,2024-12-20 04:45:00,2024,12,20,4,45,62,62856,Rue de Guestreville,50.36978,2.526662,Nuit sans éclairage public,Hors agglomération,Hors intersection,Pluie légère,Autre collision,4,2,2,0,1,2,2,0,1,50,1,1,0,0,1,0,30.0,,voiture,,3,1,1,2,6
202400016309,2024-08-02 17:32:00,2024,8,2,17,32,13,13106,A51-Sens Aix en Provence vers Marseille,43.40243132,5.35596718,Plein jour,Hors agglomération,Hors intersection,Normale,Deux véhicules - arrière,1,-1,2,0,1,1,1,0,1,90,3,3,2,0,0,1,39.0,32.0,voiture,voiture,1,1,1,1,2
202400016310,2024-01-31 08:05:00,2024,1,31,8,5,13,13005,GEMENOS (ROUTE DE CD2),43.28753,5.53021,Crépuscule ou aube,En agglomération,Hors intersection,Normale,Deux véhicules - arrière,4,2,2,0,1,1,1,0,1,80,3,4,1,0,0,3,30.0,31.0,voiture,voiture,2,2,1,1,2
202400016311,2024-12-25 21:10:00,2024,12,25,21,10,77,77065,D372,48.451891,2.509432,Nuit sans éclairage public,Hors agglomération,Hors intersection,Pluie légère,Deux véhicules - frontale,3,2,2,0,1,1,2,0,1,80,2,6,0,1,5,0,47.0,58.0,voiture,voiture,3,1,1,2,1
202400016312,2024-08-02 12:20:00,2024,8,2,12,20,69,69199,Boulevard Périphérique Laurent Bonnevay,45.71559,4.84368,Plein jour,Hors agglomération,Hors intersection,Normale,Deux véhicules - côté,7,1,2,0,2,3,1,0,2,70,2,2,1,0,1,0,41.0,35.0,voiture,deux_roues,1,1,1,1,3
202400016313,2024-01-31 05:25:00,2024,1,31,5,25,13,13005,AUMONE (TRAVERSE DE L'),43.28934,5.53039,Nuit sans éclairage public,En agglomération,Hors intersection,Normale,Sans collision,4,2,1,0,1,1,1,0,1,50,1,1,0,0,0,1,27.0,,utilitaire_camion,,3,2,1,1,7
202400016314,2024-09-09 13:00:00,2024,9,9,13,0,92,92073,VERDUN (RUE DE),48.87322823,2.2295269,Plein jour,En agglomération,Intersection en T,Pluie légère,Deux véhicules - côté,3,2,2,0,1,1,2,0,1,50,2,2,1,0,0,1,15.0,28.0,deux_roues,deux_roues,1,2,3,2,3
202400016314,2024-09-09 13:00:00,2024,9,9,13,0,92,92073,VERDUN (RUE DE),48.87322823,2.2295269,Plein jour,En agglomération,Intersection en T,Pluie légère,Deux véhicules - côté,3,2,3,2,1,1,2,0,1,50,2,2,1,0,0,1,15.0,28.0,deux_roues,deux_roues,1,2,3,2,3
202400016315,2024-12-26 12:20:00,2024,12,26,12,20,79,79174,,46.221773,-0.142731,Plein jour,En agglomération,Hors intersection,Normale,Deux véhicules - côté,6,-1, -1,0,1,1,1,0,1,30,2,2,1,0,0,1,55.0,16.0,utilitaire_camion,deux_roues,1,2,1,1,3
202400016316,2024-01-31 14:00:00,2024,1,31,14,0,04,04112,VOLTA (CHEMIN ALESSANDRO),43.81486,5.79749,Plein jour,En agglomération,Hors intersection,Normale,Deux véhicules - frontale,2,-1,1,0,1,1,1,0,1,80,2,2,1,0,1,0,15.0,27.0,deux_roues,utilitaire_camion,1,2,1,1,1
202400016317,2024-08-02 23:45:00,2024,8,2,23,45,69,69272,Autoroute 46,45.59731453,4.85240432,Nuit avec éclairage non allumé,Hors agglomération,Hors intersection,Normale,Autre collision,1,3,4,0,1,2,1,2,3,110,1,1,0,0,0,1,44.0,,voiture,,4,1,1,1,6
202400016318,2024-01-31 19:00:00,2024,1,31,19,0,75,75119,ECHANGEUR PRE SAINT GERVAIS,48.88227808,2.40105897,Nuit avec éclairage allumé,En agglomération,Intersection en Y,Normale,Sans collision,4,1,4,0,2,1,1,0,1,70,1,1,0,0,1,0,37.0,,deux_roues,,5,2,4,1,7
202400016318,2024-01-31 19:00:00,2024,1,31,19,0,75,75119,ECHANGEUR PRE SAINT GERVAIS,48.88227808,2.40105897,Nuit avec éclairage allumé,En agglomération,Intersection en Y,Normale,Sans collision,4,1,2,0,2,3,1,0,1,50,1,1,0,0,1,0,37.0,,deux_roues,,5,2,4,1,7
202400016319,2024-12-25 18:25:00,2024,12,25,18,25,80,80294,D1017,49.888787,2.913898,Nuit sans éclairage public,Hors agglomération,Hors intersection,Pluie légère,Autre collision,3,2,3,0,1,1,2,0,1,80,3,3,2,0,1,0,19.0,45.0,deux_roues,voiture,3,1,1,2,6
202400016320,2024-09-09 08:55:00,2024,9,9,8,55,92,92036,GRESILLONS (QUAI DES),48.92117296,2.32501692,Plein jour,En agglomération,Intersection en X,Normale,Deux véhicules - arrière,3,2,4,0,2,1,1,0,1,50,2,2,1,0,0,1,23.0,41.0,utilitaire_camion,deux_roues,1,2,2,1,2
202400016320,2024-09-09 08:55:00,2024,9,9,8,55,92,92036,GRESILLONS (QUAI DES),48.92117296,2.32501692,Plein jour,En agglomération,Intersection en X,Normale,Deux véhicules - arrière,3,2,5,0,1,1,1,0,1,50,2,2,1,0,0,1,23.0,41.0,utilitaire_camion,deux_roues,1,2,2,1,2
202400016321,2024-08-03 17:50:00,2024,8,3,17,50,91,91161,AUTOROUTE A6,48.71384,2.30903,Plein jour,Hors agglomération,Hors intersection,Normale,Sans collision,1,1,3,0,1,1,1,0,1,110,1,1,0,0,0,1,26.0,,voiture,,1,1,1,1,7
202400016322,2024-12-26 17:57:00,2024,12,26,17,57,80,80354,28 Rue Principale,49.983397,1.767298,Nuit avec éclairage allumé,En agglomération,Intersection en X,Normale,Autre collision,3,2,2,0,1,1,2,0,1,50,1,2,1,0,1,0,32.0,,voiture,,5,2,2,1,6
202400016322,2024-12-26 17:57:00,2024,12,26,17,57,80,80354,28 Rue Principale,49.983397,1.767298,Nuit avec éclairage allumé,En agglomération,Intersection en X,Normale,Autre collision,3,2,2,0,1,1,2,0,1,50,1,2,1,0,1,0,32.0,,voiture,,5,2,2,1,6
202400016323,2024-08-03 17:20:00,2024,8,3,17,20,91,91659,AUTOROUTE A6,48.58273001,2.45713949,Plein jour,Hors agglomération,Hors intersection,Normale,Sans collision,1,3,3,0,1,1,1,0,1,110,1,1,0,0,0,1,29.0,,deux_roues,,1,1,1,1,7
202400016324,2024-01-30 09:08:00,2024,1,30,9,8,75,75108,PLACE DU CANADA,48.865083,2.310341,Plein jour,En agglomération,Place,Normale,Deux véhicules - côté,4,2,4,3,1,1,1,0,1,30,2,2,1,1,0,0,40.0,33.0,utilitaire_camion,deux_roues,1,2,7,1,3
202400016324,2024-01-30 09:08:00,2024,1,30,9,8,75,75108,PLACE DU CANADA,48.865083,2.310341,Plein jour,En agglomération,Place,Normale,Deux véhicules - côté,4,2,3,1,1,1,1,0,1,30,2,2,1,1,0,0,40.0,33.0,utilitaire_camion,deux_roues,1,2,7,1,3
202400016325,2024-09-08 21:05:00,2024,9,8,21,5,92,92035,Verdun 1916 ( avenue de ),48.90491346,2.23366204,Nuit avec éclairage allumé,En agglomération,Intersection en X,Pluie légère,Deux véhicules - côté,3,2,2,0,1,1,2,0,1,50,2,2,1,0,0,1,19.0,61.0,deux_roues,voiture,5,2,2,2,3
202400016325,2024-09-08 21:05:00,2024,9,8,21,5,92,92035,Verdun 1916 ( avenue de ),48.90491346,2.23366204,Nuit avec éclairage allumé,En agglomération,Intersection en X,Pluie légère,Deux véhicules - côté,3,2,4,0,1,1,2,0,1,50,2,2,1,0,0,1,19.0,61.0,deux_roues,voiture,5,2,2,2,3
202400016326,2024-12-25 18:00:00,2024,12,25,18,0,32,32132,239 route de jegun,43.820966,0.636778,Nuit sans éclairage public,Hors agglomération,Hors intersection,Autre,Deux véhicules - frontale,3,2,2,0,1,1,2,0,1,80,2,5,4,0,1,0,83.0,68.0,voiture,voiture,3,1,1,9,1
202400016327,2024-08-03 13:40:00,2024,8,3,13,40,92,92002,AUTOROUTE A86,48.76034112,2.28180753,Plein jour,Hors agglomération,Hors intersection,Normale,Deux véhicules - arrière,2,3,2,0,1,1,1,0,1,90,2,2,1,0,0,1,25.0,41.0,voiture,voiture,1,1,1,1,2
202400016328,2024-09-09 10:00:00,2024,9,9,10,0,92,92012,PONT DE BILLANCOURT (PLACE DU),48.82537,2.24836,Plein jour,En agglomération,Hors intersection,Pluie légère,Sans collision,4,2,6,0,1,1,2,0,1,50,1,1,0,0,0,1,52.0,,deux_roues,,1,2,1,2,7
202400016329,2024-01-31 02:00:00,2024,1,31,2,0,75,75111,BOULEVARD DES FILLES DU CALVAIRE,48.861375,2.36715,Nuit avec éclairage allumé,En agglomération,Intersection en T,Normale,Deux véhicules - côté,4,2,2,2,1,1,1,0,1,30,2,2,1,0,0,1,50.0,28.0,utilitaire_camion,deux_roues,5,2,3,1,3
202400016329,2024-01-31 02:00:00,2024,1,31,2,0,75,75111,BOULEVARD DES FILLES DU CALVAIRE,48.861375,2.36715,Nuit avec éclairage allumé,En agglomération,Intersection en T,Normale,Deux véhicules - côté,4,1, -1,-1,1,1,1,0,1,30,2,2,1,0,0,1,50.0,28.0,utilitaire_camion,deux_roues,5,2,3,1,3
202400016330,2024-08-03 14:54:00,2024,8,3,14,54,78,78640,A86 EXT,48.778333,2.209563,Plein jour,Hors agglomération,Hors intersection,Normale,Trois véhicules et plus - en chaîne,1,-1,3,0,1,1,1,0,1,90,3,4,3,0,0,1,22.0,37.0,voiture,voiture,1,1,1,1,4
202400016331,2024-12-26 06:05:00,2024,12,26,6,5,49,49323,Route Départementale N°323 de Nantes à Paris (Saint-Sylvain-d'Anjou),47.520041,-0.449034,Nuit sans éclairage public,Hors agglomération,Hors intersection,Pluie légère,Deux véhicules - côté,3,2,2,0,1,1,2,0,1,80,2,2,1,0,1,0,41.0,58.0,utilitaire_camion,voiture,3,1,1,2,3
202400016332,2024-09-09 18:20:00,2024,9,9,18,20,92,92002,DIVISION LECLERC (1 A 29 -2 A 34),48.75199127,2.30460137,Plein jour,En agglomération,Hors intersection,Temps couvert,Deux véhicules - côté,3,1,2,3,1,1,2,0,6,50,2,3,2,0,0,1,24.0,26.0,voiture,transport_commun,1,2,1,8,3
202400016333,2024-08-03 07:15:00,2024,8,3,7,15,78,78545,A12 Y,48.817278,2.064141,Plein jour,Hors agglomération,Autre intersection,Temps couvert,Sans collision,1,3,4,0,1,1,1,0,1,90,1,1,0,0,1,0,29.0,,deux_roues,,1,1,9,8,7
202400016334,2024-01-29 20:38:00,2024,1,29,20,38,75,75117,BOULEVARD BESSIERES,48.897614,2.324157,Nuit avec éclairage allumé,En agglomération,Intersection en X,Normale,Autre collision,4,1,2,2,1,1,1,0,5,50,2,2,1,0,0,1,34.0,,deux_roues,voiture,5,2,2,1,6
202400016334,2024-01-29 20:38:00,2024,1,29,20,38,75,75117,BOULEVARD BESSIERES,48.897614,2.324157,Nuit avec éclairage allumé,En agglomération,Intersection en X,Normale,Autre collision,4,1, -1,0,1,1,1,0,1,30,2,2,1,0,0,1,34.0,,deux_roues,voiture,5,2,2,1,6
202400016335,2024-12-26 08:44:00,2024,12,26,8,44,12,12270,Avenue du Général de Gaulle,44.32244,3.064295,Crépuscule ou aube,En agglomération,Hors intersection,Temps éblouissant,Autre collision,4,2,2,0,1,1,1,0,1,50,1,1,0,0,1,0,15.0,,deux_roues,,2,2,1,7,6
202400016336,2024-09-09 04:05:00,2024,9,9,4,5,01,01235,D1083,46.047373,5.070465,Nuit sans éclairage public,Hors agglomération,Hors intersection,Pluie légère,Deux véhicules - frontale,3,2,2,0,1,1,2,0,1,80,2,2,1,0,1,0,52.0,17.0,utilitaire_camion,deux_roues,3,1,1,2,1
202400016337,2024-08-02 13:50:00,2024,8,2,13,50,92,92025,A86,48.92912436,2.24069854,Plein jour,Hors agglomération,Hors intersection,Normale,Deux véhicules - arrière,1,-1,2,0,1,1,1,0,1,90,2,2,1,0,0,1,28.0,,deux_roues,voiture,1,1,1,1,2
202400016338,2024-12-25 18:00:00,2024,12,25,18,0,41,41059,rd 956,47.422745,1.448597,Nuit sans éclairage public,Hors agglomération,Hors intersection,Pluie légère,Deux véhicules - frontale,3,2,2,0,4,1,2,0,1,70,2,2,1,0,0,1,61.0,21.0,voiture,voiture,3,1,1,2,1
202400016339,2024-01-30 08:30:00,2024,1,30,8,30,75,75115,BOULEVARD PASTEUR,48.844637,2.311741,Crépuscule ou aube,En agglomération,Hors intersection,Normale,Deux véhicules - arrière,4,1,2,3,2,1,1,0,1,30,2,2,1,0,0,1,43.0,37.0,deux_roues,utilitaire_camion,2,2,1,1,2
202400016340,2024-09-09 12:10:00,2024,9,9,12,10,73,73245,D1504 Route du tunnel,45.693448,5.830312,Plein jour,Hors agglomération,Hors intersection,Pluie légère,Deux véhicules - côté,3,2,2,0,2,3,2,0,1,50,2,2,1,0,1,0,23.0,56.0,voiture,deux_roues,1,1,1,2,3
202400016341,2024-12-26 13:15:00,2024,12,26,13,15,34,34139,D909,43.417774,3.227084,Plein jour,Hors agglomération,Hors intersection,Normale,Deux véhicules - frontale,3,2,2,0,1,1,1,0,1,80,2,3,0,0,0,3,44.0,51.0,voiture,voiture,1,1,1,1,1
202400016342,2024-01-31 18:30:00,2024,1,31,18,30,75,75112,BOULEVARD DE PICPUS,48.84265412,2.40120426,Nuit avec éclairage allumé,En agglomération,Hors intersection,Normale,Autre collision,4,1,1,0,1,1,1,0,1,30,1,2,1,0,0,1,20.0,,deux_roues,,5,2,1,1,6
202400016343,2024-08-02 01:10:00,2024,8,2,1,10,78,78571,A13,48.867328,2.033363,Nuit sans éclairage public,Hors agglomération,Hors intersection,Normale,Deux véhicules - arrière,1,3,2,0,2,1,1,9,1,110,2,6,0,0,1,5,35.0,35.0,voiture,voiture,3,1,1,1,2
202400016344,2024-09-10 11:40:00,2024,9,10,11,40,43,43080,Rue Saint-roch,45.3283,3.845741,Plein jour,En agglomération,Place,Normale,Deux véhicules - côté,4,-1, -1,0,1,1,1,0,1,50,2,2,1,0,1,0,57.0,15.0,voiture,deux_roues,1,2,7,1,3
202400016344,2024-09-10 11:40:00,2024,9,10,11,40,43,43080,Rue Saint-roch,45.3283,3.845741,Plein jour,En agglomération,Place,Normale,Deux véhicules - côté,4,2,2,0,1,1,1,0,1,50,2,2,1,0,1,0,57.0,15.0,voiture,deux_roues,1,2,7,1,3
202400016345,2024-01-31 08:05:00,2024,1,31,8,5,75,75109,RUE LA FAYETTE,48.875102,2.340984,Crépuscule ou aube,En agglomération,Intersection en T,Normale,Sans collision,4,1, -1,-1,1,1,1,0,5,30,1,1,0,0,0,1,54.0,,deux_roues,,2,2,3,1,7
202400016345,2024-01-31 08:05:00,2024,1,31,8,5,75,75109,RUE LA FAYETTE,48.875102,2.340984,Crépuscule ou aube,En agglomération,Intersection en T,Normale,Sans collision,4,2,4,1,1,1,1,0,5,30,1,1,0,0,0,1,54.0,,deux_roues,,2,2,3,1,7
202400016346,2024-08-03 07:10:00,2024,8,3,7,10,93,93001,AUTOROUTE A86,48.92107051,2.37460256,Plein jour,Hors agglomération,Hors intersection,Normale,Deux véhicules - arrière,1,1,4,0,2,1,1,3,1,70,2,2,1,0,0,1,54.0,44.0,voiture,voiture,1,1,1,1,2
202400016347,2024-12-25 07:45:00,2024,12,25,7,45,68,68155,18 Route d'Eguisheim,48.091596,7.307448,Crépuscule ou aube,En agglomération,Hors intersection,Normale,Sans collision,3,2,2,0,1,1,1,0,1,50,1,1,0,0,0,1,38.0,,deux_roues,,2,2,1,1,7
202400016348,2024-09-10 08:30:00,2024,9,10,8,30,57,57479,D956,49.416365,6.381219,Plein jour,Hors agglomération,Hors intersection,Normale,Deux véhicules - frontale,3,2,2,0,2,3,2,0,1,80,2,2,0,0,2,0,21.0,60.0,voiture,voiture,1,1,1,1,1
202400016349,2024-01-30 23:25:00,2024,1,30,23,25,75,75109,BOULEVARD HAUSSMANN,48.87378833,2.32702902,Nuit avec éclairage allumé,En agglomération,Intersection en T,Normale,Autre collision,4,1,1,3,1,1,1,0,1,30,1,1,0,0,1,0,31.0,,deux_roues,,5,2,3,1,6
202400016349,2024-01-30 23:25:00,2024,1,30,23,25,75,75109,BOULEVARD HAUSSMANN,48.87378833,2.32702902,Nuit avec éclairage allumé,En agglomération,Intersection en T,Normale,Autre collision,4,1, -1,-1,1,1,1,0,1,30,1,1,0,0,1,0,31.0,,deux_roues,,5,2,3,1,6
202400016350,2024-08-03 00:30:00,2024,8,3,0,30,95,95527,A3,48.98653821,2.50540597,Nuit sans éclairage public,Hors agglomération,Hors intersection,Normale,Deux véhicules - arrière,1,3,4,0,1,1,1,0,1,90,2,4,3,0,0,1,49.0,61.0,voiture,voiture,3,1,1,1,2
202400016351,2024-12-26 12:19:00,2024,12,26,12,19,39,39285,,47.147382,5.643706,Plein jour,Hors agglomération,Hors intersection,Normale,Deux véhicules - frontale,3,2,2,0,1,1,1,0,1,90,2,5,2,0,2,1,29.0,73.0,voiture,utilitaire_camion,1,1,1,1,1
202400016352,2024-01-31 15:35:00,2024,1,31,15,35,75,75102,BOULEVARD DE BONNE NOUVELLE,48.87005492,2.35095084,Plein jour,En agglomération,Intersection en T,Normale,Autre collision,4,2,1,1,1,1,1,0,1,30,1,2,0,0,0,2,41.0,,deux_roues,,1,2,3,1,6
202400016352,2024-01-31 15:35:00,2024,1,31,15,35,75,75102,BOULEVARD DE BONNE NOUVELLE,48.87005492,2.35095084,Plein jour,En agglomération,Intersection en T,Normale,Autre collision,4,1,0,0,1,1,1,0,1,30,1,2,0,0,0,2,41.0,,deux_roues,,1,2,3,1,6
202400016353,2024-12-19 18:30:00,2024,12,19,18,30,44,44052,39 Route de Crossac,47.373673,-2.125865,Nuit avec éclairage allumé,Hors agglomération,Hors intersection,Pluie légère,Deux véhicules - frontale,3,2,2,0,1,1,2,0,1,70,2,2,1,0,0,1,22.0,35.0,voiture,voiture,5,1,1,2,1
202400016354,2024-08-02 21:45:00,2024,8,2,21,45,93,93066,AUTOROUTE A1,48.91623043,2.35752085,Nuit avec éclairage allumé,En agglomération,Autre intersection,Normale,Trois véhicules et plus - en chaîne,1,3,4,0,1,1,1,1,1,90,3,6,2,0,0,4,52.0,45.0,voiture,voiture,5,2,9,1,4
202400016355,2024-09-07 16:35:00,2024,9,7,16,35,972,97214,N1,14.843971,-61.083268,Plein jour,Hors agglomération,Hors intersection,Normale,Deux véhicules - côté,2,2,2,0,1,1,1,0,1,50,2,4,2,0,0,2,74.0,52.0,voiture,voiture,1,1,1,1,3
202400016356,2024-01-31 13:10:00,2024,1,31,13,10,75,75102,BOULEVARD DE BONNE NOUVELLE,48.870421,2.349103,Plein jour,En agglomération,Intersection en T,Normale,Deux véhicules - côté,4,2,4,1,1,1,1,0,1,30,2,2,1,0,0,1,33.0,62.0,deux_roues,utilitaire_camion,1,2,3,1,3
202400016356,2024-01-31 13:10:00,2024,1,31,13,10,75,75102,BOULEVARD DE BONNE NOUVELLE,48.870421,2.349103,Plein jour,En agglomération,Intersection en T,Normale,Deux véhicules - côté,4,1,2,2,2,1,1,0,1,30,2,2,1,0,0,1,33.0,62.0,deux_roues,utilitaire_camion,1,2,3,1,3
202400016357,2024-09-07 09:10:00,2024,9,7,9,10,972,97227,Quartier Bellay,14.492826,-60.92435,Plein jour,Hors agglomération,Hors intersection,Pluie forte,Deux véhicules - côté,3,2,2,0,2,4,2,0,1,90,2,2,1,0,0,1,52.0,63.0,voiture,voiture,1,1,1,3,3
202400016358,2024-12-24 19:00:00,2024,12,24,19,0,29,29196,Traon Ivern,48.52017111,-4.59276722,Nuit sans éclairage public,Hors agglomération,Hors intersection,Brouillard / fumée,Deux véhicules - frontale,3,2,2,0,2,3,2,0,1,80,2,6,0,0,1,5,21.0,38.0,voiture,voiture,3,1,1,5,1
202400016359,2024-08-03 12:30:00,2024,8,3,12,30,94,94033,A86,48.85116637,2.49060216,Plein jour,Hors agglomération,Hors intersection,Normale,Trois véhicules et plus - collisions multiples,1,3,3,0,1,1,1,0,1,90,3,3,2,0,0,1,61.0,41.0,transport_commun,deux_roues,1,1,1,1,5
202400016360,2024-12-25 17:50:00,2024,12,25,17,50,31,31399,Route de Mauzac,43.370334,1.278644,Nuit sans éclairage public,En agglomération,Hors intersection,Pluie légère,Sans collision,3,2,2,0,1,2,2,0,1,80,1,1,0,0,1,0,53.0,,deux_roues,,3,2,1,2,7
202400016361,2024-09-09 11:30:00,2024,9,9,11,30,21,21214,"Autoroute A6, PK 278+100",47.175231,4.688407,Plein jour,Hors agglomération,Hors intersection,Pluie forte,Autre collision,1,1,2,0,1,3,2,0,8,110,1,1,0,0,1,0,49.0,,voiture,,1,1,1,3,6
202400016362,2024-01-31 08:10:00,2024,1,31,8,10,94,94078,Rue de Paris / Av de l’Appel du 18 Juin 1940,48.755039,2.444396,Plein jour,En agglomération,Intersection en T,Normale,Deux véhicules - côté,2,3,4,0,1,1,1,5,1,50,2,2,1,0,0,1,,60.0,utilitaire_camion,deux_roues,1,2,3,1,3
202400016363,2024-12-24 14:50:00,2024,12,24,14,50,14,14326,3747 Route de Cormeilles,49.170637,0.296516,Plein jour,Hors agglomération,Hors intersection,Pluie légère,Autre collision,3,2,2,0,2,2,2,0,3,70,1,1,0,0,1,0,16.0,,deux_roues,,1,1,1,2,6
202400016364,2024-08-02 21:45:00,2024,8,2,21,45,988,98818,AVENUE DU GENERAL DE GAULLE/RUE DE SEBASTOPOL,-22.28005,166.44387,Nuit avec éclairage allumé,En agglomération,Intersection en Y,Pluie légère,Autre collision,4,1,3,0,3,2,2,0,8,50,1,4,2,0,1,1,,,voiture,,5,2,4,2,6
202400016364,2024-08-02 21:45:00,2024,8,2,21,45,988,98818,AVENUE DU GENERAL DE GAULLE/RUE DE SEBASTOPOL,-22.28005,166.44387,Nuit avec éclairage allumé,En agglomération,Intersection en Y,Pluie légère,Autre collision,4,2,2,0,3,1,2,0,8,50,1,4,2,0,1,1,,,voiture,,5,2,4,2,6
202400016365,2024-09-10 17:45:00,2024,9,10,17,45,83,83036,Avenue de Saint-raphaël,43.184965,6.544869,Plein jour,En agglomération,Hors intersection,Normale,Deux véhicules - côté,3,3,1,1,1,1,1,0,5,50,2,2,1,0,0,1,74.0,70.0,voiture,deux_roues,1,2,1,1,3
202400016366,2024-01-31 00:05:00,2024,1,31,0,5,94,94077,Pont de Villeneuve-Le-Roi,48.7284,2.44129,Nuit avec éclairage allumé,En agglomération,Hors intersection,Normale,Sans collision,3,2,3,0,1,2,8,0,1,50,1,2,1,0,0,1,28.0,,deux_roues,,5,2,1,1,7
202400016367,2024-12-25 11:45:00,2024,12,25,11,45,60,60471,D932,49.60150085,3.01150274,Plein jour,Hors agglomération,Intersection en X,Temps couvert,Autre collision,3,2,2,0,1,1,2,5,1,80,2,2,1,1,0,0,47.0,38.0,deux_roues,voiture,1,1,2,8,6
202400016367,2024-12-25 11:45:00,2024,12,25,11,45,60,60471,D932,49.60150085,3.01150274,Plein jour,Hors agglomération,Intersection en X,Temps couvert,Autre collision,3,2,1,0,4,1,2,5,1,80,2,2,1,1,0,0,47.0,38.0,deux_roues,voiture,1,1,2,8,6
202400016368,2024-08-02 15:00:00,2024,8,2,15,0,973,97302,ESTREES (AVENUE D'),4.94073,-52.32368,Plein jour,En agglomération,Intersection en T,Normale,Deux véhicules - côté,4,2,2,0,1,1,1,0,1,50,2,2,1,0,0,1,43.0,55.0,deux_roues,voiture,1,2,3,1,3
202400016368,2024-08-02 15:00:00,2024,8,2,15,0,973,97302,ESTREES (AVENUE D'),4.94073,-52.32368,Plein jour,En agglomération,Intersection en T,Normale,Deux véhicules - côté,4,2,2,0,1,1,1,0,1,50,2,2,1,0,0,1,43.0,55.0,deux_roues,voiture,1,2,3,1,3
202400016369,2024-09-10 13:20:00,2024,9,10,13,20,62,62506,D191,50.78145674,1.94297232,Plein jour,En agglomération,Hors intersection,Pluie légère,Autre collision,3,2,2,0,1,1,2,0,8,50,1,2,1,0,1,0,25.0,,voiture,,1,2,1,2,6
202400016370,2024-01-30 18:40:00,2024,1,30,18,40,94,94068,Avenue Foch / Rue de la Réunion,48.80194446,2.49294645,Nuit avec éclairage allumé,En agglomération,Intersection en T,Normale,Deux véhicules - arrière,3,2,2,0,1,1,1,0,1,30,2,2,1,0,0,1,21.0,52.0,voiture,voiture,5,2,3,1,2
202400016370,2024-01-30 18:40:00,2024,1,30,18,40,94,94068,Avenue Foch / Rue de la Réunion,48.80194446,2.49294645,Nuit avec éclairage allumé,En agglomération,Intersection en T,Normale,Deux véhicules - arrière,3,2,2,0,1,1,1,0,1,-1,2,2,1,0,0,1,21.0,52.0,voiture,voiture,5,2,3,1,2
202400016371,2024-12-26 12:15:00,2024,12,26,12,15,64,64443,Route de Pardies,43.353612,-0.582619,Plein jour,Hors agglomération,Hors intersection,Normale,Sans collision,3,2,2,0,1,1,2,0,3,80,1,4,1,1,0,2,55.0,,transport_commun,,1,1,1,1,7
202400016372,2024-09-10 08:55:00,2024,9,10,8,55,06,06064,1326 Chemin de Provence,43.757294,7.182865,Plein jour,En agglomération,Hors intersection,Normale,Deux véhicules - frontale,4,2,2,0,2,3,1,9,1,30,2,2,1,0,0,1,26.0,39.0,voiture,deux_roues,1,2,1,1,1
202400016373,2024-08-02 20:00:00,2024,8,2,20,0,69,69387,Route de Vienne,45.74370377,4.8502166,Plein jour,En agglomération,Hors intersection,Normale,Autre collision,4,1,1,3,1,1,1,0,1,30,3,5,3,0,0,2,,27.0,voiture,voiture,1,2,1,1,6
202400016374,2024-12-23 17:18:00,2024,12,23,17,18,43,43112,Avenue de la Margeride,45.09017154,3.49542395,Crépuscule ou aube,En agglomération,Hors intersection,Pluie légère,Sans collision,3,2,2,0,2,3,2,0,1,50,1,2,1,0,1,0,36.0,,deux_roues,,2,2,1,2,7
202400016375,2024-01-31 09:45:00,2024,1,31,9,45,94,94042,Avenue du Général Galliéni,48.8202,2.46832,Plein jour,En agglomération,Hors intersection,Normale,Deux véhicules - arrière,3,2,2,3,1,1,1,2,1,50,2,3,2,0,0,1,46.0,62.0,voiture,voiture,1,2,1,1,2
202400016376,2024-09-05 11:10:00,2024,9,5,11,10,14,14389,A84,49.063885,-0.684242,Plein jour,Hors agglomération,Hors intersection,Pluie légère,Trois véhicules et plus - en chaîne,1,3,2,0,1,1,2,8,1,90,3,5,2,0,2,1,46.0,22.0,voiture,utilitaire_camion,1,1,1,2,4
202400016377,2024-08-02 09:30:00,2024,8,2,9,30,69,69383,Rue de l'Est,45.75277,4.87846,Plein jour,En agglomération,Hors intersection,Normale,Autre collision,4,2,2,1,1,1,1,0,5,25,2,2,1,0,1,0,,28.0,deux_roues,deux_roues,1,2,1,1,6
202400016378,2024-12-19 18:30:00,2024,12,19,18,30,21,21425,Route de Dijon,47.625029,4.342177,Nuit avec éclairage allumé,En agglomération,Intersection en Y,Pluie légère,Autre collision,3,2,2,0,1,1,2,0,1,50,1,2,1,0,1,0,83.0,,voiture,,5,2,4,2,6
202400016378,2024-12-19 18:30:00,2024,12,19,18,30,21,21425,Route de Dijon,47.625029,4.342177,Nuit avec éclairage allumé,En agglomération,Intersection en Y,Pluie légère,Autre collision,3,2,2,0,2,2,2,0,1,50,1,2,1,0,1,0,83.0,,voiture,,5,2,4,2,6
202400016379,2024-01-31 19:30:00,2024,1,31,19,30,94,94016,Rue d'Alsace / Avenue Paul Vaillant-Couturier,48.79016,2.32267,Nuit avec éclairage allumé,En agglomération,Intersection en X,Normale,Autre collision,4,2,2,0,2,1,1,0,4,30,1,2,1,0,0,1,23.0,,voiture,,5,2,2,1,6