accident_id,datetime,annee,mois,jour,heure,minute,departement,commune_insee,adresse,latitude,longitude,luminosite,agglomeration,intersection,meteo,collision,catr,circ,nbv,vosp,prof,plan,surf,infra,situ,vma,nb_vehicules,nb_usagers,nb_indemnes,nb_tues,nb_blesses_hosp,nb_blesses_legers,age_cond_1,age_cond_2,veh_type_cond_1,veh_type_cond_2,lum_code,agg_code,int_code,atm_code,col_code
202400016665,2024-05-29 07:07:00,2024,5,29,7,7,13,13075,L'ENJOLRAS (AVE DE),43.337,5.452,Plein jour,En agglomération,Hors intersection,Normale,Deux véhicules - côté,4,2,2,0,1,1,1,0,1,50,2,2,1,0,0,1,24.0,66.0,deux_roues,voiture,1,2,1,1,3
202400016666,2024-05-29 13:25:00,2024,5,29,13,25,07,07102,REPUBLIQUE (AV. DE LA) [DU N° AU N°],44.93258,4.88085,Plein jour,En agglomération,Autre intersection,Normale,Sans collision,4,3,5,1,2,1,1,0,5,50,1,1,0,0,1,0,54.0,,deux_roues,,1,2,9,1,7
202400016667,2024-05-29 16:20:00,2024,5,29,16,20,06,06069,Place-martelly,43.660972,6.923774,Plein jour,En agglomération,Hors intersection,Normale,Autre collision,6,-1,0,0,1,1,1,9,8,50,1,1,0,0,0,1,90.0,,voiture,,1,2,1,1,6
202400016668,2024-05-28 10:20:00,2024,5,28,10,20,06,06004,30 Avenue de Nice,43.593034,7.120518,Plein jour,En agglomération,Intersection en T,Normale,Autre collision,3,2,2,0,1,1,1,0,1,50,1,4,3,0,0,1,37.0,,transport_commun,,1,2,3,1,6
202400016668,2024-05-28 10:20:00,2024,5,28,10,20,06,06004,30 Avenue de Nice,43.593034,7.120518,Plein jour,En agglomération,Intersection en T,Normale,Autre collision,3,1,2,0,1,1,1,0,1,50,1,4,3,0,0,1,37.0,,transport_commun,,1,2,3,1,6
202400016669,2024-05-29 08:40:00,2024,5,29,8,40,75,75119,RUE DAVID D ANGERS,48.882738,2.389996,Plein jour,En agglomération,Intersection en Y,Pluie légère,Sans collision,4,1, -1,-1,1,1,2,0,1,30,1,2,1,0,1,0,40.0,,deux_roues,,1,2,4,2,7
202400016669,2024-05-29 08:40:00,2024,5,29,8,40,75,75119,RUE DAVID D ANGERS,48.882738,2.389996,Plein jour,En agglomération,Intersection en Y,Pluie légère,Sans collision,4,2,2,0,2,1,2,0,1,30,1,2,1,0,1,0,40.0,,deux_roues,,1,2,4,2,7
202400016670,2024-05-29 12:00:00,2024,5,29,12,0,75,75118,RUE DU DEPARTEMENT,48.886776,2.361018,Plein jour,En agglomération,Intersection en X,Pluie légère,Deux véhicules - côté,4,1,1,0,1,1,2,0,1,30,2,2,1,0,0,1,26.0,58.0,voiture,deux_roues,1,2,2,2,3
202400016670,2024-05-29 12:00:00,2024,5,29,12,0,75,75118,RUE DU DEPARTEMENT,48.886776,2.361018,Plein jour,En agglomération,Intersection en X,Pluie légère,Deux véhicules - côté,4,1,1,0,1,1,2,0,1,30,2,2,1,0,0,1,26.0,58.0,voiture,deux_roues,1,2,2,2,3
202400016671,2024-05-29 16:40:00,2024,5,29,16,40,75,75117,AVENUE DE WAGRAM,48.875152,2.295931,Plein jour,En agglomération,Intersection en X,Pluie légère,Deux véhicules - côté,4,2,2,1,2,1,2,0,1,30,2,2,1,0,0,1,37.0,46.0,voiture,deux_roues,1,2,2,2,3
202400016671,2024-05-29 16:40:00,2024,5,29,16,40,75,75117,AVENUE DE WAGRAM,48.875152,2.295931,Plein jour,En agglomération,Intersection en X,Pluie légère,Deux véhicules - côté,4,1,2,1,1,1,2,0,1,30,2,2,1,0,0,1,37.0,46.0,voiture,deux_roues,1,2,2,2,3
202400016672,2024-05-29 08:30:00,2024,5,29,8,30,75,75116,AVENUE FOCH,48.872133,2.284151,Plein jour,En agglomération,Intersection en X,Pluie légère,Deux véhicules - côté,4,1,1,0,1,1,2,0,1,30,2,2,1,0,0,1,25.0,48.0,deux_roues,utilitaire_camion,1,2,2,2,3
202400016672,2024-05-29 08:30:00,2024,5,29,8,30,75,75116,AVENUE FOCH,48.872133,2.284151,Plein jour,En agglomération,Intersection en X,Pluie légère,Deux véhicules - côté,4,1,1,0,1,1,2,0,1,30,2,2,1,0,0,1,25.0,48.0,deux_roues,utilitaire_camion,1,2,2,2,3
202400016673,2024-05-29 20:30:00,2024,5,29,20,30,75,75115,PLACE DU GENERAL BEURET,48.841839,2.303275,Plein jour,En agglomération,Intersection en T,Pluie légère,Autre collision,4,2,2,0,1,1,2,0,1,30,1,2,1,0,0,1,40.0,,voiture,,1,2,3,2,6
202400016673,2024-05-29 20:30:00,2024,5,29,20,30,75,75115,PLACE DU GENERAL BEURET,48.841839,2.303275,Plein jour,En agglomération,Intersection en T,Pluie légère,Autre collision,4,1,1,0,1,1,2,0,1,30,1,2,1,0,0,1,40.0,,voiture,,1,2,3,2,6
202400016674,2024-05-29 13:50:00,2024,5,29,13,50,75,75115,RUE PAUL BARRUEL,48.838655,2.305268,Plein jour,En agglomération,Intersection en X,Pluie légère,Sans collision,4,1, -1,-1,1,1,2,0,1,30,1,1,0,0,0,1,23.0,,deux_roues,,1,2,2,2,7
202400016674,2024-05-29 13:50:00,2024,5,29,13,50,75,75115,RUE PAUL BARRUEL,48.838655,2.305268,Plein jour,En agglomération,Intersection en X,Pluie légère,Sans collision,4,2, -1,0,2,1,2,0,1,30,1,1,0,0,0,1,23.0,,deux_roues,,1,2,2,2,7
202400016675,2024-05-29 09:40:00,2024,5,29,9,40,75,75113,RUE NATIONALE,48.82619,2.36701,Plein jour,En agglomération,Intersection en T,Pluie légère,Deux véhicules - côté,4,1, -1,-1,1,1,2,0,8,30,2,2,1,0,0,1,49.0,32.0,utilitaire_camion,deux_roues,1,2,3,2,3
202400016675,2024-05-29 09:40:00,2024,5,29,9,40,75,75113,RUE NATIONALE,48.82619,2.36701,Plein jour,En agglomération,Intersection en T,Pluie légère,Deux véhicules - côté,4,1,1,0,1,1,2,0,8,30,2,2,1,0,0,1,49.0,32.0,utilitaire_camion,deux_roues,1,2,3,2,3
202400016676,2024-05-29 09:20:00,2024,5,29,9,20,75,75114,BOULEVARD BRUNE,48.823839,2.323247,Crépuscule ou aube,En agglomération,Intersection en T,Pluie légère,Sans collision,4,2,8,1,1,1,2,0,5,30,1,1,0,0,0,1,40.0,,deux_roues,,2,2,3,2,7
202400016676,2024-05-29 09:20:00,2024,5,29,9,20,75,75114,BOULEVARD BRUNE,48.823839,2.323247,Crépuscule ou aube,En agglomération,Intersection en T,Pluie légère,Sans collision,4,2, -1,-1,1,1,2,0,5,30,1,1,0,0,0,1,40.0,,deux_roues,,2,2,3,2,7
202400016677,2024-05-29 08:30:00,2024,5,29,8,30,75,75110,BOULEVARD DE LA VILLETTE,48.88151,2.370015,Plein jour,En agglomération,Intersection en Y,Pluie légère,Autre collision,4,1,2,1,1,1,2,0,1,30,1,2,0,0,0,2,30.0,,deux_roues,,1,2,4,2,6
202400016677,2024-05-29 08:30:00,2024,5,29,8,30,75,75110,BOULEVARD DE LA VILLETTE,48.88151,2.370015,Plein jour,En agglomération,Intersection en Y,Pluie légère,Autre collision,4,1, -1,-1,1,1,2,0,1,30,1,2,0,0,0,2,30.0,,deux_roues,,1,2,4,2,6
202400016678,2024-05-29 15:40:00,2024,5,29,15,40,75,75108,BOULEVARD HAUSSMANN,48.87522103,2.31436265,Plein jour,En agglomération,Intersection en T,Pluie légère,Sans collision,4,2,2,0,1,1,2,0,1,50,1,1,0,0,0,1,48.0,,deux_roues,,1,2,3,2,7
202400016678,2024-05-29 15:40:00,2024,5,29,15,40,75,75108,BOULEVARD HAUSSMANN,48.87522103,2.31436265,Plein jour,En agglomération,Intersection en T,Pluie légère,Sans collision,4,1, -1,-1,1,1,2,0,1,50,1,1,0,0,0,1,48.0,,deux_roues,,1,2,3,2,7
202400016679,2024-05-29 14:50:00,2024,5,29,14,50,75,75107,QUAI VOLTAIRE,48.859253,2.330217,Plein jour,En agglomération,Intersection en T,Pluie légère,Autre collision,4,1, -1,-1,1,1,2,0,5,30,1,2,1,0,0,1,28.0,,deux_roues,,1,2,3,2,6
202400016679,2024-05-29 14:50:00,2024,5,29,14,50,75,75107,QUAI VOLTAIRE,48.859253,2.330217,Plein jour,En agglomération,Intersection en T,Pluie légère,Autre collision,4,2,1,1,1,1,2,0,5,30,1,2,1,0,0,1,28.0,,deux_roues,,1,2,3,2,6
202400016680,2024-05-29 08:15:00,2024,5,29,8,15,75,75113,BOULEVARD VINCENT AURIOL,48.832715,2.362204,Plein jour,En agglomération,Intersection en T,Pluie légère,Deux véhicules - arrière,4,1,1,0,2,1,2,0,1,30,2,3,2,0,0,1,23.0,23.0,deux_roues,utilitaire_camion,1,2,3,2,2
202400016680,2024-05-29 08:15:00,2024,5,29,8,15,75,75113,BOULEVARD VINCENT AURIOL,48.832715,2.362204,Plein jour,En agglomération,Intersection en T,Pluie légère,Deux véhicules - arrière,4,2, -1,-1,1,1,2,0,1,30,2,3,2,0,0,1,23.0,23.0,deux_roues,utilitaire_camion,1,2,3,2,2
202400016681,2024-05-29 08:15:00,2024,5,29,8,15,75,75107,RUE SAINT DOMINIQUE,48.858155,2.322788,Plein jour,En agglomération,Intersection en X,Pluie légère,Deux véhicules - côté,4,1,1,2,1,1,2,0,1,30,2,2,1,0,0,1,42.0,60.0,voiture,deux_roues,1,2,2,2,3
202400016681,2024-05-29 08:15:00,2024,5,29,8,15,75,75107,RUE SAINT DOMINIQUE,48.858155,2.322788,Plein jour,En agglomération,Intersection en X,Pluie légère,Deux véhicules - côté,4,1,2,2,1,1,2,0,1,30,2,2,1,0,0,1,42.0,60.0,voiture,deux_roues,1,2,2,2,3
202400016682,2024-05-29 12:35:00,2024,5,29,12,35,75,75101,RUE SAINT HONORE,48.867455,2.326214,Plein jour,En agglomération,Intersection en X,Pluie légère,Deux véhicules - côté,4,1,1,0,1,1,2,0,1,30,2,2,1,0,0,1,34.0,48.0,deux_roues,utilitaire_camion,1,2,2,2,3
202400016682,2024-05-29 12:35:00,2024,5,29,12,35,75,75101,RUE SAINT HONORE,48.867455,2.326214,Plein jour,En agglomération,Intersection en X,Pluie légère,Deux véhicules - côté,4,1,1,0,1,1,2,0,1,30,2,2,1,0,0,1,34.0,48.0,deux_roues,utilitaire_camion,1,2,2,2,3
202400016683,2024-05-29 14:00:00,2024,5,29,14,0,94,94058,Rue du Maréchal Lyautey / Rue du bois,48.85504688,2.49777858,Plein jour,En agglomération,Intersection en X,Pluie légère,Deux véhicules - frontale,4,2,2,0,1,1,2,0,1,30,2,2,1,0,0,1,63.0,31.0,deux_roues,voiture,1,2,2,2,1
202400016684,2024-05-29 12:15:00,2024,5,29,12,15,93,93064,Boulevard Gabriel Péri,48.877407,2.4787,Plein jour,En agglomération,Hors intersection,Pluie forte,Deux véhicules - côté,3,3,4,0,2,1,2,0,1,50,2,2,1,0,0,1,42.0,30.0,voiture,deux_roues,1,2,1,3,3
202400016685,2024-05-28 22:30:00,2024,5,28,22,30,93,93064,Rue de Lisbonne,48.881407,2.470241,Nuit avec éclairage allumé,En agglomération,Hors intersection,Normale,Deux véhicules - côté,4,2,2,3,1,1,1,6,4,50,2,2,1,0,0,1,28.0,18.0,deux_roues,deux_roues,5,2,1,1,3
202400016686,2024-05-29 09:30:00,2024,5,29,9,30,93,93077,Boulevard André / Avenue des Roses,48.88131,2.52229,Plein jour,En agglomération,Intersection en X,Pluie légère,Deux véhicules - côté,4,1,1,0,1,1,2,0,1,50,2,5,4,0,0,1,36.0,27.0,voiture,voiture,1,2,2,2,3
202400016687,2024-05-29 14:20:00,2024,5,29,14,20,93,93046,Avenue Aristide Briand,48.91543,2.52928,Plein jour,En agglomération,Hors intersection,Pluie légère,Deux véhicules - arrière,3,3,4,0,1,1,3,0,1,50,2,2,1,0,0,1,36.0,61.0,voiture,voiture,1,2,1,2,2
202400016688,2024-05-29 09:39:00,2024,5,29,9,39,93,93074,Rue de Meaux,48.93484,2.56768,Plein jour,En agglomération,Hors intersection,Pluie légère,Autre collision,3,2,2,0,1,1,2,0,1,30,1,2,1,0,0,1,19.0,,voiture,,1,2,1,2,6
202400016689,2024-05-29 19:00:00,2024,5,29,19,0,93,93010,Avenue de Verdun / Rue Jules Auffret,48.90421,2.49133,Plein jour,En agglomération,Intersection en X,Pluie forte,Deux véhicules - côté,4,1,1,0,1,1,2,0,1,30,2,3,1,0,0,2,48.0,44.0,voiture,deux_roues,1,2,2,3,3
202400016689,2024-05-29 19:00:00,2024,5,29,19,0,93,93010,Avenue de Verdun / Rue Jules Auffret,48.90421,2.49133,Plein jour,En agglomération,Intersection en X,Pluie forte,Deux véhicules - côté,4,2,2,0,1,1,2,0,1,30,2,3,1,0,0,2,48.0,44.0,voiture,deux_roues,1,2,2,3,3
202400016690,2024-05-29 20:15:00,2024,5,29,20,15,92,92064,MONT VALERIEN,48.858447,2.21418679,Plein jour,En agglomération,Hors intersection,Pluie légère,Autre collision,4,2,2,0,1,1,2,0,1,50,1,2,1,0,0,1,23.0,,deux_roues,,1,2,1,2,6
202400016691,2024-05-29 16:05:00,2024,5,29,16,5,92,92064,DAILLY,48.84458187,2.22039053,Plein jour,En agglomération,Autre intersection,Pluie légère,Deux véhicules - côté,3,4,6,2,4,1,2,0,1,50,2,2,1,0,0,1,44.0,21.0,deux_roues,deux_roues,1,2,9,2,3
202400016692,2024-05-29 09:20:00,2024,5,29,9,20,92,92064,GEORGES CLEMENCEAU,48.84145163,2.22129965,Plein jour,En agglomération,Hors intersection,Pluie légère,Sans collision,4,3,2,0,2,2,2,1,1,50,1,1,0,0,0,1,57.0,,deux_roues,,1,2,1,2,7
202400016693,2024-05-29 12:00:00,2024,5,29,12,0,92,92063,CASANOVA (RUE DANIELLE),48.87735495,2.17593098,Plein jour,En agglomération,Hors intersection,Pluie légère,Sans collision,4,1,1,0,1,1,2,0,1,50,2,2,1,0,0,1,41.0,68.0,voiture,deux_roues,1,2,1,2,7
202400016694,2024-05-29 14:30:00,2024,5,29,14,30,92,92051,BOIS DE BOULOGNE (RUE DU),48.88108112,2.25820506,Plein jour,En agglomération,Autre intersection,Pluie légère,Deux véhicules - arrière,4,2,2,0,1,1,2,0,1,50,2,2,1,0,0,1,63.0,37.0,utilitaire_camion,deux_roues,1,2,9,2,2
202400016695,2024-05-29 13:00:00,2024,5,29,13,0,92,92051,"BINEAU (BOULEVARD, N°133 A 217 ET 134 A",48.89333874,2.2677083,Plein jour,En agglomération,Hors intersection,Pluie légère,Deux véhicules - côté,3,-1,0,0,1,1,2,0,1,50,2,2,1,0,0,1,47.0,35.0,deux_roues,voiture,1,2,1,2,3
202400016696,2024-05-28 19:55:00,2024,5,28,19,55,92,92050,SURESNES RUE DE,48.88394053,2.21507925,Plein jour,En agglomération,Intersection en X,Normale,Deux véhicules - côté,4,1,1,-1,1,1,1,0,1,-1,2,2,1,0,0,1,31.0,36.0,voiture,deux_roues,1,2,2,1,3
202400016696,2024-05-28 19:55:00,2024,5,28,19,55,92,92050,SURESNES RUE DE,48.88394053,2.21507925,Plein jour,En agglomération,Intersection en X,Normale,Deux véhicules - côté,4,-1,2,0,2,1,1,0,1,50,2,2,1,0,0,1,31.0,36.0,voiture,deux_roues,1,2,2,1,3
202400016697,2024-05-29 09:05:00,2024,5,29,9,5,92,92020,EXUPERY AVENUE SAINT,48.80843174,2.29834253,Plein jour,En agglomération,Hors intersection,Pluie légère,Deux véhicules - côté,3,2,2,0,1,1,2,0,1,30,2,2,1,0,0,1,32.0,26.0,deux_roues,voiture,1,2,1,2,3
202400016698,2024-05-29 15:20:00,2024,5,29,15,20,92,92026,COLOMBES,48.8972277,2.25646672,Plein jour,En agglomération,Hors intersection,Pluie légère,Deux véhicules - côté,3,2,2,0,1,1,2,0,1,50,2,2,1,0,0,1,34.0,45.0,voiture,deux_roues,1,2,1,2,3
202400016699,2024-05-29 15:30:00,2024,5,29,15,30,92,92012,BILLANCOURT (RUE DE) 1/61 - 2/104,48.83712788,2.23647282,Plein jour,En agglomération,Intersection en Y,Pluie légère,Deux véhicules - côté,4,1,2,0,1,1,2,0,1,30,2,2,1,0,0,1,33.0,60.0,deux_roues,voiture,1,2,4,2,3
202400016699,2024-05-29 15:30:00,2024,5,29,15,30,92,92012,BILLANCOURT (RUE DE) 1/61 - 2/104,48.83712788,2.23647282,Plein jour,En agglomération,Intersection en Y,Pluie légère,Deux véhicules - côté,4,1,2,0,1,2,2,0,1,30,2,2,1,0,0,1,33.0,60.0,deux_roues,voiture,1,2,4,2,3
202400016700,2024-05-29 14:00:00,2024,5,29,14,0,92,92012,JEAN BAPTISTE CLEMENT (AVENUE) 1/47 - 2/,48.84713069,2.24000144,Plein jour,En agglomération,Hors intersection,Pluie légère,Sans collision,3,2,2,0,1,1,2,0,1,50,1,1,0,0,0,1,29.0,,deux_roues,,1,2,1,2,7
202400016701,2024-05-29 09:50:00,2024,5,29,9,50,92,92012,GENERAL LECLERC (AVENUE DU) 35/FIN - 60/,48.83200306,2.23804736,Plein jour,En agglomération,Hors intersection,Pluie légère,Sans collision,3,-1,4,0,1,1,2,0,1,50,1,1,0,0,0,1,56.0,,deux_roues,,1,2,1,2,7
202400016702,2024-05-28 23:04:00,2024,5,28,23,4,92,92012,ALPHONSE LE GALLO (QUAI) 35/FIN,48.83517154,2.22561496,Nuit avec éclairage allumé,En agglomération,Hors intersection,Pluie légère,Autre collision,3,3,0,0,1,1,2,0,1,50,1,1,0,0,0,1,30.0,,voiture,,5,2,1,2,6
202400016703,2024-05-29 22:00:00,2024,5,29,22,0,54,54350,Rue de Blâmont,48.58635584,6.60211265,Nuit avec éclairage allumé,En agglomération,Hors intersection,Pluie forte,Sans collision,3,2,2,0,1,1,2,0,3,50,1,1,0,0,1,0,17.0,,deux_roues,,5,2,1,3,7
202400016704,2024-05-26 17:55:00,2024,5,26,17,55,24,24448,18 Avenue de la Résistance,45.328485,1.041625,Plein jour,En agglomération,Autre intersection,Normale,Deux véhicules - côté,3,2,2,0,1,3,1,0,1,70,2,2,0,0,1,1,19.0,66.0,deux_roues,deux_roues,1,2,9,1,3
202400016705,2024-05-30 09:30:00,2024,5,30,9,30,60,60440,D73,49.497971,2.631397,Plein jour,Hors agglomération,Hors intersection,Normale,Autre collision,3,2,2,0,1,1,1,0,3,80,1,1,0,0,1,0,32.0,,deux_roues,,1,1,1,1,6
202400016706,2024-05-26 05:50:00,2024,5,26,5,50,45,45293,164 Route d’Orléans,47.994637,2.616819,Crépuscule ou aube,En agglomération,Hors intersection,Normale,Autre collision,3,2,2,0,1,1,1,0,8,50,1,4,3,0,0,1,22.0,,voiture,,2,2,1,1,6
202400016707,2024-05-29 14:04:00,2024,5,29,14,4,86,86070,Rue de la Caronnière,46.562833,0.654652,Plein jour,Hors agglomération,Intersection en X,Pluie légère,Deux véhicules - côté,3,2,2,0,1,1,2,0,1,70,2,2,1,0,1,0,75.0,50.0,voiture,autre,1,1,2,2,3
202400016707,2024-05-29 14:04:00,2024,5,29,14,4,86,86070,Rue de la Caronnière,46.562833,0.654652,Plein jour,Hors agglomération,Intersection en X,Pluie légère,Deux véhicules - côté,3,2, -1,-1,1,1,2,5,1,80,2,2,1,0,1,0,75.0,50.0,voiture,autre,1,1,2,2,3
202400016708,2024-05-30 06:30:00,2024,5,30,6,30,83,83019,Avenue Lou Mistraou,43.15155,6.3141,Crépuscule ou aube,Hors agglomération,Hors intersection,Normale,Deux véhicules - frontale,3,2,2,0,2,2,1,0,1,70,2,2,0,0,2,0,70.0,24.0,voiture,voiture,2,1,1,1,1
202400016709,2024-05-29 14:45:00,2024,5,29,14,45,65,65146,Rue des Pyrénées,43.29477,0.115399,Plein jour,En agglomération,Intersection en X,Normale,Deux véhicules - côté,2,2,2,0,1,1,1,0,1,70,2,4,2,0,0,2,33.0,45.0,utilitaire_camion,voiture,1,2,2,1,3
202400016709,2024-05-29 14:45:00,2024,5,29,14,45,65,65146,Rue des Pyrénées,43.29477,0.115399,Plein jour,En agglomération,Intersection en X,Normale,Deux véhicules - côté,2,2,1,-1,1,1,1,0,1,50,2,4,2,0,0,2,33.0,45.0,utilitaire_camion,voiture,1,2,2,1,3
202400016710,2024-05-30 10:18:00,2024,5,30,10,18,47,47121,D 933- Route des veyries,44.348491,0.107345,Plein jour,Hors agglomération,Intersection en T,Temps couvert,Deux véhicules - arrière,3,2,2,0,1,1,1,0,1,80,2,3,2,0,0,1,50.0,47.0,utilitaire_camion,voiture,1,1,3,8,2
202400016710,2024-05-30 10:18:00,2024,5,30,10,18,47,47121,D 933- Route des veyries,44.348491,0.107345,Plein jour,Hors agglomération,Intersection en T,Temps couvert,Deux véhicules - arrière,3,2,2,-1,1,1,1,0,1,80,2,3,2,0,0,1,50.0,47.0,utilitaire_camion,voiture,1,1,3,8,2
202400016711,2024-05-24 08:15:00,2024,5,24,8,15,89,89471,D660,48.176095,3.412298,Plein jour,Hors agglomération,Intersection en X,Normale,Trois véhicules et plus - collisions multiples,3,2,2,0,4,1,1,0,1,70,3,3,1,0,2,0,78.0,31.0,deux_roues,deux_roues,1,1,2,1,5
202400016711,2024-05-24 08:15:00,2024,5,24,8,15,89,89471,D660,48.176095,3.412298,Plein jour,Hors agglomération,Intersection en X,Normale,Trois véhicules et plus - collisions multiples,3,2,1,-1,1,1,1,0,1,50,3,3,1,0,2,0,78.0,31.0,deux_roues,deux_roues,1,1,2,1,5
202400016712,2024-05-29 17:30:00,2024,5,29,17,30,56,56248,39b Rue Général Henri de Virel,47.584896,-2.628862,Plein jour,En agglomération,Hors intersection,Pluie légère,Deux véhicules - côté,3,2,2,1,1,1,2,0,5,50,2,2,0,0,1,1,28.0,25.0,voiture,deux_roues,1,2,1,2,3
202400016713,2024-05-30 08:48:00,2024,5,30,8,48,56,56002,Sainte-Julitte,47.589121,-2.549928,Plein jour,Hors agglomération,Autre intersection,Normale,Trois véhicules et plus - collisions multiples,2,3,5,0,2,3,1,0,1,110,3,3,2,0,0,1,18.0,27.0,deux_roues,utilitaire_camion,1,1,9,1,5
202400016714,2024-05-30 17:50:00,2024,5,30,17,50,2B,2B207,village (sortie),42.465659,9.457281,Plein jour,Hors agglomération,Hors intersection,Normale,Autre collision,3,2,2,0,2,3,1,0,1,30,1,4,1,0,2,1,83.0,,voiture,,1,1,1,1,6
202400016715,2024-05-30 17:15:00,2024,5,30,17,15,71,71313,La Siarre,46.956795,4.247299,Plein jour,Hors agglomération,Hors intersection,Normale,Autre collision,3,2,2,0,1,1,1,0,3,80,1,2,1,0,0,1,71.0,,voiture,,1,1,1,1,6
202400016716,2024-05-30 18:05:00,2024,5,30,18,5,63,63154,D997 / D81,45.74786583,3.32412773,Plein jour,Hors agglomération,Intersection en X,Normale,Deux véhicules - côté,3,2,3,0,2,1,1,5,1,90,2,2,0,0,0,2,22.0,31.0,utilitaire_camion,voiture,1,1,2,1,3
202400016716,2024-05-30 18:05:00,2024,5,30,18,5,63,63154,D997 / D81,45.74786583,3.32412773,Plein jour,Hors agglomération,Intersection en X,Normale,Deux véhicules - côté,3,2,2,0,1,1,1,5,1,70,2,2,0,0,0,2,22.0,31.0,utilitaire_camion,voiture,1,1,2,1,3
202400016717,2024-05-29 15:40:00,2024,5,29,15,40,12,12209,10 route du nayrac,44.686715,2.660451,Plein jour,En agglomération,Hors intersection,Normale,Autre collision,3,2,2,0,1,1,1,0,1,50,1,2,0,0,2,0,75.0,,voiture,,1,2,1,1,6
202400016718,2024-05-18 13:51:00,2024,5,18,13,51,25,25228,705 Rue du Breuil,47.510799,6.859455,Plein jour,En agglomération,Giratoire,Normale,Deux véhicules - arrière,4,2,2,0,1,2,1,5,1,50,2,2,1,0,0,1,12.0,75.0,deux_roues,voiture,1,2,6,1,2
202400016718,2024-05-18 13:51:00,2024,5,18,13,51,25,25228,705 Rue du Breuil,47.510799,6.859455,Plein jour,En agglomération,Giratoire,Normale,Deux véhicules - arrière,4,2,2,-1,1,1,1,5,1,50,2,2,1,0,0,1,12.0,75.0,deux_roues,voiture,1,2,6,1,2
202400016719,2024-05-24 18:15:00,2024,5,24,18,15,25,25258,Chemin de la Dinde,47.219218,5.922532,Plein jour,Hors agglomération,Hors intersection,Normale,Sans collision,3,2,2,0,1,3,1,0,1,70,2,2,1,0,1,0,52.0,,deux_roues,voiture,1,1,1,1,7
202400016720,2024-05-29 17:50:00,2024,5,29,17,50,44,44223,Avenue de la Vendée,47.047113,-1.508732,Plein jour,Hors agglomération,Intersection en X,Temps couvert,Deux véhicules - côté,3,2,2,0,1,1,2,0,1,80,2,2,1,0,0,1,16.0,49.0,deux_roues,voiture,1,1,2,8,3
202400016720,2024-05-29 17:50:00,2024,5,29,17,50,44,44223,Avenue de la Vendée,47.047113,-1.508732,Plein jour,Hors agglomération,Intersection en X,Temps couvert,Deux véhicules - côté,3,2,2,0,1,1,2,5,1,80,2,2,1,0,0,1,16.0,49.0,deux_roues,voiture,1,1,2,8,3
202400016721,2024-05-29 13:40:00,2024,5,29,13,40,44,44131,,47.111648,-2.00508,Plein jour,Hors agglomération,Hors intersection,Pluie légère,Deux véhicules - frontale,3,2,2,0,1,1,2,0,1,80,2,4,3,0,1,0,62.0,60.0,autre,utilitaire_camion,1,1,1,2,1
202400016722,2024-05-30 06:55:00,2024,5,30,6,55,38,38311,1106 Route de Pisieu,45.387028,5.105974,Plein jour,En agglomération,Hors intersection,Pluie forte,Autre collision,4,2,2,0,1,1,2,0,1,50,1,2,0,0,2,0,45.0,,voiture,,1,2,1,3,6
202400016723,2024-05-29 20:00:00,2024,5,29,20,0,38,38361,D119,44.875457,5.734305,Plein jour,Hors agglomération,Hors intersection,Normale,Autre collision,3,2,2,0,2,3,1,0,3,80,1,1,0,1,0,0,36.0,,voiture,,1,1,1,1,6
202400016724,2024-05-29 18:25:00,2024,5,29,18,25,15,15087,RD 41,44.756021,2.455761,Plein jour,Hors agglomération,Hors intersection,Pluie forte,Deux véhicules - frontale,3,2,2,0,2,2,2,0,1,80,2,2,1,0,0,1,47.0,72.0,voiture,voiture,1,1,1,3,1
202400016725,2024-05-30 11:37:00,2024,5,30,11,37,72,72068,14 Place de la République,47.72799,0.575415,Plein jour,En agglomération,Place,Normale,Autre collision,6,-1, -1,0,2,1,1,0,1,10,1,3,1,0,1,1,81.0,,voiture,,1,2,7,1,6
202400016726,2024-05-28 21:45:00,2024,5,28,21,45,50,50628,D911,48.720181,-1.223211,Nuit sans éclairage public,Hors agglomération,Intersection en X,Pluie légère,Autre collision,3,2,2,0,1,1,2,0,3,80,1,2,0,0,1,1,35.0,,voiture,,3,1,2,2,6
202400016726,2024-05-28 21:45:00,2024,5,28,21,45,50,50628,D911,48.720181,-1.223211,Nuit sans éclairage public,Hors agglomération,Intersection en X,Pluie légère,Autre collision,3,2,2,0,1,1,2,0,3,80,1,2,0,0,1,1,35.0,,voiture,,3,1,2,2,6
202400016727,2024-05-29 14:52:00,2024,5,29,14,52,64,64291,chemin d arancou,43.450442,-1.029689,Plein jour,Hors agglomération,Intersection en T,Normale,Trois véhicules et plus - collisions multiples,4,2, -1,0,1,1,1,0,1,80,3,3,1,1,0,1,56.0,67.0,utilitaire_camion,deux_roues,1,1,3,1,5
202400016727,2024-05-29 14:52:00,2024,5,29,14,52,64,64291,chemin d arancou,43.450442,-1.029689,Plein jour,Hors agglomération,Intersection en T,Normale,Trois véhicules et plus - collisions multiples,4,2,2,0,2,1,1,0,1,80,3,3,1,1,0,1,56.0,67.0,utilitaire_camion,deux_roues,1,1,3,1,5
202400016728,2024-05-29 10:50:00,2024,5,29,10,50,07,07346,D86 route de Chateauneuf,44.45327809,4.68575451,Plein jour,Hors agglomération,Intersection en T,Normale,Deux véhicules - côté,3,2,2,0,1,1,1,0,1,90,2,2,1,0,1,0,63.0,34.0,deux_roues,voiture,1,1,3,1,3