accident_id,datetime,annee,mois,jour,heure,minute,departement,commune_insee,adresse,latitude,longitude,luminosite,agglomeration,intersection,meteo,collision,catr,circ,nbv,vosp,prof,plan,surf,infra,situ,vma,nb_vehicules,nb_usagers,nb_indemnes,nb_tues,nb_blesses_hosp,nb_blesses_legers,age_cond_1,age_cond_2,veh_type_cond_1,veh_type_cond_2,lum_code,agg_code,int_code,atm_code,col_code
202400016728,2024-05-29 10:50:00,2024,5,29,10,50,07,07346,D86 route de Chateauneuf,44.45327809,4.68575451,Plein jour,Hors agglomération,Intersection en T,Normale,Deux véhicules - côté,3,3,1,0,1,1,1,5,1,90,2,2,1,0,1,0,63.0,34.0,deux_roues,voiture,1,1,3,1,3
202400016729,2024-05-28 09:45:00,2024,5,28,9,45,40,40195,Route du Marsan,43.754667,-0.448176,Plein jour,Hors agglomération,Hors intersection,Normale,Deux véhicules - frontale,3,2,2,0,2,4,1,0,1,80,2,3,0,0,0,3,56.0,71.0,voiture,voiture,1,1,1,1,1
202400016730,2024-05-30 14:08:00,2024,5,30,14,8,17,17253,D911,45.990701,-0.897188,Plein jour,Hors agglomération,Hors intersection,Normale,Deux véhicules - frontale,3,2,2,0,1,1,1,0,1,80,2,2,1,0,1,0,31.0,51.0,deux_roues,utilitaire_camion,1,1,1,1,1
202400016731,2024-05-30 17:10:00,2024,5,30,17,10,30,30102,D225,43.911173,4.286556,Plein jour,Hors agglomération,Hors intersection,Normale,Sans collision,3,2,2,0,2,2,1,0,3,70,1,1,0,0,1,0,26.0,,deux_roues,,1,1,1,1,7
202400016732,2024-05-30 14:15:00,2024,5,30,14,15,09,09239,Col des Hares,42.683185,2.124631,Plein jour,Hors agglomération,Intersection en T,Brouillard / fumée,Deux véhicules - côté,3,2,2,0,3,2,1,0,1,80,2,3,1,0,1,1,40.0,24.0,deux_roues,utilitaire_camion,1,1,3,5,3
202400016732,2024-05-30 14:15:00,2024,5,30,14,15,09,09239,Col des Hares,42.683185,2.124631,Plein jour,Hors agglomération,Intersection en T,Brouillard / fumée,Deux véhicules - côté,3,2, -1,-1,1,1,1,0,1,80,2,3,1,0,1,1,40.0,24.0,deux_roues,utilitaire_camion,1,1,3,5,3
202400016733,2024-05-28 08:00:00,2024,5,28,8,0,973,97311,Rue Joseph Symphorien,5.498593,-54.029008,Plein jour,En agglomération,Intersection en T,Pluie forte,Deux véhicules - arrière,3,2,2,0,1,1,2,0,1,50,2,2,1,0,1,0,48.0,44.0,voiture,deux_roues,1,2,3,3,2
202400016733,2024-05-28 08:00:00,2024,5,28,8,0,973,97311,Rue Joseph Symphorien,5.498593,-54.029008,Plein jour,En agglomération,Intersection en T,Pluie forte,Deux véhicules - arrière,3,1, -1,-1,1,1,2,0,1,-1,2,2,1,0,1,0,48.0,44.0,voiture,deux_roues,1,2,3,3,2
202400016734,2024-05-26 19:46:00,2024,5,26,19,46,34,34111,Avenue du Mont Aigoual,43.930844,3.705134,Crépuscule ou aube,En agglomération,Hors intersection,Normale,Autre collision,3,3,0,0,1,1,1,0,8,50,1,3,1,0,2,0,62.0,,utilitaire_camion,,2,2,1,1,6
202400016735,2024-05-28 20:10:00,2024,5,28,20,10,67,67336,Nordhouse,48.443985,7.699201,Plein jour,Hors agglomération,Hors intersection,Normale,Sans collision,3,2,2,0,1,1,1,0,3,80,1,1,0,1,0,0,23.0,,deux_roues,,1,1,1,1,7
202400016736,2024-05-30 17:05:00,2024,5,30,17,5,55,55122,2 Rue du Docteur Edmond Morelle,48.75808999,5.59082576,Plein jour,En agglomération,Hors intersection,Normale,Autre collision,4,2,2,0,2,1,1,0,1,30,1,2,1,1,0,0,48.0,,voiture,,1,2,1,1,6
202400016737,2024-05-30 14:55:00,2024,5,30,14,55,63,63150,Parking Leclerc Volvic,45.888866,3.069504,Plein jour,En agglomération,Hors intersection,Normale,Autre collision,6,-1, -1,0,1,1,1,0,1,30,1,2,1,0,1,0,78.0,,voiture,,1,2,1,1,6
202400016738,2024-05-10 18:45:00,2024,5,10,18,45,01,01160,Route de Prévessin,46.255457,6.102144,Plein jour,En agglomération,Intersection en X,Normale,Deux véhicules - côté,3,2,2,0,1,1,1,0,1,30,2,2,1,0,0,1,35.0,28.0,deux_roues,voiture,1,2,2,1,3
202400016738,2024-05-10 18:45:00,2024,5,10,18,45,01,01160,Route de Prévessin,46.255457,6.102144,Plein jour,En agglomération,Intersection en X,Normale,Deux véhicules - côté,3,2,2,0,2,1,1,0,8,30,2,2,1,0,0,1,35.0,28.0,deux_roues,voiture,1,2,2,1,3
202400016739,2024-04-30 12:00:00,2024,4,30,12,0,01,01160,Route de Meyrin,46.245301,6.094714,Plein jour,Hors agglomération,Hors intersection,Normale,Autre collision,3,-1,2,0,1,1,1,0,1,50,1,2,1,0,1,0,59.0,,deux_roues,,1,1,1,1,6
202400016740,2024-05-30 07:50:00,2024,5,30,7,50,33,33449,,44.895455,-0.725196,Plein jour,En agglomération,Hors intersection,Normale,Autre collision,4,2,2,0,1,1,2,0,4,50,1,1,0,0,1,0,22.0,,deux_roues,,1,2,1,1,6
202400016741,2024-05-29 20:00:00,2024,5,29,20,0,14,14658,1 Route de la Pichardière,48.819069,-0.966255,Plein jour,Hors agglomération,Intersection en X,Temps couvert,Deux véhicules - côté,3,2,2,0,1,1,2,0,1,90,2,2,1,0,0,1,32.0,24.0,voiture,voiture,1,1,2,8,3
202400016741,2024-05-29 20:00:00,2024,5,29,20,0,14,14658,1 Route de la Pichardière,48.819069,-0.966255,Plein jour,Hors agglomération,Intersection en X,Temps couvert,Deux véhicules - côté,3,2,2,0,1,1,2,0,1,90,2,2,1,0,0,1,32.0,24.0,voiture,voiture,1,1,2,8,3
202400016742,2024-05-27 16:50:00,2024,5,27,16,50,14,14488,119 Avenue du Grand Large,49.269569,-0.256408,Plein jour,En agglomération,Hors intersection,Normale,Autre collision,3,2,2,1,2,1,1,0,1,50,1,1,0,0,1,0,68.0,,deux_roues,,1,2,1,1,6
202400016743,2024-05-27 21:29:00,2024,5,27,21,29,14,14060,D515,49.247946,-0.282168,Crépuscule ou aube,Hors agglomération,Hors intersection,Normale,Sans collision,3,3,2,0,1,1,1,0,1,110,1,3,2,0,1,0,31.0,,voiture,,2,1,1,1,7
202400016744,2024-05-12 12:00:00,2024,5,12,12,0,27,27031,Route de Sacquenville,49.049134,1.116426,Plein jour,Hors agglomération,Intersection en T,Normale,Deux véhicules - côté,4,2,2,0,1,1,1,0,1,70,2,4,1,0,0,3,20.0,20.0,voiture,voiture,1,1,3,1,3
202400016744,2024-05-12 12:00:00,2024,5,12,12,0,27,27031,Route de Sacquenville,49.049134,1.116426,Plein jour,Hors agglomération,Intersection en T,Normale,Deux véhicules - côté,4,1,1,0,1,1,1,0,1,50,2,4,1,0,0,3,20.0,20.0,voiture,voiture,1,1,3,1,3
202400016745,2024-05-30 17:30:00,2024,5,30,17,30,80,80034,D937,49.839609,2.99239,Crépuscule ou aube,Hors agglomération,Autre intersection,Pluie forte,Trois véhicules et plus - collisions multiples,3,2,1,0,3,1,2,0,1,80,3,6,4,0,0,2,55.0,38.0,voiture,voiture,2,1,9,3,5
202400016746,2024-05-29 13:30:00,2024,5,29,13,30,83,83144,A57,43.14318523,6.01072219,Plein jour,Hors agglomération,Hors intersection,Normale,Deux véhicules - arrière,1,1,5,0,1,2,1,0,1,70,2,2,0,0,0,2,19.0,35.0,voiture,voiture,1,1,1,1,2
202400016747,2024-05-26 13:50:00,2024,5,26,13,50,59,59234,AUTOROUTE A21,50.3993,3.0869,Plein jour,Hors agglomération,Hors intersection,Normale,Sans collision,1,3,2,0,1,3,1,0,1,90,1,1,0,0,1,0,24.0,,deux_roues,,1,1,1,1,7
202400016748,2024-05-27 00:44:00,2024,5,27,0,44,59,59196,ROUTE METROPOLITAINE 652,50.63243,2.96303,Nuit sans éclairage public,Hors agglomération,Hors intersection,Pluie forte,Sans collision,7,1,1,0,1,3,2,3,1,50,1,4,0,0,0,4,20.0,,voiture,,3,1,1,3,7
202400016749,2024-05-26 14:58:00,2024,5,26,14,58,59,59328,ROUTE METROPOLITAINE 652,50.66592,3.02719,Plein jour,Hors agglomération,Hors intersection,Pluie forte,Sans collision,7,3,4,0,1,1,2,0,1,90,1,4,2,0,0,2,25.0,,voiture,,1,1,1,3,7
202400016750,2024-05-25 02:50:00,2024,5,25,2,50,62,62907,A1,50.49133,2.99219,Nuit sans éclairage public,Hors agglomération,Hors intersection,Normale,Autre collision,1,-1,3,0,1,1,1,0,1,130,2,3,1,0,1,1,63.0,35.0,voiture,voiture,3,1,1,1,6
202400016751,2024-05-29 18:50:00,2024,5,29,18,50,94,94043,A6B,48.813539,2.3546078,Plein jour,Hors agglomération,Hors intersection,Pluie légère,Deux véhicules - côté,1,3,2,0,1,1,2,1,1,70,2,2,1,0,0,1,67.0,33.0,deux_roues,voiture,1,1,1,2,3
202400016752,2024-05-29 09:32:00,2024,5,29,9,32,94,94076,A6B,48.7908173,2.34457243,Plein jour,Hors agglomération,Hors intersection,Temps couvert,Deux véhicules - côté,1,1,3,0,1,1,1,0,1,90,2,2,1,0,0,1,39.0,22.0,deux_roues,voiture,1,1,1,8,3
202400016753,2024-05-29 10:20:00,2024,5,29,10,20,92,92047,A13,48.83397544,2.16646875,Plein jour,Hors agglomération,Hors intersection,Pluie légère,Deux véhicules - côté,1,1,3,0,1,1,2,0,1,110,2,2,1,0,0,1,37.0,38.0,voiture,deux_roues,1,1,1,2,3
202400016754,2024-05-29 08:00:00,2024,5,29,8,0,78,78640,N118,48.781293,2.223001,Plein jour,Hors agglomération,Hors intersection,Pluie légère,Deux véhicules - côté,2,1,4,0,1,1,2,0,1,90,2,2,0,0,0,2,35.0,33.0,voiture,deux_roues,1,1,1,2,3
202400016755,2024-05-29 09:20:00,2024,5,29,9,20,92,92025,A86,48.93500468,2.25929339,Plein jour,Hors agglomération,Hors intersection,Normale,Deux véhicules - côté,1,1,2,0,2,2,2,2,1,90,2,2,1,0,0,1,27.0,24.0,utilitaire_camion,deux_roues,1,1,1,1,3
202400016756,2024-05-28 08:30:00,2024,5,28,8,30,92,92036,A86,48.93403705,2.27764322,Plein jour,Hors agglomération,Hors intersection,Normale,Deux véhicules - côté,1,1,2,0,1,1,1,0,1,90,2,2,1,0,1,0,38.0,36.0,deux_roues,voiture,1,1,1,1,3
202400016757,2024-05-29 11:15:00,2024,5,29,11,15,95,95572,N184,49.03491224,2.11480807,Plein jour,Hors agglomération,Hors intersection,Pluie légère,Trois véhicules et plus - collisions multiples,2,3,3,0,1,1,2,0,1,90,4,4,3,0,0,1,27.0,61.0,transport_commun,voiture,1,1,1,2,5
202400016758,2024-05-29 07:55:00,2024,5,29,7,55,95,95018,A15,48.96022959,2.27078238,Plein jour,Hors agglomération,Hors intersection,Pluie légère,Autre collision,1,3,10,0,1,1,2,0,1,110,1,1,0,0,0,1,48.0,,deux_roues,,1,1,1,2,6
202400016759,2024-05-26 18:05:00,2024,5,26,18,5,93,93005,A1,48.96072159,2.46789896,Plein jour,Hors agglomération,Hors intersection,Normale,Deux véhicules - côté,1,3,4,0,1,1,1,0,1,90,2,2,1,0,0,1,29.0,22.0,voiture,deux_roues,1,1,1,1,3
202400016760,2024-05-29 08:55:00,2024,5,29,8,55,77,77517,A104.INT,48.90843855,2.63820456,Plein jour,Hors agglomération,Hors intersection,Pluie légère,Deux véhicules - arrière,1,1,2,0,1,1,2,0,1,90,2,2,1,0,0,1,21.0,19.0,deux_roues,voiture,1,1,1,2,2
202400016761,2024-05-29 00:25:00,2024,5,29,0,25,77,77258,A4.W,48.8324637,2.65688229,Nuit sans éclairage public,Hors agglomération,Hors intersection,Normale,Trois véhicules et plus - en chaîne,1,3,3,0,1,1,1,0,1,110,3,4,1,0,1,2,31.0,20.0,voiture,voiture,3,1,1,1,4
202400016762,2024-05-27 11:15:00,2024,5,27,11,15,06,06029,Boulevard du Midi Louise Moreau,43.54925,6.9972,Plein jour,En agglomération,Hors intersection,Normale,Deux véhicules - côté,4,2,2,0,1,1,1,0,1,50,2,2,1,0,0,1,66.0,34.0,deux_roues,voiture,1,2,1,1,3
202400016763,2024-03-01 02:00:00,2024,3,1,2,0,35,35288,rue des Hauts Sablons,48.635792,-2.021987,Nuit avec éclairage non allumé,En agglomération,Hors intersection,Normale,Autre collision,4,2,2,0,1,1,1,0,1,30,1,2,1,1,0,0,,,autre,,4,2,1,1,6
202400016764,2024-03-19 18:00:00,2024,3,19,18,0,74,74007,Route de Bonneville,46.071011,6.325252,Crépuscule ou aube,Hors agglomération,Hors intersection,Normale,Autre collision,3,3,1,0,2,1,1,0,1,70,1,2,1,0,0,1,78.0,,voiture,,2,1,1,1,6
202400016765,2024-03-17 16:35:00,2024,3,17,16,35,74,74042,61 Rue des grèbes huppes,46.072661,6.419175,Plein jour,En agglomération,Hors intersection,Normale,Sans collision,6,-1, -1,0,1,1,1,0,8,50,1,2,1,0,1,0,16.0,,voiture,,1,2,1,1,7
202400016766,2024-03-15 08:03:00,2024,3,15,8,3,74,74105,Avenue de geneve,46.30575,6.301268,Plein jour,En agglomération,Intersection à plus de 4 branches,Normale,Deux véhicules - côté,3,2,2,0,1,1,1,0,1,50,2,2,1,0,1,0,31.0,27.0,deux_roues,voiture,1,2,5,1,3
202400016766,2024-03-15 08:03:00,2024,3,15,8,3,74,74105,Avenue de geneve,46.30575,6.301268,Plein jour,En agglomération,Intersection à plus de 4 branches,Normale,Deux véhicules - côté,3,2, -1,-1,1,1,1,0,1,-1,2,2,1,0,1,0,31.0,27.0,deux_roues,voiture,1,2,5,1,3
202400016767,2024-03-10 20:00:00,2024,3,10,20,0,74,74042,D186,46.05652153,6.44012475,Nuit sans éclairage public,Hors agglomération,Hors intersection,Pluie légère,Autre collision,3,2,1,0,2,2,2,0,3,80,1,1,0,0,1,0,59.0,,voiture,,3,1,1,2,6
202400016768,2024-02-17 18:50:00,2024,2,17,18,50,74,74260,Route de frangy,46.06254196,5.96245384,Nuit sans éclairage public,Hors agglomération,Intersection en Y,Normale,Deux véhicules - frontale,3,2,2,0,1,1,1,0,1,-1,2,7,6,0,1,0,38.0,38.0,voiture,voiture,3,1,4,1,1
202400016768,2024-02-17 18:50:00,2024,2,17,18,50,74,74260,Route de frangy,46.06254196,5.96245384,Nuit sans éclairage public,Hors agglomération,Intersection en Y,Normale,Deux véhicules - frontale,3,2,2,0,1,1,1,5,1,80,2,7,6,0,1,0,38.0,38.0,voiture,voiture,3,1,4,1,1
202400016769,2024-05-27 11:25:00,2024,5,27,11,25,987,98735,CHESSE ( RUE),-17.5336,-149.55881,Plein jour,Hors agglomération,Autre intersection,Normale,Deux véhicules - côté,4,1,1,0,1,1,1,0,1,20,2,2,1,0,0,1,47.0,62.0,utilitaire_camion,deux_roues,1,1,9,1,3
202400016770,2024-05-28 18:15:00,2024,5,28,18,15,974,97416,RN2 (2),-21.34998,55.50395,Nuit sans éclairage public,Hors agglomération,Hors intersection,Pluie légère,Trois véhicules et plus - en chaîne,2,1,2,0,1,1,2,0,1,80,3,5,2,0,0,3,71.0,23.0,voiture,voiture,3,1,1,2,4
202400016771,2024-05-27 12:20:00,2024,5,27,12,20,974,97411,BEDIER (RUE AMEDEE),-20.88433,55.45788,Plein jour,En agglomération,Intersection en T,Normale,Deux véhicules - frontale,4,1,2,0,1,1,1,0,1,30,2,2,1,0,0,1,29.0,14.0,voiture,deux_roues,1,2,3,1,1
202400016771,2024-05-27 12:20:00,2024,5,27,12,20,974,97411,BEDIER (RUE AMEDEE),-20.88433,55.45788,Plein jour,En agglomération,Intersection en T,Normale,Deux véhicules - frontale,4,1,1,0,1,1,1,0,1,30,2,2,1,0,0,1,29.0,14.0,voiture,deux_roues,1,2,3,1,1
202400016772,2024-05-28 15:50:00,2024,5,28,15,50,974,97409,DU LYCEE(RUE),-20.96557,55.65177,Plein jour,En agglomération,Hors intersection,Normale,Autre collision,4,-1,0,0,1,1,1,0,4,30,1,2,1,0,0,1,,,deux_roues,,1,2,1,1,6
202400016773,2024-05-27 07:43:00,2024,5,27,7,43,974,97407,COMPAGNIE DES INDES (BD DE LA) ,-20.94503658,55.32189703,Plein jour,Hors agglomération,Hors intersection,Temps éblouissant,Deux véhicules - côté,2,1,1,0,1,1,1,5,1,50,2,2,1,0,0,1,38.0,26.0,voiture,deux_roues,1,1,1,7,3
202400016774,2024-05-28 09:40:00,2024,5,28,9,40,973,97302,MONTABO (ROUTE DE) 1,4.94435981,-52.31769919,Plein jour,En agglomération,Hors intersection,Pluie forte,Sans collision,3,2,2,0,1,1,4,0,1,50,2,3,1,0,0,2,25.0,39.0,voiture,deux_roues,1,2,1,3,7
202400016775,2024-05-28 07:00:00,2024,5,28,7,0,973,97302,MADELEINE (ROUTE DE LA),4.91527,-52.32112,Plein jour,En agglomération,Hors intersection,Pluie forte,Deux véhicules - arrière,3,2,2,0,1,1,2,0,1,50,2,3,2,0,0,1,70.0,18.0,utilitaire_camion,deux_roues,1,2,1,3,2
202400016776,2024-05-28 19:20:00,2024,5,28,19,20,69,69383,Rue Moncey,45.75999,4.84828,Plein jour,En agglomération,Hors intersection,Normale,Autre collision,4,1,1,0,1,1,1,6,8,10,1,3,2,0,0,1,17.0,,deux_roues,,1,2,1,1,6
202400016777,2024-05-27 07:50:00,2024,5,27,7,50,972,97209,GENERAL DE GAULLE (BLD DU),14.60805,-61.07251,Plein jour,En agglomération,Hors intersection,Normale,Autre collision,3,1,3,0,1,1,1,0,1,30,1,2,1,0,0,1,85.0,,voiture,,1,2,1,1,6
202400016778,2024-05-28 18:30:00,2024,5,28,18,30,971,97101,PAGES,16.25427,-61.50037,Crépuscule ou aube,Hors agglomération,Intersection en Y,Normale,Autre collision,4,2,2,0,2,1,3,5,3,50,1,1,0,0,0,1,25.0,,autre,,2,1,4,1,6
202400016778,2024-05-28 18:30:00,2024,5,28,18,30,971,97101,PAGES,16.25427,-61.50037,Crépuscule ou aube,Hors agglomération,Intersection en Y,Normale,Autre collision,4,2,2,0,2,3,3,0,3,50,1,1,0,0,0,1,25.0,,autre,,2,1,4,1,6
202400016779,2024-05-26 19:20:00,2024,5,26,19,20,971,97113,RN4 - SECTION RIVIERA,16.21781326,-61.48640692,Nuit avec éclairage allumé,Hors agglomération,Hors intersection,Normale,Autre collision,2,2,2,0,1,1,1,0,3,70,1,2,1,0,0,1,48.0,,voiture,,5,1,1,1,6
202400016780,2024-05-28 05:30:00,2024,5,28,5,30,91,91477,SACLAY (ROUTE DE),48.71914,2.21182,Crépuscule ou aube,Hors agglomération,Hors intersection,Normale,Deux véhicules - frontale,3,2,2,0,1,3,1,0,1,70,2,2,1,0,1,0,37.0,59.0,voiture,utilitaire_camion,2,1,1,1,1
202400016781,2024-05-28 12:50:00,2024,5,28,12,50,91,91691,MARCEAU BAILLIOTI(RUE),48.707091,2.496189,Plein jour,En agglomération,Giratoire,Pluie légère,Deux véhicules - côté,3,2,2,2,1,1,2,0,1,30,2,2,1,0,0,1,55.0,44.0,voiture,deux_roues,1,2,6,2,3
202400016781,2024-05-28 12:50:00,2024,5,28,12,50,91,91691,MARCEAU BAILLIOTI(RUE),48.707091,2.496189,Plein jour,En agglomération,Giratoire,Pluie légère,Deux véhicules - côté,3,1,1,1,1,2,2,0,1,30,2,2,1,0,0,1,55.0,44.0,voiture,deux_roues,1,2,6,2,3
202400016782,2024-05-28 08:10:00,2024,5,28,8,10,91,91421,NATIONALE 6 (REVEIL MATIN),48.71942,2.44315,Plein jour,Hors agglomération,Autre intersection,Normale,Deux véhicules - côté,2,3,0,0,1,1,1,0,1,90,2,2,1,0,0,1,61.0,37.0,voiture,deux_roues,1,1,9,1,3
202400016783,2024-05-28 06:50:00,2024,5,28,6,50,91,91433,RD 191,48.449881,2.2322465,Plein jour,Hors agglomération,Hors intersection,Normale,Autre collision,3,2,2,0,1,3,1,0,3,90,1,1,0,0,0,1,22.0,,voiture,,1,1,1,1,6
202400016784,2024-10-14 14:35:00,2024,10,14,14,35,33,33348,,45.348835,-0.988019,Plein jour,En agglomération,Hors intersection,Normale,Deux véhicules - côté,3,2,2,0,1,1,1,0,1,50,2,2,1,0,0,1,55.0,70.0,voiture,deux_roues,1,2,1,1,3
202400016785,2024-05-28 17:25:00,2024,5,28,17,25,90,90010,ALTKIRCH (AVENUE),47.63025,6.86441,Plein jour,En agglomération,Giratoire,Normale,Deux véhicules - côté,4,2,2,0,1,3,1,0,1,50,2,2,1,0,0,1,54.0,35.0,voiture,deux_roues,1,2,6,1,3
202400016785,2024-05-28 17:25:00,2024,5,28,17,25,90,90010,ALTKIRCH (AVENUE),47.63025,6.86441,Plein jour,En agglomération,Giratoire,Normale,Deux véhicules - côté,4,2,2,2,1,3,1,0,1,50,2,2,1,0,0,1,54.0,35.0,voiture,deux_roues,1,2,6,1,3
202400016786,2024-10-13 18:05:00,2024,10,13,18,5,71,71201,route départementale 983,46.682833,4.622304,Crépuscule ou aube,Hors agglomération,Hors intersection,Normale,Autre collision,3,2,2,0,1,2,1,0,3,80,1,1,0,0,1,0,20.0,,deux_roues,,2,1,1,1,6
202400016787,2024-10-13 18:20:00,2024,10,13,18,20,68,68135,3 Rue du Forgeron,47.576989,7.522073,Plein jour,En agglomération,Hors intersection,Temps couvert,Autre collision,4,2,2,0,1,2,1,0,1,50,1,1,0,0,1,0,52.0,,deux_roues,,1,2,1,8,6
202400016788,2024-05-27 19:00:00,2024,5,27,19,0,87,87085,AINE (PLACE D'),45.83056,1.25462,Plein jour,En agglomération,Intersection en X,Normale,Sans collision,4,1,2,0,1,1,1,5,1,30,1,2,0,0,0,2,17.0,,deux_roues,,1,2,2,1,7
202400016788,2024-05-27 19:00:00,2024,5,27,19,0,87,87085,AINE (PLACE D'),45.83056,1.25462,Plein jour,En agglomération,Intersection en X,Normale,Sans collision,4,1,1,2,2,1,1,5,1,30,1,2,0,0,0,2,17.0,,deux_roues,,1,2,2,1,7
202400016789,2024-05-24 15:09:00,2024,5,24,15,9,87,87085,DUMAS (AVENUE GEORGES),45.82604,1.268,Plein jour,En agglomération,Intersection en X,Normale,Deux véhicules - côté,2,3,5,0,2,1,2,5,1,50,2,2,1,0,0,1,33.0,18.0,voiture,voiture,1,2,2,1,3
202400016789,2024-05-24 15:09:00,2024,5,24,15,9,87,87085,DUMAS (AVENUE GEORGES),45.82604,1.268,Plein jour,En agglomération,Intersection en X,Normale,Deux véhicules - côté,2,3,5,0,1,1,2,5,1,50,2,2,1,0,0,1,33.0,18.0,voiture,voiture,1,2,2,1,3
202400016790,2024-10-14 14:00:00,2024,10,14,14,0,31,31033,Avenue d'Hermannsburg,43.355703,1.463279,Plein jour,En agglomération,Hors intersection,Normale,Autre collision,3,2,2,1,1,1,1,9,4,50,1,1,0,0,1,0,61.0,,deux_roues,,1,2,1,1,6
202400016791,2024-05-28 20:30:00,2024,5,28,20,30,84,84087,CAMARET (ROUTE DE),44.144282,4.825114,Plein jour,Hors agglomération,Hors intersection,Temps éblouissant,Sans collision,3,2,2,0,1,3,1,0,8,80,1,1,0,0,0,1,55.0,,voiture,,1,1,1,7,7
202400016792,2024-10-13 18:35:00,2024,10,13,18,35,31,31592,Route de Larra,43.728755,1.20531,Plein jour,Hors agglomération,Hors intersection,Temps éblouissant,Deux véhicules - côté,3,2,2,0,1,1,1,0,1,80,2,3,2,1,0,0,73.0,24.0,utilitaire_camion,deux_roues,1,1,1,7,3
202400016793,2024-05-23 20:00:00,2024,5,23,20,0,84,84007,PIERRE SEMARD (avenue),43.94302,4.81581,Nuit avec éclairage allumé,En agglomération,Hors intersection,Normale,Autre collision,4,2,2,0,1,1,1,2,1,50,1,1,0,0,0,1,41.0,,voiture,,5,2,1,1,6
202400016794,2024-10-13 05:10:00,2024,10,13,5,10,31,31561,Rue de Biarritz,43.651607,1.483567,Nuit avec éclairage allumé,En agglomération,Intersection en X,Normale,Deux véhicules - côté,4,2,2,0,1,1,1,5,1,50,2,2,0,0,1,1,71.0,37.0,voiture,voiture,5,2,2,1,3
202400016794,2024-10-13 05:10:00,2024,10,13,5,10,31,31561,Rue de Biarritz,43.651607,1.483567,Nuit avec éclairage allumé,En agglomération,Intersection en X,Normale,Deux véhicules - côté,4,3,1,1,2,1,1,0,1,50,2,2,0,0,1,1,71.0,37.0,voiture,voiture,5,2,2,1,3
202400016795,2024-05-28 11:15:00,2024,5,28,11,15,78,78401,GAMBETTA (RUE),49.00546,1.91405,Plein jour,En agglomération,Intersection en T,Pluie légère,Deux véhicules - côté,3,2, -1,0,1,1,2,0,1,50,2,2,1,0,0,1,28.0,57.0,voiture,voiture,1,2,3,2,3
202400016795,2024-05-28 11:15:00,2024,5,28,11,15,78,78401,GAMBETTA (RUE),49.00546,1.91405,Plein jour,En agglomération,Intersection en T,Pluie légère,Deux véhicules - côté,3,-1,0,0,2,1,2,0,1,50,2,2,1,0,0,1,28.0,57.0,voiture,voiture,1,2,3,2,3
202400016796,2024-10-13 20:10:00,2024,10,13,20,10,31,31581,Route de Bouloc,43.825332,1.430476,Nuit avec éclairage allumé,En agglomération,Hors intersection,Normale,Autre collision,3,2,2,0,1,1,1,0,1,50,1,1,0,0,1,0,62.0,,deux_roues,,5,2,1,1,6
202400016797,2024-05-28 16:05:00,2024,5,28,16,5,78,78208,DASSAULT (AVENUE MARCEL),48.79197,1.96556,Plein jour,En agglomération,Intersection en X,Pluie légère,Deux véhicules - côté,3,2,4,0,1,1,2,0,1,50,2,2,1,0,1,0,17.0,49.0,deux_roues,voiture,1,2,2,2,3
202400016797,2024-05-28 16:05:00,2024,5,28,16,5,78,78208,DASSAULT (AVENUE MARCEL),48.79197,1.96556,Plein jour,En agglomération,Intersection en X,Pluie légère,Deux véhicules - côté,3,2, -1,-1,1,1,2,0,1,-1,2,2,1,0,1,0,17.0,49.0,deux_roues,voiture,1,2,2,2,3
202400016798,2024-10-15 07:25:00,2024,10,15,7,25,38,38303,1057 Route de Savoie,45.287871,5.938395,Crépuscule ou aube,En agglomération,Hors intersection,Normale,Deux véhicules - côté,3,2,2,1,1,1,1,0,1,70,2,2,1,0,1,0,57.0,26.0,voiture,deux_roues,2,2,1,1,3
202400016799,2024-05-28 13:45:00,2024,5,28,13,45,77,77284,MARRONNIERS (RUE DES),48.95672,2.8885,Plein jour,En agglomération,Hors intersection,Pluie légère,Sans collision,4,1,1,0,1,1,2,0,1,50,1,2,1,0,0,1,,,voiture,,1,2,1,2,7
202400016800,2024-10-14 19:50:00,2024,10,14,19,50,72,72296,l'orée du bois,48.09901036,0.65927222,Nuit sans éclairage public,Hors agglomération,Hors intersection,Normale,Deux véhicules - frontale,4,2,2,0,2,2,1,0,1,90,2,2,1,0,0,1,56.0,76.0,utilitaire_camion,voiture,3,1,1,1,1
202400016801,2024-05-27 13:50:00,2024,5,27,13,50,76,76351,INGOUVILLE (RUE),49.49746,0.10942,Plein jour,En agglomération,Intersection en X,Normale,Autre collision,4,2,2,0,1,1,1,0,1,50,1,2,1,0,1,0,49.0,,utilitaire_camion,,1,2,2,1,6
202400016801,2024-05-27 13:50:00,2024,5,27,13,50,76,76351,INGOUVILLE (RUE),49.49746,0.10942,Plein jour,En agglomération,Intersection en X,Normale,Autre collision,4,2,2,1,1,1,1,0,1,50,1,2,1,0,1,0,49.0,,utilitaire_camion,,1,2,2,1,6
202400016802,2024-10-13 14:55:00,2024,10,13,14,55,14,14431,D232,49.067786,-0.121204,Plein jour,Hors agglomération,Hors intersection,Normale,Deux véhicules - côté,3,2,1,0,1,1,1,0,1,80,2,3,1,0,0,2,31.0,22.0,deux_roues,deux_roues,1,1,1,1,3