accident_id,datetime,annee,mois,jour,heure,minute,departement,commune_insee,adresse,latitude,longitude,luminosite,agglomeration,intersection,meteo,collision,catr,circ,nbv,vosp,prof,plan,surf,infra,situ,vma,nb_vehicules,nb_usagers,nb_indemnes,nb_tues,nb_blesses_hosp,nb_blesses_legers,age_cond_1,age_cond_2,veh_type_cond_1,veh_type_cond_2,lum_code,agg_code,int_code,atm_code,col_code
202400016803,2024-10-15 15:00:00,2024,10,15,15,0,50,50138,Biévredant,49.445912,-1.495063,Plein jour,Hors agglomération,Hors intersection,Pluie légère,Autre collision,3,2,2,0,1,1,2,0,3,80,1,1,0,0,0,1,49.0,,utilitaire_camion,,1,1,1,2,6
202400016804,2024-05-28 08:30:00,2024,5,28,8,30,72,72181,CHANZY (RUE)  N° PAIRS 2 A 50,48.00408,0.20252,Plein jour,En agglomération,Giratoire,Pluie légère,Deux véhicules - côté,4,1,2,0,2,2,2,0,1,50,2,2,1,0,0,1,60.0,56.0,utilitaire_camion,deux_roues,1,2,6,2,3
202400016804,2024-05-28 08:30:00,2024,5,28,8,30,72,72181,CHANZY (RUE)  N° PAIRS 2 A 50,48.00408,0.20252,Plein jour,En agglomération,Giratoire,Pluie légère,Deux véhicules - côté,4,1,2,0,2,2,2,0,1,50,2,2,1,0,0,1,60.0,56.0,utilitaire_camion,deux_roues,1,2,6,2,3
202400016805,2024-10-15 06:45:00,2024,10,15,6,45,50,50585,D650,49.452329,-1.791211,Nuit sans éclairage public,Hors agglomération,Hors intersection,Brouillard / fumée,Deux véhicules - arrière,3,2,2,0,1,1,1,0,5,80,2,2,0,0,0,2,33.0,16.0,voiture,voiture,3,1,1,5,2
202400016806,2024-05-28 17:29:00,2024,5,28,17,29,71,71270,NORMANDIE (RUE DE),46.32112,4.82913,Plein jour,En agglomération,Hors intersection,Normale,Autre collision,4,2,2,0,1,1,1,0,8,50,1,3,1,0,0,2,77.0,,voiture,,1,2,1,1,6
202400016807,2024-10-14 19:45:00,2024,10,14,19,45,60,60513,Route Départementale 92,49.201848,2.369066,Crépuscule ou aube,Hors agglomération,Hors intersection,Temps couvert,Deux véhicules - frontale,3,2,2,0,1,1,1,0,1,80,2,2,1,0,1,0,59.0,36.0,voiture,utilitaire_camion,2,1,1,8,1
202400016808,2024-05-28 13:55:00,2024,5,28,13,55,69,69266,204 Cours Emile Zola,45.76864,4.88444,Plein jour,En agglomération,Intersection en X,Normale,Deux véhicules - côté,4,2,3,0,1,1,1,0,1,50,2,2,1,0,0,1,,19.0,voiture,deux_roues,1,2,2,1,3
202400016808,2024-05-28 13:55:00,2024,5,28,13,55,69,69266,204 Cours Emile Zola,45.76864,4.88444,Plein jour,En agglomération,Intersection en X,Normale,Deux véhicules - côté,4,2,3,2,1,1,1,0,1,50,2,2,1,0,0,1,,19.0,voiture,deux_roues,1,2,2,1,3
202400016809,2024-05-26 10:00:00,2024,5,26,10,0,69,69259,Avenue Francis de Pressensé,45.71461745,4.87258335,Plein jour,En agglomération,Hors intersection,Normale,Deux véhicules - côté,4,2,2,2,1,1,1,0,1,50,2,2,1,0,0,1,49.0,22.0,voiture,voiture,1,2,1,1,3
202400016810,2024-10-15 17:30:00,2024,10,15,17,30,64,64490,d918,43.211627,-1.283169,Plein jour,Hors agglomération,Hors intersection,Pluie légère,Deux véhicules - frontale,3,2,3,0,1,2,2,0,1,90,2,3,0,0,3,0,56.0,39.0,voiture,voiture,1,1,1,2,1
202400016811,2024-05-28 16:30:00,2024,5,28,16,30,67,67482,JEAN JAURES (AVENUE),48.5675,7.7704,Plein jour,En agglomération,Hors intersection,Normale,Sans collision,4,3,2,1,1,1,1,0,5,50,1,1,0,1,0,0,52.0,,deux_roues,,1,2,1,1,7
202400016812,2024-10-11 13:30:00,2024,10,11,13,30,43,43244,La Combe,45.14730133,4.29380844,Plein jour,Hors agglomération,Intersection en T,Normale,Deux véhicules - arrière,3,2,2,0,1,1,1,9,1,90,2,2,1,0,1,0,24.0,31.0,utilitaire_camion,deux_roues,1,1,3,1,2
202400016812,2024-10-11 13:30:00,2024,10,11,13,30,43,43244,La Combe,45.14730133,4.29380844,Plein jour,Hors agglomération,Intersection en T,Normale,Deux véhicules - arrière,3,2, -1,-1,2,1,1,0,1,-1,2,2,1,0,1,0,24.0,31.0,utilitaire_camion,deux_roues,1,1,3,1,2
202400016813,2024-05-28 22:20:00,2024,5,28,22,20,64,64445,EUROPE DE L',43.32917107,-0.35271585,Nuit avec éclairage allumé,En agglomération,Hors intersection,Normale,Autre collision,3,2,2,0,1,1,1,0,1,50,1,2,1,0,1,0,67.0,,voiture,,5,2,1,1,6
202400016814,2024-10-10 20:50:00,2024,10,10,20,50,27,27463,D438,49.124935,0.63401,Nuit sans éclairage public,Hors agglomération,Hors intersection,Pluie légère,Autre collision,3,2,2,0,2,1,2,0,1,80,1,2,1,0,1,0,63.0,,voiture,,3,1,1,2,6
202400016815,2024-10-10 21:15:00,2024,10,10,21,15,27,27481,D926 PK 4+200,48.740894,0.884249,Nuit sans éclairage public,Hors agglomération,Hors intersection,Pluie légère,Autre collision,3,2,2,0,1,1,2,0,3,80,1,1,0,0,1,0,31.0,,voiture,,3,1,1,2,6
202400016816,2024-05-28 09:55:00,2024,5,28,9,55,63,63113,CLEMENTEL (BD ETIENNE)/ Solayer,45.80948307,3.10943663,Plein jour,En agglomération,Intersection en X,Normale,Deux véhicules - arrière,7,1,2,0,1,1,1,5,1,30,2,4,0,0,0,4,42.0,48.0,utilitaire_camion,voiture,1,2,2,1,2
202400016816,2024-05-28 09:55:00,2024,5,28,9,55,63,63113,CLEMENTEL (BD ETIENNE)/ Solayer,45.80948307,3.10943663,Plein jour,En agglomération,Intersection en X,Normale,Deux véhicules - arrière,7,3,4,0,1,1,1,5,1,50,2,4,0,0,0,4,42.0,48.0,utilitaire_camion,voiture,1,2,2,1,2
202400016817,2024-05-25 19:20:00,2024,5,25,19,20,62,62624,D160E1,50.4178105,2.98721302,Plein jour,En agglomération,Hors intersection,Normale,Deux véhicules - arrière,3,2,2,0,1,1,1,0,1,50,2,2,1,0,0,1,40.0,27.0,voiture,deux_roues,1,2,1,1,2
202400016818,2024-10-15 17:50:00,2024,10,15,17,50,17,17053,D118 rue de la prée,45.886902,-0.808525,Plein jour,Hors agglomération,Intersection en T,Normale,Deux véhicules - côté,3,2,2,0,1,1,1,0,1,90,2,2,1,1,0,0,62.0,43.0,voiture,deux_roues,1,1,3,1,3
202400016818,2024-10-15 17:50:00,2024,10,15,17,50,17,17053,D118 rue de la prée,45.886902,-0.808525,Plein jour,Hors agglomération,Intersection en T,Normale,Deux véhicules - côté,3,2,2,-1,1,1,1,0,1,70,2,2,1,1,0,0,62.0,43.0,voiture,deux_roues,1,1,3,1,3
202400016819,2024-10-15 05:35:00,2024,10,15,5,35,68,68242,A35,47.97584876,7.37324683,Nuit sans éclairage public,Hors agglomération,Hors intersection,Normale,Autre collision,1,3,2,0,1,1,1,0,2,130,2,3,2,1,0,0,52.0,,utilitaire_camion,,3,1,1,1,6
202400016820,2024-05-28 13:40:00,2024,5,28,13,40,62,62193,Avenue Georges Guynemer,50.95137024,1.89256847,Plein jour,En agglomération,Intersection en T,Pluie légère,Deux véhicules - côté,4,3,2,2,1,1,2,0,1,50,2,3,1,0,1,1,16.0,51.0,deux_roues,voiture,1,2,3,2,3
202400016820,2024-05-28 13:40:00,2024,5,28,13,40,62,62193,Avenue Georges Guynemer,50.95137024,1.89256847,Plein jour,En agglomération,Intersection en T,Pluie légère,Deux véhicules - côté,4,2,2,0,1,1,2,0,1,50,2,3,1,0,1,1,16.0,51.0,deux_roues,voiture,1,2,3,2,3
202400016821,2024-10-15 16:50:00,2024,10,15,16,50,18,18140,,47.161443,1.986752,Plein jour,Hors agglomération,Hors intersection,Normale,Sans collision,1,3,2,0,1,1,1,0,8,130,1,2,0,0,0,2,72.0,,voiture,,1,1,1,1,7
202400016822,2024-05-28 09:00:00,2024,5,28,9,0,60,60057,Avenue Président J.F. Kennedy,49.42391,2.10521,Plein jour,En agglomération,Giratoire,Pluie légère,Deux véhicules - côté,4,3,2,0,1,1,2,0,1,50,2,2,1,0,0,1,66.0,16.0,voiture,deux_roues,1,2,6,2,3
202400016823,2024-05-28 14:40:00,2024,5,28,14,40,59,59527,DE LATTRE TASSIGNY.AV °1A205,50.66161,3.03516,Plein jour,En agglomération,Intersection en X,Pluie légère,Deux véhicules - frontale,4,-1,4,0,1,1,2,0,1,50,2,2,1,0,0,1,26.0,47.0,voiture,deux_roues,1,2,2,2,1
202400016823,2024-05-28 14:40:00,2024,5,28,14,40,59,59527,DE LATTRE TASSIGNY.AV °1A205,50.66161,3.03516,Plein jour,En agglomération,Intersection en X,Pluie légère,Deux véhicules - frontale,4,2,4,0,1,1,2,0,1,50,2,2,1,0,0,1,26.0,47.0,voiture,deux_roues,1,2,2,2,1
202400016824,2024-10-15 08:30:00,2024,10,15,8,30,95,95061,D44,49.05883903,2.25201551,Plein jour,Hors agglomération,Hors intersection,Normale,Deux véhicules - côté,3,2,2,0,1,1,1,0,1,80,2,2,0,0,0,2,24.0,49.0,voiture,voiture,1,1,1,1,3
202400016825,2024-05-26 20:45:00,2024,5,26,20,45,56,56121,Rue de Kerjulaude,47.7438407,-3.3810829,Crépuscule ou aube,En agglomération,Intersection en X,Normale,Deux véhicules - côté,4,3,3,0,1,1,1,0,1,50,2,2,1,0,0,1,24.0,62.0,voiture,voiture,2,2,2,1,3
202400016825,2024-05-26 20:45:00,2024,5,26,20,45,56,56121,Rue de Kerjulaude,47.7438407,-3.3810829,Crépuscule ou aube,En agglomération,Intersection en X,Normale,Deux véhicules - côté,4,2,3,3,1,1,1,0,1,50,2,2,1,0,0,1,24.0,62.0,voiture,voiture,2,2,2,1,3
202400016826,2024-10-12 00:10:00,2024,10,12,0,10,01,01213,A 42 PK 038+000,45.942914,5.294037,Nuit sans éclairage public,Hors agglomération,Hors intersection,Normale,Deux véhicules - arrière,1,3,2,0,1,3,1,0,1,130,2,2,1,0,1,0,46.0,49.0,voiture,utilitaire_camion,3,1,1,1,2
202400016827,2024-05-27 09:47:00,2024,5,27,9,47,56,56098,Lann Sévelin,47.778623,-3.348612,Plein jour,En agglomération,Hors intersection,Normale,Deux véhicules - arrière,2,1,2,0,2,3,2,3,1,70,2,3,1,0,0,2,33.0,32.0,voiture,voiture,1,2,1,1,2
202400016828,2024-10-14 13:45:00,2024,10,14,13,45,987,98715,PK 6,-17.564277,-149.611892,Plein jour,En agglomération,Hors intersection,Normale,Deux véhicules - côté,2,2,2,2,1,1,1,0,1,30,2,2,1,0,0,1,18.0,69.0,deux_roues,voiture,1,2,1,1,3
202400016829,2024-05-27 14:45:00,2024,5,27,14,45,54,54395,Rue Saint Dizier,48.686764,6.185462,Plein jour,En agglomération,Intersection en X,Normale,Deux véhicules - côté,4,1, -1,0,1,1,1,0,1,50,2,2,1,0,0,1,39.0,37.0,transport_commun,voiture,1,2,2,1,3
202400016829,2024-05-27 14:45:00,2024,5,27,14,45,54,54395,Rue Saint Dizier,48.686764,6.185462,Plein jour,En agglomération,Intersection en X,Normale,Deux véhicules - côté,4,2,3,3,1,1,1,-1,1,50,2,2,1,0,0,1,39.0,37.0,transport_commun,voiture,1,2,2,1,3
202400016830,2024-10-15 09:45:00,2024,10,15,9,45,13,13109,A8 PK 023.sens LYON - NICE,43.51270691,5.4864048,Plein jour,Hors agglomération,Hors intersection,Normale,Deux véhicules - arrière,1,1,3,0,1,2,1,0,1,90,2,3,1,0,0,2,54.0,36.0,voiture,voiture,1,1,1,1,2
202400016831,2024-05-27 08:40:00,2024,5,27,8,40,54,54025,Avenue Sainte Marguerite,48.66322,6.2376,Plein jour,Hors agglomération,Intersection en X,Normale,Deux véhicules - frontale,4,2,2,0,2,1,1,8,1,50,2,2,1,0,1,0,57.0,62.0,deux_roues,voiture,1,1,2,1,1
202400016831,2024-05-27 08:40:00,2024,5,27,8,40,54,54025,Avenue Sainte Marguerite,48.66322,6.2376,Plein jour,Hors agglomération,Intersection en X,Normale,Deux véhicules - frontale,4,1,1,0,1,1,1,0,1,50,2,2,1,0,1,0,57.0,62.0,deux_roues,voiture,1,1,2,1,1
202400016832,2024-10-14 17:40:00,2024,10,14,17,40,62,62019,A26,50.4238743,2.71886946,Plein jour,Hors agglomération,Hors intersection,Pluie légère,Deux véhicules - arrière,1,2,2,0,1,1,2,0,1,130,2,2,1,0,1,0,50.0,57.0,utilitaire_camion,voiture,1,1,1,2,2
202400016833,2024-05-27 18:00:00,2024,5,27,18,0,54,54099,D138,49.24930957,5.96143484,Plein jour,Hors agglomération,Autre intersection,Normale,Sans collision,3,2,2,0,4,2,1,9,1,80,1,1,0,0,0,1,23.0,,deux_roues,,1,1,9,1,7
202400016834,2024-05-27 08:52:00,2024,5,27,8,52,49,49007,A87N,47.45222,-0.51485,Plein jour,Hors agglomération,Hors intersection,Normale,Deux véhicules - côté,1,3,2,0,1,1,1,0,1,90,2,2,1,0,0,1,46.0,38.0,utilitaire_camion,voiture,1,1,1,1,3
202400016835,2024-10-12 18:35:00,2024,10,12,18,35,971,97118,Colin RN1,16.198809,-61.605814,Nuit avec éclairage allumé,Hors agglomération,Hors intersection,Normale,Deux véhicules - arrière,2,3,2,0,1,1,1,0,1,90,2,2,1,0,1,0,22.0,67.0,voiture,voiture,5,1,1,1,2
202400016836,2024-10-12 17:35:00,2024,10,12,17,35,978,97801,R LADY FISH,18.059895,-63.098782,Plein jour,En agglomération,Hors intersection,Normale,Autre collision,4,2,1,0,1,1,1,0,1,50,1,2,1,0,1,0,21.0,,deux_roues,,1,2,1,1,6
202400016837,2024-05-28 18:50:00,2024,5,28,18,50,44,44109,19 Chaussée de la Madeleine,47.2108,-1.5515,Plein jour,En agglomération,Hors intersection,Normale,Deux véhicules - frontale,4,2,2,2,1,1,1,0,1,30,2,3,2,0,1,0,19.0,31.0,voiture,deux_roues,1,2,1,1,1
202400016838,2024-05-28 08:10:00,2024,5,28,8,10,44,44109,127 Rue du Corps de Garde,47.2172329,-1.60121441,Plein jour,En agglomération,Giratoire,Normale,Deux véhicules - arrière,4,3,3,2,2,1,1,0,1,30,2,2,1,0,0,1,38.0,34.0,voiture,voiture,1,2,6,1,2
202400016839,2024-10-15 07:00:00,2024,10,15,7,0,77,77196,N3,48.947505,2.728729,Crépuscule ou aube,Hors agglomération,Hors intersection,Normale,Deux véhicules - arrière,2,3,0,0,1,1,1,0,1,110,2,3,2,0,0,1,29.0,32.0,utilitaire_camion,transport_commun,2,1,1,1,2
202400016840,2024-05-28 10:12:00,2024,5,28,10,12,37,37122,BRIAND (RUE ARISTIDE),47.35189,0.66184,Plein jour,En agglomération,Hors intersection,Normale,Autre collision,4,1,1,0,1,1,1,0,4,50,1,1,0,0,0,1,88.0,,voiture,,1,2,1,1,6
202400016841,2024-10-15 08:20:00,2024,10,15,8,20,77,77238,route de la ferte sous jouarre,48.934031,3.124001,Crépuscule ou aube,Hors agglomération,Hors intersection,Normale,Deux véhicules - arrière,3,2,2,0,2,1,1,0,1,70,2,3,1,0,0,2,34.0,39.0,voiture,voiture,2,1,1,1,2
202400016842,2024-05-28 07:40:00,2024,5,28,7,40,35,35238,NANTES (RUE DE),48.09032,-1.69275,Plein jour,En agglomération,Intersection en X,Pluie légère,Deux véhicules - côté,7,2,2,2,1,1,2,0,1,30,2,2,1,0,0,1,32.0,54.0,deux_roues,utilitaire_camion,1,2,2,2,3
202400016842,2024-05-28 07:40:00,2024,5,28,7,40,35,35238,NANTES (RUE DE),48.09032,-1.69275,Plein jour,En agglomération,Intersection en X,Pluie légère,Deux véhicules - côté,7,2,3,0,1,1,2,0,1,50,2,2,1,0,0,1,32.0,54.0,deux_roues,utilitaire_camion,1,2,2,2,3
202400016843,2024-10-14 11:45:00,2024,10,14,11,45,78,78346,D115,48.9049,1.588726,Plein jour,Hors agglomération,Hors intersection,Normale,Deux véhicules - frontale,3,2,2,0,1,1,1,0,1,80,2,3,1,0,0,2,37.0,33.0,voiture,voiture,1,1,1,1,1
202400016844,2024-05-27 08:35:00,2024,5,27,8,35,34,34003,MARCELLIN ALBERT (H15 A H16,43.30765,3.47747,Plein jour,En agglomération,Hors intersection,Normale,Deux véhicules - frontale,4,2,2,2,1,1,1,0,5,30,2,2,1,0,1,0,34.0,58.0,utilitaire_camion,deux_roues,1,2,1,1,1
202400016845,2024-10-14 18:00:00,2024,10,14,18,0,84,84054,Route de Carpentras,43.930524,5.06238,Plein jour,En agglomération,Hors intersection,Pluie légère,Autre collision,5,2,2,3,1,1,2,9,8,-1,1,2,1,0,1,0,70.0,,voiture,,1,2,1,2,6
202400016846,2024-05-28 19:30:00,2024,5,28,19,30,33,33162,,44.87453,-0.62853,Plein jour,En agglomération,Hors intersection,Normale,Autre collision,6,-1, -1,0,1,1,1,0,1,20,1,2,1,0,0,1,21.0,,deux_roues,,1,2,1,1,6
202400016847,2024-10-14 21:38:00,2024,10,14,21,38,83,83106,D81,43.319894,6.06617,Nuit sans éclairage public,Hors agglomération,Hors intersection,Normale,Deux véhicules - frontale,3,2,2,0,1,1,2,0,1,80,2,2,1,0,1,0,54.0,45.0,voiture,voiture,3,1,1,1,1
202400016848,2024-05-28 22:45:00,2024,5,28,22,45,33,33063,,44.86495,-0.57473,Nuit avec éclairage allumé,En agglomération,Hors intersection,Normale,Autre collision,4,2,2,2,1,1,1,0,1,50,1,2,1,0,0,1,24.0,,voiture,,5,2,1,1,6
202400016849,2024-10-15 16:35:00,2024,10,15,16,35,83,83023,691 Avenue Frédéric Mistral,43.400671,6.058134,Plein jour,En agglomération,Hors intersection,Normale,Autre collision,4,2,2,0,1,1,1,0,3,50,1,2,0,1,1,0,20.0,,voiture,,1,2,1,1,6
202400016850,2024-05-28 18:20:00,2024,5,28,18,20,33,33063,,44.88581,-0.54972,Plein jour,En agglomération,Hors intersection,Normale,Deux véhicules - frontale,4,2,2,0,1,1,1,0,1,50,2,5,1,0,0,4,44.0,30.0,utilitaire_camion,voiture,1,2,1,1,1
202400016851,2024-10-11 17:00:00,2024,10,11,17,0,06,06077,Route de Luceram,43.875627,7.352054,Crépuscule ou aube,Hors agglomération,Hors intersection,Normale,Sans collision,3,2,2,0,2,2,1,0,1,80,1,1,0,0,0,1,24.0,,deux_roues,,2,1,1,1,7
202400016852,2024-05-28 18:15:00,2024,5,28,18,15,33,33063,,44.87404,-0.57446,Plein jour,En agglomération,Hors intersection,Normale,Autre collision,4,2,2,0,1,1,1,0,1,50,1,2,1,0,1,0,,,autre,,1,2,1,1,6
202400016853,2024-10-15 14:10:00,2024,10,15,14,10,06,06048,1045 Avenue Charles Alunni,43.801487,7.322916,Plein jour,Hors agglomération,Hors intersection,Normale,Trois véhicules et plus - collisions multiples,3,2,2,0,1,1,1,0,1,70,3,3,2,0,0,1,35.0,21.0,utilitaire_camion,voiture,1,1,1,1,5
202400016854,2024-05-28 14:00:00,2024,5,28,14,0,33,33529,,44.610443,-1.138156,Plein jour,En agglomération,Intersection en T,Normale,Deux véhicules - côté,4,2,0,0,1,1,1,0,1,50,2,2,1,0,0,1,34.0,20.0,voiture,utilitaire_camion,1,2,3,1,3
202400016854,2024-05-28 14:00:00,2024,5,28,14,0,33,33529,,44.610443,-1.138156,Plein jour,En agglomération,Intersection en T,Normale,Deux véhicules - côté,4,1,1,0,1,1,1,0,1,50,2,2,1,0,0,1,34.0,20.0,voiture,utilitaire_camion,1,2,3,1,3
202400016855,2024-10-13 16:30:00,2024,10,13,16,30,13,13042,189 Avenue du 2e Cuirassier,43.298602,5.621704,Plein jour,En agglomération,Hors intersection,Normale,Deux véhicules - arrière,3,2,2,0,1,1,1,0,1,50,2,2,1,0,0,1,16.0,56.0,deux_roues,voiture,1,2,1,1,2
202400016856,2024-04-30 11:30:00,2024,4,30,11,30,31,31555,RUE ACHILLE VIADIEU,43.590765,1.444481,Plein jour,En agglomération,Hors intersection,Normale,Autre collision,4,1,0,0,1,1,1,0,1,30,1,2,1,1,0,0,64.0,,deux_roues,,1,2,1,1,6
202400016857,2024-10-13 17:15:00,2024,10,13,17,15,69,69228,Route de Riverie,45.616514,4.626285,Plein jour,Hors agglomération,Hors intersection,Normale,Deux véhicules - frontale,3,2,2,0,2,3,1,0,1,80,2,4,1,0,1,2,45.0,23.0,voiture,voiture,1,1,1,1,1
202400016858,2024-05-27 17:30:00,2024,5,27,17,30,29,29232,CNO,48.03087886,-4.09411698,Plein jour,Hors agglomération,Hors intersection,Normale,Deux véhicules - arrière,3,2,2,0,1,3,1,0,1,90,2,4,1,0,0,3,43.0,22.0,voiture,voiture,1,1,1,1,2
202400016859,2024-09-21 18:25:00,2024,9,21,18,25,85,85298,RD32,46.58715,-1.76173,Plein jour,Hors agglomération,Hors intersection,Pluie légère,Deux véhicules - frontale,3,2,2,0,2,2,2,0,1,80,2,2,0,0,1,1,59.0,20.0,voiture,voiture,1,1,1,2,1
202400016860,2024-05-28 08:55:00,2024,5,28,8,55,29,29019,rue Dupuy de Lome,48.390789,-4.509312,Plein jour,En agglomération,Intersection en T,Normale,Deux véhicules - côté,4,2,2,0,1,1,2,0,1,50,2,2,1,0,0,1,34.0,32.0,voiture,deux_roues,1,2,3,1,3
202400016860,2024-05-28 08:55:00,2024,5,28,8,55,29,29019,rue Dupuy de Lome,48.390789,-4.509312,Plein jour,En agglomération,Intersection en T,Normale,Deux véhicules - côté,4,1,1,1,2,1,2,0,1,50,2,2,1,0,0,1,34.0,32.0,voiture,deux_roues,1,2,3,1,3
202400016861,2024-10-14 14:15:00,2024,10,14,14,15,49,49138,D347,47.416317,-0.16951,Plein jour,Hors agglomération,Hors intersection,Normale,Deux véhicules - côté,3,2,2,0,1,1,1,0,1,90,2,2,1,0,1,0,71.0,31.0,voiture,voiture,1,1,1,1,3
202400016862,2024-10-11 15:00:00,2024,10,11,15,0,29,29042,boulevard de Sligo,48.24818032,-4.47132673,Plein jour,En agglomération,Giratoire,Normale,Sans collision,3,1,2,0,1,2,1,5,1,50,1,1,0,0,1,0,34.0,,deux_roues,,1,2,6,1,7
202400016863,2024-05-28 07:15:00,2024,5,28,7,15,26,26252,Avenue du Port,44.87885309,4.86670732,Plein jour,Hors agglomération,Intersection en X,Normale,Deux véhicules - côté,2,2,0,0,1,1,1,5,1,70,2,2,1,0,1,0,25.0,26.0,utilitaire_camion,deux_roues,1,1,2,1,3
202400016863,2024-05-28 07:15:00,2024,5,28,7,15,26,26252,Avenue du Port,44.87885309,4.86670732,Plein jour,Hors agglomération,Intersection en X,Normale,Deux véhicules - côté,2,2,0,0,1,1,1,5,1,70,2,2,1,0,1,0,25.0,26.0,utilitaire_camion,deux_roues,1,1,2,1,3
202400016864,2024-05-28 18:30:00,2024,5,28,18,30,25,25056,RN 1057 (ROUTE DE GRAY-CH.EPITAPHE),47.225175,5.978907,Plein jour,En agglomération,Intersection en Y,Normale,Deux véhicules - arrière,2,2, -1,-1,1,1,1,5,1,-1,2,2,1,0,0,1,27.0,19.0,voiture,voiture,1,2,4,1,2
202400016864,2024-05-28 18:30:00,2024,5,28,18,30,25,25056,RN 1057 (ROUTE DE GRAY-CH.EPITAPHE),47.225175,5.978907,Plein jour,En agglomération,Intersection en Y,Normale,Deux véhicules - arrière,2,2,3,0,1,1,1,0,1,50,2,2,1,0,0,1,27.0,19.0,voiture,voiture,1,2,4,1,2
202400016865,2024-10-10 17:10:00,2024,10,10,17,10,35,35047,102 les Garennes,48.004871,-1.741788,Plein jour,Hors agglomération,Intersection en X,Normale,Deux véhicules - frontale,7,3,2,0,2,2,1,0,1,80,2,2,1,0,1,0,32.0,84.0,deux_roues,voiture,1,1,2,1,1
202400016865,2024-10-10 17:10:00,2024,10,10,17,10,35,35047,102 les Garennes,48.004871,-1.741788,Plein jour,Hors agglomération,Intersection en X,Normale,Deux véhicules - frontale,7,3,2,0,1,1,1,0,1,80,2,2,1,0,1,0,32.0,84.0,deux_roues,voiture,1,1,2,1,1
202400016866,2024-05-28 21:50:00,2024,5,28,21,50,25,25056,PAIX  AVENUE DE LA,47.2462,6.02219,Nuit avec éclairage allumé,En agglomération,Hors intersection,Normale,Deux véhicules - côté,4,2,3,3,1,1,1,0,1,50,2,2,1,0,0,1,49.0,19.0,voiture,deux_roues,5,2,1,1,3
202400016867,2024-10-14 19:42:00,2024,10,14,19,42,33,33122,,44.746773,-0.700903,Plein jour,Hors agglomération,Hors intersection,Normale,Autre collision,1,3,4,0,1,1,1,3,1,50,1,3,1,0,0,2,49.0,,voiture,,1,1,1,1,6
202400016868,2024-05-28 05:45:00,2024,5,28,5,45,13,13103,AVENUE DE ALABOUVETTE-RN 113,43.64074,5.03703,Plein jour,Hors agglomération,Giratoire,Normale,Sans collision,3,4,2,0,1,3,1,0,1,50,1,1,0,0,0,1,52.0,,utilitaire_camion,,1,1,6,1,7
202400016868,2024-05-28 05:45:00,2024,5,28,5,45,13,13103,AVENUE DE ALABOUVETTE-RN 113,43.64074,5.03703,Plein jour,Hors agglomération,Giratoire,Normale,Sans collision,3,2,2,0,1,1,1,0,8,50,1,1,0,0,0,1,52.0,,utilitaire_camion,,1,1,6,1,7
202400016869,2024-05-28 11:35:00,2024,5,28,11,35,13,13213,ESCADRILLE NORMANDIE NIEMEN,43.32705,5.40976,Plein jour,En agglomération,Intersection en X,Normale,Deux véhicules - côté,4,1,3,0,1,1,1,3,1,50,2,2,1,0,0,1,44.0,42.0,deux_roues,voiture,1,2,2,1,3
202400016869,2024-05-28 11:35:00,2024,5,28,11,35,13,13213,ESCADRILLE NORMANDIE NIEMEN,43.32705,5.40976,Plein jour,En agglomération,Intersection en X,Normale,Deux véhicules - côté,4,1,3,0,1,1,1,3,1,50,2,2,1,0,0,1,44.0,42.0,deux_roues,voiture,1,2,2,1,3
202400016870,2024-10-14 08:35:00,2024,10,14,8,35,33,33448,,44.722962,-0.524302,Plein jour,Hors agglomération,Hors intersection,Normale,Deux véhicules - arrière,1,3,2,0,1,1,1,0,1,130,2,4,2,0,0,2,21.0,18.0,voiture,voiture,1,1,1,1,2
202400016871,2024-05-27 09:25:00,2024,5,27,9,25,10,10387,Rue d'Alsace - Lorraine,48.28592,4.08277,Plein jour,En agglomération,Intersection en X,Normale,Autre collision,4,1,1,0,1,1,1,0,1,50,1,2,1,0,0,1,19.0,,voiture,,1,2,2,1,6
202400016871,2024-05-27 09:25:00,2024,5,27,9,25,10,10387,Rue d'Alsace - Lorraine,48.28592,4.08277,Plein jour,En agglomération,Intersection en X,Normale,Autre collision,4,1,1,0,1,1,1,0,1,50,1,2,1,0,0,1,19.0,,voiture,,1,2,2,1,6
202400016872,2024-10-14 06:45:00,2024,10,14,6,45,33,33487,,44.95103901,-0.46154046,Nuit sans éclairage public,Hors agglomération,Autre intersection,Normale,Trois véhicules et plus - en chaîne,1,3,6,0,1,1,1,0,1,130,3,3,2,0,0,1,53.0,28.0,voiture,voiture,3,1,9,1,4
202400016873,2024-05-28 12:25:00,2024,5,28,12,25,09,09225,CASTELLANE LIEU DIT,43.12114,1.65263,Plein jour,Hors agglomération,Autre intersection,Normale,Autre collision,3,2,2,0,1,3,9,8,3,50,1,1,0,0,0,1,56.0,,voiture,,1,1,9,1,6
202400016874,2024-10-14 06:57:00,2024,10,14,6,57,33,33065,,44.81231,-0.52163,Nuit avec éclairage allumé,Hors agglomération,Hors intersection,Normale,Deux véhicules - côté,2,3,3,0,1,1,1,3,1,90,2,2,1,0,0,1,56.0,47.0,deux_roues,utilitaire_camion,5,1,1,1,3
202400016875,2024-05-28 13:35:00,2024,5,28,13,35,03,03190,Rue des Bouvreuils,46.54787,3.33768,Plein jour,En agglomération,Autre intersection,Normale,Deux véhicules - côté,4,2,2,0,1,1,1,9,1,50,2,2,1,0,0,1,22.0,5.0,utilitaire_camion,deux_roues,1,2,9,1,3