accident_id,datetime,annee,mois,jour,heure,minute,departement,commune_insee,adresse,latitude,longitude,luminosite,agglomeration,intersection,meteo,collision,catr,circ,nbv,vosp,prof,plan,surf,infra,situ,vma,nb_vehicules,nb_usagers,nb_indemnes,nb_tues,nb_blesses_hosp,nb_blesses_legers,age_cond_1,age_cond_2,veh_type_cond_1,veh_type_cond_2,lum_code,agg_code,int_code,atm_code,col_code
202400016876,2024-10-11 21:10:00,2024,10,11,21,10,33,33249,,44.87885,-0.52789,Nuit avec éclairage allumé,Hors agglomération,Hors intersection,Normale,Deux véhicules - arrière,1,3,3,0,1,1,1,0,1,90,2,2,1,0,0,1,33.0,54.0,voiture,utilitaire_camion,5,1,1,1,2
202400016877,2024-10-14 08:25:00,2024,10,14,8,25,91,91340,AUTOROUTE A6,48.59977,2.4398,Plein jour,Hors agglomération,Hors intersection,Normale,Deux véhicules - côté,1,1,3,0,1,1,1,0,1,90,2,2,1,0,0,1,23.0,32.0,deux_roues,voiture,1,1,1,1,3
202400016878,2024-05-28 14:00:00,2024,5,28,14,0,75,75119,RUE DE CRIMEE,48.887168,2.3810807,Plein jour,En agglomération,Intersection en T,Pluie légère,Trois véhicules et plus - en chaîne,4,1, -1,-1,1,1,2,0,1,30,3,3,1,0,0,2,44.0,48.0,deux_roues,voiture,1,2,3,2,4
202400016878,2024-05-28 14:00:00,2024,5,28,14,0,75,75119,RUE DE CRIMEE,48.887168,2.3810807,Plein jour,En agglomération,Intersection en T,Pluie légère,Trois véhicules et plus - en chaîne,4,1,1,2,1,1,2,0,1,30,3,3,1,0,0,2,44.0,48.0,deux_roues,voiture,1,2,3,2,4
202400016879,2024-10-13 14:20:00,2024,10,13,14,20,78,78640,N118,48.777524,2.222174,Plein jour,Hors agglomération,Hors intersection,Normale,Trois véhicules et plus - collisions multiples,2,1,3,0,1,1,1,0,1,50,3,5,3,0,0,2,79.0,34.0,voiture,voiture,1,1,1,1,5
202400016880,2024-05-28 09:15:00,2024,5,28,9,15,75,75119,RUE DE BELLEVILLE,48.875487,2.397965,Plein jour,En agglomération,Intersection en X,Temps couvert,Deux véhicules - côté,4,2, -1,-1,2,1,1,0,1,30,2,2,1,0,0,1,33.0,31.0,deux_roues,voiture,1,2,2,8,3
202400016880,2024-05-28 09:15:00,2024,5,28,9,15,75,75119,RUE DE BELLEVILLE,48.875487,2.397965,Plein jour,En agglomération,Intersection en X,Temps couvert,Deux véhicules - côté,4,2,2,0,2,1,1,0,1,30,2,2,1,0,0,1,33.0,31.0,deux_roues,voiture,1,2,2,8,3
202400016881,2024-10-13 13:55:00,2024,10,13,13,55,78,78498,A13,48.912883,2.005553,Plein jour,Hors agglomération,Hors intersection,Normale,Autre collision,1,1,2,0,2,1,1,0,3,110,1,1,0,0,0,1,22.0,,voiture,,1,1,1,1,6
202400016882,2024-05-28 14:25:00,2024,5,28,14,25,75,75117,BOULEVARD BESSIERES,48.895362,2.316385,Plein jour,En agglomération,Intersection en T,Pluie légère,Deux véhicules - côté,4,1,1,1,1,1,2,0,5,25,2,2,1,0,0,1,47.0,33.0,deux_roues,deux_roues,1,2,3,2,3
202400016882,2024-05-28 14:25:00,2024,5,28,14,25,75,75117,BOULEVARD BESSIERES,48.895362,2.316385,Plein jour,En agglomération,Intersection en T,Pluie légère,Deux véhicules - côté,4,1, -1,-1,1,1,2,0,5,25,2,2,1,0,0,1,47.0,33.0,deux_roues,deux_roues,1,2,3,2,3
202400016883,2024-10-13 08:00:00,2024,10,13,8,0,78,78206,A13,48.96874,1.917356,Crépuscule ou aube,Hors agglomération,Hors intersection,Normale,Deux véhicules - arrière,1,1,3,0,4,2,1,0,1,130,2,3,1,0,0,2,50.0,42.0,voiture,voiture,2,1,1,1,2
202400016884,2024-05-28 11:50:00,2024,5,28,11,50,75,75116,AVENUE RAYMOND POINCARE,48.872192,2.28471,Plein jour,En agglomération,Intersection en X,Pluie légère,Deux véhicules - côté,4,2,2,0,1,1,2,0,1,30,2,3,2,0,0,1,61.0,31.0,voiture,voiture,1,2,2,2,3
202400016884,2024-05-28 11:50:00,2024,5,28,11,50,75,75116,AVENUE RAYMOND POINCARE,48.872192,2.28471,Plein jour,En agglomération,Intersection en X,Pluie légère,Deux véhicules - côté,4,2,2,0,1,1,2,0,1,30,2,3,2,0,0,1,61.0,31.0,voiture,voiture,1,2,2,2,3
202400016885,2024-10-12 04:09:00,2024,10,12,4,9,78,78043,A12 W,48.826853,2.076967,Nuit sans éclairage public,Hors agglomération,Hors intersection,Normale,Trois véhicules et plus - collisions multiples,1,1,4,3,1,1,2,0,1,110,2,2,0,0,0,2,21.0,27.0,voiture,voiture,3,1,1,1,5
202400016886,2024-05-28 08:30:00,2024,5,28,8,30,75,75116,RUE DE PASSY,48.858309,2.283142,Plein jour,En agglomération,Intersection en T,Temps couvert,Deux véhicules - arrière,4,1, -1,-1,1,1,1,0,1,30,2,2,1,0,0,1,47.0,58.0,deux_roues,voiture,1,2,3,8,2
202400016886,2024-05-28 08:30:00,2024,5,28,8,30,75,75116,RUE DE PASSY,48.858309,2.283142,Plein jour,En agglomération,Intersection en T,Temps couvert,Deux véhicules - arrière,4,1,2,0,1,1,1,0,1,30,2,2,1,0,0,1,47.0,58.0,deux_roues,voiture,1,2,3,8,2
202400016887,2024-10-14 14:30:00,2024,10,14,14,30,95,95582,A15,48.97011903,2.249862,Plein jour,Hors agglomération,Hors intersection,Normale,Autre collision,1,3,4,0,1,1,1,0,1,110,2,2,1,0,0,1,29.0,70.0,utilitaire_camion,voiture,1,1,1,1,6
202400016888,2024-10-14 09:25:00,2024,10,14,9,25,95,95060,A115,49.03632652,2.19483097,Plein jour,Hors agglomération,Hors intersection,Normale,Deux véhicules - arrière,1,3,2,0,1,1,1,0,1,90,2,2,1,0,0,1,42.0,40.0,utilitaire_camion,utilitaire_camion,1,1,1,1,2
202400016889,2024-05-28 15:00:00,2024,5,28,15,0,75,75115,RUE DE LA CROIX NIVERT,48.837357,2.289465,Plein jour,En agglomération,Intersection en X,Temps couvert,Sans collision,4,1, -1,-1,1,1,1,0,1,30,1,1,0,0,0,1,35.0,,deux_roues,,1,2,2,8,7
202400016889,2024-05-28 15:00:00,2024,5,28,15,0,75,75115,RUE DE LA CROIX NIVERT,48.837357,2.289465,Plein jour,En agglomération,Intersection en X,Temps couvert,Sans collision,4,2, -1,0,1,1,2,0,1,30,1,1,0,0,0,1,35.0,,deux_roues,,1,2,2,8,7
202400016890,2024-10-14 13:55:00,2024,10,14,13,55,93,93010,AUTOROUTE A3,48.90625339,2.47214056,Plein jour,Hors agglomération,Hors intersection,Normale,Deux véhicules - arrière,1,3,3,0,1,1,1,0,1,90,2,2,1,0,0,1,60.0,69.0,deux_roues,voiture,1,1,1,1,2
202400016891,2024-10-14 09:40:00,2024,10,14,9,40,93,93073,AUTOROUTE A104,48.96676604,2.56065607,Plein jour,Hors agglomération,Hors intersection,Normale,Deux véhicules - arrière,1,3,6,0,1,1,1,0,2,110,2,2,1,0,0,1,28.0,24.0,utilitaire_camion,utilitaire_camion,1,1,1,1,2
202400016892,2024-10-10 20:50:00,2024,10,10,20,50,95,95582,A15,48.9685214,2.2516783,Nuit sans éclairage public,Hors agglomération,Hors intersection,Pluie légère,Deux véhicules - arrière,1,3,4,0,1,1,2,0,1,110,2,2,1,0,0,1,52.0,29.0,deux_roues,voiture,3,1,1,2,2
202400016893,2024-06-24 16:00:00,2024,6,24,16,0,84,84042,Boulevard du Sud,43.771734,5.440323,Plein jour,En agglomération,Hors intersection,Normale,Autre collision,3,2,2,0,1,1,1,0,1,30,1,2,1,0,1,0,30.0,,voiture,,1,2,1,1,6
202400016894,2024-05-23 07:30:00,2024,5,23,7,30,80,80642,D933,50.146436,2.140853,Plein jour,Hors agglomération,Intersection en T,Normale,Deux véhicules - côté,3,2,2,0,1,1,1,0,1,50,2,2,1,0,1,0,52.0,17.0,voiture,deux_roues,1,1,3,1,3
202400016894,2024-05-23 07:30:00,2024,5,23,7,30,80,80642,D933,50.146436,2.140853,Plein jour,Hors agglomération,Intersection en T,Normale,Deux véhicules - côté,3,2,2,0,1,1,1,0,1,80,2,2,1,0,1,0,52.0,17.0,voiture,deux_roues,1,1,3,1,3
202400016895,2024-04-29 19:39:00,2024,4,29,19,39,80,80159,Autoroute A29 - PK 209+225,49.858543,2.466731,Crépuscule ou aube,Hors agglomération,Hors intersection,Normale,Sans collision,1,3,2,0,2,1,1,0,1,130,1,4,3,0,0,1,46.0,,voiture,,2,1,1,1,7
202400016896,2024-05-20 18:00:00,2024,5,20,18,0,32,32227,D931,43.813256,0.080767,Plein jour,Hors agglomération,Hors intersection,Normale,Deux véhicules - arrière,3,2,2,0,1,3,1,0,1,80,2,2,1,0,1,0,18.0,53.0,voiture,voiture,1,1,1,1,2
202400016897,2024-07-20 18:30:00,2024,7,20,18,30,41,41151,107 Rue de Tours,47.342585,1.16917,Plein jour,En agglomération,Hors intersection,Normale,Autre collision,6,-1, -1,0,1,2,1,0,4,-1,1,2,0,0,2,0,19.0,,deux_roues,,1,2,1,1,6
202400016898,2024-07-26 23:10:00,2024,7,26,23,10,24,24301,D63,45.014362,1.441784,Nuit sans éclairage public,Hors agglomération,Hors intersection,Normale,Autre collision,3,2,2,0,1,1,1,0,1,80,1,1,0,0,1,0,23.0,,deux_roues,,3,1,1,1,6
202400016899,2024-07-25 13:50:00,2024,7,25,13,50,57,57620,D181a,49.19663524,5.98965137,Plein jour,Hors agglomération,Intersection en T,Normale,Deux véhicules - frontale,1,2,1,0,1,1,1,9,1,80,2,2,1,0,0,1,29.0,52.0,voiture,voiture,1,1,3,1,1
202400016899,2024-07-25 13:50:00,2024,7,25,13,50,57,57620,D181a,49.19663524,5.98965137,Plein jour,Hors agglomération,Intersection en T,Normale,Deux véhicules - frontale,1,4,1,0,1,1,1,0,1,50,2,2,1,0,0,1,29.0,52.0,voiture,voiture,1,1,3,1,1
202400016900,2024-10-13 19:25:00,2024,10,13,19,25,69,69152,145 Boulevard de l'Europe,45.69603,4.82601,Nuit avec éclairage allumé,En agglomération,Hors intersection,Normale,Autre collision,7,2,4,2,1,1,1,0,1,30,1,1,0,0,0,1,45.0,,voiture,,5,2,1,1,6
202400016901,2024-10-11 07:30:00,2024,10,11,7,30,69,69034,Avenue Jean Monnet,45.79162249,4.8375483,Plein jour,En agglomération,Intersection en X,Normale,Deux véhicules - côté,4,2,3,0,1,1,1,0,1,50,2,2,1,0,1,0,53.0,34.0,deux_roues,voiture,1,2,2,1,3
202400016901,2024-10-11 07:30:00,2024,10,11,7,30,69,69034,Avenue Jean Monnet,45.79162249,4.8375483,Plein jour,En agglomération,Intersection en X,Normale,Deux véhicules - côté,4,1,2,3,1,1,1,0,1,50,2,2,1,0,1,0,53.0,34.0,deux_roues,voiture,1,2,2,1,3
202400016902,2024-10-13 12:30:00,2024,10,13,12,30,95,95268,JACQUES ANQUETIL (RUE),48.96186716,2.39848942,Plein jour,En agglomération,Hors intersection,Normale,Autre collision,4,2,2,0,1,1,1,0,1,50,1,2,1,0,0,1,,,voiture,,1,2,1,1,6
202400016903,2024-10-12 17:00:00,2024,10,12,17,0,95,95572,PONT VERT (RUE DU),49.03376848,2.12709278,Plein jour,En agglomération,Hors intersection,Pluie légère,Autre collision,4,1,1,0,1,2,2,0,1,50,1,2,1,0,1,0,52.0,,utilitaire_camion,,1,2,1,2,6
202400016904,2024-10-11 15:00:00,2024,10,11,15,0,95,95323,OISE (BOULEVARD DE L'),49.01329,2.02772,Plein jour,En agglomération,Intersection en X,Normale,Autre collision,4,2,2,0,1,1,1,0,1,50,1,3,2,0,1,0,44.0,,voiture,,1,2,2,1,6
202400016904,2024-10-11 15:00:00,2024,10,11,15,0,95,95323,OISE (BOULEVARD DE L'),49.01329,2.02772,Plein jour,En agglomération,Intersection en X,Normale,Autre collision,4,2,2,0,1,1,1,0,1,50,1,3,2,0,1,0,44.0,,voiture,,1,2,2,1,6
202400016905,2024-10-12 11:50:00,2024,10,12,11,50,91,91347,RUE DE LORMOY,48.64133,2.29153,Plein jour,En agglomération,Hors intersection,Temps couvert,Deux véhicules - frontale,4,2,0,0,1,1,1,0,1,50,2,2,1,0,0,1,49.0,45.0,deux_roues,voiture,1,2,1,8,1
202400016906,2024-10-13 06:20:00,2024,10,13,6,20,91,91174,RUE DE LA PAPETERIE,48.59716,2.46586,Nuit avec éclairage allumé,En agglomération,Giratoire,Normale,Deux véhicules - côté,4,2,0,0,1,1,1,0,1,30,2,2,1,0,0,1,,51.0,voiture,voiture,5,2,6,1,3
202400016906,2024-10-13 06:20:00,2024,10,13,6,20,91,91174,RUE DE LA PAPETERIE,48.59716,2.46586,Nuit avec éclairage allumé,En agglomération,Giratoire,Normale,Deux véhicules - côté,4,2,2,0,1,1,1,0,1,50,2,2,1,0,0,1,,51.0,voiture,voiture,5,2,6,1,3
202400016907,2024-10-13 01:35:00,2024,10,13,1,35,84,84007,129 (RN) MFT,43.88997,4.91563,Nuit avec éclairage non allumé,Hors agglomération,Hors intersection,Pluie forte,Deux véhicules - frontale,2,2,2,0,1,1,3,0,1,80,2,5,1,0,0,4,32.0,,voiture,utilitaire_camion,4,1,1,3,1
202400016908,2024-10-12 15:40:00,2024,10,12,15,40,83,83137,CD 46 DE 1930 A FIN (VALETTE),43.15287,5.96389,Plein jour,Hors agglomération,Hors intersection,Temps couvert,Deux véhicules - frontale,3,2,2,0,2,2,1,0,1,70,2,2,0,0,0,2,52.0,39.0,voiture,voiture,1,1,1,8,1
202400016909,2024-10-12 16:05:00,2024,10,12,16,5,81,81257,TEQUI ( AVENUE GERMAIN ),43.94877,2.21067,Plein jour,En agglomération,Intersection en X,Normale,Deux véhicules - côté,4,2,0,0,1,1,1,0,1,50,2,3,2,0,0,1,14.0,32.0,deux_roues,voiture,1,2,2,1,3
202400016909,2024-10-12 16:05:00,2024,10,12,16,5,81,81257,TEQUI ( AVENUE GERMAIN ),43.94877,2.21067,Plein jour,En agglomération,Intersection en X,Normale,Deux véhicules - côté,4,2,2,0,1,1,1,0,1,50,2,3,2,0,0,1,14.0,32.0,deux_roues,voiture,1,2,2,1,3
202400016910,2024-10-13 20:55:00,2024,10,13,20,55,78,78168,MESNIL ST DENIS (RUE DU),48.74803,1.92631,Nuit avec éclairage non allumé,Hors agglomération,Giratoire,Normale,Deux véhicules - côté,4,-1,3,0,1,3,1,0,1,50,2,2,1,0,0,1,24.0,29.0,voiture,voiture,4,1,6,1,3
202400016910,2024-10-13 20:55:00,2024,10,13,20,55,78,78168,MESNIL ST DENIS (RUE DU),48.74803,1.92631,Nuit avec éclairage non allumé,Hors agglomération,Giratoire,Normale,Deux véhicules - côté,4,-1,2,0,1,3,1,0,1,50,2,2,1,0,0,1,24.0,29.0,voiture,voiture,4,1,6,1,3
202400016911,2024-10-13 12:00:00,2024,10,13,12,0,77,77058,RD10,48.85006,2.73431,Plein jour,Hors agglomération,Giratoire,Normale,Deux véhicules - côté,3,1,2,0,1,1,1,0,8,50,2,2,1,0,0,1,47.0,51.0,voiture,deux_roues,1,1,6,1,3
202400016912,2024-09-23 10:45:00,2024,9,23,10,45,76,76114,DESGENETAIS LEON (PLACE),49.5689,0.47183,Plein jour,En agglomération,Hors intersection,Normale,Autre collision,4,1,1,0,1,2,1,0,1,50,1,2,1,0,1,0,69.0,,voiture,,1,2,1,1,6
202400016913,2024-10-08 12:00:00,2024,10,8,12,0,73,73011,COTY (RUE PRESIDENT),45.67698021,6.38928456,Plein jour,En agglomération,Intersection en X,Pluie légère,Autre collision,4,1,2,0,1,1,2,0,1,30,1,2,1,0,0,1,18.0,,voiture,,1,2,2,2,6
202400016913,2024-10-08 12:00:00,2024,10,8,12,0,73,73011,COTY (RUE PRESIDENT),45.67698021,6.38928456,Plein jour,En agglomération,Intersection en X,Pluie légère,Autre collision,4,1,1,2,1,1,2,0,1,30,1,2,1,0,0,1,18.0,,voiture,,1,2,2,2,6
202400016914,2024-10-13 15:40:00,2024,10,13,15,40,71,71076,KENNEDY (AVENUE JOHN FITZGERALD),46.79627,4.86284,Plein jour,En agglomération,Hors intersection,Normale,Deux véhicules - arrière,4,-1,2,0,1,1,1,0,1,50,2,2,0,0,0,2,57.0,31.0,voiture,deux_roues,1,2,1,1,2
202400016915,2024-10-13 17:30:00,2024,10,13,17,30,69,69091,Route de Mornant,45.58906446,4.73539773,Plein jour,Hors agglomération,Hors intersection,Normale,Trois véhicules et plus - collisions multiples,7,2,2,0,2,3,1,0,1,80,3,3,2,0,0,1,24.0,24.0,voiture,voiture,1,1,1,1,5
202400016916,2024-10-13 15:40:00,2024,10,13,15,40,64,64445,JEAN MERMOZ,43.31581,-0.37802,Plein jour,En agglomération,Intersection en X,Normale,Deux véhicules - côté,4,2,2,0,1,1,1,0,1,50,2,2,1,0,0,1,40.0,38.0,deux_roues,voiture,1,2,2,1,3
202400016916,2024-10-13 15:40:00,2024,10,13,15,40,64,64445,JEAN MERMOZ,43.31581,-0.37802,Plein jour,En agglomération,Intersection en X,Normale,Deux véhicules - côté,4,2,2,0,1,1,1,0,1,50,2,2,1,0,0,1,40.0,38.0,deux_roues,voiture,1,2,2,1,3
202400016917,2024-10-13 10:40:00,2024,10,13,10,40,64,64445,NORMAN PRINCE,43.30713,-0.34093,Plein jour,En agglomération,Hors intersection,Normale,Sans collision,4,1,1,2,1,1,1,0,3,50,1,2,1,0,0,1,86.0,,voiture,,1,2,1,1,7
202400016918,2024-10-12 05:30:00,2024,10,12,5,30,60,60382,RD 935,49.44330548,2.79531884,Nuit avec éclairage allumé,Hors agglomération,Hors intersection,Normale,Deux véhicules - frontale,3,2,2,0,1,3,2,0,1,80,2,2,0,1,1,0,20.0,48.0,voiture,voiture,5,1,1,1,1
202400016919,2024-10-13 03:56:00,2024,10,13,3,56,44,44143,5 Avenue Louise Michel,47.18801,-1.54783,Nuit avec éclairage allumé,En agglomération,Hors intersection,Normale,Deux véhicules - frontale,4,2,2,0,1,1,1,0,1,50,2,2,1,0,1,0,19.0,33.0,voiture,deux_roues,5,2,1,1,1
202400016920,2024-10-13 08:50:00,2024,10,13,8,50,35,35051,PORTE DE NORMANDIE,48.14753,-1.61535,Plein jour,Hors agglomération,Hors intersection,Normale,Deux véhicules - arrière,2,3,6,0,1,1,1,0,1,90,2,3,0,0,0,3,23.0,42.0,voiture,voiture,1,1,1,1,2
202400016921,2024-10-13 15:34:00,2024,10,13,15,34,22,22278,PARIS (DE),48.50204,-2.73712,Plein jour,En agglomération,Intersection en T,Normale,Deux véhicules - côté,4,-1,2,2,2,1,1,0,1,50,2,2,1,0,0,1,43.0,47.0,voiture,deux_roues,1,2,3,1,3
202400016921,2024-10-13 15:34:00,2024,10,13,15,34,22,22278,PARIS (DE),48.50204,-2.73712,Plein jour,En agglomération,Intersection en T,Normale,Deux véhicules - côté,4,2,2,0,2,3,1,0,1,50,2,2,1,0,0,1,43.0,47.0,voiture,deux_roues,1,2,3,1,3
202400016922,2024-10-13 16:05:00,2024,10,13,16,5,17,17415,MARINE RUE DE LA,45.74935,-0.63392,Plein jour,En agglomération,Hors intersection,Normale,Autre collision,4,1,1,0,1,1,1,0,1,30,1,2,1,0,1,0,69.0,,voiture,,1,2,1,1,6
202400016923,2024-10-08 15:55:00,2024,10,8,15,55,14,14243,6 Chemin du Clos Videcoq,49.39326,0.20585,Plein jour,En agglomération,Intersection en Y,Normale,Sans collision,4,2,0,0,1,3,1,0,1,30,2,2,1,0,0,1,23.0,73.0,deux_roues,deux_roues,1,2,4,1,7
202400016923,2024-10-08 15:55:00,2024,10,8,15,55,14,14243,6 Chemin du Clos Videcoq,49.39326,0.20585,Plein jour,En agglomération,Intersection en Y,Normale,Sans collision,4,1,1,0,1,2,1,0,1,30,2,2,1,0,0,1,23.0,73.0,deux_roues,deux_roues,1,2,4,1,7
202400016924,2024-10-13 17:30:00,2024,10,13,17,30,13,13103,AURELIENNE -ANCIENNE VOIE,43.62704,5.06965,Plein jour,Hors agglomération,Hors intersection,Normale,Deux véhicules - côté,4,2,2,0,1,1,1,9,1,50,2,2,1,0,1,0,16.0,16.0,deux_roues,deux_roues,1,1,1,1,3
202400016925,2024-09-05 21:44:00,2024,9,5,21,44,13,13077,THOREZ MAURICE (avenue),43.40693106,4.98087403,Nuit avec éclairage non allumé,En agglomération,Hors intersection,Normale,Trois véhicules et plus - en chaîne,4,2,2,2,2,1,1,0,1,50,3,5,1,0,0,4,38.0,32.0,voiture,voiture,4,2,1,1,4
202400016926,2024-10-13 16:54:00,2024,10,13,16,54,13,13204,SAKAKINI (BOULEVARD),43.29632,5.40015,Plein jour,En agglomération,Hors intersection,Normale,Deux véhicules - frontale,4,2,3,0,1,1,1,0,8,50,1,3,2,0,1,0,18.0,,voiture,,1,2,1,1,1
202400016927,2024-10-12 10:15:00,2024,10,12,10,15,13,13211,JEAN LOMBARD (AVENUE),43.28897216,5.43202328,Plein jour,En agglomération,Hors intersection,Normale,Deux véhicules - côté,4,-1,2,0,1,1,1,0,1,50,3,3,2,0,1,0,59.0,37.0,voiture,deux_roues,1,2,1,1,3
202400016928,2024-10-13 13:55:00,2024,10,13,13,55,13,13047,R.N 569,43.57908,4.98447,Plein jour,Hors agglomération,Hors intersection,Normale,Deux véhicules - frontale,2,2,2,0,2,1,1,0,1,80,2,4,0,0,3,1,37.0,23.0,voiture,voiture,1,1,1,1,1
202400016929,2024-10-12 04:05:00,2024,10,12,4,5,08,08409,,49.70238825,4.96306971,Nuit sans éclairage public,En agglomération,Hors intersection,Normale,Autre collision,3,2,2,0,1,1,1,0,1,30,1,4,2,0,2,0,,,voiture,,3,2,1,1,6
202400016930,2024-10-13 01:15:00,2024,10,13,1,15,07,07019,JEAN MATHON(BOULEVARD),44.6199,4.3871,Nuit avec éclairage allumé,En agglomération,Hors intersection,Pluie légère,Trois véhicules et plus - collisions multiples,4,2,2,0,2,1,2,0,1,30,3,4,1,0,0,3,21.0,28.0,voiture,voiture,5,2,1,2,5
202400016931,2024-10-13 12:25:00,2024,10,13,12,25,03,03101,RICROS,46.37881,2.51914,Plein jour,Hors agglomération,Intersection en X,Normale,Deux véhicules - côté,3,2,2,0,1,1,1,0,8,90,2,2,1,0,0,1,55.0,51.0,deux_roues,voiture,1,1,2,1,3
202400016931,2024-10-13 12:25:00,2024,10,13,12,25,03,03101,RICROS,46.37881,2.51914,Plein jour,Hors agglomération,Intersection en X,Normale,Deux véhicules - côté,3,2,2,0,1,1,1,0,1,70,2,2,1,0,0,1,55.0,51.0,deux_roues,voiture,1,1,2,1,3
202400016932,2024-10-12 22:54:00,2024,10,12,22,54,01,01031,PRES ( RUE DES ),46.232514,5.623356,Nuit avec éclairage allumé,En agglomération,Autre intersection,Pluie légère,Autre collision,3,2,2,0,3,1,2,2,3,50,1,3,1,0,1,1,47.0,,voiture,,5,2,9,2,6
202400016933,2024-10-11 12:11:00,2024,10,11,12,11,75,75112,BD PERIPHERIQUE EXTERIEUR,48.832542,2.406109,Plein jour,En agglomération,Hors intersection,Normale,Deux véhicules - arrière,4,1,4,0,1,1,1,0,1,50,2,2,1,0,0,1,30.0,41.0,voiture,utilitaire_camion,1,2,1,1,2
202400016934,2024-10-11 00:05:00,2024,10,11,0,5,75,75110,BOULEVARD DE MAGENTA,48.877367,2.355112,Nuit avec éclairage allumé,En agglomération,Intersection en X,Normale,Autre collision,4,2,4,3,1,1,1,0,1,30,1,1,0,0,1,0,20.0,,deux_roues,,5,2,2,1,6
202400016934,2024-10-11 00:05:00,2024,10,11,0,5,75,75110,BOULEVARD DE MAGENTA,48.877367,2.355112,Nuit avec éclairage allumé,En agglomération,Intersection en X,Normale,Autre collision,4,2, -1,-1,1,1,1,0,1,30,1,1,0,0,1,0,20.0,,deux_roues,,5,2,2,1,6
202400016935,2024-10-10 21:45:00,2024,10,10,21,45,75,75120,RUE DES PYRENEES,48.871659,2.392303,Nuit avec éclairage allumé,En agglomération,Intersection en X,Normale,Trois véhicules et plus - en chaîne,4,2,3,3,1,1,1,0,1,30,3,6,4,0,1,1,24.0,30.0,voiture,voiture,5,2,2,1,4
202400016935,2024-10-10 21:45:00,2024,10,10,21,45,75,75120,RUE DES PYRENEES,48.871659,2.392303,Nuit avec éclairage allumé,En agglomération,Intersection en X,Normale,Trois véhicules et plus - en chaîne,4,1,1,0,1,1,1,0,1,30,3,6,4,0,1,1,24.0,30.0,voiture,voiture,5,2,2,1,4
202400016936,2024-10-13 21:20:00,2024,10,13,21,20,75,75118,AVENUE DE LA PORTE DE MONTMARTRE,48.898519,2.336771,Nuit avec éclairage allumé,En agglomération,Hors intersection,Normale,Autre collision,4,2,1,0,1,1,1,0,1,30,1,2,1,0,0,1,67.0,,deux_roues,,5,2,1,1,6
202400016937,2024-10-13 02:25:00,2024,10,13,2,25,75,75116,AVENUE DE NEW YORK,48.858829,2.288978,Nuit avec éclairage allumé,En agglomération,Intersection en T,Normale,Autre collision,4,2,6,0,1,1,1,0,1,30,1,1,0,0,1,0,30.0,,deux_roues,,5,2,3,1,6
202400016937,2024-10-13 02:25:00,2024,10,13,2,25,75,75116,AVENUE DE NEW YORK,48.858829,2.288978,Nuit avec éclairage allumé,En agglomération,Intersection en T,Normale,Autre collision,4,1, -1,-1,1,1,1,0,1,30,1,1,0,0,1,0,30.0,,deux_roues,,5,2,3,1,6
202400016938,2024-10-13 05:30:00,2024,10,13,5,30,75,75115,RUE DE VAUGIRARD,48.840397,2.30425,Nuit avec éclairage allumé,En agglomération,Intersection en X,Normale,Deux véhicules - côté,4,2,2,0,1,1,1,0,1,30,2,2,1,0,0,1,16.0,27.0,deux_roues,voiture,5,2,2,1,3
202400016938,2024-10-13 05:30:00,2024,10,13,5,30,75,75115,RUE DE VAUGIRARD,48.840397,2.30425,Nuit avec éclairage allumé,En agglomération,Intersection en X,Normale,Deux véhicules - côté,4,1,1,1,1,1,1,0,5,30,2,2,1,0,0,1,16.0,27.0,deux_roues,voiture,5,2,2,1,3
202400016939,2024-10-13 11:20:00,2024,10,13,11,20,75,75113,AVENUE DE LA PORTE D ITALIE,48.819118,2.359522,Plein jour,En agglomération,Intersection en X,Normale,Sans collision,4,2,6,1,1,1,1,0,1,30,1,1,0,0,1,0,71.0,,deux_roues,,1,2,2,1,7
202400016939,2024-10-13 11:20:00,2024,10,13,11,20,75,75113,AVENUE DE LA PORTE D ITALIE,48.819118,2.359522,Plein jour,En agglomération,Intersection en X,Normale,Sans collision,4,2,4,1,1,1,1,0,1,30,1,1,0,0,1,0,71.0,,deux_roues,,1,2,2,1,7
202400016940,2024-10-13 14:30:00,2024,10,13,14,30,75,75110,RUE PIERRE CHAUSSON,48.87093,2.360804,Plein jour,En agglomération,Intersection en T,Normale,Deux véhicules - côté,4,2, -1,-1,1,1,1,0,5,30,2,2,1,0,0,1,27.0,23.0,utilitaire_camion,deux_roues,1,2,3,1,3
202400016940,2024-10-13 14:30:00,2024,10,13,14,30,75,75110,RUE PIERRE CHAUSSON,48.87093,2.360804,Plein jour,En agglomération,Intersection en T,Normale,Deux véhicules - côté,4,2,6,1,1,1,1,0,5,30,2,2,1,0,0,1,27.0,23.0,utilitaire_camion,deux_roues,1,2,3,1,3
202400016941,2024-10-12 22:20:00,2024,10,12,22,20,94,94074,Rue Louise Michel,48.7445,2.46541,Nuit avec éclairage allumé,En agglomération,Hors intersection,Normale,Autre collision,4,1,0,0,2,1,1,0,1,30,1,2,0,0,2,0,43.0,,voiture,,5,2,1,1,6
202400016942,2024-10-13 20:00:00,2024,10,13,20,0,94,94002,Boulevard Carnot,48.7959,2.42663,Nuit avec éclairage allumé,En agglomération,Intersection à plus de 4 branches,Normale,Deux véhicules - côté,4,-1,0,0,1,1,1,5,1,50,2,2,1,0,1,0,29.0,63.0,deux_roues,voiture,5,2,5,1,3