accident_id,datetime,annee,mois,jour,heure,minute,departement,commune_insee,adresse,latitude,longitude,luminosite,agglomeration,intersection,meteo,collision,catr,circ,nbv,vosp,prof,plan,surf,infra,situ,vma,nb_vehicules,nb_usagers,nb_indemnes,nb_tues,nb_blesses_hosp,nb_blesses_legers,age_cond_1,age_cond_2,veh_type_cond_1,veh_type_cond_2,lum_code,agg_code,int_code,atm_code,col_code
202400016942,2024-10-13 20:00:00,2024,10,13,20,0,94,94002,Boulevard Carnot,48.7959,2.42663,Nuit avec éclairage allumé,En agglomération,Intersection à plus de 4 branches,Normale,Deux véhicules - côté,4,2,4,0,1,1,1,5,1,50,2,2,1,0,1,0,29.0,63.0,deux_roues,voiture,5,2,5,1,3
202400016943,2024-10-13 12:45:00,2024,10,13,12,45,94,94041,Quai Jean Compagnon,48.81896,2.39923,Plein jour,En agglomération,Intersection en X,Normale,Deux véhicules - côté,3,2,2,0,1,2,1,0,1,50,2,2,1,0,0,1,35.0,40.0,deux_roues,voiture,1,2,2,1,3
202400016943,2024-10-13 12:45:00,2024,10,13,12,45,94,94041,Quai Jean Compagnon,48.81896,2.39923,Plein jour,En agglomération,Intersection en X,Normale,Deux véhicules - côté,3,-1, -1,-1,1,1,1,0,1,-1,2,2,1,0,0,1,35.0,40.0,deux_roues,voiture,1,2,2,1,3
202400016944,2024-10-13 05:10:00,2024,10,13,5,10,93,93073,CHAPIT RE ( RUE DU),49.00349559,2.55870581,Nuit avec éclairage allumé,En agglomération,Autre intersection,Pluie légère,Deux véhicules - arrière,4,3,1,0,1,1,2,0,1,50,2,2,0,0,0,2,22.0,52.0,voiture,voiture,5,2,9,2,2
202400016945,2024-10-13 10:15:00,2024,10,13,10,15,93,93066,WILSON (AVENUE DU PRESIDENT),48.91440561,2.35744389,Plein jour,En agglomération,Hors intersection,Normale,Deux véhicules - frontale,3,-1,0,0,1,1,1,0,1,50,2,3,2,0,0,1,20.0,51.0,voiture,voiture,1,2,1,1,1
202400016946,2024-10-13 19:30:00,2024,10,13,19,30,93,93055,JEAN JAURES (AVENUE) (2/74),48.90391237,2.39243306,Nuit avec éclairage allumé,En agglomération,Hors intersection,Normale,Autre collision,3,1,0,0,1,1,1,0,3,50,1,2,1,0,0,1,47.0,,voiture,,5,2,1,1,6
202400016947,2024-10-13 11:25:00,2024,10,13,11,25,93,93053,ANATOLE FRANCE (RUE),48.88617613,2.44575763,Plein jour,En agglomération,Hors intersection,Normale,Autre collision,3,2,1,0,3,1,1,0,1,50,1,2,1,0,0,1,23.0,,voiture,,1,2,1,1,6
202400016948,2024-10-11 19:20:00,2024,10,11,19,20,92,92062,REPUBLIQUE (RUE DE LA) N° 100 A 14,48.88479475,2.23964015,Nuit avec éclairage allumé,En agglomération,Hors intersection,Normale,Autre collision,4,2,3,0,2,1,2,0,1,50,1,2,1,0,0,1,34.0,,voiture,,5,2,1,1,6
202400016949,2024-10-13 15:15:00,2024,10,13,15,15,92,92050,JOLIOT CURIE F. ET IRENE AVENUE  N°PAIRS,48.88932487,2.20413432,Plein jour,En agglomération,Intersection en X,Normale,Deux véhicules - côté,3,2,2,1,1,1,1,0,1,50,2,3,2,0,0,1,62.0,81.0,voiture,deux_roues,1,2,2,1,3
202400016949,2024-10-13 15:15:00,2024,10,13,15,15,92,92050,JOLIOT CURIE F. ET IRENE AVENUE  N°PAIRS,48.88932487,2.20413432,Plein jour,En agglomération,Intersection en X,Normale,Deux véhicules - côté,3,2,3,1,1,1,1,0,1,50,2,3,2,0,0,1,62.0,81.0,voiture,deux_roues,1,2,2,1,3
202400016950,2024-10-13 20:10:00,2024,10,13,20,10,92,92012,PIERRE LEFAUCHEUX (AVENUE),48.82732935,2.23450921,Nuit avec éclairage allumé,En agglomération,Intersection en X,Normale,Deux véhicules - côté,4,3,0,0,1,1,1,0,1,50,2,4,3,0,0,1,76.0,44.0,voiture,voiture,5,2,2,1,3
202400016950,2024-10-13 20:10:00,2024,10,13,20,10,92,92012,PIERRE LEFAUCHEUX (AVENUE),48.82732935,2.23450921,Nuit avec éclairage allumé,En agglomération,Intersection en X,Normale,Deux véhicules - côté,4,2,0,0,1,1,1,0,1,50,2,4,3,0,0,1,76.0,44.0,voiture,voiture,5,2,2,1,3
202400016951,2024-10-14 07:49:00,2024,10,14,7,49,78,78356,D195,48.74217,2.055951,Plein jour,Hors agglomération,Intersection en T,Normale,Deux véhicules - côté,3,3,0,0,1,1,1,0,1,70,2,2,1,0,1,0,36.0,22.0,voiture,deux_roues,1,1,3,1,3
202400016951,2024-10-14 07:49:00,2024,10,14,7,49,78,78356,D195,48.74217,2.055951,Plein jour,Hors agglomération,Intersection en T,Normale,Deux véhicules - côté,3,2, -1,-1,1,1,1,0,1,-1,2,2,1,0,1,0,36.0,22.0,voiture,deux_roues,1,1,3,1,3
202400016952,2024-10-13 16:12:00,2024,10,13,16,12,71,71360,D17,46.322119,4.767327,Plein jour,Hors agglomération,Intersection en X,Normale,Deux véhicules - côté,3,2,3,0,2,1,1,5,1,80,2,7,3,0,0,4,24.0,66.0,voiture,voiture,1,1,2,1,3
202400016952,2024-10-13 16:12:00,2024,10,13,16,12,71,71360,D17,46.322119,4.767327,Plein jour,Hors agglomération,Intersection en X,Normale,Deux véhicules - côté,3,2,2,0,2,3,1,0,1,80,2,7,3,0,0,4,24.0,66.0,voiture,voiture,1,1,2,1,3
202400016953,2024-10-08 17:30:00,2024,10,8,17,30,974,97415,Route Nationale 1,-20.993496,55.28758,Plein jour,Hors agglomération,Hors intersection,Normale,Deux véhicules - arrière,2,3,5,0,1,1,1,0,1,90,2,2,1,0,1,0,21.0,60.0,voiture,deux_roues,1,1,1,1,2
202400016954,2024-10-14 08:15:00,2024,10,14,8,15,11,11413,,43.341113,2.289169,Plein jour,Hors agglomération,Hors intersection,Normale,Deux véhicules - frontale,3,2,2,0,1,1,1,0,1,80,2,2,0,0,0,2,45.0,54.0,voiture,voiture,1,1,1,1,1
202400016955,2024-10-13 12:10:00,2024,10,13,12,10,09,09224,D919,43.08359,1.433136,Plein jour,Hors agglomération,Hors intersection,Normale,Deux véhicules - frontale,3,2,2,0,2,2,1,0,1,80,2,2,1,0,1,0,36.0,36.0,voiture,deux_roues,1,1,1,1,1
202400016956,2024-10-13 00:45:00,2024,10,13,0,45,22,22190,D2,48.526468,-2.091651,Nuit sans éclairage public,Hors agglomération,Hors intersection,Normale,Sans collision,3,2,2,0,1,1,1,0,8,80,1,4,3,0,1,0,18.0,,voiture,,3,1,1,1,7
202400016957,2024-10-14 07:55:00,2024,10,14,7,55,40,40036,Route de Dax,43.642147,-1.341941,Plein jour,En agglomération,Hors intersection,Normale,Autre collision,3,2,2,0,1,1,1,0,1,80,1,1,0,0,0,1,51.0,,deux_roues,,1,2,1,1,6
202400016958,2024-10-06 02:45:00,2024,10,6,2,45,40,40304,1060 Avenue du Golf,43.656975,-1.416971,Nuit avec éclairage allumé,En agglomération,Hors intersection,Normale,Autre collision,4,2,2,2,1,2,1,0,3,30,1,1,0,0,1,0,38.0,,voiture,,5,2,1,1,6
202400016959,2024-10-14 12:55:00,2024,10,14,12,55,49,49188,La Braudiere,47.587591,-0.288692,Plein jour,Hors agglomération,Intersection en Y,Normale,Deux véhicules - frontale,4,2,2,0,1,2,1,0,1,80,2,2,1,1,0,0,15.0,21.0,deux_roues,utilitaire_camion,1,1,4,1,1
202400016959,2024-10-14 12:55:00,2024,10,14,12,55,49,49188,La Braudiere,47.587591,-0.288692,Plein jour,Hors agglomération,Intersection en Y,Normale,Deux véhicules - frontale,4,2, -1,-1,1,1,1,0,1,-1,2,2,1,1,0,0,15.0,21.0,deux_roues,utilitaire_camion,1,1,4,1,1
202400016960,2024-10-10 18:05:00,2024,10,10,18,5,83,83004,chemin du collombier,43.46036512,6.47487316,Crépuscule ou aube,Hors agglomération,Intersection en T,Normale,Autre collision,4,2,2,0,2,2,1,0,1,50,2,2,1,0,1,0,53.0,46.0,deux_roues,voiture,2,1,3,1,6
202400016960,2024-10-10 18:05:00,2024,10,10,18,5,83,83004,chemin du collombier,43.46036512,6.47487316,Crépuscule ou aube,Hors agglomération,Intersection en T,Normale,Autre collision,4,2,2,0,2,3,1,0,1,50,2,2,1,0,1,0,53.0,46.0,deux_roues,voiture,2,1,3,1,6
202400016961,2024-10-14 10:40:00,2024,10,14,10,40,59,59016,D3,50.970066,2.372477,Plein jour,Hors agglomération,Hors intersection,Pluie forte,Deux véhicules - frontale,3,2,2,0,1,2,2,0,3,80,1,1,0,0,1,0,72.0,,utilitaire_camion,,1,1,1,3,1
202400016962,2024-10-13 10:00:00,2024,10,13,10,0,79,79007,,46.584048,-0.416236,Plein jour,Hors agglomération,Hors intersection,Normale,Sans collision,3,2,2,0,4,1,1,0,3,80,1,1,0,0,1,0,18.0,,deux_roues,,1,1,1,1,7
202400016963,2024-10-12 01:18:00,2024,10,12,1,18,79,79179,,46.705907,-0.598642,Nuit avec éclairage non allumé,Hors agglomération,Giratoire,Normale,Sans collision,3,2,2,0,1,1,1,0,1,80,1,1,0,0,1,0,43.0,,voiture,,4,1,6,1,7
202400016964,2024-10-12 22:30:00,2024,10,12,22,30,79,79061,,46.255812,-0.225123,Nuit sans éclairage public,Hors agglomération,Hors intersection,Normale,Sans collision,3,2,3,0,1,2,1,0,3,80,1,4,0,4,0,0,65.0,,voiture,,3,1,1,1,7
202400016965,2024-09-15 20:45:00,2024,9,15,20,45,80,80597,Rue Henri Barbusse,50.073351,1.589606,Nuit avec éclairage allumé,Hors agglomération,Giratoire,Normale,Deux véhicules - côté,3,1,2,0,1,3,1,0,1,80,2,2,1,0,1,0,77.0,30.0,voiture,deux_roues,5,1,6,1,3
202400016966,2024-10-13 14:50:00,2024,10,13,14,50,82,82115,Route de Vaissac,44.002107,1.58775,Plein jour,Hors agglomération,Hors intersection,Normale,Autre collision,3,2,2,0,1,3,1,0,8,80,1,1,0,0,0,1,45.0,,deux_roues,,1,1,1,1,6
202400016967,2024-10-10 21:40:00,2024,10,10,21,40,11,11269,,43.295402,2.967355,Nuit sans éclairage public,Hors agglomération,Hors intersection,Normale,Trois véhicules et plus - en chaîne,3,2,2,0,2,1,1,0,1,90,3,4,1,0,0,3,31.0,27.0,voiture,voiture,3,1,1,1,4
202400016968,2024-10-14 18:55:00,2024,10,14,18,55,41,41106,Intersection Rue des Genêts et Rue de la Campagnarde,47.604172,2.036985,Crépuscule ou aube,En agglomération,Intersection en X,Normale,Deux véhicules - côté,4,2,2,0,1,1,1,0,1,50,2,2,1,0,0,1,67.0,31.0,voiture,deux_roues,2,2,2,1,3
202400016968,2024-10-14 18:55:00,2024,10,14,18,55,41,41106,Intersection Rue des Genêts et Rue de la Campagnarde,47.604172,2.036985,Crépuscule ou aube,En agglomération,Intersection en X,Normale,Deux véhicules - côté,4,2, -1,-1,1,1,1,-1,-1,-1,2,2,1,0,0,1,67.0,31.0,voiture,deux_roues,2,2,2,1,3
202400016969,2024-10-14 17:10:00,2024,10,14,17,10,68,68258,Allée Robert Schuman,47.844184,7.280824,Plein jour,En agglomération,Hors intersection,Normale,Sans collision,4,2,2,0,1,1,1,0,1,-1,1,1,0,0,0,1,21.0,,deux_roues,,1,2,1,1,7
202400016970,2024-10-02 16:05:00,2024,10,2,16,5,22,22196,Zone Artisanale Kerantour Sud,48.77944,-3.14636,Plein jour,Hors agglomération,Hors intersection,Normale,Autre collision,3,2,2,0,1,1,1,0,3,80,1,2,1,0,0,1,80.0,,voiture,,1,1,1,1,6
202400016971,2024-10-12 13:25:00,2024,10,12,13,25,44,44064,la Grande Metairie,47.089834,-1.322522,Plein jour,Hors agglomération,Hors intersection,Normale,Sans collision,3,2,2,0,1,1,1,0,3,80,1,1,0,0,1,0,30.0,,voiture,,1,1,1,1,7
202400016972,2024-10-11 08:00:00,2024,10,11,8,0,44,44096,91 la loirière,47.446865,-1.180944,Crépuscule ou aube,Hors agglomération,Hors intersection,Brouillard / fumée,Deux véhicules - côté,3,2,2,0,1,1,1,0,1,80,2,2,1,0,1,0,15.0,80.0,deux_roues,voiture,2,1,1,5,3
202400016973,2024-10-06 06:40:00,2024,10,6,6,40,29,29212,D789,48.36688436,-4.57966692,Nuit avec éclairage allumé,Hors agglomération,Hors intersection,Normale,Deux véhicules - frontale,3,2,2,0,1,1,1,0,1,80,2,3,1,0,1,1,23.0,30.0,voiture,voiture,5,1,1,1,1
202400016974,2024-10-13 12:20:00,2024,10,13,12,20,31,31145,Avenue de la Gare,43.306289,1.528148,Plein jour,En agglomération,Hors intersection,Normale,Sans collision,3,2,2,0,1,1,1,5,1,50,1,1,0,0,1,0,59.0,,deux_roues,,1,2,1,1,7
202400016975,2024-10-13 19:36:00,2024,10,13,19,36,50,50487,La Daltiere,48.500361,-1.391205,Nuit sans éclairage public,Hors agglomération,Hors intersection,Normale,Deux véhicules - frontale,4,2,2,0,1,2,1,0,1,80,2,2,1,0,1,0,33.0,31.0,deux_roues,voiture,3,1,1,1,1
202400016976,2024-10-12 14:45:00,2024,10,12,14,45,16,16167,46 Route de Luchac,45.685936,-0.185973,Plein jour,En agglomération,Intersection en T,Pluie légère,Deux véhicules - côté,3,2,2,0,1,1,2,0,1,50,2,2,1,0,0,1,26.0,18.0,voiture,deux_roues,1,2,3,2,3
202400016976,2024-10-12 14:45:00,2024,10,12,14,45,16,16167,46 Route de Luchac,45.685936,-0.185973,Plein jour,En agglomération,Intersection en T,Pluie légère,Deux véhicules - côté,3,2,2,-1,1,1,2,0,1,50,2,2,1,0,0,1,26.0,18.0,voiture,deux_roues,1,2,3,2,3
202400016977,2024-10-13 16:20:00,2024,10,13,16,20,04,04084,d 907,43.952946,6.180443,Plein jour,Hors agglomération,Hors intersection,Temps éblouissant,Autre collision,3,2,2,0,1,1,1,0,3,80,1,2,0,1,0,1,85.0,,voiture,,1,1,1,7,6
202400016978,2024-10-13 04:20:00,2024,10,13,4,20,85,85204,Chemin de la merandoire,46.815157,-1.794956,Nuit sans éclairage public,Hors agglomération,Hors intersection,Normale,Sans collision,4,2,2,0,1,4,1,0,3,80,1,5,4,0,0,1,21.0,,voiture,,3,1,1,1,7
202400016979,2024-10-11 12:05:00,2024,10,11,12,5,27,27170,Rue de l’Abbaye,49.247656,0.37729,Plein jour,En agglomération,Hors intersection,Normale,Autre collision,4,2,2,0,1,1,1,0,1,50,1,2,1,0,1,0,87.0,,voiture,,1,2,1,1,6
202400016980,2024-10-14 12:10:00,2024,10,14,12,10,17,17098,D139,45.528043,-0.7687,Plein jour,Hors agglomération,Hors intersection,Normale,Deux véhicules - frontale,3,2,2,0,1,2,1,0,1,80,2,2,1,0,1,0,69.0,43.0,autre,deux_roues,1,1,1,1,1
202400016981,2024-10-13 14:00:00,2024,10,13,14,0,87,87019,Le Roseau,45.764724,1.312051,Plein jour,Hors agglomération,Hors intersection,Normale,Autre collision,3,2,2,0,4,2,2,0,8,80,1,1,0,0,1,0,14.0,,deux_roues,,1,1,1,1,6
202400016982,2024-10-13 16:00:00,2024,10,13,16,0,987,98734,pk 35.900,-17.76096166,-149.51045036,Plein jour,En agglomération,Hors intersection,Normale,Autre collision,4,2,2,0,1,1,1,0,3,30,2,3,2,0,1,0,,53.0,deux_roues,deux_roues,1,2,1,1,6
202400016983,2024-10-09 08:30:00,2024,10,9,8,30,973,97307,RN 2 PK 3,4.859668,-52.33391,Plein jour,Hors agglomération,Hors intersection,Normale,Deux véhicules - côté,2,2,2,0,1,1,1,0,1,70,2,2,1,0,1,0,59.0,19.0,voiture,deux_roues,1,1,1,1,3
202400016984,2024-10-11 16:00:00,2024,10,11,16,0,42,42011,A89,45.835318,4.161555,Plein jour,Hors agglomération,Autre intersection,Normale,Deux véhicules - arrière,1,1,2,0,1,1,1,0,1,130,2,3,2,0,1,0,33.0,38.0,voiture,voiture,1,1,9,1,2
202400016985,2024-10-12 15:41:00,2024,10,12,15,41,01,01062,A42 PK 19+600 sens LYON GENÈVE,45.856573,5.110939,Plein jour,Hors agglomération,Hors intersection,Pluie forte,Deux véhicules - arrière,1,1,3,0,1,1,2,0,1,110,2,6,1,0,0,5,45.0,54.0,voiture,voiture,1,1,1,3,2
202400016986,2024-10-13 04:10:00,2024,10,13,4,10,82,82049,A 62 PK 145.5,44.07016683,0.82001761,Nuit sans éclairage public,Hors agglomération,Hors intersection,Normale,Deux véhicules - frontale,1,3,2,0,2,1,1,0,1,130,2,3,1,0,1,1,24.0,31.0,voiture,voiture,3,1,1,1,1
202400016987,2024-09-30 15:25:00,2024,9,30,15,25,36,36101,Lothiers,46.70032139,1.58727049,Plein jour,En agglomération,Intersection en T,Normale,Deux véhicules - côté,3,2,2,0,1,1,1,0,1,50,2,2,1,0,0,1,53.0,25.0,deux_roues,voiture,1,2,3,1,3
202400016987,2024-09-30 15:25:00,2024,9,30,15,25,36,36101,Lothiers,46.70032139,1.58727049,Plein jour,En agglomération,Intersection en T,Normale,Deux véhicules - côté,3,2, -1,-1,1,1,1,0,1,50,2,2,1,0,0,1,53.0,25.0,deux_roues,voiture,1,2,3,1,3
202400016988,2024-10-11 16:00:00,2024,10,11,16,0,14,14712,A13,49.191689,-0.188484,Plein jour,Hors agglomération,Hors intersection,Normale,Deux véhicules - arrière,1,3,2,0,1,1,1,0,1,130,2,3,1,0,2,0,68.0,26.0,voiture,voiture,1,1,1,1,2
202400016989,2024-10-08 16:15:00,2024,10,8,16,15,73,73065,A43 Bretelle autoroute 13.10,45.602978,5.892406,Plein jour,Hors agglomération,Hors intersection,Normale,Deux véhicules - côté,1,1,2,0,1,2,2,3,1,50,2,3,2,0,0,1,19.0,29.0,voiture,voiture,1,1,1,1,3
202400016990,2024-10-13 22:50:00,2024,10,13,22,50,77,77333,Autoroute A6 PK 70+900 vers PARIS,48.285349,2.695255,Nuit sans éclairage public,Hors agglomération,Hors intersection,Normale,Deux véhicules - frontale,1,3,3,0,1,1,1,0,1,130,2,5,1,0,0,4,33.0,20.0,voiture,voiture,3,1,1,1,1
202400016991,2024-10-12 23:20:00,2024,10,12,23,20,60,60505,RD 1017,49.171351,2.560287,Nuit sans éclairage public,Hors agglomération,Hors intersection,Autre,Deux véhicules - frontale,3,2,3,0,1,1,2,0,1,80,2,3,2,0,1,0,62.0,28.0,voiture,voiture,3,1,1,9,1
202400016992,2024-10-13 00:30:00,2024,10,13,0,30,977,97701,Pointe Milou,17.912593,-62.814256,Nuit sans éclairage public,En agglomération,Hors intersection,Normale,Autre collision,3,2,2,0,2,1,1,0,3,30,1,1,0,1,0,0,60.0,,voiture,,3,2,1,1,6
202400016993,2024-10-12 18:30:00,2024,10,12,18,30,971,97104,Avenue du Père Labat,16.018926,-61.74697,Crépuscule ou aube,En agglomération,Hors intersection,Normale,Autre collision,2,2,2,0,1,1,1,0,1,50,1,2,1,0,0,1,73.0,,voiture,,2,2,1,1,6
202400016994,2024-10-13 16:10:00,2024,10,13,16,10,78,78380,9 Rue du Clos Noyon,48.909939,1.846127,Plein jour,En agglomération,Intersection en X,Normale,Deux véhicules - côté,4,1,1,0,1,1,1,0,1,30,2,2,1,0,1,0,35.0,41.0,voiture,deux_roues,1,2,2,1,3
202400016994,2024-10-13 16:10:00,2024,10,13,16,10,78,78380,9 Rue du Clos Noyon,48.909939,1.846127,Plein jour,En agglomération,Intersection en X,Normale,Deux véhicules - côté,4,2, -1,-1,1,1,1,0,1,-1,2,2,1,0,1,0,35.0,41.0,voiture,deux_roues,1,2,2,1,3
202400016995,2024-10-13 16:25:00,2024,10,13,16,25,83,83071,Avenue du General de Gaulle,43.134728,6.237182,Plein jour,Hors agglomération,Hors intersection,Normale,Deux véhicules - arrière,4,2,2,0,1,1,1,9,1,50,2,2,1,0,0,1,33.0,46.0,voiture,voiture,1,1,1,1,2
202400016996,2024-10-13 19:35:00,2024,10,13,19,35,83,83104,D561,43.612294,5.702248,Crépuscule ou aube,Hors agglomération,Hors intersection,Normale,Deux véhicules - frontale,3,2,2,0,3,3,2,0,1,80,2,2,1,0,1,0,68.0,23.0,voiture,voiture,2,1,1,1,1
202400016997,2024-10-14 18:15:00,2024,10,14,18,15,13,13096,Chemin Haut,43.467824,4.415855,Crépuscule ou aube,Hors agglomération,Hors intersection,Pluie légère,Deux véhicules - côté,3,2,2,0,1,3,2,0,1,50,2,3,2,0,1,0,82.0,81.0,voiture,voiture,2,1,1,2,3
202400016998,2024-10-14 17:40:00,2024,10,14,17,40,13,13027,Route d'avignon,43.894367,4.822236,Crépuscule ou aube,Hors agglomération,Giratoire,Pluie légère,Deux véhicules - arrière,3,1,2,0,1,2,2,0,1,80,2,2,1,0,0,1,24.0,25.0,voiture,deux_roues,2,1,6,2,2
202400016999,2024-10-12 22:30:00,2024,10,12,22,30,03,03298,Rue des Brémonts,46.318192,3.398053,Nuit avec éclairage allumé,En agglomération,Hors intersection,Pluie forte,Sans collision,3,2,2,0,4,1,2,0,1,50,1,1,0,0,0,1,21.0,,deux_roues,,5,2,1,3,7
202400017000,2024-10-14 13:40:00,2024,10,14,13,40,73,73075,D925 B,45.44378572,6.08640609,Plein jour,Hors agglomération,Hors intersection,Normale,Deux véhicules - frontale,3,2,2,2,1,1,2,0,1,70,2,3,2,0,1,0,47.0,63.0,voiture,voiture,1,1,1,1,1
202400017001,2024-10-13 20:44:00,2024,10,13,20,44,69,69140,Route de Saint-Pierre,45.891502,4.690497,Nuit sans éclairage public,En agglomération,Hors intersection,Normale,Sans collision,3,2,2,0,1,3,1,0,3,-1,2,2,1,0,0,1,56.0,,voiture,voiture,3,2,1,1,7
202400017002,2024-10-13 11:00:00,2024,10,13,11,0,33,33504,,44.526925,-0.325534,Plein jour,Hors agglomération,Intersection en X,Normale,Deux véhicules - côté,3,2,2,0,1,1,1,0,1,80,2,3,2,0,1,0,73.0,17.0,voiture,voiture,1,1,2,1,3
202400017002,2024-10-13 11:00:00,2024,10,13,11,0,33,33504,,44.526925,-0.325534,Plein jour,Hors agglomération,Intersection en X,Normale,Deux véhicules - côté,3,2,2,0,1,1,1,0,1,80,2,3,2,0,1,0,73.0,17.0,voiture,voiture,1,1,2,1,3
202400017003,2024-10-13 21:25:00,2024,10,13,21,25,49,49301,Rue d'Anjou (St Germain-sur-Moine),47.117767,-1.109426,Nuit sans éclairage public,Hors agglomération,Hors intersection,Normale,Autre collision,3,3,0,0,1,1,1,5,1,70,1,1,0,1,0,0,18.0,,deux_roues,,3,1,1,1,6
202400017004,2024-10-14 08:00:00,2024,10,14,8,0,44,44047,Route de Saint Etienne de Montluc,47.24251,-1.670029,Crépuscule ou aube,Hors agglomération,Autre intersection,Pluie légère,Deux véhicules - côté,4,3,2,0,1,1,2,0,1,70,2,3,1,0,2,0,26.0,46.0,deux_roues,voiture,2,1,9,2,3
202400017005,2024-10-13 11:20:00,2024,10,13,11,20,50,50505,45 Les Brousses,48.676163,-1.310082,Plein jour,Hors agglomération,Hors intersection,Normale,Deux véhicules - arrière,3,2,2,0,1,1,1,0,1,-1,2,2,1,0,0,1,54.0,66.0,deux_roues,voiture,1,1,1,1,2
202400017006,2024-10-04 11:30:00,2024,10,4,11,30,35,35047,Avenue Alphonse Legault,48.024886,-1.74527,Plein jour,En agglomération,Hors intersection,Normale,Autre collision,4,1,1,2,1,1,1,6,5,20,1,2,1,0,0,1,73.0,,deux_roues,,1,2,1,1,6
202400017007,2024-10-13 19:00:00,2024,10,13,19,0,13,13212,A507 sens Marseille - Aubagne,43.2907277,5.42449977,Plein jour,En agglomération,Hors intersection,Normale,Deux véhicules - arrière,1,-1,3,0,1,1,1,1,1,70,2,3,1,0,0,2,57.0,53.0,voiture,voiture,1,2,1,1,2
202400017008,2024-10-12 06:00:00,2024,10,12,6,0,13,13026,A55-Sens Marseille vers Martigues,43.37958366,5.16307982,Nuit sans éclairage public,Hors agglomération,Hors intersection,Normale,Deux véhicules - côté,1,1,2,0,1,1,1,0,1,90,2,2,1,0,0,1,28.0,,voiture,voiture,3,1,1,1,3
202400017009,2024-10-13 14:45:00,2024,10,13,14,45,83,83126,A50,43.11971718,5.86322838,Plein jour,Hors agglomération,Hors intersection,Normale,Deux véhicules - côté,1,1,3,0,1,1,1,0,1,90,2,5,1,0,0,4,32.0,31.0,voiture,voiture,1,1,1,1,3
202400017010,2024-10-12 18:10:00,2024,10,12,18,10,67,67152,Autoroute A.35,48.52468,7.65725,Plein jour,Hors agglomération,Autre intersection,Normale,Sans collision,7,1,2,0,2,3,1,3,1,50,1,1,0,0,0,1,18.0,,deux_roues,,1,1,9,1,7
202400017011,2024-10-12 21:15:00,2024,10,12,21,15,91,91286,AUTOROUTE A6,48.6494,2.38475,Nuit sans éclairage public,Hors agglomération,Hors intersection,Normale,Autre collision,1,1,3,0,1,1,2,0,1,110,1,3,1,0,0,2,31.0,,voiture,,3,1,1,1,6
202400017012,2024-10-13 01:52:00,2024,10,13,1,52,91,91689,AUTOROUTE A6B,48.74569,2.32537,Nuit sans éclairage public,Hors agglomération,Hors intersection,Normale,Trois véhicules et plus - collisions multiples,1,1,4,0,2,1,1,0,1,110,3,5,2,0,0,3,39.0,25.0,voiture,voiture,3,1,1,1,5
202400017013,2024-10-12 23:51:00,2024,10,12,23,51,91,91553,RN 104,48.63045,2.48649,Nuit sans éclairage public,Hors agglomération,Hors intersection,Normale,Trois véhicules et plus - en chaîne,2,2,4,0,1,1,1,0,1,110,3,5,2,0,0,3,37.0,47.0,voiture,voiture,3,1,1,1,4
202400017014,2024-10-12 17:35:00,2024,10,12,17,35,95,95277,A1,48.96695166,2.47769618,Plein jour,Hors agglomération,Hors intersection,Pluie légère,Trois véhicules et plus - en chaîne,1,3,4,0,1,1,2,0,1,110,3,4,3,0,0,1,43.0,53.0,voiture,voiture,1,1,1,2,4
202400017015,2024-10-12 14:40:00,2024,10,12,14,40,93,93078,AUTOROUTE A104,48.96300436,2.52239723,Plein jour,Hors agglomération,Hors intersection,Pluie légère,Sans collision,1,3,3,0,1,3,2,0,1,90,1,1,0,0,0,1,19.0,,voiture,,1,1,1,2,7
202400017016,2024-10-11 20:00:00,2024,10,11,20,0,95,95061,N104,49.06849224,2.25222096,Nuit sans éclairage public,Hors agglomération,Hors intersection,Normale,Deux véhicules - arrière,2,3,2,0,1,1,1,0,1,110,2,2,1,0,0,1,25.0,57.0,voiture,voiture,3,1,1,1,2
202400017017,2024-10-12 13:50:00,2024,10,12,13,50,93,93010,AUTOROUTE A3,48.90059002,2.46986417,Plein jour,Hors agglomération,Hors intersection,Pluie légère,Deux véhicules - côté,1,3,8,0,1,1,2,0,1,90,2,3,1,0,0,2,55.0,34.0,voiture,voiture,1,1,1,2,3
202400017018,2024-10-12 12:49:00,2024,10,12,12,49,93,93005,AUTOROUTE A1,48.96577048,2.47591738,Plein jour,Hors agglomération,Hors intersection,Pluie légère,Trois véhicules et plus - collisions multiples,1,3,6,0,1,1,2,0,1,110,3,3,2,0,0,1,24.0,41.0,voiture,voiture,1,1,1,2,5
202400017019,2024-10-12 05:20:00,2024,10,12,5,20,95,95500,A15,49.03753486,2.09060913,Nuit sans éclairage public,Hors agglomération,Hors intersection,Normale,Trois véhicules et plus - en chaîne,1,3,4,0,1,1,1,0,1,90,3,3,2,0,0,1,33.0,46.0,voiture,voiture,3,1,1,1,4
202400017020,2024-10-12 04:00:00,2024,10,12,4,0,93,93053,AUTOROUTE A3,48.89707199,2.46965129,Nuit sans éclairage public,Hors agglomération,Hors intersection,Normale,Autre collision,1,3,5,0,1,1,1,0,1,90,1,1,0,0,1,0,50.0,,voiture,,3,1,1,1,6