accident_id,datetime,annee,mois,jour,heure,minute,departement,commune_insee,adresse,latitude,longitude,luminosite,agglomeration,intersection,meteo,collision,catr,circ,nbv,vosp,prof,plan,surf,infra,situ,vma,nb_vehicules,nb_usagers,nb_indemnes,nb_tues,nb_blesses_hosp,nb_blesses_legers,age_cond_1,age_cond_2,veh_type_cond_1,veh_type_cond_2,lum_code,agg_code,int_code,atm_code,col_code
202400017021,2024-10-12 02:00:00,2024,10,12,2,0,93,93005,AUTOROUTE A3,48.95384453,2.47352068,Nuit sans éclairage public,Hors agglomération,Hors intersection,Normale,Trois véhicules et plus - collisions multiples,1,3,3,0,1,1,1,0,1,110,5,6,5,0,0,1,43.0,35.0,voiture,utilitaire_camion,3,1,1,1,5
202400017022,2024-10-11 21:00:00,2024,10,11,21,0,93,93010,AUTOROUTE A3,48.91555081,2.47765535,Nuit sans éclairage public,Hors agglomération,Hors intersection,Normale,Deux véhicules - arrière,1,3,3,0,1,1,1,0,1,110,2,2,1,0,0,1,41.0,29.0,voiture,deux_roues,3,1,1,1,2
202400017023,2024-10-13 05:45:00,2024,10,13,5,45,77,77141,A4,48.85105714,2.83579486,Nuit sans éclairage public,Hors agglomération,Hors intersection,Normale,Deux véhicules - arrière,1,3,3,0,1,1,2,0,1,130,2,2,1,0,0,1,61.0,36.0,voiture,voiture,3,1,1,1,2
202400017024,2024-10-12 20:10:00,2024,10,12,20,10,77,77169,RN104,48.8035342,2.62736421,Nuit sans éclairage public,Hors agglomération,Hors intersection,Pluie légère,Deux véhicules - arrière,2,3,3,0,1,1,2,0,1,90,2,2,0,0,0,2,40.0,32.0,voiture,utilitaire_camion,3,1,1,2,2
202400017025,2024-10-12 13:45:00,2024,10,12,13,45,94,94028,A86,48.79983715,2.44627859,Plein jour,Hors agglomération,Hors intersection,Pluie légère,Trois véhicules et plus - en chaîne,1,3,4,0,1,1,2,0,1,90,3,3,2,0,0,1,20.0,45.0,voiture,voiture,1,1,1,2,4
202400017026,2024-10-12 13:15:00,2024,10,12,13,15,94,94018,A4,48.82392287,2.39473975,Plein jour,Hors agglomération,Hors intersection,Pluie forte,Deux véhicules - arrière,1,3,5,0,1,1,2,0,1,90,2,4,3,0,0,1,30.0,48.0,voiture,voiture,1,1,1,3,2
202400017027,2024-10-06 16:43:00,2024,10,6,16,43,44,44009,,47.23039832,-1.46985985,Plein jour,Hors agglomération,Hors intersection,Normale,Deux véhicules - arrière,2,3,6,0,1,2,1,0,1,90,2,2,1,0,0,1,27.0,34.0,voiture,voiture,1,1,1,1,2
202400017028,2024-10-03 08:00:00,2024,10,3,8,0,44,44109,Rue Tournefort,47.22128782,-1.55177151,Crépuscule ou aube,En agglomération,Hors intersection,Normale,Autre collision,4,1,1,3,2,1,1,-1,1,30,1,2,1,0,0,1,23.0,,voiture,,2,2,1,1,6
202400017029,2024-09-24 15:55:00,2024,9,24,15,55,44,44109,74 Rue du Port Boyer,47.24121497,-1.53782643,Plein jour,En agglomération,Giratoire,Normale,Deux véhicules - côté,4,2,2,0,1,3,1,5,1,30,2,3,2,0,0,1,14.0,42.0,deux_roues,voiture,1,2,6,1,3
202400017030,2024-10-11 17:35:00,2024,10,11,17,35,14,14366,Avenue Jean XXIII,49.144482,0.261539,Plein jour,En agglomération,Hors intersection,Normale,Autre collision,4,2,2,0,1,1,1,5,1,50,1,2,1,0,1,0,40.0,,voiture,,1,2,1,1,6
202400017031,2024-10-11 12:50:00,2024,10,11,12,50,92,92026,ANDRE PROTHIN (AVENUE),48.89202353,2.24439383,Plein jour,En agglomération,Autre intersection,Normale,Deux véhicules - côté,3,1,0,3,1,1,1,9,4,50,2,2,1,0,0,1,32.0,49.0,autre,deux_roues,1,2,9,1,3
202400017032,2024-03-11 16:15:00,2024,3,11,16,15,75,75114,RUE D ALESIA,48.827795,2.329148,Plein jour,En agglomération,Intersection en T,Pluie légère,Deux véhicules - côté,4,2,3,2,1,1,2,0,1,30,2,2,1,0,0,1,28.0,36.0,utilitaire_camion,deux_roues,1,2,3,2,3
202400017032,2024-03-11 16:15:00,2024,3,11,16,15,75,75114,RUE D ALESIA,48.827795,2.329148,Plein jour,En agglomération,Intersection en T,Pluie légère,Deux véhicules - côté,4,1,1,0,1,1,2,0,1,30,2,2,1,0,0,1,28.0,36.0,utilitaire_camion,deux_roues,1,2,3,2,3
202400017033,2024-03-13 13:20:00,2024,3,13,13,20,75,75113,BOULEVARD VINCENT AURIOL,48.833836,2.365158,Plein jour,En agglomération,Intersection en X,Temps couvert,Autre collision,4,1,2,1,2,1,1,0,1,30,1,2,1,0,0,1,25.0,,deux_roues,,1,2,2,8,6
202400017033,2024-03-13 13:20:00,2024,3,13,13,20,75,75113,BOULEVARD VINCENT AURIOL,48.833836,2.365158,Plein jour,En agglomération,Intersection en X,Temps couvert,Autre collision,4,1, -1,-1,2,1,1,0,1,30,1,2,1,0,0,1,25.0,,deux_roues,,1,2,2,8,6
202400017034,2024-03-13 15:39:00,2024,3,13,15,39,75,75101,PLACE VENDOME,48.867208,2.328774,Plein jour,En agglomération,Intersection en T,Normale,Deux véhicules - côté,4,-1,1,0,1,1,1,0,1,30,2,2,1,0,0,1,24.0,,deux_roues,utilitaire_camion,1,2,3,1,3
202400017035,2024-03-13 11:15:00,2024,3,13,11,15,75,75103,BOULEVARD DE SEBASTOPOL,48.864168,2.351379,Plein jour,En agglomération,Intersection en T,Temps couvert,Autre collision,4,1,6,1,1,1,1,0,1,30,1,2,1,0,0,1,43.0,,deux_roues,,1,2,3,8,6
202400017035,2024-03-13 11:15:00,2024,3,13,11,15,75,75103,BOULEVARD DE SEBASTOPOL,48.864168,2.351379,Plein jour,En agglomération,Intersection en T,Temps couvert,Autre collision,4,1,1,0,1,1,1,0,8,30,1,2,1,0,0,1,43.0,,deux_roues,,1,2,3,8,6
202400017036,2024-03-13 00:20:00,2024,3,13,0,20,75,75101,BOULEVARD DE SEBASTOPOL,48.860069,2.349089,Nuit avec éclairage allumé,En agglomération,Intersection en X,Pluie légère,Sans collision,4,2,1,1,1,1,2,0,5,30,1,1,0,0,0,1,37.0,,deux_roues,,5,2,2,2,7
202400017036,2024-03-13 00:20:00,2024,3,13,0,20,75,75101,BOULEVARD DE SEBASTOPOL,48.860069,2.349089,Nuit avec éclairage allumé,En agglomération,Intersection en X,Pluie légère,Sans collision,4,1, -1,0,1,1,2,0,5,30,1,1,0,0,0,1,37.0,,deux_roues,,5,2,2,2,7
202400017037,2024-03-12 08:55:00,2024,3,12,8,55,75,75101,RUE DE RIVOLI,48.859103,2.346459,Plein jour,En agglomération,Intersection en X,Temps couvert,Sans collision,4,1,3,1,1,1,2,0,1,30,1,1,0,0,0,1,39.0,,deux_roues,,1,2,2,8,7
202400017037,2024-03-12 08:55:00,2024,3,12,8,55,75,75101,RUE DE RIVOLI,48.859103,2.346459,Plein jour,En agglomération,Intersection en X,Temps couvert,Sans collision,4,1, -1,1,1,1,2,0,1,30,1,1,0,0,0,1,39.0,,deux_roues,,1,2,2,8,7
202400017038,2024-03-03 11:00:00,2024,3,3,11,0,94,94058,Quai de l'Artois / Allée Guy Môquet,48.830063,2.509568,Plein jour,En agglomération,Intersection en T,Normale,Deux véhicules - frontale,4,1,1,0,1,1,1,0,1,-1,2,2,1,0,0,1,37.0,29.0,deux_roues,voiture,1,2,3,1,1
202400017038,2024-03-03 11:00:00,2024,3,3,11,0,94,94058,Quai de l'Artois / Allée Guy Môquet,48.830063,2.509568,Plein jour,En agglomération,Intersection en T,Normale,Deux véhicules - frontale,4,1,1,2,1,1,1,0,1,30,2,2,1,0,0,1,37.0,29.0,deux_roues,voiture,1,2,3,1,1
202400017039,2024-03-13 17:30:00,2024,3,13,17,30,94,94003,14 Avenue Vladimir Ilitch Lenine,48.809569,2.330582,Plein jour,En agglomération,Hors intersection,Normale,Autre collision,4,1,1,1,1,1,1,0,5,50,1,2,0,0,0,2,48.0,,deux_roues,,1,2,1,1,6
202400017040,2024-03-10 21:50:00,2024,3,10,21,50,94,94028,Rue Pasteur Vallery Radot / Avenue des Petites Haies,48.78816,2.44095,Nuit avec éclairage allumé,En agglomération,Intersection en X,Normale,Deux véhicules - côté,4,2,2,0,1,1,1,0,1,50,2,2,1,0,0,1,39.0,34.0,deux_roues,voiture,5,2,2,1,3
202400017041,2024-03-13 20:58:00,2024,3,13,20,58,94,94015,Boulevard Jean Monnet / Centre Commercial Les Armoiries,48.82922,2.52973,Nuit avec éclairage allumé,En agglomération,Giratoire,Normale,Deux véhicules - côté,4,-1,0,0,1,1,1,6,1,50,2,2,1,0,0,1,25.0,27.0,deux_roues,voiture,5,2,6,1,3
202400017041,2024-03-13 20:58:00,2024,3,13,20,58,94,94015,Boulevard Jean Monnet / Centre Commercial Les Armoiries,48.82922,2.52973,Nuit avec éclairage allumé,En agglomération,Giratoire,Normale,Deux véhicules - côté,4,1,2,0,1,2,1,6,1,50,2,2,1,0,0,1,25.0,27.0,deux_roues,voiture,5,2,6,1,3
202400017042,2024-03-13 07:55:00,2024,3,13,7,55,93,93051,Avenue Emile Cossonneau,48.84942,2.56209,Crépuscule ou aube,En agglomération,Hors intersection,Normale,Autre collision,3,3,4,0,1,1,2,0,1,50,1,2,0,0,0,2,36.0,,deux_roues,,2,2,1,1,6
202400017043,2024-03-13 21:45:00,2024,3,13,21,45,93,93033,Avenue Aristide Briand / Rue des Muriers,48.85656,2.57744,Nuit avec éclairage allumé,En agglomération,Intersection à plus de 4 branches,Pluie légère,Autre collision,4,2,2,0,1,1,2,0,4,-1,1,2,1,0,0,1,29.0,,voiture,,5,2,5,2,6
202400017043,2024-03-13 21:45:00,2024,3,13,21,45,93,93033,Avenue Aristide Briand / Rue des Muriers,48.85656,2.57744,Nuit avec éclairage allumé,En agglomération,Intersection à plus de 4 branches,Pluie légère,Autre collision,4,2,2,0,2,1,2,0,4,50,1,2,1,0,0,1,29.0,,voiture,,5,2,5,2,6
202400017044,2024-03-13 06:40:00,2024,3,13,6,40,93,93049,Rue Poulet Langlet / Rue Gaston,48.861904,2.500249,Crépuscule ou aube,En agglomération,Intersection en X,Pluie légère,Deux véhicules - côté,3,2,2,0,1,1,2,0,1,50,2,2,1,0,0,1,61.0,39.0,deux_roues,utilitaire_camion,2,2,2,2,3
202400017044,2024-03-13 06:40:00,2024,3,13,6,40,93,93049,Rue Poulet Langlet / Rue Gaston,48.861904,2.500249,Crépuscule ou aube,En agglomération,Intersection en X,Pluie légère,Deux véhicules - côté,3,2,2,0,1,1,2,0,1,50,2,2,1,0,0,1,61.0,39.0,deux_roues,utilitaire_camion,2,2,2,2,3
202400017045,2024-03-13 11:45:00,2024,3,13,11,45,93,93006,Rue Lenine / Rue Sadi Carnot,48.86996361,2.42026448,Plein jour,En agglomération,Intersection en X,Normale,Sans collision,4,1,1,2,1,1,1,0,1,-1,1,2,1,0,0,1,38.0,,transport_commun,,1,2,2,1,7
202400017045,2024-03-13 11:45:00,2024,3,13,11,45,93,93006,Rue Lenine / Rue Sadi Carnot,48.86996361,2.42026448,Plein jour,En agglomération,Intersection en X,Normale,Sans collision,4,2,2,0,2,3,1,0,1,30,1,2,1,0,0,1,38.0,,transport_commun,,1,2,2,1,7
202400017046,2024-03-12 00:01:00,2024,3,12,0,1,93,93006,Avenue de la République / Avenue Galliéni,48.86224351,2.41616106,Nuit avec éclairage allumé,En agglomération,Intersection en X,Normale,Autre collision,3,2,2,2,2,1,2,0,1,50,1,2,1,0,0,1,,,voiture,,5,2,2,1,6
202400017046,2024-03-12 00:01:00,2024,3,12,0,1,93,93006,Avenue de la République / Avenue Galliéni,48.86224351,2.41616106,Nuit avec éclairage allumé,En agglomération,Intersection en X,Normale,Autre collision,3,2,2,0,1,1,2,0,1,50,1,2,1,0,0,1,,,voiture,,5,2,2,1,6
202400017047,2024-03-13 12:15:00,2024,3,13,12,15,93,93047,Rue du Lavoir,48.899711,2.57741,Plein jour,En agglomération,Hors intersection,Normale,Autre collision,4,2,2,0,1,1,1,0,1,50,1,2,1,0,0,1,79.0,,voiture,,1,2,1,1,6
202400017048,2024-03-13 20:38:00,2024,3,13,20,38,92,92064,MARCEL DASSAULT,48.85515,2.22288,Nuit avec éclairage allumé,En agglomération,Hors intersection,Normale,Deux véhicules - côté,3,2,2,0,1,1,1,0,1,50,2,2,1,0,0,1,30.0,50.0,voiture,deux_roues,5,2,1,1,3
202400017049,2024-03-13 12:10:00,2024,3,13,12,10,92,92044,ARISTIDE BRIAND(RUE)51A83  54A96,48.89239,2.28829,Plein jour,En agglomération,Hors intersection,Temps couvert,Sans collision,4,1,1,0,1,1,2,0,1,50,2,2,1,0,1,0,28.0,29.0,voiture,deux_roues,1,2,1,8,7
202400017050,2024-07-01 11:40:00,2024,7,1,11,40,94,94003,Avenue Aristide Briand,48.805731,2.325703,Plein jour,En agglomération,Intersection en X,Normale,Deux véhicules - côté,3,2,1,1,1,1,1,0,1,50,2,2,1,0,0,1,53.0,52.0,utilitaire_camion,voiture,1,2,2,1,3
202400017050,2024-07-01 11:40:00,2024,7,1,11,40,94,94003,Avenue Aristide Briand,48.805731,2.325703,Plein jour,En agglomération,Intersection en X,Normale,Deux véhicules - côté,3,2,1,0,1,1,1,0,1,50,2,2,1,0,0,1,53.0,52.0,utilitaire_camion,voiture,1,2,2,1,3
202400017051,2024-03-12 12:55:00,2024,3,12,12,55,92,92025,E.D'ORVES > 330   281 (RUE),48.90998071,2.23339251,Plein jour,En agglomération,Intersection en T,Pluie légère,Autre collision,4,1,2,0,1,1,2,0,1,30,1,2,1,0,0,1,46.0,,voiture,,1,2,3,2,6
202400017051,2024-03-12 12:55:00,2024,3,12,12,55,92,92025,E.D'ORVES > 330   281 (RUE),48.90998071,2.23339251,Plein jour,En agglomération,Intersection en T,Pluie légère,Autre collision,4,1,1,0,1,1,2,0,1,30,1,2,1,0,0,1,46.0,,voiture,,1,2,3,2,6
202400017052,2024-07-01 06:15:00,2024,7,1,6,15,94,94076,138 Avenue de Paris,48.797573,2.366179,Crépuscule ou aube,En agglomération,Hors intersection,Normale,Deux véhicules - côté,3,2,6,3,2,1,1,0,1,50,2,2,1,0,0,1,41.0,,deux_roues,voiture,2,2,1,1,3
202400017053,2024-03-12 12:15:00,2024,3,12,12,15,92,92060,PIERRE BROSSOLETTE (AVENUE),48.77721,2.25953,Plein jour,En agglomération,Hors intersection,Pluie légère,Autre collision,4,1,1,0,1,1,2,0,1,30,1,2,1,0,0,1,58.0,,voiture,,1,2,1,2,6
202400017054,2024-03-12 19:29:00,2024,3,12,19,29,92,92012,ANDRE MORIZET (AVENUE) 1/47 - 2/52,48.83375947,2.24327302,Nuit avec éclairage allumé,En agglomération,Giratoire,Pluie légère,Autre collision,3,2,3,0,1,1,2,6,8,50,1,2,1,0,1,0,31.0,,transport_commun,,5,2,6,2,6
202400017055,2024-06-30 23:50:00,2024,6,30,23,50,94,94043,Rue des Chalets / Rue Voltaire,48.81614,2.36435,Nuit avec éclairage allumé,En agglomération,Intersection en T,Normale,Deux véhicules - côté,4,1,1,0,1,1,1,0,1,30,2,3,1,0,0,2,,32.0,utilitaire_camion,deux_roues,5,2,3,1,3
202400017055,2024-06-30 23:50:00,2024,6,30,23,50,94,94043,Rue des Chalets / Rue Voltaire,48.81614,2.36435,Nuit avec éclairage allumé,En agglomération,Intersection en T,Normale,Deux véhicules - côté,4,1,1,0,1,1,1,0,1,50,2,3,1,0,0,2,,32.0,utilitaire_camion,deux_roues,5,2,3,1,3
202400017056,2024-03-12 12:15:00,2024,3,12,12,15,12,12140,D911,44.38474,1.899594,Plein jour,Hors agglomération,Hors intersection,Normale,Autre collision,3,2,2,0,1,1,1,0,3,90,1,2,0,0,2,0,29.0,,voiture,,1,1,1,1,6
202400017057,2024-07-01 00:05:00,2024,7,1,0,5,94,94073,Avenue du Général de Gaulle,48.766512,2.386446,Nuit avec éclairage allumé,En agglomération,Intersection en T,Normale,Deux véhicules - côté,3,3,2,0,1,1,1,0,1,50,2,2,1,0,0,1,28.0,55.0,voiture,voiture,5,2,3,1,3
202400017057,2024-07-01 00:05:00,2024,7,1,0,5,94,94073,Avenue du Général de Gaulle,48.766512,2.386446,Nuit avec éclairage allumé,En agglomération,Intersection en T,Normale,Deux véhicules - côté,3,1,1,0,1,1,1,0,8,50,2,2,1,0,0,1,28.0,55.0,voiture,voiture,5,2,3,1,3
202400017058,2024-03-14 10:40:00,2024,3,14,10,40,08,08239,10 Avenue de Quimper,49.394807,4.382773,Plein jour,En agglomération,Hors intersection,Normale,Autre collision,3,2,2,0,1,1,1,0,1,50,1,2,1,0,1,0,76.0,,voiture,,1,2,1,1,6
202400017059,2024-07-01 18:39:00,2024,7,1,18,39,94,94028,Avenue du Chemin-de-mesly,48.78414718,2.45959961,Plein jour,En agglomération,Autre intersection,Normale,Deux véhicules - frontale,4,2,0,0,1,2,1,9,1,50,2,6,3,0,0,3,21.0,20.0,voiture,voiture,1,2,9,1,1
202400017060,2024-07-01 18:55:00,2024,7,1,18,55,94,94011,Rue Jean Catelas,48.76242182,2.47948927,Plein jour,En agglomération,Intersection en X,Normale,Deux véhicules - côté,3,2,3,0,1,1,1,0,1,50,2,2,1,0,0,1,37.0,47.0,deux_roues,voiture,1,2,2,1,3
202400017060,2024-07-01 18:55:00,2024,7,1,18,55,94,94011,Rue Jean Catelas,48.76242182,2.47948927,Plein jour,En agglomération,Intersection en X,Normale,Deux véhicules - côté,3,2,3,0,1,1,1,0,1,50,2,2,1,0,0,1,37.0,47.0,deux_roues,voiture,1,2,2,1,3
202400017061,2024-03-12 05:40:00,2024,3,12,5,40,87,87120,A 20,45.560518,1.500578,Nuit sans éclairage public,Hors agglomération,Hors intersection,Pluie légère,Deux véhicules - frontale,1,3,2,0,1,1,2,0,1,130,2,3,2,0,1,0,64.0,24.0,voiture,utilitaire_camion,3,1,1,2,1
202400017062,2024-07-01 10:00:00,2024,7,1,10,0,94,94060,Route de Villiers,48.79339713,2.57938258,Plein jour,En agglomération,Hors intersection,Normale,Autre collision,4,2,0,0,1,1,1,0,4,50,1,1,0,0,0,1,27.0,,voiture,,1,2,1,1,6
202400017063,2024-03-14 08:30:00,2024,3,14,8,30,06,06095,Boulevard des 5 Communes,43.65007,6.884823,Plein jour,Hors agglomération,Intersection en Y,Normale,Deux véhicules - frontale,3,2,2,0,2,1,1,0,1,80,2,2,1,0,1,0,42.0,34.0,voiture,deux_roues,1,1,4,1,1
202400017063,2024-03-14 08:30:00,2024,3,14,8,30,06,06095,Boulevard des 5 Communes,43.65007,6.884823,Plein jour,Hors agglomération,Intersection en Y,Normale,Deux véhicules - frontale,3,2,2,0,2,1,1,0,1,-1,2,2,1,0,1,0,42.0,34.0,voiture,deux_roues,1,1,4,1,1
202400017064,2024-06-30 20:17:00,2024,6,30,20,17,93,93005,Rue Eugène Delacroix / Boulevard Marc Chagall,48.9529,2.499005,Plein jour,En agglomération,Intersection en X,Normale,Deux véhicules - frontale,3,2,2,0,1,1,1,0,1,50,2,2,1,0,0,1,24.0,25.0,deux_roues,voiture,1,2,2,1,1
202400017064,2024-06-30 20:17:00,2024,6,30,20,17,93,93005,Rue Eugène Delacroix / Boulevard Marc Chagall,48.9529,2.499005,Plein jour,En agglomération,Intersection en X,Normale,Deux véhicules - frontale,3,2,2,1,2,1,1,0,1,50,2,2,1,0,0,1,24.0,25.0,deux_roues,voiture,1,2,2,1,1
202400017065,2024-03-13 15:00:00,2024,3,13,15,0,34,34270,Avenue de Librilla,43.572618,3.834459,Plein jour,En agglomération,Intersection en X,Normale,Autre collision,7,3,1,0,1,1,1,9,1,50,1,2,1,1,0,0,69.0,,voiture,,1,2,2,1,6
202400017065,2024-03-13 15:00:00,2024,3,13,15,0,34,34270,Avenue de Librilla,43.572618,3.834459,Plein jour,En agglomération,Intersection en X,Normale,Autre collision,7,2, -1,-1,1,1,1,0,1,-1,1,2,1,1,0,0,69.0,,voiture,,1,2,2,1,6
202400017066,2024-07-01 00:01:00,2024,7,1,0,1,93,93078,Avenue Montcalm / Avenue Jules Ferry,48.9525484,2.53500427,Nuit avec éclairage allumé,En agglomération,Intersection en X,Normale,Deux véhicules - côté,4,2,2,0,1,1,1,0,1,50,2,2,1,0,0,1,,41.0,voiture,autre,5,2,2,1,3
202400017067,2024-03-02 15:40:00,2024,3,2,15,40,51,51248,Rue Jean Jaurés,48.755899,3.991629,Plein jour,En agglomération,Hors intersection,Normale,Deux véhicules - frontale,4,2,2,0,1,1,1,0,1,50,2,2,1,0,0,1,55.0,60.0,deux_roues,voiture,1,2,1,1,1
202400017068,2024-06-30 19:05:00,2024,6,30,19,5,93,93047,Rue du Génèral Leclerc / Chemin de la Côte du Change,48.89679,2.57571,Plein jour,En agglomération,Intersection en T,Normale,Deux véhicules - côté,4,1,1,0,2,1,1,0,1,50,2,4,0,0,0,4,32.0,54.0,voiture,voiture,1,2,3,1,3
202400017068,2024-06-30 19:05:00,2024,6,30,19,5,93,93047,Rue du Génèral Leclerc / Chemin de la Côte du Change,48.89679,2.57571,Plein jour,En agglomération,Intersection en T,Normale,Deux véhicules - côté,4,2,2,0,2,2,1,0,1,50,2,4,0,0,0,4,32.0,54.0,voiture,voiture,1,2,3,1,3
202400017069,2024-07-01 16:25:00,2024,7,1,16,25,93,93008,Rue de la Comete,48.91104313,2.42812729,Plein jour,En agglomération,Hors intersection,Normale,Autre collision,4,2,2,0,1,1,1,0,1,30,1,1,0,0,0,1,35.0,,utilitaire_camion,,1,2,1,1,6
202400017070,2024-03-13 08:15:00,2024,3,13,8,15,31,31541,Route de Toulouse,43.67577933,1.3650298,Plein jour,En agglomération,Hors intersection,Normale,Deux véhicules - côté,7,2,2,0,2,3,1,0,1,50,2,2,1,0,0,1,43.0,38.0,voiture,deux_roues,1,2,1,1,3
202400017071,2024-06-25 21:40:00,2024,6,25,21,40,92,92063,JONCHERE (CHEMIN DE LA),48.8694984,2.1573827,Plein jour,En agglomération,Intersection en X,Normale,Deux véhicules - côté,3,1,0,0,4,3,1,0,1,50,2,2,1,0,0,1,33.0,,deux_roues,voiture,1,2,2,1,3
202400017071,2024-06-25 21:40:00,2024,6,25,21,40,92,92063,JONCHERE (CHEMIN DE LA),48.8694984,2.1573827,Plein jour,En agglomération,Intersection en X,Normale,Deux véhicules - côté,3,2, -1,-1,1,1,1,5,1,-1,2,2,1,0,0,1,33.0,,deux_roues,voiture,1,2,2,1,3
202400017072,2024-03-14 11:30:00,2024,3,14,11,30,55,55488,15 Grand Rue,48.734289,5.245805,Plein jour,En agglomération,Hors intersection,Normale,Deux véhicules - frontale,4,2,2,0,4,1,1,0,1,50,2,2,1,0,0,1,56.0,20.0,voiture,deux_roues,1,2,1,1,1
202400017073,2024-06-30 13:20:00,2024,6,30,13,20,92,92049,REPUBLIQUE AVENUE DE LA N°1 A 79,48.81532817,2.31762725,Plein jour,En agglomération,Intersection en X,Normale,Sans collision,3,2,2,0,1,1,1,0,1,50,2,2,1,0,0,1,42.0,27.0,voiture,deux_roues,1,2,2,1,7
202400017073,2024-06-30 13:20:00,2024,6,30,13,20,92,92049,REPUBLIQUE AVENUE DE LA N°1 A 79,48.81532817,2.31762725,Plein jour,En agglomération,Intersection en X,Normale,Sans collision,3,2,2,0,1,1,1,0,1,50,2,2,1,0,0,1,42.0,27.0,voiture,deux_roues,1,2,2,1,7
202400017074,2024-03-13 16:40:00,2024,3,13,16,40,72,72103,D63,47.826071,0.571407,Plein jour,Hors agglomération,Hors intersection,Temps éblouissant,Autre collision,3,2,2,0,1,1,1,0,1,80,1,2,1,0,1,0,83.0,,voiture,,1,1,1,7,6
202400017075,2024-03-14 08:45:00,2024,3,14,8,45,14,14100,30 Rue Camille Blaisot,49.043594,-0.32138,Plein jour,En agglomération,Hors intersection,Normale,Autre collision,4,2,2,0,1,1,1,0,4,30,1,1,0,0,1,0,30.0,,deux_roues,,1,2,1,1,6
202400017076,2024-06-30 22:17:00,2024,6,30,22,17,92,92035,National ( boulevard ),48.90462415,2.23941565,Nuit avec éclairage allumé,En agglomération,Intersection en X,Normale,Deux véhicules - côté,3,2,2,0,1,1,1,0,8,50,2,2,1,0,0,1,55.0,19.0,deux_roues,deux_roues,5,2,2,1,3
202400017076,2024-06-30 22:17:00,2024,6,30,22,17,92,92035,National ( boulevard ),48.90462415,2.23941565,Nuit avec éclairage allumé,En agglomération,Intersection en X,Normale,Deux véhicules - côté,3,3,2,0,1,1,1,5,1,50,2,2,1,0,0,1,55.0,19.0,deux_roues,deux_roues,5,2,2,1,3
202400017077,2024-03-13 18:00:00,2024,3,13,18,0,27,27304,D146,49.220479,1.680366,Plein jour,En agglomération,Intersection en X,Normale,Deux véhicules - côté,3,2,2,0,2,1,1,0,1,50,2,2,1,0,1,0,34.0,85.0,deux_roues,voiture,1,2,2,1,3
202400017077,2024-03-13 18:00:00,2024,3,13,18,0,27,27304,D146,49.220479,1.680366,Plein jour,En agglomération,Intersection en X,Normale,Deux véhicules - côté,3,2,2,0,1,1,1,0,1,50,2,2,1,0,1,0,34.0,85.0,deux_roues,voiture,1,2,2,1,3
202400017078,2024-06-30 14:00:00,2024,6,30,14,0,92,92035,République ( boulevard de la ),48.906679,2.24605715,Plein jour,En agglomération,Hors intersection,Normale,Deux véhicules - côté,3,2,2,0,1,1,1,0,1,50,2,3,1,0,0,2,22.0,47.0,deux_roues,voiture,1,2,1,1,3
202400017079,2024-07-01 09:15:00,2024,7,1,9,15,92,92026,BEZONS  (DE 01 A 22),48.8946405,2.25073434,Plein jour,En agglomération,Hors intersection,Normale,Deux véhicules - côté,3,1,2,1,3,1,1,0,5,50,2,2,1,0,0,1,59.0,34.0,voiture,deux_roues,1,2,1,1,3
202400017080,2024-03-13 18:42:00,2024,3,13,18,42,80,80131,A29 PK 198.250 SENS NEUFCHATEL/SAINT QUENTIN,49.854147,2.358837,Crépuscule ou aube,Hors agglomération,Hors intersection,Normale,Autre collision,1,3,2,0,2,1,1,0,1,110,3,6,5,0,1,0,26.0,45.0,deux_roues,voiture,2,1,1,1,6
202400017081,2024-02-10 18:49:00,2024,2,10,18,49,67,67326,3a Rue de Mundolsheim,48.62367475,7.69952506,Nuit avec éclairage allumé,En agglomération,Hors intersection,Normale,Sans collision,7,2,2,0,1,1,1,0,1,40,1,1,0,0,1,0,90.0,,voiture,,5,2,1,1,7
202400017082,2024-07-02 15:29:00,2024,7,2,15,29,40,40168,A63,43.815269,-1.193819,Plein jour,Hors agglomération,Hors intersection,Normale,Deux véhicules - arrière,1,3,3,3,1,1,1,0,1,130,2,3,1,0,2,0,53.0,67.0,utilitaire_camion,voiture,1,1,1,1,2
202400017083,2024-03-14 08:35:00,2024,3,14,8,35,69,69385,163 Rue Joliot Curie,45.754533,4.779927,Plein jour,En agglomération,Hors intersection,Normale,Deux véhicules - côté,4,2,2,3,2,1,1,0,6,30,2,2,1,0,0,1,30.0,28.0,voiture,deux_roues,1,2,1,1,3
202400017084,2024-07-01 19:00:00,2024,7,1,19,0,60,60643,Rue Saint-antoine,49.558945,2.584166,Plein jour,En agglomération,Hors intersection,Normale,Autre collision,4,2,2,0,1,2,1,0,4,50,1,1,0,0,0,1,34.0,,voiture,,1,2,1,1,6
202400017085,2024-03-13 22:05:00,2024,3,13,22,5,83,83096,A8,43.47213227,5.80838656,Nuit sans éclairage public,Hors agglomération,Hors intersection,Normale,Deux véhicules - côté,1,3,3,0,3,1,1,0,1,130,2,2,1,0,0,1,37.0,45.0,utilitaire_camion,voiture,3,1,1,1,3
202400017086,2024-07-01 17:35:00,2024,7,1,17,35,60,60040,D101,49.416184,2.611189,Plein jour,Hors agglomération,Intersection en T,Normale,Deux véhicules - côté,3,2,2,0,1,1,1,0,1,80,2,2,1,0,1,0,38.0,49.0,deux_roues,voiture,1,1,3,1,3