accident_id,datetime,annee,mois,jour,heure,minute,departement,commune_insee,adresse,latitude,longitude,luminosite,agglomeration,intersection,meteo,collision,catr,circ,nbv,vosp,prof,plan,surf,infra,situ,vma,nb_vehicules,nb_usagers,nb_indemnes,nb_tues,nb_blesses_hosp,nb_blesses_legers,age_cond_1,age_cond_2,veh_type_cond_1,veh_type_cond_2,lum_code,agg_code,int_code,atm_code,col_code
202400017086,2024-07-01 17:35:00,2024,7,1,17,35,60,60040,D101,49.416184,2.611189,Plein jour,Hors agglomération,Intersection en T,Normale,Deux véhicules - côté,3,2, -1,-1,1,1,1,0,1,-1,2,2,1,0,1,0,38.0,49.0,deux_roues,voiture,1,1,3,1,3
202400017087,2024-03-13 20:40:00,2024,3,13,20,40,27,27213,Route de Gasny,49.119999,1.639211,Nuit avec éclairage allumé,En agglomération,Intersection en T,Normale,Deux véhicules - frontale,3,1,2,0,1,1,1,0,1,50,2,2,1,0,1,0,41.0,46.0,deux_roues,voiture,5,2,3,1,1
202400017087,2024-03-13 20:40:00,2024,3,13,20,40,27,27213,Route de Gasny,49.119999,1.639211,Nuit avec éclairage allumé,En agglomération,Intersection en T,Normale,Deux véhicules - frontale,3,2,2,0,1,1,1,0,1,50,2,2,1,0,1,0,41.0,46.0,deux_roues,voiture,5,2,3,1,1
202400017088,2024-06-30 19:50:00,2024,6,30,19,50,39,39487,,46.571426,5.989807,Plein jour,Hors agglomération,Hors intersection,Normale,Deux véhicules - frontale,2,2,2,0,2,1,2,0,1,80,2,4,1,2,1,0,18.0,27.0,utilitaire_camion,voiture,1,1,1,1,1
202400017089,2024-03-09 17:55:00,2024,3,9,17,55,42,42330,A72,45.478527,4.351734,Plein jour,Hors agglomération,Hors intersection,Pluie forte,Deux véhicules - arrière,1,3,4,0,1,1,2,0,1,110,2,3,2,0,0,1,41.0,24.0,voiture,voiture,1,1,1,3,2
202400017090,2024-07-02 13:55:00,2024,7,2,13,55,25,25212,A36,47.280767,5.995792,Plein jour,Hors agglomération,Hors intersection,Normale,Deux véhicules - arrière,1,3,2,0,1,1,1,0,1,130,2,3,2,0,0,1,31.0,25.0,utilitaire_camion,utilitaire_camion,1,1,1,1,2
202400017091,2024-07-01 08:30:00,2024,7,1,8,30,17,17245,"D110, route du silo",46.138594,-1.009047,Plein jour,Hors agglomération,Intersection en T,Normale,Sans collision,3,2,2,0,1,1,1,0,1,80,2,2,1,0,0,1,74.0,39.0,deux_roues,utilitaire_camion,1,1,3,1,7
202400017091,2024-07-01 08:30:00,2024,7,1,8,30,17,17245,"D110, route du silo",46.138594,-1.009047,Plein jour,Hors agglomération,Intersection en T,Normale,Sans collision,3,2,2,-1,1,1,1,5,1,50,2,2,1,0,0,1,74.0,39.0,deux_roues,utilitaire_camion,1,1,3,1,7
202400017092,2024-03-13 14:39:00,2024,3,13,14,39,33,33013,,44.86467,-0.5038,Plein jour,Hors agglomération,Hors intersection,Normale,Trois véhicules et plus - collisions multiples,2,3,6,0,1,1,1,0,1,90,4,6,4,0,0,2,44.0,35.0,utilitaire_camion,voiture,1,1,1,1,5
202400017093,2024-07-01 15:30:00,2024,7,1,15,30,16,16186,,45.57901,-0.18992,Plein jour,Hors agglomération,Hors intersection,Normale,Sans collision,3,2,2,0,2,2,1,0,3,90,1,1,0,0,1,0,32.0,,deux_roues,,1,1,1,1,7
202400017094,2024-03-08 10:45:00,2024,3,8,10,45,59,59479,AUTOROUTE A2,50.40127,3.61722,Plein jour,Hors agglomération,Hors intersection,Normale,Sans collision,1,3,4,0,1,1,1,0,1,130,1,1,0,0,1,0,40.0,,utilitaire_camion,,1,1,1,1,7
202400017095,2024-06-28 05:30:00,2024,6,28,5,30,68,68029,28 Rue de Bergholtz-zell,47.921599,7.243536,Crépuscule ou aube,En agglomération,Hors intersection,Normale,Deux véhicules - côté,3,2,2,0,1,1,1,0,1,50,2,2,1,0,0,1,20.0,60.0,voiture,deux_roues,2,2,1,1,3
202400017096,2024-03-13 08:30:00,2024,3,13,8,30,92,92060,RN385,48.77452416,2.2403496,Plein jour,Hors agglomération,Hors intersection,Normale,Deux véhicules - arrière,2,-1,2,0,1,1,1,0,1,110,2,2,1,0,0,1,29.0,28.0,utilitaire_camion,deux_roues,1,1,1,1,2
202400017097,2024-07-02 07:20:00,2024,7,2,7,20,68,68023,43 Rue de Hoen,48.160122,7.33092,Plein jour,En agglomération,Hors intersection,Normale,Sans collision,3,2,2,0,4,1,1,0,1,50,1,1,0,0,0,1,36.0,,deux_roues,,1,2,1,1,7
202400017098,2024-07-02 10:20:00,2024,7,2,10,20,67,67202,cd 25 schaffhouse sur zorn -PR 10,48.73967561,7.56336436,Plein jour,Hors agglomération,Hors intersection,Normale,Autre collision,3,2,2,0,2,1,1,0,8,80,1,1,0,1,0,0,58.0,,utilitaire_camion,,1,1,1,1,6
202400017099,2024-03-12 23:28:00,2024,3,12,23,28,92,92050,A14,48.90302962,2.19912449,Nuit avec éclairage allumé,Hors agglomération,Hors intersection,Pluie légère,Sans collision,1,1,2,0,1,3,2,1,1,50,1,1,0,0,0,1,31.0,,deux_roues,,5,1,1,2,7
202400017100,2024-07-02 12:25:00,2024,7,2,12,25,83,83036,Boulevard de l'Eau Blanche,43.19008829,6.528422,Plein jour,En agglomération,Hors intersection,Normale,Autre collision,4,2,2,0,2,1,1,0,1,50,1,2,1,0,1,0,71.0,,deux_roues,,1,2,1,1,6
202400017101,2024-03-12 20:33:00,2024,3,12,20,33,92,92012,A13,48.84817148,2.22577108,Nuit avec éclairage allumé,Hors agglomération,Hors intersection,Pluie légère,Deux véhicules - arrière,1,1,2,0,1,2,2,2,1,70,2,3,1,0,0,2,56.0,56.0,voiture,voiture,5,1,1,2,2
202400017102,2024-03-11 21:30:00,2024,3,11,21,30,95,95277,A3,48.98124593,2.49850875,Nuit sans éclairage public,Hors agglomération,Hors intersection,Normale,Autre collision,1,3,4,0,1,1,8,0,1,90,1,1,0,0,0,1,41.0,,voiture,,3,1,1,1,6
202400017103,2024-06-28 18:20:00,2024,6,28,18,20,14,14347,Route de Caumont,49.03717,-0.729546,Plein jour,Hors agglomération,Intersection en X,Normale,Trois véhicules et plus - collisions multiples,3,2,1,0,1,1,1,5,1,80,3,5,4,0,0,1,51.0,44.0,voiture,voiture,1,1,2,1,5
202400017103,2024-06-28 18:20:00,2024,6,28,18,20,14,14347,Route de Caumont,49.03717,-0.729546,Plein jour,Hors agglomération,Intersection en X,Normale,Trois véhicules et plus - collisions multiples,3,2,3,0,2,1,1,0,1,90,3,5,4,0,0,1,51.0,44.0,voiture,voiture,1,1,2,1,5
202400017104,2024-03-11 18:15:00,2024,3,11,18,15,93,93066,A86,48.92279781,2.35128419,Nuit sans éclairage public,Hors agglomération,Hors intersection,Pluie légère,Deux véhicules - arrière,1,3,3,0,1,1,2,3,1,90,2,2,1,0,0,1,31.0,31.0,utilitaire_camion,utilitaire_camion,3,1,1,2,2
202400017105,2024-07-02 16:55:00,2024,7,2,16,55,50,50487,A84,48.528429,-1.343948,Plein jour,Hors agglomération,Hors intersection,Normale,Autre collision,1,1,2,0,1,3,1,0,3,70,1,1,0,0,1,0,23.0,,deux_roues,,1,1,1,1,6
202400017106,2024-07-02 17:28:00,2024,7,2,17,28,14,14061,A84,49.022476,-0.837466,Plein jour,Hors agglomération,Hors intersection,Normale,Deux véhicules - arrière,1,3,2,0,2,1,1,0,1,130,2,3,1,0,0,2,80.0,50.0,voiture,utilitaire_camion,1,1,1,1,2
202400017107,2024-03-13 17:20:00,2024,3,13,17,20,94,94058,A86,48.84340048,2.49314717,Plein jour,Hors agglomération,Hors intersection,Normale,Trois véhicules et plus - collisions multiples,1,3,3,0,1,1,1,1,1,90,3,3,2,0,0,1,36.0,41.0,deux_roues,voiture,1,1,1,1,5
202400017108,2024-01-11 19:20:00,2024,1,11,19,20,74,74010,FRANCE (AVENUE)(SECTEUR 310),45.90846,6.1396,Nuit avec éclairage allumé,En agglomération,Intersection en X,Normale,Deux véhicules - côté,4,3,4,0,1,1,2,5,1,50,2,2,0,0,0,2,63.0,38.0,voiture,voiture,5,2,2,1,3
202400017108,2024-01-11 19:20:00,2024,1,11,19,20,74,74010,FRANCE (AVENUE)(SECTEUR 310),45.90846,6.1396,Nuit avec éclairage allumé,En agglomération,Intersection en X,Normale,Deux véhicules - côté,4,2,2,0,1,1,2,5,1,50,2,2,0,0,0,2,63.0,38.0,voiture,voiture,5,2,2,1,3
202400017109,2024-07-02 07:15:00,2024,7,2,7,15,27,27148,A 28  PK 223.990,48.974429,0.434818,Plein jour,Hors agglomération,Hors intersection,Temps couvert,Deux véhicules - arrière,1,3,2,0,1,1,1,0,1,130,2,2,1,0,1,0,51.0,49.0,utilitaire_camion,voiture,1,1,1,8,2
202400017110,2024-01-11 13:15:00,2024,1,11,13,15,74,74010,CREUSES (ROUTE DES)     (SECTEUR 630),45.8925,6.0943,Plein jour,En agglomération,Hors intersection,Normale,Deux véhicules - frontale,4,2,2,1,1,1,1,0,1,50,2,2,1,0,0,1,31.0,34.0,voiture,utilitaire_camion,1,2,1,1,1
202400017111,2024-07-02 11:40:00,2024,7,2,11,40,79,79161,,46.936807,-0.243899,Plein jour,Hors agglomération,Intersection en X,Normale,Deux véhicules - frontale,3,2,2,0,1,1,1,0,1,80,2,2,0,0,1,1,62.0,23.0,voiture,voiture,1,1,2,1,1
202400017111,2024-07-02 11:40:00,2024,7,2,11,40,79,79161,,46.936807,-0.243899,Plein jour,Hors agglomération,Intersection en X,Normale,Deux véhicules - frontale,3,2,2,-1,1,1,1,0,1,80,2,2,0,0,1,1,62.0,23.0,voiture,voiture,1,1,2,1,1
202400017112,2024-03-12 14:20:00,2024,3,12,14,20,974,97411,BOIS ROUGE (CHEMIN DE),-20.92533,55.4903,Plein jour,En agglomération,Hors intersection,Normale,Autre collision,4,2,2,0,2,3,1,0,1,50,1,1,0,0,0,1,41.0,,voiture,,1,2,1,1,6
202400017113,2024-03-12 07:40:00,2024,3,12,7,40,974,97411,JAURES (BLD 1 JEAN),-20.89527,55.4729,Plein jour,Hors agglomération,Autre intersection,Normale,Autre collision,2,1,3,1,2,1,1,0,1,50,1,1,0,0,0,1,32.0,,deux_roues,,1,1,9,1,6
202400017114,2024-07-02 13:15:00,2024,7,2,13,15,82,82042,D81,44.169738,1.203636,Plein jour,Hors agglomération,Intersection en T,Normale,Deux véhicules - côté,3,3,1,0,1,1,1,0,1,80,2,2,1,0,0,1,37.0,19.0,voiture,deux_roues,1,1,3,1,3
202400017114,2024-07-02 13:15:00,2024,7,2,13,15,82,82042,D81,44.169738,1.203636,Plein jour,Hors agglomération,Intersection en T,Normale,Deux véhicules - côté,3,2,2,0,2,1,1,0,1,80,2,2,1,0,0,1,37.0,19.0,voiture,deux_roues,1,1,3,1,3
202400017115,2024-06-30 17:35:00,2024,6,30,17,35,65,65460,D935,43.387289,0.067388,Plein jour,En agglomération,Giratoire,Normale,Deux véhicules - arrière,3,1,1,0,1,2,1,9,1,50,2,2,1,0,1,0,69.0,50.0,deux_roues,autre,1,2,6,1,2
202400017116,2024-03-12 13:22:00,2024,3,12,13,22,973,97302,CABASSOU (ROUTE DE),4.9175039,-52.31285244,Plein jour,En agglomération,Intersection en T,Normale,Deux véhicules - arrière,3,2,2,0,1,1,1,0,1,50,2,2,1,0,0,1,48.0,61.0,deux_roues,utilitaire_camion,1,2,3,1,2
202400017116,2024-03-12 13:22:00,2024,3,12,13,22,973,97302,CABASSOU (ROUTE DE),4.9175039,-52.31285244,Plein jour,En agglomération,Intersection en T,Normale,Deux véhicules - arrière,3,2,2,0,1,1,1,0,1,50,2,2,1,0,0,1,48.0,61.0,deux_roues,utilitaire_camion,1,2,3,1,2
202400017117,2024-03-11 07:50:00,2024,3,11,7,50,973,97302,MONTABO (ROUTE DE) 1,4.94286389,-52.30615899,Plein jour,En agglomération,Intersection en T,Normale,Deux véhicules - côté,3,2,2,0,1,1,1,0,1,50,2,2,1,0,0,1,50.0,21.0,deux_roues,voiture,1,2,3,1,3
202400017117,2024-03-11 07:50:00,2024,3,11,7,50,973,97302,MONTABO (ROUTE DE) 1,4.94286389,-52.30615899,Plein jour,En agglomération,Intersection en T,Normale,Deux véhicules - côté,3,2,2,0,1,1,1,0,1,50,2,2,1,0,0,1,50.0,21.0,deux_roues,voiture,1,2,3,1,3
202400017118,2024-06-28 01:25:00,2024,6,28,1,25,32,32160,Au Choulon,43.601714,1.029732,Nuit sans éclairage public,Hors agglomération,Hors intersection,Normale,Deux véhicules - frontale,2,2,2,0,1,1,1,0,1,80,2,2,0,0,0,2,33.0,51.0,voiture,voiture,3,1,1,1,1
202400017119,2024-05-17 18:10:00,2024,5,17,18,10,42,42048,Route de Saint Hilaire,46.151327,4.172198,Crépuscule ou aube,En agglomération,Hors intersection,Normale,Deux véhicules - frontale,3,2,2,0,2,2,2,0,1,50,2,2,1,0,0,1,37.0,17.0,voiture,voiture,2,2,1,1,1
202400017120,2024-03-13 00:00:00,2024,3,13,0,0,69,69387,Rue de l'Université,45.7491,4.84213,Nuit avec éclairage allumé,En agglomération,Intersection en X,Normale,Deux véhicules - frontale,4,1,1,0,1,1,1,0,1,30,2,2,1,0,0,1,36.0,25.0,voiture,deux_roues,5,2,2,1,1
202400017120,2024-03-13 00:00:00,2024,3,13,0,0,69,69387,Rue de l'Université,45.7491,4.84213,Nuit avec éclairage allumé,En agglomération,Intersection en X,Normale,Deux véhicules - frontale,4,1,4,0,1,1,1,0,1,30,2,2,1,0,0,1,36.0,25.0,voiture,deux_roues,5,2,2,1,1
202400017121,2024-03-12 14:50:00,2024,3,12,14,50,69,69387,Rue du Repos,45.74639,4.85008,Plein jour,En agglomération,Intersection en X,Normale,Deux véhicules - côté,4,1,4,2,1,1,2,0,1,50,2,2,1,0,0,1,46.0,31.0,deux_roues,voiture,1,2,2,1,3
202400017121,2024-03-12 14:50:00,2024,3,12,14,50,69,69387,Rue du Repos,45.74639,4.85008,Plein jour,En agglomération,Intersection en X,Normale,Deux véhicules - côté,4,2,3,2,1,1,2,0,1,30,2,2,1,0,0,1,46.0,31.0,deux_roues,voiture,1,2,2,1,3
202400017122,2024-06-10 07:35:00,2024,6,10,7,35,29,29146,Route de la Trinite,47.91853531,-3.81582005,Crépuscule ou aube,Hors agglomération,Intersection en T,Normale,Deux véhicules - côté,3,2,2,0,1,1,1,0,1,80,2,5,2,0,0,3,41.0,40.0,voiture,voiture,2,1,3,1,3
202400017122,2024-06-10 07:35:00,2024,6,10,7,35,29,29146,Route de la Trinite,47.91853531,-3.81582005,Crépuscule ou aube,Hors agglomération,Intersection en T,Normale,Deux véhicules - côté,3,2,2,0,1,3,1,0,1,80,2,5,2,0,0,3,41.0,40.0,voiture,voiture,2,1,3,1,3
202400017123,2024-03-12 08:20:00,2024,3,12,8,20,69,69034,Chemin des Bruyères,45.80221,4.86209,Plein jour,En agglomération,Intersection en X,Temps couvert,Deux véhicules - côté,4,1,1,0,1,1,2,0,1,50,2,2,1,0,0,1,38.0,46.0,voiture,deux_roues,1,2,2,8,3
202400017123,2024-03-12 08:20:00,2024,3,12,8,20,69,69034,Chemin des Bruyères,45.80221,4.86209,Plein jour,En agglomération,Intersection en X,Temps couvert,Deux véhicules - côté,4,2,2,0,1,1,2,0,1,50,2,2,1,0,0,1,38.0,46.0,voiture,deux_roues,1,2,2,8,3
202400017124,2024-06-29 06:00:00,2024,6,29,6,0,03,03126,d906,46.073402,3.436081,Crépuscule ou aube,Hors agglomération,Giratoire,Brouillard / fumée,Autre collision,3,3,1,0,1,1,1,0,3,80,1,1,0,0,1,0,32.0,,voiture,,2,1,6,5,6
202400017125,2024-03-11 18:10:00,2024,3,11,18,10,971,97113,SECTEUR DAMPIERRE,16.21118,-61.4738,Plein jour,Hors agglomération,Hors intersection,Normale,Deux véhicules - arrière,2,2,2,0,1,1,1,0,1,70,2,3,2,0,0,1,36.0,45.0,voiture,voiture,1,1,1,1,2
202400017126,2024-06-30 15:25:00,2024,6,30,15,25,03,03110,59 Route de Vichy,46.127043,3.36062,Plein jour,Hors agglomération,Autre intersection,Temps couvert,Deux véhicules - frontale,3,2,2,0,1,3,2,0,1,90,2,3,1,0,1,1,72.0,19.0,voiture,voiture,1,1,9,8,1
202400017127,2024-07-01 16:40:00,2024,7,1,16,40,70,70282,D12 PK 22 + 750,47.395749,5.793529,Plein jour,Hors agglomération,Hors intersection,Normale,Autre collision,3,2,2,0,1,1,1,0,3,90,1,1,0,0,1,0,43.0,,voiture,,1,1,1,1,6
202400017128,2024-03-12 11:59:00,2024,3,12,11,59,2A,2A004,MARECHAL LYAUTEY AVENUE PAIR,41.93515,8.7443,Plein jour,En agglomération,Hors intersection,Normale,Autre collision,4,2,2,0,2,3,1,0,1,50,1,2,1,0,0,1,51.0,,autre,,1,2,1,1,6
202400017129,2024-07-01 18:45:00,2024,7,1,18,45,58,58280,Route du Bourg,46.857976,3.389781,Plein jour,En agglomération,Hors intersection,Normale,Deux véhicules - côté,3,2,2,0,1,1,1,0,1,-1,2,2,1,0,0,1,31.0,62.0,voiture,voiture,1,2,1,1,3
202400017130,2024-03-11 17:40:00,2024,3,11,17,40,2A,2A004,CLAIRIERE RCE LA BD LOUIS CAMPI,41.94346,8.75419,Crépuscule ou aube,En agglomération,Hors intersection,Pluie légère,Deux véhicules - arrière,4,1,2,3,1,1,2,0,6,50,2,2,1,0,0,1,18.0,59.0,deux_roues,transport_commun,2,2,1,2,2
202400017131,2024-06-30 10:30:00,2024,6,30,10,30,66,66137,avenue de france,42.46184,2.863805,Plein jour,En agglomération,Hors intersection,Normale,Autre collision,3,2,2,0,2,1,1,0,1,50,1,3,1,0,1,1,55.0,,deux_roues,,1,2,1,1,6
202400017132,2024-03-12 19:30:00,2024,3,12,19,30,95,95680,D370,48.99861665,2.41546271,Nuit avec éclairage allumé,En agglomération,Giratoire,Normale,Autre collision,3,2,2,0,1,1,2,0,1,50,1,2,1,0,0,1,19.0,,voiture,,5,2,6,1,6
202400017133,2024-07-02 07:00:00,2024,7,2,7,0,54,54072,D40,48.837775,6.09297,Plein jour,Hors agglomération,Hors intersection,Normale,Autre collision,3,2,2,0,1,1,1,0,1,80,1,1,0,0,1,0,47.0,,deux_roues,,1,1,1,1,6
202400017134,2024-03-12 14:55:00,2024,3,12,14,55,95,95203,D928,48.99514287,2.27527506,Plein jour,En agglomération,Hors intersection,Pluie légère,Autre collision,3,1,1,0,1,1,2,0,1,50,1,2,1,0,0,1,60.0,,voiture,,1,2,1,2,6
202400017135,2024-07-02 09:05:00,2024,7,2,9,5,72,72139,PK 84+200,48.3085908,0.09513411,Plein jour,Hors agglomération,Hors intersection,Temps couvert,Deux véhicules - frontale,3,2,2,0,1,1,1,0,1,90,2,2,1,0,0,1,59.0,39.0,voiture,utilitaire_camion,1,1,1,8,1
202400017136,2024-03-11 10:15:00,2024,3,11,10,15,95,95598,HENRI SESTRE (PLACE),48.98803454,2.30160087,Plein jour,En agglomération,Hors intersection,Normale,Deux véhicules - côté,4,1,2,0,2,1,1,0,1,30,2,2,1,0,0,1,38.0,47.0,deux_roues,voiture,1,2,1,1,3
202400017137,2024-06-25 07:32:00,2024,6,25,7,32,72,72071,105 Route de Nogent (Montabon),47.677272,0.407342,Plein jour,Hors agglomération,Intersection en Y,Normale,Autre collision,3,2,2,0,1,1,1,0,1,80,1,2,1,0,0,1,56.0,,voiture,,1,1,4,1,6
202400017137,2024-06-25 07:32:00,2024,6,25,7,32,72,72071,105 Route de Nogent (Montabon),47.677272,0.407342,Plein jour,Hors agglomération,Intersection en Y,Normale,Autre collision,3,2, -1,-1,2,1,1,0,1,-1,1,2,1,0,0,1,56.0,,voiture,,1,1,4,1,6
202400017138,2024-03-12 08:25:00,2024,3,12,8,25,91,91570,SAINT SAENS (RUE),48.63226,2.32585,Plein jour,En agglomération,Hors intersection,Normale,Autre collision,4,-1,2,0,1,1,1,6,8,50,1,2,1,0,0,1,41.0,,voiture,,1,2,1,1,6
202400017139,2024-06-14 09:20:00,2024,6,14,9,20,06,06108, Boulevard des Mimosas,43.580974,6.958031,Plein jour,En agglomération,Intersection en T,Normale,Deux véhicules - côté,3,2,2,0,1,1,1,0,1,50,2,2,1,0,0,1,63.0,85.0,utilitaire_camion,voiture,1,2,3,1,3
202400017139,2024-06-14 09:20:00,2024,6,14,9,20,06,06108, Boulevard des Mimosas,43.580974,6.958031,Plein jour,En agglomération,Intersection en T,Normale,Deux véhicules - côté,3,2,2,-1,1,1,1,0,1,-1,2,2,1,0,0,1,63.0,85.0,utilitaire_camion,voiture,1,2,3,1,3
202400017140,2024-03-12 17:15:00,2024,3,12,17,15,91,91471,BLEUETS (AVENUE DES),48.6822,2.1854,Plein jour,En agglomération,Hors intersection,Pluie légère,Deux véhicules - côté,4,1,1,0,1,1,2,0,1,50,2,3,1,0,0,2,26.0,81.0,deux_roues,voiture,1,2,1,2,3
202400017141,2024-07-01 15:04:00,2024,7,1,15,4,90,90087,au niveau de l'intersection de la D83 et de la D22,47.670821,6.922857,Plein jour,En agglomération,Hors intersection,Pluie forte,Deux véhicules - frontale,3,2,2,2,1,2,2,0,1,50,2,4,3,0,0,1,45.0,45.0,voiture,voiture,1,2,1,3,1
202400017142,2024-03-11 16:30:00,2024,3,11,16,30,91,91122,PASSAGE DE VILLEVERT,48.69601,2.16223,Plein jour,En agglomération,Hors intersection,Normale,Deux véhicules - côté,4,2,2,0,1,2,1,0,1,30,2,2,1,0,0,1,53.0,45.0,voiture,voiture,1,2,1,1,3
202400017143,2024-07-02 07:45:00,2024,7,2,7,45,36,36006,Rue Chapelle Notre Dame,46.586754,1.51526,Plein jour,En agglomération,Hors intersection,Normale,Autre collision,4,2,2,0,2,3,1,0,8,50,1,1,0,0,0,1,65.0,,utilitaire_camion,,1,2,1,1,6
202400017144,2024-03-11 18:50:00,2024,3,11,18,50,91,91345,RUE MAURICE,48.693168,2.292827,Nuit avec éclairage allumé,En agglomération,Intersection en X,Pluie légère,Autre collision,3,1,2,0,2,1,2,0,1,50,1,2,1,0,1,0,41.0,,voiture,,5,2,2,2,6
202400017144,2024-03-11 18:50:00,2024,3,11,18,50,91,91345,RUE MAURICE,48.693168,2.292827,Nuit avec éclairage allumé,En agglomération,Intersection en X,Pluie légère,Autre collision,3,2,2,0,1,1,2,6,1,50,1,2,1,0,1,0,41.0,,voiture,,5,2,2,2,6
202400017145,2024-07-02 13:20:00,2024,7,2,13,20,16,16181,,46.08832,0.674876,Plein jour,Hors agglomération,Hors intersection,Normale,Deux véhicules - frontale,4,2,2,0,2,2,1,0,1,80,2,2,0,0,0,2,27.0,38.0,voiture,voiture,1,1,1,1,1
202400017146,2024-03-12 17:00:00,2024,3,12,17,0,91,91114,RUE MARCEAU,48.6938,2.48968,Plein jour,En agglomération,Hors intersection,Pluie légère,Autre collision,4,1,1,0,1,1,2,0,1,30,1,2,1,0,0,1,42.0,,voiture,,1,2,1,2,6
202400017147,2024-07-01 08:00:00,2024,7,1,8,0,17,17197,15 Avenue du 19 Mars 1962,45.436549,-0.448546,Plein jour,En agglomération,Hors intersection,Normale,Deux véhicules - côté,3,2,2,0,2,1,1,0,1,50,2,2,1,0,0,1,30.0,17.0,voiture,deux_roues,1,2,1,1,3
202400017148,2024-03-11 16:40:00,2024,3,11,16,40,91,91201,AV DE L EUROPE,48.6821,2.4303,Plein jour,En agglomération,Autre intersection,Pluie légère,Autre collision,6,-1, -1,0,1,1,2,0,8,30,2,3,2,0,0,1,59.0,33.0,voiture,voiture,1,2,9,2,6
202400017149,2024-03-12 17:14:00,2024,3,12,17,14,91,91228,MONTESPAN (RUE),48.63259,2.43395,Crépuscule ou aube,En agglomération,Hors intersection,Pluie légère,Autre collision,4,2,2,0,1,1,2,0,1,50,1,2,1,0,0,1,34.0,,utilitaire_camion,,2,2,1,2,6
202400017150,2024-07-01 07:45:00,2024,7,1,7,45,37,37211,L?Orset,47.2426942,0.80945796,Plein jour,Hors agglomération,Intersection en T,Normale,Deux véhicules - côté,3,2,2,0,3,1,1,0,1,80,2,2,1,0,1,0,39.0,34.0,deux_roues,utilitaire_camion,1,1,3,1,3
202400017150,2024-07-01 07:45:00,2024,7,1,7,45,37,37211,L?Orset,47.2426942,0.80945796,Plein jour,Hors agglomération,Intersection en T,Normale,Deux véhicules - côté,3,2,2,0,1,1,1,0,1,50,2,2,1,0,1,0,39.0,34.0,deux_roues,utilitaire_camion,1,1,3,1,3
202400017151,2024-03-12 09:30:00,2024,3,12,9,30,91,91228,BD DE L YERRES,48.619322,2.428118,Plein jour,En agglomération,Hors intersection,Temps couvert,Autre collision,4,3,2,0,1,1,1,0,1,50,1,2,1,0,0,1,51.0,,voiture,,1,2,1,8,6
202400017152,2024-06-25 10:20:00,2024,6,25,10,20,37,37282,25 La Revaudiere,46.803239,0.835111,Plein jour,Hors agglomération,Giratoire,Normale,Deux véhicules - côté,3,2,2,0,1,2,1,5,1,80,2,2,1,0,1,0,75.0,50.0,deux_roues,utilitaire_camion,1,1,6,1,3
202400017152,2024-06-25 10:20:00,2024,6,25,10,20,37,37282,25 La Revaudiere,46.803239,0.835111,Plein jour,Hors agglomération,Giratoire,Normale,Deux véhicules - côté,3,2,2,0,1,3,1,5,1,70,2,2,1,0,1,0,75.0,50.0,deux_roues,utilitaire_camion,1,1,6,1,3
202400017153,2024-03-12 19:12:00,2024,3,12,19,12,91,91223,COQUERIVE (AVENUE DE),48.43384,2.16763,Nuit sans éclairage public,En agglomération,Autre intersection,Normale,Deux véhicules - arrière,3,1,1,0,3,3,1,3,1,90,2,3,2,0,0,1,35.0,42.0,voiture,voiture,3,2,9,1,2
202400017154,2024-06-25 14:51:00,2024,6,25,14,51,37,37273,RD 140 - Le bois de plantes,47.38225199,0.76184499,Plein jour,Hors agglomération,Intersection en X,Normale,Deux véhicules - côté,4,2,2,0,1,1,1,5,1,50,2,2,1,0,0,1,25.0,20.0,deux_roues,voiture,1,1,2,1,3
202400017154,2024-06-25 14:51:00,2024,6,25,14,51,37,37273,RD 140 - Le bois de plantes,47.38225199,0.76184499,Plein jour,Hors agglomération,Intersection en X,Normale,Deux véhicules - côté,4,2,2,0,1,1,1,5,1,80,2,2,1,0,0,1,25.0,20.0,deux_roues,voiture,1,1,2,1,3
202400017155,2024-03-07 16:40:00,2024,3,7,16,40,89,89387,RENE BINET (RUE),48.1937,3.29307,Plein jour,En agglomération,Intersection en X,Normale,Deux véhicules - côté,4,2,3,0,1,1,1,5,1,50,2,2,0,0,0,2,37.0,34.0,voiture,voiture,1,2,2,1,3
202400017155,2024-03-07 16:40:00,2024,3,7,16,40,89,89387,RENE BINET (RUE),48.1937,3.29307,Plein jour,En agglomération,Intersection en X,Normale,Deux véhicules - côté,4,2,3,0,1,1,1,5,1,50,2,2,0,0,0,2,37.0,34.0,voiture,voiture,1,2,2,1,3
202400017156,2024-03-11 18:00:00,2024,3,11,18,0,87,87085,LECLERC (AVENUE DU GENERAL),45.84572,1.26051,Plein jour,En agglomération,Intersection en T,Normale,Deux véhicules - côté,4,2,3,3,2,1,1,0,1,50,2,2,1,0,0,1,50.0,18.0,voiture,deux_roues,1,2,3,1,3
202400017156,2024-03-11 18:00:00,2024,3,11,18,0,87,87085,LECLERC (AVENUE DU GENERAL),45.84572,1.26051,Plein jour,En agglomération,Intersection en T,Normale,Deux véhicules - côté,4,2,2,0,1,1,1,0,1,30,2,2,1,0,0,1,50.0,18.0,voiture,deux_roues,1,2,3,1,3
202400017157,2024-07-01 17:44:00,2024,7,1,17,44,30,30344,,43.736903,4.210875,Plein jour,Hors agglomération,Intersection en T,Normale,Trois véhicules et plus - collisions multiples,3,2,2,0,1,1,1,0,1,80,3,3,2,0,1,0,16.0,40.0,deux_roues,voiture,1,1,3,1,5