accident_id,datetime,annee,mois,jour,heure,minute,departement,commune_insee,adresse,latitude,longitude,luminosite,agglomeration,intersection,meteo,collision,catr,circ,nbv,vosp,prof,plan,surf,infra,situ,vma,nb_vehicules,nb_usagers,nb_indemnes,nb_tues,nb_blesses_hosp,nb_blesses_legers,age_cond_1,age_cond_2,veh_type_cond_1,veh_type_cond_2,lum_code,agg_code,int_code,atm_code,col_code
202400017157,2024-07-01 17:44:00,2024,7,1,17,44,30,30344,,43.736903,4.210875,Plein jour,Hors agglomération,Intersection en T,Normale,Trois véhicules et plus - collisions multiples,3,2,2,0,1,1,1,5,1,80,3,3,2,0,1,0,16.0,40.0,deux_roues,voiture,1,1,3,1,5
202400017158,2024-03-11 17:00:00,2024,3,11,17,0,87,87085,GARIBALDI (AVENUE),45.83519,1.26051,Plein jour,En agglomération,Intersection en X,Normale,Autre collision,4,2,2,0,1,1,1,5,1,30,1,2,1,0,0,1,52.0,,voiture,,1,2,2,1,6
202400017158,2024-03-11 17:00:00,2024,3,11,17,0,87,87085,GARIBALDI (AVENUE),45.83519,1.26051,Plein jour,En agglomération,Intersection en X,Normale,Autre collision,4,3,2,0,1,1,1,5,1,30,1,2,1,0,0,1,52.0,,voiture,,1,2,2,1,6
202400017159,2024-07-01 08:45:00,2024,7,1,8,45,53,53140,A81 PK 244+400 SENS PARIS-PROVINCE,48.106174,-0.739823,Plein jour,Hors agglomération,Autre intersection,Normale,Deux véhicules - arrière,1,2,2,0,1,1,1,3,1,130,2,4,2,0,2,0,47.0,51.0,voiture,utilitaire_camion,1,1,9,1,2
202400017160,2024-03-07 14:53:00,2024,3,7,14,53,87,87085,TOULOUSE (RUE DE),45.81265,1.28119,Plein jour,En agglomération,Giratoire,Normale,Deux véhicules - côté,4,2,2,3,2,1,1,5,1,30,2,2,1,0,0,1,68.0,52.0,voiture,transport_commun,1,2,6,1,3
202400017160,2024-03-07 14:53:00,2024,3,7,14,53,87,87085,TOULOUSE (RUE DE),45.81265,1.28119,Plein jour,En agglomération,Giratoire,Normale,Deux véhicules - côté,4,1,2,0,1,2,1,5,1,30,2,2,1,0,0,1,68.0,52.0,voiture,transport_commun,1,2,6,1,3
202400017161,2024-07-02 09:15:00,2024,7,2,9,15,90,90011,A36,47.579298,6.857647,Plein jour,Hors agglomération,Hors intersection,Normale,Deux véhicules - côté,1,1,3,0,1,1,1,0,1,110,2,2,1,0,1,0,64.0,78.0,voiture,voiture,1,1,1,1,3
202400017162,2024-03-12 13:04:00,2024,3,12,13,4,84,84007,OULLE (Boulevard de l'),43.94804,4.82222,Plein jour,En agglomération,Intersection en X,Normale,Deux véhicules - côté,4,1,1,0,1,1,1,0,1,20,2,2,1,0,0,1,22.0,19.0,voiture,deux_roues,1,2,2,1,3
202400017162,2024-03-12 13:04:00,2024,3,12,13,4,84,84007,OULLE (Boulevard de l'),43.94804,4.82222,Plein jour,En agglomération,Intersection en X,Normale,Deux véhicules - côté,4,1,1,1,1,1,1,5,1,30,2,2,1,0,0,1,22.0,19.0,voiture,deux_roues,1,2,2,1,3
202400017163,2024-07-02 00:15:00,2024,7,2,0,15,06,06088,Bretelle Sortie N°50 A8 - Route de Grenoble (Provenance Cannes) sud,43.66975,7.20127,Nuit avec éclairage allumé,Hors agglomération,Hors intersection,Normale,Deux véhicules - arrière,1,3,7,0,1,2,1,0,1,90,2,2,1,0,1,0,34.0,53.0,deux_roues,voiture,5,1,1,1,2
202400017164,2024-03-12 05:50:00,2024,3,12,5,50,83,83118,AVENUE THEODORE  RIVIERE,43.44008626,6.77568251,Nuit avec éclairage allumé,En agglomération,Hors intersection,Normale,Deux véhicules - frontale,3,2,2,0,2,1,1,0,1,50,2,2,0,0,1,1,55.0,23.0,voiture,voiture,5,2,1,1,1
202400017165,2024-07-02 08:30:00,2024,7,2,8,30,13,13087,a8 - point kilométrique 36+600,43.47255,5.635021,Plein jour,Hors agglomération,Hors intersection,Normale,Deux véhicules - arrière,1,3,3,0,1,1,1,0,1,-1,2,3,1,0,1,1,30.0,20.0,utilitaire_camion,utilitaire_camion,1,1,1,1,2
202400017166,2024-07-01 12:34:00,2024,7,1,12,34,974,97418,Rue du Général Ailleret,-20.927971,55.57364,Plein jour,Hors agglomération,Hors intersection,Normale,Deux véhicules - côté,3,2,2,0,2,1,1,0,1,-1,2,4,2,2,0,0,48.0,18.0,utilitaire_camion,voiture,1,1,1,1,3
202400017167,2024-03-11 16:00:00,2024,3,11,16,0,83,83050,VIGNERONS(AVENUE DES),43.53235,6.46325,Plein jour,En agglomération,Intersection en X,Normale,Deux véhicules - frontale,4,2,2,0,1,1,1,0,8,30,2,4,1,0,0,3,19.0,38.0,voiture,voiture,1,2,2,1,1
202400017167,2024-03-11 16:00:00,2024,3,11,16,0,83,83050,VIGNERONS(AVENUE DES),43.53235,6.46325,Plein jour,En agglomération,Intersection en X,Normale,Deux véhicules - frontale,4,2,2,0,2,1,1,0,1,50,2,4,1,0,0,3,19.0,38.0,voiture,voiture,1,2,2,1,1
202400017168,2024-06-23 21:05:00,2024,6,23,21,5,78,78329,205,49.051362,1.819372,Plein jour,Hors agglomération,Intersection en T,Normale,Deux véhicules - côté,3,2,1,0,1,1,1,0,1,80,2,2,1,0,1,0,18.0,27.0,deux_roues,deux_roues,1,1,3,1,3
202400017168,2024-06-23 21:05:00,2024,6,23,21,5,78,78329,205,49.051362,1.819372,Plein jour,Hors agglomération,Intersection en T,Normale,Deux véhicules - côté,3,-1,2,0,1,1,1,0,1,50,2,2,1,0,1,0,18.0,27.0,deux_roues,deux_roues,1,1,3,1,3
202400017169,2024-03-12 20:20:00,2024,3,12,20,20,78,78440,PAUL RAOULT (AVENUE),48.97976,1.91306,Nuit avec éclairage allumé,En agglomération,Intersection en T,Pluie légère,Autre collision,3,2,2,0,1,1,2,0,1,50,1,2,1,0,1,0,87.0,,voiture,,5,2,3,2,6
202400017169,2024-03-12 20:20:00,2024,3,12,20,20,78,78440,PAUL RAOULT (AVENUE),48.97976,1.91306,Nuit avec éclairage allumé,En agglomération,Intersection en T,Pluie légère,Autre collision,3,3,4,0,1,1,2,0,1,50,1,2,1,0,1,0,87.0,,voiture,,5,2,3,2,6
202400017170,2024-06-30 11:15:00,2024,6,30,11,15,04,04039,D952,43.838118,6.494057,Plein jour,Hors agglomération,Hors intersection,Normale,Deux véhicules - frontale,3,2,2,0,1,2,1,0,1,80,2,2,1,0,1,0,33.0,62.0,deux_roues,utilitaire_camion,1,1,1,1,1
202400017171,2024-07-02 07:58:00,2024,7,2,7,58,13,13059,Départementale 556,43.621973,5.490847,Plein jour,Hors agglomération,Hors intersection,Normale,Deux véhicules - frontale,3,2,2,0,1,1,1,0,1,70,2,4,0,0,2,2,56.0,54.0,voiture,voiture,1,1,1,1,1
202400017172,2024-03-13 00:35:00,2024,3,13,0,35,77,77373,DEPARTEMENTALE 1004,48.770136,2.633722,Nuit sans éclairage public,Hors agglomération,Hors intersection,Pluie légère,Sans collision,3,3,2,0,1,1,2,0,1,90,1,1,0,0,0,1,27.0,,voiture,,3,1,1,2,7
202400017173,2024-07-01 20:12:00,2024,7,1,20,12,21,21517,Route de Gerland,47.11864,4.970205,Plein jour,Hors agglomération,Hors intersection,Normale,Sans collision,3,2,2,0,1,2,1,0,1,80,1,1,0,0,1,0,65.0,,deux_roues,,1,1,1,1,7
202400017174,2024-03-12 06:50:00,2024,3,12,6,50,77,77083,NEWTON (BOULEVARD),48.842695,2.583806,Nuit avec éclairage allumé,En agglomération,Giratoire,Temps couvert,Deux véhicules - côté,4,1,1,0,1,2,2,0,1,30,2,2,1,0,0,1,46.0,25.0,voiture,deux_roues,5,2,6,8,3
202400017174,2024-03-12 06:50:00,2024,3,12,6,50,77,77083,NEWTON (BOULEVARD),48.842695,2.583806,Nuit avec éclairage allumé,En agglomération,Giratoire,Temps couvert,Deux véhicules - côté,4,1,1,0,1,2,2,5,1,30,2,2,1,0,0,1,46.0,25.0,voiture,deux_roues,5,2,6,8,3
202400017175,2024-02-18 18:30:00,2024,2,18,18,30,77,77407,D607,48.53284,2.53771,Crépuscule ou aube,En agglomération,Hors intersection,Pluie légère,Autre collision,4,2,2,0,1,1,2,5,3,50,1,1,0,1,0,0,76.0,,voiture,,2,2,1,2,6
202400017176,2024-06-23 18:00:00,2024,6,23,18,0,51,51198,D386,49.263968,3.724923,Plein jour,Hors agglomération,Hors intersection,Normale,Sans collision,3,2,2,0,2,4,1,0,1,80,1,5,0,0,0,5,19.0,,voiture,,1,1,1,1,7
202400017177,2024-03-12 01:30:00,2024,3,12,1,30,76,76540,Boulevard des Belges,49.4429,1.08444,Nuit avec éclairage allumé,En agglomération,Intersection en X,Normale,Autre collision,7,2,4,3,1,1,1,-1,6,50,1,3,1,0,0,2,18.0,,voiture,,5,2,2,1,6
202400017177,2024-03-12 01:30:00,2024,3,12,1,30,76,76540,Boulevard des Belges,49.4429,1.08444,Nuit avec éclairage allumé,En agglomération,Intersection en X,Normale,Autre collision,7,1,1,0,1,1,1,0,6,30,1,3,1,0,0,2,18.0,,voiture,,5,2,2,1,6
202400017178,2024-07-01 08:25:00,2024,7,1,8,25,44,44209,Rue  notre dame,47.338645,-1.635938,Plein jour,Hors agglomération,Autre intersection,Normale,Deux véhicules - côté,4,2,2,0,1,1,1,0,1,80,2,2,1,0,1,0,29.0,28.0,utilitaire_camion,voiture,1,1,9,1,3
202400017179,2024-03-08 21:50:00,2024,3,8,21,50,76,76296,LIBERATION (RUE DE LA ),49.518345,0.262105,Nuit sans éclairage public,En agglomération,Hors intersection,Normale,Sans collision,3,2,2,0,1,1,1,0,1,70,1,1,0,0,0,1,54.0,,deux_roues,,3,2,1,1,7
202400017180,2024-07-02 11:00:00,2024,7,2,11,0,38,38377,Avenue de Savoie,45.5681775,5.45570567,Plein jour,En agglomération,Hors intersection,Normale,Deux véhicules - frontale,6,-1, -1,0,1,1,1,0,1,10,2,2,1,0,0,1,14.0,66.0,deux_roues,voiture,1,2,1,1,1
202400017181,2024-06-30 17:23:00,2024,6,30,17,23,38,38415,D18,45.635005,5.245671,Plein jour,Hors agglomération,Hors intersection,Normale,Sans collision,3,2,2,0,1,2,9,0,3,80,1,1,0,0,1,0,50.0,,deux_roues,,1,1,1,1,7
202400017182,2024-03-11 15:33:00,2024,3,11,15,33,73,73008,D1201 LATTRE DE TASSIGNY AVENUE DE L',45.69501,5.90492,Plein jour,En agglomération,Hors intersection,Normale,Trois véhicules et plus - en chaîne,3,3,2,1,1,1,1,0,1,50,3,3,2,0,0,1,47.0,40.0,utilitaire_camion,utilitaire_camion,1,2,1,1,4
202400017183,2024-03-11 17:20:00,2024,3,11,17,20,72,72181,ISAAC (RUE) N° PAIRS 2 A 124,48.01416,0.2208,Plein jour,En agglomération,Autre intersection,Normale,Autre collision,4,2,2,0,2,1,1,0,1,50,1,2,1,0,0,1,22.0,,voiture,,1,2,9,1,6
202400017184,2024-06-29 16:10:00,2024,6,29,16,10,69,69121,Route de Fleurieux,45.85361086,4.6698803,Plein jour,Hors agglomération,Hors intersection,Normale,Deux véhicules - côté,3,2,2,0,1,4,1,0,1,70,2,3,2,0,0,1,35.0,22.0,utilitaire_camion,voiture,1,1,1,1,3
202400017185,2024-03-11 12:05:00,2024,3,11,12,5,72,72181,ANATOLE FRANCE (BD ),48.00121,0.18699,Plein jour,En agglomération,Autre intersection,Normale,Deux véhicules - côté,4,2,2,0,1,1,1,0,1,50,2,2,1,0,0,1,19.0,24.0,voiture,voiture,1,2,9,1,3
202400017186,2024-03-11 16:23:00,2024,3,11,16,23,68,68224,Rue Marc Seguin,47.7457,7.2983,Plein jour,En agglomération,Hors intersection,Normale,Deux véhicules - côté,4,2,2,0,1,1,1,0,1,50,2,3,2,0,0,1,56.0,31.0,utilitaire_camion,deux_roues,1,2,1,1,3
202400017187,2024-05-19 04:40:00,2024,5,19,4,40,69,69010,2 Route de Paris,45.83714127,4.61715271,Nuit avec éclairage allumé,En agglomération,Intersection en X,Normale,Deux véhicules - côté,2,2,4,0,1,1,1,0,1,50,2,4,0,0,0,4,20.0,18.0,voiture,voiture,5,2,2,1,3
202400017187,2024-05-19 04:40:00,2024,5,19,4,40,69,69010,2 Route de Paris,45.83714127,4.61715271,Nuit avec éclairage allumé,En agglomération,Intersection en X,Normale,Deux véhicules - côté,2,2,2,0,2,1,1,0,1,-1,2,4,0,0,0,4,20.0,18.0,voiture,voiture,5,2,2,1,3
202400017188,2024-03-11 18:15:00,2024,3,11,18,15,66,66136,,42.69003,2.91161,Plein jour,En agglomération,Intersection en T,Normale,Deux véhicules - côté,4,1,1,0,1,1,1,0,1,50,2,2,1,0,1,0,17.0,23.0,deux_roues,voiture,1,2,3,1,3
202400017188,2024-03-11 18:15:00,2024,3,11,18,15,66,66136,,42.69003,2.91161,Plein jour,En agglomération,Intersection en T,Normale,Deux véhicules - côté,4,2,2,0,1,1,1,0,1,50,2,2,1,0,1,0,17.0,23.0,deux_roues,voiture,1,2,3,1,3
202400017189,2024-07-01 19:50:00,2024,7,1,19,50,64,64421,N134,43.164567,-0.507946,Crépuscule ou aube,Hors agglomération,Hors intersection,Pluie légère,Deux véhicules - frontale,2,2,2,0,1,1,2,8,1,50,2,2,1,0,1,0,40.0,65.0,voiture,utilitaire_camion,2,1,1,2,1
202400017190,2024-03-12 16:25:00,2024,3,12,16,25,64,64445,CONDORCET,43.31323,-0.36252,Plein jour,En agglomération,Hors intersection,Normale,Deux véhicules - arrière,4,1,2,0,1,1,1,0,1,30,2,2,1,0,0,1,53.0,35.0,voiture,deux_roues,1,2,1,1,2
202400017191,2024-07-01 17:07:00,2024,7,1,17,7,33,33075,,44.890045,-0.613629,Plein jour,Hors agglomération,Hors intersection,Normale,Trois véhicules et plus - en chaîne,1,3,6,0,1,1,1,0,1,90,3,5,2,0,0,3,45.0,37.0,utilitaire_camion,utilitaire_camion,1,1,1,1,4
202400017192,2024-03-11 18:30:00,2024,3,11,18,30,64,64102,SOULT (AVENUE MARECHAL),43.48584,-1.49153,Plein jour,En agglomération,Hors intersection,Normale,Deux véhicules - côté,3,3,4,1,4,1,1,3,8,50,2,2,1,0,0,1,39.0,34.0,deux_roues,voiture,1,2,1,1,3
202400017193,2024-06-27 19:30:00,2024,6,27,19,30,59,59009,AUTOROUTE A22,50.64951293,3.13961244,Plein jour,Hors agglomération,Hors intersection,Normale,Sans collision,1,3,3,0,1,1,1,0,1,70,1,2,1,0,1,0,50.0,,utilitaire_camion,,1,1,1,1,7
202400017194,2024-07-01 18:10:00,2024,7,1,18,10,91,91136,AUTOROUTE A10,48.715199,2.268896,Plein jour,Hors agglomération,Hors intersection,Normale,Deux véhicules - côté,1,1,2,0,1,1,1,0,1,90,2,2,1,0,1,0,54.0,32.0,deux_roues,utilitaire_camion,1,1,1,1,3
202400017195,2024-03-12 19:07:00,2024,3,12,19,7,63,63113,Av Julien / rue Beaumarchais,45.77425,3.0777,Nuit avec éclairage allumé,En agglomération,Intersection en X,Normale,Deux véhicules - côté,4,1,2,0,1,1,1,0,1,30,2,2,1,0,0,1,75.0,45.0,voiture,deux_roues,5,2,2,1,3
202400017195,2024-03-12 19:07:00,2024,3,12,19,7,63,63113,Av Julien / rue Beaumarchais,45.77425,3.0777,Nuit avec éclairage allumé,En agglomération,Intersection en X,Normale,Deux véhicules - côté,4,1,1,0,1,1,1,0,1,30,2,2,1,0,0,1,75.0,45.0,voiture,deux_roues,5,2,2,1,3
202400017196,2024-03-11 21:05:00,2024,3,11,21,5,62,62193,D304,50.9382154,1.83672969,Nuit avec éclairage allumé,En agglomération,Hors intersection,Normale,Deux véhicules - frontale,3,2,2,0,1,1,1,0,1,50,2,4,1,0,1,2,50.0,20.0,voiture,voiture,5,2,1,1,1
202400017197,2024-02-04 12:33:00,2024,2,4,12,33,62,62774,D940,50.924499,1.718889,Plein jour,Hors agglomération,Hors intersection,Pluie légère,Sans collision,3,-1,2,0,2,2,2,0,1,90,1,2,0,0,0,2,26.0,,deux_roues,,1,1,1,2,7
202400017198,2024-07-01 15:50:00,2024,7,1,15,50,94,94034,A86,48.75642,2.34164,Plein jour,Hors agglomération,Hors intersection,Normale,Deux véhicules - côté,1,1,2,0,1,3,1,0,1,70,2,2,1,0,1,0,25.0,30.0,deux_roues,voiture,1,1,1,1,3
202400017199,2024-03-11 08:43:00,2024,3,11,8,43,56,56260,Giratoire de Kergrain,47.66549,-2.79489,Plein jour,En agglomération,Giratoire,Normale,Deux véhicules - arrière,3,3,4,1,1,1,2,5,1,50,2,3,1,0,0,2,29.0,35.0,utilitaire_camion,voiture,1,2,6,1,2
202400017200,2024-07-01 07:40:00,2024,7,1,7,40,91,91659,AUTOROUTE A6,48.59136968,2.44548656,Plein jour,Hors agglomération,Hors intersection,Normale,Trois véhicules et plus - collisions multiples,1,3,3,0,1,1,1,0,1,110,3,3,2,0,0,1,46.0,35.0,deux_roues,voiture,1,1,1,1,5
202400017201,2024-03-10 14:35:00,2024,3,10,14,35,56,56121,LARMOR (RUE  DE ),47.74133,-3.37557,Plein jour,En agglomération,Intersection en T,Normale,Deux véhicules - côté,4,2,2,0,2,1,1,0,1,30,2,5,3,0,0,2,32.0,60.0,voiture,voiture,1,2,3,1,3
202400017201,2024-03-10 14:35:00,2024,3,10,14,35,56,56121,LARMOR (RUE  DE ),47.74133,-3.37557,Plein jour,En agglomération,Intersection en T,Normale,Deux véhicules - côté,4,2,2,0,2,1,1,0,1,30,2,5,3,0,0,2,32.0,60.0,voiture,voiture,1,2,3,1,3
202400017202,2024-07-01 06:20:00,2024,7,1,6,20,91,91434,AUTOROUTE A6,48.668494,2.352973,Crépuscule ou aube,Hors agglomération,Hors intersection,Normale,Deux véhicules - côté,1,3,3,0,2,1,2,0,1,110,2,2,1,0,0,1,66.0,54.0,voiture,deux_roues,2,1,1,1,3
202400017203,2024-07-01 02:55:00,2024,7,1,2,55,91,91347,RN 104,48.622986,2.292168,Nuit sans éclairage public,Hors agglomération,Hors intersection,Normale,Deux véhicules - côté,2,1,2,0,2,1,2,0,1,110,2,2,1,0,0,1,37.0,26.0,utilitaire_camion,voiture,3,1,1,1,3
202400017204,2024-03-12 08:55:00,2024,3,12,8,55,51,51454,CARNOT (RUE),49.254706,4.032194,Plein jour,En agglomération,Intersection en T,Normale,Deux véhicules - côté,4,2,2,0,1,1,1,0,1,30,2,3,2,0,0,1,37.0,55.0,transport_commun,utilitaire_camion,1,2,3,1,3
202400017204,2024-03-12 08:55:00,2024,3,12,8,55,51,51454,CARNOT (RUE),49.254706,4.032194,Plein jour,En agglomération,Intersection en T,Normale,Deux véhicules - côté,4,2,2,0,1,1,1,0,1,30,2,3,2,0,0,1,37.0,55.0,transport_commun,utilitaire_camion,1,2,3,1,3
202400017205,2024-03-11 21:15:00,2024,3,11,21,15,50,50129,LUCET (RUE),49.62234,-1.61273,Nuit avec éclairage allumé,En agglomération,Hors intersection,Normale,Sans collision,4,3,4,0,1,3,1,0,1,50,1,1,0,1,0,0,20.0,,deux_roues,,5,2,1,1,7
202400017206,2024-07-01 17:30:00,2024,7,1,17,30,92,92050,A86,48.89347708,2.1888457,Plein jour,Hors agglomération,Hors intersection,Normale,Trois véhicules et plus - en chaîne,1,1,2,0,1,1,1,1,1,70,5,7,6,0,0,1,31.0,28.0,utilitaire_camion,utilitaire_camion,1,1,1,1,4
202400017207,2024-03-12 12:30:00,2024,3,12,12,30,47,47031,Avenue de Bigorre,44.18093,0.63374,Plein jour,En agglomération,Hors intersection,Normale,Deux véhicules - frontale,3,2,2,0,1,1,1,0,1,50,2,2,1,0,0,1,48.0,18.0,voiture,deux_roues,1,2,1,1,1
202400017208,2024-07-01 08:30:00,2024,7,1,8,30,92,92048,N118,48.79551552,2.21784844,Plein jour,Hors agglomération,Hors intersection,Normale,Deux véhicules - arrière,2,1,2,0,1,1,1,0,1,90,2,3,1,0,0,2,25.0,31.0,utilitaire_camion,voiture,1,1,1,1,2
202400017209,2024-03-11 17:00:00,2024,3,11,17,0,45,45147,23 Rue des Fosses,47.92507,1.92212,Plein jour,En agglomération,Intersection en T,Normale,Deux véhicules - côté,4,2,2,2,1,1,1,0,1,50,2,2,1,0,0,1,40.0,15.0,voiture,deux_roues,1,2,3,1,3
202400017209,2024-03-11 17:00:00,2024,3,11,17,0,45,45147,23 Rue des Fosses,47.92507,1.92212,Plein jour,En agglomération,Intersection en T,Normale,Deux véhicules - côté,4,2,2,0,1,1,1,0,1,50,2,2,1,0,0,1,40.0,15.0,voiture,deux_roues,1,2,3,1,3
202400017210,2024-06-30 21:20:00,2024,6,30,21,20,92,92036,RN315 W,48.92811662,2.30271471,Plein jour,Hors agglomération,Hors intersection,Normale,Trois véhicules et plus - en chaîne,2,1,2,0,2,1,1,0,1,70,3,5,4,0,0,1,24.0,44.0,voiture,voiture,1,1,1,1,4
202400017211,2024-03-12 11:50:00,2024,3,12,11,50,38,38151,RUE DU BERRY,45.15576,5.72113,Plein jour,En agglomération,Hors intersection,Temps couvert,Autre collision,4,2,2,0,1,1,1,0,1,30,1,2,1,0,0,1,,,voiture,,1,2,1,8,6
202400017212,2024-06-30 15:05:00,2024,6,30,15,5,78,78640,A86 INT,48.77809,2.2127,Plein jour,Hors agglomération,Hors intersection,Normale,Deux véhicules - arrière,1,1,3,0,1,1,1,0,1,90,2,3,1,0,0,2,37.0,26.0,voiture,voiture,1,1,1,1,2
202400017213,2024-03-11 15:15:00,2024,3,11,15,15,37,37122,DOUZILLIERE (RUE DE LA),47.33827,0.65342,Plein jour,En agglomération,Hors intersection,Normale,Trois véhicules et plus - en chaîne,4,2,2,2,1,2,1,0,1,30,3,4,3,0,0,1,23.0,23.0,deux_roues,deux_roues,1,2,1,1,4
202400017214,2024-03-11 08:19:00,2024,3,11,8,19,35,35115,FERRY (RUE JULES),48.35066,-1.19649,Plein jour,En agglomération,Giratoire,Temps éblouissant,Autre collision,4,1,2,3,2,4,1,0,1,30,1,2,1,0,1,0,49.0,,voiture,,1,2,6,7,6
202400017215,2024-06-30 07:35:00,2024,6,30,7,35,92,92064,A13,48.83921391,2.21834502,Plein jour,Hors agglomération,Hors intersection,Normale,Trois véhicules et plus - en chaîne,1,1,2,0,2,3,2,0,1,70,3,7,5,0,0,2,27.0,41.0,voiture,voiture,1,1,1,1,4
202400017216,2024-03-12 16:20:00,2024,3,12,16,20,31,31555,CHE DE LESTANG,43.5629,1.39515,Plein jour,En agglomération,Hors intersection,Temps couvert,Autre collision,4,2,2,0,1,1,1,0,1,50,1,2,1,0,1,0,20.0,,voiture,,1,2,1,8,6
202400017217,2024-03-12 17:35:00,2024,3,12,17,35,29,29019,EUROPE (DE 37 A 47),48.412892,-4.502246,Plein jour,En agglomération,Intersection en T,Pluie légère,Deux véhicules - arrière,4,2,2,0,1,1,2,0,1,50,2,2,1,0,0,1,52.0,,voiture,voiture,1,2,3,2,2
202400017217,2024-03-12 17:35:00,2024,3,12,17,35,29,29019,EUROPE (DE 37 A 47),48.412892,-4.502246,Plein jour,En agglomération,Intersection en T,Pluie légère,Deux véhicules - arrière,4,2,4,0,1,1,2,0,1,50,2,2,1,0,0,1,52.0,,voiture,voiture,1,2,3,2,2
202400017218,2024-07-01 00:45:00,2024,7,1,0,45,93,93027,A86,48.92568108,2.39637584,Nuit sans éclairage public,Hors agglomération,Hors intersection,Autre,Deux véhicules - arrière,1,3,8,0,1,1,9,9,1,90,2,6,0,0,0,6,21.0,31.0,voiture,voiture,3,1,1,9,2
202400017219,2024-03-11 20:05:00,2024,3,11,20,5,19,19031,PAINLEVE (BOULEVARD PAUL),45.16793,1.53888,Nuit avec éclairage allumé,En agglomération,Hors intersection,Normale,Autre collision,4,2,2,0,1,1,1,0,1,50,1,2,1,1,0,0,30.0,,voiture,,5,2,1,1,6
202400017220,2024-06-30 22:00:00,2024,6,30,22,0,95,95582,A15,48.96346787,2.26421667,Nuit sans éclairage public,Hors agglomération,Hors intersection,Normale,Autre collision,1,1,2,0,1,3,1,0,1,70,1,1,0,0,0,1,26.0,,voiture,,3,1,1,1,6
202400017221,2024-03-12 08:10:00,2024,3,12,8,10,13,13117,ROUTE NATIONALE 113 - CADESTEAUX,43.47618,5.22776,Plein jour,En agglomération,Hors intersection,Normale,Deux véhicules - côté,3,2,0,0,1,1,1,0,1,70,2,2,1,0,0,1,28.0,50.0,voiture,deux_roues,1,2,1,1,3
202400017222,2024-06-29 01:20:00,2024,6,29,1,20,77,77237,A4,48.8317403,2.77165291,Nuit sans éclairage public,Hors agglomération,Hors intersection,Normale,Trois véhicules et plus - collisions multiples,1,1,2,0,1,3,1,0,1,70,3,4,1,0,0,3,27.0,23.0,voiture,voiture,3,1,1,1,5
202400017223,2024-03-12 20:55:00,2024,3,12,20,55,13,13210,PONT DE VIVAUX (BOULEVARD),43.2816,5.42683,Nuit avec éclairage allumé,En agglomération,Intersection en X,Normale,Deux véhicules - côté,4,3,4,0,1,1,1,5,1,50,2,3,2,0,1,0,20.0,25.0,deux_roues,voiture,5,2,2,1,3
202400017223,2024-03-12 20:55:00,2024,3,12,20,55,13,13210,PONT DE VIVAUX (BOULEVARD),43.2816,5.42683,Nuit avec éclairage allumé,En agglomération,Intersection en X,Normale,Deux véhicules - côté,4,1,1,0,1,1,1,0,1,50,2,3,2,0,1,0,20.0,25.0,deux_roues,voiture,5,2,2,1,3
202400017224,2024-03-11 19:20:00,2024,3,11,19,20,13,13203,PARIS (BOULEVARD DE),43.30893427,5.37074023,Crépuscule ou aube,En agglomération,Hors intersection,Normale,Deux véhicules - côté,4,2,2,0,1,1,1,0,1,50,1,2,1,0,1,0,26.0,,autre,,2,2,1,1,3
202400017225,2024-01-07 15:30:00,2024,1,7,15,30,973,97306,Route Nationale N 1,5.410347,-53.710399,Plein jour,Hors agglomération,Hors intersection,Normale,Deux véhicules - frontale,2,2,2,0,1,1,1,0,1,80,2,4,0,1,1,2,31.0,21.0,voiture,voiture,1,1,1,1,1
202400017226,2024-03-12 15:57:00,2024,3,12,15,57,13,13208,MENDES FRANCE (AVENUE),43.25597462,5.37655688,Plein jour,En agglomération,Hors intersection,Normale,Autre collision,4,1,2,0,1,1,1,6,8,50,1,2,1,0,1,0,,,voiture,,1,2,1,1,6
202400017227,2024-06-25 14:35:00,2024,6,25,14,35,44,44109,Boulevard Adolphe Billault,47.20171277,-1.54590832,Plein jour,En agglomération,Hors intersection,Normale,Autre collision,4,2,2,0,1,1,1,0,1,50,1,2,1,0,0,1,63.0,,voiture,,1,2,1,1,6
202400017228,2024-03-12 14:30:00,2024,3,12,14,30,13,13202,LAZARET (QUAI DU),43.30629,5.36588,Plein jour,En agglomération,Intersection en X,Normale,Deux véhicules - arrière,4,1,2,3,1,1,1,0,1,50,3,4,3,0,0,1,77.0,53.0,utilitaire_camion,deux_roues,1,2,2,1,2
202400017228,2024-03-12 14:30:00,2024,3,12,14,30,13,13202,LAZARET (QUAI DU),43.30629,5.36588,Plein jour,En agglomération,Intersection en X,Normale,Deux véhicules - arrière,4,1,1,0,1,1,1,0,1,50,3,4,3,0,0,1,77.0,53.0,utilitaire_camion,deux_roues,1,2,2,1,2
202400017229,2024-03-12 10:20:00,2024,3,12,10,20,13,13209,MARÉCHAL DE LATTRE (AVENUE),43.24590218,5.42103052,Plein jour,En agglomération,Intersection en T,Normale,Deux véhicules - côté,4,2,2,0,2,1,1,0,1,50,2,2,1,0,1,0,81.0,28.0,voiture,deux_roues,1,2,3,1,3
202400017229,2024-03-12 10:20:00,2024,3,12,10,20,13,13209,MARÉCHAL DE LATTRE (AVENUE),43.24590218,5.42103052,Plein jour,En agglomération,Intersection en T,Normale,Deux véhicules - côté,4,2,2,0,1,1,1,0,1,50,2,2,1,0,1,0,81.0,28.0,voiture,deux_roues,1,2,3,1,3