accident_id,datetime,annee,mois,jour,heure,minute,departement,commune_insee,adresse,latitude,longitude,luminosite,agglomeration,intersection,meteo,collision,catr,circ,nbv,vosp,prof,plan,surf,infra,situ,vma,nb_vehicules,nb_usagers,nb_indemnes,nb_tues,nb_blesses_hosp,nb_blesses_legers,age_cond_1,age_cond_2,veh_type_cond_1,veh_type_cond_2,lum_code,agg_code,int_code,atm_code,col_code
202400017230,2024-06-22 16:00:00,2024,6,22,16,0,44,44162,2a Rue de l'Ecole,47.21810661,-1.60792887,Plein jour,En agglomération,Intersection en T,Normale,Deux véhicules - frontale,4,2,2,0,1,1,1,5,1,50,2,2,1,0,0,1,19.0,,deux_roues,voiture,1,2,3,1,1
202400017231,2024-03-12 16:00:00,2024,3,12,16,0,13,13005,EOURES (ROUTE D'),43.30697,5.55525,Plein jour,Hors agglomération,Autre intersection,Normale,Deux véhicules - côté,7,2,2,0,1,3,1,0,1,70,2,2,1,0,0,1,62.0,73.0,deux_roues,voiture,1,1,9,1,3
202400017232,2024-05-24 13:00:00,2024,5,24,13,0,44,44109,17 Rue Félix Lemoine,47.23623546,-1.54634643,Plein jour,En agglomération,Hors intersection,Normale,Deux véhicules - côté,4,2,2,2,2,1,1,-1,1,50,2,2,1,0,0,1,26.0,52.0,deux_roues,deux_roues,1,2,1,1,3
202400017233,2024-03-13 00:53:00,2024,3,13,0,53,13,13001,GAMBETTA (COURS),43.52022,5.46042,Nuit avec éclairage allumé,En agglomération,Hors intersection,Normale,Deux véhicules - frontale,4,2,0,0,1,1,1,0,1,50,2,2,1,0,0,1,,39.0,voiture,voiture,5,2,1,1,1
202400017234,2024-05-21 13:25:00,2024,5,21,13,25,44,44143,70 Rue Ernest Sauvestre,47.16392697,-1.54242349,Plein jour,En agglomération,Hors intersection,Normale,Deux véhicules - côté,4,2,2,2,1,1,1,-1,1,50,2,2,1,0,0,1,18.0,24.0,deux_roues,voiture,1,2,1,1,3
202400017235,2024-03-11 17:30:00,2024,3,11,17,30,11,11069,50 Avenue du Général Leclerc,43.2098,2.36555,Plein jour,En agglomération,Hors intersection,Pluie légère,Deux véhicules - arrière,4,2,4,0,1,1,2,0,1,50,2,2,1,0,0,1,40.0,20.0,voiture,deux_roues,1,2,1,2,2
202400017236,2024-03-12 11:19:00,2024,3,12,11,19,09,09225,MIREPOIX ROUTE DE,43.104998,1.620066,Plein jour,En agglomération,Giratoire,Normale,Autre collision,3,-1,1,0,1,3,1,0,4,50,1,2,1,0,0,1,,,voiture,,1,2,6,1,6
202400017237,2024-06-30 11:28:00,2024,6,30,11,28,987,98735,BERNARDINO (RUE),-17.53319,-149.5661,Plein jour,En agglomération,Autre intersection,Normale,Autre collision,4,2,2,0,1,1,1,0,1,50,1,2,1,0,1,0,80.0,,voiture,,1,2,9,1,6
202400017238,2024-03-12 08:15:00,2024,3,12,8,15,06,06029,Avenue Maréchal Juin,43.54795,7.04206,Plein jour,En agglomération,Hors intersection,Normale,Deux véhicules - arrière,4,1,2,0,1,1,1,0,1,50,2,2,1,0,0,1,48.0,31.0,voiture,utilitaire_camion,1,2,1,1,2
202400017239,2024-07-01 00:45:00,2024,7,1,0,45,974,97411,JAURES (BOULEVARD JEAN),-20.88986,55.46319,Nuit avec éclairage allumé,En agglomération,Hors intersection,Normale,Sans collision,2,3,6,0,2,1,1,0,1,50,1,2,0,0,0,2,25.0,,voiture,,5,2,1,1,7
202400017240,2024-03-12 07:55:00,2024,3,12,7,55,06,06030,Chemin de l'Aubarede,43.5711734,6.982607,Plein jour,En agglomération,Autre intersection,Normale,Autre collision,4,2,3,0,1,1,1,0,1,50,1,3,0,0,0,3,80.0,,voiture,,1,2,9,1,6
202400017241,2024-06-30 23:30:00,2024,6,30,23,30,2A,2A004,#2 Avenue du Docteur Noel Franchini#,41.933923,8.753129,Nuit avec éclairage allumé,En agglomération,Intersection en T,Normale,Deux véhicules - côté,2,2,4,0,1,1,1,5,1,50,2,3,1,0,2,0,20.0,22.0,voiture,deux_roues,5,2,3,1,3
202400017241,2024-06-30 23:30:00,2024,6,30,23,30,2A,2A004,#2 Avenue du Docteur Noel Franchini#,41.933923,8.753129,Nuit avec éclairage allumé,En agglomération,Intersection en T,Normale,Deux véhicules - côté,2,2,4,0,1,1,1,5,1,50,2,3,1,0,2,0,20.0,22.0,voiture,deux_roues,5,2,3,1,3
202400017242,2024-06-30 19:00:00,2024,6,30,19,0,95,95428,PASCAL (RUE),49.00775,2.31638,Plein jour,En agglomération,Hors intersection,Normale,Autre collision,4,2,2,0,1,1,1,0,1,30,1,2,1,0,0,1,19.0,,voiture,,1,2,1,1,6
202400017243,2024-03-12 09:00:00,2024,3,12,9,0,06,06027,2 Avenue de Nice,43.65538,7.15224,Plein jour,En agglomération,Hors intersection,Normale,Trois véhicules et plus - en chaîne,7,2,2,1,1,1,1,0,1,50,3,3,2,0,0,1,18.0,47.0,deux_roues,voiture,1,2,1,1,4
202400017244,2024-06-29 12:10:00,2024,6,29,12,10,95,95598,D144,48.99272976,2.31088334,Plein jour,En agglomération,Hors intersection,Normale,Autre collision,3,2,0,0,2,1,1,0,3,50,1,1,0,0,0,1,49.0,,voiture,,1,2,1,1,6
202400017245,2024-03-11 06:15:00,2024,3,11,6,15,04,04112,REPASSE (AVENUE DE LA),43.83067,5.77172,Crépuscule ou aube,En agglomération,Hors intersection,Pluie légère,Autre collision,2,2,2,0,2,1,2,0,3,30,1,1,0,0,0,1,36.0,,voiture,,2,2,1,2,6
202400017246,2024-06-30 17:00:00,2024,6,30,17,0,95,95127,D14,49.05249484,2.04119471,Plein jour,En agglomération,Hors intersection,Normale,Autre collision,3,-1,0,3,1,1,1,9,8,10,1,1,0,0,0,1,15.0,,autre,,1,2,1,1,6
202400017247,2024-03-12 16:00:00,2024,3,12,16,0,75,75118,RUE ANDRE MESSAGER,48.894869,2.343226,Plein jour,En agglomération,Intersection en X,Pluie légère,Autre collision,4,1, -1,-1,1,1,2,0,8,50,1,2,1,0,0,1,21.0,,utilitaire_camion,,1,2,2,2,6
202400017247,2024-03-12 16:00:00,2024,3,12,16,0,75,75118,RUE ANDRE MESSAGER,48.894869,2.343226,Plein jour,En agglomération,Intersection en X,Pluie légère,Autre collision,4,1, -1,0,1,1,2,0,8,50,1,2,1,0,0,1,21.0,,utilitaire_camion,,1,2,2,2,6
202400017248,2024-06-30 09:30:00,2024,6,30,9,30,91,91161,RUE PIERRE MENDES FRANCE,48.69529,2.31157,Plein jour,En agglomération,Hors intersection,Normale,Deux véhicules - frontale,4,2,2,0,1,1,1,0,1,50,2,4,2,0,0,2,46.0,32.0,voiture,voiture,1,2,1,1,1
202400017249,2024-03-12 13:30:00,2024,3,12,13,30,75,75115,AVENUE DE SUFFREN,48.852798,2.298329,Plein jour,En agglomération,Intersection en T,Pluie légère,Autre collision,4,2,3,0,1,1,2,0,1,30,1,2,1,0,0,1,57.0,,voiture,,1,2,3,2,6
202400017249,2024-03-12 13:30:00,2024,3,12,13,30,75,75115,AVENUE DE SUFFREN,48.852798,2.298329,Plein jour,En agglomération,Intersection en T,Pluie légère,Autre collision,4,1, -1,-1,1,1,2,0,1,30,1,2,1,0,0,1,57.0,,voiture,,1,2,3,2,6
202400017250,2024-06-30 15:50:00,2024,6,30,15,50,91,91421,JEAN JAURES (AVENUE),48.71763,2.4453,Plein jour,En agglomération,Hors intersection,Normale,Deux véhicules - arrière,3,2,0,0,1,1,1,0,1,50,2,2,1,0,0,1,71.0,29.0,voiture,voiture,1,2,1,1,2
202400017251,2024-06-30 12:00:00,2024,6,30,12,0,83,83126,AV DE LA 1ERE ARMEE FRANCAISE,43.1114,5.88162,Plein jour,En agglomération,Intersection en T,Normale,Deux véhicules - côté,3,1,3,0,1,1,1,9,1,50,2,2,1,0,0,1,27.0,44.0,voiture,deux_roues,1,2,3,1,3
202400017251,2024-06-30 12:00:00,2024,6,30,12,0,83,83126,AV DE LA 1ERE ARMEE FRANCAISE,43.1114,5.88162,Plein jour,En agglomération,Intersection en T,Normale,Deux véhicules - côté,3,2, -1,-1,1,1,1,0,1,-1,2,2,1,0,0,1,27.0,44.0,voiture,deux_roues,1,2,3,1,3
202400017252,2024-03-11 20:00:00,2024,3,11,20,0,75,75112,AVENUE DAUMESNIL,48.847256,2.375275,Nuit avec éclairage allumé,En agglomération,Intersection en T,Pluie légère,Deux véhicules - côté,4,1,4,1,1,1,2,0,1,30,2,3,2,0,0,1,22.0,87.0,deux_roues,voiture,5,2,3,2,3
202400017252,2024-03-11 20:00:00,2024,3,11,20,0,75,75112,AVENUE DAUMESNIL,48.847256,2.375275,Nuit avec éclairage allumé,En agglomération,Intersection en T,Pluie légère,Deux véhicules - côté,4,1, -1,-1,1,1,2,0,1,30,2,3,2,0,0,1,22.0,87.0,deux_roues,voiture,5,2,3,2,3
202400017253,2024-06-30 11:25:00,2024,6,30,11,25,83,83069,MINVIEILLE (RUE),43.10966594,6.12360433,Plein jour,En agglomération,Intersection en X,Normale,Deux véhicules - côté,4,1,2,0,1,1,1,0,1,50,2,3,1,0,0,2,,34.0,voiture,deux_roues,1,2,2,1,3
202400017253,2024-06-30 11:25:00,2024,6,30,11,25,83,83069,MINVIEILLE (RUE),43.10966594,6.12360433,Plein jour,En agglomération,Intersection en X,Normale,Deux véhicules - côté,4,1,1,0,1,1,1,0,1,50,2,3,1,0,0,2,,34.0,voiture,deux_roues,1,2,2,1,3
202400017254,2024-03-12 14:30:00,2024,3,12,14,30,75,75109,RUE DE DOUAI,48.882783,2.332071,Plein jour,En agglomération,Intersection en X,Pluie légère,Deux véhicules - frontale,4,1, -1,-1,1,1,2,0,1,30,2,2,1,0,0,1,16.0,51.0,deux_roues,voiture,1,2,2,2,1
202400017254,2024-03-12 14:30:00,2024,3,12,14,30,75,75109,RUE DE DOUAI,48.882783,2.332071,Plein jour,En agglomération,Intersection en X,Pluie légère,Deux véhicules - frontale,4,1,1,2,1,1,2,0,1,30,2,2,1,0,0,1,16.0,51.0,deux_roues,voiture,1,2,2,2,1
202400017255,2024-03-12 09:35:00,2024,3,12,9,35,75,75103,RUE DU TEMPLE,48.866842,2.361917,Plein jour,En agglomération,Intersection en Y,Temps couvert,Sans collision,4,2,3,1,1,1,2,0,1,30,1,1,0,0,0,1,28.0,,deux_roues,,1,2,4,8,7
202400017255,2024-03-12 09:35:00,2024,3,12,9,35,75,75103,RUE DU TEMPLE,48.866842,2.361917,Plein jour,En agglomération,Intersection en Y,Temps couvert,Sans collision,4,1,3,3,1,1,2,0,1,30,1,1,0,0,0,1,28.0,,deux_roues,,1,2,4,8,7
202400017256,2024-06-30 18:30:00,2024,6,30,18,30,78,78146,AUGUSTE RENOIR (RUE),48.90273,2.15867,Plein jour,En agglomération,Hors intersection,Normale,Autre collision,4,-1,2,0,1,1,1,0,1,50,1,2,1,0,0,1,62.0,,voiture,,1,2,1,1,6
202400017257,2024-03-11 17:00:00,2024,3,11,17,0,94,94078,Avenue du 8 Mai 1945 /  Pont de Villeneuve le Roi,48.7278,2.44561,Plein jour,En agglomération,Intersection en T,Pluie légère,Deux véhicules - arrière,2,3,4,0,2,1,2,0,1,50,2,2,1,0,0,1,52.0,55.0,utilitaire_camion,deux_roues,1,2,3,2,2
202400017257,2024-03-11 17:00:00,2024,3,11,17,0,94,94078,Avenue du 8 Mai 1945 /  Pont de Villeneuve le Roi,48.7278,2.44561,Plein jour,En agglomération,Intersection en T,Pluie légère,Deux véhicules - arrière,2,2,3,0,3,1,2,2,1,-1,2,2,1,0,0,1,52.0,55.0,utilitaire_camion,deux_roues,1,2,3,2,2
202400017258,2024-06-30 02:42:00,2024,6,30,2,42,78,78208,GOLDA MEIR (ALLEE),48.76934,1.96615,Nuit avec éclairage allumé,En agglomération,Autre intersection,Normale,Autre collision,4,-1,2,0,1,4,2,0,4,50,1,1,0,0,0,1,31.0,,voiture,,5,2,9,1,6
202400017259,2024-06-30 10:30:00,2024,6,30,10,30,76,76484,D18E,49.3387414,1.07226348,Plein jour,Hors agglomération,Hors intersection,Normale,Sans collision,7,1,1,0,1,1,1,0,1,70,1,1,0,0,0,1,40.0,,voiture,,1,1,1,1,7
202400017260,2024-03-09 21:15:00,2024,3,9,21,15,94,94068,Boulevard de Créteil,48.79788076,2.49993762,Nuit avec éclairage allumé,En agglomération,Hors intersection,Pluie légère,Deux véhicules - côté,3,2,2,0,1,1,2,0,1,30,2,2,1,0,0,1,24.0,36.0,voiture,voiture,5,2,1,2,3
202400017261,2024-06-30 07:00:00,2024,6,30,7,0,76,76640,Route de Pont de l'Arche (Parking Leclerc),49.29045,1.0397,Crépuscule ou aube,En agglomération,Giratoire,Normale,Autre collision,4,1,1,0,1,1,1,0,1,50,1,3,2,0,0,1,24.0,,voiture,,2,2,6,1,6
202400017262,2024-06-30 07:10:00,2024,6,30,7,10,69,69266,Rue du Canal,45.78665,4.89419,Plein jour,En agglomération,Hors intersection,Normale,Autre collision,6,-1,0,0,1,2,1,0,1,30,1,2,1,0,0,1,59.0,,utilitaire_camion,,1,2,1,1,6
202400017263,2024-03-11 16:45:00,2024,3,11,16,45,93,93071,Avenue Hoche / Avenue Ernest Pivot,48.930558,2.529692,Plein jour,En agglomération,Intersection en X,Pluie légère,Deux véhicules - côté,4,2,2,0,1,1,2,0,1,-1,2,5,0,0,0,5,40.0,59.0,utilitaire_camion,utilitaire_camion,1,2,2,2,3
202400017263,2024-03-11 16:45:00,2024,3,11,16,45,93,93071,Avenue Hoche / Avenue Ernest Pivot,48.930558,2.529692,Plein jour,En agglomération,Intersection en X,Pluie légère,Deux véhicules - côté,4,2,2,0,1,1,2,9,1,50,2,5,0,0,0,5,40.0,59.0,utilitaire_camion,utilitaire_camion,1,2,2,2,3
202400017264,2024-06-30 14:38:00,2024,6,30,14,38,63,63113,NAUDIN (RUE),45.78534,3.06857,Plein jour,En agglomération,Hors intersection,Temps couvert,Autre collision,4,2,2,0,1,1,1,0,4,30,1,2,1,0,0,1,,,deux_roues,,1,2,1,8,6
202400017265,2024-03-12 12:00:00,2024,3,12,12,0,93,93008,Avenue de la Division Leclerc,48.910619,2.41433,Plein jour,En agglomération,Hors intersection,Pluie légère,Autre collision,3,2,2,1,1,1,2,8,1,50,1,2,1,0,0,1,42.0,,voiture,,1,2,1,2,6
202400017266,2024-06-30 22:20:00,2024,6,30,22,20,62,62065,N17,50.39937188,2.8245928,Nuit avec éclairage allumé,Hors agglomération,Autre intersection,Normale,Autre collision,2,1,1,0,1,3,1,9,8,70,1,1,0,0,0,1,34.0,,deux_roues,,5,1,9,1,6
202400017267,2024-06-30 04:15:00,2024,6,30,4,15,59,59512,Avenue de l'Union,50.7071,3.16921,Nuit avec éclairage allumé,En agglomération,Intersection en X,Normale,Deux véhicules - côté,4,2,2,3,1,1,1,5,1,50,2,2,1,0,0,1,20.0,18.0,voiture,voiture,5,2,2,1,3
202400017267,2024-06-30 04:15:00,2024,6,30,4,15,59,59512,Avenue de l'Union,50.7071,3.16921,Nuit avec éclairage allumé,En agglomération,Intersection en X,Normale,Deux véhicules - côté,4,2,2,3,1,1,1,0,1,50,2,2,1,0,0,1,20.0,18.0,voiture,voiture,5,2,2,1,3
202400017268,2024-03-12 20:20:00,2024,3,12,20,20,93,93077,Rue de Villemomble / Rue Aristide Briand,48.874009,2.52952,Nuit avec éclairage allumé,En agglomération,Intersection en T,Pluie légère,Autre collision,3,2,2,0,1,1,2,0,1,50,1,2,1,0,0,1,17.0,,deux_roues,,5,2,3,2,6
202400017268,2024-03-12 20:20:00,2024,3,12,20,20,93,93077,Rue de Villemomble / Rue Aristide Briand,48.874009,2.52952,Nuit avec éclairage allumé,En agglomération,Intersection en T,Pluie légère,Autre collision,3,2,2,0,1,1,2,0,1,-1,1,2,1,0,0,1,17.0,,deux_roues,,5,2,3,2,6
202400017269,2024-06-30 15:50:00,2024,6,30,15,50,56,56260,Parking du supermarché Carrefour,47.6436,-2.7416,Plein jour,En agglomération,Hors intersection,Temps couvert,Autre collision,6,-1, -1,0,2,1,1,0,1,30,1,1,0,0,0,1,69.0,,deux_roues,,1,2,1,8,6
202400017270,2024-06-28 14:42:00,2024,6,28,14,42,46,46095,DEPARTEMENTALE N° 811,44.51835,1.35382,Plein jour,Hors agglomération,Hors intersection,Normale,Sans collision,3,2,2,0,2,2,1,0,3,70,1,1,0,0,0,1,24.0,,voiture,,1,1,1,1,7
202400017271,2024-06-30 07:20:00,2024,6,30,7,20,45,45284,102 Avenue Charles Péguy,47.90577,1.9506,Plein jour,En agglomération,Hors intersection,Pluie légère,Deux véhicules - arrière,7,2,2,0,1,1,2,0,1,50,2,2,1,0,0,1,40.0,27.0,voiture,voiture,1,2,1,2,2
202400017272,2024-03-12 20:05:00,2024,3,12,20,5,93,93046,Allée Jean Coulon / Allée de l'Est,48.92934,2.5546,Nuit avec éclairage allumé,En agglomération,Giratoire,Pluie légère,Autre collision,4,2,2,0,2,1,2,0,1,-1,1,2,0,0,0,2,43.0,,voiture,,5,2,6,2,6
202400017272,2024-03-12 20:05:00,2024,3,12,20,5,93,93046,Allée Jean Coulon / Allée de l'Est,48.92934,2.5546,Nuit avec éclairage allumé,En agglomération,Giratoire,Pluie légère,Autre collision,4,2,2,0,1,2,2,5,1,50,1,2,0,0,0,2,43.0,,voiture,,5,2,6,2,6
202400017273,2024-06-29 16:30:00,2024,6,29,16,30,37,37261,MONTJOYEUX (AVENUE),47.36246,0.70187,Plein jour,En agglomération,Hors intersection,Normale,Autre collision,4,2,2,0,2,1,1,0,1,50,1,1,0,0,0,1,70.0,,deux_roues,,1,2,1,1,6
202400017274,2024-06-30 14:10:00,2024,6,30,14,10,29,29232,Avenue de Ti Pont,48.01654,-4.09806,Plein jour,En agglomération,Hors intersection,Normale,Deux véhicules - côté,4,-1,2,0,1,1,1,0,1,50,2,2,1,0,0,1,41.0,18.0,voiture,voiture,1,2,1,1,3
202400017275,2024-11-18 17:50:00,2024,11,18,17,50,91,91471,RUE LOUIS WEISS,48.70588,2.19188,Nuit avec éclairage allumé,En agglomération,Hors intersection,Pluie légère,Autre collision,3,-1,2,0,2,1,2,9,1,50,1,2,1,0,0,1,25.0,,voiture,,5,2,1,2,6
202400017276,2024-06-30 03:38:00,2024,6,30,3,38,29,29232,RN 165,48.03938806,-4.07526401,Nuit sans éclairage public,Hors agglomération,Hors intersection,Normale,Sans collision,2,1,2,0,1,1,1,0,8,90,1,1,0,0,0,1,20.0,,voiture,,3,1,1,1,7
202400017277,2024-03-12 02:00:00,2024,3,12,2,0,93,93010,Avenue Galliéni / Allée Georges Sand,48.906121,2.482873,Nuit sans éclairage public,En agglomération,Intersection en T,Normale,Deux véhicules - arrière,3,3,4,0,1,1,1,0,1,50,2,3,1,0,0,2,38.0,22.0,voiture,voiture,3,2,3,1,2
202400017277,2024-03-12 02:00:00,2024,3,12,2,0,93,93010,Avenue Galliéni / Allée Georges Sand,48.906121,2.482873,Nuit sans éclairage public,En agglomération,Intersection en T,Normale,Deux véhicules - arrière,3,1,1,0,1,1,1,0,1,-1,2,3,1,0,0,2,38.0,22.0,voiture,voiture,3,2,3,1,2
202400017278,2024-11-19 17:40:00,2024,11,19,17,40,91,91479,AV DU GENERAL DE GAULLE,48.71,2.36,Nuit avec éclairage allumé,En agglomération,Autre intersection,Pluie légère,Autre collision,4,2,2,0,1,1,2,9,1,50,1,2,1,0,0,1,,,voiture,,5,2,9,2,6
202400017279,2024-03-12 08:10:00,2024,3,12,8,10,92,92077,ST CLOUD (RUE DE),48.82854905,2.19203174,Plein jour,En agglomération,Hors intersection,Normale,Deux véhicules - côté,3,2,2,0,1,1,2,0,1,30,2,2,1,0,0,1,50.0,18.0,autre,deux_roues,1,2,1,1,3
202400017280,2024-11-20 00:39:00,2024,11,20,0,39,87,87085,LATTRE-DE-TASSIGNY (AVENUE DU MARECHAL),45.82538,1.27142,Nuit avec éclairage allumé,En agglomération,Hors intersection,Pluie légère,Autre collision,3,2,4,0,1,1,2,0,1,50,1,1,0,0,1,0,22.0,,voiture,,5,2,1,2,6
202400017281,2024-06-30 16:30:00,2024,6,30,16,30,18,18279,25 Avenue de Verdun,47.22522,2.07321,Plein jour,En agglomération,Intersection en T,Normale,Sans collision,4,2,2,0,2,1,1,0,1,50,1,2,1,0,0,1,82.0,,voiture,,1,2,3,1,7
202400017281,2024-06-30 16:30:00,2024,6,30,16,30,18,18279,25 Avenue de Verdun,47.22522,2.07321,Plein jour,En agglomération,Intersection en T,Normale,Sans collision,4,2,1,0,2,1,1,0,1,50,1,2,1,0,0,1,82.0,,voiture,,1,2,3,1,7
202400017282,2024-03-12 17:50:00,2024,3,12,17,50,92,92076,REPUBLIQUE,48.83751772,2.15461707,Crépuscule ou aube,En agglomération,Autre intersection,Pluie légère,Deux véhicules - côté,3,2,2,0,1,1,2,0,1,50,2,2,0,0,0,2,75.0,72.0,voiture,voiture,2,2,9,2,3
202400017283,2024-06-30 19:15:00,2024,6,30,19,15,14,14117,90 Avenue Charles de Gaulle,49.285496,-0.139127,Plein jour,En agglomération,Hors intersection,Normale,Sans collision,3,2,2,0,1,1,1,0,4,50,1,1,0,0,0,1,54.0,,deux_roues,,1,2,1,1,7
202400017284,2024-03-12 10:05:00,2024,3,12,10,5,92,92064,CARNOT,48.84909778,2.22394252,Plein jour,En agglomération,Hors intersection,Pluie légère,Deux véhicules - arrière,3,2,2,0,1,1,2,0,1,50,2,2,1,0,0,1,,33.0,voiture,utilitaire_camion,1,2,1,2,2
202400017285,2024-11-19 10:55:00,2024,11,19,10,55,84,84007,RÉPUBLIQUE (RUE DE LA),43.94557,4.80545,Plein jour,En agglomération,Hors intersection,Normale,Autre collision,4,1,2,3,2,1,1,0,1,20,1,2,1,0,1,0,19.0,,utilitaire_camion,,1,2,1,1,6
202400017286,2024-06-30 01:45:00,2024,6,30,1,45,13,13071,ROUTE NATIONALE 113 - MONTEE DE L'ASSASS,43.41000972,5.32442526,Nuit sans éclairage public,Hors agglomération,Hors intersection,Normale,Deux véhicules - frontale,3,2,2,0,2,1,1,0,1,70,2,6,2,0,0,4,25.0,36.0,voiture,voiture,3,1,1,1,1
202400017287,2024-03-12 11:55:00,2024,3,12,11,55,92,92040,PAUL-VAILLANT COUTURIER (PLACE),48.82693461,2.27925682,Plein jour,En agglomération,Intersection en X,Pluie légère,Deux véhicules - frontale,4,2,4,2,1,1,2,0,1,30,2,2,1,0,0,1,23.0,23.0,deux_roues,voiture,1,2,2,2,1
202400017287,2024-03-12 11:55:00,2024,3,12,11,55,92,92040,PAUL-VAILLANT COUTURIER (PLACE),48.82693461,2.27925682,Plein jour,En agglomération,Intersection en X,Pluie légère,Deux véhicules - frontale,4,2,0,2,1,1,2,0,1,30,2,2,1,0,0,1,23.0,23.0,deux_roues,voiture,1,2,2,2,1
202400017288,2024-06-30 01:40:00,2024,6,30,1,40,13,13202,PORT (QUAI DU),43.296,5.36891,Nuit avec éclairage allumé,En agglomération,Hors intersection,Normale,Deux véhicules - côté,4,2,1,0,1,1,1,0,1,50,2,2,1,0,1,0,30.0,24.0,deux_roues,deux_roues,5,2,1,1,3
202400017289,2024-11-20 13:45:00,2024,11,20,13,45,83,83144,NEEL (Rue Louis),43.14022,6.01016,Plein jour,Hors agglomération,Giratoire,Vent fort / tempête,Deux véhicules - côté,4,1,1,0,1,3,1,0,1,50,2,4,1,0,1,2,37.0,28.0,deux_roues,voiture,1,1,6,6,3
202400017290,2024-03-12 19:50:00,2024,3,12,19,50,92,92004,AULAGNIER ( QUAI ),48.91222128,2.30225301,Crépuscule ou aube,En agglomération,Hors intersection,Pluie légère,Deux véhicules - côté,3,1,2,0,1,1,2,0,1,70,2,2,1,0,0,1,40.0,51.0,voiture,deux_roues,2,2,1,2,3
202400017291,2024-06-29 21:10:00,2024,6,29,21,10,06,06029,21 chemin de la Bastide Rouge,43.55389,6.9568,Plein jour,Hors agglomération,Hors intersection,Normale,Autre collision,4,2,2,0,1,1,1,0,1,30,1,2,1,1,0,0,32.0,,voiture,,1,1,1,1,6
202400017292,2024-11-14 19:00:00,2024,11,14,19,0,83,83118,ROUTE DE LA CORNICHE,43.41493,6.80929,Nuit avec éclairage allumé,En agglomération,Intersection en X,Normale,Deux véhicules - côté,3,2, -1,-1,1,1,1,0,1,-1,2,2,1,0,1,0,63.0,22.0,voiture,deux_roues,5,2,2,1,3
202400017292,2024-11-14 19:00:00,2024,11,14,19,0,83,83118,ROUTE DE LA CORNICHE,43.41493,6.80929,Nuit avec éclairage allumé,En agglomération,Intersection en X,Normale,Deux véhicules - côté,3,2,3,0,1,1,1,0,1,50,2,2,1,0,1,0,63.0,22.0,voiture,deux_roues,5,2,2,1,3
202400017293,2024-03-12 08:20:00,2024,3,12,8,20,92,92002,RAYMON ARON (AVENUE),48.77063452,2.31190431,Plein jour,En agglomération,Autre intersection,Normale,Deux véhicules - côté,3,3,4,2,1,1,2,0,5,50,2,2,1,0,0,1,38.0,31.0,voiture,deux_roues,1,2,9,1,3
202400017294,2024-06-30 10:20:00,2024,6,30,10,20,05,05023,DE LATTRE DE TASSIGNY (RUE),44.883543,6.623299,Plein jour,En agglomération,Autre intersection,Normale,Deux véhicules - côté,3,2,2,1,1,1,1,0,5,50,2,2,1,0,0,1,78.0,50.0,voiture,deux_roues,1,2,9,1,3
202400017295,2024-11-20 19:20:00,2024,11,20,19,20,81,81004,STRASBOURG (BD DE),43.9332,2.1466,Nuit avec éclairage allumé,En agglomération,Hors intersection,Pluie légère,Autre collision,4,2,2,0,1,1,2,0,1,50,1,2,1,0,0,1,26.0,,voiture,,5,2,1,2,6
202400017296,2024-03-13 03:45:00,2024,3,13,3,45,974,97415,Rue Cendragon,-21.034227,55.268867,Nuit sans éclairage public,En agglomération,Intersection en T,Normale,Autre collision,3,2,2,0,1,1,1,0,1,50,1,2,1,0,1,0,24.0,,voiture,,3,2,3,1,6
202400017296,2024-03-13 03:45:00,2024,3,13,3,45,974,97415,Rue Cendragon,-21.034227,55.268867,Nuit sans éclairage public,En agglomération,Intersection en T,Normale,Autre collision,3,2, -1,-1,2,1,1,5,1,-1,1,2,1,0,1,0,24.0,,voiture,,3,2,3,1,6
202400017297,2024-06-30 22:10:00,2024,6,30,22,10,03,03101,Avenue des Martyrs,46.339433,2.567825,Crépuscule ou aube,En agglomération,Hors intersection,Normale,Autre collision,6,-1, -1,0,1,1,1,9,8,20,1,2,0,0,0,2,19.0,,voiture,,2,2,1,1,6
202400017298,2024-11-19 14:08:00,2024,11,19,14,8,80,80021,ALPHONSE FIQUET (PLACE),49.89086,2.30645,Plein jour,En agglomération,Hors intersection,Pluie légère,Autre collision,4,2,5,0,1,1,2,0,1,30,1,2,1,0,1,0,50.0,,transport_commun,,1,2,1,2,6
202400017299,2024-11-19 16:10:00,2024,11,19,16,10,79,79191,,46.30224,-0.46584,Plein jour,En agglomération,Hors intersection,Pluie légère,Sans collision,3,2,2,0,1,1,2,0,3,50,1,1,0,1,0,0,30.0,,voiture,,1,2,1,2,7
202400017300,2024-03-05 11:28:00,2024,3,5,11,28,35,35233,D795,48.3568966,-1.77318357,Plein jour,Hors agglomération,Intersection en T,Normale,Deux véhicules - frontale,3,2,2,0,1,1,1,0,1,80,2,2,1,0,1,0,55.0,30.0,voiture,utilitaire_camion,1,1,3,1,1
202400017300,2024-03-05 11:28:00,2024,3,5,11,28,35,35233,D795,48.3568966,-1.77318357,Plein jour,Hors agglomération,Intersection en T,Normale,Deux véhicules - frontale,3,2,2,0,1,1,1,0,1,80,2,2,1,0,1,0,55.0,30.0,voiture,utilitaire_camion,1,1,3,1,1
202400017301,2024-06-30 17:40:00,2024,6,30,17,40,75,75114,BD PERIPHERIQUE INTERIEUR,48.82495502,2.30390221,Plein jour,En agglomération,Autre intersection,Normale,Deux véhicules - arrière,4,1,4,0,1,1,1,0,1,70,2,3,2,0,0,1,33.0,37.0,voiture,voiture,1,2,9,1,2