accident_id,datetime,annee,mois,jour,heure,minute,departement,commune_insee,adresse,latitude,longitude,luminosite,agglomeration,intersection,meteo,collision,catr,circ,nbv,vosp,prof,plan,surf,infra,situ,vma,nb_vehicules,nb_usagers,nb_indemnes,nb_tues,nb_blesses_hosp,nb_blesses_legers,age_cond_1,age_cond_2,veh_type_cond_1,veh_type_cond_2,lum_code,agg_code,int_code,atm_code,col_code
202400017669,2024-12-12 16:45:00,2024,12,12,16,45,44,44109,Route de Paris,47.2602934,-1.4989901,Crépuscule ou aube,En agglomération,Intersection en X,Normale,Deux véhicules - côté,4,1,1,0,1,2,1,5,1,30,2,3,2,0,0,1,74.0,60.0,voiture,voiture,2,2,2,1,3
202400017669,2024-12-12 16:45:00,2024,12,12,16,45,44,44109,Route de Paris,47.2602934,-1.4989901,Crépuscule ou aube,En agglomération,Intersection en X,Normale,Deux véhicules - côté,4,3,4,0,1,1,1,0,1,50,2,3,2,0,0,1,74.0,60.0,voiture,voiture,2,2,2,1,3
202400017670,2024-04-17 17:15:00,2024,4,17,17,15,80,80021,Boulevard Châteaudun,49.88446,2.2817,Plein jour,En agglomération,Hors intersection,Normale,Deux véhicules - arrière,4,-1,2,0,1,1,1,0,1,30,2,2,1,0,0,1,46.0,50.0,deux_roues,voiture,1,2,1,1,2
202400017671,2024-12-11 07:50:00,2024,12,11,7,50,44,44109,13 Place de la République,47.20545643,-1.55421671,Crépuscule ou aube,En agglomération,Giratoire,Normale,Deux véhicules - côté,4,1,3,2,1,2,1,-1,1,30,2,2,1,0,0,1,21.0,21.0,voiture,deux_roues,2,2,6,1,3
202400017672,2024-04-17 12:05:00,2024,4,17,12,5,80,80021,Rue de Saveuse,49.90124,2.23826,Plein jour,Hors agglomération,Hors intersection,Normale,Deux véhicules - côté,3,2,2,0,1,1,1,0,1,80,2,3,0,1,2,0,38.0,34.0,voiture,voiture,1,1,1,1,3
202400017673,2024-12-10 18:15:00,2024,12,10,18,15,44,44215,,47.18002558,-1.5034348,Nuit sans éclairage public,Hors agglomération,Hors intersection,Normale,Trois véhicules et plus - en chaîne,2,3,4,0,2,3,1,0,1,90,3,3,2,0,0,1,61.0,36.0,deux_roues,voiture,3,1,1,1,4
202400017674,2024-04-17 11:26:00,2024,4,17,11,26,77,77040,MELUN ( ROUTE ),48.51879,2.5747,Plein jour,Hors agglomération,Hors intersection,Normale,Deux véhicules - frontale,3,2,2,0,1,1,1,0,1,80,2,2,1,1,0,0,50.0,51.0,voiture,utilitaire_camion,1,1,1,1,1
202400017675,2024-12-05 21:50:00,2024,12,5,21,50,44,44190,411 Route de Clisson,47.1871483,-1.4793123,Nuit avec éclairage allumé,En agglomération,Hors intersection,Normale,Deux véhicules - côté,4,2,2,0,1,1,1,0,1,50,2,2,1,0,0,1,38.0,20.0,voiture,deux_roues,5,2,1,1,3
202400017676,2024-10-24 18:05:00,2024,10,24,18,5,74,74298,BONNEVILLE (ROUTE DE ),46.17115,6.25306,Crépuscule ou aube,Hors agglomération,Hors intersection,Normale,Deux véhicules - côté,3,2,2,0,1,1,1,0,1,70,2,2,1,0,0,1,52.0,20.0,utilitaire_camion,deux_roues,2,1,1,1,3
202400017677,2024-04-17 14:10:00,2024,4,17,14,10,77,77251,D. 50,48.60876,2.5556,Plein jour,En agglomération,Hors intersection,Normale,Autre collision,3,2,0,0,1,1,1,0,1,70,3,4,2,0,1,1,20.0,72.0,voiture,voiture,1,2,1,1,6
202400017678,2024-12-24 09:40:00,2024,12,24,9,40,976,97611,m'tsapere-Nationale 2 (route),-12.79999,45.21578,Plein jour,Hors agglomération,Hors intersection,Normale,Deux véhicules - frontale,4,-1,2,0,1,1,1,0,1,50,2,3,2,0,0,1,48.0,35.0,voiture,deux_roues,1,1,1,1,1
202400017679,2024-04-17 14:15:00,2024,4,17,14,15,76,76366,Rue de la République,49.509049,1.035835,Plein jour,En agglomération,Intersection en X,Normale,Deux véhicules - côté,7,1,1,0,1,1,1,0,1,50,2,2,1,0,0,1,26.0,57.0,voiture,voiture,1,2,2,1,3
202400017679,2024-04-17 14:15:00,2024,4,17,14,15,76,76366,Rue de la République,49.509049,1.035835,Plein jour,En agglomération,Intersection en X,Normale,Deux véhicules - côté,7,2,2,0,1,1,1,0,1,50,2,2,1,0,0,1,26.0,57.0,voiture,voiture,1,2,2,1,3
202400017680,2024-04-18 06:05:00,2024,4,18,6,5,72,72181,GOUGEARD (RUE) N° IMP,48.00558,0.20162,Nuit avec éclairage allumé,En agglomération,Hors intersection,Normale,Sans collision,4,1,1,0,2,2,1,5,1,50,1,1,0,0,0,1,21.0,,deux_roues,,5,2,1,1,7
202400017681,2024-12-24 16:35:00,2024,12,24,16,35,973,97302,PREVOT (ERNEST),4.9330234,-52.3328197,Plein jour,En agglomération,Intersection en X,Normale,Deux véhicules - côté,4,2,2,0,1,1,1,0,1,50,2,3,2,0,0,1,38.0,29.0,deux_roues,voiture,1,2,2,1,3
202400017681,2024-12-24 16:35:00,2024,12,24,16,35,973,97302,PREVOT (ERNEST),4.9330234,-52.3328197,Plein jour,En agglomération,Intersection en X,Normale,Deux véhicules - côté,4,1,2,0,1,1,1,0,1,50,2,3,2,0,0,1,38.0,29.0,deux_roues,voiture,1,2,2,1,3
202400017682,2024-04-18 12:15:00,2024,4,18,12,15,69,69259,Rue du Clos Verger,45.72016,4.89324,Plein jour,En agglomération,Hors intersection,Temps couvert,Deux véhicules - côté,4,2,2,0,1,1,2,0,1,50,2,2,1,0,0,1,85.0,13.0,voiture,deux_roues,1,2,1,8,3
202400017683,2024-12-24 09:05:00,2024,12,24,9,5,69,69386,Rue Vendôme,45.76734,4.84527,Plein jour,En agglomération,Intersection en X,Normale,Autre collision,4,1,1,2,1,1,1,0,1,30,1,2,1,0,0,1,92.0,,voiture,,1,2,2,1,6
202400017683,2024-12-24 09:05:00,2024,12,24,9,5,69,69386,Rue Vendôme,45.76734,4.84527,Plein jour,En agglomération,Intersection en X,Normale,Autre collision,4,2,2,2,1,1,1,0,1,30,1,2,1,0,0,1,92.0,,voiture,,1,2,2,1,6
202400017684,2024-12-24 09:45:00,2024,12,24,9,45,972,97209,PARADISIERS (AVENUE DES),14.61833,-61.03693,Plein jour,Hors agglomération,Hors intersection,Normale,Autre collision,1,2,2,0,1,1,1,0,1,30,1,1,0,0,0,1,41.0,,voiture,,1,1,1,1,6
202400017685,2024-04-17 19:05:00,2024,4,17,19,5,69,69259,Rue Gambetta,45.69645,4.88378,Plein jour,En agglomération,Passage à niveau,Temps couvert,Deux véhicules - côté,4,2,2,2,1,1,1,4,6,50,2,2,1,0,0,1,61.0,52.0,transport_commun,voiture,1,2,8,8,3
202400017685,2024-04-17 19:05:00,2024,4,17,19,5,69,69259,Rue Gambetta,45.69645,4.88378,Plein jour,En agglomération,Passage à niveau,Temps couvert,Deux véhicules - côté,4,2,2,3,1,1,1,4,6,50,2,2,1,0,0,1,61.0,52.0,transport_commun,voiture,1,2,8,8,3
202400017686,2024-12-24 13:25:00,2024,12,24,13,25,972,97209,AUTOROUTE (A1),14.6192,-61.03887,Plein jour,Hors agglomération,Hors intersection,Normale,Deux véhicules - côté,1,1,3,0,2,1,2,9,1,90,2,2,1,0,0,1,66.0,,deux_roues,voiture,1,1,1,1,3
202400017687,2024-04-17 17:15:00,2024,4,17,17,15,69,69091,Rue de la Paix,45.58489,4.7504,Plein jour,En agglomération,Hors intersection,Pluie légère,Trois véhicules et plus - collisions multiples,4,2,3,0,1,2,2,0,1,50,3,4,2,0,0,2,38.0,51.0,voiture,voiture,1,2,1,2,5
202400017688,2024-12-24 05:15:00,2024,12,24,5,15,69,69382,30 Cours de Verdun Perrache,45.74851937,4.82820615,Nuit avec éclairage allumé,Hors agglomération,Hors intersection,Normale,Autre collision,4,1,1,3,1,1,1,0,1,30,1,2,1,0,0,1,,,transport_commun,,5,1,1,1,6
202400017689,2024-12-23 16:36:00,2024,12,23,16,36,2A,2A004,#105b Cours Napoléon#,41.931065,8.739621,Plein jour,En agglomération,Hors intersection,Temps couvert,Deux véhicules - côté,2,2,3,0,1,1,2,0,1,50,2,2,1,0,0,1,52.0,67.0,utilitaire_camion,voiture,1,2,1,8,3
202400017690,2024-04-17 22:15:00,2024,4,17,22,15,67,67482,SEBASTOPOL (RUE DE),48.5858,7.74337,Nuit avec éclairage allumé,En agglomération,Intersection à plus de 4 branches,Normale,Deux véhicules - côté,4,3,4,1,1,1,1,0,8,30,2,2,1,0,0,1,34.0,47.0,voiture,deux_roues,5,2,5,1,3
202400017690,2024-04-17 22:15:00,2024,4,17,22,15,67,67482,SEBASTOPOL (RUE DE),48.5858,7.74337,Nuit avec éclairage allumé,En agglomération,Intersection à plus de 4 branches,Normale,Deux véhicules - côté,4,3,3,1,1,1,1,5,1,30,2,2,1,0,0,1,34.0,47.0,voiture,deux_roues,5,2,5,1,3
202400017691,2024-12-24 17:00:00,2024,12,24,17,0,91,91457,RTE DE LA FERTE ALAIS,48.582398,2.256024,Crépuscule ou aube,En agglomération,Hors intersection,Pluie légère,Deux véhicules - côté,3,2,2,0,1,1,2,0,1,50,2,2,1,0,0,1,40.0,33.0,voiture,deux_roues,2,2,1,2,3
202400017692,2024-04-17 15:10:00,2024,4,17,15,10,62,62737,D937,50.46239268,2.67712589,Plein jour,En agglomération,Hors intersection,Normale,Autre collision,3,2,3,0,3,1,1,0,1,50,1,2,1,0,1,0,58.0,,voiture,,1,2,1,1,6
202400017693,2024-12-24 16:10:00,2024,12,24,16,10,91,91201,RUE EUGENE DELACROIX,48.68113096,2.42799273,Plein jour,En agglomération,Hors intersection,Pluie légère,Trois véhicules et plus - collisions multiples,3,2,3,0,2,1,2,0,1,50,3,5,4,0,0,1,30.0,33.0,voiture,voiture,1,2,1,2,5
202400017694,2024-04-13 08:35:00,2024,4,13,8,35,62,62498,Rue de Londres,50.44558,2.83854,Plein jour,En agglomération,Autre intersection,Normale,Deux véhicules - côté,4,-1,2,0,1,3,1,5,1,50,2,3,2,0,0,1,,19.0,utilitaire_camion,voiture,1,2,9,1,3
202400017695,2024-12-23 17:20:00,2024,12,23,17,20,91,91687,MARMONT (AVENUE),48.666814,2.376848,Nuit avec éclairage allumé,En agglomération,Hors intersection,Pluie légère,Trois véhicules et plus - collisions multiples,3,3,0,0,1,1,2,1,1,50,3,3,2,0,1,0,55.0,25.0,voiture,deux_roues,5,2,1,2,5
202400017696,2024-04-18 19:45:00,2024,4,18,19,45,62,62160,Rue de la Paix,50.7297,1.61201,Plein jour,En agglomération,Intersection en T,Normale,Deux véhicules - côté,4,2,2,0,2,1,1,0,1,50,2,2,1,0,1,0,71.0,28.0,voiture,deux_roues,1,2,3,1,3
202400017696,2024-04-18 19:45:00,2024,4,18,19,45,62,62160,Rue de la Paix,50.7297,1.61201,Plein jour,En agglomération,Intersection en T,Normale,Deux véhicules - côté,4,1,2,0,2,1,1,0,1,50,2,2,1,0,1,0,71.0,28.0,voiture,deux_roues,1,2,3,1,3
202400017697,2024-11-26 17:30:00,2024,11,26,17,30,89,89387,MAIL (BOULEVARD DU),48.19925,3.28721,Nuit avec éclairage allumé,En agglomération,Hors intersection,Pluie légère,Autre collision,4,1,1,0,1,1,2,0,1,50,1,2,1,0,0,1,28.0,,voiture,,5,2,1,2,6
202400017698,2024-12-24 11:20:00,2024,12,24,11,20,83,83144,VALERY (AVE PAUL),43.12986,5.99057,Plein jour,En agglomération,Hors intersection,Normale,Autre collision,4,2,1,0,1,1,1,0,1,50,1,3,1,0,0,2,28.0,,voiture,,1,2,1,1,6
202400017699,2024-12-24 20:00:00,2024,12,24,20,0,80,80021,Rue d'Abbeville,49.90792,2.26442,Nuit avec éclairage allumé,En agglomération,Giratoire,Pluie légère,Deux véhicules - arrière,3,2,2,0,1,1,2,0,1,30,2,3,2,0,0,1,28.0,31.0,utilitaire_camion,voiture,5,2,6,2,2
202400017699,2024-12-24 20:00:00,2024,12,24,20,0,80,80021,Rue d'Abbeville,49.90792,2.26442,Nuit avec éclairage allumé,En agglomération,Giratoire,Pluie légère,Deux véhicules - arrière,3,-1,2,0,1,1,2,0,1,30,2,3,2,0,0,1,28.0,31.0,utilitaire_camion,voiture,5,2,6,2,2
202400017700,2024-04-18 08:30:00,2024,4,18,8,30,59,59508,Boulevard d'Halluin,50.74391,3.132169,Plein jour,En agglomération,Hors intersection,Normale,Autre collision,7,2,1,0,1,1,1,0,1,50,1,2,1,0,0,1,41.0,,voiture,,1,2,1,1,6
202400017701,2024-12-24 07:45:00,2024,12,24,7,45,77,77350,D471,48.77896,2.70942,Nuit sans éclairage public,Hors agglomération,Hors intersection,Pluie légère,Deux véhicules - frontale,3,2,2,0,1,1,2,0,1,80,2,2,1,0,0,1,27.0,45.0,voiture,utilitaire_camion,3,1,1,2,1
202400017702,2024-04-12 15:00:00,2024,4,12,15,0,59,59636,YPRES RUE D,50.67874,3.04803,Plein jour,En agglomération,Hors intersection,Normale,Deux véhicules - côté,7,2,1,0,1,1,1,0,1,50,2,3,1,0,0,2,45.0,28.0,utilitaire_camion,voiture,1,2,1,1,3
202400017703,2024-12-23 18:20:00,2024,12,23,18,20,77,77058,GENERAL DE GAULLE  (AVENUE DU),48.8419,2.73819,Nuit avec éclairage allumé,En agglomération,Hors intersection,Pluie légère,Autre collision,4,-1,2,0,1,1,2,0,1,50,1,2,1,0,0,1,50.0,,voiture,,5,2,1,2,6
202400017704,2024-12-24 15:50:00,2024,12,24,15,50,76,76451,Rue du Tronquet,49.47155,1.07652,Plein jour,En agglomération,Intersection en X,Pluie légère,Deux véhicules - frontale,4,2,2,0,1,1,2,0,1,50,2,2,0,0,0,2,52.0,33.0,utilitaire_camion,voiture,1,2,2,2,1
202400017704,2024-12-24 15:50:00,2024,12,24,15,50,76,76451,Rue du Tronquet,49.47155,1.07652,Plein jour,En agglomération,Intersection en X,Pluie légère,Deux véhicules - frontale,4,2,2,0,1,1,2,-1,1,50,2,2,0,0,0,2,52.0,33.0,utilitaire_camion,voiture,1,2,2,2,1
202400017705,2024-04-18 17:00:00,2024,4,18,17,0,59,59183,RD601,51.00434,2.26415,Plein jour,Hors agglomération,Autre intersection,Normale,Autre collision,3,2,2,0,1,1,1,2,1,90,1,2,1,1,0,0,20.0,,voiture,,1,1,9,1,6
202400017706,2024-12-23 16:30:00,2024,12,23,16,30,76,76486,Rue Pierre et Thomas Corneille,49.30392183,0.9924345,Plein jour,En agglomération,Hors intersection,Normale,Deux véhicules - arrière,7,2,2,0,1,1,1,0,1,50,2,2,1,0,1,0,64.0,33.0,voiture,deux_roues,1,2,1,1,2
202400017707,2024-04-18 10:00:00,2024,4,18,10,0,59,59017,DEPORTES (RUE DES),50.685301,2.89034,Plein jour,En agglomération,Intersection en T,Normale,Autre collision,7,2,1,0,1,1,1,0,1,30,1,2,1,0,1,0,65.0,,voiture,,1,2,3,1,6
202400017707,2024-04-18 10:00:00,2024,4,18,10,0,59,59017,DEPORTES (RUE DES),50.685301,2.89034,Plein jour,En agglomération,Intersection en T,Normale,Autre collision,7,2,1,0,1,3,1,0,1,30,1,2,1,0,1,0,65.0,,voiture,,1,2,3,1,6
202400017708,2024-12-21 18:10:00,2024,12,21,18,10,76,76447,MARECHAL FOCH,49.52337,0.19302,Nuit avec éclairage allumé,En agglomération,Hors intersection,Pluie légère,Autre collision,4,2, -1,0,2,1,2,0,1,50,1,2,1,0,1,0,52.0,,voiture,,5,2,1,2,6
202400017709,2024-12-21 03:20:00,2024,12,21,3,20,76,76351,ANDREI SAKHAROV (RUE),49.504753,0.16611,Nuit avec éclairage allumé,En agglomération,Hors intersection,Normale,Autre collision,4,2,2,0,1,1,2,0,1,50,1,1,0,0,0,1,40.0,,voiture,,5,2,1,1,6
202400017710,2024-04-18 08:15:00,2024,4,18,8,15,56,56260,Giratoire de la Gare,47.66415,-2.75553,Plein jour,En agglomération,Giratoire,Normale,Deux véhicules - arrière,4,1,1,0,1,2,1,5,1,50,2,3,2,0,0,1,20.0,52.0,voiture,deux_roues,1,2,6,1,2
202400017711,2024-12-24 20:20:00,2024,12,24,20,20,72,72181,BOLLEE (AV) N° IMP 201 A 255,47.99755,0.21556,Nuit avec éclairage allumé,En agglomération,Giratoire,Normale,Deux véhicules - frontale,4,-1,0,0,1,1,2,8,1,30,2,3,2,0,0,1,84.0,51.0,voiture,voiture,5,2,6,1,1
202400017712,2024-04-17 17:13:00,2024,4,17,17,13,56,56036,La Montagne du Salut,47.791376,-3.317171,Plein jour,Hors agglomération,Hors intersection,Normale,Deux véhicules - arrière,2,3,4,0,1,1,1,0,1,90,2,2,1,0,1,0,57.0,61.0,deux_roues,voiture,1,1,1,1,2
202400017713,2024-12-23 20:00:00,2024,12,23,20,0,72,72181,DURAND GEORGES (AV) N° IMP 199 AU N° 311,47.97133,0.21709,Nuit avec éclairage allumé,En agglomération,Intersection en X,Normale,Deux véhicules - côté,4,2,0,0,1,1,1,5,1,50,2,5,2,0,0,3,20.0,37.0,voiture,voiture,5,2,2,1,3
202400017713,2024-12-23 20:00:00,2024,12,23,20,0,72,72181,DURAND GEORGES (AV) N° IMP 199 AU N° 311,47.97133,0.21709,Nuit avec éclairage allumé,En agglomération,Intersection en X,Normale,Deux véhicules - côté,4,2, -1,-1,1,1,1,5,1,-1,2,5,2,0,0,3,20.0,37.0,voiture,voiture,5,2,2,1,3
202400017714,2024-04-17 17:55:00,2024,4,17,17,55,56,56121,BELGIQUE (RUE  DE ),47.760126,-3.382963,Plein jour,En agglomération,Hors intersection,Normale,Deux véhicules - côté,4,2,0,2,1,1,1,-1,5,30,2,2,1,0,0,1,76.0,28.0,voiture,deux_roues,1,2,1,1,3
202400017715,2024-12-23 14:30:00,2024,12,23,14,30,69,69115,Avenue Edouard Herriot,45.97903524,4.73107056,Plein jour,En agglomération,Giratoire,Normale,Autre collision,3,2,2,0,1,1,1,0,1,50,1,2,1,0,0,1,35.0,,voiture,,1,2,6,1,6
202400017716,2024-04-13 14:15:00,2024,4,13,14,15,50,50002,COUTANCES (route de),49.106259,-1.1444736,Plein jour,En agglomération,Hors intersection,Normale,Deux véhicules - frontale,3,2,2,0,1,1,1,0,1,80,2,2,1,0,1,0,71.0,74.0,utilitaire_camion,voiture,1,2,1,1,1
202400017717,2024-12-24 16:10:00,2024,12,24,16,10,69,69029,Rue du 35ème Régiment d'Aviation,45.73406,4.93125,Plein jour,En agglomération,Hors intersection,Normale,Autre collision,4,2,2,0,1,1,1,0,1,50,1,2,1,0,0,1,82.0,,voiture,,1,2,1,1,6
202400017718,2024-04-16 16:40:00,2024,4,16,16,40,50,50129,CD 901,49.65158,-1.71,Plein jour,Hors agglomération,Hors intersection,Normale,Autre collision,3,3,0,2,2,2,1,0,1,70,1,1,0,0,1,0,59.0,,deux_roues,,1,1,1,1,6
202400017719,2024-12-24 03:55:00,2024,12,24,3,55,67,67482,COLMAR (AVENUE DE),48.56306,7.75228,Nuit avec éclairage allumé,En agglomération,Hors intersection,Autre,Autre collision,4,1,2,0,1,4,1,2,1,50,1,2,0,0,0,2,20.0,,voiture,,5,2,1,9,6
202400017720,2024-01-28 23:35:00,2024,1,28,23,35,971,97101,LE RAIZET(SECTEUR),16.252,-61.53075,Nuit sans éclairage public,Hors agglomération,Autre intersection,Normale,Deux véhicules - côté,4,1,1,0,2,3,1,0,1,50,2,3,2,0,0,1,52.0,,voiture,deux_roues,3,1,9,1,3
202400017721,2024-04-18 08:00:00,2024,4,18,8,0,49,49099,LORRAINE (RUE DE),47.053002,-0.855061,Plein jour,En agglomération,Intersection en T,Normale,Deux véhicules - côté,3,3,0,0,2,1,1,0,1,50,2,2,1,0,1,0,17.0,36.0,deux_roues,voiture,1,2,3,1,3
202400017721,2024-04-18 08:00:00,2024,4,18,8,0,49,49099,LORRAINE (RUE DE),47.053002,-0.855061,Plein jour,En agglomération,Intersection en T,Normale,Deux véhicules - côté,3,2,0,0,1,1,2,0,1,50,2,2,1,0,1,0,17.0,36.0,deux_roues,voiture,1,2,3,1,3
202400017722,2024-01-30 11:01:00,2024,1,30,11,1,2A,2A004,ALBERT 1ER BD,41.91296,8.72566,Plein jour,En agglomération,Intersection en T,Normale,Deux véhicules - côté,3,2,2,0,1,1,1,0,1,50,2,2,1,0,0,1,61.0,83.0,deux_roues,voiture,1,2,3,1,3
202400017722,2024-01-30 11:01:00,2024,1,30,11,1,2A,2A004,ALBERT 1ER BD,41.91296,8.72566,Plein jour,En agglomération,Intersection en T,Normale,Deux véhicules - côté,3,2,2,0,1,1,1,0,1,50,2,2,1,0,0,1,61.0,83.0,deux_roues,voiture,1,2,3,1,3
202400017723,2024-12-23 12:50:00,2024,12,23,12,50,67,67482,VOSGES (AVENUE DES),48.5892852,7.7526,Plein jour,En agglomération,Intersection en T,Normale,Deux véhicules - côté,4,2,1,0,1,1,1,0,8,30,2,2,1,0,0,1,52.0,44.0,voiture,deux_roues,1,2,3,1,3
202400017723,2024-12-23 12:50:00,2024,12,23,12,50,67,67482,VOSGES (AVENUE DES),48.5892852,7.7526,Plein jour,En agglomération,Intersection en T,Normale,Deux véhicules - côté,4,2,3,1,1,1,1,0,1,50,2,2,1,0,0,1,52.0,44.0,voiture,deux_roues,1,2,3,1,3
202400017724,2024-04-04 16:10:00,2024,4,4,16,10,49,49099,BOIS LAVAU (BOULEVARD DES),47.07512,-0.89222,Plein jour,En agglomération,Hors intersection,Normale,Autre collision,3,3,4,0,1,1,1,0,1,70,2,2,1,0,1,0,33.0,73.0,utilitaire_camion,voiture,1,2,1,1,6
202400017725,2024-12-23 18:15:00,2024,12,23,18,15,64,64445,GENERAL LECLERC DU,43.3038,-0.34614,Nuit sans éclairage public,En agglomération,Hors intersection,Normale,Deux véhicules - côté,4,-1,2,0,1,1,2,0,1,50,2,2,1,0,0,1,83.0,45.0,voiture,deux_roues,3,2,1,1,3
202400017726,2024-04-17 17:35:00,2024,4,17,17,35,49,49015,Avenue de la Boissière,47.49054585,-0.58272868,Plein jour,Hors agglomération,Giratoire,Normale,Sans collision,4,2,2,0,1,3,2,0,1,50,1,1,0,0,0,1,39.0,,deux_roues,,1,1,6,1,7
202400017727,2024-01-29 14:58:00,2024,1,29,14,58,91,91174,PAPETERIE (RUE),48.59719,2.46597,Plein jour,En agglomération,Intersection en T,Normale,Deux véhicules - côté,4,2,2,0,1,1,1,0,1,50,2,5,1,0,0,4,23.0,50.0,voiture,voiture,1,2,3,1,3
202400017727,2024-01-29 14:58:00,2024,1,29,14,58,91,91174,PAPETERIE (RUE),48.59719,2.46597,Plein jour,En agglomération,Intersection en T,Normale,Deux véhicules - côté,4,2,2,0,1,1,1,5,1,50,2,5,1,0,0,4,23.0,50.0,voiture,voiture,1,2,3,1,3
202400017728,2024-12-22 17:20:00,2024,12,22,17,20,63,63224,RD 2009,45.87572,3.12231,Nuit avec éclairage allumé,En agglomération,Hors intersection,Pluie forte,Autre collision,6,-1, -1,0,1,1,2,0,8,50,1,1,0,0,0,1,58.0,,voiture,,5,2,1,3,6
202400017729,2024-04-16 08:35:00,2024,4,16,8,35,49,49007,RAMON BOULEVARD,47.48833,-0.54389,Plein jour,En agglomération,Hors intersection,Normale,Trois véhicules et plus - collisions multiples,4,1,2,0,1,2,1,0,1,30,3,4,2,0,1,1,30.0,59.0,utilitaire_camion,deux_roues,1,2,1,1,5
202400017730,2024-01-29 20:25:00,2024,1,29,20,25,91,91589,ARISTIDE BRIAND (BOULEVARD),48.69305,2.36484,Nuit avec éclairage allumé,En agglomération,Intersection en X,Normale,Deux véhicules - côté,3,2,2,0,1,1,1,0,1,50,2,2,1,0,0,1,47.0,31.0,voiture,deux_roues,5,2,2,1,3
202400017730,2024-01-29 20:25:00,2024,1,29,20,25,91,91589,ARISTIDE BRIAND (BOULEVARD),48.69305,2.36484,Nuit avec éclairage allumé,En agglomération,Intersection en X,Normale,Deux véhicules - côté,3,2,2,0,1,1,1,0,1,50,2,2,1,0,0,1,47.0,31.0,voiture,deux_roues,5,2,2,1,3
202400017731,2024-12-24 09:45:00,2024,12,24,9,45,59,59350,Avenue de Dunkerque (Lille),50.63031062,3.0350317,Plein jour,En agglomération,Intersection à plus de 4 branches,Temps couvert,Deux véhicules - côté,7,2,3,2,1,1,2,5,1,50,2,3,2,0,0,1,34.0,42.0,voiture,voiture,1,2,5,8,3
202400017731,2024-12-24 09:45:00,2024,12,24,9,45,59,59350,Avenue de Dunkerque (Lille),50.63031062,3.0350317,Plein jour,En agglomération,Intersection à plus de 4 branches,Temps couvert,Deux véhicules - côté,7,2,4,0,1,1,2,5,1,50,2,3,2,0,0,1,34.0,42.0,voiture,voiture,1,2,5,8,3
202400017732,2024-04-18 07:45:00,2024,4,18,7,45,45,45285,D2152 PR 74 + 1878,47.8969,1.86531,Plein jour,En agglomération,Intersection en T,Autre,Deux véhicules - côté,7,3,2,0,1,1,1,0,1,50,2,2,1,0,0,1,44.0,33.0,deux_roues,voiture,1,2,3,9,3
202400017732,2024-04-18 07:45:00,2024,4,18,7,45,45,45285,D2152 PR 74 + 1878,47.8969,1.86531,Plein jour,En agglomération,Intersection en T,Autre,Deux véhicules - côté,7,2,2,1,1,1,1,0,5,20,2,2,1,0,0,1,44.0,33.0,deux_roues,voiture,1,2,3,9,3
202400017733,2024-01-29 19:35:00,2024,1,29,19,35,83,83098,GANZIN (AVENUE DE),43.1078,6.03066,Nuit avec éclairage allumé,En agglomération,Hors intersection,Normale,Trois véhicules et plus - collisions multiples,3,2,2,0,1,1,1,0,1,30,3,4,2,0,0,2,70.0,22.0,voiture,voiture,5,2,1,1,5
202400017734,2024-12-24 14:25:00,2024,12,24,14,25,57,57631,MONTAGNE (RUE DE LA),49.10166,7.053426,Plein jour,En agglomération,Hors intersection,Normale,Autre collision,4,2,2,0,3,1,1,0,4,50,2,2,1,0,1,0,78.0,46.0,voiture,voiture,1,2,1,1,6
202400017735,2024-04-17 17:30:00,2024,4,17,17,30,45,45234,26 Rue de Patay,47.90896,1.90094,Plein jour,En agglomération,Intersection en X,Normale,Deux véhicules - côté,7,2,2,0,1,1,1,0,1,50,2,2,1,0,0,1,28.0,27.0,voiture,deux_roues,1,2,2,1,3
202400017735,2024-04-17 17:30:00,2024,4,17,17,30,45,45234,26 Rue de Patay,47.90896,1.90094,Plein jour,En agglomération,Intersection en X,Normale,Deux véhicules - côté,7,1,1,1,1,1,1,0,1,50,2,2,1,0,0,1,28.0,27.0,voiture,deux_roues,1,2,2,1,3
202400017736,2024-01-29 11:20:00,2024,1,29,11,20,83,83137,STRASBOURG (BD DE ),43.1247,5.93295,Plein jour,En agglomération,Intersection en T,Normale,Deux véhicules - côté,4,1, -1,-1,1,1,1,0,1,-1,2,3,1,0,0,2,44.0,35.0,utilitaire_camion,transport_commun,1,2,3,1,3
202400017736,2024-01-29 11:20:00,2024,1,29,11,20,83,83137,STRASBOURG (BD DE ),43.1247,5.93295,Plein jour,En agglomération,Intersection en T,Normale,Deux véhicules - côté,4,2,3,3,1,1,1,0,1,50,2,3,1,0,0,2,44.0,35.0,utilitaire_camion,transport_commun,1,2,3,1,3
202400017737,2024-04-18 17:00:00,2024,4,18,17,0,44,44109,71 Boulevard de la Liberté,47.20257,-1.58872,Plein jour,En agglomération,Autre intersection,Normale,Autre collision,4,2,2,0,2,1,1,0,1,30,1,2,1,0,0,1,47.0,,voiture,,1,2,9,1,6
202400017738,2024-12-23 16:11:00,2024,12,23,16,11,56,56098,Rue Jean Jaurès,47.76703,-3.35552,Plein jour,En agglomération,Hors intersection,Normale,Autre collision,3,2,2,0,1,1,1,0,1,50,2,5,4,0,0,1,52.0,,voiture,,1,2,1,1,6