accident_id,datetime,annee,mois,jour,heure,minute,departement,commune_insee,adresse,latitude,longitude,luminosite,agglomeration,intersection,meteo,collision,catr,circ,nbv,vosp,prof,plan,surf,infra,situ,vma,nb_vehicules,nb_usagers,nb_indemnes,nb_tues,nb_blesses_hosp,nb_blesses_legers,age_cond_1,age_cond_2,veh_type_cond_1,veh_type_cond_2,lum_code,agg_code,int_code,atm_code,col_code
202400017809,2024-12-24 02:18:00,2024,12,24,2,18,10,10357,D610,48.2957,4.1378,Nuit sans éclairage public,Hors agglomération,Giratoire,Normale,Autre collision,3,1,2,0,1,3,1,5,3,90,1,1,0,0,0,1,72.0,,voiture,,3,1,6,1,6
202400017810,2024-09-09 09:15:00,2024,9,9,9,15,94,94073,A86,48.76210053,2.38167667,Plein jour,Hors agglomération,Hors intersection,Pluie légère,Deux véhicules - côté,1,1,3,0,1,1,2,1,1,90,2,2,1,0,0,1,38.0,25.0,deux_roues,voiture,1,1,1,2,3
202400017811,2024-01-30 15:59:00,2024,1,30,15,59,49,49007,BON PASTEUR BOULEVARD,47.47012,-0.56948,Plein jour,En agglomération,Intersection en T,Normale,Deux véhicules - côté,4,1,2,0,1,4,1,0,4,30,2,2,1,0,0,1,88.0,18.0,voiture,deux_roues,1,2,3,1,3
202400017811,2024-01-30 15:59:00,2024,1,30,15,59,49,49007,BON PASTEUR BOULEVARD,47.47012,-0.56948,Plein jour,En agglomération,Intersection en T,Normale,Deux véhicules - côté,4,-1, -1,0,1,1,1,0,1,30,2,2,1,0,0,1,88.0,18.0,voiture,deux_roues,1,2,3,1,3
202400017812,2024-12-23 14:25:00,2024,12,23,14,25,10,10357,ROCADE EST (RD 610),48.2956,4.1375,Plein jour,Hors agglomération,Hors intersection,Temps couvert,Deux véhicules - arrière,3,2,2,3,1,1,1,0,1,90,2,3,1,0,0,2,63.0,42.0,voiture,voiture,1,1,1,8,2
202400017813,2024-04-16 17:45:00,2024,4,16,17,45,11,11069,48 Bd Louis Joseph Gay Lussac,43.20906,2.32487,Plein jour,En agglomération,Hors intersection,Normale,Deux véhicules - arrière,4,-1,2,0,1,1,1,0,1,50,2,2,1,0,0,1,37.0,67.0,voiture,voiture,1,2,1,1,2
202400017814,2024-09-07 14:00:00,2024,9,7,14,0,70,70482,Avenue des Patis,47.664573,5.968679,Plein jour,En agglomération,Hors intersection,Normale,Autre collision,4,2,2,0,1,3,1,0,4,50,1,2,1,0,0,1,71.0,,voiture,,1,2,1,1,6
202400017815,2024-12-23 07:55:00,2024,12,23,7,55,07,07102,REPUBLIQUE (AV. DE LA) [DU N° AU N°],44.9331,4.87969,Crépuscule ou aube,En agglomération,Hors intersection,Pluie légère,Autre collision,4,2,4,0,1,1,2,0,1,30,1,2,1,0,0,1,60.0,,voiture,,2,2,1,2,6
202400017816,2024-04-18 20:55:00,2024,4,18,20,55,10,10387,JEAN BERTHELIN (RUE),48.2724,4.0803,Crépuscule ou aube,En agglomération,Hors intersection,Normale,Autre collision,4,1,1,1,1,1,1,0,1,30,1,2,1,0,1,0,28.0,,utilitaire_camion,,2,2,1,1,6
202400017817,2024-01-30 07:15:00,2024,1,30,7,15,49,49007,AMBROISE PARE,47.47614,-0.57297,Nuit avec éclairage allumé,En agglomération,Giratoire,Normale,Deux véhicules - côté,4,2,2,0,1,1,1,0,1,30,2,2,1,0,1,0,41.0,61.0,deux_roues,transport_commun,5,2,6,1,3
202400017817,2024-01-30 07:15:00,2024,1,30,7,15,49,49007,AMBROISE PARE,47.47614,-0.57297,Nuit avec éclairage allumé,En agglomération,Giratoire,Normale,Deux véhicules - côté,4,2,2,2,1,1,1,0,1,30,2,2,1,0,1,0,41.0,61.0,deux_roues,transport_commun,5,2,6,1,3
202400017817,2024-01-30 07:15:00,2024,1,30,7,15,49,49007,AMBROISE PARE,47.47614,-0.57297,Nuit avec éclairage allumé,En agglomération,Giratoire,Normale,Deux véhicules - côté,4,2,2,0,1,1,1,0,1,30,2,2,1,0,1,0,41.0,61.0,deux_roues,transport_commun,5,2,6,1,3
202400017817,2024-01-30 07:15:00,2024,1,30,7,15,49,49007,AMBROISE PARE,47.47614,-0.57297,Nuit avec éclairage allumé,En agglomération,Giratoire,Normale,Deux véhicules - côté,4,2,2,0,1,1,1,0,1,30,2,2,1,0,1,0,41.0,61.0,deux_roues,transport_commun,5,2,6,1,3
202400017818,2024-09-08 15:00:00,2024,9,8,15,0,972,97208,BALATA (ROUTE DE),14.70819,-61.09364,Plein jour,Hors agglomération,Hors intersection,Pluie légère,Autre collision,2,-1,2,0,2,3,2,9,8,60,1,2,1,0,0,1,22.0,,voiture,,1,1,1,2,6
202400017819,2024-04-18 08:15:00,2024,4,18,8,15,06,06029,8 Rue des Suisses,43.551778,7.009551,Plein jour,En agglomération,Intersection en T,Normale,Autre collision,4,2,2,-1,2,2,1,9,1,-1,1,3,1,0,0,2,40.0,,voiture,,1,2,3,1,6
202400017819,2024-04-18 08:15:00,2024,4,18,8,15,06,06029,8 Rue des Suisses,43.551778,7.009551,Plein jour,En agglomération,Intersection en T,Normale,Autre collision,4,2,2,0,2,2,1,9,1,50,1,3,1,0,0,2,40.0,,voiture,,1,2,3,1,6
202400017820,2024-01-29 08:25:00,2024,1,29,8,25,49,49246,SORGES ROUTE,47.43497,-0.49931,Crépuscule ou aube,En agglomération,Hors intersection,Normale,Deux véhicules - frontale,4,2,2,0,1,1,1,0,1,50,2,2,1,0,0,1,58.0,52.0,voiture,deux_roues,2,2,1,1,1
202400017821,2024-09-08 17:00:00,2024,9,8,17,0,972,97209,BALATA (ROUTE DE),14.66262,-61.08592,Plein jour,Hors agglomération,Hors intersection,Pluie légère,Sans collision,2,2,2,0,2,3,2,0,1,50,1,1,0,0,0,1,46.0,,deux_roues,,1,1,1,2,7
202400017822,2024-04-17 08:30:00,2024,4,17,8,30,75,75119,BD PERIPHERIQUE EXTERIEUR,48.900425,2.390207,Plein jour,En agglomération,Hors intersection,Normale,Deux véhicules - côté,4,1,4,0,1,1,1,0,1,70,2,2,1,0,0,1,46.0,35.0,deux_roues,voiture,1,2,1,1,3
202400017823,2024-09-07 18:35:00,2024,9,7,18,35,972,97213,AUTOROUTE (A1),14.6147,-61.01282,Crépuscule ou aube,Hors agglomération,Hors intersection,Normale,Deux véhicules - arrière,1,-1,2,0,1,1,1,0,1,90,2,2,1,0,1,0,34.0,38.0,voiture,deux_roues,2,1,1,1,2
202400017824,2024-04-18 10:15:00,2024,4,18,10,15,75,75120,BOULEVARD DE BELLEVILLE,48.869583,2.380053,Plein jour,En agglomération,Intersection en T,Normale,Deux véhicules - côté,4,1,1,0,1,1,1,0,1,50,2,2,1,0,0,1,55.0,39.0,voiture,deux_roues,1,2,3,1,3
202400017824,2024-04-18 10:15:00,2024,4,18,10,15,75,75120,BOULEVARD DE BELLEVILLE,48.869583,2.380053,Plein jour,En agglomération,Intersection en T,Normale,Deux véhicules - côté,4,1, -1,-1,1,1,1,0,1,50,2,2,1,0,0,1,55.0,39.0,voiture,deux_roues,1,2,3,1,3
202400017825,2024-09-08 15:40:00,2024,9,8,15,40,69,69149,80 Rue Dubois Crance,45.71153,4.81957,Plein jour,En agglomération,Hors intersection,Normale,Autre collision,4,2,2,0,1,1,2,0,4,30,1,2,1,0,0,1,49.0,,voiture,,1,2,1,1,6
202400017826,2024-04-18 11:32:00,2024,4,18,11,32,75,75117,BOULEVARD BESSIERES,48.897655,2.324677,Plein jour,En agglomération,Intersection en T,Normale,Autre collision,4,1,3,1,1,1,1,0,1,30,1,2,1,0,0,1,25.0,,deux_roues,,1,2,3,1,6
202400017826,2024-04-18 11:32:00,2024,4,18,11,32,75,75117,BOULEVARD BESSIERES,48.897655,2.324677,Plein jour,En agglomération,Intersection en T,Normale,Autre collision,4,1, -1,-1,1,1,1,0,1,30,1,2,1,0,0,1,25.0,,deux_roues,,1,2,3,1,6
202400017827,2024-12-23 14:55:00,2024,12,23,14,55,06,06029,1 Avenue Reine Astrid,43.53963,7.03579,Plein jour,En agglomération,Intersection en X,Normale,Trois véhicules et plus - en chaîne,4,2,2,0,1,1,1,5,1,50,4,4,3,0,0,1,58.0,24.0,deux_roues,deux_roues,1,2,2,1,4
202400017827,2024-12-23 14:55:00,2024,12,23,14,55,06,06029,1 Avenue Reine Astrid,43.53963,7.03579,Plein jour,En agglomération,Intersection en X,Normale,Trois véhicules et plus - en chaîne,4,3,4,0,1,1,1,5,1,50,4,4,3,0,0,1,58.0,24.0,deux_roues,deux_roues,1,2,2,1,4
202400017828,2024-09-08 08:30:00,2024,9,8,8,30,971,97101,RN1 ROCADE DE CHAUVEL,16.24073,-61.52258,Plein jour,Hors agglomération,Hors intersection,Pluie forte,Deux véhicules - arrière,2,1,2,0,2,1,2,2,1,90,2,2,1,0,0,1,73.0,47.0,voiture,deux_roues,1,1,1,3,2
202400017829,2024-04-18 08:15:00,2024,4,18,8,15,75,75117,RUE CARDINET,48.888626,2.315686,Plein jour,En agglomération,Intersection en X,Temps couvert,Autre collision,4,2, -1,-1,1,1,2,0,5,30,1,2,1,0,0,1,53.0,,deux_roues,,1,2,2,8,6
202400017829,2024-04-18 08:15:00,2024,4,18,8,15,75,75117,RUE CARDINET,48.888626,2.315686,Plein jour,En agglomération,Intersection en X,Temps couvert,Autre collision,4,2,2,2,2,1,2,0,5,30,1,2,1,0,0,1,53.0,,deux_roues,,1,2,2,8,6
202400017830,2024-01-20 20:00:00,2024,1,20,20,0,42,42218,EVRARD FLORENT A PARTIR Nø 114-89,45.42443392,4.3753843,Nuit avec éclairage allumé,En agglomération,Hors intersection,Normale,Deux véhicules - arrière,4,2,2,0,2,1,1,0,1,50,2,2,1,0,0,1,49.0,,voiture,voiture,5,2,1,1,2
202400017831,2024-12-23 19:44:00,2024,12,23,19,44,03,03310,Rue de Beauséjour,46.1367,3.42291,Nuit avec éclairage allumé,En agglomération,Intersection en X,Normale,Deux véhicules - côté,4,2,2,0,1,1,1,0,1,50,2,2,1,0,1,0,60.0,23.0,voiture,deux_roues,5,2,2,1,3
202400017831,2024-12-23 19:44:00,2024,12,23,19,44,03,03310,Rue de Beauséjour,46.1367,3.42291,Nuit avec éclairage allumé,En agglomération,Intersection en X,Normale,Deux véhicules - côté,4,2,2,0,1,1,1,0,1,50,2,2,1,0,1,0,60.0,23.0,voiture,deux_roues,5,2,2,1,3
202400017832,2024-09-08 14:15:00,2024,9,8,14,15,95,95268,D125E,48.97299005,2.39767934,Plein jour,En agglomération,Hors intersection,Normale,Autre collision,3,1,2,0,1,1,1,0,1,50,1,2,0,0,1,1,31.0,,deux_roues,,1,2,1,1,6
202400017833,2024-04-17 22:30:00,2024,4,17,22,30,75,75116,SQUARE ALBONI,48.857773,2.285541,Nuit avec éclairage allumé,En agglomération,Intersection en T,Normale,Autre collision,4,2,2,0,1,1,1,0,1,30,1,2,1,0,0,1,39.0,,voiture,,5,2,3,1,6
202400017833,2024-04-17 22:30:00,2024,4,17,22,30,75,75116,SQUARE ALBONI,48.857773,2.285541,Nuit avec éclairage allumé,En agglomération,Intersection en T,Normale,Autre collision,4,2,2,0,1,2,1,0,1,30,1,2,1,0,0,1,39.0,,voiture,,5,2,3,1,6
202400017834,2024-01-15 16:00:00,2024,1,15,16,0,42,42275,Place Massenet,45.46633127,4.3791794,Plein jour,En agglomération,Hors intersection,Pluie légère,Autre collision,4,2,3,0,1,1,2,0,1,50,1,2,1,0,1,0,23.0,,voiture,,1,2,1,2,6
202400017835,2024-12-23 17:40:00,2024,12,23,17,40,75,75120,BD PERIPHERIQUE INTERIEUR,48.85724,2.414025,Nuit avec éclairage allumé,En agglomération,Hors intersection,Normale,Deux véhicules - arrière,4,1,4,0,1,1,1,0,1,50,2,2,1,0,0,1,35.0,19.0,deux_roues,utilitaire_camion,5,2,1,1,2
202400017836,2024-04-17 19:30:00,2024,4,17,19,30,75,75116,AVENUE DE LA GRANDE ARMEE,48.875467,2.289446,Plein jour,En agglomération,Hors intersection,Normale,Deux véhicules - côté,4,2,8,3,1,1,1,0,1,30,2,2,1,0,0,1,29.0,31.0,deux_roues,voiture,1,2,1,1,3
202400017837,2024-09-08 09:13:00,2024,9,8,9,13,84,84092,LYON (ROUTE DE ),43.95471,4.83812,Plein jour,En agglomération,Intersection en X,Pluie légère,Deux véhicules - côté,4,2,2,0,1,1,2,5,1,50,2,2,1,0,0,1,24.0,44.0,voiture,voiture,1,2,2,2,3
202400017837,2024-09-08 09:13:00,2024,9,8,9,13,84,84092,LYON (ROUTE DE ),43.95471,4.83812,Plein jour,En agglomération,Intersection en X,Pluie légère,Deux véhicules - côté,4,2,2,2,1,1,2,5,1,50,2,2,1,0,0,1,24.0,44.0,voiture,voiture,1,2,2,2,3
202400017838,2024-04-18 08:55:00,2024,4,18,8,55,75,75115,AVENUE DE LA PORTE DE LA PLAINE,48.830445,2.292285,Plein jour,En agglomération,Hors intersection,Normale,Autre collision,4,2,3,1,2,1,2,0,1,30,1,2,1,0,0,1,24.0,,deux_roues,,1,2,1,1,6
202400017839,2024-12-24 20:00:00,2024,12,24,20,0,75,75120,RUE DES PYRENEES,48.873375,2.390083,Nuit avec éclairage allumé,En agglomération,Intersection en T,Normale,Autre collision,4,1, -1,0,1,1,2,0,1,30,1,2,1,0,0,1,47.0,,voiture,,5,2,3,1,6
202400017839,2024-12-24 20:00:00,2024,12,24,20,0,75,75120,RUE DES PYRENEES,48.873375,2.390083,Nuit avec éclairage allumé,En agglomération,Intersection en T,Normale,Autre collision,4,2,2,0,1,1,2,0,1,30,1,2,1,0,0,1,47.0,,voiture,,5,2,3,1,6
202400017840,2024-09-08 10:30:00,2024,9,8,10,30,83,83137,BROSSET (BD GENERAL),43.12828,5.90529,Plein jour,En agglomération,Hors intersection,Pluie légère,Deux véhicules - côté,4,2,2,1,1,1,2,0,1,50,2,2,1,0,0,1,24.0,46.0,voiture,voiture,1,2,1,2,3
202400017841,2024-04-18 18:00:00,2024,4,18,18,0,75,75112,AVENUE DAUMESNIL,48.840314,2.392487,Plein jour,En agglomération,Intersection en T,Normale,Autre collision,4,2,4,1,2,1,1,0,5,30,1,3,1,0,0,2,24.0,,deux_roues,,1,2,3,1,6
202400017841,2024-04-18 18:00:00,2024,4,18,18,0,75,75112,AVENUE DAUMESNIL,48.840314,2.392487,Plein jour,En agglomération,Intersection en T,Normale,Autre collision,4,2, -1,-1,1,1,1,0,1,30,1,3,1,0,0,2,24.0,,deux_roues,,1,2,3,1,6
202400017842,2024-01-30 15:13:00,2024,1,30,15,13,38,38169,Boulevard Joliot Curie,45.19704,5.69376,Plein jour,En agglomération,Intersection en T,Normale,Deux véhicules - côté,4,-1,4,1,1,1,1,0,1,50,2,2,1,0,0,1,76.0,58.0,deux_roues,voiture,1,2,3,1,3
202400017842,2024-01-30 15:13:00,2024,1,30,15,13,38,38169,Boulevard Joliot Curie,45.19704,5.69376,Plein jour,En agglomération,Intersection en T,Normale,Deux véhicules - côté,4,1,1,0,1,1,1,0,1,50,2,2,1,0,0,1,76.0,58.0,deux_roues,voiture,1,2,3,1,3
202400017843,2024-09-08 02:00:00,2024,9,8,2,0,83,83069,PIERREFEU (ROUTE DE) RD 12,43.15085599,6.14664584,Nuit sans éclairage public,En agglomération,Hors intersection,Normale,Autre collision,3,2,2,0,1,1,1,0,1,70,1,2,0,0,1,1,42.0,,voiture,,3,2,1,1,6
202400017844,2024-12-24 17:33:00,2024,12,24,17,33,75,75118,RUE D AUBERVILLIERS,48.898714,2.370291,Nuit avec éclairage allumé,En agglomération,Intersection en X,Pluie légère,Autre collision,4,2, -1,0,1,3,2,0,8,20,1,2,1,0,1,0,39.0,,transport_commun,,5,2,2,2,6
202400017844,2024-12-24 17:33:00,2024,12,24,17,33,75,75118,RUE D AUBERVILLIERS,48.898714,2.370291,Nuit avec éclairage allumé,En agglomération,Intersection en X,Pluie légère,Autre collision,4,-1, -1,2,1,3,2,0,8,20,1,2,1,0,1,0,39.0,,transport_commun,,5,2,2,2,6
202400017845,2024-04-18 09:20:00,2024,4,18,9,20,75,75110,RUE DE LANCRY,48.872556,2.363267,Plein jour,En agglomération,Intersection en X,Normale,Autre collision,4,1, -1,-1,1,1,2,0,5,30,1,2,0,0,0,2,25.0,,deux_roues,,1,2,2,1,6
202400017845,2024-04-18 09:20:00,2024,4,18,9,20,75,75110,RUE DE LANCRY,48.872556,2.363267,Plein jour,En agglomération,Intersection en X,Normale,Autre collision,4,1,2,2,1,1,2,0,5,30,1,2,0,0,0,2,25.0,,deux_roues,,1,2,2,1,6
202400017846,2024-09-08 02:45:00,2024,9,8,2,45,83,83050,JUIN( AVENUE DU MARECHAL),43.53265316,6.47091047,Nuit avec éclairage allumé,En agglomération,Giratoire,Normale,Autre collision,4,3,2,0,1,2,1,0,4,50,1,1,0,0,1,0,39.0,,voiture,,5,2,6,1,6
202400017846,2024-09-08 02:45:00,2024,9,8,2,45,83,83050,JUIN( AVENUE DU MARECHAL),43.53265316,6.47091047,Nuit avec éclairage allumé,En agglomération,Giratoire,Normale,Autre collision,4,2,2,0,1,2,1,0,4,50,1,1,0,0,1,0,39.0,,voiture,,5,2,6,1,6
202400017847,2024-01-30 19:10:00,2024,1,30,19,10,38,38053,Avenue d’Italie,45.58457,5.27825,Nuit avec éclairage allumé,En agglomération,Autre intersection,Normale,Deux véhicules - arrière,3,3,4,0,1,1,1,5,1,50,2,5,4,0,0,1,28.0,45.0,voiture,voiture,5,2,9,1,2
202400017848,2024-12-24 09:30:00,2024,12,24,9,30,75,75115,RUE LECOURBE,48.842642,2.302675,Plein jour,En agglomération,Intersection à plus de 4 branches,Normale,Autre collision,4,2, -1,0,1,1,1,0,5,30,1,2,1,0,0,1,26.0,,deux_roues,,1,2,5,1,6
202400017848,2024-12-24 09:30:00,2024,12,24,9,30,75,75115,RUE LECOURBE,48.842642,2.302675,Plein jour,En agglomération,Intersection à plus de 4 branches,Normale,Autre collision,4,-1,1,1,1,1,1,0,5,30,1,2,1,0,0,1,26.0,,deux_roues,,1,2,5,1,6
202400017849,2024-04-18 16:40:00,2024,4,18,16,40,75,75108,RUE SAINT LAZARE,48.875382,2.324906,Plein jour,En agglomération,Intersection en T,Normale,Deux véhicules - côté,4,2, -1,-1,1,1,1,0,1,30,2,2,1,0,0,1,42.0,30.0,voiture,deux_roues,1,2,3,1,3
202400017849,2024-04-18 16:40:00,2024,4,18,16,40,75,75108,RUE SAINT LAZARE,48.875382,2.324906,Plein jour,En agglomération,Intersection en T,Normale,Deux véhicules - côté,4,2,4,3,1,1,1,0,1,30,2,2,1,0,0,1,42.0,30.0,voiture,deux_roues,1,2,3,1,3
202400017850,2024-09-08 07:29:00,2024,9,8,7,29,81,81065,180 Avenue Charles De Gaulle,43.59669,2.26199,Plein jour,En agglomération,Hors intersection,Normale,Deux véhicules - arrière,3,2,2,0,1,1,1,0,1,50,2,2,1,0,1,0,35.0,36.0,voiture,deux_roues,1,2,1,1,2
202400017851,2024-01-29 17:30:00,2024,1,29,17,30,37,37261,AUBERDIERE (RUE DE L'),47.36573,0.69858,Nuit avec éclairage allumé,En agglomération,Autre intersection,Normale,Deux véhicules - arrière,4,1,1,0,1,3,1,0,1,50,2,3,2,0,0,1,38.0,25.0,voiture,deux_roues,5,2,9,1,2
202400017852,2024-12-24 17:45:00,2024,12,24,17,45,75,75113,PLACE D ITALIE,48.830962,2.355809,Nuit avec éclairage allumé,En agglomération,Place,Pluie légère,Deux véhicules - arrière,4,-1,6,0,1,1,2,0,1,30,2,2,1,0,0,1,54.0,52.0,deux_roues,transport_commun,5,2,7,2,2
202400017853,2024-04-18 10:00:00,2024,4,18,10,0,75,75108,PLACE DE LA MADELEINE,48.86924,2.32447,Plein jour,En agglomération,Place,Normale,Deux véhicules - côté,4,-1, -1,-1,1,1,1,0,1,30,2,2,1,0,0,1,21.0,35.0,deux_roues,deux_roues,1,2,7,1,3
202400017853,2024-04-18 10:00:00,2024,4,18,10,0,75,75108,PLACE DE LA MADELEINE,48.86924,2.32447,Plein jour,En agglomération,Place,Normale,Deux véhicules - côté,4,1,3,3,1,1,1,0,1,30,2,2,1,0,0,1,21.0,35.0,deux_roues,deux_roues,1,2,7,1,3
202400017854,2024-01-30 12:05:00,2024,1,30,12,5,35,35055,GRESILLON (ALLEE DU),48.07634368,-1.58679716,Plein jour,Hors agglomération,Intersection en T,Normale,Deux véhicules - côté,7,2,2,0,1,1,1,0,1,80,2,2,1,0,1,0,53.0,33.0,deux_roues,utilitaire_camion,1,1,3,1,3
202400017854,2024-01-30 12:05:00,2024,1,30,12,5,35,35055,GRESILLON (ALLEE DU),48.07634368,-1.58679716,Plein jour,Hors agglomération,Intersection en T,Normale,Deux véhicules - côté,7,2,2,0,1,1,1,0,1,80,2,2,1,0,1,0,53.0,33.0,deux_roues,utilitaire_camion,1,1,3,1,3
202400017855,2024-09-08 17:25:00,2024,9,8,17,25,78,78643,EUROPE BD DE L',48.976183,1.982536,Plein jour,En agglomération,Giratoire,Normale,Autre collision,3,2,1,0,1,1,1,0,1,50,1,2,0,0,2,0,21.0,,deux_roues,,1,2,6,1,6
202400017855,2024-09-08 17:25:00,2024,9,8,17,25,78,78643,EUROPE BD DE L',48.976183,1.982536,Plein jour,En agglomération,Giratoire,Normale,Autre collision,3,-1,1,0,1,2,1,0,1,50,1,2,0,0,2,0,21.0,,deux_roues,,1,2,6,1,6
202400017856,2024-12-23 12:15:00,2024,12,23,12,15,75,75109,RUE AUBER,48.873269,2.328905,Plein jour,En agglomération,Intersection en X,Normale,Deux véhicules - côté,4,2,3,3,1,1,1,0,1,30,2,2,1,0,0,1,28.0,41.0,deux_roues,voiture,1,2,2,1,3
202400017856,2024-12-23 12:15:00,2024,12,23,12,15,75,75109,RUE AUBER,48.873269,2.328905,Plein jour,En agglomération,Intersection en X,Normale,Deux véhicules - côté,4,-1,1,0,1,1,1,0,1,30,2,2,1,0,0,1,28.0,41.0,deux_roues,voiture,1,2,2,1,3
202400017857,2024-01-30 11:15:00,2024,1,30,11,15,35,35051,ALLIES (BOULEVARD DES),48.10248,-1.61031,Plein jour,En agglomération,Giratoire,Normale,Trois véhicules et plus - en chaîne,7,3,4,0,1,3,1,0,1,70,3,3,2,0,0,1,28.0,51.0,deux_roues,voiture,1,2,6,1,4
202400017858,2024-04-17 21:43:00,2024,4,17,21,43,75,75107,QUAI VOLTAIRE,48.859522,2.329281,Nuit avec éclairage allumé,En agglomération,Intersection en X,Normale,Deux véhicules - côté,4,1,4,0,1,1,1,0,1,30,2,2,0,0,0,2,45.0,22.0,deux_roues,deux_roues,5,2,2,1,3
202400017858,2024-04-17 21:43:00,2024,4,17,21,43,75,75107,QUAI VOLTAIRE,48.859522,2.329281,Nuit avec éclairage allumé,En agglomération,Intersection en X,Normale,Deux véhicules - côté,4,1,2,0,1,1,1,0,1,30,2,2,0,0,0,2,45.0,22.0,deux_roues,deux_roues,5,2,2,1,3
202400017859,2024-01-30 12:40:00,2024,1,30,12,40,33,33529,,44.609739,-1.1247997,Plein jour,En agglomération,Hors intersection,Normale,Autre collision,4,2, -1,0,1,1,1,0,1,50,1,1,0,0,0,1,27.0,,deux_roues,,1,2,1,1,6
202400017860,2024-09-08 03:30:00,2024,9,8,3,30,71,71499,SAINT EUGENE (RUE ),46.67875042,4.25903678,Nuit sans éclairage public,En agglomération,Hors intersection,Normale,Autre collision,4,2,2,0,1,1,1,0,3,50,1,1,0,0,0,1,18.0,,voiture,,3,2,1,1,6
202400017861,2024-12-23 10:50:00,2024,12,23,10,50,75,75101,AVENUE DE L OPERA,48.867252,2.333612,Plein jour,En agglomération,Intersection en Y,Temps éblouissant,Autre collision,4,2,4,3,1,1,1,0,1,30,1,2,1,0,0,1,27.0,,deux_roues,,1,2,4,7,6
202400017861,2024-12-23 10:50:00,2024,12,23,10,50,75,75101,AVENUE DE L OPERA,48.867252,2.333612,Plein jour,En agglomération,Intersection en Y,Temps éblouissant,Autre collision,4,1,1,0,1,1,1,0,1,30,1,2,1,0,0,1,27.0,,deux_roues,,1,2,4,7,6
202400017862,2024-04-18 13:30:00,2024,4,18,13,30,75,75103,RUE DU TEMPLE,48.863372,2.358259,Plein jour,En agglomération,Intersection en T,Normale,Autre collision,4,1,2,1,1,1,1,0,8,30,2,2,1,0,0,1,48.0,,deux_roues,utilitaire_camion,1,2,3,1,6
202400017862,2024-04-18 13:30:00,2024,4,18,13,30,75,75103,RUE DU TEMPLE,48.863372,2.358259,Plein jour,En agglomération,Intersection en T,Normale,Autre collision,4,1,2,1,1,1,1,0,1,30,2,2,1,0,0,1,48.0,,deux_roues,utilitaire_camion,1,2,3,1,6
202400017863,2024-01-29 08:10:00,2024,1,29,8,10,29,29019,route du Vieux Saint-Marc,48.386962,-4.47101,Nuit avec éclairage allumé,En agglomération,Giratoire,Normale,Deux véhicules - côté,4,1,2,2,1,2,1,9,1,50,2,2,1,0,0,1,20.0,53.0,deux_roues,voiture,5,2,6,1,3
202400017863,2024-01-29 08:10:00,2024,1,29,8,10,29,29019,route du Vieux Saint-Marc,48.386962,-4.47101,Nuit avec éclairage allumé,En agglomération,Giratoire,Normale,Deux véhicules - côté,4,2,2,0,4,1,1,0,1,50,2,2,1,0,0,1,20.0,53.0,deux_roues,voiture,5,2,6,1,3
202400017864,2024-09-08 23:40:00,2024,9,8,23,40,69,69282,Rue de la République,45.76172,5.02263,Nuit avec éclairage allumé,En agglomération,Intersection en Y,Normale,Autre collision,4,2,2,0,1,1,2,0,4,50,1,2,1,0,1,0,20.0,,voiture,,5,2,4,1,6
202400017864,2024-09-08 23:40:00,2024,9,8,23,40,69,69282,Rue de la République,45.76172,5.02263,Nuit avec éclairage allumé,En agglomération,Intersection en Y,Normale,Autre collision,4,2,2,0,1,2,2,0,4,50,1,2,1,0,1,0,20.0,,voiture,,5,2,4,1,6
202400017865,2024-12-22 16:19:00,2024,12,22,16,19,75,75101,RUE DE RIVOLI,48.86247,2.336277,Crépuscule ou aube,En agglomération,Intersection en T,Temps couvert,Autre collision,4,1,1,0,1,1,2,0,4,30,1,2,1,0,1,0,,,deux_roues,,2,2,3,8,6
202400017865,2024-12-22 16:19:00,2024,12,22,16,19,75,75101,RUE DE RIVOLI,48.86247,2.336277,Crépuscule ou aube,En agglomération,Intersection en T,Temps couvert,Autre collision,4,1,4,1,1,1,2,0,4,30,1,2,1,0,1,0,,,deux_roues,,2,2,3,8,6
202400017866,2024-01-30 19:30:00,2024,1,30,19,30,26,26198,Boulevard du Président Vincent Auriol,44.54834,4.77395,Nuit avec éclairage allumé,En agglomération,Hors intersection,Normale,Autre collision,3,2,1,0,1,1,1,0,1,50,1,2,1,0,1,0,53.0,,voiture,,5,2,1,1,6
202400017867,2024-09-08 17:38:00,2024,9,8,17,38,64,64122,"""FOCH (AV, DU MARECHAL)""",43.47922,-1.5586,Plein jour,En agglomération,Hors intersection,Temps couvert,Autre collision,4,2,2,0,2,1,2,0,1,30,1,1,0,0,1,0,39.0,,deux_roues,,1,2,1,8,6
202400017868,2024-04-17 18:00:00,2024,4,17,18,0,75,75101,PONT AU CHANGE,48.856218,2.346495,Plein jour,En agglomération,Intersection en X,Normale,Deux véhicules - côté,4,2,4,1,1,1,1,0,1,30,2,2,1,0,0,1,43.0,23.0,voiture,deux_roues,1,2,2,1,3
202400017868,2024-04-17 18:00:00,2024,4,17,18,0,75,75101,PONT AU CHANGE,48.856218,2.346495,Plein jour,En agglomération,Intersection en X,Normale,Deux véhicules - côté,4,1,2,1,1,1,1,0,1,30,2,2,1,0,0,1,43.0,23.0,voiture,deux_roues,1,2,2,1,3
202400017869,2024-01-31 00:35:00,2024,1,31,0,35,13,13211,MIREILLE LAUZE (Bd),43.287314,5.43243,Nuit avec éclairage allumé,En agglomération,Autre intersection,Normale,Deux véhicules - frontale,4,2,2,0,1,1,1,0,1,50,2,2,1,0,1,0,23.0,20.0,voiture,voiture,5,2,9,1,1