accident_id,datetime,annee,mois,jour,heure,minute,departement,commune_insee,adresse,latitude,longitude,luminosite,agglomeration,intersection,meteo,collision,catr,circ,nbv,vosp,prof,plan,surf,infra,situ,vma,nb_vehicules,nb_usagers,nb_indemnes,nb_tues,nb_blesses_hosp,nb_blesses_legers,age_cond_1,age_cond_2,veh_type_cond_1,veh_type_cond_2,lum_code,agg_code,int_code,atm_code,col_code
202400017937,2024-01-30 10:43:00,2024,1,30,10,43,75,75103,RUE DEBELLEYME,48.860845,2.363058,Plein jour,En agglomération,Intersection en T,Normale,Deux véhicules - arrière,4,1,2,1,1,1,1,0,1,30,2,2,1,0,0,1,60.0,44.0,utilitaire_camion,deux_roues,1,2,3,1,2
202400017938,2024-04-19 08:40:00,2024,4,19,8,40,17,17010,D202,46.108499,-1.084986,Plein jour,Hors agglomération,Hors intersection,Normale,Deux véhicules - frontale,3,2,2,0,1,1,1,0,1,80,2,2,1,1,0,0,19.0,76.0,voiture,voiture,1,1,1,1,1
202400017939,2024-09-08 09:08:00,2024,9,8,9,8,10,10357,HENRI BARBUSSE (RUE),48.30052,4.10853,Plein jour,En agglomération,Giratoire,Temps éblouissant,Autre collision,4,2,2,0,3,1,1,0,1,50,2,3,1,0,0,2,44.0,63.0,voiture,voiture,1,2,6,7,6
202400017939,2024-09-08 09:08:00,2024,9,8,9,8,10,10357,HENRI BARBUSSE (RUE),48.30052,4.10853,Plein jour,En agglomération,Giratoire,Temps éblouissant,Autre collision,4,2,2,0,1,1,1,0,1,50,2,3,1,0,0,2,44.0,63.0,voiture,voiture,1,2,6,7,6
202400017940,2024-12-25 18:00:00,2024,12,25,18,0,31,31506,Avenue de la Marqueille,43.56031489,1.53055161,Nuit avec éclairage allumé,En agglomération,Intersection en X,Normale,Deux véhicules - arrière,7,2,2,0,1,1,1,0,1,30,2,3,1,0,1,1,74.0,14.0,voiture,deux_roues,5,2,2,1,2
202400017940,2024-12-25 18:00:00,2024,12,25,18,0,31,31506,Avenue de la Marqueille,43.56031489,1.53055161,Nuit avec éclairage allumé,En agglomération,Intersection en X,Normale,Deux véhicules - arrière,7,2,3,0,3,3,1,0,8,30,2,3,1,0,1,1,74.0,14.0,voiture,deux_roues,5,2,2,1,2
202400017941,2024-04-18 18:35:00,2024,4,18,18,35,22,22302,Rue de la Manchette,48.593488,-2.186896,Plein jour,En agglomération,Hors intersection,Normale,Autre collision,4,1,1,0,1,1,1,0,4,-1,1,2,0,0,2,0,84.0,,voiture,,1,2,1,1,6
202400017942,2024-01-29 19:25:00,2024,1,29,19,25,75,75101,BOULEVARD DE SEBASTOPOL,48.859531,2.348789,Nuit avec éclairage allumé,En agglomération,Intersection en X,Normale,Deux véhicules - frontale,4,1,5,1,1,1,1,0,5,30,2,2,1,0,0,1,37.0,60.0,deux_roues,deux_roues,5,2,2,1,1
202400017942,2024-01-29 19:25:00,2024,1,29,19,25,75,75101,BOULEVARD DE SEBASTOPOL,48.859531,2.348789,Nuit avec éclairage allumé,En agglomération,Intersection en X,Normale,Deux véhicules - frontale,4,2,5,1,1,1,1,0,5,30,2,2,1,0,0,1,37.0,60.0,deux_roues,deux_roues,5,2,2,1,1
202400017943,2024-09-07 17:25:00,2024,9,7,17,25,08,08105,,49.75625,4.71974,Plein jour,En agglomération,Hors intersection,Normale,Deux véhicules - frontale,4,1,1,0,1,1,1,0,1,50,2,2,1,0,1,0,59.0,40.0,voiture,deux_roues,1,2,1,1,1
202400017944,2024-04-18 15:30:00,2024,4,18,15,30,31,31547,3000 Route de Saint Lys,43.502505,1.266743,Plein jour,Hors agglomération,Autre intersection,Normale,Deux véhicules - côté,3,2,2,0,1,1,1,0,1,80,2,2,1,1,0,0,56.0,72.0,utilitaire_camion,deux_roues,1,1,9,1,3
202400017945,2024-01-30 01:05:00,2024,1,30,1,5,94,94041,Boulevard Paul Vaillant Couturier,48.81738087,2.39874297,Nuit avec éclairage allumé,En agglomération,Hors intersection,Normale,Sans collision,3,2,1,3,1,1,1,0,1,30,1,2,0,0,0,2,23.0,,deux_roues,,5,2,1,1,7
202400017946,2024-12-25 03:05:00,2024,12,25,3,5,30,30169,A9,43.80059383,4.31178948,Nuit sans éclairage public,Hors agglomération,Hors intersection,Normale,Trois véhicules et plus - collisions multiples,1,3,3,0,1,1,1,0,2,130,3,5,1,1,0,3,35.0,28.0,voiture,utilitaire_camion,3,1,1,1,5
202400017947,2024-09-08 07:50:00,2024,9,8,7,50,06,06088,52 Boulevard Risso,43.7026362,7.2800611,Plein jour,En agglomération,Intersection en X,Normale,Deux véhicules - côté,4,3,6,0,1,1,1,0,1,50,2,2,1,0,1,0,37.0,60.0,voiture,deux_roues,1,2,2,1,3
202400017947,2024-09-08 07:50:00,2024,9,8,7,50,06,06088,52 Boulevard Risso,43.7026362,7.2800611,Plein jour,En agglomération,Intersection en X,Normale,Deux véhicules - côté,4,1,3,3,1,1,1,0,1,50,2,2,1,0,1,0,37.0,60.0,voiture,deux_roues,1,2,2,1,3
202400017948,2024-12-25 01:20:00,2024,12,25,1,20,971,97118,Chemin de Fontarabie,16.218739,-61.63358,Nuit avec éclairage allumé,En agglomération,Hors intersection,Normale,Autre collision,4,2,2,0,2,3,1,0,3,30,1,1,0,1,0,0,36.0,,deux_roues,,5,2,1,1,6
202400017949,2024-04-19 01:18:00,2024,4,19,1,18,35,35206,RN 137 Point ilométrique 40,48.06301532,-1.67847544,Nuit sans éclairage public,Hors agglomération,Hors intersection,Normale,Deux véhicules - arrière,2,3,5,3,1,1,1,0,1,110,2,2,1,0,1,0,52.0,58.0,utilitaire_camion,utilitaire_camion,3,1,1,1,2
202400017950,2024-01-30 03:20:00,2024,1,30,3,20,94,94034,Rue des Anémones / Boulevard Pasteur,48.75586841,2.31405035,Nuit avec éclairage allumé,En agglomération,Intersection en T,Normale,Deux véhicules - côté,3,2,2,0,1,1,1,0,1,30,2,2,1,0,0,1,,32.0,voiture,voiture,5,2,3,1,3
202400017950,2024-01-30 03:20:00,2024,1,30,3,20,94,94034,Rue des Anémones / Boulevard Pasteur,48.75586841,2.31405035,Nuit avec éclairage allumé,En agglomération,Intersection en T,Normale,Deux véhicules - côté,3,1,1,0,1,1,1,0,1,30,2,2,1,0,0,1,,32.0,voiture,voiture,5,2,3,1,3
202400017951,2024-12-24 05:40:00,2024,12,24,5,40,33,33199,,44.637346,-1.101838,Nuit avec éclairage allumé,En agglomération,Hors intersection,Pluie légère,Autre collision,4,2,2,0,1,1,2,0,1,50,1,1,0,0,1,0,20.0,,deux_roues,,5,2,1,2,6
202400017952,2024-09-08 01:45:00,2024,9,8,1,45,06,06088,77 Boulevard Paul Montel,43.67783,7.20527,Nuit avec éclairage allumé,En agglomération,Intersection en X,Normale,Deux véhicules - côté,4,2,4,0,1,1,1,5,1,50,2,2,1,0,1,0,19.0,48.0,deux_roues,voiture,5,2,2,1,3
202400017952,2024-09-08 01:45:00,2024,9,8,1,45,06,06088,77 Boulevard Paul Montel,43.67783,7.20527,Nuit avec éclairage allumé,En agglomération,Intersection en X,Normale,Deux véhicules - côté,4,3,4,0,1,1,1,5,1,50,2,2,1,0,1,0,19.0,48.0,deux_roues,voiture,5,2,2,1,3
202400017953,2024-04-18 16:51:00,2024,4,18,16,51,59,59201,Route de Fournes,50.613698,2.92822,Plein jour,Hors agglomération,Hors intersection,Temps couvert,Deux véhicules - arrière,7,2,2,1,1,1,2,0,1,80,2,2,1,0,0,1,35.0,53.0,autre,voiture,1,1,1,8,2
202400017954,2024-01-30 14:30:00,2024,1,30,14,30,94,94070,Route de Paris,48.719716,2.566964,Plein jour,En agglomération,Hors intersection,Normale,Trois véhicules et plus - en chaîne,2,2,2,0,1,1,1,0,1,50,4,4,3,0,0,1,29.0,85.0,utilitaire_camion,voiture,1,2,1,1,4
202400017955,2024-04-18 20:17:00,2024,4,18,20,17,21,21406,D9,47.30868,4.722437,Nuit sans éclairage public,Hors agglomération,Hors intersection,Normale,Autre collision,3,2,3,0,2,4,1,0,3,80,1,1,0,0,1,0,20.0,,voiture,,3,1,1,1,6
202400017956,2024-09-08 13:55:00,2024,9,8,13,55,06,06069,2 Place du Patti,43.66072,6.92422,Plein jour,En agglomération,Hors intersection,Pluie légère,Autre collision,4,1,1,0,2,1,2,0,8,50,1,2,1,0,0,1,36.0,,voiture,,1,2,1,2,6
202400017957,2024-01-30 15:40:00,2024,1,30,15,40,93,93064,Rue Jules Ferry,48.87396,2.47894,Plein jour,En agglomération,Hors intersection,Normale,Autre collision,4,2,2,0,2,1,1,0,1,50,1,2,1,0,0,1,,,voiture,,1,2,1,1,6
202400017958,2024-04-18 17:13:00,2024,4,18,17,13,19,19196,Route D'Objat,45.28911932,1.38656704,Plein jour,Hors agglomération,Hors intersection,Normale,Sans collision,3,2,2,0,1,1,1,0,1,90,1,1,0,0,1,0,23.0,,deux_roues,,1,1,1,1,7
202400017959,2024-09-20 08:54:00,2024,9,20,8,54,04,04070,GAMBETTA (BD),44.0907543,6.2311163,Plein jour,En agglomération,Hors intersection,Normale,Sans collision,4,-1,1,1,1,3,1,0,1,30,1,2,1,0,1,0,12.0,,deux_roues,,1,2,1,1,7
202400017960,2024-04-19 07:00:00,2024,4,19,7,0,19,19285,D7,45.38356324,1.46333184,Crépuscule ou aube,Hors agglomération,Hors intersection,Normale,Sans collision,3,2,2,0,2,2,1,0,3,90,1,1,0,0,1,0,44.0,,deux_roues,,2,1,1,1,7
202400017961,2024-01-30 08:25:00,2024,1,30,8,25,93,93062,Allée Gambetta / Allée du Jardin Anglais,48.895334,2.510938,Plein jour,En agglomération,Autre intersection,Normale,Deux véhicules - côté,4,2,2,0,1,1,1,0,1,-1,2,2,0,0,0,2,44.0,40.0,voiture,voiture,1,2,9,1,3
202400017961,2024-01-30 08:25:00,2024,1,30,8,25,93,93062,Allée Gambetta / Allée du Jardin Anglais,48.895334,2.510938,Plein jour,En agglomération,Autre intersection,Normale,Deux véhicules - côté,4,2,2,0,2,1,1,0,1,30,2,2,0,0,0,2,44.0,40.0,voiture,voiture,1,2,9,1,3
202400017962,2024-12-24 19:10:00,2024,12,24,19,10,77,77095,D54,48.984104,2.763748,Nuit sans éclairage public,Hors agglomération,Hors intersection,Pluie légère,Trois véhicules et plus - collisions multiples,3,2,2,0,1,1,2,0,1,80,5,15,7,0,1,7,55.0,42.0,voiture,voiture,3,1,1,2,5
202400017963,2024-04-19 08:20:00,2024,4,19,8,20,59,59580,30 Lotissement le Noordmeulen,50.810721,2.573219,Plein jour,En agglomération,Hors intersection,Normale,Autre collision,9,1,1,0,1,1,1,0,4,50,1,2,1,0,1,0,50.0,,voiture,,1,2,1,1,6
202400017964,2024-04-19 06:20:00,2024,4,19,6,20,81,81081,D85,43.495445,2.151325,Nuit avec éclairage allumé,En agglomération,Hors intersection,Normale,Autre collision,3,2,2,0,1,1,1,0,3,50,1,1,0,0,1,0,20.0,,voiture,,5,2,1,1,6
202400017965,2024-01-29 17:45:00,2024,1,29,17,45,93,93048,Rue Lenain de Tillemont,48.85873,2.46184,Crépuscule ou aube,En agglomération,Hors intersection,Normale,Autre collision,4,1,1,1,1,1,1,9,1,30,1,5,4,0,0,1,24.0,,voiture,,2,2,1,1,6
202400017966,2024-12-25 12:00:00,2024,12,25,12,0,66,66217,avenue canterana,42.611212,2.808037,Plein jour,En agglomération,Place,Normale,Deux véhicules - côté,3,2,2,0,1,1,1,0,1,50,2,2,1,0,0,1,12.0,24.0,deux_roues,voiture,1,2,7,1,3
202400017967,2024-09-08 14:00:00,2024,9,8,14,0,75,75120,BOULEVARD PERIPHERIQUE INTERIEUR NORD  ,48.86872228,2.41323978,Plein jour,En agglomération,Intersection en Y,Normale,Trois véhicules et plus - collisions multiples,4,1,4,0,1,1,1,0,1,70,3,4,3,0,0,1,27.0,54.0,voiture,voiture,1,2,4,1,5
202400017967,2024-09-08 14:00:00,2024,9,8,14,0,75,75120,BOULEVARD PERIPHERIQUE INTERIEUR NORD  ,48.86872228,2.41323978,Plein jour,En agglomération,Intersection en Y,Normale,Trois véhicules et plus - collisions multiples,4,1,2,0,2,1,1,0,1,50,3,4,3,0,0,1,27.0,54.0,voiture,voiture,1,2,4,1,5
202400017968,2024-01-29 14:45:00,2024,1,29,14,45,93,93048,Rue de la Fédération,48.854071,2.438133,Plein jour,En agglomération,Hors intersection,Normale,Deux véhicules - côté,4,1,1,0,1,1,1,0,1,30,2,2,1,0,0,1,50.0,55.0,utilitaire_camion,deux_roues,1,2,1,1,3
202400017969,2024-04-12 18:00:00,2024,4,12,18,0,71,71543,Quai du Nord,46.563984,4.912112,Plein jour,En agglomération,Intersection en X,Normale,Deux véhicules - arrière,3,2,2,0,1,1,1,2,1,50,2,2,1,0,0,1,72.0,18.0,voiture,deux_roues,1,2,2,1,2
202400017969,2024-04-12 18:00:00,2024,4,12,18,0,71,71543,Quai du Nord,46.563984,4.912112,Plein jour,En agglomération,Intersection en X,Normale,Deux véhicules - arrière,3,-1,2,0,2,1,1,0,1,50,2,2,1,0,0,1,72.0,18.0,voiture,deux_roues,1,2,2,1,2
202400017969,2024-04-12 18:00:00,2024,4,12,18,0,71,71543,Quai du Nord,46.563984,4.912112,Plein jour,En agglomération,Intersection en X,Normale,Deux véhicules - arrière,3,2, -1,-1,2,1,1,0,1,-1,2,2,1,0,0,1,72.0,18.0,voiture,deux_roues,1,2,2,1,2
202400017969,2024-04-12 18:00:00,2024,4,12,18,0,71,71543,Quai du Nord,46.563984,4.912112,Plein jour,En agglomération,Intersection en X,Normale,Deux véhicules - arrière,3,2, -1,-1,2,1,1,0,1,50,2,2,1,0,0,1,72.0,18.0,voiture,deux_roues,1,2,2,1,2
202400017970,2024-12-24 09:30:00,2024,12,24,9,30,04,04242,D4096,43.89766,5.878903,Plein jour,Hors agglomération,Hors intersection,Normale,Deux véhicules - arrière,3,2,2,0,1,1,1,0,1,80,2,5,0,0,0,5,28.0,44.0,voiture,utilitaire_camion,1,1,1,1,2
202400017971,2024-09-07 23:00:00,2024,9,7,23,0,75,75115,BOULEVARD PERIPHERIQUE INTERIEUR SUD,48.833408,2.278343,Nuit avec éclairage allumé,En agglomération,Hors intersection,Normale,Deux véhicules - arrière,4,1,3,0,1,1,1,0,1,70,2,5,2,0,0,3,30.0,25.0,voiture,voiture,5,2,1,1,2
202400017972,2024-01-30 08:30:00,2024,1,30,8,30,93,93047,Avenue Victor Hugo,48.9022,2.56094,Plein jour,En agglomération,Hors intersection,Temps couvert,Autre collision,4,2,2,0,1,1,1,0,1,50,1,3,2,0,0,1,27.0,,transport_commun,,1,2,1,8,6
202400017973,2024-04-19 16:00:00,2024,4,19,16,0,63,63047,Boulevard des Vernières,45.590674,2.749398,Plein jour,En agglomération,Intersection en T,Normale,Sans collision,4,1,1,-1,1,1,1,0,1,10,1,1,0,0,1,0,16.0,,deux_roues,,1,2,3,1,7
202400017973,2024-04-19 16:00:00,2024,4,19,16,0,63,63047,Boulevard des Vernières,45.590674,2.749398,Plein jour,En agglomération,Intersection en T,Normale,Sans collision,4,2,2,0,1,1,1,0,4,50,1,1,0,0,1,0,16.0,,deux_roues,,1,2,3,1,7
202400017974,2024-12-24 10:58:00,2024,12,24,10,58,69,69287,15 Rue du 11 Novembre 1918,45.690852,5.033423,Plein jour,En agglomération,Intersection en T,Normale,Autre collision,4,1,1,0,1,1,1,0,1,30,1,2,1,0,1,0,53.0,,voiture,,1,2,3,1,6
202400017974,2024-12-24 10:58:00,2024,12,24,10,58,69,69287,15 Rue du 11 Novembre 1918,45.690852,5.033423,Plein jour,En agglomération,Intersection en T,Normale,Autre collision,4,2,2,1,1,1,1,0,1,-1,1,2,1,0,1,0,53.0,,voiture,,1,2,3,1,6
202400017975,2024-09-06 14:20:00,2024,9,6,14,20,75,75115,BOULEVARD PERIPHERIQUE EXTERIEUR SUD,48.831897,2.28169,Plein jour,En agglomération,Hors intersection,Normale,Deux véhicules - arrière,4,1,3,0,1,1,1,0,1,70,2,3,2,0,0,1,26.0,39.0,utilitaire_camion,voiture,1,2,1,1,2
202400017976,2024-12-23 16:05:00,2024,12,23,16,5,27,27397,rue du fond du val,49.036066,1.364413,Plein jour,Hors agglomération,Hors intersection,Normale,Sans collision,4,2,2,0,2,1,1,0,1,50,1,1,0,0,1,0,58.0,,deux_roues,,1,1,1,1,7
202400017977,2024-01-30 07:33:00,2024,1,30,7,33,93,93010,Rue Jules Guesde / Rue Jean Jaures,48.903528,2.47799,Crépuscule ou aube,En agglomération,Intersection en T,Normale,Autre collision,4,1,1,0,1,1,1,0,1,-1,1,2,1,0,0,1,72.0,,utilitaire_camion,,2,2,3,1,6
202400017977,2024-01-30 07:33:00,2024,1,30,7,33,93,93010,Rue Jules Guesde / Rue Jean Jaures,48.903528,2.47799,Crépuscule ou aube,En agglomération,Intersection en T,Normale,Autre collision,4,2,2,0,1,1,1,0,1,50,1,2,1,0,0,1,72.0,,utilitaire_camion,,2,2,3,1,6
202400017978,2024-04-17 22:30:00,2024,4,17,22,30,49,49160,D22,47.412627,-0.949472,Nuit sans éclairage public,Hors agglomération,Intersection en X,Normale,Deux véhicules - côté,3,2,2,0,1,1,1,0,1,70,2,2,1,0,0,1,19.0,33.0,voiture,voiture,3,1,2,1,3
202400017978,2024-04-17 22:30:00,2024,4,17,22,30,49,49160,D22,47.412627,-0.949472,Nuit sans éclairage public,Hors agglomération,Intersection en X,Normale,Deux véhicules - côté,3,2,2,0,1,1,1,0,1,80,2,2,1,0,0,1,19.0,33.0,voiture,voiture,3,1,2,1,3
202400017979,2024-04-18 14:15:00,2024,4,18,14,15,42,42264,D6,45.590768,4.339503,Plein jour,Hors agglomération,Hors intersection,Normale,Autre collision,3,2,2,0,1,3,2,0,1,80,1,2,1,0,1,0,19.0,,voiture,,1,1,1,1,6
202400017980,2024-01-30 17:15:00,2024,1,30,17,15,93,93005,Avenue Anatole France / Rue Sadi Carnot,48.93735,2.494677,Plein jour,En agglomération,Intersection à plus de 4 branches,Normale,Autre collision,4,1,1,0,1,1,1,0,1,-1,1,2,1,0,0,1,30.0,,transport_commun,,1,2,5,1,6
202400017980,2024-01-30 17:15:00,2024,1,30,17,15,93,93005,Avenue Anatole France / Rue Sadi Carnot,48.93735,2.494677,Plein jour,En agglomération,Intersection à plus de 4 branches,Normale,Autre collision,4,2,2,0,1,1,1,0,1,50,1,2,1,0,0,1,30.0,,transport_commun,,1,2,5,1,6
202400017981,2024-09-08 15:50:00,2024,9,8,15,50,75,75120,RUE DES PYRENEES,48.856196,2.404932,Plein jour,En agglomération,Intersection à plus de 4 branches,Normale,Deux véhicules - arrière,4,2, -1,-1,1,1,1,0,1,-1,2,2,1,0,0,1,14.0,77.0,deux_roues,voiture,1,2,5,1,2
202400017981,2024-09-08 15:50:00,2024,9,8,15,50,75,75120,RUE DES PYRENEES,48.856196,2.404932,Plein jour,En agglomération,Intersection à plus de 4 branches,Normale,Deux véhicules - arrière,4,2,3,0,2,1,1,0,1,30,2,2,1,0,0,1,14.0,77.0,deux_roues,voiture,1,2,5,1,2
202400017982,2024-12-25 11:55:00,2024,12,25,11,55,76,76116,D6014,49.387386,1.221125,Plein jour,Hors agglomération,Intersection en X,Normale,Deux véhicules - côté,7,2,2,0,1,1,1,-1,1,70,2,4,3,0,1,0,16.0,39.0,deux_roues,voiture,1,1,2,1,3
202400017982,2024-12-25 11:55:00,2024,12,25,11,55,76,76116,D6014,49.387386,1.221125,Plein jour,Hors agglomération,Intersection en X,Normale,Deux véhicules - côté,7,2,2,0,1,1,1,0,1,50,2,4,3,0,1,0,16.0,39.0,deux_roues,voiture,1,1,2,1,3
202400017983,2024-01-27 17:30:00,2024,1,27,17,30,92,92022,ETANG SAINT-DENIS (ROUTE DE L'),48.81102528,2.19534051,Crépuscule ou aube,En agglomération,Hors intersection,Normale,Sans collision,4,2,2,0,2,1,1,0,1,30,1,1,0,0,0,1,36.0,,deux_roues,,2,2,1,1,7
202400017984,2024-04-18 18:45:00,2024,4,18,18,45,86,86002,D18,46.758534,0.160439,Plein jour,Hors agglomération,Intersection en X,Normale,Deux véhicules - côté,3,2,2,0,1,1,1,5,1,80,2,2,1,1,0,0,85.0,55.0,voiture,voiture,1,1,2,1,3
202400017984,2024-04-18 18:45:00,2024,4,18,18,45,86,86002,D18,46.758534,0.160439,Plein jour,Hors agglomération,Intersection en X,Normale,Deux véhicules - côté,3,2, -1,-1,1,1,1,5,1,80,2,2,1,1,0,0,85.0,55.0,voiture,voiture,1,1,2,1,3
202400017985,2024-01-30 10:55:00,2024,1,30,10,55,92,92050,SOUFFLOT J-GERMAIN BOULEVARD,48.89797,2.21403,Plein jour,En agglomération,Hors intersection,Temps couvert,Deux véhicules - arrière,3,1,1,0,1,1,1,9,1,50,2,2,1,0,0,1,39.0,57.0,voiture,deux_roues,1,2,1,8,2
202400017986,2024-12-25 11:00:00,2024,12,25,11,0,60,60211,D915,49.320489,1.774635,Plein jour,Hors agglomération,Hors intersection,Normale,Deux véhicules - frontale,3,2,2,0,1,4,2,2,1,80,2,2,1,0,1,0,78.0,29.0,voiture,voiture,1,1,1,1,1
202400017987,2024-09-08 00:45:00,2024,9,8,0,45,75,75116,AVENUE RAYMOND POINCARE,48.87119,2.284952,Nuit avec éclairage allumé,En agglomération,Hors intersection,Normale,Trois véhicules et plus - en chaîne,4,2,2,0,1,1,1,0,1,30,3,5,2,0,0,3,21.0,19.0,voiture,voiture,5,2,1,1,4
202400017988,2024-03-15 16:38:00,2024,3,15,16,38,34,34150,1 Rue Montgolfier,43.35795,3.5282,Plein jour,En agglomération,Intersection en T,Normale,Sans collision,4,1,1,0,1,1,1,0,8,-1,1,1,0,1,0,0,77.0,,voiture,,1,2,3,1,7
202400017988,2024-03-15 16:38:00,2024,3,15,16,38,34,34150,1 Rue Montgolfier,43.35795,3.5282,Plein jour,En agglomération,Intersection en T,Normale,Sans collision,4,2, -1,-1,1,1,1,0,1,-1,1,1,0,1,0,0,77.0,,voiture,,1,2,3,1,7
202400017989,2024-01-30 13:50:00,2024,1,30,13,50,92,92040,GENERAL DE GAULLE (AVE DU) 32 A 62,48.82164784,2.28169477,Plein jour,En agglomération,Intersection en T,Normale,Deux véhicules - côté,4,2,2,0,1,1,1,0,1,30,2,2,1,0,0,1,20.0,33.0,deux_roues,voiture,1,2,3,1,3
202400017989,2024-01-30 13:50:00,2024,1,30,13,50,92,92040,GENERAL DE GAULLE (AVE DU) 32 A 62,48.82164784,2.28169477,Plein jour,En agglomération,Intersection en T,Normale,Deux véhicules - côté,4,2,2,0,2,1,1,0,1,30,2,2,1,0,0,1,20.0,33.0,deux_roues,voiture,1,2,3,1,3
202400017990,2024-09-06 15:50:00,2024,9,6,15,50,75,75116,AVENUE KLEBER,48.865658,2.289158,Plein jour,En agglomération,Hors intersection,Normale,Deux véhicules - côté,4,2,2,0,1,1,1,0,1,30,2,2,1,0,0,1,41.0,29.0,deux_roues,utilitaire_camion,1,2,1,1,3
202400017991,2024-04-05 21:40:00,2024,4,5,21,40,44,44217,Lieu Dit Tournebride,47.278538,-1.720047,Nuit sans éclairage public,Hors agglomération,Hors intersection,Normale,Deux véhicules - frontale,3,2,2,0,1,1,1,0,1,70,2,2,1,0,0,1,26.0,31.0,voiture,voiture,3,1,1,1,1
202400017992,2024-12-23 12:10:00,2024,12,23,12,10,13,13005,A50-Sens Aubagne vers Marseille,43.2850032,5.52417765,Plein jour,Hors agglomération,Hors intersection,Normale,Deux véhicules - arrière,1,1,3,0,1,1,1,0,1,90,3,5,2,0,0,3,,,voiture,voiture,1,1,1,1,2
202400017993,2024-01-30 19:20:00,2024,1,30,19,20,92,92026,CIRCULAIRE (BOULEVARD),48.89089,2.24766,Nuit avec éclairage allumé,En agglomération,Hors intersection,Normale,Deux véhicules - côté,3,1,3,0,1,1,1,0,5,50,2,2,1,0,0,1,27.0,26.0,deux_roues,voiture,5,2,1,1,3
202400017994,2024-09-08 03:20:00,2024,9,8,3,20,75,75115,QUAI ANDRE CITROEN,48.849409,2.281514,Nuit avec éclairage allumé,En agglomération,Intersection en X,Normale,Deux véhicules - côté,4,2,0,1,1,1,1,2,1,50,2,3,2,0,0,1,20.0,31.0,deux_roues,deux_roues,5,2,2,1,3
202400017994,2024-09-08 03:20:00,2024,9,8,3,20,75,75115,QUAI ANDRE CITROEN,48.849409,2.281514,Nuit avec éclairage allumé,En agglomération,Intersection en X,Normale,Deux véhicules - côté,4,2,4,2,1,1,1,0,1,50,2,3,2,0,0,1,20.0,31.0,deux_roues,deux_roues,5,2,2,1,3
202400017995,2024-12-23 20:45:00,2024,12,23,20,45,13,13214,A7-Sens Lyon vers Marseille,43.33542674,5.37708055,Nuit avec éclairage allumé,Hors agglomération,Hors intersection,Normale,Deux véhicules - côté,1,1,2,0,1,1,1,0,1,70,1,2,0,0,0,2,33.0,,voiture,,5,1,1,1,3
202400017996,2024-04-19 17:15:00,2024,4,19,17,15,35,35039,Rue de Rennes,48.105651,-1.485568,Plein jour,En agglomération,Intersection en X,Normale,Deux véhicules - côté,7,2,2,0,1,1,1,0,1,50,2,2,1,1,0,0,24.0,28.0,deux_roues,voiture,1,2,2,1,3
202400017996,2024-04-19 17:15:00,2024,4,19,17,15,35,35039,Rue de Rennes,48.105651,-1.485568,Plein jour,En agglomération,Intersection en X,Normale,Deux véhicules - côté,7,2,2,0,1,1,1,0,1,50,2,2,1,1,0,0,24.0,28.0,deux_roues,voiture,1,2,2,1,3
202400017997,2024-01-30 16:50:00,2024,1,30,16,50,92,92024,CLICHY (QUAI DE) DE (8 A 60),48.90775829,2.29861844,Plein jour,En agglomération,Hors intersection,Normale,Deux véhicules - arrière,3,1,2,0,1,1,1,0,1,50,2,2,1,0,0,1,36.0,48.0,voiture,voiture,1,2,1,1,2
202400017998,2024-01-30 12:30:00,2024,1,30,12,30,34,34069,D14,43.380692,3.122134,Plein jour,Hors agglomération,Hors intersection,Temps couvert,Autre collision,3,2,2,2,2,1,2,0,3,80,1,1,0,0,1,0,42.0,,voiture,,1,1,1,8,6
202400017999,2024-09-07 23:30:00,2024,9,7,23,30,75,75115,RUE DES BERGERS,48.844715,2.282723,Nuit avec éclairage allumé,En agglomération,Hors intersection,Normale,Deux véhicules - côté,4,1,1,0,1,1,1,0,1,30,2,3,2,0,0,1,49.0,23.0,voiture,deux_roues,5,2,1,1,3
202400018000,2024-04-19 17:05:00,2024,4,19,17,5,58,58079,Le Foulon,47.451374,3.501543,Plein jour,En agglomération,Hors intersection,Normale,Autre collision,3,2,2,0,1,1,1,0,3,50,2,2,1,0,1,0,26.0,39.0,utilitaire_camion,deux_roues,1,2,1,1,6
202400018001,2024-12-13 18:48:00,2024,12,13,18,48,13,13071,A7-Sens Lyon vers Marseille,43.40498387,5.3398132,Nuit sans éclairage public,Hors agglomération,Hors intersection,Normale,Trois véhicules et plus - en chaîne,1,-1,3,0,1,1,1,0,1,90,3,3,2,0,0,1,19.0,48.0,voiture,voiture,3,1,1,1,4
202400018002,2024-01-31 07:20:00,2024,1,31,7,20,51,51423,D61,48.759683,4.841151,Crépuscule ou aube,Hors agglomération,Hors intersection,Normale,Deux véhicules - côté,3,2,2,0,1,1,1,0,1,80,2,2,1,0,0,1,56.0,70.0,utilitaire_camion,deux_roues,2,1,1,1,3
202400018003,2024-04-19 08:50:00,2024,4,19,8,50,72,72247,rd309 pk49+500,47.97953822,0.11534762,Plein jour,Hors agglomération,Hors intersection,Temps éblouissant,Deux véhicules - frontale,3,2,2,0,1,1,1,0,1,90,2,2,0,0,2,0,45.0,52.0,voiture,voiture,1,1,1,7,1