accident_id,datetime,annee,mois,jour,heure,minute,departement,commune_insee,adresse,latitude,longitude,luminosite,agglomeration,intersection,meteo,collision,catr,circ,nbv,vosp,prof,plan,surf,infra,situ,vma,nb_vehicules,nb_usagers,nb_indemnes,nb_tues,nb_blesses_hosp,nb_blesses_legers,age_cond_1,age_cond_2,veh_type_cond_1,veh_type_cond_2,lum_code,agg_code,int_code,atm_code,col_code
202400018004,2024-01-30 13:00:00,2024,1,30,13,0,33,33087,Le Bourg Nord,44.627546,-0.063225,Plein jour,En agglomération,Hors intersection,Normale,Autre collision,3,2,2,0,1,3,1,0,8,50,1,2,0,0,0,2,52.0,,voiture,,1,2,1,1,6
202400018005,2024-12-21 12:30:00,2024,12,21,12,30,57,57356,Autoroute A31,49.43664,6.11701,Plein jour,Hors agglomération,Hors intersection,Temps couvert,Deux véhicules - arrière,1,3,2,0,1,1,2,0,1,110,2,3,0,0,0,3,24.0,22.0,voiture,voiture,1,1,1,8,2
202400018006,2024-09-08 17:40:00,2024,9,8,17,40,75,75101,QUAI FRANCOIS MITTERRAND,48.858989,2.339873,Plein jour,En agglomération,Intersection en T,Temps couvert,Deux véhicules - côté,4,1,4,3,1,1,2,0,1,30,2,3,2,0,0,1,47.0,40.0,voiture,deux_roues,1,2,3,8,3
202400018006,2024-09-08 17:40:00,2024,9,8,17,40,75,75101,QUAI FRANCOIS MITTERRAND,48.858989,2.339873,Plein jour,En agglomération,Intersection en T,Temps couvert,Deux véhicules - côté,4,2,4,3,1,1,2,0,1,30,2,3,2,0,0,1,47.0,40.0,voiture,deux_roues,1,2,3,8,3
202400018007,2024-01-17 17:00:00,2024,1,17,17,0,36,36103,,47.131739,1.452148,Plein jour,Hors agglomération,Hors intersection,Normale,Sans collision,3,2,2,0,2,3,1,0,3,80,1,1,0,0,0,1,15.0,,deux_roues,,1,1,1,1,7
202400018008,2024-04-19 08:25:00,2024,4,19,8,25,14,14740,Route de Livarot,49.00373,0.366079,Plein jour,Hors agglomération,Hors intersection,Normale,Autre collision,3,2,2,0,1,1,1,0,3,80,1,1,0,0,1,0,38.0,,voiture,,1,1,1,1,6
202400018009,2024-01-30 17:09:00,2024,1,30,17,9,972,97231,Sarcelle,14.530031,-61.020979,Plein jour,Hors agglomération,Intersection en T,Normale,Deux véhicules - frontale,3,2,2,0,3,1,1,0,1,70,2,3,1,0,1,1,45.0,49.0,deux_roues,voiture,1,1,3,1,1
202400018009,2024-01-30 17:09:00,2024,1,30,17,9,972,97231,Sarcelle,14.530031,-61.020979,Plein jour,Hors agglomération,Intersection en T,Normale,Deux véhicules - frontale,3,-1, -1,-1,-1,-1,-1,-1,-1,-1,2,3,1,0,1,1,45.0,49.0,deux_roues,voiture,1,1,3,1,1
202400018010,2024-09-08 07:05:00,2024,9,8,7,5,75,75104,BOULEVARD BEAUMARCHAIS,48.854039,2.368977,Plein jour,En agglomération,Intersection en Y,Normale,Trois véhicules et plus - collisions multiples,4,2,5,3,1,1,1,0,1,30,3,3,2,0,0,1,25.0,65.0,voiture,voiture,1,2,4,1,5
202400018010,2024-09-08 07:05:00,2024,9,8,7,5,75,75104,BOULEVARD BEAUMARCHAIS,48.854039,2.368977,Plein jour,En agglomération,Intersection en Y,Normale,Trois véhicules et plus - collisions multiples,4,1,3,1,1,1,1,0,1,30,3,3,2,0,0,1,25.0,65.0,voiture,voiture,1,2,4,1,5
202400018011,2024-04-14 11:06:00,2024,4,14,11,6,64,64238,Route de Ponson Dessus,43.248338,-0.082757,Plein jour,Hors agglomération,Intersection en X,Normale,Deux véhicules - côté,3,2,2,0,1,1,1,0,1,80,2,2,1,0,1,0,82.0,62.0,voiture,deux_roues,1,1,2,1,3
202400018011,2024-04-14 11:06:00,2024,4,14,11,6,64,64238,Route de Ponson Dessus,43.248338,-0.082757,Plein jour,Hors agglomération,Intersection en X,Normale,Deux véhicules - côté,3,2, -1,-1,1,1,1,0,1,80,2,2,1,0,1,0,82.0,62.0,voiture,deux_roues,1,1,2,1,3
202400018012,2024-12-23 23:11:00,2024,12,23,23,11,59,59447,AUTOROUTE A2,50.37174,3.60272,Nuit sans éclairage public,Hors agglomération,Hors intersection,Normale,Trois véhicules et plus - collisions multiples,1,-1,2,0,1,1,1,0,1,130,4,4,3,1,0,0,35.0,58.0,voiture,utilitaire_camion,3,1,1,1,5
202400018013,2024-01-31 16:10:00,2024,1,31,16,10,72,72008,D140,47.92206389,0.2181401,Plein jour,Hors agglomération,Hors intersection,Normale,Deux véhicules - frontale,3,2,2,0,1,3,1,0,1,90,2,4,0,0,1,3,32.0,19.0,deux_roues,voiture,1,1,1,1,1
202400018014,2024-12-24 20:50:00,2024,12,24,20,50,92,92002,AUTOROUTE A10,48.73281,2.3121,Nuit sans éclairage public,Hors agglomération,Hors intersection,Normale,Deux véhicules - arrière,1,3,3,0,1,1,2,0,1,90,2,2,1,0,0,1,40.0,32.0,deux_roues,voiture,3,1,1,1,2
202400018015,2024-09-08 23:00:00,2024,9,8,23,0,94,94016,Avenue Aristide Briand,48.79615,2.321928,Nuit avec éclairage allumé,En agglomération,Intersection en X,Normale,Deux véhicules - côté,3,-1,1,0,1,1,1,0,1,50,2,3,1,0,0,2,29.0,29.0,deux_roues,voiture,5,2,2,1,3
202400018015,2024-09-08 23:00:00,2024,9,8,23,0,94,94016,Avenue Aristide Briand,48.79615,2.321928,Nuit avec éclairage allumé,En agglomération,Intersection en X,Normale,Deux véhicules - côté,3,1,2,0,1,1,1,0,1,50,2,3,1,0,0,2,29.0,29.0,deux_roues,voiture,5,2,2,1,3
202400018016,2024-01-29 08:50:00,2024,1,29,8,50,82,82185,D47,44.367628,0.915674,Plein jour,Hors agglomération,Hors intersection,Normale,Sans collision,3,2,2,0,1,2,1,2,3,80,1,1,0,0,1,0,59.0,,voiture,,1,1,1,1,7
202400018017,2024-04-13 09:20:00,2024,4,13,9,20,43,43244,1 Place de l'Hotel-de-ville,45.114645,4.290475,Plein jour,En agglomération,Hors intersection,Normale,Autre collision,4,1,1,0,1,1,1,0,1,50,1,2,1,0,1,0,72.0,,voiture,,1,2,1,1,6
202400018018,2024-01-31 04:10:00,2024,1,31,4,10,63,63195,D20,45.80826149,3.38821148,Nuit sans éclairage public,Hors agglomération,Hors intersection,Normale,Autre collision,3,2,2,0,1,1,1,0,1,90,1,1,0,0,0,1,19.0,,deux_roues,,3,1,1,1,6
202400018019,2024-12-24 19:55:00,2024,12,24,19,55,91,91228,AUTOROUTE A6,48.6241,2.41917,Nuit sans éclairage public,Hors agglomération,Hors intersection,Normale,Deux véhicules - arrière,1,3,3,0,1,1,2,0,1,110,2,2,0,0,0,2,55.0,35.0,voiture,voiture,3,1,1,1,2
202400018020,2024-09-08 07:55:00,2024,9,8,7,55,95,95527,NOYER AU CHAT (ROUTE DU),49.00052653,2.52678752,Crépuscule ou aube,Hors agglomération,Hors intersection,Normale,Deux véhicules - côté,4,1,2,0,1,1,1,0,1,70,2,2,1,0,0,1,33.0,42.0,voiture,voiture,2,1,1,1,3
202400018021,2024-01-30 02:20:00,2024,1,30,2,20,42,42173,Route du Chatelard,45.81736,4.107964,Nuit sans éclairage public,Hors agglomération,Intersection en Y,Normale,Autre collision,3,2,2,0,1,3,1,0,3,80,1,1,0,0,1,0,29.0,,voiture,,3,1,4,1,6
202400018021,2024-01-30 02:20:00,2024,1,30,2,20,42,42173,Route du Chatelard,45.81736,4.107964,Nuit sans éclairage public,Hors agglomération,Intersection en Y,Normale,Autre collision,3,2,2,-1,1,3,1,0,3,-1,1,1,0,0,1,0,29.0,,voiture,,3,1,4,1,6
202400018022,2024-04-18 20:50:00,2024,4,18,20,50,07,07191,D86,44.585645,4.701553,Nuit sans éclairage public,Hors agglomération,Giratoire,Normale,Autre collision,3,-1,2,0,1,1,1,0,8,90,1,1,0,0,1,0,53.0,,voiture,,3,1,6,1,6
202400018023,2024-09-07 08:00:00,2024,9,7,8,0,93,93001,VICTOR HUGO (AVE)  N° 122 =>,48.91149091,2.37952454,Crépuscule ou aube,En agglomération,Hors intersection,Pluie légère,Deux véhicules - côté,3,-1,2,0,1,1,2,0,8,50,2,2,1,0,0,1,,34.0,autre,voiture,2,2,1,2,3
202400018024,2024-01-30 09:40:00,2024,1,30,9,40,29,29241,Rue Alsace-lorraine,47.957708,-3.82777,Plein jour,En agglomération,Hors intersection,Brouillard / fumée,Autre collision,4,1,1,0,2,1,1,0,1,30,1,2,1,0,1,0,69.0,,voiture,,1,2,1,5,6
202400018025,2024-12-24 15:10:00,2024,12,24,15,10,92,92019,AUTOROUTE A86,48.75977884,2.27329195,Plein jour,Hors agglomération,Hors intersection,Pluie légère,Deux véhicules - arrière,2,3,3,0,1,1,2,0,1,90,2,4,3,0,0,1,29.0,32.0,voiture,voiture,1,1,1,2,2
202400018026,2024-09-08 20:45:00,2024,9,8,20,45,92,92036,LUCIEN LANTERNIER (AVENUE) (1/17),48.93318258,2.29414199,Nuit avec éclairage allumé,En agglomération,Intersection en T,Pluie légère,Autre collision,3,2,2,0,1,1,2,6,1,30,1,2,1,0,0,1,29.0,,voiture,,5,2,3,2,6
202400018026,2024-09-08 20:45:00,2024,9,8,20,45,92,92036,LUCIEN LANTERNIER (AVENUE) (1/17),48.93318258,2.29414199,Nuit avec éclairage allumé,En agglomération,Intersection en T,Pluie légère,Autre collision,3,2,2,0,1,1,2,6,1,30,1,2,1,0,0,1,29.0,,voiture,,5,2,3,2,6
202400018027,2024-01-31 15:00:00,2024,1,31,15,0,38,38538,D165,45.230237,5.863523,Plein jour,Hors agglomération,Giratoire,Temps éblouissant,Deux véhicules - côté,3,2,2,0,1,2,1,5,1,70,2,2,1,0,0,1,20.0,50.0,utilitaire_camion,deux_roues,1,1,6,7,3
202400018027,2024-01-31 15:00:00,2024,1,31,15,0,38,38538,D165,45.230237,5.863523,Plein jour,Hors agglomération,Giratoire,Temps éblouissant,Deux véhicules - côté,3,2,2,0,1,1,1,5,1,50,2,2,1,0,0,1,20.0,50.0,utilitaire_camion,deux_roues,1,1,6,7,3
202400018028,2024-12-24 14:40:00,2024,12,24,14,40,78,78640,N118,48.772079,2.227448,Plein jour,Hors agglomération,Hors intersection,Normale,Deux véhicules - arrière,2,-1,2,0,1,1,1,0,1,90,2,2,1,0,0,1,23.0,32.0,voiture,voiture,1,1,1,1,2
202400018029,2024-04-18 09:00:00,2024,4,18,9,0,04,04088,Boulevard Latourette,43.957968,5.779463,Plein jour,En agglomération,Intersection en T,Normale,Deux véhicules - côté,4,2,2,1,2,1,1,0,1,50,2,2,1,0,0,1,54.0,25.0,voiture,deux_roues,1,2,3,1,3
202400018029,2024-04-18 09:00:00,2024,4,18,9,0,04,04088,Boulevard Latourette,43.957968,5.779463,Plein jour,En agglomération,Intersection en T,Normale,Deux véhicules - côté,4,2,2,0,2,2,1,0,1,30,2,2,1,0,0,1,54.0,25.0,voiture,deux_roues,1,2,3,1,3
202400018030,2024-01-31 09:45:00,2024,1,31,9,45,15,15243,RD 678,45.239111,2.499046,Plein jour,Hors agglomération,Hors intersection,Temps couvert,Autre collision,3,2,2,0,4,3,7,0,3,90,1,1,0,0,1,0,72.0,,voiture,,1,1,1,8,6
202400018031,2024-12-24 08:19:00,2024,12,24,8,19,92,92036,A86,48.935952,2.28705609,Plein jour,Hors agglomération,Hors intersection,Pluie légère,Autre collision,1,1,2,0,1,1,2,0,1,90,1,1,0,0,0,1,60.0,,deux_roues,,1,1,1,2,6
202400018032,2024-09-08 12:00:00,2024,9,8,12,0,39,39097,Rue du Cimetière,46.74717,5.911264,Plein jour,En agglomération,Hors intersection,Normale,Autre collision,4,1,1,0,1,1,1,0,1,50,1,2,1,0,0,1,55.0,,voiture,,1,2,1,1,6
202400018033,2024-04-19 16:00:00,2024,4,19,16,0,85,85029,RD59,46.9775,-1.98351,Plein jour,Hors agglomération,Hors intersection,Normale,Autre collision,3,2,2,0,1,1,1,0,8,80,1,1,0,1,0,0,52.0,,deux_roues,,1,1,1,1,6
202400018034,2024-12-24 21:20:00,2024,12,24,21,20,78,78640,A86 INT,48.780302,2.183726,Nuit sans éclairage public,Hors agglomération,Hors intersection,Pluie légère,Deux véhicules - arrière,1,1,3,0,1,1,2,0,1,90,2,2,1,0,0,1,24.0,24.0,voiture,voiture,3,1,1,2,2
202400018035,2024-01-31 12:25:00,2024,1,31,12,25,70,70149,d16,47.636,6.724459,Plein jour,Hors agglomération,Hors intersection,Normale,Deux véhicules - frontale,3,2,2,0,1,3,1,0,1,80,2,4,2,0,1,1,21.0,45.0,voiture,voiture,1,1,1,1,1
202400018036,2024-08-29 14:30:00,2024,8,29,14,30,57,57028,D1,49.19861502,6.20873882,Plein jour,Hors agglomération,Intersection en T,Normale,Deux véhicules - frontale,1,2,0,0,1,1,1,2,1,70,2,5,1,0,1,3,31.0,21.0,voiture,voiture,1,1,3,1,1
202400018036,2024-08-29 14:30:00,2024,8,29,14,30,57,57028,D1,49.19861502,6.20873882,Plein jour,Hors agglomération,Intersection en T,Normale,Deux véhicules - frontale,1,1,0,0,2,2,1,3,1,70,2,5,1,0,1,3,31.0,21.0,voiture,voiture,1,1,3,1,1
202400018037,2024-04-18 22:45:00,2024,4,18,22,45,85,85089,la cantière,46.72354,-1.29886,Nuit sans éclairage public,Hors agglomération,Intersection en X,Normale,Deux véhicules - frontale,3,2,0,0,3,1,1,0,1,80,2,2,1,0,1,0,29.0,49.0,utilitaire_camion,deux_roues,3,1,2,1,1
202400018037,2024-04-18 22:45:00,2024,4,18,22,45,85,85089,la cantière,46.72354,-1.29886,Nuit sans éclairage public,Hors agglomération,Intersection en X,Normale,Deux véhicules - frontale,3,2, -1,-1,3,1,1,0,1,-1,2,2,1,0,1,0,29.0,49.0,utilitaire_camion,deux_roues,3,1,2,1,1
202400018038,2024-01-31 06:10:00,2024,1,31,6,10,70,70525,Rue du Muguet,47.655417,5.838092,Nuit sans éclairage public,Hors agglomération,Hors intersection,Normale,Autre collision,4,2,2,0,1,1,1,0,1,80,1,1,0,0,1,0,17.0,,deux_roues,,3,1,1,1,6
202400018039,2024-12-23 17:07:00,2024,12,23,17,7,78,78158,A13,48.841059,2.106997,Plein jour,Hors agglomération,Hors intersection,Normale,Deux véhicules - arrière,1,1,2,0,1,1,1,0,1,50,2,2,1,0,0,1,52.0,52.0,deux_roues,voiture,1,1,1,1,2
202400018040,2024-09-09 08:01:00,2024,9,9,8,1,83,83107,A8,43.46602503,6.65061135,Plein jour,Hors agglomération,Hors intersection,Temps éblouissant,Sans collision,1,3,3,0,1,1,1,0,1,130,1,1,0,0,1,0,55.0,,deux_roues,,1,1,1,7,7
202400018041,2024-01-30 10:05:00,2024,1,30,10,5,54,54405,RD 78,48.582302,5.942642,Plein jour,Hors agglomération,Hors intersection,Autre,Autre collision,3,2,2,0,2,4,1,0,3,80,1,1,0,0,1,0,21.0,,voiture,,1,1,1,9,6
202400018042,2024-12-24 17:20:00,2024,12,24,17,20,95,95500,A15,49.03653414,2.09411837,Nuit avec éclairage allumé,Hors agglomération,Hors intersection,Pluie légère,Deux véhicules - côté,1,3,4,0,1,1,2,0,1,90,2,2,1,0,0,1,23.0,60.0,deux_roues,voiture,5,1,1,2,3
202400018043,2024-04-18 18:15:00,2024,4,18,18,15,37,37203,Rue de Parçay,47.416799,0.734252,Plein jour,Hors agglomération,Intersection en T,Normale,Deux véhicules - côté,3,2,2,0,1,1,1,0,1,70,2,2,1,0,1,0,46.0,76.0,deux_roues,voiture,1,1,3,1,3
202400018043,2024-04-18 18:15:00,2024,4,18,18,15,37,37203,Rue de Parçay,47.416799,0.734252,Plein jour,Hors agglomération,Intersection en T,Normale,Deux véhicules - côté,3,2,2,0,1,1,1,0,1,50,2,2,1,0,1,0,46.0,76.0,deux_roues,voiture,1,1,3,1,3
202400018044,2024-09-07 21:45:00,2024,9,7,21,45,972,97218,chemin du petit reduit,14.760286,-61.158389,Nuit sans éclairage public,Hors agglomération,Hors intersection,Normale,Autre collision,2,2,2,0,2,2,1,0,3,90,1,1,0,0,1,0,23.0,,voiture,,3,1,1,1,6
202400018045,2024-01-30 10:00:00,2024,1,30,10,0,72,72352,Route de Marolles,48.206622,0.40378,Plein jour,Hors agglomération,Hors intersection,Normale,Deux véhicules - frontale,3,2,2,0,1,1,2,0,1,80,2,3,0,0,2,1,51.0,27.0,voiture,utilitaire_camion,1,1,1,1,1
202400018046,2024-12-24 15:55:00,2024,12,24,15,55,95,95365,N104,49.05773707,2.42088314,Crépuscule ou aube,Hors agglomération,Hors intersection,Pluie légère,Deux véhicules - côté,2,3,2,0,1,1,2,0,1,90,2,2,1,0,1,0,23.0,47.0,deux_roues,autre,2,1,1,2,3
202400018047,2024-09-08 10:16:00,2024,9,8,10,16,63,63289,D204,45.76589058,2.72669334,Plein jour,Hors agglomération,Hors intersection,Normale,Sans collision,3,2,2,0,2,1,1,0,1,90,2,2,1,0,1,0,77.0,82.0,deux_roues,utilitaire_camion,1,1,1,1,7
202400018048,2024-04-18 19:30:00,2024,4,18,19,30,61,61497,A28,48.45370467,0.13114403,Plein jour,Hors agglomération,Autre intersection,Normale,Deux véhicules - côté,1,3,6,0,1,3,1,3,1,130,2,3,2,0,1,0,22.0,64.0,utilitaire_camion,voiture,1,1,9,1,3
202400018049,2024-01-28 16:10:00,2024,1,28,16,10,64,64040,D132,42.985296,-0.74339,Plein jour,Hors agglomération,Hors intersection,Normale,Sans collision,3,2,2,0,2,1,1,0,1,80,1,1,0,0,0,1,35.0,,deux_roues,,1,1,1,1,7
202400018050,2024-12-24 09:05:00,2024,12,24,9,5,93,93005,AUTOROUTE A3,48.95384453,2.47352068,Plein jour,Hors agglomération,Hors intersection,Pluie légère,Deux véhicules - arrière,1,3,8,0,1,1,2,0,1,110,2,2,1,0,0,1,50.0,23.0,voiture,deux_roues,1,1,1,2,2
202400018051,2024-01-23 13:45:00,2024,1,23,13,45,73,73188,D69,45.619917,6.326725,Plein jour,Hors agglomération,Hors intersection,Normale,Deux véhicules - arrière,3,2,1,0,1,1,1,8,1,80,2,2,0,0,0,2,42.0,45.0,voiture,utilitaire_camion,1,1,1,1,2
202400018052,2024-04-19 15:00:00,2024,4,19,15,0,42,42041,A72,45.705823,4.164588,Plein jour,Hors agglomération,Hors intersection,Normale,Deux véhicules - arrière,1,3,2,0,1,2,1,0,1,130,2,3,1,0,2,0,22.0,63.0,utilitaire_camion,utilitaire_camion,1,1,1,1,2
202400018053,2024-09-06 15:45:00,2024,9,6,15,45,12,12131,D988,44.410179,2.636772,Plein jour,Hors agglomération,Intersection en T,Normale,Deux véhicules - côté,3,2,2,0,1,1,1,5,1,50,2,2,0,0,1,1,26.0,42.0,deux_roues,utilitaire_camion,1,1,3,1,3
202400018053,2024-09-06 15:45:00,2024,9,6,15,45,12,12131,D988,44.410179,2.636772,Plein jour,Hors agglomération,Intersection en T,Normale,Deux véhicules - côté,3,2,2,0,1,1,1,5,1,90,2,2,0,0,1,1,26.0,42.0,deux_roues,utilitaire_camion,1,1,3,1,3
202400018054,2024-12-23 22:30:00,2024,12,23,22,30,93,93053,AUTOROUTE A3,48.89709475,2.46970636,Nuit sans éclairage public,Hors agglomération,Hors intersection,Normale,Deux véhicules - arrière,1,1,5,0,1,1,1,0,1,110,2,4,3,0,0,1,25.0,56.0,voiture,voiture,3,1,1,1,2
202400018055,2024-01-21 06:55:00,2024,1,21,6,55,37,37154,48 Rue Nationale,47.286609,0.713233,Nuit avec éclairage allumé,En agglomération,Hors intersection,Pluie légère,Deux véhicules - frontale,3,2,2,0,2,3,2,0,1,50,2,2,0,0,0,2,58.0,31.0,voiture,voiture,5,2,1,2,1
202400018056,2024-04-19 09:00:00,2024,4,19,9,0,973,97309,Route de Montjoly (rd1),4.92533,-52.286012,Plein jour,En agglomération,Hors intersection,Normale,Deux véhicules - côté,3,2,2,0,1,1,1,0,1,50,2,2,1,0,1,0,46.0,39.0,deux_roues,voiture,1,2,1,1,3
202400018057,2024-09-08 19:30:00,2024,9,8,19,30,974,97413,départementale 13 - ravine des poux,-21.175303,55.308223,Nuit sans éclairage public,Hors agglomération,Hors intersection,Normale,Deux véhicules - frontale,3,2,2,0,2,1,1,0,1,50,2,2,1,0,0,1,29.0,46.0,voiture,utilitaire_camion,3,1,1,1,1
202400018058,2024-01-30 09:00:00,2024,1,30,9,0,987,98734,PK 30+500 PAPEMATO,-17.712,-149.508,Plein jour,Hors agglomération,Hors intersection,Normale,Deux véhicules - côté,2,2,2,0,1,1,1,0,1,60,2,3,2,0,1,0,59.0,40.0,voiture,deux_roues,1,1,1,1,3
202400018059,2024-04-18 12:20:00,2024,4,18,12,20,69,69244,134 Rue Joliot Curie,45.754267,4.77752,Plein jour,En agglomération,Hors intersection,Normale,Deux véhicules - côté,4,2,2,3,2,1,2,0,1,30,2,2,1,0,0,1,54.0,67.0,deux_roues,voiture,1,2,1,1,3
202400018060,2024-12-24 19:45:00,2024,12,24,19,45,77,77294,A104,48.97036674,2.57047531,Nuit sans éclairage public,Hors agglomération,Hors intersection,Brouillard / fumée,Autre collision,1,3,4,0,1,1,2,0,1,90,3,7,4,0,0,3,30.0,44.0,voiture,voiture,3,1,1,5,6
202400018061,2024-09-08 18:30:00,2024,9,8,18,30,50,50467,N13,49.477291,-1.375641,Plein jour,Hors agglomération,Hors intersection,Temps couvert,Autre collision,2,3,0,0,1,1,1,0,3,110,1,2,1,0,1,0,62.0,,voiture,,1,1,1,8,6
202400018062,2024-01-31 11:20:00,2024,1,31,11,20,34,34032,A75,43.35584516,3.2739546,Plein jour,Hors agglomération,Hors intersection,Normale,Deux véhicules - côté,1,3,2,0,1,1,1,0,1,130,2,3,1,0,1,1,44.0,50.0,utilitaire_camion,utilitaire_camion,1,1,1,1,3
202400018063,2024-04-18 15:00:00,2024,4,18,15,0,86,86062,A10,46.660394,0.355597,Plein jour,Hors agglomération,Hors intersection,Normale,Deux véhicules - arrière,1,3,4,3,1,1,1,0,1,130,2,3,1,0,2,0,64.0,52.0,voiture,utilitaire_camion,1,1,1,1,2
202400018064,2024-06-20 02:20:00,2024,6,20,2,20,75,75107,AVENUE DE VILLARS,48.853235,2.313259,Nuit avec éclairage allumé,En agglomération,Place,Normale,Autre collision,4,2,2,0,1,1,1,9,1,30,1,1,0,0,0,1,53.0,,voiture,,5,2,7,1,6
202400018064,2024-06-20 02:20:00,2024,6,20,2,20,75,75107,AVENUE DE VILLARS,48.853235,2.313259,Nuit avec éclairage allumé,En agglomération,Place,Normale,Autre collision,4,1, -1,-1,1,1,1,0,1,30,1,1,0,0,0,1,53.0,,voiture,,5,2,7,1,6
202400018065,2024-01-30 13:55:00,2024,1,30,13,55,987,98729,PK 6.2 C/MER - MAHAREPA,-17.577,-150.202,Plein jour,En agglomération,Hors intersection,Normale,Autre collision,2,2,2,0,1,1,6,0,3,60,1,1,0,0,1,0,75.0,,deux_roues,,1,2,1,1,6
202400018066,2024-09-09 00:30:00,2024,9,9,0,30,50,50025,RN 175 PK 40+000,48.700606,-1.346265,Nuit sans éclairage public,Hors agglomération,Autre intersection,Normale,Autre collision,2,3,2,0,1,2,2,3,3,110,1,1,0,0,1,0,25.0,,voiture,,3,1,9,1,6
202400018067,2024-09-07 12:00:00,2024,9,7,12,0,34,34114,"a750, pk 28",43.643591,3.564677,Plein jour,Hors agglomération,Hors intersection,Normale,Autre collision,1,3,2,0,1,1,2,0,1,110,2,2,1,0,1,0,34.0,53.0,voiture,voiture,1,1,1,1,6
202400018068,2024-06-29 09:50:00,2024,6,29,9,50,93,93027,Boulevard Pasteur / Rue de l'Union,48.92804942,2.38527775,Plein jour,En agglomération,Intersection en X,Normale,Deux véhicules - frontale,3,2,2,2,1,1,1,0,1,50,2,2,1,0,1,0,19.0,39.0,deux_roues,voiture,1,2,2,1,1
202400018068,2024-06-29 09:50:00,2024,6,29,9,50,93,93027,Boulevard Pasteur / Rue de l'Union,48.92804942,2.38527775,Plein jour,En agglomération,Intersection en X,Normale,Deux véhicules - frontale,3,2,2,0,1,1,1,0,1,50,2,2,1,0,1,0,19.0,39.0,deux_roues,voiture,1,2,2,1,1
202400018069,2024-01-30 19:20:00,2024,1,30,19,20,973,97312,13 Rue d'Inkermann,5.37816627,-52.95679656,Nuit avec éclairage allumé,En agglomération,Intersection en X,Normale,Deux véhicules - frontale,4,2,2,0,1,1,2,0,1,50,2,3,2,0,0,1,37.0,59.0,deux_roues,voiture,5,2,2,1,1
202400018070,2024-04-18 15:39:00,2024,4,18,15,39,45,45008,A10,48.080581,1.851234,Plein jour,Hors agglomération,Hors intersection,Normale,Deux véhicules - arrière,1,-1,3,0,1,1,1,0,8,130,2,6,0,1,2,3,78.0,49.0,voiture,voiture,1,1,1,1,2
202400018071,2024-06-26 23:00:00,2024,6,26,23,0,93,93027,Rue Honoré de Balzac,48.92527,2.3798,Nuit avec éclairage allumé,En agglomération,Hors intersection,Normale,Autre collision,4,2,2,0,1,1,1,0,4,50,1,2,0,0,0,2,17.0,,deux_roues,,5,2,1,1,6
202400018072,2024-01-28 18:30:00,2024,1,28,18,30,971,97117,Boulevard Rougé,16.33081324,-61.34539783,Nuit avec éclairage allumé,En agglomération,Intersection en T,Normale,Autre collision,2,1,1,0,1,1,1,0,1,50,1,2,1,0,0,1,,,autre,,5,2,3,1,6
202400018072,2024-01-28 18:30:00,2024,1,28,18,30,971,97117,Boulevard Rougé,16.33081324,-61.34539783,Nuit avec éclairage allumé,En agglomération,Intersection en T,Normale,Autre collision,2,1,1,0,1,1,1,0,1,-1,1,2,1,0,0,1,,,autre,,5,2,3,1,6
202400018073,2024-04-16 03:23:00,2024,4,16,3,23,59,59047,A26 pk 143+400,50.05964931,3.17853496,Nuit sans éclairage public,Hors agglomération,Hors intersection,Pluie légère,Autre collision,1,3,4,0,1,1,2,0,2,130,1,1,0,0,1,0,32.0,,utilitaire_camion,,3,1,1,2,6
202400018074,2024-09-08 18:10:00,2024,9,8,18,10,87,87122,autoroute A 20 pK 154+900 SENS NORD/SUD,46.053313,1.358528,Plein jour,Hors agglomération,Hors intersection,Temps couvert,Deux véhicules - frontale,1,3,2,0,3,2,2,0,2,130,2,5,3,0,2,0,54.0,38.0,voiture,voiture,1,1,1,8,1
202400018075,2024-06-21 10:15:00,2024,6,21,10,15,93,93027,Rue de Valmy / Rue Jollois,48.92252,2.38164,Plein jour,En agglomération,Intersection en T,Pluie légère,Deux véhicules - côté,4,2,2,0,1,1,2,0,1,50,2,2,1,0,0,1,58.0,53.0,utilitaire_camion,deux_roues,1,2,3,2,3
202400018076,2024-04-19 07:00:00,2024,4,19,7,0,77,77231,D17,49.000071,3.00724,Crépuscule ou aube,Hors agglomération,Hors intersection,Normale,Autre collision,3,2,2,0,1,1,1,0,3,80,1,2,1,0,0,1,65.0,,voiture,,2,1,1,1,6
202400018077,2024-01-31 15:55:00,2024,1,31,15,55,77,77183,Rue du Four Blanc,48.942104,3.138593,Plein jour,En agglomération,Intersection en X,Normale,Deux véhicules - côté,3,2,2,0,2,1,1,0,1,50,2,2,1,0,1,0,17.0,20.0,deux_roues,utilitaire_camion,1,2,2,1,3
202400018077,2024-01-31 15:55:00,2024,1,31,15,55,77,77183,Rue du Four Blanc,48.942104,3.138593,Plein jour,En agglomération,Intersection en X,Normale,Deux véhicules - côté,3,2,2,0,1,1,1,0,1,50,2,2,1,0,1,0,17.0,20.0,deux_roues,utilitaire_camion,1,2,2,1,3
202400018078,2024-01-31 09:45:00,2024,1,31,9,45,2B,2B148,parking du commerce,42.52591,9.442601,Plein jour,En agglomération,Autre intersection,Normale,Autre collision,6,-1, -1,0,1,1,1,9,8,20,1,3,1,0,1,1,64.0,,utilitaire_camion,,1,2,9,1,6