accident_id,datetime,annee,mois,jour,heure,minute,departement,commune_insee,adresse,latitude,longitude,luminosite,agglomeration,intersection,meteo,collision,catr,circ,nbv,vosp,prof,plan,surf,infra,situ,vma,nb_vehicules,nb_usagers,nb_indemnes,nb_tues,nb_blesses_hosp,nb_blesses_legers,age_cond_1,age_cond_2,veh_type_cond_1,veh_type_cond_2,lum_code,agg_code,int_code,atm_code,col_code
202400018158,2024-12-17 14:00:00,2024,12,17,14,0,65,65286,ABADIE (Avenue François),43.11051832,-0.03790498,Plein jour,En agglomération,Hors intersection,Normale,Autre collision,6,-1, -1,0,1,2,1,9,1,30,1,2,1,0,1,0,49.0,,voiture,,1,2,1,1,6
202400018159,2024-08-03 05:20:00,2024,8,3,5,20,60,60432,RD922,49.113799,2.615218,Nuit sans éclairage public,Hors agglomération,Hors intersection,Normale,Autre collision,3,2,2,0,1,1,1,0,1,80,1,1,0,0,0,1,29.0,,deux_roues,,3,1,1,1,6
202400018160,2024-12-23 16:25:00,2024,12,23,16,25,64,64445,LOUIS BARTHOU,43.29444,-0.36993,Plein jour,En agglomération,Hors intersection,Pluie légère,Deux véhicules - arrière,4,-1,1,0,1,1,2,0,1,30,2,2,1,0,0,1,15.0,28.0,deux_roues,voiture,1,2,1,2,2
202400018161,2024-09-05 21:25:00,2024,9,5,21,25,39,39510,,46.361,5.896452,Nuit sans éclairage public,Hors agglomération,Hors intersection,Normale,Deux véhicules - arrière,3,2,2,0,2,4,2,0,1,80,2,2,1,0,0,1,44.0,28.0,voiture,voiture,3,1,1,1,2
202400018162,2024-12-22 11:40:00,2024,12,22,11,40,64,64102,MAUBEC (RUE),43.50034257,-1.46692961,Plein jour,En agglomération,Hors intersection,Pluie légère,Deux véhicules - côté,4,2,2,3,2,1,2,0,1,30,2,2,1,0,0,1,50.0,57.0,deux_roues,voiture,1,2,1,2,3
202400018163,2024-08-03 11:15:00,2024,8,3,11,15,975,97502,boulevard Louis Heron de Villefosse,46.775347,-56.181207,Plein jour,En agglomération,Hors intersection,Normale,Deux véhicules - frontale,6,1,1,0,1,1,1,0,8,-1,1,2,0,0,1,1,63.0,,voiture,,1,2,1,1,1
202400018164,2024-01-29 19:35:00,2024,1,29,19,35,93,93007,A3,48.94214437,2.47816648,Nuit avec éclairage non allumé,Hors agglomération,Hors intersection,Normale,Deux véhicules - arrière,1,3,3,0,1,1,1,0,1,90,2,3,1,0,0,2,45.0,38.0,utilitaire_camion,voiture,4,1,1,1,2
202400018165,2024-09-08 01:30:00,2024,9,8,1,30,39,39412,9 Route de Chaussin,46.99051,5.367725,Nuit avec éclairage non allumé,En agglomération,Hors intersection,Pluie légère,Autre collision,3,2,2,0,1,2,2,0,1,50,1,1,0,0,0,1,23.0,,voiture,,4,2,1,2,6
202400018166,2024-12-23 18:20:00,2024,12,23,18,20,59,59426,PETIT MENIN (RUE DU),50.75,3.15,Nuit avec éclairage allumé,En agglomération,Hors intersection,Normale,Autre collision,4,3,4,3,1,1,1,0,1,50,1,3,2,0,0,1,53.0,,voiture,,5,2,1,1,6
202400018167,2024-08-03 11:50:00,2024,8,3,11,50,988,98803,RT3 à hauteur de la tribu d'Azareu,-21.464576,165.487924,Plein jour,Hors agglomération,Hors intersection,Normale,Autre collision,2,2,2,0,1,1,1,0,3,100,1,2,0,0,1,1,29.0,,voiture,,1,1,1,1,6
202400018168,2024-12-23 21:00:00,2024,12,23,21,0,59,59343,CURIE PIERRE RUE    N°PAIR,50.59113,3.11393,Nuit avec éclairage allumé,En agglomération,Hors intersection,Normale,Deux véhicules - frontale,4,2,2,0,1,1,1,0,1,30,1,1,0,0,0,1,30.0,,voiture,,5,2,1,1,1
202400018169,2024-01-29 18:30:00,2024,1,29,18,30,93,93005,A3,48.96489011,2.47555973,Nuit sans éclairage public,Hors agglomération,Hors intersection,Normale,Deux véhicules - arrière,1,3,2,0,1,1,1,0,1,90,2,2,1,0,0,1,40.0,58.0,voiture,voiture,3,1,1,1,2
202400018170,2024-09-08 00:48:00,2024,9,8,0,48,25,25405,D204,46.830222,6.344165,Nuit sans éclairage public,Hors agglomération,Hors intersection,Pluie forte,Autre collision,3,2,2,0,2,3,2,0,1,90,1,2,0,0,2,0,15.0,,deux_roues,,3,1,1,3,6
202400018171,2024-08-03 05:00:00,2024,8,3,5,0,973,97305,Route Nationale 1 - PK 23+100,4.998264,-52.454782,Nuit sans éclairage public,Hors agglomération,Hors intersection,Normale,Deux véhicules - frontale,2,2,2,0,1,1,1,0,1,80,2,3,0,2,0,1,41.0,55.0,voiture,deux_roues,3,1,1,1,1
202400018172,2024-12-23 18:40:00,2024,12,23,18,40,59,59560,Route de Martinsart,50.54233733,3.04553889,Nuit sans éclairage public,Hors agglomération,Hors intersection,Normale,Deux véhicules - arrière,7,2,2,0,1,3,1,0,1,70,2,2,0,0,0,2,58.0,36.0,voiture,voiture,3,1,1,1,2
202400018173,2024-01-29 23:00:00,2024,1,29,23,0,974,97416,RN3 (1),-21.307,55.499,Nuit sans éclairage public,Hors agglomération,Hors intersection,Pluie légère,Autre collision,2,1,3,0,2,3,2,9,8,70,1,1,0,0,0,1,23.0,,utilitaire_camion,,3,1,1,2,6
202400018174,2024-08-02 18:35:00,2024,8,2,18,35,971,97129,Morne Rouge,16.303263,-61.658798,Crépuscule ou aube,Hors agglomération,Hors intersection,Normale,Autre collision,3,2,2,0,1,1,1,0,1,50,1,1,0,1,0,0,50.0,,deux_roues,,2,1,1,1,6
202400018175,2024-09-08 15:10:00,2024,9,8,15,10,44,44003,Boulevard de l'Atlantique,47.37214,-1.195133,Plein jour,En agglomération,Hors intersection,Temps couvert,Autre collision,4,3,2,0,2,1,1,6,8,50,1,2,1,0,1,0,87.0,,voiture,,1,2,1,8,6
202400018176,2024-12-23 16:13:00,2024,12,23,16,13,56,56260,Rue Jeanne d'Arc,47.65518,-2.76451,Plein jour,En agglomération,Giratoire,Normale,Autre collision,4,1,1,3,1,3,1,5,1,30,1,2,0,0,1,1,19.0,,voiture,,1,2,6,1,6
202400018177,2024-09-08 11:00:00,2024,9,8,11,0,29,29111,Trefalegan Didreux,48.58596238,-4.18943893,Plein jour,Hors agglomération,Hors intersection,Pluie forte,Sans collision,3,2,2,0,1,3,2,0,8,80,1,1,0,0,1,0,69.0,,voiture,,1,1,1,3,7
202400018178,2024-11-30 06:10:00,2024,11,30,6,10,56,56260,Rue Marcelin Berthelot,47.66619,-2.78614,Nuit avec éclairage non allumé,En agglomération,Hors intersection,Normale,Autre collision,4,2,2,0,1,1,1,0,1,50,1,2,1,0,0,1,,,voiture,,4,2,1,1,6
202400018179,2024-01-29 17:25:00,2024,1,29,17,25,974,97411,JAURES (BOULEVARD JEAN),-20.89956,55.47965,Plein jour,En agglomération,Giratoire,Normale,Deux véhicules - côté,2,1,2,0,1,1,1,0,1,50,2,2,1,0,0,1,49.0,20.0,voiture,deux_roues,1,2,6,1,3
202400018179,2024-01-29 17:25:00,2024,1,29,17,25,974,97411,JAURES (BOULEVARD JEAN),-20.89956,55.47965,Plein jour,En agglomération,Giratoire,Normale,Deux véhicules - côté,2,-1,2,0,1,1,1,0,1,50,2,2,1,0,0,1,49.0,20.0,voiture,deux_roues,1,2,6,1,3
202400018180,2024-08-03 09:00:00,2024,8,3,9,0,45,45340,D55 PR 1 + 0,47.661673,2.349422,Plein jour,Hors agglomération,Hors intersection,Temps couvert,Deux véhicules - côté,3,2,2,0,1,2,1,0,1,80,2,3,1,0,2,0,57.0,63.0,utilitaire_camion,voiture,1,1,1,8,3
202400018181,2024-09-08 16:10:00,2024,9,8,16,10,29,29259,Lieu Dit Kernormand,48.66627668,-4.01132482,Plein jour,Hors agglomération,Hors intersection,Pluie légère,Deux véhicules - frontale,3,2,2,0,1,2,2,0,1,80,2,3,2,0,1,0,49.0,30.0,voiture,voiture,1,1,1,2,1
202400018182,2024-12-22 21:37:00,2024,12,22,21,37,56,56121,Rue colonel Jean Muller,47.76593,-3.40062,Nuit avec éclairage allumé,En agglomération,Giratoire,Normale,Deux véhicules - côté,4,1,2,3,1,2,1,5,6,30,2,3,1,0,0,2,18.0,39.0,voiture,voiture,5,2,6,1,3
202400018183,2024-02-27 13:50:00,2024,2,27,13,50,45,45155,D941 PR 0 + 933,47.681396,2.630319,Plein jour,En agglomération,Hors intersection,Normale,Deux véhicules - arrière,3,2,2,2,3,1,1,0,5,50,2,2,1,0,1,0,64.0,82.0,deux_roues,voiture,1,2,1,1,2
202400018184,2024-01-29 17:55:00,2024,1,29,17,55,973,97302,VOLTAIRE(AVENUE),4.9425793,-52.3215428,Plein jour,En agglomération,Hors intersection,Pluie légère,Sans collision,4,1,2,0,1,1,2,0,1,50,2,3,2,0,0,1,29.0,51.0,voiture,deux_roues,1,2,1,2,7
202400018185,2024-09-07 11:50:00,2024,9,7,11,50,29,29235,boulevard Charles de Gaulle,48.401885,-4.403067,Plein jour,En agglomération,Hors intersection,Pluie légère,Sans collision,4,2,2,0,4,1,2,0,4,50,1,1,0,0,1,0,70.0,,deux_roues,,1,2,1,2,7
202400018186,2024-12-20 19:15:00,2024,12,20,19,15,56,56121,Boulevard Eugène Cosmao-Dumanoir,47.75331,-3.37293,Nuit avec éclairage allumé,En agglomération,Hors intersection,Pluie légère,Autre collision,4,2,2,2,1,1,2,0,1,30,1,3,1,0,1,1,22.0,,voiture,,5,2,1,2,6
202400018187,2024-01-29 15:45:00,2024,1,29,15,45,973,97302,REPUBLIQUE (BD DE LA),4.93751272,-52.32449323,Plein jour,En agglomération,Hors intersection,Pluie forte,Autre collision,4,1,1,0,1,1,2,0,1,50,1,2,1,0,0,1,44.0,,voiture,,1,2,1,3,6
202400018188,2024-09-08 20:30:00,2024,9,8,20,30,38,38538,Route de Chambéry,45.224944,5.872418,Nuit sans éclairage public,En agglomération,Hors intersection,Pluie forte,Autre collision,3,2,2,0,1,1,2,0,1,50,1,2,1,0,0,1,52.0,,utilitaire_camion,,3,2,1,3,6
202400018189,2024-12-22 16:42:00,2024,12,22,16,42,54,54395,Rue de Tomblaine,48.68673,6.20108,Crépuscule ou aube,En agglomération,Intersection en X,Normale,Deux véhicules - frontale,4,2,2,0,1,1,1,0,1,50,2,2,1,0,0,1,34.0,44.0,deux_roues,voiture,2,2,2,1,1
202400018189,2024-12-22 16:42:00,2024,12,22,16,42,54,54395,Rue de Tomblaine,48.68673,6.20108,Crépuscule ou aube,En agglomération,Intersection en X,Normale,Deux véhicules - frontale,4,2,3,0,1,1,1,0,1,50,2,2,1,0,0,1,34.0,44.0,deux_roues,voiture,2,2,2,1,1
202400018190,2024-01-27 10:16:00,2024,1,27,10,16,973,97302,MARINGOUINS (ROND-POINT),4.90782,-52.32221,Plein jour,Hors agglomération,Giratoire,Normale,Deux véhicules - côté,2,4,2,0,1,2,1,0,1,50,2,2,1,0,0,1,61.0,37.0,deux_roues,utilitaire_camion,1,1,6,1,3
202400018191,2024-09-04 14:15:00,2024,9,4,14,15,01,01335,D26,46.106632,5.074278,Plein jour,Hors agglomération,Hors intersection,Normale,Autre collision,3,2,2,0,1,1,1,0,1,80,1,1,0,0,0,1,18.0,,deux_roues,,1,1,1,1,6
202400018192,2024-08-01 18:00:00,2024,8,1,18,0,11,11188,,42.970052,2.993708,Plein jour,En agglomération,Hors intersection,Normale,Deux véhicules - frontale,4,2,2,0,3,2,1,0,1,30,2,3,2,0,1,0,72.0,45.0,voiture,deux_roues,1,2,1,1,1
202400018193,2024-12-21 18:00:00,2024,12,21,18,0,54,54116,rue nationale,48.59149,6.52749,Nuit avec éclairage allumé,En agglomération,Intersection en T,Pluie légère,Autre collision,3,2,4,2,1,1,2,-1,1,50,2,2,1,0,1,0,78.0,15.0,voiture,deux_roues,5,2,3,2,6
202400018193,2024-12-21 18:00:00,2024,12,21,18,0,54,54116,rue nationale,48.59149,6.52749,Nuit avec éclairage allumé,En agglomération,Intersection en T,Pluie légère,Autre collision,3,2,2,0,1,1,2,5,1,50,2,2,1,0,1,0,78.0,15.0,voiture,deux_roues,5,2,3,2,6
202400018194,2024-01-29 10:50:00,2024,1,29,10,50,973,97302,MERE THERESA (rue),4.9262994,-52.3137483,Plein jour,En agglomération,Hors intersection,Pluie légère,Autre collision,4,2,2,0,1,1,2,0,1,50,1,2,1,0,0,1,50.0,,voiture,,1,2,1,2,6
202400018195,2024-09-09 08:14:00,2024,9,9,8,14,26,26324,Avenue Louis Girard,44.346018,4.767444,Plein jour,En agglomération,Autre intersection,Temps éblouissant,Autre collision,3,2,2,1,1,1,1,9,1,50,1,2,1,0,0,1,34.0,,voiture,,1,2,9,7,6
202400018196,2024-12-22 06:20:00,2024,12,22,6,20,50,50129,ATLANTIQUE (BOULEVARD DE L'),49.62035,-1.64694,Nuit avec éclairage allumé,En agglomération,Hors intersection,Normale,Autre collision,3,2,4,0,1,2,2,0,1,70,1,1,0,0,0,1,23.0,,voiture,,5,2,1,1,6
202400018197,2024-01-29 08:10:00,2024,1,29,8,10,973,97302,FELIX EBOUE(ROCADE),4.93105919,-52.31322527,Plein jour,En agglomération,Intersection en X,Pluie forte,Deux véhicules - côté,3,2,2,0,1,1,2,0,1,50,2,2,1,0,0,1,39.0,36.0,voiture,deux_roues,1,2,2,3,3
202400018197,2024-01-29 08:10:00,2024,1,29,8,10,973,97302,FELIX EBOUE(ROCADE),4.93105919,-52.31322527,Plein jour,En agglomération,Intersection en X,Pluie forte,Deux véhicules - côté,3,2,2,0,1,1,2,0,1,50,2,2,1,0,0,1,39.0,36.0,voiture,deux_roues,1,2,2,3,3
202400018198,2024-08-03 03:05:00,2024,8,3,3,5,84,84019,N86,44.271997,4.701462,Nuit sans éclairage public,Hors agglomération,Hors intersection,Normale,Deux véhicules - frontale,2,3,2,0,1,1,1,0,1,80,2,2,0,0,0,2,57.0,28.0,voiture,voiture,3,1,1,1,1
202400018199,2024-09-08 17:30:00,2024,9,8,17,30,66,66137,D900,42.471867,2.853645,Plein jour,Hors agglomération,Hors intersection,Normale,Autre collision,3,2,2,0,2,2,1,0,1,80,1,1,0,1,0,0,49.0,,deux_roues,,1,1,1,1,6
202400018200,2024-01-28 20:30:00,2024,1,28,20,30,972,97209,AUTOROUTE (A1),14.6179,-61.03977,Nuit avec éclairage allumé,Hors agglomération,Hors intersection,Normale,Deux véhicules - arrière,2,3,4,0,3,1,1,0,2,90,2,4,3,0,1,0,79.0,58.0,voiture,voiture,5,1,1,1,2
202400018201,2024-11-16 00:49:00,2024,11,16,0,49,42,42187,Boulevard Ouest,46.05065,4.06678,Nuit avec éclairage allumé,En agglomération,Intersection en X,Normale,Deux véhicules - côté,3,2,6,0,1,1,1,0,1,70,2,6,3,0,0,3,35.0,23.0,voiture,voiture,5,2,2,1,3
202400018201,2024-11-16 00:49:00,2024,11,16,0,49,42,42187,Boulevard Ouest,46.05065,4.06678,Nuit avec éclairage allumé,En agglomération,Intersection en X,Normale,Deux véhicules - côté,3,2,3,0,1,1,1,0,1,50,2,6,3,0,0,3,35.0,23.0,voiture,voiture,5,2,2,1,3
202400018202,2024-09-07 15:40:00,2024,9,7,15,40,06,06119,Col des Fourches (Col de montagne),44.331746,6.866568,Plein jour,Hors agglomération,Hors intersection,Normale,Sans collision,7,2,2,0,2,3,1,0,3,50,1,1,0,0,1,0,54.0,,deux_roues,,1,1,1,1,7
202400018203,2024-01-28 17:30:00,2024,1,28,17,30,972,97209,BALATA (ROUTE DE),14.64962,-61.08119,Crépuscule ou aube,Hors agglomération,Hors intersection,Normale,Autre collision,2,2,2,0,2,2,1,0,1,50,1,1,0,0,0,1,31.0,,voiture,,2,1,1,1,6
202400018204,2024-08-02 07:00:00,2024,8,2,7,0,06,06048,Avenue Charles Alunni,43.805451,7.318853,Plein jour,En agglomération,Giratoire,Normale,Deux véhicules - côté,3,2,2,0,1,1,1,5,1,50,2,2,1,0,0,1,44.0,17.0,voiture,deux_roues,1,2,6,1,3
202400018205,2024-12-12 22:50:00,2024,12,12,22,50,40,40088,FOCH (COURS DU MARECHAL),43.71024483,-1.05570859,Nuit avec éclairage allumé,En agglomération,Hors intersection,Normale,Autre collision,3,2,2,0,1,1,1,0,1,50,1,2,1,0,1,0,32.0,,voiture,,5,2,1,1,6
202400018206,2024-01-29 13:00:00,2024,1,29,13,0,69,69034,29 Route de Strasbourg,45.79203,4.8672,Plein jour,En agglomération,Hors intersection,Normale,Deux véhicules - côté,4,2,2,0,1,1,1,0,1,50,2,2,1,0,0,1,,27.0,deux_roues,deux_roues,1,2,1,1,3
202400018207,2024-08-01 20:30:00,2024,8,1,20,30,13,13004,d35,43.505143,4.752153,Plein jour,Hors agglomération,Hors intersection,Normale,Sans collision,3,2,2,0,1,3,1,0,3,80,1,2,0,0,2,0,18.0,,voiture,,1,1,1,1,7
202400018208,2024-08-29 15:40:00,2024,8,29,15,40,14,14355,Route de Caen,49.281097,-0.52324,Plein jour,Hors agglomération,Intersection en X,Normale,Deux véhicules - côté,3,2,2,0,2,1,1,0,1,80,2,5,3,0,2,0,52.0,30.0,utilitaire_camion,voiture,1,1,2,1,3
202400018208,2024-08-29 15:40:00,2024,8,29,15,40,14,14355,Route de Caen,49.281097,-0.52324,Plein jour,Hors agglomération,Intersection en X,Normale,Deux véhicules - côté,3,2,2,0,1,1,1,0,1,80,2,5,3,0,2,0,52.0,30.0,utilitaire_camion,voiture,1,1,2,1,3
202400018209,2024-01-28 22:05:00,2024,1,28,22,5,971,97101,ROUTE DE BOISVINS,16.2651,-61.4875,Nuit avec éclairage allumé,Hors agglomération,Hors intersection,Normale,Deux véhicules - frontale,3,2,2,0,2,1,2,0,1,70,2,3,1,0,0,2,30.0,,deux_roues,voiture,5,1,1,1,1
202400018210,2024-08-02 17:45:00,2024,8,2,17,45,71,71299,N79,46.354022,4.702167,Plein jour,Hors agglomération,Hors intersection,Normale,Autre collision,2,3,2,0,2,1,1,0,3,110,1,2,1,0,1,0,31.0,,voiture,,1,1,1,1,6
202400018211,2024-12-23 14:20:00,2024,12,23,14,20,37,37261,LOUIS XI (BOULEVARD),47.37364,0.67838,Plein jour,En agglomération,Hors intersection,Temps couvert,Deux véhicules - côté,4,3,4,1,1,1,1,5,1,50,2,2,1,0,0,1,25.0,26.0,voiture,deux_roues,1,2,1,8,3
202400018212,2024-01-27 18:50:00,2024,1,27,18,50,971,97120,CHANZY (BOULEVARD),16.24581,-61.5427,Nuit avec éclairage allumé,En agglomération,Intersection en T,Normale,Deux véhicules - frontale,3,2,2,0,1,1,1,0,1,50,2,3,2,0,0,1,36.0,16.0,voiture,deux_roues,5,2,3,1,1
202400018212,2024-01-27 18:50:00,2024,1,27,18,50,971,97120,CHANZY (BOULEVARD),16.24581,-61.5427,Nuit avec éclairage allumé,En agglomération,Intersection en T,Normale,Deux véhicules - frontale,3,2,2,0,1,1,1,0,1,50,2,3,2,0,0,1,36.0,16.0,voiture,deux_roues,5,2,3,1,1
202400018213,2024-09-07 14:20:00,2024,9,7,14,20,14,14535,36 Grande Rue,49.30139593,-0.46290156,Plein jour,En agglomération,Giratoire,Temps couvert,Sans collision,3,2,2,0,1,2,2,0,1,30,1,1,0,0,1,0,55.0,,deux_roues,,1,2,6,8,7
202400018213,2024-09-07 14:20:00,2024,9,7,14,20,14,14535,36 Grande Rue,49.30139593,-0.46290156,Plein jour,En agglomération,Giratoire,Temps couvert,Sans collision,3,2,2,0,1,2,2,0,1,30,1,1,0,0,1,0,55.0,,deux_roues,,1,2,6,8,7
202400018214,2024-12-23 18:45:00,2024,12,23,18,45,35,35150,PILAIS (LA) LIEUX-DITS,48.3549503,-1.23026758,Nuit sans éclairage public,Hors agglomération,Intersection en Y,Pluie légère,Deux véhicules - côté,3,2,3,0,1,1,2,0,1,80,2,3,1,0,0,2,24.0,29.0,voiture,voiture,3,1,4,2,3
202400018214,2024-12-23 18:45:00,2024,12,23,18,45,35,35150,PILAIS (LA) LIEUX-DITS,48.3549503,-1.23026758,Nuit sans éclairage public,Hors agglomération,Intersection en Y,Pluie légère,Deux véhicules - côté,3,2,2,0,1,1,2,0,1,80,2,3,1,0,0,2,24.0,29.0,voiture,voiture,3,1,4,2,3
202400018215,2024-07-31 16:15:00,2024,7,31,16,15,67,67156,STRASSBURGERWEG,48.680155,7.760746,Plein jour,Hors agglomération,Hors intersection,Normale,Autre collision,4,2,2,0,1,3,1,0,3,50,1,1,0,0,1,0,24.0,,deux_roues,,1,1,1,1,6
202400018216,2024-01-29 09:00:00,2024,1,29,9,0,91,91421,RN 6 (PARTIE FORET),48.683181,2.490249,Plein jour,En agglomération,Place,Normale,Deux véhicules - arrière,2,3,4,0,1,1,1,5,1,50,2,2,1,0,0,1,43.0,60.0,voiture,voiture,1,2,7,1,2
202400018217,2024-12-23 10:30:00,2024,12,23,10,30,34,34198,PAGNOL (AVENUE MARCEL),43.56133,3.95081,Plein jour,En agglomération,Hors intersection,Normale,Autre collision,4,2,2,0,1,1,1,0,1,50,1,2,1,0,1,0,63.0,,voiture,,1,2,1,1,6
202400018218,2024-08-02 16:00:00,2024,8,2,16,0,57,57415,D51,49.145651,6.128908,Plein jour,Hors agglomération,Hors intersection,Normale,Sans collision,7,2,2,0,1,1,1,0,8,70,1,1,0,0,0,1,68.0,,deux_roues,,1,1,1,1,7
202400018219,2024-12-23 14:55:00,2024,12,23,14,55,33,33009,,44.661249,-1.172563,Plein jour,En agglomération,Hors intersection,Normale,Autre collision,4,1,1,0,1,1,1,0,1,50,1,2,1,0,0,1,75.0,,utilitaire_camion,,1,2,1,1,6
202400018220,2024-09-07 19:10:00,2024,9,7,19,10,90,90041,Grande Rue,47.709679,6.925442,Crépuscule ou aube,En agglomération,Intersection en T,Normale,Deux véhicules - frontale,3,2,2,0,1,1,1,0,1,50,2,2,1,0,0,1,61.0,68.0,deux_roues,voiture,2,2,3,1,1
202400018220,2024-09-07 19:10:00,2024,9,7,19,10,90,90041,Grande Rue,47.709679,6.925442,Crépuscule ou aube,En agglomération,Intersection en T,Normale,Deux véhicules - frontale,3,2, -1,-1,1,1,1,0,1,-1,2,2,1,0,0,1,61.0,68.0,deux_roues,voiture,2,2,3,1,1
202400018221,2024-01-29 16:20:00,2024,1,29,16,20,89,89387,PIERRE DE COUBERTIN (AVENUE),48.19544,3.30164,Plein jour,En agglomération,Intersection en X,Normale,Deux véhicules - côté,4,2,2,0,1,1,1,0,1,50,2,2,0,0,0,2,52.0,29.0,voiture,deux_roues,1,2,2,1,3
202400018221,2024-01-29 16:20:00,2024,1,29,16,20,89,89387,PIERRE DE COUBERTIN (AVENUE),48.19544,3.30164,Plein jour,En agglomération,Intersection en X,Normale,Deux véhicules - côté,4,2,2,2,1,1,1,0,1,50,2,2,0,0,0,2,52.0,29.0,voiture,deux_roues,1,2,2,1,3
202400018222,2024-09-07 14:40:00,2024,9,7,14,40,09,09005,D618,42.908601,1.290668,Plein jour,Hors agglomération,Hors intersection,Normale,Sans collision,3,2,2,0,1,2,1,0,8,80,1,1,0,0,1,0,35.0,,deux_roues,,1,1,1,1,7
202400018223,2024-12-23 19:40:00,2024,12,23,19,40,31,31555,RUE DE L ORIENT,43.61041,1.44828,Nuit avec éclairage allumé,En agglomération,Intersection en X,Normale,Deux véhicules - côté,4,1,1,0,1,1,1,0,1,30,2,2,1,0,0,1,28.0,20.0,deux_roues,voiture,5,2,2,1,3
202400018223,2024-12-23 19:40:00,2024,12,23,19,40,31,31555,RUE DE L ORIENT,43.61041,1.44828,Nuit avec éclairage allumé,En agglomération,Intersection en X,Normale,Deux véhicules - côté,4,1,0,0,1,1,1,0,1,30,2,2,1,0,0,1,28.0,20.0,deux_roues,voiture,5,2,2,1,3
202400018224,2024-08-03 16:45:00,2024,8,3,16,45,63,63038,D149,45.5005981,2.84811037,Plein jour,Hors agglomération,Hors intersection,Normale,Deux véhicules - frontale,3,2,2,0,1,1,1,0,1,90,2,3,0,0,1,2,32.0,17.0,deux_roues,deux_roues,1,1,1,1,1
202400018225,2024-01-25 20:40:00,2024,1,25,20,40,87,87085,AUTOROUTE A20,45.89742,1.2922,Nuit sans éclairage public,Hors agglomération,Hors intersection,Normale,Deux véhicules - côté,1,3,2,0,1,1,1,3,1,110,2,2,0,0,0,2,57.0,24.0,voiture,voiture,3,1,1,1,3
202400018226,2024-09-08 18:55:00,2024,9,8,18,55,60,60129,798 Route de Bailly,49.515471,3.00997,Plein jour,En agglomération,Hors intersection,Normale,Autre collision,3,2,2,0,1,1,1,0,4,50,1,1,0,0,0,1,32.0,,deux_roues,,1,2,1,1,6
202400018227,2024-12-23 12:55:00,2024,12,23,12,55,31,31555,RUE MAURICE FONVIEILLE,43.6041,1.44797,Plein jour,En agglomération,Hors intersection,Normale,Autre collision,4,1,1,0,1,1,1,0,1,30,1,2,1,0,1,0,55.0,,voiture,,1,2,1,1,6
202400018228,2024-08-03 13:15:00,2024,8,3,13,15,38,38295,D52c,45.829232,5.338508,Plein jour,Hors agglomération,Hors intersection,Normale,Sans collision,3,2,2,0,1,3,1,0,3,80,1,1,0,0,1,0,44.0,,voiture,,1,1,1,1,7
202400018229,2024-01-29 09:30:00,2024,1,29,9,30,86,86194,Avenue John Kennedy,46.588843,0.361264,Plein jour,En agglomération,Hors intersection,Temps éblouissant,Autre collision,3,3,4,0,1,1,1,0,1,30,1,2,1,0,1,0,39.0,,voiture,,1,2,1,7,6
202400018230,2024-09-09 08:35:00,2024,9,9,8,35,45,45204,Rue du Trembleau,47.822615,1.835435,Crépuscule ou aube,Hors agglomération,Hors intersection,Temps couvert,Deux véhicules - frontale,4,2,2,0,1,1,2,0,1,90,2,3,2,0,1,0,18.0,67.0,voiture,utilitaire_camion,2,1,1,8,1
202400018231,2024-12-23 10:40:00,2024,12,23,10,40,27,27229,VERDUN (RUE DE),49.02403,1.14794,Plein jour,En agglomération,Intersection en X,Normale,Deux véhicules - côté,4,1,1,0,1,1,1,0,1,50,2,3,0,0,0,3,24.0,33.0,utilitaire_camion,voiture,1,2,2,1,3
202400018231,2024-12-23 10:40:00,2024,12,23,10,40,27,27229,VERDUN (RUE DE),49.02403,1.14794,Plein jour,En agglomération,Intersection en X,Normale,Deux véhicules - côté,4,1,2,3,1,1,1,0,1,50,2,3,0,0,0,3,24.0,33.0,utilitaire_camion,voiture,1,2,2,1,3
202400018232,2024-07-30 18:30:00,2024,7,30,18,30,38,38138,D52i,45.735503,5.266352,Plein jour,Hors agglomération,Hors intersection,Normale,Deux véhicules - frontale,3,2,2,0,2,3,1,0,1,80,2,2,1,0,1,0,56.0,49.0,deux_roues,voiture,1,1,1,1,1
202400018233,2024-01-28 07:30:00,2024,1,28,7,30,86,86194,Boulevard Chasseigne,46.590479,0.343293,Crépuscule ou aube,En agglomération,Hors intersection,Normale,Deux véhicules - côté,4,3,4,0,1,1,1,0,1,30,2,3,1,0,1,1,21.0,25.0,voiture,deux_roues,2,2,1,1,3
202400018234,2024-12-23 14:40:00,2024,12,23,14,40,25,25462,BERNARDINES,46.90577,6.35433,Plein jour,En agglomération,Hors intersection,Neige / grêle,Autre collision,4,2,2,0,1,1,5,0,1,50,1,2,1,0,0,1,63.0,,voiture,,1,2,1,4,6
202400018235,2024-09-07 20:10:00,2024,9,7,20,10,64,64375,D245,43.321447,-1.153607,Plein jour,Hors agglomération,Hors intersection,Normale,Deux véhicules - frontale,3,2,2,0,1,1,1,0,1,80,2,5,0,1,3,1,20.0,63.0,voiture,voiture,1,1,1,1,1
202400018236,2024-01-29 23:45:00,2024,1,29,23,45,84,84007,MONTFAVET (Route),43.94091,4.82712,Nuit avec éclairage allumé,En agglomération,Intersection en T,Normale,Deux véhicules - frontale,4,2,2,0,1,1,1,5,1,50,2,2,1,0,1,0,19.0,40.0,voiture,deux_roues,5,2,3,1,1