accident_id,datetime,annee,mois,jour,heure,minute,departement,commune_insee,adresse,latitude,longitude,luminosite,agglomeration,intersection,meteo,collision,catr,circ,nbv,vosp,prof,plan,surf,infra,situ,vma,nb_vehicules,nb_usagers,nb_indemnes,nb_tues,nb_blesses_hosp,nb_blesses_legers,age_cond_1,age_cond_2,veh_type_cond_1,veh_type_cond_2,lum_code,agg_code,int_code,atm_code,col_code
202400018236,2024-01-29 23:45:00,2024,1,29,23,45,84,84007,MONTFAVET (Route),43.94091,4.82712,Nuit avec éclairage allumé,En agglomération,Intersection en T,Normale,Deux véhicules - frontale,4,2,2,0,1,1,1,5,1,50,2,2,1,0,1,0,19.0,40.0,voiture,deux_roues,5,2,3,1,1
202400018237,2024-08-03 02:30:00,2024,8,3,2,30,81,81020,Route de Marssac,43.867982,2.036033,Nuit sans éclairage public,Hors agglomération,Hors intersection,Normale,Sans collision,3,2,2,0,1,1,1,0,1,80,1,2,1,0,0,1,23.0,,voiture,,3,1,1,1,7
202400018238,2024-09-07 19:30:00,2024,9,7,19,30,18,18173,,46.922688,2.655934,Crépuscule ou aube,Hors agglomération,Hors intersection,Normale,Sans collision,3,2,2,0,1,1,1,0,3,80,1,1,0,0,1,0,22.0,,voiture,,2,1,1,1,7
202400018239,2024-12-23 20:45:00,2024,12,23,20,45,25,25056,RN 1057 (CH. EPITAPHE-CH. MONTBOUCONS),47.26999,6.00095,Nuit sans éclairage public,Hors agglomération,Hors intersection,Normale,Deux véhicules - côté,2,3,2,0,1,1,2,0,1,90,2,5,0,0,0,5,22.0,56.0,voiture,utilitaire_camion,3,1,1,1,3
202400018240,2024-09-08 18:10:00,2024,9,8,18,10,43,43078,Route du Viaduc,45.00448793,3.91236861,Plein jour,Hors agglomération,Hors intersection,Pluie forte,Sans collision,3,2,2,0,4,2,2,0,1,90,1,1,0,0,1,0,71.0,,deux_roues,,1,1,1,3,7
202400018241,2024-12-23 07:19:00,2024,12,23,7,19,14,14327,Avenue du Haut Crépon,49.21135,-0.33959,Nuit sans éclairage public,En agglomération,Hors intersection,Normale,Deux véhicules - frontale,4,2,2,0,1,1,1,0,1,50,2,2,1,0,0,1,48.0,52.0,deux_roues,voiture,3,2,1,1,1
202400018242,2024-01-28 19:10:00,2024,1,28,19,10,84,84092,SAINT SATURNIN (ROUTE DE)-MONTFAVET,43.95294,4.88125,Nuit sans éclairage public,Hors agglomération,Intersection en T,Normale,Deux véhicules - frontale,3,2,2,0,1,1,1,0,1,80,2,2,1,0,1,0,56.0,18.0,voiture,deux_roues,3,1,3,1,1
202400018242,2024-01-28 19:10:00,2024,1,28,19,10,84,84092,SAINT SATURNIN (ROUTE DE)-MONTFAVET,43.95294,4.88125,Nuit sans éclairage public,Hors agglomération,Intersection en T,Normale,Deux véhicules - frontale,3,2,2,0,1,1,1,5,1,80,2,2,1,0,1,0,56.0,18.0,voiture,deux_roues,3,1,3,1,1
202400018243,2024-08-01 18:50:00,2024,8,1,18,50,09,09047,Lieu Dit Laborie,42.910706,1.955502,Plein jour,Hors agglomération,Hors intersection,Normale,Deux véhicules - côté,3,2,2,0,2,1,1,0,1,80,2,5,1,0,1,3,20.0,68.0,voiture,voiture,1,1,1,1,3
202400018244,2024-12-23 09:44:00,2024,12,23,9,44,08,08480,BUISSON F.,49.74235,4.74665,Plein jour,En agglomération,Hors intersection,Normale,Autre collision,4,2,2,0,1,1,1,9,1,30,1,2,1,0,0,1,40.0,,voiture,,1,2,1,1,6
202400018245,2024-09-09 17:55:00,2024,9,9,17,55,16,16384,,45.361305,-0.197845,Plein jour,Hors agglomération,Intersection en X,Normale,Deux véhicules - côté,3,2,2,0,1,1,1,5,1,80,2,3,1,0,0,2,50.0,19.0,deux_roues,voiture,1,1,2,1,3
202400018245,2024-09-09 17:55:00,2024,9,9,17,55,16,16384,,45.361305,-0.197845,Plein jour,Hors agglomération,Intersection en X,Normale,Deux véhicules - côté,3,2,2,-1,1,4,1,0,8,80,2,3,1,0,0,2,50.0,19.0,deux_roues,voiture,1,1,2,1,3
202400018246,2024-01-28 08:55:00,2024,1,28,8,55,83,83137,ARMAND (PONT LOUIS),43.12961,5.92646,Plein jour,En agglomération,Hors intersection,Normale,Deux véhicules - côté,4,3,6,1,1,1,1,2,1,50,2,3,1,0,0,2,22.0,61.0,voiture,voiture,1,2,1,1,3
202400018247,2024-12-20 17:10:00,2024,12,20,17,10,02,02722,21 Avenue de Laon,49.38772,3.33542,Crépuscule ou aube,En agglomération,Intersection en X,Pluie légère,Deux véhicules - côté,4,2,1,0,1,1,2,0,1,30,2,2,1,0,1,0,61.0,61.0,deux_roues,voiture,2,2,2,2,3
202400018247,2024-12-20 17:10:00,2024,12,20,17,10,02,02722,21 Avenue de Laon,49.38772,3.33542,Crépuscule ou aube,En agglomération,Intersection en X,Pluie légère,Deux véhicules - côté,4,2,2,1,1,1,2,0,5,30,2,2,1,0,1,0,61.0,61.0,deux_roues,voiture,2,2,2,2,3
202400018248,2024-09-07 16:40:00,2024,9,7,16,40,07,07010,"Lieu-dit Le Chatelard, Hameau de Toissieu",45.244537,4.653025,Plein jour,Hors agglomération,Autre intersection,Normale,Deux véhicules - frontale,4,2,2,0,2,2,1,0,1,50,2,2,1,0,1,0,51.0,81.0,voiture,voiture,1,1,9,1,1
202400018249,2024-08-03 10:30:00,2024,8,3,10,30,17,17351,D728,45.816762,-1.080351,Plein jour,Hors agglomération,Intersection en T,Normale,Deux véhicules - côté,3,2,2,0,1,2,1,5,1,80,2,4,3,0,1,0,54.0,51.0,voiture,deux_roues,1,1,3,1,3
202400018249,2024-08-03 10:30:00,2024,8,3,10,30,17,17351,D728,45.816762,-1.080351,Plein jour,Hors agglomération,Intersection en T,Normale,Deux véhicules - côté,3,2,2,-1,1,1,1,5,1,80,2,4,3,0,1,0,54.0,51.0,voiture,deux_roues,1,1,3,1,3
202400018250,2024-01-29 08:04:00,2024,1,29,8,4,81,81004,LANNES (BD DU MARECHAL),43.9429812,2.1504474,Crépuscule ou aube,En agglomération,Autre intersection,Normale,Deux véhicules - côté,4,1,1,3,1,3,1,9,1,50,2,2,1,0,0,1,23.0,18.0,utilitaire_camion,deux_roues,2,2,9,1,3
202400018251,2024-08-03 16:15:00,2024,8,3,16,15,35,35166,lieu-dit La Fontenelle,48.149087,-1.34781,Plein jour,Hors agglomération,Hors intersection,Normale,Autre collision,3,2,2,0,1,1,1,0,1,80,1,2,1,0,1,0,41.0,,voiture,,1,1,1,1,6
202400018252,2024-01-28 14:20:00,2024,1,28,14,20,80,80001,CHEMIN DEPARTEMENTAL 901,50.1013,1.83928,Plein jour,Hors agglomération,Hors intersection,Normale,Deux véhicules - frontale,4,2,2,0,1,1,1,0,1,70,2,5,1,0,1,3,22.0,61.0,voiture,voiture,1,1,1,1,1
202400018253,2024-12-23 09:20:00,2024,12,23,9,20,75,75116,BD PERIPHERIQUE EXTERIEUR ,48.864239,2.266641,Crépuscule ou aube,En agglomération,Hors intersection,Normale,Trois véhicules et plus - collisions multiples,4,1,4,0,1,1,1,1,1,50,3,3,2,0,0,1,43.0,28.0,voiture,deux_roues,2,2,1,1,5
202400018254,2024-09-03 00:25:00,2024,9,3,0,25,07,07349,D86,44.78732,4.771449,Nuit avec éclairage allumé,Hors agglomération,Intersection en T,Pluie légère,Deux véhicules - frontale,3,2,2,0,1,1,2,0,1,70,2,3,0,0,1,2,46.0,22.0,voiture,voiture,5,1,3,2,1
202400018254,2024-09-03 00:25:00,2024,9,3,0,25,07,07349,D86,44.78732,4.771449,Nuit avec éclairage allumé,Hors agglomération,Intersection en T,Pluie légère,Deux véhicules - frontale,3,2,2,0,1,1,2,0,8,30,2,3,0,0,1,2,46.0,22.0,voiture,voiture,5,1,3,2,1
202400018255,2024-08-01 19:00:00,2024,8,1,19,0,13,13019,A51-Sens Aix en Provence vers Marseille,43.42208,5.37097,Plein jour,Hors agglomération,Hors intersection,Normale,Deux véhicules - côté,1,1,3,0,1,1,1,0,1,90,2,2,1,0,0,1,60.0,31.0,deux_roues,voiture,1,1,1,1,3
202400018256,2024-12-22 06:35:00,2024,12,22,6,35,75,75119,BD PERIPHERIQUE INTERIEUR ,48.890899,2.395809,Nuit avec éclairage allumé,En agglomération,Hors intersection,Pluie légère,Deux véhicules - arrière,4,1,4,0,1,1,2,0,1,50,2,2,1,0,0,1,24.0,56.0,voiture,voiture,5,2,1,2,2
202400018257,2024-01-29 18:20:00,2024,1,29,18,20,78,78642,CLEMENCEAU BD GEORGES,48.97759,1.97778,Nuit sans éclairage public,En agglomération,Giratoire,Normale,Deux véhicules - arrière,3,1,0,0,1,1,1,0,1,50,2,2,1,0,0,1,64.0,25.0,deux_roues,voiture,3,2,6,1,2
202400018258,2024-09-09 07:50:00,2024,9,9,7,50,21,21250,D29,47.742364,4.75726,Crépuscule ou aube,Hors agglomération,Intersection en X,Pluie légère,Deux véhicules - frontale,3,2,2,0,1,1,2,0,1,-1,2,2,1,0,0,1,53.0,71.0,utilitaire_camion,voiture,2,1,2,2,1
202400018258,2024-09-09 07:50:00,2024,9,9,7,50,21,21250,D29,47.742364,4.75726,Crépuscule ou aube,Hors agglomération,Intersection en X,Pluie légère,Deux véhicules - frontale,3,2,2,0,1,1,2,0,1,80,2,2,1,0,0,1,53.0,71.0,utilitaire_camion,voiture,2,1,2,2,1
202400018259,2024-12-23 19:43:00,2024,12,23,19,43,75,75105,RUE MONGE,48.849931,2.34907,Nuit avec éclairage allumé,En agglomération,Intersection en X,Normale,Autre collision,4,2, -1,-1,1,1,1,0,1,30,1,3,0,0,0,3,34.0,,deux_roues,,5,2,2,1,6
202400018259,2024-12-23 19:43:00,2024,12,23,19,43,75,75105,RUE MONGE,48.849931,2.34907,Nuit avec éclairage allumé,En agglomération,Intersection en X,Normale,Autre collision,4,2,2,0,1,1,1,0,1,30,1,3,0,0,0,3,34.0,,deux_roues,,5,2,2,1,6
202400018260,2024-01-29 10:00:00,2024,1,29,10,0,76,76351,ACACIAS (DES),49.506989,0.135928,Plein jour,En agglomération,Intersection en T,Normale,Deux véhicules - côté,4,2, -1,0,2,3,1,0,1,50,2,3,2,0,0,1,25.0,75.0,utilitaire_camion,voiture,1,2,3,1,3
202400018260,2024-01-29 10:00:00,2024,1,29,10,0,76,76351,ACACIAS (DES),49.506989,0.135928,Plein jour,En agglomération,Intersection en T,Normale,Deux véhicules - côté,4,2,2,0,1,1,1,0,1,50,2,3,2,0,0,1,25.0,75.0,utilitaire_camion,voiture,1,2,3,1,3
202400018261,2024-08-02 11:20:00,2024,8,2,11,20,13,13070,A50-Sens Aubagne vers Marseille,43.28499911,5.51803038,Plein jour,Hors agglomération,Hors intersection,Normale,Trois véhicules et plus - en chaîne,1,3,3,0,1,1,1,0,1,90,4,4,3,0,0,1,75.0,25.0,voiture,utilitaire_camion,1,1,1,1,4
202400018262,2024-12-23 13:50:00,2024,12,23,13,50,75,75106,RUE D ASSAS,48.850383,2.327706,Plein jour,En agglomération,Intersection en T,Normale,Autre collision,4,1, -1,-1,1,1,1,0,1,30,1,2,1,0,0,1,78.0,,voiture,,1,2,3,1,6
202400018262,2024-12-23 13:50:00,2024,12,23,13,50,75,75106,RUE D ASSAS,48.850383,2.327706,Plein jour,En agglomération,Intersection en T,Normale,Autre collision,4,2,2,0,1,1,1,0,1,30,1,2,1,0,0,1,78.0,,voiture,,1,2,3,1,6
202400018263,2024-09-07 14:20:00,2024,9,7,14,20,24,24388,Route du Mouscard,44.87361,0.896248,Plein jour,Hors agglomération,Hors intersection,Pluie légère,Deux véhicules - côté,3,2,2,0,1,1,2,0,1,80,2,3,2,0,1,0,59.0,64.0,voiture,utilitaire_camion,1,1,1,2,3
202400018264,2024-01-28 07:15:00,2024,1,28,7,15,76,76351,AMIRAL MOUCHEZ (BD),49.48755,0.14636,Nuit avec éclairage allumé,En agglomération,Hors intersection,Normale,Autre collision,4,2,3,1,1,1,1,0,1,50,1,2,1,0,0,1,31.0,,voiture,,5,2,1,1,6
202400018265,2024-12-22 23:00:00,2024,12,22,23,0,75,75120,RUE DES PYRENEES,48.873407,2.390091,Nuit avec éclairage allumé,En agglomération,Intersection en T,Temps couvert,Autre collision,4,1, -1,-1,1,1,2,0,1,30,1,3,2,0,0,1,21.0,,voiture,,5,2,3,8,6
202400018265,2024-12-22 23:00:00,2024,12,22,23,0,75,75120,RUE DES PYRENEES,48.873407,2.390091,Nuit avec éclairage allumé,En agglomération,Intersection en T,Temps couvert,Autre collision,4,2,2,0,2,1,2,0,1,30,1,3,2,0,0,1,21.0,,voiture,,5,2,3,8,6
202400018266,2024-07-31 18:13:00,2024,7,31,18,13,13,13106,A7-Sens Lyon vers Marseille,43.39959526,5.34924076,Plein jour,Hors agglomération,Hors intersection,Normale,Trois véhicules et plus - en chaîne,1,1,2,0,1,1,1,0,1,90,3,4,2,0,0,2,57.0,24.0,voiture,voiture,1,1,1,1,4
202400018267,2024-09-08 01:00:00,2024,9,8,1,0,27,27367,Rue de l'Ancienne Gare,49.230973,0.499095,Nuit sans éclairage public,En agglomération,Intersection en T,Pluie légère,Autre collision,3,2,2,0,1,1,2,5,3,50,1,2,1,0,0,1,25.0,,voiture,,3,2,3,2,6
202400018267,2024-09-08 01:00:00,2024,9,8,1,0,27,27367,Rue de l'Ancienne Gare,49.230973,0.499095,Nuit sans éclairage public,En agglomération,Intersection en T,Pluie légère,Autre collision,3,2,2,-1,1,1,2,0,1,50,1,2,1,0,0,1,25.0,,voiture,,3,2,3,2,6
202400018268,2024-01-28 20:20:00,2024,1,28,20,20,76,76351,CONCORDE (DE LA),49.50591,0.15907,Nuit avec éclairage allumé,En agglomération,Intersection en X,Normale,Deux véhicules - côté,4,-1,2,0,1,1,1,0,1,50,2,2,1,0,0,1,28.0,37.0,voiture,voiture,5,2,2,1,3
202400018268,2024-01-28 20:20:00,2024,1,28,20,20,76,76351,CONCORDE (DE LA),49.50591,0.15907,Nuit avec éclairage allumé,En agglomération,Intersection en X,Normale,Deux véhicules - côté,4,-1,2,0,1,1,1,0,1,50,2,2,1,0,0,1,28.0,37.0,voiture,voiture,5,2,2,1,3
202400018269,2024-12-23 10:12:00,2024,12,23,10,12,75,75119,AVENUE MATHURIN MOREAU,48.878264,2.372848,Plein jour,En agglomération,Intersection en X,Normale,Autre collision,4,2,2,0,1,1,1,0,1,30,1,2,1,0,0,1,43.0,,voiture,,1,2,2,1,6
202400018269,2024-12-23 10:12:00,2024,12,23,10,12,75,75119,AVENUE MATHURIN MOREAU,48.878264,2.372848,Plein jour,En agglomération,Intersection en X,Normale,Autre collision,4,1, -1,-1,1,1,1,0,1,30,1,2,1,0,0,1,43.0,,voiture,,1,2,2,1,6
202400018270,2024-01-26 20:35:00,2024,1,26,20,35,76,76305,SEINE ( RUE DE LA ),49.50552,0.22175,Nuit avec éclairage allumé,En agglomération,Hors intersection,Normale,Sans collision,4,2,2,0,1,3,1,0,1,50,1,1,0,0,0,1,48.0,,deux_roues,,5,2,1,1,7
202400018271,2024-09-04 19:40:00,2024,9,4,19,40,27,27690,intersection Départementale 6,49.247925,1.611257,Crépuscule ou aube,Hors agglomération,Intersection en X,Normale,Deux véhicules - côté,3,2,2,0,1,1,1,5,1,80,2,2,1,0,1,0,25.0,48.0,voiture,deux_roues,2,1,2,1,3
202400018271,2024-09-04 19:40:00,2024,9,4,19,40,27,27690,intersection Départementale 6,49.247925,1.611257,Crépuscule ou aube,Hors agglomération,Intersection en X,Normale,Deux véhicules - côté,3,2,2,-1,1,1,1,0,1,80,2,2,1,0,1,0,25.0,48.0,voiture,deux_roues,2,1,2,1,3
202400018272,2024-12-23 20:05:00,2024,12,23,20,5,75,75117,PLACE DE LA PORTE MAILLOT,48.87798,2.28223,Nuit avec éclairage allumé,En agglomération,Place,Pluie légère,Deux véhicules - arrière,4,1,4,0,1,1,2,0,1,30,2,2,1,0,0,1,54.0,29.0,deux_roues,deux_roues,5,2,7,2,2
202400018273,2024-08-02 21:30:00,2024,8,2,21,30,69,69266,Autoroute 42,45.78215,4.89164,Nuit sans éclairage public,Hors agglomération,Hors intersection,Pluie légère,Deux véhicules - côté,1,3,4,0,1,2,2,3,1,50,2,3,1,0,0,2,27.0,30.0,voiture,deux_roues,3,1,1,2,3
202400018274,2024-01-29 18:00:00,2024,1,29,18,0,69,69266,2 Impasse Poncet,45.75217591,4.9035068,Nuit avec éclairage allumé,En agglomération,Autre intersection,Normale,Deux véhicules - côté,4,2,2,0,1,1,1,0,1,30,2,2,1,0,0,1,40.0,22.0,deux_roues,voiture,5,2,9,1,3
202400018275,2024-07-30 03:15:00,2024,7,30,3,15,01,01275,A42  4.020 A 4.353   GEN/LYON,45.807356,4.926836,Nuit sans éclairage public,Hors agglomération,Autre intersection,Normale,Sans collision,1,1,2,0,1,2,1,0,1,70,1,1,0,0,0,1,28.0,,voiture,,3,1,9,1,7
202400018276,2024-12-23 15:15:00,2024,12,23,15,15,75,75116,ROUTE DE SEVRES A NEUILLY,48.85997,2.23704,Plein jour,En agglomération,Hors intersection,Normale,Trois véhicules et plus - collisions multiples,4,1,1,1,1,1,1,0,1,30,3,3,1,0,0,2,63.0,33.0,deux_roues,deux_roues,1,2,1,1,5
202400018277,2024-01-29 07:05:00,2024,1,29,7,5,69,69282,Chemin de Chassieu à Meyzieu,45.75683,4.98824,Nuit sans éclairage public,Hors agglomération,Hors intersection,Normale,Deux véhicules - frontale,4,2,2,0,1,1,1,0,1,50,2,2,1,0,0,1,30.0,57.0,voiture,voiture,3,1,1,1,1
202400018278,2024-08-08 16:00:00,2024,8,8,16,0,17,17111,D2,45.451928,-0.489514,Plein jour,Hors agglomération,Intersection en X,Normale,Deux véhicules - côté,3,2,2,0,1,1,1,5,1,80,2,2,0,0,0,2,65.0,19.0,voiture,voiture,1,1,2,1,3
202400018278,2024-08-08 16:00:00,2024,8,8,16,0,17,17111,D2,45.451928,-0.489514,Plein jour,Hors agglomération,Intersection en X,Normale,Deux véhicules - côté,3,2,2,-1,1,1,1,5,1,50,2,2,0,0,0,2,65.0,19.0,voiture,voiture,1,1,2,1,3
202400018279,2024-12-23 15:20:00,2024,12,23,15,20,75,75113,BOULEVARD MASSENA,48.8192,2.362076,Plein jour,En agglomération,Intersection en T,Normale,Autre collision,4,-1,2,2,1,1,1,0,4,30,1,2,1,0,0,1,24.0,,deux_roues,,1,2,3,1,6
202400018279,2024-12-23 15:20:00,2024,12,23,15,20,75,75113,BOULEVARD MASSENA,48.8192,2.362076,Plein jour,En agglomération,Intersection en T,Normale,Autre collision,4,1, -1,-1,1,1,1,0,4,30,1,2,1,0,0,1,24.0,,deux_roues,,1,2,3,1,6
202400018280,2024-01-29 07:30:00,2024,1,29,7,30,69,69264,Rue Monplaisir,45.98964,4.72278,Nuit avec éclairage allumé,En agglomération,Hors intersection,Normale,Deux véhicules - frontale,4,2,2,2,2,1,1,0,1,50,2,2,1,0,0,1,56.0,20.0,voiture,voiture,5,2,1,1,1
202400018281,2024-09-07 17:30:00,2024,9,7,17,30,23,23164,D996,46.041153,2.496498,Plein jour,Hors agglomération,Hors intersection,Pluie forte,Deux véhicules - côté,3,2,2,0,2,3,2,0,1,90,2,4,3,0,0,1,45.0,61.0,voiture,voiture,1,1,1,3,3
202400018282,2024-12-22 21:30:00,2024,12,22,21,30,75,75111,AVENUE LEDRU ROLLIN,48.851275,2.376073,Nuit avec éclairage allumé,En agglomération,Intersection en X,Pluie légère,Deux véhicules - côté,4,2,4,0,1,1,2,5,1,30,2,2,1,0,0,1,59.0,25.0,voiture,deux_roues,5,2,2,2,3
202400018282,2024-12-22 21:30:00,2024,12,22,21,30,75,75111,AVENUE LEDRU ROLLIN,48.851275,2.376073,Nuit avec éclairage allumé,En agglomération,Intersection en X,Pluie légère,Deux véhicules - côté,4,1,0,0,1,1,2,0,1,30,2,2,1,0,0,1,59.0,25.0,voiture,deux_roues,5,2,2,2,3
202400018283,2024-07-30 16:20:00,2024,7,30,16,20,59,59580,AUTOROUTE A25,50.83015,2.58141,Plein jour,Hors agglomération,Hors intersection,Normale,Autre collision,1,3,2,0,1,1,1,0,1,130,5,5,3,1,1,0,20.0,37.0,voiture,deux_roues,1,1,1,1,6
202400018284,2024-01-29 17:00:00,2024,1,29,17,0,64,64445,JEAN MERMOZ,43.30928,-0.37685,Plein jour,En agglomération,Hors intersection,Normale,Deux véhicules - arrière,4,2,2,0,1,1,1,0,1,50,2,2,1,0,0,1,49.0,27.0,voiture,voiture,1,2,1,1,2
202400018285,2024-12-22 00:15:00,2024,12,22,0,15,75,75104,RUE DES HOSPITALIERES SAINT GERVAIS,48.857678,2.35845,Nuit avec éclairage allumé,En agglomération,Intersection en T,Pluie légère,Sans collision,4,1, -1,-1,1,1,2,0,1,30,1,1,0,0,0,1,30.0,,deux_roues,,5,2,3,2,7
202400018285,2024-12-22 00:15:00,2024,12,22,0,15,75,75104,RUE DES HOSPITALIERES SAINT GERVAIS,48.857678,2.35845,Nuit avec éclairage allumé,En agglomération,Intersection en T,Pluie légère,Sans collision,4,1,1,0,1,1,2,0,1,30,1,1,0,0,0,1,30.0,,deux_roues,,5,2,3,2,7
202400018286,2024-08-02 16:40:00,2024,8,2,16,40,94,94021,A6B,48.76388095,2.34165844,Plein jour,Hors agglomération,Hors intersection,Normale,Deux véhicules - arrière,1,1,2,0,2,1,1,0,1,90,2,4,2,0,0,2,29.0,34.0,voiture,deux_roues,1,1,1,1,2
202400018287,2024-09-08 17:15:00,2024,9,8,17,15,87,87205,Chemin de la Vigne,45.7642,1.296043,Plein jour,Hors agglomération,Hors intersection,Normale,Trois véhicules et plus - collisions multiples,3,2,2,0,2,3,1,0,1,80,3,3,2,1,0,0,58.0,35.0,deux_roues,voiture,1,1,1,1,5
202400018288,2024-12-20 17:10:00,2024,12,20,17,10,94,94068,Avenue de Marinville,48.807405,2.47983,Crépuscule ou aube,En agglomération,Hors intersection,Temps couvert,Autre collision,4,2,2,0,1,1,1,0,1,30,1,2,1,0,0,1,58.0,,utilitaire_camion,,2,2,1,8,6
202400018289,2024-01-28 17:00:00,2024,1,28,17,0,64,64102,SOULT (AVENUE MARECHAL),43.48409,-1.49932,Plein jour,En agglomération,Intersection en X,Normale,Deux véhicules - côté,3,2,2,0,1,1,1,0,1,50,2,2,1,0,0,1,22.0,29.0,voiture,utilitaire_camion,1,2,2,1,3
202400018289,2024-01-28 17:00:00,2024,1,28,17,0,64,64102,SOULT (AVENUE MARECHAL),43.48409,-1.49932,Plein jour,En agglomération,Intersection en X,Normale,Deux véhicules - côté,3,2,4,0,1,1,1,0,1,50,2,2,1,0,0,1,22.0,29.0,voiture,utilitaire_camion,1,2,2,1,3
202400018290,2024-12-16 08:55:00,2024,12,16,8,55,94,94033,Avenue de la République,48.85321,2.46899,Plein jour,En agglomération,Hors intersection,Normale,Deux véhicules - arrière,3,2,2,0,2,1,1,0,1,50,2,2,1,0,0,1,50.0,,deux_roues,voiture,1,2,1,1,2
202400018291,2024-01-29 12:45:00,2024,1,29,12,45,63,63113,SOUS LES VIGNES (RUE) / rue Gilbert Roddier,45.80378919,3.10859978,Plein jour,En agglomération,Intersection en T,Normale,Deux véhicules - côté,4,2,2,0,1,1,1,0,1,50,2,2,1,0,0,1,28.0,26.0,deux_roues,voiture,1,2,3,1,3
202400018291,2024-01-29 12:45:00,2024,1,29,12,45,63,63113,SOUS LES VIGNES (RUE) / rue Gilbert Roddier,45.80378919,3.10859978,Plein jour,En agglomération,Intersection en T,Normale,Deux véhicules - côté,4,2,2,3,1,1,1,0,8,50,2,2,1,0,0,1,28.0,26.0,deux_roues,voiture,1,2,3,1,3
202400018292,2024-08-02 11:55:00,2024,8,2,11,55,91,91136,AUTOROUTE A126,48.71314,2.28178,Plein jour,Hors agglomération,Hors intersection,Normale,Trois véhicules et plus - en chaîne,1,1,1,0,1,1,1,2,1,90,3,4,2,0,0,2,46.0,27.0,voiture,voiture,1,1,1,1,4
202400018293,2024-09-07 17:59:00,2024,9,7,17,59,30,30210,Avenue de l'Aigoual,43.916026,3.994024,Plein jour,En agglomération,Hors intersection,Temps couvert,Autre collision,3,2,2,0,1,1,1,0,1,50,2,5,4,0,1,0,57.0,74.0,deux_roues,voiture,1,2,1,8,6
202400018294,2024-08-02 09:10:00,2024,8,2,9,10,91,91645,RN 385 INT,48.75992,2.2642,Plein jour,Hors agglomération,Hors intersection,Normale,Sans collision,2,3,1,0,1,1,1,0,1,90,1,2,1,0,0,1,48.0,,deux_roues,,1,1,1,1,7
202400018295,2024-12-23 13:20:00,2024,12,23,13,20,93,93031,JOFFRE (AVENUE),48.96039123,2.29804535,Plein jour,En agglomération,Hors intersection,Normale,Deux véhicules - arrière,3,-1,0,0,1,1,1,0,1,50,2,2,1,1,0,0,51.0,65.0,voiture,voiture,1,2,1,1,2
202400018296,2024-01-07 22:20:00,2024,1,7,22,20,62,62774,D243E3,50.94334,1.74752,Nuit avec éclairage allumé,En agglomération,Hors intersection,Normale,Deux véhicules - arrière,3,2,2,0,1,1,1,0,1,50,2,1,0,0,0,1,51.0,,voiture,,5,2,1,1,2
202400018297,2024-09-08 16:20:00,2024,9,8,16,20,39,39017,,46.780865,5.525458,Plein jour,Hors agglomération,Hors intersection,Normale,Deux véhicules - côté,1,3,4,0,1,1,1,3,1,130,2,2,1,0,1,0,21.0,59.0,deux_roues,voiture,1,1,1,1,3
202400018298,2024-01-29 18:40:00,2024,1,29,18,40,61,61001,Voie Communale,48.42774,0.07735,Nuit avec éclairage allumé,En agglomération,Hors intersection,Normale,Autre collision,4,1,1,0,1,1,1,0,1,30,1,2,1,0,0,1,52.0,,voiture,,5,2,1,1,6
202400018299,2024-08-02 10:10:00,2024,8,2,10,10,91,91689,AUTOROUTE A6,48.73107,2.31508,Plein jour,Hors agglomération,Hors intersection,Normale,Deux véhicules - côté,1,1,3,0,1,1,1,0,1,90,2,2,1,0,0,1,38.0,29.0,voiture,utilitaire_camion,1,1,1,1,3
202400018300,2024-09-08 09:55:00,2024,9,8,9,55,05,05162,A51,44.43807,6.02922,Plein jour,Hors agglomération,Hors intersection,Pluie forte,Autre collision,1,1,2,0,2,2,2,9,1,70,1,1,0,0,1,0,33.0,,voiture,,1,1,1,3,6
202400018301,2024-12-23 14:00:00,2024,12,23,14,0,93,93031,NANCY (RUE DE),48.95673964,2.29980433,Plein jour,En agglomération,Intersection en T,Temps éblouissant,Deux véhicules - arrière,4,1, -1,-1,1,1,1,0,1,-1,2,2,1,0,0,1,49.0,18.0,voiture,deux_roues,1,2,3,7,2
202400018301,2024-12-23 14:00:00,2024,12,23,14,0,93,93031,NANCY (RUE DE),48.95673964,2.29980433,Plein jour,En agglomération,Intersection en T,Temps éblouissant,Deux véhicules - arrière,4,1,2,0,1,1,1,0,1,50,2,2,1,0,0,1,49.0,18.0,voiture,deux_roues,1,2,3,7,2
202400018302,2024-01-29 08:30:00,2024,1,29,8,30,57,57463,PANGE (RUE DE ),49.11016,6.21983,Crépuscule ou aube,En agglomération,Intersection en X,Temps couvert,Autre collision,4,2,4,0,2,1,2,0,1,50,1,2,1,0,0,1,20.0,,voiture,,2,2,2,8,6
202400018302,2024-01-29 08:30:00,2024,1,29,8,30,57,57463,PANGE (RUE DE ),49.11016,6.21983,Crépuscule ou aube,En agglomération,Intersection en X,Temps couvert,Autre collision,4,2,2,0,2,1,2,0,1,50,1,2,1,0,0,1,20.0,,voiture,,2,2,2,8,6
202400018303,2024-08-02 09:20:00,2024,8,2,9,20,91,91174,RN 104,48.61977,2.45913,Plein jour,Hors agglomération,Hors intersection,Normale,Deux véhicules - côté,2,1,3,0,2,1,1,0,1,70,2,2,1,0,0,1,34.0,36.0,utilitaire_camion,deux_roues,1,1,1,1,3
202400018304,2024-09-07 16:45:00,2024,9,7,16,45,978,97801,Route nationale 7 - Grand Case,18.097346,-63.065869,Plein jour,En agglomération,Hors intersection,Normale,Deux véhicules - frontale,2,2,2,0,1,1,1,0,1,30,2,2,1,0,1,0,41.0,46.0,voiture,voiture,1,2,1,1,1