accident_id,datetime,annee,mois,jour,heure,minute,departement,commune_insee,adresse,latitude,longitude,luminosite,agglomeration,intersection,meteo,collision,catr,circ,nbv,vosp,prof,plan,surf,infra,situ,vma,nb_vehicules,nb_usagers,nb_indemnes,nb_tues,nb_blesses_hosp,nb_blesses_legers,age_cond_1,age_cond_2,veh_type_cond_1,veh_type_cond_2,lum_code,agg_code,int_code,atm_code,col_code
202400018305,2024-12-23 21:15:00,2024,12,23,21,15,93,93029,MARCEAU (AVENUE) N° 29-FIN,48.92919086,2.43354893,Nuit avec éclairage allumé,En agglomération,Intersection en T,Normale,Deux véhicules - côté,3,2,0,0,1,1,1,6,1,50,2,2,1,0,0,1,20.0,29.0,voiture,deux_roues,5,2,3,1,3
202400018305,2024-12-23 21:15:00,2024,12,23,21,15,93,93029,MARCEAU (AVENUE) N° 29-FIN,48.92919086,2.43354893,Nuit avec éclairage allumé,En agglomération,Intersection en T,Normale,Deux véhicules - côté,3,1, -1,-1,1,1,1,0,1,-1,2,2,1,0,0,1,20.0,29.0,voiture,deux_roues,5,2,3,1,3
202400018306,2024-01-26 22:46:00,2024,1,26,22,46,56,56121,LAENNEC ( BD ),47.75853,-3.35773,Nuit avec éclairage allumé,En agglomération,Hors intersection,Normale,Sans collision,4,2,2,1,1,3,1,0,5,20,1,1,0,0,0,1,33.0,,deux_roues,,5,2,1,1,7
202400018307,2024-08-02 00:09:00,2024,8,2,0,9,92,92050,A86,48.8924468,2.18503472,Nuit sans éclairage public,Hors agglomération,Hors intersection,Pluie légère,Sans collision,1,1,2,0,2,2,2,1,1,90,1,1,0,0,0,1,30.0,,voiture,,3,1,1,2,7
202400018308,2024-12-23 11:35:00,2024,12,23,11,35,93,93010,Avenue Galliéni / Avenue de Verdun,48.90710793,2.48942102,Plein jour,En agglomération,Autre intersection,Normale,Deux véhicules - côté,3,3,4,0,1,1,1,5,1,15,2,2,1,0,0,1,42.0,30.0,voiture,deux_roues,1,2,9,1,3
202400018308,2024-12-23 11:35:00,2024,12,23,11,35,93,93010,Avenue Galliéni / Avenue de Verdun,48.90710793,2.48942102,Plein jour,En agglomération,Autre intersection,Normale,Deux véhicules - côté,3,2,2,0,1,1,1,0,1,-1,2,2,1,0,0,1,42.0,30.0,voiture,deux_roues,1,2,9,1,3
202400018309,2024-08-02 01:45:00,2024,8,2,1,45,93,93001,AUTOROUTE A86,48.92164859,2.37702727,Nuit sans éclairage public,Hors agglomération,Hors intersection,Normale,Deux véhicules - arrière,1,3,4,0,2,1,2,0,1,90,2,2,1,0,0,1,19.0,39.0,voiture,utilitaire_camion,3,1,1,1,2
202400018310,2024-01-29 09:30:00,2024,1,29,9,30,54,54578,Boulevard des Aiguillettes,48.6723859,6.15463704,Plein jour,En agglomération,Intersection en T,Normale,Deux véhicules - arrière,4,2,4,0,1,1,1,0,1,50,2,3,2,0,0,1,,54.0,voiture,voiture,1,2,3,1,2
202400018310,2024-01-29 09:30:00,2024,1,29,9,30,54,54578,Boulevard des Aiguillettes,48.6723859,6.15463704,Plein jour,En agglomération,Intersection en T,Normale,Deux véhicules - arrière,4,2,3,0,2,1,1,0,1,30,2,3,2,0,0,1,,54.0,voiture,voiture,1,2,3,1,2
202400018311,2024-09-09 02:20:00,2024,9,9,2,20,49,49110,"Autoroute A11, PK 246+400",47.52804439,-0.34696903,Nuit sans éclairage public,Hors agglomération,Hors intersection,Normale,Trois véhicules et plus - collisions multiples,1,3,2,0,1,1,2,0,1,130,5,5,3,1,0,1,21.0,53.0,voiture,utilitaire_camion,3,1,1,1,5
202400018312,2024-08-01 21:23:00,2024,8,1,21,23,94,94073,A86,48.76803575,2.37853024,Crépuscule ou aube,Hors agglomération,Hors intersection,Normale,Autre collision,1,3,3,0,1,3,1,1,1,90,1,2,0,0,2,0,21.0,,deux_roues,,2,1,1,1,6
202400018313,2024-01-27 11:00:00,2024,1,27,11,0,51,51108,VERLAINE (AVE PAUL),48.94017,4.38981,Plein jour,En agglomération,Intersection en T,Temps éblouissant,Autre collision,4,2,2,0,1,1,1,0,1,50,1,2,1,0,1,0,79.0,,voiture,,1,2,3,7,6
202400018313,2024-01-27 11:00:00,2024,1,27,11,0,51,51108,VERLAINE (AVE PAUL),48.94017,4.38981,Plein jour,En agglomération,Intersection en T,Temps éblouissant,Autre collision,4,2,2,0,1,1,1,0,1,50,1,2,1,0,1,0,79.0,,voiture,,1,2,3,7,6
202400018314,2024-10-03 20:00:00,2024,10,3,20,0,92,92078,VERDUN (AVENUE) (IMPAIRS 27 AU 73),48.93515,2.3288,Crépuscule ou aube,En agglomération,Intersection en T,Normale,Deux véhicules - côté,3,2,0,0,1,2,1,5,1,50,2,2,1,0,0,1,50.0,14.0,voiture,deux_roues,2,2,3,1,3
202400018314,2024-10-03 20:00:00,2024,10,3,20,0,92,92078,VERDUN (AVENUE) (IMPAIRS 27 AU 73),48.93515,2.3288,Crépuscule ou aube,En agglomération,Intersection en T,Normale,Deux véhicules - côté,3,3,0,1,1,1,1,5,1,50,2,2,1,0,0,1,50.0,14.0,voiture,deux_roues,2,2,3,1,3
202400018315,2024-09-09 06:35:00,2024,9,9,6,35,06,06085,A8 PK 164.450 direction Marseille,43.58576038,6.99715837,Nuit sans éclairage public,Hors agglomération,Hors intersection,Normale,Trois véhicules et plus - collisions multiples,1,1,3,0,2,2,1,0,1,110,3,3,2,0,1,0,39.0,45.0,voiture,voiture,3,1,1,1,5
202400018316,2024-08-01 14:00:00,2024,8,1,14,0,974,97416,RN1 (ROUTE NATIONALE),-21.31417271,55.43934238,Plein jour,Hors agglomération,Hors intersection,Normale,Deux véhicules - arrière,2,3,4,0,1,1,1,0,1,110,2,4,2,0,0,2,33.0,27.0,voiture,voiture,1,1,1,1,2
202400018317,2024-08-29 10:17:00,2024,8,29,10,17,67,67202,"A4, PK 452.300",48.76807,7.550805,Plein jour,Hors agglomération,Hors intersection,Normale,Sans collision,1,3,2,0,1,1,1,0,3,130,1,1,0,0,0,1,22.0,,voiture,,1,1,1,1,7
202400018318,2024-01-28 16:25:00,2024,1,28,16,25,50,50129,ARAGO (RUE),49.64722,-1.66886,Plein jour,En agglomération,Intersection en T,Normale,Deux véhicules - côté,4,2,2,0,2,1,1,5,1,30,2,2,1,0,0,1,17.0,33.0,deux_roues,voiture,1,2,3,1,3
202400018318,2024-01-28 16:25:00,2024,1,28,16,25,50,50129,ARAGO (RUE),49.64722,-1.66886,Plein jour,En agglomération,Intersection en T,Normale,Deux véhicules - côté,4,2,2,0,1,1,1,5,1,50,2,2,1,0,0,1,17.0,33.0,deux_roues,voiture,1,2,3,1,3
202400018319,2024-12-22 23:10:00,2024,12,22,23,10,92,92078,VERDUN (AVENUE) (IMPAIRS 1 A 25),48.93551094,2.33388506,Nuit avec éclairage allumé,En agglomération,Intersection en T,Pluie légère,Deux véhicules - côté,3,3,0,0,1,1,2,0,1,50,2,5,4,0,0,1,21.0,24.0,voiture,voiture,5,2,3,2,3
202400018319,2024-12-22 23:10:00,2024,12,22,23,10,92,92078,VERDUN (AVENUE) (IMPAIRS 1 A 25),48.93551094,2.33388506,Nuit avec éclairage allumé,En agglomération,Intersection en T,Pluie légère,Deux véhicules - côté,3,3,4,0,1,1,2,0,1,50,2,5,4,0,0,1,21.0,24.0,voiture,voiture,5,2,3,2,3
202400018320,2024-01-29 18:22:00,2024,1,29,18,22,49,49353,ANDARD ROUTE,47.4473,-0.44957,Nuit sans éclairage public,Hors agglomération,Hors intersection,Normale,Trois véhicules et plus - collisions multiples,3,2,2,0,1,1,1,0,1,90,3,3,1,0,0,2,34.0,60.0,voiture,voiture,3,1,1,1,5
202400018321,2024-08-01 07:25:00,2024,8,1,7,25,973,97302,MONTABO (ROUTE DE) 2,4.94174,-52.30405,Plein jour,En agglomération,Intersection en T,Normale,Deux véhicules - côté,3,2,2,0,1,1,1,0,1,50,2,2,1,0,0,1,29.0,51.0,deux_roues,voiture,1,2,3,1,3
202400018321,2024-08-01 07:25:00,2024,8,1,7,25,973,97302,MONTABO (ROUTE DE) 2,4.94174,-52.30405,Plein jour,En agglomération,Intersection en T,Normale,Deux véhicules - côté,3,2,2,0,1,1,1,0,1,50,2,2,1,0,0,1,29.0,51.0,deux_roues,voiture,1,2,3,1,3
202400018322,2024-12-23 12:30:00,2024,12,23,12,30,92,92026,MISSION MARCHAND (COTE PAIR),48.89779602,2.24022567,Plein jour,En agglomération,Intersection en X,Normale,Deux véhicules - arrière,3,2,0,0,1,1,1,0,1,50,2,2,1,0,0,1,33.0,68.0,utilitaire_camion,deux_roues,1,2,2,1,2
202400018322,2024-12-23 12:30:00,2024,12,23,12,30,92,92026,MISSION MARCHAND (COTE PAIR),48.89779602,2.24022567,Plein jour,En agglomération,Intersection en X,Normale,Deux véhicules - arrière,3,3,0,0,1,1,1,0,1,50,2,2,1,0,0,1,33.0,68.0,utilitaire_camion,deux_roues,1,2,2,1,2
202400018323,2024-09-08 05:50:00,2024,9,8,5,50,11,11370,autouroute A9 PK 181+100 vers Beziers,43.221784,3.09528,Nuit sans éclairage public,Hors agglomération,Hors intersection,Normale,Trois véhicules et plus - collisions multiples,1,3,3,0,1,1,1,0,1,130,3,8,3,0,1,4,78.0,,voiture,voiture,3,1,1,1,5
202400018324,2024-01-24 17:05:00,2024,1,24,17,5,46,46042,Avenue de la Beyne,44.4265,1.4418,Crépuscule ou aube,En agglomération,Hors intersection,Normale,Deux véhicules - côté,3,2,2,0,1,3,1,0,1,50,2,4,2,0,0,2,54.0,18.0,voiture,deux_roues,2,2,1,1,3
202400018325,2024-12-23 07:30:00,2024,12,23,7,30,92,92025,GABRIEL PERI (RUE),48.92065177,2.24406593,Nuit avec éclairage allumé,En agglomération,Hors intersection,Normale,Deux véhicules - côté,3,2,2,0,1,1,1,0,1,30,2,2,1,0,0,1,35.0,34.0,utilitaire_camion,deux_roues,5,2,1,1,3
202400018326,2024-09-07 23:45:00,2024,9,7,23,45,38,38530,A43 pk 028+300,45.615238,5.197569,Nuit sans éclairage public,Hors agglomération,Hors intersection,Pluie légère,Sans collision,1,3,3,0,1,1,2,0,1,130,1,2,1,0,1,0,63.0,,voiture,,3,1,1,2,7
202400018327,2024-08-01 02:10:00,2024,8,1,2,10,973,97302,REPUBLIQUE (BD DE LA),4.93762202,-52.32429242,Nuit sans éclairage public,En agglomération,Hors intersection,Normale,Sans collision,4,1,1,0,1,1,1,0,1,50,1,2,0,0,0,2,21.0,,deux_roues,,3,2,1,1,7
202400018328,2024-01-30 00:40:00,2024,1,30,0,40,45,45234,Rue de la Barrière Saint-Marc,47.92084,1.92047,Nuit avec éclairage non allumé,En agglomération,Hors intersection,Normale,Autre collision,4,2,2,0,1,1,1,0,1,50,1,1,0,1,0,0,40.0,,voiture,,4,2,1,1,6
202400018329,2024-09-09 01:00:00,2024,9,9,1,0,13,13105,A7  sens sud nord PK 218+800,43.74422,5.086665,Nuit sans éclairage public,Hors agglomération,Hors intersection,Normale,Deux véhicules - arrière,1,3,2,0,1,1,2,0,1,130,2,2,1,0,1,0,26.0,35.0,voiture,voiture,3,1,1,1,2
202400018330,2024-08-01 07:20:00,2024,8,1,7,20,972,97213,ROUTE DEPARTEMENTALE 3,14.63325,-60.99082,Plein jour,En agglomération,Hors intersection,Normale,Deux véhicules - côté,3,2,2,0,1,1,1,0,1,70,2,2,1,0,1,0,33.0,28.0,voiture,deux_roues,1,2,1,1,3
202400018331,2024-01-29 18:17:00,2024,1,29,18,17,41,41018,BOURG NEUF (RUE DU),47.58868,1.331,Crépuscule ou aube,En agglomération,Hors intersection,Normale,Autre collision,4,1,2,3,1,1,1,0,1,50,1,2,1,0,0,1,39.0,,voiture,,2,2,1,1,6
202400018332,2024-12-20 18:15:00,2024,12,20,18,15,92,92024,GENNEVILLIERS (PONT DE),48.91250943,2.31136143,Nuit avec éclairage allumé,En agglomération,Hors intersection,Pluie légère,Trois véhicules et plus - collisions multiples,3,1,3,0,1,1,2,2,1,50,3,3,2,0,0,1,38.0,38.0,utilitaire_camion,deux_roues,5,2,1,2,5
202400018333,2024-09-07 20:20:00,2024,9,7,20,20,33,33229,,44.734472,-0.996902,Nuit sans éclairage public,Hors agglomération,Hors intersection,Normale,Autre collision,9,2,2,3,1,1,1,0,1,50,1,1,0,1,0,0,23.0,,voiture,,3,1,1,1,6
202400018334,2024-08-01 14:15:00,2024,8,1,14,15,972,97209,CHATEAUBOEUF (ROUTE DE),14.62042,-61.04344,Plein jour,Hors agglomération,Intersection en X,Normale,Deux véhicules - côté,2,-1, -1,0,2,1,1,9,1,60,2,2,1,0,0,1,42.0,36.0,utilitaire_camion,deux_roues,1,1,2,1,3
202400018334,2024-08-01 14:15:00,2024,8,1,14,15,972,97209,CHATEAUBOEUF (ROUTE DE),14.62042,-61.04344,Plein jour,Hors agglomération,Intersection en X,Normale,Deux véhicules - côté,2,2,1,0,2,1,1,9,1,60,2,2,1,0,0,1,42.0,36.0,utilitaire_camion,deux_roues,1,1,2,1,3
202400018335,2024-12-23 16:20:00,2024,12,23,16,20,92,92019,VERDUN (RUE DE),48.76531111,2.2712481,Plein jour,En agglomération,Hors intersection,Normale,Deux véhicules - arrière,4,-1,2,0,1,1,1,0,1,30,2,2,1,0,0,1,,23.0,autre,deux_roues,1,2,1,1,2
202400018336,2024-01-29 18:23:00,2024,1,29,18,23,38,38185,RUE DU VILLAGE,45.16401,5.72863,Crépuscule ou aube,En agglomération,Intersection en X,Normale,Deux véhicules - côté,4,3,4,1,1,1,1,0,1,50,2,3,1,0,2,0,52.0,28.0,voiture,deux_roues,2,2,2,1,3
202400018336,2024-01-29 18:23:00,2024,1,29,18,23,38,38185,RUE DU VILLAGE,45.16401,5.72863,Crépuscule ou aube,En agglomération,Intersection en X,Normale,Deux véhicules - côté,4,2,2,0,1,1,1,0,1,50,2,3,1,0,2,0,52.0,28.0,voiture,deux_roues,2,2,2,1,3
202400018337,2024-09-08 23:00:00,2024,9,8,23,0,988,98833,Méa Mébara (Tribu),-21.45927,165.8049,Nuit sans éclairage public,Hors agglomération,Hors intersection,Normale,Sans collision,4,2,2,0,1,1,9,0,8,50,1,4,2,1,0,1,23.0,,voiture,,3,1,1,1,7
202400018338,2024-07-31 21:10:00,2024,7,31,21,10,69,69034,Montée des Soldats,45.79549721,4.85834931,Plein jour,En agglomération,Hors intersection,Normale,Autre collision,7,2,2,3,2,1,1,0,4,50,1,3,2,0,0,1,,,deux_roues,,1,2,1,1,6
202400018339,2024-12-23 15:00:00,2024,12,23,15,0,38,38332,Route de Maubec,45.342083,5.488529,Plein jour,Hors agglomération,Hors intersection,Pluie légère,Autre collision,3,2,2,0,2,2,2,0,1,70,1,3,1,0,0,2,29.0,,voiture,,1,1,1,2,6
202400018340,2024-01-28 01:35:00,2024,1,28,1,35,37,37261,WAGNER (BOULEVARD RICHARD),47.37708,0.71437,Nuit avec éclairage allumé,En agglomération,Hors intersection,Normale,Deux véhicules - côté,4,3,4,0,2,1,1,2,1,50,2,4,1,0,0,3,25.0,21.0,voiture,voiture,5,2,1,1,3
202400018341,2024-09-06 14:30:00,2024,9,6,14,30,972,97230,RN1,14.712214,-60.947342,Plein jour,Hors agglomération,Hors intersection,Normale,Autre collision,2,2,2,0,1,1,1,0,1,70,3,4,2,0,2,0,41.0,21.0,voiture,voiture,1,1,1,1,6
202400018342,2024-07-31 03:08:00,2024,7,31,3,8,69,69384,Avenue de Birmingham,45.77453367,4.81332883,Nuit avec éclairage allumé,En agglomération,Hors intersection,Normale,Deux véhicules - arrière,4,2,4,1,1,1,1,1,1,50,2,6,1,0,0,5,29.0,,voiture,voiture,5,2,1,1,2
202400018343,2024-01-29 12:55:00,2024,1,29,12,55,35,35278,RD 29,48.15798316,-1.69770151,Plein jour,Hors agglomération,Hors intersection,Normale,Deux véhicules - arrière,7,2,2,0,1,1,1,0,1,80,2,3,1,0,0,2,28.0,56.0,voiture,utilitaire_camion,1,1,1,1,2
202400018344,2024-09-08 17:50:00,2024,9,8,17,50,77,77328,23 rue du clos corbin,48.315981,2.420275,Plein jour,En agglomération,Intersection en Y,Normale,Autre collision,3,2,2,0,2,2,1,5,1,90,1,2,1,0,1,0,70.0,,voiture,,1,2,4,1,6
202400018344,2024-09-08 17:50:00,2024,9,8,17,50,77,77328,23 rue du clos corbin,48.315981,2.420275,Plein jour,En agglomération,Intersection en Y,Normale,Autre collision,3,2,2,0,1,2,1,0,1,50,1,2,1,0,1,0,70.0,,voiture,,1,2,4,1,6
202400018345,2024-07-31 18:15:00,2024,7,31,18,15,971,97113,ROUTE DE PERINET-RD 119,16.20751,-61.48103,Crépuscule ou aube,Hors agglomération,Autre intersection,Normale,Autre collision,3,2,2,0,2,3,1,0,3,50,1,1,0,0,0,1,43.0,,deux_roues,,2,1,9,1,6
202400018346,2024-01-29 13:35:00,2024,1,29,13,35,35,35238,LANGEVIN (PAUL),48.09212,-1.65823,Plein jour,En agglomération,Giratoire,Normale,Deux véhicules - arrière,4,-1,2,0,1,1,1,0,1,30,2,2,1,0,1,0,72.0,45.0,deux_roues,utilitaire_camion,1,2,6,1,2
202400018347,2024-09-08 16:30:00,2024,9,8,16,30,91,91405,D372 PK18+200,48.425968,2.468791,Plein jour,Hors agglomération,Hors intersection,Pluie légère,Deux véhicules - frontale,3,2,2,0,2,3,2,0,1,70,2,2,0,0,2,0,67.0,30.0,voiture,voiture,1,1,1,2,1
202400018348,2024-08-01 15:30:00,2024,8,1,15,30,2A,2A004,14 Lot Artisanal Stiletto,41.94819,8.76529,Plein jour,En agglomération,Hors intersection,Normale,Deux véhicules - côté,2,2,2,0,2,1,1,0,1,50,2,2,1,1,0,0,23.0,69.0,utilitaire_camion,deux_roues,1,2,1,1,3
202400018349,2024-01-26 17:03:00,2024,1,26,17,3,31,31555,ALBI (RTE D) DU 1AU 243,43.63387,1.46339,Plein jour,En agglomération,Hors intersection,Normale,Deux véhicules - côté,7,2,4,1,1,1,1,0,1,50,2,3,1,0,0,2,43.0,24.0,deux_roues,voiture,1,2,1,1,3
202400018350,2024-09-06 13:02:00,2024,9,6,13,2,78,78048,N12,48.795264,1.669985,Plein jour,Hors agglomération,Hors intersection,Normale,Deux véhicules - arrière,2,3,2,0,1,1,1,0,1,110,2,3,1,0,0,2,16.0,58.0,deux_roues,voiture,1,1,1,1,2
202400018351,2024-08-02 00:22:00,2024,8,2,0,22,91,91521,BONTE (RUE),48.65862,2.41255,Nuit avec éclairage allumé,En agglomération,Autre intersection,Pluie légère,Deux véhicules - arrière,3,2,2,0,1,1,2,0,1,30,2,2,1,0,0,1,41.0,39.0,voiture,deux_roues,5,2,9,2,2
202400018352,2024-08-29 16:30:00,2024,8,29,16,30,13,13107,Route de Mimet,43.428859,5.458333,Plein jour,Hors agglomération,Hors intersection,Normale,Deux véhicules - côté,3,2,2,0,1,1,1,0,1,80,2,2,1,0,0,1,52.0,22.0,deux_roues,utilitaire_camion,1,1,1,1,3
202400018353,2024-08-01 18:15:00,2024,8,1,18,15,84,84007,FOLIE (Avenue de la),43.9462,4.83429,Plein jour,En agglomération,Hors intersection,Normale,Deux véhicules - côté,4,2,2,0,1,1,1,0,1,50,2,2,1,0,0,1,,19.0,autre,deux_roues,1,2,1,1,3
202400018354,2024-01-29 10:52:00,2024,1,29,10,52,14,14366,10 Rue Fournet,49.14071,0.227253,Plein jour,En agglomération,Intersection en Y,Normale,Deux véhicules - côté,4,2,2,0,1,3,1,5,1,50,2,3,2,0,0,1,78.0,19.0,voiture,deux_roues,1,2,4,1,3
202400018354,2024-01-29 10:52:00,2024,1,29,10,52,14,14366,10 Rue Fournet,49.14071,0.227253,Plein jour,En agglomération,Intersection en Y,Normale,Deux véhicules - côté,4,2,2,0,1,2,1,5,1,50,2,3,2,0,0,1,78.0,19.0,voiture,deux_roues,1,2,4,1,3
202400018355,2024-09-08 19:50:00,2024,9,8,19,50,71,71297,D61,46.868715,4.274046,Crépuscule ou aube,Hors agglomération,Hors intersection,Normale,Autre collision,3,2,2,0,1,2,1,0,3,80,1,1,0,0,1,0,90.0,,voiture,,2,1,1,1,6
202400018356,2024-08-01 10:10:00,2024,8,1,10,10,77,77464,CLAYE  (RUE DE  ),48.89042,2.70606,Plein jour,En agglomération,Hors intersection,Normale,Sans collision,3,-1,2,0,1,1,1,0,1,50,1,1,0,0,0,1,90.0,,voiture,,1,2,1,1,7
202400018357,2024-01-27 03:30:00,2024,1,27,3,30,13,13026,RN 568 CLM,43.3922934,5.17970375,Nuit avec éclairage allumé,Hors agglomération,Hors intersection,Normale,Autre collision,3,2,2,0,1,1,1,0,1,80,1,1,0,1,0,0,37.0,,voiture,,5,1,1,1,6
202400018358,2024-09-05 14:00:00,2024,9,5,14,0,21,21294,D35,47.086546,5.016503,Plein jour,Hors agglomération,Hors intersection,Pluie forte,Deux véhicules - côté,3,2,2,0,1,1,2,0,1,80,2,2,1,0,1,0,34.0,36.0,voiture,utilitaire_camion,1,1,1,3,3
202400018359,2024-01-29 18:45:00,2024,1,29,18,45,13,13203,CHARLES NEDELEC (BOULEVARD),43.30262,5.37779,Nuit avec éclairage allumé,En agglomération,Hors intersection,Normale,Deux véhicules - arrière,4,2,4,0,3,1,1,0,1,50,2,2,1,0,0,1,,36.0,voiture,deux_roues,5,2,1,1,2
202400018360,2024-09-07 15:35:00,2024,9,7,15,35,67,67288,30 rue de Lembach,48.961835,7.867107,Plein jour,En agglomération,Hors intersection,Normale,Sans collision,4,2,2,0,1,1,1,0,3,50,1,1,0,1,0,0,7.0,,deux_roues,,1,2,1,1,7
202400018361,2024-01-29 18:40:00,2024,1,29,18,40,13,13206,ARMENY (RUE D'),43.29099,5.38006,Nuit avec éclairage allumé,En agglomération,Hors intersection,Normale,Deux véhicules - arrière,4,1,2,0,1,1,1,0,1,50,2,2,1,0,0,1,26.0,31.0,deux_roues,voiture,5,2,1,1,2
202400018362,2024-07-23 22:13:00,2024,7,23,22,13,73,73065,GAMBETTA LEON (BOULEVARD),45.57311221,5.91414937,Nuit avec éclairage allumé,En agglomération,Intersection en T,Normale,Deux véhicules - frontale,4,2,2,0,1,1,1,0,1,30,2,2,1,0,0,1,18.0,22.0,deux_roues,voiture,5,2,3,1,1
202400018362,2024-07-23 22:13:00,2024,7,23,22,13,73,73065,GAMBETTA LEON (BOULEVARD),45.57311221,5.91414937,Nuit avec éclairage allumé,En agglomération,Intersection en T,Normale,Deux véhicules - frontale,4,2,2,0,1,1,1,0,1,30,2,2,1,0,0,1,18.0,22.0,deux_roues,voiture,5,2,3,1,1
202400018363,2024-09-08 00:50:00,2024,9,8,0,50,67,67432,D244,48.972555,8.086753,Nuit sans éclairage public,Hors agglomération,Hors intersection,Normale,Deux véhicules - frontale,3,1,2,0,1,1,1,0,1,80,2,3,0,0,3,0,20.0,21.0,voiture,voiture,3,1,1,1,1
202400018364,2024-01-29 09:00:00,2024,1,29,9,0,13,13214,PLOMBIERES (BOULEVARD DES),43.31894897,5.37920361,Plein jour,En agglomération,Intersection en T,Normale,Deux véhicules - côté,4,2,2,0,1,1,1,0,1,50,2,2,1,0,0,1,53.0,,deux_roues,voiture,1,2,3,1,3
202400018364,2024-01-29 09:00:00,2024,1,29,9,0,13,13214,PLOMBIERES (BOULEVARD DES),43.31894897,5.37920361,Plein jour,En agglomération,Intersection en T,Normale,Deux véhicules - côté,4,2,2,0,1,1,1,0,1,50,2,2,1,0,0,1,53.0,,deux_roues,voiture,1,2,3,1,3
202400018365,2024-07-26 22:25:00,2024,7,26,22,25,73,73029,CHALLES (ROUTE DE),45.57051,5.94877,Nuit avec éclairage allumé,En agglomération,Intersection en T,Normale,Deux véhicules - frontale,3,2,3,1,1,1,1,0,1,50,2,2,1,0,0,1,36.0,47.0,voiture,deux_roues,5,2,3,1,1
202400018365,2024-07-26 22:25:00,2024,7,26,22,25,73,73029,CHALLES (ROUTE DE),45.57051,5.94877,Nuit avec éclairage allumé,En agglomération,Intersection en T,Normale,Deux véhicules - frontale,3,2,3,0,1,1,1,2,1,50,2,2,1,0,0,1,36.0,47.0,voiture,deux_roues,5,2,3,1,1
202400018366,2024-09-09 06:40:00,2024,9,9,6,40,55,55122,Rue d'Euville,48.756868,5.609894,Crépuscule ou aube,Hors agglomération,Hors intersection,Temps couvert,Deux véhicules - arrière,3,2,2,0,1,1,2,0,1,90,2,2,1,0,1,0,23.0,35.0,voiture,deux_roues,2,1,1,8,2
202400018367,2024-08-01 18:50:00,2024,8,1,18,50,73,73065,DUCRETET EUGENE (RUE),45.59321,5.89684,Plein jour,Hors agglomération,Hors intersection,Normale,Autre collision,4,1,1,0,1,3,1,0,1,50,1,2,1,0,0,1,42.0,,voiture,,1,1,1,1,6
202400018368,2024-09-08 11:00:00,2024,9,8,11,0,57,57160,Square de la Bisten,49.206457,6.69592,Plein jour,En agglomération,Hors intersection,Normale,Autre collision,4,2,2,3,1,1,1,6,6,-1,1,1,0,0,1,0,39.0,,deux_roues,,1,2,1,1,6
202400018369,2024-01-28 22:20:00,2024,1,28,22,20,10,10387,Rue Kleber,48.30334,4.08536,Nuit avec éclairage allumé,En agglomération,Intersection en X,Normale,Deux véhicules - côté,4,1,3,0,1,1,1,0,1,50,2,7,2,0,0,5,32.0,22.0,voiture,voiture,5,2,2,1,3
202400018369,2024-01-28 22:20:00,2024,1,28,22,20,10,10387,Rue Kleber,48.30334,4.08536,Nuit avec éclairage allumé,En agglomération,Intersection en X,Normale,Deux véhicules - côté,4,2,3,0,1,1,1,0,1,50,2,7,2,0,0,5,32.0,22.0,voiture,voiture,5,2,2,1,3
202400018370,2024-09-06 10:30:00,2024,9,6,10,30,63,63213,D1093,45.812359,3.240224,Plein jour,Hors agglomération,Giratoire,Normale,Sans collision,3,-1,1,0,1,1,1,0,1,80,1,2,1,0,1,0,72.0,,deux_roues,,1,1,6,1,7
202400018371,2024-08-01 11:40:00,2024,8,1,11,40,73,73065,DUCRETET EUGENE (RUE),45.59399092,5.89759308,Plein jour,Hors agglomération,Intersection en X,Normale,Deux véhicules - côté,4,1,2,0,1,1,1,5,1,50,2,3,0,0,0,3,39.0,41.0,voiture,voiture,1,1,2,1,3
202400018372,2024-01-28 04:20:00,2024,1,28,4,20,06,06104,Avenue de la Côte d'Azur,43.76227,7.462426,Nuit avec éclairage allumé,Hors agglomération,Hors intersection,Normale,Deux véhicules - côté,3,2,2,0,1,1,1,0,1,50,2,2,1,0,1,0,55.0,24.0,deux_roues,voiture,5,1,1,1,3
202400018373,2024-09-09 12:05:00,2024,9,9,12,5,38,38215,Route de Fourgeon,45.602539,4.975058,Plein jour,Hors agglomération,Hors intersection,Temps couvert,Deux véhicules - frontale,4,2,2,0,1,1,2,0,1,80,2,2,1,0,0,1,72.0,72.0,voiture,voiture,1,1,1,8,1
202400018374,2024-07-26 11:10:00,2024,7,26,11,10,73,73011,CHASSEURS ALPINS (AV.)C. VILLE VERS AV.J,45.66506,6.38988,Plein jour,En agglomération,Giratoire,Temps éblouissant,Deux véhicules - côté,3,2,2,0,1,2,1,5,1,50,2,2,1,0,1,0,60.0,66.0,deux_roues,voiture,1,2,6,7,3
202400018375,2024-01-29 10:45:00,2024,1,29,10,45,01,01053,JASSERON (AVENUE DE - N° PAIRS),46.2107,5.23951,Plein jour,En agglomération,Intersection en Y,Normale,Autre collision,4,2,0,0,2,4,1,0,1,50,1,2,1,0,0,1,73.0,,utilitaire_camion,,1,2,4,1,6
202400018375,2024-01-29 10:45:00,2024,1,29,10,45,01,01053,JASSERON (AVENUE DE - N° PAIRS),46.2107,5.23951,Plein jour,En agglomération,Intersection en Y,Normale,Autre collision,4,2,2,0,2,3,1,0,1,50,1,2,1,0,0,1,73.0,,utilitaire_camion,,1,2,4,1,6