accident_id,datetime,annee,mois,jour,heure,minute,departement,commune_insee,adresse,latitude,longitude,luminosite,agglomeration,intersection,meteo,collision,catr,circ,nbv,vosp,prof,plan,surf,infra,situ,vma,nb_vehicules,nb_usagers,nb_indemnes,nb_tues,nb_blesses_hosp,nb_blesses_legers,age_cond_1,age_cond_2,veh_type_cond_1,veh_type_cond_2,lum_code,agg_code,int_code,atm_code,col_code
202400018643,2024-05-28 16:35:00,2024,5,28,16,35,13,13059,D96,43.630643,5.512514,Plein jour,Hors agglomération,Hors intersection,Normale,Deux véhicules - arrière,3,3,2,0,2,1,1,0,1,80,2,2,1,0,0,1,33.0,47.0,deux_roues,voiture,1,1,1,1,2
202400018644,2024-05-28 11:55:00,2024,5,28,11,55,57,57654,D603,49.11599,6.363168,Plein jour,Hors agglomération,Hors intersection,Normale,Deux véhicules - côté,3,2,2,0,2,2,1,5,1,70,2,2,1,0,1,0,33.0,58.0,voiture,voiture,1,1,1,1,3
202400018645,2024-05-29 12:00:00,2024,5,29,12,0,42,42005,Rue des Bullieux,45.52874668,4.27190758,Plein jour,En agglomération,Hors intersection,Normale,Deux véhicules - côté,4,2,2,0,1,1,1,0,1,50,2,2,1,0,0,1,48.0,16.0,voiture,deux_roues,1,2,1,1,3
202400018646,2024-05-29 01:50:00,2024,5,29,1,50,22,22162,Rue Raymond Pellier,48.767363,-3.039844,Nuit sans éclairage public,En agglomération,Giratoire,Normale,Autre collision,3,-1,2,0,1,1,1,0,3,-1,1,1,0,0,1,0,87.0,,voiture,,3,2,6,1,6
202400018646,2024-05-29 01:50:00,2024,5,29,1,50,22,22162,Rue Raymond Pellier,48.767363,-3.039844,Nuit sans éclairage public,En agglomération,Giratoire,Normale,Autre collision,3,2,2,0,1,1,1,0,3,50,1,1,0,0,1,0,87.0,,voiture,,3,2,6,1,6
202400018647,2024-05-29 09:30:00,2024,5,29,9,30,76,76276,rue de la république,49.612809,1.545618,Plein jour,En agglomération,Intersection en X,Pluie légère,Autre collision,3,2,2,0,1,1,2,5,1,50,1,2,1,0,1,0,45.0,,utilitaire_camion,,1,2,2,2,6
202400018647,2024-05-29 09:30:00,2024,5,29,9,30,76,76276,rue de la république,49.612809,1.545618,Plein jour,En agglomération,Intersection en X,Pluie légère,Autre collision,3,2, -1,-1,1,1,2,5,1,-1,1,2,1,0,1,0,45.0,,utilitaire_camion,,1,2,2,2,6
202400018648,2024-05-27 22:12:00,2024,5,27,22,12,13,13216,A55-Sens Marseille vers Martigues,43.34756713,5.34483846,Nuit sans éclairage public,Hors agglomération,Hors intersection,Normale,Autre collision,1,1,3,0,1,1,1,0,1,90,3,3,1,0,0,2,74.0,61.0,voiture,voiture,3,1,1,1,6
202400018649,2024-05-23 18:00:00,2024,5,23,18,0,01,01275,A46N 25.180 A 25.680,45.80724,4.92122,Plein jour,Hors agglomération,Hors intersection,Normale,Trois véhicules et plus - collisions multiples,1,1,3,0,2,1,1,2,1,90,3,3,0,0,1,2,22.0,28.0,voiture,voiture,1,1,1,1,5
202400018650,2024-05-27 15:00:00,2024,5,27,15,0,54,54150,Autoroute A 31,48.79257868,6.11936331,Plein jour,Hors agglomération,Hors intersection,Normale,Autre collision,1,3,2,0,1,1,1,0,2,110,3,3,2,0,0,1,22.0,25.0,utilitaire_camion,autre,1,1,1,1,6
202400018651,2024-05-27 12:30:00,2024,5,27,12,30,33,33162,,44.876769,-0.632533,Plein jour,Hors agglomération,Hors intersection,Normale,Sans collision,1,1,1,0,1,1,1,3,1,90,2,4,2,0,0,2,23.0,30.0,utilitaire_camion,voiture,1,1,1,1,7
202400018652,2024-05-28 18:20:00,2024,5,28,18,20,95,95500,A15,49.03692211,2.0927061,Plein jour,Hors agglomération,Hors intersection,Normale,Trois véhicules et plus - en chaîne,1,3,4,0,1,1,2,0,1,90,3,4,3,0,0,1,39.0,23.0,voiture,voiture,1,1,1,1,4
202400018653,2024-05-28 07:40:00,2024,5,28,7,40,95,95277,D170,48.97345195,2.49067783,Plein jour,Hors agglomération,Hors intersection,Normale,Trois véhicules et plus - en chaîne,3,1,3,0,1,1,1,0,1,90,3,3,2,0,0,1,19.0,35.0,voiture,utilitaire_camion,1,1,1,1,4
202400018654,2024-05-27 17:40:00,2024,5,27,17,40,95,95351,N104,49.03028809,2.49648562,Plein jour,Hors agglomération,Hors intersection,Pluie forte,Deux véhicules - arrière,2,3,2,0,1,1,2,0,1,110,2,2,1,0,0,1,27.0,39.0,deux_roues,voiture,1,1,1,3,2
202400018655,2024-05-28 13:15:00,2024,5,28,13,15,94,94052,A86,48.84320967,2.49265332,Plein jour,Hors agglomération,Hors intersection,Pluie légère,Trois véhicules et plus - en chaîne,1,3,3,0,1,1,2,1,1,90,3,3,2,0,0,1,44.0,23.0,voiture,utilitaire_camion,1,1,1,2,4
202400018656,2024-02-22 15:20:00,2024,2,22,15,20,88,88383,rue des etats unis,48.016377,6.58298,Plein jour,En agglomération,Hors intersection,Pluie forte,Autre collision,4,2,2,0,2,3,2,9,4,50,1,1,0,0,0,1,50.0,,voiture,,1,2,1,3,6
202400018657,2024-02-24 18:35:00,2024,2,24,18,35,88,88383,Boulevard Thiers,48.01757,6.5923,Nuit avec éclairage allumé,En agglomération,Hors intersection,Normale,Deux véhicules - arrière,4,3,2,0,1,1,1,0,1,30,1,2,1,0,1,0,50.0,,utilitaire_camion,,5,2,1,1,2
202400018658,2024-01-11 13:45:00,2024,1,11,13,45,88,88131,route départementale 44 ,48.167746,6.655741,Plein jour,Hors agglomération,Intersection en T,Normale,Deux véhicules - côté,3,2,2,0,4,2,1,5,3,90,2,3,1,0,1,1,37.0,45.0,voiture,voiture,1,1,3,1,3
202400018658,2024-01-11 13:45:00,2024,1,11,13,45,88,88131,route départementale 44 ,48.167746,6.655741,Plein jour,Hors agglomération,Intersection en T,Normale,Deux véhicules - côté,3,2,2,0,1,1,1,5,1,90,2,3,1,0,1,1,37.0,45.0,voiture,voiture,1,1,3,1,3
202400018659,2024-02-24 21:15:00,2024,2,24,21,15,45,45093,A10 PR 84 + 350,48.02781233,1.8408267,Nuit sans éclairage public,Hors agglomération,Hors intersection,Temps couvert,Deux véhicules - côté,1,3,5,0,1,1,1,0,1,130,2,3,0,2,1,0,65.0,20.0,voiture,voiture,3,1,1,8,3
202400018660,2024-05-27 13:20:00,2024,5,27,13,20,987,98735,MISSION (QUARTIER),-17.54207979,-149.55620313,Plein jour,En agglomération,Autre intersection,Normale,Deux véhicules - arrière,4,2,2,0,1,1,1,0,1,30,2,4,3,0,0,1,57.0,27.0,utilitaire_camion,deux_roues,1,2,9,1,2
202400018661,2024-05-27 08:15:00,2024,5,27,8,15,974,97411,RUISSEAU BLANC (CHEMIN DU),-20.89468,55.41257,Plein jour,En agglomération,Hors intersection,Normale,Autre collision,4,2,2,0,2,1,1,0,1,30,1,2,1,0,0,1,22.0,,voiture,,1,2,1,1,6
202400018662,2024-05-27 06:00:00,2024,5,27,6,0,974,97407,BOUVET (AVENUE),-20.95293,55.29516,Nuit sans éclairage public,Hors agglomération,Autre intersection,Normale,Deux véhicules - côté,4,1,1,0,1,1,1,0,1,50,2,2,1,0,0,1,58.0,42.0,voiture,deux_roues,3,1,9,1,3
202400018663,2024-05-27 20:12:00,2024,5,27,20,12,69,69388,Avenue Jean Mermoz,45.73215,4.88294,Plein jour,En agglomération,Intersection en X,Normale,Deux véhicules - côté,2,2,4,2,1,1,1,0,1,50,2,2,1,0,0,1,53.0,43.0,voiture,voiture,1,2,2,1,3
202400018663,2024-05-27 20:12:00,2024,5,27,20,12,69,69388,Avenue Jean Mermoz,45.73215,4.88294,Plein jour,En agglomération,Intersection en X,Normale,Deux véhicules - côté,2,2,2,0,1,1,1,0,1,30,2,2,1,0,0,1,53.0,43.0,voiture,voiture,1,2,2,1,3
202400018664,2024-05-27 13:25:00,2024,5,27,13,25,91,91589,BD ARISTIDE BRIAND,48.683119,2.344454,Plein jour,En agglomération,Hors intersection,Temps couvert,Autre collision,3,2,2,0,1,1,2,0,1,50,1,2,1,0,0,1,79.0,,voiture,,1,2,1,8,6
202400018665,2024-05-26 20:46:00,2024,5,26,20,46,91,91286,SURCOUF (SQUARE),48.6553,2.3961,Plein jour,En agglomération,Hors intersection,Temps couvert,Autre collision,4,2,2,0,2,2,1,9,4,30,1,2,1,0,0,1,30.0,,deux_roues,,1,2,1,8,6
202400018666,2024-05-27 16:20:00,2024,5,27,16,20,91,91521,CHAMPS (AVENUE DES),48.65108,2.4208,Plein jour,En agglomération,Hors intersection,Normale,Autre collision,4,2,2,0,2,1,1,0,1,30,1,1,0,0,0,1,,,,,1,2,1,1,6
202400018667,2024-05-27 18:00:00,2024,5,27,18,0,84,84007,CHARLES DE GAULLE,43.9377,4.832,Plein jour,En agglomération,Hors intersection,Pluie légère,Trois véhicules et plus - en chaîne,3,3,4,0,2,1,2,0,1,50,3,5,3,0,0,2,34.0,58.0,voiture,utilitaire_camion,1,2,1,2,4
202400018668,2024-05-26 13:10:00,2024,5,26,13,10,78,78029,VICTOR HUGO (BOULEVARD),48.972492,1.843797,Plein jour,En agglomération,Intersection en X,Normale,Deux véhicules - côté,4,2,2,0,1,1,1,0,1,50,2,7,4,0,0,3,33.0,35.0,voiture,voiture,1,2,2,1,3
202400018668,2024-05-26 13:10:00,2024,5,26,13,10,78,78029,VICTOR HUGO (BOULEVARD),48.972492,1.843797,Plein jour,En agglomération,Intersection en X,Normale,Deux véhicules - côté,4,2,1,0,1,1,1,0,1,50,2,7,4,0,0,3,33.0,35.0,voiture,voiture,1,2,2,1,3
202400018669,2024-05-28 01:52:00,2024,5,28,1,52,77,77350,AV DU GENERAL LECLERC,48.7642,2.67248,Nuit avec éclairage allumé,En agglomération,Giratoire,Normale,Deux véhicules - frontale,4,1,2,0,1,2,1,5,1,50,2,4,1,0,0,3,22.0,29.0,voiture,voiture,5,2,6,1,1
202400018669,2024-05-28 01:52:00,2024,5,28,1,52,77,77350,AV DU GENERAL LECLERC,48.7642,2.67248,Nuit avec éclairage allumé,En agglomération,Giratoire,Normale,Deux véhicules - frontale,4,-1,2,0,1,1,1,5,1,50,2,4,1,0,0,3,22.0,29.0,voiture,voiture,5,2,6,1,1
202400018670,2024-05-24 19:15:00,2024,5,24,19,15,76,76552,ALBERT DUBOSC,49.507454,0.083579,Plein jour,En agglomération,Intersection en Y,Normale,Sans collision,4,2,2,0,1,2,1,0,1,50,1,1,0,0,0,1,64.0,,deux_roues,,1,2,4,1,7
202400018670,2024-05-24 19:15:00,2024,5,24,19,15,76,76552,ALBERT DUBOSC,49.507454,0.083579,Plein jour,En agglomération,Intersection en Y,Normale,Sans collision,4,2, -1,-1,1,2,1,0,1,-1,1,1,0,0,0,1,64.0,,deux_roues,,1,2,4,1,7
202400018671,2024-05-27 09:50:00,2024,5,27,9,50,76,76447,BELLE ETOILE (AV DE LA),49.533079,0.1873,Plein jour,En agglomération,Hors intersection,Normale,Deux véhicules - frontale,3,2,2,0,2,1,2,2,1,50,2,3,1,0,0,2,80.0,64.0,voiture,voiture,1,2,1,1,1
202400018672,2024-05-25 17:35:00,2024,5,25,17,35,76,76351,BOIS AU COQ (AVENUE),49.515931,0.120455,Plein jour,En agglomération,Intersection en T,Normale,Deux véhicules - arrière,4,3,8,1,1,1,1,4,1,50,2,2,1,0,0,1,45.0,59.0,voiture,voiture,1,2,3,1,2
202400018672,2024-05-25 17:35:00,2024,5,25,17,35,76,76351,BOIS AU COQ (AVENUE),49.515931,0.120455,Plein jour,En agglomération,Intersection en T,Normale,Deux véhicules - arrière,4,2,2,0,1,1,1,0,1,50,2,2,1,0,0,1,45.0,59.0,voiture,voiture,1,2,3,1,2
202400018673,2024-05-25 16:20:00,2024,5,25,16,20,76,76351,SEIZIEME PORT (AVENUE DU),49.48271,0.16213,Plein jour,En agglomération,Intersection en T,Normale,Deux véhicules - côté,4,2,3,0,1,1,1,0,1,50,2,2,1,0,0,1,34.0,35.0,deux_roues,voiture,1,2,3,1,3
202400018673,2024-05-25 16:20:00,2024,5,25,16,20,76,76351,SEIZIEME PORT (AVENUE DU),49.48271,0.16213,Plein jour,En agglomération,Intersection en T,Normale,Deux véhicules - côté,4,3,5,1,1,1,1,0,1,70,2,2,1,0,0,1,34.0,35.0,deux_roues,voiture,1,2,3,1,3
202400018674,2024-05-27 20:25:00,2024,5,27,20,25,65,65440,Avenue Aristide Briand,43.21856,0.05767,Plein jour,En agglomération,Intersection en T,Normale,Deux véhicules - frontale,3,4,2,0,1,1,1,0,1,50,2,2,1,0,0,1,39.0,50.0,deux_roues,voiture,1,2,3,1,1
202400018674,2024-05-27 20:25:00,2024,5,27,20,25,65,65440,Avenue Aristide Briand,43.21856,0.05767,Plein jour,En agglomération,Intersection en T,Normale,Deux véhicules - frontale,3,2,2,0,1,3,1,0,1,50,2,2,1,0,0,1,39.0,50.0,deux_roues,voiture,1,2,3,1,1
202400018675,2024-05-27 19:55:00,2024,5,27,19,55,64,64335,D945,43.35464,-0.44054,Crépuscule ou aube,Hors agglomération,Autre intersection,Normale,Deux véhicules - frontale,3,2,2,0,1,1,1,0,1,80,2,3,0,0,0,3,21.0,23.0,voiture,voiture,2,1,9,1,1
202400018676,2024-05-26 18:45:00,2024,5,26,18,45,64,64122,EDOUARD VII (AVENUE),43.48376,-1.55842,Plein jour,En agglomération,Hors intersection,Normale,Autre collision,4,2,2,0,2,1,1,0,1,50,1,2,1,0,0,1,74.0,,voiture,,1,2,1,1,6
202400018677,2024-05-26 05:00:00,2024,5,26,5,0,64,64024,ETCHECOPAR (ALLEE),43.46383,-1.52369,Nuit avec éclairage allumé,Hors agglomération,Hors intersection,Normale,Sans collision,4,2,2,0,1,1,1,0,1,50,1,1,0,0,0,1,20.0,,deux_roues,,5,1,1,1,7
202400018678,2024-05-27 16:30:00,2024,5,27,16,30,63,63113,BENNETT (RUE GORDON),45.7889583,3.08021128,Plein jour,En agglomération,Giratoire,Normale,Deux véhicules - frontale,7,1,2,0,1,2,1,0,1,50,2,2,1,0,0,1,37.0,68.0,voiture,deux_roues,1,2,6,1,1
202400018678,2024-05-27 16:30:00,2024,5,27,16,30,63,63113,BENNETT (RUE GORDON),45.7889583,3.08021128,Plein jour,En agglomération,Giratoire,Normale,Deux véhicules - frontale,7,2,2,0,1,3,1,0,1,30,2,2,1,0,0,1,37.0,68.0,voiture,deux_roues,1,2,6,1,1
202400018679,2024-05-27 14:35:00,2024,5,27,14,35,63,63113,JULIEN (AVENUE),45.77383,3.07558,Plein jour,En agglomération,Hors intersection,Temps couvert,Autre collision,4,1,2,0,1,2,1,0,1,30,1,2,1,0,0,1,55.0,,voiture,,1,2,1,8,6
202400018680,2024-05-27 07:35:00,2024,5,27,7,35,62,62041,Rue Désiré Delansorne,50.28948383,2.77497777,Plein jour,En agglomération,Intersection en X,Normale,Autre collision,4,1,1,0,1,2,1,0,8,30,1,2,1,0,0,1,54.0,,voiture,,1,2,2,1,6
202400018680,2024-05-27 07:35:00,2024,5,27,7,35,62,62041,Rue Désiré Delansorne,50.28948383,2.77497777,Plein jour,En agglomération,Intersection en X,Normale,Autre collision,4,1,1,0,1,2,1,0,1,30,1,2,1,0,0,1,54.0,,voiture,,1,2,2,1,6
202400018681,2024-05-27 11:40:00,2024,5,27,11,40,59,59350,Place des Buisses,50.63696,3.06993,Plein jour,En agglomération,Intersection en T,Normale,Trois véhicules et plus - en chaîne,4,2,0,3,1,1,1,5,1,50,3,6,5,0,0,1,32.0,24.0,voiture,voiture,1,2,3,1,4
202400018681,2024-05-27 11:40:00,2024,5,27,11,40,59,59350,Place des Buisses,50.63696,3.06993,Plein jour,En agglomération,Intersection en T,Normale,Trois véhicules et plus - en chaîne,4,3,1,3,1,1,1,0,1,50,3,6,5,0,0,1,32.0,24.0,voiture,voiture,1,2,3,1,4
202400018681,2024-05-27 11:40:00,2024,5,27,11,40,59,59350,Place des Buisses,50.63696,3.06993,Plein jour,En agglomération,Intersection en T,Normale,Trois véhicules et plus - en chaîne,4,2,1,3,1,1,1,5,1,30,3,6,5,0,0,1,32.0,24.0,voiture,voiture,1,2,3,1,4
202400018682,2024-05-27 09:30:00,2024,5,27,9,30,59,59343,BRIZON PIERRE RUE,50.59419,3.12364,Plein jour,Hors agglomération,Hors intersection,Normale,Deux véhicules - frontale,7,2,2,0,1,1,1,9,1,50,2,2,0,0,0,2,77.0,24.0,voiture,voiture,1,1,1,1,1
202400018683,2024-05-27 10:30:00,2024,5,27,10,30,58,58194,PETIT MOUESSE,46.98915,3.17099,Plein jour,En agglomération,Intersection en T,Normale,Deux véhicules - côté,4,2,2,0,1,1,1,0,1,30,2,2,0,0,0,2,54.0,86.0,voiture,voiture,1,2,3,1,3
202400018683,2024-05-27 10:30:00,2024,5,27,10,30,58,58194,PETIT MOUESSE,46.98915,3.17099,Plein jour,En agglomération,Intersection en T,Normale,Deux véhicules - côté,4,2,3,0,1,1,1,0,1,50,2,2,0,0,0,2,54.0,86.0,voiture,voiture,1,2,3,1,3
202400018684,2024-05-27 12:44:00,2024,5,27,12,44,54,54323,D618,49.5175378,5.74823678,Plein jour,Hors agglomération,Giratoire,Normale,Deux véhicules - arrière,3,4,2,0,2,2,1,0,1,50,2,2,1,0,0,1,58.0,19.0,deux_roues,voiture,1,1,6,1,2
202400018685,2024-05-26 09:45:00,2024,5,26,9,45,49,49007,PONTS DE CE,47.45796,-0.5443,Plein jour,En agglomération,Hors intersection,Normale,Deux véhicules - arrière,4,2,2,0,1,1,1,0,1,50,2,2,1,0,0,1,53.0,19.0,voiture,deux_roues,1,2,1,1,2
202400018686,2024-05-27 15:25:00,2024,5,27,15,25,47,47001,DENFERT ROCHEREAU (RUE),44.20289,0.62607,Plein jour,En agglomération,Hors intersection,Normale,Deux véhicules - côté,4,2,2,0,1,1,1,0,1,50,2,2,1,0,0,1,90.0,17.0,deux_roues,deux_roues,1,2,1,1,3
202400018687,2024-05-25 22:40:00,2024,5,25,22,40,46,46042,GAMBETTA (BOULEVARD LEON) N°IMPAIR,44.45127,1.44006,Nuit avec éclairage allumé,En agglomération,Hors intersection,Normale,Deux véhicules - frontale,3,2,2,0,3,1,1,0,1,30,2,2,1,0,1,0,20.0,35.0,deux_roues,voiture,5,2,1,1,1
202400018688,2024-05-27 21:35:00,2024,5,27,21,35,45,45075,D2152 PR 76 + 1206,47.89279948,1.84676985,Nuit avec éclairage allumé,En agglomération,Intersection en X,Normale,Deux véhicules - côté,3,2,2,0,1,1,1,0,1,50,2,4,1,0,0,3,75.0,34.0,voiture,voiture,5,2,2,1,3
202400018688,2024-05-27 21:35:00,2024,5,27,21,35,45,45075,D2152 PR 76 + 1206,47.89279948,1.84676985,Nuit avec éclairage allumé,En agglomération,Intersection en X,Normale,Deux véhicules - côté,3,1,4,0,1,1,1,5,1,50,2,4,1,0,0,3,75.0,34.0,voiture,voiture,5,2,2,1,3
202400018689,2024-05-27 13:50:00,2024,5,27,13,50,42,42095,Rue Dorian,45.39035,4.27946,Plein jour,En agglomération,Hors intersection,Normale,Deux véhicules - arrière,7,2,2,0,1,1,1,0,1,50,2,3,2,0,0,1,26.0,26.0,voiture,voiture,1,2,1,1,2
202400018690,2024-05-27 11:24:00,2024,5,27,11,24,41,41226,PARIS (ROUTE DE),47.80447,1.0713,Plein jour,Hors agglomération,Intersection en X,Normale,Deux véhicules - côté,2,-1,0,0,1,1,1,0,1,50,1,2,1,0,0,1,64.0,,utilitaire_camion,,1,1,2,1,3
202400018690,2024-05-27 11:24:00,2024,5,27,11,24,41,41226,PARIS (ROUTE DE),47.80447,1.0713,Plein jour,Hors agglomération,Intersection en X,Normale,Deux véhicules - côté,2,-1,0,0,1,1,1,0,1,50,1,2,1,0,0,1,64.0,,utilitaire_camion,,1,1,2,1,3
202400018691,2024-05-27 02:00:00,2024,5,27,2,0,35,35238,CHEVREL (ROGER),48.08917,-1.66835,Nuit avec éclairage allumé,En agglomération,Hors intersection,Normale,Autre collision,4,1,1,2,1,1,1,0,1,20,1,4,2,0,0,2,20.0,,voiture,,5,2,1,1,6
202400018692,2024-05-27 21:35:00,2024,5,27,21,35,34,34172,EINSTEIN (AVENUE ALBERT,43.61049,3.91479,Nuit avec éclairage allumé,En agglomération,Intersection en X,Normale,Deux véhicules - côté,7,2,4,0,1,1,1,0,1,50,2,2,1,0,1,0,34.0,19.0,voiture,deux_roues,5,2,2,1,3
202400018692,2024-05-27 21:35:00,2024,5,27,21,35,34,34172,EINSTEIN (AVENUE ALBERT,43.61049,3.91479,Nuit avec éclairage allumé,En agglomération,Intersection en X,Normale,Deux véhicules - côté,7,1,2,0,1,1,1,0,1,50,2,2,1,0,1,0,34.0,19.0,voiture,deux_roues,5,2,2,1,3
202400018693,2024-05-24 19:35:00,2024,5,24,19,35,34,34032,DOMAINE LA CREMADE (RD.37E),43.31199,3.21892,Plein jour,Hors agglomération,Hors intersection,Normale,Deux véhicules - frontale,3,2,2,0,1,4,1,0,1,90,2,6,0,0,0,6,36.0,30.0,voiture,voiture,1,1,1,1,1
202400018694,2024-05-27 08:28:00,2024,5,27,8,28,29,29232,Avenue des Oiseaux,47.991438,-4.125973,Plein jour,En agglomération,Hors intersection,Pluie légère,Deux véhicules - frontale,4,2,2,0,2,1,2,0,1,50,2,4,3,0,1,0,45.0,34.0,voiture,voiture,1,2,1,2,1
202400018695,2024-05-27 07:50:00,2024,5,27,7,50,28,28134,,48.74933,1.38587,Plein jour,En agglomération,Intersection en T,Normale,Deux véhicules - côté,3,2,2,0,1,1,1,0,1,50,2,2,1,0,0,1,26.0,63.0,utilitaire_camion,utilitaire_camion,1,2,3,1,3
202400018695,2024-05-27 07:50:00,2024,5,27,7,50,28,28134,,48.74933,1.38587,Plein jour,En agglomération,Intersection en T,Normale,Deux véhicules - côté,3,2, -1,-1,1,1,1,0,1,50,2,2,1,0,0,1,26.0,63.0,utilitaire_camion,utilitaire_camion,1,2,3,1,3
202400018696,2024-05-27 08:15:00,2024,5,27,8,15,25,25056,DOLE RUE DE (inf 82),47.23394,6.00671,Plein jour,En agglomération,Intersection en T,Normale,Deux véhicules - côté,4,2,3,2,1,1,1,5,1,50,2,2,1,0,0,1,46.0,83.0,deux_roues,voiture,1,2,3,1,3
202400018696,2024-05-27 08:15:00,2024,5,27,8,15,25,25056,DOLE RUE DE (inf 82),47.23394,6.00671,Plein jour,En agglomération,Intersection en T,Normale,Deux véhicules - côté,4,2,3,2,1,1,1,5,4,50,2,2,1,0,0,1,46.0,83.0,deux_roues,voiture,1,2,3,1,3
202400018697,2024-05-27 22:00:00,2024,5,27,22,0,22,22187,Martin Plage (rue de ),48.54911,-2.73329,Crépuscule ou aube,En agglomération,Autre intersection,Normale,Autre collision,4,2,2,0,1,1,1,0,4,50,1,4,2,0,1,1,54.0,,voiture,,2,2,9,1,6
202400018698,2024-05-23 17:54:00,2024,5,23,17,54,22,22106,VERNE (RUE JULES),48.49648,-2.72694,Plein jour,En agglomération,Hors intersection,Normale,Autre collision,4,2,4,0,1,1,1,0,1,30,1,2,1,0,0,1,,,voiture,,1,2,1,1,6
202400018699,2024-05-27 11:30:00,2024,5,27,11,30,22,22113,MARECHAL FOCH (QUAI DU),48.73137,-3.46452,Plein jour,En agglomération,Hors intersection,Normale,Autre collision,4,1,1,0,1,1,1,0,3,50,1,1,0,0,0,1,70.0,,voiture,,1,2,1,1,6
202400018700,2024-05-27 09:15:00,2024,5,27,9,15,14,14117,4 Avenue de la Dives,49.293167,-0.110542,Plein jour,En agglomération,Intersection en X,Normale,Deux véhicules - côté,4,1,1,0,1,1,1,0,1,50,2,4,3,0,0,1,39.0,42.0,voiture,utilitaire_camion,1,2,2,1,3
202400018700,2024-05-27 09:15:00,2024,5,27,9,15,14,14117,4 Avenue de la Dives,49.293167,-0.110542,Plein jour,En agglomération,Intersection en X,Normale,Deux véhicules - côté,4,1,1,0,1,1,1,0,1,50,2,4,3,0,0,1,39.0,42.0,voiture,utilitaire_camion,1,2,2,1,3
202400018701,2024-05-27 07:50:00,2024,5,27,7,50,13,13071,PLAN DE CAMPAGNE (AVE. DE ),43.41389,5.34517,Plein jour,Hors agglomération,Hors intersection,Normale,Deux véhicules - frontale,3,2,3,0,2,1,1,0,1,90,2,3,0,0,3,0,21.0,39.0,utilitaire_camion,voiture,1,1,1,1,1
202400018702,2024-05-26 21:30:00,2024,5,26,21,30,75,75116,BD PERIPHERIQUE EXTERIEUR,48.848871,2.252658,Crépuscule ou aube,En agglomération,Hors intersection,Normale,Deux véhicules - arrière,4,-1,4,0,1,2,1,0,1,70,2,2,1,0,0,1,26.0,29.0,deux_roues,voiture,2,2,1,1,2
202400018703,2024-10-11 10:23:00,2024,10,11,10,23,93,93070,DOCTEUR BAUER(RUE DU) :NÂ°  75 AU 129,48.90705065,2.34186983,Plein jour,En agglomération,Hors intersection,Normale,Autre collision,3,2,2,0,1,1,1,0,1,50,1,2,1,0,0,1,30.0,,voiture,,1,2,1,1,6
202400018704,2024-05-25 06:15:00,2024,5,25,6,15,75,75120,BD PERIPHERIQUE EXTERIEUR,48.860805,2.414057,Plein jour,En agglomération,Hors intersection,Normale,Deux véhicules - côté,4,1,4,0,1,1,1,0,1,70,2,2,1,0,0,1,29.0,25.0,voiture,voiture,1,2,1,1,3
202400018705,2024-07-30 08:30:00,2024,7,30,8,30,76,76351,RD 6382,49.52505,0.18132,Plein jour,Hors agglomération,Hors intersection,Normale,Deux véhicules - frontale,3,2,2,1,2,3,1,9,5,25,2,2,0,0,1,1,58.0,54.0,deux_roues,deux_roues,1,1,1,1,1
202400018706,2024-05-25 21:35:00,2024,5,25,21,35,75,75111,RUE POPINCOURT,48.86012,2.37557,Nuit sans éclairage public,En agglomération,Intersection en T,Normale,Autre collision,4,1, -1,-1,1,1,1,0,1,30,1,2,0,0,1,1,23.0,,deux_roues,,3,2,3,1,6
202400018706,2024-05-25 21:35:00,2024,5,25,21,35,75,75111,RUE POPINCOURT,48.86012,2.37557,Nuit sans éclairage public,En agglomération,Intersection en T,Normale,Autre collision,4,1,1,0,1,1,1,0,1,30,1,2,0,0,1,1,23.0,,deux_roues,,3,2,3,1,6
202400018707,2024-07-22 20:15:00,2024,7,22,20,15,76,76069,35 Route de Paris,49.37076702,1.12709475,Plein jour,En agglomération,Hors intersection,Normale,Autre collision,7,2,2,0,1,1,1,0,4,50,1,2,0,0,2,0,22.0,,voiture,,1,2,1,1,6
202400018708,2024-05-27 21:35:00,2024,5,27,21,35,75,75119,RUE PETIT,48.885321,2.385205,Nuit avec éclairage allumé,En agglomération,Intersection en Y,Normale,Deux véhicules - côté,4,1, -1,-1,1,1,1,9,4,30,2,2,1,0,0,1,23.0,47.0,deux_roues,deux_roues,5,2,4,1,3
202400018708,2024-05-27 21:35:00,2024,5,27,21,35,75,75119,RUE PETIT,48.885321,2.385205,Nuit avec éclairage allumé,En agglomération,Intersection en Y,Normale,Deux véhicules - côté,4,1,1,0,1,1,1,9,4,30,2,2,1,0,0,1,23.0,47.0,deux_roues,deux_roues,5,2,4,1,3
202400018709,2024-10-11 18:22:00,2024,10,11,18,22,17,17415,FLANDRES RUE DES,45.73315,-0.61448,Plein jour,En agglomération,Hors intersection,Normale,Autre collision,4,2,2,0,1,1,1,0,1,50,1,2,1,0,0,1,69.0,,voiture,,1,2,1,1,6
202400018710,2024-05-27 00:30:00,2024,5,27,0,30,75,75116,AVENUE DE L HIPPODROME,48.858558,2.244931,Nuit avec éclairage allumé,En agglomération,Intersection en X,Normale,Deux véhicules - côté,4,2,3,0,1,1,1,0,1,30,2,2,1,0,0,1,20.0,36.0,voiture,deux_roues,5,2,2,1,3
202400018710,2024-05-27 00:30:00,2024,5,27,0,30,75,75116,AVENUE DE L HIPPODROME,48.858558,2.244931,Nuit avec éclairage allumé,En agglomération,Intersection en X,Normale,Deux véhicules - côté,4,2,2,0,1,1,1,0,1,30,2,2,1,0,0,1,20.0,36.0,voiture,deux_roues,5,2,2,1,3