accident_id,datetime,annee,mois,jour,heure,minute,departement,commune_insee,adresse,latitude,longitude,luminosite,agglomeration,intersection,meteo,collision,catr,circ,nbv,vosp,prof,plan,surf,infra,situ,vma,nb_vehicules,nb_usagers,nb_indemnes,nb_tues,nb_blesses_hosp,nb_blesses_legers,age_cond_1,age_cond_2,veh_type_cond_1,veh_type_cond_2,lum_code,agg_code,int_code,atm_code,col_code
202400018711,2024-05-27 07:05:00,2024,5,27,7,5,75,75113,RUE JEAN COLLY,48.82799,2.369401,Plein jour,En agglomération,Intersection en X,Normale,Autre collision,4,1,1,0,1,1,1,0,1,30,1,2,1,0,0,1,,,deux_roues,,1,2,2,1,6
202400018711,2024-05-27 07:05:00,2024,5,27,7,5,75,75113,RUE JEAN COLLY,48.82799,2.369401,Plein jour,En agglomération,Intersection en X,Normale,Autre collision,4,1,1,0,1,1,1,0,1,30,1,2,1,0,0,1,,,deux_roues,,1,2,2,1,6
202400018712,2024-10-10 21:40:00,2024,10,10,21,40,92,92025,VALMY 1 A 53   2 A 66 (BD DE),48.9264,2.2531,Nuit avec éclairage allumé,En agglomération,Hors intersection,Normale,Deux véhicules - côté,3,2,3,1,1,1,1,0,1,50,2,2,1,0,0,1,29.0,,deux_roues,voiture,5,2,1,1,3
202400018713,2024-05-27 11:40:00,2024,5,27,11,40,75,75110,BOULEVARD DE LA VILLETTE,48.877033,2.37113,Plein jour,En agglomération,Hors intersection,Normale,Autre collision,4,1,2,1,1,1,1,0,1,50,1,2,1,0,0,1,31.0,,voiture,,1,2,1,1,6
202400018714,2024-08-12 07:13:00,2024,8,12,7,13,74,74008,SANGNIER (RUE MARC),46.1968,6.21984,Plein jour,En agglomération,Hors intersection,Normale,Autre collision,4,2,2,0,1,1,1,0,1,50,1,2,1,0,0,1,35.0,,voiture,,1,2,1,1,6
202400018715,2024-05-27 20:43:00,2024,5,27,20,43,75,75101,RUE SAINT DENIS,48.861878,2.34923,Crépuscule ou aube,En agglomération,Intersection en T,Normale,Autre collision,4,2, -1,-1,1,1,2,0,6,30,1,2,1,0,0,1,,,deux_roues,,2,2,3,1,6
202400018715,2024-05-27 20:43:00,2024,5,27,20,43,75,75101,RUE SAINT DENIS,48.861878,2.34923,Crépuscule ou aube,En agglomération,Intersection en T,Normale,Autre collision,4,-1, -1,3,1,1,2,6,6,30,1,2,1,0,0,1,,,deux_roues,,2,2,3,1,6
202400018716,2024-10-11 19:59:00,2024,10,11,19,59,987,98736,TUTERAI TANE (RUE)-PIRAE,-17.535596,-149.538053,Nuit avec éclairage allumé,En agglomération,Hors intersection,Normale,Deux véhicules - côté,4,2,1,0,1,1,1,9,1,30,2,2,1,0,0,1,26.0,50.0,deux_roues,transport_commun,5,2,1,1,3
202400018717,2024-05-26 17:00:00,2024,5,26,17,0,94,94028,Rue de Paris / Rue des Mèches,48.793625,2.460949,Plein jour,En agglomération,Giratoire,Normale,Deux véhicules - côté,3,2,4,0,1,1,1,5,1,50,2,2,1,0,0,1,20.0,45.0,voiture,voiture,1,2,6,1,3
202400018717,2024-05-26 17:00:00,2024,5,26,17,0,94,94028,Rue de Paris / Rue des Mèches,48.793625,2.460949,Plein jour,En agglomération,Giratoire,Normale,Deux véhicules - côté,3,3,4,0,1,1,1,5,1,50,2,2,1,0,0,1,20.0,45.0,voiture,voiture,1,2,6,1,3
202400018718,2024-10-12 12:35:00,2024,10,12,12,35,974,97416,LAMBRIQUET JOSEPH(RUE),-21.33079,55.48085,Plein jour,Hors agglomération,Hors intersection,Normale,Deux véhicules - côté,4,2,2,0,1,1,1,0,1,50,2,2,1,0,1,0,20.0,46.0,utilitaire_camion,deux_roues,1,1,1,1,3
202400018719,2024-05-25 22:00:00,2024,5,25,22,0,94,94028,Avenue du Maréchal Foch,48.78072,2.43776,Nuit avec éclairage allumé,En agglomération,Hors intersection,Normale,Trois véhicules et plus - en chaîne,2,3,6,0,1,1,1,0,1,50,3,3,2,0,0,1,22.0,43.0,voiture,voiture,5,2,1,1,4
202400018720,2024-05-27 04:40:00,2024,5,27,4,40,94,94019,Avenue de l’Hippodrome,48.792826,2.557123,Nuit sans éclairage public,En agglomération,Hors intersection,Temps couvert,Autre collision,3,3,2,0,1,1,1,0,1,50,1,1,0,0,0,1,65.0,,voiture,,3,2,1,8,6
202400018721,2024-10-12 10:55:00,2024,10,12,10,55,974,97416,BANK (BOULEVARD),-21.3314,55.47732,Plein jour,En agglomération,Hors intersection,Normale,Deux véhicules - arrière,4,3,4,0,1,1,1,0,1,50,2,2,1,0,0,1,52.0,38.0,deux_roues,voiture,1,2,1,1,2
202400018722,2024-05-27 08:21:00,2024,5,27,8,21,94,94018,Quai des Carrieres / Rue Victor Hugo,48.81844,2.41086,Plein jour,En agglomération,Giratoire,Normale,Deux véhicules - côté,3,2,2,1,1,1,1,-1,1,30,2,2,0,0,0,2,45.0,27.0,deux_roues,deux_roues,1,2,6,1,3
202400018722,2024-05-27 08:21:00,2024,5,27,8,21,94,94018,Quai des Carrieres / Rue Victor Hugo,48.81844,2.41086,Plein jour,En agglomération,Giratoire,Normale,Deux véhicules - côté,3,2,2,0,1,1,1,0,1,30,2,2,0,0,0,2,45.0,27.0,deux_roues,deux_roues,1,2,6,1,3
202400018723,2024-10-13 00:30:00,2024,10,13,0,30,974,97411,POINSETIAS (CHEMIN DES),-20.8998,55.416,Nuit sans éclairage public,Hors agglomération,Hors intersection,Normale,Autre collision,4,2,2,0,2,1,1,9,3,50,1,1,0,0,1,0,61.0,,autre,,3,1,1,1,6
202400018724,2024-05-27 17:25:00,2024,5,27,17,25,93,93055,Rue Denis Papin,48.902304,2.397699,Plein jour,En agglomération,Hors intersection,Normale,Trois véhicules et plus - en chaîne,4,1,1,2,1,1,2,0,1,50,3,5,2,0,0,3,34.0,50.0,utilitaire_camion,deux_roues,1,2,1,1,4
202400018725,2024-10-12 09:30:00,2024,10,12,9,30,974,97411,DOMENJOD (ROUTE DE),-20.91403,55.50721,Plein jour,Hors agglomération,Hors intersection,Normale,Autre collision,3,2,2,0,1,1,1,0,1,50,1,2,1,0,0,1,74.0,,deux_roues,,1,1,1,1,6
202400018726,2024-05-27 15:43:00,2024,5,27,15,43,93,93074,Rue de Meaux / Rue Ronsard,48.9358543,2.57567167,Plein jour,En agglomération,Intersection en T,Pluie forte,Deux véhicules - côté,3,2,2,2,1,1,2,0,1,50,2,2,1,0,0,1,47.0,81.0,deux_roues,voiture,1,2,3,3,3
202400018726,2024-05-27 15:43:00,2024,5,27,15,43,93,93074,Rue de Meaux / Rue Ronsard,48.9358543,2.57567167,Plein jour,En agglomération,Intersection en T,Pluie forte,Deux véhicules - côté,3,1,1,0,1,1,2,0,1,50,2,2,1,0,0,1,47.0,81.0,deux_roues,voiture,1,2,3,3,3
202400018727,2024-05-27 07:50:00,2024,5,27,7,50,93,93079,Avenue de la Division Leclerc,48.94952636,2.34228551,Plein jour,En agglomération,Autre intersection,Temps couvert,Deux véhicules - côté,3,2,2,0,1,1,2,0,1,50,2,2,1,0,0,1,43.0,34.0,deux_roues,voiture,1,2,9,8,3
202400018728,2024-10-11 21:40:00,2024,10,11,21,40,974,97411,LITTORAL (ROUTE 1 DU),-20.87806,55.4053,Nuit sans éclairage public,Hors agglomération,Hors intersection,Normale,Deux véhicules - arrière,2,3,6,3,1,1,1,0,3,90,2,2,1,0,0,1,20.0,20.0,voiture,voiture,3,1,1,1,2
202400018729,2024-05-25 21:00:00,2024,5,25,21,0,93,93014,Allée Albert Camus / Avenue Jean Moulin,48.90653663,2.55743911,Plein jour,En agglomération,Intersection en T,Normale,Deux véhicules - côté,4,2,#VALEURMULTI,0,1,1,1,0,1,30,2,3,0,0,0,3,49.0,20.0,voiture,deux_roues,1,2,3,1,3
202400018730,2024-10-11 16:25:00,2024,10,11,16,25,974,97407,CIMENDEF(RUE),-20.935429,55.306416,Plein jour,En agglomération,Intersection en T,Normale,Deux véhicules - côté,4,2,2,1,1,1,1,0,1,50,2,2,1,0,0,1,,15.0,autre,deux_roues,1,2,3,1,3
202400018730,2024-10-11 16:25:00,2024,10,11,16,25,974,97407,CIMENDEF(RUE),-20.935429,55.306416,Plein jour,En agglomération,Intersection en T,Normale,Deux véhicules - côté,4,2,2,0,1,1,1,0,1,50,2,2,1,0,0,1,,15.0,autre,deux_roues,1,2,3,1,3
202400018731,2024-05-27 20:00:00,2024,5,27,20,0,93,93005,Rue de Sevran / Route de Mitry,48.940238,2.502212,Plein jour,En agglomération,Intersection en X,Normale,Deux véhicules - côté,3,2,2,0,1,1,1,0,1,50,2,2,1,0,0,1,39.0,41.0,deux_roues,voiture,1,2,2,1,3
202400018731,2024-05-27 20:00:00,2024,5,27,20,0,93,93005,Rue de Sevran / Route de Mitry,48.940238,2.502212,Plein jour,En agglomération,Intersection en X,Normale,Deux véhicules - côté,3,2,3,0,1,1,1,0,1,50,2,2,1,0,0,1,39.0,41.0,deux_roues,voiture,1,2,2,1,3
202400018732,2024-05-27 11:55:00,2024,5,27,11,55,93,93001,Boulevard Anatole France,48.917659,2.382033,Plein jour,En agglomération,Hors intersection,Normale,Deux véhicules - côté,3,2,2,0,1,1,1,0,1,50,2,2,0,0,0,2,43.0,38.0,voiture,deux_roues,1,2,1,1,3
202400018733,2024-10-12 13:20:00,2024,10,12,13,20,973,97302,COLOMB (CHRISTOPHE),4.93874436,-52.32913944,Plein jour,En agglomération,Intersection en X,Normale,Deux véhicules - côté,4,1,1,0,1,1,1,0,1,50,2,2,1,0,0,1,26.0,51.0,deux_roues,voiture,1,2,2,1,3
202400018733,2024-10-12 13:20:00,2024,10,12,13,20,973,97302,COLOMB (CHRISTOPHE),4.93874436,-52.32913944,Plein jour,En agglomération,Intersection en X,Normale,Deux véhicules - côté,4,1,1,0,1,1,1,0,1,50,2,2,1,0,0,1,26.0,51.0,deux_roues,voiture,1,2,2,1,3
202400018734,2024-05-27 17:41:00,2024,5,27,17,41,92,92050,BOULE PLACE DE LA,48.88716956,2.19993263,Plein jour,En agglomération,Giratoire,Normale,Deux véhicules - frontale,3,1,2,1,1,3,1,0,1,30,2,2,1,0,0,1,17.0,,deux_roues,autre,1,2,6,1,1
202400018734,2024-05-27 17:41:00,2024,5,27,17,41,92,92050,BOULE PLACE DE LA,48.88716956,2.19993263,Plein jour,En agglomération,Giratoire,Normale,Deux véhicules - frontale,3,1,2,1,2,1,1,0,1,30,2,2,1,0,0,1,17.0,,deux_roues,autre,1,2,6,1,1
202400018735,2024-10-12 07:45:00,2024,10,12,7,45,973,97302,RABAN (ROUTE DE),4.91814,-52.31274,Plein jour,En agglomération,Hors intersection,Normale,Autre collision,4,2,2,0,1,1,1,6,1,50,1,2,1,0,0,1,63.0,,voiture,,1,2,1,1,6
202400018736,2024-05-24 17:27:00,2024,5,24,17,27,92,92048,GARDES (ROUTE DES) N° 5 A 51,48.81878969,2.24104571,Plein jour,En agglomération,Hors intersection,Normale,Autre collision,3,-1,0,0,2,1,1,0,1,50,1,1,0,0,0,1,37.0,,deux_roues,,1,2,1,1,6
202400018737,2024-10-12 07:45:00,2024,10,12,7,45,69,69387,Rue Croix-Barret,45.73687,4.84748,Crépuscule ou aube,En agglomération,Hors intersection,Normale,Autre collision,4,2,2,2,1,1,1,2,4,30,1,1,0,0,0,1,23.0,,voiture,,2,2,1,1,6
202400018738,2024-05-27 05:50:00,2024,5,27,5,50,92,92004,GALLIENI ( RUE ),48.90906082,2.28673629,Plein jour,En agglomération,Giratoire,Temps couvert,Deux véhicules - frontale,3,2,1,1,1,1,1,0,1,50,2,2,1,0,0,1,27.0,34.0,deux_roues,utilitaire_camion,1,2,6,8,1
202400018738,2024-05-27 05:50:00,2024,5,27,5,50,92,92004,GALLIENI ( RUE ),48.90906082,2.28673629,Plein jour,En agglomération,Giratoire,Temps couvert,Deux véhicules - frontale,3,4,1,0,1,1,1,0,1,50,2,2,1,0,0,1,27.0,34.0,deux_roues,utilitaire_camion,1,2,6,8,1
202400018739,2024-05-28 07:40:00,2024,5,28,7,40,34,34202,Avenue du General Grollier,43.585788,3.771417,Plein jour,En agglomération,Hors intersection,Normale,Deux véhicules - frontale,7,2,2,0,1,1,1,0,1,50,2,2,1,0,1,0,44.0,17.0,voiture,deux_roues,1,2,1,1,1
202400018740,2024-10-11 17:50:00,2024,10,11,17,50,972,97209,AVE CAMILLE DARSIERES,14.60153,-61.05711,Crépuscule ou aube,En agglomération,Hors intersection,Normale,Autre collision,2,2,2,0,1,2,1,0,3,50,1,1,0,1,0,0,28.0,,deux_roues,,2,2,1,1,6
202400018741,2024-05-28 18:45:00,2024,5,28,18,45,60,60369,D13,49.347801,2.699804,Plein jour,Hors agglomération,Hors intersection,Normale,Autre collision,3,2,2,0,1,1,1,1,3,80,1,1,0,1,0,0,56.0,,voiture,,1,1,1,1,6
202400018742,2024-05-27 14:00:00,2024,5,27,14,0,09,09289,RD117,43.014546,1.110108,Plein jour,En agglomération,Autre intersection,Temps couvert,Deux véhicules - frontale,3,2,2,0,1,1,2,0,1,50,2,2,1,0,0,1,19.0,42.0,deux_roues,voiture,1,2,9,8,1
202400018743,2024-10-12 20:41:00,2024,10,12,20,41,2B,2B033,FAVALE - COURS,42.69393,9.45025,Nuit sans éclairage public,En agglomération,Intersection en Y,Normale,Deux véhicules - frontale,9,2,2,0,3,1,1,0,1,30,3,3,2,0,0,1,46.0,25.0,voiture,voiture,3,2,4,1,1
202400018743,2024-10-12 20:41:00,2024,10,12,20,41,2B,2B033,FAVALE - COURS,42.69393,9.45025,Nuit sans éclairage public,En agglomération,Intersection en Y,Normale,Deux véhicules - frontale,9,2,2,0,1,2,1,0,1,30,3,3,2,0,0,1,46.0,25.0,voiture,voiture,3,2,4,1,1
202400018744,2024-05-28 15:20:00,2024,5,28,15,20,60,60296,D930,49.517742,1.821671,Plein jour,Hors agglomération,Hors intersection,Pluie légère,Deux véhicules - côté,3,2,2,0,2,2,8,0,1,80,2,3,2,0,0,1,53.0,62.0,utilitaire_camion,voiture,1,1,1,2,3
202400018745,2024-05-28 00:40:00,2024,5,28,0,40,66,66217,,42.60677,2.852669,Nuit sans éclairage public,Hors agglomération,Hors intersection,Normale,Deux véhicules - arrière,1,3,3,0,1,1,1,0,1,130,2,3,1,0,0,2,44.0,42.0,voiture,utilitaire_camion,3,1,1,1,2
202400018746,2024-05-27 16:50:00,2024,5,27,16,50,62,62621,Rue des Clittes,50.876154,2.006561,Plein jour,En agglomération,Hors intersection,Normale,Autre collision,4,2,2,0,1,1,1,2,3,50,1,1,0,0,1,0,50.0,,voiture,,1,2,1,1,6
202400018747,2024-10-12 12:00:00,2024,10,12,12,0,971,97113,MONTAUBAN (SECTEUR),16.21621,-61.50363,Plein jour,En agglomération,Hors intersection,Normale,Deux véhicules - côté,3,2,2,0,1,1,1,0,1,50,2,5,4,0,0,1,37.0,22.0,voiture,deux_roues,1,2,1,1,3
202400018748,2024-05-28 19:00:00,2024,5,28,19,0,67,67534,Rue des Vergers,48.749357,7.507541,Plein jour,En agglomération,Intersection en T,Normale,Deux véhicules - frontale,4,2,2,0,2,1,1,0,1,50,2,2,1,0,0,1,5.0,39.0,deux_roues,voiture,1,2,3,1,1
202400018748,2024-05-28 19:00:00,2024,5,28,19,0,67,67534,Rue des Vergers,48.749357,7.507541,Plein jour,En agglomération,Intersection en T,Normale,Deux véhicules - frontale,4,2, -1,-1,1,1,1,0,1,-1,2,2,1,0,0,1,5.0,39.0,deux_roues,voiture,1,2,3,1,1
202400018749,2024-10-11 13:00:00,2024,10,11,13,0,971,97105,GOUVERNEUR DU LYON (AVE),16.00245,-61.73819,Plein jour,En agglomération,Hors intersection,Normale,Autre collision,2,2,2,0,1,1,1,9,1,50,1,2,1,0,1,0,64.0,,voiture,,1,2,1,1,6
202400018750,2024-05-25 13:30:00,2024,5,25,13,30,54,54011,D29,49.5145194,5.58979869,Plein jour,Hors agglomération,Hors intersection,Normale,Deux véhicules - côté,3,2,2,0,2,4,1,0,1,80,2,2,1,0,1,0,48.0,21.0,voiture,voiture,1,1,1,1,3
202400018751,2024-05-26 10:45:00,2024,5,26,10,45,14,14061,Les Bessardières (Campeaux),48.958193,-0.903636,Plein jour,Hors agglomération,Hors intersection,Normale,Sans collision,9,-1,2,0,2,4,9,0,8,30,1,1,0,0,1,0,53.0,,deux_roues,,1,1,1,1,7
202400018752,2024-10-12 22:00:00,2024,10,12,22,0,2A,2A004,#5 Cours Napoléon#,41.920466,8.737058,Nuit avec éclairage allumé,En agglomération,Intersection en T,Normale,Deux véhicules - côté,2,2,2,0,1,1,1,0,1,50,2,2,1,0,0,1,20.0,60.0,voiture,deux_roues,5,2,3,1,3
202400018752,2024-10-12 22:00:00,2024,10,12,22,0,2A,2A004,#5 Cours Napoléon#,41.920466,8.737058,Nuit avec éclairage allumé,En agglomération,Intersection en T,Normale,Deux véhicules - côté,2,1,1,0,1,1,1,0,1,50,2,2,1,0,0,1,20.0,60.0,voiture,deux_roues,5,2,3,1,3
202400018753,2024-05-27 17:10:00,2024,5,27,17,10,34,34036,A75 pk 280+373,43.689869,3.352064,Plein jour,Hors agglomération,Hors intersection,Normale,Autre collision,1,1,2,0,1,1,1,0,8,110,1,1,0,0,1,0,61.0,,voiture,,1,1,1,1,6
202400018754,2024-10-12 23:16:00,2024,10,12,23,16,91,91161,AV MAZARIN,48.70506,2.3154,Nuit avec éclairage allumé,En agglomération,Hors intersection,Normale,Deux véhicules - arrière,4,1,3,0,1,1,1,0,1,50,2,2,1,0,1,0,34.0,22.0,utilitaire_camion,deux_roues,5,2,1,1,2
202400018755,2024-05-26 03:45:00,2024,5,26,3,45,51,51612,D38,48.95522431,3.99611319,Nuit sans éclairage public,Hors agglomération,Intersection en Y,Normale,Autre collision,3,2,2,0,1,1,1,0,1,80,1,3,1,0,0,2,21.0,,voiture,,3,1,4,1,6
202400018755,2024-05-26 03:45:00,2024,5,26,3,45,51,51612,D38,48.95522431,3.99611319,Nuit sans éclairage public,Hors agglomération,Intersection en Y,Normale,Autre collision,3,2,2,0,1,3,1,0,8,80,1,3,1,0,0,2,21.0,,voiture,,3,1,4,1,6
202400018756,2024-05-27 16:33:00,2024,5,27,16,33,59,59037,D97,50.182922,3.364696,Plein jour,Hors agglomération,Hors intersection,Pluie forte,Sans collision,3,2,1,0,1,1,2,0,8,80,1,2,0,0,1,1,58.0,,voiture,,1,1,1,3,7
202400018757,2024-05-27 19:35:00,2024,5,27,19,35,65,65284,"43.184572 , 0.013735",43.184057,0.013486,Crépuscule ou aube,En agglomération,Autre intersection,Pluie légère,Autre collision,2,1,1,0,2,3,2,3,1,70,1,1,0,0,1,0,69.0,,voiture,,2,2,9,2,6
202400018757,2024-05-27 19:35:00,2024,5,27,19,35,65,65284,"43.184572 , 0.013735",43.184057,0.013486,Crépuscule ou aube,En agglomération,Autre intersection,Pluie légère,Autre collision,2,1, -1,-1,2,1,2,3,1,70,1,1,0,0,1,0,69.0,,voiture,,2,2,9,2,6
202400018758,2024-10-11 16:00:00,2024,10,11,16,0,91,91345,RUE DU DOCTEUR ROUX,48.6902,2.29672,Plein jour,En agglomération,Hors intersection,Normale,Autre collision,4,2,2,0,4,1,1,0,1,30,1,3,2,0,0,1,21.0,,voiture,,1,2,1,1,6
202400018759,2024-05-28 18:00:00,2024,5,28,18,0,69,69248,Route Départementale 308,46.01808933,4.3148394,Plein jour,Hors agglomération,Intersection en T,Normale,Deux véhicules - côté,3,2,2,0,2,1,1,5,1,80,2,3,0,0,1,2,62.0,35.0,deux_roues,voiture,1,1,3,1,3
202400018759,2024-05-28 18:00:00,2024,5,28,18,0,69,69248,Route Départementale 308,46.01808933,4.3148394,Plein jour,Hors agglomération,Intersection en T,Normale,Deux véhicules - côté,3,2,2,0,1,2,1,0,1,-1,2,3,0,0,1,2,62.0,35.0,deux_roues,voiture,1,1,3,1,3
202400018760,2024-10-12 20:20:00,2024,10,12,20,20,91,91479,AV DE VERDUN,48.70575,2.36626,Nuit avec éclairage allumé,En agglomération,Intersection en T,Normale,Deux véhicules - côté,3,2,2,1,1,1,1,0,1,50,2,2,1,0,1,0,28.0,52.0,deux_roues,voiture,5,2,3,1,3
202400018760,2024-10-12 20:20:00,2024,10,12,20,20,91,91479,AV DE VERDUN,48.70575,2.36626,Nuit avec éclairage allumé,En agglomération,Intersection en T,Normale,Deux véhicules - côté,3,1, -1,-1,1,1,1,0,1,-1,2,2,1,0,1,0,28.0,52.0,deux_roues,voiture,5,2,3,1,3
202400018761,2024-05-28 16:00:00,2024,5,28,16,0,71,71254,D118,46.916741,5.248868,Plein jour,Hors agglomération,Intersection en X,Normale,Deux véhicules - côté,3,2,2,0,1,1,1,5,1,80,2,2,0,0,0,2,79.0,43.0,utilitaire_camion,utilitaire_camion,1,1,2,1,3
202400018761,2024-05-28 16:00:00,2024,5,28,16,0,71,71254,D118,46.916741,5.248868,Plein jour,Hors agglomération,Intersection en X,Normale,Deux véhicules - côté,3,2,2,0,1,1,1,0,1,80,2,2,0,0,0,2,79.0,43.0,utilitaire_camion,utilitaire_camion,1,1,2,1,3
202400018762,2024-05-27 15:00:00,2024,5,27,15,0,12,12294,La Franquèse,44.238358,2.880821,Plein jour,Hors agglomération,Hors intersection,Pluie légère,Autre collision,3,2,2,0,1,1,2,0,3,90,1,1,0,0,1,0,71.0,,voiture,,1,1,1,2,6
202400018763,2024-10-12 05:00:00,2024,10,12,5,0,88,88160,BESONFOSSE (RUE DE),48.14626,6.46087,Nuit avec éclairage allumé,En agglomération,Hors intersection,Normale,Deux véhicules - frontale,4,2,2,0,2,2,1,0,1,50,1,2,0,0,2,0,17.0,,voiture,,5,2,1,1,1
202400018764,2024-05-28 16:55:00,2024,5,28,16,55,41,41161,45 Rue Saint-Marc,47.543117,2.033792,Plein jour,En agglomération,Hors intersection,Normale,Deux véhicules - arrière,3,2,2,0,1,1,1,9,1,50,2,3,2,0,1,0,18.0,58.0,deux_roues,voiture,1,2,1,1,2
202400018765,2024-05-28 18:00:00,2024,5,28,18,0,86,86009,Lieu dit le chateau d'eau,46.678121,0.669669,Plein jour,Hors agglomération,Hors intersection,Normale,Deux véhicules - frontale,3,2,2,0,1,2,1,0,1,80,2,3,2,0,1,0,33.0,70.0,voiture,voiture,1,1,1,1,1
202400018766,2024-05-28 01:00:00,2024,5,28,1,0,86,86097,Rue Saint Hilaire,46.321939,0.394086,Nuit avec éclairage non allumé,En agglomération,Intersection en T,Normale,Autre collision,3,2,2,0,4,3,1,2,1,50,1,1,0,1,0,0,50.0,,voiture,,4,2,3,1,6
202400018766,2024-05-28 01:00:00,2024,5,28,1,0,86,86097,Rue Saint Hilaire,46.321939,0.394086,Nuit avec éclairage non allumé,En agglomération,Intersection en T,Normale,Autre collision,3,2,2,0,1,1,1,5,1,50,1,1,0,1,0,0,50.0,,voiture,,4,2,3,1,6
202400018767,2024-10-11 23:35:00,2024,10,11,23,35,84,84007,LUCIE AUBRAC (RUE),43.92041,4.8896,Nuit avec éclairage allumé,Hors agglomération,Intersection en T,Pluie légère,Deux véhicules - côté,4,2,2,0,1,1,2,0,1,50,2,2,1,0,0,1,60.0,23.0,voiture,deux_roues,5,1,3,2,3
202400018767,2024-10-11 23:35:00,2024,10,11,23,35,84,84007,LUCIE AUBRAC (RUE),43.92041,4.8896,Nuit avec éclairage allumé,Hors agglomération,Intersection en T,Pluie légère,Deux véhicules - côté,4,2,2,0,1,1,2,0,1,50,2,2,1,0,0,1,60.0,23.0,voiture,deux_roues,5,1,3,2,3
202400018768,2024-05-28 16:00:00,2024,5,28,16,0,34,34079,"D156e4 - Lieu dit "" les bories""",43.640563,3.412457,Plein jour,Hors agglomération,Intersection en Y,Normale,Deux véhicules - arrière,3,2,2,0,2,1,1,0,1,50,2,2,1,0,1,0,27.0,66.0,voiture,deux_roues,1,1,4,1,2
202400018768,2024-05-28 16:00:00,2024,5,28,16,0,34,34079,"D156e4 - Lieu dit "" les bories""",43.640563,3.412457,Plein jour,Hors agglomération,Intersection en Y,Normale,Deux véhicules - arrière,3,2, -1,-1,1,1,1,0,1,-1,2,2,1,0,1,0,27.0,66.0,voiture,deux_roues,1,1,4,1,2
202400018769,2024-05-26 10:04:00,2024,5,26,10,4,39,39285,,47.145977,5.64164,Plein jour,Hors agglomération,Hors intersection,Normale,Sans collision,4,2,2,1,1,1,1,0,3,30,1,1,0,1,0,0,65.0,,deux_roues,,1,1,1,1,7
202400018770,2024-10-12 18:50:00,2024,10,12,18,50,83,83137,JANVIER (RUE),43.13424,5.91349,Nuit avec éclairage allumé,En agglomération,Intersection en T,Pluie légère,Autre collision,4,1,1,0,1,1,2,0,4,50,1,4,1,0,0,3,18.0,,voiture,,5,2,3,2,6
202400018770,2024-10-12 18:50:00,2024,10,12,18,50,83,83137,JANVIER (RUE),43.13424,5.91349,Nuit avec éclairage allumé,En agglomération,Intersection en T,Pluie légère,Autre collision,4,1,1,0,2,1,2,0,4,50,1,4,1,0,0,3,18.0,,voiture,,5,2,3,2,6
202400018771,2024-05-10 09:45:00,2024,5,10,9,45,31,31377,RD25,43.429237,1.723824,Plein jour,Hors agglomération,Hors intersection,Normale,Deux véhicules - côté,3,2,2,0,1,1,1,0,1,80,2,2,1,0,0,1,87.0,36.0,utilitaire_camion,utilitaire_camion,1,1,1,1,3
202400018772,2024-10-12 15:30:00,2024,10,12,15,30,83,83137,REVEL (RUE),43.12612,5.92881,Plein jour,En agglomération,Autre intersection,Normale,Autre collision,4,1,1,0,1,1,1,0,1,30,1,4,3,0,1,0,89.0,,voiture,,1,2,9,1,6
202400018772,2024-10-12 15:30:00,2024,10,12,15,30,83,83137,REVEL (RUE),43.12612,5.92881,Plein jour,En agglomération,Autre intersection,Normale,Autre collision,4,2,2,0,1,1,1,0,1,30,1,4,3,0,1,0,89.0,,voiture,,1,2,9,1,6
202400018773,2024-05-28 09:05:00,2024,5,28,9,5,31,31107,20 Route de Lafitte,43.296257,1.206785,Plein jour,En agglomération,Hors intersection,Normale,Deux véhicules - frontale,3,2,2,0,1,1,1,0,1,50,2,2,1,0,0,1,92.0,27.0,voiture,utilitaire_camion,1,2,1,1,1
202400018774,2024-05-28 13:45:00,2024,5,28,13,45,01,01024,Route de Montrevel,46.293597,5.155656,Plein jour,Hors agglomération,Intersection en T,Temps éblouissant,Deux véhicules - côté,3,2,2,0,1,1,1,0,1,70,2,2,0,1,1,0,50.0,30.0,voiture,deux_roues,1,1,3,7,3
202400018774,2024-05-28 13:45:00,2024,5,28,13,45,01,01024,Route de Montrevel,46.293597,5.155656,Plein jour,Hors agglomération,Intersection en T,Temps éblouissant,Deux véhicules - côté,3,2,2,0,1,1,1,0,1,50,2,2,0,1,1,0,50.0,30.0,voiture,deux_roues,1,1,3,7,3
202400018775,2024-05-27 19:10:00,2024,5,27,19,10,90,90088,Av du General Charles de Gaulle,47.731005,6.845864,Plein jour,En agglomération,Intersection en T,Normale,Deux véhicules - côté,3,2,2,0,1,1,1,0,1,30,2,2,1,0,1,0,41.0,11.0,utilitaire_camion,deux_roues,1,2,3,1,3
202400018775,2024-05-27 19:10:00,2024,5,27,19,10,90,90088,Av du General Charles de Gaulle,47.731005,6.845864,Plein jour,En agglomération,Intersection en T,Normale,Deux véhicules - côté,3,2,2,0,1,1,1,0,1,-1,2,2,1,0,1,0,41.0,11.0,utilitaire_camion,deux_roues,1,2,3,1,3
202400018776,2024-10-11 22:45:00,2024,10,11,22,45,77,77307,D934,48.87803725,2.74691843,Nuit avec éclairage allumé,En agglomération,Autre intersection,Normale,Sans collision,3,2,2,0,2,1,1,0,1,50,1,1,0,0,1,0,33.0,,deux_roues,,5,2,9,1,7