accident_id,datetime,annee,mois,jour,heure,minute,departement,commune_insee,adresse,latitude,longitude,luminosite,agglomeration,intersection,meteo,collision,catr,circ,nbv,vosp,prof,plan,surf,infra,situ,vma,nb_vehicules,nb_usagers,nb_indemnes,nb_tues,nb_blesses_hosp,nb_blesses_legers,age_cond_1,age_cond_2,veh_type_cond_1,veh_type_cond_2,lum_code,agg_code,int_code,atm_code,col_code
202400018777,2024-05-27 18:21:00,2024,5,27,18,21,60,60030,D927,49.347945,2.096812,Plein jour,Hors agglomération,Hors intersection,Pluie légère,Deux véhicules - côté,3,2,2,0,1,1,2,0,1,80,2,2,1,0,1,0,54.0,,deux_roues,voiture,1,1,1,2,3
202400018778,2024-10-11 17:40:00,2024,10,11,17,40,72,72181,LECLERC GENERAL (AV) PAIRS DE 2 A 68,47.9993,0.1958,Plein jour,En agglomération,Intersection en T,Normale,Deux véhicules - côté,4,-1,1,3,1,1,1,0,6,30,2,3,0,0,0,3,15.0,42.0,deux_roues,utilitaire_camion,1,2,3,1,3
202400018778,2024-10-11 17:40:00,2024,10,11,17,40,72,72181,LECLERC GENERAL (AV) PAIRS DE 2 A 68,47.9993,0.1958,Plein jour,En agglomération,Intersection en T,Normale,Deux véhicules - côté,4,-1,1,0,1,1,1,0,6,30,2,3,0,0,0,3,15.0,42.0,deux_roues,utilitaire_camion,1,2,3,1,3
202400018779,2024-10-13 23:43:00,2024,10,13,23,43,71,71270,LAMARTINE (QUAI),46.3029,4.83294,Nuit avec éclairage allumé,En agglomération,Hors intersection,Pluie légère,Autre collision,3,3,4,0,1,1,2,9,1,30,1,2,1,0,1,0,47.0,,voiture,,5,2,1,2,6
202400018780,2024-05-28 10:30:00,2024,5,28,10,30,45,45307,D146 PR 2 + 600,48.09378,2.90545,Plein jour,Hors agglomération,Hors intersection,Normale,Trois véhicules et plus - collisions multiples,3,2,2,0,1,2,1,0,1,80,4,4,0,1,2,1,54.0,28.0,deux_roues,voiture,1,1,1,1,5
202400018781,2024-10-11 16:45:00,2024,10,11,16,45,71,71270,HERITAN (RUE DE L'),46.309,4.82888,Plein jour,En agglomération,Intersection en T,Normale,Deux véhicules - frontale,3,3,2,0,1,1,1,5,1,30,2,3,2,0,0,1,34.0,15.0,voiture,deux_roues,1,2,3,1,1
202400018781,2024-10-11 16:45:00,2024,10,11,16,45,71,71270,HERITAN (RUE DE L'),46.309,4.82888,Plein jour,En agglomération,Intersection en T,Normale,Deux véhicules - frontale,3,-1, -1,-1,1,1,1,0,1,-1,2,3,2,0,0,1,34.0,15.0,voiture,deux_roues,1,2,3,1,1
202400018781,2024-10-11 16:45:00,2024,10,11,16,45,71,71270,HERITAN (RUE DE L'),46.309,4.82888,Plein jour,En agglomération,Intersection en T,Normale,Deux véhicules - frontale,3,2,2,-1,2,1,1,5,1,-1,2,3,2,0,0,1,34.0,15.0,voiture,deux_roues,1,2,3,1,1
202400018782,2024-05-27 14:30:00,2024,5,27,14,30,64,64495,D4,43.306248,-1.523194,Plein jour,Hors agglomération,Hors intersection,Pluie légère,Deux véhicules - frontale,3,2,2,0,1,3,2,0,1,80,2,4,1,0,3,0,24.0,58.0,voiture,voiture,1,1,1,2,1
202400018783,2024-10-11 13:50:00,2024,10,11,13,50,71,71270,NEUF CLES (BOULEVARD DES),46.30872,4.82033,Plein jour,En agglomération,Giratoire,Normale,Autre collision,4,-1,1,0,1,1,1,5,1,50,1,2,1,0,1,0,33.0,,voiture,,1,2,6,1,6
202400018783,2024-10-11 13:50:00,2024,10,11,13,50,71,71270,NEUF CLES (BOULEVARD DES),46.30872,4.82033,Plein jour,En agglomération,Giratoire,Normale,Autre collision,4,2,3,0,1,1,1,-1,1,50,1,2,1,0,1,0,33.0,,voiture,,1,2,6,1,6
202400018784,2024-05-28 04:50:00,2024,5,28,4,50,18,18054,5 Route de Nerondes,46.89818,2.747999,Nuit sans éclairage public,En agglomération,Hors intersection,Normale,Sans collision,3,2,2,0,1,2,1,0,4,50,1,1,0,1,0,0,28.0,,voiture,,3,2,1,1,7
202400018785,2024-05-27 17:00:00,2024,5,27,17,0,18,18080,,46.934895,2.832043,Plein jour,Hors agglomération,Hors intersection,Normale,Sans collision,3,2,2,0,1,1,1,0,8,80,1,1,0,0,1,0,46.0,,voiture,,1,1,1,1,7
202400018786,2024-10-13 01:23:00,2024,10,13,1,23,64,64102,AQUITAINE (AVENUE DE L'),43.48639,-1.46698,Nuit avec éclairage allumé,En agglomération,Hors intersection,Normale,Deux véhicules - arrière,3,2,3,0,3,2,1,0,1,50,2,5,1,0,0,4,19.0,25.0,voiture,voiture,5,2,1,1,2
202400018787,2024-05-28 12:20:00,2024,5,28,12,20,36,36181,,46.843555,2.023271,Plein jour,Hors agglomération,Hors intersection,Normale,Deux véhicules - côté,3,2,2,0,1,2,1,0,1,80,2,2,0,0,1,1,33.0,53.0,voiture,voiture,1,1,1,1,3
202400018788,2024-10-12 20:03:00,2024,10,12,20,3,64,64140,GAULLE (AV CHARLES DE),43.5287,-1.47842,Nuit avec éclairage allumé,En agglomération,Intersection en T,Normale,Deux véhicules - frontale,3,2,2,0,1,1,1,0,1,30,2,2,1,0,0,1,50.0,61.0,deux_roues,voiture,5,2,3,1,1
202400018788,2024-10-12 20:03:00,2024,10,12,20,3,64,64140,GAULLE (AV CHARLES DE),43.5287,-1.47842,Nuit avec éclairage allumé,En agglomération,Intersection en T,Normale,Deux véhicules - frontale,3,2,2,0,1,1,1,0,1,30,2,2,1,0,0,1,50.0,61.0,deux_roues,voiture,5,2,3,1,1
202400018789,2024-05-27 19:15:00,2024,5,27,19,15,40,40271,7288 route des barthes,43.528327,-1.225373,Plein jour,Hors agglomération,Hors intersection,Normale,Deux véhicules - frontale,4,2,2,0,1,2,1,0,1,80,2,2,1,0,1,0,16.0,42.0,deux_roues,utilitaire_camion,1,1,1,1,1
202400018790,2024-10-12 15:00:00,2024,10,12,15,0,63,63224,GARENNES (RUE LES),45.87037707,3.12071264,Plein jour,En agglomération,Hors intersection,Normale,Autre collision,4,2,2,0,1,1,1,0,1,50,1,2,1,0,0,1,75.0,,voiture,,1,2,1,1,6
202400018791,2024-05-28 03:30:00,2024,5,28,3,30,13,13051,D113,43.592561,5.109276,Nuit sans éclairage public,Hors agglomération,Hors intersection,Normale,Deux véhicules - côté,3,-1,1,0,1,1,1,0,1,70,2,2,0,0,0,2,47.0,22.0,utilitaire_camion,utilitaire_camion,3,1,1,1,3
202400018792,2024-10-13 00:20:00,2024,10,13,0,20,63,63113,André Theuriet / av des Cottages,45.7649,3.0792,Nuit sans éclairage public,En agglomération,Intersection en X,Normale,Deux véhicules - côté,4,2,2,0,2,1,1,0,1,30,2,3,1,0,0,2,,26.0,voiture,voiture,3,2,2,1,3
202400018792,2024-10-13 00:20:00,2024,10,13,0,20,63,63113,André Theuriet / av des Cottages,45.7649,3.0792,Nuit sans éclairage public,En agglomération,Intersection en X,Normale,Deux véhicules - côté,4,2,2,0,2,1,1,0,1,30,2,3,1,0,0,2,,26.0,voiture,voiture,3,2,2,1,3
202400018793,2024-05-25 06:20:00,2024,5,25,6,20,01,01142,A42 PK 018+300,45.852284,5.093869,Crépuscule ou aube,Hors agglomération,Hors intersection,Normale,Deux véhicules - arrière,1,1,3,0,1,1,1,0,8,130,2,2,0,0,0,2,35.0,62.0,voiture,voiture,2,1,1,1,2
202400018794,2024-10-12 21:10:00,2024,10,12,21,10,59,59286,CARNOT SADI RUE,50.6121,2.99984,Nuit avec éclairage allumé,En agglomération,Intersection en T,Pluie légère,Deux véhicules - côté,7,2,3,3,1,1,2,0,1,30,2,2,1,0,0,1,33.0,33.0,voiture,voiture,5,2,3,2,3
202400018794,2024-10-12 21:10:00,2024,10,12,21,10,59,59286,CARNOT SADI RUE,50.6121,2.99984,Nuit avec éclairage allumé,En agglomération,Intersection en T,Pluie légère,Deux véhicules - côté,7,1,1,0,1,1,2,0,1,30,2,2,1,0,0,1,33.0,33.0,voiture,voiture,5,2,3,2,3
202400018795,2024-05-27 15:50:00,2024,5,27,15,50,18,18089,,46.57203636,2.53453456,Plein jour,Hors agglomération,Hors intersection,Normale,Deux véhicules - arrière,1,3,2,0,1,1,1,2,1,-1,2,5,2,0,0,3,37.0,82.0,utilitaire_camion,voiture,1,1,1,1,2
202400018796,2024-10-12 16:10:00,2024,10,12,16,10,54,54357,Avenue de Metz,48.72199496,6.17220551,Plein jour,En agglomération,Hors intersection,Normale,Deux véhicules - arrière,7,2,1,1,1,1,1,-1,1,50,2,4,1,0,0,3,20.0,46.0,voiture,utilitaire_camion,1,2,1,1,2
202400018797,2024-05-27 10:55:00,2024,5,27,10,55,51,51147,Autoroute A4,49.030113,4.480652,Plein jour,Hors agglomération,Hors intersection,Normale,Sans collision,1,1,2,0,1,1,1,0,3,130,1,3,2,0,0,1,50.0,,utilitaire_camion,,1,1,1,1,7
202400018798,2024-10-11 16:55:00,2024,10,11,16,55,54,54547,Rue de Norvège,48.6661,6.18233,Plein jour,En agglomération,Hors intersection,Normale,Deux véhicules - côté,4,2, -1,0,1,1,1,0,1,30,2,2,1,0,0,1,77.0,26.0,voiture,utilitaire_camion,1,2,1,1,3
202400018799,2024-10-11 17:55:00,2024,10,11,17,55,54,54395,Boulevard Lobau,48.69171576,6.19274318,Crépuscule ou aube,En agglomération,Intersection à plus de 4 branches,Normale,Deux véhicules - côté,4,2,4,0,1,1,1,0,1,50,2,2,1,0,0,1,31.0,65.0,deux_roues,deux_roues,2,2,5,1,3
202400018799,2024-10-11 17:55:00,2024,10,11,17,55,54,54395,Boulevard Lobau,48.69171576,6.19274318,Crépuscule ou aube,En agglomération,Intersection à plus de 4 branches,Normale,Deux véhicules - côté,4,1,2,2,1,1,1,-1,1,30,2,2,1,0,0,1,31.0,65.0,deux_roues,deux_roues,2,2,5,1,3
202400018800,2024-05-26 11:30:00,2024,5,26,11,30,76,76457,A13,49.338211,0.975788,Plein jour,Hors agglomération,Hors intersection,Normale,Deux véhicules - côté,1,3,6,0,1,1,1,0,1,130,2,6,4,0,2,0,38.0,59.0,voiture,voiture,1,1,1,1,3
202400018801,2024-10-12 11:40:00,2024,10,12,11,40,46,46042,ORMEAUX (COTE DES),44.46633,1.4284,Plein jour,En agglomération,Hors intersection,Normale,Autre collision,3,2,2,0,2,1,1,0,4,50,1,2,1,0,1,0,53.0,,voiture,,1,2,1,1,6
202400018802,2024-05-27 06:50:00,2024,5,27,6,50,974,97418,N2,-20.902748,55.551885,Plein jour,Hors agglomération,Hors intersection,Normale,Deux véhicules - côté,2,1,2,0,1,1,1,0,1,110,2,2,1,0,1,0,35.0,57.0,deux_roues,voiture,1,1,1,1,3
202400018803,2024-10-12 10:30:00,2024,10,12,10,30,45,45274,D951 PR 87 + 446,47.87179,1.94965,Plein jour,Hors agglomération,Hors intersection,Normale,Deux véhicules - arrière,3,2,2,0,1,1,1,0,1,70,2,3,1,0,0,2,24.0,48.0,voiture,voiture,1,1,1,1,2
202400018804,2024-05-28 18:39:00,2024,5,28,18,39,18,18133,20 Route de Bourges,46.94478,2.274983,Plein jour,En agglomération,Hors intersection,Normale,Deux véhicules - frontale,3,2,2,0,1,1,1,0,1,70,2,2,0,0,0,2,47.0,61.0,utilitaire_camion,utilitaire_camion,1,2,1,1,1
202400018805,2024-10-12 07:35:00,2024,10,12,7,35,38,38185,JEUX OLYMPIQUES (AVENUE DES),45.17519,5.74691,Plein jour,En agglomération,Hors intersection,Normale,Deux véhicules - frontale,4,2,2,1,1,1,1,0,5,30,2,2,1,0,0,1,27.0,33.0,deux_roues,deux_roues,1,2,1,1,1
202400018806,2024-10-13 00:20:00,2024,10,13,0,20,37,37122,RD 127 ROUTE DES MAISONS NEUVES,47.31012,0.67813,Nuit sans éclairage public,En agglomération,Hors intersection,Normale,Autre collision,3,2,2,0,2,3,1,0,3,50,1,2,1,0,0,1,17.0,,deux_roues,,3,2,1,1,6
202400018807,2024-05-28 12:15:00,2024,5,28,12,15,66,66008,17 Chemin de Palau,42.55263,3.015559,Plein jour,En agglomération,Hors intersection,Normale,Deux véhicules - côté,4,2,2,0,1,1,1,0,1,50,2,2,1,0,0,1,28.0,43.0,deux_roues,voiture,1,2,1,1,3
202400018808,2024-10-12 19:10:00,2024,10,12,19,10,34,34172,MONTELS L' EGLISE (RUE DE),43.578191,3.876526,Nuit avec éclairage allumé,En agglomération,Hors intersection,Pluie légère,Deux véhicules - côté,4,2,2,0,1,1,2,0,1,70,2,2,1,0,0,1,47.0,57.0,voiture,deux_roues,5,2,1,2,3
202400018809,2024-10-12 20:30:00,2024,10,12,20,30,33,33032,,44.90636,-0.53012,Nuit avec éclairage allumé,Hors agglomération,Hors intersection,Normale,Sans collision,4,2,2,0,1,1,1,0,1,50,1,1,0,0,0,1,30.0,,deux_roues,,5,1,1,1,7
202400018810,2024-05-28 18:32:00,2024,5,28,18,32,83,83065,Route Departementale 98a,43.26173,6.586186,Plein jour,Hors agglomération,Giratoire,Normale,Trois véhicules et plus - collisions multiples,3,2,2,0,1,1,1,0,1,50,3,3,2,0,0,1,57.0,46.0,deux_roues,voiture,1,1,6,1,5
202400018811,2024-10-12 10:30:00,2024,10,12,10,30,33,33318,,44.797864,-0.644475,Plein jour,En agglomération,Hors intersection,Normale,Autre collision,4,2,1,1,1,1,1,-1,8,50,1,2,1,0,0,1,57.0,,voiture,,1,2,1,1,6
202400018812,2024-05-28 10:30:00,2024,5,28,10,30,13,13107,Avenue Roger Guigon,43.429393,5.437422,Plein jour,En agglomération,Hors intersection,Normale,Deux véhicules - frontale,3,1,2,0,2,1,1,0,1,50,1,2,1,0,0,1,72.0,,voiture,,1,2,1,1,1
202400018813,2024-04-08 17:30:00,2024,4,8,17,30,74,74250,Route de delairaz,46.037038,6.386608,Plein jour,Hors agglomération,Hors intersection,Normale,Sans collision,4,2,2,0,2,4,1,0,1,80,1,1,0,0,1,0,46.0,,deux_roues,,1,1,1,1,7
202400018814,2024-10-12 03:15:00,2024,10,12,3,15,33,33063,,44.84386,-0.57465,Nuit avec éclairage allumé,En agglomération,Intersection en T,Normale,Deux véhicules - côté,4,1,2,3,1,4,1,5,6,50,2,2,1,0,0,1,32.0,18.0,voiture,deux_roues,5,2,3,1,3
202400018814,2024-10-12 03:15:00,2024,10,12,3,15,33,33063,,44.84386,-0.57465,Nuit avec éclairage allumé,En agglomération,Intersection en T,Normale,Deux véhicules - côté,4,1, -1,-1,1,1,1,0,1,-1,2,2,1,0,0,1,32.0,18.0,voiture,deux_roues,5,2,3,1,3
202400018815,2024-05-28 19:00:00,2024,5,28,19,0,42,42304,Route de Saint-Romain,45.52989365,4.15699571,Plein jour,Hors agglomération,Hors intersection,Normale,Autre collision,3,2,2,0,1,1,1,0,8,80,1,1,0,0,1,0,60.0,,deux_roues,,1,1,1,1,6
202400018816,2024-10-12 15:17:00,2024,10,12,15,17,31,31555,33 B SESQUIERES  (PERIPH OUEST A620),43.64732797,1.42166734,Plein jour,En agglomération,Hors intersection,Normale,Trois véhicules et plus - en chaîne,1,3,4,0,1,1,1,0,1,90,4,5,4,0,0,1,67.0,58.0,voiture,utilitaire_camion,1,2,1,1,4
202400018817,2024-05-24 08:45:00,2024,5,24,8,45,38,38200,Rue Jules Ferry,45.086623,5.741467,Plein jour,En agglomération,Intersection en X,Normale,Deux véhicules - côté,4,1,1,0,1,1,1,0,1,50,2,2,1,0,1,0,39.0,35.0,deux_roues,voiture,1,2,2,1,3
202400018817,2024-05-24 08:45:00,2024,5,24,8,45,38,38200,Rue Jules Ferry,45.086623,5.741467,Plein jour,En agglomération,Intersection en X,Normale,Deux véhicules - côté,4,1,1,0,1,1,1,0,1,50,2,2,1,0,1,0,39.0,35.0,deux_roues,voiture,1,2,2,1,3
202400018818,2024-05-27 20:39:00,2024,5,27,20,39,80,80625,98 Rue Marcel Thomas,49.721705,2.545604,Plein jour,En agglomération,Hors intersection,Normale,Autre collision,3,2,2,0,1,2,1,0,1,50,1,1,0,0,1,0,25.0,,voiture,,1,2,1,1,6
202400018819,2024-10-12 16:20:00,2024,10,12,16,20,28,28134,RN 12 (ARCHE DU GAZON),48.74250729,1.3317322,Plein jour,Hors agglomération,Hors intersection,Temps couvert,Trois véhicules et plus - en chaîne,2,1,1,0,2,1,1,0,1,70,3,6,2,0,0,4,23.0,40.0,utilitaire_camion,voiture,1,1,1,8,4
202400018820,2024-05-26 18:40:00,2024,5,26,18,40,59,59212,3 Rue Philippe de Stavèle,50.643233,2.720043,Plein jour,En agglomération,Hors intersection,Normale,Sans collision,9,-1,2,0,1,1,1,0,1,30,1,2,0,0,1,1,24.0,,deux_roues,,1,2,1,1,7
202400018821,2024-10-12 11:10:00,2024,10,12,11,10,27,27306,CARAVELLES (RUE DES),49.00955,1.17089,Plein jour,En agglomération,Hors intersection,Normale,Deux véhicules - arrière,4,-1,2,0,1,1,1,0,1,50,2,3,2,0,0,1,23.0,29.0,voiture,voiture,1,2,1,1,2
202400018822,2024-10-12 23:40:00,2024,10,12,23,40,26,26198,Route du Teil,44.55276,4.70647,Nuit sans éclairage public,Hors agglomération,Hors intersection,Pluie légère,Autre collision,2,2,2,0,1,1,2,0,1,70,1,2,1,0,1,0,27.0,,utilitaire_camion,,3,1,1,2,6
202400018823,2024-05-23 08:24:00,2024,5,23,8,24,13,13106,A7-Sens Lyon vers Marseille,43.39529563,5.3513243,Plein jour,Hors agglomération,Hors intersection,Normale,Deux véhicules - côté,1,3,2,3,1,1,1,0,1,90,2,4,3,0,1,0,48.0,36.0,voiture,deux_roues,1,1,1,1,3
202400018824,2024-10-12 08:30:00,2024,10,12,8,30,15,15014,Place Pierre Semard,44.92112,2.43528,Plein jour,En agglomération,Hors intersection,Normale,Autre collision,4,2,2,0,1,1,1,0,1,30,1,2,1,0,0,1,87.0,,voiture,,1,2,1,1,6
202400018825,2024-05-26 18:10:00,2024,5,26,18,10,13,13005,A501-Sens Pont de l'Etoile vers Aubagne,43.2900037,5.55273994,Plein jour,Hors agglomération,Hors intersection,Normale,Deux véhicules - arrière,1,1,1,0,1,1,1,0,1,90,2,2,1,0,0,1,28.0,42.0,voiture,voiture,1,1,1,1,2
202400018826,2024-10-12 19:40:00,2024,10,12,19,40,14,14215,32 Rue Louis Ballière,49.18967,-0.26853,Nuit avec éclairage allumé,En agglomération,Hors intersection,Normale,Autre collision,4,2,2,0,1,1,1,0,1,50,1,1,0,0,0,1,48.0,,voiture,,5,2,1,1,6
202400018827,2024-05-22 22:30:00,2024,5,22,22,30,42,42237,N88,45.440197,4.456135,Nuit sans éclairage public,Hors agglomération,Hors intersection,Normale,Deux véhicules - frontale,2,3,6,0,2,1,1,0,1,110,2,4,1,0,0,3,38.0,29.0,voiture,voiture,3,1,1,1,1
202400018828,2024-10-11 18:55:00,2024,10,11,18,55,13,13005,RN 96 (ROUTE NATIONALE ),43.30825,5.57601,Crépuscule ou aube,En agglomération,Hors intersection,Normale,Deux véhicules - côté,3,2,2,0,1,1,1,0,1,50,2,4,3,0,1,0,25.0,27.0,voiture,deux_roues,2,2,1,1,3
202400018829,2024-05-27 16:00:00,2024,5,27,16,0,93,93007,A1,48.95255567,2.45324008,Plein jour,Hors agglomération,Hors intersection,Temps couvert,Deux véhicules - arrière,1,3,4,0,1,1,2,0,1,110,2,2,1,0,0,1,35.0,32.0,utilitaire_camion,voiture,1,1,1,8,2
202400018830,2024-10-12 20:15:00,2024,10,12,20,15,13,13001,ENFANT (RTE DE L'),43.4801,5.39438,Nuit avec éclairage allumé,Hors agglomération,Intersection en X,Pluie légère,Deux véhicules - frontale,3,-1,2,0,1,1,2,0,1,50,2,3,2,0,0,1,34.0,,voiture,voiture,5,1,2,2,1
202400018830,2024-10-12 20:15:00,2024,10,12,20,15,13,13001,ENFANT (RTE DE L'),43.4801,5.39438,Nuit avec éclairage allumé,Hors agglomération,Intersection en X,Pluie légère,Deux véhicules - frontale,3,2,2,0,1,1,2,5,1,50,2,3,2,0,0,1,34.0,,voiture,voiture,5,1,2,2,1
202400018831,2024-05-27 13:00:00,2024,5,27,13,0,95,95572,N184,49.04618222,2.13069058,Plein jour,Hors agglomération,Hors intersection,Normale,Autre collision,2,3,3,0,1,3,1,0,1,90,1,2,1,0,0,1,72.0,,voiture,,1,1,1,1,6
202400018832,2024-09-19 18:30:00,2024,9,19,18,30,13,13001,ST CANADET (ROUTE) D.13,43.59821186,5.46346559,Crépuscule ou aube,Hors agglomération,Passage à niveau,Temps éblouissant,Deux véhicules - côté,3,2,0,0,1,1,1,4,6,70,2,2,1,0,1,0,24.0,43.0,deux_roues,transport_commun,2,1,8,7,3
202400018833,2024-10-12 11:30:00,2024,10,12,11,30,10,10333,Avenue d'Echenilly,48.2793,4.0421,Plein jour,En agglomération,Intersection en X,Normale,Deux véhicules - côté,3,2,3,2,2,2,1,9,5,50,2,3,2,0,0,1,62.0,50.0,deux_roues,voiture,1,2,2,1,3
202400018833,2024-10-12 11:30:00,2024,10,12,11,30,10,10333,Avenue d'Echenilly,48.2793,4.0421,Plein jour,En agglomération,Intersection en X,Normale,Deux véhicules - côté,3,3,4,0,2,2,1,0,1,110,2,3,2,0,0,1,62.0,50.0,deux_roues,voiture,1,2,2,1,3
202400018834,2024-10-12 06:45:00,2024,10,12,6,45,03,03190,Rue du Vert Galant,46.5675,3.3279,Nuit avec éclairage allumé,En agglomération,Autre intersection,Normale,Deux véhicules - côté,4,2,2,0,1,1,1,0,1,50,2,2,1,0,0,1,51.0,18.0,utilitaire_camion,deux_roues,5,2,9,1,3
202400018835,2024-10-12 04:00:00,2024,10,12,4,0,75,75116,BD PERIPHERIQUE EXTERIEUR,48.85464,2.254711,Nuit avec éclairage allumé,En agglomération,Hors intersection,Normale,Trois véhicules et plus - collisions multiples,4,1,4,0,1,1,1,0,1,50,3,7,2,0,0,5,38.0,37.0,voiture,voiture,5,2,1,1,5
202400018836,2024-10-11 15:45:00,2024,10,11,15,45,75,75120,BD PERIPHERIQUE INTERIEUR,48.847428,2.41456,Plein jour,En agglomération,Hors intersection,Normale,Trois véhicules et plus - collisions multiples,4,1,4,0,1,1,1,0,1,50,3,3,2,0,0,1,43.0,20.0,voiture,deux_roues,1,2,1,1,5
202400018837,2024-10-11 20:30:00,2024,10,11,20,30,75,75102,BOULEVARD SAINT DENIS,48.869607,2.352581,Nuit avec éclairage allumé,En agglomération,Intersection en X,Normale,Autre collision,4,2,5,1,1,1,1,0,1,30,1,2,1,0,1,0,50.0,,deux_roues,,5,2,2,1,6
202400018837,2024-10-11 20:30:00,2024,10,11,20,30,75,75102,BOULEVARD SAINT DENIS,48.869607,2.352581,Nuit avec éclairage allumé,En agglomération,Intersection en X,Normale,Autre collision,4,2, -1,-1,1,1,1,0,1,30,1,2,1,0,1,0,50.0,,deux_roues,,5,2,2,1,6
202400018838,2024-10-12 23:59:00,2024,10,12,23,59,75,75118,RUE MARX DORMOY,48.890193,2.359961,Nuit avec éclairage allumé,En agglomération,Intersection en X,Normale,Deux véhicules - côté,4,2, -1,-1,1,1,1,0,1,30,2,2,1,0,0,1,29.0,49.0,deux_roues,utilitaire_camion,5,2,2,1,3
202400018838,2024-10-12 23:59:00,2024,10,12,23,59,75,75118,RUE MARX DORMOY,48.890193,2.359961,Nuit avec éclairage allumé,En agglomération,Intersection en X,Normale,Deux véhicules - côté,4,2,2,0,1,1,1,0,1,30,2,2,1,0,0,1,29.0,49.0,deux_roues,utilitaire_camion,5,2,2,1,3
202400018839,2024-10-12 18:30:00,2024,10,12,18,30,75,75117,RUE DE COURCELLES,48.881244,2.301064,Crépuscule ou aube,En agglomération,Intersection en X,Pluie légère,Deux véhicules - arrière,4,1, -1,-1,1,1,2,0,1,30,2,3,2,0,0,1,24.0,22.0,deux_roues,voiture,2,2,2,2,2
202400018839,2024-10-12 18:30:00,2024,10,12,18,30,75,75117,RUE DE COURCELLES,48.881244,2.301064,Crépuscule ou aube,En agglomération,Intersection en X,Pluie légère,Deux véhicules - arrière,4,2,2,0,1,1,2,0,1,30,2,3,2,0,0,1,24.0,22.0,deux_roues,voiture,2,2,2,2,2
202400018840,2024-10-12 00:45:00,2024,10,12,0,45,75,75116,ALLEE DE LA REINE MARGUERITE,48.85857,2.244855,Nuit avec éclairage allumé,En agglomération,Intersection en X,Normale,Deux véhicules - frontale,4,2,2,0,1,1,1,0,1,50,2,5,4,0,0,1,68.0,,voiture,voiture,5,2,2,1,1
202400018840,2024-10-12 00:45:00,2024,10,12,0,45,75,75116,ALLEE DE LA REINE MARGUERITE,48.85857,2.244855,Nuit avec éclairage allumé,En agglomération,Intersection en X,Normale,Deux véhicules - frontale,4,2,12,0,1,1,1,0,1,50,2,5,4,0,0,1,68.0,,voiture,voiture,5,2,2,1,1
202400018841,2024-10-12 19:10:00,2024,10,12,19,10,75,75115,RUE DE LOURMEL,48.840643,2.284242,Nuit avec éclairage allumé,En agglomération,Intersection en X,Pluie légère,Deux véhicules - côté,4,1, -1,1,1,1,2,0,1,30,2,2,1,0,0,1,41.0,49.0,voiture,deux_roues,5,2,2,2,3
202400018841,2024-10-12 19:10:00,2024,10,12,19,10,75,75115,RUE DE LOURMEL,48.840643,2.284242,Nuit avec éclairage allumé,En agglomération,Intersection en X,Pluie légère,Deux véhicules - côté,4,1,1,0,1,1,2,0,1,30,2,2,1,0,0,1,41.0,49.0,voiture,deux_roues,5,2,2,2,3
202400018842,2024-10-11 17:15:00,2024,10,11,17,15,75,75112,AVENUE LEDRU ROLLIN,48.846836,2.36939,Plein jour,En agglomération,Intersection en X,Normale,Autre collision,4,1,2,0,1,1,1,0,1,30,2,2,1,0,0,1,37.0,21.0,deux_roues,voiture,1,2,2,1,6
202400018842,2024-10-11 17:15:00,2024,10,11,17,15,75,75112,AVENUE LEDRU ROLLIN,48.846836,2.36939,Plein jour,En agglomération,Intersection en X,Normale,Autre collision,4,1, -1,-1,1,1,1,0,1,30,2,2,1,0,0,1,37.0,21.0,deux_roues,voiture,1,2,2,1,6
202400018843,2024-10-12 09:50:00,2024,10,12,9,50,75,75111,BOULEVARD RICHARD LENOIR,48.855854,2.381632,Plein jour,En agglomération,Intersection en T,Normale,Autre collision,4,1,1,1,1,1,1,0,1,30,1,2,0,0,0,2,30.0,,deux_roues,,1,2,3,1,6
202400018843,2024-10-12 09:50:00,2024,10,12,9,50,75,75111,BOULEVARD RICHARD LENOIR,48.855854,2.381632,Plein jour,En agglomération,Intersection en T,Normale,Autre collision,4,1, -1,-1,1,1,1,0,1,30,1,2,0,0,0,2,30.0,,deux_roues,,1,2,3,1,6
202400018844,2024-10-12 12:29:00,2024,10,12,12,29,75,75108,PONT DES INVALIDES,48.86365,2.31047,Plein jour,En agglomération,Hors intersection,Pluie forte,Deux véhicules - frontale,4,1,0,3,1,1,2,2,1,50,2,2,0,0,0,2,50.0,31.0,deux_roues,deux_roues,1,2,1,3,1
202400018845,2024-10-11 23:25:00,2024,10,11,23,25,75,75103,BOULEVARD DE SEBASTOPOL,48.86199,2.35017,Nuit avec éclairage allumé,En agglomération,Intersection en X,Normale,Deux véhicules - arrière,4,1,4,3,1,1,1,0,6,30,2,2,1,0,0,1,64.0,60.0,voiture,deux_roues,5,2,2,1,2
202400018845,2024-10-11 23:25:00,2024,10,11,23,25,75,75103,BOULEVARD DE SEBASTOPOL,48.86199,2.35017,Nuit avec éclairage allumé,En agglomération,Intersection en X,Normale,Deux véhicules - arrière,4,1, -1,3,1,1,1,0,1,30,2,2,1,0,0,1,64.0,60.0,voiture,deux_roues,5,2,2,1,2
202400018846,2024-10-12 16:45:00,2024,10,12,16,45,94,94046,Rue Pierre Sémard,48.80185,2.42715,Plein jour,En agglomération,Intersection en X,Normale,Deux véhicules - côté,4,-1,0,0,1,1,1,6,1,10,2,2,1,0,0,1,45.0,74.0,deux_roues,voiture,1,2,2,1,3