accident_id,datetime,annee,mois,jour,heure,minute,departement,commune_insee,adresse,latitude,longitude,luminosite,agglomeration,intersection,meteo,collision,catr,circ,nbv,vosp,prof,plan,surf,infra,situ,vma,nb_vehicules,nb_usagers,nb_indemnes,nb_tues,nb_blesses_hosp,nb_blesses_legers,age_cond_1,age_cond_2,veh_type_cond_1,veh_type_cond_2,lum_code,agg_code,int_code,atm_code,col_code
202400018998,2024-06-29 04:35:00,2024,6,29,4,35,77,77372,A104,48.87890479,2.66822031,Nuit sans éclairage public,Hors agglomération,Hors intersection,Normale,Autre collision,1,4,4,0,3,1,1,3,8,90,1,2,0,0,0,2,34.0,,voiture,,3,1,1,1,6
202400018999,2024-03-12 07:30:00,2024,3,12,7,30,13,13211,A50-Sens Marseille vers Aubagne,43.29207811,5.45266634,Plein jour,Hors agglomération,Hors intersection,Normale,Trois véhicules et plus - collisions multiples,1,1,3,0,1,1,1,0,1,90,4,4,3,0,0,1,53.0,54.0,voiture,voiture,1,1,1,1,5
202400019000,2024-02-17 19:30:00,2024,2,17,19,30,84,84031,OBSERVANTINS DES,44.05728,5.05011,Nuit avec éclairage allumé,En agglomération,Intersection en T,Normale,Deux véhicules - frontale,4,-1,1,0,1,1,1,0,1,30,2,2,1,0,0,1,24.0,,deux_roues,deux_roues,5,2,3,1,1
202400019000,2024-02-17 19:30:00,2024,2,17,19,30,84,84031,OBSERVANTINS DES,44.05728,5.05011,Nuit avec éclairage allumé,En agglomération,Intersection en T,Normale,Deux véhicules - frontale,4,1,1,0,1,1,1,0,1,30,2,2,1,0,0,1,24.0,,deux_roues,deux_roues,5,2,3,1,1
202400019001,2024-03-12 07:05:00,2024,3,12,7,5,13,13215,A7-Sens Marseille vers Lyon,43.3581884,5.36269145,Plein jour,Hors agglomération,Hors intersection,Normale,Deux véhicules - arrière,1,1,3,0,1,1,1,0,1,90,2,2,0,0,0,2,28.0,49.0,voiture,voiture,1,1,1,1,2
202400019002,2024-01-18 19:35:00,2024,1,18,19,35,93,93048,Boulevard Paul Vaillant Couturier / Rue Victor Beausse,48.86673,2.44513,Nuit avec éclairage allumé,En agglomération,Intersection en X,Normale,Deux véhicules - côté,3,2,2,1,2,1,7,0,1,50,2,2,0,0,0,2,23.0,29.0,voiture,deux_roues,5,2,2,1,3
202400019002,2024-01-18 19:35:00,2024,1,18,19,35,93,93048,Boulevard Paul Vaillant Couturier / Rue Victor Beausse,48.86673,2.44513,Nuit avec éclairage allumé,En agglomération,Intersection en X,Normale,Deux véhicules - côté,3,1,1,0,1,1,2,0,1,50,2,2,0,0,0,2,23.0,29.0,voiture,deux_roues,5,2,2,1,3
202400019003,2024-03-11 20:34:00,2024,3,11,20,34,13,13212,A507 sens Aubagne- Marseille,43.30515,5.42548,Nuit avec éclairage allumé,Hors agglomération,Hors intersection,Normale,Trois véhicules et plus - en chaîne,1,3,3,0,1,1,1,1,1,70,3,4,3,0,1,0,20.0,37.0,voiture,autre,5,1,1,1,4
202400019004,2024-01-09 15:15:00,2024,1,9,15,15,93,93048,Rue de Stalingrad / Rue de Rosny,48.8606,2.44347,Plein jour,En agglomération,Intersection en X,Temps couvert,Autre collision,4,2,2,0,1,1,7,5,1,30,1,3,1,0,0,2,21.0,,voiture,,1,2,2,8,6
202400019004,2024-01-09 15:15:00,2024,1,9,15,15,93,93048,Rue de Stalingrad / Rue de Rosny,48.8606,2.44347,Plein jour,En agglomération,Intersection en X,Temps couvert,Autre collision,4,2,2,3,2,1,7,0,1,30,1,3,1,0,0,2,21.0,,voiture,,1,2,2,8,6
202400019005,2024-03-11 08:20:00,2024,3,11,8,20,13,13056,A55-Sens Marseille vers Martigues,43.40565,5.03983,Plein jour,Hors agglomération,Hors intersection,Normale,Trois véhicules et plus - en chaîne,1,-1,2,0,1,1,1,8,1,50,3,3,1,0,0,2,46.0,20.0,utilitaire_camion,voiture,1,1,1,1,4
202400019006,2024-01-07 12:10:00,2024,1,7,12,10,93,93048,Boulevard Théophile Sueur,48.86250325,2.46605873,Plein jour,En agglomération,Hors intersection,Normale,Deux véhicules - côté,3,2,2,0,1,1,1,0,1,50,2,2,1,0,0,1,50.0,22.0,voiture,autre,1,2,1,1,3
202400019007,2024-05-12 13:02:00,2024,5,12,13,2,33,33281,,44.8329529,-0.69817391,Plein jour,Hors agglomération,Autre intersection,Normale,Autre collision,4,1,2,3,1,1,1,-1,1,30,1,2,1,1,0,0,51.0,,voiture,,1,1,9,1,6
202400019008,2024-03-11 05:43:00,2024,3,11,5,43,13,13015,A51-Sens Marseille vers Aix en Provence,43.45184294,5.39633709,Nuit sans éclairage public,Hors agglomération,Hors intersection,Normale,Deux véhicules - arrière,1,-1,3,0,1,1,1,0,1,90,3,3,1,0,0,2,58.0,23.0,voiture,voiture,3,1,1,1,2
202400019009,2024-04-13 21:40:00,2024,4,13,21,40,74,74123,10 Route d'annecy,45.748168,6.290063,Nuit avec éclairage allumé,En agglomération,Intersection en X,Normale,Deux véhicules - frontale,4,2,2,0,1,1,1,5,1,50,2,2,1,0,0,1,80.0,59.0,voiture,deux_roues,5,2,2,1,1
202400019009,2024-04-13 21:40:00,2024,4,13,21,40,74,74123,10 Route d'annecy,45.748168,6.290063,Nuit avec éclairage allumé,En agglomération,Intersection en X,Normale,Deux véhicules - frontale,4,2, -1,-1,1,1,1,0,1,-1,2,2,1,0,0,1,80.0,59.0,voiture,deux_roues,5,2,2,1,1
202400019010,2024-03-20 15:45:00,2024,3,20,15,45,74,74206,departementale 36,46.30384146,6.49764394,Plein jour,Hors agglomération,Hors intersection,Normale,Autre collision,3,2,2,0,2,1,1,2,3,80,1,1,0,0,1,0,28.0,,deux_roues,,1,1,1,1,6
202400019011,2024-03-11 09:00:00,2024,3,11,9,0,67,67152,M35,48.52466,7.65948,Plein jour,Hors agglomération,Hors intersection,Normale,Trois véhicules et plus - en chaîne,7,3,2,0,1,1,1,0,1,90,4,4,1,0,0,3,38.0,30.0,utilitaire_camion,utilitaire_camion,1,1,1,1,4
202400019012,2024-03-26 09:30:00,2024,3,26,9,30,74,74081,4 Rue pierre trappier,46.068927,6.561813,Plein jour,En agglomération,Hors intersection,Normale,Autre collision,3,2,0,0,1,1,1,0,1,50,1,2,1,0,0,1,53.0,,voiture,,1,2,1,1,6
202400019013,2024-03-07 18:50:00,2024,3,7,18,50,67,67447,M35,48.60878,7.72721,Crépuscule ou aube,Hors agglomération,Hors intersection,Normale,Deux véhicules - arrière,7,3,3,0,1,1,1,0,1,90,2,2,1,0,0,1,28.0,25.0,voiture,voiture,2,1,1,1,2
202400019014,2024-04-05 11:11:00,2024,4,5,11,11,74,74116,D1203,46.04892,6.263902,Plein jour,Hors agglomération,Hors intersection,Normale,Deux véhicules - frontale,3,2,2,0,2,2,1,0,1,80,2,3,1,0,1,1,34.0,86.0,voiture,voiture,1,1,1,1,1
202400019015,2024-03-12 08:20:00,2024,3,12,8,20,33,33448,,44.71786,-0.52017,Plein jour,Hors agglomération,Hors intersection,Normale,Deux véhicules - côté,1,3,4,0,1,1,1,0,1,130,2,2,1,0,0,1,29.0,38.0,voiture,deux_roues,1,1,1,1,3
202400019016,2024-03-12 04:15:00,2024,3,12,4,15,33,33080,,44.73218,-0.53101,Nuit sans éclairage public,Hors agglomération,Hors intersection,Normale,Autre collision,1,3,4,0,1,1,1,0,1,130,1,1,0,0,0,1,30.0,,voiture,,3,1,1,1,6
202400019017,2024-04-13 18:00:00,2024,4,13,18,0,74,74288,Route de bloux,46.103486,5.968977,Plein jour,En agglomération,Intersection en T,Normale,Deux véhicules - côté,3,2,2,0,2,3,1,9,1,50,2,2,1,0,1,0,19.0,70.0,deux_roues,utilitaire_camion,1,2,3,1,3
202400019017,2024-04-13 18:00:00,2024,4,13,18,0,74,74288,Route de bloux,46.103486,5.968977,Plein jour,En agglomération,Intersection en T,Normale,Deux véhicules - côté,3,2, -1,-1,1,1,1,0,1,-1,2,2,1,0,1,0,19.0,70.0,deux_roues,utilitaire_camion,1,2,3,1,3
202400019018,2024-03-12 08:50:00,2024,3,12,8,50,91,91432,AUTOROUTE A6,48.6925,2.32135,Plein jour,Hors agglomération,Hors intersection,Normale,Deux véhicules - côté,1,3,6,0,1,1,1,0,1,110,2,2,1,0,0,1,64.0,34.0,utilitaire_camion,deux_roues,1,1,1,1,3
202400019019,2024-04-06 17:30:00,2024,4,6,17,30,74,74020,Route d'armoy,46.350593,6.518868,Plein jour,Hors agglomération,Hors intersection,Normale,Autre collision,3,2,2,0,2,2,1,0,3,80,1,1,0,0,1,0,61.0,,deux_roues,,1,1,1,1,6
202400019020,2024-03-11 08:45:00,2024,3,11,8,45,92,92050,A86,48.91767811,2.22233685,Plein jour,Hors agglomération,Hors intersection,Normale,Trois véhicules et plus - en chaîne,1,-1,2,0,1,1,1,0,1,90,3,3,2,0,0,1,31.0,55.0,deux_roues,voiture,1,1,1,1,4
202400019021,2024-04-07 19:45:00,2024,4,7,19,45,74,74112,A41,45.945932,6.111698,Plein jour,Hors agglomération,Hors intersection,Normale,Autre collision,1,3,2,0,2,2,1,0,2,110,1,5,0,0,1,4,34.0,,voiture,,1,1,1,1,6
202400019022,2024-03-12 14:35:00,2024,3,12,14,35,93,93053,A3,48.89707199,2.46965129,Plein jour,Hors agglomération,Hors intersection,Pluie légère,Autre collision,1,3,10,0,1,1,2,2,1,90,1,1,0,0,0,1,47.0,,voiture,,1,1,1,2,6
202400019023,2024-03-10 22:50:00,2024,3,10,22,50,92,92078,AUTOROUTE A86,48.92830843,2.33162459,Nuit sans éclairage public,Hors agglomération,Hors intersection,Autre,Autre collision,1,3,3,0,1,2,2,1,2,90,1,1,0,0,0,1,41.0,,voiture,,3,1,1,9,6
202400019024,2024-03-28 20:50:00,2024,3,28,20,50,74,74104,3310 Route d'annecy,45.80633,6.211524,Nuit avec éclairage non allumé,Hors agglomération,Hors intersection,Normale,Trois véhicules et plus - collisions multiples,3,2,2,0,1,1,1,0,1,80,3,4,3,0,0,1,26.0,55.0,voiture,voiture,4,1,1,1,5
202400019025,2024-03-22 15:00:00,2024,3,22,15,0,74,74159,route nationale,46.00636773,6.62884623,Plein jour,Hors agglomération,Hors intersection,Normale,Deux véhicules - arrière,3,2,2,0,1,1,1,0,1,80,2,2,1,0,1,0,70.0,21.0,deux_roues,utilitaire_camion,1,1,1,1,2
202400019026,2024-03-10 05:40:00,2024,3,10,5,40,95,95154,A1,49.04345435,2.54437913,Nuit sans éclairage public,Hors agglomération,Autre intersection,Pluie forte,Trois véhicules et plus - en chaîne,1,3,3,0,1,1,2,0,1,130,3,6,2,0,0,4,26.0,18.0,voiture,voiture,3,1,9,3,4
202400019027,2024-02-23 21:45:00,2024,2,23,21,45,74,74196,D119,46.046686,6.580821,Nuit sans éclairage public,Hors agglomération,Hors intersection,Neige / grêle,Sans collision,3,2,2,0,2,2,5,0,8,80,1,3,2,0,1,0,60.0,,voiture,,3,1,1,4,7
202400019028,2024-03-12 09:45:00,2024,3,12,9,45,77,77495,A5B,48.579603,2.638025,Plein jour,Hors agglomération,Hors intersection,Temps couvert,Deux véhicules - arrière,1,1,3,0,1,1,1,0,1,90,2,2,1,0,0,1,24.0,37.0,voiture,transport_commun,1,1,1,8,2
202400019029,2024-02-29 08:55:00,2024,2,29,8,55,44,44109,30 Boulevard Emile Gabory,47.19380878,-1.52894596,Plein jour,En agglomération,Giratoire,Normale,Sans collision,4,2,2,2,1,1,1,5,1,50,1,1,0,0,0,1,51.0,,deux_roues,,1,2,6,1,7
202400019030,2024-06-29 02:05:00,2024,6,29,2,5,973,97302,CABASSOU (ROUTE DE),4.91986,-52.31946,Nuit sans éclairage public,En agglomération,Hors intersection,Normale,Deux véhicules - arrière,3,2,2,0,1,1,1,9,1,50,2,3,0,0,0,3,40.0,19.0,deux_roues,deux_roues,3,2,1,1,2
202400019031,2024-02-28 19:00:00,2024,2,28,19,0,44,44109,45 Route de Vertou,47.19010555,-1.53300491,Crépuscule ou aube,En agglomération,Hors intersection,Temps couvert,Sans collision,4,2,2,0,1,1,2,0,1,50,1,1,0,0,0,1,31.0,,deux_roues,,2,2,1,8,7
202400019032,2024-06-28 23:25:00,2024,6,28,23,25,973,97302,REPUBLIQUE (BD DE LA),4.93916,-52.31872,Nuit sans éclairage public,En agglomération,Hors intersection,Normale,Sans collision,4,1,1,0,1,1,1,0,1,50,1,1,0,0,0,1,43.0,,deux_roues,,3,2,1,1,7
202400019033,2024-02-25 13:30:00,2024,2,25,13,30,44,44109,41 Route de Vannes,47.23422094,-1.58073651,Plein jour,En agglomération,Hors intersection,Temps couvert,Deux véhicules - arrière,4,3,3,2,1,1,1,4,1,50,2,2,1,0,0,1,44.0,17.0,voiture,deux_roues,1,2,1,8,2
202400019034,2024-06-29 16:25:00,2024,6,29,16,25,971,97113,SECTION BOIS DE ROSE,16.24102,-61.44093,Plein jour,Hors agglomération,Hors intersection,Normale,Deux véhicules - côté,4,2,2,0,2,4,1,0,1,80,2,2,1,0,0,1,56.0,64.0,voiture,voiture,1,1,1,1,3
202400019035,2024-02-23 15:45:00,2024,2,23,15,45,44,44109,,47.19361124,-1.61349004,Plein jour,Hors agglomération,Hors intersection,Temps couvert,Deux véhicules - arrière,2,3,6,0,2,1,1,2,1,70,2,2,1,0,0,1,31.0,26.0,deux_roues,voiture,1,1,1,8,2
202400019036,2024-02-23 05:00:00,2024,2,23,5,0,44,44190,,47.21167952,-1.48457518,Nuit sans éclairage public,Hors agglomération,Hors intersection,Temps couvert,Deux véhicules - côté,2,3,4,0,1,3,1,0,1,90,2,3,2,0,0,1,28.0,21.0,voiture,voiture,3,1,1,8,3
202400019037,2024-06-28 13:51:00,2024,6,28,13,51,2A,2A004,NAPOLEON COURS AVANT BEVERINI,41.92583,8.73823,Plein jour,En agglomération,Intersection en T,Normale,Deux véhicules - côté,2,2,3,0,2,3,1,0,1,50,2,2,1,0,1,0,28.0,57.0,voiture,deux_roues,1,2,3,1,3
202400019037,2024-06-28 13:51:00,2024,6,28,13,51,2A,2A004,NAPOLEON COURS AVANT BEVERINI,41.92583,8.73823,Plein jour,En agglomération,Intersection en T,Normale,Deux véhicules - côté,2,2,3,0,1,1,1,5,1,50,2,2,1,0,1,0,28.0,57.0,voiture,deux_roues,1,2,3,1,3
202400019038,2024-11-18 18:03:00,2024,11,18,18,3,49,49267,BOIS RINIER,47.47483,-0.49551,Plein jour,En agglomération,Hors intersection,Normale,Deux véhicules - côté,4,2,2,0,1,1,1,0,1,50,2,2,1,0,1,0,54.0,60.0,deux_roues,voiture,1,2,1,1,3
202400019039,2024-02-22 10:30:00,2024,2,22,10,30,44,44109,6 Boulevard René Cassin,47.26438106,-1.57573847,Plein jour,En agglomération,Hors intersection,Temps couvert,Autre collision,4,3,3,2,1,2,1,-1,1,50,1,2,1,0,0,1,36.0,,voiture,,1,2,1,8,6
202400019040,2024-11-18 18:45:00,2024,11,18,18,45,48,48095,HENRI BOURILLON (BOULEVARD),44.51688942,3.49733997,Nuit avec éclairage allumé,En agglomération,Autre intersection,Normale,Autre collision,2,1,2,0,1,1,1,0,1,50,1,2,1,0,1,0,55.0,,voiture,,5,2,9,1,6
202400019041,2024-06-29 02:30:00,2024,6,29,2,30,95,95252,D14,48.98661265,2.22019583,Nuit sans éclairage public,En agglomération,Intersection en T,Normale,Deux véhicules - arrière,3,3,0,1,1,1,1,0,1,50,2,2,1,0,0,1,26.0,19.0,utilitaire_camion,voiture,3,2,3,1,2
202400019041,2024-06-29 02:30:00,2024,6,29,2,30,95,95252,D14,48.98661265,2.22019583,Nuit sans éclairage public,En agglomération,Intersection en T,Normale,Deux véhicules - arrière,3,2,0,0,2,1,1,0,1,50,2,2,1,0,0,1,26.0,19.0,utilitaire_camion,voiture,3,2,3,1,2
202400019042,2024-02-21 16:28:00,2024,2,21,16,28,44,44109,15 Boulevard de Stalingrad,47.21871,-1.53831435,Plein jour,En agglomération,Hors intersection,Temps couvert,Autre collision,4,2,2,2,1,1,1,-1,1,50,1,2,1,0,0,1,49.0,,voiture,,1,2,1,8,6
202400019043,2024-11-19 18:15:00,2024,11,19,18,15,44,44109,3 Route de Carquefou,47.25884222,-1.5194942,Nuit avec éclairage allumé,En agglomération,Giratoire,Pluie forte,Autre collision,4,3,2,0,1,1,2,0,1,30,1,3,1,0,0,2,35.0,,voiture,,5,2,6,3,6
202400019044,2024-06-29 20:12:00,2024,6,29,20,12,95,95127,HERONS (AVENUE DES),49.05004361,2.01840252,Plein jour,En agglomération,Intersection en Y,Normale,Autre collision,4,2,0,0,1,1,1,0,6,50,1,2,1,0,1,0,65.0,,voiture,,1,2,4,1,6
202400019044,2024-06-29 20:12:00,2024,6,29,20,12,95,95127,HERONS (AVENUE DES),49.05004361,2.01840252,Plein jour,En agglomération,Intersection en Y,Normale,Autre collision,4,2,0,0,1,1,1,0,1,50,1,2,1,0,1,0,65.0,,voiture,,1,2,4,1,6
202400019045,2024-03-11 07:40:00,2024,3,11,7,40,987,98735,PRINCE HINOI (AVENUE),-17.53408,-149.56133,Plein jour,En agglomération,Hors intersection,Normale,Deux véhicules - côté,2,3,4,0,1,1,1,0,1,60,2,2,1,0,1,0,46.0,56.0,deux_roues,voiture,1,2,1,1,3
202400019046,2024-11-19 18:40:00,2024,11,19,18,40,43,43078,Chemin des Estelles,45.01813,3.90986,Nuit sans éclairage public,Hors agglomération,Hors intersection,Temps couvert,Sans collision,4,2,2,0,2,3,1,9,8,80,1,1,0,0,1,0,64.0,,voiture,,3,1,1,8,7
202400019047,2024-06-29 22:20:00,2024,6,29,22,20,91,91345,RTE DE CORBEIL,48.6817,2.3126,Nuit avec éclairage allumé,En agglomération,Hors intersection,Pluie légère,Autre collision,3,2,2,0,1,1,2,9,4,50,1,4,2,0,0,2,20.0,,voiture,,5,2,1,2,6
202400019048,2024-03-11 10:30:00,2024,3,11,10,30,974,97416,ROND POINT DES CASERNES,-21.32563,55.48594,Plein jour,En agglomération,Autre intersection,Normale,Deux véhicules - côté,2,1,2,0,1,1,1,0,1,50,2,2,1,0,0,1,71.0,58.0,deux_roues,voiture,1,2,9,1,3
202400019049,2024-11-19 09:24:00,2024,11,19,9,24,37,37261,MARECHAL JUIN (BD),47.41234,0.70308,Plein jour,En agglomération,Hors intersection,Pluie légère,Deux véhicules - frontale,4,3,4,0,2,1,2,0,1,50,2,2,1,0,0,1,58.0,57.0,voiture,voiture,1,2,1,2,1
202400019050,2024-06-29 09:40:00,2024,6,29,9,40,91,91687,VICTOR SCHOELCHER (AVENUE),48.652,2.37,Plein jour,En agglomération,Hors intersection,Normale,Autre collision,3,2,0,0,1,1,1,0,1,50,1,2,1,0,1,0,37.0,,voiture,,1,2,1,1,6
202400019051,2024-11-19 07:15:00,2024,11,19,7,15,37,37261,BERT (QUAI PAUL),47.40141,0.68644,Nuit avec éclairage allumé,En agglomération,Hors intersection,Normale,Deux véhicules - côté,4,2,3,0,1,1,2,0,1,50,2,2,1,0,0,1,29.0,23.0,voiture,deux_roues,5,2,1,1,3
202400019052,2024-06-28 17:50:00,2024,6,28,17,50,91,91589,RUE MARIE CHAUVET,48.67978,2.34419,Plein jour,En agglomération,Autre intersection,Normale,Autre collision,4,1,1,0,1,1,1,0,1,50,1,2,1,0,0,1,47.0,,voiture,,1,2,9,1,6
202400019053,2024-03-11 13:35:00,2024,3,11,13,35,974,97411,TOPAZES(ALLEE DES),-20.8982,55.44398,Plein jour,Hors agglomération,Intersection en T,Normale,Deux véhicules - côté,3,2,1,0,2,1,1,9,1,30,2,2,1,0,0,1,53.0,22.0,deux_roues,utilitaire_camion,1,1,3,1,3
202400019053,2024-03-11 13:35:00,2024,3,11,13,35,974,97411,TOPAZES(ALLEE DES),-20.8982,55.44398,Plein jour,Hors agglomération,Intersection en T,Normale,Deux véhicules - côté,3,2,1,0,2,2,1,9,1,50,2,2,1,0,0,1,53.0,22.0,deux_roues,utilitaire_camion,1,1,3,1,3
202400019054,2024-11-19 06:05:00,2024,11,19,6,5,37,37122,RD 37,47.36062,0.64647,Nuit sans éclairage public,En agglomération,Hors intersection,Normale,Autre collision,7,2,2,0,1,3,2,0,3,90,1,1,0,0,0,1,48.0,,voiture,,3,2,1,1,6
202400019055,2024-03-11 06:20:00,2024,3,11,6,20,974,97411,JAURES (BOULEVARD JEAN),-20.89967,55.48031,Plein jour,En agglomération,Hors intersection,Pluie légère,Deux véhicules - frontale,2,2,2,0,1,1,2,0,1,50,2,2,0,0,0,2,58.0,19.0,voiture,voiture,1,2,1,2,1
202400019056,2024-06-29 19:46:00,2024,6,29,19,46,91,91228,AV DE L ORME A MARTIN,48.62774,2.40868,Plein jour,En agglomération,Intersection en X,Pluie légère,Deux véhicules - côté,4,2,2,0,1,1,2,0,1,50,2,3,2,0,0,1,21.0,38.0,voiture,voiture,1,2,2,2,3
202400019056,2024-06-29 19:46:00,2024,6,29,19,46,91,91228,AV DE L ORME A MARTIN,48.62774,2.40868,Plein jour,En agglomération,Intersection en X,Pluie légère,Deux véhicules - côté,4,2,0,0,1,1,2,0,1,50,2,3,2,0,0,1,21.0,38.0,voiture,voiture,1,2,2,2,3
202400019057,2024-11-19 18:00:00,2024,11,19,18,0,35,35281,PILATE (RUE DE LA),48.09033258,-1.69734612,Nuit avec éclairage allumé,En agglomération,Hors intersection,Pluie légère,Autre collision,4,2,2,0,1,1,2,0,1,30,1,2,1,0,0,1,65.0,,deux_roues,,5,2,1,2,6
202400019058,2024-03-11 17:25:00,2024,3,11,17,25,974,97409,CHEMIN CENT GAULETTES,-20.9484,55.65815,Plein jour,En agglomération,Hors intersection,Normale,Sans collision,4,1,1,0,1,1,1,0,1,50,1,1,0,0,0,1,15.0,,deux_roues,,1,2,1,1,7
202400019059,2024-06-29 01:30:00,2024,6,29,1,30,91,91469,D721,48.40767,2.17768,Nuit sans éclairage public,Hors agglomération,Hors intersection,Normale,Sans collision,3,2,2,0,1,1,1,0,3,80,1,2,0,0,0,2,21.0,,voiture,,3,1,1,1,7
202400019060,2024-03-10 21:45:00,2024,3,10,21,45,973,97302,RABAN (ROUTE DE),4.93485605,-52.31412917,Nuit avec éclairage allumé,En agglomération,Hors intersection,Normale,Deux véhicules - côté,4,2,2,0,1,1,1,0,1,50,2,2,0,0,0,2,24.0,25.0,deux_roues,voiture,5,2,1,1,3
202400019061,2024-11-18 18:30:00,2024,11,18,18,30,34,34108,MONTPELLIER (ROUTE DE),43.47368,3.769918,Nuit avec éclairage allumé,Hors agglomération,Intersection en T,Normale,Deux véhicules - côté,3,2,2,0,1,1,1,9,1,80,2,2,1,0,0,1,87.0,70.0,utilitaire_camion,deux_roues,5,1,3,1,3
202400019061,2024-11-18 18:30:00,2024,11,18,18,30,34,34108,MONTPELLIER (ROUTE DE),43.47368,3.769918,Nuit avec éclairage allumé,Hors agglomération,Intersection en T,Normale,Deux véhicules - côté,3,-1, -1,-1,1,1,1,0,8,-1,2,2,1,0,0,1,87.0,70.0,utilitaire_camion,deux_roues,5,1,3,1,3
202400019062,2024-06-29 11:05:00,2024,6,29,11,5,78,78383,GUY SCHULLER (BOULEVARD),48.75976,1.94659,Plein jour,En agglomération,Intersection en T,Normale,Deux véhicules - arrière,2,-1,4,0,1,1,1,0,1,50,2,3,2,0,0,1,43.0,42.0,voiture,voiture,1,2,3,1,2
202400019062,2024-06-29 11:05:00,2024,6,29,11,5,78,78383,GUY SCHULLER (BOULEVARD),48.75976,1.94659,Plein jour,En agglomération,Intersection en T,Normale,Deux véhicules - arrière,2,1,1,0,1,2,1,3,1,50,2,3,2,0,0,1,43.0,42.0,voiture,voiture,1,2,3,1,2
202400019063,2024-03-09 19:50:00,2024,3,9,19,50,973,97302,VOLTAIRE(AVENUE),4.94235,-52.32241,Nuit avec éclairage allumé,En agglomération,Intersection en X,Normale,Deux véhicules - côté,4,2,2,0,1,1,1,0,1,50,2,3,1,0,0,2,32.0,17.0,utilitaire_camion,deux_roues,5,2,2,1,3
202400019063,2024-03-09 19:50:00,2024,3,9,19,50,973,97302,VOLTAIRE(AVENUE),4.94235,-52.32241,Nuit avec éclairage allumé,En agglomération,Intersection en X,Normale,Deux véhicules - côté,4,1,2,0,1,1,1,0,1,50,2,3,1,0,0,2,32.0,17.0,utilitaire_camion,deux_roues,5,2,2,1,3
202400019064,2024-06-28 20:45:00,2024,6,28,20,45,78,78498,CASTILLE AV BLANCHE DE,48.92014,2.02676,Plein jour,En agglomération,Intersection en T,Normale,Deux véhicules - côté,4,2,1,0,1,1,1,0,1,30,2,2,1,0,0,1,61.0,21.0,deux_roues,voiture,1,2,3,1,3
202400019064,2024-06-28 20:45:00,2024,6,28,20,45,78,78498,CASTILLE AV BLANCHE DE,48.92014,2.02676,Plein jour,En agglomération,Intersection en T,Normale,Deux véhicules - côté,4,2,1,0,1,1,1,0,1,30,2,2,1,0,0,1,61.0,21.0,deux_roues,voiture,1,2,3,1,3
202400019065,2024-11-18 11:05:00,2024,11,18,11,5,34,34032,LIBERTE (BD DE LA),43.34249,3.22139,Plein jour,En agglomération,Intersection en X,Normale,Deux véhicules - arrière,4,2,2,0,1,1,1,0,1,50,2,2,1,0,1,0,22.0,20.0,utilitaire_camion,deux_roues,1,2,2,1,2
202400019065,2024-11-18 11:05:00,2024,11,18,11,5,34,34032,LIBERTE (BD DE LA),43.34249,3.22139,Plein jour,En agglomération,Intersection en X,Normale,Deux véhicules - arrière,4,2,2,0,1,1,1,0,1,50,2,2,1,0,1,0,22.0,20.0,utilitaire_camion,deux_roues,1,2,2,1,2
202400019066,2024-03-11 16:40:00,2024,3,11,16,40,972,97213,ROUTE NATIONALE 1,14.65377,-60.97281,Plein jour,Hors agglomération,Autre intersection,Normale,Trois véhicules et plus - collisions multiples,2,3,2,0,3,1,1,0,1,70,3,3,2,0,0,1,59.0,22.0,voiture,voiture,1,1,9,1,5
202400019067,2024-11-19 18:45:00,2024,11,19,18,45,33,33550,,44.76388,-0.56051,Nuit avec éclairage allumé,En agglomération,Intersection en T,Pluie légère,Deux véhicules - arrière,4,2,2,0,1,1,2,0,1,50,2,2,1,0,0,1,52.0,63.0,voiture,transport_commun,5,2,3,2,2
202400019067,2024-11-19 18:45:00,2024,11,19,18,45,33,33550,,44.76388,-0.56051,Nuit avec éclairage allumé,En agglomération,Intersection en T,Pluie légère,Deux véhicules - arrière,4,2,2,0,1,1,2,0,1,50,2,2,1,0,0,1,52.0,63.0,voiture,transport_commun,5,2,3,2,2
202400019068,2024-06-29 10:55:00,2024,6,29,10,55,77,77438,CLAUDE MONET (PLACE),48.85409,2.66686,Plein jour,En agglomération,Hors intersection,Normale,Autre collision,4,-1,0,0,1,1,1,9,8,30,1,2,1,0,0,1,41.0,,voiture,,1,2,1,1,6
202400019069,2024-03-10 09:00:00,2024,3,10,9,0,971,97113,RN4 - SECTION RIVIERA,16.20863,-61.46992,Plein jour,Hors agglomération,Hors intersection,Normale,Trois véhicules et plus - en chaîne,2,2,2,0,1,1,1,0,1,70,3,6,5,0,0,1,66.0,44.0,voiture,voiture,1,1,1,1,4
202400019070,2024-11-19 07:31:00,2024,11,19,7,31,33,33063,,44.823594,-0.5658229,Crépuscule ou aube,En agglomération,Intersection en X,Temps couvert,Autre collision,4,2,2,0,1,1,1,5,1,30,1,2,1,0,1,0,,,voiture,,2,2,2,8,6
202400019070,2024-11-19 07:31:00,2024,11,19,7,31,33,33063,,44.823594,-0.5658229,Crépuscule ou aube,En agglomération,Intersection en X,Temps couvert,Autre collision,4,1,1,0,1,1,1,5,1,30,1,2,1,0,1,0,,,voiture,,2,2,2,8,6
202400019071,2024-06-29 10:45:00,2024,6,29,10,45,76,76540,Rue Jeanne d'Arc,49.44006,1.08933,Plein jour,En agglomération,Intersection en X,Normale,Autre collision,4,2,3,3,1,1,1,-1,6,50,1,2,1,0,1,0,76.0,,voiture,,1,2,2,1,6