accident_id,datetime,annee,mois,jour,heure,minute,departement,commune_insee,adresse,latitude,longitude,luminosite,agglomeration,intersection,meteo,collision,catr,circ,nbv,vosp,prof,plan,surf,infra,situ,vma,nb_vehicules,nb_usagers,nb_indemnes,nb_tues,nb_blesses_hosp,nb_blesses_legers,age_cond_1,age_cond_2,veh_type_cond_1,veh_type_cond_2,lum_code,agg_code,int_code,atm_code,col_code
202400019071,2024-06-29 10:45:00,2024,6,29,10,45,76,76540,Rue Jeanne d'Arc,49.44006,1.08933,Plein jour,En agglomération,Intersection en X,Normale,Autre collision,4,1,1,3,1,1,1,-1,6,50,1,2,1,0,1,0,76.0,,voiture,,1,2,2,1,6
202400019072,2024-03-10 06:30:00,2024,3,10,6,30,971,97101,PERRIN (SECTEUR),16.28537,-61.50555,Plein jour,Hors agglomération,Hors intersection,Normale,Deux véhicules - arrière,2,1,2,0,1,1,1,0,1,90,2,3,1,0,0,2,22.0,58.0,voiture,voiture,1,1,1,1,2
202400019073,2024-11-18 14:45:00,2024,11,18,14,45,33,33065,,44.80501,-0.51675,Plein jour,Hors agglomération,Hors intersection,Normale,Deux véhicules - frontale,4,2,2,0,1,1,1,0,1,80,2,2,0,1,1,0,62.0,71.0,voiture,voiture,1,1,1,1,1
202400019074,2024-03-10 19:50:00,2024,3,10,19,50,971,97105,BD GERTY ARCHIMEDE,15.99105,-61.72847,Nuit avec éclairage allumé,En agglomération,Hors intersection,Pluie légère,Autre collision,4,2,2,0,1,1,2,0,1,30,1,2,1,0,0,1,22.0,,voiture,,5,2,1,2,6
202400019075,2024-06-29 07:05:00,2024,6,29,7,5,72,72181,MAILLETS (RUE DES) N° PAIRS DE 2 A 12,48.01758,0.21885,Plein jour,En agglomération,Giratoire,Normale,Autre collision,4,1,2,2,1,2,1,0,4,50,1,2,0,0,0,2,42.0,,voiture,,1,2,6,1,6
202400019075,2024-06-29 07:05:00,2024,6,29,7,5,72,72181,MAILLETS (RUE DES) N° PAIRS DE 2 A 12,48.01758,0.21885,Plein jour,En agglomération,Giratoire,Normale,Autre collision,4,1,2,2,1,2,1,0,4,50,1,2,0,0,0,2,42.0,,voiture,,1,2,6,1,6
202400019076,2024-03-11 09:00:00,2024,3,11,9,0,95,95582,GUYNEMER (RUE),48.96884,2.26678,Plein jour,En agglomération,Hors intersection,Normale,Autre collision,4,2,1,0,1,1,1,0,1,50,1,1,0,0,0,1,62.0,,voiture,,1,2,1,1,6
202400019077,2024-11-19 20:15:00,2024,11,19,20,15,31,31555,BD DE MARENGO,43.60947721,1.45437688,Nuit avec éclairage allumé,En agglomération,Intersection en X,Normale,Deux véhicules - côté,4,1,2,1,1,1,1,2,1,30,2,2,1,0,0,1,20.0,48.0,deux_roues,voiture,5,2,2,1,3
202400019077,2024-11-19 20:15:00,2024,11,19,20,15,31,31555,BD DE MARENGO,43.60947721,1.45437688,Nuit avec éclairage allumé,En agglomération,Intersection en X,Normale,Deux véhicules - côté,4,2,4,1,1,1,1,2,1,30,2,2,1,0,0,1,20.0,48.0,deux_roues,voiture,5,2,2,1,3
202400019078,2024-06-28 13:45:00,2024,6,28,13,45,71,71270,JULIENAS (ROUTE DE),46.27563,4.78613,Plein jour,Hors agglomération,Intersection en T,Temps éblouissant,Deux véhicules - arrière,3,-1,2,0,1,1,1,0,1,70,2,2,1,0,1,0,17.0,52.0,deux_roues,voiture,1,1,3,7,2
202400019078,2024-06-28 13:45:00,2024,6,28,13,45,71,71270,JULIENAS (ROUTE DE),46.27563,4.78613,Plein jour,Hors agglomération,Intersection en T,Temps éblouissant,Deux véhicules - arrière,3,2,2,0,2,1,1,0,1,80,2,2,1,0,1,0,17.0,52.0,deux_roues,voiture,1,1,3,7,2
202400019079,2024-11-19 09:45:00,2024,11,19,9,45,31,31555,AV MARCEL DASSAULT,43.57403,1.49458,Plein jour,En agglomération,Hors intersection,Normale,Deux véhicules - côté,4,2,2,0,1,1,1,0,1,50,2,2,1,0,0,1,21.0,41.0,deux_roues,utilitaire_camion,1,2,1,1,3
202400019080,2024-03-11 03:40:00,2024,3,11,3,40,91,91161,RTE DE MASSY,48.71206,2.30837,Nuit sans éclairage public,En agglomération,Hors intersection,Normale,Deux véhicules - frontale,3,2,2,1,1,3,1,2,1,50,2,4,1,0,2,1,31.0,42.0,voiture,utilitaire_camion,3,2,1,1,1
202400019081,2024-11-12 18:45:00,2024,11,12,18,45,30,30189,AVIGNON (ROUTE),43.85603,4.40194,Nuit avec éclairage allumé,En agglomération,Hors intersection,Pluie légère,Trois véhicules et plus - collisions multiples,4,2,4,0,1,1,2,0,1,70,3,5,0,0,2,3,19.0,46.0,voiture,voiture,5,2,1,2,5
202400019082,2024-03-11 18:50:00,2024,3,11,18,50,91,91027,AV FRANCOIS MITTERRAND,48.71619,2.37105,Nuit avec éclairage allumé,En agglomération,Intersection en X,Pluie légère,Deux véhicules - côté,2,-1,0,0,1,1,2,5,1,50,2,2,1,0,0,1,51.0,43.0,voiture,voiture,5,2,2,2,3
202400019082,2024-03-11 18:50:00,2024,3,11,18,50,91,91027,AV FRANCOIS MITTERRAND,48.71619,2.37105,Nuit avec éclairage allumé,En agglomération,Intersection en X,Pluie légère,Deux véhicules - côté,2,2, -1,-1,-1,-1,2,0,1,-1,2,2,1,0,0,1,51.0,43.0,voiture,voiture,5,2,2,2,3
202400019083,2024-06-28 14:27:00,2024,6,28,14,27,69,69264,Rue de la Quarantaine,45.9893,4.72274,Plein jour,En agglomération,Intersection en X,Normale,Deux véhicules - côté,4,1,2,2,1,1,1,0,1,50,2,2,1,0,1,0,28.0,32.0,deux_roues,voiture,1,2,2,1,3
202400019083,2024-06-28 14:27:00,2024,6,28,14,27,69,69264,Rue de la Quarantaine,45.9893,4.72274,Plein jour,En agglomération,Intersection en X,Normale,Deux véhicules - côté,4,2,2,0,1,1,1,2,1,50,2,2,1,0,1,0,28.0,32.0,deux_roues,voiture,1,2,2,1,3
202400019084,2024-11-18 07:50:00,2024,11,18,7,50,29,29019,rue de Portzmoguer,48.3953,-4.49402,Nuit avec éclairage allumé,En agglomération,Hors intersection,Pluie légère,Autre collision,4,2,2,0,2,1,2,0,1,30,1,2,1,0,0,1,21.0,,voiture,,5,2,1,2,6
202400019085,2024-06-28 23:50:00,2024,6,28,23,50,69,69029,Avenue Général de Gaulle,45.72984,4.92005,Nuit avec éclairage allumé,En agglomération,Hors intersection,Normale,Autre collision,7,2,2,1,2,2,1,0,3,50,1,1,0,0,0,1,42.0,,voiture,,5,2,1,1,6
202400019086,2024-03-11 05:20:00,2024,3,11,5,20,91,91223,VICTOIRE (ROND-POINT DE LA),48.43717,2.16317,Nuit avec éclairage allumé,En agglomération,Giratoire,Normale,Deux véhicules - côté,3,2,2,0,1,1,1,0,1,50,2,2,1,0,0,1,45.0,44.0,voiture,deux_roues,5,2,6,1,3
202400019086,2024-03-11 05:20:00,2024,3,11,5,20,91,91223,VICTOIRE (ROND-POINT DE LA),48.43717,2.16317,Nuit avec éclairage allumé,En agglomération,Giratoire,Normale,Deux véhicules - côté,3,1,2,0,1,1,1,5,1,50,2,2,1,0,0,1,45.0,44.0,voiture,deux_roues,5,2,6,1,3
202400019087,2024-06-29 10:09:00,2024,6,29,10,9,63,63300,RD227-Route de Chatel-Guyon,45.90766986,3.08670125,Plein jour,Hors agglomération,Hors intersection,Normale,Autre collision,3,2,2,0,3,3,1,0,3,70,1,1,0,0,0,1,22.0,,voiture,,1,1,1,1,6
202400019088,2024-11-19 21:20:00,2024,11,19,21,20,27,27229,BUZOT (RUE),49.02731,1.15549,Nuit avec éclairage allumé,En agglomération,Intersection en X,Pluie légère,Deux véhicules - côté,4,2,2,0,1,1,2,0,1,50,2,3,0,0,0,3,26.0,31.0,voiture,voiture,5,2,2,2,3
202400019088,2024-11-19 21:20:00,2024,11,19,21,20,27,27229,BUZOT (RUE),49.02731,1.15549,Nuit avec éclairage allumé,En agglomération,Intersection en X,Pluie légère,Deux véhicules - côté,4,2,2,0,1,1,2,0,1,50,2,3,0,0,0,3,26.0,31.0,voiture,voiture,5,2,2,2,3
202400019089,2024-03-10 12:05:00,2024,3,10,12,5,91,91469,ARTONDU (ROUTE D'),48.39824,2.14348,Plein jour,Hors agglomération,Intersection en T,Normale,Deux véhicules - frontale,3,2, -1,-1,-1,-1,-1,-1,-1,-1,2,2,1,0,0,1,19.0,70.0,voiture,voiture,1,1,3,1,1
202400019089,2024-03-10 12:05:00,2024,3,10,12,5,91,91469,ARTONDU (ROUTE D'),48.39824,2.14348,Plein jour,Hors agglomération,Intersection en T,Normale,Deux véhicules - frontale,3,2,2,0,1,1,1,0,1,50,2,2,1,0,0,1,19.0,70.0,voiture,voiture,1,1,3,1,1
202400019090,2024-06-28 07:30:00,2024,6,28,7,30,62,62427,D161E4,50.44588,2.96502,Plein jour,En agglomération,Hors intersection,Normale,Deux véhicules - côté,3,2,2,0,1,1,1,0,1,80,2,2,1,0,1,0,29.0,50.0,deux_roues,voiture,1,2,1,1,3
202400019091,2024-11-18 13:45:00,2024,11,18,13,45,25,25031,JALESIE (RUE DE LA),47.48739,6.84357,Plein jour,En agglomération,Hors intersection,Normale,Autre collision,4,2,2,0,1,1,1,0,1,50,1,2,1,0,1,0,51.0,,voiture,,1,2,1,1,6
202400019092,2024-03-10 10:10:00,2024,3,10,10,10,91,91223,BONNEVAUX (AVENUE DE),48.4302,2.15797,Plein jour,En agglomération,Autre intersection,Normale,Trois véhicules et plus - en chaîne,4,2,2,0,1,1,1,5,1,50,3,4,2,0,0,2,46.0,54.0,utilitaire_camion,voiture,1,2,9,1,4
202400019093,2024-11-19 18:30:00,2024,11,19,18,30,15,15014,Giratoite Pierre Sémard,44.921693,2.435834,Nuit avec éclairage allumé,En agglomération,Giratoire,Pluie légère,Deux véhicules - côté,4,2,0,0,2,1,2,0,1,30,2,2,1,0,0,1,17.0,43.0,deux_roues,utilitaire_camion,5,2,6,2,3
202400019093,2024-11-19 18:30:00,2024,11,19,18,30,15,15014,Giratoite Pierre Sémard,44.921693,2.435834,Nuit avec éclairage allumé,En agglomération,Giratoire,Pluie légère,Deux véhicules - côté,4,2,1,0,1,2,2,0,1,30,2,2,1,0,0,1,17.0,43.0,deux_roues,utilitaire_camion,5,2,6,2,3
202400019094,2024-06-29 02:10:00,2024,6,29,2,10,62,62051,D941,50.51681511,2.77406645,Nuit avec éclairage non allumé,Hors agglomération,Intersection en T,Normale,Deux véhicules - arrière,3,2,2,0,1,1,1,5,1,80,2,5,4,0,0,1,50.0,23.0,voiture,deux_roues,4,1,3,1,2
202400019094,2024-06-29 02:10:00,2024,6,29,2,10,62,62051,D941,50.51681511,2.77406645,Nuit avec éclairage non allumé,Hors agglomération,Intersection en T,Normale,Deux véhicules - arrière,3,2,2,0,1,1,1,5,1,80,2,5,4,0,0,1,50.0,23.0,voiture,deux_roues,4,1,3,1,2
202400019095,2024-03-11 07:36:00,2024,3,11,7,36,87,87085,JOURDAN (PLACE),45.83217701,1.26470089,Plein jour,En agglomération,Hors intersection,Pluie forte,Autre collision,4,2,6,3,1,1,2,0,1,30,1,2,1,0,0,1,34.0,,voiture,,1,2,1,3,6
202400019096,2024-11-19 07:30:00,2024,11,19,7,30,15,15014,Rue Laparra de Fieux,44.920547,2.431187,Crépuscule ou aube,En agglomération,Hors intersection,Pluie légère,Sans collision,4,2,2,0,2,1,2,0,1,50,1,1,0,0,0,1,16.0,,deux_roues,,2,2,1,2,7
202400019097,2024-06-30 00:08:00,2024,6,30,0,8,61,61006,D958,48.74686,-0.03201,Nuit sans éclairage public,Hors agglomération,Hors intersection,Normale,Autre collision,3,3,4,0,2,1,1,0,1,90,1,1,0,0,0,1,21.0,,voiture,,3,1,1,1,6
202400019098,2024-03-09 15:49:00,2024,3,9,15,49,87,87085,BAC (RUE THEODORE),45.83974,1.26074,Plein jour,En agglomération,Hors intersection,Normale,Deux véhicules - arrière,4,3,2,0,1,1,2,0,1,30,2,3,2,0,0,1,72.0,47.0,voiture,voiture,1,2,1,1,2
202400019099,2024-11-14 07:30:00,2024,11,14,7,30,14,14338,24 Route de la Vallée,49.296759,-0.07818,Crépuscule ou aube,En agglomération,Intersection en T,Normale,Autre collision,3,2,2,0,1,1,1,0,1,50,1,2,1,0,0,1,25.0,,voiture,,2,2,3,1,6
202400019099,2024-11-14 07:30:00,2024,11,14,7,30,14,14338,24 Route de la Vallée,49.296759,-0.07818,Crépuscule ou aube,En agglomération,Intersection en T,Normale,Autre collision,3,2,2,0,1,1,1,0,1,50,1,2,1,0,0,1,25.0,,voiture,,2,2,3,1,6
202400019100,2024-06-28 13:40:00,2024,6,28,13,40,61,61001,Voie Communale,48.436873,0.107075,Plein jour,En agglomération,Hors intersection,Normale,Autre collision,4,2,2,0,1,2,1,0,1,30,1,2,1,0,0,1,51.0,,voiture,,1,2,1,1,6
202400019101,2024-03-11 20:50:00,2024,3,11,20,50,83,83137,PICOT (AVE DU COLONEL),43.12872095,5.96649778,Nuit avec éclairage allumé,En agglomération,Intersection en T,Normale,Deux véhicules - côté,3,1,1,0,1,1,1,0,8,50,2,2,1,0,1,0,28.0,44.0,deux_roues,voiture,5,2,3,1,3
202400019101,2024-03-11 20:50:00,2024,3,11,20,50,83,83137,PICOT (AVE DU COLONEL),43.12872095,5.96649778,Nuit avec éclairage allumé,En agglomération,Intersection en T,Normale,Deux véhicules - côté,3,2,2,0,1,1,1,0,1,50,2,2,1,0,1,0,28.0,44.0,deux_roues,voiture,5,2,3,1,3
202400019102,2024-11-19 17:20:00,2024,11,19,17,20,13,13106,8 MAI 1945 (AVENUE DU),43.39,5.36,Nuit avec éclairage allumé,En agglomération,Hors intersection,Normale,Deux véhicules - frontale,4,-1,0,0,1,2,1,0,1,30,2,2,1,0,0,1,25.0,36.0,voiture,voiture,5,2,1,1,1
202400019103,2024-06-29 23:05:00,2024,6,29,23,5,60,60175,RN 330_BRETELLE RN330_ACCES RN16,49.25331,2.49051,Nuit sans éclairage public,Hors agglomération,Hors intersection,Normale,Autre collision,3,1,1,0,2,3,1,0,8,50,1,1,0,0,0,1,20.0,,voiture,,3,1,1,1,6
202400019104,2024-03-10 12:55:00,2024,3,10,12,55,77,77487,SAINT JUST (AVENUE),48.53436,2.67872,Plein jour,En agglomération,Hors intersection,Normale,Deux véhicules - arrière,4,-1,2,0,1,2,1,0,1,50,2,2,1,0,1,0,19.0,38.0,voiture,deux_roues,1,2,1,1,2
202400019105,2024-11-19 12:20:00,2024,11,19,12,20,13,13103,BOULEVARD JOLY - VICTOR,43.63806,5.09525,Plein jour,En agglomération,Hors intersection,Normale,Deux véhicules - côté,4,1,2,3,1,1,1,9,8,30,1,2,1,0,1,0,54.0,,voiture,,1,2,1,1,3
202400019106,2024-06-29 19:45:00,2024,6,29,19,45,59,59153,CHE DU HALAGE,50.447,3.585,Plein jour,Hors agglomération,Giratoire,Normale,Deux véhicules - frontale,3,2,1,0,1,1,2,0,1,70,2,2,0,0,1,1,21.0,42.0,voiture,deux_roues,1,1,6,1,1
202400019107,2024-11-19 19:15:00,2024,11,19,19,15,13,13212,ALPES (BOULEVARD DES),43.30144839,5.41507943,Nuit avec éclairage allumé,En agglomération,Hors intersection,Normale,Autre collision,4,2,2,0,1,1,1,0,1,50,1,1,0,0,1,0,34.0,,voiture,,5,2,1,1,6
202400019108,2024-03-11 22:15:00,2024,3,11,22,15,77,77438,CLOS SAINT PAIRES (CHEMIN DU ),48.865322,2.690994,Nuit avec éclairage allumé,En agglomération,Intersection en T,Normale,Autre collision,4,2,1,0,2,1,2,0,3,30,1,2,1,0,0,1,19.0,,voiture,,5,2,3,1,6
202400019108,2024-03-11 22:15:00,2024,3,11,22,15,77,77438,CLOS SAINT PAIRES (CHEMIN DU ),48.865322,2.690994,Nuit avec éclairage allumé,En agglomération,Intersection en T,Normale,Autre collision,4,2,2,0,1,1,2,0,3,30,1,2,1,0,0,1,19.0,,voiture,,5,2,3,1,6
202400019109,2024-11-19 10:20:00,2024,11,19,10,20,13,13203,FÉLIX PYAT (RUE),43.3144,5.3756,Plein jour,En agglomération,Hors intersection,Normale,Deux véhicules - frontale,4,2,2,0,1,1,1,0,1,30,2,2,1,0,0,1,29.0,44.0,voiture,voiture,1,2,1,1,1
202400019110,2024-06-28 16:50:00,2024,6,28,16,50,59,59599,GRAMME (CHAUSSEE),50.73562,3.17537,Plein jour,En agglomération,Intersection en X,Normale,Deux véhicules - côté,7,2,2,0,1,1,1,0,1,50,2,2,1,0,0,1,40.0,28.0,voiture,deux_roues,1,2,2,1,3
202400019110,2024-06-28 16:50:00,2024,6,28,16,50,59,59599,GRAMME (CHAUSSEE),50.73562,3.17537,Plein jour,En agglomération,Intersection en X,Normale,Deux véhicules - côté,7,2,4,0,1,1,1,0,1,50,2,2,1,0,0,1,40.0,28.0,voiture,deux_roues,1,2,2,1,3
202400019111,2024-03-11 06:35:00,2024,3,11,6,35,72,72003,SABLE (RTE DE),47.98337037,0.14780102,Nuit avec éclairage allumé,En agglomération,Hors intersection,Normale,Deux véhicules - côté,3,1,1,0,1,2,1,0,1,50,2,2,1,0,0,1,50.0,67.0,deux_roues,voiture,5,2,1,1,3
202400019112,2024-11-19 18:50:00,2024,11,19,18,50,13,13047,RN 569,43.56901,4.97957,Nuit sans éclairage public,Hors agglomération,Hors intersection,Normale,Autre collision,2,2,2,0,1,1,1,0,1,90,2,2,1,0,0,1,29.0,57.0,voiture,voiture,3,1,1,1,6
202400019113,2024-06-29 06:45:00,2024,6,29,6,45,59,59350,Façade de l'Esplanade,50.64299,3.05347,Plein jour,En agglomération,Hors intersection,Normale,Autre collision,4,1,2,0,1,3,1,0,1,50,1,2,0,0,1,1,23.0,,voiture,,1,2,1,1,6
202400019114,2024-03-11 08:20:00,2024,3,11,8,20,69,69275,Avenue Jean Jaurès,45.77103413,4.96139914,Plein jour,En agglomération,Hors intersection,Normale,Deux véhicules - côté,4,2,4,2,2,1,1,0,5,50,2,2,1,0,0,1,23.0,33.0,voiture,deux_roues,1,2,1,1,3
202400019115,2024-11-19 01:15:00,2024,11,19,1,15,06,06088,Promenade des Anglais,43.688481,7.240641,Nuit sans éclairage public,En agglomération,Hors intersection,Normale,Deux véhicules - côté,7,3,6,0,1,1,1,0,1,50,2,4,3,0,0,1,18.0,17.0,voiture,deux_roues,3,2,1,1,3
202400019116,2024-06-28 23:20:00,2024,6,28,23,20,59,59507,Place du Commandant Alloy,50.607377,3.076581,Nuit avec éclairage allumé,En agglomération,Autre intersection,Normale,Deux véhicules - côté,4,4,4,3,1,1,1,9,1,30,2,2,1,0,0,1,52.0,,deux_roues,utilitaire_camion,5,2,9,1,3
202400019117,2024-02-18 12:53:00,2024,2,18,12,53,68,68224,Avenue de Colmar,47.764568,7.324003,Plein jour,En agglomération,Intersection en T,Normale,Deux véhicules - côté,3,2,3,1,1,1,1,0,1,50,2,2,1,0,1,0,38.0,38.0,deux_roues,voiture,1,2,3,1,3
202400019117,2024-02-18 12:53:00,2024,2,18,12,53,68,68224,Avenue de Colmar,47.764568,7.324003,Plein jour,En agglomération,Intersection en T,Normale,Deux véhicules - côté,3,2,4,0,1,1,1,0,1,50,2,2,1,0,1,0,38.0,38.0,deux_roues,voiture,1,2,3,1,3
202400019118,2024-11-19 14:35:00,2024,11,19,14,35,03,03190,rond point Georges Pompidou,46.56925,3.3256,Plein jour,En agglomération,Giratoire,Temps couvert,Deux véhicules - côté,4,1,1,0,1,3,1,0,1,50,2,2,1,0,0,1,22.0,51.0,deux_roues,voiture,1,2,6,8,3
202400019119,2024-06-29 18:30:00,2024,6,29,18,30,56,56260,Boulevard de la Résistance,47.64845,-2.78196,Plein jour,En agglomération,Hors intersection,Normale,Sans collision,4,2,3,1,2,1,1,-1,5,-1,1,1,0,0,0,1,35.0,,deux_roues,,1,2,1,1,7
202400019120,2024-11-19 16:45:00,2024,11,19,16,45,01,01283,EGLISETTE (RUE DE L'),46.26171,5.63873,Crépuscule ou aube,En agglomération,Hors intersection,Pluie légère,Autre collision,4,2,2,0,1,1,2,0,1,30,1,2,1,0,1,0,39.0,,voiture,,2,2,1,2,6
202400019121,2024-03-11 11:10:00,2024,3,11,11,10,66,66136,Talbot-Lago (Rue),42.73248,2.89034,Plein jour,En agglomération,Hors intersection,Normale,Deux véhicules - côté,4,2,2,0,1,1,1,0,1,50,2,2,1,0,0,1,26.0,26.0,voiture,voiture,1,2,1,1,3
202400019122,2024-11-19 15:43:00,2024,11,19,15,43,01,01451,GOUVERNEUR LOUIS VABRE ( ALLEE DU),46.22701,5.207703,Plein jour,Hors agglomération,Hors intersection,Temps couvert,Autre collision,4,-1,1,0,1,1,1,0,1,50,1,1,0,0,1,0,74.0,,voiture,,1,1,1,8,6
202400019123,2024-06-29 16:10:00,2024,6,29,16,10,56,56098,Rue Daniel-Charles Trudaine,47.77661,-3.33876,Plein jour,En agglomération,Hors intersection,Normale,Deux véhicules - arrière,3,2,2,0,2,1,1,0,1,30,2,3,2,0,0,1,27.0,23.0,voiture,deux_roues,1,2,1,1,2
202400019124,2024-03-11 14:50:00,2024,3,11,14,50,64,64483,LABROUCHE JOSEPH JOACHIM (AVENUE),43.38738,-1.66127,Plein jour,En agglomération,Hors intersection,Pluie légère,Autre collision,4,1,1,0,1,1,2,6,1,20,1,2,1,0,0,1,42.0,,deux_roues,,1,2,1,2,6
202400019125,2024-03-11 08:30:00,2024,3,11,8,30,64,64445,rue Marca,43.29436,-0.37736,Plein jour,En agglomération,Hors intersection,Pluie forte,Sans collision,4,1,2,1,1,1,2,8,5,30,1,1,0,0,0,1,56.0,,deux_roues,,1,2,1,3,7
202400019126,2024-11-18 11:22:00,2024,11,18,11,22,94,94068,Rue Bourdignon,48.803744,2.477048,Plein jour,En agglomération,Intersection en X,Pluie légère,Autre collision,4,1,2,2,1,1,2,0,1,30,1,3,2,0,0,1,62.0,,voiture,,1,2,2,2,6
202400019126,2024-11-18 11:22:00,2024,11,18,11,22,94,94068,Rue Bourdignon,48.803744,2.477048,Plein jour,En agglomération,Intersection en X,Pluie légère,Autre collision,4,2,2,0,1,1,2,6,1,30,1,3,2,0,0,1,62.0,,voiture,,1,2,2,2,6
202400019127,2024-06-29 04:30:00,2024,6,29,4,30,34,34172,PUECH VILLA (RUE DE),43.63945,3.82847,Nuit avec éclairage allumé,En agglomération,Intersection en X,Normale,Deux véhicules - côté,4,3,3,0,1,1,1,0,1,50,2,2,1,0,0,1,26.0,42.0,voiture,voiture,5,2,2,1,3
202400019127,2024-06-29 04:30:00,2024,6,29,4,30,34,34172,PUECH VILLA (RUE DE),43.63945,3.82847,Nuit avec éclairage allumé,En agglomération,Intersection en X,Normale,Deux véhicules - côté,4,3,2,0,1,1,1,0,1,50,2,2,1,0,0,1,26.0,42.0,voiture,voiture,5,2,2,1,3
202400019128,2024-06-29 03:27:00,2024,6,29,3,27,33,33063,,44.82117,-0.58266,Nuit avec éclairage allumé,En agglomération,Autre intersection,Temps couvert,Sans collision,4,3,2,0,4,1,1,1,8,50,1,1,0,0,0,1,34.0,,deux_roues,,5,2,9,8,7
202400019129,2024-11-19 18:40:00,2024,11,19,18,40,94,94058,Avenue du 11 Novembre,48.84216185,2.49872768,Nuit avec éclairage allumé,En agglomération,Intersection en T,Pluie forte,Autre collision,3,2,2,0,1,1,2,0,1,50,1,2,1,0,0,1,41.0,,voiture,,5,2,3,3,6
202400019129,2024-11-19 18:40:00,2024,11,19,18,40,94,94058,Avenue du 11 Novembre,48.84216185,2.49872768,Nuit avec éclairage allumé,En agglomération,Intersection en T,Pluie forte,Autre collision,3,1, -1,-1,1,1,2,0,1,-1,1,2,1,0,0,1,41.0,,voiture,,5,2,3,3,6
202400019130,2024-02-22 16:45:00,2024,2,22,16,45,62,62498,D58E1,50.42693,2.80612,Plein jour,En agglomération,Hors intersection,Normale,Trois véhicules et plus - en chaîne,3,3,0,0,1,1,1,0,1,50,4,8,0,0,0,8,28.0,28.0,voiture,voiture,1,2,1,1,4
202400019131,2024-06-29 20:10:00,2024,6,29,20,10,33,33009,,44.6601,-1.1678,Plein jour,En agglomération,Hors intersection,Pluie légère,Deux véhicules - arrière,4,2,2,0,1,1,2,5,1,50,2,6,5,0,0,1,27.0,48.0,voiture,voiture,1,2,1,2,2
202400019132,2024-11-18 18:19:00,2024,11,18,18,19,94,94046,Rue Jean Jaurès,48.79197735,2.4347177,Nuit avec éclairage allumé,En agglomération,Hors intersection,Pluie légère,Trois véhicules et plus - en chaîne,3,2,4,0,1,1,2,0,1,50,4,7,4,0,0,3,37.0,37.0,voiture,voiture,5,2,1,2,4
202400019133,2024-03-11 21:15:00,2024,3,11,21,15,59,59650,MARAIS (RUE JEAN),50.6991,3.22481,Nuit avec éclairage allumé,En agglomération,Intersection en T,Pluie légère,Deux véhicules - côté,4,2,2,0,1,1,2,0,1,50,2,2,1,0,0,1,30.0,41.0,autre,voiture,5,2,3,2,3
202400019133,2024-03-11 21:15:00,2024,3,11,21,15,59,59650,MARAIS (RUE JEAN),50.6991,3.22481,Nuit avec éclairage allumé,En agglomération,Intersection en T,Pluie légère,Deux véhicules - côté,4,2,2,1,1,1,2,0,5,50,2,2,1,0,0,1,30.0,41.0,autre,voiture,5,2,3,2,3
202400019134,2024-06-30 00:25:00,2024,6,30,0,25,32,32013,BARRAN (CHEMIN DE),43.6295,0.53867,Nuit sans éclairage public,Hors agglomération,Hors intersection,Temps couvert,Autre collision,4,2,1,0,1,3,1,0,1,80,1,3,0,0,0,3,19.0,,voiture,,3,1,1,8,6
202400019135,2024-03-11 04:10:00,2024,3,11,4,10,59,59225,R.N. 49 VALENCIENNES,50.28032,3.907143,Nuit avec éclairage non allumé,Hors agglomération,Hors intersection,Pluie légère,Autre collision,3,2,4,0,1,1,2,0,1,50,2,2,1,0,1,0,42.0,51.0,voiture,deux_roues,4,1,1,2,6
202400019136,2024-11-19 18:15:00,2024,11,19,18,15,94,94021,Av du Pdt Franklin Roosevelt,48.771818,2.35697,Nuit avec éclairage allumé,En agglomération,Intersection en X,Pluie forte,Autre collision,3,-1,1,0,1,1,2,0,1,20,1,2,1,0,0,1,24.0,,voiture,,5,2,2,3,6
202400019136,2024-11-19 18:15:00,2024,11,19,18,15,94,94021,Av du Pdt Franklin Roosevelt,48.771818,2.35697,Nuit avec éclairage allumé,En agglomération,Intersection en X,Pluie forte,Autre collision,3,2, -1,-1,1,1,2,5,1,-1,1,2,1,0,0,1,24.0,,voiture,,5,2,2,3,6
202400019137,2024-06-28 18:00:00,2024,6,28,18,0,29,29232,Route de Brest,48.01388,-4.07987,Plein jour,En agglomération,Hors intersection,Normale,Deux véhicules - arrière,4,2,2,0,1,1,1,0,1,50,2,2,1,0,0,1,60.0,23.0,deux_roues,voiture,1,2,1,1,2
202400019138,2024-03-08 15:00:00,2024,3,8,15,0,57,57672,GUENTRANGE (ROUTE DE) 1 A 93,49.360168,6.157291,Plein jour,En agglomération,Intersection en X,Normale,Deux véhicules - côté,4,2,2,0,1,1,1,0,1,50,2,2,1,0,1,0,33.0,72.0,voiture,voiture,1,2,2,1,3
202400019138,2024-03-08 15:00:00,2024,3,8,15,0,57,57672,GUENTRANGE (ROUTE DE) 1 A 93,49.360168,6.157291,Plein jour,En agglomération,Intersection en X,Normale,Deux véhicules - côté,4,2,3,0,1,1,1,0,1,50,2,2,1,0,1,0,33.0,72.0,voiture,voiture,1,2,2,1,3
202400019139,2024-06-28 07:45:00,2024,6,28,7,45,29,29232,Rond-Point de Ludugris,47.97952351,-4.12191647,Crépuscule ou aube,En agglomération,Giratoire,Normale,Deux véhicules - côté,3,1,0,0,3,1,1,9,1,50,2,2,1,0,0,1,,68.0,autre,voiture,2,2,6,1,3