accident_id,datetime,annee,mois,jour,heure,minute,departement,commune_insee,adresse,latitude,longitude,luminosite,agglomeration,intersection,meteo,collision,catr,circ,nbv,vosp,prof,plan,surf,infra,situ,vma,nb_vehicules,nb_usagers,nb_indemnes,nb_tues,nb_blesses_hosp,nb_blesses_legers,age_cond_1,age_cond_2,veh_type_cond_1,veh_type_cond_2,lum_code,agg_code,int_code,atm_code,col_code
202400019280,2024-11-20 16:00:00,2024,11,20,16,0,62,62318,D940,50.52731588,1.62799788,Plein jour,En agglomération,Autre intersection,Temps éblouissant,Autre collision,3,2,2,0,1,1,1,0,1,50,1,2,1,0,1,0,83.0,,voiture,,1,2,9,7,6
202400019281,2024-03-11 19:55:00,2024,3,11,19,55,94,94016,Avenue Aristide Briand / Rue Marcel Bonnet,48.796237,2.321964,Nuit avec éclairage non allumé,En agglomération,Intersection en X,Pluie légère,Deux véhicules - côté,3,3,4,2,1,1,2,0,1,50,2,2,1,0,0,1,,38.0,autre,deux_roues,4,2,2,2,3
202400019281,2024-03-11 19:55:00,2024,3,11,19,55,94,94016,Avenue Aristide Briand / Rue Marcel Bonnet,48.796237,2.321964,Nuit avec éclairage non allumé,En agglomération,Intersection en X,Pluie légère,Deux véhicules - côté,3,2,2,0,1,1,2,0,1,50,2,2,1,0,0,1,,38.0,autre,deux_roues,4,2,2,2,3
202400019282,2024-06-29 20:30:00,2024,6,29,20,30,84,84135,2105 Route d'Orange,44.198896,4.800794,Plein jour,Hors agglomération,Hors intersection,Pluie légère,Autre collision,3,2,2,0,1,2,2,0,3,80,1,1,0,0,0,1,31.0,,voiture,,1,1,1,2,6
202400019283,2024-03-11 17:00:00,2024,3,11,17,0,94,94073,Avenue du Général de Gaulle / Rue Buffon,48.76651,2.38618,Plein jour,En agglomération,Intersection en X,Pluie légère,Deux véhicules - frontale,3,2,2,0,1,1,2,0,1,50,2,3,2,0,0,1,32.0,27.0,deux_roues,voiture,1,2,2,2,1
202400019283,2024-03-11 17:00:00,2024,3,11,17,0,94,94073,Avenue du Général de Gaulle / Rue Buffon,48.76651,2.38618,Plein jour,En agglomération,Intersection en X,Pluie légère,Deux véhicules - frontale,3,2,2,0,1,1,2,0,1,50,2,3,2,0,0,1,32.0,27.0,deux_roues,voiture,1,2,2,2,1
202400019284,2024-06-29 19:30:00,2024,6,29,19,30,59,59278,RN41,50.61369307,2.95386171,Plein jour,Hors agglomération,Hors intersection,Normale,Autre collision,2,2,2,0,1,1,2,0,2,110,1,1,0,0,0,1,33.0,,voiture,,1,1,1,1,6
202400019285,2024-11-19 15:00:00,2024,11,19,15,0,62,62560,D191,50.827182,1.698927,Plein jour,Hors agglomération,Intersection en T,Pluie forte,Deux véhicules - côté,1,3,2,0,1,1,2,3,1,-1,2,4,3,0,1,0,73.0,32.0,voiture,voiture,1,1,3,3,3
202400019285,2024-11-19 15:00:00,2024,11,19,15,0,62,62560,D191,50.827182,1.698927,Plein jour,Hors agglomération,Intersection en T,Pluie forte,Deux véhicules - côté,1,2,2,0,2,1,2,5,1,70,2,4,3,0,1,0,73.0,32.0,voiture,voiture,1,1,3,3,3
202400019286,2024-03-11 09:00:00,2024,3,11,9,0,94,94033,Rue Edouard Vaillant,48.85085662,2.48325321,Plein jour,En agglomération,Hors intersection,Normale,Autre collision,4,2,2,2,2,2,1,0,4,30,1,3,2,0,0,1,19.0,,voiture,,1,2,1,1,6
202400019287,2024-07-18 16:40:00,2024,7,18,16,40,26,26360,Route de Saint Paul,44.410957,4.805859,Plein jour,Hors agglomération,Intersection en T,Normale,Deux véhicules - frontale,3,2,2,0,1,1,1,0,1,80,2,2,1,0,1,0,50.0,52.0,utilitaire_camion,deux_roues,1,1,3,1,1
202400019287,2024-07-18 16:40:00,2024,7,18,16,40,26,26360,Route de Saint Paul,44.410957,4.805859,Plein jour,Hors agglomération,Intersection en T,Normale,Deux véhicules - frontale,3,2,2,0,1,1,1,0,1,80,2,2,1,0,1,0,50.0,52.0,utilitaire_camion,deux_roues,1,1,3,1,1
202400019288,2024-06-29 17:30:00,2024,6,29,17,30,87,87181,Rue du Chatelard,46.042922,1.492832,Plein jour,Hors agglomération,Intersection en Y,Pluie légère,Deux véhicules - côté,3,2,2,0,2,1,2,0,1,80,2,4,2,0,0,2,65.0,51.0,voiture,utilitaire_camion,1,1,4,2,3
202400019288,2024-06-29 17:30:00,2024,6,29,17,30,87,87181,Rue du Chatelard,46.042922,1.492832,Plein jour,Hors agglomération,Intersection en Y,Pluie légère,Deux véhicules - côté,3,2, -1,-1,2,1,2,5,1,80,2,4,2,0,0,2,65.0,51.0,voiture,utilitaire_camion,1,1,4,2,3
202400019289,2024-08-25 22:00:00,2024,8,25,22,0,14,14047,11 Rue Louviere,49.282063,-0.704734,Nuit avec éclairage allumé,En agglomération,Hors intersection,Normale,Sans collision,4,1,1,0,1,1,1,0,1,50,1,1,0,0,0,1,48.0,,deux_roues,,5,2,1,1,7
202400019290,2024-03-11 19:20:00,2024,3,11,19,20,94,94077,Rue Charles Nungesser / Avenue Didier Daurat,48.732895,2.403665,Nuit avec éclairage allumé,En agglomération,Intersection en T,Pluie légère,Deux véhicules - côté,3,2,2,0,1,1,2,0,1,50,2,2,1,0,0,1,65.0,21.0,autre,voiture,5,2,3,2,3
202400019290,2024-03-11 19:20:00,2024,3,11,19,20,94,94077,Rue Charles Nungesser / Avenue Didier Daurat,48.732895,2.403665,Nuit avec éclairage allumé,En agglomération,Intersection en T,Pluie légère,Deux véhicules - côté,3,2,2,0,2,2,2,9,1,50,2,2,1,0,0,1,65.0,21.0,autre,voiture,5,2,3,2,3
202400019291,2024-06-29 12:00:00,2024,6,29,12,0,30,30202,Rue Trintignant,44.254736,4.646568,Plein jour,En agglomération,Hors intersection,Normale,Sans collision,3,1,2,0,1,1,1,0,1,50,1,2,1,0,1,0,88.0,,voiture,,1,2,1,1,7
202400019292,2024-08-10 23:10:00,2024,8,10,23,10,14,14305,Route de Lisieux,49.273457,-0.051622,Nuit sans éclairage public,Hors agglomération,Hors intersection,Normale,Deux véhicules - frontale,3,2,2,0,1,1,1,0,1,80,2,4,0,0,0,4,58.0,34.0,voiture,voiture,3,1,1,1,1
202400019293,2024-03-09 20:30:00,2024,3,9,20,30,94,94019,Route de la Libération / Route du Plessis,48.799038,2.545082,Nuit avec éclairage allumé,En agglomération,Place,Pluie forte,Deux véhicules - arrière,3,3,2,2,1,1,2,5,1,50,2,2,1,0,0,1,29.0,29.0,deux_roues,voiture,5,2,7,3,2
202400019293,2024-03-09 20:30:00,2024,3,9,20,30,94,94019,Route de la Libération / Route du Plessis,48.799038,2.545082,Nuit avec éclairage allumé,En agglomération,Place,Pluie forte,Deux véhicules - arrière,3,3,6,0,1,1,2,5,1,50,2,2,1,0,0,1,29.0,29.0,deux_roues,voiture,5,2,7,3,2
202400019294,2024-06-30 14:48:00,2024,6,30,14,48,30,30286,D981,43.984972,4.45928,Plein jour,Hors agglomération,Hors intersection,Normale,Deux véhicules - frontale,3,2,2,0,1,1,1,0,1,80,2,2,0,0,1,1,68.0,18.0,voiture,voiture,1,1,1,1,1
202400019295,2024-06-30 17:45:00,2024,6,30,17,45,62,62761,D33,50.23357495,2.84916581,Plein jour,Hors agglomération,Hors intersection,Normale,Autre collision,3,2,2,0,1,3,1,0,1,80,1,1,0,0,0,1,18.0,,deux_roues,,1,1,1,1,6
202400019296,2024-03-11 08:15:00,2024,3,11,8,15,94,94028,Avenue des Petites Haies / Rue de Valenton,48.7881,2.43976,Plein jour,En agglomération,Intersection en T,Normale,Autre collision,4,2,2,0,1,1,1,5,1,-1,1,3,1,0,0,2,41.0,,voiture,,1,2,3,1,6
202400019296,2024-03-11 08:15:00,2024,3,11,8,15,94,94028,Avenue des Petites Haies / Rue de Valenton,48.7881,2.43976,Plein jour,En agglomération,Intersection en T,Normale,Autre collision,4,2,2,0,1,1,1,5,1,50,1,3,1,0,0,2,41.0,,voiture,,1,2,3,1,6
202400019297,2024-04-17 11:25:00,2024,4,17,11,25,14,14530,D514,49.240904,-0.269074,Plein jour,Hors agglomération,Autre intersection,Normale,Deux véhicules - côté,3,1,1,0,1,3,1,5,1,50,2,2,1,0,0,1,24.0,89.0,deux_roues,voiture,1,1,9,1,3
202400019297,2024-04-17 11:25:00,2024,4,17,11,25,14,14530,D514,49.240904,-0.269074,Plein jour,Hors agglomération,Autre intersection,Normale,Deux véhicules - côté,3,2,2,-1,1,3,1,5,1,50,2,2,1,0,0,1,24.0,89.0,deux_roues,voiture,1,1,9,1,3
202400019298,2024-11-18 12:10:00,2024,11,18,12,10,974,97416,ENTRE DEUX (CHEMIN) CD26,-21.29794,55.43878,Plein jour,Hors agglomération,Hors intersection,Temps éblouissant,Deux véhicules - frontale,3,2,2,0,1,1,1,0,1,70,2,2,1,0,0,1,22.0,56.0,voiture,voiture,1,1,1,7,1
202400019299,2024-06-28 19:20:00,2024,6,28,19,20,77,77359,Rue des Grouettes,48.483931,2.52692,Plein jour,En agglomération,Hors intersection,Temps éblouissant,Deux véhicules - arrière,3,2,2,0,1,1,1,0,1,50,2,2,1,0,1,0,71.0,26.0,voiture,deux_roues,1,2,1,7,2
202400019300,2024-03-11 22:00:00,2024,3,11,22,0,93,93073,Terminal 2,49.00526732,2.55778885,Nuit sans éclairage public,Hors agglomération,Hors intersection,Pluie légère,Trois véhicules et plus - collisions multiples,9,3,6,0,2,1,2,0,1,90,3,5,2,0,0,3,21.0,67.0,voiture,voiture,3,1,1,2,5
202400019301,2024-06-30 15:10:00,2024,6,30,15,10,95,95026,D909,49.14632607,2.37641118,Plein jour,Hors agglomération,Hors intersection,Normale,Deux véhicules - frontale,3,2,2,0,1,3,1,0,1,70,2,4,0,1,3,0,61.0,64.0,voiture,voiture,1,1,1,1,1
202400019302,2024-03-11 17:15:00,2024,3,11,17,15,93,93073,Avenue de la Station / Avenue la Fontaine,48.95667,2.57265,Plein jour,En agglomération,Intersection en T,Pluie légère,Autre collision,3,2,2,1,1,1,2,9,1,50,1,1,0,0,0,1,42.0,,voiture,,1,2,3,2,6
202400019302,2024-03-11 17:15:00,2024,3,11,17,15,93,93073,Avenue de la Station / Avenue la Fontaine,48.95667,2.57265,Plein jour,En agglomération,Intersection en T,Pluie légère,Autre collision,3,2,2,0,1,1,2,0,1,-1,1,1,0,0,0,1,42.0,,voiture,,1,2,3,2,6
202400019303,2024-06-30 16:10:00,2024,6,30,16,10,51,51369,D373,48.727807,3.685605,Plein jour,Hors agglomération,Hors intersection,Normale,Sans collision,3,2,2,0,1,1,1,0,3,90,1,2,1,0,1,0,26.0,,voiture,,1,1,1,1,7
202400019304,2024-11-18 08:57:00,2024,11,18,8,57,974,97411,JAURES (BOULEVARD JEAN),-20.88834,55.44453,Plein jour,En agglomération,Hors intersection,Normale,Deux véhicules - côté,2,1,3,0,1,1,1,0,1,70,2,2,1,0,0,1,62.0,36.0,deux_roues,voiture,1,2,1,1,3
202400019305,2024-03-11 18:05:00,2024,3,11,18,5,93,93072,Boulevard Maxime Gorki / Avenue Gaston Monmousseau,48.947676,2.386373,Nuit sans éclairage public,En agglomération,Intersection en T,Pluie légère,Deux véhicules - côté,3,3,4,3,1,1,2,0,1,50,2,2,1,0,0,1,20.0,36.0,deux_roues,voiture,3,2,3,2,3
202400019305,2024-03-11 18:05:00,2024,3,11,18,5,93,93072,Boulevard Maxime Gorki / Avenue Gaston Monmousseau,48.947676,2.386373,Nuit sans éclairage public,En agglomération,Intersection en T,Pluie légère,Deux véhicules - côté,3,2,2,0,1,1,2,0,1,-1,2,2,1,0,0,1,20.0,36.0,deux_roues,voiture,3,2,3,2,3
202400019306,2024-06-29 17:58:00,2024,6,29,17,58,51,51161,D1,49.045696,4.174461,Plein jour,Hors agglomération,Hors intersection,Pluie légère,Sans collision,3,2,2,0,4,2,2,0,1,80,1,1,0,0,0,1,28.0,,voiture,,1,1,1,2,7
202400019307,2024-11-18 16:00:00,2024,11,18,16,0,973,97302,ROUTE NATIONALE 1,4.89674,-52.32858,Plein jour,Hors agglomération,Giratoire,Normale,Deux véhicules - côté,2,1,2,0,1,3,1,0,1,50,2,2,1,0,0,1,23.0,20.0,voiture,deux_roues,1,1,6,1,3
202400019308,2024-06-29 01:30:00,2024,6,29,1,30,56,56005,Boulevard de la résistance,47.546386,-2.893803,Nuit sans éclairage public,En agglomération,Hors intersection,Normale,Autre collision,4,2,2,1,1,1,1,-1,5,30,1,1,0,0,0,1,18.0,,deux_roues,,3,2,1,1,6
202400019309,2024-03-11 09:00:00,2024,3,11,9,0,93,93062,Avenue Thiers / Boulevard du Nord,48.90125,2.51241,Plein jour,En agglomération,Intersection en X,Temps couvert,Deux véhicules - côté,3,2,2,0,1,1,1,5,1,30,2,2,1,0,1,0,58.0,60.0,voiture,deux_roues,1,2,2,8,3
202400019309,2024-03-11 09:00:00,2024,3,11,9,0,93,93062,Avenue Thiers / Boulevard du Nord,48.90125,2.51241,Plein jour,En agglomération,Intersection en X,Temps couvert,Deux véhicules - côté,3,2,2,0,1,1,1,5,1,30,2,2,1,0,1,0,58.0,60.0,voiture,deux_roues,1,2,2,8,3
202400019310,2024-06-29 17:45:00,2024,6,29,17,45,76,76400,Rue du General de Gaulle,49.828709,0.912509,Plein jour,En agglomération,Hors intersection,Normale,Autre collision,3,2,2,0,1,1,1,0,1,50,1,2,1,0,1,0,24.0,,voiture,,1,2,1,1,6
202400019311,2024-11-18 08:20:00,2024,11,18,8,20,973,97302,BADUEL (ROUTE DE),4.93701,-52.31502,Plein jour,En agglomération,Hors intersection,Normale,Deux véhicules - côté,3,2,2,0,1,1,1,0,1,50,2,3,2,0,0,1,40.0,43.0,deux_roues,deux_roues,1,2,1,1,3
202400019312,2024-11-18 05:28:00,2024,11,18,5,28,973,97302,ROUTE NATIONALE 1,4.89791,-52.32753,Crépuscule ou aube,Hors agglomération,Hors intersection,Normale,Autre collision,2,3,4,0,1,1,1,0,1,90,1,2,1,1,0,0,34.0,,voiture,,2,1,1,1,6
202400019313,2024-06-30 00:38:00,2024,6,30,0,38,79,79329,,46.945077,-0.241624,Nuit sans éclairage public,Hors agglomération,Hors intersection,Pluie légère,Autre collision,3,2,2,0,1,2,2,0,3,80,1,1,0,0,1,0,23.0,,voiture,,3,1,1,2,6
202400019314,2024-03-11 07:00:00,2024,3,11,7,0,93,93046,Boulevard Jean Jaurès / Allée Condorcet,48.92445,2.52253,Plein jour,En agglomération,Intersection en X,Normale,Deux véhicules - frontale,3,2,2,1,1,1,1,0,1,50,2,2,1,0,0,1,27.0,49.0,deux_roues,voiture,1,2,2,1,1
202400019314,2024-03-11 07:00:00,2024,3,11,7,0,93,93046,Boulevard Jean Jaurès / Allée Condorcet,48.92445,2.52253,Plein jour,En agglomération,Intersection en X,Normale,Deux véhicules - frontale,3,1,1,0,1,1,1,0,1,-1,2,2,1,0,0,1,27.0,49.0,deux_roues,voiture,1,2,2,1,1
202400019315,2024-11-17 07:30:00,2024,11,17,7,30,973,97302,BADUEL (ROUTE DE),4.92906,-52.29553,Plein jour,En agglomération,Hors intersection,Normale,Sans collision,3,2,2,0,1,1,2,0,3,50,1,1,0,0,0,1,24.0,,voiture,,1,2,1,1,7
202400019316,2024-06-30 02:45:00,2024,6,30,2,45,80,80186,Rue de Nesle,49.807828,2.800806,Nuit avec éclairage allumé,En agglomération,Hors intersection,Normale,Sans collision,3,2,2,0,1,3,1,0,4,50,1,2,0,1,1,0,29.0,,voiture,,5,2,1,1,7
202400019317,2024-06-29 16:30:00,2024,6,29,16,30,82,82112,Chemin de Sainte-Livrade,44.114578,1.121877,Plein jour,En agglomération,Hors intersection,Normale,Autre collision,4,2,2,0,1,3,1,0,3,50,1,1,0,0,1,0,16.0,,deux_roues,,1,2,1,1,6
202400019318,2024-03-09 12:00:00,2024,3,9,12,0,93,93032,Rue du Rond Point / Rue du Chanoine Monsanglant,48.87299646,2.55608261,Plein jour,En agglomération,Intersection en X,Normale,Deux véhicules - côté,4,1,1,0,1,1,1,0,1,50,2,6,4,0,0,2,78.0,35.0,voiture,voiture,1,2,2,1,3
202400019318,2024-03-09 12:00:00,2024,3,9,12,0,93,93032,Rue du Rond Point / Rue du Chanoine Monsanglant,48.87299646,2.55608261,Plein jour,En agglomération,Intersection en X,Normale,Deux véhicules - côté,4,2,2,0,1,1,1,0,1,50,2,6,4,0,0,2,78.0,35.0,voiture,voiture,1,2,2,1,3
202400019319,2024-11-17 19:43:00,2024,11,17,19,43,972,97213,ROUTE DEPARTEMENTALE 15,14.63791,-61.00986,Crépuscule ou aube,Hors agglomération,Hors intersection,Pluie forte,Autre collision,3,3,2,0,2,1,2,0,1,50,1,2,1,0,0,1,72.0,,voiture,,2,1,1,3,6
202400019320,2024-03-11 19:55:00,2024,3,11,19,55,93,93008,Avenue Paul Vaillant - Couturier / Route de Stains,48.90565,2.46944,Nuit avec éclairage allumé,En agglomération,Place,Pluie légère,Autre collision,3,3,4,0,2,1,2,5,1,50,1,2,1,0,0,1,42.0,,utilitaire_camion,,5,2,7,2,6
202400019320,2024-03-11 19:55:00,2024,3,11,19,55,93,93008,Avenue Paul Vaillant - Couturier / Route de Stains,48.90565,2.46944,Nuit avec éclairage allumé,En agglomération,Place,Pluie légère,Autre collision,3,3,6,0,2,1,2,2,1,50,1,2,1,0,0,1,42.0,,utilitaire_camion,,5,2,7,2,6
202400019321,2024-06-29 18:00:00,2024,6,29,18,0,82,82094,D2,44.252102,1.134945,Plein jour,En agglomération,Intersection en T,Normale,Autre collision,3,2,2,0,2,1,1,0,1,50,1,2,1,1,0,0,78.0,,voiture,,1,2,3,1,6
202400019321,2024-06-29 18:00:00,2024,6,29,18,0,82,82094,D2,44.252102,1.134945,Plein jour,En agglomération,Intersection en T,Normale,Autre collision,3,1,2,0,1,3,1,0,1,50,1,2,1,1,0,0,78.0,,voiture,,1,2,3,1,6
202400019322,2024-11-18 07:15:00,2024,11,18,7,15,2B,2B033,11 - RT,42.66492,9.44272,Plein jour,En agglomération,Hors intersection,Normale,Deux véhicules - côté,2,3,4,0,1,1,1,0,1,70,2,2,1,0,0,1,42.0,39.0,utilitaire_camion,voiture,1,2,1,1,3
202400019323,2024-06-30 11:30:00,2024,6,30,11,30,82,82155,lieu-dit Paradis,44.146609,1.795616,Plein jour,Hors agglomération,Hors intersection,Normale,Sans collision,4,2,2,0,2,1,1,0,1,80,1,1,0,1,0,0,36.0,,deux_roues,,1,1,1,1,7
202400019324,2024-03-11 21:10:00,2024,3,11,21,10,93,93005,Rue Maximilien de Robespierre / Rue du Hameau,48.948685,2.502873,Nuit avec éclairage allumé,En agglomération,Intersection en T,Normale,Deux véhicules - côté,4,1,1,0,1,1,2,0,1,50,2,2,1,0,0,1,29.0,24.0,deux_roues,voiture,5,2,3,1,3
202400019324,2024-03-11 21:10:00,2024,3,11,21,10,93,93005,Rue Maximilien de Robespierre / Rue du Hameau,48.948685,2.502873,Nuit avec éclairage allumé,En agglomération,Intersection en T,Normale,Deux véhicules - côté,4,2,2,0,1,1,2,0,1,10,2,2,1,0,0,1,29.0,24.0,deux_roues,voiture,5,2,3,1,3
202400019325,2024-11-17 01:20:00,2024,11,17,1,20,971,97101,CHAUVEL,16.23827,-61.52291,Nuit avec éclairage allumé,Hors agglomération,Hors intersection,Normale,Deux véhicules - arrière,2,1,2,0,1,1,1,0,1,90,2,2,1,0,0,1,29.0,31.0,voiture,voiture,5,1,1,1,2
202400019326,2024-03-11 01:15:00,2024,3,11,1,15,92,92049,DORMOY AVENUE MARX N°2 A 100,48.81002781,2.31874752,Nuit avec éclairage allumé,En agglomération,Hors intersection,Normale,Autre collision,3,3,6,1,1,1,1,0,3,50,1,1,0,0,0,1,26.0,,voiture,,5,2,1,1,6
202400019327,2024-11-16 18:20:00,2024,11,16,18,20,971,97101,BAIMBRIDGE,16.24822,-61.52726,Nuit avec éclairage allumé,Hors agglomération,Hors intersection,Normale,Sans collision,2,1,2,0,1,1,1,2,1,90,1,1,0,0,0,1,59.0,,deux_roues,,5,1,1,1,7
202400019328,2024-04-11 16:15:00,2024,4,11,16,15,69,69066,1740 Route de Thizy,46.0821358,4.31167979,Plein jour,Hors agglomération,Hors intersection,Normale,Trois véhicules et plus - collisions multiples,3,2,2,2,1,1,1,0,1,90,3,3,1,0,0,2,31.0,46.0,voiture,voiture,1,1,1,1,5
202400019329,2024-03-11 19:01:00,2024,3,11,19,1,92,92036,HENRI BARBUSSE (RUE) (37/135),48.92123124,2.29943705,Plein jour,En agglomération,Intersection en X,Pluie légère,Autre collision,3,3,1,0,1,1,2,6,1,50,1,2,1,0,0,1,29.0,,deux_roues,,1,2,2,2,6
202400019329,2024-03-11 19:01:00,2024,3,11,19,1,92,92036,HENRI BARBUSSE (RUE) (37/135),48.92123124,2.29943705,Plein jour,En agglomération,Intersection en X,Pluie légère,Autre collision,3,2,2,0,1,1,2,6,1,50,1,2,1,0,0,1,29.0,,deux_roues,,1,2,2,2,6
202400019330,2024-11-16 18:45:00,2024,11,16,18,45,971,97101,GRAND CAMP(SECTION),16.2539,-61.54016,Nuit avec éclairage non allumé,Hors agglomération,Hors intersection,Normale,Autre collision,2,3,2,0,2,1,1,3,1,90,1,2,1,1,0,0,64.0,,utilitaire_camion,,4,1,1,1,6
202400019331,2024-06-29 14:45:00,2024,6,29,14,45,61,61081,D438,48.65173,0.194095,Plein jour,En agglomération,Hors intersection,Pluie forte,Deux véhicules - frontale,3,2,2,0,2,1,2,0,1,50,2,3,0,0,2,1,78.0,56.0,voiture,voiture,1,2,1,3,1
202400019332,2024-03-11 18:45:00,2024,3,11,18,45,92,92035,Général de Gaulle  ( avenue du ),48.90652245,2.25570345,Plein jour,En agglomération,Hors intersection,Temps couvert,Autre collision,3,2,4,2,1,1,2,0,8,50,1,2,1,0,0,1,32.0,,voiture,,1,2,1,8,6
202400019333,2024-11-15 23:40:00,2024,11,15,23,40,971,97120,CHEMIN NEUF,16.23316,-61.53172,Nuit avec éclairage allumé,Hors agglomération,Hors intersection,Normale,Deux véhicules - arrière,3,1,1,0,1,1,1,0,1,50,2,2,1,0,1,0,18.0,32.0,deux_roues,voiture,5,1,1,1,2
202400019334,2024-06-23 17:40:00,2024,6,23,17,40,42,42246,Rue de la Condamine,45.319276,4.625585,Plein jour,Hors agglomération,Hors intersection,Normale,Deux véhicules - arrière,3,2,2,0,1,1,1,0,1,80,2,3,2,0,0,1,42.0,58.0,voiture,voiture,1,1,1,1,2
202400019335,2024-03-11 11:00:00,2024,3,11,11,0,92,92024,LEON GAMBETTA (ALLEES),48.90306934,2.31065798,Plein jour,En agglomération,Hors intersection,Normale,Autre collision,4,1,1,1,1,1,1,0,1,30,1,2,1,0,0,1,39.0,,utilitaire_camion,,1,2,1,1,6
202400019336,2024-03-11 08:15:00,2024,3,11,8,15,92,92007,BLANCHARD (RUE),48.79591561,2.29379421,Plein jour,En agglomération,Intersection en T,Normale,Deux véhicules - côté,3,2,2,0,1,1,1,0,1,30,2,2,1,0,0,1,52.0,62.0,voiture,deux_roues,1,2,3,1,3
202400019336,2024-03-11 08:15:00,2024,3,11,8,15,92,92007,BLANCHARD (RUE),48.79591561,2.29379421,Plein jour,En agglomération,Intersection en T,Normale,Deux véhicules - côté,3,1,1,0,1,1,1,0,1,50,2,2,1,0,0,1,52.0,62.0,voiture,deux_roues,1,2,3,1,3
202400019337,2024-06-29 01:25:00,2024,6,29,1,25,44,44153,,47.683058,-1.446494,Nuit sans éclairage public,Hors agglomération,Giratoire,Normale,Deux véhicules - arrière,3,2,2,0,1,1,1,5,1,80,2,4,1,0,0,3,42.0,19.0,utilitaire_camion,voiture,3,1,6,1,2
202400019338,2024-11-18 19:00:00,2024,11,18,19,0,95,95127,OISE (BOULEVARD DE L'),49.04512588,2.03807294,Nuit avec éclairage allumé,En agglomération,Intersection en T,Pluie légère,Autre collision,4,2,2,0,2,2,3,0,2,50,1,2,1,0,1,0,22.0,,voiture,,5,2,3,2,6
202400019338,2024-11-18 19:00:00,2024,11,18,19,0,95,95127,OISE (BOULEVARD DE L'),49.04512588,2.03807294,Nuit avec éclairage allumé,En agglomération,Intersection en T,Pluie légère,Autre collision,4,2,2,0,2,2,3,0,2,50,1,2,1,0,1,0,22.0,,voiture,,5,2,3,2,6
202400019338,2024-11-18 19:00:00,2024,11,18,19,0,95,95127,OISE (BOULEVARD DE L'),49.04512588,2.03807294,Nuit avec éclairage allumé,En agglomération,Intersection en T,Pluie légère,Autre collision,4,2,2,0,2,2,3,0,2,50,1,2,1,0,1,0,22.0,,voiture,,5,2,3,2,6
202400019339,2024-06-28 19:25:00,2024,6,28,19,25,29,29236,D4,47.86251625,-3.71396426,Plein jour,Hors agglomération,Hors intersection,Normale,Autre collision,3,2,2,0,1,2,1,0,1,80,1,2,1,0,1,0,31.0,,utilitaire_camion,,1,1,1,1,6
202400019340,2024-06-28 20:20:00,2024,6,28,20,20,38,38408,75 Route de Lafayette,45.589473,5.027527,Crépuscule ou aube,Hors agglomération,Hors intersection,Normale,Autre collision,3,2,2,0,2,1,1,0,8,70,1,2,0,0,1,1,19.0,,voiture,,2,1,1,1,6
202400019341,2024-11-18 18:05:00,2024,11,18,18,5,85,85191,RD160,46.6783,-1.4527,Nuit sans éclairage public,Hors agglomération,Hors intersection,Temps couvert,Trois véhicules et plus - en chaîne,3,2,0,0,1,1,1,0,1,80,4,8,7,0,1,0,53.0,40.0,voiture,voiture,3,1,1,8,4
202400019342,2024-03-10 02:00:00,2024,3,10,2,0,62,62100,D113,50.4246369,1.91557938,Nuit sans éclairage public,En agglomération,Intersection en T,Pluie légère,Deux véhicules - côté,3,2,2,0,1,1,2,0,1,50,2,3,2,0,1,0,20.0,37.0,voiture,voiture,3,2,3,2,3
202400019342,2024-03-10 02:00:00,2024,3,10,2,0,62,62100,D113,50.4246369,1.91557938,Nuit sans éclairage public,En agglomération,Intersection en T,Pluie légère,Deux véhicules - côté,3,2,2,0,1,1,2,0,1,50,2,3,2,0,1,0,20.0,37.0,voiture,voiture,3,2,3,2,3
202400019343,2024-11-18 08:20:00,2024,11,18,8,20,83,83137,DARDANELLES (AVE DES),43.1285,5.92461,Plein jour,En agglomération,Intersection en X,Normale,Autre collision,4,1,2,0,1,1,1,0,8,30,1,2,1,0,0,1,30.0,,voiture,,1,2,2,1,6
202400019343,2024-11-18 08:20:00,2024,11,18,8,20,83,83137,DARDANELLES (AVE DES),43.1285,5.92461,Plein jour,En agglomération,Intersection en X,Normale,Autre collision,4,2, -1,-1,1,1,1,0,1,-1,1,2,1,0,0,1,30.0,,voiture,,1,2,2,1,6
202400019344,2024-03-12 11:00:00,2024,3,12,11,0,01,01007,D36,46.009031,5.362186,Plein jour,En agglomération,Giratoire,Normale,Autre collision,3,2,1,0,1,1,1,5,3,50,1,1,0,1,0,0,25.0,,voiture,,1,2,6,1,6
202400019345,2024-06-29 09:37:00,2024,6,29,9,37,85,85008,A87,46.62735582,-1.43314503,Plein jour,Hors agglomération,Hors intersection,Pluie forte,Sans collision,1,2,2,0,1,2,2,3,2,110,1,1,0,0,0,1,56.0,,voiture,,1,1,1,3,7
202400019346,2024-11-14 16:12:00,2024,11,14,16,12,83,83129,ILES (CORNICHE DES),43.07075,5.79457,Plein jour,En agglomération,Autre intersection,Normale,Autre collision,3,1,1,0,1,1,1,0,1,30,1,2,1,0,1,0,56.0,,utilitaire_camion,,1,2,9,1,6