accident_id,datetime,annee,mois,jour,heure,minute,departement,commune_insee,adresse,latitude,longitude,luminosite,agglomeration,intersection,meteo,collision,catr,circ,nbv,vosp,prof,plan,surf,infra,situ,vma,nb_vehicules,nb_usagers,nb_indemnes,nb_tues,nb_blesses_hosp,nb_blesses_legers,age_cond_1,age_cond_2,veh_type_cond_1,veh_type_cond_2,lum_code,agg_code,int_code,atm_code,col_code
202400019346,2024-11-14 16:12:00,2024,11,14,16,12,83,83129,ILES (CORNICHE DES),43.07075,5.79457,Plein jour,En agglomération,Autre intersection,Normale,Autre collision,3,-1, -1,-1,1,1,1,0,1,-1,1,2,1,0,1,0,56.0,,utilitaire_camion,,1,2,9,1,6
202400019347,2024-03-11 17:10:00,2024,3,11,17,10,76,76728,A150,49.480512,1.008843,Plein jour,Hors agglomération,Hors intersection,Normale,Autre collision,1,3,2,0,1,2,1,3,3,-1,1,2,1,0,0,1,41.0,,utilitaire_camion,,1,1,1,1,6
202400019348,2024-06-30 18:00:00,2024,6,30,18,0,83,83139,1602 Route de Villecroze,43.597316,6.284252,Plein jour,Hors agglomération,Hors intersection,Normale,Sans collision,3,2,2,0,1,2,1,0,8,70,1,2,0,0,1,1,47.0,,deux_roues,,1,1,1,1,7
202400019349,2024-11-18 17:45:00,2024,11,18,17,45,81,81004,5 Rue de Rudel,43.926029,2.130745,Plein jour,En agglomération,Giratoire,Normale,Deux véhicules - côté,3,2,2,0,1,1,1,0,1,50,2,2,1,0,0,1,41.0,51.0,voiture,deux_roues,1,2,6,1,3
202400019349,2024-11-18 17:45:00,2024,11,18,17,45,81,81004,5 Rue de Rudel,43.926029,2.130745,Plein jour,En agglomération,Giratoire,Normale,Deux véhicules - côté,3,1,2,0,1,1,1,0,1,50,2,2,1,0,0,1,41.0,51.0,voiture,deux_roues,1,2,6,1,3
202400019350,2024-03-11 19:00:00,2024,3,11,19,0,76,76210,Route de Neufchatel,49.860523,1.203035,Nuit avec éclairage allumé,En agglomération,Intersection en X,Pluie légère,Deux véhicules - frontale,3,3,2,0,1,1,2,0,1,50,2,2,1,0,0,1,16.0,65.0,deux_roues,voiture,5,2,2,2,1
202400019350,2024-03-11 19:00:00,2024,3,11,19,0,76,76210,Route de Neufchatel,49.860523,1.203035,Nuit avec éclairage allumé,En agglomération,Intersection en X,Pluie légère,Deux véhicules - frontale,3,2, -1,-1,1,1,2,0,1,-1,2,2,1,0,0,1,16.0,65.0,deux_roues,voiture,5,2,2,2,1
202400019351,2024-06-30 02:50:00,2024,6,30,2,50,64,64046,D8,43.28134766,-1.13151938,Nuit sans éclairage public,Hors agglomération,Hors intersection,Pluie légère,Sans collision,3,2,2,0,1,3,2,2,8,80,1,1,0,1,0,0,49.0,,voiture,,3,1,1,2,7
202400019352,2024-11-18 19:50:00,2024,11,18,19,50,78,78621,CASTIGLIONE DEL LAGO (RUE),48.779543,1.99079,Nuit avec éclairage non allumé,En agglomération,Intersection en X,Pluie légère,Autre collision,4,2,1,0,1,1,2,0,1,50,2,2,1,0,0,1,28.0,14.0,voiture,deux_roues,4,2,2,2,6
202400019352,2024-11-18 19:50:00,2024,11,18,19,50,78,78621,CASTIGLIONE DEL LAGO (RUE),48.779543,1.99079,Nuit avec éclairage non allumé,En agglomération,Intersection en X,Pluie légère,Autre collision,4,2,0,0,1,1,2,0,1,50,2,2,1,0,0,1,28.0,14.0,voiture,deux_roues,4,2,2,2,6
202400019353,2024-03-12 17:10:00,2024,3,12,17,10,974,97412,Rue de l'Hôpital,-21.379407,55.61857,Plein jour,En agglomération,Autre intersection,Normale,Autre collision,6,-1, -1,0,2,1,1,6,1,30,1,2,1,0,1,0,75.0,,voiture,,1,2,9,1,6
202400019354,2024-06-29 19:30:00,2024,6,29,19,30,10,10326,57 La Garenne,48.454339,4.494824,Crépuscule ou aube,Hors agglomération,Hors intersection,Vent fort / tempête,Sans collision,3,2,2,0,1,2,2,0,1,-1,1,4,0,3,1,0,77.0,,voiture,,2,1,1,6,7
202400019355,2024-03-12 08:10:00,2024,3,12,8,10,83,83036,D559,43.16541329,6.50201394,Plein jour,Hors agglomération,Hors intersection,Normale,Deux véhicules - arrière,3,2,2,0,2,3,1,0,1,70,2,2,1,1,0,0,83.0,58.0,deux_roues,voiture,1,1,1,1,2
202400019356,2024-11-18 17:15:00,2024,11,18,17,15,77,77284,CLEMENCEAU (AV.),48.96261,2.87585,Nuit avec éclairage allumé,En agglomération,Giratoire,Pluie forte,Deux véhicules - côté,4,4,3,0,1,1,2,5,1,50,2,2,1,0,1,0,57.0,55.0,voiture,deux_roues,5,2,6,3,3
202400019356,2024-11-18 17:15:00,2024,11,18,17,15,77,77284,CLEMENCEAU (AV.),48.96261,2.87585,Nuit avec éclairage allumé,En agglomération,Giratoire,Pluie forte,Deux véhicules - côté,4,4,1,0,1,2,2,5,1,50,2,2,1,0,1,0,57.0,55.0,voiture,deux_roues,5,2,6,3,3
202400019357,2024-06-30 00:30:00,2024,6,30,0,30,36,36213,Place des Prunus,46.64564801,0.96386254,Nuit sans éclairage public,En agglomération,Giratoire,Pluie légère,Autre collision,3,2,2,0,1,3,2,0,8,50,1,5,4,0,0,1,19.0,,voiture,,3,2,6,2,6
202400019358,2024-11-18 20:01:00,2024,11,18,20,1,77,77058,D406,48.83363,2.71059,Nuit avec éclairage allumé,En agglomération,Hors intersection,Pluie forte,Autre collision,3,1,0,0,1,1,2,0,1,50,1,3,2,0,0,1,22.0,,voiture,,5,2,1,3,6
202400019359,2024-03-12 08:20:00,2024,3,12,8,20,84,84099,chemin de Romieu,43.874834,5.089095,Plein jour,Hors agglomération,Hors intersection,Normale,Deux véhicules - arrière,3,2,2,0,1,1,1,0,1,80,2,3,1,0,2,0,34.0,39.0,utilitaire_camion,deux_roues,1,1,1,1,2
202400019360,2024-06-30 18:10:00,2024,6,30,18,10,07,07052,D533,44.944344,4.748384,Plein jour,Hors agglomération,Hors intersection,Normale,Sans collision,3,2,2,0,2,4,1,0,1,90,1,2,0,0,0,2,29.0,,deux_roues,,1,1,1,1,7
202400019361,2024-11-14 15:30:00,2024,11,14,15,30,77,77320,PARIS (AVENUE DE),48.8144,3.07104,Plein jour,En agglomération,Hors intersection,Temps couvert,Autre collision,3,2,2,0,1,1,1,0,1,50,2,2,1,0,1,0,89.0,61.0,voiture,voiture,1,2,1,8,6
202400019362,2024-06-30 15:14:00,2024,6,30,15,14,04,04141,RD 950 route de BANON,44.008404,5.687184,Plein jour,Hors agglomération,Hors intersection,Normale,Sans collision,3,2,2,0,2,3,1,0,1,80,1,1,0,0,1,0,81.0,,voiture,,1,1,1,1,7
202400019363,2024-03-10 14:56:00,2024,3,10,14,56,38,38226,saint claude et la croix,44.81752,5.7617,Plein jour,En agglomération,Hors intersection,Pluie forte,Deux véhicules - frontale,4,2,2,0,1,3,2,0,1,50,2,2,1,0,1,0,71.0,17.0,voiture,deux_roues,1,2,1,3,1
202400019364,2024-11-15 18:15:00,2024,11,15,18,15,76,76351,REPUBLIQUE (COURS DE LA),49.49961,0.12949,Nuit avec éclairage allumé,En agglomération,Hors intersection,Normale,Autre collision,4,2,8,1,1,1,1,4,1,50,1,2,1,0,0,1,27.0,,deux_roues,,5,2,1,1,6
202400019365,2024-03-11 10:25:00,2024,3,11,10,25,74,74225,Boulevard Louis Dagand,45.864777,5.940083,Plein jour,En agglomération,Giratoire,Normale,Autre collision,3,1,0,0,1,2,1,0,1,50,1,2,1,0,0,1,71.0,,voiture,,1,2,6,1,6
202400019366,2024-06-30 09:45:00,2024,6,30,9,45,04,04172,"Route des chateaux, RD 952",43.826919,6.129132,Plein jour,En agglomération,Intersection en X,Normale,Deux véhicules - frontale,3,2,2,0,1,1,1,0,1,50,2,3,1,0,1,1,20.0,69.0,voiture,deux_roues,1,2,2,1,1
202400019366,2024-06-30 09:45:00,2024,6,30,9,45,04,04172,"Route des chateaux, RD 952",43.826919,6.129132,Plein jour,En agglomération,Intersection en X,Normale,Deux véhicules - frontale,3,2, -1,-1,1,1,1,0,1,-1,2,3,1,0,1,1,20.0,69.0,voiture,deux_roues,1,2,2,1,1
202400019367,2024-06-30 14:15:00,2024,6,30,14,15,04,04135,D952,43.846119,6.20322,Plein jour,Hors agglomération,Hors intersection,Normale,Autre collision,3,2,2,0,1,2,1,2,8,80,1,1,0,0,1,0,21.0,,deux_roues,,1,1,1,1,6
202400019368,2024-03-10 00:40:00,2024,3,10,0,40,33,33236,,44.779284,-1.167169,Nuit sans éclairage public,Hors agglomération,Hors intersection,Pluie légère,Autre collision,3,2,2,0,1,1,2,-1,1,80,1,2,1,1,0,0,65.0,,voiture,,3,1,1,2,6
202400019369,2024-11-14 08:53:00,2024,11,14,8,53,76,76351,VALLEE (RUE DE LA),49.49635311,0.15737117,Plein jour,En agglomération,Autre intersection,Normale,Deux véhicules - côté,4,2,4,1,1,1,1,0,1,30,2,2,1,0,0,1,25.0,14.0,voiture,deux_roues,1,2,9,1,3
202400019370,2024-06-30 11:35:00,2024,6,30,11,35,04,04024,D 900,44.216959,6.36162,Plein jour,Hors agglomération,Hors intersection,Normale,Deux véhicules - frontale,3,2,2,0,2,3,1,0,1,80,2,3,0,2,1,0,56.0,59.0,deux_roues,deux_roues,1,1,1,1,1
202400019371,2024-03-12 11:40:00,2024,3,12,11,40,11,11027,route départementale 6113,43.186318,2.506127,Plein jour,Hors agglomération,Hors intersection,Normale,Deux véhicules - frontale,3,2,2,0,1,1,1,0,1,80,2,3,1,1,1,0,41.0,81.0,utilitaire_camion,voiture,1,1,1,1,1
202400019372,2024-11-18 08:50:00,2024,11,18,8,50,71,71076,SAINT VINCENT (REMPART),46.7871,4.85463,Plein jour,En agglomération,Hors intersection,Normale,Autre collision,4,1,1,0,2,1,1,0,1,50,1,2,1,0,0,1,37.0,,voiture,,1,2,1,1,6
202400019373,2024-06-28 16:20:00,2024,6,28,16,20,17,17327,Rue de l?Erable,46.076595,-0.601137,Plein jour,Hors agglomération,Intersection en X,Normale,Deux véhicules - frontale,3,2,2,0,1,1,1,0,1,80,2,2,0,0,0,2,27.0,21.0,voiture,utilitaire_camion,1,1,2,1,1
202400019373,2024-06-28 16:20:00,2024,6,28,16,20,17,17327,Rue de l?Erable,46.076595,-0.601137,Plein jour,Hors agglomération,Intersection en X,Normale,Deux véhicules - frontale,3,2,2,0,1,1,1,0,1,80,2,2,0,0,0,2,27.0,21.0,voiture,utilitaire_camion,1,1,2,1,1
202400019374,2024-03-11 14:15:00,2024,3,11,14,15,41,41139,Départementale 17,47.252648,1.515909,Plein jour,Hors agglomération,Intersection en Y,Normale,Autre collision,3,2,2,0,1,3,1,0,3,80,1,4,0,0,3,1,76.0,,voiture,,1,1,4,1,6
202400019374,2024-03-11 14:15:00,2024,3,11,14,15,41,41139,Départementale 17,47.252648,1.515909,Plein jour,Hors agglomération,Intersection en Y,Normale,Autre collision,3,2, -1,-1,-1,-1,-1,-1,-1,-1,1,4,0,0,3,1,76.0,,voiture,,1,1,4,1,6
202400019375,2024-06-28 19:45:00,2024,6,28,19,45,17,17139,La Coudre,46.127434,-0.582254,Plein jour,Hors agglomération,Hors intersection,Normale,Sans collision,3,2,2,0,1,1,1,0,1,80,1,1,0,0,1,0,46.0,,deux_roues,,1,1,1,1,7
202400019376,2024-03-11 17:45:00,2024,3,11,17,45,29,29097,Rue du Stade,48.486889,-4.038152,Plein jour,En agglomération,Hors intersection,Normale,Deux véhicules - côté,4,2,2,0,1,1,1,0,1,50,2,2,1,0,0,1,36.0,39.0,voiture,voiture,1,2,1,1,3
202400019377,2024-06-30 08:20:00,2024,6,30,8,20,17,17017,d122E1,45.934378,-0.696688,Plein jour,Hors agglomération,Hors intersection,Normale,Sans collision,4,2,2,0,1,2,2,0,3,30,1,1,0,0,1,0,19.0,,voiture,,1,1,1,1,7
202400019378,2024-11-18 17:38:00,2024,11,18,17,38,70,70550,Boulevard Kennedy,47.631313,6.16557,Nuit avec éclairage allumé,En agglomération,Giratoire,Pluie légère,Autre collision,2,-1,2,0,2,1,2,5,1,50,1,2,1,0,0,1,74.0,,voiture,,5,2,6,2,6
202400019378,2024-11-18 17:38:00,2024,11,18,17,38,70,70550,Boulevard Kennedy,47.631313,6.16557,Nuit avec éclairage allumé,En agglomération,Giratoire,Pluie légère,Autre collision,2,1, -1,-1,1,1,2,5,1,-1,1,2,1,0,0,1,74.0,,voiture,,5,2,6,2,6
202400019378,2024-11-18 17:38:00,2024,11,18,17,38,70,70550,Boulevard Kennedy,47.631313,6.16557,Nuit avec éclairage allumé,En agglomération,Giratoire,Pluie légère,Autre collision,2,2, -1,-1,1,1,2,5,1,-1,1,2,1,0,0,1,74.0,,voiture,,5,2,6,2,6
202400019378,2024-11-18 17:38:00,2024,11,18,17,38,70,70550,Boulevard Kennedy,47.631313,6.16557,Nuit avec éclairage allumé,En agglomération,Giratoire,Pluie légère,Autre collision,2,2, -1,-1,2,3,2,5,1,-1,1,2,1,0,0,1,74.0,,voiture,,5,2,6,2,6
202400019379,2024-03-12 10:40:00,2024,3,12,10,40,38,38022,D33,45.664383,5.569366,Plein jour,Hors agglomération,Hors intersection,Normale,Autre collision,3,2,2,0,1,3,1,0,1,80,2,2,0,0,0,2,38.0,75.0,voiture,voiture,1,1,1,1,6
202400019380,2024-06-30 15:41:00,2024,6,30,15,41,87,87036,1 Bousseroux,45.685111,0.967666,Plein jour,Hors agglomération,Intersection en T,Normale,Deux véhicules - côté,3,2,2,0,1,1,1,0,1,90,2,3,2,0,1,0,80.0,26.0,voiture,deux_roues,1,1,3,1,3
202400019380,2024-06-30 15:41:00,2024,6,30,15,41,87,87036,1 Bousseroux,45.685111,0.967666,Plein jour,Hors agglomération,Intersection en T,Normale,Deux véhicules - côté,3,2, -1,-1,1,1,1,5,1,80,2,3,2,0,1,0,80.0,26.0,voiture,deux_roues,1,1,3,1,3
202400019381,2024-03-12 16:45:00,2024,3,12,16,45,58,58024,ecluse numéro 3,47.14319,3.622785,Plein jour,Hors agglomération,Hors intersection,Pluie légère,Autre collision,3,2,2,0,1,3,2,2,8,90,1,1,0,1,0,0,95.0,,voiture,,1,1,1,2,6
202400019382,2024-11-18 18:24:00,2024,11,18,18,24,64,64445,GASTON LACOSTE,43.29244,-0.3635,Nuit avec éclairage allumé,En agglomération,Hors intersection,Normale,Deux véhicules - arrière,4,2,2,0,2,2,1,0,1,50,2,2,1,0,0,1,53.0,50.0,voiture,voiture,5,2,1,1,2
202400019383,2024-03-12 14:00:00,2024,3,12,14,0,05,05046,16 Rue de la Liberté,44.562989,6.493188,Plein jour,En agglomération,Intersection en T,Normale,Autre collision,4,2,2,0,2,1,1,0,1,50,1,2,0,0,2,0,68.0,,voiture,,1,2,3,1,6
202400019383,2024-03-12 14:00:00,2024,3,12,14,0,05,05046,16 Rue de la Liberté,44.562989,6.493188,Plein jour,En agglomération,Intersection en T,Normale,Autre collision,4,2,2,0,2,1,1,0,3,50,1,2,0,0,2,0,68.0,,voiture,,1,2,3,1,6
202400019384,2024-06-30 16:45:00,2024,6,30,16,45,37,37213,La Petite Belle Etoile,47.64192759,0.49843901,Plein jour,Hors agglomération,Intersection en X,Normale,Deux véhicules - frontale,3,2,2,0,2,1,1,0,1,90,2,4,2,1,1,0,51.0,59.0,voiture,voiture,1,1,2,1,1
202400019384,2024-06-30 16:45:00,2024,6,30,16,45,37,37213,La Petite Belle Etoile,47.64192759,0.49843901,Plein jour,Hors agglomération,Intersection en X,Normale,Deux véhicules - frontale,3,2,2,0,1,1,1,0,1,80,2,4,2,1,1,0,51.0,59.0,voiture,voiture,1,1,2,1,1
202400019385,2024-11-18 11:30:00,2024,11,18,11,30,64,64445,BOSQUET,43.29808,-0.3655,Plein jour,En agglomération,Hors intersection,Normale,Deux véhicules - côté,4,2,2,0,1,1,1,0,6,30,2,2,1,0,0,1,70.0,65.0,deux_roues,voiture,1,2,1,1,3
202400019386,2024-03-10 23:10:00,2024,3,10,23,10,18,18058,10 Rue Saint - Antoine,46.857121,2.31419,Nuit sans éclairage public,En agglomération,Hors intersection,Normale,Sans collision,3,2,2,0,1,1,2,0,1,50,1,2,1,0,0,1,41.0,,voiture,,3,2,1,1,7
202400019387,2024-06-29 20:34:00,2024,6,29,20,34,973,97307,Chemin Morthium,4.834631,-52.325274,Nuit sans éclairage public,Hors agglomération,Intersection en X,Normale,Autre collision,3,2,2,1,1,1,1,5,1,-1,1,2,1,1,0,0,50.0,,voiture,,3,1,2,1,6
202400019387,2024-06-29 20:34:00,2024,6,29,20,34,973,97307,Chemin Morthium,4.834631,-52.325274,Nuit sans éclairage public,Hors agglomération,Intersection en X,Normale,Autre collision,3,2, -1,-1,1,1,1,0,1,-1,1,2,1,1,0,0,50.0,,voiture,,3,1,2,1,6
202400019388,2024-11-18 09:10:00,2024,11,18,9,10,64,64129,JEAN MERMOZ,43.31741,-0.37838,Plein jour,En agglomération,Hors intersection,Normale,Autre collision,4,2,2,0,1,1,1,0,1,50,1,2,1,0,0,1,73.0,,voiture,,1,2,1,1,6
202400019389,2024-03-12 02:40:00,2024,3,12,2,40,43,43025,Route de Bas,45.26240414,4.10395846,Nuit avec éclairage non allumé,Hors agglomération,Hors intersection,Temps couvert,Autre collision,3,2,2,0,4,2,2,0,3,70,1,1,0,1,0,0,38.0,,voiture,,4,1,1,8,6
202400019390,2024-06-30 10:30:00,2024,6,30,10,30,67,67389,Boulevard des enseignes,48.649501,7.730019,Plein jour,En agglomération,Hors intersection,Normale,Autre collision,6,-1, -1,0,1,1,1,6,1,30,1,2,1,0,1,0,30.0,,voiture,,1,2,1,1,6
202400019391,2024-11-18 07:00:00,2024,11,18,7,0,64,64445,BIE MOULIE,43.29886,-0.34515,Nuit avec éclairage allumé,En agglomération,Intersection en T,Normale,Deux véhicules - frontale,4,2,2,0,1,1,1,0,1,30,2,2,1,0,0,1,55.0,42.0,voiture,voiture,5,2,3,1,1
202400019391,2024-11-18 07:00:00,2024,11,18,7,0,64,64445,BIE MOULIE,43.29886,-0.34515,Nuit avec éclairage allumé,En agglomération,Intersection en T,Normale,Deux véhicules - frontale,4,2,2,0,1,1,1,0,1,30,2,2,1,0,0,1,55.0,42.0,voiture,voiture,5,2,3,1,1
202400019392,2024-03-11 21:10:00,2024,3,11,21,10,10,10107,RN 77,48.07172,3.817202,Nuit sans éclairage public,Hors agglomération,Hors intersection,Pluie légère,Deux véhicules - arrière,2,2,2,0,1,1,2,0,1,80,2,2,1,1,0,0,46.0,38.0,voiture,deux_roues,3,1,1,2,2
202400019393,2024-11-14 14:20:00,2024,11,14,14,20,62,62510,Rue Alexandre Dumas,50.43453,2.79164,Plein jour,En agglomération,Hors intersection,Pluie légère,Autre collision,4,2,2,0,1,1,2,0,1,50,1,2,1,0,0,1,78.0,,voiture,,1,2,1,2,6
202400019394,2024-03-12 11:30:00,2024,3,12,11,30,16,16153,RN 141,45.667178,-0.181105,Plein jour,Hors agglomération,Hors intersection,Normale,Deux véhicules - arrière,2,3,4,0,1,1,1,0,1,110,2,2,0,1,0,1,35.0,22.0,utilitaire_camion,voiture,1,1,1,1,2
202400019395,2024-06-29 17:00:00,2024,6,29,17,0,17,17226,A10,45.934826,-0.563951,Plein jour,Hors agglomération,Hors intersection,Pluie forte,Sans collision,1,3,4,0,1,3,2,0,2,130,1,9,5,0,1,3,25.0,,utilitaire_camion,,1,1,1,3,7
202400019396,2024-11-18 22:05:00,2024,11,18,22,5,62,62193,Rue du Beau Marais,50.94467,1.90455,Nuit avec éclairage allumé,En agglomération,Hors intersection,Pluie légère,Deux véhicules - côté,4,-1,1,0,1,1,2,0,1,30,2,3,2,0,0,1,25.0,43.0,utilitaire_camion,utilitaire_camion,5,2,1,2,3
202400019397,2024-06-30 08:15:00,2024,6,30,8,15,13,13103,A 7 PK234+700,43.629327,5.126023,Plein jour,Hors agglomération,Hors intersection,Normale,Deux véhicules - frontale,1,1,3,0,1,1,1,0,1,90,2,2,1,0,1,0,48.0,22.0,voiture,deux_roues,1,1,1,1,1
202400019398,2024-03-11 12:15:00,2024,3,11,12,15,53,53195,Les Daumeries,48.176908,-0.679361,Plein jour,Hors agglomération,Intersection en X,Normale,Trois véhicules et plus - collisions multiples,3,2,2,0,1,1,1,0,1,90,3,3,2,0,0,1,57.0,58.0,voiture,utilitaire_camion,1,1,2,1,5
202400019398,2024-03-11 12:15:00,2024,3,11,12,15,53,53195,Les Daumeries,48.176908,-0.679361,Plein jour,Hors agglomération,Intersection en X,Normale,Trois véhicules et plus - collisions multiples,3,2,2,0,1,1,1,0,1,80,3,3,2,0,0,1,57.0,58.0,voiture,utilitaire_camion,1,1,2,1,5
202400019399,2024-06-18 21:00:00,2024,6,18,21,0,971,97128,Courcelles,16.255343,-61.327572,Nuit sans éclairage public,Hors agglomération,Hors intersection,Normale,Autre collision,2,2,2,0,2,1,1,0,3,80,1,2,1,0,1,0,23.0,,voiture,,3,1,1,1,6
202400019400,2024-11-17 08:15:00,2024,11,17,8,15,60,60159,Rd 973,49.4018,2.85463,Crépuscule ou aube,Hors agglomération,Hors intersection,Normale,Autre collision,3,2,2,0,1,1,1,0,1,80,1,1,0,0,1,0,23.0,,voiture,,2,1,1,1,6
202400019401,2024-03-12 06:15:00,2024,3,12,6,15,53,53122,pk 13.000,48.247669,-0.528846,Crépuscule ou aube,Hors agglomération,Hors intersection,Pluie légère,Autre collision,3,2,2,0,1,1,2,0,8,90,1,1,0,0,1,0,53.0,,voiture,,2,1,1,2,6
202400019402,2024-03-11 14:35:00,2024,3,11,14,35,17,17430,D50,45.379007,-0.523739,Plein jour,Hors agglomération,Intersection en X,Normale,Deux véhicules - côté,3,2,2,0,3,1,1,5,1,80,2,2,0,0,1,1,25.0,57.0,voiture,voiture,1,1,2,1,3
202400019402,2024-03-11 14:35:00,2024,3,11,14,35,17,17430,D50,45.379007,-0.523739,Plein jour,Hors agglomération,Intersection en X,Normale,Deux véhicules - côté,3,2,2,-1,1,1,1,5,1,80,2,2,0,0,1,1,25.0,57.0,voiture,voiture,1,1,2,1,3
202400019403,2024-06-29 10:00:00,2024,6,29,10,0,971,97111,"RN2, Bas-vent",16.343336,-61.771998,Plein jour,Hors agglomération,Hors intersection,Normale,Deux véhicules - frontale,2,2,2,0,1,1,1,0,1,70,2,5,1,0,0,4,61.0,35.0,voiture,voiture,1,1,1,1,1
202400019404,2024-11-17 00:51:00,2024,11,17,0,51,56,56121,Pénétrante de  Lorient,47.74842,-3.38709,Nuit sans éclairage public,En agglomération,Hors intersection,Normale,Trois véhicules et plus - collisions multiples,3,2,2,0,1,1,1,0,1,70,3,6,1,1,1,3,23.0,55.0,voiture,voiture,3,2,1,1,5
202400019405,2024-03-10 16:10:00,2024,3,10,16,10,30,30249,D40,43.801711,4.216508,Plein jour,Hors agglomération,Hors intersection,Normale,Deux véhicules - arrière,3,2,2,0,1,1,1,0,1,80,2,2,1,0,1,0,22.0,40.0,voiture,deux_roues,1,1,1,1,2
202400019406,2024-06-29 17:30:00,2024,6,29,17,30,971,97106,Rue des Galets,16.169114,-61.776488,Plein jour,Hors agglomération,Hors intersection,Temps éblouissant,Autre collision,2,2,2,0,1,1,1,0,1,70,1,2,1,0,1,0,21.0,,voiture,,1,1,1,7,6
202400019407,2024-06-24 16:30:00,2024,6,24,16,30,33,33099,,44.819111,-0.473067,Plein jour,En agglomération,Hors intersection,Normale,Autre collision,3,2,2,1,2,1,1,-1,1,30,1,2,1,0,0,1,55.0,,voiture,,1,2,1,1,6
202400019408,2024-02-23 20:35:00,2024,2,23,20,35,40,40295,A63 PK050.000,44.412509,-0.81934,Nuit sans éclairage public,Hors agglomération,Hors intersection,Neige / grêle,Trois véhicules et plus - en chaîne,1,3,5,0,1,1,2,0,1,110,3,6,5,0,1,0,28.0,35.0,voiture,voiture,3,1,1,4,4
202400019409,2024-06-28 17:10:00,2024,6,28,17,10,33,33245,,44.810118,-0.41728,Plein jour,Hors agglomération,Hors intersection,Normale,Autre collision,4,2,2,0,1,2,1,0,3,80,1,1,0,0,0,1,29.0,,voiture,,1,1,1,1,6
202400019410,2024-11-16 18:35:00,2024,11,16,18,35,56,56098,Rue Jean Jaurès,47.76528,-3.35851,Crépuscule ou aube,En agglomération,Intersection en T,Normale,Trois véhicules et plus - en chaîne,3,2,2,0,1,1,1,0,1,50,4,6,3,0,0,3,35.0,57.0,voiture,voiture,2,2,3,1,4
202400019410,2024-11-16 18:35:00,2024,11,16,18,35,56,56098,Rue Jean Jaurès,47.76528,-3.35851,Crépuscule ou aube,En agglomération,Intersection en T,Normale,Trois véhicules et plus - en chaîne,3,2,2,0,1,1,1,0,1,30,4,6,3,0,0,3,35.0,57.0,voiture,voiture,2,2,3,1,4
202400019411,2024-06-29 16:00:00,2024,6,29,16,0,66,66065,rue de latour,42.601912,2.976887,Plein jour,En agglomération,Giratoire,Normale,Deux véhicules - arrière,4,1,1,0,1,2,1,0,1,50,2,2,1,0,0,1,68.0,49.0,voiture,deux_roues,1,2,6,1,2
202400019412,2024-03-12 16:30:00,2024,3,12,16,30,01,01450,A42,45.903725,5.230833,Plein jour,Hors agglomération,Hors intersection,Normale,Deux véhicules - arrière,1,3,2,0,1,1,1,0,1,-1,2,4,2,1,0,1,43.0,63.0,utilitaire_camion,utilitaire_camion,1,1,1,1,2
202400019413,2024-11-15 12:30:00,2024,11,15,12,30,56,56098,Avenue Ambroise Croizat,47.77321,-3.34751,Plein jour,En agglomération,Hors intersection,Normale,Autre collision,3,2,2,2,1,1,1,0,1,50,1,2,1,0,0,1,16.0,,deux_roues,,1,2,1,1,6
202400019414,2024-06-30 05:10:00,2024,6,30,5,10,05,05038,D947 - PK 5+600,44.76766193,6.8318587,Crépuscule ou aube,Hors agglomération,Hors intersection,Normale,Autre collision,3,2,2,0,1,3,1,0,3,90,1,4,0,0,0,4,21.0,,voiture,,2,1,1,1,6
202400019415,2024-03-12 09:20:00,2024,3,12,9,20,33,33122,,44.713013,-0.745955,Plein jour,Hors agglomération,Hors intersection,Normale,Deux véhicules - arrière,1,3,4,0,1,1,1,0,1,110,2,2,1,0,1,0,28.0,52.0,deux_roues,utilitaire_camion,1,1,1,1,2
202400019416,2024-11-18 17:45:00,2024,11,18,17,45,50,50147,DIVISION LECLERC,49.06022,-1.435,Nuit avec éclairage allumé,En agglomération,Hors intersection,Pluie forte,Autre collision,3,2,0,0,1,1,2,0,1,50,1,2,1,0,0,1,32.0,,voiture,,5,2,1,3,6
202400019417,2024-03-12 05:45:00,2024,3,12,5,45,976,97607,rn2 - Ironie bé,-12.846485,45.182894,Plein jour,Hors agglomération,Hors intersection,Normale,Trois véhicules et plus - collisions multiples,2,-1,2,0,1,2,1,0,1,70,3,3,2,0,1,0,37.0,53.0,voiture,voiture,1,1,1,1,5
202400019418,2024-11-15 16:05:00,2024,11,15,16,5,49,49099,CARNOT (RUE SADI),47.06086,-0.87195,Plein jour,En agglomération,Intersection en T,Normale,Deux véhicules - côté,4,3,4,0,1,1,1,0,1,50,2,2,1,0,0,1,54.0,,deux_roues,utilitaire_camion,1,2,3,1,3
202400019418,2024-11-15 16:05:00,2024,11,15,16,5,49,49099,CARNOT (RUE SADI),47.06086,-0.87195,Plein jour,En agglomération,Intersection en T,Normale,Deux véhicules - côté,4,1,1,0,1,1,1,0,1,50,2,2,1,0,0,1,54.0,,deux_roues,utilitaire_camion,1,2,3,1,3
202400019419,2024-06-30 18:45:00,2024,6,30,18,45,26,26072,Autoroute A7 PK 050.368,45.106954,4.883519,Plein jour,Hors agglomération,Hors intersection,Normale,Autre collision,1,3,3,0,2,1,1,0,1,130,1,2,1,0,1,0,24.0,,voiture,,1,1,1,1,6