accident_id,datetime,annee,mois,jour,heure,minute,departement,commune_insee,adresse,latitude,longitude,luminosite,agglomeration,intersection,meteo,collision,catr,circ,nbv,vosp,prof,plan,surf,infra,situ,vma,nb_vehicules,nb_usagers,nb_indemnes,nb_tues,nb_blesses_hosp,nb_blesses_legers,age_cond_1,age_cond_2,veh_type_cond_1,veh_type_cond_2,lum_code,agg_code,int_code,atm_code,col_code
202400019420,2024-11-17 18:23:00,2024,11,17,18,23,49,49007,PASTEUR AVENUE,47.47161,-0.54329,Crépuscule ou aube,En agglomération,Hors intersection,Normale,Autre collision,4,3,2,0,1,1,1,0,1,50,1,1,0,0,0,1,74.0,,voiture,,2,2,1,1,6
202400019421,2024-06-29 10:50:00,2024,6,29,10,50,52,52488,18 Rue Principale,47.99142,5.285185,Plein jour,En agglomération,Hors intersection,Normale,Deux véhicules - frontale,3,2,2,0,2,1,1,0,1,50,2,3,1,0,2,0,76.0,62.0,voiture,utilitaire_camion,1,2,1,1,1
202400019422,2024-11-17 02:50:00,2024,11,17,2,50,49,49267,RD 347,47.469624,-0.447801,Nuit sans éclairage public,En agglomération,Hors intersection,Normale,Deux véhicules - arrière,3,2,2,0,1,1,1,0,1,90,2,3,0,0,0,3,27.0,22.0,voiture,voiture,3,2,1,1,2
202400019423,2024-03-10 22:00:00,2024,3,10,22,0,971,97115,N2,16.261162,-61.634704,Nuit avec éclairage non allumé,Hors agglomération,Hors intersection,Normale,Autre collision,2,2,2,0,1,1,2,0,1,80,1,3,0,0,2,1,22.0,,voiture,,4,1,1,1,6
202400019424,2024-06-30 16:30:00,2024,6,30,16,30,16,16163,,45.6725,0.0025,Plein jour,Hors agglomération,Hors intersection,Normale,Trois véhicules et plus - collisions multiples,2,2,2,0,1,1,1,0,1,90,3,3,1,1,1,0,71.0,19.0,voiture,voiture,1,1,1,1,5
202400019425,2024-03-12 06:45:00,2024,3,12,6,45,972,97228,Rue du Pave,14.7941,-61.015411,Plein jour,En agglomération,Hors intersection,Normale,Deux véhicules - arrière,4,2,2,0,2,1,1,0,1,50,2,3,2,0,1,0,65.0,59.0,voiture,utilitaire_camion,1,2,1,1,2
202400019426,2024-11-18 12:30:00,2024,11,18,12,30,47,47001,COLMAR (AV. DE),44.19463,0.64275,Plein jour,En agglomération,Intersection en Y,Normale,Deux véhicules - arrière,3,2,2,1,1,3,1,0,1,50,2,2,1,0,0,1,18.0,44.0,utilitaire_camion,voiture,1,2,4,1,2
202400019426,2024-11-18 12:30:00,2024,11,18,12,30,47,47001,COLMAR (AV. DE),44.19463,0.64275,Plein jour,En agglomération,Intersection en Y,Normale,Deux véhicules - arrière,3,2,3,-1,1,2,1,5,1,-1,2,2,1,0,0,1,18.0,44.0,utilitaire_camion,voiture,1,2,4,1,2
202400019427,2024-06-30 13:35:00,2024,6,30,13,35,33,33233,,45.152249,-0.360541,Plein jour,Hors agglomération,Hors intersection,Normale,Autre collision,2,2,4,0,1,3,1,0,3,110,1,1,0,0,1,0,24.0,,voiture,,1,1,1,1,6
202400019428,2024-03-10 18:00:00,2024,3,10,18,0,95,95462,D171,49.12908036,1.70857811,Plein jour,Hors agglomération,Hors intersection,Normale,Sans collision,3,2,2,0,1,1,1,0,1,80,1,1,0,0,1,0,43.0,,deux_roues,,1,1,1,1,7
202400019429,2024-11-18 18:12:00,2024,11,18,18,12,45,45068,3 Rue Nelson Mandela,48.01022,2.72426,Nuit avec éclairage allumé,En agglomération,Hors intersection,Pluie légère,Deux véhicules - frontale,4,2,2,0,4,2,2,0,4,50,2,2,1,0,0,1,40.0,31.0,deux_roues,deux_roues,5,2,1,2,1
202400019430,2024-06-24 07:05:00,2024,6,24,7,5,33,33498,,44.577538,-0.88382,Crépuscule ou aube,Hors agglomération,Hors intersection,Brouillard / fumée,Autre collision,3,2,2,0,1,1,1,0,1,80,1,1,0,0,1,0,22.0,,deux_roues,,2,1,1,5,6
202400019431,2024-03-11 08:13:00,2024,3,11,8,13,57,57260,N61,49.13298275,7.03816355,Plein jour,Hors agglomération,Hors intersection,Normale,Deux véhicules - arrière,2,3,2,0,3,1,1,0,1,-1,2,2,1,0,1,0,35.0,49.0,voiture,utilitaire_camion,1,1,1,1,2
202400019432,2024-11-18 12:50:00,2024,11,18,12,50,42,42170,Route du Beaujolais,46.03836,4.14142,Plein jour,Hors agglomération,Hors intersection,Normale,Autre collision,3,-1,2,0,1,1,1,0,3,80,1,1,0,1,0,0,41.0,,voiture,,1,1,1,1,6
202400019433,2024-06-29 23:35:00,2024,6,29,23,35,22,22044,24b Rue de la Glanerie,48.48947,-2.595649,Nuit avec éclairage allumé,En agglomération,Hors intersection,Normale,Deux véhicules - côté,3,2,2,0,1,1,1,0,5,50,2,2,1,0,1,0,37.0,15.0,voiture,deux_roues,5,2,1,1,3
202400019434,2024-03-07 19:00:00,2024,3,7,19,0,73,73089,D204 / D31,45.52874957,6.14860223,Nuit avec éclairage allumé,En agglomération,Intersection en X,Normale,Autre collision,3,2,2,0,1,1,1,0,1,50,1,2,1,0,1,0,44.0,,utilitaire_camion,,5,2,2,1,6
202400019434,2024-03-07 19:00:00,2024,3,7,19,0,73,73089,D204 / D31,45.52874957,6.14860223,Nuit avec éclairage allumé,En agglomération,Intersection en X,Normale,Autre collision,3,2,2,0,2,1,1,0,1,50,1,2,1,0,1,0,44.0,,utilitaire_camion,,5,2,2,1,6
202400019435,2024-11-14 18:33:00,2024,11,14,18,33,40,40192,THORE (CHEMIN DE),43.89382,-0.52116,Nuit sans éclairage public,En agglomération,Hors intersection,Normale,Deux véhicules - frontale,4,2,1,0,1,1,1,0,1,30,2,2,0,0,1,1,61.0,49.0,deux_roues,voiture,3,2,1,1,1
202400019436,2024-06-30 07:27:00,2024,6,30,7,27,27,27358,Rue de l?Ancienne Abbaye,49.047748,1.305122,Plein jour,Hors agglomération,Hors intersection,Normale,Autre collision,3,2,2,0,1,2,1,0,1,-1,1,2,0,0,2,0,25.0,,voiture,,1,1,1,1,6
202400019437,2024-03-12 16:15:00,2024,3,12,16,15,38,38537,avenue de la verpilliere,45.62504,5.153438,Plein jour,En agglomération,Hors intersection,Normale,Autre collision,3,2,2,0,1,1,1,0,1,50,1,2,1,0,0,1,21.0,,voiture,,1,2,1,1,6
202400019438,2024-11-18 20:00:00,2024,11,18,20,0,33,33281,,44.8135,-0.713648,Nuit avec éclairage allumé,En agglomération,Giratoire,Normale,Deux véhicules - arrière,4,2,1,0,1,1,1,5,1,50,2,2,1,0,0,1,37.0,28.0,voiture,deux_roues,5,2,6,1,2
202400019438,2024-11-18 20:00:00,2024,11,18,20,0,33,33281,,44.8135,-0.713648,Nuit avec éclairage allumé,En agglomération,Giratoire,Normale,Deux véhicules - arrière,4,2,1,0,1,1,1,5,1,50,2,2,1,0,0,1,37.0,28.0,voiture,deux_roues,5,2,6,1,2
202400019439,2024-06-29 05:50:00,2024,6,29,5,50,69,69276,Route Départementale 301,45.68684,4.86654,Crépuscule ou aube,Hors agglomération,Hors intersection,Normale,Deux véhicules - arrière,7,3,4,0,1,1,1,0,1,90,2,2,1,0,0,1,22.0,24.0,voiture,voiture,2,1,1,1,2
202400019440,2024-03-04 16:30:00,2024,3,4,16,30,33,33227,,44.545692,-0.263153,Plein jour,En agglomération,Hors intersection,Pluie légère,Trois véhicules et plus - collisions multiples,4,2,2,0,1,1,2,0,1,50,4,5,2,0,2,1,38.0,46.0,utilitaire_camion,voiture,1,2,1,2,5
202400019441,2024-11-18 15:50:00,2024,11,18,15,50,33,33065,,44.81292,-0.52369,Plein jour,Hors agglomération,Giratoire,Normale,Deux véhicules - côté,4,2,2,0,1,2,1,5,1,50,2,2,1,0,0,1,41.0,24.0,deux_roues,voiture,1,1,6,1,3
202400019442,2024-03-11 14:25:00,2024,3,11,14,25,61,61271,D2,48.610738,-0.118231,Plein jour,En agglomération,Giratoire,Normale,Autre collision,3,2,2,0,2,2,1,5,3,50,1,1,0,0,0,1,62.0,,deux_roues,,1,2,6,1,6
202400019443,2024-06-29 16:45:00,2024,6,29,16,45,91,91434,AUTOROUTE A6,48.66815,2.35502,Plein jour,Hors agglomération,Hors intersection,Normale,Trois véhicules et plus - collisions multiples,1,3,3,0,1,1,1,0,1,110,3,4,2,0,0,2,43.0,31.0,deux_roues,voiture,1,1,1,1,5
202400019444,2024-03-12 13:00:00,2024,3,12,13,0,50,50099,Route Américaine,49.305916,-1.262934,Plein jour,Hors agglomération,Intersection en X,Pluie légère,Deux véhicules - côté,3,2,2,2,1,1,2,0,1,70,2,2,1,0,1,0,36.0,34.0,voiture,deux_roues,1,1,2,2,3
202400019444,2024-03-12 13:00:00,2024,3,12,13,0,50,50099,Route Américaine,49.305916,-1.262934,Plein jour,Hors agglomération,Intersection en X,Pluie légère,Deux véhicules - côté,3,2,2,0,1,1,2,0,8,80,2,2,1,0,1,0,36.0,34.0,voiture,deux_roues,1,1,2,2,3
202400019445,2024-11-18 08:25:00,2024,11,18,8,25,33,33075,,44.87964,-0.62678,Plein jour,En agglomération,Intersection en X,Normale,Trois véhicules et plus - collisions multiples,1,1,1,3,1,1,1,5,1,50,4,4,3,0,1,0,60.0,44.0,voiture,voiture,1,2,2,1,5
202400019445,2024-11-18 08:25:00,2024,11,18,8,25,33,33075,,44.87964,-0.62678,Plein jour,En agglomération,Intersection en X,Normale,Trois véhicules et plus - collisions multiples,1,3,5,0,1,1,1,5,1,50,4,4,3,0,1,0,60.0,44.0,voiture,voiture,1,2,2,1,5
202400019446,2024-06-29 11:40:00,2024,6,29,11,40,91,91216,AUTOROUTE A6,48.68289,2.32955,Plein jour,Hors agglomération,Hors intersection,Normale,Trois véhicules et plus - en chaîne,1,2,3,0,1,1,1,0,1,110,3,3,2,0,0,1,62.0,48.0,voiture,voiture,1,1,1,1,4
202400019447,2024-02-09 13:20:00,2024,2,9,13,20,60,60612,26 Rue de la République,49.2017611,2.58236256,Plein jour,En agglomération,Intersection en X,Temps couvert,Autre collision,3,2,2,0,4,1,1,0,1,50,1,2,1,0,0,1,49.0,,voiture,,1,2,2,8,6
202400019447,2024-02-09 13:20:00,2024,2,9,13,20,60,60612,26 Rue de la République,49.2017611,2.58236256,Plein jour,En agglomération,Intersection en X,Temps couvert,Autre collision,3,2, -1,-1,1,1,1,0,1,-1,1,2,1,0,0,1,49.0,,voiture,,1,2,2,8,6
202400019448,2024-11-18 09:45:00,2024,11,18,9,45,31,31555,STRASBOURG (BD DE) DU 2AU 66,43.60925,1.44497,Plein jour,En agglomération,Hors intersection,Normale,Deux véhicules - côté,4,2,4,2,1,1,1,0,1,30,2,2,1,0,1,0,27.0,17.0,autre,deux_roues,1,2,1,1,3
202400019449,2024-06-28 19:01:00,2024,6,28,19,1,92,92060,A86 EXT ,48.77452416,2.2403496,Plein jour,Hors agglomération,Hors intersection,Normale,Trois véhicules et plus - en chaîne,2,1,2,0,1,1,1,0,1,90,3,3,2,0,0,1,36.0,25.0,voiture,deux_roues,1,1,1,1,4
202400019450,2024-11-18 19:05:00,2024,11,18,19,5,29,29232,Boulevard Louis le Guennec,47.982836,-4.11053639,Nuit avec éclairage allumé,En agglomération,Hors intersection,Pluie légère,Deux véhicules - arrière,3,1,2,0,1,1,2,3,1,50,2,2,1,0,0,1,50.0,18.0,voiture,voiture,5,2,1,2,2
202400019451,2024-06-28 15:55:00,2024,6,28,15,55,95,95394,A115,49.05163571,2.18238207,Plein jour,Hors agglomération,Hors intersection,Normale,Sans collision,1,1,1,0,1,3,1,0,1,30,1,1,0,0,0,1,43.0,,deux_roues,,1,1,1,1,7
202400019452,2024-11-17 18:58:00,2024,11,17,18,58,27,27229,GAMBETTA (BOULEVARD),49.0186409,1.1432768,Nuit sans éclairage public,En agglomération,Hors intersection,Normale,Deux véhicules - côté,4,2,3,0,2,1,1,0,1,50,2,2,1,0,0,1,48.0,20.0,voiture,utilitaire_camion,3,2,1,1,3
202400019453,2024-11-18 19:30:00,2024,11,18,19,30,25,25031,REVOLUTION DE 1789 AVENUE DE LA),47.4872,6.84226,Nuit avec éclairage allumé,En agglomération,Autre intersection,Normale,Autre collision,3,3,4,0,1,3,1,0,1,50,1,2,1,0,0,1,72.0,,voiture,,5,2,9,1,6
202400019454,2024-03-10 23:27:00,2024,3,10,23,27,13,13005,A50-Sens Marseille vers Aubagne,43.28629,5.56839,Nuit sans éclairage public,Hors agglomération,Hors intersection,Pluie légère,Deux véhicules - arrière,1,3,3,0,3,1,2,0,1,90,3,7,3,0,0,4,22.0,24.0,voiture,voiture,3,1,1,2,2
202400019455,2024-03-10 15:44:00,2024,3,10,15,44,57,57067,Autoroute A31,49.31680228,6.18267235,Plein jour,Hors agglomération,Hors intersection,Normale,Autre collision,1,3,4,0,2,1,1,0,1,110,1,2,1,0,1,0,81.0,,utilitaire_camion,,1,1,1,1,6
202400019456,2024-03-11 09:50:00,2024,3,11,9,50,33,33487,,44.954,-0.4563,Plein jour,Hors agglomération,Hors intersection,Pluie forte,Autre collision,1,3,6,0,2,1,2,2,1,130,1,2,0,0,0,2,30.0,,voiture,,1,1,1,3,6
202400019457,2024-03-10 02:50:00,2024,3,10,2,50,33,33090,,44.76603,-0.670969,Nuit sans éclairage public,Hors agglomération,Hors intersection,Normale,Autre collision,1,3,4,0,1,1,1,3,1,130,1,1,0,0,0,1,36.0,,voiture,,3,1,1,1,6
202400019458,2024-11-16 22:35:00,2024,11,16,22,35,21,21231,Boulevard Voltaire,47.318695,5.051453,Nuit avec éclairage allumé,En agglomération,Intersection en X,Normale,Deux véhicules - côté,4,3,2,0,1,1,1,5,1,50,2,5,0,0,0,5,44.0,29.0,voiture,voiture,5,2,2,1,3
202400019458,2024-11-16 22:35:00,2024,11,16,22,35,21,21231,Boulevard Voltaire,47.318695,5.051453,Nuit avec éclairage allumé,En agglomération,Intersection en X,Normale,Deux véhicules - côté,4,3,2,0,1,1,1,5,1,50,2,5,0,0,0,5,44.0,29.0,voiture,voiture,5,2,2,1,3
202400019459,2024-03-11 02:24:00,2024,3,11,2,24,91,91521,RN 449,48.63201,2.40076,Nuit sans éclairage public,Hors agglomération,Hors intersection,Normale,Sans collision,2,1,2,0,2,3,1,0,1,70,1,1,0,0,0,1,35.0,,deux_roues,,3,1,1,1,7
202400019460,2024-11-18 13:30:00,2024,11,18,13,30,17,17415,Avenue de Saintonge,45.740796,-0.6293,Plein jour,En agglomération,Hors intersection,Temps couvert,Deux véhicules - côté,3,3,2,1,1,1,1,0,5,30,2,2,1,0,0,1,59.0,62.0,deux_roues,voiture,1,2,1,8,3
202400019461,2024-11-18 06:50:00,2024,11,18,6,50,14,14069,2 Chemin de Grais,49.1301,0.26626,Nuit avec éclairage allumé,En agglomération,Intersection en T,Pluie légère,Sans collision,3,2,2,0,1,1,2,0,1,50,1,1,0,0,0,1,17.0,,deux_roues,,5,2,3,2,7
202400019461,2024-11-18 06:50:00,2024,11,18,6,50,14,14069,2 Chemin de Grais,49.1301,0.26626,Nuit avec éclairage allumé,En agglomération,Intersection en T,Pluie légère,Sans collision,3,2,2,-1,1,1,2,0,1,50,1,1,0,0,0,1,17.0,,deux_roues,,5,2,3,2,7
202400019462,2024-03-10 02:30:00,2024,3,10,2,30,92,92036,A86,48.93513721,2.26665421,Nuit sans éclairage public,Hors agglomération,Hors intersection,Pluie légère,Autre collision,1,1,2,0,1,2,2,0,1,70,1,4,2,0,0,2,22.0,,voiture,,3,1,1,2,6
202400019463,2024-11-08 18:39:00,2024,11,8,18,39,14,14117,14 Avenue Charles de Gaulle,49.287623,-0.123162,Nuit avec éclairage allumé,En agglomération,Giratoire,Normale,Deux véhicules - côté,3,2,2,0,1,3,1,5,1,50,2,2,1,0,0,1,61.0,19.0,voiture,deux_roues,5,2,6,1,3
202400019463,2024-11-08 18:39:00,2024,11,8,18,39,14,14117,14 Avenue Charles de Gaulle,49.287623,-0.123162,Nuit avec éclairage allumé,En agglomération,Giratoire,Normale,Deux véhicules - côté,3,2,2,0,1,3,1,5,1,50,2,2,1,0,0,1,61.0,19.0,voiture,deux_roues,5,2,6,1,3
202400019464,2024-03-09 18:10:00,2024,3,9,18,10,92,92036,A86,48.93865784,2.29531682,Plein jour,Hors agglomération,Hors intersection,Pluie forte,Deux véhicules - arrière,1,1,2,0,4,3,2,9,1,70,2,3,2,0,0,1,21.0,26.0,voiture,voiture,1,1,1,3,2
202400019465,2024-11-18 08:20:00,2024,11,18,8,20,13,13213,NOGARETTE (RUE),43.33164201,5.40857186,Plein jour,En agglomération,Hors intersection,Normale,Autre collision,4,2,1,0,1,1,1,0,8,50,1,2,1,0,0,1,,,voiture,,1,2,1,1,6
202400019466,2024-03-11 04:40:00,2024,3,11,4,40,93,93029,A86,48.92609879,2.42244591,Nuit sans éclairage public,Hors agglomération,Hors intersection,Normale,Autre collision,1,1,3,0,1,1,1,1,1,90,1,1,0,0,0,1,24.0,,voiture,,3,1,1,1,6
202400019467,2024-11-18 16:14:00,2024,11,18,16,14,06,06069,36 Boulevard Pasteur,43.65995,6.91067,Plein jour,Hors agglomération,Hors intersection,Normale,Autre collision,3,-1,2,0,1,1,1,0,1,70,1,2,0,0,1,1,65.0,,voiture,,1,1,1,1,6
202400019468,2024-02-19 13:00:00,2024,2,19,13,0,44,44109,26 Rue de Gigant,47.21434644,-1.57108324,Plein jour,En agglomération,Hors intersection,Normale,Deux véhicules - arrière,4,2,2,2,1,1,1,-1,1,30,2,2,1,0,0,1,59.0,17.0,voiture,deux_roues,1,2,1,1,2
202400019469,2024-11-18 08:30:00,2024,11,18,8,30,06,06069,122 Route de Cannes,43.6377,6.95048,Crépuscule ou aube,En agglomération,Hors intersection,Normale,Sans collision,4,2,2,0,1,1,1,0,1,50,1,2,1,0,0,1,82.0,,voiture,,2,2,1,1,7
202400019470,2024-11-13 08:00:00,2024,11,13,8,0,06,06029,81 Boulevard Carnot,43.56091,7.01675,Crépuscule ou aube,En agglomération,Hors intersection,Normale,Sans collision,3,2,2,3,2,1,1,0,6,30,1,1,0,1,0,0,80.0,,deux_roues,,2,2,1,1,7
202400019471,2024-02-15 15:35:00,2024,2,15,15,35,44,44109,Quai de Tourville,47.20935906,-1.55579709,Plein jour,En agglomération,Hors intersection,Temps couvert,Autre collision,4,2,2,1,2,1,1,-1,1,50,1,2,1,0,0,1,41.0,,voiture,,1,2,1,8,6
202400019472,2024-02-14 10:10:00,2024,2,14,10,10,44,44020,Route de Pornic,47.17832732,-1.60917412,Plein jour,Hors agglomération,Hors intersection,Temps couvert,Autre collision,3,3,4,0,1,1,1,0,1,90,1,1,0,0,0,1,30.0,,voiture,,1,1,1,8,6
202400019473,2024-11-16 13:00:00,2024,11,16,13,0,04,04112,HAUTE PROVENCE (BD. DE),43.82844,5.78745,Plein jour,En agglomération,Hors intersection,Normale,Deux véhicules - arrière,4,3,2,0,1,1,1,6,1,30,2,5,4,0,0,1,38.0,34.0,voiture,utilitaire_camion,1,2,1,1,2
202400019474,2024-11-19 20:00:00,2024,11,19,20,0,60,60374,D47,49.566934,2.512543,Nuit sans éclairage public,Hors agglomération,Hors intersection,Pluie légère,Sans collision,3,2,2,0,1,2,2,0,3,80,1,1,0,0,0,1,27.0,,voiture,,3,1,1,2,7
202400019475,2024-02-14 06:56:00,2024,2,14,6,56,44,44109,6 Avenue Jean Claude Bonduelle,47.21200631,-1.54377339,Crépuscule ou aube,En agglomération,Giratoire,Temps couvert,Sans collision,4,3,4,3,1,1,1,-1,1,50,1,3,2,0,0,1,58.0,,transport_commun,,2,2,6,8,7
202400019476,2024-11-04 19:40:00,2024,11,4,19,40,35,35328,Rue de la Sauldre,47.775603,-2.081764,Nuit avec éclairage allumé,En agglomération,Hors intersection,Brouillard / fumée,Deux véhicules - frontale,3,2,2,0,2,1,1,0,1,50,2,2,1,0,0,1,47.0,30.0,voiture,voiture,5,2,1,5,1
202400019477,2024-02-14 23:25:00,2024,2,14,23,25,44,44109,Rond-Point de Vannes,47.22971689,-1.57232438,Nuit avec éclairage allumé,En agglomération,Giratoire,Temps couvert,Autre collision,4,2,2,2,1,1,1,5,1,50,2,2,1,0,0,1,42.0,57.0,deux_roues,voiture,5,2,6,8,6
202400019478,2024-02-13 08:30:00,2024,2,13,8,30,44,44109,76 Rue Desaix,47.22799848,-1.54964502,Crépuscule ou aube,En agglomération,Hors intersection,Temps couvert,Deux véhicules - côté,4,2,2,2,1,1,1,-1,1,50,2,2,1,0,0,1,51.0,56.0,deux_roues,voiture,2,2,1,8,3
202400019479,2024-11-18 06:45:00,2024,11,18,6,45,14,14162,LA LANDELLE,48.927392,-0.506699,Nuit sans éclairage public,Hors agglomération,Intersection en T,Pluie légère,Deux véhicules - arrière,3,2,2,0,1,1,2,0,1,80,2,2,1,0,0,1,16.0,32.0,deux_roues,voiture,3,1,3,2,2
202400019479,2024-11-18 06:45:00,2024,11,18,6,45,14,14162,LA LANDELLE,48.927392,-0.506699,Nuit sans éclairage public,Hors agglomération,Intersection en T,Pluie légère,Deux véhicules - arrière,3,2,3,0,1,1,2,0,1,90,2,2,1,0,0,1,16.0,32.0,deux_roues,voiture,3,1,3,2,2
202400019480,2024-11-18 22:00:00,2024,11,18,22,0,33,33327,,44.647472,-0.351364,Nuit avec éclairage non allumé,En agglomération,Giratoire,Normale,Autre collision,3,2,2,0,1,1,1,5,4,50,1,1,0,0,1,0,38.0,,deux_roues,,4,2,6,1,6
202400019481,2024-02-13 19:00:00,2024,2,13,19,0,44,44143,Rue Louise Michel,47.18865639,-1.55093624,Crépuscule ou aube,En agglomération,Giratoire,Temps couvert,Autre collision,4,2,2,2,1,1,1,5,1,50,1,2,1,0,0,1,19.0,,utilitaire_camion,,2,2,6,8,6
202400019482,2024-03-10 19:30:00,2024,3,10,19,30,974,97416,LAPIERRE (RUE HENRI),-21.33692,55.46433,Plein jour,En agglomération,Intersection en X,Normale,Deux véhicules - côté,4,2,3,3,1,1,1,5,1,30,2,2,1,0,0,1,58.0,21.0,voiture,deux_roues,1,2,2,1,3
202400019482,2024-03-10 19:30:00,2024,3,10,19,30,974,97416,LAPIERRE (RUE HENRI),-21.33692,55.46433,Plein jour,En agglomération,Intersection en X,Normale,Deux véhicules - côté,4,1,1,0,2,1,1,5,1,30,2,2,1,0,0,1,58.0,21.0,voiture,deux_roues,1,2,2,1,3
202400019483,2024-11-19 08:00:00,2024,11,19,8,0,69,69277,10 Rue Lionel Terray,45.71863278,4.99235987,Plein jour,En agglomération,Hors intersection,Pluie légère,Sans collision,4,2,2,0,1,1,2,0,1,50,1,2,0,0,1,1,54.0,,deux_roues,,1,2,1,2,7
202400019484,2024-03-10 08:45:00,2024,3,10,8,45,972,97213,ROUTE DEPARTEMENTALE 3,14.63037,-60.9878,Plein jour,En agglomération,Hors intersection,Pluie forte,Autre collision,3,2,3,0,1,1,2,0,1,70,1,2,1,0,0,1,35.0,,voiture,,1,2,1,3,6
202400019485,2024-11-18 18:45:00,2024,11,18,18,45,23,23245,pk 38 N145,46.191647,1.806116,Crépuscule ou aube,Hors agglomération,Hors intersection,Temps couvert,Deux véhicules - frontale,2,3,2,0,3,1,2,0,1,110,2,8,2,0,6,0,63.0,53.0,autre,utilitaire_camion,2,1,1,8,1
202400019486,2024-03-09 22:10:00,2024,3,9,22,10,972,97209,AUTOROUTE (A1),14.61466,-61.04921,Nuit avec éclairage allumé,Hors agglomération,Hors intersection,Normale,Autre collision,1,1,4,3,1,1,1,0,1,90,2,4,2,0,0,2,56.0,38.0,voiture,voiture,5,1,1,1,6
202400019487,2024-03-08 17:30:00,2024,3,8,17,30,86,86066,Rue Marcel Beauchêne,46.792785,0.587023,Crépuscule ou aube,En agglomération,Hors intersection,Pluie forte,Autre collision,4,2,2,0,1,1,2,0,1,50,1,1,0,0,1,0,46.0,,utilitaire_camion,,2,2,1,3,6
202400019488,2024-11-18 13:20:00,2024,11,18,13,20,56,56240,Kergroes,47.522055,-2.769188,Plein jour,Hors agglomération,Hors intersection,Pluie légère,Sans collision,3,3,4,0,1,1,2,0,1,80,1,1,0,0,0,1,30.0,,deux_roues,,1,1,1,2,7
202400019489,2024-03-10 11:45:00,2024,3,10,11,45,83,83069,ALMANARRE (ROUTE DE L'),43.095,6.1312,Plein jour,En agglomération,Intersection en T,Normale,Deux véhicules - côté,3,2,2,0,1,1,1,0,1,50,2,2,1,0,0,1,40.0,31.0,deux_roues,voiture,1,2,3,1,3
202400019489,2024-03-10 11:45:00,2024,3,10,11,45,83,83069,ALMANARRE (ROUTE DE L'),43.095,6.1312,Plein jour,En agglomération,Intersection en T,Normale,Deux véhicules - côté,3,2,2,3,1,1,1,0,1,50,2,2,1,0,0,1,40.0,31.0,deux_roues,voiture,1,2,3,1,3
202400019490,2024-03-10 20:05:00,2024,3,10,20,5,81,81144,RN 88,43.97056,2.183,Nuit sans éclairage public,Hors agglomération,Hors intersection,Pluie légère,Deux véhicules - arrière,2,1,2,0,1,1,2,0,1,110,2,2,1,0,0,1,19.0,27.0,voiture,voiture,3,1,1,2,2
202400019491,2024-11-18 17:25:00,2024,11,18,17,25,67,67463,Route de Hatten,48.895696,8.096141,Nuit avec éclairage allumé,En agglomération,Autre intersection,Pluie légère,Autre collision,4,2,2,1,1,1,2,0,1,50,1,2,1,0,1,0,71.0,,voiture,,5,2,9,2,6
202400019492,2024-03-09 19:00:00,2024,3,9,19,0,77,77373,AV DE LA REPUBLIQUE,48.80319027,2.61070344,Nuit avec éclairage allumé,En agglomération,Hors intersection,Pluie forte,Autre collision,4,1,1,0,1,1,2,6,1,30,1,2,1,0,0,1,79.0,,voiture,,5,2,1,3,6
202400019493,2024-11-16 12:30:00,2024,11,16,12,30,65,65460,D935,43.401711,0.053515,Plein jour,Hors agglomération,Intersection en T,Normale,Deux véhicules - arrière,3,2,2,0,1,1,1,3,1,90,2,2,1,0,0,1,53.0,30.0,voiture,voiture,1,1,3,1,2
202400019493,2024-11-16 12:30:00,2024,11,16,12,30,65,65460,D935,43.401711,0.053515,Plein jour,Hors agglomération,Intersection en T,Normale,Deux véhicules - arrière,3,2,2,-1,1,3,1,0,1,80,2,2,1,0,0,1,53.0,30.0,voiture,voiture,1,1,3,1,2
202400019494,2024-11-16 18:50:00,2024,11,16,18,50,65,65296,Route de Perron,43.557902,-0.046349,Nuit sans éclairage public,Hors agglomération,Hors intersection,Normale,Autre collision,3,2,2,0,2,2,1,0,1,80,1,2,1,0,1,0,74.0,,voiture,,3,1,1,1,6
202400019495,2024-03-09 16:45:00,2024,3,9,16,45,77,77284,CRECHE (RUE DE LA),48.95315,2.88535,Plein jour,En agglomération,Hors intersection,Pluie légère,Deux véhicules - côté,3,2,0,1,1,1,2,0,5,50,2,2,1,0,0,1,37.0,29.0,voiture,deux_roues,1,2,1,2,3
202400019496,2024-11-19 15:30:00,2024,11,19,15,30,63,63393,Rue Docteur Roddier,45.889344,3.591827,Plein jour,En agglomération,Intersection en X,Normale,Autre collision,4,2,2,-1,1,1,1,0,1,50,1,2,1,0,1,0,61.0,,voiture,,1,2,2,1,6
202400019496,2024-11-19 15:30:00,2024,11,19,15,30,63,63393,Rue Docteur Roddier,45.889344,3.591827,Plein jour,En agglomération,Intersection en X,Normale,Autre collision,4,2,2,0,2,2,1,0,1,50,1,2,1,0,1,0,61.0,,voiture,,1,2,2,1,6
202400019497,2024-03-10 16:20:00,2024,3,10,16,20,77,77186,D 607,48.350868,2.695821,Plein jour,Hors agglomération,Hors intersection,Normale,Deux véhicules - côté,3,2,0,0,3,1,1,0,1,90,2,2,0,0,1,1,73.0,22.0,voiture,voiture,1,1,1,1,3