accident_id,datetime,annee,mois,jour,heure,minute,departement,commune_insee,adresse,latitude,longitude,luminosite,agglomeration,intersection,meteo,collision,catr,circ,nbv,vosp,prof,plan,surf,infra,situ,vma,nb_vehicules,nb_usagers,nb_indemnes,nb_tues,nb_blesses_hosp,nb_blesses_legers,age_cond_1,age_cond_2,veh_type_cond_1,veh_type_cond_2,lum_code,agg_code,int_code,atm_code,col_code
202400019571,2024-04-17 20:40:00,2024,4,17,20,40,45,45234,80 Boulevard Alexandre Martin,47.906391,1.907094,Nuit avec éclairage allumé,En agglomération,Intersection en T,Temps couvert,Trois véhicules et plus - en chaîne,4,3,5,0,1,1,2,0,1,50,4,5,3,0,0,2,24.0,44.0,voiture,voiture,5,2,3,8,4
202400019572,2024-04-17 11:05:00,2024,4,17,11,5,45,45075,5a Rue des Hauts,47.88729,1.83863,Plein jour,En agglomération,Hors intersection,Normale,Deux véhicules - arrière,4,1,1,0,1,1,1,0,1,50,2,2,1,0,0,1,66.0,73.0,deux_roues,deux_roues,1,2,1,1,2
202400019573,2024-04-17 03:20:00,2024,4,17,3,20,42,42187,Cours de la République,46.03865731,4.06417689,Nuit sans éclairage public,En agglomération,Hors intersection,Pluie légère,Autre collision,4,2,2,0,1,1,2,8,1,30,1,1,0,0,0,1,33.0,,deux_roues,,3,2,1,2,6
202400019574,2024-04-16 14:10:00,2024,4,16,14,10,41,41018,GUINIERES (RUE DES),47.6139,1.33036,Plein jour,En agglomération,Hors intersection,Normale,Deux véhicules - arrière,4,2,2,0,1,1,1,0,1,50,1,1,0,0,0,1,16.0,,deux_roues,,1,2,1,1,2
202400019575,2024-12-24 09:15:00,2024,12,24,9,15,974,97413,194 Route Hubert Delisle,-21.196876,55.328286,Plein jour,En agglomération,Hors intersection,Normale,Deux véhicules - frontale,3,2,2,0,1,1,1,0,1,50,2,2,1,0,0,1,56.0,43.0,deux_roues,voiture,1,2,1,1,1
202400019576,2024-04-17 12:58:00,2024,4,17,12,58,37,37261,HUARD (RUE ERNEST),47.40728,0.68505,Plein jour,En agglomération,Intersection en X,Normale,Deux véhicules - côté,4,2,2,0,1,1,1,0,1,50,2,3,1,0,0,2,26.0,24.0,utilitaire_camion,voiture,1,2,2,1,3
202400019576,2024-04-17 12:58:00,2024,4,17,12,58,37,37261,HUARD (RUE ERNEST),47.40728,0.68505,Plein jour,En agglomération,Intersection en X,Normale,Deux véhicules - côté,4,2,2,0,1,1,1,0,1,50,2,3,1,0,0,2,26.0,24.0,utilitaire_camion,voiture,1,2,2,1,3
202400019577,2024-12-23 16:30:00,2024,12,23,16,30,67,67472,8 Grand Rue,48.829495,7.965519,Crépuscule ou aube,En agglomération,Hors intersection,Pluie légère,Autre collision,4,2,1,0,1,1,2,0,4,-1,1,2,1,0,1,0,52.0,,voiture,,2,2,1,2,6
202400019578,2024-04-17 12:38:00,2024,4,17,12,38,35,35278,RD 29,48.15688,-1.6991,Plein jour,Hors agglomération,Hors intersection,Pluie légère,Trois véhicules et plus - en chaîne,7,2,2,0,1,1,2,0,1,80,3,3,1,0,0,2,25.0,31.0,voiture,voiture,1,1,1,2,4
202400019579,2024-12-23 19:00:00,2024,12,23,19,0,15,15108,A 75 ,44.919476,3.213673,Nuit sans éclairage public,Hors agglomération,Hors intersection,Neige / grêle,Autre collision,1,1,2,0,1,1,2,9,1,110,1,2,1,1,0,0,,,voiture,,3,1,1,4,6
202400019580,2024-12-24 14:30:00,2024,12,24,14,30,19,19028,Avenue Gambetta,45.38998334,2.49439825,Plein jour,En agglomération,Hors intersection,Normale,Autre collision,3,2,2,0,1,3,1,0,1,50,1,2,1,0,1,0,40.0,,voiture,,1,2,1,1,6
202400019581,2024-04-17 21:05:00,2024,4,17,21,5,34,34172,MOULINS (AVENUE DES,43.63226,3.84324,Nuit avec éclairage allumé,En agglomération,Intersection en T,Normale,Deux véhicules - côté,4,1,1,0,1,3,1,6,1,50,2,2,1,0,0,1,33.0,22.0,voiture,deux_roues,5,2,3,1,3
202400019581,2024-04-17 21:05:00,2024,4,17,21,5,34,34172,MOULINS (AVENUE DES,43.63226,3.84324,Nuit avec éclairage allumé,En agglomération,Intersection en T,Normale,Deux véhicules - côté,4,2,1,0,1,1,1,0,1,30,2,2,1,0,0,1,33.0,22.0,voiture,deux_roues,5,2,3,1,3
202400019582,2024-04-17 18:50:00,2024,4,17,18,50,33,33162,,44.88945,-0.649054,Plein jour,En agglomération,Hors intersection,Normale,Deux véhicules - côté,4,2,2,0,1,1,1,0,1,50,2,2,1,0,0,1,47.0,21.0,utilitaire_camion,deux_roues,1,2,1,1,3
202400019583,2024-04-17 09:30:00,2024,4,17,9,30,33,33529,,44.63215,-1.1465,Plein jour,En agglomération,Hors intersection,Normale,Deux véhicules - arrière,4,1,1,0,1,1,1,0,1,30,2,2,1,0,0,1,74.0,48.0,voiture,voiture,1,2,1,1,2
202400019584,2024-12-24 10:00:00,2024,12,24,10,0,56,56206,le Chapeau Rouge,47.671269,-2.725157,Plein jour,Hors agglomération,Hors intersection,Temps couvert,Trois véhicules et plus - collisions multiples,3,2,2,0,1,1,2,0,1,80,3,3,2,0,1,0,61.0,44.0,voiture,voiture,1,1,1,8,5
202400019585,2024-04-16 23:40:00,2024,4,16,23,40,31,31555,AV DE LATTRE DE TASSIGNY,43.57902,1.43685,Nuit avec éclairage allumé,En agglomération,Intersection en T,Pluie légère,Deux véhicules - côté,4,2,4,0,1,1,2,0,1,50,2,2,1,0,0,1,16.0,23.0,voiture,deux_roues,5,2,3,2,3
202400019585,2024-04-16 23:40:00,2024,4,16,23,40,31,31555,AV DE LATTRE DE TASSIGNY,43.57902,1.43685,Nuit avec éclairage allumé,En agglomération,Intersection en T,Pluie légère,Deux véhicules - côté,4,2,2,0,1,1,2,0,1,50,2,2,1,0,0,1,16.0,23.0,voiture,deux_roues,5,2,3,2,3
202400019586,2024-12-23 22:17:00,2024,12,23,22,17,79,79147,,46.663899,-0.5317,Nuit sans éclairage public,Hors agglomération,Hors intersection,Normale,Sans collision,3,2,2,0,1,1,1,0,3,80,1,1,0,0,1,0,32.0,,utilitaire_camion,,3,1,1,1,7
202400019587,2024-12-23 19:30:00,2024,12,23,19,30,79,79007,,46.556942,-0.413532,Nuit sans éclairage public,Hors agglomération,Hors intersection,Temps couvert,Deux véhicules - frontale,3,2,2,0,1,1,1,0,1,80,2,3,0,0,1,2,14.0,61.0,deux_roues,voiture,3,1,1,8,1
202400019588,2024-04-18 00:50:00,2024,4,18,0,50,27,27229,COCHEREL (RUE DE),49.02053,1.181999,Nuit avec éclairage allumé,En agglomération,Giratoire,Pluie légère,Autre collision,4,2,2,0,1,3,2,0,3,50,1,2,0,0,0,2,22.0,,voiture,,5,2,6,2,6
202400019589,2024-10-14 11:35:00,2024,10,14,11,35,2A,2A271,T22,41.954272,8.792517,Plein jour,En agglomération,Hors intersection,Normale,Deux véhicules - frontale,2,2,2,0,1,1,1,0,1,70,2,2,1,0,0,1,40.0,24.0,voiture,deux_roues,1,2,1,1,1
202400019590,2024-04-17 12:00:00,2024,4,17,12,0,27,27229,BUZOT (RUE),49.02844,1.15279,Plein jour,En agglomération,Hors intersection,Normale,Autre collision,4,-1,2,0,1,1,1,0,4,50,1,2,1,0,0,1,35.0,,voiture,,1,2,1,1,6
202400019591,2024-12-23 11:40:00,2024,12,23,11,40,32,32051,D4,43.532224,0.892199,Plein jour,Hors agglomération,Hors intersection,Temps couvert,Autre collision,3,2,2,0,1,1,2,0,3,80,1,4,0,0,1,3,56.0,,voiture,,1,1,1,8,6
202400019592,2024-04-17 13:50:00,2024,4,17,13,50,14,14366,25 Rue Calmette et Guérin,49.150128,0.257229,Plein jour,En agglomération,Hors intersection,Normale,Deux véhicules - arrière,4,3,2,0,1,1,1,0,1,50,2,2,0,0,0,2,48.0,54.0,voiture,voiture,1,2,1,1,2
202400019593,2024-12-23 13:11:00,2024,12,23,13,11,89,89460,D103,48.335238,3.064196,Plein jour,En agglomération,Intersection en X,Normale,Deux véhicules - côté,3,4,1,0,2,2,1,5,1,50,2,2,1,0,1,0,51.0,38.0,voiture,deux_roues,1,2,2,1,3
202400019593,2024-12-23 13:11:00,2024,12,23,13,11,89,89460,D103,48.335238,3.064196,Plein jour,En agglomération,Intersection en X,Normale,Deux véhicules - côté,3,2,2,-1,1,1,1,5,1,50,2,2,1,0,1,0,51.0,38.0,voiture,deux_roues,1,2,2,1,3
202400019594,2024-04-17 02:00:00,2024,4,17,2,0,14,14366,Route d'Orbec,49.14053,0.23181,Nuit avec éclairage allumé,En agglomération,Hors intersection,Normale,Autre collision,3,3,2,0,1,1,1,0,1,50,1,2,1,0,0,1,22.0,,voiture,,5,2,1,1,6
202400019595,2024-04-17 14:00:00,2024,4,17,14,0,13,13071,ROUTE NATIONALE 368 (PLAN DES PENNES),43.4025,5.27457,Plein jour,En agglomération,Hors intersection,Normale,Deux véhicules - côté,3,2,2,0,1,1,1,0,1,80,1,1,0,0,1,0,40.0,,voiture,,1,2,1,1,3
202400019596,2024-12-24 13:10:00,2024,12,24,13,10,61,61050,1776 l'Epine de Feuillet,48.439614,0.733444,Plein jour,Hors agglomération,Intersection en T,Pluie légère,Deux véhicules - arrière,3,2,2,0,1,1,2,0,1,90,2,5,0,0,0,5,31.0,26.0,voiture,utilitaire_camion,1,1,3,2,2
202400019596,2024-12-24 13:10:00,2024,12,24,13,10,61,61050,1776 l'Epine de Feuillet,48.439614,0.733444,Plein jour,Hors agglomération,Intersection en T,Pluie légère,Deux véhicules - arrière,3,2,2,0,4,2,2,0,1,80,2,5,0,0,0,5,31.0,26.0,voiture,utilitaire_camion,1,1,3,2,2
202400019597,2024-04-17 08:00:00,2024,4,17,8,0,13,13117,MARSEILLE ( AVENUE DE ),43.44222,5.2589,Plein jour,En agglomération,Hors intersection,Normale,Deux véhicules - arrière,4,2,2,0,1,1,1,0,1,50,2,2,1,0,1,0,30.0,65.0,voiture,deux_roues,1,2,1,1,2
202400019598,2024-12-24 17:45:00,2024,12,24,17,45,12,12056,D911,44.284095,2.426015,Nuit sans éclairage public,Hors agglomération,Giratoire,Brouillard / fumée,Deux véhicules - côté,3,2,1,0,1,2,2,5,1,50,2,4,3,0,0,1,,40.0,voiture,voiture,3,1,6,5,3
202400019599,2024-03-15 14:15:00,2024,3,15,14,15,13,13215,LITTORAL (CHEMIN DU),43.34,5.34,Plein jour,En agglomération,Hors intersection,Normale,Deux véhicules - arrière,4,1,2,0,1,1,1,0,1,50,2,2,1,0,0,1,,37.0,voiture,deux_roues,1,2,1,1,2
202400019600,2024-12-23 19:50:00,2024,12,23,19,50,44,44175,22 Le Crelin,47.390781,-2.319301,Nuit sans éclairage public,Hors agglomération,Hors intersection,Pluie légère,Autre collision,3,2,2,0,4,1,2,0,3,70,1,1,0,0,1,0,46.0,,voiture,,3,1,1,2,6
202400019601,2024-04-17 10:40:00,2024,4,17,10,40,13,13215,LYON (RUE DE),43.33,5.36,Plein jour,En agglomération,Hors intersection,Normale,Autre collision,4,2,2,0,1,1,1,8,1,50,1,2,1,0,1,0,,,deux_roues,,1,2,1,1,6
202400019602,2024-04-16 12:00:00,2024,4,16,12,0,13,13206,PAUL PEYTRAL (BOULEVARD),43.3,5.4,Plein jour,En agglomération,Autre intersection,Normale,Deux véhicules - côté,4,2,2,3,1,1,1,0,1,50,1,2,1,0,0,1,30.0,,transport_commun,,1,2,9,1,3
202400019603,2024-12-22 20:00:00,2024,12,22,20,0,14,14601,1 Route de Lisieux,49.283862,0.207453,Nuit sans éclairage public,En agglomération,Hors intersection,Vent fort / tempête,Autre collision,3,2,2,0,4,3,1,0,3,50,1,1,0,0,0,1,50.0,,voiture,,3,2,1,6,6
202400019604,2024-04-14 15:40:00,2024,4,14,15,40,10,10081,Rue Teilhard de Chardin,48.3044,4.0325,Plein jour,En agglomération,Hors intersection,Normale,Autre collision,6,-1,0,0,1,1,1,0,1,30,1,1,0,0,0,1,29.0,,deux_roues,,1,2,1,1,6
202400019605,2024-12-22 10:43:00,2024,12,22,10,43,09,09139,nationale 20,42.586728,1.795862,Nuit sans éclairage public,Hors agglomération,Hors intersection,Neige / grêle,Deux véhicules - frontale,2,2,2,0,2,2,5,0,1,80,2,4,3,0,0,1,27.0,45.0,voiture,utilitaire_camion,3,1,1,4,1
202400019606,2024-04-16 09:47:00,2024,4,16,9,47,10,10387,ANATOLE FRANCE (RUE),48.28601,4.07537,Plein jour,En agglomération,Intersection en Y,Normale,Sans collision,4,-1,2,0,1,3,1,0,1,50,1,1,0,0,0,1,70.0,,voiture,,1,2,4,1,7
202400019606,2024-04-16 09:47:00,2024,4,16,9,47,10,10387,ANATOLE FRANCE (RUE),48.28601,4.07537,Plein jour,En agglomération,Intersection en Y,Normale,Sans collision,4,-1,0,0,1,1,1,0,1,50,1,1,0,0,0,1,70.0,,voiture,,1,2,4,1,7
202400019607,2024-12-23 19:30:00,2024,12,23,19,30,64,64206,RN134,43.071713,-0.606077,Nuit sans éclairage public,Hors agglomération,Hors intersection,Temps couvert,Deux véhicules - frontale,2,2,2,0,1,3,1,0,1,80,2,2,1,0,0,1,38.0,53.0,utilitaire_camion,voiture,3,1,1,8,1
202400019608,2024-12-18 21:10:00,2024,12,18,21,10,40,40211,Route de Saubusse,43.651479,-1.184378,Nuit sans éclairage public,Hors agglomération,Hors intersection,Normale,Autre collision,3,2,2,0,1,3,1,0,3,80,1,1,0,0,1,0,20.0,,voiture,,3,1,1,1,6
202400019609,2024-04-18 01:12:00,2024,4,18,1,12,06,06088,Avenue Raoul Dufy,43.68175,7.21475,Nuit avec éclairage allumé,En agglomération,Intersection en X,Normale,Deux véhicules - côté,4,2,2,0,1,1,1,0,1,50,2,2,1,0,0,1,26.0,30.0,deux_roues,voiture,5,2,2,1,3
202400019609,2024-04-18 01:12:00,2024,4,18,1,12,06,06088,Avenue Raoul Dufy,43.68175,7.21475,Nuit avec éclairage allumé,En agglomération,Intersection en X,Normale,Deux véhicules - côté,4,2,2,0,2,1,1,0,1,50,2,2,1,0,0,1,26.0,30.0,deux_roues,voiture,5,2,2,1,3
202400019610,2024-04-17 16:15:00,2024,4,17,16,15,06,06088,Boulevard René Cassin,43.674942,7.227116,Plein jour,En agglomération,Passage à niveau,Normale,Autre collision,4,1,1,3,1,1,1,4,6,50,1,2,1,0,0,1,38.0,,transport_commun,,1,2,8,1,6
202400019611,2024-12-20 22:29:00,2024,12,20,22,29,85,85084,RD160,46.7791,-1.21655,Nuit sans éclairage public,Hors agglomération,Hors intersection,Pluie légère,Deux véhicules - côté,3,2,2,0,4,1,2,0,1,80,2,6,4,0,0,2,24.0,31.0,voiture,voiture,3,1,1,2,3
202400019612,2024-04-13 16:40:00,2024,4,13,16,40,05,05061,GENERAL DE GAULLE ( BD ),44.55965,6.07582,Plein jour,En agglomération,Hors intersection,Normale,Deux véhicules - côté,3,1,2,0,1,1,1,0,1,50,2,4,3,0,0,1,19.0,27.0,deux_roues,voiture,1,2,1,1,3
202400019613,2024-12-23 16:25:00,2024,12,23,16,25,85,85135,RD746,46.53814,-1.23049,Plein jour,En agglomération,Hors intersection,Normale,Sans collision,3,2,1,0,1,1,1,0,1,50,1,1,0,0,1,0,27.0,,deux_roues,,1,2,1,1,7
202400019614,2024-12-24 08:00:00,2024,12,24,8,0,27,27243,d 180,49.409036,0.302285,Crépuscule ou aube,Hors agglomération,Hors intersection,Pluie légère,Deux véhicules - frontale,3,-1,2,0,2,1,2,0,1,80,2,2,1,1,0,0,15.0,33.0,voiture,utilitaire_camion,2,1,1,2,1
202400019615,2024-04-17 12:20:00,2024,4,17,12,20,02,02408,,49.5671,3.6296,Plein jour,En agglomération,Hors intersection,Normale,Deux véhicules - côté,4,2,0,0,2,1,1,0,1,50,2,2,1,0,0,1,15.0,42.0,deux_roues,voiture,1,2,1,1,3
202400019616,2024-12-23 18:00:00,2024,12,23,18,0,27,27157,Rue de Damville,48.877523,1.002792,Nuit sans éclairage public,Hors agglomération,Hors intersection,Pluie légère,Deux véhicules - frontale,3,2,2,0,1,1,2,0,1,80,2,2,1,0,1,0,15.0,33.0,deux_roues,utilitaire_camion,3,1,1,2,1
202400019617,2024-04-17 20:50:00,2024,4,17,20,50,01,01289,BOULEAUX ( CHEMIN DES ) IMPAIR,46.17916,5.22834,Nuit sans éclairage public,Hors agglomération,Hors intersection,Normale,Deux véhicules - côté,4,2,2,0,1,1,2,0,1,70,2,2,1,0,0,1,45.0,18.0,voiture,deux_roues,3,1,1,1,3
202400019618,2024-12-22 14:23:00,2024,12,22,14,23,10,10084, A26,48.401087,4.150214,Plein jour,Hors agglomération,Hors intersection,Neige / grêle,Sans collision,1,3,2,0,1,1,5,0,3,-1,1,4,3,0,0,1,31.0,,utilitaire_camion,,1,1,1,4,7
202400019619,2024-04-16 19:30:00,2024,4,16,19,30,75,75116,BD PERIPHERIQUE EXTERIEUR,48.872906,2.274447,Nuit avec éclairage allumé,En agglomération,Hors intersection,Pluie légère,Deux véhicules - côté,4,1,4,0,1,1,2,1,1,70,2,2,1,0,0,1,42.0,,deux_roues,voiture,5,2,1,2,3
202400019620,2024-12-24 19:45:00,2024,12,24,19,45,01,01089,Autoroute A42,45.947703,5.299487,Nuit sans éclairage public,Hors agglomération,Hors intersection,Normale,Deux véhicules - arrière,1,3,2,0,1,1,1,0,1,130,2,2,1,0,0,1,48.0,32.0,utilitaire_camion,utilitaire_camion,3,1,1,1,2
202400019621,2024-04-16 23:15:00,2024,4,16,23,15,75,75120,PLACE DE LA PORTE DE MONTREUIL,48.854378,2.412901,Nuit sans éclairage public,En agglomération,Intersection en T,Pluie légère,Deux véhicules - côté,4,1, -1,-1,1,1,2,0,1,50,2,2,1,0,0,1,21.0,,voiture,voiture,3,2,3,2,3
202400019621,2024-04-16 23:15:00,2024,4,16,23,15,75,75120,PLACE DE LA PORTE DE MONTREUIL,48.854378,2.412901,Nuit sans éclairage public,En agglomération,Intersection en T,Pluie légère,Deux véhicules - côté,4,1,4,0,1,2,2,0,1,50,2,2,1,0,0,1,21.0,,voiture,voiture,3,2,3,2,3
202400019622,2024-04-17 13:21:00,2024,4,17,13,21,75,75119,RUE ARCHEREAU,48.889263,2.371489,Plein jour,En agglomération,Intersection en Y,Temps couvert,Autre collision,4,2, -1,-1,1,1,1,0,1,30,1,2,1,0,0,1,61.0,,voiture,,1,2,4,8,6
202400019622,2024-04-17 13:21:00,2024,4,17,13,21,75,75119,RUE ARCHEREAU,48.889263,2.371489,Plein jour,En agglomération,Intersection en Y,Temps couvert,Autre collision,4,1,2,0,1,1,1,6,6,30,1,2,1,0,0,1,61.0,,voiture,,1,2,4,8,6
202400019623,2024-12-24 18:05:00,2024,12,24,18,5,72,72360,a81,48.04554169,0.10761336,Nuit sans éclairage public,Hors agglomération,Hors intersection,Normale,Trois véhicules et plus - collisions multiples,1,1,2,0,1,1,1,0,1,130,4,10,1,0,1,8,22.0,54.0,voiture,voiture,3,1,1,1,5
202400019624,2024-04-17 09:30:00,2024,4,17,9,30,75,75115,RUE DE VOUILLE,48.834699,2.305161,Plein jour,En agglomération,Intersection en X,Normale,Deux véhicules - côté,4,2, -1,-1,1,1,1,0,1,30,2,2,1,0,0,1,41.0,65.0,voiture,deux_roues,1,2,2,1,3
202400019624,2024-04-17 09:30:00,2024,4,17,9,30,75,75115,RUE DE VOUILLE,48.834699,2.305161,Plein jour,En agglomération,Intersection en X,Normale,Deux véhicules - côté,4,2,4,0,1,1,1,0,1,30,2,2,1,0,0,1,41.0,65.0,voiture,deux_roues,1,2,2,1,3
202400019625,2024-12-24 11:50:00,2024,12,24,11,50,06,06088,A8 PK192.705,43.716489,7.213495,Plein jour,Hors agglomération,Hors intersection,Normale,Deux véhicules - arrière,1,3,6,0,2,1,1,0,1,90,2,2,1,0,1,0,32.0,61.0,deux_roues,voiture,1,1,1,1,2
202400019626,2024-04-17 12:25:00,2024,4,17,12,25,75,75114,AVENUE DU GENERAL LECLERC,48.826891,2.326536,Plein jour,En agglomération,Intersection en T,Pluie légère,Autre collision,4,2,4,3,1,1,2,0,1,50,1,1,0,0,0,1,92.0,,voiture,,1,2,3,2,6
202400019626,2024-04-17 12:25:00,2024,4,17,12,25,75,75114,AVENUE DU GENERAL LECLERC,48.826891,2.326536,Plein jour,En agglomération,Intersection en T,Pluie légère,Autre collision,4,1, -1,-1,1,1,2,0,1,50,1,1,0,0,0,1,92.0,,voiture,,1,2,3,2,6
202400019627,2024-12-22 17:34:00,2024,12,22,17,34,49,49068,A11- PK 287.700,47.432965,-0.873241,Crépuscule ou aube,Hors agglomération,Hors intersection,Normale,Autre collision,1,1,2,3,1,1,1,0,8,130,1,1,0,0,0,1,28.0,,voiture,,2,1,1,1,6
202400019628,2024-12-23 22:30:00,2024,12,23,22,30,33,33552,,44.63337776,-0.41564121,Nuit sans éclairage public,Hors agglomération,Hors intersection,Pluie légère,Deux véhicules - arrière,1,1,2,0,1,1,2,0,1,130,2,2,1,0,0,1,50.0,61.0,voiture,voiture,3,1,1,2,2
202400019629,2024-04-16 11:20:00,2024,4,16,11,20,75,75114,BOULEVARD DU MONTPARNASSE,48.843001,2.326326,Plein jour,En agglomération,Intersection en X,Pluie légère,Sans collision,4,2,6,3,1,1,2,0,1,30,1,1,0,0,1,0,63.0,,deux_roues,,1,2,2,2,7
202400019629,2024-04-16 11:20:00,2024,4,16,11,20,75,75114,BOULEVARD DU MONTPARNASSE,48.843001,2.326326,Plein jour,En agglomération,Intersection en X,Pluie légère,Sans collision,4,2, -1,-1,1,1,2,0,1,30,1,1,0,0,1,0,63.0,,deux_roues,,1,2,2,2,7
202400019630,2024-12-23 17:15:00,2024,12,23,17,15,33,33005,,44.745308,-1.093692,Crépuscule ou aube,En agglomération,Hors intersection,Normale,Autre collision,3,1,1,1,1,1,1,5,1,50,1,2,0,0,1,1,95.0,,voiture,,2,2,1,1,6
202400019631,2024-04-17 10:00:00,2024,4,17,10,0,75,75113,RUE DE TOLBIAC,48.828474,2.372949,Plein jour,En agglomération,Intersection en X,Normale,Autre collision,4,2,4,3,1,1,1,0,1,30,1,2,1,0,0,1,79.0,,voiture,,1,2,2,1,6
202400019631,2024-04-17 10:00:00,2024,4,17,10,0,75,75113,RUE DE TOLBIAC,48.828474,2.372949,Plein jour,En agglomération,Intersection en X,Normale,Autre collision,4,1,1,0,1,1,1,0,1,30,1,2,1,0,0,1,79.0,,voiture,,1,2,2,1,6
202400019632,2024-12-24 08:00:00,2024,12,24,8,0,987,98747,PK 5.300 AFAAHITI,-17.730458,-149.28817,Plein jour,Hors agglomération,Hors intersection,Normale,Deux véhicules - côté,2,2,2,2,1,1,1,0,1,60,2,2,1,0,1,0,59.0,24.0,voiture,deux_roues,1,1,1,1,3
202400019633,2024-04-17 15:20:00,2024,4,17,15,20,94,94017,Avenue des Grands Godets,48.81262,2.532572,Plein jour,En agglomération,Hors intersection,Pluie légère,Autre collision,6,-1,0,0,1,1,2,0,8,30,1,2,1,1,0,0,42.0,,utilitaire_camion,,1,2,1,2,6
202400019634,2024-12-21 01:12:00,2024,12,21,1,12,34,34213,D613,43.469755,3.675678,Nuit avec éclairage allumé,Hors agglomération,Hors intersection,Normale,Autre collision,3,2,4,0,1,1,1,0,1,80,1,2,1,0,1,0,48.0,,voiture,,5,1,1,1,6
202400019635,2024-04-17 18:00:00,2024,4,17,18,0,93,93070,Rue Albert Dhalenne,48.91587164,2.33084679,Plein jour,En agglomération,Hors intersection,Temps couvert,Autre collision,3,2,2,1,1,1,1,0,1,50,1,2,1,0,0,1,54.0,,voiture,,1,2,1,8,6
202400019636,2024-04-17 18:00:00,2024,4,17,18,0,93,93039,Rue Méchin,48.93572744,2.33786774,Plein jour,En agglomération,Autre intersection,Autre,Sans collision,3,2,2,0,1,1,2,9,1,30,1,1,0,0,0,1,61.0,,deux_roues,,1,2,9,9,7
202400019637,2024-12-23 12:00:00,2024,12,23,12,0,13,13100,RD571 PK 14+491,43.805962,4.833244,Plein jour,Hors agglomération,Intersection en X,Normale,Deux véhicules - côté,3,2,2,0,1,1,1,0,3,80,1,2,0,2,0,0,54.0,,voiture,,1,1,2,1,3
202400019637,2024-12-23 12:00:00,2024,12,23,12,0,13,13100,RD571 PK 14+491,43.805962,4.833244,Plein jour,Hors agglomération,Intersection en X,Normale,Deux véhicules - côté,3,2, -1,-1,1,1,1,0,1,-1,1,2,0,2,0,0,54.0,,voiture,,1,1,2,1,3
202400019638,2024-04-17 06:00:00,2024,4,17,6,0,93,93064,Rue de la Prevoyance / Avenue Jean Jaurès,48.867566,2.486136,Nuit avec éclairage allumé,En agglomération,Intersection en T,Normale,Autre collision,3,2,2,0,1,1,1,0,1,-1,1,2,1,0,0,1,52.0,,utilitaire_camion,,5,2,3,1,6
202400019638,2024-04-17 06:00:00,2024,4,17,6,0,93,93064,Rue de la Prevoyance / Avenue Jean Jaurès,48.867566,2.486136,Nuit avec éclairage allumé,En agglomération,Intersection en T,Normale,Autre collision,3,2,2,0,1,3,1,1,1,30,1,2,1,0,0,1,52.0,,utilitaire_camion,,5,2,3,1,6
202400019639,2024-12-23 10:17:00,2024,12,23,10,17,13,13066,Noves,43.877831,4.903851,Plein jour,En agglomération,Autre intersection,Normale,Deux véhicules - frontale,9,1,1,0,1,1,1,0,8,-1,1,2,1,0,1,0,30.0,,voiture,,1,2,9,1,1
202400019640,2024-04-16 19:30:00,2024,4,16,19,30,93,93032,Rue Vaillant Couturier,48.86743431,2.55828738,Crépuscule ou aube,En agglomération,Hors intersection,Normale,Deux véhicules - arrière,3,2,2,0,1,2,1,0,1,50,2,2,1,0,0,1,22.0,42.0,deux_roues,voiture,2,2,1,1,2
202400019641,2024-12-21 15:00:00,2024,12,21,15,0,89,89380,autoroute A19 pk 028.850,48.064429,3.108616,Plein jour,Hors agglomération,Hors intersection,Pluie légère,Autre collision,1,3,1,0,1,3,2,0,1,110,1,1,0,0,0,1,53.0,,voiture,,1,1,1,2,6
202400019642,2024-04-17 09:15:00,2024,4,17,9,15,93,93008,Avenue Jean Jaures,48.903417,2.440044,Plein jour,En agglomération,Hors intersection,Normale,Deux véhicules - côté,3,3,4,0,2,1,1,0,8,50,2,2,1,0,1,0,26.0,57.0,deux_roues,utilitaire_camion,1,2,1,1,3
202400019643,2024-01-30 07:45:00,2024,1,30,7,45,65,65193,1156 Route de Mauleon,42.987888,0.572987,Crépuscule ou aube,Hors agglomération,Autre intersection,Normale,Deux véhicules - frontale,3,2,2,0,2,3,1,0,1,80,2,4,3,0,0,1,49.0,73.0,voiture,voiture,2,1,9,1,1
202400019644,2024-12-24 18:15:00,2024,12,24,18,15,57,57069,D63b,49.273408,6.638012,Nuit avec éclairage non allumé,Hors agglomération,Hors intersection,Pluie légère,Deux véhicules - frontale,3,2,2,0,1,1,2,0,1,80,2,6,0,1,3,2,21.0,89.0,voiture,voiture,4,1,1,2,1
202400019645,2024-04-17 06:30:00,2024,4,17,6,30,93,93008,Avenue Paul Vaillant - Couturier,48.9084,2.45142,Crépuscule ou aube,En agglomération,Hors intersection,Temps couvert,Autre collision,3,3,4,3,1,1,1,9,1,50,1,2,1,0,0,1,,,deux_roues,,2,2,1,8,6
202400019646,2024-12-23 18:06:00,2024,12,23,18,6,38,38524,Rue de l'Industrie,45.097874,5.681841,Nuit avec éclairage allumé,En agglomération,Hors intersection,Pluie forte,Autre collision,4,-1,2,0,1,1,2,6,8,30,1,2,1,0,0,1,63.0,,voiture,,5,2,1,3,6
202400019647,2024-01-29 18:30:00,2024,1,29,18,30,14,14411,2 Route des Carreaux,48.966833,-0.402276,Nuit sans éclairage public,Hors agglomération,Intersection en X,Normale,Deux véhicules - côté,3,2,2,0,1,1,1,0,1,80,2,2,0,0,1,1,24.0,41.0,voiture,voiture,3,1,2,1,3