accident_id,datetime,annee,mois,jour,heure,minute,departement,commune_insee,adresse,latitude,longitude,luminosite,agglomeration,intersection,meteo,collision,catr,circ,nbv,vosp,prof,plan,surf,infra,situ,vma,nb_vehicules,nb_usagers,nb_indemnes,nb_tues,nb_blesses_hosp,nb_blesses_legers,age_cond_1,age_cond_2,veh_type_cond_1,veh_type_cond_2,lum_code,agg_code,int_code,atm_code,col_code
202400019647,2024-01-29 18:30:00,2024,1,29,18,30,14,14411,2 Route des Carreaux,48.966833,-0.402276,Nuit sans éclairage public,Hors agglomération,Intersection en X,Normale,Deux véhicules - côté,3,2,2,0,1,3,1,0,1,70,2,2,0,0,1,1,24.0,41.0,voiture,voiture,3,1,2,1,3
202400019648,2024-04-17 08:50:00,2024,4,17,8,50,92,92064,MARECHAL JUIN,48.83800427,2.22152925,Plein jour,En agglomération,Hors intersection,Temps éblouissant,Autre collision,3,3,0,0,1,1,1,0,1,50,1,2,1,0,0,1,37.0,,deux_roues,,1,2,1,7,6
202400019649,2024-12-23 17:57:00,2024,12,23,17,57,17,17409,route departementale 733,45.691088,-0.996323,Nuit sans éclairage public,Hors agglomération,Hors intersection,Normale,Deux véhicules - frontale,3,2,2,0,1,1,1,0,1,80,2,3,0,1,1,1,89.0,32.0,voiture,voiture,3,1,1,1,1
202400019650,2024-01-27 18:25:00,2024,1,27,18,25,17,17172,D143,45.557662,-0.668551,Nuit sans éclairage public,Hors agglomération,Intersection en T,Normale,Trois véhicules et plus - en chaîne,3,2,2,0,1,1,1,0,1,80,3,3,0,0,1,2,78.0,24.0,voiture,voiture,3,1,3,1,4
202400019650,2024-01-27 18:25:00,2024,1,27,18,25,17,17172,D143,45.557662,-0.668551,Nuit sans éclairage public,Hors agglomération,Intersection en T,Normale,Trois véhicules et plus - en chaîne,3,2,2,-1,1,1,1,0,1,80,3,3,0,0,1,2,78.0,24.0,voiture,voiture,3,1,3,1,4
202400019651,2024-04-17 12:35:00,2024,4,17,12,35,92,92063,FLOQUET (RUE CHARLES) EST,48.8739564,2.17809319,Plein jour,En agglomération,Autre intersection,Normale,Deux véhicules - côté,3,2,4,0,4,1,1,9,8,50,2,2,1,0,0,1,26.0,43.0,utilitaire_camion,deux_roues,1,2,9,1,3
202400019652,2024-12-23 16:50:00,2024,12,23,16,50,86,86137,Avenue d’Anjou,47.021571,0.080182,Plein jour,En agglomération,Intersection en T,Normale,Deux véhicules - côté,3,2,2,0,1,1,1,0,1,50,2,2,1,0,1,0,20.0,52.0,deux_roues,voiture,1,2,3,1,3
202400019652,2024-12-23 16:50:00,2024,12,23,16,50,86,86137,Avenue d’Anjou,47.021571,0.080182,Plein jour,En agglomération,Intersection en T,Normale,Deux véhicules - côté,3,2, -1,-1,1,1,1,5,1,-1,2,2,1,0,1,0,20.0,52.0,deux_roues,voiture,1,2,3,1,3
202400019653,2024-01-29 19:10:00,2024,1,29,19,10,91,91666,SAULX (RUE DE),48.685046,2.239553,Crépuscule ou aube,Hors agglomération,Hors intersection,Normale,Deux véhicules - frontale,3,2,2,0,2,2,1,0,1,50,2,2,1,0,0,1,27.0,64.0,voiture,voiture,2,1,1,1,1
202400019654,2024-04-17 14:30:00,2024,4,17,14,30,92,92062,DE DION BOUTON (QUAI) DU 1 AU 28,48.87681774,2.24080503,Plein jour,En agglomération,Hors intersection,Pluie légère,Trois véhicules et plus - en chaîne,3,1,2,0,1,1,2,0,1,50,3,4,3,0,0,1,39.0,40.0,voiture,voiture,1,2,1,2,4
202400019655,2024-12-20 02:05:00,2024,12,20,2,5,85,85226,RD38,46.7351,-1.95865,Nuit sans éclairage public,Hors agglomération,Hors intersection,Normale,Deux véhicules - frontale,3,2,2,0,1,2,1,0,1,80,2,2,0,0,1,1,51.0,19.0,voiture,voiture,3,1,1,1,1
202400019656,2024-01-28 11:55:00,2024,1,28,11,55,44,44149,2 Le Doux,47.470045,-1.588501,Plein jour,Hors agglomération,Hors intersection,Normale,Sans collision,4,2,2,0,1,1,1,0,1,-1,1,1,0,0,1,0,63.0,,deux_roues,,1,1,1,1,7
202400019657,2024-12-24 15:20:00,2024,12,24,15,20,44,44215,14 Route des Pégers,47.147323,-1.468875,Plein jour,Hors agglomération,Hors intersection,Normale,Deux véhicules - frontale,7,2,2,0,1,1,1,0,1,70,2,2,1,1,0,0,18.0,54.0,deux_roues,voiture,1,1,1,1,1
202400019658,2024-04-17 08:00:00,2024,4,17,8,0,92,92025,KLEBER (AV),48.93428637,2.25587833,Plein jour,En agglomération,Intersection en X,Normale,Deux véhicules - côté,4,1,2,0,1,1,1,5,1,50,2,2,1,0,0,1,36.0,21.0,voiture,deux_roues,1,2,2,1,3
202400019658,2024-04-17 08:00:00,2024,4,17,8,0,92,92025,KLEBER (AV),48.93428637,2.25587833,Plein jour,En agglomération,Intersection en X,Normale,Deux véhicules - côté,4,2,4,0,1,1,1,0,1,50,2,2,1,0,0,1,36.0,21.0,voiture,deux_roues,1,2,2,1,3
202400019659,2024-12-23 21:00:00,2024,12,23,21,0,22,22339,le Portail,48.48067,-2.064384,Nuit sans éclairage public,Hors agglomération,Hors intersection,Pluie légère,Autre collision,3,2,2,0,1,1,2,0,3,70,1,1,0,0,1,0,33.0,,voiture,,3,1,1,2,6
202400019660,2024-04-17 18:55:00,2024,4,17,18,55,08,08313,intersection D30 / rue du port,49.512222,4.299903,Plein jour,En agglomération,Intersection en T,Temps couvert,Sans collision,3,2,2,0,1,1,2,0,1,-1,1,1,0,0,1,0,34.0,,deux_roues,,1,2,3,8,7
202400019660,2024-04-17 18:55:00,2024,4,17,18,55,08,08313,intersection D30 / rue du port,49.512222,4.299903,Plein jour,En agglomération,Intersection en T,Temps couvert,Sans collision,3,2,2,0,1,1,1,0,1,-1,1,1,0,0,1,0,34.0,,deux_roues,,1,2,3,8,7
202400019661,2024-01-29 18:15:00,2024,1,29,18,15,62,62297,D219,50.809881,2.149415,Nuit avec éclairage allumé,En agglomération,Intersection en T,Normale,Deux véhicules - côté,3,2,2,0,1,1,1,0,1,50,2,2,1,0,1,0,19.0,19.0,deux_roues,deux_roues,5,2,3,1,3
202400019661,2024-01-29 18:15:00,2024,1,29,18,15,62,62297,D219,50.809881,2.149415,Nuit avec éclairage allumé,En agglomération,Intersection en T,Normale,Deux véhicules - côté,3,1,2,0,1,1,1,9,1,50,2,2,1,0,1,0,19.0,19.0,deux_roues,deux_roues,5,2,3,1,3
202400019662,2024-12-24 17:15:00,2024,12,24,17,15,60,60589,Route departemental 44,49.20522,2.464682,Nuit sans éclairage public,Hors agglomération,Hors intersection,Pluie légère,Trois véhicules et plus - en chaîne,3,2,2,0,1,1,2,0,1,50,3,4,2,0,0,2,75.0,23.0,voiture,deux_roues,3,1,1,2,4
202400019663,2024-04-17 19:30:00,2024,4,17,19,30,43,43038,Arvant,45.34545,3.348668,Nuit sans éclairage public,Hors agglomération,Hors intersection,Normale,Deux véhicules - frontale,2,2,2,0,1,1,1,0,1,80,2,2,0,0,2,0,21.0,69.0,voiture,voiture,3,1,1,1,1
202400019664,2024-01-28 00:15:00,2024,1,28,0,15,56,56222,La Harazée,47.815132,-2.729111,Nuit avec éclairage non allumé,Hors agglomération,Hors intersection,Normale,Autre collision,3,2,2,0,1,1,1,0,1,80,1,1,0,0,1,0,21.0,,voiture,,4,1,1,1,6
202400019665,2024-01-30 00:40:00,2024,1,30,0,40,56,56101,Lieu-Dit Talhouët Spinifort,47.826424,-3.200734,Nuit sans éclairage public,Hors agglomération,Hors intersection,Normale,Autre collision,4,2,2,0,1,3,1,0,3,80,1,1,0,1,0,0,26.0,,deux_roues,,3,1,1,1,6
202400019666,2024-04-17 17:10:00,2024,4,17,17,10,28,28201,RD906,48.514213,1.517859,Plein jour,Hors agglomération,Hors intersection,Pluie légère,Deux véhicules - frontale,3,2,2,0,1,1,2,0,1,80,2,4,3,0,1,0,69.0,34.0,voiture,voiture,1,1,1,2,1
202400019667,2024-12-13 17:16:00,2024,12,13,17,16,13,13203,A7-Sens Lyon vers Marseille,43.30602,5.37488,Nuit sans éclairage public,Hors agglomération,Hors intersection,Normale,Trois véhicules et plus - en chaîne,1,1,2,0,1,1,1,0,1,90,4,4,2,0,0,2,36.0,52.0,voiture,utilitaire_camion,3,1,1,1,4
202400019668,2024-04-17 02:54:00,2024,4,17,2,54,87,87148,A 20,45.726375,1.343851,Nuit sans éclairage public,Hors agglomération,Hors intersection,Normale,Deux véhicules - frontale,1,3,2,0,3,2,1,0,1,90,2,3,2,0,1,0,65.0,51.0,utilitaire_camion,utilitaire_camion,3,1,1,1,1
202400019669,2024-01-30 14:15:00,2024,1,30,14,15,76,76449,D929,49.674849,1.13892,Plein jour,Hors agglomération,Hors intersection,Normale,Deux véhicules - frontale,3,2,2,0,4,1,1,0,1,80,2,5,1,3,0,1,61.0,35.0,utilitaire_camion,voiture,1,1,1,1,1
202400019670,2024-01-29 13:12:00,2024,1,29,13,12,33,33443,,44.651925,-0.048902,Plein jour,Hors agglomération,Hors intersection,Normale,Autre collision,3,2,2,0,1,1,1,0,3,80,1,1,0,0,1,0,34.0,,deux_roues,,1,1,1,1,6
202400019671,2024-12-20 05:07:00,2024,12,20,5,7,13,13214,A507 sens Aubagne- Marseille,43.32987658,5.3943572,Nuit avec éclairage allumé,Hors agglomération,Hors intersection,Vent fort / tempête,Deux véhicules - côté,1,3,3,0,2,1,1,1,1,70,3,5,2,0,0,3,75.0,,voiture,voiture,5,1,1,6,3
202400019672,2024-04-18 10:27:00,2024,4,18,10,27,59,59016,croisement de la rue Laboureur et de la D3,50.967657,2.363927,Plein jour,Hors agglomération,Intersection en Y,Normale,Deux véhicules - côté,3,2,2,0,1,1,1,0,1,70,2,2,1,1,0,0,66.0,26.0,voiture,utilitaire_camion,1,1,4,1,3
202400019672,2024-04-18 10:27:00,2024,4,18,10,27,59,59016,croisement de la rue Laboureur et de la D3,50.967657,2.363927,Plein jour,Hors agglomération,Intersection en Y,Normale,Deux véhicules - côté,3,2, -1,-1,1,1,1,0,1,-1,2,2,1,1,0,0,66.0,26.0,voiture,utilitaire_camion,1,1,4,1,3
202400019673,2024-01-30 12:55:00,2024,1,30,12,55,69,69070,4 Rue des Marronniérs,46.013427,4.371743,Plein jour,En agglomération,Hors intersection,Normale,Deux véhicules - frontale,4,2,2,0,2,2,1,0,1,50,2,2,1,0,1,0,15.0,63.0,deux_roues,voiture,1,2,1,1,1
202400019674,2024-12-23 04:35:00,2024,12,23,4,35,83,83137,A50,43.12529939,5.90724511,Nuit avec éclairage allumé,Hors agglomération,Hors intersection,Vent fort / tempête,Deux véhicules - arrière,1,3,3,0,1,3,1,0,2,70,2,2,1,0,0,1,31.0,29.0,voiture,voiture,5,1,1,6,2
202400019675,2024-01-27 03:52:00,2024,1,27,3,52,69,69109,Route Départementale 78,46.14548896,4.62458077,Nuit sans éclairage public,Hors agglomération,Autre intersection,Pluie légère,Autre collision,3,2,2,0,1,4,2,0,3,80,1,1,0,0,0,1,17.0,,deux_roues,,3,1,9,2,6
202400019676,2024-04-17 22:20:00,2024,4,17,22,20,30,30125,D442,43.777319,4.429137,Nuit sans éclairage public,Hors agglomération,Giratoire,Normale,Deux véhicules - côté,3,1,2,0,1,2,1,0,1,80,2,2,1,0,1,0,30.0,50.0,voiture,deux_roues,3,1,6,1,3
202400019677,2024-01-30 17:30:00,2024,1,30,17,30,49,49069,La Coindassière (La Varenne),47.328381,-1.289354,Plein jour,Hors agglomération,Hors intersection,Normale,Autre collision,3,2,2,0,1,3,1,0,1,70,1,2,1,0,0,1,54.0,,voiture,,1,1,1,1,6
202400019678,2024-04-12 11:35:00,2024,4,12,11,35,89,89239,Route de Noé,48.169792,3.344226,Plein jour,En agglomération,Intersection en T,Normale,Deux véhicules - côté,3,2,2,0,1,1,1,0,1,50,2,2,1,0,1,0,82.0,27.0,voiture,utilitaire_camion,1,2,3,1,3
202400019678,2024-04-12 11:35:00,2024,4,12,11,35,89,89239,Route de Noé,48.169792,3.344226,Plein jour,En agglomération,Intersection en T,Normale,Deux véhicules - côté,3,2,1,-1,2,1,1,0,1,50,2,2,1,0,1,0,82.0,27.0,voiture,utilitaire_camion,1,2,3,1,3
202400019679,2024-01-30 14:45:00,2024,1,30,14,45,12,12045,lieu-dit noyes,44.228204,2.443387,Plein jour,En agglomération,Hors intersection,Normale,Sans collision,4,2,2,0,2,1,1,0,1,50,1,1,0,0,1,0,72.0,,deux_roues,,1,2,1,1,7
202400019680,2024-12-18 12:25:00,2024,12,18,12,25,57,57412,Autoroute A31,49.114878,6.160769,Plein jour,Hors agglomération,Hors intersection,Normale,Trois véhicules et plus - en chaîne,1,1,2,0,2,1,1,2,2,90,6,9,6,0,0,3,55.0,30.0,voiture,voiture,1,1,1,1,4
202400019681,2024-04-18 13:30:00,2024,4,18,13,30,76,76163,1475 Route de la Forge,49.51720486,1.32626081,Plein jour,Hors agglomération,Autre intersection,Temps éblouissant,Deux véhicules - arrière,3,2,2,0,2,1,1,0,1,80,2,2,1,1,0,0,58.0,63.0,deux_roues,voiture,1,1,9,7,2
202400019682,2024-01-28 12:35:00,2024,1,28,12,35,46,46330,,44.946139,1.703412,Plein jour,Hors agglomération,Intersection en T,Normale,Deux véhicules - côté,4,2,2,0,1,1,1,0,1,80,2,2,1,0,1,0,44.0,15.0,voiture,deux_roues,1,1,3,1,3
202400019683,2024-04-18 15:30:00,2024,4,18,15,30,2B,2B063,le village,42.364327,9.365657,Plein jour,Hors agglomération,Place,Normale,Autre collision,4,1,1,0,2,1,1,0,1,50,1,1,0,1,0,0,57.0,,voiture,,1,1,7,1,6
202400019684,2024-01-28 16:50:00,2024,1,28,16,50,84,84079,RD 942,44.051647,5.331566,Crépuscule ou aube,Hors agglomération,Hors intersection,Normale,Deux véhicules - côté,3,2,2,0,2,4,1,0,1,80,2,2,1,0,1,0,47.0,64.0,deux_roues,voiture,2,1,1,1,3
202400019685,2024-12-21 21:30:00,2024,12,21,21,30,78,78133,A13,48.88759,2.01172,Nuit sans éclairage public,Hors agglomération,Hors intersection,Pluie légère,Trois véhicules et plus - collisions multiples,1,1,2,0,1,1,2,0,1,110,4,13,11,0,0,2,49.0,50.0,voiture,voiture,3,1,1,2,5
202400019686,2024-04-18 10:30:00,2024,4,18,10,30,80,80737,D222,50.025379,3.045675,Plein jour,En agglomération,Intersection en X,Normale,Deux véhicules - côté,3,2,2,0,3,3,1,0,1,50,2,2,1,1,0,0,70.0,45.0,deux_roues,utilitaire_camion,1,2,2,1,3
202400019686,2024-04-18 10:30:00,2024,4,18,10,30,80,80737,D222,50.025379,3.045675,Plein jour,En agglomération,Intersection en X,Normale,Deux véhicules - côté,3,-1, -1,-1,1,2,1,0,8,-1,2,2,1,1,0,0,70.0,45.0,deux_roues,utilitaire_camion,1,2,2,1,3
202400019687,2024-12-21 21:20:00,2024,12,21,21,20,92,92025,A86,48.93269508,2.24971309,Nuit sans éclairage public,Hors agglomération,Hors intersection,Pluie légère,Deux véhicules - arrière,1,1,3,0,1,1,2,0,1,90,2,4,3,0,0,1,43.0,22.0,voiture,voiture,3,1,1,2,2
202400019688,2024-01-30 01:20:00,2024,1,30,1,20,03,03319,D46,46.322927,3.085871,Nuit sans éclairage public,Hors agglomération,Intersection en X,Normale,Deux véhicules - côté,3,2,2,0,2,3,1,5,1,90,2,4,1,1,1,1,50.0,36.0,voiture,utilitaire_camion,3,1,2,1,3
202400019688,2024-01-30 01:20:00,2024,1,30,1,20,03,03319,D46,46.322927,3.085871,Nuit sans éclairage public,Hors agglomération,Intersection en X,Normale,Deux véhicules - côté,3,2,2,0,1,1,1,5,1,90,2,4,1,1,1,1,50.0,36.0,voiture,utilitaire_camion,3,1,2,1,3
202400019689,2024-12-21 18:06:00,2024,12,21,18,6,78,78217,A13,48.96358966,1.82797822,Nuit sans éclairage public,Hors agglomération,Hors intersection,Pluie légère,Autre collision,1,-1,3,0,1,1,2,0,1,130,1,1,0,0,0,1,24.0,,deux_roues,,3,1,1,2,6
202400019690,2024-04-17 19:10:00,2024,4,17,19,10,33,33547,,44.466196,-0.368211,Plein jour,En agglomération,Hors intersection,Normale,Deux véhicules - frontale,3,2,2,0,1,1,1,0,1,50,2,3,1,0,1,1,45.0,50.0,voiture,voiture,1,2,1,1,1
202400019691,2024-01-30 14:30:00,2024,1,30,14,30,03,03301,chemin des trechamps,46.432633,2.592039,Plein jour,Hors agglomération,Hors intersection,Normale,Sans collision,4,2,2,0,1,2,6,0,1,90,1,2,0,0,1,1,30.0,,deux_roues,,1,1,1,1,7
202400019692,2024-12-23 00:10:00,2024,12,23,0,10,93,93013,AUTOROUTE A1,48.94129741,2.42739109,Nuit sans éclairage public,Hors agglomération,Hors intersection,Autre,Deux véhicules - arrière,1,3,4,0,2,3,2,0,1,50,2,2,1,0,0,1,22.0,46.0,voiture,voiture,3,1,1,9,2
202400019693,2024-01-30 09:50:00,2024,1,30,9,50,06,06079,Avenue Jean Mermoz,43.565399,6.949252,Plein jour,En agglomération,Hors intersection,Normale,Deux véhicules - arrière,3,3,4,0,1,1,1,0,1,80,2,2,0,0,2,0,32.0,38.0,utilitaire_camion,utilitaire_camion,1,2,1,1,2
202400019694,2024-04-18 09:00:00,2024,4,18,9,0,63,63085,route départementale 62,45.88545602,2.86874099,Plein jour,Hors agglomération,Hors intersection,Normale,Deux véhicules - frontale,3,2,2,0,4,3,2,0,1,90,2,3,0,0,1,2,39.0,35.0,voiture,voiture,1,1,1,1,1
202400019695,2024-12-23 00:45:00,2024,12,23,0,45,75,75120,AUTOROUTE A3,48.86366908,2.41323762,Nuit avec éclairage non allumé,Hors agglomération,Hors intersection,Normale,Sans collision,1,3,2,0,1,1,2,3,6,90,1,1,0,0,0,1,25.0,,voiture,,4,1,1,1,7
202400019696,2024-01-29 12:20:00,2024,1,29,12,20,14,14209,573 Route du Molay-Littry,49.25509641,-0.82330942,Plein jour,Hors agglomération,Hors intersection,Normale,Deux véhicules - arrière,3,2,2,0,1,1,1,0,1,90,2,2,1,0,0,1,46.0,28.0,voiture,voiture,1,1,1,1,2
202400019697,2024-04-17 20:45:00,2024,4,17,20,45,61,61327,RD27,48.445781,0.409617,Crépuscule ou aube,Hors agglomération,Hors intersection,Normale,Autre collision,3,2,2,0,2,1,1,0,3,80,1,1,0,0,1,0,24.0,,deux_roues,,2,1,1,1,6
202400019698,2024-12-23 00:40:00,2024,12,23,0,40,92,92036,AUTOROUTE A15,48.93900272,2.29566479,Nuit sans éclairage public,Hors agglomération,Hors intersection,Normale,Sans collision,1,1,2,0,1,3,2,3,1,70,1,1,0,0,0,1,24.0,,voiture,,3,1,1,1,7
202400019699,2024-01-30 15:40:00,2024,1,30,15,40,14,14454,195 Rue Verte,49.152624,-0.476586,Plein jour,Hors agglomération,Hors intersection,Normale,Sans collision,4,2,2,0,2,1,1,0,1,50,1,1,0,0,0,1,52.0,,deux_roues,,1,1,1,1,7
202400019700,2024-12-22 22:10:00,2024,12,22,22,10,95,95018,A15,48.94970996,2.28053232,Nuit sans éclairage public,Hors agglomération,Hors intersection,Normale,Autre collision,1,3,4,0,1,1,2,0,1,110,1,1,0,0,0,1,25.0,,voiture,,3,1,1,1,6
202400019701,2024-04-18 06:20:00,2024,4,18,6,20,61,61210,D204,48.68722,-0.112073,Crépuscule ou aube,Hors agglomération,Hors intersection,Normale,Autre collision,3,2,2,0,1,4,1,0,3,90,1,1,0,0,0,1,45.0,,voiture,,2,1,1,1,6
202400019702,2024-12-04 11:00:00,2024,12,4,11,0,44,44143,Place François Mitterand,47.18455846,-1.5593829,Plein jour,En agglomération,Hors intersection,Temps éblouissant,Autre collision,4,2,2,0,1,1,1,0,1,30,1,2,1,0,0,1,90.0,,voiture,,1,2,1,7,6
202400019703,2024-01-30 17:50:00,2024,1,30,17,50,18,18005,,47.173962,2.195034,Crépuscule ou aube,Hors agglomération,Hors intersection,Normale,Trois véhicules et plus - en chaîne,3,2,2,0,1,1,1,0,1,90,3,4,1,0,3,0,53.0,57.0,voiture,voiture,2,1,1,1,4
202400019704,2024-12-04 12:35:00,2024,12,4,12,35,44,44109,144 Rue Paul Bellamy,47.22901,-1.562292,Plein jour,En agglomération,Hors intersection,Normale,Deux véhicules - côté,4,2,3,2,2,1,1,-1,1,50,2,2,1,0,0,1,35.0,54.0,deux_roues,utilitaire_camion,1,2,1,1,3
202400019705,2024-01-29 15:45:00,2024,1,29,15,45,43,43087,Le Mirail,45.21346204,4.38146741,Plein jour,Hors agglomération,Hors intersection,Normale,Deux véhicules - côté,3,2,2,0,1,2,1,0,1,80,2,2,1,0,1,0,33.0,24.0,utilitaire_camion,deux_roues,1,1,1,1,3
202400019706,2024-12-04 14:10:00,2024,12,4,14,10,44,44143,Rue Félix Eboué,47.196791,-1.5622026,Plein jour,En agglomération,Hors intersection,Normale,Sans collision,4,2,4,2,2,2,1,6,1,30,1,1,0,0,0,1,32.0,,deux_roues,,1,2,1,1,7
202400019707,2024-12-03 08:00:00,2024,12,3,8,0,44,44109,Boulevard Alexandre Millerand,47.20841795,-1.53050982,Crépuscule ou aube,En agglomération,Hors intersection,Normale,Autre collision,4,2,2,2,1,1,1,5,1,30,1,2,1,0,0,1,59.0,,voiture,,2,2,1,1,6
202400019708,2024-01-30 10:30:00,2024,1,30,10,30,36,36006,25 Avenue Rollinat,46.588568,1.513963,Plein jour,En agglomération,Hors intersection,Normale,Autre collision,3,2,2,0,2,3,1,0,1,50,1,2,1,0,1,0,45.0,,utilitaire_camion,,1,2,1,1,6
202400019709,2024-04-17 08:00:00,2024,4,17,8,0,44,44116,51 Boulevard de l'Astrolabe,47.285867,-2.022729,Plein jour,En agglomération,Intersection en T,Normale,Deux véhicules - côté,4,2,2,0,1,1,1,5,1,50,2,3,1,0,1,1,15.0,47.0,deux_roues,voiture,1,2,3,1,3
202400019709,2024-04-17 08:00:00,2024,4,17,8,0,44,44116,51 Boulevard de l'Astrolabe,47.285867,-2.022729,Plein jour,En agglomération,Intersection en T,Normale,Deux véhicules - côté,4,3,3,0,1,1,1,5,1,50,2,3,1,0,1,1,15.0,47.0,deux_roues,voiture,1,2,3,1,3
202400019710,2024-12-02 09:00:00,2024,12,2,9,0,44,44162,Rue de la Porchellerie,47.2238555,-1.67045482,Crépuscule ou aube,En agglomération,Hors intersection,Normale,Deux véhicules - frontale,4,2,2,0,1,2,1,9,1,30,2,2,1,0,0,1,34.0,27.0,voiture,voiture,2,2,1,1,1
202400019711,2024-11-27 12:10:00,2024,11,27,12,10,44,44190,Rue du Lieutenant Augé,47.197082,-1.519114,Plein jour,En agglomération,Hors intersection,Pluie légère,Sans collision,4,2,2,0,1,1,2,0,1,50,1,1,0,0,0,1,16.0,,deux_roues,,1,2,1,2,7
202400019712,2024-01-30 12:00:00,2024,1,30,12,0,24,24229,avenue de brive 6089,45.129773,1.240146,Plein jour,Hors agglomération,Hors intersection,Normale,Deux véhicules - frontale,3,2,2,0,2,3,1,0,1,90,2,3,0,0,0,3,52.0,42.0,voiture,voiture,1,1,1,1,1
202400019713,2024-04-18 17:00:00,2024,4,18,17,0,29,29205,Kergonval,48.3183329,-3.52066677,Plein jour,Hors agglomération,Hors intersection,Normale,Trois véhicules et plus - en chaîne,3,2,2,0,1,1,1,0,1,80,3,3,2,0,1,0,38.0,58.0,utilitaire_camion,utilitaire_camion,1,1,1,1,4
202400019714,2024-09-08 07:00:00,2024,9,8,7,0,57,57463,Rue Gambetta,49.110554,6.174677,Plein jour,En agglomération,Hors intersection,Temps couvert,Autre collision,4,2, -1,-1,1,1,1,0,1,-1,1,2,1,0,0,1,40.0,,voiture,,1,2,1,8,6
202400019715,2024-04-17 16:15:00,2024,4,17,16,15,29,29011,route de Kerdonval,48.436412,-4.531292,Plein jour,Hors agglomération,Hors intersection,Normale,Deux véhicules - frontale,4,2,2,0,1,2,1,0,1,80,2,2,1,0,1,0,48.0,63.0,utilitaire_camion,deux_roues,1,1,1,1,1
202400019716,2024-01-30 10:25:00,2024,1,30,10,25,49,49163,,47.557747,-0.229573,Plein jour,Hors agglomération,Intersection en X,Pluie légère,Deux véhicules - côté,3,2,1,0,4,1,2,5,1,50,2,2,1,1,0,0,86.0,34.0,voiture,utilitaire_camion,1,1,2,2,3
202400019716,2024-01-30 10:25:00,2024,1,30,10,25,49,49163,,47.557747,-0.229573,Plein jour,Hors agglomération,Intersection en X,Pluie légère,Deux véhicules - côté,3,2,1,0,4,1,2,5,1,50,2,2,1,1,0,0,86.0,34.0,voiture,utilitaire_camion,1,1,2,2,3
202400019717,2024-12-22 14:39:00,2024,12,22,14,39,973,97302,CABASSOU (ROUTE DE),4.9175023,-52.31282777,Plein jour,En agglomération,Intersection en T,Pluie légère,Deux véhicules - côté,3,2,2,0,1,1,2,0,1,50,2,2,1,0,0,1,67.0,70.0,voiture,deux_roues,1,2,3,2,3
202400019717,2024-12-22 14:39:00,2024,12,22,14,39,973,97302,CABASSOU (ROUTE DE),4.9175023,-52.31282777,Plein jour,En agglomération,Intersection en T,Pluie légère,Deux véhicules - côté,3,2,2,0,1,1,2,0,1,50,2,2,1,0,0,1,67.0,70.0,voiture,deux_roues,1,2,3,2,3
202400019718,2024-04-16 15:30:00,2024,4,16,15,30,01,01320,Route de Pont de Vaux,46.318978,4.878117,Plein jour,En agglomération,Hors intersection,Normale,Deux véhicules - côté,3,2,2,0,1,1,1,0,1,50,2,2,1,0,1,0,74.0,67.0,voiture,voiture,1,2,1,1,3
202400019719,2024-12-21 23:10:00,2024,12,21,23,10,973,97302,FELIX EBOUE (Rue),4.94071,-52.30466,Nuit avec éclairage allumé,En agglomération,Hors intersection,Normale,Deux véhicules - côté,3,1,1,0,1,1,1,0,1,50,2,2,1,0,0,1,18.0,47.0,deux_roues,voiture,5,2,1,1,3
202400019720,2024-01-24 07:25:00,2024,1,24,7,25,06,06088,"Autoroute A8, PK 193.500 chaussée nord",43.722513,7.223167,Plein jour,Hors agglomération,Hors intersection,Normale,Trois véhicules et plus - en chaîne,1,3,2,0,2,1,1,2,1,90,3,3,2,0,0,1,33.0,41.0,voiture,voiture,1,1,1,1,4
202400019721,2024-04-17 23:47:00,2024,4,17,23,47,85,85146,RD137,46.935,-1.273144,Nuit sans éclairage public,Hors agglomération,Hors intersection,Normale,Deux véhicules - frontale,3,2,2,0,1,1,1,0,1,80,2,2,1,0,1,0,62.0,62.0,utilitaire_camion,voiture,3,1,1,1,1
202400019722,2024-12-22 19:00:00,2024,12,22,19,0,69,69388,Avenue Paul Santy,45.72838972,4.87714963,Nuit avec éclairage allumé,En agglomération,Hors intersection,Pluie légère,Deux véhicules - côté,4,2,2,3,1,1,2,0,1,50,2,2,1,0,0,1,25.0,37.0,voiture,deux_roues,5,2,1,2,3
202400019723,2024-04-17 13:35:00,2024,4,17,13,35,64,64314,D933,43.230227,-1.101894,Plein jour,Hors agglomération,Hors intersection,Pluie légère,Deux véhicules - frontale,3,2,3,0,1,1,2,0,1,80,2,2,1,0,1,0,54.0,65.0,voiture,voiture,1,1,1,2,1
202400019724,2024-01-30 07:30:00,2024,1,30,7,30,38,38239,d 1085 pk 041.200,45.337811,5.543461,Crépuscule ou aube,Hors agglomération,Hors intersection,Normale,Deux véhicules - arrière,3,3,0,0,2,3,1,0,1,90,2,2,1,0,1,0,33.0,57.0,deux_roues,utilitaire_camion,2,1,1,1,2