accident_id,datetime,annee,mois,jour,heure,minute,departement,commune_insee,adresse,latitude,longitude,luminosite,agglomeration,intersection,meteo,collision,catr,circ,nbv,vosp,prof,plan,surf,infra,situ,vma,nb_vehicules,nb_usagers,nb_indemnes,nb_tues,nb_blesses_hosp,nb_blesses_legers,age_cond_1,age_cond_2,veh_type_cond_1,veh_type_cond_2,lum_code,agg_code,int_code,atm_code,col_code
202400019802,2024-01-28 18:20:00,2024,1,28,18,20,974,97416,FOUR A CHAUX(RUE DU),-21.34072,55.4691,Nuit sans éclairage public,En agglomération,Intersection en T,Pluie forte,Deux véhicules - côté,4,1,1,0,1,1,2,0,1,50,2,4,2,0,0,2,20.0,33.0,voiture,voiture,3,2,3,3,3
202400019802,2024-01-28 18:20:00,2024,1,28,18,20,974,97416,FOUR A CHAUX(RUE DU),-21.34072,55.4691,Nuit sans éclairage public,En agglomération,Intersection en T,Pluie forte,Deux véhicules - côté,4,2,2,0,1,1,2,0,1,50,2,4,2,0,0,2,20.0,33.0,voiture,voiture,3,2,3,3,3
202400019803,2024-02-16 15:20:00,2024,2,16,15,20,974,97416,RN1 (ROUTE NATIONALE),-21.33227,55.45823,Plein jour,Hors agglomération,Hors intersection,Normale,Trois véhicules et plus - collisions multiples,2,1,2,0,2,1,1,0,1,110,4,8,4,0,0,4,24.0,54.0,voiture,voiture,1,1,1,1,5
202400019804,2024-12-22 15:30:00,2024,12,22,15,30,33,33281,,44.82939,-0.66243,Plein jour,En agglomération,Hors intersection,Pluie légère,Autre collision,4,2,2,0,1,1,2,0,1,30,1,2,1,0,0,1,90.0,,voiture,,1,2,1,2,6
202400019805,2024-09-07 04:55:00,2024,9,7,4,55,26,26058,,44.94472,4.88737,Nuit sans éclairage public,En agglomération,Hors intersection,Normale,Autre collision,3,2,4,0,1,1,1,5,1,70,1,2,1,0,1,0,39.0,,voiture,,3,2,1,1,6
202400019806,2024-04-16 12:55:00,2024,4,16,12,55,976,97611,m'tsapere-Nationale 2 (route),-12.78785,45.22451,Plein jour,En agglomération,Hors intersection,Normale,Autre collision,4,-1,2,0,1,1,1,0,1,50,1,2,1,0,0,1,34.0,,voiture,,1,2,1,1,6
202400019807,2024-01-28 10:15:00,2024,1,28,10,15,974,97409,DE LA REPUBLIQUE(AVENUE),-20.96364,55.65617,Plein jour,En agglomération,Intersection en T,Normale,Deux véhicules - côté,4,2,2,0,1,1,1,0,6,50,2,4,3,0,1,0,23.0,45.0,voiture,transport_commun,1,2,3,1,3
202400019807,2024-01-28 10:15:00,2024,1,28,10,15,974,97409,DE LA REPUBLIQUE(AVENUE),-20.96364,55.65617,Plein jour,En agglomération,Intersection en T,Normale,Deux véhicules - côté,4,3,3,3,1,1,1,0,6,50,2,4,3,0,1,0,23.0,45.0,voiture,transport_commun,1,2,3,1,3
202400019808,2024-04-15 17:05:00,2024,4,15,17,5,976,97611,Hauts Vallons - Majicavo ( rue des),-12.75857,45.231,Plein jour,Hors agglomération,Hors intersection,Normale,Deux véhicules - côté,2,2,2,0,3,1,1,0,1,90,2,2,1,0,0,1,47.0,19.0,deux_roues,deux_roues,1,1,1,1,3
202400019809,2024-12-22 11:50:00,2024,12,22,11,50,33,33069,,44.86251,-0.58461,Plein jour,En agglomération,Intersection en T,Normale,Deux véhicules - côté,4,2,4,0,1,1,1,5,1,50,2,6,2,0,0,4,54.0,43.0,voiture,voiture,1,2,3,1,3
202400019809,2024-12-22 11:50:00,2024,12,22,11,50,33,33069,,44.86251,-0.58461,Plein jour,En agglomération,Intersection en T,Normale,Deux véhicules - côté,4,2,2,0,1,1,1,5,1,50,2,6,2,0,0,4,54.0,43.0,voiture,voiture,1,2,3,1,3
202400019810,2024-12-21 17:50:00,2024,12,21,17,50,30,30007,BRIGADE DU LANGUEDOC (QUAI DE LA),44.11919,4.08706,Nuit avec éclairage allumé,En agglomération,Hors intersection,Normale,Sans collision,4,2,2,0,1,1,1,0,1,50,1,2,1,0,0,1,,,voiture,,5,2,1,1,7
202400019811,2024-01-28 09:14:00,2024,1,28,9,14,973,97302,MONTABO (ROUTE DE) 1,4.94437727,-52.3098591,Plein jour,En agglomération,Intersection en X,Normale,Deux véhicules - arrière,3,2,2,0,1,1,1,5,1,50,2,2,1,0,0,1,29.0,46.0,deux_roues,utilitaire_camion,1,2,2,1,2
202400019811,2024-01-28 09:14:00,2024,1,28,9,14,973,97302,MONTABO (ROUTE DE) 1,4.94437727,-52.3098591,Plein jour,En agglomération,Intersection en X,Normale,Deux véhicules - arrière,3,2,2,0,1,1,1,5,1,50,2,2,1,0,0,1,29.0,46.0,deux_roues,utilitaire_camion,1,2,2,1,2
202400019812,2024-01-28 03:35:00,2024,1,28,3,35,973,97302,HENRI QUINTRIE(RUE),4.9338005,-52.33300388,Nuit avec éclairage allumé,En agglomération,Hors intersection,Normale,Sans collision,4,2,2,0,1,1,2,0,1,50,1,1,0,0,0,1,45.0,,deux_roues,,5,2,1,1,7
202400019813,2024-04-16 20:26:00,2024,4,16,20,26,974,97416,RN1 (ROUTE NATIONALE),-21.33179,55.45764,Nuit sans éclairage public,En agglomération,Hors intersection,Normale,Trois véhicules et plus - en chaîne,2,3,4,0,2,1,1,2,1,110,3,5,3,0,0,2,48.0,31.0,voiture,voiture,3,2,1,1,4
202400019814,2024-01-28 10:45:00,2024,1,28,10,45,972,97209,REDOUTE (ROUTE DE LA),14.62963,-61.05834,Plein jour,En agglomération,Hors intersection,Normale,Deux véhicules - arrière,4,2,2,0,2,1,1,0,1,50,2,2,1,0,0,1,51.0,58.0,deux_roues,voiture,1,2,1,1,2
202400019815,2024-12-21 12:20:00,2024,12,21,12,20,30,30007,BRIGADE DU LANGUEDOC (QUAI DE LA),44.11328,4.09407,Plein jour,En agglomération,Hors intersection,Normale,Trois véhicules et plus - collisions multiples,4,2,2,0,1,3,1,0,1,50,3,11,8,0,0,3,32.0,24.0,autre,voiture,1,2,1,1,5
202400019816,2024-09-07 21:12:00,2024,9,7,21,12,25,25031,REVOLUTION DE 1789 AVENUE DE LA),47.47886,6.84244,Nuit avec éclairage allumé,En agglomération,Intersection en X,Pluie forte,Trois véhicules et plus - collisions multiples,3,3,9,0,1,1,2,5,1,50,3,5,4,1,0,0,47.0,25.0,voiture,voiture,5,2,2,3,5
202400019816,2024-09-07 21:12:00,2024,9,7,21,12,25,25031,REVOLUTION DE 1789 AVENUE DE LA),47.47886,6.84244,Nuit avec éclairage allumé,En agglomération,Intersection en X,Pluie forte,Trois véhicules et plus - collisions multiples,3,1,9,0,1,1,2,0,1,50,3,5,4,1,0,0,47.0,25.0,voiture,voiture,5,2,2,3,5
202400019817,2024-12-22 08:40:00,2024,12,22,8,40,25,25462,PAREUSES DES (+ CITE),46.90615,6.36249,Plein jour,En agglomération,Hors intersection,Neige / grêle,Autre collision,4,2,2,0,2,3,5,0,1,50,1,1,0,0,0,1,47.0,,voiture,,1,2,1,4,6
202400019818,2024-01-27 14:30:00,2024,1,27,14,30,972,97209,REDOUTE (ROUTE DE LA),14.63443,-61.05472,Plein jour,Hors agglomération,Hors intersection,Normale,Autre collision,3,2,2,0,1,1,1,0,1,50,1,2,0,0,0,2,74.0,,voiture,,1,1,1,1,6
202400019819,2024-04-16 15:50:00,2024,4,16,15,50,974,97411,VICTOIRE (AVENUE DE LA),-20.87431,55.44694,Plein jour,En agglomération,Hors intersection,Normale,Deux véhicules - frontale,4,2,8,0,1,1,1,0,1,50,2,2,1,0,1,0,55.0,17.0,voiture,deux_roues,1,2,1,1,1
202400019820,2024-12-17 10:19:00,2024,12,17,10,19,18,18033,Avenue Henri Laudier,47.09106,2.39368,Plein jour,En agglomération,Giratoire,Normale,Autre collision,4,3,2,0,1,3,1,0,5,50,1,2,1,0,1,0,21.0,,transport_commun,,1,2,6,1,6
202400019820,2024-12-17 10:19:00,2024,12,17,10,19,18,18033,Avenue Henri Laudier,47.09106,2.39368,Plein jour,En agglomération,Giratoire,Normale,Autre collision,4,1,1,0,1,3,1,5,4,50,1,2,1,0,1,0,21.0,,transport_commun,,1,2,6,1,6
202400019821,2024-09-08 01:15:00,2024,9,8,1,15,22,22360,SAINT-RIVILY (RUE DE),48.48863,-2.762334,Nuit sans éclairage public,Hors agglomération,Giratoire,Normale,Autre collision,4,1,2,0,1,3,2,0,3,30,1,1,0,0,0,1,52.0,,voiture,,3,1,6,1,6
202400019822,2024-01-27 05:50:00,2024,1,27,5,50,84,84035,BOSCODOMINI (AVENUE),43.819,5.053,Nuit sans éclairage public,Hors agglomération,Hors intersection,Normale,Sans collision,3,2,1,0,1,4,1,9,8,80,1,2,1,0,1,0,49.0,,voiture,,3,1,1,1,7
202400019823,2024-04-16 11:15:00,2024,4,16,11,15,974,97411,CASSIN (AVENUE RENE),-20.90283,55.48753,Plein jour,En agglomération,Hors intersection,Normale,Deux véhicules - frontale,4,2,2,0,1,1,1,0,1,30,2,2,1,0,0,1,34.0,26.0,voiture,deux_roues,1,2,1,1,1
202400019824,2024-12-22 07:10:00,2024,12,22,7,10,13,13202,VAUDOYER (AVENUE),43.29725,5.36336,Nuit avec éclairage allumé,En agglomération,Hors intersection,Normale,Sans collision,4,1,1,0,1,1,1,0,1,50,1,1,0,0,0,1,27.0,,voiture,,5,2,1,1,7
202400019825,2024-04-16 07:35:00,2024,4,16,7,35,974,97411,MACE (BOULEVARD GABRIEL),-20.87246,55.44968,Plein jour,En agglomération,Intersection en T,Normale,Deux véhicules - côté,2,1, -1,0,1,1,1,0,1,30,2,2,1,0,0,1,26.0,18.0,voiture,deux_roues,1,2,3,1,3
202400019825,2024-04-16 07:35:00,2024,4,16,7,35,974,97411,MACE (BOULEVARD GABRIEL),-20.87246,55.44968,Plein jour,En agglomération,Intersection en T,Normale,Deux véhicules - côté,2,2,2,0,1,1,1,0,1,50,2,2,1,0,0,1,26.0,18.0,voiture,deux_roues,1,2,3,1,3
202400019826,2024-12-21 10:00:00,2024,12,21,10,0,07,07019,BELLANDE (AVENUE DE ),44.61514,4.40096,Plein jour,En agglomération,Hors intersection,Normale,Autre collision,4,2,2,0,1,1,1,0,1,50,1,2,1,0,0,1,32.0,,voiture,,1,2,1,1,6
202400019827,2024-01-28 15:20:00,2024,1,28,15,20,83,83009,DE GAULLE (QUAI CHARLES),43.13629,5.7574,Plein jour,En agglomération,Intersection en T,Normale,Deux véhicules - côté,4,2,0,0,1,1,1,0,1,30,2,3,1,0,0,2,55.0,69.0,deux_roues,voiture,1,2,3,1,3
202400019827,2024-01-28 15:20:00,2024,1,28,15,20,83,83009,DE GAULLE (QUAI CHARLES),43.13629,5.7574,Plein jour,En agglomération,Intersection en T,Normale,Deux véhicules - côté,4,2, -1,-1,1,1,1,0,1,-1,2,3,1,0,0,2,55.0,69.0,deux_roues,voiture,1,2,3,1,3
202400019828,2024-09-07 14:20:00,2024,9,7,14,20,22,22360,MARCEL RAULT,48.48803,-2.74026,Plein jour,En agglomération,Giratoire,Normale,Deux véhicules - arrière,4,1,2,0,1,2,1,0,1,30,2,2,1,0,0,1,45.0,19.0,utilitaire_camion,deux_roues,1,2,6,1,2
202400019828,2024-09-07 14:20:00,2024,9,7,14,20,22,22360,MARCEL RAULT,48.48803,-2.74026,Plein jour,En agglomération,Giratoire,Normale,Deux véhicules - arrière,4,1,0,0,1,2,1,0,1,30,2,2,1,0,0,1,45.0,19.0,utilitaire_camion,deux_roues,1,2,6,1,2
202400019829,2024-12-22 02:15:00,2024,12,22,2,15,75,75105,BOULEVARD SAINT MARCEL,48.836873,2.3521858,Nuit avec éclairage allumé,En agglomération,Intersection à plus de 4 branches,Pluie forte,Autre collision,4,3,4,3,1,1,2,0,1,30,1,2,1,0,0,1,37.0,,voiture,,5,2,5,3,6
202400019829,2024-12-22 02:15:00,2024,12,22,2,15,75,75105,BOULEVARD SAINT MARCEL,48.836873,2.3521858,Nuit avec éclairage allumé,En agglomération,Intersection à plus de 4 branches,Pluie forte,Autre collision,4,1, -1,-1,1,1,2,0,1,30,1,2,1,0,0,1,37.0,,voiture,,5,2,5,3,6
202400019830,2024-04-15 16:45:00,2024,4,15,16,45,974,97411,LATTRE DE TASSIGNY (AVENUE MARECHAL DE),-20.88884,55.47529,Plein jour,En agglomération,Hors intersection,Normale,Deux véhicules - arrière,4,1,1,3,1,1,1,0,1,50,2,2,1,0,0,1,52.0,33.0,voiture,deux_roues,1,2,1,1,2
202400019831,2024-01-28 11:30:00,2024,1,28,11,30,78,78146,LIEUTENANT RICARD (RUE DU),48.89918,2.14694,Plein jour,En agglomération,Hors intersection,Normale,Deux véhicules - côté,4,-1,2,0,1,1,1,0,1,50,2,2,1,0,1,0,53.0,49.0,voiture,deux_roues,1,2,1,1,3
202400019832,2024-12-22 13:05:00,2024,12,22,13,5,75,75116,AVENUE DE VERSAILLES,48.84377,2.269981,Plein jour,En agglomération,Intersection en X,Pluie forte,Deux véhicules - frontale,4,2,1,0,1,1,2,0,1,30,2,3,1,0,0,2,36.0,70.0,deux_roues,voiture,1,2,2,3,1
202400019832,2024-12-22 13:05:00,2024,12,22,13,5,75,75116,AVENUE DE VERSAILLES,48.84377,2.269981,Plein jour,En agglomération,Intersection en X,Pluie forte,Deux véhicules - frontale,4,-1,1,0,1,1,2,0,1,1,2,3,1,0,0,2,36.0,70.0,deux_roues,voiture,1,2,2,3,1
202400019833,2024-04-12 05:28:00,2024,4,12,5,28,69,69382,Quai Docteur Gailleton,45.75364162,4.83401209,Nuit avec éclairage allumé,En agglomération,Hors intersection,Normale,Deux véhicules - côté,4,2,6,3,1,1,1,0,5,50,2,4,2,1,0,1,55.0,30.0,transport_commun,voiture,5,2,1,1,3
202400019834,2024-12-22 03:00:00,2024,12,22,3,0,75,75112,BOULEVARD DIDEROT,48.846081,2.376007,Nuit avec éclairage allumé,En agglomération,Intersection en T,Pluie légère,Deux véhicules - frontale,4,1,1,1,1,1,2,0,1,30,2,3,1,0,1,1,34.0,26.0,deux_roues,voiture,5,2,3,2,1
202400019834,2024-12-22 03:00:00,2024,12,22,3,0,75,75112,BOULEVARD DIDEROT,48.846081,2.376007,Nuit avec éclairage allumé,En agglomération,Intersection en T,Pluie légère,Deux véhicules - frontale,4,1, -1,-1,1,1,2,0,1,30,2,3,1,0,1,1,34.0,26.0,deux_roues,voiture,5,2,3,2,1
202400019835,2024-09-07 20:25:00,2024,9,7,20,25,16,16089,,45.66884,-0.32084,Crépuscule ou aube,Hors agglomération,Intersection en T,Normale,Deux véhicules - côté,3,2,2,0,1,1,1,0,1,70,2,4,2,0,0,2,25.0,53.0,voiture,utilitaire_camion,2,1,3,1,3
202400019835,2024-09-07 20:25:00,2024,9,7,20,25,16,16089,,45.66884,-0.32084,Crépuscule ou aube,Hors agglomération,Intersection en T,Normale,Deux véhicules - côté,3,2,2,0,1,1,1,0,1,50,2,4,2,0,0,2,25.0,53.0,voiture,utilitaire_camion,2,1,3,1,3
202400019836,2024-04-16 15:10:00,2024,4,16,15,10,971,97113,Morne Salines,16.21443421,-61.43896401,Plein jour,En agglomération,Autre intersection,Normale,Deux véhicules - côté,2,-1,2,0,1,2,1,0,1,70,2,2,1,0,0,1,22.0,29.0,voiture,deux_roues,1,2,9,1,3
202400019837,2024-12-22 16:23:00,2024,12,22,16,23,75,75108,RUE WASHINGTON,48.871934,2.301181,Plein jour,En agglomération,Intersection en T,Pluie légère,Autre collision,4,2, -1,-1,1,1,2,0,1,30,1,2,1,0,0,1,30.0,,voiture,,1,2,3,2,6
202400019837,2024-12-22 16:23:00,2024,12,22,16,23,75,75108,RUE WASHINGTON,48.871934,2.301181,Plein jour,En agglomération,Intersection en T,Pluie légère,Autre collision,4,1,1,0,2,1,2,0,1,30,1,2,1,0,0,1,30.0,,voiture,,1,2,3,2,6
202400019838,2024-09-07 03:30:00,2024,9,7,3,30,13,13026,RN 568 CLM,43.39457,5.12705,Nuit avec éclairage allumé,Hors agglomération,Hors intersection,Normale,Deux véhicules - frontale,3,3,1,0,1,1,1,0,1,50,1,1,0,0,0,1,26.0,,voiture,,5,1,1,1,1
202400019839,2024-01-09 22:26:00,2024,1,9,22,26,971,97101,GRAND CAMP(SECTION),16.25371,-61.54037,Nuit sans éclairage public,Hors agglomération,Hors intersection,Normale,Autre collision,4,1,1,0,1,1,9,5,3,50,1,1,0,0,0,1,40.0,,deux_roues,,3,1,1,1,6
202400019840,2024-01-28 09:27:00,2024,1,28,9,27,77,77276,QUINCY (ROUTE DE ),48.91484166,2.87834706,Plein jour,Hors agglomération,Hors intersection,Normale,Autre collision,1,1,2,0,1,2,1,0,1,110,1,1,0,0,0,1,21.0,,voiture,,1,1,1,1,6
202400019841,2024-12-22 12:00:00,2024,12,22,12,0,75,75108,AVENUE DES CHAMPS ELYSEES,48.871005,2.303461,Plein jour,En agglomération,Intersection en T,Normale,Sans collision,4,2,6,1,2,1,2,0,1,50,2,2,1,0,0,1,59.0,28.0,voiture,deux_roues,1,2,3,1,7
202400019841,2024-12-22 12:00:00,2024,12,22,12,0,75,75108,AVENUE DES CHAMPS ELYSEES,48.871005,2.303461,Plein jour,En agglomération,Intersection en T,Normale,Sans collision,4,1,1,0,1,1,2,0,1,30,2,2,1,0,0,1,59.0,28.0,voiture,deux_roues,1,2,3,1,7
202400019842,2024-01-28 02:45:00,2024,1,28,2,45,971,97113,RN4 - SECTION RIVIERA,16.21806,-61.4988,Nuit avec éclairage allumé,Hors agglomération,Hors intersection,Normale,Deux véhicules - côté,2,2,2,0,1,1,1,0,3,70,2,2,1,0,1,0,32.0,,deux_roues,autre,5,1,1,1,3
202400019843,2024-09-07 01:07:00,2024,9,7,1,7,13,13208,ERNEST DELIBES (PLACE),43.27909,5.38287,Nuit avec éclairage allumé,En agglomération,Hors intersection,Normale,Deux véhicules - côté,4,2,3,0,1,1,1,0,1,50,2,2,1,0,1,0,28.0,,deux_roues,autre,5,2,1,1,3
202400019844,2024-01-27 17:00:00,2024,1,27,17,0,77,77268,RUE DE LA BOISERIE,48.86177532,2.82269132,Plein jour,En agglomération,Intersection en T,Normale,Autre collision,4,2,1,0,1,1,1,0,1,50,1,2,1,0,0,1,22.0,,voiture,,1,2,3,1,6
202400019844,2024-01-27 17:00:00,2024,1,27,17,0,77,77268,RUE DE LA BOISERIE,48.86177532,2.82269132,Plein jour,En agglomération,Intersection en T,Normale,Autre collision,4,2,1,0,1,1,1,0,1,50,1,2,1,0,0,1,22.0,,voiture,,1,2,3,1,6
202400019845,2024-04-16 13:19:00,2024,4,16,13,19,2A,2A004,BEVERINI VICO PAIR AVENUE,41.92681,8.73481,Plein jour,En agglomération,Giratoire,Normale,Sans collision,4,1,2,0,2,2,1,0,1,50,1,1,0,0,0,1,19.0,,deux_roues,,1,2,6,1,7
202400019846,2024-12-22 01:10:00,2024,12,22,1,10,75,75103,BOULEVARD BEAUMARCHAIS,48.8595,2.367676,Nuit avec éclairage allumé,En agglomération,Intersection en T,Pluie forte,Sans collision,4,2,4,3,1,1,2,6,1,30,1,1,0,0,0,1,31.0,,deux_roues,,5,2,3,3,7
202400019846,2024-12-22 01:10:00,2024,12,22,1,10,75,75103,BOULEVARD BEAUMARCHAIS,48.8595,2.367676,Nuit avec éclairage allumé,En agglomération,Intersection en T,Pluie forte,Sans collision,4,2, -1,-1,1,1,2,0,1,30,1,1,0,0,0,1,31.0,,deux_roues,,5,2,3,3,7
202400019847,2024-01-29 01:45:00,2024,1,29,1,45,76,76540,Avenue du Mont Riboudet,49.44526,1.07326,Nuit avec éclairage allumé,En agglomération,Intersection en T,Normale,Autre collision,7,1,3,3,1,1,1,-1,1,50,1,3,0,0,1,2,31.0,,voiture,,5,2,3,1,6
202400019847,2024-01-29 01:45:00,2024,1,29,1,45,76,76540,Avenue du Mont Riboudet,49.44526,1.07326,Nuit avec éclairage allumé,En agglomération,Intersection en T,Normale,Autre collision,7,1,1,0,1,1,1,0,1,50,1,3,0,0,1,2,31.0,,voiture,,5,2,3,1,6
202400019848,2024-02-19 09:30:00,2024,2,19,9,30,95,95018,D392,48.94171235,2.20674244,Plein jour,En agglomération,Hors intersection,Normale,Autre collision,3,1,0,0,2,1,1,0,1,50,1,2,1,1,0,0,49.0,,utilitaire_camion,,1,2,1,1,6
202400019849,2024-12-22 19:00:00,2024,12,22,19,0,94,94033,Avenue Louison Bobet,48.85239,2.48655,Nuit avec éclairage allumé,En agglomération,Hors intersection,Pluie légère,Autre collision,3,3,4,2,1,1,2,0,1,50,1,2,1,0,0,1,41.0,,voiture,,5,2,1,2,6
202400019850,2024-09-07 02:10:00,2024,9,7,2,10,13,13004,RTE N113 MARSEILLE A BORBEAUX,43.65967,4.64385,Nuit sans éclairage public,Hors agglomération,Hors intersection,Normale,Deux véhicules - arrière,2,1,2,0,1,1,1,0,1,110,2,3,1,0,1,1,15.0,,voiture,voiture,3,1,1,1,2
202400019851,2024-01-28 18:15:00,2024,1,28,18,15,76,76451,Avenue du Bois des Dames,49.47796,1.09405,Nuit sans éclairage public,Hors agglomération,Hors intersection,Normale,Deux véhicules - arrière,7,3,4,0,1,3,1,0,1,80,2,2,0,0,0,2,31.0,58.0,voiture,voiture,3,1,1,1,2
202400019852,2024-12-22 12:00:00,2024,12,22,12,0,94,94017,Rue Alexandre Fourny,48.81929,2.51472,Plein jour,En agglomération,Intersection en X,Normale,Deux véhicules - côté,4,1,1,0,1,1,1,0,1,50,2,3,2,0,0,1,67.0,52.0,voiture,deux_roues,1,2,2,1,3
202400019852,2024-12-22 12:00:00,2024,12,22,12,0,94,94017,Rue Alexandre Fourny,48.81929,2.51472,Plein jour,En agglomération,Intersection en X,Normale,Deux véhicules - côté,4,2,2,0,1,1,1,0,1,50,2,3,2,0,0,1,67.0,52.0,voiture,deux_roues,1,2,2,1,3
202400019853,2024-01-28 11:15:00,2024,1,28,11,15,74,74281,GARE (PLACE DE LA),46.36836,6.4797,Plein jour,En agglomération,Hors intersection,Normale,Autre collision,4,-1,0,0,1,1,1,0,1,50,1,2,1,0,0,1,79.0,,voiture,,1,2,1,1,6
202400019854,2024-09-07 01:56:00,2024,9,7,1,56,13,13001,GALICE (RTE DE),43.52895,5.42388,Nuit avec éclairage allumé,En agglomération,Intersection à plus de 4 branches,Vent fort / tempête,Sans collision,3,1,3,0,2,3,1,5,1,50,1,1,0,1,0,0,34.0,,deux_roues,,5,2,5,6,7
202400019854,2024-09-07 01:56:00,2024,9,7,1,56,13,13001,GALICE (RTE DE),43.52895,5.42388,Nuit avec éclairage allumé,En agglomération,Intersection à plus de 4 branches,Vent fort / tempête,Sans collision,3,2, -1,-1,1,1,1,0,1,-1,1,1,0,1,0,0,34.0,,deux_roues,,5,2,5,6,7
202400019855,2024-12-22 06:51:00,2024,12,22,6,51,93,93066,"""STALINGRAD (AVENUE), NR 88 A 114 BIS""",48.946,2.36626,Nuit avec éclairage allumé,En agglomération,Intersection en T,Pluie légère,Deux véhicules - frontale,3,2,4,1,1,1,2,0,1,50,2,3,0,0,0,3,21.0,48.0,voiture,voiture,5,2,3,2,1
202400019855,2024-12-22 06:51:00,2024,12,22,6,51,93,93066,"""STALINGRAD (AVENUE), NR 88 A 114 BIS""",48.946,2.36626,Nuit avec éclairage allumé,En agglomération,Intersection en T,Pluie légère,Deux véhicules - frontale,3,2,4,3,1,1,2,0,1,50,2,3,0,0,0,3,21.0,48.0,voiture,voiture,5,2,3,2,1
202400019856,2024-02-18 18:50:00,2024,2,18,18,50,91,91691,RD 94,48.707,2.4968,Nuit avec éclairage allumé,En agglomération,Hors intersection,Pluie légère,Trois véhicules et plus - en chaîne,3,2,2,0,1,1,2,2,1,30,4,12,11,0,0,1,32.0,41.0,voiture,voiture,5,2,1,2,4
202400019857,2024-01-28 10:15:00,2024,1,28,10,15,69,69266,Rue Antoine Primat,45.75818,4.89325,Plein jour,En agglomération,Intersection en X,Normale,Deux véhicules - côté,4,1,1,0,1,1,1,0,1,30,2,4,1,0,0,3,48.0,42.0,utilitaire_camion,voiture,1,2,2,1,3
202400019857,2024-01-28 10:15:00,2024,1,28,10,15,69,69266,Rue Antoine Primat,45.75818,4.89325,Plein jour,En agglomération,Intersection en X,Normale,Deux véhicules - côté,4,2,2,0,1,1,1,0,1,30,2,4,1,0,0,3,48.0,42.0,utilitaire_camion,voiture,1,2,2,1,3
202400019858,2024-12-22 02:47:00,2024,12,22,2,47,93,93046,Avenue Winston Churchill,48.91315909,2.53814523,Nuit avec éclairage allumé,En agglomération,Hors intersection,Pluie légère,Autre collision,3,2,2,0,2,3,2,0,4,50,1,1,0,0,1,0,30.0,,voiture,,5,2,1,2,6
202400019859,2024-04-05 07:18:00,2024,4,5,7,18,81,81065,ALBERT 1° (AV),43.5979,2.2299,Crépuscule ou aube,En agglomération,Hors intersection,Normale,Deux véhicules - côté,4,2,3,0,1,1,1,0,1,50,2,2,1,0,0,1,61.0,46.0,transport_commun,deux_roues,2,2,1,1,3
202400019860,2024-09-06 17:40:00,2024,9,6,17,40,11,11069,RD 6113,43.227005,2.330462,Plein jour,Hors agglomération,Hors intersection,Normale,Trois véhicules et plus - en chaîne,3,1,0,0,1,1,1,0,1,90,3,3,2,0,0,1,45.0,55.0,voiture,voiture,1,1,1,1,4
202400019861,2024-01-28 16:40:00,2024,1,28,16,40,64,64125,ATHERBEA (AVENUE),43.43772,-1.5908,Plein jour,En agglomération,Hors intersection,Normale,Deux véhicules - arrière,3,2,2,0,2,1,1,0,1,50,2,3,1,0,0,2,68.0,59.0,utilitaire_camion,deux_roues,1,2,1,1,2
202400019862,2024-12-22 16:09:00,2024,12,22,16,9,93,93006,Rue de Noisy le Sec / Rue de Romainville,48.8781,2.42135,Plein jour,En agglomération,Intersection en T,Pluie légère,Autre collision,4,1,1,0,1,1,2,0,1,30,1,2,1,0,0,1,55.0,,voiture,,1,2,3,2,6
202400019862,2024-12-22 16:09:00,2024,12,22,16,9,93,93006,Rue de Noisy le Sec / Rue de Romainville,48.8781,2.42135,Plein jour,En agglomération,Intersection en T,Pluie légère,Autre collision,4,1,1,0,1,1,2,0,1,30,1,2,1,0,0,1,55.0,,voiture,,1,2,3,2,6
202400019863,2024-12-22 18:56:00,2024,12,22,18,56,93,93031,JEAN JAURES (AVENUE),48.95432789,2.31743932,Nuit avec éclairage allumé,En agglomération,Hors intersection,Pluie légère,Deux véhicules - frontale,3,2,2,0,1,1,2,6,6,30,2,2,1,0,1,0,46.0,69.0,voiture,autre,5,2,1,2,1
202400019864,2024-01-27 15:00:00,2024,1,27,15,0,64,64024,HARDOY (RUE DE),43.49355076,-1.51005685,Plein jour,En agglomération,Intersection en X,Normale,Deux véhicules - frontale,4,2, -1,-1,1,1,1,5,1,30,2,3,2,0,0,1,23.0,81.0,deux_roues,voiture,1,2,2,1,1
202400019864,2024-01-27 15:00:00,2024,1,27,15,0,64,64024,HARDOY (RUE DE),43.49355076,-1.51005685,Plein jour,En agglomération,Intersection en X,Normale,Deux véhicules - frontale,4,2,4,0,1,1,1,5,1,30,2,3,2,0,0,1,23.0,81.0,deux_roues,voiture,1,2,2,1,1
202400019865,2024-09-07 11:20:00,2024,9,7,11,20,07,07102,Jean MOULIN (Rue),44.93769,4.86319,Plein jour,En agglomération,Giratoire,Normale,Deux véhicules - côté,4,2,2,0,1,2,1,0,1,50,2,2,1,0,0,1,25.0,44.0,voiture,deux_roues,1,2,6,1,3
202400019865,2024-09-07 11:20:00,2024,9,7,11,20,07,07102,Jean MOULIN (Rue),44.93769,4.86319,Plein jour,En agglomération,Giratoire,Normale,Deux véhicules - côté,4,2,2,0,1,2,1,0,1,50,2,2,1,0,0,1,25.0,44.0,voiture,deux_roues,1,2,6,1,3
202400019866,2024-04-16 03:14:00,2024,4,16,3,14,77,77373,D1004,48.776743,2.595548,Nuit avec éclairage allumé,En agglomération,Giratoire,Vent fort / tempête,Autre collision,3,3,2,0,1,3,2,5,1,50,1,1,0,0,0,1,16.0,,voiture,,5,2,6,6,6