accident_id,datetime,annee,mois,jour,heure,minute,departement,commune_insee,adresse,latitude,longitude,luminosite,agglomeration,intersection,meteo,collision,catr,circ,nbv,vosp,prof,plan,surf,infra,situ,vma,nb_vehicules,nb_usagers,nb_indemnes,nb_tues,nb_blesses_hosp,nb_blesses_legers,age_cond_1,age_cond_2,veh_type_cond_1,veh_type_cond_2,lum_code,agg_code,int_code,atm_code,col_code
202400020078,2024-01-29 10:00:00,2024,1,29,10,0,18,18111,,47.290641,2.598095,Plein jour,Hors agglomération,Hors intersection,Normale,Sans collision,3,2,2,0,1,1,1,0,8,80,1,1,0,0,1,0,43.0,,voiture,,1,1,1,1,7
202400020079,2024-12-22 05:50:00,2024,12,22,5,50,93,93078,AUTOROUTE A104,48.96300436,2.52239723,Nuit sans éclairage public,Hors agglomération,Hors intersection,Pluie légère,Autre collision,1,3,3,0,1,2,2,0,1,90,1,2,1,0,0,1,29.0,,voiture,,3,1,1,2,6
202400020080,2024-09-06 07:42:00,2024,9,6,7,42,38,38485,D106,45.170787,5.649531,Plein jour,Hors agglomération,Hors intersection,Normale,Deux véhicules - côté,7,2,2,0,2,1,1,0,1,90,2,2,1,0,1,0,28.0,27.0,voiture,voiture,1,1,1,1,3
202400020081,2024-04-16 14:45:00,2024,4,16,14,45,94,94081,Rue Clement Perrot / Rue de la Glacière,48.787932,2.392074,Plein jour,En agglomération,Intersection en T,Normale,Deux véhicules - côté,4,1,1,0,1,1,1,0,1,-1,2,2,1,0,0,1,22.0,50.0,deux_roues,voiture,1,2,3,1,3
202400020081,2024-04-16 14:45:00,2024,4,16,14,45,94,94081,Rue Clement Perrot / Rue de la Glacière,48.787932,2.392074,Plein jour,En agglomération,Intersection en T,Normale,Deux véhicules - côté,4,1,1,0,1,2,1,0,1,30,2,2,1,0,0,1,22.0,50.0,deux_roues,voiture,1,2,3,1,3
202400020082,2024-07-30 18:00:00,2024,7,30,18,0,974,97407,ROUTE DU SACRE COEUR,-20.95182458,55.30480313,Nuit sans éclairage public,En agglomération,Hors intersection,Normale,Deux véhicules - frontale,2,2,3,0,2,1,1,0,1,50,2,2,1,0,0,1,69.0,26.0,voiture,deux_roues,3,2,1,1,1
202400020083,2024-12-22 03:50:00,2024,12,22,3,50,93,93005,AUTOROUTE A104,48.97299672,2.49281358,Nuit sans éclairage public,Hors agglomération,Hors intersection,Normale,Autre collision,1,3,3,0,1,1,2,0,2,110,1,4,0,0,0,4,29.0,,voiture,,3,1,1,1,6
202400020084,2024-01-27 13:55:00,2024,1,27,13,55,18,18223,,47.210451,2.394419,Plein jour,Hors agglomération,Hors intersection,Normale,Deux véhicules - frontale,3,2,2,0,2,1,1,0,1,70,2,2,0,0,1,1,25.0,31.0,voiture,voiture,1,1,1,1,1
202400020085,2024-04-15 14:09:00,2024,4,15,14,9,94,94067,Avenue de Paris / Avenue Gambetta,48.84592577,2.42304102,Plein jour,En agglomération,Intersection en T,Pluie légère,Deux véhicules - côté,3,3,2,2,1,1,2,5,1,50,2,2,1,0,0,1,47.0,48.0,voiture,deux_roues,1,2,3,2,3
202400020085,2024-04-15 14:09:00,2024,4,15,14,9,94,94067,Avenue de Paris / Avenue Gambetta,48.84592577,2.42304102,Plein jour,En agglomération,Intersection en T,Pluie légère,Deux véhicules - côté,3,2,2,0,1,1,2,5,1,30,2,2,1,0,0,1,47.0,48.0,voiture,deux_roues,1,2,3,2,3
202400020086,2024-12-21 16:50:00,2024,12,21,16,50,95,95252,A15,48.97624408,2.23643552,Nuit sans éclairage public,Hors agglomération,Hors intersection,Pluie forte,Autre collision,1,3,3,0,2,3,2,0,1,50,1,2,0,0,0,2,29.0,,voiture,,3,1,1,3,6
202400020087,2024-07-31 15:31:00,2024,7,31,15,31,973,97302,MONTABO (ROUTE DE) 1,4.9353285,-52.29450059,Plein jour,En agglomération,Hors intersection,Normale,Deux véhicules - côté,3,2,2,0,1,1,1,0,1,50,2,5,3,0,0,2,21.0,42.0,deux_roues,voiture,1,2,1,1,3
202400020088,2024-01-27 11:15:00,2024,1,27,11,15,28,28144,D13,48.243982,0.81654,Plein jour,Hors agglomération,Hors intersection,Normale,Sans collision,3,2,2,0,1,1,1,0,3,80,1,4,0,0,1,3,41.0,,voiture,,1,1,1,1,7
202400020089,2024-09-07 23:55:00,2024,9,7,23,55,69,69244,Avenue Jean Bergeron,45.768221,4.749221,Nuit avec éclairage allumé,En agglomération,Hors intersection,Pluie forte,Deux véhicules - frontale,4,2,2,0,1,3,2,0,1,50,2,12,7,2,2,1,25.0,57.0,voiture,transport_commun,5,2,1,3,1
202400020090,2024-04-16 04:10:00,2024,4,16,4,10,94,94076,Avenue de Stalingrad / Boulevard Maxime Gorki,48.78607,2.36686,Nuit avec éclairage allumé,En agglomération,Intersection en X,Pluie légère,Sans collision,3,3,4,3,1,2,2,0,1,50,1,2,1,0,0,1,,,deux_roues,,5,2,2,2,7
202400020090,2024-04-16 04:10:00,2024,4,16,4,10,94,94076,Avenue de Stalingrad / Boulevard Maxime Gorki,48.78607,2.36686,Nuit avec éclairage allumé,En agglomération,Intersection en X,Pluie légère,Sans collision,3,2,4,0,1,3,2,0,1,-1,1,2,1,0,0,1,,,deux_roues,,5,2,2,2,7
202400020091,2024-12-22 18:40:00,2024,12,22,18,40,94,94042,A4,48.82672557,2.46681536,Nuit sans éclairage public,Hors agglomération,Hors intersection,Pluie légère,Deux véhicules - arrière,1,1,4,0,1,1,2,0,1,90,2,3,2,0,0,1,38.0,51.0,voiture,voiture,3,1,1,2,2
202400020092,2024-07-31 18:20:00,2024,7,31,18,20,69,69387,Rue Chalopin,45.75199658,4.84492592,Plein jour,En agglomération,Intersection en X,Normale,Deux véhicules - côté,4,1,1,2,1,1,1,0,1,30,2,2,1,0,0,1,44.0,43.0,voiture,deux_roues,1,2,2,1,3
202400020092,2024-07-31 18:20:00,2024,7,31,18,20,69,69387,Rue Chalopin,45.75199658,4.84492592,Plein jour,En agglomération,Intersection en X,Normale,Deux véhicules - côté,4,1,1,2,1,1,1,0,1,30,2,2,1,0,0,1,44.0,43.0,voiture,deux_roues,1,2,2,1,3
202400020093,2024-01-29 13:30:00,2024,1,29,13,30,17,17397,Avenue des Sources,45.886382,-0.672033,Plein jour,En agglomération,Hors intersection,Normale,Deux véhicules - arrière,3,2,2,0,1,1,1,0,1,50,2,2,1,0,1,0,16.0,33.0,deux_roues,utilitaire_camion,1,2,1,1,2
202400020094,2024-04-16 12:00:00,2024,4,16,12,0,94,94021,Avenue de Stalingrad / Av du Pdt Franklin Roosevelt,48.76839081,2.36788899,Plein jour,En agglomération,Giratoire,Pluie légère,Autre collision,3,3,4,3,1,1,2,5,1,50,1,2,1,0,0,1,80.0,,voiture,,1,2,6,2,6
202400020094,2024-04-16 12:00:00,2024,4,16,12,0,94,94021,Avenue de Stalingrad / Av du Pdt Franklin Roosevelt,48.76839081,2.36788899,Plein jour,En agglomération,Giratoire,Pluie légère,Autre collision,3,2,2,0,1,1,2,5,1,-1,1,2,1,0,0,1,80.0,,voiture,,1,2,6,2,6
202400020095,2024-12-21 15:10:00,2024,12,21,15,10,77,77450,RN104,48.70838832,2.59888985,Plein jour,Hors agglomération,Hors intersection,Pluie légère,Deux véhicules - arrière,2,-1,2,0,1,1,2,0,1,90,2,2,1,0,0,1,43.0,52.0,utilitaire_camion,utilitaire_camion,1,1,1,2,2
202400020096,2024-09-07 16:00:00,2024,9,7,16,0,988,98814,TRIBU DE HNAEU,-20.95703,167.37712,Plein jour,Hors agglomération,Hors intersection,Normale,Deux véhicules - frontale,4,2,2,0,1,1,1,0,1,90,2,6,2,0,1,3,22.0,22.0,voiture,voiture,1,1,1,1,1
202400020097,2024-01-27 04:30:00,2024,1,27,4,30,17,17353,RD 937C - PR 3 + 500,45.989776,-1.055589,Nuit sans éclairage public,Hors agglomération,Hors intersection,Normale,Sans collision,3,2,2,0,1,2,1,0,3,70,1,1,0,0,1,0,62.0,,utilitaire_camion,,3,1,1,1,7
202400020098,2024-04-16 15:00:00,2024,4,16,15,0,94,94028,208 Rue du Général Leclerc,48.782104,2.473712,Plein jour,En agglomération,Hors intersection,Normale,Deux véhicules - côté,3,2,2,0,1,1,1,0,1,50,2,2,1,0,0,1,77.0,82.0,voiture,voiture,1,2,1,1,3
202400020099,2024-07-31 20:00:00,2024,7,31,20,0,69,69149,Rue des Martyrs de la Libération,45.70085,4.82404,Plein jour,En agglomération,Intersection en X,Normale,Deux véhicules - côté,4,2,2,0,1,1,1,0,1,50,2,2,1,0,0,1,46.0,55.0,voiture,deux_roues,1,2,2,1,3
202400020099,2024-07-31 20:00:00,2024,7,31,20,0,69,69149,Rue des Martyrs de la Libération,45.70085,4.82404,Plein jour,En agglomération,Intersection en X,Normale,Deux véhicules - côté,4,2,2,0,1,1,1,0,1,50,2,2,1,0,0,1,46.0,55.0,voiture,deux_roues,1,2,2,1,3
202400020100,2024-12-21 10:30:00,2024,12,21,10,30,94,94073,A86,48.76286065,2.38135983,Plein jour,Hors agglomération,Hors intersection,Normale,Deux véhicules - côté,1,1,3,0,1,1,1,1,1,90,2,2,1,0,0,1,38.0,50.0,utilitaire_camion,voiture,1,1,1,1,3
202400020101,2024-09-08 09:15:00,2024,9,8,9,15,988,98802,RT1,-21.85813,165.97544,Plein jour,Hors agglomération,Hors intersection,Normale,Autre collision,2,-1,1,0,1,2,1,0,3,110,1,1,0,1,0,0,58.0,,deux_roues,,1,1,1,1,6
202400020102,2024-01-29 00:14:00,2024,1,29,0,14,17,17322,D206,46.267262,-0.829296,Nuit sans éclairage public,Hors agglomération,Hors intersection,Normale,Sans collision,3,2,2,0,1,2,1,0,8,80,1,1,0,0,1,0,59.0,,voiture,,3,1,1,1,7
202400020103,2024-07-31 14:00:00,2024,7,31,14,0,2B,2B033,PERI  - RUE GABRIEL,42.7022,9.44875,Plein jour,En agglomération,Hors intersection,Normale,Autre collision,2,1,1,0,1,1,1,0,4,50,1,1,0,0,0,1,68.0,,voiture,,1,2,1,1,6
202400020104,2024-11-27 14:13:00,2024,11,27,14,13,44,44109,Place Victor Mangin,47.20088366,-1.54442048,Plein jour,En agglomération,Giratoire,Normale,Deux véhicules - côté,4,2,2,1,1,1,1,5,1,50,2,2,1,0,0,1,50.0,55.0,voiture,voiture,1,2,6,1,3
202400020105,2024-09-07 11:00:00,2024,9,7,11,0,988,98802,RT1 PR 81+400,-21.858332,166.02524,Plein jour,Hors agglomération,Hors intersection,Normale,Autre collision,2,2,2,0,1,2,1,0,3,110,1,1,0,0,1,0,32.0,,voiture,,1,1,1,1,6
202400020106,2024-01-29 08:00:00,2024,1,29,8,0,72,72386,PK 162,48.051005,0.304184,Plein jour,Hors agglomération,Hors intersection,Normale,Deux véhicules - arrière,1,3,3,0,1,1,1,3,1,130,2,3,2,0,0,1,34.0,41.0,utilitaire_camion,utilitaire_camion,1,1,1,1,2
202400020107,2024-11-26 08:30:00,2024,11,26,8,30,44,44143,42 Rue de la Blordière,47.18,-1.533399,Crépuscule ou aube,En agglomération,Hors intersection,Normale,Autre collision,4,2,2,0,1,1,1,0,1,30,1,2,1,0,0,1,46.0,,voiture,,2,2,1,1,6
202400020108,2024-09-07 23:15:00,2024,9,7,23,15,971,97118,N1,16.22201,-61.596614,Nuit sans éclairage public,Hors agglomération,Hors intersection,Pluie légère,Autre collision,2,2,4,0,1,1,2,0,1,110,1,4,0,3,0,1,19.0,,voiture,,3,1,1,2,6
202400020109,2024-07-31 10:00:00,2024,7,31,10,0,2B,2B033,TUNNEL,42.69597,9.45241,Plein jour,En agglomération,Hors intersection,Normale,Trois véhicules et plus - en chaîne,4,2,2,0,1,1,1,1,1,50,3,7,5,0,0,2,60.0,34.0,voiture,voiture,1,2,1,1,4
202400020110,2024-11-25 08:15:00,2024,11,25,8,15,44,44114,4 Place de l'Eglise,47.2708254,-1.6230562,Crépuscule ou aube,En agglomération,Intersection en T,Normale,Autre collision,4,2,2,0,1,1,1,0,1,30,1,2,1,0,0,1,74.0,,voiture,,2,2,3,1,6
202400020110,2024-11-25 08:15:00,2024,11,25,8,15,44,44114,4 Place de l'Eglise,47.2708254,-1.6230562,Crépuscule ou aube,En agglomération,Intersection en T,Normale,Autre collision,4,2,2,0,1,1,1,0,1,50,1,2,1,0,0,1,74.0,,voiture,,2,2,3,1,6
202400020111,2024-01-29 16:05:00,2024,1,29,16,5,30,30036,Avenue des Capitelles,43.765895,4.276943,Plein jour,En agglomération,Hors intersection,Normale,Deux véhicules - arrière,4,2,2,0,1,1,1,0,1,30,2,2,1,0,0,1,19.0,59.0,deux_roues,voiture,1,2,1,1,2
202400020112,2024-09-03 11:30:00,2024,9,3,11,30,83,83115,Av du Croiseur Leger le Malin,43.340809,6.680122,Plein jour,En agglomération,Hors intersection,Normale,Deux véhicules - arrière,3,2,2,0,1,1,1,0,1,50,2,2,1,0,0,1,64.0,42.0,voiture,deux_roues,1,2,1,1,2
202400020113,2024-07-31 13:00:00,2024,7,31,13,0,84,84031,D942,44.05611,5.03078,Plein jour,Hors agglomération,Hors intersection,Normale,Autre collision,3,3,4,0,1,2,1,0,3,90,1,1,0,0,0,1,29.0,,utilitaire_camion,,1,1,1,1,6
202400020114,2024-07-31 18:50:00,2024,7,31,18,50,971,97101,PROVIDENCE,16.26272,-61.51383,Nuit sans éclairage public,Hors agglomération,Hors intersection,Pluie légère,Deux véhicules - arrière,2,2,1,0,1,1,2,0,1,50,2,3,2,0,0,1,23.0,25.0,voiture,voiture,3,1,1,2,2
202400020115,2024-08-01 09:48:00,2024,8,1,9,48,84,84004,D55,44.099436,5.063066,Plein jour,Hors agglomération,Hors intersection,Normale,Autre collision,3,2,2,2,2,3,1,0,1,80,1,1,0,0,1,0,20.0,,voiture,,1,1,1,1,6
202400020116,2024-07-30 20:40:00,2024,7,30,20,40,91,91223,R.D.20,48.42798,2.15558,Plein jour,Hors agglomération,Hors intersection,Normale,Sans collision,3,3,4,0,1,1,1,0,1,90,1,1,0,0,1,0,52.0,,deux_roues,,1,1,1,1,7
202400020117,2024-01-28 17:16:00,2024,1,28,17,16,987,98738,RT1 PK 18,-17.61634659,-149.60911274,Plein jour,En agglomération,Intersection en T,Normale,Deux véhicules - côté,2,3,2,2,1,1,1,0,1,60,2,4,3,1,0,0,26.0,24.0,deux_roues,utilitaire_camion,1,2,3,1,3
202400020117,2024-01-28 17:16:00,2024,1,28,17,16,987,98738,RT1 PK 18,-17.61634659,-149.60911274,Plein jour,En agglomération,Intersection en T,Normale,Deux véhicules - côté,2,-1,1,0,1,1,1,0,3,10,2,4,3,1,0,0,26.0,24.0,deux_roues,utilitaire_camion,1,2,3,1,3
202400020118,2024-09-08 01:55:00,2024,9,8,1,55,57,57591,N52,49.256643,6.099905,Nuit avec éclairage allumé,Hors agglomération,Hors intersection,Pluie légère,Sans collision,3,2,0,0,1,3,9,0,1,-1,1,1,0,0,0,1,20.0,,voiture,,5,1,1,2,7
202400020119,2024-12-21 11:20:00,2024,12,21,11,20,988,98818,ROUTE PROVINCIALE DU NORMANDIE,-22.2242,166.47164,Plein jour,Hors agglomération,Intersection en Y,Temps couvert,Deux véhicules - côté,3,1,1,-1,1,-1,1,3,1,-1,2,3,2,0,0,1,40.0,44.0,voiture,voiture,1,1,4,8,3
202400020119,2024-12-21 11:20:00,2024,12,21,11,20,988,98818,ROUTE PROVINCIALE DU NORMANDIE,-22.2242,166.47164,Plein jour,Hors agglomération,Intersection en Y,Temps couvert,Deux véhicules - côté,3,2,2,0,1,1,1,3,1,70,2,3,2,0,0,1,40.0,44.0,voiture,voiture,1,1,4,8,3
202400020120,2024-07-29 18:03:00,2024,7,29,18,3,91,91433,R.D. 20,48.46926,2.18438,Plein jour,Hors agglomération,Hors intersection,Normale,Autre collision,3,3,4,0,1,1,1,0,1,90,1,1,0,0,0,1,19.0,,voiture,,1,1,1,1,6
202400020121,2024-01-19 23:25:00,2024,1,19,23,25,05,05162,La Saulce,44.439204,6.029413,Nuit sans éclairage public,Hors agglomération,Hors intersection,Normale,Autre collision,1,3,2,0,1,2,1,0,2,70,1,1,0,0,0,1,20.0,,voiture,,3,1,1,1,6
202400020122,2024-09-08 08:04:00,2024,9,8,8,4,38,38464,675 Route de Torchefelon,45.537452,5.399228,Crépuscule ou aube,Hors agglomération,Hors intersection,Temps couvert,Autre collision,3,2,2,0,2,1,2,0,8,80,1,1,0,0,0,1,18.0,,voiture,,2,1,1,8,6
202400020123,2024-07-30 07:33:00,2024,7,30,7,33,91,91223,ROND POINT CHARLES DE GAULLES,48.4273,2.15507,Plein jour,En agglomération,Autre intersection,Normale,Sans collision,3,2,2,0,1,2,1,0,8,50,1,1,0,0,0,1,20.0,,voiture,,1,2,9,1,7
202400020124,2024-01-28 22:50:00,2024,1,28,22,50,978,97801,Route de Griselle RN7,18.094766,-63.03269,Nuit sans éclairage public,Hors agglomération,Hors intersection,Normale,Deux véhicules - frontale,2,2,2,0,1,1,1,0,1,80,2,2,1,0,0,1,30.0,39.0,voiture,deux_roues,3,1,1,1,1
202400020125,2024-12-21 12:20:00,2024,12,21,12,20,974,97411,MONTHYON (RUE),-20.88746,55.46339,Plein jour,En agglomération,Hors intersection,Normale,Deux véhicules - arrière,4,2,2,0,1,1,1,0,1,30,2,3,2,0,0,1,56.0,39.0,voiture,voiture,1,2,1,1,2
202400020126,2024-01-27 07:10:00,2024,1,27,7,10,06,06152,Route de la Valmasque,43.605031,7.060132,Nuit avec éclairage allumé,Hors agglomération,Hors intersection,Normale,Sans collision,3,3,2,0,4,1,1,0,1,70,1,1,0,0,0,1,21.0,,deux_roues,,5,1,1,1,7
202400020127,2024-09-07 17:50:00,2024,9,7,17,50,49,49023,Rue Jean de Béjarry (Gesté),47.175737,-1.109501,Plein jour,En agglomération,Hors intersection,Normale,Autre collision,3,2,2,0,1,1,2,0,1,50,1,5,4,0,1,0,20.0,,voiture,,1,2,1,1,6
202400020128,2024-07-28 17:05:00,2024,7,28,17,5,88,88428,CHEMIN DES TITISS,48.32609,6.90456,Plein jour,Hors agglomération,Hors intersection,Temps éblouissant,Deux véhicules - frontale,4,1,1,0,1,1,1,0,1,50,2,2,0,0,2,0,20.0,22.0,autre,deux_roues,1,1,1,7,1
202400020129,2024-12-21 12:26:00,2024,12,21,12,26,974,97411,PARIS (RUE DE),-20.88528,55.45083,Plein jour,En agglomération,Hors intersection,Normale,Deux véhicules - arrière,4,2,3,0,1,1,1,0,1,50,2,2,1,0,0,1,48.0,47.0,voiture,transport_commun,1,2,1,1,2
202400020130,2024-09-07 17:00:00,2024,9,7,17,0,22,22178,D2.7,48.687458,-3.021095,Plein jour,Hors agglomération,Hors intersection,Normale,Autre collision,3,2,2,0,2,2,1,0,3,80,1,2,0,0,1,1,42.0,,voiture,,1,1,1,1,6
202400020131,2024-07-31 10:58:00,2024,7,31,10,58,87,87075,DU PUY DU TOUR (ROUTE),45.81716,1.19104,Plein jour,Hors agglomération,Hors intersection,Normale,Deux véhicules - frontale,4,2,2,0,1,3,1,0,1,70,2,2,1,0,0,1,63.0,15.0,voiture,deux_roues,1,1,1,1,1
202400020132,2024-01-29 07:50:00,2024,1,29,7,50,51,51118,"Autoroute A.26, pk 261+700, sens CALAIS REIMS",49.261307,3.961033,Crépuscule ou aube,Hors agglomération,Hors intersection,Normale,Trois véhicules et plus - en chaîne,1,1,2,0,2,3,1,2,1,130,4,4,1,0,0,3,59.0,56.0,voiture,voiture,2,1,1,1,4
202400020133,2024-12-22 01:50:00,2024,12,22,1,50,974,97407,ROUTE NATIONALE N° 1,-20.95004,55.32009,Nuit sans éclairage public,En agglomération,Hors intersection,Normale,Sans collision,2,3,4,0,2,1,1,0,3,110,1,3,1,0,0,2,27.0,,voiture,,3,2,1,1,7
202400020134,2024-01-26 16:00:00,2024,1,26,16,0,34,34213,D600,43.475926,3.685886,Plein jour,Hors agglomération,Autre intersection,Normale,Deux véhicules - côté,3,1,2,0,1,1,1,3,1,70,2,2,1,0,0,1,62.0,,utilitaire_camion,,1,1,9,1,3
202400020135,2024-09-07 18:35:00,2024,9,7,18,35,35,35066,D34,48.041713,-1.694024,Plein jour,En agglomération,Hors intersection,Pluie légère,Deux véhicules - côté,7,2,2,0,1,1,2,0,1,80,2,3,1,0,1,1,28.0,17.0,utilitaire_camion,voiture,1,2,1,2,3
202400020136,2024-07-28 12:14:00,2024,7,28,12,14,87,87085,THUILLAT (RUE VICTOR),45.8478,1.25483,Plein jour,En agglomération,Intersection en X,Normale,Deux véhicules - côté,4,1,1,2,1,1,1,0,1,30,2,2,1,0,0,1,46.0,21.0,voiture,deux_roues,1,2,2,1,3
202400020136,2024-07-28 12:14:00,2024,7,28,12,14,87,87085,THUILLAT (RUE VICTOR),45.8478,1.25483,Plein jour,En agglomération,Intersection en X,Normale,Deux véhicules - côté,4,2,2,0,4,1,1,0,1,30,2,2,1,0,0,1,46.0,21.0,voiture,deux_roues,1,2,2,1,3
202400020137,2024-01-27 21:45:00,2024,1,27,21,45,45,45302,A10 PR 92 + 70,47.96139,1.853819,Nuit sans éclairage public,Hors agglomération,Hors intersection,Normale,Sans collision,1,3,6,0,1,1,1,0,1,130,1,1,0,0,1,0,67.0,,utilitaire_camion,,3,1,1,1,7
202400020138,2024-12-20 09:32:00,2024,12,20,9,32,973,97302,ROUTE NATIONALE 1,4.92581,-52.32887,Plein jour,Hors agglomération,Hors intersection,Pluie légère,Trois véhicules et plus - collisions multiples,2,2,4,0,1,1,2,0,1,90,4,4,1,0,0,3,24.0,55.0,utilitaire_camion,voiture,1,1,1,2,5
202400020139,2024-07-31 08:55:00,2024,7,31,8,55,85,85194,Boulevard de l'île vertime,46.5038,-1.78821,Plein jour,En agglomération,Hors intersection,Normale,Deux véhicules - côté,4,2,2,1,1,1,1,6,1,50,2,3,2,0,1,0,30.0,52.0,voiture,deux_roues,1,2,1,1,3
202400020140,2024-09-07 10:47:00,2024,9,7,10,47,60,60612,Rue du Faubourg Saint-martin,49.195552,2.577091,Plein jour,En agglomération,Intersection en X,Normale,Deux véhicules - arrière,3,2,2,0,1,1,1,0,1,50,2,6,5,0,1,0,39.0,18.0,voiture,voiture,1,2,2,1,2
202400020140,2024-09-07 10:47:00,2024,9,7,10,47,60,60612,Rue du Faubourg Saint-martin,49.195552,2.577091,Plein jour,En agglomération,Intersection en X,Normale,Deux véhicules - arrière,3,2, -1,-1,1,1,1,0,1,-1,2,6,5,0,1,0,39.0,18.0,voiture,voiture,1,2,2,1,2
202400020141,2024-01-26 12:20:00,2024,1,26,12,20,974,97422,Rue Pierre Rivals,-21.233447,55.550137,Plein jour,Hors agglomération,Hors intersection,Pluie forte,Deux véhicules - côté,2,2,3,0,2,2,2,0,1,70,2,2,1,0,1,0,34.0,20.0,voiture,voiture,1,1,1,3,3
202400020142,2024-09-07 23:00:00,2024,9,7,23,0,80,80236,RD 41,49.696339,2.596507,Nuit sans éclairage public,Hors agglomération,Hors intersection,Normale,Sans collision,3,2,2,0,2,4,1,0,1,80,1,4,1,1,0,2,22.0,,voiture,,3,1,1,1,7
202400020143,2024-12-21 11:15:00,2024,12,21,11,15,69,69149,Grande Rue,45.72104309,4.81113979,Plein jour,En agglomération,Hors intersection,Normale,Deux véhicules - côté,7,2,3,0,1,1,1,0,1,30,2,5,0,0,0,5,37.0,47.0,voiture,voiture,1,2,1,1,3
202400020144,2024-07-31 17:00:00,2024,7,31,17,0,84,84007,MORIERES (Route de ),43.95245714,4.84306169,Plein jour,En agglomération,Intersection en T,Normale,Deux véhicules - côté,4,2,2,2,1,1,1,5,1,50,2,2,1,0,0,1,17.0,22.0,deux_roues,voiture,1,2,3,1,3
202400020144,2024-07-31 17:00:00,2024,7,31,17,0,84,84007,MORIERES (Route de ),43.95245714,4.84306169,Plein jour,En agglomération,Intersection en T,Normale,Deux véhicules - côté,4,2,2,0,1,1,1,5,1,50,2,2,1,0,0,1,17.0,22.0,deux_roues,voiture,1,2,3,1,3
202400020145,2024-01-29 12:45:00,2024,1,29,12,45,973,97311,Avenue Gaston Monnerville,5.489061,-54.001193,Plein jour,Hors agglomération,Hors intersection,Temps couvert,Autre collision,2,2,2,0,1,1,1,0,1,50,1,2,1,0,1,0,33.0,,voiture,,1,1,1,8,6
202400020146,2024-08-10 10:50:00,2024,8,10,10,50,13,13015,A51-Sens Aix en Provence vers Marseille,43.46753554,5.40713194,Plein jour,Hors agglomération,Hors intersection,Normale,Sans collision,1,1,2,0,1,1,1,0,1,90,1,2,1,0,1,0,88.0,,voiture,,1,1,1,1,7
202400020147,2024-12-21 15:20:00,2024,12,21,15,20,95,95424,ARISTIDE MAILLOL (AVENUE),48.99577,2.1987,Plein jour,En agglomération,Hors intersection,Pluie légère,Autre collision,4,1,1,0,1,1,2,6,1,30,1,2,1,0,1,0,19.0,,voiture,,1,2,1,2,6
202400020148,2024-07-28 17:45:00,2024,7,28,17,45,83,83126,MISTRAL (AV FREDERIC),43.09709491,5.88370646,Plein jour,En agglomération,Hors intersection,Normale,Autre collision,3,1,1,0,1,1,1,9,1,50,1,2,1,0,0,1,42.0,,transport_commun,,1,2,1,1,6
202400020149,2024-01-28 15:30:00,2024,1,28,15,30,33,33097,D6e1,45.064064,-1.176905,Plein jour,Hors agglomération,Hors intersection,Normale,Deux véhicules - côté,3,2,2,0,2,3,1,0,1,80,2,2,1,0,0,1,50.0,61.0,voiture,deux_roues,1,1,1,1,3
202400020150,2024-09-03 05:05:00,2024,9,3,5,5,69,69297,Autoroute 47  ,45.58795597,4.78644758,Nuit sans éclairage public,Hors agglomération,Hors intersection,Normale,Deux véhicules - arrière,1,3,4,0,1,1,1,0,1,70,2,2,1,0,0,1,32.0,55.0,voiture,voiture,3,1,1,1,2
202400020151,2024-01-28 19:30:00,2024,1,28,19,30,45,45171,D83 PR 16 + 350,47.662779,2.258173,Nuit sans éclairage public,Hors agglomération,Hors intersection,Normale,Autre collision,3,2,2,0,1,1,1,0,3,90,1,1,0,0,1,0,20.0,,voiture,,3,1,1,1,6
202400020152,2024-12-21 15:00:00,2024,12,21,15,0,95,95427,D193,48.95965026,2.3284632,Plein jour,En agglomération,Intersection en X,Pluie légère,Deux véhicules - côté,3,2,2,0,1,1,2,0,1,30,2,2,1,0,0,1,,41.0,voiture,deux_roues,1,2,2,2,3
202400020152,2024-12-21 15:00:00,2024,12,21,15,0,95,95427,D193,48.95965026,2.3284632,Plein jour,En agglomération,Intersection en X,Pluie légère,Deux véhicules - côté,3,2,2,0,1,1,2,0,1,30,2,2,1,0,0,1,,41.0,voiture,deux_roues,1,2,2,2,3
202400020153,2024-07-30 08:20:00,2024,7,30,8,20,80,80160,Place Jean Jaures,49.86191,2.34136,Plein jour,En agglomération,Hors intersection,Normale,Deux véhicules - côté,4,2,2,0,1,1,1,0,1,30,2,2,1,0,0,1,17.0,55.0,deux_roues,voiture,1,2,1,1,3
202400020154,2024-12-20 10:00:00,2024,12,20,10,0,91,91514,RUE DE LA REPUBLIQUE,48.67274,2.53711,Plein jour,En agglomération,Autre intersection,Temps éblouissant,Autre collision,4,2,1,0,1,1,1,6,1,30,1,2,1,0,0,1,85.0,,voiture,,1,2,9,7,6
202400020155,2024-01-12 06:35:00,2024,1,12,6,35,77,77508,D231,48.803189,2.846746,Nuit sans éclairage public,Hors agglomération,Hors intersection,Normale,Autre collision,3,2,2,0,1,3,1,0,1,80,3,3,1,0,2,0,47.0,43.0,voiture,utilitaire_camion,3,1,1,1,6
202400020156,2024-09-06 01:05:00,2024,9,6,1,5,69,69296,Autoroute 7 ,45.64207779,4.82741833,Nuit sans éclairage public,Hors agglomération,Hors intersection,Normale,Deux véhicules - arrière,1,3,6,0,1,1,1,0,1,90,2,8,2,0,2,4,29.0,44.0,voiture,voiture,3,1,1,1,2