accident_id,datetime,annee,mois,jour,heure,minute,departement,commune_insee,adresse,latitude,longitude,luminosite,agglomeration,intersection,meteo,collision,catr,circ,nbv,vosp,prof,plan,surf,infra,situ,vma,nb_vehicules,nb_usagers,nb_indemnes,nb_tues,nb_blesses_hosp,nb_blesses_legers,age_cond_1,age_cond_2,veh_type_cond_1,veh_type_cond_2,lum_code,agg_code,int_code,atm_code,col_code
202400020157,2024-01-27 10:10:00,2024,1,27,10,10,2B,2B307,t10,42.37846,9.530076,Plein jour,En agglomération,Hors intersection,Normale,Autre collision,2,2,2,0,1,1,1,0,3,50,1,1,0,0,1,0,17.0,,deux_roues,,1,2,1,1,6
202400020158,2024-09-07 13:15:00,2024,9,7,13,15,92,92050,A86,48.90037653,2.19977438,Plein jour,Hors agglomération,Hors intersection,Pluie légère,Autre collision,1,1,2,0,1,3,2,1,1,70,1,1,0,0,0,1,25.0,,voiture,,1,1,1,2,6
202400020159,2024-12-21 22:40:00,2024,12,21,22,40,91,91286,EMILE ALLIAUD (AVENUE),48.64919,2.38222,Nuit sans éclairage public,En agglomération,Giratoire,Pluie légère,Deux véhicules - frontale,3,1,2,0,1,3,2,5,1,50,2,6,4,0,1,1,41.0,35.0,voiture,voiture,3,2,6,2,1
202400020159,2024-12-21 22:40:00,2024,12,21,22,40,91,91286,EMILE ALLIAUD (AVENUE),48.64919,2.38222,Nuit sans éclairage public,En agglomération,Giratoire,Pluie légère,Deux véhicules - frontale,3,2,2,0,1,1,2,0,8,50,2,6,4,0,1,1,41.0,35.0,voiture,voiture,3,2,6,2,1
202400020160,2024-07-31 05:05:00,2024,7,31,5,5,76,76540,Place Saint Paul,49.43347,1.1072,Nuit avec éclairage allumé,En agglomération,Hors intersection,Normale,Autre collision,7,2,5,0,1,1,1,0,1,50,1,2,0,0,0,2,41.0,,voiture,,5,2,1,1,6
202400020161,2024-01-27 09:45:00,2024,1,27,9,45,66,66171,chemin du mas des capellans,42.607523,3.025897,Plein jour,En agglomération,Hors intersection,Normale,Deux véhicules - frontale,4,2,2,0,1,3,1,0,1,50,2,4,2,0,1,1,21.0,54.0,voiture,voiture,1,2,1,1,1
202400020162,2024-09-06 15:00:00,2024,9,6,15,0,78,78640,A86 EXT,48.778757,2.204029,Plein jour,Hors agglomération,Hors intersection,Normale,Autre collision,1,1,3,0,1,1,1,0,1,110,1,2,1,0,0,1,22.0,,voiture,,1,1,1,1,6
202400020163,2024-12-22 00:35:00,2024,12,22,0,35,91,91432,RD 118,48.70728,2.35125,Nuit sans éclairage public,En agglomération,Hors intersection,Pluie légère,Sans collision,3,2,1,0,1,3,2,0,1,50,1,2,0,0,0,2,28.0,,voiture,,3,2,1,2,7
202400020164,2024-01-28 13:25:00,2024,1,28,13,25,13,13115,D22,43.700877,5.224793,Plein jour,Hors agglomération,Hors intersection,Normale,Autre collision,3,2,2,2,1,1,1,0,3,80,1,1,0,0,1,0,19.0,,voiture,,1,1,1,1,6
202400020165,2024-12-21 00:10:00,2024,12,21,0,10,91,91228,RN7,48.63789,2.43174,Nuit sans éclairage public,En agglomération,Hors intersection,Normale,Deux véhicules - arrière,3,1,2,0,1,1,1,0,1,90,2,2,1,1,0,0,32.0,23.0,deux_roues,autre,3,2,1,1,2
202400020166,2024-07-31 07:50:00,2024,7,31,7,50,71,71270,MURTIN (RUE DU GENERAL),46.31933,4.81374,Plein jour,En agglomération,Hors intersection,Normale,Autre collision,4,2,1,0,1,1,1,0,1,50,2,2,1,0,0,1,26.0,64.0,voiture,deux_roues,1,2,1,1,6
202400020167,2024-09-06 17:15:00,2024,9,6,17,15,95,95241,N104,49.05639571,2.4223111,Plein jour,Hors agglomération,Hors intersection,Normale,Trois véhicules et plus - en chaîne,2,3,2,0,1,1,1,0,1,90,3,3,2,0,0,1,19.0,40.0,voiture,voiture,1,1,1,1,4
202400020168,2024-12-21 20:30:00,2024,12,21,20,30,85,85191,Rue du maréchal foch,46.67371,-1.42828,Nuit avec éclairage allumé,En agglomération,Hors intersection,Pluie légère,Deux véhicules - arrière,4,2,2,0,1,1,2,0,1,50,2,2,1,0,1,0,21.0,30.0,deux_roues,voiture,5,2,1,2,2
202400020169,2024-07-31 16:55:00,2024,7,31,16,55,69,69286,Avenue de l'Europe,45.81635,4.89956,Plein jour,En agglomération,Hors intersection,Normale,Deux véhicules - arrière,4,2,2,0,2,1,1,0,1,50,2,2,1,0,0,1,56.0,55.0,voiture,voiture,1,2,1,1,2
202400020170,2024-09-06 10:20:00,2024,9,6,10,20,93,93007,AUTOROUTE A3,48.9422986,2.47831903,Plein jour,Hors agglomération,Hors intersection,Normale,Deux véhicules - arrière,1,3,3,0,1,1,1,0,1,90,2,2,1,0,0,1,27.0,40.0,utilitaire_camion,voiture,1,1,1,1,2
202400020171,2024-01-28 17:45:00,2024,1,28,17,45,33,33073,Lieu Dit les Frappes,45.246008,-0.615503,Plein jour,Hors agglomération,Hors intersection,Normale,Deux véhicules - frontale,4,-1,2,0,1,1,1,0,3,80,2,2,0,0,2,0,17.0,40.0,deux_roues,deux_roues,1,1,1,1,1
202400020172,2024-08-30 19:15:00,2024,8,30,19,15,94,94028,A86,48.79054422,2.44069237,Plein jour,Hors agglomération,Hors intersection,Normale,Deux véhicules - arrière,1,3,3,0,1,1,1,0,1,90,2,2,1,0,0,1,37.0,32.0,deux_roues,utilitaire_camion,1,1,1,1,2
202400020173,2024-07-30 17:00:00,2024,7,30,17,0,69,69259,Avenue de la République,45.70747,4.86882,Plein jour,En agglomération,Intersection en T,Normale,Deux véhicules - côté,4,2,2,0,1,1,1,0,1,50,2,2,1,0,0,1,,27.0,voiture,deux_roues,1,2,3,1,3
202400020173,2024-07-30 17:00:00,2024,7,30,17,0,69,69259,Avenue de la République,45.70747,4.86882,Plein jour,En agglomération,Intersection en T,Normale,Deux véhicules - côté,4,2,3,0,1,1,1,0,1,50,2,2,1,0,0,1,,27.0,voiture,deux_roues,1,2,3,1,3
202400020174,2024-01-26 18:05:00,2024,1,26,18,5,22,22156,Le Danouet,48.538879,-3.23145,Nuit sans éclairage public,Hors agglomération,Intersection en X,Normale,Deux véhicules - côté,3,2,2,0,1,1,1,0,1,80,2,4,3,0,1,0,66.0,36.0,voiture,voiture,3,1,2,1,3
202400020174,2024-01-26 18:05:00,2024,1,26,18,5,22,22156,Le Danouet,48.538879,-3.23145,Nuit sans éclairage public,Hors agglomération,Intersection en X,Normale,Deux véhicules - côté,3,2,2,0,3,1,1,0,1,80,2,4,3,0,1,0,66.0,36.0,voiture,voiture,3,1,2,1,3
202400020175,2024-09-06 15:45:00,2024,9,6,15,45,77,77083,A4.W,48.833457,2.593202,Plein jour,Hors agglomération,Hors intersection,Normale,Autre collision,1,3,6,0,1,1,1,0,1,90,3,4,2,0,0,2,54.0,28.0,utilitaire_camion,deux_roues,1,1,1,1,6
202400020176,2024-01-28 13:10:00,2024,1,28,13,10,13,13071,A7-Sens Marseille vers Lyon,43.40918,5.28627,Plein jour,Hors agglomération,Hors intersection,Normale,Deux véhicules - arrière,1,1,3,0,1,1,1,0,1,110,2,4,2,0,0,2,76.0,21.0,voiture,voiture,1,1,1,1,2
202400020177,2024-09-06 14:20:00,2024,9,6,14,20,94,94042,A4,48.82800728,2.4730466,Plein jour,Hors agglomération,Hors intersection,Normale,Deux véhicules - arrière,1,3,8,0,1,1,1,0,1,90,2,2,1,0,0,1,51.0,31.0,utilitaire_camion,deux_roues,1,1,1,1,2
202400020178,2024-07-31 12:50:00,2024,7,31,12,50,64,64483,RD810,43.40145,-1.63763,Plein jour,En agglomération,Hors intersection,Normale,Trois véhicules et plus - en chaîne,3,1,2,0,1,1,1,0,1,50,4,4,2,0,0,2,52.0,30.0,voiture,utilitaire_camion,1,2,1,1,4
202400020179,2024-01-28 06:50:00,2024,1,28,6,50,83,83129,A50,43.12024732,5.84655534,Nuit sans éclairage public,Hors agglomération,Hors intersection,Normale,Autre collision,1,3,6,0,1,1,1,0,1,110,1,2,1,0,0,1,24.0,,voiture,,3,1,1,1,6
202400020180,2024-09-05 20:30:00,2024,9,5,20,30,987,98735,CHEF VAIRAATOA (AVENUE),-17.53275,-149.56333,Nuit avec éclairage allumé,En agglomération,Intersection en X,Normale,Deux véhicules - côté,2,2,2,0,1,1,1,0,1,50,2,2,0,0,1,1,18.0,54.0,deux_roues,deux_roues,5,2,2,1,3
202400020180,2024-09-05 20:30:00,2024,9,5,20,30,987,98735,CHEF VAIRAATOA (AVENUE),-17.53275,-149.56333,Nuit avec éclairage allumé,En agglomération,Intersection en X,Normale,Deux véhicules - côté,2,2,2,0,1,1,1,0,1,50,2,2,0,0,1,1,18.0,54.0,deux_roues,deux_roues,5,2,2,1,3
202400020181,2024-01-28 05:20:00,2024,1,28,5,20,69,69271,Route Départementale 302,45.75118,4.98452,Nuit sans éclairage public,Hors agglomération,Hors intersection,Normale,Autre collision,7,1,1,0,4,3,1,0,1,50,1,4,0,0,0,4,23.0,,voiture,,3,1,1,1,6
202400020182,2024-07-30 19:55:00,2024,7,30,19,55,62,62099,D60,50.25254,2.77407,Plein jour,En agglomération,Hors intersection,Normale,Deux véhicules - frontale,3,2,2,0,1,1,1,0,1,80,2,3,0,0,1,2,44.0,63.0,voiture,voiture,1,2,1,1,1
202400020183,2024-09-06 12:10:00,2024,9,6,12,10,974,97411,CANAL (CHEMIN DU GRAND),-20.90035,55.49948,Plein jour,En agglomération,Intersection en T,Normale,Deux véhicules - côté,2,2,2,0,1,1,1,0,1,50,2,2,1,0,0,1,29.0,37.0,deux_roues,voiture,1,2,3,1,3
202400020183,2024-09-06 12:10:00,2024,9,6,12,10,974,97411,CANAL (CHEMIN DU GRAND),-20.90035,55.49948,Plein jour,En agglomération,Intersection en T,Normale,Deux véhicules - côté,2,2,2,0,1,1,1,0,1,50,2,2,1,0,0,1,29.0,37.0,deux_roues,voiture,1,2,3,1,3
202400020184,2024-01-28 19:53:00,2024,1,28,19,53,91,91161,AUTOROUTE A6,48.70159,2.30877,Nuit sans éclairage public,Hors agglomération,Hors intersection,Normale,Trois véhicules et plus - en chaîne,1,1,3,0,1,1,1,0,1,110,3,3,2,0,0,1,77.0,45.0,voiture,voiture,3,1,1,1,4
202400020185,2024-07-31 19:55:00,2024,7,31,19,55,56,56260,Avenue de la Marne,47.65999,-2.79002,Plein jour,En agglomération,Giratoire,Normale,Deux véhicules - côté,4,1,2,0,2,1,1,5,1,30,2,2,1,0,0,1,43.0,18.0,voiture,deux_roues,1,2,6,1,3
202400020186,2024-09-06 19:35:00,2024,9,6,19,35,973,97302,BADUEL (ROUTE DE),4.92918,-52.29653,Nuit sans éclairage public,En agglomération,Hors intersection,Normale,Deux véhicules - côté,3,2,2,0,1,1,1,0,1,50,2,2,1,0,0,1,56.0,57.0,voiture,deux_roues,3,2,1,1,3
202400020187,2024-01-28 06:25:00,2024,1,28,6,25,94,94034,A6A,48.7562037,2.33415003,Nuit sans éclairage public,Hors agglomération,Hors intersection,Normale,Trois véhicules et plus - collisions multiples,1,1,3,0,1,1,1,0,1,110,3,3,2,0,0,1,25.0,20.0,voiture,voiture,3,1,1,1,5
202400020188,2024-07-30 08:22:00,2024,7,30,8,22,51,51454,COURLANCY (RUE DE),49.24286,4.022377,Plein jour,En agglomération,Hors intersection,Normale,Autre collision,4,2,2,0,1,1,1,0,1,30,2,2,1,0,0,1,47.0,26.0,voiture,deux_roues,1,2,1,1,6
202400020189,2024-07-30 17:35:00,2024,7,30,17,35,50,50129,MUSSET (RUE ALFRED),49.645,-1.64832,Plein jour,En agglomération,Hors intersection,Normale,Autre collision,4,2,2,0,1,1,1,0,3,50,1,1,0,0,0,1,74.0,,voiture,,1,2,1,1,6
202400020190,2024-09-06 12:50:00,2024,9,6,12,50,973,97302,CABASSOU (ROUTE DE),4.92067,-52.32155,Plein jour,En agglomération,Hors intersection,Normale,Deux véhicules - arrière,3,2,2,0,1,1,1,0,1,50,2,2,1,0,0,1,15.0,34.0,deux_roues,voiture,1,2,1,1,2
202400020191,2024-07-31 16:40:00,2024,7,31,16,40,50,50129,GRAND PRE (RUE DU),49.63713,-1.59545,Plein jour,En agglomération,Hors intersection,Normale,Autre collision,4,2,0,0,1,1,1,0,1,50,1,2,1,0,0,1,78.0,,voiture,,1,2,1,1,6
202400020192,2024-01-27 19:25:00,2024,1,27,19,25,91,91340,RN 104,48.609,2.439,Nuit sans éclairage public,Hors agglomération,Hors intersection,Normale,Trois véhicules et plus - collisions multiples,2,1,3,0,1,1,1,0,1,90,5,6,4,0,0,2,25.0,21.0,voiture,voiture,3,1,1,1,5
202400020193,2024-09-05 21:00:00,2024,9,5,21,0,973,97302,FLAMBOYANTS (RUE DES),4.92469227,-52.32058525,Nuit avec éclairage allumé,En agglomération,Hors intersection,Normale,Deux véhicules - côté,6,-1, -1,0,1,1,1,0,6,30,2,2,1,0,0,1,35.0,62.0,deux_roues,voiture,5,2,1,1,3
202400020194,2024-07-06 05:12:00,2024,7,6,5,12,49,49007,MOLIERE PLACE,47.47369,-0.55567,Nuit avec éclairage allumé,En agglomération,Intersection en X,Normale,Deux véhicules - frontale,4,1,0,2,1,1,1,0,1,50,2,2,1,0,1,0,26.0,31.0,voiture,deux_roues,5,2,2,1,1
202400020194,2024-07-06 05:12:00,2024,7,6,5,12,49,49007,MOLIERE PLACE,47.47369,-0.55567,Nuit avec éclairage allumé,En agglomération,Intersection en X,Normale,Deux véhicules - frontale,4,2,2,0,1,1,1,0,1,50,2,2,1,0,1,0,26.0,31.0,voiture,deux_roues,5,2,2,1,1
202400020195,2024-01-27 16:20:00,2024,1,27,16,20,91,91064,RN 118,48.77106,2.22888,Plein jour,Hors agglomération,Hors intersection,Normale,Deux véhicules - arrière,2,1,3,0,3,2,1,0,1,90,2,7,4,0,0,3,21.0,29.0,voiture,voiture,1,1,1,1,2
202400020196,2024-09-06 13:00:00,2024,9,6,13,0,69,69387,Avenue Debourg,45.73164,4.82542,Plein jour,En agglomération,Hors intersection,Normale,Trois véhicules et plus - en chaîne,4,2,3,2,1,1,1,0,1,30,3,4,3,0,0,1,45.0,36.0,voiture,voiture,1,2,1,1,4
202400020197,2024-07-30 19:43:00,2024,7,30,19,43,49,49007,SAUMUROISE IMPASSE ET RUE,47.45759,-0.53306,Plein jour,En agglomération,Hors intersection,Normale,Deux véhicules - frontale,4,3,3,0,1,1,1,0,1,50,2,2,1,0,0,1,52.0,18.0,voiture,deux_roues,1,2,1,1,1
202400020198,2024-01-27 12:40:00,2024,1,27,12,40,94,94077,N7,48.72134868,2.37075153,Plein jour,Hors agglomération,Hors intersection,Normale,Trois véhicules et plus - en chaîne,2,3,0,0,1,1,1,1,1,70,3,4,3,0,0,1,77.0,33.0,voiture,voiture,1,1,1,1,4
202400020199,2024-09-06 06:59:00,2024,9,6,6,59,972,97213,MAHAULT,14.61704,-61.0037,Plein jour,Hors agglomération,Hors intersection,Normale,Autre collision,6,-1,0,0,1,1,1,0,1,30,1,2,1,0,0,1,58.0,,utilitaire_camion,,1,1,1,1,6
202400020200,2024-01-28 09:40:00,2024,1,28,9,40,78,78124,SE A14,48.911718,2.182884,Plein jour,Hors agglomération,Hors intersection,Normale,Autre collision,1,1,3,0,1,1,1,1,1,90,1,1,0,0,0,1,25.0,,voiture,,1,1,1,1,6
202400020201,2024-07-31 17:00:00,2024,7,31,17,0,45,45147,19 Rue du 11 Octobre,47.93419,1.90018,Plein jour,En agglomération,Hors intersection,Normale,Deux véhicules - frontale,4,2,2,2,1,1,1,1,1,50,2,5,4,0,0,1,63.0,16.0,voiture,deux_roues,1,2,1,1,1
202400020202,2024-01-28 05:00:00,2024,1,28,5,0,78,78362,A13,48.976388,1.716809,Nuit sans éclairage public,Hors agglomération,Hors intersection,Normale,Deux véhicules - arrière,1,1,2,0,4,2,1,3,1,50,2,4,2,0,0,2,49.0,25.0,voiture,utilitaire_camion,3,1,1,1,2
202400020203,2024-09-06 08:40:00,2024,9,6,8,40,2B,2B120,TOUTES RUES,42.64926,9.44047,Plein jour,Hors agglomération,Hors intersection,Normale,Trois véhicules et plus - en chaîne,2,2,4,0,2,1,1,0,1,70,3,3,1,0,0,2,47.0,42.0,voiture,voiture,1,1,1,1,4
202400020204,2024-07-31 05:45:00,2024,7,31,5,45,37,37261,DANIEL MAYER,47.41923,0.67386,Nuit avec éclairage allumé,En agglomération,Giratoire,Normale,Deux véhicules - côté,4,2,2,0,1,1,1,0,1,50,2,2,1,0,0,1,24.0,17.0,voiture,deux_roues,5,2,6,1,3
202400020204,2024-07-31 05:45:00,2024,7,31,5,45,37,37261,DANIEL MAYER,47.41923,0.67386,Nuit avec éclairage allumé,En agglomération,Giratoire,Normale,Deux véhicules - côté,4,2,2,1,1,1,1,0,1,50,2,2,1,0,0,1,24.0,17.0,voiture,deux_roues,5,2,6,1,3
202400020205,2024-01-28 21:15:00,2024,1,28,21,15,93,93005,A3,48.95088858,2.47455129,Nuit sans éclairage public,Hors agglomération,Hors intersection,Normale,Autre collision,1,3,6,0,1,1,1,0,1,90,1,1,0,0,0,1,36.0,,voiture,,3,1,1,1,6
202400020206,2024-01-28 21:50:00,2024,1,28,21,50,95,95277,A104,48.97352265,2.48582988,Nuit sans éclairage public,Hors agglomération,Hors intersection,Normale,Sans collision,1,1,2,0,2,2,1,0,1,50,1,1,0,0,0,1,25.0,,deux_roues,,3,1,1,1,7
202400020207,2024-09-06 04:40:00,2024,9,6,4,40,971,97113,RN4 - SECTION RIVIERA,16.21797,-61.49827,Nuit avec éclairage non allumé,Hors agglomération,Hors intersection,Normale,Deux véhicules - arrière,2,2,3,0,1,1,1,0,1,70,2,2,1,0,1,0,,75.0,voiture,deux_roues,4,1,1,1,2
202400020208,2024-07-13 18:50:00,2024,7,13,18,50,34,34108,MONTPELLIER (ROUTE DE),43.46,3.76,Plein jour,En agglomération,Hors intersection,Normale,Deux véhicules - arrière,4,2,0,0,1,1,1,0,1,50,2,3,2,0,0,1,47.0,20.0,voiture,voiture,1,2,1,1,2
202400020209,2024-01-28 18:40:00,2024,1,28,18,40,93,93006,AUTOROUTE A3,48.86896374,2.42891767,Nuit sans éclairage public,Hors agglomération,Hors intersection,Normale,Deux véhicules - arrière,1,3,8,0,1,1,1,0,1,90,2,2,1,0,0,1,24.0,30.0,deux_roues,voiture,3,1,1,1,2
202400020210,2024-07-31 21:50:00,2024,7,31,21,50,32,32013,AGEN (ROUTE D'),43.67928,0.60172,Crépuscule ou aube,Hors agglomération,Hors intersection,Normale,Autre collision,2,2,2,0,1,1,1,0,1,70,1,1,0,0,0,1,39.0,,voiture,,2,1,1,1,6
202400020211,2024-01-28 15:00:00,2024,1,28,15,0,95,95424,A15,48.9916589,2.19023195,Plein jour,Hors agglomération,Hors intersection,Normale,Deux véhicules - côté,1,3,6,0,1,1,1,0,1,110,2,2,1,0,0,1,28.0,36.0,deux_roues,voiture,1,1,1,1,3
202400020212,2024-09-06 17:50:00,2024,9,6,17,50,91,91201,AV DE L EUROPE,48.6857,2.43432,Plein jour,En agglomération,Intersection en T,Normale,Deux véhicules - frontale,3,2,3,0,1,4,1,0,1,50,2,2,1,0,1,0,62.0,47.0,voiture,deux_roues,1,2,3,1,1
202400020212,2024-09-06 17:50:00,2024,9,6,17,50,91,91201,AV DE L EUROPE,48.6857,2.43432,Plein jour,En agglomération,Intersection en T,Normale,Deux véhicules - frontale,3,2,2,0,1,1,1,0,1,30,2,2,1,0,1,0,62.0,47.0,voiture,deux_roues,1,2,3,1,1
202400020213,2024-01-28 06:50:00,2024,1,28,6,50,93,93073,AUTOROUTE A104,48.96636,2.55951,Nuit sans éclairage public,Hors agglomération,Hors intersection,Normale,Autre collision,1,3,3,0,1,1,1,0,1,110,1,2,1,0,1,0,,,voiture,,3,1,1,1,6
202400020214,2024-09-06 09:40:00,2024,9,6,9,40,91,91521,JOLIOT CURIE (AVENUE IRENE ET FREDERIC),48.63211,2.396,Plein jour,Hors agglomération,Intersection en T,Normale,Deux véhicules - côté,3,2,2,0,1,1,1,0,1,50,2,2,1,0,0,1,36.0,29.0,utilitaire_camion,deux_roues,1,1,3,1,3
202400020214,2024-09-06 09:40:00,2024,9,6,9,40,91,91521,JOLIOT CURIE (AVENUE IRENE ET FREDERIC),48.63211,2.396,Plein jour,Hors agglomération,Intersection en T,Normale,Deux véhicules - côté,3,2,2,0,1,1,1,0,1,70,2,2,1,0,0,1,36.0,29.0,utilitaire_camion,deux_roues,1,1,3,1,3
202400020215,2024-07-31 19:30:00,2024,7,31,19,30,31,31069,VA001490 A621,43.62514308,1.38593787,Plein jour,Hors agglomération,Hors intersection,Normale,Trois véhicules et plus - en chaîne,1,3,2,0,1,1,1,0,1,70,3,5,0,0,0,5,47.0,54.0,voiture,voiture,1,1,1,1,4
202400020216,2024-01-26 12:11:00,2024,1,26,12,11,987,98735,REMPARTS (RUE BLOC FRANCE LIBRE),-17.534207,-149.567233,Plein jour,En agglomération,Hors intersection,Normale,Deux véhicules - côté,4,2,2,0,1,1,1,0,1,50,2,2,1,0,0,1,25.0,26.0,voiture,deux_roues,1,2,1,1,3
202400020217,2024-07-31 15:12:00,2024,7,31,15,12,31,31555,RUE DU GENERAL GIRAUD,43.64095776,1.46199971,Plein jour,En agglomération,Hors intersection,Normale,Autre collision,4,2,1,0,1,1,1,0,1,50,2,3,0,0,2,1,27.0,27.0,deux_roues,voiture,1,2,1,1,6
202400020218,2024-09-06 15:00:00,2024,9,6,15,0,84,84007,A7D,43.8914,4.91649,Plein jour,Hors agglomération,Intersection en Y,Normale,Deux véhicules - arrière,2,1,1,0,1,4,1,3,1,50,2,4,2,0,0,2,46.0,28.0,voiture,voiture,1,1,4,1,2
202400020218,2024-09-06 15:00:00,2024,9,6,15,0,84,84007,A7D,43.8914,4.91649,Plein jour,Hors agglomération,Intersection en Y,Normale,Deux véhicules - arrière,2,1, -1,-1,1,1,1,3,1,-1,2,4,2,0,0,2,46.0,28.0,voiture,voiture,1,1,4,1,2
202400020219,2024-01-27 07:28:00,2024,1,27,7,28,973,97302,JUILLET (RUE DU 14),4.9399605,-52.32962966,Plein jour,En agglomération,Intersection en X,Normale,Deux véhicules - côté,4,1,1,0,1,1,1,0,1,50,2,2,1,0,0,1,51.0,33.0,voiture,voiture,1,2,2,1,3
202400020219,2024-01-27 07:28:00,2024,1,27,7,28,973,97302,JUILLET (RUE DU 14),4.9399605,-52.32962966,Plein jour,En agglomération,Intersection en X,Normale,Deux véhicules - côté,4,1,1,0,1,1,1,0,1,50,2,2,1,0,0,1,51.0,33.0,voiture,voiture,1,2,2,1,3
202400020220,2024-06-19 21:20:00,2024,6,19,21,20,83,83069,CORPS (AVENUE DU XVEME),43.12141,6.13771,Nuit avec éclairage allumé,En agglomération,Giratoire,Normale,Deux véhicules - côté,4,2,1,0,1,1,1,0,1,50,2,2,1,0,0,1,34.0,27.0,voiture,deux_roues,5,2,6,1,3
202400020221,2024-07-31 21:57:00,2024,7,31,21,57,16,16015,,45.653406,0.147931,Nuit avec éclairage allumé,En agglomération,Intersection en X,Normale,Deux véhicules - côté,4,2,3,0,1,1,1,5,1,50,2,4,1,0,2,1,21.0,21.0,voiture,deux_roues,5,2,2,1,3
202400020221,2024-07-31 21:57:00,2024,7,31,21,57,16,16015,,45.653406,0.147931,Nuit avec éclairage allumé,En agglomération,Intersection en X,Normale,Deux véhicules - côté,4,2,3,0,1,1,1,0,1,50,2,4,1,0,2,1,21.0,21.0,voiture,deux_roues,5,2,2,1,3
202400020222,2024-09-06 19:45:00,2024,9,6,19,45,80,80021,Rue Edmond Rostand,49.87314,2.32417,Plein jour,En agglomération,Hors intersection,Normale,Autre collision,4,2,2,0,1,1,1,0,1,50,1,1,0,0,0,1,52.0,,utilitaire_camion,,1,2,1,1,6
202400020223,2024-01-26 07:39:00,2024,1,26,7,39,973,97302,BARTHELEMY (RENE),4.93620999,-52.31585652,Plein jour,En agglomération,Hors intersection,Normale,Deux véhicules - côté,4,2,2,0,1,1,1,0,1,50,2,2,1,0,0,1,31.0,69.0,voiture,deux_roues,1,2,1,1,3
202400020224,2024-01-27 20:15:00,2024,1,27,20,15,972,97213,AUTOROUTE A1,14.618266,-61.034885,Nuit avec éclairage allumé,Hors agglomération,Hors intersection,Normale,Sans collision,1,1,6,0,1,1,1,0,1,90,1,1,0,0,0,1,18.0,,deux_roues,,5,1,1,1,7
202400020225,2024-07-31 16:15:00,2024,7,31,16,15,13,13213,OLIVES (AVENUE DES),43.3274,5.4361,Plein jour,En agglomération,Hors intersection,Normale,Deux véhicules - arrière,3,2,3,0,1,1,1,0,1,50,2,2,1,0,0,1,44.0,22.0,voiture,deux_roues,1,2,1,1,2
202400020226,2024-07-31 04:40:00,2024,7,31,4,40,13,13209,MORGIOU (chemin de ),43.24,5.4,Nuit avec éclairage allumé,En agglomération,Hors intersection,Normale,Autre collision,4,2,2,0,1,1,1,0,1,50,1,1,0,0,1,0,28.0,,voiture,,5,2,1,1,6
202400020227,2024-09-06 10:35:00,2024,9,6,10,35,80,80021,Rue Saint-Fuscien,49.87076,2.30726,Plein jour,En agglomération,Hors intersection,Normale,Deux véhicules - côté,4,2,2,0,1,1,1,0,1,50,2,2,1,0,0,1,39.0,78.0,deux_roues,utilitaire_camion,1,2,1,1,3
202400020228,2024-01-27 19:11:00,2024,1,27,19,11,972,97213,BASSE GONDEAU (CHEMIN RURAL N°3 DE),14.6278775,-61.02515955,Nuit avec éclairage allumé,Hors agglomération,Hors intersection,Normale,Deux véhicules - frontale,4,2,2,0,2,4,1,0,1,30,2,2,0,0,0,2,44.0,60.0,voiture,voiture,5,1,1,1,1
202400020229,2024-07-28 14:20:00,2024,7,28,14,20,04,04112,DEPARTEMENTALE 4096,43.831,5.7947,Plein jour,En agglomération,Hors intersection,Normale,Deux véhicules - côté,3,2,2,1,1,1,1,0,1,50,2,2,0,0,0,2,68.0,50.0,voiture,voiture,1,2,1,1,3
202400020230,2024-09-06 09:45:00,2024,9,6,9,45,80,80674,Rue Laennec,49.90420813,2.32901037,Plein jour,En agglomération,Hors intersection,Normale,Deux véhicules - côté,4,2,2,0,1,1,1,0,1,50,2,2,1,0,0,1,48.0,29.0,voiture,deux_roues,1,2,1,1,3
202400020231,2024-09-05 17:45:00,2024,9,5,17,45,80,80489,Avenue de la Ville Idéale,49.86792,2.37572,Plein jour,Hors agglomération,Hors intersection,Pluie légère,Sans collision,3,-1,0,0,1,1,2,0,4,50,1,1,0,0,0,1,30.0,,deux_roues,,1,1,1,2,7
202400020232,2024-01-27 23:29:00,2024,1,27,23,29,2B,2B033,DE MONTERA - BD HYACINTE,42.69948,9.44665,Nuit avec éclairage allumé,En agglomération,Hors intersection,Normale,Deux véhicules - frontale,4,2,2,0,2,2,1,0,1,50,2,4,1,0,0,3,25.0,45.0,voiture,voiture,5,2,1,1,1
202400020233,2024-07-31 11:15:00,2024,7,31,11,15,75,75112,QUAI DE BERCY,48.830154,2.386571,Plein jour,En agglomération,Hors intersection,Normale,Trois véhicules et plus - en chaîne,4,3,6,0,1,1,1,0,1,50,3,3,2,0,0,1,45.0,40.0,utilitaire_camion,utilitaire_camion,1,2,1,1,4
202400020234,2024-09-05 14:00:00,2024,9,5,14,0,79,79191,,46.304215,-0.46008,Plein jour,En agglomération,Hors intersection,Normale,Deux véhicules - côté,4,2,2,0,1,1,1,0,1,50,2,2,1,0,1,0,24.0,34.0,voiture,deux_roues,1,2,1,1,3
202400020235,2024-07-31 05:24:00,2024,7,31,5,24,75,75110,RUE DU FAUBOURG SAINT MARTIN,48.873746,2.358325,Nuit avec éclairage allumé,En agglomération,Intersection en X,Pluie forte,Deux véhicules - côté,4,1,4,1,1,1,2,0,1,30,2,2,1,0,1,0,22.0,53.0,deux_roues,utilitaire_camion,5,2,2,3,3