accident_id,datetime,annee,mois,jour,heure,minute,departement,commune_insee,adresse,latitude,longitude,luminosite,agglomeration,intersection,meteo,collision,catr,circ,nbv,vosp,prof,plan,surf,infra,situ,vma,nb_vehicules,nb_usagers,nb_indemnes,nb_tues,nb_blesses_hosp,nb_blesses_legers,age_cond_1,age_cond_2,veh_type_cond_1,veh_type_cond_2,lum_code,agg_code,int_code,atm_code,col_code
202400020376,2024-09-06 00:20:00,2024,9,6,0,20,75,75110,RUE LA FAYETTE,48.879456,2.357605,Nuit avec éclairage allumé,En agglomération,Intersection en X,Normale,Autre collision,4,2,2,2,1,1,1,0,1,30,1,2,1,0,1,0,24.0,,deux_roues,,5,2,2,1,6
202400020377,2024-01-10 19:25:00,2024,1,10,19,25,84,84080,Boulevard Pasteur,44.03458,4.99455,Nuit avec éclairage allumé,En agglomération,Giratoire,Pluie légère,Deux véhicules - côté,4,2,2,0,1,1,2,5,1,50,2,2,1,0,0,1,70.0,27.0,voiture,deux_roues,5,2,6,2,3
202400020378,2024-05-26 19:30:00,2024,5,26,19,30,974,97409,Salazie (route de),-20.97838,55.63662,Nuit sans éclairage public,Hors agglomération,Hors intersection,Pluie légère,Sans collision,3,2,2,0,2,2,2,0,8,90,1,1,0,0,0,1,34.0,,voiture,,3,1,1,2,7
202400020379,2024-07-31 16:00:00,2024,7,31,16,0,83,83123,A50,43.13309232,5.8119948,Plein jour,Hors agglomération,Hors intersection,Normale,Trois véhicules et plus - en chaîne,1,3,4,0,1,1,1,0,1,90,3,3,2,0,1,0,60.0,37.0,voiture,voiture,1,1,1,1,4
202400020380,2024-09-06 11:54:00,2024,9,6,11,54,75,75120,RUE DES PYRENEES,48.84894,2.406547,Plein jour,En agglomération,Intersection en X,Normale,Deux véhicules - côté,4,1, -1,-1,1,1,1,0,1,-1,2,2,1,0,0,1,41.0,35.0,deux_roues,transport_commun,1,2,2,1,3
202400020380,2024-09-06 11:54:00,2024,9,6,11,54,75,75120,RUE DES PYRENEES,48.84894,2.406547,Plein jour,En agglomération,Intersection en X,Normale,Deux véhicules - côté,4,2,3,3,2,1,1,0,1,30,2,2,1,0,0,1,41.0,35.0,deux_roues,transport_commun,1,2,2,1,3
202400020381,2024-05-26 15:30:00,2024,5,26,15,30,69,69388,Route de Vienne,45.73648,4.85288,Plein jour,En agglomération,Autre intersection,Normale,Autre collision,4,1,1,2,1,1,1,0,1,30,1,1,0,0,0,1,85.0,,voiture,,1,2,9,1,6
202400020382,2024-09-04 16:05:00,2024,9,4,16,5,75,75120,RUE D AVRON,48.852941,2.407475,Plein jour,En agglomération,Intersection en T,Normale,Autre collision,4,1, -1,-1,1,1,1,0,1,-1,1,2,1,0,0,1,31.0,,voiture,,1,2,3,1,6
202400020382,2024-09-04 16:05:00,2024,9,4,16,5,75,75120,RUE D AVRON,48.852941,2.407475,Plein jour,En agglomération,Intersection en T,Normale,Autre collision,4,2,2,0,1,1,1,0,1,30,1,2,1,0,0,1,31.0,,voiture,,1,2,3,1,6
202400020383,2024-05-26 01:10:00,2024,5,26,1,10,69,69389,Rue de Bourgogne,45.78164,4.80025,Nuit avec éclairage allumé,En agglomération,Giratoire,Normale,Deux véhicules - côté,4,1,2,0,1,2,1,0,8,50,2,2,1,0,0,1,46.0,26.0,voiture,deux_roues,5,2,6,1,3
202400020384,2024-07-29 07:30:00,2024,7,29,7,30,83,83137,A57,43.13138738,5.98036515,Plein jour,En agglomération,Hors intersection,Normale,Trois véhicules et plus - en chaîne,1,3,4,0,1,2,1,3,1,70,4,4,3,0,0,1,58.0,53.0,deux_roues,voiture,1,2,1,1,4
202400020385,2024-09-06 20:25:00,2024,9,6,20,25,75,75119,Rue Césaria Évora,48.897709,2.37598,Crépuscule ou aube,En agglomération,Hors intersection,Normale,Autre collision,4,-1,0,0,1,1,1,0,4,30,1,2,1,0,0,1,15.0,,deux_roues,,2,2,1,1,6
202400020386,2024-05-26 10:32:00,2024,5,26,10,32,2B,2B120,LAGUNE (Route de la) D107,42.65,9.41,Plein jour,En agglomération,Hors intersection,Normale,Deux véhicules - côté,3,2,2,0,1,1,1,0,1,70,2,2,1,0,0,1,,70.0,utilitaire_camion,deux_roues,1,2,1,1,3
202400020387,2024-07-29 12:45:00,2024,7,29,12,45,59,59603,AUTOROUTE A2,50.340927,3.476729,Plein jour,Hors agglomération,Hors intersection,Normale,Trois véhicules et plus - en chaîne,1,3,4,0,1,1,1,0,1,130,3,3,2,0,0,1,51.0,26.0,voiture,utilitaire_camion,1,1,1,1,4
202400020388,2024-09-06 15:00:00,2024,9,6,15,0,75,75119,RUE PETIT,48.886242,2.391453,Plein jour,En agglomération,Hors intersection,Normale,Trois véhicules et plus - collisions multiples,4,1,1,0,1,1,1,0,1,30,3,3,2,0,0,1,47.0,22.0,deux_roues,voiture,1,2,1,1,5
202400020389,2024-05-25 16:40:00,2024,5,25,16,40,971,97101,RN11,16.27203,-61.51545,Plein jour,Hors agglomération,Hors intersection,Normale,Autre collision,2,1,2,0,1,1,1,0,1,110,2,3,1,0,0,2,,24.0,voiture,voiture,1,1,1,1,6
202400020390,2024-07-31 19:50:00,2024,7,31,19,50,94,94065,A86,48.75511112,2.34366638,Plein jour,Hors agglomération,Hors intersection,Normale,Deux véhicules - côté,2,3,6,0,1,1,1,0,1,90,2,2,1,0,0,1,31.0,37.0,deux_roues,voiture,1,1,1,1,3
202400020391,2024-09-06 00:05:00,2024,9,6,0,5,75,75119,AVENUE CORENTIN CARIOU,48.89513425,2.38274306,Nuit avec éclairage allumé,En agglomération,Intersection en X,Normale,Deux véhicules - arrière,4,-1,2,0,1,1,1,0,1,30,2,2,1,0,0,1,50.0,29.0,voiture,deux_roues,5,2,2,1,2
202400020391,2024-09-06 00:05:00,2024,9,6,0,5,75,75119,AVENUE CORENTIN CARIOU,48.89513425,2.38274306,Nuit avec éclairage allumé,En agglomération,Intersection en X,Normale,Deux véhicules - arrière,4,1, -1,-1,1,1,1,0,1,-1,2,2,1,0,0,1,50.0,29.0,voiture,deux_roues,5,2,2,1,2
202400020392,2024-07-31 17:00:00,2024,7,31,17,0,92,92002,AUTOROUTE A86,48.7604343,2.2880949,Plein jour,Hors agglomération,Hors intersection,Normale,Trois véhicules et plus - en chaîne,2,3,4,0,1,1,1,0,1,90,3,3,2,0,0,1,25.0,57.0,utilitaire_camion,voiture,1,1,1,1,4
202400020393,2024-05-25 15:10:00,2024,5,25,15,10,971,97101,RN11,16.2716,-61.54826,Plein jour,Hors agglomération,Hors intersection,Normale,Deux véhicules - arrière,2,1,2,0,2,2,1,2,1,90,2,5,1,0,0,4,57.0,24.0,voiture,voiture,1,1,1,1,2
202400020394,2024-09-06 18:30:00,2024,9,6,18,30,75,75118,RUE JOSEPH DE MAISTRE,48.886627,2.332601,Plein jour,En agglomération,Intersection à plus de 4 branches,Normale,Deux véhicules - côté,4,2, -1,-1,1,1,1,0,1,-1,2,2,1,0,0,1,56.0,,deux_roues,deux_roues,1,2,5,1,3
202400020394,2024-09-06 18:30:00,2024,9,6,18,30,75,75118,RUE JOSEPH DE MAISTRE,48.886627,2.332601,Plein jour,En agglomération,Intersection à plus de 4 branches,Normale,Deux véhicules - côté,4,2,5,0,2,1,1,0,1,30,2,2,1,0,0,1,56.0,,deux_roues,deux_roues,1,2,5,1,3
202400020395,2024-07-31 12:30:00,2024,7,31,12,30,91,91086,RN 104,48.6238,2.378,Plein jour,Hors agglomération,Hors intersection,Normale,Deux véhicules - arrière,2,3,2,0,1,1,1,0,1,110,2,2,1,0,0,1,45.0,35.0,voiture,voiture,1,1,1,1,2
202400020396,2024-05-25 11:50:00,2024,5,25,11,50,971,97120,DUPLESSIS,16.23744,-61.53642,Plein jour,En agglomération,Hors intersection,Normale,Autre collision,4,1,1,0,1,1,1,0,1,30,1,2,1,0,0,1,46.0,,utilitaire_camion,,1,2,1,1,6
202400020397,2024-07-31 13:59:00,2024,7,31,13,59,91,91340,AUTOROUTE A6,48.60449528,2.43670098,Plein jour,Hors agglomération,Hors intersection,Normale,Deux véhicules - frontale,1,3,7,0,1,1,1,0,1,110,1,3,0,0,0,3,45.0,,voiture,,1,1,1,1,1
202400020398,2024-09-06 02:50:00,2024,9,6,2,50,75,75118,RUE DAMREMONT,48.893646,2.336374,Nuit avec éclairage allumé,En agglomération,Intersection en X,Normale,Deux véhicules - côté,4,2,2,0,2,1,1,0,1,30,2,2,1,0,0,1,23.0,28.0,deux_roues,voiture,5,2,2,1,3
202400020398,2024-09-06 02:50:00,2024,9,6,2,50,75,75118,RUE DAMREMONT,48.893646,2.336374,Nuit avec éclairage allumé,En agglomération,Intersection en X,Normale,Deux véhicules - côté,4,2,2,0,1,1,1,0,1,30,2,2,1,0,0,1,23.0,28.0,deux_roues,voiture,5,2,2,1,3
202400020399,2024-05-26 07:00:00,2024,5,26,7,0,95,95572,EGUILLETTE (AVENUE DE L'),49.04920214,2.12736189,Plein jour,Hors agglomération,Giratoire,Pluie légère,Autre collision,4,2,2,0,1,2,2,5,4,50,1,1,0,0,0,1,48.0,,voiture,,1,1,6,2,6
202400020400,2024-07-30 17:40:00,2024,7,30,17,40,78,78124,SE A14,48.908607,2.190344,Plein jour,Hors agglomération,Hors intersection,Normale,Sans collision,1,1,3,0,1,1,1,2,2,90,1,1,0,0,0,1,47.0,,utilitaire_camion,,1,1,1,1,7
202400020401,2024-09-06 19:45:00,2024,9,6,19,45,75,75116,AVENUE VICTOR HUGO,48.871165,2.288844,Plein jour,En agglomération,Intersection en X,Normale,Deux véhicules - côté,4,2,4,0,1,1,1,0,1,50,2,2,1,0,0,1,24.0,52.0,deux_roues,voiture,1,2,2,1,3
202400020401,2024-09-06 19:45:00,2024,9,6,19,45,75,75116,AVENUE VICTOR HUGO,48.871165,2.288844,Plein jour,En agglomération,Intersection en X,Normale,Deux véhicules - côté,4,1,0,0,2,1,1,0,1,50,2,2,1,0,0,1,24.0,52.0,deux_roues,voiture,1,2,2,1,3
202400020402,2024-07-31 19:50:00,2024,7,31,19,50,93,93007,AUTOROUTE A1,48.95491941,2.45727922,Plein jour,Hors agglomération,Hors intersection,Normale,Deux véhicules - arrière,1,-1,2,0,1,1,1,0,1,50,2,2,1,0,0,1,47.0,26.0,voiture,voiture,1,1,1,1,2
202400020403,2024-05-26 18:55:00,2024,5,26,18,55,91,91064,MARTINIERE (RUE DE LA),48.7564,2.20978,Plein jour,En agglomération,Intersection en T,Normale,Deux véhicules - côté,4,2,2,0,2,1,1,0,1,50,2,3,2,0,1,0,39.0,29.0,voiture,voiture,1,2,3,1,3
202400020403,2024-05-26 18:55:00,2024,5,26,18,55,91,91064,MARTINIERE (RUE DE LA),48.7564,2.20978,Plein jour,En agglomération,Intersection en T,Normale,Deux véhicules - côté,4,2, -1,-1,-1,-1,1,-1,1,-1,2,3,2,0,1,0,39.0,29.0,voiture,voiture,1,2,3,1,3
202400020404,2024-09-06 12:00:00,2024,9,6,12,0,75,75116,BOULEVARD PERIPHERIQUE INTERIEUR OUEST,48.859377,2.262867,Plein jour,En agglomération,Hors intersection,Normale,Deux véhicules - arrière,4,3,8,0,1,1,1,0,1,70,2,2,1,0,0,1,29.0,54.0,voiture,voiture,1,2,1,1,2
202400020405,2024-07-31 18:30:00,2024,7,31,18,30,92,92036,AUTOROUTE A15,48.94497374,2.28487431,Plein jour,Hors agglomération,Hors intersection,Normale,Autre collision,1,3,4,0,1,1,1,0,1,90,2,2,1,0,0,1,62.0,38.0,utilitaire_camion,deux_roues,1,1,1,1,6
202400020406,2024-05-26 17:20:00,2024,5,26,17,20,88,88160,GRAVEURS (RUE DES),48.15895,6.44873,Plein jour,En agglomération,Hors intersection,Normale,Deux véhicules - côté,4,2,2,0,1,1,1,0,1,50,2,2,1,0,0,1,25.0,6.0,voiture,deux_roues,1,2,1,1,3
202400020407,2024-09-06 08:15:00,2024,9,6,8,15,75,75108,PLACE DE L ALMA,48.86473358,2.30136216,Plein jour,En agglomération,Place,Normale,Deux véhicules - côté,4,2,1,0,1,1,1,0,1,50,2,2,1,0,0,1,74.0,27.0,voiture,deux_roues,1,2,7,1,3
202400020407,2024-09-06 08:15:00,2024,9,6,8,15,75,75108,PLACE DE L ALMA,48.86473358,2.30136216,Plein jour,En agglomération,Place,Normale,Deux véhicules - côté,4,-1,1,0,1,1,1,0,1,50,2,2,1,0,0,1,74.0,27.0,voiture,deux_roues,1,2,7,1,3
202400020408,2024-07-31 09:00:00,2024,7,31,9,0,93,93013,AUTOROUTE A1,48.94076452,2.4258532,Plein jour,Hors agglomération,Hors intersection,Pluie légère,Trois véhicules et plus - en chaîne,1,3,4,0,2,1,2,0,1,90,3,3,2,0,0,1,59.0,31.0,voiture,utilitaire_camion,1,1,1,2,4
202400020409,2024-05-26 09:35:00,2024,5,26,9,35,81,81163,JUIN (MARECHAL),43.50176,2.38192,Plein jour,En agglomération,Hors intersection,Normale,Sans collision,3,2,3,0,1,1,1,0,1,50,2,3,2,0,0,1,58.0,52.0,voiture,deux_roues,1,2,1,1,7
202400020410,2024-07-31 18:10:00,2024,7,31,18,10,94,94069,A4,48.81730357,2.43236125,Plein jour,Hors agglomération,Hors intersection,Normale,Sans collision,1,3,5,0,1,1,1,0,1,90,1,1,0,0,0,1,47.0,,deux_roues,,1,1,1,1,7
202400020411,2024-05-26 23:30:00,2024,5,26,23,30,81,81004,RN88 OUEST,43.91517,2.15684,Nuit sans éclairage public,Hors agglomération,Hors intersection,Normale,Deux véhicules - côté,2,1,2,0,1,1,1,0,1,90,2,2,1,0,0,1,42.0,,voiture,autre,3,1,1,1,3
202400020412,2024-09-06 14:05:00,2024,9,6,14,5,75,75115,ESPLANADE HENRI DE FRANCE,48.83872337,2.2698918,Plein jour,En agglomération,Intersection en X,Normale,Deux véhicules - côté,4,1,3,0,1,1,1,0,1,50,2,4,3,0,0,1,80.0,74.0,voiture,voiture,1,2,2,1,3
202400020412,2024-09-06 14:05:00,2024,9,6,14,5,75,75115,ESPLANADE HENRI DE FRANCE,48.83872337,2.2698918,Plein jour,En agglomération,Intersection en X,Normale,Deux véhicules - côté,4,1,1,1,1,1,1,0,1,50,2,4,3,0,0,1,80.0,74.0,voiture,voiture,1,2,2,1,3
202400020413,2024-07-31 04:45:00,2024,7,31,4,45,94,94073,A86,48.75352251,2.37891488,Nuit avec éclairage non allumé,Hors agglomération,Hors intersection,Pluie légère,Trois véhicules et plus - en chaîne,1,1,3,0,1,1,2,0,1,90,4,4,3,0,0,1,23.0,48.0,voiture,voiture,4,1,1,2,4
202400020414,2024-05-26 18:00:00,2024,5,26,18,0,77,77111,AV HERGE,48.85915,2.77535,Plein jour,En agglomération,Intersection en X,Normale,Deux véhicules - côté,4,2,2,0,1,1,1,0,1,50,2,2,1,0,0,1,26.0,37.0,deux_roues,voiture,1,2,2,1,3
202400020414,2024-05-26 18:00:00,2024,5,26,18,0,77,77111,AV HERGE,48.85915,2.77535,Plein jour,En agglomération,Intersection en X,Normale,Deux véhicules - côté,4,2,2,0,1,1,1,8,1,50,2,2,1,0,0,1,26.0,37.0,deux_roues,voiture,1,2,2,1,3
202400020415,2024-09-06 12:50:00,2024,9,6,12,50,75,75109,RUE LA FAYETTE,48.876042,2.344634,Plein jour,En agglomération,Intersection en Y,Normale,Autre collision,4,1, -1,-1,1,1,1,0,1,-1,1,2,0,0,0,2,36.0,,deux_roues,,1,2,4,1,6
202400020415,2024-09-06 12:50:00,2024,9,6,12,50,75,75109,RUE LA FAYETTE,48.876042,2.344634,Plein jour,En agglomération,Intersection en Y,Normale,Autre collision,4,1,2,3,1,1,1,0,1,30,1,2,0,0,0,2,36.0,,deux_roues,,1,2,4,1,6
202400020416,2024-07-30 01:25:00,2024,7,30,1,25,77,77495,N105,48.568613,2.64196,Nuit sans éclairage public,Hors agglomération,Hors intersection,Normale,Sans collision,2,1,2,0,1,1,1,0,1,70,1,1,0,0,0,1,24.0,,deux_roues,,3,1,1,1,7
202400020417,2024-04-29 14:20:00,2024,4,29,14,20,50,50099,Rue des Fleurs,49.307427,-1.22063,Plein jour,En agglomération,Hors intersection,Normale,Deux véhicules - côté,4,2,2,0,2,1,1,0,1,50,2,2,1,0,0,1,67.0,15.0,voiture,deux_roues,1,2,1,1,3
202400020418,2024-09-04 17:40:00,2024,9,4,17,40,94,94081,Avenue du Moulin de Saquet,48.791118,2.381474,Plein jour,En agglomération,Intersection en T,Normale,Deux véhicules - côté,3,2,1,0,2,1,1,0,1,50,2,2,1,0,0,1,22.0,25.0,voiture,deux_roues,1,2,3,1,3
202400020418,2024-09-04 17:40:00,2024,9,4,17,40,94,94081,Avenue du Moulin de Saquet,48.791118,2.381474,Plein jour,En agglomération,Intersection en T,Normale,Deux véhicules - côté,3,2,2,0,1,1,1,0,1,50,2,2,1,0,0,1,22.0,25.0,voiture,deux_roues,1,2,3,1,3
202400020419,2024-07-30 06:45:00,2024,7,30,6,45,974,97416,AUBEPINES(ALLEE DES),-21.33477,55.48732,Plein jour,Hors agglomération,Autre intersection,Normale,Autre collision,4,2,1,0,2,3,1,0,1,50,1,1,0,0,1,0,23.0,,voiture,,1,1,9,1,6
202400020420,2024-05-25 22:50:00,2024,5,25,22,50,77,77186,D606,48.3689,2.797,Nuit sans éclairage public,Hors agglomération,Hors intersection,Normale,Deux véhicules - frontale,3,2,4,0,1,1,1,0,1,90,2,3,0,1,2,0,48.0,39.0,voiture,voiture,3,1,1,1,1
202400020421,2024-09-06 07:05:00,2024,9,6,7,5,94,94068,Rue Delerue,48.7956,2.49593,Crépuscule ou aube,En agglomération,Intersection en X,Normale,Deux véhicules - côté,4,1,1,0,1,1,1,0,1,30,2,2,1,0,0,1,29.0,46.0,voiture,voiture,2,2,2,1,3
202400020422,2024-05-26 11:00:00,2024,5,26,11,0,77,77070,D 934,48.79435,3.10734,Plein jour,Hors agglomération,Hors intersection,Normale,Deux véhicules - arrière,3,2,2,0,1,1,1,0,1,80,2,4,3,0,0,1,79.0,57.0,voiture,voiture,1,1,1,1,2
202400020423,2024-07-30 10:40:00,2024,7,30,10,40,974,97411,LITTORAL (ROUTE 1 DU),-20.87665,55.44241,Plein jour,Hors agglomération,Giratoire,Normale,Deux véhicules - côté,2,2,5,3,1,1,1,9,1,50,2,5,4,0,0,1,35.0,33.0,voiture,deux_roues,1,1,6,1,3
202400020423,2024-07-30 10:40:00,2024,7,30,10,40,974,97411,LITTORAL (ROUTE 1 DU),-20.87665,55.44241,Plein jour,Hors agglomération,Giratoire,Normale,Deux véhicules - côté,2,2,2,0,1,1,1,0,1,50,2,5,4,0,0,1,35.0,33.0,voiture,deux_roues,1,1,6,1,3
202400020424,2024-09-06 14:30:00,2024,9,6,14,30,94,94042,Avenue du President Kennedy,48.81422507,2.46254156,Plein jour,En agglomération,Intersection en X,Normale,Deux véhicules - frontale,3,1,6,1,2,2,1,0,1,30,2,2,1,0,1,0,34.0,39.0,deux_roues,utilitaire_camion,1,2,2,1,1
202400020424,2024-09-06 14:30:00,2024,9,6,14,30,94,94042,Avenue du President Kennedy,48.81422507,2.46254156,Plein jour,En agglomération,Intersection en X,Normale,Deux véhicules - frontale,3,2,6,1,2,2,1,0,1,30,2,2,1,0,1,0,34.0,39.0,deux_roues,utilitaire_camion,1,2,2,1,1
202400020425,2024-05-26 19:20:00,2024,5,26,19,20,69,69266,Rue de la Soie,45.76197,4.91713,Plein jour,En agglomération,Hors intersection,Normale,Deux véhicules - côté,4,2,2,0,1,1,1,0,1,50,2,2,1,0,0,1,38.0,,deux_roues,voiture,1,2,1,1,3
202400020426,2024-07-30 14:45:00,2024,7,30,14,45,973,97302,UNIVERSITE CHICAGO (RUE DE),4.93578617,-52.30288661,Plein jour,En agglomération,Hors intersection,Normale,Deux véhicules - arrière,4,2,2,0,1,1,1,0,1,30,2,2,1,0,0,1,21.0,45.0,deux_roues,voiture,1,2,1,1,2
202400020427,2024-09-06 12:00:00,2024,9,6,12,0,94,94052,Rue Hoche,48.83382173,2.49198054,Plein jour,En agglomération,Hors intersection,Normale,Deux véhicules - arrière,4,2,2,0,1,1,1,0,1,30,2,2,1,0,0,1,46.0,28.0,deux_roues,voiture,1,2,1,1,2
202400020428,2024-07-30 15:16:00,2024,7,30,15,16,69,69388,94 Boulevard des Etats-Unis,45.73087,4.86632,Plein jour,En agglomération,Hors intersection,Normale,Deux véhicules - arrière,4,1,3,3,1,1,1,0,1,50,2,2,1,0,1,0,46.0,23.0,voiture,deux_roues,1,2,1,1,2
202400020429,2024-05-26 13:50:00,2024,5,26,13,50,69,69256,Rue Cuzin,45.77461,4.91535,Plein jour,En agglomération,Intersection en T,Normale,Deux véhicules - côté,4,1,1,3,1,1,1,0,1,30,2,4,0,0,0,4,46.0,18.0,voiture,voiture,1,2,3,1,3
202400020429,2024-05-26 13:50:00,2024,5,26,13,50,69,69256,Rue Cuzin,45.77461,4.91535,Plein jour,En agglomération,Intersection en T,Normale,Deux véhicules - côté,4,2,2,0,1,1,1,0,1,30,2,4,0,0,0,4,46.0,18.0,voiture,voiture,1,2,3,1,3
202400020430,2024-09-06 17:30:00,2024,9,6,17,30,94,94041,Rue Lénine,48.81692,2.39578,Plein jour,En agglomération,Hors intersection,Normale,Autre collision,3,-1,0,0,1,1,1,6,4,10,1,2,1,0,0,1,,,deux_roues,,1,2,1,1,6
202400020431,2024-07-30 01:00:00,2024,7,30,1,0,69,69388,Rue Joseph Chapelle,45.73538691,4.86715421,Nuit avec éclairage allumé,En agglomération,Hors intersection,Normale,Autre collision,4,1,1,0,1,1,1,0,1,30,1,1,0,0,1,0,37.0,,deux_roues,,5,2,1,1,6
202400020432,2024-09-05 09:25:00,2024,9,5,9,25,94,94077,Cours de Verdun,48.73704,2.40714,Plein jour,En agglomération,Hors intersection,Pluie légère,Autre collision,3,2,2,0,2,1,2,0,1,50,1,1,0,0,0,1,44.0,,voiture,,1,2,1,2,6
202400020433,2024-05-26 17:24:00,2024,5,26,17,24,66,66136,DESPRES (HIPPOLYTE),42.70973,2.89049,Plein jour,En agglomération,Intersection en T,Temps couvert,Deux véhicules - côté,4,2,2,0,1,1,1,0,1,30,2,2,1,0,0,1,31.0,22.0,voiture,deux_roues,1,2,3,8,3
202400020433,2024-05-26 17:24:00,2024,5,26,17,24,66,66136,DESPRES (HIPPOLYTE),42.70973,2.89049,Plein jour,En agglomération,Intersection en T,Temps couvert,Deux véhicules - côté,4,2,2,0,1,1,1,0,1,30,2,2,1,0,0,1,31.0,22.0,voiture,deux_roues,1,2,3,8,3
202400020434,2024-07-30 17:55:00,2024,7,30,17,55,69,69382,Quai Perrache,45.73633,4.81986,Plein jour,En agglomération,Intersection en T,Normale,Deux véhicules - côté,4,1,2,0,1,1,1,0,1,-1,2,2,1,0,0,1,31.0,45.0,deux_roues,utilitaire_camion,1,2,3,1,3
202400020434,2024-07-30 17:55:00,2024,7,30,17,55,69,69382,Quai Perrache,45.73633,4.81986,Plein jour,En agglomération,Intersection en T,Normale,Deux véhicules - côté,4,2,2,0,1,1,1,0,1,50,2,2,1,0,0,1,31.0,45.0,deux_roues,utilitaire_camion,1,2,3,1,3
202400020435,2024-09-06 09:40:00,2024,9,6,9,40,94,94018,Rue de Conflans,48.82142,2.41313,Plein jour,En agglomération,Intersection en T,Normale,Deux véhicules - frontale,4,1,4,0,1,1,1,0,1,30,2,2,1,0,0,1,53.0,68.0,utilitaire_camion,voiture,1,2,3,1,1
202400020435,2024-09-06 09:40:00,2024,9,6,9,40,94,94018,Rue de Conflans,48.82142,2.41313,Plein jour,En agglomération,Intersection en T,Normale,Deux véhicules - frontale,4,2,5,0,3,1,1,0,1,30,2,2,1,0,0,1,53.0,68.0,utilitaire_camion,voiture,1,2,3,1,1
202400020436,2024-07-30 17:50:00,2024,7,30,17,50,95,95585,D125,48.9910101,2.3737823,Plein jour,En agglomération,Hors intersection,Normale,Autre collision,3,2,3,0,1,1,1,0,1,50,1,2,1,0,0,1,77.0,,utilitaire_camion,,1,2,1,1,6
202400020437,2024-05-26 16:25:00,2024,5,26,16,25,64,64284,RAUSKI,43.2592,-0.39068,Plein jour,En agglomération,Hors intersection,Normale,Deux véhicules - frontale,2,2,2,0,1,1,1,0,1,50,2,3,2,0,0,1,28.0,51.0,voiture,voiture,1,2,1,1,1
202400020438,2024-07-30 19:45:00,2024,7,30,19,45,91,91286,PLESSIS (CHEMIN DU),48.65165,2.38406,Plein jour,En agglomération,Autre intersection,Normale,Deux véhicules - côté,4,2,2,3,1,1,1,4,6,50,2,2,0,0,0,2,27.0,37.0,transport_commun,voiture,1,2,9,1,3
202400020439,2024-09-06 16:35:00,2024,9,6,16,35,94,94079,Chemin des Lyonnes,48.8197,2.54867,Plein jour,En agglomération,Hors intersection,Normale,Deux véhicules - frontale,4,2,2,0,1,2,1,0,1,30,2,3,2,0,0,1,25.0,35.0,utilitaire_camion,voiture,1,2,1,1,1
202400020440,2024-07-30 11:28:00,2024,7,30,11,28,87,87085,KING (AVENUE MARTIN LUTHER),45.81486,1.23205,Plein jour,En agglomération,Hors intersection,Normale,Sans collision,4,2,2,0,1,2,1,0,1,50,1,1,0,0,0,1,30.0,,deux_roues,,1,2,1,1,7
202400020441,2024-05-26 18:40:00,2024,5,26,18,40,63,63113,rue des Liondards / Av Léon Blum,45.76666,3.09592,Plein jour,En agglomération,Intersection en X,Normale,Deux véhicules - arrière,4,2,2,0,1,1,1,0,1,50,2,2,1,0,0,1,58.0,26.0,voiture,deux_roues,1,2,2,1,2
202400020441,2024-05-26 18:40:00,2024,5,26,18,40,63,63113,rue des Liondards / Av Léon Blum,45.76666,3.09592,Plein jour,En agglomération,Intersection en X,Normale,Deux véhicules - arrière,4,2,#VALEURMULTI,0,1,1,1,0,1,30,2,2,1,0,0,1,58.0,26.0,voiture,deux_roues,1,2,2,1,2
202400020442,2024-07-26 11:39:00,2024,7,26,11,39,87,87085,BELLAC (RUE DE),45.84966,1.245,Plein jour,En agglomération,Intersection en T,Normale,Deux véhicules - côté,3,2,2,0,1,1,1,0,1,50,2,2,1,0,0,1,,29.0,voiture,deux_roues,1,2,3,1,3
202400020442,2024-07-26 11:39:00,2024,7,26,11,39,87,87085,BELLAC (RUE DE),45.84966,1.245,Plein jour,En agglomération,Intersection en T,Normale,Deux véhicules - côté,3,2,2,0,1,1,1,0,1,50,2,2,1,0,0,1,,29.0,voiture,deux_roues,1,2,3,1,3
202400020443,2024-09-05 21:50:00,2024,9,5,21,50,93,93073,Circuit 1,49.00558591,2.53537059,Nuit avec éclairage allumé,Hors agglomération,Hors intersection,Normale,Trois véhicules et plus - collisions multiples,9,1,4,0,1,1,1,0,1,90,3,3,1,1,0,1,50.0,53.0,utilitaire_camion,voiture,5,1,1,1,5
202400020444,2024-09-06 07:00:00,2024,9,6,7,0,93,93072,MAXIME GORKI (BOULEVARD) DES N°1 AU 87,48.94456,2.38695,Plein jour,En agglomération,Autre intersection,Normale,Autre collision,3,1,0,3,1,1,1,0,1,50,1,1,0,0,0,1,61.0,,deux_roues,,1,2,9,1,6
202400020445,2024-05-26 02:57:00,2024,5,26,2,57,59,59421,MARNE (BOULEVARD DE LA),50.69262,3.13134,Nuit avec éclairage allumé,En agglomération,Intersection en X,Normale,Deux véhicules - côté,7,1,1,0,1,1,1,5,1,50,2,2,1,0,0,1,18.0,,voiture,autre,5,2,2,1,3
202400020445,2024-05-26 02:57:00,2024,5,26,2,57,59,59421,MARNE (BOULEVARD DE LA),50.69262,3.13134,Nuit avec éclairage allumé,En agglomération,Intersection en X,Normale,Deux véhicules - côté,7,2,2,0,1,1,1,5,1,50,2,2,1,0,0,1,18.0,,voiture,autre,5,2,2,1,3
202400020446,2024-07-30 11:30:00,2024,7,30,11,30,83,83137,LECLERC (AVE GENERAL),43.12589,5.92767,Plein jour,En agglomération,Intersection en T,Normale,Sans collision,4,2,6,3,1,1,1,0,1,50,2,4,2,0,0,2,,50.0,voiture,transport_commun,1,2,3,1,7