accident_id,datetime,annee,mois,jour,heure,minute,departement,commune_insee,adresse,latitude,longitude,luminosite,agglomeration,intersection,meteo,collision,catr,circ,nbv,vosp,prof,plan,surf,infra,situ,vma,nb_vehicules,nb_usagers,nb_indemnes,nb_tues,nb_blesses_hosp,nb_blesses_legers,age_cond_1,age_cond_2,veh_type_cond_1,veh_type_cond_2,lum_code,agg_code,int_code,atm_code,col_code
202400020446,2024-07-30 11:30:00,2024,7,30,11,30,83,83137,LECLERC (AVE GENERAL),43.12589,5.92767,Plein jour,En agglomération,Intersection en T,Normale,Sans collision,4,1, -1,-1,1,1,1,0,1,-1,2,4,2,0,0,2,,50.0,voiture,transport_commun,1,2,3,1,7
202400020447,2024-09-06 12:25:00,2024,9,6,12,25,93,93066,LIBERATION RD14 (BOULEVARD),48.92804247,2.34132533,Plein jour,En agglomération,Hors intersection,Normale,Deux véhicules - côté,3,2,3,0,1,1,1,0,1,50,2,2,1,0,1,0,58.0,20.0,deux_roues,voiture,1,2,1,1,3
202400020448,2024-07-25 07:45:00,2024,7,25,7,45,83,83123,BANDOL (ROUTE)N° IMPAIRS,43.13601,5.77761,Plein jour,Hors agglomération,Hors intersection,Normale,Autre collision,3,2,2,0,1,1,1,0,1,50,2,2,1,0,0,1,46.0,46.0,utilitaire_camion,deux_roues,1,1,1,1,6
202400020449,2024-05-26 19:35:00,2024,5,26,19,35,57,57463,CASTELNAU (RUE ),49.09322,6.17505,Plein jour,En agglomération,Intersection en X,Normale,Deux véhicules - côté,4,2,2,0,1,1,1,0,1,50,2,2,1,0,1,0,42.0,20.0,deux_roues,voiture,1,2,2,1,3
202400020449,2024-05-26 19:35:00,2024,5,26,19,35,57,57463,CASTELNAU (RUE ),49.09322,6.17505,Plein jour,En agglomération,Intersection en X,Normale,Deux véhicules - côté,4,2,2,0,2,1,1,5,1,50,2,2,1,0,1,0,42.0,20.0,deux_roues,voiture,1,2,2,1,3
202400020450,2024-09-06 10:10:00,2024,9,6,10,10,93,93046,Boulevard Gutenberg / Avenue Vauban,48.91300883,2.51840312,Plein jour,En agglomération,Intersection en X,Normale,Deux véhicules - côté,4,2,2,0,1,1,1,0,1,50,2,2,1,0,0,1,37.0,61.0,voiture,utilitaire_camion,1,2,2,1,3
202400020451,2024-07-28 12:35:00,2024,7,28,12,35,83,83061,N7,43.51389,6.82684,Plein jour,Hors agglomération,Hors intersection,Normale,Deux véhicules - arrière,3,2,2,0,2,2,1,0,1,80,2,2,0,0,2,0,34.0,61.0,deux_roues,deux_roues,1,1,1,1,2
202400020452,2024-05-25 16:45:00,2024,5,25,16,45,47,47323,GENERAL DE GAULLE (AVENUE DU),44.42093446,0.72101963,Plein jour,En agglomération,Intersection en Y,Normale,Sans collision,3,2,2,0,1,1,1,0,1,50,2,2,1,0,1,0,21.0,36.0,deux_roues,voiture,1,2,4,1,7
202400020452,2024-05-25 16:45:00,2024,5,25,16,45,47,47323,GENERAL DE GAULLE (AVENUE DU),44.42093446,0.72101963,Plein jour,En agglomération,Intersection en Y,Normale,Sans collision,3,2,2,0,1,1,1,0,1,50,2,2,1,0,1,0,21.0,36.0,deux_roues,voiture,1,2,4,1,7
202400020453,2024-07-30 09:35:00,2024,7,30,9,35,82,82033,,44.03903934,1.10837817,Plein jour,En agglomération,Intersection en T,Normale,Autre collision,4,1,1,0,1,1,1,0,1,30,1,2,1,0,0,1,29.0,,utilitaire_camion,,1,2,3,1,6
202400020453,2024-07-30 09:35:00,2024,7,30,9,35,82,82033,,44.03903934,1.10837817,Plein jour,En agglomération,Intersection en T,Normale,Autre collision,4,1,1,0,1,1,1,0,4,30,1,2,1,0,0,1,29.0,,utilitaire_camion,,1,2,3,1,6
202400020454,2024-09-05 21:20:00,2024,9,5,21,20,93,93062,COTEAUX (ALLEE DES) 28 - FIN,48.89958,2.5236,Nuit avec éclairage allumé,En agglomération,Intersection en X,Normale,Deux véhicules - côté,4,2,2,0,1,4,1,0,1,50,2,4,2,0,0,2,18.0,19.0,voiture,voiture,5,2,2,1,3
202400020454,2024-09-05 21:20:00,2024,9,5,21,20,93,93062,COTEAUX (ALLEE DES) 28 - FIN,48.89958,2.5236,Nuit avec éclairage allumé,En agglomération,Intersection en X,Normale,Deux véhicules - côté,4,2,2,0,2,1,1,0,1,50,2,4,2,0,0,2,18.0,19.0,voiture,voiture,5,2,2,1,3
202400020455,2024-04-03 13:10:00,2024,4,3,13,10,42,42218,Rue de la Valse,45.43869189,4.40193856,Nuit avec éclairage non allumé,En agglomération,Intersection en X,Normale,Deux véhicules - côté,4,2,2,0,4,1,1,0,1,50,2,2,1,0,1,0,27.0,57.0,voiture,deux_roues,4,2,2,1,3
202400020455,2024-04-03 13:10:00,2024,4,3,13,10,42,42218,Rue de la Valse,45.43869189,4.40193856,Nuit avec éclairage non allumé,En agglomération,Intersection en X,Normale,Deux véhicules - côté,4,1,2,0,2,1,1,0,1,50,2,2,1,0,1,0,27.0,57.0,voiture,deux_roues,4,2,2,1,3
202400020456,2024-07-30 23:30:00,2024,7,30,23,30,78,78423,PRES (AVENUE DES),48.77763,2.01833,Nuit avec éclairage allumé,En agglomération,Hors intersection,Pluie légère,Autre collision,4,1,2,0,1,3,2,0,3,50,1,4,1,0,1,2,19.0,,voiture,,5,2,1,2,6
202400020457,2024-09-06 09:10:00,2024,9,6,9,10,93,93051,Rue Jean Richepin / Rue Galilée,48.84454,2.54693,Plein jour,En agglomération,Intersection en T,Normale,Autre collision,4,2,2,0,1,1,1,0,1,50,1,2,1,0,0,1,50.0,,voiture,,1,2,3,1,6
202400020458,2024-05-25 14:40:00,2024,5,25,14,40,38,38185,PLACE VICTOR HUGO,45.18966,5.72474,Plein jour,En agglomération,Intersection en X,Normale,Deux véhicules - côté,4,2,2,0,1,1,1,9,6,30,2,2,1,0,0,1,39.0,78.0,deux_roues,deux_roues,1,2,2,1,3
202400020458,2024-05-25 14:40:00,2024,5,25,14,40,38,38185,PLACE VICTOR HUGO,45.18966,5.72474,Plein jour,En agglomération,Intersection en X,Normale,Deux véhicules - côté,4,2,3,0,1,1,1,9,6,30,2,2,1,0,0,1,39.0,78.0,deux_roues,deux_roues,1,2,2,1,3
202400020459,2024-07-30 10:45:00,2024,7,30,10,45,78,78208,VILLEDIEU (AVENUE DE LA) 210,48.77004,1.9682,Plein jour,En agglomération,Hors intersection,Normale,Autre collision,4,3,1,0,1,1,1,0,4,50,1,1,0,0,0,1,58.0,,voiture,,1,2,1,1,6
202400020460,2024-09-06 13:35:00,2024,9,6,13,35,93,93046,MARX DORMOY BOULEVARD,48.90648588,2.52406273,Plein jour,En agglomération,Hors intersection,Normale,Deux véhicules - arrière,3,2,2,0,1,1,1,0,1,50,2,3,2,0,0,1,45.0,39.0,utilitaire_camion,voiture,1,2,1,1,2
202400020461,2024-05-21 12:30:00,2024,5,21,12,30,38,38185,Place Saint Bruno,45.18767,5.71373,Plein jour,En agglomération,Hors intersection,Normale,Autre collision,4,1,1,0,1,1,1,0,1,30,1,2,1,0,1,0,,,voiture,,1,2,1,1,6
202400020462,2024-09-06 16:35:00,2024,9,6,16,35,93,93029,HENRI BARBUSSE (AVE) N°2-124,48.91809,2.44784,Plein jour,En agglomération,Hors intersection,Normale,Deux véhicules - arrière,3,2,2,0,1,1,1,0,1,50,2,2,1,0,1,0,26.0,26.0,voiture,deux_roues,1,2,1,1,2
202400020463,2024-05-26 13:45:00,2024,5,26,13,45,35,35281,BLUM (MAIL LEON),48.07843,-1.71576,Plein jour,En agglomération,Intersection en X,Normale,Deux véhicules - côté,4,2,2,0,1,1,1,0,1,30,2,2,1,0,0,1,27.0,56.0,voiture,voiture,1,2,2,1,3
202400020463,2024-05-26 13:45:00,2024,5,26,13,45,35,35281,BLUM (MAIL LEON),48.07843,-1.71576,Plein jour,En agglomération,Intersection en X,Normale,Deux véhicules - côté,4,2,2,0,1,1,1,0,1,30,2,2,1,0,0,1,27.0,56.0,voiture,voiture,1,2,2,1,3
202400020464,2024-09-06 15:15:00,2024,9,6,15,15,93,93029,SEDOV,48.92205,2.42083,Plein jour,En agglomération,Intersection en T,Normale,Deux véhicules - côté,4,1,1,0,1,1,1,0,1,50,2,2,1,0,1,0,26.0,54.0,utilitaire_camion,voiture,1,2,3,1,3
202400020464,2024-09-06 15:15:00,2024,9,6,15,15,93,93029,SEDOV,48.92205,2.42083,Plein jour,En agglomération,Intersection en T,Normale,Deux véhicules - côté,4,2,2,0,1,1,1,0,1,50,2,2,1,0,1,0,26.0,54.0,utilitaire_camion,voiture,1,2,3,1,3
202400020465,2024-05-25 20:10:00,2024,5,25,20,10,34,34301,MOULIN JEAN (RUE),43.410011,3.688292,Plein jour,En agglomération,Intersection en T,Normale,Deux véhicules - côté,4,1,0,0,1,1,1,0,1,50,2,2,1,0,0,1,23.0,38.0,voiture,voiture,1,2,3,1,3
202400020465,2024-05-25 20:10:00,2024,5,25,20,10,34,34301,MOULIN JEAN (RUE),43.410011,3.688292,Plein jour,En agglomération,Intersection en T,Normale,Deux véhicules - côté,4,2,1,0,1,1,1,0,1,50,2,2,1,0,0,1,23.0,38.0,voiture,voiture,1,2,3,1,3
202400020466,2024-09-06 09:20:00,2024,9,6,9,20,93,93029,Rue Anatole France,48.93366,2.4557,Plein jour,En agglomération,Hors intersection,Normale,Deux véhicules - côté,4,2,2,0,1,1,1,0,1,50,2,2,1,0,0,1,16.0,,deux_roues,voiture,1,2,1,1,3
202400020467,2024-07-30 16:45:00,2024,7,30,16,45,77,77306,D.471,48.58635,2.686424,Plein jour,Hors agglomération,Hors intersection,Normale,Deux véhicules - frontale,3,2,2,0,1,1,1,2,1,70,2,2,1,0,1,0,37.0,58.0,voiture,utilitaire_camion,1,1,1,1,1
202400020468,2024-05-12 20:10:00,2024,5,12,20,10,34,34301,BLANC CAMILLE (BOULEVARD),43.40938,3.67307,Plein jour,En agglomération,Intersection en T,Normale,Deux véhicules - côté,4,2,2,0,1,1,1,0,1,50,2,2,1,0,0,1,28.0,18.0,voiture,deux_roues,1,2,3,1,3
202400020468,2024-05-12 20:10:00,2024,5,12,20,10,34,34301,BLANC CAMILLE (BOULEVARD),43.40938,3.67307,Plein jour,En agglomération,Intersection en T,Normale,Deux véhicules - côté,4,2,2,0,1,1,1,0,1,50,2,2,1,0,0,1,28.0,18.0,voiture,deux_roues,1,2,3,1,3
202400020469,2024-05-26 08:10:00,2024,5,26,8,10,34,34301,EUZET HONORE (RUE),43.40468,3.70051,Plein jour,En agglomération,Hors intersection,Normale,Autre collision,4,1,2,0,1,1,1,0,1,30,1,2,1,0,0,1,56.0,,deux_roues,,1,2,1,1,6
202400020470,2024-07-30 07:50:00,2024,7,30,7,50,77,77053,RD 216,48.70408,2.62671,Plein jour,Hors agglomération,Hors intersection,Normale,Autre collision,3,2,2,0,1,1,1,0,1,70,3,3,2,0,1,0,55.0,26.0,voiture,voiture,1,1,1,1,6
202400020471,2024-05-25 17:00:00,2024,5,25,17,0,33,33063,,44.82828,-0.54019,Plein jour,En agglomération,Intersection en T,Normale,Deux véhicules - côté,4,2,2,0,1,1,1,5,1,50,2,2,1,0,0,1,39.0,21.0,voiture,deux_roues,1,2,3,1,3
202400020471,2024-05-25 17:00:00,2024,5,25,17,0,33,33063,,44.82828,-0.54019,Plein jour,En agglomération,Intersection en T,Normale,Deux véhicules - côté,4,2,4,1,1,1,1,5,1,50,2,2,1,0,0,1,39.0,21.0,voiture,deux_roues,1,2,3,1,3
202400020472,2024-07-30 13:40:00,2024,7,30,13,40,77,77475,RN 3,48.958167,2.962517,Plein jour,En agglomération,Hors intersection,Normale,Deux véhicules - arrière,3,2,4,0,1,1,1,0,1,50,2,3,2,0,0,1,67.0,89.0,voiture,voiture,1,2,1,1,2
202400020473,2024-05-25 17:55:00,2024,5,25,17,55,29,29232,Boulevard de Creac'h Gwen,47.975301,-4.097768,Plein jour,En agglomération,Hors intersection,Normale,Sans collision,4,-1,2,0,2,1,1,0,1,50,1,1,0,0,0,1,14.0,,deux_roues,,1,2,1,1,7
202400020474,2024-07-30 19:10:00,2024,7,30,19,10,76,76681,Rue de Paris,49.417541,1.095406,Plein jour,En agglomération,Intersection en X,Normale,Deux véhicules - frontale,4,2,2,0,1,1,1,-1,1,30,2,4,3,0,0,1,20.0,44.0,voiture,deux_roues,1,2,2,1,1
202400020474,2024-07-30 19:10:00,2024,7,30,19,10,76,76681,Rue de Paris,49.417541,1.095406,Plein jour,En agglomération,Intersection en X,Normale,Deux véhicules - frontale,4,2,2,0,1,1,1,0,1,30,2,4,3,0,0,1,20.0,44.0,voiture,deux_roues,1,2,2,1,1
202400020475,2024-05-24 19:10:00,2024,5,24,19,10,29,29151,Rue de Brest,48.57096951,-3.83786291,Plein jour,En agglomération,Intersection en T,Normale,Deux véhicules - côté,4,3,2,0,1,1,1,5,1,50,2,2,1,0,0,1,33.0,88.0,deux_roues,voiture,1,2,3,1,3
202400020475,2024-05-24 19:10:00,2024,5,24,19,10,29,29151,Rue de Brest,48.57096951,-3.83786291,Plein jour,En agglomération,Intersection en T,Normale,Deux véhicules - côté,4,3,2,0,2,1,1,0,1,50,2,2,1,0,0,1,33.0,88.0,deux_roues,voiture,1,2,3,1,3
202400020476,2024-07-28 20:25:00,2024,7,28,20,25,76,76447,MARECHAL FOCH,49.53855,0.18658,Plein jour,En agglomération,Hors intersection,Normale,Autre collision,4,2,2,0,1,3,1,0,1,50,1,1,0,0,1,0,33.0,,deux_roues,,1,2,1,1,6
202400020477,2024-07-30 04:50:00,2024,7,30,4,50,73,73065,D211 MONTAGNY (RUE DE),45.59902,5.92487,Nuit sans éclairage public,Hors agglomération,Hors intersection,Normale,Autre collision,3,2,2,0,2,3,1,0,3,80,1,2,1,0,0,1,23.0,,voiture,,3,1,1,1,6
202400020478,2024-05-26 20:55:00,2024,5,26,20,55,22,22278,PORT-FAVIGO (DU),48.51881,-2.75858,Plein jour,En agglomération,Intersection à plus de 4 branches,Normale,Autre collision,4,2, -1,-1,1,1,1,0,1,-1,1,2,1,0,0,1,65.0,,voiture,,1,2,5,1,6
202400020478,2024-05-26 20:55:00,2024,5,26,20,55,22,22278,PORT-FAVIGO (DU),48.51881,-2.75858,Plein jour,En agglomération,Intersection à plus de 4 branches,Normale,Autre collision,4,2,2,0,1,1,1,0,1,30,1,2,1,0,0,1,65.0,,voiture,,1,2,5,1,6
202400020479,2024-07-29 15:54:00,2024,7,29,15,54,72,72181,MESSIAEN OLIVIER (AV) PAIRS,48.01546,0.15577,Plein jour,En agglomération,Autre intersection,Normale,Deux véhicules - côté,3,2,1,3,1,1,1,4,1,50,2,2,1,0,0,1,43.0,54.0,voiture,transport_commun,1,2,9,1,3
202400020480,2024-05-21 12:03:00,2024,5,21,12,3,22,22113,RESISTANCE (AVENUE DE LA),48.73711,-3.46807,Plein jour,En agglomération,Hors intersection,Normale,Deux véhicules - arrière,4,2,2,0,2,1,1,0,1,50,2,3,2,0,0,1,81.0,73.0,voiture,voiture,1,2,1,1,2
202400020481,2024-07-30 07:40:00,2024,7,30,7,40,71,71475,AUGUSTE MARTIN (RUE),46.77205,4.8325,Crépuscule ou aube,En agglomération,Hors intersection,Normale,Autre collision,4,-1, -1,0,1,1,1,0,1,50,1,1,0,0,0,1,24.0,,voiture,,2,2,1,1,6
202400020482,2024-05-26 16:33:00,2024,5,26,16,33,16,16358,,45.6737,0.14439,Plein jour,Hors agglomération,Hors intersection,Normale,Autre collision,2,2,1,0,2,3,1,3,1,70,1,2,0,0,0,2,46.0,,voiture,,1,1,1,1,6
202400020483,2024-05-25 17:25:00,2024,5,25,17,25,13,13117,SALYENS ( AVENUE DES ),43.44194,5.25296,Plein jour,En agglomération,Hors intersection,Normale,Deux véhicules - frontale,4,2,2,0,1,1,1,0,1,50,1,2,1,0,1,0,25.0,,voiture,,1,2,1,1,1
202400020484,2024-07-15 23:05:00,2024,7,15,23,5,69,69266,Rue Anatole France,45.76789,4.87799,Nuit avec éclairage allumé,En agglomération,Intersection en X,Normale,Deux véhicules - côté,4,1,2,2,1,1,1,0,1,30,2,4,2,0,0,2,28.0,29.0,deux_roues,voiture,5,2,2,1,3
202400020484,2024-07-15 23:05:00,2024,7,15,23,5,69,69266,Rue Anatole France,45.76789,4.87799,Nuit avec éclairage allumé,En agglomération,Intersection en X,Normale,Deux véhicules - côté,4,1,1,2,1,1,1,0,1,30,2,4,2,0,0,2,28.0,29.0,deux_roues,voiture,5,2,2,1,3
202400020485,2024-07-29 18:45:00,2024,7,29,18,45,69,69290,Place de l'Hôtel de Ville Charles Ottina,45.69443,4.93696,Plein jour,En agglomération,Hors intersection,Normale,Deux véhicules - arrière,4,2,2,0,1,1,1,0,1,50,2,2,1,0,0,1,,15.0,autre,autre,1,2,1,1,2
202400020486,2024-05-25 07:40:00,2024,5,25,7,40,13,13043,MEDITERRANEE (AV DE LA ),43.38509249,5.21722108,Plein jour,En agglomération,Intersection en T,Normale,Deux véhicules - côté,4,2,2,0,1,1,1,0,1,50,2,2,1,0,0,1,29.0,26.0,deux_roues,voiture,1,2,3,1,3
202400020486,2024-05-25 07:40:00,2024,5,25,7,40,13,13043,MEDITERRANEE (AV DE LA ),43.38509249,5.21722108,Plein jour,En agglomération,Intersection en T,Normale,Deux véhicules - côté,4,2,2,0,1,1,1,0,1,50,2,2,1,0,0,1,29.0,26.0,deux_roues,voiture,1,2,3,1,3
202400020487,2024-07-29 16:30:00,2024,7,29,16,30,67,67267,MARECHAL FOCH (RUE DU),48.55651,7.68123,Plein jour,En agglomération,Hors intersection,Normale,Deux véhicules - côté,7,2,2,0,1,1,1,0,1,50,2,2,1,0,0,1,54.0,23.0,voiture,deux_roues,1,2,1,1,3
202400020488,2024-05-25 21:30:00,2024,5,25,21,30,13,13103,CHEMIN DES CARDELINES,43.62258,5.08821,Nuit avec éclairage allumé,En agglomération,Hors intersection,Normale,Deux véhicules - frontale,6,-1,2,0,1,1,1,0,1,30,1,2,1,0,0,1,23.0,,voiture,,5,2,1,1,1
202400020489,2024-05-25 16:40:00,2024,5,25,16,40,13,13047,RN 569,43.54216,4.95631,Plein jour,Hors agglomération,Hors intersection,Normale,Deux véhicules - frontale,2,2,2,0,1,1,1,0,1,80,2,2,1,0,1,0,82.0,54.0,voiture,utilitaire_camion,1,1,1,1,1
202400020490,2024-07-29 07:40:00,2024,7,29,7,40,67,67204,FONTAINE (RUE DE LA),48.62371,7.75408,Plein jour,En agglomération,Intersection en T,Normale,Deux véhicules - frontale,7,2,2,0,1,1,1,0,1,50,2,2,1,0,0,1,19.0,62.0,deux_roues,voiture,1,2,3,1,1
202400020490,2024-07-29 07:40:00,2024,7,29,7,40,67,67204,FONTAINE (RUE DE LA),48.62371,7.75408,Plein jour,En agglomération,Intersection en T,Normale,Deux véhicules - frontale,7,2,2,0,1,1,1,0,1,50,2,2,1,0,0,1,19.0,62.0,deux_roues,voiture,1,2,3,1,1
202400020491,2024-07-29 21:40:00,2024,7,29,21,40,64,64545,RD810,43.36185,-1.70539,Crépuscule ou aube,En agglomération,Intersection en Y,Temps couvert,Deux véhicules - frontale,3,-1,2,0,2,4,1,5,1,50,2,3,1,0,0,2,21.0,75.0,voiture,voiture,2,2,4,8,1
202400020491,2024-07-29 21:40:00,2024,7,29,21,40,64,64545,RD810,43.36185,-1.70539,Crépuscule ou aube,En agglomération,Intersection en Y,Temps couvert,Deux véhicules - frontale,3,3,3,0,2,2,1,5,1,50,2,3,1,0,0,2,21.0,75.0,voiture,voiture,2,2,4,8,1
202400020492,2024-05-26 18:30:00,2024,5,26,18,30,13,13001,FERRINI FORTUNE (AV),43.4946,5.43286,Plein jour,Hors agglomération,Autre intersection,Normale,Trois véhicules et plus - collisions multiples,3,2,2,0,2,2,1,0,1,80,3,4,3,0,0,1,39.0,57.0,utilitaire_camion,utilitaire_camion,1,1,9,1,5
202400020493,2024-07-30 00:06:00,2024,7,30,0,6,64,64445,CARREROT,43.29836,-0.36255,Nuit avec éclairage allumé,En agglomération,Intersection en T,Normale,Deux véhicules - côté,4,1,1,0,1,1,1,6,1,50,2,2,1,0,0,1,63.0,23.0,deux_roues,voiture,5,2,3,1,3
202400020493,2024-07-30 00:06:00,2024,7,30,0,6,64,64445,CARREROT,43.29836,-0.36255,Nuit avec éclairage allumé,En agglomération,Intersection en T,Normale,Deux véhicules - côté,4,1,1,1,1,1,1,0,1,50,2,2,1,0,0,1,63.0,23.0,deux_roues,voiture,5,2,3,1,3
202400020494,2024-05-25 17:25:00,2024,5,25,17,25,75,75115,BD PERIPHERIQUE EXTERIEUR,48.826376,2.297013,Plein jour,En agglomération,Hors intersection,Normale,Trois véhicules et plus - en chaîne,4,1,4,0,1,1,1,0,1,70,4,4,2,0,0,2,22.0,30.0,voiture,voiture,1,2,1,1,4
202400020495,2024-07-29 18:01:00,2024,7,29,18,1,64,64024,PLAGES (BOULEVARD DES),43.50959,-1.52939,Plein jour,En agglomération,Intersection en T,Normale,Deux véhicules - côté,4,2,2,0,1,1,1,0,1,50,2,2,1,0,0,1,16.0,57.0,deux_roues,transport_commun,1,2,3,1,3
202400020495,2024-07-29 18:01:00,2024,7,29,18,1,64,64024,PLAGES (BOULEVARD DES),43.50959,-1.52939,Plein jour,En agglomération,Intersection en T,Normale,Deux véhicules - côté,4,2,2,1,1,1,1,0,1,50,2,2,1,0,0,1,16.0,57.0,deux_roues,transport_commun,1,2,3,1,3
202400020496,2024-07-29 07:40:00,2024,7,29,7,40,62,62510,Rue Albert Samain,50.42563,2.76976,Plein jour,En agglomération,Hors intersection,Normale,Autre collision,4,1,1,0,1,1,1,8,1,30,1,2,1,1,0,0,34.0,,utilitaire_camion,,1,2,1,1,6
202400020497,2024-05-25 09:20:00,2024,5,25,9,20,75,75113,RUE PRIMATICE,48.833235,2.35554,Plein jour,En agglomération,Intersection en X,Normale,Autre collision,4,1, -1,-1,1,1,1,0,1,30,1,4,2,0,0,2,33.0,,voiture,,1,2,2,1,6
202400020497,2024-05-25 09:20:00,2024,5,25,9,20,75,75113,RUE PRIMATICE,48.833235,2.35554,Plein jour,En agglomération,Intersection en X,Normale,Autre collision,4,1,1,0,2,1,1,0,1,30,1,4,2,0,0,2,33.0,,voiture,,1,2,2,1,6
202400020498,2024-07-30 20:10:00,2024,7,30,20,10,61,61001,Voie Communale,48.41342,0.09651,Plein jour,En agglomération,Hors intersection,Normale,Autre collision,4,2,2,0,1,1,1,0,1,30,1,2,1,0,0,1,46.0,,voiture,,1,2,1,1,6
202400020499,2024-05-26 15:52:00,2024,5,26,15,52,75,75118,RUE DE LA CHAPELLE,48.897124,2.35948,Plein jour,En agglomération,Intersection en T,Pluie légère,Autre collision,4,2, -1,-1,1,1,2,0,6,50,1,2,1,0,0,1,,,transport_commun,,1,2,3,2,6
202400020499,2024-05-26 15:52:00,2024,5,26,15,52,75,75118,RUE DE LA CHAPELLE,48.897124,2.35948,Plein jour,En agglomération,Intersection en T,Pluie légère,Autre collision,4,2,1,3,1,1,2,9,6,50,1,2,1,0,0,1,,,transport_commun,,1,2,3,2,6
202400020500,2024-07-24 14:20:00,2024,7,24,14,20,60,60057,Rue de la Madeleine,49.42774,2.08849,Plein jour,En agglomération,Hors intersection,Normale,Autre collision,4,2,2,0,1,1,1,0,1,50,1,2,1,0,1,0,72.0,,voiture,,1,2,1,1,6
202400020501,2024-05-26 18:20:00,2024,5,26,18,20,75,75116,AVENUE RAYMOND POINCARE,48.86919,2.28547,Plein jour,En agglomération,Hors intersection,Normale,Autre collision,4,2,2,0,1,1,1,0,1,30,1,2,1,0,0,1,,,deux_roues,,1,2,1,1,6
202400020502,2024-07-30 05:35:00,2024,7,30,5,35,59,59650,CASTERMANT (RUE CHARLES),50.70325,3.19553,Plein jour,En agglomération,Intersection en X,Normale,Deux véhicules - côté,4,-1,2,0,1,1,1,0,1,30,2,2,0,0,0,2,24.0,33.0,voiture,voiture,1,2,2,1,3
202400020502,2024-07-30 05:35:00,2024,7,30,5,35,59,59650,CASTERMANT (RUE CHARLES),50.70325,3.19553,Plein jour,En agglomération,Intersection en X,Normale,Deux véhicules - côté,4,2,2,0,1,1,1,0,1,30,2,2,0,0,0,2,24.0,33.0,voiture,voiture,1,2,2,1,3
202400020503,2024-07-30 10:50:00,2024,7,30,10,50,58,58194,DOCKS,46.99376,3.14878,Plein jour,En agglomération,Hors intersection,Normale,Trois véhicules et plus - collisions multiples,4,3,2,0,1,1,1,0,1,50,2,3,2,0,1,0,70.0,81.0,voiture,utilitaire_camion,1,2,1,1,5
202400020504,2024-07-27 14:50:00,2024,7,27,14,50,57,57672,ARLON (ROUTE D'),49.35668933,6.14332148,Plein jour,En agglomération,Hors intersection,Pluie légère,Autre collision,3,-1,0,1,2,3,2,0,1,50,1,2,1,0,1,0,48.0,,utilitaire_camion,,1,2,1,2,6
202400020505,2024-07-12 17:40:00,2024,7,12,17,40,55,55545,PORTE DE FRANCE ( PLACE ),49.16233,5.37774,Plein jour,En agglomération,Hors intersection,Normale,Sans collision,4,2, -1,0,1,3,1,0,1,50,1,3,1,0,0,2,50.0,,voiture,,1,2,1,1,7
202400020506,2024-05-26 17:20:00,2024,5,26,17,20,75,75116,RUE DU COMMANDANT GUILBAUD,48.839198,2.251721,Plein jour,En agglomération,Intersection en T,Normale,Autre collision,4,2, -1,-1,1,1,1,0,1,30,1,2,1,0,0,1,32.0,,voiture,,1,2,3,1,6
202400020506,2024-05-26 17:20:00,2024,5,26,17,20,75,75116,RUE DU COMMANDANT GUILBAUD,48.839198,2.251721,Plein jour,En agglomération,Intersection en T,Normale,Autre collision,4,2,1,0,1,1,1,0,1,30,1,2,1,0,0,1,32.0,,voiture,,1,2,3,1,6
202400020507,2024-05-26 13:30:00,2024,5,26,13,30,75,75116,AVENUE RAYMOND POINCARE,48.867965,2.285795,Plein jour,En agglomération,Hors intersection,Normale,Autre collision,4,3,2,0,1,1,1,0,6,30,1,2,1,0,0,1,42.0,,voiture,,1,2,1,1,6
202400020508,2024-07-15 18:59:00,2024,7,15,18,59,55,55545,SAINT PAUL ( ROND POINT ),49.16437,5.3841,Plein jour,En agglomération,Intersection en T,Normale,Deux véhicules - côté,4,2,2,0,1,1,1,0,1,500,2,2,1,0,0,1,56.0,34.0,deux_roues,voiture,1,2,3,1,3
202400020508,2024-07-15 18:59:00,2024,7,15,18,59,55,55545,SAINT PAUL ( ROND POINT ),49.16437,5.3841,Plein jour,En agglomération,Intersection en T,Normale,Deux véhicules - côté,4,1,1,0,1,1,1,0,1,30,2,2,1,0,0,1,56.0,34.0,deux_roues,voiture,1,2,3,1,3
202400020509,2024-07-29 17:06:00,2024,7,29,17,6,54,54079,Avenue de la Petite Suisse,48.88299,6.0448,Plein jour,En agglomération,Hors intersection,Normale,Autre collision,3,2,1,2,1,1,1,-1,1,50,1,2,1,0,0,1,62.0,,utilitaire_camion,,1,2,1,1,6
202400020510,2024-05-26 15:55:00,2024,5,26,15,55,75,75115,RUE DE VOUILLE,48.835438,2.302695,Plein jour,En agglomération,Place,Normale,Deux véhicules - côté,4,2, -1,-1,1,1,2,0,1,30,2,2,1,0,0,1,30.0,49.0,deux_roues,voiture,1,2,7,1,3
202400020510,2024-05-26 15:55:00,2024,5,26,15,55,75,75115,RUE DE VOUILLE,48.835438,2.302695,Plein jour,En agglomération,Place,Normale,Deux véhicules - côté,4,2, -1,0,1,1,2,0,1,30,2,2,1,0,0,1,30.0,49.0,deux_roues,voiture,1,2,7,1,3
202400020511,2024-05-25 14:30:00,2024,5,25,14,30,75,75114,AVENUE DE LA PORTE DE CHATILLON,48.822657,2.315017,Plein jour,En agglomération,Hors intersection,Normale,Deux véhicules - côté,4,2,8,1,1,1,1,5,1,50,2,2,1,0,0,1,28.0,31.0,deux_roues,voiture,1,2,1,1,3
202400020512,2024-07-29 08:55:00,2024,7,29,8,55,54,54395,Boulevard d'Austrasie,48.69388,6.19825,Plein jour,En agglomération,Autre intersection,Normale,Deux véhicules - côté,4,2,4,1,1,1,1,0,1,50,2,2,1,0,0,1,28.0,22.0,voiture,deux_roues,1,2,9,1,3