accident_id,datetime,annee,mois,jour,heure,minute,departement,commune_insee,adresse,latitude,longitude,luminosite,agglomeration,intersection,meteo,collision,catr,circ,nbv,vosp,prof,plan,surf,infra,situ,vma,nb_vehicules,nb_usagers,nb_indemnes,nb_tues,nb_blesses_hosp,nb_blesses_legers,age_cond_1,age_cond_2,veh_type_cond_1,veh_type_cond_2,lum_code,agg_code,int_code,atm_code,col_code
202400020512,2024-07-29 08:55:00,2024,7,29,8,55,54,54395,Boulevard d'Austrasie,48.69388,6.19825,Plein jour,En agglomération,Autre intersection,Normale,Deux véhicules - côté,4,2, -1,0,1,1,1,0,1,-1,2,2,1,0,0,1,28.0,22.0,voiture,deux_roues,1,2,9,1,3
202400020513,2024-05-26 16:30:00,2024,5,26,16,30,75,75113,RUE DE TOLBIAC,48.826104,2.358829,Plein jour,En agglomération,Intersection en Y,Normale,Deux véhicules - arrière,4,2, -1,-1,1,1,1,0,6,30,2,2,1,0,0,1,25.0,26.0,deux_roues,deux_roues,1,2,4,1,2
202400020513,2024-05-26 16:30:00,2024,5,26,16,30,75,75113,RUE DE TOLBIAC,48.826104,2.358829,Plein jour,En agglomération,Intersection en Y,Normale,Deux véhicules - arrière,4,2,3,3,1,1,1,0,6,30,2,2,1,0,0,1,25.0,26.0,deux_roues,deux_roues,1,2,4,1,2
202400020514,2024-05-26 13:45:00,2024,5,26,13,45,75,75113,BOULEVARD SAINT MARCEL,48.838332,2.356975,Plein jour,En agglomération,Intersection en Y,Normale,Autre collision,4,2,4,3,1,1,1,0,1,30,1,2,1,0,0,1,47.0,,voiture,,1,2,4,1,6
202400020514,2024-05-26 13:45:00,2024,5,26,13,45,75,75113,BOULEVARD SAINT MARCEL,48.838332,2.356975,Plein jour,En agglomération,Intersection en Y,Normale,Autre collision,4,2, -1,-1,1,1,1,0,1,30,1,2,1,0,0,1,47.0,,voiture,,1,2,4,1,6
202400020515,2024-07-29 08:50:00,2024,7,29,8,50,52,52448,CAMUS (RUE JEAN),48.6385,4.97689,Plein jour,En agglomération,Hors intersection,Temps éblouissant,Autre collision,4,2,2,0,1,1,1,0,1,50,1,2,1,0,1,0,69.0,,voiture,,1,2,1,7,6
202400020516,2024-05-26 04:40:00,2024,5,26,4,40,94,94081,Avenue Jean Jaurès / Avenue du Groupe Manouchian,48.79422,2.40165,Nuit avec éclairage allumé,En agglomération,Intersection en T,Normale,Deux véhicules - arrière,3,2,2,0,1,3,1,5,1,50,2,2,1,0,1,0,35.0,,deux_roues,autre,5,2,3,1,2
202400020516,2024-05-26 04:40:00,2024,5,26,4,40,94,94081,Avenue Jean Jaurès / Avenue du Groupe Manouchian,48.79422,2.40165,Nuit avec éclairage allumé,En agglomération,Intersection en T,Normale,Deux véhicules - arrière,3,3,4,0,1,1,1,5,1,-1,2,2,1,0,1,0,35.0,,deux_roues,autre,5,2,3,1,2
202400020517,2024-06-26 16:15:00,2024,6,26,16,15,49,49099,BOTREL (RUE THEODORE),47.05469846,-0.88179767,Plein jour,En agglomération,Hors intersection,Normale,Autre collision,4,1,1,0,1,1,1,0,1,50,1,2,1,0,0,1,,,voiture,,1,2,1,1,6
202400020518,2024-07-30 03:35:00,2024,7,30,3,35,45,45285,32 Rue du Clos du Renard,47.902781,1.873052,Nuit avec éclairage allumé,En agglomération,Hors intersection,Normale,Deux véhicules - frontale,4,2,2,0,1,1,1,0,8,50,2,2,1,0,0,1,24.0,31.0,voiture,deux_roues,5,2,1,1,1
202400020519,2024-05-26 11:00:00,2024,5,26,11,0,93,93055,Avenue Jean Lolive / Rue Lépine,48.894447,2.419819,Plein jour,En agglomération,Intersection en T,Normale,Deux véhicules - côté,3,2,4,3,1,1,1,0,1,50,2,2,1,0,0,1,49.0,44.0,voiture,deux_roues,1,2,3,1,3
202400020519,2024-05-26 11:00:00,2024,5,26,11,0,93,93055,Avenue Jean Lolive / Rue Lépine,48.894447,2.419819,Plein jour,En agglomération,Intersection en T,Normale,Deux véhicules - côté,3,1,1,0,1,1,1,0,1,50,2,2,1,0,0,1,49.0,44.0,voiture,deux_roues,1,2,3,1,3
202400020520,2024-07-30 19:30:00,2024,7,30,19,30,44,44055,34 Avenue Maréchal Joffre,47.28524,-2.38761,Plein jour,En agglomération,Hors intersection,Temps éblouissant,Autre collision,4,2,2,0,1,1,1,0,1,50,1,2,1,0,1,0,82.0,,voiture,,1,2,1,7,6
202400020521,2024-05-26 18:55:00,2024,5,26,18,55,93,93051,Boulevard du Marechal Foch / Rue de Verdun,48.84701525,2.53299505,Plein jour,En agglomération,Intersection en X,Normale,Autre collision,3,1,2,0,1,1,1,0,1,50,1,3,1,0,0,2,54.0,,voiture,,1,2,2,1,6
202400020521,2024-05-26 18:55:00,2024,5,26,18,55,93,93051,Boulevard du Marechal Foch / Rue de Verdun,48.84701525,2.53299505,Plein jour,En agglomération,Intersection en X,Normale,Autre collision,3,2,2,0,1,1,1,0,1,50,1,3,1,0,0,2,54.0,,voiture,,1,2,2,1,6
202400020522,2024-07-23 23:50:00,2024,7,23,23,50,42,42218,Rue Michelet,45.43548,4.38952,Nuit avec éclairage allumé,En agglomération,Intersection en X,Normale,Deux véhicules - côté,4,1,1,3,1,1,1,6,1,50,2,2,1,0,0,1,21.0,17.0,voiture,deux_roues,5,2,2,1,3
202400020522,2024-07-23 23:50:00,2024,7,23,23,50,42,42218,Rue Michelet,45.43548,4.38952,Nuit avec éclairage allumé,En agglomération,Intersection en X,Normale,Deux véhicules - côté,4,1,1,0,1,1,1,6,1,30,2,2,1,0,0,1,21.0,17.0,voiture,deux_roues,5,2,2,1,3
202400020523,2024-05-26 20:00:00,2024,5,26,20,0,93,93057,Avenue Jean Jaurès / Allée Pierre Brossolette,48.9042,2.50463,Plein jour,En agglomération,Intersection en X,Normale,Autre collision,3,2,2,0,1,1,1,0,1,50,1,2,1,0,0,1,33.0,,voiture,,1,2,2,1,6
202400020523,2024-05-26 20:00:00,2024,5,26,20,0,93,93057,Avenue Jean Jaurès / Allée Pierre Brossolette,48.9042,2.50463,Plein jour,En agglomération,Intersection en X,Normale,Autre collision,3,1,1,-1,1,1,1,0,1,-1,1,2,1,0,0,1,33.0,,voiture,,1,2,2,1,6
202400020524,2024-07-30 17:35:00,2024,7,30,17,35,41,41295,D951,47.608088,1.37824,Plein jour,Hors agglomération,Hors intersection,Normale,Trois véhicules et plus - collisions multiples,3,2,2,0,1,1,1,0,1,70,3,3,0,0,0,3,60.0,63.0,voiture,voiture,1,1,1,1,5
202400020525,2024-05-26 10:40:00,2024,5,26,10,40,93,93007,Rue de Petrodvoretz / Avenue des Cosmonautes,48.949469,2.455559,Plein jour,En agglomération,Intersection en T,Normale,Autre collision,3,2,3,0,1,1,1,0,1,50,1,2,1,0,0,1,20.0,,transport_commun,,1,2,3,1,6
202400020525,2024-05-26 10:40:00,2024,5,26,10,40,93,93007,Rue de Petrodvoretz / Avenue des Cosmonautes,48.949469,2.455559,Plein jour,En agglomération,Intersection en T,Normale,Autre collision,3,2,2,0,1,1,1,0,1,50,1,2,1,0,0,1,20.0,,transport_commun,,1,2,3,1,6
202400020526,2024-07-29 07:00:00,2024,7,29,7,0,37,37261,MARECHAL JUIN (BD),47.41224,0.70296,Plein jour,En agglomération,Intersection en X,Normale,Autre collision,4,2,4,3,1,1,1,0,1,50,1,2,1,0,0,1,21.0,,voiture,,1,2,2,1,6
202400020526,2024-07-29 07:00:00,2024,7,29,7,0,37,37261,MARECHAL JUIN (BD),47.41224,0.70296,Plein jour,En agglomération,Intersection en X,Normale,Autre collision,4,2,3,0,1,1,1,0,1,50,1,2,1,0,0,1,21.0,,voiture,,1,2,2,1,6
202400020527,2024-05-26 03:05:00,2024,5,26,3,5,92,92023,MARGUERITE RENAUDIN (AV) N°23 A 187 ET 2,48.80765355,2.27402455,Nuit avec éclairage allumé,En agglomération,Hors intersection,Normale,Sans collision,4,2,2,0,2,2,1,0,1,50,1,1,0,0,0,1,52.0,,deux_roues,,5,2,1,1,7
202400020528,2024-07-30 17:34:00,2024,7,30,17,34,35,35281,MARIN (RUE JEAN),48.08284836,-1.71453623,Plein jour,En agglomération,Hors intersection,Normale,Autre collision,4,2,2,0,1,1,1,0,1,30,1,1,0,0,0,1,36.0,,voiture,,1,2,1,1,6
202400020529,2024-05-26 11:52:00,2024,5,26,11,52,92,92032,BOUCICAUT (RUE),48.79048579,2.28956044,Plein jour,En agglomération,Hors intersection,Normale,Autre collision,4,3,2,0,1,1,1,0,1,30,1,2,1,0,0,1,31.0,,voiture,,1,2,1,1,6
202400020530,2024-07-30 16:30:00,2024,7,30,16,30,35,35278,PORTE DE MAUREPAS,48.14203,-1.66416,Plein jour,Hors agglomération,Hors intersection,Normale,Deux véhicules - arrière,2,3,4,0,1,1,1,2,1,90,2,3,2,0,0,1,18.0,65.0,voiture,voiture,1,1,1,1,2
202400020531,2024-05-26 17:10:00,2024,5,26,17,10,92,92012,GENERAL LECLERC (AVENUE DU) 35/FIN - 60/,48.83060197,2.2335856,Plein jour,En agglomération,Hors intersection,Normale,Trois véhicules et plus - collisions multiples,3,1,0,0,1,1,1,0,1,50,3,10,6,0,1,3,24.0,55.0,voiture,voiture,1,2,1,1,5
202400020532,2024-07-30 15:30:00,2024,7,30,15,30,35,35238,RN136,48.13253283,-1.7082211,Plein jour,Hors agglomération,Hors intersection,Normale,Trois véhicules et plus - en chaîne,2,3,4,0,1,1,1,2,1,90,3,4,1,0,0,3,46.0,80.0,voiture,voiture,1,1,1,1,4
202400020533,2024-05-26 01:53:00,2024,5,26,1,53,92,92012,CHATEAU (RUE DU) 1/125 - 2/136,48.84297,2.24375,Nuit avec éclairage allumé,En agglomération,Intersection en X,Normale,Deux véhicules - côté,3,2,2,0,1,1,1,0,1,30,2,2,1,0,0,1,25.0,29.0,deux_roues,voiture,5,2,2,1,3
202400020533,2024-05-26 01:53:00,2024,5,26,1,53,92,92012,CHATEAU (RUE DU) 1/125 - 2/136,48.84297,2.24375,Nuit avec éclairage allumé,En agglomération,Intersection en X,Normale,Deux véhicules - côté,3,2,2,0,1,1,1,0,1,30,2,2,1,0,0,1,25.0,29.0,deux_roues,voiture,5,2,2,1,3
202400020534,2024-07-29 18:05:00,2024,7,29,18,5,35,35115,FORET (RUE DE LA),48.35792,-1.19385,Plein jour,En agglomération,Intersection en T,Normale,Deux véhicules - arrière,4,2,2,0,2,1,1,0,1,30,2,3,2,0,0,1,21.0,20.0,voiture,voiture,1,2,3,1,2
202400020534,2024-07-29 18:05:00,2024,7,29,18,5,35,35115,FORET (RUE DE LA),48.35792,-1.19385,Plein jour,En agglomération,Intersection en T,Normale,Deux véhicules - arrière,4,2,3,0,1,2,1,0,1,30,2,3,2,0,0,1,21.0,20.0,voiture,voiture,1,2,3,1,2
202400020535,2024-05-26 01:00:00,2024,5,26,1,0,92,92012,MEUDON (RUE DE) - COTE PAIR,48.82763533,2.2420553,Nuit avec éclairage allumé,En agglomération,Hors intersection,Normale,Autre collision,4,2,2,0,1,2,1,0,4,30,1,1,0,0,1,0,34.0,,deux_roues,,5,2,1,1,6
202400020536,2024-07-29 19:50:00,2024,7,29,19,50,34,34301,MONNET JEAN (AVENUE),43.396472,3.660312,Plein jour,En agglomération,Hors intersection,Normale,Autre collision,4,2,2,0,1,1,1,0,1,50,1,3,2,0,1,0,20.0,,voiture,,1,2,1,1,6
202400020537,2024-07-30 20:50:00,2024,7,30,20,50,34,34172,CASTELNAU (AVENUE DE),43.62614,3.8823,Crépuscule ou aube,En agglomération,Intersection en X,Normale,Deux véhicules - côté,4,1,2,3,1,1,1,0,1,50,2,2,1,0,0,1,38.0,29.0,deux_roues,voiture,2,2,2,1,3
202400020537,2024-07-30 20:50:00,2024,7,30,20,50,34,34172,CASTELNAU (AVENUE DE),43.62614,3.8823,Crépuscule ou aube,En agglomération,Intersection en X,Normale,Deux véhicules - côté,4,2,2,0,1,1,1,0,1,50,2,2,1,0,0,1,38.0,29.0,deux_roues,voiture,2,2,2,1,3
202400020538,2024-07-29 14:50:00,2024,7,29,14,50,34,34003,QUAI DES CHANTIERS (G4 ET F12,43.30708,3.46536,Plein jour,En agglomération,Hors intersection,Normale,Sans collision,4,2,1,1,1,1,1,0,5,20,1,1,0,0,1,0,25.0,,deux_roues,,1,2,1,1,7
202400020539,2024-05-27 11:35:00,2024,5,27,11,35,68,68026,25 Rue du Général de Gaulle,48.144812,7.32418,Plein jour,En agglomération,Hors intersection,Temps couvert,Deux véhicules - arrière,3,2,2,0,1,1,1,0,1,50,2,2,1,0,1,0,68.0,62.0,voiture,deux_roues,1,2,1,8,2
202400020540,2024-07-30 18:45:00,2024,7,30,18,45,33,33162,,44.86495,-0.66454,Plein jour,En agglomération,Giratoire,Normale,Deux véhicules - côté,4,2,3,3,1,1,1,-1,1,50,2,2,1,0,0,1,23.0,59.0,voiture,deux_roues,1,2,6,1,3
202400020540,2024-07-30 18:45:00,2024,7,30,18,45,33,33162,,44.86495,-0.66454,Plein jour,En agglomération,Giratoire,Normale,Deux véhicules - côté,4,2,2,1,1,1,1,0,1,50,2,2,1,0,0,1,23.0,59.0,voiture,deux_roues,1,2,6,1,3
202400020541,2024-05-27 12:10:00,2024,5,27,12,10,974,97412,N1002,-21.373812,55.59877,Plein jour,Hors agglomération,Giratoire,Pluie légère,Deux véhicules - frontale,2,2,3,0,1,2,2,5,1,90,2,3,0,0,1,2,25.0,40.0,voiture,voiture,1,1,6,2,1
202400020542,2024-05-26 03:00:00,2024,5,26,3,0,67,67530,55 Rue Principale,48.782968,7.5266,Nuit avec éclairage allumé,En agglomération,Hors intersection,Normale,Sans collision,3,2,2,0,1,1,1,0,3,50,1,1,0,0,1,0,45.0,,voiture,,5,2,1,1,7
202400020543,2024-07-30 15:13:00,2024,7,30,15,13,33,33063,,44.85431,-0.56913,Plein jour,En agglomération,Intersection en X,Normale,Deux véhicules - côté,4,1,1,0,1,1,1,0,1,20,2,3,1,0,0,2,27.0,32.0,deux_roues,utilitaire_camion,1,2,2,1,3
202400020543,2024-07-30 15:13:00,2024,7,30,15,13,33,33063,,44.85431,-0.56913,Plein jour,En agglomération,Intersection en X,Normale,Deux véhicules - côté,4,1,1,0,1,1,1,0,1,20,2,3,1,0,0,2,27.0,32.0,deux_roues,utilitaire_camion,1,2,2,1,3
202400020544,2024-05-26 17:45:00,2024,5,26,17,45,22,22190,Route nationale 176 - Point routier 05+900 - Sens SAINT MALO - SAINT BRIEUC,48.51568895,-2.03887145,Plein jour,Hors agglomération,Hors intersection,Pluie légère,Autre collision,2,3,2,0,1,1,2,0,3,110,1,4,0,0,0,4,23.0,,voiture,,1,1,1,2,6
202400020545,2024-07-27 15:00:00,2024,7,27,15,0,33,33039,,44.7934,-0.53508,Plein jour,En agglomération,Giratoire,Normale,Deux véhicules - côté,4,3,5,0,2,3,1,0,1,50,2,3,2,1,0,0,45.0,92.0,voiture,deux_roues,1,2,6,1,3
202400020545,2024-07-27 15:00:00,2024,7,27,15,0,33,33039,,44.7934,-0.53508,Plein jour,En agglomération,Giratoire,Normale,Deux véhicules - côté,4,3,4,0,1,3,1,5,1,50,2,3,2,1,0,0,45.0,92.0,voiture,deux_roues,1,2,6,1,3
202400020546,2024-07-30 09:35:00,2024,7,30,9,35,29,29232,Boulevard Amiral de Kerguelen,47.995478,-4.098001,Plein jour,En agglomération,Hors intersection,Normale,Deux véhicules - côté,4,1,1,0,1,1,1,0,1,50,2,2,1,0,0,1,59.0,61.0,utilitaire_camion,voiture,1,2,1,1,3
202400020547,2024-05-27 11:35:00,2024,5,27,11,35,87,87148,A20,45.714432,1.356146,Plein jour,Hors agglomération,Hors intersection,Normale,Deux véhicules - frontale,1,3,4,0,2,1,1,3,1,130,2,2,0,1,1,0,94.0,57.0,voiture,voiture,1,1,1,1,1
202400020548,2024-07-30 09:00:00,2024,7,30,9,0,29,29232,Boulevard Louis le Guennec,47.98092531,-4.10880644,Plein jour,En agglomération,Hors intersection,Normale,Autre collision,3,1,4,0,1,1,1,0,1,70,1,1,0,0,0,1,22.0,,voiture,,1,2,1,1,6
202400020549,2024-05-27 07:00:00,2024,5,27,7,0,06,06034,2978 Route de Grenoble,43.796074,7.207772,Plein jour,Hors agglomération,Hors intersection,Normale,Autre collision,7,3,2,0,1,1,1,0,8,90,1,1,0,0,1,0,28.0,,deux_roues,,1,1,1,1,6
202400020550,2024-07-29 16:40:00,2024,7,29,16,40,29,29019,RD 205,48.379047,-4.545376,Plein jour,Hors agglomération,Hors intersection,Normale,Sans collision,3,3,0,0,3,3,1,5,1,70,1,1,0,0,1,0,53.0,,voiture,,1,1,1,1,7
202400020551,2024-05-26 23:00:00,2024,5,26,23,0,85,85109,la Palarderie Neuve,46.89484,-1.05799,Nuit sans éclairage public,Hors agglomération,Hors intersection,Normale,Sans collision,3,2,2,0,1,1,1,0,1,80,1,1,0,0,1,0,41.0,,deux_roues,,3,1,1,1,7
202400020552,2024-05-27 09:00:00,2024,5,27,9,0,91,91679,D36,48.732884,2.103839,Plein jour,Hors agglomération,Autre intersection,Normale,Deux véhicules - côté,3,2,0,0,1,1,1,0,1,50,2,2,1,0,1,0,35.0,61.0,deux_roues,voiture,1,1,9,1,3
202400020553,2024-05-26 18:20:00,2024,5,26,18,20,51,51310,"RD980, PK 27 +100",49.2072025,3.92002776,Plein jour,Hors agglomération,Hors intersection,Normale,Sans collision,3,2,2,0,4,2,1,0,3,90,1,1,0,0,1,0,47.0,,deux_roues,,1,1,1,1,7
202400020554,2024-07-30 22:16:00,2024,7,30,22,16,17,17300,SARTRE   AVENUE JEAN-PAUL,46.1549,-1.13589,Nuit avec éclairage allumé,En agglomération,Autre intersection,Normale,Deux véhicules - côté,4,2,4,0,1,1,1,5,1,30,2,5,4,0,0,1,48.0,29.0,voiture,deux_roues,5,2,9,1,3
202400020555,2024-07-20 12:35:00,2024,7,20,12,35,14,14117,24 Avenue Georges Clémenceau,49.2913,-0.12072,Plein jour,En agglomération,Hors intersection,Normale,Autre collision,4,1,1,0,1,1,1,0,1,50,2,2,1,0,0,1,34.0,84.0,voiture,deux_roues,1,2,1,1,6
202400020556,2024-05-25 20:40:00,2024,5,25,20,40,79,79164,,46.191501,-0.06432,Plein jour,Hors agglomération,Intersection en X,Normale,Deux véhicules - côté,4,2,2,0,1,1,1,0,1,50,2,2,1,0,1,0,80.0,23.0,utilitaire_camion,deux_roues,1,1,2,1,3
202400020556,2024-05-25 20:40:00,2024,5,25,20,40,79,79164,,46.191501,-0.06432,Plein jour,Hors agglomération,Intersection en X,Normale,Deux véhicules - côté,4,2,2,-1,1,1,1,0,1,50,2,2,1,0,1,0,80.0,23.0,utilitaire_camion,deux_roues,1,1,2,1,3
202400020557,2024-07-30 21:00:00,2024,7,30,21,0,13,13117,ROUTE NATIONALE 113 - CARREFOUR,43.4314017,5.2586898,Nuit sans éclairage public,En agglomération,Hors intersection,Normale,Deux véhicules - côté,3,1,2,0,1,1,1,0,1,90,2,3,1,0,0,2,,25.0,voiture,voiture,3,2,1,1,3
202400020558,2024-05-26 06:19:00,2024,5,26,6,19,82,82171,2 Route de Castelsarrasin,44.005499,1.178005,Crépuscule ou aube,En agglomération,Hors intersection,Normale,Deux véhicules - frontale,3,2,2,0,1,4,1,0,1,50,2,2,1,0,1,0,58.0,44.0,voiture,deux_roues,2,2,1,1,1
202400020559,2024-07-31 00:01:00,2024,7,31,0,1,13,13208,CLOT BEY (AVENUE),43.25588,5.38239,Nuit avec éclairage allumé,En agglomération,Hors intersection,Normale,Deux véhicules - frontale,4,2,2,0,1,1,1,0,1,50,2,2,1,0,0,1,56.0,42.0,utilitaire_camion,deux_roues,5,2,1,1,1
202400020560,2024-05-26 23:20:00,2024,5,26,23,20,89,89235,D606,47.486063,3.990397,Nuit sans éclairage public,Hors agglomération,Intersection en T,Normale,Deux véhicules - frontale,3,3,2,0,1,1,1,0,1,90,2,3,1,0,0,2,78.0,24.0,voiture,voiture,3,1,3,1,1
202400020560,2024-05-26 23:20:00,2024,5,26,23,20,89,89235,D606,47.486063,3.990397,Nuit sans éclairage public,Hors agglomération,Intersection en T,Normale,Deux véhicules - frontale,3,2, -1,-1,1,1,1,5,1,90,2,3,1,0,0,2,78.0,24.0,voiture,voiture,3,1,3,1,1
202400020561,2024-07-30 08:35:00,2024,7,30,8,35,13,13215,BLD DE LETZ,43.34578,5.36842,Plein jour,En agglomération,Intersection en T,Normale,Deux véhicules - côté,4,2,2,0,1,1,1,0,1,50,2,4,3,0,0,1,27.0,48.0,utilitaire_camion,voiture,1,2,3,1,3
202400020561,2024-07-30 08:35:00,2024,7,30,8,35,13,13215,BLD DE LETZ,43.34578,5.36842,Plein jour,En agglomération,Intersection en T,Normale,Deux véhicules - côté,4,2,2,0,1,1,1,0,1,50,2,4,3,0,0,1,27.0,48.0,utilitaire_camion,voiture,1,2,3,1,3
202400020562,2024-05-26 07:30:00,2024,5,26,7,30,61,61484,D7,48.293322,0.60796,Crépuscule ou aube,Hors agglomération,Hors intersection,Normale,Sans collision,3,2,2,0,2,3,1,0,8,90,1,1,0,0,1,0,20.0,,voiture,,2,1,1,1,7
202400020563,2024-07-30 22:40:00,2024,7,30,22,40,13,13063,ARISTIDE BRIAND BOULEVARD,43.58606,5.00227,Nuit avec éclairage allumé,En agglomération,Intersection en X,Normale,Deux véhicules - arrière,4,2,4,0,1,2,1,0,1,50,2,3,1,0,0,2,69.0,30.0,voiture,voiture,5,2,2,1,2
202400020563,2024-07-30 22:40:00,2024,7,30,22,40,13,13063,ARISTIDE BRIAND BOULEVARD,43.58606,5.00227,Nuit avec éclairage allumé,En agglomération,Intersection en X,Normale,Deux véhicules - arrière,4,2,1,0,1,1,1,0,1,50,2,3,1,0,0,2,69.0,30.0,voiture,voiture,5,2,2,1,2
202400020564,2024-05-25 20:00:00,2024,5,25,20,0,61,61486,D924,48.767759,-0.724453,Plein jour,En agglomération,Hors intersection,Normale,Sans collision,3,2,2,0,2,1,2,0,1,50,1,1,0,0,0,1,19.0,,deux_roues,,1,2,1,1,7
202400020565,2024-07-30 22:10:00,2024,7,30,22,10,13,13004,RUE MAURICE BONNAFOUX,43.68215,4.63821,Nuit avec éclairage allumé,En agglomération,Intersection en X,Normale,Deux véhicules - côté,4,1,1,0,1,1,1,0,1,50,2,2,1,0,1,0,49.0,29.0,voiture,deux_roues,5,2,2,1,3
202400020565,2024-07-30 22:10:00,2024,7,30,22,10,13,13004,RUE MAURICE BONNAFOUX,43.68215,4.63821,Nuit avec éclairage allumé,En agglomération,Intersection en X,Normale,Deux véhicules - côté,4,2,2,0,1,1,1,0,1,50,2,2,1,0,1,0,49.0,29.0,voiture,deux_roues,5,2,2,1,3
202400020566,2024-05-27 08:38:00,2024,5,27,8,38,61,61028,D909,48.836842,-0.235133,Plein jour,Hors agglomération,Hors intersection,Normale,Trois véhicules et plus - collisions multiples,3,2,2,0,2,1,1,0,1,90,3,4,1,1,2,0,72.0,21.0,voiture,voiture,1,1,1,1,5
202400020567,2024-07-30 15:15:00,2024,7,30,15,15,11,11262,,43.17204,2.99064,Plein jour,En agglomération,Hors intersection,Normale,Trois véhicules et plus - collisions multiples,4,-1,1,0,2,3,1,2,1,50,3,4,2,0,1,1,25.0,77.0,deux_roues,voiture,1,2,1,1,5
202400020568,2024-05-09 19:00:00,2024,5,9,19,0,55,55551,D908,48.98466829,5.7134084,Plein jour,Hors agglomération,Hors intersection,Normale,Sans collision,3,2,2,0,1,2,1,0,3,90,1,1,0,0,0,1,66.0,,deux_roues,,1,1,1,1,7
202400020569,2024-07-30 09:20:00,2024,7,30,9,20,11,11024,,43.13849,2.97111,Plein jour,Hors agglomération,Autre intersection,Normale,Autre collision,3,1,1,0,2,2,1,2,1,50,1,2,1,0,0,1,47.0,,voiture,,1,1,9,1,6
202400020570,2024-05-27 00:01:00,2024,5,27,0,1,49,49121,D69,47.271397,-0.26512,Nuit sans éclairage public,En agglomération,Hors intersection,Normale,Sans collision,3,2,2,0,1,1,1,0,3,80,1,1,0,0,0,1,27.0,,voiture,,3,2,1,1,7
202400020571,2024-07-29 10:00:00,2024,7,29,10,0,08,08409,MARNE (AVENUE DE LA),49.69799,4.9217,Plein jour,En agglomération,Hors intersection,Temps éblouissant,Autre collision,4,-1,2,0,2,1,1,2,1,50,1,2,1,0,1,0,64.0,,voiture,,1,2,1,7,6
202400020572,2024-05-27 16:50:00,2024,5,27,16,50,42,42092,Rue du 8 Mai,45.485559,4.381349,Plein jour,En agglomération,Hors intersection,Normale,Autre collision,7,-1,2,0,1,1,1,0,1,30,2,2,1,0,0,1,36.0,63.0,voiture,deux_roues,1,2,1,1,6
202400020573,2024-05-25 14:50:00,2024,5,25,14,50,44,44131,46 Rue de la Fontaine aux Bretons,47.10414484,-2.06591239,Plein jour,En agglomération,Giratoire,Normale,Deux véhicules - côté,3,2,2,0,1,2,1,9,1,30,2,3,2,0,1,0,18.0,42.0,deux_roues,utilitaire_camion,1,2,6,1,3
202400020574,2024-07-29 16:41:00,2024,7,29,16,41,06,06004,742 Boulevard de la Garoupe,43.55512,7.133476,Plein jour,En agglomération,Intersection en X,Normale,Deux véhicules - côté,4,2,2,0,1,1,1,0,1,50,2,2,1,0,1,0,54.0,28.0,deux_roues,voiture,1,2,2,1,3
202400020574,2024-07-29 16:41:00,2024,7,29,16,41,06,06004,742 Boulevard de la Garoupe,43.55512,7.133476,Plein jour,En agglomération,Intersection en X,Normale,Deux véhicules - côté,4,1,2,0,2,1,1,0,1,50,2,2,1,0,1,0,54.0,28.0,deux_roues,voiture,1,2,2,1,3
202400020575,2024-07-30 09:48:00,2024,7,30,9,48,05,05061,Route de Valserres,44.55332,6.07867,Plein jour,En agglomération,Autre intersection,Normale,Autre collision,4,2,2,0,2,2,1,0,3,50,1,1,0,0,1,0,69.0,,voiture,,1,2,9,1,6
202400020576,2024-05-25 15:30:00,2024,5,25,15,30,29,29236,Beg-Kerlisquidic,47.84615917,-3.70660154,Plein jour,Hors agglomération,Hors intersection,Normale,Deux véhicules - côté,3,2,2,0,2,1,1,0,1,70,2,2,0,0,1,1,73.0,82.0,voiture,voiture,1,1,1,1,3
202400020577,2024-07-30 13:25:00,2024,7,30,13,25,04,04112,MOULIN (AV. J.),43.82885,5.77924,Plein jour,En agglomération,Hors intersection,Normale,Autre collision,4,2,2,0,1,1,1,9,1,30,1,2,1,0,0,1,86.0,,voiture,,1,2,1,1,6
202400020578,2024-05-18 02:30:00,2024,5,18,2,30,29,29173,Route de Guengat,48.01483058,-4.19868594,Nuit sans éclairage public,Hors agglomération,Intersection en T,Normale,Deux véhicules - côté,3,2,2,0,1,1,1,0,1,80,2,2,0,0,0,2,27.0,57.0,voiture,voiture,3,1,3,1,3
202400020578,2024-05-18 02:30:00,2024,5,18,2,30,29,29173,Route de Guengat,48.01483058,-4.19868594,Nuit sans éclairage public,Hors agglomération,Intersection en T,Normale,Deux véhicules - côté,3,-1,2,0,1,1,1,0,1,50,2,2,0,0,0,2,27.0,57.0,voiture,voiture,3,1,3,1,3
202400020579,2024-07-29 17:45:00,2024,7,29,17,45,01,01344,Rue Jean Mermoz,46.19122,5.18866,Plein jour,Hors agglomération,Hors intersection,Normale,Deux véhicules - frontale,4,2,2,0,1,2,1,0,1,80,2,2,0,0,1,1,17.0,49.0,deux_roues,voiture,1,1,1,1,1
202400020580,2024-07-30 13:10:00,2024,7,30,13,10,75,75114,BD PERIPHERIQUE INTERIEUR,48.822948,2.312951,Plein jour,En agglomération,Hors intersection,Normale,Trois véhicules et plus - en chaîne,4,1,3,0,1,1,1,0,1,70,3,3,2,0,0,1,25.0,41.0,voiture,voiture,1,2,1,1,4