accident_id,datetime,annee,mois,jour,heure,minute,departement,commune_insee,adresse,latitude,longitude,luminosite,agglomeration,intersection,meteo,collision,catr,circ,nbv,vosp,prof,plan,surf,infra,situ,vma,nb_vehicules,nb_usagers,nb_indemnes,nb_tues,nb_blesses_hosp,nb_blesses_legers,age_cond_1,age_cond_2,veh_type_cond_1,veh_type_cond_2,lum_code,agg_code,int_code,atm_code,col_code
202400020581,2024-05-26 22:20:00,2024,5,26,22,20,38,38062,D1090,45.402006,5.979223,Nuit avec éclairage allumé,Hors agglomération,Intersection en X,Normale,Deux véhicules - frontale,3,2,2,0,1,1,1,0,1,70,2,3,0,0,1,2,23.0,27.0,voiture,voiture,5,1,2,1,1
202400020581,2024-05-26 22:20:00,2024,5,26,22,20,38,38062,D1090,45.402006,5.979223,Nuit avec éclairage allumé,Hors agglomération,Intersection en X,Normale,Deux véhicules - frontale,3,2,2,0,1,1,1,5,8,30,2,3,0,0,1,2,23.0,27.0,voiture,voiture,5,1,2,1,1
202400020582,2024-05-26 10:40:00,2024,5,26,10,40,84,84079,Départementale 5 - PR22,44.026026,5.323906,Plein jour,Hors agglomération,Hors intersection,Normale,Sans collision,3,2,2,0,1,2,1,0,1,80,1,1,0,0,1,0,76.0,,voiture,,1,1,1,1,7
202400020583,2024-07-30 12:54:00,2024,7,30,12,54,75,75115,BD PERIPHERIQUE INTERIEUR,48.833408,2.278343,Plein jour,En agglomération,Hors intersection,Normale,Trois véhicules et plus - en chaîne,4,-1,3,0,1,1,1,0,1,70,5,5,4,0,0,1,44.0,56.0,utilitaire_camion,voiture,1,2,1,1,4
202400020584,2024-05-25 17:15:00,2024,5,25,17,15,03,03019,Route de la Noire,46.5959,3.670614,Plein jour,En agglomération,Intersection en X,Normale,Deux véhicules - côté,3,2,2,0,1,1,1,0,1,50,2,2,1,0,0,1,16.0,44.0,deux_roues,utilitaire_camion,1,2,2,1,3
202400020584,2024-05-25 17:15:00,2024,5,25,17,15,03,03019,Route de la Noire,46.5959,3.670614,Plein jour,En agglomération,Intersection en X,Normale,Deux véhicules - côté,3,2,2,0,1,1,1,0,1,50,2,2,1,0,0,1,16.0,44.0,deux_roues,utilitaire_camion,1,2,2,1,3
202400020585,2024-07-29 08:55:00,2024,7,29,8,55,75,75112,BD PERIPHERIQUE EXTERIEUR,48.831934,2.405092,Plein jour,En agglomération,Hors intersection,Normale,Deux véhicules - arrière,4,1,4,0,1,1,1,1,1,70,2,2,1,0,0,1,45.0,51.0,utilitaire_camion,deux_roues,1,2,1,1,2
202400020586,2024-05-26 15:30:00,2024,5,26,15,30,01,01303,Avenue de la Resistance,46.088937,5.407178,Plein jour,En agglomération,Intersection en Y,Normale,Deux véhicules - côté,3,2,2,0,1,3,1,0,1,50,2,2,1,0,0,1,15.0,34.0,deux_roues,voiture,1,2,4,1,3
202400020586,2024-05-26 15:30:00,2024,5,26,15,30,01,01303,Avenue de la Resistance,46.088937,5.407178,Plein jour,En agglomération,Intersection en Y,Normale,Deux véhicules - côté,3,2,2,0,1,2,1,0,1,50,2,2,1,0,0,1,15.0,34.0,deux_roues,voiture,1,2,4,1,3
202400020587,2024-07-30 11:45:00,2024,7,30,11,45,75,75115,QUAI D ISSY LES MOULINEAUX,48.83536426,2.26692259,Plein jour,En agglomération,Intersection à plus de 4 branches,Normale,Deux véhicules - arrière,4,1,4,0,1,1,1,0,1,30,2,2,1,0,1,0,45.0,25.0,deux_roues,utilitaire_camion,1,2,5,1,2
202400020587,2024-07-30 11:45:00,2024,7,30,11,45,75,75115,QUAI D ISSY LES MOULINEAUX,48.83536426,2.26692259,Plein jour,En agglomération,Intersection à plus de 4 branches,Normale,Deux véhicules - arrière,4,2,3,0,1,1,1,0,1,30,2,2,1,0,1,0,45.0,25.0,deux_roues,utilitaire_camion,1,2,5,1,2
202400020588,2024-05-27 12:00:00,2024,5,27,12,0,66,66147,N320,42.563417,1.777897,Plein jour,Hors agglomération,Hors intersection,Brouillard / fumée,Deux véhicules - frontale,2,2,2,0,2,3,2,0,1,80,2,5,4,0,1,0,72.0,51.0,voiture,voiture,1,1,1,5,1
202400020589,2024-05-23 15:28:00,2024,5,23,15,28,05,05132,Route des Combes,44.688862,6.139973,Plein jour,Hors agglomération,Hors intersection,Normale,Autre collision,3,2,2,0,2,2,1,0,3,80,1,1,0,0,1,0,54.0,,voiture,,1,1,1,1,6
202400020590,2024-05-26 11:45:00,2024,5,26,11,45,09,09065,D618,42.899594,1.360534,Plein jour,Hors agglomération,Hors intersection,Normale,Autre collision,3,2,2,0,2,2,1,0,3,80,1,1,0,0,1,0,41.0,,deux_roues,,1,1,1,1,6
202400020591,2024-05-27 00:30:00,2024,5,27,0,30,21,21704,Rue Saint Phal,47.822066,4.711761,Nuit sans éclairage public,En agglomération,Hors intersection,Normale,Autre collision,4,2,2,0,2,2,1,0,1,50,1,2,0,0,1,1,27.0,,voiture,,3,2,1,1,6
202400020592,2024-05-20 17:15:00,2024,5,20,17,15,27,27294,Rue du Claquedent,49.349727,1.363308,Plein jour,En agglomération,Intersection en T,Normale,Sans collision,3,2,2,0,1,1,1,0,1,50,1,1,0,0,1,0,16.0,,deux_roues,,1,2,3,1,7
202400020592,2024-05-20 17:15:00,2024,5,20,17,15,27,27294,Rue du Claquedent,49.349727,1.363308,Plein jour,En agglomération,Intersection en T,Normale,Sans collision,3,2,2,0,1,1,1,0,1,50,1,1,0,0,1,0,16.0,,deux_roues,,1,2,3,1,7
202400020593,2024-05-26 19:00:00,2024,5,26,19,0,30,30059,Avenue Fernand Granon,43.6849,4.233121,Plein jour,En agglomération,Intersection en X,Normale,Deux véhicules - côté,3,2,2,0,1,1,1,0,1,50,2,4,3,0,1,0,22.0,23.0,deux_roues,voiture,1,2,2,1,3
202400020593,2024-05-26 19:00:00,2024,5,26,19,0,30,30059,Avenue Fernand Granon,43.6849,4.233121,Plein jour,En agglomération,Intersection en X,Normale,Deux véhicules - côté,3,2,2,0,1,1,1,0,1,-1,2,4,3,0,1,0,22.0,23.0,deux_roues,voiture,1,2,2,1,3
202400020594,2024-05-27 07:45:00,2024,5,27,7,45,13,13091,avenue henri barbusse,43.625009,5.293458,Plein jour,En agglomération,Hors intersection,Normale,Deux véhicules - côté,3,2,2,0,1,1,1,0,1,50,2,2,1,0,1,0,43.0,49.0,deux_roues,voiture,1,2,1,1,3
202400020595,2024-05-21 13:40:00,2024,5,21,13,40,06,06018,16bis Chemin Neuf,43.626959,7.095307,Plein jour,En agglomération,Autre intersection,Normale,Deux véhicules - frontale,3,2,2,0,2,2,1,0,1,50,2,2,1,0,0,1,25.0,29.0,deux_roues,utilitaire_camion,1,2,9,1,1
202400020596,2024-05-27 14:20:00,2024,5,27,14,20,95,95580,D317,49.08519456,2.52990254,Plein jour,Hors agglomération,Hors intersection,Normale,Deux véhicules - frontale,3,3,3,0,3,1,1,0,1,80,2,2,0,0,0,2,24.0,23.0,voiture,voiture,1,1,1,1,1
202400020597,2024-05-27 14:55:00,2024,5,27,14,55,77,77339,A6 PK 055+500,48.383618,2.558098,Plein jour,Hors agglomération,Hors intersection,Normale,Deux véhicules - arrière,1,3,3,0,1,1,1,0,1,130,2,2,1,0,1,0,57.0,27.0,voiture,utilitaire_camion,1,1,1,1,2
202400020598,2024-05-26 16:00:00,2024,5,26,16,0,973,97304,Route Nationale 1 Sud,5.118771,-52.653201,Plein jour,Hors agglomération,Hors intersection,Normale,Deux véhicules - frontale,2,2,2,0,1,1,1,0,1,80,2,5,0,0,2,3,46.0,45.0,voiture,autre,1,1,1,1,1
202400020599,2024-03-16 11:50:00,2024,3,16,11,50,78,78615,D119,48.842901,1.924345,Plein jour,Hors agglomération,Hors intersection,Normale,Deux véhicules - côté,3,2,2,1,1,1,1,0,1,80,2,2,1,0,1,0,29.0,81.0,deux_roues,voiture,1,1,1,1,3
202400020600,2024-05-27 15:10:00,2024,5,27,15,10,66,66115,,42.53263346,2.86141545,Plein jour,Hors agglomération,Hors intersection,Temps couvert,Sans collision,4,2,1,1,1,4,1,9,5,30,1,1,0,0,1,0,18.0,,deux_roues,,1,1,1,8,7
202400020601,2024-05-23 16:30:00,2024,5,23,16,30,06,06077,Premier Rabier,43.872224,7.351875,Plein jour,Hors agglomération,Hors intersection,Normale,Deux véhicules - frontale,3,2,2,0,1,1,1,0,1,80,2,2,0,0,1,1,88.0,41.0,voiture,voiture,1,1,1,1,1
202400020602,2024-05-27 14:13:00,2024,5,27,14,13,26,26084,A7 PK 063+800,44.993394,4.879646,Plein jour,Hors agglomération,Hors intersection,Normale,Trois véhicules et plus - collisions multiples,1,3,5,0,1,2,1,0,1,130,3,6,2,0,1,3,51.0,72.0,utilitaire_camion,voiture,1,1,1,1,5
202400020603,2024-05-27 15:55:00,2024,5,27,15,55,89,89085,8 Route de Lyon,47.94104,3.491844,Plein jour,En agglomération,Autre intersection,Normale,Deux véhicules - côté,3,2,2,0,1,1,1,0,1,50,2,2,1,0,0,1,52.0,46.0,voiture,deux_roues,1,2,9,1,3
202400020604,2024-05-27 15:28:00,2024,5,27,15,28,71,71342,Route de Saint-yan,46.43801,4.093992,Plein jour,Hors agglomération,Intersection en T,Normale,Deux véhicules - côté,3,2,2,0,1,1,1,0,1,80,2,2,1,1,0,0,63.0,26.0,deux_roues,voiture,1,1,3,1,3
202400020604,2024-05-27 15:28:00,2024,5,27,15,28,71,71342,Route de Saint-yan,46.43801,4.093992,Plein jour,Hors agglomération,Intersection en T,Normale,Deux véhicules - côté,3,2,2,0,1,1,1,0,8,50,2,2,1,1,0,0,63.0,26.0,deux_roues,voiture,1,1,3,1,3
202400020605,2024-05-26 15:50:00,2024,5,26,15,50,71,71062,Route de Mesvres,46.93059,4.259112,Plein jour,Hors agglomération,Hors intersection,Normale,Sans collision,3,2,2,0,2,2,1,0,3,80,1,1,0,0,1,0,43.0,,voiture,,1,1,1,1,7
202400020606,2024-05-26 17:25:00,2024,5,26,17,25,67,67351,8 Rue de l'Ecole Niederseebach,48.952407,7.999239,Plein jour,En agglomération,Hors intersection,Normale,Sans collision,4,2,2,0,1,2,1,9,8,30,1,1,0,0,1,0,32.0,,deux_roues,,1,2,1,1,7
202400020607,2024-05-23 13:40:00,2024,5,23,13,40,54,54111,Route de Maron,48.61867598,6.08601808,Plein jour,En agglomération,Autre intersection,Normale,Deux véhicules - frontale,3,2,2,0,2,2,1,0,1,50,2,2,0,0,0,2,62.0,19.0,voiture,voiture,1,2,9,1,1
202400020607,2024-05-23 13:40:00,2024,5,23,13,40,54,54111,Route de Maron,48.61867598,6.08601808,Plein jour,En agglomération,Autre intersection,Normale,Deux véhicules - frontale,3,2, -1,0,2,3,1,0,1,80,2,2,0,0,0,2,62.0,19.0,voiture,voiture,1,2,9,1,1
202400020608,2024-05-26 18:45:00,2024,5,26,18,45,38,38236,Chemin de la Billonniere,45.421411,5.704056,Plein jour,Hors agglomération,Hors intersection,Normale,Sans collision,4,2,2,0,2,4,1,0,8,80,1,1,0,0,1,0,56.0,,deux_roues,,1,1,1,1,7
202400020609,2024-05-25 15:37:00,2024,5,25,15,37,69,69116,Allée des Frènes,45.816571,4.772358,Plein jour,En agglomération,Intersection en X,Normale,Deux véhicules - côté,4,2,2,0,1,1,1,0,1,50,2,2,1,0,0,1,29.0,91.0,deux_roues,voiture,1,2,2,1,3
202400020610,2024-05-27 14:05:00,2024,5,27,14,5,81,81081,D85,43.491814,2.145794,Plein jour,En agglomération,Hors intersection,Normale,Autre collision,3,2,2,0,1,1,1,0,1,50,1,2,1,0,1,0,61.0,,utilitaire_camion,,1,2,1,1,6
202400020611,2024-02-28 09:35:00,2024,2,28,9,35,65,65059,Parking n°5 - station Grand Tourmalet,42.918799,0.189557,Plein jour,Hors agglomération,Hors intersection,Normale,Autre collision,6,-1, -1,0,1,1,7,0,8,30,1,2,1,0,0,1,42.0,,voiture,,1,1,1,1,6
202400020612,2024-05-26 06:00:00,2024,5,26,6,0,14,14530,22 Route du Parc,49.214165,-0.290365,Crépuscule ou aube,En agglomération,Hors intersection,Normale,Autre collision,4,2,2,0,1,1,1,0,3,50,1,1,0,1,0,0,22.0,,voiture,,2,2,1,1,6
202400020613,2024-05-27 18:55:00,2024,5,27,18,55,80,80410,42 Rue de Verdun,49.742753,3.083808,Crépuscule ou aube,En agglomération,Hors intersection,Normale,Deux véhicules - côté,3,2,2,0,1,1,2,0,1,50,2,4,1,0,1,2,61.0,22.0,voiture,voiture,2,2,1,1,3
202400020614,2024-05-26 21:35:00,2024,5,26,21,35,59,59419,rue de genech,50.5234,3.259302,Plein jour,Hors agglomération,Hors intersection,Normale,Sans collision,3,2,2,0,1,1,1,0,1,80,1,3,0,0,0,3,38.0,,voiture,,1,1,1,1,7
202400020615,2024-05-26 11:50:00,2024,5,26,11,50,59,59477,62 Rue Nationale,50.51239632,2.91691303,Plein jour,En agglomération,Hors intersection,Normale,Autre collision,7,2,2,0,1,1,1,9,1,50,1,2,1,0,1,0,50.0,,voiture,,1,2,1,1,6
202400020616,2024-05-26 18:41:00,2024,5,26,18,41,13,13214,A507 sens Aubagne- Marseille,43.33026917,5.38957741,Plein jour,Hors agglomération,Hors intersection,Normale,Deux véhicules - côté,1,-1,3,0,1,3,1,1,1,70,2,8,5,0,0,3,22.0,23.0,voiture,voiture,1,1,1,1,3
202400020617,2024-05-25 19:40:00,2024,5,25,19,40,13,13215,A7-Sens Marseille vers Lyon,43.37536866,5.36024259,Plein jour,Hors agglomération,Hors intersection,Normale,Deux véhicules - arrière,1,1,3,0,1,1,1,0,1,90,2,5,3,0,0,2,37.0,39.0,voiture,voiture,1,1,1,1,2
202400020618,2024-05-24 19:00:00,2024,5,24,19,0,13,13214,A7-Sens Lyon vers Marseille,43.3343,5.3771,Plein jour,Hors agglomération,Hors intersection,Normale,Deux véhicules - arrière,1,1,3,0,1,1,1,0,1,70,2,2,1,0,0,1,31.0,63.0,voiture,deux_roues,1,1,1,1,2
202400020619,2024-05-25 12:15:00,2024,5,25,12,15,13,13088,A55-Sens Martigues vers Marseille,43.37901,5.22352,Plein jour,Hors agglomération,Hors intersection,Normale,Autre collision,1,1,1,0,1,3,1,0,1,50,1,1,0,0,0,1,23.0,,deux_roues,,1,1,1,1,6
202400020620,2024-05-24 19:17:00,2024,5,24,19,17,13,13106,A7-Sens Marseille vers Lyon,43.39426,5.35137,Plein jour,Hors agglomération,Hors intersection,Normale,Deux véhicules - côté,1,3,2,0,3,1,1,8,1,70,2,2,1,0,1,0,34.0,24.0,deux_roues,utilitaire_camion,1,1,1,1,3
202400020621,2024-05-26 00:05:00,2024,5,26,0,5,69,69275,Rocade Est,45.77791833,4.96744966,Nuit sans éclairage public,Hors agglomération,Hors intersection,Normale,Deux véhicules - arrière,2,3,4,0,1,1,1,0,1,90,2,4,2,0,0,2,47.0,27.0,utilitaire_camion,voiture,3,1,1,1,2
202400020622,2024-05-24 09:43:00,2024,5,24,9,43,67,67482,M35,48.58767,7.72812,Plein jour,Hors agglomération,Hors intersection,Normale,Deux véhicules - arrière,7,1,4,0,1,1,1,0,1,70,2,2,1,0,0,1,56.0,38.0,voiture,voiture,1,1,1,1,2
202400020623,2024-05-26 10:45:00,2024,5,26,10,45,94,94021,A6B,48.76877597,2.34362068,Plein jour,Hors agglomération,Hors intersection,Normale,Autre collision,1,1,2,0,1,1,1,0,1,90,1,1,0,0,0,1,25.0,,deux_roues,,1,1,1,1,6
202400020624,2024-05-26 06:00:00,2024,5,26,6,0,91,91659,AUTOROUTE A6,48.59119,2.44579,Plein jour,Hors agglomération,Hors intersection,Normale,Deux véhicules - arrière,1,1,3,0,1,1,1,0,1,110,2,2,1,0,0,1,26.0,20.0,voiture,voiture,1,1,1,1,2
202400020625,2024-05-25 01:05:00,2024,5,25,1,5,92,92064,A13,48.83793332,2.19049695,Nuit sans éclairage public,Hors agglomération,Hors intersection,Normale,Deux véhicules - frontale,1,1,3,0,2,1,1,0,1,90,2,3,2,0,0,1,30.0,32.0,deux_roues,voiture,3,1,1,1,1
202400020626,2024-05-25 19:30:00,2024,5,25,19,30,78,78117,RN12,48.787879,2.144092,Plein jour,Hors agglomération,Hors intersection,Normale,Deux véhicules - arrière,2,1,3,0,2,1,1,0,1,110,2,2,1,0,1,0,26.0,39.0,deux_roues,voiture,1,1,1,1,2
202400020627,2024-05-26 17:35:00,2024,5,26,17,35,92,92036,AUTOROUTE A86,48.93871924,2.30981521,Plein jour,Hors agglomération,Hors intersection,Normale,Autre collision,1,3,6,0,1,1,1,0,1,90,2,4,1,0,0,3,57.0,56.0,voiture,voiture,1,1,1,1,6
202400020628,2024-05-26 17:30:00,2024,5,26,17,30,93,93007,A3,48.93439349,2.48054299,Plein jour,Hors agglomération,Hors intersection,Normale,Trois véhicules et plus - en chaîne,1,3,3,0,1,1,1,0,1,110,3,3,2,0,0,1,37.0,24.0,voiture,voiture,1,1,1,1,4
202400020629,2024-05-25 18:30:00,2024,5,25,18,30,93,93007,A3,48.93439349,2.48054299,Plein jour,Hors agglomération,Hors intersection,Normale,Deux véhicules - arrière,1,3,3,0,1,1,1,0,1,90,2,2,1,0,0,1,34.0,19.0,voiture,deux_roues,1,1,1,1,2
202400020630,2024-10-11 16:10:00,2024,10,11,16,10,64,64284,HENRI IV,43.28086,-0.38754,Plein jour,Hors agglomération,Hors intersection,Normale,Deux véhicules - côté,3,2,3,0,1,1,1,0,1,50,2,2,1,0,0,1,59.0,60.0,voiture,voiture,1,1,1,1,3
202400020631,2024-05-25 11:45:00,2024,5,25,11,45,77,77514,A104,48.93546957,2.62810044,Plein jour,Hors agglomération,Hors intersection,Normale,Autre collision,1,-1,2,0,2,1,1,0,1,90,11,13,3,1,2,7,36.0,54.0,utilitaire_camion,voiture,1,1,1,1,6
202400020632,2024-05-12 11:34:00,2024,5,12,11,34,57,57240,rue du passage supérieur,49.14486,6.8117,Plein jour,En agglomération,Hors intersection,Normale,Deux véhicules - frontale,4,3,2,0,2,3,1,2,1,50,2,2,1,0,1,0,20.0,92.0,voiture,voiture,1,2,1,1,1
202400020633,2024-10-11 07:30:00,2024,10,11,7,30,64,64269,TARBES DE,43.29799,-0.30222,Crépuscule ou aube,En agglomération,Hors intersection,Normale,Trois véhicules et plus - en chaîne,3,2,2,0,1,1,1,0,1,50,3,3,2,0,0,1,46.0,56.0,voiture,voiture,2,2,1,1,4
202400020634,2024-01-20 16:30:00,2024,1,20,16,30,62,62826,Chemin etienne carmier,50.49808,1.6233,Plein jour,En agglomération,Hors intersection,Neige / grêle,Autre collision,4,1,1,0,1,1,7,0,1,30,1,2,1,0,1,0,16.0,,deux_roues,,1,2,1,4,6
202400020635,2024-02-09 17:20:00,2024,2,9,17,20,14,14258,20 Rue des Champs Saint-Georges ,48.890649,-0.184456,Plein jour,En agglomération,Hors intersection,Normale,Sans collision,4,2,2,0,1,1,1,0,1,50,1,1,0,0,0,1,17.0,,deux_roues,,1,2,1,1,7
202400020636,2024-02-08 05:30:00,2024,2,8,5,30,14,14216,Route de Livarot ,48.919961,-0.104413,Nuit sans éclairage public,Hors agglomération,Hors intersection,Normale,Deux véhicules - arrière,3,2,2,0,1,1,1,0,1,80,2,2,1,0,1,0,34.0,16.0,utilitaire_camion,deux_roues,3,1,1,1,2
202400020637,2024-10-12 00:30:00,2024,10,12,0,30,64,64024,ESPAGNE (AVENUE D'),43.47657316,-1.52634448,Nuit avec éclairage allumé,En agglomération,Intersection en T,Normale,Deux véhicules - côté,3,2,2,0,1,1,1,0,1,50,2,2,1,0,0,1,53.0,22.0,deux_roues,voiture,5,2,3,1,3
202400020637,2024-10-12 00:30:00,2024,10,12,0,30,64,64024,ESPAGNE (AVENUE D'),43.47657316,-1.52634448,Nuit avec éclairage allumé,En agglomération,Intersection en T,Normale,Deux véhicules - côté,3,-1,2,0,1,1,1,0,1,50,2,2,1,0,0,1,53.0,22.0,deux_roues,voiture,5,2,3,1,3
202400020638,2024-05-25 10:35:00,2024,5,25,10,35,974,97416,DE VILLIERS 5CHEMIN ADAM),-21.30331,55.42425,Plein jour,Hors agglomération,Autre intersection,Normale,Deux véhicules - frontale,4,-1,2,3,1,1,2,0,1,30,2,4,0,0,0,4,56.0,44.0,voiture,transport_commun,1,1,9,1,1
202400020639,2024-05-25 06:45:00,2024,5,25,6,45,974,97416,BADAMIER(CHEMIN),-21.33038,55.45684,Plein jour,Hors agglomération,Autre intersection,Pluie légère,Deux véhicules - côté,4,-1,2,0,1,1,2,0,1,30,2,2,1,0,0,1,57.0,51.0,voiture,voiture,1,1,9,2,3
202400020640,2024-05-25 16:40:00,2024,5,25,16,40,974,97411,DORET 1 (BOULEVARD),-20.89077,55.46155,Plein jour,En agglomération,Hors intersection,Normale,Sans collision,4,2,2,0,3,1,1,2,1,50,2,3,1,0,0,2,31.0,46.0,deux_roues,voiture,1,2,1,1,7
202400020641,2024-10-10 17:56:00,2024,10,10,17,56,64,64102,ROND POINT DU GRAND BASQUE,43.48683,-1.46889,Plein jour,En agglomération,Giratoire,Normale,Deux véhicules - côté,3,3,2,0,1,1,1,0,1,50,2,2,1,0,0,1,36.0,36.0,voiture,deux_roues,1,2,6,1,3
202400020641,2024-10-10 17:56:00,2024,10,10,17,56,64,64102,ROND POINT DU GRAND BASQUE,43.48683,-1.46889,Plein jour,En agglomération,Giratoire,Normale,Deux véhicules - côté,3,1,2,0,1,2,1,0,1,30,2,2,1,0,0,1,36.0,36.0,voiture,deux_roues,1,2,6,1,3
202400020642,2024-05-25 10:35:00,2024,5,25,10,35,974,97407,ROUTE DU SACRE COEUR,-20.95889548,55.31986928,Plein jour,En agglomération,Hors intersection,Normale,Deux véhicules - arrière,2,2,2,0,1,1,1,0,1,50,2,2,1,0,0,1,17.0,30.0,deux_roues,voiture,1,2,1,1,2
202400020643,2024-05-25 23:00:00,2024,5,25,23,0,69,69383,Avenue Maréchal de Saxe,45.76354882,4.84494552,Nuit avec éclairage allumé,En agglomération,Intersection en X,Normale,Autre collision,4,1,1,2,1,1,1,0,1,30,2,2,1,0,0,1,40.0,,deux_roues,voiture,5,2,2,1,6
202400020643,2024-05-25 23:00:00,2024,5,25,23,0,69,69383,Avenue Maréchal de Saxe,45.76354882,4.84494552,Nuit avec éclairage allumé,En agglomération,Intersection en X,Normale,Autre collision,4,1,1,3,1,1,1,0,1,50,2,2,1,0,0,1,40.0,,deux_roues,voiture,5,2,2,1,6
202400020644,2024-10-10 11:45:00,2024,10,10,11,45,64,64102,SAINT ETIENNE (CHEMIN DE ),43.49678,-1.46317,Plein jour,En agglomération,Hors intersection,Pluie légère,Deux véhicules - frontale,4,2,2,0,2,3,2,0,1,50,2,2,1,0,0,1,18.0,30.0,deux_roues,voiture,1,2,1,2,1
202400020645,2024-05-25 22:40:00,2024,5,25,22,40,69,69387,Avenue Jean Jaurès,45.73386502,4.83514027,Nuit avec éclairage allumé,En agglomération,Autre intersection,Normale,Autre collision,4,2,2,2,1,1,1,0,5,30,1,2,1,0,0,1,24.0,,deux_roues,,5,2,9,1,6
202400020646,2024-05-25 21:45:00,2024,5,25,21,45,69,69034,Route de Strasbourg,45.7914,4.86291,Nuit sans éclairage public,En agglomération,Intersection en T,Normale,Deux véhicules - côté,4,2,4,0,1,1,1,0,1,50,2,3,2,0,0,1,25.0,22.0,voiture,deux_roues,3,2,3,1,3
202400020646,2024-05-25 21:45:00,2024,5,25,21,45,69,69034,Route de Strasbourg,45.7914,4.86291,Nuit sans éclairage public,En agglomération,Intersection en T,Normale,Deux véhicules - côté,4,2,2,2,1,1,1,0,1,50,2,3,2,0,0,1,25.0,22.0,voiture,deux_roues,3,2,3,1,3
202400020647,2024-10-11 06:09:00,2024,10,11,6,9,63,63113,ITALIE (AVENUE DE L'),45.7822,3.0953,Nuit avec éclairage allumé,En agglomération,Giratoire,Normale,Deux véhicules - côté,4,2,2,0,1,1,2,5,5,30,2,2,1,0,0,1,23.0,48.0,voiture,deux_roues,5,2,6,1,3
202400020647,2024-10-11 06:09:00,2024,10,11,6,9,63,63113,ITALIE (AVENUE DE L'),45.7822,3.0953,Nuit avec éclairage allumé,En agglomération,Giratoire,Normale,Deux véhicules - côté,4,2,2,1,1,3,2,5,5,30,2,2,1,0,0,1,23.0,48.0,voiture,deux_roues,5,2,6,1,3
202400020648,2024-05-25 18:20:00,2024,5,25,18,20,69,69034,71 Route de Strasbourg,45.79533,4.87467,Plein jour,En agglomération,Hors intersection,Temps couvert,Deux véhicules - frontale,7,2,3,0,2,1,1,0,1,50,2,6,1,0,0,5,45.0,20.0,voiture,voiture,1,2,1,8,1
202400020649,2024-05-25 12:40:00,2024,5,25,12,40,971,97101,CARAQUE,16.25353,-61.49366,Plein jour,Hors agglomération,Intersection en T,Normale,Deux véhicules - côté,3,-1,1,0,1,1,1,0,1,30,2,2,1,0,0,1,76.0,41.0,voiture,deux_roues,1,1,3,1,3
202400020649,2024-05-25 12:40:00,2024,5,25,12,40,971,97101,CARAQUE,16.25353,-61.49366,Plein jour,Hors agglomération,Intersection en T,Normale,Deux véhicules - côté,3,-1,2,0,1,1,1,0,1,50,2,2,1,0,0,1,76.0,41.0,voiture,deux_roues,1,1,3,1,3
202400020650,2024-10-10 18:35:00,2024,10,10,18,35,62,62083,Rue de Fresnicourt,50.45496,2.61686,Plein jour,En agglomération,Hors intersection,Normale,Autre collision,4,2,2,0,2,2,2,0,4,50,1,2,1,0,1,0,38.0,,voiture,,1,2,1,1,6
202400020651,2024-10-08 17:10:00,2024,10,8,17,10,62,62250,Place Jean Tailliez,50.45895,2.94528,Plein jour,En agglomération,Hors intersection,Normale,Autre collision,4,2,1,0,1,1,1,0,1,40,1,2,0,0,2,0,79.0,,voiture,,1,2,1,1,6
202400020652,2024-05-24 17:55:00,2024,5,24,17,55,2A,2A004,NICOLI JEAN COURS,41.9337,8.74406,Plein jour,En agglomération,Intersection en X,Normale,Deux véhicules - côté,2,2,5,0,1,1,1,0,1,50,2,3,2,0,0,1,23.0,60.0,voiture,deux_roues,1,2,2,1,3
202400020652,2024-05-24 17:55:00,2024,5,24,17,55,2A,2A004,NICOLI JEAN COURS,41.9337,8.74406,Plein jour,En agglomération,Intersection en X,Normale,Deux véhicules - côté,2,3,5,0,1,1,1,0,1,50,2,3,2,0,0,1,23.0,60.0,voiture,deux_roues,1,2,2,1,3
202400020653,2024-10-11 08:10:00,2024,10,11,8,10,62,62186,Rue Jules Verne,50.43834732,2.72359997,Plein jour,En agglomération,Hors intersection,Normale,Deux véhicules - côté,4,2,2,0,1,1,1,0,1,50,2,2,1,0,1,0,50.0,14.0,voiture,deux_roues,1,2,1,1,3
202400020654,2024-05-25 02:10:00,2024,5,25,2,10,84,84031,JAURES AVENUE JEAN,44.05209,5.04844,Nuit avec éclairage allumé,En agglomération,Intersection en T,Normale,Deux véhicules - côté,4,2,1,0,1,1,1,0,1,50,2,6,4,0,0,2,40.0,35.0,voiture,voiture,5,2,3,1,3
202400020654,2024-05-25 02:10:00,2024,5,25,2,10,84,84031,JAURES AVENUE JEAN,44.05209,5.04844,Nuit avec éclairage allumé,En agglomération,Intersection en T,Normale,Deux véhicules - côté,4,1,2,0,1,1,1,0,1,50,2,6,4,0,0,2,40.0,35.0,voiture,voiture,5,2,3,1,3
202400020655,2024-10-11 09:30:00,2024,10,11,9,30,62,62523,D162,50.43732,2.8717,Plein jour,En agglomération,Hors intersection,Normale,Sans collision,3,2,2,0,1,1,1,0,1,50,1,3,1,0,2,0,49.0,,voiture,,1,2,1,1,7
202400020656,2024-05-25 15:30:00,2024,5,25,15,30,83,83062,DELAGE (RUE MARC),43.12493641,6.00462395,Plein jour,En agglomération,Giratoire,Normale,Deux véhicules - côté,4,1,1,0,1,2,1,5,1,50,2,4,3,0,1,0,15.0,16.0,deux_roues,deux_roues,1,2,6,1,3