accident_id,datetime,annee,mois,jour,heure,minute,departement,commune_insee,adresse,latitude,longitude,luminosite,agglomeration,intersection,meteo,collision,catr,circ,nbv,vosp,prof,plan,surf,infra,situ,vma,nb_vehicules,nb_usagers,nb_indemnes,nb_tues,nb_blesses_hosp,nb_blesses_legers,age_cond_1,age_cond_2,veh_type_cond_1,veh_type_cond_2,lum_code,agg_code,int_code,atm_code,col_code
202400020657,2024-05-25 08:00:00,2024,5,25,8,0,83,83009,BOIS MAURIN (BOULEVARD DU),43.14269,5.74802,Plein jour,En agglomération,Hors intersection,Normale,Autre collision,4,2,2,0,2,3,1,0,1,50,1,2,1,0,1,0,52.0,,utilitaire_camion,,1,2,1,1,6
202400020658,2024-10-11 19:00:00,2024,10,11,19,0,62,62120,D86,50.44234648,2.52059424,Plein jour,En agglomération,Hors intersection,Normale,Autre collision,3,2,2,0,1,1,1,0,1,50,1,1,0,0,0,1,20.0,,utilitaire_camion,,1,2,1,1,6
202400020659,2024-05-25 14:05:00,2024,5,25,14,5,80,80021,Rue Béranger,49.889186,2.285088,Plein jour,En agglomération,Hors intersection,Normale,Deux véhicules - côté,4,2,2,0,1,1,1,0,1,50,2,2,1,0,0,1,33.0,22.0,voiture,deux_roues,1,2,1,1,3
202400020660,2024-10-11 12:00:00,2024,10,11,12,0,60,60057,Rue des Vignes,49.43331,2.10361,Plein jour,En agglomération,Hors intersection,Pluie légère,Autre collision,4,2,2,0,1,1,2,0,4,50,1,4,1,0,0,3,38.0,,voiture,,1,2,1,2,6
202400020661,2024-05-25 08:00:00,2024,5,25,8,0,78,78650,MONTESSON (ROUTE DE),48.89872,2.11749,Plein jour,En agglomération,Intersection en X,Normale,Deux véhicules - côté,3,1,1,0,1,1,1,0,1,50,2,2,1,0,0,1,50.0,42.0,voiture,deux_roues,1,2,2,1,3
202400020661,2024-05-25 08:00:00,2024,5,25,8,0,78,78650,MONTESSON (ROUTE DE),48.89872,2.11749,Plein jour,En agglomération,Intersection en X,Normale,Deux véhicules - côté,3,2,2,0,1,1,1,0,1,50,2,2,1,0,0,1,50.0,42.0,voiture,deux_roues,1,2,2,1,3
202400020662,2024-05-24 11:45:00,2024,5,24,11,45,77,77216,CHE DES PRES,48.31432424,2.69336445,Plein jour,En agglomération,Hors intersection,Normale,Sans collision,4,2,2,0,1,2,1,0,1,30,1,1,0,0,0,1,29.0,,deux_roues,,1,2,1,1,7
202400020663,2024-10-11 16:15:00,2024,10,11,16,15,59,59426,PETIT MENIN (RUE DU),50.743267,3.14303,Plein jour,En agglomération,Hors intersection,Normale,Autre collision,4,1,2,0,1,1,1,0,1,30,1,2,1,0,0,1,79.0,,voiture,,1,2,1,1,6
202400020664,2024-05-25 02:05:00,2024,5,25,2,5,76,76165,Rue Emile Zola,49.28256,1.01752,Nuit avec éclairage allumé,En agglomération,Intersection à plus de 4 branches,Normale,Deux véhicules - côté,4,2,2,0,1,1,1,0,1,50,2,4,3,0,0,1,31.0,23.0,voiture,voiture,5,2,5,1,3
202400020664,2024-05-25 02:05:00,2024,5,25,2,5,76,76165,Rue Emile Zola,49.28256,1.01752,Nuit avec éclairage allumé,En agglomération,Intersection à plus de 4 branches,Normale,Deux véhicules - côté,4,2,2,0,1,1,1,0,1,50,2,4,3,0,0,1,31.0,23.0,voiture,voiture,5,2,5,1,3
202400020664,2024-05-25 02:05:00,2024,5,25,2,5,76,76165,Rue Emile Zola,49.28256,1.01752,Nuit avec éclairage allumé,En agglomération,Intersection à plus de 4 branches,Normale,Deux véhicules - côté,4,2,2,0,1,1,1,0,1,50,2,4,3,0,0,1,31.0,23.0,voiture,voiture,5,2,5,1,3
202400020665,2024-10-07 15:55:00,2024,10,7,15,55,57,57227,BARTH (RUE FELIX ),49.183161,6.894956,Plein jour,En agglomération,Hors intersection,Normale,Autre collision,4,1,1,0,1,1,1,0,1,50,1,2,1,0,1,0,18.0,,voiture,,1,2,1,1,6
202400020666,2024-10-12 00:40:00,2024,10,12,0,40,56,56260,Rue Ferdinand Le Dressay,47.65375,-2.75742,Nuit avec éclairage allumé,En agglomération,Hors intersection,Pluie légère,Sans collision,4,1,1,0,2,1,2,0,1,30,1,1,0,0,0,1,16.0,,deux_roues,,5,2,1,2,7
202400020667,2024-05-25 19:15:00,2024,5,25,19,15,76,76114,Avenue Louis Debray,49.57961,0.47497,Plein jour,En agglomération,Hors intersection,Normale,Autre collision,6,-1,0,0,1,1,1,9,8,20,1,3,2,0,0,1,60.0,,voiture,,1,2,1,1,6
202400020668,2024-05-24 17:00:00,2024,5,24,17,0,74,74010,JEAN JAURES,45.90195,6.12877,Plein jour,En agglomération,Hors intersection,Temps couvert,Deux véhicules - côté,4,1,3,3,1,1,1,0,1,30,2,2,1,0,1,0,30.0,45.0,deux_roues,deux_roues,1,2,1,8,3
202400020669,2024-10-11 18:30:00,2024,10,11,18,30,56,56260,Boulevard du Général Guillaudot,47.667,-2.745,Plein jour,En agglomération,Hors intersection,Normale,Sans collision,4,2,2,2,2,3,1,-1,1,50,1,1,0,0,0,1,33.0,,deux_roues,,1,2,1,1,7
202400020670,2024-05-25 17:47:00,2024,5,25,17,47,72,72181,ISAAC CHARBONNIERE (RTE D'),48.01646,0.24075,Plein jour,En agglomération,Giratoire,Temps couvert,Autre collision,4,1,1,0,1,3,1,0,4,30,1,1,0,0,0,1,58.0,,voiture,,1,2,6,8,6
202400020670,2024-05-25 17:47:00,2024,5,25,17,47,72,72181,ISAAC CHARBONNIERE (RTE D'),48.01646,0.24075,Plein jour,En agglomération,Giratoire,Temps couvert,Autre collision,4,1,1,0,1,3,1,2,4,30,1,1,0,0,0,1,58.0,,voiture,,1,2,6,8,6
202400020671,2024-10-11 07:55:00,2024,10,11,7,55,56,56098,Route de Kerhervy,47.76942,-3.31266,Nuit sans éclairage public,Hors agglomération,Hors intersection,Normale,Autre collision,4,2,2,2,1,1,1,-1,1,50,1,3,1,0,0,2,17.0,,deux_roues,,3,1,1,1,6
202400020672,2024-05-25 17:35:00,2024,5,25,17,35,67,67218,NEUHOF (ROUTE DE),48.53947,7.75432,Plein jour,Hors agglomération,Hors intersection,Normale,Deux véhicules - frontale,7,2,2,0,1,1,1,0,1,50,2,2,0,0,0,2,56.0,70.0,voiture,voiture,1,1,1,1,1
202400020673,2024-10-10 20:15:00,2024,10,10,20,15,56,56121,Boulevard Flandres-Dunkerque 1940,47.744727,-3.39555,Nuit avec éclairage allumé,En agglomération,Hors intersection,Normale,Autre collision,4,3,3,3,1,1,1,0,1,30,1,2,1,0,0,1,73.0,,voiture,,5,2,1,1,6
202400020674,2024-05-25 15:50:00,2024,5,25,15,50,67,67180,RD263,48.891337,7.832864,Plein jour,Hors agglomération,Intersection en T,Normale,Deux véhicules - côté,3,2,2,0,1,1,1,5,1,80,2,2,1,0,1,0,50.0,42.0,voiture,deux_roues,1,1,3,1,3
202400020674,2024-05-25 15:50:00,2024,5,25,15,50,67,67180,RD263,48.891337,7.832864,Plein jour,Hors agglomération,Intersection en T,Normale,Deux véhicules - côté,3,2,2,0,1,1,1,5,1,80,2,2,1,0,1,0,50.0,42.0,voiture,deux_roues,1,1,3,1,3
202400020675,2024-05-24 17:36:00,2024,5,24,17,36,65,65440,TILLEULS (AVENUE DES),43.2428,0.0788,Plein jour,En agglomération,Hors intersection,Normale,Deux véhicules - côté,4,2,2,0,1,1,1,0,1,50,2,2,1,0,0,1,25.0,18.0,voiture,deux_roues,1,2,1,1,3
202400020676,2024-10-10 10:00:00,2024,10,10,10,0,56,56083,Rond-point de la Gardeloupe,47.79966,-3.2606,Plein jour,En agglomération,Giratoire,Normale,Deux véhicules - côté,4,1,2,0,1,2,1,5,1,30,2,3,2,0,0,1,90.0,76.0,voiture,deux_roues,1,2,6,1,3
202400020676,2024-10-10 10:00:00,2024,10,10,10,0,56,56083,Rond-point de la Gardeloupe,47.79966,-3.2606,Plein jour,En agglomération,Giratoire,Normale,Deux véhicules - côté,4,2,2,0,1,1,1,0,1,30,2,3,2,0,0,1,90.0,76.0,voiture,deux_roues,1,2,6,1,3
202400020677,2024-05-25 13:10:00,2024,5,25,13,10,64,64348,SANTONA DE,43.32048,-0.39192,Plein jour,En agglomération,Giratoire,Normale,Deux véhicules - arrière,3,2,2,0,1,1,1,0,1,70,2,2,1,0,0,1,50.0,24.0,voiture,deux_roues,1,2,6,1,2
202400020677,2024-05-25 13:10:00,2024,5,25,13,10,64,64348,SANTONA DE,43.32048,-0.39192,Plein jour,En agglomération,Giratoire,Normale,Deux véhicules - arrière,3,3,2,0,1,1,1,9,1,50,2,2,1,0,0,1,50.0,24.0,voiture,deux_roues,1,2,6,1,2
202400020678,2024-05-25 10:45:00,2024,5,25,10,45,64,64445,CAMOU,43.3001,-0.37525,Plein jour,En agglomération,Hors intersection,Normale,Autre collision,4,1,1,0,1,3,1,0,8,50,1,1,0,0,0,1,79.0,,voiture,,1,2,1,1,6
202400020679,2024-10-09 05:29:00,2024,10,9,5,29,54,54149,D521,49.43893,5.91318,Nuit sans éclairage public,Hors agglomération,Intersection en X,Pluie forte,Deux véhicules - côté,3,2,2,0,1,1,3,0,1,70,2,2,0,0,0,2,55.0,45.0,voiture,voiture,3,1,2,3,3
202400020679,2024-10-09 05:29:00,2024,10,9,5,29,54,54149,D521,49.43893,5.91318,Nuit sans éclairage public,Hors agglomération,Intersection en X,Pluie forte,Deux véhicules - côté,3,1,2,0,4,3,2,0,1,70,2,2,0,0,0,2,55.0,45.0,voiture,voiture,3,1,2,3,3
202400020680,2024-05-20 17:30:00,2024,5,20,17,30,59,59350,Rue de Lannoy,50.63399,3.09603,Plein jour,En agglomération,Autre intersection,Normale,Autre collision,7,2,2,1,1,1,1,0,5,50,1,2,1,0,0,1,33.0,,voiture,,1,2,9,1,6
202400020681,2024-10-11 12:45:00,2024,10,11,12,45,51,51454,SCHUMAN (AVENUE ROBERT),49.232869,4.007551,Plein jour,En agglomération,Hors intersection,Normale,Autre collision,4,2,2,0,1,1,1,0,1,50,1,2,1,0,0,1,18.0,,voiture,,1,2,1,1,6
202400020682,2024-05-25 22:22:00,2024,5,25,22,22,56,56260,Avenue du Général Delestraint,47.65499,-2.73979,Nuit avec éclairage allumé,En agglomération,Giratoire,Pluie légère,Deux véhicules - côté,4,1,2,2,1,2,2,-1,1,50,2,2,1,0,0,1,49.0,17.0,voiture,deux_roues,5,2,6,2,3
202400020682,2024-05-25 22:22:00,2024,5,25,22,22,56,56260,Avenue du Général Delestraint,47.65499,-2.73979,Nuit avec éclairage allumé,En agglomération,Giratoire,Pluie légère,Deux véhicules - côté,4,2,2,0,1,3,2,-1,1,50,2,2,1,0,0,1,49.0,17.0,voiture,deux_roues,5,2,6,2,3
202400020683,2024-05-24 07:50:00,2024,5,24,7,50,56,56260,Avenue du Général Borgnis-Desbordes,47.65532,-2.79055,Plein jour,En agglomération,Hors intersection,Normale,Deux véhicules - côté,4,2,2,0,1,1,1,0,1,50,2,2,1,0,0,1,23.0,17.0,voiture,deux_roues,1,2,1,1,3
202400020684,2024-10-11 14:25:00,2024,10,11,14,25,50,50532,NATIONALE (ANCIENNE ROUTE),48.8061,-1.5322,Plein jour,Hors agglomération,Hors intersection,Normale,Deux véhicules - arrière,3,2,2,0,1,1,1,0,1,80,2,2,1,0,0,1,27.0,40.0,voiture,voiture,1,1,1,1,2
202400020685,2024-05-25 20:55:00,2024,5,25,20,55,54,54304,Boulevard de Hardeval,48.67758952,6.14873081,Plein jour,En agglomération,Intersection en X,Normale,Deux véhicules - côté,4,2, -1,0,2,1,1,0,1,50,2,2,1,0,0,1,22.0,33.0,voiture,voiture,1,2,2,1,3
202400020685,2024-05-25 20:55:00,2024,5,25,20,55,54,54304,Boulevard de Hardeval,48.67758952,6.14873081,Plein jour,En agglomération,Intersection en X,Normale,Deux véhicules - côté,4,2, -1,0,2,1,1,0,1,50,2,2,1,0,0,1,22.0,33.0,voiture,voiture,1,2,2,1,3
202400020686,2024-10-10 14:50:00,2024,10,10,14,50,50,50129,CLAIRES (RUE DES),49.66142,-1.6896,Plein jour,Hors agglomération,Autre intersection,Normale,Deux véhicules - côté,6,-1, -1,0,1,1,1,0,1,30,2,2,1,0,0,1,19.0,36.0,voiture,voiture,1,1,9,1,3
202400020687,2024-05-25 14:25:00,2024,5,25,14,25,54,54575,RN52,49.47466,5.83247,Plein jour,Hors agglomération,Hors intersection,Normale,Autre collision,2,3,2,0,1,1,1,0,1,110,1,1,0,0,0,1,24.0,,voiture,,1,1,1,1,6
202400020688,2024-05-24 12:35:00,2024,5,24,12,35,54,54036,D139,49.30080007,6.00469351,Plein jour,Hors agglomération,Hors intersection,Pluie forte,Autre collision,3,2,2,0,1,2,2,0,1,80,1,1,0,0,0,1,26.0,,voiture,,1,1,1,3,6
202400020689,2024-05-25 23:50:00,2024,5,25,23,50,49,49007,FOCH BOULEVARD,47.46903,-0.54973,Nuit avec éclairage allumé,En agglomération,Hors intersection,Normale,Autre collision,4,3,2,0,1,1,1,0,1,30,2,2,1,0,0,1,22.0,40.0,deux_roues,voiture,5,2,1,1,6
202400020690,2024-10-11 07:40:00,2024,10,11,7,40,49,49328,FUSILLES (AVENUE DES) N 147,47.28094,-0.05414,Crépuscule ou aube,En agglomération,Intersection en X,Brouillard / fumée,Deux véhicules - côté,4,1,2,0,1,1,1,0,1,50,2,2,1,0,0,1,16.0,48.0,deux_roues,utilitaire_camion,2,2,2,5,3
202400020690,2024-10-11 07:40:00,2024,10,11,7,40,49,49328,FUSILLES (AVENUE DES) N 147,47.28094,-0.05414,Crépuscule ou aube,En agglomération,Intersection en X,Brouillard / fumée,Deux véhicules - côté,4,2,2,0,1,1,1,0,1,50,2,2,1,0,0,1,16.0,48.0,deux_roues,utilitaire_camion,2,2,2,5,3
202400020691,2024-05-25 17:38:00,2024,5,25,17,38,49,49246,MOULIN MARCILLE CHEMIN,47.43601,-0.5027,Plein jour,En agglomération,Hors intersection,Normale,Deux véhicules - côté,3,2,0,0,1,1,1,0,1,50,2,5,3,0,0,2,27.0,23.0,voiture,voiture,1,2,1,1,3
202400020692,2024-05-25 12:20:00,2024,5,25,12,20,49,49007,,47.467914,-0.584888,Plein jour,Hors agglomération,Hors intersection,Normale,Sans collision,3,3,6,0,1,1,1,0,1,50,1,1,0,0,0,1,58.0,,deux_roues,,1,1,1,1,7
202400020693,2024-10-11 11:15:00,2024,10,11,11,15,47,47001,LECLERC (AV. DU GENERAL),44.18723,0.62025,Plein jour,En agglomération,Hors intersection,Pluie légère,Deux véhicules - arrière,4,2,2,0,1,1,2,0,1,50,2,2,1,0,0,1,34.0,52.0,utilitaire_camion,voiture,1,2,1,2,2
202400020694,2024-05-24 17:30:00,2024,5,24,17,30,36,36159,Route de Montluçon,46.79198,1.73659,Plein jour,Hors agglomération,Autre intersection,Normale,Autre collision,6,-1,0,0,1,1,1,9,8,30,2,3,2,0,0,1,90.0,,voiture,,1,1,9,1,6
202400020695,2024-10-11 09:10:00,2024,10,11,9,10,45,45298,63 Rue des Hautes Levées,47.892844,1.876837,Plein jour,En agglomération,Hors intersection,Temps couvert,Deux véhicules - frontale,4,2,2,1,1,1,2,0,1,50,2,2,1,0,1,0,56.0,44.0,deux_roues,voiture,1,2,1,8,1
202400020696,2024-05-25 22:30:00,2024,5,25,22,30,35,35051,FOUGERES (ROUTE DE),48.13555,-1.62586,Nuit sans éclairage public,En agglomération,Intersection en T,Normale,Deux véhicules - côté,4,2,3,1,1,1,1,0,5,50,2,2,1,0,1,0,31.0,38.0,voiture,deux_roues,3,2,3,1,3
202400020696,2024-05-25 22:30:00,2024,5,25,22,30,35,35051,FOUGERES (ROUTE DE),48.13555,-1.62586,Nuit sans éclairage public,En agglomération,Intersection en T,Normale,Deux véhicules - côté,4,2,2,0,1,1,1,0,5,50,2,2,1,0,1,0,31.0,38.0,voiture,deux_roues,3,2,3,1,3
202400020697,2024-10-11 07:55:00,2024,10,11,7,55,45,45234,2 Rue Dupanloup,47.902708,1.912284,Plein jour,En agglomération,Hors intersection,Normale,Autre collision,4,2,2,0,1,1,1,0,1,50,1,2,1,0,0,1,18.0,,voiture,,1,2,1,1,6
202400020698,2024-05-26 23:30:00,2024,5,26,23,30,34,34172,TOULOUSE (AVENUE DE,43.58918,3.85543,Nuit avec éclairage allumé,En agglomération,Hors intersection,Normale,Deux véhicules - arrière,4,3,2,0,1,1,1,0,1,50,2,3,1,0,0,2,38.0,,voiture,voiture,5,2,1,1,2
202400020699,2024-10-11 15:20:00,2024,10,11,15,20,45,45338,33 Rue des Déportés,47.987972,2.700359,Plein jour,En agglomération,Hors intersection,Normale,Deux véhicules - arrière,4,2,2,0,1,1,1,9,1,50,2,2,1,0,0,1,,12.0,autre,deux_roues,1,2,1,1,2
202400020700,2024-05-25 05:24:00,2024,5,25,5,24,33,33063,,44.84994632,-0.56980044,Nuit avec éclairage allumé,En agglomération,Hors intersection,Normale,Deux véhicules - arrière,4,3,2,3,1,1,1,0,1,50,2,3,2,0,1,0,45.0,24.0,utilitaire_camion,deux_roues,5,2,1,1,2
202400020701,2024-10-11 09:15:00,2024,10,11,9,15,45,45068,12 Avenue Léon Blum,48.014486,2.736736,Plein jour,En agglomération,Intersection en X,Normale,Deux véhicules - côté,4,2,2,0,1,1,1,0,1,50,2,2,0,0,0,2,40.0,47.0,voiture,voiture,1,2,2,1,3
202400020701,2024-10-11 09:15:00,2024,10,11,9,15,45,45068,12 Avenue Léon Blum,48.014486,2.736736,Plein jour,En agglomération,Intersection en X,Normale,Deux véhicules - côté,4,2,2,0,1,1,1,0,1,50,2,2,0,0,0,2,40.0,47.0,voiture,voiture,1,2,2,1,3
202400020702,2024-05-25 01:25:00,2024,5,25,1,25,33,33550,,44.77322,-0.53733,Nuit sans éclairage public,En agglomération,Hors intersection,Normale,Deux véhicules - frontale,4,2,2,0,1,1,1,0,1,50,2,2,1,0,0,1,27.0,42.0,deux_roues,utilitaire_camion,3,2,1,1,1
202400020703,2024-05-24 16:45:00,2024,5,24,16,45,33,33063,,44.816075,-0.57239,Plein jour,En agglomération,Hors intersection,Normale,Deux véhicules - côté,4,2,2,2,1,1,1,-1,1,50,2,2,1,0,0,1,22.0,52.0,voiture,deux_roues,1,2,1,1,3
202400020704,2024-10-10 10:30:00,2024,10,10,10,30,45,45068,Rue Nelson Mandela,48.013152,2.727824,Plein jour,En agglomération,Hors intersection,Normale,Deux véhicules - frontale,4,2,2,0,1,2,2,0,1,50,2,3,1,0,2,0,38.0,52.0,deux_roues,voiture,1,2,1,1,1
202400020705,2024-05-23 20:17:00,2024,5,23,20,17,33,33039,,44.795594,-0.567885,Plein jour,En agglomération,Intersection en X,Normale,Deux véhicules - côté,4,2,2,0,1,1,1,5,1,50,2,2,1,0,0,1,54.0,20.0,voiture,deux_roues,1,2,2,1,3
202400020705,2024-05-23 20:17:00,2024,5,23,20,17,33,33039,,44.795594,-0.567885,Plein jour,En agglomération,Intersection en X,Normale,Deux véhicules - côté,4,2,2,0,1,1,1,5,1,50,2,2,1,0,0,1,54.0,20.0,voiture,deux_roues,1,2,2,1,3
202400020706,2024-10-11 22:05:00,2024,10,11,22,5,44,44109,68c Rue des Plantes,47.23194,-1.58788,Nuit sans éclairage public,En agglomération,Hors intersection,Normale,Deux véhicules - côté,4,2,2,0,1,1,1,0,1,50,2,2,1,0,0,1,20.0,12.0,voiture,deux_roues,3,2,1,1,3
202400020707,2024-05-25 05:00:00,2024,5,25,5,0,31,31555,RD916,43.55799,1.49301,Crépuscule ou aube,En agglomération,Giratoire,Normale,Deux véhicules - frontale,7,1,2,3,1,3,1,0,1,50,2,3,1,0,1,1,,30.0,voiture,voiture,2,2,6,1,1
202400020708,2024-05-25 20:05:00,2024,5,25,20,5,29,29232,Chemin du Quinquis,47.97407,-4.054582,Plein jour,Hors agglomération,Hors intersection,Pluie légère,Deux véhicules - côté,4,2,2,0,1,4,2,0,1,70,2,3,0,0,0,3,32.0,27.0,voiture,voiture,1,1,1,2,3
202400020709,2024-10-11 20:50:00,2024,10,11,20,50,44,44109,3 Rue Maurice Garin,47.21759,-1.60196,Nuit avec éclairage allumé,En agglomération,Giratoire,Normale,Deux véhicules - côté,4,3,4,0,1,1,1,0,1,50,2,2,1,0,0,1,24.0,24.0,deux_roues,voiture,5,2,6,1,3
202400020709,2024-10-11 20:50:00,2024,10,11,20,50,44,44109,3 Rue Maurice Garin,47.21759,-1.60196,Nuit avec éclairage allumé,En agglomération,Giratoire,Normale,Deux véhicules - côté,4,2,2,0,2,1,1,5,1,50,2,2,1,0,0,1,24.0,24.0,deux_roues,voiture,5,2,6,1,3
202400020710,2024-05-24 21:40:00,2024,5,24,21,40,29,29254,RN12,48.57774741,-3.85384025,Crépuscule ou aube,Hors agglomération,Hors intersection,Normale,Deux véhicules - arrière,2,2,3,3,1,1,1,3,1,110,2,6,2,0,0,4,66.0,34.0,voiture,voiture,2,1,1,1,2
202400020711,2024-10-08 17:10:00,2024,10,8,17,10,42,42127,Route de Paris,46.077,4.036,Plein jour,En agglomération,Hors intersection,Normale,Trois véhicules et plus - en chaîne,2,2,2,0,1,1,1,0,1,50,3,4,2,0,1,1,49.0,53.0,utilitaire_camion,voiture,1,2,1,1,4
202400020712,2024-05-25 23:47:00,2024,5,25,23,47,22,22360,ROND POINT DE BREZILLET,48.49308,-2.76222,Nuit sans éclairage public,Hors agglomération,Giratoire,Pluie légère,Deux véhicules - côté,3,2,3,0,1,3,2,0,1,70,2,3,1,0,0,2,47.0,44.0,voiture,voiture,3,1,6,2,3
202400020712,2024-05-25 23:47:00,2024,5,25,23,47,22,22360,ROND POINT DE BREZILLET,48.49308,-2.76222,Nuit sans éclairage public,Hors agglomération,Giratoire,Pluie légère,Deux véhicules - côté,3,1,3,0,1,3,2,0,1,30,2,3,1,0,0,2,47.0,44.0,voiture,voiture,3,1,6,2,3
202400020713,2024-05-24 23:43:00,2024,5,24,23,43,13,13208,HAIFA (AVENUE),43.25064,5.38927,Nuit avec éclairage allumé,En agglomération,Giratoire,Normale,Deux véhicules - côté,4,3,4,0,1,1,1,0,4,50,1,1,0,0,0,1,36.0,,voiture,,5,2,6,1,3
202400020713,2024-05-24 23:43:00,2024,5,24,23,43,13,13208,HAIFA (AVENUE),43.25064,5.38927,Nuit avec éclairage allumé,En agglomération,Giratoire,Normale,Deux véhicules - côté,4,-1,0,0,1,1,1,0,8,50,1,1,0,0,0,1,36.0,,voiture,,5,2,6,1,3
202400020714,2024-10-11 21:00:00,2024,10,11,21,0,42,42095,Boulevard Saint-Charles,45.38503,4.28409,Nuit avec éclairage allumé,En agglomération,Intersection à plus de 4 branches,Normale,Autre collision,4,2,2,-1,1,1,1,0,1,-1,1,2,1,0,1,0,30.0,,voiture,,5,2,5,1,6
202400020714,2024-10-11 21:00:00,2024,10,11,21,0,42,42095,Boulevard Saint-Charles,45.38503,4.28409,Nuit avec éclairage allumé,En agglomération,Intersection à plus de 4 branches,Normale,Autre collision,4,2,2,0,1,1,1,0,1,50,1,2,1,0,1,0,30.0,,voiture,,5,2,5,1,6
202400020715,2024-05-24 13:45:00,2024,5,24,13,45,13,13208,RABATAU (BOULEVARD),43.27367,5.39323,Plein jour,En agglomération,Hors intersection,Pluie légère,Deux véhicules - côté,4,2,2,0,1,1,2,0,1,50,1,2,1,0,0,1,39.0,,voiture,,1,2,1,2,3
202400020716,2024-10-08 16:30:00,2024,10,8,16,30,42,42044,Rue James Jackson,45.39889,4.34119,Plein jour,Hors agglomération,Hors intersection,Normale,Sans collision,7,2,2,0,1,1,1,0,1,50,1,1,0,0,0,1,17.0,,deux_roues,,1,1,1,1,7
202400020717,2024-05-25 05:00:00,2024,5,25,5,0,08,08105,,49.75202,4.70298,Crépuscule ou aube,En agglomération,Autre intersection,Normale,Autre collision,3,1,4,0,1,1,1,0,8,70,1,1,0,0,1,0,29.0,,voiture,,2,2,9,1,6
202400020718,2024-09-24 14:15:00,2024,9,24,14,15,39,39300,25 Avenue Abbé Lemire,46.673799,5.571194,Plein jour,En agglomération,Intersection en X,Normale,Deux véhicules - frontale,4,2,2,0,1,1,1,0,1,30,2,2,1,1,0,0,33.0,78.0,voiture,voiture,1,2,2,1,1
202400020718,2024-09-24 14:15:00,2024,9,24,14,15,39,39300,25 Avenue Abbé Lemire,46.673799,5.571194,Plein jour,En agglomération,Intersection en X,Normale,Deux véhicules - frontale,4,2,2,0,1,1,1,0,8,30,2,2,1,1,0,0,33.0,78.0,voiture,voiture,1,2,2,1,1
202400020718,2024-09-24 14:15:00,2024,9,24,14,15,39,39300,25 Avenue Abbé Lemire,46.673799,5.571194,Plein jour,En agglomération,Intersection en X,Normale,Deux véhicules - frontale,4,2, -1,-1,1,2,1,0,8,30,2,2,1,1,0,0,33.0,78.0,voiture,voiture,1,2,2,1,1
202400020719,2024-05-25 13:05:00,2024,5,25,13,5,05,05023,DAUPHINE (AVENUE DU),44.90388,6.62826,Plein jour,En agglomération,Intersection en T,Normale,Deux véhicules - côté,2,2,2,0,2,3,1,0,1,50,2,2,1,0,0,1,44.0,59.0,voiture,deux_roues,1,2,3,1,3
202400020719,2024-05-25 13:05:00,2024,5,25,13,5,05,05023,DAUPHINE (AVENUE DU),44.90388,6.62826,Plein jour,En agglomération,Intersection en T,Normale,Deux véhicules - côté,2,2,2,0,1,1,1,0,1,50,2,2,1,0,0,1,44.0,59.0,voiture,deux_roues,1,2,3,1,3
202400020720,2024-10-11 13:00:00,2024,10,11,13,0,38,38053,PONTIER (DOCTEUR),45.59095,5.28364,Plein jour,En agglomération,Intersection en X,Normale,Deux véhicules - côté,4,2,2,0,1,1,1,0,1,50,2,2,0,0,0,2,59.0,59.0,voiture,voiture,1,2,2,1,3
202400020720,2024-10-11 13:00:00,2024,10,11,13,0,38,38053,PONTIER (DOCTEUR),45.59095,5.28364,Plein jour,En agglomération,Intersection en X,Normale,Deux véhicules - côté,4,1,1,0,1,1,1,0,1,50,2,2,0,0,0,2,59.0,59.0,voiture,voiture,1,2,2,1,3
202400020721,2024-05-25 09:05:00,2024,5,25,9,5,04,04112,SAINT JOSEPH(BOULEVARD),43.82057,5.79504,Plein jour,En agglomération,Intersection en T,Normale,Deux véhicules - arrière,4,2,2,0,1,1,1,0,1,50,2,2,1,0,0,1,20.0,56.0,deux_roues,voiture,1,2,3,1,2
202400020721,2024-05-25 09:05:00,2024,5,25,9,5,04,04112,SAINT JOSEPH(BOULEVARD),43.82057,5.79504,Plein jour,En agglomération,Intersection en T,Normale,Deux véhicules - arrière,4,2,2,0,1,1,1,0,1,50,2,2,1,0,0,1,20.0,56.0,deux_roues,voiture,1,2,3,1,2
202400020722,2024-05-25 20:15:00,2024,5,25,20,15,01,01053,ROUSSEAU ( PLACE J.JACQUES),46.187321,5.226739,Plein jour,En agglomération,Hors intersection,Normale,Deux véhicules - côté,4,1,1,0,1,1,1,0,1,50,2,2,1,0,0,1,6.0,36.0,deux_roues,voiture,1,2,1,1,3
202400020723,2024-10-11 00:45:00,2024,10,11,0,45,37,37261,GRAMMONT (AVENUE DE),47.38215,0.69216,Nuit avec éclairage allumé,En agglomération,Hors intersection,Normale,Deux véhicules - arrière,4,2,4,0,1,1,1,0,1,30,2,2,1,0,0,1,,40.0,voiture,deux_roues,5,2,1,1,2
202400020724,2024-05-25 18:35:00,2024,5,25,18,35,75,75120,BD PERIPHERIQUE INTERIEUR,48.869643,2.413267,Plein jour,En agglomération,Hors intersection,Normale,Deux véhicules - arrière,4,1,4,0,1,1,1,0,1,70,2,3,2,0,0,1,23.0,30.0,deux_roues,voiture,1,2,1,1,2
202400020725,2024-10-10 01:10:00,2024,10,10,1,10,34,34172,TOULOUSE (AVENUE DE,43.59347,3.85976,Nuit avec éclairage allumé,En agglomération,Intersection en Y,Pluie légère,Deux véhicules - frontale,4,2,2,0,1,1,2,5,8,50,2,2,1,0,1,0,26.0,24.0,voiture,deux_roues,5,2,4,2,1