accident_id,datetime,annee,mois,jour,heure,minute,departement,commune_insee,adresse,latitude,longitude,luminosite,agglomeration,intersection,meteo,collision,catr,circ,nbv,vosp,prof,plan,surf,infra,situ,vma,nb_vehicules,nb_usagers,nb_indemnes,nb_tues,nb_blesses_hosp,nb_blesses_legers,age_cond_1,age_cond_2,veh_type_cond_1,veh_type_cond_2,lum_code,agg_code,int_code,atm_code,col_code
202400020725,2024-10-10 01:10:00,2024,10,10,1,10,34,34172,TOULOUSE (AVENUE DE,43.59347,3.85976,Nuit avec éclairage allumé,En agglomération,Intersection en Y,Pluie légère,Deux véhicules - frontale,4,2,3,1,1,1,2,5,1,50,2,2,1,0,1,0,26.0,24.0,voiture,deux_roues,5,2,4,2,1
202400020726,2024-05-24 21:20:00,2024,5,24,21,20,75,75120,BD PERIPHERIQUE INTERIEUR,48.855447,2.413826,Nuit avec éclairage allumé,En agglomération,Hors intersection,Normale,Deux véhicules - arrière,4,1,4,0,1,1,1,0,1,70,2,2,1,0,0,1,49.0,37.0,deux_roues,utilitaire_camion,5,2,1,1,2
202400020727,2024-10-11 18:40:00,2024,10,11,18,40,33,33063,,44.86207,-0.55473,Plein jour,En agglomération,Intersection en T,Normale,Autre collision,4,3,3,3,1,1,1,9,1,50,1,2,1,0,0,1,29.0,,deux_roues,,1,2,3,1,6
202400020727,2024-10-11 18:40:00,2024,10,11,18,40,33,33063,,44.86207,-0.55473,Plein jour,En agglomération,Intersection en T,Normale,Autre collision,4,1,1,0,1,1,1,0,8,50,1,2,1,0,0,1,29.0,,deux_roues,,1,2,3,1,6
202400020728,2024-05-25 11:50:00,2024,5,25,11,50,75,75118,RUE DUC,48.89182,2.34394,Plein jour,En agglomération,Intersection en X,Normale,Deux véhicules - côté,4,1, -1,-1,1,1,1,0,1,30,2,2,1,0,0,1,76.0,34.0,deux_roues,voiture,1,2,2,1,3
202400020728,2024-05-25 11:50:00,2024,5,25,11,50,75,75118,RUE DUC,48.89182,2.34394,Plein jour,En agglomération,Intersection en X,Normale,Deux véhicules - côté,4,-1,1,0,2,1,1,0,1,30,2,2,1,0,0,1,76.0,34.0,deux_roues,voiture,1,2,2,1,3
202400020729,2024-10-11 13:00:00,2024,10,11,13,0,31,31555,RUE DU FAUBOURG BONNEFOY,43.61642426,1.45364463,Plein jour,En agglomération,Hors intersection,Normale,Deux véhicules - côté,7,2,1,2,1,1,1,0,1,50,2,2,1,0,1,0,42.0,24.0,utilitaire_camion,deux_roues,1,2,1,1,3
202400020730,2024-05-25 01:30:00,2024,5,25,1,30,75,75118,RUE DE TORCY,48.891268,2.363263,Nuit avec éclairage allumé,En agglomération,Intersection en X,Normale,Deux véhicules - côté,4,2,0,0,1,1,1,0,1,30,2,5,1,0,0,4,42.0,35.0,utilitaire_camion,utilitaire_camion,5,2,2,1,3
202400020730,2024-05-25 01:30:00,2024,5,25,1,30,75,75118,RUE DE TORCY,48.891268,2.363263,Nuit avec éclairage allumé,En agglomération,Intersection en X,Normale,Deux véhicules - côté,4,-1,0,0,1,1,1,0,1,30,2,5,1,0,0,4,42.0,35.0,utilitaire_camion,utilitaire_camion,5,2,2,1,3
202400020731,2024-10-12 00:08:00,2024,10,12,0,8,30,30007,BRIGADE DU LANGUEDOC (QUAI DE LA),44.11257,4.09408,Nuit avec éclairage non allumé,Hors agglomération,Hors intersection,Normale,Sans collision,4,-1,2,0,1,1,1,0,1,70,1,5,2,0,0,3,18.0,,voiture,,4,1,1,1,7
202400020732,2024-10-11 02:20:00,2024,10,11,2,20,29,29173,Route de Douarnenez,48.00757881,-4.17766803,Nuit avec éclairage allumé,En agglomération,Hors intersection,Normale,Sans collision,3,2,2,0,2,1,1,0,1,50,1,1,0,0,0,1,46.0,,deux_roues,,5,2,1,1,7
202400020733,2024-10-11 10:50:00,2024,10,11,10,50,29,29019,rue Yves Collet,48.392864,-4.479229,Plein jour,En agglomération,Giratoire,Normale,Autre collision,4,-1,2,0,2,1,1,0,1,50,1,2,1,0,0,1,31.0,,voiture,,1,2,6,1,6
202400020733,2024-10-11 10:50:00,2024,10,11,10,50,29,29019,rue Yves Collet,48.392864,-4.479229,Plein jour,En agglomération,Giratoire,Normale,Autre collision,4,-1,2,0,1,1,1,0,1,50,1,2,1,0,0,1,31.0,,voiture,,1,2,6,1,6
202400020734,2024-10-11 16:55:00,2024,10,11,16,55,25,25462,INDUSTRIE DE L',46.900227,6.360009,Plein jour,En agglomération,Hors intersection,Normale,Autre collision,6,-1, -1,0,3,1,1,1,1,30,1,2,1,0,0,1,53.0,,voiture,,1,2,1,1,6
202400020735,2024-10-10 12:40:00,2024,10,10,12,40,23,23096,CHARLES DE GAULLE (AVENUE),46.16867,1.87414,Plein jour,En agglomération,Intersection en X,Normale,Deux véhicules - côté,4,4,3,0,2,1,1,0,1,50,2,2,1,0,1,0,41.0,46.0,deux_roues,voiture,1,2,2,1,3
202400020735,2024-10-10 12:40:00,2024,10,10,12,40,23,23096,CHARLES DE GAULLE (AVENUE),46.16867,1.87414,Plein jour,En agglomération,Intersection en X,Normale,Deux véhicules - côté,4,1,2,0,2,1,1,0,1,50,2,2,1,0,1,0,41.0,46.0,deux_roues,voiture,1,2,2,1,3
202400020736,2024-10-09 17:05:00,2024,10,9,17,5,22,22278,PARIS (DE),48.50557,-2.74455,Plein jour,En agglomération,Hors intersection,Pluie légère,Deux véhicules - frontale,4,1,2,0,1,2,2,0,1,30,2,2,1,0,0,1,23.0,24.0,deux_roues,voiture,1,2,1,2,1
202400020737,2024-10-11 17:55:00,2024,10,11,17,55,19,19031,ROOSEVELT (AVENUE DU PRESIDENT),45.15787,1.52543,Plein jour,En agglomération,Hors intersection,Normale,Autre collision,4,2,2,0,1,1,1,0,1,50,1,2,1,0,0,1,33.0,,voiture,,1,2,1,1,6
202400020738,2024-10-11 13:15:00,2024,10,11,13,15,17,17415,ARC DE TRIOMPHE RUE DE L' 2-68 1-57,45.74551,-0.62517,Plein jour,En agglomération,Intersection en T,Normale,Deux véhicules - côté,4,2,2,0,1,1,1,0,1,50,2,2,1,0,0,1,50.0,37.0,voiture,deux_roues,1,2,3,1,3
202400020738,2024-10-11 13:15:00,2024,10,11,13,15,17,17415,ARC DE TRIOMPHE RUE DE L' 2-68 1-57,45.74551,-0.62517,Plein jour,En agglomération,Intersection en T,Normale,Deux véhicules - côté,4,1,1,0,1,1,1,0,1,50,2,2,1,0,0,1,50.0,37.0,voiture,deux_roues,1,2,3,1,3
202400020739,2024-10-11 13:45:00,2024,10,11,13,45,14,14326,1714 Rue Édouard Branly,49.14742,0.27636,Plein jour,En agglomération,Intersection en T,Normale,Deux véhicules - côté,4,2,1,0,1,1,1,0,1,50,2,2,1,0,0,1,18.0,39.0,deux_roues,voiture,1,2,3,1,3
202400020739,2024-10-11 13:45:00,2024,10,11,13,45,14,14326,1714 Rue Édouard Branly,49.14742,0.27636,Plein jour,En agglomération,Intersection en T,Normale,Deux véhicules - côté,4,2,2,0,1,1,1,0,1,50,2,2,1,0,0,1,18.0,39.0,deux_roues,voiture,1,2,3,1,3
202400020740,2024-10-09 14:14:00,2024,10,9,14,14,14,14587,N814,49.19196,-0.42181,Plein jour,Hors agglomération,Hors intersection,Pluie forte,Autre collision,2,3,2,0,2,2,2,0,1,90,1,1,0,0,1,0,20.0,,voiture,,1,1,1,3,6
202400020741,2024-10-09 16:40:00,2024,10,9,16,40,14,14341,36 Avenue Jean Vilar,49.150686,-0.350985,Plein jour,En agglomération,Hors intersection,Pluie légère,Deux véhicules - côté,4,2,2,0,1,1,2,0,1,50,2,2,1,0,0,1,22.0,76.0,deux_roues,voiture,1,2,1,2,3
202400020742,2024-10-12 00:50:00,2024,10,12,0,50,13,13056,MONGIN BOULEVARD,43.40258,5.05311,Nuit avec éclairage allumé,En agglomération,Hors intersection,Normale,Trois véhicules et plus - collisions multiples,4,1,1,0,1,1,1,0,1,30,1,2,1,0,0,1,20.0,,voiture,,5,2,1,1,5
202400020743,2024-10-11 06:45:00,2024,10,11,6,45,13,13205,JAUBERT (RUE),43.29759218,5.38867908,Nuit avec éclairage allumé,En agglomération,Intersection en T,Normale,Deux véhicules - côté,4,1,0,1,1,1,1,0,1,50,2,3,1,0,0,2,62.0,,deux_roues,voiture,5,2,3,1,3
202400020743,2024-10-11 06:45:00,2024,10,11,6,45,13,13205,JAUBERT (RUE),43.29759218,5.38867908,Nuit avec éclairage allumé,En agglomération,Intersection en T,Normale,Deux véhicules - côté,4,1,1,0,1,1,1,0,1,50,2,3,1,0,0,2,62.0,,deux_roues,voiture,5,2,3,1,3
202400020744,2024-10-11 01:09:00,2024,10,11,1,9,13,13208,MENDES FRANCE (AVENUE),43.26023,5.37539,Nuit avec éclairage allumé,En agglomération,Hors intersection,Normale,Deux véhicules - arrière,4,3,5,0,1,1,1,0,1,50,2,2,0,0,1,1,45.0,63.0,voiture,deux_roues,5,2,1,1,2
202400020745,2024-10-11 22:23:00,2024,10,11,22,23,10,10387,JULES GUESDE (RUE),48.29399,4.08175,Nuit avec éclairage allumé,En agglomération,Intersection en T,Normale,Deux véhicules - côté,4,2,2,0,1,1,1,0,1,50,2,5,4,0,0,1,24.0,19.0,deux_roues,voiture,5,2,3,1,3
202400020745,2024-10-11 22:23:00,2024,10,11,22,23,10,10387,JULES GUESDE (RUE),48.29399,4.08175,Nuit avec éclairage allumé,En agglomération,Intersection en T,Normale,Deux véhicules - côté,4,1,1,0,1,1,1,0,1,50,2,5,4,0,0,1,24.0,19.0,deux_roues,voiture,5,2,3,1,3
202400020746,2024-10-10 11:35:00,2024,10,10,11,35,10,10387,ECREVOLLES (RUE),48.30997,4.0907,Plein jour,En agglomération,Hors intersection,Pluie légère,Autre collision,4,2,2,0,1,2,2,0,4,50,1,1,0,0,0,1,95.0,,voiture,,1,2,1,2,6
202400020747,2024-10-10 22:00:00,2024,10,10,22,0,06,06104,852 Avenue Virginie Hériot,43.755942,7.477555,Nuit avec éclairage allumé,En agglomération,Giratoire,Normale,Autre collision,3,2,2,0,1,1,1,0,3,50,1,1,0,0,1,0,49.0,,deux_roues,,5,2,6,1,6
202400020747,2024-10-10 22:00:00,2024,10,10,22,0,06,06104,852 Avenue Virginie Hériot,43.755942,7.477555,Nuit avec éclairage allumé,En agglomération,Giratoire,Normale,Autre collision,3,2,2,0,3,1,1,5,8,50,1,1,0,0,1,0,49.0,,deux_roues,,5,2,6,1,6
202400020748,2024-10-08 08:30:00,2024,10,8,8,30,05,05061,Avenue Jean Jaurès,44.54774,6.06593,Crépuscule ou aube,En agglomération,Hors intersection,Pluie forte,Autre collision,2,2,2,0,1,1,2,0,1,50,1,2,1,0,1,0,52.0,,voiture,,2,2,1,3,6
202400020749,2024-10-11 23:20:00,2024,10,11,23,20,75,75119,RUE DE CRIMEE,48.89528,2.3719806,Nuit avec éclairage allumé,En agglomération,Intersection en X,Normale,Deux véhicules - arrière,4,2, -1,-1,1,1,1,0,1,30,2,2,1,0,0,1,49.0,38.0,transport_commun,voiture,5,2,2,1,2
202400020749,2024-10-11 23:20:00,2024,10,11,23,20,75,75119,RUE DE CRIMEE,48.89528,2.3719806,Nuit avec éclairage allumé,En agglomération,Intersection en X,Normale,Deux véhicules - arrière,4,-1,2,0,1,1,1,0,1,30,2,2,1,0,0,1,49.0,38.0,transport_commun,voiture,5,2,2,1,2
202400020750,2024-10-11 15:00:00,2024,10,11,15,0,75,75118,RUE DU POTEAU,48.896758,2.338496,Plein jour,En agglomération,Intersection à plus de 4 branches,Normale,Deux véhicules - côté,4,2, -1,0,1,1,1,0,1,5,2,2,1,0,0,1,42.0,27.0,voiture,deux_roues,1,2,5,1,3
202400020750,2024-10-11 15:00:00,2024,10,11,15,0,75,75118,RUE DU POTEAU,48.896758,2.338496,Plein jour,En agglomération,Intersection à plus de 4 branches,Normale,Deux véhicules - côté,4,2,3,0,1,1,1,0,1,5,2,2,1,0,0,1,42.0,27.0,voiture,deux_roues,1,2,5,1,3
202400020751,2024-10-11 08:15:00,2024,10,11,8,15,75,75116,RUE OCTAVE FEUILLET,48.862388,2.270632,Plein jour,En agglomération,Intersection en X,Normale,Autre collision,4,1,1,0,1,1,1,0,1,30,1,2,1,0,0,1,44.0,,voiture,,1,2,2,1,6
202400020751,2024-10-11 08:15:00,2024,10,11,8,15,75,75116,RUE OCTAVE FEUILLET,48.862388,2.270632,Plein jour,En agglomération,Intersection en X,Normale,Autre collision,4,1,1,0,1,1,1,0,1,30,1,2,1,0,0,1,44.0,,voiture,,1,2,2,1,6
202400020752,2024-10-11 11:00:00,2024,10,11,11,0,75,75115,RUE DE LA CONVENTION,48.837229,2.296391,Plein jour,En agglomération,Intersection en X,Normale,Autre collision,4,2, -1,-1,1,1,1,0,1,30,1,2,1,0,1,0,50.0,,voiture,,1,2,2,1,6
202400020752,2024-10-11 11:00:00,2024,10,11,11,0,75,75115,RUE DE LA CONVENTION,48.837229,2.296391,Plein jour,En agglomération,Intersection en X,Normale,Autre collision,4,2,3,3,1,1,1,0,1,30,1,2,1,0,1,0,50.0,,voiture,,1,2,2,1,6
202400020753,2024-10-11 05:40:00,2024,10,11,5,40,75,75115,BOULEVARD DE GRENELLE,48.8525,2.290584,Nuit avec éclairage allumé,En agglomération,Intersection en X,Normale,Deux véhicules - côté,4,1,1,1,1,1,1,0,5,30,2,2,1,0,0,1,,25.0,deux_roues,deux_roues,5,2,2,1,3
202400020753,2024-10-11 05:40:00,2024,10,11,5,40,75,75115,BOULEVARD DE GRENELLE,48.8525,2.290584,Nuit avec éclairage allumé,En agglomération,Intersection en X,Normale,Deux véhicules - côté,4,1,1,0,1,1,1,0,5,30,2,2,1,0,0,1,,25.0,deux_roues,deux_roues,5,2,2,1,3
202400020754,2024-10-11 16:25:00,2024,10,11,16,25,75,75114,BOULEVARD SAINT JACQUES,48.83303,2.335983,Plein jour,En agglomération,Intersection en X,Normale,Sans collision,4,2,1,1,1,1,1,0,5,30,1,1,0,0,0,1,19.0,,deux_roues,,1,2,2,1,7
202400020754,2024-10-11 16:25:00,2024,10,11,16,25,75,75114,BOULEVARD SAINT JACQUES,48.83303,2.335983,Plein jour,En agglomération,Intersection en X,Normale,Sans collision,4,2, -1,-1,1,1,1,0,5,30,1,1,0,0,0,1,19.0,,deux_roues,,1,2,2,1,7
202400020755,2024-10-11 09:35:00,2024,10,11,9,35,75,75114,BOULEVARD JOURDAN,48.819768,2.342856,Plein jour,En agglomération,Intersection en X,Normale,Sans collision,4,2,0,1,1,1,1,0,4,30,1,1,0,0,0,1,53.0,,deux_roues,,1,2,2,1,7
202400020755,2024-10-11 09:35:00,2024,10,11,9,35,75,75114,BOULEVARD JOURDAN,48.819768,2.342856,Plein jour,En agglomération,Intersection en X,Normale,Sans collision,4,1, -1,-1,1,1,1,0,4,30,1,1,0,0,0,1,53.0,,deux_roues,,1,2,2,1,7
202400020756,2024-10-10 18:30:00,2024,10,10,18,30,75,75114,AVENUE RENE COTY,48.833422,2.332674,Plein jour,En agglomération,Hors intersection,Pluie légère,Trois véhicules et plus - en chaîne,4,1,1,0,1,1,2,0,1,30,3,3,2,0,0,1,20.0,65.0,voiture,voiture,1,2,1,2,4
202400020757,2024-10-10 07:55:00,2024,10,10,7,55,75,75114,RUE DU GENERAL DE MAUD HUY,48.823999,2.316268,Plein jour,En agglomération,Intersection en T,Temps couvert,Autre collision,4,2,2,0,1,1,2,0,1,30,1,3,2,0,0,1,72.0,,voiture,,1,2,3,8,6
202400020757,2024-10-10 07:55:00,2024,10,10,7,55,75,75114,RUE DU GENERAL DE MAUD HUY,48.823999,2.316268,Plein jour,En agglomération,Intersection en T,Temps couvert,Autre collision,4,2,2,0,1,1,2,0,1,30,1,3,2,0,0,1,72.0,,voiture,,1,2,3,8,6
202400020758,2024-10-11 03:00:00,2024,10,11,3,0,75,75109,Place Adrien Oudin,48.872714,2.335331,Nuit avec éclairage allumé,En agglomération,Place,Normale,Autre collision,4,1,2,1,1,1,1,0,3,30,1,1,0,0,0,1,31.0,,deux_roues,,5,2,7,1,6
202400020759,2024-10-11 21:47:00,2024,10,11,21,47,75,75108,AVENUE DE MARIGNY,48.869746,2.315284,Nuit avec éclairage allumé,En agglomération,Hors intersection,Normale,Deux véhicules - côté,4,1,2,0,1,1,1,0,1,30,2,2,1,0,0,1,,16.0,deux_roues,deux_roues,5,2,1,1,3
202400020760,2024-10-11 19:45:00,2024,10,11,19,45,75,75108,PLACE DE LA MADELEINE,48.869241,2.324082,Nuit avec éclairage allumé,En agglomération,Place,Normale,Deux véhicules - côté,4,1,1,0,1,1,1,0,1,30,2,2,1,0,0,1,62.0,33.0,deux_roues,deux_roues,5,2,7,1,3
202400020761,2024-10-11 09:00:00,2024,10,11,9,0,94,94037,9 Rue René Anjolvy,48.814296,2.342498,Plein jour,En agglomération,Hors intersection,Normale,Autre collision,4,1,1,0,1,1,1,0,1,10,1,2,1,0,0,1,38.0,,voiture,,1,2,1,1,6
202400020762,2024-10-10 22:10:00,2024,10,10,22,10,94,94017,Rue Jean Jaurès,48.81525688,2.50561358,Nuit avec éclairage allumé,En agglomération,Hors intersection,Normale,Deux véhicules - côté,3,3,3,1,1,1,2,0,5,50,2,3,1,0,0,2,30.0,22.0,deux_roues,voiture,5,2,1,1,3
202400020763,2024-10-11 13:30:00,2024,10,11,13,30,93,93078,CLEMENCEAU (AVENUE GEORGES),48.95823239,2.55848041,Plein jour,En agglomération,Intersection en X,Normale,Deux véhicules - côté,3,2,4,0,1,1,1,5,1,50,2,2,1,0,0,1,30.0,48.0,deux_roues,voiture,1,2,2,1,3
202400020763,2024-10-11 13:30:00,2024,10,11,13,30,93,93078,CLEMENCEAU (AVENUE GEORGES),48.95823239,2.55848041,Plein jour,En agglomération,Intersection en X,Normale,Deux véhicules - côté,3,2,2,0,1,1,1,0,8,50,2,2,1,0,0,1,30.0,48.0,deux_roues,voiture,1,2,2,1,3
202400020764,2024-10-10 18:40:00,2024,10,10,18,40,93,93053,LEO LAGRANGE (RUE),48.89214345,2.44995117,Plein jour,En agglomération,Hors intersection,Normale,Deux véhicules - frontale,4,1,1,0,1,1,1,0,1,30,1,2,1,0,1,0,58.0,,voiture,,1,2,1,1,1
202400020765,2024-10-10 17:00:00,2024,10,10,17,0,93,93053,VAILLANT COUTURIER (RUE),48.8911124,2.44897576,Plein jour,En agglomération,Hors intersection,Pluie forte,Deux véhicules - arrière,3,1,1,0,1,1,2,0,1,50,2,2,1,0,0,1,56.0,42.0,utilitaire_camion,utilitaire_camion,1,2,1,3,2
202400020766,2024-10-10 21:10:00,2024,10,10,21,10,93,93050,GENERAL DE GAULLE (AVENUE),48.85566813,2.52663732,Nuit avec éclairage allumé,En agglomération,Intersection en T,Temps couvert,Deux véhicules - côté,3,2,2,0,1,1,2,0,1,50,2,3,2,0,0,1,40.0,19.0,deux_roues,voiture,5,2,3,8,3
202400020766,2024-10-10 21:10:00,2024,10,10,21,10,93,93050,GENERAL DE GAULLE (AVENUE),48.85566813,2.52663732,Nuit avec éclairage allumé,En agglomération,Intersection en T,Temps couvert,Deux véhicules - côté,3,2,#VALEURMULTI,3,1,1,2,0,1,50,2,3,2,0,0,1,40.0,19.0,deux_roues,voiture,5,2,3,8,3
202400020767,2024-10-10 20:25:00,2024,10,10,20,25,93,93050,GENERAL DE GAULLE (AVENUE),48.85589033,2.52805546,Nuit avec éclairage allumé,En agglomération,Intersection en Y,Temps couvert,Autre collision,3,2,6,3,1,1,2,0,1,50,1,2,1,0,0,1,48.0,,voiture,,5,2,4,8,6
202400020767,2024-10-10 20:25:00,2024,10,10,20,25,93,93050,GENERAL DE GAULLE (AVENUE),48.85589033,2.52805546,Nuit avec éclairage allumé,En agglomération,Intersection en Y,Temps couvert,Autre collision,3,1,1,0,1,1,2,0,1,50,1,2,1,0,0,1,48.0,,voiture,,5,2,4,8,6
202400020768,2024-10-11 07:45:00,2024,10,11,7,45,93,93049,FAUVETTES (AVENUE) J-BACHELET->BEL AIR,48.8724,2.50785,Crépuscule ou aube,En agglomération,Hors intersection,Normale,Autre collision,4,2,0,0,2,1,1,0,1,50,1,2,1,0,0,1,24.0,,voiture,,2,2,1,1,6
202400020769,2024-10-11 11:10:00,2024,10,11,11,10,93,93063,GABRIEL HUSSON (RUE) ,48.88312,2.43649,Plein jour,En agglomération,Intersection en X,Normale,Autre collision,4,-1,1,0,1,1,1,0,8,30,1,2,1,0,0,1,69.0,,voiture,,1,2,2,1,6
202400020769,2024-10-11 11:10:00,2024,10,11,11,10,93,93063,GABRIEL HUSSON (RUE) ,48.88312,2.43649,Plein jour,En agglomération,Intersection en X,Normale,Autre collision,4,1,1,1,1,1,1,6,1,30,1,2,1,0,0,1,69.0,,voiture,,1,2,2,1,6
202400020770,2024-10-11 17:50:00,2024,10,11,17,50,92,92076,REPUBLIQUE,48.83772857,2.15925761,Plein jour,En agglomération,Hors intersection,Normale,Deux véhicules - côté,3,2,2,0,1,1,1,0,1,50,2,2,1,0,0,1,49.0,40.0,deux_roues,voiture,1,2,1,1,3
202400020771,2024-10-11 09:52:00,2024,10,11,9,52,92,92064,DAILLY,48.84479,2.22032,Plein jour,En agglomération,Hors intersection,Normale,Autre collision,3,2,2,0,2,1,1,8,1,50,1,2,1,0,1,0,,,deux_roues,,1,2,1,1,6
202400020772,2024-10-11 10:45:00,2024,10,11,10,45,92,92020,STALINGRAD BOULEVARD,48.81141376,2.2971864,Plein jour,En agglomération,Hors intersection,Normale,Deux véhicules - arrière,3,2,4,1,1,1,1,0,1,50,2,2,1,0,0,1,50.0,58.0,voiture,voiture,1,2,1,1,2
202400020773,2024-10-11 18:45:00,2024,10,11,18,45,92,92036,MARCEL PAUL (AVENUE) (1/103),48.94214643,2.30290174,Plein jour,En agglomération,Hors intersection,Normale,Deux véhicules - arrière,3,2,4,0,1,1,1,0,1,50,2,2,1,0,0,1,29.0,37.0,deux_roues,voiture,1,2,1,1,2
202400020774,2024-10-10 13:20:00,2024,10,10,13,20,92,92035,Verdun 1916 ( avenue de ),48.90493,2.23363,Plein jour,En agglomération,Autre intersection,Pluie légère,Deux véhicules - côté,3,3,4,0,1,1,2,0,1,50,2,2,0,0,0,2,42.0,35.0,voiture,utilitaire_camion,1,2,9,2,3
202400020775,2024-10-11 08:05:00,2024,10,11,8,5,92,92026,MISSION MARCHAND (COTE PAIR),48.89666029,2.2403647,Plein jour,En agglomération,Autre intersection,Normale,Deux véhicules - arrière,3,2,2,1,1,1,1,0,5,50,2,2,1,0,0,1,50.0,15.0,deux_roues,deux_roues,1,2,9,1,2
202400020776,2024-10-11 07:30:00,2024,10,11,7,30,92,92025,STALINGRAD (AV DE),48.93205847,2.26628289,Plein jour,En agglomération,Hors intersection,Temps couvert,Deux véhicules - frontale,3,2,4,0,1,1,1,0,1,50,2,2,0,0,0,2,46.0,56.0,deux_roues,voiture,1,2,1,8,1
202400020777,2024-10-10 16:15:00,2024,10,10,16,15,92,92025,LOUIS ARAGON (PLACE),48.91518349,2.22891882,Plein jour,En agglomération,Hors intersection,Normale,Deux véhicules - arrière,4,1,2,0,1,1,1,0,1,50,2,2,1,0,0,1,28.0,38.0,voiture,deux_roues,1,2,1,1,2
202400020778,2024-10-11 09:05:00,2024,10,11,9,5,92,92024,LEON BLUM (RUE),48.90831914,2.3054029,Plein jour,En agglomération,Hors intersection,Normale,Sans collision,4,1,1,0,1,1,1,0,1,50,1,2,1,0,0,1,43.0,,voiture,,1,2,1,1,7
202400020779,2024-10-11 07:45:00,2024,10,11,7,45,92,92012,REINE (ROUTE DE LA) 1/37- 6/80,48.83903452,2.24738583,Crépuscule ou aube,En agglomération,Hors intersection,Normale,Deux véhicules - côté,3,2,2,2,1,1,1,0,1,50,2,2,1,0,0,1,44.0,56.0,deux_roues,utilitaire_camion,2,2,1,1,3
202400020780,2024-10-11 17:50:00,2024,10,11,17,50,92,92004,PIERRE CURIE,48.91763,2.3148,Plein jour,En agglomération,Hors intersection,Normale,Autre collision,4,2,2,0,1,1,1,0,1,20,1,2,1,0,0,1,25.0,,utilitaire_camion,,1,2,1,1,6
202400020781,2024-10-11 19:45:00,2024,10,11,19,45,37,37126,Route de Roiffe,47.13386884,0.11825252,Nuit sans éclairage public,Hors agglomération,Hors intersection,Normale,Autre collision,3,2,2,0,1,1,1,0,1,80,1,2,1,1,0,0,20.0,,voiture,,3,1,1,1,6
202400020782,2024-10-11 10:55:00,2024,10,11,10,55,60,60269,D901,49.618139,1.948965,Plein jour,Hors agglomération,Intersection en X,Normale,Deux véhicules - côté,3,2,0,0,1,1,1,0,1,90,2,3,1,0,1,1,22.0,57.0,utilitaire_camion,voiture,1,1,2,1,3
202400020782,2024-10-11 10:55:00,2024,10,11,10,55,60,60269,D901,49.618139,1.948965,Plein jour,Hors agglomération,Intersection en X,Normale,Deux véhicules - côté,3,2, -1,-1,1,1,2,0,1,-1,2,3,1,0,1,1,22.0,57.0,utilitaire_camion,voiture,1,1,2,1,3
202400020783,2024-10-11 09:45:00,2024,10,11,9,45,35,35180,RD70,48.283379,-1.954472,Plein jour,Hors agglomération,Intersection en X,Brouillard / fumée,Deux véhicules - côté,7,2,2,0,2,1,1,5,1,80,2,7,3,2,0,2,78.0,26.0,voiture,utilitaire_camion,1,1,2,5,3
202400020783,2024-10-11 09:45:00,2024,10,11,9,45,35,35180,RD70,48.283379,-1.954472,Plein jour,Hors agglomération,Intersection en X,Brouillard / fumée,Deux véhicules - côté,7,2,2,0,2,1,1,5,1,80,2,7,3,2,0,2,78.0,26.0,voiture,utilitaire_camion,1,1,2,5,3
202400020784,2024-10-11 19:00:00,2024,10,11,19,0,51,51224,nationale D58E2 PK 93+8324,48.696286,4.693608,Nuit sans éclairage public,Hors agglomération,Intersection en T,Normale,Deux véhicules - arrière,2,3,0,0,1,1,1,0,1,110,2,4,2,0,1,1,85.0,22.0,voiture,voiture,3,1,3,1,2
202400020784,2024-10-11 19:00:00,2024,10,11,19,0,51,51224,nationale D58E2 PK 93+8324,48.696286,4.693608,Nuit sans éclairage public,Hors agglomération,Intersection en T,Normale,Deux véhicules - arrière,2,2, -1,-1,1,1,1,0,1,-1,2,4,2,0,1,1,85.0,22.0,voiture,voiture,3,1,3,1,2
202400020785,2024-10-12 17:15:00,2024,10,12,17,15,62,62882,D192,50.67696818,2.15291545,Plein jour,Hors agglomération,Hors intersection,Normale,Deux véhicules - frontale,3,2,2,0,1,1,1,0,1,80,2,2,1,1,0,0,33.0,41.0,deux_roues,voiture,1,1,1,1,1
202400020786,2024-10-12 13:35:00,2024,10,12,13,35,06,06006,3637 Route de Nice,43.758747,7.246605,Plein jour,Hors agglomération,Hors intersection,Normale,Sans collision,7,2,2,0,2,2,1,0,1,70,1,1,0,0,1,0,66.0,,deux_roues,,1,1,1,1,7
202400020787,2024-10-12 09:50:00,2024,10,12,9,50,50,50553,"A84, PR 156.1",48.57005334,-1.3335817,Plein jour,Hors agglomération,Hors intersection,Normale,Autre collision,1,3,2,0,1,1,1,0,1,130,1,1,0,0,1,0,85.0,,voiture,,1,1,1,1,6
202400020788,2024-10-11 22:50:00,2024,10,11,22,50,30,30286,D305,44.000456,4.451405,Nuit sans éclairage public,Hors agglomération,Hors intersection,Normale,Sans collision,3,2,2,0,1,1,1,0,3,80,1,1,0,0,0,1,18.0,,voiture,,3,1,1,1,7
202400020789,2024-10-11 17:35:00,2024,10,11,17,35,83,83131,Route Départementale 554,43.203045,6.028597,Plein jour,En agglomération,Hors intersection,Normale,Trois véhicules et plus - collisions multiples,3,2,2,0,2,2,1,0,1,50,3,3,2,1,0,0,32.0,30.0,deux_roues,voiture,1,2,1,1,5
202400020790,2024-10-11 18:00:00,2024,10,11,18,0,51,51564,D9,49.133093,4.102921,Crépuscule ou aube,Hors agglomération,Hors intersection,Pluie légère,Sans collision,3,2,2,0,2,2,2,0,3,50,1,1,0,0,0,1,18.0,,deux_roues,,2,1,1,2,7