accident_id,datetime,annee,mois,jour,heure,minute,departement,commune_insee,adresse,latitude,longitude,luminosite,agglomeration,intersection,meteo,collision,catr,circ,nbv,vosp,prof,plan,surf,infra,situ,vma,nb_vehicules,nb_usagers,nb_indemnes,nb_tues,nb_blesses_hosp,nb_blesses_legers,age_cond_1,age_cond_2,veh_type_cond_1,veh_type_cond_2,lum_code,agg_code,int_code,atm_code,col_code
202400020867,2024-10-10 16:15:00,2024,10,10,16,15,82,82121,avenue jean moulin,44.02714,1.36741,Plein jour,En agglomération,Intersection en T,Normale,Deux véhicules - côté,4,2,2,0,1,1,1,0,1,50,2,3,0,0,1,2,18.0,71.0,deux_roues,voiture,1,2,3,1,3
202400020868,2024-10-09 07:40:00,2024,10,9,7,40,79,79191,,46.33355,-0.43294,Nuit avec éclairage allumé,En agglomération,Intersection en X,Pluie forte,Deux véhicules - côté,3,1,1,0,1,2,2,5,1,50,2,2,1,0,0,1,57.0,19.0,deux_roues,voiture,5,2,2,3,3
202400020868,2024-10-09 07:40:00,2024,10,9,7,40,79,79191,,46.33355,-0.43294,Nuit avec éclairage allumé,En agglomération,Intersection en X,Pluie forte,Deux véhicules - côté,3,1,1,0,1,2,2,5,1,50,2,2,1,0,0,1,57.0,19.0,deux_roues,voiture,5,2,2,3,3
202400020869,2024-10-10 09:17:00,2024,10,10,9,17,78,78498,RD30,48.895112,1.99366,Plein jour,Hors agglomération,Hors intersection,Normale,Trois véhicules et plus - collisions multiples,3,2,2,0,1,1,1,0,1,70,3,3,1,0,0,2,33.0,41.0,voiture,voiture,1,1,1,1,5
202400020870,2024-10-09 07:45:00,2024,10,9,7,45,77,77288,GARE   (PASSAGE DE LA),48.52801,2.65554,Crépuscule ou aube,En agglomération,Hors intersection,Pluie légère,Autre collision,4,1,1,0,1,1,2,0,1,50,2,2,1,0,0,1,33.0,38.0,voiture,deux_roues,2,2,1,2,6
202400020871,2024-10-10 22:45:00,2024,10,10,22,45,76,76540,Rue du Mail,49.42915,1.09205,Nuit avec éclairage allumé,En agglomération,Intersection en X,Normale,Deux véhicules - arrière,4,1,1,0,1,1,1,-1,1,30,2,2,1,0,0,1,28.0,20.0,deux_roues,voiture,5,2,2,1,2
202400020871,2024-10-10 22:45:00,2024,10,10,22,45,76,76540,Rue du Mail,49.42915,1.09205,Nuit avec éclairage allumé,En agglomération,Intersection en X,Normale,Deux véhicules - arrière,4,2,2,0,1,1,1,0,1,30,2,2,1,0,0,1,28.0,20.0,deux_roues,voiture,5,2,2,1,2
202400020872,2024-10-08 10:30:00,2024,10,8,10,30,76,76351,PIERRE FARCIS,49.51715,0.09755,Plein jour,En agglomération,Intersection en T,Normale,Autre collision,4,2,2,0,1,1,1,0,1,50,1,2,1,0,1,0,61.0,,voiture,,1,2,3,1,6
202400020872,2024-10-08 10:30:00,2024,10,8,10,30,76,76351,PIERRE FARCIS,49.51715,0.09755,Plein jour,En agglomération,Intersection en T,Normale,Autre collision,4,2,2,0,1,1,1,0,1,50,1,2,1,0,1,0,61.0,,voiture,,1,2,3,1,6
202400020873,2024-10-08 20:35:00,2024,10,8,20,35,76,76351,PIERRE LOTI,49.508,0.14936,Nuit avec éclairage allumé,En agglomération,Intersection en X,Normale,Deux véhicules - côté,4,2,1,0,1,1,1,0,1,50,2,6,5,0,0,1,18.0,35.0,voiture,voiture,5,2,2,1,3
202400020873,2024-10-08 20:35:00,2024,10,8,20,35,76,76351,PIERRE LOTI,49.508,0.14936,Nuit avec éclairage allumé,En agglomération,Intersection en X,Normale,Deux véhicules - côté,4,2,1,0,2,1,2,0,1,30,2,6,5,0,0,1,18.0,35.0,voiture,voiture,5,2,2,1,3
202400020874,2024-10-09 13:10:00,2024,10,9,13,10,72,72181,LAENNEC RENE (AV),48.01880749,0.16461253,Plein jour,En agglomération,Hors intersection,Pluie légère,Autre collision,4,-1,2,0,1,1,2,0,1,10,1,2,0,0,0,2,76.0,,voiture,,1,2,1,2,6
202400020875,2024-10-09 18:20:00,2024,10,9,18,20,71,71540,Avenue de la République,46.79051944,4.4473764,Plein jour,En agglomération,Hors intersection,Normale,Deux véhicules - frontale,3,2,2,0,1,3,1,0,1,50,2,2,0,0,0,2,23.0,65.0,voiture,voiture,1,2,1,1,1
202400020876,2024-10-10 08:30:00,2024,10,10,8,30,69,69266,Rond-point Charles de Gaulle,45.78475,4.86352,Plein jour,En agglomération,Giratoire,Pluie forte,Deux véhicules - côté,4,1,4,0,1,3,2,0,1,50,2,3,2,0,0,1,,40.0,utilitaire_camion,voiture,1,2,6,3,3
202400020877,2024-10-10 16:24:00,2024,10,10,16,24,67,67482,CHRIST (SENTIER),48.59996,7.78425,Plein jour,En agglomération,Passage à niveau,Normale,Deux véhicules - côté,4,3,1,3,1,1,1,4,6,50,2,2,1,0,0,1,4.0,35.0,deux_roues,transport_commun,1,2,8,1,3
202400020878,2024-10-10 14:20:00,2024,10,10,14,20,67,67482,ALSACE (AVENUE D ),48.58704,7.76048,Plein jour,En agglomération,Hors intersection,Normale,Deux véhicules - côté,4,2,0,0,1,1,1,0,1,50,2,2,1,0,0,1,34.0,20.0,deux_roues,voiture,1,2,1,1,3
202400020879,2024-10-09 10:02:00,2024,10,9,10,2,64,64125,BERRUA,43.43868,-1.58648,Plein jour,En agglomération,Autre intersection,Normale,Deux véhicules - côté,9,-1, -1,0,2,1,1,0,1,50,2,2,1,0,0,1,15.0,65.0,deux_roues,voiture,1,2,9,1,3
202400020880,2024-10-10 16:50:00,2024,10,10,16,50,63,63300,Avenue de Chatel-guyon /Rue Colombier Lanore,45.89756243,3.10671285,Plein jour,En agglomération,Intersection en X,Normale,Autre collision,4,2,2,0,2,1,1,0,1,50,1,2,1,0,1,0,32.0,,voiture,,1,2,2,1,6
202400020880,2024-10-10 16:50:00,2024,10,10,16,50,63,63300,Avenue de Chatel-guyon /Rue Colombier Lanore,45.89756243,3.10671285,Plein jour,En agglomération,Intersection en X,Normale,Autre collision,4,1,2,0,2,1,1,0,1,30,1,2,1,0,1,0,32.0,,voiture,,1,2,2,1,6
202400020881,2024-06-28 21:05:00,2024,6,28,21,5,95,95018,A15,48.9603364,2.27113018,Plein jour,Hors agglomération,Hors intersection,Normale,Deux véhicules - arrière,1,3,4,0,1,1,1,0,1,110,2,2,1,0,0,1,35.0,35.0,deux_roues,voiture,1,1,1,1,2
202400020882,2024-06-28 20:50:00,2024,6,28,20,50,95,95256,N184,49.0550617,2.20194139,Plein jour,Hors agglomération,Hors intersection,Normale,Trois véhicules et plus - collisions multiples,2,3,3,0,1,1,1,0,1,90,5,7,3,0,0,4,,27.0,utilitaire_camion,voiture,1,1,1,1,5
202400020883,2024-06-28 17:15:00,2024,6,28,17,15,93,93010,A3,48.89957019,2.46959801,Plein jour,Hors agglomération,Hors intersection,Normale,Deux véhicules - arrière,1,-1, -1,0,2,1,1,0,1,70,2,2,1,0,1,0,21.0,24.0,deux_roues,voiture,1,1,1,1,2
202400020884,2024-06-29 07:05:00,2024,6,29,7,5,77,77258,A4.Y,48.8324637,2.65688229,Crépuscule ou aube,Hors agglomération,Hors intersection,Normale,Autre collision,1,3,4,0,1,1,1,0,1,110,3,3,2,0,0,1,37.0,51.0,voiture,voiture,2,1,1,1,6
202400020885,2024-06-28 19:20:00,2024,6,28,19,20,974,97411,GARE (DE LA),-20.89587,55.49209,Nuit avec éclairage allumé,En agglomération,Hors intersection,Normale,Autre collision,4,2,2,0,1,1,1,0,1,50,1,2,1,0,0,1,26.0,,voiture,,5,2,1,1,6
202400020886,2024-06-28 18:10:00,2024,6,28,18,10,973,97302,ZONE COLLERY I OU II,4.90674,-52.32477,Plein jour,Hors agglomération,Hors intersection,Normale,Sans collision,4,2,2,0,2,1,1,0,1,50,1,1,0,0,0,1,35.0,,deux_roues,,1,1,1,1,7
202400020887,2024-06-27 18:25:00,2024,6,27,18,25,973,97302,CABASSOU (ROUTE DE),4.91967,-52.31892,Crépuscule ou aube,En agglomération,Hors intersection,Normale,Deux véhicules - arrière,3,2,2,0,1,1,1,0,1,50,2,2,1,0,0,1,27.0,36.0,deux_roues,voiture,2,2,1,1,2
202400020888,2024-06-27 17:30:00,2024,6,27,17,30,973,97302,CONSTANT CHLORE(RUE),4.93396779,-52.3193188,Plein jour,En agglomération,Hors intersection,Normale,Deux véhicules - arrière,4,2,2,0,1,1,1,0,1,50,2,5,4,0,0,1,31.0,18.0,voiture,voiture,1,2,1,1,2
202400020889,2024-06-28 18:40:00,2024,6,28,18,40,69,69387,Rue Louis Dansard,45.75441,4.8454,Plein jour,En agglomération,Intersection en X,Normale,Deux véhicules - côté,4,1,2,2,1,1,1,0,1,30,2,2,1,0,0,1,20.0,19.0,voiture,deux_roues,1,2,2,1,3
202400020889,2024-06-28 18:40:00,2024,6,28,18,40,69,69387,Rue Louis Dansard,45.75441,4.8454,Plein jour,En agglomération,Intersection en X,Normale,Deux véhicules - côté,4,1,1,2,1,1,1,0,1,30,2,2,1,0,0,1,20.0,19.0,voiture,deux_roues,1,2,2,1,3
202400020890,2024-06-28 17:00:00,2024,6,28,17,0,69,69383,Avenue Maréchal de Saxe,45.76159284,4.84540055,Plein jour,En agglomération,Intersection en X,Normale,Deux véhicules - côté,4,1,3,3,1,1,1,8,6,30,2,2,1,0,0,1,20.0,25.0,voiture,deux_roues,1,2,2,1,3
202400020890,2024-06-28 17:00:00,2024,6,28,17,0,69,69383,Avenue Maréchal de Saxe,45.76159284,4.84540055,Plein jour,En agglomération,Intersection en X,Normale,Deux véhicules - côté,4,1,1,3,1,1,1,0,6,50,2,2,1,0,0,1,20.0,25.0,voiture,deux_roues,1,2,2,1,3
202400020891,2024-06-28 10:20:00,2024,6,28,10,20,69,69386,Avenue Maréchal Foch,45.77002,4.84348,Plein jour,En agglomération,Hors intersection,Normale,Deux véhicules - arrière,4,1,3,3,1,1,1,0,6,30,2,2,1,0,1,0,25.0,70.0,utilitaire_camion,deux_roues,1,2,1,1,2
202400020892,2024-06-28 02:15:00,2024,6,28,2,15,69,69386,Rue Cuvier,45.7678,4.85553,Nuit avec éclairage allumé,En agglomération,Intersection en X,Normale,Deux véhicules - côté,4,1,1,2,1,1,1,0,1,30,2,3,2,0,0,1,26.0,26.0,voiture,voiture,5,2,2,1,3
202400020892,2024-06-28 02:15:00,2024,6,28,2,15,69,69386,Rue Cuvier,45.7678,4.85553,Nuit avec éclairage allumé,En agglomération,Intersection en X,Normale,Deux véhicules - côté,4,1,1,0,1,1,1,0,1,30,2,3,2,0,0,1,26.0,26.0,voiture,voiture,5,2,2,1,3
202400020893,2024-06-27 18:40:00,2024,6,27,18,40,972,97213,FERNAND GUILLON (BOULEVARD),14.61697,-60.9966,Crépuscule ou aube,Hors agglomération,Hors intersection,Normale,Deux véhicules - arrière,4,1,0,0,1,1,1,0,1,50,2,2,1,0,1,0,26.0,41.0,deux_roues,voiture,2,1,1,1,2
202400020894,2024-06-28 10:45:00,2024,6,28,10,45,972,97209,AUTOROUTE (A1),14.61821,-61.0362,Plein jour,Hors agglomération,Hors intersection,Normale,Trois véhicules et plus - collisions multiples,1,1,3,0,2,1,1,2,1,90,3,6,4,0,0,2,55.0,27.0,voiture,utilitaire_camion,1,1,1,1,5
202400020895,2024-06-28 06:00:00,2024,6,28,6,0,971,97113,RN4 - SECTION RIVIERA,16.21807,-61.49842,Plein jour,En agglomération,Hors intersection,Normale,Trois véhicules et plus - en chaîne,2,-1,2,1,1,1,1,0,1,50,3,3,2,0,0,1,35.0,61.0,voiture,voiture,1,2,1,1,4
202400020896,2024-06-28 17:50:00,2024,6,28,17,50,95,95585,D209,48.98532,2.38814,Plein jour,En agglomération,Hors intersection,Normale,Deux véhicules - côté,3,2,0,0,2,1,1,0,1,50,2,2,1,0,0,1,60.0,50.0,voiture,voiture,1,2,1,1,3
202400020897,2024-06-28 18:30:00,2024,6,28,18,30,95,95277,BUTTES (RUE DES),48.97505761,2.49647677,Plein jour,En agglomération,Autre intersection,Normale,Sans collision,4,2,4,3,1,3,8,0,1,50,1,1,0,0,0,1,35.0,,deux_roues,,1,2,9,1,7
202400020898,2024-06-28 15:04:00,2024,6,28,15,4,95,95582,D192,48.97103799,2.25579859,Plein jour,En agglomération,Autre intersection,Normale,Autre collision,3,3,1,0,1,1,1,9,1,50,1,2,1,0,1,0,26.0,,voiture,,1,2,9,1,6
202400020899,2024-06-28 08:45:00,2024,6,28,8,45,91,91027,RUE J B DE LA SALLE,48.70691,2.3835,Plein jour,En agglomération,Intersection en T,Temps éblouissant,Autre collision,3,-1,2,0,1,1,1,0,1,50,1,2,1,0,0,1,71.0,,voiture,,1,2,3,7,6
202400020899,2024-06-28 08:45:00,2024,6,28,8,45,91,91027,RUE J B DE LA SALLE,48.70691,2.3835,Plein jour,En agglomération,Intersection en T,Temps éblouissant,Autre collision,3,2,2,0,2,1,1,0,1,30,1,2,1,0,0,1,71.0,,voiture,,1,2,3,7,6
202400020900,2024-06-25 15:50:00,2024,6,25,15,50,90,90029,COMMANDOS D'AFRIQUE (RUE DES),47.654085,6.83649,Plein jour,En agglomération,Intersection en X,Normale,Deux véhicules - côté,3,2,2,0,1,1,1,0,1,50,2,2,0,0,1,1,21.0,68.0,deux_roues,voiture,1,2,2,1,3
202400020900,2024-06-25 15:50:00,2024,6,25,15,50,90,90029,COMMANDOS D'AFRIQUE (RUE DES),47.654085,6.83649,Plein jour,En agglomération,Intersection en X,Normale,Deux véhicules - côté,3,2,2,0,1,1,1,0,1,50,2,2,0,0,1,1,21.0,68.0,deux_roues,voiture,1,2,2,1,3
202400020901,2024-06-27 21:20:00,2024,6,27,21,20,87,87085,PERI (AVENUE GABRIEL),45.8285,1.26266,Plein jour,En agglomération,Intersection en T,Normale,Deux véhicules - côté,4,2,2,0,1,1,1,0,1,30,2,2,1,0,0,1,81.0,18.0,voiture,deux_roues,1,2,3,1,3
202400020901,2024-06-27 21:20:00,2024,6,27,21,20,87,87085,PERI (AVENUE GABRIEL),45.8285,1.26266,Plein jour,En agglomération,Intersection en T,Normale,Deux véhicules - côté,4,2,2,0,1,1,1,0,1,30,2,2,1,0,0,1,81.0,18.0,voiture,deux_roues,1,2,3,1,3
202400020902,2024-06-28 01:50:00,2024,6,28,1,50,30,30351,VERDUN AVENUE DE,43.96733,4.8024,Nuit avec éclairage allumé,En agglomération,Hors intersection,Normale,Deux véhicules - frontale,3,2,2,0,1,3,1,0,1,50,2,2,0,0,0,2,34.0,21.0,deux_roues,autre,5,2,1,1,1
202400020903,2024-06-27 12:00:00,2024,6,27,12,0,84,84007,REALPANIER (Rond point de)-MONTFAVET,43.950281,4.860703,Plein jour,En agglomération,Giratoire,Normale,Deux véhicules - arrière,4,1,2,0,1,3,1,5,1,50,2,3,1,0,0,2,35.0,55.0,voiture,deux_roues,1,2,6,1,2
202400020903,2024-06-27 12:00:00,2024,6,27,12,0,84,84007,REALPANIER (Rond point de)-MONTFAVET,43.950281,4.860703,Plein jour,En agglomération,Giratoire,Normale,Deux véhicules - arrière,4,2,2,0,1,3,1,5,1,50,2,3,1,0,0,2,35.0,55.0,voiture,deux_roues,1,2,6,1,2
202400020904,2024-06-27 10:35:00,2024,6,27,10,35,84,84007,C.De GAULLE (Rocade),43.92887,4.81305,Plein jour,En agglomération,Intersection en X,Normale,Trois véhicules et plus - en chaîne,4,2,2,0,1,1,1,5,1,50,3,4,2,0,0,2,47.0,25.0,voiture,voiture,1,2,2,1,4
202400020904,2024-06-27 10:35:00,2024,6,27,10,35,84,84007,C.De GAULLE (Rocade),43.92887,4.81305,Plein jour,En agglomération,Intersection en X,Normale,Trois véhicules et plus - en chaîne,4,3,4,0,1,1,1,5,1,50,3,4,2,0,0,2,47.0,25.0,voiture,voiture,1,2,2,1,4
202400020905,2024-06-28 14:00:00,2024,6,28,14,0,81,81065,25 Rue Théron Périé,43.60892,2.24544,Plein jour,En agglomération,Hors intersection,Normale,Autre collision,4,2,2,0,1,1,1,0,1,50,2,2,1,0,0,1,26.0,17.0,voiture,deux_roues,1,2,1,1,6
202400020906,2024-06-27 10:50:00,2024,6,27,10,50,80,80021,Avenue de Belgique,49.87091,2.29468,Plein jour,En agglomération,Hors intersection,Normale,Autre collision,4,-1,0,0,1,1,1,9,8,20,1,1,0,0,0,1,71.0,,voiture,,1,2,1,1,6
202400020907,2024-06-28 17:40:00,2024,6,28,17,40,78,78586,BERTEAUX (MAURICE) N°44 A 152,48.941,2.1649,Plein jour,En agglomération,Autre intersection,Normale,Autre collision,6,-1,0,0,1,1,1,0,8,15,1,3,2,0,1,0,66.0,,voiture,,1,2,9,1,6
202400020908,2024-06-28 18:00:00,2024,6,28,18,0,78,78418,GABRIEL PERI (AVENUE),48.92736,2.14029,Plein jour,En agglomération,Autre intersection,Normale,Deux véhicules - frontale,3,-1,2,1,1,1,1,0,5,50,2,2,1,0,0,1,47.0,15.0,voiture,deux_roues,1,2,9,1,1
202400020909,2024-06-28 09:30:00,2024,6,28,9,30,78,78481,VIGNES BENETTES (AVENUE DES),48.8805,2.09595,Plein jour,En agglomération,Hors intersection,Normale,Autre collision,4,2,2,0,2,1,1,0,1,30,1,2,1,0,0,1,63.0,,autre,,1,2,1,1,6
202400020910,2024-06-28 01:50:00,2024,6,28,1,50,78,78146,DARCIS (RUE),48.91018,2.13832,Nuit avec éclairage allumé,En agglomération,Hors intersection,Normale,Autre collision,4,-1,2,0,1,1,1,9,8,50,1,2,0,0,0,2,19.0,,voiture,,5,2,1,1,6
202400020911,2024-06-25 17:40:00,2024,6,25,17,40,78,78517,D 937,48.65877,1.82486,Plein jour,Hors agglomération,Hors intersection,Normale,Deux véhicules - côté,3,2,2,0,2,1,1,0,1,50,2,2,1,1,0,0,64.0,21.0,utilitaire_camion,deux_roues,1,1,1,1,3
202400020912,2024-06-27 14:30:00,2024,6,27,14,30,78,78621,CD 912,48.78386,1.9924,Plein jour,En agglomération,Hors intersection,Normale,Autre collision,3,2,1,3,1,1,1,0,6,50,1,2,1,0,0,1,26.0,,transport_commun,,1,2,1,1,6
202400020913,2024-06-28 01:00:00,2024,6,28,1,0,78,78172,RN 184,49.002215,2.0815,Nuit avec éclairage allumé,Hors agglomération,Intersection en T,Normale,Deux véhicules - côté,2,2,2,0,1,2,1,0,1,50,2,2,1,0,0,1,,30.0,voiture,voiture,5,1,3,1,3
202400020913,2024-06-28 01:00:00,2024,6,28,1,0,78,78172,RN 184,49.002215,2.0815,Nuit avec éclairage allumé,Hors agglomération,Intersection en T,Normale,Deux véhicules - côté,2,3,5,0,1,1,1,0,1,90,2,2,1,0,0,1,,30.0,voiture,voiture,5,1,3,1,3
202400020914,2024-06-28 19:25:00,2024,6,28,19,25,77,77350,DEPARTEMENTALE 1004,48.76723,2.64937,Plein jour,Hors agglomération,Hors intersection,Normale,Autre collision,3,1,0,0,1,1,1,0,1,15,1,2,1,0,1,0,37.0,,voiture,,1,1,1,1,6
202400020915,2024-06-28 23:25:00,2024,6,28,23,25,77,77067,D.346,48.557554,2.599873,Nuit sans éclairage public,Hors agglomération,Hors intersection,Normale,Deux véhicules - côté,3,2,2,0,1,1,1,0,1,70,2,2,0,0,0,2,36.0,37.0,utilitaire_camion,transport_commun,3,1,1,1,3
202400020916,2024-06-28 16:30:00,2024,6,28,16,30,77,77053,CD 50,48.67159032,2.58494921,Plein jour,Hors agglomération,Hors intersection,Normale,Sans collision,3,2,2,0,1,1,1,0,1,50,2,2,1,0,0,1,16.0,,deux_roues,voiture,1,1,1,1,7
202400020917,2024-06-28 14:15:00,2024,6,28,14,15,77,77288,ARISTIDE BRIAND  (BOULEVARD),48.54524,2.65066,Plein jour,En agglomération,Intersection en T,Normale,Deux véhicules - côté,4,2,2,0,1,1,1,0,1,70,2,2,1,0,0,1,30.0,28.0,voiture,deux_roues,1,2,3,1,3
202400020917,2024-06-28 14:15:00,2024,6,28,14,15,77,77288,ARISTIDE BRIAND  (BOULEVARD),48.54524,2.65066,Plein jour,En agglomération,Intersection en T,Normale,Deux véhicules - côté,4,2,2,0,1,1,1,0,2,50,2,2,1,0,0,1,30.0,28.0,voiture,deux_roues,1,2,3,1,3
202400020918,2024-06-28 13:00:00,2024,6,28,13,0,77,77122,RUE SOMMEVILLE,48.666097,2.557448,Plein jour,En agglomération,Intersection en T,Normale,Deux véhicules - côté,4,2,2,0,1,1,1,0,1,50,2,2,1,0,1,0,,37.0,voiture,deux_roues,1,2,3,1,3
202400020918,2024-06-28 13:00:00,2024,6,28,13,0,77,77122,RUE SOMMEVILLE,48.666097,2.557448,Plein jour,En agglomération,Intersection en T,Normale,Deux véhicules - côté,4,-1,2,0,1,1,1,0,1,50,2,2,1,0,1,0,,37.0,voiture,deux_roues,1,2,3,1,3
202400020919,2024-06-27 15:25:00,2024,6,27,15,25,76,76351,ANATOLE FRANCE,49.4948,0.11128,Plein jour,En agglomération,Intersection en X,Normale,Autre collision,4,2,4,2,1,1,1,0,1,50,1,2,1,0,1,0,74.0,,voiture,,1,2,2,1,6
202400020919,2024-06-27 15:25:00,2024,6,27,15,25,76,76351,ANATOLE FRANCE,49.4948,0.11128,Plein jour,En agglomération,Intersection en X,Normale,Autre collision,4,1,3,2,1,1,1,0,1,50,1,2,1,0,1,0,74.0,,voiture,,1,2,2,1,6
202400020920,2024-06-28 22:35:00,2024,6,28,22,35,72,72181,CHANZY (RUE)  N° IMP 1 A 71 BIS,47.99913,0.20975,Nuit avec éclairage allumé,En agglomération,Giratoire,Normale,Deux véhicules - côté,4,2,4,0,1,1,1,9,1,50,2,2,1,0,0,1,22.0,19.0,deux_roues,voiture,5,2,6,1,3
202400020920,2024-06-28 22:35:00,2024,6,28,22,35,72,72181,CHANZY (RUE)  N° IMP 1 A 71 BIS,47.99913,0.20975,Nuit avec éclairage allumé,En agglomération,Giratoire,Normale,Deux véhicules - côté,4,4,4,0,1,1,1,9,1,50,2,2,1,0,0,1,22.0,19.0,deux_roues,voiture,5,2,6,1,3
202400020921,2024-06-28 21:40:00,2024,6,28,21,40,71,71270,GAMBETTA (RUE),46.30212,4.83113,Crépuscule ou aube,En agglomération,Hors intersection,Normale,Autre collision,4,2,2,0,1,1,1,9,8,30,1,2,1,0,1,0,21.0,,voiture,,2,2,1,1,6
202400020922,2024-06-27 14:10:00,2024,6,27,14,10,69,69290,Boulevard de la Porte des Alpes,45.71503,4.92542,Plein jour,En agglomération,Intersection en X,Normale,Deux véhicules - côté,4,2,2,0,1,1,1,0,1,70,2,2,0,0,0,2,31.0,28.0,voiture,voiture,1,2,2,1,3
202400020922,2024-06-27 14:10:00,2024,6,27,14,10,69,69290,Boulevard de la Porte des Alpes,45.71503,4.92542,Plein jour,En agglomération,Intersection en X,Normale,Deux véhicules - côté,4,2,4,0,1,1,1,0,1,70,2,2,0,0,0,2,31.0,28.0,voiture,voiture,1,2,2,1,3
202400020923,2024-11-17 08:15:00,2024,11,17,8,15,95,95018,A15,48.9585871,2.27405291,Plein jour,Hors agglomération,Hors intersection,Pluie légère,Deux véhicules - côté,1,3,10,0,1,1,2,0,1,110,2,2,1,0,0,1,50.0,,deux_roues,voiture,1,1,1,2,3
202400020924,2024-06-28 09:15:00,2024,6,28,9,15,69,69096,Rue Charles De Gaulle,45.60578,4.78282,Plein jour,En agglomération,Intersection en T,Temps éblouissant,Deux véhicules - côté,4,2,2,0,1,1,1,5,1,30,2,2,1,0,0,1,15.0,23.0,deux_roues,transport_commun,1,2,3,7,3
202400020924,2024-06-28 09:15:00,2024,6,28,9,15,69,69096,Rue Charles De Gaulle,45.60578,4.78282,Plein jour,En agglomération,Intersection en T,Temps éblouissant,Deux véhicules - côté,4,2,2,0,2,1,1,5,1,50,2,2,1,0,0,1,15.0,23.0,deux_roues,transport_commun,1,2,3,7,3
202400020925,2024-06-27 15:40:00,2024,6,27,15,40,67,67482,WISSEMBOURG (RUE DE),48.59112,7.74182,Plein jour,En agglomération,Hors intersection,Normale,Autre collision,4,3,4,0,1,1,1,0,1,50,1,2,1,0,0,1,51.0,,voiture,,1,2,1,1,6
202400020926,2024-11-16 18:00:00,2024,11,16,18,0,93,93053,AUTOROUTE A3,48.88722551,2.47394088,Nuit avec éclairage allumé,Hors agglomération,Hors intersection,Normale,Deux véhicules - côté,1,1,2,0,1,2,1,0,1,70,2,3,1,0,0,2,28.0,31.0,deux_roues,voiture,5,1,1,1,3
202400020927,2024-06-28 08:15:00,2024,6,28,8,15,64,64445,PEYROULET,43.30387,-0.35621,Plein jour,En agglomération,Giratoire,Temps couvert,Deux véhicules - côté,4,2,2,0,1,1,2,0,8,50,2,2,1,0,0,1,41.0,59.0,deux_roues,voiture,1,2,6,8,3
202400020927,2024-06-28 08:15:00,2024,6,28,8,15,64,64445,PEYROULET,43.30387,-0.35621,Plein jour,En agglomération,Giratoire,Temps couvert,Deux véhicules - côté,4,1,1,0,1,1,2,0,1,50,2,2,1,0,0,1,41.0,59.0,deux_roues,voiture,1,2,6,8,3
202400020928,2024-06-27 21:30:00,2024,6,27,21,30,64,64122,VERDUN (AVENUE DE),43.48214,-1.55474,Crépuscule ou aube,En agglomération,Hors intersection,Normale,Deux véhicules - arrière,4,2,2,0,2,1,1,0,1,30,2,2,0,0,1,1,17.0,42.0,deux_roues,deux_roues,2,2,1,1,2
202400020929,2024-06-28 22:00:00,2024,6,28,22,0,64,64102,ALSACE LORRAINE (BOULEVARD),43.49472,-1.46852,Nuit avec éclairage allumé,En agglomération,Hors intersection,Normale,Autre collision,4,2,3,0,1,1,1,0,1,30,1,2,1,0,0,1,39.0,,voiture,,5,2,1,1,6
202400020930,2024-11-16 19:10:00,2024,11,16,19,10,95,95252,A115,48.98859238,2.24343194,Crépuscule ou aube,Hors agglomération,Hors intersection,Normale,Deux véhicules - côté,1,3,2,0,1,1,1,0,1,90,2,4,2,0,0,2,28.0,30.0,deux_roues,voiture,2,1,1,1,3
202400020931,2024-06-28 16:16:00,2024,6,28,16,16,63,63032,EUROPE (AVENUE DE L'),45.75492446,3.09679806,Plein jour,En agglomération,Intersection en X,Pluie forte,Deux véhicules - côté,4,2,3,-1,1,1,2,5,1,30,2,2,1,0,0,1,50.0,26.0,voiture,deux_roues,1,2,2,3,3
202400020931,2024-06-28 16:16:00,2024,6,28,16,16,63,63032,EUROPE (AVENUE DE L'),45.75492446,3.09679806,Plein jour,En agglomération,Intersection en X,Pluie forte,Deux véhicules - côté,4,2,2,0,3,1,2,5,1,30,2,2,1,0,0,1,50.0,26.0,voiture,deux_roues,1,2,2,3,3
202400020932,2024-11-16 20:10:00,2024,11,16,20,10,93,93007,AUTOROUTE A3,48.931258,2.48097635,Nuit sans éclairage public,Hors agglomération,Hors intersection,Normale,Deux véhicules - côté,1,3,3,0,1,1,1,0,1,110,2,2,1,0,0,1,43.0,21.0,deux_roues,voiture,3,1,1,1,3
202400020933,2024-06-28 16:20:00,2024,6,28,16,20,62,62510,D58,50.42225415,2.77408996,Plein jour,En agglomération,Hors intersection,Normale,Autre collision,3,3,4,0,1,1,1,0,1,50,1,2,1,1,0,0,24.0,,voiture,,1,2,1,1,6
202400020934,2024-11-17 04:00:00,2024,11,17,4,0,94,94065,A86,48.75453592,2.34767061,Nuit avec éclairage allumé,Hors agglomération,Hors intersection,Normale,Autre collision,2,1,4,0,1,1,1,0,1,90,1,1,0,0,0,1,33.0,,voiture,,5,1,1,1,6
202400020935,2024-06-24 13:10:00,2024,6,24,13,10,62,62510,Rue du Docteur Biat,50.41706352,2.77953243,Plein jour,En agglomération,Intersection en T,Normale,Deux véhicules - côté,4,2,0,0,1,1,1,0,1,50,2,2,0,0,0,2,37.0,34.0,deux_roues,voiture,1,2,3,1,3
202400020935,2024-06-24 13:10:00,2024,6,24,13,10,62,62510,Rue du Docteur Biat,50.41706352,2.77953243,Plein jour,En agglomération,Intersection en T,Normale,Deux véhicules - côté,4,2,0,0,1,1,1,0,1,50,2,2,0,0,0,2,37.0,34.0,deux_roues,voiture,1,2,3,1,3