accident_id,datetime,annee,mois,jour,heure,minute,departement,commune_insee,adresse,latitude,longitude,luminosite,agglomeration,intersection,meteo,collision,catr,circ,nbv,vosp,prof,plan,surf,infra,situ,vma,nb_vehicules,nb_usagers,nb_indemnes,nb_tues,nb_blesses_hosp,nb_blesses_legers,age_cond_1,age_cond_2,veh_type_cond_1,veh_type_cond_2,lum_code,agg_code,int_code,atm_code,col_code
202400020998,2024-11-16 23:50:00,2024,11,16,23,50,92,92002,MIRABEAU (RUE),48.74503627,2.29822777,Nuit avec éclairage allumé,En agglomération,Intersection en T,Normale,Deux véhicules - côté,4,2,2,0,1,2,1,0,1,50,2,3,2,0,0,1,34.0,34.0,utilitaire_camion,voiture,5,2,3,1,3
202400020999,2024-03-10 00:10:00,2024,3,10,0,10,75,75110,RUE DU FAUBOURG SAINT MARTIN,48.877803,2.361638,Nuit avec éclairage allumé,En agglomération,Intersection en T,Pluie légère,Deux véhicules - côté,4,1, -1,1,1,1,2,0,1,30,2,2,0,0,0,2,20.0,29.0,deux_roues,deux_roues,5,2,3,2,3
202400020999,2024-03-10 00:10:00,2024,3,10,0,10,75,75110,RUE DU FAUBOURG SAINT MARTIN,48.877803,2.361638,Nuit avec éclairage allumé,En agglomération,Intersection en T,Pluie légère,Deux véhicules - côté,4,2,4,1,1,1,2,0,1,30,2,2,0,0,0,2,20.0,29.0,deux_roues,deux_roues,5,2,3,2,3
202400021000,2024-06-28 11:30:00,2024,6,28,11,30,13,13004,AV STALINGRAD,43.69377,4.63965,Plein jour,En agglomération,Hors intersection,Normale,Autre collision,4,2,2,0,1,1,1,0,1,50,2,3,2,0,0,1,67.0,23.0,voiture,deux_roues,1,2,1,1,6
202400021001,2024-11-17 05:40:00,2024,11,17,5,40,51,51567,N4,48.69062114,4.71438751,Nuit avec éclairage allumé,Hors agglomération,Hors intersection,Brouillard / fumée,Sans collision,2,2,2,0,1,1,1,0,8,90,1,3,0,0,0,3,19.0,,voiture,,5,1,1,5,7
202400021002,2024-03-09 21:20:00,2024,3,9,21,20,75,75109,RUE LA FAYETTE,48.874668,2.339379,Nuit avec éclairage allumé,En agglomération,Intersection en X,Pluie légère,Autre collision,4,1,2,3,1,1,2,0,1,30,1,3,2,0,0,1,49.0,,voiture,,5,2,2,2,6
202400021002,2024-03-09 21:20:00,2024,3,9,21,20,75,75109,RUE LA FAYETTE,48.874668,2.339379,Nuit avec éclairage allumé,En agglomération,Intersection en X,Pluie légère,Autre collision,4,1,2,3,1,1,2,0,1,30,1,3,2,0,0,1,49.0,,voiture,,5,2,2,2,6
202400021003,2024-06-26 23:40:00,2024,6,26,23,40,06,06088,41 Boulevard François Grosso,43.6971,7.25142,Nuit avec éclairage allumé,En agglomération,Hors intersection,Normale,Deux véhicules - côté,4,2,2,0,2,1,1,0,1,50,2,2,1,0,1,0,41.0,17.0,voiture,deux_roues,5,2,1,1,3
202400021004,2024-11-17 02:20:00,2024,11,17,2,20,36,36233,route de paulmery,47.24407599,1.56311097,Nuit sans éclairage public,Hors agglomération,Hors intersection,Normale,Autre collision,3,2,2,0,1,1,1,2,1,80,1,1,0,0,1,0,22.0,,voiture,,3,1,1,1,6
202400021005,2024-03-10 08:20:00,2024,3,10,8,20,75,75107,PLACE HENRY DE MONTHERLANT,48.860382,2.326864,Plein jour,En agglomération,Hors intersection,Pluie légère,Autre collision,4,1,3,0,1,1,2,0,1,30,1,1,0,0,0,1,30.0,,utilitaire_camion,,1,2,1,2,6
202400021006,2024-11-17 08:45:00,2024,11,17,8,45,31,31053,Carrefour RM112/RD59,43.64611,1.555268,Crépuscule ou aube,En agglomération,Intersection en X,Normale,Deux véhicules - côté,7,3,1,0,1,1,1,0,1,50,2,3,1,0,0,2,60.0,24.0,voiture,utilitaire_camion,2,2,2,1,3
202400021006,2024-11-17 08:45:00,2024,11,17,8,45,31,31053,Carrefour RM112/RD59,43.64611,1.555268,Crépuscule ou aube,En agglomération,Intersection en X,Normale,Deux véhicules - côté,7,2,1,0,4,1,1,5,8,50,2,3,1,0,0,2,60.0,24.0,voiture,utilitaire_camion,2,2,2,1,3
202400021007,2024-06-28 14:30:00,2024,6,28,14,30,06,06069,93 Boulevard Emmanuel Rouquier,43.636381,6.940725,Plein jour,En agglomération,Intersection en T,Normale,Deux véhicules - côté,4,2,2,0,1,1,1,0,1,-1,2,2,1,0,0,1,62.0,56.0,deux_roues,voiture,1,2,3,1,3
202400021007,2024-06-28 14:30:00,2024,6,28,14,30,06,06069,93 Boulevard Emmanuel Rouquier,43.636381,6.940725,Plein jour,En agglomération,Intersection en T,Normale,Deux véhicules - côté,4,2,2,0,2,1,1,8,1,30,2,2,1,0,0,1,62.0,56.0,deux_roues,voiture,1,2,3,1,3
202400021008,2024-03-10 19:50:00,2024,3,10,19,50,75,75104,RUE DE LOBAU,48.85601,2.353326,Nuit avec éclairage allumé,En agglomération,Intersection en T,Normale,Autre collision,4,2,7,-1,1,1,1,0,4,30,1,1,0,0,0,1,27.0,,deux_roues,,5,2,3,1,6
202400021008,2024-03-10 19:50:00,2024,3,10,19,50,75,75104,RUE DE LOBAU,48.85601,2.353326,Nuit avec éclairage allumé,En agglomération,Intersection en T,Normale,Autre collision,4,2,4,2,1,1,1,0,4,30,1,1,0,0,0,1,27.0,,deux_roues,,5,2,3,1,6
202400021009,2024-11-16 15:40:00,2024,11,16,15,40,81,81218,1 Rue d'Al Causse,43.891832,2.166837,Plein jour,En agglomération,Hors intersection,Normale,Autre collision,6,-1, -1,0,1,1,1,0,8,50,1,2,1,0,1,0,59.0,,voiture,,1,2,1,1,6
202400021010,2024-06-28 09:55:00,2024,6,28,9,55,75,75119,RUE BOTZARIS,48.879281,2.384352,Plein jour,En agglomération,Intersection en T,Normale,Deux véhicules - côté,4,2,2,0,1,1,1,0,1,30,2,2,1,0,0,1,27.0,54.0,voiture,deux_roues,1,2,3,1,3
202400021010,2024-06-28 09:55:00,2024,6,28,9,55,75,75119,RUE BOTZARIS,48.879281,2.384352,Plein jour,En agglomération,Intersection en T,Normale,Deux véhicules - côté,4,1,1,0,1,1,1,0,1,30,2,2,1,0,0,1,27.0,54.0,voiture,deux_roues,1,2,3,1,3
202400021011,2024-03-10 05:14:00,2024,3,10,5,14,75,75101,RUE SAINT DENIS,48.860184,2.348301,Nuit avec éclairage allumé,En agglomération,Intersection en T,Normale,Autre collision,4,1,1,3,1,1,2,0,8,30,1,4,3,0,0,1,29.0,,utilitaire_camion,,5,2,3,1,6
202400021011,2024-03-10 05:14:00,2024,3,10,5,14,75,75101,RUE SAINT DENIS,48.860184,2.348301,Nuit avec éclairage allumé,En agglomération,Intersection en T,Normale,Autre collision,4,1,1,3,1,1,2,0,6,30,1,4,3,0,0,1,29.0,,utilitaire_camion,,5,2,3,1,6
202400021012,2024-11-16 18:10:00,2024,11,16,18,10,68,68157,5 Grand'Rue,48.117395,7.476068,Nuit avec éclairage allumé,En agglomération,Hors intersection,Normale,Deux véhicules - côté,3,2,2,0,1,1,1,0,1,50,2,3,1,0,0,2,15.0,33.0,deux_roues,utilitaire_camion,5,2,1,1,3
202400021013,2024-03-10 18:00:00,2024,3,10,18,0,94,94078,Avenue de Choisy,48.75370646,2.4297228,Plein jour,En agglomération,Hors intersection,Normale,Deux véhicules - frontale,3,2,2,0,1,1,1,0,1,50,2,2,1,0,0,1,57.0,61.0,voiture,voiture,1,2,1,1,1
202400021014,2024-06-28 17:45:00,2024,6,28,17,45,75,75118,RUE STEPHENSON,48.89041,2.355835,Plein jour,En agglomération,Intersection en T,Normale,Autre collision,4,2, -1,-1,1,1,1,0,1,-1,1,3,1,0,2,0,26.0,,voiture,,1,2,3,1,6
202400021014,2024-06-28 17:45:00,2024,6,28,17,45,75,75118,RUE STEPHENSON,48.89041,2.355835,Plein jour,En agglomération,Intersection en T,Normale,Autre collision,4,2,2,0,1,1,1,0,1,30,1,3,1,0,2,0,26.0,,voiture,,1,2,3,1,6
202400021015,2024-03-10 18:30:00,2024,3,10,18,30,94,94041,80 Avenue Maurice Thorez,48.81417,2.37921,Crépuscule ou aube,En agglomération,Hors intersection,Normale,Deux véhicules - arrière,3,1,1,2,1,1,1,0,1,50,2,2,1,0,0,1,,38.0,voiture,deux_roues,2,2,1,1,2
202400021016,2024-11-17 13:50:00,2024,11,17,13,50,68,68376,D20,47.825754,7.342799,Plein jour,Hors agglomération,Hors intersection,Normale,Sans collision,9,-1,2,0,1,1,6,0,8,-1,1,1,0,0,1,0,65.0,,deux_roues,,1,1,1,1,7
202400021017,2024-06-28 00:10:00,2024,6,28,0,10,75,75117,BOULEVARD DE REIMS,48.891578,2.299853,Nuit avec éclairage allumé,En agglomération,Hors intersection,Normale,Sans collision,4,1,1,0,1,1,1,0,1,30,1,1,0,0,0,1,23.0,,deux_roues,,5,2,1,1,7
202400021018,2024-03-10 16:15:00,2024,3,10,16,15,94,94022,Avenue Léon Gourdault / Avenue du Général Leclerc / Avenue de la République,48.76241153,2.40664691,Plein jour,En agglomération,Intersection en X,Temps couvert,Deux véhicules - côté,3,3,4,3,1,1,1,5,1,50,2,3,2,0,0,1,38.0,50.0,voiture,voiture,1,2,2,8,3
202400021018,2024-03-10 16:15:00,2024,3,10,16,15,94,94022,Avenue Léon Gourdault / Avenue du Général Leclerc / Avenue de la République,48.76241153,2.40664691,Plein jour,En agglomération,Intersection en X,Temps couvert,Deux véhicules - côté,3,3,4,0,1,1,1,5,1,-1,2,3,2,0,0,1,38.0,50.0,voiture,voiture,1,2,2,8,3
202400021018,2024-03-10 16:15:00,2024,3,10,16,15,94,94022,Avenue Léon Gourdault / Avenue du Général Leclerc / Avenue de la République,48.76241153,2.40664691,Plein jour,En agglomération,Intersection en X,Temps couvert,Deux véhicules - côté,3,3,4,3,1,1,1,5,1,-1,2,3,2,0,0,1,38.0,50.0,voiture,voiture,1,2,2,8,3
202400021019,2024-11-17 08:53:00,2024,11,17,8,53,69,69283,Route d'Heyrieux,45.680175,4.959501,Plein jour,En agglomération,Giratoire,Brouillard / fumée,Deux véhicules - frontale,7,2,4,0,1,1,2,5,1,70,2,2,1,0,0,1,61.0,84.0,deux_roues,voiture,1,2,6,5,1
202400021020,2024-03-10 18:15:00,2024,3,10,18,15,94,94048,Avenue des Buissons / Rue Chasse Lievre,48.735381,2.557859,Plein jour,En agglomération,Intersection en T,Normale,Autre collision,3,2,2,0,1,1,1,0,3,50,1,3,2,0,0,1,22.0,,voiture,,1,2,3,1,6
202400021020,2024-03-10 18:15:00,2024,3,10,18,15,94,94048,Avenue des Buissons / Rue Chasse Lievre,48.735381,2.557859,Plein jour,En agglomération,Intersection en T,Normale,Autre collision,3,1,1,0,1,1,1,0,3,-1,1,3,2,0,0,1,22.0,,voiture,,1,2,3,1,6
202400021021,2024-11-18 02:00:00,2024,11,18,2,0,971,97109,RN1,15.990385,-61.716213,Nuit sans éclairage public,Hors agglomération,Giratoire,Pluie légère,Autre collision,2,-1,2,0,2,3,2,1,8,70,1,2,0,2,0,0,20.0,,voiture,,3,1,6,2,6
202400021022,2024-06-28 02:30:00,2024,6,28,2,30,75,75115,RUE DE VAUGIRARD,48.843311,2.313809,Nuit avec éclairage allumé,En agglomération,Hors intersection,Normale,Deux véhicules - frontale,4,2,2,1,1,1,1,-1,5,30,2,2,1,0,0,1,28.0,31.0,deux_roues,deux_roues,5,2,1,1,1
202400021023,2024-03-10 15:20:00,2024,3,10,15,20,93,93008,Rue Saint Andre / Rue Bernard,48.903486,2.424362,Plein jour,En agglomération,Intersection en T,Normale,Autre collision,4,2,2,0,1,1,1,0,1,50,1,3,2,0,0,1,43.0,,voiture,,1,2,3,1,6
202400021024,2024-11-17 04:23:00,2024,11,17,4,23,26,26216,Route de Claveyson,45.194816,4.915588,Nuit sans éclairage public,Hors agglomération,Hors intersection,Brouillard / fumée,Sans collision,3,-1,2,0,1,2,1,0,3,80,1,4,2,0,2,0,19.0,,voiture,,3,1,1,5,7
202400021025,2024-03-10 14:30:00,2024,3,10,14,30,93,93001,Avenue Jean Jaurès,48.91285057,2.40201536,Plein jour,En agglomération,Hors intersection,Normale,Deux véhicules - côté,3,2,2,3,1,1,1,0,1,50,2,2,1,0,0,1,29.0,29.0,utilitaire_camion,transport_commun,1,2,1,1,3
202400021026,2024-06-27 21:35:00,2024,6,27,21,35,75,75114,RUE D ALESIA,48.832752,2.311562,Plein jour,En agglomération,Intersection en X,Normale,Deux véhicules - arrière,4,2,4,1,1,1,1,0,1,30,2,2,1,0,0,1,22.0,31.0,voiture,deux_roues,1,2,2,1,2
202400021026,2024-06-27 21:35:00,2024,6,27,21,35,75,75114,RUE D ALESIA,48.832752,2.311562,Plein jour,En agglomération,Intersection en X,Normale,Deux véhicules - arrière,4,1,4,0,1,1,1,0,1,30,2,2,1,0,0,1,22.0,31.0,voiture,deux_roues,1,2,2,1,2
202400021027,2024-03-10 14:00:00,2024,3,10,14,0,92,92044,"PORTE DE VILLIERS (AVENUE DE LA, N° 33 A",48.886624,2.28356338,Plein jour,En agglomération,Giratoire,Temps couvert,Deux véhicules - côté,3,1,0,1,1,2,1,0,1,30,2,2,1,0,0,1,66.0,55.0,deux_roues,deux_roues,1,2,6,8,3
202400021027,2024-03-10 14:00:00,2024,3,10,14,0,92,92044,"PORTE DE VILLIERS (AVENUE DE LA, N° 33 A",48.886624,2.28356338,Plein jour,En agglomération,Giratoire,Temps couvert,Deux véhicules - côté,3,1,0,1,1,1,1,0,1,30,2,2,1,0,0,1,66.0,55.0,deux_roues,deux_roues,1,2,6,8,3
202400021028,2024-06-27 11:52:00,2024,6,27,11,52,75,75113,PLACE D ITALIE,48.831916,2.355542,Plein jour,En agglomération,Place,Normale,Autre collision,4,2,2,0,1,1,1,8,1,30,1,2,1,0,0,1,24.0,,deux_roues,,1,2,7,1,6
202400021029,2024-11-16 17:50:00,2024,11,16,17,50,42,42322,Chemin de Rocheplate,45.419875,4.529698,Nuit sans éclairage public,Hors agglomération,Intersection en Y,Normale,Deux véhicules - frontale,7,2,2,0,1,1,1,0,1,80,2,2,1,0,1,0,16.0,31.0,deux_roues,voiture,3,1,4,1,1
202400021029,2024-11-16 17:50:00,2024,11,16,17,50,42,42322,Chemin de Rocheplate,45.419875,4.529698,Nuit sans éclairage public,Hors agglomération,Intersection en Y,Normale,Deux véhicules - frontale,7,2,2,-1,2,1,1,0,1,-1,2,2,1,0,1,0,16.0,31.0,deux_roues,voiture,3,1,4,1,1
202400021030,2024-03-10 02:45:00,2024,3,10,2,45,92,92050,JOILIOT CURIE F. ET IRENE AVENUE N°IMPAI,48.88752,2.20094,Nuit avec éclairage allumé,En agglomération,Hors intersection,Pluie légère,Deux véhicules - arrière,3,3,3,0,1,1,2,0,1,50,2,2,1,0,0,1,29.0,30.0,voiture,voiture,5,2,1,2,2
202400021031,2024-06-27 00:15:00,2024,6,27,0,15,75,75112,PONT D AUSTERLITZ,48.845687,2.36745,Nuit avec éclairage allumé,En agglomération,Intersection en X,Normale,Autre collision,4,2, -1,-1,1,1,1,0,6,30,1,1,0,0,0,1,26.0,,voiture,,5,2,2,1,6
202400021031,2024-06-27 00:15:00,2024,6,27,0,15,75,75112,PONT D AUSTERLITZ,48.845687,2.36745,Nuit avec éclairage allumé,En agglomération,Intersection en X,Normale,Autre collision,4,1,2,0,1,2,1,2,6,30,1,1,0,0,0,1,26.0,,voiture,,5,2,2,1,6
202400021032,2024-11-17 11:50:00,2024,11,17,11,50,50,50137,"Autoroute A84, PR 196+600, sens RENNES-CAEN",48.858415,-1.209258,Plein jour,Hors agglomération,Hors intersection,Temps couvert,Autre collision,1,3,2,0,3,2,2,3,2,130,1,2,1,0,1,0,63.0,,voiture,,1,1,1,8,6
202400021033,2024-03-10 16:50:00,2024,3,10,16,50,92,92044,PDT WILSON(RUE)107A131 ET 110A130,48.89812034,2.28518128,Plein jour,En agglomération,Intersection en X,Pluie légère,Autre collision,4,1, -1,-1,1,1,2,5,1,-1,1,2,1,0,0,1,51.0,,voiture,,1,2,2,2,6
202400021033,2024-03-10 16:50:00,2024,3,10,16,50,92,92044,PDT WILSON(RUE)107A131 ET 110A130,48.89812034,2.28518128,Plein jour,En agglomération,Intersection en X,Pluie légère,Autre collision,4,1,2,0,1,1,2,0,1,50,1,2,1,0,0,1,51.0,,voiture,,1,2,2,2,6
202400021034,2024-11-16 18:40:00,2024,11,16,18,40,57,57269,Boulevard du Pont,49.298987,6.194267,Nuit avec éclairage allumé,En agglomération,Hors intersection,Normale,Autre collision,4,3,2,0,1,1,1,0,1,50,1,2,1,0,1,0,79.0,,voiture,,5,2,1,1,6
202400021035,2024-06-28 12:20:00,2024,6,28,12,20,75,75110,AVENUE PARMENTIER,48.871241,2.370124,Plein jour,En agglomération,Intersection en X,Normale,Deux véhicules - côté,4,2,4,2,1,1,1,0,1,30,2,2,1,0,0,1,24.0,28.0,utilitaire_camion,deux_roues,1,2,2,1,3
202400021035,2024-06-28 12:20:00,2024,6,28,12,20,75,75110,AVENUE PARMENTIER,48.871241,2.370124,Plein jour,En agglomération,Intersection en X,Normale,Deux véhicules - côté,4,1,1,0,1,1,1,0,1,30,2,2,1,0,0,1,24.0,28.0,utilitaire_camion,deux_roues,1,2,2,1,3
202400021036,2024-03-10 21:00:00,2024,3,10,21,0,92,92035,Léon Maurice Nordmann ( rue ),48.90443985,2.24041772,Nuit avec éclairage allumé,En agglomération,Intersection en T,Normale,Deux véhicules - côté,3,2,2,0,1,1,1,0,1,50,2,2,1,0,0,1,35.0,40.0,voiture,deux_roues,5,2,3,1,3
202400021036,2024-03-10 21:00:00,2024,3,10,21,0,92,92035,Léon Maurice Nordmann ( rue ),48.90443985,2.24041772,Nuit avec éclairage allumé,En agglomération,Intersection en T,Normale,Deux véhicules - côté,3,2,2,0,1,1,1,0,1,50,2,2,1,0,0,1,35.0,40.0,voiture,deux_roues,5,2,3,1,3
202400021037,2024-11-17 00:58:00,2024,11,17,0,58,51,51596,Rue de l?Empereur,48.880906,3.61477,Nuit avec éclairage allumé,En agglomération,Hors intersection,Normale,Deux véhicules - arrière,4,2,2,0,1,1,1,0,1,50,2,2,1,0,0,1,23.0,33.0,voiture,utilitaire_camion,5,2,1,1,2
202400021038,2024-03-10 09:30:00,2024,3,10,9,30,92,92023,JEAN JAURES (AVENUE) N°57 A 259 ET 64 A,48.80990717,2.26932764,Plein jour,En agglomération,Intersection en X,Temps couvert,Autre collision,4,1,2,0,1,1,1,0,1,30,1,2,1,0,0,1,37.0,,voiture,,1,2,2,8,6
202400021038,2024-03-10 09:30:00,2024,3,10,9,30,92,92023,JEAN JAURES (AVENUE) N°57 A 259 ET 64 A,48.80990717,2.26932764,Plein jour,En agglomération,Intersection en X,Temps couvert,Autre collision,4,2,2,0,1,1,1,0,1,30,1,2,1,0,0,1,37.0,,voiture,,1,2,2,8,6
202400021039,2024-06-28 11:00:00,2024,6,28,11,0,75,75108,COURS LA REINE,48.864726,2.315296,Plein jour,En agglomération,Hors intersection,Normale,Deux véhicules - arrière,4,1,2,0,2,1,1,0,1,30,2,2,1,0,0,1,37.0,28.0,utilitaire_camion,voiture,1,2,1,1,2
202400021040,2024-11-18 18:05:00,2024,11,18,18,5,80,80318,3 Rue Roger Godard,50.016509,2.079678,Nuit avec éclairage allumé,En agglomération,Intersection en T,Pluie légère,Autre collision,3,2,2,0,1,1,2,0,1,50,1,2,1,0,1,0,62.0,,voiture,,5,2,3,2,6
202400021040,2024-11-18 18:05:00,2024,11,18,18,5,80,80318,3 Rue Roger Godard,50.016509,2.079678,Nuit avec éclairage allumé,En agglomération,Intersection en T,Pluie légère,Autre collision,3,2,2,0,1,3,2,0,1,50,1,2,1,0,1,0,62.0,,voiture,,5,2,3,2,6
202400021041,2024-03-10 16:50:00,2024,3,10,16,50,92,92012,GEORGES GORSE (QUAI),48.82376626,2.23808536,Plein jour,En agglomération,Hors intersection,Normale,Deux véhicules - frontale,3,2,2,0,1,1,1,8,1,50,2,3,1,0,0,2,25.0,38.0,voiture,voiture,1,2,1,1,1
202400021042,2024-06-28 13:55:00,2024,6,28,13,55,75,75108,BOULEVARD HAUSSMANN,48.875049,2.309178,Plein jour,En agglomération,Intersection en X,Normale,Deux véhicules - côté,4,2,6,0,1,1,1,0,1,50,2,2,1,0,0,1,44.0,,deux_roues,deux_roues,1,2,2,1,3
202400021042,2024-06-28 13:55:00,2024,6,28,13,55,75,75108,BOULEVARD HAUSSMANN,48.875049,2.309178,Plein jour,En agglomération,Intersection en X,Normale,Deux véhicules - côté,4,-1,3,0,1,1,1,0,1,50,2,2,1,0,0,1,44.0,,deux_roues,deux_roues,1,2,2,1,3
202400021043,2024-11-17 19:30:00,2024,11,17,19,30,80,80711,6 Rue Philippe Louis,50.037266,2.121032,Nuit avec éclairage allumé,En agglomération,Hors intersection,Normale,Sans collision,4,2,2,0,1,1,2,0,1,50,1,2,1,0,1,0,25.0,,voiture,,5,2,1,1,7
202400021044,2024-03-10 10:40:00,2024,3,10,10,40,92,92012,JEAN JAURES (BOULEVARD) 217/FIN - 210/FI,48.82566643,2.24802469,Plein jour,En agglomération,Hors intersection,Pluie légère,Deux véhicules - arrière,3,2,6,0,1,1,2,0,1,50,2,2,1,0,0,1,22.0,81.0,voiture,voiture,1,2,1,2,2
202400021045,2024-11-17 23:12:00,2024,11,17,23,12,65,65026,Route de Toulouse,43.286103,0.546412,Nuit sans éclairage public,Hors agglomération,Hors intersection,Pluie légère,Autre collision,3,2,2,0,2,2,2,0,3,70,1,2,0,0,1,1,18.0,,voiture,,3,1,1,2,6
202400021046,2024-06-28 19:25:00,2024,6,28,19,25,75,75107,QUAI ANATOLE FRANCE,48.861276,2.323585,Plein jour,En agglomération,Hors intersection,Normale,Deux véhicules - côté,4,1,2,1,1,1,1,-1,5,30,2,3,0,0,0,3,30.0,62.0,deux_roues,deux_roues,1,2,1,1,3
202400021047,2024-03-09 17:40:00,2024,3,9,17,40,92,92012,ANDRE MORIZET (AVENUE) 1/47 - 2/52,48.83573026,2.23950702,Plein jour,En agglomération,Hors intersection,Pluie légère,Deux véhicules - côté,3,-1,2,0,1,1,2,0,6,30,2,2,1,0,0,1,49.0,12.0,deux_roues,deux_roues,1,2,1,2,3
202400021048,2024-11-14 21:30:00,2024,11,14,21,30,33,33229,,44.786235,-0.912242,Nuit sans éclairage public,Hors agglomération,Hors intersection,Normale,Autre collision,3,2,4,0,1,1,1,0,3,110,1,1,0,1,0,0,61.0,,voiture,,3,1,1,1,6
202400021049,2024-06-28 19:30:00,2024,6,28,19,30,75,75107,PROMENADE GISELE HALIMI,48.86287498,2.30920225,Plein jour,En agglomération,Hors intersection,Normale,Sans collision,4,2,2,1,1,3,1,-1,5,30,1,5,3,0,0,2,27.0,,autre,,1,2,1,1,7
202400021050,2024-03-09 19:40:00,2024,3,9,19,40,92,92002,MARCHE (RUE DU),48.75271974,2.30272043,Nuit avec éclairage allumé,En agglomération,Hors intersection,Pluie légère,Autre collision,4,2,2,0,1,1,2,0,1,30,1,1,0,0,0,1,94.0,,voiture,,5,2,1,2,6
202400021051,2024-11-16 15:30:00,2024,11,16,15,30,63,63201,D55/ RD55A,45.960574,3.387268,Plein jour,En agglomération,Intersection en X,Normale,Autre collision,3,2,2,0,2,1,1,0,1,50,2,2,1,0,0,1,26.0,29.0,voiture,deux_roues,1,2,2,1,6
202400021051,2024-11-16 15:30:00,2024,11,16,15,30,63,63201,D55/ RD55A,45.960574,3.387268,Plein jour,En agglomération,Intersection en X,Normale,Autre collision,3,2,2,-1,1,1,1,0,1,50,2,2,1,0,0,1,26.0,29.0,voiture,deux_roues,1,2,2,1,6
202400021052,2024-06-28 15:45:00,2024,6,28,15,45,75,75103,BOULEVARD SAINT MARTIN,48.868518,2.358585,Plein jour,En agglomération,Hors intersection,Normale,Deux véhicules - côté,4,1,4,1,1,1,1,-1,5,30,2,2,0,0,1,1,41.0,25.0,deux_roues,deux_roues,1,2,1,1,3
202400021053,2024-03-10 22:34:00,2024,3,10,22,34,86,86153,Route Nationale N°147,46.415652,0.682995,Nuit sans éclairage public,Hors agglomération,Hors intersection,Normale,Deux véhicules - arrière,2,2,2,0,1,1,1,0,3,80,2,4,1,0,0,3,47.0,39.0,voiture,voiture,3,1,1,1,2
202400021054,2024-11-16 18:40:00,2024,11,16,18,40,63,63368,D301,45.69290816,3.32640521,Nuit sans éclairage public,Hors agglomération,Hors intersection,Normale,Sans collision,3,2,2,0,2,1,1,0,1,90,1,1,0,0,0,1,16.0,,deux_roues,,3,1,1,1,7
202400021055,2024-06-27 20:45:00,2024,6,27,20,45,75,75104,BOULEVARD DE SEBASTOPOL,48.860562,2.349422,Plein jour,En agglomération,Intersection en X,Normale,Deux véhicules - côté,4,1,3,3,1,1,1,0,1,30,2,2,1,0,0,1,28.0,59.0,deux_roues,transport_commun,1,2,2,1,3
202400021055,2024-06-27 20:45:00,2024,6,27,20,45,75,75104,BOULEVARD DE SEBASTOPOL,48.860562,2.349422,Plein jour,En agglomération,Intersection en X,Normale,Deux véhicules - côté,4,1, -1,-1,1,1,1,0,1,30,2,2,1,0,0,1,28.0,59.0,deux_roues,transport_commun,1,2,2,1,3
202400021056,2024-03-10 06:30:00,2024,3,10,6,30,71,71481,A6,46.186504,4.772797,Crépuscule ou aube,Hors agglomération,Hors intersection,Pluie forte,Autre collision,1,3,5,0,1,1,2,0,2,130,1,4,2,0,0,2,38.0,,voiture,,2,1,1,3,6
202400021057,2024-11-17 08:25:00,2024,11,17,8,25,61,61484,D107,48.270226,0.650725,Crépuscule ou aube,Hors agglomération,Hors intersection,Pluie légère,Autre collision,3,2,2,0,1,1,2,0,3,90,1,2,0,0,1,1,24.0,,voiture,,2,1,1,2,6
202400021058,2024-06-28 11:30:00,2024,6,28,11,30,94,94044,43 Rue Henri Barbusse,48.75183,2.48754,Plein jour,En agglomération,Hors intersection,Normale,Autre collision,3,2,2,0,1,1,1,0,1,50,1,2,1,0,1,0,41.0,,voiture,,1,2,1,1,6
202400021059,2024-03-08 11:30:00,2024,3,8,11,30,58,58086,1 rue du 14 juillet,47.411394,2.92648,Plein jour,En agglomération,Hors intersection,Normale,Autre collision,4,1,1,0,1,1,1,0,1,50,1,2,1,0,1,0,32.0,,utilitaire_camion,,1,2,1,1,6
202400021060,2024-11-16 11:15:00,2024,11,16,11,15,61,61194,Voie Communale,48.762773,-0.166511,Plein jour,Hors agglomération,Hors intersection,Normale,Sans collision,4,2,2,0,1,4,1,0,1,80,1,1,0,0,0,1,23.0,,deux_roues,,1,1,1,1,7
202400021061,2024-06-28 18:20:00,2024,6,28,18,20,75,75112,Avenue de Nogent,48.842109,2.449144,Plein jour,En agglomération,Intersection en X,Normale,Deux véhicules - côté,4,1,3,1,1,1,1,0,1,50,2,2,1,0,0,1,75.0,23.0,deux_roues,voiture,1,2,2,1,3
202400021061,2024-06-28 18:20:00,2024,6,28,18,20,75,75112,Avenue de Nogent,48.842109,2.449144,Plein jour,En agglomération,Intersection en X,Normale,Deux véhicules - côté,4,2, -1,-1,1,1,1,0,1,-1,2,2,1,0,0,1,75.0,23.0,deux_roues,voiture,1,2,2,1,3
202400021062,2024-03-11 13:40:00,2024,3,11,13,40,974,97413,Rue Georges Pompidou,-21.146472,55.276321,Plein jour,En agglomération,Intersection en T,Normale,Deux véhicules - frontale,3,2,2,0,2,1,1,0,1,50,2,2,1,0,1,0,57.0,22.0,deux_roues,voiture,1,2,3,1,1
202400021062,2024-03-11 13:40:00,2024,3,11,13,40,974,97413,Rue Georges Pompidou,-21.146472,55.276321,Plein jour,En agglomération,Intersection en T,Normale,Deux véhicules - frontale,3,2, -1,0,2,1,1,5,1,-1,2,2,1,0,1,0,57.0,22.0,deux_roues,voiture,1,2,3,1,1