accident_id,datetime,annee,mois,jour,heure,minute,departement,commune_insee,adresse,latitude,longitude,luminosite,agglomeration,intersection,meteo,collision,catr,circ,nbv,vosp,prof,plan,surf,infra,situ,vma,nb_vehicules,nb_usagers,nb_indemnes,nb_tues,nb_blesses_hosp,nb_blesses_legers,age_cond_1,age_cond_2,veh_type_cond_1,veh_type_cond_2,lum_code,agg_code,int_code,atm_code,col_code
202400021063,2024-11-08 15:40:00,2024,11,8,15,40,49,49248,Route Départementale 775,47.768775,-1.224761,Plein jour,Hors agglomération,Hors intersection,Normale,Deux véhicules - frontale,3,2,2,0,1,1,1,0,1,110,2,2,1,0,1,0,19.0,26.0,voiture,voiture,1,1,1,1,1
202400021064,2024-03-10 09:35:00,2024,3,10,9,35,34,34114,A750 PK 26+900,43.639367,3.577895,Plein jour,Hors agglomération,Hors intersection,Normale,Autre collision,1,1,2,0,2,1,2,0,2,110,1,2,1,0,0,1,67.0,,voiture,,1,1,1,1,6
202400021065,2024-11-06 12:25:00,2024,11,6,12,25,49,49331,rue charles de gaulle,47.693083,-0.870464,Plein jour,En agglomération,Giratoire,Normale,Deux véhicules - côté,4,1,1,0,1,3,1,0,1,50,2,2,1,0,0,1,33.0,58.0,deux_roues,deux_roues,1,2,6,1,3
202400021066,2024-03-11 18:47:00,2024,3,11,18,47,30,30312,D980,44.03379,4.79396,Nuit sans éclairage public,Hors agglomération,Hors intersection,Pluie légère,Deux véhicules - frontale,3,2,2,0,1,2,2,0,1,80,2,3,2,0,0,1,62.0,18.0,voiture,voiture,3,1,1,2,1
202400021067,2024-11-15 09:28:00,2024,11,15,9,28,49,49369,Rue de la Mairie,47.388947,0.072505,Plein jour,En agglomération,Intersection en T,Temps couvert,Deux véhicules - côté,3,2,2,0,1,1,1,5,1,50,2,2,1,0,1,0,71.0,55.0,deux_roues,voiture,1,2,3,8,3
202400021067,2024-11-15 09:28:00,2024,11,15,9,28,49,49369,Rue de la Mairie,47.388947,0.072505,Plein jour,En agglomération,Intersection en T,Temps couvert,Deux véhicules - côté,3,2, -1,-1,1,1,1,0,1,-1,2,2,1,0,1,0,71.0,55.0,deux_roues,voiture,1,2,3,8,3
202400021068,2024-06-28 03:20:00,2024,6,28,3,20,94,94041,Rue Louis Bertrand / Avenue Pierre Sémard,48.81761,2.38153,Nuit avec éclairage allumé,En agglomération,Intersection en X,Normale,Deux véhicules - côté,3,2,2,0,1,1,1,0,1,50,2,2,0,0,0,2,24.0,46.0,voiture,voiture,5,2,2,1,3
202400021068,2024-06-28 03:20:00,2024,6,28,3,20,94,94041,Rue Louis Bertrand / Avenue Pierre Sémard,48.81761,2.38153,Nuit avec éclairage allumé,En agglomération,Intersection en X,Normale,Deux véhicules - côté,3,2,2,0,1,1,1,0,1,50,2,2,0,0,0,2,24.0,46.0,voiture,voiture,5,2,2,1,3
202400021069,2024-03-10 05:00:00,2024,3,10,5,0,30,30131,Pont de l'Aiguillion,44.19186,4.48138,Crépuscule ou aube,Hors agglomération,Hors intersection,Pluie forte,Sans collision,3,2,2,0,1,1,4,2,8,80,1,2,0,2,0,0,67.0,,voiture,,2,1,1,3,7
202400021070,2024-06-28 20:00:00,2024,6,28,20,0,94,94073,rdpt des halles,48.759511,2.370973,Plein jour,En agglomération,Hors intersection,Normale,Autre collision,4,1,2,0,1,1,1,0,1,50,1,2,1,0,0,1,,,autre,,1,2,1,1,6
202400021071,2024-11-17 19:10:00,2024,11,17,19,10,12,12022,D999,44.015904,3.074584,Nuit sans éclairage public,Hors agglomération,Hors intersection,Normale,Deux véhicules - arrière,3,2,2,0,1,1,1,0,1,90,2,3,1,0,1,1,19.0,66.0,voiture,utilitaire_camion,3,1,1,1,2
202400021072,2024-03-10 16:15:00,2024,3,10,16,15,34,34270,Rond-Point du Rieucoulon,43.583472,3.847897,Plein jour,Hors agglomération,Giratoire,Normale,Deux véhicules - côté,7,2,2,0,1,1,1,5,1,50,2,2,1,0,1,0,22.0,23.0,voiture,deux_roues,1,1,6,1,3
202400021073,2024-11-16 15:30:00,2024,11,16,15,30,42,42234,Chemin de Champlas,45.534818,4.385074,Plein jour,Hors agglomération,Hors intersection,Normale,Autre collision,4,2,2,0,2,1,1,0,1,80,1,1,0,0,1,0,18.0,,deux_roues,,1,1,1,1,6
202400021074,2024-03-10 16:50:00,2024,3,10,16,50,89,89411,D27,48.151686,3.412371,Plein jour,Hors agglomération,Hors intersection,Normale,Sans collision,3,2,2,0,2,2,1,0,1,80,1,1,0,0,1,0,38.0,,deux_roues,,1,1,1,1,7
202400021075,2024-06-28 18:25:00,2024,6,28,18,25,94,94028,Avenue du Général de Gaulle,48.78232671,2.45712206,Plein jour,En agglomération,Hors intersection,Normale,Deux véhicules - côté,3,3,4,0,1,1,1,0,1,30,2,2,1,0,0,1,43.0,25.0,voiture,voiture,1,2,1,1,3
202400021076,2024-11-17 02:30:00,2024,11,17,2,30,41,41135,la bissonnière,47.278257,1.866104,Nuit sans éclairage public,Hors agglomération,Hors intersection,Normale,Autre collision,3,2,2,0,1,1,1,0,3,50,1,1,0,0,0,1,20.0,,voiture,,3,1,1,1,6
202400021077,2024-03-10 16:45:00,2024,3,10,16,45,51,51054,RD 980,49.295695,4.375986,Plein jour,Hors agglomération,Hors intersection,Normale,Autre collision,3,2,2,0,1,1,1,0,3,90,1,3,1,0,1,1,56.0,,voiture,,1,1,1,1,6
202400021078,2024-06-28 15:40:00,2024,6,28,15,40,94,94019,Route de la Libération,48.801459,2.540914,Plein jour,En agglomération,Hors intersection,Normale,Deux véhicules - côté,3,3,2,0,1,1,1,0,1,30,2,2,1,0,0,1,32.0,50.0,voiture,deux_roues,1,2,1,1,3
202400021079,2024-11-09 08:30:00,2024,11,9,8,30,34,34300,N2009,43.401466,3.33728,Plein jour,Hors agglomération,Hors intersection,Pluie forte,Deux véhicules - frontale,2,3,0,0,1,1,2,0,1,80,2,2,0,0,1,1,61.0,60.0,voiture,voiture,1,1,1,3,1
202400021080,2024-03-10 19:50:00,2024,3,10,19,50,79,79220,,46.215669,-0.617627,Nuit sans éclairage public,Hors agglomération,Hors intersection,Normale,Deux véhicules - arrière,2,3,4,0,1,1,2,0,1,110,2,4,3,0,1,0,19.0,40.0,voiture,voiture,3,1,1,1,2
202400021081,2024-11-16 14:30:00,2024,11,16,14,30,34,34339,RD20,43.380864,2.908866,Plein jour,Hors agglomération,Hors intersection,Normale,Sans collision,3,-1,2,0,2,3,1,0,3,80,1,2,0,1,1,0,58.0,,deux_roues,,1,1,1,1,7
202400021082,2024-06-28 00:35:00,2024,6,28,0,35,94,94079,Rue de Bernau / Avenue Maurice Thorez,48.81799,2.539,Nuit avec éclairage allumé,En agglomération,Intersection en X,Normale,Deux véhicules - côté,3,2,2,0,1,1,1,0,1,50,2,4,2,0,0,2,25.0,23.0,voiture,voiture,5,2,2,1,3
202400021082,2024-06-28 00:35:00,2024,6,28,0,35,94,94079,Rue de Bernau / Avenue Maurice Thorez,48.81799,2.539,Nuit avec éclairage allumé,En agglomération,Intersection en X,Normale,Deux véhicules - côté,3,2,2,0,3,1,1,0,1,50,2,4,2,0,0,2,25.0,23.0,voiture,voiture,5,2,2,1,3
202400021083,2024-03-10 20:15:00,2024,3,10,20,15,2B,2B043,Sagro,42.79607,9.489763,Nuit sans éclairage public,Hors agglomération,Hors intersection,Normale,Deux véhicules - côté,3,2,2,0,2,3,1,0,1,80,2,2,1,0,0,1,41.0,23.0,utilitaire_camion,voiture,3,1,1,1,3
202400021084,2024-11-15 16:30:00,2024,11,15,16,30,34,34312,D922,43.645524,3.109785,Plein jour,Hors agglomération,Hors intersection,Normale,Autre collision,3,2,2,0,1,2,1,0,3,90,1,4,1,0,1,2,70.0,,voiture,,1,1,1,1,6
202400021085,2024-06-28 11:30:00,2024,6,28,11,30,93,93077,Avenue de Rosny / Rue de la Liberté,48.88505958,2.5031206,Plein jour,En agglomération,Intersection en T,Normale,Autre collision,3,2,4,0,1,1,1,0,1,50,1,2,1,0,0,1,50.0,,utilitaire_camion,,1,2,3,1,6
202400021085,2024-06-28 11:30:00,2024,6,28,11,30,93,93077,Avenue de Rosny / Rue de la Liberté,48.88505958,2.5031206,Plein jour,En agglomération,Intersection en T,Normale,Autre collision,3,2,2,0,1,1,1,0,1,50,1,2,1,0,0,1,50.0,,utilitaire_camion,,1,2,3,1,6
202400021086,2024-03-11 09:30:00,2024,3,11,9,30,32,32147,RD 4 PR 3+360,43.599227,0.874143,Plein jour,Hors agglomération,Hors intersection,Pluie forte,Sans collision,3,2,2,0,4,1,2,0,3,80,1,1,0,0,1,0,73.0,,utilitaire_camion,,1,1,1,3,7
202400021087,2024-11-15 18:15:00,2024,11,15,18,15,22,22137,Lieu Dit la Croix Neuve,48.29338232,-3.44444633,Nuit sans éclairage public,Hors agglomération,Hors intersection,Normale,Deux véhicules - frontale,3,2,2,0,1,1,1,0,1,80,2,3,2,0,1,0,68.0,72.0,utilitaire_camion,voiture,3,1,1,1,1
202400021088,2024-03-10 19:50:00,2024,3,10,19,50,32,32269,rd 654- pk 46+885,43.77606,0.845282,Nuit sans éclairage public,Hors agglomération,Hors intersection,Temps couvert,Autre collision,3,2,2,0,1,1,2,0,3,90,1,1,0,0,1,0,48.0,,voiture,,3,1,1,8,6
202400021089,2024-06-28 13:30:00,2024,6,28,13,30,93,93050,Avenue du General de Gaulle,48.8579,2.53353,Plein jour,En agglomération,Hors intersection,Normale,Deux véhicules - arrière,3,3,4,0,1,1,1,0,1,50,2,3,2,0,0,1,20.0,26.0,voiture,voiture,1,2,1,1,2
202400021090,2024-11-16 13:00:00,2024,11,16,13,0,72,72023,Le Grand Moray,48.187606,0.212973,Plein jour,Hors agglomération,Hors intersection,Normale,Deux véhicules - frontale,3,2,2,0,1,3,1,0,1,80,2,2,1,0,1,0,19.0,41.0,voiture,voiture,1,1,1,1,1
202400021091,2024-06-28 07:55:00,2024,6,28,7,55,93,93049,Chemin de Meaux,48.86264,2.51192,Plein jour,En agglomération,Hors intersection,Normale,Deux véhicules - côté,3,2,2,0,1,1,1,0,1,50,2,2,1,0,0,1,54.0,47.0,voiture,deux_roues,1,2,1,1,3
202400021092,2024-03-10 17:00:00,2024,3,10,17,0,11,11206,Esplanade Francois Mitterrand,43.050827,2.21948,Plein jour,En agglomération,Hors intersection,Normale,Deux véhicules - côté,4,2,2,0,1,1,1,0,1,-1,2,3,0,0,1,2,17.0,55.0,deux_roues,voiture,1,2,1,1,3
202400021093,2024-11-17 05:00:00,2024,11,17,5,0,50,50431,Route de la Libération,49.181745,-1.233038,Nuit sans éclairage public,Hors agglomération,Hors intersection,Pluie légère,Deux véhicules - côté,3,2,2,0,1,1,2,9,1,80,2,4,3,0,0,1,19.0,71.0,voiture,voiture,3,1,1,2,3
202400021094,2024-06-28 21:00:00,2024,6,28,21,0,93,93015,Rue des Grands Champs / Route du Bois de Bernouille,48.91738,2.57292,Plein jour,En agglomération,Giratoire,Normale,Deux véhicules - côté,4,2,2,0,1,1,1,0,1,50,2,2,0,0,0,2,34.0,39.0,autre,voiture,1,2,6,1,3
202400021094,2024-06-28 21:00:00,2024,6,28,21,0,93,93015,Rue des Grands Champs / Route du Bois de Bernouille,48.91738,2.57292,Plein jour,En agglomération,Giratoire,Normale,Deux véhicules - côté,4,2,2,0,2,1,1,0,1,50,2,2,0,0,0,2,34.0,39.0,autre,voiture,1,2,6,1,3
202400021095,2024-03-10 15:25:00,2024,3,10,15,25,61,61402,D924,48.715278,-0.290477,Plein jour,Hors agglomération,Hors intersection,Neige / grêle,Trois véhicules et plus - collisions multiples,3,2,2,0,2,1,2,0,1,90,3,7,1,0,2,4,25.0,39.0,utilitaire_camion,voiture,1,1,1,4,5
202400021096,2024-11-16 18:30:00,2024,11,16,18,30,18,18197,93 Avenue du Général de Gaulle,46.731408,2.49432,Nuit avec éclairage allumé,En agglomération,Autre intersection,Normale,Deux véhicules - côté,3,2,2,0,1,1,1,9,1,50,2,3,1,0,2,0,18.0,53.0,deux_roues,voiture,5,2,9,1,3
202400021097,2024-06-27 21:05:00,2024,6,27,21,5,93,93046,Avenue Jean Jacques Rousseau,48.92695,2.5443,Plein jour,En agglomération,Hors intersection,Normale,Deux véhicules - arrière,4,2,2,0,1,1,1,0,1,50,2,3,1,0,0,2,44.0,35.0,voiture,voiture,1,2,1,1,2
202400021098,2024-03-11 00:45:00,2024,3,11,0,45,42,42039,Route des Pistes,45.690608,3.826118,Nuit sans éclairage public,Hors agglomération,Hors intersection,Temps couvert,Autre collision,3,2,2,0,1,1,2,0,3,80,1,1,0,0,1,0,37.0,,voiture,,3,1,1,8,6
202400021099,2024-03-10 14:00:00,2024,3,10,14,0,42,42227,Route de Sail,45.707479,3.931732,Plein jour,Hors agglomération,Hors intersection,Normale,Autre collision,3,2,2,0,2,3,1,0,3,80,1,1,0,0,1,0,36.0,,deux_roues,,1,1,1,1,6
202400021100,2024-06-27 19:15:00,2024,6,27,19,15,93,93046,Avenue Turgot / Allée Ledru - Rollin,48.91672,2.5185,Plein jour,En agglomération,Intersection en X,Normale,Autre collision,4,1,1,0,1,1,1,0,1,50,1,2,1,0,0,1,47.0,,deux_roues,,1,2,2,1,6
202400021100,2024-06-27 19:15:00,2024,6,27,19,15,93,93046,Avenue Turgot / Allée Ledru - Rollin,48.91672,2.5185,Plein jour,En agglomération,Intersection en X,Normale,Autre collision,4,2,2,0,1,1,1,0,1,50,1,2,1,0,0,1,47.0,,deux_roues,,1,2,2,1,6
202400021101,2024-03-11 16:40:00,2024,3,11,16,40,39,39201,,46.666452,5.784341,Plein jour,Hors agglomération,Hors intersection,Normale,Autre collision,6,-1, -1,0,1,1,6,0,3,30,1,1,0,1,0,0,75.0,,voiture,,1,1,1,1,6
202400021102,2024-11-16 09:15:00,2024,11,16,9,15,07,07237,D120,44.829934,4.678714,Plein jour,En agglomération,Autre intersection,Normale,Deux véhicules - côté,3,2,2,0,1,3,1,0,1,50,2,6,5,0,1,0,40.0,48.0,voiture,voiture,1,2,9,1,3
202400021103,2024-03-11 09:00:00,2024,3,11,9,0,29,29031,Rue de Lorient,47.79870443,-3.57539721,Plein jour,Hors agglomération,Hors intersection,Temps éblouissant,Deux véhicules - frontale,3,2,2,0,1,3,1,0,1,70,2,4,0,0,1,3,66.0,69.0,voiture,voiture,1,1,1,7,1
202400021104,2024-11-16 17:45:00,2024,11,16,17,45,53,53147,Boulevard Jean Monnet,48.287469,-0.621511,Nuit avec éclairage allumé,En agglomération,Intersection en T,Normale,Deux véhicules - côté,3,2,2,0,1,1,1,0,1,50,2,2,1,0,1,0,60.0,61.0,deux_roues,voiture,5,2,3,1,3
202400021104,2024-11-16 17:45:00,2024,11,16,17,45,53,53147,Boulevard Jean Monnet,48.287469,-0.621511,Nuit avec éclairage allumé,En agglomération,Intersection en T,Normale,Deux véhicules - côté,3,-1, -1,-1,-1,-1,-1,-1,-1,-1,2,2,1,0,1,0,60.0,61.0,deux_roues,voiture,5,2,3,1,3
202400021105,2024-06-28 20:30:00,2024,6,28,20,30,93,93072,Boulevard Maxime Gorki / Avenue Gaston Monmousseau,48.94779,2.38648,Crépuscule ou aube,En agglomération,Intersection en X,Temps éblouissant,Autre collision,3,3,4,3,1,1,1,5,1,50,1,2,1,0,0,1,20.0,,voiture,,2,2,2,7,6
202400021105,2024-06-28 20:30:00,2024,6,28,20,30,93,93072,Boulevard Maxime Gorki / Avenue Gaston Monmousseau,48.94779,2.38648,Crépuscule ou aube,En agglomération,Intersection en X,Temps éblouissant,Autre collision,3,2,2,0,1,1,1,0,1,50,1,2,1,0,0,1,20.0,,voiture,,2,2,2,7,6
202400021106,2024-11-14 16:10:00,2024,11,14,16,10,53,53137,La Chapelle du Chene,48.070828,-0.927878,Plein jour,Hors agglomération,Giratoire,Normale,Deux véhicules - côté,3,2,2,0,1,3,1,9,1,90,2,2,1,0,1,0,68.0,76.0,voiture,deux_roues,1,1,6,1,3
202400021107,2024-03-10 18:00:00,2024,3,10,18,0,31,31258,Chemin Marou,43.27447659,1.28962755,Plein jour,Hors agglomération,Hors intersection,Normale,Deux véhicules - frontale,3,2,2,0,2,3,1,0,1,80,2,2,0,0,2,0,48.0,26.0,voiture,voiture,1,1,1,1,1
202400021108,2024-06-27 22:30:00,2024,6,27,22,30,92,92046,Charles de gaulle,48.82116543,2.29702002,Nuit avec éclairage allumé,En agglomération,Hors intersection,Normale,Deux véhicules - côté,3,3,2,0,1,1,1,0,1,50,2,2,1,0,0,1,35.0,56.0,voiture,deux_roues,5,2,1,1,3
202400021109,2024-11-17 06:35:00,2024,11,17,6,35,21,21408,17 Grande Rue,47.404899,5.017922,Nuit sans éclairage public,En agglomération,Hors intersection,Normale,Autre collision,3,2,2,0,2,1,1,0,4,30,1,2,0,0,0,2,24.0,,voiture,,3,2,1,1,6
202400021110,2024-03-11 18:00:00,2024,3,11,18,0,50,50400,Rue d'Utah-beach,49.375409,-1.40507,Crépuscule ou aube,En agglomération,Intersection en X,Normale,Autre collision,3,-1,2,0,1,1,1,0,1,-1,2,3,2,0,1,0,35.0,64.0,voiture,voiture,2,2,2,1,6
202400021110,2024-03-11 18:00:00,2024,3,11,18,0,50,50400,Rue d'Utah-beach,49.375409,-1.40507,Crépuscule ou aube,En agglomération,Intersection en X,Normale,Autre collision,3,2,2,0,1,1,1,5,1,70,2,3,2,0,1,0,35.0,64.0,voiture,voiture,2,2,2,1,6
202400021111,2024-06-26 22:30:00,2024,6,26,22,30,92,92051,"BINEAU (BOULEVARD, N°133 A 217 ET 134 A",48.88947211,2.27265463,Nuit avec éclairage allumé,En agglomération,Autre intersection,Normale,Deux véhicules - côté,3,2,0,0,1,1,1,0,1,50,2,2,1,0,0,1,20.0,40.0,voiture,deux_roues,5,2,9,1,3
202400021112,2024-11-16 09:10:00,2024,11,16,9,10,40,40094,Route de Mimizan,44.16415947,-1.03448524,Plein jour,En agglomération,Intersection en Y,Normale,Sans collision,3,2,2,0,2,4,1,5,8,30,1,1,0,0,0,1,28.0,,deux_roues,,1,2,4,1,7
202400021112,2024-11-16 09:10:00,2024,11,16,9,10,40,40094,Route de Mimizan,44.16415947,-1.03448524,Plein jour,En agglomération,Intersection en Y,Normale,Sans collision,3,2, -1,-1,1,1,1,0,8,30,1,1,0,0,0,1,28.0,,deux_roues,,1,2,4,1,7
202400021113,2024-03-10 21:45:00,2024,3,10,21,45,64,64029,24 Route de Lanne,43.116633,-0.734823,Nuit sans éclairage public,En agglomération,Hors intersection,Pluie forte,Autre collision,3,2,2,0,1,1,2,0,3,50,1,1,0,0,0,1,30.0,,voiture,,3,2,1,3,6
202400021114,2024-11-16 11:45:00,2024,11,16,11,45,17,17197,intersection D134 - D142,45.448089,-0.438563,Plein jour,En agglomération,Giratoire,Normale,Deux véhicules - arrière,3,1,1,0,1,2,1,9,1,50,2,2,1,0,1,0,84.0,75.0,voiture,deux_roues,1,2,6,1,2
202400021115,2024-03-10 19:40:00,2024,3,10,19,40,18,18075,,47.012493,3.052375,Nuit sans éclairage public,Hors agglomération,Hors intersection,Normale,Deux véhicules - arrière,3,2,2,0,1,1,1,0,1,80,2,3,2,1,0,0,49.0,37.0,utilitaire_camion,deux_roues,3,1,1,1,2
202400021116,2024-06-28 18:45:00,2024,6,28,18,45,92,92050,BOUVETS BOULEVARD DES,48.89687,2.22405,Plein jour,En agglomération,Intersection en X,Normale,Deux véhicules - côté,4,-1,2,0,1,1,1,0,1,50,2,3,1,0,0,2,14.0,25.0,deux_roues,voiture,1,2,2,1,3
202400021116,2024-06-28 18:45:00,2024,6,28,18,45,92,92050,BOUVETS BOULEVARD DES,48.89687,2.22405,Plein jour,En agglomération,Intersection en X,Normale,Deux véhicules - côté,4,1,2,0,1,1,1,0,1,50,2,3,1,0,0,2,14.0,25.0,deux_roues,voiture,1,2,2,1,3
202400021117,2024-11-17 19:53:00,2024,11,17,19,53,30,30006,Route de Lunel,43.689171,4.180309,Nuit sans éclairage public,Hors agglomération,Hors intersection,Normale,Sans collision,3,2,2,0,1,3,1,0,8,80,1,1,0,1,0,0,33.0,,voiture,,3,1,1,1,7
202400021118,2024-06-28 08:52:00,2024,6,28,8,52,92,92050,CLEMENCEAU GEORGES AVENUE N° PAIR,48.88626103,2.21180177,Plein jour,En agglomération,Hors intersection,Normale,Deux véhicules - côté,3,2,5,1,1,1,1,0,1,50,2,2,1,0,0,1,21.0,51.0,voiture,deux_roues,1,2,1,1,3
202400021119,2024-03-11 08:30:00,2024,3,11,8,30,10,10198,D88,48.16245644,4.04131067,Plein jour,Hors agglomération,Hors intersection,Brouillard / fumée,Sans collision,3,2,2,0,2,2,1,0,3,80,1,7,6,0,0,1,60.0,,transport_commun,,1,1,1,5,7
202400021120,2024-11-17 07:30:00,2024,11,17,7,30,76,76660,N1029,49.44372171,0.27229714,Crépuscule ou aube,Hors agglomération,Autre intersection,Normale,Deux véhicules - arrière,2,3,2,1,2,1,2,2,1,70,2,4,3,0,1,0,63.0,57.0,deux_roues,voiture,2,1,9,1,2
202400021121,2024-03-10 20:45:00,2024,3,10,20,45,36,36109,,46.57509457,1.95557043,Nuit sans éclairage public,Hors agglomération,Hors intersection,Pluie légère,Deux véhicules - frontale,3,2,2,0,1,1,2,0,1,90,2,2,0,0,1,1,27.0,28.0,voiture,voiture,3,1,1,2,1
202400021122,2024-06-27 18:00:00,2024,6,27,18,0,92,92020,VERDUN AVENUE DE AUTRES N°,48.80134155,2.28466523,Plein jour,En agglomération,Hors intersection,Normale,Deux véhicules - arrière,3,1,2,0,1,1,1,0,1,50,2,3,2,0,0,1,54.0,21.0,voiture,deux_roues,1,2,1,1,2
202400021123,2024-11-18 08:10:00,2024,11,18,8,10,13,13091,506 Avenue de l'Europe,43.613564,5.320462,Plein jour,En agglomération,Intersection en T,Temps éblouissant,Deux véhicules - frontale,4,2,2,0,1,1,1,0,1,50,1,2,1,0,1,0,31.0,,voiture,,1,2,3,7,1
202400021123,2024-11-18 08:10:00,2024,11,18,8,10,13,13091,506 Avenue de l'Europe,43.613564,5.320462,Plein jour,En agglomération,Intersection en T,Temps éblouissant,Deux véhicules - frontale,4,2, -1,-1,1,1,1,5,1,-1,1,2,1,0,1,0,31.0,,voiture,,1,2,3,7,1
202400021124,2024-03-08 12:05:00,2024,3,8,12,5,40,40284,Avenue Nationale,43.66065,-1.304605,Plein jour,En agglomération,Hors intersection,Normale,Sans collision,3,2,2,0,1,1,1,0,1,50,1,2,1,0,1,0,21.0,,utilitaire_camion,,1,2,1,1,7
202400021125,2024-11-17 02:30:00,2024,11,17,2,30,34,34333,RD 116,43.497235,3.795809,Nuit sans éclairage public,Hors agglomération,Hors intersection,Normale,Autre collision,3,2,2,0,1,2,1,0,3,80,1,1,0,1,0,0,53.0,,voiture,,3,1,1,1,6
202400021126,2024-02-17 05:10:00,2024,2,17,5,10,85,85204,RD948,46.804304,-1.733458,Nuit sans éclairage public,Hors agglomération,Hors intersection,Brouillard / fumée,Autre collision,3,3,0,0,1,1,1,0,1,110,1,1,0,0,1,0,23.0,,voiture,,3,1,1,5,6
202400021127,2024-11-17 17:55:00,2024,11,17,17,55,973,97309,D2,4.8876169,-52.28503847,Crépuscule ou aube,En agglomération,Giratoire,Normale,Deux véhicules - côté,3,2,2,0,1,2,1,9,1,50,2,2,1,0,0,1,56.0,41.0,deux_roues,voiture,2,2,6,1,3
202400021128,2024-06-27 21:55:00,2024,6,27,21,55,92,92044,ARISTIDE BRIAND(RUE)85 +  ET  98+,48.89591601,2.29646695,Crépuscule ou aube,En agglomération,Intersection en X,Normale,Deux véhicules - côté,3,1,2,1,1,1,1,0,1,50,2,2,1,0,1,0,31.0,33.0,deux_roues,voiture,2,2,2,1,3
202400021128,2024-06-27 21:55:00,2024,6,27,21,55,92,92044,ARISTIDE BRIAND(RUE)85 +  ET  98+,48.89591601,2.29646695,Crépuscule ou aube,En agglomération,Intersection en X,Normale,Deux véhicules - côté,3,2,2,3,1,1,1,0,1,50,2,2,1,0,1,0,31.0,33.0,deux_roues,voiture,2,2,2,1,3
202400021129,2024-03-08 11:50:00,2024,3,8,11,50,85,85034,RD 52,46.616334,-1.1017549,Plein jour,Hors agglomération,Intersection en X,Normale,Sans collision,3,2, -1,-1,1,1,1,0,1,80,2,2,1,0,0,1,21.0,70.0,deux_roues,voiture,1,1,2,1,7
202400021129,2024-03-08 11:50:00,2024,3,8,11,50,85,85034,RD 52,46.616334,-1.1017549,Plein jour,Hors agglomération,Intersection en X,Normale,Sans collision,3,2,2,0,1,1,1,0,1,80,2,2,1,0,0,1,21.0,70.0,deux_roues,voiture,1,1,2,1,7
202400021130,2024-11-18 08:40:00,2024,11,18,8,40,06,06152,1363 Route de Nice,43.646751,7.021948,Plein jour,Hors agglomération,Hors intersection,Normale,Deux véhicules - côté,3,2,2,0,1,1,1,0,1,50,2,2,1,0,0,1,38.0,51.0,voiture,deux_roues,1,1,1,1,3
202400021131,2024-02-28 17:40:00,2024,2,28,17,40,17,17116,RD 148,45.422262,-0.568741,Plein jour,Hors agglomération,Hors intersection,Normale,Sans collision,3,2,2,0,2,1,1,0,3,80,1,1,0,0,1,0,62.0,,deux_roues,,1,1,1,1,7
202400021132,2024-11-16 16:50:00,2024,11,16,16,50,63,63195,RD 115 PR 006+000,45.8207845,3.43203275,Crépuscule ou aube,Hors agglomération,Hors intersection,Temps éblouissant,Deux véhicules - frontale,3,2,2,0,3,3,2,0,1,90,2,3,2,0,1,0,48.0,55.0,deux_roues,voiture,2,1,1,7,1
202400021133,2024-06-28 16:40:00,2024,6,28,16,40,92,92036,FOSSE BLANC (RUE DU) (1/145),48.92971798,2.3091867,Plein jour,En agglomération,Intersection en T,Normale,Deux véhicules - côté,3,1,2,0,1,1,1,0,8,50,2,3,2,0,0,1,,25.0,deux_roues,voiture,1,2,3,1,3
202400021133,2024-06-28 16:40:00,2024,6,28,16,40,92,92036,FOSSE BLANC (RUE DU) (1/145),48.92971798,2.3091867,Plein jour,En agglomération,Intersection en T,Normale,Deux véhicules - côté,3,1,2,0,1,1,1,0,8,50,2,3,2,0,0,1,,25.0,deux_roues,voiture,1,2,3,1,3
202400021134,2024-03-10 21:30:00,2024,3,10,21,30,23,23112,Montmartin,46.419998,1.877219,Nuit sans éclairage public,Hors agglomération,Hors intersection,Pluie légère,Autre collision,4,2,2,0,2,1,2,0,3,90,1,1,0,1,0,0,18.0,,deux_roues,,3,1,1,2,6
202400021135,2024-11-16 17:04:00,2024,11,16,17,4,83,83133,"A8, pk 151.200 voie nord",43.53466679,6.869399,Crépuscule ou aube,Hors agglomération,Hors intersection,Normale,Autre collision,1,1,3,0,1,1,1,0,2,110,1,2,1,0,0,1,57.0,,voiture,,2,1,1,1,6
202400021136,2024-06-25 18:30:00,2024,6,25,18,30,92,92036,GABRIEL PERI (AVENUE) (147/177),48.92252,2.29481,Plein jour,En agglomération,Intersection en T,Normale,Deux véhicules - côté,3,2,2,0,1,1,1,1,1,50,2,2,1,0,0,1,33.0,31.0,deux_roues,voiture,1,2,3,1,3
202400021136,2024-06-25 18:30:00,2024,6,25,18,30,92,92036,GABRIEL PERI (AVENUE) (147/177),48.92252,2.29481,Plein jour,En agglomération,Intersection en T,Normale,Deux véhicules - côté,3,1,2,0,1,1,1,0,1,30,2,2,1,0,0,1,33.0,31.0,deux_roues,voiture,1,2,3,1,3
202400021137,2024-03-11 16:25:00,2024,3,11,16,25,30,30062,Avenue du College,43.78278,4.200838,Plein jour,En agglomération,Intersection en T,Normale,Deux véhicules - côté,4,-1, -1,-1,1,2,1,0,1,-1,2,2,1,0,1,0,22.0,36.0,deux_roues,voiture,1,2,3,1,3