accident_id,datetime,annee,mois,jour,heure,minute,departement,commune_insee,adresse,latitude,longitude,luminosite,agglomeration,intersection,meteo,collision,catr,circ,nbv,vosp,prof,plan,surf,infra,situ,vma,nb_vehicules,nb_usagers,nb_indemnes,nb_tues,nb_blesses_hosp,nb_blesses_legers,age_cond_1,age_cond_2,veh_type_cond_1,veh_type_cond_2,lum_code,agg_code,int_code,atm_code,col_code
202400021137,2024-03-11 16:25:00,2024,3,11,16,25,30,30062,Avenue du College,43.78278,4.200838,Plein jour,En agglomération,Intersection en T,Normale,Deux véhicules - côté,4,2,2,0,1,1,1,0,1,30,2,2,1,0,1,0,22.0,36.0,deux_roues,voiture,1,2,3,1,3
202400021138,2024-11-16 07:15:00,2024,11,16,7,15,67,67460,Autoroute A4 Péage de SCHWINDRATZHEIM,48.769686,7.602169,Crépuscule ou aube,Hors agglomération,Autre intersection,Normale,Deux véhicules - côté,1,3,0,0,1,1,1,7,1,70,2,2,1,0,1,0,76.0,28.0,voiture,utilitaire_camion,2,1,9,1,3
202400021139,2024-03-09 19:40:00,2024,3,9,19,40,30,30120,Chemin de la Vigière,44.312622,4.128993,Nuit sans éclairage public,En agglomération,Hors intersection,Pluie forte,Sans collision,4,2,1,2,1,1,4,2,1,30,1,2,1,1,0,0,70.0,,voiture,,3,2,1,3,7
202400021140,2024-06-27 12:28:00,2024,6,27,12,28,92,92012,BELLEVUE (RUE DE) 73/FIN - 80/FIN,48.83408774,2.23117197,Plein jour,En agglomération,Hors intersection,Normale,Autre collision,4,2,2,0,1,1,1,0,1,50,3,3,2,0,0,1,49.0,71.0,utilitaire_camion,voiture,1,2,1,1,6
202400021141,2024-11-15 14:30:00,2024,11,15,14,30,987,98712,Rte de la Cité Jay,-17.525081,-149.528243,Plein jour,En agglomération,Hors intersection,Normale,Deux véhicules - arrière,3,3,4,0,1,1,1,6,1,50,2,2,1,0,1,0,39.0,46.0,deux_roues,voiture,1,2,1,1,2
202400021142,2024-03-08 17:30:00,2024,3,8,17,30,973,97307,N4 PK 3,4.84823,-52.316079,Plein jour,Hors agglomération,Intersection en T,Normale,Deux véhicules - côté,3,2,2,0,1,1,1,0,1,-1,2,2,1,0,1,0,57.0,52.0,voiture,deux_roues,1,1,3,1,3
202400021142,2024-03-08 17:30:00,2024,3,8,17,30,973,97307,N4 PK 3,4.84823,-52.316079,Plein jour,Hors agglomération,Intersection en T,Normale,Deux véhicules - côté,3,2, -1,-1,1,1,1,0,1,-1,2,2,1,0,1,0,57.0,52.0,voiture,deux_roues,1,1,3,1,3
202400021143,2024-06-28 18:30:00,2024,6,28,18,30,92,92007,FORTIN (AVENUE JEAN-BAPTISTE),48.79786221,2.30259258,Plein jour,En agglomération,Autre intersection,Normale,Deux véhicules - côté,3,2,2,1,2,1,1,0,5,50,2,2,1,0,0,1,61.0,61.0,deux_roues,voiture,1,2,9,1,3
202400021144,2024-11-16 16:40:00,2024,11,16,16,40,78,78349,A10,48.58221,2.01595,Plein jour,Hors agglomération,Hors intersection,Normale,Sans collision,1,3,4,0,3,1,1,0,1,130,1,1,0,0,1,0,59.0,,voiture,,1,1,1,1,7
202400021145,2024-03-10 20:10:00,2024,3,10,20,10,978,97801,R DE GRISELLE,18.092471,-63.030635,Nuit sans éclairage public,En agglomération,Hors intersection,Normale,Sans collision,2,2,2,0,2,2,1,0,1,70,1,2,0,0,2,0,17.0,,deux_roues,,3,2,1,1,7
202400021146,2024-11-16 11:00:00,2024,11,16,11,0,987,98714,RT 101 - Faanui Condominium,-16.49098705,-151.7530489,Plein jour,Hors agglomération,Hors intersection,Normale,Deux véhicules - arrière,2,2,2,0,1,1,1,0,1,-1,2,2,1,1,0,0,20.0,65.0,utilitaire_camion,deux_roues,1,1,1,1,2
202400021147,2024-06-28 12:25:00,2024,6,28,12,25,92,92007,BLAINS (RUE DES) N° AUTRES NUMEROS,48.79339503,2.3206773,Plein jour,En agglomération,Intersection en T,Normale,Deux véhicules - côté,3,1,3,2,1,1,1,9,1,50,2,2,1,0,0,1,28.0,45.0,utilitaire_camion,deux_roues,1,2,3,1,3
202400021147,2024-06-28 12:25:00,2024,6,28,12,25,92,92007,BLAINS (RUE DES) N° AUTRES NUMEROS,48.79339503,2.3206773,Plein jour,En agglomération,Intersection en T,Normale,Deux véhicules - côté,3,1, -1,-1,1,1,1,5,1,-1,2,2,1,0,0,1,28.0,45.0,utilitaire_camion,deux_roues,1,2,3,1,3
202400021148,2024-03-11 07:30:00,2024,3,11,7,30,13,13037,Rn 113,43.54444,5.185206,Plein jour,Hors agglomération,Autre intersection,Normale,Deux véhicules - côté,3,2,2,0,1,1,1,0,1,80,2,2,1,0,1,0,59.0,42.0,deux_roues,utilitaire_camion,1,1,9,1,3
202400021149,2024-11-17 10:30:00,2024,11,17,10,30,988,98803,RT1,-21.601188,165.552238,Plein jour,Hors agglomération,Hors intersection,Normale,Autre collision,2,2,2,0,3,2,1,0,3,110,1,2,0,0,2,0,27.0,,voiture,,1,1,1,1,6
202400021150,2024-06-28 21:15:00,2024,6,28,21,15,92,92004,AULAGNIER ( QUAI ),48.91413821,2.31113416,Plein jour,En agglomération,Hors intersection,Normale,Deux véhicules - arrière,3,3,2,0,1,1,1,0,1,70,2,2,1,0,0,1,60.0,28.0,voiture,voiture,1,2,1,1,2
202400021151,2024-03-10 16:45:00,2024,3,10,16,45,973,97309,Route d?Attila Cabassou,4.890135,-52.287664,Plein jour,Hors agglomération,Intersection en T,Normale,Deux véhicules - côté,3,2,2,0,1,1,1,0,1,-1,2,2,1,0,0,1,15.0,79.0,deux_roues,voiture,1,1,3,1,3
202400021151,2024-03-10 16:45:00,2024,3,10,16,45,973,97309,Route d?Attila Cabassou,4.890135,-52.287664,Plein jour,Hors agglomération,Intersection en T,Normale,Deux véhicules - côté,3,2, -1,-1,1,1,1,0,1,-1,2,2,1,0,0,1,15.0,79.0,deux_roues,voiture,1,1,3,1,3
202400021152,2024-11-16 01:00:00,2024,11,16,1,0,986,98613,FALALEU,-13.285982,-176.180674,Nuit sans éclairage public,En agglomération,Hors intersection,Normale,Deux véhicules - frontale,2,2,2,0,1,1,1,0,3,70,1,1,0,0,1,0,45.0,,voiture,,3,2,1,1,1
202400021153,2024-06-27 22:00:00,2024,6,27,22,0,92,92004,DOCTEUR DERVAUX  ( QUAI DU ),48.90704,2.29166,Crépuscule ou aube,En agglomération,Hors intersection,Normale,Autre collision,3,1,0,0,1,1,1,6,8,70,1,2,1,0,0,1,63.0,,voiture,,2,2,1,1,6
202400021154,2024-03-10 22:23:00,2024,3,10,22,23,42,42279,Boulevard Jean Jaurès,45.516358,4.26328,Nuit avec éclairage allumé,En agglomération,Giratoire,Temps couvert,Deux véhicules - côté,3,1,2,2,1,2,1,0,5,50,2,2,1,0,0,1,24.0,17.0,voiture,deux_roues,5,2,6,8,3
202400021155,2024-06-29 04:37:00,2024,6,29,4,37,54,54262,Grande Rue,48.70754445,6.434834,Crépuscule ou aube,En agglomération,Hors intersection,Normale,Autre collision,3,2,2,0,1,4,1,0,1,50,1,2,1,0,1,0,27.0,,voiture,,2,2,1,1,6
202400021156,2024-11-15 22:40:00,2024,11,15,22,40,986,98613,TEPA,-13.318761,-176.189643,Nuit sans éclairage public,En agglomération,Hors intersection,Normale,Deux véhicules - frontale,2,2,2,0,2,1,1,0,1,70,2,2,1,1,0,0,21.0,38.0,voiture,deux_roues,3,2,1,1,1
202400021157,2024-06-28 16:15:00,2024,6,28,16,15,31,31271,route départementale 1,43.559247,1.664225,Plein jour,Hors agglomération,Autre intersection,Normale,Sans collision,3,2,2,0,2,3,1,0,1,80,1,1,0,0,1,0,46.0,,deux_roues,,1,1,9,1,7
202400021158,2024-03-11 09:50:00,2024,3,11,9,50,17,17140,"Route Départementale N°734, PR 11+079",45.923737,-1.280825,Plein jour,Hors agglomération,Hors intersection,Normale,Deux véhicules - frontale,3,2,2,0,1,1,1,0,1,80,2,3,1,2,0,0,51.0,50.0,utilitaire_camion,utilitaire_camion,1,1,1,1,1
202400021159,2024-11-18 07:20:00,2024,11,18,7,20,973,97305,Route Nationale 1,4.937617,-52.409302,Plein jour,Hors agglomération,Intersection en T,Normale,Deux véhicules - frontale,2,2,2,0,1,1,1,0,1,80,2,2,1,0,0,1,38.0,38.0,utilitaire_camion,deux_roues,1,1,3,1,1
202400021159,2024-11-18 07:20:00,2024,11,18,7,20,973,97305,Route Nationale 1,4.937617,-52.409302,Plein jour,Hors agglomération,Intersection en T,Normale,Deux véhicules - frontale,2,2, -1,-1,1,1,1,0,1,-1,2,2,1,0,0,1,38.0,38.0,utilitaire_camion,deux_roues,1,1,3,1,1
202400021160,2024-06-28 21:00:00,2024,6,28,21,0,86,86289,D8,46.220539,0.663836,Plein jour,Hors agglomération,Hors intersection,Normale,Autre collision,3,2,2,0,1,1,1,0,3,80,1,2,0,1,0,1,54.0,,voiture,,1,1,1,1,6
202400021161,2024-03-09 15:50:00,2024,3,9,15,50,976,97609,"CCD 4, Kani bé",-12.978814,45.115888,Plein jour,En agglomération,Hors intersection,Normale,Sans collision,3,2,2,0,2,3,1,0,3,50,1,3,1,0,1,1,39.0,,voiture,,1,2,1,1,7
202400021162,2024-06-28 23:25:00,2024,6,28,23,25,16,16297,,45.635701,-0.115895,Nuit sans éclairage public,En agglomération,Hors intersection,Normale,Autre collision,3,2,2,0,2,3,1,0,8,70,1,1,0,0,1,0,23.0,,deux_roues,,3,2,1,1,6
202400021163,2024-11-17 18:10:00,2024,11,17,18,10,29,29233,Rue du Couédic,47.877882,-3.552762,Nuit avec éclairage allumé,En agglomération,Intersection en T,Normale,Deux véhicules - côté,3,2,2,0,1,1,1,0,1,30,2,2,1,0,0,1,73.0,23.0,voiture,deux_roues,5,2,3,1,3
202400021163,2024-11-17 18:10:00,2024,11,17,18,10,29,29233,Rue du Couédic,47.877882,-3.552762,Nuit avec éclairage allumé,En agglomération,Intersection en T,Normale,Deux véhicules - côté,3,2,2,0,1,1,1,0,1,30,2,2,1,0,0,1,73.0,23.0,voiture,deux_roues,5,2,3,1,3
202400021164,2024-03-11 14:24:00,2024,3,11,14,24,73,73182,A41 pk 98.200,45.67807906,5.93075124,Plein jour,Hors agglomération,Intersection en Y,Normale,Autre collision,1,3,4,0,2,2,1,0,1,130,1,2,1,0,1,0,53.0,,utilitaire_camion,,1,1,4,1,6
202400021164,2024-03-11 14:24:00,2024,3,11,14,24,73,73182,A41 pk 98.200,45.67807906,5.93075124,Plein jour,Hors agglomération,Intersection en Y,Normale,Autre collision,1,3,5,-1,2,2,1,3,1,130,1,2,1,0,1,0,53.0,,utilitaire_camion,,1,1,4,1,6
202400021165,2024-06-28 23:15:00,2024,6,28,23,15,49,49127,15 Avenue d'Angers,47.6663688,-0.24292499,Nuit avec éclairage non allumé,En agglomération,Hors intersection,Normale,Autre collision,3,2,2,1,1,1,1,0,1,30,1,2,1,0,1,0,20.0,,voiture,,4,2,1,1,6
202400021166,2024-11-18 17:50:00,2024,11,18,17,50,45,45155,D952 PR 6 + 700,47.677987,2.663727,Nuit sans éclairage public,Hors agglomération,Hors intersection,Pluie légère,Deux véhicules - frontale,3,2,3,0,2,1,2,0,1,90,2,2,1,0,0,1,56.0,29.0,voiture,deux_roues,3,1,1,2,1
202400021167,2024-03-10 18:50:00,2024,3,10,18,50,95,95371,D184,49.08332663,2.50476806,Nuit avec éclairage allumé,En agglomération,Hors intersection,Normale,Deux véhicules - arrière,3,2,2,0,1,1,2,0,1,30,2,2,1,0,0,1,44.0,34.0,voiture,deux_roues,5,2,1,1,2
202400021168,2024-11-14 20:20:00,2024,11,14,20,20,45,45179,Route de Blois,47.747865,1.663635,Nuit sans éclairage public,Hors agglomération,Hors intersection,Normale,Deux véhicules - arrière,3,2,2,1,1,1,1,0,1,80,2,2,0,0,1,1,31.0,36.0,voiture,voiture,3,1,1,1,2
202400021169,2024-03-10 13:20:00,2024,3,10,13,20,971,97125,Route Touristique,16.245403,-61.300621,Plein jour,En agglomération,Hors intersection,Normale,Deux véhicules - frontale,4,2,2,0,1,1,1,0,1,80,2,3,1,0,2,0,56.0,71.0,voiture,voiture,1,2,1,1,1
202400021170,2024-11-15 15:20:00,2024,11,15,15,20,77,77315,1 Avenue du Marechal Gallieni,48.888131,2.830001,Plein jour,En agglomération,Hors intersection,Normale,Deux véhicules - côté,4,1,1,0,1,1,1,0,1,30,2,2,1,0,0,1,54.0,26.0,voiture,voiture,1,2,1,1,3
202400021171,2024-03-11 08:15:00,2024,3,11,8,15,45,45155,17 Rue des Vanneaux,47.699325,2.621157,Plein jour,En agglomération,Hors intersection,Normale,Autre collision,4,2,2,0,1,1,1,9,4,30,1,1,0,0,0,1,19.0,,deux_roues,,1,2,1,1,6
202400021172,2024-03-11 16:41:00,2024,3,11,16,41,2A,2A041,T40,41.454435,9.110928,Nuit sans éclairage public,Hors agglomération,Hors intersection,Pluie légère,Sans collision,2,2,2,0,4,3,2,0,3,80,1,1,0,0,1,0,40.0,,voiture,,3,1,1,2,7
202400021173,2024-06-29 13:00:00,2024,6,29,13,0,51,51298,D18,49.041919,3.678145,Plein jour,Hors agglomération,Hors intersection,Normale,Sans collision,3,2,2,0,1,1,1,0,3,80,1,4,2,0,0,2,37.0,,voiture,,1,1,1,1,7
202400021174,2024-06-27 10:15:00,2024,6,27,10,15,62,62399,D339,50.30536382,2.60488858,Plein jour,En agglomération,Hors intersection,Normale,Autre collision,3,2,2,0,1,1,1,0,3,50,1,1,0,0,1,0,38.0,,deux_roues,,1,2,1,1,6
202400021175,2024-11-17 10:40:00,2024,11,17,10,40,95,95039,ISLE (CHEMIN DE L'),49.096527,2.159704,Plein jour,En agglomération,Hors intersection,Temps couvert,Trois véhicules et plus - en chaîne,4,2,2,0,2,1,2,0,1,30,3,5,2,0,0,3,21.0,69.0,voiture,deux_roues,1,2,1,8,4
202400021176,2024-02-16 15:40:00,2024,2,16,15,40,06,06147,"Boulevard Léon Sauvan - lieu-dit ""le pascal""",43.779379,7.275562,Plein jour,Hors agglomération,Hors intersection,Normale,Deux véhicules - côté,7,2,2,0,2,1,1,0,1,70,2,2,1,0,0,1,61.0,52.0,deux_roues,voiture,1,1,1,1,3
202400021177,2024-06-29 09:25:00,2024,6,29,9,25,51,51002,110 Rue Julien Ducos,49.010915,3.866254,Plein jour,En agglomération,Hors intersection,Normale,Autre collision,4,2,2,0,2,1,1,0,1,50,1,1,0,0,1,0,53.0,,utilitaire_camion,,1,2,1,1,6
202400021178,2024-11-16 11:20:00,2024,11,16,11,20,78,78057,Chaussée de coldstream,49.039879,1.570283,Plein jour,En agglomération,Hors intersection,Normale,Deux véhicules - arrière,3,2,2,0,1,1,1,0,1,50,2,2,1,0,1,0,71.0,50.0,deux_roues,voiture,1,2,1,1,2
202400021179,2024-03-07 07:40:00,2024,3,7,7,40,13,13022,D559a,43.225662,5.583458,Plein jour,Hors agglomération,Hors intersection,Normale,Deux véhicules - frontale,3,2,2,0,2,2,1,0,1,80,2,2,1,0,1,0,59.0,19.0,deux_roues,voiture,1,1,1,1,1
202400021180,2024-11-15 08:20:00,2024,11,15,8,20,2B,2B042,Route de San Ornello,42.579812,9.437578,Plein jour,Hors agglomération,Hors intersection,Temps éblouissant,Deux véhicules - frontale,4,2,2,0,1,1,1,0,1,80,2,2,1,0,1,0,79.0,56.0,voiture,utilitaire_camion,1,1,1,7,1
202400021181,2024-06-28 10:45:00,2024,6,28,10,45,19,19213,,45.38443075,1.64263849,Plein jour,Hors agglomération,Intersection en X,Normale,Trois véhicules et plus - collisions multiples,3,2,2,0,1,1,1,5,1,90,3,4,1,0,1,2,53.0,50.0,voiture,voiture,1,1,2,1,5
202400021181,2024-06-28 10:45:00,2024,6,28,10,45,19,19213,,45.38443075,1.64263849,Plein jour,Hors agglomération,Intersection en X,Normale,Trois véhicules et plus - collisions multiples,3,2, -1,-1,1,1,1,5,1,90,3,4,1,0,1,2,53.0,50.0,voiture,voiture,1,1,2,1,5
202400021182,2024-03-08 14:15:00,2024,3,8,14,15,71,71090,661 Route du Vieux Moulin,46.208234,4.764714,Plein jour,En agglomération,Hors intersection,Normale,Deux véhicules - côté,3,2,2,0,1,3,1,0,1,50,2,2,1,0,0,1,21.0,45.0,voiture,voiture,1,2,1,1,3
202400021183,2024-11-16 13:45:00,2024,11,16,13,45,2A,2A288,D959,41.541558,9.196275,Plein jour,Hors agglomération,Hors intersection,Normale,Deux véhicules - frontale,3,2,2,0,2,1,1,0,1,30,2,2,1,0,0,1,48.0,28.0,voiture,voiture,1,1,1,1,1
202400021184,2024-06-28 23:30:00,2024,6,28,23,30,65,65342,52 Route du Milieu,43.30623484,0.2488164,Nuit sans éclairage public,Hors agglomération,Hors intersection,Normale,Sans collision,3,2,2,0,1,1,9,0,8,80,1,3,2,0,0,1,19.0,,voiture,,3,1,1,1,7
202400021185,2024-03-08 13:56:00,2024,3,8,13,56,54,54123,D974,48.63259482,6.12724095,Plein jour,En agglomération,Intersection en T,Temps éblouissant,Deux véhicules - frontale,3,2,2,0,2,1,1,0,1,50,2,2,1,0,1,0,23.0,65.0,voiture,deux_roues,1,2,3,7,1
202400021185,2024-03-08 13:56:00,2024,3,8,13,56,54,54123,D974,48.63259482,6.12724095,Plein jour,En agglomération,Intersection en T,Temps éblouissant,Deux véhicules - frontale,3,2, -1,0,2,1,1,0,1,30,2,2,1,0,1,0,23.0,65.0,voiture,deux_roues,1,2,3,7,1
202400021186,2024-06-27 18:45:00,2024,6,27,18,45,33,33361,,44.77821,-0.06021,Plein jour,Hors agglomération,Hors intersection,Normale,Deux véhicules - frontale,3,2,2,0,2,3,1,0,1,80,2,2,1,0,1,0,73.0,36.0,voiture,voiture,1,1,1,1,1
202400021187,2024-02-26 16:20:00,2024,2,26,16,20,33,33433,,44.928744,-0.423403,Plein jour,Hors agglomération,Hors intersection,Pluie légère,Autre collision,3,2,2,0,1,1,2,0,3,80,1,2,1,0,1,0,,,autre,,1,1,1,2,6
202400021188,2024-06-28 16:45:00,2024,6,28,16,45,32,32132,Route d'Auch - RN 21,43.816383,0.650602,Plein jour,Hors agglomération,Hors intersection,Normale,Deux véhicules - arrière,2,2,2,0,1,1,1,0,1,80,2,2,1,0,0,1,54.0,36.0,deux_roues,voiture,1,1,1,1,2
202400021189,2024-11-16 19:20:00,2024,11,16,19,20,34,34329,RD 64,43.253486,3.251926,Nuit sans éclairage public,Hors agglomération,Giratoire,Normale,Autre collision,3,2,1,0,1,3,1,5,8,90,1,1,0,0,1,0,36.0,,voiture,,3,1,6,1,6
202400021190,2024-02-24 11:30:00,2024,2,24,11,30,44,44047,45 Rue du Premier Mai,47.214431,-1.682212,Plein jour,En agglomération,Hors intersection,Pluie forte,Autre collision,4,2,2,0,1,1,2,6,6,30,1,2,1,0,0,1,74.0,,voiture,,1,2,1,3,6
202400021191,2024-06-27 16:50:00,2024,6,27,16,50,11,11258,Route dépatementale 169,43.231783,2.962661,Plein jour,Hors agglomération,Hors intersection,Temps éblouissant,Autre collision,3,2,2,0,1,3,1,0,3,80,1,1,0,0,1,0,80.0,,voiture,,1,1,1,7,6
202400021192,2024-03-10 18:20:00,2024,3,10,18,20,29,29087,Place de l'Eglise,48.066084,-4.255624,Plein jour,En agglomération,Place,Normale,Autre collision,4,2,2,0,1,3,1,0,1,50,1,1,0,1,0,0,62.0,,voiture,,1,2,7,1,6
202400021193,2024-11-14 17:30:00,2024,11,14,17,30,06,06047,Avenue des Anciens Combattants,43.843189,7.047208,Crépuscule ou aube,En agglomération,Hors intersection,Normale,Deux véhicules - frontale,3,4,2,0,2,1,1,0,1,50,2,2,1,0,1,0,55.0,35.0,deux_roues,voiture,2,2,1,1,1
202400021194,2024-03-10 02:50:00,2024,3,10,2,50,13,13015,A51-Sens Aix en Provence vers Marseille,43.44670637,5.39571452,Nuit sans éclairage public,Hors agglomération,Hors intersection,Pluie forte,Autre collision,1,1,2,0,1,1,4,0,3,90,1,1,0,0,0,1,28.0,,voiture,,3,1,1,3,6
202400021195,2024-11-17 15:12:00,2024,11,17,15,12,05,05117,RD 994,44.412486,5.557537,Plein jour,Hors agglomération,Hors intersection,Normale,Autre collision,3,2,2,0,2,4,1,0,3,90,1,1,0,0,1,0,67.0,,deux_roues,,1,1,1,1,6
202400021196,2024-03-09 10:20:00,2024,3,9,10,20,13,13005,A50-Sens Marseille vers Aubagne,43.28501117,5.57110296,Plein jour,Hors agglomération,Hors intersection,Pluie légère,Deux véhicules - côté,1,-1,2,0,2,3,2,0,1,90,1,1,0,0,0,1,16.0,,voiture,,1,1,1,2,3
202400021197,2024-06-29 11:55:00,2024,6,29,11,55,49,49224,D767,47.340131,0.001346,Plein jour,Hors agglomération,Hors intersection,Pluie forte,Deux véhicules - frontale,3,2,2,0,2,3,2,0,1,90,2,6,5,0,1,0,17.0,50.0,deux_roues,voiture,1,1,1,3,1
202400021198,2024-03-09 05:18:00,2024,3,9,5,18,13,13071,A7-Sens Marseille vers Lyon,43.40375432,5.3435014,Nuit sans éclairage public,Hors agglomération,Autre intersection,Pluie légère,Deux véhicules - arrière,1,1,2,0,2,2,2,3,1,90,1,1,0,0,0,1,58.0,,voiture,,3,1,9,2,2
202400021199,2024-06-26 14:20:00,2024,6,26,14,20,42,42038,Route de Montrond,45.63924,4.211149,Plein jour,Hors agglomération,Hors intersection,Normale,Autre collision,3,2,2,0,1,1,1,0,3,80,1,1,0,0,1,0,25.0,,voiture,,1,1,1,1,6
202400021200,2024-11-17 17:55:00,2024,11,17,17,55,05,05070,Carrefour des Alpes (Plateforme),44.315216,5.818774,Nuit avec éclairage allumé,En agglomération,Intersection en T,Normale,Deux véhicules - côté,3,2,2,0,1,1,1,5,1,50,2,2,0,0,0,2,78.0,83.0,voiture,voiture,5,2,3,1,3
202400021200,2024-11-17 17:55:00,2024,11,17,17,55,05,05070,Carrefour des Alpes (Plateforme),44.315216,5.818774,Nuit avec éclairage allumé,En agglomération,Intersection en T,Normale,Deux véhicules - côté,3,1,1,0,1,2,1,0,1,50,2,2,0,0,0,2,78.0,83.0,voiture,voiture,5,2,3,1,3
202400021201,2024-03-10 20:40:00,2024,3,10,20,40,33,33249,,44.883176,-0.517995,Nuit avec éclairage allumé,Hors agglomération,Autre intersection,Pluie légère,Autre collision,1,1,2,0,1,3,2,3,1,30,1,1,0,0,0,1,21.0,,voiture,,5,1,9,2,6
202400021202,2024-11-16 21:30:00,2024,11,16,21,30,05,05078,D942,44.385871,5.921749,Nuit sans éclairage public,Hors agglomération,Hors intersection,Normale,Deux véhicules - frontale,3,2,2,0,1,1,1,0,1,90,2,2,1,0,1,0,17.0,26.0,voiture,utilitaire_camion,3,1,1,1,1
202400021203,2024-06-28 15:30:00,2024,6,28,15,30,47,47058,Caubeyres,44.268905,0.22066,Plein jour,Hors agglomération,Intersection en X,Normale,Deux véhicules - côté,3,2,2,0,1,1,1,5,1,80,2,2,0,0,1,1,74.0,56.0,voiture,voiture,1,1,2,1,3
202400021203,2024-06-28 15:30:00,2024,6,28,15,30,47,47058,Caubeyres,44.268905,0.22066,Plein jour,Hors agglomération,Intersection en X,Normale,Deux véhicules - côté,3,2,2,0,1,1,1,5,1,80,2,2,0,0,1,1,74.0,56.0,voiture,voiture,1,1,2,1,3
202400021204,2024-03-10 16:50:00,2024,3,10,16,50,91,91689,AUTOROUTE A6,48.72702,2.31369,Plein jour,Hors agglomération,Hors intersection,Normale,Trois véhicules et plus - collisions multiples,1,1,3,0,1,1,1,0,1,110,4,6,4,0,0,2,24.0,57.0,voiture,utilitaire_camion,1,1,1,1,5
202400021205,2024-09-04 08:20:00,2024,9,4,8,20,13,13089,Route Departementale 7n,43.820082,4.973086,Plein jour,Hors agglomération,Intersection en T,Temps couvert,Deux véhicules - côté,3,2,2,0,1,1,1,0,1,80,2,2,1,0,1,0,30.0,54.0,voiture,deux_roues,1,1,3,8,3
202400021205,2024-09-04 08:20:00,2024,9,4,8,20,13,13089,Route Departementale 7n,43.820082,4.973086,Plein jour,Hors agglomération,Intersection en T,Temps couvert,Deux véhicules - côté,3,2, -1,-1,1,1,1,5,1,-1,2,2,1,0,1,0,30.0,54.0,voiture,deux_roues,1,1,3,8,3
202400021206,2024-06-29 08:30:00,2024,6,29,8,30,86,86009,carrefour D3-D9,46.685619,0.683376,Plein jour,Hors agglomération,Intersection en X,Temps éblouissant,Deux véhicules - côté,3,2,2,0,1,1,1,5,1,80,2,6,4,1,1,0,55.0,62.0,voiture,utilitaire_camion,1,1,2,7,3
202400021206,2024-06-29 08:30:00,2024,6,29,8,30,86,86009,carrefour D3-D9,46.685619,0.683376,Plein jour,Hors agglomération,Intersection en X,Temps éblouissant,Deux véhicules - côté,3,2, -1,0,1,1,1,5,1,80,2,6,4,1,1,0,55.0,62.0,voiture,utilitaire_camion,1,1,2,7,3
202400021207,2024-03-10 17:45:00,2024,3,10,17,45,95,95582,A15,48.96483389,2.26089512,Plein jour,Hors agglomération,Hors intersection,Normale,Deux véhicules - arrière,1,1,2,0,2,1,1,0,1,70,2,2,1,0,0,1,34.0,45.0,deux_roues,voiture,1,1,1,1,2
202400021208,2024-06-29 00:30:00,2024,6,29,0,30,29,29218,Lieu dit Lanviscar,48.04270699,-4.46928202,Nuit sans éclairage public,Hors agglomération,Hors intersection,Normale,Deux véhicules - arrière,3,2,2,0,1,3,1,0,1,-1,2,2,1,0,1,0,59.0,37.0,deux_roues,voiture,3,1,1,1,2
202400021209,2024-11-15 16:18:00,2024,11,15,16,18,70,70026,Avenue Charles Couyba,47.454225,5.589209,Plein jour,En agglomération,Hors intersection,Normale,Autre collision,3,2,2,0,1,1,1,6,1,30,1,2,1,0,0,1,81.0,,voiture,,1,2,1,1,6
202400021210,2024-03-10 07:10:00,2024,3,10,7,10,95,95582,A15,48.96346787,2.26421667,Nuit sans éclairage public,Hors agglomération,Hors intersection,Normale,Trois véhicules et plus - collisions multiples,1,3,10,0,2,1,2,0,1,110,3,3,1,0,0,2,37.0,20.0,voiture,voiture,3,1,1,1,5
202400021211,2024-11-17 17:45:00,2024,11,17,17,45,21,21469,D960,47.357482,5.147808,Nuit sans éclairage public,Hors agglomération,Hors intersection,Normale,Autre collision,3,2,2,1,2,1,1,0,1,70,1,1,0,0,1,0,78.0,,voiture,,3,1,1,1,6
202400021212,2024-03-10 03:31:00,2024,3,10,3,31,93,93066,A1,48.93046874,2.36537451,Nuit sans éclairage public,Hors agglomération,Hors intersection,Pluie légère,Autre collision,1,3,5,0,1,1,2,0,1,90,1,2,1,1,0,0,,,voiture,,3,1,1,2,6
202400021213,2024-06-29 10:40:00,2024,6,29,10,40,02,02159,,49.556398,3.25985,Plein jour,Hors agglomération,Hors intersection,Normale,Deux véhicules - côté,3,1,2,0,1,1,1,0,3,80,2,3,2,0,1,0,57.0,66.0,voiture,utilitaire_camion,1,1,1,1,3
202400021214,2024-11-17 09:43:00,2024,11,17,9,43,54,54063,D904,48.86348,5.841068,Plein jour,Hors agglomération,Hors intersection,Pluie légère,Autre collision,3,2,2,0,1,4,2,0,3,80,1,1,0,0,1,0,70.0,,voiture,,1,1,1,2,6
202400021215,2024-06-28 16:00:00,2024,6,28,16,0,14,14570,363 Chemin des Cahottes,49.064015,0.323449,Plein jour,Hors agglomération,Hors intersection,Normale,Autre collision,4,2,2,0,2,2,1,0,3,80,1,1,0,0,1,0,20.0,,deux_roues,,1,1,1,1,6