accident_id,datetime,annee,mois,jour,heure,minute,departement,commune_insee,adresse,latitude,longitude,luminosite,agglomeration,intersection,meteo,collision,catr,circ,nbv,vosp,prof,plan,surf,infra,situ,vma,nb_vehicules,nb_usagers,nb_indemnes,nb_tues,nb_blesses_hosp,nb_blesses_legers,age_cond_1,age_cond_2,veh_type_cond_1,veh_type_cond_2,lum_code,agg_code,int_code,atm_code,col_code
202400021425,2024-03-10 08:15:00,2024,3,10,8,15,41,41204,D951,47.626261,1.404619,Plein jour,Hors agglomération,Hors intersection,Brouillard / fumée,Deux véhicules - frontale,3,2,2,0,1,1,2,0,1,90,2,5,0,0,1,4,70.0,24.0,utilitaire_camion,voiture,1,1,1,5,1
202400021426,2024-03-10 06:40:00,2024,3,10,6,40,33,33072,,44.523498,-0.135891,Crépuscule ou aube,Hors agglomération,Hors intersection,Pluie légère,Autre collision,3,2,2,0,1,2,2,0,8,80,1,1,0,0,1,0,32.0,,utilitaire_camion,,2,1,1,2,6
202400021427,2024-03-10 09:20:00,2024,3,10,9,20,10,10412,D610,48.314098,4.126675,Crépuscule ou aube,Hors agglomération,Hors intersection,Pluie forte,Sans collision,3,3,2,0,1,1,2,0,8,110,1,1,0,1,0,0,23.0,,voiture,,2,1,1,3,7
202400021428,2024-11-16 15:50:00,2024,11,16,15,50,45,45234,39 Avenue Dauphine,47.89166,1.90464,Plein jour,En agglomération,Hors intersection,Normale,Deux véhicules - arrière,4,2,2,0,1,1,1,0,1,50,2,5,2,0,0,3,23.0,59.0,voiture,voiture,1,2,1,1,2
202400021429,2024-03-09 15:05:00,2024,3,9,15,5,22,22364,RN 176- PR 18+200- SENS SAINT-BRIEUC SAINT-MALO,48.440456,-2.128521,Plein jour,Hors agglomération,Hors intersection,Normale,Sans collision,2,3,2,0,1,1,2,0,3,110,1,4,3,0,0,1,70.0,,voiture,,1,1,1,1,7
202400021430,2024-03-08 16:40:00,2024,3,8,16,40,59,59653,Rue du Marais de la Ville,50.562253,2.928381,Plein jour,En agglomération,Hors intersection,Normale,Sans collision,4,2,2,0,1,3,1,0,1,50,1,1,0,0,1,0,18.0,,deux_roues,,1,2,1,1,7
202400021431,2024-11-15 23:04:00,2024,11,15,23,4,45,45234,Avenue des Droits de l'Homme,47.92379,1.93761,Nuit avec éclairage allumé,En agglomération,Intersection en X,Normale,Deux véhicules - côté,4,3,4,1,1,1,1,0,1,50,2,3,1,2,0,0,26.0,36.0,voiture,voiture,5,2,2,1,3
202400021431,2024-11-15 23:04:00,2024,11,15,23,4,45,45234,Avenue des Droits de l'Homme,47.92379,1.93761,Nuit avec éclairage allumé,En agglomération,Intersection en X,Normale,Deux véhicules - côté,4,2,2,0,1,1,1,0,1,30,2,3,1,2,0,0,26.0,36.0,voiture,voiture,5,2,2,1,3
202400021432,2024-10-30 22:30:00,2024,10,30,22,30,44,44184,123 Route du Marais d'Ust,47.31561745,-2.26997767,Nuit sans éclairage public,Hors agglomération,Hors intersection,Normale,Autre collision,4,2,2,0,1,2,1,0,3,70,1,1,0,0,0,1,25.0,,utilitaire_camion,,3,1,1,1,6
202400021433,2024-03-10 05:15:00,2024,3,10,5,15,44,44089,,47.343712,-1.847318,Nuit sans éclairage public,Hors agglomération,Hors intersection,Temps couvert,Autre collision,2,3,4,0,1,1,2,0,1,110,1,2,1,0,1,0,27.0,,voiture,,3,1,1,8,6
202400021434,2024-03-09 14:15:00,2024,3,9,14,15,62,62306,D917,50.1553138,2.827729,Plein jour,Hors agglomération,Hors intersection,Normale,Sans collision,3,2,2,0,1,1,1,0,1,80,1,1,0,0,1,0,52.0,,deux_roues,,1,1,1,1,7
202400021435,2024-11-15 17:45:00,2024,11,15,17,45,42,42218,Avenue de Verdun,45.46618703,4.37727954,Crépuscule ou aube,En agglomération,Hors intersection,Normale,Autre collision,4,3,4,0,1,1,1,0,1,50,1,2,1,0,1,0,22.0,,voiture,,2,2,1,1,6
202400021436,2024-03-09 22:00:00,2024,3,9,22,0,30,30302,99 Route de Saint-Paul les Fonts,44.07466,4.63248,Nuit sans éclairage public,Hors agglomération,Hors intersection,Pluie forte,Sans collision,3,2,2,0,1,3,2,0,3,80,1,1,0,1,0,0,21.0,,voiture,,3,1,1,3,7
202400021437,2024-03-09 16:40:00,2024,3,9,16,40,51,51380,Rue des Fosses,48.874039,3.543818,Plein jour,En agglomération,Hors intersection,Pluie légère,Autre collision,3,2,2,0,2,3,2,0,4,50,1,5,1,0,2,2,44.0,,voiture,,1,2,1,2,6
202400021438,2024-11-15 17:30:00,2024,11,15,17,30,35,35278,PORTE DE MAUREPAS,48.14155,-1.66866,Crépuscule ou aube,Hors agglomération,Hors intersection,Normale,Trois véhicules et plus - en chaîne,2,3,5,0,1,1,1,0,1,90,4,6,5,0,0,1,43.0,49.0,voiture,voiture,2,1,1,1,4
202400021439,2024-03-08 16:45:00,2024,3,8,16,45,76,76577,D100,49.79430433,1.13509781,Plein jour,En agglomération,Giratoire,Normale,Autre collision,3,-1,2,0,1,1,1,0,8,50,1,1,0,0,1,0,50.0,,voiture,,1,2,6,1,6
202400021440,2024-03-10 02:20:00,2024,3,10,2,20,76,76273,Route du Val de la Chaux,49.47656,1.177962,Nuit sans éclairage public,Hors agglomération,Hors intersection,Autre,Sans collision,7,2,2,0,2,2,2,0,3,80,1,3,0,0,1,2,18.0,,voiture,,3,1,1,9,7
202400021441,2024-03-09 10:11:00,2024,3,9,10,11,32,32032,chemin de ronde,43.580057,0.243727,Plein jour,En agglomération,Hors intersection,Temps couvert,Autre collision,4,2,2,0,2,2,1,0,3,50,1,2,0,0,1,1,87.0,,voiture,,1,2,1,8,6
202400021442,2024-11-16 21:35:00,2024,11,16,21,35,34,34172,JUSTICE DE CASTELNAU (AVENUE DE LA),43.62603,3.8824,Nuit avec éclairage allumé,En agglomération,Intersection en X,Normale,Deux véhicules - frontale,4,2,4,1,1,1,1,5,1,50,2,2,1,0,0,1,28.0,27.0,deux_roues,voiture,5,2,2,1,1
202400021442,2024-11-16 21:35:00,2024,11,16,21,35,34,34172,JUSTICE DE CASTELNAU (AVENUE DE LA),43.62603,3.8824,Nuit avec éclairage allumé,En agglomération,Intersection en X,Normale,Deux véhicules - frontale,4,2,2,0,1,1,1,5,1,50,2,2,1,0,0,1,28.0,27.0,deux_roues,voiture,5,2,2,1,1
202400021443,2024-03-10 05:50:00,2024,3,10,5,50,71,71353,Route de Plottes,46.53755113,4.89194079,Nuit sans éclairage public,Hors agglomération,Hors intersection,Pluie forte,Autre collision,3,2,2,0,1,1,2,0,3,80,1,1,0,0,1,0,35.0,,voiture,,3,1,1,3,6
202400021444,2024-03-10 05:24:00,2024,3,10,5,24,89,89380,D103,48.095896,3.08027,Nuit sans éclairage public,Hors agglomération,Hors intersection,Pluie légère,Sans collision,3,2,2,0,1,1,2,0,3,90,1,1,0,1,0,0,30.0,,voiture,,3,1,1,2,7
202400021445,2024-11-16 19:50:00,2024,11,16,19,50,34,34172,PALAVAS D986 (ROUTE DE),43.58743,3.89342,Nuit avec éclairage allumé,En agglomération,Hors intersection,Normale,Deux véhicules - arrière,7,-1,0,0,2,2,1,2,1,50,2,2,1,0,0,1,17.0,68.0,voiture,voiture,5,2,1,1,2
202400021446,2024-03-09 17:00:00,2024,3,9,17,0,63,63276,Chez Vernieres,45.83044876,3.4832589,Plein jour,Hors agglomération,Hors intersection,Vent fort / tempête,Deux véhicules - frontale,3,2,2,0,2,2,1,0,1,90,2,3,0,2,1,0,33.0,57.0,voiture,voiture,1,1,1,6,1
202400021447,2024-11-16 22:00:00,2024,11,16,22,0,34,34172,ASSAS (AVENUE D'),43.613165,3.866771,Nuit avec éclairage allumé,En agglomération,Intersection en Y,Normale,Deux véhicules - côté,4,2,4,2,1,1,1,0,1,50,2,3,2,0,0,1,61.0,24.0,deux_roues,voiture,5,2,4,1,3
202400021447,2024-11-16 22:00:00,2024,11,16,22,0,34,34172,ASSAS (AVENUE D'),43.613165,3.866771,Nuit avec éclairage allumé,En agglomération,Intersection en Y,Normale,Deux véhicules - côté,4,1,1,0,1,1,1,0,1,50,2,3,2,0,0,1,61.0,24.0,deux_roues,voiture,5,2,4,1,3
202400021448,2024-03-10 13:10:00,2024,3,10,13,10,61,61287,D962,48.813943,-0.566294,Plein jour,Hors agglomération,Hors intersection,Normale,Deux véhicules - arrière,3,3,4,0,2,2,1,0,1,90,2,3,1,0,1,1,21.0,23.0,voiture,voiture,1,1,1,1,2
202400021449,2024-11-15 15:25:00,2024,11,15,15,25,34,34172,RECH (RUE HIPPOLYTE),43.61895,3.86379,Plein jour,En agglomération,Hors intersection,Normale,Autre collision,4,2,2,0,1,1,1,0,1,30,1,2,1,0,1,0,26.0,,voiture,,1,2,1,1,6
202400021450,2024-03-10 09:40:00,2024,3,10,9,40,03,03236,RD 67,46.192287,3.421801,Plein jour,Hors agglomération,Hors intersection,Temps couvert,Autre collision,3,2,2,0,1,1,9,0,2,90,1,1,0,0,0,1,27.0,,utilitaire_camion,,1,1,1,8,6
202400021451,2024-11-16 14:57:00,2024,11,16,14,57,33,33013,,44.843,-0.50149,Plein jour,En agglomération,Hors intersection,Normale,Deux véhicules - arrière,4,3,4,0,1,1,1,2,1,50,2,3,1,0,0,2,36.0,55.0,voiture,utilitaire_camion,1,2,1,1,2
202400021452,2024-03-10 15:50:00,2024,3,10,15,50,66,66015,,42.554171,2.859063,Plein jour,Hors agglomération,Giratoire,Normale,Deux véhicules - côté,3,2,3,0,1,2,1,0,1,80,2,3,2,0,1,0,90.0,60.0,voiture,deux_roues,1,1,6,1,3
202400021452,2024-03-10 15:50:00,2024,3,10,15,50,66,66015,,42.554171,2.859063,Plein jour,Hors agglomération,Giratoire,Normale,Deux véhicules - côté,3,2, -1,-1,1,1,1,5,8,80,2,3,2,0,1,0,90.0,60.0,voiture,deux_roues,1,1,6,1,3
202400021453,2024-11-16 03:10:00,2024,11,16,3,10,33,33063,,44.843928,-0.570396,Nuit avec éclairage allumé,En agglomération,Hors intersection,Normale,Autre collision,4,3,1,0,1,1,1,0,1,50,1,2,1,0,0,1,,,voiture,,5,2,1,1,6
202400021454,2024-03-09 16:15:00,2024,3,9,16,15,54,54022,D952,49.008281,6.03767,Plein jour,Hors agglomération,Hors intersection,Normale,Deux véhicules - frontale,3,2,2,0,2,3,2,1,1,80,2,2,0,0,1,1,40.0,45.0,voiture,voiture,1,1,1,1,1
202400021455,2024-03-10 15:40:00,2024,3,10,15,40,36,36102,,47.0842495,1.89888261,Plein jour,Hors agglomération,Intersection en X,Normale,Deux véhicules - côté,3,2,2,0,1,1,1,0,1,80,2,3,1,0,0,2,72.0,82.0,autre,voiture,1,1,2,1,3
202400021455,2024-03-10 15:40:00,2024,3,10,15,40,36,36102,,47.0842495,1.89888261,Plein jour,Hors agglomération,Intersection en X,Normale,Deux véhicules - côté,3,2,2,0,1,1,1,0,1,80,2,3,1,0,0,2,72.0,82.0,autre,voiture,1,1,2,1,3
202400021456,2024-03-08 07:15:00,2024,3,8,7,15,16,16145,PK 90 RN 141,45.6980197,-0.1258917,Crépuscule ou aube,Hors agglomération,Hors intersection,Normale,Deux véhicules - arrière,2,3,4,0,1,1,1,0,1,110,2,3,2,0,1,0,26.0,31.0,voiture,utilitaire_camion,2,1,1,1,2
202400021457,2024-03-10 06:50:00,2024,3,10,6,50,07,07265,Route du Ternay,45.298822,4.644942,Nuit sans éclairage public,Hors agglomération,Hors intersection,Pluie légère,Autre collision,3,2,2,0,1,2,2,0,1,90,1,1,0,0,1,0,49.0,,voiture,,3,1,1,2,6
202400021458,2024-03-09 21:30:00,2024,3,9,21,30,04,04116,Route Départemenetale 4,44.021081,5.960292,Nuit sans éclairage public,Hors agglomération,Hors intersection,Pluie forte,Deux véhicules - frontale,3,2,2,0,1,1,2,0,1,90,2,3,2,0,1,0,29.0,64.0,voiture,voiture,3,1,1,3,1
202400021459,2024-03-10 11:45:00,2024,3,10,11,45,27,27578,D51,48.801352,0.99599,Plein jour,Hors agglomération,Intersection en X,Normale,Deux véhicules - côté,3,2,2,0,1,1,1,0,1,80,2,2,1,0,1,0,24.0,32.0,voiture,voiture,1,1,2,1,3
202400021459,2024-03-10 11:45:00,2024,3,10,11,45,27,27578,D51,48.801352,0.99599,Plein jour,Hors agglomération,Intersection en X,Normale,Deux véhicules - côté,3,2,2,0,1,1,1,0,1,80,2,2,1,0,1,0,24.0,32.0,voiture,voiture,1,1,2,1,3
202400021460,2024-03-09 02:20:00,2024,3,9,2,20,17,17327,Rue du Marais Poitevin,46.098122,-0.589169,Nuit sans éclairage public,En agglomération,Hors intersection,Normale,Sans collision,3,2,2,0,1,1,1,0,3,50,1,5,2,0,0,3,24.0,,voiture,,3,2,1,1,7
202400021461,2024-12-21 10:45:00,2024,12,21,10,45,85,85191,RD37,46.69354,-1.42491,Plein jour,Hors agglomération,Hors intersection,Normale,Deux véhicules - frontale,3,2,2,0,1,1,1,0,1,70,2,2,1,0,1,0,59.0,21.0,deux_roues,voiture,1,1,1,1,1
202400021462,2024-12-21 13:15:00,2024,12,21,13,15,83,83069,OLBIA  (VOIE),43.11328,6.1244,Plein jour,En agglomération,Hors intersection,Normale,Deux véhicules - arrière,3,1,0,0,1,3,1,0,1,50,2,2,1,0,1,0,52.0,63.0,deux_roues,voiture,1,2,1,1,2
202400021463,2024-12-22 01:25:00,2024,12,22,1,25,81,81065,BRUNIQUEL (RD 4 - AV MARTHE),43.62264,2.27061,Nuit avec éclairage allumé,En agglomération,Hors intersection,Normale,Deux véhicules - arrière,3,2,2,0,1,1,1,0,1,50,2,3,1,0,0,2,19.0,19.0,voiture,voiture,5,2,1,1,2
202400021464,2024-12-20 16:55:00,2024,12,20,16,55,81,81004,CASTRES,43.91044,2.1406,Plein jour,Hors agglomération,Autre intersection,Temps couvert,Autre collision,2,-1,2,0,2,2,2,3,8,90,1,1,0,0,1,0,64.0,,voiture,,1,1,9,8,6
202400021465,2024-12-21 14:45:00,2024,12,21,14,45,77,77447,CROIX FONTAINE (DES),48.56242,2.54875,Plein jour,En agglomération,Autre intersection,Normale,Deux véhicules - côté,4,-1,2,0,1,1,1,0,1,50,2,2,1,0,0,1,34.0,54.0,voiture,voiture,1,2,9,1,3
202400021466,2024-12-17 18:40:00,2024,12,17,18,40,77,77243,D934,48.87515,2.72004,Nuit sans éclairage public,En agglomération,Autre intersection,Normale,Trois véhicules et plus - en chaîne,3,3,0,0,2,1,1,0,1,70,3,3,1,0,0,2,63.0,35.0,voiture,voiture,3,2,9,1,4
202400021467,2024-12-21 17:30:00,2024,12,21,17,30,69,69282,Avenue Lucien Buisson,45.76438,4.9998,Crépuscule ou aube,En agglomération,Hors intersection,Temps couvert,Autre collision,4,2,2,0,1,1,1,0,1,50,1,2,1,0,1,0,21.0,,voiture,,2,2,1,8,6
202400021468,2024-12-21 20:18:00,2024,12,21,20,18,69,69290,Rue de la Cordière,45.69262,4.95544,Nuit avec éclairage allumé,En agglomération,Hors intersection,Pluie légère,Autre collision,4,1,2,3,1,1,2,0,1,30,1,4,3,0,0,1,27.0,,voiture,,5,2,1,2,6
202400021469,2024-12-21 16:15:00,2024,12,21,16,15,68,68066,RD3,48.14033,7.45961,Plein jour,Hors agglomération,Intersection en X,Normale,Deux véhicules - côté,3,2,2,0,1,1,1,0,1,70,2,3,0,0,2,1,19.0,22.0,voiture,voiture,1,1,2,1,3
202400021469,2024-12-21 16:15:00,2024,12,21,16,15,68,68066,RD3,48.14033,7.45961,Plein jour,Hors agglomération,Intersection en X,Normale,Deux véhicules - côté,3,2,2,0,1,1,1,0,1,70,2,3,0,0,2,1,19.0,22.0,voiture,voiture,1,1,2,1,3
202400021470,2024-12-20 15:25:00,2024,12,20,15,25,68,68066,CHAMP DE MARS (BLD DU),48.0761,7.35488,Plein jour,En agglomération,Hors intersection,Normale,Autre collision,4,-1,1,0,1,1,1,9,8,50,1,2,1,0,0,1,47.0,,utilitaire_camion,,1,2,1,1,6
202400021471,2024-12-21 22:30:00,2024,12,21,22,30,66,66136,DALBIEZ (AVENUE VICTOR),42.6918,2.88689,Nuit sans éclairage public,En agglomération,Intersection en T,Normale,Deux véhicules - côté,4,2, -1,-1,1,1,1,0,8,50,2,2,1,0,0,1,24.0,29.0,deux_roues,voiture,3,2,3,1,3
202400021471,2024-12-21 22:30:00,2024,12,21,22,30,66,66136,DALBIEZ (AVENUE VICTOR),42.6918,2.88689,Nuit sans éclairage public,En agglomération,Intersection en T,Normale,Deux véhicules - côté,4,2,2,0,1,1,1,0,1,50,2,2,1,0,0,1,24.0,29.0,deux_roues,voiture,3,2,3,1,3
202400021472,2024-12-21 17:30:00,2024,12,21,17,30,66,66136,MERCADER (BOULEVARD FELIX),42.69256,2.8919,Nuit avec éclairage allumé,En agglomération,Hors intersection,Normale,Deux véhicules - côté,4,2,4,0,1,1,1,6,1,50,2,2,0,0,0,2,29.0,,deux_roues,voiture,5,2,1,1,3
202400021473,2024-12-21 03:30:00,2024,12,21,3,30,63,63300,RD 2009,45.89554633,3.14080238,Nuit sans éclairage public,Hors agglomération,Hors intersection,Pluie légère,Autre collision,3,3,4,0,1,1,2,5,3,50,1,1,0,0,1,0,32.0,,voiture,,3,1,1,2,6
202400021474,2024-12-21 20:00:00,2024,12,21,20,0,63,63300,Av Libération (D6) / rue du Général Chapsal,45.88694,3.11441,Nuit avec éclairage allumé,En agglomération,Intersection en X,Pluie légère,Deux véhicules - côté,3,2,3,0,1,1,2,0,1,50,2,2,1,0,0,1,28.0,25.0,voiture,deux_roues,5,2,2,2,3
202400021474,2024-12-21 20:00:00,2024,12,21,20,0,63,63300,Av Libération (D6) / rue du Général Chapsal,45.88694,3.11441,Nuit avec éclairage allumé,En agglomération,Intersection en X,Pluie légère,Deux véhicules - côté,3,1,1,1,1,1,2,0,1,50,2,2,1,0,0,1,28.0,25.0,voiture,deux_roues,5,2,2,2,3
202400021475,2024-12-21 20:05:00,2024,12,21,20,5,63,63113,RABANESSE (RUE DE),45.76658,3.08656,Nuit sans éclairage public,En agglomération,Autre intersection,Pluie légère,Autre collision,4,2,2,-1,1,1,2,5,1,30,1,2,1,0,1,0,22.0,,voiture,,3,2,9,2,6
202400021475,2024-12-21 20:05:00,2024,12,21,20,5,63,63113,RABANESSE (RUE DE),45.76658,3.08656,Nuit sans éclairage public,En agglomération,Autre intersection,Pluie légère,Autre collision,4,2,2,0,1,3,2,0,1,50,1,2,1,0,1,0,22.0,,voiture,,3,2,9,2,6
202400021476,2024-12-21 18:00:00,2024,12,21,18,0,63,63113,HERMITAGE (RUE DE L'),45.76461,3.12715,Nuit avec éclairage allumé,En agglomération,Autre intersection,Normale,Deux véhicules - côté,6,-1, -1,0,1,1,1,0,1,10,2,3,2,0,1,0,18.0,59.0,voiture,deux_roues,5,2,9,1,3
202400021477,2024-12-20 16:25:00,2024,12,20,16,25,62,62193,Boulevard Victor Hugo,50.94155,1.87499,Plein jour,En agglomération,Intersection en X,Pluie légère,Deux véhicules - côté,4,1,0,0,1,1,2,0,1,50,2,2,1,0,1,0,19.0,71.0,deux_roues,voiture,1,2,2,2,3
202400021477,2024-12-20 16:25:00,2024,12,20,16,25,62,62193,Boulevard Victor Hugo,50.94155,1.87499,Plein jour,En agglomération,Intersection en X,Pluie légère,Deux véhicules - côté,4,2,2,0,1,1,2,0,1,50,2,2,1,0,1,0,19.0,71.0,deux_roues,voiture,1,2,2,2,3
202400021478,2024-12-16 08:15:00,2024,12,16,8,15,61,61006,D924,48.73229,-0.035717,Nuit sans éclairage public,En agglomération,Giratoire,Pluie légère,Deux véhicules - arrière,3,2,2,0,1,1,2,0,1,70,2,2,1,0,0,1,61.0,41.0,voiture,voiture,3,2,6,2,2
202400021478,2024-12-16 08:15:00,2024,12,16,8,15,61,61006,D924,48.73229,-0.035717,Nuit sans éclairage public,En agglomération,Giratoire,Pluie légère,Deux véhicules - arrière,3,3,4,0,1,3,2,0,1,50,2,2,1,0,0,1,61.0,41.0,voiture,voiture,3,2,6,2,2
202400021479,2024-12-21 06:00:00,2024,12,21,6,0,59,59155,FURNES - ROUTE,51.033014,2.398721,Nuit avec éclairage allumé,En agglomération,Hors intersection,Temps couvert,Deux véhicules - frontale,3,2,4,1,1,1,2,9,1,50,2,3,2,1,0,0,76.0,18.0,voiture,deux_roues,5,2,1,8,1
202400021480,2024-12-15 15:40:00,2024,12,15,15,40,57,57227,CD31E,49.18974,6.88251,Plein jour,En agglomération,Hors intersection,Pluie légère,Trois véhicules et plus - collisions multiples,3,-1,2,0,2,2,2,0,1,70,3,3,0,0,1,2,67.0,26.0,deux_roues,voiture,1,2,1,2,5
202400021481,2024-12-22 23:55:00,2024,12,22,23,55,54,54578,Boulevard des Aiguillettes,48.67442,6.15094,Nuit avec éclairage allumé,En agglomération,Intersection en X,Pluie légère,Deux véhicules - côté,4,2,2,0,2,1,2,0,1,50,2,2,1,0,0,1,22.0,56.0,deux_roues,voiture,5,2,2,2,3
202400021481,2024-12-22 23:55:00,2024,12,22,23,55,54,54578,Boulevard des Aiguillettes,48.67442,6.15094,Nuit avec éclairage allumé,En agglomération,Intersection en X,Pluie légère,Deux véhicules - côté,4,2,0,0,1,1,2,0,1,30,2,2,1,0,0,1,22.0,56.0,deux_roues,voiture,5,2,2,2,3
202400021482,2024-12-21 20:35:00,2024,12,21,20,35,54,54547,Rue Gabriel Péri,48.6653,6.17498,Nuit sans éclairage public,En agglomération,Intersection en T,Pluie légère,Autre collision,4,2,2,0,1,1,2,0,1,30,1,3,1,0,0,2,62.0,,voiture,,3,2,3,2,6
202400021482,2024-12-21 20:35:00,2024,12,21,20,35,54,54547,Rue Gabriel Péri,48.6653,6.17498,Nuit sans éclairage public,En agglomération,Intersection en T,Pluie légère,Autre collision,4,3,2,1,1,1,2,-1,1,30,1,3,1,0,0,2,62.0,,voiture,,3,2,3,2,6
202400021483,2024-12-21 02:40:00,2024,12,21,2,40,51,51058,ESSIOS (RUE DES),49.21635,3.99118,Nuit sans éclairage public,En agglomération,Hors intersection,Pluie légère,Autre collision,4,2,2,0,1,3,2,0,1,50,1,2,1,0,0,1,20.0,,voiture,,3,2,1,2,6
202400021484,2024-12-22 00:50:00,2024,12,22,0,50,49,49007,FAURE QUAI,47.47005,-0.56255,Nuit avec éclairage allumé,En agglomération,Hors intersection,Pluie légère,Autre collision,4,2,2,0,1,1,2,0,1,50,1,2,1,0,0,1,17.0,,voiture,,5,2,1,2,6
202400021485,2024-12-21 13:15:00,2024,12,21,13,15,45,45004,D943 PR 6 + 627,47.96222,2.7876,Plein jour,Hors agglomération,Intersection en T,Normale,Deux véhicules - côté,3,2,3,2,1,1,1,0,1,80,2,3,1,0,0,2,28.0,45.0,voiture,voiture,1,1,3,1,3
202400021485,2024-12-21 13:15:00,2024,12,21,13,15,45,45004,D943 PR 6 + 627,47.96222,2.7876,Plein jour,Hors agglomération,Intersection en T,Normale,Deux véhicules - côté,3,2,2,0,1,1,1,0,1,50,2,3,1,0,0,2,28.0,45.0,voiture,voiture,1,1,3,1,3
202400021486,2024-12-22 03:05:00,2024,12,22,3,5,35,35238,LIBERTE (BD DE LA),48.10825027,-1.68322831,Nuit avec éclairage allumé,En agglomération,Hors intersection,Pluie légère,Deux véhicules - arrière,4,3,2,1,1,1,2,0,1,30,2,2,1,0,0,1,28.0,26.0,deux_roues,voiture,5,2,1,2,2
202400021487,2024-12-21 14:55:00,2024,12,21,14,55,35,35051,LONGCHAMPS (PORTE DES),48.14111,-1.62833,Plein jour,Hors agglomération,Giratoire,Normale,Deux véhicules - côté,7,1,2,0,1,2,1,0,1,50,2,4,3,0,0,1,20.0,58.0,voiture,utilitaire_camion,1,1,6,1,3
202400021488,2024-12-21 12:15:00,2024,12,21,12,15,35,35238,RN136,48.10509,-1.71679,Plein jour,Hors agglomération,Hors intersection,Normale,Trois véhicules et plus - collisions multiples,2,3,8,0,1,1,1,0,1,90,4,4,3,0,0,1,,39.0,voiture,voiture,1,1,1,1,5
202400021489,2024-12-20 17:30:00,2024,12,20,17,30,33,33063,,44.84962935,-0.57523191,Crépuscule ou aube,En agglomération,Intersection en T,Pluie légère,Deux véhicules - frontale,4,2,2,0,1,1,2,5,1,30,2,2,1,0,0,1,,60.0,deux_roues,deux_roues,2,2,3,2,1
202400021489,2024-12-20 17:30:00,2024,12,20,17,30,33,33063,,44.84962935,-0.57523191,Crépuscule ou aube,En agglomération,Intersection en T,Pluie légère,Deux véhicules - frontale,4,2,3,0,1,1,2,5,1,30,2,2,1,0,0,1,,60.0,deux_roues,deux_roues,2,2,3,2,1
202400021490,2024-12-21 04:40:00,2024,12,21,4,40,31,31555,RTE D ALBI,43.63224631,1.46287277,Nuit avec éclairage allumé,En agglomération,Hors intersection,Normale,Deux véhicules - arrière,7,2,0,0,1,1,1,5,1,30,2,4,1,0,1,2,52.0,19.0,utilitaire_camion,voiture,5,2,1,1,2
202400021491,2024-12-20 21:50:00,2024,12,20,21,50,31,31555,RN124,43.6093322,1.35556161,Nuit avec éclairage allumé,En agglomération,Hors intersection,Normale,Deux véhicules - côté,7,1,2,0,1,1,2,0,1,90,2,2,1,0,0,1,25.0,24.0,voiture,voiture,5,2,1,1,3
202400021492,2024-12-20 21:55:00,2024,12,20,21,55,29,29232,Rue de Concarneau,47.9938,-4.0916,Nuit avec éclairage allumé,En agglomération,Intersection en T,Pluie légère,Autre collision,4,4,3,0,4,1,2,5,1,30,1,2,1,0,0,1,38.0,,voiture,,5,2,3,2,6
202400021492,2024-12-20 21:55:00,2024,12,20,21,55,29,29232,Rue de Concarneau,47.9938,-4.0916,Nuit avec éclairage allumé,En agglomération,Intersection en T,Pluie légère,Autre collision,4,2,3,0,1,1,2,5,1,30,1,2,1,0,0,1,38.0,,voiture,,5,2,3,2,6
202400021493,2024-12-20 08:15:00,2024,12,20,8,15,29,29232,MORBIHAN AVENUE DU,47.97859167,-4.05556116,Nuit sans éclairage public,En agglomération,Hors intersection,Normale,Autre collision,3,1,2,0,1,1,1,0,1,110,1,2,1,0,0,1,19.0,,utilitaire_camion,,3,2,1,1,6
202400021494,2024-12-21 21:45:00,2024,12,21,21,45,28,28404,GARNAY (ROND POINT DE),48.71978,1.34847,Nuit avec éclairage allumé,En agglomération,Giratoire,Pluie légère,Autre collision,3,1,0,0,4,2,2,0,3,50,1,3,2,0,0,1,17.0,,voiture,,5,2,6,2,6
202400021494,2024-12-21 21:45:00,2024,12,21,21,45,28,28404,GARNAY (ROND POINT DE),48.71978,1.34847,Nuit avec éclairage allumé,En agglomération,Giratoire,Pluie légère,Autre collision,3,2,0,0,2,1,2,0,3,50,1,3,2,0,0,1,17.0,,voiture,,5,2,6,2,6
202400021495,2024-12-21 12:39:00,2024,12,21,12,39,27,27229,ORLEANS (RUE D'),49.00199,1.15326,Plein jour,En agglomération,Hors intersection,Pluie légère,Autre collision,9,-1,0,0,1,1,2,9,8,30,1,2,1,0,1,0,80.0,,voiture,,1,2,1,2,6
202400021496,2024-12-20 22:15:00,2024,12,20,22,15,25,25056,DROZ   AVENUE EDOUARD,47.24246,6.0295,Nuit avec éclairage allumé,En agglomération,Hors intersection,Temps couvert,Autre collision,4,2,3,0,1,1,1,0,1,50,1,2,1,0,0,1,27.0,,voiture,,5,2,1,8,6
202400021497,2024-12-21 11:11:00,2024,12,21,11,11,22,22360,GUILLOUX (AVENUE LOUIS),48.48795,-2.7315,Plein jour,En agglomération,Intersection en X,Pluie légère,Deux véhicules - côté,4,2,2,0,4,1,2,0,1,50,2,2,1,0,0,1,32.0,49.0,deux_roues,utilitaire_camion,1,2,2,2,3
202400021497,2024-12-21 11:11:00,2024,12,21,11,11,22,22360,GUILLOUX (AVENUE LOUIS),48.48795,-2.7315,Plein jour,En agglomération,Intersection en X,Pluie légère,Deux véhicules - côté,4,2,2,0,4,1,2,0,1,50,2,2,1,0,0,1,32.0,49.0,deux_roues,utilitaire_camion,1,2,2,2,3