accident_id,datetime,annee,mois,jour,heure,minute,departement,commune_insee,adresse,latitude,longitude,luminosite,agglomeration,intersection,meteo,collision,catr,circ,nbv,vosp,prof,plan,surf,infra,situ,vma,nb_vehicules,nb_usagers,nb_indemnes,nb_tues,nb_blesses_hosp,nb_blesses_legers,age_cond_1,age_cond_2,veh_type_cond_1,veh_type_cond_2,lum_code,agg_code,int_code,atm_code,col_code
202400021498,2024-12-21 08:00:00,2024,12,21,8,0,15,15014,Avenue de la République,44.92392,2.43732,Nuit avec éclairage allumé,En agglomération,Hors intersection,Pluie légère,Autre collision,4,2,2,0,2,1,2,0,1,30,1,2,1,0,1,0,82.0,,voiture,,5,2,1,2,6
202400021499,2024-12-22 01:19:00,2024,12,22,1,19,13,13205,BAILLE (BOULEVARD),43.28732,5.38908,Nuit avec éclairage allumé,En agglomération,Intersection en X,Normale,Deux véhicules - côté,4,2,3,0,1,1,1,0,1,50,2,2,1,0,0,1,46.0,41.0,deux_roues,deux_roues,5,2,2,1,3
202400021499,2024-12-22 01:19:00,2024,12,22,1,19,13,13205,BAILLE (BOULEVARD),43.28732,5.38908,Nuit avec éclairage allumé,En agglomération,Intersection en X,Normale,Deux véhicules - côté,4,1,1,0,1,1,1,0,1,50,2,2,1,0,0,1,46.0,41.0,deux_roues,deux_roues,5,2,2,1,3
202400021500,2024-12-21 06:00:00,2024,12,21,6,0,13,13063,RN 1569 LA TRANSHUMANCE,43.58821,4.98917,Nuit sans éclairage public,Hors agglomération,Giratoire,Normale,Sans collision,2,3,4,0,1,1,1,5,1,90,1,4,1,0,0,3,18.0,,voiture,,3,1,6,1,7
202400021500,2024-12-21 06:00:00,2024,12,21,6,0,13,13063,RN 1569 LA TRANSHUMANCE,43.58821,4.98917,Nuit sans éclairage public,Hors agglomération,Giratoire,Normale,Sans collision,2,2,2,0,1,2,1,5,1,50,1,4,1,0,0,3,18.0,,voiture,,3,1,6,1,7
202400021501,2024-12-21 06:15:00,2024,12,21,6,15,13,13001,MOURET HENRI (AV),43.52035,5.43532,Nuit avec éclairage allumé,En agglomération,Autre intersection,Normale,Deux véhicules - côté,4,1,4,3,2,1,1,0,6,50,1,1,0,0,0,1,33.0,,transport_commun,,5,2,9,1,3
202400021502,2024-12-21 13:35:00,2024,12,21,13,35,11,11069,,43.210359,2.353082,Plein jour,En agglomération,Hors intersection,Pluie légère,Autre collision,4,-1, -1,0,1,1,2,0,8,50,1,2,1,0,0,1,61.0,,utilitaire_camion,,1,2,1,2,6
202400021503,2024-12-21 10:25:00,2024,12,21,10,25,10,10333,Rue Charles Baltet,48.2821,4.0598,Plein jour,En agglomération,Giratoire,Temps couvert,Deux véhicules - côté,4,2,2,2,1,2,2,0,1,50,2,2,1,0,0,1,68.0,60.0,voiture,deux_roues,1,2,6,8,3
202400021503,2024-12-21 10:25:00,2024,12,21,10,25,10,10333,Rue Charles Baltet,48.2821,4.0598,Plein jour,En agglomération,Giratoire,Temps couvert,Deux véhicules - côté,4,2,2,1,1,1,2,0,1,50,2,2,1,0,0,1,68.0,60.0,voiture,deux_roues,1,2,6,8,3
202400021504,2024-12-21 06:00:00,2024,12,21,6,0,08,08480,,49.73833395,4.77090839,Nuit sans éclairage public,Hors agglomération,Hors intersection,Brouillard / fumée,Trois véhicules et plus - collisions multiples,1,1,2,0,1,1,1,9,1,110,3,4,1,0,0,3,30.0,25.0,voiture,voiture,3,1,1,5,5
202400021505,2024-12-21 22:50:00,2024,12,21,22,50,07,07102,Chemin des MULETS,44.9344,4.85832,Nuit sans éclairage public,Hors agglomération,Hors intersection,Normale,Sans collision,4,3,2,0,1,2,9,0,3,70,1,1,0,0,0,1,38.0,,deux_roues,,3,1,1,1,7
202400021506,2024-12-20 18:45:00,2024,12,20,18,45,06,06088,Bretelle Entrée Cimiez - Mathis (Chaussée sud),43.70834,7.27034,Nuit avec éclairage allumé,Hors agglomération,Hors intersection,Normale,Trois véhicules et plus - en chaîne,4,1,2,0,1,1,1,0,1,70,4,4,2,0,0,2,25.0,41.0,utilitaire_camion,voiture,5,1,1,1,4
202400021507,2024-12-20 14:25:00,2024,12,20,14,25,05,05023,GAP (ROUTE DE   RN94),44.87503,6.61678,Plein jour,Hors agglomération,Hors intersection,Normale,Autre collision,2,2,2,0,1,2,1,0,2,80,1,1,0,0,0,1,52.0,,voiture,,1,1,1,1,6
202400021508,2024-12-21 16:00:00,2024,12,21,16,0,03,03185,PALME ( RUE OLOF ),46.3488,2.60141,Plein jour,En agglomération,Autre intersection,Normale,Autre collision,6,-1, -1,0,1,1,1,6,1,30,1,2,1,0,0,1,35.0,,voiture,,1,2,9,1,6
202400021509,2024-12-21 01:55:00,2024,12,21,1,55,75,75116,BD PERIPHERIQUE INTERIEUR,48.8635,2.265922,Nuit avec éclairage allumé,En agglomération,Hors intersection,Normale,Trois véhicules et plus - collisions multiples,4,1,4,0,1,1,1,1,1,50,3,5,1,0,0,4,19.0,45.0,voiture,voiture,5,2,1,1,5
202400021510,2024-12-20 03:46:00,2024,12,20,3,46,75,75115,RUE DE SEVRES,48.845287,2.311767,Nuit avec éclairage allumé,En agglomération,Intersection en X,Normale,Deux véhicules - côté,4,1,1,1,1,1,2,0,6,30,2,2,1,0,0,1,28.0,40.0,deux_roues,voiture,5,2,2,1,3
202400021510,2024-12-20 03:46:00,2024,12,20,3,46,75,75115,RUE DE SEVRES,48.845287,2.311767,Nuit avec éclairage allumé,En agglomération,Intersection en X,Normale,Deux véhicules - côté,4,2,2,0,1,1,2,0,1,30,2,2,1,0,0,1,28.0,40.0,deux_roues,voiture,5,2,2,1,3
202400021511,2024-12-21 08:25:00,2024,12,21,8,25,75,75119,RUE PETIT,48.886199,2.390875,Crépuscule ou aube,En agglomération,Hors intersection,Temps couvert,Autre collision,4,1,1,0,1,1,2,0,1,30,1,2,1,0,0,1,,,deux_roues,,2,2,1,8,6
202400021512,2024-12-21 06:25:00,2024,12,21,6,25,75,75117,RUE DES MOINES,48.887762,2.318368,Nuit avec éclairage allumé,En agglomération,Intersection en X,Normale,Deux véhicules - côté,4,1,1,0,1,1,2,0,1,30,2,2,1,0,0,1,45.0,38.0,voiture,deux_roues,5,2,2,1,3
202400021512,2024-12-21 06:25:00,2024,12,21,6,25,75,75117,RUE DES MOINES,48.887762,2.318368,Nuit avec éclairage allumé,En agglomération,Intersection en X,Normale,Deux véhicules - côté,4,1,1,0,2,1,2,0,1,30,2,2,1,0,0,1,45.0,38.0,voiture,deux_roues,5,2,2,1,3
202400021513,2024-12-21 02:30:00,2024,12,21,2,30,75,75116,ALLEE DE LONGCHAMP,48.870133,2.258027,Nuit avec éclairage allumé,En agglomération,Hors intersection,Pluie légère,Deux véhicules - côté,4,2,4,0,1,1,2,0,1,50,2,2,1,0,1,0,51.0,59.0,deux_roues,voiture,5,2,1,2,3
202400021514,2024-12-21 21:20:00,2024,12,21,21,20,75,75113,PORTE D IVRY,48.819729,2.372865,Nuit avec éclairage allumé,En agglomération,Intersection en X,Pluie légère,Autre collision,4,1, -1,-1,1,1,2,0,1,-1,1,2,1,0,0,1,65.0,,utilitaire_camion,,5,2,2,2,6
202400021514,2024-12-21 21:20:00,2024,12,21,21,20,75,75113,PORTE D IVRY,48.819729,2.372865,Nuit avec éclairage allumé,En agglomération,Intersection en X,Pluie légère,Autre collision,4,1,2,0,1,3,2,0,1,30,1,2,1,0,0,1,65.0,,utilitaire_camion,,5,2,2,2,6
202400021515,2024-12-21 02:55:00,2024,12,21,2,55,75,75110,BOULEVARD DE STRASBOURG,48.876191,2.367855,Nuit avec éclairage allumé,En agglomération,Place,Pluie légère,Deux véhicules - côté,4,1,2,0,1,1,2,0,1,30,2,2,1,0,0,1,18.0,69.0,deux_roues,voiture,5,2,7,2,3
202400021515,2024-12-21 02:55:00,2024,12,21,2,55,75,75110,BOULEVARD DE STRASBOURG,48.876191,2.367855,Nuit avec éclairage allumé,En agglomération,Place,Pluie légère,Deux véhicules - côté,4,2, -1,0,1,1,2,0,1,30,2,2,1,0,0,1,18.0,69.0,deux_roues,voiture,5,2,7,2,3
202400021516,2024-12-21 20:30:00,2024,12,21,20,30,75,75103,RUE DES ARCHIVES,48.863311,2.360629,Nuit avec éclairage allumé,En agglomération,Intersection en T,Normale,Deux véhicules - côté,4,1,1,1,1,1,2,0,1,30,2,2,1,0,0,1,43.0,46.0,voiture,deux_roues,5,2,3,1,3
202400021516,2024-12-21 20:30:00,2024,12,21,20,30,75,75103,RUE DES ARCHIVES,48.863311,2.360629,Nuit avec éclairage allumé,En agglomération,Intersection en T,Normale,Deux véhicules - côté,4,1,1,0,1,1,2,0,1,30,2,2,1,0,0,1,43.0,46.0,voiture,deux_roues,5,2,3,1,3
202400021517,2024-12-21 00:30:00,2024,12,21,0,30,75,75103,RUE SAINT MARTIN,48.865705,2.363673,Nuit avec éclairage allumé,En agglomération,Hors intersection,Pluie légère,Sans collision,4,1,1,0,1,1,2,0,1,30,1,1,0,0,0,1,51.0,,deux_roues,,5,2,1,2,7
202400021518,2024-12-19 00:15:00,2024,12,19,0,15,75,75104,QUAI DES CELESTINS,48.852407,2.360532,Nuit avec éclairage allumé,En agglomération,Hors intersection,Pluie légère,Autre collision,4,2,4,0,1,1,2,0,1,30,1,1,0,0,0,1,74.0,,voiture,,5,2,1,2,6
202400021519,2024-12-21 19:20:00,2024,12,21,19,20,94,94078,Rue Alexandre Dumas,48.740044,2.449729,Nuit avec éclairage allumé,En agglomération,Intersection en X,Pluie légère,Deux véhicules - côté,4,1,1,0,1,1,2,0,1,50,2,3,2,0,0,1,23.0,34.0,deux_roues,voiture,5,2,2,2,3
202400021520,2024-12-21 06:40:00,2024,12,21,6,40,94,94041,Boulevard de Stalingrad,48.8039,2.37755,Nuit avec éclairage allumé,En agglomération,Hors intersection,Pluie légère,Autre collision,3,1,2,0,1,1,2,0,1,50,1,1,0,0,0,1,23.0,,deux_roues,,5,2,1,2,6
202400021521,2024-12-21 02:30:00,2024,12,21,2,30,94,94079,Route de Bry,48.82967,2.53905,Nuit avec éclairage allumé,En agglomération,Hors intersection,Pluie légère,Deux véhicules - frontale,3,3,2,0,1,1,2,0,1,50,2,3,1,0,0,2,36.0,24.0,voiture,voiture,5,2,1,2,1
202400021522,2024-12-21 06:05:00,2024,12,21,6,5,93,93072,MARCEL CACHIN (AVENUE) DES N°1 AU 17,48.95585,2.38294,Nuit avec éclairage allumé,En agglomération,Intersection en X,Normale,Sans collision,3,2,2,0,1,2,2,0,1,30,1,1,0,0,0,1,50.0,,autre,,5,2,2,1,7
202400021522,2024-12-21 06:05:00,2024,12,21,6,5,93,93072,MARCEL CACHIN (AVENUE) DES N°1 AU 17,48.95585,2.38294,Nuit avec éclairage allumé,En agglomération,Intersection en X,Normale,Sans collision,3,1,1,0,1,1,2,0,1,30,1,1,0,0,0,1,50.0,,autre,,5,2,2,1,7
202400021523,2024-12-21 06:00:00,2024,12,21,6,0,93,93077,RAINCY (AVENUE DU),48.8874782,2.50955057,Nuit avec éclairage allumé,En agglomération,Intersection en X,Temps couvert,Deux véhicules - côté,4,1,1,0,1,1,2,0,1,50,2,2,1,0,0,1,,44.0,voiture,voiture,5,2,2,8,3
202400021524,2024-12-21 15:40:00,2024,12,21,15,40,93,93048,PARIS (RUE DE),48.85686394,2.42956924,Plein jour,En agglomération,Hors intersection,Pluie légère,Deux véhicules - côté,3,2,2,0,1,1,2,0,1,30,2,2,1,0,0,1,27.0,,deux_roues,voiture,1,2,1,2,3
202400021525,2024-12-21 12:30:00,2024,12,21,12,30,93,93074,Route Nationale 3,48.93459,2.57978,Plein jour,Hors agglomération,Hors intersection,Normale,Deux véhicules - arrière,3,3,2,0,1,1,1,0,1,110,2,2,0,0,0,2,22.0,60.0,voiture,voiture,1,1,1,1,2
202400021526,2024-12-21 13:40:00,2024,12,21,13,40,93,93046,FIRMIN DIDOT AVENUE,48.9115,2.5219,Plein jour,En agglomération,Hors intersection,Pluie légère,Autre collision,4,1,1,0,1,1,2,0,1,50,1,2,1,0,0,1,,,voiture,,1,2,1,2,6
202400021527,2024-12-21 07:20:00,2024,12,21,7,20,93,93031,SAINT LEU (ROUTE),48.94668,2.34556,Crépuscule ou aube,En agglomération,Hors intersection,Temps couvert,Autre collision,3,1,2,0,1,2,2,0,4,50,1,2,1,0,0,1,26.0,,voiture,,2,2,1,8,6
202400021528,2024-12-21 20:15:00,2024,12,21,20,15,93,93014,Allée de la République / Allée de l'Indépendance,48.90246778,2.5418975,Nuit avec éclairage allumé,En agglomération,Giratoire,Pluie légère,Deux véhicules - côté,4,2,2,0,1,1,2,0,1,50,2,3,2,0,0,1,26.0,41.0,voiture,voiture,5,2,6,2,3
202400021528,2024-12-21 20:15:00,2024,12,21,20,15,93,93014,Allée de la République / Allée de l'Indépendance,48.90246778,2.5418975,Nuit avec éclairage allumé,En agglomération,Giratoire,Pluie légère,Deux véhicules - côté,4,2,2,0,2,1,2,0,1,50,2,3,2,0,0,1,26.0,41.0,voiture,voiture,5,2,6,2,3
202400021529,2024-12-21 05:00:00,2024,12,21,5,0,93,93008,VAILLANT COUTURIER (AVENUE PAUL),48.90560063,2.46718168,Nuit avec éclairage allumé,En agglomération,Hors intersection,Temps couvert,Deux véhicules - frontale,3,1,6,0,1,1,2,0,3,50,1,2,1,0,0,1,46.0,,voiture,,5,2,1,8,1
202400021530,2024-12-20 17:05:00,2024,12,20,17,5,92,92020,PIERRELAIS RUE DES,48.79835,2.28751,Nuit avec éclairage allumé,En agglomération,Intersection en X,Pluie légère,Deux véhicules - frontale,3,2, -1,0,1,1,2,0,1,50,2,2,1,0,0,1,20.0,41.0,voiture,deux_roues,5,2,2,2,1
202400021530,2024-12-20 17:05:00,2024,12,20,17,5,92,92020,PIERRELAIS RUE DES,48.79835,2.28751,Nuit avec éclairage allumé,En agglomération,Intersection en X,Pluie légère,Deux véhicules - frontale,3,2, -1,0,1,1,2,0,1,50,2,2,1,0,0,1,20.0,41.0,voiture,deux_roues,5,2,2,2,1
202400021531,2024-12-20 18:10:00,2024,12,20,18,10,92,92071,COLBERT (BOULEVARD),48.7748578,2.29265571,Nuit avec éclairage allumé,En agglomération,Hors intersection,Pluie légère,Autre collision,4,2,2,1,1,1,2,0,1,30,1,2,1,0,0,1,27.0,,voiture,,5,2,1,2,6
202400021532,2024-12-21 01:30:00,2024,12,21,1,30,92,92012,POINT DU JOUR (QUAI DU),48.83367707,2.26080313,Nuit avec éclairage allumé,En agglomération,Hors intersection,Pluie légère,Autre collision,4,1,4,1,1,1,2,0,5,50,1,1,0,0,0,1,25.0,,deux_roues,,5,2,1,2,6
202400021533,2024-12-20 14:00:00,2024,12,20,14,0,60,60669,D29,49.322776,2.49071,Plein jour,Hors agglomération,Hors intersection,Normale,Deux véhicules - frontale,3,2,2,0,1,3,1,0,1,90,2,3,1,0,1,1,35.0,19.0,transport_commun,voiture,1,1,1,1,1
202400021534,2024-12-20 15:55:00,2024,12,20,15,55,35,35128,Rue de Rennes,48.290296,-1.722525,Plein jour,Hors agglomération,Intersection en T,Normale,Deux véhicules - arrière,3,2,2,0,1,1,1,0,1,80,2,2,1,0,1,0,44.0,64.0,deux_roues,utilitaire_camion,1,1,3,1,2
202400021534,2024-12-20 15:55:00,2024,12,20,15,55,35,35128,Rue de Rennes,48.290296,-1.722525,Plein jour,Hors agglomération,Intersection en T,Normale,Deux véhicules - arrière,3,2,2,0,2,1,1,0,1,70,2,2,1,0,1,0,44.0,64.0,deux_roues,utilitaire_camion,1,1,3,1,2
202400021535,2024-04-16 09:24:00,2024,4,16,9,24,94,94018,Rue de Paris,48.82718367,2.40487754,Plein jour,En agglomération,Hors intersection,Temps couvert,Deux véhicules - côté,3,2,2,2,1,1,2,0,1,30,2,2,1,0,0,1,36.0,28.0,voiture,deux_roues,1,2,1,8,3
202400021536,2024-12-21 08:00:00,2024,12,21,8,0,35,35356,RD137,48.247576,-1.764287,Nuit sans éclairage public,Hors agglomération,Hors intersection,Normale,Autre collision,3,3,4,0,1,1,1,0,1,110,1,2,1,1,0,0,21.0,,voiture,,3,1,1,1,6
202400021537,2024-04-16 11:00:00,2024,4,16,11,0,94,94071,Rue du Général Leclerc / Rue Buffon,48.77647,2.51125,Plein jour,En agglomération,Intersection en T,Pluie légère,Deux véhicules - arrière,3,2,2,0,1,1,2,0,1,50,2,3,2,0,0,1,84.0,22.0,voiture,voiture,1,2,3,2,2
202400021537,2024-04-16 11:00:00,2024,4,16,11,0,94,94071,Rue du Général Leclerc / Rue Buffon,48.77647,2.51125,Plein jour,En agglomération,Intersection en T,Pluie légère,Deux véhicules - arrière,3,2,2,0,1,1,2,0,1,-1,2,3,2,0,0,1,84.0,22.0,voiture,voiture,1,2,3,2,2
202400021538,2024-12-19 16:45:00,2024,12,19,16,45,67,67061,D517,48.836122,7.485573,Nuit sans éclairage public,Hors agglomération,Intersection en X,Pluie forte,Deux véhicules - frontale,3,2,2,0,2,1,2,0,1,80,2,3,1,0,1,1,60.0,56.0,voiture,utilitaire_camion,3,1,2,3,1
202400021538,2024-12-19 16:45:00,2024,12,19,16,45,67,67061,D517,48.836122,7.485573,Nuit sans éclairage public,Hors agglomération,Intersection en X,Pluie forte,Deux véhicules - frontale,3,2, -1,-1,2,1,2,0,1,-1,2,3,1,0,1,1,60.0,56.0,voiture,utilitaire_camion,3,1,2,3,1
202400021539,2024-12-20 19:52:00,2024,12,20,19,52,28,28161,Autoroute A11,48.240527,1.088199,Nuit sans éclairage public,Hors agglomération,Hors intersection,Pluie légère,Autre collision,1,1,3,0,1,1,2,9,6,130,1,1,0,0,1,0,46.0,,voiture,,3,1,1,2,6
202400021540,2024-04-16 16:40:00,2024,4,16,16,40,93,93070,Avenue Michelet / Rue Eugène Berthoud,48.906558,2.344204,Plein jour,En agglomération,Intersection en T,Temps couvert,Deux véhicules - côté,3,2,2,1,1,1,1,0,1,50,2,2,1,0,0,1,30.0,64.0,deux_roues,deux_roues,1,2,3,8,3
202400021540,2024-04-16 16:40:00,2024,4,16,16,40,93,93070,Avenue Michelet / Rue Eugène Berthoud,48.906558,2.344204,Plein jour,En agglomération,Intersection en T,Temps couvert,Deux véhicules - côté,3,2,2,0,1,1,1,0,1,-1,2,2,1,0,0,1,30.0,64.0,deux_roues,deux_roues,1,2,3,8,3
202400021541,2024-12-22 10:30:00,2024,12,22,10,30,972,97220,N8,14.485238,-60.902662,Plein jour,Hors agglomération,Hors intersection,Normale,Autre collision,2,2,1,0,1,1,1,0,1,-1,1,2,1,0,1,0,33.0,,voiture,,1,1,1,1,6
202400021542,2024-12-19 21:45:00,2024,12,19,21,45,14,14061,Route du Pont de la Vallée (La Ferrière-Harang),48.969404,-0.870516,Nuit sans éclairage public,Hors agglomération,Hors intersection,Normale,Autre collision,4,2,2,0,2,1,2,0,8,80,1,1,0,0,1,0,50.0,,utilitaire_camion,,3,1,1,1,6
202400021543,2024-04-16 12:35:00,2024,4,16,12,35,93,93070,Rue Blanqui / Rue Étienne Dolet,48.905951,2.33821,Plein jour,En agglomération,Intersection en X,Pluie légère,Deux véhicules - côté,4,1,1,0,1,1,2,0,1,30,2,2,1,0,0,1,68.0,53.0,deux_roues,voiture,1,2,2,2,3
202400021543,2024-04-16 12:35:00,2024,4,16,12,35,93,93070,Rue Blanqui / Rue Étienne Dolet,48.905951,2.33821,Plein jour,En agglomération,Intersection en X,Pluie légère,Deux véhicules - côté,4,1,1,0,1,1,2,9,1,30,2,2,1,0,0,1,68.0,53.0,deux_roues,voiture,1,2,2,2,3
202400021544,2024-04-16 12:25:00,2024,4,16,12,25,93,93066,Boulevard Félix Faure,48.938621,2.357411,Plein jour,En agglomération,Hors intersection,Pluie forte,Autre collision,4,3,2,3,1,1,2,0,1,50,1,2,1,0,0,1,46.0,,transport_commun,,1,2,1,3,6
202400021545,2024-12-22 04:45:00,2024,12,22,4,45,62,62397,D221,50.85864843,1.89428632,Nuit sans éclairage public,Hors agglomération,Hors intersection,Vent fort / tempête,Autre collision,3,2,2,0,3,1,1,0,3,80,1,1,0,0,1,0,26.0,,voiture,,3,1,1,6,6
202400021546,2024-04-16 08:20:00,2024,4,16,8,20,93,93027,Rue Danielle Casanova / Rue Pierre Curie,48.91918,2.38706,Plein jour,En agglomération,Intersection en T,Pluie légère,Autre collision,3,2,2,3,1,1,2,0,1,50,1,2,1,0,0,1,31.0,,voiture,,1,2,3,2,6
202400021546,2024-04-16 08:20:00,2024,4,16,8,20,93,93027,Rue Danielle Casanova / Rue Pierre Curie,48.91918,2.38706,Plein jour,En agglomération,Intersection en T,Pluie légère,Autre collision,3,2,2,0,1,1,2,0,1,-1,1,2,1,0,0,1,31.0,,voiture,,1,2,3,2,6
202400021547,2024-12-21 08:00:00,2024,12,21,8,0,38,38239,D1092,45.333225,5.557741,Crépuscule ou aube,Hors agglomération,Hors intersection,Normale,Deux véhicules - arrière,3,2,2,0,1,1,1,3,1,70,2,2,1,0,1,0,,72.0,autre,deux_roues,2,1,1,1,2
202400021548,2024-12-21 14:00:00,2024,12,21,14,0,83,83049,Departemental 14,43.236168,6.103077,Plein jour,Hors agglomération,Giratoire,Normale,Deux véhicules - arrière,3,1,1,0,1,2,1,0,1,30,2,2,1,0,1,0,20.0,52.0,utilitaire_camion,deux_roues,1,1,6,1,2
202400021549,2024-04-16 17:30:00,2024,4,16,17,30,93,93062,Avenue Thiers / Rond - Point Thiers,48.89924,2.51767,Plein jour,En agglomération,Giratoire,Normale,Deux véhicules - côté,3,2,2,0,1,1,1,0,1,50,2,3,2,0,0,1,81.0,72.0,voiture,voiture,1,2,6,1,3
202400021549,2024-04-16 17:30:00,2024,4,16,17,30,93,93062,Avenue Thiers / Rond - Point Thiers,48.89924,2.51767,Plein jour,En agglomération,Giratoire,Normale,Deux véhicules - côté,3,1,2,0,1,2,1,0,1,50,2,3,2,0,0,1,81.0,72.0,voiture,voiture,1,2,6,1,3
202400021550,2024-12-22 07:20:00,2024,12,22,7,20,72,72287,Route du Plessis,47.880121,0.201971,Nuit sans éclairage public,En agglomération,Hors intersection,Pluie légère,Autre collision,4,2,2,0,1,3,2,0,3,50,1,1,0,0,1,0,22.0,,voiture,,3,2,1,2,6
202400021551,2024-04-16 16:45:00,2024,4,16,16,45,93,93005,Rue Jules Princet,48.937454,2.499144,Plein jour,En agglomération,Hors intersection,Normale,Deux véhicules - frontale,3,2,2,0,1,1,1,0,1,50,2,2,1,0,0,1,21.0,27.0,voiture,voiture,1,2,1,1,1
202400021552,2024-12-22 11:45:00,2024,12,22,11,45,50,50393,Le Mesnil Coq,48.921294,-1.208786,Plein jour,Hors agglomération,Hors intersection,Temps couvert,Autre collision,3,2,2,0,2,4,2,0,1,80,1,2,1,0,1,0,23.0,,voiture,,1,1,1,8,6
202400021553,2024-04-16 08:30:00,2024,4,16,8,30,92,92062,JAURES (RUE JEAN) DU 114 AU 2,48.88374099,2.24416584,Plein jour,Hors agglomération,Hors intersection,Normale,Autre collision,4,2,2,0,1,1,2,0,1,50,1,2,1,0,0,1,48.0,,voiture,,1,1,1,1,6
202400021554,2024-12-21 15:20:00,2024,12,21,15,20,51,51111,D224,49.18571333,3.82387902,Plein jour,Hors agglomération,Hors intersection,Pluie légère,Deux véhicules - arrière,3,2,2,0,1,1,2,0,1,80,2,3,1,0,1,1,28.0,68.0,voiture,autre,1,1,1,2,2
202400021555,2024-04-15 19:08:00,2024,4,15,19,8,92,92020,VANVES BOULEVARD N° IMPAIRS,48.80903,2.28345,Plein jour,En agglomération,Hors intersection,Normale,Autre collision,3,2,2,0,1,1,1,0,1,50,1,3,2,0,0,1,24.0,,deux_roues,,1,2,1,1,6
202400021556,2024-12-22 04:40:00,2024,12,22,4,40,56,56094,Poulvernic,47.788771,-3.254431,Nuit sans éclairage public,Hors agglomération,Hors intersection,Pluie légère,Autre collision,2,3,4,0,1,1,2,0,3,110,1,2,1,0,1,0,35.0,,voiture,,3,1,1,2,6
202400021557,2024-04-16 10:00:00,2024,4,16,10,0,92,92044,CHARLES PASQUA (QUAI) 58 A90,48.90168199,2.28575385,Plein jour,En agglomération,Hors intersection,Pluie légère,Deux véhicules - côté,3,1,2,0,1,1,2,0,1,50,2,2,1,0,0,1,43.0,61.0,voiture,deux_roues,1,2,1,2,3
202400021558,2024-12-22 17:20:00,2024,12,22,17,20,67,67543,D392,48.502298,7.253436,Nuit sans éclairage public,Hors agglomération,Hors intersection,Pluie légère,Deux véhicules - arrière,3,2,2,0,2,3,2,0,1,70,2,2,1,1,0,0,20.0,17.0,voiture,deux_roues,3,1,1,2,2
202400021559,2024-04-16 12:51:00,2024,4,16,12,51,92,92040,VERDUN (AVENUE DE) DU 83 AU 113 BIS,48.81956,2.25602,Plein jour,En agglomération,Hors intersection,Normale,Autre collision,3,2,2,0,1,1,1,0,5,30,1,2,1,0,0,1,63.0,,voiture,,1,2,1,1,6
202400021560,2024-12-21 17:09:00,2024,12,21,17,9,67,67144,D57,48.418809,7.190176,Nuit sans éclairage public,Hors agglomération,Hors intersection,Pluie légère,Sans collision,3,2,2,0,1,2,2,0,1,80,1,1,0,0,0,1,21.0,,voiture,,3,1,1,2,7
202400021561,2024-04-16 08:55:00,2024,4,16,8,55,92,92040,VICTOR HUGO,48.82663684,2.27530932,Plein jour,En agglomération,Hors intersection,Normale,Deux véhicules - côté,4,1,1,0,1,1,1,0,1,20,2,2,1,0,0,1,60.0,51.0,voiture,deux_roues,1,2,1,1,3
202400021562,2024-12-21 16:50:00,2024,12,21,16,50,79,79172,,46.552943,-0.30899,Plein jour,Hors agglomération,Hors intersection,Normale,Deux véhicules - frontale,3,2,3,0,2,1,1,0,1,90,2,3,0,3,0,0,80.0,66.0,voiture,voiture,1,1,1,1,1
202400021563,2024-12-22 00:05:00,2024,12,22,0,5,32,32160,Rond-point Le Choulon,43.602863,1.04707,Nuit avec éclairage allumé,Hors agglomération,Giratoire,Pluie légère,Sans collision,2,3,1,0,4,3,2,0,8,110,1,1,0,0,0,1,31.0,,voiture,,5,1,6,2,7
202400021564,2024-04-14 15:30:00,2024,4,14,15,30,92,92036,LOUIS ROCHE (AVENUE) (1/45),48.92703236,2.31432045,Plein jour,En agglomération,Autre intersection,Normale,Deux véhicules - frontale,3,3,2,0,1,1,1,0,1,50,2,2,1,0,0,1,27.0,38.0,deux_roues,voiture,1,2,9,1,1
202400021565,2024-12-21 20:40:00,2024,12,21,20,40,63,63418,les boules,45.76074417,3.48328738,Nuit sans éclairage public,Hors agglomération,Hors intersection,Pluie légère,Sans collision,3,2,2,0,1,2,2,0,8,-1,1,2,1,0,1,0,54.0,,voiture,,3,1,1,2,7
202400021566,2024-04-16 14:21:00,2024,4,16,14,21,92,92023,GENERAL DE GAULLE (AV DU) N°440 A 544 ET,48.77979,2.23759,Plein jour,En agglomération,Hors intersection,Pluie légère,Deux véhicules - arrière,3,1,0,0,1,1,2,0,1,50,2,2,1,0,0,1,21.0,48.0,deux_roues,voiture,1,2,1,2,2
202400021567,2024-12-20 17:05:00,2024,12,20,17,5,61,61330,D926,48.704542,0.376882,Nuit sans éclairage public,Hors agglomération,Hors intersection,Pluie légère,Autre collision,3,2,2,0,2,1,2,0,3,90,1,1,0,0,1,0,79.0,,voiture,,3,1,1,2,6
202400021568,2024-04-16 18:53:00,2024,4,16,18,53,92,92019,MALRAUX ANDRE (RUE),48.76795803,2.28617513,Plein jour,En agglomération,Hors intersection,Normale,Deux véhicules - frontale,4,2,1,0,1,1,1,0,1,50,2,2,1,0,0,1,19.0,60.0,voiture,utilitaire_camion,1,2,1,1,1