accident_id,datetime,annee,mois,jour,heure,minute,departement,commune_insee,adresse,latitude,longitude,luminosite,agglomeration,intersection,meteo,collision,catr,circ,nbv,vosp,prof,plan,surf,infra,situ,vma,nb_vehicules,nb_usagers,nb_indemnes,nb_tues,nb_blesses_hosp,nb_blesses_legers,age_cond_1,age_cond_2,veh_type_cond_1,veh_type_cond_2,lum_code,agg_code,int_code,atm_code,col_code
202400021854,2024-01-26 18:25:00,2024,1,26,18,25,22,22025,Lieu Dit le Crenvez,48.395502,-3.418797,Nuit sans éclairage public,Hors agglomération,Hors intersection,Normale,Autre collision,4,2,2,0,1,2,1,0,1,50,1,2,1,0,1,0,53.0,,utilitaire_camion,,3,1,1,1,6
202400021855,2024-04-14 16:05:00,2024,4,14,16,5,59,59170,JAURES (PLACE JEAN),50.35331,3.12635,Plein jour,En agglomération,Hors intersection,Normale,Autre collision,3,2,2,0,1,1,1,0,1,50,1,1,0,0,1,0,20.0,,deux_roues,,1,2,1,1,6
202400021856,2024-12-20 11:00:00,2024,12,20,11,0,33,33119,,44.86299,-0.51417,Plein jour,En agglomération,Giratoire,Normale,Autre collision,4,2,2,0,1,1,1,5,8,30,1,3,2,0,1,0,88.0,,voiture,,1,2,6,1,6
202400021856,2024-12-20 11:00:00,2024,12,20,11,0,33,33119,,44.86299,-0.51417,Plein jour,En agglomération,Giratoire,Normale,Autre collision,4,3,4,2,1,1,1,5,1,30,1,3,2,0,1,0,88.0,,voiture,,1,2,6,1,6
202400021857,2024-04-14 19:22:00,2024,4,14,19,22,56,56098,LE BOUHART (RUE  PIERRE ),47.772937,-3.35028,Plein jour,En agglomération,Hors intersection,Normale,Sans collision,4,1,1,0,1,3,1,0,4,20,1,1,0,0,0,1,23.0,,deux_roues,,1,2,1,1,7
202400021858,2024-09-07 08:30:00,2024,9,7,8,30,29,29061,rond point du dorguen,48.44993298,-4.4719997,Plein jour,Hors agglomération,Giratoire,Pluie légère,Deux véhicules - côté,3,2,2,0,1,1,2,0,1,80,2,2,1,0,0,1,64.0,86.0,deux_roues,voiture,1,1,6,2,3
202400021858,2024-09-07 08:30:00,2024,9,7,8,30,29,29061,rond point du dorguen,48.44993298,-4.4719997,Plein jour,Hors agglomération,Giratoire,Pluie légère,Deux véhicules - côté,3,3,2,0,1,3,2,0,1,80,2,2,1,0,0,1,64.0,86.0,deux_roues,voiture,1,1,6,2,3
202400021859,2024-04-15 15:15:00,2024,4,15,15,15,51,51454,JACQUART (RUE) DU N° 1 AU N° 75 (IMPAIR),49.26397,4.0401,Plein jour,En agglomération,Hors intersection,Pluie légère,Sans collision,4,1,2,0,2,1,2,0,1,50,1,1,0,0,0,1,28.0,,deux_roues,,1,2,1,2,7
202400021860,2024-12-20 06:35:00,2024,12,20,6,35,33,33063,,44.87765,-0.56363,Nuit sans éclairage public,Hors agglomération,Hors intersection,Brouillard / fumée,Autre collision,4,3,5,0,1,1,1,0,1,70,1,3,2,0,0,1,60.0,,voiture,,3,1,1,5,6
202400021861,2024-04-13 18:06:00,2024,4,13,18,6,51,51454,ESCAUT (RUE),49.247617,4.067724,Plein jour,En agglomération,Hors intersection,Normale,Sans collision,9,2,0,0,1,1,6,0,8,50,1,1,0,0,0,1,38.0,,deux_roues,,1,2,1,1,7
202400021862,2024-12-20 10:50:00,2024,12,20,10,50,31,31555,BD LAZARE CARNOT,43.60045,1.45217,Plein jour,En agglomération,Hors intersection,Normale,Autre collision,4,2,2,0,1,1,1,6,1,50,1,2,1,0,1,0,,,deux_roues,,1,2,1,1,6
202400021863,2024-09-07 15:15:00,2024,9,7,15,15,58,58309,41 route du puits,46.909536,4.00136,Plein jour,Hors agglomération,Hors intersection,Temps couvert,Sans collision,3,2,2,0,2,2,2,0,1,80,1,1,0,0,0,1,60.0,,deux_roues,,1,1,1,8,7
202400021864,2024-01-27 19:40:00,2024,1,27,19,40,25,25036,N83,47.18999,5.966392,Nuit sans éclairage public,Hors agglomération,Hors intersection,Normale,Trois véhicules et plus - collisions multiples,2,2,2,0,2,4,1,0,1,70,5,14,11,0,3,0,36.0,61.0,voiture,voiture,3,1,1,1,5
202400021865,2024-04-12 07:40:00,2024,4,12,7,40,50,50129,CACHIN (RUE DE L'INGENIEUR),49.63929,-1.6129,Crépuscule ou aube,En agglomération,Intersection en T,Normale,Deux véhicules - côté,4,1,1,0,1,1,1,0,1,30,2,2,1,0,0,1,24.0,12.0,voiture,deux_roues,2,2,3,1,3
202400021865,2024-04-12 07:40:00,2024,4,12,7,40,50,50129,CACHIN (RUE DE L'INGENIEUR),49.63929,-1.6129,Crépuscule ou aube,En agglomération,Intersection en T,Normale,Deux véhicules - côté,4,1,1,0,1,1,1,0,1,30,2,2,1,0,0,1,24.0,12.0,voiture,deux_roues,2,2,3,1,3
202400021866,2024-09-07 14:15:00,2024,9,7,14,15,58,58151,Rue Clémence Bonde,46.899697,3.466883,Plein jour,Hors agglomération,Hors intersection,Pluie légère,Deux véhicules - arrière,3,2,2,0,4,1,2,0,1,90,2,2,1,0,0,1,84.0,18.0,voiture,deux_roues,1,1,1,2,2
202400021867,2024-12-20 18:50:00,2024,12,20,18,50,29,29019,boulevard de Plymouth,48.386518,-4.527987,Nuit avec éclairage allumé,En agglomération,Intersection en T,Pluie forte,Deux véhicules - côté,4,3,2,2,1,1,2,5,1,50,2,2,1,0,0,1,47.0,49.0,deux_roues,voiture,5,2,3,3,3
202400021867,2024-12-20 18:50:00,2024,12,20,18,50,29,29019,boulevard de Plymouth,48.386518,-4.527987,Nuit avec éclairage allumé,En agglomération,Intersection en T,Pluie forte,Deux véhicules - côté,4,2,0,0,1,1,2,5,1,50,2,2,1,0,0,1,47.0,49.0,deux_roues,voiture,5,2,3,3,3
202400021868,2024-01-27 18:55:00,2024,1,27,18,55,29,29202,D785,48.43262607,-3.88595488,Nuit sans éclairage public,Hors agglomération,Hors intersection,Brouillard / fumée,Sans collision,3,3,0,0,4,3,1,0,3,90,1,2,0,1,1,0,52.0,,deux_roues,,3,1,1,5,7
202400021869,2024-09-07 10:20:00,2024,9,7,10,20,14,14654,34 Rue d'Harmonville (Saint-Pierre-sur-Dives),49.024489,-0.027788,Plein jour,En agglomération,Hors intersection,Normale,Autre collision,6,-1, -1,0,4,1,1,0,3,15,1,1,0,1,0,0,86.0,,voiture,,1,2,1,1,6
202400021870,2024-01-27 15:30:00,2024,1,27,15,30,02,02106,Rue du Stade,49.399856,3.668312,Plein jour,Hors agglomération,Hors intersection,Normale,Sans collision,4,2,2,0,1,3,6,0,3,80,1,1,0,0,1,0,59.0,,utilitaire_camion,,1,1,1,1,7
202400021871,2024-04-11 19:50:00,2024,4,11,19,50,49,49328,rond point du general arnold,47.26288,-0.09033,Plein jour,En agglomération,Giratoire,Normale,Deux véhicules - côté,4,2,2,0,2,1,1,0,1,50,2,2,1,0,0,1,16.0,59.0,deux_roues,voiture,1,2,6,1,3
202400021871,2024-04-11 19:50:00,2024,4,11,19,50,49,49328,rond point du general arnold,47.26288,-0.09033,Plein jour,En agglomération,Giratoire,Normale,Deux véhicules - côté,4,1,1,0,1,2,1,5,1,50,2,2,1,0,0,1,16.0,59.0,deux_roues,voiture,1,2,6,1,3
202400021872,2024-09-06 21:40:00,2024,9,6,21,40,50,50267,D900,49.211682,-1.519718,Nuit avec éclairage allumé,Hors agglomération,Hors intersection,Normale,Autre collision,3,2,2,0,1,1,1,9,1,70,1,1,0,1,0,0,30.0,,deux_roues,,5,1,1,1,6
202400021873,2024-12-19 17:23:00,2024,12,19,17,23,29,29019,rue Vauban,48.384881,-4.50099,Plein jour,En agglomération,Intersection en X,Normale,Deux véhicules - côté,4,1,1,0,2,1,1,0,1,50,2,2,1,0,0,1,21.0,65.0,deux_roues,voiture,1,2,2,1,3
202400021873,2024-12-19 17:23:00,2024,12,19,17,23,29,29019,rue Vauban,48.384881,-4.50099,Plein jour,En agglomération,Intersection en X,Normale,Deux véhicules - côté,4,1,1,0,2,1,1,0,1,50,2,2,1,0,0,1,21.0,65.0,deux_roues,voiture,1,2,2,1,3
202400021874,2024-04-14 07:55:00,2024,4,14,7,55,49,49267,Route d'ANGERS,47.467,-0.50025,Plein jour,En agglomération,Hors intersection,Normale,Autre collision,4,3,2,0,1,1,1,0,1,50,1,1,0,0,0,1,22.0,,voiture,,1,2,1,1,6
202400021875,2024-01-26 07:20:00,2024,1,26,7,20,01,01245,D979,46.160665,5.394046,Crépuscule ou aube,Hors agglomération,Intersection en X,Normale,Deux véhicules - côté,3,2,2,0,2,1,1,0,1,80,2,2,0,0,0,2,20.0,49.0,voiture,voiture,2,1,2,1,3
202400021875,2024-01-26 07:20:00,2024,1,26,7,20,01,01245,D979,46.160665,5.394046,Crépuscule ou aube,Hors agglomération,Intersection en X,Normale,Deux véhicules - côté,3,2,2,0,2,1,1,0,1,80,2,2,0,0,0,2,20.0,49.0,voiture,voiture,2,1,2,1,3
202400021876,2024-04-15 08:00:00,2024,4,15,8,0,45,45147,94 Rue Camille Desmoulins,47.93505,1.93093,Plein jour,En agglomération,Hors intersection,Normale,Deux véhicules - côté,4,2,2,1,1,1,1,9,1,50,2,2,0,0,0,2,46.0,12.0,deux_roues,deux_roues,1,2,1,1,3
202400021877,2024-09-06 16:20:00,2024,9,6,16,20,50,50378,Route des 4 Sapins,48.976168,-1.241069,Plein jour,Hors agglomération,Intersection en T,Normale,Deux véhicules - côté,3,-1,2,0,1,1,1,0,1,80,2,2,1,0,0,1,55.0,35.0,deux_roues,voiture,1,1,3,1,3
202400021877,2024-09-06 16:20:00,2024,9,6,16,20,50,50378,Route des 4 Sapins,48.976168,-1.241069,Plein jour,Hors agglomération,Intersection en T,Normale,Deux véhicules - côté,3,2,2,0,1,1,1,0,1,80,2,2,1,0,0,1,55.0,35.0,deux_roues,voiture,1,1,3,1,3
202400021878,2024-12-18 18:25:00,2024,12,18,18,25,29,29019,rue Albert Louppe,48.40481,-4.477475,Nuit avec éclairage allumé,En agglomération,Giratoire,Pluie légère,Deux véhicules - côté,4,2,2,0,2,1,2,5,1,30,2,2,1,0,0,1,34.0,30.0,voiture,deux_roues,5,2,6,2,3
202400021878,2024-12-18 18:25:00,2024,12,18,18,25,29,29019,rue Albert Louppe,48.40481,-4.477475,Nuit avec éclairage allumé,En agglomération,Giratoire,Pluie légère,Deux véhicules - côté,4,2,2,0,1,1,2,5,1,30,2,2,1,0,0,1,34.0,30.0,voiture,deux_roues,5,2,6,2,3
202400021879,2024-01-26 15:30:00,2024,1,26,15,30,70,70329,N19,47.735763,5.801594,Plein jour,Hors agglomération,Hors intersection,Pluie légère,Deux véhicules - frontale,2,2,2,0,2,2,2,0,1,80,2,3,1,0,1,1,31.0,59.0,voiture,voiture,1,1,1,2,1
202400021880,2024-07-30 11:45:00,2024,7,30,11,45,75,75120,BD PERIPHERIQUE EXTERIEUR,48.848263,2.414947,Plein jour,En agglomération,Hors intersection,Normale,Deux véhicules - côté,4,-1,5,0,1,1,1,0,1,70,2,9,6,0,0,3,36.0,31.0,voiture,utilitaire_camion,1,2,1,1,3
202400021881,2024-04-15 19:40:00,2024,4,15,19,40,44,44109,53 Boulevard Jean Moulin,47.20830133,-1.59833506,Plein jour,En agglomération,Hors intersection,Normale,Deux véhicules - frontale,4,3,3,0,1,1,1,6,1,30,2,2,1,0,0,1,50.0,10.0,voiture,deux_roues,1,2,1,1,1
202400021882,2024-09-07 11:35:00,2024,9,7,11,35,50,50274,Route de La Mesleraie,48.516654,-1.070255,Plein jour,Hors agglomération,Intersection en X,Pluie forte,Deux véhicules - côté,3,2,2,0,1,1,2,0,1,-1,2,2,1,0,1,0,64.0,58.0,voiture,utilitaire_camion,1,1,2,3,3
202400021882,2024-09-07 11:35:00,2024,9,7,11,35,50,50274,Route de La Mesleraie,48.516654,-1.070255,Plein jour,Hors agglomération,Intersection en X,Pluie forte,Deux véhicules - côté,3,2,2,0,1,1,2,0,1,80,2,2,1,0,1,0,64.0,58.0,voiture,utilitaire_camion,1,1,2,3,3
202400021883,2024-04-15 19:30:00,2024,4,15,19,30,42,42044,Avenue André Citröen,45.39143712,4.30210322,Plein jour,En agglomération,Hors intersection,Normale,Sans collision,4,2,2,0,1,2,1,0,1,50,1,1,0,0,0,1,16.0,,deux_roues,,1,2,1,1,7
202400021884,2024-07-30 09:18:00,2024,7,30,9,18,75,75112,BD PERIPHERIQUE EXTERIEUR,48.827646,2.393653,Plein jour,En agglomération,Hors intersection,Normale,Trois véhicules et plus - en chaîne,4,1,4,3,1,1,1,0,1,70,3,3,2,0,0,1,41.0,57.0,utilitaire_camion,deux_roues,1,2,1,1,4
202400021885,2024-04-11 13:00:00,2024,4,11,13,0,40,40088,CAMUS (BOULEVARD ALBERT),43.71378937,-1.04929787,Plein jour,En agglomération,Giratoire,Normale,Deux véhicules - côté,4,3,2,0,2,1,1,2,1,50,2,3,0,0,0,3,21.0,36.0,voiture,voiture,1,2,6,1,3
202400021885,2024-04-11 13:00:00,2024,4,11,13,0,40,40088,CAMUS (BOULEVARD ALBERT),43.71378937,-1.04929787,Plein jour,En agglomération,Giratoire,Normale,Deux véhicules - côté,4,1,2,0,2,1,1,2,1,50,2,3,0,0,0,3,21.0,36.0,voiture,voiture,1,2,6,1,3
202400021886,2024-01-28 17:30:00,2024,1,28,17,30,50,50227,Rue Saint Pierre,49.461191,-1.404979,Plein jour,En agglomération,Hors intersection,Normale,Deux véhicules - côté,3,2,2,0,1,1,1,0,1,50,2,3,2,0,1,0,34.0,23.0,voiture,deux_roues,1,2,1,1,3
202400021887,2024-09-06 18:40:00,2024,9,6,18,40,18,18189,6 Les Bardys d’En Bas,47.251938,2.44264,Plein jour,Hors agglomération,Hors intersection,Normale,Sans collision,4,2,2,0,4,3,1,0,3,80,1,1,0,0,0,1,30.0,,deux_roues,,1,1,1,1,7
202400021888,2024-07-30 01:57:00,2024,7,30,1,57,75,75102,RUE MONTMARTRE,48.867785,2.34379,Nuit avec éclairage allumé,En agglomération,Intersection en T,Normale,Sans collision,4,1, -1,-1,1,1,1,0,1,30,1,1,0,0,1,0,25.0,,deux_roues,,5,2,3,1,7
202400021888,2024-07-30 01:57:00,2024,7,30,1,57,75,75102,RUE MONTMARTRE,48.867785,2.34379,Nuit avec éclairage allumé,En agglomération,Intersection en T,Normale,Sans collision,4,1,1,2,1,1,1,0,1,30,1,1,0,0,1,0,25.0,,deux_roues,,5,2,3,1,7
202400021889,2024-04-15 19:00:00,2024,4,15,19,0,35,35206,ROCADE 5-6,48.08141,-1.65959,Plein jour,Hors agglomération,Hors intersection,Normale,Deux véhicules - arrière,2,3,4,0,1,1,1,0,1,90,2,2,0,0,0,2,21.0,61.0,voiture,voiture,1,1,1,1,2
202400021890,2024-01-28 10:50:00,2024,1,28,10,50,60,60068,176 Avenue de la Gare,49.297352,2.799813,Plein jour,En agglomération,Hors intersection,Normale,Autre collision,6,4,1,0,1,1,1,9,8,30,1,2,1,0,0,1,53.0,,voiture,,1,2,1,1,6
202400021891,2024-09-07 11:00:00,2024,9,7,11,0,43,43051,Route de Saint-Agrève,45.05546287,4.31428189,Plein jour,En agglomération,Hors intersection,Normale,Deux véhicules - arrière,3,2,2,0,1,1,1,0,3,50,2,2,1,0,0,1,80.0,58.0,voiture,deux_roues,1,2,1,1,2
202400021892,2024-01-28 15:45:00,2024,1,28,15,45,07,07009,D82,45.244325,4.786351,Plein jour,Hors agglomération,Hors intersection,Normale,Sans collision,3,2,2,0,1,1,1,0,1,90,1,1,0,0,0,1,31.0,,deux_roues,,1,1,1,1,7
202400021893,2024-07-29 11:15:00,2024,7,29,11,15,75,75120,BD PERIPHERIQUE INTERIEUR ,48.865153,2.413215,Plein jour,En agglomération,Hors intersection,Normale,Deux véhicules - côté,4,1,4,3,1,1,1,0,1,70,2,7,6,0,0,1,23.0,23.0,utilitaire_camion,utilitaire_camion,1,2,1,1,3
202400021894,2024-04-15 16:00:00,2024,4,15,16,0,35,35238,JOFFRE ( DU MARECHAL),48.10935,-1.67788,Plein jour,En agglomération,Intersection en X,Normale,Autre collision,4,2,2,0,1,1,1,0,1,30,1,2,1,0,0,1,29.0,,utilitaire_camion,,1,2,2,1,6
202400021894,2024-04-15 16:00:00,2024,4,15,16,0,35,35238,JOFFRE ( DU MARECHAL),48.10935,-1.67788,Plein jour,En agglomération,Intersection en X,Normale,Autre collision,4,1,1,3,1,1,1,0,1,30,1,2,1,0,0,1,29.0,,utilitaire_camion,,1,2,2,1,6
202400021895,2024-01-28 01:15:00,2024,1,28,1,15,85,85182,RD960B,46.7854187,-0.8152319,Nuit sans éclairage public,En agglomération,Hors intersection,Normale,Deux véhicules - arrière,3,2,2,0,2,1,1,0,1,80,2,3,1,0,2,0,26.0,18.0,voiture,deux_roues,3,2,1,1,2
202400021896,2024-07-30 23:40:00,2024,7,30,23,40,75,75119,QUAI DE LA SEINE,48.888191,2.377558,Nuit avec éclairage allumé,En agglomération,Hors intersection,Normale,Deux véhicules - côté,4,1,2,1,1,1,1,0,1,30,2,2,1,0,0,1,34.0,42.0,deux_roues,voiture,5,2,1,1,3
202400021897,2024-08-31 15:40:00,2024,8,31,15,40,43,43244,Avenue de la Gare,45.113818,4.295869,Plein jour,En agglomération,Intersection en T,Normale,Deux véhicules - frontale,3,1,2,0,1,2,1,0,1,50,2,3,1,0,0,2,23.0,31.0,voiture,voiture,1,2,3,1,1
202400021897,2024-08-31 15:40:00,2024,8,31,15,40,43,43244,Avenue de la Gare,45.113818,4.295869,Plein jour,En agglomération,Intersection en T,Normale,Deux véhicules - frontale,3,2, -1,-1,1,1,1,5,1,-1,2,3,1,0,0,2,23.0,31.0,voiture,voiture,1,2,3,1,1
202400021898,2024-04-15 09:10:00,2024,4,15,9,10,35,35051,RN157,48.11515165,-1.56423483,Plein jour,Hors agglomération,Hors intersection,Normale,Deux véhicules - arrière,2,3,4,0,1,1,1,0,1,90,2,2,1,0,0,1,56.0,78.0,voiture,voiture,1,1,1,1,2
202400021899,2024-01-27 14:30:00,2024,1,27,14,30,37,37270,Les Luats,47.40553841,0.85546374,Plein jour,Hors agglomération,Hors intersection,Normale,Deux véhicules - frontale,4,2,2,0,3,1,1,2,1,80,2,2,1,0,1,0,26.0,70.0,voiture,deux_roues,1,1,1,1,1
202400021900,2024-07-30 21:15:00,2024,7,30,21,15,75,75119,PLACE AUGUSTE BARON,48.90044,2.387024,Crépuscule ou aube,En agglomération,Place,Normale,Deux véhicules - côté,4,-1,2,0,1,1,1,0,1,30,2,3,1,0,0,2,20.0,35.0,voiture,deux_roues,2,2,7,1,3
202400021901,2024-04-15 17:00:00,2024,4,15,17,0,33,33063,,44.836071,-0.55039,Plein jour,En agglomération,Intersection en X,Normale,Autre collision,4,2,4,0,1,1,1,5,1,50,1,2,0,0,0,2,36.0,,deux_roues,,1,2,2,1,6
202400021901,2024-04-15 17:00:00,2024,4,15,17,0,33,33063,,44.836071,-0.55039,Plein jour,En agglomération,Intersection en X,Normale,Autre collision,4,2, -1,-1,1,1,1,5,1,50,1,2,0,0,0,2,36.0,,deux_roues,,1,2,2,1,6
202400021902,2024-09-07 11:30:00,2024,9,7,11,30,16,16106,,46.025757,0.656291,Plein jour,Hors agglomération,Hors intersection,Pluie légère,Deux véhicules - côté,3,2,2,0,1,1,2,0,1,90,2,4,2,0,2,0,81.0,76.0,voiture,voiture,1,1,1,2,3
202400021903,2024-01-25 08:30:00,2024,1,25,8,30,30,30114,rd 107,43.827073,4.122255,Crépuscule ou aube,Hors agglomération,Hors intersection,Normale,Deux véhicules - frontale,3,2,2,0,1,1,1,0,1,80,2,3,2,0,0,1,20.0,33.0,voiture,voiture,2,1,1,1,1
202400021904,2024-04-15 14:05:00,2024,4,15,14,5,33,33529,,44.61757,-1.12928,Plein jour,Hors agglomération,Hors intersection,Normale,Deux véhicules - côté,4,2,2,0,1,1,1,0,1,30,2,2,1,0,0,1,40.0,20.0,deux_roues,voiture,1,1,1,1,3
202400021905,2024-09-06 16:10:00,2024,9,6,16,10,07,07110,Route de Lablachère,44.477661,4.229237,Plein jour,En agglomération,Hors intersection,Normale,Autre collision,9,2,2,1,2,1,1,0,5,-1,1,2,1,0,1,0,64.0,,deux_roues,,1,2,1,1,6
202400021906,2024-07-29 17:00:00,2024,7,29,17,0,75,75117,PLACE DE LA PORTE DE CHAMPERRET,48.88583691,2.28891742,Plein jour,En agglomération,Intersection en T,Normale,Deux véhicules - côté,4,1, -1,-1,1,1,1,0,1,30,2,2,1,0,0,1,67.0,34.0,voiture,deux_roues,1,2,3,1,3
202400021906,2024-07-29 17:00:00,2024,7,29,17,0,75,75117,PLACE DE LA PORTE DE CHAMPERRET,48.88583691,2.28891742,Plein jour,En agglomération,Intersection en T,Normale,Deux véhicules - côté,4,-1, -1,0,1,1,1,0,1,30,2,2,1,0,0,1,67.0,34.0,voiture,deux_roues,1,2,3,1,3
202400021907,2024-01-27 15:46:00,2024,1,27,15,46,68,68015,A35,47.793701,7.394485,Plein jour,Hors agglomération,Hors intersection,Normale,Sans collision,1,1,1,0,2,3,1,3,3,50,1,1,0,0,1,0,45.0,,utilitaire_camion,,1,1,1,1,7
202400021908,2024-04-15 12:35:00,2024,4,15,12,35,28,28134,RN 12,48.746651,1.39904,Plein jour,Hors agglomération,Hors intersection,Normale,Deux véhicules - arrière,2,1,2,0,2,3,1,3,8,90,2,4,1,0,0,3,28.0,51.0,voiture,voiture,1,1,1,1,2
202400021909,2024-07-29 17:00:00,2024,7,29,17,0,75,75117,RUE TARBE,48.887123,2.313796,Plein jour,En agglomération,Intersection en Y,Normale,Autre collision,4,1, -1,-1,1,1,1,0,1,30,1,2,1,0,0,1,39.0,,voiture,,1,2,4,1,6
202400021909,2024-07-29 17:00:00,2024,7,29,17,0,75,75117,RUE TARBE,48.887123,2.313796,Plein jour,En agglomération,Intersection en Y,Normale,Autre collision,4,1,1,0,1,1,1,0,1,30,1,2,1,0,0,1,39.0,,voiture,,1,2,4,1,6
202400021910,2024-09-06 11:50:00,2024,9,6,11,50,21,21099,D970,47.049387,4.776746,Plein jour,En agglomération,Hors intersection,Normale,Deux véhicules - frontale,3,2,2,0,2,1,1,0,1,-1,2,2,0,0,2,0,75.0,51.0,voiture,voiture,1,2,1,1,1
202400021911,2024-07-30 14:15:00,2024,7,30,14,15,75,75114,AVENUE RENE COTY,48.830735,2.333879,Plein jour,En agglomération,Intersection en X,Normale,Deux véhicules - côté,4,2,2,0,1,1,1,1,1,30,2,2,1,0,0,1,53.0,31.0,voiture,deux_roues,1,2,2,1,3
202400021911,2024-07-30 14:15:00,2024,7,30,14,15,75,75114,AVENUE RENE COTY,48.830735,2.333879,Plein jour,En agglomération,Intersection en X,Normale,Deux véhicules - côté,4,2, -1,-1,1,1,1,0,1,30,2,2,1,0,0,1,53.0,31.0,voiture,deux_roues,1,2,2,1,3
202400021912,2024-01-27 19:00:00,2024,1,27,19,0,13,13086,A52,43.348003,5.616653,Nuit sans éclairage public,Hors agglomération,Autre intersection,Normale,Deux véhicules - arrière,1,1,4,0,2,1,1,3,1,-1,3,4,0,0,0,4,50.0,23.0,deux_roues,voiture,3,1,9,1,2
202400021913,2024-04-16 01:55:00,2024,4,16,1,55,17,17380,VERDUN (AVENUE DE),45.658596,-1.075871,Nuit sans éclairage public,En agglomération,Hors intersection,Normale,Sans collision,4,2,2,0,1,1,1,0,4,50,1,1,0,0,1,0,51.0,,deux_roues,,3,2,1,1,7
202400021914,2024-09-07 12:00:00,2024,9,7,12,0,04,04144,D23,43.767941,6.327224,Plein jour,Hors agglomération,Hors intersection,Normale,Trois véhicules et plus - collisions multiples,3,2,2,0,1,4,1,0,1,80,3,3,1,0,0,2,31.0,25.0,utilitaire_camion,deux_roues,1,1,1,1,5
202400021915,2024-04-15 09:35:00,2024,4,15,9,35,17,17306,Avenue Maryse Bastié,45.62366,-1.01354,Plein jour,En agglomération,Giratoire,Normale,Deux véhicules - arrière,4,1,2,0,1,2,1,0,1,50,2,2,1,0,0,1,20.0,62.0,deux_roues,voiture,1,2,6,1,2
202400021916,2024-01-27 22:15:00,2024,1,27,22,15,66,66026,,42.5669466,2.89938748,Nuit avec éclairage allumé,En agglomération,Hors intersection,Normale,Autre collision,3,2,2,0,1,1,1,2,1,50,1,1,0,0,1,0,28.0,,voiture,,5,2,1,1,6
202400021917,2024-09-07 12:30:00,2024,9,7,12,30,04,04135,D957,43.80369,6.233765,Plein jour,Hors agglomération,Hors intersection,Normale,Deux véhicules - côté,3,2,2,0,1,2,1,0,1,80,2,3,1,0,1,1,40.0,32.0,voiture,deux_roues,1,1,1,1,3
202400021918,2024-07-30 18:35:00,2024,7,30,18,35,75,75112,AVENUE DAUMESNIL,48.839362,2.430009,Plein jour,En agglomération,Intersection en T,Normale,Trois véhicules et plus - en chaîne,4,2,2,0,1,1,1,0,1,50,3,4,2,0,0,2,58.0,17.0,transport_commun,deux_roues,1,2,3,1,4
202400021918,2024-07-30 18:35:00,2024,7,30,18,35,75,75112,AVENUE DAUMESNIL,48.839362,2.430009,Plein jour,En agglomération,Intersection en T,Normale,Trois véhicules et plus - en chaîne,4,2, -1,-1,1,1,1,0,1,50,3,4,2,0,0,2,58.0,17.0,transport_commun,deux_roues,1,2,3,1,4
202400021919,2024-07-30 13:15:00,2024,7,30,13,15,75,75107,QUAI D ORSAY,48.862452,2.319255,Plein jour,En agglomération,Hors intersection,Normale,Sans collision,4,1,3,1,1,1,1,0,5,30,1,1,0,0,0,1,44.0,,deux_roues,,1,2,1,1,7
202400021920,2024-04-15 07:40:00,2024,4,15,7,40,14,14366,1 Rue du Carmel,49.14339,0.22907,Plein jour,En agglomération,Giratoire,Normale,Deux véhicules - côté,4,1,1,0,3,1,1,5,1,50,2,2,1,0,0,1,23.0,46.0,deux_roues,voiture,1,2,6,1,3
202400021920,2024-04-15 07:40:00,2024,4,15,7,40,14,14366,1 Rue du Carmel,49.14339,0.22907,Plein jour,En agglomération,Giratoire,Normale,Deux véhicules - côté,4,1,1,0,1,1,1,5,1,50,2,2,1,0,0,1,23.0,46.0,deux_roues,voiture,1,2,6,1,3
202400021921,2024-01-28 18:55:00,2024,1,28,18,55,13,13076,D7n,43.811909,4.987525,Nuit sans éclairage public,Hors agglomération,Intersection en T,Normale,Deux véhicules - frontale,3,2,2,0,1,1,1,0,1,-1,2,4,2,0,2,0,78.0,18.0,voiture,deux_roues,3,1,3,1,1
202400021921,2024-01-28 18:55:00,2024,1,28,18,55,13,13076,D7n,43.811909,4.987525,Nuit sans éclairage public,Hors agglomération,Intersection en T,Normale,Deux véhicules - frontale,3,2, -1,-1,1,1,1,0,1,-1,2,4,2,0,2,0,78.0,18.0,voiture,deux_roues,3,1,3,1,1
202400021922,2024-09-06 18:00:00,2024,9,6,18,0,28,28290,Rue de la Mairie,48.412749,1.290945,Plein jour,En agglomération,Intersection en X,Normale,Deux véhicules - frontale,3,2,2,0,1,1,1,0,1,50,2,3,2,0,1,0,65.0,18.0,transport_commun,deux_roues,1,2,2,1,1
202400021922,2024-09-06 18:00:00,2024,9,6,18,0,28,28290,Rue de la Mairie,48.412749,1.290945,Plein jour,En agglomération,Intersection en X,Normale,Deux véhicules - frontale,3,2,2,0,1,1,1,0,1,50,2,3,2,0,1,0,65.0,18.0,transport_commun,deux_roues,1,2,2,1,1
202400021923,2024-07-30 18:45:00,2024,7,30,18,45,94,94033,Rue Emile Zola,48.85670758,2.46890339,Plein jour,En agglomération,Hors intersection,Temps éblouissant,Autre collision,4,2,2,0,2,1,1,0,1,30,1,2,1,0,0,1,57.0,,voiture,,1,2,1,7,6
202400021924,2024-01-28 01:10:00,2024,1,28,1,10,13,13014,Boulevard Henri Wallon,43.494028,5.169325,Nuit avec éclairage allumé,En agglomération,Hors intersection,Normale,Deux véhicules - frontale,3,2,2,0,1,2,1,0,4,50,1,1,0,0,1,0,27.0,,deux_roues,,5,2,1,1,1