accident_id,datetime,annee,mois,jour,heure,minute,departement,commune_insee,adresse,latitude,longitude,luminosite,agglomeration,intersection,meteo,collision,catr,circ,nbv,vosp,prof,plan,surf,infra,situ,vma,nb_vehicules,nb_usagers,nb_indemnes,nb_tues,nb_blesses_hosp,nb_blesses_legers,age_cond_1,age_cond_2,veh_type_cond_1,veh_type_cond_2,lum_code,agg_code,int_code,atm_code,col_code
202400021925,2024-04-15 16:20:00,2024,4,15,16,20,13,13216,LITTORAL (CHEMIN DU),43.34957821,5.34220563,Plein jour,En agglomération,Hors intersection,Normale,Deux véhicules - arrière,3,-1,2,0,1,1,1,0,1,50,2,3,1,0,0,2,46.0,21.0,transport_commun,voiture,1,2,1,1,2
202400021926,2024-07-30 22:00:00,2024,7,30,22,0,94,94077,Avenue le Foll,48.7277,2.43648,Nuit avec éclairage allumé,En agglomération,Hors intersection,Normale,Autre collision,3,1,0,0,1,1,1,0,1,50,1,2,1,0,1,0,36.0,,utilitaire_camion,,5,2,1,1,6
202400021927,2024-01-27 16:30:00,2024,1,27,16,30,13,13031,RD 96,43.378341,5.60527,Plein jour,En agglomération,Hors intersection,Normale,Deux véhicules - frontale,3,2,2,0,1,1,1,0,1,50,2,2,0,0,1,1,24.0,29.0,voiture,deux_roues,1,2,1,1,1
202400021928,2024-08-01 08:05:00,2024,8,1,8,5,08,08090,72 Avenue de Blagny,49.627262,5.174881,Plein jour,En agglomération,Hors intersection,Normale,Autre collision,4,2,2,0,1,1,1,0,1,50,1,2,1,0,1,0,29.0,,voiture,,1,2,1,1,6
202400021929,2024-04-15 21:45:00,2024,4,15,21,45,13,13004,RTE ST MARTIN DE CRAU,43.65066,4.67808,Nuit sans éclairage public,Hors agglomération,Hors intersection,Normale,Trois véhicules et plus - collisions multiples,3,2,2,0,1,1,1,0,1,80,4,5,0,0,2,3,25.0,25.0,utilitaire_camion,utilitaire_camion,3,1,1,1,5
202400021930,2024-07-30 09:00:00,2024,7,30,9,0,93,93078,Boulevard Robert Ballanger / Avenue Emile Dambel,48.95756,2.54534,Plein jour,En agglomération,Intersection en X,Normale,Deux véhicules - côté,3,3,2,3,1,1,1,0,1,50,2,2,1,0,0,1,29.0,18.0,deux_roues,voiture,1,2,2,1,3
202400021930,2024-07-30 09:00:00,2024,7,30,9,0,93,93078,Boulevard Robert Ballanger / Avenue Emile Dambel,48.95756,2.54534,Plein jour,En agglomération,Intersection en X,Normale,Deux véhicules - côté,3,2,2,1,1,1,1,0,1,-1,2,2,1,0,0,1,29.0,18.0,deux_roues,voiture,1,2,2,1,3
202400021931,2024-01-28 00:45:00,2024,1,28,0,45,71,71433,126 Chevagny,46.37429,4.205996,Nuit sans éclairage public,Hors agglomération,Hors intersection,Brouillard / fumée,Autre collision,4,2,2,0,1,1,6,0,1,80,1,3,2,0,1,0,53.0,,voiture,,3,1,1,5,6
202400021932,2024-09-06 17:25:00,2024,9,6,17,25,06,06088,"autoroute a8 pk193.150, sens France-italie",43.719241,7.214788,Nuit avec éclairage allumé,Hors agglomération,Hors intersection,Normale,Deux véhicules - arrière,1,3,6,0,2,3,1,1,1,90,2,2,1,0,0,1,34.0,41.0,deux_roues,voiture,5,1,1,1,2
202400021933,2024-04-14 07:56:00,2024,4,14,7,56,10,10375,,48.28290029,4.17449111,Plein jour,Hors agglomération,Hors intersection,Normale,Deux véhicules - frontale,3,2,2,0,1,1,1,0,1,90,2,2,0,1,1,0,55.0,25.0,voiture,voiture,1,1,1,1,1
202400021934,2024-01-28 07:00:00,2024,1,28,7,0,03,03186,D945,46.327046,2.97501,Nuit avec éclairage non allumé,Hors agglomération,Hors intersection,Brouillard / fumée,Autre collision,3,2,2,0,2,3,2,0,1,80,1,2,1,1,0,0,44.0,,voiture,,4,1,1,5,6
202400021935,2024-07-29 23:50:00,2024,7,29,23,50,93,93072,Avenue de Stalingrad / Rue Pasteur,48.9586,2.39767,Nuit sans éclairage public,En agglomération,Intersection en T,Normale,Trois véhicules et plus - collisions multiples,3,2,2,3,1,1,1,0,1,50,3,3,1,0,1,1,17.0,15.0,deux_roues,deux_roues,3,2,3,1,5
202400021935,2024-07-29 23:50:00,2024,7,29,23,50,93,93072,Avenue de Stalingrad / Rue Pasteur,48.9586,2.39767,Nuit sans éclairage public,En agglomération,Intersection en T,Normale,Trois véhicules et plus - collisions multiples,3,1,1,0,1,1,1,0,1,-1,3,3,1,0,1,1,17.0,15.0,deux_roues,deux_roues,3,2,3,1,5
202400021936,2024-09-05 20:10:00,2024,9,5,20,10,38,38065,A48 PK 60.4,45.437129,5.417461,Crépuscule ou aube,Hors agglomération,Hors intersection,Normale,Deux véhicules - arrière,1,3,2,0,1,1,1,0,1,130,2,2,1,0,0,1,31.0,48.0,voiture,voiture,2,1,1,1,2
202400021937,2024-04-15 19:50:00,2024,4,15,19,50,06,06088,Rue de Roquebillière,43.71215,7.28848,Plein jour,En agglomération,Autre intersection,Normale,Deux véhicules - côté,4,2,2,0,1,1,1,0,1,50,2,2,1,0,0,1,44.0,44.0,deux_roues,voiture,1,2,9,1,3
202400021938,2024-07-30 15:40:00,2024,7,30,15,40,93,93064,Boulevard d'Alsace-lorraine,48.885899,2.476797,Plein jour,En agglomération,Hors intersection,Normale,Autre collision,3,2,4,0,2,1,1,0,1,50,1,2,1,0,0,1,46.0,,voiture,,1,2,1,1,6
202400021939,2024-01-27 18:45:00,2024,1,27,18,45,63,63335,Départementale D 978,45.554787,3.039029,Nuit sans éclairage public,Hors agglomération,Hors intersection,Normale,Trois véhicules et plus - collisions multiples,3,2,3,0,1,2,1,0,1,90,3,6,1,0,4,1,23.0,36.0,voiture,voiture,3,1,1,1,5
202400021940,2024-04-15 15:00:00,2024,4,15,15,0,06,06069,Avenue Pierre Sémard,43.654669,6.92696,Plein jour,En agglomération,Hors intersection,Normale,Autre collision,3,2,2,0,2,1,1,0,1,30,1,2,1,0,0,1,72.0,,voiture,,1,2,1,1,6
202400021941,2024-09-04 17:45:00,2024,9,4,17,45,34,34146,A9 - PK 82+050,43.695649,4.087665,Plein jour,Hors agglomération,Hors intersection,Normale,Deux véhicules - côté,1,3,3,0,1,1,1,0,1,130,2,3,2,0,1,0,47.0,67.0,voiture,voiture,1,1,1,1,3
202400021942,2024-07-30 11:44:00,2024,7,30,11,44,93,93001,Avenue Jean Jaurès / Avenue de la République,48.90338484,2.39162801,Plein jour,En agglomération,Intersection en X,Normale,Autre collision,3,3,2,1,1,1,1,0,5,30,1,2,0,0,0,2,49.0,,deux_roues,,1,2,2,1,6
202400021942,2024-07-30 11:44:00,2024,7,30,11,44,93,93001,Avenue Jean Jaurès / Avenue de la République,48.90338484,2.39162801,Plein jour,En agglomération,Intersection en X,Normale,Autre collision,3,2,2,3,1,1,1,0,5,-1,1,2,0,0,0,2,49.0,,deux_roues,,1,2,2,1,6
202400021943,2024-09-07 03:00:00,2024,9,7,3,0,988,98822,Tiéti (Tribu),-20.91586,165.30285,Nuit sans éclairage public,En agglomération,Hors intersection,Normale,Autre collision,2,2,2,0,1,4,1,0,3,70,1,2,0,0,1,1,24.0,,voiture,,3,2,1,1,6
202400021944,2024-04-14 13:00:00,2024,4,14,13,0,06,06027,60 Avenue de Nice,43.657905,7.160164,Plein jour,En agglomération,Autre intersection,Normale,Autre collision,7,2,2,0,1,1,1,9,8,50,1,2,1,0,0,1,40.0,,deux_roues,,1,2,9,1,6
202400021945,2024-01-27 18:05:00,2024,1,27,18,5,63,63204,D54,45.807941,3.188916,Nuit avec éclairage allumé,En agglomération,Hors intersection,Normale,Deux véhicules - frontale,3,2,2,1,1,1,1,0,1,50,2,4,0,0,0,4,59.0,46.0,voiture,voiture,5,2,1,1,1
202400021946,2024-01-28 09:00:00,2024,1,28,9,0,63,63226,D1-rd-Pt du Maréchal Joffre,45.765708,3.237941,Plein jour,En agglomération,Giratoire,Normale,Sans collision,3,1,1,0,1,2,2,0,1,50,1,1,0,0,0,1,58.0,,deux_roues,,1,2,6,1,7
202400021947,2024-09-07 05:15:00,2024,9,7,5,15,974,97418,route nationale 2,-20.902427,55.544997,Nuit sans éclairage public,Hors agglomération,Hors intersection,Normale,Deux véhicules - arrière,2,3,4,0,1,1,1,0,1,110,2,2,0,0,2,0,34.0,35.0,deux_roues,deux_roues,3,1,1,1,2
202400021948,2024-07-31 16:25:00,2024,7,31,16,25,84,84088,565 Route de la Buissonne,44.008582,5.051573,Plein jour,En agglomération,Intersection en T,Normale,Deux véhicules - côté,4,2,2,2,1,1,1,0,1,30,2,2,1,1,0,0,53.0,27.0,deux_roues,utilitaire_camion,1,2,3,1,3
202400021948,2024-07-31 16:25:00,2024,7,31,16,25,84,84088,565 Route de la Buissonne,44.008582,5.051573,Plein jour,En agglomération,Intersection en T,Normale,Deux véhicules - côté,4,-1, -1,-1,1,1,1,0,1,-1,2,2,1,1,0,0,53.0,27.0,deux_roues,utilitaire_camion,1,2,3,1,3
202400021949,2024-04-12 18:05:00,2024,4,12,18,5,03,03310,Rue du Maréchal Joffre,46.1215,3.42391,Plein jour,En agglomération,Intersection en X,Normale,Autre collision,4,2,2,0,1,1,1,0,1,50,1,2,1,0,1,0,76.0,,voiture,,1,2,2,1,6
202400021949,2024-04-12 18:05:00,2024,4,12,18,5,03,03310,Rue du Maréchal Joffre,46.1215,3.42391,Plein jour,En agglomération,Intersection en X,Normale,Autre collision,4,2,2,0,1,1,1,0,1,50,1,2,1,0,1,0,76.0,,voiture,,1,2,2,1,6
202400021950,2024-09-06 22:15:00,2024,9,6,22,15,971,97115,N2,16.270233,-61.652986,Nuit sans éclairage public,Hors agglomération,Hors intersection,Pluie légère,Deux véhicules - frontale,2,2,2,0,2,1,2,0,1,90,2,3,0,0,0,3,31.0,37.0,voiture,voiture,3,1,1,2,1
202400021951,2024-07-30 18:40:00,2024,7,30,18,40,67,67149,D41,48.7225919,7.41968215,Plein jour,Hors agglomération,Hors intersection,Normale,Deux véhicules - côté,3,2,2,0,1,1,1,0,1,80,2,2,1,0,0,1,81.0,31.0,voiture,deux_roues,1,1,1,1,3
202400021952,2024-01-28 14:15:00,2024,1,28,14,15,73,73249,D1006,45.52449882,5.99400759,Plein jour,Hors agglomération,Intersection en T,Normale,Deux véhicules - côté,3,2,2,2,1,1,1,0,1,80,2,5,1,0,1,3,55.0,39.0,deux_roues,voiture,1,1,3,1,3
202400021952,2024-01-28 14:15:00,2024,1,28,14,15,73,73249,D1006,45.52449882,5.99400759,Plein jour,Hors agglomération,Intersection en T,Normale,Deux véhicules - côté,3,2,2,0,4,1,1,0,1,80,2,5,1,0,1,3,55.0,39.0,deux_roues,voiture,1,1,3,1,3
202400021953,2024-04-15 15:15:00,2024,4,15,15,15,75,75115,BD PERIPHERIQUE INTERIEUR,48.831996,2.281792,Plein jour,En agglomération,Hors intersection,Normale,Deux véhicules - arrière,4,1,3,0,1,1,1,0,1,70,2,2,1,0,0,1,34.0,27.0,voiture,deux_roues,1,2,1,1,2
202400021954,2024-09-06 08:00:00,2024,9,6,8,0,971,97124,route nationale 3,16.013208,-61.710173,Plein jour,En agglomération,Hors intersection,Normale,Sans collision,2,2,2,0,2,2,1,0,1,50,1,1,0,0,1,0,60.0,,deux_roues,,1,2,1,1,7
202400021955,2024-01-28 12:30:00,2024,1,28,12,30,07,07131,420 Impasse de Champ Fraix,44.539384,4.401848,Plein jour,En agglomération,Hors intersection,Normale,Autre collision,4,2,2,0,1,1,1,0,3,50,1,1,0,1,0,0,50.0,,voiture,,1,2,1,1,6
202400021956,2024-07-29 07:56:00,2024,7,29,7,56,22,22093,N12,48.45783868,-2.51960846,Plein jour,Hors agglomération,Hors intersection,Normale,Deux véhicules - côté,2,3,2,0,1,1,1,0,1,110,2,2,0,0,0,2,51.0,28.0,voiture,voiture,1,1,1,1,3
202400021957,2024-04-15 14:55:00,2024,4,15,14,55,75,75105,RUE LINNE,48.845717,2.354667,Plein jour,En agglomération,Intersection en T,Normale,Deux véhicules - arrière,4,-1, -1,-1,1,1,1,0,1,30,2,2,1,0,0,1,27.0,37.0,voiture,deux_roues,1,2,3,1,2
202400021957,2024-04-15 14:55:00,2024,4,15,14,55,75,75105,RUE LINNE,48.845717,2.354667,Plein jour,En agglomération,Intersection en T,Normale,Deux véhicules - arrière,4,-1,2,0,1,1,1,0,1,30,2,2,1,0,0,1,27.0,37.0,voiture,deux_roues,1,2,3,1,2
202400021958,2024-01-28 07:30:00,2024,1,28,7,30,01,01386,D40a,45.885935,5.362448,Plein jour,En agglomération,Hors intersection,Normale,Autre collision,3,2,2,0,1,1,2,0,3,50,1,1,0,1,0,0,30.0,,voiture,,1,2,1,1,6
202400021959,2024-07-31 08:45:00,2024,7,31,8,45,83,83049,2109 route départementale 97,43.257706,6.105062,Plein jour,Hors agglomération,Hors intersection,Normale,Autre collision,3,2,2,0,1,3,1,0,3,90,1,1,0,1,0,0,56.0,,voiture,,1,1,1,1,6
202400021960,2024-01-27 16:00:00,2024,1,27,16,0,16,16019,Chemin des Fregonnieres,45.710453,0.076442,Plein jour,Hors agglomération,Hors intersection,Temps couvert,Sans collision,4,2,2,0,1,1,2,0,1,30,1,1,0,0,1,0,23.0,,deux_roues,,1,1,1,8,7
202400021961,2024-09-07 01:00:00,2024,9,7,1,0,91,91386,boulevard Charles De Gaulle,48.560569,2.426155,Nuit avec éclairage allumé,En agglomération,Hors intersection,Pluie légère,Deux véhicules - frontale,3,2,2,0,1,1,2,0,1,50,3,3,1,0,0,2,34.0,25.0,voiture,voiture,5,2,1,2,1
202400021962,2024-04-15 14:30:00,2024,4,15,14,30,75,75120,RUE DES VIGNOLES,48.854743,2.400873,Plein jour,En agglomération,Intersection en T,Pluie légère,Autre collision,4,1,1,0,1,1,2,0,1,30,1,2,1,0,0,1,50.0,,voiture,,1,2,3,2,6
202400021962,2024-04-15 14:30:00,2024,4,15,14,30,75,75120,RUE DES VIGNOLES,48.854743,2.400873,Plein jour,En agglomération,Intersection en T,Pluie légère,Autre collision,4,1,1,0,1,1,2,0,1,30,1,2,1,0,0,1,50.0,,voiture,,1,2,3,2,6
202400021963,2024-07-30 18:30:00,2024,7,30,18,30,62,62752,D144,50.46925399,1.6633638,Plein jour,En agglomération,Hors intersection,Normale,Deux véhicules - côté,3,2,2,0,1,1,1,0,1,50,2,2,1,0,0,1,24.0,29.0,deux_roues,voiture,1,2,1,1,3
202400021964,2024-01-27 08:40:00,2024,1,27,8,40,86,86054,Lieu Dit Leigne,46.211535,0.321413,Plein jour,Hors agglomération,Hors intersection,Brouillard / fumée,Deux véhicules - frontale,3,2,2,0,1,1,2,0,1,90,2,2,0,1,1,0,63.0,80.0,voiture,voiture,1,1,1,5,1
202400021965,2024-01-27 14:10:00,2024,1,27,14,10,64,64230,74 Avenue des Pyrénées,43.21324064,-0.3845349,Plein jour,En agglomération,Hors intersection,Normale,Sans collision,3,2,2,0,1,2,1,0,3,80,1,1,0,0,0,1,24.0,,deux_roues,,1,2,1,1,7
202400021966,2024-07-30 17:30:00,2024,7,30,17,30,68,68043,1 Route de Guebwiller,47.862564,7.257285,Plein jour,En agglomération,Hors intersection,Normale,Deux véhicules - arrière,3,2,2,0,1,1,1,0,1,-1,2,2,1,0,0,1,55.0,55.0,voiture,voiture,1,2,1,1,2
202400021967,2024-04-15 04:00:00,2024,4,15,4,0,75,75116,AVENUE DE L HIPPODROME,48.858569,2.244864,Nuit sans éclairage public,En agglomération,Intersection en X,Normale,Deux véhicules - frontale,4,2,2,0,1,1,1,0,8,50,2,2,0,0,0,2,27.0,33.0,utilitaire_camion,voiture,3,2,2,1,1
202400021967,2024-04-15 04:00:00,2024,4,15,4,0,75,75116,AVENUE DE L HIPPODROME,48.858569,2.244864,Nuit sans éclairage public,En agglomération,Intersection en X,Normale,Deux véhicules - frontale,4,2,2,0,1,1,1,0,1,50,2,2,0,0,0,2,27.0,33.0,utilitaire_camion,voiture,3,2,2,1,1
202400021968,2024-09-06 08:30:00,2024,9,6,8,30,06,06048,1906 Route Rd 15 la Roseyre,43.78314,7.33626,Plein jour,En agglomération,Hors intersection,Normale,Deux véhicules - arrière,3,2,2,1,1,1,1,0,1,50,2,2,1,0,0,1,63.0,35.0,deux_roues,voiture,1,2,1,1,2
202400021969,2024-07-30 06:07:00,2024,7,30,6,7,83,83089,D3,43.482368,5.831278,Crépuscule ou aube,En agglomération,Hors intersection,Normale,Sans collision,3,2,2,0,1,2,1,0,3,50,1,1,0,1,0,0,78.0,,transport_commun,,2,2,1,1,7
202400021970,2024-07-28 18:25:00,2024,7,28,18,25,51,51210,D251,49.071743,3.973097,Plein jour,Hors agglomération,Hors intersection,Normale,Sans collision,3,2,2,0,2,2,1,0,1,-1,1,1,0,0,0,1,20.0,,deux_roues,,1,1,1,1,7
202400021971,2024-09-07 08:20:00,2024,9,7,8,20,13,13004,Route de la Crau,43.643218,4.726683,Plein jour,En agglomération,Hors intersection,Normale,Deux véhicules - côté,3,2,1,0,1,1,1,0,1,50,2,2,1,0,1,0,63.0,79.0,deux_roues,voiture,1,2,1,1,3
202400021972,2024-04-15 19:50:00,2024,4,15,19,50,75,75114,RUE FRIANT,48.824874,2.323812,Plein jour,En agglomération,Intersection en X,Normale,Sans collision,4,1, -1,-1,1,1,1,0,1,50,2,3,1,0,0,2,66.0,23.0,voiture,deux_roues,1,2,2,1,7
202400021972,2024-04-15 19:50:00,2024,4,15,19,50,75,75114,RUE FRIANT,48.824874,2.323812,Plein jour,En agglomération,Intersection en X,Normale,Sans collision,4,1,1,1,1,1,1,0,1,50,2,3,1,0,0,2,66.0,23.0,voiture,deux_roues,1,2,2,1,7
202400021973,2024-01-28 15:15:00,2024,1,28,15,15,76,76631,D5,49.512911,0.862805,Plein jour,Hors agglomération,Hors intersection,Normale,Deux véhicules - côté,7,2,2,0,2,3,1,0,1,80,2,3,0,0,1,2,79.0,17.0,utilitaire_camion,voiture,1,1,1,1,3
202400021974,2024-09-06 21:00:00,2024,9,6,21,0,52,52276,D417,48.097589,5.23952,Crépuscule ou aube,Hors agglomération,Hors intersection,Normale,Sans collision,3,2,2,0,1,1,1,0,1,90,1,1,0,0,1,0,26.0,,voiture,,2,1,1,1,7
202400021975,2024-07-31 17:40:00,2024,7,31,17,40,56,56174,Breneuh,47.872331,-2.85769,Plein jour,Hors agglomération,Hors intersection,Normale,Deux véhicules - frontale,3,2,2,0,2,2,1,0,1,80,2,2,1,0,1,0,42.0,17.0,voiture,deux_roues,1,1,1,1,1
202400021976,2024-01-28 06:45:00,2024,1,28,6,45,80,80090,autoroute A1 PK 119 SENS PARIS/LILLE,49.872015,2.835846,Crépuscule ou aube,Hors agglomération,Hors intersection,Normale,Autre collision,1,1,3,0,1,1,1,9,3,130,1,1,0,0,0,1,26.0,,voiture,,2,1,1,1,6
202400021977,2024-09-07 17:15:00,2024,9,7,17,15,68,68089,pk 13 D27,47.926868,7.006724,Plein jour,Hors agglomération,Hors intersection,Normale,Sans collision,3,2,2,0,2,3,1,0,8,80,1,1,0,0,1,0,53.0,,deux_roues,,1,1,1,1,7
202400021978,2024-04-15 07:50:00,2024,4,15,7,50,75,75113,BOULEVARD DE L HOPITAL,48.835733,2.358613,Plein jour,En agglomération,Intersection en X,Normale,Deux véhicules - côté,4,2,4,3,2,1,1,8,1,30,2,2,1,0,0,1,52.0,38.0,utilitaire_camion,deux_roues,1,2,2,1,3
202400021978,2024-04-15 07:50:00,2024,4,15,7,50,75,75113,BOULEVARD DE L HOPITAL,48.835733,2.358613,Plein jour,En agglomération,Intersection en X,Normale,Deux véhicules - côté,4,1, -1,-1,1,1,1,0,1,30,2,2,1,0,0,1,52.0,38.0,utilitaire_camion,deux_roues,1,2,2,1,3
202400021979,2024-01-27 00:45:00,2024,1,27,0,45,83,83123,A50,43.14587271,5.78263649,Nuit sans éclairage public,Hors agglomération,Hors intersection,Normale,Autre collision,1,3,3,0,2,1,1,8,1,90,1,2,0,0,1,1,20.0,,utilitaire_camion,,3,1,1,1,6
202400021980,2024-07-30 15:10:00,2024,7,30,15,10,56,56165,Bourgneuf,47.933144,-2.422469,Plein jour,Hors agglomération,Hors intersection,Normale,Deux véhicules - côté,2,3,4,0,1,1,1,0,1,110,2,3,1,0,0,2,79.0,42.0,voiture,voiture,1,1,1,1,3
202400021981,2024-09-07 10:30:00,2024,9,7,10,30,88,88367,38 Faubourg de la Chipotte,48.343832,6.641372,Plein jour,En agglomération,Autre intersection,Normale,Deux véhicules - côté,3,2,2,0,1,1,1,6,1,50,1,2,1,0,1,0,70.0,,voiture,,1,2,9,1,3
202400021982,2024-01-22 21:00:00,2024,1,22,21,0,83,83137,A57,43.12247,5.95713,Nuit avec éclairage allumé,Hors agglomération,Hors intersection,Normale,Deux véhicules - côté,1,3,3,0,4,1,1,0,1,70,2,2,1,0,0,1,36.0,27.0,utilitaire_camion,voiture,5,1,1,1,3
202400021983,2024-04-15 19:40:00,2024,4,15,19,40,75,75110,RUE LA FAYETTE,48.881637,2.365812,Plein jour,En agglomération,Intersection en X,Normale,Autre collision,4,2, -1,-1,1,1,1,0,1,30,1,2,1,0,0,1,40.0,,voiture,,1,2,2,1,6
202400021983,2024-04-15 19:40:00,2024,4,15,19,40,75,75110,RUE LA FAYETTE,48.881637,2.365812,Plein jour,En agglomération,Intersection en X,Normale,Autre collision,4,3,3,3,1,1,1,0,1,30,1,2,1,0,0,1,40.0,,voiture,,1,2,2,1,6
202400021984,2024-07-29 12:15:00,2024,7,29,12,15,56,56062,D158,47.69353,-3.315296,Plein jour,Hors agglomération,Hors intersection,Temps éblouissant,Deux véhicules - arrière,3,2,2,0,1,1,1,0,1,70,2,2,1,0,1,0,84.0,22.0,deux_roues,deux_roues,1,1,1,7,2
202400021985,2024-09-06 17:00:00,2024,9,6,17,0,88,88078,49 Avenue du Cameroun,48.209407,6.721519,Plein jour,En agglomération,Hors intersection,Normale,Deux véhicules - frontale,3,2,2,0,1,1,1,0,1,50,1,4,3,0,1,0,31.0,,voiture,,1,2,1,1,1
202400021986,2024-01-26 15:10:00,2024,1,26,15,10,95,95018,A15,48.96295185,2.26532238,Plein jour,Hors agglomération,Hors intersection,Normale,Deux véhicules - arrière,1,3,5,0,1,1,1,0,1,110,2,3,1,0,0,2,41.0,42.0,utilitaire_camion,utilitaire_camion,1,1,1,1,2
202400021987,2024-09-06 09:05:00,2024,9,6,9,5,73,73023,D83,45.23835036,6.76950288,Plein jour,Hors agglomération,Hors intersection,Normale,Deux véhicules - frontale,3,2,2,0,2,4,1,0,1,80,2,2,1,0,1,0,58.0,70.0,utilitaire_camion,deux_roues,1,1,1,1,1
202400021988,2024-07-30 13:50:00,2024,7,30,13,50,56,56026,Route de Melrand,47.964734,-3.167861,Plein jour,En agglomération,Intersection en T,Normale,Deux véhicules - côté,3,2,2,0,2,1,1,0,1,50,2,2,1,0,0,1,65.0,57.0,deux_roues,voiture,1,2,3,1,3
202400021988,2024-07-30 13:50:00,2024,7,30,13,50,56,56026,Route de Melrand,47.964734,-3.167861,Plein jour,En agglomération,Intersection en T,Normale,Deux véhicules - côté,3,2,2,-1,1,1,1,0,1,50,2,2,1,0,0,1,65.0,57.0,deux_roues,voiture,1,2,3,1,3
202400021989,2024-04-02 06:10:00,2024,4,2,6,10,987,98736,CHARLES DE GAULLE (AV),-17.540819,-149.568724,Plein jour,En agglomération,Giratoire,Pluie légère,Sans collision,2,3,2,0,1,3,2,0,1,30,1,2,1,0,1,0,28.0,,deux_roues,,1,2,6,2,7
202400021990,2024-04-15 19:20:00,2024,4,15,19,20,75,75110,BOULEVARD DE LA CHAPELLE,48.884221,2.364592,Plein jour,En agglomération,Intersection en X,Normale,Deux véhicules - côté,4,1,0,1,2,1,1,0,5,30,2,2,1,0,0,1,27.0,29.0,deux_roues,voiture,1,2,2,1,3
202400021990,2024-04-15 19:20:00,2024,4,15,19,20,75,75110,BOULEVARD DE LA CHAPELLE,48.884221,2.364592,Plein jour,En agglomération,Intersection en X,Normale,Deux véhicules - côté,4,1, -1,-1,1,1,1,0,5,30,2,2,1,0,0,1,27.0,29.0,deux_roues,voiture,1,2,2,1,3
202400021991,2024-09-07 11:50:00,2024,9,7,11,50,42,42285,Route de Montbrison,45.566678,4.134377,Plein jour,Hors agglomération,Hors intersection,Normale,Deux véhicules - arrière,3,2,2,0,2,1,1,0,1,70,2,2,1,0,0,1,26.0,33.0,voiture,utilitaire_camion,1,1,1,1,2
202400021992,2024-01-26 08:15:00,2024,1,26,8,15,974,97411,MACE (ROUTE GABRIEL),-20.91801,55.49432,Plein jour,En agglomération,Hors intersection,Pluie légère,Deux véhicules - arrière,3,-1,2,0,2,1,2,0,1,30,2,2,0,0,0,2,22.0,48.0,voiture,voiture,1,2,1,2,2
202400021993,2024-09-06 20:40:00,2024,9,6,20,40,69,69216,Route Départementale 24,45.78907688,4.50932922,Nuit sans éclairage public,Hors agglomération,Hors intersection,Normale,Deux véhicules - frontale,3,2,2,0,1,1,1,0,1,80,2,2,1,0,1,0,48.0,26.0,voiture,deux_roues,3,1,1,1,1
202400021994,2024-04-15 17:05:00,2024,4,15,17,5,75,75110,PLACE DE LA BATAILLE DE STALINGRAD,48.882714,2.369833,Plein jour,En agglomération,Intersection en X,Pluie légère,Deux véhicules - côté,4,4,3,1,1,1,2,0,1,30,2,2,1,0,0,1,59.0,43.0,deux_roues,voiture,1,2,2,2,3
202400021994,2024-04-15 17:05:00,2024,4,15,17,5,75,75110,PLACE DE LA BATAILLE DE STALINGRAD,48.882714,2.369833,Plein jour,En agglomération,Intersection en X,Pluie légère,Deux véhicules - côté,4,4,2,0,1,1,2,0,1,30,2,2,1,0,0,1,59.0,43.0,deux_roues,voiture,1,2,2,2,3
202400021995,2024-07-31 09:15:00,2024,7,31,9,15,76,76629,Route du Bois Lambert,49.758608,0.961023,Plein jour,Hors agglomération,Hors intersection,Normale,Sans collision,4,2,2,0,2,1,6,0,1,80,1,1,0,0,1,0,69.0,,deux_roues,,1,1,1,1,7
202400021996,2024-01-25 08:15:00,2024,1,25,8,15,974,97411,PARIS (RUE DE),-20.88303,55.45012,Plein jour,En agglomération,Intersection en X,Normale,Deux véhicules - côté,4,1,2,0,1,1,1,5,1,50,2,2,1,0,0,1,58.0,29.0,transport_commun,voiture,1,2,2,1,3
202400021996,2024-01-25 08:15:00,2024,1,25,8,15,974,97411,PARIS (RUE DE),-20.88303,55.45012,Plein jour,En agglomération,Intersection en X,Normale,Deux véhicules - côté,4,2,3,0,1,1,1,5,1,50,2,2,1,0,0,1,58.0,29.0,transport_commun,voiture,1,2,2,1,3
202400021997,2024-07-31 10:15:00,2024,7,31,10,15,32,32076,La Bourdette,43.595535,0.722948,Plein jour,Hors agglomération,Hors intersection,Normale,Sans collision,3,2,2,0,2,1,1,0,1,90,1,1,0,0,1,0,82.0,,deux_roues,,1,1,1,1,7
202400021998,2024-04-15 05:00:00,2024,4,15,5,0,75,75107,BOULEVARD SAINT GERMAIN,48.858586,2.323174,Nuit avec éclairage allumé,En agglomération,Intersection en X,Normale,Autre collision,4,3,4,0,1,1,1,0,1,30,1,1,0,0,0,1,22.0,,deux_roues,,5,2,2,1,6
202400021998,2024-04-15 05:00:00,2024,4,15,5,0,75,75107,BOULEVARD SAINT GERMAIN,48.858586,2.323174,Nuit avec éclairage allumé,En agglomération,Intersection en X,Normale,Autre collision,4,1, -1,-1,1,1,1,0,1,30,1,1,0,0,0,1,22.0,,deux_roues,,5,2,2,1,6
202400021999,2024-09-06 16:40:00,2024,9,6,16,40,46,46102,Rue du Stade,44.611471,2.03025,Plein jour,En agglomération,Hors intersection,Normale,Autre collision,4,1,1,0,2,3,1,0,1,20,1,4,0,0,2,2,66.0,,voiture,,1,2,1,1,6