accident_id,datetime,annee,mois,jour,heure,minute,departement,commune_insee,adresse,latitude,longitude,luminosite,agglomeration,intersection,meteo,collision,catr,circ,nbv,vosp,prof,plan,surf,infra,situ,vma,nb_vehicules,nb_usagers,nb_indemnes,nb_tues,nb_blesses_hosp,nb_blesses_legers,age_cond_1,age_cond_2,veh_type_cond_1,veh_type_cond_2,lum_code,agg_code,int_code,atm_code,col_code
202400022000,2024-07-31 02:30:00,2024,7,31,2,30,71,71263,Rue de Vincelles,46.648516,5.229127,Nuit sans éclairage public,Hors agglomération,Hors intersection,Normale,Autre collision,3,2,2,0,1,1,1,0,3,80,1,2,0,0,2,0,18.0,,voiture,,3,1,1,1,6
202400022001,2024-04-14 21:03:00,2024,4,14,21,3,75,75107,PONT DE LA CONCORDE,48.863412,2.319623,Nuit avec éclairage allumé,En agglomération,Hors intersection,Normale,Autre collision,4,2,6,1,1,1,1,2,5,30,1,2,0,0,0,2,55.0,,deux_roues,,5,2,1,1,6
202400022002,2024-01-26 18:25:00,2024,1,26,18,25,973,97302,MANGO (ROUTE),4.93189027,-52.31772467,Plein jour,En agglomération,Intersection en T,Normale,Deux véhicules - côté,4,2,2,0,1,1,1,0,1,30,2,3,2,0,0,1,52.0,37.0,deux_roues,voiture,1,2,3,1,3
202400022002,2024-01-26 18:25:00,2024,1,26,18,25,973,97302,MANGO (ROUTE),4.93189027,-52.31772467,Plein jour,En agglomération,Intersection en T,Normale,Deux véhicules - côté,4,2,2,0,1,1,1,0,6,30,2,3,2,0,0,1,52.0,37.0,deux_roues,voiture,1,2,3,1,3
202400022003,2024-09-06 17:55:00,2024,9,6,17,55,87,87005,le couderchou - rd 979,45.798042,1.389728,Plein jour,Hors agglomération,Hors intersection,Temps couvert,Deux véhicules - arrière,3,2,2,0,1,1,1,0,1,70,2,2,1,1,0,0,43.0,63.0,utilitaire_camion,deux_roues,1,1,1,8,2
202400022004,2024-07-31 05:55:00,2024,7,31,5,55,71,71310,Route nationale 70 - Pr 046+725,46.73870856,4.48300154,Crépuscule ou aube,Hors agglomération,Hors intersection,Normale,Sans collision,2,3,4,0,1,2,1,3,1,110,1,1,0,0,1,0,20.0,,voiture,,2,1,1,1,7
202400022005,2024-09-07 01:30:00,2024,9,7,1,30,79,79049,,46.843489,-0.490176,Nuit sans éclairage public,En agglomération,Hors intersection,Normale,Autre collision,4,2,2,0,2,1,1,0,4,50,1,1,0,0,0,1,25.0,,deux_roues,,3,2,1,1,6
202400022006,2024-04-14 02:50:00,2024,4,14,2,50,75,75102,BOULEVARD DE SEBASTOPOL,48.866234,2.352535,Nuit avec éclairage allumé,En agglomération,Intersection en X,Normale,Deux véhicules - côté,4,4,3,1,1,1,1,5,1,30,2,2,1,0,1,0,26.0,47.0,deux_roues,voiture,5,2,2,1,3
202400022006,2024-04-14 02:50:00,2024,4,14,2,50,75,75102,BOULEVARD DE SEBASTOPOL,48.866234,2.352535,Nuit avec éclairage allumé,En agglomération,Intersection en X,Normale,Deux véhicules - côté,4,1,3,3,1,1,1,5,1,30,2,2,1,0,1,0,26.0,47.0,deux_roues,voiture,5,2,2,1,3
202400022007,2024-01-26 12:20:00,2024,1,26,12,20,973,97302,GIPPET (DOCTEUR),4.94116524,-52.32213289,Plein jour,En agglomération,Intersection en T,Normale,Deux véhicules - côté,4,2,2,0,1,1,1,0,3,50,2,2,1,0,0,1,16.0,47.0,deux_roues,voiture,1,2,3,1,3
202400022007,2024-01-26 12:20:00,2024,1,26,12,20,973,97302,GIPPET (DOCTEUR),4.94116524,-52.32213289,Plein jour,En agglomération,Intersection en T,Normale,Deux véhicules - côté,4,2,2,0,1,1,1,0,1,50,2,2,1,0,0,1,16.0,47.0,deux_roues,voiture,1,2,3,1,3
202400022008,2024-07-31 17:30:00,2024,7,31,17,30,63,63381,RD941 / Les Fontêtes,45.82131369,2.92020575,Plein jour,Hors agglomération,Intersection en T,Normale,Deux véhicules - arrière,3,2,2,0,1,1,1,0,1,90,2,2,1,0,1,0,63.0,29.0,voiture,deux_roues,1,1,3,1,2
202400022008,2024-07-31 17:30:00,2024,7,31,17,30,63,63381,RD941 / Les Fontêtes,45.82131369,2.92020575,Plein jour,Hors agglomération,Intersection en T,Normale,Deux véhicules - arrière,3,2,2,-1,1,1,1,0,1,80,2,2,1,0,1,0,63.0,29.0,voiture,deux_roues,1,1,3,1,2
202400022009,2024-09-07 02:40:00,2024,9,7,2,40,64,64304,1179 Route de Mouguerre,43.473218,-1.395492,Nuit sans éclairage public,Hors agglomération,Giratoire,Pluie légère,Sans collision,3,-1,2,0,1,2,2,0,1,80,1,1,0,0,1,0,19.0,,deux_roues,,3,1,6,2,7
202400022010,2024-01-26 11:35:00,2024,1,26,11,35,973,97302,KET TAI (CARREFOUR),4.93266523,-52.3264432,Plein jour,En agglomération,Giratoire,Normale,Deux véhicules - côté,3,2,2,0,1,1,1,8,1,50,2,2,1,0,0,1,56.0,56.0,deux_roues,utilitaire_camion,1,2,6,1,3
202400022011,2024-04-13 16:30:00,2024,4,13,16,30,75,75104,AVENUE VICTORIA,48.857268,2.349218,Plein jour,En agglomération,Intersection en X,Normale,Deux véhicules - côté,4,1,2,0,1,1,1,0,1,30,2,2,1,0,0,1,40.0,23.0,deux_roues,deux_roues,1,2,2,1,3
202400022011,2024-04-13 16:30:00,2024,4,13,16,30,75,75104,AVENUE VICTORIA,48.857268,2.349218,Plein jour,En agglomération,Intersection en X,Normale,Deux véhicules - côté,4,1,2,0,1,1,1,0,1,30,2,2,1,0,0,1,40.0,23.0,deux_roues,deux_roues,1,2,2,1,3
202400022012,2024-07-30 13:50:00,2024,7,30,13,50,42,42023,Route de Saint Julien,45.313186,4.597026,Plein jour,Hors agglomération,Hors intersection,Normale,Sans collision,3,2,2,0,1,1,1,0,1,80,1,2,1,0,1,0,46.0,,utilitaire_camion,,1,1,1,1,7
202400022013,2024-09-06 21:45:00,2024,9,6,21,45,49,49299,D752,47.101209,-0.91903,Nuit sans éclairage public,Hors agglomération,Hors intersection,Pluie légère,Sans collision,3,3,0,0,1,2,2,0,3,110,1,1,0,0,1,0,22.0,,deux_roues,,3,1,1,2,7
202400022014,2024-01-26 15:05:00,2024,1,26,15,5,973,97309,SUZINI (CARREFOUR),4.92707,-52.28978,Plein jour,En agglomération,Giratoire,Normale,Deux véhicules - côté,3,2,2,0,1,3,1,0,1,50,2,2,1,0,0,1,28.0,24.0,deux_roues,voiture,1,2,6,1,3
202400022015,2024-07-30 13:30:00,2024,7,30,13,30,47,47222,D11,44.28767,0.133982,Plein jour,Hors agglomération,Hors intersection,Normale,Deux véhicules - frontale,3,2,2,0,2,2,1,0,1,80,2,2,0,0,1,1,29.0,30.0,voiture,voiture,1,1,1,1,1
202400022016,2024-04-14 19:00:00,2024,4,14,19,0,94,94068,Boulevard du Général Ferrié,48.80506841,2.46906334,Plein jour,En agglomération,Hors intersection,Normale,Deux véhicules - arrière,4,1,1,2,1,1,1,0,5,30,2,2,1,0,0,1,27.0,58.0,deux_roues,deux_roues,1,2,1,1,2
202400022017,2024-01-25 06:50:00,2024,1,25,6,50,973,97302,ROUTE NATIONALE 1,4.8972,-52.32829,Plein jour,En agglomération,Hors intersection,Pluie légère,Autre collision,2,3,4,1,1,1,2,0,1,90,1,2,1,0,0,1,23.0,,voiture,,1,2,1,2,6
202400022018,2024-09-06 14:30:00,2024,9,6,14,30,27,27016,Rue de la Gabelle,49.241446,1.401645,Plein jour,En agglomération,Intersection en X,Temps éblouissant,Deux véhicules - côté,3,2,2,0,1,2,1,0,1,50,2,2,1,0,0,1,28.0,94.0,deux_roues,voiture,1,2,2,7,3
202400022018,2024-09-06 14:30:00,2024,9,6,14,30,27,27016,Rue de la Gabelle,49.241446,1.401645,Plein jour,En agglomération,Intersection en X,Temps éblouissant,Deux véhicules - côté,3,1, -1,-1,2,2,1,0,1,50,2,2,1,0,0,1,28.0,94.0,deux_roues,voiture,1,2,2,7,3
202400022019,2024-07-31 08:10:00,2024,7,31,8,10,47,47066,RD245,44.25796534,0.48413662,Plein jour,Hors agglomération,Hors intersection,Normale,Autre collision,3,2,2,0,3,2,1,0,3,80,1,2,0,1,0,1,21.0,,voiture,,1,1,1,1,6
202400022020,2024-04-15 08:15:00,2024,4,15,8,15,93,93072,Avenue Aristide Briand / Rue Gambetta,48.96306,2.37749,Plein jour,En agglomération,Giratoire,Normale,Autre collision,3,2,2,0,1,1,1,5,1,50,1,2,1,0,0,1,40.0,,voiture,,1,2,6,1,6
202400022020,2024-04-15 08:15:00,2024,4,15,8,15,93,93072,Avenue Aristide Briand / Rue Gambetta,48.96306,2.37749,Plein jour,En agglomération,Giratoire,Normale,Autre collision,3,1,1,0,1,1,1,0,1,-1,1,2,1,0,0,1,40.0,,voiture,,1,2,6,1,6
202400022021,2024-07-31 08:40:00,2024,7,31,8,40,34,34008,Route de Gatinie,43.581153,3.073608,Plein jour,Hors agglomération,Hors intersection,Normale,Sans collision,3,2,2,0,1,2,1,0,3,50,1,4,0,2,1,1,20.0,,voiture,,1,1,1,1,7
202400022022,2024-01-26 20:30:00,2024,1,26,20,30,69,69387,Rue d'Aguesseau,45.75453,4.83994,Nuit avec éclairage allumé,En agglomération,Intersection en X,Pluie légère,Deux véhicules - côté,4,1,1,2,1,1,2,0,1,30,2,2,1,0,0,1,23.0,41.0,deux_roues,voiture,5,2,2,2,3
202400022022,2024-01-26 20:30:00,2024,1,26,20,30,69,69387,Rue d'Aguesseau,45.75453,4.83994,Nuit avec éclairage allumé,En agglomération,Intersection en X,Pluie légère,Deux véhicules - côté,4,1,1,2,1,1,2,0,1,30,2,2,1,0,0,1,23.0,41.0,deux_roues,voiture,5,2,2,2,3
202400022023,2024-04-15 16:00:00,2024,4,15,16,0,93,93066,Boulevard Anatole France / Rue Pleyel,48.920068,2.34383404,Plein jour,En agglomération,Place,Pluie forte,Autre collision,3,2,2,1,1,1,2,0,1,50,1,2,1,0,0,1,48.0,,deux_roues,,1,2,7,3,6
202400022023,2024-04-15 16:00:00,2024,4,15,16,0,93,93066,Boulevard Anatole France / Rue Pleyel,48.920068,2.34383404,Plein jour,En agglomération,Place,Pluie forte,Autre collision,3,2,2,0,1,1,2,0,1,-1,1,2,1,0,0,1,48.0,,deux_roues,,1,2,7,3,6
202400022024,2024-09-07 15:10:00,2024,9,7,15,10,76,76261,D21,49.567971,1.544952,Plein jour,Hors agglomération,Hors intersection,Normale,Trois véhicules et plus - collisions multiples,3,2,2,0,1,1,1,0,1,80,3,4,3,0,1,0,37.0,68.0,deux_roues,voiture,1,1,1,1,5
202400022025,2024-09-07 16:18:00,2024,9,7,16,18,60,60666,Rue Gérard de Nerval,49.111365,2.639503,Plein jour,En agglomération,Hors intersection,Pluie légère,Sans collision,4,2,2,0,1,1,2,0,1,50,1,1,0,0,0,1,41.0,,deux_roues,,1,2,1,2,7
202400022026,2024-01-26 08:34:00,2024,1,26,8,34,972,97209,A.JOVIGNAC (RUE),14.61147,-61.07917,Plein jour,Hors agglomération,Hors intersection,Pluie légère,Deux véhicules - arrière,3,1,3,0,2,3,2,2,1,50,2,2,1,0,0,1,31.0,37.0,voiture,utilitaire_camion,1,1,1,2,2
202400022027,2024-04-15 08:45:00,2024,4,15,8,45,93,93051,Rue de l’Universite,48.83677,2.55891,Plein jour,En agglomération,Hors intersection,Normale,Deux véhicules - arrière,4,2,2,0,1,1,1,8,1,50,2,2,1,0,0,1,56.0,85.0,utilitaire_camion,voiture,1,2,1,1,2
202400022028,2024-07-30 19:00:00,2024,7,30,19,0,22,22046,La Croix Duret,48.29969675,-2.52702355,Plein jour,Hors agglomération,Hors intersection,Normale,Trois véhicules et plus - collisions multiples,3,2,2,0,1,1,1,0,1,80,3,4,2,0,1,1,59.0,50.0,voiture,voiture,1,1,1,1,5
202400022029,2024-09-06 18:52:00,2024,9,6,18,52,60,60628,N31,49.426056,2.135113,Plein jour,Hors agglomération,Hors intersection,Normale,Deux véhicules - arrière,2,3,0,0,1,1,1,0,1,70,2,2,1,0,0,1,28.0,25.0,voiture,voiture,1,1,1,1,2
202400022030,2024-07-30 15:08:00,2024,7,30,15,8,39,39283,,46.336753,5.687657,Plein jour,Hors agglomération,Hors intersection,Normale,Sans collision,3,2,3,0,1,1,1,0,3,-1,1,1,0,0,1,0,66.0,,voiture,,1,1,1,1,7
202400022031,2024-04-15 13:16:00,2024,4,15,13,16,92,92062,GENERAL DE GAULLE (AVENUE DU),48.88652,2.23057,Plein jour,En agglomération,Hors intersection,Normale,Deux véhicules - côté,3,3,4,2,1,1,1,0,5,50,2,2,1,0,0,1,80.0,51.0,voiture,deux_roues,1,2,1,1,3
202400022032,2024-01-26 08:30:00,2024,1,26,8,30,972,97209,RD 41 (ROCADE),14.61624,-61.06073,Plein jour,Hors agglomération,Hors intersection,Normale,Deux véhicules - arrière,1,1, -1,0,1,1,1,9,1,90,2,2,1,0,0,1,31.0,23.0,voiture,utilitaire_camion,1,1,1,1,2
202400022033,2024-07-30 22:20:00,2024,7,30,22,20,44,44083,3 L'Egonnière,46.970858,-1.673615,Nuit sans éclairage public,Hors agglomération,Hors intersection,Normale,Deux véhicules - arrière,3,2,2,0,1,1,2,0,1,80,2,2,1,1,0,0,60.0,23.0,utilitaire_camion,utilitaire_camion,3,1,1,1,2
202400022034,2024-04-16 01:00:00,2024,4,16,1,0,95,95205,BOUQUEVAL (ROUTE DE),49.02310031,2.39103913,Nuit sans éclairage public,Hors agglomération,Hors intersection,Normale,Deux véhicules - frontale,4,2,2,0,3,1,1,0,1,50,2,3,0,0,0,3,28.0,30.0,voiture,utilitaire_camion,3,1,1,1,1
202400022035,2024-01-23 08:10:00,2024,1,23,8,10,971,97120,DUBOUCHAGE,16.2347,-61.53291,Plein jour,En agglomération,Hors intersection,Normale,Autre collision,3,1,0,0,1,1,1,9,1,50,1,2,1,0,0,1,50.0,,voiture,,1,2,1,1,6
202400022036,2024-09-07 17:15:00,2024,9,7,17,15,02,02381,D3050,49.908594,4.100733,Plein jour,Hors agglomération,Hors intersection,Normale,Deux véhicules - frontale,3,2,2,0,1,1,1,0,1,80,2,5,0,1,0,4,46.0,55.0,voiture,voiture,1,1,1,1,1
202400022037,2024-01-24 16:00:00,2024,1,24,16,0,971,97113,SECTION PLIANE,16.21788,-61.45571,Plein jour,En agglomération,Hors intersection,Normale,Sans collision,4,2,2,0,2,1,1,0,3,50,1,1,0,0,0,1,69.0,,voiture,,1,2,1,1,7
202400022038,2024-04-16 08:55:00,2024,4,16,8,55,66,66164,A9,42.78180834,2.89684474,Plein jour,Hors agglomération,Autre intersection,Normale,Deux véhicules - côté,1,1,5,0,1,1,1,7,1,-1,2,2,1,0,1,0,23.0,58.0,utilitaire_camion,deux_roues,1,1,9,1,3
202400022039,2024-07-30 21:45:00,2024,7,30,21,45,38,38269,Chemin de Pré Neuf,44.933126,5.78588,Nuit avec éclairage allumé,Hors agglomération,Intersection en T,Normale,Deux véhicules - frontale,3,2,2,0,1,1,1,0,1,80,2,2,1,0,1,0,57.0,21.0,deux_roues,voiture,5,1,3,1,1
202400022039,2024-07-30 21:45:00,2024,7,30,21,45,38,38269,Chemin de Pré Neuf,44.933126,5.78588,Nuit avec éclairage allumé,Hors agglomération,Intersection en T,Normale,Deux véhicules - frontale,3,2,2,0,1,1,1,0,1,50,2,2,1,0,1,0,57.0,21.0,deux_roues,voiture,5,1,3,1,1
202400022040,2024-09-04 16:45:00,2024,9,4,16,45,13,13212,A507 sens Aubagne- Marseille,43.29490378,5.42459882,Plein jour,Hors agglomération,Hors intersection,Pluie légère,Deux véhicules - côté,1,1,3,0,1,1,2,1,1,70,2,2,1,0,0,1,46.0,29.0,voiture,deux_roues,1,1,1,2,3
202400022041,2024-04-14 14:30:00,2024,4,14,14,30,51,51425,D980,49.13211,3.681536,Plein jour,Hors agglomération,Hors intersection,Normale,Sans collision,3,2,2,0,1,3,1,0,1,90,1,1,0,0,1,0,31.0,,deux_roues,,1,1,1,1,7
202400022042,2024-07-31 12:37:00,2024,7,31,12,37,02,02184,25 Avenue Frédéric Viefville,49.752687,3.569736,Plein jour,En agglomération,Hors intersection,Normale,Autre collision,3,2,2,0,1,1,1,0,4,50,1,3,1,0,1,1,50.0,,voiture,,1,2,1,1,6
202400022043,2024-01-26 16:25:00,2024,1,26,16,25,95,95563,VERDUN (RUE DE),49.010603,2.238407,Plein jour,En agglomération,Intersection en T,Normale,Deux véhicules - frontale,4,2,2,1,1,1,1,0,1,50,2,2,1,0,0,1,37.0,12.0,voiture,deux_roues,1,2,3,1,1
202400022043,2024-01-26 16:25:00,2024,1,26,16,25,95,95563,VERDUN (RUE DE),49.010603,2.238407,Plein jour,En agglomération,Intersection en T,Normale,Deux véhicules - frontale,4,2, -1,1,1,1,1,0,1,50,2,2,1,0,0,1,37.0,12.0,voiture,deux_roues,1,2,3,1,1
202400022044,2024-07-30 12:25:00,2024,7,30,12,25,84,84017,D974,44.120281,5.24859,Plein jour,Hors agglomération,Hors intersection,Normale,Sans collision,3,2,2,0,2,4,1,0,1,80,1,1,0,0,1,0,65.0,,deux_roues,,1,1,1,1,7
202400022045,2024-01-26 08:30:00,2024,1,26,8,30,91,91122,HACQUINIERE (RUE DE LA),48.69433,2.15292,Plein jour,En agglomération,Intersection en X,Pluie légère,Autre collision,4,2,2,0,2,1,2,0,1,30,1,2,1,0,0,1,33.0,,voiture,,1,2,2,2,6
202400022045,2024-01-26 08:30:00,2024,1,26,8,30,91,91122,HACQUINIERE (RUE DE LA),48.69433,2.15292,Plein jour,En agglomération,Intersection en X,Pluie légère,Autre collision,4,2,2,0,3,1,2,0,1,30,1,2,1,0,0,1,33.0,,voiture,,1,2,2,2,6
202400022046,2024-09-05 08:30:00,2024,9,5,8,30,69,69199,Route Départementale 383,45.70732537,4.84363094,Plein jour,En agglomération,Hors intersection,Pluie forte,Trois véhicules et plus - collisions multiples,7,3,6,0,1,1,2,0,1,70,3,4,0,0,1,3,38.0,25.0,utilitaire_camion,voiture,1,2,1,3,5
202400022047,2024-04-14 16:55:00,2024,4,14,16,55,35,35193,D82,48.245568,-1.718459,Plein jour,Hors agglomération,Hors intersection,Normale,Autre collision,3,2,3,0,2,1,1,0,1,80,1,1,0,0,1,0,21.0,,deux_roues,,1,1,1,1,6
202400022048,2024-01-26 15:40:00,2024,1,26,15,40,91,91027,PLANTES (RUE DES),48.70512,2.378513,Plein jour,En agglomération,Intersection en T,Normale,Deux véhicules - côté,4,2,0,0,1,1,1,0,1,50,2,2,1,0,0,1,22.0,48.0,utilitaire_camion,deux_roues,1,2,3,1,3
202400022048,2024-01-26 15:40:00,2024,1,26,15,40,91,91027,PLANTES (RUE DES),48.70512,2.378513,Plein jour,En agglomération,Intersection en T,Normale,Deux véhicules - côté,4,2,1,0,1,1,1,0,1,50,2,2,1,0,0,1,22.0,48.0,utilitaire_camion,deux_roues,1,2,3,1,3
202400022049,2024-07-31 10:00:00,2024,7,31,10,0,15,15189,RD 7,44.949743,2.201579,Plein jour,Hors agglomération,Intersection en T,Temps éblouissant,Deux véhicules - côté,3,2,2,0,3,2,1,0,1,90,2,3,1,0,2,0,40.0,59.0,voiture,deux_roues,1,1,3,7,3
202400022049,2024-07-31 10:00:00,2024,7,31,10,0,15,15189,RD 7,44.949743,2.201579,Plein jour,Hors agglomération,Intersection en T,Temps éblouissant,Deux véhicules - côté,3,2,2,0,2,1,1,9,1,90,2,3,1,0,2,0,40.0,59.0,voiture,deux_roues,1,1,3,7,3
202400022050,2024-09-06 11:50:00,2024,9,6,11,50,33,33003,,44.934235,-0.46775,Plein jour,Hors agglomération,Hors intersection,Pluie légère,Deux véhicules - arrière,1,3,6,0,1,1,2,0,1,130,2,3,1,0,0,2,36.0,64.0,voiture,voiture,1,1,1,2,2
202400022051,2024-04-12 17:20:00,2024,4,12,17,20,79,79127,,46.185543,-0.513546,Plein jour,Hors agglomération,Intersection en X,Normale,Deux véhicules - côté,3,2,2,0,1,1,1,5,5,80,2,4,1,0,1,2,55.0,22.0,voiture,voiture,1,1,2,1,3
202400022051,2024-04-12 17:20:00,2024,4,12,17,20,79,79127,,46.185543,-0.513546,Plein jour,Hors agglomération,Intersection en X,Normale,Deux véhicules - côté,3,2,2,0,1,1,1,5,1,80,2,4,1,0,1,2,55.0,22.0,voiture,voiture,1,1,2,1,3
202400022052,2024-01-26 08:30:00,2024,1,26,8,30,91,91174,CRETE (BOULEVARD),48.61376,2.48021,Plein jour,En agglomération,Intersection en T,Pluie légère,Autre collision,4,-1,2,0,1,1,2,9,8,50,1,2,1,0,0,1,24.0,,voiture,,1,2,3,2,6
202400022052,2024-01-26 08:30:00,2024,1,26,8,30,91,91174,CRETE (BOULEVARD),48.61376,2.48021,Plein jour,En agglomération,Intersection en T,Pluie légère,Autre collision,4,2, -1,0,1,1,2,9,8,50,1,2,1,0,0,1,24.0,,voiture,,1,2,3,2,6
202400022053,2024-07-30 06:32:00,2024,7,30,6,32,26,26108,D888,44.726476,5.020677,Crépuscule ou aube,En agglomération,Giratoire,Normale,Deux véhicules - côté,4,1,2,0,1,1,1,0,1,50,2,2,1,0,1,0,37.0,74.0,deux_roues,voiture,2,2,6,1,3
202400022054,2024-09-05 07:59:00,2024,9,5,7,59,59,59566,AUTOROUTE A25,50.61626,2.98484,Plein jour,Hors agglomération,Hors intersection,Normale,Autre collision,1,-1,3,0,1,1,1,0,1,70,2,2,1,0,1,0,26.0,22.0,voiture,deux_roues,1,1,1,1,6
202400022055,2024-04-15 18:00:00,2024,4,15,18,0,2B,2B342,lieu dit Travu T10,41.917599,9.38962,Plein jour,En agglomération,Hors intersection,Normale,Deux véhicules - côté,2,2,2,0,1,1,1,0,1,70,2,3,1,0,1,1,49.0,54.0,deux_roues,voiture,1,2,1,1,3
202400022056,2024-01-25 17:37:00,2024,1,25,17,37,87,87085,MARCLAND (RUE DU DOCTEUR RAYMOND),45.81455,1.24199,Plein jour,En agglomération,Hors intersection,Normale,Deux véhicules - côté,4,2,2,0,1,1,1,0,1,50,2,2,1,0,1,0,60.0,20.0,voiture,deux_roues,1,2,1,1,3
202400022057,2024-04-16 18:30:00,2024,4,16,18,30,71,71332,Impasse des Crots,46.65176404,4.97196056,Plein jour,Hors agglomération,Hors intersection,Normale,Sans collision,4,2,2,0,1,1,1,0,1,50,1,1,0,0,0,1,55.0,,deux_roues,,1,1,1,1,7
202400022058,2024-09-06 03:27:00,2024,9,6,3,27,91,91161,AUTOROUTE A6,48.69653,2.31651,Nuit sans éclairage public,Hors agglomération,Hors intersection,Normale,Deux véhicules - arrière,1,3,3,0,1,1,1,0,1,110,2,2,1,0,0,1,28.0,24.0,voiture,voiture,3,1,1,1,2
202400022059,2024-07-31 14:10:00,2024,7,31,14,10,05,05164,N94,44.52672789,6.41811433,Plein jour,Hors agglomération,Hors intersection,Normale,Deux véhicules - côté,2,2,2,0,2,2,1,0,1,80,2,5,0,0,0,5,49.0,53.0,voiture,voiture,1,1,1,1,3
202400022060,2024-01-21 15:15:00,2024,1,21,15,15,87,87085,AUTOROUTE A20,45.90806,1.29164,Plein jour,Hors agglomération,Hors intersection,Pluie légère,Deux véhicules - arrière,1,3,2,0,1,1,2,0,1,110,2,4,1,0,0,3,47.0,44.0,voiture,voiture,1,1,1,2,2
202400022061,2024-09-06 14:10:00,2024,9,6,14,10,92,92025,A86,48.93326783,2.25212387,Plein jour,Hors agglomération,Hors intersection,Normale,Autre collision,1,1,2,0,1,1,1,0,1,90,2,2,1,0,0,1,47.0,33.0,utilitaire_camion,deux_roues,1,1,1,1,6
202400022062,2024-01-25 08:45:00,2024,1,25,8,45,86,86157,N147,46.553442,0.399236,Crépuscule ou aube,En agglomération,Giratoire,Normale,Deux véhicules - côté,2,-1,2,0,1,1,1,0,1,50,2,2,1,0,0,1,20.0,44.0,deux_roues,voiture,2,2,6,1,3
202400022063,2024-04-12 17:30:00,2024,4,12,17,30,55,55527,11 rue saint jean,49.228806,5.033495,Plein jour,En agglomération,Hors intersection,Normale,Autre collision,4,2,2,0,1,1,1,0,1,50,1,3,0,0,1,2,85.0,,voiture,,1,2,1,1,6
202400022064,2024-07-31 08:45:00,2024,7,31,8,45,50,50227,rue saint pierre,49.46097,-1.40507,Plein jour,En agglomération,Intersection en X,Normale,Deux véhicules - côté,3,2,2,0,4,1,1,0,1,50,2,2,1,0,1,0,75.0,35.0,voiture,deux_roues,1,2,2,1,3
202400022064,2024-07-31 08:45:00,2024,7,31,8,45,50,50227,rue saint pierre,49.46097,-1.40507,Plein jour,En agglomération,Intersection en X,Normale,Deux véhicules - côté,3,-1,2,0,1,1,1,0,8,-1,2,2,1,0,1,0,75.0,35.0,voiture,deux_roues,1,2,2,1,3
202400022065,2024-09-06 14:30:00,2024,9,6,14,30,93,93064,AUTOROUTE A103,48.88634048,2.48395621,Plein jour,Hors agglomération,Hors intersection,Normale,Deux véhicules - côté,1,3,2,0,1,1,1,0,1,90,2,3,1,0,0,2,19.0,25.0,voiture,deux_roues,1,1,1,1,3
202400022066,2024-07-30 22:15:00,2024,7,30,22,15,50,50239,D900,49.118153,-1.150861,Nuit sans éclairage public,Hors agglomération,Hors intersection,Normale,Sans collision,3,2,2,0,2,2,1,0,1,80,1,1,0,0,1,0,30.0,,deux_roues,,3,1,1,1,7
202400022067,2024-04-15 17:20:00,2024,4,15,17,20,49,49214,D103,47.543562,-0.621135,Plein jour,En agglomération,Hors intersection,Normale,Sans collision,3,2,2,0,1,1,1,0,3,50,1,1,0,0,1,0,55.0,,deux_roues,,1,2,1,1,7
202400022068,2024-09-05 08:00:00,2024,9,5,8,0,93,93001,AUTOROUTE A86,48.9215593,2.37673223,Plein jour,Hors agglomération,Hors intersection,Pluie forte,Autre collision,1,3,8,0,2,2,2,0,1,90,1,1,0,0,1,0,67.0,,utilitaire_camion,,1,1,1,3,6
202400022069,2024-01-26 10:39:00,2024,1,26,10,39,86,86066,Boulevard de Blossac,46.81533278,0.54485967,Plein jour,En agglomération,Giratoire,Normale,Deux véhicules - côté,3,1,1,1,1,2,1,5,5,30,2,2,1,0,0,1,,37.0,voiture,deux_roues,1,2,6,1,3
202400022069,2024-01-26 10:39:00,2024,1,26,10,39,86,86066,Boulevard de Blossac,46.81533278,0.54485967,Plein jour,En agglomération,Giratoire,Normale,Deux véhicules - côté,3,2,2,0,1,1,1,0,1,50,2,2,1,0,0,1,,37.0,voiture,deux_roues,1,2,6,1,3
202400022070,2024-07-30 16:30:00,2024,7,30,16,30,90,90088,28 Rue des Ecoles,47.730155,6.852148,Plein jour,En agglomération,Hors intersection,Normale,Sans collision,3,2,2,0,1,1,1,0,1,50,1,1,0,0,0,1,52.0,,deux_roues,,1,2,1,1,7
202400022071,2024-04-16 08:10:00,2024,4,16,8,10,25,25160,2 Route de la Grotte,47.033013,6.517645,Plein jour,Hors agglomération,Hors intersection,Temps couvert,Autre collision,3,2,2,0,1,2,2,0,3,50,1,1,0,0,1,0,20.0,,voiture,,1,1,1,8,6
202400022072,2024-09-05 07:07:00,2024,9,5,7,7,95,95572,N184,49.03385084,2.11134575,Crépuscule ou aube,Hors agglomération,Hors intersection,Pluie forte,Autre collision,2,2,3,0,1,1,3,0,1,90,1,1,0,0,0,1,26.0,,voiture,,2,1,1,3,6
202400022073,2024-01-25 18:52:00,2024,1,25,18,52,85,85194,RD949,46.513813,-1.7817243,Nuit avec éclairage allumé,En agglomération,Giratoire,Normale,Deux véhicules - côté,3,2,0,0,1,1,1,0,1,50,2,3,2,0,0,1,21.0,23.0,deux_roues,voiture,5,2,6,1,3
202400022073,2024-01-25 18:52:00,2024,1,25,18,52,85,85194,RD949,46.513813,-1.7817243,Nuit avec éclairage allumé,En agglomération,Giratoire,Normale,Deux véhicules - côté,3,3,0,0,1,1,1,5,1,50,2,3,2,0,0,1,21.0,23.0,deux_roues,voiture,5,2,6,1,3