accident_id,datetime,annee,mois,jour,heure,minute,departement,commune_insee,adresse,latitude,longitude,luminosite,agglomeration,intersection,meteo,collision,catr,circ,nbv,vosp,prof,plan,surf,infra,situ,vma,nb_vehicules,nb_usagers,nb_indemnes,nb_tues,nb_blesses_hosp,nb_blesses_legers,age_cond_1,age_cond_2,veh_type_cond_1,veh_type_cond_2,lum_code,agg_code,int_code,atm_code,col_code
202400022074,2024-07-30 11:35:00,2024,7,30,11,35,64,64160,20 Allée Edmond Rostand,43.361105,-1.401036,Plein jour,En agglomération,Intersection en T,Normale,Deux véhicules - côté,3,2,2,0,1,1,1,0,1,50,2,2,1,0,0,1,61.0,20.0,voiture,deux_roues,1,2,3,1,3
202400022074,2024-07-30 11:35:00,2024,7,30,11,35,64,64160,20 Allée Edmond Rostand,43.361105,-1.401036,Plein jour,En agglomération,Intersection en T,Normale,Deux véhicules - côté,3,-1, -1,-1,1,1,1,0,1,-1,2,2,1,0,0,1,61.0,20.0,voiture,deux_roues,1,2,3,1,3
202400022075,2024-04-15 19:45:00,2024,4,15,19,45,25,25578,Rue Adelphe Daudey,47.145532,6.342534,Plein jour,En agglomération,Autre intersection,Normale,Deux véhicules - frontale,4,2,2,0,2,3,1,0,1,50,2,2,1,0,0,1,33.0,19.0,voiture,voiture,1,2,9,1,1
202400022076,2024-09-04 08:45:00,2024,9,4,8,45,95,95212,N104,49.0289826,2.53020029,Plein jour,Hors agglomération,Hors intersection,Normale,Deux véhicules - côté,2,3,0,0,1,1,1,0,1,90,2,2,1,0,0,1,23.0,20.0,voiture,voiture,1,1,1,1,3
202400022077,2024-01-25 19:00:00,2024,1,25,19,0,84,84007,République (rue de la ),43.947821,4.805841,Nuit avec éclairage allumé,En agglomération,Hors intersection,Normale,Autre collision,4,1,2,3,1,1,1,0,4,20,1,2,0,1,1,0,23.0,,deux_roues,,5,2,1,1,6
202400022078,2024-04-16 16:45:00,2024,4,16,16,45,25,25195,Rue de la Gare,47.204748,5.877031,Plein jour,En agglomération,Intersection en T,Pluie légère,Deux véhicules - frontale,4,2,2,0,1,1,2,0,1,50,2,2,1,0,1,0,17.0,25.0,deux_roues,voiture,1,2,3,2,1
202400022078,2024-04-16 16:45:00,2024,4,16,16,45,25,25195,Rue de la Gare,47.204748,5.877031,Plein jour,En agglomération,Intersection en T,Pluie légère,Deux véhicules - frontale,4,2, -1,0,1,1,2,0,1,50,2,2,1,0,1,0,17.0,25.0,deux_roues,voiture,1,2,3,2,1
202400022079,2024-07-30 20:00:00,2024,7,30,20,0,40,40091,Route du Lac,43.70456874,-0.31942248,Plein jour,Hors agglomération,Intersection en T,Normale,Deux véhicules - frontale,4,2,2,0,1,3,1,0,1,70,2,3,1,0,0,2,21.0,31.0,voiture,voiture,1,1,3,1,1
202400022079,2024-07-30 20:00:00,2024,7,30,20,0,40,40091,Route du Lac,43.70456874,-0.31942248,Plein jour,Hors agglomération,Intersection en T,Normale,Deux véhicules - frontale,4,2, -1,-1,1,1,1,0,1,70,2,3,1,0,0,2,21.0,31.0,voiture,voiture,1,1,3,1,1
202400022080,2024-09-04 09:20:00,2024,9,4,9,20,93,93005,AUTOROUTE A3,48.96489011,2.47555973,Plein jour,Hors agglomération,Hors intersection,Normale,Deux véhicules - arrière,1,3,4,0,1,3,1,0,1,90,2,2,1,0,0,1,43.0,33.0,voiture,voiture,1,1,1,1,2
202400022081,2024-01-26 15:45:00,2024,1,26,15,45,83,83034,RUE DES 3 PINS,43.1009,6.05959,Plein jour,Hors agglomération,Hors intersection,Normale,Autre collision,3,2,3,0,1,1,1,0,1,70,1,2,0,0,0,2,15.0,,deux_roues,,1,1,1,1,6
202400022082,2024-03-30 03:30:00,2024,3,30,3,30,44,44018,53 Rue de Nantes,47.143748,-1.678966,Nuit avec éclairage allumé,En agglomération,Giratoire,Pluie légère,Autre collision,7,2,2,0,1,3,2,5,4,30,1,2,1,0,1,0,27.0,,voiture,,5,2,6,2,6
202400022083,2024-07-29 18:32:00,2024,7,29,18,32,17,17091,les vrillandes neuv - D9,46.279921,-1.07323,Plein jour,Hors agglomération,Autre intersection,Normale,Deux véhicules - côté,3,2,2,0,1,1,1,0,1,80,2,2,1,0,0,1,23.0,45.0,deux_roues,voiture,1,1,9,1,3
202400022084,2024-09-06 08:15:00,2024,9,6,8,15,77,77169,A4.Y,48.833506,2.592134,Plein jour,Hors agglomération,Hors intersection,Normale,Deux véhicules - arrière,1,3,3,0,1,1,1,0,1,90,2,2,1,0,0,1,26.0,23.0,deux_roues,voiture,1,1,1,1,2
202400022085,2024-01-26 14:00:00,2024,1,26,14,0,82,82121,285 avenue de paris,44.032292,1.373867,Plein jour,En agglomération,Hors intersection,Temps couvert,Deux véhicules - côté,4,2,3,0,1,1,2,0,1,50,2,2,1,0,1,0,44.0,19.0,utilitaire_camion,deux_roues,1,2,1,8,3
202400022086,2024-04-15 19:16:00,2024,4,15,19,16,01,01374,Chemin du Pavillon,46.118555,5.301129,Plein jour,Hors agglomération,Hors intersection,Normale,Deux véhicules - frontale,4,2,2,0,1,1,1,0,1,80,2,2,1,0,0,1,33.0,67.0,voiture,voiture,1,1,1,1,1
202400022087,2024-07-30 15:50:00,2024,7,30,15,50,23,23089,le Château Pointu,46.37289678,1.9916296,Plein jour,Hors agglomération,Hors intersection,Normale,Sans collision,3,2,2,0,1,1,1,0,3,90,1,3,1,0,0,2,58.0,,voiture,,1,1,1,1,7
202400022088,2024-04-16 11:30:00,2024,4,16,11,30,01,01204,867 Route de Geneve,46.164013,5.694462,Plein jour,Hors agglomération,Hors intersection,Pluie légère,Deux véhicules - frontale,3,2,2,0,1,1,2,0,5,80,2,2,1,0,0,1,28.0,31.0,voiture,utilitaire_camion,1,1,1,2,1
202400022089,2024-01-25 10:40:00,2024,1,25,10,40,81,81021,25 Boulevard du Languedoc,43.50697,2.36925,Plein jour,En agglomération,Intersection en T,Normale,Deux véhicules - côté,4,2, -1,-1,1,1,1,0,1,50,2,2,1,0,0,1,75.0,79.0,voiture,deux_roues,1,2,3,1,3
202400022089,2024-01-25 10:40:00,2024,1,25,10,40,81,81021,25 Boulevard du Languedoc,43.50697,2.36925,Plein jour,En agglomération,Intersection en T,Normale,Deux véhicules - côté,4,2,2,2,1,1,1,-1,5,50,2,2,1,0,0,1,75.0,79.0,voiture,deux_roues,1,2,3,1,3
202400022090,2024-04-12 18:45:00,2024,4,12,18,45,14,14456,Route des Pédouze,49.12218681,-0.13161688,Plein jour,Hors agglomération,Intersection en X,Normale,Deux véhicules - frontale,3,2,0,0,1,1,1,0,1,80,2,5,2,0,0,3,29.0,29.0,voiture,utilitaire_camion,1,1,2,1,1
202400022090,2024-04-12 18:45:00,2024,4,12,18,45,14,14456,Route des Pédouze,49.12218681,-0.13161688,Plein jour,Hors agglomération,Intersection en X,Normale,Deux véhicules - frontale,3,2,0,0,1,1,1,0,1,90,2,5,2,0,0,3,29.0,29.0,voiture,utilitaire_camion,1,1,2,1,1
202400022091,2024-04-14 12:40:00,2024,4,14,12,40,53,53190,Les Hautes Frogeries,48.38997283,-0.39273052,Plein jour,Hors agglomération,Hors intersection,Normale,Sans collision,2,2,2,0,1,1,1,0,3,80,1,2,1,0,1,0,23.0,,voiture,,1,1,1,1,7
202400022092,2024-04-16 13:15:00,2024,4,16,13,15,27,27258,rd 27,49.319242,0.378433,Plein jour,Hors agglomération,Hors intersection,Normale,Sans collision,3,2,1,0,1,2,1,9,1,80,1,1,0,0,1,0,58.0,,utilitaire_camion,,1,1,1,1,7
202400022093,2024-01-22 16:55:00,2024,1,22,16,55,81,81065,ALBERT 1° (AV),43.5988659,2.2314357,Plein jour,En agglomération,Hors intersection,Normale,Autre collision,4,2,2,0,1,1,1,0,1,50,1,2,1,0,0,1,66.0,,voiture,,1,2,1,1,6
202400022094,2024-04-16 07:31:00,2024,4,16,7,31,27,27032,"rue du vivier // rue de la Haie d'Aumet - hameau ""la Sôgne"" - THOMER LA SOGNE",48.909248,1.144708,Plein jour,Hors agglomération,Intersection en X,Normale,Autre collision,4,2,2,0,1,2,2,0,3,80,1,3,0,3,0,0,19.0,,voiture,,1,1,2,1,6
202400022094,2024-04-16 07:31:00,2024,4,16,7,31,27,27032,"rue du vivier // rue de la Haie d'Aumet - hameau ""la Sôgne"" - THOMER LA SOGNE",48.909248,1.144708,Plein jour,Hors agglomération,Intersection en X,Normale,Autre collision,4,2,2,0,1,3,2,0,3,80,1,3,0,3,0,0,19.0,,voiture,,1,1,2,1,6
202400022095,2024-07-26 08:45:00,2024,7,26,8,45,37,37109,RD 367,47.41277697,0.62084591,Plein jour,Hors agglomération,Intersection en T,Normale,Deux véhicules - frontale,3,2,3,0,1,1,1,5,1,70,2,2,0,0,1,1,23.0,30.0,voiture,voiture,1,1,3,1,1
202400022095,2024-07-26 08:45:00,2024,7,26,8,45,37,37109,RD 367,47.41277697,0.62084591,Plein jour,Hors agglomération,Intersection en T,Normale,Deux véhicules - frontale,3,2,2,0,1,1,1,5,1,50,2,2,0,0,1,1,23.0,30.0,voiture,voiture,1,1,3,1,1
202400022096,2024-04-15 21:00:00,2024,4,15,21,0,23,23015,Les Genets,46.360753,1.491051,Nuit sans éclairage public,Hors agglomération,Hors intersection,Pluie forte,Autre collision,3,2,2,0,1,2,2,0,1,90,1,2,1,0,1,0,47.0,,voiture,,3,1,1,3,6
202400022097,2024-01-26 21:10:00,2024,1,26,21,10,78,78498,QUARANTE SOUS ROUTE DE,48.91474,2.01979,Nuit avec éclairage allumé,En agglomération,Hors intersection,Normale,Deux véhicules - arrière,3,1,1,0,1,1,1,0,1,50,2,2,1,0,0,1,38.0,44.0,voiture,voiture,5,2,1,1,2
202400022098,2024-03-05 08:30:00,2024,3,5,8,30,13,13077,LIBERTE (quai de la),43.4067,4.98794,Plein jour,En agglomération,Giratoire,Normale,Deux véhicules - côté,4,2,2,0,1,1,1,0,1,50,2,2,1,0,0,1,75.0,85.0,voiture,deux_roues,1,2,6,1,3
202400022098,2024-03-05 08:30:00,2024,3,5,8,30,13,13077,LIBERTE (quai de la),43.4067,4.98794,Plein jour,En agglomération,Giratoire,Normale,Deux véhicules - côté,4,-1,2,0,1,1,1,0,1,50,2,2,1,0,0,1,75.0,85.0,voiture,deux_roues,1,2,6,1,3
202400022098,2024-03-05 08:30:00,2024,3,5,8,30,13,13077,LIBERTE (quai de la),43.4067,4.98794,Plein jour,En agglomération,Giratoire,Normale,Deux véhicules - côté,4,2,2,0,1,1,1,0,1,30,2,2,1,0,0,1,75.0,85.0,voiture,deux_roues,1,2,6,1,3
202400022099,2024-07-30 16:35:00,2024,7,30,16,35,88,88158,Rue du Plateau,48.090994,6.60127,Plein jour,En agglomération,Intersection en T,Normale,Sans collision,4,2,2,0,1,1,1,0,4,50,1,1,0,1,0,0,71.0,,voiture,,1,2,3,1,7
202400022099,2024-07-30 16:35:00,2024,7,30,16,35,88,88158,Rue du Plateau,48.090994,6.60127,Plein jour,En agglomération,Intersection en T,Normale,Sans collision,4,2, -1,-1,1,1,1,0,4,-1,1,1,0,1,0,0,71.0,,voiture,,1,2,3,1,7
202400022100,2024-04-15 17:35:00,2024,4,15,17,35,37,37050,21 Avenue de la République,47.347006,0.70697,Plein jour,En agglomération,Intersection en X,Temps couvert,Autre collision,4,2,2,0,1,3,1,5,8,50,1,3,1,0,0,2,75.0,,voiture,,1,2,2,8,6
202400022100,2024-04-15 17:35:00,2024,4,15,17,35,37,37050,21 Avenue de la République,47.347006,0.70697,Plein jour,En agglomération,Intersection en X,Temps couvert,Autre collision,4,2,2,3,1,1,1,5,1,50,1,3,1,0,0,2,75.0,,voiture,,1,2,2,8,6
202400022101,2024-09-05 10:45:00,2024,9,5,10,45,974,97416,OLIVINES (RUE DES),-21.32262,55.47389,Plein jour,Hors agglomération,Hors intersection,Normale,Deux véhicules - arrière,4,-1,1,0,1,3,1,9,1,50,2,2,1,0,0,1,25.0,21.0,voiture,voiture,1,1,1,1,2
202400022102,2024-01-26 14:00:00,2024,1,26,14,0,77,77083,COPERNIC (BOULEVARD),48.84186,2.58616,Plein jour,En agglomération,Hors intersection,Normale,Autre collision,4,2,2,0,1,1,1,0,1,30,1,2,1,0,0,1,19.0,,voiture,,1,2,1,1,6
202400022103,2024-07-17 17:05:00,2024,7,17,17,5,10,10045,Beurey,48.1762,4.4438,Plein jour,Hors agglomération,Hors intersection,Normale,Deux véhicules - arrière,1,1,2,0,1,1,1,0,1,130,2,2,1,0,0,1,61.0,25.0,voiture,utilitaire_camion,1,1,1,1,2
202400022104,2024-04-16 09:55:00,2024,4,16,9,55,38,38530,D1006,45.611351,5.206618,Plein jour,Hors agglomération,Hors intersection,Normale,Trois véhicules et plus - collisions multiples,3,2,3,0,1,1,1,0,1,70,3,3,1,0,2,0,58.0,56.0,voiture,voiture,1,1,1,1,5
202400022105,2024-09-05 06:45:00,2024,9,5,6,45,974,97416,RN3 (2),-21.33251,55.46326,Plein jour,Hors agglomération,Hors intersection,Normale,Deux véhicules - arrière,2,1,2,0,2,1,1,0,1,110,2,2,1,0,0,1,33.0,57.0,voiture,voiture,1,1,1,1,2
202400022106,2024-01-25 19:30:00,2024,1,25,19,30,77,77394,MEAUX   (ROUTE DE ),48.56793,2.69468,Nuit sans éclairage public,Hors agglomération,Hors intersection,Normale,Sans collision,3,2,2,0,1,1,2,0,1,90,1,1,0,0,1,0,25.0,,deux_roues,,3,1,1,1,7
202400022107,2024-04-15 19:45:00,2024,4,15,19,45,01,01301,154 Route de Bourg-en-bresse,46.249025,5.128469,Crépuscule ou aube,En agglomération,Hors intersection,Normale,Autre collision,3,2,2,0,1,1,1,0,4,50,1,2,1,0,0,1,54.0,,transport_commun,,2,2,1,1,6
202400022108,2024-07-31 14:15:00,2024,7,31,14,15,13,13044,D16,43.596966,5.045123,Plein jour,Hors agglomération,Hors intersection,Normale,Deux véhicules - frontale,3,2,2,0,2,3,1,0,1,80,2,2,0,0,0,2,70.0,50.0,voiture,voiture,1,1,1,1,1
202400022109,2024-09-04 16:10:00,2024,9,4,16,10,974,97416,BOIS NOIRS (ALLEE DES) (1),-21.28271,55.46347,Plein jour,En agglomération,Hors intersection,Normale,Deux véhicules - côté,3,2,2,0,1,1,1,0,1,50,2,2,1,0,0,1,23.0,15.0,voiture,deux_roues,1,2,1,1,3
202400022110,2024-07-29 19:00:00,2024,7,29,19,0,33,33284,,44.623451,-0.963565,Plein jour,Hors agglomération,Hors intersection,Normale,Autre collision,1,1,4,0,1,1,1,3,3,130,1,2,0,0,1,1,20.0,,voiture,,1,1,1,1,6
202400022111,2024-01-26 15:30:00,2024,1,26,15,30,77,77276,RD 360,48.91708,2.87994,Plein jour,Hors agglomération,Giratoire,Normale,Deux véhicules - côté,1,1,2,0,1,1,1,9,1,80,2,3,0,0,0,3,70.0,24.0,voiture,voiture,1,1,6,1,3
202400022111,2024-01-26 15:30:00,2024,1,26,15,30,77,77276,RD 360,48.91708,2.87994,Plein jour,Hors agglomération,Giratoire,Normale,Deux véhicules - côté,1,1,2,0,1,2,1,9,1,50,2,3,0,0,0,3,70.0,24.0,voiture,voiture,1,1,6,1,3
202400022112,2024-04-16 01:00:00,2024,4,16,1,0,988,98827,Col de Poya,-21.36169,165.18216,Nuit sans éclairage public,Hors agglomération,Hors intersection,Normale,Autre collision,2,2,2,0,1,1,1,0,1,110,1,3,1,0,2,0,59.0,,voiture,,3,1,1,1,6
202400022113,2024-01-26 15:35:00,2024,1,26,15,35,76,76705,Boulevard Gabriel Péri,49.31961,1.07396,Plein jour,Hors agglomération,Giratoire,Normale,Autre collision,7,2,2,0,1,1,1,0,1,80,1,1,0,0,0,1,58.0,,deux_roues,,1,1,6,1,6
202400022113,2024-01-26 15:35:00,2024,1,26,15,35,76,76705,Boulevard Gabriel Péri,49.31961,1.07396,Plein jour,Hors agglomération,Giratoire,Normale,Autre collision,7,1,2,0,1,1,1,0,1,80,1,1,0,0,0,1,58.0,,deux_roues,,1,1,6,1,6
202400022114,2024-07-30 18:45:00,2024,7,30,18,45,11,11076,378 Avenue Arnaut Vidal,43.312568,1.947488,Plein jour,En agglomération,Hors intersection,Temps couvert,Deux véhicules - frontale,3,2,2,0,2,3,1,0,1,50,2,2,1,0,1,0,39.0,39.0,voiture,deux_roues,1,2,1,8,1
202400022115,2024-09-03 14:35:00,2024,9,3,14,35,974,97411,OLIVIER (RUE JULES),-20.88163,55.45506,Plein jour,En agglomération,Intersection en X,Normale,Deux véhicules - côté,4,1,2,0,2,1,1,0,1,50,2,3,2,0,0,1,53.0,27.0,voiture,utilitaire_camion,1,2,2,1,3
202400022115,2024-09-03 14:35:00,2024,9,3,14,35,974,97411,OLIVIER (RUE JULES),-20.88163,55.45506,Plein jour,En agglomération,Intersection en X,Normale,Deux véhicules - côté,4,1,1,0,1,1,1,0,1,50,2,3,2,0,0,1,53.0,27.0,voiture,utilitaire_camion,1,2,2,1,3
202400022116,2024-04-16 12:45:00,2024,4,16,12,45,45,45324,D951 PR 63 + 54,47.796123,2.197679,Plein jour,En agglomération,Hors intersection,Normale,Autre collision,3,4,2,0,1,1,1,9,3,50,1,1,0,0,1,0,15.0,,deux_roues,,1,2,1,1,6
202400022117,2024-01-26 07:30:00,2024,1,26,7,30,76,76575,Rue Georges Guynemer,49.39842,1.07455,Nuit avec éclairage allumé,En agglomération,Intersection en X,Pluie légère,Autre collision,4,2,2,0,1,1,2,9,1,50,1,2,1,0,0,1,,,voiture,,5,2,2,2,6
202400022117,2024-01-26 07:30:00,2024,1,26,7,30,76,76575,Rue Georges Guynemer,49.39842,1.07455,Nuit avec éclairage allumé,En agglomération,Intersection en X,Pluie légère,Autre collision,4,2,2,3,1,1,2,0,1,50,1,2,1,0,0,1,,,voiture,,5,2,2,2,6
202400022118,2024-07-31 18:55:00,2024,7,31,18,55,34,34022,route nationale 113,43.658069,4.0123,Plein jour,En agglomération,Intersection en T,Normale,Deux véhicules - côté,2,2,2,0,1,1,1,0,1,50,2,2,1,0,1,0,25.0,29.0,deux_roues,voiture,1,2,3,1,3
202400022118,2024-07-31 18:55:00,2024,7,31,18,55,34,34022,route nationale 113,43.658069,4.0123,Plein jour,En agglomération,Intersection en T,Normale,Deux véhicules - côté,2,2,2,0,1,1,1,0,1,50,2,2,1,0,1,0,25.0,29.0,deux_roues,voiture,1,2,3,1,3
202400022119,2024-09-05 15:30:00,2024,9,5,15,30,69,69388,Rue Professeur Tavernier,45.72729,4.86752,Plein jour,En agglomération,Hors intersection,Normale,Deux véhicules - côté,4,2,2,0,1,1,1,0,1,50,2,3,2,0,0,1,38.0,29.0,voiture,voiture,1,2,1,1,3
202400022120,2024-04-06 22:20:00,2024,4,6,22,20,77,77440,D603 - rue de metz,48.947526,3.086354,Nuit avec éclairage allumé,En agglomération,Hors intersection,Normale,Deux véhicules - frontale,3,2,2,0,1,1,1,0,1,50,2,3,1,0,1,1,27.0,47.0,deux_roues,voiture,5,2,1,1,1
202400022121,2024-07-30 16:46:00,2024,7,30,16,46,83,83150,D952,43.718373,5.799515,Plein jour,Hors agglomération,Hors intersection,Normale,Deux véhicules - arrière,3,2,2,0,1,2,1,0,1,80,2,2,1,0,0,1,23.0,55.0,deux_roues,voiture,1,1,1,1,2
202400022122,2024-01-25 08:15:00,2024,1,25,8,15,76,76351,MARCEAU (RUE),49.4915,0.133,Crépuscule ou aube,En agglomération,Giratoire,Normale,Autre collision,4,2,2,0,1,1,1,0,1,50,1,1,0,0,0,1,61.0,,voiture,,2,2,6,1,6
202400022122,2024-01-25 08:15:00,2024,1,25,8,15,76,76351,MARCEAU (RUE),49.4915,0.133,Crépuscule ou aube,En agglomération,Giratoire,Normale,Autre collision,4,2,1,0,1,1,1,4,1,50,1,1,0,0,0,1,61.0,,voiture,,2,2,6,1,6
202400022122,2024-01-25 08:15:00,2024,1,25,8,15,76,76351,MARCEAU (RUE),49.4915,0.133,Crépuscule ou aube,En agglomération,Giratoire,Normale,Autre collision,4,3,6,1,1,1,1,0,1,50,1,1,0,0,0,1,61.0,,voiture,,2,2,6,1,6
202400022123,2024-07-30 15:40:00,2024,7,30,15,40,83,83008,,43.534643,6.724942,Plein jour,Hors agglomération,Hors intersection,Normale,Autre collision,4,-1,1,0,2,1,1,0,3,50,1,1,0,1,0,0,72.0,,voiture,,1,1,1,1,6
202400022124,2024-04-16 07:20:00,2024,4,16,7,20,2A,2A114,RD622,41.51102,9.1284,Plein jour,Hors agglomération,Hors intersection,Normale,Deux véhicules - frontale,4,2,2,0,1,3,1,0,1,80,2,3,2,0,1,0,63.0,30.0,voiture,deux_roues,1,1,1,1,1
202400022125,2024-09-04 16:30:00,2024,9,4,16,30,69,69387,Rue de l'Université,45.74824,4.84352,Plein jour,En agglomération,Intersection en T,Normale,Sans collision,4,1,1,3,1,1,1,0,1,30,1,2,1,0,0,1,24.0,,voiture,,1,2,3,1,7
202400022125,2024-09-04 16:30:00,2024,9,4,16,30,69,69387,Rue de l'Université,45.74824,4.84352,Plein jour,En agglomération,Intersection en T,Normale,Sans collision,4,1,3,3,1,1,1,0,1,30,1,2,1,0,0,1,24.0,,voiture,,1,2,3,1,7
202400022126,2024-01-26 02:30:00,2024,1,26,2,30,76,76351,CLEMENCEAU (BD),49.48765,0.09852,Nuit avec éclairage allumé,En agglomération,Hors intersection,Normale,Autre collision,4,2,2,1,1,1,1,0,1,30,1,1,0,0,0,1,51.0,,voiture,,5,2,1,1,6
202400022127,2024-07-31 13:45:00,2024,7,31,13,45,04,04143,D12,43.918469,5.92957,Plein jour,Hors agglomération,Hors intersection,Normale,Deux véhicules - côté,3,2,2,0,4,3,1,0,1,80,2,2,1,0,0,1,42.0,49.0,deux_roues,utilitaire_camion,1,1,1,1,3
202400022128,2024-01-25 08:06:00,2024,1,25,8,6,76,76351,MARCEAU (RUE),49.49153,0.13303,Crépuscule ou aube,En agglomération,Giratoire,Normale,Sans collision,4,2,2,0,1,1,1,4,1,50,1,1,0,0,1,0,23.0,,deux_roues,,2,2,6,1,7
202400022129,2024-09-05 13:00:00,2024,9,5,13,0,972,97209,MOUTTE (ROUTE DE),14.61658,-61.05779,Plein jour,En agglomération,Autre intersection,Pluie légère,Autre collision,3,2,2,0,2,1,2,0,1,50,1,2,1,0,1,0,,,deux_roues,,1,2,9,2,6
202400022130,2024-01-26 18:00:00,2024,1,26,18,0,76,76217,CANADIENS (AVENUE DES)  RN27,49.90501,1.07684,Nuit avec éclairage allumé,En agglomération,Intersection en T,Normale,Autre collision,2,1,4,0,1,1,1,0,1,50,1,1,0,0,0,1,36.0,,deux_roues,,5,2,3,1,6
202400022130,2024-01-26 18:00:00,2024,1,26,18,0,76,76217,CANADIENS (AVENUE DES)  RN27,49.90501,1.07684,Nuit avec éclairage allumé,En agglomération,Intersection en T,Normale,Autre collision,2,2, -1,-1,1,1,1,0,1,-1,1,1,0,0,0,1,36.0,,deux_roues,,5,2,3,1,6
202400022131,2024-07-25 14:00:00,2024,7,25,14,0,13,13015,CD6,43.431497,5.415874,Plein jour,Hors agglomération,Hors intersection,Normale,Deux véhicules - frontale,3,3,2,0,1,1,1,0,2,90,1,5,4,0,0,1,43.0,,voiture,,1,1,1,1,1
202400022132,2024-09-05 16:40:00,2024,9,5,16,40,2A,2A004,#MEZZAVIA ROUTE DE#,41.95178,8.78267,Plein jour,En agglomération,Hors intersection,Normale,Deux véhicules - côté,3,1,1,0,1,1,1,0,1,50,2,2,1,0,0,1,47.0,55.0,voiture,deux_roues,1,2,1,1,3
202400022133,2024-07-30 21:35:00,2024,7,30,21,35,67,67205,19 rue de l'industrie,48.676794,7.783288,Nuit avec éclairage allumé,En agglomération,Hors intersection,Normale,Sans collision,4,2,2,0,1,1,1,9,8,50,1,1,0,0,1,0,16.0,,deux_roues,,5,2,1,1,7
202400022134,2024-01-26 10:45:00,2024,1,26,10,45,74,74305,VOIRONS (RUE DES),46.2027,6.25229,Plein jour,En agglomération,Intersection en X,Normale,Autre collision,4,-1,2,0,1,1,1,5,3,50,1,1,0,0,0,1,82.0,,voiture,,1,2,2,1,6
202400022134,2024-01-26 10:45:00,2024,1,26,10,45,74,74305,VOIRONS (RUE DES),46.2027,6.25229,Plein jour,En agglomération,Intersection en X,Normale,Autre collision,4,-1,4,0,1,1,1,5,3,50,1,1,0,0,0,1,82.0,,voiture,,1,2,2,1,6
202400022135,2024-07-28 19:25:00,2024,7,28,19,25,55,55366,D994,48.80223385,5.11765804,Plein jour,Hors agglomération,Hors intersection,Normale,Deux véhicules - frontale,3,2,2,0,1,1,1,0,1,90,2,2,0,0,1,1,53.0,22.0,deux_roues,voiture,1,1,1,1,1
202400022136,2024-09-04 17:50:00,2024,9,4,17,50,2A,2A004,PRINCE IMPERIAL COURS,41.93422,8.74751,Plein jour,En agglomération,Hors intersection,Normale,Deux véhicules - côté,4,1,4,3,1,1,1,0,6,50,2,2,1,0,0,1,50.0,51.0,voiture,deux_roues,1,2,1,1,3
202400022137,2024-01-26 23:55:00,2024,1,26,23,55,72,72181,BOEUFS MOTO CROSS (CHEMIN AUX),47.9478,0.2128,Nuit avec éclairage allumé,En agglomération,Hors intersection,Normale,Autre collision,4,2,2,0,1,2,1,0,1,50,2,3,2,0,1,0,22.0,19.0,voiture,voiture,5,2,1,1,6
202400022138,2024-07-27 05:40:00,2024,7,27,5,40,38,38565,Quai des Chartreux,45.299959,5.637981,Crépuscule ou aube,En agglomération,Hors intersection,Normale,Autre collision,3,2,2,0,2,1,1,0,1,50,1,1,0,0,0,1,38.0,,voiture,,2,2,1,1,6
202400022139,2024-09-05 10:30:00,2024,9,5,10,30,95,95585,D125,48.99122694,2.37187421,Plein jour,En agglomération,Hors intersection,Pluie forte,Autre collision,3,3,2,0,1,1,2,0,1,50,1,3,2,0,0,1,27.0,,voiture,,1,2,1,3,6
202400022140,2024-01-26 10:00:00,2024,1,26,10,0,72,72181,OYON ALEXANDRE (BD),47.99467,0.19009,Plein jour,En agglomération,Hors intersection,Pluie légère,Autre collision,4,-1,2,0,1,1,2,0,1,30,1,2,1,0,0,1,48.0,,voiture,,1,2,1,2,6
202400022141,2024-07-30 20:50:00,2024,7,30,20,50,38,38382,D1075,45.235011,5.676497,Crépuscule ou aube,En agglomération,Intersection en X,Normale,Deux véhicules - côté,7,3,2,3,1,1,1,5,1,50,2,3,2,0,0,1,23.0,21.0,deux_roues,voiture,2,2,2,1,3
202400022141,2024-07-30 20:50:00,2024,7,30,20,50,38,38382,D1075,45.235011,5.676497,Crépuscule ou aube,En agglomération,Intersection en X,Normale,Deux véhicules - côté,7,2,0,0,2,1,1,0,1,30,2,3,2,0,0,1,23.0,21.0,deux_roues,voiture,2,2,2,1,3
202400022142,2024-09-04 15:58:00,2024,9,4,15,58,95,95252,ALEXANDRE DUMAS (RUE),48.99032,2.22964,Plein jour,En agglomération,Intersection en T,Normale,Deux véhicules - côté,4,1,1,0,1,1,1,0,1,50,2,3,2,0,0,1,18.0,27.0,deux_roues,voiture,1,2,3,1,3
202400022142,2024-09-04 15:58:00,2024,9,4,15,58,95,95252,ALEXANDRE DUMAS (RUE),48.99032,2.22964,Plein jour,En agglomération,Intersection en T,Normale,Deux véhicules - côté,4,1,1,0,1,1,1,0,1,50,2,3,2,0,0,1,18.0,27.0,deux_roues,voiture,1,2,3,1,3
202400022143,2024-01-26 16:35:00,2024,1,26,16,35,69,69256,Rue Cuzin,45.77552,4.91724,Plein jour,En agglomération,Intersection en X,Normale,Autre collision,4,2,2,0,1,1,1,0,1,50,1,2,1,0,0,1,53.0,,transport_commun,,1,2,2,1,6
202400022143,2024-01-26 16:35:00,2024,1,26,16,35,69,69256,Rue Cuzin,45.77552,4.91724,Plein jour,En agglomération,Intersection en X,Normale,Autre collision,4,2,2,3,1,1,1,0,6,50,1,2,1,0,0,1,53.0,,transport_commun,,1,2,2,1,6