accident_id,datetime,annee,mois,jour,heure,minute,departement,commune_insee,adresse,latitude,longitude,luminosite,agglomeration,intersection,meteo,collision,catr,circ,nbv,vosp,prof,plan,surf,infra,situ,vma,nb_vehicules,nb_usagers,nb_indemnes,nb_tues,nb_blesses_hosp,nb_blesses_legers,age_cond_1,age_cond_2,veh_type_cond_1,veh_type_cond_2,lum_code,agg_code,int_code,atm_code,col_code
202400022144,2024-07-30 17:45:00,2024,7,30,17,45,26,26271,Route du Dauphiné,45.03338,4.867673,Plein jour,Hors agglomération,Intersection en X,Normale,Deux véhicules - côté,2,2,2,0,2,1,1,0,1,70,2,4,3,0,1,0,31.0,44.0,deux_roues,voiture,1,1,2,1,3
202400022144,2024-07-30 17:45:00,2024,7,30,17,45,26,26271,Route du Dauphiné,45.03338,4.867673,Plein jour,Hors agglomération,Intersection en X,Normale,Deux véhicules - côté,2,2,2,0,3,1,1,0,1,80,2,4,3,0,1,0,31.0,44.0,deux_roues,voiture,1,1,2,1,3
202400022145,2024-09-05 10:30:00,2024,9,5,10,30,91,91377,AV SAINT MARC,48.73135,2.2871,Plein jour,En agglomération,Hors intersection,Pluie légère,Deux véhicules - frontale,4,2,2,0,1,3,8,0,1,50,2,2,0,0,0,2,28.0,64.0,voiture,voiture,1,2,1,2,1
202400022146,2024-01-24 11:50:00,2024,1,24,11,50,67,67462,CHARLEMAGNE (BOULEVRD),48.26227,7.45477,Plein jour,En agglomération,Hors intersection,Pluie légère,Deux véhicules - côté,4,2,2,0,1,1,2,0,1,30,2,2,1,0,0,1,13.0,80.0,deux_roues,voiture,1,2,1,2,3
202400022147,2024-07-30 08:41:00,2024,7,30,8,41,69,69204,27 Avenue Georges Clémenceau,45.700238,4.795452,Plein jour,En agglomération,Autre intersection,Normale,Autre collision,7,2,2,0,1,1,1,6,6,50,1,2,1,0,1,0,49.0,,deux_roues,,1,2,9,1,6
202400022148,2024-01-26 17:10:00,2024,1,26,17,10,64,64445,ALFRED NOBEL,43.31794,-0.30969,Plein jour,En agglomération,Hors intersection,Normale,Sans collision,4,2,2,2,1,1,1,0,1,50,1,2,1,0,0,1,44.0,,deux_roues,,1,2,1,1,7
202400022149,2024-07-31 09:20:00,2024,7,31,9,20,33,33056,Avenue du Général de Gaulle,44.923165,-0.634794,Plein jour,En agglomération,Hors intersection,Normale,Deux véhicules - côté,4,2,2,1,1,1,1,-1,1,30,2,2,1,0,1,0,43.0,54.0,voiture,deux_roues,1,2,1,1,3
202400022150,2024-09-05 20:16:00,2024,9,5,20,16,84,84007,AMANDIER (AVENUE DE L'),43.93572,4.84799,Crépuscule ou aube,En agglomération,Giratoire,Normale,Deux véhicules - frontale,4,2,2,2,1,1,1,0,1,50,2,2,1,0,0,1,36.0,23.0,voiture,deux_roues,2,2,6,1,1
202400022150,2024-09-05 20:16:00,2024,9,5,20,16,84,84007,AMANDIER (AVENUE DE L'),43.93572,4.84799,Crépuscule ou aube,En agglomération,Giratoire,Normale,Deux véhicules - frontale,4,2,2,2,1,1,1,0,1,50,2,2,1,0,0,1,36.0,23.0,voiture,deux_roues,2,2,6,1,1
202400022151,2024-01-25 17:42:00,2024,1,25,17,42,64,64102,BERNEDE (RUE),43.49280356,-1.4749521,Plein jour,En agglomération,Hors intersection,Normale,Autre collision,4,2,2,3,1,1,1,0,1,30,1,2,0,0,0,2,18.0,,deux_roues,,1,2,1,1,6
202400022152,2024-07-21 17:13:00,2024,7,21,17,13,14,14762,La Gréardière,48.790931,-0.910031,Plein jour,Hors agglomération,Hors intersection,Normale,Deux véhicules - frontale,4,-1,2,0,1,3,1,0,1,80,2,2,1,0,1,0,15.0,33.0,deux_roues,voiture,1,1,1,1,1
202400022153,2024-09-05 18:45:00,2024,9,5,18,45,83,83126,MERLE (BD TOUSSAINT),43.10111,5.88776,Plein jour,En agglomération,Hors intersection,Normale,Autre collision,4,2,2,0,1,1,1,0,1,50,1,2,1,0,0,1,74.0,,voiture,,1,2,1,1,6
202400022154,2024-01-26 20:37:00,2024,1,26,20,37,63,63113,JOUHAUX (BD LEON),45.7925,3.11793,Nuit avec éclairage allumé,En agglomération,Intersection à plus de 4 branches,Pluie légère,Autre collision,7,3,4,-1,1,1,2,5,1,-1,1,2,1,0,0,1,25.0,,voiture,,5,2,5,2,6
202400022154,2024-01-26 20:37:00,2024,1,26,20,37,63,63113,JOUHAUX (BD LEON),45.7925,3.11793,Nuit avec éclairage allumé,En agglomération,Intersection à plus de 4 branches,Pluie légère,Autre collision,7,3,4,0,1,1,2,6,8,50,1,2,1,0,0,1,25.0,,voiture,,5,2,5,2,6
202400022155,2024-07-30 20:15:00,2024,7,30,20,15,56,56241,Rue du Port Vihan,47.373325,-3.220021,Plein jour,En agglomération,Hors intersection,Normale,Deux véhicules - arrière,4,2,2,0,2,1,1,0,1,50,2,2,0,0,1,1,50.0,18.0,deux_roues,deux_roues,1,2,1,1,2
202400022156,2024-09-04 05:20:00,2024,9,4,5,20,83,83129,JUIN MARECHAL (AV DU),43.09466024,5.84709239,Nuit avec éclairage allumé,En agglomération,Giratoire,Temps couvert,Deux véhicules - côté,3,2,4,0,1,3,2,0,8,50,2,2,1,0,1,0,18.0,43.0,voiture,deux_roues,5,2,6,8,3
202400022157,2024-07-29 20:30:00,2024,7,29,20,30,22,22008,Rue de la Croix Jean Gicquel,48.418179,-2.079935,Plein jour,Hors agglomération,Intersection en X,Normale,Deux véhicules - frontale,3,2,1,0,1,1,1,5,1,70,2,2,1,0,0,1,49.0,21.0,voiture,voiture,1,1,2,1,1
202400022157,2024-07-29 20:30:00,2024,7,29,20,30,22,22008,Rue de la Croix Jean Gicquel,48.418179,-2.079935,Plein jour,Hors agglomération,Intersection en X,Normale,Deux véhicules - frontale,3,2,1,0,1,1,1,5,1,70,2,2,1,0,0,1,49.0,21.0,voiture,voiture,1,1,2,1,1
202400022158,2024-01-18 15:45:00,2024,1,18,15,45,63,63113,Voie tram : TORPILLEUR SIROCCO / Solayer,45.80962,3.10711,Plein jour,En agglomération,Passage à niveau,Normale,Deux véhicules - côté,4,2,2,-1,1,1,1,4,1,-1,2,3,2,0,0,1,49.0,52.0,voiture,transport_commun,1,2,8,1,3
202400022158,2024-01-18 15:45:00,2024,1,18,15,45,63,63113,Voie tram : TORPILLEUR SIROCCO / Solayer,45.80962,3.10711,Plein jour,En agglomération,Passage à niveau,Normale,Deux véhicules - côté,4,2,3,3,1,1,1,4,6,30,2,3,2,0,0,1,49.0,52.0,voiture,transport_commun,1,2,8,1,3
202400022159,2024-09-04 15:45:00,2024,9,4,15,45,80,80021,ALEXANDRE DUMAS (RUE),49.87529,2.28367,Plein jour,En agglomération,Hors intersection,Normale,Deux véhicules - côté,4,-1,2,0,1,1,1,0,1,50,2,2,1,0,1,0,34.0,58.0,deux_roues,voiture,1,2,1,1,3
202400022160,2024-01-26 18:30:00,2024,1,26,18,30,59,59599,Avenue de la Fin de la Guerre,50.729225,3.14476,Nuit sans éclairage public,En agglomération,Autre intersection,Normale,Autre collision,4,2,0,0,1,1,1,6,1,30,1,2,1,0,0,1,23.0,,voiture,,3,2,9,1,6
202400022161,2024-07-26 14:40:00,2024,7,26,14,40,62,62014,Rue du Sac,50.66124275,2.36943358,Plein jour,En agglomération,Intersection en T,Normale,Deux véhicules - frontale,4,2,2,0,1,3,1,0,1,50,2,2,1,0,0,1,15.0,40.0,deux_roues,utilitaire_camion,1,2,3,1,1
202400022161,2024-07-26 14:40:00,2024,7,26,14,40,62,62014,Rue du Sac,50.66124275,2.36943358,Plein jour,En agglomération,Intersection en T,Normale,Deux véhicules - frontale,4,2,2,0,1,3,1,0,1,50,2,2,1,0,0,1,15.0,40.0,deux_roues,utilitaire_camion,1,2,3,1,1
202400022162,2024-09-06 00:50:00,2024,9,6,0,50,78,78299,Boulevard Michelet,49.00477,1.90082,Nuit sans éclairage public,En agglomération,Hors intersection,Normale,Autre collision,3,2,2,0,1,1,1,0,8,50,1,2,1,0,1,0,26.0,,voiture,,3,2,1,1,6
202400022163,2024-01-26 07:55:00,2024,1,26,7,55,59,59378,Boulevard Clémenceau,50.66433,3.08866,Crépuscule ou aube,En agglomération,Hors intersection,Pluie légère,Autre collision,7,3,4,0,1,1,2,0,1,50,1,2,1,0,0,1,61.0,,voiture,,2,2,1,2,6
202400022164,2024-07-26 16:50:00,2024,7,26,16,50,59,59614,D113,50.169082,3.458376,Plein jour,Hors agglomération,Hors intersection,Normale,Autre collision,3,2,2,0,1,1,1,0,1,80,1,3,2,0,0,1,43.0,,voiture,,1,1,1,1,6
202400022165,2024-09-05 18:40:00,2024,9,5,18,40,77,77326,D. 50,48.58979,2.56359,Plein jour,Hors agglomération,Hors intersection,Normale,Autre collision,3,2,0,0,1,3,1,0,1,50,1,2,1,0,1,0,43.0,,voiture,,1,1,1,1,6
202400022166,2024-01-26 04:05:00,2024,1,26,4,5,54,54395,Place des Vosges,48.68514425,6.18695766,Nuit sans éclairage public,En agglomération,Hors intersection,Normale,Autre collision,4,1, -1,0,1,1,2,0,4,30,1,2,1,0,0,1,21.0,,voiture,,3,2,1,1,6
202400022167,2024-07-30 18:20:00,2024,7,30,18,20,13,13212,A507 sens Marseille - Aubagne,43.29482,5.42631,Plein jour,Hors agglomération,Hors intersection,Normale,Deux véhicules - arrière,1,3,0,0,1,1,1,1,1,70,3,3,2,0,0,1,37.0,28.0,voiture,voiture,1,1,1,1,2
202400022168,2024-09-05 06:35:00,2024,9,5,6,35,77,77186,RD606. de la rochette à l'obélisque,48.48371028,2.66588236,Nuit sans éclairage public,Hors agglomération,Intersection en X,Pluie forte,Deux véhicules - frontale,3,2,2,0,1,1,2,5,1,70,2,2,0,0,0,2,56.0,28.0,voiture,transport_commun,3,1,2,3,1
202400022168,2024-09-05 06:35:00,2024,9,5,6,35,77,77186,RD606. de la rochette à l'obélisque,48.48371028,2.66588236,Nuit sans éclairage public,Hors agglomération,Intersection en X,Pluie forte,Deux véhicules - frontale,3,2,4,0,1,1,2,5,1,70,2,2,0,0,0,2,56.0,28.0,voiture,transport_commun,3,1,2,3,1
202400022169,2024-01-25 18:45:00,2024,1,25,18,45,54,54304,Boulevard du Maréchal Foch,48.68034,6.15362,Nuit avec éclairage allumé,En agglomération,Intersection en X,Pluie légère,Deux véhicules - côté,4,2,2,1,1,1,2,-1,1,30,2,2,1,0,0,1,34.0,60.0,voiture,voiture,5,2,2,2,3
202400022169,2024-01-25 18:45:00,2024,1,25,18,45,54,54304,Boulevard du Maréchal Foch,48.68034,6.15362,Nuit avec éclairage allumé,En agglomération,Intersection en X,Pluie légère,Deux véhicules - côté,4,2,3,0,2,1,2,0,1,50,2,2,1,0,0,1,34.0,60.0,voiture,voiture,5,2,2,2,3
202400022170,2024-07-30 11:40:00,2024,7,30,11,40,13,13211,A50-Sens Aubagne vers Marseille,43.28807985,5.44165529,Plein jour,Hors agglomération,Hors intersection,Normale,Deux véhicules - arrière,1,1,3,0,1,1,1,0,1,90,4,4,3,0,0,1,49.0,69.0,voiture,voiture,1,1,1,1,2
202400022171,2024-09-04 20:30:00,2024,9,4,20,30,76,76351,EUGENE MOPIN (RUE),49.52219,0.16091,Nuit avec éclairage allumé,En agglomération,Intersection en X,Normale,Deux véhicules - côté,3,3,2,0,1,1,1,0,1,50,2,2,0,0,1,1,53.0,57.0,deux_roues,deux_roues,5,2,2,1,3
202400022171,2024-09-04 20:30:00,2024,9,4,20,30,76,76351,EUGENE MOPIN (RUE),49.52219,0.16091,Nuit avec éclairage allumé,En agglomération,Intersection en X,Normale,Deux véhicules - côté,3,2,3,0,1,3,1,0,1,50,2,2,0,0,1,1,53.0,57.0,deux_roues,deux_roues,5,2,2,1,3
202400022172,2024-01-25 14:00:00,2024,1,25,14,0,54,54274,Avenue de la Malgrange,48.67216,6.20119,Plein jour,En agglomération,Intersection en T,Normale,Deux véhicules - côté,4,2,2,0,1,1,1,0,1,30,2,2,1,0,0,1,54.0,80.0,voiture,voiture,1,2,3,1,3
202400022172,2024-01-25 14:00:00,2024,1,25,14,0,54,54274,Avenue de la Malgrange,48.67216,6.20119,Plein jour,En agglomération,Intersection en T,Normale,Deux véhicules - côté,4,2,2,0,1,1,1,0,1,50,2,2,1,0,0,1,54.0,80.0,voiture,voiture,1,2,3,1,3
202400022173,2024-07-30 08:40:00,2024,7,30,8,40,13,13033,A55-Sens Marseille vers Martigues,43.37304848,5.18576785,Plein jour,Hors agglomération,Hors intersection,Normale,Deux véhicules - côté,1,1,4,0,1,1,1,0,1,90,2,2,0,0,0,2,26.0,22.0,deux_roues,voiture,1,1,1,1,3
202400022174,2024-09-03 17:40:00,2024,9,3,17,40,76,76351,BOUTEILLERIE (DE LA),49.52173,0.16481,Plein jour,En agglomération,Intersection en T,Normale,Deux véhicules - côté,3,2,2,0,1,1,1,0,1,50,2,2,1,0,1,0,22.0,27.0,deux_roues,voiture,1,2,3,1,3
202400022174,2024-09-03 17:40:00,2024,9,3,17,40,76,76351,BOUTEILLERIE (DE LA),49.52173,0.16481,Plein jour,En agglomération,Intersection en T,Normale,Deux véhicules - côté,3,2,2,0,2,1,1,0,1,50,2,2,1,0,1,0,22.0,27.0,deux_roues,voiture,1,2,3,1,3
202400022175,2024-01-26 07:50:00,2024,1,26,7,50,51,51454,KOENIG (RUE DU GENERAL),49.226587,4.024019,Nuit avec éclairage allumé,En agglomération,Hors intersection,Pluie légère,Autre collision,4,2,3,1,1,2,2,0,1,50,1,2,1,0,0,1,28.0,,voiture,,5,2,1,2,6
202400022176,2024-09-05 05:50:00,2024,9,5,5,50,73,73065,D912 GRANDE CHARTREUSE (AVENUE DE LA),45.55544122,5.92181292,Nuit sans éclairage public,En agglomération,Intersection en T,Pluie forte,Deux véhicules - frontale,4,2,2,0,2,1,2,0,1,50,2,2,0,0,0,2,44.0,35.0,voiture,voiture,3,2,3,3,1
202400022176,2024-09-05 05:50:00,2024,9,5,5,50,73,73065,D912 GRANDE CHARTREUSE (AVENUE DE LA),45.55544122,5.92181292,Nuit sans éclairage public,En agglomération,Intersection en T,Pluie forte,Deux véhicules - frontale,4,2,2,0,1,1,2,0,1,50,2,2,0,0,0,2,44.0,35.0,voiture,voiture,3,2,3,3,1
202400022177,2024-01-26 06:40:00,2024,1,26,6,40,51,51454,CRENEAUX (RUE DES),49.243697,4.04369,Nuit avec éclairage allumé,En agglomération,Hors intersection,Normale,Autre collision,4,2,2,0,1,1,2,9,8,30,1,2,1,0,0,1,36.0,,voiture,,5,2,1,1,6
202400022178,2024-09-05 20:00:00,2024,9,5,20,0,67,67218,ALSACE (RUE D ),48.53352,7.72718,Crépuscule ou aube,En agglomération,Hors intersection,Pluie forte,Autre collision,4,2,2,0,1,1,2,0,3,50,1,2,0,0,0,2,23.0,,voiture,,2,2,1,3,6
202400022179,2024-07-30 08:05:00,2024,7,30,8,5,83,83144,A57,43.14055487,6.00057177,Plein jour,Hors agglomération,Hors intersection,Normale,Trois véhicules et plus - en chaîne,1,3,4,0,1,1,1,0,1,70,4,4,3,0,0,1,45.0,29.0,voiture,voiture,1,1,1,1,4
202400022180,2024-01-25 20:25:00,2024,1,25,20,25,50,50129,MENDES FRANCE (BOULEVARD),49.63393,-1.6229,Nuit avec éclairage allumé,En agglomération,Hors intersection,Normale,Autre collision,3,3,4,0,1,1,2,0,1,50,2,2,1,1,0,0,39.0,21.0,voiture,deux_roues,5,2,1,1,6
202400022181,2024-09-05 01:00:00,2024,9,5,1,0,67,67043,BISCHWILLER (ROUTE DE),48.61536346,7.75282055,Nuit avec éclairage allumé,En agglomération,Hors intersection,Pluie légère,Deux véhicules - côté,7,2,2,0,1,1,2,0,1,50,2,2,1,0,0,1,,66.0,voiture,deux_roues,5,2,1,2,3
202400022182,2024-01-25 05:19:00,2024,1,25,5,19,49,49007,GAULLE BOULEVARD CHARLES DE,47.47015,-0.56228,Nuit avec éclairage allumé,En agglomération,Hors intersection,Pluie légère,Deux véhicules - côté,4,2,4,0,1,1,2,0,1,50,2,2,1,0,0,1,20.0,32.0,deux_roues,utilitaire_camion,5,2,1,2,3
202400022183,2024-09-05 08:25:00,2024,9,5,8,25,66,66136,Chemin de Saint-Roch,42.68791,2.90858,Plein jour,En agglomération,Hors intersection,Normale,Autre collision,4,2,3,0,1,1,1,6,1,50,1,2,1,0,0,1,71.0,,voiture,,1,2,1,1,6
202400022184,2024-07-24 23:15:00,2024,7,24,23,15,69,69266,Boulevard Périphérique Nord,45.79118648,4.88339652,Nuit avec éclairage allumé,Hors agglomération,Hors intersection,Normale,Trois véhicules et plus - en chaîne,7,3,5,0,1,1,1,0,1,70,3,4,3,0,0,1,22.0,34.0,utilitaire_camion,voiture,5,1,1,1,4
202400022185,2024-01-25 07:56:00,2024,1,25,7,56,49,49007,ATLANTIQUE  AVENUE DE L',47.46776,-0.58483,Nuit avec éclairage allumé,Hors agglomération,Hors intersection,Normale,Deux véhicules - arrière,4,3,6,0,1,1,2,0,1,90,2,2,1,0,1,0,47.0,39.0,deux_roues,voiture,5,1,1,1,2
202400022186,2024-09-05 14:10:00,2024,9,5,14,10,65,65440,PARC DES EXPOSITIONS (ROND-POINT),43.2192644,0.08389636,Plein jour,En agglomération,Autre intersection,Normale,Deux véhicules - côté,2,-1,2,0,1,2,1,0,1,50,2,2,1,0,0,1,15.0,34.0,deux_roues,voiture,1,2,9,1,3
202400022187,2024-07-24 16:45:00,2024,7,24,16,45,59,59343,AUTOROUTE A1,50.58295075,3.09008033,Plein jour,Hors agglomération,Hors intersection,Normale,Deux véhicules - arrière,1,3,3,0,1,1,1,0,1,90,2,2,1,0,1,0,49.0,21.0,utilitaire_camion,deux_roues,1,1,1,1,2
202400022188,2024-01-24 07:40:00,2024,1,24,7,40,49,49007,PYRAMIDE ROUTE,47.44865,-0.51203,Nuit avec éclairage allumé,En agglomération,Hors intersection,Pluie légère,Deux véhicules - côté,4,2,2,0,1,1,2,0,1,50,2,2,1,0,0,1,53.0,17.0,voiture,deux_roues,5,2,1,2,3
202400022189,2024-09-05 13:20:00,2024,9,5,13,20,64,64545,RD810,43.362,-1.71632,Plein jour,Hors agglomération,Hors intersection,Normale,Deux véhicules - frontale,3,2,2,0,2,1,2,0,1,70,2,2,1,0,0,1,44.0,23.0,voiture,voiture,1,1,1,1,1
202400022190,2024-01-26 19:10:00,2024,1,26,19,10,44,44109,1 Rue du Ballet,47.23089,-1.55694,Nuit avec éclairage allumé,En agglomération,Hors intersection,Normale,Autre collision,4,1,1,0,1,1,1,0,1,30,1,2,1,0,1,0,39.0,,voiture,,5,2,1,1,6
202400022191,2024-09-05 15:50:00,2024,9,5,15,50,64,64445,LARRIBAU,43.30244,-0.32972,Plein jour,En agglomération,Hors intersection,Normale,Sans collision,4,-1,2,0,1,1,9,0,1,50,1,1,0,0,0,1,53.0,,deux_roues,,1,2,1,1,7
202400022192,2024-07-30 16:45:00,2024,7,30,16,45,93,93078,AUTOROUTE A104,48.95883814,2.53476623,Plein jour,Hors agglomération,Hors intersection,Normale,Trois véhicules et plus - en chaîne,1,3,3,0,1,1,1,0,1,90,4,4,3,0,0,1,31.0,50.0,utilitaire_camion,voiture,1,1,1,1,4
202400022193,2024-01-26 13:00:00,2024,1,26,13,0,43,43157,69 Avenue Marechal Foch,45.03464,3.8869,Plein jour,En agglomération,Giratoire,Normale,Sans collision,4,2,2,0,2,1,1,0,1,50,1,1,0,0,0,1,55.0,,deux_roues,,1,2,6,1,7
202400022193,2024-01-26 13:00:00,2024,1,26,13,0,43,43157,69 Avenue Marechal Foch,45.03464,3.8869,Plein jour,En agglomération,Giratoire,Normale,Sans collision,4,2,2,0,2,3,2,0,1,50,1,1,0,0,0,1,55.0,,deux_roues,,1,2,6,1,7
202400022194,2024-09-05 14:50:00,2024,9,5,14,50,64,64445,POUGUET,43.32038,-0.35258,Plein jour,En agglomération,Giratoire,Normale,Deux véhicules - côté,4,2,2,0,1,3,1,9,8,50,2,2,1,0,0,1,23.0,22.0,voiture,deux_roues,1,2,6,1,3
202400022194,2024-09-05 14:50:00,2024,9,5,14,50,64,64445,POUGUET,43.32038,-0.35258,Plein jour,En agglomération,Giratoire,Normale,Deux véhicules - côté,4,2,1,0,1,3,1,9,8,50,2,2,1,0,0,1,23.0,22.0,voiture,deux_roues,1,2,6,1,3
202400022195,2024-09-05 07:35:00,2024,9,5,7,35,64,64445,CHAMPETIER DE RIBES,43.30357,-0.37824,Plein jour,En agglomération,Hors intersection,Normale,Autre collision,4,2,2,0,1,1,1,0,8,50,1,2,1,0,0,1,31.0,,voiture,,1,2,1,1,6
202400022196,2024-01-25 17:00:00,2024,1,25,17,0,42,42223,Route des Monts d’Urfee,45.46488201,4.32147726,Plein jour,En agglomération,Giratoire,Normale,Deux véhicules - arrière,7,2,2,0,3,3,1,5,1,50,2,2,1,0,1,0,85.0,61.0,deux_roues,voiture,1,2,6,1,2
202400022196,2024-01-25 17:00:00,2024,1,25,17,0,42,42223,Route des Monts d’Urfee,45.46488201,4.32147726,Plein jour,En agglomération,Giratoire,Normale,Deux véhicules - arrière,7,2,2,0,2,3,1,5,1,50,2,2,1,0,1,0,85.0,61.0,deux_roues,voiture,1,2,6,1,2
202400022197,2024-07-30 16:50:00,2024,7,30,16,50,93,93078,AUTOROUTE A104,48.9593458,2.52584113,Plein jour,Hors agglomération,Hors intersection,Normale,Trois véhicules et plus - collisions multiples,1,3,6,0,1,3,1,0,1,90,4,4,3,0,0,1,43.0,43.0,voiture,voiture,1,1,1,1,5
202400022198,2024-01-26 08:05:00,2024,1,26,8,5,41,41018,MAUNOURY (AVENUE DE MARECHAL),47.59068,1.3351,Crépuscule ou aube,En agglomération,Hors intersection,Normale,Autre collision,4,2,2,0,1,1,1,0,1,50,1,2,1,0,1,0,50.0,,voiture,,2,2,1,1,6
202400022199,2024-08-21 12:45:00,2024,8,21,12,45,62,62765,Quai du Commerce,50.75389,2.26237,Plein jour,En agglomération,Hors intersection,Temps éblouissant,Autre collision,4,2,2,0,1,1,1,0,1,50,1,2,1,0,1,0,35.0,,voiture,,1,2,1,7,6
202400022200,2024-01-26 06:40:00,2024,1,26,6,40,38,38185,RUE DES ALLIÉS,45.17056,5.72764,Nuit avec éclairage allumé,En agglomération,Hors intersection,Normale,Deux véhicules - côté,4,2,2,2,1,1,1,0,5,50,2,2,1,0,0,1,55.0,42.0,voiture,deux_roues,5,2,1,1,3
202400022201,2024-09-01 16:40:00,2024,9,1,16,40,62,62757,D928,50.75458,2.23921,Plein jour,En agglomération,Hors intersection,Normale,Deux véhicules - arrière,3,2,2,0,1,1,1,0,1,50,2,2,1,0,1,0,42.0,60.0,utilitaire_camion,voiture,1,2,1,1,2
202400022202,2024-01-26 12:08:00,2024,1,26,12,8,37,37261,HEURTELOUP (BOULEVARD),47.39189,0.69915,Plein jour,En agglomération,Intersection en X,Pluie forte,Autre collision,4,1,3,0,1,1,2,0,1,50,1,3,2,0,0,1,54.0,,utilitaire_camion,,1,2,2,3,6
202400022202,2024-01-26 12:08:00,2024,1,26,12,8,37,37261,HEURTELOUP (BOULEVARD),47.39189,0.69915,Plein jour,En agglomération,Intersection en X,Pluie forte,Autre collision,4,1,4,0,1,1,2,0,1,50,1,3,2,0,0,1,54.0,,utilitaire_camion,,1,2,2,3,6
202400022203,2024-07-30 16:10:00,2024,7,30,16,10,93,93066,AUTOROUTE A1,48.90515615,2.35842786,Plein jour,Hors agglomération,Hors intersection,Normale,Trois véhicules et plus - en chaîne,1,3,4,0,1,1,1,0,1,90,3,6,3,0,0,3,34.0,53.0,voiture,voiture,1,1,1,1,4
202400022204,2024-09-05 12:10:00,2024,9,5,12,10,62,62523,D162E1,50.43909,2.87606,Plein jour,En agglomération,Hors intersection,Normale,Deux véhicules - côté,3,2,2,0,1,1,1,0,1,50,2,2,1,0,1,0,46.0,67.0,deux_roues,voiture,1,2,1,1,3
202400022205,2024-01-25 20:30:00,2024,1,25,20,30,37,37261,PERE GORIOT (RUE DU),47.42015,0.70106,Nuit avec éclairage allumé,En agglomération,Place,Normale,Autre collision,4,2,2,0,1,1,1,0,1,50,1,2,1,0,0,1,,,voiture,,5,2,7,1,6
202400022206,2024-09-04 15:20:00,2024,9,4,15,20,62,62570,D262,50.398382,2.88584089,Plein jour,En agglomération,Giratoire,Normale,Deux véhicules - côté,3,1,2,0,1,2,1,0,1,50,2,3,2,0,1,0,56.0,71.0,voiture,deux_roues,1,2,6,1,3
202400022206,2024-09-04 15:20:00,2024,9,4,15,20,62,62570,D262,50.398382,2.88584089,Plein jour,En agglomération,Giratoire,Normale,Deux véhicules - côté,3,2,2,0,1,3,1,0,1,50,2,3,2,0,1,0,56.0,71.0,voiture,deux_roues,1,2,6,1,3
202400022207,2024-01-26 15:00:00,2024,1,26,15,0,35,35281,NATIONALE,48.09029,-1.70498,Plein jour,Hors agglomération,Hors intersection,Normale,Deux véhicules - côté,2,3,5,0,1,1,1,2,1,90,2,2,1,0,0,1,54.0,59.0,voiture,utilitaire_camion,1,1,1,1,3
202400022208,2024-07-30 15:20:00,2024,7,30,15,20,93,93013,AUTOROUTE A1,48.94143032,2.42796991,Plein jour,Hors agglomération,Hors intersection,Normale,Deux véhicules - arrière,1,3,4,0,1,1,1,0,1,50,2,3,2,0,0,1,49.0,26.0,voiture,voiture,1,1,1,1,2
202400022209,2024-08-23 13:05:00,2024,8,23,13,5,62,62498,Rue de Londres,50.44314045,2.8368035,Plein jour,En agglomération,Autre intersection,Normale,Deux véhicules - côté,4,-1,0,0,1,1,1,0,8,50,2,2,1,0,0,1,33.0,44.0,deux_roues,voiture,1,2,9,1,3
202400022209,2024-08-23 13:05:00,2024,8,23,13,5,62,62498,Rue de Londres,50.44314045,2.8368035,Plein jour,En agglomération,Autre intersection,Normale,Deux véhicules - côté,4,-1,1,0,1,1,1,0,1,50,2,2,1,0,0,1,33.0,44.0,deux_roues,voiture,1,2,9,1,3
202400022210,2024-01-26 08:15:00,2024,1,26,8,15,35,35238,MOUNIER (BD EMMANUEL),48.12596,-1.66561,Nuit avec éclairage allumé,En agglomération,Intersection en T,Pluie légère,Autre collision,4,2,2,1,1,1,2,0,1,30,1,2,1,0,0,1,51.0,,voiture,,5,2,3,2,6
202400022210,2024-01-26 08:15:00,2024,1,26,8,15,35,35238,MOUNIER (BD EMMANUEL),48.12596,-1.66561,Nuit avec éclairage allumé,En agglomération,Intersection en T,Pluie légère,Autre collision,4,2,2,3,1,1,2,0,1,50,1,2,1,0,0,1,51.0,,voiture,,5,2,3,2,6
202400022211,2024-07-30 10:45:00,2024,7,30,10,45,93,93066,AUTOROUTE A1,48.91859593,2.35735953,Plein jour,Hors agglomération,Hors intersection,Normale,Trois véhicules et plus - en chaîne,1,3,4,0,1,1,1,1,1,90,3,3,2,0,0,1,41.0,49.0,voiture,voiture,1,1,1,1,4
202400022212,2024-09-05 13:10:00,2024,9,5,13,10,62,62193,Rue du Groupe Normandie Niemen,50.95138,1.90338,Plein jour,En agglomération,Hors intersection,Normale,Deux véhicules - côté,4,3,2,0,1,2,1,0,1,50,2,2,1,0,1,0,19.0,17.0,voiture,deux_roues,1,2,1,1,3
202400022213,2024-01-26 22:00:00,2024,1,26,22,0,34,34301,VERDUN (BOULEVARD DE),43.41,3.68,Nuit avec éclairage allumé,En agglomération,Hors intersection,Normale,Deux véhicules - arrière,4,2,0,0,2,1,1,0,1,50,2,2,1,0,1,0,34.0,45.0,deux_roues,voiture,5,2,1,1,2
202400022214,2024-07-30 05:00:00,2024,7,30,5,0,93,93008,AUTOROUTE A86,48.91075329,2.44277632,Nuit sans éclairage public,Hors agglomération,Hors intersection,Normale,Autre collision,1,3,3,0,1,1,1,1,1,90,1,1,0,0,0,1,39.0,,deux_roues,,3,1,1,1,6
202400022215,2024-09-04 11:20:00,2024,9,4,11,20,60,60159,Jeanne d'Arc     ( Rue),49.41749,2.82321,Plein jour,En agglomération,Intersection en T,Normale,Autre collision,4,1,1,0,1,1,1,0,1,30,1,3,2,0,0,1,85.0,,voiture,,1,2,3,1,6