accident_id,datetime,annee,mois,jour,heure,minute,departement,commune_insee,adresse,latitude,longitude,luminosite,agglomeration,intersection,meteo,collision,catr,circ,nbv,vosp,prof,plan,surf,infra,situ,vma,nb_vehicules,nb_usagers,nb_indemnes,nb_tues,nb_blesses_hosp,nb_blesses_legers,age_cond_1,age_cond_2,veh_type_cond_1,veh_type_cond_2,lum_code,agg_code,int_code,atm_code,col_code
202400022215,2024-09-04 11:20:00,2024,9,4,11,20,60,60159,Jeanne d'Arc     ( Rue),49.41749,2.82321,Plein jour,En agglomération,Intersection en T,Normale,Autre collision,4,1,1,0,2,1,1,0,1,30,1,3,2,0,0,1,85.0,,voiture,,1,2,3,1,6
202400022216,2024-01-26 08:20:00,2024,1,26,8,20,33,33063,,44.88191,-0.55107,Plein jour,En agglomération,Hors intersection,Brouillard / fumée,Autre collision,4,2,2,0,1,1,2,5,1,30,1,2,1,0,0,1,43.0,,voiture,,1,2,1,5,6
202400022217,2024-07-30 23:15:00,2024,7,30,23,15,95,95351,N104,49.02967727,2.49931068,Nuit sans éclairage public,Hors agglomération,Hors intersection,Normale,Deux véhicules - côté,2,3,2,0,1,1,1,2,1,90,2,2,1,0,0,1,34.0,43.0,voiture,voiture,3,1,1,1,3
202400022218,2024-01-25 13:50:00,2024,1,25,13,50,33,33069,,44.86942,-0.6072,Plein jour,En agglomération,Autre intersection,Normale,Deux véhicules - côté,4,2,2,0,1,1,1,0,1,50,2,2,1,0,1,0,80.0,47.0,voiture,deux_roues,1,2,9,1,3
202400022218,2024-01-25 13:50:00,2024,1,25,13,50,33,33069,,44.86942,-0.6072,Plein jour,En agglomération,Autre intersection,Normale,Deux véhicules - côté,4,-1, -1,-1,1,1,1,0,1,30,2,2,1,0,1,0,80.0,47.0,voiture,deux_roues,1,2,9,1,3
202400022219,2024-09-06 01:00:00,2024,9,6,1,0,59,59350,Rue du Quai,50.63713,3.05562,Nuit avec éclairage allumé,En agglomération,Hors intersection,Normale,Autre collision,4,1,1,0,1,3,1,0,1,30,3,3,2,0,0,1,41.0,28.0,voiture,deux_roues,5,2,1,1,6
202400022220,2024-07-29 22:20:00,2024,7,29,22,20,95,95527,A3,48.98224238,2.50206822,Nuit avec éclairage allumé,Hors agglomération,Hors intersection,Normale,Deux véhicules - arrière,1,3,4,0,1,1,1,9,1,90,2,5,1,0,0,4,19.0,34.0,voiture,voiture,5,1,1,1,2
202400022221,2024-09-05 20:08:00,2024,9,5,20,8,56,56260,Rue Henri Dunant,47.65169,-2.76775,Plein jour,En agglomération,Intersection en X,Normale,Autre collision,4,2,2,0,1,1,1,0,4,50,1,1,0,0,0,1,22.0,,voiture,,1,2,2,1,6
202400022221,2024-09-05 20:08:00,2024,9,5,20,8,56,56260,Rue Henri Dunant,47.65169,-2.76775,Plein jour,En agglomération,Intersection en X,Normale,Autre collision,4,2,2,0,1,1,1,0,4,50,1,1,0,0,0,1,22.0,,voiture,,1,2,2,1,6
202400022222,2024-01-26 16:20:00,2024,1,26,16,20,29,29232,Route de Rosporden,47.98989423,-4.06456878,Plein jour,En agglomération,Hors intersection,Normale,Trois véhicules et plus - en chaîne,3,2,1,0,2,1,1,0,1,50,3,4,3,0,0,1,59.0,45.0,voiture,voiture,1,2,1,1,4
202400022223,2024-09-04 16:37:00,2024,9,4,16,37,51,51454,POINCARE (RUE RAYMOND),49.282407,4.018998,Plein jour,En agglomération,Intersection en T,Normale,Sans collision,4,1,2,1,1,1,1,0,1,50,1,1,0,0,0,1,49.0,,deux_roues,,1,2,3,1,7
202400022223,2024-09-04 16:37:00,2024,9,4,16,37,51,51454,POINCARE (RUE RAYMOND),49.282407,4.018998,Plein jour,En agglomération,Intersection en T,Normale,Sans collision,4,1,1,0,1,1,1,0,1,50,1,1,0,0,0,1,49.0,,deux_roues,,1,2,3,1,7
202400022224,2024-07-29 16:30:00,2024,7,29,16,30,93,93013,AUTOROUTE A1,48.94022999,2.42355031,Plein jour,Hors agglomération,Hors intersection,Normale,Trois véhicules et plus - en chaîne,1,3,4,0,1,1,1,0,1,110,3,3,2,0,0,1,38.0,34.0,voiture,deux_roues,1,1,1,1,4
202400022225,2024-07-29 14:00:00,2024,7,29,14,0,95,95488,A15,49.01352598,2.14843642,Plein jour,Hors agglomération,Hors intersection,Normale,Autre collision,1,1,3,0,1,1,1,0,1,50,1,1,0,0,0,1,70.0,,voiture,,1,1,1,1,6
202400022226,2024-01-26 18:55:00,2024,1,26,18,55,26,26198,Avenue de Gournier,44.53168,4.74263,Nuit avec éclairage allumé,Hors agglomération,Intersection en T,Normale,Deux véhicules - côté,2,2,2,0,1,1,1,0,1,70,2,2,1,0,1,0,31.0,18.0,voiture,deux_roues,5,1,3,1,3
202400022226,2024-01-26 18:55:00,2024,1,26,18,55,26,26198,Avenue de Gournier,44.53168,4.74263,Nuit avec éclairage allumé,Hors agglomération,Intersection en T,Normale,Deux véhicules - côté,2,-1,2,0,1,1,1,0,1,50,2,2,1,0,1,0,31.0,18.0,voiture,deux_roues,5,1,3,1,3
202400022227,2024-08-31 19:00:00,2024,8,31,19,0,50,50502,EXODE,49.11109,-1.09001,Plein jour,En agglomération,Intersection en X,Normale,Deux véhicules - côté,4,2,0,0,3,1,1,0,1,50,2,4,3,0,1,0,15.0,20.0,deux_roues,voiture,1,2,2,1,3
202400022227,2024-08-31 19:00:00,2024,8,31,19,0,50,50502,EXODE,49.11109,-1.09001,Plein jour,En agglomération,Intersection en X,Normale,Deux véhicules - côté,4,2,0,0,1,1,1,0,1,50,2,4,3,0,1,0,15.0,20.0,deux_roues,voiture,1,2,2,1,3
202400022228,2024-01-25 18:15:00,2024,1,25,18,15,25,25284,BETHONCOURT (ROUTE DE ),47.53018,6.81022,Nuit avec éclairage allumé,En agglomération,Hors intersection,Pluie légère,Autre collision,3,2,2,0,1,1,2,0,1,50,1,2,1,0,1,0,52.0,,voiture,,5,2,1,2,6
202400022229,2024-08-19 00:00:00,2024,8,19,0,0,49,49099,RD 20,47.04831,-0.83236,Nuit sans éclairage public,Hors agglomération,Hors intersection,Normale,Deux véhicules - arrière,3,2,0,0,1,1,1,0,1,70,2,2,0,0,1,1,17.0,17.0,deux_roues,deux_roues,3,1,1,1,2
202400022230,2024-07-30 19:45:00,2024,7,30,19,45,77,77058,A4,48.8308,2.692695,Plein jour,Hors agglomération,Hors intersection,Normale,Trois véhicules et plus - en chaîne,1,1,3,0,1,1,1,0,1,130,4,5,2,0,0,3,41.0,21.0,voiture,voiture,1,1,1,1,4
202400022231,2024-01-26 07:30:00,2024,1,26,7,30,25,25056,BLUM BOULEVARD LEON (entre 51 ET  90),47.25999,6.03092,Nuit avec éclairage allumé,En agglomération,Hors intersection,Normale,Deux véhicules - frontale,4,3,4,0,1,1,1,0,1,50,2,3,1,0,0,2,,35.0,voiture,voiture,5,2,1,1,1
202400022232,2024-09-05 04:20:00,2024,9,5,4,20,49,49007,CROIX BLANCHE RUE ET SQUARE,47.4787,-0.51751,Nuit avec éclairage allumé,En agglomération,Hors intersection,Normale,Autre collision,4,2,2,0,1,1,1,0,1,50,1,1,0,0,0,1,17.0,,voiture,,5,2,1,1,6
202400022233,2024-07-29 16:50:00,2024,7,29,16,50,77,77373,RN104,48.772912,2.611876,Plein jour,Hors agglomération,Hors intersection,Normale,Autre collision,2,1,2,0,1,1,1,0,1,90,2,2,1,0,1,0,44.0,43.0,deux_roues,utilitaire_camion,1,1,1,1,6
202400022234,2024-09-04 22:40:00,2024,9,4,22,40,49,49007,SAUMUROISE IMPASSE ET RUE,47.45564,-0.5299,Nuit avec éclairage allumé,En agglomération,Hors intersection,Normale,Deux véhicules - côté,4,2,2,0,1,1,1,0,1,50,2,2,1,0,0,1,43.0,30.0,voiture,voiture,5,2,1,1,3
202400022235,2024-07-29 12:50:00,2024,7,29,12,50,45,45208,D943 PR 0 + 780,47.998241,2.743294,Plein jour,En agglomération,Hors intersection,Normale,Autre collision,3,2,2,0,1,1,1,0,1,50,1,1,0,0,0,1,40.0,,voiture,,1,2,1,1,6
202400022236,2024-01-25 21:15:00,2024,1,25,21,15,14,14118,4 Boulevard Richemond,49.19156,-0.3757,Nuit avec éclairage allumé,En agglomération,Hors intersection,Normale,Deux véhicules - arrière,4,3,4,0,1,1,1,0,1,50,2,3,2,0,0,1,28.0,18.0,voiture,deux_roues,5,2,1,1,2
202400022237,2024-09-05 10:34:00,2024,9,5,10,34,45,45232,D2020 PR 40 + 408,47.8527,1.91194,Plein jour,En agglomération,Hors intersection,Pluie légère,Deux véhicules - côté,7,3,4,0,1,1,2,0,1,90,2,2,1,0,0,1,20.0,20.0,voiture,voiture,1,2,1,2,3
202400022238,2024-05-28 17:25:00,2024,5,28,17,25,43,43089,Route de Langeac,45.0522296,3.84412651,Plein jour,En agglomération,Hors intersection,Normale,Sans collision,3,2,2,0,1,1,1,0,1,50,1,1,0,0,0,1,79.0,,deux_roues,,1,2,1,1,7
202400022239,2024-01-25 21:30:00,2024,1,25,21,30,14,14118,126 Boulevard Raymond Poincaré,49.16693,-0.33855,Nuit avec éclairage allumé,En agglomération,Intersection en T,Normale,Deux véhicules - côté,4,2,2,0,1,1,2,0,1,50,2,2,1,0,0,1,43.0,24.0,voiture,deux_roues,5,2,3,1,3
202400022239,2024-01-25 21:30:00,2024,1,25,21,30,14,14118,126 Boulevard Raymond Poincaré,49.16693,-0.33855,Nuit avec éclairage allumé,En agglomération,Intersection en T,Normale,Deux véhicules - côté,4,2,2,0,1,1,2,0,1,50,2,2,1,0,0,1,43.0,24.0,voiture,deux_roues,5,2,3,1,3
202400022240,2024-05-30 05:50:00,2024,5,30,5,50,43,43157,Place du Breuil,45.04207,3.88473,Nuit avec éclairage allumé,En agglomération,Hors intersection,Temps éblouissant,Autre collision,4,2,2,0,1,1,2,0,1,50,1,1,0,0,0,1,24.0,,deux_roues,,5,2,1,7,6
202400022241,2024-09-05 08:00:00,2024,9,5,8,0,45,45234,Rue du Chapeau Rouge,47.8798,1.8854,Plein jour,En agglomération,Giratoire,Pluie légère,Deux véhicules - frontale,4,2,2,0,1,1,2,0,1,50,2,2,1,0,0,1,17.0,43.0,deux_roues,voiture,1,2,6,2,1
202400022241,2024-09-05 08:00:00,2024,9,5,8,0,45,45234,Rue du Chapeau Rouge,47.8798,1.8854,Plein jour,En agglomération,Giratoire,Pluie légère,Deux véhicules - frontale,4,2,2,0,1,1,2,0,1,50,2,2,1,0,0,1,17.0,43.0,deux_roues,voiture,1,2,6,2,1
202400022242,2024-01-25 19:05:00,2024,1,25,19,5,14,14118,Avenue Amiral Mountbatten,49.19998,-0.39318,Nuit avec éclairage allumé,En agglomération,Hors intersection,Pluie légère,Sans collision,4,2,2,0,1,1,2,0,1,50,1,2,1,0,1,0,22.0,,voiture,,5,2,1,2,7
202400022243,2024-05-30 16:20:00,2024,5,30,16,20,74,74012,THONON (ROUTE DE),46.19413,6.25782,Plein jour,En agglomération,Hors intersection,Normale,Trois véhicules et plus - en chaîne,3,3,2,0,1,1,1,0,1,50,3,4,3,0,0,1,20.0,39.0,voiture,voiture,1,2,1,1,4
202400022244,2024-09-05 07:35:00,2024,9,5,7,35,45,45284,RN 60,47.92468,1.97724,Plein jour,Hors agglomération,Hors intersection,Pluie légère,Deux véhicules - côté,3,3,4,0,1,1,2,0,1,90,2,3,1,0,0,2,,19.0,voiture,voiture,1,1,1,2,3
202400022245,2024-01-26 11:00:00,2024,1,26,11,0,13,13043,ROVE (AV DU ),43.3839,5.21954,Plein jour,En agglomération,Hors intersection,Normale,Deux véhicules - arrière,4,2,2,0,2,1,1,0,1,70,2,2,0,0,0,2,28.0,29.0,utilitaire_camion,voiture,1,2,1,1,2
202400022246,2024-09-05 14:00:00,2024,9,5,14,0,45,45208,32 Rue Emile Decourt,47.998229,2.746053,Plein jour,En agglomération,Hors intersection,Normale,Deux véhicules - arrière,4,2,2,0,3,1,1,0,1,50,2,2,1,0,0,1,40.0,26.0,voiture,voiture,1,2,1,1,2
202400022247,2024-05-25 02:30:00,2024,5,25,2,30,57,57019,CD47,49.25716215,6.11427784,Nuit avec éclairage allumé,En agglomération,Hors intersection,Normale,Sans collision,3,2,2,0,1,1,1,0,3,50,1,3,1,0,2,0,23.0,,voiture,,5,2,1,1,7
202400022248,2024-07-29 07:10:00,2024,7,29,7,10,973,97302,GIRATOIRE MARINGOUINS,4.90696,-52.32233,Crépuscule ou aube,En agglomération,Giratoire,Normale,Sans collision,2,1,2,0,1,3,8,0,1,50,1,1,0,0,0,1,54.0,,deux_roues,,2,2,6,1,7
202400022249,2024-01-25 13:10:00,2024,1,25,13,10,13,13054,SIGNORE (BD DE LA ),43.42109,5.20775,Plein jour,En agglomération,Intersection en X,Normale,Deux véhicules - côté,4,2,2,0,1,1,1,5,1,50,2,3,1,0,0,2,25.0,26.0,voiture,voiture,1,2,2,1,3
202400022249,2024-01-25 13:10:00,2024,1,25,13,10,13,13054,SIGNORE (BD DE LA ),43.42109,5.20775,Plein jour,En agglomération,Intersection en X,Normale,Deux véhicules - côté,4,2,2,0,1,1,1,5,1,50,2,3,1,0,0,2,25.0,26.0,voiture,voiture,1,2,2,1,3
202400022250,2024-09-05 07:00:00,2024,9,5,7,0,44,44184,38 Rue Gabriel Fauré,47.26976,-2.23895,Crépuscule ou aube,En agglomération,Hors intersection,Pluie forte,Deux véhicules - côté,4,4,3,1,2,1,2,5,1,50,2,2,1,0,0,1,55.0,19.0,voiture,deux_roues,2,2,1,3,3
202400022251,2024-07-28 22:25:00,2024,7,28,22,25,973,97302,MERE THERESA (rue),4.91919,-52.31276,Nuit avec éclairage allumé,En agglomération,Hors intersection,Normale,Deux véhicules - arrière,4,2,2,0,1,1,1,0,1,50,2,3,1,0,0,2,39.0,,deux_roues,voiture,5,2,1,1,2
202400022252,2024-01-25 09:00:00,2024,1,25,9,0,11,11069,36 Avenue du Général Leclerc,43.21009,2.3645,Plein jour,En agglomération,Intersection en T,Normale,Deux véhicules - côté,4,1,1,0,1,1,1,0,1,50,2,2,1,0,0,1,51.0,33.0,utilitaire_camion,voiture,1,2,3,1,3
202400022252,2024-01-25 09:00:00,2024,1,25,9,0,11,11069,36 Avenue du Général Leclerc,43.21009,2.3645,Plein jour,En agglomération,Intersection en T,Normale,Deux véhicules - côté,4,3,2,0,1,1,1,0,1,50,2,2,1,0,0,1,51.0,33.0,utilitaire_camion,voiture,1,2,3,1,3
202400022253,2024-09-03 21:30:00,2024,9,3,21,30,44,44109,10 Quai Moncousu,47.2093,-1.55542,Crépuscule ou aube,En agglomération,Intersection à plus de 4 branches,Normale,Deux véhicules - frontale,4,3,2,0,4,1,1,5,1,30,2,3,1,0,0,2,29.0,20.0,voiture,deux_roues,2,2,5,1,1
202400022253,2024-09-03 21:30:00,2024,9,3,21,30,44,44109,10 Quai Moncousu,47.2093,-1.55542,Crépuscule ou aube,En agglomération,Intersection à plus de 4 branches,Normale,Deux véhicules - frontale,4,2,2,0,4,1,1,2,1,30,2,3,1,0,0,2,29.0,20.0,voiture,deux_roues,2,2,5,1,1
202400022254,2024-07-27 11:10:00,2024,7,27,11,10,972,97209,VICTOR CORIDUN (AVENUE),14.60985,-61.04684,Plein jour,En agglomération,Intersection en X,Normale,Deux véhicules - côté,4,2,0,0,1,1,1,9,1,50,2,2,1,0,0,1,27.0,55.0,voiture,voiture,1,2,2,1,3
202400022254,2024-07-27 11:10:00,2024,7,27,11,10,972,97209,VICTOR CORIDUN (AVENUE),14.60985,-61.04684,Plein jour,En agglomération,Intersection en X,Normale,Deux véhicules - côté,4,2,2,0,1,1,1,0,1,50,2,2,1,0,0,1,27.0,55.0,voiture,voiture,1,2,2,1,3
202400022255,2024-09-05 11:30:00,2024,9,5,11,30,37,37214,MAISONS BLANCHES (QUAI DES),47.39568,0.65703,Plein jour,En agglomération,Hors intersection,Pluie légère,Deux véhicules - arrière,4,2,2,0,1,1,2,0,1,50,2,2,1,0,0,1,19.0,36.0,deux_roues,voiture,1,2,1,2,2
202400022256,2024-01-23 17:45:00,2024,1,23,17,45,06,06027,Promenade de la Plage,43.6523,7.1544,Nuit avec éclairage allumé,En agglomération,Hors intersection,Normale,Trois véhicules et plus - en chaîne,7,3,4,0,1,1,1,0,1,50,5,5,3,0,0,2,48.0,72.0,voiture,deux_roues,5,2,1,1,4
202400022257,2024-09-05 19:45:00,2024,9,5,19,45,36,36159,Avenue de la Forêt,46.7738434,1.71059489,Plein jour,En agglomération,Hors intersection,Temps couvert,Deux véhicules - frontale,3,2,2,0,1,1,1,0,1,70,2,2,1,0,0,1,61.0,74.0,voiture,voiture,1,2,1,8,1
202400022258,2024-07-29 01:26:00,2024,7,29,1,26,69,69387,Rue Montesquieu,45.75181,4.84413,Nuit avec éclairage allumé,En agglomération,Hors intersection,Normale,Autre collision,4,1,1,2,1,1,1,0,5,30,1,1,0,0,0,1,48.0,,deux_roues,,5,2,1,1,6
202400022259,2024-01-26 18:50:00,2024,1,26,18,50,01,01053,boulevard de brou,46.19989,5.23347,Nuit avec éclairage allumé,En agglomération,Intersection en T,Pluie légère,Autre collision,4,-1,1,0,1,1,2,0,6,50,1,3,2,0,0,1,88.0,,voiture,,5,2,3,2,6
202400022259,2024-01-26 18:50:00,2024,1,26,18,50,01,01053,boulevard de brou,46.19989,5.23347,Nuit avec éclairage allumé,En agglomération,Intersection en T,Pluie légère,Autre collision,4,2,2,0,1,1,2,0,1,50,1,3,2,0,0,1,88.0,,voiture,,5,2,3,2,6
202400022260,2024-09-05 04:30:00,2024,9,5,4,30,35,35238,FREVILLE (AVENUE HENRI),48.08372,-1.67514,Nuit avec éclairage allumé,En agglomération,Intersection en X,Pluie légère,Deux véhicules - côté,4,3,4,2,1,1,2,5,1,50,2,5,0,0,0,5,55.0,56.0,transport_commun,utilitaire_camion,5,2,2,2,3
202400022260,2024-09-05 04:30:00,2024,9,5,4,30,35,35238,FREVILLE (AVENUE HENRI),48.08372,-1.67514,Nuit avec éclairage allumé,En agglomération,Intersection en X,Pluie légère,Deux véhicules - côté,4,3,2,2,1,1,2,5,1,30,2,5,0,0,0,5,55.0,56.0,transport_commun,utilitaire_camion,5,2,2,2,3
202400022261,2024-01-25 22:30:00,2024,1,25,22,30,75,75120,ECHANGEUR BAGNOLET,48.86589882,2.41253579,Nuit avec éclairage allumé,En agglomération,Hors intersection,Normale,Sans collision,4,1,2,0,1,2,1,0,1,70,1,1,0,0,0,1,20.0,,deux_roues,,5,2,1,1,7
202400022262,2024-07-29 22:40:00,2024,7,29,22,40,2B,2B033,GIACCOBBI - AV PAUL,42.67131,9.44248,Nuit avec éclairage allumé,En agglomération,Giratoire,Normale,Deux véhicules - côté,4,1,2,0,1,2,1,5,1,50,2,5,2,0,0,3,18.0,27.0,voiture,utilitaire_camion,5,2,6,1,3
202400022262,2024-07-29 22:40:00,2024,7,29,22,40,2B,2B033,GIACCOBBI - AV PAUL,42.67131,9.44248,Nuit avec éclairage allumé,En agglomération,Giratoire,Normale,Deux véhicules - côté,4,1,1,0,2,1,1,5,1,50,2,5,2,0,0,3,18.0,27.0,voiture,utilitaire_camion,5,2,6,1,3
202400022263,2024-09-05 17:10:00,2024,9,5,17,10,34,34172,MOULINS (AVENUE DES,43.62089,3.83363,Plein jour,En agglomération,Hors intersection,Normale,Deux véhicules - côté,4,2,5,0,1,1,1,0,1,50,2,2,1,0,0,1,36.0,24.0,deux_roues,voiture,1,2,1,1,3
202400022264,2024-01-26 06:00:00,2024,1,26,6,0,75,75105,RUE DES ECOLES,48.8499248,2.34365112,Nuit avec éclairage allumé,En agglomération,Intersection en T,Pluie légère,Autre collision,4,1, -1,-1,1,1,2,0,8,30,1,2,1,0,0,1,27.0,,voiture,,5,2,3,2,6
202400022264,2024-01-26 06:00:00,2024,1,26,6,0,75,75105,RUE DES ECOLES,48.8499248,2.34365112,Nuit avec éclairage allumé,En agglomération,Intersection en T,Pluie légère,Autre collision,4,2,3,0,1,1,2,0,8,30,1,2,1,0,0,1,27.0,,voiture,,5,2,3,2,6
202400022265,2024-07-29 18:58:00,2024,7,29,18,58,2B,2B120,LAGUNE (Route de la) D107,42.61847,9.4762,Plein jour,Hors agglomération,Hors intersection,Normale,Deux véhicules - arrière,4,3,2,0,1,1,1,0,1,70,2,3,2,0,0,1,21.0,24.0,voiture,voiture,1,1,1,1,2
202400022266,2024-09-04 09:33:00,2024,9,4,9,33,34,34003,MONACO (F16 A G15,43.30909,3.47714,Plein jour,En agglomération,Giratoire,Normale,Deux véhicules - côté,4,1,1,0,1,1,1,0,1,50,2,2,1,0,1,0,23.0,62.0,voiture,deux_roues,1,2,6,1,3
202400022266,2024-09-04 09:33:00,2024,9,4,9,33,34,34003,MONACO (F16 A G15,43.30909,3.47714,Plein jour,En agglomération,Giratoire,Normale,Deux véhicules - côté,4,2,2,0,1,1,1,0,1,50,2,2,1,0,1,0,23.0,62.0,voiture,deux_roues,1,2,6,1,3
202400022267,2024-07-27 15:00:00,2024,7,27,15,0,971,97101,PERRIN (SECTEUR),16.28071,-61.51117,Plein jour,Hors agglomération,Hors intersection,Normale,Autre collision,3,2,3,0,2,1,1,8,1,50,1,1,0,0,0,1,26.0,,voiture,,1,1,1,1,6
202400022268,2024-01-26 08:25:00,2024,1,26,8,25,75,75120,AVENUE GAMBETTA,48.871219,2.404008,Crépuscule ou aube,En agglomération,Intersection en Y,Pluie légère,Trois véhicules et plus - collisions multiples,4,2,1,1,3,1,2,0,1,30,4,4,3,0,0,1,66.0,33.0,utilitaire_camion,utilitaire_camion,2,2,4,2,5
202400022268,2024-01-26 08:25:00,2024,1,26,8,25,75,75120,AVENUE GAMBETTA,48.871219,2.404008,Crépuscule ou aube,En agglomération,Intersection en Y,Pluie légère,Trois véhicules et plus - collisions multiples,4,1, -1,-1,1,1,2,0,1,30,4,4,3,0,0,1,66.0,33.0,utilitaire_camion,utilitaire_camion,2,2,4,2,5
202400022269,2024-09-05 08:10:00,2024,9,5,8,10,33,33318,,44.81228,-0.6447,Plein jour,En agglomération,Hors intersection,Normale,Deux véhicules - arrière,4,2,2,2,1,1,1,-1,1,50,2,2,1,0,0,1,29.0,52.0,deux_roues,voiture,1,2,1,1,2
202400022270,2024-01-26 07:40:00,2024,1,26,7,40,75,75117,BOULEVARD DU FORT DE VAUX,48.893493,2.303364,Nuit avec éclairage allumé,En agglomération,Hors intersection,Pluie légère,Autre collision,4,1,1,0,1,1,2,0,1,50,1,1,0,0,0,1,32.0,,deux_roues,,5,2,1,2,6
202400022271,2024-07-29 09:45:00,2024,7,29,9,45,2A,2A004,ALATA ROUTE,41.94619,8.73715,Plein jour,Hors agglomération,Hors intersection,Normale,Deux véhicules - arrière,4,2,1,0,2,3,1,0,1,50,2,2,1,0,0,1,61.0,55.0,voiture,deux_roues,1,1,1,1,2
202400022272,2024-09-05 15:20:00,2024,9,5,15,20,27,27681,IVRY (ROUTE D'),49.071,1.472,Plein jour,Hors agglomération,Intersection en T,Pluie forte,Deux véhicules - côté,4,2,2,0,1,1,2,0,1,70,2,2,0,0,0,2,43.0,65.0,utilitaire_camion,voiture,1,1,3,3,3
202400022272,2024-09-05 15:20:00,2024,9,5,15,20,27,27681,IVRY (ROUTE D'),49.071,1.472,Plein jour,Hors agglomération,Intersection en T,Pluie forte,Deux véhicules - côté,4,2,2,0,1,1,2,0,1,50,2,2,0,0,0,2,43.0,65.0,utilitaire_camion,voiture,1,1,3,3,3
202400022273,2024-07-29 13:40:00,2024,7,29,13,40,95,95277,BELLE ETOILE (RUE DE LA),48.97857,2.50021,Plein jour,En agglomération,Hors intersection,Normale,Autre collision,4,3,2,0,1,1,1,0,1,50,1,2,1,0,0,1,61.0,,voiture,,1,2,1,1,6
202400022274,2024-01-26 00:10:00,2024,1,26,0,10,75,75115,AVENUE DU MAINE,48.844957,2.319849,Nuit avec éclairage allumé,En agglomération,Intersection en T,Normale,Deux véhicules - frontale,4,2,2,0,1,1,2,0,1,30,2,2,1,0,0,1,24.0,52.0,deux_roues,voiture,5,2,3,1,1
202400022274,2024-01-26 00:10:00,2024,1,26,0,10,75,75115,AVENUE DU MAINE,48.844957,2.319849,Nuit avec éclairage allumé,En agglomération,Intersection en T,Normale,Deux véhicules - frontale,4,1, -1,-1,1,1,2,0,1,30,2,2,1,0,0,1,24.0,52.0,deux_roues,voiture,5,2,3,1,1
202400022275,2024-09-05 19:40:00,2024,9,5,19,40,27,27229,VERNON (RUE DE),49.03173,1.15862,Plein jour,En agglomération,Intersection en X,Normale,Deux véhicules - arrière,4,1,1,0,1,1,1,5,1,50,2,2,1,0,0,1,22.0,38.0,deux_roues,voiture,1,2,2,1,2
202400022275,2024-09-05 19:40:00,2024,9,5,19,40,27,27229,VERNON (RUE DE),49.03173,1.15862,Plein jour,En agglomération,Intersection en X,Normale,Deux véhicules - arrière,4,2,2,0,4,1,1,0,1,50,2,2,1,0,0,1,22.0,38.0,deux_roues,voiture,1,2,2,1,2
202400022276,2024-07-29 09:45:00,2024,7,29,9,45,95,95280,ALBERT SARRAUT (AVENUE),49.031541,2.45913148,Plein jour,En agglomération,Intersection en T,Normale,Deux véhicules - frontale,4,2,2,0,1,2,1,0,1,50,2,2,1,0,0,1,26.0,32.0,deux_roues,utilitaire_camion,1,2,3,1,1
202400022276,2024-07-29 09:45:00,2024,7,29,9,45,95,95280,ALBERT SARRAUT (AVENUE),49.031541,2.45913148,Plein jour,En agglomération,Intersection en T,Normale,Deux véhicules - frontale,4,2,2,0,1,2,1,0,1,50,2,2,1,0,0,1,26.0,32.0,deux_roues,utilitaire_camion,1,2,3,1,1
202400022277,2024-01-24 14:35:00,2024,1,24,14,35,75,75114,RUE FROIDEVAUX,48.835184,2.329996,Plein jour,En agglomération,Intersection en T,Normale,Deux véhicules - côté,4,2,6,1,2,1,1,0,1,30,2,2,1,0,1,0,38.0,47.0,deux_roues,voiture,1,2,3,1,3
202400022277,2024-01-24 14:35:00,2024,1,24,14,35,75,75114,RUE FROIDEVAUX,48.835184,2.329996,Plein jour,En agglomération,Intersection en T,Normale,Deux véhicules - côté,4,1,1,0,1,1,1,0,1,30,2,2,1,0,1,0,38.0,47.0,deux_roues,voiture,1,2,3,1,3
202400022278,2024-09-05 14:08:00,2024,9,5,14,8,27,27229,VAL ITON (RUE DU),49.03426,1.14763,Plein jour,En agglomération,Hors intersection,Pluie légère,Sans collision,4,-1,2,0,2,3,2,0,5,50,1,1,0,0,0,1,25.0,,voiture,,1,2,1,2,7
202400022279,2024-07-29 06:55:00,2024,7,29,6,55,95,95555,CRESSONNIERES (RUE DES),48.97633577,2.28766948,Plein jour,En agglomération,Giratoire,Normale,Autre collision,4,2,1,0,1,1,1,9,8,50,1,1,0,1,0,0,51.0,,voiture,,1,2,6,1,6
202400022280,2024-09-05 18:45:00,2024,9,5,18,45,26,26362,Avenue Victor Hugo,44.91430002,4.88477468,Plein jour,En agglomération,Hors intersection,Normale,Autre collision,4,2,2,0,1,1,1,0,1,50,1,2,1,0,1,0,88.0,,voiture,,1,2,1,1,6
202400022281,2024-07-29 06:15:00,2024,7,29,6,15,95,95127,HAUT PAVE (AVENUE DU),49.05105206,2.03174606,Plein jour,En agglomération,Giratoire,Normale,Deux véhicules - côté,4,2,2,0,1,2,1,5,1,50,2,2,1,0,0,1,52.0,25.0,voiture,utilitaire_camion,1,2,6,1,3
202400022281,2024-07-29 06:15:00,2024,7,29,6,15,95,95127,HAUT PAVE (AVENUE DU),49.05105206,2.03174606,Plein jour,En agglomération,Giratoire,Normale,Deux véhicules - côté,4,2,2,0,1,2,1,5,1,50,2,2,1,0,0,1,52.0,25.0,voiture,utilitaire_camion,1,2,6,1,3
202400022282,2024-01-26 10:50:00,2024,1,26,10,50,75,75113,RUE CLISSON,48.832182,2.367656,Plein jour,En agglomération,Intersection en X,Normale,Autre collision,4,1, -1,-1,1,1,2,0,1,30,2,2,1,0,0,1,40.0,51.0,voiture,deux_roues,1,2,2,1,6