accident_id,datetime,annee,mois,jour,heure,minute,departement,commune_insee,adresse,latitude,longitude,luminosite,agglomeration,intersection,meteo,collision,catr,circ,nbv,vosp,prof,plan,surf,infra,situ,vma,nb_vehicules,nb_usagers,nb_indemnes,nb_tues,nb_blesses_hosp,nb_blesses_legers,age_cond_1,age_cond_2,veh_type_cond_1,veh_type_cond_2,lum_code,agg_code,int_code,atm_code,col_code
202400022282,2024-01-26 10:50:00,2024,1,26,10,50,75,75113,RUE CLISSON,48.832182,2.367656,Plein jour,En agglomération,Intersection en X,Normale,Autre collision,4,1,1,0,1,1,2,0,1,30,2,2,1,0,0,1,40.0,51.0,voiture,deux_roues,1,2,2,1,6
202400022283,2024-09-05 07:35:00,2024,9,5,7,35,26,26362,Avenue Docteur Paul Santy,44.91256,4.90879,Plein jour,En agglomération,Hors intersection,Pluie forte,Autre collision,4,1,2,0,1,1,2,0,1,50,1,2,1,0,1,0,74.0,,voiture,,1,2,1,3,6
202400022284,2024-01-26 21:30:00,2024,1,26,21,30,75,75112,RUE DE CHARENTON,48.83527505,2.39280179,Nuit sans éclairage public,En agglomération,Intersection en X,Normale,Deux véhicules - côté,4,1, -1,-1,1,1,1,0,5,30,2,2,1,0,0,1,44.0,54.0,voiture,deux_roues,3,2,2,1,3
202400022284,2024-01-26 21:30:00,2024,1,26,21,30,75,75112,RUE DE CHARENTON,48.83527505,2.39280179,Nuit sans éclairage public,En agglomération,Intersection en X,Normale,Deux véhicules - côté,4,1,2,1,2,1,1,0,5,30,2,2,1,0,0,1,44.0,54.0,voiture,deux_roues,3,2,2,1,3
202400022285,2024-09-05 19:40:00,2024,9,5,19,40,26,26198,Rue Léon Blum,44.56823427,4.75246668,Plein jour,En agglomération,Hors intersection,Normale,Deux véhicules - frontale,4,2,2,0,1,1,1,0,1,50,2,2,1,0,0,1,16.0,27.0,deux_roues,voiture,1,2,1,1,1
202400022286,2024-07-29 05:05:00,2024,7,29,5,5,95,95218,N184,49.01342586,2.08977853,Nuit avec éclairage allumé,En agglomération,Intersection en T,Normale,Deux véhicules - arrière,2,2,0,0,1,1,1,0,8,50,2,5,1,0,0,4,44.0,58.0,voiture,utilitaire_camion,5,2,3,1,2
202400022286,2024-07-29 05:05:00,2024,7,29,5,5,95,95218,N184,49.01342586,2.08977853,Nuit avec éclairage allumé,En agglomération,Intersection en T,Normale,Deux véhicules - arrière,2,2,0,0,1,1,1,5,1,70,2,5,1,0,0,4,44.0,58.0,voiture,utilitaire_camion,5,2,3,1,2
202400022287,2024-05-25 05:50:00,2024,5,25,5,50,75,75117,BOULEVARD PERSHING,48.881735,2.285234,Plein jour,En agglomération,Intersection en T,Normale,Sans collision,4,2,4,0,1,1,1,0,1,50,1,1,0,0,1,0,26.0,,deux_roues,,1,2,3,1,7
202400022287,2024-05-25 05:50:00,2024,5,25,5,50,75,75117,BOULEVARD PERSHING,48.881735,2.285234,Plein jour,En agglomération,Intersection en T,Normale,Sans collision,4,1, -1,-1,1,1,1,0,1,50,1,1,0,0,1,0,26.0,,deux_roues,,1,2,3,1,7
202400022288,2024-01-25 22:45:00,2024,1,25,22,45,75,75111,BOULEVARD VOLTAIRE,48.855379,2.38434,Nuit avec éclairage allumé,En agglomération,Intersection en T,Pluie légère,Deux véhicules - côté,4,2,2,1,1,1,2,0,1,30,2,2,1,0,0,1,43.0,30.0,deux_roues,voiture,5,2,3,2,3
202400022288,2024-01-25 22:45:00,2024,1,25,22,45,75,75111,BOULEVARD VOLTAIRE,48.855379,2.38434,Nuit avec éclairage allumé,En agglomération,Intersection en T,Pluie légère,Deux véhicules - côté,4,-1,2,0,1,1,2,0,1,30,2,2,1,0,0,1,43.0,30.0,deux_roues,voiture,5,2,3,2,3
202400022289,2024-05-24 10:50:00,2024,5,24,10,50,75,75114,BOULEVARD BRUNE,48.827685,2.305111,Plein jour,En agglomération,Hors intersection,Normale,Sans collision,4,2,5,1,1,1,1,0,5,50,1,1,0,0,0,1,47.0,,deux_roues,,1,2,1,1,7
202400022290,2024-09-05 08:20:00,2024,9,5,8,20,25,25204,Champ d'anis  (avenue),46.92148,6.34656,Plein jour,En agglomération,Intersection en Y,Pluie forte,Deux véhicules - côté,4,2,2,0,1,1,2,0,1,50,2,4,3,0,0,1,18.0,42.0,voiture,voiture,1,2,4,3,3
202400022290,2024-09-05 08:20:00,2024,9,5,8,20,25,25204,Champ d'anis  (avenue),46.92148,6.34656,Plein jour,En agglomération,Intersection en Y,Pluie forte,Deux véhicules - côté,4,2,2,0,1,2,2,0,1,50,2,4,3,0,0,1,18.0,42.0,voiture,voiture,1,2,4,3,3
202400022291,2024-07-29 17:40:00,2024,7,29,17,40,95,95018,D392,48.94810001,2.20605018,Plein jour,En agglomération,Autre intersection,Normale,Deux véhicules - arrière,3,-1,1,0,1,1,1,0,8,50,2,3,2,0,1,0,21.0,21.0,utilitaire_camion,deux_roues,1,2,9,1,2
202400022292,2024-01-25 08:55:00,2024,1,25,8,55,75,75103,RUE REAUMUR,48.865975,2.353772,Plein jour,En agglomération,Intersection en X,Temps couvert,Autre collision,4,1,3,3,1,1,2,0,1,30,1,2,1,0,0,1,38.0,,voiture,,1,2,2,8,6
202400022292,2024-01-25 08:55:00,2024,1,25,8,55,75,75103,RUE REAUMUR,48.865975,2.353772,Plein jour,En agglomération,Intersection en X,Temps couvert,Autre collision,4,1,3,3,1,1,2,0,1,30,1,2,1,0,0,1,38.0,,voiture,,1,2,2,8,6
202400022293,2024-07-29 06:30:00,2024,7,29,6,30,91,91421,CORBEIL (ROUTE DE),48.70881,2.44104,Crépuscule ou aube,En agglomération,Hors intersection,Normale,Autre collision,3,2,2,0,1,1,1,0,1,30,1,1,0,0,0,1,57.0,,deux_roues,,2,2,1,1,6
202400022294,2024-05-06 18:05:00,2024,5,6,18,5,75,75111,RUE DU CHEMIN VERT,48.861857,2.383453,Plein jour,En agglomération,Intersection en T,Normale,Deux véhicules - côté,4,1, -1,-1,1,1,1,0,1,30,2,2,1,0,0,1,32.0,35.0,deux_roues,deux_roues,1,2,3,1,3
202400022294,2024-05-06 18:05:00,2024,5,6,18,5,75,75111,RUE DU CHEMIN VERT,48.861857,2.383453,Plein jour,En agglomération,Intersection en T,Normale,Deux véhicules - côté,4,1,2,1,2,1,1,0,1,30,2,2,1,0,0,1,32.0,35.0,deux_roues,deux_roues,1,2,3,1,3
202400022295,2024-09-05 07:37:00,2024,9,5,7,37,19,19031,MIRABEAU (BOULEVARD) COTE SUD,45.16422,1.5215,Nuit avec éclairage allumé,En agglomération,Intersection en X,Normale,Deux véhicules - côté,4,2,2,0,1,1,1,0,1,50,2,2,0,0,0,2,51.0,18.0,deux_roues,deux_roues,5,2,2,1,3
202400022295,2024-09-05 07:37:00,2024,9,5,7,37,19,19031,MIRABEAU (BOULEVARD) COTE SUD,45.16422,1.5215,Nuit avec éclairage allumé,En agglomération,Intersection en X,Normale,Deux véhicules - côté,4,1,1,0,1,1,1,0,1,50,2,2,0,0,0,2,51.0,18.0,deux_roues,deux_roues,5,2,2,1,3
202400022296,2024-01-26 17:40:00,2024,1,26,17,40,94,94058,Rue d'Avron,48.849345,2.500638,Nuit avec éclairage allumé,En agglomération,Hors intersection,Normale,Deux véhicules - arrière,4,1,1,2,1,1,1,0,1,30,2,2,1,0,0,1,75.0,,deux_roues,voiture,5,2,1,1,2
202400022297,2024-07-29 11:10:00,2024,7,29,11,10,91,91027,AV HENRI DUNANT,48.717286,2.399484,Plein jour,En agglomération,Hors intersection,Normale,Deux véhicules - côté,3,-1,2,0,1,3,1,0,1,30,2,2,1,0,0,1,30.0,58.0,utilitaire_camion,deux_roues,1,2,1,1,3
202400022298,2024-05-25 11:18:00,2024,5,25,11,18,75,75110,BOULEVARD DE MAGENTA,48.8814102,2.35141486,Plein jour,En agglomération,Intersection en Y,Normale,Deux véhicules - côté,4,-1,0,0,2,1,1,0,1,30,2,3,2,0,0,1,37.0,,deux_roues,voiture,1,2,4,1,3
202400022298,2024-05-25 11:18:00,2024,5,25,11,18,75,75110,BOULEVARD DE MAGENTA,48.8814102,2.35141486,Plein jour,En agglomération,Intersection en Y,Normale,Deux véhicules - côté,4,1, -1,-1,1,1,1,0,1,30,2,3,2,0,0,1,37.0,,deux_roues,voiture,1,2,4,1,3
202400022299,2024-09-04 08:30:00,2024,9,4,8,30,19,19031,BRUNE (BOULEVARD),45.15353,1.53674,Plein jour,En agglomération,Intersection en T,Normale,Deux véhicules - côté,4,2,2,0,1,1,1,0,1,50,2,2,1,0,0,1,24.0,39.0,deux_roues,voiture,1,2,3,1,3
202400022299,2024-09-04 08:30:00,2024,9,4,8,30,19,19031,BRUNE (BOULEVARD),45.15353,1.53674,Plein jour,En agglomération,Intersection en T,Normale,Deux véhicules - côté,4,1,1,0,1,1,1,0,1,30,2,2,1,0,0,1,24.0,39.0,deux_roues,voiture,1,2,3,1,3
202400022300,2024-01-26 19:30:00,2024,1,26,19,30,94,94022,Av de Villeneuve Saint Georges / Rue Théophile Ducloux,48.76213999,2.41940376,Nuit avec éclairage allumé,En agglomération,Intersection en T,Normale,Autre collision,3,2,2,0,1,1,1,0,1,30,1,2,1,0,1,0,,,utilitaire_camion,,5,2,3,1,6
202400022300,2024-01-26 19:30:00,2024,1,26,19,30,94,94022,Av de Villeneuve Saint Georges / Rue Théophile Ducloux,48.76213999,2.41940376,Nuit avec éclairage allumé,En agglomération,Intersection en T,Normale,Autre collision,3,1,1,-1,1,1,1,0,1,-1,1,2,1,0,1,0,,,utilitaire_camion,,5,2,3,1,6
202400022301,2024-07-29 19:30:00,2024,7,29,19,30,89,89236,D 606,48.17745,3.29425,Plein jour,En agglomération,Hors intersection,Normale,Deux véhicules - arrière,4,2,2,0,1,1,1,0,1,50,2,2,1,0,0,1,74.0,17.0,voiture,deux_roues,1,2,1,1,2
202400022302,2024-05-25 09:30:00,2024,5,25,9,30,75,75108,COURS LA REINE,48.86501648,2.31556427,Plein jour,En agglomération,Intersection en T,Normale,Sans collision,4,1,2,3,1,1,1,0,1,50,1,1,0,0,0,1,30.0,,deux_roues,,1,2,3,1,7
202400022302,2024-05-25 09:30:00,2024,5,25,9,30,75,75108,COURS LA REINE,48.86501648,2.31556427,Plein jour,En agglomération,Intersection en T,Normale,Sans collision,4,1, -1,-1,1,1,1,0,1,50,1,1,0,0,0,1,30.0,,deux_roues,,1,2,3,1,7
202400022303,2024-01-25 16:30:00,2024,1,25,16,30,94,94073,Avenue du Général Leclerc / Av du Mal de Lattre de Tassigny,48.761278,2.403206,Crépuscule ou aube,En agglomération,Intersection en X,Normale,Deux véhicules - côté,3,2,2,0,1,1,1,0,1,30,2,2,1,0,0,1,73.0,21.0,voiture,deux_roues,2,2,2,1,3
202400022303,2024-01-25 16:30:00,2024,1,25,16,30,94,94073,Avenue du Général Leclerc / Av du Mal de Lattre de Tassigny,48.761278,2.403206,Crépuscule ou aube,En agglomération,Intersection en X,Normale,Deux véhicules - côté,3,3,4,0,1,1,1,0,1,50,2,2,1,0,0,1,73.0,21.0,voiture,deux_roues,2,2,2,1,3
202400022304,2024-09-05 11:15:00,2024,9,5,11,15,18,18033,47 Rue des Fonds Gaidons,47.07964,2.4243,Plein jour,En agglomération,Intersection en X,Normale,Deux véhicules - frontale,4,2,2,0,1,1,1,0,8,50,2,2,0,0,1,1,90.0,48.0,voiture,voiture,1,2,2,1,1
202400022304,2024-09-05 11:15:00,2024,9,5,11,15,18,18033,47 Rue des Fonds Gaidons,47.07964,2.4243,Plein jour,En agglomération,Intersection en X,Normale,Deux véhicules - frontale,4,2,2,0,1,1,1,0,1,50,2,2,0,0,1,1,90.0,48.0,voiture,voiture,1,2,2,1,1
202400022304,2024-09-05 11:15:00,2024,9,5,11,15,18,18033,47 Rue des Fonds Gaidons,47.07964,2.4243,Plein jour,En agglomération,Intersection en X,Normale,Deux véhicules - frontale,4,2,2,0,1,1,1,0,1,50,2,2,0,0,1,1,90.0,48.0,voiture,voiture,1,2,2,1,1
202400022304,2024-09-05 11:15:00,2024,9,5,11,15,18,18033,47 Rue des Fonds Gaidons,47.07964,2.4243,Plein jour,En agglomération,Intersection en X,Normale,Deux véhicules - frontale,4,2,2,0,1,3,1,0,8,50,2,2,0,0,1,1,90.0,48.0,voiture,voiture,1,2,2,1,1
202400022305,2024-05-25 19:45:00,2024,5,25,19,45,75,75115,BOULEVARD VICTOR,48.834874,2.28261,Plein jour,En agglomération,Hors intersection,Normale,Deux véhicules - côté,4,1,2,1,1,1,1,0,1,30,2,2,1,0,0,1,57.0,47.0,deux_roues,autre,1,2,1,1,3
202400022306,2024-07-09 15:25:00,2024,7,9,15,25,88,88160,BOULAY-DE-LA-MEURTHE (RUE),48.179,6.44457,Plein jour,En agglomération,Intersection en X,Normale,Deux véhicules - côté,4,2,2,0,2,1,1,0,1,50,2,2,1,0,0,1,25.0,40.0,deux_roues,voiture,1,2,2,1,3
202400022306,2024-07-09 15:25:00,2024,7,9,15,25,88,88160,BOULAY-DE-LA-MEURTHE (RUE),48.179,6.44457,Plein jour,En agglomération,Intersection en X,Normale,Deux véhicules - côté,4,1,1,0,1,1,1,0,1,50,2,2,1,0,0,1,25.0,40.0,deux_roues,voiture,1,2,2,1,3
202400022307,2024-07-26 12:19:00,2024,7,26,12,19,87,87085,KENNEDY (AVENUE DU PRESIDENT JOHN),45.80446485,1.28484964,Plein jour,En agglomération,Hors intersection,Normale,Autre collision,4,2,2,0,2,1,1,9,6,50,1,1,0,0,1,0,42.0,,deux_roues,,1,2,1,1,6
202400022308,2024-01-26 20:20:00,2024,1,26,20,20,93,93046,Avenue de Livry / Chemin de la Mare au Chanvre,48.92972,2.54071,Nuit avec éclairage allumé,En agglomération,Intersection en X,Normale,Deux véhicules - arrière,4,2,2,0,1,1,1,0,1,50,2,2,1,0,0,1,21.0,35.0,voiture,utilitaire_camion,5,2,2,1,2
202400022308,2024-01-26 20:20:00,2024,1,26,20,20,93,93046,Avenue de Livry / Chemin de la Mare au Chanvre,48.92972,2.54071,Nuit avec éclairage allumé,En agglomération,Intersection en X,Normale,Deux véhicules - arrière,4,2,2,0,1,1,1,0,1,50,2,2,1,0,0,1,21.0,35.0,voiture,utilitaire_camion,5,2,2,1,2
202400022309,2024-05-25 15:00:00,2024,5,25,15,0,75,75107,QUAI D ORSAY,48.862826,2.313414,Plein jour,En agglomération,Intersection en T,Normale,Deux véhicules - arrière,4,2, -1,-1,1,1,1,0,1,30,2,2,1,0,1,0,54.0,56.0,voiture,deux_roues,1,2,3,1,2
202400022309,2024-05-25 15:00:00,2024,5,25,15,0,75,75107,QUAI D ORSAY,48.862826,2.313414,Plein jour,En agglomération,Intersection en T,Normale,Deux véhicules - arrière,4,2,1,0,1,1,1,8,1,30,2,2,1,0,1,0,54.0,56.0,voiture,deux_roues,1,2,3,1,2
202400022310,2024-09-05 08:00:00,2024,9,5,8,0,13,13054,FIGUERES (RUE DES ),43.41418,5.21222,Plein jour,En agglomération,Intersection en X,Normale,Deux véhicules - côté,4,-1,2,0,1,1,1,0,1,50,2,3,2,0,0,1,38.0,50.0,voiture,deux_roues,1,2,2,1,3
202400022310,2024-09-05 08:00:00,2024,9,5,8,0,13,13054,FIGUERES (RUE DES ),43.41418,5.21222,Plein jour,En agglomération,Intersection en X,Normale,Deux véhicules - côté,4,-1, -1,0,1,1,1,0,1,50,2,3,2,0,0,1,38.0,50.0,voiture,deux_roues,1,2,2,1,3
202400022311,2024-07-29 05:35:00,2024,7,29,5,35,85,85194,Boulevard du vendée globe,46.49635,-1.75317,Nuit sans éclairage public,En agglomération,Hors intersection,Normale,Sans collision,4,2,2,0,1,1,1,0,1,50,1,2,1,0,1,0,24.0,,deux_roues,,3,2,1,1,7
202400022312,2024-01-26 12:50:00,2024,1,26,12,50,93,93070,Rue Ardoin,48.913431,2.324022,Plein jour,En agglomération,Hors intersection,Normale,Deux véhicules - arrière,4,2,2,0,1,1,1,0,1,50,2,2,1,0,0,1,20.0,20.0,deux_roues,utilitaire_camion,1,2,1,1,2
202400022313,2024-05-25 18:15:00,2024,5,25,18,15,75,75103,RUE RAMBUTEAU,48.86181725,2.35088128,Plein jour,En agglomération,Intersection en X,Normale,Autre collision,4,1, -1,-1,1,1,1,0,1,30,1,3,2,0,0,1,48.0,,voiture,,1,2,2,1,6
202400022313,2024-05-25 18:15:00,2024,5,25,18,15,75,75103,RUE RAMBUTEAU,48.86181725,2.35088128,Plein jour,En agglomération,Intersection en X,Normale,Autre collision,4,1,1,0,1,1,1,0,1,30,1,3,2,0,0,1,48.0,,voiture,,1,2,2,1,6
202400022314,2024-07-29 12:38:00,2024,7,29,12,38,85,85191,Rue du maréchal ney,46.67497,-1.42886,Plein jour,En agglomération,Hors intersection,Normale,Autre collision,4,2,2,1,1,1,1,0,1,50,1,2,1,0,0,1,30.0,,deux_roues,,1,2,1,1,6
202400022315,2024-09-05 18:00:00,2024,9,5,18,0,13,13209,REDON (BOULEVARD DU),43.24741913,5.42421768,Plein jour,En agglomération,Intersection en T,Normale,Deux véhicules - côté,4,1,10,0,2,1,1,0,1,50,2,2,1,0,0,1,29.0,50.0,voiture,deux_roues,1,2,3,1,3
202400022315,2024-09-05 18:00:00,2024,9,5,18,0,13,13209,REDON (BOULEVARD DU),43.24741913,5.42421768,Plein jour,En agglomération,Intersection en T,Normale,Deux véhicules - côté,4,2,2,0,1,1,1,0,1,50,2,2,1,0,0,1,29.0,50.0,voiture,deux_roues,1,2,3,1,3
202400022316,2024-01-26 08:00:00,2024,1,26,8,0,93,93066,Rue Pleyel,48.918966,2.345144,Crépuscule ou aube,En agglomération,Hors intersection,Pluie légère,Deux véhicules - côté,4,1,1,0,1,1,2,0,5,50,2,2,1,0,0,1,39.0,36.0,deux_roues,voiture,2,2,1,2,3
202400022317,2024-05-25 11:30:00,2024,5,25,11,30,75,75101,RUE DE RICHELIEU,48.86386458,2.33591598,Plein jour,En agglomération,Place,Normale,Trois véhicules et plus - en chaîne,4,1,1,0,1,1,1,0,1,30,3,3,2,0,0,1,39.0,38.0,voiture,voiture,1,2,7,1,4
202400022317,2024-05-25 11:30:00,2024,5,25,11,30,75,75101,RUE DE RICHELIEU,48.86386458,2.33591598,Plein jour,En agglomération,Place,Normale,Trois véhicules et plus - en chaîne,4,1,2,3,1,1,1,0,1,30,3,3,2,0,0,1,39.0,38.0,voiture,voiture,1,2,7,1,4
202400022318,2024-07-12 18:15:00,2024,7,12,18,15,84,84007,C.De GAULLE (Rocade),43.928486,4.809521,Plein jour,En agglomération,Intersection en X,Normale,Deux véhicules - côté,4,3,4,0,1,1,1,5,1,50,2,2,1,0,0,1,46.0,27.0,utilitaire_camion,voiture,1,2,2,1,3
202400022318,2024-07-12 18:15:00,2024,7,12,18,15,84,84007,C.De GAULLE (Rocade),43.928486,4.809521,Plein jour,En agglomération,Intersection en X,Normale,Deux véhicules - côté,4,2,2,0,1,1,1,0,1,50,2,2,1,0,0,1,46.0,27.0,utilitaire_camion,voiture,1,2,2,1,3
202400022319,2024-01-26 07:55:00,2024,1,26,7,55,93,93064,Rue Marcellin Berthelot / Rue Victor Hugo,48.8649312,2.49022186,Nuit sans éclairage public,En agglomération,Intersection en T,Pluie légère,Autre collision,4,1,1,0,1,1,2,9,1,30,1,2,1,0,0,1,,,voiture,,3,2,3,2,6
202400022319,2024-01-26 07:55:00,2024,1,26,7,55,93,93064,Rue Marcellin Berthelot / Rue Victor Hugo,48.8649312,2.49022186,Nuit sans éclairage public,En agglomération,Intersection en T,Pluie légère,Autre collision,4,2,2,-1,1,1,2,9,1,-1,1,2,1,0,0,1,,,voiture,,3,2,3,2,6
202400022320,2024-09-05 06:45:00,2024,9,5,6,45,13,13213,ESCADRILLE NORMANDIE NIEMEN,43.33987,5.40923,Crépuscule ou aube,Hors agglomération,Hors intersection,Normale,Trois véhicules et plus - collisions multiples,4,2,1,0,1,1,2,0,1,50,3,3,1,0,0,2,51.0,24.0,voiture,utilitaire_camion,2,1,1,1,5
202400022321,2024-05-25 06:50:00,2024,5,25,6,50,94,94074,Avenue Henri Barbusse / Rue Michelet,48.76358714,2.44213897,Crépuscule ou aube,En agglomération,Intersection en T,Normale,Deux véhicules - arrière,2,3,4,0,1,1,1,0,1,50,2,2,1,0,0,1,47.0,45.0,voiture,voiture,2,2,3,1,2
202400022321,2024-05-25 06:50:00,2024,5,25,6,50,94,94074,Avenue Henri Barbusse / Rue Michelet,48.76358714,2.44213897,Crépuscule ou aube,En agglomération,Intersection en T,Normale,Deux véhicules - arrière,2,1,1,0,1,1,1,0,1,-1,2,2,1,0,0,1,47.0,45.0,voiture,voiture,2,2,3,1,2
202400022322,2024-09-04 11:05:00,2024,9,4,11,5,13,13215,MADRAGUE VILLE (chemin de la),43.33337362,5.35849921,Plein jour,En agglomération,Hors intersection,Pluie légère,Deux véhicules - arrière,4,2,2,0,1,1,2,0,1,50,2,2,1,0,1,0,44.0,12.0,transport_commun,deux_roues,1,2,1,2,2
202400022323,2024-07-29 12:15:00,2024,7,29,12,15,84,84007,AMANDIER (Avenue de l'),43.93562,4.84858,Plein jour,En agglomération,Giratoire,Normale,Deux véhicules - côté,4,2,2,2,1,1,1,9,1,50,2,2,1,0,0,1,32.0,61.0,voiture,deux_roues,1,2,6,1,3
202400022323,2024-07-29 12:15:00,2024,7,29,12,15,84,84007,AMANDIER (Avenue de l'),43.93562,4.84858,Plein jour,En agglomération,Giratoire,Normale,Deux véhicules - côté,4,2,2,0,1,1,1,9,1,50,2,2,1,0,0,1,32.0,61.0,voiture,deux_roues,1,2,6,1,3
202400022324,2024-01-26 14:08:00,2024,1,26,14,8,93,93047,Avenue Jean Jaurès / Avenue des Rosières,48.89863681,2.54888847,Plein jour,En agglomération,Intersection en T,Normale,Deux véhicules - côté,3,3,2,2,1,1,1,0,5,50,2,2,1,0,0,1,34.0,34.0,deux_roues,utilitaire_camion,1,2,3,1,3
202400022324,2024-01-26 14:08:00,2024,1,26,14,8,93,93047,Avenue Jean Jaurès / Avenue des Rosières,48.89863681,2.54888847,Plein jour,En agglomération,Intersection en T,Normale,Deux véhicules - côté,3,1,1,0,1,1,1,0,5,50,2,2,1,0,0,1,34.0,34.0,deux_roues,utilitaire_camion,1,2,3,1,3
202400022325,2024-05-25 13:05:00,2024,5,25,13,5,94,94071,Rue du Grand Val / Rue Maurice Berteaux,48.77393059,2.51751827,Plein jour,En agglomération,Intersection en T,Normale,Autre collision,3,2,2,0,2,1,1,0,1,-1,1,2,1,0,0,1,42.0,,voiture,,1,2,3,1,6
202400022325,2024-05-25 13:05:00,2024,5,25,13,5,94,94071,Rue du Grand Val / Rue Maurice Berteaux,48.77393059,2.51751827,Plein jour,En agglomération,Intersection en T,Normale,Autre collision,3,2,2,0,2,1,1,0,1,50,1,2,1,0,0,1,42.0,,voiture,,1,2,3,1,6
202400022326,2024-01-26 22:00:00,2024,1,26,22,0,93,93010,Rue Louis Auguste Blanqui,48.89829,2.488988,Nuit sans éclairage public,En agglomération,Hors intersection,Normale,Deux véhicules - côté,4,2,2,0,1,1,1,0,1,30,2,2,1,0,0,1,31.0,27.0,deux_roues,voiture,3,2,1,1,3
202400022327,2024-09-05 20:55:00,2024,9,5,20,55,13,13001,BAUDOIN ALBERT (AV),43.52419,5.43343,Nuit avec éclairage allumé,En agglomération,Intersection en X,Normale,Deux véhicules - côté,4,2,2,0,1,1,1,0,1,50,2,2,1,0,1,0,58.0,26.0,voiture,deux_roues,5,2,2,1,3
202400022327,2024-09-05 20:55:00,2024,9,5,20,55,13,13001,BAUDOIN ALBERT (AV),43.52419,5.43343,Nuit avec éclairage allumé,En agglomération,Intersection en X,Normale,Deux véhicules - côté,4,2,4,0,1,1,1,0,1,50,2,2,1,0,1,0,58.0,26.0,voiture,deux_roues,5,2,2,1,3
202400022328,2024-07-29 19:10:00,2024,7,29,19,10,83,83137,VILLEVIEILLE (ROND POINT),43.12705,5.92118,Plein jour,En agglomération,Hors intersection,Normale,Trois véhicules et plus - en chaîne,4,1,2,0,1,2,1,0,1,50,3,4,1,0,1,2,40.0,22.0,voiture,voiture,1,2,1,1,4
202400022329,2024-05-25 17:00:00,2024,5,25,17,0,93,93078,Route de Villepinte / Avenue Vauban,48.97103866,2.54922509,Plein jour,En agglomération,Giratoire,Normale,Deux véhicules - côté,3,2,2,0,1,1,1,5,1,50,2,2,1,0,0,1,70.0,53.0,voiture,deux_roues,1,2,6,1,3
202400022329,2024-05-25 17:00:00,2024,5,25,17,0,93,93078,Route de Villepinte / Avenue Vauban,48.97103866,2.54922509,Plein jour,En agglomération,Giratoire,Normale,Deux véhicules - côté,3,2,2,0,1,1,1,5,1,50,2,2,1,0,0,1,70.0,53.0,voiture,deux_roues,1,2,6,1,3
202400022330,2024-01-26 01:25:00,2024,1,26,1,25,93,93007,Avenue Paul Vaillant Couturier / Rue de Londres,48.929138,2.478916,Nuit avec éclairage allumé,En agglomération,Intersection en T,Pluie légère,Sans collision,3,2,2,0,1,1,2,0,1,50,1,2,0,0,0,2,22.0,,voiture,,5,2,3,2,7
202400022330,2024-01-26 01:25:00,2024,1,26,1,25,93,93007,Avenue Paul Vaillant Couturier / Rue de Londres,48.929138,2.478916,Nuit avec éclairage allumé,En agglomération,Intersection en T,Pluie légère,Sans collision,3,1,1,0,1,1,2,0,1,-1,1,2,0,0,0,2,22.0,,voiture,,5,2,3,2,7
202400022331,2024-08-30 07:35:00,2024,8,30,7,35,11,11262,,43.15965,2.97018,Plein jour,En agglomération,Giratoire,Normale,Deux véhicules - côté,4,-1,2,0,1,1,1,0,1,50,2,2,1,0,0,1,41.0,47.0,voiture,deux_roues,1,2,6,1,3
202400022331,2024-08-30 07:35:00,2024,8,30,7,35,11,11262,,43.15965,2.97018,Plein jour,En agglomération,Giratoire,Normale,Deux véhicules - côté,4,-1,2,0,1,1,1,0,1,50,2,2,1,0,0,1,41.0,47.0,voiture,deux_roues,1,2,6,1,3
202400022332,2024-07-29 14:10:00,2024,7,29,14,10,81,81065,CHAPTAL (RUE JEAN),43.5892701,2.1894365,Plein jour,En agglomération,Intersection en X,Temps éblouissant,Deux véhicules - côté,4,4,4,0,1,1,1,0,1,50,2,2,0,0,0,2,30.0,21.0,voiture,voiture,1,2,2,7,3
202400022332,2024-07-29 14:10:00,2024,7,29,14,10,81,81065,CHAPTAL (RUE JEAN),43.5892701,2.1894365,Plein jour,En agglomération,Intersection en X,Temps éblouissant,Deux véhicules - côté,4,4,2,0,1,1,1,0,1,50,2,2,0,0,0,2,30.0,21.0,voiture,voiture,1,2,2,7,3
202400022333,2024-05-25 12:20:00,2024,5,25,12,20,93,93064,Rue de Lisbonne,48.881907,2.469113,Plein jour,En agglomération,Hors intersection,Normale,Deux véhicules - frontale,4,2,2,0,1,1,1,0,1,50,2,2,1,0,0,1,37.0,43.0,utilitaire_camion,utilitaire_camion,1,2,1,1,1
202400022334,2024-09-04 09:43:00,2024,9,4,9,43,10,10387,Place Robert Galley,48.29,4.06765,Plein jour,En agglomération,Hors intersection,Normale,Deux véhicules - arrière,4,1,0,0,1,2,1,0,1,50,2,2,1,0,0,1,21.0,49.0,voiture,deux_roues,1,2,1,1,2
202400022335,2024-01-26 13:45:00,2024,1,26,13,45,93,93005,Boulevard de Strasbourg / Rue de Reims,48.923436,2.485566,Plein jour,En agglomération,Intersection en X,Normale,Sans collision,4,-1, -1,0,1,1,1,0,1,50,1,2,1,0,0,1,37.0,,voiture,,1,2,2,1,7
202400022335,2024-01-26 13:45:00,2024,1,26,13,45,93,93005,Boulevard de Strasbourg / Rue de Reims,48.923436,2.485566,Plein jour,En agglomération,Intersection en X,Normale,Sans collision,4,2,2,0,1,1,1,0,1,50,1,2,1,0,0,1,37.0,,voiture,,1,2,2,1,7