accident_id,datetime,annee,mois,jour,heure,minute,departement,commune_insee,adresse,latitude,longitude,luminosite,agglomeration,intersection,meteo,collision,catr,circ,nbv,vosp,prof,plan,surf,infra,situ,vma,nb_vehicules,nb_usagers,nb_indemnes,nb_tues,nb_blesses_hosp,nb_blesses_legers,age_cond_1,age_cond_2,veh_type_cond_1,veh_type_cond_2,lum_code,agg_code,int_code,atm_code,col_code
202400022336,2024-07-29 07:20:00,2024,7,29,7,20,78,78688,ROUTE DE GUYANCOURT,48.76442,2.05184,Plein jour,En agglomération,Intersection en X,Normale,Deux véhicules - arrière,4,1, -1,-1,1,1,1,0,1,-1,2,2,1,0,1,0,33.0,54.0,utilitaire_camion,deux_roues,1,2,2,1,2
202400022336,2024-07-29 07:20:00,2024,7,29,7,20,78,78688,ROUTE DE GUYANCOURT,48.76442,2.05184,Plein jour,En agglomération,Intersection en X,Normale,Deux véhicules - arrière,4,2,5,0,1,1,1,0,1,50,2,2,1,0,1,0,33.0,54.0,utilitaire_camion,deux_roues,1,2,2,1,2
202400022337,2024-05-25 21:20:00,2024,5,25,21,20,93,93033,Place Churchill / Avenue des Princes / Rue des Fougères,48.858847,2.58151,Crépuscule ou aube,En agglomération,Place,Normale,Deux véhicules - côté,3,2,2,0,1,1,1,0,1,45,2,2,1,0,0,1,21.0,35.0,voiture,deux_roues,2,2,7,1,3
202400022337,2024-05-25 21:20:00,2024,5,25,21,20,93,93033,Place Churchill / Avenue des Princes / Rue des Fougères,48.858847,2.58151,Crépuscule ou aube,En agglomération,Place,Normale,Deux véhicules - côté,3,1,1,0,1,2,1,5,1,-1,2,2,1,0,0,1,21.0,35.0,voiture,deux_roues,2,2,7,1,3
202400022338,2024-01-26 15:40:00,2024,1,26,15,40,92,92022,COTEAU (RUE DU),48.81446031,2.18947524,Plein jour,En agglomération,Hors intersection,Temps éblouissant,Deux véhicules - arrière,4,2,2,0,1,1,1,0,1,20,2,2,1,0,0,1,66.0,56.0,utilitaire_camion,deux_roues,1,2,1,7,2
202400022339,2024-09-05 17:45:00,2024,9,5,17,45,09,09122,FAURE (COURS GABRIEL),42.96439,1.61051,Plein jour,En agglomération,Autre intersection,Normale,Deux véhicules - côté,3,1,1,0,1,2,1,0,1,50,2,2,1,0,0,1,45.0,52.0,voiture,deux_roues,1,2,9,1,3
202400022340,2024-07-28 18:15:00,2024,7,28,18,15,77,77251,AV MARGUERITE PEREY,48.61881,2.56173,Plein jour,Hors agglomération,Hors intersection,Normale,Deux véhicules - frontale,4,2,2,0,1,1,1,0,1,50,2,2,0,0,2,0,40.0,35.0,deux_roues,deux_roues,1,1,1,1,1
202400022341,2024-01-23 09:40:00,2024,1,23,9,40,92,92022,FRANCE (RUE ANATOLE),48.80544788,2.1880542,Plein jour,En agglomération,Hors intersection,Normale,Autre collision,3,-1,2,0,1,1,1,0,1,50,1,2,1,0,0,1,59.0,,voiture,,1,2,1,1,6
202400022342,2024-05-25 14:10:00,2024,5,25,14,10,93,93079,Rue Étienne Fajon / Rue du 19 Mars 1962,48.96076,2.34271,Plein jour,En agglomération,Intersection en T,Normale,Autre collision,4,2,2,0,1,1,1,0,1,-1,1,2,1,0,0,1,40.0,,voiture,,1,2,3,1,6
202400022342,2024-05-25 14:10:00,2024,5,25,14,10,93,93079,Rue Étienne Fajon / Rue du 19 Mars 1962,48.96076,2.34271,Plein jour,En agglomération,Intersection en T,Normale,Autre collision,4,2,2,0,1,2,1,0,1,50,1,2,1,0,0,1,40.0,,voiture,,1,2,3,1,6
202400022343,2024-08-27 16:32:00,2024,8,27,16,32,05,05061,Avenue de Provence,44.53547442,6.05131567,Plein jour,En agglomération,Hors intersection,Normale,Deux véhicules - arrière,2,1,2,0,3,1,1,0,1,50,2,2,1,0,0,1,47.0,68.0,deux_roues,voiture,1,2,1,1,2
202400022344,2024-07-29 11:30:00,2024,7,29,11,30,77,77058,MARIE CURIE  (AVENUE),48.83411945,2.71430739,Plein jour,Hors agglomération,Hors intersection,Normale,Deux véhicules - frontale,3,2,2,0,1,1,1,0,1,80,2,2,1,0,0,1,68.0,32.0,voiture,voiture,1,1,1,1,1
202400022345,2024-01-26 11:00:00,2024,1,26,11,0,92,92064,PORTE JAUNE,48.84900482,2.20110476,Plein jour,En agglomération,Intersection en X,Pluie légère,Deux véhicules - côté,3,3,3,0,1,1,2,0,1,50,2,2,1,0,1,0,28.0,93.0,deux_roues,deux_roues,1,2,2,2,3
202400022345,2024-01-26 11:00:00,2024,1,26,11,0,92,92064,PORTE JAUNE,48.84900482,2.20110476,Plein jour,En agglomération,Intersection en X,Pluie légère,Deux véhicules - côté,3,3,2,1,1,1,2,0,1,30,2,2,1,0,1,0,28.0,93.0,deux_roues,deux_roues,1,2,2,2,3
202400022346,2024-05-25 13:30:00,2024,5,25,13,30,93,93001,Avenue du Président Roosevelt / Boulevard Anatole France,48.9151,2.38102,Plein jour,En agglomération,Intersection à plus de 4 branches,Normale,Deux véhicules - côté,3,2,2,3,1,1,1,5,1,50,2,2,1,0,0,1,23.0,50.0,deux_roues,voiture,1,2,5,1,3
202400022346,2024-05-25 13:30:00,2024,5,25,13,30,93,93001,Avenue du Président Roosevelt / Boulevard Anatole France,48.9151,2.38102,Plein jour,En agglomération,Intersection à plus de 4 branches,Normale,Deux véhicules - côté,3,2,2,0,1,1,1,0,1,-1,2,2,1,0,0,1,23.0,50.0,deux_roues,voiture,1,2,5,1,3
202400022347,2024-09-05 18:00:00,2024,9,5,18,0,75,75117,BOULEVARD PERIPHERIQUE INTERIEUR OUEST,48.883981,2.285279,Plein jour,En agglomération,Hors intersection,Pluie légère,Deux véhicules - côté,4,1,4,0,1,1,2,1,1,70,2,2,1,0,0,1,40.0,20.0,deux_roues,voiture,1,2,1,2,3
202400022348,2024-05-25 09:40:00,2024,5,25,9,40,92,92022,SALENGRO (AVENUE ROGER),48.81016059,2.19052541,Plein jour,En agglomération,Hors intersection,Normale,Sans collision,3,2,2,2,2,1,1,0,1,50,1,1,0,0,0,1,60.0,,deux_roues,,1,2,1,1,7
202400022349,2024-07-29 20:25:00,2024,7,29,20,25,76,76540,Quai Cavelier de la Salle,49.43691,1.08734,Plein jour,En agglomération,Intersection en X,Normale,Deux véhicules - côté,4,2,2,3,1,1,1,-1,1,50,2,2,0,0,0,2,19.0,29.0,voiture,voiture,1,2,2,1,3
202400022349,2024-07-29 20:25:00,2024,7,29,20,25,76,76540,Quai Cavelier de la Salle,49.43691,1.08734,Plein jour,En agglomération,Intersection en X,Normale,Deux véhicules - côté,4,2,4,0,1,1,1,-1,1,50,2,2,0,0,0,2,19.0,29.0,voiture,voiture,1,2,2,1,3
202400022350,2024-09-05 11:04:00,2024,9,5,11,4,75,75112,BOULEVARD PERIPHERIQUE EXTERIEUR SUD,48.83401,2.409516,Plein jour,En agglomération,Hors intersection,Pluie légère,Deux véhicules - côté,4,1,4,0,1,1,2,1,1,70,2,2,1,0,0,1,29.0,37.0,voiture,deux_roues,1,2,1,2,3
202400022351,2024-01-26 14:00:00,2024,1,26,14,0,92,92036,MARCEL PAUL (AVENUE) (1/103),48.93680443,2.30364516,Plein jour,En agglomération,Giratoire,Normale,Deux véhicules - côté,4,4,0,0,1,1,1,0,1,50,2,3,1,0,0,2,48.0,56.0,voiture,voiture,1,2,6,1,3
202400022351,2024-01-26 14:00:00,2024,1,26,14,0,92,92036,MARCEL PAUL (AVENUE) (1/103),48.93680443,2.30364516,Plein jour,En agglomération,Giratoire,Normale,Deux véhicules - côté,4,1,0,0,1,1,1,0,1,50,2,3,1,0,0,2,48.0,56.0,voiture,voiture,1,2,6,1,3
202400022352,2024-05-24 17:27:00,2024,5,24,17,27,92,92048,PAVE DES GARDES (ROUTE DU),48.81876,2.24088,Plein jour,En agglomération,Hors intersection,Normale,Sans collision,3,2,0,0,2,1,1,0,1,50,1,1,0,0,1,0,37.0,,deux_roues,,1,2,1,1,7
202400022353,2024-07-29 07:50:00,2024,7,29,7,50,76,76640,Rue de Louviers,49.26232,1.05742,Plein jour,Hors agglomération,Hors intersection,Normale,Deux véhicules - arrière,7,2,2,0,2,1,1,0,1,80,2,2,1,0,0,1,73.0,,deux_roues,autre,1,1,1,1,2
202400022354,2024-05-25 00:10:00,2024,5,25,0,10,92,92019,DIVISION LECLERC (AVENUE DE LA),48.76212,2.28571,Nuit avec éclairage allumé,En agglomération,Hors intersection,Normale,Autre collision,3,3,2,1,2,1,2,9,1,50,1,1,0,0,0,1,27.0,,voiture,,5,2,1,1,6
202400022355,2024-09-05 05:15:00,2024,9,5,5,15,75,75120,BOULEVARD PERIPHERIQUE,48.852658,2.414748,Nuit avec éclairage allumé,En agglomération,Hors intersection,Pluie légère,Trois véhicules et plus - collisions multiples,4,1,4,3,1,1,2,0,1,70,3,3,2,0,1,0,60.0,46.0,voiture,utilitaire_camion,5,2,1,2,5
202400022356,2024-01-26 08:45:00,2024,1,26,8,45,92,92036,GENERAL DE GAULLE (AVENUE) (PAIRS),48.93377868,2.31336772,Plein jour,En agglomération,Intersection en T,Pluie légère,Trois véhicules et plus - en chaîne,3,2,2,0,1,1,2,0,1,50,3,3,2,0,0,1,44.0,51.0,utilitaire_camion,voiture,1,2,3,2,4
202400022356,2024-01-26 08:45:00,2024,1,26,8,45,92,92036,GENERAL DE GAULLE (AVENUE) (PAIRS),48.93377868,2.31336772,Plein jour,En agglomération,Intersection en T,Pluie légère,Trois véhicules et plus - en chaîne,3,2,2,0,1,1,2,0,1,50,3,3,2,0,0,1,44.0,51.0,utilitaire_camion,voiture,1,2,3,2,4
202400022357,2024-05-25 12:35:00,2024,5,25,12,35,92,92012,POINT DU JOUR (RUE DU),48.83120882,2.2520813,Plein jour,En agglomération,Hors intersection,Normale,Deux véhicules - arrière,4,1,0,0,1,1,1,0,1,50,2,2,1,0,0,1,25.0,54.0,voiture,deux_roues,1,2,1,1,2
202400022358,2024-07-29 00:05:00,2024,7,29,0,5,76,76351,FLEURUS (DE),49.49257,0.13757,Nuit avec éclairage allumé,En agglomération,Intersection en X,Normale,Deux véhicules - côté,4,2,1,0,1,1,1,0,1,50,2,5,4,0,0,1,38.0,20.0,voiture,voiture,5,2,2,1,3
202400022358,2024-07-29 00:05:00,2024,7,29,0,5,76,76351,FLEURUS (DE),49.49257,0.13757,Nuit avec éclairage allumé,En agglomération,Intersection en X,Normale,Deux véhicules - côté,4,2,1,0,1,1,1,0,1,50,2,5,4,0,0,1,38.0,20.0,voiture,voiture,5,2,2,1,3
202400022359,2024-09-05 00:30:00,2024,9,5,0,30,75,75115,BOULEVARD PERIPHERIQUE INTERIEUR SUD,48.82606989,2.29887307,Nuit avec éclairage allumé,En agglomération,Intersection en Y,Normale,Autre collision,4,1,2,0,1,3,1,1,1,70,1,1,0,0,1,0,34.0,,deux_roues,,5,2,4,1,6
202400022359,2024-09-05 00:30:00,2024,9,5,0,30,75,75115,BOULEVARD PERIPHERIQUE INTERIEUR SUD,48.82606989,2.29887307,Nuit avec éclairage allumé,En agglomération,Intersection en Y,Normale,Autre collision,4,1, -1,-1,1,1,1,0,1,-1,1,1,0,0,1,0,34.0,,deux_roues,,5,2,4,1,6
202400022360,2024-01-26 20:40:00,2024,1,26,20,40,92,92025,COLBERT  55 A 113   42 A 102 (RUE),48.91358266,2.23500531,Nuit avec éclairage allumé,En agglomération,Intersection en X,Normale,Deux véhicules - côté,4,1,1,0,1,1,1,0,1,30,2,2,1,0,0,1,49.0,32.0,voiture,deux_roues,5,2,2,1,3
202400022360,2024-01-26 20:40:00,2024,1,26,20,40,92,92025,COLBERT  55 A 113   42 A 102 (RUE),48.91358266,2.23500531,Nuit avec éclairage allumé,En agglomération,Intersection en X,Normale,Deux véhicules - côté,4,1,4,0,1,1,1,0,1,30,2,2,1,0,0,1,49.0,32.0,voiture,deux_roues,5,2,2,1,3
202400022361,2024-07-25 23:30:00,2024,7,25,23,30,76,76351,JEAN JAURES (AVENUE),49.49927,0.15462,Nuit avec éclairage allumé,En agglomération,Hors intersection,Normale,Sans collision,4,3,2,0,1,1,3,0,1,50,1,1,0,0,0,1,37.0,,deux_roues,,5,2,1,1,7
202400022362,2024-05-25 13:10:00,2024,5,25,13,10,92,92007,BRIAND (AVENUE ARISTIDE) N° 100 A 160,48.79899,2.32284,Plein jour,En agglomération,Hors intersection,Normale,Deux véhicules - arrière,3,1,3,1,1,1,1,0,1,50,2,2,1,0,0,1,47.0,,deux_roues,voiture,1,2,1,1,2
202400022363,2024-09-04 11:55:00,2024,9,4,11,55,75,75112,BOULEVARD PERIPHERIQUE EXTERIEUR NORD  ,48.830807,2.403154,Plein jour,En agglomération,Hors intersection,Normale,Deux véhicules - côté,4,3,8,3,1,1,1,-1,6,70,2,2,1,0,0,1,37.0,50.0,voiture,deux_roues,1,2,1,1,3
202400022364,2024-01-26 12:33:00,2024,1,26,12,33,92,92023,PAUL VAILLANT COUTURIER (RUE),48.8026493,2.26323992,Plein jour,En agglomération,Hors intersection,Temps couvert,Autre collision,3,2,2,0,1,1,2,9,8,50,1,2,1,0,0,1,20.0,,voiture,,1,2,1,8,6
202400022365,2024-07-28 18:50:00,2024,7,28,18,50,76,76351,PAUL VERLAINE (AVENUE),49.50968,0.15137,Plein jour,En agglomération,Intersection en X,Normale,Sans collision,4,3,4,2,2,1,1,4,1,50,1,1,0,0,1,0,21.0,,deux_roues,,1,2,2,1,7
202400022365,2024-07-28 18:50:00,2024,7,28,18,50,76,76351,PAUL VERLAINE (AVENUE),49.50968,0.15137,Plein jour,En agglomération,Intersection en X,Normale,Sans collision,4,2,2,0,2,1,1,0,1,50,1,1,0,0,1,0,21.0,,deux_roues,,1,2,2,1,7
202400022366,2024-05-25 19:15:00,2024,5,25,19,15,37,37200,2 Rue de la Besneraie,47.26998937,0.37004091,Plein jour,En agglomération,Intersection en T,Normale,Deux véhicules - côté,3,2,2,0,1,1,1,5,1,50,2,2,1,0,1,0,62.0,18.0,voiture,deux_roues,1,2,3,1,3
202400022366,2024-05-25 19:15:00,2024,5,25,19,15,37,37200,2 Rue de la Besneraie,47.26998937,0.37004091,Plein jour,En agglomération,Intersection en T,Normale,Deux véhicules - côté,3,2,2,0,1,3,1,5,1,50,2,2,1,0,1,0,62.0,18.0,voiture,deux_roues,1,2,3,1,3
202400022367,2024-09-05 18:59:00,2024,9,5,18,59,75,75106,BOULEVARD SAINT MICHEL,48.849199,2.341955,Plein jour,En agglomération,Hors intersection,Normale,Deux véhicules - côté,4,2,5,1,2,1,1,-1,5,30,2,2,0,0,0,2,20.0,26.0,deux_roues,deux_roues,1,2,1,1,3
202400022368,2024-01-26 18:35:00,2024,1,26,18,35,92,92002,LEWISHAM (PLACE DE),48.7499376,2.30916309,Nuit avec éclairage allumé,En agglomération,Giratoire,Normale,Deux véhicules - côté,4,1,2,0,1,3,1,5,1,50,2,2,1,0,0,1,33.0,17.0,voiture,deux_roues,5,2,6,1,3
202400022369,2024-07-28 04:30:00,2024,7,28,4,30,69,69271,Route de Lyon,45.74230991,4.94186835,Nuit avec éclairage non allumé,Hors agglomération,Intersection en Y,Normale,Autre collision,7,1,1,0,1,1,1,0,3,70,1,3,1,0,0,2,,,voiture,,4,1,4,1,6
202400022369,2024-07-28 04:30:00,2024,7,28,4,30,69,69271,Route de Lyon,45.74230991,4.94186835,Nuit avec éclairage non allumé,Hors agglomération,Intersection en Y,Normale,Autre collision,7,1,2,0,1,1,1,5,3,70,1,3,1,0,0,2,,,voiture,,4,1,4,1,6
202400022370,2024-05-26 11:30:00,2024,5,26,11,30,76,76115,intersection D28/D109,49.605704,0.560587,Plein jour,Hors agglomération,Intersection en X,Normale,Deux véhicules - côté,3,2,2,0,1,1,1,0,1,80,2,3,2,0,1,0,35.0,20.0,voiture,voiture,1,1,2,1,3
202400022370,2024-05-26 11:30:00,2024,5,26,11,30,76,76115,intersection D28/D109,49.605704,0.560587,Plein jour,Hors agglomération,Intersection en X,Normale,Deux véhicules - côté,3,2,2,0,1,1,1,5,5,80,2,3,2,0,1,0,35.0,20.0,voiture,voiture,1,1,2,1,3
202400022371,2024-07-28 13:54:00,2024,7,28,13,54,66,66136,JOFFRE (AVENUE DU MARECHAL CD 88),42.71264,2.88938,Plein jour,En agglomération,Hors intersection,Normale,Autre collision,4,2,2,0,1,1,1,0,1,50,1,2,0,1,1,0,30.0,,voiture,,1,2,1,1,6
202400022372,2024-01-26 16:50:00,2024,1,26,16,50,92,92002,ANDRE CHENIER (RUE 1 A 25),48.73838959,2.2754032,Crépuscule ou aube,En agglomération,Giratoire,Normale,Deux véhicules - côté,3,3,2,0,1,1,1,5,1,50,2,3,1,0,0,2,52.0,,voiture,autre,2,2,6,1,3
202400022372,2024-01-26 16:50:00,2024,1,26,16,50,92,92002,ANDRE CHENIER (RUE 1 A 25),48.73838959,2.2754032,Crépuscule ou aube,En agglomération,Giratoire,Normale,Deux véhicules - côté,3,1,1,0,1,1,1,5,1,50,2,3,1,0,0,2,52.0,,voiture,autre,2,2,6,1,3
202400022373,2024-09-05 21:20:00,2024,9,5,21,20,75,75120,ECHANGEUR VINCENNES,48.847033,2.41407,Nuit avec éclairage allumé,En agglomération,Place,Normale,Deux véhicules - arrière,4,1,3,0,1,2,1,0,1,30,2,4,3,0,0,1,29.0,57.0,voiture,utilitaire_camion,5,2,7,1,2
202400022373,2024-09-05 21:20:00,2024,9,5,21,20,75,75120,ECHANGEUR VINCENNES,48.847033,2.41407,Nuit avec éclairage allumé,En agglomération,Place,Normale,Deux véhicules - arrière,4,1, -1,-1,1,1,1,0,1,-1,2,4,3,0,0,1,29.0,57.0,voiture,utilitaire_camion,5,2,7,1,2
202400022374,2024-07-29 12:45:00,2024,7,29,12,45,64,64260,Boulevard du général de gaulle,43.35824,-1.77625,Plein jour,En agglomération,Hors intersection,Normale,Sans collision,3,2,2,0,1,1,1,9,1,50,1,2,1,0,0,1,51.0,,utilitaire_camion,,1,2,1,1,7
202400022375,2024-05-26 02:45:00,2024,5,26,2,45,11,11193,"RD 209, grande rue",43.179277,2.086678,Nuit avec éclairage allumé,En agglomération,Intersection en X,Normale,Autre collision,3,2,2,0,1,1,1,0,1,50,1,3,1,0,1,1,20.0,,voiture,,5,2,2,1,6
202400022375,2024-05-26 02:45:00,2024,5,26,2,45,11,11193,"RD 209, grande rue",43.179277,2.086678,Nuit avec éclairage allumé,En agglomération,Intersection en X,Normale,Autre collision,3,2,2,-1,1,1,1,0,1,80,1,3,1,0,1,1,20.0,,voiture,,5,2,2,1,6
202400022376,2024-01-26 15:40:00,2024,1,26,15,40,92,92002,ADOLPHE PAJEAUD (RUE),48.7426266,2.28660539,Plein jour,En agglomération,Hors intersection,Normale,Autre collision,3,2,1,0,1,1,1,0,1,50,1,2,1,0,0,1,53.0,,voiture,,1,2,1,1,6
202400022377,2024-09-05 20:20:00,2024,9,5,20,20,75,75120,RUE DES PYRENEES,48.866663,2.397101,Nuit avec éclairage non allumé,En agglomération,Intersection en X,Normale,Deux véhicules - côté,4,2,0,1,1,1,1,-1,5,50,2,2,1,0,0,1,20.0,16.0,deux_roues,deux_roues,4,2,2,1,3
202400022377,2024-09-05 20:20:00,2024,9,5,20,20,75,75120,RUE DES PYRENEES,48.866663,2.397101,Nuit avec éclairage non allumé,En agglomération,Intersection en X,Normale,Deux véhicules - côté,4,2,0,0,1,1,1,0,1,50,2,2,1,0,0,1,20.0,16.0,deux_roues,deux_roues,4,2,2,1,3
202400022378,2024-07-28 20:15:00,2024,7,28,20,15,64,64102,RAYMOND DE MARTRES (AVENUE),43.48626,-1.48286,Plein jour,En agglomération,Hors intersection,Normale,Deux véhicules - arrière,4,2,2,0,1,1,1,9,1,30,2,2,1,0,0,1,27.0,57.0,voiture,voiture,1,2,1,1,2
202400022379,2024-01-26 18:15:00,2024,1,26,18,15,39,39487,47 Rue de Genève,46.57672443,5.96034184,Nuit avec éclairage allumé,En agglomération,Hors intersection,Pluie légère,Autre collision,3,2,2,0,1,1,2,0,1,50,1,2,1,0,1,0,24.0,,voiture,,5,2,1,2,6
202400022380,2024-09-05 16:20:00,2024,9,5,16,20,75,75120,BOULEVARD PERIPHERIQUE,48.850099,2.415106,Plein jour,En agglomération,Hors intersection,Pluie légère,Deux véhicules - arrière,4,1,4,0,1,1,2,0,1,70,2,2,1,0,0,1,51.0,30.0,deux_roues,deux_roues,1,2,1,2,2
202400022381,2024-05-26 10:25:00,2024,5,26,10,25,71,71047,D973,46.642329,3.774383,Plein jour,Hors agglomération,Intersection en T,Pluie légère,Deux véhicules - côté,3,3,2,0,3,2,2,5,1,80,2,4,2,0,0,2,42.0,89.0,voiture,voiture,1,1,3,2,3
202400022381,2024-05-26 10:25:00,2024,5,26,10,25,71,71047,D973,46.642329,3.774383,Plein jour,Hors agglomération,Intersection en T,Pluie légère,Deux véhicules - côté,3,2,2,0,3,1,2,5,8,50,2,4,2,0,0,2,42.0,89.0,voiture,voiture,1,1,3,2,3
202400022382,2024-09-04 13:30:00,2024,9,4,13,30,75,75120,RUE JEAN VEBER,48.862418,2.409158,Plein jour,En agglomération,Intersection en T,Normale,Deux véhicules - côté,4,2,4,0,1,1,1,-1,5,50,2,2,1,0,0,1,28.0,34.0,voiture,deux_roues,1,2,3,1,3
202400022382,2024-09-04 13:30:00,2024,9,4,13,30,75,75120,RUE JEAN VEBER,48.862418,2.409158,Plein jour,En agglomération,Intersection en T,Normale,Deux véhicules - côté,4,1,2,1,1,1,1,-1,5,30,2,2,1,0,0,1,28.0,34.0,voiture,deux_roues,1,2,3,1,3
202400022383,2024-05-26 15:00:00,2024,5,26,15,0,2A,2A362,D268,41.77589552,9.21549429,Plein jour,Hors agglomération,Hors intersection,Normale,Autre collision,3,2,2,0,2,2,1,0,3,80,1,1,0,1,0,0,48.0,,deux_roues,,1,1,1,1,6
202400022384,2024-07-25 13:55:00,2024,7,25,13,55,61,61169,D424,48.752236,-0.574767,Plein jour,En agglomération,Giratoire,Normale,Deux véhicules - côté,3,3,2,0,1,1,1,0,1,50,2,2,1,0,0,1,74.0,22.0,deux_roues,voiture,1,2,6,1,3
202400022384,2024-07-25 13:55:00,2024,7,25,13,55,61,61169,D424,48.752236,-0.574767,Plein jour,En agglomération,Giratoire,Normale,Deux véhicules - côté,3,2,2,0,1,1,1,0,1,50,2,2,1,0,0,1,74.0,22.0,deux_roues,voiture,1,2,6,1,3
202400022385,2024-01-26 16:50:00,2024,1,26,16,50,62,62461,D928,50.383537,2.04232,Crépuscule ou aube,En agglomération,Hors intersection,Temps éblouissant,Deux véhicules - arrière,3,2,2,0,2,1,1,0,1,50,2,6,0,0,2,4,23.0,48.0,deux_roues,voiture,2,2,1,7,2
202400022386,2024-05-24 17:08:00,2024,5,24,17,8,57,57177,Route de Loudrefing,48.8148,6.72782,Plein jour,En agglomération,Hors intersection,Normale,Autre collision,3,2,2,0,2,1,1,0,3,70,1,1,0,0,1,0,18.0,,voiture,,1,2,1,1,6
202400022387,2024-07-29 18:55:00,2024,7,29,18,55,59,59656,Rue des Frères Saint-Léger,50.77654,3.05328,Plein jour,En agglomération,Hors intersection,Normale,Autre collision,4,2,2,0,1,2,1,0,4,30,1,1,0,0,0,1,42.0,,voiture,,1,2,1,1,6
202400022388,2024-09-05 12:43:00,2024,9,5,12,43,75,75119,RUE DAVID D ANGERS,48.882716,2.389885,Plein jour,En agglomération,Intersection en Y,Pluie légère,Deux véhicules - arrière,4,2,2,0,2,1,8,0,1,30,2,2,1,0,0,1,31.0,,deux_roues,deux_roues,1,2,4,2,2
202400022388,2024-09-05 12:43:00,2024,9,5,12,43,75,75119,RUE DAVID D ANGERS,48.882716,2.389885,Plein jour,En agglomération,Intersection en Y,Pluie légère,Deux véhicules - arrière,4,1,1,0,1,1,8,0,1,30,2,2,1,0,0,1,31.0,,deux_roues,deux_roues,1,2,4,2,2
202400022389,2024-05-25 10:30:00,2024,5,25,10,30,27,27306,rue des moisonneurs,48.974953,1.175424,Plein jour,Hors agglomération,Hors intersection,Normale,Deux véhicules - frontale,4,2,2,0,1,2,1,0,1,70,2,3,0,0,1,2,46.0,29.0,voiture,voiture,1,1,1,1,1
202400022390,2024-07-29 19:30:00,2024,7,29,19,30,59,59599,SCHUMAN (RUE ROBERT),50.74415,3.17879,Plein jour,En agglomération,Hors intersection,Normale,Deux véhicules - frontale,4,2,2,0,1,1,1,0,1,50,2,2,1,0,1,0,51.0,,deux_roues,voiture,1,2,1,1,1
202400022391,2024-09-04 21:15:00,2024,9,4,21,15,75,75116,RUE DE LA POMPE,48.866559,2.280118,Nuit avec éclairage allumé,En agglomération,Intersection en X,Normale,Deux véhicules - arrière,4,2, -1,-1,1,1,1,0,1,-1,2,2,1,0,0,1,30.0,40.0,deux_roues,voiture,5,2,2,1,2
202400022391,2024-09-04 21:15:00,2024,9,4,21,15,75,75116,RUE DE LA POMPE,48.866559,2.280118,Nuit avec éclairage allumé,En agglomération,Intersection en X,Normale,Deux véhicules - arrière,4,2,2,0,1,1,1,0,1,30,2,2,1,0,0,1,30.0,40.0,deux_roues,voiture,5,2,2,1,2
202400022392,2024-05-26 16:00:00,2024,5,26,16,0,54,54213,D132,49.141969,5.84904,Plein jour,Hors agglomération,Hors intersection,Normale,Sans collision,3,2,2,0,2,3,1,0,8,80,1,1,0,0,1,0,22.0,,deux_roues,,1,1,1,1,7
202400022393,2024-07-28 02:30:00,2024,7,28,2,30,58,58194,REPUBLIQUE (BOULEVARD),46.99429,3.1704,Nuit avec éclairage non allumé,En agglomération,Hors intersection,Pluie légère,Autre collision,4,2,2,0,1,1,2,0,1,50,1,2,1,0,1,0,34.0,,voiture,,4,2,1,2,6
202400022394,2024-09-05 14:25:00,2024,9,5,14,25,75,75115,RUE BELLART,48.846575,2.308664,Plein jour,En agglomération,Intersection en X,Pluie légère,Autre collision,4,1, -1,-1,1,1,2,0,1,-1,1,3,1,0,0,2,28.0,,utilitaire_camion,,1,2,2,2,6
202400022394,2024-09-05 14:25:00,2024,9,5,14,25,75,75115,RUE BELLART,48.846575,2.308664,Plein jour,En agglomération,Intersection en X,Pluie légère,Autre collision,4,1,1,0,1,1,2,0,1,30,1,3,1,0,0,2,28.0,,utilitaire_camion,,1,2,2,2,6
202400022395,2024-05-26 10:00:00,2024,5,26,10,0,974,97413,40 Chemin Departemental 25,-21.195428,55.301077,Plein jour,En agglomération,Hors intersection,Normale,Autre collision,3,2,2,0,2,2,1,0,4,50,1,2,1,0,1,0,36.0,,utilitaire_camion,,1,2,1,1,6
202400022396,2024-07-27 11:45:00,2024,7,27,11,45,58,58194,BARATTE (FAUBOURG),46.98065,3.18945,Plein jour,En agglomération,Hors intersection,Normale,Sans collision,4,2,2,0,1,1,1,0,1,50,1,1,0,0,1,0,68.0,,deux_roues,,1,2,1,1,7
202400022397,2024-09-05 17:00:00,2024,9,5,17,0,75,75114,AVENUE DU GENERAL LECLERC,48.828777,2.327691,Plein jour,En agglomération,Intersection en Y,Pluie légère,Autre collision,4,2,4,1,1,1,2,0,1,30,1,2,1,0,0,1,24.0,,deux_roues,,1,2,4,2,6
202400022397,2024-09-05 17:00:00,2024,9,5,17,0,75,75114,AVENUE DU GENERAL LECLERC,48.828777,2.327691,Plein jour,En agglomération,Intersection en Y,Pluie légère,Autre collision,4,1, -1,-1,1,1,2,0,1,-1,1,2,1,0,0,1,24.0,,deux_roues,,1,2,4,2,6
202400022398,2024-05-25 15:40:00,2024,5,25,15,40,65,65101,D817,43.208069,0.214298,Plein jour,Hors agglomération,Intersection en X,Normale,Deux véhicules - arrière,3,2,2,0,2,2,1,5,1,90,2,2,1,0,0,1,18.0,19.0,voiture,deux_roues,1,1,2,1,2
202400022398,2024-05-25 15:40:00,2024,5,25,15,40,65,65101,D817,43.208069,0.214298,Plein jour,Hors agglomération,Intersection en X,Normale,Deux véhicules - arrière,3,2, -1,-1,1,3,1,0,1,80,2,2,1,0,0,1,18.0,19.0,voiture,deux_roues,1,1,2,1,2