accident_id,datetime,annee,mois,jour,heure,minute,departement,commune_insee,adresse,latitude,longitude,luminosite,agglomeration,intersection,meteo,collision,catr,circ,nbv,vosp,prof,plan,surf,infra,situ,vma,nb_vehicules,nb_usagers,nb_indemnes,nb_tues,nb_blesses_hosp,nb_blesses_legers,age_cond_1,age_cond_2,veh_type_cond_1,veh_type_cond_2,lum_code,agg_code,int_code,atm_code,col_code
202400022470,2024-07-29 09:04:00,2024,7,29,9,4,75,75113,QUAI FRANCOIS MAURIAC,48.832316,2.379789,Plein jour,En agglomération,Intersection en X,Normale,Deux véhicules - côté,4,2,3,1,1,1,1,0,1,30,2,2,1,0,0,1,41.0,37.0,voiture,deux_roues,1,2,2,1,3
202400022471,2024-05-25 13:10:00,2024,5,25,13,10,34,34135,D37,43.276342,3.162206,Plein jour,Hors agglomération,Hors intersection,Normale,Deux véhicules - côté,3,2,2,0,2,1,1,0,1,-1,2,2,1,0,1,0,25.0,13.0,voiture,deux_roues,1,1,1,1,3
202400022472,2024-07-29 21:30:00,2024,7,29,21,30,75,75111,AVENUE PARMENTIER,48.86502536,2.37467462,Plein jour,En agglomération,Intersection en X,Normale,Autre collision,4,2, -1,0,1,1,1,0,1,30,1,5,4,0,0,1,55.0,,voiture,,1,2,2,1,6
202400022472,2024-07-29 21:30:00,2024,7,29,21,30,75,75111,AVENUE PARMENTIER,48.86502536,2.37467462,Plein jour,En agglomération,Intersection en X,Normale,Autre collision,4,2,2,1,1,1,1,0,1,30,1,5,4,0,0,1,55.0,,voiture,,1,2,2,1,6
202400022473,2024-05-26 19:00:00,2024,5,26,19,0,83,83071,27 Rue Pierre Curie,43.138192,6.236329,Plein jour,En agglomération,Hors intersection,Normale,Deux véhicules - côté,4,1,1,0,1,1,1,0,1,30,2,4,3,0,0,1,69.0,50.0,deux_roues,voiture,1,2,1,1,3
202400022474,2024-05-26 11:30:00,2024,5,26,11,30,83,83035,Dn8,43.24861,5.787815,Plein jour,Hors agglomération,Intersection en Y,Normale,Deux véhicules - côté,3,2,2,0,1,1,1,0,1,50,2,2,1,0,1,0,51.0,45.0,voiture,deux_roues,1,1,4,1,3
202400022474,2024-05-26 11:30:00,2024,5,26,11,30,83,83035,Dn8,43.24861,5.787815,Plein jour,Hors agglomération,Intersection en Y,Normale,Deux véhicules - côté,3,1, -1,-1,1,1,1,0,1,-1,2,2,1,0,1,0,51.0,45.0,voiture,deux_roues,1,1,4,1,3
202400022475,2024-07-29 07:37:00,2024,7,29,7,37,94,94042,Rue Jean Mermoz,48.82,2.467155,Plein jour,En agglomération,Autre intersection,Normale,Deux véhicules - côté,3,1,2,0,2,1,1,2,1,50,2,2,1,0,0,1,22.0,36.0,autre,voiture,1,2,9,1,3
202400022475,2024-07-29 07:37:00,2024,7,29,7,37,94,94042,Rue Jean Mermoz,48.82,2.467155,Plein jour,En agglomération,Autre intersection,Normale,Deux véhicules - côté,3,1,2,0,1,1,1,2,1,50,2,2,1,0,0,1,22.0,36.0,autre,voiture,1,2,9,1,3
202400022476,2024-05-20 12:00:00,2024,5,20,12,0,68,68329,61 Route de la Schlucht,48.050615,7.110192,Plein jour,En agglomération,Hors intersection,Normale,Sans collision,3,2,2,0,1,1,1,0,1,50,1,1,0,0,1,0,35.0,,deux_roues,,1,2,1,1,7
202400022477,2024-05-25 19:10:00,2024,5,25,19,10,67,67303,RD 250,48.90959,7.741097,Plein jour,Hors agglomération,Hors intersection,Temps éblouissant,Sans collision,3,2,2,0,2,2,1,0,1,80,1,2,1,0,1,0,29.0,,deux_roues,,1,1,1,7,7
202400022478,2024-07-29 08:50:00,2024,7,29,8,50,94,94041,Boulevard Paul Vaillant Couturier,48.81951926,2.39637324,Plein jour,En agglomération,Hors intersection,Normale,Deux véhicules - côté,4,-1,0,3,1,1,1,9,6,50,2,3,2,0,0,1,29.0,61.0,utilitaire_camion,transport_commun,1,2,1,1,3
202400022479,2024-07-29 03:10:00,2024,7,29,3,10,94,94041,Avenue de Verdun,48.81291,2.3703,Nuit avec éclairage allumé,En agglomération,Hors intersection,Normale,Autre collision,3,1,1,0,1,4,1,0,1,50,1,1,0,0,0,1,46.0,,voiture,,5,2,1,1,6
202400022480,2024-05-25 19:30:00,2024,5,25,19,30,54,54397,32 Rue Roger Salengro,48.61652337,6.10222399,Plein jour,En agglomération,Hors intersection,Normale,Autre collision,3,2,2,0,1,1,1,0,1,50,2,3,2,0,0,1,64.0,17.0,voiture,deux_roues,1,2,1,1,6
202400022481,2024-07-29 16:35:00,2024,7,29,16,35,94,94060,Avenue des Bordes,48.79571495,2.56885618,Plein jour,En agglomération,Hors intersection,Temps éblouissant,Autre collision,4,2,1,0,1,1,1,0,1,50,1,1,0,0,0,1,15.0,,deux_roues,,1,2,1,7,6
202400022482,2024-07-29 08:40:00,2024,7,29,8,40,94,94079,Boulevard de Friedberg,48.83221139,2.54261532,Plein jour,En agglomération,Hors intersection,Normale,Deux véhicules - arrière,3,2,2,0,1,1,1,0,1,50,2,4,2,0,0,2,51.0,81.0,voiture,voiture,1,2,1,1,2
202400022483,2024-05-26 10:40:00,2024,5,26,10,40,69,69106,Route de la Colline,45.928174,4.692788,Plein jour,Hors agglomération,Hors intersection,Normale,Deux véhicules - frontale,3,2,2,0,2,3,1,0,1,80,2,4,3,0,0,1,28.0,42.0,deux_roues,utilitaire_camion,1,1,1,1,1
202400022484,2024-07-27 18:00:00,2024,7,27,18,0,94,94055,Av. Maurice Schumann,48.77893266,2.53584462,Plein jour,En agglomération,Hors intersection,Pluie légère,Trois véhicules et plus - collisions multiples,3,2,2,0,3,1,2,0,1,50,3,3,2,0,0,1,46.0,42.0,deux_roues,voiture,1,2,1,2,5
202400022485,2024-05-25 06:50:00,2024,5,25,6,50,69,69112,Route d’Eveux,45.806371,4.641579,Crépuscule ou aube,Hors agglomération,Intersection en T,Temps éblouissant,Deux véhicules - côté,3,2,2,0,2,3,1,5,5,80,2,2,1,0,1,0,69.0,45.0,voiture,deux_roues,2,1,3,7,3
202400022485,2024-05-25 06:50:00,2024,5,25,6,50,69,69112,Route d’Eveux,45.806371,4.641579,Crépuscule ou aube,Hors agglomération,Intersection en T,Temps éblouissant,Deux véhicules - côté,3,2,3,2,1,1,1,0,5,-1,2,2,1,0,1,0,69.0,45.0,voiture,deux_roues,2,1,3,7,3
202400022486,2024-07-29 07:40:00,2024,7,29,7,40,95,95527,A1,49.01467966,2.53079193,Plein jour,Hors agglomération,Autre intersection,Normale,Deux véhicules - côté,1,1,2,0,1,1,1,0,1,70,2,2,1,0,0,1,39.0,51.0,voiture,deux_roues,1,1,9,1,3
202400022487,2024-05-25 21:28:00,2024,5,25,21,28,29,29001,Route de Bellevue,48.26715315,-4.29244387,Crépuscule ou aube,Hors agglomération,Hors intersection,Pluie légère,Deux véhicules - frontale,3,2,2,0,1,3,2,0,1,70,2,2,0,1,0,1,20.0,44.0,voiture,voiture,2,1,1,2,1
202400022488,2024-07-29 19:34:00,2024,7,29,19,34,93,93062,SAPINS (ALLEE DES),48.89742,2.529024,Plein jour,En agglomération,Hors intersection,Normale,Autre collision,4,1,1,0,1,1,1,0,1,30,1,3,2,0,0,1,31.0,,voiture,,1,2,1,1,6
202400022489,2024-05-25 12:50:00,2024,5,25,12,50,78,78640,A86 INT,48.780678,2.178467,Plein jour,Hors agglomération,Hors intersection,Normale,Trois véhicules et plus - en chaîne,1,1,3,0,1,1,1,0,1,90,3,3,2,0,0,1,21.0,26.0,voiture,deux_roues,1,1,1,1,4
202400022490,2024-07-28 13:00:00,2024,7,28,13,0,93,93006,Rue Girardot / Rue François Mitterrand,48.87534511,2.42440224,Plein jour,En agglomération,Intersection en X,Normale,Deux véhicules - frontale,3,2,3,0,2,3,1,0,1,50,2,2,1,0,1,0,52.0,27.0,deux_roues,voiture,1,2,2,1,1
202400022490,2024-07-28 13:00:00,2024,7,28,13,0,93,93006,Rue Girardot / Rue François Mitterrand,48.87534511,2.42440224,Plein jour,En agglomération,Intersection en X,Normale,Deux véhicules - frontale,3,2,2,1,1,1,1,0,1,50,2,2,1,0,1,0,52.0,27.0,deux_roues,voiture,1,2,2,1,1
202400022491,2024-05-25 08:05:00,2024,5,25,8,5,92,92072,N118,48.82701466,2.2242259,Plein jour,En agglomération,Hors intersection,Normale,Deux véhicules - côté,2,3,2,0,4,2,1,2,1,50,2,2,1,0,0,1,31.0,62.0,voiture,deux_roues,1,2,1,1,3
202400022492,2024-07-29 10:52:00,2024,7,29,10,52,93,93005,PIERRE JOUHET (AVENUE),48.92396,2.50445,Plein jour,En agglomération,Intersection en X,Normale,Deux véhicules - côté,4,2,0,0,1,1,1,0,1,50,2,2,1,0,0,1,36.0,20.0,deux_roues,voiture,1,2,2,1,3
202400022493,2024-05-24 16:12:00,2024,5,24,16,12,78,78646,RN12,48.79188,2.097477,Plein jour,Hors agglomération,Hors intersection,Normale,Trois véhicules et plus - collisions multiples,2,1,3,0,1,1,1,0,1,110,3,3,2,0,0,1,24.0,57.0,deux_roues,voiture,1,1,1,1,5
202400022494,2024-05-25 04:25:00,2024,5,25,4,25,78,78321,RN12 INT,48.796615,1.907538,Nuit avec éclairage allumé,Hors agglomération,Hors intersection,Normale,Autre collision,2,1,2,0,2,1,1,1,1,90,1,1,0,0,0,1,19.0,,voiture,,5,1,1,1,6
202400022495,2024-07-29 16:50:00,2024,7,29,16,50,93,93001,Boulevard Anatole France / Rue des Noyers,48.91629912,2.3816453,Plein jour,En agglomération,Intersection en X,Normale,Deux véhicules - côté,3,2,2,0,1,1,1,0,1,50,2,3,2,0,0,1,51.0,22.0,voiture,deux_roues,1,2,2,1,3
202400022495,2024-07-29 16:50:00,2024,7,29,16,50,93,93001,Boulevard Anatole France / Rue des Noyers,48.91629912,2.3816453,Plein jour,En agglomération,Intersection en X,Normale,Deux véhicules - côté,3,1,1,0,1,1,1,0,1,50,2,3,2,0,0,1,51.0,22.0,voiture,deux_roues,1,2,2,1,3
202400022496,2024-05-24 15:45:00,2024,5,24,15,45,95,95580,A1,49.08422099,2.55129954,Plein jour,Hors agglomération,Hors intersection,Normale,Autre collision,1,3,3,0,1,1,1,7,1,50,1,1,0,0,0,1,48.0,,utilitaire_camion,,1,1,1,1,6
202400022497,2024-07-29 08:37:00,2024,7,29,8,37,92,92040,ROUGET DE L'ISLE,48.82889701,2.26443493,Plein jour,En agglomération,Hors intersection,Normale,Autre collision,3,2,6,3,1,1,1,0,6,30,2,3,2,0,0,1,43.0,51.0,deux_roues,voiture,1,2,1,1,6
202400022498,2024-05-24 12:30:00,2024,5,24,12,30,974,97416,RN3 (ANCIENNE ROUTE),-21.29386,55.51077,Plein jour,Hors agglomération,Autre intersection,Normale,Deux véhicules - côté,4,2,1,0,1,1,1,0,1,50,2,2,1,0,0,1,63.0,60.0,deux_roues,voiture,1,1,9,1,3
202400022499,2024-07-29 08:28:00,2024,7,29,8,28,92,92036,MARCEL PAUL (AVENUE) (52/102),48.93987656,2.30356264,Plein jour,Hors agglomération,Giratoire,Normale,Deux véhicules - côté,1,2,0,0,1,1,1,5,1,50,2,2,1,0,0,1,53.0,,deux_roues,voiture,1,1,6,1,3
202400022499,2024-07-29 08:28:00,2024,7,29,8,28,92,92036,MARCEL PAUL (AVENUE) (52/102),48.93987656,2.30356264,Plein jour,Hors agglomération,Giratoire,Normale,Deux véhicules - côté,1,1,2,0,1,1,1,3,1,50,2,2,1,0,0,1,53.0,,deux_roues,voiture,1,1,6,1,3
202400022500,2024-07-29 21:10:00,2024,7,29,21,10,92,92024,VICTOR HUGO (BD),48.90221728,2.31815064,Plein jour,En agglomération,Hors intersection,Normale,Deux véhicules - côté,3,3,4,0,1,1,1,0,1,50,2,2,1,0,0,1,20.0,31.0,deux_roues,voiture,1,2,1,1,3
202400022501,2024-05-24 09:35:00,2024,5,24,9,35,974,97411,GARE ROUTIERE (DE LA),-20.8783,55.45847,Plein jour,Hors agglomération,Giratoire,Normale,Sans collision,4,1,0,1,1,1,1,5,5,50,1,1,0,1,0,0,67.0,,deux_roues,,1,1,6,1,7
202400022501,2024-05-24 09:35:00,2024,5,24,9,35,974,97411,GARE ROUTIERE (DE LA),-20.8783,55.45847,Plein jour,Hors agglomération,Giratoire,Normale,Sans collision,4,-1,0,0,1,1,1,0,5,50,1,1,0,1,0,0,67.0,,deux_roues,,1,1,6,1,7
202400022502,2024-07-29 09:10:00,2024,7,29,9,10,92,92009,EUROPE (AVENUE),48.90681646,2.26144999,Plein jour,En agglomération,Intersection en X,Normale,Autre collision,3,2,0,0,1,1,1,0,1,50,1,2,1,0,0,1,63.0,,utilitaire_camion,,1,2,2,1,6
202400022502,2024-07-29 09:10:00,2024,7,29,9,10,92,92009,EUROPE (AVENUE),48.90681646,2.26144999,Plein jour,En agglomération,Intersection en X,Normale,Autre collision,3,2,2,0,1,1,1,0,1,50,1,2,1,0,0,1,63.0,,utilitaire_camion,,1,2,2,1,6
202400022503,2024-05-23 20:00:00,2024,5,23,20,0,974,97411,RN2/043,-20.89295,55.50189,Nuit avec éclairage allumé,Hors agglomération,Hors intersection,Normale,Deux véhicules - arrière,2,1,3,0,1,3,1,0,1,90,2,2,1,0,0,1,31.0,49.0,deux_roues,utilitaire_camion,5,1,1,1,2
202400022504,2024-07-29 09:00:00,2024,7,29,9,0,92,92014,CONDORCET (PLACE),48.77967082,2.31559423,Plein jour,En agglomération,Hors intersection,Normale,Autre collision,9,1,0,1,1,1,1,0,5,50,1,2,0,0,0,2,37.0,,deux_roues,,1,2,1,1,6
202400022505,2024-05-24 18:00:00,2024,5,24,18,0,974,97409,CITE LES CAZALES,-20.9595,55.64825,Nuit sans éclairage public,En agglomération,Hors intersection,Pluie légère,Deux véhicules - côté,4,2,2,0,2,1,2,0,1,50,2,2,1,0,0,1,36.0,29.0,voiture,voiture,3,2,1,2,3
202400022506,2024-07-27 22:35:00,2024,7,27,22,35,14,14741,Route de Saint-Laurent,48.912417,-0.451432,Crépuscule ou aube,Hors agglomération,Hors intersection,Normale,Sans collision,3,2,2,0,2,2,1,0,1,80,1,1,0,0,0,1,27.0,,deux_roues,,2,1,1,1,7
202400022507,2024-05-24 09:40:00,2024,5,24,9,40,974,97409,RN2 DIRECTION ST BENT SORTIE PETIT BAZAR,-20.94388,55.64934,Plein jour,En agglomération,Hors intersection,Normale,Deux véhicules - arrière,2,1,3,0,3,3,2,0,2,90,2,3,1,0,0,2,37.0,36.0,utilitaire_camion,voiture,1,2,1,1,2
202400022508,2024-07-30 08:00:00,2024,7,30,8,0,81,81087,D3,43.971139,1.973377,Plein jour,Hors agglomération,Hors intersection,Normale,Autre collision,3,2,2,0,2,2,1,0,1,80,1,1,0,1,0,0,33.0,,utilitaire_camion,,1,1,1,1,6
202400022509,2024-07-25 19:53:00,2024,7,25,19,53,95,95052,D922,49.14595772,2.30725373,Plein jour,Hors agglomération,Hors intersection,Normale,Autre collision,3,3,2,0,3,2,1,5,8,70,1,1,0,0,1,0,48.0,,deux_roues,,1,1,1,1,6
202400022510,2024-05-24 11:35:00,2024,5,24,11,35,973,97302,VOLTAIRE(AVENUE),4.94165,-52.32537,Plein jour,En agglomération,Intersection en T,Normale,Deux véhicules - côté,4,2,2,0,1,1,1,0,8,50,2,2,1,0,0,1,27.0,25.0,voiture,deux_roues,1,2,3,1,3
202400022510,2024-05-24 11:35:00,2024,5,24,11,35,973,97302,VOLTAIRE(AVENUE),4.94165,-52.32537,Plein jour,En agglomération,Intersection en T,Normale,Deux véhicules - côté,4,1,2,0,1,1,1,0,1,50,2,2,1,0,0,1,27.0,25.0,voiture,deux_roues,1,2,3,1,3
202400022511,2024-07-30 04:45:00,2024,7,30,4,45,40,40004,CD133,43.649716,-1.393987,Nuit sans éclairage public,Hors agglomération,Hors intersection,Normale,Autre collision,3,2,2,0,2,1,1,0,1,70,1,1,0,0,1,0,43.0,,deux_roues,,3,1,1,1,6
202400022512,2024-05-24 18:30:00,2024,5,24,18,30,972,97209,CHATEAUBOEUF (ROUTE DE),14.61,-61.04,Plein jour,En agglomération,Hors intersection,Normale,Deux véhicules - arrière,2,3,2,0,1,1,1,0,1,50,2,3,1,0,1,1,34.0,27.0,voiture,deux_roues,1,2,1,1,2
202400022513,2024-07-29 16:15:00,2024,7,29,16,15,974,97404,Avenue Raymond Barre,-21.258756,55.354539,Plein jour,En agglomération,Intersection en T,Temps éblouissant,Deux véhicules - côté,3,2,2,0,1,1,1,0,1,30,2,2,1,0,1,0,16.0,73.0,deux_roues,voiture,1,2,3,7,3
202400022513,2024-07-29 16:15:00,2024,7,29,16,15,974,97404,Avenue Raymond Barre,-21.258756,55.354539,Plein jour,En agglomération,Intersection en T,Temps éblouissant,Deux véhicules - côté,3,2,2,0,1,1,1,0,1,30,2,2,1,0,1,0,16.0,73.0,deux_roues,voiture,1,2,3,7,3
202400022514,2024-05-24 13:39:00,2024,5,24,13,39,972,97209,AUTOROUTE (A1),14.61594,-61.0448,Plein jour,Hors agglomération,Hors intersection,Normale,Deux véhicules - arrière,1,2,6,0,4,1,1,9,1,90,2,5,3,0,0,2,38.0,22.0,voiture,voiture,1,1,1,1,2
202400022515,2024-05-24 22:29:00,2024,5,24,22,29,2B,2B033,AGLIANI - CHEMIN D',42.67453,1.407665,Nuit avec éclairage allumé,En agglomération,Hors intersection,Normale,Autre collision,3,2,2,0,1,2,1,0,8,50,1,1,0,0,0,1,78.0,,voiture,,5,2,1,1,6
202400022516,2024-05-23 13:00:00,2024,5,23,13,0,971,97120,SCHOELCHER,16.23565,-61.53743,Plein jour,En agglomération,Intersection en T,Normale,Autre collision,4,1,1,0,1,1,1,0,8,50,1,2,1,0,0,1,44.0,,utilitaire_camion,,1,2,3,1,6
202400022516,2024-05-23 13:00:00,2024,5,23,13,0,971,97120,SCHOELCHER,16.23565,-61.53743,Plein jour,En agglomération,Intersection en T,Normale,Autre collision,4,1,1,0,1,1,1,0,1,50,1,2,1,0,0,1,44.0,,utilitaire_camion,,1,2,3,1,6
202400022517,2024-07-29 10:00:00,2024,7,29,10,0,26,26191,,44.539957,4.805617,Plein jour,Hors agglomération,Hors intersection,Normale,Deux véhicules - côté,1,3,3,0,1,1,1,0,1,130,2,7,5,0,0,2,46.0,20.0,voiture,voiture,1,1,1,1,3
202400022518,2024-05-23 13:20:00,2024,5,23,13,20,971,97120,BD LEGITIMUS,16.24404874,-61.53437018,Plein jour,En agglomération,Intersection en X,Pluie légère,Autre collision,3,2,2,0,1,1,2,0,1,50,1,2,1,0,1,0,75.0,,voiture,,1,2,2,2,6
202400022518,2024-05-23 13:20:00,2024,5,23,13,20,971,97120,BD LEGITIMUS,16.24404874,-61.53437018,Plein jour,En agglomération,Intersection en X,Pluie légère,Autre collision,3,2,2,0,1,1,2,0,1,50,1,2,1,0,1,0,75.0,,voiture,,1,2,2,2,6
202400022519,2024-05-24 08:15:00,2024,5,24,8,15,2A,2A004,#Ricanto#,41.92847,8.77299,Plein jour,En agglomération,Hors intersection,Normale,Trois véhicules et plus - en chaîne,2,2,2,0,1,1,1,0,1,50,3,4,1,0,0,3,29.0,22.0,voiture,voiture,1,2,1,1,4
202400022520,2024-05-24 13:30:00,2024,5,24,13,30,95,95427,D193E,48.9773304,2.35627759,Plein jour,En agglomération,Hors intersection,Normale,Deux véhicules - frontale,3,2,2,0,1,1,1,0,1,50,2,2,1,0,0,1,37.0,,voiture,voiture,1,2,1,1,1
202400022521,2024-05-21 13:54:00,2024,5,21,13,54,95,95127,N14,49.05544599,2.04691708,Plein jour,En agglomération,Hors intersection,Pluie légère,Autre collision,2,1,1,0,2,3,2,0,1,50,1,2,1,0,0,1,30.0,,voiture,,1,2,1,2,6
202400022522,2024-05-24 17:20:00,2024,5,24,17,20,91,91027,AV HENRI DUNANT,48.71007,2.38548,Plein jour,En agglomération,Intersection en T,Normale,Deux véhicules - côté,3,2,4,1,1,1,1,0,1,50,2,3,2,0,0,1,59.0,39.0,voiture,deux_roues,1,2,3,1,3
202400022522,2024-05-24 17:20:00,2024,5,24,17,20,91,91027,AV HENRI DUNANT,48.71007,2.38548,Plein jour,En agglomération,Intersection en T,Normale,Deux véhicules - côté,3,2,2,0,1,1,1,0,1,50,2,3,2,0,0,1,59.0,39.0,voiture,deux_roues,1,2,3,1,3
202400022523,2024-05-24 10:10:00,2024,5,24,10,10,91,91479, FONTAINEBLEAU (ROUTE DE),48.70772,2.37136,Plein jour,En agglomération,Hors intersection,Normale,Deux véhicules - arrière,3,3,0,0,1,1,1,1,1,50,2,2,1,0,0,1,34.0,42.0,voiture,transport_commun,1,2,1,1,2
202400022524,2024-05-24 08:20:00,2024,5,24,8,20,91,91027,AV MARCEL SEMBAT,48.70881,2.38542,Plein jour,En agglomération,Autre intersection,Normale,Deux véhicules - côté,4,2,2,0,1,1,1,0,1,30,2,2,1,0,0,1,31.0,17.0,voiture,deux_roues,1,2,9,1,3
202400022525,2024-05-24 14:35:00,2024,5,24,14,35,89,89342,FONDERIES PONT A MOUSSON (AVENUE DES),48.21048,3.27629,Plein jour,En agglomération,Intersection en T,Pluie légère,Deux véhicules - côté,3,2,2,0,1,1,2,0,1,50,2,2,1,0,0,1,43.0,30.0,deux_roues,voiture,1,2,3,2,3
202400022525,2024-05-24 14:35:00,2024,5,24,14,35,89,89342,FONDERIES PONT A MOUSSON (AVENUE DES),48.21048,3.27629,Plein jour,En agglomération,Intersection en T,Pluie légère,Deux véhicules - côté,3,2,2,0,1,1,2,0,1,50,2,2,1,0,0,1,43.0,30.0,deux_roues,voiture,1,2,3,2,3
202400022526,2024-05-23 13:39:00,2024,5,23,13,39,87,87085,RUBEN (AVENUE ERNEST),45.82008,1.25182,Plein jour,En agglomération,Intersection en X,Normale,Deux véhicules - côté,4,2,2,0,1,1,1,5,1,30,2,2,1,0,0,1,77.0,56.0,voiture,voiture,1,2,2,1,3
202400022526,2024-05-23 13:39:00,2024,5,23,13,39,87,87085,RUBEN (AVENUE ERNEST),45.82008,1.25182,Plein jour,En agglomération,Intersection en X,Normale,Deux véhicules - côté,4,3,2,0,2,1,1,5,1,30,2,2,1,0,0,1,77.0,56.0,voiture,voiture,1,2,2,1,3
202400022527,2024-05-22 20:57:00,2024,5,22,20,57,87,87085,LOUYAT (AVENUE DE),45.85185,1.25897,Crépuscule ou aube,En agglomération,Hors intersection,Normale,Sans collision,4,2,2,0,2,1,1,0,4,30,1,1,0,0,0,1,13.0,,deux_roues,,2,2,1,1,7
202400022528,2024-05-24 17:50:00,2024,5,24,17,50,85,85194,Avenue d'anjou,46.50396,-1.77418,Plein jour,En agglomération,Intersection en X,Normale,Autre collision,4,2,2,0,3,1,1,0,1,50,2,2,1,0,0,1,38.0,50.0,voiture,deux_roues,1,2,2,1,6
202400022528,2024-05-24 17:50:00,2024,5,24,17,50,85,85194,Avenue d'anjou,46.50396,-1.77418,Plein jour,En agglomération,Intersection en X,Normale,Autre collision,4,2,2,1,1,1,1,0,1,50,2,2,1,0,0,1,38.0,50.0,voiture,deux_roues,1,2,2,1,6
202400022529,2024-05-24 12:45:00,2024,5,24,12,45,85,85191,24 Rue gutenberg,46.67892,-1.43012,Plein jour,En agglomération,Hors intersection,Normale,Autre collision,4,-1,2,0,1,1,1,0,1,50,1,2,1,0,1,0,88.0,,voiture,,1,2,1,1,6
202400022530,2024-05-24 05:10:00,2024,5,24,5,10,83,83129,JUIN MARECHAL (AV DU),43.09825409,5.85167563,Crépuscule ou aube,Hors agglomération,Hors intersection,Normale,Deux véhicules - côté,3,3,2,0,1,1,1,0,1,50,2,2,1,0,0,1,25.0,32.0,voiture,voiture,2,1,1,1,3
202400022531,2024-05-24 14:15:00,2024,5,24,14,15,82,82033,Place des Belges,44.03996,1.1214,Plein jour,En agglomération,Hors intersection,Normale,Autre collision,4,1,1,0,1,1,1,6,1,50,1,2,1,1,0,0,41.0,,utilitaire_camion,,1,2,1,1,6
202400022532,2024-05-24 07:40:00,2024,5,24,7,40,79,79329,,46.992368,-0.21349,Plein jour,En agglomération,Intersection en X,Normale,Deux véhicules - côté,3,2,2,1,1,1,1,0,1,50,2,2,1,0,0,1,58.0,19.0,utilitaire_camion,deux_roues,1,2,2,1,3
202400022532,2024-05-24 07:40:00,2024,5,24,7,40,79,79329,,46.992368,-0.21349,Plein jour,En agglomération,Intersection en X,Normale,Deux véhicules - côté,3,2,2,0,1,1,1,0,1,50,2,2,1,0,0,1,58.0,19.0,utilitaire_camion,deux_roues,1,2,2,1,3
202400022533,2024-05-24 07:50:00,2024,5,24,7,50,79,79191,,46.31563,-0.44152,Plein jour,En agglomération,Intersection en T,Normale,Deux véhicules - côté,4,2,2,0,2,1,1,0,1,50,2,2,1,0,1,0,54.0,18.0,voiture,deux_roues,1,2,3,1,3
202400022533,2024-05-24 07:50:00,2024,5,24,7,50,79,79191,,46.31563,-0.44152,Plein jour,En agglomération,Intersection en T,Normale,Deux véhicules - côté,4,2,2,0,1,1,1,0,1,50,2,2,1,0,1,0,54.0,18.0,voiture,deux_roues,1,2,3,1,3
202400022534,2024-05-24 06:50:00,2024,5,24,6,50,77,77284,VICTOIRE (AV.DE LA),48.95743,2.93623,Plein jour,En agglomération,Intersection en T,Normale,Deux véhicules - côté,3,2,2,0,1,1,1,0,1,50,2,2,1,0,0,1,23.0,37.0,voiture,utilitaire_camion,1,2,3,1,3
202400022534,2024-05-24 06:50:00,2024,5,24,6,50,77,77284,VICTOIRE (AV.DE LA),48.95743,2.93623,Plein jour,En agglomération,Intersection en T,Normale,Deux véhicules - côté,3,3,4,0,1,1,1,0,1,50,2,2,1,0,0,1,23.0,37.0,voiture,utilitaire_camion,1,2,3,1,3
202400022535,2024-05-24 20:35:00,2024,5,24,20,35,74,74012,LECLERC (AVENUE DU MARECHAL),46.18,6.24,Plein jour,En agglomération,Autre intersection,Temps couvert,Deux véhicules - côté,4,3,1,0,1,1,2,0,1,50,2,3,0,0,0,3,51.0,23.0,voiture,voiture,1,2,9,8,3
202400022536,2024-05-09 17:13:00,2024,5,9,17,13,73,73065,Place de la gare,45.57018223,5.91981903,Plein jour,En agglomération,Hors intersection,Normale,Autre collision,4,2,2,3,1,1,1,-1,6,30,1,2,1,0,1,0,60.0,,transport_commun,,1,2,1,1,6
202400022537,2024-05-24 19:20:00,2024,5,24,19,20,71,71153,Rue du President Wilson,46.79634,4.42925,Plein jour,En agglomération,Intersection en X,Normale,Deux véhicules - côté,4,2,2,0,1,1,1,5,1,50,2,2,1,0,0,1,60.0,20.0,voiture,voiture,1,2,2,1,3
202400022537,2024-05-24 19:20:00,2024,5,24,19,20,71,71153,Rue du President Wilson,46.79634,4.42925,Plein jour,En agglomération,Intersection en X,Normale,Deux véhicules - côté,4,2,2,0,1,1,1,5,1,50,2,2,1,0,0,1,60.0,20.0,voiture,voiture,1,2,2,1,3
202400022538,2024-05-24 22:00:00,2024,5,24,22,0,69,69199,Avenue des Frères Perret,45.69453,4.84424,Nuit sans éclairage public,Hors agglomération,Autre intersection,Normale,Deux véhicules - côté,7,1,2,0,1,1,1,0,1,50,2,3,0,0,0,3,23.0,35.0,voiture,voiture,3,1,9,1,3
202400022538,2024-05-24 22:00:00,2024,5,24,22,0,69,69199,Avenue des Frères Perret,45.69453,4.84424,Nuit sans éclairage public,Hors agglomération,Autre intersection,Normale,Deux véhicules - côté,7,1,2,0,1,1,1,0,1,70,2,3,0,0,0,3,23.0,35.0,voiture,voiture,3,1,9,1,3
202400022539,2024-05-24 23:00:00,2024,5,24,23,0,69,69259,Avenue d'Oschatz,45.696,4.88179,Nuit avec éclairage allumé,En agglomération,Passage à niveau,Normale,Deux véhicules - côté,4,2,2,2,2,3,1,4,1,50,2,4,1,0,0,3,55.0,40.0,utilitaire_camion,transport_commun,5,2,8,1,3