accident_id,datetime,annee,mois,jour,heure,minute,departement,commune_insee,adresse,latitude,longitude,luminosite,agglomeration,intersection,meteo,collision,catr,circ,nbv,vosp,prof,plan,surf,infra,situ,vma,nb_vehicules,nb_usagers,nb_indemnes,nb_tues,nb_blesses_hosp,nb_blesses_legers,age_cond_1,age_cond_2,veh_type_cond_1,veh_type_cond_2,lum_code,agg_code,int_code,atm_code,col_code
202400022540,2024-05-24 23:10:00,2024,5,24,23,10,67,67482,OBERHAUSBERGEN (ROUTE D ),48.597039,7.705354,Nuit avec éclairage allumé,En agglomération,Intersection en T,Normale,Deux véhicules - côté,4,2,2,0,1,1,1,0,8,50,2,2,1,0,0,1,21.0,37.0,voiture,deux_roues,5,2,3,1,3
202400022540,2024-05-24 23:10:00,2024,5,24,23,10,67,67482,OBERHAUSBERGEN (ROUTE D ),48.597039,7.705354,Nuit avec éclairage allumé,En agglomération,Intersection en T,Normale,Deux véhicules - côté,4,3,4,1,1,1,1,9,1,50,2,2,1,0,0,1,21.0,37.0,voiture,deux_roues,5,2,3,1,3
202400022541,2024-05-24 07:45:00,2024,5,24,7,45,67,67482,JACQUES KABLE (RUE),48.59347,7.75484,Plein jour,En agglomération,Hors intersection,Temps couvert,Deux véhicules - côté,4,2,4,1,1,1,2,0,1,50,2,2,1,0,0,1,25.0,54.0,deux_roues,voiture,1,2,1,8,3
202400022542,2024-05-24 23:27:00,2024,5,24,23,27,64,64445,JEAN MERMOZ,43.30696,-0.37641,Nuit avec éclairage allumé,En agglomération,Intersection en T,Normale,Deux véhicules - côté,4,2,2,0,1,1,1,0,1,50,2,3,1,0,0,2,21.0,30.0,voiture,voiture,5,2,3,1,3
202400022542,2024-05-24 23:27:00,2024,5,24,23,27,64,64445,JEAN MERMOZ,43.30696,-0.37641,Nuit avec éclairage allumé,En agglomération,Intersection en T,Normale,Deux véhicules - côté,4,1, -1,-1,1,1,1,0,1,50,2,3,1,0,0,2,21.0,30.0,voiture,voiture,5,2,3,1,3
202400022543,2024-05-24 15:10:00,2024,5,24,15,10,64,64445,LILAS DES,43.30487,-0.3523,Plein jour,En agglomération,Intersection en X,Normale,Deux véhicules - côté,4,2,2,0,1,1,1,0,1,50,2,2,1,0,0,1,22.0,70.0,voiture,deux_roues,1,2,2,1,3
202400022543,2024-05-24 15:10:00,2024,5,24,15,10,64,64445,LILAS DES,43.30487,-0.3523,Plein jour,En agglomération,Intersection en X,Normale,Deux véhicules - côté,4,2,2,0,1,1,1,0,1,50,2,2,1,0,0,1,22.0,70.0,voiture,deux_roues,1,2,2,1,3
202400022544,2024-05-24 10:00:00,2024,5,24,10,0,64,64445,RESISTANCE,43.30152,-0.37536,Plein jour,En agglomération,Intersection en X,Normale,Deux véhicules - côté,4,-1,2,0,1,1,1,0,1,30,2,2,1,0,0,1,18.0,20.0,deux_roues,voiture,1,2,2,1,3
202400022544,2024-05-24 10:00:00,2024,5,24,10,0,64,64445,RESISTANCE,43.30152,-0.37536,Plein jour,En agglomération,Intersection en X,Normale,Deux véhicules - côté,4,2,2,0,1,1,1,0,1,50,2,2,1,0,0,1,18.0,20.0,deux_roues,voiture,1,2,2,1,3
202400022545,2024-05-24 05:05:00,2024,5,24,5,5,64,64445,BAYARD,43.297,-0.37745,Nuit avec éclairage allumé,En agglomération,Autre intersection,Normale,Sans collision,4,2,2,0,1,1,1,0,1,50,2,2,1,0,0,1,46.0,21.0,voiture,deux_roues,5,2,9,1,7
202400022546,2024-05-23 18:30:00,2024,5,23,18,30,64,64445,NOGUE,43.29993,-0.37002,Plein jour,En agglomération,Hors intersection,Normale,Autre collision,4,-1,2,0,1,1,1,0,1,50,1,2,1,0,0,1,76.0,,voiture,,1,2,1,1,6
202400022547,2024-05-16 08:00:00,2024,5,16,8,0,62,62771,Rue Constant Darras,50.42342,2.84921,Crépuscule ou aube,En agglomération,Hors intersection,Pluie légère,Deux véhicules - côté,4,2,3,3,1,1,2,9,8,50,2,2,1,0,0,1,54.0,28.0,deux_roues,utilitaire_camion,2,2,1,2,3
202400022548,2024-05-21 17:55:00,2024,5,21,17,55,61,61169,D259,48.761663,-0.538972,Plein jour,Hors agglomération,Intersection en X,Normale,Deux véhicules - côté,3,2,2,0,2,1,1,0,1,80,2,2,1,0,0,1,16.0,77.0,deux_roues,voiture,1,1,2,1,3
202400022548,2024-05-21 17:55:00,2024,5,21,17,55,61,61169,D259,48.761663,-0.538972,Plein jour,Hors agglomération,Intersection en X,Normale,Deux véhicules - côté,3,2,2,0,2,1,1,0,1,80,2,2,1,0,0,1,16.0,77.0,deux_roues,voiture,1,1,2,1,3
202400022549,2024-05-24 13:15:00,2024,5,24,13,15,59,59650,Boulevard de la Liberté,50.70989,3.19098,Plein jour,En agglomération,Hors intersection,Normale,Sans collision,7,3,4,2,1,3,1,0,1,50,1,1,0,1,0,0,19.0,,deux_roues,,1,2,1,1,7
202400022550,2024-05-24 17:45:00,2024,5,24,17,45,59,59648,CLEMENCEAU RUE,50.59947,3.05304,Plein jour,En agglomération,Autre intersection,Normale,Autre collision,7,2,6,3,1,1,1,0,1,50,3,3,2,0,0,1,30.0,22.0,deux_roues,voiture,1,2,9,1,6
202400022551,2024-05-23 20:05:00,2024,5,23,20,5,58,58194,AMIRAL JACQUINOT,46.98401,3.18366,Plein jour,En agglomération,Intersection en T,Normale,Deux véhicules - côté,4,2,2,0,1,1,1,0,1,50,2,2,1,0,1,0,20.0,50.0,deux_roues,voiture,1,2,3,1,3
202400022551,2024-05-23 20:05:00,2024,5,23,20,5,58,58194,AMIRAL JACQUINOT,46.98401,3.18366,Plein jour,En agglomération,Intersection en T,Normale,Deux véhicules - côté,4,2,2,0,1,1,1,0,1,50,2,2,1,0,1,0,20.0,50.0,deux_roues,voiture,1,2,3,1,3
202400022552,2024-05-24 06:05:00,2024,5,24,6,5,56,56260,Avenue de Tohannic,47.64785,-2.74368,Plein jour,En agglomération,Hors intersection,Normale,Autre collision,4,2,2,0,1,2,1,0,1,50,1,3,1,0,0,2,23.0,,voiture,,1,2,1,1,6
202400022553,2024-05-23 23:40:00,2024,5,23,23,40,56,56121,D465 Desserte Portuaire,47.738867,-3.380257,Nuit sans éclairage public,Hors agglomération,Hors intersection,Normale,Deux véhicules - frontale,3,2,2,0,1,1,1,0,1,70,2,2,1,0,0,1,29.0,24.0,utilitaire_camion,voiture,3,1,1,1,1
202400022554,2024-05-23 17:10:00,2024,5,23,17,10,56,56107,Centre nautique de Kerguélen,47.70571,-3.40832,Plein jour,Hors agglomération,Hors intersection,Normale,Deux véhicules - frontale,4,2,3,0,1,3,1,5,1,30,2,2,1,0,0,1,20.0,19.0,deux_roues,voiture,1,1,1,1,1
202400022555,2024-05-24 13:30:00,2024,5,24,13,30,54,54395,Avenue Raymond Pinchard,48.70252206,6.15272462,Plein jour,En agglomération,Hors intersection,Normale,Deux véhicules - côté,4,2,3,3,1,1,1,-1,1,30,2,2,1,0,0,1,29.0,34.0,transport_commun,voiture,1,2,1,1,3
202400022556,2024-05-23 17:00:00,2024,5,23,17,0,54,54547,Avenue du Général Leclerc,48.666743,6.166731,Plein jour,En agglomération,Hors intersection,Pluie forte,Deux véhicules - côté,4,1,2,3,1,1,2,-1,1,30,2,2,1,0,0,1,54.0,53.0,deux_roues,transport_commun,1,2,1,3,3
202400022557,2024-05-23 11:00:00,2024,5,23,11,0,54,54526,Boulevard Tolstoi,48.67967433,6.21686697,Plein jour,En agglomération,Hors intersection,Normale,Deux véhicules - arrière,4,2,2,0,2,1,1,0,1,50,2,2,0,0,0,2,82.0,29.0,voiture,voiture,1,2,1,1,2
202400022558,2024-05-24 15:45:00,2024,5,24,15,45,51,51454,CHAMPAGNE (AVENUE),49.23134,4.03541,Plein jour,En agglomération,Hors intersection,Normale,Trois véhicules et plus - collisions multiples,4,3,4,0,1,1,1,0,1,70,5,5,4,0,0,1,52.0,45.0,voiture,voiture,1,2,1,1,5
202400022559,2024-05-24 13:25:00,2024,5,24,13,25,51,51454,JEANNE D'ARC (RUE'),49.25302,4.02659,Plein jour,En agglomération,Hors intersection,Normale,Autre collision,4,1,2,2,1,1,1,0,1,30,1,2,1,0,0,1,23.0,,deux_roues,,1,2,1,1,6
202400022560,2024-05-23 09:45:00,2024,5,23,9,45,51,51454,CHAMPAGNE   (  AVENUE DE),49.21991,4.02069,Plein jour,En agglomération,Giratoire,Normale,Deux véhicules - côté,4,1,2,0,1,2,1,0,1,50,2,2,0,0,0,2,34.0,23.0,voiture,voiture,1,2,6,1,3
202400022560,2024-05-23 09:45:00,2024,5,23,9,45,51,51454,CHAMPAGNE   (  AVENUE DE),49.21991,4.02069,Plein jour,En agglomération,Giratoire,Normale,Deux véhicules - côté,4,-1,2,0,1,2,1,0,1,50,2,2,0,0,0,2,34.0,23.0,voiture,voiture,1,2,6,1,3
202400022561,2024-05-23 21:48:00,2024,5,23,21,48,51,51506,RN 44,48.95847,4.38995,Nuit sans éclairage public,Hors agglomération,Hors intersection,Normale,Sans collision,2,3,2,0,1,3,1,2,3,90,1,2,0,1,1,0,21.0,,voiture,,3,1,1,1,7
202400022562,2024-05-23 12:46:00,2024,5,23,12,46,49,49007,EPINARD ROUTE,47.48658,-0.56347,Plein jour,En agglomération,Hors intersection,Normale,Deux véhicules - côté,4,2,2,0,1,1,1,0,1,50,2,2,0,0,0,2,81.0,,utilitaire_camion,voiture,1,2,1,1,3
202400022563,2024-05-24 10:50:00,2024,5,24,10,50,45,45232,D2020 PR 36 + 50,47.841119,1.913628,Plein jour,En agglomération,Hors intersection,Normale,Deux véhicules - côté,3,3,4,0,1,1,1,0,1,50,2,4,2,0,0,2,82.0,21.0,voiture,voiture,1,2,1,1,3
202400022564,2024-05-24 11:45:00,2024,5,24,11,45,45,45004,D2107 PR 2 + 578,47.970876,2.733712,Plein jour,En agglomération,Hors intersection,Normale,Autre collision,3,2,3,0,1,1,1,0,8,50,1,1,0,0,0,1,54.0,,utilitaire_camion,,1,2,1,1,6
202400022565,2024-05-25 00:08:00,2024,5,25,0,8,35,35238,TROIS CROIX (BD DES),48.12777,-1.68342,Nuit avec éclairage allumé,En agglomération,Intersection en X,Normale,Deux véhicules - côté,4,2,4,2,1,1,1,5,1,50,2,3,2,0,0,1,19.0,31.0,voiture,deux_roues,5,2,2,1,3
202400022565,2024-05-25 00:08:00,2024,5,25,0,8,35,35238,TROIS CROIX (BD DES),48.12777,-1.68342,Nuit avec éclairage allumé,En agglomération,Intersection en X,Normale,Deux véhicules - côté,4,3,3,2,4,1,1,5,1,50,2,3,2,0,0,1,19.0,31.0,voiture,deux_roues,5,2,2,1,3
202400022566,2024-05-24 08:05:00,2024,5,24,8,5,33,33063,,44.86565,-0.57592,Plein jour,En agglomération,Giratoire,Normale,Deux véhicules - côté,4,2,2,2,1,1,1,5,1,30,2,2,1,0,0,1,50.0,32.0,utilitaire_camion,voiture,1,2,6,1,3
202400022566,2024-05-24 08:05:00,2024,5,24,8,5,33,33063,,44.86565,-0.57592,Plein jour,En agglomération,Giratoire,Normale,Deux véhicules - côté,4,1,2,0,1,1,1,5,1,30,2,2,1,0,0,1,50.0,32.0,utilitaire_camion,voiture,1,2,6,1,3
202400022567,2024-05-24 08:45:00,2024,5,24,8,45,31,31555,12 LES IZARDS (PERIPH EST A62),43.64693,1.44485,Plein jour,En agglomération,Hors intersection,Normale,Deux véhicules - côté,1,1,4,0,1,1,1,0,1,90,2,2,1,0,0,1,22.0,37.0,voiture,deux_roues,1,2,1,1,3
202400022568,2024-05-23 20:15:00,2024,5,23,20,15,31,31555,NARBONNE (ROUTE DE),43.56635,1.45883,Crépuscule ou aube,En agglomération,Hors intersection,Normale,Deux véhicules - côté,7,2,3,2,1,1,1,0,1,50,2,2,1,0,0,1,22.0,84.0,deux_roues,voiture,2,2,1,1,3
202400022569,2024-05-24 16:05:00,2024,5,24,16,5,27,27229,NORMANDIE (BOULEVARD DE),49.019,1.13911,Plein jour,En agglomération,Hors intersection,Normale,Deux véhicules - côté,4,1,6,1,1,1,1,0,1,50,2,2,1,1,0,0,45.0,30.0,utilitaire_camion,deux_roues,1,2,1,1,3
202400022570,2024-05-24 10:00:00,2024,5,24,10,0,22,22360,VERNE (RUE JULES),48.48647,-2.72927,Plein jour,En agglomération,Hors intersection,Normale,Deux véhicules - côté,4,2,0,0,1,1,1,0,1,30,2,2,1,0,1,0,43.0,70.0,voiture,deux_roues,1,2,1,1,3
202400022571,2024-05-23 12:00:00,2024,5,23,12,0,22,22278,MONGE,48.50203,-2.73878,Plein jour,En agglomération,Hors intersection,Normale,Deux véhicules - frontale,4,2,4,0,1,1,1,0,1,50,2,3,2,0,0,1,24.0,21.0,voiture,voiture,1,2,1,1,1
202400022572,2024-05-24 21:40:00,2024,5,24,21,40,17,17300,MULHOUSE   AVENUE DE,46.15489,-1.14516,Crépuscule ou aube,En agglomération,Intersection en X,Normale,Deux véhicules - côté,4,2,2,1,1,1,1,0,1,30,2,3,1,0,0,2,34.0,21.0,voiture,voiture,2,2,2,1,3
202400022572,2024-05-24 21:40:00,2024,5,24,21,40,17,17300,MULHOUSE   AVENUE DE,46.15489,-1.14516,Crépuscule ou aube,En agglomération,Intersection en X,Normale,Deux véhicules - côté,4,1,1,1,1,1,1,0,1,30,2,3,1,0,0,2,34.0,21.0,voiture,voiture,2,2,2,1,3
202400022573,2024-05-24 09:42:00,2024,5,24,9,42,16,16089,,45.68115,-0.293,Plein jour,Hors agglomération,Giratoire,Normale,Deux véhicules - arrière,2,1,1,0,1,3,1,5,1,50,2,2,1,1,0,0,23.0,31.0,utilitaire_camion,deux_roues,1,1,6,1,2
202400022574,2024-05-23 15:05:00,2024,5,23,15,5,15,15014,Cours d'Angouleme,44.93172,2.45039,Plein jour,En agglomération,Giratoire,Normale,Deux véhicules - côté,4,2, -1,0,1,1,2,0,1,50,2,2,1,0,0,1,64.0,56.0,voiture,deux_roues,1,2,6,1,3
202400022574,2024-05-23 15:05:00,2024,5,23,15,5,15,15014,Cours d'Angouleme,44.93172,2.45039,Plein jour,En agglomération,Giratoire,Normale,Deux véhicules - côté,4,2,2,0,2,1,2,0,1,50,2,2,1,0,0,1,64.0,56.0,voiture,deux_roues,1,2,6,1,3
202400022575,2024-05-23 12:55:00,2024,5,23,12,55,14,14118,Boulevard Jean Moulin,49.195895,-0.375238,Plein jour,Hors agglomération,Intersection en Y,Normale,Deux véhicules - arrière,2,1,1,0,1,3,1,3,1,50,2,2,1,0,0,1,22.0,26.0,voiture,voiture,1,1,4,1,2
202400022575,2024-05-23 12:55:00,2024,5,23,12,55,14,14118,Boulevard Jean Moulin,49.195895,-0.375238,Plein jour,Hors agglomération,Intersection en Y,Normale,Deux véhicules - arrière,2,3,4,0,1,1,1,0,1,50,2,2,1,0,0,1,22.0,26.0,voiture,voiture,1,1,4,1,2
202400022576,2024-05-24 09:30:00,2024,5,24,9,30,13,13216,LITTORAL (CHEMIN DU),43.35371,5.32846,Crépuscule ou aube,En agglomération,Hors intersection,Temps couvert,Deux véhicules - arrière,3,3,4,0,1,2,1,0,1,50,2,2,1,0,0,1,,64.0,voiture,voiture,2,2,1,8,2
202400022577,2024-05-24 18:30:00,2024,5,24,18,30,13,13001,THUMINE GRANDE (BD DE LA),43.52424,5.41243,Plein jour,En agglomération,Hors intersection,Normale,Deux véhicules - côté,4,2,0,0,1,1,1,0,1,50,2,2,0,0,0,2,33.0,26.0,voiture,voiture,1,2,1,1,3
202400022578,2024-05-24 06:45:00,2024,5,24,6,45,13,13001,PETIT MOULIN (RTE DU),43.50699,5.33329,Plein jour,Hors agglomération,Hors intersection,Normale,Deux véhicules - côté,3,2,2,0,1,1,1,0,1,70,2,2,1,0,0,1,47.0,48.0,voiture,deux_roues,1,1,1,1,3
202400022579,2024-05-23 14:30:00,2024,5,23,14,30,10,10362,ERIC TABARLY (RUE),48.2974,4.0409,Plein jour,En agglomération,Intersection en T,Normale,Deux véhicules - côté,4,2,1,0,1,1,1,0,1,50,2,3,2,0,0,1,52.0,13.0,voiture,deux_roues,1,2,3,1,3
202400022579,2024-05-23 14:30:00,2024,5,23,14,30,10,10362,ERIC TABARLY (RUE),48.2974,4.0409,Plein jour,En agglomération,Intersection en T,Normale,Deux véhicules - côté,4,4,1,1,1,1,1,5,1,50,2,3,2,0,0,1,52.0,13.0,voiture,deux_roues,1,2,3,1,3
202400022580,2024-05-23 14:00:00,2024,5,23,14,0,10,10333,ADOLPHE THIERS (RUE DE),48.2803,4.0627,Plein jour,En agglomération,Intersection en X,Pluie légère,Deux véhicules - arrière,4,-1,2,0,1,1,2,0,1,50,2,3,2,0,0,1,68.0,16.0,voiture,deux_roues,1,2,2,2,2
202400022580,2024-05-23 14:00:00,2024,5,23,14,0,10,10333,ADOLPHE THIERS (RUE DE),48.2803,4.0627,Plein jour,En agglomération,Intersection en X,Pluie légère,Deux véhicules - arrière,4,-1,2,0,1,1,2,0,1,50,2,3,2,0,0,1,68.0,16.0,voiture,deux_roues,1,2,2,2,2
202400022581,2024-10-10 16:30:00,2024,10,10,16,30,63,63113,JOUHAUX (BD LEON),45.79152185,3.11495394,Plein jour,En agglomération,Hors intersection,Normale,Autre collision,4,2,2,0,1,1,1,0,1,30,1,2,1,0,0,1,30.0,,voiture,,1,2,1,1,6
202400022582,2024-05-24 07:45:00,2024,5,24,7,45,06,06069,Route de Valbonne,43.64004,6.97955,Plein jour,En agglomération,Hors intersection,Normale,Deux véhicules - côté,3,2,2,0,1,2,1,0,1,50,2,2,1,0,0,1,63.0,48.0,voiture,deux_roues,1,2,1,1,3
202400022583,2024-05-24 13:30:00,2024,5,24,13,30,04,04070,HONNORAT (R. DU DR),44.09231,6.23203,Plein jour,En agglomération,Hors intersection,Temps couvert,Sans collision,4,1,2,0,1,2,1,0,1,30,2,2,1,0,0,1,32.0,,deux_roues,voiture,1,2,1,8,7
202400022584,2024-10-10 14:20:00,2024,10,10,14,20,60,60159,Avenue du Général Weygand,49.40574,2.80858,Plein jour,En agglomération,Intersection en T,Pluie forte,Deux véhicules - côté,4,2,2,0,1,1,2,0,1,30,2,3,2,0,0,1,27.0,36.0,utilitaire_camion,voiture,1,2,3,3,3
202400022584,2024-10-10 14:20:00,2024,10,10,14,20,60,60159,Avenue du Général Weygand,49.40574,2.80858,Plein jour,En agglomération,Intersection en T,Pluie forte,Deux véhicules - côté,4,2,2,0,1,1,2,0,1,30,2,3,2,0,0,1,27.0,36.0,utilitaire_camion,voiture,1,2,3,3,3
202400022585,2024-05-09 08:05:00,2024,5,9,8,5,02,02722,88 Allée des Platanes,49.35909,3.31646,Plein jour,En agglomération,Hors intersection,Normale,Sans collision,4,2,2,1,2,3,1,0,5,50,2,2,1,0,1,0,59.0,72.0,voiture,deux_roues,1,2,1,1,7
202400022586,2024-05-23 18:50:00,2024,5,23,18,50,75,75113,BD PERIPHERIQUE INTERIEUR,48.820004,2.374225,Plein jour,En agglomération,Hors intersection,Pluie légère,Deux véhicules - arrière,4,1,4,0,1,1,2,0,1,70,2,2,1,0,0,1,43.0,50.0,voiture,deux_roues,1,2,1,2,2
202400022587,2024-10-09 13:10:00,2024,10,9,13,10,59,59009,Rue Jean Jaures,50.66628,3.14153,Plein jour,En agglomération,Intersection en X,Normale,Autre collision,7,1,2,0,1,1,1,0,1,50,1,2,1,0,0,1,,,utilitaire_camion,,1,2,2,1,6
202400022587,2024-10-09 13:10:00,2024,10,9,13,10,59,59009,Rue Jean Jaures,50.66628,3.14153,Plein jour,En agglomération,Intersection en X,Normale,Autre collision,7,2,2,0,1,1,1,0,1,50,1,2,1,0,0,1,,,utilitaire_camion,,1,2,2,1,6
202400022588,2024-05-22 17:00:00,2024,5,22,17,0,75,75115,PORTE DE VANVES,48.826376,2.297013,Plein jour,En agglomération,Hors intersection,Normale,Deux véhicules - côté,4,1,4,0,1,1,1,1,1,70,2,2,1,0,0,1,70.0,65.0,deux_roues,voiture,1,2,1,1,3
202400022589,2024-05-23 20:40:00,2024,5,23,20,40,75,75106,BOULEVARD DU MONTPARNASSE,48.841984,2.329616,Plein jour,En agglomération,Intersection à plus de 4 branches,Normale,Deux véhicules - côté,4,1,2,0,1,1,1,0,1,30,2,2,1,0,0,1,43.0,29.0,voiture,deux_roues,1,2,5,1,3
202400022589,2024-05-23 20:40:00,2024,5,23,20,40,75,75106,BOULEVARD DU MONTPARNASSE,48.841984,2.329616,Plein jour,En agglomération,Intersection à plus de 4 branches,Normale,Deux véhicules - côté,4,1, -1,0,1,1,1,0,1,30,2,2,1,0,0,1,43.0,29.0,voiture,deux_roues,1,2,5,1,3
202400022590,2024-10-10 08:00:00,2024,10,10,8,0,59,59343,JAURES JEAN RUE,50.585519,3.105131,Plein jour,En agglomération,Intersection en X,Pluie légère,Autre collision,7,2,2,0,1,2,2,5,1,50,1,2,1,0,0,1,60.0,,voiture,,1,2,2,2,6
202400022590,2024-10-10 08:00:00,2024,10,10,8,0,59,59343,JAURES JEAN RUE,50.585519,3.105131,Plein jour,En agglomération,Intersection en X,Pluie légère,Autre collision,7,2,2,0,1,1,2,5,1,50,1,2,1,0,0,1,60.0,,voiture,,1,2,2,2,6
202400022591,2024-05-24 10:15:00,2024,5,24,10,15,75,75119,PLACE DE LA BATAILLE DE STALINGRAD,48.883213,2.369242,Plein jour,En agglomération,Hors intersection,Normale,Sans collision,4,1,3,0,1,3,1,0,1,30,1,1,0,0,0,1,20.0,,deux_roues,,1,2,1,1,7
202400022592,2024-05-23 21:40:00,2024,5,23,21,40,75,75119,RUE BOTZARIS,48.878859,2.382649,Nuit avec éclairage allumé,En agglomération,Hors intersection,Normale,Deux véhicules - côté,4,2,2,0,1,1,1,0,1,30,2,2,1,0,0,1,32.0,47.0,deux_roues,deux_roues,5,2,1,1,3
202400022593,2024-10-09 14:20:00,2024,10,9,14,20,59,59350,Rue Pierre Legrand,50.63191,3.09367,Plein jour,En agglomération,Intersection en T,Pluie forte,Trois véhicules et plus - collisions multiples,7,2,2,0,1,1,2,0,1,50,3,4,3,0,0,1,23.0,24.0,voiture,voiture,1,2,3,3,5
202400022593,2024-10-09 14:20:00,2024,10,9,14,20,59,59350,Rue Pierre Legrand,50.63191,3.09367,Plein jour,En agglomération,Intersection en T,Pluie forte,Trois véhicules et plus - collisions multiples,7,1,1,0,1,1,2,0,8,30,3,4,3,0,0,1,23.0,24.0,voiture,voiture,1,2,3,3,5
202400022594,2024-10-05 14:30:00,2024,10,5,14,30,59,59183,REPUBLIQUE - F MITTERAND - BOULEVARD,51.04873,2.41993,Plein jour,En agglomération,Hors intersection,Normale,Sans collision,3,3,2,2,1,1,1,0,5,50,1,1,0,1,0,0,33.0,,deux_roues,,1,2,1,1,7
202400022595,2024-05-24 01:30:00,2024,5,24,1,30,75,75117,RUE LANTIEZ,48.896451,2.325132,Nuit avec éclairage allumé,En agglomération,Intersection en X,Normale,Autre collision,4,1, -1,-1,1,1,1,0,1,30,1,2,0,0,1,1,36.0,,voiture,,5,2,2,1,6
202400022595,2024-05-24 01:30:00,2024,5,24,1,30,75,75117,RUE LANTIEZ,48.896451,2.325132,Nuit avec éclairage allumé,En agglomération,Intersection en X,Normale,Autre collision,4,1,1,0,1,2,1,0,1,30,1,2,0,0,1,1,36.0,,voiture,,5,2,2,1,6
202400022596,2024-10-10 16:00:00,2024,10,10,16,0,58,58194,HENRI BOUQUILLARD,46.9957,3.13111,Plein jour,En agglomération,Hors intersection,Normale,Trois véhicules et plus - en chaîne,4,2,2,0,1,1,1,0,1,50,4,4,3,0,0,1,80.0,25.0,voiture,voiture,1,2,1,1,4
202400022597,2024-05-24 04:40:00,2024,5,24,4,40,75,75116,Place de la Porte d'Auteuil,48.847841,2.257477,Nuit avec éclairage allumé,En agglomération,Place,Normale,Deux véhicules - arrière,4,1, -1,-1,1,1,1,0,1,50,2,2,1,0,0,1,59.0,44.0,voiture,voiture,5,2,7,1,2
202400022597,2024-05-24 04:40:00,2024,5,24,4,40,75,75116,Place de la Porte d'Auteuil,48.847841,2.257477,Nuit avec éclairage allumé,En agglomération,Place,Normale,Deux véhicules - arrière,4,1,1,0,1,1,1,0,1,50,2,2,1,0,0,1,59.0,44.0,voiture,voiture,5,2,7,1,2
202400022598,2024-10-08 15:40:00,2024,10,8,15,40,54,54549,Route d'Art-sur-meurthe,48.64146,6.30054,Plein jour,En agglomération,Hors intersection,Temps couvert,Deux véhicules - arrière,3,2,2,0,1,1,1,0,1,50,2,2,1,0,1,0,22.0,79.0,deux_roues,voiture,1,2,1,8,2
202400022599,2024-05-24 09:30:00,2024,5,24,9,30,75,75114,BOULEVARD BRUNE,48.826154,2.312742,Plein jour,En agglomération,Intersection en T,Normale,Deux véhicules - côté,4,2,4,3,1,1,1,0,1,50,2,2,1,0,0,1,56.0,21.0,deux_roues,voiture,1,2,3,1,3
202400022599,2024-05-24 09:30:00,2024,5,24,9,30,75,75114,BOULEVARD BRUNE,48.826154,2.312742,Plein jour,En agglomération,Intersection en T,Normale,Deux véhicules - côté,4,2,2,0,1,1,1,0,1,30,2,2,1,0,0,1,56.0,21.0,deux_roues,voiture,1,2,3,1,3
202400022600,2024-05-23 11:45:00,2024,5,23,11,45,75,75112,AVENUE DU GENERAL DODDS,48.834266,2.404729,Plein jour,En agglomération,Intersection en T,Normale,Autre collision,4,1,1,1,2,1,1,0,1,30,1,2,1,0,1,0,33.0,,voiture,,1,2,3,1,6
202400022600,2024-05-23 11:45:00,2024,5,23,11,45,75,75112,AVENUE DU GENERAL DODDS,48.834266,2.404729,Plein jour,En agglomération,Intersection en T,Normale,Autre collision,4,1, -1,0,1,1,1,0,1,50,1,2,1,0,1,0,33.0,,voiture,,1,2,3,1,6
202400022601,2024-10-10 21:40:00,2024,10,10,21,40,51,51454,CERNAY (RUE DE ) DU N° 39 A FIN ET DU N°,49.25763,4.0506,Nuit avec éclairage allumé,En agglomération,Hors intersection,Pluie légère,Sans collision,4,2,2,0,1,1,2,0,1,30,1,1,0,0,0,1,37.0,,deux_roues,,5,2,1,2,7
202400022602,2024-05-23 09:30:00,2024,5,23,9,30,75,75112,AVENUE DU TREMBLAY,48.834267,2.454735,Plein jour,En agglomération,Hors intersection,Normale,Deux véhicules - côté,4,2,2,0,1,1,1,0,1,50,2,2,1,0,1,0,22.0,51.0,deux_roues,utilitaire_camion,1,2,1,1,3
202400022603,2024-05-24 17:00:00,2024,5,24,17,0,94,94068,Rue du Pont de Créteil / Rue du Chemin Vert,48.80079201,2.47179615,Plein jour,En agglomération,Intersection en T,Normale,Autre collision,3,3,4,3,1,1,1,-1,1,30,1,2,1,0,0,1,33.0,,utilitaire_camion,,1,2,3,1,6
202400022603,2024-05-24 17:00:00,2024,5,24,17,0,94,94068,Rue du Pont de Créteil / Rue du Chemin Vert,48.80079201,2.47179615,Plein jour,En agglomération,Intersection en T,Normale,Autre collision,3,2,3,0,2,1,1,0,1,-1,1,2,1,0,0,1,33.0,,utilitaire_camion,,1,2,3,1,6
202400022604,2024-10-10 17:10:00,2024,10,10,17,10,51,51454,NIEPCE (AVENUE NICEPHORE),49.23003,4.06864,Plein jour,En agglomération,Hors intersection,Temps couvert,Deux véhicules - côté,2,3,0,0,1,1,2,0,1,90,2,2,1,0,0,1,26.0,51.0,utilitaire_camion,voiture,1,2,1,8,3
202400022605,2024-05-24 09:55:00,2024,5,24,9,55,94,94068,Avenue des Piliers / Avenue Francis Garnier,48.793621,2.50893,Plein jour,En agglomération,Intersection en X,Normale,Deux véhicules - côté,4,2,2,0,1,1,1,0,1,30,2,2,1,0,0,1,45.0,18.0,utilitaire_camion,deux_roues,1,2,2,1,3
202400022606,2024-10-08 18:55:00,2024,10,8,18,55,50,50502,HAVIN,49.11468,-1.09333,Plein jour,En agglomération,Hors intersection,Normale,Deux véhicules - frontale,4,2,2,0,2,1,2,6,1,50,1,2,1,0,1,0,21.0,,voiture,,1,2,1,1,1
202400022607,2024-05-24 09:00:00,2024,5,24,9,0,94,94068,Avenue Victor Hugo / Avenue Émile Zola,48.80326891,2.48473084,Plein jour,En agglomération,Intersection en X,Normale,Autre collision,4,1,1,0,1,1,1,0,1,30,1,2,1,0,0,1,33.0,,utilitaire_camion,,1,2,2,1,6