accident_id,datetime,annee,mois,jour,heure,minute,departement,commune_insee,adresse,latitude,longitude,luminosite,agglomeration,intersection,meteo,collision,catr,circ,nbv,vosp,prof,plan,surf,infra,situ,vma,nb_vehicules,nb_usagers,nb_indemnes,nb_tues,nb_blesses_hosp,nb_blesses_legers,age_cond_1,age_cond_2,veh_type_cond_1,veh_type_cond_2,lum_code,agg_code,int_code,atm_code,col_code
202400022608,2024-05-22 13:00:00,2024,5,22,13,0,94,94016,Avenue du Président Wilson,48.78818,2.32392,Plein jour,En agglomération,Hors intersection,Normale,Autre collision,3,2,2,1,1,1,1,0,1,30,1,2,1,0,1,0,22.0,,voiture,,1,2,1,1,6
202400022609,2024-10-09 09:15:00,2024,10,9,9,15,50,50129,EST (BOULEVARD DE L'),49.63527,-1.58629,Plein jour,En agglomération,Intersection en X,Pluie légère,Deux véhicules - côté,3,2,0,0,1,1,2,5,1,50,2,2,1,0,0,1,54.0,80.0,utilitaire_camion,voiture,1,2,2,2,3
202400022609,2024-10-09 09:15:00,2024,10,9,9,15,50,50129,EST (BOULEVARD DE L'),49.63527,-1.58629,Plein jour,En agglomération,Intersection en X,Pluie légère,Deux véhicules - côté,3,2,0,1,1,1,8,5,1,50,2,2,1,0,0,1,54.0,80.0,utilitaire_camion,voiture,1,2,2,2,3
202400022610,2024-05-23 11:10:00,2024,5,23,11,10,94,94028,29 Avenue Pierre Brossolette,48.792024,2.462191,Plein jour,En agglomération,Hors intersection,Normale,Autre collision,9,2,0,0,1,3,1,1,6,30,1,1,0,0,1,0,82.0,,voiture,,1,2,1,1,6
202400022611,2024-05-24 12:40:00,2024,5,24,12,40,94,94017,Rue du Marché,48.81184,2.50942,Plein jour,En agglomération,Hors intersection,Normale,Autre collision,4,4,2,0,1,1,1,0,1,30,1,2,1,0,0,1,38.0,,utilitaire_camion,,1,2,1,1,6
202400022612,2024-10-10 07:45:00,2024,10,10,7,45,49,49328,RD 952,47.27376604,-0.07991731,Crépuscule ou aube,Hors agglomération,Intersection en T,Normale,Deux véhicules - côté,3,2,2,1,1,1,2,3,1,70,2,2,1,0,1,0,18.0,52.0,deux_roues,voiture,2,1,3,1,3
202400022612,2024-10-10 07:45:00,2024,10,10,7,45,49,49328,RD 952,47.27376604,-0.07991731,Crépuscule ou aube,Hors agglomération,Intersection en T,Normale,Deux véhicules - côté,3,2,2,0,2,2,2,3,1,90,2,2,1,0,1,0,18.0,52.0,deux_roues,voiture,2,1,3,1,3
202400022613,2024-05-24 12:50:00,2024,5,24,12,50,93,93070,Rue des Rosiers / Boulevard Biron,48.90662,2.33532,Plein jour,En agglomération,Intersection en T,Normale,Trois véhicules et plus - collisions multiples,4,1,1,0,1,1,1,0,1,-1,3,3,2,0,1,0,15.0,27.0,deux_roues,voiture,1,2,3,1,5
202400022613,2024-05-24 12:50:00,2024,5,24,12,50,93,93070,Rue des Rosiers / Boulevard Biron,48.90662,2.33532,Plein jour,En agglomération,Intersection en T,Normale,Trois véhicules et plus - collisions multiples,4,2,2,0,1,1,1,0,1,50,3,3,2,0,1,0,15.0,27.0,deux_roues,voiture,1,2,3,1,5
202400022614,2024-05-24 11:30:00,2024,5,24,11,30,93,93055,Avenue du Général Leclerc / Chemin de la Noue,48.90143,2.41298,Plein jour,En agglomération,Intersection en T,Normale,Deux véhicules - côté,3,2,2,1,1,1,1,0,1,30,2,2,1,0,0,1,24.0,52.0,deux_roues,voiture,1,2,3,1,3
202400022614,2024-05-24 11:30:00,2024,5,24,11,30,93,93055,Avenue du Général Leclerc / Chemin de la Noue,48.90143,2.41298,Plein jour,En agglomération,Intersection en T,Normale,Deux véhicules - côté,3,2,1,0,1,1,1,0,1,30,2,2,1,0,0,1,24.0,52.0,deux_roues,voiture,1,2,3,1,3
202400022615,2024-10-10 06:50:00,2024,10,10,6,50,49,49328,POISSON ROUGE (PLACE DU),47.24691,-0.07711,Nuit avec éclairage allumé,En agglomération,Giratoire,Normale,Autre collision,4,2,0,0,1,1,1,0,1,50,2,2,1,0,0,1,,17.0,voiture,deux_roues,5,2,6,1,6
202400022615,2024-10-10 06:50:00,2024,10,10,6,50,49,49328,POISSON ROUGE (PLACE DU),47.24691,-0.07711,Nuit avec éclairage allumé,En agglomération,Giratoire,Normale,Autre collision,4,1,2,0,1,2,1,0,1,50,2,2,1,0,0,1,,17.0,voiture,deux_roues,5,2,6,1,6
202400022616,2024-05-24 16:35:00,2024,5,24,16,35,93,93057,Avenue du Quatorze Juillet / Rue Emile Zola,48.91101281,2.49117583,Plein jour,En agglomération,Intersection en T,Normale,Deux véhicules - côté,4,1,1,0,1,1,1,0,1,50,2,2,0,0,0,2,40.0,40.0,voiture,deux_roues,1,2,3,1,3
202400022616,2024-05-24 16:35:00,2024,5,24,16,35,93,93057,Avenue du Quatorze Juillet / Rue Emile Zola,48.91101281,2.49117583,Plein jour,En agglomération,Intersection en T,Normale,Deux véhicules - côté,4,2,2,0,1,1,1,0,1,50,2,2,0,0,0,2,40.0,40.0,voiture,deux_roues,1,2,3,1,3
202400022617,2024-05-24 06:55:00,2024,5,24,6,55,93,93010,Rue Jules Guesde / Rue du Breuil,48.90373,2.47631,Plein jour,En agglomération,Intersection en T,Normale,Deux véhicules - frontale,3,1,2,0,1,1,1,0,1,50,2,2,1,0,0,1,24.0,40.0,deux_roues,voiture,1,2,3,1,1
202400022617,2024-05-24 06:55:00,2024,5,24,6,55,93,93010,Rue Jules Guesde / Rue du Breuil,48.90373,2.47631,Plein jour,En agglomération,Intersection en T,Normale,Deux véhicules - frontale,3,2,2,1,1,1,1,0,1,50,2,2,1,0,0,1,24.0,40.0,deux_roues,voiture,1,2,3,1,1
202400022618,2024-05-24 17:45:00,2024,5,24,17,45,92,92072,LECLERC (AVENUE DE LA DIVISION),48.82297,2.22268,Plein jour,En agglomération,Hors intersection,Normale,Sans collision,3,2,2,0,2,3,1,0,1,30,1,1,0,0,1,0,61.0,,deux_roues,,1,2,1,1,7
202400022619,2024-08-19 02:20:00,2024,8,19,2,20,49,49099,le Bas Gué au Bouin,47.05936,-0.92182,Nuit sans éclairage public,Hors agglomération,Giratoire,Pluie légère,Autre collision,2,3,2,0,1,1,2,0,3,70,1,1,0,0,0,1,25.0,,voiture,,3,1,6,2,6
202400022619,2024-08-19 02:20:00,2024,8,19,2,20,49,49099,le Bas Gué au Bouin,47.05936,-0.92182,Nuit sans éclairage public,Hors agglomération,Giratoire,Pluie légère,Autre collision,2,1,2,0,1,2,2,0,3,70,1,1,0,0,0,1,25.0,,voiture,,3,1,6,2,6
202400022620,2024-05-23 22:20:00,2024,5,23,22,20,92,92064,ST CLOUD,48.84030383,2.22167391,Nuit avec éclairage allumé,En agglomération,Hors intersection,Normale,Deux véhicules - frontale,3,1,2,0,1,2,1,2,1,50,2,2,1,0,0,1,30.0,57.0,voiture,voiture,5,2,1,1,1
202400022621,2024-10-09 17:14:00,2024,10,9,17,14,49,49007,FOCH BOULEVARD,47.46927,-0.54947,Plein jour,En agglomération,Hors intersection,Pluie forte,Autre collision,4,3,2,0,1,1,2,0,1,2,1,2,1,0,0,1,19.0,,deux_roues,,1,2,1,3,6
202400022622,2024-05-23 11:30:00,2024,5,23,11,30,92,92050,ALLENDE SALVADOR RUE,48.89594964,2.21957016,Plein jour,En agglomération,Hors intersection,Normale,Deux véhicules - côté,4,2,2,0,1,1,1,0,1,50,2,6,5,0,0,1,22.0,65.0,voiture,voiture,1,2,1,1,3
202400022623,2024-05-22 18:15:00,2024,5,22,18,15,92,92050,SOUFFLOT J-GERMAIN BOULEVARD,48.89641792,2.21476641,Plein jour,En agglomération,Intersection en X,Normale,Deux véhicules - côté,3,1,3,3,1,1,1,5,1,50,2,3,1,0,0,2,27.0,54.0,voiture,transport_commun,1,2,2,1,3
202400022623,2024-05-22 18:15:00,2024,5,22,18,15,92,92050,SOUFFLOT J-GERMAIN BOULEVARD,48.89641792,2.21476641,Plein jour,En agglomération,Intersection en X,Normale,Deux véhicules - côté,3,2,3,0,1,1,1,5,1,50,2,3,1,0,0,2,27.0,54.0,voiture,transport_commun,1,2,2,1,3
202400022624,2024-10-09 09:13:00,2024,10,9,9,13,49,49007,MARIANNE BOULEVARD,47.45039,-0.52911,Plein jour,En agglomération,Hors intersection,Pluie forte,Deux véhicules - arrière,4,2,2,0,1,1,2,0,1,50,2,2,1,0,0,1,39.0,43.0,voiture,voiture,1,2,1,3,2
202400022625,2024-05-24 13:40:00,2024,5,24,13,40,92,92026,PRÉSIDENT PAUL DOUMER (QUAI DU),48.88954,2.2555,Plein jour,En agglomération,Hors intersection,Normale,Deux véhicules - côté,3,1,0,0,2,1,1,0,1,70,2,2,1,0,0,1,38.0,24.0,utilitaire_camion,deux_roues,1,2,1,1,3
202400022626,2024-05-24 23:45:00,2024,5,24,23,45,92,92012,PIERRE GRENIER (AVENUE),48.83342,2.25396,Nuit avec éclairage allumé,En agglomération,Hors intersection,Normale,Sans collision,3,2,2,2,1,1,1,0,1,50,1,1,0,0,1,0,37.0,,deux_roues,,5,2,1,1,7
202400022627,2024-10-10 20:27:00,2024,10,10,20,27,45,45147,3 Avenue d'Oradour-Sur-Glane,47.932714,1.928079,Nuit avec éclairage allumé,En agglomération,Autre intersection,Normale,Autre collision,4,3,2,2,1,1,1,0,1,50,1,2,1,0,0,1,56.0,,voiture,,5,2,9,1,6
202400022628,2024-05-25 01:30:00,2024,5,25,1,30,33,33531,,44.820538,-0.231657,Nuit sans éclairage public,Hors agglomération,Hors intersection,Normale,Sans collision,3,2,2,0,1,1,1,0,3,80,1,1,0,1,0,0,55.0,,deux_roues,,3,1,1,1,7
202400022629,2024-10-09 09:15:00,2024,10,9,9,15,44,44109,10 Boulevard René Cassin,47.2643,-1.57654,Plein jour,En agglomération,Hors intersection,Pluie forte,Sans collision,4,3,2,2,1,1,2,0,1,50,1,2,1,0,1,0,16.0,,voiture,,1,2,1,3,7
202400022630,2024-05-25 11:40:00,2024,5,25,11,40,80,80583,D210,49.792319,2.209561,Plein jour,Hors agglomération,Intersection en X,Normale,Deux véhicules - côté,3,2,2,0,1,1,1,0,1,80,2,4,0,0,2,2,46.0,70.0,voiture,voiture,1,1,2,1,3
202400022630,2024-05-25 11:40:00,2024,5,25,11,40,80,80583,D210,49.792319,2.209561,Plein jour,Hors agglomération,Intersection en X,Normale,Deux véhicules - côté,3,4,2,0,3,1,1,0,1,80,2,4,0,0,2,2,46.0,70.0,voiture,voiture,1,1,2,1,3
202400022631,2024-10-10 06:25:00,2024,10,10,6,25,43,43190,R.N 88,45.05795,3.9393,Nuit avec éclairage allumé,En agglomération,Hors intersection,Temps couvert,Autre collision,2,1,2,0,1,3,2,0,1,80,1,1,0,0,0,1,42.0,,voiture,,5,2,1,8,6
202400022632,2024-05-24 14:50:00,2024,5,24,14,50,12,12301,Route de Montaslès,44.460136,2.007403,Plein jour,Hors agglomération,Intersection en T,Normale,Deux véhicules - côté,3,2,2,0,1,1,1,0,1,90,2,2,1,0,1,0,84.0,74.0,voiture,deux_roues,1,1,3,1,3
202400022632,2024-05-24 14:50:00,2024,5,24,14,50,12,12301,Route de Montaslès,44.460136,2.007403,Plein jour,Hors agglomération,Intersection en T,Normale,Deux véhicules - côté,3,2,2,0,1,1,1,0,1,80,2,2,1,0,1,0,84.0,74.0,voiture,deux_roues,1,1,3,1,3
202400022633,2024-10-10 07:20:00,2024,10,10,7,20,38,38544,ALPES(BD DES),45.52646,4.90503,Plein jour,En agglomération,Hors intersection,Normale,Deux véhicules - côté,4,2,2,0,1,1,1,0,1,50,2,2,1,0,0,1,62.0,18.0,voiture,deux_roues,1,2,1,1,3
202400022634,2024-05-23 15:15:00,2024,5,23,15,15,67,67352,D6,48.860056,7.460833,Plein jour,Hors agglomération,Hors intersection,Pluie légère,Deux véhicules - frontale,3,2,2,0,1,1,2,0,8,80,2,2,0,0,1,1,22.0,41.0,voiture,voiture,1,1,1,2,1
202400022635,2024-10-09 17:09:00,2024,10,9,17,9,37,37233,COLOMBIER (RUE DU),47.38181,0.7389,Plein jour,En agglomération,Hors intersection,Pluie forte,Deux véhicules - frontale,4,2,2,0,1,1,2,0,1,50,2,3,0,0,1,2,45.0,19.0,voiture,voiture,1,2,1,3,1
202400022636,2024-10-10 08:10:00,2024,10,10,8,10,36,36044,Rue Eugène Delacroix,46.80317827,1.70686662,Plein jour,En agglomération,Hors intersection,Normale,Autre collision,4,2,2,-1,2,1,1,0,3,50,1,1,0,1,0,0,72.0,,voiture,,1,2,1,1,6
202400022637,2024-05-24 18:05:00,2024,5,24,18,5,76,76621,A28,49.659718,1.297374,Plein jour,Hors agglomération,Hors intersection,Normale,Trois véhicules et plus - en chaîne,1,3,2,0,1,1,1,0,1,130,7,13,10,0,0,3,26.0,20.0,voiture,voiture,1,1,1,1,4
202400022638,2024-10-10 18:22:00,2024,10,10,18,22,35,35238,VOLTAIRE (BD),48.10512,-1.69807,Plein jour,En agglomération,Intersection en T,Normale,Deux véhicules - côté,4,2,2,0,1,1,1,0,1,30,2,2,1,0,0,1,19.0,26.0,voiture,voiture,1,2,3,1,3
202400022638,2024-10-10 18:22:00,2024,10,10,18,22,35,35238,VOLTAIRE (BD),48.10512,-1.69807,Plein jour,En agglomération,Intersection en T,Normale,Deux véhicules - côté,4,2,3,0,1,1,1,0,1,50,2,2,1,0,0,1,19.0,26.0,voiture,voiture,1,2,3,1,3
202400022639,2024-05-23 14:00:00,2024,5,23,14,0,57,57102,9 Rue Paul Cezanne,49.276518,6.204314,Plein jour,Hors agglomération,Hors intersection,Normale,Autre collision,6,-1, -1,0,1,3,1,0,8,-1,1,2,1,0,0,1,55.0,,utilitaire_camion,,1,1,1,1,6
202400022640,2024-05-25 16:45:00,2024,5,25,16,45,51,51621,D67,49.202766,4.973856,Plein jour,Hors agglomération,Hors intersection,Normale,Trois véhicules et plus - collisions multiples,3,2,2,0,2,3,1,0,1,80,3,3,0,0,1,2,80.0,56.0,voiture,deux_roues,1,1,1,1,5
202400022641,2024-05-24 11:45:00,2024,5,24,11,45,51,51210,D251,49.079938,3.975828,Plein jour,Hors agglomération,Hors intersection,Temps couvert,Sans collision,3,2,2,0,3,2,1,0,3,70,1,1,0,0,0,1,49.0,,deux_roues,,1,1,1,8,7
202400022642,2024-04-29 18:50:00,2024,4,29,18,50,78,78591,Rue Georges Duhamel,48.893287,1.680688,Plein jour,En agglomération,Hors intersection,Normale,Deux véhicules - frontale,3,2,2,0,3,2,1,0,1,50,2,2,1,0,1,0,29.0,41.0,voiture,voiture,1,2,1,1,1
202400022643,2024-10-10 12:42:00,2024,10,10,12,42,35,35238,LORIENT (DE),48.1069,-1.7278,Plein jour,En agglomération,Hors intersection,Normale,Trois véhicules et plus - en chaîne,2,3,4,3,1,1,1,0,1,50,3,4,2,0,0,2,25.0,21.0,voiture,voiture,1,2,1,1,4
202400022644,2024-05-25 16:35:00,2024,5,25,16,35,76,76528,D407,49.9040644,1.58699584,Plein jour,Hors agglomération,Intersection en X,Normale,Deux véhicules - côté,3,2,2,0,1,1,1,0,1,80,2,4,3,0,1,0,15.0,28.0,deux_roues,voiture,1,1,2,1,3
202400022644,2024-05-25 16:35:00,2024,5,25,16,35,76,76528,D407,49.9040644,1.58699584,Plein jour,Hors agglomération,Intersection en X,Normale,Deux véhicules - côté,3,2, -1,-1,1,1,1,0,1,-1,2,4,3,0,1,0,15.0,28.0,deux_roues,voiture,1,1,2,1,3
202400022645,2024-05-24 14:30:00,2024,5,24,14,30,79,79029,,46.556109,-0.189085,Plein jour,Hors agglomération,Hors intersection,Normale,Deux véhicules - frontale,3,2,2,0,2,4,1,0,1,80,2,2,1,1,0,0,61.0,59.0,transport_commun,deux_roues,1,1,1,1,1
202400022646,2024-05-23 14:25:00,2024,5,23,14,25,33,33033,,44.726648,-0.45118,Plein jour,Hors agglomération,Hors intersection,Normale,Deux véhicules - côté,3,2,2,0,1,2,1,0,1,80,2,2,1,0,1,0,47.0,74.0,deux_roues,voiture,1,1,1,1,3
202400022647,2024-10-09 16:30:00,2024,10,9,16,30,35,35055,RN136,48.09265308,-1.62587727,Plein jour,Hors agglomération,Hors intersection,Pluie légère,Deux véhicules - arrière,2,3,4,0,1,1,2,0,1,90,2,2,1,0,0,1,42.0,39.0,utilitaire_camion,voiture,1,1,1,2,2
202400022648,2024-05-25 13:10:00,2024,5,25,13,10,71,71014,Rue du Faubourg Saint Andoche,46.95541568,4.29022751,Plein jour,En agglomération,Intersection en Y,Normale,Deux véhicules - côté,3,2,2,0,2,2,1,5,1,50,2,3,0,0,0,3,27.0,38.0,voiture,utilitaire_camion,1,2,4,1,3
202400022648,2024-05-25 13:10:00,2024,5,25,13,10,71,71014,Rue du Faubourg Saint Andoche,46.95541568,4.29022751,Plein jour,En agglomération,Intersection en Y,Normale,Deux véhicules - côté,3,2,2,0,2,3,1,5,8,50,2,3,0,0,0,3,27.0,38.0,voiture,utilitaire_camion,1,2,4,1,3
202400022649,2024-10-10 15:00:00,2024,10,10,15,0,34,34172,AURIOL (AVENUE VINCENT),43.64612,3.85371,Plein jour,En agglomération,Hors intersection,Normale,Trois véhicules et plus - collisions multiples,7,1,2,0,2,1,1,0,1,50,4,5,2,0,3,0,20.0,42.0,voiture,voiture,1,2,1,1,5
202400022650,2024-10-10 08:55:00,2024,10,10,8,55,34,34172,MENDES FRANCE (AVENUE PRESIDENT PIERRE,43.609721,3.901685,Plein jour,En agglomération,Hors intersection,Normale,Deux véhicules - arrière,7,1,2,0,2,1,1,0,1,70,2,2,1,0,1,0,23.0,51.0,deux_roues,voiture,1,2,1,1,2
202400022651,2024-10-08 15:10:00,2024,10,8,15,10,34,34172,MENDE (ROUTE DE),43.6269,3.86965,Plein jour,En agglomération,Intersection en X,Normale,Deux véhicules - côté,4,3,2,0,1,1,1,0,1,50,2,2,1,1,0,0,19.0,46.0,voiture,deux_roues,1,2,2,1,3
202400022651,2024-10-08 15:10:00,2024,10,8,15,10,34,34172,MENDE (ROUTE DE),43.6269,3.86965,Plein jour,En agglomération,Intersection en X,Normale,Deux véhicules - côté,4,2,2,0,1,1,1,0,1,50,2,2,1,1,0,0,19.0,46.0,voiture,deux_roues,1,2,2,1,3
202400022652,2024-10-10 20:15:00,2024,10,10,20,15,33,33063,,44.82504,-0.5984,Nuit avec éclairage allumé,En agglomération,Hors intersection,Normale,Deux véhicules - arrière,4,2,2,3,4,1,1,0,1,50,2,3,1,0,0,2,16.0,28.0,deux_roues,voiture,5,2,1,1,2
202400022653,2024-10-10 17:45:00,2024,10,10,17,45,29,29232,95 Rue de Benodet,47.982227,-4.102924,Plein jour,En agglomération,Hors intersection,Normale,Autre collision,4,2,2,0,1,1,1,0,1,50,1,2,1,0,0,1,70.0,,voiture,,1,2,1,1,6
202400022654,2024-10-06 14:00:00,2024,10,6,14,0,29,29232,Alez An Douar Du,47.998952,-4.130745,Plein jour,En agglomération,Hors intersection,Pluie légère,Deux véhicules - frontale,4,2,1,0,2,3,2,0,1,50,2,2,1,0,1,0,22.0,23.0,deux_roues,voiture,1,2,1,2,1
202400022655,2024-10-10 17:40:00,2024,10,10,17,40,27,27229,FAUVILLE (RUE DE),49.028592,1.184202,Plein jour,En agglomération,Giratoire,Normale,Deux véhicules - côté,4,1,1,0,1,2,1,0,3,50,2,2,1,0,0,1,63.0,46.0,utilitaire_camion,voiture,1,2,6,1,3
202400022655,2024-10-10 17:40:00,2024,10,10,17,40,27,27229,FAUVILLE (RUE DE),49.028592,1.184202,Plein jour,En agglomération,Giratoire,Normale,Deux véhicules - côté,4,1,1,0,1,2,1,0,3,50,2,2,1,0,0,1,63.0,46.0,utilitaire_camion,voiture,1,2,6,1,3
202400022656,2024-10-01 21:05:00,2024,10,1,21,5,25,25388,PARC (RUE DU),47.51279,6.8017,Nuit avec éclairage allumé,En agglomération,Hors intersection,Pluie forte,Sans collision,4,2,2,2,2,3,4,0,1,50,1,1,0,1,0,0,22.0,,deux_roues,,5,2,1,3,7
202400022657,2024-10-09 12:10:00,2024,10,9,12,10,24,24322,HUGO ( RUE VICTOR),45.18812,0.71804,Plein jour,En agglomération,Intersection en T,Normale,Autre collision,3,1,1,0,1,1,1,0,8,30,1,2,1,0,1,0,55.0,,voiture,,1,2,3,1,6
202400022657,2024-10-09 12:10:00,2024,10,9,12,10,24,24322,HUGO ( RUE VICTOR),45.18812,0.71804,Plein jour,En agglomération,Intersection en T,Normale,Autre collision,3,2,2,0,1,1,1,0,1,30,1,2,1,0,1,0,55.0,,voiture,,1,2,3,1,6
202400022658,2024-10-02 21:09:00,2024,10,2,21,9,18,18033,14 Boulevard du Maréchal Joffre,47.074893,2.404574,Nuit avec éclairage allumé,En agglomération,Intersection en T,Normale,Deux véhicules - côté,4,2,2,0,1,1,1,0,1,30,2,2,1,0,0,1,24.0,67.0,voiture,deux_roues,5,2,3,1,3
202400022658,2024-10-02 21:09:00,2024,10,2,21,9,18,18033,14 Boulevard du Maréchal Joffre,47.074893,2.404574,Nuit avec éclairage allumé,En agglomération,Intersection en T,Normale,Deux véhicules - côté,4,2,2,0,1,1,1,0,1,50,2,2,1,0,0,1,24.0,67.0,voiture,deux_roues,5,2,3,1,3
202400022659,2024-10-09 16:45:00,2024,10,9,16,45,15,15014,Avenue de Tronquières,44.90509,2.42745,Plein jour,En agglomération,Intersection en T,Pluie forte,Deux véhicules - arrière,4,2,2,0,1,1,2,0,1,50,2,3,1,0,0,2,43.0,64.0,voiture,utilitaire_camion,1,2,3,3,2
202400022659,2024-10-09 16:45:00,2024,10,9,16,45,15,15014,Avenue de Tronquières,44.90509,2.42745,Plein jour,En agglomération,Intersection en T,Pluie forte,Deux véhicules - arrière,4,2,2,0,1,1,2,0,1,50,2,3,1,0,0,2,43.0,64.0,voiture,utilitaire_camion,1,2,3,3,2
202400022660,2024-10-10 07:30:00,2024,10,10,7,30,13,13203,STRASBOURG (BOULEVARD),43.30823822,5.37700589,Crépuscule ou aube,En agglomération,Hors intersection,Normale,Deux véhicules - côté,4,-1,2,0,1,1,1,0,1,50,2,2,0,0,0,2,60.0,17.0,deux_roues,deux_roues,2,2,1,1,3
202400022661,2024-10-10 09:29:00,2024,10,10,9,29,06,06088,Boulevard René Cassin,43.667397,7.208101,Plein jour,En agglomération,Intersection en T,Normale,Deux véhicules - côté,7,3,3,0,1,1,1,0,1,50,2,2,1,0,1,0,29.0,26.0,deux_roues,voiture,1,2,3,1,3
202400022661,2024-10-10 09:29:00,2024,10,10,9,29,06,06088,Boulevard René Cassin,43.667397,7.208101,Plein jour,En agglomération,Intersection en T,Normale,Deux véhicules - côté,7,3,4,0,1,1,1,0,8,50,2,2,1,0,1,0,29.0,26.0,deux_roues,voiture,1,2,3,1,3
202400022662,2024-10-10 09:55:00,2024,10,10,9,55,75,75113,BE PRIPHERIQUE INTERIEUR,48.826635,2.388995,Plein jour,En agglomération,Hors intersection,Pluie légère,Deux véhicules - côté,4,1,4,0,1,1,2,0,1,50,2,2,1,0,0,1,49.0,53.0,deux_roues,deux_roues,1,2,1,2,3
202400022663,2024-10-10 08:30:00,2024,10,10,8,30,75,75120,BD PERIPHERIQUE EXTERIEUR,48.866962,2.413435,Plein jour,En agglomération,Intersection en Y,Pluie légère,Autre collision,4,1,#VALEURMULTI,0,1,1,2,0,1,50,1,1,0,0,0,1,47.0,,voiture,,1,2,4,2,6
202400022664,2024-10-09 08:14:00,2024,10,9,8,14,75,75120,RUE DES PYRENEES,48.859184,2.402125,Nuit sans éclairage public,En agglomération,Intersection en X,Pluie légère,Deux véhicules - côté,4,2, -1,-1,4,1,2,0,1,30,2,2,1,0,0,1,53.0,52.0,utilitaire_camion,deux_roues,3,2,2,2,3
202400022664,2024-10-09 08:14:00,2024,10,9,8,14,75,75120,RUE DES PYRENEES,48.859184,2.402125,Nuit sans éclairage public,En agglomération,Intersection en X,Pluie légère,Deux véhicules - côté,4,2,2,0,4,1,2,0,1,30,2,2,1,0,0,1,53.0,52.0,utilitaire_camion,deux_roues,3,2,2,2,3
202400022665,2024-10-10 22:20:00,2024,10,10,22,20,75,75119,AVENUE JEAN JAURES,48.885161,2.379457,Nuit avec éclairage allumé,En agglomération,Intersection en T,Normale,Deux véhicules - frontale,4,2,2,1,1,1,1,0,1,30,2,2,1,0,0,1,60.0,32.0,deux_roues,voiture,5,2,3,1,1
202400022665,2024-10-10 22:20:00,2024,10,10,22,20,75,75119,AVENUE JEAN JAURES,48.885161,2.379457,Nuit avec éclairage allumé,En agglomération,Intersection en T,Normale,Deux véhicules - frontale,4,2, -1,-1,1,1,1,0,1,30,2,2,1,0,0,1,60.0,32.0,deux_roues,voiture,5,2,3,1,1
202400022666,2024-10-09 16:00:00,2024,10,9,16,0,75,75119,PLACE DE LA PORTE DE PANTIN,48.889734,2.396033,Crépuscule ou aube,En agglomération,Place,Pluie forte,Deux véhicules - arrière,4,1,1,0,2,1,2,0,1,30,2,2,1,0,0,1,33.0,30.0,voiture,deux_roues,2,2,7,3,2
202400022667,2024-10-10 23:25:00,2024,10,10,23,25,75,75117,RUE DU CAPORAL PEUGEOT,48.887944,2.288825,Nuit avec éclairage allumé,En agglomération,Intersection en X,Normale,Sans collision,4,2, -1,-1,1,1,2,0,1,-1,1,1,0,0,0,1,53.0,,deux_roues,,5,2,2,1,7
202400022667,2024-10-10 23:25:00,2024,10,10,23,25,75,75117,RUE DU CAPORAL PEUGEOT,48.887944,2.288825,Nuit avec éclairage allumé,En agglomération,Intersection en X,Normale,Sans collision,4,2,4,0,1,1,2,0,1,30,1,1,0,0,0,1,53.0,,deux_roues,,5,2,2,1,7
202400022668,2024-10-10 09:50:00,2024,10,10,9,50,75,75116,AVENUE DE LA GRANDE ARMEE,48.875109,2.290408,Plein jour,En agglomération,Intersection en T,Pluie légère,Deux véhicules - frontale,4,1,1,0,1,1,2,0,1,30,2,2,1,0,0,1,47.0,29.0,deux_roues,deux_roues,1,2,3,2,1
202400022668,2024-10-10 09:50:00,2024,10,10,9,50,75,75116,AVENUE DE LA GRANDE ARMEE,48.875109,2.290408,Plein jour,En agglomération,Intersection en T,Pluie légère,Deux véhicules - frontale,4,1, -1,-1,1,1,2,0,1,30,2,2,1,0,0,1,47.0,29.0,deux_roues,deux_roues,1,2,3,2,1
202400022669,2024-10-09 20:50:00,2024,10,9,20,50,75,75116,Place de Costa Rica,48.858697,2.284669,Nuit avec éclairage allumé,En agglomération,Place,Pluie forte,Autre collision,4,2,2,0,1,1,2,0,1,30,1,2,1,0,0,1,28.0,,voiture,,5,2,7,3,6
202400022670,2024-10-10 07:15:00,2024,10,10,7,15,75,75115,AVENUE DE LA PORTE BRANCION,48.825883,2.300317,Nuit avec éclairage allumé,En agglomération,Intersection en X,Pluie légère,Autre collision,4,2,2,0,1,1,2,0,1,30,1,2,1,0,0,1,71.0,,voiture,,5,2,2,2,6
202400022670,2024-10-10 07:15:00,2024,10,10,7,15,75,75115,AVENUE DE LA PORTE BRANCION,48.825883,2.300317,Nuit avec éclairage allumé,En agglomération,Intersection en X,Pluie légère,Autre collision,4,1, -1,0,1,2,2,0,1,50,1,2,1,0,0,1,71.0,,voiture,,5,2,2,2,6
202400022671,2024-10-10 09:19:00,2024,10,10,9,19,75,75110,RUE LA FAYETTE,48.877395,2.349905,Plein jour,En agglomération,Intersection en Y,Normale,Deux véhicules - arrière,4,1, -1,-1,3,1,1,0,1,30,2,2,1,0,0,1,46.0,33.0,utilitaire_camion,voiture,1,2,4,1,2
202400022671,2024-10-10 09:19:00,2024,10,10,9,19,75,75110,RUE LA FAYETTE,48.877395,2.349905,Plein jour,En agglomération,Intersection en Y,Normale,Deux véhicules - arrière,4,1,3,3,3,1,1,0,1,30,2,2,1,0,0,1,46.0,33.0,utilitaire_camion,voiture,1,2,4,1,2