accident_id,datetime,annee,mois,jour,heure,minute,departement,commune_insee,adresse,latitude,longitude,luminosite,agglomeration,intersection,meteo,collision,catr,circ,nbv,vosp,prof,plan,surf,infra,situ,vma,nb_vehicules,nb_usagers,nb_indemnes,nb_tues,nb_blesses_hosp,nb_blesses_legers,age_cond_1,age_cond_2,veh_type_cond_1,veh_type_cond_2,lum_code,agg_code,int_code,atm_code,col_code
202400022953,2024-06-27 21:15:00,2024,6,27,21,15,26,26005,A7,44.52616,4.796734,Nuit sans éclairage public,Hors agglomération,Hors intersection,Normale,Deux véhicules - arrière,1,3,3,0,1,1,1,0,1,130,2,3,1,0,2,0,37.0,52.0,voiture,utilitaire_camion,3,1,1,1,2
202400022954,2024-11-16 16:28:00,2024,11,16,16,28,27,27022,D65,49.171853,1.341909,Plein jour,En agglomération,Intersection en T,Normale,Deux véhicules - frontale,3,2,2,0,1,1,1,0,1,-1,2,2,1,0,1,0,26.0,56.0,voiture,deux_roues,1,2,3,1,1
202400022954,2024-11-16 16:28:00,2024,11,16,16,28,27,27022,D65,49.171853,1.341909,Plein jour,En agglomération,Intersection en T,Normale,Deux véhicules - frontale,3,2,2,0,1,1,1,5,1,50,2,2,1,0,1,0,26.0,56.0,voiture,deux_roues,1,2,3,1,1
202400022955,2024-06-27 17:10:00,2024,6,27,17,10,38,38105,Route de Chartreuse,45.405098,5.564693,Plein jour,En agglomération,Hors intersection,Normale,Deux véhicules - côté,3,2,2,0,2,1,1,0,1,70,2,2,1,0,0,1,43.0,65.0,deux_roues,voiture,1,2,1,1,3
202400022956,2024-06-28 00:40:00,2024,6,28,0,40,44,44195,,47.371374,-1.925225,Nuit sans éclairage public,Hors agglomération,Hors intersection,Normale,Sans collision,2,3,4,0,1,2,1,3,3,110,1,2,0,0,1,1,20.0,,voiture,,3,1,1,1,7
202400022957,2024-11-16 15:35:00,2024,11,16,15,35,93,93027,AUTOROUTE A1,48.93884239,2.41670558,Plein jour,Hors agglomération,Hors intersection,Normale,Deux véhicules - arrière,1,3,4,0,2,1,1,0,1,90,2,3,1,0,0,2,47.0,50.0,voiture,voiture,1,1,1,1,2
202400022958,2024-06-28 07:20:00,2024,6,28,7,20,15,15188,A 75 ,45.04843174,3.11448593,Plein jour,Hors agglomération,Autre intersection,Normale,Deux véhicules - côté,1,1,2,0,2,1,1,3,1,130,2,2,1,0,1,0,41.0,40.0,utilitaire_camion,utilitaire_camion,1,1,9,1,3
202400022959,2024-11-16 10:00:00,2024,11,16,10,0,95,95641,A1,49.07782892,2.55160616,Plein jour,Hors agglomération,Hors intersection,Normale,Deux véhicules - côté,1,3,3,0,1,1,1,0,1,110,2,2,0,0,0,2,45.0,37.0,voiture,voiture,1,1,1,1,3
202400022960,2024-06-28 08:00:00,2024,6,28,8,0,95,95214,D316,49.08560574,2.41559148,Plein jour,Hors agglomération,Hors intersection,Normale,Deux véhicules - côté,3,2,3,0,1,1,1,0,1,80,2,2,1,0,1,0,44.0,25.0,deux_roues,utilitaire_camion,1,1,1,1,3
202400022961,2024-11-15 21:20:00,2024,11,15,21,20,95,95572,A15,49.030827,2.12237761,Nuit sans éclairage public,Hors agglomération,Hors intersection,Normale,Autre collision,1,3,3,0,1,1,1,0,1,110,1,1,0,0,0,1,36.0,,voiture,,3,1,1,1,6
202400022962,2024-06-28 11:20:00,2024,6,28,11,20,56,56175,Lieu Dit Coet Digo,47.71218,-2.926821,Plein jour,Hors agglomération,Intersection en T,Normale,Deux véhicules - côté,3,2,2,0,1,1,1,0,1,80,2,2,1,1,0,0,84.0,69.0,voiture,deux_roues,1,1,3,1,3
202400022962,2024-06-28 11:20:00,2024,6,28,11,20,56,56175,Lieu Dit Coet Digo,47.71218,-2.926821,Plein jour,Hors agglomération,Intersection en T,Normale,Deux véhicules - côté,3,2,2,-1,1,1,1,0,1,50,2,2,1,1,0,0,84.0,69.0,voiture,deux_roues,1,1,3,1,3
202400022963,2024-11-15 20:30:00,2024,11,15,20,30,93,93010,AUTOROUTE A3,48.90625339,2.47214056,Nuit sans éclairage public,Hors agglomération,Autre intersection,Normale,Trois véhicules et plus - collisions multiples,1,3,3,0,1,1,1,0,1,90,3,3,2,0,0,1,44.0,64.0,deux_roues,voiture,3,1,9,1,5
202400022964,2024-06-27 12:25:00,2024,6,27,12,25,59,59094,60 Avenue Anthony Caro,50.948123,2.192325,Plein jour,En agglomération,Hors intersection,Normale,Deux véhicules - côté,3,2,2,0,1,2,1,0,1,-1,2,2,1,0,1,0,47.0,55.0,utilitaire_camion,voiture,1,2,1,1,3
202400022965,2024-11-15 17:10:00,2024,11,15,17,10,93,93064,AUTOROUTE A86,48.8791675,2.47634149,Nuit avec éclairage allumé,Hors agglomération,Hors intersection,Normale,Deux véhicules - arrière,1,3,6,0,1,1,1,0,1,90,2,2,1,0,1,0,34.0,49.0,deux_roues,voiture,5,1,1,1,2
202400022966,2024-11-15 11:20:00,2024,11,15,11,20,93,93007,AUTOROUTE A3,48.9422986,2.47831903,Plein jour,Hors agglomération,Hors intersection,Normale,Sans collision,1,3,3,0,1,1,1,0,1,90,1,1,0,0,0,1,36.0,,deux_roues,,1,1,1,1,7
202400022967,2024-06-28 14:10:00,2024,6,28,14,10,79,79066,,46.471329,-0.401924,Plein jour,Hors agglomération,Hors intersection,Normale,Deux véhicules - frontale,3,2,2,0,1,2,1,0,1,80,2,2,1,0,1,0,52.0,61.0,voiture,deux_roues,1,1,1,1,1
202400022968,2024-11-15 21:40:00,2024,11,15,21,40,77,77514,A104,48.93443456,2.62801014,Nuit sans éclairage public,Hors agglomération,Hors intersection,Normale,Autre collision,1,1,3,0,1,1,1,0,1,90,2,3,2,0,0,1,27.0,42.0,utilitaire_camion,voiture,3,1,1,1,6
202400022969,2024-06-27 20:00:00,2024,6,27,20,0,2A,2A006,D81,41.976601,8.780222,Plein jour,Hors agglomération,Hors intersection,Normale,Autre collision,3,2,2,0,1,1,1,0,3,-1,1,2,0,1,1,0,50.0,,voiture,,1,1,1,1,6
202400022970,2024-06-27 22:25:00,2024,6,27,22,25,80,80296,D112,50.022683,2.038447,Plein jour,En agglomération,Hors intersection,Normale,Sans collision,3,2,2,0,2,2,1,0,1,50,1,1,0,0,1,0,27.0,,deux_roues,,1,2,1,1,7
202400022971,2024-06-26 14:20:00,2024,6,26,14,20,69,69256,43 Avenue Grandclément,45.76986468,4.9144803,Plein jour,En agglomération,Hors intersection,Normale,Deux véhicules - frontale,4,2,2,0,1,1,1,0,1,50,2,2,0,0,0,2,40.0,68.0,voiture,voiture,1,2,1,1,1
202400022972,2024-05-25 23:00:00,2024,5,25,23,0,82,82089,D813,44.11908933,0.83600575,Nuit avec éclairage allumé,Hors agglomération,Hors intersection,Normale,Autre collision,3,2,2,3,1,2,1,0,8,80,1,2,1,0,1,0,29.0,,voiture,,5,1,1,1,6
202400022973,2024-11-15 15:00:00,2024,11,15,15,0,974,97411,BOIS DE NEFLES (ROUTE DE),-20.89712,55.47681,Plein jour,En agglomération,Hors intersection,Normale,Deux véhicules - arrière,4,2,2,0,1,1,1,9,1,30,2,2,1,0,0,1,62.0,61.0,voiture,voiture,1,2,1,1,2
202400022974,2024-06-28 17:38:00,2024,6,28,17,38,71,71014,Rue de la Croix Blanche,46.956791,4.303154,Plein jour,En agglomération,Intersection en X,Normale,Autre collision,4,1,1,0,2,2,1,0,1,50,1,2,1,0,1,0,53.0,,voiture,,1,2,2,1,6
202400022974,2024-06-28 17:38:00,2024,6,28,17,38,71,71014,Rue de la Croix Blanche,46.956791,4.303154,Plein jour,En agglomération,Intersection en X,Normale,Autre collision,4,2,2,0,1,1,1,0,1,50,1,2,1,0,1,0,53.0,,voiture,,1,2,2,1,6
202400022975,2024-11-15 07:30:00,2024,11,15,7,30,974,97411,BOIS DE NEFLES (ROUTE DE),-20.89986,55.476,Plein jour,En agglomération,Hors intersection,Normale,Autre collision,4,2,2,0,2,1,1,0,1,30,1,2,1,0,0,1,16.0,,deux_roues,,1,2,1,1,6
202400022976,2024-06-27 09:30:00,2024,6,27,9,30,63,63236,D983 ; PK 21+900,45.58587343,2.82190483,Plein jour,Hors agglomération,Hors intersection,Normale,Deux véhicules - frontale,3,2,2,0,1,3,1,0,1,90,2,2,1,0,1,0,20.0,75.0,utilitaire_camion,deux_roues,1,1,1,1,1
202400022977,2024-11-15 17:48:00,2024,11,15,17,48,973,97302,CATAYEE (JUSTIN),4.93592,-52.32963,Plein jour,En agglomération,Intersection en X,Normale,Deux véhicules - côté,4,1,1,0,1,1,1,0,1,50,2,2,1,0,0,1,31.0,13.0,voiture,deux_roues,1,2,2,1,3
202400022977,2024-11-15 17:48:00,2024,11,15,17,48,973,97302,CATAYEE (JUSTIN),4.93592,-52.32963,Plein jour,En agglomération,Intersection en X,Normale,Deux véhicules - côté,4,1,1,0,1,1,1,0,1,50,2,2,1,0,0,1,31.0,13.0,voiture,deux_roues,1,2,2,1,3
202400022978,2024-06-26 16:40:00,2024,6,26,16,40,63,63031,D725,45.441457,3.287423,Plein jour,En agglomération,Hors intersection,Normale,Sans collision,3,2,2,0,1,1,1,0,1,50,1,1,0,0,1,0,16.0,,deux_roues,,1,2,1,1,7
202400022979,2024-06-26 08:45:00,2024,6,26,8,45,42,42159,La Lagère,45.815924,3.731768,Plein jour,Hors agglomération,Hors intersection,Normale,Sans collision,4,2,2,0,1,1,1,0,1,80,1,1,0,0,1,0,62.0,,deux_roues,,1,1,1,1,7
202400022980,2024-11-15 16:00:00,2024,11,15,16,0,973,97302,EAU-LISETTE (CITE),4.92856,-52.32232,Plein jour,En agglomération,Giratoire,Normale,Deux véhicules - côté,4,1,2,0,1,1,1,0,1,50,2,2,1,0,1,0,43.0,38.0,deux_roues,voiture,1,2,6,1,3
202400022981,2024-11-15 13:35:00,2024,11,15,13,35,973,97302,CABASSOU (ROUTE DE),4.91865,-52.31606,Plein jour,En agglomération,Hors intersection,Normale,Deux véhicules - arrière,3,2,2,0,1,1,1,0,1,50,2,2,1,0,0,1,65.0,55.0,voiture,deux_roues,1,2,1,1,2
202400022982,2024-06-28 11:15:00,2024,6,28,11,15,47,47271,carrefour 211 et route de cocussotte,44.647681,0.210189,Plein jour,Hors agglomération,Intersection en X,Normale,Deux véhicules - côté,3,-1,2,0,1,1,1,5,1,80,2,2,0,1,0,1,78.0,84.0,deux_roues,voiture,1,1,2,1,3
202400022982,2024-06-28 11:15:00,2024,6,28,11,15,47,47271,carrefour 211 et route de cocussotte,44.647681,0.210189,Plein jour,Hors agglomération,Intersection en X,Normale,Deux véhicules - côté,3,2,2,0,1,1,1,0,1,80,2,2,0,1,0,1,78.0,84.0,deux_roues,voiture,1,1,2,1,3
202400022983,2024-06-26 15:42:00,2024,6,26,15,42,39,39491,6 Route de Ravilloles,46.416134,5.808324,Plein jour,En agglomération,Hors intersection,Normale,Autre collision,3,2,2,0,2,3,1,0,8,50,1,2,0,0,2,0,20.0,,voiture,,1,2,1,1,6
202400022984,2024-11-16 02:30:00,2024,11,16,2,30,69,69383,Cours Albert Thomas,45.7455858,4.87125925,Nuit avec éclairage allumé,En agglomération,Intersection en X,Normale,Deux véhicules - frontale,4,2,2,3,1,1,1,0,1,50,2,2,1,0,1,0,48.0,27.0,voiture,deux_roues,5,2,2,1,1
202400022984,2024-11-16 02:30:00,2024,11,16,2,30,69,69383,Cours Albert Thomas,45.7455858,4.87125925,Nuit avec éclairage allumé,En agglomération,Intersection en X,Normale,Deux véhicules - frontale,4,1,2,2,1,1,1,0,1,30,2,2,1,0,1,0,48.0,27.0,voiture,deux_roues,5,2,2,1,1
202400022985,2024-06-27 13:30:00,2024,6,27,13,30,25,25592,RD9,46.818113,6.246291,Plein jour,Hors agglomération,Hors intersection,Normale,Autre collision,3,2,2,0,1,3,1,0,3,-1,1,1,0,0,1,0,27.0,,deux_roues,,1,1,1,1,6
202400022986,2024-11-15 19:30:00,2024,11,15,19,30,972,97209,AUTOROUTE (A1),14.61,-61.042,Nuit avec éclairage allumé,En agglomération,Hors intersection,Normale,Deux véhicules - côté,1,3,3,0,2,1,1,0,1,90,2,2,1,0,0,1,55.0,32.0,deux_roues,voiture,5,2,1,1,3
202400022987,2024-06-27 10:52:00,2024,6,27,10,52,25,25238,D437b,47.286158,6.931858,Plein jour,Hors agglomération,Hors intersection,Pluie forte,Sans collision,3,2,2,0,2,4,2,0,1,80,1,1,0,0,1,0,76.0,,deux_roues,,1,1,1,3,7
202400022988,2024-06-25 18:35:00,2024,6,25,18,35,25,25283,D110,47.071656,5.932188,Plein jour,Hors agglomération,Hors intersection,Normale,Sans collision,3,2,2,0,1,3,1,0,3,80,1,1,0,0,1,0,20.0,,deux_roues,,1,1,1,1,7
202400022989,2024-11-15 21:40:00,2024,11,15,21,40,69,69389,Quai de la Gare d'Eau,45.78038688,4.80895782,Nuit avec éclairage allumé,En agglomération,Intersection en X,Normale,Deux véhicules - côté,4,2,3,1,1,1,1,0,5,30,2,2,1,0,0,1,43.0,19.0,voiture,deux_roues,5,2,2,1,3
202400022989,2024-11-15 21:40:00,2024,11,15,21,40,69,69389,Quai de la Gare d'Eau,45.78038688,4.80895782,Nuit avec éclairage allumé,En agglomération,Intersection en X,Normale,Deux véhicules - côté,4,2,4,1,1,1,1,2,5,50,2,2,1,0,0,1,43.0,19.0,voiture,deux_roues,5,2,2,1,3
202400022990,2024-06-28 10:22:00,2024,6,28,10,22,25,25415,D67,47.023319,6.298621,Plein jour,Hors agglomération,Hors intersection,Normale,Trois véhicules et plus - collisions multiples,3,2,2,0,2,3,1,0,1,90,3,4,3,0,0,1,17.0,62.0,deux_roues,voiture,1,1,1,1,5
202400022991,2024-11-15 20:13:00,2024,11,15,20,13,69,69389,17 Quai Arloing,45.77281,4.81025,Nuit avec éclairage allumé,En agglomération,Hors intersection,Normale,Deux véhicules - côté,4,2,3,3,1,1,1,0,1,30,2,2,1,0,0,1,52.0,35.0,voiture,deux_roues,5,2,1,1,3
202400022992,2024-06-28 11:28:00,2024,6,28,11,28,02,02419,D1029,49.950792,3.776089,Plein jour,Hors agglomération,Intersection en X,Normale,Deux véhicules - côté,3,2,2,0,1,1,1,0,1,80,2,4,1,0,1,2,74.0,27.0,voiture,voiture,1,1,2,1,3
202400022992,2024-06-28 11:28:00,2024,6,28,11,28,02,02419,D1029,49.950792,3.776089,Plein jour,Hors agglomération,Intersection en X,Normale,Deux véhicules - côté,3,2,1,0,1,1,1,0,1,70,2,4,1,0,1,2,74.0,27.0,voiture,voiture,1,1,2,1,3
202400022993,2024-11-15 18:05:00,2024,11,15,18,5,69,69034,Avenue Marc Sangnier,45.79471,4.84525,Nuit avec éclairage allumé,En agglomération,Hors intersection,Normale,Deux véhicules - frontale,4,2,2,0,1,1,1,0,1,30,2,2,1,0,0,1,22.0,17.0,deux_roues,voiture,5,2,1,1,1
202400022994,2024-11-15 18:00:00,2024,11,15,18,0,69,69081,Avenue du Bon Pasteur,45.78631,4.77578,Nuit avec éclairage allumé,En agglomération,Hors intersection,Normale,Autre collision,4,2,4,0,1,2,1,0,1,50,1,2,1,0,0,1,51.0,,voiture,,5,2,1,1,6
202400022995,2024-06-27 05:00:00,2024,6,27,5,0,01,01319,RD27,46.060784,4.946857,Crépuscule ou aube,Hors agglomération,Intersection en X,Normale,Deux véhicules - côté,3,2,2,0,1,1,1,0,1,80,2,2,0,0,0,2,50.0,55.0,voiture,utilitaire_camion,2,1,2,1,3
202400022995,2024-06-27 05:00:00,2024,6,27,5,0,01,01319,RD27,46.060784,4.946857,Crépuscule ou aube,Hors agglomération,Intersection en X,Normale,Deux véhicules - côté,3,2,2,0,1,1,1,0,1,80,2,2,0,0,0,2,50.0,55.0,voiture,utilitaire_camion,2,1,2,1,3
202400022996,2024-11-15 10:42:00,2024,11,15,10,42,69,69034,10 Chemin Petit,45.80492,4.85913,Plein jour,En agglomération,Hors intersection,Pluie légère,Autre collision,6,-1,0,0,1,1,2,0,1,10,1,2,1,0,0,1,69.0,,voiture,,1,2,1,2,6
202400022997,2024-06-24 16:40:00,2024,6,24,16,40,01,01195,Rue Charles Robin,46.211853,5.323007,Plein jour,En agglomération,Hors intersection,Normale,Autre collision,3,2,2,0,1,1,1,6,1,50,1,2,1,0,1,0,63.0,,voiture,,1,2,1,1,6
202400022998,2024-11-15 19:05:00,2024,11,15,19,5,971,97105,GASTON FEUILLARD(AVENUE),15.99874,-61.72079,Nuit sans éclairage public,En agglomération,Giratoire,Normale,Autre collision,4,3,2,0,1,3,1,6,1,50,1,2,1,0,0,1,70.0,,voiture,,3,2,6,1,6
202400022998,2024-11-15 19:05:00,2024,11,15,19,5,971,97105,GASTON FEUILLARD(AVENUE),15.99874,-61.72079,Nuit sans éclairage public,En agglomération,Giratoire,Normale,Autre collision,4,3,2,0,1,3,1,9,1,50,1,2,1,0,0,1,70.0,,voiture,,3,2,6,1,6
202400022999,2024-06-28 19:05:00,2024,6,28,19,5,66,66149,RD66,42.623042,2.436304,Plein jour,En agglomération,Hors intersection,Normale,Deux véhicules - arrière,3,2,2,0,3,1,1,0,1,80,2,3,1,0,1,1,68.0,20.0,deux_roues,voiture,1,2,1,1,2
202400023000,2024-06-28 10:25:00,2024,6,28,10,25,66,66074,RD 66,42.636755,2.469826,Plein jour,Hors agglomération,Hors intersection,Normale,Trois véhicules et plus - collisions multiples,3,2,2,0,2,1,1,0,1,80,3,3,2,0,0,1,74.0,53.0,voiture,voiture,1,1,1,1,5
202400023001,2024-11-15 08:28:00,2024,11,15,8,28,2A,2A004,T40,41.92884,8.80965,Plein jour,Hors agglomération,Hors intersection,Normale,Trois véhicules et plus - en chaîne,2,3,2,0,1,1,1,0,1,90,5,7,2,0,0,5,27.0,21.0,voiture,voiture,1,1,1,1,4
202400023002,2024-06-27 17:50:00,2024,6,27,17,50,54,54435,Chemin communal La Traverse,48.97376651,5.96682072,Plein jour,Hors agglomération,Hors intersection,Normale,Sans collision,4,2,2,0,1,1,1,0,3,80,1,2,0,0,1,1,19.0,,voiture,,1,1,1,1,7
202400023003,2024-11-15 04:50:00,2024,11,15,4,50,91,91514,RTE DE BOUSSY ST ANTOINE,48.67689,2.53602,Nuit avec éclairage allumé,En agglomération,Giratoire,Normale,Deux véhicules - frontale,4,2,2,0,1,1,1,0,1,50,2,2,1,0,0,1,53.0,20.0,deux_roues,deux_roues,5,2,6,1,1
202400023003,2024-11-15 04:50:00,2024,11,15,4,50,91,91514,RTE DE BOUSSY ST ANTOINE,48.67689,2.53602,Nuit avec éclairage allumé,En agglomération,Giratoire,Normale,Deux véhicules - frontale,4,2,2,0,1,1,1,0,1,50,2,2,1,0,0,1,53.0,20.0,deux_roues,deux_roues,5,2,6,1,1
202400023004,2024-06-27 19:00:00,2024,6,27,19,0,50,50078,Hameau Girault,49.254781,-1.638401,Plein jour,Hors agglomération,Intersection en X,Temps couvert,Deux véhicules - côté,3,2,1,0,1,1,1,5,1,-1,2,5,3,0,1,1,80.0,29.0,voiture,voiture,1,1,2,8,3
202400023004,2024-06-27 19:00:00,2024,6,27,19,0,50,50078,Hameau Girault,49.254781,-1.638401,Plein jour,Hors agglomération,Intersection en X,Temps couvert,Deux véhicules - côté,3,2,2,0,1,1,1,0,1,80,2,5,3,0,1,1,80.0,29.0,voiture,voiture,1,1,2,8,3
202400023005,2024-11-15 14:05:00,2024,11,15,14,5,91,91589,BD ARISTIDE BRIAND,48.68337,2.34462,Plein jour,En agglomération,Hors intersection,Normale,Deux véhicules - côté,3,2,2,0,1,1,1,0,1,50,2,2,0,0,0,2,51.0,55.0,deux_roues,voiture,1,2,1,1,3
202400023006,2024-06-27 16:10:00,2024,6,27,16,10,50,50582,14 Rue General Millet,48.724629,-0.919649,Plein jour,En agglomération,Hors intersection,Normale,Autre collision,3,3,2,0,1,1,1,0,8,50,1,2,1,0,1,0,39.0,,voiture,,1,2,1,1,6
202400023007,2024-11-15 19:50:00,2024,11,15,19,50,91,91228,ROUTE DE MENNECY,48.638,2.417,Nuit sans éclairage public,En agglomération,Hors intersection,Normale,Trois véhicules et plus - en chaîne,3,3,1,0,1,3,1,2,1,50,3,3,2,0,0,1,24.0,25.0,voiture,voiture,3,2,1,1,4
202400023008,2024-06-27 19:55:00,2024,6,27,19,55,40,40129,D12,43.654692,-1.247013,Plein jour,Hors agglomération,Hors intersection,Normale,Deux véhicules - frontale,3,2,2,0,1,1,1,0,1,80,2,4,2,0,1,1,51.0,19.0,utilitaire_camion,voiture,1,1,1,1,1
202400023009,2024-11-14 19:30:00,2024,11,14,19,30,91,91228,RUE DU BOIS BRIARD,48.62256,2.41663,Nuit avec éclairage allumé,En agglomération,Autre intersection,Normale,Deux véhicules - côté,3,1,2,0,1,1,1,0,4,50,2,3,1,0,0,2,43.0,23.0,voiture,autre,5,2,9,1,3
202400023010,2024-06-27 09:40:00,2024,6,27,9,40,04,04130,D 951 Lieu-dit Sambuc,44.058078,5.816917,Plein jour,Hors agglomération,Hors intersection,Normale,Sans collision,3,2,2,0,2,1,1,0,3,80,2,2,1,0,0,1,68.0,30.0,deux_roues,utilitaire_camion,1,1,1,1,7
202400023011,2024-11-15 15:00:00,2024,11,15,15,0,86,86194,Avenue de lafayette,46.576093,0.375684,Plein jour,En agglomération,Hors intersection,Normale,Autre collision,4,1,3,0,1,3,1,0,1,30,1,2,1,0,1,0,49.0,,transport_commun,,1,2,1,1,6
202400023012,2024-06-28 08:45:00,2024,6,28,8,45,85,85157,VC la roguerie,46.574177,-1.152057,Plein jour,Hors agglomération,Intersection en X,Normale,Deux véhicules - frontale,4,2, -1,-1,1,1,1,0,1,-1,2,2,1,0,1,0,10.0,33.0,deux_roues,utilitaire_camion,1,1,2,1,1
202400023012,2024-06-28 08:45:00,2024,6,28,8,45,85,85157,VC la roguerie,46.574177,-1.152057,Plein jour,Hors agglomération,Intersection en X,Normale,Deux véhicules - frontale,4,2,2,0,1,1,1,0,1,80,2,2,1,0,1,0,10.0,33.0,deux_roues,utilitaire_camion,1,1,2,1,1
202400023013,2024-11-15 12:40:00,2024,11,15,12,40,86,86194,Rue de la Roche,46.58592,0.3335,Plein jour,En agglomération,Hors intersection,Normale,Deux véhicules - côté,4,1,1,0,2,1,1,0,1,30,2,2,1,0,0,1,81.0,53.0,utilitaire_camion,deux_roues,1,2,1,1,3
202400023014,2024-06-27 14:00:00,2024,6,27,14,0,17,17347,rd 150,45.960973,-0.51713,Plein jour,Hors agglomération,Passage à niveau,Normale,Deux véhicules - arrière,3,2,2,0,1,1,1,4,1,90,2,2,1,0,1,0,83.0,53.0,utilitaire_camion,utilitaire_camion,1,1,8,1,2
202400023015,2024-11-12 17:45:00,2024,11,12,17,45,84,84080,VELLERON ROUTE DE,44.03057,4.99998,Nuit avec éclairage allumé,En agglomération,Hors intersection,Pluie forte,Sans collision,3,2,2,0,1,1,2,0,1,50,1,2,1,0,0,1,81.0,,voiture,,5,2,1,3,7
202400023016,2024-06-24 16:50:00,2024,6,24,16,50,24,24517,D710,44.720103,1.003103,Plein jour,Hors agglomération,Hors intersection,Normale,Sans collision,3,2,2,0,1,4,1,0,1,90,1,1,0,0,1,0,45.0,,utilitaire_camion,,1,1,1,1,7
202400023017,2024-11-08 17:30:00,2024,11,8,17,30,84,84007,LAVARIN (CHEMIN DU),43.9295,4.80475,Nuit avec éclairage allumé,En agglomération,Intersection en T,Normale,Deux véhicules - frontale,4,2,2,2,1,1,1,0,1,50,2,2,1,0,0,1,38.0,34.0,voiture,deux_roues,5,2,3,1,1
202400023017,2024-11-08 17:30:00,2024,11,8,17,30,84,84007,LAVARIN (CHEMIN DU),43.9295,4.80475,Nuit avec éclairage allumé,En agglomération,Intersection en T,Normale,Deux véhicules - frontale,4,1,1,2,1,1,1,0,1,50,2,2,1,0,0,1,38.0,34.0,voiture,deux_roues,5,2,3,1,1
202400023018,2024-06-27 17:00:00,2024,6,27,17,0,03,03010,"D241, les maisons",46.470091,2.54635,Plein jour,Hors agglomération,Hors intersection,Normale,Autre collision,3,2,2,0,2,4,9,0,3,90,2,10,9,0,0,1,66.0,20.0,transport_commun,utilitaire_camion,1,1,1,1,6
202400023019,2024-11-15 12:07:00,2024,11,15,12,7,84,84007,MONTFAVET (ROUTE DE),43.94016,4.83365,Plein jour,En agglomération,Intersection en X,Normale,Deux véhicules - côté,4,2,2,0,1,1,1,0,1,50,2,2,0,0,0,2,36.0,48.0,voiture,utilitaire_camion,1,2,2,1,3
202400023019,2024-11-15 12:07:00,2024,11,15,12,7,84,84007,MONTFAVET (ROUTE DE),43.94016,4.83365,Plein jour,En agglomération,Intersection en X,Normale,Deux véhicules - côté,4,3,2,2,1,1,1,0,1,50,2,2,0,0,0,2,36.0,48.0,voiture,utilitaire_camion,1,2,2,1,3
202400023020,2024-11-15 10:52:00,2024,11,15,10,52,83,83137,BAZEILLES (BD / ROND POINT DE),43.11222245,5.93406388,Plein jour,En agglomération,Hors intersection,Normale,Autre collision,4,-1,2,0,1,1,1,0,1,30,1,2,1,0,1,0,53.0,,utilitaire_camion,,1,2,1,1,6
202400023021,2024-06-27 17:15:00,2024,6,27,17,15,49,49110,"D323, PR 18+000",47.56594309,-0.36490917,Plein jour,Hors agglomération,Hors intersection,Normale,Trois véhicules et plus - collisions multiples,3,2,3,0,1,1,1,0,1,90,4,4,3,0,1,0,27.0,54.0,utilitaire_camion,voiture,1,1,1,1,5
202400023022,2024-11-15 12:18:00,2024,11,15,12,18,83,83069,GEOFFROY ST HILAIRE (AVENUE),43.10622,6.12839,Plein jour,En agglomération,Hors intersection,Normale,Autre collision,4,1,0,0,1,1,1,0,1,50,1,2,1,0,0,1,65.0,,voiture,,1,2,1,1,6
202400023023,2024-06-27 19:20:00,2024,6,27,19,20,42,42279,Rue Joannes Beaulieu,45.502704,4.261075,Plein jour,En agglomération,Intersection en T,Normale,Autre collision,4,1,1,0,1,1,1,0,1,30,1,2,1,0,0,1,58.0,,voiture,,1,2,3,1,6
202400023023,2024-06-27 19:20:00,2024,6,27,19,20,42,42279,Rue Joannes Beaulieu,45.502704,4.261075,Plein jour,En agglomération,Intersection en T,Normale,Autre collision,4,2,2,-1,2,1,1,0,1,-1,1,2,1,0,0,1,58.0,,voiture,,1,2,3,1,6
202400023024,2024-11-15 09:01:00,2024,11,15,9,1,80,80021,ALEXANDRE DUMAS (RUE),49.871,2.303,Plein jour,En agglomération,Intersection en T,Normale,Deux véhicules - côté,4,2,2,1,1,1,1,0,1,20,2,2,1,0,0,1,20.0,42.0,deux_roues,voiture,1,2,3,1,3
202400023024,2024-11-15 09:01:00,2024,11,15,9,1,80,80021,ALEXANDRE DUMAS (RUE),49.871,2.303,Plein jour,En agglomération,Intersection en T,Normale,Deux véhicules - côté,4,2,2,0,1,1,1,0,1,30,2,2,1,0,0,1,20.0,42.0,deux_roues,voiture,1,2,3,1,3
202400023025,2024-06-26 11:35:00,2024,6,26,11,35,06,06085,339 Route du Cannet,43.583698,7.009358,Plein jour,En agglomération,Intersection en X,Normale,Deux véhicules - côté,3,3,4,0,2,1,1,5,1,50,2,2,1,0,0,1,40.0,55.0,utilitaire_camion,voiture,1,2,2,1,3
202400023025,2024-06-26 11:35:00,2024,6,26,11,35,06,06085,339 Route du Cannet,43.583698,7.009358,Plein jour,En agglomération,Intersection en X,Normale,Deux véhicules - côté,3,1,2,0,1,2,1,5,1,30,2,2,1,0,0,1,40.0,55.0,utilitaire_camion,voiture,1,2,2,1,3
202400023026,2024-06-28 07:40:00,2024,6,28,7,40,13,13032,Route de Pelissanne,43.587603,5.296612,Plein jour,Hors agglomération,Hors intersection,Temps éblouissant,Deux véhicules - arrière,3,2,2,0,1,1,1,0,1,80,2,2,1,0,1,0,34.0,66.0,deux_roues,utilitaire_camion,1,1,1,7,2