accident_id,datetime,annee,mois,jour,heure,minute,departement,commune_insee,adresse,latitude,longitude,luminosite,agglomeration,intersection,meteo,collision,catr,circ,nbv,vosp,prof,plan,surf,infra,situ,vma,nb_vehicules,nb_usagers,nb_indemnes,nb_tues,nb_blesses_hosp,nb_blesses_legers,age_cond_1,age_cond_2,veh_type_cond_1,veh_type_cond_2,lum_code,agg_code,int_code,atm_code,col_code
202400023098,2024-03-09 11:07:00,2024,3,9,11,7,33,33063,,44.8799,-0.53708,Plein jour,Hors agglomération,Hors intersection,Normale,Trois véhicules et plus - en chaîne,1,3,6,0,2,1,1,2,1,70,4,7,3,0,0,4,75.0,31.0,voiture,voiture,1,1,1,1,4
202400023099,2024-11-13 18:45:00,2024,11,13,18,45,50,50647,ECOLE (RUE DE  L'),48.84485,-1.55845,Nuit avec éclairage allumé,En agglomération,Hors intersection,Normale,Sans collision,4,1,1,0,1,3,1,0,1,30,1,1,0,0,1,0,33.0,,deux_roues,,5,2,1,1,7
202400023100,2024-06-28 06:30:00,2024,6,28,6,30,02,02697,D977,49.588848,3.746675,Crépuscule ou aube,Hors agglomération,Hors intersection,Normale,Deux véhicules - côté,3,2,2,0,1,1,1,0,1,80,2,2,1,0,0,1,51.0,39.0,voiture,deux_roues,2,1,1,1,3
202400023101,2024-11-14 19:50:00,2024,11,14,19,50,50,50129,NAPOLEON (PLACE),49.64315,-1.62497,Nuit avec éclairage allumé,En agglomération,Hors intersection,Pluie légère,Deux véhicules - arrière,4,2,2,3,1,1,2,0,1,50,2,2,1,0,0,1,31.0,25.0,voiture,deux_roues,5,2,1,2,2
202400023102,2024-03-09 11:51:00,2024,3,9,11,51,91,91286,AUTOROUTE A6,48.64806,2.38628,Plein jour,Hors agglomération,Hors intersection,Normale,Trois véhicules et plus - en chaîne,1,-1,3,0,1,1,1,0,1,110,3,3,1,0,0,2,27.0,55.0,voiture,voiture,1,1,1,1,4
202400023103,2024-06-28 18:15:00,2024,6,28,18,15,80,80561,D155,49.650835,2.549429,Plein jour,Hors agglomération,Hors intersection,Normale,Sans collision,3,2,2,0,1,4,1,0,1,-1,1,1,0,0,0,1,43.0,,deux_roues,,1,1,1,1,7
202400023104,2024-03-09 03:58:00,2024,3,9,3,58,91,91377,AUTOROUTE A10,48.7237,2.2982,Nuit sans éclairage public,Hors agglomération,Hors intersection,Normale,Deux véhicules - arrière,1,-1,3,0,1,1,1,0,1,110,2,2,1,0,0,1,28.0,54.0,utilitaire_camion,utilitaire_camion,3,1,1,1,2
202400023105,2024-11-12 16:00:00,2024,11,12,16,0,50,50129,METIERS (RUE DES),49.63642,-1.585,Plein jour,En agglomération,Intersection en X,Normale,Deux véhicules - côté,4,2,2,0,1,1,1,5,1,50,2,3,0,0,0,3,44.0,51.0,voiture,deux_roues,1,2,2,1,3
202400023105,2024-11-12 16:00:00,2024,11,12,16,0,50,50129,METIERS (RUE DES),49.63642,-1.585,Plein jour,En agglomération,Intersection en X,Normale,Deux véhicules - côté,4,2,2,0,1,1,1,5,1,50,2,3,0,0,0,3,44.0,51.0,voiture,deux_roues,1,2,2,1,3
202400023106,2024-06-28 11:55:00,2024,6,28,11,55,62,62443,D65,50.442145,2.643937,Plein jour,En agglomération,Hors intersection,Normale,Autre collision,3,2,2,0,1,1,1,0,4,50,1,1,0,1,0,0,64.0,,voiture,,1,2,1,1,6
202400023107,2024-11-15 23:40:00,2024,11,15,23,40,49,49267,CHATENAY AVENUE VICTOR,47.48982,-0.50737,Nuit avec éclairage allumé,En agglomération,Hors intersection,Normale,Deux véhicules - arrière,4,3,2,0,1,1,1,0,1,50,2,2,1,0,1,0,54.0,32.0,transport_commun,voiture,5,2,1,1,2
202400023108,2024-06-22 20:10:00,2024,6,22,20,10,59,59482,Rue de la Prevote,50.705965,2.99007,Plein jour,En agglomération,Hors intersection,Normale,Deux véhicules - côté,7,2,2,0,1,1,1,0,1,30,2,2,1,0,1,0,42.0,39.0,voiture,voiture,1,2,1,1,3
202400023109,2024-03-08 16:25:00,2024,3,8,16,25,92,92023,A86 EXT ,48.77692034,2.22492564,Plein jour,Hors agglomération,Hors intersection,Normale,Trois véhicules et plus - en chaîne,1,-1,3,0,1,1,1,0,1,90,3,5,3,0,0,2,38.0,68.0,voiture,voiture,1,1,1,1,4
202400023110,2024-11-15 23:00:00,2024,11,15,23,0,49,49267,RD 347,47.47334,-0.46586,Nuit avec éclairage allumé,Hors agglomération,Intersection en X,Normale,Deux véhicules - arrière,3,2,0,0,1,1,1,0,1,50,2,2,1,0,0,1,51.0,,voiture,utilitaire_camion,5,1,2,1,2
202400023110,2024-11-15 23:00:00,2024,11,15,23,0,49,49267,RD 347,47.47334,-0.46586,Nuit avec éclairage allumé,Hors agglomération,Intersection en X,Normale,Deux véhicules - arrière,3,2,0,0,1,1,1,0,1,90,2,2,1,0,0,1,51.0,,voiture,utilitaire_camion,5,1,2,1,2
202400023111,2024-06-27 08:30:00,2024,6,27,8,30,13,13117,A7-Sens Lyon vers Marseille,43.43587996,5.25406413,Plein jour,Hors agglomération,Hors intersection,Normale,Deux véhicules - arrière,1,1,2,0,1,1,1,0,1,90,2,2,1,0,0,1,33.0,32.0,deux_roues,voiture,1,1,1,1,2
202400023112,2024-03-09 15:00:00,2024,3,9,15,0,95,95563,A115,49.01153732,2.22514987,Plein jour,Hors agglomération,Hors intersection,Pluie légère,Autre collision,1,3,2,0,1,1,2,0,1,90,1,2,0,0,2,0,19.0,,voiture,,1,1,1,2,6
202400023113,2024-03-09 20:24:00,2024,3,9,20,24,77,77121,A104,48.840477,2.663979,Nuit sans éclairage public,Hors agglomération,Hors intersection,Pluie légère,Autre collision,1,1,3,0,1,3,2,3,1,70,1,1,0,0,0,1,23.0,,voiture,,3,1,1,2,6
202400023114,2024-11-16 00:10:00,2024,11,16,0,10,44,44109,Route de Paris,47.2532,-1.51518,Nuit avec éclairage allumé,En agglomération,Intersection en X,Normale,Deux véhicules - côté,2,1,2,0,3,3,1,3,1,50,2,4,2,0,0,2,28.0,,voiture,voiture,5,2,2,1,3
202400023114,2024-11-16 00:10:00,2024,11,16,0,10,44,44109,Route de Paris,47.2532,-1.51518,Nuit avec éclairage allumé,En agglomération,Intersection en X,Normale,Deux véhicules - côté,2,3,6,1,1,1,1,2,1,50,2,4,2,0,0,2,28.0,,voiture,voiture,5,2,2,1,3
202400023115,2024-06-26 10:20:00,2024,6,26,10,20,13,13211,A50-Sens Marseille vers Aubagne,43.29413128,5.47032278,Plein jour,Hors agglomération,Hors intersection,Normale,Trois véhicules et plus - en chaîne,1,1,3,0,1,1,1,0,1,90,3,3,2,0,0,1,52.0,43.0,utilitaire_camion,utilitaire_camion,1,1,1,1,4
202400023116,2024-03-08 09:30:00,2024,3,8,9,30,974,97411,JAURES (BOULEVARD JEAN),-20.89059,55.4546,Plein jour,En agglomération,Hors intersection,Normale,Trois véhicules et plus - collisions multiples,2,1,3,0,1,1,1,0,1,50,6,6,4,0,2,0,62.0,36.0,voiture,deux_roues,1,2,1,1,5
202400023117,2024-06-27 07:40:00,2024,6,27,7,40,83,83137,A50,43.12490445,5.90491697,Plein jour,Hors agglomération,Hors intersection,Normale,Trois véhicules et plus - en chaîne,1,3,6,0,1,1,1,0,1,70,3,4,1,0,0,3,60.0,45.0,voiture,utilitaire_camion,1,1,1,1,4
202400023118,2024-11-15 13:55:00,2024,11,15,13,55,43,43157,Boulevard Saint Louis,45.04287,3.88045,Plein jour,En agglomération,Intersection en X,Normale,Autre collision,4,1,1,0,3,1,1,0,8,30,1,2,1,0,0,1,43.0,,utilitaire_camion,,1,2,2,1,6
202400023118,2024-11-15 13:55:00,2024,11,15,13,55,43,43157,Boulevard Saint Louis,45.04287,3.88045,Plein jour,En agglomération,Intersection en X,Normale,Autre collision,4,2,3,0,3,1,1,0,1,50,1,2,1,0,0,1,43.0,,utilitaire_camion,,1,2,2,1,6
202400023119,2024-06-26 23:55:00,2024,6,26,23,55,69,69072,Autoroute 89,45.83530836,4.74916243,Nuit sans éclairage public,Hors agglomération,Hors intersection,Normale,Autre collision,1,3,4,0,1,1,1,0,1,90,1,2,0,0,0,2,19.0,,voiture,,3,1,1,1,6
202400023120,2024-03-08 20:20:00,2024,3,8,20,20,973,97302,TOUSSAINT LOUVERTURE (rue),4.92657,-52.30458,Nuit avec éclairage allumé,En agglomération,Hors intersection,Normale,Deux véhicules - arrière,4,2,2,0,1,1,1,0,1,50,2,2,1,0,0,1,38.0,20.0,voiture,deux_roues,5,2,1,1,2
202400023121,2024-03-07 19:05:00,2024,3,7,19,5,973,97302,MADELEINE (ROUTE DE LA),4.92494721,-52.32397288,Nuit sans éclairage public,En agglomération,Giratoire,Normale,Deux véhicules - arrière,3,-1,1,0,1,1,1,0,1,50,2,3,2,0,0,1,31.0,23.0,utilitaire_camion,deux_roues,3,2,6,1,2
202400023122,2024-11-15 18:50:00,2024,11,15,18,50,42,42237,M32,45.45782,4.46958,Nuit sans éclairage public,Hors agglomération,Hors intersection,Normale,Autre collision,7,2,2,0,2,1,1,0,3,80,1,1,0,0,0,1,21.0,,voiture,,3,1,1,1,6
202400023123,2024-06-26 09:50:00,2024,6,26,9,50,67,67482,M35,48.5768,7.7269,Plein jour,Hors agglomération,Hors intersection,Normale,Trois véhicules et plus - en chaîne,7,1,4,0,1,1,1,0,1,70,3,3,1,0,0,2,47.0,36.0,voiture,voiture,1,1,1,1,4
202400023124,2024-03-06 15:50:00,2024,3,6,15,50,69,69385,Avenue de la Première Division Française Libre,45.75420052,4.8131226,Plein jour,En agglomération,Hors intersection,Normale,Autre collision,4,2,3,3,3,1,1,0,4,50,1,1,0,0,0,1,89.0,,voiture,,1,2,1,1,6
202400023125,2024-03-07 23:00:00,2024,3,7,23,0,971,97120,PAUL VALENTINO (AVENUE),16.22895,-61.53146,Nuit avec éclairage allumé,En agglomération,Autre intersection,Normale,Trois véhicules et plus - en chaîne,2,-1,2,0,1,1,1,0,1,50,3,3,2,0,0,1,36.0,25.0,deux_roues,voiture,5,2,9,1,4
202400023126,2024-11-15 13:15:00,2024,11,15,13,15,41,41018,PORTE COTE (RUE),47.58675,1.33059,Plein jour,En agglomération,Hors intersection,Normale,Deux véhicules - arrière,4,2,2,0,1,1,1,6,1,20,2,2,1,0,0,1,86.0,15.0,voiture,deux_roues,1,2,1,1,2
202400023127,2024-06-27 18:30:00,2024,6,27,18,30,94,94034,A86,48.75895409,2.32434215,Plein jour,Hors agglomération,Hors intersection,Normale,Trois véhicules et plus - en chaîne,1,3,2,0,1,1,1,1,1,70,5,5,4,0,0,1,39.0,25.0,voiture,voiture,1,1,1,1,4
202400023128,2024-03-06 22:00:00,2024,3,6,22,0,971,97113,MONTAUBAN (SECTEUR),16.20823913,-61.49996012,Nuit sans éclairage public,En agglomération,Intersection en T,Normale,Deux véhicules - côté,3,2,2,0,1,1,1,0,1,50,2,2,1,0,0,1,33.0,46.0,deux_roues,voiture,3,2,3,1,3
202400023128,2024-03-06 22:00:00,2024,3,6,22,0,971,97113,MONTAUBAN (SECTEUR),16.20823913,-61.49996012,Nuit sans éclairage public,En agglomération,Intersection en T,Normale,Deux véhicules - côté,3,2,2,0,1,1,1,0,1,50,2,2,1,0,0,1,33.0,46.0,deux_roues,voiture,3,2,3,1,3
202400023129,2024-11-14 17:45:00,2024,11,14,17,45,41,41018,DUGUESCLIN (RUE BERTRAND),47.59377,1.29826,Crépuscule ou aube,En agglomération,Hors intersection,Normale,Deux véhicules - frontale,4,-1,2,0,1,1,1,0,1,50,2,4,2,0,0,2,,38.0,voiture,voiture,2,2,1,1,1
202400023130,2024-03-08 11:20:00,2024,3,8,11,20,95,95369,HENRY DUNANT (RUE),49.00062155,2.29492217,Plein jour,En agglomération,Intersection en X,Normale,Deux véhicules - côté,4,2,0,0,1,1,1,0,1,50,2,2,1,0,0,1,29.0,71.0,utilitaire_camion,utilitaire_camion,1,2,2,1,3
202400023130,2024-03-08 11:20:00,2024,3,8,11,20,95,95369,HENRY DUNANT (RUE),49.00062155,2.29492217,Plein jour,En agglomération,Intersection en X,Normale,Deux véhicules - côté,4,2,0,0,1,1,1,0,1,50,2,2,1,0,0,1,29.0,71.0,utilitaire_camion,utilitaire_camion,1,2,2,1,3
202400023131,2024-06-27 16:00:00,2024,6,27,16,0,91,91312,RD 444,48.73598,2.22919,Plein jour,Hors agglomération,Hors intersection,Normale,Trois véhicules et plus - collisions multiples,3,2,2,0,1,1,1,0,1,70,5,6,4,0,0,2,48.0,22.0,voiture,voiture,1,1,1,1,5
202400023132,2024-03-09 01:00:00,2024,3,9,1,0,91,91552,RTE NATIONALE 20,48.603759,2.248471,Nuit sans éclairage public,Hors agglomération,Hors intersection,Normale,Sans collision,3,3,0,0,1,1,1,0,1,70,2,2,1,0,0,1,46.0,,voiture,voiture,3,1,1,1,7
202400023133,2024-06-27 14:00:00,2024,6,27,14,0,94,94034,A86,48.75642,2.34146,Plein jour,Hors agglomération,Hors intersection,Normale,Deux véhicules - arrière,1,1,2,0,1,3,1,3,1,70,2,2,1,0,0,1,23.0,41.0,voiture,voiture,1,1,1,1,2
202400023134,2024-03-07 16:15:00,2024,3,7,16,15,88,88209,DOMEVRE (RUE DE),48.19751,6.41155,Plein jour,En agglomération,Giratoire,Normale,Deux véhicules - arrière,3,2,2,0,1,1,1,0,1,50,2,2,1,0,0,1,21.0,55.0,voiture,deux_roues,1,2,6,1,2
202400023134,2024-03-07 16:15:00,2024,3,7,16,15,88,88209,DOMEVRE (RUE DE),48.19751,6.41155,Plein jour,En agglomération,Giratoire,Normale,Deux véhicules - arrière,3,2,2,0,1,1,1,0,1,50,2,2,1,0,0,1,21.0,55.0,voiture,deux_roues,1,2,6,1,2
202400023135,2024-11-15 09:45:00,2024,11,15,9,45,37,37261,SAINT SAUVEUR (PONT),47.37259,0.67824,Plein jour,En agglomération,Hors intersection,Normale,Trois véhicules et plus - en chaîne,4,2,4,0,1,1,1,2,1,50,3,3,2,0,0,1,61.0,25.0,voiture,utilitaire_camion,1,2,1,1,4
202400023136,2024-11-15 08:05:00,2024,11,15,8,5,37,37233,CACHIN (RUE MARCEL),47.39714,0.74129,Plein jour,En agglomération,Intersection en T,Normale,Sans collision,4,2,2,0,1,1,1,0,1,50,1,1,0,0,0,1,16.0,,deux_roues,,1,2,3,1,7
202400023136,2024-11-15 08:05:00,2024,11,15,8,5,37,37233,CACHIN (RUE MARCEL),47.39714,0.74129,Plein jour,En agglomération,Intersection en T,Normale,Sans collision,4,2,2,0,1,1,1,0,1,50,1,1,0,0,0,1,16.0,,deux_roues,,1,2,3,1,7
202400023137,2024-06-27 08:30:00,2024,6,27,8,30,91,91553,RN 104,48.63167,2.49617,Plein jour,Hors agglomération,Hors intersection,Normale,Trois véhicules et plus - en chaîne,2,3,3,0,1,1,1,0,1,90,3,3,2,0,0,1,23.0,28.0,voiture,voiture,1,1,1,1,4
202400023138,2024-03-09 00:25:00,2024,3,9,0,25,84,84007,SOUSPIROUS (Avenue des ) - MONTFAVET,43.93529,4.85096,Nuit avec éclairage allumé,En agglomération,Hors intersection,Normale,Autre collision,4,3,2,2,1,1,1,0,8,50,1,2,0,0,2,0,20.0,,voiture,,5,2,1,1,6
202400023139,2024-11-15 14:00:00,2024,11,15,14,0,36,36044,,46.815212,1.708328,Plein jour,En agglomération,Intersection en T,Normale,Deux véhicules - côté,4,1,1,0,1,1,1,0,1,50,2,2,1,0,0,1,50.0,19.0,voiture,voiture,1,2,3,1,3
202400023139,2024-11-15 14:00:00,2024,11,15,14,0,36,36044,,46.815212,1.708328,Plein jour,En agglomération,Intersection en T,Normale,Deux véhicules - côté,4,3,3,0,1,1,1,0,1,50,2,2,1,0,0,1,50.0,19.0,voiture,voiture,1,2,3,1,3
202400023140,2024-03-08 12:25:00,2024,3,8,12,25,83,83062,DIGNE (AVENUE DE ),43.14633458,6.03443021,Plein jour,Hors agglomération,Hors intersection,Pluie forte,Deux véhicules - côté,4,2,2,0,1,1,2,2,1,50,2,2,1,0,1,0,26.0,74.0,voiture,voiture,1,1,1,3,3
202400023141,2024-06-27 02:41:00,2024,6,27,2,41,91,91161,AUTOROUTE A6,48.69769051,2.31452912,Nuit sans éclairage public,Hors agglomération,Hors intersection,Normale,Trois véhicules et plus - en chaîne,1,2,3,0,1,1,1,0,1,110,3,7,2,0,0,5,19.0,52.0,utilitaire_camion,utilitaire_camion,3,1,1,1,4
202400023142,2024-03-07 17:30:00,2024,3,7,17,30,80,80489,Avenue Henri Barbusse,49.8693,2.36067,Plein jour,En agglomération,Hors intersection,Normale,Sans collision,4,-1,2,0,1,1,1,0,1,50,1,1,0,0,1,0,23.0,,deux_roues,,1,2,1,1,7
202400023143,2024-11-15 21:05:00,2024,11,15,21,5,35,35238,LIBERTE (BD DE LA),48.10739,-1.67848,Nuit avec éclairage allumé,En agglomération,Intersection en T,Normale,Deux véhicules - côté,4,3,3,3,1,1,1,0,1,30,2,2,1,0,0,1,36.0,62.0,deux_roues,voiture,5,2,3,1,3
202400023143,2024-11-15 21:05:00,2024,11,15,21,5,35,35238,LIBERTE (BD DE LA),48.10739,-1.67848,Nuit avec éclairage allumé,En agglomération,Intersection en T,Normale,Deux véhicules - côté,4,1,1,2,1,1,1,0,1,30,2,2,1,0,0,1,36.0,62.0,deux_roues,voiture,5,2,3,1,3
202400023144,2024-06-27 17:50:00,2024,6,27,17,50,78,78238,A13,48.970547,1.880915,Plein jour,Hors agglomération,Hors intersection,Normale,Autre collision,1,-1,3,0,1,1,1,0,1,130,1,1,0,0,0,1,20.0,,voiture,,1,1,1,1,6
202400023145,2024-03-07 16:05:00,2024,3,7,16,5,80,80021,Boulevard d'Alsace-Lorraine,49.89361,2.30856,Plein jour,En agglomération,Hors intersection,Normale,Deux véhicules - arrière,4,-1,2,0,1,1,1,0,1,50,2,2,1,0,0,1,27.0,33.0,voiture,deux_roues,1,2,1,1,2
202400023146,2024-06-26 19:30:00,2024,6,26,19,30,78,78640,RN12 INT,48.78146,2.16812,Plein jour,Hors agglomération,Hors intersection,Normale,Deux véhicules - côté,2,1,3,0,1,1,1,9,1,90,2,2,1,0,0,1,43.0,39.0,utilitaire_camion,voiture,1,1,1,1,3
202400023147,2024-03-08 08:00:00,2024,3,8,8,0,78,78238,RENAULT (ROUTE DE),48.96789,1.8681,Plein jour,En agglomération,Hors intersection,Normale,Deux véhicules - côté,4,-1,2,0,1,1,1,0,1,30,2,2,1,0,1,0,39.0,61.0,voiture,deux_roues,1,2,1,1,3
202400023148,2024-06-27 18:25:00,2024,6,27,18,25,93,93013,A1,48.94024886,2.42276942,Plein jour,Hors agglomération,Hors intersection,Normale,Deux véhicules - arrière,1,3,8,0,1,1,1,3,1,90,2,2,1,0,0,1,22.0,39.0,voiture,voiture,1,1,1,1,2
202400023149,2024-03-08 17:26:00,2024,3,8,17,26,77,77378,ORME BRISE(RUE DE L'),48.52064,2.56316,Plein jour,En agglomération,Hors intersection,Normale,Autre collision,4,2,2,0,1,1,1,0,1,50,1,2,1,0,1,0,31.0,,voiture,,1,2,1,1,6
202400023150,2024-11-15 19:10:00,2024,11,15,19,10,35,35238,ROCADE 12-13,48.125422,-1.715687,Nuit sans éclairage public,Hors agglomération,Hors intersection,Normale,Deux véhicules - arrière,2,3,4,0,1,1,1,0,1,90,2,2,1,0,0,1,59.0,29.0,voiture,utilitaire_camion,3,1,1,1,2
202400023151,2024-03-08 14:05:00,2024,3,8,14,5,77,77487,CHARTRETTES  (ROUTE DE),48.53091,2.66909,Plein jour,En agglomération,Hors intersection,Normale,Autre collision,4,2, -1,0,1,1,1,0,1,50,1,3,1,0,1,1,35.0,,voiture,,1,2,1,1,6
202400023152,2024-06-27 15:50:00,2024,6,27,15,50,93,93066,A1,48.92985457,2.36307976,Plein jour,Hors agglomération,Hors intersection,Normale,Trois véhicules et plus - collisions multiples,1,3,8,0,1,1,1,0,1,90,3,3,2,0,0,1,30.0,40.0,voiture,voiture,1,1,1,1,5
202400023153,2024-03-07 11:45:00,2024,3,7,11,45,76,76305,rue montagne,49.46548,0.2004,Plein jour,Hors agglomération,Hors intersection,Normale,Autre collision,4,2,2,0,1,1,1,0,8,70,1,1,0,0,0,1,21.0,,utilitaire_camion,,1,1,1,1,6
202400023154,2024-11-15 11:35:00,2024,11,15,11,35,35,35238,VATAR (HIPPOLYTE),48.11353,-1.66124,Plein jour,En agglomération,Hors intersection,Normale,Autre collision,4,2,2,0,1,1,1,0,4,30,1,1,0,0,0,1,64.0,,voiture,,1,2,1,1,6
202400023155,2024-06-27 09:30:00,2024,6,27,9,30,92,92036,AUTOROUTE A15,48.94355783,2.28738079,Plein jour,Hors agglomération,Hors intersection,Normale,Deux véhicules - arrière,1,3,4,0,1,1,1,2,1,90,2,2,1,0,0,1,38.0,32.0,deux_roues,deux_roues,1,1,1,1,2
202400023156,2024-03-05 15:00:00,2024,3,5,15,0,73,73065,N201 VOIE RAPIDE URBAINE,45.58522,5.90774,Plein jour,Hors agglomération,Hors intersection,Pluie légère,Trois véhicules et plus - collisions multiples,2,3,6,0,2,1,2,0,1,90,4,6,3,1,1,1,32.0,49.0,voiture,voiture,1,1,1,2,5
202400023157,2024-06-27 02:35:00,2024,6,27,2,35,95,95582,A15,48.97632763,2.23681612,Nuit sans éclairage public,Hors agglomération,Hors intersection,Normale,Deux véhicules - arrière,1,3,4,0,1,1,1,0,1,110,2,2,1,0,0,1,23.0,56.0,voiture,utilitaire_camion,3,1,1,1,2
202400023158,2024-11-15 11:10:00,2024,11,15,11,10,34,34172,MONTELS-EGLISE (RUE DE),43.58014,3.87986,Plein jour,En agglomération,Hors intersection,Normale,Deux véhicules - côté,4,2,2,0,1,1,1,0,1,50,2,2,1,0,1,0,48.0,32.0,utilitaire_camion,deux_roues,1,2,1,1,3
202400023159,2024-03-08 11:25:00,2024,3,8,11,25,71,71270,LYON (ROUTE DE),46.2828,4.80525,Plein jour,En agglomération,Hors intersection,Normale,Deux véhicules - côté,3,4,3,0,1,1,1,0,1,50,2,2,1,0,1,0,20.0,67.0,deux_roues,voiture,1,2,1,1,3
202400023160,2024-06-27 18:15:00,2024,6,27,18,15,77,77058,A4,48.83110253,2.68772746,Plein jour,Hors agglomération,Hors intersection,Normale,Trois véhicules et plus - en chaîne,1,3,6,0,1,1,1,0,1,110,3,3,2,0,0,1,60.0,48.0,voiture,voiture,1,1,1,1,4
202400023161,2024-11-15 13:45:00,2024,11,15,13,45,34,34032,HIRONDELLE  (RUE DE L'),43.33747,3.217,Plein jour,En agglomération,Hors intersection,Normale,Sans collision,4,1,1,0,1,1,1,0,1,50,1,2,1,0,0,1,43.0,,voiture,,1,2,1,1,7
202400023162,2024-03-08 15:10:00,2024,3,8,15,10,69,69259,Boulevard Irène Joliot Curie,45.71972139,4.8749803,Plein jour,En agglomération,Hors intersection,Normale,Deux véhicules - arrière,4,2,2,3,2,1,1,0,1,50,2,3,2,0,0,1,48.0,50.0,voiture,voiture,1,2,1,1,2
202400023163,2024-11-15 12:35:00,2024,11,15,12,35,33,33063,,44.84211,-0.56048,Plein jour,En agglomération,Hors intersection,Normale,Autre collision,4,1,2,3,1,1,1,0,1,30,1,2,0,0,0,2,20.0,,deux_roues,,1,2,1,1,6
202400023164,2024-06-27 17:30:00,2024,6,27,17,30,75,75112,AUTOROUTE A4,48.818238,2.456264,Plein jour,En agglomération,Hors intersection,Normale,Deux véhicules - frontale,1,-1,3,0,1,1,1,0,1,50,2,2,1,0,0,1,40.0,25.0,voiture,utilitaire_camion,1,2,1,1,1
202400023165,2024-03-07 17:50:00,2024,3,7,17,50,69,69290,Route de Grenoble,45.71361705,4.96789174,Plein jour,En agglomération,Giratoire,Normale,Autre collision,7,1,2,0,1,1,1,6,1,50,1,4,2,0,0,2,22.0,,voiture,,1,2,6,1,6
202400023166,2024-11-14 07:45:00,2024,11,14,7,45,29,29019,rue Auguste Rodin,48.396736,-4.464478,Nuit sans éclairage public,En agglomération,Hors intersection,Normale,Autre collision,4,2,2,0,2,1,1,5,1,50,1,2,1,0,0,1,51.0,,voiture,,3,2,1,1,6
202400023167,2024-06-27 09:13:00,2024,6,27,9,13,94,94018,A4,48.82253799,2.39690691,Plein jour,Hors agglomération,Hors intersection,Normale,Deux véhicules - côté,1,-1,5,0,1,1,1,0,1,90,2,2,1,0,0,1,77.0,77.0,deux_roues,deux_roues,1,1,1,1,3
202400023168,2024-03-09 21:30:00,2024,3,9,21,30,67,67482,PETIT RHIN (ROUTE DU),48.56133,7.80084,Nuit avec éclairage allumé,Hors agglomération,Hors intersection,Normale,Deux véhicules - frontale,4,2,2,0,1,2,1,0,1,80,2,2,0,0,0,2,42.0,74.0,utilitaire_camion,voiture,5,1,1,1,1
202400023169,2024-11-15 17:53:00,2024,11,15,17,53,27,27229,QUATORZE JUILLET (BOULEVARD),49.00989,1.16724,Nuit sans éclairage public,En agglomération,Hors intersection,Normale,Deux véhicules - frontale,4,2,4,0,1,1,1,0,1,50,2,2,1,0,0,1,56.0,39.0,voiture,deux_roues,3,2,1,1,1
202400023170,2024-03-07 07:10:00,2024,3,7,7,10,67,67482,VICTOR HUGO (BOULEVARD),48.59246,7.70339,Plein jour,En agglomération,Intersection en T,Temps couvert,Deux véhicules - côté,4,3,4,3,1,1,1,8,5,50,2,2,1,0,0,1,19.0,29.0,utilitaire_camion,deux_roues,1,2,3,8,3
202400023170,2024-03-07 07:10:00,2024,3,7,7,10,67,67482,VICTOR HUGO (BOULEVARD),48.59246,7.70339,Plein jour,En agglomération,Intersection en T,Temps couvert,Deux véhicules - côté,4,1,1,0,1,1,1,8,5,50,2,2,1,0,0,1,19.0,29.0,utilitaire_camion,deux_roues,1,2,3,8,3
202400023171,2024-06-26 16:30:00,2024,6,26,16,30,77,77258,A4.W,48.8300629,2.62477805,Plein jour,Hors agglomération,Hors intersection,Normale,Trois véhicules et plus - en chaîne,1,3,3,0,1,1,1,3,1,90,3,6,2,0,0,4,61.0,34.0,voiture,voiture,1,1,1,1,4
202400023172,2024-11-15 16:43:00,2024,11,15,16,43,27,27229,FAUVILLE (RUE DE),49.02309,1.17326,Plein jour,En agglomération,Intersection en X,Normale,Deux véhicules - côté,4,2,2,0,2,1,1,0,1,50,2,2,1,0,0,1,29.0,46.0,deux_roues,voiture,1,2,2,1,3
202400023172,2024-11-15 16:43:00,2024,11,15,16,43,27,27229,FAUVILLE (RUE DE),49.02309,1.17326,Plein jour,En agglomération,Intersection en X,Normale,Deux véhicules - côté,4,2,2,0,2,1,1,0,1,50,2,2,1,0,0,1,29.0,46.0,deux_roues,voiture,1,2,2,1,3
202400023173,2024-03-08 15:40:00,2024,3,8,15,40,66,66136,,42.70438632,2.89266586,Plein jour,En agglomération,Intersection à plus de 4 branches,Normale,Deux véhicules - côté,4,2,2,3,1,1,1,0,1,50,2,5,3,0,0,2,42.0,55.0,voiture,voiture,1,2,5,1,3
202400023173,2024-03-08 15:40:00,2024,3,8,15,40,66,66136,,42.70438632,2.89266586,Plein jour,En agglomération,Intersection à plus de 4 branches,Normale,Deux véhicules - côté,4,1,1,1,1,1,1,0,1,50,2,5,3,0,0,2,42.0,55.0,voiture,voiture,1,2,5,1,3
202400023174,2024-04-03 08:20:00,2024,4,3,8,20,82,82013,Avenue de la Gimone,43.879776,0.990921,Plein jour,En agglomération,Giratoire,Temps éblouissant,Deux véhicules - côté,3,2,1,0,1,3,1,5,1,50,2,2,1,0,1,0,55.0,47.0,deux_roues,voiture,1,2,6,7,3
202400023174,2024-04-03 08:20:00,2024,4,3,8,20,82,82013,Avenue de la Gimone,43.879776,0.990921,Plein jour,En agglomération,Giratoire,Temps éblouissant,Deux véhicules - côté,3,2,1,0,1,2,1,5,1,50,2,2,1,0,1,0,55.0,47.0,deux_roues,voiture,1,2,6,7,3