accident_id,datetime,annee,mois,jour,heure,minute,departement,commune_insee,adresse,latitude,longitude,luminosite,agglomeration,intersection,meteo,collision,catr,circ,nbv,vosp,prof,plan,surf,infra,situ,vma,nb_vehicules,nb_usagers,nb_indemnes,nb_tues,nb_blesses_hosp,nb_blesses_legers,age_cond_1,age_cond_2,veh_type_cond_1,veh_type_cond_2,lum_code,agg_code,int_code,atm_code,col_code
202400023175,2024-11-15 17:38:00,2024,11,15,17,38,25,25204,R-N 57  lieu dit Pont rouge,46.943,6.34289,Nuit sans éclairage public,Hors agglomération,Intersection en T,Normale,Deux véhicules - côté,2,-1,2,0,1,1,1,0,1,50,2,2,1,0,0,1,57.0,48.0,deux_roues,voiture,3,1,3,1,3
202400023175,2024-11-15 17:38:00,2024,11,15,17,38,25,25204,R-N 57  lieu dit Pont rouge,46.943,6.34289,Nuit sans éclairage public,Hors agglomération,Intersection en T,Normale,Deux véhicules - côté,2,-1,2,0,1,1,1,0,1,80,2,2,1,0,0,1,57.0,48.0,deux_roues,voiture,3,1,3,1,3
202400023176,2024-03-07 18:55:00,2024,3,7,18,55,64,64140,LOUIS DE FOIX (AVENUE),43.52019604,-1.46425277,Plein jour,Hors agglomération,Hors intersection,Normale,Trois véhicules et plus - collisions multiples,3,2,2,0,3,1,1,0,1,80,3,3,1,0,0,2,52.0,78.0,utilitaire_camion,voiture,1,1,1,1,5
202400023177,2024-03-08 07:59:00,2024,3,8,7,59,63,63113,PONT NATUREL (RUE DU),45.78327,3.07919,Plein jour,En agglomération,Hors intersection,Normale,Autre collision,4,2,2,0,2,1,1,0,1,30,1,2,1,0,0,1,51.0,,voiture,,1,2,1,1,6
202400023178,2024-11-15 10:50:00,2024,11,15,10,50,25,25056,VIANCIN RUE CHARLES,47.2484,6.00445,Plein jour,En agglomération,Intersection en T,Normale,Autre collision,4,2,2,-1,2,1,1,0,1,50,1,2,1,0,0,1,55.0,,utilitaire_camion,,1,2,3,1,6
202400023178,2024-11-15 10:50:00,2024,11,15,10,50,25,25056,VIANCIN RUE CHARLES,47.2484,6.00445,Plein jour,En agglomération,Intersection en T,Normale,Autre collision,4,2,2,2,2,1,1,0,1,50,1,2,1,0,0,1,55.0,,utilitaire_camion,,1,2,3,1,6
202400023179,2024-03-08 20:10:00,2024,3,8,20,10,62,62510,D58E4,50.4213,2.77875,Nuit avec éclairage allumé,En agglomération,Intersection en X,Normale,Deux véhicules - frontale,3,-1,0,0,1,1,1,9,1,50,2,2,1,0,0,1,31.0,26.0,deux_roues,voiture,5,2,2,1,1
202400023179,2024-03-08 20:10:00,2024,3,8,20,10,62,62510,D58E4,50.4213,2.77875,Nuit avec éclairage allumé,En agglomération,Intersection en X,Normale,Deux véhicules - frontale,3,3,2,0,1,1,1,9,1,50,2,2,1,0,0,1,31.0,26.0,deux_roues,voiture,5,2,2,1,1
202400023180,2024-11-15 07:50:00,2024,11,15,7,50,14,14137,N13,49.19393,-0.44422,Crépuscule ou aube,Hors agglomération,Hors intersection,Normale,Deux véhicules - arrière,2,3,2,0,1,1,1,0,1,90,2,2,1,0,0,1,29.0,59.0,deux_roues,voiture,2,1,1,1,2
202400023181,2024-03-05 17:50:00,2024,3,5,17,50,60,60057,HECTOR BERLIOZ (RUE),49.41664302,2.07714115,Plein jour,En agglomération,Hors intersection,Pluie forte,Autre collision,4,3,0,0,1,1,2,0,1,50,1,2,1,0,0,1,,,utilitaire_camion,,1,2,1,3,6
202400023182,2024-11-15 22:40:00,2024,11,15,22,40,13,13206,LODI (RUE DE),43.29151,5.38495,Nuit avec éclairage allumé,En agglomération,Intersection en T,Normale,Deux véhicules - côté,4,1,2,1,2,1,1,9,1,50,2,2,1,0,1,0,19.0,24.0,deux_roues,voiture,5,2,3,1,3
202400023182,2024-11-15 22:40:00,2024,11,15,22,40,13,13206,LODI (RUE DE),43.29151,5.38495,Nuit avec éclairage allumé,En agglomération,Intersection en T,Normale,Deux véhicules - côté,4,2,2,0,1,1,1,0,1,50,2,2,1,0,1,0,19.0,24.0,deux_roues,voiture,5,2,3,1,3
202400023183,2024-03-02 13:20:00,2024,3,2,13,20,59,59350,Rue du Château d'Isenghien,50.65103,2.98371,Plein jour,En agglomération,Hors intersection,Pluie légère,Autre collision,4,2,2,0,1,1,2,5,1,30,1,2,1,0,0,1,33.0,,voiture,,1,2,1,2,6
202400023184,2024-03-08 18:21:00,2024,3,8,18,21,54,54184,avenue de Brigachtal,48.707862,6.244152,Crépuscule ou aube,En agglomération,Giratoire,Normale,Sans collision,4,1,1,0,1,3,1,0,8,50,1,1,0,0,0,1,36.0,,deux_roues,,2,2,6,1,7
202400023184,2024-03-08 18:21:00,2024,3,8,18,21,54,54184,avenue de Brigachtal,48.707862,6.244152,Crépuscule ou aube,En agglomération,Giratoire,Normale,Sans collision,4,1,1,0,1,3,1,0,8,50,1,1,0,0,0,1,36.0,,deux_roues,,2,2,6,1,7
202400023185,2024-03-07 20:45:00,2024,3,7,20,45,54,54395,Rue de Phalsbourg,48.68352,6.18121,Nuit sans éclairage public,En agglomération,Intersection en T,Normale,Deux véhicules - frontale,4,1,1,2,1,1,1,-1,1,30,2,3,1,0,0,2,19.0,49.0,deux_roues,voiture,3,2,3,1,1
202400023185,2024-03-07 20:45:00,2024,3,7,20,45,54,54395,Rue de Phalsbourg,48.68352,6.18121,Nuit sans éclairage public,En agglomération,Intersection en T,Normale,Deux véhicules - frontale,4,2,2,0,1,1,1,0,1,30,2,3,1,0,0,2,19.0,49.0,deux_roues,voiture,3,2,3,1,1
202400023186,2024-11-15 01:50:00,2024,11,15,1,50,13,13203,NATIONAL (BOULEVARD),43.3088,5.38062,Nuit avec éclairage allumé,En agglomération,Intersection en T,Normale,Deux véhicules - côté,4,1,4,0,1,1,1,0,1,50,2,4,0,0,0,4,32.0,24.0,voiture,voiture,5,2,3,1,3
202400023186,2024-11-15 01:50:00,2024,11,15,1,50,13,13203,NATIONAL (BOULEVARD),43.3088,5.38062,Nuit avec éclairage allumé,En agglomération,Intersection en T,Normale,Deux véhicules - côté,4,1,4,0,1,1,1,0,1,50,2,4,0,0,0,4,32.0,24.0,voiture,voiture,5,2,3,1,3
202400023187,2024-03-08 18:30:00,2024,3,8,18,30,54,54280,Rue du 8 Mai 1945,49.23062,6.01022,Nuit avec éclairage allumé,En agglomération,Intersection en T,Normale,Deux véhicules - côté,4,2,2,0,1,1,1,0,1,50,2,3,0,0,0,3,19.0,16.0,voiture,deux_roues,5,2,3,1,3
202400023187,2024-03-08 18:30:00,2024,3,8,18,30,54,54280,Rue du 8 Mai 1945,49.23062,6.01022,Nuit avec éclairage allumé,En agglomération,Intersection en T,Normale,Deux véhicules - côté,4,2,2,0,1,1,1,0,1,50,2,3,0,0,0,3,19.0,16.0,voiture,deux_roues,5,2,3,1,3
202400023188,2024-11-15 06:20:00,2024,11,15,6,20,13,13047,FELIX GOUIN AVENUE,43.50568,4.98449,Nuit sans éclairage public,En agglomération,Giratoire,Normale,Deux véhicules - frontale,4,2,4,2,1,1,1,0,1,50,2,2,1,0,0,1,60.0,63.0,voiture,deux_roues,3,2,6,1,1
202400023189,2024-03-08 17:00:00,2024,3,8,17,0,51,51454,GOULIN (RUE),49.26719,4.02481,Plein jour,En agglomération,Intersection en X,Normale,Autre collision,4,2, -1,0,1,1,1,5,4,50,1,1,0,0,1,0,32.0,,deux_roues,,1,2,2,1,6
202400023189,2024-03-08 17:00:00,2024,3,8,17,0,51,51454,GOULIN (RUE),49.26719,4.02481,Plein jour,En agglomération,Intersection en X,Normale,Autre collision,4,2, -1,-1,1,1,1,5,4,50,1,1,0,0,1,0,32.0,,deux_roues,,1,2,2,1,6
202400023190,2024-11-14 22:20:00,2024,11,14,22,20,13,13047,R.N 569,43.58302,4.98578,Nuit sans éclairage public,Hors agglomération,Hors intersection,Normale,Deux véhicules - frontale,2,2,2,0,1,1,1,2,1,80,2,2,0,2,0,0,35.0,50.0,utilitaire_camion,voiture,3,1,1,1,1
202400023191,2024-03-06 18:40:00,2024,3,6,18,40,50,50129,ROUTE DE LA LANDE ST GABRIEL,49.63377,-1.54884,Plein jour,Hors agglomération,Hors intersection,Normale,Autre collision,3,2,2,0,2,1,1,0,1,50,1,2,0,0,2,0,23.0,,voiture,,1,1,1,1,6
202400023192,2024-11-15 18:45:00,2024,11,15,18,45,13,13028,BILLOUX (AVENUE FRANCOIS ),43.17455,5.59784,Nuit avec éclairage allumé,En agglomération,Autre intersection,Normale,Deux véhicules - côté,4,2,2,0,2,1,1,9,1,50,2,3,2,0,0,1,16.0,29.0,deux_roues,voiture,5,2,9,1,3
202400023193,2024-03-07 12:24:00,2024,3,7,12,24,49,49007,LETANDUERE,47.45743,-0.55407,Plein jour,En agglomération,Hors intersection,Normale,Deux véhicules - côté,4,2,2,3,1,1,1,0,6,30,2,2,1,0,0,1,61.0,48.0,voiture,deux_roues,1,2,1,1,3
202400023194,2024-03-08 16:15:00,2024,3,8,16,15,45,45147,2 Rue du Colonel Fabien,47.93628,1.91174,Plein jour,En agglomération,Hors intersection,Normale,Autre collision,4,2,2,0,1,1,1,9,1,50,1,3,2,0,0,1,87.0,,voiture,,1,2,1,1,6
202400023195,2024-11-14 07:20:00,2024,11,14,7,20,11,11069,,43.197546,2.357652,Crépuscule ou aube,En agglomération,Giratoire,Normale,Deux véhicules - arrière,3,-1,2,0,1,2,1,0,1,30,2,2,1,0,0,1,26.0,51.0,voiture,deux_roues,2,2,6,1,2
202400023195,2024-11-14 07:20:00,2024,11,14,7,20,11,11069,,43.197546,2.357652,Crépuscule ou aube,En agglomération,Giratoire,Normale,Deux véhicules - arrière,3,1,2,0,1,2,1,0,1,30,2,2,1,0,0,1,26.0,51.0,voiture,deux_roues,2,2,6,1,2
202400023196,2024-11-15 15:40:00,2024,11,15,15,40,09,09225,DELCASSE BOULEVARD,43.1123,1.6126,Plein jour,En agglomération,Hors intersection,Normale,Sans collision,4,2,2,0,1,1,1,0,1,50,1,1,0,0,0,1,16.0,,deux_roues,,1,2,1,1,7
202400023197,2024-03-08 22:10:00,2024,3,8,22,10,44,44109,5 Quai André Rhuys,47.20713,-1.55353,Nuit avec éclairage allumé,En agglomération,Hors intersection,Normale,Deux véhicules - frontale,4,1,1,0,1,1,1,0,1,30,2,4,2,0,2,0,17.0,33.0,deux_roues,voiture,5,2,1,1,1
202400023198,2024-11-15 22:40:00,2024,11,15,22,40,06,06088,550 Boulevard du Mercantour,43.71866,7.18664,Nuit avec éclairage non allumé,Hors agglomération,Hors intersection,Normale,Deux véhicules - arrière,7,3,4,0,1,1,1,0,1,90,2,2,1,0,1,0,44.0,17.0,voiture,voiture,4,1,1,1,2
202400023199,2024-03-08 08:10:00,2024,3,8,8,10,43,43041,2 Rue du Pont de la Chartreuse,45.05275,3.91309,Plein jour,En agglomération,Autre intersection,Temps couvert,Deux véhicules - arrière,4,2,2,0,1,1,1,0,1,50,2,2,1,0,0,1,17.0,55.0,deux_roues,voiture,1,2,9,8,2
202400023200,2024-03-08 03:36:00,2024,3,8,3,36,36,36044,gireugne,46.783,1.676,Nuit avec éclairage allumé,En agglomération,Hors intersection,Normale,Autre collision,4,2,1,0,1,1,1,0,4,70,1,1,0,0,0,1,24.0,,voiture,,5,2,1,1,6
202400023201,2024-11-15 20:25:00,2024,11,15,20,25,06,06088,862 Boulevard du Mercantour,43.754551,7.195664,Nuit sans éclairage public,Hors agglomération,Hors intersection,Normale,Autre collision,7,3,4,0,1,1,1,0,1,90,1,3,2,1,0,0,46.0,,utilitaire_camion,,3,1,1,1,6
202400023202,2024-11-15 21:20:00,2024,11,15,21,20,75,75120,RUE DES PYRENEES,48.86913,2.395184,Nuit avec éclairage allumé,En agglomération,Hors intersection,Normale,Sans collision,4,2,2,0,1,1,1,0,1,30,2,2,1,0,0,1,46.0,,deux_roues,deux_roues,5,2,1,1,7
202400023203,2024-03-08 17:30:00,2024,3,8,17,30,35,35238,ROCADE 14-15,48.1088,-1.71764,Plein jour,Hors agglomération,Hors intersection,Pluie légère,Deux véhicules - côté,2,3,6,0,1,1,2,0,1,90,2,2,1,0,0,1,,29.0,voiture,deux_roues,1,1,1,2,3
202400023204,2024-11-15 01:05:00,2024,11,15,1,5,75,75110,PLACE DE LA BATAILLE DE STALINGRAD,48.883241,2.369253,Nuit avec éclairage allumé,En agglomération,Place,Normale,Deux véhicules - côté,4,1,2,0,1,1,1,0,1,30,2,2,1,0,0,1,25.0,38.0,deux_roues,voiture,5,2,7,1,3
202400023205,2024-03-08 16:10:00,2024,3,8,16,10,35,35238,FOUGERES (ROUTE DE),48.12929,-1.64448,Plein jour,En agglomération,Hors intersection,Normale,Sans collision,4,2,2,2,1,1,1,0,1,50,1,1,0,0,0,1,63.0,,deux_roues,,1,2,1,1,7
202400023206,2024-03-08 11:50:00,2024,3,8,11,50,34,34172,JANVIER (RUE GUILLAUME),43.59575,3.8666,Plein jour,En agglomération,Hors intersection,Pluie forte,Autre collision,4,2,2,0,1,1,4,0,1,30,1,2,1,0,1,0,36.0,,utilitaire_camion,,1,2,1,3,6
202400023207,2024-11-15 17:10:00,2024,11,15,17,10,75,75117,BOULEVARD BESSIERES,48.894386,2.313626,Nuit avec éclairage allumé,En agglomération,Intersection en X,Temps éblouissant,Deux véhicules - côté,4,-1, -1,0,1,1,1,5,1,50,2,2,1,0,0,1,49.0,24.0,deux_roues,voiture,5,2,2,7,3
202400023207,2024-11-15 17:10:00,2024,11,15,17,10,75,75117,BOULEVARD BESSIERES,48.894386,2.313626,Nuit avec éclairage allumé,En agglomération,Intersection en X,Temps éblouissant,Deux véhicules - côté,4,2, -1,0,1,1,1,5,1,50,2,2,1,0,0,1,49.0,24.0,deux_roues,voiture,5,2,2,7,3
202400023208,2024-03-08 22:30:00,2024,3,8,22,30,33,33063,,44.86617,-0.56131,Nuit avec éclairage allumé,En agglomération,Intersection en X,Normale,Autre collision,4,3,4,0,1,1,1,5,1,50,1,1,0,0,0,1,23.0,,voiture,,5,2,2,1,6
202400023208,2024-03-08 22:30:00,2024,3,8,22,30,33,33063,,44.86617,-0.56131,Nuit avec éclairage allumé,En agglomération,Intersection en X,Normale,Autre collision,4,3,4,0,1,1,1,5,1,50,1,1,0,0,0,1,23.0,,voiture,,5,2,2,1,6
202400023209,2024-02-23 18:13:00,2024,2,23,18,13,30,30189,SAUVE (ROUTE),43.8394,4.3218,Plein jour,En agglomération,Hors intersection,Normale,Deux véhicules - frontale,3,2,2,0,1,1,1,0,1,50,2,3,1,0,0,2,31.0,50.0,voiture,voiture,1,2,1,1,1
202400023210,2024-11-15 18:45:00,2024,11,15,18,45,75,75116,AVENUE DU MAHATMA GANDHI,48.874637,2.257109,Nuit avec éclairage allumé,En agglomération,Hors intersection,Normale,Deux véhicules - côté,4,2,2,0,1,1,1,0,1,30,2,2,1,0,0,1,41.0,23.0,voiture,deux_roues,5,2,1,1,3
202400023211,2024-03-02 20:50:00,2024,3,2,20,50,30,30189,50 Rue Vincent Faita,43.8441,4.3702,Nuit avec éclairage allumé,En agglomération,Hors intersection,Normale,Sans collision,4,2,2,0,1,1,1,0,1,50,1,1,0,0,1,0,29.0,,deux_roues,,5,2,1,1,7
202400023212,2024-03-08 11:30:00,2024,3,8,11,30,29,29019,rue Paul Masson,48.401669,-4.47973,Plein jour,En agglomération,Intersection en T,Normale,Deux véhicules - côté,4,2,2,0,3,1,1,0,1,50,2,2,1,0,0,1,25.0,52.0,deux_roues,voiture,1,2,3,1,3
202400023212,2024-03-08 11:30:00,2024,3,8,11,30,29,29019,rue Paul Masson,48.401669,-4.47973,Plein jour,En agglomération,Intersection en T,Normale,Deux véhicules - côté,4,1,1,0,1,1,1,0,1,50,2,2,1,0,0,1,25.0,52.0,deux_roues,voiture,1,2,3,1,3
202400023213,2024-11-15 14:15:00,2024,11,15,14,15,75,75116,BOULEVARD EXELMANS,48.845332,2.258608,Plein jour,En agglomération,Intersection en X,Normale,Deux véhicules - côté,4,1,3,1,1,1,1,0,1,30,2,2,1,0,0,1,24.0,36.0,deux_roues,voiture,1,2,2,1,3
202400023213,2024-11-15 14:15:00,2024,11,15,14,15,75,75116,BOULEVARD EXELMANS,48.845332,2.258608,Plein jour,En agglomération,Intersection en X,Normale,Deux véhicules - côté,4,2, -1,1,1,1,1,0,1,30,2,2,1,0,0,1,24.0,36.0,deux_roues,voiture,1,2,2,1,3
202400023214,2024-03-07 23:54:00,2024,3,7,23,54,27,27229,ISAMBARD (RUE),49.029184,1.149141,Nuit avec éclairage allumé,En agglomération,Hors intersection,Normale,Deux véhicules - côté,4,3,1,0,1,3,1,0,1,50,2,2,1,0,0,1,43.0,51.0,voiture,utilitaire_camion,5,2,1,1,3
202400023215,2024-11-15 09:00:00,2024,11,15,9,0,75,75116,PLACE DU MARECHAL DE LATTRE DE TASSIGNY,48.872219,2.274348,Plein jour,En agglomération,Place,Normale,Deux véhicules - côté,4,-1,2,0,1,1,1,0,1,30,2,2,1,0,0,1,42.0,,deux_roues,utilitaire_camion,1,2,7,1,3
202400023215,2024-11-15 09:00:00,2024,11,15,9,0,75,75116,PLACE DU MARECHAL DE LATTRE DE TASSIGNY,48.872219,2.274348,Plein jour,En agglomération,Place,Normale,Deux véhicules - côté,4,-1,2,0,1,1,1,0,1,30,2,2,1,0,0,1,42.0,,deux_roues,utilitaire_camion,1,2,7,1,3
202400023216,2024-03-08 04:35:00,2024,3,8,4,35,26,26058,Route des Morliettes,44.96700437,4.91048098,Nuit sans éclairage public,Hors agglomération,Intersection en T,Normale,Deux véhicules - arrière,4,2, -1,0,1,1,1,0,1,50,2,2,1,0,0,1,53.0,44.0,voiture,voiture,3,1,3,1,2
202400023216,2024-03-08 04:35:00,2024,3,8,4,35,26,26058,Route des Morliettes,44.96700437,4.91048098,Nuit sans éclairage public,Hors agglomération,Intersection en T,Normale,Deux véhicules - arrière,4,2,2,0,1,1,1,0,1,50,2,2,1,0,0,1,53.0,44.0,voiture,voiture,3,1,3,1,2
202400023217,2024-11-14 16:20:00,2024,11,14,16,20,75,75115,RUE DE VAUGIRARD,48.842295,2.310555,Plein jour,En agglomération,Intersection en T,Normale,Deux véhicules - frontale,4,1, -1,0,1,1,1,0,5,30,2,2,0,0,0,2,39.0,33.0,deux_roues,deux_roues,1,2,3,1,1
202400023217,2024-11-14 16:20:00,2024,11,14,16,20,75,75115,RUE DE VAUGIRARD,48.842295,2.310555,Plein jour,En agglomération,Intersection en T,Normale,Deux véhicules - frontale,4,2,2,1,1,1,1,0,5,25,2,2,0,0,0,2,39.0,33.0,deux_roues,deux_roues,1,2,3,1,1
202400023218,2024-03-09 00:25:00,2024,3,9,0,25,17,17028,Avenue Simone Veil,46.14328,-1.1235,Nuit sans éclairage public,En agglomération,Hors intersection,Normale,Deux véhicules - arrière,4,2,2,0,1,1,1,0,1,50,2,2,1,0,0,1,52.0,55.0,voiture,deux_roues,3,2,1,1,2
202400023219,2024-11-15 18:30:00,2024,11,15,18,30,75,75105,AVENUE DE L OBSERVATOIRE,48.840363,2.337016,Nuit avec éclairage allumé,En agglomération,Hors intersection,Normale,Deux véhicules - côté,4,1,2,1,1,1,1,0,1,30,2,2,1,0,0,1,16.0,56.0,deux_roues,deux_roues,5,2,1,1,3
202400023220,2024-11-15 18:15:00,2024,11,15,18,15,75,75113,AVENUE D ITALIE,48.822203,2.358513,Nuit avec éclairage allumé,En agglomération,Intersection en X,Normale,Autre collision,4,2,4,1,1,1,1,0,1,30,1,2,1,0,0,1,33.0,,deux_roues,,5,2,2,1,6
202400023220,2024-11-15 18:15:00,2024,11,15,18,15,75,75113,AVENUE D ITALIE,48.822203,2.358513,Nuit avec éclairage allumé,En agglomération,Intersection en X,Normale,Autre collision,4,1, -1,1,1,1,1,0,1,30,1,2,1,0,0,1,33.0,,deux_roues,,5,2,2,1,6
202400023221,2024-02-17 19:12:00,2024,2,17,19,12,15,15012,RD 920,44.8429,2.4765,Crépuscule ou aube,Hors agglomération,Hors intersection,Normale,Deux véhicules - côté,3,2,2,0,1,1,1,0,1,90,2,4,0,0,2,2,51.0,19.0,voiture,voiture,2,1,1,1,3
202400023222,2024-11-15 08:30:00,2024,11,15,8,30,75,75113,QUAI PANHARD ET LEVASSOR,48.83007,2.382471,Plein jour,En agglomération,Hors intersection,Normale,Deux véhicules - côté,4,2,4,3,1,1,1,0,1,50,2,2,1,0,0,1,55.0,48.0,utilitaire_camion,deux_roues,1,2,1,1,3
202400023223,2024-03-08 10:10:00,2024,3,8,10,10,14,14366,1156 Rue Édouard Branly,49.14717,0.2701,Plein jour,En agglomération,Hors intersection,Normale,Deux véhicules - frontale,4,3,2,0,1,1,1,0,1,50,2,3,1,0,0,2,22.0,68.0,voiture,voiture,1,2,1,1,1
202400023224,2024-11-15 01:54:00,2024,11,15,1,54,75,75114,BOULEVARD ROMAIN ROLLAND,48.820902,2.320551,Nuit avec éclairage allumé,En agglomération,Intersection en T,Normale,Deux véhicules - côté,4,1,2,0,1,1,1,0,1,30,2,2,1,0,0,1,33.0,34.0,deux_roues,utilitaire_camion,5,2,3,1,3
202400023224,2024-11-15 01:54:00,2024,11,15,1,54,75,75114,BOULEVARD ROMAIN ROLLAND,48.820902,2.320551,Nuit avec éclairage allumé,En agglomération,Intersection en T,Normale,Deux véhicules - côté,4,1, -1,0,1,1,1,0,1,30,2,2,1,0,0,1,33.0,34.0,deux_roues,utilitaire_camion,5,2,3,1,3
202400023225,2024-03-08 00:56:00,2024,3,8,0,56,13,13205,VERTUS (RUE DES),43.29096,5.39206,Nuit avec éclairage allumé,En agglomération,Intersection en X,Normale,Deux véhicules - côté,4,1,1,0,1,1,1,0,1,50,2,4,3,0,0,1,,47.0,autre,utilitaire_camion,5,2,2,1,3
202400023225,2024-03-08 00:56:00,2024,3,8,0,56,13,13205,VERTUS (RUE DES),43.29096,5.39206,Nuit avec éclairage allumé,En agglomération,Intersection en X,Normale,Deux véhicules - côté,4,1,1,0,1,1,1,0,1,50,2,4,3,0,0,1,,47.0,autre,utilitaire_camion,5,2,2,1,3
202400023226,2024-11-14 23:39:00,2024,11,14,23,39,75,75113,AVENUE D ITALIE,48.82618,2.357394,Nuit avec éclairage allumé,En agglomération,Intersection en X,Normale,Autre collision,4,2,4,0,1,1,1,0,1,30,1,2,1,0,1,0,,,voiture,,5,2,2,1,6
202400023226,2024-11-14 23:39:00,2024,11,14,23,39,75,75113,AVENUE D ITALIE,48.82618,2.357394,Nuit avec éclairage allumé,En agglomération,Intersection en X,Normale,Autre collision,4,2, -1,0,1,1,1,0,1,30,1,2,1,0,1,0,,,voiture,,5,2,2,1,6
202400023227,2024-03-07 10:10:00,2024,3,7,10,10,13,13205,BAILLE (BOULEVARD),43.28937,5.39669,Plein jour,En agglomération,Intersection en T,Normale,Deux véhicules - côté,4,2,2,0,2,1,1,0,1,10,1,4,2,0,0,2,39.0,,utilitaire_camion,,1,2,3,1,3
202400023227,2024-03-07 10:10:00,2024,3,7,10,10,13,13205,BAILLE (BOULEVARD),43.28937,5.39669,Plein jour,En agglomération,Intersection en T,Normale,Deux véhicules - côté,4,2,4,3,1,1,1,0,1,50,1,4,2,0,0,2,39.0,,utilitaire_camion,,1,2,3,1,3
202400023228,2024-11-15 19:24:00,2024,11,15,19,24,75,75110,RUE DU FAUBOURG SAINT MARTIN,48.878958,2.362348,Nuit avec éclairage allumé,En agglomération,Intersection en Y,Normale,Deux véhicules - côté,4,2, -1,0,1,1,1,0,1,30,2,2,1,0,0,1,44.0,16.0,voiture,deux_roues,5,2,4,1,3
202400023228,2024-11-15 19:24:00,2024,11,15,19,24,75,75110,RUE DU FAUBOURG SAINT MARTIN,48.878958,2.362348,Nuit avec éclairage allumé,En agglomération,Intersection en Y,Normale,Deux véhicules - côté,4,2,3,0,1,1,1,0,1,30,2,2,1,0,0,1,44.0,16.0,voiture,deux_roues,5,2,4,1,3
202400023229,2024-03-06 16:20:00,2024,3,6,16,20,13,13202,VAUDOYER (AVENUE),43.29710593,5.36319583,Plein jour,En agglomération,Hors intersection,Normale,Deux véhicules - arrière,4,1,2,0,1,1,1,0,1,50,2,2,1,0,0,1,20.0,43.0,voiture,deux_roues,1,2,1,1,2
202400023230,2024-11-15 12:08:00,2024,11,15,12,8,94,94080,Allee Georges Pompidou,48.84958,2.43531,Plein jour,En agglomération,Hors intersection,Normale,Autre collision,5,2,1,3,1,3,1,6,6,10,1,2,1,0,0,1,23.0,,utilitaire_camion,,1,2,1,1,6
202400023231,2024-03-08 19:45:00,2024,3,8,19,45,06,06088,20 Avenue Docteur Victor Robini,43.6827145,7.2013525,Nuit avec éclairage allumé,En agglomération,Hors intersection,Pluie forte,Autre collision,4,2,2,0,1,1,2,0,1,50,1,2,1,0,0,1,49.0,,voiture,,5,2,1,3,6
202400023232,2024-11-15 19:30:00,2024,11,15,19,30,94,94052,Place du General Leclerc,48.835338,2.473833,Nuit avec éclairage allumé,En agglomération,Place,Normale,Autre collision,3,2,2,-1,4,1,1,5,1,-1,1,3,2,0,0,1,21.0,,voiture,,5,2,7,1,6
202400023232,2024-11-15 19:30:00,2024,11,15,19,30,94,94052,Place du General Leclerc,48.835338,2.473833,Nuit avec éclairage allumé,En agglomération,Place,Normale,Autre collision,3,1,2,0,1,1,1,5,1,50,1,3,2,0,0,1,21.0,,voiture,,5,2,7,1,6
202400023233,2024-03-07 08:00:00,2024,3,7,8,0,03,03095,HUIT MAI 1945 (BOULEVARD DU),46.12887,3.43583,Plein jour,En agglomération,Intersection en X,Normale,Deux véhicules - côté,4,-1,2,0,1,1,1,0,1,50,2,2,1,0,1,0,18.0,32.0,deux_roues,voiture,1,2,2,1,3
202400023233,2024-03-07 08:00:00,2024,3,7,8,0,03,03095,HUIT MAI 1945 (BOULEVARD DU),46.12887,3.43583,Plein jour,En agglomération,Intersection en X,Normale,Deux véhicules - côté,4,-1,2,0,1,1,1,0,1,50,2,2,1,0,1,0,18.0,32.0,deux_roues,voiture,1,2,2,1,3
202400023234,2024-11-15 17:50:00,2024,11,15,17,50,94,94046,Avenue de la République,48.8058,2.44082,Nuit avec éclairage allumé,En agglomération,Intersection en X,Normale,Deux véhicules - côté,3,2,2,0,1,1,1,0,1,50,2,3,0,0,0,3,20.0,39.0,deux_roues,deux_roues,5,2,2,1,3
202400023234,2024-11-15 17:50:00,2024,11,15,17,50,94,94046,Avenue de la République,48.8058,2.44082,Nuit avec éclairage allumé,En agglomération,Intersection en X,Normale,Deux véhicules - côté,3,2,4,0,1,1,1,0,1,50,2,3,0,0,0,3,20.0,39.0,deux_roues,deux_roues,5,2,2,1,3
202400023235,2024-03-07 07:50:00,2024,3,7,7,50,75,75113,QUAI D IVRY,48.824838,2.384286,Plein jour,En agglomération,Hors intersection,Normale,Deux véhicules - arrière,4,1,4,0,1,1,1,0,1,70,2,2,1,0,0,1,63.0,31.0,utilitaire_camion,deux_roues,1,2,1,1,2
202400023236,2024-11-13 12:15:00,2024,11,13,12,15,94,94028,Rue de Joly,48.79076,2.46303,Plein jour,En agglomération,Hors intersection,Temps couvert,Autre collision,4,3,4,0,1,1,1,9,4,50,1,1,0,0,0,1,21.0,,voiture,,1,2,1,8,6
202400023237,2024-03-08 19:30:00,2024,3,8,19,30,75,75105,BOULEVARD DE PORT ROYAL,48.838878,2.339683,Nuit avec éclairage allumé,En agglomération,Intersection en T,Normale,Deux véhicules - arrière,4,2,4,0,1,1,1,0,1,30,2,2,1,0,0,1,44.0,47.0,deux_roues,utilitaire_camion,5,2,3,1,2
202400023237,2024-03-08 19:30:00,2024,3,8,19,30,75,75105,BOULEVARD DE PORT ROYAL,48.838878,2.339683,Nuit avec éclairage allumé,En agglomération,Intersection en T,Normale,Deux véhicules - arrière,4,-1,1,0,1,1,1,0,1,30,2,2,1,0,0,1,44.0,47.0,deux_roues,utilitaire_camion,5,2,3,1,2