accident_id,datetime,annee,mois,jour,heure,minute,departement,commune_insee,adresse,latitude,longitude,luminosite,agglomeration,intersection,meteo,collision,catr,circ,nbv,vosp,prof,plan,surf,infra,situ,vma,nb_vehicules,nb_usagers,nb_indemnes,nb_tues,nb_blesses_hosp,nb_blesses_legers,age_cond_1,age_cond_2,veh_type_cond_1,veh_type_cond_2,lum_code,agg_code,int_code,atm_code,col_code
202400023303,2024-03-07 23:30:00,2024,3,7,23,30,92,92073,BAS ROGERS (RUE DES),48.88064949,2.2284658,Nuit avec éclairage allumé,En agglomération,Hors intersection,Normale,Deux véhicules - côté,3,2,2,0,2,1,1,0,1,50,2,2,0,0,0,2,20.0,19.0,deux_roues,deux_roues,5,2,1,1,3
202400023304,2024-03-08 18:20:00,2024,3,8,18,20,92,92051,"CHARLES DE GAULLE (AVENUE,N°118 A 192 +",48.88455879,2.26185948,Plein jour,En agglomération,Hors intersection,Normale,Deux véhicules - côté,4,1,1,0,1,1,1,6,1,30,2,2,1,0,0,1,27.0,80.0,deux_roues,voiture,1,2,1,1,3
202400023305,2024-11-15 07:15:00,2024,11,15,7,15,48,48128,les estrets,44.744097,3.340895,Crépuscule ou aube,Hors agglomération,Hors intersection,Brouillard / fumée,Deux véhicules - côté,3,2,2,0,1,3,1,0,1,90,2,2,1,0,0,1,32.0,49.0,deux_roues,voiture,2,1,1,5,3
202400023306,2024-11-15 15:45:00,2024,11,15,15,45,68,68375,D2,47.815312,7.241865,Plein jour,En agglomération,Giratoire,Normale,Deux véhicules - côté,3,1,2,0,1,2,1,0,1,30,2,3,1,0,0,2,77.0,27.0,voiture,deux_roues,1,2,6,1,3
202400023307,2024-03-08 19:20:00,2024,3,8,19,20,92,92050,PESARO BOULEVARD DE,48.89603804,2.2234152,Nuit avec éclairage allumé,En agglomération,Intersection en T,Normale,Deux véhicules - frontale,3,2,4,-1,1,1,1,5,1,-1,2,2,1,0,0,1,59.0,28.0,deux_roues,voiture,5,2,3,1,1
202400023307,2024-03-08 19:20:00,2024,3,8,19,20,92,92050,PESARO BOULEVARD DE,48.89603804,2.2234152,Nuit avec éclairage allumé,En agglomération,Intersection en T,Normale,Deux véhicules - frontale,3,2,1,0,2,1,1,0,1,50,2,2,1,0,0,1,59.0,28.0,deux_roues,voiture,5,2,3,1,1
202400023308,2024-11-17 03:00:00,2024,11,17,3,0,988,98805,Avenue de Tonghoue,-22.208882,166.474484,Nuit sans éclairage public,En agglomération,Giratoire,Pluie légère,Autre collision,4,2,2,0,2,1,2,0,3,50,1,5,2,0,1,2,32.0,,voiture,,3,2,6,2,6
202400023309,2024-03-02 19:55:00,2024,3,2,19,55,92,92044,ARISTIDE BRIAND(RUE)85 +  ET  98+,48.89495,2.2942,Crépuscule ou aube,En agglomération,Hors intersection,Normale,Autre collision,4,1,1,0,1,1,2,0,1,50,1,2,1,0,0,1,61.0,,voiture,,2,2,1,1,6
202400023310,2024-11-16 12:40:00,2024,11,16,12,40,06,06088,"A8, Pk 197.800 chaussée sud",43.728522,7.260042,Plein jour,Hors agglomération,Hors intersection,Normale,Deux véhicules - côté,1,3,6,0,2,2,1,3,1,90,2,2,1,0,1,0,65.0,42.0,deux_roues,utilitaire_camion,1,1,1,1,3
202400023311,2024-03-08 12:25:00,2024,3,8,12,25,92,92035,Verdun 1916 ( avenue de ),48.90581796,2.23598984,Plein jour,En agglomération,Intersection en X,Normale,Deux véhicules - côté,3,2,2,0,1,1,1,0,1,50,2,2,1,0,0,1,41.0,18.0,voiture,deux_roues,1,2,2,1,3
202400023311,2024-03-08 12:25:00,2024,3,8,12,25,92,92035,Verdun 1916 ( avenue de ),48.90581796,2.23598984,Plein jour,En agglomération,Intersection en X,Normale,Deux véhicules - côté,3,3,4,2,1,1,1,0,1,50,2,2,1,0,0,1,41.0,18.0,voiture,deux_roues,1,2,2,1,3
202400023312,2024-03-08 14:50:00,2024,3,8,14,50,95,95529,485 CHAMBLY (RUE DE),49.167718,2.231346,Plein jour,En agglomération,Hors intersection,Normale,Sans collision,4,2,2,0,4,1,1,0,1,50,1,1,0,0,0,1,54.0,,deux_roues,,1,2,1,1,7
202400023313,2024-11-16 14:15:00,2024,11,16,14,15,62,62718,A26,50.312858,2.904051,Plein jour,Hors agglomération,Hors intersection,Normale,Deux véhicules - arrière,1,3,2,0,1,1,1,0,1,130,2,4,0,3,1,0,52.0,42.0,voiture,voiture,1,1,1,1,2
202400023314,2024-03-08 23:35:00,2024,3,8,23,35,68,68005,Route du Vin,48.12860528,7.28196505,Nuit avec éclairage allumé,En agglomération,Hors intersection,Normale,Sans collision,3,2,2,0,1,1,1,0,4,50,1,1,0,0,1,0,51.0,,deux_roues,,5,2,1,1,7
202400023315,2024-11-14 22:45:00,2024,11,14,22,45,987,98712,RT 2 _ PK 7,-17.524337,-149.517873,Nuit avec éclairage allumé,En agglomération,Hors intersection,Normale,Sans collision,2,2,2,0,1,3,1,0,1,50,1,1,0,0,1,0,40.0,,deux_roues,,5,2,1,1,7
202400023316,2024-03-09 03:15:00,2024,3,9,3,15,972,97227,route départementale 7,14.466098,-60.938888,Nuit sans éclairage public,Hors agglomération,Hors intersection,Normale,Sans collision,3,2,2,0,1,2,1,0,8,70,1,1,0,0,1,0,23.0,,deux_roues,,3,1,1,1,7
202400023317,2024-11-15 09:00:00,2024,11,15,9,0,988,98808,Tribu de Nebe,-21.285152,165.644148,Nuit sans éclairage public,Hors agglomération,Intersection en T,Normale,Autre collision,3,2,2,-1,-1,1,1,-1,1,-1,1,2,0,0,2,0,43.0,,utilitaire_camion,,3,1,3,1,6
202400023317,2024-11-15 09:00:00,2024,11,15,9,0,988,98808,Tribu de Nebe,-21.285152,165.644148,Nuit sans éclairage public,Hors agglomération,Intersection en T,Normale,Autre collision,3,2,2,0,1,3,1,0,1,70,1,2,0,0,2,0,43.0,,utilitaire_camion,,3,1,3,1,6
202400023318,2024-11-15 15:10:00,2024,11,15,15,10,972,97228,route départementale 24,14.755322,-61.03336,Plein jour,Hors agglomération,Autre intersection,Normale,Deux véhicules - côté,3,2,2,0,4,1,1,0,1,70,2,2,1,0,1,0,40.0,55.0,deux_roues,voiture,1,1,9,1,3
202400023319,2024-03-08 15:10:00,2024,3,8,15,10,57,57465,D918,49.31583732,6.30220556,Plein jour,Hors agglomération,Hors intersection,Normale,Trois véhicules et plus - en chaîne,3,2,2,0,1,1,1,9,1,80,3,3,2,1,0,0,31.0,48.0,voiture,deux_roues,1,1,1,1,4
202400023320,2024-02-24 17:10:00,2024,2,24,17,10,56,56021,Kerhorno,47.788219,-3.181813,Plein jour,Hors agglomération,Autre intersection,Normale,Deux véhicules - côté,3,2,2,0,2,1,2,0,1,70,2,2,1,0,0,1,61.0,17.0,voiture,deux_roues,1,1,9,1,3
202400023321,2024-03-01 14:15:00,2024,3,1,14,15,2A,2A040,RT20,42.097872,9.104362,Plein jour,Hors agglomération,Hors intersection,Brouillard / fumée,Deux véhicules - frontale,2,2,2,0,2,2,2,0,1,80,2,3,1,0,1,1,22.0,54.0,voiture,utilitaire_camion,1,1,1,5,1
202400023322,2024-03-09 15:30:00,2024,3,9,15,30,65,65395,Route de Lourdes,43.103866,-0.142436,Plein jour,Hors agglomération,Hors intersection,Normale,Deux véhicules - frontale,3,2,2,0,1,1,1,0,1,50,2,2,0,0,1,1,59.0,33.0,voiture,deux_roues,1,1,1,1,1
202400023323,2024-03-09 01:20:00,2024,3,9,1,20,32,32106,Route de Mauvezin,43.723401,0.971091,Nuit sans éclairage public,En agglomération,Hors intersection,Normale,Autre collision,3,2,2,0,2,2,1,0,3,50,1,1,0,0,0,1,24.0,,voiture,,3,2,1,1,6
202400023324,2024-03-08 19:20:00,2024,3,8,19,20,63,63430,Avenue Léo Lagrange,45.844915,3.521574,Nuit avec éclairage allumé,En agglomération,Hors intersection,Normale,Autre collision,3,3,2,0,1,1,1,9,1,50,1,2,1,0,0,1,46.0,,voiture,,5,2,1,1,6
202400023325,2024-03-07 18:25:00,2024,3,7,18,25,61,61007,Intersection D20/D216,48.75004,-0.42392,Plein jour,Hors agglomération,Intersection en X,Normale,Deux véhicules - côté,3,2,2,0,1,1,1,0,1,90,2,2,1,0,1,0,44.0,80.0,voiture,voiture,1,1,2,1,3
202400023325,2024-03-07 18:25:00,2024,3,7,18,25,61,61007,Intersection D20/D216,48.75004,-0.42392,Plein jour,Hors agglomération,Intersection en X,Normale,Deux véhicules - côté,3,2,2,0,1,1,1,0,1,80,2,2,1,0,1,0,44.0,80.0,voiture,voiture,1,1,2,1,3
202400023326,2024-03-09 00:05:00,2024,3,9,0,5,55,55445,CD 618,49.39967577,5.62330024,Nuit sans éclairage public,Hors agglomération,Hors intersection,Normale,Sans collision,3,2,2,0,3,1,1,0,3,90,1,2,0,0,1,1,25.0,,voiture,,3,1,1,1,7
202400023327,2024-03-07 16:35:00,2024,3,7,16,35,49,49218,9 Rue de la Rimonerie (Le Fuilet),47.275702,-1.133877,Plein jour,Hors agglomération,Hors intersection,Temps couvert,Deux véhicules - frontale,4,2,2,0,1,1,1,0,1,50,2,2,1,0,1,0,26.0,65.0,voiture,autre,1,1,1,8,1
202400023328,2024-03-07 20:05:00,2024,3,7,20,5,39,39462,,47.117891,5.541615,Nuit sans éclairage public,Hors agglomération,Hors intersection,Normale,Deux véhicules - arrière,3,2,2,0,2,1,1,0,1,90,2,2,1,0,1,0,58.0,34.0,deux_roues,voiture,3,1,1,1,2
202400023329,2024-03-08 16:00:00,2024,3,8,16,0,25,25261,D137,47.301848,6.686305,Plein jour,Hors agglomération,Hors intersection,Normale,Sans collision,4,2,2,0,2,1,1,0,3,90,1,1,0,0,1,0,52.0,,utilitaire_camion,,1,1,1,1,7
202400023330,2024-03-09 06:45:00,2024,3,9,6,45,25,25193,D201 pk 7,47.218286,6.859932,Crépuscule ou aube,Hors agglomération,Hors intersection,Normale,Autre collision,3,2,2,0,1,2,9,0,3,90,1,1,0,0,0,1,20.0,,voiture,,2,1,1,1,6
202400023331,2024-03-09 06:00:00,2024,3,9,6,0,25,25147,D673,47.206676,5.897142,Nuit sans éclairage public,Hors agglomération,Hors intersection,Normale,Deux véhicules - frontale,3,3,2,0,3,1,1,0,1,110,2,2,1,0,0,1,39.0,23.0,voiture,deux_roues,3,1,1,1,1
202400023332,2024-03-04 05:45:00,2024,3,4,5,45,02,02410,,49.24930624,3.04962914,Crépuscule ou aube,Hors agglomération,Hors intersection,Normale,Autre collision,2,3,0,0,1,1,1,0,1,80,1,2,1,1,0,0,,,utilitaire_camion,,2,1,1,1,6
202400023333,2024-03-08 14:15:00,2024,3,8,14,15,01,01412,,46.165707,4.963178,Plein jour,Hors agglomération,Intersection en X,Temps couvert,Deux véhicules - côté,3,2,2,0,2,1,1,5,1,-1,2,3,2,0,0,1,47.0,30.0,voiture,voiture,1,1,2,8,3
202400023333,2024-03-08 14:15:00,2024,3,8,14,15,01,01412,,46.165707,4.963178,Plein jour,Hors agglomération,Intersection en X,Temps couvert,Deux véhicules - côté,3,2,2,0,2,1,1,5,1,-1,2,3,2,0,0,1,47.0,30.0,voiture,voiture,1,1,2,8,3
202400023334,2024-03-08 22:40:00,2024,3,8,22,40,45,45282,5001 Rue de Quincailles,47.855974,1.847693,Nuit avec éclairage non allumé,En agglomération,Hors intersection,Normale,Autre collision,4,2,2,0,1,1,2,0,3,50,1,1,0,1,0,0,20.0,,voiture,,4,2,1,1,6
202400023335,2024-03-06 08:45:00,2024,3,6,8,45,36,36031,,46.85311782,1.40163903,Plein jour,Hors agglomération,Hors intersection,Pluie légère,Sans collision,3,2,2,0,1,1,2,0,3,80,1,2,0,0,2,0,21.0,,voiture,,1,1,1,2,7
202400023336,2024-03-08 18:50:00,2024,3,8,18,50,16,16353,RD 06,45.688255,0.441599,Crépuscule ou aube,Hors agglomération,Hors intersection,Pluie légère,Sans collision,3,2,2,0,1,1,2,0,3,90,1,1,0,0,1,0,21.0,,voiture,,2,1,1,2,7
202400023337,2024-03-08 20:00:00,2024,3,8,20,0,17,17105,D132e3,45.969855,-0.123017,Nuit sans éclairage public,Hors agglomération,Hors intersection,Pluie légère,Deux véhicules - frontale,3,2,2,0,2,1,2,0,1,80,2,4,1,0,3,0,37.0,19.0,voiture,voiture,3,1,1,2,1
202400023338,2024-03-08 09:35:00,2024,3,8,9,35,17,17434,D939,46.108068,-0.777336,Plein jour,Hors agglomération,Hors intersection,Pluie légère,Deux véhicules - arrière,3,2,2,0,1,1,2,0,1,80,2,3,0,0,1,2,38.0,26.0,voiture,deux_roues,1,1,1,2,2
202400023339,2024-03-07 11:40:00,2024,3,7,11,40,68,68252,D83,48.147692,7.369037,Plein jour,Hors agglomération,Hors intersection,Normale,Deux véhicules - arrière,3,3,2,0,1,2,1,0,1,-1,2,2,1,0,0,1,35.0,33.0,voiture,voiture,1,1,1,1,2
202400023340,2024-03-08 16:40:00,2024,3,8,16,40,77,77164,Autoroute A5 Pk 027.600 vers Troyes,48.442213,2.907107,Plein jour,Hors agglomération,Hors intersection,Normale,Autre collision,1,1,3,0,1,1,1,0,1,130,2,4,2,0,2,0,35.0,54.0,voiture,utilitaire_camion,1,1,1,1,6
202400023341,2024-03-08 08:00:00,2024,3,8,8,0,976,97617,Montée du gite mont Combani D3,-12.788387,45.156341,Plein jour,Hors agglomération,Hors intersection,Normale,Deux véhicules - côté,3,2,2,0,2,1,1,0,1,70,2,3,2,0,1,0,25.0,24.0,deux_roues,utilitaire_camion,1,1,1,1,3
202400023342,2024-03-08 16:15:00,2024,3,8,16,15,62,62718,A1,50.30055671,2.88798155,Plein jour,Hors agglomération,Hors intersection,Normale,Autre collision,1,3,3,0,1,1,1,0,1,130,1,1,0,0,1,0,52.0,,voiture,,1,1,1,1,6
202400023343,2024-03-08 19:30:00,2024,3,8,19,30,973,97311,Village Sparouine,5.263102,-54.248428,Nuit sans éclairage public,Hors agglomération,Hors intersection,Normale,Deux véhicules - arrière,4,2,2,0,1,1,1,0,1,80,2,2,1,1,0,0,28.0,49.0,voiture,deux_roues,3,1,1,1,2
202400023344,2024-03-07 19:30:00,2024,3,7,19,30,971,97117,Chateau Gaillard,16.307325,-61.399954,Nuit avec éclairage allumé,Hors agglomération,Hors intersection,Normale,Deux véhicules - frontale,3,2,1,0,1,3,1,0,1,80,2,2,1,0,0,1,25.0,29.0,voiture,voiture,5,1,1,1,1
202400023345,2024-03-09 16:15:00,2024,3,9,16,15,978,97801,rue de hollande N7 BELLEVUE,18.054713,-63.085749,Plein jour,Hors agglomération,Hors intersection,Normale,Deux véhicules - côté,2,2,2,0,1,1,1,0,1,70,2,3,2,0,1,0,46.0,64.0,deux_roues,voiture,1,1,1,1,3
202400023346,2024-03-08 22:00:00,2024,3,8,22,0,95,95241,D47,49.04034619,2.446111,Nuit sans éclairage public,Hors agglomération,Hors intersection,Normale,Deux véhicules - côté,3,2,2,0,1,2,1,0,1,80,2,2,1,0,0,1,37.0,57.0,voiture,utilitaire_camion,3,1,1,1,3
202400023347,2024-03-09 16:29:00,2024,3,9,16,29,83,83066,D23,43.65654542,5.84700511,Plein jour,Hors agglomération,Hors intersection,Pluie forte,Autre collision,3,2,2,0,1,1,2,0,1,80,1,1,0,0,0,1,33.0,,voiture,,1,1,1,3,6
202400023348,2024-03-08 18:40:00,2024,3,8,18,40,52,52269,Place des Etats-Unis,47.85811182,5.33236085,Nuit avec éclairage allumé,En agglomération,Giratoire,Normale,Autre collision,2,1,2,0,2,2,1,5,1,50,1,2,1,1,0,0,61.0,,voiture,,5,2,6,1,6
202400023349,2024-03-08 20:20:00,2024,3,8,20,20,38,38064,48 Route de Chambéry,45.566989,5.38123,Nuit sans éclairage public,Hors agglomération,Hors intersection,Pluie légère,Autre collision,3,2,2,0,1,1,2,0,1,90,1,2,1,1,0,0,26.0,,voiture,,3,1,1,2,6
202400023350,2024-03-08 13:10:00,2024,3,8,13,10,01,01249,Place de la Republique,45.826642,4.956695,Plein jour,En agglomération,Hors intersection,Normale,Deux véhicules - arrière,6,-1, -1,0,1,2,1,0,1,50,2,2,1,0,0,1,61.0,12.0,deux_roues,deux_roues,1,2,1,1,2
202400023351,2024-03-06 17:15:00,2024,3,6,17,15,69,69148,774 Route de Mornant,45.6606437,4.69359943,Plein jour,Hors agglomération,Hors intersection,Normale,Deux véhicules - frontale,3,2,2,0,1,3,1,0,5,80,2,2,0,0,0,2,47.0,77.0,voiture,voiture,1,1,1,1,1
202400023352,2024-03-08 18:45:00,2024,3,8,18,45,76,76503,D104,49.540075,1.00909,Crépuscule ou aube,Hors agglomération,Intersection en X,Normale,Deux véhicules - côté,3,2, -1,-1,1,1,1,0,1,-1,2,2,1,0,1,0,23.0,25.0,voiture,deux_roues,2,1,2,1,3
202400023352,2024-03-08 18:45:00,2024,3,8,18,45,76,76503,D104,49.540075,1.00909,Crépuscule ou aube,Hors agglomération,Intersection en X,Normale,Deux véhicules - côté,3,2,2,0,2,1,1,0,1,80,2,2,1,0,1,0,23.0,25.0,voiture,deux_roues,2,1,2,1,3
202400023353,2024-03-09 19:45:00,2024,3,9,19,45,60,60446,ROUTE NATIONALE 2,49.147889,2.819409,Nuit sans éclairage public,Hors agglomération,Hors intersection,Pluie légère,Deux véhicules - frontale,2,3,0,0,1,3,2,0,1,110,2,5,1,0,0,4,,38.0,voiture,voiture,3,1,1,2,1
202400023354,2024-03-08 16:45:00,2024,3,8,16,45,59,59400,61 rue des Capucins,50.643297,2.643695,Plein jour,En agglomération,Hors intersection,Normale,Deux véhicules - côté,3,2,2,0,1,1,1,0,1,50,2,2,1,0,0,1,23.0,43.0,deux_roues,voiture,1,2,1,1,3
202400023355,2024-12-20 08:20:00,2024,12,20,8,20,27,27681,ARDECHE (AVENUE DE L'),49.08393,1.47811,Plein jour,En agglomération,Hors intersection,Normale,Deux véhicules - frontale,4,2,3,0,1,1,1,0,8,30,2,2,1,0,0,1,47.0,13.0,utilitaire_camion,deux_roues,1,2,1,1,1
202400023356,2024-03-07 18:25:00,2024,3,7,18,25,13,13005,A50-Sens Aubagne vers Marseille,43.28664642,5.53629823,Nuit avec éclairage allumé,Hors agglomération,Hors intersection,Normale,Deux véhicules - arrière,1,1,2,0,1,1,1,0,1,90,2,2,1,0,1,0,24.0,49.0,utilitaire_camion,voiture,5,1,1,1,2
202400023357,2024-12-19 14:10:00,2024,12,19,14,10,27,27229,BRIAND (AVENUE ARISTIDE),49.0174,1.124,Plein jour,En agglomération,Hors intersection,Pluie légère,Deux véhicules - côté,3,-1,2,0,1,1,2,0,1,50,2,2,1,0,0,1,31.0,23.0,voiture,voiture,1,2,1,2,3
202400023358,2024-03-07 16:15:00,2024,3,7,16,15,13,13071,A7-Sens Lyon vers Marseille,43.40439894,5.31594824,Plein jour,Hors agglomération,Hors intersection,Normale,Deux véhicules - arrière,1,1,3,0,1,1,1,0,1,90,3,4,2,0,0,2,39.0,55.0,voiture,voiture,1,1,1,1,2
202400023359,2024-03-08 21:23:00,2024,3,8,21,23,33,33003,,44.92605,-0.4718,Nuit sans éclairage public,Hors agglomération,Hors intersection,Normale,Autre collision,1,3,6,0,1,1,2,3,1,130,1,1,0,0,0,1,42.0,,utilitaire_camion,,3,1,1,1,6
202400023360,2024-03-08 19:25:00,2024,3,8,19,25,33,33013,,44.86871,-0.49941,Crépuscule ou aube,Hors agglomération,Hors intersection,Pluie légère,Trois véhicules et plus - en chaîne,2,3,4,0,1,1,2,0,1,90,3,5,3,0,0,2,26.0,23.0,voiture,voiture,2,1,1,2,4
202400023361,2024-12-20 03:50:00,2024,12,20,3,50,22,22113,KERAMPICHON (ZONE ARTISANALE),48.72422,-3.43101,Nuit avec éclairage non allumé,Hors agglomération,Hors intersection,Pluie légère,Autre collision,3,1,1,0,1,1,2,0,3,70,1,3,2,0,0,1,,,voiture,,4,1,1,2,6
202400023362,2024-03-08 08:41:00,2024,3,8,8,41,33,33550,,44.78442,-0.59073,Plein jour,Hors agglomération,Hors intersection,Pluie légère,Trois véhicules et plus - collisions multiples,1,3,6,0,1,1,2,3,1,90,3,4,3,0,0,1,,32.0,voiture,deux_roues,1,1,1,2,5
202400023363,2024-12-20 17:40:00,2024,12,20,17,40,16,16015,BASSEAU (RUE DE N° PAIRS),45.65109,0.11654,Plein jour,En agglomération,Hors intersection,Normale,Autre collision,3,2,2,0,1,1,1,0,1,30,1,2,1,0,1,0,29.0,,voiture,,1,2,1,1,6
202400023364,2024-03-07 19:25:00,2024,3,7,19,25,33,33075,,44.888592,-0.591675,Nuit sans éclairage public,Hors agglomération,Hors intersection,Normale,Deux véhicules - arrière,1,3,6,0,1,1,1,3,1,90,2,2,0,0,1,1,18.0,57.0,deux_roues,voiture,3,1,1,1,2
202400023365,2024-12-20 23:15:00,2024,12,20,23,15,13,13039,JAURES JEAN (Avenue),43.43309,4.94782,Nuit avec éclairage allumé,En agglomération,Hors intersection,Normale,Deux véhicules - côté,4,2,1,0,1,1,1,0,1,50,2,2,1,0,0,1,24.0,24.0,voiture,voiture,5,2,1,1,3
202400023366,2024-03-08 21:40:00,2024,3,8,21,40,91,91553,RN 104,48.63023,2.48495,Nuit sans éclairage public,Hors agglomération,Hors intersection,Normale,Deux véhicules - arrière,2,3,3,0,2,1,1,0,1,90,2,2,1,0,0,1,33.0,22.0,utilitaire_camion,voiture,3,1,1,1,2
202400023367,2024-12-20 20:25:00,2024,12,20,20,25,13,13209,MORGIOU (chemin de ),43.23721,5.40915,Nuit avec éclairage allumé,En agglomération,Hors intersection,Normale,Autre collision,4,2,2,0,3,1,1,0,1,50,1,1,0,1,0,0,47.0,,deux_roues,,5,2,1,1,6
202400023368,2024-03-08 20:15:00,2024,3,8,20,15,94,94043,A6B,48.80839441,2.34798035,Nuit sans éclairage public,Hors agglomération,Hors intersection,Normale,Deux véhicules - arrière,1,1,2,0,1,1,1,1,1,70,2,2,1,0,0,1,38.0,21.0,voiture,deux_roues,3,1,1,1,2
202400023369,2024-03-08 06:30:00,2024,3,8,6,30,91,91339,RN 104,48.62911,2.25529,Nuit sans éclairage public,Hors agglomération,Hors intersection,Normale,Autre collision,2,2,2,0,1,1,1,0,1,110,1,1,0,0,0,1,22.0,,voiture,,3,1,1,1,6
202400023370,2024-12-20 15:15:00,2024,12,20,15,15,13,13203,REVOLUTION (BOULEVARD),43.31398,5.38485,Plein jour,En agglomération,Intersection en T,Normale,Deux véhicules - côté,4,1,1,0,1,1,1,0,1,50,2,6,2,0,0,4,29.0,,transport_commun,voiture,1,2,3,1,3
202400023370,2024-12-20 15:15:00,2024,12,20,15,15,13,13203,REVOLUTION (BOULEVARD),43.31398,5.38485,Plein jour,En agglomération,Intersection en T,Normale,Deux véhicules - côté,4,1,1,0,1,1,1,0,3,50,2,6,2,0,0,4,29.0,,transport_commun,voiture,1,2,3,1,3
202400023371,2024-03-08 00:55:00,2024,3,8,0,55,92,92060,RN 385 INT,48.77432972,2.24097374,Nuit sans éclairage public,Hors agglomération,Hors intersection,Normale,Autre collision,2,3,3,0,1,1,1,0,1,110,1,1,0,0,1,0,33.0,,voiture,,3,1,1,1,6
202400023372,2024-12-20 11:30:00,2024,12,20,11,30,13,13209,MARÉCHAL DE LATTRE (AVENUE),43.2468,5.40775,Plein jour,En agglomération,Hors intersection,Vent fort / tempête,Autre collision,7,2,1,0,1,1,1,0,1,50,1,2,1,0,0,1,52.0,,voiture,,1,2,1,6,6
202400023373,2024-03-08 18:30:00,2024,3,8,18,30,92,92036,A86,48.93897886,2.30243999,Crépuscule ou aube,Hors agglomération,Hors intersection,Normale,Trois véhicules et plus - collisions multiples,1,1,2,0,1,1,1,0,1,90,3,4,2,0,0,2,30.0,45.0,deux_roues,voiture,2,1,1,1,5
202400023374,2024-03-08 08:35:00,2024,3,8,8,35,92,92025,A86,48.93248487,2.24849163,Plein jour,Hors agglomération,Hors intersection,Normale,Deux véhicules - arrière,1,-1,2,0,1,1,1,0,1,90,2,2,1,0,0,1,26.0,37.0,utilitaire_camion,deux_roues,1,1,1,1,2
202400023375,2024-12-20 07:05:00,2024,12,20,7,5,13,13201,NATIONAL   1 A 51 (BOULEVARD),43.3056,5.38,Nuit avec éclairage allumé,En agglomération,Intersection en X,Vent fort / tempête,Deux véhicules - côté,4,2,2,0,2,1,1,0,1,50,2,2,1,0,1,0,31.0,,deux_roues,deux_roues,5,2,2,6,3
202400023375,2024-12-20 07:05:00,2024,12,20,7,5,13,13201,NATIONAL   1 A 51 (BOULEVARD),43.3056,5.38,Nuit avec éclairage allumé,En agglomération,Intersection en X,Vent fort / tempête,Deux véhicules - côté,4,2,2,0,2,1,1,1,1,50,2,2,1,0,1,0,31.0,,deux_roues,deux_roues,5,2,2,6,3
202400023376,2024-03-07 22:45:00,2024,3,7,22,45,91,91064,N118,48.74423255,2.19101876,Nuit sans éclairage public,Hors agglomération,Hors intersection,Normale,Deux véhicules - arrière,2,1,2,3,1,1,1,0,1,90,2,3,2,0,0,1,42.0,60.0,deux_roues,voiture,3,1,1,1,2
202400023377,2024-12-19 23:40:00,2024,12,19,23,40,13,13204,MARÉCHAL JUIN (BOULEVARD),43.31186,5.40391,Nuit avec éclairage allumé,En agglomération,Hors intersection,Vent fort / tempête,Deux véhicules - côté,4,2,6,0,1,1,1,0,1,50,2,2,1,0,0,1,28.0,,voiture,voiture,5,2,1,6,3
202400023378,2024-03-07 10:08:00,2024,3,7,10,8,78,78646,RN12,48.790586,2.070937,Plein jour,Hors agglomération,Hors intersection,Normale,Deux véhicules - arrière,2,-1,3,0,1,1,1,0,1,90,2,3,2,0,0,1,68.0,51.0,voiture,voiture,1,1,1,1,2
202400023379,2024-12-19 16:30:00,2024,12,19,16,30,10,10387,VICTOR HUGO (RUE),48.29373,4.069,Crépuscule ou aube,En agglomération,Hors intersection,Pluie légère,Deux véhicules - côté,6,-1,0,0,1,1,2,0,1,30,2,2,1,0,0,1,75.0,58.0,voiture,deux_roues,2,2,1,2,3
202400023380,2024-03-07 07:53:00,2024,3,7,7,53,92,92050,A86,48.8943769,2.19077487,Crépuscule ou aube,Hors agglomération,Hors intersection,Normale,Deux véhicules - arrière,1,1,2,0,1,1,1,1,1,70,2,2,0,0,0,2,32.0,25.0,voiture,voiture,2,1,1,1,2
202400023381,2024-12-19 07:29:00,2024,12,19,7,29,10,10081,Rue Jean Mermoz,48.31475,4.04311,Nuit avec éclairage allumé,En agglomération,Intersection en T,Pluie légère,Deux véhicules - côté,4,2,2,0,1,1,2,0,1,50,2,2,0,0,0,2,74.0,18.0,voiture,voiture,5,2,3,2,3
202400023381,2024-12-19 07:29:00,2024,12,19,7,29,10,10081,Rue Jean Mermoz,48.31475,4.04311,Nuit avec éclairage allumé,En agglomération,Intersection en T,Pluie légère,Deux véhicules - côté,4,2,2,0,1,1,2,0,1,50,2,2,0,0,0,2,74.0,18.0,voiture,voiture,5,2,3,2,3
202400023382,2024-03-08 09:05:00,2024,3,8,9,5,93,93008,AUTOROUTE A86,48.91273457,2.43680722,Plein jour,Hors agglomération,Hors intersection,Normale,Deux véhicules - arrière,1,3,6,0,1,1,1,1,1,90,2,2,1,0,1,0,54.0,29.0,voiture,deux_roues,1,1,1,1,2
202400023383,2024-03-08 19:10:00,2024,3,8,19,10,77,77018,A4,48.835812,2.808195,Nuit sans éclairage public,Hors agglomération,Hors intersection,Normale,Deux véhicules - arrière,1,3,3,0,1,1,1,0,1,130,2,2,0,0,0,2,44.0,46.0,voiture,voiture,3,1,1,1,2
202400023384,2024-12-20 12:47:00,2024,12,20,12,47,06,06029,36 Boulevard de Lorraine,43.5527717,7.0280946,Plein jour,En agglomération,Autre intersection,Normale,Autre collision,4,1,1,0,1,1,1,0,1,30,1,2,1,0,1,0,24.0,,deux_roues,,1,2,9,1,6