accident_id,datetime,annee,mois,jour,heure,minute,departement,commune_insee,adresse,latitude,longitude,luminosite,agglomeration,intersection,meteo,collision,catr,circ,nbv,vosp,prof,plan,surf,infra,situ,vma,nb_vehicules,nb_usagers,nb_indemnes,nb_tues,nb_blesses_hosp,nb_blesses_legers,age_cond_1,age_cond_2,veh_type_cond_1,veh_type_cond_2,lum_code,agg_code,int_code,atm_code,col_code
202400023529,2024-04-14 06:55:00,2024,4,14,6,55,973,97302,SOURCE DE BADUEL (CHEMIN DE LA),4.92635819,-52.30533689,Crépuscule ou aube,En agglomération,Hors intersection,Pluie légère,Autre collision,4,2,2,0,1,4,2,0,3,50,1,1,0,0,0,1,33.0,,voiture,,2,2,1,2,6
202400023530,2024-12-19 07:14:00,2024,12,19,7,14,13,13005,A50-Sens Aubagne vers Marseille,43.289,5.549,Crépuscule ou aube,Hors agglomération,Hors intersection,Normale,Deux véhicules - arrière,1,1,3,0,1,1,1,0,1,90,2,2,1,0,0,1,47.0,24.0,voiture,voiture,2,1,1,1,2
202400023531,2024-04-14 20:30:00,2024,4,14,20,30,69,69383,Cours Gambetta,45.75513325,4.8434773,Nuit avec éclairage allumé,En agglomération,Hors intersection,Normale,Deux véhicules - côté,4,1,2,2,1,1,1,0,5,50,2,2,1,0,0,1,44.0,25.0,deux_roues,voiture,5,2,1,1,3
202400023532,2024-12-15 04:05:00,2024,12,15,4,5,13,13213,A507 sens Marseille - Aubagne,43.33007406,5.41001584,Nuit avec éclairage allumé,Hors agglomération,Hors intersection,Normale,Deux véhicules - arrière,1,1,3,0,1,1,1,1,1,70,2,5,2,0,0,3,22.0,51.0,voiture,voiture,5,1,1,1,2
202400023533,2024-04-14 17:00:00,2024,4,14,17,0,69,69386,Place René Deroudille,45.76601,4.85577,Plein jour,En agglomération,Giratoire,Temps éblouissant,Deux véhicules - côté,4,1,2,2,1,2,1,0,1,30,2,2,1,0,0,1,53.0,27.0,voiture,deux_roues,1,2,6,7,3
202400023533,2024-04-14 17:00:00,2024,4,14,17,0,69,69386,Place René Deroudille,45.76601,4.85577,Plein jour,En agglomération,Giratoire,Temps éblouissant,Deux véhicules - côté,4,1,1,2,1,1,1,0,1,30,2,2,1,0,0,1,53.0,27.0,voiture,deux_roues,1,2,6,7,3
202400023534,2024-12-20 02:20:00,2024,12,20,2,20,69,69266,Route Départementale 383,45.77799073,4.89620755,Nuit sans éclairage public,Hors agglomération,Hors intersection,Normale,Deux véhicules - arrière,7,3,6,0,1,1,1,0,1,70,2,2,1,0,0,1,50.0,20.0,voiture,voiture,3,1,1,1,2
202400023535,2024-04-14 05:00:00,2024,4,14,5,0,972,97209,MARNE (BOULEVARD DE LA),14.60498,-61.08681,Plein jour,En agglomération,Hors intersection,Normale,Sans collision,4,1,2,0,1,1,1,0,1,50,1,1,0,0,0,1,20.0,,voiture,,1,2,1,1,7
202400023536,2024-12-19 23:00:00,2024,12,19,23,0,69,69081,Route de Métropole 6 ,45.77226,4.78837,Nuit sans éclairage public,En agglomération,Hors intersection,Pluie forte,Deux véhicules - arrière,7,3,4,0,1,1,2,0,1,70,2,3,2,0,0,1,37.0,,voiture,voiture,3,2,1,3,2
202400023537,2024-04-14 21:30:00,2024,4,14,21,30,69,69389,Quai Arloing,45.77141,4.81153,Nuit avec éclairage allumé,En agglomération,Hors intersection,Normale,Deux véhicules - frontale,4,2,2,3,1,1,1,0,1,30,2,2,1,0,0,1,30.0,27.0,deux_roues,deux_roues,5,2,1,1,1
202400023538,2024-12-20 16:50:00,2024,12,20,16,50,33,33122,,44.752687,-0.691387,Plein jour,Hors agglomération,Hors intersection,Normale,Trois véhicules et plus - en chaîne,1,3,4,0,1,1,1,0,1,110,3,4,2,0,0,2,42.0,42.0,voiture,utilitaire_camion,1,1,1,1,4
202400023539,2024-04-12 09:20:00,2024,4,12,9,20,69,69385,Avenue du Point du Jour,45.75624,4.80292,Plein jour,En agglomération,Intersection en T,Normale,Deux véhicules - côté,4,2,2,0,1,1,1,0,1,30,2,2,0,0,0,2,60.0,19.0,voiture,deux_roues,1,2,3,1,3
202400023539,2024-04-12 09:20:00,2024,4,12,9,20,69,69385,Avenue du Point du Jour,45.75624,4.80292,Plein jour,En agglomération,Intersection en T,Normale,Deux véhicules - côté,4,2,2,2,1,1,1,0,1,30,2,2,0,0,0,2,60.0,19.0,voiture,deux_roues,1,2,3,1,3
202400023540,2024-12-20 08:15:00,2024,12,20,8,15,92,92019,RN 385,48.76000055,2.27578476,Crépuscule ou aube,Hors agglomération,Hors intersection,Normale,Deux véhicules - arrière,2,3,2,0,1,1,1,0,1,90,2,2,1,0,0,1,52.0,35.0,voiture,deux_roues,2,1,1,1,2
202400023541,2024-04-14 15:30:00,2024,4,14,15,30,2B,2B120,11 - RT,42.65282,9.44096,Plein jour,En agglomération,Autre intersection,Normale,Deux véhicules - arrière,2,2,2,0,2,1,1,1,1,50,2,3,2,0,0,1,30.0,45.0,voiture,utilitaire_camion,1,2,9,1,2
202400023542,2024-12-20 08:50:00,2024,12,20,8,50,78,78431,A13,48.94235,1.95201,Plein jour,Hors agglomération,Hors intersection,Normale,Trois véhicules et plus - en chaîne,1,1,3,0,1,1,1,0,1,130,4,5,3,0,0,2,57.0,34.0,voiture,voiture,1,1,1,1,4
202400023543,2024-12-20 08:50:00,2024,12,20,8,50,78,78431,A13,48.94238,1.952,Plein jour,Hors agglomération,Hors intersection,Normale,Autre collision,1,1,3,0,1,1,1,0,3,130,1,1,0,0,0,1,40.0,,voiture,,1,1,1,1,6
202400023544,2024-04-13 16:25:00,2024,4,13,16,25,2A,2A004,Chemin de St Antoine,41.9298,8.69461,Plein jour,Hors agglomération,Intersection en Y,Normale,Deux véhicules - frontale,3,2,2,0,1,3,1,0,1,50,2,2,1,0,1,0,29.0,27.0,voiture,deux_roues,1,1,4,1,1
202400023544,2024-04-13 16:25:00,2024,4,13,16,25,2A,2A004,Chemin de St Antoine,41.9298,8.69461,Plein jour,Hors agglomération,Intersection en Y,Normale,Deux véhicules - frontale,3,2,2,0,2,1,1,0,6,50,2,2,1,0,1,0,29.0,27.0,voiture,deux_roues,1,1,4,1,1
202400023545,2024-12-20 04:30:00,2024,12,20,4,30,92,92036,A86,48.93440186,2.28032461,Nuit sans éclairage public,Hors agglomération,Hors intersection,Normale,Autre collision,1,-1,2,0,1,1,1,0,1,90,1,1,0,0,0,1,22.0,,voiture,,3,1,1,1,6
202400023546,2024-04-14 16:15:00,2024,4,14,16,15,95,95680,D10,49.00674067,2.4010741,Plein jour,En agglomération,Hors intersection,Normale,Autre collision,3,2,1,0,1,1,1,0,1,50,1,2,1,0,1,0,22.0,,voiture,,1,2,1,1,6
202400023547,2024-12-19 18:13:00,2024,12,19,18,13,92,92036,RN315 Y,48.92131769,2.30620543,Nuit sans éclairage public,Hors agglomération,Hors intersection,Normale,Deux véhicules - côté,2,1,1,0,1,1,2,0,1,70,2,2,1,0,0,1,47.0,70.0,voiture,deux_roues,3,1,1,1,3
202400023548,2024-04-14 08:45:00,2024,4,14,8,45,95,95074,D922,49.02285377,1.99979088,Plein jour,En agglomération,Hors intersection,Normale,Deux véhicules - arrière,3,3,2,0,2,1,1,0,1,50,2,6,0,0,0,6,54.0,27.0,voiture,voiture,1,2,1,1,2
202400023549,2024-12-19 16:40:00,2024,12,19,16,40,78,78402,A13,48.964902,1.801438,Crépuscule ou aube,Hors agglomération,Hors intersection,Temps couvert,Deux véhicules - arrière,1,1,3,0,1,1,2,0,1,130,2,2,1,0,0,1,33.0,26.0,voiture,utilitaire_camion,2,1,1,8,2
202400023550,2024-09-05 14:00:00,2024,9,5,14,0,93,93006,Rue Girardot,48.87452957,2.42585086,Plein jour,En agglomération,Hors intersection,Pluie légère,Deux véhicules - côté,3,2,2,1,2,1,2,0,5,30,2,2,1,0,0,1,36.0,55.0,deux_roues,utilitaire_camion,1,2,1,2,3
202400023551,2024-04-14 17:45:00,2024,4,14,17,45,91,91645,CARNOT (AVENUE),48.7423,2.2685,Plein jour,En agglomération,Giratoire,Normale,Deux véhicules - arrière,4,2,2,0,2,1,1,0,1,50,2,2,1,0,0,1,63.0,25.0,voiture,deux_roues,1,2,6,1,2
202400023551,2024-04-14 17:45:00,2024,4,14,17,45,91,91645,CARNOT (AVENUE),48.7423,2.2685,Plein jour,En agglomération,Giratoire,Normale,Deux véhicules - arrière,4,1,2,0,2,1,1,0,1,50,2,2,1,0,0,1,63.0,25.0,voiture,deux_roues,1,2,6,1,2
202400023552,2024-12-19 09:15:00,2024,12,19,9,15,78,78238,A13,48.969816,1.867271,Crépuscule ou aube,Hors agglomération,Hors intersection,Pluie légère,Deux véhicules - arrière,1,1,3,0,1,1,2,0,1,130,2,2,0,0,0,2,33.0,29.0,voiture,voiture,2,1,1,2,2
202400023553,2024-04-14 15:27:00,2024,4,14,15,27,85,85194,RD 949,46.5078,-1.70346,Plein jour,Hors agglomération,Hors intersection,Normale,Sans collision,3,3,4,0,1,1,1,0,1,110,1,2,1,0,0,1,47.0,,deux_roues,,1,1,1,1,7
202400023554,2024-09-05 11:10:00,2024,9,5,11,10,93,93029,Rue Faidherbes / Rue Danton,48.92208803,2.43328571,Plein jour,En agglomération,Intersection en X,Pluie légère,Deux véhicules - arrière,4,1,1,0,1,1,2,0,1,-1,2,4,3,0,0,1,19.0,35.0,voiture,voiture,1,2,2,2,2
202400023554,2024-09-05 11:10:00,2024,9,5,11,10,93,93029,Rue Faidherbes / Rue Danton,48.92208803,2.43328571,Plein jour,En agglomération,Intersection en X,Pluie légère,Deux véhicules - arrière,4,2,2,0,1,1,2,0,1,50,2,4,3,0,0,1,19.0,35.0,voiture,voiture,1,2,2,2,2
202400023555,2024-12-19 09:15:00,2024,12,19,9,15,78,78238,A13,48.969,1.86329,Plein jour,Hors agglomération,Hors intersection,Pluie légère,Trois véhicules et plus - en chaîne,1,1,3,0,1,1,2,0,1,130,3,4,1,0,0,3,39.0,29.0,utilitaire_camion,utilitaire_camion,1,1,1,2,4
202400023556,2024-04-14 16:50:00,2024,4,14,16,50,84,84007,FONTCOUVERTE(Avenue de),43.93819,4.8419,Plein jour,En agglomération,Giratoire,Normale,Deux véhicules - côté,4,2,2,0,1,1,1,5,1,50,2,3,2,0,1,0,34.0,74.0,voiture,voiture,1,2,6,1,3
202400023556,2024-04-14 16:50:00,2024,4,14,16,50,84,84007,FONTCOUVERTE(Avenue de),43.93819,4.8419,Plein jour,En agglomération,Giratoire,Normale,Deux véhicules - côté,4,3,4,3,1,1,1,5,1,50,2,3,2,0,1,0,34.0,74.0,voiture,voiture,1,2,6,1,3
202400023557,2024-11-19 02:25:00,2024,11,19,2,25,92,92062,RN1013,48.88784918,2.25036747,Nuit avec éclairage allumé,Hors agglomération,Hors intersection,Normale,Autre collision,2,1,2,0,1,1,1,1,1,70,1,1,0,0,0,1,23.0,,deux_roues,,5,1,1,1,6
202400023558,2024-04-14 09:35:00,2024,4,14,9,35,83,83137,RESISTANCE (AVE / IMP DE LA),43.11023,5.96943,Plein jour,En agglomération,Intersection en T,Normale,Deux véhicules - côté,3,3,1,2,2,1,1,5,1,50,2,2,1,0,0,1,34.0,28.0,deux_roues,voiture,1,2,3,1,3
202400023558,2024-04-14 09:35:00,2024,4,14,9,35,83,83137,RESISTANCE (AVE / IMP DE LA),43.11023,5.96943,Plein jour,En agglomération,Intersection en T,Normale,Deux véhicules - côté,3,3,1,2,2,1,1,5,1,50,2,2,1,0,0,1,34.0,28.0,deux_roues,voiture,1,2,3,1,3
202400023559,2024-11-18 21:30:00,2024,11,18,21,30,92,92072,N118,48.82128224,2.21946107,Nuit sans éclairage public,Hors agglomération,Hors intersection,Pluie légère,Autre collision,2,-1,3,0,2,3,2,0,1,70,1,1,0,0,0,1,19.0,,voiture,,3,1,1,2,6
202400023560,2024-09-05 18:30:00,2024,9,5,18,30,93,93008,VAILLANT COUTURIER (AVENUE PAUL),48.90979,2.44729,Plein jour,En agglomération,Hors intersection,Pluie légère,Deux véhicules - côté,3,3,2,0,1,1,2,0,1,50,1,3,1,0,0,2,59.0,,voiture,,1,2,1,2,3
202400023561,2024-04-14 14:50:00,2024,4,14,14,50,79,79191,,46.34366,-0.51066,Plein jour,Hors agglomération,Hors intersection,Normale,Deux véhicules - frontale,4,2,2,0,1,1,1,0,1,80,2,2,0,0,2,0,59.0,51.0,voiture,voiture,1,1,1,1,1
202400023562,2024-11-18 19:25:00,2024,11,18,19,25,92,92064,A13,48.83972687,2.20066775,Nuit sans éclairage public,Hors agglomération,Hors intersection,Pluie forte,Deux véhicules - arrière,1,-1,3,0,1,1,2,0,1,90,2,2,1,0,0,1,53.0,30.0,deux_roues,voiture,3,1,1,3,2
202400023563,2024-09-05 09:00:00,2024,9,5,9,0,93,93008,Avenue Jean Jaures,48.8863676,2.38377187,Plein jour,En agglomération,Hors intersection,Pluie légère,Deux véhicules - côté,4,3,2,3,1,1,2,0,1,50,2,2,1,0,0,1,23.0,36.0,voiture,transport_commun,1,2,1,2,3
202400023564,2024-12-20 16:04:00,2024,12,20,16,4,93,93027,AUTOROUTE A1,48.93410011,2.39349648,Plein jour,Hors agglomération,Hors intersection,Normale,Deux véhicules - côté,1,3,3,0,1,1,1,0,1,110,2,2,1,0,0,1,45.0,31.0,voiture,deux_roues,1,1,1,1,3
202400023565,2024-12-20 12:25:00,2024,12,20,12,25,93,93064,AUTOROUTE A86,48.87120979,2.4819423,Plein jour,Hors agglomération,Hors intersection,Normale,Deux véhicules - côté,1,3,6,0,1,1,1,0,1,90,2,2,1,0,0,1,43.0,24.0,voiture,deux_roues,1,1,1,1,3
202400023566,2024-09-05 18:00:00,2024,9,5,18,0,93,93001,Avenue Jean Jaurès,48.91508502,2.40442169,Plein jour,En agglomération,Hors intersection,Normale,Deux véhicules - côté,3,2,4,1,1,1,1,9,3,50,2,3,2,0,0,1,26.0,60.0,transport_commun,utilitaire_camion,1,2,1,1,3
202400023567,2024-09-05 01:22:00,2024,9,5,1,22,92,92064,BUZENVAL,48.8524,2.20339,Nuit avec éclairage allumé,En agglomération,Hors intersection,Normale,Autre collision,3,2,2,0,1,2,1,0,1,50,1,1,0,0,0,1,39.0,,voiture,,5,2,1,1,6
202400023568,2024-12-20 15:00:00,2024,12,20,15,0,93,93053,AUTOROUTE A3,48.88722551,2.47394088,Crépuscule ou aube,Hors agglomération,Hors intersection,Normale,Deux véhicules - arrière,1,3,2,0,1,1,1,0,1,90,2,2,1,0,0,1,32.0,46.0,voiture,deux_roues,2,1,1,1,2
202400023569,2024-04-14 15:00:00,2024,4,14,15,0,73,73029,HUIT MAI 1945 (RUE DU),45.56455716,5.94678462,Plein jour,En agglomération,Giratoire,Normale,Deux véhicules - côté,4,2,2,0,1,2,1,0,1,50,2,3,1,0,0,2,52.0,35.0,voiture,voiture,1,2,6,1,3
202400023569,2024-04-14 15:00:00,2024,4,14,15,0,73,73029,HUIT MAI 1945 (RUE DU),45.56455716,5.94678462,Plein jour,En agglomération,Giratoire,Normale,Deux véhicules - côté,4,2,2,2,2,1,1,5,1,50,2,3,1,0,0,2,52.0,35.0,voiture,voiture,1,2,6,1,3
202400023570,2024-08-17 04:35:00,2024,8,17,4,35,92,92063,MONTBRISON (RUE DU LIEUTENANT COLONEL DE,48.85874655,2.19420321,Nuit avec éclairage allumé,En agglomération,Hors intersection,Normale,Autre collision,4,2,2,0,1,1,1,0,1,50,1,1,0,0,0,1,36.0,,voiture,,5,2,1,1,6
202400023571,2024-04-14 13:35:00,2024,4,14,13,35,73,73065,VILLARCHER (AVENUE DE),45.61278,5.88739,Plein jour,Hors agglomération,Giratoire,Normale,Autre collision,4,2,2,2,1,3,1,5,4,50,1,1,0,0,1,0,85.0,,voiture,,1,1,6,1,6
202400023572,2024-12-20 11:00:00,2024,12,20,11,0,93,93066,AUTOROUTE A86,48.9229345,2.34504055,Plein jour,Hors agglomération,Hors intersection,Normale,Trois véhicules et plus - en chaîne,1,1,4,0,3,1,1,0,1,50,4,4,3,0,0,1,44.0,50.0,voiture,utilitaire_camion,1,1,1,1,4
202400023573,2024-04-13 17:55:00,2024,4,13,17,55,73,73137,BELLECOMBETTE (ROUTE DE),45.55477658,5.91316715,Plein jour,En agglomération,Intersection en T,Normale,Deux véhicules - côté,4,2,2,0,2,3,1,0,1,50,2,2,1,0,0,1,87.0,62.0,voiture,deux_roues,1,2,3,1,3
202400023573,2024-04-13 17:55:00,2024,4,13,17,55,73,73137,BELLECOMBETTE (ROUTE DE),45.55477658,5.91316715,Plein jour,En agglomération,Intersection en T,Normale,Deux véhicules - côté,4,2,2,0,2,2,1,0,1,-1,2,2,1,0,0,1,87.0,62.0,voiture,deux_roues,1,2,3,1,3
202400023574,2024-09-05 17:03:00,2024,9,5,17,3,92,92025,BOUIN (RUE),48.92081933,2.25087716,Plein jour,En agglomération,Intersection en X,Normale,Deux véhicules - côté,4,1,2,0,1,1,2,0,1,30,2,2,1,0,0,1,48.0,53.0,deux_roues,utilitaire_camion,1,2,2,1,3
202400023574,2024-09-05 17:03:00,2024,9,5,17,3,92,92025,BOUIN (RUE),48.92081933,2.25087716,Plein jour,En agglomération,Intersection en X,Normale,Deux véhicules - côté,4,-1,1,0,1,1,2,0,1,30,2,2,1,0,0,1,48.0,53.0,deux_roues,utilitaire_camion,1,2,2,1,3
202400023575,2024-12-20 07:50:00,2024,12,20,7,50,95,95365,N104,49.06394,2.40369,Crépuscule ou aube,Hors agglomération,Hors intersection,Normale,Sans collision,2,1,1,0,1,3,7,0,1,50,1,1,0,0,0,1,25.0,,deux_roues,,2,1,1,1,7
202400023576,2024-04-14 03:00:00,2024,4,14,3,0,73,73065,VERDUN (QUAI DE),45.57095018,5.91775507,Nuit sans éclairage public,En agglomération,Hors intersection,Normale,Autre collision,4,1,1,0,1,1,1,0,8,30,1,2,1,0,0,1,22.0,,voiture,,3,2,1,1,6
202400023577,2024-08-20 01:53:00,2024,8,20,1,53,13,13208,POMPIDOU (PROMENADE),43.2643,5.37363,Nuit avec éclairage allumé,En agglomération,Hors intersection,Normale,Deux véhicules - arrière,4,2,4,0,1,1,1,0,1,50,2,3,1,1,0,1,25.0,,deux_roues,voiture,5,2,1,1,2
202400023578,2024-09-05 11:00:00,2024,9,5,11,0,92,92004,ARGENTEUIL AV D',48.91955549,2.28018466,Plein jour,En agglomération,Hors intersection,Pluie légère,Deux véhicules - côté,3,-1,2,0,1,1,2,0,1,50,2,2,1,0,0,1,35.0,54.0,voiture,deux_roues,1,2,1,2,3
202400023579,2024-08-07 13:25:00,2024,8,7,13,25,13,13104,40 avenue de l'europe,43.329064,5.132589,Plein jour,En agglomération,Hors intersection,Normale,Deux véhicules - côté,3,2,2,0,1,1,1,0,1,-1,2,3,2,0,0,1,38.0,60.0,voiture,deux_roues,1,2,1,1,3
202400023580,2024-04-14 21:40:00,2024,4,14,21,40,73,73011,JEAN JAURES (AVENUE),45.6701,6.3884,Nuit avec éclairage allumé,En agglomération,Intersection en X,Normale,Deux véhicules - côté,4,2,2,2,1,1,1,0,1,50,2,4,0,0,0,4,17.0,33.0,voiture,voiture,5,2,2,1,3
202400023580,2024-04-14 21:40:00,2024,4,14,21,40,73,73011,JEAN JAURES (AVENUE),45.6701,6.3884,Nuit avec éclairage allumé,En agglomération,Intersection en X,Normale,Deux véhicules - côté,4,2,2,0,1,1,1,0,1,30,2,4,0,0,0,4,17.0,33.0,voiture,voiture,5,2,2,1,3
202400023581,2024-12-19 19:50:00,2024,12,19,19,50,988,98818,ROUTE DE L'ANSE VATA/LEONARD DE VINCI,-22.29022,166.44753,Nuit avec éclairage allumé,En agglomération,Intersection en T,Normale,Autre collision,4,2,2,0,4,1,1,0,1,30,1,2,1,0,0,1,44.0,,voiture,,5,2,3,1,6
202400023581,2024-12-19 19:50:00,2024,12,19,19,50,988,98818,ROUTE DE L'ANSE VATA/LEONARD DE VINCI,-22.29022,166.44753,Nuit avec éclairage allumé,En agglomération,Intersection en T,Normale,Autre collision,4,2,2,0,3,1,1,0,8,30,1,2,1,0,0,1,44.0,,voiture,,5,2,3,1,6
202400023582,2024-04-14 21:05:00,2024,4,14,21,5,73,73011,Parc stationnement Intermarché,45.65559882,6.36643601,Nuit avec éclairage allumé,En agglomération,Hors intersection,Normale,Autre collision,6,-1, -1,0,1,1,1,0,1,30,1,4,1,0,0,3,19.0,,voiture,,5,2,1,1,6
202400023583,2024-09-05 08:15:00,2024,9,5,8,15,80,80627,D210,49.808759,2.220204,Plein jour,Hors agglomération,Hors intersection,Temps couvert,Trois véhicules et plus - en chaîne,3,2,2,0,1,1,2,0,1,80,3,3,2,0,0,1,24.0,46.0,voiture,voiture,1,1,1,8,4
202400023584,2024-12-18 22:57:00,2024,12,18,22,57,987,98735,CHEF VAIRAATOA PROL.(QTIER ECOLE TAUNOA),-17.53309,-149.57271,Nuit avec éclairage allumé,En agglomération,Autre intersection,Normale,Autre collision,2,2,1,0,1,3,1,9,1,30,1,1,0,0,1,0,26.0,,deux_roues,,5,2,9,1,6
202400023585,2024-09-01 19:29:00,2024,9,1,19,29,17,17230,Route de Semussac,45.571755,-0.944159,Plein jour,Hors agglomération,Hors intersection,Normale,Sans collision,3,2,2,0,1,1,1,0,1,80,1,1,0,0,1,0,57.0,,deux_roues,,1,1,1,1,7
202400023586,2024-04-13 15:25:00,2024,4,13,15,25,70,70388,RD457,47.610513,6.132577,Plein jour,Hors agglomération,Intersection en T,Normale,Deux véhicules - côté,3,1, -1,-1,1,3,1,3,1,-1,2,2,1,0,1,0,93.0,65.0,voiture,deux_roues,1,1,3,1,3
202400023586,2024-04-13 15:25:00,2024,4,13,15,25,70,70388,RD457,47.610513,6.132577,Plein jour,Hors agglomération,Intersection en T,Normale,Deux véhicules - côté,3,-1,2,0,2,2,1,0,1,70,2,2,1,0,1,0,93.0,65.0,voiture,deux_roues,1,1,3,1,3
202400023587,2024-12-19 18:20:00,2024,12,19,18,20,974,97416,RN2 (1),-21.34462,55.49784,Crépuscule ou aube,Hors agglomération,Hors intersection,Normale,Deux véhicules - arrière,2,2,2,0,1,1,1,0,1,80,2,3,2,0,1,0,31.0,69.0,deux_roues,voiture,2,1,1,1,2
202400023588,2024-09-06 00:40:00,2024,9,6,0,40,31,31269,1004 Route de la Fougarouse,43.492314,1.245893,Nuit avec éclairage allumé,En agglomération,Hors intersection,Normale,Autre collision,3,2,2,0,1,1,1,0,3,50,1,2,1,1,0,0,30.0,,utilitaire_camion,,5,2,1,1,6
202400023589,2024-09-06 14:55:00,2024,9,6,14,55,974,97422,rue de paris,-21.251042,55.543039,Plein jour,En agglomération,Hors intersection,Normale,Autre collision,6,-1, -1,0,4,1,1,6,8,50,1,1,0,0,1,0,38.0,,deux_roues,,1,2,1,1,6
202400023590,2024-12-18 16:20:00,2024,12,18,16,20,974,97416,RN1 (ROUTE NATIONALE),-21.30363,55.4272,Plein jour,Hors agglomération,Hors intersection,Normale,Trois véhicules et plus - en chaîne,2,3,4,0,1,1,1,9,1,110,3,6,5,0,0,1,44.0,21.0,voiture,voiture,1,1,1,1,4
202400023591,2024-04-14 19:00:00,2024,4,14,19,0,69,69256,6 Avenue de Böhlen,45.7652,4.9222,Plein jour,En agglomération,Hors intersection,Normale,Autre collision,4,2,4,0,1,1,1,0,1,50,1,2,1,0,0,1,48.0,,voiture,,1,2,1,1,6
202400023592,2024-09-06 12:15:00,2024,9,6,12,15,50,50487,A84,48.525643,-1.346072,Plein jour,Hors agglomération,Hors intersection,Normale,Autre collision,1,3,2,0,1,1,1,9,1,110,1,1,0,0,1,0,38.0,,utilitaire_camion,,1,1,1,1,6
202400023593,2024-12-19 20:30:00,2024,12,19,20,30,974,97409,CHAMP BORNE (ROUTE DE),-20.94032,55.67755,Nuit sans éclairage public,En agglomération,Autre intersection,Normale,Trois véhicules et plus - en chaîne,3,2,2,0,1,1,1,0,1,50,3,4,3,0,0,1,31.0,61.0,voiture,voiture,3,2,9,1,4
202400023594,2024-04-14 13:25:00,2024,4,14,13,25,67,67482,VITRY LE FRANCOIS (AVENUE DE),48.56982,7.79328,Plein jour,En agglomération,Intersection en T,Temps éblouissant,Deux véhicules - côté,4,2, -1,-1,1,1,1,0,1,50,2,4,1,0,0,3,38.0,22.0,voiture,voiture,1,2,3,7,3
202400023594,2024-04-14 13:25:00,2024,4,14,13,25,67,67482,VITRY LE FRANCOIS (AVENUE DE),48.56982,7.79328,Plein jour,En agglomération,Intersection en T,Temps éblouissant,Deux véhicules - côté,4,3,4,1,1,1,1,0,1,50,2,4,1,0,0,3,38.0,22.0,voiture,voiture,1,2,3,7,3
202400023595,2024-12-19 18:25:00,2024,12,19,18,25,974,97407,ROUTE NATIONALE N° 1,-20.94886,55.32176,Plein jour,Hors agglomération,Hors intersection,Normale,Trois véhicules et plus - collisions multiples,2,3,4,0,1,1,1,0,1,110,3,3,2,0,0,1,19.0,40.0,voiture,deux_roues,1,1,1,1,5
202400023596,2024-04-13 17:10:00,2024,4,13,17,10,64,64335,VERT GALANT DU,43.3259,-0.44103,Plein jour,Hors agglomération,Intersection en T,Normale,Deux véhicules - côté,4,2,2,0,1,1,1,0,1,50,2,2,1,0,0,1,23.0,38.0,voiture,deux_roues,1,1,3,1,3
202400023596,2024-04-13 17:10:00,2024,4,13,17,10,64,64335,VERT GALANT DU,43.3259,-0.44103,Plein jour,Hors agglomération,Intersection en T,Normale,Deux véhicules - côté,4,2,2,0,1,1,1,0,1,50,2,2,1,0,0,1,23.0,38.0,voiture,deux_roues,1,1,3,1,3
202400023597,2024-09-06 04:45:00,2024,9,6,4,45,83,83067,D97,43.35038416,6.29605472,Nuit sans éclairage public,Hors agglomération,Hors intersection,Normale,Sans collision,3,2,2,0,3,3,1,0,3,70,1,1,0,0,0,1,43.0,,voiture,,3,1,1,1,7
202400023598,2024-04-13 17:00:00,2024,4,13,17,0,64,64024,BAYONNE (AVENUE DE),43.48123,-1.51122,Plein jour,En agglomération,Hors intersection,Normale,Sans collision,3,2,4,0,1,1,1,0,1,30,1,2,1,0,0,1,55.0,,deux_roues,,1,2,1,1,7
202400023599,2024-12-19 08:07:00,2024,12,19,8,7,973,97302,HEDER (place),4.94194,-52.33024,Plein jour,En agglomération,Hors intersection,Normale,Autre collision,4,1,2,0,1,1,1,0,1,50,1,2,1,0,0,1,30.0,,transport_commun,,1,2,1,1,6
202400023600,2024-08-27 19:00:00,2024,8,27,19,0,51,51115,route communale,49.195584,4.026194,Plein jour,Hors agglomération,Hors intersection,Normale,Deux véhicules - côté,4,2,2,0,1,1,1,0,1,80,2,2,1,0,1,0,44.0,67.0,deux_roues,utilitaire_camion,1,1,1,1,3
202400023601,2024-12-09 17:11:00,2024,12,9,17,11,973,97302,MONT LUCAS 1 (CITE),4.92237752,-52.31828767,Plein jour,En agglomération,Hors intersection,Pluie légère,Sans collision,4,2,2,0,1,1,2,0,1,50,1,2,0,0,0,2,32.0,,deux_roues,,1,2,1,2,7
202400023602,2024-01-26 09:17:00,2024,1,26,9,17,67,67222,RD919,48.896606,7.451134,Plein jour,Hors agglomération,Intersection en T,Pluie légère,Deux véhicules - côté,3,2,2,0,1,1,2,0,1,80,2,5,2,0,1,2,70.0,37.0,voiture,voiture,1,1,3,2,3
202400023602,2024-01-26 09:17:00,2024,1,26,9,17,67,67222,RD919,48.896606,7.451134,Plein jour,Hors agglomération,Intersection en T,Pluie légère,Deux véhicules - côté,3,2, -1,-1,1,1,2,0,1,-1,2,5,2,0,1,2,70.0,37.0,voiture,voiture,1,1,3,2,3
202400023603,2024-04-14 22:50:00,2024,4,14,22,50,63,63014,GRAVENOIRE (RUE DE),45.75534,3.103,Nuit avec éclairage allumé,En agglomération,Hors intersection,Normale,Autre collision,4,2,2,0,1,1,1,0,4,50,1,1,0,0,0,1,32.0,,voiture,,5,2,1,1,6