accident_id,datetime,annee,mois,jour,heure,minute,departement,commune_insee,adresse,latitude,longitude,luminosite,agglomeration,intersection,meteo,collision,catr,circ,nbv,vosp,prof,plan,surf,infra,situ,vma,nb_vehicules,nb_usagers,nb_indemnes,nb_tues,nb_blesses_hosp,nb_blesses_legers,age_cond_1,age_cond_2,veh_type_cond_1,veh_type_cond_2,lum_code,agg_code,int_code,atm_code,col_code
202400023818,2024-01-25 21:20:00,2024,1,25,21,20,94,94069,A4,48.81731613,2.44009667,Nuit sans éclairage public,Hors agglomération,Hors intersection,Pluie légère,Deux véhicules - arrière,1,1,2,0,1,1,2,0,1,90,2,2,1,0,0,1,58.0,36.0,voiture,voiture,3,1,1,2,2
202400023819,2024-04-14 01:25:00,2024,4,14,1,25,92,92071,CAMBERWELL (AVENUE DE),48.77895,2.29306,Nuit avec éclairage allumé,En agglomération,Hors intersection,Normale,Autre collision,3,3,2,0,1,1,1,0,1,30,1,1,0,0,0,1,25.0,,voiture,,5,2,1,1,6
202400023820,2024-04-14 20:35:00,2024,4,14,20,35,51,51001,D81,48.808164,4.513621,Nuit sans éclairage public,Hors agglomération,Hors intersection,Normale,Autre collision,3,2,2,0,1,1,1,0,3,80,1,1,0,0,0,1,22.0,,voiture,,3,1,1,1,6
202400023821,2024-09-05 08:50:00,2024,9,5,8,50,93,93007,AUTOROUTE A1,48.94605193,2.44078471,Plein jour,Hors agglomération,Hors intersection,Pluie forte,Deux véhicules - arrière,1,3,8,0,1,1,2,0,1,90,2,3,1,0,0,2,24.0,47.0,voiture,voiture,1,1,1,3,2
202400023822,2024-01-25 01:05:00,2024,1,25,1,5,77,77175,RN104,48.666389,2.612912,Nuit sans éclairage public,Hors agglomération,Hors intersection,Pluie légère,Trois véhicules et plus - en chaîne,2,3,4,0,1,1,2,0,1,90,5,5,4,0,0,1,51.0,24.0,voiture,utilitaire_camion,3,1,1,2,4
202400023823,2024-04-09 19:45:00,2024,4,9,19,45,71,71075,Rue Principale,46.599096,3.844279,Crépuscule ou aube,En agglomération,Intersection en Y,Normale,Deux véhicules - frontale,3,2,2,0,1,3,1,0,1,50,2,3,0,0,0,3,44.0,30.0,voiture,utilitaire_camion,2,2,4,1,1
202400023823,2024-04-09 19:45:00,2024,4,9,19,45,71,71075,Rue Principale,46.599096,3.844279,Crépuscule ou aube,En agglomération,Intersection en Y,Normale,Deux véhicules - frontale,3,2,2,0,1,1,1,0,1,50,2,3,0,0,0,3,44.0,30.0,voiture,utilitaire_camion,2,2,4,1,1
202400023824,2024-01-25 11:15:00,2024,1,25,11,15,988,98818,N°1 RUE ROGER GERVOLINO,-22.26706,166.46507,Plein jour,En agglomération,Hors intersection,Normale,Autre collision,4,2,2,0,1,1,1,0,1,30,1,2,1,0,0,1,44.0,,voiture,,1,2,1,1,6
202400023825,2024-09-04 07:30:00,2024,9,4,7,30,92,92036,AUTOROUTE A15,48.94722536,2.2815668,Plein jour,Hors agglomération,Hors intersection,Normale,Deux véhicules - côté,1,3,8,0,1,1,1,2,1,90,2,2,1,0,0,1,46.0,59.0,deux_roues,utilitaire_camion,1,1,1,1,3
202400023826,2024-01-25 07:00:00,2024,1,25,7,0,976,97611,passamanty-Vahibé ( route ),-12.79,45.22346,Plein jour,En agglomération,Hors intersection,Normale,Autre collision,3,2,2,0,1,1,1,0,1,30,1,2,1,0,0,1,37.0,,deux_roues,,1,2,1,1,6
202400023827,2024-04-12 18:05:00,2024,4,12,18,5,40,40296,Avenue des Chais,43.708357,-1.425385,Plein jour,En agglomération,Intersection en X,Normale,Deux véhicules - frontale,3,3,2,1,1,1,1,0,1,50,2,3,2,0,1,0,63.0,27.0,voiture,deux_roues,1,2,2,1,1
202400023827,2024-04-12 18:05:00,2024,4,12,18,5,40,40296,Avenue des Chais,43.708357,-1.425385,Plein jour,En agglomération,Intersection en X,Normale,Deux véhicules - frontale,3,2, -1,-1,1,1,1,0,1,50,2,3,2,0,1,0,63.0,27.0,voiture,deux_roues,1,2,2,1,1
202400023828,2024-01-25 14:55:00,2024,1,25,14,55,972,97213,ROUTE NATIONALE 1,14.61884,-61.00522,Plein jour,Hors agglomération,Giratoire,Normale,Sans collision,2,1,2,0,1,3,1,0,1,70,1,1,0,0,0,1,36.0,,deux_roues,,1,1,6,1,7
202400023828,2024-01-25 14:55:00,2024,1,25,14,55,972,97213,ROUTE NATIONALE 1,14.61884,-61.00522,Plein jour,Hors agglomération,Giratoire,Normale,Sans collision,2,1,2,0,1,2,1,0,1,70,1,1,0,0,0,1,36.0,,deux_roues,,1,1,6,1,7
202400023829,2024-04-14 18:00:00,2024,4,14,18,0,57,57177,270 Rue Sai la Princ Alix Napoléon,48.806019,6.710173,Plein jour,En agglomération,Autre intersection,Temps éblouissant,Deux véhicules - côté,3,2,2,0,1,1,1,0,1,50,2,2,1,0,0,1,28.0,41.0,utilitaire_camion,deux_roues,1,2,9,7,3
202400023830,2024-08-30 09:52:00,2024,8,30,9,52,93,93053,AUTOROUTE A3,48.89707199,2.46965129,Plein jour,Hors agglomération,Hors intersection,Normale,Deux véhicules - côté,1,3,8,0,1,1,1,0,1,90,2,2,1,0,0,1,33.0,39.0,voiture,voiture,1,1,1,1,3
202400023831,2024-01-23 18:20:00,2024,1,23,18,20,972,97209,GENERAL DE GAULLE (BLD DU),14.60664,-61.06676,Nuit avec éclairage allumé,En agglomération,Intersection en X,Normale,Trois véhicules et plus - collisions multiples,2,2,3,3,1,1,1,5,1,50,3,3,2,0,1,0,21.0,66.0,deux_roues,utilitaire_camion,5,2,2,1,5
202400023831,2024-01-23 18:20:00,2024,1,23,18,20,972,97209,GENERAL DE GAULLE (BLD DU),14.60664,-61.06676,Nuit avec éclairage allumé,En agglomération,Intersection en X,Normale,Trois véhicules et plus - collisions multiples,2,3,6,3,1,1,1,5,1,50,3,3,2,0,1,0,21.0,66.0,deux_roues,utilitaire_camion,5,2,2,1,5
202400023832,2024-04-14 17:50:00,2024,4,14,17,50,83,83086,709 Route de Frejus,43.47008352,6.58098623,Plein jour,En agglomération,Hors intersection,Normale,Trois véhicules et plus - en chaîne,3,2,0,0,1,1,1,0,1,50,3,3,2,0,1,0,49.0,62.0,deux_roues,voiture,1,2,1,1,4
202400023833,2024-04-14 14:35:00,2024,4,14,14,35,83,83148,3740 Route du Thoronet Rd 84,43.42909398,6.39195371,Plein jour,Hors agglomération,Hors intersection,Normale,Autre collision,3,2,2,0,1,2,1,0,3,80,1,2,0,0,1,1,14.0,,deux_roues,,1,1,1,1,6
202400023834,2024-01-25 21:00:00,2024,1,25,21,0,69,69149,Rue Stéphane Déchant,45.72105418,4.81113979,Nuit avec éclairage allumé,En agglomération,Intersection en T,Normale,Deux véhicules - frontale,7,2,2,0,2,1,1,0,1,50,2,2,1,0,1,0,26.0,38.0,deux_roues,voiture,5,2,3,1,1
202400023834,2024-01-25 21:00:00,2024,1,25,21,0,69,69149,Rue Stéphane Déchant,45.72105418,4.81113979,Nuit avec éclairage allumé,En agglomération,Intersection en T,Normale,Deux véhicules - frontale,7,2,3,0,2,1,1,0,1,50,2,2,1,0,1,0,26.0,38.0,deux_roues,voiture,5,2,3,1,1
202400023835,2024-09-05 10:30:00,2024,9,5,10,30,77,77018,A4,48.840594,2.821249,Plein jour,Hors agglomération,Hors intersection,Pluie légère,Deux véhicules - arrière,1,3,6,0,1,1,2,0,1,130,2,2,1,1,0,0,61.0,88.0,utilitaire_camion,voiture,1,1,1,2,2
202400023836,2024-04-14 11:15:00,2024,4,14,11,15,11,11203,D611,43.23974,2.758781,Plein jour,Hors agglomération,Hors intersection,Normale,Autre collision,3,2,2,0,1,1,1,0,3,80,1,2,0,0,1,1,57.0,,deux_roues,,1,1,1,1,6
202400023837,2024-01-24 16:04:00,2024,1,24,16,4,2B,2B033,VEZZANI - RUE CESAR,42.692,9.4492,Plein jour,En agglomération,Hors intersection,Normale,Deux véhicules - arrière,4,2,2,0,2,1,1,0,1,50,2,2,1,0,0,1,64.0,44.0,voiture,deux_roues,1,2,1,1,2
202400023838,2024-04-11 14:40:00,2024,4,11,14,40,57,57620,A4,49.19784944,5.9828496,Plein jour,Hors agglomération,Hors intersection,Normale,Deux véhicules - côté,1,1,2,0,1,1,1,0,2,130,2,2,0,0,0,2,69.0,47.0,voiture,voiture,1,1,1,1,3
202400023839,2024-09-05 09:45:00,2024,9,5,9,45,94,94069,A4,48.81744084,2.43118632,Plein jour,Hors agglomération,Hors intersection,Pluie légère,Trois véhicules et plus - collisions multiples,1,3,5,0,1,1,2,0,1,90,3,3,2,0,0,1,79.0,44.0,voiture,voiture,1,1,1,2,5
202400023840,2024-01-25 22:20:00,2024,1,25,22,20,95,95598,D109P,48.99268682,2.29951858,Nuit avec éclairage allumé,En agglomération,Intersection en X,Temps couvert,Deux véhicules - côté,3,2,2,0,2,1,2,0,1,50,2,2,1,0,0,1,40.0,41.0,deux_roues,voiture,5,2,2,8,3
202400023840,2024-01-25 22:20:00,2024,1,25,22,20,95,95598,D109P,48.99268682,2.29951858,Nuit avec éclairage allumé,En agglomération,Intersection en X,Temps couvert,Deux véhicules - côté,3,2,2,0,1,1,2,0,1,50,2,2,1,0,0,1,40.0,41.0,deux_roues,voiture,5,2,2,8,3
202400023841,2024-04-14 14:45:00,2024,4,14,14,45,86,86202,D83,46.634854,0.730741,Plein jour,Hors agglomération,Hors intersection,Normale,Deux véhicules - frontale,3,2,2,0,2,1,1,0,1,80,2,6,4,0,1,1,38.0,47.0,voiture,voiture,1,1,1,1,1
202400023842,2024-09-04 08:30:00,2024,9,4,8,30,94,94017,A4,48.82945195,2.48321604,Plein jour,Hors agglomération,Hors intersection,Normale,Deux véhicules - côté,1,3,6,0,1,1,1,0,1,90,2,3,1,0,0,2,44.0,37.0,deux_roues,voiture,1,1,1,1,3
202400023843,2024-04-15 02:30:00,2024,4,15,2,30,71,71081,A6,46.808439,4.826399,Nuit sans éclairage public,Hors agglomération,Hors intersection,Normale,Autre collision,1,3,3,0,1,1,1,0,2,130,1,2,0,0,0,2,49.0,,utilitaire_camion,,3,1,1,1,6
202400023844,2024-01-25 13:50:00,2024,1,25,13,50,95,95598,D144,48.99310533,2.30976351,Plein jour,En agglomération,Intersection en X,Temps couvert,Deux véhicules - frontale,3,2,2,0,1,1,1,0,1,50,2,2,1,0,0,1,51.0,44.0,deux_roues,voiture,1,2,2,8,1
202400023844,2024-01-25 13:50:00,2024,1,25,13,50,95,95598,D144,48.99310533,2.30976351,Plein jour,En agglomération,Intersection en X,Temps couvert,Deux véhicules - frontale,3,2,2,0,1,1,1,0,1,50,2,2,1,0,0,1,51.0,44.0,deux_roues,voiture,1,2,2,8,1
202400023844,2024-01-25 13:50:00,2024,1,25,13,50,95,95598,D144,48.99310533,2.30976351,Plein jour,En agglomération,Intersection en X,Temps couvert,Deux véhicules - frontale,3,2,2,0,1,1,1,0,1,50,2,2,1,0,0,1,51.0,44.0,deux_roues,voiture,1,2,2,8,1
202400023844,2024-01-25 13:50:00,2024,1,25,13,50,95,95598,D144,48.99310533,2.30976351,Plein jour,En agglomération,Intersection en X,Temps couvert,Deux véhicules - frontale,3,2,2,0,2,1,1,0,1,50,2,2,1,0,0,1,51.0,44.0,deux_roues,voiture,1,2,2,8,1
202400023845,2024-09-05 07:37:00,2024,9,5,7,37,988,98818,N°38 RUE TARAGNAT/RUE SYLVAIN GARGON,-22.2752,166.45662,Plein jour,En agglomération,Intersection en T,Normale,Autre collision,4,2, -1,-1,1,1,1,-1,1,-1,1,2,1,0,0,1,18.0,,deux_roues,,1,2,3,1,6
202400023845,2024-09-05 07:37:00,2024,9,5,7,37,988,98818,N°38 RUE TARAGNAT/RUE SYLVAIN GARGON,-22.2752,166.45662,Plein jour,En agglomération,Intersection en T,Normale,Autre collision,4,1,1,2,1,1,1,0,5,30,1,2,1,0,0,1,18.0,,deux_roues,,1,2,3,1,6
202400023846,2024-01-24 20:05:00,2024,1,24,20,5,91,91021,RN20,48.58828,2.23542,Nuit sans éclairage public,Hors agglomération,Hors intersection,Temps couvert,Autre collision,3,3,2,0,1,1,1,0,1,90,1,1,0,0,1,0,41.0,,voiture,,3,1,1,8,6
202400023847,2024-04-15 12:30:00,2024,4,15,12,30,54,54581,D132,49.12627113,5.8611229,Plein jour,Hors agglomération,Intersection en Y,Temps éblouissant,Deux véhicules - côté,3,2,2,0,2,2,1,0,1,80,2,2,1,0,1,0,33.0,17.0,utilitaire_camion,deux_roues,1,1,4,7,3
202400023847,2024-04-15 12:30:00,2024,4,15,12,30,54,54581,D132,49.12627113,5.8611229,Plein jour,Hors agglomération,Intersection en Y,Temps éblouissant,Deux véhicules - côté,3,2, -1,-1,1,1,1,0,1,30,2,2,1,0,1,0,33.0,17.0,utilitaire_camion,deux_roues,1,1,4,7,3
202400023848,2024-09-04 11:26:00,2024,9,4,11,26,988,98818,ROUTE DE L'ANSE VATA,-22.29584,166.44521,Plein jour,En agglomération,Hors intersection,Normale,Deux véhicules - côté,4,2,2,0,1,1,1,5,1,50,2,3,1,0,0,2,53.0,55.0,deux_roues,voiture,1,2,1,1,3
202400023849,2024-01-24 20:30:00,2024,1,24,20,30,91,91347,MONTLHERY (ROUTE DE),48.63473,2.28892,Nuit avec éclairage allumé,En agglomération,Hors intersection,Pluie légère,Deux véhicules - arrière,3,1,1,0,2,1,2,0,1,50,2,2,1,0,0,1,26.0,58.0,utilitaire_camion,utilitaire_camion,5,2,1,2,2
202400023850,2024-04-15 15:25:00,2024,4,15,15,25,41,41172,D924,47.94501,1.321192,Plein jour,Hors agglomération,Intersection en X,Temps couvert,Deux véhicules - côté,3,2,2,0,1,1,1,0,1,80,2,3,0,1,0,2,60.0,60.0,voiture,utilitaire_camion,1,1,2,8,3
202400023850,2024-04-15 15:25:00,2024,4,15,15,25,41,41172,D924,47.94501,1.321192,Plein jour,Hors agglomération,Intersection en X,Temps couvert,Deux véhicules - côté,3,2,2,0,1,1,1,0,1,90,2,3,0,1,0,2,60.0,60.0,voiture,utilitaire_camion,1,1,2,8,3
202400023851,2024-09-04 07:50:00,2024,9,4,7,50,974,97416,ENTRE DEUX (CHEMIN) CD26,-21.30009,55.43531,Plein jour,Hors agglomération,Autre intersection,Normale,Deux véhicules - côté,3,2,2,0,2,1,1,0,3,70,2,2,1,0,1,0,62.0,20.0,voiture,deux_roues,1,1,9,1,3
202400023852,2024-01-25 14:30:00,2024,1,25,14,30,91,91228,BD DE L YERRES,48.619358,2.428104,Plein jour,En agglomération,Autre intersection,Normale,Deux véhicules - arrière,4,-1,1,0,1,1,1,0,1,50,2,2,1,0,0,1,63.0,22.0,voiture,deux_roues,1,2,9,1,2
202400023853,2024-04-14 16:50:00,2024,4,14,16,50,57,57235,27 Rue de Metz,49.27701206,6.48802525,Plein jour,En agglomération,Hors intersection,Normale,Sans collision,3,2,2,0,1,1,1,0,1,50,1,2,0,0,1,1,22.0,,deux_roues,,1,2,1,1,7
202400023854,2024-04-14 19:00:00,2024,4,14,19,0,51,51191,D982,49.146013,4.817955,Plein jour,Hors agglomération,Intersection en X,Normale,Deux véhicules - côté,3,-1,2,0,1,1,1,0,1,80,2,2,1,0,1,0,74.0,40.0,voiture,voiture,1,1,2,1,3
202400023854,2024-04-14 19:00:00,2024,4,14,19,0,51,51191,D982,49.146013,4.817955,Plein jour,Hors agglomération,Intersection en X,Normale,Deux véhicules - côté,3,-1,2,0,1,1,1,0,1,80,2,2,1,0,1,0,74.0,40.0,voiture,voiture,1,1,2,1,3
202400023855,2024-09-03 21:50:00,2024,9,3,21,50,974,97411,LAGRANGE (RUE LEO),-20.90463,55.48162,Nuit avec éclairage allumé,En agglomération,Intersection en X,Normale,Deux véhicules - côté,4,-1,2,0,1,1,1,0,1,50,2,2,1,0,0,1,27.0,24.0,voiture,deux_roues,5,2,2,1,3
202400023855,2024-09-03 21:50:00,2024,9,3,21,50,974,97411,LAGRANGE (RUE LEO),-20.90463,55.48162,Nuit avec éclairage allumé,En agglomération,Intersection en X,Normale,Deux véhicules - côté,4,-1,2,0,2,1,1,0,1,50,2,2,1,0,0,1,27.0,24.0,voiture,deux_roues,5,2,2,1,3
202400023856,2024-01-25 19:10:00,2024,1,25,19,10,89,89387,VAUBAN (AVENUE),48.198,3.27102,Nuit avec éclairage allumé,En agglomération,Intersection en T,Normale,Deux véhicules - côté,4,2,2,0,1,1,1,0,5,50,2,2,1,0,0,1,39.0,37.0,voiture,deux_roues,5,2,3,1,3
202400023856,2024-01-25 19:10:00,2024,1,25,19,10,89,89387,VAUBAN (AVENUE),48.198,3.27102,Nuit avec éclairage allumé,En agglomération,Intersection en T,Normale,Deux véhicules - côté,4,2,2,1,1,1,2,0,5,50,2,2,1,0,0,1,39.0,37.0,voiture,deux_roues,5,2,3,1,3
202400023857,2024-09-03 21:30:00,2024,9,3,21,30,972,97209,DIDIER (ROUTE DE),14.62503,-61.07897,Nuit avec éclairage allumé,En agglomération,Autre intersection,Normale,Deux véhicules - arrière,3,-1,2,0,2,1,1,0,1,50,2,2,1,0,0,1,40.0,22.0,voiture,deux_roues,5,2,9,1,2
202400023858,2024-01-23 14:07:00,2024,1,23,14,7,87,87113,ANGUERNAUD,45.88316,1.30794,Plein jour,Hors agglomération,Hors intersection,Normale,Deux véhicules - frontale,3,2,2,0,1,1,1,0,1,90,2,3,0,0,1,2,78.0,90.0,voiture,voiture,1,1,1,1,1
202400023859,2024-04-15 15:25:00,2024,4,15,15,25,80,80024,D12,49.944423,2.252589,Plein jour,Hors agglomération,Hors intersection,Pluie légère,Deux véhicules - frontale,3,2,2,0,1,1,2,0,1,80,2,4,0,1,3,0,25.0,69.0,voiture,utilitaire_camion,1,1,1,2,1
202400023860,2024-09-04 08:31:00,2024,9,4,8,31,2B,2B037,TOUTES RUES,42.595,9.439,Plein jour,Hors agglomération,Giratoire,Normale,Deux véhicules - côté,2,1,2,0,1,2,1,0,1,50,2,2,1,0,0,1,,46.0,utilitaire_camion,voiture,1,1,6,1,3
202400023860,2024-09-04 08:31:00,2024,9,4,8,31,2B,2B037,TOUTES RUES,42.595,9.439,Plein jour,Hors agglomération,Giratoire,Normale,Deux véhicules - côté,2,2,2,0,1,1,1,5,1,50,2,2,1,0,0,1,,46.0,utilitaire_camion,voiture,1,1,6,1,3
202400023861,2024-01-23 13:16:00,2024,1,23,13,16,87,87085,COMTE (RUE AUGUSTE),45.87791,1.27508,Plein jour,En agglomération,Intersection en T,Normale,Deux véhicules - côté,4,2,3,0,1,1,1,5,1,50,2,2,1,0,0,1,29.0,32.0,voiture,voiture,1,2,3,1,3
202400023861,2024-01-23 13:16:00,2024,1,23,13,16,87,87085,COMTE (RUE AUGUSTE),45.87791,1.27508,Plein jour,En agglomération,Intersection en T,Normale,Deux véhicules - côté,4,2,2,0,1,1,1,5,1,50,2,2,1,0,0,1,29.0,32.0,voiture,voiture,1,2,3,1,3
202400023862,2024-04-14 10:25:00,2024,4,14,10,25,69,69012,Route de Monsols,46.171213,4.558001,Plein jour,Hors agglomération,Hors intersection,Normale,Trois véhicules et plus - en chaîne,3,2,2,0,2,1,1,0,1,80,3,4,3,0,1,0,21.0,33.0,deux_roues,voiture,1,1,1,1,4
202400023863,2024-04-11 13:30:00,2024,4,11,13,30,32,32132,Rue des Glycines,43.838505,0.661883,Plein jour,En agglomération,Giratoire,Normale,Deux véhicules - frontale,4,2,2,0,1,2,1,0,8,50,2,2,1,0,1,0,26.0,16.0,utilitaire_camion,deux_roues,1,2,6,1,1
202400023864,2024-01-20 15:26:00,2024,1,20,15,26,87,87085,GOUJAUD (QUAI LOUIS),45.82606,1.26791,Plein jour,En agglomération,Intersection en X,Normale,Autre collision,2,2,5,0,2,1,1,5,1,50,1,2,1,0,1,0,37.0,,voiture,,1,2,2,1,6
202400023864,2024-01-20 15:26:00,2024,1,20,15,26,87,87085,GOUJAUD (QUAI LOUIS),45.82606,1.26791,Plein jour,En agglomération,Intersection en X,Normale,Autre collision,2,3,5,0,1,1,1,5,1,50,1,2,1,0,1,0,37.0,,voiture,,1,2,2,1,6
202400023865,2024-09-04 08:35:00,2024,9,4,8,35,2A,2A004,15 Avenue Marechal Juin,41.94028,8.74972,Plein jour,En agglomération,Hors intersection,Normale,Deux véhicules - arrière,4,3,2,0,2,1,1,0,1,50,2,2,1,0,1,0,42.0,59.0,deux_roues,voiture,1,2,1,1,2
202400023866,2024-04-13 02:10:00,2024,4,13,2,10,71,71073,D906,46.897204,4.762037,Nuit sans éclairage public,Hors agglomération,Hors intersection,Normale,Deux véhicules - arrière,3,2,3,0,1,1,1,0,1,90,2,2,1,0,0,1,25.0,62.0,voiture,voiture,3,1,1,1,2
202400023867,2024-01-24 05:00:00,2024,1,24,5,0,83,83123,BUGE (CHEMIN DE LA) N° IMPAIRS,43.12056312,5.80819881,Nuit avec éclairage allumé,En agglomération,Hors intersection,Normale,Deux véhicules - arrière,3,3,2,0,1,1,1,0,1,50,2,2,1,0,1,0,65.0,37.0,deux_roues,voiture,5,2,1,1,2
202400023868,2024-04-15 08:55:00,2024,4,15,8,55,49,49307,,47.46527491,-0.42081714,Plein jour,Hors agglomération,Hors intersection,Temps éblouissant,Trois véhicules et plus - collisions multiples,3,2,2,0,1,1,1,0,1,80,3,3,1,0,1,1,52.0,24.0,voiture,voiture,1,1,1,7,5
202400023869,2024-09-03 14:36:00,2024,9,3,14,36,87,87050,RD947,45.85662,1.24514,Plein jour,Hors agglomération,Hors intersection,Pluie forte,Autre collision,3,2,3,0,2,2,2,0,1,70,1,1,0,0,0,1,38.0,,deux_roues,,1,1,1,3,6
202400023870,2024-01-25 06:30:00,2024,1,25,6,30,82,82033,Route de Toulouse,44.03454,1.11734,Nuit avec éclairage allumé,En agglomération,Hors intersection,Pluie légère,Deux véhicules - arrière,3,-1,2,0,1,1,2,0,8,50,2,2,1,0,0,1,20.0,50.0,utilitaire_camion,utilitaire_camion,5,2,1,2,2
202400023871,2024-04-14 10:30:00,2024,4,14,10,30,46,46128,départementale 840,44.781953,1.729338,Plein jour,Hors agglomération,Hors intersection,Normale,Sans collision,3,3,2,0,1,1,1,0,1,80,1,1,0,0,0,1,61.0,,deux_roues,,1,1,1,1,7
202400023872,2024-01-24 18:22:00,2024,1,24,18,22,82,82033,Rue de l’Usine,44.04913,1.10634,Nuit avec éclairage allumé,En agglomération,Hors intersection,Normale,Sans collision,4,-1,0,0,1,1,1,0,8,50,1,1,0,0,0,1,18.0,,deux_roues,,5,2,1,1,7
202400023873,2024-04-14 22:10:00,2024,4,14,22,10,46,46214,Route des Landes,44.487161,1.314229,Nuit sans éclairage public,Hors agglomération,Hors intersection,Normale,Autre collision,3,2,2,0,1,1,1,0,3,80,1,1,0,0,1,0,19.0,,deux_roues,,3,1,1,1,6
202400023874,2024-09-04 16:55:00,2024,9,4,16,55,85,85191,RD248,46.66056,-1.411533,Plein jour,En agglomération,Intersection en X,Normale,Deux véhicules - frontale,3,2,3,0,1,1,1,0,1,50,2,2,1,0,1,0,20.0,16.0,voiture,deux_roues,1,2,2,1,1
202400023874,2024-09-04 16:55:00,2024,9,4,16,55,85,85191,RD248,46.66056,-1.411533,Plein jour,En agglomération,Intersection en X,Normale,Deux véhicules - frontale,3,-1,2,0,1,1,1,0,1,50,2,2,1,0,1,0,20.0,16.0,voiture,deux_roues,1,2,2,1,1
202400023875,2024-04-13 10:10:00,2024,4,13,10,10,47,47251,route de caubeyres,44.284944,0.232121,Plein jour,Hors agglomération,Hors intersection,Normale,Sans collision,3,2,2,0,1,3,1,0,3,80,1,1,0,0,1,0,35.0,,voiture,,1,1,1,1,7
202400023876,2024-01-25 12:00:00,2024,1,25,12,0,78,78029,AVENUE DE L'UNION,48.95949,1.84067,Plein jour,En agglomération,Giratoire,Normale,Deux véhicules - côté,3,1,2,0,1,2,1,9,1,50,2,2,1,0,0,1,38.0,62.0,deux_roues,voiture,1,2,6,1,3
202400023876,2024-01-25 12:00:00,2024,1,25,12,0,78,78029,AVENUE DE L'UNION,48.95949,1.84067,Plein jour,En agglomération,Giratoire,Normale,Deux véhicules - côté,3,2,2,0,1,1,1,0,1,50,2,2,1,0,0,1,38.0,62.0,deux_roues,voiture,1,2,6,1,3
202400023877,2024-04-14 12:55:00,2024,4,14,12,55,47,47273,lamouroux,44.247493,0.781494,Plein jour,Hors agglomération,Hors intersection,Normale,Deux véhicules - frontale,3,2,2,0,2,1,1,0,1,80,2,4,3,0,1,0,70.0,14.0,voiture,deux_roues,1,1,1,1,1
202400023878,2024-09-04 19:00:00,2024,9,4,19,0,84,84007,C.De GAULLE (Rocade),43.94703,4.84068,Plein jour,Hors agglomération,Intersection en Y,Pluie forte,Autre collision,3,3,2,0,1,2,3,0,3,90,1,2,0,0,0,2,19.0,,voiture,,1,1,4,3,6
202400023878,2024-09-04 19:00:00,2024,9,4,19,0,84,84007,C.De GAULLE (Rocade),43.94703,4.84068,Plein jour,Hors agglomération,Intersection en Y,Pluie forte,Autre collision,3,-1,2,0,1,3,3,0,3,50,1,2,0,0,0,2,19.0,,voiture,,1,1,4,3,6
202400023879,2024-04-12 10:45:00,2024,4,12,10,45,29,29189,rue Jean Fournier,48.368466,-4.371643,Plein jour,En agglomération,Autre intersection,Normale,Autre collision,6,-1, -1,0,1,1,1,9,4,5,1,2,1,0,1,0,76.0,,voiture,,1,2,9,1,6
202400023880,2024-09-04 17:00:00,2024,9,4,17,0,84,84007,SAINT ROCH (BOULEVARD),43.95,4.81667,Plein jour,En agglomération,Hors intersection,Pluie forte,Autre collision,4,2,3,3,1,1,3,0,4,50,1,2,1,0,0,1,44.0,,transport_commun,,1,2,1,3,6
202400023881,2024-04-15 05:45:00,2024,4,15,5,45,68,68135,route departemental 105,47.579312,7.531178,Crépuscule ou aube,Hors agglomération,Intersection en T,Normale,Deux véhicules - côté,4,2,1,0,1,1,1,5,1,70,2,2,1,0,1,0,54.0,48.0,deux_roues,voiture,2,1,3,1,3
202400023881,2024-04-15 05:45:00,2024,4,15,5,45,68,68135,route departemental 105,47.579312,7.531178,Crépuscule ou aube,Hors agglomération,Intersection en T,Normale,Deux véhicules - côté,4,2, -1,-1,1,1,1,0,1,-1,2,2,1,0,1,0,54.0,48.0,deux_roues,voiture,2,1,3,1,3
202400023882,2024-04-14 19:50:00,2024,4,14,19,50,22,22251,Couépeur (Pordic),48.546402,-2.824978,Plein jour,Hors agglomération,Hors intersection,Pluie légère,Sans collision,4,2,2,0,1,1,2,0,3,80,1,1,0,0,0,1,15.0,,deux_roues,,1,1,1,2,7
202400023883,2024-09-04 10:00:00,2024,9,4,10,0,30,30351,AUGUSTE RENOIR (RUE),43.97078,4.77037,Plein jour,En agglomération,Intersection en T,Normale,Deux véhicules - côté,4,2,2,0,1,1,1,0,1,30,2,4,2,0,0,2,87.0,37.0,voiture,utilitaire_camion,1,2,3,1,3
202400023883,2024-09-04 10:00:00,2024,9,4,10,0,30,30351,AUGUSTE RENOIR (RUE),43.97078,4.77037,Plein jour,En agglomération,Intersection en T,Normale,Deux véhicules - côté,4,2,2,0,2,1,1,0,1,30,2,4,2,0,0,2,87.0,37.0,voiture,utilitaire_camion,1,2,3,1,3
202400023884,2024-04-13 20:00:00,2024,4,13,20,0,44,44025,2 La Rabinais,47.407593,-1.948276,Crépuscule ou aube,Hors agglomération,Hors intersection,Normale,Deux véhicules - côté,4,2,2,0,1,1,1,0,1,80,2,2,1,0,1,0,19.0,44.0,deux_roues,voiture,2,1,1,1,3
202400023885,2024-04-11 13:08:00,2024,4,11,13,8,44,44187,la riverais,47.209314,-2.102535,Plein jour,Hors agglomération,Hors intersection,Normale,Deux véhicules - frontale,4,2,2,0,1,2,1,0,1,80,2,2,1,0,1,0,60.0,55.0,utilitaire_camion,voiture,1,1,1,1,1