accident_id,datetime,annee,mois,jour,heure,minute,departement,commune_insee,adresse,latitude,longitude,luminosite,agglomeration,intersection,meteo,collision,catr,circ,nbv,vosp,prof,plan,surf,infra,situ,vma,nb_vehicules,nb_usagers,nb_indemnes,nb_tues,nb_blesses_hosp,nb_blesses_legers,age_cond_1,age_cond_2,veh_type_cond_1,veh_type_cond_2,lum_code,agg_code,int_code,atm_code,col_code
202400023886,2024-09-04 07:45:00,2024,9,4,7,45,80,80261,RUE DU FOND LAGACHE,49.87349,2.27183,Plein jour,En agglomération,Hors intersection,Normale,Deux véhicules - côté,4,2,2,0,1,2,1,0,1,50,2,2,1,0,0,1,42.0,18.0,voiture,deux_roues,1,2,1,1,3
202400023887,2024-07-29 17:35:00,2024,7,29,17,35,21,21210,Autoroute A38,47.272147,4.591993,Plein jour,Hors agglomération,Hors intersection,Normale,Autre collision,1,2,2,0,2,3,1,0,1,130,1,1,0,0,0,1,17.0,,deux_roues,,1,1,1,1,6
202400023888,2024-04-15 16:05:00,2024,4,15,16,5,44,44131,14 Rue des Bougrenets,47.114648,-2.136182,Plein jour,En agglomération,Hors intersection,Normale,Autre collision,4,2,2,0,1,1,1,0,4,50,1,1,0,1,0,0,58.0,,voiture,,1,2,1,1,6
202400023889,2024-09-04 17:30:00,2024,9,4,17,30,78,78168,Route nationale 10,48.73762,1.90816,Plein jour,En agglomération,Hors intersection,Normale,Deux véhicules - arrière,2,3,0,0,1,1,1,0,1,70,2,2,1,0,1,0,39.0,47.0,voiture,deux_roues,1,2,1,1,2
202400023890,2024-07-30 11:25:00,2024,7,30,11,25,01,01204,Autoroute A40 - PK 114.700,46.162192,5.657423,Plein jour,Hors agglomération,Hors intersection,Normale,Autre collision,1,3,2,0,1,1,1,2,1,110,1,1,0,0,0,1,32.0,,deux_roues,,1,1,1,1,6
202400023891,2024-04-14 23:50:00,2024,4,14,23,50,35,35223,RN24  PR31,48.01241533,-2.06867248,Nuit sans éclairage public,Hors agglomération,Hors intersection,Normale,Deux véhicules - arrière,2,3,4,0,1,3,1,0,1,110,2,2,1,0,1,0,23.0,29.0,voiture,voiture,3,1,1,1,2
202400023892,2024-01-25 11:35:00,2024,1,25,11,35,77,77053,RUE DU GENERAL LECLERC,48.69872,2.60394,Plein jour,En agglomération,Hors intersection,Normale,Autre collision,4,3,2,0,1,1,1,0,1,50,1,2,1,0,1,0,,,voiture,,1,2,1,1,6
202400023893,2024-08-29 12:00:00,2024,8,29,12,0,78,78621,CASTIGLIONE DEL LAGO (RUE),48.778663,1.990713,Plein jour,Hors agglomération,Hors intersection,Normale,Autre collision,6,-1, -1,0,1,1,1,0,1,15,1,2,1,0,0,1,65.0,,voiture,,1,1,1,1,6
202400023894,2024-04-14 16:50:00,2024,4,14,16,50,29,29135,Rue du Général de Penfentenyo,47.830754,-4.182399,Plein jour,En agglomération,Hors intersection,Normale,Autre collision,4,2,2,0,1,1,1,0,8,50,1,4,1,0,1,2,72.0,,voiture,,1,2,1,1,6
202400023895,2024-09-05 22:00:00,2024,9,5,22,0,77,77373,AV DU DUC DE DANTZIG,48.8078,2.61247,Nuit avec éclairage allumé,En agglomération,Hors intersection,Normale,Autre collision,4,2,2,0,1,1,1,0,1,30,1,1,0,0,0,1,37.0,,voiture,,5,2,1,1,6
202400023896,2024-07-29 16:20:00,2024,7,29,16,20,42,42242,42 Route du 3 Juillet 1867,45.541935,4.635099,Plein jour,En agglomération,Hors intersection,Normale,Deux véhicules - frontale,7,2,2,0,2,3,1,0,1,50,2,3,0,0,0,3,18.0,18.0,voiture,voiture,1,2,1,1,1
202400023897,2024-01-25 20:05:00,2024,1,25,20,5,77,77132,Avenue Robert Schuman,48.86971,2.79444,Nuit avec éclairage allumé,En agglomération,Hors intersection,Pluie légère,Deux véhicules - frontale,4,-1,2,0,2,3,2,9,1,50,2,4,1,0,0,3,31.0,44.0,voiture,voiture,5,2,1,2,1
202400023898,2024-09-04 03:35:00,2024,9,4,3,35,74,74012,VALLEES (ROUTE DES),46.19148,6.25055,Nuit avec éclairage allumé,En agglomération,Hors intersection,Pluie légère,Sans collision,3,2,2,0,1,3,2,0,1,30,1,1,0,0,0,1,32.0,,voiture,,5,2,1,2,7
202400023899,2024-07-30 05:15:00,2024,7,30,5,15,30,30041,,43.975372,4.40091,Nuit sans éclairage public,Hors agglomération,Hors intersection,Normale,Sans collision,3,2,2,0,1,1,1,0,1,80,1,1,0,1,0,0,61.0,,deux_roues,,3,1,1,1,7
202400023900,2024-04-14 14:40:00,2024,4,14,14,40,31,31471,avenue de la brèche romaine. (Lez),42.911307,0.695937,Plein jour,En agglomération,Intersection en T,Normale,Deux véhicules - côté,3,2,1,0,4,2,1,0,1,50,2,2,1,0,1,0,30.0,47.0,voiture,deux_roues,1,2,3,1,3
202400023900,2024-04-14 14:40:00,2024,4,14,14,40,31,31471,avenue de la brèche romaine. (Lez),42.911307,0.695937,Plein jour,En agglomération,Intersection en T,Normale,Deux véhicules - côté,3,2,2,0,2,2,1,0,1,50,2,2,1,0,1,0,30.0,47.0,voiture,deux_roues,1,2,3,1,3
202400023901,2024-01-25 08:15:00,2024,1,25,8,15,77,77464,CLAYE  (RUE DE  ),48.88385,2.70751,Plein jour,En agglomération,Hors intersection,Temps couvert,Autre collision,3,2,2,1,3,1,2,0,1,50,1,2,1,0,0,1,36.0,,utilitaire_camion,,1,2,1,8,6
202400023902,2024-04-14 17:55:00,2024,4,14,17,55,31,31280,D25,43.232724,1.298181,Crépuscule ou aube,Hors agglomération,Hors intersection,Normale,Sans collision,3,2,2,0,3,3,1,0,3,80,1,1,0,0,1,0,63.0,,deux_roues,,2,1,1,1,7
202400023903,2024-09-04 08:50:00,2024,9,4,8,50,72,72181,MAC JEAN (AV) N° IMP 107 ET plus,47.97907,0.22511,Plein jour,En agglomération,Intersection en X,Temps éblouissant,Autre collision,4,2,2,0,1,1,1,0,1,50,1,2,1,0,0,1,59.0,,utilitaire_camion,,1,2,2,7,6
202400023903,2024-09-04 08:50:00,2024,9,4,8,50,72,72181,MAC JEAN (AV) N° IMP 107 ET plus,47.97907,0.22511,Plein jour,En agglomération,Intersection en X,Temps éblouissant,Autre collision,4,2,2,0,1,1,1,0,1,50,1,2,1,0,0,1,59.0,,utilitaire_camion,,1,2,2,7,6
202400023904,2024-07-26 17:55:00,2024,7,26,17,55,62,62280,chemin de servain,50.24518,3.00351,Plein jour,En agglomération,Intersection en Y,Normale,Deux véhicules - frontale,4,2,2,0,1,1,1,0,1,50,2,2,1,0,1,0,27.0,77.0,utilitaire_camion,voiture,1,2,4,1,1
202400023904,2024-07-26 17:55:00,2024,7,26,17,55,62,62280,chemin de servain,50.24518,3.00351,Plein jour,En agglomération,Intersection en Y,Normale,Deux véhicules - frontale,4,2,2,0,1,1,1,0,1,50,2,2,1,0,1,0,27.0,77.0,utilitaire_camion,voiture,1,2,4,1,1
202400023905,2024-04-14 17:20:00,2024,4,14,17,20,02,02636,D13,49.8347,3.4415,Plein jour,Hors agglomération,Hors intersection,Normale,Sans collision,3,2,2,0,1,2,1,0,8,80,1,1,0,0,1,0,31.0,,deux_roues,,1,1,1,1,7
202400023906,2024-01-24 18:25:00,2024,1,24,18,25,76,76351,FRANCOIS 1ER (BD),49.49237,0.09861,Crépuscule ou aube,En agglomération,Intersection en T,Normale,Autre collision,4,2,2,0,1,1,1,0,1,50,1,2,1,0,0,1,24.0,,voiture,,2,2,3,1,6
202400023906,2024-01-24 18:25:00,2024,1,24,18,25,76,76351,FRANCOIS 1ER (BD),49.49237,0.09861,Crépuscule ou aube,En agglomération,Intersection en T,Normale,Autre collision,4,2,4,0,1,1,1,0,1,30,1,2,1,0,0,1,24.0,,voiture,,2,2,3,1,6
202400023907,2024-09-03 10:01:00,2024,9,3,10,1,72,72095,SAINT GERMAIN (BD),48.02547,0.2016,Plein jour,En agglomération,Hors intersection,Normale,Autre collision,4,1,1,0,1,3,1,0,1,50,1,2,1,0,0,1,39.0,,voiture,,1,2,1,1,6
202400023908,2024-04-15 08:00:00,2024,4,15,8,0,02,02153,D558,49.552013,3.497128,Plein jour,Hors agglomération,Intersection en Y,Normale,Deux véhicules - frontale,3,2,2,0,1,3,1,5,1,80,2,2,1,0,0,1,21.0,44.0,voiture,voiture,1,1,4,1,1
202400023908,2024-04-15 08:00:00,2024,4,15,8,0,02,02153,D558,49.552013,3.497128,Plein jour,Hors agglomération,Intersection en Y,Normale,Deux véhicules - frontale,3,2,2,0,1,2,1,5,1,80,2,2,1,0,0,1,21.0,44.0,voiture,voiture,1,1,4,1,1
202400023909,2024-09-02 18:05:00,2024,9,2,18,5,72,72181,RUAUDIN (RUE) N° PAIRS 264 ET >,47.96993625,0.23352452,Plein jour,Hors agglomération,Autre intersection,Normale,Deux véhicules - arrière,4,2,2,0,1,3,1,0,1,70,2,2,0,0,0,2,26.0,44.0,utilitaire_camion,utilitaire_camion,1,1,9,1,2
202400023910,2024-01-24 18:45:00,2024,1,24,18,45,72,72181,MALTE (RUE DE),47.99532,0.22513,Nuit avec éclairage allumé,En agglomération,Intersection en T,Pluie légère,Deux véhicules - côté,4,2,2,0,1,1,2,0,1,50,2,2,1,0,0,1,40.0,61.0,deux_roues,voiture,5,2,3,2,3
202400023910,2024-01-24 18:45:00,2024,1,24,18,45,72,72181,MALTE (RUE DE),47.99532,0.22513,Nuit avec éclairage allumé,En agglomération,Intersection en T,Pluie légère,Deux véhicules - côté,4,1,1,0,1,1,2,0,1,50,2,2,1,0,0,1,40.0,61.0,deux_roues,voiture,5,2,3,2,3
202400023911,2024-04-12 17:30:00,2024,4,12,17,30,84,84020,RD 943,43.824155,5.356801,Plein jour,Hors agglomération,Hors intersection,Normale,Sans collision,3,2,2,0,2,2,1,0,3,80,1,1,0,0,0,1,23.0,,deux_roues,,1,1,1,1,7
202400023912,2024-04-12 13:00:00,2024,4,12,13,0,15,15138,RD 3,45.131691,2.840588,Plein jour,Hors agglomération,Hors intersection,Normale,Autre collision,3,2,2,0,2,1,1,0,1,90,1,1,0,0,1,0,59.0,,utilitaire_camion,,1,1,1,1,6
202400023913,2024-07-30 14:10:00,2024,7,30,14,10,41,41181,A85,47.29324832,1.27225142,Plein jour,Hors agglomération,Hors intersection,Normale,Deux véhicules - frontale,1,3,2,0,1,1,1,0,3,130,1,3,1,0,2,0,52.0,,voiture,,1,1,1,1,1
202400023914,2024-01-24 16:30:00,2024,1,24,16,30,72,72095,SAINT MICHEL (BD),48.02307,0.20153,Plein jour,En agglomération,Autre intersection,Pluie légère,Deux véhicules - côté,4,3,2,0,1,1,2,0,1,50,2,2,1,0,0,1,41.0,18.0,voiture,deux_roues,1,2,9,2,3
202400023915,2024-04-13 20:20:00,2024,4,13,20,20,15,15033,RD 57,44.967189,2.864116,Plein jour,Hors agglomération,Hors intersection,Normale,Autre collision,3,-1,2,0,1,1,1,0,1,70,1,1,0,0,1,0,30.0,,deux_roues,,1,1,1,1,6
202400023916,2024-09-04 15:30:00,2024,9,4,15,30,71,71270,PARC (ALLEE DU),46.32127,4.84495,Plein jour,En agglomération,Intersection en Y,Temps couvert,Deux véhicules - côté,4,2,2,2,1,2,1,0,1,50,2,3,1,0,1,1,63.0,68.0,deux_roues,voiture,1,2,4,8,3
202400023916,2024-09-04 15:30:00,2024,9,4,15,30,71,71270,PARC (ALLEE DU),46.32127,4.84495,Plein jour,En agglomération,Intersection en Y,Temps couvert,Deux véhicules - côté,4,2,2,0,1,1,1,0,1,50,2,3,1,0,1,1,63.0,68.0,deux_roues,voiture,1,2,4,8,3
202400023917,2024-07-30 16:35:00,2024,7,30,16,35,65,65388,D929,42.79877,0.294957,Plein jour,Hors agglomération,Hors intersection,Normale,Deux véhicules - côté,3,2,2,0,4,1,1,0,1,90,2,2,0,0,1,1,73.0,21.0,voiture,deux_roues,1,1,1,1,3
202400023918,2024-01-24 15:40:00,2024,1,24,15,40,71,71475,LYON (ROUTE DE ),46.76758,4.84335,Plein jour,En agglomération,Hors intersection,Normale,Autre collision,4,2,2,1,1,3,1,0,1,50,1,2,1,0,0,1,32.0,,voiture,,1,2,1,1,6
202400023919,2024-04-14 20:47:00,2024,4,14,20,47,26,26229,route departementale 5,44.248896,5.241659,Nuit sans éclairage public,Hors agglomération,Hors intersection,Normale,Sans collision,3,2,2,0,1,2,1,0,1,80,1,1,0,0,1,0,63.0,,deux_roues,,3,1,1,1,7
202400023920,2024-09-04 20:00:00,2024,9,4,20,0,69,69275,Avenue Edouard Herriot,45.77219,4.96186,Nuit avec éclairage allumé,En agglomération,Intersection en X,Pluie légère,Deux véhicules - côté,4,2,2,0,1,1,2,0,1,50,2,2,1,0,0,1,20.0,18.0,voiture,deux_roues,5,2,2,2,3
202400023920,2024-09-04 20:00:00,2024,9,4,20,0,69,69275,Avenue Edouard Herriot,45.77219,4.96186,Nuit avec éclairage allumé,En agglomération,Intersection en X,Pluie légère,Deux véhicules - côté,4,2,2,0,2,1,2,0,1,50,2,2,1,0,0,1,20.0,18.0,voiture,deux_roues,5,2,2,2,3
202400023921,2024-04-13 18:00:00,2024,4,13,18,0,26,26146,D541,44.422619,4.877484,Plein jour,Hors agglomération,Intersection en T,Normale,Deux véhicules - côté,3,2,2,0,2,1,1,0,1,80,2,2,0,0,1,1,41.0,27.0,deux_roues,voiture,1,1,3,1,3
202400023921,2024-04-13 18:00:00,2024,4,13,18,0,26,26146,D541,44.422619,4.877484,Plein jour,Hors agglomération,Intersection en T,Normale,Deux véhicules - côté,3,2, -1,-1,1,1,1,0,1,-1,2,2,0,0,1,1,41.0,27.0,deux_roues,voiture,1,1,3,1,3
202400023922,2024-01-24 07:35:00,2024,1,24,7,35,71,71076,LARDY (AVENUE PIERRE),46.79242,4.859184,Crépuscule ou aube,En agglomération,Autre intersection,Normale,Deux véhicules - arrière,4,2,4,0,1,1,1,0,1,50,2,2,1,0,0,1,27.0,25.0,voiture,voiture,2,2,9,1,2
202400023922,2024-01-24 07:35:00,2024,1,24,7,35,71,71076,LARDY (AVENUE PIERRE),46.79242,4.859184,Crépuscule ou aube,En agglomération,Autre intersection,Normale,Deux véhicules - arrière,4,1,1,-1,1,1,1,0,1,-1,2,2,1,0,0,1,27.0,25.0,voiture,voiture,2,2,9,1,2
202400023923,2024-07-29 15:25:00,2024,7,29,15,25,71,71310,RN 70,46.74250526,4.48660799,Plein jour,Hors agglomération,Hors intersection,Normale,Trois véhicules et plus - en chaîne,2,3,4,0,1,1,1,0,1,110,3,5,4,0,1,0,55.0,39.0,voiture,utilitaire_camion,1,1,1,1,4
202400023924,2024-09-03 20:20:00,2024,9,3,20,20,67,67447,ADELSHOFFEN (RUE D ),48.60742,7.75768,Nuit avec éclairage allumé,En agglomération,Hors intersection,Normale,Autre collision,4,2,2,0,1,1,1,0,1,50,1,2,1,0,1,0,72.0,,voiture,,5,2,1,1,6
202400023925,2024-04-14 17:00:00,2024,4,14,17,0,26,26183,Route du Diois,44.69827074,5.13207436,Plein jour,Hors agglomération,Hors intersection,Normale,Deux véhicules - frontale,3,2,2,0,1,1,1,0,1,80,2,3,0,0,2,1,88.0,60.0,voiture,deux_roues,1,1,1,1,1
202400023926,2024-07-30 11:10:00,2024,7,30,11,10,71,71377,D182,46.551324,4.814045,Plein jour,Hors agglomération,Hors intersection,Normale,Sans collision,3,2,2,0,2,1,1,0,1,80,1,1,0,0,0,1,43.0,,deux_roues,,1,1,1,1,7
202400023927,2024-01-24 16:20:00,2024,1,24,16,20,69,69259,Rue Honoré de Balzac,45.71774,4.85477,Plein jour,En agglomération,Intersection en T,Normale,Deux véhicules - côté,7,1,1,0,1,3,1,0,1,70,2,2,1,0,0,1,25.0,24.0,deux_roues,voiture,1,2,3,1,3
202400023927,2024-01-24 16:20:00,2024,1,24,16,20,69,69259,Rue Honoré de Balzac,45.71774,4.85477,Plein jour,En agglomération,Intersection en T,Normale,Deux véhicules - côté,7,2,2,0,1,1,1,0,1,70,2,2,1,0,0,1,25.0,24.0,deux_roues,voiture,1,2,3,1,3
202400023928,2024-04-13 13:50:00,2024,4,13,13,50,14,14174,6 Rue Saint-Pierre,48.849149,-0.548871,Plein jour,En agglomération,Hors intersection,Normale,Sans collision,4,2,2,0,1,3,1,5,1,50,1,2,0,0,2,0,64.0,,deux_roues,,1,2,1,1,7
202400023929,2024-09-04 17:25:00,2024,9,4,17,25,64,64129,JEAN MERMOZ,43.31931,-0.37874,Plein jour,En agglomération,Hors intersection,Normale,Deux véhicules - arrière,4,3,2,0,1,1,1,0,1,50,2,2,1,0,0,1,43.0,17.0,voiture,voiture,1,2,1,1,2
202400023930,2024-01-05 10:55:00,2024,1,5,10,55,68,68166,Rue des Chalets,47.791116,7.327065,Plein jour,En agglomération,Hors intersection,Normale,Deux véhicules - frontale,4,2,2,0,1,1,1,0,1,30,2,2,1,0,0,1,57.0,81.0,deux_roues,voiture,1,2,1,1,1
202400023931,2024-04-15 11:35:00,2024,4,15,11,35,07,07155,route d'ailhon D235,44.617953,4.339506,Plein jour,Hors agglomération,Hors intersection,Normale,Deux véhicules - frontale,3,2,2,0,1,2,1,0,1,80,2,3,2,0,1,0,25.0,16.0,utilitaire_camion,deux_roues,1,1,1,1,1
202400023932,2024-09-04 11:35:00,2024,9,4,11,35,64,64445,MICHELET,43.3005,-0.37722,Plein jour,En agglomération,Hors intersection,Pluie forte,Autre collision,4,1,1,0,1,1,2,0,1,50,1,2,1,0,0,1,73.0,,voiture,,1,2,1,3,6
202400023933,2024-04-14 02:40:00,2024,4,14,2,40,40,40135,D651,44.10947,-0.553297,Nuit sans éclairage public,Hors agglomération,Hors intersection,Normale,Sans collision,4,-1,2,0,1,3,1,0,3,80,1,2,1,0,1,0,22.0,,voiture,,3,1,1,1,7
202400023934,2024-07-30 15:50:00,2024,7,30,15,50,55,55573,intersection entre la D964 et la D10,48.684317,5.621223,Plein jour,En agglomération,Intersection en T,Temps éblouissant,Deux véhicules - côté,3,2,2,0,2,3,1,0,1,70,2,3,1,0,1,1,26.0,35.0,utilitaire_camion,utilitaire_camion,1,2,3,7,3
202400023934,2024-07-30 15:50:00,2024,7,30,15,50,55,55573,intersection entre la D964 et la D10,48.684317,5.621223,Plein jour,En agglomération,Intersection en T,Temps éblouissant,Deux véhicules - côté,3,2,2,0,4,1,1,0,1,70,2,3,1,0,1,1,26.0,35.0,utilitaire_camion,utilitaire_camion,1,2,3,7,3
202400023935,2024-01-05 12:30:00,2024,1,5,12,30,68,68166,Rue Claude Debussy,47.794341,7.324071,Plein jour,En agglomération,Giratoire,Normale,Deux véhicules - arrière,4,3,2,0,1,1,1,0,1,30,2,3,2,0,0,1,90.0,55.0,voiture,deux_roues,1,2,6,1,2
202400023935,2024-01-05 12:30:00,2024,1,5,12,30,68,68166,Rue Claude Debussy,47.794341,7.324071,Plein jour,En agglomération,Giratoire,Normale,Deux véhicules - arrière,4,3,2,0,1,2,1,0,1,30,2,3,2,0,0,1,90.0,55.0,voiture,deux_roues,1,2,6,1,2
202400023936,2024-04-14 18:40:00,2024,4,14,18,40,28,28407,La Cave,48.259702,0.897397,Plein jour,Hors agglomération,Hors intersection,Normale,Autre collision,5,-1,1,0,2,1,3,0,8,-1,1,1,0,0,1,0,17.0,,deux_roues,,1,1,1,1,6
202400023937,2024-09-03 13:20:00,2024,9,3,13,20,64,64445,ALSACE LORRAINE D',43.30444,-0.36739,Plein jour,En agglomération,Hors intersection,Pluie légère,Deux véhicules - côté,4,-1,2,0,1,2,2,0,1,50,2,2,1,0,0,1,78.0,39.0,voiture,deux_roues,1,2,1,2,3
202400023938,2024-07-28 18:50:00,2024,7,28,18,50,42,42154,Route de Balbigny,45.841417,4.236131,Plein jour,Hors agglomération,Hors intersection,Normale,Autre collision,3,2,2,0,2,3,1,0,3,80,1,3,0,0,0,3,19.0,,voiture,,1,1,1,1,6
202400023939,2024-01-25 19:30:00,2024,1,25,19,30,67,67482,PREMIERE ARMEE (RUE DE LA),48.577238,7.751821,Nuit avec éclairage allumé,En agglomération,Intersection en T,Temps couvert,Deux véhicules - côté,4,2,5,2,1,1,1,5,8,50,2,2,1,0,0,1,23.0,22.0,voiture,deux_roues,5,2,3,8,3
202400023939,2024-01-25 19:30:00,2024,1,25,19,30,67,67482,PREMIERE ARMEE (RUE DE LA),48.577238,7.751821,Nuit avec éclairage allumé,En agglomération,Intersection en T,Temps couvert,Deux véhicules - côté,4,2,3,1,1,1,1,5,5,50,2,2,1,0,0,1,23.0,22.0,voiture,deux_roues,5,2,3,8,3
202400023940,2024-04-15 16:00:00,2024,4,15,16,0,87,87073,Le Mas Buisson,45.741876,1.010372,Plein jour,Hors agglomération,Hors intersection,Normale,Sans collision,4,2,2,0,1,1,1,0,1,80,1,1,0,0,0,1,69.0,,deux_roues,,1,1,1,1,7
202400023941,2024-09-02 17:35:00,2024,9,2,17,35,64,64125,BAYONNE (AVENUE DE),43.44965,-1.5694,Plein jour,En agglomération,Hors intersection,Normale,Deux véhicules - frontale,3,2,2,3,1,1,1,0,1,50,2,3,2,0,0,1,71.0,59.0,voiture,voiture,1,2,1,1,1
202400023942,2024-07-29 17:30:00,2024,7,29,17,30,86,86161,Rue Duguesclin,46.891133,0.000805,Plein jour,Hors agglomération,Hors intersection,Normale,Autre collision,4,2,2,0,1,4,1,0,8,80,1,5,1,0,1,3,24.0,,voiture,,1,1,1,1,6
202400023943,2024-04-15 15:05:00,2024,4,15,15,5,87,87199,Maison neuve,45.782579,0.839424,Plein jour,Hors agglomération,Hors intersection,Normale,Deux véhicules - frontale,3,2,2,0,1,3,1,0,1,90,2,2,1,1,0,0,46.0,84.0,utilitaire_camion,voiture,1,1,1,1,1
202400023944,2024-01-25 18:30:00,2024,1,25,18,30,67,67482,PALERME (RUE DE),48.5757,7.76378,Crépuscule ou aube,En agglomération,Intersection en T,Normale,Deux véhicules - côté,4,2,2,2,1,2,1,0,1,50,2,2,1,0,0,1,42.0,63.0,voiture,deux_roues,2,2,3,1,3
202400023944,2024-01-25 18:30:00,2024,1,25,18,30,67,67482,PALERME (RUE DE),48.5757,7.76378,Crépuscule ou aube,En agglomération,Intersection en T,Normale,Deux véhicules - côté,4,3,6,2,1,1,1,0,1,50,2,2,1,0,0,1,42.0,63.0,voiture,deux_roues,2,2,3,1,3
202400023945,2024-04-15 12:50:00,2024,4,15,12,50,48,48061,45 Avenue du 8 Mai 1945,44.333325,3.585429,Plein jour,En agglomération,Hors intersection,Normale,Autre collision,4,2,2,0,1,1,1,0,1,50,1,1,0,0,0,1,18.0,,deux_roues,,1,2,1,1,6
202400023946,2024-09-03 07:20:00,2024,9,3,7,20,64,64024,ALLEES MARINES (AVENUE DES),43.49702,-1.50743,Plein jour,En agglomération,Hors intersection,Pluie légère,Deux véhicules - arrière,4,2,2,0,1,1,2,0,1,30,2,2,1,0,0,1,50.0,62.0,voiture,deux_roues,1,2,1,2,2
202400023947,2024-01-25 08:45:00,2024,1,25,8,45,67,67482,DANUBE (PONT DU),48.57354,7.77116,Plein jour,En agglomération,Hors intersection,Pluie légère,Deux véhicules - côté,4,2,4,1,2,1,2,2,1,50,2,2,1,0,0,1,30.0,27.0,voiture,deux_roues,1,2,1,2,3
202400023948,2024-07-30 08:00:00,2024,7,30,8,0,86,86082,D158,46.293015,0.234199,Plein jour,Hors agglomération,Intersection en X,Normale,Deux véhicules - côté,3,2,2,0,1,1,1,0,1,90,2,2,1,0,1,0,33.0,20.0,voiture,deux_roues,1,1,2,1,3
202400023948,2024-07-30 08:00:00,2024,7,30,8,0,86,86082,D158,46.293015,0.234199,Plein jour,Hors agglomération,Intersection en X,Normale,Deux véhicules - côté,3,2, -1,-1,1,1,1,5,1,80,2,2,1,0,1,0,33.0,20.0,voiture,deux_roues,1,1,2,1,3
202400023949,2024-08-30 17:59:00,2024,8,30,17,59,60,60057,Rue de Clermont,49.43210929,2.10617995,Plein jour,En agglomération,Hors intersection,Normale,Autre collision,4,-1,2,0,2,1,1,0,1,50,1,2,1,0,1,0,56.0,,voiture,,1,2,1,1,6
202400023950,2024-04-09 06:25:00,2024,4,9,6,25,10,10084,A26,48.399,4.1507,Crépuscule ou aube,Hors agglomération,Hors intersection,Normale,Deux véhicules - côté,1,1,2,0,1,1,1,0,1,130,2,4,2,0,0,2,38.0,23.0,utilitaire_camion,utilitaire_camion,2,1,1,1,3
202400023951,2024-01-25 17:00:00,2024,1,25,17,0,66,66136,Avenue de la SALANQUE,42.72364,2.89023,Plein jour,En agglomération,Hors intersection,Normale,Autre collision,4,-1,2,0,1,1,1,0,1,50,1,2,1,0,0,1,77.0,,voiture,,1,2,1,1,6
202400023952,2024-05-11 11:00:00,2024,5,11,11,0,34,34139,D15,43.426385,3.248305,Plein jour,Hors agglomération,Hors intersection,Normale,Deux véhicules - frontale,3,2,2,0,1,1,1,0,1,80,2,3,2,0,1,0,55.0,37.0,voiture,voiture,1,1,1,1,1
202400023953,2024-09-04 17:52:00,2024,9,4,17,52,59,59426,Rue de Tourcoing,50.751068,3.152419,Plein jour,En agglomération,Hors intersection,Normale,Autre collision,4,-1,2,0,1,1,1,0,1,30,1,2,1,1,0,0,39.0,,utilitaire_camion,,1,2,1,1,6
202400023954,2024-09-04 15:30:00,2024,9,4,15,30,57,57463,EUROPE (BOULEVARD DE L' ),49.11833,6.19839,Plein jour,En agglomération,Hors intersection,Normale,Autre collision,4,3,2,0,1,1,1,0,1,50,1,2,1,0,0,1,23.0,,voiture,,1,2,1,1,6
202400023955,2024-01-25 15:30:00,2024,1,25,15,30,66,66136,Cours Lazare ESCARGUEL,42.69828,2.88732,Plein jour,En agglomération,Hors intersection,Normale,Deux véhicules - côté,4,3,4,0,1,1,1,0,1,50,2,2,1,0,0,1,71.0,39.0,voiture,voiture,1,2,1,1,3
202400023956,2024-04-15 06:40:00,2024,4,15,6,40,44,44003,,47.39666552,-1.21098071,Nuit sans éclairage public,Hors agglomération,Hors intersection,Normale,Deux véhicules - arrière,1,3,4,0,1,1,1,0,1,130,2,10,2,0,3,5,45.0,33.0,utilitaire_camion,utilitaire_camion,3,1,1,1,2
202400023957,2024-09-04 07:45:00,2024,9,4,7,45,56,56260,Place de la Libération,47.658545,-2.7641213,Plein jour,En agglomération,Autre intersection,Normale,Deux véhicules - côté,6,-1,0,0,1,1,1,0,1,30,2,2,1,0,0,1,58.0,24.0,voiture,deux_roues,1,2,9,1,3
202400023958,2024-07-29 16:20:00,2024,7,29,16,20,34,34252,D922,43.655686,3.109807,Plein jour,Hors agglomération,Intersection en T,Normale,Deux véhicules - frontale,3,2,2,0,1,1,1,0,1,80,2,5,2,0,1,2,74.0,28.0,voiture,utilitaire_camion,1,1,3,1,1
202400023958,2024-07-29 16:20:00,2024,7,29,16,20,34,34252,D922,43.655686,3.109807,Plein jour,Hors agglomération,Intersection en T,Normale,Deux véhicules - frontale,3,2, -1,-1,1,1,1,0,1,-1,2,5,2,0,1,2,74.0,28.0,voiture,utilitaire_camion,1,1,3,1,1
202400023959,2024-04-14 02:20:00,2024,4,14,2,20,987,98715,route RDO,-17.584,-149.56,Nuit avec éclairage allumé,En agglomération,Hors intersection,Normale,Autre collision,2,1,1,0,2,2,1,0,3,90,1,1,0,0,1,0,17.0,,deux_roues,,5,2,1,1,6
202400023960,2024-01-24 18:25:00,2024,1,24,18,25,66,66136,Avenue Maréchal JUIN,42.68766,2.89959,Nuit avec éclairage allumé,En agglomération,Intersection en T,Normale,Trois véhicules et plus - collisions multiples,4,2,2,0,3,1,1,0,8,50,3,3,2,0,1,0,20.0,55.0,voiture,deux_roues,5,2,3,1,5
202400023960,2024-01-24 18:25:00,2024,1,24,18,25,66,66136,Avenue Maréchal JUIN,42.68766,2.89959,Nuit avec éclairage allumé,En agglomération,Intersection en T,Normale,Trois véhicules et plus - collisions multiples,4,2,2,0,1,1,1,0,1,50,3,3,2,0,1,0,20.0,55.0,voiture,deux_roues,5,2,3,1,5