accident_id,datetime,annee,mois,jour,heure,minute,departement,commune_insee,adresse,latitude,longitude,luminosite,agglomeration,intersection,meteo,collision,catr,circ,nbv,vosp,prof,plan,surf,infra,situ,vma,nb_vehicules,nb_usagers,nb_indemnes,nb_tues,nb_blesses_hosp,nb_blesses_legers,age_cond_1,age_cond_2,veh_type_cond_1,veh_type_cond_2,lum_code,agg_code,int_code,atm_code,col_code
202400023961,2024-07-29 23:50:00,2024,7,29,23,50,68,68258,9 Rue de Lorraine,47.841883,7.311101,Nuit avec éclairage non allumé,En agglomération,Giratoire,Normale,Autre collision,4,2,2,0,1,1,1,0,4,50,1,1,0,0,0,1,44.0,,deux_roues,,4,2,6,1,6
202400023962,2024-09-04 18:44:00,2024,9,4,18,44,54,54321,Avenue Bogdan Politanski,49.53595065,5.80354929,Plein jour,En agglomération,Intersection en X,Normale,Autre collision,4,2,2,0,1,1,1,0,1,30,1,1,0,0,0,1,34.0,,voiture,,1,2,2,1,6
202400023962,2024-09-04 18:44:00,2024,9,4,18,44,54,54321,Avenue Bogdan Politanski,49.53595065,5.80354929,Plein jour,En agglomération,Intersection en X,Normale,Autre collision,4,1, -1,0,1,1,1,0,1,50,1,1,0,0,0,1,34.0,,voiture,,1,2,2,1,6
202400023963,2024-07-30 02:00:00,2024,7,30,2,0,25,25514,D9,46.77448,6.328962,Nuit sans éclairage public,Hors agglomération,Hors intersection,Normale,Autre collision,3,2,2,0,1,1,1,0,1,90,1,1,0,0,1,0,58.0,,voiture,,3,1,1,1,6
202400023964,2024-09-03 18:10:00,2024,9,3,18,10,51,51454,CHANZY (RUE),49.251377,4.033977,Plein jour,En agglomération,Hors intersection,Pluie légère,Deux véhicules - côté,4,2,2,0,1,1,2,8,1,30,2,2,1,0,1,0,51.0,25.0,deux_roues,voiture,1,2,1,2,3
202400023965,2024-04-14 18:05:00,2024,4,14,18,5,38,38401,A43,45.560556,5.416582,Plein jour,Hors agglomération,Hors intersection,Normale,Trois véhicules et plus - en chaîne,1,3,2,0,1,1,1,0,1,130,3,5,3,0,0,2,32.0,21.0,voiture,voiture,1,1,1,1,4
202400023966,2024-07-30 20:20:00,2024,7,30,20,20,25,25578,Rue de l'Hôtel de Ville,47.151589,6.352082,Plein jour,En agglomération,Hors intersection,Normale,Autre collision,4,2,2,0,1,2,1,0,1,50,1,1,0,0,1,0,17.0,,deux_roues,,1,2,1,1,6
202400023967,2024-04-14 00:35:00,2024,4,14,0,35,38,38053,A43,45.60095057,5.26829228,Nuit sans éclairage public,Hors agglomération,Hors intersection,Normale,Autre collision,1,3,3,0,1,1,1,0,2,130,1,1,0,0,1,0,60.0,,utilitaire_camion,,3,1,1,1,6
202400023968,2024-01-25 13:20:00,2024,1,25,13,20,64,64102,SAINT BERNARD (CHEMIN DE),43.50277,-1.48392,Plein jour,En agglomération,Hors intersection,Normale,Trois véhicules et plus - en chaîne,4,2,2,0,1,1,1,0,1,50,3,4,3,0,0,1,30.0,44.0,voiture,voiture,1,2,1,1,4
202400023969,2024-09-03 10:20:00,2024,9,3,10,20,51,51454,VASNIER (BOULEVARD HENRI) COTE IMPAIR,49.24395,4.04985,Plein jour,En agglomération,Hors intersection,Normale,Deux véhicules - côté,4,2,3,2,1,1,1,0,1,50,2,2,1,0,0,1,53.0,62.0,utilitaire_camion,deux_roues,1,2,1,1,3
202400023970,2024-01-25 00:20:00,2024,1,25,0,20,64,64024,CADRAN (ALLEE),43.48373,-1.50232,Nuit avec éclairage allumé,En agglomération,Giratoire,Normale,Sans collision,3,1,2,0,1,2,1,0,1,30,1,1,0,0,0,1,16.0,,deux_roues,,5,2,6,1,7
202400023971,2024-04-12 17:25:00,2024,4,12,17,25,987,98712,Rond point hotel LE TAHITI,-17.51902286,-149.50754285,Crépuscule ou aube,Hors agglomération,Giratoire,Normale,Autre collision,2,2,2,0,1,2,1,0,4,50,1,4,2,0,1,1,20.0,,voiture,,2,1,6,1,6
202400023972,2024-09-03 17:55:00,2024,9,3,17,55,50,50147,DIVISION LECLERC,49.06549,-1.43223,Plein jour,En agglomération,Hors intersection,Normale,Deux véhicules - côté,3,2,2,0,2,1,1,0,1,50,2,2,1,0,0,1,17.0,47.0,deux_roues,utilitaire_camion,1,2,1,1,3
202400023973,2024-07-29 21:00:00,2024,7,29,21,0,29,29031,Lieu Dit Keranna,47.80516396,-3.57995265,Plein jour,Hors agglomération,Intersection en Y,Normale,Deux véhicules - côté,3,3,2,0,1,2,1,5,1,80,2,2,1,0,1,0,40.0,59.0,deux_roues,voiture,1,1,4,1,3
202400023973,2024-07-29 21:00:00,2024,7,29,21,0,29,29031,Lieu Dit Keranna,47.80516396,-3.57995265,Plein jour,Hors agglomération,Intersection en Y,Normale,Deux véhicules - côté,3,2,2,0,1,1,1,5,1,80,2,2,1,0,1,0,40.0,59.0,deux_roues,voiture,1,1,4,1,3
202400023974,2024-07-28 15:25:00,2024,7,28,15,25,29,29155,Kermein,48.45678,-5.088802,Plein jour,Hors agglomération,Hors intersection,Normale,Sans collision,3,2,2,0,2,1,1,0,3,50,1,1,0,0,0,1,13.0,,deux_roues,,1,1,1,1,7
202400023975,2024-01-24 07:20:00,2024,1,24,7,20,64,64102,PONT SAINT FREDERIC,43.48744222,-1.46185967,Nuit avec éclairage allumé,En agglomération,Hors intersection,Normale,Deux véhicules - côté,3,2,4,0,1,1,1,2,1,50,2,2,1,0,1,0,45.0,21.0,deux_roues,voiture,5,2,1,1,3
202400023976,2024-09-03 18:22:00,2024,9,3,18,22,49,49353,REPUBLIQUE AVENUE,47.4461,-0.4964,Plein jour,Hors agglomération,Hors intersection,Normale,Deux véhicules - côté,4,2,2,0,1,1,1,0,1,50,2,2,1,0,0,1,50.0,73.0,deux_roues,voiture,1,1,1,1,3
202400023977,2024-04-14 21:20:00,2024,4,14,21,20,973,97308,RN2 PK 162,3.89250674,-51.8067956,Nuit avec éclairage non allumé,Hors agglomération,Hors intersection,Normale,Deux véhicules - frontale,2,1,2,0,1,2,1,0,1,70,2,4,3,0,0,1,34.0,28.0,voiture,voiture,4,1,1,1,1
202400023978,2024-09-03 09:30:00,2024,9,3,9,30,49,49007,MARIANNE BOULEVARD,47.45218,-0.52534,Plein jour,En agglomération,Hors intersection,Normale,Autre collision,4,3,2,0,1,1,1,0,1,50,1,2,1,0,0,1,62.0,,voiture,,1,2,1,1,6
202400023979,2024-01-25 20:40:00,2024,1,25,20,40,62,62570,Avenue de Flöha,50.40647,2.86116,Nuit avec éclairage allumé,En agglomération,Giratoire,Pluie légère,Deux véhicules - côté,4,2,2,0,1,1,2,0,1,50,2,2,1,0,0,1,39.0,34.0,voiture,deux_roues,5,2,6,2,3
202400023979,2024-01-25 20:40:00,2024,1,25,20,40,62,62570,Avenue de Flöha,50.40647,2.86116,Nuit avec éclairage allumé,En agglomération,Giratoire,Pluie légère,Deux véhicules - côté,4,2,2,0,1,1,2,0,1,50,2,2,1,0,0,1,39.0,34.0,voiture,deux_roues,5,2,6,2,3
202400023980,2024-04-14 17:50:00,2024,4,14,17,50,77,77476,D401,49.041293,2.956159,Plein jour,Hors agglomération,Hors intersection,Normale,Sans collision,3,2,2,0,2,3,1,0,8,80,1,1,0,0,1,0,35.0,,deux_roues,,1,1,1,1,7
202400023981,2024-09-04 10:20:00,2024,9,4,10,20,45,45234,136 Boulevard de Châteaudun,47.914263,1.89648,Plein jour,En agglomération,Hors intersection,Normale,Deux véhicules - arrière,4,2,2,1,1,1,1,0,1,50,2,2,1,0,0,1,80.0,59.0,voiture,voiture,1,2,1,1,2
202400023982,2024-07-30 19:35:00,2024,7,30,19,35,03,03052,Rue du Cheroux,46.343138,2.699631,Plein jour,Hors agglomération,Intersection en T,Normale,Deux véhicules - côté,3,2,2,0,1,1,1,0,1,90,2,2,0,0,1,1,51.0,20.0,voiture,voiture,1,1,3,1,3
202400023982,2024-07-30 19:35:00,2024,7,30,19,35,03,03052,Rue du Cheroux,46.343138,2.699631,Plein jour,Hors agglomération,Intersection en T,Normale,Deux véhicules - côté,3,2,2,0,1,3,1,0,1,90,2,2,0,0,1,1,51.0,20.0,voiture,voiture,1,1,3,1,3
202400023983,2024-01-24 20:20:00,2024,1,24,20,20,62,62523,Rue Emile Basly,50.43692,2.86738,Nuit avec éclairage allumé,En agglomération,Hors intersection,Normale,Deux véhicules - côté,4,2,2,0,1,1,1,0,1,50,2,2,1,0,0,1,76.0,21.0,deux_roues,voiture,5,2,1,1,3
202400023984,2024-04-14 17:00:00,2024,4,14,17,0,91,91184,D449,48.425548,2.372564,Plein jour,Hors agglomération,Hors intersection,Normale,Trois véhicules et plus - collisions multiples,3,2,2,0,1,3,1,0,1,80,3,3,0,1,0,2,77.0,29.0,voiture,deux_roues,1,1,1,1,5
202400023985,2024-07-29 09:15:00,2024,7,29,9,15,15,15127,RN 122,45.201544,3.091085,Plein jour,Hors agglomération,Hors intersection,Normale,Autre collision,2,2,2,0,1,1,1,0,3,80,1,1,0,0,1,0,50.0,,voiture,,1,1,1,1,6
202400023986,2024-08-26 19:50:00,2024,8,26,19,50,42,42218,Rue Jean Huss,45.44538,4.41721,Plein jour,En agglomération,Hors intersection,Normale,Deux véhicules - côté,4,2,2,0,1,3,1,0,1,50,2,3,0,0,0,3,22.0,19.0,voiture,deux_roues,1,2,1,1,3
202400023987,2024-01-25 09:10:00,2024,1,25,9,10,59,59350,Boulevard Louis XIV,50.62869,3.07247,Plein jour,En agglomération,Hors intersection,Temps couvert,Autre collision,4,3,4,3,1,1,2,0,1,30,1,2,1,0,0,1,47.0,,transport_commun,,1,2,1,8,6
202400023988,2024-01-24 20:30:00,2024,1,24,20,30,59,59183,MER - AVENUE,51.048975,2.40168,Nuit avec éclairage allumé,En agglomération,Hors intersection,Normale,Autre collision,4,-1,2,0,1,1,1,0,1,50,1,1,0,0,0,1,31.0,,voiture,,5,2,1,1,6
202400023989,2024-09-04 20:30:00,2024,9,4,20,30,35,35278,ROUTE DE SAINT-MALO,48.13605,-1.69335,Crépuscule ou aube,En agglomération,Hors intersection,Temps couvert,Autre collision,6,-1, -1,0,1,2,1,0,1,30,1,2,1,0,0,1,61.0,,voiture,,2,2,1,8,6
202400023990,2024-04-14 22:15:00,2024,4,14,22,15,83,83115,Av du Croiseur Leger le Malin,43.341098,6.680417,Nuit avec éclairage allumé,En agglomération,Intersection en T,Normale,Deux véhicules - côté,3,2,2,0,1,1,1,0,1,50,2,2,1,0,1,0,36.0,24.0,voiture,deux_roues,5,2,3,1,3
202400023990,2024-04-14 22:15:00,2024,4,14,22,15,83,83115,Av du Croiseur Leger le Malin,43.341098,6.680417,Nuit avec éclairage allumé,En agglomération,Intersection en T,Normale,Deux véhicules - côté,3,2,1,0,2,1,1,5,1,50,2,2,1,0,1,0,36.0,24.0,voiture,deux_roues,5,2,3,1,3
202400023991,2024-07-26 07:34:00,2024,7,26,7,34,70,70509,D67,47.332756,5.719058,Plein jour,Hors agglomération,Intersection en T,Normale,Deux véhicules - arrière,3,2,2,0,1,1,1,9,1,90,2,3,1,0,1,1,35.0,22.0,voiture,voiture,1,1,3,1,2
202400023991,2024-07-26 07:34:00,2024,7,26,7,34,70,70509,D67,47.332756,5.719058,Plein jour,Hors agglomération,Intersection en T,Normale,Deux véhicules - arrière,3,2, -1,-1,1,3,1,0,1,-1,2,3,1,0,1,1,35.0,22.0,voiture,voiture,1,1,3,1,2
202400023992,2024-01-24 17:20:00,2024,1,24,17,20,59,59178,CARNOT (PLACE),50.37207,3.0862,Crépuscule ou aube,En agglomération,Hors intersection,Normale,Autre collision,4,1,2,3,1,1,1,0,1,50,1,2,1,0,0,1,42.0,,transport_commun,,2,2,1,1,6
202400023993,2024-09-04 16:10:00,2024,9,4,16,10,35,35238,BULGARIE (BD DE),48.08458,-1.65872,Plein jour,En agglomération,Hors intersection,Normale,Autre collision,4,3,2,2,1,1,1,0,4,30,1,1,0,0,1,0,79.0,,voiture,,1,2,1,1,6
202400023994,2024-01-23 08:25:00,2024,1,23,8,25,59,59165,ROBESPIERRE (RUE MAXIMILIEN),50.38324,3.05521,Plein jour,En agglomération,Hors intersection,Normale,Autre collision,3,2,2,0,1,1,1,0,1,50,1,3,1,0,0,2,50.0,,voiture,,1,2,1,1,6
202400023995,2024-07-29 21:30:00,2024,7,29,21,30,54,54416,RD48,48.93014055,5.78827143,Crépuscule ou aube,Hors agglomération,Hors intersection,Normale,Sans collision,3,2,2,0,2,3,1,0,1,80,1,4,0,0,2,2,24.0,,voiture,,2,1,1,1,7
202400023996,2024-04-14 18:10:00,2024,4,14,18,10,71,71513,Rue du Treuil,46.396152,4.86145,Plein jour,En agglomération,Intersection en X,Normale,Deux véhicules - côté,3,2,2,0,1,1,1,0,1,50,2,2,1,0,1,0,14.0,34.0,deux_roues,voiture,1,2,2,1,3
202400023996,2024-04-14 18:10:00,2024,4,14,18,10,71,71513,Rue du Treuil,46.396152,4.86145,Plein jour,En agglomération,Intersection en X,Normale,Deux véhicules - côté,3,2,2,0,1,1,1,0,1,50,2,2,1,0,1,0,14.0,34.0,deux_roues,voiture,1,2,2,1,3
202400023997,2024-01-24 21:03:00,2024,1,24,21,3,56,56121,GAULLE ( AVE DU GENERAL DE ),47.74132,-3.37318,Nuit avec éclairage allumé,En agglomération,Giratoire,Normale,Deux véhicules - côté,4,2,2,0,1,1,1,5,1,30,2,2,1,0,0,1,19.0,35.0,deux_roues,voiture,5,2,6,1,3
202400023998,2024-04-13 18:15:00,2024,4,13,18,15,73,73262,D1212,45.800473,6.493194,Plein jour,Hors agglomération,Intersection en T,Normale,Deux véhicules - frontale,3,-1,2,0,2,2,1,0,1,80,2,4,0,0,3,1,55.0,35.0,voiture,utilitaire_camion,1,1,3,1,1
202400023998,2024-04-13 18:15:00,2024,4,13,18,15,73,73262,D1212,45.800473,6.493194,Plein jour,Hors agglomération,Intersection en T,Normale,Deux véhicules - frontale,3,2,2,0,2,3,1,0,1,-1,2,4,0,0,3,1,55.0,35.0,voiture,utilitaire_camion,1,1,3,1,1
202400023999,2024-09-04 21:40:00,2024,9,4,21,40,13,13206,PIERRE PUGET (COURS),43.28998,5.37259,Nuit avec éclairage allumé,En agglomération,Intersection en X,Pluie légère,Deux véhicules - côté,4,1,2,0,2,1,2,5,1,50,2,2,1,0,0,1,26.0,31.0,voiture,voiture,5,2,2,2,3
202400023999,2024-09-04 21:40:00,2024,9,4,21,40,13,13206,PIERRE PUGET (COURS),43.28998,5.37259,Nuit avec éclairage allumé,En agglomération,Intersection en X,Pluie légère,Deux véhicules - côté,4,1,2,0,2,1,2,5,1,50,2,2,1,0,0,1,26.0,31.0,voiture,voiture,5,2,2,2,3
202400024000,2024-01-24 17:40:00,2024,1,24,17,40,54,54578,Rue des 3 Epis,48.67536503,6.16303235,Crépuscule ou aube,En agglomération,Intersection en T,Normale,Autre collision,4,1,1,0,1,1,1,0,1,50,1,2,1,0,0,1,24.0,,voiture,,2,2,3,1,6
202400024000,2024-01-24 17:40:00,2024,1,24,17,40,54,54578,Rue des 3 Epis,48.67536503,6.16303235,Crépuscule ou aube,En agglomération,Intersection en T,Normale,Autre collision,4,2,2,2,1,1,1,-1,1,50,1,2,1,0,0,1,24.0,,voiture,,2,2,3,1,6
202400024001,2024-04-14 09:55:00,2024,4,14,9,55,42,42005,Chemin de Pre Grand,45.53097469,4.26336184,Plein jour,En agglomération,Hors intersection,Temps éblouissant,Deux véhicules - côté,4,2,1,0,4,1,1,0,1,30,2,2,1,0,0,1,66.0,47.0,voiture,deux_roues,1,2,1,7,3
202400024002,2024-07-28 12:35:00,2024,7,28,12,35,06,06079,1256 Avenue de Fréjus,43.530247,6.928632,Plein jour,En agglomération,Hors intersection,Normale,Trois véhicules et plus - en chaîne,3,2,2,0,1,1,1,0,1,-1,3,4,2,0,0,2,44.0,23.0,voiture,voiture,1,2,1,1,4
202400024003,2024-09-04 15:25:00,2024,9,4,15,25,13,13202,JOLIETTE (PLACE DE LA),43.30588,5.36644,Plein jour,En agglomération,Autre intersection,Pluie forte,Autre collision,4,1,1,0,2,1,2,9,8,30,1,2,1,0,1,0,40.0,,utilitaire_camion,,1,2,9,3,6
202400024004,2024-01-24 18:10:00,2024,1,24,18,10,54,54328,route de mirecourt,48.61585,6.17633,Nuit avec éclairage allumé,En agglomération,Intersection en T,Pluie légère,Deux véhicules - côté,4,2,1,1,2,1,2,0,1,50,2,2,1,0,0,1,30.0,40.0,voiture,voiture,5,2,3,2,3
202400024004,2024-01-24 18:10:00,2024,1,24,18,10,54,54328,route de mirecourt,48.61585,6.17633,Nuit avec éclairage allumé,En agglomération,Intersection en T,Pluie légère,Deux véhicules - côté,4,2,1,0,2,1,2,0,1,50,2,2,1,0,0,1,30.0,40.0,voiture,voiture,5,2,3,2,3
202400024005,2024-04-14 17:30:00,2024,4,14,17,30,07,07077,D224,44.65518255,4.52381935,Plein jour,Hors agglomération,Hors intersection,Normale,Deux véhicules - frontale,3,2,2,0,2,3,1,0,1,90,2,2,1,0,0,1,47.0,28.0,deux_roues,voiture,1,1,1,1,1
202400024006,2024-07-29 16:17:00,2024,7,29,16,17,14,14431,Route du Long Moté,49.067702,-0.120839,Plein jour,Hors agglomération,Hors intersection,Normale,Sans collision,3,2,1,0,1,1,1,0,8,80,1,1,0,0,1,0,61.0,,deux_roues,,1,1,1,1,7
202400024007,2024-09-01 11:15:00,2024,9,1,11,15,13,13005,RN 96 (ROUTE NATIONALE ),43.30492,5.5715,Plein jour,En agglomération,Hors intersection,Normale,Deux véhicules - côté,4,1,3,0,1,2,1,0,1,50,2,3,0,0,0,3,19.0,63.0,voiture,voiture,1,2,1,1,3
202400024008,2024-01-25 18:55:00,2024,1,25,18,55,51,51454,MARS (RUE),49.25919,4.03168,Nuit avec éclairage allumé,En agglomération,Hors intersection,Pluie légère,Autre collision,4,2,2,2,1,1,2,0,1,30,1,2,1,0,0,1,26.0,,deux_roues,,5,2,1,2,6
202400024009,2024-07-28 11:30:00,2024,7,28,11,30,05,05068,D211,44.50651051,6.1110405,Plein jour,En agglomération,Hors intersection,Normale,Sans collision,3,2,2,0,2,1,1,0,1,50,1,1,0,0,1,0,69.0,,deux_roues,,1,2,1,1,7
202400024010,2024-04-15 16:35:00,2024,4,15,16,35,87,87062,"route de limoges,",45.7827791,1.4804137,Plein jour,Hors agglomération,Intersection en T,Normale,Deux véhicules - frontale,3,-1,2,0,1,1,1,0,1,90,2,3,0,0,1,2,52.0,26.0,voiture,voiture,1,1,3,1,1
202400024010,2024-04-15 16:35:00,2024,4,15,16,35,87,87062,"route de limoges,",45.7827791,1.4804137,Plein jour,Hors agglomération,Intersection en T,Normale,Deux véhicules - frontale,3,-1, -1,-1,1,1,1,5,1,90,2,3,0,0,1,2,52.0,26.0,voiture,voiture,1,1,3,1,1
202400024011,2024-09-03 18:40:00,2024,9,3,18,40,11,11069,73 Avenue du Général Leclerc,43.2092,2.36819,Plein jour,En agglomération,Intersection en X,Normale,Trois véhicules et plus - collisions multiples,4,-1,5,0,1,1,1,0,1,50,3,3,2,0,0,1,29.0,22.0,voiture,voiture,1,2,2,1,5
202400024011,2024-09-03 18:40:00,2024,9,3,18,40,11,11069,73 Avenue du Général Leclerc,43.2092,2.36819,Plein jour,En agglomération,Intersection en X,Normale,Trois véhicules et plus - collisions multiples,4,2,2,-1,1,1,1,0,1,-1,3,3,2,0,0,1,29.0,22.0,voiture,voiture,1,2,2,1,5
202400024012,2024-01-24 16:20:00,2024,1,24,16,20,49,49328,FRICOTELLE (RUE),47.24654,-0.07571,Plein jour,En agglomération,Intersection en T,Normale,Deux véhicules - côté,4,2,2,0,1,3,1,0,1,30,2,2,1,0,1,0,63.0,66.0,deux_roues,utilitaire_camion,1,2,3,1,3
202400024012,2024-01-24 16:20:00,2024,1,24,16,20,49,49328,FRICOTELLE (RUE),47.24654,-0.07571,Plein jour,En agglomération,Intersection en T,Normale,Deux véhicules - côté,4,2,2,2,1,3,1,0,1,50,2,2,1,0,1,0,63.0,66.0,deux_roues,utilitaire_camion,1,2,3,1,3
202400024013,2024-07-23 13:00:00,2024,7,23,13,0,64,64160,ZI ERROBI,43.35188,-1.417451,Plein jour,Hors agglomération,Autre intersection,Normale,Autre collision,6,-1, -1,0,1,3,1,9,8,15,1,2,1,0,0,1,27.0,,voiture,,1,1,9,1,6
202400024014,2024-04-04 12:25:00,2024,4,4,12,25,17,17476,D154,45.37254,-0.440789,Plein jour,Hors agglomération,Intersection en X,Normale,Deux véhicules - côté,3,2,2,0,1,2,1,5,1,80,2,6,2,0,1,3,61.0,47.0,voiture,voiture,1,1,2,1,3
202400024014,2024-04-04 12:25:00,2024,4,4,12,25,17,17476,D154,45.37254,-0.440789,Plein jour,Hors agglomération,Intersection en X,Normale,Deux véhicules - côté,3,2,2,-1,1,1,1,5,1,80,2,6,2,0,1,3,61.0,47.0,voiture,voiture,1,1,2,1,3
202400024015,2024-09-03 13:24:00,2024,9,3,13,24,10,10387,Rue Etienne Pedron,48.30686,4.07672,Plein jour,En agglomération,Hors intersection,Temps couvert,Deux véhicules - frontale,4,-1,2,0,1,1,1,0,1,50,2,2,1,0,0,1,57.0,32.0,deux_roues,utilitaire_camion,1,2,1,8,1
202400024016,2024-07-29 22:24:00,2024,7,29,22,24,64,64502,2785 Chemin de Halage,43.546596,-1.18919,Nuit sans éclairage public,Hors agglomération,Hors intersection,Normale,Deux véhicules - frontale,3,3,2,0,1,1,1,0,1,50,2,2,0,0,1,1,26.0,22.0,voiture,voiture,3,1,1,1,1
202400024017,2024-01-25 17:20:00,2024,1,25,17,20,47,47323,PRUNE (RUE DE LA),44.40797483,0.7224193,Plein jour,En agglomération,Intersection en T,Normale,Deux véhicules - côté,3,2,2,1,1,1,1,0,5,50,2,2,1,0,1,0,14.0,39.0,deux_roues,voiture,1,2,3,1,3
202400024017,2024-01-25 17:20:00,2024,1,25,17,20,47,47323,PRUNE (RUE DE LA),44.40797483,0.7224193,Plein jour,En agglomération,Intersection en T,Normale,Deux véhicules - côté,3,2,2,0,1,1,1,0,5,30,2,2,1,0,1,0,14.0,39.0,deux_roues,voiture,1,2,3,1,3
202400024018,2024-04-14 11:05:00,2024,4,14,11,5,85,85119,RD37,46.966272,-1.117575,Plein jour,En agglomération,Hors intersection,Normale,Sans collision,3,2,2,0,1,1,1,0,1,50,1,2,1,0,0,1,17.0,,deux_roues,,1,2,1,1,7
202400024019,2024-09-03 07:43:00,2024,9,3,7,43,10,10321,Rue Jules Cuisin,48.28552,4.02118,Plein jour,En agglomération,Hors intersection,Normale,Autre collision,4,2,2,0,1,1,1,0,1,50,1,1,0,0,0,1,20.0,,voiture,,1,2,1,1,6
202400024020,2024-01-25 21:00:00,2024,1,25,21,0,47,47031,LACAPELETTE,44.17993434,0.6259256,Nuit avec éclairage allumé,En agglomération,Giratoire,Normale,Deux véhicules - côté,3,2,2,0,1,3,1,9,1,50,2,2,1,0,0,1,66.0,38.0,voiture,deux_roues,5,2,6,1,3
202400024021,2024-04-14 18:35:00,2024,4,14,18,35,35,35052,Chemin de Rennes,48.14878,-1.323574,Plein jour,Hors agglomération,Intersection en T,Normale,Deux véhicules - côté,3,2,2,0,2,1,1,0,1,80,2,2,1,0,1,0,15.0,32.0,deux_roues,voiture,1,1,3,1,3
202400024021,2024-04-14 18:35:00,2024,4,14,18,35,35,35052,Chemin de Rennes,48.14878,-1.323574,Plein jour,Hors agglomération,Intersection en T,Normale,Deux véhicules - côté,3,2,2,0,1,3,1,0,1,80,2,2,1,0,1,0,15.0,32.0,deux_roues,voiture,1,1,3,1,3
202400024022,2024-09-04 14:30:00,2024,9,4,14,30,05,05061,Route de Grenoble,44.58947,6.08036,Plein jour,Hors agglomération,Intersection en T,Pluie légère,Deux véhicules - côté,2,2,2,0,1,1,2,0,1,50,2,2,1,0,0,1,69.0,28.0,voiture,voiture,1,1,3,2,3
202400024022,2024-09-04 14:30:00,2024,9,4,14,30,05,05061,Route de Grenoble,44.58947,6.08036,Plein jour,Hors agglomération,Intersection en T,Pluie légère,Deux véhicules - côté,2,2,2,0,2,1,2,0,1,80,2,2,1,0,0,1,69.0,28.0,voiture,voiture,1,1,3,2,3
202400024023,2024-01-25 09:15:00,2024,1,25,9,15,47,47001,LIBERTE (BOULEVARD DE LA),44.19541092,0.61700946,Plein jour,En agglomération,Intersection en X,Normale,Deux véhicules - frontale,3,2,2,0,1,1,1,5,1,50,2,2,1,0,0,1,21.0,20.0,deux_roues,voiture,1,2,2,1,1
202400024023,2024-01-25 09:15:00,2024,1,25,9,15,47,47001,LIBERTE (BOULEVARD DE LA),44.19541092,0.61700946,Plein jour,En agglomération,Intersection en X,Normale,Deux véhicules - frontale,3,2,2,-1,1,1,1,0,1,50,2,2,1,0,0,1,21.0,20.0,deux_roues,voiture,1,2,2,1,1
202400024024,2024-07-30 15:30:00,2024,7,30,15,30,07,07288,RD 104,44.72407022,4.51670381,Plein jour,Hors agglomération,Hors intersection,Temps éblouissant,Autre collision,3,2,2,0,2,4,1,0,3,90,1,1,0,0,1,0,74.0,,voiture,,1,1,1,7,6
202400024025,2024-04-14 16:00:00,2024,4,14,16,0,76,76727,Route d'Aizier,49.472032,0.676019,Plein jour,Hors agglomération,Intersection en T,Normale,Deux véhicules - côté,3,-1,2,0,1,1,1,0,1,70,2,2,1,0,1,0,13.0,65.0,deux_roues,voiture,1,1,3,1,3
202400024025,2024-04-14 16:00:00,2024,4,14,16,0,76,76727,Route d'Aizier,49.472032,0.676019,Plein jour,Hors agglomération,Intersection en T,Normale,Deux véhicules - côté,3,2, -1,-1,1,1,1,0,1,-1,2,2,1,0,1,0,13.0,65.0,deux_roues,voiture,1,1,3,1,3
202400024026,2024-09-04 09:28:00,2024,9,4,9,28,75,75116,BOULEVARD PERIPHERIQUE INTERIEUR OUEST,48.869784,2.271684,Plein jour,En agglomération,Hors intersection,Normale,Deux véhicules - côté,4,1,4,0,1,1,1,0,1,70,2,2,1,0,0,1,26.0,52.0,deux_roues,utilitaire_camion,1,2,1,1,3
202400024027,2024-01-25 12:30:00,2024,1,25,12,30,45,45234,D14 PR 8 + 558,47.846237,1.940929,Plein jour,En agglomération,Intersection en X,Normale,Deux véhicules - côté,3,2,3,-1,1,1,1,5,1,50,2,2,0,0,0,2,23.0,20.0,voiture,voiture,1,2,2,1,3
202400024027,2024-01-25 12:30:00,2024,1,25,12,30,45,45234,D14 PR 8 + 558,47.846237,1.940929,Plein jour,En agglomération,Intersection en X,Normale,Deux véhicules - côté,3,2,2,0,1,1,1,5,1,50,2,2,0,0,0,2,23.0,20.0,voiture,voiture,1,2,2,1,3
202400024028,2024-04-13 14:45:00,2024,4,13,14,45,59,59323,D129,50.298607,3.641644,Plein jour,Hors agglomération,Hors intersection,Normale,Autre collision,3,2,2,0,1,3,1,0,3,-1,1,1,0,0,1,0,39.0,,deux_roues,,1,1,1,1,6
202400024029,2024-07-29 09:36:00,2024,7,29,9,36,04,04172,Intersection D952/D56,43.844014,6.161377,Plein jour,Hors agglomération,Intersection en T,Normale,Deux véhicules - côté,3,2,1,0,1,1,1,0,1,80,2,3,2,0,0,1,44.0,60.0,voiture,deux_roues,1,1,3,1,3
202400024029,2024-07-29 09:36:00,2024,7,29,9,36,04,04172,Intersection D952/D56,43.844014,6.161377,Plein jour,Hors agglomération,Intersection en T,Normale,Deux véhicules - côté,3,2,1,0,1,2,1,0,1,80,2,3,2,0,0,1,44.0,60.0,voiture,deux_roues,1,1,3,1,3
202400024030,2024-09-03 17:30:00,2024,9,3,17,30,75,75114,AVENUE PAUL APPELL,48.821537,2.327955,Plein jour,En agglomération,Hors intersection,Normale,Autre collision,4,3,2,0,1,1,1,0,1,30,1,2,1,1,0,0,31.0,,voiture,,1,2,1,1,6