accident_id,datetime,annee,mois,jour,heure,minute,departement,commune_insee,adresse,latitude,longitude,luminosite,agglomeration,intersection,meteo,collision,catr,circ,nbv,vosp,prof,plan,surf,infra,situ,vma,nb_vehicules,nb_usagers,nb_indemnes,nb_tues,nb_blesses_hosp,nb_blesses_legers,age_cond_1,age_cond_2,veh_type_cond_1,veh_type_cond_2,lum_code,agg_code,int_code,atm_code,col_code
202400024102,2024-09-04 09:00:00,2024,9,4,9,0,92,92050,BOULEVARD DE LA DEFENSE,48.89916755,2.2203362,Plein jour,En agglomération,Hors intersection,Normale,Trois véhicules et plus - collisions multiples,3,2,3,0,2,3,1,0,1,50,3,3,2,0,0,1,40.0,44.0,voiture,deux_roues,1,2,1,1,5
202400024103,2024-01-25 11:15:00,2024,1,25,11,15,06,06027,130 Avenue de Nice,43.659807,7.171127,Plein jour,En agglomération,Hors intersection,Normale,Autre collision,7,2,2,0,1,1,1,0,1,50,1,2,1,0,0,1,58.0,,utilitaire_camion,,1,2,1,1,6
202400024104,2024-07-30 17:00:00,2024,7,30,17,0,77,77382,2 Rue de Condé,48.900376,2.85722,Plein jour,En agglomération,Intersection en X,Normale,Deux véhicules - frontale,4,2,2,0,1,1,1,0,1,50,2,3,2,0,0,1,76.0,21.0,voiture,deux_roues,1,2,2,1,1
202400024104,2024-07-30 17:00:00,2024,7,30,17,0,77,77382,2 Rue de Condé,48.900376,2.85722,Plein jour,En agglomération,Intersection en X,Normale,Deux véhicules - frontale,4,2,2,0,1,1,1,0,1,-1,2,3,2,0,0,1,76.0,21.0,voiture,deux_roues,1,2,2,1,1
202400024105,2024-09-04 12:30:00,2024,9,4,12,30,92,92036,GENEAL DE GAULLE (AVENUE) (1/41),48.93358239,2.30711496,Plein jour,En agglomération,Hors intersection,Normale,Deux véhicules - côté,4,2,2,0,1,1,1,0,4,50,2,2,1,0,0,1,38.0,44.0,deux_roues,utilitaire_camion,1,2,1,1,3
202400024106,2024-07-29 14:30:00,2024,7,29,14,30,34,34103,D174,43.540803,3.408315,Plein jour,Hors agglomération,Hors intersection,Normale,Sans collision,3,2,2,0,2,4,1,0,3,80,1,2,1,0,1,0,32.0,,utilitaire_camion,,1,1,1,1,7
202400024107,2024-01-16 12:55:00,2024,1,16,12,55,04,04112,VOLX (AV.DE),43.83599,5.8022,Plein jour,En agglomération,Hors intersection,Normale,Deux véhicules - arrière,3,2,2,0,1,1,1,0,1,50,2,2,1,0,0,1,56.0,65.0,voiture,voiture,1,2,1,1,2
202400024108,2024-01-25 12:23:00,2024,1,25,12,23,03,03185,Rue de Pasquis,46.36264,2.59178,Plein jour,En agglomération,Autre intersection,Normale,Deux véhicules - côté,3,1,1,0,1,1,1,5,1,50,2,2,1,0,1,0,61.0,36.0,voiture,deux_roues,1,2,9,1,3
202400024109,2024-09-03 19:30:00,2024,9,3,19,30,92,92025,GENERAL LECLERC (PLACE DU),48.92302,2.2525,Crépuscule ou aube,En agglomération,Autre intersection,Temps couvert,Trois véhicules et plus - en chaîne,3,2,4,0,1,1,1,0,1,30,3,3,2,0,0,1,60.0,46.0,transport_commun,deux_roues,2,2,9,8,4
202400024110,2024-07-30 13:45:00,2024,7,30,13,45,34,34240,Avenue de la Ciboulette,43.649231,3.97837,Plein jour,En agglomération,Intersection en X,Normale,Autre collision,4,2, -1,-1,1,1,1,0,1,-1,1,2,1,0,1,0,54.0,,voiture,,1,2,2,1,6
202400024110,2024-07-30 13:45:00,2024,7,30,13,45,34,34240,Avenue de la Ciboulette,43.649231,3.97837,Plein jour,En agglomération,Intersection en X,Normale,Autre collision,4,2,2,0,1,1,1,9,1,50,1,2,1,0,1,0,54.0,,voiture,,1,2,2,1,6
202400024111,2024-01-25 17:35:00,2024,1,25,17,35,01,01451,CHAMBIERE (CHEMIN DE LA) PAIR,46.21134,5.21125,Nuit avec éclairage allumé,En agglomération,Passage à niveau,Normale,Autre collision,4,2,2,0,1,3,1,4,8,50,1,2,1,0,0,1,50.0,,transport_commun,,5,2,8,1,6
202400024112,2024-09-02 18:45:00,2024,9,2,18,45,92,92025,VALMY (BD DE),48.93099472,2.25519007,Plein jour,En agglomération,Hors intersection,Normale,Deux véhicules - frontale,3,2,4,2,1,1,1,0,5,30,2,3,1,0,0,2,77.0,16.0,voiture,deux_roues,1,2,1,1,1
202400024113,2024-01-24 17:40:00,2024,1,24,17,40,75,75119,BD PERIPHERIQUE EXTERIEUR,48.880227,2.406129,Crépuscule ou aube,En agglomération,Hors intersection,Normale,Deux véhicules - côté,4,1,4,0,1,1,1,0,1,70,2,2,1,0,0,1,60.0,43.0,deux_roues,voiture,2,2,1,1,3
202400024114,2024-07-29 13:55:00,2024,7,29,13,55,83,83023,Dn7,43.403691,6.009028,Plein jour,Hors agglomération,Hors intersection,Normale,Trois véhicules et plus - collisions multiples,3,2,2,0,1,1,1,0,1,90,3,5,2,0,1,2,79.0,51.0,voiture,voiture,1,1,1,1,5
202400024115,2024-09-04 12:25:00,2024,9,4,12,25,92,92012,CHATEAU (RUE DU) 127/FIN - 133/FIN,48.84416338,2.24981797,Plein jour,En agglomération,Intersection en X,Normale,Deux véhicules - côté,3,2,2,0,1,1,1,0,1,30,2,2,1,0,0,1,69.0,11.0,deux_roues,deux_roues,1,2,2,1,3
202400024115,2024-09-04 12:25:00,2024,9,4,12,25,92,92012,CHATEAU (RUE DU) 127/FIN - 133/FIN,48.84416338,2.24981797,Plein jour,En agglomération,Intersection en X,Normale,Deux véhicules - côté,3,2,0,1,1,1,1,0,1,30,2,2,1,0,0,1,69.0,11.0,deux_roues,deux_roues,1,2,2,1,3
202400024116,2024-01-24 21:30:00,2024,1,24,21,30,75,75115,BD PERIPHERIQUE EXTERIEUR,48.833317,2.278216,Nuit avec éclairage allumé,En agglomération,Hors intersection,Normale,Deux véhicules - frontale,4,1,3,0,1,1,1,0,1,70,2,2,1,0,0,1,26.0,25.0,deux_roues,deux_roues,5,2,1,1,1
202400024117,2024-07-20 19:45:00,2024,7,20,19,45,13,13086,32 Avenue des Allies,43.349152,5.603564,Plein jour,En agglomération,Hors intersection,Normale,Deux véhicules - frontale,3,2,2,0,1,3,1,0,1,50,1,2,1,0,0,1,24.0,,voiture,,1,2,1,1,1
202400024118,2024-07-29 00:30:00,2024,7,29,0,30,21,21038,Rue de Moissey,47.195093,5.395647,Nuit avec éclairage allumé,En agglomération,Hors intersection,Normale,Autre collision,3,2,2,0,1,2,1,5,1,50,1,1,0,0,1,0,39.0,,deux_roues,,5,2,1,1,6
202400024119,2024-01-25 08:50:00,2024,1,25,8,50,75,75113,AVENUE DE CHOISY,48.829776,2.357132,Plein jour,En agglomération,Intersection en T,Normale,Autre collision,4,2,4,1,1,1,1,0,1,30,1,2,1,0,1,0,47.0,,deux_roues,,1,2,3,1,6
202400024119,2024-01-25 08:50:00,2024,1,25,8,50,75,75113,AVENUE DE CHOISY,48.829776,2.357132,Plein jour,En agglomération,Intersection en T,Normale,Autre collision,4,2, -1,-1,1,1,1,0,1,30,1,2,1,0,1,0,47.0,,deux_roues,,1,2,3,1,6
202400024120,2024-09-05 20:20:00,2024,9,5,20,20,22,22190,Place de la Mairie,48.527125,-2.080359,Crépuscule ou aube,En agglomération,Hors intersection,Normale,Autre collision,4,1,1,0,1,1,1,0,1,30,1,2,1,0,1,0,49.0,,voiture,,2,2,1,1,6
202400024121,2024-01-24 22:35:00,2024,1,24,22,35,75,75118,RUE LOUIS PASTEUR VALERY RADOT,48.900353,2.332514,Nuit sans éclairage public,En agglomération,Hors intersection,Normale,Autre collision,4,-1, -1,0,1,1,1,0,1,30,1,2,1,0,1,0,36.0,,transport_commun,,3,2,1,1,6
202400024122,2024-07-29 21:30:00,2024,7,29,21,30,68,68269,Ribeauvillé,48.189015,7.350347,Nuit sans éclairage public,Hors agglomération,Intersection en T,Normale,Deux véhicules - côté,3,2,1,0,1,2,1,0,1,-1,2,2,0,0,1,1,53.0,27.0,voiture,voiture,3,1,3,1,3
202400024122,2024-07-29 21:30:00,2024,7,29,21,30,68,68269,Ribeauvillé,48.189015,7.350347,Nuit sans éclairage public,Hors agglomération,Intersection en T,Normale,Deux véhicules - côté,3,-1, -1,-1,1,1,1,0,1,-1,2,2,0,0,1,1,53.0,27.0,voiture,voiture,3,1,3,1,3
202400024123,2024-09-04 14:18:00,2024,9,4,14,18,68,68162,D415,48.143719,7.255601,Plein jour,Hors agglomération,Hors intersection,Normale,Deux véhicules - frontale,3,3,2,0,1,1,1,0,1,-1,2,2,1,0,1,0,45.0,71.0,voiture,deux_roues,1,1,1,1,1
202400024124,2024-01-25 08:35:00,2024,1,25,8,35,75,75117,BOULEVARD MALESHERBES,48.881224,2.312178,Plein jour,En agglomération,Intersection en T,Pluie légère,Autre collision,4,1,2,1,1,1,2,0,1,30,1,2,1,0,0,1,25.0,,deux_roues,,1,2,3,2,6
202400024124,2024-01-25 08:35:00,2024,1,25,8,35,75,75117,BOULEVARD MALESHERBES,48.881224,2.312178,Plein jour,En agglomération,Intersection en T,Pluie légère,Autre collision,4,1, -1,-1,1,1,2,0,1,30,1,2,1,0,0,1,25.0,,deux_roues,,1,2,3,2,6
202400024125,2024-07-29 17:30:00,2024,7,29,17,30,55,55366,D994,48.803556,5.116217,Plein jour,Hors agglomération,Hors intersection,Normale,Sans collision,3,2,2,0,1,1,1,0,1,90,1,1,0,0,0,1,40.0,,deux_roues,,1,1,1,1,7
202400024126,2024-09-04 12:55:00,2024,9,4,12,55,41,41046,A71,47.63571647,1.95193403,Plein jour,Hors agglomération,Hors intersection,Normale,Autre collision,1,3,2,0,1,1,1,0,3,130,1,2,1,0,1,0,,,voiture,,1,1,1,1,6
202400024127,2024-07-30 09:45:00,2024,7,30,9,45,81,81140,1 avenue pierre fabre,43.698519,1.814903,Plein jour,En agglomération,Hors intersection,Normale,Autre collision,3,2,1,0,1,1,1,9,1,50,1,2,1,0,1,0,54.0,,utilitaire_camion,,1,2,1,1,6
202400024128,2024-01-24 16:15:00,2024,1,24,16,15,75,75116,AVENUE DE LA PORTE DE SAINT CLOUD,48.83841219,2.25409788,Plein jour,En agglomération,Intersection en T,Normale,Trois véhicules et plus - collisions multiples,4,-1, -1,0,1,1,1,0,1,30,3,3,2,0,0,1,87.0,57.0,voiture,utilitaire_camion,1,2,3,1,5
202400024128,2024-01-24 16:15:00,2024,1,24,16,15,75,75116,AVENUE DE LA PORTE DE SAINT CLOUD,48.83841219,2.25409788,Plein jour,En agglomération,Intersection en T,Normale,Trois véhicules et plus - collisions multiples,4,1, -1,0,1,1,1,0,1,30,3,3,2,0,0,1,87.0,57.0,voiture,utilitaire_camion,1,2,3,1,5
202400024129,2024-09-05 05:20:00,2024,9,5,5,20,12,12131,D888,44.381627,2.657045,Nuit sans éclairage public,Hors agglomération,Hors intersection,Pluie légère,Deux véhicules - frontale,3,2,2,0,1,1,2,0,1,80,2,2,0,1,0,1,18.0,35.0,utilitaire_camion,voiture,3,1,1,2,1
202400024130,2024-01-25 10:30:00,2024,1,25,10,30,75,75115,BOULEVARD DE VAUGIRARD,48.842206,2.320496,Plein jour,En agglomération,Intersection en T,Normale,Autre collision,4,1,1,0,1,1,1,0,1,30,1,1,0,0,0,1,29.0,,deux_roues,,1,2,3,1,6
202400024130,2024-01-25 10:30:00,2024,1,25,10,30,75,75115,BOULEVARD DE VAUGIRARD,48.842206,2.320496,Plein jour,En agglomération,Intersection en T,Normale,Autre collision,4,1, -1,-1,1,1,1,0,1,30,1,1,0,0,0,1,29.0,,deux_roues,,1,2,3,1,6
202400024131,2024-07-29 00:10:00,2024,7,29,0,10,61,61080,D250,48.56468,-0.13808,Nuit sans éclairage public,Hors agglomération,Giratoire,Normale,Deux véhicules - côté,3,2,2,0,2,1,1,0,1,80,2,3,2,0,1,0,62.0,50.0,voiture,deux_roues,3,1,6,1,3
202400024131,2024-07-29 00:10:00,2024,7,29,0,10,61,61080,D250,48.56468,-0.13808,Nuit sans éclairage public,Hors agglomération,Giratoire,Normale,Deux véhicules - côté,3,2,2,0,2,1,1,0,1,80,2,3,2,0,1,0,62.0,50.0,voiture,deux_roues,3,1,6,1,3
202400024132,2024-01-24 21:48:00,2024,1,24,21,48,75,75115,RUE DE VOUILLE,48.833899,2.308125,Nuit avec éclairage allumé,En agglomération,Intersection en X,Temps couvert,Deux véhicules - côté,4,2,2,0,1,1,2,0,1,30,2,2,1,0,0,1,25.0,23.0,voiture,deux_roues,5,2,2,8,3
202400024132,2024-01-24 21:48:00,2024,1,24,21,48,75,75115,RUE DE VOUILLE,48.833899,2.308125,Nuit avec éclairage allumé,En agglomération,Intersection en X,Temps couvert,Deux véhicules - côté,4,1,1,1,1,1,2,0,1,30,2,2,1,0,0,1,25.0,23.0,voiture,deux_roues,5,2,2,8,3
202400024133,2024-07-30 13:03:00,2024,7,30,13,3,14,14066,832 Promenade des Français,49.335397,-0.411639,Plein jour,En agglomération,Hors intersection,Normale,Autre collision,4,-1,2,1,1,1,1,6,5,30,1,2,1,0,1,0,12.0,,deux_roues,,1,2,1,1,6
202400024134,2024-01-24 13:40:00,2024,1,24,13,40,75,75114,RUE FROIDEVAUX,48.83599396,2.32762206,Plein jour,En agglomération,Intersection en T,Normale,Sans collision,4,2,2,0,1,1,1,0,1,30,1,1,0,0,0,1,26.0,,deux_roues,,1,2,3,1,7
202400024134,2024-01-24 13:40:00,2024,1,24,13,40,75,75114,RUE FROIDEVAUX,48.83599396,2.32762206,Plein jour,En agglomération,Intersection en T,Normale,Sans collision,4,1,1,0,1,1,1,0,1,30,1,1,0,0,0,1,26.0,,deux_roues,,1,2,3,1,7
202400024135,2024-09-03 23:00:00,2024,9,3,23,0,35,35206,"Route Nationale 137, Point kilométrique 042+100",48.068932,-1.67696,Nuit sans éclairage public,Hors agglomération,Hors intersection,Normale,Trois véhicules et plus - collisions multiples,2,3,4,3,1,1,1,0,1,110,3,12,3,0,3,6,43.0,36.0,utilitaire_camion,voiture,3,1,1,1,5
202400024136,2024-07-21 17:55:00,2024,7,21,17,55,56,56023,Route de Saint-Guerin,47.703896,-3.00732,Plein jour,Hors agglomération,Hors intersection,Normale,Autre collision,4,2,2,0,1,1,1,0,3,80,1,2,1,0,1,0,63.0,,utilitaire_camion,,1,1,1,1,6
202400024137,2024-07-29 17:45:00,2024,7,29,17,45,22,22171,Rue de Mirette,48.406397,-2.817129,Plein jour,En agglomération,Hors intersection,Normale,Autre collision,4,2,2,0,2,1,1,0,3,30,1,1,0,0,1,0,45.0,,deux_roues,,1,2,1,1,6
202400024138,2024-09-05 09:30:00,2024,9,5,9,30,60,60176,Rue Saint-lazare,49.233321,2.890985,Plein jour,En agglomération,Hors intersection,Pluie forte,Autre collision,4,2,2,0,1,1,2,0,1,50,1,2,1,0,0,1,68.0,,voiture,,1,2,1,3,6
202400024139,2024-01-25 09:01:00,2024,1,25,9,1,75,75111,BOULEVARD RICHARD LENOIR,48.855104,2.370381,Plein jour,En agglomération,Intersection en T,Normale,Deux véhicules - côté,4,1,1,2,1,1,2,6,1,30,2,2,1,0,0,1,30.0,24.0,deux_roues,utilitaire_camion,1,2,3,1,3
202400024139,2024-01-25 09:01:00,2024,1,25,9,1,75,75111,BOULEVARD RICHARD LENOIR,48.855104,2.370381,Plein jour,En agglomération,Intersection en T,Normale,Deux véhicules - côté,4,1,1,0,1,1,2,6,1,30,2,2,1,0,0,1,30.0,24.0,deux_roues,utilitaire_camion,1,2,3,1,3
202400024140,2024-07-28 14:50:00,2024,7,28,14,50,22,22210,Rue Pierre Loti,48.80056,-3.009503,Plein jour,En agglomération,Hors intersection,Normale,Autre collision,4,2,2,0,2,1,1,0,1,50,1,1,0,0,0,1,11.0,,deux_roues,,1,2,1,1,6
202400024141,2024-09-04 17:12:00,2024,9,4,17,12,65,65447,11 Avenue de Tarbes,43.185708,0.238352,Plein jour,En agglomération,Hors intersection,Normale,Deux véhicules - côté,3,2,2,0,1,1,1,0,1,50,2,2,1,0,0,1,82.0,25.0,voiture,voiture,1,2,1,1,3
202400024142,2024-01-24 15:45:00,2024,1,24,15,45,75,75110,BOULEVARD DE BONNE NOUVELLE,48.870356,2.351437,Plein jour,En agglomération,Intersection en T,Normale,Deux véhicules - côté,4,2,5,1,1,1,1,0,1,30,2,2,1,0,0,1,57.0,31.0,deux_roues,voiture,1,2,3,1,3
202400024142,2024-01-24 15:45:00,2024,1,24,15,45,75,75110,BOULEVARD DE BONNE NOUVELLE,48.870356,2.351437,Plein jour,En agglomération,Intersection en T,Normale,Deux véhicules - côté,4,1, -1,-1,1,1,1,0,1,30,2,2,1,0,0,1,57.0,31.0,deux_roues,voiture,1,2,3,1,3
202400024143,2024-07-30 09:55:00,2024,7,30,9,55,76,76684,D39,49.486179,0.463732,Plein jour,Hors agglomération,Hors intersection,Normale,Deux véhicules - frontale,3,2,2,0,2,3,1,0,1,50,2,2,1,0,0,1,33.0,60.0,voiture,voiture,1,1,1,1,1
202400024144,2024-09-03 08:00:00,2024,9,3,8,0,77,77406,D204,48.860571,3.215344,Plein jour,Hors agglomération,Hors intersection,Normale,Sans collision,3,2,2,0,1,1,1,0,1,80,1,1,0,0,1,0,39.0,,voiture,,1,1,1,1,7
202400024145,2024-01-25 14:50:00,2024,1,25,14,50,75,75109,RUE JOUBERT,48.874622,2.331391,Plein jour,En agglomération,Intersection en T,Normale,Autre collision,4,1, -1,-1,1,1,1,0,1,30,1,2,1,0,0,1,31.0,,voiture,,1,2,3,1,6
202400024145,2024-01-25 14:50:00,2024,1,25,14,50,75,75109,RUE JOUBERT,48.874622,2.331391,Plein jour,En agglomération,Intersection en T,Normale,Autre collision,4,1,1,0,1,1,1,0,1,30,1,2,1,0,0,1,31.0,,voiture,,1,2,3,1,6
202400024146,2024-07-27 18:30:00,2024,7,27,18,30,13,13070,A50,43.28503464,5.51675262,Plein jour,Hors agglomération,Hors intersection,Normale,Deux véhicules - arrière,1,3,6,0,1,1,1,0,1,90,2,3,1,0,0,2,37.0,20.0,voiture,voiture,1,1,1,1,2
202400024147,2024-09-02 17:03:00,2024,9,2,17,3,19,19138,Avenue de Versailles,45.050123,1.669627,Plein jour,Hors agglomération,Intersection en Y,Normale,Sans collision,3,2,2,0,1,1,1,0,1,70,1,2,0,0,2,0,75.0,,deux_roues,,1,1,4,1,7
202400024147,2024-09-02 17:03:00,2024,9,2,17,3,19,19138,Avenue de Versailles,45.050123,1.669627,Plein jour,Hors agglomération,Intersection en Y,Normale,Sans collision,3,2, -1,-1,1,1,1,0,1,80,1,2,0,0,2,0,75.0,,deux_roues,,1,1,4,1,7
202400024148,2024-01-25 09:10:00,2024,1,25,9,10,75,75108,RUE DE MONCEAU,48.879414,2.314295,Plein jour,En agglomération,Intersection en X,Normale,Deux véhicules - côté,4,2,2,0,2,1,1,0,1,50,2,2,1,0,0,1,26.0,25.0,deux_roues,voiture,1,2,2,1,3
202400024148,2024-01-25 09:10:00,2024,1,25,9,10,75,75108,RUE DE MONCEAU,48.879414,2.314295,Plein jour,En agglomération,Intersection en X,Normale,Deux véhicules - côté,4,1, -1,0,1,1,1,0,1,30,2,2,1,0,0,1,26.0,25.0,deux_roues,voiture,1,2,2,1,3
202400024149,2024-07-25 11:30:00,2024,7,25,11,30,69,69266,Boulevard Périphérique Laurent Bonnevay,45.7804236,4.89423926,Plein jour,En agglomération,Hors intersection,Normale,Deux véhicules - arrière,7,3,6,0,1,1,1,0,1,70,2,2,1,0,0,1,51.0,25.0,voiture,voiture,1,2,1,1,2
202400024150,2024-07-11 15:30:00,2024,7,11,15,30,56,56198,7 Rue du Lac,48.074334,-2.754971,Plein jour,En agglomération,Intersection en T,Pluie légère,Autre collision,3,2,2,0,1,1,2,0,4,50,1,1,0,1,0,0,85.0,,voiture,,1,2,3,2,6
202400024150,2024-07-11 15:30:00,2024,7,11,15,30,56,56198,7 Rue du Lac,48.074334,-2.754971,Plein jour,En agglomération,Intersection en T,Pluie légère,Autre collision,3,2,2,-1,2,1,2,0,4,-1,1,1,0,1,0,0,85.0,,voiture,,1,2,3,2,6
202400024151,2024-07-29 09:12:00,2024,7,29,9,12,33,33281,,44.846074,-0.670639,Plein jour,Hors agglomération,Hors intersection,Normale,Autre collision,1,3,8,0,1,1,1,0,1,90,1,1,0,0,1,0,52.0,,utilitaire_camion,,1,1,1,1,6
202400024152,2024-01-25 08:50:00,2024,1,25,8,50,75,75108,RUE DE LISBONNE,48.877633,2.31255,Plein jour,En agglomération,Intersection en X,Temps couvert,Autre collision,4,1,2,2,2,1,2,0,1,30,1,2,1,0,0,1,25.0,,deux_roues,,1,2,2,8,6
202400024152,2024-01-25 08:50:00,2024,1,25,8,50,75,75108,RUE DE LISBONNE,48.877633,2.31255,Plein jour,En agglomération,Intersection en X,Temps couvert,Autre collision,4,1,2,2,2,1,2,0,1,30,1,2,1,0,0,1,25.0,,deux_roues,,1,2,2,8,6
202400024153,2024-07-29 11:20:00,2024,7,29,11,20,94,94021,A6A,48.76224266,2.34059909,Plein jour,Hors agglomération,Hors intersection,Normale,Deux véhicules - côté,1,1,3,0,1,1,1,0,1,110,2,2,1,0,1,0,62.0,54.0,deux_roues,voiture,1,1,1,1,3
202400024154,2024-09-04 12:08:00,2024,9,4,12,8,31,31032,rond point de sainte germaine,43.68397,1.320737,Plein jour,En agglomération,Giratoire,Pluie légère,Deux véhicules - côté,7,2,2,0,1,1,2,9,1,50,2,5,2,0,0,3,63.0,67.0,voiture,voiture,1,2,6,2,3
202400024155,2024-01-24 16:30:00,2024,1,24,16,30,94,94004,Avenue du Général Leclerc / Avenue Charles de Gaulle,48.755017,2.505311,Plein jour,En agglomération,Autre intersection,Normale,Deux véhicules - côté,3,2,3,1,1,1,1,0,1,50,2,2,1,0,0,1,36.0,68.0,voiture,deux_roues,1,2,9,1,3
202400024155,2024-01-24 16:30:00,2024,1,24,16,30,94,94004,Avenue du Général Leclerc / Avenue Charles de Gaulle,48.755017,2.505311,Plein jour,En agglomération,Autre intersection,Normale,Deux véhicules - côté,3,3,4,0,1,1,1,0,1,50,2,2,1,0,0,1,36.0,68.0,voiture,deux_roues,1,2,9,1,3
202400024156,2024-07-29 06:40:00,2024,7,29,6,40,91,91553,RN 104,48.62896,2.48178,Plein jour,Hors agglomération,Hors intersection,Normale,Autre collision,2,3,4,0,2,1,1,0,1,90,1,1,0,0,0,1,19.0,,voiture,,1,1,1,1,6
202400024157,2024-07-29 08:20:00,2024,7,29,8,20,93,93005,AUTOROUTE A104,48.97356693,2.49167206,Plein jour,Hors agglomération,Hors intersection,Normale,Deux véhicules - côté,1,3,3,0,1,1,1,0,1,90,2,3,1,0,0,2,50.0,,voiture,voiture,1,1,1,1,3
202400024158,2024-09-04 22:19:00,2024,9,4,22,19,11,11397,22 Rue d'Anjou,43.206216,2.442222,Nuit avec éclairage allumé,En agglomération,Intersection en Y,Pluie légère,Deux véhicules - côté,4,2,2,-1,1,1,2,0,1,-1,2,4,3,0,0,1,21.0,40.0,deux_roues,voiture,5,2,4,2,3
202400024158,2024-09-04 22:19:00,2024,9,4,22,19,11,11397,22 Rue d'Anjou,43.206216,2.442222,Nuit avec éclairage allumé,En agglomération,Intersection en Y,Pluie légère,Deux véhicules - côté,4,2,2,0,1,3,2,0,1,50,2,4,3,0,0,1,21.0,40.0,deux_roues,voiture,5,2,4,2,3
202400024159,2024-07-18 08:30:00,2024,7,18,8,30,44,44143,54 Rue Aristide Briand,47.18180711,-1.54536569,Plein jour,En agglomération,Hors intersection,Normale,Deux véhicules - frontale,4,2,2,0,2,1,1,0,1,50,2,2,1,0,0,1,20.0,53.0,utilitaire_camion,voiture,1,2,1,1,1
202400024160,2024-09-05 11:45:00,2024,9,5,11,45,71,71093,940 Route de Pierre,46.852025,5.275902,Plein jour,Hors agglomération,Hors intersection,Pluie légère,Autre collision,3,2,2,0,1,1,2,0,3,80,1,2,1,0,1,0,59.0,,voiture,,1,1,1,2,6
202400024161,2024-01-25 20:00:00,2024,1,25,20,0,93,93031,Route de Saint-Lieu ,48.9551,2.33358,Nuit avec éclairage allumé,En agglomération,Autre intersection,Normale,Deux véhicules - arrière,3,3,2,2,1,1,2,0,1,50,2,2,1,0,0,1,36.0,32.0,voiture,deux_roues,5,2,9,1,2
202400024162,2024-02-14 00:20:00,2024,2,14,0,20,974,97411,LANCASTEL (BOULEVARD),-20.87601,55.45503,Nuit avec éclairage allumé,Hors agglomération,Autre intersection,Normale,Deux véhicules - arrière,2,1,2,0,1,1,1,0,1,70,2,2,1,0,1,0,35.0,28.0,deux_roues,voiture,5,1,9,1,2
202400024163,2024-09-05 07:45:00,2024,9,5,7,45,12,12204,D991,44.122823,3.197225,Plein jour,Hors agglomération,Hors intersection,Pluie légère,Autre collision,3,2,2,0,1,2,2,0,1,90,1,2,1,1,0,0,28.0,,voiture,,1,1,1,2,6
202400024164,2024-09-05 15:40:00,2024,9,5,15,40,46,46034,D840,44.715918,1.893881,Plein jour,Hors agglomération,Hors intersection,Normale,Autre collision,3,2,2,0,1,3,1,9,3,80,1,1,0,0,1,0,48.0,,utilitaire_camion,,1,1,1,1,6
202400024165,2024-01-24 14:50:00,2024,1,24,14,50,93,93030,Rue de la Haye / Avenue du 8 mai 1945,48.95664923,2.44518489,Plein jour,En agglomération,Intersection en X,Normale,Deux véhicules - côté,3,2,4,3,1,1,1,0,1,50,2,3,2,0,0,1,46.0,26.0,utilitaire_camion,voiture,1,2,2,1,3
202400024165,2024-01-24 14:50:00,2024,1,24,14,50,93,93030,Rue de la Haye / Avenue du 8 mai 1945,48.95664923,2.44518489,Plein jour,En agglomération,Intersection en X,Normale,Deux véhicules - côté,3,3,4,0,1,1,1,0,1,50,2,3,2,0,0,1,46.0,26.0,utilitaire_camion,voiture,1,2,2,1,3
202400024166,2024-03-21 16:15:00,2024,3,21,16,15,18,18279,48 Rue des Ponts,47.21914,2.06662,Plein jour,En agglomération,Intersection en X,Normale,Deux véhicules - côté,4,1,0,0,1,1,1,0,1,50,2,2,1,0,0,1,33.0,50.0,deux_roues,voiture,1,2,2,1,3
202400024166,2024-03-21 16:15:00,2024,3,21,16,15,18,18279,48 Rue des Ponts,47.21914,2.06662,Plein jour,En agglomération,Intersection en X,Normale,Deux véhicules - côté,4,2,0,0,1,1,1,0,1,50,2,2,1,0,0,1,33.0,50.0,deux_roues,voiture,1,2,2,1,3
202400024167,2024-09-03 13:40:00,2024,9,3,13,40,39,39322,,46.619261,5.849898,Plein jour,Hors agglomération,Hors intersection,Normale,Sans collision,3,2,2,0,1,3,1,0,1,80,1,1,0,0,1,0,47.0,,deux_roues,,1,1,1,1,7
202400024168,2024-01-25 09:10:00,2024,1,25,9,10,92,92063,EGLISE (PLACE DE L'),48.87612247,2.18065935,Plein jour,En agglomération,Hors intersection,Normale,Autre collision,4,1,1,0,1,2,1,6,1,30,1,2,1,0,0,1,41.0,,utilitaire_camion,,1,2,1,1,6
202400024169,2024-09-04 14:45:00,2024,9,4,14,45,29,29163,Rue Georges Brassens,48.505282,-3.872176,Plein jour,En agglomération,Intersection en T,Normale,Autre collision,4,2, -1,-1,1,1,1,0,1,-1,1,1,0,0,1,0,27.0,,voiture,,1,2,3,1,6
202400024169,2024-09-04 14:45:00,2024,9,4,14,45,29,29163,Rue Georges Brassens,48.505282,-3.872176,Plein jour,En agglomération,Intersection en T,Normale,Autre collision,4,2,2,0,1,3,1,0,1,50,1,1,0,0,1,0,27.0,,voiture,,1,2,3,1,6
202400024170,2024-07-28 17:50:00,2024,7,28,17,50,92,92078,VERDUN (AVENUE) (IMPAIRS 75 AV J JAURES),48.93486055,2.32484221,Plein jour,En agglomération,Intersection en X,Normale,Deux véhicules - côté,3,3,0,0,1,1,1,5,1,50,2,2,1,0,1,0,40.0,32.0,voiture,deux_roues,1,2,2,1,3