accident_id,datetime,annee,mois,jour,heure,minute,departement,commune_insee,adresse,latitude,longitude,luminosite,agglomeration,intersection,meteo,collision,catr,circ,nbv,vosp,prof,plan,surf,infra,situ,vma,nb_vehicules,nb_usagers,nb_indemnes,nb_tues,nb_blesses_hosp,nb_blesses_legers,age_cond_1,age_cond_2,veh_type_cond_1,veh_type_cond_2,lum_code,agg_code,int_code,atm_code,col_code
202400024170,2024-07-28 17:50:00,2024,7,28,17,50,92,92078,VERDUN (AVENUE) (IMPAIRS 75 AV J JAURES),48.93486055,2.32484221,Plein jour,En agglomération,Intersection en X,Normale,Deux véhicules - côté,3,3,0,0,1,1,1,0,1,50,2,2,1,0,1,0,40.0,32.0,voiture,deux_roues,1,2,2,1,3
202400024171,2024-01-25 17:30:00,2024,1,25,17,30,92,92050,JOLIOT CURIE F. ET IRENE AVENUE  N°PAIRS,48.89169,2.20835,Nuit avec éclairage allumé,En agglomération,Hors intersection,Pluie légère,Deux véhicules - arrière,3,1,2,1,1,1,2,0,1,50,2,3,2,0,0,1,95.0,39.0,voiture,voiture,5,2,1,2,2
202400024172,2024-08-22 15:55:00,2024,8,22,15,55,01,01019,Route d?Hauteville,45.864427,5.55843,Plein jour,Hors agglomération,Hors intersection,Normale,Autre collision,4,2,2,0,1,3,1,0,1,80,1,1,0,0,1,0,51.0,,deux_roues,,1,1,1,1,6
202400024173,2024-05-27 05:30:00,2024,5,27,5,30,57,57521,Rue de Gaubiving,49.172754,6.919745,Crépuscule ou aube,En agglomération,Hors intersection,Normale,Deux véhicules - frontale,3,2,2,0,2,1,1,0,1,50,2,2,0,0,0,2,53.0,44.0,voiture,voiture,2,2,1,1,1
202400024174,2024-01-25 16:29:00,2024,1,25,16,29,92,92020,MALAKOFF RUE DE,48.80582828,2.28698015,Plein jour,En agglomération,Hors intersection,Pluie légère,Deux véhicules - frontale,4,1,1,1,1,1,2,0,5,30,2,2,1,0,0,1,37.0,28.0,deux_roues,voiture,1,2,1,2,1
202400024175,2024-08-28 04:20:00,2024,8,28,4,20,01,01246,Route de Polliat,46.240505,5.064453,Crépuscule ou aube,Hors agglomération,Intersection en X,Normale,Deux véhicules - côté,3,-1,2,0,4,1,1,0,1,80,2,2,0,0,1,1,45.0,30.0,voiture,utilitaire_camion,2,1,2,1,3
202400024175,2024-08-28 04:20:00,2024,8,28,4,20,01,01246,Route de Polliat,46.240505,5.064453,Crépuscule ou aube,Hors agglomération,Intersection en X,Normale,Deux véhicules - côté,3,2,2,0,3,1,1,0,1,-1,2,2,0,0,1,1,45.0,30.0,voiture,utilitaire_camion,2,1,2,1,3
202400024176,2024-07-28 18:05:00,2024,7,28,18,5,988,98818,N°134 PROMENADE ROGER LAROQUE,-22.30671,166.44782,Nuit avec éclairage allumé,En agglomération,Hors intersection,Normale,Autre collision,4,2,2,0,1,1,1,0,1,30,1,2,1,0,0,1,43.0,,voiture,,5,2,1,1,6
202400024177,2024-01-24 18:55:00,2024,1,24,18,55,92,92020,PARIS AVENUE DE N°84 A FIN,48.80825868,2.29620315,Crépuscule ou aube,En agglomération,Intersection en T,Normale,Deux véhicules - frontale,3,1,2,1,1,1,1,0,1,30,2,2,1,0,0,1,36.0,35.0,deux_roues,voiture,2,2,3,1,1
202400024177,2024-01-24 18:55:00,2024,1,24,18,55,92,92020,PARIS AVENUE DE N°84 A FIN,48.80825868,2.29620315,Crépuscule ou aube,En agglomération,Intersection en T,Normale,Deux véhicules - frontale,3,-1,2,0,1,1,1,0,1,30,2,2,1,0,0,1,36.0,35.0,deux_roues,voiture,2,2,3,1,1
202400024178,2024-07-27 15:05:00,2024,7,27,15,5,987,98735,POMARE (BVD BLOC FARE UTE),-17.535864,-149.568216,Plein jour,En agglomération,Hors intersection,Pluie légère,Sans collision,2,-1,2,0,1,2,2,0,1,50,1,2,0,0,0,2,16.0,,deux_roues,,1,2,1,2,7
202400024179,2024-01-24 15:45:00,2024,1,24,15,45,92,92026,SAINT DENIS BD (120 A 174 / 199 A 315),48.902597,2.2749128,Plein jour,En agglomération,Giratoire,Normale,Deux véhicules - côté,3,2,4,0,1,1,1,0,1,50,2,2,1,0,0,1,18.0,69.0,deux_roues,voiture,1,2,6,1,3
202400024179,2024-01-24 15:45:00,2024,1,24,15,45,92,92026,SAINT DENIS BD (120 A 174 / 199 A 315),48.902597,2.2749128,Plein jour,En agglomération,Giratoire,Normale,Deux véhicules - côté,3,1,1,0,1,1,1,0,1,50,2,2,1,0,0,1,18.0,69.0,deux_roues,voiture,1,2,6,1,3
202400024180,2024-07-28 12:50:00,2024,7,28,12,50,69,69152,Boulevard de l'Europe,45.6941,4.827,Plein jour,En agglomération,Hors intersection,Normale,Autre collision,7,2,3,0,1,1,1,2,1,50,1,2,1,0,1,0,31.0,,voiture,,1,2,1,1,6
202400024181,2024-08-30 11:30:00,2024,8,30,11,30,14,14299,214 Route de Saint-Benoît-d'Hébertot,49.339714,0.26392,Plein jour,Hors agglomération,Intersection en X,Normale,Deux véhicules - côté,3,2,2,0,1,1,1,0,1,80,2,4,3,0,1,0,53.0,83.0,voiture,voiture,1,1,2,1,3
202400024181,2024-08-30 11:30:00,2024,8,30,11,30,14,14299,214 Route de Saint-Benoît-d'Hébertot,49.339714,0.26392,Plein jour,Hors agglomération,Intersection en X,Normale,Deux véhicules - côté,3,2,2,0,1,1,1,0,1,80,2,4,3,0,1,0,53.0,83.0,voiture,voiture,1,1,2,1,3
202400024182,2024-09-04 20:02:00,2024,9,4,20,2,14,14312,1 Rue du Centre,49.381268,-1.055867,Crépuscule ou aube,En agglomération,Autre intersection,Pluie légère,Autre collision,6,-1, -1,0,1,1,2,0,1,50,1,1,0,0,1,0,79.0,,voiture,,2,2,9,2,6
202400024183,2024-01-25 17:15:00,2024,1,25,17,15,92,92025,CHARLES DE GAULLE (BD),48.91461908,2.22902709,Crépuscule ou aube,En agglomération,Intersection en X,Pluie légère,Autre collision,3,2,4,0,1,1,2,0,1,50,1,2,0,0,0,2,28.0,,deux_roues,,2,2,2,2,6
202400024183,2024-01-25 17:15:00,2024,1,25,17,15,92,92025,CHARLES DE GAULLE (BD),48.91461908,2.22902709,Crépuscule ou aube,En agglomération,Intersection en X,Pluie légère,Autre collision,3,2,2,0,1,1,2,0,1,50,1,2,0,0,0,2,28.0,,deux_roues,,2,2,2,2,6
202400024184,2024-07-28 19:20:00,2024,7,28,19,20,2A,2A004,8bis Avenue Beverini Vico,41.92651,8.73723,Plein jour,En agglomération,Hors intersection,Normale,Deux véhicules - arrière,4,2,2,0,3,1,1,0,1,50,2,4,1,0,0,3,67.0,29.0,voiture,deux_roues,1,2,1,1,2
202400024185,2024-09-05 06:30:00,2024,9,5,6,30,16,16002,N10,46.075393,0.195238,Crépuscule ou aube,Hors agglomération,Hors intersection,Brouillard / fumée,Sans collision,2,3,4,0,1,1,1,0,3,110,1,1,0,0,0,1,55.0,,utilitaire_camion,,2,1,1,5,7
202400024186,2024-01-25 13:30:00,2024,1,25,13,30,92,92024,CHANCE MILLY (RUE),48.89609294,2.30490357,Plein jour,En agglomération,Hors intersection,Normale,Autre collision,4,2,2,0,1,1,1,0,1,50,1,1,0,0,0,1,30.0,,deux_roues,,1,2,1,1,6
202400024187,2024-07-28 22:56:00,2024,7,28,22,56,2A,2A004,#117 bis Cours Jean Nicoli#,41.934,8.744,Nuit avec éclairage allumé,En agglomération,Intersection en T,Normale,Deux véhicules - côté,4,2,1,0,1,1,1,0,1,50,2,3,0,0,1,2,21.0,16.0,deux_roues,deux_roues,5,2,3,1,3
202400024187,2024-07-28 22:56:00,2024,7,28,22,56,2A,2A004,#117 bis Cours Jean Nicoli#,41.934,8.744,Nuit avec éclairage allumé,En agglomération,Intersection en T,Normale,Deux véhicules - côté,4,1,3,3,1,1,1,0,1,50,2,3,0,0,1,2,21.0,16.0,deux_roues,deux_roues,5,2,3,1,3
202400024188,2024-09-05 08:30:00,2024,9,5,8,30,07,07188,Route d'Annonay,45.194351,4.68517,Crépuscule ou aube,En agglomération,Hors intersection,Pluie légère,Autre collision,3,2,2,0,1,1,2,0,1,50,1,3,1,0,2,0,89.0,,voiture,,2,2,1,2,6
202400024189,2024-01-24 19:10:00,2024,1,24,19,10,92,92012,SEINE (RUE DE),48.82686192,2.25181317,Nuit avec éclairage allumé,En agglomération,Intersection en T,Normale,Deux véhicules - arrière,3,1,1,0,1,1,1,0,1,50,2,2,1,0,1,0,30.0,34.0,deux_roues,voiture,5,2,3,1,2
202400024189,2024-01-24 19:10:00,2024,1,24,19,10,92,92012,SEINE (RUE DE),48.82686192,2.25181317,Nuit avec éclairage allumé,En agglomération,Intersection en T,Normale,Deux véhicules - arrière,3,1,1,0,1,1,1,0,1,50,2,2,1,0,1,0,30.0,34.0,deux_roues,voiture,5,2,3,1,2
202400024190,2024-09-04 19:00:00,2024,9,4,19,0,07,07009,route d'annonay,45.239581,4.796592,Plein jour,En agglomération,Hors intersection,Pluie légère,Deux véhicules - frontale,3,2,2,0,4,3,8,0,1,50,2,2,0,0,0,2,19.0,42.0,voiture,voiture,1,2,1,2,1
202400024191,2024-07-28 00:22:00,2024,7,28,0,22,95,95424,D392,48.98063296,2.18251378,Nuit avec éclairage allumé,En agglomération,Intersection en X,Normale,Deux véhicules - côté,3,2,2,0,1,1,1,0,1,50,2,3,2,0,1,0,39.0,24.0,voiture,deux_roues,5,2,2,1,3
202400024191,2024-07-28 00:22:00,2024,7,28,0,22,95,95424,D392,48.98063296,2.18251378,Nuit avec éclairage allumé,En agglomération,Intersection en X,Normale,Deux véhicules - côté,3,2,2,0,1,1,1,0,1,50,2,3,2,0,1,0,39.0,24.0,voiture,deux_roues,5,2,2,1,3
202400024192,2024-01-25 16:50:00,2024,1,25,16,50,33,33138,,45.018677,-0.106854,Plein jour,Hors agglomération,Hors intersection,Normale,Deux véhicules - frontale,3,2,2,0,1,3,1,0,1,80,2,2,0,0,2,0,33.0,55.0,utilitaire_camion,voiture,1,1,1,1,1
202400024193,2024-08-31 10:35:00,2024,8,31,10,35,40,40001,16 avenue de verdun,43.702207,-0.26354,Plein jour,En agglomération,Hors intersection,Normale,Deux véhicules - côté,3,2,2,0,1,1,1,0,1,50,2,2,1,0,1,0,46.0,80.0,deux_roues,voiture,1,2,1,1,3
202400024194,2024-07-27 12:05:00,2024,7,27,12,5,86,86066,D161,46.781193,0.531967,Plein jour,Hors agglomération,Hors intersection,Pluie légère,Sans collision,3,2,2,0,1,3,2,0,1,90,1,1,0,0,0,1,43.0,,deux_roues,,1,1,1,2,7
202400024195,2024-02-23 19:40:00,2024,2,23,19,40,33,33447,Rue de la République,45.015377,-0.057251,Nuit avec éclairage allumé,En agglomération,Hors intersection,Pluie légère,Autre collision,3,2,2,0,1,1,2,5,1,50,1,2,1,0,1,0,48.0,,voiture,,5,2,1,2,6
202400024196,2024-09-04 18:50:00,2024,9,4,18,50,30,30009,D999,43.9737,3.411384,Crépuscule ou aube,Hors agglomération,Hors intersection,Pluie forte,Sans collision,3,2,2,0,2,3,2,0,8,80,1,2,0,0,1,1,64.0,,voiture,,2,1,1,3,7
202400024197,2024-07-28 10:15:00,2024,7,28,10,15,83,83144,Rond point de l'Université,43.13674,6.00065,Plein jour,En agglomération,Giratoire,Normale,Deux véhicules - côté,3,3,0,0,1,3,1,5,1,30,2,2,1,0,0,1,67.0,57.0,deux_roues,voiture,1,2,6,1,3
202400024198,2024-09-05 06:30:00,2024,9,5,6,30,88,88176,ROUTE DE SAINT-LOUP,47.96487,6.205559,Crépuscule ou aube,Hors agglomération,Hors intersection,Normale,Deux véhicules - frontale,3,2,2,0,1,1,1,0,1,-1,1,1,0,1,0,0,89.0,,voiture,,2,1,1,1,1
202400024199,2024-01-26 06:30:00,2024,1,26,6,30,71,71481,autoroute A6 PK 401.300 sens LYON-Paris,46.198232,4.778084,Nuit sans éclairage public,Hors agglomération,Hors intersection,Temps couvert,Deux véhicules - arrière,1,3,3,0,1,1,1,0,1,130,2,3,2,0,0,1,42.0,29.0,utilitaire_camion,voiture,3,1,1,8,2
202400024200,2024-07-27 19:15:00,2024,7,27,19,15,83,83050,GRASSE(AVENUE DE),43.5358418,6.49461287,Plein jour,En agglomération,Hors intersection,Normale,Trois véhicules et plus - en chaîne,3,4,1,0,2,2,1,8,1,50,3,3,1,0,0,2,50.0,76.0,voiture,voiture,1,2,1,1,4
202400024201,2024-07-28 22:00:00,2024,7,28,22,0,76,76391,Rue de Rouen,49.31914521,0.8995378,Nuit sans éclairage public,Hors agglomération,Hors intersection,Normale,Autre collision,7,2,2,0,1,1,1,0,1,70,1,2,0,0,1,1,17.0,,deux_roues,,3,1,1,1,6
202400024202,2024-07-28 16:05:00,2024,7,28,16,5,76,76540,Impasse de la Poudriere,49.42508,1.09765,Plein jour,En agglomération,Hors intersection,Normale,Autre collision,4,2,1,0,1,1,1,0,1,30,1,1,0,0,1,0,52.0,,deux_roues,,1,2,1,1,6
202400024203,2024-09-04 15:30:00,2024,9,4,15,30,987,98738,PK 17.300 sur la RT1,-17.652472,-149.599612,Plein jour,En agglomération,Hors intersection,Normale,Deux véhicules - frontale,2,2,2,0,1,1,1,0,1,60,2,3,0,1,1,1,60.0,74.0,voiture,voiture,1,2,1,1,1
202400024204,2024-01-23 09:30:00,2024,1,23,9,30,28,28330,d927,48.083383,1.422429,Plein jour,Hors agglomération,Hors intersection,Normale,Deux véhicules - frontale,3,-1,2,0,1,1,1,0,1,90,2,2,1,0,1,0,55.0,68.0,utilitaire_camion,voiture,1,1,1,1,1
202400024205,2024-07-23 16:50:00,2024,7,23,16,50,73,73065,BOISSE (AVENUE DE LA),45.58134,5.91151,Plein jour,En agglomération,Hors intersection,Normale,Autre collision,4,2,2,0,1,1,1,0,1,50,1,2,1,0,1,0,32.0,,voiture,,1,2,1,1,6
202400024206,2024-09-03 11:00:00,2024,9,3,11,0,987,98738,Rte du Lot. Punavai Nui - Voie Y,-17.618,-149.549,Plein jour,En agglomération,Hors intersection,Temps éblouissant,Deux véhicules - frontale,4,2,2,0,2,1,1,0,1,30,2,2,1,0,1,0,21.0,37.0,voiture,deux_roues,1,2,1,7,1
202400024207,2024-01-20 11:10:00,2024,1,20,11,10,11,11164,D607,43.282618,2.876256,Plein jour,Hors agglomération,Hors intersection,Normale,Deux véhicules - côté,3,2,2,0,1,1,1,0,1,80,2,2,1,0,0,1,67.0,75.0,deux_roues,voiture,1,1,1,1,3
202400024208,2024-07-28 22:30:00,2024,7,28,22,30,71,71153,JAURES (RUE JEAN),46.80618,4.42144,Nuit avec éclairage allumé,En agglomération,Hors intersection,Normale,Deux véhicules - côté,4,2,3,0,1,1,1,0,1,50,2,2,1,0,0,1,23.0,,deux_roues,voiture,5,2,1,1,3
202400024209,2024-01-22 21:00:00,2024,1,22,21,0,971,97132,Sapotille,15.981303,-61.626112,Nuit sans éclairage public,Hors agglomération,Autre intersection,Pluie légère,Autre collision,2,3,2,0,1,2,2,3,8,80,1,1,0,0,1,0,49.0,,deux_roues,,3,1,9,2,6
202400024210,2024-09-05 08:40:00,2024,9,5,8,40,13,13001,"Autoroute A51, point kilométrique 23+700, sens GAP/AIX-EN-PROVENCE",43.563197,5.46057,Plein jour,Hors agglomération,Hors intersection,Brouillard / fumée,Deux véhicules - arrière,1,1,2,0,1,3,2,0,1,110,2,2,1,0,1,0,44.0,27.0,utilitaire_camion,utilitaire_camion,1,1,1,5,2
202400024211,2024-01-23 18:00:00,2024,1,23,18,0,01,01357,199 Route des Carpates,46.176814,5.741327,Nuit avec éclairage allumé,En agglomération,Hors intersection,Pluie légère,Autre collision,3,2,2,0,1,3,2,0,1,50,1,2,1,0,1,0,69.0,,utilitaire_camion,,5,2,1,2,6
202400024212,2024-07-27 18:40:00,2024,7,27,18,40,68,68376,MINES (RUE DES),47.79915,7.31602,Plein jour,En agglomération,Hors intersection,Pluie légère,Autre collision,4,2,2,0,1,1,2,0,1,50,1,2,1,0,1,0,55.0,,voiture,,1,2,1,2,6
202400024213,2024-01-25 11:25:00,2024,1,25,11,25,83,83031,route thoronet d17,43.4299,6.329767,Plein jour,Hors agglomération,Hors intersection,Normale,Deux véhicules - côté,3,2,2,0,1,1,1,0,1,80,2,2,1,0,1,0,22.0,68.0,voiture,deux_roues,1,1,1,1,3
202400024214,2024-09-04 19:30:00,2024,9,4,19,30,973,97309,Route de Montjoly,4.9078029,-52.27286625,Nuit avec éclairage allumé,En agglomération,Intersection en X,Normale,Deux véhicules - côté,3,2,2,0,1,1,1,0,1,50,2,6,0,0,0,6,23.0,22.0,voiture,voiture,5,2,2,1,3
202400024214,2024-09-04 19:30:00,2024,9,4,19,30,973,97309,Route de Montjoly,4.9078029,-52.27286625,Nuit avec éclairage allumé,En agglomération,Intersection en X,Normale,Deux véhicules - côté,3,2, -1,-1,1,1,1,0,1,-1,2,6,0,0,0,6,23.0,22.0,voiture,voiture,5,2,2,1,3
202400024215,2024-07-28 18:30:00,2024,7,28,18,30,63,63113,JOUHAUX (BD LEON),45.80008,3.11227,Plein jour,En agglomération,Giratoire,Normale,Deux véhicules - côté,7,1,4,0,1,1,1,0,1,50,2,2,1,0,1,0,63.0,36.0,deux_roues,voiture,1,2,6,1,3
202400024215,2024-07-28 18:30:00,2024,7,28,18,30,63,63113,JOUHAUX (BD LEON),45.80008,3.11227,Plein jour,En agglomération,Giratoire,Normale,Deux véhicules - côté,7,-1,4,0,1,2,1,5,1,50,2,2,1,0,1,0,63.0,36.0,deux_roues,voiture,1,2,6,1,3
202400024216,2024-05-24 15:00:00,2024,5,24,15,0,89,89297,D958,47.423623,3.77978,Plein jour,Hors agglomération,Hors intersection,Normale,Sans collision,3,2,2,0,1,2,9,0,1,80,1,1,0,0,1,0,64.0,,deux_roues,,1,1,1,1,7
202400024217,2024-01-25 08:45:00,2024,1,25,8,45,51,51111,D980,49.183674,3.82277,Plein jour,Hors agglomération,Hors intersection,Pluie légère,Autre collision,3,2,2,0,1,1,2,0,3,90,1,1,0,0,1,0,19.0,,voiture,,1,1,1,2,6
202400024218,2024-07-29 00:25:00,2024,7,29,0,25,62,62765,D209,50.7587347,2.27758095,Nuit avec éclairage allumé,En agglomération,Hors intersection,Normale,Deux véhicules - côté,3,2,2,0,2,1,1,0,1,50,2,3,1,0,0,2,18.0,25.0,deux_roues,voiture,5,2,1,1,3
202400024219,2024-09-04 17:15:00,2024,9,4,17,15,33,33050,,44.532103,-0.130659,Plein jour,Hors agglomération,Hors intersection,Normale,Deux véhicules - arrière,1,3,4,0,2,1,1,0,1,130,2,4,1,0,1,2,56.0,51.0,utilitaire_camion,utilitaire_camion,1,1,1,1,2
202400024220,2024-05-24 16:10:00,2024,5,24,16,10,63,63343,D 58 PK 33 +000 / rue des Vieux chênes,45.701998,3.496195,Plein jour,Hors agglomération,Intersection en X,Normale,Deux véhicules - côté,3,2,2,0,2,1,1,0,1,90,2,2,1,0,0,1,44.0,18.0,voiture,voiture,1,1,2,1,3
202400024220,2024-05-24 16:10:00,2024,5,24,16,10,63,63343,D 58 PK 33 +000 / rue des Vieux chênes,45.701998,3.496195,Plein jour,Hors agglomération,Intersection en X,Normale,Deux véhicules - côté,3,2,2,0,2,1,1,0,1,90,2,2,1,0,0,1,44.0,18.0,voiture,voiture,1,1,2,1,3
202400024221,2024-01-26 05:00:00,2024,1,26,5,0,56,56034,Lieu dit Kergroix,47.635668,-3.053384,Nuit sans éclairage public,Hors agglomération,Hors intersection,Pluie légère,Deux véhicules - arrière,3,2,2,0,1,1,2,0,1,80,2,2,1,1,0,0,23.0,47.0,voiture,deux_roues,3,1,1,2,2
202400024222,2024-09-04 21:30:00,2024,9,4,21,30,2A,2A041,D60,41.410319,9.183492,Nuit sans éclairage public,En agglomération,Hors intersection,Normale,Autre collision,3,2,2,0,1,3,1,0,3,80,1,1,0,1,0,0,41.0,,deux_roues,,3,2,1,1,6
202400024223,2024-07-29 01:30:00,2024,7,29,1,30,62,62427,Boulevard de Herne,50.40441,2.97294,Nuit sans éclairage public,En agglomération,Hors intersection,Normale,Sans collision,4,2,0,0,1,2,1,0,1,50,1,4,0,0,0,4,19.0,,voiture,,3,2,1,1,7
202400024224,2024-05-25 16:25:00,2024,5,25,16,25,61,61052,18 Chemin de la Fonte,48.676985,0.571138,Plein jour,En agglomération,Hors intersection,Normale,Sans collision,4,2,2,0,1,1,1,0,1,50,1,2,1,1,0,0,68.0,,voiture,,1,2,1,1,7
202400024225,2024-01-25 11:00:00,2024,1,25,11,0,79,79202,,46.654249,-0.24796,Plein jour,En agglomération,Hors intersection,Normale,Autre collision,3,2,2,0,1,3,1,0,1,50,1,2,1,0,0,1,30.0,,voiture,,1,2,1,1,6
202400024226,2024-07-27 16:55:00,2024,7,27,16,55,62,62548,RUE DU CANAL,50.95438869,1.95719755,Plein jour,En agglomération,Hors intersection,Temps éblouissant,Sans collision,4,2,2,0,1,3,1,0,1,50,1,1,0,0,1,0,16.0,,deux_roues,,1,2,1,7,7
202400024227,2024-09-05 12:00:00,2024,9,5,12,0,34,34289,D18,43.390259,3.399743,Plein jour,Hors agglomération,Intersection en T,Normale,Deux véhicules - côté,3,2,2,0,1,1,1,0,1,80,2,2,1,0,1,0,84.0,36.0,voiture,deux_roues,1,1,3,1,3
202400024227,2024-09-05 12:00:00,2024,9,5,12,0,34,34289,D18,43.390259,3.399743,Plein jour,Hors agglomération,Intersection en T,Normale,Deux véhicules - côté,3,-1, -1,-1,1,1,-1,0,8,-1,2,2,1,0,1,0,84.0,36.0,voiture,deux_roues,1,1,3,1,3
202400024228,2024-07-28 20:40:00,2024,7,28,20,40,59,59367,CAVROIS (RUE),50.6689,3.20521,Plein jour,En agglomération,Hors intersection,Normale,Deux véhicules - frontale,4,2,2,0,1,3,1,0,1,50,2,2,1,0,0,1,25.0,17.0,voiture,voiture,1,2,1,1,1
202400024229,2024-05-25 07:10:00,2024,5,25,7,10,55,55551,D901,48.98049046,5.74812112,Plein jour,Hors agglomération,Hors intersection,Normale,Sans collision,3,2,2,0,1,1,1,0,1,90,1,5,4,0,0,1,19.0,,voiture,,1,1,1,1,7
202400024230,2024-01-25 07:40:00,2024,1,25,7,40,82,82049,Route du Port,44.127067,0.798078,Crépuscule ou aube,Hors agglomération,Hors intersection,Pluie légère,Trois véhicules et plus - collisions multiples,3,2,2,0,1,1,2,0,1,80,3,3,2,0,1,0,21.0,44.0,voiture,voiture,2,1,1,2,5
202400024231,2024-09-04 15:00:00,2024,9,4,15,0,67,67101,31 Rue de la Loi,48.523533,7.477779,Plein jour,En agglomération,Autre intersection,Normale,Autre collision,4,2,2,0,1,1,1,0,4,50,1,2,1,0,1,0,84.0,,voiture,,1,2,9,1,6
202400024232,2024-07-28 19:55:00,2024,7,28,19,55,47,47031,Avenue de Bigorre,44.18355,0.63263,Plein jour,En agglomération,Hors intersection,Normale,Autre collision,3,2,2,1,1,1,1,0,1,50,1,1,0,0,1,0,56.0,,voiture,,1,2,1,1,6
202400024233,2024-05-25 11:00:00,2024,5,25,11,0,42,42092,La Gilière,45.500181,4.359641,Plein jour,Hors agglomération,Hors intersection,Normale,Deux véhicules - côté,4,2,2,0,2,3,1,0,1,50,2,2,1,0,0,1,63.0,43.0,deux_roues,voiture,1,1,1,1,3
202400024234,2024-09-04 12:10:00,2024,9,4,12,10,67,67154,RD 468,48.373798,7.687511,Plein jour,Hors agglomération,Hors intersection,Normale,Sans collision,3,2,2,0,1,4,1,0,3,80,1,1,0,0,1,0,18.0,,voiture,,1,1,1,1,7
202400024235,2024-05-24 13:43:00,2024,5,24,13,43,68,68082,D2,47.864868,7.34513,Plein jour,En agglomération,Hors intersection,Pluie forte,Autre collision,3,2,2,2,1,1,3,0,1,50,1,2,1,0,0,1,20.0,,voiture,,1,2,1,3,6
202400024236,2024-01-26 07:40:00,2024,1,26,7,40,71,71038,D980,46.755291,4.358182,Crépuscule ou aube,Hors agglomération,Hors intersection,Pluie légère,Trois véhicules et plus - collisions multiples,3,2,2,0,3,1,2,0,1,80,4,4,2,1,1,0,25.0,59.0,voiture,voiture,2,1,1,2,5
202400024237,2024-07-28 09:40:00,2024,7,28,9,40,37,37122,CHINON (BOULEVARD DE),47.35456,0.69524,Plein jour,En agglomération,Intersection en X,Normale,Deux véhicules - côté,4,2,2,2,1,1,1,0,1,50,2,2,1,0,0,1,53.0,26.0,voiture,voiture,1,2,2,1,3
202400024237,2024-07-28 09:40:00,2024,7,28,9,40,37,37122,CHINON (BOULEVARD DE),47.35456,0.69524,Plein jour,En agglomération,Intersection en X,Normale,Deux véhicules - côté,4,2,2,0,1,1,1,0,1,50,2,2,1,0,0,1,53.0,26.0,voiture,voiture,1,2,2,1,3
202400024238,2024-09-04 17:30:00,2024,9,4,17,30,31,31451,17 Boulevard de la République,43.460199,2.003208,Plein jour,En agglomération,Intersection en X,Normale,Deux véhicules - côté,3,2,2,0,1,3,2,0,1,50,2,2,1,0,0,1,14.0,75.0,deux_roues,voiture,1,2,2,1,3
202400024238,2024-09-04 17:30:00,2024,9,4,17,30,31,31451,17 Boulevard de la République,43.460199,2.003208,Plein jour,En agglomération,Intersection en X,Normale,Deux véhicules - côté,3,1,2,0,1,1,2,0,1,30,2,2,1,0,0,1,14.0,75.0,deux_roues,voiture,1,2,2,1,3
202400024239,2024-01-25 12:30:00,2024,1,25,12,30,12,12102,route de la capelle viaur,44.259623,2.612268,Plein jour,Hors agglomération,Hors intersection,Normale,Deux véhicules - frontale,3,2,2,0,2,4,1,0,1,90,2,2,1,0,0,1,58.0,45.0,utilitaire_camion,utilitaire_camion,1,1,1,1,1
202400024240,2024-07-27 18:00:00,2024,7,27,18,0,35,35238,VOLGA (DE LA),48.08740143,-1.65218174,Plein jour,En agglomération,Hors intersection,Normale,Deux véhicules - arrière,4,2,2,0,1,1,1,0,1,30,2,2,1,0,0,1,32.0,8.0,voiture,deux_roues,1,2,1,1,2
202400024241,2024-05-24 16:20:00,2024,5,24,16,20,68,68340,Rue de Seppois,47.548544,7.159572,Plein jour,En agglomération,Hors intersection,Normale,Sans collision,3,-1,1,0,3,1,1,0,8,-1,1,1,0,0,0,1,21.0,,deux_roues,,1,2,1,1,7
202400024242,2024-01-26 08:30:00,2024,1,26,8,30,42,42029,Route de Rozier En Donzy,45.817958,4.26983,Plein jour,Hors agglomération,Hors intersection,Normale,Sans collision,3,2,2,0,2,3,1,0,1,80,1,1,0,0,1,0,24.0,,deux_roues,,1,1,1,1,7
202400024243,2024-07-28 21:40:00,2024,7,28,21,40,34,34172,BOUISSON-BERTRAND (AVENUE),43.617103,3.873419,Nuit avec éclairage allumé,En agglomération,Hors intersection,Normale,Autre collision,4,2,2,0,1,1,1,0,1,30,1,2,1,0,0,1,25.0,,voiture,,5,2,1,1,6
202400024244,2024-09-04 15:37:00,2024,9,4,15,37,17,17283,D137,45.553111,-0.556124,Plein jour,Hors agglomération,Hors intersection,Normale,Trois véhicules et plus - en chaîne,3,2,2,0,1,1,1,0,1,90,3,3,1,1,1,0,79.0,79.0,voiture,voiture,1,1,1,1,4
202400024245,2024-05-25 04:15:00,2024,5,25,4,15,39,39476,14 Rue de Dijon,47.039032,5.321181,Nuit sans éclairage public,En agglomération,Hors intersection,Normale,Autre collision,3,2,2,0,1,1,1,0,3,50,1,1,0,1,0,0,28.0,,voiture,,3,2,1,1,6
202400024246,2024-01-24 08:15:00,2024,1,24,8,15,42,42059,Rue de la Fraternité,45.640083,4.394328,Plein jour,En agglomération,Hors intersection,Normale,Sans collision,4,2,2,0,1,1,1,0,1,50,1,1,0,0,0,1,18.0,,deux_roues,,1,2,1,1,7