accident_id,datetime,annee,mois,jour,heure,minute,departement,commune_insee,adresse,latitude,longitude,luminosite,agglomeration,intersection,meteo,collision,catr,circ,nbv,vosp,prof,plan,surf,infra,situ,vma,nb_vehicules,nb_usagers,nb_indemnes,nb_tues,nb_blesses_hosp,nb_blesses_legers,age_cond_1,age_cond_2,veh_type_cond_1,veh_type_cond_2,lum_code,agg_code,int_code,atm_code,col_code
202400024390,2024-05-22 10:30:00,2024,5,22,10,30,91,91027,AV FRANCOIS MITTERRAND,48.71614,2.37105,Plein jour,En agglomération,Intersection en X,Normale,Deux véhicules - côté,2,1,0,0,1,1,1,0,1,50,2,4,2,0,0,2,20.0,68.0,voiture,utilitaire_camion,1,2,2,1,3
202400024390,2024-05-22 10:30:00,2024,5,22,10,30,91,91027,AV FRANCOIS MITTERRAND,48.71614,2.37105,Plein jour,En agglomération,Intersection en X,Normale,Deux véhicules - côté,2,2,0,0,1,1,1,0,1,50,2,4,2,0,0,2,20.0,68.0,voiture,utilitaire_camion,1,2,2,1,3
202400024391,2024-07-29 16:00:00,2024,7,29,16,0,88,88037,Route du Col des Hayes,47.98361241,6.79883793,Plein jour,Hors agglomération,Hors intersection,Autre,Sans collision,4,2,2,0,2,1,1,0,3,80,1,1,0,1,0,0,75.0,,deux_roues,,1,1,1,9,7
202400024392,2024-05-23 16:35:00,2024,5,23,16,35,91,91223,HENRI IV (BOULEVARD),48.43557,2.15737,Plein jour,En agglomération,Hors intersection,Normale,Deux véhicules - arrière,4,1,1,0,1,1,1,0,1,30,2,2,1,0,0,1,36.0,62.0,voiture,voiture,1,2,1,1,2
202400024393,2024-07-29 12:45:00,2024,7,29,12,45,88,88200,Rue de la mairie,48.230523,6.337998,Plein jour,En agglomération,Hors intersection,Normale,Deux véhicules - frontale,3,2,2,0,1,3,1,0,1,50,2,2,1,0,1,0,33.0,60.0,deux_roues,utilitaire_camion,1,2,1,1,1
202400024394,2024-07-29 10:10:00,2024,7,29,10,10,63,63311,A71,46.03980764,3.11309444,Plein jour,Hors agglomération,Hors intersection,Normale,Deux véhicules - arrière,1,3,3,0,2,1,1,0,1,130,2,2,1,0,1,0,33.0,41.0,deux_roues,utilitaire_camion,1,1,1,1,2
202400024395,2024-05-15 06:58:00,2024,5,15,6,58,89,89024,JEAN JAURES (AVENUE),47.80105,3.58132,Plein jour,En agglomération,Intersection en X,Normale,Trois véhicules et plus - collisions multiples,2,1,2,1,1,1,1,0,1,50,3,3,2,0,0,1,54.0,57.0,voiture,voiture,1,2,2,1,5
202400024395,2024-05-15 06:58:00,2024,5,15,6,58,89,89024,JEAN JAURES (AVENUE),47.80105,3.58132,Plein jour,En agglomération,Intersection en X,Normale,Trois véhicules et plus - collisions multiples,2,2,2,0,1,1,1,0,1,50,3,3,2,0,0,1,54.0,57.0,voiture,voiture,1,2,2,1,5
202400024396,2024-07-29 12:30:00,2024,7,29,12,30,35,35210,Les quatre vents,48.165831,-1.73838,Plein jour,Hors agglomération,Intersection en T,Normale,Deux véhicules - frontale,7,2,2,0,1,1,1,0,1,70,2,2,1,0,1,0,55.0,36.0,voiture,deux_roues,1,1,3,1,1
202400024396,2024-07-29 12:30:00,2024,7,29,12,30,35,35210,Les quatre vents,48.165831,-1.73838,Plein jour,Hors agglomération,Intersection en T,Normale,Deux véhicules - frontale,7,-1,1,-1,1,1,1,0,1,10,2,2,1,0,1,0,55.0,36.0,voiture,deux_roues,1,1,3,1,1
202400024397,2024-05-24 19:25:00,2024,5,24,19,25,88,88087,FRANCAIS (RUE DES),48.17228,6.43683,Plein jour,En agglomération,Hors intersection,Normale,Deux véhicules - côté,4,2,2,0,2,1,1,0,1,50,2,2,1,0,0,1,50.0,66.0,deux_roues,voiture,1,2,1,1,3
202400024398,2024-05-22 08:15:00,2024,5,22,8,15,85,85194,RD949,46.51323,-1.77648,Plein jour,En agglomération,Intersection en X,Normale,Deux véhicules - côté,3,4,1,1,1,2,1,5,1,50,2,2,1,0,1,0,61.0,20.0,voiture,deux_roues,1,2,2,1,3
202400024398,2024-05-22 08:15:00,2024,5,22,8,15,85,85194,RD949,46.51323,-1.77648,Plein jour,En agglomération,Intersection en X,Normale,Deux véhicules - côté,3,4,1,1,1,2,1,5,5,50,2,2,1,0,1,0,61.0,20.0,voiture,deux_roues,1,2,2,1,3
202400024399,2024-07-25 13:00:00,2024,7,25,13,0,31,31254,D916,43.534892,1.512959,Plein jour,Hors agglomération,Hors intersection,Normale,Deux véhicules - frontale,3,2,4,0,1,1,1,0,1,80,2,2,1,0,0,1,58.0,49.0,voiture,utilitaire_camion,1,1,1,1,1
202400024400,2024-05-23 16:40:00,2024,5,23,16,40,85,85191,Rue du moulin rouge,46.665024,-1.4150556,Plein jour,En agglomération,Giratoire,Normale,Deux véhicules - arrière,4,2,0,0,1,1,1,0,1,50,2,2,1,0,0,1,64.0,21.0,voiture,deux_roues,1,2,6,1,2
202400024401,2024-07-28 21:17:00,2024,7,28,21,17,45,45278,D41 PR 20 + 310,47.818907,2.835776,Crépuscule ou aube,En agglomération,Intersection en T,Normale,Autre collision,3,2,2,0,1,1,1,0,8,80,1,1,0,0,0,1,66.0,,voiture,,2,2,3,1,6
202400024401,2024-07-28 21:17:00,2024,7,28,21,17,45,45278,D41 PR 20 + 310,47.818907,2.835776,Crépuscule ou aube,En agglomération,Intersection en T,Normale,Autre collision,3,2,2,0,1,1,1,0,8,70,1,1,0,0,0,1,66.0,,voiture,,2,2,3,1,6
202400024402,2024-07-23 11:35:00,2024,7,23,11,35,66,66103,,42.643335,2.488902,Plein jour,Hors agglomération,Hors intersection,Normale,Trois véhicules et plus - collisions multiples,3,2,2,0,1,1,1,0,3,80,3,3,1,0,0,2,21.0,28.0,deux_roues,voiture,1,1,1,1,5
202400024403,2024-05-22 18:05:00,2024,5,22,18,5,84,84007,pont de l'europe,43.94504,4.79372,Plein jour,En agglomération,Hors intersection,Normale,Trois véhicules et plus - collisions multiples,3,3,4,0,1,1,1,2,1,70,4,5,4,0,0,1,50.0,26.0,voiture,voiture,1,2,1,1,5
202400024404,2024-05-23 08:00:00,2024,5,23,8,0,78,78551,RD 308,48.93803,2.0683,Plein jour,Hors agglomération,Hors intersection,Temps couvert,Autre collision,3,2,2,1,1,1,1,0,5,80,2,3,2,0,1,0,27.0,58.0,voiture,utilitaire_camion,1,1,1,8,6
202400024405,2024-05-23 13:30:00,2024,5,23,13,30,77,77305,PARIS (RUE DE),48.39000896,2.9565571,Plein jour,En agglomération,Intersection en T,Normale,Deux véhicules - côté,3,1,1,0,2,1,1,0,1,30,2,2,1,0,1,0,63.0,28.0,utilitaire_camion,deux_roues,1,2,3,1,3
202400024405,2024-05-23 13:30:00,2024,5,23,13,30,77,77305,PARIS (RUE DE),48.39000896,2.9565571,Plein jour,En agglomération,Intersection en T,Normale,Deux véhicules - côté,3,2,3,0,2,1,1,0,1,50,2,2,1,0,1,0,63.0,28.0,utilitaire_camion,deux_roues,1,2,3,1,3
202400024406,2024-07-29 17:30:00,2024,7,29,17,30,66,66008,,42.58355366,3.03164184,Plein jour,En agglomération,Intersection en T,Normale,Deux véhicules - côté,3,2,2,3,1,1,1,5,1,50,2,2,1,0,0,1,46.0,59.0,voiture,deux_roues,1,2,3,1,3
202400024406,2024-07-29 17:30:00,2024,7,29,17,30,66,66008,,42.58355366,3.03164184,Plein jour,En agglomération,Intersection en T,Normale,Deux véhicules - côté,3,2,2,-1,1,1,1,0,8,50,2,2,1,0,0,1,46.0,59.0,voiture,deux_roues,1,2,3,1,3
202400024407,2024-05-22 15:45:00,2024,5,22,15,45,77,77131,MARNE (BOULEVARD DE LA),48.80510782,3.09217687,Plein jour,En agglomération,Hors intersection,Pluie légère,Autre collision,4,2,2,0,1,1,2,0,1,50,1,2,1,0,0,1,84.0,,voiture,,1,2,1,2,6
202400024408,2024-07-29 12:30:00,2024,7,29,12,30,13,13100,D99,43.784635,4.878284,Plein jour,Hors agglomération,Intersection en T,Normale,Deux véhicules - arrière,3,2,2,0,1,1,1,0,1,80,2,6,3,0,0,3,64.0,42.0,voiture,voiture,1,1,3,1,2
202400024408,2024-07-29 12:30:00,2024,7,29,12,30,13,13100,D99,43.784635,4.878284,Plein jour,Hors agglomération,Intersection en T,Normale,Deux véhicules - arrière,3,2, -1,-1,1,1,1,0,1,-1,2,6,3,0,0,3,64.0,42.0,voiture,voiture,1,1,3,1,2
202400024409,2024-05-23 08:25:00,2024,5,23,8,25,76,76351,GEORGE V (QUAI),49.4908,0.11671,Plein jour,En agglomération,Intersection en T,Normale,Deux véhicules - côté,4,2,2,0,1,1,1,0,1,50,2,2,1,0,0,1,48.0,31.0,voiture,deux_roues,1,2,3,1,3
202400024409,2024-05-23 08:25:00,2024,5,23,8,25,76,76351,GEORGE V (QUAI),49.4908,0.11671,Plein jour,En agglomération,Intersection en T,Normale,Deux véhicules - côté,4,2,2,1,1,1,1,0,1,50,2,2,1,0,0,1,48.0,31.0,voiture,deux_roues,1,2,3,1,3
202400024410,2024-07-29 11:58:00,2024,7,29,11,58,38,38449,D518,45.61878,5.080082,Plein jour,Hors agglomération,Hors intersection,Normale,Deux véhicules - frontale,3,2,2,0,1,1,1,0,1,80,2,2,0,1,0,1,41.0,23.0,utilitaire_camion,deux_roues,1,1,1,1,1
202400024411,2024-07-26 19:30:00,2024,7,26,19,30,38,38382,17 Route de Grenoble,45.226655,5.68589,Plein jour,En agglomération,Hors intersection,Normale,Deux véhicules - côté,7,3,0,1,1,1,1,0,5,50,2,2,1,0,0,1,79.0,24.0,voiture,deux_roues,1,2,1,1,3
202400024412,2024-05-22 19:55:00,2024,5,22,19,55,76,76351,JULES GUESDE (RUE),49.510634,0.119316,Plein jour,En agglomération,Hors intersection,Normale,Deux véhicules - côté,4,2,2,0,2,1,1,0,1,50,2,2,1,0,0,1,46.0,57.0,deux_roues,voiture,1,2,1,1,3
202400024413,2024-05-22 12:25:00,2024,5,22,12,25,71,71270,Rue de l'Europe,46.30011,4.82493,Plein jour,En agglomération,Hors intersection,Normale,Autre collision,4,1,1,1,2,1,1,0,1,50,1,1,0,0,0,1,22.0,,deux_roues,,1,2,1,1,6
202400024414,2024-07-28 08:00:00,2024,7,28,8,0,01,01049,752 Route Nationale,45.845664,5.038288,Plein jour,En agglomération,Intersection en T,Normale,Deux véhicules - côté,3,2,2,0,1,1,1,0,1,-1,2,2,1,0,0,1,43.0,26.0,voiture,deux_roues,1,2,3,1,3
202400024414,2024-07-28 08:00:00,2024,7,28,8,0,01,01049,752 Route Nationale,45.845664,5.038288,Plein jour,En agglomération,Intersection en T,Normale,Deux véhicules - côté,3,-1, -1,0,1,1,1,0,1,30,2,2,1,0,0,1,43.0,26.0,voiture,deux_roues,1,2,3,1,3
202400024415,2024-07-28 15:24:00,2024,7,28,15,24,69,69208,680 Chemin de Conzy,45.87216,4.6231,Plein jour,Hors agglomération,Hors intersection,Temps éblouissant,Sans collision,4,2,2,0,1,2,1,0,1,80,1,1,0,0,1,0,42.0,,deux_roues,,1,1,1,7,7
202400024416,2024-05-23 19:15:00,2024,5,23,19,15,69,69266,22 Rue Docteur Ollier,45.767,4.88311,Plein jour,En agglomération,Hors intersection,Normale,Autre collision,4,1,1,0,1,1,1,0,1,30,1,2,1,0,0,1,45.0,,voiture,,1,2,1,1,6
202400024417,2024-07-28 06:15:00,2024,7,28,6,15,17,17102,Avenue de l'Estuaire,45.708217,-0.69128,Crépuscule ou aube,Hors agglomération,Hors intersection,Normale,Sans collision,3,2,2,0,1,3,1,0,3,80,1,4,0,1,1,2,25.0,,voiture,,2,1,1,1,7
202400024418,2024-07-29 16:20:00,2024,7,29,16,20,27,27240,Route de Conches,48.978868,0.788734,Plein jour,En agglomération,Hors intersection,Normale,Autre collision,3,2,2,0,2,2,1,0,4,50,1,1,0,1,0,0,84.0,,voiture,,1,2,1,1,6
202400024419,2024-05-23 01:10:00,2024,5,23,1,10,69,69290,Rue du Lyonnais,45.70120398,4.89969641,Nuit avec éclairage allumé,En agglomération,Giratoire,Normale,Autre collision,4,1,1,0,1,1,1,0,4,50,1,2,1,0,0,1,,,voiture,,5,2,6,1,6
202400024419,2024-05-23 01:10:00,2024,5,23,1,10,69,69290,Rue du Lyonnais,45.70120398,4.89969641,Nuit avec éclairage allumé,En agglomération,Giratoire,Normale,Autre collision,4,2,2,0,1,1,1,0,4,50,1,2,1,0,0,1,,,voiture,,5,2,6,1,6
202400024420,2024-07-29 15:15:00,2024,7,29,15,15,02,02381,D3050,49.935188,4.10688,Plein jour,Hors agglomération,Hors intersection,Normale,Deux véhicules - arrière,3,2,2,0,1,3,1,8,1,80,2,2,1,0,0,1,34.0,70.0,utilitaire_camion,deux_roues,1,1,1,1,2
202400024421,2024-05-22 20:10:00,2024,5,22,20,10,69,69259,Avenue Maurice Thorez,45.70044,4.86774,Crépuscule ou aube,En agglomération,Intersection en T,Pluie légère,Deux véhicules - côté,4,2,2,0,1,1,2,0,1,50,2,2,1,0,0,1,23.0,46.0,voiture,voiture,2,2,3,2,3
202400024421,2024-05-22 20:10:00,2024,5,22,20,10,69,69259,Avenue Maurice Thorez,45.70044,4.86774,Crépuscule ou aube,En agglomération,Intersection en T,Pluie légère,Deux véhicules - côté,4,2,2,0,1,1,2,0,1,50,2,2,1,0,0,1,23.0,46.0,voiture,voiture,2,2,3,2,3
202400024422,2024-07-27 19:45:00,2024,7,27,19,45,13,13106,A7-Sens Lyon vers Marseille,43.39959526,5.34924076,Plein jour,Hors agglomération,Hors intersection,Normale,Deux véhicules - arrière,1,1,2,0,1,1,1,0,1,90,3,5,4,0,0,1,54.0,49.0,voiture,voiture,1,1,1,1,2
202400024423,2024-05-22 14:47:00,2024,5,22,14,47,69,69271,Route de Lyon,45.7387,4.96473,Plein jour,En agglomération,Hors intersection,Normale,Deux véhicules - arrière,4,1,1,0,1,1,1,0,1,50,2,3,2,0,0,1,46.0,36.0,utilitaire_camion,voiture,1,2,1,1,2
202400024424,2024-05-21 15:45:00,2024,5,21,15,45,67,67482,MARCHE GARE (RUE DU),48.59772,7.73544,Plein jour,En agglomération,Hors intersection,Normale,Autre collision,4,3,5,1,1,1,1,5,1,50,1,5,4,0,1,0,34.0,,utilitaire_camion,,1,2,1,1,6
202400024425,2024-07-28 06:50:00,2024,7,28,6,50,83,83047,A570,43.13422723,6.04850543,Plein jour,Hors agglomération,Hors intersection,Normale,Deux véhicules - frontale,1,1,4,0,1,2,1,0,1,110,2,3,1,0,0,2,24.0,47.0,voiture,voiture,1,1,1,1,1
202400024426,2024-07-28 05:00:00,2024,7,28,5,0,78,78029,A13Y,48.963662,1.841681,Nuit sans éclairage public,Hors agglomération,Hors intersection,Normale,Deux véhicules - arrière,1,1,6,0,1,1,1,0,1,130,2,2,1,0,0,1,61.0,39.0,utilitaire_camion,voiture,3,1,1,1,2
202400024427,2024-05-23 08:55:00,2024,5,23,8,55,65,65440,COMMANDO HISPANO (RUE DU),43.22299,0.08876,Plein jour,En agglomération,Intersection en X,Normale,Deux véhicules - côté,4,2,2,0,1,1,1,0,1,50,2,2,1,0,1,0,37.0,68.0,deux_roues,voiture,1,2,2,1,3
202400024427,2024-05-23 08:55:00,2024,5,23,8,55,65,65440,COMMANDO HISPANO (RUE DU),43.22299,0.08876,Plein jour,En agglomération,Intersection en X,Normale,Deux véhicules - côté,4,2,2,0,1,1,1,0,1,50,2,2,1,0,1,0,37.0,68.0,deux_roues,voiture,1,2,2,1,3
202400024428,2024-07-27 17:25:00,2024,7,27,17,25,92,92063,A86,48.87132588,2.15734398,Plein jour,Hors agglomération,Hors intersection,Pluie légère,Deux véhicules - côté,1,1,4,0,2,2,2,1,1,70,2,2,1,0,0,1,43.0,40.0,voiture,voiture,1,1,1,2,3
202400024429,2024-05-23 17:17:00,2024,5,23,17,17,64,64249,GETARIA(AVENUE),43.41627594,-1.61071479,Plein jour,Hors agglomération,Hors intersection,Normale,Trois véhicules et plus - en chaîne,3,2,2,0,2,1,1,0,1,70,3,3,2,0,0,1,54.0,20.0,voiture,voiture,1,1,1,1,4
202400024430,2024-07-28 16:35:00,2024,7,28,16,35,93,93078,AUTOROUTE A104,48.96779609,2.50939444,Plein jour,Hors agglomération,Hors intersection,Normale,Trois véhicules et plus - collisions multiples,1,1,3,0,2,1,1,0,1,50,3,3,2,0,0,1,25.0,23.0,voiture,deux_roues,1,1,1,1,5
202400024431,2024-05-23 15:10:00,2024,5,23,15,10,64,64445,HONORE BARADAT,43.30435,-0.36593,Plein jour,En agglomération,Hors intersection,Normale,Autre collision,4,2,2,0,1,1,1,0,1,50,1,2,1,0,0,1,74.0,,voiture,,1,2,1,1,6
202400024432,2024-07-28 05:30:00,2024,7,28,5,30,95,95218,A15,49.03516562,2.09832362,Crépuscule ou aube,Hors agglomération,Autre intersection,Normale,Autre collision,1,3,4,0,1,1,1,9,3,90,1,1,0,0,0,1,28.0,,voiture,,2,1,9,1,6
202400024433,2024-07-28 04:30:00,2024,7,28,4,30,93,93010,AUTOROUTE A3,48.91441816,2.47750685,Nuit sans éclairage public,Hors agglomération,Hors intersection,Normale,Deux véhicules - côté,1,3,3,0,1,1,1,0,1,90,1,1,0,0,0,1,46.0,,voiture,,3,1,1,1,3
202400024434,2024-05-23 13:35:00,2024,5,23,13,35,63,63113,rue Victor Basch / rue de la Crouzille,45.76715,3.11577,Plein jour,En agglomération,Intersection en X,Pluie légère,Deux véhicules - côté,4,2,2,0,1,1,2,0,1,30,2,3,1,0,0,2,17.0,24.0,voiture,voiture,1,2,2,2,3
202400024434,2024-05-23 13:35:00,2024,5,23,13,35,63,63113,rue Victor Basch / rue de la Crouzille,45.76715,3.11577,Plein jour,En agglomération,Intersection en X,Pluie légère,Deux véhicules - côté,4,2,2,0,2,1,2,0,1,30,2,3,1,0,0,2,17.0,24.0,voiture,voiture,1,2,2,2,3
202400024435,2024-07-28 01:15:00,2024,7,28,1,15,95,95351,N104,49.0279974,2.50542558,Nuit sans éclairage public,Hors agglomération,Hors intersection,Normale,Autre collision,2,3,6,0,1,1,1,0,1,110,1,1,0,0,1,0,46.0,,voiture,,3,1,1,1,6
202400024436,2024-07-27 20:50:00,2024,7,27,20,50,95,95277,A1,48.97199933,2.48500102,Plein jour,Hors agglomération,Hors intersection,Normale,Autre collision,1,1,3,0,2,2,1,0,1,70,1,2,1,0,0,1,26.0,,voiture,,1,1,1,1,6
202400024437,2024-05-23 15:20:00,2024,5,23,15,20,62,62250,D46,50.46262072,2.96325169,Plein jour,Hors agglomération,Hors intersection,Normale,Trois véhicules et plus - en chaîne,3,2,2,0,1,1,1,0,1,80,3,3,1,0,1,1,24.0,24.0,deux_roues,deux_roues,1,1,1,1,4
202400024438,2024-05-22 13:05:00,2024,5,22,13,5,62,62498,D58E1,50.43251105,2.82265538,Plein jour,En agglomération,Intersection à plus de 4 branches,Pluie légère,Autre collision,3,2,2,0,1,1,2,5,1,50,1,2,1,0,0,1,41.0,,voiture,,1,2,5,2,6
202400024438,2024-05-22 13:05:00,2024,5,22,13,5,62,62498,D58E1,50.43251105,2.82265538,Plein jour,En agglomération,Intersection à plus de 4 branches,Pluie légère,Autre collision,3,1,3,0,1,1,2,5,1,50,1,2,1,0,0,1,41.0,,voiture,,1,2,5,2,6
202400024439,2024-07-27 20:30:00,2024,7,27,20,30,93,93066,AUTOROUTE A1,48.91033834,2.35826011,Crépuscule ou aube,Hors agglomération,Hors intersection,Normale,Trois véhicules et plus - collisions multiples,1,3,8,0,1,1,1,1,1,90,3,4,3,0,0,1,22.0,19.0,utilitaire_camion,deux_roues,2,1,1,1,5
202400024440,2024-07-27 09:00:00,2024,7,27,9,0,95,95572,N184,49.03385084,2.11134575,Plein jour,Hors agglomération,Hors intersection,Pluie légère,Autre collision,2,-1,2,0,1,3,2,0,1,70,1,1,0,0,0,1,42.0,,voiture,,1,1,1,2,6
202400024441,2024-05-23 13:25:00,2024,5,23,13,25,62,62193,Rue Dieudonné Boufflers,50.94866,1.83008,Plein jour,En agglomération,Hors intersection,Normale,Autre collision,4,2,1,0,1,1,1,9,1,30,1,2,1,0,0,1,52.0,,voiture,,1,2,1,1,6
202400024442,2024-07-27 07:55:00,2024,7,27,7,55,987,98735,TIPAERUI (CV),-17.54973,-149.57762,Plein jour,En agglomération,Intersection en Y,Normale,Deux véhicules - côté,4,2,2,0,1,2,1,0,1,30,2,2,1,0,1,0,39.0,55.0,deux_roues,voiture,1,2,4,1,3
202400024442,2024-07-27 07:55:00,2024,7,27,7,55,987,98735,TIPAERUI (CV),-17.54973,-149.57762,Plein jour,En agglomération,Intersection en Y,Normale,Deux véhicules - côté,4,2,2,0,1,1,1,0,1,30,2,2,1,0,1,0,39.0,55.0,deux_roues,voiture,1,2,4,1,3
202400024443,2024-05-22 07:25:00,2024,5,22,7,25,62,62160,Rue Louis Faidherbe,50.72419843,1.60332102,Crépuscule ou aube,En agglomération,Intersection en X,Normale,Autre collision,4,1,2,0,2,1,1,5,4,50,1,2,1,0,1,0,29.0,,utilitaire_camion,,2,2,2,1,6
202400024443,2024-05-22 07:25:00,2024,5,22,7,25,62,62160,Rue Louis Faidherbe,50.72419843,1.60332102,Crépuscule ou aube,En agglomération,Intersection en X,Normale,Autre collision,4,2,3,0,1,2,1,0,8,50,1,2,1,0,1,0,29.0,,utilitaire_camion,,2,2,2,1,6
202400024444,2024-07-27 07:50:00,2024,7,27,7,50,976,97611,mamoudzou centre-Adrian SOULI (avenue),45.2295,-12.78421,Plein jour,En agglomération,Hors intersection,Normale,Deux véhicules - côté,2,-1,2,0,4,1,1,0,1,50,2,3,1,0,0,2,36.0,30.0,voiture,deux_roues,1,2,1,1,3
202400024445,2024-05-23 11:40:00,2024,5,23,11,40,59,59599,BLANC SEAU (RUE DU)1ERE PARTIE,50.70779,3.15725,Plein jour,En agglomération,Hors intersection,Normale,Deux véhicules - côté,4,-1,2,0,1,1,1,0,1,50,2,2,1,0,0,1,23.0,54.0,deux_roues,voiture,1,2,1,1,3
202400024446,2024-07-27 10:45:00,2024,7,27,10,45,974,97411,CANAL (CHEMIN DU GRAND),-20.90386,55.49834,Plein jour,En agglomération,Intersection en T,Normale,Sans collision,4,2,1,0,2,1,1,0,1,50,1,1,0,0,0,1,58.0,,voiture,,1,2,3,1,7
202400024446,2024-07-27 10:45:00,2024,7,27,10,45,974,97411,CANAL (CHEMIN DU GRAND),-20.90386,55.49834,Plein jour,En agglomération,Intersection en T,Normale,Sans collision,4,2,1,0,2,1,1,0,1,50,1,1,0,0,0,1,58.0,,voiture,,1,2,3,1,7
202400024447,2024-05-23 17:20:00,2024,5,23,17,20,59,59328,HIPPODROME AV DE L N°237 AU389,50.6469,3.02658,Plein jour,En agglomération,Hors intersection,Normale,Deux véhicules - arrière,7,2,4,1,1,1,1,0,1,50,2,3,1,0,0,2,36.0,61.0,utilitaire_camion,voiture,1,2,1,1,2
202400024448,2024-07-27 05:15:00,2024,7,27,5,15,69,69388,Boulevard des Etats-Unis,45.73363103,4.86412435,Nuit avec éclairage allumé,En agglomération,Hors intersection,Normale,Autre collision,4,2,2,2,1,1,1,0,1,50,1,1,0,0,0,1,51.0,,voiture,,5,2,1,1,6
202400024449,2024-07-27 05:00:00,2024,7,27,5,0,972,97213,VIEUX CHEMIN CALIFORNIE (RUE DU),14.621353,-61.027601,Nuit avec éclairage allumé,Hors agglomération,Hors intersection,Pluie légère,Deux véhicules - frontale,4,2,1,0,2,1,2,0,1,30,2,2,0,0,0,2,24.0,21.0,deux_roues,deux_roues,5,1,1,2,1
202400024450,2024-05-23 10:15:00,2024,5,23,10,15,54,54375,Avenue du Général Eisenhower,48.90225,6.03675,Plein jour,En agglomération,Autre intersection,Normale,Deux véhicules - frontale,3,2,2,2,1,1,1,9,1,50,2,2,1,0,0,1,59.0,78.0,deux_roues,voiture,1,2,9,1,1
202400024451,2024-07-26 19:20:00,2024,7,26,19,20,972,97213,MORNE PITAULT (ROUTE DE),14.62009,-60.96358,Nuit sans éclairage public,Hors agglomération,Hors intersection,Normale,Deux véhicules - côté,4,2,2,0,3,2,1,0,1,70,2,2,1,0,0,1,49.0,23.0,voiture,voiture,3,1,1,1,3
202400024452,2024-05-22 18:15:00,2024,5,22,18,15,54,54395,Avenue de Strasbourg,48.67877257,6.19728953,Plein jour,En agglomération,Intersection en X,Normale,Deux véhicules - côté,4,2,2,2,2,1,1,-1,1,30,2,2,1,0,0,1,38.0,25.0,transport_commun,voiture,1,2,2,1,3
202400024452,2024-05-22 18:15:00,2024,5,22,18,15,54,54395,Avenue de Strasbourg,48.67877257,6.19728953,Plein jour,En agglomération,Intersection en X,Normale,Deux véhicules - côté,4,2,3,3,1,1,1,-1,1,50,2,2,1,0,0,1,38.0,25.0,transport_commun,voiture,1,2,2,1,3
202400024453,2024-07-28 00:20:00,2024,7,28,0,20,69,69034,Rue de l'Avenir Croix-Roussien,45.7913,4.84074,Nuit avec éclairage allumé,En agglomération,Hors intersection,Normale,Autre collision,4,2,2,0,1,1,1,0,8,50,1,6,5,0,0,1,18.0,,voiture,,5,2,1,1,6
202400024454,2024-05-23 15:10:00,2024,5,23,15,10,54,54149,D27,49.44726,5.91851,Plein jour,Hors agglomération,Intersection en Y,Normale,Deux véhicules - côté,3,2,1,0,1,1,1,0,1,80,2,3,0,0,0,3,60.0,21.0,voiture,voiture,1,1,4,1,3
202400024454,2024-05-23 15:10:00,2024,5,23,15,10,54,54149,D27,49.44726,5.91851,Plein jour,Hors agglomération,Intersection en Y,Normale,Deux véhicules - côté,3,2,1,0,1,1,1,0,1,80,2,3,0,0,0,3,60.0,21.0,voiture,voiture,1,1,4,1,3
202400024455,2024-07-15 01:31:00,2024,7,15,1,31,971,97120,CHANZY (BOULEVARD),16.24132,-61.53706,Nuit avec éclairage allumé,En agglomération,Intersection en T,Normale,Deux véhicules - côté,3,2,2,0,1,1,1,0,1,50,2,2,1,0,1,0,25.0,21.0,deux_roues,voiture,5,2,3,1,3
202400024455,2024-07-15 01:31:00,2024,7,15,1,31,971,97120,CHANZY (BOULEVARD),16.24132,-61.53706,Nuit avec éclairage allumé,En agglomération,Intersection en T,Normale,Deux véhicules - côté,3,1,1,0,1,1,1,0,1,50,2,2,1,0,1,0,25.0,21.0,deux_roues,voiture,5,2,3,1,3
202400024456,2024-05-22 19:05:00,2024,5,22,19,5,49,49246,A87,47.44008,-0.5114,Plein jour,Hors agglomération,Hors intersection,Normale,Deux véhicules - côté,1,3,3,0,1,1,1,0,1,130,2,2,0,0,0,2,25.0,29.0,voiture,voiture,1,1,1,1,3
202400024457,2024-05-22 15:15:00,2024,5,22,15,15,49,49015,DUNANT RUE HENRI ET ROND POINT,47.50109,-0.58872,Plein jour,En agglomération,Intersection en X,Temps couvert,Deux véhicules - côté,4,2,2,0,1,1,1,0,1,50,2,2,1,0,0,1,,48.0,utilitaire_camion,voiture,1,2,2,8,3
202400024457,2024-05-22 15:15:00,2024,5,22,15,15,49,49015,DUNANT RUE HENRI ET ROND POINT,47.50109,-0.58872,Plein jour,En agglomération,Intersection en X,Temps couvert,Deux véhicules - côté,4,2,2,0,1,1,1,0,1,50,2,2,1,0,0,1,,48.0,utilitaire_camion,voiture,1,2,2,8,3
202400024458,2024-05-22 19:50:00,2024,5,22,19,50,42,42218,Boulevard Jules Janin,45.4489,4.39137,Plein jour,En agglomération,Intersection en X,Normale,Trois véhicules et plus - en chaîne,4,2,4,0,1,1,1,0,1,50,3,4,2,0,0,2,20.0,31.0,voiture,voiture,1,2,2,1,4