accident_id,datetime,annee,mois,jour,heure,minute,departement,commune_insee,adresse,latitude,longitude,luminosite,agglomeration,intersection,meteo,collision,catr,circ,nbv,vosp,prof,plan,surf,infra,situ,vma,nb_vehicules,nb_usagers,nb_indemnes,nb_tues,nb_blesses_hosp,nb_blesses_legers,age_cond_1,age_cond_2,veh_type_cond_1,veh_type_cond_2,lum_code,agg_code,int_code,atm_code,col_code
202400024458,2024-05-22 19:50:00,2024,5,22,19,50,42,42218,Boulevard Jules Janin,45.4489,4.39137,Plein jour,En agglomération,Intersection en X,Normale,Trois véhicules et plus - en chaîne,4,2,3,-1,1,1,1,0,1,-1,3,4,2,0,0,2,20.0,31.0,voiture,voiture,1,2,2,1,4
202400024459,2024-05-23 16:45:00,2024,5,23,16,45,41,41018,GARROS (RUE ROLAND),47.59303,1.31175,Plein jour,En agglomération,Hors intersection,Normale,Autre collision,4,1,2,0,1,1,1,0,1,50,1,2,1,0,0,1,25.0,,voiture,,1,2,1,1,6
202400024460,2024-05-23 08:00:00,2024,5,23,8,0,37,37261,MONTJOYEUX (AVENUE),47.36119,0.70323,Plein jour,En agglomération,Hors intersection,Temps couvert,Deux véhicules - côté,4,2,2,0,3,1,1,0,1,50,2,2,1,0,0,1,23.0,48.0,deux_roues,voiture,1,2,1,8,3
202400024461,2024-05-21 16:20:00,2024,5,21,16,20,37,37233,RABATERIE ( RUE DE LA ),47.39203,0.72552,Plein jour,En agglomération,Giratoire,Pluie légère,Deux véhicules - côté,4,-1,2,0,1,1,2,0,1,50,2,2,1,0,0,1,36.0,32.0,deux_roues,voiture,1,2,6,2,3
202400024462,2024-05-22 17:40:00,2024,5,22,17,40,35,35281,RN136,48.08685755,-1.70050554,Plein jour,Hors agglomération,Hors intersection,Normale,Deux véhicules - arrière,2,3,4,0,1,1,1,0,1,90,2,2,0,0,0,2,30.0,37.0,voiture,utilitaire_camion,1,1,1,1,2
202400024463,2024-05-23 12:00:00,2024,5,23,12,0,34,34301,AVENUE GILBERT MARTELLI,43.41106,3.70942,Plein jour,En agglomération,Hors intersection,Normale,Deux véhicules - côté,4,1,2,0,1,1,1,0,1,50,2,2,1,0,0,1,68.0,22.0,deux_roues,voiture,1,2,1,1,3
202400024464,2024-05-22 02:00:00,2024,5,22,2,0,33,33063,,44.83244,-0.56967,Nuit avec éclairage allumé,En agglomération,Intersection en X,Normale,Deux véhicules - côté,4,1,1,0,1,1,2,0,1,50,2,3,1,0,0,2,27.0,24.0,deux_roues,voiture,5,2,2,1,3
202400024464,2024-05-22 02:00:00,2024,5,22,2,0,33,33063,,44.83244,-0.56967,Nuit avec éclairage allumé,En agglomération,Intersection en X,Normale,Deux véhicules - côté,4,1,1,0,1,1,2,0,1,50,2,3,1,0,0,2,27.0,24.0,deux_roues,voiture,5,2,2,1,3
202400024465,2024-05-23 17:35:00,2024,5,23,17,35,31,31557,AV JEAN JAURES,43.58852,1.35882,Plein jour,En agglomération,Hors intersection,Normale,Deux véhicules - côté,7,2,2,1,1,1,1,5,1,50,2,2,1,0,0,1,22.0,52.0,deux_roues,voiture,1,2,1,1,3
202400024466,2024-05-23 14:52:00,2024,5,23,14,52,31,31149,ROND POINT JUPITER,43.6051773,1.30734354,Plein jour,En agglomération,Hors intersection,Normale,Deux véhicules - côté,4,1,2,0,1,1,1,0,1,50,2,3,2,0,0,1,23.0,39.0,voiture,utilitaire_camion,1,2,1,1,3
202400024467,2024-05-23 12:25:00,2024,5,23,12,25,30,30007,ROUSSEAU (RUE JEAN-JACQUES),44.12565,4.08894,Plein jour,En agglomération,Intersection en X,Normale,Deux véhicules - côté,4,2,2,0,1,1,1,0,1,50,2,2,1,0,0,1,23.0,51.0,utilitaire_camion,voiture,1,2,2,1,3
202400024467,2024-05-23 12:25:00,2024,5,23,12,25,30,30007,ROUSSEAU (RUE JEAN-JACQUES),44.12565,4.08894,Plein jour,En agglomération,Intersection en X,Normale,Deux véhicules - côté,4,2,2,0,1,1,1,0,1,50,2,2,1,0,0,1,23.0,51.0,utilitaire_camion,voiture,1,2,2,1,3
202400024468,2024-05-23 15:30:00,2024,5,23,15,30,29,29019,rue de Quimper,48.402168,-4.462544,Plein jour,En agglomération,Intersection en T,Normale,Deux véhicules - côté,4,2,2,0,1,1,1,0,1,30,2,2,1,0,0,1,54.0,50.0,deux_roues,transport_commun,1,2,3,1,3
202400024468,2024-05-23 15:30:00,2024,5,23,15,30,29,29019,rue de Quimper,48.402168,-4.462544,Plein jour,En agglomération,Intersection en T,Normale,Deux véhicules - côté,4,2,4,0,1,1,1,5,1,50,2,2,1,0,0,1,54.0,50.0,deux_roues,transport_commun,1,2,3,1,3
202400024469,2024-05-23 20:40:00,2024,5,23,20,40,27,27375,ONZE NOVEMBRE 1918 (RUE DU),49.22027,1.16634,Plein jour,En agglomération,Hors intersection,Normale,Deux véhicules - côté,4,-1,2,0,1,1,1,0,1,50,2,2,1,0,0,1,38.0,,voiture,autre,1,2,1,1,3
202400024470,2024-05-23 08:20:00,2024,5,23,8,20,25,25204,R-N 57  lieu dit Pont rouge,46.94071,6.3432,Plein jour,Hors agglomération,Hors intersection,Pluie légère,Deux véhicules - frontale,2,2,2,0,1,1,2,0,1,80,2,3,0,0,1,2,32.0,29.0,utilitaire_camion,voiture,1,1,1,2,1
202400024471,2024-05-23 13:55:00,2024,5,23,13,55,19,19031,PASTEUR (AVENUE),45.16643,1.53166,Plein jour,En agglomération,Intersection en T,Normale,Deux véhicules - côté,3,1,1,0,1,1,1,0,1,50,2,2,1,0,1,0,59.0,18.0,voiture,deux_roues,1,2,3,1,3
202400024471,2024-05-23 13:55:00,2024,5,23,13,55,19,19031,PASTEUR (AVENUE),45.16643,1.53166,Plein jour,En agglomération,Intersection en T,Normale,Deux véhicules - côté,3,2,2,0,1,1,1,0,1,50,2,2,1,0,1,0,59.0,18.0,voiture,deux_roues,1,2,3,1,3
202400024472,2024-05-23 08:58:00,2024,5,23,8,58,19,19031,DUMYRAT (RUE),45.15602,1.52952,Plein jour,En agglomération,Intersection en X,Normale,Deux véhicules - côté,4,1,2,2,4,1,2,0,1,30,2,2,1,0,0,1,21.0,31.0,voiture,deux_roues,1,2,2,1,3
202400024472,2024-05-23 08:58:00,2024,5,23,8,58,19,19031,DUMYRAT (RUE),45.15602,1.52952,Plein jour,En agglomération,Intersection en X,Normale,Deux véhicules - côté,4,1,2,2,1,1,2,0,1,30,2,2,1,0,0,1,21.0,31.0,voiture,deux_roues,1,2,2,1,3
202400024473,2024-05-22 09:05:00,2024,5,22,9,5,17,17415,SAINTONGE A10 A ROCADE OUEST AVENUE DE,45.743,-0.66881,Plein jour,En agglomération,Hors intersection,Temps couvert,Deux véhicules - arrière,3,2,2,0,1,1,1,0,1,50,2,2,1,0,0,1,63.0,21.0,voiture,utilitaire_camion,1,2,1,8,2
202400024474,2024-05-22 14:25:00,2024,5,22,14,25,30,30032,saint gilles route de D38,43.79548,4.60134,Plein jour,Hors agglomération,Hors intersection,Normale,Deux véhicules - frontale,3,2,2,0,1,3,1,0,1,70,2,2,1,1,0,0,54.0,62.0,voiture,utilitaire_camion,1,1,1,1,1
202400024475,2024-05-23 10:10:00,2024,5,23,10,10,13,13056,CACHIN BOULEVARD MARCEL,43.39948,5.056,Plein jour,En agglomération,Hors intersection,Normale,Sans collision,3,2,1,0,1,1,1,0,1,50,1,5,1,0,0,4,61.0,,transport_commun,,1,2,1,1,7
202400024476,2024-05-23 16:10:00,2024,5,23,16,10,13,13203,ARNAL (RUE),43.31573961,5.38382188,Plein jour,En agglomération,Hors intersection,Normale,Deux véhicules - côté,4,1,1,0,1,1,1,0,1,50,2,2,1,0,0,1,31.0,,deux_roues,utilitaire_camion,1,2,1,1,3
202400024477,2024-05-23 14:40:00,2024,5,23,14,40,13,13211,CARTONNERIE (BOULEVARD DE LA ),43.29141,5.46129,Plein jour,En agglomération,Hors intersection,Normale,Deux véhicules - côté,7,2,2,0,1,1,1,0,1,50,2,2,1,1,0,0,21.0,28.0,deux_roues,utilitaire_camion,1,2,1,1,3
202400024478,2024-05-23 11:30:00,2024,5,23,11,30,13,13208,MENDES FRANCE (AVENUE),43.26129,5.37478,Plein jour,En agglomération,Hors intersection,Normale,Deux véhicules - côté,4,1,2,0,1,1,1,0,1,50,2,2,1,0,1,0,43.0,48.0,deux_roues,voiture,1,2,1,1,3
202400024479,2024-05-24 01:50:00,2024,5,24,1,50,11,11069,,43.22156,2.28621,Nuit sans éclairage public,Hors agglomération,Hors intersection,Normale,Autre collision,4,-1,2,0,1,1,1,0,3,70,1,1,0,0,0,1,33.0,,voiture,,3,1,1,1,6
202400024480,2024-05-23 13:09:00,2024,5,23,13,9,06,06088,159 Route de Turin,43.722539,7.2898,Plein jour,En agglomération,Intersection en X,Normale,Trois véhicules et plus - en chaîne,4,2,2,0,1,1,1,0,1,50,3,4,2,0,0,2,24.0,,voiture,voiture,1,2,2,1,4
202400024480,2024-05-23 13:09:00,2024,5,23,13,9,06,06088,159 Route de Turin,43.722539,7.2898,Plein jour,En agglomération,Intersection en X,Normale,Trois véhicules et plus - en chaîne,4,3,2,0,1,1,1,0,1,50,3,4,2,0,0,2,24.0,,voiture,voiture,1,2,2,1,4
202400024481,2024-05-22 15:10:00,2024,5,22,15,10,06,06030,107 Boulevard Sadi Carnot,43.568347,7.016484,Plein jour,En agglomération,Intersection en T,Normale,Deux véhicules - frontale,3,2,3,0,1,1,1,0,6,50,2,2,1,0,0,1,48.0,27.0,transport_commun,deux_roues,1,2,3,1,1
202400024481,2024-05-22 15:10:00,2024,5,22,15,10,06,06030,107 Boulevard Sadi Carnot,43.568347,7.016484,Plein jour,En agglomération,Intersection en T,Normale,Deux véhicules - frontale,3,1,1,0,1,1,1,0,1,50,2,2,1,0,0,1,48.0,27.0,transport_commun,deux_roues,1,2,3,1,1
202400024482,2024-05-18 23:30:00,2024,5,18,23,30,03,03310,Boulevard de la Mutualite,46.13157,3.42854,Nuit avec éclairage allumé,En agglomération,Intersection en X,Normale,Deux véhicules - côté,4,2,2,0,1,1,1,0,1,50,2,3,1,0,1,1,26.0,17.0,voiture,deux_roues,5,2,2,1,3
202400024482,2024-05-18 23:30:00,2024,5,18,23,30,03,03310,Boulevard de la Mutualite,46.13157,3.42854,Nuit avec éclairage allumé,En agglomération,Intersection en X,Normale,Deux véhicules - côté,4,2,2,0,1,1,1,0,1,50,2,3,1,0,1,1,26.0,17.0,voiture,deux_roues,5,2,2,1,3
202400024483,2024-05-23 16:25:00,2024,5,23,16,25,03,03321,Route de Lyon,46.54499,3.34194,Plein jour,En agglomération,Intersection en T,Pluie forte,Autre collision,3,2,3,0,1,1,2,0,1,50,1,2,1,0,1,0,75.0,,voiture,,1,2,3,3,6
202400024483,2024-05-23 16:25:00,2024,5,23,16,25,03,03321,Route de Lyon,46.54499,3.34194,Plein jour,En agglomération,Intersection en T,Pluie forte,Autre collision,3,2,3,0,1,1,2,0,1,50,1,2,1,0,1,0,75.0,,voiture,,1,2,3,3,6
202400024484,2024-05-23 19:48:00,2024,5,23,19,48,01,01289,BELLEVUE ( CHEMIN DE) PAIR,46.18216,5.21405,Plein jour,En agglomération,Intersection en T,Normale,Deux véhicules - côté,4,2,2,0,1,1,1,0,1,50,2,3,0,0,1,2,24.0,40.0,deux_roues,voiture,1,2,3,1,3
202400024485,2024-05-22 17:58:00,2024,5,22,17,58,01,01053,SEMARD (AVENUE PIERRE),46.1996,5.2156,Plein jour,En agglomération,Hors intersection,Normale,Deux véhicules - côté,4,2,3,0,1,1,1,9,1,50,2,2,0,0,1,1,15.0,20.0,deux_roues,deux_roues,1,2,1,1,3
202400024486,2024-05-23 09:10:00,2024,5,23,9,10,75,75116,BD PERIPHERIQUE INTERIEUR,48.869784,2.271684,Plein jour,En agglomération,Hors intersection,Normale,Deux véhicules - arrière,4,1,4,0,1,1,1,0,1,70,2,2,1,0,0,1,57.0,33.0,voiture,utilitaire_camion,1,2,1,1,2
202400024487,2024-05-23 11:30:00,2024,5,23,11,30,75,75112,BD PERIPHERIQUE INTERIEUR,48.844051,2.413842,Plein jour,En agglomération,Hors intersection,Normale,Deux véhicules - côté,4,1,4,0,1,1,1,1,1,70,2,2,1,0,0,1,47.0,70.0,utilitaire_camion,voiture,1,2,1,1,3
202400024488,2024-05-23 08:55:00,2024,5,23,8,55,75,75117,BD PERIPHERIQUE EXTERIEUR,48.88901,2.294616,Plein jour,En agglomération,Hors intersection,Normale,Deux véhicules - arrière,4,1,4,0,1,1,1,1,1,70,2,2,1,0,0,1,49.0,48.0,deux_roues,voiture,1,2,1,1,2
202400024489,2024-05-23 10:00:00,2024,5,23,10,0,75,75113,BD PERIPHERIQUE EXTERIEUR,48.817614,2.367469,Plein jour,En agglomération,Hors intersection,Normale,Deux véhicules - arrière,4,1,4,0,1,1,1,0,1,70,2,2,1,0,0,1,39.0,45.0,deux_roues,utilitaire_camion,1,2,1,1,2
202400024490,2024-05-23 17:20:00,2024,5,23,17,20,75,75114,RUE CHARLES DIVRY,48.833379,2.326415,Plein jour,En agglomération,Intersection en T,Normale,Autre collision,4,1, -1,0,1,1,1,0,1,30,1,2,1,0,0,1,30.0,,voiture,,1,2,3,1,6
202400024490,2024-05-23 17:20:00,2024,5,23,17,20,75,75114,RUE CHARLES DIVRY,48.833379,2.326415,Plein jour,En agglomération,Intersection en T,Normale,Autre collision,4,1,1,0,1,1,1,9,1,30,1,2,1,0,0,1,30.0,,voiture,,1,2,3,1,6
202400024491,2024-05-22 08:15:00,2024,5,22,8,15,75,75111,AVENUE PARMENTIER,48.868097,2.372477,Plein jour,En agglomération,Intersection en X,Normale,Deux véhicules - arrière,4,1,2,2,1,1,1,0,1,30,2,2,1,0,1,0,44.0,30.0,voiture,deux_roues,1,2,2,1,2
202400024491,2024-05-22 08:15:00,2024,5,22,8,15,75,75111,AVENUE PARMENTIER,48.868097,2.372477,Plein jour,En agglomération,Intersection en X,Normale,Deux véhicules - arrière,4,1,2,2,1,1,1,0,1,30,2,2,1,0,1,0,44.0,30.0,voiture,deux_roues,1,2,2,1,2
202400024492,2024-05-23 18:15:00,2024,5,23,18,15,75,75119,QUAI DE LA LOIRE,48.886203,2.376526,Plein jour,En agglomération,Intersection en T,Normale,Autre collision,4,2, -1,0,1,1,1,0,1,30,1,2,0,0,0,2,36.0,,deux_roues,,1,2,3,1,6
202400024492,2024-05-23 18:15:00,2024,5,23,18,15,75,75119,QUAI DE LA LOIRE,48.886203,2.376526,Plein jour,En agglomération,Intersection en T,Normale,Autre collision,4,1,1,1,1,1,1,0,1,30,1,2,0,0,0,2,36.0,,deux_roues,,1,2,3,1,6
202400024493,2024-05-23 16:40:00,2024,5,23,16,40,75,75118,AVENUE DE LA PORTE DE MONTMARTRE,48.899152,2.336436,Plein jour,En agglomération,Intersection en X,Normale,Autre collision,4,1,1,1,1,1,2,6,5,30,1,2,1,0,0,1,27.0,,deux_roues,,1,2,2,1,6
202400024493,2024-05-23 16:40:00,2024,5,23,16,40,75,75118,AVENUE DE LA PORTE DE MONTMARTRE,48.899152,2.336436,Plein jour,En agglomération,Intersection en X,Normale,Autre collision,4,1, -1,1,1,1,2,-1,5,30,1,2,1,0,0,1,27.0,,deux_roues,,1,2,2,1,6
202400024494,2024-05-22 16:20:00,2024,5,22,16,20,75,75117,AVENUE DE LA PORTE DE CLICHY,48.896161,2.310278,Plein jour,En agglomération,Intersection en Y,Normale,Autre collision,4,1,3,3,1,1,1,0,1,30,1,2,1,0,0,1,20.0,,voiture,,1,2,4,1,6
202400024494,2024-05-22 16:20:00,2024,5,22,16,20,75,75117,AVENUE DE LA PORTE DE CLICHY,48.896161,2.310278,Plein jour,En agglomération,Intersection en Y,Normale,Autre collision,4,2, -1,-1,1,1,1,0,1,30,1,2,1,0,0,1,20.0,,voiture,,1,2,4,1,6
202400024495,2024-05-23 17:50:00,2024,5,23,17,50,75,75116,RUE JOUVENET,48.843582,2.263233,Plein jour,En agglomération,Intersection en T,Pluie légère,Autre collision,4,1, -1,-1,1,1,2,0,1,50,1,2,0,0,0,2,63.0,,deux_roues,,1,2,3,2,6
202400024495,2024-05-23 17:50:00,2024,5,23,17,50,75,75116,RUE JOUVENET,48.843582,2.263233,Plein jour,En agglomération,Intersection en T,Pluie légère,Autre collision,4,1,1,0,1,1,2,0,1,50,1,2,0,0,0,2,63.0,,deux_roues,,1,2,3,2,6
202400024496,2024-05-22 22:25:00,2024,5,22,22,25,75,75115,PLACE D ALLERAY,48.836385,2.306627,Nuit avec éclairage allumé,En agglomération,Place,Normale,Autre collision,4,1,1,0,1,1,1,0,1,30,1,4,3,0,0,1,39.0,,voiture,,5,2,7,1,6
202400024497,2024-05-22 02:55:00,2024,5,22,2,55,75,75115,RUE ALAIN CHARTIER,48.83864,2.294854,Nuit avec éclairage allumé,En agglomération,Intersection en T,Normale,Autre collision,4,1, -1,-1,1,1,1,0,1,30,1,3,2,0,0,1,,,utilitaire_camion,,5,2,3,1,6
202400024497,2024-05-22 02:55:00,2024,5,22,2,55,75,75115,RUE ALAIN CHARTIER,48.83864,2.294854,Nuit avec éclairage allumé,En agglomération,Intersection en T,Normale,Autre collision,4,1,1,0,1,1,1,0,1,30,1,3,2,0,0,1,,,utilitaire_camion,,5,2,3,1,6
202400024498,2024-05-22 23:15:00,2024,5,22,23,15,75,75114,AVENUE DU GENERAL LECLERC,48.830086,2.328814,Nuit avec éclairage allumé,En agglomération,Intersection en X,Normale,Deux véhicules - arrière,4,2,4,0,1,1,1,0,1,30,2,2,1,0,0,1,45.0,28.0,deux_roues,voiture,5,2,2,1,2
202400024498,2024-05-22 23:15:00,2024,5,22,23,15,75,75114,AVENUE DU GENERAL LECLERC,48.830086,2.328814,Nuit avec éclairage allumé,En agglomération,Intersection en X,Normale,Deux véhicules - arrière,4,1, -1,-1,1,1,1,0,1,30,2,2,1,0,0,1,45.0,28.0,deux_roues,voiture,5,2,2,1,2
202400024499,2024-05-22 21:45:00,2024,5,22,21,45,75,75113,RUE DES PEUPLIERS,48.821604,2.352554,Nuit avec éclairage allumé,En agglomération,Intersection en Y,Normale,Autre collision,4,2, -1,-1,1,1,1,0,4,30,1,2,0,0,2,0,26.0,,deux_roues,,5,2,4,1,6
202400024499,2024-05-22 21:45:00,2024,5,22,21,45,75,75113,RUE DES PEUPLIERS,48.821604,2.352554,Nuit avec éclairage allumé,En agglomération,Intersection en Y,Normale,Autre collision,4,2,2,0,1,1,1,2,4,30,1,2,0,0,2,0,26.0,,deux_roues,,5,2,4,1,6
202400024500,2024-05-23 16:20:00,2024,5,23,16,20,75,75112,AVENUE DU DOCTEUR ARNOLD NETTER,48.8448,2.40549,Plein jour,En agglomération,Intersection à plus de 4 branches,Normale,Autre collision,4,2,2,1,2,1,1,0,8,30,1,2,1,0,0,1,,,deux_roues,,1,2,5,1,6
202400024500,2024-05-23 16:20:00,2024,5,23,16,20,75,75112,AVENUE DU DOCTEUR ARNOLD NETTER,48.8448,2.40549,Plein jour,En agglomération,Intersection à plus de 4 branches,Normale,Autre collision,4,3,2,1,1,1,1,0,1,30,1,2,1,0,0,1,,,deux_roues,,1,2,5,1,6
202400024501,2024-05-23 15:00:00,2024,5,23,15,0,75,75111,BOULEVARD VOLTAIRE,48.851242,2.39112,Plein jour,En agglomération,Hors intersection,Temps couvert,Autre collision,4,2,4,1,1,1,1,0,5,30,2,3,2,0,0,1,77.0,22.0,voiture,deux_roues,1,2,1,8,6
202400024502,2024-05-22 17:00:00,2024,5,22,17,0,75,75111,PLACE DE LA BASTILLE,48.853394,2.369534,Plein jour,En agglomération,Hors intersection,Normale,Deux véhicules - côté,4,2,7,1,1,1,1,0,1,30,2,2,1,0,0,1,36.0,71.0,voiture,deux_roues,1,2,1,1,3
202400024503,2024-05-23 08:30:00,2024,5,23,8,30,75,75105,AVENUE DES GOBELINS,48.838489,2.350695,Plein jour,En agglomération,Intersection à plus de 4 branches,Normale,Deux véhicules - côté,4,2,5,1,1,1,1,0,1,30,2,2,1,0,0,1,40.0,53.0,deux_roues,voiture,1,2,5,1,3
202400024503,2024-05-23 08:30:00,2024,5,23,8,30,75,75105,AVENUE DES GOBELINS,48.838489,2.350695,Plein jour,En agglomération,Intersection à plus de 4 branches,Normale,Deux véhicules - côté,4,1,1,1,1,1,1,0,1,30,2,2,1,0,0,1,40.0,53.0,deux_roues,voiture,1,2,5,1,3
202400024504,2024-05-22 14:45:00,2024,5,22,14,45,75,75109,BOULEVARD DE ROCHECHOUART,48.883218,2.34678,Plein jour,En agglomération,Place,Pluie forte,Autre collision,4,1,2,3,1,1,2,0,1,30,1,2,1,0,0,1,68.0,,transport_commun,,1,2,7,3,6
202400024504,2024-05-22 14:45:00,2024,5,22,14,45,75,75109,BOULEVARD DE ROCHECHOUART,48.883218,2.34678,Plein jour,En agglomération,Place,Pluie forte,Autre collision,4,2, -1,-1,1,1,2,0,1,30,1,2,1,0,0,1,68.0,,transport_commun,,1,2,7,3,6
202400024505,2024-05-22 09:50:00,2024,5,22,9,50,75,75103,RUE DU GRENIER SAINT LAZARE,48.86272,2.3543,Plein jour,En agglomération,Intersection en X,Normale,Autre collision,4,1,1,0,1,1,1,0,1,30,1,2,1,0,0,1,41.0,,voiture,,1,2,2,1,6
202400024505,2024-05-22 09:50:00,2024,5,22,9,50,75,75103,RUE DU GRENIER SAINT LAZARE,48.86272,2.3543,Plein jour,En agglomération,Intersection en X,Normale,Autre collision,4,2,1,0,1,1,1,0,1,30,1,2,1,0,0,1,41.0,,voiture,,1,2,2,1,6
202400024506,2024-05-23 16:45:00,2024,5,23,16,45,94,94080,Rue Diderot,48.85069897,2.44174361,Plein jour,En agglomération,Hors intersection,Normale,Autre collision,4,2,2,0,1,1,1,0,1,30,1,2,1,0,0,1,53.0,,voiture,,1,2,1,1,6
202400024507,2024-05-23 08:35:00,2024,5,23,8,35,94,94068,Quai Beaubourg / Rue Beaubourg,48.815342,2.473678,Plein jour,En agglomération,Intersection en T,Normale,Deux véhicules - côté,3,2,2,0,1,1,1,5,1,30,2,3,2,0,0,1,62.0,30.0,voiture,deux_roues,1,2,3,1,3
202400024507,2024-05-23 08:35:00,2024,5,23,8,35,94,94068,Quai Beaubourg / Rue Beaubourg,48.815342,2.473678,Plein jour,En agglomération,Intersection en T,Normale,Deux véhicules - côté,3,1,1,0,1,1,1,5,1,-1,2,3,2,0,0,1,62.0,30.0,voiture,deux_roues,1,2,3,1,3
202400024508,2024-05-22 18:25:00,2024,5,22,18,25,94,94068,18 Rue Ledru Rollin,48.795992,2.480943,Plein jour,En agglomération,Hors intersection,Normale,Deux véhicules - côté,4,1,1,0,1,1,1,0,1,30,2,2,1,0,0,1,19.0,17.0,voiture,deux_roues,1,2,1,1,3
202400024509,2024-05-22 17:10:00,2024,5,22,17,10,94,94068,Avenue du Bac / Rue Etienne Marcel,48.79661,2.50597,Plein jour,En agglomération,Intersection en T,Normale,Deux véhicules - côté,3,2,2,0,1,1,1,0,1,30,2,2,1,0,0,1,62.0,27.0,voiture,deux_roues,1,2,3,1,3
202400024509,2024-05-22 17:10:00,2024,5,22,17,10,94,94068,Avenue du Bac / Rue Etienne Marcel,48.79661,2.50597,Plein jour,En agglomération,Intersection en T,Normale,Deux véhicules - côté,3,1,1,0,1,1,1,0,1,-1,2,2,1,0,0,1,62.0,27.0,voiture,deux_roues,1,2,3,1,3
202400024510,2024-05-22 10:25:00,2024,5,22,10,25,94,94003,Avenue Laplace / Rue Eugène Fournière,48.80776,2.33382,Plein jour,En agglomération,Intersection en T,Normale,Autre collision,3,2,2,1,2,1,1,0,1,50,1,2,1,0,1,0,49.0,,utilitaire_camion,,1,2,3,1,6
202400024510,2024-05-22 10:25:00,2024,5,22,10,25,94,94003,Avenue Laplace / Rue Eugène Fournière,48.80776,2.33382,Plein jour,En agglomération,Intersection en T,Normale,Autre collision,3,1,1,0,2,1,1,0,1,-1,1,2,1,0,1,0,49.0,,utilitaire_camion,,1,2,3,1,6
202400024511,2024-05-23 19:00:00,2024,5,23,19,0,94,94022,Rue Carnot,48.766358,2.408973,Plein jour,En agglomération,Hors intersection,Normale,Autre collision,4,2,2,0,1,1,1,0,1,50,1,2,1,0,0,1,,,voiture,,1,2,1,1,6
202400024512,2024-05-23 09:00:00,2024,5,23,9,0,94,94022,5 Rue Ledru - Rollin,48.762904,2.404801,Plein jour,En agglomération,Hors intersection,Normale,Autre collision,4,1,1,0,1,1,1,0,1,50,1,2,0,0,0,2,35.0,,voiture,,1,2,1,1,6
202400024513,2024-05-22 12:15:00,2024,5,22,12,15,94,94055,Route de Provins / Rue Danielle Casanova,48.79550987,2.55036624,Plein jour,En agglomération,Intersection en X,Normale,Autre collision,3,1,4,0,1,1,1,5,1,50,1,2,1,0,0,1,21.0,,voiture,,1,2,2,1,6
202400024513,2024-05-22 12:15:00,2024,5,22,12,15,94,94055,Route de Provins / Rue Danielle Casanova,48.79550987,2.55036624,Plein jour,En agglomération,Intersection en X,Normale,Autre collision,3,2,2,0,1,1,1,5,1,-1,1,2,1,0,0,1,21.0,,voiture,,1,2,2,1,6
202400024514,2024-10-06 14:15:00,2024,10,6,14,15,57,57631,NANCY(ROUTE)D662,49.09650768,7.04870478,Plein jour,Hors agglomération,Hors intersection,Normale,Deux véhicules - arrière,3,2,2,0,3,2,1,9,1,70,2,2,1,0,1,0,52.0,58.0,deux_roues,voiture,1,1,1,1,2
202400024515,2024-05-23 02:40:00,2024,5,23,2,40,94,94018,Rue Arthur Croquette / A4,48.81713163,2.41689831,Nuit avec éclairage non allumé,En agglomération,Intersection en Y,Normale,Autre collision,1,1,2,0,2,2,1,3,1,30,1,3,2,0,0,1,21.0,,voiture,,4,2,4,1,6
202400024515,2024-05-23 02:40:00,2024,5,23,2,40,94,94018,Rue Arthur Croquette / A4,48.81713163,2.41689831,Nuit avec éclairage non allumé,En agglomération,Intersection en Y,Normale,Autre collision,1,1,1,-1,2,1,1,3,1,-1,1,3,2,0,0,1,21.0,,voiture,,4,2,4,1,6
202400024516,2024-10-08 20:42:00,2024,10,8,20,42,56,56083,Avenue Aristide Bruant,47.80504,-3.25931,Nuit avec éclairage allumé,En agglomération,Hors intersection,Pluie légère,Autre collision,3,2,2,0,2,1,2,0,1,50,1,1,0,0,0,1,24.0,,deux_roues,,5,2,1,2,6
202400024517,2024-05-22 18:00:00,2024,5,22,18,0,94,94017,76 Avenue du Général de Gaulle,48.821988,2.490999,Plein jour,En agglomération,Hors intersection,Normale,Deux véhicules - côté,3,2,4,0,1,1,1,0,1,50,2,2,1,0,0,1,35.0,23.0,voiture,voiture,1,2,1,1,3
202400024518,2024-10-08 12:44:00,2024,10,8,12,44,56,56107,Rue des 3 Pierres,47.7077,-3.39074,Plein jour,En agglomération,Hors intersection,Normale,Autre collision,4,2,2,0,1,1,1,0,1,30,1,1,0,0,0,1,47.0,,voiture,,1,2,1,1,6
202400024519,2024-04-23 18:15:00,2024,4,23,18,15,93,93031,Rue de Marseille / Rue des Carrières,48.958006,2.29389,Plein jour,En agglomération,Intersection en X,Normale,Autre collision,4,2,2,0,1,1,1,0,1,-1,1,2,1,0,0,1,20.0,,voiture,,1,2,2,1,6
202400024519,2024-04-23 18:15:00,2024,4,23,18,15,93,93031,Rue de Marseille / Rue des Carrières,48.958006,2.29389,Plein jour,En agglomération,Intersection en X,Normale,Autre collision,4,2,2,0,1,1,1,0,1,50,1,2,1,0,0,1,20.0,,voiture,,1,2,2,1,6
202400024520,2024-10-08 17:15:00,2024,10,8,17,15,52,52121,RD 674,48.11844,5.14952,Plein jour,En agglomération,Hors intersection,Normale,Autre collision,3,2,2,0,1,1,1,0,1,50,1,2,1,0,1,0,63.0,,voiture,,1,2,1,1,6
202400024521,2024-05-23 20:00:00,2024,5,23,20,0,93,93005,Carrefour de l’Europe / Boulevard Marc Chagall,48.951419,2.485157,Plein jour,En agglomération,Giratoire,Normale,Deux véhicules - côté,3,1,3,0,1,2,1,0,1,50,2,2,1,0,0,1,37.0,37.0,utilitaire_camion,voiture,1,2,6,1,3