accident_id,datetime,annee,mois,jour,heure,minute,departement,commune_insee,adresse,latitude,longitude,luminosite,agglomeration,intersection,meteo,collision,catr,circ,nbv,vosp,prof,plan,surf,infra,situ,vma,nb_vehicules,nb_usagers,nb_indemnes,nb_tues,nb_blesses_hosp,nb_blesses_legers,age_cond_1,age_cond_2,veh_type_cond_1,veh_type_cond_2,lum_code,agg_code,int_code,atm_code,col_code
202400024521,2024-05-23 20:00:00,2024,5,23,20,0,93,93005,Carrefour de l’Europe / Boulevard Marc Chagall,48.951419,2.485157,Plein jour,En agglomération,Giratoire,Normale,Deux véhicules - côté,3,1,3,0,2,1,1,0,1,-1,2,2,1,0,0,1,37.0,37.0,utilitaire_camion,voiture,1,2,6,1,3
202400024522,2024-10-08 16:25:00,2024,10,8,16,25,51,51454,RUISSELET (RUE),49.24527,4.03893,Plein jour,En agglomération,Hors intersection,Normale,Sans collision,4,2,2,0,2,1,1,0,1,30,1,1,0,0,0,1,51.0,,deux_roues,,1,2,1,1,7
202400024523,2024-05-22 18:40:00,2024,5,22,18,40,92,92022,PAVE DES GARDES (RUE DU),48.80829737,2.1944654,Plein jour,En agglomération,Hors intersection,Normale,Deux véhicules - côté,3,2,2,0,2,1,1,0,1,50,2,2,1,0,0,1,29.0,48.0,utilitaire_camion,deux_roues,1,2,1,1,3
202400024524,2024-05-23 13:00:00,2024,5,23,13,0,92,92036,MARCEL PAUL (AVENUE) (1/103),48.9336,2.30276,Plein jour,En agglomération,Hors intersection,Normale,Deux véhicules - côté,3,2,4,0,1,1,1,0,1,50,2,2,1,0,0,1,30.0,19.0,voiture,deux_roues,1,2,1,1,3
202400024525,2024-10-08 10:50:00,2024,10,8,10,50,51,51454,JOLIOT-CURIE (RUE),49.22308,4.01441,Plein jour,En agglomération,Hors intersection,Normale,Deux véhicules - côté,4,2,2,0,1,1,2,0,1,50,2,2,1,0,1,0,42.0,65.0,voiture,deux_roues,1,2,1,1,3
202400024526,2024-05-23 15:35:00,2024,5,23,15,35,92,92012,QUATRE SEPTEMBRE (QUAI DU),48.8417,2.22533,Plein jour,En agglomération,Hors intersection,Temps couvert,Deux véhicules - arrière,3,3,2,0,2,1,1,2,1,50,2,2,1,0,1,0,50.0,35.0,deux_roues,voiture,1,2,1,8,2
202400024527,2024-10-08 19:30:00,2024,10,8,19,30,50,50129,LEMONNIER (AVENUE AMIRAL),49.6344,-1.61202,Nuit avec éclairage allumé,En agglomération,Hors intersection,Temps couvert,Autre collision,3,3,4,0,1,1,2,0,1,50,1,2,1,0,1,0,39.0,,voiture,,5,2,1,8,6
202400024528,2024-05-23 18:00:00,2024,5,23,18,0,92,92004,REDOUTE ( AVENUE DE LA  ),48.92949,2.2819,Plein jour,En agglomération,Intersection en X,Normale,Deux véhicules - côté,3,2,0,0,1,1,1,0,1,50,2,2,1,0,0,1,38.0,47.0,deux_roues,voiture,1,2,2,1,3
202400024528,2024-05-23 18:00:00,2024,5,23,18,0,92,92004,REDOUTE ( AVENUE DE LA  ),48.92949,2.2819,Plein jour,En agglomération,Intersection en X,Normale,Deux véhicules - côté,3,2,0,2,1,1,1,0,5,50,2,2,1,0,0,1,38.0,47.0,deux_roues,voiture,1,2,2,1,3
202400024529,2024-10-08 07:55:00,2024,10,8,7,55,50,50129,SALINE (BOULEVARD DE LA),49.64841,-1.64357,Crépuscule ou aube,En agglomération,Hors intersection,Temps couvert,Deux véhicules - arrière,3,3,5,0,1,1,2,0,1,50,2,2,1,0,0,1,24.0,27.0,voiture,voiture,2,2,1,8,2
202400024530,2024-05-24 08:00:00,2024,5,24,8,0,57,57028,Rue du Calvaire,49.209642,6.210397,Crépuscule ou aube,Hors agglomération,Giratoire,Normale,Deux véhicules - côté,3,2,2,1,1,1,2,5,1,50,2,2,1,0,0,1,19.0,,deux_roues,voiture,2,1,6,1,3
202400024531,2024-10-07 07:35:00,2024,10,7,7,35,50,50129,SALINE (BOULEVARD DE LA),49.65751,-1.65834,Nuit avec éclairage allumé,En agglomération,Hors intersection,Normale,Deux véhicules - frontale,3,2,3,1,1,4,2,0,5,25,2,2,0,0,1,1,54.0,24.0,deux_roues,deux_roues,5,2,1,1,1
202400024532,2024-05-23 14:25:00,2024,5,23,14,25,40,40133,D810,43.61259,-1.403268,Plein jour,Hors agglomération,Intersection en X,Normale,Autre collision,3,2,2,0,1,1,1,5,3,80,1,4,1,0,3,0,68.0,,voiture,,1,1,2,1,6
202400024532,2024-05-23 14:25:00,2024,5,23,14,25,40,40133,D810,43.61259,-1.403268,Plein jour,Hors agglomération,Intersection en X,Normale,Autre collision,3,2,2,-1,1,3,1,5,3,50,1,4,1,0,3,0,68.0,,voiture,,1,1,2,1,6
202400024533,2024-05-24 11:09:00,2024,5,24,11,9,21,21452,A31,47.26563845,5.12926963,Plein jour,Hors agglomération,Hors intersection,Normale,Autre collision,1,3,2,0,1,1,1,0,1,130,1,1,0,0,0,1,84.0,,voiture,,1,1,1,1,6
202400024534,2024-05-30 16:42:00,2024,5,30,16,42,49,49328,CLOS COUTARD (RUE DU),47.25146,-0.06925,Plein jour,En agglomération,Hors intersection,Normale,Autre collision,4,2,2,0,1,1,1,0,1,50,1,2,1,0,0,1,19.0,,deux_roues,,1,2,1,1,6
202400024535,2024-05-23 16:44:00,2024,5,23,16,44,21,21599,A 31 PK 82.900,47.647175,5.178624,Plein jour,Hors agglomération,Hors intersection,Temps couvert,Autre collision,1,3,3,0,2,1,1,8,1,130,1,2,0,1,1,0,68.0,,voiture,,1,1,1,8,6
202400024536,2024-05-23 11:35:00,2024,5,23,11,35,46,46148,Avenue du Mercadiol,44.33909,1.54477,Plein jour,En agglomération,Intersection en T,Normale,Deux véhicules - arrière,3,2,2,0,1,1,1,0,1,50,2,2,1,0,1,0,32.0,46.0,deux_roues,voiture,1,2,3,1,2
202400024536,2024-05-23 11:35:00,2024,5,23,11,35,46,46148,Avenue du Mercadiol,44.33909,1.54477,Plein jour,En agglomération,Intersection en T,Normale,Deux véhicules - arrière,3,2,2,-1,2,1,1,0,1,50,2,2,1,0,1,0,32.0,46.0,deux_roues,voiture,1,2,3,1,2
202400024537,2024-10-08 15:10:00,2024,10,8,15,10,49,49007,MENDES FRANCE PLACE,47.47356,-0.54523,Plein jour,En agglomération,Hors intersection,Normale,Deux véhicules - arrière,4,2,2,0,1,1,2,0,6,30,2,2,1,0,0,1,61.0,24.0,utilitaire_camion,deux_roues,1,2,1,1,2
202400024538,2024-05-11 03:30:00,2024,5,11,3,30,01,01157,route départementale 933,46.03035,4.754773,Nuit sans éclairage public,Hors agglomération,Hors intersection,Normale,Autre collision,3,2,2,0,1,1,1,0,1,80,1,2,1,1,0,0,,,autre,,3,1,1,1,6
202400024539,2024-10-09 14:25:00,2024,10,9,14,25,45,45208,1bis Rue du Château,47.998929,2.729036,Plein jour,En agglomération,Hors intersection,Pluie forte,Deux véhicules - côté,4,2,2,0,1,1,2,0,1,50,2,2,1,0,0,1,31.0,65.0,voiture,deux_roues,1,2,1,3,3
202400024540,2024-05-24 02:30:00,2024,5,24,2,30,26,26009,11 rue de la bascule,45.242261,4.803761,Nuit avec éclairage non allumé,En agglomération,Hors intersection,Normale,Sans collision,3,2,2,0,1,2,1,0,4,50,1,1,0,0,1,0,52.0,,voiture,,4,2,1,1,7
202400024541,2024-10-09 08:01:00,2024,10,9,8,1,45,45004,D973 PR 2 + 888,48.00197,2.782916,Plein jour,Hors agglomération,Hors intersection,Pluie forte,Deux véhicules - arrière,3,2,2,0,1,1,2,0,1,50,2,3,2,0,0,1,62.0,41.0,utilitaire_camion,voiture,1,1,1,3,2
202400024542,2024-05-24 18:00:00,2024,5,24,18,0,42,42307,Route de Givors,45.552488,4.675664,Plein jour,Hors agglomération,Hors intersection,Normale,Deux véhicules - frontale,7,2,2,0,1,2,1,0,1,80,2,2,0,0,0,2,57.0,60.0,voiture,voiture,1,1,1,1,1
202400024543,2024-08-30 10:45:00,2024,8,30,10,45,44,44114,54 Rue du Docteur Stéphane Leduc,47.26964,-1.6199,Plein jour,En agglomération,Hors intersection,Normale,Deux véhicules - frontale,4,2,1,0,2,3,1,0,1,50,2,2,1,0,0,1,47.0,67.0,voiture,deux_roues,1,2,1,1,1
202400024544,2024-05-24 15:35:00,2024,5,24,15,35,44,44209,,47.31817,-1.643529,Plein jour,Hors agglomération,Hors intersection,Normale,Autre collision,2,3,4,0,1,1,1,0,3,110,1,3,1,0,0,2,32.0,,voiture,,1,1,1,1,6
202400024545,2024-05-24 00:45:00,2024,5,24,0,45,34,34036,A75,43.680989,3.379181,Nuit sans éclairage public,Hors agglomération,Hors intersection,Normale,Deux véhicules - arrière,1,1,2,0,1,1,1,0,1,130,2,2,1,0,0,1,30.0,41.0,utilitaire_camion,voiture,3,1,1,1,2
202400024546,2024-05-23 17:00:00,2024,5,23,17,0,57,57038,251 Rue du Moulin,49.475706,5.952755,Plein jour,Hors agglomération,Giratoire,Normale,Deux véhicules - arrière,3,1,4,-1,1,3,2,0,1,70,2,2,1,0,1,0,32.0,59.0,voiture,deux_roues,1,1,6,1,2
202400024547,2024-05-22 19:00:00,2024,5,22,19,0,56,56129,Le verger,48.127012,-2.488909,Plein jour,Hors agglomération,Hors intersection,Pluie forte,Autre collision,3,2,2,0,4,1,2,0,3,80,1,1,0,0,1,0,24.0,,voiture,,1,1,1,3,6
202400024548,2024-10-05 05:38:00,2024,10,5,5,38,42,42218,Rue Etienne Mimard,45.43843866,4.39651564,Nuit avec éclairage allumé,En agglomération,Hors intersection,Normale,Autre collision,4,2,4,0,1,1,1,0,1,50,1,2,1,1,0,0,22.0,,voiture,,5,2,1,1,6
202400024549,2024-05-17 11:00:00,2024,5,17,11,0,56,56013,Route des 4 Chemins,47.666175,-3.179179,Plein jour,En agglomération,Giratoire,Pluie légère,Deux véhicules - côté,3,1,2,0,1,2,2,5,1,50,2,2,1,0,1,0,85.0,72.0,deux_roues,voiture,1,2,6,2,3
202400024550,2024-10-09 08:45:00,2024,10,9,8,45,37,37261,CHEVALLIER (RUE AUGUSTE),47.37488,0.67894,Plein jour,En agglomération,Hors intersection,Pluie légère,Autre collision,4,2,4,1,2,1,2,0,1,50,1,2,1,0,0,1,27.0,,voiture,,1,2,1,2,6
202400024551,2024-05-22 07:30:00,2024,5,22,7,30,65,65446,D27,43.326333,0.100658,Plein jour,En agglomération,Intersection en T,Normale,Deux véhicules - côté,3,2,2,0,1,1,1,0,1,50,2,2,1,0,1,0,17.0,22.0,deux_roues,voiture,1,2,3,1,3
202400024551,2024-05-22 07:30:00,2024,5,22,7,30,65,65446,D27,43.326333,0.100658,Plein jour,En agglomération,Intersection en T,Normale,Deux véhicules - côté,3,2,2,0,1,1,1,0,1,50,2,2,1,0,1,0,17.0,22.0,deux_roues,voiture,1,2,3,1,3
202400024552,2024-05-22 16:30:00,2024,5,22,16,30,32,32158,D953,43.920493,0.737345,Plein jour,Hors agglomération,Hors intersection,Normale,Autre collision,3,2,2,0,2,2,1,0,3,80,1,1,0,0,1,0,42.0,,deux_roues,,1,1,1,1,6
202400024553,2024-10-09 05:50:00,2024,10,9,5,50,37,37261,DASSAULT (AVENUE MARCEL),47.36389355,0.6858007,Nuit avec éclairage allumé,En agglomération,Hors intersection,Pluie forte,Deux véhicules - côté,4,2,2,1,4,1,2,5,1,50,2,2,1,0,0,1,37.0,,deux_roues,voiture,5,2,1,3,3
202400024554,2024-05-24 04:45:00,2024,5,24,4,45,32,32262,D39 - PR 30+018,43.673265,1.03633,Nuit sans éclairage public,Hors agglomération,Hors intersection,Normale,Autre collision,3,2,2,0,2,3,1,0,8,80,1,1,0,0,1,0,39.0,,voiture,,3,1,1,1,6
202400024555,2024-05-24 16:38:00,2024,5,24,16,38,71,71479,842 Route de Saint-Sernin,46.833583,4.433474,Plein jour,Hors agglomération,Hors intersection,Normale,Deux véhicules - frontale,3,2,2,0,2,3,1,0,1,80,2,2,1,0,1,0,53.0,44.0,deux_roues,voiture,1,1,1,1,1
202400024556,2024-05-21 01:20:00,2024,5,21,1,20,61,61207,D276,48.317454,0.480968,Nuit sans éclairage public,Hors agglomération,Hors intersection,Pluie légère,Sans collision,3,2,2,0,2,2,2,0,8,80,1,2,1,0,1,0,,,voiture,,3,1,1,2,7
202400024557,2024-10-09 20:05:00,2024,10,9,20,5,33,33192,,44.78529,-0.6056,Nuit avec éclairage allumé,En agglomération,Hors intersection,Pluie légère,Trois véhicules et plus - en chaîne,4,3,2,2,1,1,2,-1,1,50,3,3,2,0,0,1,55.0,55.0,voiture,voiture,5,2,1,2,4
202400024558,2024-05-23 16:22:00,2024,5,23,16,22,68,68338,D417,48.076179,7.257677,Plein jour,Hors agglomération,Intersection en T,Normale,Deux véhicules - côté,3,2,1,0,1,2,1,5,1,70,2,4,2,0,0,2,36.0,53.0,voiture,utilitaire_camion,1,1,3,1,3
202400024558,2024-05-23 16:22:00,2024,5,23,16,22,68,68338,D417,48.076179,7.257677,Plein jour,Hors agglomération,Intersection en T,Normale,Deux véhicules - côté,3,2,2,0,1,1,1,5,1,80,2,4,2,0,0,2,36.0,53.0,voiture,utilitaire_camion,1,1,3,1,3
202400024559,2024-05-23 20:10:00,2024,5,23,20,10,29,29013,Départementale 785,48.36665277,-3.94891555,Plein jour,Hors agglomération,Hors intersection,Normale,Deux véhicules - côté,3,2,2,0,1,4,1,0,1,80,2,2,0,0,0,2,21.0,21.0,deux_roues,voiture,1,1,1,1,3
202400024560,2024-10-08 22:51:00,2024,10,8,22,51,29,29019,boulevard de l'Europe,48.413059,-4.496367,Nuit avec éclairage allumé,En agglomération,Intersection en X,Pluie légère,Deux véhicules - côté,4,2,2,0,1,1,2,0,1,50,2,4,1,0,1,2,34.0,24.0,utilitaire_camion,voiture,5,2,2,2,3
202400024560,2024-10-08 22:51:00,2024,10,8,22,51,29,29019,boulevard de l'Europe,48.413059,-4.496367,Nuit avec éclairage allumé,En agglomération,Intersection en X,Pluie légère,Deux véhicules - côté,4,2,4,0,1,1,2,0,1,50,2,4,1,0,1,2,34.0,24.0,utilitaire_camion,voiture,5,2,2,2,3
202400024561,2024-05-21 09:05:00,2024,5,21,9,5,29,29081,Bel Air,48.365467,-3.77672,Plein jour,Hors agglomération,Hors intersection,Normale,Autre collision,4,2,2,0,1,1,1,0,3,-1,1,1,0,0,1,0,45.0,,utilitaire_camion,,1,1,1,1,6
202400024562,2024-10-08 19:10:00,2024,10,8,19,10,29,29019,boulevard tanguy prigent,48.396061,-4.535364,Crépuscule ou aube,En agglomération,Hors intersection,Pluie légère,Autre collision,4,2,2,0,1,3,2,9,4,50,1,1,0,0,0,1,57.0,,voiture,,2,2,1,2,6
202400024563,2024-05-24 12:50:00,2024,5,24,12,50,29,29263,Lieu Dit Ty Raden,48.22663879,-4.07745722,Plein jour,Hors agglomération,Intersection en T,Normale,Deux véhicules - côté,2,2,2,0,1,1,1,5,1,80,2,2,0,0,1,1,21.0,24.0,voiture,utilitaire_camion,1,1,3,1,3
202400024563,2024-05-24 12:50:00,2024,5,24,12,50,29,29263,Lieu Dit Ty Raden,48.22663879,-4.07745722,Plein jour,Hors agglomération,Intersection en T,Normale,Deux véhicules - côté,2,1,1,0,1,1,1,3,1,70,2,2,0,0,1,1,21.0,24.0,voiture,utilitaire_camion,1,1,3,1,3
202400024564,2024-05-23 14:00:00,2024,5,23,14,0,38,38399,d518,45.494706,5.140786,Plein jour,Hors agglomération,Hors intersection,Pluie légère,Deux véhicules - frontale,3,2,2,0,1,2,2,0,1,80,2,2,1,0,1,0,42.0,23.0,voiture,voiture,1,1,1,2,1
202400024565,2024-10-08 17:30:00,2024,10,8,17,30,29,29019,rue Aime Cotton,48.407566,-4.467743,Plein jour,En agglomération,Hors intersection,Pluie légère,Autre collision,4,2,2,0,1,1,2,9,8,20,1,3,1,0,0,2,19.0,,voiture,,1,2,1,2,6
202400024566,2024-05-24 14:50:00,2024,5,24,14,50,02,02608,4 Hameau l’Epinette,49.837737,4.061605,Plein jour,Hors agglomération,Intersection en X,Normale,Deux véhicules - côté,3,2,2,0,1,1,1,0,1,80,2,2,1,1,0,0,21.0,91.0,utilitaire_camion,voiture,1,1,2,1,3
202400024566,2024-05-24 14:50:00,2024,5,24,14,50,02,02608,4 Hameau l’Epinette,49.837737,4.061605,Plein jour,Hors agglomération,Intersection en X,Normale,Deux véhicules - côté,3,2, -1,-1,1,1,1,0,1,-1,2,2,1,1,0,0,21.0,91.0,utilitaire_camion,voiture,1,1,2,1,3
202400024566,2024-05-24 14:50:00,2024,5,24,14,50,02,02608,4 Hameau l’Epinette,49.837737,4.061605,Plein jour,Hors agglomération,Intersection en X,Normale,Deux véhicules - côté,3,2, -1,-1,1,1,1,0,1,-1,2,2,1,1,0,0,21.0,91.0,utilitaire_camion,voiture,1,1,2,1,3
202400024567,2024-10-09 11:45:00,2024,10,9,11,45,27,27681,STANDS (ALLEE DES),49.10782,1.4997,Plein jour,Hors agglomération,Intersection en T,Pluie forte,Deux véhicules - côté,4,2,0,0,1,1,4,0,1,50,2,2,1,0,0,1,43.0,32.0,voiture,voiture,1,1,3,3,3
202400024567,2024-10-09 11:45:00,2024,10,9,11,45,27,27681,STANDS (ALLEE DES),49.10782,1.4997,Plein jour,Hors agglomération,Intersection en T,Pluie forte,Deux véhicules - côté,4,-1,2,0,1,1,4,0,1,50,2,2,1,0,0,1,43.0,32.0,voiture,voiture,1,1,3,3,3
202400024568,2024-05-23 16:45:00,2024,5,23,16,45,02,02232,,49.23241,2.98147,Plein jour,Hors agglomération,Intersection en X,Normale,Autre collision,3,2,2,0,4,1,1,0,1,80,2,2,1,0,1,0,15.0,40.0,deux_roues,voiture,1,1,2,1,6
202400024568,2024-05-23 16:45:00,2024,5,23,16,45,02,02232,,49.23241,2.98147,Plein jour,Hors agglomération,Intersection en X,Normale,Autre collision,3,2, -1,-1,1,1,1,0,1,-1,2,2,1,0,1,0,15.0,40.0,deux_roues,voiture,1,1,2,1,6
202400024569,2024-10-08 17:40:00,2024,10,8,17,40,27,27229,FOCH (AVENUE DU MARECHAL),49.02411,1.12384,Plein jour,En agglomération,Hors intersection,Normale,Autre collision,4,-1,2,0,2,1,1,0,1,50,1,1,0,0,0,1,48.0,,voiture,,1,2,1,1,6
202400024570,2024-05-24 12:00:00,2024,5,24,12,0,15,15049,lieu dit Le Vernet,45.195179,2.695577,Plein jour,Hors agglomération,Hors intersection,Normale,Autre collision,4,2,2,0,2,1,1,0,1,90,1,2,1,0,1,0,65.0,,voiture,,1,1,1,1,6
202400024571,2024-05-23 20:20:00,2024,5,23,20,20,58,58095,les brosses,46.795583,3.442706,Plein jour,Hors agglomération,Hors intersection,Normale,Sans collision,3,2,2,0,1,1,1,0,8,90,1,1,0,0,0,1,33.0,,voiture,,1,1,1,1,7
202400024572,2024-10-08 08:00:00,2024,10,8,8,0,27,27229,VERNON (RUE DE),49.03077,1.16048,Crépuscule ou aube,En agglomération,Autre intersection,Pluie légère,Autre collision,4,-1,2,0,2,1,2,0,1,50,1,2,1,0,1,0,21.0,,utilitaire_camion,,2,2,9,2,6
202400024573,2024-05-23 19:00:00,2024,5,23,19,0,66,66149,,42.626554,2.412035,Plein jour,Hors agglomération,Hors intersection,Normale,Deux véhicules - frontale,4,2,1,0,2,1,9,0,1,80,2,2,1,0,0,1,73.0,54.0,voiture,voiture,1,1,1,1,1
202400024574,2024-10-09 19:30:00,2024,10,9,19,30,25,25056,RN 1057 (CH. EPITAPHE-CH. MONTBOUCONS),47.26729,6.00355,Nuit avec éclairage allumé,Hors agglomération,Autre intersection,Pluie légère,Deux véhicules - arrière,2,3,2,0,1,1,2,0,1,90,2,2,0,0,0,2,42.0,19.0,voiture,voiture,5,1,9,2,2
202400024575,2024-05-24 19:15:00,2024,5,24,19,15,54,54010,La Grand Saulx,48.54283591,5.80825925,Plein jour,Hors agglomération,Intersection en X,Normale,Deux véhicules - côté,4,-1,2,0,1,1,1,0,1,80,2,2,1,0,1,0,32.0,18.0,voiture,deux_roues,1,1,2,1,3
202400024575,2024-05-24 19:15:00,2024,5,24,19,15,54,54010,La Grand Saulx,48.54283591,5.80825925,Plein jour,Hors agglomération,Intersection en X,Normale,Deux véhicules - côté,4,1, -1,0,1,3,1,0,1,80,2,2,1,0,1,0,32.0,18.0,voiture,deux_roues,1,1,2,1,3
202400024576,2024-10-09 08:15:00,2024,10,9,8,15,13,13056,MICHEL TRAVERSE LOUISE,43.42367,5.04605,Plein jour,En agglomération,Autre intersection,Normale,Deux véhicules - côté,4,-1,1,0,1,1,1,0,8,30,2,2,1,0,0,1,30.0,67.0,voiture,deux_roues,1,2,9,1,3
202400024577,2024-10-09 23:05:00,2024,10,9,23,5,13,13202,COLBERT(RUE),43.29925,5.37416,Nuit avec éclairage allumé,En agglomération,Intersection en X,Normale,Deux véhicules - frontale,4,2,2,0,2,1,1,0,1,50,2,2,1,0,0,1,43.0,46.0,deux_roues,utilitaire_camion,5,2,2,1,1
202400024577,2024-10-09 23:05:00,2024,10,9,23,5,13,13202,COLBERT(RUE),43.29925,5.37416,Nuit avec éclairage allumé,En agglomération,Intersection en X,Normale,Deux véhicules - frontale,4,2,2,0,2,1,1,0,1,50,2,2,1,0,0,1,43.0,46.0,deux_roues,utilitaire_camion,5,2,2,1,1
202400024578,2024-10-09 18:45:00,2024,10,9,18,45,13,13210,PONT DE VIVAUX (BOULEVARD),43.28151,5.42334,Nuit avec éclairage allumé,En agglomération,Hors intersection,Pluie légère,Deux véhicules - arrière,4,1,0,0,1,1,2,0,1,50,2,2,1,0,0,1,28.0,,voiture,voiture,5,2,1,2,2
202400024579,2024-10-05 20:00:00,2024,10,5,20,0,13,13028,FRANCE (BOULEVARD ANATOLE),43.17,5.61,Nuit avec éclairage allumé,En agglomération,Hors intersection,Normale,Deux véhicules - arrière,4,2,2,0,1,1,1,6,1,30,2,2,1,0,0,1,18.0,30.0,deux_roues,voiture,5,2,1,1,2
202400024580,2024-10-09 20:16:00,2024,10,9,20,16,10,10387,Avenue Anatole France,48.27896,4.06884,Nuit avec éclairage allumé,En agglomération,Hors intersection,Pluie légère,Autre collision,4,2,2,0,1,1,2,0,1,50,1,2,1,0,0,1,,,utilitaire_camion,,5,2,1,2,6
202400024581,2024-10-09 08:50:00,2024,10,9,8,50,06,06029,110 Avenue Michel Jourdan,43.555544,6.971119,Plein jour,En agglomération,Hors intersection,Normale,Deux véhicules - arrière,3,2,2,0,1,1,1,0,1,50,2,2,1,0,1,0,66.0,19.0,voiture,deux_roues,1,2,1,1,2
202400024582,2024-10-09 13:00:00,2024,10,9,13,0,75,75105,BOULEVARD SAINT MICHEL,48.853093,2.343974,Plein jour,En agglomération,Hors intersection,Pluie forte,Deux véhicules - côté,4,2,4,1,1,1,2,0,1,30,2,2,1,0,0,1,26.0,20.0,utilitaire_camion,deux_roues,1,2,1,3,3
202400024583,2024-10-09 15:45:00,2024,10,9,15,45,75,75118,RUE DE LA CHAPELLE,48.892708,2.359722,Plein jour,En agglomération,Intersection en T,Pluie forte,Deux véhicules - côté,4,1,1,0,1,1,2,0,5,30,2,2,1,0,0,1,32.0,32.0,deux_roues,deux_roues,1,2,3,3,3
202400024583,2024-10-09 15:45:00,2024,10,9,15,45,75,75118,RUE DE LA CHAPELLE,48.892708,2.359722,Plein jour,En agglomération,Intersection en T,Pluie forte,Deux véhicules - côté,4,2,2,1,1,1,2,0,5,30,2,2,1,0,0,1,32.0,32.0,deux_roues,deux_roues,1,2,3,3,3
202400024584,2024-10-09 18:00:00,2024,10,9,18,0,75,75113,RUE BRILLAT SAVARIN,48.821815,2.3511612,Nuit avec éclairage allumé,En agglomération,Hors intersection,Pluie légère,Trois véhicules et plus - en chaîne,4,1,1,0,2,1,2,0,1,30,4,9,7,0,0,2,59.0,38.0,voiture,utilitaire_camion,5,2,1,2,4
202400024585,2024-10-09 19:15:00,2024,10,9,19,15,75,75110,RUE DU HUIT MAI 1945,48.876644,2.356201,Nuit avec éclairage allumé,En agglomération,Intersection en X,Pluie forte,Deux véhicules - arrière,4,2,2,3,4,1,2,0,1,30,2,2,1,0,0,1,25.0,31.0,deux_roues,utilitaire_camion,5,2,2,3,2
202400024585,2024-10-09 19:15:00,2024,10,9,19,15,75,75110,RUE DU HUIT MAI 1945,48.876644,2.356201,Nuit avec éclairage allumé,En agglomération,Intersection en X,Pluie forte,Deux véhicules - arrière,4,2,2,3,1,3,2,0,1,30,2,2,1,0,0,1,25.0,31.0,deux_roues,utilitaire_camion,5,2,2,3,2
202400024586,2024-10-07 22:10:00,2024,10,7,22,10,75,75109,Place de l'Opéra,48.871151,2.332345,Nuit avec éclairage allumé,En agglomération,Place,Pluie légère,Deux véhicules - côté,4,1,1,0,1,1,2,0,1,30,2,2,1,0,1,0,27.0,72.0,voiture,deux_roues,5,2,7,2,3
202400024587,2024-10-09 19:59:00,2024,10,9,19,59,75,75108,PONT DE L ALMA,48.863508,2.301762,Nuit avec éclairage allumé,En agglomération,Hors intersection,Pluie forte,Autre collision,4,1,3,0,1,1,2,2,1,30,1,2,1,0,0,1,45.0,,voiture,,5,2,1,3,6
202400024588,2024-10-09 12:30:00,2024,10,9,12,30,75,75108,RUE DU FAUBOURG SAINT HONORE,48.871764,2.314205,Plein jour,En agglomération,Intersection en X,Pluie forte,Autre collision,4,1, -1,-1,1,1,2,0,1,30,1,2,1,0,1,0,46.0,,voiture,,1,2,2,3,6
202400024588,2024-10-09 12:30:00,2024,10,9,12,30,75,75108,RUE DU FAUBOURG SAINT HONORE,48.871764,2.314205,Plein jour,En agglomération,Intersection en X,Pluie forte,Autre collision,4,2, -1,0,1,1,2,0,1,30,1,2,1,0,1,0,46.0,,voiture,,1,2,2,3,6
202400024589,2024-10-09 08:40:00,2024,10,9,8,40,75,75101,QUAI DE LA MEGISSERIE,48.85849167,2.34248847,Crépuscule ou aube,En agglomération,Intersection en X,Pluie légère,Deux véhicules - frontale,4,1,4,3,1,1,2,0,1,30,2,2,0,0,0,2,56.0,52.0,deux_roues,deux_roues,2,2,2,2,1
202400024589,2024-10-09 08:40:00,2024,10,9,8,40,75,75101,QUAI DE LA MEGISSERIE,48.85849167,2.34248847,Crépuscule ou aube,En agglomération,Intersection en X,Pluie légère,Deux véhicules - frontale,4,4,2,1,1,1,2,0,1,30,2,2,0,0,0,2,56.0,52.0,deux_roues,deux_roues,2,2,2,2,1
202400024590,2024-10-08 16:23:00,2024,10,8,16,23,75,75101,AVENUE VICTORIA,48.8575,2.347809,Plein jour,En agglomération,Intersection en X,Normale,Deux véhicules - côté,4,1,3,0,1,1,1,0,5,30,2,2,1,0,0,1,57.0,18.0,utilitaire_camion,deux_roues,1,2,2,1,3
202400024590,2024-10-08 16:23:00,2024,10,8,16,23,75,75101,AVENUE VICTORIA,48.8575,2.347809,Plein jour,En agglomération,Intersection en X,Normale,Deux véhicules - côté,4,1,5,1,1,1,1,0,5,30,2,2,1,0,0,1,57.0,18.0,utilitaire_camion,deux_roues,1,2,2,1,3
202400024591,2024-10-08 05:50:00,2024,10,8,5,50,75,75103,RUE DU VERTBOIS,48.8677,2.354937,Nuit avec éclairage allumé,En agglomération,Intersection en X,Temps couvert,Deux véhicules - côté,4,1, -1,-1,1,1,1,0,1,30,2,2,1,0,0,1,33.0,64.0,deux_roues,voiture,5,2,2,8,3
202400024591,2024-10-08 05:50:00,2024,10,8,5,50,75,75103,RUE DU VERTBOIS,48.8677,2.354937,Nuit avec éclairage allumé,En agglomération,Intersection en X,Temps couvert,Deux véhicules - côté,4,1,1,0,1,1,2,0,1,30,2,2,1,0,0,1,33.0,64.0,deux_roues,voiture,5,2,2,8,3
202400024592,2024-10-09 12:00:00,2024,10,9,12,0,94,94003,Avenue Nelson Mandela,48.81124599,2.32734901,Plein jour,En agglomération,Hors intersection,Pluie légère,Autre collision,4,-1,2,0,3,1,2,9,1,30,1,2,1,0,0,1,54.0,,voiture,,1,2,1,2,6