accident_id,datetime,annee,mois,jour,heure,minute,departement,commune_insee,adresse,latitude,longitude,luminosite,agglomeration,intersection,meteo,collision,catr,circ,nbv,vosp,prof,plan,surf,infra,situ,vma,nb_vehicules,nb_usagers,nb_indemnes,nb_tues,nb_blesses_hosp,nb_blesses_legers,age_cond_1,age_cond_2,veh_type_cond_1,veh_type_cond_2,lum_code,agg_code,int_code,atm_code,col_code
202400024593,2024-10-08 07:23:00,2024,10,8,7,23,93,93053,COTTAGES (ALLEE DES),48.89,2.4697,Nuit sans éclairage public,En agglomération,Intersection en T,Normale,Autre collision,4,1,1,0,1,1,2,0,1,30,2,2,1,0,0,1,59.0,52.0,deux_roues,voiture,3,2,3,1,6
202400024593,2024-10-08 07:23:00,2024,10,8,7,23,93,93053,COTTAGES (ALLEE DES),48.89,2.4697,Nuit sans éclairage public,En agglomération,Intersection en T,Normale,Autre collision,4,2,2,0,1,1,2,0,1,50,2,2,1,0,0,1,59.0,52.0,deux_roues,voiture,3,2,3,1,6
202400024594,2024-10-09 19:58:00,2024,10,9,19,58,93,93049,MEAUX (CHEMIN),48.86291,2.51252,Nuit avec éclairage allumé,En agglomération,Intersection en Y,Pluie forte,Deux véhicules - côté,3,2,2,0,1,1,2,0,1,30,2,2,1,0,0,1,24.0,34.0,deux_roues,voiture,5,2,4,3,3
202400024594,2024-10-09 19:58:00,2024,10,9,19,58,93,93049,MEAUX (CHEMIN),48.86291,2.51252,Nuit avec éclairage allumé,En agglomération,Intersection en Y,Pluie forte,Deux véhicules - côté,3,2,2,0,1,2,2,0,1,30,2,2,1,0,0,1,24.0,34.0,deux_roues,voiture,5,2,4,3,3
202400024595,2024-10-09 18:11:00,2024,10,9,18,11,93,93048,PRESIDENT WILSON (AVENUE DU),48.85569641,2.4395723,Crépuscule ou aube,En agglomération,Intersection en X,Pluie forte,Autre collision,3,2,2,0,1,1,2,0,1,15,1,2,1,0,0,1,63.0,,voiture,,2,2,2,3,6
202400024595,2024-10-09 18:11:00,2024,10,9,18,11,93,93048,PRESIDENT WILSON (AVENUE DU),48.85569641,2.4395723,Crépuscule ou aube,En agglomération,Intersection en X,Pluie forte,Autre collision,3,2,2,0,1,1,2,5,1,15,1,2,1,0,0,1,63.0,,voiture,,2,2,2,3,6
202400024596,2024-10-09 13:05:00,2024,10,9,13,5,93,93029,GARIBALDI (AVENUE) N°,48.92256,2.45261,Plein jour,En agglomération,Intersection en X,Pluie forte,Deux véhicules - côté,4,1,#VALEURMULTI,0,1,1,2,0,1,50,2,4,2,0,0,2,32.0,33.0,voiture,voiture,1,2,2,3,3
202400024597,2024-10-09 09:45:00,2024,10,9,9,45,93,93029,ADRIEN FROMENT,48.92525,2.43724,Plein jour,En agglomération,Intersection en T,Pluie légère,Deux véhicules - côté,4,1,1,0,1,1,2,0,1,50,2,2,1,0,0,1,29.0,46.0,utilitaire_camion,deux_roues,1,2,3,2,3
202400024597,2024-10-09 09:45:00,2024,10,9,9,45,93,93029,ADRIEN FROMENT,48.92525,2.43724,Plein jour,En agglomération,Intersection en T,Pluie légère,Deux véhicules - côté,4,2,2,0,1,1,2,0,1,50,2,2,1,0,0,1,29.0,46.0,utilitaire_camion,deux_roues,1,2,3,2,3
202400024598,2024-10-09 15:54:00,2024,10,9,15,54,93,93008,BARBUSSE (AVENUE HENRI) A30,48.90764716,2.42580422,Plein jour,En agglomération,Giratoire,Pluie forte,Deux véhicules - côté,3,1,2,0,1,2,2,0,1,50,2,2,1,0,0,1,,23.0,utilitaire_camion,utilitaire_camion,1,2,6,3,3
202400024599,2024-10-09 18:35:00,2024,10,9,18,35,93,93005,POMEREU (AVENUE DE),48.92337617,2.49391803,Crépuscule ou aube,En agglomération,Giratoire,Pluie forte,Deux véhicules - frontale,4,1,5,0,1,1,2,9,1,50,2,2,1,0,0,1,52.0,49.0,deux_roues,voiture,2,2,6,3,1
202400024600,2024-10-09 00:45:00,2024,10,9,0,45,92,92073,BERNARD (AVENUE DU PROFESSEUR LEON),48.87097765,2.2144803,Nuit avec éclairage allumé,En agglomération,Intersection en T,Normale,Deux véhicules - frontale,4,2,2,0,3,1,2,0,1,50,2,3,1,0,0,2,29.0,27.0,voiture,voiture,5,2,3,1,1
202400024600,2024-10-09 00:45:00,2024,10,9,0,45,92,92073,BERNARD (AVENUE DU PROFESSEUR LEON),48.87097765,2.2144803,Nuit avec éclairage allumé,En agglomération,Intersection en T,Normale,Deux véhicules - frontale,4,1,1,0,2,1,2,0,8,50,2,3,1,0,0,2,29.0,27.0,voiture,voiture,5,2,3,1,1
202400024601,2024-10-04 16:00:00,2024,10,4,16,0,92,92063,DOUMER (AVENUE PAUL) NORD,48.88344,2.19096,Plein jour,En agglomération,Autre intersection,Normale,Deux véhicules - côté,3,2,4,0,1,1,1,0,1,50,2,2,1,0,0,1,42.0,29.0,voiture,deux_roues,1,2,9,1,3
202400024602,2024-10-08 11:00:00,2024,10,8,11,0,92,92063,CHATOU (PONT DE),48.88815,2.16373,Plein jour,En agglomération,Hors intersection,Temps couvert,Trois véhicules et plus - en chaîne,3,2,0,0,1,1,2,0,1,50,3,3,2,0,0,1,38.0,37.0,voiture,voiture,1,2,1,8,4
202400024603,2024-10-07 08:50:00,2024,10,7,8,50,92,92049,PERI RUE GABRIEL N°38 A 82,48.81856,2.31935,Plein jour,En agglomération,Hors intersection,Normale,Sans collision,3,2,2,0,1,1,2,0,8,50,1,1,0,0,0,1,25.0,,deux_roues,,1,2,1,1,7
202400024604,2024-10-09 11:30:00,2024,10,9,11,30,92,92026,ADAM LEDOUX,48.89840141,2.2490973,Plein jour,En agglomération,Intersection en T,Pluie forte,Deux véhicules - arrière,4,1,2,0,1,1,2,0,1,50,2,5,4,0,0,1,20.0,45.0,voiture,voiture,1,2,3,3,2
202400024604,2024-10-09 11:30:00,2024,10,9,11,30,92,92026,ADAM LEDOUX,48.89840141,2.2490973,Plein jour,En agglomération,Intersection en T,Pluie forte,Deux véhicules - arrière,4,1,2,0,1,1,2,0,1,50,2,5,4,0,0,1,20.0,45.0,voiture,voiture,1,2,3,3,2
202400024605,2024-10-09 07:25:00,2024,10,9,7,25,92,92026,BEZONS  (DE 01 A 22),48.89324,2.2524,Crépuscule ou aube,En agglomération,Hors intersection,Pluie légère,Autre collision,3,1,0,0,2,1,2,0,1,50,1,2,1,0,1,0,59.0,,voiture,,2,2,1,2,6
202400024606,2024-10-09 19:15:00,2024,10,9,19,15,92,92004,NANTERRE ( DE 46 A ),48.90979,2.28156,Nuit avec éclairage allumé,En agglomération,Hors intersection,Pluie forte,Autre collision,4,2,2,0,1,1,3,6,1,30,1,2,1,0,0,1,37.0,,deux_roues,,5,2,1,3,6
202400024607,2024-10-09 17:45:00,2024,10,9,17,45,34,34295,M5e3,43.56479,3.803571,Plein jour,Hors agglomération,Intersection en T,Normale,Sans collision,7,1,1,0,1,1,1,0,1,70,2,2,1,0,0,1,19.0,27.0,voiture,deux_roues,1,1,3,1,7
202400024607,2024-10-09 17:45:00,2024,10,9,17,45,34,34295,M5e3,43.56479,3.803571,Plein jour,Hors agglomération,Intersection en T,Normale,Sans collision,7,2, -1,-1,1,1,1,0,1,-1,2,2,1,0,0,1,19.0,27.0,voiture,deux_roues,1,1,3,1,7
202400024608,2024-10-10 14:00:00,2024,10,10,14,0,974,97415,Route de Savannah,-20.987892,55.295557,Plein jour,En agglomération,Hors intersection,Normale,Deux véhicules - frontale,4,2,1,0,1,1,1,0,1,50,2,2,1,0,1,0,52.0,42.0,deux_roues,voiture,1,2,1,1,1
202400024609,2024-10-10 01:15:00,2024,10,10,1,15,84,84088,Chemin de Saint Hilaire,44.009754,5.024993,Nuit sans éclairage public,Hors agglomération,Intersection en X,Pluie légère,Autre collision,3,2,1,0,1,1,2,0,3,70,1,1,0,1,0,0,45.0,,voiture,,3,1,2,2,6
202400024609,2024-10-10 01:15:00,2024,10,10,1,15,84,84088,Chemin de Saint Hilaire,44.009754,5.024993,Nuit sans éclairage public,Hors agglomération,Intersection en X,Pluie légère,Autre collision,3,-1, -1,-1,1,1,2,0,1,-1,1,1,0,1,0,0,45.0,,voiture,,3,1,2,2,6
202400024610,2024-10-09 17:55:00,2024,10,9,17,55,22,22206,Rue Notre-dame,48.540463,-2.973025,Plein jour,En agglomération,Intersection en T,Normale,Deux véhicules - côté,4,2,2,0,1,1,1,0,1,30,2,2,1,0,0,1,14.0,45.0,deux_roues,voiture,1,2,3,1,3
202400024610,2024-10-09 17:55:00,2024,10,9,17,55,22,22206,Rue Notre-dame,48.540463,-2.973025,Plein jour,En agglomération,Intersection en T,Normale,Deux véhicules - côté,4,2,2,0,2,1,1,0,1,30,2,2,1,0,0,1,14.0,45.0,deux_roues,voiture,1,2,3,1,3
202400024611,2024-10-10 07:40:00,2024,10,10,7,40,51,51609,14 Rue de Reims,49.102147,3.670726,Crépuscule ou aube,En agglomération,Hors intersection,Pluie légère,Autre collision,4,2,2,0,2,1,6,0,1,50,1,3,1,0,0,2,38.0,,utilitaire_camion,,2,2,1,2,6
202400024612,2024-10-10 07:55:00,2024,10,10,7,55,37,37077,A85,47.332512,0.455418,Crépuscule ou aube,Hors agglomération,Hors intersection,Normale,Deux véhicules - arrière,1,3,2,0,1,2,1,0,1,130,2,2,1,0,0,1,32.0,50.0,voiture,voiture,2,1,1,1,2
202400024613,2024-10-10 11:35:00,2024,10,10,11,35,30,30047,Route de Manduel,43.805064,4.433295,Plein jour,En agglomération,Hors intersection,Normale,Sans collision,3,2,2,0,1,1,1,0,8,50,1,2,1,0,0,1,69.0,,voiture,,1,2,1,1,7
202400024614,2024-10-10 08:30:00,2024,10,10,8,30,04,04033,"rd900b, pk 24+910",44.458087,6.244204,Plein jour,Hors agglomération,Hors intersection,Normale,Autre collision,3,2,2,0,2,1,2,0,1,90,1,2,0,0,1,1,36.0,,utilitaire_camion,,1,1,1,1,6
202400024615,2024-10-10 02:50:00,2024,10,10,2,50,51,51507,D3,49.090919,4.917323,Nuit sans éclairage public,Hors agglomération,Hors intersection,Pluie légère,Deux véhicules - arrière,3,3,1,0,2,1,2,0,1,90,2,2,1,0,0,1,29.0,40.0,utilitaire_camion,voiture,3,1,1,2,2
202400024616,2024-10-10 10:05:00,2024,10,10,10,5,51,51436,D60,48.858482,4.487625,Plein jour,Hors agglomération,Hors intersection,Normale,Autre collision,3,2,2,0,2,1,2,0,1,80,1,1,0,1,0,0,92.0,,voiture,,1,1,1,1,6
202400024617,2024-10-09 13:27:00,2024,10,9,13,27,56,56219,Aire des Landes de Lanvaux,47.766258,-2.499089,Plein jour,Hors agglomération,Hors intersection,Pluie forte,Deux véhicules - frontale,2,4,2,0,1,1,2,8,1,50,2,3,0,0,2,1,17.0,73.0,voiture,voiture,1,1,1,3,1
202400024618,2024-10-09 08:22:00,2024,10,9,8,22,77,77025,D411,48.397781,3.197523,Crépuscule ou aube,Hors agglomération,Hors intersection,Pluie forte,Deux véhicules - frontale,3,2,2,0,1,1,2,0,1,90,2,2,1,0,1,0,39.0,50.0,voiture,voiture,2,1,1,3,1
202400024619,2024-10-09 13:40:00,2024,10,9,13,40,2B,2B329,RT20,42.335691,9.176052,Plein jour,Hors agglomération,Hors intersection,Normale,Autre collision,2,2,2,0,2,3,1,2,1,80,2,3,2,0,0,1,22.0,34.0,voiture,voiture,1,1,1,1,6
202400024620,2024-10-08 14:55:00,2024,10,8,14,55,80,80706,D12,50.058048,2.135661,Plein jour,Hors agglomération,Hors intersection,Normale,Deux véhicules - frontale,3,2,2,0,1,3,1,0,1,80,2,2,1,0,1,0,67.0,84.0,voiture,voiture,1,1,1,1,1
202400024621,2024-10-10 18:18:00,2024,10,10,18,18,63,63229,goele,45.787487,3.363533,Plein jour,Hors agglomération,Hors intersection,Normale,Deux véhicules - arrière,9,-1,2,0,1,1,9,0,1,80,2,2,0,0,2,0,29.0,28.0,deux_roues,deux_roues,1,1,1,1,2
202400024622,2024-10-10 09:00:00,2024,10,10,9,0,68,68049,Bouxwiller,47.500895,7.325327,Plein jour,Hors agglomération,Hors intersection,Normale,Autre collision,3,2,2,0,1,1,2,0,1,80,1,1,0,0,1,0,60.0,,voiture,,1,1,1,1,6
202400024623,2024-09-21 17:45:00,2024,9,21,17,45,29,29185,Pen Ar Prat,48.673138,-4.191713,Plein jour,En agglomération,Hors intersection,Normale,Autre collision,4,2,1,0,1,1,2,0,3,50,1,2,1,0,0,1,35.0,,voiture,,1,2,1,1,6
202400024624,2024-10-09 19:30:00,2024,10,9,19,30,31,31170,D17,43.278955,0.72999,Nuit sans éclairage public,Hors agglomération,Hors intersection,Vent fort / tempête,Deux véhicules - côté,3,2,2,0,1,1,2,0,1,80,2,2,1,1,0,0,68.0,22.0,deux_roues,utilitaire_camion,3,1,1,6,3
202400024625,2024-10-07 19:00:00,2024,10,7,19,0,70,70311,D957,47.821223,6.393555,Nuit sans éclairage public,En agglomération,Giratoire,Pluie forte,Sans collision,2,1,2,0,1,3,2,0,1,80,1,1,0,0,1,0,52.0,,deux_roues,,3,2,6,3,7
202400024625,2024-10-07 19:00:00,2024,10,7,19,0,70,70311,D957,47.821223,6.393555,Nuit sans éclairage public,En agglomération,Giratoire,Pluie forte,Sans collision,2,1, -1,-1,1,3,2,3,1,70,1,1,0,0,1,0,52.0,,deux_roues,,3,2,6,3,7
202400024626,2024-10-10 17:50:00,2024,10,10,17,50,50,50151,Route du Buisson D2,49.1820272,-1.5204006,Plein jour,Hors agglomération,Hors intersection,Normale,Deux véhicules - côté,3,2,2,0,1,1,1,0,1,80,2,2,0,0,2,0,43.0,76.0,voiture,voiture,1,1,1,1,3
202400024627,2024-10-10 08:15:00,2024,10,10,8,15,45,45166,D102 PR 11 + 651,48.042954,1.801298,Plein jour,Hors agglomération,Hors intersection,Normale,Deux véhicules - frontale,3,2,2,0,1,1,2,0,1,80,2,2,0,0,1,1,19.0,42.0,voiture,voiture,1,1,1,1,1
202400024628,2024-10-09 13:13:00,2024,10,9,13,13,18,18008,,46.967339,2.352464,Plein jour,Hors agglomération,Intersection en X,Normale,Deux véhicules - côté,3,2,1,0,1,1,2,5,1,80,2,3,2,0,0,1,44.0,25.0,voiture,utilitaire_camion,1,1,2,1,3
202400024628,2024-10-09 13:13:00,2024,10,9,13,13,18,18008,,46.967339,2.352464,Plein jour,Hors agglomération,Intersection en X,Normale,Deux véhicules - côté,3,2,2,0,1,1,2,5,1,70,2,3,2,0,0,1,44.0,25.0,voiture,utilitaire_camion,1,1,2,1,3
202400024629,2024-10-10 05:15:00,2024,10,10,5,15,36,36021,Bois des Tomeris,46.97231062,1.95410141,Nuit sans éclairage public,Hors agglomération,Hors intersection,Pluie légère,Deux véhicules - côté,3,2,2,0,1,1,2,0,1,80,2,2,1,0,0,1,52.0,18.0,utilitaire_camion,voiture,3,1,1,2,3
202400024630,2024-10-09 22:00:00,2024,10,9,22,0,36,36140,rond point du 19 Mars 1962,46.888472,1.856475,Nuit avec éclairage allumé,En agglomération,Giratoire,Pluie forte,Sans collision,3,2,2,0,1,2,2,0,1,50,1,1,0,0,1,0,63.0,,deux_roues,,5,2,6,3,7
202400024631,2024-10-09 16:25:00,2024,10,9,16,25,16,16175,,45.542307,-0.041714,Plein jour,Hors agglomération,Autre intersection,Pluie forte,Autre collision,2,3,2,0,2,1,2,0,3,110,1,1,0,0,1,0,49.0,,utilitaire_camion,,1,1,9,3,6
202400024632,2024-10-08 09:55:00,2024,10,8,9,55,21,21610,D20D,47.250339,5.447781,Plein jour,Hors agglomération,Hors intersection,Pluie légère,Sans collision,3,2,2,0,1,2,4,0,3,80,1,1,0,0,1,0,28.0,,voiture,,1,1,1,2,7
202400024633,2024-10-09 21:40:00,2024,10,9,21,40,23,23240,La Viergne,46.338647,2.224195,Nuit sans éclairage public,Hors agglomération,Hors intersection,Vent fort / tempête,Autre collision,4,-1,2,0,1,2,2,0,3,90,1,1,0,0,1,0,39.0,,voiture,,3,1,1,6,6
202400024634,2024-10-10 09:00:00,2024,10,10,9,0,30,30322,D271,44.063564,3.828872,Plein jour,En agglomération,Hors intersection,Normale,Sans collision,3,2,2,0,2,1,1,0,1,50,1,2,1,1,0,0,40.0,,voiture,,1,2,1,1,7
202400024635,2024-08-20 11:25:00,2024,8,20,11,25,79,79355,,46.311323,-0.352957,Plein jour,Hors agglomération,Hors intersection,Normale,Deux véhicules - arrière,1,3,4,0,1,1,1,0,1,130,2,2,1,0,1,0,80.0,34.0,voiture,deux_roues,1,1,1,1,2
202400024636,2024-10-10 12:00:00,2024,10,10,12,0,85,85102,RD81,46.873306,-1.644269,Plein jour,Hors agglomération,Hors intersection,Normale,Autre collision,3,2,2,0,1,2,1,0,1,80,1,1,0,0,0,1,24.0,,utilitaire_camion,,1,1,1,1,6
202400024637,2024-10-09 10:23:00,2024,10,9,10,23,24,24077,N21,44.956143,0.585912,Plein jour,Hors agglomération,Hors intersection,Normale,Deux véhicules - frontale,2,2,2,0,2,2,1,0,1,80,2,3,0,2,1,0,41.0,23.0,utilitaire_camion,utilitaire_camion,1,1,1,1,1
202400024638,2024-10-10 08:30:00,2024,10,10,8,30,45,45032,A6 PR 94 + 0,48.140555,2.913754,Crépuscule ou aube,Hors agglomération,Hors intersection,Autre,Deux véhicules - arrière,1,1,4,0,1,1,2,0,1,130,2,5,1,1,1,2,50.0,41.0,utilitaire_camion,voiture,2,1,1,9,2
202400024639,2024-10-09 13:30:00,2024,10,9,13,30,971,97118,Chemin de Daubin,16.223761,-61.611822,Plein jour,En agglomération,Hors intersection,Normale,Deux véhicules - frontale,3,2,2,0,1,3,1,0,1,50,2,2,0,0,1,1,39.0,58.0,voiture,voiture,1,2,1,1,1
202400024640,2024-10-10 06:55:00,2024,10,10,6,55,41,41220,D925,47.739843,1.642413,Nuit sans éclairage public,Hors agglomération,Hors intersection,Normale,Deux véhicules - frontale,3,2,2,0,1,3,2,0,1,50,2,2,0,0,0,2,20.0,33.0,voiture,voiture,3,1,1,1,1
202400024641,2024-10-07 17:10:00,2024,10,7,17,10,13,13062,D8,43.42439455,5.47477881,Plein jour,Hors agglomération,Intersection en T,Normale,Deux véhicules - côté,3,2,2,0,1,1,1,0,1,80,2,2,0,1,1,0,79.0,35.0,voiture,deux_roues,1,1,3,1,3
202400024641,2024-10-07 17:10:00,2024,10,7,17,10,13,13062,D8,43.42439455,5.47477881,Plein jour,Hors agglomération,Intersection en T,Normale,Deux véhicules - côté,3,2, -1,-1,1,1,1,0,1,-1,2,2,0,1,1,0,79.0,35.0,voiture,deux_roues,1,1,3,1,3
202400024642,2024-10-09 09:37:00,2024,10,9,9,37,26,26252,A7 - PK 077.600 - SENS SUD NORD,44.86915154,4.8652482,Plein jour,Hors agglomération,Hors intersection,Normale,Trois véhicules et plus - collisions multiples,1,1,3,0,1,1,1,0,1,130,5,8,3,0,0,5,31.0,60.0,voiture,utilitaire_camion,1,1,1,1,5
202400024643,2024-09-24 18:30:00,2024,9,24,18,30,68,68309,Rue du Maréchal Foch,47.65582,7.456192,Plein jour,En agglomération,Hors intersection,Normale,Autre collision,4,2,2,0,1,1,1,0,1,50,1,2,1,0,1,0,50.0,,voiture,,1,2,1,1,6
202400024644,2024-10-09 16:54:00,2024,10,9,16,54,46,46109,A 20 PK 374.700 sens 1,44.337693,1.500535,Plein jour,Hors agglomération,Hors intersection,Pluie légère,Deux véhicules - arrière,1,3,2,0,2,1,2,0,1,110,2,2,1,0,1,0,34.0,34.0,utilitaire_camion,voiture,1,1,1,2,2
202400024645,2024-10-10 12:01:00,2024,10,10,12,1,16,16061,,45.70783,0.27465,Plein jour,Hors agglomération,Hors intersection,Normale,Deux véhicules - côté,2,2,2,0,1,2,1,8,1,80,2,2,1,0,0,1,54.0,25.0,utilitaire_camion,voiture,1,1,1,1,3
202400024646,2024-10-09 13:25:00,2024,10,9,13,25,47,47094,D813,44.43580437,0.25724745,Plein jour,Hors agglomération,Hors intersection,Pluie forte,Deux véhicules - frontale,3,2,2,0,1,1,2,0,1,80,2,3,1,0,2,0,43.0,38.0,voiture,voiture,1,1,1,3,1
202400024647,2024-10-08 18:45:00,2024,10,8,18,45,33,33293,,44.87434,-0.429627,Plein jour,En agglomération,Hors intersection,Normale,Sans collision,4,2,2,0,2,1,1,0,1,30,2,2,1,0,0,1,33.0,21.0,voiture,deux_roues,1,2,1,1,7
202400024648,2024-10-08 16:45:00,2024,10,8,16,45,33,33312,,44.945988,-0.611522,Plein jour,En agglomération,Hors intersection,Normale,Deux véhicules - côté,4,2,2,1,1,1,2,0,5,30,2,2,1,0,1,0,52.0,16.0,voiture,deux_roues,1,2,1,1,3
202400024649,2024-10-10 08:50:00,2024,10,10,8,50,85,85071,RD82,46.761541,-1.833052,Plein jour,En agglomération,Autre intersection,Temps éblouissant,Autre collision,3,2,2,0,1,1,1,0,1,50,1,2,1,1,0,0,29.0,,voiture,,1,2,9,7,6
202400024650,2024-10-09 18:00:00,2024,10,9,18,0,50,50612,D41,48.676847,-1.45003,Plein jour,Hors agglomération,Hors intersection,Normale,Autre collision,3,2,2,0,1,1,2,0,1,-1,1,2,1,0,0,1,75.0,,voiture,,1,1,1,1,6
202400024651,2024-10-10 17:30:00,2024,10,10,17,30,14,14658,8 Route de la Groudière,48.83448393,-1.028252,Plein jour,Hors agglomération,Hors intersection,Normale,Autre collision,4,2,2,0,2,1,1,0,3,80,1,1,0,0,1,0,35.0,,voiture,,1,1,1,1,6
202400024652,2024-10-09 19:45:00,2024,10,9,19,45,22,22093,La Mare Jaune Maroué,48.424516,-2.50602,Nuit sans éclairage public,Hors agglomération,Hors intersection,Pluie légère,Deux véhicules - frontale,3,2,2,0,2,1,2,0,1,80,2,2,1,1,0,0,39.0,44.0,utilitaire_camion,voiture,3,1,1,2,1
202400024653,2024-10-10 07:20:00,2024,10,10,7,20,76,76099,Chemin de la Queue du Chien,49.542978,0.847535,Nuit avec éclairage non allumé,Hors agglomération,Hors intersection,Pluie forte,Deux véhicules - frontale,3,2,2,0,2,4,2,0,1,80,2,2,1,0,1,0,29.0,31.0,voiture,voiture,4,1,1,3,1
202400024654,2024-10-08 14:40:00,2024,10,8,14,40,54,54197,A330,48.63380671,6.1819768,Plein jour,Hors agglomération,Hors intersection,Temps couvert,Autre collision,1,3,2,0,1,1,1,0,1,90,1,2,1,0,0,1,75.0,,voiture,,1,1,1,8,6
202400024655,2024-09-20 17:30:00,2024,9,20,17,30,33,33013,,44.84529,-0.502029,Plein jour,Hors agglomération,Hors intersection,Normale,Trois véhicules et plus - en chaîne,2,3,6,0,1,1,1,0,1,90,3,3,2,0,0,1,53.0,27.0,voiture,voiture,1,1,1,1,4
202400024656,2024-10-09 17:45:00,2024,10,9,17,45,91,91479,TUNNEL ORLY Y (PARAY VP) PK 2.6-3.6,48.72986,2.36853,Plein jour,Hors agglomération,Hors intersection,Pluie forte,Trois véhicules et plus - en chaîne,2,1,2,0,1,1,2,1,1,70,3,3,2,0,0,1,40.0,27.0,voiture,voiture,1,1,1,3,4
202400024657,2024-10-09 12:30:00,2024,10,9,12,30,92,92002,AUTOROUTE A86,48.76314911,2.3053936,Plein jour,Hors agglomération,Hors intersection,Normale,Trois véhicules et plus - en chaîne,1,3,2,0,1,1,1,0,1,70,3,3,1,0,0,2,58.0,39.0,voiture,utilitaire_camion,1,1,1,1,4
202400024658,2024-10-08 22:00:00,2024,10,8,22,0,92,92051,N13,48.87880132,2.27905835,Nuit avec éclairage allumé,Hors agglomération,Hors intersection,Normale,Deux véhicules - côté,2,1,4,0,1,1,2,2,1,70,2,2,1,0,0,1,23.0,36.0,voiture,deux_roues,5,1,1,1,3
202400024659,2024-10-08 15:30:00,2024,10,8,15,30,92,92050,A14,48.89706847,2.22199036,Plein jour,Hors agglomération,Hors intersection,Autre,Trois véhicules et plus - collisions multiples,1,1,3,0,1,1,1,1,1,70,3,3,2,0,0,1,23.0,45.0,voiture,voiture,1,1,1,9,5
202400024660,2024-10-07 08:15:00,2024,10,7,8,15,93,93078,AUTOROUTE A104,48.96176998,2.54505298,Plein jour,Hors agglomération,Hors intersection,Temps couvert,Deux véhicules - arrière,1,3,3,0,1,1,2,0,1,90,2,2,1,0,0,1,23.0,,deux_roues,voiture,1,1,1,8,2
202400024661,2024-07-13 02:04:00,2024,7,13,2,4,91,91477,AUTOROUTE A10,48.71765,2.25527,Nuit sans éclairage public,Hors agglomération,Hors intersection,Normale,Deux véhicules - arrière,1,1,2,0,4,3,2,0,1,70,2,2,1,0,0,1,28.0,24.0,voiture,deux_roues,3,1,1,1,2
202400024662,2024-07-12 17:30:00,2024,7,12,17,30,91,91223,R.D.20,48.4158,2.13012,Plein jour,Hors agglomération,Hors intersection,Normale,Autre collision,3,3,4,0,3,2,1,9,3,90,1,1,0,0,0,1,26.0,,voiture,,1,1,1,1,6
202400024663,2024-07-11 17:40:00,2024,7,11,17,40,91,91064,RN 118,48.74605,2.19519,Plein jour,Hors agglomération,Hors intersection,Normale,Autre collision,2,1,2,0,1,3,1,0,1,70,1,1,0,0,0,1,22.0,,voiture,,1,1,1,1,6
202400024664,2024-08-07 15:20:00,2024,8,7,15,20,74,74305,DAVID (RUE FERNAND),46.20908,6.25456,Plein jour,En agglomération,Hors intersection,Normale,Autre collision,3,2,2,0,1,3,1,0,1,30,1,1,0,0,0,1,33.0,,voiture,,1,2,1,1,6
202400024665,2024-07-28 17:35:00,2024,7,28,17,35,29,29234,Kerfleury,47.84800394,-3.50910819,Plein jour,Hors agglomération,Intersection en X,Temps éblouissant,Deux véhicules - côté,2,2,2,0,1,1,1,0,1,80,2,2,1,0,0,1,64.0,23.0,voiture,voiture,1,1,2,7,3
202400024665,2024-07-28 17:35:00,2024,7,28,17,35,29,29234,Kerfleury,47.84800394,-3.50910819,Plein jour,Hors agglomération,Intersection en X,Temps éblouissant,Deux véhicules - côté,2,2,2,0,1,1,1,3,1,50,2,2,1,0,0,1,64.0,23.0,voiture,voiture,1,1,2,7,3
202400024666,2024-10-08 16:40:00,2024,10,8,16,40,974,97416,JOLI-FOND (CHEMIN),-21.32924,55.47544,Plein jour,Hors agglomération,Intersection en X,Normale,Deux véhicules - frontale,4,2,2,0,1,1,1,0,1,50,2,2,1,0,0,1,56.0,58.0,voiture,voiture,1,1,2,1,1
202400024666,2024-10-08 16:40:00,2024,10,8,16,40,974,97416,JOLI-FOND (CHEMIN),-21.32924,55.47544,Plein jour,Hors agglomération,Intersection en X,Normale,Deux véhicules - frontale,4,-1,1,0,1,1,1,0,1,50,2,2,1,0,0,1,56.0,58.0,voiture,voiture,1,1,2,1,1
202400024667,2024-10-07 16:30:00,2024,10,7,16,30,974,97416,RN2 (2),-21.33241,55.48021,Plein jour,Hors agglomération,Hors intersection,Normale,Deux véhicules - arrière,4,-1,2,0,1,1,1,0,1,70,2,2,1,0,0,1,32.0,37.0,deux_roues,voiture,1,1,1,1,2
202400024668,2024-10-07 14:12:00,2024,10,7,14,12,974,97416,JOSEPH HUBERT(RUE),-21.3314,55.47221,Plein jour,En agglomération,Hors intersection,Normale,Autre collision,4,1,1,0,1,1,1,0,1,30,1,2,1,0,1,0,74.0,,voiture,,1,2,1,1,6
202400024669,2024-10-08 22:55:00,2024,10,8,22,55,974,97411,FURCREAS (CHEMIN DES),-20.90222,55.40749,Nuit sans éclairage public,Hors agglomération,Hors intersection,Normale,Sans collision,4,2,2,0,1,1,1,0,1,50,1,1,0,0,1,0,25.0,,deux_roues,,3,1,1,1,7
202400024670,2024-10-08 09:25:00,2024,10,8,9,25,974,97411,LITTORAL (ROUTE 1 DU),-20.88873545,55.38442442,Plein jour,Hors agglomération,Hors intersection,Normale,Deux véhicules - arrière,2,1,3,3,1,1,1,0,1,90,2,2,1,0,0,1,22.0,48.0,voiture,voiture,1,1,1,1,2