accident_id,datetime,annee,mois,jour,heure,minute,departement,commune_insee,adresse,latitude,longitude,luminosite,agglomeration,intersection,meteo,collision,catr,circ,nbv,vosp,prof,plan,surf,infra,situ,vma,nb_vehicules,nb_usagers,nb_indemnes,nb_tues,nb_blesses_hosp,nb_blesses_legers,age_cond_1,age_cond_2,veh_type_cond_1,veh_type_cond_2,lum_code,agg_code,int_code,atm_code,col_code
202400024744,2024-10-08 08:35:00,2024,10,8,8,35,11,11069,8 Rue Antoine Marty,43.21622,2.35987,Plein jour,En agglomération,Intersection en T,Normale,Deux véhicules - frontale,4,2,2,1,1,1,1,0,1,50,2,2,1,0,0,1,62.0,38.0,voiture,deux_roues,1,2,3,1,1
202400024744,2024-10-08 08:35:00,2024,10,8,8,35,11,11069,8 Rue Antoine Marty,43.21622,2.35987,Plein jour,En agglomération,Intersection en T,Normale,Deux véhicules - frontale,4,2,2,-1,1,1,1,0,1,-1,2,2,1,0,0,1,62.0,38.0,voiture,deux_roues,1,2,3,1,1
202400024745,2024-01-26 12:45:00,2024,1,26,12,45,74,74056,Place du poilu,45.923966,6.872717,Plein jour,En agglomération,Hors intersection,Normale,Autre collision,9,2,1,0,1,1,1,0,1,50,1,2,1,0,1,0,,,voiture,,1,2,1,1,6
202400024746,2024-06-06 19:20:00,2024,6,6,19,20,44,44109,Pont Pirmil,47.20016579,-1.54390671,Plein jour,En agglomération,Hors intersection,Normale,Autre collision,4,3,4,2,2,1,1,2,5,50,1,2,1,0,0,1,57.0,,deux_roues,,1,2,1,1,6
202400024747,2024-04-23 17:55:00,2024,4,23,17,55,82,82125,Route de Soudène,43.948223,1.228505,Plein jour,En agglomération,Hors intersection,Normale,Autre collision,4,2,2,0,1,3,1,0,3,30,1,1,0,0,1,0,16.0,,deux_roues,,1,2,1,1,6
202400024748,2024-06-25 22:00:00,2024,6,25,22,0,973,97309,TROUBIRAN (CHEMIN DE),4.91935,-52.30218,Crépuscule ou aube,En agglomération,Hors intersection,Temps couvert,Autre collision,4,2,2,0,1,1,1,0,1,50,1,2,0,0,0,2,19.0,,deux_roues,,2,2,1,8,6
202400024749,2024-06-26 09:37:00,2024,6,26,9,37,69,69386,Rue Juliette Récamier,45.76509,4.8546,Plein jour,En agglomération,Hors intersection,Normale,Autre collision,4,2,2,2,1,1,1,0,1,30,1,1,0,0,0,1,29.0,,deux_roues,,1,2,1,1,6
202400024750,2024-06-18 17:40:00,2024,6,18,17,40,69,69381,Tunnel de la Croix-Rousse,45.77273,4.83618,Plein jour,En agglomération,Hors intersection,Normale,Deux véhicules - arrière,4,3,4,0,1,1,1,1,1,50,2,3,1,0,0,2,19.0,,deux_roues,voiture,1,2,1,1,2
202400024751,2024-06-25 18:15:00,2024,6,25,18,15,69,69384,Tunnel de la Croix-Rousse,45.7744,4.81439,Plein jour,En agglomération,Hors intersection,Normale,Autre collision,4,2,4,0,1,1,1,1,1,50,1,1,0,0,0,1,20.0,,voiture,,1,2,1,1,6
202400024752,2024-06-26 05:35:00,2024,6,26,5,35,2B,2B033,11 - RT,42.67697,9.44448,Plein jour,En agglomération,Hors intersection,Normale,Autre collision,2,3,2,0,1,1,1,0,4,50,1,3,0,0,0,3,30.0,,voiture,,1,2,1,1,6
202400024753,2024-06-26 08:20:00,2024,6,26,8,20,971,97113,MONTAUBAN (SECTEUR),16.21359,-61.50085,Plein jour,En agglomération,Hors intersection,Normale,Deux véhicules - arrière,3,2,2,0,1,1,1,0,1,50,2,5,3,0,0,2,53.0,26.0,voiture,voiture,1,2,1,1,2
202400024754,2024-06-26 10:40:00,2024,6,26,10,40,95,95539,CHAPELLE SAINT-NICOLAS (SENTIER DE LA ),48.98999,2.36068,Plein jour,En agglomération,Autre intersection,Temps éblouissant,Autre collision,6,-1,0,0,2,2,1,9,8,30,1,2,1,0,0,1,,,voiture,,1,2,9,7,6
202400024755,2024-06-25 18:15:00,2024,6,25,18,15,95,95428,D125,48.9933,2.33346,Plein jour,En agglomération,Intersection en Y,Normale,Deux véhicules - côté,3,2,2,0,2,1,1,0,1,50,2,2,1,0,1,0,52.0,61.0,voiture,deux_roues,1,2,4,1,3
202400024755,2024-06-25 18:15:00,2024,6,25,18,15,95,95428,D125,48.9933,2.33346,Plein jour,En agglomération,Intersection en Y,Normale,Deux véhicules - côté,3,2,2,0,2,1,1,0,1,50,2,2,1,0,1,0,52.0,61.0,voiture,deux_roues,1,2,4,1,3
202400024756,2024-06-26 03:10:00,2024,6,26,3,10,91,91161,AV CHARLES DE GAULLE,48.7047,2.32206,Nuit avec éclairage allumé,En agglomération,Hors intersection,Normale,Sans collision,4,3,2,0,1,2,1,0,4,50,1,2,1,0,0,1,,,voiture,,5,2,1,1,7
202400024757,2024-06-26 11:45:00,2024,6,26,11,45,91,91326,MONTTESSUY (RUE DE),48.68533,2.38327,Plein jour,En agglomération,Intersection en T,Normale,Deux véhicules - côté,3,2,2,0,1,1,1,0,1,50,2,2,1,0,1,0,45.0,54.0,voiture,deux_roues,1,2,3,1,3
202400024757,2024-06-26 11:45:00,2024,6,26,11,45,91,91326,MONTTESSUY (RUE DE),48.68533,2.38327,Plein jour,En agglomération,Intersection en T,Normale,Deux véhicules - côté,3,2,2,0,1,1,1,0,1,50,2,2,1,0,1,0,45.0,54.0,voiture,deux_roues,1,2,3,1,3
202400024758,2024-06-12 12:28:00,2024,6,12,12,28,91,91687,GENERAL DE GAULLE (AVENUE DU),48.68153,2.37884,Plein jour,En agglomération,Intersection en X,Normale,Autre collision,3,1,2,0,1,1,1,9,1,50,1,2,1,0,0,1,56.0,,voiture,,1,2,2,1,6
202400024758,2024-06-12 12:28:00,2024,6,12,12,28,91,91687,GENERAL DE GAULLE (AVENUE DU),48.68153,2.37884,Plein jour,En agglomération,Intersection en X,Normale,Autre collision,3,2,2,0,1,1,1,9,1,50,1,2,1,0,0,1,56.0,,voiture,,1,2,2,1,6
202400024759,2024-06-26 15:10:00,2024,6,26,15,10,84,84031,PETRARQUE AVENUE,44.05472,5.04422,Plein jour,En agglomération,Hors intersection,Normale,Autre collision,4,2,3,2,1,3,1,0,1,30,1,2,1,0,0,1,85.0,,voiture,,1,2,1,1,6
202400024760,2024-06-26 20:10:00,2024,6,26,20,10,83,83129,RAYOLET (CHEMIN DU),43.08919599,5.81147164,Plein jour,En agglomération,Hors intersection,Normale,Autre collision,9,-1,0,0,1,1,9,9,8,30,1,1,0,0,1,0,51.0,,deux_roues,,1,2,1,1,6
202400024761,2024-06-23 17:50:00,2024,6,23,17,50,83,83069,MANGIN (AVENUE GENERAL),43.1213,6.13374,Plein jour,En agglomération,Hors intersection,Normale,Deux véhicules - frontale,4,-1,0,0,3,2,1,9,1,50,2,2,1,0,1,0,74.0,86.0,voiture,deux_roues,1,2,1,1,1
202400024762,2024-06-25 09:30:00,2024,6,25,9,30,80,80021,QUATORZE JUILLET 1789 (AVENUE DU),49.8801,2.283,Plein jour,En agglomération,Hors intersection,Normale,Deux véhicules - côté,4,2,4,0,1,1,1,0,1,50,2,2,0,0,0,2,82.0,35.0,voiture,deux_roues,1,2,1,1,3
202400024763,2024-06-26 14:00:00,2024,6,26,14,0,79,79329,,46.97783,-0.1807,Plein jour,Hors agglomération,Intersection en X,Normale,Deux véhicules - côté,4,2,2,0,1,1,1,0,1,70,2,3,1,0,0,2,41.0,45.0,voiture,voiture,1,1,2,1,3
202400024763,2024-06-26 14:00:00,2024,6,26,14,0,79,79329,,46.97783,-0.1807,Plein jour,Hors agglomération,Intersection en X,Normale,Deux véhicules - côté,4,2,1,0,1,1,1,0,1,70,2,3,1,0,0,2,41.0,45.0,voiture,voiture,1,1,2,1,3
202400024764,2024-06-25 17:30:00,2024,6,25,17,30,77,77152,FOCH(AVENUE DU MAL)LE RESTE,48.52113,2.64312,Plein jour,En agglomération,Hors intersection,Normale,Autre collision,4,2,2,0,1,1,1,0,1,50,1,2,1,0,0,1,47.0,,voiture,,1,2,1,1,6
202400024765,2024-06-26 10:30:00,2024,6,26,10,30,72,72181,BLANCHARD (RUE),47.97336,0.20357,Plein jour,En agglomération,Intersection en X,Normale,Deux véhicules - côté,4,2,2,0,1,2,1,5,1,30,2,2,1,0,0,1,25.0,33.0,voiture,voiture,1,2,2,1,3
202400024765,2024-06-26 10:30:00,2024,6,26,10,30,72,72181,BLANCHARD (RUE),47.97336,0.20357,Plein jour,En agglomération,Intersection en X,Normale,Deux véhicules - côté,4,2,2,0,1,2,1,5,1,30,2,2,1,0,0,1,25.0,33.0,voiture,voiture,1,2,2,1,3
202400024766,2024-06-25 19:25:00,2024,6,25,19,25,72,72181,DEMORIEUX (BD) ENTRE HUISNE ET RD-POINT,47.99022,0.18246,Plein jour,En agglomération,Hors intersection,Normale,Autre collision,4,2,2,3,1,1,1,0,6,30,1,3,0,0,0,3,42.0,,deux_roues,,1,2,1,1,6
202400024767,2024-06-25 11:55:00,2024,6,25,11,55,69,69290,Rue Henri Maréchal,45.69449,4.94121,Plein jour,En agglomération,Intersection en T,Normale,Deux véhicules - côté,4,2,2,3,1,1,1,0,1,30,2,3,0,0,0,3,18.0,61.0,voiture,utilitaire_camion,1,2,3,1,3
202400024767,2024-06-25 11:55:00,2024,6,25,11,55,69,69290,Rue Henri Maréchal,45.69449,4.94121,Plein jour,En agglomération,Intersection en T,Normale,Deux véhicules - côté,4,2,3,0,1,1,1,0,6,30,2,3,0,0,0,3,18.0,61.0,voiture,utilitaire_camion,1,2,3,1,3
202400024768,2024-06-25 18:35:00,2024,6,25,18,35,67,67482,RHIN (AVENUE DU),48.5713,7.77349,Plein jour,En agglomération,Hors intersection,Normale,Deux véhicules - côté,4,3,6,1,1,1,1,0,1,50,2,4,3,0,0,1,17.0,23.0,deux_roues,voiture,1,2,1,1,3
202400024769,2024-06-25 11:20:00,2024,6,25,11,20,67,67482,FORET NOIRE (AVENUE DE LA),48.58377,7.77116,Plein jour,En agglomération,Hors intersection,Normale,Autre collision,4,3,3,1,1,1,1,0,1,50,1,2,1,0,0,1,78.0,,voiture,,1,2,1,1,6
202400024770,2024-06-25 07:30:00,2024,6,25,7,30,67,67043,BRUMATH (ROUTE DE),48.6139,7.7329,Plein jour,En agglomération,Hors intersection,Normale,Autre collision,7,2,2,0,1,1,1,0,1,40,1,2,1,0,0,1,35.0,,voiture,,1,2,1,1,6
202400024771,2024-06-25 19:45:00,2024,6,25,19,45,65,65286,Place du Champ Commun,43.09355,-0.04758,Plein jour,En agglomération,Intersection en T,Normale,Deux véhicules - côté,4,1,1,0,1,1,1,0,1,50,2,2,1,0,0,1,23.0,26.0,deux_roues,utilitaire_camion,1,2,3,1,3
202400024771,2024-06-25 19:45:00,2024,6,25,19,45,65,65286,Place du Champ Commun,43.09355,-0.04758,Plein jour,En agglomération,Intersection en T,Normale,Deux véhicules - côté,4,2,2,0,1,1,1,0,1,50,2,2,1,0,0,1,23.0,26.0,deux_roues,utilitaire_camion,1,2,3,1,3
202400024772,2024-06-26 16:00:00,2024,6,26,16,0,64,64348,FRERES MONTGOLFIER DES,43.30842341,-0.42232454,Plein jour,En agglomération,Hors intersection,Normale,Autre collision,4,2,2,0,1,1,1,0,3,50,1,1,0,0,1,0,37.0,,voiture,,1,2,1,1,6
202400024773,2024-06-26 04:15:00,2024,6,26,4,15,64,64024,BUTTE AUX CAILLES (ROND POINT DE LA),43.49675478,-1.50949091,Nuit avec éclairage allumé,En agglomération,Giratoire,Normale,Autre collision,4,2,4,0,1,1,1,0,1,50,1,1,0,0,0,1,26.0,,voiture,,5,2,6,1,6
202400024773,2024-06-26 04:15:00,2024,6,26,4,15,64,64024,BUTTE AUX CAILLES (ROND POINT DE LA),43.49675478,-1.50949091,Nuit avec éclairage allumé,En agglomération,Giratoire,Normale,Autre collision,4,1,2,0,1,3,1,0,3,50,1,1,0,0,0,1,26.0,,voiture,,5,2,6,1,6
202400024774,2024-06-25 16:25:00,2024,6,25,16,25,64,64102,RESPLANDY (AVENUE DU CAPITAINE),43.48375,-1.45562,Plein jour,En agglomération,Hors intersection,Normale,Sans collision,4,2,2,0,1,1,8,0,1,50,1,1,0,0,0,1,37.0,,deux_roues,,1,2,1,1,7
202400024775,2024-06-25 13:50:00,2024,6,25,13,50,64,64140,BRAMARIE (RUE RAOUL),43.51889,-1.48646,Plein jour,En agglomération,Hors intersection,Normale,Deux véhicules - arrière,3,2,2,0,1,1,1,9,1,30,2,2,1,0,1,0,60.0,60.0,deux_roues,voiture,1,2,1,1,2
202400024776,2024-06-26 18:36:00,2024,6,26,18,36,63,63014,MONTGOLFIER (RUE DES FRERES),45.74944,3.13706,Plein jour,En agglomération,Autre intersection,Normale,Deux véhicules - côté,4,2,2,0,1,2,1,0,1,50,2,2,0,0,0,2,59.0,61.0,deux_roues,deux_roues,1,2,9,1,3
202400024777,2024-06-26 00:20:00,2024,6,26,0,20,61,61006,2 Chemin de Frévent,48.720458,-0.010671,Nuit avec éclairage non allumé,En agglomération,Hors intersection,Normale,Autre collision,4,2,2,0,1,2,1,0,3,50,1,3,2,0,0,1,22.0,,voiture,,4,2,1,1,6
202400024778,2024-06-25 12:40:00,2024,6,25,12,40,60,60665,Avenue de l'Europe,49.4091,2.77871,Plein jour,Hors agglomération,Hors intersection,Normale,Autre collision,4,2,2,0,1,1,1,0,1,50,1,2,1,0,0,1,,,voiture,,1,1,1,1,6
202400024779,2024-06-26 21:00:00,2024,6,26,21,0,59,59183,UNIVERSITE - AVENUE,51.03979,2.37209,Plein jour,En agglomération,Hors intersection,Normale,Deux véhicules - côté,4,-1,2,0,1,1,1,0,1,50,2,2,1,0,0,1,26.0,26.0,voiture,deux_roues,1,2,1,1,3
202400024780,2024-06-25 13:20:00,2024,6,25,13,20,59,59178,TOURNAI (ROUTE DE),50.4072368,3.12740688,Plein jour,En agglomération,Hors intersection,Normale,Deux véhicules - côté,3,2,2,0,1,1,1,0,1,50,2,2,1,0,1,0,46.0,31.0,deux_roues,voiture,1,2,1,1,3
202400024781,2024-06-25 08:50:00,2024,6,25,8,50,59,59574,MICHEL LOUISE(BOULEVARD),50.36071822,3.28051945,Plein jour,En agglomération,Hors intersection,Normale,Autre collision,3,2,2,0,1,3,1,0,1,50,1,2,1,0,1,0,77.0,,voiture,,1,2,1,1,6
202400024782,2024-06-25 14:00:00,2024,6,25,14,0,57,57368,REPUBLIQUE (RUE DE LA ),49.339225,6.042386,Plein jour,En agglomération,Hors intersection,Normale,Autre collision,3,2,2,0,1,1,1,0,1,50,1,2,1,0,1,0,42.0,,voiture,,1,2,1,1,6
202400024783,2024-06-26 11:00:00,2024,6,26,11,0,56,56260,Rue Joseph Le Brix,47.65892,-2.75966,Plein jour,En agglomération,Hors intersection,Normale,Autre collision,4,2,2,3,1,3,1,6,4,30,1,2,1,0,0,1,39.0,,transport_commun,,1,2,1,1,6
202400024784,2024-06-25 13:15:00,2024,6,25,13,15,56,56121,Rue Georges Pompidou,47.736018,-3.365718,Plein jour,Hors agglomération,Giratoire,Normale,Deux véhicules - arrière,3,2,2,0,1,1,1,5,1,50,2,2,1,0,0,1,58.0,49.0,voiture,voiture,1,1,6,1,2
202400024785,2024-06-25 17:35:00,2024,6,25,17,35,54,54482,Rue Alexandre 1er,48.700764,6.201991,Plein jour,En agglomération,Hors intersection,Normale,Autre collision,4,2,2,0,1,1,1,0,1,50,1,2,1,0,0,1,52.0,,transport_commun,,1,2,1,1,6
202400024786,2024-06-25 08:00:00,2024,6,25,8,0,51,51108,GARE (AVE DE LA),48.95467,4.34881,Plein jour,En agglomération,Intersection en T,Normale,Deux véhicules - côté,4,-1,1,1,1,1,1,0,5,20,2,2,1,0,1,0,74.0,53.0,voiture,deux_roues,1,2,3,1,3
202400024786,2024-06-25 08:00:00,2024,6,25,8,0,51,51108,GARE (AVE DE LA),48.95467,4.34881,Plein jour,En agglomération,Intersection en T,Normale,Deux véhicules - côté,4,2,3,0,1,1,1,9,8,20,2,2,1,0,1,0,74.0,53.0,voiture,deux_roues,1,2,3,1,3
202400024787,2024-06-24 15:44:00,2024,6,24,15,44,51,51108,DE GAULLE (AVE GENERAL),48.95084,4.36953,Plein jour,En agglomération,Hors intersection,Normale,Sans collision,4,2,2,0,1,1,1,5,4,50,1,2,0,1,0,1,76.0,,voiture,,1,2,1,1,7
202400024788,2024-05-23 21:50:00,2024,5,23,21,50,49,49099,CHENE ROND (AVENUE DU),47.0395,-0.88522,Crépuscule ou aube,En agglomération,Giratoire,Normale,Autre collision,3,2,2,0,1,1,1,0,1,50,1,1,0,0,1,0,87.0,,voiture,,2,2,6,1,6
202400024788,2024-05-23 21:50:00,2024,5,23,21,50,49,49099,CHENE ROND (AVENUE DU),47.0395,-0.88522,Crépuscule ou aube,En agglomération,Giratoire,Normale,Autre collision,3,2,2,0,1,1,1,0,1,80,1,1,0,0,1,0,87.0,,voiture,,2,2,6,1,6
202400024789,2024-06-09 02:25:00,2024,6,9,2,25,49,49099,LAENNEC (RUE DU DOCTEUR RENE),47.05883,-0.86627,Nuit sans éclairage public,En agglomération,Intersection en X,Normale,Deux véhicules - côté,4,2,2,0,2,1,1,0,1,50,2,2,1,0,0,1,,68.0,voiture,deux_roues,3,2,2,1,3
202400024789,2024-06-09 02:25:00,2024,6,9,2,25,49,49099,LAENNEC (RUE DU DOCTEUR RENE),47.05883,-0.86627,Nuit sans éclairage public,En agglomération,Intersection en X,Normale,Deux véhicules - côté,4,2,2,0,2,1,1,0,1,50,2,2,1,0,0,1,,68.0,voiture,deux_roues,3,2,2,1,3
202400024790,2024-06-26 07:45:00,2024,6,26,7,45,49,49007,MOLL,47.48098,-0.56135,Plein jour,En agglomération,Hors intersection,Normale,Autre collision,4,2,2,0,1,1,1,0,1,30,1,2,1,0,0,1,34.0,,voiture,,1,2,1,1,6
202400024791,2024-05-01 03:20:00,2024,5,1,3,20,42,42071,Avenue de la Libération,46.019669,4.090024,Nuit avec éclairage allumé,En agglomération,Hors intersection,Normale,Autre collision,4,2,2,0,1,1,1,9,1,50,1,5,0,1,2,2,19.0,,voiture,,5,2,1,1,6
202400024792,2024-06-26 19:34:00,2024,6,26,19,34,38,38185,COURS BERRIAT,45.18776,5.72327,Plein jour,En agglomération,Hors intersection,Normale,Autre collision,4,1,1,1,1,1,1,0,1,30,1,2,1,0,0,1,54.0,,voiture,,1,2,1,1,6
202400024793,2024-06-25 17:02:00,2024,6,25,17,2,37,37214,MARECHAL LECLERC (RD PT),47.41968,0.66328,Plein jour,En agglomération,Giratoire,Normale,Deux véhicules - côté,4,1,4,0,1,3,1,9,1,50,2,2,1,0,0,1,61.0,39.0,voiture,deux_roues,1,2,6,1,3
202400024794,2024-06-26 10:25:00,2024,6,26,10,25,35,35278,MONTGERMONT (ROND POINT DE),48.15464,-1.70087,Plein jour,Hors agglomération,Giratoire,Normale,Deux véhicules - arrière,4,1,3,0,1,2,1,0,1,50,2,2,1,0,1,0,75.0,25.0,voiture,utilitaire_camion,1,1,6,1,2
202400024795,2024-06-26 10:00:00,2024,6,26,10,0,35,35238,GRAND CORDEL (DU),48.12224666,-1.66174382,Plein jour,En agglomération,Intersection en X,Normale,Deux véhicules - frontale,4,2,2,0,1,1,1,8,1,30,2,2,1,0,0,1,24.0,45.0,deux_roues,deux_roues,1,2,2,1,1
202400024795,2024-06-26 10:00:00,2024,6,26,10,0,35,35238,GRAND CORDEL (DU),48.12224666,-1.66174382,Plein jour,En agglomération,Intersection en X,Normale,Deux véhicules - frontale,4,2,2,0,1,3,1,0,1,30,2,2,1,0,0,1,24.0,45.0,deux_roues,deux_roues,1,2,2,1,1
202400024796,2024-06-26 18:40:00,2024,6,26,18,40,34,34172,SOULAS (AVENUE DU PERE,43.6183,3.86327,Plein jour,En agglomération,Giratoire,Normale,Deux véhicules - côté,4,2,2,0,1,2,1,9,1,30,2,4,3,0,0,1,49.0,58.0,deux_roues,voiture,1,2,6,1,3
202400024796,2024-06-26 18:40:00,2024,6,26,18,40,34,34172,SOULAS (AVENUE DU PERE,43.6183,3.86327,Plein jour,En agglomération,Giratoire,Normale,Deux véhicules - côté,4,2,2,0,1,2,1,9,1,30,2,4,3,0,0,1,49.0,58.0,deux_roues,voiture,1,2,6,1,3
202400024797,2024-06-25 08:48:00,2024,6,25,8,48,34,34003,CHAINES (J18 A K18,43.28219,3.5174,Plein jour,En agglomération,Hors intersection,Normale,Deux véhicules - arrière,4,2,2,0,3,2,1,0,1,30,2,2,1,0,1,0,30.0,62.0,deux_roues,utilitaire_camion,1,2,1,1,2
202400024798,2024-06-26 11:30:00,2024,6,26,11,30,33,33318,,44.80767,-0.66203,Plein jour,En agglomération,Intersection en X,Normale,Deux véhicules - côté,4,2,2,2,1,1,1,5,5,50,2,2,1,0,0,1,84.0,78.0,voiture,deux_roues,1,2,2,1,3
202400024798,2024-06-26 11:30:00,2024,6,26,11,30,33,33318,,44.80767,-0.66203,Plein jour,En agglomération,Intersection en X,Normale,Deux véhicules - côté,4,2,2,0,1,1,1,9,5,30,2,2,1,0,0,1,84.0,78.0,voiture,deux_roues,1,2,2,1,3
202400024799,2024-06-24 17:00:00,2024,6,24,17,0,33,33119,,44.857288,-0.538979,Plein jour,Hors agglomération,Hors intersection,Normale,Autre collision,4,2,2,2,1,1,1,-1,1,50,1,2,1,0,1,0,61.0,,voiture,,1,1,1,1,6
202400024800,2024-06-26 02:25:00,2024,6,26,2,25,31,31555,RUE MARIE LOUISE DISSART,43.6028,1.36714,Nuit avec éclairage allumé,En agglomération,Hors intersection,Normale,Autre collision,4,3,2,0,1,1,1,0,1,50,1,1,0,0,1,0,43.0,,deux_roues,,5,2,1,1,6
202400024801,2024-06-25 22:15:00,2024,6,25,22,15,15,15012,RD 920,44.89353,2.44299,Nuit sans éclairage public,Hors agglomération,Giratoire,Normale,Deux véhicules - côté,3,1,2,0,1,2,1,0,1,90,2,2,1,0,0,1,85.0,26.0,voiture,deux_roues,3,1,6,1,3
202400024802,2024-06-25 11:10:00,2024,6,25,11,10,15,15014,RD 120,44.91574,2.42966,Plein jour,En agglomération,Hors intersection,Normale,Deux véhicules - côté,3,2,2,0,1,1,1,0,1,50,2,3,2,0,0,1,73.0,60.0,voiture,voiture,1,2,1,1,3
202400024803,2024-06-25 12:05:00,2024,6,25,12,5,15,15014,Boulevard Antony Joly,44.92859,2.43341,Plein jour,En agglomération,Intersection en X,Normale,Autre collision,4,1,2,0,3,1,1,0,1,50,1,2,1,0,1,0,24.0,,voiture,,1,2,2,1,6
202400024803,2024-06-25 12:05:00,2024,6,25,12,5,15,15014,Boulevard Antony Joly,44.92859,2.43341,Plein jour,En agglomération,Intersection en X,Normale,Autre collision,4,1,2,3,2,2,1,0,1,50,1,2,1,0,1,0,24.0,,voiture,,1,2,2,1,6
202400024804,2024-06-26 22:45:00,2024,6,26,22,45,13,13204,HAITI (AVENUE D'),43.29766,5.40632,Nuit avec éclairage allumé,En agglomération,Hors intersection,Normale,Deux véhicules - côté,9,2,0,0,1,2,1,2,1,50,2,4,1,0,0,3,56.0,,autre,voiture,5,2,1,1,3
202400024805,2024-06-26 11:24:00,2024,6,26,11,24,13,13205,BAILLE (BOULEVARD),43.2898,5.3982,Plein jour,En agglomération,Hors intersection,Normale,Deux véhicules - côté,4,1,4,0,1,1,1,0,1,50,2,2,1,0,0,1,,25.0,voiture,deux_roues,1,2,1,1,3
202400024806,2024-06-26 02:48:00,2024,6,26,2,48,13,13216,RABELAIS (RUE),43.36034,5.33017,Nuit avec éclairage allumé,En agglomération,Hors intersection,Normale,Deux véhicules - frontale,4,1,0,0,1,1,1,0,1,50,1,2,1,1,0,0,25.0,,voiture,,5,2,1,1,1
202400024807,2024-06-26 01:35:00,2024,6,26,1,35,13,13204,MARÉCHAL JUIN (BOULEVARD),43.30962,5.40293,Nuit avec éclairage allumé,En agglomération,Intersection en X,Normale,Deux véhicules - arrière,4,2,4,0,1,1,1,0,1,50,2,2,0,0,1,1,23.0,40.0,voiture,voiture,5,2,2,1,2
202400024807,2024-06-26 01:35:00,2024,6,26,1,35,13,13204,MARÉCHAL JUIN (BOULEVARD),43.30962,5.40293,Nuit avec éclairage allumé,En agglomération,Intersection en X,Normale,Deux véhicules - arrière,4,2,4,0,1,1,1,0,1,50,2,2,0,0,1,1,23.0,40.0,voiture,voiture,5,2,2,1,2
202400024808,2024-06-26 22:30:00,2024,6,26,22,30,13,13005,RN 8,43.29456428,5.5602622,Nuit avec éclairage allumé,En agglomération,Autre intersection,Normale,Deux véhicules - frontale,7,-1,2,0,1,1,1,0,1,50,2,2,0,0,0,2,24.0,86.0,deux_roues,voiture,5,2,9,1,1
202400024809,2024-06-26 16:30:00,2024,6,26,16,30,13,13001,BERRE (ROUTE DE),43.53087,5.41605,Plein jour,En agglomération,Hors intersection,Normale,Deux véhicules - frontale,4,1,2,0,1,1,1,0,4,50,1,2,1,0,0,1,80.0,,voiture,,1,2,1,1,1
202400024810,2024-06-21 17:10:00,2024,6,21,17,10,13,13001,ANCIENNE ROUTE DES ALPES (RTE),43.54924228,5.45604361,Plein jour,En agglomération,Hors intersection,Normale,Deux véhicules - frontale,4,2,2,0,2,1,1,0,4,50,1,1,0,1,0,0,83.0,,voiture,,1,2,1,1,1
202400024811,2024-06-26 20:25:00,2024,6,26,20,25,11,11262,,43.18784,3.00741,Plein jour,En agglomération,Hors intersection,Normale,Autre collision,4,1,1,0,1,1,1,0,1,50,1,2,0,0,1,1,22.0,,deux_roues,,1,2,1,1,6
202400024812,2024-06-26 09:00:00,2024,6,26,9,0,11,11262,9 Rue Francis Aston,43.158345,2.969263,Plein jour,Hors agglomération,Hors intersection,Normale,Autre collision,4,2,1,0,1,1,1,0,1,50,1,2,1,0,1,0,46.0,,voiture,,1,1,1,1,6
202400024813,2024-06-25 16:45:00,2024,6,25,16,45,11,11069,,43.21061852,2.33970165,Plein jour,En agglomération,Hors intersection,Normale,Autre collision,6,-1, -1,0,1,1,1,0,1,30,1,2,1,0,0,1,50.0,,voiture,,1,2,1,1,6
202400024814,2024-06-26 23:05:00,2024,6,26,23,5,06,06088,23 Avenue de la Californie,43.690432,7.242871,Nuit avec éclairage allumé,En agglomération,Hors intersection,Normale,Autre collision,9,-1,0,0,1,1,1,0,4,50,1,2,1,0,1,0,21.0,,deux_roues,,5,2,1,1,6
202400024815,2024-06-26 13:06:00,2024,6,26,13,6,06,06088,62 Avenue des Arènes de Cimiez,43.7084965,7.2758125,Plein jour,En agglomération,Hors intersection,Normale,Deux véhicules - côté,4,2,2,0,2,2,1,0,1,50,2,4,3,0,0,1,16.0,,voiture,,1,2,1,1,3
202400024816,2024-06-25 00:19:00,2024,6,25,0,19,06,06088,267 Promenade des Anglais,43.6813,7.2318,Nuit avec éclairage allumé,En agglomération,Hors intersection,Pluie légère,Deux véhicules - arrière,7,3,6,0,1,1,2,0,1,50,2,5,1,1,0,3,42.0,20.0,deux_roues,voiture,5,2,1,2,2
202400024817,2024-06-26 07:50:00,2024,6,26,7,50,01,01053,JASSERON (AVENUE DE - N° PAIRS),46.211189,5.243419,Plein jour,En agglomération,Intersection en T,Normale,Autre collision,4,2, -1,-1,1,1,1,0,1,-1,2,2,1,0,0,1,16.0,46.0,deux_roues,voiture,1,2,3,1,6
202400024817,2024-06-26 07:50:00,2024,6,26,7,50,01,01053,JASSERON (AVENUE DE - N° PAIRS),46.211189,5.243419,Plein jour,En agglomération,Intersection en T,Normale,Autre collision,4,-1,3,0,1,1,1,0,1,50,2,2,1,0,0,1,16.0,46.0,deux_roues,voiture,1,2,3,1,6
202400024818,2024-11-16 15:30:00,2024,11,16,15,30,21,21605,Rue de l'Aige aux Mouches,47.28994,5.103263,Plein jour,En agglomération,Intersection en T,Normale,Autre collision,4,2,2,0,1,1,1,0,1,30,1,2,1,1,0,0,82.0,,voiture,,1,2,3,1,6
202400024818,2024-11-16 15:30:00,2024,11,16,15,30,21,21605,Rue de l'Aige aux Mouches,47.28994,5.103263,Plein jour,En agglomération,Intersection en T,Normale,Autre collision,4,2, -1,-1,1,1,1,0,1,30,1,2,1,1,0,0,82.0,,voiture,,1,2,3,1,6