accident_id,datetime,annee,mois,jour,heure,minute,departement,commune_insee,adresse,latitude,longitude,luminosite,agglomeration,intersection,meteo,collision,catr,circ,nbv,vosp,prof,plan,surf,infra,situ,vma,nb_vehicules,nb_usagers,nb_indemnes,nb_tues,nb_blesses_hosp,nb_blesses_legers,age_cond_1,age_cond_2,veh_type_cond_1,veh_type_cond_2,lum_code,agg_code,int_code,atm_code,col_code
202400025030,2024-06-26 10:00:00,2024,6,26,10,0,77,77493,Rue de l'Egalite,48.644819,2.835395,Plein jour,En agglomération,Giratoire,Normale,Autre collision,3,2,2,0,1,1,1,9,1,50,1,3,1,0,0,2,89.0,,voiture,,1,2,6,1,6
202400025031,2024-11-14 13:25:00,2024,11,14,13,25,25,25204,Point du Jour  (rue du),46.925328,6.356591,Plein jour,Hors agglomération,Intersection en X,Normale,Deux véhicules - côté,3,2,2,0,3,2,1,0,3,70,2,2,1,0,0,1,84.0,79.0,voiture,voiture,1,1,2,1,3
202400025031,2024-11-14 13:25:00,2024,11,14,13,25,25,25204,Point du Jour  (rue du),46.925328,6.356591,Plein jour,Hors agglomération,Intersection en X,Normale,Deux véhicules - côté,3,2,2,0,3,1,1,0,8,50,2,2,1,0,0,1,84.0,79.0,voiture,voiture,1,1,2,1,3
202400025032,2024-03-06 13:09:00,2024,3,6,13,9,49,49007,PATTON AVENUE,47.47371,-0.58005,Plein jour,En agglomération,Hors intersection,Normale,Autre collision,4,2,4,3,1,1,1,0,1,50,1,2,1,0,0,1,,,utilitaire_camion,,1,2,1,1,6
202400025033,2024-11-10 16:55:00,2024,11,10,16,55,15,15012,RD 920,44.84499,2.47002,Plein jour,Hors agglomération,Hors intersection,Normale,Autre collision,3,2,2,0,1,1,1,0,1,90,1,1,0,0,0,1,63.0,,voiture,,1,1,1,1,6
202400025034,2024-06-26 17:00:00,2024,6,26,17,0,34,34199,Chemin de la carrière Mercadale,43.459091,3.430819,Plein jour,Hors agglomération,Hors intersection,Normale,Deux véhicules - frontale,4,2,2,0,1,3,1,0,1,50,2,2,1,0,1,0,16.0,36.0,deux_roues,utilitaire_camion,1,1,1,1,1
202400025035,2024-03-06 19:30:00,2024,3,6,19,30,49,49007,CHATEAU D'ORGEMONT RUE ET SQU,47.45183,-0.54484,Nuit avec éclairage allumé,En agglomération,Hors intersection,Normale,Deux véhicules - arrière,4,2,2,0,1,1,1,0,1,50,2,3,2,0,0,1,34.0,,voiture,voiture,5,2,1,1,2
202400025036,2024-11-14 17:10:00,2024,11,14,17,10,13,13210,MAURIAC (RUE),43.2715,5.42196,Nuit avec éclairage allumé,En agglomération,Intersection en X,Normale,Deux véhicules - côté,4,-1,4,0,1,1,1,0,1,50,2,2,1,0,0,1,35.0,54.0,deux_roues,deux_roues,5,2,2,1,3
202400025036,2024-11-14 17:10:00,2024,11,14,17,10,13,13210,MAURIAC (RUE),43.2715,5.42196,Nuit avec éclairage allumé,En agglomération,Intersection en X,Normale,Deux véhicules - côté,4,1, -1,-1,1,1,1,0,1,-1,2,2,1,0,0,1,35.0,54.0,deux_roues,deux_roues,5,2,2,1,3
202400025037,2024-03-06 20:25:00,2024,3,6,20,25,49,49007,Boulevard Charles Barangé,47.46064,-0.57203,Nuit avec éclairage allumé,En agglomération,Hors intersection,Normale,Autre collision,4,3,4,0,1,1,1,0,1,70,1,1,0,0,0,1,27.0,,voiture,,5,2,1,1,6
202400025038,2024-06-23 07:15:00,2024,6,23,7,15,84,84092,64 Avenue François Lascour,43.962595,4.863411,Crépuscule ou aube,En agglomération,Intersection en T,Temps éblouissant,Deux véhicules - frontale,4,1, -1,-1,1,1,1,0,1,-1,2,2,1,0,1,0,62.0,57.0,deux_roues,voiture,2,2,3,7,1
202400025038,2024-06-23 07:15:00,2024,6,23,7,15,84,84092,64 Avenue François Lascour,43.962595,4.863411,Crépuscule ou aube,En agglomération,Intersection en T,Temps éblouissant,Deux véhicules - frontale,4,2,2,2,1,1,1,0,1,50,2,2,1,0,1,0,62.0,57.0,deux_roues,voiture,2,2,3,7,1
202400025039,2024-11-13 15:40:00,2024,11,13,15,40,13,13204,D'ARRAS (BOULEVARD),43.30858058,5.40114423,Plein jour,En agglomération,Hors intersection,Normale,Autre collision,4,1,1,0,1,1,1,0,1,30,1,2,1,0,0,1,36.0,,deux_roues,,1,2,1,1,6
202400025040,2024-11-14 18:00:00,2024,11,14,18,0,13,13005,GEMENOS (ROUTE DE CD2),43.29748888,5.58708286,Nuit avec éclairage allumé,En agglomération,Hors intersection,Normale,Deux véhicules - arrière,3,2,2,0,2,1,1,0,1,50,2,3,1,0,0,2,33.0,28.0,voiture,voiture,5,2,1,1,2
202400025041,2024-03-07 19:28:00,2024,3,7,19,28,42,42184,Boulevard Ouest,46.03104244,4.04583693,Plein jour,En agglomération,Giratoire,Normale,Deux véhicules - côté,3,1,1,0,1,1,1,0,1,50,2,2,1,0,1,0,26.0,46.0,voiture,deux_roues,1,2,6,1,3
202400025042,2024-06-26 14:45:00,2024,6,26,14,45,83,83077,RD 5,43.303168,5.987039,Plein jour,Hors agglomération,Intersection en T,Normale,Deux véhicules - côté,3,2,2,0,1,1,1,0,1,80,2,5,0,0,2,3,68.0,82.0,voiture,voiture,1,1,3,1,3
202400025042,2024-06-26 14:45:00,2024,6,26,14,45,83,83077,RD 5,43.303168,5.987039,Plein jour,Hors agglomération,Intersection en T,Normale,Deux véhicules - côté,3,2,2,0,1,1,1,5,1,80,2,5,0,0,2,3,68.0,82.0,voiture,voiture,1,1,3,1,3
202400025043,2024-11-13 21:30:00,2024,11,13,21,30,10,10387,Avenue Anatole France,48.28397,4.07281,Nuit avec éclairage allumé,En agglomération,Intersection en Y,Normale,Autre collision,4,2,2,0,1,2,1,5,1,50,1,2,1,0,0,1,27.0,,voiture,,5,2,4,1,6
202400025043,2024-11-13 21:30:00,2024,11,13,21,30,10,10387,Avenue Anatole France,48.28397,4.07281,Nuit avec éclairage allumé,En agglomération,Intersection en Y,Normale,Autre collision,4,2,2,0,1,1,1,9,8,50,1,2,1,0,0,1,27.0,,voiture,,5,2,4,1,6
202400025044,2024-05-24 07:20:00,2024,5,24,7,20,83,83055,Route de Seillans,43.624085,6.671534,Plein jour,Hors agglomération,Hors intersection,Normale,Autre collision,3,2,2,0,2,2,1,0,8,70,1,1,0,0,1,0,60.0,,utilitaire_camion,,1,1,1,1,6
202400025045,2024-03-06 13:55:00,2024,3,6,13,55,39,39198,Avenue Jean Jaurès,47.093917,5.497793,Plein jour,En agglomération,Intersection en T,Normale,Deux véhicules - côté,4,1,2,0,1,1,1,0,8,30,2,2,1,0,0,1,15.0,80.0,deux_roues,voiture,1,2,3,1,3
202400025045,2024-03-06 13:55:00,2024,3,6,13,55,39,39198,Avenue Jean Jaurès,47.093917,5.497793,Plein jour,En agglomération,Intersection en T,Normale,Deux véhicules - côté,4,2,2,0,2,1,1,0,1,50,2,2,1,0,0,1,15.0,80.0,deux_roues,voiture,1,2,3,1,3
202400025046,2024-11-14 09:00:00,2024,11,14,9,0,06,06069,36 Avenue Antoine de Saint Exupéry,43.662,6.93377,Plein jour,En agglomération,Intersection en Y,Normale,Trois véhicules et plus - collisions multiples,4,2,2,0,2,1,1,0,1,50,3,3,2,0,0,1,63.0,63.0,deux_roues,utilitaire_camion,1,2,4,1,5
202400025046,2024-11-14 09:00:00,2024,11,14,9,0,06,06069,36 Avenue Antoine de Saint Exupéry,43.662,6.93377,Plein jour,En agglomération,Intersection en Y,Normale,Trois véhicules et plus - collisions multiples,4,2,2,0,1,1,1,0,1,50,3,3,2,0,0,1,63.0,63.0,deux_roues,utilitaire_camion,1,2,4,1,5
202400025047,2024-03-07 11:50:00,2024,3,7,11,50,37,37261,FROMENTEL (RUE),47.38232,0.69212,Plein jour,En agglomération,Hors intersection,Normale,Deux véhicules - côté,4,2,2,0,1,1,1,0,1,50,2,2,1,0,0,1,27.0,21.0,deux_roues,deux_roues,1,2,1,1,3
202400025048,2024-06-26 10:00:00,2024,6,26,10,0,13,13110,D7n,43.483364,5.686626,Plein jour,Hors agglomération,Intersection en X,Normale,Deux véhicules - côté,3,2,2,0,3,1,1,0,1,80,2,2,1,1,0,0,88.0,47.0,voiture,utilitaire_camion,1,1,2,1,3
202400025048,2024-06-26 10:00:00,2024,6,26,10,0,13,13110,D7n,43.483364,5.686626,Plein jour,Hors agglomération,Intersection en X,Normale,Deux véhicules - côté,3,2, -1,-1,1,1,1,5,1,-1,2,2,1,1,0,0,88.0,47.0,voiture,utilitaire_camion,1,1,2,1,3
202400025049,2024-11-14 07:45:00,2024,11,14,7,45,06,06069,2 Avenue de l'Oliveraie,43.64858,6.93096,Plein jour,En agglomération,Intersection en T,Normale,Deux véhicules - côté,4,2,2,0,1,1,1,0,1,50,2,2,1,0,0,1,37.0,53.0,voiture,deux_roues,1,2,3,1,3
202400025049,2024-11-14 07:45:00,2024,11,14,7,45,06,06069,2 Avenue de l'Oliveraie,43.64858,6.93096,Plein jour,En agglomération,Intersection en T,Normale,Deux véhicules - côté,4,2,1,0,1,1,1,0,1,50,2,2,1,0,0,1,37.0,53.0,voiture,deux_roues,1,2,3,1,3
202400025050,2024-03-07 23:00:00,2024,3,7,23,0,35,35238,CHURCHILL (AVENUE SIR WINSTON),48.12034,-1.70828,Nuit avec éclairage allumé,En agglomération,Intersection en X,Normale,Deux véhicules - côté,4,2,2,2,1,1,1,0,5,30,2,2,1,0,0,1,40.0,20.0,voiture,deux_roues,5,2,2,1,3
202400025050,2024-03-07 23:00:00,2024,3,7,23,0,35,35238,CHURCHILL (AVENUE SIR WINSTON),48.12034,-1.70828,Nuit avec éclairage allumé,En agglomération,Intersection en X,Normale,Deux véhicules - côté,4,2,2,0,1,1,1,0,5,30,2,2,1,0,0,1,40.0,20.0,voiture,deux_roues,5,2,2,1,3
202400025051,2024-11-13 09:22:00,2024,11,13,9,22,02,02691,,49.8652,3.28992,Plein jour,En agglomération,Hors intersection,Normale,Autre collision,4,2,2,0,1,1,1,0,1,50,1,2,1,0,0,1,,,autre,,1,2,1,1,6
202400025052,2024-03-07 15:00:00,2024,3,7,15,0,35,35238,PATIS TATELIN (LIEU-DIT LE),48.133,-1.639,Plein jour,En agglomération,Hors intersection,Normale,Deux véhicules - côté,4,2,2,0,1,1,1,0,1,30,2,2,1,0,0,1,32.0,27.0,voiture,voiture,1,2,1,1,3
202400025053,2024-06-27 11:50:00,2024,6,27,11,50,69,69019,Route Départementale 337,46.119171,4.715747,Plein jour,En agglomération,Hors intersection,Normale,Autre collision,3,2,2,0,1,2,1,0,3,70,1,3,0,0,1,2,24.0,,utilitaire_camion,,1,2,1,1,6
202400025054,2024-11-05 19:55:00,2024,11,5,19,55,01,01031,FORGE DE N°     A  N°    (RTE DE LA),46.25099,5.6353,Nuit avec éclairage allumé,En agglomération,Autre intersection,Normale,Deux véhicules - côté,3,-1,1,0,1,1,1,0,1,50,2,2,1,0,1,0,23.0,42.0,deux_roues,voiture,5,2,9,1,3
202400025054,2024-11-05 19:55:00,2024,11,5,19,55,01,01031,FORGE DE N°     A  N°    (RTE DE LA),46.25099,5.6353,Nuit avec éclairage allumé,En agglomération,Autre intersection,Normale,Deux véhicules - côté,3,2,2,0,1,1,1,9,1,50,2,2,1,0,1,0,23.0,42.0,deux_roues,voiture,5,2,9,1,3
202400025055,2024-03-07 14:16:00,2024,3,7,14,16,34,34172,TOULOUSE (AVENUE DE,43.592563,3.8588,Plein jour,En agglomération,Hors intersection,Normale,Deux véhicules - côté,4,1,3,3,2,1,1,0,6,50,2,2,1,0,0,1,33.0,34.0,deux_roues,voiture,1,2,1,1,3
202400025056,2024-06-26 19:59:00,2024,6,26,19,59,64,64407,D712,43.477231,-1.433162,Plein jour,En agglomération,Hors intersection,Normale,Sans collision,3,2,2,0,2,2,1,0,3,50,1,2,1,0,0,1,48.0,,deux_roues,,1,2,1,1,7
202400025057,2024-06-26 06:57:00,2024,6,26,6,57,33,33548,,44.970696,-0.30184,Plein jour,Hors agglomération,Hors intersection,Normale,Sans collision,3,2,2,0,1,1,1,0,1,80,1,1,0,0,1,0,26.0,,deux_roues,,1,1,1,1,7
202400025058,2024-03-07 13:00:00,2024,3,7,13,0,34,34172,BOUISSON-BERTRAND (AVENUE),43.6171,3.87332,Plein jour,En agglomération,Intersection en Y,Normale,Deux véhicules - côté,4,2,1,0,1,3,1,0,1,30,2,2,1,0,0,1,33.0,16.0,voiture,deux_roues,1,2,4,1,3
202400025058,2024-03-07 13:00:00,2024,3,7,13,0,34,34172,BOUISSON-BERTRAND (AVENUE),43.6171,3.87332,Plein jour,En agglomération,Intersection en Y,Normale,Deux véhicules - côté,4,2,2,0,1,3,1,0,1,30,2,2,1,0,0,1,33.0,16.0,voiture,deux_roues,1,2,4,1,3
202400025059,2024-11-13 16:54:00,2024,11,13,16,54,75,75113,BOULEVARD VINCENT AURIOL,48.837288,2.373786,Plein jour,En agglomération,Intersection en T,Normale,Deux véhicules - côté,4,1,2,2,1,1,1,5,1,30,2,3,2,0,1,0,36.0,50.0,deux_roues,voiture,1,2,3,1,3
202400025059,2024-11-13 16:54:00,2024,11,13,16,54,75,75113,BOULEVARD VINCENT AURIOL,48.837288,2.373786,Plein jour,En agglomération,Intersection en T,Normale,Deux véhicules - côté,4,2,5,1,1,1,1,5,1,30,2,3,2,0,1,0,36.0,50.0,deux_roues,voiture,1,2,3,1,3
202400025060,2024-03-07 20:30:00,2024,3,7,20,30,33,33063,,44.83191,-0.55781,Nuit avec éclairage allumé,En agglomération,Hors intersection,Normale,Deux véhicules - arrière,4,3,2,0,3,2,1,1,1,50,2,2,1,0,1,0,33.0,52.0,deux_roues,voiture,5,2,1,1,2
202400025061,2024-06-26 02:00:00,2024,6,26,2,0,50,50095,2108 route de la vire,49.08823,-1.133523,Nuit sans éclairage public,Hors agglomération,Hors intersection,Normale,Autre collision,3,2,2,0,1,1,1,0,1,80,1,2,0,0,0,2,20.0,,voiture,,3,1,1,1,6
202400025062,2024-11-14 09:50:00,2024,11,14,9,50,75,75120,BOULEVARD DE MENILMONTANT,48.859832,2.388756,Plein jour,En agglomération,Intersection en X,Normale,Deux véhicules - côté,4,2,2,2,1,1,1,0,1,30,2,2,1,0,0,1,,23.0,deux_roues,deux_roues,1,2,2,1,3
202400025062,2024-11-14 09:50:00,2024,11,14,9,50,75,75120,BOULEVARD DE MENILMONTANT,48.859832,2.388756,Plein jour,En agglomération,Intersection en X,Normale,Deux véhicules - côté,4,2, -1,0,1,1,1,0,5,30,2,2,1,0,0,1,,23.0,deux_roues,deux_roues,1,2,2,1,3
202400025063,2024-06-20 17:45:00,2024,6,20,17,45,76,76057,Rue Jean Jaurès,49.54567484,0.95428191,Plein jour,En agglomération,Autre intersection,Normale,Deux véhicules - côté,6,-1, -1,0,1,1,1,0,8,40,2,2,1,0,0,1,34.0,22.0,voiture,deux_roues,1,2,9,1,3
202400025064,2024-03-07 18:20:00,2024,3,7,18,20,33,33162,,44.88734,-0.64221,Plein jour,En agglomération,Intersection en T,Normale,Deux véhicules - côté,4,2,4,1,1,1,1,0,1,50,2,2,1,0,0,1,25.0,48.0,voiture,voiture,1,2,3,1,3
202400025064,2024-03-07 18:20:00,2024,3,7,18,20,33,33162,,44.88734,-0.64221,Plein jour,En agglomération,Intersection en T,Normale,Deux véhicules - côté,4,2,2,0,2,3,1,0,1,50,2,2,1,0,0,1,25.0,48.0,voiture,voiture,1,2,3,1,3
202400025065,2024-06-26 13:55:00,2024,6,26,13,55,62,62235,D240,50.65330996,1.6487844,Plein jour,Hors agglomération,Hors intersection,Temps éblouissant,Deux véhicules - frontale,3,2,2,0,1,3,1,0,1,80,2,2,0,0,2,0,47.0,21.0,voiture,voiture,1,1,1,7,1
202400025066,2024-03-06 17:10:00,2024,3,6,17,10,33,33009,,44.66019,-1.165014,Plein jour,En agglomération,Hors intersection,Normale,Deux véhicules - côté,4,2,2,0,1,1,1,0,1,50,2,2,1,0,0,1,82.0,16.0,voiture,deux_roues,1,2,1,1,3
202400025067,2024-11-14 08:32:00,2024,11,14,8,32,75,75116,BOULEVARD SUCHET,48.851927,2.261178,Plein jour,En agglomération,Intersection en T,Normale,Deux véhicules - côté,4,2,6,1,1,1,1,0,1,50,2,2,1,0,0,1,36.0,48.0,deux_roues,voiture,1,2,3,1,3
202400025067,2024-11-14 08:32:00,2024,11,14,8,32,75,75116,BOULEVARD SUCHET,48.851927,2.261178,Plein jour,En agglomération,Intersection en T,Normale,Deux véhicules - côté,4,2, -1,0,1,1,1,0,1,30,2,2,1,0,0,1,36.0,48.0,deux_roues,voiture,1,2,3,1,3
202400025068,2024-06-24 18:13:00,2024,6,24,18,13,59,59378,AUTOROUTE A22,50.67406,3.1142,Plein jour,Hors agglomération,Hors intersection,Normale,Autre collision,1,3,2,0,1,1,1,0,1,70,2,2,1,0,1,0,24.0,38.0,deux_roues,voiture,1,1,1,1,6
202400025069,2024-11-14 10:30:00,2024,11,14,10,30,75,75115,AVENUE DE LA PORTE BRANCION,48.827567,2.301096,Plein jour,En agglomération,Intersection en T,Normale,Deux véhicules - arrière,4,-1,2,0,1,1,1,0,1,30,2,2,1,0,0,1,15.0,41.0,deux_roues,voiture,1,2,3,1,2
202400025069,2024-11-14 10:30:00,2024,11,14,10,30,75,75115,AVENUE DE LA PORTE BRANCION,48.827567,2.301096,Plein jour,En agglomération,Intersection en T,Normale,Deux véhicules - arrière,4,2, -1,0,1,1,1,0,1,30,2,2,1,0,0,1,15.0,41.0,deux_roues,voiture,1,2,3,1,2
202400025070,2024-03-07 11:30:00,2024,3,7,11,30,31,31555,BARCELONE (ALL DE) DU 16AU 156,43.609211,1.42351,Plein jour,En agglomération,Hors intersection,Normale,Deux véhicules - côté,4,1,2,3,1,1,1,0,6,50,2,4,3,0,1,0,59.0,31.0,voiture,deux_roues,1,2,1,1,3
202400025071,2024-06-25 21:51:00,2024,6,25,21,51,91,91471,RN 118,48.6961,2.1924,Crépuscule ou aube,Hors agglomération,Hors intersection,Normale,Deux véhicules - arrière,2,3,2,0,2,1,1,0,1,90,2,2,1,0,1,0,48.0,31.0,deux_roues,voiture,2,1,1,1,2
202400025072,2024-03-07 12:30:00,2024,3,7,12,30,31,31069,CORNEBARRIEU (ROUTE DE),43.6445,1.36189,Plein jour,Hors agglomération,Hors intersection,Normale,Deux véhicules - côté,7,1,2,0,1,3,1,9,1,30,2,2,1,0,0,1,61.0,25.0,voiture,utilitaire_camion,1,1,1,1,3
202400025073,2024-11-14 20:09:00,2024,11,14,20,9,75,75113,BOULEVARD MASSENA,48.820121,2.364641,Nuit avec éclairage allumé,En agglomération,Intersection en X,Normale,Deux véhicules - côté,4,1,3,1,1,1,1,0,1,50,2,2,1,0,0,1,20.0,49.0,voiture,deux_roues,5,2,2,1,3
202400025073,2024-11-14 20:09:00,2024,11,14,20,9,75,75113,BOULEVARD MASSENA,48.820121,2.364641,Nuit avec éclairage allumé,En agglomération,Intersection en X,Normale,Deux véhicules - côté,4,2,2,1,1,1,1,0,1,50,2,2,1,0,0,1,20.0,49.0,voiture,deux_roues,5,2,2,1,3
202400025074,2024-03-07 23:45:00,2024,3,7,23,45,28,28134,SAINT THIBAULT (RUE),48.733552,1.353761,Nuit avec éclairage allumé,En agglomération,Hors intersection,Normale,Autre collision,3,-1,2,1,2,3,1,9,8,50,1,1,0,0,0,1,21.0,,autre,,5,2,1,1,6
202400025075,2024-06-26 14:20:00,2024,6,26,14,20,92,92036,A86,48.93565576,2.26424299,Plein jour,Hors agglomération,Hors intersection,Normale,Deux véhicules - arrière,1,1,2,0,1,1,1,0,1,90,2,5,1,0,0,4,58.0,22.0,voiture,voiture,1,1,1,1,2
202400025076,2024-06-26 20:50:00,2024,6,26,20,50,93,93001,A86,48.92093891,2.37306833,Crépuscule ou aube,Hors agglomération,Hors intersection,Normale,Autre collision,1,3,4,0,1,1,1,0,1,90,1,1,0,0,1,0,57.0,,deux_roues,,2,1,1,1,6
202400025077,2024-11-14 11:25:00,2024,11,14,11,25,75,75113,AVENUE D ITALIE,48.822828,2.358441,Plein jour,En agglomération,Intersection en T,Normale,Deux véhicules - côté,4,2,1,1,1,1,1,0,5,30,2,3,2,0,0,1,41.0,51.0,deux_roues,voiture,1,2,3,1,3
202400025077,2024-11-14 11:25:00,2024,11,14,11,25,75,75113,AVENUE D ITALIE,48.822828,2.358441,Plein jour,En agglomération,Intersection en T,Normale,Deux véhicules - côté,4,2, -1,1,1,1,1,0,5,30,2,3,2,0,0,1,41.0,51.0,deux_roues,voiture,1,2,3,1,3
202400025078,2024-03-07 05:05:00,2024,3,7,5,5,25,25462,MARPAUD,46.90224,6.35437,Nuit avec éclairage allumé,En agglomération,Intersection en X,Normale,Deux véhicules - côté,4,1,1,0,2,1,1,0,1,50,2,2,1,0,0,1,51.0,38.0,voiture,deux_roues,5,2,2,1,3
202400025078,2024-03-07 05:05:00,2024,3,7,5,5,25,25462,MARPAUD,46.90224,6.35437,Nuit avec éclairage allumé,En agglomération,Intersection en X,Normale,Deux véhicules - côté,4,1,1,1,1,1,1,0,1,50,2,2,1,0,0,1,51.0,38.0,voiture,deux_roues,5,2,2,1,3
202400025079,2024-06-26 07:45:00,2024,6,26,7,45,93,93053,A3,48.89332229,2.47257373,Plein jour,Hors agglomération,Hors intersection,Normale,Deux véhicules - côté,1,3,3,0,1,1,1,0,1,90,2,2,1,0,0,1,22.0,41.0,deux_roues,voiture,1,1,1,1,3
202400025080,2024-11-14 19:40:00,2024,11,14,19,40,75,75108,BOULEVARD MALESHERBES,48.880092,2.313458,Nuit avec éclairage allumé,En agglomération,Intersection en T,Normale,Autre collision,4,2, -1,1,1,1,1,0,1,50,1,2,1,0,1,0,31.0,,deux_roues,,5,2,3,1,6
202400025080,2024-11-14 19:40:00,2024,11,14,19,40,75,75108,BOULEVARD MALESHERBES,48.880092,2.313458,Nuit avec éclairage allumé,En agglomération,Intersection en T,Normale,Autre collision,4,2, -1,0,1,1,1,0,1,30,1,2,1,0,1,0,31.0,,deux_roues,,5,2,3,1,6
202400025081,2024-02-26 18:00:00,2024,2,26,18,0,24,24037,RD 936 E1,44.8339,0.4507,Plein jour,Hors agglomération,Hors intersection,Normale,Trois véhicules et plus - en chaîne,3,2,2,0,1,1,1,0,1,80,3,3,2,1,0,0,40.0,94.0,voiture,voiture,1,1,1,1,4
202400025082,2024-06-25 22:10:00,2024,6,25,22,10,93,93053,A3,48.88380049,2.46676219,Nuit sans éclairage public,Hors agglomération,Hors intersection,Normale,Deux véhicules - côté,1,3,5,0,1,1,1,0,1,90,2,2,1,0,0,1,28.0,39.0,utilitaire_camion,voiture,3,1,1,1,3
202400025083,2024-11-14 06:10:00,2024,11,14,6,10,75,75108,AVENUE DES CHAMPS ELYSEES,48.866284,2.318582,Nuit avec éclairage allumé,En agglomération,Hors intersection,Normale,Sans collision,4,1,8,1,1,1,1,0,1,50,1,1,0,0,0,1,34.0,,deux_roues,,5,2,1,1,7
202400025084,2024-06-26 09:15:00,2024,6,26,9,15,94,94018,A4,48.82465601,2.39368239,Plein jour,Hors agglomération,Hors intersection,Normale,Deux véhicules - côté,1,1,5,0,1,1,1,0,1,70,2,2,1,0,0,1,25.0,40.0,deux_roues,voiture,1,1,1,1,3
202400025085,2024-06-26 03:25:00,2024,6,26,3,25,94,94042,A4,48.82832701,2.4742197,Nuit sans éclairage public,Hors agglomération,Hors intersection,Normale,Deux véhicules - arrière,1,1,5,0,1,1,1,0,1,90,2,3,1,0,0,2,24.0,44.0,voiture,autre,3,1,1,1,2
202400025086,2024-11-13 16:05:00,2024,11,13,16,5,75,75108,PLACE DE LA CONCORDE,48.866452,2.321853,Plein jour,En agglomération,Place,Normale,Deux véhicules - côté,4,1, -1,-1,1,1,1,0,1,30,2,3,1,0,0,2,21.0,26.0,deux_roues,voiture,1,2,7,1,3
202400025086,2024-11-13 16:05:00,2024,11,13,16,5,75,75108,PLACE DE LA CONCORDE,48.866452,2.321853,Plein jour,En agglomération,Place,Normale,Deux véhicules - côté,4,2,6,3,1,1,1,0,1,30,2,3,1,0,0,2,21.0,26.0,deux_roues,voiture,1,2,7,1,3
202400025087,2024-03-30 14:15:00,2024,3,30,14,15,14,14425,D511,49.08782894,0.11214495,Plein jour,Hors agglomération,Hors intersection,Normale,Sans collision,3,2,2,0,2,1,1,0,3,80,1,1,0,0,1,0,25.0,,deux_roues,,1,1,1,1,7
202400025088,2024-01-02 18:00:00,2024,1,2,18,0,14,14666,6bis Route de Caen,49.17844076,-0.21735281,Nuit sans éclairage public,En agglomération,Hors intersection,Normale,Deux véhicules - côté,3,2,2,0,1,1,1,0,1,50,2,2,1,0,1,0,63.0,23.0,voiture,deux_roues,3,2,1,1,3
202400025089,2024-11-14 20:15:00,2024,11,14,20,15,75,75101,RUE MONTMARTRE,48.864788,2.345133,Nuit avec éclairage allumé,En agglomération,Intersection en X,Normale,Autre collision,4,2, -1,0,1,1,1,0,1,30,1,4,2,0,0,2,15.0,,deux_roues,,5,2,2,1,6
202400025089,2024-11-14 20:15:00,2024,11,14,20,15,75,75101,RUE MONTMARTRE,48.864788,2.345133,Nuit avec éclairage allumé,En agglomération,Intersection en X,Normale,Autre collision,4,2,3,1,1,1,1,0,4,30,1,4,2,0,0,2,15.0,,deux_roues,,5,2,2,1,6
202400025090,2024-02-03 11:50:00,2024,2,3,11,50,13,13056,CD 5 (Route d'Istres),43.4248,5.05366,Plein jour,En agglomération,Intersection en T,Normale,Deux véhicules - côté,7,2,2,0,1,1,1,0,8,50,2,2,1,0,1,0,20.0,72.0,voiture,deux_roues,1,2,3,1,3
202400025090,2024-02-03 11:50:00,2024,2,3,11,50,13,13056,CD 5 (Route d'Istres),43.4248,5.05366,Plein jour,En agglomération,Intersection en T,Normale,Deux véhicules - côté,7,3,4,0,1,1,1,5,1,50,2,2,1,0,1,0,20.0,72.0,voiture,deux_roues,1,2,3,1,3
202400025091,2024-11-14 11:55:00,2024,11,14,11,55,75,75103,BOULEVARD DU TEMPLE,48.863068,2.36674,Plein jour,En agglomération,Intersection en T,Normale,Deux véhicules - côté,4,2,4,3,1,1,1,0,1,30,2,2,1,0,0,1,50.0,,utilitaire_camion,voiture,1,2,3,1,3
202400025091,2024-11-14 11:55:00,2024,11,14,11,55,75,75103,BOULEVARD DU TEMPLE,48.863068,2.36674,Plein jour,En agglomération,Intersection en T,Normale,Deux véhicules - côté,4,2,2,2,1,1,1,0,1,30,2,2,1,0,0,1,50.0,,utilitaire_camion,voiture,1,2,3,1,3
202400025092,2024-06-24 16:50:00,2024,6,24,16,50,974,97411,LATTRE DE TASSIGNY (AVENUE MARECHAL DE),-20.88978,55.47747,Plein jour,En agglomération,Hors intersection,Normale,Deux véhicules - frontale,4,2,0,3,1,1,1,0,1,50,2,2,1,0,1,0,49.0,15.0,transport_commun,deux_roues,1,2,1,1,1
202400025093,2024-11-14 08:30:00,2024,11,14,8,30,75,75103,RUE DU TEMPLE,48.867182,2.362819,Plein jour,En agglomération,Intersection en T,Normale,Deux véhicules - arrière,4,3,6,1,1,1,1,0,1,30,2,2,1,0,0,1,47.0,41.0,deux_roues,deux_roues,1,2,3,1,2
202400025093,2024-11-14 08:30:00,2024,11,14,8,30,75,75103,RUE DU TEMPLE,48.867182,2.362819,Plein jour,En agglomération,Intersection en T,Normale,Deux véhicules - arrière,4,1,2,0,1,1,1,0,1,30,2,2,1,0,0,1,47.0,41.0,deux_roues,deux_roues,1,2,3,1,2
202400025094,2024-06-24 05:25:00,2024,6,24,5,25,974,97411,JAURES (BOULEVARD JEAN),-20.90072,55.49202,Crépuscule ou aube,En agglomération,Giratoire,Normale,Sans collision,2,2,4,0,1,1,2,0,1,50,2,2,1,0,0,1,49.0,31.0,voiture,deux_roues,2,2,6,1,7