accident_id,datetime,annee,mois,jour,heure,minute,departement,commune_insee,adresse,latitude,longitude,luminosite,agglomeration,intersection,meteo,collision,catr,circ,nbv,vosp,prof,plan,surf,infra,situ,vma,nb_vehicules,nb_usagers,nb_indemnes,nb_tues,nb_blesses_hosp,nb_blesses_legers,age_cond_1,age_cond_2,veh_type_cond_1,veh_type_cond_2,lum_code,agg_code,int_code,atm_code,col_code
202400025231,2024-03-08 12:30:00,2024,3,8,12,30,10,10030,Rue de la Gare,48.337431,4.029896,Plein jour,En agglomération,Hors intersection,Normale,Deux véhicules - côté,4,2,2,0,1,1,1,0,1,50,2,2,1,0,0,1,63.0,33.0,voiture,deux_roues,1,2,1,1,3
202400025232,2024-03-05 22:50:00,2024,3,5,22,50,972,97207,Route de Morne vert,14.580453,-60.962657,Nuit sans éclairage public,En agglomération,Autre intersection,Normale,Trois véhicules et plus - collisions multiples,3,2,2,0,2,2,1,0,1,50,3,3,1,0,0,2,46.0,29.0,utilitaire_camion,voiture,3,2,9,1,5
202400025233,2024-03-08 01:15:00,2024,3,8,1,15,55,55242,autoroute A4 - PK 272.200,49.12777909,5.64433599,Nuit avec éclairage non allumé,Hors agglomération,Hors intersection,Normale,Deux véhicules - arrière,1,3,2,0,1,1,1,0,1,130,2,3,2,1,0,0,19.0,36.0,voiture,voiture,4,1,1,1,2
202400025234,2024-03-07 08:55:00,2024,3,7,8,55,01,01446,,46.022848,4.898432,Plein jour,Hors agglomération,Intersection en X,Normale,Deux véhicules - côté,3,2,2,0,1,1,1,0,1,70,2,5,1,0,0,4,50.0,33.0,utilitaire_camion,utilitaire_camion,1,1,2,1,3
202400025234,2024-03-07 08:55:00,2024,3,7,8,55,01,01446,,46.022848,4.898432,Plein jour,Hors agglomération,Intersection en X,Normale,Deux véhicules - côté,3,2,1,0,1,1,1,0,1,70,2,5,1,0,0,4,50.0,33.0,utilitaire_camion,utilitaire_camion,1,1,2,1,3
202400025235,2024-03-07 20:50:00,2024,3,7,20,50,86,86165,Lieu Dit la Rue,46.460102,0.861278,Nuit sans éclairage public,Hors agglomération,Hors intersection,Normale,Autre collision,3,-1,2,0,1,1,1,0,3,80,1,1,0,0,1,0,44.0,,voiture,,3,1,1,1,6
202400025236,2024-03-07 15:12:00,2024,3,7,15,12,60,60083,Rue de Villers,49.283302,2.998853,Plein jour,En agglomération,Hors intersection,Normale,Autre collision,3,2,2,0,1,1,1,0,1,50,1,1,0,0,0,1,16.0,,deux_roues,,1,2,1,1,6
202400025237,2024-02-18 19:15:00,2024,2,18,19,15,71,71215,Route de Chalon,46.867112,4.948719,Nuit sans éclairage public,Hors agglomération,Hors intersection,Pluie légère,Deux véhicules - côté,3,2,2,0,2,2,2,0,1,80,2,5,4,0,0,1,60.0,50.0,voiture,voiture,3,1,1,2,3
202400025238,2024-03-05 16:55:00,2024,3,5,16,55,38,38186,Route du Col de l?Allimas,44.90235,5.567676,Plein jour,En agglomération,Hors intersection,Normale,Deux véhicules - côté,3,2,2,0,1,1,1,0,1,50,2,2,1,0,1,0,67.0,58.0,voiture,utilitaire_camion,1,2,1,1,3
202400025239,2024-03-07 22:30:00,2024,3,7,22,30,80,80655,rue de la liberation,49.958247,1.990156,Nuit sans éclairage public,En agglomération,Intersection en T,Normale,Deux véhicules - frontale,4,2,2,0,1,1,1,0,1,50,2,2,1,0,1,0,17.0,27.0,deux_roues,voiture,3,2,3,1,1
202400025240,2024-02-29 16:30:00,2024,2,29,16,30,49,49069,D763 SAINT LAURENT DES AUTELS,47.273751,-1.197006,Plein jour,Hors agglomération,Hors intersection,Normale,Sans collision,3,2,2,0,1,1,1,0,1,80,1,1,0,0,1,0,33.0,,voiture,,1,1,1,1,7
202400025241,2024-03-07 08:30:00,2024,3,7,8,30,12,12102,Flavin,44.274566,2.611377,Plein jour,Hors agglomération,Hors intersection,Normale,Sans collision,3,2,2,0,1,1,1,0,3,90,1,1,0,0,1,0,81.0,,voiture,,1,1,1,1,7
202400025242,2024-03-08 08:30:00,2024,3,8,8,30,39,39458,,46.616295,5.609478,Plein jour,Hors agglomération,Intersection en X,Normale,Deux véhicules - côté,3,2,2,0,1,1,1,5,1,70,2,3,0,1,1,1,16.0,52.0,voiture,utilitaire_camion,1,1,2,1,3
202400025242,2024-03-08 08:30:00,2024,3,8,8,30,39,39458,,46.616295,5.609478,Plein jour,Hors agglomération,Intersection en X,Normale,Deux véhicules - côté,3,2,2,0,1,1,1,5,1,80,2,3,0,1,1,1,16.0,52.0,voiture,utilitaire_camion,1,1,2,1,3
202400025243,2024-03-07 17:00:00,2024,3,7,17,0,29,29220,Route de Combrit,47.88373139,-4.20516445,Plein jour,Hors agglomération,Intersection en T,Normale,Deux véhicules - côté,3,2,2,1,2,1,1,0,1,80,2,3,1,1,1,0,74.0,42.0,voiture,deux_roues,1,1,3,1,3
202400025243,2024-03-07 17:00:00,2024,3,7,17,0,29,29220,Route de Combrit,47.88373139,-4.20516445,Plein jour,Hors agglomération,Intersection en T,Normale,Deux véhicules - côté,3,2,2,0,1,1,1,0,1,-1,2,3,1,1,1,0,74.0,42.0,voiture,deux_roues,1,1,3,1,3
202400025244,2024-03-08 12:00:00,2024,3,8,12,0,02,02822,,49.313394,3.10316,Plein jour,Hors agglomération,Intersection en X,Normale,Deux véhicules - arrière,3,2,2,0,1,1,1,0,1,80,2,3,2,0,1,0,33.0,27.0,deux_roues,voiture,1,1,2,1,2
202400025244,2024-03-08 12:00:00,2024,3,8,12,0,02,02822,,49.313394,3.10316,Plein jour,Hors agglomération,Intersection en X,Normale,Deux véhicules - arrière,3,2, -1,-1,1,1,1,0,1,-1,2,3,2,0,1,0,33.0,27.0,deux_roues,voiture,1,1,2,1,2
202400025245,2024-03-07 18:30:00,2024,3,7,18,30,02,02131,,49.391281,3.374487,Nuit sans éclairage public,Hors agglomération,Autre intersection,Normale,Autre collision,2,2,3,0,1,1,1,3,1,80,1,1,0,1,0,0,56.0,,deux_roues,,3,1,9,1,6
202400025246,2024-12-19 15:35:00,2024,12,19,15,35,56,56121,D465 Desserte Portuaire,47.73707,-3.37787,Plein jour,Hors agglomération,Hors intersection,Pluie légère,Trois véhicules et plus - en chaîne,3,2,2,0,1,1,2,0,1,70,3,4,3,0,0,1,63.0,39.0,voiture,voiture,1,1,1,2,4
202400025247,2024-03-06 18:00:00,2024,3,6,18,0,15,15187,RD 44,45.032618,3.051426,Crépuscule ou aube,Hors agglomération,Hors intersection,Temps éblouissant,Autre collision,3,2,2,0,3,3,1,0,8,90,1,3,2,0,1,0,18.0,,voiture,,2,1,1,7,6
202400025248,2024-12-15 17:50:00,2024,12,15,17,50,54,54375,Avenue du Général Eisenhower,48.90214029,6.0361129,Nuit avec éclairage allumé,En agglomération,Intersection en T,Pluie légère,Deux véhicules - côté,3,2,2,1,1,1,2,0,1,50,2,4,2,0,0,2,32.0,36.0,voiture,voiture,5,2,3,2,3
202400025248,2024-12-15 17:50:00,2024,12,15,17,50,54,54375,Avenue du Général Eisenhower,48.90214029,6.0361129,Nuit avec éclairage allumé,En agglomération,Intersection en T,Pluie légère,Deux véhicules - côté,3,2, -1,0,1,1,2,0,1,50,2,4,2,0,0,2,32.0,36.0,voiture,voiture,5,2,3,2,3
202400025249,2024-03-06 17:30:00,2024,3,6,17,30,26,26005,Route de Montelimar,44.519108,4.77459,Crépuscule ou aube,Hors agglomération,Hors intersection,Normale,Trois véhicules et plus - en chaîne,3,2,2,0,1,1,1,0,1,80,3,4,3,0,1,0,65.0,57.0,voiture,voiture,2,1,1,1,4
202400025250,2024-12-19 05:10:00,2024,12,19,5,10,54,54395,VERDUN (rue de),48.69722195,6.17032126,Nuit avec éclairage allumé,En agglomération,Intersection en X,Pluie forte,Autre collision,4,2,0,0,1,1,2,0,1,50,1,2,1,0,0,1,65.0,,voiture,,5,2,2,3,6
202400025250,2024-12-19 05:10:00,2024,12,19,5,10,54,54395,VERDUN (rue de),48.69722195,6.17032126,Nuit avec éclairage allumé,En agglomération,Intersection en X,Pluie forte,Autre collision,4,2,2,0,1,1,2,2,1,50,1,2,1,0,0,1,65.0,,voiture,,5,2,2,3,6
202400025251,2024-03-08 08:15:00,2024,3,8,8,15,66,66016,avenue Pierre Fabre,42.48098859,3.13013256,Plein jour,En agglomération,Hors intersection,Pluie légère,Autre collision,3,2,2,0,1,1,2,5,4,30,1,2,1,0,1,0,46.0,,voiture,,1,2,1,2,6
202400025252,2024-12-19 07:45:00,2024,12,19,7,45,54,54323,Avenue André Malraux,49.52141501,5.76032549,Nuit avec éclairage allumé,En agglomération,Hors intersection,Pluie légère,Autre collision,4,2,1,0,1,1,2,0,1,30,1,2,1,0,0,1,58.0,,voiture,,5,2,1,2,6
202400025253,2024-12-19 18:20:00,2024,12,19,18,20,54,54280,Avenue de la République,49.22322,6.00644,Nuit avec éclairage allumé,En agglomération,Intersection en T,Pluie légère,Autre collision,4,2, -1,0,1,1,2,0,1,50,1,2,1,0,0,1,,,utilitaire_camion,,5,2,3,2,6
202400025253,2024-12-19 18:20:00,2024,12,19,18,20,54,54280,Avenue de la République,49.22322,6.00644,Nuit avec éclairage allumé,En agglomération,Intersection en T,Pluie légère,Autre collision,4,2,2,0,1,1,2,0,1,50,1,2,1,0,0,1,,,utilitaire_camion,,5,2,3,2,6
202400025254,2024-03-08 13:50:00,2024,3,8,13,50,50,50513,Rue de la Liberte,48.968808,-1.296065,Plein jour,Hors agglomération,Intersection en X,Normale,Deux véhicules - côté,3,2,1,0,1,1,1,0,1,80,2,3,2,0,0,1,61.0,73.0,voiture,voiture,1,1,2,1,3
202400025254,2024-03-08 13:50:00,2024,3,8,13,50,50,50513,Rue de la Liberte,48.968808,-1.296065,Plein jour,Hors agglomération,Intersection en X,Normale,Deux véhicules - côté,3,2,1,0,1,2,1,0,1,80,2,3,2,0,0,1,61.0,73.0,voiture,voiture,1,1,2,1,3
202400025255,2024-12-10 16:45:00,2024,12,10,16,45,52,52448,SALENGRO (AVENUE ROGER),48.63986,4.91972,Plein jour,En agglomération,Autre intersection,Normale,Autre collision,4,2,2,0,1,1,1,9,1,50,1,2,1,0,1,0,77.0,,voiture,,1,2,9,1,6
202400025256,2024-03-07 13:39:00,2024,3,7,13,39,90,90094,N19,47.581968,6.870677,Plein jour,Hors agglomération,Autre intersection,Temps couvert,Trois véhicules et plus - collisions multiples,2,3,0,0,2,2,1,3,1,90,3,3,0,0,0,3,31.0,61.0,voiture,voiture,1,1,9,8,5
202400025257,2024-12-19 15:45:00,2024,12,19,15,45,50,50218,ARISTIDE BRIAND (AVENUE),48.83625,-1.5822,Plein jour,En agglomération,Hors intersection,Normale,Autre collision,9,2,0,0,1,1,1,9,8,50,1,2,1,0,0,1,73.0,,voiture,,1,2,1,1,6
202400025258,2024-12-18 07:20:00,2024,12,18,7,20,50,50129,BREQUECAL (RUE DE),49.62925,-1.55651,Nuit sans éclairage public,Hors agglomération,Hors intersection,Pluie légère,Autre collision,3,-1,2,0,2,1,2,0,3,80,1,2,0,0,0,2,41.0,,transport_commun,,3,1,1,2,6
202400025259,2024-12-18 20:24:00,2024,12,18,20,24,49,49007,CHESNAIES,47.47427,-0.51584,Nuit avec éclairage allumé,En agglomération,Giratoire,Pluie légère,Deux véhicules - côté,4,2,2,0,1,1,2,0,1,30,2,2,1,0,0,1,51.0,41.0,utilitaire_camion,deux_roues,5,2,6,2,3
202400025259,2024-12-18 20:24:00,2024,12,18,20,24,49,49007,CHESNAIES,47.47427,-0.51584,Nuit avec éclairage allumé,En agglomération,Giratoire,Pluie légère,Deux véhicules - côté,4,2,2,0,1,1,2,0,1,50,2,2,1,0,0,1,51.0,41.0,utilitaire_camion,deux_roues,5,2,6,2,3
202400025259,2024-12-18 20:24:00,2024,12,18,20,24,49,49007,CHESNAIES,47.47427,-0.51584,Nuit avec éclairage allumé,En agglomération,Giratoire,Pluie légère,Deux véhicules - côté,4,2,2,0,1,1,2,0,1,50,2,2,1,0,0,1,51.0,41.0,utilitaire_camion,deux_roues,5,2,6,2,3
202400025260,2024-03-07 19:20:00,2024,3,7,19,20,24,24311,départementale 675,45.552165,0.67317,Nuit sans éclairage public,Hors agglomération,Hors intersection,Normale,Deux véhicules - frontale,3,2,2,0,1,4,1,0,1,80,2,2,1,0,1,0,84.0,60.0,voiture,utilitaire_camion,3,1,1,1,1
202400025261,2024-12-18 16:30:00,2024,12,18,16,30,49,49007,SAINT NICOLAS,47.47431,-0.56684,Plein jour,En agglomération,Hors intersection,Pluie légère,Deux véhicules - côté,4,2,2,0,1,1,2,0,1,50,2,2,1,0,0,1,20.0,22.0,deux_roues,voiture,1,2,1,2,3
202400025262,2024-03-08 00:50:00,2024,3,8,0,50,04,04116,d4,44.045586,6.014671,Nuit sans éclairage public,Hors agglomération,Hors intersection,Normale,Autre collision,3,2,2,0,1,1,1,2,3,80,1,2,0,0,0,2,34.0,,voiture,,3,1,1,1,6
202400025263,2024-12-19 20:00:00,2024,12,19,20,0,45,45004,196 Rue du Maréchal Juin,47.974416,2.775781,Nuit avec éclairage allumé,En agglomération,Hors intersection,Normale,Autre collision,4,2,2,0,1,1,1,0,1,50,1,3,0,0,0,3,58.0,,voiture,,5,2,1,1,6
202400025264,2024-12-19 11:25:00,2024,12,19,11,25,43,43041,Avenue Charles Dupuy,45.04855,3.92177,Plein jour,En agglomération,Hors intersection,Normale,Deux véhicules - côté,3,-1,2,0,1,1,1,6,8,50,2,2,1,0,0,1,35.0,15.0,voiture,deux_roues,1,2,1,1,3
202400025265,2024-03-07 11:00:00,2024,3,7,11,0,04,04127,D4096,44.066497,5.978955,Plein jour,Hors agglomération,Hors intersection,Normale,Deux véhicules - frontale,3,2,2,0,2,1,1,0,1,50,2,2,0,1,0,1,81.0,63.0,voiture,voiture,1,1,1,1,1
202400025266,2024-12-19 11:00:00,2024,12,19,11,0,43,43089,74 Avenue de L 'Hermitage,45.055846,3.860278,Plein jour,En agglomération,Hors intersection,Normale,Deux véhicules - côté,3,2,2,0,2,1,1,0,1,50,2,3,1,0,0,2,57.0,53.0,utilitaire_camion,voiture,1,2,1,1,3
202400025267,2024-12-18 19:45:00,2024,12,18,19,45,43,43157,Place du Breuil,45.04203,3.8848,Nuit avec éclairage allumé,En agglomération,Hors intersection,Normale,Deux véhicules - côté,4,2,4,0,2,1,1,0,1,50,2,3,1,0,0,2,19.0,18.0,voiture,voiture,5,2,1,1,3
202400025268,2024-03-08 14:50:00,2024,3,8,14,50,30,30346,D981,43.955074,4.534907,Plein jour,Hors agglomération,Hors intersection,Pluie légère,Trois véhicules et plus - collisions multiples,3,2,2,0,1,1,2,0,1,80,3,7,1,0,4,2,53.0,28.0,voiture,voiture,1,1,1,2,5
202400025269,2024-12-19 11:50:00,2024,12,19,11,50,38,38185,PONT MARIUS GONTARD,45.19358,5.72386,Plein jour,En agglomération,Intersection en T,Pluie légère,Autre collision,4,2,3,1,1,1,2,2,1,30,1,3,1,0,0,2,60.0,,voiture,,1,2,3,2,6
202400025269,2024-12-19 11:50:00,2024,12,19,11,50,38,38185,PONT MARIUS GONTARD,45.19358,5.72386,Plein jour,En agglomération,Intersection en T,Pluie légère,Autre collision,4,1,2,2,1,1,2,0,1,30,1,3,1,0,0,2,60.0,,voiture,,1,2,3,2,6
202400025270,2024-03-08 15:30:00,2024,3,8,15,30,52,52227,8 Voie Romaine,48.172295,5.634944,Plein jour,En agglomération,Hors intersection,Normale,Autre collision,3,2,2,0,1,1,1,0,1,50,1,2,1,0,1,0,52.0,,voiture,,1,2,1,1,6
202400025271,2024-12-19 10:45:00,2024,12,19,10,45,37,37261,MARCEAU (RUE),47.39247,0.68546,Plein jour,En agglomération,Intersection en X,Normale,Deux véhicules - côté,4,1,3,1,1,1,2,5,1,30,2,2,1,0,1,0,62.0,23.0,deux_roues,deux_roues,1,2,2,1,3
202400025271,2024-12-19 10:45:00,2024,12,19,10,45,37,37261,MARCEAU (RUE),47.39247,0.68546,Plein jour,En agglomération,Intersection en X,Normale,Deux véhicules - côté,4,2,2,0,1,1,2,5,1,30,2,2,1,0,1,0,62.0,23.0,deux_roues,deux_roues,1,2,2,1,3
202400025272,2024-02-29 11:20:00,2024,2,29,11,20,08,08113,1 Rue des Coutures,49.651501,4.250384,Plein jour,En agglomération,Hors intersection,Pluie légère,Deux véhicules - frontale,3,2,2,0,1,3,2,0,1,50,2,2,1,0,0,1,34.0,33.0,voiture,voiture,1,2,1,2,1
202400025273,2024-12-18 17:10:00,2024,12,18,17,10,37,37233,CACHIN (RUE MARCEL),47.39682,0.73837,Nuit avec éclairage allumé,En agglomération,Intersection en X,Pluie légère,Deux véhicules - côté,4,2,2,0,1,1,2,0,1,50,2,3,2,0,0,1,56.0,51.0,voiture,voiture,5,2,2,2,3
202400025273,2024-12-18 17:10:00,2024,12,18,17,10,37,37233,CACHIN (RUE MARCEL),47.39682,0.73837,Nuit avec éclairage allumé,En agglomération,Intersection en X,Pluie légère,Deux véhicules - côté,4,2,2,0,1,1,2,0,1,50,2,3,2,0,0,1,56.0,51.0,voiture,voiture,5,2,2,2,3
202400025274,2024-03-05 21:00:00,2024,3,5,21,0,67,67108,D392,48.524514,7.584195,Nuit sans éclairage public,Hors agglomération,Giratoire,Autre,Sans collision,3,2,2,0,1,3,2,0,1,80,1,1,0,0,1,0,41.0,,deux_roues,,3,1,6,9,7
202400025275,2024-12-18 11:13:00,2024,12,18,11,13,36,36044,Avenue John Kennedy,46.793,1.691494,Plein jour,En agglomération,Intersection en X,Temps couvert,Deux véhicules - côté,4,2,2,0,1,3,1,0,1,50,2,2,1,0,1,0,31.0,19.0,deux_roues,voiture,1,2,2,8,3
202400025275,2024-12-18 11:13:00,2024,12,18,11,13,36,36044,Avenue John Kennedy,46.793,1.691494,Plein jour,En agglomération,Intersection en X,Temps couvert,Deux véhicules - côté,4,2,2,0,1,1,1,0,1,50,2,2,1,0,1,0,31.0,19.0,deux_roues,voiture,1,2,2,8,3
202400025276,2024-03-06 17:45:00,2024,3,6,17,45,13,13001,2036 Route de Sisteron,43.555176,5.459733,Plein jour,En agglomération,Autre intersection,Normale,Deux véhicules - côté,9,2,2,0,1,4,1,0,1,30,2,4,1,0,0,3,48.0,30.0,voiture,deux_roues,1,2,9,1,3
202400025277,2024-12-20 01:53:00,2024,12,20,1,53,33,33281,,44.84495,-0.63546,Nuit sans éclairage public,En agglomération,Hors intersection,Pluie légère,Autre collision,4,2,2,0,1,3,2,0,4,50,1,1,0,0,0,1,28.0,,voiture,,3,2,1,2,6
202400025278,2024-03-08 08:30:00,2024,3,8,8,30,06,06149,"a500 , pk 001.200, sens NICE MONACO",43.746282,7.379991,Plein jour,Hors agglomération,Hors intersection,Normale,Autre collision,1,3,3,0,1,1,1,1,1,90,1,1,0,0,0,1,55.0,,deux_roues,,1,1,1,1,6
202400025279,2024-12-19 19:05:00,2024,12,19,19,5,33,33318,,44.80977,-0.6252,Nuit avec éclairage allumé,En agglomération,Hors intersection,Pluie légère,Deux véhicules - côté,4,2,2,0,1,1,2,0,8,50,2,2,1,0,0,1,29.0,42.0,voiture,deux_roues,5,2,1,2,3
202400025280,2024-03-07 09:10:00,2024,3,7,9,10,11,11170,,43.116993,3.08814,Plein jour,Hors agglomération,Giratoire,Normale,Autre collision,3,-1,2,0,1,3,1,5,8,-1,1,1,0,0,1,0,50.0,,voiture,,1,1,6,1,6
202400025281,2024-12-19 17:10:00,2024,12,19,17,10,33,33039,,44.81461,-0.55302,Crépuscule ou aube,En agglomération,Intersection en X,Pluie légère,Deux véhicules - côté,4,1,1,0,1,1,2,0,1,50,2,3,2,0,1,0,21.0,38.0,voiture,deux_roues,2,2,2,2,3
202400025281,2024-12-19 17:10:00,2024,12,19,17,10,33,33039,,44.81461,-0.55302,Crépuscule ou aube,En agglomération,Intersection en X,Pluie légère,Deux véhicules - côté,4,3,2,1,1,1,2,0,1,50,2,3,2,0,1,0,21.0,38.0,voiture,deux_roues,2,2,2,2,3
202400025282,2024-03-07 18:50:00,2024,3,7,18,50,971,97106,Route de la Traversee,16.179052,-61.748416,Nuit sans éclairage public,Hors agglomération,Hors intersection,Normale,Deux véhicules - frontale,3,2,2,0,2,1,1,0,1,70,2,5,3,0,1,1,31.0,25.0,utilitaire_camion,voiture,3,1,1,1,1
202400025283,2024-12-18 15:50:00,2024,12,18,15,50,33,33192,,44.77846,-0.6097,Plein jour,En agglomération,Intersection en X,Normale,Deux véhicules - côté,4,2,5,1,1,1,1,5,1,50,2,2,1,0,1,0,38.0,15.0,utilitaire_camion,deux_roues,1,2,2,1,3
202400025283,2024-12-18 15:50:00,2024,12,18,15,50,33,33192,,44.77846,-0.6097,Plein jour,En agglomération,Intersection en X,Normale,Deux véhicules - côté,4,2,5,1,1,1,1,5,1,50,2,2,1,0,1,0,38.0,15.0,utilitaire_camion,deux_roues,1,2,2,1,3
202400025284,2024-03-07 15:53:00,2024,3,7,15,53,28,28094,D306.7,48.646407,1.500664,Plein jour,Hors agglomération,Hors intersection,Normale,Autre collision,3,2,2,0,1,1,1,0,1,80,1,2,1,0,0,1,43.0,,voiture,,1,1,1,1,6
202400025285,2024-12-19 14:20:00,2024,12,19,14,20,33,33063,,44.82105,-0.58251,Plein jour,En agglomération,Hors intersection,Pluie légère,Deux véhicules - arrière,4,3,2,0,2,1,2,1,1,50,2,3,1,0,1,1,43.0,29.0,voiture,utilitaire_camion,1,2,1,2,2
202400025286,2024-03-06 18:10:00,2024,3,6,18,10,77,77490,D17,49.039498,3.076946,Crépuscule ou aube,Hors agglomération,Hors intersection,Pluie légère,Trois véhicules et plus - collisions multiples,3,2,2,0,1,1,2,0,1,70,3,3,2,0,0,1,71.0,48.0,voiture,utilitaire_camion,2,1,1,2,5
202400025287,2024-12-19 08:15:00,2024,12,19,8,15,33,33063,,44.83267,-0.56083,Nuit avec éclairage allumé,En agglomération,Autre intersection,Normale,Deux véhicules - côté,4,-1,2,3,1,1,2,4,6,50,2,2,1,0,0,1,35.0,35.0,transport_commun,utilitaire_camion,5,2,9,1,3
202400025288,2024-03-08 00:35:00,2024,3,8,0,35,77,77196,pk 11 N3,48.948051,2.738541,Nuit avec éclairage non allumé,Hors agglomération,Hors intersection,Normale,Deux véhicules - arrière,2,3,0,0,1,1,1,0,2,110,2,2,0,0,2,0,25.0,22.0,deux_roues,deux_roues,4,1,1,1,2
202400025289,2024-12-18 16:00:00,2024,12,18,16,0,33,33063,,44.85927,-0.6302,Plein jour,En agglomération,Giratoire,Normale,Autre collision,4,2,2,2,1,1,1,0,1,50,1,3,2,0,0,1,87.0,,voiture,,1,2,6,1,6
202400025289,2024-12-18 16:00:00,2024,12,18,16,0,33,33063,,44.85927,-0.6302,Plein jour,En agglomération,Giratoire,Normale,Autre collision,4,2,2,0,1,1,1,0,8,50,1,3,2,0,0,1,87.0,,voiture,,1,2,6,1,6
202400025290,2024-01-05 22:14:00,2024,1,5,22,14,30,30155,D999,43.829225,4.465857,Nuit sans éclairage public,Hors agglomération,Hors intersection,Normale,Autre collision,3,3,0,0,1,1,1,0,6,90,1,4,3,0,1,0,19.0,,voiture,,3,1,1,1,6
202400025291,2024-03-08 00:30:00,2024,3,8,0,30,83,83023,Dn7,43.408908,6.042759,Nuit avec éclairage allumé,En agglomération,Giratoire,Normale,Deux véhicules - côté,3,-1,1,0,1,1,1,5,1,50,2,2,1,0,1,0,22.0,51.0,voiture,utilitaire_camion,5,2,6,1,3
202400025292,2024-12-19 13:57:00,2024,12,19,13,57,31,31555,BD LAZARE CARNOT,43.60045,1.45217,Plein jour,En agglomération,Hors intersection,Pluie légère,Deux véhicules - côté,4,2,2,2,1,1,2,0,1,30,2,2,0,0,0,2,16.0,20.0,deux_roues,deux_roues,1,2,1,2,3
202400025293,2024-12-19 15:50:00,2024,12,19,15,50,29,29039,maison blanche (rond point),47.888449,-3.918924,Plein jour,En agglomération,Giratoire,Normale,Deux véhicules - côté,4,2,2,1,2,1,1,0,1,50,2,2,1,0,0,1,82.0,64.0,voiture,deux_roues,1,2,6,1,3
202400025293,2024-12-19 15:50:00,2024,12,19,15,50,29,29039,maison blanche (rond point),47.888449,-3.918924,Plein jour,En agglomération,Giratoire,Normale,Deux véhicules - côté,4,1,1,1,2,2,1,0,1,30,2,2,1,0,0,1,82.0,64.0,voiture,deux_roues,1,2,6,1,3
202400025294,2024-03-08 11:10:00,2024,3,8,11,10,08,08188,Croisement entre la D979 et la D22,49.817074,4.827955,Plein jour,En agglomération,Intersection en T,Temps éblouissant,Deux véhicules - frontale,3,2,2,0,4,1,1,0,1,80,2,2,1,0,0,1,74.0,47.0,deux_roues,voiture,1,2,3,7,1
202400025294,2024-03-08 11:10:00,2024,3,8,11,10,08,08188,Croisement entre la D979 et la D22,49.817074,4.827955,Plein jour,En agglomération,Intersection en T,Temps éblouissant,Deux véhicules - frontale,3,2,2,0,4,1,1,0,1,50,2,2,1,0,0,1,74.0,47.0,deux_roues,voiture,1,2,3,7,1
202400025295,2024-12-18 21:20:00,2024,12,18,21,20,29,29019,place Joseph Goez,48.386073,-4.500981,Nuit avec éclairage allumé,En agglomération,Intersection en X,Temps couvert,Autre collision,4,2,2,0,2,1,2,0,1,50,2,2,1,0,0,1,41.0,21.0,voiture,voiture,5,2,2,8,6
202400025295,2024-12-18 21:20:00,2024,12,18,21,20,29,29019,place Joseph Goez,48.386073,-4.500981,Nuit avec éclairage allumé,En agglomération,Intersection en X,Temps couvert,Autre collision,4,2,2,0,2,1,2,0,1,50,2,2,1,0,0,1,41.0,21.0,voiture,voiture,5,2,2,8,6
202400025296,2024-03-08 12:56:00,2024,3,8,12,56,54,54217,Grande Rue,48.48210679,6.73460573,Plein jour,En agglomération,Intersection en T,Normale,Deux véhicules - côté,3,2,2,0,2,1,1,0,1,50,2,2,1,0,1,0,18.0,24.0,deux_roues,voiture,1,2,3,1,3
202400025296,2024-03-08 12:56:00,2024,3,8,12,56,54,54217,Grande Rue,48.48210679,6.73460573,Plein jour,En agglomération,Intersection en T,Normale,Deux véhicules - côté,3,2, -1,0,1,1,1,0,1,50,2,2,1,0,1,0,18.0,24.0,deux_roues,voiture,1,2,3,1,3
202400025297,2024-12-18 18:35:00,2024,12,18,18,35,29,29019,rue Victor Hugo,48.391411,-4.480327,Nuit avec éclairage allumé,En agglomération,Giratoire,Pluie légère,Deux véhicules - côté,4,2,2,0,2,1,2,0,1,30,2,2,1,0,1,0,52.0,44.0,transport_commun,deux_roues,5,2,6,2,3
202400025297,2024-12-18 18:35:00,2024,12,18,18,35,29,29019,rue Victor Hugo,48.391411,-4.480327,Nuit avec éclairage allumé,En agglomération,Giratoire,Pluie légère,Deux véhicules - côté,4,2,2,0,1,1,2,0,1,30,2,2,1,0,1,0,52.0,44.0,transport_commun,deux_roues,5,2,6,2,3
202400025298,2024-12-18 12:15:00,2024,12,18,12,15,29,29019,rue Marcellin Duval,48.41139,-4.486525,Plein jour,En agglomération,Intersection en T,Normale,Deux véhicules - côté,4,2,3,3,1,1,1,0,1,50,2,2,1,0,0,1,14.0,51.0,deux_roues,voiture,1,2,3,1,3
202400025298,2024-12-18 12:15:00,2024,12,18,12,15,29,29019,rue Marcellin Duval,48.41139,-4.486525,Plein jour,En agglomération,Intersection en T,Normale,Deux véhicules - côté,4,2,2,0,1,1,1,0,1,50,2,2,1,0,0,1,14.0,51.0,deux_roues,voiture,1,2,3,1,3