accident_id,datetime,annee,mois,jour,heure,minute,departement,commune_insee,adresse,latitude,longitude,luminosite,agglomeration,intersection,meteo,collision,catr,circ,nbv,vosp,prof,plan,surf,infra,situ,vma,nb_vehicules,nb_usagers,nb_indemnes,nb_tues,nb_blesses_hosp,nb_blesses_legers,age_cond_1,age_cond_2,veh_type_cond_1,veh_type_cond_2,lum_code,agg_code,int_code,atm_code,col_code
202400025443,2024-04-13 12:15:00,2024,4,13,12,15,95,95428,ALOUETTES (RUE DES),48.97082033,2.31541827,Plein jour,En agglomération,Intersection en X,Normale,Autre collision,4,1,1,0,1,1,1,0,1,50,1,2,1,0,1,0,68.0,,voiture,,1,2,2,1,6
202400025444,2024-04-13 00:01:00,2024,4,13,0,1,91,91552,RTE NATIONALE 20,48.60376,2.2487,Nuit avec éclairage allumé,Hors agglomération,Hors intersection,Normale,Deux véhicules - côté,3,3,0,0,1,1,1,0,1,70,2,2,1,0,1,0,,43.0,utilitaire_camion,deux_roues,5,1,1,1,3
202400025445,2024-12-19 21:45:00,2024,12,19,21,45,44,44064,,47.112682,-1.281458,Nuit sans éclairage public,Hors agglomération,Hors intersection,Normale,Deux véhicules - frontale,3,2,2,0,2,2,1,0,1,80,2,3,2,0,1,0,25.0,28.0,voiture,voiture,3,1,1,1,1
202400025446,2024-04-12 18:35:00,2024,4,12,18,35,91,91657,AV HENRI BARBUSSE,48.70014,2.42057,Plein jour,En agglomération,Hors intersection,Normale,Autre collision,3,2,3,0,1,3,1,0,1,50,1,2,1,0,0,1,,,deux_roues,,1,2,1,1,6
202400025447,2024-12-20 10:20:00,2024,12,20,10,20,29,29097,D69,48.49712171,-4.07258693,Plein jour,Hors agglomération,Hors intersection,Normale,Deux véhicules - frontale,3,2,2,0,1,1,1,2,1,80,2,2,0,0,0,2,53.0,26.0,voiture,voiture,1,1,1,1,1
202400025448,2024-04-12 12:20:00,2024,4,12,12,20,91,91589,BD ARISTIDE BRIAND,48.68077,2.342714,Plein jour,En agglomération,Intersection en X,Normale,Deux véhicules - côté,3,2,2,0,1,1,1,5,1,50,2,2,1,0,0,1,58.0,58.0,deux_roues,voiture,1,2,2,1,3
202400025448,2024-04-12 12:20:00,2024,4,12,12,20,91,91589,BD ARISTIDE BRIAND,48.68077,2.342714,Plein jour,En agglomération,Intersection en X,Normale,Deux véhicules - côté,3,2,4,0,1,1,1,5,1,50,2,2,1,0,0,1,58.0,58.0,deux_roues,voiture,1,2,2,1,3
202400025449,2024-12-20 08:45:00,2024,12,20,8,45,29,29264,D712,48.4875025,-4.15355362,Plein jour,Hors agglomération,Hors intersection,Pluie légère,Deux véhicules - frontale,3,2,2,0,1,3,2,0,1,50,2,2,1,0,1,0,18.0,43.0,voiture,voiture,1,1,1,2,1
202400025450,2024-04-12 18:33:00,2024,4,12,18,33,91,91109,COCHET (RUE DU)        RD201,48.4594,2.12,Plein jour,Hors agglomération,Hors intersection,Normale,Deux véhicules - frontale,3,2,2,0,2,4,1,0,1,50,2,2,1,0,0,1,15.0,30.0,deux_roues,voiture,1,1,1,1,1
202400025451,2024-12-19 14:15:00,2024,12,19,14,15,03,03090,La Petite prugne,46.648504,3.151612,Plein jour,Hors agglomération,Hors intersection,Pluie légère,Deux véhicules - côté,3,2,2,0,2,3,2,0,1,90,2,2,0,0,1,1,69.0,48.0,voiture,voiture,1,1,1,2,3
202400025452,2024-12-20 10:20:00,2024,12,20,10,20,15,15061,RD 3,45.181352,2.839092,Plein jour,Hors agglomération,Hors intersection,Neige / grêle,Autre collision,3,2,2,0,1,2,5,0,1,80,1,1,0,0,0,1,21.0,,voiture,,1,1,1,4,6
202400025453,2024-04-13 19:55:00,2024,4,13,19,55,83,83137,JOFFRE (BD MARECHAL),43.12456,5.95562,Crépuscule ou aube,En agglomération,Intersection en T,Normale,Sans collision,3,2,1,0,1,1,1,0,1,50,2,2,1,0,1,0,46.0,37.0,deux_roues,voiture,2,2,3,1,7
202400025453,2024-04-13 19:55:00,2024,4,13,19,55,83,83137,JOFFRE (BD MARECHAL),43.12456,5.95562,Crépuscule ou aube,En agglomération,Intersection en T,Normale,Sans collision,3,2, -1,-1,1,1,1,0,1,-1,2,2,1,0,1,0,46.0,37.0,deux_roues,voiture,2,2,3,1,7
202400025454,2024-12-19 22:00:00,2024,12,19,22,0,01,01237,D984d,46.197389,5.595345,Nuit sans éclairage public,Hors agglomération,Hors intersection,Pluie légère,Deux véhicules - frontale,3,-1,2,0,1,3,2,0,1,80,2,2,0,0,2,0,38.0,22.0,voiture,voiture,3,1,1,2,1
202400025455,2024-04-08 15:20:00,2024,4,8,15,20,83,83118,BOULEVARD DU PONANT,43.42715253,6.78632194,Plein jour,En agglomération,Intersection en T,Normale,Autre collision,4,2,2,0,2,1,1,0,1,50,1,2,1,0,1,0,35.0,,voiture,,1,2,3,1,6
202400025455,2024-04-08 15:20:00,2024,4,8,15,20,83,83118,BOULEVARD DU PONANT,43.42715253,6.78632194,Plein jour,En agglomération,Intersection en T,Normale,Autre collision,4,2,2,0,1,1,1,0,1,50,1,2,1,0,1,0,35.0,,voiture,,1,2,3,1,6
202400025456,2024-12-19 20:51:00,2024,12,19,20,51,01,01125,D936,46.249873,5.460904,Nuit sans éclairage public,Hors agglomération,Hors intersection,Pluie légère,Autre collision,3,2,2,0,2,3,2,0,3,80,1,1,0,0,0,1,50.0,,voiture,,3,1,1,2,6
202400025457,2024-12-19 16:55:00,2024,12,19,16,55,70,70384,D33,47.516578,5.94429,Nuit sans éclairage public,Hors agglomération,Hors intersection,Autre,Deux véhicules - frontale,3,2,2,0,1,2,2,0,1,80,2,2,0,0,1,1,77.0,27.0,voiture,voiture,3,1,1,9,1
202400025458,2024-04-13 09:25:00,2024,4,13,9,25,80,80021,Rue Robert Pierre,49.89265,2.28869,Plein jour,En agglomération,Intersection en T,Normale,Deux véhicules - côté,4,2, -1,-1,1,1,1,0,1,-1,2,2,1,0,0,1,31.0,51.0,voiture,voiture,1,2,3,1,3
202400025458,2024-04-13 09:25:00,2024,4,13,9,25,80,80021,Rue Robert Pierre,49.89265,2.28869,Plein jour,En agglomération,Intersection en T,Normale,Deux véhicules - côté,4,-1,2,0,1,1,1,0,1,50,2,2,1,0,0,1,31.0,51.0,voiture,voiture,1,2,3,1,3
202400025459,2024-12-20 08:14:00,2024,12,20,8,14,72,72275,grande rue,48.06629,0.343671,Crépuscule ou aube,En agglomération,Hors intersection,Normale,Autre collision,3,2,2,0,1,2,1,0,5,30,1,2,1,0,0,1,27.0,,voiture,,2,2,1,1,6
202400025460,2024-12-19 19:45:00,2024,12,19,19,45,50,50349,D20,48.997761,-1.521735,Nuit sans éclairage public,Hors agglomération,Hors intersection,Neige / grêle,Deux véhicules - frontale,3,2,2,1,1,1,2,0,1,80,2,2,0,0,1,1,58.0,23.0,voiture,voiture,3,1,1,4,1
202400025461,2024-04-13 17:58:00,2024,4,13,17,58,77,77294,GUSTAVE DUBOIS (RUE),48.9724,2.634,Plein jour,En agglomération,Hors intersection,Normale,Deux véhicules - côté,4,2,2,0,2,1,1,0,1,30,2,3,1,0,0,2,17.0,44.0,deux_roues,voiture,1,2,1,1,3
202400025462,2024-12-20 08:20:00,2024,12,20,8,20,50,50410,27 Rue de Rennes,48.549662,-1.504113,Crépuscule ou aube,En agglomération,Hors intersection,Normale,Autre collision,3,2,2,1,1,1,1,0,1,50,2,3,2,0,0,1,33.0,81.0,voiture,voiture,2,2,1,1,6
202400025463,2024-04-13 04:00:00,2024,4,13,4,0,77,77462,ROUTE NATIONALE 2,49.0275,2.6703,Nuit sans éclairage public,Hors agglomération,Hors intersection,Normale,Deux véhicules - arrière,2,3,2,0,1,1,1,0,1,110,2,2,1,0,1,0,38.0,33.0,voiture,deux_roues,3,1,1,1,2
202400025464,2024-12-18 18:55:00,2024,12,18,18,55,90,90020,D130,47.620306,6.779133,Nuit sans éclairage public,Hors agglomération,Hors intersection,Pluie légère,Sans collision,3,2,2,0,1,2,2,0,3,80,1,2,1,0,1,0,27.0,,voiture,,3,1,1,2,7
202400025465,2024-04-13 20:53:00,2024,4,13,20,53,77,77372,D934,48.88189,2.655,Nuit sans éclairage public,Hors agglomération,Hors intersection,Normale,Deux véhicules - côté,3,2,2,0,1,1,1,0,1,80,2,2,1,0,0,1,22.0,42.0,voiture,deux_roues,3,1,1,1,3
202400025466,2024-12-19 10:45:00,2024,12,19,10,45,43,43268,Chemin de la Galoche,45.149623,4.125071,Plein jour,En agglomération,Hors intersection,Temps couvert,Autre collision,4,2,2,2,1,2,2,9,1,50,1,1,0,0,1,0,14.0,,deux_roues,,1,2,1,8,6
202400025467,2024-12-19 14:30:00,2024,12,19,14,30,43,43026,D 906,45.23848255,3.78761259,Plein jour,Hors agglomération,Hors intersection,Pluie légère,Autre collision,3,2,2,0,1,1,2,0,3,80,1,1,0,0,1,0,19.0,,voiture,,1,1,1,2,6
202400025468,2024-04-12 13:50:00,2024,4,12,13,50,77,77458,RUE PAUL ROLLIN,48.18288,2.73436,Plein jour,En agglomération,Giratoire,Normale,Autre collision,4,2,2,0,1,1,1,0,1,30,1,2,1,0,0,1,70.0,,voiture,,1,2,6,1,6
202400025468,2024-04-12 13:50:00,2024,4,12,13,50,77,77458,RUE PAUL ROLLIN,48.18288,2.73436,Plein jour,En agglomération,Giratoire,Normale,Autre collision,4,1,4,0,1,2,1,0,1,30,1,2,1,0,0,1,70.0,,voiture,,1,2,6,1,6
202400025469,2024-04-12 10:10:00,2024,4,12,10,10,77,77431,RUE DE LA GARE,48.26674,2.68762,Plein jour,En agglomération,Hors intersection,Normale,Autre collision,4,1,2,0,1,1,1,0,1,50,1,2,1,0,0,1,20.0,,voiture,,1,2,1,1,6
202400025470,2024-12-20 11:37:00,2024,12,20,11,37,10,10254,Rue de la Mairie,48.583854,3.516623,Plein jour,Hors agglomération,Autre intersection,Normale,Deux véhicules - côté,3,2,2,0,1,1,1,0,1,80,2,4,2,1,0,1,24.0,51.0,voiture,utilitaire_camion,1,1,9,1,3
202400025470,2024-12-20 11:37:00,2024,12,20,11,37,10,10254,Rue de la Mairie,48.583854,3.516623,Plein jour,Hors agglomération,Autre intersection,Normale,Deux véhicules - côté,3,2,2,0,1,1,1,0,1,80,2,4,2,1,0,1,24.0,51.0,voiture,utilitaire_camion,1,1,9,1,3
202400025471,2024-12-20 12:25:00,2024,12,20,12,25,53,53267,Vaiges,48.05550083,-0.45850268,Plein jour,Hors agglomération,Hors intersection,Normale,Autre collision,3,2,2,0,2,1,2,0,3,80,1,2,0,1,0,1,35.0,,voiture,,1,1,1,1,6
202400025472,2024-04-13 20:55:00,2024,4,13,20,55,76,76108,Rue de la Republique,49.47057,1.116239,Crépuscule ou aube,En agglomération,Intersection en X,Normale,Deux véhicules - côté,4,1,1,0,1,1,1,0,1,50,2,2,1,0,0,1,26.0,43.0,deux_roues,voiture,2,2,2,1,3
202400025472,2024-04-13 20:55:00,2024,4,13,20,55,76,76108,Rue de la Republique,49.47057,1.116239,Crépuscule ou aube,En agglomération,Intersection en X,Normale,Deux véhicules - côté,4,2,2,0,1,1,1,-1,1,50,2,2,1,0,0,1,26.0,43.0,deux_roues,voiture,2,2,2,1,3
202400025473,2024-12-20 08:00:00,2024,12,20,8,0,85,85008,RD80,46.64164,-1.45058,Nuit sans éclairage public,Hors agglomération,Giratoire,Normale,Deux véhicules - côté,3,2,2,0,1,2,1,9,8,-1,2,2,1,0,1,0,53.0,47.0,voiture,deux_roues,3,1,6,1,3
202400025474,2024-04-12 16:50:00,2024,4,12,16,50,73,73065,BOISSE (AVENUE DE LA),45.58165,5.91132,Plein jour,En agglomération,Hors intersection,Normale,Deux véhicules - arrière,4,2,2,0,1,1,1,0,1,50,2,2,0,0,0,2,23.0,35.0,voiture,voiture,1,2,1,1,2
202400025475,2024-04-13 15:50:00,2024,4,13,15,50,72,72181,CHANTREL PAUL (BD),48.01102,0.18164,Plein jour,En agglomération,Autre intersection,Normale,Deux véhicules - côté,4,2,2,0,1,1,1,4,1,30,2,2,1,0,0,1,78.0,16.0,voiture,deux_roues,1,2,9,1,3
202400025476,2024-12-20 17:45:00,2024,12,20,17,45,37,37028,Le Buchet,46.81902763,0.93007636,Nuit sans éclairage public,Hors agglomération,Hors intersection,Pluie légère,Deux véhicules - frontale,3,2,2,0,2,2,2,0,1,80,2,2,1,0,0,1,38.0,15.0,voiture,deux_roues,3,1,1,2,1
202400025477,2024-04-13 12:20:00,2024,4,13,12,20,71,71540,HUIT MAI (AVENUE DU),46.77529,4.44644,Plein jour,Hors agglomération,Hors intersection,Normale,Deux véhicules - côté,3,2,3,0,1,1,1,9,1,80,2,4,2,0,0,2,40.0,66.0,voiture,utilitaire_camion,1,1,1,1,3
202400025478,2024-12-19 23:35:00,2024,12,19,23,35,48,48140,D809,44.818175,3.269881,Nuit sans éclairage public,Hors agglomération,Hors intersection,Neige / grêle,Autre collision,3,2,2,0,1,1,7,0,3,70,1,2,0,0,0,2,18.0,,voiture,,3,1,1,4,6
202400025479,2024-04-13 19:50:00,2024,4,13,19,50,69,69092,Route de Tarare,45.98105,4.69369,Plein jour,En agglomération,Intersection en X,Temps éblouissant,Deux véhicules - côté,3,2,2,0,1,1,1,0,1,50,2,2,1,0,1,0,70.0,33.0,utilitaire_camion,deux_roues,1,2,2,7,3
202400025480,2024-12-19 21:25:00,2024,12,19,21,25,08,08498,D3,49.727212,4.648225,Nuit sans éclairage public,Hors agglomération,Hors intersection,Normale,Deux véhicules - frontale,3,2,2,0,2,4,1,0,1,80,2,2,1,0,1,0,24.0,57.0,voiture,utilitaire_camion,3,1,1,1,1
202400025481,2024-04-13 14:45:00,2024,4,13,14,45,69,69264,431 Avenue de l'Europe,45.98804,4.74342,Plein jour,En agglomération,Hors intersection,Normale,Autre collision,3,2,2,2,1,2,1,0,8,50,1,1,0,0,0,1,91.0,,voiture,,1,2,1,1,6
202400025482,2024-12-19 07:42:00,2024,12,19,7,42,68,68375,18 Rue de Mulhouse,47.80803,7.239502,Nuit avec éclairage non allumé,En agglomération,Hors intersection,Pluie légère,Autre collision,3,2,2,0,1,1,2,0,1,50,1,2,1,0,0,1,50.0,,voiture,,4,2,1,2,6
202400025483,2024-04-13 15:30:00,2024,4,13,15,30,69,69290,11 Rue Paul Langevin,45.72054009,4.91996817,Plein jour,Hors agglomération,Hors intersection,Normale,Sans collision,4,2,2,0,1,3,1,0,1,50,1,1,0,0,0,1,21.0,,deux_roues,,1,1,1,1,7
202400025484,2024-04-10 09:10:00,2024,4,10,9,10,68,68066,STANISLAS (RUE),48.080631,7.352721,Plein jour,En agglomération,Intersection en T,Normale,Deux véhicules - côté,3,1,1,0,1,1,1,0,1,50,2,2,1,0,1,0,27.0,48.0,voiture,voiture,1,2,3,1,3
202400025484,2024-04-10 09:10:00,2024,4,10,9,10,68,68066,STANISLAS (RUE),48.080631,7.352721,Plein jour,En agglomération,Intersection en T,Normale,Deux véhicules - côté,3,1,3,0,1,1,1,0,1,50,2,2,1,0,1,0,27.0,48.0,voiture,voiture,1,2,3,1,3
202400025485,2024-12-20 14:15:00,2024,12,20,14,15,65,65127,PK167+400,43.12289584,0.31957139,Plein jour,Hors agglomération,Hors intersection,Normale,Trois véhicules et plus - collisions multiples,1,1,4,3,2,1,1,8,1,90,3,4,3,0,1,0,54.0,27.0,voiture,voiture,1,1,1,1,5
202400025486,2024-04-13 21:52:00,2024,4,13,21,52,64,64445,CASTETNAU,43.30043046,-0.36485839,Nuit avec éclairage allumé,En agglomération,Intersection en T,Normale,Sans collision,4,2,1,0,1,1,1,0,1,50,1,1,0,0,1,0,41.0,,deux_roues,,5,2,3,1,7
202400025486,2024-04-13 21:52:00,2024,4,13,21,52,64,64445,CASTETNAU,43.30043046,-0.36485839,Nuit avec éclairage allumé,En agglomération,Intersection en T,Normale,Sans collision,4,2, -1,-1,1,1,1,0,1,50,1,1,0,0,1,0,41.0,,deux_roues,,5,2,3,1,7
202400025487,2024-04-13 15:15:00,2024,4,13,15,15,64,64122,RD 810,43.45,-1.55978,Plein jour,En agglomération,Hors intersection,Normale,Deux véhicules - arrière,3,2,2,0,1,2,1,0,1,50,2,3,2,0,0,1,25.0,44.0,deux_roues,utilitaire_camion,1,2,1,1,2
202400025488,2024-12-20 16:55:00,2024,12,20,16,55,13,13051,D113,43.558501,5.165548,Crépuscule ou aube,Hors agglomération,Hors intersection,Vent fort / tempête,Trois véhicules et plus - collisions multiples,3,2,4,0,2,1,1,0,1,90,5,6,4,0,0,2,54.0,40.0,utilitaire_camion,voiture,2,1,1,6,5
202400025489,2024-12-19 08:20:00,2024,12,19,8,20,69,69244,Avenue Charles de Gaulle,45.75731619,4.77368788,Plein jour,En agglomération,Hors intersection,Pluie légère,Deux véhicules - côté,7,2,2,0,1,1,2,0,1,50,2,2,1,0,1,0,34.0,52.0,voiture,deux_roues,1,2,1,2,3
202400025490,2024-04-13 22:00:00,2024,4,13,22,0,64,64024,BAHINOS (ROND POINT DE),43.49404,-1.51889,Nuit avec éclairage allumé,En agglomération,Hors intersection,Normale,Deux véhicules - côté,4,1,2,0,1,2,1,0,1,50,2,3,1,0,0,2,18.0,19.0,deux_roues,utilitaire_camion,5,2,1,1,3
202400025491,2024-11-22 17:43:00,2024,11,22,17,43,73,73128,"A41, PR 102.600, sens ANNECY-CHAMBÉRY",45.717065,5.923916,Nuit sans éclairage public,Hors agglomération,Hors intersection,Pluie légère,Deux véhicules - arrière,1,3,4,0,1,1,2,0,1,130,2,4,2,0,0,2,39.0,43.0,voiture,voiture,3,1,1,2,2
202400025492,2024-04-13 20:25:00,2024,4,13,20,25,63,63113,FLAUBERT (BD GUSTAVE),45.76453,3.12533,Crépuscule ou aube,En agglomération,Giratoire,Temps éblouissant,Deux véhicules - côté,7,2,2,0,1,1,1,5,1,50,2,3,2,0,0,1,21.0,19.0,voiture,voiture,2,2,6,7,3
202400025492,2024-04-13 20:25:00,2024,4,13,20,25,63,63113,FLAUBERT (BD GUSTAVE),45.76453,3.12533,Crépuscule ou aube,En agglomération,Giratoire,Temps éblouissant,Deux véhicules - côté,7,2,2,0,1,1,1,5,1,50,2,3,2,0,0,1,21.0,19.0,voiture,voiture,2,2,6,7,3
202400025493,2024-12-20 14:45:00,2024,12,20,14,45,971,97103,Rue henri sidambaron,16.256208,-61.589259,Plein jour,En agglomération,Hors intersection,Normale,Deux véhicules - frontale,4,2,2,0,2,2,1,0,1,50,2,2,1,0,1,0,21.0,59.0,deux_roues,utilitaire_camion,1,2,1,1,1
202400025494,2024-04-13 15:45:00,2024,4,13,15,45,62,62274,chemin de halage,50.44855693,2.98132816,Plein jour,En agglomération,Hors intersection,Pluie légère,Autre collision,4,2,1,0,1,1,2,0,1,50,1,1,0,0,1,0,20.0,,deux_roues,,1,2,1,2,6
202400025495,2024-12-20 02:00:00,2024,12,20,2,0,13,13110,Autoroute A8 PK 39+050 direction AIX-EN-PROVENCE,43.47037111,5.66413397,Nuit sans éclairage public,Hors agglomération,Hors intersection,Vent fort / tempête,Deux véhicules - arrière,1,3,3,0,1,1,1,0,1,130,2,2,1,0,1,0,66.0,46.0,voiture,utilitaire_camion,3,1,1,6,2
202400025496,2024-04-13 10:10:00,2024,4,13,10,10,59,59599,Boulevard d'Halluin,50.73190993,3.13700267,Plein jour,En agglomération,Hors intersection,Normale,Autre collision,7,3,4,3,1,1,1,0,6,50,1,2,1,1,0,0,50.0,,transport_commun,,1,2,1,1,6
202400025497,2024-12-19 17:20:00,2024,12,19,17,20,971,97102,Rue Emile Lafontaine,16.465796,-61.474745,Crépuscule ou aube,Hors agglomération,Hors intersection,Normale,Autre collision,3,2,2,0,2,1,1,0,1,80,1,2,1,0,1,0,70.0,,utilitaire_camion,,2,1,1,1,6
202400025498,2024-04-13 19:00:00,2024,4,13,19,0,54,54395,place Henri Mengin,48.68915,6.18316,Plein jour,En agglomération,Hors intersection,Normale,Autre collision,4,-1, -1,3,2,1,1,6,4,10,1,2,1,0,0,1,25.0,,deux_roues,,1,2,1,1,6
202400025499,2024-12-20 17:35:00,2024,12,20,17,35,45,45108,D940 PR 3 + 750,47.600892,2.515074,Nuit avec éclairage non allumé,Hors agglomération,Hors intersection,Normale,Trois véhicules et plus - collisions multiples,3,2,3,0,1,1,1,0,1,90,3,4,2,1,0,1,21.0,29.0,voiture,voiture,4,1,1,1,5
202400025500,2024-04-13 08:25:00,2024,4,13,8,25,54,54323,Rue Mercy,49.523,5.76442,Crépuscule ou aube,En agglomération,Intersection en X,Normale,Deux véhicules - côté,4,1,1,0,1,1,1,0,1,50,2,3,1,0,0,2,65.0,60.0,voiture,voiture,2,2,2,1,3
202400025500,2024-04-13 08:25:00,2024,4,13,8,25,54,54323,Rue Mercy,49.523,5.76442,Crépuscule ou aube,En agglomération,Intersection en X,Normale,Deux véhicules - côté,4,2,2,0,2,1,1,0,1,50,2,3,1,0,0,2,65.0,60.0,voiture,voiture,2,2,2,1,3
202400025501,2024-12-20 13:20:00,2024,12,20,13,20,77,77010,route departementale 619,48.618867,2.860394,Plein jour,Hors agglomération,Hors intersection,Normale,Deux véhicules - côté,3,2,2,0,1,1,1,0,3,90,2,5,4,0,1,0,32.0,49.0,voiture,voiture,1,1,1,1,3
202400025502,2024-04-13 13:40:00,2024,4,13,13,40,51,51454,LIBERGIER (RUE),49.25145,4.02785,Plein jour,En agglomération,Intersection en T,Normale,Autre collision,4,1,3,0,1,1,1,0,8,30,1,2,1,0,0,1,33.0,,voiture,,1,2,3,1,6
202400025502,2024-04-13 13:40:00,2024,4,13,13,40,51,51454,LIBERGIER (RUE),49.25145,4.02785,Plein jour,En agglomération,Intersection en T,Normale,Autre collision,4,2,3,0,1,1,1,0,1,30,1,2,1,0,0,1,33.0,,voiture,,1,2,3,1,6
202400025503,2024-12-20 02:45:00,2024,12,20,2,45,21,21292,D25,47.240477,5.216736,Nuit sans éclairage public,En agglomération,Hors intersection,Normale,Sans collision,3,-1,2,0,1,1,1,0,1,50,1,1,0,0,1,0,39.0,,deux_roues,,3,2,1,1,7
202400025504,2024-12-14 09:00:00,2024,12,14,9,0,08,08190,10 D949,50.13421,4.847449,Plein jour,En agglomération,Hors intersection,Brouillard / fumée,Autre collision,3,2,2,0,1,1,2,0,1,50,1,2,1,0,0,1,79.0,,voiture,,1,2,1,5,6
202400025505,2024-04-13 12:10:00,2024,4,13,12,10,51,51454,JAURES (AVENUE JEAN) DU N° 74 A FIN (PAI,49.262559,4.053426,Plein jour,En agglomération,Intersection en X,Normale,Deux véhicules - côté,4,1,1,0,1,1,1,0,1,50,2,2,1,0,0,1,85.0,16.0,voiture,deux_roues,1,2,2,1,3
202400025505,2024-04-13 12:10:00,2024,4,13,12,10,51,51454,JAURES (AVENUE JEAN) DU N° 74 A FIN (PAI,49.262559,4.053426,Plein jour,En agglomération,Intersection en X,Normale,Deux véhicules - côté,4,2,2,0,1,1,1,0,1,50,2,2,1,0,0,1,85.0,16.0,voiture,deux_roues,1,2,2,1,3
202400025506,2024-04-12 18:00:00,2024,4,12,18,0,51,51454,ALBERT 1ER (BOULEVARD),49.26909,4.01074,Plein jour,En agglomération,Hors intersection,Normale,Deux véhicules - côté,4,2,2,0,1,1,1,0,1,50,2,2,1,0,0,1,62.0,57.0,voiture,deux_roues,1,2,1,1,3
202400025507,2024-12-17 11:18:00,2024,12,17,11,18,74,74094,D903,46.18399,6.302923,Plein jour,Hors agglomération,Hors intersection,Normale,Trois véhicules et plus - collisions multiples,3,2,0,0,1,3,1,0,1,-1,3,3,2,0,0,1,44.0,50.0,voiture,voiture,1,1,1,1,5
202400025508,2024-09-03 20:14:00,2024,9,3,20,14,92,92036,RN315 W,48.92099836,2.30632621,Crépuscule ou aube,Hors agglomération,Hors intersection,Normale,Deux véhicules - arrière,2,1,1,0,1,1,1,0,1,70,2,2,1,0,0,1,44.0,50.0,deux_roues,voiture,2,1,1,1,2
202400025509,2024-12-20 08:50:00,2024,12,20,8,50,01,01275,chemin du gué,45.806401,4.932824,Plein jour,Hors agglomération,Giratoire,Normale,Autre collision,4,1,1,0,1,2,2,0,3,50,1,1,0,0,0,1,18.0,,deux_roues,,1,1,6,1,6
202400025510,2024-04-13 04:52:00,2024,4,13,4,52,51,51168,Route Départementale 977,48.90002,4.30274,Nuit sans éclairage public,Hors agglomération,Hors intersection,Normale,Deux véhicules - arrière,3,2,2,0,1,1,1,0,1,80,2,3,1,0,0,2,,64.0,voiture,voiture,3,1,1,1,2
202400025511,2024-12-20 08:40:00,2024,12,20,8,40,23,23067,D28,45.755757,2.236555,Plein jour,Hors agglomération,Hors intersection,Normale,Sans collision,3,2,2,0,1,2,2,0,8,70,1,1,0,0,0,1,58.0,,voiture,,1,1,1,1,7
202400025512,2024-09-04 14:22:00,2024,9,4,14,22,93,93010,AUTOROUTE A3,48.90207598,2.47041227,Plein jour,Hors agglomération,Hors intersection,Normale,Trois véhicules et plus - collisions multiples,1,3,3,0,1,1,1,0,1,90,3,3,2,0,0,1,44.0,21.0,deux_roues,voiture,1,1,1,1,5
202400025513,2024-04-12 17:20:00,2024,4,12,17,20,47,47001,LACOUR (BD EDOUARD),44.19311,0.62879,Plein jour,En agglomération,Hors intersection,Normale,Deux véhicules - arrière,3,2,2,0,1,1,1,0,1,50,2,4,2,0,0,2,20.0,38.0,voiture,voiture,1,2,1,1,2
202400025514,2024-12-19 17:30:00,2024,12,19,17,30,33,33268,,45.044148,-0.67843,Crépuscule ou aube,En agglomération,Hors intersection,Pluie légère,Trois véhicules et plus - en chaîne,3,2,2,0,1,2,2,0,1,30,3,4,2,0,0,2,24.0,47.0,voiture,voiture,2,2,1,2,4
202400025515,2024-04-13 06:55:00,2024,4,13,6,55,45,45302,D2701 PR 0 + 1,47.94913,1.85985,Plein jour,Hors agglomération,Hors intersection,Normale,Autre collision,3,2,4,0,1,1,1,3,1,90,1,1,0,0,0,1,26.0,,voiture,,1,1,1,1,6
202400025516,2024-12-20 08:00:00,2024,12,20,8,0,33,33493,,45.316905,-0.802404,Crépuscule ou aube,Hors agglomération,Hors intersection,Normale,Sans collision,3,2,2,0,1,1,1,0,1,80,1,1,0,0,1,0,28.0,,voiture,,2,1,1,1,7
202400025517,2024-09-03 23:55:00,2024,9,3,23,55,93,93066,AUTOROUTE A1,48.91626041,2.35780504,Nuit avec éclairage allumé,Hors agglomération,Hors intersection,Normale,Deux véhicules - arrière,1,3,4,0,1,1,1,1,1,90,2,2,1,0,0,1,26.0,27.0,voiture,deux_roues,5,1,1,1,2
202400025518,2024-04-13 08:55:00,2024,4,13,8,55,44,44184,97 Avenue de la République,47.28308,-2.21128,Plein jour,En agglomération,Intersection en X,Normale,Deux véhicules - côté,4,2,3,2,1,1,1,0,1,50,2,3,2,0,1,0,41.0,20.0,voiture,deux_roues,1,2,2,1,3
202400025518,2024-04-13 08:55:00,2024,4,13,8,55,44,44184,97 Avenue de la République,47.28308,-2.21128,Plein jour,En agglomération,Intersection en X,Normale,Deux véhicules - côté,4,3,4,3,1,1,1,-1,1,50,2,3,2,0,1,0,41.0,20.0,voiture,deux_roues,1,2,2,1,3
202400025519,2024-12-19 18:00:00,2024,12,19,18,0,33,33504,,44.526848,-0.325449,Nuit sans éclairage public,Hors agglomération,Intersection en X,Pluie forte,Deux véhicules - côté,3,2,2,0,1,1,2,5,8,80,2,2,1,1,0,0,52.0,53.0,voiture,voiture,3,1,2,3,3
202400025519,2024-12-19 18:00:00,2024,12,19,18,0,33,33504,,44.526848,-0.325449,Nuit sans éclairage public,Hors agglomération,Intersection en X,Pluie forte,Deux véhicules - côté,3,2,2,0,1,1,2,0,1,80,2,2,1,1,0,0,52.0,53.0,voiture,voiture,3,1,2,3,3