accident_id,datetime,annee,mois,jour,heure,minute,departement,commune_insee,adresse,latitude,longitude,luminosite,agglomeration,intersection,meteo,collision,catr,circ,nbv,vosp,prof,plan,surf,infra,situ,vma,nb_vehicules,nb_usagers,nb_indemnes,nb_tues,nb_blesses_hosp,nb_blesses_legers,age_cond_1,age_cond_2,veh_type_cond_1,veh_type_cond_2,lum_code,agg_code,int_code,atm_code,col_code
202400025520,2024-04-08 09:20:00,2024,4,8,9,20,42,42218,Boulevard Maréchal Franchet d'Esperey,45.44093,4.37426,Plein jour,En agglomération,Hors intersection,Normale,Deux véhicules - côté,4,2,2,0,2,1,1,0,1,50,2,2,1,0,1,0,45.0,63.0,deux_roues,voiture,1,2,1,1,3
202400025521,2024-09-03 16:55:00,2024,9,3,16,55,93,93066,AUTOROUTE A1,48.93068415,2.3670759,Plein jour,Hors agglomération,Hors intersection,Normale,Deux véhicules - arrière,1,3,6,0,1,1,1,0,1,90,2,2,1,0,1,0,19.0,30.0,deux_roues,utilitaire_camion,1,1,1,1,2
202400025522,2024-12-19 15:15:00,2024,12,19,15,15,49,49269,D160,47.005836,-0.937443,Plein jour,Hors agglomération,Hors intersection,Normale,Deux véhicules - arrière,3,3,0,0,1,1,1,0,1,110,2,2,1,0,1,0,59.0,22.0,voiture,utilitaire_camion,1,1,1,1,2
202400025523,2024-09-03 15:40:00,2024,9,3,15,40,95,95252,A15,48.98535793,2.21429788,Plein jour,Hors agglomération,Hors intersection,Normale,Sans collision,1,3,3,0,1,1,1,0,2,110,1,1,0,0,0,1,38.0,,voiture,,1,1,1,1,7
202400025524,2024-12-20 07:50:00,2024,12,20,7,50,29,29156,La Croix Neuve,48.426244,-4.237861,Nuit sans éclairage public,Hors agglomération,Intersection en T,Pluie forte,Deux véhicules - arrière,4,2,2,0,1,1,2,5,1,70,2,2,1,0,0,1,16.0,49.0,deux_roues,utilitaire_camion,3,1,3,3,2
202400025524,2024-12-20 07:50:00,2024,12,20,7,50,29,29156,La Croix Neuve,48.426244,-4.237861,Nuit sans éclairage public,Hors agglomération,Intersection en T,Pluie forte,Deux véhicules - arrière,4,2,2,0,3,1,2,5,1,70,2,2,1,0,0,1,16.0,49.0,deux_roues,utilitaire_camion,3,1,3,3,2
202400025525,2024-04-13 11:45:00,2024,4,13,11,45,35,35238,ROOSEVELT (BD FRANKLIN),48.09725,-1.65782,Plein jour,En agglomération,Intersection à plus de 4 branches,Normale,Deux véhicules - côté,4,2,2,0,1,1,1,0,1,30,2,4,3,0,0,1,46.0,76.0,voiture,deux_roues,1,2,5,1,3
202400025525,2024-04-13 11:45:00,2024,4,13,11,45,35,35238,ROOSEVELT (BD FRANKLIN),48.09725,-1.65782,Plein jour,En agglomération,Intersection à plus de 4 branches,Normale,Deux véhicules - côté,4,2,2,2,1,1,1,0,1,50,2,4,3,0,0,1,46.0,76.0,voiture,deux_roues,1,2,5,1,3
202400025526,2024-12-20 08:00:00,2024,12,20,8,0,35,35360,50 Rue du College,48.120226,-1.2165,Crépuscule ou aube,En agglomération,Giratoire,Normale,Autre collision,4,2,2,0,2,1,2,0,4,30,1,2,0,0,2,0,43.0,,voiture,,2,2,6,1,6
202400025527,2024-09-03 07:45:00,2024,9,3,7,45,95,95572,A15,49.03222307,2.1116359,Crépuscule ou aube,Hors agglomération,Hors intersection,Pluie légère,Autre collision,1,3,4,0,1,1,2,0,1,110,2,2,0,0,0,2,47.0,29.0,utilitaire_camion,voiture,2,1,1,2,6
202400025528,2024-12-19 19:45:00,2024,12,19,19,45,27,27031,Route de Sacquenville,49.059484,1.100532,Nuit sans éclairage public,Hors agglomération,Hors intersection,Normale,Deux véhicules - frontale,4,2,2,0,1,1,1,0,1,80,2,2,0,0,2,0,45.0,25.0,voiture,voiture,3,1,1,1,1
202400025529,2024-04-13 14:00:00,2024,4,13,14,0,34,34172,CHATEAU D'O (ROND-POINT DU),43.63092,3.84262,Plein jour,En agglomération,Autre intersection,Normale,Deux véhicules - arrière,4,1,2,0,1,1,1,5,1,30,2,2,1,0,0,1,45.0,23.0,deux_roues,voiture,1,2,9,1,2
202400025530,2024-09-03 08:30:00,2024,9,3,8,30,93,93007,AUTOROUTE A1,48.94548836,2.43972568,Plein jour,Hors agglomération,Hors intersection,Pluie légère,Deux véhicules - arrière,1,3,8,3,1,1,2,0,1,110,2,2,1,0,0,1,20.0,37.0,utilitaire_camion,utilitaire_camion,1,1,1,2,2
202400025531,2024-12-19 17:10:00,2024,12,19,17,10,27,27180,65 Rue de l?Abbaye du Beau Bec,49.179736,1.370646,Nuit avec éclairage allumé,En agglomération,Hors intersection,Normale,Deux véhicules - côté,4,2,2,0,1,1,1,0,1,50,2,2,1,0,0,1,62.0,37.0,voiture,voiture,5,2,1,1,3
202400025532,2024-04-12 22:55:00,2024,4,12,22,55,34,34172,JUSTICE DE CASTELNAU (AVENUE DE LA),43.626038,3.882379,Nuit avec éclairage allumé,En agglomération,Intersection en X,Normale,Autre collision,4,3,4,3,1,1,1,0,4,50,1,3,2,0,1,0,27.0,,voiture,,5,2,2,1,6
202400025532,2024-04-12 22:55:00,2024,4,12,22,55,34,34172,JUSTICE DE CASTELNAU (AVENUE DE LA),43.626038,3.882379,Nuit avec éclairage allumé,En agglomération,Intersection en X,Normale,Autre collision,4,2,3,0,1,1,1,0,8,50,1,3,2,0,1,0,27.0,,voiture,,5,2,2,1,6
202400025533,2024-09-02 18:30:00,2024,9,2,18,30,93,93066,AUTOROUTE A86,48.92280772,2.34986237,Plein jour,Hors agglomération,Hors intersection,Normale,Sans collision,1,1,8,0,1,1,1,0,1,70,1,1,0,0,0,1,27.0,,deux_roues,,1,1,1,1,7
202400025534,2024-04-13 22:09:00,2024,4,13,22,9,31,31555,CHE DE CAYRAS,43.56935,1.51482,Nuit avec éclairage allumé,En agglomération,Hors intersection,Normale,Deux véhicules - frontale,7,2,2,0,1,1,1,9,1,50,2,2,1,0,0,1,50.0,33.0,voiture,voiture,5,2,1,1,1
202400025535,2024-12-20 16:30:00,2024,12,20,16,30,80,80625,D935,49.717973,2.537965,Crépuscule ou aube,En agglomération,Hors intersection,Temps couvert,Deux véhicules - frontale,3,2,2,0,1,1,1,0,1,50,2,4,3,0,0,1,15.0,30.0,deux_roues,voiture,2,2,1,8,1
202400025536,2024-09-04 16:40:00,2024,9,4,16,40,77,77294,A104,48.959344,2.621784,Plein jour,Hors agglomération,Hors intersection,Normale,Deux véhicules - arrière,1,1,2,0,1,1,1,0,1,90,2,2,1,0,0,1,36.0,42.0,deux_roues,utilitaire_camion,1,1,1,1,2
202400025537,2024-04-13 15:15:00,2024,4,13,15,15,29,29232,Rue du Poher,47.98888,-4.125644,Plein jour,En agglomération,Autre intersection,Normale,Deux véhicules - côté,4,-1, -1,0,1,1,1,0,1,30,2,2,1,0,0,1,65.0,16.0,utilitaire_camion,deux_roues,1,2,9,1,3
202400025538,2024-12-16 21:30:00,2024,12,16,21,30,62,62711,D191,50.80639434,1.73198261,Nuit avec éclairage allumé,En agglomération,Hors intersection,Normale,Deux véhicules - côté,3,2,2,0,1,1,1,0,1,50,2,3,0,0,1,2,18.0,68.0,deux_roues,voiture,5,2,1,1,3
202400025539,2024-04-12 19:25:00,2024,4,12,19,25,22,22113,VIARMES (QUAI DE),48.73183,-3.46478,Plein jour,En agglomération,Giratoire,Normale,Deux véhicules - côté,4,-1,2,0,1,1,1,5,1,50,2,2,1,0,0,1,21.0,,deux_roues,voiture,1,2,6,1,3
202400025539,2024-04-12 19:25:00,2024,4,12,19,25,22,22113,VIARMES (QUAI DE),48.73183,-3.46478,Plein jour,En agglomération,Giratoire,Normale,Deux véhicules - côté,4,-1,2,0,1,1,1,5,1,50,2,2,1,0,0,1,21.0,,deux_roues,voiture,1,2,6,1,3
202400025540,2024-08-27 15:00:00,2024,8,27,15,0,44,44109,124 Rue Paul Bellamy,47.22739332,-1.5609473,Plein jour,En agglomération,Intersection en T,Normale,Deux véhicules - arrière,4,1,1,2,2,1,1,-1,1,30,2,2,1,0,0,1,21.0,20.0,voiture,deux_roues,1,2,3,1,2
202400025540,2024-08-27 15:00:00,2024,8,27,15,0,44,44109,124 Rue Paul Bellamy,47.22739332,-1.5609473,Plein jour,En agglomération,Intersection en T,Normale,Deux véhicules - arrière,4,2,2,2,2,1,1,-1,1,50,2,2,1,0,0,1,21.0,20.0,voiture,deux_roues,1,2,3,1,2
202400025541,2024-12-18 18:36:00,2024,12,18,18,36,13,13210,A50-Sens Marseille vers Aubagne,43.2852,5.4232,Nuit sans éclairage public,Hors agglomération,Hors intersection,Normale,Deux véhicules - arrière,1,1,3,0,3,1,1,0,1,70,3,3,2,0,0,1,38.0,29.0,voiture,voiture,3,1,1,1,2
202400025542,2024-04-13 01:40:00,2024,4,13,1,40,19,19031,SALAN (BOULEVARD DU),45.16038,1.535163,Nuit sans éclairage public,En agglomération,Hors intersection,Normale,Autre collision,3,1,2,0,1,3,1,9,4,30,1,2,1,0,0,1,32.0,,voiture,,3,2,1,1,6
202400025543,2024-12-18 14:45:00,2024,12,18,14,45,13,13213,A507 sens Marseille - Aubagne,43.32996,5.40682,Plein jour,Hors agglomération,Hors intersection,Normale,Deux véhicules - côté,1,1,2,0,1,1,1,0,1,70,2,3,2,0,0,1,35.0,48.0,voiture,voiture,1,1,1,1,3
202400025544,2024-04-13 10:45:00,2024,4,13,10,45,19,19031,SOURIE (RUE ARMAND),45.14506676,1.47050464,Plein jour,En agglomération,Hors intersection,Normale,Deux véhicules - arrière,4,2,2,0,1,1,1,0,1,50,2,2,1,0,0,1,41.0,58.0,voiture,voiture,1,2,1,1,2
202400025545,2024-05-31 14:58:00,2024,5,31,14,58,91,91689,AUTOROUTE A6A,48.7296,2.3144,Plein jour,Hors agglomération,Hors intersection,Pluie légère,Deux véhicules - côté,1,2,3,0,1,1,2,0,1,110,2,2,1,0,0,1,30.0,34.0,voiture,deux_roues,1,1,1,2,3
202400025546,2024-12-18 17:30:00,2024,12,18,17,30,13,13071,A5502G-sens Martigues vers A7-Marseille,43.40164,5.29974,Nuit sans éclairage public,Hors agglomération,Hors intersection,Normale,Trois véhicules et plus - collisions multiples,1,4,2,0,1,1,1,3,1,90,3,3,2,0,1,0,22.0,28.0,voiture,voiture,3,1,1,1,5
202400025547,2024-04-13 11:40:00,2024,4,13,11,40,14,14366,Route de Paris,49.14666,0.25898,Plein jour,En agglomération,Hors intersection,Normale,Deux véhicules - arrière,3,3,3,0,1,1,1,0,1,50,2,2,1,0,0,1,32.0,19.0,deux_roues,voiture,1,2,1,1,2
202400025548,2024-04-13 06:25:00,2024,4,13,6,25,13,13205,CAMAS (RUE DU),43.2942,5.39818,Nuit avec éclairage allumé,En agglomération,Hors intersection,Normale,Deux véhicules - frontale,4,1,1,0,1,1,1,0,1,50,2,2,1,0,0,1,,43.0,voiture,deux_roues,5,2,1,1,1
202400025549,2024-12-19 13:49:00,2024,12,19,13,49,33,33013,,44.86652,-0.50388,Plein jour,Hors agglomération,Hors intersection,Pluie légère,Deux véhicules - arrière,2,3,6,0,1,1,2,3,1,90,2,3,2,0,0,1,29.0,42.0,voiture,voiture,1,1,1,2,2
202400025550,2024-05-30 18:10:00,2024,5,30,18,10,91,91174,HENRI DUNANT (BOULEVARD),48.5967,2.47918,Plein jour,En agglomération,Hors intersection,Temps couvert,Deux véhicules - arrière,4,2,2,0,2,1,2,0,1,50,2,2,1,0,0,1,33.0,54.0,deux_roues,voiture,1,2,1,8,2
202400025551,2024-04-13 03:00:00,2024,4,13,3,0,13,13210,CAPELETTE (AVENUE DE LA),43.28079381,5.40717262,Nuit avec éclairage allumé,En agglomération,Hors intersection,Normale,Deux véhicules - arrière,4,2,2,0,1,1,1,6,4,50,1,2,0,0,0,2,50.0,,voiture,,5,2,1,1,2
202400025552,2024-12-19 08:55:00,2024,12,19,8,55,33,33075,,44.889996,-0.611418,Plein jour,Hors agglomération,Hors intersection,Pluie légère,Deux véhicules - arrière,1,3,6,0,1,2,2,3,1,90,2,2,1,0,0,1,25.0,35.0,voiture,voiture,1,1,1,2,2
202400025553,2024-12-19 03:40:00,2024,12,19,3,40,33,33318,,44.789745,-0.645895,Nuit sans éclairage public,Hors agglomération,Hors intersection,Pluie forte,Autre collision,1,3,3,0,1,3,2,3,1,30,1,1,0,0,0,1,53.0,,voiture,,3,1,1,3,6
202400025554,2024-05-30 18:10:00,2024,5,30,18,10,91,91363,RN 104,48.64688,2.19003,Plein jour,Hors agglomération,Hors intersection,Normale,Deux véhicules - côté,2,3,2,0,1,1,1,0,1,110,2,2,0,0,0,2,28.0,41.0,voiture,deux_roues,1,1,1,1,3
202400025555,2024-04-13 03:37:00,2024,4,13,3,37,13,13206,BRETEUIL (RUE),43.29047142,5.37574665,Nuit avec éclairage allumé,En agglomération,Intersection en X,Normale,Deux véhicules - côté,4,-1,2,0,1,1,1,0,1,50,2,3,2,0,1,0,57.0,33.0,utilitaire_camion,deux_roues,5,2,2,1,3
202400025555,2024-04-13 03:37:00,2024,4,13,3,37,13,13206,BRETEUIL (RUE),43.29047142,5.37574665,Nuit avec éclairage allumé,En agglomération,Intersection en X,Normale,Deux véhicules - côté,4,1,2,0,1,1,1,0,1,50,2,3,2,0,1,0,57.0,33.0,utilitaire_camion,deux_roues,5,2,2,1,3
202400025556,2024-04-13 22:20:00,2024,4,13,22,20,13,13098,JEAN FRANCOIS CHAMPOLLION PLACE,43.46968992,5.01532577,Nuit avec éclairage allumé,En agglomération,Place,Normale,Sans collision,4,2,2,0,1,1,1,9,1,50,1,1,0,0,0,1,27.0,,deux_roues,,5,2,7,1,7
202400025557,2024-12-08 18:09:00,2024,12,8,18,9,62,62498, A211,50.42700442,2.83574086,Nuit sans éclairage public,Hors agglomération,Hors intersection,Normale,Trois véhicules et plus - en chaîne,1,-1,2,0,1,1,1,0,1,110,4,4,3,0,0,1,49.0,34.0,voiture,voiture,3,1,1,1,4
202400025558,2024-12-19 21:34:00,2024,12,19,21,34,91,91339,RN 104,48.62286,2.27084,Nuit sans éclairage public,Hors agglomération,Hors intersection,Normale,Autre collision,2,1,2,0,1,1,1,0,3,110,1,1,0,0,0,1,23.0,,voiture,,3,1,1,1,6
202400025559,2024-04-13 20:00:00,2024,4,13,20,0,13,13005,PAIX (AVENUE DE LA ),43.28254,5.54945,Plein jour,En agglomération,Hors intersection,Normale,Deux véhicules - frontale,4,2,2,0,2,1,1,0,1,50,2,2,1,0,0,1,46.0,21.0,voiture,voiture,1,2,1,1,1
202400025560,2024-05-30 15:55:00,2024,5,30,15,55,91,91286,AUTOROUTE A6,48.65286,2.3814,Plein jour,Hors agglomération,Hors intersection,Normale,Trois véhicules et plus - collisions multiples,1,3,3,0,1,1,2,0,1,110,4,4,3,0,0,1,38.0,59.0,voiture,utilitaire_camion,1,1,1,1,5
202400025561,2024-04-13 09:15:00,2024,4,13,9,15,13,13001,MONNET JEAN (AV),43.53205044,5.42139427,Plein jour,En agglomération,Hors intersection,Normale,Deux véhicules - frontale,4,2,2,0,1,1,1,0,4,50,1,1,0,1,0,0,94.0,,voiture,,1,2,1,1,1
202400025562,2024-12-19 17:26:00,2024,12,19,17,26,92,92002,AUTOROUTE A6,48.7375948,2.3174485,Nuit sans éclairage public,Hors agglomération,Hors intersection,Normale,Trois véhicules et plus - en chaîne,1,-1,3,0,1,1,1,0,1,110,3,3,2,0,0,1,52.0,33.0,voiture,deux_roues,3,1,1,1,4
202400025563,2024-04-14 00:20:00,2024,4,14,0,20,10,10343,Rue Louis Maillet,48.27609,4.09336,Nuit sans éclairage public,En agglomération,Hors intersection,Normale,Sans collision,4,2,1,0,1,1,1,0,1,50,1,1,0,0,0,1,21.0,,deux_roues,,3,2,1,1,7
202400025564,2024-12-19 08:55:00,2024,12,19,8,55,91,91235,RN 104,48.62524,2.36087,Plein jour,Hors agglomération,Hors intersection,Normale,Deux véhicules - arrière,2,1,2,0,1,1,2,0,1,90,2,2,1,0,0,1,49.0,39.0,voiture,deux_roues,1,1,1,1,2
202400025565,2024-04-13 16:40:00,2024,4,13,16,40,10,10081,Avenue de Neckarbischofsheim,48.31136,4.03269,Plein jour,En agglomération,Hors intersection,Temps éblouissant,Autre collision,4,2,2,0,1,1,1,0,1,50,1,2,1,0,0,1,46.0,,deux_roues,,1,2,1,7,6
202400025566,2024-05-29 22:23:00,2024,5,29,22,23,91,91103,RN 104,48.62417,2.29925,Nuit sans éclairage public,Hors agglomération,Hors intersection,Pluie légère,Sans collision,2,3,2,0,1,3,2,2,8,110,1,1,0,0,0,1,23.0,,voiture,,3,1,1,2,7
202400025567,2024-12-19 06:50:00,2024,12,19,6,50,91,91689,AUTOROUTE A6A,48.74343,2.32248,Nuit sans éclairage public,Hors agglomération,Hors intersection,Normale,Deux véhicules - arrière,1,3,3,0,1,1,2,0,1,110,2,2,1,0,0,1,52.0,23.0,voiture,voiture,3,1,1,1,2
202400025568,2024-05-28 15:38:00,2024,5,28,15,38,91,91546,Rue de Bandeville,48.57339,2.030501,Plein jour,En agglomération,Hors intersection,Pluie légère,Sans collision,4,2,2,0,1,1,2,0,1,50,1,1,0,0,1,0,60.0,,deux_roues,,1,2,1,2,7
202400025569,2024-04-13 12:22:00,2024,4,13,12,22,10,10387,Rue de la Cite,48.29979,4.07941,Plein jour,En agglomération,Intersection en X,Normale,Deux véhicules - côté,4,1,0,0,1,1,1,0,1,30,2,4,3,0,0,1,53.0,53.0,transport_commun,voiture,1,2,2,1,3
202400025569,2024-04-13 12:22:00,2024,4,13,12,22,10,10387,Rue de la Cite,48.29979,4.07941,Plein jour,En agglomération,Intersection en X,Normale,Deux véhicules - côté,4,1,0,0,1,1,1,0,1,30,2,4,3,0,0,1,53.0,53.0,transport_commun,voiture,1,2,2,1,3
202400025570,2024-12-19 01:15:00,2024,12,19,1,15,91,91377,AUTOROUTE A10,48.71418,2.28858,Nuit sans éclairage public,Hors agglomération,Hors intersection,Pluie légère,Autre collision,1,1,2,0,1,3,2,0,1,70,1,1,0,0,0,1,31.0,,deux_roues,,3,1,1,2,6
202400025571,2024-04-13 06:15:00,2024,4,13,6,15,07,07008,D2 ( ROUTE DEPARTEMENTALE ),44.711586,4.619778,Nuit sans éclairage public,Hors agglomération,Hors intersection,Normale,Deux véhicules - côté,3,2,2,0,2,3,1,0,1,90,2,2,1,0,0,1,22.0,74.0,voiture,voiture,3,1,1,1,3
202400025572,2024-12-18 16:56:00,2024,12,18,16,56,94,94034,A86,48.75735712,2.32917459,Crépuscule ou aube,Hors agglomération,Hors intersection,Normale,Trois véhicules et plus - en chaîne,1,3,2,0,1,1,1,1,1,70,4,4,3,0,0,1,27.0,36.0,voiture,voiture,2,1,1,1,4
202400025573,2024-05-28 08:20:00,2024,5,28,8,20,91,91228,AUTOROUTE A6,48.62254596,2.42190599,Plein jour,Hors agglomération,Hors intersection,Temps couvert,Trois véhicules et plus - en chaîne,1,3,3,0,1,1,1,0,1,90,4,5,4,0,0,1,25.0,54.0,voiture,utilitaire_camion,1,1,1,8,4
202400025574,2024-04-13 18:48:00,2024,4,13,18,48,06,06069,19 Route de Draguignan,43.641195,6.908219,Plein jour,En agglomération,Hors intersection,Normale,Deux véhicules - côté,3,2,2,0,1,1,1,0,8,10,2,3,1,0,0,2,39.0,14.0,voiture,deux_roues,1,2,1,1,3
202400025575,2024-08-21 16:00:00,2024,8,21,16,0,44,44162,Boulevard Salvador Allende,47.21918202,-1.62126507,Plein jour,En agglomération,Hors intersection,Normale,Autre collision,4,3,2,1,2,1,1,-1,1,50,1,1,0,0,0,1,78.0,,voiture,,1,2,1,1,6
202400025576,2024-12-18 17:50:00,2024,12,18,17,50,91,91573,RN 104,48.631341,2.519756,Nuit sans éclairage public,Hors agglomération,Hors intersection,Normale,Trois véhicules et plus - en chaîne,2,3,2,0,1,1,1,0,1,90,6,6,4,0,0,2,41.0,39.0,utilitaire_camion,voiture,3,1,1,1,4
202400025577,2024-04-13 18:35:00,2024,4,13,18,35,04,04112,MORT D'IMBERT (MTE. DE LA),43.8517,5.76824,Plein jour,Hors agglomération,Hors intersection,Normale,Deux véhicules - frontale,4,2,2,0,2,3,1,0,1,50,2,3,1,0,0,2,21.0,28.0,voiture,voiture,1,1,1,1,1
202400025578,2024-05-26 01:56:00,2024,5,26,1,56,91,91377,AUTOROUTE A10,48.72034,2.29433,Nuit sans éclairage public,Hors agglomération,Hors intersection,Normale,Deux véhicules - arrière,1,3,3,0,1,1,1,0,1,90,2,2,1,0,0,1,,35.0,voiture,utilitaire_camion,3,1,1,1,2
202400025579,2024-12-18 17:30:00,2024,12,18,17,30,92,92048,N118,48.78947093,2.22122315,Nuit sans éclairage public,Hors agglomération,Hors intersection,Normale,Deux véhicules - côté,2,1,2,0,1,1,1,0,1,90,2,2,1,0,0,1,28.0,33.0,voiture,deux_roues,3,1,1,1,3
202400025580,2024-04-12 08:20:00,2024,4,12,8,20,02,02691,29 Boulevard Victor Hugo,49.84160477,3.28540376,Plein jour,En agglomération,Hors intersection,Normale,Deux véhicules - côté,4,2,2,2,1,1,1,0,1,50,2,2,1,0,1,0,35.0,57.0,utilitaire_camion,deux_roues,1,2,1,1,3
202400025581,2024-12-18 18:20:00,2024,12,18,18,20,78,78423,N12W,48.79464,2.0493,Nuit sans éclairage public,Hors agglomération,Hors intersection,Normale,Deux véhicules - arrière,2,2,2,0,1,1,1,0,1,110,2,2,1,0,0,1,56.0,45.0,deux_roues,voiture,3,1,1,1,2
202400025582,2024-05-25 03:14:00,2024,5,25,3,14,91,91471,RN 118,48.70483,2.19267,Nuit sans éclairage public,Hors agglomération,Hors intersection,Normale,Sans collision,2,1,2,0,2,3,2,0,2,90,1,1,0,0,0,1,20.0,,voiture,,3,1,1,1,7
202400025583,2024-12-18 08:51:00,2024,12,18,8,51,92,92012,A13,48.8484534,2.22963261,Plein jour,Hors agglomération,Hors intersection,Normale,Deux véhicules - arrière,1,1,4,0,1,1,2,0,1,70,2,2,1,0,0,1,,42.0,deux_roues,deux_roues,1,1,1,1,2
202400025584,2024-04-13 01:40:00,2024,4,13,1,40,75,75112,PONT DE BERCY,48.827765,2.393486,Nuit avec éclairage allumé,En agglomération,Hors intersection,Normale,Trois véhicules et plus - collisions multiples,4,1,4,0,1,1,1,0,1,70,3,4,2,0,0,2,,40.0,utilitaire_camion,voiture,5,2,1,1,5
202400025585,2024-12-18 18:20:00,2024,12,18,18,20,95,95527,N104,49.02722005,2.51571544,Nuit sans éclairage public,Hors agglomération,Hors intersection,Normale,Deux véhicules - arrière,2,3,2,0,1,1,1,0,1,110,2,2,1,0,0,1,86.0,73.0,voiture,voiture,3,1,1,1,2
202400025586,2024-04-13 20:50:00,2024,4,13,20,50,75,75105,BOULEVARD SAINT MARCEL,48.83849,2.357062,Nuit avec éclairage allumé,En agglomération,Intersection en T,Normale,Autre collision,4,2,4,0,1,1,1,6,8,30,1,2,1,0,0,1,52.0,,voiture,,5,2,3,1,6
202400025586,2024-04-13 20:50:00,2024,4,13,20,50,75,75105,BOULEVARD SAINT MARCEL,48.83849,2.357062,Nuit avec éclairage allumé,En agglomération,Intersection en T,Normale,Autre collision,4,1, -1,-1,1,1,1,0,1,30,1,2,1,0,0,1,52.0,,voiture,,5,2,3,1,6
202400025587,2024-12-18 15:00:00,2024,12,18,15,0,93,93066,AUTOROUTE A1,48.91862819,2.35760923,Plein jour,Hors agglomération,Hors intersection,Normale,Deux véhicules - arrière,1,3,4,0,1,1,1,1,1,90,2,2,1,0,0,1,22.0,48.0,deux_roues,voiture,1,1,1,1,2
202400025588,2024-05-24 17:40:00,2024,5,24,17,40,91,91534,RN 118,48.7409,2.1836,Plein jour,Hors agglomération,Hors intersection,Normale,Deux véhicules - côté,2,1,2,0,1,1,1,0,1,110,2,3,1,0,0,2,27.0,28.0,voiture,deux_roues,1,1,1,1,3
202400025589,2024-01-26 20:55:00,2024,1,26,20,55,988,98805,VE2 - zone en travaux,-22.173814,166.422122,Nuit sans éclairage public,Hors agglomération,Hors intersection,Normale,Deux véhicules - frontale,1,2,2,0,1,3,1,2,1,70,2,2,0,0,2,0,21.0,22.0,utilitaire_camion,utilitaire_camion,3,1,1,1,1
202400025590,2024-04-13 12:30:00,2024,4,13,12,30,75,75105,RUE MONGE,48.848978,2.34985,Plein jour,En agglomération,Intersection en X,Normale,Autre collision,4,1, -1,-1,1,1,1,0,1,30,1,2,0,0,1,1,22.0,,deux_roues,,1,2,2,1,6
202400025590,2024-04-13 12:30:00,2024,4,13,12,30,75,75105,RUE MONGE,48.848978,2.34985,Plein jour,En agglomération,Intersection en X,Normale,Autre collision,4,2,2,0,1,1,1,0,1,30,1,2,0,0,1,1,22.0,,deux_roues,,1,2,2,1,6
202400025591,2024-12-18 17:20:00,2024,12,18,17,20,95,95219,A115,48.99032046,2.24437538,Nuit sans éclairage public,Hors agglomération,Hors intersection,Normale,Deux véhicules - frontale,1,3,2,0,1,1,1,0,1,90,2,2,1,0,0,1,28.0,34.0,deux_roues,voiture,3,1,1,1,1
202400025592,2024-01-25 10:30:00,2024,1,25,10,30,06,06018,Route des Colles,43.616874,7.096236,Plein jour,Hors agglomération,Hors intersection,Normale,Sans collision,3,2,3,0,2,2,2,0,3,50,1,1,0,0,0,1,21.0,,utilitaire_camion,,1,1,1,1,7
202400025593,2024-12-18 13:45:00,2024,12,18,13,45,93,93008,AUTOROUTE A86,48.90960136,2.44592249,Plein jour,Hors agglomération,Hors intersection,Normale,Deux véhicules - côté,1,3,6,0,1,1,1,1,1,90,2,2,1,0,0,1,32.0,20.0,voiture,deux_roues,1,1,1,1,3
202400025594,2024-04-13 13:50:00,2024,4,13,13,50,75,75117,RUE DE TOCQUEVILLE,48.88672,2.308657,Plein jour,En agglomération,Intersection en T,Normale,Deux véhicules - frontale,4,1, -1,-1,1,1,1,0,1,30,2,2,1,0,0,1,61.0,64.0,voiture,voiture,1,2,3,1,1
202400025594,2024-04-13 13:50:00,2024,4,13,13,50,75,75117,RUE DE TOCQUEVILLE,48.88672,2.308657,Plein jour,En agglomération,Intersection en T,Normale,Deux véhicules - frontale,4,2,2,0,1,1,1,0,1,30,2,2,1,0,0,1,61.0,64.0,voiture,voiture,1,2,3,1,1
202400025595,2024-01-02 16:50:00,2024,1,2,16,50,987,98738,Route NINA PEATA,-17.575201,-149.611924,Plein jour,Hors agglomération,Hors intersection,Normale,Deux véhicules - frontale,4,2,2,0,2,3,1,0,1,40,2,2,1,0,1,0,50.0,56.0,deux_roues,voiture,1,1,1,1,1
202400025596,2024-12-19 07:00:00,2024,12,19,7,0,94,94044,N406,48.75738975,2.47653199,Nuit sans éclairage public,Hors agglomération,Hors intersection,Pluie légère,Deux véhicules - arrière,2,3,2,0,1,1,2,0,1,90,2,2,1,0,0,1,20.0,63.0,deux_roues,voiture,3,1,1,2,2
202400025597,2024-05-24 15:10:00,2024,5,24,15,10,91,91136,AUTOROUTE A10,48.7134,2.27934,Plein jour,Hors agglomération,Hors intersection,Normale,Trois véhicules et plus - en chaîne,1,1,3,0,1,1,1,0,1,90,3,4,3,0,0,1,51.0,33.0,utilitaire_camion,voiture,1,1,1,1,4
202400025598,2024-04-11 09:15:00,2024,4,11,9,15,75,75106,BOULEVARD DU MONTPARNASSE,48.84508068,2.32013762,Plein jour,En agglomération,Intersection en X,Normale,Deux véhicules - côté,4,2,1,1,1,1,1,0,1,30,2,2,1,0,0,1,46.0,31.0,voiture,deux_roues,1,2,2,1,3