accident_id,datetime,annee,mois,jour,heure,minute,departement,commune_insee,adresse,latitude,longitude,luminosite,agglomeration,intersection,meteo,collision,catr,circ,nbv,vosp,prof,plan,surf,infra,situ,vma,nb_vehicules,nb_usagers,nb_indemnes,nb_tues,nb_blesses_hosp,nb_blesses_legers,age_cond_1,age_cond_2,veh_type_cond_1,veh_type_cond_2,lum_code,agg_code,int_code,atm_code,col_code
202400025668,2024-05-18 07:40:00,2024,5,18,7,40,91,91340,AUTOROUTE A6,48.59864466,2.44032264,Plein jour,Hors agglomération,Hors intersection,Temps éblouissant,Deux véhicules - arrière,1,1,3,0,1,1,1,0,1,50,2,2,0,0,0,2,37.0,44.0,utilitaire_camion,voiture,1,1,1,7,2
202400025669,2024-04-13 20:30:00,2024,4,13,20,30,94,94077,Avenue le Foll / Rue Albert Larme,48.727328,2.43772,Crépuscule ou aube,En agglomération,Intersection en T,Normale,Deux véhicules - côté,3,2,2,0,1,1,1,5,1,50,2,2,1,0,0,1,20.0,38.0,voiture,voiture,2,2,3,1,3
202400025669,2024-04-13 20:30:00,2024,4,13,20,30,94,94077,Avenue le Foll / Rue Albert Larme,48.727328,2.43772,Crépuscule ou aube,En agglomération,Intersection en T,Normale,Deux véhicules - côté,3,2,2,0,1,1,1,5,1,-1,2,2,1,0,0,1,20.0,38.0,voiture,voiture,2,2,3,1,3
202400025670,2024-01-24 05:55:00,2024,1,24,5,55,92,92036,A86,48.93655908,2.29110539,Nuit sans éclairage public,Hors agglomération,Hors intersection,Normale,Deux véhicules - côté,1,2,4,0,1,1,1,0,1,90,2,2,0,0,0,2,53.0,49.0,voiture,voiture,3,1,1,1,3
202400025671,2024-01-25 08:45:00,2024,1,25,8,45,95,95678,N184,49.07315956,2.23044139,Plein jour,Hors agglomération,Autre intersection,Pluie légère,Deux véhicules - côté,2,3,2,0,1,1,2,0,1,110,2,2,1,0,0,1,28.0,47.0,voiture,deux_roues,1,1,9,2,3
202400025672,2024-05-16 20:20:00,2024,5,16,20,20,91,91689,AUTOROUTE A6A,48.74106,2.32035,Plein jour,Hors agglomération,Hors intersection,Normale,Deux véhicules - côté,1,1,3,0,1,1,1,0,1,90,2,2,1,0,0,1,27.0,24.0,utilitaire_camion,deux_roues,1,1,1,1,3
202400025673,2024-04-13 19:25:00,2024,4,13,19,25,94,94022,Avenue Victor Hugo / Rue d'Alsace-lorraine,48.768748,2.420878,Plein jour,En agglomération,Intersection en X,Normale,Deux véhicules - côté,3,3,4,3,1,1,1,0,1,50,2,2,1,0,0,1,23.0,22.0,voiture,deux_roues,1,2,2,1,3
202400025673,2024-04-13 19:25:00,2024,4,13,19,25,94,94022,Avenue Victor Hugo / Rue d'Alsace-lorraine,48.768748,2.420878,Plein jour,En agglomération,Intersection en X,Normale,Deux véhicules - côté,3,2,2,0,1,1,1,0,1,-1,2,2,1,0,0,1,23.0,22.0,voiture,deux_roues,1,2,2,1,3
202400025674,2024-04-13 04:05:00,2024,4,13,4,5,94,94022,Rue Demanieux,48.77279961,2.40215689,Nuit avec éclairage allumé,En agglomération,Hors intersection,Normale,Deux véhicules - frontale,4,2,2,0,1,1,1,0,1,50,2,3,2,0,0,1,24.0,29.0,voiture,voiture,5,2,1,1,1
202400025675,2024-05-15 14:45:00,2024,5,15,14,45,91,91377,AUTOROUTE A10,48.721,2.294,Plein jour,Hors agglomération,Hors intersection,Normale,Deux véhicules - côté,1,3,3,0,1,1,1,0,1,90,2,2,1,0,0,1,72.0,61.0,deux_roues,utilitaire_camion,1,1,1,1,3
202400025676,2024-01-25 06:30:00,2024,1,25,6,30,93,93007,AUTOROUTE A1,48.94925302,2.44676549,Nuit sans éclairage public,Hors agglomération,Hors intersection,Pluie légère,Trois véhicules et plus - en chaîne,1,3,4,0,1,1,2,0,1,90,5,6,4,0,0,2,23.0,36.0,voiture,voiture,3,1,1,2,4
202400025677,2024-04-13 14:37:00,2024,4,13,14,37,93,93048,Rue de Paris / Rue d’Alembert,48.85476,2.41751,Plein jour,En agglomération,Intersection en X,Normale,Deux véhicules - côté,3,2,2,0,1,1,1,0,1,30,2,2,1,0,0,1,19.0,59.0,deux_roues,voiture,1,2,2,1,3
202400025677,2024-04-13 14:37:00,2024,4,13,14,37,93,93048,Rue de Paris / Rue d’Alembert,48.85476,2.41751,Plein jour,En agglomération,Intersection en X,Normale,Deux véhicules - côté,3,1,1,0,1,1,1,0,1,30,2,2,1,0,0,1,19.0,59.0,deux_roues,voiture,1,2,2,1,3
202400025678,2024-01-25 07:45:00,2024,1,25,7,45,93,93078,AUTOROUTE A104,48.96910262,2.50581828,Plein jour,Hors agglomération,Hors intersection,Normale,Deux véhicules - côté,1,3,3,0,1,1,2,0,1,90,2,2,1,0,0,1,42.0,33.0,voiture,voiture,1,1,1,1,3
202400025679,2024-05-14 15:00:00,2024,5,14,15,0,91,91549,RN 104,48.62589,2.34,Plein jour,Hors agglomération,Hors intersection,Pluie légère,Trois véhicules et plus - en chaîne,2,1,2,0,1,1,2,0,1,110,3,3,2,0,0,1,48.0,54.0,voiture,transport_commun,1,1,1,2,4
202400025680,2024-04-13 02:10:00,2024,4,13,2,10,93,93046,Avenue du Maréchal Leclerc / Allée Joseph Noize,48.920127,2.539237,Nuit avec éclairage allumé,En agglomération,Intersection en X,Normale,Deux véhicules - côté,3,3,4,0,1,1,1,5,1,50,2,3,0,0,0,3,30.0,29.0,voiture,voiture,5,2,2,1,3
202400025680,2024-04-13 02:10:00,2024,4,13,2,10,93,93046,Avenue du Maréchal Leclerc / Allée Joseph Noize,48.920127,2.539237,Nuit avec éclairage allumé,En agglomération,Intersection en X,Normale,Deux véhicules - côté,3,2,2,0,1,1,1,5,1,50,2,3,0,0,0,3,30.0,29.0,voiture,voiture,5,2,2,1,3
202400025681,2024-01-25 18:15:00,2024,1,25,18,15,77,77373,RN104,48.76507,2.614906,Nuit sans éclairage public,Hors agglomération,Hors intersection,Pluie légère,Deux véhicules - arrière,2,-1,2,0,1,1,2,0,1,90,2,3,2,0,0,1,36.0,27.0,voiture,utilitaire_camion,3,1,1,2,2
202400025682,2024-01-25 09:00:00,2024,1,25,9,0,94,94015,A4,48.82945356,2.52827231,Plein jour,Hors agglomération,Hors intersection,Pluie légère,Deux véhicules - côté,1,3,4,0,1,1,2,0,1,110,2,2,1,0,0,1,62.0,21.0,voiture,deux_roues,1,1,1,2,3
202400025683,2024-04-13 14:05:00,2024,4,13,14,5,93,93057,Allée de Monthyon / Allée de l'Emancipation,48.914324,2.503262,Plein jour,En agglomération,Intersection en T,Normale,Deux véhicules - côté,4,2,2,0,1,1,1,0,1,50,2,2,1,0,1,0,21.0,25.0,deux_roues,voiture,1,2,3,1,3
202400025683,2024-04-13 14:05:00,2024,4,13,14,5,93,93057,Allée de Monthyon / Allée de l'Emancipation,48.914324,2.503262,Plein jour,En agglomération,Intersection en T,Normale,Deux véhicules - côté,4,1,1,0,1,1,1,0,1,50,2,2,1,0,1,0,21.0,25.0,deux_roues,voiture,1,2,3,1,3
202400025684,2024-05-14 12:20:00,2024,5,14,12,20,91,91228,AUTOROUTE A6,48.6265362,2.41547942,Plein jour,Hors agglomération,Hors intersection,Normale,Trois véhicules et plus - en chaîne,1,3,3,0,1,1,1,0,1,110,3,6,1,0,0,5,40.0,29.0,voiture,utilitaire_camion,1,1,1,1,4
202400025685,2024-01-25 08:00:00,2024,1,25,8,0,94,94018,A4,48.81758,2.41896,Crépuscule ou aube,Hors agglomération,Hors intersection,Pluie légère,Deux véhicules - arrière,1,3,5,0,1,1,2,0,1,90,2,2,1,0,0,1,38.0,68.0,voiture,utilitaire_camion,2,1,1,2,2
202400025686,2024-04-13 17:17:00,2024,4,13,17,17,92,92051,"VICTOR HUGO (BOULEVARD, N° 9 A 49 ET 16",48.8838,2.28175,Plein jour,En agglomération,Intersection en T,Normale,Deux véhicules - côté,4,1, -1,-1,1,1,1,0,1,-1,2,3,2,0,0,1,24.0,17.0,voiture,deux_roues,1,2,3,1,3
202400025686,2024-04-13 17:17:00,2024,4,13,17,17,92,92051,"VICTOR HUGO (BOULEVARD, N° 9 A 49 ET 16",48.8838,2.28175,Plein jour,En agglomération,Intersection en T,Normale,Deux véhicules - côté,4,-1,2,0,1,1,1,0,1,50,2,3,2,0,0,1,24.0,17.0,voiture,deux_roues,1,2,3,1,3
202400025687,2024-06-06 18:16:00,2024,6,6,18,16,91,91161,AUTOROUTE A6,48.70013,2.31084,Plein jour,Hors agglomération,Hors intersection,Normale,Deux véhicules - arrière,1,1,3,0,4,1,1,0,1,110,2,2,1,0,0,1,23.0,46.0,voiture,deux_roues,1,1,1,1,2
202400025688,2024-01-24 22:45:00,2024,1,24,22,45,77,77175,N104,48.671834,2.61159,Nuit sans éclairage public,Hors agglomération,Hors intersection,Pluie légère,Autre collision,2,3,3,0,2,1,2,0,1,90,3,3,2,1,0,0,57.0,52.0,deux_roues,utilitaire_camion,3,1,1,2,6
202400025689,2024-04-13 15:13:00,2024,4,13,15,13,92,92051,"ROULE (AVENUE DU, N° 29 A 91 ET 30 A 86)",48.88255141,2.27724892,Plein jour,En agglomération,Intersection en X,Normale,Deux véhicules - arrière,4,1, -1,-1,1,1,1,5,1,-1,2,2,1,0,0,1,67.0,46.0,deux_roues,voiture,1,2,2,1,2
202400025689,2024-04-13 15:13:00,2024,4,13,15,13,92,92051,"ROULE (AVENUE DU, N° 29 A 91 ET 30 A 86)",48.88255141,2.27724892,Plein jour,En agglomération,Intersection en X,Normale,Deux véhicules - arrière,4,2,1,1,1,1,1,9,1,50,2,2,1,0,0,1,67.0,46.0,deux_roues,voiture,1,2,2,1,2
202400025690,2024-01-24 18:30:00,2024,1,24,18,30,94,94073,A86,48.77111483,2.39012767,Nuit sans éclairage public,Hors agglomération,Hors intersection,Normale,Deux véhicules - côté,1,-1,3,0,1,1,1,1,1,90,2,2,0,0,0,2,61.0,36.0,deux_roues,voiture,3,1,1,1,3
202400025691,2024-06-06 15:40:00,2024,6,6,15,40,91,91174,RUE DE NAGIS,48.60759,2.48122,Plein jour,En agglomération,Hors intersection,Normale,Autre collision,4,2,2,0,1,1,1,0,1,50,1,2,1,0,0,1,47.0,,voiture,,1,2,1,1,6
202400025692,2024-04-13 13:56:00,2024,4,13,13,56,92,92051,INKERMANN (BOULEVARD D'),48.88797414,2.27553463,Plein jour,En agglomération,Intersection en X,Normale,Autre collision,3,-1,2,0,1,1,1,0,1,50,1,2,1,0,0,1,76.0,,voiture,,1,2,2,1,6
202400025692,2024-04-13 13:56:00,2024,4,13,13,56,92,92051,INKERMANN (BOULEVARD D'),48.88797414,2.27553463,Plein jour,En agglomération,Intersection en X,Normale,Autre collision,3,2, -1,-1,1,2,1,5,1,-1,1,2,1,0,0,1,76.0,,voiture,,1,2,2,1,6
202400025693,2024-01-24 15:10:00,2024,1,24,15,10,94,94042,A4,48.82800728,2.4730466,Plein jour,Hors agglomération,Hors intersection,Normale,Deux véhicules - arrière,1,3,4,0,1,1,1,0,1,90,2,2,1,0,0,1,55.0,34.0,utilitaire_camion,voiture,1,1,1,1,2
202400025694,2024-04-13 15:20:00,2024,4,13,15,20,92,92040,STALINGRAD (QUAI DE),48.82063539,2.24694943,Plein jour,En agglomération,Intersection en X,Normale,Deux véhicules - côté,3,1,4,0,1,1,1,1,1,30,2,2,1,0,0,1,58.0,48.0,voiture,deux_roues,1,2,2,1,3
202400025694,2024-04-13 15:20:00,2024,4,13,15,20,92,92040,STALINGRAD (QUAI DE),48.82063539,2.24694943,Plein jour,En agglomération,Intersection en X,Normale,Deux véhicules - côté,3,3,4,0,1,1,1,0,1,50,2,2,1,0,0,1,58.0,48.0,voiture,deux_roues,1,2,2,1,3
202400025695,2024-06-06 11:48:00,2024,6,6,11,48,91,91228,BD CHAMPS ELYSEES,48.62521,2.424,Plein jour,En agglomération,Hors intersection,Normale,Autre collision,4,1,1,0,1,1,1,0,1,50,1,2,1,0,0,1,47.0,,voiture,,1,2,1,1,6
202400025696,2024-01-23 06:50:00,2024,1,23,6,50,974,97407,MASCAREIGNES(BOULEVARD),-20.9361,55.3093,Plein jour,En agglomération,Hors intersection,Normale,Trois véhicules et plus - collisions multiples,2,2,2,0,1,1,1,0,1,70,3,3,2,0,0,1,38.0,24.0,voiture,utilitaire_camion,1,2,1,1,5
202400025697,2024-04-12 07:45:00,2024,4,12,7,45,92,92035,Verdun 1916 ( avenue de ),48.90581948,2.23599315,Plein jour,En agglomération,Intersection en X,Normale,Deux véhicules - côté,3,2,4,0,1,1,1,0,1,50,2,2,1,0,0,1,57.0,43.0,voiture,deux_roues,1,2,2,1,3
202400025697,2024-04-12 07:45:00,2024,4,12,7,45,92,92035,Verdun 1916 ( avenue de ),48.90581948,2.23599315,Plein jour,En agglomération,Intersection en X,Normale,Deux véhicules - côté,3,2,4,0,1,1,1,0,1,50,2,2,1,0,0,1,57.0,43.0,voiture,deux_roues,1,2,2,1,3
202400025698,2024-01-22 18:25:00,2024,1,22,18,25,974,97407,COMMUNE DE PARIS (AVENUE),-20.93596,55.29121,Plein jour,En agglomération,Intersection en X,Normale,Autre collision,4,1,1,0,1,1,1,0,1,50,1,2,1,0,0,1,69.0,,voiture,,1,2,2,1,6
202400025698,2024-01-22 18:25:00,2024,1,22,18,25,974,97407,COMMUNE DE PARIS (AVENUE),-20.93596,55.29121,Plein jour,En agglomération,Intersection en X,Normale,Autre collision,4,1,1,0,1,1,1,0,1,50,1,2,1,0,0,1,69.0,,voiture,,1,2,2,1,6
202400025699,2024-04-12 11:13:00,2024,4,12,11,13,92,92026,DEFENSE (PLACE DE LA),48.8910678,2.2413105,Plein jour,En agglomération,Autre intersection,Normale,Autre collision,9,-1,0,0,1,1,1,6,1,5,1,2,0,0,0,2,40.0,,deux_roues,,1,2,9,1,6
202400025700,2024-06-05 01:00:00,2024,6,5,1,0,91,91521,LIBERATION (AVENUE DE LA) N°28 A 84,48.65241,2.41321,Nuit avec éclairage allumé,En agglomération,Hors intersection,Normale,Deux véhicules - côté,3,1,2,0,1,1,1,0,1,50,2,2,1,0,0,1,38.0,,deux_roues,utilitaire_camion,5,2,1,1,3
202400025701,2024-01-24 09:25:00,2024,1,24,9,25,973,97302,URANUS (CITE),4.92052186,-52.32154012,Plein jour,En agglomération,Hors intersection,Normale,Deux véhicules - côté,4,1,1,0,1,1,1,0,1,50,2,2,1,0,0,1,33.0,51.0,voiture,deux_roues,1,2,1,1,3
202400025702,2024-04-13 12:06:00,2024,4,13,12,6,24,24066,Route des Forges,45.19295574,0.99477679,Plein jour,Hors agglomération,Hors intersection,Normale,Sans collision,3,2,2,0,1,2,1,0,3,80,1,1,0,0,1,0,35.0,,deux_roues,,1,1,1,1,7
202400025703,2024-01-24 21:05:00,2024,1,24,21,5,69,69387,Quai Claude Bernard,45.75197,4.83682,Nuit avec éclairage allumé,En agglomération,Intersection en X,Normale,Deux véhicules - côté,4,1,2,1,1,1,1,0,5,30,2,2,1,0,0,1,25.0,35.0,utilitaire_camion,deux_roues,5,2,2,1,3
202400025703,2024-01-24 21:05:00,2024,1,24,21,5,69,69387,Quai Claude Bernard,45.75197,4.83682,Nuit avec éclairage allumé,En agglomération,Intersection en X,Normale,Deux véhicules - côté,4,1,4,1,1,1,1,2,5,30,2,2,1,0,0,1,25.0,35.0,utilitaire_camion,deux_roues,5,2,2,1,3
202400025704,2024-04-13 21:00:00,2024,4,13,21,0,83,83058,D557,43.544504,6.344025,Nuit sans éclairage public,Hors agglomération,Hors intersection,Normale,Sans collision,3,2,2,0,2,1,1,0,1,-1,1,2,0,0,2,0,55.0,,deux_roues,,3,1,1,1,7
202400025705,2024-01-24 16:20:00,2024,1,24,16,20,69,69381,Pont de Lattre de Tassigny,45.77270924,4.83739333,Crépuscule ou aube,En agglomération,Hors intersection,Normale,Deux véhicules - frontale,4,1,1,1,2,1,1,0,5,30,2,2,0,0,0,2,71.0,27.0,deux_roues,deux_roues,2,2,1,1,1
202400025706,2024-06-01 14:15:00,2024,6,1,14,15,91,91687,AUTOROUTE A6,48.66201,2.36948,Plein jour,Hors agglomération,Hors intersection,Pluie légère,Deux véhicules - arrière,1,3,3,0,1,1,2,0,1,110,2,3,2,0,0,1,21.0,33.0,voiture,voiture,1,1,1,2,2
202400025707,2024-04-14 10:25:00,2024,4,14,10,25,52,52422,D107,48.0202,5.0672,Plein jour,Hors agglomération,Autre intersection,Normale,Autre collision,3,2,2,0,1,1,1,0,1,80,1,1,0,0,1,0,32.0,,deux_roues,,1,1,9,1,6
202400025708,2024-01-24 12:00:00,2024,1,24,12,0,69,69384,Rue de Belfort,45.77641963,4.83490437,Plein jour,En agglomération,Intersection en T,Normale,Autre collision,4,1,1,0,1,1,1,0,1,30,1,2,1,1,0,0,61.0,,voiture,,1,2,3,1,6
202400025708,2024-01-24 12:00:00,2024,1,24,12,0,69,69384,Rue de Belfort,45.77641963,4.83490437,Plein jour,En agglomération,Intersection en T,Normale,Autre collision,4,1,1,2,1,1,1,0,1,30,1,2,1,1,0,0,61.0,,voiture,,1,2,3,1,6
202400025709,2024-04-12 16:00:00,2024,4,12,16,0,31,31454,Intersection Avenue de Toulouse et chemin de la fontagneres,43.41631,1.131645,Plein jour,Hors agglomération,Hors intersection,Normale,Autre collision,3,2,2,0,1,1,1,0,1,80,1,1,0,0,1,0,66.0,,deux_roues,,1,1,1,1,6
202400025710,2024-06-01 03:15:00,2024,6,1,3,15,91,91521,RN 104,48.63272,2.40605,Nuit sans éclairage public,Hors agglomération,Hors intersection,Pluie légère,Autre collision,2,2,2,0,1,1,2,0,1,110,1,1,0,0,0,1,36.0,,utilitaire_camion,,3,1,1,2,6
202400025711,2024-01-24 17:50:00,2024,1,24,17,50,2B,2B120,TOUTES RUES,42.64093,9.43726,Nuit avec éclairage allumé,Hors agglomération,Hors intersection,Normale,Deux véhicules - côté,4,2,2,0,1,1,1,0,1,50,2,2,1,0,0,1,21.0,73.0,voiture,voiture,5,1,1,1,3
202400025712,2024-01-24 14:05:00,2024,1,24,14,5,95,95428,D124,49.0058494,2.31634785,Plein jour,En agglomération,Hors intersection,Normale,Autre collision,3,1,1,0,1,1,1,0,1,50,1,2,1,0,0,1,50.0,,voiture,,1,2,1,1,6
202400025713,2024-04-13 18:33:00,2024,4,13,18,33,57,57232,1 rue de saint - avold,48.962388,6.798037,Plein jour,En agglomération,Intersection en T,Normale,Deux véhicules - côté,3,2,2,0,2,1,1,0,1,50,2,3,2,0,1,0,15.0,19.0,deux_roues,voiture,1,2,3,1,3
202400025713,2024-04-13 18:33:00,2024,4,13,18,33,57,57232,1 rue de saint - avold,48.962388,6.798037,Plein jour,En agglomération,Intersection en T,Normale,Deux véhicules - côté,3,2,2,0,1,1,1,0,1,50,2,3,2,0,1,0,15.0,19.0,deux_roues,voiture,1,2,3,1,3
202400025714,2024-04-14 05:40:00,2024,4,14,5,40,81,81147,RD 71 PK 002+5000,43.8250704,2.1676142,Nuit sans éclairage public,Hors agglomération,Hors intersection,Normale,Autre collision,3,2,2,0,1,1,1,0,3,80,1,1,0,0,1,0,22.0,,voiture,,3,1,1,1,6
202400025715,2024-08-16 06:10:00,2024,8,16,6,10,44,44190,120 Rue du Général De Gaulle,47.20866957,-1.48943499,Crépuscule ou aube,En agglomération,Giratoire,Normale,Deux véhicules - côté,4,2,2,2,1,1,1,-1,1,50,2,2,1,0,0,1,36.0,49.0,deux_roues,voiture,2,2,6,1,3
202400025716,2024-01-25 00:40:00,2024,1,25,0,40,95,95218,N184,49.01840578,2.09613705,Nuit sans éclairage public,En agglomération,Intersection en X,Pluie légère,Deux véhicules - côté,2,1,0,0,1,1,2,0,1,70,2,4,1,0,0,3,35.0,,voiture,voiture,3,2,2,2,3
202400025716,2024-01-25 00:40:00,2024,1,25,0,40,95,95218,N184,49.01840578,2.09613705,Nuit sans éclairage public,En agglomération,Intersection en X,Pluie légère,Deux véhicules - côté,2,2,0,0,1,1,2,0,1,50,2,4,1,0,0,3,35.0,,voiture,voiture,3,2,2,2,3
202400025717,2024-04-13 17:30:00,2024,4,13,17,30,68,68009,Rue de Baltzenheim,48.113531,7.541572,Plein jour,En agglomération,Hors intersection,Normale,Deux véhicules - côté,4,2,2,0,1,1,1,0,1,30,2,2,1,0,1,0,41.0,13.0,voiture,deux_roues,1,2,1,1,3
202400025718,2024-05-28 09:45:00,2024,5,28,9,45,19,19072,"autoroute A20,PR 266.700, Sens 2",45.20878165,1.51615609,Plein jour,Hors agglomération,Hors intersection,Normale,Autre collision,1,3,4,0,1,1,1,8,1,90,1,1,0,0,0,1,22.0,,voiture,,1,1,1,1,6
202400025719,2024-01-23 22:15:00,2024,1,23,22,15,95,95127,GOLF (ROND POINT DU),49.04324586,2.01128662,Nuit avec éclairage allumé,En agglomération,Autre intersection,Pluie légère,Trois véhicules et plus - collisions multiples,4,3,2,0,1,2,2,0,1,50,3,3,0,0,0,3,51.0,31.0,voiture,voiture,5,2,9,2,5
202400025720,2024-04-14 03:40:00,2024,4,14,3,40,26,26325,16 Avenue de Lyon,45.298813,4.811333,Nuit avec éclairage allumé,En agglomération,Hors intersection,Normale,Autre collision,4,2,2,0,2,1,1,0,4,50,1,3,0,1,1,1,25.0,,voiture,,5,2,1,1,6
202400025721,2024-01-24 08:15:00,2024,1,24,8,15,95,95176,VERDUN (RUE DE),48.96139843,2.18621492,Crépuscule ou aube,En agglomération,Hors intersection,Normale,Deux véhicules - frontale,4,2,2,0,1,1,1,0,1,50,2,2,1,0,0,1,16.0,,deux_roues,voiture,2,2,1,1,1
202400025722,2024-01-23 13:47:00,2024,1,23,13,47,91,91339,JUBILE (RUE DU),48.61687,2.25736,Plein jour,En agglomération,Hors intersection,Pluie légère,Autre collision,4,2,2,0,2,1,2,0,1,30,1,2,1,0,0,1,58.0,,voiture,,1,2,1,2,6
202400025723,2024-09-03 14:55:00,2024,9,3,14,55,988,98818,RUE FERNAND FOREST,-22.24121,166.45293,Plein jour,En agglomération,Hors intersection,Temps couvert,Trois véhicules et plus - en chaîne,3,2,2,0,1,1,1,0,1,50,3,5,2,0,0,3,29.0,26.0,utilitaire_camion,voiture,1,2,1,8,4
202400025724,2024-04-14 03:46:00,2024,4,14,3,46,62,62689,D3,50.20752695,2.68999478,Nuit avec éclairage allumé,En agglomération,Intersection en X,Normale,Deux véhicules - côté,3,2,2,0,1,1,1,0,1,50,2,5,4,0,1,0,44.0,20.0,deux_roues,voiture,5,2,2,1,3
202400025724,2024-04-14 03:46:00,2024,4,14,3,46,62,62689,D3,50.20752695,2.68999478,Nuit avec éclairage allumé,En agglomération,Intersection en X,Normale,Deux véhicules - côté,3,2,2,0,1,1,1,0,1,50,2,5,4,0,1,0,44.0,20.0,deux_roues,voiture,5,2,2,1,3
202400025725,2024-01-24 11:00:00,2024,1,24,11,0,91,91691,PAULIN TALABOT(PONT),48.70661,2.48807,Plein jour,En agglomération,Hors intersection,Normale,Deux véhicules - arrière,3,2,2,0,2,1,2,2,1,30,2,2,1,0,0,1,25.0,81.0,utilitaire_camion,voiture,1,2,1,1,2
202400025726,2024-01-24 15:45:00,2024,1,24,15,45,91,91434,JEAN MOULIN (AVENUE),48.6458,2.34638,Plein jour,En agglomération,Hors intersection,Temps couvert,Autre collision,4,2,2,0,1,1,1,9,1,50,1,2,1,0,1,0,33.0,,voiture,,1,2,1,8,6
202400025727,2024-04-14 11:30:00,2024,4,14,11,30,19,19140,Route de Laborie,45.091387,1.925697,Plein jour,Hors agglomération,Hors intersection,Normale,Sans collision,3,2,2,0,1,1,1,0,1,90,1,1,0,1,0,0,75.0,,deux_roues,,1,1,1,1,7
202400025728,2024-09-03 06:56:00,2024,9,3,6,56,987,98736,TIHONI TEFAATAU (RUE)-PIRAE,-17.530133,-149.55047,Plein jour,En agglomération,Hors intersection,Normale,Deux véhicules - frontale,2,2,2,0,1,1,1,0,1,50,2,2,1,0,0,1,43.0,15.0,voiture,autre,1,2,1,1,1
202400025729,2024-01-23 16:55:00,2024,1,23,16,55,91,91027,RTE NATIONALE 7,48.705775,2.371449,Plein jour,En agglomération,Hors intersection,Normale,Deux véhicules - côté,3,-1,2,0,1,1,1,0,1,50,2,2,1,0,0,1,37.0,46.0,voiture,utilitaire_camion,1,2,1,1,3
202400025730,2024-04-13 16:30:00,2024,4,13,16,30,59,59135,Route d'Oxelaere,50.79321,2.488419,Plein jour,Hors agglomération,Hors intersection,Normale,Deux véhicules - arrière,4,2,2,0,2,1,1,0,1,80,2,2,1,0,1,0,88.0,43.0,voiture,deux_roues,1,1,1,1,2
202400025731,2024-08-30 12:14:00,2024,8,30,12,14,973,97302,BADUEL (ROUTE DE),4.92886,-52.29786,Plein jour,En agglomération,Hors intersection,Normale,Deux véhicules - côté,3,2,2,1,1,1,1,0,5,50,2,2,1,0,0,1,22.0,50.0,deux_roues,deux_roues,1,2,1,1,3
202400025732,2024-04-14 11:15:00,2024,4,14,11,15,76,76577,D149,49.793635,1.126013,Plein jour,Hors agglomération,Hors intersection,Normale,Deux véhicules - arrière,3,2,2,0,1,1,1,0,1,-1,2,2,1,0,1,0,46.0,91.0,deux_roues,voiture,1,1,1,1,2
202400025733,2024-01-11 13:05:00,2024,1,11,13,5,89,89387,BELLOCIER (RUE),48.2015,3.2693,Plein jour,En agglomération,Intersection en T,Normale,Deux véhicules - frontale,4,2,2,0,1,1,1,0,1,50,2,2,1,0,0,1,35.0,,deux_roues,voiture,1,2,3,1,1
202400025733,2024-01-11 13:05:00,2024,1,11,13,5,89,89387,BELLOCIER (RUE),48.2015,3.2693,Plein jour,En agglomération,Intersection en T,Normale,Deux véhicules - frontale,4,2,2,0,1,1,1,0,1,50,2,2,1,0,0,1,35.0,,deux_roues,voiture,1,2,3,1,1
202400025734,2024-08-10 05:45:00,2024,8,10,5,45,2B,2B037,TOUTES RUES,46.61103,9.43787,Crépuscule ou aube,Hors agglomération,Hors intersection,Normale,Deux véhicules - arrière,2,2,4,0,1,1,1,0,1,110,2,2,1,0,0,1,,48.0,autre,voiture,2,1,1,1,2
202400025735,2024-01-20 11:22:00,2024,1,20,11,22,87,87085,DUTREIX (RUE ARMAND),45.8338,1.22941,Plein jour,En agglomération,Intersection en T,Normale,Deux véhicules - côté,4,2,2,0,1,1,1,0,1,50,2,3,1,0,0,2,16.0,80.0,deux_roues,voiture,1,2,3,1,3
202400025735,2024-01-20 11:22:00,2024,1,20,11,22,87,87085,DUTREIX (RUE ARMAND),45.8338,1.22941,Plein jour,En agglomération,Intersection en T,Normale,Deux véhicules - côté,4,2,2,0,1,1,1,0,1,50,2,3,1,0,0,2,16.0,80.0,deux_roues,voiture,1,2,3,1,3
202400025736,2024-04-12 23:40:00,2024,4,12,23,40,79,79005,,46.842112,-0.208569,Nuit sans éclairage public,Hors agglomération,Hors intersection,Normale,Deux véhicules - frontale,3,4,3,0,1,1,1,0,1,90,2,7,4,0,2,1,67.0,31.0,voiture,voiture,3,1,1,1,1
202400025737,2024-01-23 08:20:00,2024,1,23,8,20,84,84007,SAINT RUF (Avenue),43.937114,4.810277,Plein jour,En agglomération,Intersection en T,Normale,Deux véhicules - côté,4,1,2,3,1,1,1,9,1,30,2,2,1,0,0,1,19.0,54.0,deux_roues,voiture,1,2,3,1,3
202400025737,2024-01-23 08:20:00,2024,1,23,8,20,84,84007,SAINT RUF (Avenue),43.937114,4.810277,Plein jour,En agglomération,Intersection en T,Normale,Deux véhicules - côté,4,1,1,0,1,1,1,0,1,30,2,2,1,0,0,1,19.0,54.0,deux_roues,voiture,1,2,3,1,3
202400025738,2024-04-14 01:05:00,2024,4,14,1,5,80,80679,Rue de la Liberation,49.987921,3.163435,Nuit avec éclairage allumé,En agglomération,Hors intersection,Normale,Autre collision,3,2,2,0,1,1,1,0,1,50,1,1,0,0,1,0,24.0,,deux_roues,,5,2,1,1,6