accident_id,datetime,annee,mois,jour,heure,minute,departement,commune_insee,adresse,latitude,longitude,luminosite,agglomeration,intersection,meteo,collision,catr,circ,nbv,vosp,prof,plan,surf,infra,situ,vma,nb_vehicules,nb_usagers,nb_indemnes,nb_tues,nb_blesses_hosp,nb_blesses_legers,age_cond_1,age_cond_2,veh_type_cond_1,veh_type_cond_2,lum_code,agg_code,int_code,atm_code,col_code
202400025877,2024-04-13 19:45:00,2024,4,13,19,45,56,56178,101 Rue Nationale,48.063352,-2.966728,Plein jour,En agglomération,Hors intersection,Normale,Autre collision,4,2,2,0,1,1,1,0,4,50,1,1,0,0,1,0,23.0,,deux_roues,,1,2,1,1,6
202400025878,2024-04-13 17:45:00,2024,4,13,17,45,27,27070,D1,49.268897,1.415927,Plein jour,Hors agglomération,Hors intersection,Normale,Autre collision,3,2,2,0,2,2,1,0,3,50,1,1,0,0,1,0,50.0,,deux_roues,,1,1,1,1,6
202400025879,2024-01-24 12:30:00,2024,1,24,12,30,75,75111,AVENUE LEDRU ROLLIN,48.851964,2.376795,Plein jour,En agglomération,Hors intersection,Normale,Autre collision,4,2,2,0,1,1,1,0,1,30,2,2,1,0,0,1,35.0,37.0,deux_roues,voiture,1,2,1,1,6
202400025880,2024-09-03 17:14:00,2024,9,3,17,14,54,54382,RN52,49.5497,5.80602,Plein jour,Hors agglomération,Hors intersection,Temps couvert,Deux véhicules - côté,2,3,2,0,1,1,1,3,1,50,2,2,1,0,0,1,78.0,47.0,voiture,utilitaire_camion,1,1,1,8,3
202400025881,2024-04-13 04:57:00,2024,4,13,4,57,27,27020,D55,48.999095,1.108004,Nuit sans éclairage public,En agglomération,Hors intersection,Normale,Autre collision,3,2,1,0,1,3,1,2,4,50,1,2,0,0,1,1,23.0,,voiture,,3,2,1,1,6
202400025882,2024-01-24 14:45:00,2024,1,24,14,45,75,75110,BOULEVARD SAINT MARTIN,48.868562,2.358298,Plein jour,En agglomération,Hors intersection,Normale,Deux véhicules - côté,4,2,4,1,1,1,1,0,1,30,2,2,1,0,0,1,39.0,47.0,utilitaire_camion,deux_roues,1,2,1,1,3
202400025883,2024-09-02 13:16:00,2024,9,2,13,16,54,54521,Rue Saint Georges,49.47165,5.90871,Plein jour,En agglomération,Hors intersection,Temps couvert,Autre collision,4,2,2,0,2,3,2,0,8,50,1,2,0,0,0,2,50.0,,voiture,,1,2,1,8,6
202400025884,2024-04-13 17:30:00,2024,4,13,17,30,59,59634,Route du Bourbourg,50.714385,2.482036,Plein jour,Hors agglomération,Intersection en X,Normale,Deux véhicules - arrière,3,2,2,0,1,1,1,5,1,80,2,4,2,0,2,0,50.0,58.0,voiture,deux_roues,1,1,2,1,2
202400025884,2024-04-13 17:30:00,2024,4,13,17,30,59,59634,Route du Bourbourg,50.714385,2.482036,Plein jour,Hors agglomération,Intersection en X,Normale,Deux véhicules - arrière,3,2,2,0,1,1,1,5,1,80,2,4,2,0,2,0,50.0,58.0,voiture,deux_roues,1,1,2,1,2
202400025885,2024-01-24 10:30:00,2024,1,24,10,30,75,75108,AVENUE HOCHE,48.878084,2.305089,Plein jour,En agglomération,Intersection en X,Normale,Deux véhicules - frontale,4,2,2,0,1,1,1,0,1,30,2,2,1,0,0,1,24.0,29.0,deux_roues,deux_roues,1,2,2,1,1
202400025885,2024-01-24 10:30:00,2024,1,24,10,30,75,75108,AVENUE HOCHE,48.878084,2.305089,Plein jour,En agglomération,Intersection en X,Normale,Deux véhicules - frontale,4,2,2,0,1,1,1,0,1,30,2,2,1,0,0,1,24.0,29.0,deux_roues,deux_roues,1,2,2,1,1
202400025886,2024-09-03 15:15:00,2024,9,3,15,15,51,51454,RUE CHARLES GUGGIARI,49.28484,4.02486,Plein jour,En agglomération,Hors intersection,Pluie légère,Autre collision,4,1,1,0,1,2,2,0,1,50,1,2,1,0,0,1,46.0,,voiture,,1,2,1,2,6
202400025887,2024-04-13 16:45:00,2024,4,13,16,45,13,13070,A50-Sens Aubagne vers Marseille,43.28612245,5.51633961,Plein jour,Hors agglomération,Hors intersection,Normale,Trois véhicules et plus - en chaîne,1,1,3,0,1,1,1,0,1,90,4,5,4,0,0,1,66.0,20.0,utilitaire_camion,voiture,1,1,1,1,4
202400025888,2024-01-24 10:03:00,2024,1,24,10,3,75,75108,BOULEVARD HAUSSMANN,48.875197,2.316358,Plein jour,En agglomération,Intersection en T,Normale,Deux véhicules - côté,4,2,6,3,1,1,1,0,1,30,2,2,1,0,0,1,25.0,24.0,deux_roues,utilitaire_camion,1,2,3,1,3
202400025888,2024-01-24 10:03:00,2024,1,24,10,3,75,75108,BOULEVARD HAUSSMANN,48.875197,2.316358,Plein jour,En agglomération,Intersection en T,Normale,Deux véhicules - côté,4,1,2,3,2,1,1,0,1,30,2,2,1,0,0,1,25.0,24.0,deux_roues,utilitaire_camion,1,2,3,1,3
202400025889,2024-04-09 19:29:00,2024,4,9,19,29,13,13215,A7-Sens Lyon vers Marseille,43.37569,5.34256,Plein jour,Hors agglomération,Hors intersection,Normale,Deux véhicules - arrière,1,-1,3,0,1,1,1,0,1,90,3,3,1,0,0,2,24.0,23.0,voiture,voiture,1,1,1,1,2
202400025890,2024-09-03 09:25:00,2024,9,3,9,25,51,51454,DONATINI (PLACE JEAN),49.2271,4.01469,Plein jour,En agglomération,Giratoire,Normale,Deux véhicules - arrière,4,1,3,0,1,2,1,5,1,50,2,3,2,0,0,1,52.0,75.0,utilitaire_camion,voiture,1,2,6,1,2
202400025890,2024-09-03 09:25:00,2024,9,3,9,25,51,51454,DONATINI (PLACE JEAN),49.2271,4.01469,Plein jour,En agglomération,Giratoire,Normale,Deux véhicules - arrière,4,1,2,0,1,2,1,5,1,50,2,3,2,0,0,1,52.0,75.0,utilitaire_camion,voiture,1,2,6,1,2
202400025891,2024-01-24 06:45:00,2024,1,24,6,45,75,75107,QUAI D ORSAY,48.86256807,2.31039852,Nuit avec éclairage allumé,En agglomération,Intersection en T,Normale,Deux véhicules - côté,4,2,3,3,1,1,1,0,1,30,2,2,1,0,0,1,61.0,40.0,voiture,deux_roues,5,2,3,1,3
202400025891,2024-01-24 06:45:00,2024,1,24,6,45,75,75107,QUAI D ORSAY,48.86256807,2.31039852,Nuit avec éclairage allumé,En agglomération,Intersection en T,Normale,Deux véhicules - côté,4,2,2,1,1,1,1,0,1,30,2,2,1,0,0,1,61.0,40.0,voiture,deux_roues,5,2,3,1,3
202400025892,2024-09-02 15:12:00,2024,9,2,15,12,51,51454,MARTIN PELLER (RUE),49.24871,4.0149,Plein jour,En agglomération,Hors intersection,Normale,Sans collision,4,2,2,0,1,1,1,0,1,30,2,2,1,0,0,1,64.0,,deux_roues,voiture,1,2,1,1,7
202400025893,2024-04-12 17:20:00,2024,4,12,17,20,13,13214,A507 sens Marseille - Aubagne,43.33315668,5.38480307,Plein jour,Hors agglomération,Hors intersection,Normale,Trois véhicules et plus - en chaîne,1,-1,3,0,1,1,1,0,1,70,3,3,2,0,0,1,46.0,24.0,voiture,voiture,1,1,1,1,4
202400025894,2024-01-24 09:15:00,2024,1,24,9,15,75,75101,QUAI FRANCOIS MITTERRAND,48.860113,2.333346,Plein jour,En agglomération,Intersection en X,Pluie légère,Sans collision,4,1,2,3,1,1,2,0,1,30,1,1,0,0,0,1,54.0,,deux_roues,,1,2,2,2,7
202400025894,2024-01-24 09:15:00,2024,1,24,9,15,75,75101,QUAI FRANCOIS MITTERRAND,48.860113,2.333346,Plein jour,En agglomération,Intersection en X,Pluie légère,Sans collision,4,1,4,3,1,1,2,0,1,30,1,1,0,0,0,1,54.0,,deux_roues,,1,2,2,2,7
202400025895,2024-01-23 15:45:00,2024,1,23,15,45,94,94080,Rue Diderot,48.85049881,2.44506113,Plein jour,En agglomération,Hors intersection,Pluie légère,Autre collision,4,2,2,3,1,1,2,9,6,50,1,2,1,0,0,1,53.0,,utilitaire_camion,,1,2,1,2,6
202400025896,2024-09-02 15:46:00,2024,9,2,15,46,51,51454,COURCELLES (RUE DE) DU 223 A FIN ET 102,49.264225,4.013399,Plein jour,En agglomération,Hors intersection,Normale,Deux véhicules - arrière,4,2,2,0,1,1,1,0,1,50,2,2,1,0,0,1,43.0,31.0,voiture,deux_roues,1,2,1,1,2
202400025897,2024-04-12 11:35:00,2024,4,12,11,35,13,13215,A7-Sens Lyon vers Marseille,43.342905,5.37594,Plein jour,Hors agglomération,Hors intersection,Normale,Deux véhicules - arrière,1,-1,3,0,2,1,1,0,1,90,2,2,1,0,0,1,,31.0,utilitaire_camion,voiture,1,1,1,1,2
202400025898,2024-09-02 15:15:00,2024,9,2,15,15,49,49323,A87N,47.49565081,-0.49884365,Plein jour,En agglomération,Hors intersection,Pluie forte,Autre collision,1,1,2,0,1,1,2,0,1,110,1,1,0,0,0,1,21.0,,voiture,,1,2,1,3,6
202400025899,2024-01-24 15:40:00,2024,1,24,15,40,94,94068,Boulevard du Général Giraud,48.79142625,2.4827912,Plein jour,En agglomération,Hors intersection,Normale,Autre collision,4,1,1,0,1,1,1,0,1,30,1,1,0,0,0,1,46.0,,voiture,,1,2,1,1,6
202400025900,2024-04-12 20:55:00,2024,4,12,20,55,33,33075,,44.88929,-0.60274,Nuit avec éclairage non allumé,Hors agglomération,Hors intersection,Normale,Trois véhicules et plus - en chaîne,1,3,6,0,1,1,1,3,1,90,3,4,2,0,0,2,35.0,36.0,voiture,voiture,4,1,1,1,4
202400025901,2024-01-24 20:50:00,2024,1,24,20,50,94,94003,9 Avenue du President Nelson Mandela,48.811407,2.327557,Nuit avec éclairage allumé,En agglomération,Hors intersection,Normale,Autre collision,4,1,1,1,1,1,1,0,1,30,1,2,1,0,0,1,33.0,,voiture,,5,2,1,1,6
202400025902,2024-09-03 11:15:00,2024,9,3,11,15,47,47323,ROMAS,44.4065,0.74047,Plein jour,Hors agglomération,Hors intersection,Pluie légère,Trois véhicules et plus - en chaîne,2,2,2,0,1,1,2,0,1,80,3,4,1,0,0,3,65.0,29.0,voiture,voiture,1,1,1,2,4
202400025903,2024-04-13 20:45:00,2024,4,13,20,45,92,92002,RN 385 Extèrieure,48.76060033,2.28558497,Nuit sans éclairage public,Hors agglomération,Hors intersection,Normale,Deux véhicules - côté,2,1,4,0,2,1,1,0,1,70,2,2,1,0,0,1,20.0,20.0,voiture,deux_roues,3,1,1,1,3
202400025904,2024-01-23 22:12:00,2024,1,23,22,12,94,94038,Avenue de la Division Leclerc,48.78434,2.32836,Nuit avec éclairage allumé,En agglomération,Hors intersection,Pluie légère,Deux véhicules - côté,3,2,2,1,1,1,2,0,1,50,2,2,1,0,1,0,30.0,,voiture,voiture,5,2,1,2,3
202400025905,2024-09-03 16:45:00,2024,9,3,16,45,45,45284,169 Avenue Louis-Joseph Soulas,47.90867,1.97594,Plein jour,En agglomération,Hors intersection,Temps couvert,Deux véhicules - côté,4,2,2,0,1,1,2,0,1,50,2,2,1,0,0,1,45.0,50.0,deux_roues,utilitaire_camion,1,2,1,8,3
202400025906,2024-04-13 14:10:00,2024,4,13,14,10,91,91136,AUTOROUTE A126,48.71219,2.28867,Plein jour,Hors agglomération,Hors intersection,Normale,Trois véhicules et plus - en chaîne,1,1,2,0,1,1,1,0,1,90,3,3,2,0,0,1,29.0,25.0,voiture,voiture,1,1,1,1,4
202400025907,2024-01-24 01:40:00,2024,1,24,1,40,93,93070,Pont de Saint-Ouen,48.91843,2.3291,Nuit avec éclairage allumé,En agglomération,Hors intersection,Normale,Deux véhicules - arrière,4,2,2,1,1,1,1,0,1,50,2,2,1,0,0,1,45.0,22.0,deux_roues,voiture,5,2,1,1,2
202400025908,2024-09-03 10:15:00,2024,9,3,10,15,44,44109,Place Victor Mangin,47.20044,-1.54433,Plein jour,En agglomération,Giratoire,Normale,Deux véhicules - côté,4,3,2,0,1,3,1,5,1,30,2,3,2,0,0,1,51.0,26.0,voiture,voiture,1,2,6,1,3
202400025909,2024-04-12 18:35:00,2024,4,12,18,35,91,91103,RN 104,48.624812,2.302632,Plein jour,Hors agglomération,Hors intersection,Normale,Trois véhicules et plus - en chaîne,2,1,2,0,1,1,1,0,1,110,3,4,3,0,0,1,37.0,45.0,voiture,voiture,1,1,1,1,4
202400025910,2024-01-24 08:30:00,2024,1,24,8,30,93,93066,Rue du Languedoc / Avenue du Franc Moisin,48.92624827,2.3731268,Plein jour,En agglomération,Intersection en T,Autre,Autre collision,4,2, -1,0,1,1,2,0,1,-1,1,2,1,0,0,1,46.0,,voiture,,1,2,3,9,6
202400025910,2024-01-24 08:30:00,2024,1,24,8,30,93,93066,Rue du Languedoc / Avenue du Franc Moisin,48.92624827,2.3731268,Plein jour,En agglomération,Intersection en T,Autre,Autre collision,4,2,2,0,1,1,2,0,1,50,1,2,1,0,0,1,46.0,,voiture,,1,2,3,9,6
202400025911,2024-04-13 03:30:00,2024,4,13,3,30,78,78242,A12 Y,48.822249,2.070864,Nuit sans éclairage public,Hors agglomération,Hors intersection,Normale,Deux véhicules - arrière,1,3,4,0,1,1,1,0,1,110,2,3,0,0,0,3,31.0,23.0,voiture,voiture,3,1,1,1,2
202400025912,2024-08-22 17:45:00,2024,8,22,17,45,40,40192,CANENX (AV DE) R.D. 53,43.92428,-0.49629,Plein jour,En agglomération,Hors intersection,Normale,Trois véhicules et plus - en chaîne,3,2,2,0,1,1,1,0,1,50,3,3,2,0,1,0,43.0,64.0,voiture,voiture,1,2,1,1,4
202400025913,2024-04-13 15:50:00,2024,4,13,15,50,93,93007,A3,48.94419727,2.47746314,Plein jour,Hors agglomération,Hors intersection,Normale,Deux véhicules - arrière,1,3,6,0,1,1,1,0,1,110,2,2,0,0,0,2,48.0,66.0,utilitaire_camion,voiture,1,1,1,1,2
202400025914,2024-01-24 07:40:00,2024,1,24,7,40,93,93066,Boulevard Félix Faure / Rue Alber Walter,48.9388049,2.35940248,Nuit avec éclairage allumé,En agglomération,Intersection en X,Pluie légère,Autre collision,4,1, -1,0,1,1,2,0,1,-1,1,2,1,0,0,1,46.0,,voiture,,5,2,2,2,6
202400025914,2024-01-24 07:40:00,2024,1,24,7,40,93,93066,Boulevard Félix Faure / Rue Alber Walter,48.9388049,2.35940248,Nuit avec éclairage allumé,En agglomération,Intersection en X,Pluie légère,Autre collision,4,2,2,3,1,1,2,0,1,30,1,2,1,0,0,1,46.0,,voiture,,5,2,2,2,6
202400025915,2024-09-03 07:47:00,2024,9,3,7,47,37,37195,PRIEURE (AVENUE DU),47.3828,0.65464,Crépuscule ou aube,En agglomération,Giratoire,Autre,Deux véhicules - arrière,4,1, -1,0,1,1,2,9,1,30,2,2,1,0,0,1,18.0,53.0,voiture,deux_roues,2,2,6,9,2
202400025915,2024-09-03 07:47:00,2024,9,3,7,47,37,37195,PRIEURE (AVENUE DU),47.3828,0.65464,Crépuscule ou aube,En agglomération,Giratoire,Autre,Deux véhicules - arrière,4,1,4,0,1,1,2,9,1,30,2,2,1,0,0,1,18.0,53.0,voiture,deux_roues,2,2,6,9,2
202400025916,2024-04-13 14:00:00,2024,4,13,14,0,93,93064,A86,48.87109766,2.48225139,Plein jour,Hors agglomération,Hors intersection,Normale,Trois véhicules et plus - collisions multiples,1,3,3,0,1,1,1,0,1,90,3,3,2,0,0,1,58.0,48.0,utilitaire_camion,voiture,1,1,1,1,5
202400025917,2024-01-24 10:55:00,2024,1,24,10,55,93,93055,Rue Etienne Marcel / Rue de la Liberté,48.89321094,2.40443945,Plein jour,En agglomération,Intersection en T,Normale,Autre collision,4,1, -1,2,1,1,1,0,1,-1,1,2,1,0,1,0,24.0,,utilitaire_camion,,1,2,3,1,6
202400025917,2024-01-24 10:55:00,2024,1,24,10,55,93,93055,Rue Etienne Marcel / Rue de la Liberté,48.89321094,2.40443945,Plein jour,En agglomération,Intersection en T,Normale,Autre collision,4,1,1,1,1,1,1,0,1,30,1,2,1,0,1,0,24.0,,utilitaire_camion,,1,2,3,1,6
202400025918,2024-09-03 06:56:00,2024,9,3,6,56,37,37122,RD 37,47.33982,0.66687,Crépuscule ou aube,Hors agglomération,Hors intersection,Pluie légère,Autre collision,7,2,2,0,1,2,2,0,1,90,1,1,0,0,0,1,20.0,,voiture,,2,1,1,2,6
202400025919,2024-04-13 06:35:00,2024,4,13,6,35,95,95527,A3,48.98278289,2.50307168,Nuit sans éclairage public,Hors agglomération,Hors intersection,Normale,Deux véhicules - arrière,1,2,4,0,1,1,1,0,1,90,2,2,1,0,0,1,45.0,75.0,utilitaire_camion,voiture,3,1,1,1,2
202400025920,2024-09-03 19:58:00,2024,9,3,19,58,36,36159,Route de Varennes,46.77277064,1.7351602,Plein jour,En agglomération,Hors intersection,Normale,Autre collision,3,2,2,0,1,1,8,0,4,50,1,2,1,0,0,1,70.0,,voiture,,1,2,1,1,6
202400025921,2024-01-24 08:30:00,2024,1,24,8,30,93,93048,Avenue du Colonel Fabien / Rue Charles Deleslcuze,48.877668,2.45558,Crépuscule ou aube,En agglomération,Intersection en T,Pluie légère,Autre collision,4,1,1,0,1,1,2,0,1,50,2,2,1,0,0,1,19.0,61.0,deux_roues,voiture,2,2,3,2,6
202400025921,2024-01-24 08:30:00,2024,1,24,8,30,93,93048,Avenue du Colonel Fabien / Rue Charles Deleslcuze,48.877668,2.45558,Crépuscule ou aube,En agglomération,Intersection en T,Pluie légère,Autre collision,4,2,2,0,2,2,2,0,1,50,2,2,1,0,0,1,19.0,61.0,deux_roues,voiture,2,2,3,2,6
202400025922,2024-04-13 21:50:00,2024,4,13,21,50,94,94028,A86,48.78927074,2.44014502,Nuit sans éclairage public,Hors agglomération,Hors intersection,Normale,Autre collision,1,-1,3,0,1,2,1,0,1,90,1,2,1,0,0,1,46.0,,voiture,,3,1,1,1,6
202400025923,2024-04-12 22:35:00,2024,4,12,22,35,77,77363,A104,48.929749,2.627959,Nuit sans éclairage public,Hors agglomération,Hors intersection,Normale,Deux véhicules - arrière,1,1,2,0,3,1,1,0,1,90,2,2,1,0,0,1,55.0,19.0,voiture,deux_roues,3,1,1,1,2
202400025924,2024-01-23 19:00:00,2024,1,23,19,0,93,93063,Route de Montreuil / Avenue du Docteur Fernand Lamaze,48.87714915,2.44939774,Crépuscule ou aube,En agglomération,Intersection en X,Normale,Autre collision,4,3,2,0,1,1,1,0,1,-1,1,2,1,0,0,1,25.0,,utilitaire_camion,,2,2,2,1,6
202400025924,2024-01-23 19:00:00,2024,1,23,19,0,93,93063,Route de Montreuil / Avenue du Docteur Fernand Lamaze,48.87714915,2.44939774,Crépuscule ou aube,En agglomération,Intersection en X,Normale,Autre collision,4,2,2,1,1,1,1,0,1,30,1,2,1,0,0,1,25.0,,utilitaire_camion,,2,2,2,1,6
202400025925,2024-09-03 14:50:00,2024,9,3,14,50,34,34172,CAUSSE (RUE PIERRE),43.60969,3.83792,Plein jour,En agglomération,Intersection en X,Normale,Deux véhicules - côté,4,1,2,1,1,1,1,2,1,50,2,2,1,0,1,0,39.0,43.0,voiture,deux_roues,1,2,2,1,3
202400025925,2024-09-03 14:50:00,2024,9,3,14,50,34,34172,CAUSSE (RUE PIERRE),43.60969,3.83792,Plein jour,En agglomération,Intersection en X,Normale,Deux véhicules - côté,4,2, -1,0,1,1,1,0,1,50,2,2,1,0,1,0,39.0,43.0,voiture,deux_roues,1,2,2,1,3
202400025926,2024-04-12 20:10:00,2024,4,12,20,10,94,94028,A86,48.79698818,2.44355794,Crépuscule ou aube,Hors agglomération,Hors intersection,Normale,Sans collision,1,1,2,0,1,2,1,0,1,40,1,1,0,0,0,1,26.0,,deux_roues,,2,1,1,1,7
202400025927,2024-09-03 12:35:00,2024,9,3,12,35,31,31483,SOMMER RAYMOND (BOULEVARD),43.09894087,0.70815951,Plein jour,En agglomération,Hors intersection,Normale,Deux véhicules - arrière,3,2,1,0,1,1,1,0,1,50,2,2,1,0,0,1,32.0,31.0,voiture,voiture,1,2,1,1,2
202400025928,2024-07-26 19:27:00,2024,7,26,19,27,971,97120,HANNE (BOULEVARD),16.23941,-61.53098,Nuit avec éclairage allumé,En agglomération,Hors intersection,Normale,Autre collision,3,1,2,0,1,1,1,6,1,50,1,2,1,0,0,1,,,voiture,,5,2,1,1,6
202400025929,2024-01-24 17:00:00,2024,1,24,17,0,93,93007,Avenue Albert Einstein / Rond point Pablo Néruda,48.94982228,2.46687859,Crépuscule ou aube,En agglomération,Giratoire,Normale,Deux véhicules - côté,4,1,3,0,1,1,1,5,1,50,2,3,1,0,0,2,19.0,53.0,voiture,voiture,2,2,6,1,3
202400025929,2024-01-24 17:00:00,2024,1,24,17,0,93,93007,Avenue Albert Einstein / Rond point Pablo Néruda,48.94982228,2.46687859,Crépuscule ou aube,En agglomération,Giratoire,Normale,Deux véhicules - côté,4,2,2,0,1,1,1,5,1,50,2,3,1,0,0,2,19.0,53.0,voiture,voiture,2,2,6,1,3
202400025930,2024-05-24 15:15:00,2024,5,24,15,15,14,14578,67 Rue des Brioleurs,49.349316,0.180958,Plein jour,En agglomération,Intersection en X,Normale,Deux véhicules - côté,3,2,1,0,1,1,1,0,1,50,2,7,1,0,0,6,41.0,34.0,utilitaire_camion,voiture,1,2,2,1,3
202400025930,2024-05-24 15:15:00,2024,5,24,15,15,14,14578,67 Rue des Brioleurs,49.349316,0.180958,Plein jour,En agglomération,Intersection en X,Normale,Deux véhicules - côté,3,-1,1,0,1,1,1,0,1,50,2,7,1,0,0,6,41.0,34.0,utilitaire_camion,voiture,1,2,2,1,3
202400025931,2024-01-24 10:30:00,2024,1,24,10,30,93,93001,Rue de l'Abeille,48.91366497,2.39423312,Plein jour,En agglomération,Hors intersection,Normale,Autre collision,4,2,2,0,1,1,1,0,1,50,1,2,1,0,0,1,,,voiture,,1,2,1,1,6
202400025932,2024-04-12 18:15:00,2024,4,12,18,15,77,77083,A4.W,48.83180534,2.60174191,Plein jour,Hors agglomération,Hors intersection,Normale,Trois véhicules et plus - en chaîne,1,1,3,0,1,1,1,0,1,110,4,5,3,0,0,2,30.0,30.0,voiture,voiture,1,1,1,1,4
202400025933,2024-09-03 07:45:00,2024,9,3,7,45,29,29232,Route de Pluguffan,47.97706919,-4.13363278,Plein jour,Hors agglomération,Hors intersection,Temps couvert,Deux véhicules - côté,3,3,4,0,4,3,2,0,1,110,2,4,1,0,0,3,56.0,64.0,voiture,voiture,1,1,1,8,3
202400025934,2024-07-28 01:00:00,2024,7,28,1,0,2A,2A004,#111 Cours Napoléon#,41.93215,8.74016,Nuit avec éclairage allumé,En agglomération,Hors intersection,Pluie légère,Trois véhicules et plus - collisions multiples,4,1,3,0,1,1,2,0,1,50,3,3,2,0,0,1,36.0,20.0,voiture,deux_roues,5,2,1,2,5
202400025935,2024-05-23 15:00:00,2024,5,23,15,0,14,14676,Rue des Alliés,49.2951,-0.641268,Plein jour,Hors agglomération,Hors intersection,Normale,Deux véhicules - arrière,3,2,2,0,1,1,1,0,1,80,2,2,1,0,1,0,57.0,40.0,deux_roues,utilitaire_camion,1,1,1,1,2
202400025936,2024-01-24 08:25:00,2024,1,24,8,25,92,92078,LONGUE BERTRANE (RUE),48.92965,2.32017,Plein jour,Hors agglomération,Intersection en X,Normale,Deux véhicules - côté,4,2,2,0,1,1,1,2,1,70,2,2,1,0,0,1,33.0,57.0,utilitaire_camion,voiture,1,1,2,1,3
202400025936,2024-01-24 08:25:00,2024,1,24,8,25,92,92078,LONGUE BERTRANE (RUE),48.92965,2.32017,Plein jour,Hors agglomération,Intersection en X,Normale,Deux véhicules - côté,4,1,1,0,1,1,1,5,1,50,2,2,1,0,0,1,33.0,57.0,utilitaire_camion,voiture,1,1,2,1,3
202400025937,2024-09-03 08:42:00,2024,9,3,8,42,27,27229,BUFFARDIERE (BOULEVARD DE LA),49.018852,1.14239,Plein jour,Hors agglomération,Hors intersection,Normale,Deux véhicules - côté,4,-1,2,0,1,1,1,0,1,50,2,2,1,0,0,1,33.0,51.0,voiture,deux_roues,1,1,1,1,3
202400025938,2024-02-11 17:30:00,2024,2,11,17,30,34,34301,LATTRE DE TASSIGNY MARECHAL (QUAI DU),43.40424,3.6973,Plein jour,En agglomération,Intersection en T,Normale,Deux véhicules - côté,4,3,1,0,2,2,1,2,1,50,2,2,1,0,1,0,71.0,63.0,voiture,deux_roues,1,2,3,1,3
202400025938,2024-02-11 17:30:00,2024,2,11,17,30,34,34301,LATTRE DE TASSIGNY MARECHAL (QUAI DU),43.40424,3.6973,Plein jour,En agglomération,Intersection en T,Normale,Deux véhicules - côté,4,1,2,0,1,1,1,0,1,50,2,2,1,0,1,0,71.0,63.0,voiture,deux_roues,1,2,3,1,3
202400025939,2024-07-26 21:30:00,2024,7,26,21,30,91,91514,RUE MERE MARIE PIA,48.67669,2.53701,Nuit avec éclairage allumé,En agglomération,Giratoire,Pluie forte,Deux véhicules - arrière,4,-1,2,0,1,2,2,5,1,30,2,2,1,0,0,1,60.0,45.0,voiture,voiture,5,2,6,3,2
202400025939,2024-07-26 21:30:00,2024,7,26,21,30,91,91514,RUE MERE MARIE PIA,48.67669,2.53701,Nuit avec éclairage allumé,En agglomération,Giratoire,Pluie forte,Deux véhicules - arrière,4,-1,2,0,1,2,2,5,1,30,2,2,1,0,0,1,60.0,45.0,voiture,voiture,5,2,6,3,2
202400025940,2024-01-24 13:10:00,2024,1,24,13,10,92,92075,LATTRE DE TASSIGNY (PLACE DU MAL),48.82184,2.28489,Plein jour,En agglomération,Hors intersection,Normale,Autre collision,4,1,1,0,1,1,1,0,1,30,1,2,1,0,0,1,,,voiture,,1,2,1,1,6
202400025941,2024-05-23 18:00:00,2024,5,23,18,0,05,05098,D40,44.492786,6.555802,Plein jour,En agglomération,Hors intersection,Pluie légère,Autre collision,3,2,2,0,2,2,2,0,3,50,2,2,0,0,0,2,51.0,79.0,voiture,voiture,1,2,1,2,6
202400025942,2024-04-07 04:24:00,2024,4,7,4,24,987,98735,PRINCE HINOI (AVENUE),-17.53388,-149.56074,Nuit avec éclairage allumé,En agglomération,Hors intersection,Normale,Autre collision,4,3,4,0,1,1,1,0,1,50,1,1,0,0,1,0,44.0,,deux_roues,,5,2,1,1,6
202400025943,2024-09-03 11:00:00,2024,9,3,11,0,25,25056,VESOUL RUE DE (sup 52),47.25415,6.01524,Plein jour,En agglomération,Autre intersection,Normale,Autre collision,3,2,2,2,2,1,1,0,1,50,1,4,1,0,2,1,88.0,,voiture,,1,2,9,1,6
202400025944,2024-07-27 14:45:00,2024,7,27,14,45,91,91174,BD JEAN JAURES,48.61116,2.462,Plein jour,En agglomération,Hors intersection,Pluie légère,Deux véhicules - arrière,3,3,2,0,1,1,2,0,1,50,2,2,1,0,0,1,28.0,60.0,voiture,voiture,1,2,1,2,2
202400025945,2024-01-24 09:30:00,2024,1,24,9,30,92,92076,JARDY,48.83281418,2.1532613,Plein jour,Hors agglomération,Autre intersection,Normale,Deux véhicules - arrière,3,4,2,0,3,1,1,3,1,50,2,2,1,0,0,1,,33.0,utilitaire_camion,deux_roues,1,1,9,1,2
202400025946,2024-04-12 05:50:00,2024,4,12,5,50,974,97411,VINH-SAN (BLD 1 DU PRINCE),-20.88742,55.44112,Nuit avec éclairage allumé,Hors agglomération,Hors intersection,Pluie légère,Deux véhicules - côté,2,1,2,0,1,2,2,0,1,50,2,2,1,0,0,1,24.0,60.0,voiture,voiture,5,1,1,2,3
202400025947,2024-09-03 17:15:00,2024,9,3,17,15,22,22278,8 MAI 1945 (PL DU),48.5121,-2.7558,Plein jour,En agglomération,Hors intersection,Normale,Deux véhicules - arrière,4,1,1,0,1,1,1,5,1,30,2,3,1,0,1,1,19.0,41.0,voiture,voiture,1,2,1,1,2
202400025948,2024-07-24 17:10:00,2024,7,24,17,10,86,86194,Promenade des Cours,46.57301,0.3402,Plein jour,En agglomération,Autre intersection,Autre,Deux véhicules - arrière,4,2,2,0,1,1,1,0,1,30,2,2,1,0,0,1,22.0,72.0,voiture,deux_roues,1,2,9,9,2