accident_id,datetime,annee,mois,jour,heure,minute,departement,commune_insee,adresse,latitude,longitude,luminosite,agglomeration,intersection,meteo,collision,catr,circ,nbv,vosp,prof,plan,surf,infra,situ,vma,nb_vehicules,nb_usagers,nb_indemnes,nb_tues,nb_blesses_hosp,nb_blesses_legers,age_cond_1,age_cond_2,veh_type_cond_1,veh_type_cond_2,lum_code,agg_code,int_code,atm_code,col_code
202400026024,2024-01-23 09:20:00,2024,1,23,9,20,05,05010,Route de Valence,44.52410502,5.74727654,Plein jour,En agglomération,Hors intersection,Normale,Autre collision,3,2,2,0,1,2,1,0,3,50,1,1,0,0,1,0,37.0,,voiture,,1,2,1,1,6
202400026025,2024-09-03 01:15:00,2024,9,3,1,15,75,75119,PORTE DES LILAS,48.879032,2.408116,Nuit avec éclairage allumé,En agglomération,Hors intersection,Normale,Trois véhicules et plus - collisions multiples,4,1,4,0,1,1,1,1,1,70,3,3,2,0,0,1,27.0,26.0,voiture,voiture,5,2,1,1,5
202400026026,2024-01-24 21:01:00,2024,1,24,21,1,50,50429,D 49,49.012752,-1.54521,Nuit sans éclairage public,Hors agglomération,Hors intersection,Pluie légère,Autre collision,3,2,2,0,1,1,2,0,1,80,1,2,1,1,0,0,48.0,,voiture,,3,1,1,2,6
202400026027,2024-07-27 06:00:00,2024,7,27,6,0,56,56083,Avenue Aristide Bruant,47.80252,-3.25975,Crépuscule ou aube,En agglomération,Giratoire,Temps couvert,Autre collision,3,2,2,0,2,1,1,5,1,50,1,1,0,0,0,1,46.0,,deux_roues,,2,2,6,8,6
202400026027,2024-07-27 06:00:00,2024,7,27,6,0,56,56083,Avenue Aristide Bruant,47.80252,-3.25975,Crépuscule ou aube,En agglomération,Giratoire,Temps couvert,Autre collision,3,2,2,0,2,2,1,5,1,50,1,1,0,0,0,1,46.0,,deux_roues,,2,2,6,8,6
202400026028,2024-09-03 08:45:00,2024,9,3,8,45,75,75119,AVENUE JEAN JAURES,48.88741236,2.38787949,Plein jour,En agglomération,Hors intersection,Normale,Autre collision,4,2,2,0,1,1,1,0,1,30,1,2,1,0,0,1,,,deux_roues,,1,2,1,1,6
202400026029,2024-05-24 10:45:00,2024,5,24,10,45,31,31248,"Avenue du Lauragais, intersection Chemin du Camp du Nord",43.452654,1.40213,Plein jour,En agglomération,Hors intersection,Normale,Autre collision,3,2,2,0,1,1,1,5,1,50,1,2,1,0,1,0,89.0,,voiture,,1,2,1,1,6
202400026030,2024-01-21 18:30:00,2024,1,21,18,30,64,64495,D918,43.364822,-1.590453,Crépuscule ou aube,Hors agglomération,Intersection en X,Normale,Deux véhicules - côté,3,2,2,0,1,1,1,0,1,80,2,2,1,0,0,1,42.0,66.0,voiture,voiture,2,1,2,1,3
202400026030,2024-01-21 18:30:00,2024,1,21,18,30,64,64495,D918,43.364822,-1.590453,Crépuscule ou aube,Hors agglomération,Intersection en X,Normale,Deux véhicules - côté,3,2, -1,0,1,1,1,0,1,-1,2,2,1,0,0,1,42.0,66.0,voiture,voiture,2,1,2,1,3
202400026030,2024-01-21 18:30:00,2024,1,21,18,30,64,64495,D918,43.364822,-1.590453,Crépuscule ou aube,Hors agglomération,Intersection en X,Normale,Deux véhicules - côté,3,2, -1,-1,1,1,1,0,1,80,2,2,1,0,0,1,42.0,66.0,voiture,voiture,2,1,2,1,3
202400026031,2024-07-27 17:15:00,2024,7,27,17,15,51,51454,GERUZEZ (RUE),49.263856,4.017949,Plein jour,En agglomération,Intersection en X,Pluie forte,Trois véhicules et plus - collisions multiples,4,2,2,0,1,1,2,0,1,50,3,5,2,0,0,3,36.0,63.0,voiture,utilitaire_camion,1,2,2,3,5
202400026031,2024-07-27 17:15:00,2024,7,27,17,15,51,51454,GERUZEZ (RUE),49.263856,4.017949,Plein jour,En agglomération,Intersection en X,Pluie forte,Trois véhicules et plus - collisions multiples,4,2,2,0,1,1,2,0,1,30,3,5,2,0,0,3,36.0,63.0,voiture,utilitaire_camion,1,2,2,3,5
202400026032,2024-09-03 23:20:00,2024,9,3,23,20,75,75113,BOULEVARD DU GENERAL JEAN SIMON,48.825716,2.381937,Nuit avec éclairage allumé,En agglomération,Intersection en X,Normale,Deux véhicules - côté,4,2,2,0,1,1,1,0,1,50,2,2,1,0,0,1,34.0,30.0,deux_roues,voiture,5,2,2,1,3
202400026032,2024-09-03 23:20:00,2024,9,3,23,20,75,75113,BOULEVARD DU GENERAL JEAN SIMON,48.825716,2.381937,Nuit avec éclairage allumé,En agglomération,Intersection en X,Normale,Deux véhicules - côté,4,2,4,2,1,1,1,0,1,50,2,2,1,0,0,1,34.0,30.0,deux_roues,voiture,5,2,2,1,3
202400026033,2024-07-27 15:55:00,2024,7,27,15,55,51,51454,BOCQUAINE (CHAUSSEE),49.250042,4.019688,Plein jour,En agglomération,Hors intersection,Pluie légère,Autre collision,4,-1,4,1,1,2,2,0,4,30,1,2,1,0,0,1,25.0,,deux_roues,,1,2,1,2,6
202400026034,2024-09-03 16:15:00,2024,9,3,16,15,75,75110,AVENUE PARMENTIER,48.870481,2.370692,Plein jour,En agglomération,Hors intersection,Normale,Sans collision,4,2,4,1,1,1,1,-1,5,30,1,1,0,0,0,1,28.0,,deux_roues,,1,2,1,1,7
202400026035,2024-01-20 16:10:00,2024,1,20,16,10,73,73312,D201C,45.655981,6.312183,Plein jour,Hors agglomération,Hors intersection,Temps éblouissant,Sans collision,3,2,2,0,2,3,2,0,8,-1,1,2,0,0,0,2,80.0,,voiture,,1,1,1,7,7
202400026036,2024-05-22 08:13:00,2024,5,22,8,13,13,13088,A55-Sens Martigues vers Marseille,43.381,5.224,Plein jour,Hors agglomération,Hors intersection,Normale,Deux véhicules - arrière,1,1,2,0,1,1,1,0,1,90,2,2,1,0,0,1,26.0,24.0,voiture,voiture,1,1,1,1,2
202400026037,2024-07-27 04:31:00,2024,7,27,4,31,49,49007,MOULIN BOULEVARD,47.49557,-0.55462,Nuit avec éclairage allumé,Hors agglomération,Hors intersection,Pluie légère,Sans collision,4,2,2,0,1,1,2,0,1,30,1,1,0,0,0,1,39.0,,deux_roues,,5,1,1,2,7
202400026038,2024-09-03 08:15:00,2024,9,3,8,15,75,75111,RUE DU CHEMIN VERT,48.860305,2.378615,Plein jour,En agglomération,Intersection en X,Normale,Autre collision,4,-1,2,0,1,1,1,0,1,30,1,2,1,0,0,1,,,voiture,,1,2,2,1,6
202400026038,2024-09-03 08:15:00,2024,9,3,8,15,75,75111,RUE DU CHEMIN VERT,48.860305,2.378615,Plein jour,En agglomération,Intersection en X,Normale,Autre collision,4,-1,1,0,1,1,1,0,1,30,1,2,1,0,0,1,,,voiture,,1,2,2,1,6
202400026039,2024-05-22 06:55:00,2024,5,22,6,55,13,13071,F1-Sens Lyon vers A55-Martigues,43.398,5.298,Plein jour,Hors agglomération,Hors intersection,Normale,Sans collision,1,1,2,0,1,1,1,0,1,90,1,1,0,0,0,1,23.0,,voiture,,1,1,1,1,7
202400026040,2024-01-24 14:55:00,2024,1,24,14,55,16,16393,,45.76486104,0.16221731,Plein jour,Hors agglomération,Intersection en X,Normale,Deux véhicules - frontale,3,2,2,0,3,1,1,0,1,80,2,5,3,0,1,1,78.0,31.0,voiture,voiture,1,1,2,1,1
202400026040,2024-01-24 14:55:00,2024,1,24,14,55,16,16393,,45.76486104,0.16221731,Plein jour,Hors agglomération,Intersection en X,Normale,Deux véhicules - frontale,3,2,2,-1,2,1,1,0,1,80,2,5,3,0,1,1,78.0,31.0,voiture,voiture,1,1,2,1,1
202400026041,2024-09-03 00:40:00,2024,9,3,0,40,75,75110,CITE DE CHABROL,48.876341,2.353832,Nuit avec éclairage allumé,En agglomération,Intersection en T,Normale,Autre collision,4,2,1,0,1,1,1,0,1,30,1,2,1,0,0,1,,,utilitaire_camion,,5,2,3,1,6
202400026041,2024-09-03 00:40:00,2024,9,3,0,40,75,75110,CITE DE CHABROL,48.876341,2.353832,Nuit avec éclairage allumé,En agglomération,Intersection en T,Normale,Autre collision,4,2,1,0,1,1,1,0,1,30,1,2,1,0,0,1,,,utilitaire_camion,,5,2,3,1,6
202400026042,2024-07-26 16:55:00,2024,7,26,16,55,45,45234,50 Avenue du Président John Kennedy,47.843498,1.92394,Plein jour,En agglomération,Intersection en T,Normale,Deux véhicules - côté,4,3,4,0,1,1,1,5,1,50,2,4,0,0,0,4,31.0,31.0,voiture,voiture,1,2,3,1,3
202400026042,2024-07-26 16:55:00,2024,7,26,16,55,45,45234,50 Avenue du Président John Kennedy,47.843498,1.92394,Plein jour,En agglomération,Intersection en T,Normale,Deux véhicules - côté,4,3,4,0,1,1,1,5,1,50,2,4,0,0,0,4,31.0,31.0,voiture,voiture,1,2,3,1,3
202400026043,2024-04-12 00:20:00,2024,4,12,0,20,69,69040,Route de Métropole 6  ,45.79693786,4.77773204,Nuit sans éclairage public,Hors agglomération,Hors intersection,Normale,Deux véhicules - arrière,7,3,3,3,2,1,1,0,1,70,2,2,1,0,0,1,24.0,37.0,voiture,voiture,3,1,1,1,2
202400026044,2024-01-25 14:00:00,2024,1,25,14,0,07,07343,Route de Largentière,44.556901,4.31767,Plein jour,Hors agglomération,Hors intersection,Normale,Deux véhicules - arrière,3,2,2,0,1,1,1,0,1,90,2,2,1,1,0,0,41.0,73.0,utilitaire_camion,deux_roues,1,1,1,1,2
202400026045,2024-05-23 23:18:00,2024,5,23,23,18,33,33318,,44.807944,-0.668589,Nuit avec éclairage non allumé,Hors agglomération,Hors intersection,Normale,Sans collision,1,3,6,0,1,1,1,0,1,90,1,1,0,0,0,1,32.0,,voiture,,4,1,1,1,7
202400026046,2024-07-27 13:30:00,2024,7,27,13,30,37,37261,DESLONDAINS (RUE ADRIEN),47.39055,0.67265,Plein jour,En agglomération,Autre intersection,Pluie légère,Deux véhicules - côté,4,2,2,0,1,1,2,0,1,50,2,2,1,0,0,1,21.0,80.0,voiture,deux_roues,1,2,9,2,3
202400026047,2024-01-24 08:00:00,2024,1,24,8,0,37,37109,72 Avenue du Général de Gaulle,47.4047326,0.61389823,Nuit avec éclairage allumé,En agglomération,Hors intersection,Normale,Autre collision,3,2,2,0,1,1,1,0,1,50,1,2,1,0,0,1,64.0,,voiture,,5,2,1,1,6
202400026048,2024-09-03 16:40:00,2024,9,3,16,40,75,75108,BOULEVARD DE COURCELLES,48.88117,2.315328,Plein jour,En agglomération,Intersection en T,Temps couvert,Deux véhicules - côté,4,2,3,1,1,1,1,0,1,30,2,2,0,0,0,2,25.0,15.0,deux_roues,deux_roues,1,2,3,8,3
202400026048,2024-09-03 16:40:00,2024,9,3,16,40,75,75108,BOULEVARD DE COURCELLES,48.88117,2.315328,Plein jour,En agglomération,Intersection en T,Temps couvert,Deux véhicules - côté,4,1, -1,-1,1,1,1,0,1,-1,2,2,0,0,0,2,25.0,15.0,deux_roues,deux_roues,1,2,3,8,3
202400026049,2024-01-25 20:30:00,2024,1,25,20,30,30,30212,D6101,43.940359,4.573714,Nuit avec éclairage allumé,En agglomération,Hors intersection,Normale,Sans collision,3,2,2,0,1,1,1,0,1,50,1,2,1,0,1,0,52.0,,voiture,,5,2,1,1,7
202400026050,2024-07-26 16:50:00,2024,7,26,16,50,37,37261,DANIEL MAYER,47.4186,0.69345,Plein jour,En agglomération,Intersection en T,Normale,Deux véhicules - côté,4,2,2,0,1,1,1,0,1,50,2,3,2,0,0,1,29.0,60.0,voiture,voiture,1,2,3,1,3
202400026050,2024-07-26 16:50:00,2024,7,26,16,50,37,37261,DANIEL MAYER,47.4186,0.69345,Plein jour,En agglomération,Intersection en T,Normale,Deux véhicules - côté,4,2,2,0,1,1,1,0,1,50,2,3,2,0,0,1,29.0,60.0,voiture,voiture,1,2,3,1,3
202400026051,2024-09-03 10:02:00,2024,9,3,10,2,75,75108,RUE DE MIROMESNIL,48.874342,2.315856,Plein jour,En agglomération,Hors intersection,Pluie légère,Deux véhicules - côté,4,1,2,0,2,1,2,0,1,30,2,3,2,0,0,1,37.0,33.0,deux_roues,utilitaire_camion,1,2,1,2,3
202400026052,2024-05-23 08:20:00,2024,5,23,8,20,33,33249,,44.87865,-0.53043,Plein jour,Hors agglomération,Hors intersection,Normale,Trois véhicules et plus - en chaîne,1,3,6,0,3,1,1,2,1,70,4,4,1,0,0,3,36.0,51.0,voiture,voiture,1,1,1,1,4
202400026053,2024-01-25 13:20:00,2024,1,25,13,20,08,08173,17 rue de sedan,49.698144,4.777406,Plein jour,En agglomération,Hors intersection,Pluie légère,Deux véhicules - côté,3,2,2,0,1,1,2,6,1,30,2,2,0,0,1,1,23.0,41.0,deux_roues,voiture,1,2,1,2,3
202400026054,2024-07-27 17:21:00,2024,7,27,17,21,33,33063,,44.83506,-0.56344,Plein jour,En agglomération,Intersection en T,Normale,Autre collision,4,3, -1,-1,1,1,1,5,1,-1,1,2,1,0,0,1,62.0,,voiture,,1,2,3,1,6
202400026054,2024-07-27 17:21:00,2024,7,27,17,21,33,33063,,44.83506,-0.56344,Plein jour,En agglomération,Intersection en T,Normale,Autre collision,4,3,7,1,1,1,1,5,1,50,1,2,1,0,0,1,62.0,,voiture,,1,2,3,1,6
202400026055,2024-01-25 06:43:00,2024,1,25,6,43,95,95394,D928,49.05787829,2.18982163,Nuit avec éclairage allumé,En agglomération,Hors intersection,Normale,Deux véhicules - côté,3,2,2,0,2,1,2,0,1,50,2,2,1,0,1,0,19.0,20.0,deux_roues,voiture,5,2,1,1,3
202400026056,2024-07-27 02:30:00,2024,7,27,2,30,33,33063,Rue Emile Duploye,44.84027,-0.56966,Nuit avec éclairage allumé,En agglomération,Hors intersection,Normale,Autre collision,4,1,1,0,1,1,1,0,1,30,1,1,0,0,0,1,28.0,,deux_roues,,5,2,1,1,6
202400026057,2024-05-23 06:05:00,2024,5,23,6,5,33,33122,,44.7433,-0.70667,Crépuscule ou aube,Hors agglomération,Hors intersection,Normale,Trois véhicules et plus - en chaîne,1,3,2,0,1,1,1,0,1,110,3,3,2,1,0,0,51.0,45.0,utilitaire_camion,utilitaire_camion,2,1,1,1,4
202400026058,2024-09-02 21:55:00,2024,9,2,21,55,93,93059,Avenue Lénine / Avenue Suzanne Valandon,48.96005,2.35878,Nuit avec éclairage allumé,En agglomération,Intersection en X,Normale,Deux véhicules - côté,3,2,2,1,1,2,1,0,1,-1,2,5,4,0,0,1,20.0,28.0,voiture,voiture,5,2,2,1,3
202400026058,2024-09-02 21:55:00,2024,9,2,21,55,93,93059,Avenue Lénine / Avenue Suzanne Valandon,48.96005,2.35878,Nuit avec éclairage allumé,En agglomération,Intersection en X,Normale,Deux véhicules - côté,3,3,4,3,1,1,1,0,1,50,2,5,4,0,0,1,20.0,28.0,voiture,voiture,5,2,2,1,3
202400026059,2024-01-24 16:40:00,2024,1,24,16,40,13,13080,"RD 561, croisement D15g",43.655919,5.46911,Plein jour,Hors agglomération,Intersection en X,Normale,Deux véhicules - côté,3,2,2,0,1,1,1,0,1,50,2,2,1,0,1,0,78.0,37.0,deux_roues,voiture,1,1,2,1,3
202400026059,2024-01-24 16:40:00,2024,1,24,16,40,13,13080,"RD 561, croisement D15g",43.655919,5.46911,Plein jour,Hors agglomération,Intersection en X,Normale,Deux véhicules - côté,3,2,2,1,1,1,1,0,1,80,2,2,1,0,1,0,78.0,37.0,deux_roues,voiture,1,1,2,1,3
202400026060,2024-07-26 14:00:00,2024,7,26,14,0,33,33063,,44.86241,-0.55606,Plein jour,En agglomération,Hors intersection,Temps éblouissant,Autre collision,4,2,6,0,1,1,1,0,1,50,1,2,1,0,1,0,62.0,,voiture,,1,2,1,7,6
202400026061,2024-09-03 19:41:00,2024,9,3,19,41,93,93077,Avenue de Rosny / Place du Souvenir Français,48.88248,2.49783,Plein jour,En agglomération,Intersection en T,Normale,Deux véhicules - côté,3,1,2,0,1,1,1,0,1,50,2,2,1,0,0,1,42.0,29.0,voiture,voiture,1,2,3,1,3
202400026061,2024-09-03 19:41:00,2024,9,3,19,41,93,93077,Avenue de Rosny / Place du Souvenir Français,48.88248,2.49783,Plein jour,En agglomération,Intersection en T,Normale,Deux véhicules - côté,3,1,1,0,1,1,1,0,1,-1,2,2,1,0,0,1,42.0,29.0,voiture,voiture,1,2,3,1,3
202400026062,2024-05-18 09:30:00,2024,5,18,9,30,62,62766,A16,50.94210218,2.09036153,Plein jour,Hors agglomération,Hors intersection,Pluie légère,Trois véhicules et plus - collisions multiples,1,3,2,0,1,1,2,0,1,130,3,3,2,0,0,1,24.0,39.0,utilitaire_camion,voiture,1,1,1,2,5
202400026063,2024-01-24 12:00:00,2024,1,24,12,0,06,06085,Chemin des Campelieres,43.580216,7.005656,Plein jour,En agglomération,Intersection en X,Normale,Deux véhicules - frontale,3,2,2,0,1,1,1,5,1,50,2,2,1,0,0,1,55.0,37.0,utilitaire_camion,deux_roues,1,2,2,1,1
202400026063,2024-01-24 12:00:00,2024,1,24,12,0,06,06085,Chemin des Campelieres,43.580216,7.005656,Plein jour,En agglomération,Intersection en X,Normale,Deux véhicules - frontale,3,2,1,0,2,1,1,0,1,50,2,2,1,0,0,1,55.0,37.0,utilitaire_camion,deux_roues,1,2,2,1,1
202400026064,2024-07-26 22:30:00,2024,7,26,22,30,27,27229,BOIS DES COMMUNES (RUE DU),49.029371,1.179774,Nuit avec éclairage allumé,En agglomération,Intersection en T,Pluie légère,Deux véhicules - côté,4,2,2,0,1,1,2,0,1,50,2,2,1,0,0,1,21.0,20.0,voiture,voiture,5,2,3,2,3
202400026064,2024-07-26 22:30:00,2024,7,26,22,30,27,27229,BOIS DES COMMUNES (RUE DU),49.029371,1.179774,Nuit avec éclairage allumé,En agglomération,Intersection en T,Pluie légère,Deux véhicules - côté,4,2,2,0,1,1,2,0,1,50,2,2,1,0,0,1,21.0,20.0,voiture,voiture,5,2,3,2,3
202400026065,2024-05-23 09:20:00,2024,5,23,9,20,93,93066,A86,48.92536061,2.33939297,Plein jour,Hors agglomération,Hors intersection,Normale,Deux véhicules - arrière,1,-1,4,0,1,1,1,0,1,70,2,3,2,0,0,1,34.0,48.0,utilitaire_camion,voiture,1,1,1,1,2
202400026066,2024-09-03 09:40:00,2024,9,3,9,40,93,93050,Avenue du 8 Mai 1945 / Place du Roussillon,48.86584518,2.53447205,Plein jour,En agglomération,Intersection en T,Normale,Autre collision,4,1,1,0,1,1,1,0,5,-1,1,2,1,0,0,1,41.0,,voiture,,1,2,3,1,6
202400026066,2024-09-03 09:40:00,2024,9,3,9,40,93,93050,Avenue du 8 Mai 1945 / Place du Roussillon,48.86584518,2.53447205,Plein jour,En agglomération,Intersection en T,Normale,Autre collision,4,2,2,1,1,1,1,0,5,50,1,2,1,0,0,1,41.0,,voiture,,1,2,3,1,6
202400026067,2024-01-24 20:45:00,2024,1,24,20,45,95,95348,D14,49.07188117,1.95834883,Nuit sans éclairage public,Hors agglomération,Hors intersection,Normale,Sans collision,3,3,4,0,1,1,1,0,1,110,1,1,0,0,1,0,60.0,,voiture,,3,1,1,1,7
202400026068,2024-07-27 10:30:00,2024,7,27,10,30,26,26362,Avenue Victor Hugo,44.922,4.88653,Plein jour,En agglomération,Autre intersection,Normale,Autre collision,4,2,2,1,1,1,1,0,1,30,1,2,1,0,1,0,26.0,,voiture,,1,2,9,1,6
202400026069,2024-09-03 07:05:00,2024,9,3,7,5,93,93014,Allée Maurice Audin,48.90851,2.5391,Plein jour,En agglomération,Hors intersection,Temps couvert,Deux véhicules - côté,4,3,2,2,1,1,2,0,5,50,2,2,1,0,0,1,54.0,32.0,deux_roues,utilitaire_camion,1,2,1,8,3
202400026070,2024-05-23 19:15:00,2024,5,23,19,15,94,94022,A86,48.77338115,2.40113955,Plein jour,Hors agglomération,Hors intersection,Normale,Deux véhicules - arrière,1,3,3,0,2,1,1,0,1,90,2,2,1,0,1,0,47.0,38.0,deux_roues,utilitaire_camion,1,1,1,1,2
202400026071,2024-01-22 20:10:00,2024,1,22,20,10,83,83079,Route Nationale 98,43.209919,6.489422,Nuit sans éclairage public,Hors agglomération,Hors intersection,Normale,Trois véhicules et plus - collisions multiples,3,2,2,0,1,4,1,0,1,-1,3,3,1,0,0,2,18.0,17.0,deux_roues,deux_roues,3,1,1,1,5
202400026072,2024-09-03 17:25:00,2024,9,3,17,25,93,93029,Rue de Stalingrad,48.91606523,2.42431368,Plein jour,En agglomération,Hors intersection,Normale,Deux véhicules - arrière,3,2,3,1,1,1,1,9,8,50,2,2,1,0,1,0,16.0,37.0,deux_roues,voiture,1,2,1,1,2
202400026073,2024-05-23 00:35:00,2024,5,23,0,35,94,94042,A4,48.82854107,2.47576095,Nuit sans éclairage public,Hors agglomération,Hors intersection,Pluie légère,Trois véhicules et plus - en chaîne,1,1,4,0,1,1,2,2,1,90,3,4,3,0,0,1,52.0,22.0,voiture,voiture,3,1,1,2,4
202400026074,2024-01-12 09:00:00,2024,1,12,9,0,06,06075,Route de Grenoble,43.853732,7.197837,Plein jour,Hors agglomération,Hors intersection,Normale,Autre collision,7,2,2,0,1,4,1,0,3,70,1,3,0,0,2,1,32.0,,transport_commun,,1,1,1,1,6
202400026075,2024-09-03 09:20:00,2024,9,3,9,20,93,93008,Boulevard Lénine,48.90655,2.44294,Plein jour,En agglomération,Hors intersection,Temps couvert,Autre collision,4,2,2,0,1,1,2,9,1,50,1,3,1,0,0,2,70.0,,voiture,,1,2,1,8,6
202400026076,2024-07-27 16:40:00,2024,7,27,16,40,17,17415,route nationale 141,45.73028,-0.62426,Plein jour,Hors agglomération,Hors intersection,Normale,Trois véhicules et plus - en chaîne,2,2,2,0,1,1,1,0,1,110,4,13,9,0,0,4,53.0,32.0,voiture,voiture,1,1,1,1,4
202400026077,2024-05-22 07:00:00,2024,5,22,7,0,94,94079,A4,48.83281718,2.53379035,Crépuscule ou aube,Hors agglomération,Hors intersection,Normale,Deux véhicules - arrière,1,3,4,0,1,1,1,0,1,90,2,2,1,0,0,1,25.0,44.0,deux_roues,utilitaire_camion,2,1,1,1,2
202400026078,2024-09-03 17:50:00,2024,9,3,17,50,93,93001,Rue Trevet,48.906079,2.39187509,Plein jour,En agglomération,Autre intersection,Normale,Autre collision,4,1,1,0,1,2,1,0,8,50,1,2,1,0,0,1,,,autre,,1,2,9,1,6
202400026079,2024-01-25 16:10:00,2024,1,25,16,10,13,13034,D24,43.752675,4.922841,Plein jour,Hors agglomération,Intersection en T,Normale,Deux véhicules - côté,3,2,2,0,1,1,1,0,1,80,2,3,2,1,0,0,24.0,72.0,voiture,deux_roues,1,1,3,1,3
202400026079,2024-01-25 16:10:00,2024,1,25,16,10,13,13034,D24,43.752675,4.922841,Plein jour,Hors agglomération,Intersection en T,Normale,Deux véhicules - côté,3,2, -1,-1,1,1,1,0,1,-1,2,3,2,1,0,0,24.0,72.0,voiture,deux_roues,1,1,3,1,3
202400026080,2024-01-07 12:05:00,2024,1,7,12,5,14,14231,438 Rue du Bourg,49.213411,0.022411,Plein jour,Hors agglomération,Hors intersection,Pluie légère,Autre collision,3,2,2,0,1,1,2,0,3,80,1,1,0,0,1,0,36.0,,voiture,,1,1,1,2,6
202400026081,2024-07-27 05:24:00,2024,7,27,5,24,17,17291,35 PK RN11 ROCADE NANTES,46.173651,-1.115234,Nuit sans éclairage public,Hors agglomération,Hors intersection,Normale,Trois véhicules et plus - en chaîne,2,3,4,0,1,1,1,0,1,50,3,7,4,0,0,3,60.0,30.0,voiture,voiture,3,1,1,1,4
202400026082,2024-01-25 09:30:00,2024,1,25,9,30,57,57582,D60,49.29797355,6.16815805,Plein jour,Hors agglomération,Hors intersection,Normale,Deux véhicules - arrière,3,2,2,0,2,2,1,2,1,50,2,2,1,0,0,1,46.0,22.0,utilitaire_camion,utilitaire_camion,1,1,1,1,2
202400026083,2024-09-03 12:30:00,2024,9,3,12,30,93,93001,Avenue de la République / Rue Bernard et Mazoyer,48.91245949,2.38346636,Crépuscule ou aube,En agglomération,Intersection en X,Temps couvert,Trois véhicules et plus - collisions multiples,3,2,2,3,1,1,2,0,1,50,3,3,2,0,0,1,47.0,30.0,utilitaire_camion,voiture,2,2,2,8,5
202400026083,2024-09-03 12:30:00,2024,9,3,12,30,93,93001,Avenue de la République / Rue Bernard et Mazoyer,48.91245949,2.38346636,Crépuscule ou aube,En agglomération,Intersection en X,Temps couvert,Trois véhicules et plus - collisions multiples,3,1,1,0,1,3,2,0,1,-1,3,3,2,0,0,1,47.0,30.0,utilitaire_camion,voiture,2,2,2,8,5
202400026084,2024-02-18 19:43:00,2024,2,18,19,43,13,13210,PIERRE DOIZE  (RUE),43.27580143,5.42623851,Nuit avec éclairage allumé,En agglomération,Hors intersection,Normale,Deux véhicules - côté,4,1,2,0,1,1,1,0,1,50,2,2,1,0,0,1,,19.0,voiture,deux_roues,5,2,1,1,3
202400026085,2024-01-24 10:45:00,2024,1,24,10,45,26,26220,90 Avenue Frédéric Mistral,44.35613,5.125508,Plein jour,En agglomération,Hors intersection,Normale,Autre collision,4,2,2,0,2,1,1,0,1,50,1,2,1,0,1,0,71.0,,voiture,,1,2,1,1,6
202400026086,2024-08-29 20:20:00,2024,8,29,20,20,92,92050,LORRAINE ALLEE DE,48.89936738,2.2179231,Crépuscule ou aube,En agglomération,Hors intersection,Normale,Autre collision,9,-1,0,0,1,1,1,9,8,1,1,2,0,0,0,2,24.0,,deux_roues,,2,2,1,1,6
202400026087,2024-07-27 09:10:00,2024,7,27,9,10,15,15014,RN 122,44.90743,2.42084,Plein jour,En agglomération,Autre intersection,Normale,Deux véhicules - côté,2,2,2,0,1,1,1,0,1,50,2,2,1,0,0,1,41.0,50.0,voiture,deux_roues,1,2,9,1,3
202400026088,2024-01-24 10:40:00,2024,1,24,10,40,85,85161,la Gautrie,46.561589,-1.503647,Plein jour,Hors agglomération,Hors intersection,Normale,Deux véhicules - côté,3,2,2,0,1,1,2,0,1,80,2,2,1,0,1,0,81.0,75.0,voiture,deux_roues,1,1,1,1,3
202400026089,2024-09-03 05:30:00,2024,9,3,5,30,92,92040,VERDUN (AVENUE DE) DU 115 AU 149,48.81785872,2.25007832,Nuit avec éclairage allumé,En agglomération,Hors intersection,Normale,Autre collision,3,1,0,0,1,1,1,0,4,30,1,4,0,0,0,4,21.0,,voiture,,5,2,1,1,6
202400026090,2024-02-18 11:10:00,2024,2,18,11,10,13,13208,PRADO (AVENUE DU),43.26766985,5.38383365,Plein jour,En agglomération,Hors intersection,Normale,Trois véhicules et plus - collisions multiples,4,2,6,0,1,1,1,0,1,50,4,5,3,0,2,0,40.0,45.0,voiture,voiture,1,2,1,1,5
202400026091,2024-07-27 11:40:00,2024,7,27,11,40,14,14366,31 Rue Henry Chéron,49.14596,0.22684,Plein jour,En agglomération,Hors intersection,Normale,Deux véhicules - arrière,4,2,2,0,2,1,1,0,1,30,2,2,1,0,0,1,56.0,26.0,utilitaire_camion,deux_roues,1,2,1,1,2
202400026092,2024-01-25 12:10:00,2024,1,25,12,10,80,80176,D930,49.70987,2.828701,Plein jour,Hors agglomération,Autre intersection,Normale,Deux véhicules - frontale,3,2,2,0,1,3,2,5,1,80,2,2,1,0,1,0,55.0,58.0,voiture,utilitaire_camion,1,1,9,1,1
202400026093,2024-09-03 11:50:00,2024,9,3,11,50,92,92036,BASSES NOELS (PASSAGE DES),48.92597,2.31333,Plein jour,En agglomération,Hors intersection,Normale,Sans collision,4,1,1,0,1,3,2,0,1,30,2,2,1,0,0,1,50.0,20.0,utilitaire_camion,deux_roues,1,2,1,1,7