accident_id,datetime,annee,mois,jour,heure,minute,departement,commune_insee,adresse,latitude,longitude,luminosite,agglomeration,intersection,meteo,collision,catr,circ,nbv,vosp,prof,plan,surf,infra,situ,vma,nb_vehicules,nb_usagers,nb_indemnes,nb_tues,nb_blesses_hosp,nb_blesses_legers,age_cond_1,age_cond_2,veh_type_cond_1,veh_type_cond_2,lum_code,agg_code,int_code,atm_code,col_code
202400026094,2024-05-23 01:50:00,2024,5,23,1,50,974,97416,HUBERT DE LISLE(BOULEVARD),-21.34344,55.47199,Nuit avec éclairage allumé,En agglomération,Hors intersection,Normale,Autre collision,4,3,1,0,1,1,1,0,1,50,1,1,0,0,0,1,46.0,,deux_roues,,5,2,1,1,6
202400026095,2024-07-27 04:46:00,2024,7,27,4,46,13,13207,Corniche John Fitzgérald Kennedy,43.27847904,5.35456324,Nuit avec éclairage allumé,En agglomération,Hors intersection,Normale,Deux véhicules - côté,4,2,3,0,1,2,1,9,1,50,2,3,1,0,1,1,30.0,28.0,deux_roues,voiture,5,2,1,1,3
202400026096,2024-01-24 08:35:00,2024,1,24,8,35,13,13202,A55 - Sens Marseille vers Martigues,43.31431865,5.36559368,Plein jour,Hors agglomération,Hors intersection,Normale,Deux véhicules - arrière,1,-1,2,0,1,1,1,0,1,90,2,2,1,0,0,1,28.0,40.0,utilitaire_camion,voiture,1,1,1,1,2
202400026097,2024-09-03 09:56:00,2024,9,3,9,56,92,92024,RUE PAUL DUPONT,48.90468,2.29361,Plein jour,En agglomération,Intersection en X,Pluie légère,Deux véhicules - côté,4,1,1,0,1,1,2,0,1,30,2,2,1,0,0,1,50.0,63.0,voiture,voiture,1,2,2,2,3
202400026097,2024-09-03 09:56:00,2024,9,3,9,56,92,92024,RUE PAUL DUPONT,48.90468,2.29361,Plein jour,En agglomération,Intersection en X,Pluie légère,Deux véhicules - côté,4,2,2,0,1,1,2,0,1,30,2,2,1,0,0,1,50.0,63.0,voiture,voiture,1,2,2,2,3
202400026098,2024-07-27 19:00:00,2024,7,27,19,0,13,13214,JEAN QUEILLAU (RUE),43.33266,5.38599,Plein jour,En agglomération,Hors intersection,Normale,Deux véhicules - frontale,4,2,2,0,2,1,1,0,1,50,2,3,2,0,0,1,21.0,46.0,voiture,voiture,1,2,1,1,1
202400026099,2024-05-22 18:49:00,2024,5,22,18,49,973,97302,ROUTE NATIONALE 1,4.90117324,-52.32502484,Nuit avec éclairage allumé,Hors agglomération,Hors intersection,Normale,Deux véhicules - arrière,2,1,3,2,1,1,1,0,1,90,2,4,0,0,0,4,31.0,18.0,deux_roues,deux_roues,5,1,1,1,2
202400026100,2024-05-22 06:45:00,2024,5,22,6,45,973,97302,MIRZA (ROND-POINT),4.93243,-52.32648,Plein jour,En agglomération,Giratoire,Pluie légère,Deux véhicules - côté,3,1,2,0,1,2,2,0,1,50,2,2,1,0,0,1,37.0,55.0,voiture,deux_roues,1,2,6,2,3
202400026101,2024-09-03 13:20:00,2024,9,3,13,20,92,92060,CARREAU (RUE DU),48.78090072,2.25580949,Plein jour,En agglomération,Giratoire,Normale,Deux véhicules - côté,4,2,2,0,1,1,1,0,1,50,2,2,1,0,0,1,18.0,30.0,deux_roues,utilitaire_camion,1,2,6,1,3
202400026101,2024-09-03 13:20:00,2024,9,3,13,20,92,92060,CARREAU (RUE DU),48.78090072,2.25580949,Plein jour,En agglomération,Giratoire,Normale,Deux véhicules - côté,4,2,2,0,1,1,1,0,1,50,2,2,1,0,0,1,18.0,30.0,deux_roues,utilitaire_camion,1,2,6,1,3
202400026102,2024-01-23 09:50:00,2024,1,23,9,50,13,13081,A7-Sens Lyon vers Marseille,43.49581534,5.23949787,Plein jour,Hors agglomération,Hors intersection,Normale,Trois véhicules et plus - en chaîne,1,1,2,0,1,1,1,0,1,110,3,6,2,0,0,4,44.0,23.0,voiture,voiture,1,1,1,1,4
202400026103,2024-07-26 14:53:00,2024,7,26,14,53,13,13209,MAZARGUES (ROND-POINT),43.25089,5.4037,Plein jour,En agglomération,Giratoire,Normale,Deux véhicules - côté,4,2,2,0,1,1,1,0,1,50,2,2,1,0,0,1,38.0,,deux_roues,voiture,1,2,6,1,3
202400026103,2024-07-26 14:53:00,2024,7,26,14,53,13,13209,MAZARGUES (ROND-POINT),43.25089,5.4037,Plein jour,En agglomération,Giratoire,Normale,Deux véhicules - côté,4,2,4,0,2,2,1,0,1,50,2,2,1,0,0,1,38.0,,deux_roues,voiture,1,2,6,1,3
202400026104,2024-05-22 19:15:00,2024,5,22,19,15,69,69388,Avenue Jean Mermoz,45.73371447,4.87775192,Plein jour,En agglomération,Intersection en T,Pluie légère,Deux véhicules - côté,4,2,2,3,1,1,2,0,6,50,2,2,1,0,0,1,42.0,53.0,deux_roues,voiture,1,2,3,2,3
202400026104,2024-05-22 19:15:00,2024,5,22,19,15,69,69388,Avenue Jean Mermoz,45.73371447,4.87775192,Plein jour,En agglomération,Intersection en T,Pluie légère,Deux véhicules - côté,4,2,2,2,1,1,2,0,6,30,2,2,1,0,0,1,42.0,53.0,deux_roues,voiture,1,2,3,2,3
202400026105,2024-09-03 14:50:00,2024,9,3,14,50,92,92004,COMETE  ( RUE DE LA ),48.9133593,2.28673339,Plein jour,En agglomération,Autre intersection,Normale,Deux véhicules - côté,4,1,1,1,1,1,1,0,8,30,2,2,1,0,0,1,36.0,60.0,deux_roues,utilitaire_camion,1,2,9,1,3
202400026106,2024-01-23 07:00:00,2024,1,23,7,0,83,83126,A50,43.11971718,5.86322838,Nuit avec éclairage allumé,Hors agglomération,Hors intersection,Normale,Deux véhicules - côté,1,3,4,0,1,1,1,0,1,90,2,2,1,0,0,1,57.0,31.0,utilitaire_camion,voiture,5,1,1,1,3
202400026107,2024-07-26 15:45:00,2024,7,26,15,45,13,13028,SERPOLET (AVENUE DU),43.20002322,5.59503443,Plein jour,En agglomération,Hors intersection,Normale,Deux véhicules - côté,4,2,2,0,2,4,8,0,1,50,3,4,1,0,0,3,21.0,53.0,voiture,utilitaire_camion,1,2,1,1,3
202400026108,2024-09-02 11:00:00,2024,9,2,11,0,974,97415,route des premiers français,-21.014136,55.264839,Plein jour,En agglomération,Hors intersection,Normale,Deux véhicules - côté,2,2,2,1,1,1,1,0,5,50,2,2,1,0,1,0,60.0,29.0,deux_roues,voiture,1,2,1,1,3
202400026109,2024-05-22 10:00:00,2024,5,22,10,0,69,69383,Rue Feuillat,45.75491149,4.87726863,Plein jour,En agglomération,Intersection en T,Normale,Autre collision,4,2,2,2,1,1,1,0,1,30,1,2,1,0,0,1,54.0,,utilitaire_camion,,1,2,3,1,6
202400026109,2024-05-22 10:00:00,2024,5,22,10,0,69,69383,Rue Feuillat,45.75491149,4.87726863,Plein jour,En agglomération,Intersection en T,Normale,Autre collision,4,1,1,0,1,1,1,0,1,30,1,2,1,0,0,1,54.0,,utilitaire_camion,,1,2,3,1,6
202400026110,2024-01-16 00:05:00,2024,1,16,0,5,69,69029,Route Départementale 383,45.73715337,4.90355879,Nuit sans éclairage public,Hors agglomération,Hors intersection,Normale,Deux véhicules - arrière,7,3,8,0,1,3,1,0,1,70,2,2,1,0,0,1,22.0,58.0,voiture,voiture,3,1,1,1,2
202400026111,2024-07-27 11:10:00,2024,7,27,11,10,11,11262,21 Avenue Gustave Eiffel,43.16134,2.979511,Plein jour,En agglomération,Intersection en X,Normale,Sans collision,4,2,2,0,1,1,1,0,4,50,2,2,1,0,1,0,43.0,45.0,deux_roues,utilitaire_camion,1,2,2,1,7
202400026111,2024-07-27 11:10:00,2024,7,27,11,10,11,11262,21 Avenue Gustave Eiffel,43.16134,2.979511,Plein jour,En agglomération,Intersection en X,Normale,Sans collision,4,2,2,0,1,1,1,0,4,50,2,2,1,0,1,0,43.0,45.0,deux_roues,utilitaire_camion,1,2,2,1,7
202400026112,2024-05-21 13:35:00,2024,5,21,13,35,90,90008,Grande Rue François Mitterrand,47.62074205,6.83429874,Plein jour,En agglomération,Autre intersection,Normale,Autre collision,3,2,2,0,1,1,1,6,1,30,1,2,1,0,0,1,59.0,,utilitaire_camion,,1,2,9,1,6
202400026113,2024-09-03 17:20:00,2024,9,3,17,20,12,12300,Avenue du Quercy,44.35892006,2.02120095,Plein jour,En agglomération,Giratoire,Normale,Deux véhicules - côté,3,2,2,0,1,1,2,5,1,50,2,2,1,0,1,0,16.0,78.0,deux_roues,voiture,1,2,6,1,3
202400026114,2024-07-27 15:30:00,2024,7,27,15,30,11,11069,,43.2108,2.3032,Plein jour,En agglomération,Hors intersection,Normale,Autre collision,4,1,1,0,1,3,1,5,4,50,1,1,0,0,0,1,70.0,,utilitaire_camion,,1,2,1,1,6
202400026115,2024-01-16 17:40:00,2024,1,16,17,40,42,42099,N88,45.37948,4.27344,Nuit sans éclairage public,Hors agglomération,Hors intersection,Normale,Deux véhicules - arrière,2,3,2,0,2,3,1,0,1,90,2,2,0,0,0,2,19.0,53.0,voiture,voiture,3,1,1,1,2
202400026116,2024-05-22 18:30:00,2024,5,22,18,30,88,88160,DOGNEVILLE (Q. DE),48.18189,6.44691,Plein jour,En agglomération,Hors intersection,Normale,Sans collision,4,2,2,0,1,1,1,0,1,50,1,2,0,0,0,2,17.0,,deux_roues,,1,2,1,1,7
202400026117,2024-08-13 15:50:00,2024,8,13,15,50,40,40004,Route de Portets,43.651118,-1.387925,Plein jour,Hors agglomération,Intersection en T,Normale,Deux véhicules - frontale,3,2,2,0,1,1,1,0,1,80,2,2,1,0,0,1,19.0,71.0,deux_roues,voiture,1,1,3,1,1
202400026117,2024-08-13 15:50:00,2024,8,13,15,50,40,40004,Route de Portets,43.651118,-1.387925,Plein jour,Hors agglomération,Intersection en T,Normale,Deux véhicules - frontale,3,2, -1,-1,1,1,1,0,1,80,2,2,1,0,0,1,19.0,71.0,deux_roues,voiture,1,1,3,1,1
202400026118,2024-07-27 19:20:00,2024,7,27,19,20,10,10333,ROCADE OUEST (RD 610),48.269,4.0512,Plein jour,En agglomération,Hors intersection,Pluie forte,Sans collision,3,1,1,0,2,3,2,0,3,50,1,2,0,0,0,2,39.0,,voiture,,1,2,1,3,7
202400026119,2024-05-22 14:05:00,2024,5,22,14,5,84,84007,JOSEPH NOEL CLAMON (rue),43.95257,4.79675,Plein jour,En agglomération,Intersection en Y,Normale,Deux véhicules - frontale,4,2,2,1,1,1,1,0,1,50,2,2,1,0,0,1,60.0,42.0,voiture,deux_roues,1,2,4,1,1
202400026119,2024-05-22 14:05:00,2024,5,22,14,5,84,84007,JOSEPH NOEL CLAMON (rue),43.95257,4.79675,Plein jour,En agglomération,Intersection en Y,Normale,Deux véhicules - frontale,4,2,2,1,2,3,1,0,1,50,2,2,1,0,0,1,60.0,42.0,voiture,deux_roues,1,2,4,1,1
202400026120,2024-07-27 07:20:00,2024,7,27,7,20,06,06069,158 Route de Cannes,43.63469,6.95172,Plein jour,En agglomération,Hors intersection,Normale,Deux véhicules - côté,4,3,3,0,1,1,1,0,1,50,2,2,1,0,0,1,50.0,36.0,deux_roues,voiture,1,2,1,1,3
202400026121,2024-01-24 13:01:00,2024,1,24,13,1,57,57463,RN 431,49.08828419,6.22196314,Plein jour,Hors agglomération,Hors intersection,Normale,Trois véhicules et plus - collisions multiples,2,3,2,0,1,1,1,0,1,110,3,5,2,0,1,2,57.0,56.0,utilitaire_camion,utilitaire_camion,1,1,1,1,5
202400026122,2024-09-03 15:00:00,2024,9,3,15,0,31,31467,Avenue de Fronton,43.679649,1.42233,Plein jour,En agglomération,Intersection en T,Normale,Deux véhicules - côté,7,2,2,0,1,1,1,0,1,50,2,2,1,0,1,0,47.0,43.0,voiture,deux_roues,1,2,3,1,3
202400026122,2024-09-03 15:00:00,2024,9,3,15,0,31,31467,Avenue de Fronton,43.679649,1.42233,Plein jour,En agglomération,Intersection en T,Normale,Deux véhicules - côté,7,2,3,3,1,1,1,0,6,50,2,2,1,0,1,0,47.0,43.0,voiture,deux_roues,1,2,3,1,3
202400026123,2024-05-21 13:45:00,2024,5,21,13,45,84,84007,AMANDIER (Avenue de l'),43.94193,4.85217,Plein jour,En agglomération,Hors intersection,Normale,Deux véhicules - côté,4,2,2,2,1,1,1,0,1,50,2,2,1,0,0,1,64.0,53.0,voiture,deux_roues,1,2,1,1,3
202400026124,2024-09-04 17:30:00,2024,9,4,17,30,81,81238,59 Avenue de la Méditerranée,43.4778841,2.4899695,Plein jour,En agglomération,Hors intersection,Pluie forte,Autre collision,3,2,2,0,1,1,2,0,1,50,1,2,1,0,1,0,32.0,,utilitaire_camion,,1,2,1,3,6
202400026125,2024-01-24 12:50:00,2024,1,24,12,50,33,33397,,44.912913,-0.482811,Plein jour,Hors agglomération,Hors intersection,Normale,Deux véhicules - côté,1,3,6,0,1,1,1,0,1,110,2,2,1,0,0,1,29.0,56.0,voiture,deux_roues,1,1,1,1,3
202400026126,2024-07-27 02:30:00,2024,7,27,2,30,04,04070,NOEL (AV. DU COL.),44.08274,6.20184,Nuit sans éclairage public,En agglomération,Hors intersection,Normale,Autre collision,4,2,2,1,1,4,1,9,1,50,1,5,0,0,1,4,20.0,,voiture,,3,2,1,1,6
202400026127,2024-05-21 09:10:00,2024,5,21,9,10,84,84007,AULNES(Avenue des)-MONTFAVET,43.94328,4.86571,Plein jour,En agglomération,Intersection en X,Normale,Deux véhicules - côté,4,2,2,0,1,1,1,0,1,50,2,2,1,0,0,1,41.0,71.0,voiture,deux_roues,1,2,2,1,3
202400026127,2024-05-21 09:10:00,2024,5,21,9,10,84,84007,AULNES(Avenue des)-MONTFAVET,43.94328,4.86571,Plein jour,En agglomération,Intersection en X,Normale,Deux véhicules - côté,4,2,2,0,1,1,1,0,1,50,2,2,1,0,0,1,41.0,71.0,voiture,deux_roues,1,2,2,1,3
202400026128,2024-09-03 22:40:00,2024,9,3,22,40,10,10240,D660,48.277143,3.906161,Nuit sans éclairage public,Hors agglomération,Hors intersection,Temps couvert,Autre collision,3,2,2,0,1,1,1,0,1,90,1,2,1,1,0,0,37.0,,utilitaire_camion,,3,1,1,8,6
202400026129,2024-07-27 21:40:00,2024,7,27,21,40,75,75116,ECHANGEUR MAILLOT,48.875228,2.276512,Plein jour,En agglomération,Hors intersection,Pluie légère,Sans collision,4,-1,1,0,1,1,2,1,1,50,1,1,0,0,0,1,26.0,,deux_roues,,1,2,1,2,7
202400026130,2024-09-04 15:20:00,2024,9,4,15,20,46,46103,RD 820,44.275734,1.46277,Plein jour,Hors agglomération,Hors intersection,Pluie légère,Sans collision,3,2,3,0,2,2,2,0,3,80,1,2,0,1,0,1,56.0,,voiture,,1,1,1,2,7
202400026131,2024-01-24 16:55:00,2024,1,24,16,55,94,94003,A6A,48.80352187,2.34180952,Plein jour,Hors agglomération,Hors intersection,Normale,Trois véhicules et plus - collisions multiples,1,2,3,0,1,1,1,0,1,90,4,4,3,0,0,1,23.0,41.0,voiture,utilitaire_camion,1,1,1,1,5
202400026132,2024-05-21 22:55:00,2024,5,21,22,55,83,83137,HERRIOT (AVE EDOUARD),43.12869,5.89264,Nuit avec éclairage allumé,En agglomération,Autre intersection,Normale,Deux véhicules - côté,3,3,1,0,1,1,1,9,1,50,2,2,1,0,0,1,27.0,35.0,deux_roues,voiture,5,2,9,1,3
202400026132,2024-05-21 22:55:00,2024,5,21,22,55,83,83137,HERRIOT (AVE EDOUARD),43.12869,5.89264,Nuit avec éclairage allumé,En agglomération,Autre intersection,Normale,Deux véhicules - côté,3,1,1,0,1,1,1,0,1,50,2,2,1,0,0,1,27.0,35.0,deux_roues,voiture,5,2,9,1,3
202400026133,2024-07-27 11:40:00,2024,7,27,11,40,75,75119,BD PERIPHERIQUE EXTERIEUR,48.890069,2.396274,Plein jour,En agglomération,Hors intersection,Pluie légère,Deux véhicules - arrière,4,1,4,0,1,1,2,0,1,70,2,2,1,0,0,1,39.0,49.0,deux_roues,utilitaire_camion,1,2,1,2,2
202400026134,2024-09-03 16:38:00,2024,9,3,16,38,67,67253,D220,48.647403,7.529175,Plein jour,Hors agglomération,Hors intersection,Normale,Deux véhicules - frontale,3,2,2,0,1,3,1,0,1,80,2,2,1,0,1,0,29.0,40.0,deux_roues,voiture,1,1,1,1,1
202400026135,2024-01-24 01:51:00,2024,1,24,1,51,91,91689,AUTOROUTE A10,48.74197,2.3217,Nuit sans éclairage public,Hors agglomération,Hors intersection,Normale,Sans collision,1,-1,2,0,2,1,2,0,1,90,1,1,0,0,0,1,26.0,,utilitaire_camion,,3,1,1,1,7
202400026136,2024-07-27 06:20:00,2024,7,27,6,20,75,75120,BD PERIPHERIQUE INTERIEUR,48.848316,2.414768,Plein jour,En agglomération,Hors intersection,Pluie légère,Autre collision,4,1,4,0,1,1,2,0,1,70,1,1,0,0,0,1,20.0,,voiture,,1,2,1,2,6
202400026137,2024-05-22 10:35:00,2024,5,22,10,35,78,78372,EUROPE (AVENUE DE L'),48.88443,2.10023,Plein jour,En agglomération,Intersection en T,Temps couvert,Deux véhicules - arrière,3,2,2,0,2,3,1,0,1,50,2,2,1,0,0,1,73.0,53.0,deux_roues,voiture,1,2,3,8,2
202400026137,2024-05-22 10:35:00,2024,5,22,10,35,78,78372,EUROPE (AVENUE DE L'),48.88443,2.10023,Plein jour,En agglomération,Intersection en T,Temps couvert,Deux véhicules - arrière,3,2, -1,-1,1,1,1,0,1,-1,2,2,1,0,0,1,73.0,53.0,deux_roues,voiture,1,2,3,8,2
202400026138,2024-09-03 14:00:00,2024,9,3,14,0,58,58059,"A77, PK 129+000",47.182913,3.038594,Plein jour,Hors agglomération,Autre intersection,Normale,Deux véhicules - côté,1,3,2,0,1,1,1,3,1,110,2,3,2,0,0,1,43.0,50.0,deux_roues,voiture,1,1,9,1,3
202400026139,2024-05-22 10:30:00,2024,5,22,10,30,78,78372,ABREUVOIR (AVENUE DE L'),48.86794,2.10193,Plein jour,En agglomération,Hors intersection,Normale,Deux véhicules - côté,3,2,2,0,2,1,1,0,1,50,2,2,1,0,0,1,50.0,51.0,voiture,deux_roues,1,2,1,1,3
202400026140,2024-07-26 16:10:00,2024,7,26,16,10,75,75118,BD PERIPHERIQUE INTERIEUR,48.900815,2.339917,Plein jour,En agglomération,Hors intersection,Normale,Deux véhicules - côté,4,1,4,3,1,1,1,0,1,70,2,3,2,0,0,1,33.0,28.0,voiture,deux_roues,1,2,1,1,3
202400026141,2024-01-23 09:38:00,2024,1,23,9,38,78,78206,A13,48.951402,1.94234,Plein jour,Hors agglomération,Hors intersection,Normale,Deux véhicules - côté,1,1,3,0,1,1,1,0,1,130,2,3,2,0,0,1,68.0,39.0,voiture,deux_roues,1,1,1,1,3
202400026142,2024-09-04 05:15:00,2024,9,4,5,15,30,30334,D982,44.017169,4.429117,Nuit sans éclairage public,Hors agglomération,Hors intersection,Normale,Sans collision,3,2,2,0,2,2,1,0,3,80,1,1,0,1,0,0,51.0,,voiture,,3,1,1,1,7
202400026143,2024-05-21 16:25:00,2024,5,21,16,25,77,77288,CHAMBLAIN   (BOULEVARD),48.533667,2.654611,Plein jour,En agglomération,Intersection en T,Normale,Autre collision,3,2,2,0,1,1,1,9,1,50,1,2,1,1,0,0,60.0,,voiture,,1,2,3,1,6
202400026143,2024-05-21 16:25:00,2024,5,21,16,25,77,77288,CHAMBLAIN   (BOULEVARD),48.533667,2.654611,Plein jour,En agglomération,Intersection en T,Normale,Autre collision,3,2,2,0,1,3,1,5,6,50,1,2,1,1,0,0,60.0,,voiture,,1,2,3,1,6
202400026144,2024-07-26 10:40:00,2024,7,26,10,40,75,75120,BD PERIPHERIQUE INTERIEUR,48.86134563,2.41373599,Plein jour,En agglomération,Intersection en Y,Pluie légère,Deux véhicules - côté,4,1,4,0,1,1,2,0,1,70,2,2,1,0,0,1,57.0,30.0,utilitaire_camion,voiture,1,2,4,2,3
202400026144,2024-07-26 10:40:00,2024,7,26,10,40,75,75120,BD PERIPHERIQUE INTERIEUR,48.86134563,2.41373599,Plein jour,En agglomération,Intersection en Y,Pluie légère,Deux véhicules - côté,4,1,1,0,2,1,2,0,1,50,2,2,1,0,0,1,57.0,30.0,utilitaire_camion,voiture,1,2,4,2,3
202400026145,2024-01-24 01:15:00,2024,1,24,1,15,93,93064,A3,48.88566369,2.47257834,Nuit sans éclairage public,Hors agglomération,Hors intersection,Normale,Trois véhicules et plus - en chaîne,1,3,8,0,1,3,1,0,1,90,3,3,2,0,0,1,24.0,36.0,voiture,voiture,3,1,1,1,4
202400026146,2024-08-20 20:00:00,2024,8,20,20,0,62,62864,D9E4,50.261202,2.944443,Plein jour,Hors agglomération,Hors intersection,Normale,Autre collision,3,2,2,0,1,3,1,9,8,80,1,3,0,0,1,2,27.0,,voiture,,1,1,1,1,6
202400026147,2024-05-16 09:03:00,2024,5,16,9,3,77,77251,AV PAUL DELOUVRIER,48.62649,2.55301,Plein jour,Hors agglomération,Giratoire,Normale,Deux véhicules - frontale,4,2,2,0,1,3,1,9,1,50,2,2,1,0,1,0,32.0,47.0,voiture,deux_roues,1,1,6,1,1
202400026147,2024-05-16 09:03:00,2024,5,16,9,3,77,77251,AV PAUL DELOUVRIER,48.62649,2.55301,Plein jour,Hors agglomération,Giratoire,Normale,Deux véhicules - frontale,4,2,2,0,1,1,1,9,1,50,2,2,1,0,1,0,32.0,47.0,voiture,deux_roues,1,1,6,1,1
202400026148,2024-09-04 00:45:00,2024,9,4,0,45,95,95652,ROULIERS (CHEMIN DES),49.113732,2.394665,Nuit sans éclairage public,Hors agglomération,Hors intersection,Normale,Autre collision,4,2,2,0,1,2,1,0,3,30,1,1,0,0,0,1,33.0,,voiture,,3,1,1,1,6
202400026149,2024-07-27 16:26:00,2024,7,27,16,26,75,75114,BD PERIPHERIQUE INTERIEUR,48.824682,2.305116,Plein jour,En agglomération,Hors intersection,Pluie légère,Deux véhicules - côté,4,1,3,3,1,1,2,1,1,70,2,5,3,0,0,2,55.0,29.0,voiture,deux_roues,1,2,1,2,3
202400026150,2024-05-22 18:10:00,2024,5,22,18,10,69,69282,Avenue de Verdun,45.77576,4.98974,Plein jour,En agglomération,Intersection en X,Normale,Autre collision,7,2,2,2,1,1,1,0,1,50,1,1,0,0,0,1,32.0,,voiture,,1,2,2,1,6
202400026150,2024-05-22 18:10:00,2024,5,22,18,10,69,69282,Avenue de Verdun,45.77576,4.98974,Plein jour,En agglomération,Intersection en X,Normale,Autre collision,7,2,2,2,1,1,1,0,4,50,1,1,0,0,0,1,32.0,,voiture,,1,2,2,1,6
202400026151,2024-09-03 19:30:00,2024,9,3,19,30,76,76146,D919,49.578943,1.293147,Plein jour,Hors agglomération,Hors intersection,Normale,Deux véhicules - côté,3,2,2,0,1,1,1,0,1,50,2,2,1,0,0,1,23.0,55.0,voiture,voiture,1,1,1,1,3
202400026152,2024-07-26 20:30:00,2024,7,26,20,30,75,75115,QUAI DE GRENELLE,48.852059,2.288832,Plein jour,En agglomération,Intersection en T,Pluie forte,Autre collision,4,2, -1,-1,1,1,2,0,1,30,1,1,0,0,0,1,26.0,,deux_roues,,1,2,3,3,6
202400026152,2024-07-26 20:30:00,2024,7,26,20,30,75,75115,QUAI DE GRENELLE,48.852059,2.288832,Plein jour,En agglomération,Intersection en T,Pluie forte,Autre collision,4,-1,1,0,1,1,2,0,1,30,1,1,0,0,0,1,26.0,,deux_roues,,1,2,3,3,6
202400026153,2024-01-23 10:20:00,2024,1,23,10,20,974,97416,LEBLOND(RUE M. ET A.),-21.33574,55.46824,Plein jour,En agglomération,Intersection en T,Normale,Deux véhicules - arrière,4,2,2,0,1,1,1,0,1,50,2,3,2,0,0,1,64.0,32.0,voiture,deux_roues,1,2,3,1,2
202400026153,2024-01-23 10:20:00,2024,1,23,10,20,974,97416,LEBLOND(RUE M. ET A.),-21.33574,55.46824,Plein jour,En agglomération,Intersection en T,Normale,Deux véhicules - arrière,4,2,2,0,1,1,1,0,1,50,2,3,2,0,0,1,64.0,32.0,voiture,deux_roues,1,2,3,1,2
202400026154,2024-05-22 11:10:00,2024,5,22,11,10,66,66136,,42.69722,2.88322,Plein jour,En agglomération,Intersection à plus de 4 branches,Normale,Deux véhicules - frontale,4,1,1,-1,1,1,1,0,8,50,2,2,1,0,0,1,54.0,38.0,voiture,deux_roues,1,2,5,1,1
202400026154,2024-05-22 11:10:00,2024,5,22,11,10,66,66136,,42.69722,2.88322,Plein jour,En agglomération,Intersection à plus de 4 branches,Normale,Deux véhicules - frontale,4,1,2,3,1,1,1,0,1,30,2,2,1,0,0,1,54.0,38.0,voiture,deux_roues,1,2,5,1,1
202400026155,2024-01-23 12:30:00,2024,1,23,12,30,973,97302,BONHOMME (CITE),4.91986914,-52.31840193,Plein jour,En agglomération,Hors intersection,Normale,Autre collision,4,2,2,0,1,1,1,0,1,30,1,2,1,0,0,1,29.0,,deux_roues,,1,2,1,1,6
202400026156,2024-07-27 13:40:00,2024,7,27,13,40,75,75114,AVENUE RENE COTY,48.829924,2.334204,Plein jour,En agglomération,Intersection en T,Normale,Deux véhicules - côté,4,1,4,0,1,1,2,0,1,30,2,2,1,0,0,1,39.0,58.0,utilitaire_camion,deux_roues,1,2,3,1,3
202400026156,2024-07-27 13:40:00,2024,7,27,13,40,75,75114,AVENUE RENE COTY,48.829924,2.334204,Plein jour,En agglomération,Intersection en T,Normale,Deux véhicules - côté,4,2,2,0,2,1,2,0,1,30,2,2,1,0,0,1,39.0,58.0,utilitaire_camion,deux_roues,1,2,3,1,3
202400026157,2024-05-22 20:20:00,2024,5,22,20,20,59,59650,CASTEL (RUE JEAN),50.710558,3.210555,Plein jour,En agglomération,Hors intersection,Normale,Deux véhicules - côté,4,1,4,1,1,1,1,0,1,70,2,2,1,0,0,1,24.0,11.0,voiture,deux_roues,1,2,1,1,3
202400026158,2024-09-03 12:00:00,2024,9,3,12,0,25,25601,12 Grande-rue,47.182977,6.399359,Plein jour,En agglomération,Hors intersection,Normale,Autre collision,3,2,2,0,1,2,1,0,4,50,1,5,1,0,1,3,70.0,,voiture,,1,2,1,1,6
202400026159,2024-05-21 17:40:00,2024,5,21,17,40,56,56121,Rue de Vauban,47.74994,-3.3634,Plein jour,En agglomération,Intersection en X,Normale,Autre collision,4,2,2,0,1,1,1,0,1,30,1,2,1,0,0,1,32.0,,voiture,,1,2,2,1,6
202400026159,2024-05-21 17:40:00,2024,5,21,17,40,56,56121,Rue de Vauban,47.74994,-3.3634,Plein jour,En agglomération,Intersection en X,Normale,Autre collision,4,1,1,0,1,1,1,0,1,30,1,2,1,0,0,1,32.0,,voiture,,1,2,2,1,6
202400026160,2024-07-27 12:40:00,2024,7,27,12,40,75,75110,BOULEVARD DE STRASBOURG,48.87058572,2.35500705,Plein jour,En agglomération,Intersection en T,Pluie forte,Deux véhicules - arrière,4,1,3,3,1,1,2,0,1,30,2,2,1,0,0,1,33.0,48.0,deux_roues,voiture,1,2,3,3,2
202400026160,2024-07-27 12:40:00,2024,7,27,12,40,75,75110,BOULEVARD DE STRASBOURG,48.87058572,2.35500705,Plein jour,En agglomération,Intersection en T,Pluie forte,Deux véhicules - arrière,4,1, -1,-1,1,1,2,0,1,30,2,2,1,0,0,1,33.0,48.0,deux_roues,voiture,1,2,3,3,2
202400026161,2024-01-24 01:50:00,2024,1,24,1,50,69,69387,Avenue Jean Jaurès,45.74816,4.84367,Nuit avec éclairage allumé,En agglomération,Intersection en X,Normale,Deux véhicules - côté,4,1,2,3,1,1,1,0,1,30,2,3,2,0,1,0,23.0,28.0,deux_roues,voiture,5,2,2,1,3
202400026161,2024-01-24 01:50:00,2024,1,24,1,50,69,69387,Avenue Jean Jaurès,45.74816,4.84367,Nuit avec éclairage allumé,En agglomération,Intersection en X,Normale,Deux véhicules - côté,4,1,3,3,1,1,1,0,1,30,2,3,2,0,1,0,23.0,28.0,deux_roues,voiture,5,2,2,1,3
202400026162,2024-09-04 10:55:00,2024,9,4,10,55,44,44130,,47.112225,-1.538231,Plein jour,Hors agglomération,Hors intersection,Normale,Deux véhicules - côté,3,3,4,0,1,1,1,3,1,90,2,2,1,0,0,1,53.0,65.0,utilitaire_camion,deux_roues,1,1,1,1,3