accident_id,datetime,annee,mois,jour,heure,minute,departement,commune_insee,adresse,latitude,longitude,luminosite,agglomeration,intersection,meteo,collision,catr,circ,nbv,vosp,prof,plan,surf,infra,situ,vma,nb_vehicules,nb_usagers,nb_indemnes,nb_tues,nb_blesses_hosp,nb_blesses_legers,age_cond_1,age_cond_2,veh_type_cond_1,veh_type_cond_2,lum_code,agg_code,int_code,atm_code,col_code
202400026163,2024-05-22 19:45:00,2024,5,22,19,45,54,54547,Square de Liège,48.66736122,6.16813123,Plein jour,En agglomération,Hors intersection,Normale,Deux véhicules - côté,6,-1, -1,0,1,1,1,0,8,30,2,2,1,0,0,1,28.0,22.0,voiture,voiture,1,2,1,1,3
202400026164,2024-01-12 16:00:00,2024,1,12,16,0,69,69388,21 Rue Genton,45.73391124,4.88465154,Plein jour,En agglomération,Hors intersection,Normale,Autre collision,4,2,2,0,1,1,1,0,1,30,1,2,1,0,0,1,52.0,,voiture,,1,2,1,1,6
202400026165,2024-07-26 23:00:00,2024,7,26,23,0,75,75110,RUE DU FAUBOURG SAINT MARTIN,48.881597,2.36572,Nuit avec éclairage allumé,En agglomération,Intersection en X,Pluie légère,Deux véhicules - côté,4,2, -1,-1,1,1,2,0,1,30,2,2,1,0,0,1,,48.0,utilitaire_camion,deux_roues,5,2,2,2,3
202400026165,2024-07-26 23:00:00,2024,7,26,23,0,75,75110,RUE DU FAUBOURG SAINT MARTIN,48.881597,2.36572,Nuit avec éclairage allumé,En agglomération,Intersection en X,Pluie légère,Deux véhicules - côté,4,3,3,2,1,1,2,0,1,30,2,2,1,0,0,1,,48.0,utilitaire_camion,deux_roues,5,2,2,2,3
202400026166,2024-05-22 11:00:00,2024,5,22,11,0,54,54395,Rue de Phalsbourg,48.68425,6.18044,Plein jour,En agglomération,Intersection en T,Normale,Deux véhicules - côté,4,1,1,2,1,1,1,-1,1,30,2,2,1,0,0,1,22.0,20.0,deux_roues,utilitaire_camion,1,2,3,1,3
202400026166,2024-05-22 11:00:00,2024,5,22,11,0,54,54395,Rue de Phalsbourg,48.68425,6.18044,Plein jour,En agglomération,Intersection en T,Normale,Deux véhicules - côté,4,2,2,0,1,1,1,0,1,30,2,2,1,0,0,1,22.0,20.0,deux_roues,utilitaire_camion,1,2,3,1,3
202400026167,2024-09-04 07:00:00,2024,9,4,7,0,44,44002,,47.074769,-1.419114,Crépuscule ou aube,En agglomération,Intersection en X,Normale,Deux véhicules - côté,3,2,2,0,1,1,1,0,1,50,2,2,1,0,1,0,16.0,33.0,deux_roues,voiture,2,2,2,1,3
202400026167,2024-09-04 07:00:00,2024,9,4,7,0,44,44002,,47.074769,-1.419114,Crépuscule ou aube,En agglomération,Intersection en X,Normale,Deux véhicules - côté,3,2,2,0,1,1,1,0,1,50,2,2,1,0,1,0,16.0,33.0,deux_roues,voiture,2,2,2,1,3
202400026168,2024-01-23 17:00:00,2024,1,23,17,0,972,97209,MARNE (BOULEVARD DE LA),14.60483,-61.08482,Plein jour,En agglomération,Hors intersection,Normale,Autre collision,2,3,4,0,1,1,1,0,1,50,1,3,2,0,1,0,77.0,,voiture,,1,2,1,1,6
202400026169,2024-05-21 18:27:00,2024,5,21,18,27,54,54547,Rue de Gembloux,48.662714,6.176599,Plein jour,En agglomération,Hors intersection,Normale,Deux véhicules - côté,4,2,2,1,1,1,1,-1,1,30,2,2,1,0,0,1,18.0,36.0,deux_roues,voiture,1,2,1,1,3
202400026170,2024-07-26 16:35:00,2024,7,26,16,35,75,75109,RUE SAINT LAZARE,48.875748,2.328553,Plein jour,En agglomération,Intersection en T,Temps couvert,Autre collision,4,2, -1,-1,1,1,1,0,1,30,1,2,1,0,0,1,61.0,,deux_roues,,1,2,3,8,6
202400026170,2024-07-26 16:35:00,2024,7,26,16,35,75,75109,RUE SAINT LAZARE,48.875748,2.328553,Plein jour,En agglomération,Intersection en T,Temps couvert,Autre collision,4,2,3,3,1,1,1,6,1,30,1,2,1,0,0,1,61.0,,deux_roues,,1,2,3,8,6
202400026171,2024-08-30 10:38:00,2024,8,30,10,38,29,29257,Lieu Dit Kerhornou,48.561095,-4.633696,Plein jour,Hors agglomération,Hors intersection,Normale,Sans collision,4,2,2,0,1,1,1,0,1,80,1,1,0,0,1,0,18.0,,autre,,1,1,1,1,7
202400026172,2024-01-23 06:43:00,2024,1,23,6,43,972,97209,YVES GOUSSARD (RUE),14.60831047,-61.0686707,Plein jour,En agglomération,Hors intersection,Normale,Autre collision,4,-1,2,0,2,2,1,0,1,30,1,1,0,0,0,1,78.0,,autre,,1,2,1,1,6
202400026173,2024-07-26 17:00:00,2024,7,26,17,0,94,94081,Route de Fontainebleau,48.77706675,2.36763203,Plein jour,En agglomération,Hors intersection,Normale,Autre collision,3,2,4,3,1,1,1,0,1,50,1,2,1,0,0,1,61.0,,voiture,,1,2,1,1,6
202400026174,2024-05-21 09:56:00,2024,5,21,9,56,54,54395,Avenue Général Leclerc,48.6744,6.17526,Plein jour,En agglomération,Intersection en T,Pluie légère,Deux véhicules - côté,4,2,2,3,1,1,2,-1,1,50,2,3,2,0,0,1,56.0,47.0,transport_commun,voiture,1,2,3,2,3
202400026174,2024-05-21 09:56:00,2024,5,21,9,56,54,54395,Avenue Général Leclerc,48.6744,6.17526,Plein jour,En agglomération,Intersection en T,Pluie légère,Deux véhicules - côté,4,1,1,0,1,1,2,0,1,50,2,3,2,0,0,1,56.0,47.0,transport_commun,voiture,1,2,3,2,3
202400026175,2024-01-22 16:45:00,2024,1,22,16,45,972,97209,BISHOP (Avenue Maurice),14.6132,-61.05264,Plein jour,Hors agglomération,Hors intersection,Pluie légère,Autre collision,3,2,2,3,1,1,2,0,6,50,1,2,1,0,0,1,28.0,,deux_roues,,1,1,1,2,6
202400026176,2024-05-21 08:13:00,2024,5,21,8,13,49,49007,MONTESQUIEU PASSAGE,47.47334,-0.57868,Plein jour,En agglomération,Hors intersection,Pluie légère,Sans collision,4,2,2,0,1,3,2,0,1,50,1,1,0,0,0,1,18.0,,deux_roues,,1,2,1,2,7
202400026177,2024-09-04 18:55:00,2024,9,4,18,55,58,58247,Cougny,47.003305,3.354151,Crépuscule ou aube,Hors agglomération,Autre intersection,Normale,Trois véhicules et plus - collisions multiples,3,2,2,0,2,1,1,9,1,90,4,5,2,0,3,0,35.0,61.0,voiture,voiture,2,1,9,1,5
202400026178,2024-07-27 00:45:00,2024,7,27,0,45,94,94080,Avenue Aubert,48.847579,2.43063,Nuit avec éclairage allumé,En agglomération,Intersection en X,Pluie légère,Autre collision,4,1,2,1,1,1,2,5,1,30,1,2,1,0,0,1,31.0,,voiture,,5,2,2,2,6
202400026178,2024-07-27 00:45:00,2024,7,27,0,45,94,94080,Avenue Aubert,48.847579,2.43063,Nuit avec éclairage allumé,En agglomération,Intersection en X,Pluie légère,Autre collision,4,2,2,0,1,1,2,5,1,50,1,2,1,0,0,1,31.0,,voiture,,5,2,2,2,6
202400026179,2024-01-21 23:35:00,2024,1,21,23,35,972,97209,LEOPOLD BISSOL (BOULEVARD),14.61294,-61.07347,Nuit avec éclairage allumé,En agglomération,Hors intersection,Normale,Autre collision,4,2,2,0,2,1,1,0,1,50,1,3,2,0,0,1,31.0,,voiture,,5,2,1,1,6
202400026180,2024-05-22 12:45:00,2024,5,22,12,45,45,45075,POMPIDOU (AVENUE GEORGES POMPIDOU),47.898716,1.855141,Plein jour,En agglomération,Hors intersection,Normale,Deux véhicules - frontale,4,3,2,1,1,1,1,6,5,25,2,2,0,0,0,2,32.0,18.0,deux_roues,deux_roues,1,2,1,1,1
202400026181,2024-01-23 07:23:00,2024,1,23,7,23,69,69389,103 Avenue 25ème Régiment des Tirailleurs Sénégalais,45.78338,4.80053,Crépuscule ou aube,En agglomération,Hors intersection,Normale,Deux véhicules - côté,7,2,2,3,2,1,2,0,1,50,2,2,1,0,0,1,49.0,54.0,utilitaire_camion,deux_roues,2,2,1,1,3
202400026182,2024-09-04 05:30:00,2024,9,4,5,30,54,54523,D974,48.567393,5.94856,Nuit sans éclairage public,Hors agglomération,Hors intersection,Pluie légère,Deux véhicules - frontale,3,2,2,0,2,1,2,0,1,80,2,5,1,2,2,0,58.0,43.0,voiture,utilitaire_camion,3,1,1,2,1
202400026183,2024-07-27 07:45:00,2024,7,27,7,45,94,94034,Avenue de la Division Leclerc,48.7591,2.32466,Crépuscule ou aube,En agglomération,Autre intersection,Pluie forte,Deux véhicules - côté,4,1,2,0,2,1,2,0,1,50,2,2,1,0,0,1,25.0,29.0,voiture,voiture,2,2,9,3,3
202400026183,2024-07-27 07:45:00,2024,7,27,7,45,94,94034,Avenue de la Division Leclerc,48.7591,2.32466,Crépuscule ou aube,En agglomération,Autre intersection,Pluie forte,Deux véhicules - côté,4,2,1,0,1,1,2,0,1,50,2,2,1,0,0,1,25.0,29.0,voiture,voiture,2,2,9,3,3
202400026184,2024-05-22 18:00:00,2024,5,22,18,0,41,41226,PARIS (ROUTE DE),47.82451514,1.07734507,Plein jour,Hors agglomération,Hors intersection,Normale,Sans collision,2,-1,2,0,1,1,1,0,1,50,1,1,0,0,0,1,45.0,,utilitaire_camion,,1,1,1,1,7
202400026185,2024-09-04 09:48:00,2024,9,4,9,48,05,05084,"RN94, Zone artisanale du Saruchet",44.55280648,6.24471063,Plein jour,Hors agglomération,Hors intersection,Normale,Sans collision,2,2,2,0,2,1,1,0,1,80,1,1,0,0,1,0,75.0,,deux_roues,,1,1,1,1,7
202400026186,2024-01-23 07:45:00,2024,1,23,7,45,69,69384,65 Quai Joseph Gillet,45.78685451,4.81709227,Crépuscule ou aube,En agglomération,Hors intersection,Normale,Deux véhicules - côté,4,2,2,2,1,1,2,0,1,30,2,3,1,0,0,2,39.0,25.0,deux_roues,voiture,2,2,1,1,3
202400026187,2024-05-20 11:40:00,2024,5,20,11,40,40,40281,KENNEDY (AV DU PDT. JOHN FIDGERALD),43.86337,-0.48622,Plein jour,En agglomération,Hors intersection,Pluie forte,Deux véhicules - frontale,3,2,2,0,1,1,2,0,1,50,2,2,1,0,1,0,41.0,54.0,utilitaire_camion,voiture,1,2,1,3,1
202400026188,2024-07-27 21:15:00,2024,7,27,21,15,94,94017,Rue Eugéne Varlin,48.826274,2.522551,Crépuscule ou aube,En agglomération,Hors intersection,Temps couvert,Deux véhicules - côté,3,2,2,0,1,1,1,0,1,50,2,2,1,0,0,1,38.0,35.0,deux_roues,autre,2,2,1,8,3
202400026189,2024-09-03 14:20:00,2024,9,3,14,20,21,21016,D28d,47.362636,5.166686,Plein jour,Hors agglomération,Hors intersection,Normale,Deux véhicules - frontale,3,2,2,0,1,4,1,0,1,80,2,2,1,0,0,1,41.0,33.0,voiture,utilitaire_camion,1,1,1,1,1
202400026190,2024-05-17 14:50:00,2024,5,17,14,50,40,40192,PEMEGNAN (CHEMIN DE),43.89575,-0.46358,Plein jour,En agglomération,Hors intersection,Normale,Deux véhicules - côté,4,2,2,0,1,1,1,0,1,50,2,2,1,0,1,0,63.0,51.0,deux_roues,voiture,1,2,1,1,3
202400026191,2024-01-23 16:22:00,2024,1,23,16,22,971,97101,MORNE CARUEL,16.25764669,-61.5198487,Plein jour,En agglomération,Intersection en T,Normale,Deux véhicules - côté,3,2,2,0,1,1,1,0,1,50,2,2,1,0,0,1,49.0,42.0,voiture,deux_roues,1,2,3,1,3
202400026191,2024-01-23 16:22:00,2024,1,23,16,22,971,97101,MORNE CARUEL,16.25764669,-61.5198487,Plein jour,En agglomération,Intersection en T,Normale,Deux véhicules - côté,3,2,2,0,1,1,1,0,1,50,2,2,1,0,0,1,49.0,42.0,voiture,deux_roues,1,2,3,1,3
202400026192,2024-07-26 23:10:00,2024,7,26,23,10,94,94004,Av du Mal de Lattre de Tassigny,48.72760653,2.53103147,Nuit avec éclairage allumé,Hors agglomération,Intersection en T,Pluie forte,Autre collision,2,3,4,0,1,1,2,5,1,50,1,1,0,0,0,1,45.0,,utilitaire_camion,,5,1,3,3,6
202400026192,2024-07-26 23:10:00,2024,7,26,23,10,94,94004,Av du Mal de Lattre de Tassigny,48.72760653,2.53103147,Nuit avec éclairage allumé,Hors agglomération,Intersection en T,Pluie forte,Autre collision,2,2,2,0,1,1,2,5,1,50,1,1,0,0,0,1,45.0,,utilitaire_camion,,5,1,3,3,6
202400026193,2024-09-03 12:50:00,2024,9,3,12,50,37,37214,Rue du val choisille,47.43516645,0.64126557,Plein jour,Hors agglomération,Intersection en T,Normale,Deux véhicules - côté,3,2,2,0,1,1,1,0,1,50,2,2,1,0,1,0,27.0,38.0,deux_roues,voiture,1,1,3,1,3
202400026193,2024-09-03 12:50:00,2024,9,3,12,50,37,37214,Rue du val choisille,47.43516645,0.64126557,Plein jour,Hors agglomération,Intersection en T,Normale,Deux véhicules - côté,3,2,2,0,3,1,1,0,1,50,2,2,1,0,1,0,27.0,38.0,deux_roues,voiture,1,1,3,1,3
202400026194,2024-05-22 09:05:00,2024,5,22,9,5,37,37122,DOUZILLIERE (RUE DE LA),47.34139,0.65474,Plein jour,En agglomération,Hors intersection,Normale,Autre collision,4,2,0,1,1,1,1,0,5,50,2,2,1,0,0,1,47.0,79.0,utilitaire_camion,deux_roues,1,2,1,1,6
202400026195,2024-01-23 11:12:00,2024,1,23,11,12,971,97101,PATRICK SAINT ELOI ( AVENUE ),16.25416188,-61.52301908,Plein jour,En agglomération,Intersection en T,Pluie légère,Sans collision,2,2,2,0,1,1,2,0,1,50,1,1,0,0,0,1,42.0,,deux_roues,,1,2,3,2,7
202400026195,2024-01-23 11:12:00,2024,1,23,11,12,971,97101,PATRICK SAINT ELOI ( AVENUE ),16.25416188,-61.52301908,Plein jour,En agglomération,Intersection en T,Pluie légère,Sans collision,2,2,4,0,1,1,2,0,1,50,1,1,0,0,0,1,42.0,,deux_roues,,1,2,3,2,7
202400026196,2024-09-04 13:15:00,2024,9,4,13,15,30,30095,D45,43.865082,3.936106,Plein jour,Hors agglomération,Hors intersection,Normale,Deux véhicules - côté,3,2,2,0,1,1,1,0,1,80,2,2,0,0,2,0,54.0,23.0,voiture,utilitaire_camion,1,1,1,1,3
202400026197,2024-07-27 13:05:00,2024,7,27,13,5,95,95527,A1,49.00801973,2.52766855,Plein jour,Hors agglomération,Hors intersection,Pluie légère,Deux véhicules - frontale,1,1,3,0,1,1,2,0,1,90,2,4,3,0,0,1,32.0,55.0,voiture,deux_roues,1,1,1,2,1
202400026198,2024-05-22 08:00:00,2024,5,22,8,0,35,35278,DE GAULLE (AVENUE GENERAL),48.14128547,-1.68658565,Plein jour,En agglomération,Hors intersection,Normale,Deux véhicules - frontale,4,2,2,0,1,1,1,0,1,50,2,2,1,0,0,1,40.0,60.0,utilitaire_camion,voiture,1,2,1,1,1
202400026199,2024-08-29 18:30:00,2024,8,29,18,30,48,48009,D3,44.653925,3.292921,Plein jour,Hors agglomération,Hors intersection,Normale,Autre collision,3,2,2,0,2,1,1,0,1,90,1,3,2,0,1,0,40.0,,voiture,,1,1,1,1,6
202400026200,2024-01-19 23:40:00,2024,1,19,23,40,87,87085,PERRIN (RUE FRANCOIS),45.82959,1.24673,Nuit avec éclairage allumé,En agglomération,Intersection en T,Normale,Deux véhicules - côté,4,1,1,0,1,1,1,0,1,50,2,3,1,0,0,2,19.0,25.0,deux_roues,voiture,5,2,3,1,3
202400026200,2024-01-19 23:40:00,2024,1,19,23,40,87,87085,PERRIN (RUE FRANCOIS),45.82959,1.24673,Nuit avec éclairage allumé,En agglomération,Intersection en T,Normale,Deux véhicules - côté,4,2,2,0,1,1,1,0,1,50,2,3,1,0,0,2,19.0,25.0,deux_roues,voiture,5,2,3,1,3
202400026201,2024-07-27 14:50:00,2024,7,27,14,50,93,93046,Boulevard Roger Salengro / Avenue Léon Blum,48.91044,2.52749,Plein jour,En agglomération,Intersection en X,Pluie légère,Deux véhicules - côté,3,2,2,0,1,1,2,0,1,50,2,2,0,0,0,2,29.0,23.0,voiture,voiture,1,2,2,2,3
202400026201,2024-07-27 14:50:00,2024,7,27,14,50,93,93046,Boulevard Roger Salengro / Avenue Léon Blum,48.91044,2.52749,Plein jour,En agglomération,Intersection en X,Pluie légère,Deux véhicules - côté,3,3,2,3,1,1,2,0,1,50,2,2,0,0,0,2,29.0,23.0,voiture,voiture,1,2,2,2,3
202400026202,2024-05-17 20:45:00,2024,5,17,20,45,35,35281,NANTES (RUE DE),48.092,-1.69185,Plein jour,En agglomération,Intersection en T,Normale,Deux véhicules - arrière,7,2,2,0,1,3,1,0,1,30,2,2,1,0,0,1,53.0,31.0,voiture,deux_roues,1,2,3,1,2
202400026202,2024-05-17 20:45:00,2024,5,17,20,45,35,35281,NANTES (RUE DE),48.092,-1.69185,Plein jour,En agglomération,Intersection en T,Normale,Deux véhicules - arrière,7,2,2,2,1,1,1,0,1,50,2,2,1,0,0,1,53.0,31.0,voiture,deux_roues,1,2,3,1,2
202400026203,2024-01-19 07:30:00,2024,1,19,7,30,87,87085,RUCHAUD (RUE JEAN BAPTISTE),45.8200206,1.24485433,Nuit avec éclairage allumé,En agglomération,Intersection en T,Normale,Autre collision,4,2,2,0,2,3,1,0,1,50,1,2,1,0,0,1,40.0,,voiture,,5,2,3,1,6
202400026203,2024-01-19 07:30:00,2024,1,19,7,30,87,87085,RUCHAUD (RUE JEAN BAPTISTE),45.8200206,1.24485433,Nuit avec éclairage allumé,En agglomération,Intersection en T,Normale,Autre collision,4,2,2,0,1,1,2,5,1,50,1,2,1,0,0,1,40.0,,voiture,,5,2,3,1,6
202400026204,2024-09-04 19:30:00,2024,9,4,19,30,48,48016,N88,44.49573854,3.45921928,Crépuscule ou aube,Hors agglomération,Hors intersection,Pluie forte,Deux véhicules - frontale,2,2,3,0,1,3,2,0,1,70,2,2,1,0,1,0,39.0,55.0,voiture,deux_roues,2,1,1,3,1
202400026205,2024-07-27 15:00:00,2024,7,27,15,0,92,92073,CHENES (RUE DES),48.88021581,2.22292746,Plein jour,En agglomération,Hors intersection,Pluie légère,Sans collision,4,2,2,0,1,1,2,0,1,50,1,1,0,0,0,1,25.0,,deux_roues,,1,2,1,2,7
202400026206,2024-05-22 22:00:00,2024,5,22,22,0,34,34172,BALEARES (RUE DES),43.64121,3.81554,Nuit avec éclairage allumé,En agglomération,Hors intersection,Normale,Sans collision,4,2,2,0,2,1,1,5,1,50,1,1,0,0,1,0,20.0,,deux_roues,,5,2,1,1,7
202400026207,2024-01-18 13:45:00,2024,1,18,13,45,87,87085,LATTRE-DE-TASSIGNY (AVENUE DU MARECHAL),45.82491725,1.27564877,Plein jour,En agglomération,Hors intersection,Pluie légère,Autre collision,4,2,3,0,1,1,2,0,1,50,1,2,1,0,0,1,60.0,,voiture,,1,2,1,2,6
202400026208,2024-09-04 10:25:00,2024,9,4,10,25,31,31212,A68,43.709253,1.568368,Plein jour,Hors agglomération,Hors intersection,Pluie forte,Autre collision,1,3,2,0,2,1,2,0,1,90,1,1,0,0,1,0,62.0,,utilitaire_camion,,1,1,1,3,6
202400026209,2024-07-27 01:45:00,2024,7,27,1,45,92,92050,REPUBLIQUE AVENUE DE LA,48.90340269,2.2067517,Nuit avec éclairage allumé,En agglomération,Hors intersection,Pluie légère,Autre collision,3,1,2,0,1,1,3,0,1,50,1,1,0,0,0,1,24.0,,voiture,,5,2,1,2,6
202400026210,2024-05-21 10:00:00,2024,5,21,10,0,34,34172,MARCHE AUX BESTIAUX (RUE DU),43.61616,3.88438,Plein jour,En agglomération,Intersection en X,Normale,Deux véhicules - côté,4,1,1,0,1,1,1,0,1,50,2,2,1,0,0,1,29.0,56.0,voiture,deux_roues,1,2,2,1,3
202400026210,2024-05-21 10:00:00,2024,5,21,10,0,34,34172,MARCHE AUX BESTIAUX (RUE DU),43.61616,3.88438,Plein jour,En agglomération,Intersection en X,Normale,Deux véhicules - côté,4,2,1,1,1,1,1,0,5,25,2,2,1,0,0,1,29.0,56.0,voiture,deux_roues,1,2,2,1,3
202400026211,2024-01-17 16:14:00,2024,1,17,16,14,87,87085,GAY-LUSSAC (COURS),45.83647398,1.26521409,Plein jour,En agglomération,Intersection en T,Pluie forte,Autre collision,4,1,1,0,1,1,2,5,1,30,1,2,1,0,0,1,76.0,,voiture,,1,2,3,3,6
202400026211,2024-01-17 16:14:00,2024,1,17,16,14,87,87085,GAY-LUSSAC (COURS),45.83647398,1.26521409,Plein jour,En agglomération,Intersection en T,Pluie forte,Autre collision,4,3,4,3,1,1,2,5,1,30,1,2,1,0,0,1,76.0,,voiture,,1,2,3,3,6
202400026212,2024-09-01 02:30:00,2024,9,1,2,30,38,38530,D1006,45.61358,5.198153,Nuit sans éclairage public,Hors agglomération,Giratoire,Normale,Deux véhicules - frontale,3,2,1,0,1,1,1,5,1,80,2,2,1,0,0,1,43.0,26.0,voiture,voiture,3,1,6,1,1
202400026213,2024-07-27 14:55:00,2024,7,27,14,55,92,92036,GENERAL DE GAULLE (AVENUE) (43/129),48.93377192,2.31337264,Plein jour,En agglomération,Intersection en Y,Pluie légère,Autre collision,3,2,2,0,1,1,2,5,1,50,1,2,1,0,0,1,28.0,,voiture,,1,2,4,2,6
202400026213,2024-07-27 14:55:00,2024,7,27,14,55,92,92036,GENERAL DE GAULLE (AVENUE) (43/129),48.93377192,2.31337264,Plein jour,En agglomération,Intersection en Y,Pluie légère,Autre collision,3,2,2,-1,1,1,2,5,1,-1,1,2,1,0,0,1,28.0,,voiture,,1,2,4,2,6
202400026214,2024-05-21 14:55:00,2024,5,21,14,55,34,34032,MISTRAL FREDERIC (BD),43.34639,3.21906,Plein jour,En agglomération,Intersection en X,Normale,Autre collision,4,2,3,0,1,1,1,0,1,50,1,2,1,1,0,0,34.0,,voiture,,1,2,2,1,6
202400026214,2024-05-21 14:55:00,2024,5,21,14,55,34,34032,MISTRAL FREDERIC (BD),43.34639,3.21906,Plein jour,En agglomération,Intersection en X,Normale,Autre collision,4,2,2,0,1,1,1,0,1,50,1,2,1,1,0,0,34.0,,voiture,,1,2,2,1,6
202400026215,2024-07-27 21:10:00,2024,7,27,21,10,92,92023,DIVISION LECLERC (ROND POINT DE LA) SANS,48.77662,2.23087,Crépuscule ou aube,En agglomération,Hors intersection,Normale,Autre collision,2,1,1,0,1,1,2,0,1,50,1,1,0,0,0,1,23.0,,voiture,,2,2,1,1,6
202400026216,2024-01-22 08:00:00,2024,1,22,8,0,84,84007,PIERRE SEMARD (avenue),43.939884,4.820485,Plein jour,En agglomération,Intersection en T,Normale,Deux véhicules - côté,4,2,2,0,1,1,1,0,1,30,2,2,1,0,1,0,16.0,57.0,deux_roues,deux_roues,1,2,3,1,3
202400026216,2024-01-22 08:00:00,2024,1,22,8,0,84,84007,PIERRE SEMARD (avenue),43.939884,4.820485,Plein jour,En agglomération,Intersection en T,Normale,Deux véhicules - côté,4,2,3,3,1,1,1,0,1,50,2,2,1,0,1,0,16.0,57.0,deux_roues,deux_roues,1,2,3,1,3
202400026217,2024-09-04 16:00:00,2024,9,4,16,0,63,63072,"PK 449+500, A89",45.85805692,3.72267008,Plein jour,Hors agglomération,Hors intersection,Pluie légère,Sans collision,1,3,2,0,1,1,2,0,3,110,1,5,0,0,0,5,32.0,,voiture,,1,1,1,2,7
202400026218,2024-05-22 11:35:00,2024,5,22,11,35,34,34003,JETEE (L16 A M15,43.27747,3.51294,Plein jour,En agglomération,Hors intersection,Normale,Deux véhicules - arrière,4,2,2,0,1,1,1,0,1,50,2,2,1,0,0,1,22.0,30.0,voiture,deux_roues,1,2,1,1,2
202400026219,2024-01-23 09:40:00,2024,1,23,9,40,83,83126,PAUL (AV MARCEL),43.10910037,5.85680562,Plein jour,En agglomération,Autre intersection,Normale,Autre collision,3,2,2,0,1,1,1,0,8,50,1,2,1,0,1,0,,,autre,,1,2,9,1,6
202400026220,2024-01-23 13:25:00,2024,1,23,13,25,83,83069,EUGENIE (RUE),43.12178216,6.11584461,Plein jour,En agglomération,Hors intersection,Normale,Sans collision,4,2,4,1,1,1,1,0,5,50,1,1,0,0,0,1,12.0,,deux_roues,,1,2,1,1,7
202400026221,2024-09-04 05:45:00,2024,9,4,5,45,976,97603,route nationale 3,-12.886048,45.215483,Crépuscule ou aube,Hors agglomération,Hors intersection,Pluie forte,Autre collision,2,2,2,0,3,3,2,0,3,70,1,5,2,2,1,0,21.0,,voiture,,2,1,1,3,6
202400026222,2024-05-22 18:40:00,2024,5,22,18,40,33,33522,,44.80176,-0.58505,Plein jour,En agglomération,Giratoire,Normale,Deux véhicules - côté,4,2,2,-1,1,1,1,0,1,50,2,2,1,0,0,1,78.0,26.0,voiture,deux_roues,1,2,6,1,3
202400026222,2024-05-22 18:40:00,2024,5,22,18,40,33,33522,,44.80176,-0.58505,Plein jour,En agglomération,Giratoire,Normale,Deux véhicules - côté,4,1,1,0,1,1,1,0,1,50,2,2,1,0,0,1,78.0,26.0,voiture,deux_roues,1,2,6,1,3
202400026223,2024-07-27 14:20:00,2024,7,27,14,20,92,92012,GENERAL LECLERC (AVENUE DU) 35/FIN - 60/,48.83079466,2.23471248,Plein jour,En agglomération,Intersection en X,Pluie forte,Deux véhicules - frontale,3,3,6,0,1,1,2,0,1,50,2,3,2,0,0,1,37.0,26.0,deux_roues,voiture,1,2,2,3,1
202400026223,2024-07-27 14:20:00,2024,7,27,14,20,92,92012,GENERAL LECLERC (AVENUE DU) 35/FIN - 60/,48.83079466,2.23471248,Plein jour,En agglomération,Intersection en X,Pluie forte,Deux véhicules - frontale,3,2,2,0,1,1,2,0,1,50,2,3,2,0,0,1,37.0,26.0,deux_roues,voiture,1,2,2,3,1
202400026223,2024-07-27 14:20:00,2024,7,27,14,20,92,92012,GENERAL LECLERC (AVENUE DU) 35/FIN - 60/,48.83079466,2.23471248,Plein jour,En agglomération,Intersection en X,Pluie forte,Deux véhicules - frontale,3,3,4,0,1,1,2,0,1,50,2,3,2,0,0,1,37.0,26.0,deux_roues,voiture,1,2,2,3,1
202400026224,2024-05-22 12:15:00,2024,5,22,12,15,28,28404,SAINT THIBAULT (RUE),48.73324,1.3452,Plein jour,En agglomération,Hors intersection,Normale,,4,-1,1,0,1,1,1,9,1,50,1,2,1,0,0,1,56.0,,voiture,,1,2,1,1,-1
202400026225,2024-07-26 07:50:00,2024,7,26,7,50,47,47145,Route de Troutet,44.133737,0.716701,Plein jour,Hors agglomération,Hors intersection,Normale,Sans collision,4,-1,2,0,1,3,1,0,3,80,1,1,0,0,1,0,24.0,,voiture,,1,1,1,1,7
202400026226,2024-09-03 08:48:00,2024,9,3,8,48,49,49068,A11,47.432979,-0.872941,Plein jour,Hors agglomération,Hors intersection,Normale,Deux véhicules - arrière,1,1,2,0,2,1,1,0,1,130,2,2,1,0,0,1,52.0,35.0,utilitaire_camion,voiture,1,1,1,1,2
202400026227,2024-09-04 08:28:00,2024,9,4,8,28,63,63126,A75,45.68475662,3.14399022,Plein jour,Hors agglomération,Hors intersection,Pluie forte,Deux véhicules - côté,1,3,4,0,1,1,2,0,1,-1,2,2,1,0,0,1,61.0,41.0,voiture,utilitaire_camion,1,1,1,3,3
202400026228,2024-05-19 06:20:00,2024,5,19,6,20,22,22278,CARNOT (BD),48.50661,-2.76776,Crépuscule ou aube,En agglomération,Hors intersection,Normale,Autre collision,4,2,2,0,1,1,1,0,1,30,1,1,0,0,1,0,22.0,,deux_roues,,2,2,1,1,6
202400026229,2024-07-25 15:20:00,2024,7,25,15,20,51,51649,Place Royer Collard (Parking),48.724712,4.586013,Plein jour,En agglomération,Autre intersection,Normale,Deux véhicules - frontale,6,-1, -1,0,1,1,1,0,1,10,2,2,1,0,1,0,31.0,61.0,voiture,deux_roues,1,2,9,1,1
202400026230,2024-07-26 20:19:00,2024,7,26,20,19,67,67415,D198,48.923063,7.511516,Nuit sans éclairage public,Hors agglomération,Hors intersection,Pluie légère,Sans collision,3,3,2,0,1,2,2,0,8,80,1,1,0,0,1,0,77.0,,voiture,,3,1,1,2,7