accident_id,datetime,annee,mois,jour,heure,minute,departement,commune_insee,adresse,latitude,longitude,luminosite,agglomeration,intersection,meteo,collision,catr,circ,nbv,vosp,prof,plan,surf,infra,situ,vma,nb_vehicules,nb_usagers,nb_indemnes,nb_tues,nb_blesses_hosp,nb_blesses_legers,age_cond_1,age_cond_2,veh_type_cond_1,veh_type_cond_2,lum_code,agg_code,int_code,atm_code,col_code
202400026300,2024-09-02 07:00:00,2024,9,2,7,0,93,93064,AUTOROUTE A86,48.88318367,2.47202095,Plein jour,Hors agglomération,Hors intersection,Normale,Trois véhicules et plus - en chaîne,1,1,3,0,1,1,1,0,1,70,4,4,3,0,0,1,47.0,30.0,voiture,voiture,1,1,1,1,4
202400026301,2024-07-27 19:00:00,2024,7,27,19,0,06,06053,1645 Route Départementale 96,44.027255,6.806352,Plein jour,Hors agglomération,Hors intersection,Normale,Sans collision,3,2,1,0,2,3,1,0,3,80,1,1,0,0,0,1,74.0,,voiture,,1,1,1,1,7
202400026302,2024-05-22 00:15:00,2024,5,22,0,15,92,92020,CHATEAUBRIAND RUE DE,48.79840038,2.27870911,Nuit avec éclairage allumé,En agglomération,Hors intersection,Normale,Autre collision,4,1,0,0,2,1,1,0,4,30,1,1,0,0,0,1,23.0,,deux_roues,,5,2,1,1,6
202400026303,2024-07-28 01:43:00,2024,7,28,1,43,06,06079,192 Avenue du Maréchal Juin,43.535393,6.934605,Nuit sans éclairage public,En agglomération,Hors intersection,Normale,Sans collision,4,3,2,0,1,1,1,0,4,50,1,1,0,0,1,0,43.0,,deux_roues,,3,2,1,1,7
202400026304,2024-05-22 19:56:00,2024,5,22,19,56,92,92048,GARDES (ROUTE DES) N° 5 A 51,48.81882,2.23481,Plein jour,En agglomération,Hors intersection,Normale,Autre collision,3,2,2,0,2,1,1,0,4,50,1,1,0,0,1,0,20.0,,deux_roues,,1,2,1,1,6
202400026305,2024-09-03 22:25:00,2024,9,3,22,25,77,77169,A104,48.815457,2.624456,Nuit sans éclairage public,Hors agglomération,Hors intersection,Normale,Autre collision,2,-1,3,0,2,2,1,0,1,90,3,4,3,0,0,1,32.0,35.0,voiture,voiture,3,1,1,1,6
202400026306,2024-05-21 20:07:00,2024,5,21,20,7,92,92044,VIC. HUGO(RUE)115A149 ET 148A178,48.89926505,2.29345509,Plein jour,En agglomération,Intersection en Y,Normale,Autre collision,3,1,2,0,1,1,1,0,1,50,1,2,1,0,1,0,50.0,,deux_roues,,1,2,4,1,6
202400026306,2024-05-21 20:07:00,2024,5,21,20,7,92,92044,VIC. HUGO(RUE)115A149 ET 148A178,48.89926505,2.29345509,Plein jour,En agglomération,Intersection en Y,Normale,Autre collision,3,2,2,1,1,1,1,0,1,50,1,2,1,0,1,0,50.0,,deux_roues,,1,2,4,1,6
202400026307,2024-07-27 23:15:00,2024,7,27,23,15,50,50529,La Blaitiere,48.771323,-1.188712,Nuit sans éclairage public,Hors agglomération,Hors intersection,Normale,Autre collision,3,2,2,0,2,3,1,0,3,80,1,2,0,1,1,0,39.0,,voiture,,3,1,1,1,6
202400026308,2024-07-28 09:17:00,2024,7,28,9,17,16,16141,,45.91062,0.19563,Plein jour,Hors agglomération,Hors intersection,Normale,Autre collision,2,3,2,0,1,1,1,0,3,110,1,2,0,1,1,0,84.0,,voiture,,1,1,1,1,6
202400026309,2024-09-03 12:56:00,2024,9,3,12,56,94,94069,A4,48.81757222,2.43761789,Plein jour,Hors agglomération,Hors intersection,Temps couvert,Trois véhicules et plus - en chaîne,1,3,5,0,1,1,1,0,1,90,3,3,1,0,0,2,61.0,23.0,voiture,voiture,1,1,1,8,4
202400026310,2024-05-22 17:00:00,2024,5,22,17,0,92,92012,ALPHONSE LE GALLO (QUAI) 35/FIN,48.83362,2.22684,Plein jour,En agglomération,Hors intersection,Normale,Deux véhicules - arrière,3,3,0,0,1,1,1,0,1,50,2,5,3,0,0,2,25.0,26.0,utilitaire_camion,voiture,1,2,1,1,2
202400026311,2024-07-27 17:30:00,2024,7,27,17,30,16,16230,,45.40679,0.137356,Plein jour,Hors agglomération,Intersection en X,Normale,Deux véhicules - côté,3,2,2,0,1,1,1,5,1,90,2,3,2,0,1,0,25.0,44.0,utilitaire_camion,deux_roues,1,1,2,1,3
202400026311,2024-07-27 17:30:00,2024,7,27,17,30,16,16230,,45.40679,0.137356,Plein jour,Hors agglomération,Intersection en X,Normale,Deux véhicules - côté,3,2, -1,-1,1,1,1,0,8,80,2,3,2,0,1,0,25.0,44.0,utilitaire_camion,deux_roues,1,1,2,1,3
202400026312,2024-09-03 11:05:00,2024,9,3,11,5,77,77450,RN104,48.718296,2.599052,Plein jour,Hors agglomération,Hors intersection,Pluie légère,Deux véhicules - côté,2,3,2,0,2,1,2,0,1,90,2,3,1,0,0,2,68.0,29.0,utilitaire_camion,voiture,1,1,1,2,3
202400026313,2024-05-23 17:22:00,2024,5,23,17,22,33,33539,,44.868342,-0.312478,Plein jour,Hors agglomération,Intersection en X,Temps couvert,Deux véhicules - frontale,3,2,2,0,1,1,2,0,1,80,2,2,1,0,1,0,70.0,17.0,voiture,deux_roues,1,1,2,8,1
202400026313,2024-05-23 17:22:00,2024,5,23,17,22,33,33539,,44.868342,-0.312478,Plein jour,Hors agglomération,Intersection en X,Temps couvert,Deux véhicules - frontale,3,2,2,0,1,1,2,0,1,80,2,2,1,0,1,0,70.0,17.0,voiture,deux_roues,1,1,2,8,1
202400026314,2024-05-17 08:50:00,2024,5,17,8,50,47,47084,lieu-dit sept homes,44.633559,0.559874,Plein jour,Hors agglomération,Hors intersection,Normale,Autre collision,3,2,2,0,1,2,2,0,3,80,1,1,0,0,1,0,65.0,,voiture,,1,1,1,1,6
202400026315,2024-07-27 19:00:00,2024,7,27,19,0,24,24563,Route de Tamniès,44.993697,1.173473,Plein jour,Hors agglomération,Hors intersection,Normale,Deux véhicules - frontale,4,2,2,0,1,3,1,0,1,80,2,2,1,0,1,0,45.0,37.0,voiture,voiture,1,1,1,1,1
202400026316,2024-09-02 17:45:00,2024,9,2,17,45,77,77258,A4.W,48.832564,2.656894,Plein jour,Hors agglomération,Hors intersection,Normale,Deux véhicules - arrière,1,3,10,0,1,1,1,0,1,110,2,2,1,0,0,1,60.0,62.0,voiture,voiture,1,1,1,1,2
202400026317,2024-05-21 20:30:00,2024,5,21,20,30,17,17407,D110,46.171495,-1.003895,Plein jour,En agglomération,Intersection en X,Normale,Deux véhicules - côté,3,2,2,0,1,1,1,0,1,50,2,2,0,0,1,1,32.0,19.0,voiture,deux_roues,1,2,2,1,3
202400026317,2024-05-21 20:30:00,2024,5,21,20,30,17,17407,D110,46.171495,-1.003895,Plein jour,En agglomération,Intersection en X,Normale,Deux véhicules - côté,3,2,2,-1,1,1,1,5,1,50,2,2,0,0,1,1,32.0,19.0,voiture,deux_roues,1,2,2,1,3
202400026318,2024-07-28 16:21:00,2024,7,28,16,21,04,04135,D952,43.844865,6.217951,Plein jour,Hors agglomération,Intersection en Y,Normale,Deux véhicules - côté,3,2,2,0,1,2,1,0,1,70,2,2,1,0,0,1,52.0,35.0,deux_roues,voiture,1,1,4,1,3
202400026318,2024-07-28 16:21:00,2024,7,28,16,21,04,04135,D952,43.844865,6.217951,Plein jour,Hors agglomération,Intersection en Y,Normale,Deux véhicules - côté,3,1,2,0,1,1,1,0,1,70,2,2,1,0,0,1,52.0,35.0,deux_roues,voiture,1,1,4,1,3
202400026319,2024-07-27 19:25:00,2024,7,27,19,25,85,85096,Rue sainte-barbe,46.8993,-1.83255,Plein jour,Hors agglomération,Intersection en X,Normale,Deux véhicules - côté,4,2,2,0,1,3,1,0,1,50,2,2,1,0,1,0,28.0,50.0,voiture,voiture,1,1,2,1,3
202400026319,2024-07-27 19:25:00,2024,7,27,19,25,85,85096,Rue sainte-barbe,46.8993,-1.83255,Plein jour,Hors agglomération,Intersection en X,Normale,Deux véhicules - côté,4,2,2,0,2,1,1,0,1,50,2,2,1,0,1,0,28.0,50.0,voiture,voiture,1,1,2,1,3
202400026320,2024-05-22 15:50:00,2024,5,22,15,50,14,14579,Route de Cahagnes,49.052145,-0.714017,Plein jour,Hors agglomération,Hors intersection,Normale,Autre collision,3,2,2,0,1,2,1,0,3,80,1,1,0,0,1,0,66.0,,voiture,,1,1,1,1,6
202400026321,2024-04-30 22:50:00,2024,4,30,22,50,79,79230,,46.292036,0.145741,Nuit sans éclairage public,Hors agglomération,Hors intersection,Normale,Sans collision,3,2,2,0,1,2,2,0,3,80,1,1,0,0,0,1,22.0,,voiture,,3,1,1,1,7
202400026322,2024-07-27 15:10:00,2024,7,27,15,10,28,28008,D133,48.535533,1.197059,Plein jour,Hors agglomération,Hors intersection,Temps couvert,Autre collision,3,2,2,0,1,3,2,0,3,50,1,2,0,0,0,2,21.0,,voiture,,1,1,1,8,6
202400026323,2024-05-23 09:05:00,2024,5,23,9,5,36,36173,,46.68429543,1.17867184,Plein jour,Hors agglomération,Hors intersection,Normale,Deux véhicules - côté,3,2,2,0,2,1,1,0,1,80,2,2,1,1,0,0,39.0,45.0,voiture,utilitaire_camion,1,1,1,1,3
202400026324,2024-07-25 21:55:00,2024,7,25,21,55,28,28386,Départementale 939,48.54231,1.307266,Crépuscule ou aube,Hors agglomération,Hors intersection,Normale,Deux véhicules - frontale,3,2,2,0,1,3,1,0,1,90,2,2,0,0,1,1,28.0,27.0,voiture,voiture,2,1,1,1,1
202400026325,2024-05-22 14:30:00,2024,5,22,14,30,87,87177,D2000,45.804859,1.113561,Plein jour,Hors agglomération,Hors intersection,Temps couvert,Deux véhicules - frontale,3,3,2,0,2,2,2,0,1,80,2,2,1,1,0,0,57.0,45.0,voiture,utilitaire_camion,1,1,1,8,1
202400026326,2024-07-26 17:00:00,2024,7,26,17,0,30,30212,Avenue Geoffroy Perret,43.938982,4.566477,Plein jour,En agglomération,Intersection en T,Normale,Deux véhicules - côté,3,2,2,0,1,1,1,0,1,50,2,2,1,0,1,0,36.0,19.0,voiture,deux_roues,1,2,3,1,3
202400026326,2024-07-26 17:00:00,2024,7,26,17,0,30,30212,Avenue Geoffroy Perret,43.938982,4.566477,Plein jour,En agglomération,Intersection en T,Normale,Deux véhicules - côté,3,2, -1,-1,1,1,1,0,1,-1,2,2,1,0,1,0,36.0,19.0,voiture,deux_roues,1,2,3,1,3
202400026327,2024-05-23 10:25:00,2024,5,23,10,25,19,19256,,45.36662,2.329445,Plein jour,Hors agglomération,Autre intersection,Normale,Autre collision,3,2,2,0,1,1,2,0,8,80,1,1,0,0,1,0,35.0,,voiture,,1,1,9,1,6
202400026328,2024-07-28 05:00:00,2024,7,28,5,0,90,90010,Autoroute A36,47.631706,6.874158,Nuit sans éclairage public,Hors agglomération,Hors intersection,Pluie légère,Autre collision,1,3,3,0,2,1,2,0,2,110,1,4,0,0,1,3,29.0,,voiture,,3,1,1,2,6
202400026329,2024-05-23 17:00:00,2024,5,23,17,0,63,63195,D2089 PK 34,45.82420404,3.36423298,Plein jour,Hors agglomération,Hors intersection,Temps couvert,Deux véhicules - frontale,3,2,2,0,1,1,1,0,1,90,2,3,0,0,1,2,45.0,65.0,utilitaire_camion,voiture,1,1,1,8,1
202400026330,2024-05-21 18:55:00,2024,5,21,18,55,61,61046,D612,48.490103,0.745074,Plein jour,Hors agglomération,Hors intersection,Pluie légère,Deux véhicules - frontale,3,2,2,0,2,1,2,0,1,80,2,2,1,0,1,0,29.0,72.0,voiture,voiture,1,1,1,2,1
202400026331,2024-07-28 04:00:00,2024,7,28,4,0,21,21295,A31,47.22243878,5.00840959,Nuit sans éclairage public,Hors agglomération,Hors intersection,Normale,Deux véhicules - arrière,1,1,3,0,1,1,1,9,1,50,2,6,2,0,2,2,63.0,59.0,voiture,utilitaire_camion,3,1,1,1,2
202400026332,2024-07-28 06:40:00,2024,7,28,6,40,27,27701,Autoroute A.13 (pk 096+800),49.249501,1.174035,Plein jour,Hors agglomération,Hors intersection,Normale,Autre collision,1,2,3,0,4,1,1,0,2,130,1,2,0,0,0,2,21.0,,voiture,,1,1,1,1,6
202400026333,2024-05-22 14:40:00,2024,5,22,14,40,12,12162,D57,44.350978,2.428284,Plein jour,Hors agglomération,Hors intersection,Normale,Deux véhicules - frontale,3,2,2,0,2,3,1,0,1,90,2,3,1,0,2,0,32.0,20.0,voiture,voiture,1,1,1,1,1
202400026334,2024-05-22 20:40:00,2024,5,22,20,40,47,47318,Naudet,44.22087707,0.32624277,Nuit sans éclairage public,Hors agglomération,Hors intersection,Pluie légère,Autre collision,3,2,2,0,1,1,2,0,3,80,1,1,0,0,1,0,48.0,,voiture,,3,1,1,2,6
202400026335,2024-07-28 00:50:00,2024,7,28,0,50,11,11202,,42.8745174,3.03789139,Nuit sans éclairage public,Hors agglomération,Hors intersection,Normale,Deux véhicules - frontale,3,2,2,0,1,1,1,0,1,80,2,5,0,0,2,3,19.0,21.0,voiture,voiture,3,1,1,1,1
202400026336,2024-07-25 22:40:00,2024,7,25,22,40,987,98731,RT 420,-8.882511,-140.109672,Nuit avec éclairage allumé,En agglomération,Hors intersection,Normale,Autre collision,2,2,2,0,1,1,1,0,3,40,1,1,0,0,1,0,32.0,,deux_roues,,5,2,1,1,6
202400026337,2024-05-19 16:07:00,2024,5,19,16,7,47,47278,impasse chez amblard,44.716551,0.25636,Plein jour,Hors agglomération,Intersection en Y,Normale,Sans collision,4,2,2,0,2,1,2,0,3,80,1,1,0,0,1,0,65.0,,deux_roues,,1,1,4,1,7
202400026337,2024-05-19 16:07:00,2024,5,19,16,7,47,47278,impasse chez amblard,44.716551,0.25636,Plein jour,Hors agglomération,Intersection en Y,Normale,Sans collision,4,2,2,-1,2,2,2,0,3,-1,1,1,0,0,1,0,65.0,,deux_roues,,1,1,4,1,7
202400026338,2024-07-27 14:01:00,2024,7,27,14,1,971,97112,Grande Anse,15.913564,-61.328226,Plein jour,Hors agglomération,Giratoire,Normale,Deux véhicules - côté,2,1,1,0,1,3,1,0,1,70,2,2,1,0,0,1,19.0,29.0,deux_roues,voiture,1,1,6,1,3
202400026338,2024-07-27 14:01:00,2024,7,27,14,1,971,97112,Grande Anse,15.913564,-61.328226,Plein jour,Hors agglomération,Giratoire,Normale,Deux véhicules - côté,2,2, -1,-1,1,2,1,9,1,-1,2,2,1,0,0,1,19.0,29.0,deux_roues,voiture,1,1,6,1,3
202400026339,2024-05-23 17:20:00,2024,5,23,17,20,68,68332,D432,47.654295,7.265624,Plein jour,En agglomération,Intersection en X,Normale,Deux véhicules - côté,3,2,1,0,1,1,1,0,1,50,2,2,1,0,0,1,37.0,24.0,voiture,deux_roues,1,2,2,1,3
202400026339,2024-05-23 17:20:00,2024,5,23,17,20,68,68332,D432,47.654295,7.265624,Plein jour,En agglomération,Intersection en X,Normale,Deux véhicules - côté,3,2, -1,-1,1,1,1,0,1,50,2,2,1,0,0,1,37.0,24.0,voiture,deux_roues,1,2,2,1,3
202400026340,2024-05-16 10:35:00,2024,5,16,10,35,68,68004,2 Avenue Poincaré,47.621585,7.236465,Plein jour,En agglomération,Hors intersection,Normale,Autre collision,4,2,2,0,2,1,1,0,3,30,1,2,1,0,0,1,73.0,,voiture,,1,2,1,1,6
202400026341,2024-07-28 10:55:00,2024,7,28,10,55,66,66115,D618,42.53618578,2.87062883,Plein jour,Hors agglomération,Hors intersection,Normale,Deux véhicules - frontale,3,2,2,0,3,2,1,2,1,80,2,2,0,1,0,1,75.0,39.0,utilitaire_camion,voiture,1,1,1,1,1
202400026342,2024-05-23 07:00:00,2024,5,23,7,0,39,39475,2 Avenue des Sports,46.433223,5.342358,Plein jour,En agglomération,Hors intersection,Normale,Autre collision,4,2,2,0,2,1,1,0,3,50,1,1,0,1,0,0,56.0,,utilitaire_camion,,1,2,1,1,6
202400026343,2024-07-28 09:50:00,2024,7,28,9,50,30,30130,d 906 - les chataigners,44.308035,3.971772,Plein jour,Hors agglomération,Autre intersection,Normale,Deux véhicules - frontale,3,2,2,0,4,3,1,8,1,80,2,2,1,0,0,1,77.0,70.0,deux_roues,deux_roues,1,1,9,1,1
202400026344,2024-05-23 16:35:00,2024,5,23,16,35,25,25411,Avenue Charles de Gaulle,47.057393,6.611347,Plein jour,En agglomération,Giratoire,Pluie légère,Sans collision,4,-1,2,0,1,2,2,5,1,30,1,1,0,0,0,1,15.0,,deux_roues,,1,2,6,2,7
202400026345,2024-07-27 17:05:00,2024,7,27,17,5,84,84141,794 Route de Realpanier,43.953987,4.891247,Plein jour,En agglomération,Hors intersection,Temps éblouissant,Deux véhicules - côté,3,2,2,0,1,1,1,0,1,50,2,2,1,0,1,0,21.0,60.0,voiture,deux_roues,1,2,1,7,3
202400026346,2024-07-28 00:50:00,2024,7,28,0,50,13,13082,D14c,43.644399,5.379546,Nuit sans éclairage public,Hors agglomération,Hors intersection,Normale,Trois véhicules et plus - collisions multiples,3,2,2,0,1,3,1,0,3,80,1,1,0,1,0,0,30.0,,voiture,,3,1,1,1,5
202400026347,2024-05-23 09:40:00,2024,5,23,9,40,72,72132,Avenue Jean Bealet,48.177712,0.657367,Plein jour,En agglomération,Hors intersection,Normale,Trois véhicules et plus - collisions multiples,3,2,3,0,2,1,1,0,1,50,5,5,2,0,3,0,45.0,23.0,voiture,voiture,1,2,1,1,5
202400026348,2024-07-27 09:15:00,2024,7,27,9,15,13,13097,Route Nationale N°113,43.640175,4.914923,Plein jour,Hors agglomération,Giratoire,Normale,Deux véhicules - côté,3,2,2,0,1,2,1,0,1,80,2,3,1,0,1,1,75.0,37.0,voiture,deux_roues,1,1,6,1,3
202400026349,2024-05-14 17:15:00,2024,5,14,17,15,06,06089,route de Roquefort,43.652228,7.028088,Plein jour,Hors agglomération,Hors intersection,Normale,Deux véhicules - frontale,3,2,2,0,2,4,1,0,1,50,2,5,1,0,1,3,21.0,63.0,voiture,voiture,1,1,1,1,1
202400026350,2024-07-27 10:00:00,2024,7,27,10,0,70,70205,6 Grande Rue,47.658255,6.734233,Plein jour,En agglomération,Hors intersection,Normale,Deux véhicules - arrière,3,2,2,0,2,1,1,0,1,50,2,2,1,0,1,0,91.0,54.0,voiture,deux_roues,1,2,1,1,2
202400026351,2024-05-23 06:15:00,2024,5,23,6,15,14,14504,Route de Blangy,49.21526007,0.32565339,Crépuscule ou aube,Hors agglomération,Hors intersection,Normale,Autre collision,3,2,2,0,1,2,1,0,3,80,1,1,0,0,1,0,72.0,,voiture,,2,1,1,1,6
202400026352,2024-07-27 15:10:00,2024,7,27,15,10,71,71235,Route de Mâcon,46.361345,4.799454,Plein jour,Hors agglomération,Hors intersection,Normale,Autre collision,3,2,2,0,1,1,1,0,3,80,1,1,0,0,1,0,43.0,,deux_roues,,1,1,1,1,6
202400026353,2024-07-28 08:56:00,2024,7,28,8,56,08,08312,A304,49.800131,4.533556,Plein jour,Hors agglomération,Hors intersection,Normale,Sans collision,1,3,4,0,1,1,1,0,8,-1,1,1,0,0,0,1,21.0,,voiture,,1,1,1,1,7
202400026354,2024-05-23 10:25:00,2024,5,23,10,25,07,07078,Route de Lyon,45.257062,4.696827,Plein jour,En agglomération,Hors intersection,Temps couvert,Trois véhicules et plus - en chaîne,3,2,2,0,1,1,1,0,1,50,3,3,2,0,0,1,77.0,37.0,voiture,voiture,1,2,1,8,4
202400026355,2024-05-21 18:00:00,2024,5,21,18,0,24,24563,Route de la Vézère,45.037846,1.134295,Plein jour,Hors agglomération,Intersection en T,Normale,Deux véhicules - côté,3,2,2,0,1,1,1,0,1,80,2,2,1,0,1,0,72.0,86.0,deux_roues,voiture,1,1,3,1,3
202400026355,2024-05-21 18:00:00,2024,5,21,18,0,24,24563,Route de la Vézère,45.037846,1.134295,Plein jour,Hors agglomération,Intersection en T,Normale,Deux véhicules - côté,3,2, -1,-1,1,1,1,0,1,80,2,2,1,0,1,0,72.0,86.0,deux_roues,voiture,1,1,3,1,3
202400026356,2024-07-28 14:00:00,2024,7,28,14,0,38,38003,Route de Grenoble,45.323442,4.85651,Plein jour,Hors agglomération,Intersection en X,Normale,Deux véhicules - côté,3,2,2,0,1,1,1,0,1,80,2,2,0,0,0,2,46.0,21.0,voiture,utilitaire_camion,1,1,2,1,3
202400026356,2024-07-28 14:00:00,2024,7,28,14,0,38,38003,Route de Grenoble,45.323442,4.85651,Plein jour,Hors agglomération,Intersection en X,Normale,Deux véhicules - côté,3,2,2,0,1,1,1,0,1,80,2,2,0,0,0,2,46.0,21.0,voiture,utilitaire_camion,1,1,2,1,3
202400026357,2024-07-28 12:30:00,2024,7,28,12,30,26,26116,Route des Alpes,44.436002,4.723263,Plein jour,Hors agglomération,Hors intersection,Normale,Sans collision,3,2,2,0,1,1,1,0,3,70,1,1,0,0,1,0,30.0,,voiture,,1,1,1,1,7
202400026358,2024-05-23 16:36:00,2024,5,23,16,36,27,27226,Rue des Marronniers,49.312652,1.6112136,Plein jour,En agglomération,Intersection en Y,Normale,Autre collision,4,2,2,0,1,1,1,0,1,50,1,1,0,1,0,0,37.0,,deux_roues,,1,2,4,1,6
202400026358,2024-05-23 16:36:00,2024,5,23,16,36,27,27226,Rue des Marronniers,49.312652,1.6112136,Plein jour,En agglomération,Intersection en Y,Normale,Autre collision,4,2,2,0,3,3,1,0,1,50,1,1,0,1,0,0,37.0,,deux_roues,,1,2,4,1,6
202400026359,2024-07-28 18:50:00,2024,7,28,18,50,69,69052,Route de Saint-antoine,45.878642,4.716769,Plein jour,Hors agglomération,Hors intersection,Normale,Sans collision,3,1,2,0,1,3,1,0,3,80,1,1,0,0,1,0,54.0,,deux_roues,,1,1,1,1,7
202400026360,2024-05-22 12:40:00,2024,5,22,12,40,27,27117,D107,48.983245,0.520762,Plein jour,Hors agglomération,Hors intersection,Normale,Deux véhicules - frontale,3,2,2,0,1,2,1,0,1,70,2,2,0,0,1,1,67.0,24.0,voiture,voiture,1,1,1,1,1
202400026361,2024-07-23 17:30:00,2024,7,23,17,30,81,81105,Avenue du Pont de Saint Pierre,43.761141,2.003814,Plein jour,En agglomération,Giratoire,Normale,Deux véhicules - côté,3,2,1,0,1,1,1,0,1,50,2,2,1,0,0,1,26.0,13.0,voiture,deux_roues,1,2,6,1,3
202400026362,2024-05-22 16:20:00,2024,5,22,16,20,24,24126,N21,44.79604154,0.52252977,Plein jour,Hors agglomération,Hors intersection,Normale,Deux véhicules - frontale,2,2,2,0,2,1,1,0,1,80,2,4,0,1,3,0,36.0,66.0,utilitaire_camion,voiture,1,1,1,1,1
202400026363,2024-07-05 15:30:00,2024,7,5,15,30,33,33517,,45.055504,-0.703501,Plein jour,En agglomération,Hors intersection,Normale,Deux véhicules - frontale,3,2,2,0,2,1,1,0,1,50,2,2,1,0,0,1,35.0,29.0,voiture,voiture,1,2,1,1,1
202400026364,2024-05-22 13:15:00,2024,5,22,13,15,31,31476,A64,43.271565,1.134295,Plein jour,Hors agglomération,Hors intersection,Normale,Deux véhicules - côté,1,1,2,0,1,1,1,0,1,130,2,3,1,0,2,0,53.0,50.0,utilitaire_camion,voiture,1,1,1,1,3
202400026365,2024-07-28 11:25:00,2024,7,28,11,25,44,44066,Route de la Chapelle sur Erdre,47.354681,-1.597934,Plein jour,Hors agglomération,Intersection en X,Normale,Deux véhicules - frontale,3,2,2,0,1,1,1,0,1,80,2,4,2,0,0,2,22.0,41.0,voiture,voiture,1,1,2,1,1
202400026365,2024-07-28 11:25:00,2024,7,28,11,25,44,44066,Route de la Chapelle sur Erdre,47.354681,-1.597934,Plein jour,Hors agglomération,Intersection en X,Normale,Deux véhicules - frontale,3,2,2,0,1,1,1,0,1,50,2,4,2,0,0,2,22.0,41.0,voiture,voiture,1,1,2,1,1
202400026366,2024-05-21 10:01:00,2024,5,21,10,1,88,88022,"autoroute A31 - PK 178+400 - sens ""DIJON-NANCY""",48.23191511,5.86056232,Plein jour,Hors agglomération,Hors intersection,Normale,Deux véhicules - côté,1,3,2,0,1,1,2,0,1,130,1,2,1,0,1,0,40.0,,autre,,1,1,1,1,3
202400026367,2024-05-22 18:05:00,2024,5,22,18,5,971,97103,Route de Blachon,16.247571,-61.601876,Crépuscule ou aube,En agglomération,Hors intersection,Normale,Deux véhicules - côté,4,2,2,0,1,1,1,0,1,50,2,3,2,0,1,0,27.0,28.0,deux_roues,voiture,2,2,1,1,3
202400026368,2024-07-27 21:39:00,2024,7,27,21,39,29,29022,route de Kerloch,48.25939807,-4.5606673,Crépuscule ou aube,En agglomération,Hors intersection,Normale,Trois véhicules et plus - collisions multiples,3,2,2,0,2,2,1,0,1,50,4,8,5,0,1,2,40.0,21.0,voiture,voiture,2,2,1,1,5
202400026369,2024-05-22 10:40:00,2024,5,22,10,40,987,98735,Taravao RT321 au Pk 0.700,-17.756,-148.736,Plein jour,En agglomération,Hors intersection,Normale,Sans collision,3,2,2,0,2,2,1,0,3,40,1,1,0,0,1,0,16.0,,deux_roues,,1,2,1,1,7
202400026370,2024-07-23 17:30:00,2024,7,23,17,30,13,13085,A50-Sens Toulon vers Aubagne,43.24822,5.59662,Plein jour,Hors agglomération,Hors intersection,Normale,Sans collision,1,1,2,0,2,1,1,0,1,110,1,1,0,0,0,1,36.0,,voiture,,1,1,1,1,7
202400026371,2024-05-22 19:00:00,2024,5,22,19,0,973,97311,Rue Buissons Ardents,5.478638,-54.023606,Nuit avec éclairage non allumé,En agglomération,Hors intersection,Normale,Autre collision,4,3,2,0,1,1,1,0,1,50,1,2,1,0,1,0,23.0,,voiture,,4,2,1,1,6
202400026372,2024-07-23 19:50:00,2024,7,23,19,50,13,13202,A55-Sens Martigues vers Marseille,43.31327,5.36628,Plein jour,En agglomération,Hors intersection,Normale,Trois véhicules et plus - en chaîne,1,-1,2,0,1,1,1,2,1,70,3,3,2,0,0,1,45.0,27.0,voiture,deux_roues,1,2,1,1,4
202400026373,2024-05-17 15:00:00,2024,5,17,15,0,37,37230,D31,47.46148285,1.0107851,Plein jour,Hors agglomération,Intersection en T,Normale,Deux véhicules - arrière,3,2,2,0,1,2,1,0,1,80,2,2,1,0,1,0,53.0,74.0,voiture,utilitaire_camion,1,1,3,1,2
202400026373,2024-05-17 15:00:00,2024,5,17,15,0,37,37230,D31,47.46148285,1.0107851,Plein jour,Hors agglomération,Intersection en T,Normale,Deux véhicules - arrière,3,2,2,0,1,1,1,0,1,50,2,2,1,0,1,0,53.0,74.0,voiture,utilitaire_camion,1,1,3,1,2
202400026374,2024-07-27 06:52:00,2024,7,27,6,52,33,33162,,44.859412,-0.660521,Plein jour,Hors agglomération,Hors intersection,Normale,Autre collision,1,3,6,0,2,3,1,3,1,50,1,4,2,0,0,2,23.0,,voiture,,1,1,1,1,6
202400026375,2024-07-27 02:00:00,2024,7,27,2,0,33,33318,,44.808855,-0.669799,Nuit avec éclairage non allumé,Hors agglomération,Hors intersection,Normale,Autre collision,1,3,6,0,1,1,1,0,1,90,1,1,0,0,0,1,27.0,,voiture,,4,1,1,1,6
202400026376,2024-05-22 20:30:00,2024,5,22,20,30,91,91179,Chemin de la Justice,48.557786,2.499261,Crépuscule ou aube,En agglomération,Intersection en X,Pluie légère,Deux véhicules - frontale,3,2,2,0,1,1,2,0,1,90,2,2,1,0,1,0,50.0,47.0,deux_roues,voiture,2,2,2,2,1
202400026376,2024-05-22 20:30:00,2024,5,22,20,30,91,91179,Chemin de la Justice,48.557786,2.499261,Crépuscule ou aube,En agglomération,Intersection en X,Pluie légère,Deux véhicules - frontale,3,1, -1,-1,1,1,2,0,1,-1,2,2,1,0,1,0,50.0,47.0,deux_roues,voiture,2,2,2,2,1
202400026377,2024-07-27 16:30:00,2024,7,27,16,30,91,91521,RN 449,48.63553,2.40167,Plein jour,Hors agglomération,Hors intersection,Pluie légère,Sans collision,2,1,2,0,1,3,2,0,1,50,1,1,0,0,0,1,31.0,,voiture,,1,1,1,2,7