accident_id,datetime,annee,mois,jour,heure,minute,departement,commune_insee,adresse,latitude,longitude,luminosite,agglomeration,intersection,meteo,collision,catr,circ,nbv,vosp,prof,plan,surf,infra,situ,vma,nb_vehicules,nb_usagers,nb_indemnes,nb_tues,nb_blesses_hosp,nb_blesses_legers,age_cond_1,age_cond_2,veh_type_cond_1,veh_type_cond_2,lum_code,agg_code,int_code,atm_code,col_code
202400026378,2024-05-21 18:30:00,2024,5,21,18,30,06,06066,982 Route du pont charles Albert,43.835517,7.187247,Plein jour,En agglomération,Hors intersection,Normale,Deux véhicules - côté,7,2,2,0,4,1,1,0,1,50,2,2,1,0,1,0,29.0,66.0,deux_roues,voiture,1,2,1,1,3
202400026379,2024-07-27 15:20:00,2024,7,27,15,20,91,91174,RN 104,48.61593,2.4552,Plein jour,Hors agglomération,Hors intersection,Normale,Sans collision,2,-1,2,0,1,3,2,0,1,50,1,1,0,0,0,1,38.0,,voiture,,1,1,1,1,7
202400026380,2024-07-27 15:45:00,2024,7,27,15,45,94,94065,A86,48.75359225,2.35593856,Plein jour,Hors agglomération,Hors intersection,Normale,Autre collision,2,-1,2,0,1,2,2,0,1,70,1,1,0,0,0,1,30.0,,voiture,,1,1,1,1,6
202400026381,2024-05-20 15:48:00,2024,5,20,15,48,69,69157,Route de Saint-Clément,45.907039,4.467037,Plein jour,Hors agglomération,Intersection en Y,Pluie légère,Deux véhicules - frontale,3,2,2,0,2,1,2,0,1,80,2,2,1,0,1,0,50.0,50.0,deux_roues,voiture,1,1,4,2,1
202400026381,2024-05-20 15:48:00,2024,5,20,15,48,69,69157,Route de Saint-Clément,45.907039,4.467037,Plein jour,Hors agglomération,Intersection en Y,Pluie légère,Deux véhicules - frontale,3,2,2,0,2,1,2,0,1,-1,2,2,1,0,1,0,50.0,50.0,deux_roues,voiture,1,1,4,2,1
202400026382,2024-07-27 06:38:00,2024,7,27,6,38,91,91553,RN 104,48.6286,2.4805,Crépuscule ou aube,Hors agglomération,Hors intersection,Pluie forte,Autre collision,2,3,4,0,2,1,2,0,1,90,1,1,0,0,0,1,39.0,,utilitaire_camion,,2,1,1,3,6
202400026383,2024-05-22 18:30:00,2024,5,22,18,30,69,69297,Route Neuve,45.608851,4.807484,Plein jour,En agglomération,Hors intersection,Normale,Deux véhicules - frontale,3,2,2,1,2,3,1,0,1,50,2,3,2,0,0,1,20.0,29.0,voiture,voiture,1,2,1,1,1
202400026384,2024-07-27 01:15:00,2024,7,27,1,15,91,91136,AUTOROUTE A10,48.71056,2.28768,Nuit sans éclairage public,Hors agglomération,Hors intersection,Pluie légère,Sans collision,1,1,2,0,2,2,2,0,1,70,1,1,0,0,0,1,25.0,,voiture,,3,1,1,2,7
202400026385,2024-05-22 15:30:00,2024,5,22,15,30,69,69040,47 Avenue de Lanessan,45.794513,4.792984,Plein jour,En agglomération,Hors intersection,Normale,Autre collision,7,2,3,2,2,1,1,0,1,30,1,2,1,0,1,0,19.0,,utilitaire_camion,,1,2,1,1,6
202400026386,2024-07-26 22:40:00,2024,7,26,22,40,91,91174,RN 104,48.62209,2.4632,Nuit sans éclairage public,Hors agglomération,Hors intersection,Pluie forte,Deux véhicules - côté,2,3,3,0,4,1,3,0,1,110,2,2,1,0,0,1,27.0,18.0,voiture,voiture,3,1,1,3,3
202400026387,2024-05-22 17:30:00,2024,5,22,17,30,14,14047,1 Place aux Pommes,49.277591,-0.70047,Plein jour,En agglomération,Place,Normale,Autre collision,6,-1, -1,0,1,1,1,0,1,20,1,2,1,0,0,1,74.0,,voiture,,1,2,7,1,6
202400026388,2024-07-27 11:55:00,2024,7,27,11,55,92,92063,A86,48.88961195,2.16890822,Plein jour,Hors agglomération,Hors intersection,Pluie légère,Deux véhicules - côté,1,3,5,0,1,2,2,1,1,70,2,2,1,0,0,1,31.0,48.0,voiture,voiture,1,1,1,2,3
202400026389,2024-05-22 07:35:00,2024,5,22,7,35,27,27412,RD 79,49.250271,1.102399,Plein jour,Hors agglomération,Hors intersection,Normale,Deux véhicules - frontale,3,2,2,0,2,3,1,0,1,80,2,2,1,0,1,0,47.0,26.0,voiture,voiture,1,1,1,1,1
202400026390,2024-07-27 19:20:00,2024,7,27,19,20,95,95572,N184,49.04116499,2.12821547,Plein jour,Hors agglomération,Hors intersection,Normale,Deux véhicules - arrière,2,3,2,0,1,1,2,0,1,90,2,3,1,0,0,2,23.0,30.0,voiture,voiture,1,1,1,1,2
202400026391,2024-05-22 12:50:00,2024,5,22,12,50,27,27165,Route de Louviers,48.975421,0.948767,Plein jour,En agglomération,Hors intersection,Normale,Deux véhicules - côté,4,2,2,0,1,1,1,0,1,50,2,2,1,0,0,1,55.0,27.0,deux_roues,voiture,1,2,1,1,3
202400026392,2024-05-22 10:27:00,2024,5,22,10,27,13,13071,A7-Sens Marseille vers Lyon,43.404,5.314,Plein jour,Hors agglomération,Hors intersection,Normale,Sans collision,1,1,2,0,1,1,1,0,1,90,1,1,0,0,0,1,30.0,,deux_roues,,1,1,1,1,7
202400026393,2024-07-27 07:35:00,2024,7,27,7,35,93,93064,AUTOROUTE A86,48.86773131,2.48195414,Plein jour,Hors agglomération,Hors intersection,Pluie légère,Deux véhicules - côté,1,3,3,0,1,1,2,0,1,90,2,2,0,1,0,1,54.0,56.0,voiture,voiture,1,1,1,2,3
202400026394,2024-07-27 10:10:00,2024,7,27,10,10,92,92078,AUTOROUTE A86,48.92928253,2.32938717,Plein jour,Hors agglomération,Hors intersection,Pluie forte,Autre collision,1,3,3,0,1,3,2,0,1,90,1,1,0,0,0,1,24.0,,voiture,,1,1,1,3,6
202400026395,2024-07-26 18:10:00,2024,7,26,18,10,95,95527,A1,49.00473404,2.52582663,Plein jour,Hors agglomération,Hors intersection,Pluie forte,Sans collision,1,3,3,0,1,1,2,0,1,110,1,1,0,0,0,1,22.0,,voiture,,1,1,1,3,7
202400026396,2024-03-29 00:08:00,2024,3,29,0,8,54,54197,Autoroute A 33,48.61813,6.19881,Nuit avec éclairage non allumé,Hors agglomération,Hors intersection,Normale,Deux véhicules - côté,1,3,2,0,1,1,1,0,1,110,2,2,1,0,0,1,38.0,20.0,voiture,voiture,4,1,1,1,3
202400026397,2024-07-26 06:10:00,2024,7,26,6,10,95,95018,A15,48.95863789,2.27437326,Nuit avec éclairage allumé,Hors agglomération,Hors intersection,Pluie forte,Deux véhicules - arrière,1,3,4,0,2,2,2,0,2,110,2,2,1,0,0,1,39.0,38.0,voiture,voiture,5,1,1,3,2
202400026398,2024-05-22 18:20:00,2024,5,22,18,20,94,94065,A106,48.74745783,2.35851545,Plein jour,Hors agglomération,Hors intersection,Pluie légère,Deux véhicules - côté,1,2,2,0,1,1,2,0,1,110,2,2,1,0,0,1,31.0,42.0,deux_roues,voiture,1,1,1,2,3
202400026399,2024-07-27 19:10:00,2024,7,27,19,10,94,94069,A4,48.81730357,2.4323076,Plein jour,Hors agglomération,Hors intersection,Pluie forte,Deux véhicules - côté,1,3,5,0,1,1,2,0,1,90,2,2,1,0,0,1,45.0,34.0,deux_roues,voiture,1,1,1,3,3
202400026400,2024-05-22 08:20:00,2024,5,22,8,20,92,92019,AUTOROUTE A86,48.76065654,2.28429441,Plein jour,Hors agglomération,Hors intersection,Normale,Deux véhicules - côté,2,3,2,0,1,1,1,0,1,90,2,2,1,0,0,1,32.0,46.0,utilitaire_camion,voiture,1,1,1,1,3
202400026401,2024-07-27 17:35:00,2024,7,27,17,35,94,94069,A4,48.81713893,2.44226193,Plein jour,Hors agglomération,Hors intersection,Pluie forte,Trois véhicules et plus - collisions multiples,1,3,8,0,1,1,2,0,1,90,3,5,2,0,0,3,26.0,60.0,voiture,voiture,1,1,1,3,5
202400026402,2024-05-21 23:44:00,2024,5,21,23,44,92,92002,AUTOROUTE A86,48.76040969,2.29181952,Nuit sans éclairage public,Hors agglomération,Hors intersection,Pluie légère,Autre collision,2,1,2,0,2,2,2,0,1,70,1,2,0,0,0,2,30.0,,voiture,,3,1,1,2,6
202400026403,2024-05-21 22:20:00,2024,5,21,22,20,78,78043,A12 Y,48.83168,2.08305,Nuit sans éclairage public,Hors agglomération,Hors intersection,Pluie légère,Autre collision,1,-1,4,0,1,1,2,0,1,110,1,1,0,0,0,1,19.0,,voiture,,3,1,1,2,6
202400026404,2024-07-27 17:15:00,2024,7,27,17,15,93,93051,A4,48.83611442,2.55457974,Plein jour,Hors agglomération,Hors intersection,Pluie forte,Deux véhicules - arrière,1,3,4,0,1,1,2,0,1,90,2,3,1,0,0,2,28.0,26.0,utilitaire_camion,voiture,1,1,1,3,2
202400026405,2024-05-21 18:20:00,2024,5,21,18,20,92,92072,N118,48.81740264,2.21629518,Plein jour,Hors agglomération,Hors intersection,Normale,Sans collision,2,1,2,0,2,1,1,0,1,70,1,1,0,0,0,1,48.0,,deux_roues,,1,1,1,1,7
202400026406,2024-05-22 09:10:00,2024,5,22,9,10,93,93066,A86,48.9229345,2.34504055,Plein jour,Hors agglomération,Hors intersection,Normale,Autre collision,1,1,3,0,2,3,1,0,1,50,1,1,0,0,0,1,33.0,,deux_roues,,1,1,1,1,6
202400026407,2024-07-27 16:45:00,2024,7,27,16,45,77,77373,RN104,48.790716,2.618457,Plein jour,Hors agglomération,Hors intersection,Pluie légère,Deux véhicules - arrière,2,-1,5,0,1,1,2,0,1,90,2,3,1,0,0,2,21.0,40.0,voiture,utilitaire_camion,1,1,1,2,2
202400026408,2024-05-21 06:00:00,2024,5,21,6,0,95,95572,N184,49.03432309,2.11289343,Plein jour,Hors agglomération,Hors intersection,Temps couvert,Trois véhicules et plus - collisions multiples,2,3,2,0,1,1,2,0,1,90,3,3,2,0,0,1,44.0,25.0,voiture,utilitaire_camion,1,1,1,8,5
202400026409,2024-07-27 16:00:00,2024,7,27,16,0,77,77373,RN104,48.796174,2.621597,Plein jour,Hors agglomération,Hors intersection,Pluie forte,Autre collision,2,3,3,0,1,1,2,0,1,90,3,3,2,0,0,1,29.0,32.0,voiture,voiture,1,1,1,3,6
202400026410,2024-05-20 20:45:00,2024,5,20,20,45,95,95277,A3,48.96803561,2.47785819,Plein jour,Hors agglomération,Hors intersection,Pluie légère,Deux véhicules - arrière,1,3,3,0,2,1,2,0,1,90,2,2,1,0,0,1,18.0,33.0,deux_roues,voiture,1,1,1,2,2
202400026411,2024-07-27 14:10:00,2024,7,27,14,10,75,75112,A4,48.81805355,2.45657891,Plein jour,Hors agglomération,Hors intersection,Pluie forte,Deux véhicules - arrière,1,3,2,0,1,1,2,0,1,90,2,2,1,0,0,1,64.0,31.0,utilitaire_camion,voiture,1,1,1,3,2
202400026412,2024-05-21 03:30:00,2024,5,21,3,30,94,94081,A86,48.77409978,2.4089616,Nuit sans éclairage public,Hors agglomération,Hors intersection,Pluie légère,Sans collision,1,1,3,0,1,1,3,0,1,90,1,1,0,0,0,1,22.0,,deux_roues,,3,1,1,2,7
202400026413,2024-07-27 04:18:00,2024,7,27,4,18,77,77121,A4,48.830972,2.687261,Nuit sans éclairage public,Hors agglomération,Hors intersection,Pluie forte,Deux véhicules - arrière,1,1,3,0,1,1,2,0,1,110,2,2,1,0,0,1,34.0,34.0,utilitaire_camion,voiture,3,1,1,3,2
202400026414,2024-03-01 08:50:00,2024,3,1,8,50,45,45187,24bis place du mail,47.887899,2.513997,Plein jour,En agglomération,Hors intersection,Normale,Autre collision,4,2,2,0,1,3,1,0,1,50,1,2,1,0,0,1,28.0,,utilitaire_camion,,1,2,1,1,6
202400026415,2024-02-12 18:30:00,2024,2,12,18,30,18,18033,137 Chemin de Villeneuve,47.06302,2.36143,Nuit avec éclairage allumé,En agglomération,Autre intersection,Normale,Deux véhicules - côté,4,2,2,0,1,1,1,9,1,50,2,2,1,0,1,0,83.0,16.0,voiture,deux_roues,5,2,9,1,3
202400026416,2024-03-12 17:15:00,2024,3,12,17,15,32,32013,PIERRE MENDES FRANCE,43.6411,0.5953,Plein jour,En agglomération,Intersection en T,Temps couvert,Deux véhicules - côté,4,2,2,0,1,1,1,0,1,50,2,2,1,0,0,1,34.0,17.0,voiture,deux_roues,1,2,3,8,3
202400026416,2024-03-12 17:15:00,2024,3,12,17,15,32,32013,PIERRE MENDES FRANCE,43.6411,0.5953,Plein jour,En agglomération,Intersection en T,Temps couvert,Deux véhicules - côté,4,2,2,0,1,1,1,0,1,50,2,2,1,0,0,1,34.0,17.0,voiture,deux_roues,1,2,3,8,3
202400026417,2024-01-03 18:25:00,2024,1,3,18,25,17,17299,RESISTANCE BOULEVARD DE LA,45.930602,-0.961011,Nuit avec éclairage allumé,En agglomération,Hors intersection,Pluie légère,Autre collision,4,2,2,0,1,1,2,0,1,30,1,2,1,0,1,0,25.0,,voiture,,5,2,1,2,6
202400026418,2024-07-27 02:40:00,2024,7,27,2,40,974,97411,KARTING (DU),-20.89453,55.49904,Nuit avec éclairage allumé,En agglomération,Hors intersection,Normale,Sans collision,4,1,2,0,1,2,1,0,1,50,1,1,0,0,0,1,42.0,,deux_roues,,5,2,1,1,7
202400026419,2024-05-21 17:25:00,2024,5,21,17,25,974,97411,ROUTIERS (CHEMIN DES),-20.918,55.4961,Plein jour,Hors agglomération,Intersection en T,Normale,Deux véhicules - côté,4,-1,2,0,2,1,1,0,1,30,2,2,1,0,0,1,71.0,21.0,voiture,voiture,1,1,3,1,3
202400026419,2024-05-21 17:25:00,2024,5,21,17,25,974,97411,ROUTIERS (CHEMIN DES),-20.918,55.4961,Plein jour,Hors agglomération,Intersection en T,Normale,Deux véhicules - côté,4,-1,2,0,2,1,1,0,1,30,2,2,1,0,0,1,71.0,21.0,voiture,voiture,1,1,3,1,3
202400026420,2024-07-26 19:50:00,2024,7,26,19,50,973,97302,MADELEINE (ROUTE DE LA),4.92363528,-52.32401991,Nuit avec éclairage allumé,En agglomération,Hors intersection,Pluie forte,Deux véhicules - côté,3,2,2,2,1,1,2,6,1,50,2,2,1,0,0,1,25.0,66.0,deux_roues,utilitaire_camion,5,2,1,3,3
202400026421,2024-05-20 17:20:00,2024,5,20,17,20,974,97411,MONTAGNE (ROUTE DE LA),-20.87732,55.44244,Plein jour,En agglomération,Hors intersection,Normale,Deux véhicules - frontale,3,2,2,0,2,2,1,0,1,50,2,3,0,0,0,3,25.0,78.0,voiture,voiture,1,2,1,1,1
202400026422,2024-07-26 11:55:00,2024,7,26,11,55,69,69387,Rue Raulin,45.74764,4.83505,Plein jour,En agglomération,Intersection en X,Normale,Autre collision,4,1,3,3,1,1,1,0,1,50,1,2,1,0,0,1,37.0,,voiture,,1,2,2,1,6
202400026422,2024-07-26 11:55:00,2024,7,26,11,55,69,69387,Rue Raulin,45.74764,4.83505,Plein jour,En agglomération,Intersection en X,Normale,Autre collision,4,1,1,2,1,1,1,9,1,30,1,2,1,0,0,1,37.0,,voiture,,1,2,2,1,6
202400026423,2024-05-21 13:35:00,2024,5,21,13,35,974,97407,MONDON (AVENUE),-20.93366588,55.30790305,Plein jour,En agglomération,Intersection en T,Normale,Deux véhicules - côté,4,2,2,0,1,1,1,0,1,50,2,2,1,0,1,0,21.0,23.0,deux_roues,voiture,1,2,3,1,3
202400026423,2024-05-21 13:35:00,2024,5,21,13,35,974,97407,MONDON (AVENUE),-20.93366588,55.30790305,Plein jour,En agglomération,Intersection en T,Normale,Deux véhicules - côté,4,-1, -1,0,1,1,1,0,1,50,2,2,1,0,1,0,21.0,23.0,deux_roues,voiture,1,2,3,1,3
202400026424,2024-07-26 16:00:00,2024,7,26,16,0,972,97213,ROUTE NATIONALE 1,14.61988,-60.99413,Plein jour,Hors agglomération,Giratoire,Normale,Trois véhicules et plus - en chaîne,3,3,1,0,1,1,1,0,1,50,3,3,1,0,1,1,45.0,44.0,voiture,deux_roues,1,1,6,1,4
202400026425,2024-05-21 11:35:00,2024,5,21,11,35,973,97302,NOVAPARC (RESIDENCE) RTE DE RABAN,4.92244156,-52.31324637,Plein jour,En agglomération,Hors intersection,Normale,Autre collision,4,2,2,0,1,1,1,0,1,50,1,3,1,0,0,2,,,deux_roues,,1,2,1,1,6
202400026426,2024-05-20 23:30:00,2024,5,20,23,30,973,97302,FELIX EBOUE(ROCADE),4.93160033,-52.31232101,Nuit avec éclairage allumé,En agglomération,Hors intersection,Normale,Sans collision,3,2,2,0,1,1,2,0,1,50,1,1,0,0,0,1,35.0,,deux_roues,,5,2,1,1,7
202400026427,2024-07-25 11:24:00,2024,7,25,11,24,972,97213,ROUTE DEPARTEMENTALE 15,14.62472,-61.00743,Plein jour,Hors agglomération,Intersection en T,Normale,Deux véhicules - côté,3,2,1,0,2,1,1,0,1,30,2,3,1,0,0,2,58.0,75.0,voiture,utilitaire_camion,1,1,3,1,3
202400026427,2024-07-25 11:24:00,2024,7,25,11,24,972,97213,ROUTE DEPARTEMENTALE 15,14.62472,-61.00743,Plein jour,Hors agglomération,Intersection en T,Normale,Deux véhicules - côté,3,2,2,0,2,1,1,0,1,70,2,3,1,0,0,2,58.0,75.0,voiture,utilitaire_camion,1,1,3,1,3
202400026428,2024-05-21 16:40:00,2024,5,21,16,40,69,69387,Rue de la Thibaudière,45.75078,4.84422,Plein jour,En agglomération,Intersection en T,Normale,Deux véhicules - côté,4,1,1,2,1,1,1,0,1,30,2,2,1,0,0,1,47.0,40.0,voiture,deux_roues,1,2,3,1,3
202400026429,2024-07-25 21:15:00,2024,7,25,21,15,2B,2B033,CAP - ROUTE DU CAP,42.713,9.45446,Nuit avec éclairage allumé,En agglomération,Autre intersection,Normale,Deux véhicules - arrière,3,2,2,0,2,3,1,0,1,50,2,2,1,0,0,1,29.0,47.0,deux_roues,voiture,5,2,9,1,2
202400026430,2024-07-26 15:40:00,2024,7,26,15,40,971,97101,CHAUVEL,16.2395,-61.51994,Plein jour,Hors agglomération,Intersection en T,Normale,Deux véhicules - arrière,3,-1, -1,0,1,1,1,0,1,30,2,2,1,0,0,1,45.0,41.0,voiture,deux_roues,1,1,3,1,2
202400026430,2024-07-26 15:40:00,2024,7,26,15,40,971,97101,CHAUVEL,16.2395,-61.51994,Plein jour,Hors agglomération,Intersection en T,Normale,Deux véhicules - arrière,3,-1, -1,0,1,1,1,0,1,50,2,2,1,0,0,1,45.0,41.0,voiture,deux_roues,1,1,3,1,2
202400026431,2024-05-21 15:40:00,2024,5,21,15,40,69,69383,Avenue Lacassagne,45.7561,4.86408,Plein jour,En agglomération,Intersection en T,Normale,Deux véhicules - frontale,4,2,2,3,1,1,1,0,1,30,2,2,1,0,0,1,72.0,31.0,voiture,deux_roues,1,2,3,1,1
202400026431,2024-05-21 15:40:00,2024,5,21,15,40,69,69383,Avenue Lacassagne,45.7561,4.86408,Plein jour,En agglomération,Intersection en T,Normale,Deux véhicules - frontale,4,1,1,2,1,1,1,0,1,30,2,2,1,0,0,1,72.0,31.0,voiture,deux_roues,1,2,3,1,1
202400026432,2024-07-25 19:10:00,2024,7,25,19,10,971,97113,SECTION PLIANE,16.21755,-61.45741,Nuit sans éclairage public,Hors agglomération,Hors intersection,Normale,Deux véhicules - frontale,5,-1,1,0,2,2,1,0,1,20,2,2,1,0,0,1,45.0,15.0,voiture,deux_roues,3,1,1,1,1
202400026433,2024-05-21 08:50:00,2024,5,21,8,50,69,69386,Avenue Maréchal de Saxe,45.76676,4.8443,Plein jour,En agglomération,Intersection en X,Normale,Deux véhicules - côté,4,1,1,2,1,1,1,0,5,30,2,2,1,0,0,1,26.0,53.0,deux_roues,deux_roues,1,2,2,1,3
202400026433,2024-05-21 08:50:00,2024,5,21,8,50,69,69386,Avenue Maréchal de Saxe,45.76676,4.8443,Plein jour,En agglomération,Intersection en X,Normale,Deux véhicules - côté,4,1,1,3,1,1,1,0,5,30,2,2,1,0,0,1,26.0,53.0,deux_roues,deux_roues,1,2,2,1,3
202400026434,2024-07-24 21:20:00,2024,7,24,21,20,971,97113,SECTION LEROUX,16.23438,-61.46771,Nuit avec éclairage allumé,Hors agglomération,Intersection en Y,Normale,Deux véhicules - frontale,3,2,2,0,1,1,1,0,1,50,2,2,0,0,0,2,44.0,37.0,voiture,voiture,5,1,4,1,1
202400026435,2024-05-21 08:15:00,2024,5,21,8,15,69,69386,Rue Barrême,45.77462,4.84709,Plein jour,En agglomération,Intersection en X,Normale,Deux véhicules - côté,4,1,1,2,1,1,1,0,1,30,2,2,1,0,0,1,33.0,40.0,voiture,deux_roues,1,2,2,1,3
202400026435,2024-05-21 08:15:00,2024,5,21,8,15,69,69386,Rue Barrême,45.77462,4.84709,Plein jour,En agglomération,Intersection en X,Normale,Deux véhicules - côté,4,1,1,2,1,1,1,0,1,30,2,2,1,0,0,1,33.0,40.0,voiture,deux_roues,1,2,2,1,3
202400026436,2024-07-26 09:30:00,2024,7,26,9,30,91,91433,R.D. 20,48.45901,2.17742,Plein jour,Hors agglomération,Hors intersection,Pluie légère,Autre collision,3,1,2,0,1,1,2,0,1,70,1,1,0,0,0,1,43.0,,deux_roues,,1,1,1,2,6
202400026437,2024-07-09 12:15:00,2024,7,9,12,15,88,88160,JEUXEY (RTE DE),48.19307972,6.45314813,Plein jour,En agglomération,Hors intersection,Normale,Autre collision,3,3,4,0,1,1,1,9,1,50,1,2,1,0,1,0,42.0,,voiture,,1,2,1,1,6
202400026438,2024-05-20 04:28:00,2024,5,20,4,28,972,97213,AUTOROUTE A1,14.61824,-61.02648,Nuit avec éclairage allumé,Hors agglomération,Hors intersection,Normale,Deux véhicules - arrière,1,-1,6,0,1,1,1,0,1,90,2,4,2,2,0,0,52.0,37.0,voiture,deux_roues,5,1,1,1,2
202400026439,2024-05-21 09:41:00,2024,5,21,9,41,2B,2B037,TOUTES RUES,42.62814,9.4295,Plein jour,En agglomération,Hors intersection,Normale,Autre collision,3,2,2,0,2,1,1,0,1,50,1,1,0,0,0,1,18.0,,voiture,,1,2,1,1,6
202400026440,2024-07-25 16:58:00,2024,7,25,16,58,87,87050,LIMOGES (AVENUE DE),45.86823,1.23826,Plein jour,En agglomération,Hors intersection,Normale,Trois véhicules et plus - en chaîne,3,2,2,0,1,1,1,0,1,50,3,3,1,0,0,2,25.0,24.0,voiture,voiture,1,2,1,1,4
202400026441,2024-07-25 16:56:00,2024,7,25,16,56,87,87085,AUTOROUTE A20,45.87973,1.28873,Plein jour,Hors agglomération,Hors intersection,Normale,Deux véhicules - arrière,1,3,2,0,1,1,1,0,2,110,2,2,0,0,0,2,52.0,29.0,voiture,voiture,1,1,1,1,2
202400026442,2024-05-21 16:00:00,2024,5,21,16,0,971,97113,RN4 - SECTION RIVIERA,16.21247,-61.47634,Plein jour,En agglomération,Hors intersection,Normale,Trois véhicules et plus - collisions multiples,2,2,2,0,1,1,1,0,3,70,3,7,5,0,0,2,45.0,26.0,voiture,voiture,1,2,1,1,5
202400026443,2024-07-25 12:00:00,2024,7,25,12,0,87,87085,BEAUBLANC (BOULEVARD DE),45.84502,1.24247,Plein jour,En agglomération,Hors intersection,Normale,Deux véhicules - arrière,4,3,4,0,1,1,1,0,1,50,2,2,1,0,0,1,32.0,30.0,voiture,utilitaire_camion,1,2,1,1,2
202400026444,2024-05-20 08:40:00,2024,5,20,8,40,971,97113,BAS DU FORT,16.22029,-61.51746,Plein jour,Hors agglomération,Intersection en T,Normale,Deux véhicules - côté,4,2,2,0,1,1,1,0,1,50,2,2,0,0,0,2,40.0,34.0,voiture,voiture,1,1,3,1,3
202400026444,2024-05-20 08:40:00,2024,5,20,8,40,971,97113,BAS DU FORT,16.22029,-61.51746,Plein jour,Hors agglomération,Intersection en T,Normale,Deux véhicules - côté,4,2,2,0,1,3,1,0,1,50,2,2,0,0,0,2,40.0,34.0,voiture,voiture,1,1,3,1,3
202400026445,2024-05-18 04:25:00,2024,5,18,4,25,971,97101,ROUTE DE BOISVINS,16.2631,-61.49505,Nuit avec éclairage allumé,Hors agglomération,Hors intersection,Normale,Sans collision,3,2,2,0,1,3,1,2,4,50,1,1,0,0,0,1,56.0,,deux_roues,,5,1,1,1,7
202400026446,2024-07-25 19:20:00,2024,7,25,19,20,83,83126,QUATRE SEPTEMBRE (BD DU),43.1027,5.8727,Plein jour,En agglomération,Intersection en X,Normale,Trois véhicules et plus - collisions multiples,4,2, -1,-1,1,1,1,0,1,-1,3,4,2,0,0,2,23.0,28.0,voiture,voiture,1,2,2,1,5
202400026446,2024-07-25 19:20:00,2024,7,25,19,20,83,83126,QUATRE SEPTEMBRE (BD DU),43.1027,5.8727,Plein jour,En agglomération,Intersection en X,Normale,Trois véhicules et plus - collisions multiples,4,2,2,0,1,1,1,0,8,50,3,4,2,0,0,2,23.0,28.0,voiture,voiture,1,2,2,1,5
202400026447,2024-05-18 17:40:00,2024,5,18,17,40,85,85194,Rue du palais,46.495479,-1.784178,Plein jour,En agglomération,Intersection en X,Normale,Autre collision,4,1,0,0,1,1,1,0,1,50,1,2,1,0,1,0,19.0,,deux_roues,,1,2,2,1,6
202400026447,2024-05-18 17:40:00,2024,5,18,17,40,85,85194,Rue du palais,46.495479,-1.784178,Plein jour,En agglomération,Intersection en X,Normale,Autre collision,4,1,1,0,3,1,1,0,1,50,1,2,1,0,1,0,19.0,,deux_roues,,1,2,2,1,6
202400026448,2024-07-26 15:30:00,2024,7,26,15,30,81,81163,MERMOZ (JEAN),43.49492,2.37285,Plein jour,En agglomération,Intersection en X,Normale,Deux véhicules - côté,3,2,2,0,1,1,1,0,1,50,2,3,2,0,0,1,59.0,22.0,voiture,deux_roues,1,2,2,1,3
202400026448,2024-07-26 15:30:00,2024,7,26,15,30,81,81163,MERMOZ (JEAN),43.49492,2.37285,Plein jour,En agglomération,Intersection en X,Normale,Deux véhicules - côté,3,1,2,0,1,1,1,0,1,50,2,3,2,0,0,1,59.0,22.0,voiture,deux_roues,1,2,2,1,3
202400026449,2024-05-20 11:40:00,2024,5,20,11,40,84,84007,BRAQUE ( RUE GEORGE,43.94144,4.84721,Plein jour,En agglomération,Intersection en T,Normale,Autre collision,4,2,2,0,1,1,1,0,4,50,1,1,0,0,0,1,80.0,,voiture,,1,2,3,1,6
202400026449,2024-05-20 11:40:00,2024,5,20,11,40,84,84007,BRAQUE ( RUE GEORGE,43.94144,4.84721,Plein jour,En agglomération,Intersection en T,Normale,Autre collision,4,2,2,0,1,2,1,0,4,50,1,1,0,0,0,1,80.0,,voiture,,1,2,3,1,6
202400026450,2024-05-21 14:40:00,2024,5,21,14,40,80,80021,Avenue du Languedoc,49.91714,2.25564,Plein jour,En agglomération,Hors intersection,Normale,Sans collision,4,2,2,0,1,1,1,0,1,50,1,1,0,0,0,1,29.0,,deux_roues,,1,2,1,1,7
202400026451,2024-07-26 13:50:00,2024,7,26,13,50,80,80021,Boulevard de Beauvillé,49.89,2.30924,Plein jour,En agglomération,Hors intersection,Normale,Deux véhicules - côté,4,2,5,0,1,1,1,0,1,30,2,4,2,0,0,2,23.0,47.0,voiture,transport_commun,1,2,1,1,3
202400026452,2024-05-18 05:30:00,2024,5,18,5,30,76,76351,RD 6382,49.52472,0.17996,Crépuscule ou aube,Hors agglomération,Hors intersection,Normale,Autre collision,3,3,2,0,2,1,1,0,1,90,1,2,1,0,1,0,,,voiture,,2,1,1,1,6
202400026453,2024-07-25 23:25:00,2024,7,25,23,25,80,80021,Place du Don,49.89607,2.30362,Nuit avec éclairage allumé,En agglomération,Hors intersection,Normale,Autre collision,4,2,2,0,1,1,1,0,1,30,1,2,1,0,0,1,20.0,,voiture,,5,2,1,1,6
202400026454,2024-07-25 10:20:00,2024,7,25,10,20,80,80021,D8 ,49.8688,2.25215,Plein jour,En agglomération,Hors intersection,Normale,Deux véhicules - arrière,3,-1,2,0,1,1,1,0,1,50,2,2,1,0,0,1,88.0,62.0,voiture,deux_roues,1,2,1,1,2
202400026455,2024-05-19 20:20:00,2024,5,19,20,20,76,76447,JACQUES PREVERT,49.54754217,0.17653763,Plein jour,En agglomération,Hors intersection,Normale,Autre collision,4,2,2,0,2,1,1,0,1,30,1,2,1,0,0,1,46.0,,voiture,,1,2,1,1,6