accident_id,datetime,annee,mois,jour,heure,minute,departement,commune_insee,adresse,latitude,longitude,luminosite,agglomeration,intersection,meteo,collision,catr,circ,nbv,vosp,prof,plan,surf,infra,situ,vma,nb_vehicules,nb_usagers,nb_indemnes,nb_tues,nb_blesses_hosp,nb_blesses_legers,age_cond_1,age_cond_2,veh_type_cond_1,veh_type_cond_2,lum_code,agg_code,int_code,atm_code,col_code
202400026518,2024-10-07 08:35:00,2024,10,7,8,35,92,92020,VERDUN AVENUE DE,48.80069652,2.28344589,Plein jour,En agglomération,Giratoire,Temps couvert,Sans collision,3,1,2,2,1,3,2,5,5,50,1,1,0,0,0,1,33.0,,deux_roues,,1,2,6,8,7
202400026519,2024-10-08 21:15:00,2024,10,8,21,15,92,92040,GALLIENI (BOULEVARD),48.82626413,2.26767406,Nuit avec éclairage allumé,En agglomération,Hors intersection,Normale,Deux véhicules - frontale,3,2,2,1,1,1,2,0,1,30,2,3,1,0,0,2,28.0,25.0,deux_roues,deux_roues,5,2,1,1,1
202400026520,2024-10-08 20:15:00,2024,10,8,20,15,92,92036,VILLEBOIS MAREUIL (RUE),48.93354286,2.30202869,Nuit avec éclairage allumé,En agglomération,Giratoire,Pluie légère,Deux véhicules - côté,3,1, -1,-1,1,1,2,5,1,-1,2,2,1,0,0,1,22.0,41.0,deux_roues,voiture,5,2,6,2,3
202400026520,2024-10-08 20:15:00,2024,10,8,20,15,92,92036,VILLEBOIS MAREUIL (RUE),48.93354286,2.30202869,Nuit avec éclairage allumé,En agglomération,Giratoire,Pluie légère,Deux véhicules - côté,3,2,2,0,1,3,2,0,1,50,2,2,1,0,0,1,22.0,41.0,deux_roues,voiture,5,2,6,2,3
202400026521,2024-10-07 16:05:00,2024,10,7,16,5,92,92025,GABRIEL PERI (RUE),48.91772105,2.23756847,Plein jour,En agglomération,Intersection en T,Pluie légère,Deux véhicules - côté,3,2,2,0,1,1,2,0,1,30,2,2,1,0,0,1,30.0,40.0,deux_roues,voiture,1,2,3,2,3
202400026521,2024-10-07 16:05:00,2024,10,7,16,5,92,92025,GABRIEL PERI (RUE),48.91772105,2.23756847,Plein jour,En agglomération,Intersection en T,Pluie légère,Deux véhicules - côté,3,1,1,0,1,1,2,0,1,30,2,2,1,0,0,1,30.0,40.0,deux_roues,voiture,1,2,3,2,3
202400026522,2024-10-08 22:45:00,2024,10,8,22,45,92,92060,MALABRY (RUE DE) N°18 A 46,48.77797226,2.27052324,Nuit avec éclairage allumé,En agglomération,Intersection en Y,Normale,Autre collision,4,-1,0,0,1,1,1,0,1,30,1,1,0,0,0,1,66.0,,voiture,,5,2,4,1,6
202400026522,2024-10-08 22:45:00,2024,10,8,22,45,92,92060,MALABRY (RUE DE) N°18 A 46,48.77797226,2.27052324,Nuit avec éclairage allumé,En agglomération,Intersection en Y,Normale,Autre collision,4,-1,1,0,1,2,1,0,4,30,1,1,0,0,0,1,66.0,,voiture,,5,2,4,1,6
202400026523,2024-10-08 15:15:00,2024,10,8,15,15,92,92002,ADOLPHE PAJEAUD (RUE),48.74484762,2.29402922,Plein jour,En agglomération,Intersection en Y,Normale,Deux véhicules - côté,3,3,2,0,1,1,1,0,1,50,2,2,1,0,0,1,31.0,30.0,deux_roues,voiture,1,2,4,1,3
202400026523,2024-10-08 15:15:00,2024,10,8,15,15,92,92002,ADOLPHE PAJEAUD (RUE),48.74484762,2.29402922,Plein jour,En agglomération,Intersection en Y,Normale,Deux véhicules - côté,3,4,2,0,1,1,1,0,1,50,2,2,1,0,0,1,31.0,30.0,deux_roues,voiture,1,2,4,1,3
202400026524,2024-10-09 00:45:00,2024,10,9,0,45,71,71371,2 Route de Rez de Veau,46.343886,4.73408,Nuit sans éclairage public,En agglomération,Hors intersection,Temps couvert,Sans collision,4,2,2,0,2,1,2,0,3,50,1,1,0,0,1,0,41.0,,voiture,,3,2,1,8,7
202400026525,2024-10-09 10:40:00,2024,10,9,10,40,15,15066,RD 17,45.10436,2.664275,Plein jour,Hors agglomération,Hors intersection,Pluie légère,Sans collision,3,2,2,0,3,2,2,0,3,90,1,1,0,1,0,0,49.0,,voiture,,1,1,1,2,7
202400026526,2024-10-08 10:30:00,2024,10,8,10,30,47,47015,Avenue d?Agen,44.063814,0.650291,Plein jour,En agglomération,Intersection en T,Normale,Sans collision,3,2,2,0,1,1,1,0,4,50,1,1,0,1,0,0,79.0,,voiture,,1,2,3,1,7
202400026526,2024-10-08 10:30:00,2024,10,8,10,30,47,47015,Avenue d?Agen,44.063814,0.650291,Plein jour,En agglomération,Intersection en T,Normale,Sans collision,3,2,2,-1,2,1,1,0,4,-1,1,1,0,1,0,0,79.0,,voiture,,1,2,3,1,7
202400026527,2024-10-09 07:30:00,2024,10,9,7,30,54,54156,D913,48.37306185,6.1246419,Plein jour,Hors agglomération,Hors intersection,Pluie légère,Autre collision,3,2,2,0,1,1,2,0,3,80,1,1,0,1,0,0,51.0,,voiture,,1,1,1,2,6
202400026528,2024-10-08 06:45:00,2024,10,8,6,45,01,01244,Chemin des Verchères,45.901657,5.194052,Nuit avec éclairage allumé,En agglomération,Hors intersection,Pluie forte,Autre collision,6,-1, -1,0,1,2,2,0,1,30,1,2,1,0,0,1,18.0,,voiture,,5,2,1,3,6
202400026529,2024-10-08 12:40:00,2024,10,8,12,40,69,69273,Rue des Corbèges,45.675516,4.92813,Plein jour,En agglomération,Autre intersection,Normale,Deux véhicules - frontale,4,2,2,1,1,1,2,0,1,50,2,2,0,0,1,1,27.0,28.0,utilitaire_camion,utilitaire_camion,1,2,9,1,1
202400026530,2024-10-08 19:25:00,2024,10,8,19,25,40,40036,Chemin du Brana,43.628772,-1.4,Crépuscule ou aube,En agglomération,Hors intersection,Pluie légère,Sans collision,4,2,2,0,1,3,2,0,1,50,1,1,0,0,0,1,47.0,,deux_roues,,2,2,1,2,7
202400026531,2024-10-04 09:45:00,2024,10,4,9,45,49,49092,La Bouie (Valanjou),47.227536,-0.642883,Plein jour,Hors agglomération,Intersection en X,Normale,Deux véhicules - côté,3,2,2,0,1,1,1,0,1,90,2,2,1,0,1,0,48.0,57.0,voiture,voiture,1,1,2,1,3
202400026531,2024-10-04 09:45:00,2024,10,4,9,45,49,49092,La Bouie (Valanjou),47.227536,-0.642883,Plein jour,Hors agglomération,Intersection en X,Normale,Deux véhicules - côté,3,2, -1,-1,1,1,1,0,1,-1,2,2,1,0,1,0,48.0,57.0,voiture,voiture,1,1,2,1,3
202400026532,2024-10-08 14:59:00,2024,10,8,14,59,83,83031,D558 pk 0.370,43.391655,6.351986,Plein jour,Hors agglomération,Hors intersection,Normale,Deux véhicules - frontale,3,2,2,0,1,3,1,0,1,80,2,2,1,1,0,0,47.0,42.0,voiture,utilitaire_camion,1,1,1,1,1
202400026533,2024-10-08 13:25:00,2024,10,8,13,25,25,25524,"autoroute A36 , PK 068.100",47.425648,6.647072,Plein jour,Hors agglomération,Hors intersection,Pluie forte,Autre collision,1,3,2,0,2,1,4,0,2,130,1,2,1,0,0,1,43.0,,voiture,,1,1,1,3,6
202400026534,2024-10-08 15:40:00,2024,10,8,15,40,06,06140,471 Chemin du Village,43.639511,6.84695,Plein jour,En agglomération,Hors intersection,Normale,Autre collision,4,2,2,0,2,1,1,0,1,50,1,2,1,0,1,0,15.0,,voiture,,1,2,1,1,6
202400026535,2024-10-08 14:15:00,2024,10,8,14,15,87,87003,A20 PK 132+560,46.250683,1.391315,Plein jour,Hors agglomération,Hors intersection,Normale,Deux véhicules - côté,1,3,2,0,2,3,1,0,2,130,2,2,1,1,0,0,45.0,63.0,utilitaire_camion,voiture,1,1,1,1,3
202400026536,2024-10-06 19:45:00,2024,10,6,19,45,51,51171,D944,49.375063,3.920381,Nuit avec éclairage allumé,Hors agglomération,Intersection en T,Pluie légère,Deux véhicules - côté,3,2,2,0,1,1,2,0,1,80,2,4,3,0,1,0,54.0,53.0,voiture,deux_roues,5,1,3,2,3
202400026536,2024-10-06 19:45:00,2024,10,6,19,45,51,51171,D944,49.375063,3.920381,Nuit avec éclairage allumé,Hors agglomération,Intersection en T,Pluie légère,Deux véhicules - côté,3,2,2,0,1,1,2,0,1,80,2,4,3,0,1,0,54.0,53.0,voiture,deux_roues,5,1,3,2,3
202400026537,2024-10-08 12:30:00,2024,10,8,12,30,2B,2B343,Diceppo,42.493551,9.472328,Plein jour,Hors agglomération,Hors intersection,Normale,Deux véhicules - arrière,2,2,2,0,1,1,1,0,1,70,2,2,1,0,0,1,74.0,43.0,voiture,voiture,1,1,1,1,2
202400026538,2024-10-08 12:15:00,2024,10,8,12,15,82,82187,Route de l’Aveyron,44.16389,1.918101,Plein jour,Hors agglomération,Hors intersection,Normale,Autre collision,3,2,2,0,1,2,1,0,3,80,1,1,0,1,0,0,80.0,,voiture,,1,1,1,1,6
202400026539,2024-10-08 15:15:00,2024,10,8,15,15,82,82134,Chemin de Mondarre,44.063298,1.495707,Plein jour,Hors agglomération,Giratoire,Normale,Deux véhicules - côté,3,-1,2,0,1,2,1,0,1,80,2,2,1,0,1,0,72.0,41.0,voiture,deux_roues,1,1,6,1,3
202400026540,2024-10-08 17:00:00,2024,10,8,17,0,81,81002,N112,43.511137,2.335019,Plein jour,Hors agglomération,Giratoire,Normale,Deux véhicules - côté,2,1,1,0,1,2,1,5,1,80,2,2,1,0,1,0,55.0,30.0,deux_roues,utilitaire_camion,1,1,6,1,3
202400026541,2024-10-07 07:15:00,2024,10,7,7,15,71,71345,D15,46.437069,4.802372,Plein jour,En agglomération,Intersection en X,Pluie légère,Deux véhicules - côté,3,2,2,0,1,1,2,0,1,50,2,2,1,0,0,1,62.0,15.0,voiture,voiture,1,2,2,2,3
202400026541,2024-10-07 07:15:00,2024,10,7,7,15,71,71345,D15,46.437069,4.802372,Plein jour,En agglomération,Intersection en X,Pluie légère,Deux véhicules - côté,3,2,2,0,1,1,2,0,1,50,2,2,1,0,0,1,62.0,15.0,voiture,voiture,1,2,2,2,3
202400026542,2024-10-08 21:25:00,2024,10,8,21,25,63,63271,intersection d85 - d64,45.910973,3.519552,Nuit avec éclairage allumé,En agglomération,Intersection en X,Normale,Deux véhicules - côté,3,2,2,0,1,1,1,0,1,90,2,2,1,0,0,1,17.0,22.0,deux_roues,voiture,5,2,2,1,3
202400026542,2024-10-08 21:25:00,2024,10,8,21,25,63,63271,intersection d85 - d64,45.910973,3.519552,Nuit avec éclairage allumé,En agglomération,Intersection en X,Normale,Deux véhicules - côté,3,2,2,0,1,1,1,0,1,90,2,2,1,0,0,1,17.0,22.0,deux_roues,voiture,5,2,2,1,3
202400026543,2024-10-07 20:00:00,2024,10,7,20,0,49,49180,lieu dit la bonde,47.40288068,-0.14437258,Nuit sans éclairage public,Hors agglomération,Hors intersection,Normale,Autre collision,3,2,2,0,1,1,1,0,1,90,1,2,1,1,0,0,46.0,,voiture,,3,1,1,1,6
202400026544,2024-10-08 15:15:00,2024,10,8,15,15,42,42092,Rue de Verdun,45.484643,4.364812,Plein jour,Hors agglomération,Intersection en X,Normale,Trois véhicules et plus - en chaîne,7,-1,2,0,1,1,2,0,1,50,4,4,3,0,0,1,18.0,73.0,voiture,voiture,1,1,2,1,4
202400026544,2024-10-08 15:15:00,2024,10,8,15,15,42,42092,Rue de Verdun,45.484643,4.364812,Plein jour,Hors agglomération,Intersection en X,Normale,Trois véhicules et plus - en chaîne,7,2,2,-1,2,2,2,0,1,-1,4,4,3,0,0,1,18.0,73.0,voiture,voiture,1,1,2,1,4
202400026545,2024-10-08 16:00:00,2024,10,8,16,0,47,47252,Av Rene Bouchon,44.395918,0.591449,Plein jour,En agglomération,Intersection en X,Normale,Deux véhicules - côté,4,2,2,0,1,1,2,0,1,50,2,2,1,0,1,0,68.0,85.0,voiture,deux_roues,1,2,2,1,3
202400026545,2024-10-08 16:00:00,2024,10,8,16,0,47,47252,Av Rene Bouchon,44.395918,0.591449,Plein jour,En agglomération,Intersection en X,Normale,Deux véhicules - côté,4,2,2,-1,1,1,2,0,1,-1,2,2,1,0,1,0,68.0,85.0,voiture,deux_roues,1,2,2,1,3
202400026546,2024-10-07 08:35:00,2024,10,7,8,35,86,86075,D18,46.791329,0.117128,Plein jour,Hors agglomération,Hors intersection,Pluie légère,Deux véhicules - côté,3,2,2,0,1,1,2,0,1,80,2,2,1,0,1,0,37.0,23.0,utilitaire_camion,voiture,1,1,1,2,3
202400026547,2024-10-07 13:45:00,2024,10,7,13,45,86,86211,Lieu-dit La Cosse,46.248895,0.278939,Plein jour,Hors agglomération,Intersection en X,Pluie légère,Deux véhicules - côté,3,2,2,0,1,1,2,0,1,80,2,2,0,0,0,2,25.0,56.0,voiture,voiture,1,1,2,2,3
202400026547,2024-10-07 13:45:00,2024,10,7,13,45,86,86211,Lieu-dit La Cosse,46.248895,0.278939,Plein jour,Hors agglomération,Intersection en X,Pluie légère,Deux véhicules - côté,3,2,2,0,1,1,2,0,1,80,2,2,0,0,0,2,25.0,56.0,voiture,voiture,1,1,2,2,3
202400026548,2024-10-08 22:00:00,2024,10,8,22,0,34,34332,Boulevard de la Liberte,43.311674,3.416796,Nuit avec éclairage allumé,En agglomération,Hors intersection,Normale,Autre collision,4,2,2,0,1,1,1,0,1,55,1,1,0,1,0,0,76.0,,voiture,,5,2,1,1,6
202400026549,2024-10-09 17:45:00,2024,10,9,17,45,68,68004,D432,47.63179921,7.26101582,Plein jour,Hors agglomération,Hors intersection,Normale,Trois véhicules et plus - en chaîne,3,2,2,0,1,1,1,0,1,-1,3,4,0,0,1,3,49.0,45.0,voiture,voiture,1,1,1,1,4
202400026550,2024-10-08 23:05:00,2024,10,8,23,5,29,29075,rue Commandant Challe,48.437746,-4.402809,Nuit avec éclairage non allumé,En agglomération,Giratoire,Autre,Autre collision,4,1,2,0,1,1,2,0,1,50,1,3,0,0,2,1,19.0,,voiture,,4,2,6,9,6
202400026551,2024-10-09 08:50:00,2024,10,9,8,50,29,29075,rue du Commandant Charcot,48.414701,-4.405115,Crépuscule ou aube,Hors agglomération,Intersection en T,Normale,Autre collision,4,3,2,0,2,3,8,0,3,50,1,1,0,0,0,1,42.0,,voiture,,2,1,3,1,6
202400026551,2024-10-09 08:50:00,2024,10,9,8,50,29,29075,rue du Commandant Charcot,48.414701,-4.405115,Crépuscule ou aube,Hors agglomération,Intersection en T,Normale,Autre collision,4,2, -1,-1,1,1,1,0,1,50,1,1,0,0,0,1,42.0,,voiture,,2,1,3,1,6
202400026552,2024-10-09 15:00:00,2024,10,9,15,0,31,31115,Quartier Pitoulet,43.344172,0.903735,Plein jour,Hors agglomération,Hors intersection,Normale,Deux véhicules - frontale,3,2,2,0,1,2,2,0,1,80,2,2,1,0,1,0,57.0,56.0,voiture,utilitaire_camion,1,1,1,1,1
202400026553,2024-10-06 22:00:00,2024,10,6,22,0,38,38422,Route de Gieres,45.156115,5.823958,Nuit sans éclairage public,En agglomération,Intersection en T,Pluie légère,Deux véhicules - côté,3,3,2,0,2,1,2,0,1,30,2,2,1,0,1,0,44.0,20.0,deux_roues,voiture,3,2,3,2,3
202400026553,2024-10-06 22:00:00,2024,10,6,22,0,38,38422,Route de Gieres,45.156115,5.823958,Nuit sans éclairage public,En agglomération,Intersection en T,Pluie légère,Deux véhicules - côté,3,2,2,0,1,1,2,0,8,50,2,2,1,0,1,0,44.0,20.0,deux_roues,voiture,3,2,3,2,3
202400026554,2024-10-08 15:50:00,2024,10,8,15,50,26,26063,Avenue du Pont Neuf,44.276944,5.276613,Plein jour,En agglomération,Intersection en T,Normale,Deux véhicules - côté,3,2,2,0,1,1,1,5,1,50,2,2,1,0,1,0,82.0,15.0,voiture,deux_roues,1,2,3,1,3
202400026554,2024-10-08 15:50:00,2024,10,8,15,50,26,26063,Avenue du Pont Neuf,44.276944,5.276613,Plein jour,En agglomération,Intersection en T,Normale,Deux véhicules - côté,3,1,2,0,2,1,1,0,1,50,2,2,1,0,1,0,82.0,15.0,voiture,deux_roues,1,2,3,1,3
202400026555,2024-10-07 15:15:00,2024,10,7,15,15,66,66178,Route Departementale 115,42.515318,2.787899,Plein jour,En agglomération,Autre intersection,Normale,Deux véhicules - côté,3,2,2,0,1,1,1,0,1,50,2,4,3,0,0,1,38.0,74.0,voiture,voiture,1,2,9,1,3
202400026556,2024-10-07 06:56:00,2024,10,7,6,56,54,54501,D147,48.47036055,6.52012825,Plein jour,Hors agglomération,Hors intersection,Pluie légère,Sans collision,3,2,2,0,1,2,6,0,1,80,1,1,0,0,1,0,59.0,,voiture,,1,1,1,2,7
202400026557,2024-10-06 17:28:00,2024,10,6,17,28,40,40119,Chemin de Busquet,43.661333,-0.585467,Plein jour,En agglomération,Hors intersection,Normale,Deux véhicules - frontale,4,2,2,0,1,4,1,0,1,50,2,2,1,0,1,0,18.0,43.0,deux_roues,voiture,1,2,1,1,1
202400026558,2024-10-04 18:46:00,2024,10,4,18,46,40,40053,D379,44.175964,-0.193183,Crépuscule ou aube,Hors agglomération,Intersection en X,Temps éblouissant,Deux véhicules - côté,3,2,2,0,1,1,1,0,1,80,2,2,1,0,1,0,31.0,59.0,voiture,voiture,2,1,2,7,3
202400026558,2024-10-04 18:46:00,2024,10,4,18,46,40,40053,D379,44.175964,-0.193183,Crépuscule ou aube,Hors agglomération,Intersection en X,Temps éblouissant,Deux véhicules - côté,3,2,2,0,1,1,1,0,1,80,2,2,1,0,1,0,31.0,59.0,voiture,voiture,2,1,2,7,3
202400026559,2024-10-08 15:05:00,2024,10,8,15,5,24,24133,Route du Périgord-Limousin,45.566824,0.974125,Plein jour,Hors agglomération,Hors intersection,Temps couvert,Autre collision,2,2,2,0,2,2,2,0,8,80,1,2,0,0,1,1,70.0,,voiture,,1,1,1,8,6
202400026560,2024-10-09 07:10:00,2024,10,9,7,10,04,04008,N202,43.947721,6.688871,Crépuscule ou aube,Hors agglomération,Hors intersection,Normale,Deux véhicules - frontale,2,2,2,0,1,3,1,0,1,80,2,2,1,0,1,0,36.0,43.0,voiture,voiture,2,1,1,1,1
202400026561,2024-10-07 12:52:00,2024,10,7,12,52,28,28379,Route de Coltainville,48.510691,1.586409,Plein jour,Hors agglomération,Hors intersection,Normale,Deux véhicules - frontale,3,2,2,0,1,1,1,0,1,80,2,3,0,0,2,1,77.0,22.0,voiture,voiture,1,1,1,1,1
202400026562,2024-10-08 19:00:00,2024,10,8,19,0,988,98805,Route de Koé,-22.153748,166.464897,Nuit sans éclairage public,En agglomération,Hors intersection,Normale,Autre collision,4,2,2,0,1,2,1,0,3,50,1,7,3,0,2,2,38.0,,voiture,,3,2,1,1,6
202400026563,2024-10-09 19:40:00,2024,10,9,19,40,13,13051,Boulevard Victor Hugo,43.58941,5.126662,Nuit avec éclairage allumé,En agglomération,Intersection en T,Normale,Deux véhicules - frontale,4,2,2,0,1,1,1,0,1,30,2,3,2,0,0,1,21.0,21.0,voiture,deux_roues,5,2,3,1,1
202400026563,2024-10-09 19:40:00,2024,10,9,19,40,13,13051,Boulevard Victor Hugo,43.58941,5.126662,Nuit avec éclairage allumé,En agglomération,Intersection en T,Normale,Deux véhicules - frontale,4,2, -1,-1,1,1,1,0,1,-1,2,3,2,0,0,1,21.0,21.0,voiture,deux_roues,5,2,3,1,1
202400026564,2024-09-28 10:20:00,2024,9,28,10,20,01,01027,A42 - PK 018+600,45.853311,5.097694,Plein jour,Hors agglomération,Hors intersection,Pluie légère,Trois véhicules et plus - en chaîne,1,3,3,0,1,1,2,0,1,130,3,9,3,0,1,5,40.0,26.0,voiture,voiture,1,1,1,2,4
202400026565,2024-10-07 05:25:00,2024,10,7,5,25,34,34240,pk 94 A9,43.629402,3.966834,Nuit sans éclairage public,Hors agglomération,Hors intersection,Normale,Autre collision,1,3,3,0,1,1,1,0,1,110,2,2,1,0,1,0,46.0,56.0,utilitaire_camion,voiture,3,1,1,1,6
202400026566,2024-10-09 09:08:00,2024,10,9,9,8,77,77006,Autoroute A6 PK 053+800,48.397867,2.554665,Plein jour,Hors agglomération,Hors intersection,Pluie forte,Autre collision,1,3,3,0,1,1,3,0,1,130,1,1,0,0,0,1,33.0,,voiture,,1,1,1,3,6
202400026567,2024-10-08 20:30:00,2024,10,8,20,30,77,77071,A6,48.211857,2.783616,Nuit sans éclairage public,Hors agglomération,Hors intersection,Pluie légère,Autre collision,1,3,2,0,1,1,2,0,1,130,1,2,0,0,0,2,25.0,,voiture,,3,1,1,2,6
202400026568,2024-10-08 09:20:00,2024,10,8,9,20,45,45155,11 Chemin de la Saulaie,47.704841,2.632749,Plein jour,En agglomération,Hors intersection,Normale,Deux véhicules - frontale,4,2,2,0,1,2,1,0,1,50,2,2,1,0,0,1,71.0,35.0,voiture,deux_roues,1,2,1,1,1
202400026569,2024-10-08 09:40:00,2024,10,8,9,40,83,83068,Route du Littoral,43.28066,6.579888,Plein jour,Hors agglomération,Hors intersection,Pluie légère,Autre collision,6,-1, -1,0,1,1,2,9,8,-1,1,2,1,0,1,0,49.0,,utilitaire_camion,,1,1,1,2,6
202400026570,2024-10-09 10:10:00,2024,10,9,10,10,68,68130,D468,47.94904672,7.53712032,Plein jour,Hors agglomération,Hors intersection,Normale,Sans collision,3,2,2,0,1,2,2,0,1,80,1,1,0,0,0,1,35.0,,voiture,,1,1,1,1,7
202400026571,2024-10-08 18:02:00,2024,10,8,18,2,57,57582,D 54,49.283932,6.168995,Plein jour,En agglomération,Hors intersection,Normale,Deux véhicules - frontale,3,2,2,0,4,3,1,9,1,70,2,5,1,0,0,4,40.0,65.0,voiture,voiture,1,2,1,1,1
202400026572,2024-10-09 17:30:00,2024,10,9,17,30,42,42304,Rue des Parottes,45.537452,4.188044,Plein jour,En agglomération,Giratoire,Normale,Autre collision,3,2,2,0,1,4,1,0,1,50,1,2,1,0,0,1,27.0,,voiture,,1,2,6,1,6
202400026573,2024-10-04 15:35:00,2024,10,4,15,35,01,01262,D4,45.926827,5.031685,Plein jour,Hors agglomération,Hors intersection,Normale,Autre collision,3,2,2,0,1,1,1,0,1,80,1,1,0,0,1,0,18.0,,voiture,,1,1,1,1,6
202400026574,2024-10-08 16:30:00,2024,10,8,16,30,69,69140,Chemin des Pierres Folles,45.8887063,4.68612866,Plein jour,En agglomération,Hors intersection,Normale,Sans collision,4,2,2,0,4,2,1,0,8,50,1,1,0,0,0,1,27.0,,deux_roues,,1,2,1,1,7
202400026575,2024-10-08 18:10:00,2024,10,8,18,10,69,69052,Route de Saint-antoine,45.876266,4.713634,Plein jour,En agglomération,Intersection en T,Pluie légère,Deux véhicules - côté,3,2,2,0,1,1,2,0,1,30,2,2,1,0,0,1,25.0,30.0,voiture,deux_roues,1,2,3,2,3
202400026575,2024-10-08 18:10:00,2024,10,8,18,10,69,69052,Route de Saint-antoine,45.876266,4.713634,Plein jour,En agglomération,Intersection en T,Pluie légère,Deux véhicules - côté,3,2,2,0,1,1,2,0,1,-1,2,2,1,0,0,1,25.0,30.0,voiture,deux_roues,1,2,3,2,3
202400026576,2024-10-08 16:00:00,2024,10,8,16,0,69,69021,Route de la Giraudière,45.76513559,4.56389971,Plein jour,Hors agglomération,Intersection en T,Temps éblouissant,Deux véhicules - frontale,3,2,2,0,2,3,1,0,1,70,2,2,1,1,0,0,42.0,72.0,deux_roues,voiture,1,1,3,7,1
202400026576,2024-10-08 16:00:00,2024,10,8,16,0,69,69021,Route de la Giraudière,45.76513559,4.56389971,Plein jour,Hors agglomération,Intersection en T,Temps éblouissant,Deux véhicules - frontale,3,2,2,0,2,2,1,0,1,-1,2,2,1,1,0,0,42.0,72.0,deux_roues,voiture,1,1,3,7,1
202400026577,2024-10-08 14:30:00,2024,10,8,14,30,81,81112,D988,43.920733,2.026058,Plein jour,Hors agglomération,Intersection en T,Normale,Deux véhicules - côté,3,2,2,0,1,1,1,0,1,70,2,3,1,0,0,2,41.0,69.0,voiture,deux_roues,1,1,3,1,3
202400026577,2024-10-08 14:30:00,2024,10,8,14,30,81,81112,D988,43.920733,2.026058,Plein jour,Hors agglomération,Intersection en T,Normale,Deux véhicules - côté,3,2,2,-1,1,1,1,5,1,-1,2,3,1,0,0,2,41.0,69.0,voiture,deux_roues,1,1,3,1,3
202400026578,2024-10-09 18:10:00,2024,10,9,18,10,14,14762,79 Avenue Guy de Maupassant,48.846566,-0.885606,Plein jour,En agglomération,Intersection en T,Pluie légère,Deux véhicules - côté,3,2,2,0,1,1,2,0,1,50,2,3,1,0,2,0,42.0,36.0,voiture,deux_roues,1,2,3,2,3
202400026578,2024-10-09 18:10:00,2024,10,9,18,10,14,14762,79 Avenue Guy de Maupassant,48.846566,-0.885606,Plein jour,En agglomération,Intersection en T,Pluie légère,Deux véhicules - côté,3,2,2,0,2,1,2,0,1,50,2,3,1,0,2,0,42.0,36.0,voiture,deux_roues,1,2,3,2,3
202400026579,2024-10-09 16:50:00,2024,10,9,16,50,14,14352,45 Impasse de la Quérantillière,48.897274,-1.001519,Plein jour,Hors agglomération,Hors intersection,Pluie légère,Deux véhicules - frontale,4,2,2,0,2,3,2,0,1,80,2,4,0,0,0,4,30.0,52.0,voiture,voiture,1,1,1,2,1
202400026580,2024-10-09 06:30:00,2024,10,9,6,30,27,27644,RD 181,49.145671,1.539427,Nuit sans éclairage public,Hors agglomération,Hors intersection,Pluie forte,Autre collision,3,2,2,0,1,1,2,0,3,80,1,2,1,1,0,0,45.0,,utilitaire_camion,,3,1,1,3,6
202400026581,2024-10-09 13:40:00,2024,10,9,13,40,59,59249,Rue du Maire Coppeaux,50.019246,4.056251,Plein jour,En agglomération,Hors intersection,Pluie forte,Deux véhicules - frontale,4,2,2,0,1,1,2,0,1,50,2,6,4,0,0,2,22.0,24.0,voiture,voiture,1,2,1,3,1
202400026582,2024-10-08 07:20:00,2024,10,8,7,20,13,13212,A507 sens Marseille - Aubagne,43.29144,5.42452,Plein jour,Hors agglomération,Hors intersection,Normale,Deux véhicules - arrière,1,1,4,0,1,1,2,1,1,70,3,3,1,0,0,2,27.0,23.0,voiture,voiture,1,1,1,1,2
202400026583,2024-10-07 21:00:00,2024,10,7,21,0,83,83047,A570,43.13556,6.04458,Nuit sans éclairage public,Hors agglomération,Hors intersection,Normale,Autre collision,1,1,2,0,1,1,1,0,3,110,1,1,0,0,0,1,19.0,,voiture,,3,1,1,1,6
202400026584,2024-10-05 02:05:00,2024,10,5,2,5,69,69142,Route de Métropole 7 ,45.72007,4.81853,Nuit sans éclairage public,Hors agglomération,Hors intersection,Normale,Trois véhicules et plus - en chaîne,7,3,6,0,1,1,1,0,1,70,3,3,2,0,0,1,19.0,33.0,voiture,voiture,3,1,1,1,4
202400026585,2024-10-07 11:37:00,2024,10,7,11,37,57,57582,Autoroute A31,49.28588771,6.17205302,Plein jour,Hors agglomération,Autre intersection,Pluie légère,Autre collision,1,1,2,0,1,1,2,3,3,110,1,1,0,0,1,0,42.0,,voiture,,1,1,9,2,6
202400026586,2024-10-08 18:35:00,2024,10,8,18,35,91,91228,AUTOROUTE A6,48.62336,2.41955,Crépuscule ou aube,Hors agglomération,Hors intersection,Pluie légère,Sans collision,1,1,3,0,1,1,2,0,2,110,1,1,0,0,0,1,25.0,,voiture,,2,1,1,2,7
202400026587,2024-10-08 16:50:00,2024,10,8,16,50,91,91617,RN 104,48.63453,2.53515,Plein jour,Hors agglomération,Hors intersection,Normale,Deux véhicules - côté,2,3,2,0,1,1,1,0,1,90,2,2,1,0,0,1,61.0,32.0,voiture,deux_roues,1,1,1,1,3
202400026588,2024-10-08 05:55:00,2024,10,8,5,55,91,91103,RN 104,48.62382,2.2989,Nuit sans éclairage public,Hors agglomération,Hors intersection,Pluie légère,Autre collision,2,1,2,0,1,1,2,0,1,110,1,1,0,0,0,1,22.0,,voiture,,3,1,1,2,6