accident_id,datetime,annee,mois,jour,heure,minute,departement,commune_insee,adresse,latitude,longitude,luminosite,agglomeration,intersection,meteo,collision,catr,circ,nbv,vosp,prof,plan,surf,infra,situ,vma,nb_vehicules,nb_usagers,nb_indemnes,nb_tues,nb_blesses_hosp,nb_blesses_legers,age_cond_1,age_cond_2,veh_type_cond_1,veh_type_cond_2,lum_code,agg_code,int_code,atm_code,col_code
202400026663,2024-10-02 07:12:00,2024,10,2,7,12,13,13211,JEAN LOMBARD (AVENUE),43.28897361,5.43186955,Nuit avec éclairage allumé,En agglomération,Hors intersection,Normale,Deux véhicules - côté,4,2,2,2,1,1,1,0,5,50,1,1,0,0,0,1,33.0,,deux_roues,,5,2,1,1,3
202400026664,2024-10-07 10:20:00,2024,10,7,10,20,06,06029,46 Boulevard du Riou,43.553881,7.005962,Plein jour,En agglomération,Giratoire,Pluie légère,Deux véhicules - côté,4,2,2,0,2,2,2,0,1,30,2,2,1,0,0,1,49.0,25.0,voiture,deux_roues,1,2,6,2,3
202400026664,2024-10-07 10:20:00,2024,10,7,10,20,06,06029,46 Boulevard du Riou,43.553881,7.005962,Plein jour,En agglomération,Giratoire,Pluie légère,Deux véhicules - côté,4,1,1,0,1,3,2,0,1,30,2,2,1,0,0,1,49.0,25.0,voiture,deux_roues,1,2,6,2,3
202400026665,2024-10-07 08:00:00,2024,10,7,8,0,06,06029,23 Avenue Docteur Raymond Picaud,43.55066,7.00222,Plein jour,En agglomération,Hors intersection,Pluie légère,Deux véhicules - frontale,4,-1,2,0,1,1,2,0,1,50,2,2,1,0,0,1,48.0,16.0,voiture,deux_roues,1,2,1,2,1
202400026666,2024-10-03 12:51:00,2024,10,3,12,51,04,04112,LIBERATION (AV. DE LA),43.82157,5.79214,Plein jour,En agglomération,Hors intersection,Normale,Deux véhicules - arrière,4,2,2,0,1,1,1,0,1,50,2,4,3,0,0,1,52.0,80.0,utilitaire_camion,voiture,1,2,1,1,2
202400026667,2024-10-06 20:05:00,2024,10,6,20,5,75,75112,BD PERIPHERIQUE EXTERIEUR,48.827466,2.392312,Nuit avec éclairage allumé,En agglomération,Hors intersection,Normale,Sans collision,4,1,2,0,1,1,2,9,1,50,1,2,1,0,0,1,26.0,,deux_roues,,5,2,1,1,7
202400026668,2024-10-05 20:45:00,2024,10,5,20,45,75,75117,BD PERIPHERIQUE INTERIEUR,48.885193,2.287302,Nuit avec éclairage allumé,En agglomération,Hors intersection,Normale,Deux véhicules - côté,4,1,4,0,1,1,1,0,1,70,2,2,1,0,0,1,22.0,48.0,deux_roues,voiture,5,2,1,1,3
202400026669,2024-10-07 16:30:00,2024,10,7,16,30,75,75118,RUE DE LA CHAPELLE,48.890854,2.359921,Plein jour,En agglomération,Intersection en T,Temps couvert,Deux véhicules - côté,4,3,4,1,1,1,1,5,1,30,2,2,1,0,0,1,39.0,63.0,transport_commun,voiture,1,2,3,8,3
202400026669,2024-10-07 16:30:00,2024,10,7,16,30,75,75118,RUE DE LA CHAPELLE,48.890854,2.359921,Plein jour,En agglomération,Intersection en T,Temps couvert,Deux véhicules - côté,4,2,2,3,1,1,1,0,1,30,2,2,1,0,0,1,39.0,63.0,transport_commun,voiture,1,2,3,8,3
202400026670,2024-10-07 13:27:00,2024,10,7,13,27,75,75118,ECHANGEUR AUBERVILLIERS,48.900373,2.368861,Plein jour,En agglomération,Hors intersection,Temps couvert,Trois véhicules et plus - collisions multiples,4,1,2,3,1,1,1,0,1,50,3,3,2,0,0,1,47.0,34.0,voiture,voiture,1,2,1,8,5
202400026671,2024-10-07 15:15:00,2024,10,7,15,15,75,75116,AVENUE DU GENERAL SARRAIL,48.845429,2.255963,Plein jour,En agglomération,Intersection en T,Pluie légère,Autre collision,4,1,2,0,1,1,2,0,8,30,1,2,1,0,0,1,44.0,,deux_roues,,1,2,3,2,6
202400026671,2024-10-07 15:15:00,2024,10,7,15,15,75,75116,AVENUE DU GENERAL SARRAIL,48.845429,2.255963,Plein jour,En agglomération,Intersection en T,Pluie légère,Autre collision,4,-1,4,0,1,1,2,0,8,30,1,2,1,0,0,1,44.0,,deux_roues,,1,2,3,2,6
202400026672,2024-10-07 12:40:00,2024,10,7,12,40,75,75115,RUE DE LOURMEL,48.843748,2.286386,Plein jour,En agglomération,Intersection en X,Normale,Deux véhicules - côté,4,1, -1,1,1,1,1,0,1,30,2,2,1,0,0,1,28.0,26.0,voiture,deux_roues,1,2,2,1,3
202400026672,2024-10-07 12:40:00,2024,10,7,12,40,75,75115,RUE DE LOURMEL,48.843748,2.286386,Plein jour,En agglomération,Intersection en X,Normale,Deux véhicules - côté,4,-1,2,1,1,1,1,0,1,30,2,2,1,0,0,1,28.0,26.0,voiture,deux_roues,1,2,2,1,3
202400026673,2024-10-06 04:05:00,2024,10,6,4,5,75,75115,RUE LECOURBE,48.844867,2.310404,Nuit avec éclairage allumé,En agglomération,Intersection en X,Normale,Deux véhicules - côté,4,2, -1,0,1,1,1,0,1,30,2,2,1,0,0,1,37.0,27.0,deux_roues,voiture,5,2,2,1,3
202400026673,2024-10-06 04:05:00,2024,10,6,4,5,75,75115,RUE LECOURBE,48.844867,2.310404,Nuit avec éclairage allumé,En agglomération,Intersection en X,Normale,Deux véhicules - côté,4,1,1,1,1,1,1,0,1,30,2,2,1,0,0,1,37.0,27.0,deux_roues,voiture,5,2,2,1,3
202400026674,2024-10-07 10:30:00,2024,10,7,10,30,75,75114,RUE D ALESIA,48.827804,2.328983,Plein jour,En agglomération,Intersection en Y,Temps couvert,Autre collision,4,1, -1,-1,1,1,1,6,5,30,1,2,1,0,0,1,61.0,,deux_roues,,1,2,4,8,6
202400026674,2024-10-07 10:30:00,2024,10,7,10,30,75,75114,RUE D ALESIA,48.827804,2.328983,Plein jour,En agglomération,Intersection en Y,Temps couvert,Autre collision,4,2,2,1,1,1,1,6,5,30,1,2,1,0,0,1,61.0,,deux_roues,,1,2,4,8,6
202400026675,2024-10-07 08:05:00,2024,10,7,8,5,75,75110,BOULEVARD DE STRASBOURG,48.869469,2.354331,Crépuscule ou aube,En agglomération,Intersection en X,Normale,Deux véhicules - côté,4,2,5,2,1,1,1,0,1,30,2,2,1,0,0,1,48.0,51.0,deux_roues,voiture,2,2,2,1,3
202400026675,2024-10-07 08:05:00,2024,10,7,8,5,75,75110,BOULEVARD DE STRASBOURG,48.869469,2.354331,Crépuscule ou aube,En agglomération,Intersection en X,Normale,Deux véhicules - côté,4,2,5,2,1,1,1,0,1,30,2,2,1,0,0,1,48.0,51.0,deux_roues,voiture,2,2,2,1,3
202400026676,2024-10-07 18:40:00,2024,10,7,18,40,75,75108,RUE PIERRE CHARRON,48.869854,2.304041,Plein jour,En agglomération,Hors intersection,Pluie légère,Deux véhicules - côté,4,2,2,0,1,1,2,0,1,50,2,2,1,0,0,1,48.0,58.0,deux_roues,voiture,1,2,1,2,3
202400026677,2024-10-07 19:15:00,2024,10,7,19,15,94,94044,Avenue de la Sablière,48.75413,2.49317,Nuit avec éclairage allumé,En agglomération,Hors intersection,Pluie forte,Autre collision,4,1,1,0,1,1,2,0,1,50,1,2,1,0,0,1,46.0,,voiture,,5,2,1,3,6
202400026678,2024-10-07 13:40:00,2024,10,7,13,40,94,94078,Rue Henri Janin,48.729574,2.447958,Plein jour,En agglomération,Hors intersection,Pluie forte,Autre collision,4,1,1,0,1,1,2,0,1,30,1,2,1,0,0,1,39.0,,voiture,,1,2,1,3,6
202400026679,2024-10-07 19:45:00,2024,10,7,19,45,94,94003,Avenue des Aqueducs,48.80021,2.33151,Nuit avec éclairage allumé,En agglomération,Hors intersection,Pluie légère,Deux véhicules - frontale,4,2,1,0,2,2,2,0,1,10,2,2,1,0,0,1,41.0,26.0,deux_roues,voiture,5,2,1,2,1
202400026680,2024-10-07 17:00:00,2024,10,7,17,0,94,94073,Avenue du Général de Gaulle,48.7668,2.38386,Plein jour,En agglomération,Intersection en T,Pluie forte,Autre collision,3,2,2,0,1,1,2,0,1,50,1,2,1,0,0,1,46.0,,voiture,,1,2,3,3,6
202400026680,2024-10-07 17:00:00,2024,10,7,17,0,94,94073,Avenue du Général de Gaulle,48.7668,2.38386,Plein jour,En agglomération,Intersection en T,Pluie forte,Autre collision,3,2,0,0,1,1,2,0,1,50,1,2,1,0,0,1,46.0,,voiture,,1,2,3,3,6
202400026681,2024-10-06 17:45:00,2024,10,6,17,45,94,94022,Avenue de la République,48.75799895,2.40954182,Plein jour,En agglomération,Intersection en T,Pluie légère,Deux véhicules - côté,3,1,1,1,1,1,2,0,1,50,2,2,1,0,0,1,32.0,65.0,deux_roues,voiture,1,2,3,2,3
202400026681,2024-10-06 17:45:00,2024,10,6,17,45,94,94022,Avenue de la République,48.75799895,2.40954182,Plein jour,En agglomération,Intersection en T,Pluie légère,Deux véhicules - côté,3,2,1,0,1,1,2,0,8,50,2,2,1,0,0,1,32.0,65.0,deux_roues,voiture,1,2,3,2,3
202400026682,2024-06-25 12:00:00,2024,6,25,12,0,91,91477,ALFRED DE MUSSET (RUE),48.70592,2.21076,Crépuscule ou aube,En agglomération,Hors intersection,Temps éblouissant,Deux véhicules - côté,4,2,2,0,2,2,1,0,1,30,2,3,0,0,2,1,89.0,55.0,voiture,utilitaire_camion,2,2,1,7,3
202400026683,2024-06-24 17:35:00,2024,6,24,17,35,91,91691,ELISABETH(RUE),48.72005,2.50241,Plein jour,En agglomération,Hors intersection,Normale,Autre collision,4,2,2,0,1,1,1,0,1,30,1,2,1,0,1,0,46.0,,voiture,,1,2,1,1,6
202400026684,2024-06-25 23:50:00,2024,6,25,23,50,85,85194,RD32B,46.46299,-1.72058,Nuit sans éclairage public,En agglomération,Hors intersection,Normale,Autre collision,3,2,2,0,1,2,1,0,5,50,1,1,0,0,1,0,31.0,,voiture,,3,2,1,1,6
202400026685,2024-06-25 20:30:00,2024,6,25,20,30,84,84087,ROUTE DE ROQUEMAURE,44.0758,4.77137,Plein jour,Hors agglomération,Hors intersection,Normale,Deux véhicules - frontale,3,2,2,0,1,1,1,0,1,80,2,2,1,0,0,1,42.0,42.0,voiture,voiture,1,1,1,1,1
202400026686,2024-06-25 07:53:00,2024,6,25,7,53,84,84035,COTY (AVENUE RENE),43.838258,5.046024,Plein jour,En agglomération,Hors intersection,Normale,Autre collision,4,1,10,0,4,3,1,0,1,30,1,2,1,1,0,0,81.0,,voiture,,1,2,1,1,6
202400026687,2024-06-25 09:25:00,2024,6,25,9,25,84,84007,PIERRE SEMARD (avenue),43.94323,4.8001,Plein jour,En agglomération,Hors intersection,Normale,Deux véhicules - arrière,4,2,3,3,1,1,1,0,1,50,2,2,1,0,0,1,64.0,34.0,deux_roues,voiture,1,2,1,1,2
202400026688,2024-06-22 15:15:00,2024,6,22,15,15,83,83144,LUMIERE (AVE DES FRERES),43.13654,6.00033,Plein jour,En agglomération,Hors intersection,Normale,Deux véhicules - arrière,4,2,3,0,1,2,1,0,1,50,2,2,1,0,0,1,,17.0,voiture,deux_roues,1,2,1,1,2
202400026689,2024-06-25 07:31:00,2024,6,25,7,31,82,82033,Chemin du Moulin de Gandalou,44.06374,1.13849,Plein jour,Hors agglomération,Hors intersection,Temps éblouissant,Autre collision,4,2,2,0,1,1,1,0,3,50,1,2,1,0,0,1,37.0,,voiture,,1,1,1,7,6
202400026690,2024-06-25 11:00:00,2024,6,25,11,0,81,81060,RODEZ  (AVENUE DE),44.0555485,2.1626819,Plein jour,En agglomération,Hors intersection,Normale,Deux véhicules - côté,3,2,2,0,1,1,1,0,1,50,2,2,1,0,1,0,74.0,43.0,deux_roues,voiture,1,2,1,1,3
202400026691,2024-06-16 14:15:00,2024,6,16,14,15,80,80021,Rue de Vignacourt,49.9057,2.28953,Plein jour,En agglomération,Hors intersection,Normale,Sans collision,4,-1,2,0,1,1,1,0,1,50,1,1,0,0,0,1,21.0,,deux_roues,,1,2,1,1,7
202400026692,2024-06-24 13:28:00,2024,6,24,13,28,79,79329,,46.985365,-0.23243,Plein jour,En agglomération,Hors intersection,Normale,Deux véhicules - frontale,4,2,2,0,2,3,1,0,1,50,2,2,1,0,1,0,46.0,18.0,voiture,deux_roues,1,2,1,1,1
202400026693,2024-06-25 07:45:00,2024,6,25,7,45,78,78383,GATINE (AVENUE DE),48.764268,1.936131,Plein jour,En agglomération,Hors intersection,Normale,Deux véhicules - côté,4,2,0,0,1,1,1,0,1,50,2,2,1,0,1,0,39.0,13.0,voiture,deux_roues,1,2,1,1,3
202400026694,2024-06-25 20:00:00,2024,6,25,20,0,77,77373,AV CHARLES ROUXEL,48.79327,2.60431,Plein jour,En agglomération,Intersection en T,Normale,Deux véhicules - côté,4,2,0,0,1,1,1,0,1,30,2,2,1,0,0,1,30.0,57.0,voiture,deux_roues,1,2,3,1,3
202400026694,2024-06-25 20:00:00,2024,6,25,20,0,77,77373,AV CHARLES ROUXEL,48.79327,2.60431,Plein jour,En agglomération,Intersection en T,Normale,Deux véhicules - côté,4,1,1,0,1,1,1,0,1,30,2,2,1,0,0,1,30.0,57.0,voiture,deux_roues,1,2,3,1,3
202400026695,2024-06-25 17:50:00,2024,6,25,17,50,77,77307,AV DE L EUROPE,48.85546,2.76877,Plein jour,En agglomération,Hors intersection,Normale,Deux véhicules - arrière,4,1,2,0,1,1,1,0,1,50,2,3,2,0,0,1,58.0,18.0,voiture,deux_roues,1,2,1,1,2
202400026696,2024-06-25 17:50:00,2024,6,25,17,50,76,76540,Boulevard de l'Europe,49.4282,1.08106,Plein jour,En agglomération,Intersection en X,Normale,Deux véhicules - côté,4,3,4,3,1,1,1,-1,1,50,2,2,1,0,0,1,52.0,42.0,voiture,deux_roues,1,2,2,1,3
202400026696,2024-06-25 17:50:00,2024,6,25,17,50,76,76540,Boulevard de l'Europe,49.4282,1.08106,Plein jour,En agglomération,Intersection en X,Normale,Deux véhicules - côté,4,2,2,0,1,1,1,0,1,50,2,2,1,0,0,1,52.0,42.0,voiture,deux_roues,1,2,2,1,3
202400026697,2024-06-24 11:15:00,2024,6,24,11,15,76,76351,LENINGRAD (BD DE),49.4987,0.15927,Plein jour,En agglomération,Intersection en X,Normale,Deux véhicules - côté,4,3,7,1,1,1,1,0,1,50,2,2,1,0,1,0,54.0,35.0,voiture,deux_roues,1,2,2,1,3
202400026697,2024-06-24 11:15:00,2024,6,24,11,15,76,76351,LENINGRAD (BD DE),49.4987,0.15927,Plein jour,En agglomération,Intersection en X,Normale,Deux véhicules - côté,4,2,3,0,1,1,1,0,1,50,2,2,1,0,1,0,54.0,35.0,voiture,deux_roues,1,2,2,1,3
202400026698,2024-06-23 17:30:00,2024,6,23,17,30,76,76351,LOUIS BLANC,49.50786,0.13351,Plein jour,En agglomération,Intersection en X,Normale,Deux véhicules - côté,4,2,2,0,1,1,1,5,1,50,2,2,1,0,1,0,76.0,65.0,voiture,deux_roues,1,2,2,1,3
202400026698,2024-06-23 17:30:00,2024,6,23,17,30,76,76351,LOUIS BLANC,49.50786,0.13351,Plein jour,En agglomération,Intersection en X,Normale,Deux véhicules - côté,4,2,2,1,1,1,1,5,1,50,2,2,1,0,1,0,76.0,65.0,voiture,deux_roues,1,2,2,1,3
202400026699,2024-06-25 16:35:00,2024,6,25,16,35,74,74013,RD 1005,46.348,6.444,Plein jour,Hors agglomération,Autre intersection,Normale,Trois véhicules et plus - en chaîne,3,1,0,0,2,3,1,3,1,90,3,3,2,0,1,0,73.0,43.0,voiture,deux_roues,1,1,9,1,4
202400026700,2024-06-24 18:00:00,2024,6,24,18,0,74,74281,RIPAILLE (AVENUE DE),46.386,6.493,Plein jour,Hors agglomération,Hors intersection,Normale,Deux véhicules - côté,4,2,2,0,1,1,1,0,1,50,2,2,1,0,0,1,37.0,37.0,voiture,deux_roues,1,1,1,1,3
202400026701,2024-06-24 16:07:00,2024,6,24,16,7,74,74118,,46.16945,6.20636,Plein jour,Hors agglomération,Hors intersection,Normale,Deux véhicules - côté,3,2,1,0,1,1,1,0,1,80,2,3,1,0,0,2,65.0,37.0,voiture,voiture,1,1,1,1,3
202400026702,2024-06-24 17:05:00,2024,6,24,17,5,69,69290,Avenue Urbain Le Verrier,45.71247,4.95594,Plein jour,En agglomération,Intersection en T,Normale,Deux véhicules - côté,4,2,2,2,1,1,1,0,5,50,2,3,1,0,1,1,24.0,,deux_roues,voiture,1,2,3,1,3
202400026702,2024-06-24 17:05:00,2024,6,24,17,5,69,69290,Avenue Urbain Le Verrier,45.71247,4.95594,Plein jour,En agglomération,Intersection en T,Normale,Deux véhicules - côté,4,2,4,1,1,1,1,0,5,50,2,3,1,0,1,1,24.0,,deux_roues,voiture,1,2,3,1,3
202400026703,2024-06-24 15:50:00,2024,6,24,15,50,69,69290,Avenue Jean Jaurès,45.69731,4.93508,Plein jour,En agglomération,Hors intersection,Normale,Trois véhicules et plus - collisions multiples,4,2,2,0,1,1,1,0,1,50,3,3,2,0,0,1,50.0,54.0,voiture,voiture,1,2,1,1,5
202400026704,2024-06-24 12:00:00,2024,6,24,12,0,69,69276,Route des Bitumes,45.67761,4.84669,Plein jour,En agglomération,Intersection en T,Normale,Autre collision,4,2,2,0,1,1,1,9,1,30,1,1,0,0,0,1,60.0,,voiture,,1,2,3,1,6
202400026704,2024-06-24 12:00:00,2024,6,24,12,0,69,69276,Route des Bitumes,45.67761,4.84669,Plein jour,En agglomération,Intersection en T,Normale,Autre collision,4,2,2,0,1,2,1,0,1,30,1,1,0,0,0,1,60.0,,voiture,,1,2,3,1,6
202400026705,2024-06-24 09:22:00,2024,6,24,9,22,69,69290,Rue Juliette Récamier,45.69512,4.93384,Plein jour,En agglomération,Intersection en X,Normale,Deux véhicules - côté,4,2,2,0,1,1,1,0,1,30,2,2,0,0,0,2,40.0,20.0,voiture,voiture,1,2,2,1,3
202400026705,2024-06-24 09:22:00,2024,6,24,9,22,69,69290,Rue Juliette Récamier,45.69512,4.93384,Plein jour,En agglomération,Intersection en X,Normale,Deux véhicules - côté,4,2,2,0,1,1,1,0,1,30,2,2,0,0,0,2,40.0,20.0,voiture,voiture,1,2,2,1,3
202400026706,2024-06-24 21:30:00,2024,6,24,21,30,68,68066,LOGELBACH ( RUE DU),48.08324,7.33893,Plein jour,En agglomération,Hors intersection,Normale,Deux véhicules - côté,4,2,4,0,1,1,1,0,1,50,2,2,1,0,1,0,26.0,18.0,voiture,deux_roues,1,2,1,1,3
202400026707,2024-06-24 19:00:00,2024,6,24,19,0,67,67482,PREMIERE ARMEE (RUE DE LA),48.5783,7.74962,Plein jour,En agglomération,Intersection en T,Normale,Trois véhicules et plus - collisions multiples,4,1,1,0,1,1,1,0,8,50,3,3,2,0,0,1,29.0,10.0,voiture,deux_roues,1,2,3,1,5
202400026707,2024-06-24 19:00:00,2024,6,24,19,0,67,67482,PREMIERE ARMEE (RUE DE LA),48.5783,7.74962,Plein jour,En agglomération,Intersection en T,Normale,Trois véhicules et plus - collisions multiples,4,3,5,2,1,1,1,0,1,50,3,3,2,0,0,1,29.0,10.0,voiture,deux_roues,1,2,3,1,5
202400026708,2024-06-24 15:15:00,2024,6,24,15,15,66,66136,Boulevard Félix Mercader,42.69393,2.89013,Plein jour,En agglomération,Hors intersection,Normale,Autre collision,4,2,4,0,2,1,1,0,1,50,1,2,1,0,0,1,80.0,,voiture,,1,2,1,1,6
202400026709,2024-06-26 01:28:00,2024,6,26,1,28,64,64445,MONTPENSIER,43.30159,-0.37334,Nuit avec éclairage allumé,En agglomération,Hors intersection,Normale,Sans collision,4,2,2,0,1,1,1,0,1,50,1,1,0,0,1,0,42.0,,deux_roues,,5,2,1,1,7
202400026710,2024-06-24 17:58:00,2024,6,24,17,58,64,64125,ATHERBEA (AVENUE),43.4356,-1.5934,Plein jour,En agglomération,Hors intersection,Normale,Sans collision,3,2,2,0,2,1,1,0,1,50,1,2,1,0,0,1,59.0,,deux_roues,,1,2,1,1,7
202400026711,2024-06-24 17:40:00,2024,6,24,17,40,64,64102,LEGION TCHEQUE (AVENUE DE LA),43.4924,-1.48687,Plein jour,En agglomération,Intersection en X,Normale,Sans collision,4,2,2,0,1,1,9,8,1,50,1,1,0,0,0,1,16.0,,deux_roues,,1,2,2,1,7
202400026711,2024-06-24 17:40:00,2024,6,24,17,40,64,64102,LEGION TCHEQUE (AVENUE DE LA),43.4924,-1.48687,Plein jour,En agglomération,Intersection en X,Normale,Sans collision,4,2,2,0,1,1,9,8,1,50,1,1,0,0,0,1,16.0,,deux_roues,,1,2,2,1,7
202400026712,2024-06-24 16:36:00,2024,6,24,16,36,64,64102,HENRI DE NAVARRE (AVENUE),43.50404,-1.44542,Plein jour,En agglomération,Hors intersection,Normale,Autre collision,6,-1, -1,0,1,1,1,9,1,15,1,3,2,0,0,1,19.0,,voiture,,1,2,1,1,6
202400026713,2024-06-25 17:25:00,2024,6,25,17,25,63,63113,PLANCHETTES (RUE DES),45.79798498,3.10734451,Plein jour,En agglomération,Hors intersection,Normale,Deux véhicules - côté,4,2,1,1,2,1,1,0,1,30,2,2,1,0,0,1,47.0,62.0,voiture,deux_roues,1,2,1,1,3
202400026714,2024-06-25 07:33:00,2024,6,25,7,33,63,63113,MERMOZ (AVENUE JEAN),45.79029,3.13321,Plein jour,En agglomération,Hors intersection,Temps éblouissant,Deux véhicules - arrière,7,2,2,0,1,1,1,0,1,50,2,2,1,0,0,1,29.0,42.0,deux_roues,voiture,1,2,1,7,2
202400026715,2024-06-24 17:50:00,2024,6,24,17,50,59,59368,SAINT MAUR AVENUE,50.65237,3.08086,Plein jour,En agglomération,Hors intersection,Normale,Trois véhicules et plus - en chaîne,4,2,2,0,1,1,1,0,1,50,3,3,2,0,1,0,33.0,26.0,voiture,voiture,1,2,1,1,4
202400026716,2024-06-25 01:39:00,2024,6,25,1,39,57,57463,ALSACE (BOULEVARD D'),49.11476082,6.22287512,Nuit avec éclairage allumé,En agglomération,Hors intersection,Normale,Autre collision,4,2,2,0,1,1,1,0,1,50,1,2,1,1,0,0,23.0,,voiture,,5,2,1,1,6
202400026717,2024-06-24 17:10:00,2024,6,24,17,10,56,56162,Place de l’Église,47.73663,-3.42841,Plein jour,En agglomération,Place,Normale,Deux véhicules - côté,4,1,1,0,1,2,1,0,1,30,2,3,2,0,0,1,56.0,46.0,voiture,voiture,1,2,7,1,3
202400026717,2024-06-24 17:10:00,2024,6,24,17,10,56,56162,Place de l’Église,47.73663,-3.42841,Plein jour,En agglomération,Place,Normale,Deux véhicules - côté,4,2,2,0,1,1,1,0,1,30,2,3,2,0,0,1,56.0,46.0,voiture,voiture,1,2,7,1,3
202400026718,2024-06-25 19:52:00,2024,6,25,19,52,54,54528,Avenue du General Bigeard,48.65462,5.8948,Plein jour,En agglomération,Hors intersection,Normale,Deux véhicules - frontale,3,2,2,0,1,1,1,0,1,50,2,6,0,0,0,6,44.0,49.0,voiture,voiture,1,2,1,1,1
202400026719,2024-06-25 11:40:00,2024,6,25,11,40,54,54329,Rue Georges de Villebois Mareuil,48.59316,6.50097,Plein jour,En agglomération,Intersection en T,Normale,Autre collision,4,2,2,0,1,1,1,0,1,30,1,2,1,0,1,0,86.0,,voiture,,1,2,3,1,6
202400026719,2024-06-25 11:40:00,2024,6,25,11,40,54,54329,Rue Georges de Villebois Mareuil,48.59316,6.50097,Plein jour,En agglomération,Intersection en T,Normale,Autre collision,4,2,2,0,1,1,1,0,1,30,1,2,1,0,1,0,86.0,,voiture,,1,2,3,1,6
202400026720,2024-06-25 14:20:00,2024,6,25,14,20,54,54263,D137,49.223221,6.004642,Plein jour,En agglomération,Hors intersection,Normale,Deux véhicules - arrière,3,2,2,0,1,1,1,0,1,50,2,2,0,0,0,2,88.0,56.0,voiture,voiture,1,2,1,1,2
202400026721,2024-06-25 11:55:00,2024,6,25,11,55,51,51108,JAURES (RUE JEAN) (SUPERIEUR AU N° 38-69,48.95418,4.35029,Plein jour,En agglomération,Hors intersection,Normale,Deux véhicules - frontale,4,2,1,1,1,1,1,2,5,50,2,2,1,0,1,0,32.0,75.0,deux_roues,deux_roues,1,2,1,1,1
202400026722,2024-06-25 19:28:00,2024,6,25,19,28,47,47001,CALE ABADIE (RUE),44.20298,0.61128,Plein jour,En agglomération,Hors intersection,Normale,Deux véhicules - frontale,3,2,4,0,1,1,1,0,1,50,2,2,1,0,0,1,18.0,28.0,voiture,deux_roues,1,2,1,1,1
202400026723,2024-06-25 14:41:00,2024,6,25,14,41,45,45147,48 Avenue d'Oradour-Sur-Glane,47.933567,1.921633,Plein jour,En agglomération,Intersection en X,Normale,Deux véhicules - côté,4,3,2,2,1,1,1,0,1,50,2,4,3,0,0,1,48.0,43.0,voiture,voiture,1,2,2,1,3
202400026723,2024-06-25 14:41:00,2024,6,25,14,41,45,45147,48 Avenue d'Oradour-Sur-Glane,47.933567,1.921633,Plein jour,En agglomération,Intersection en X,Normale,Deux véhicules - côté,4,2,2,0,1,1,1,0,1,50,2,4,3,0,0,1,48.0,43.0,voiture,voiture,1,2,2,1,3
202400026724,2024-06-25 15:45:00,2024,6,25,15,45,43,43157,13 Avenue Charles Dupuy,45.04243,3.88986,Plein jour,En agglomération,Autre intersection,Normale,Deux véhicules - côté,4,-1,2,0,1,1,1,0,1,50,2,2,1,0,0,1,81.0,21.0,voiture,deux_roues,1,2,9,1,3
202400026725,2024-06-25 19:35:00,2024,6,25,19,35,42,42183,Rue de la Libération,45.40366,4.36527,Plein jour,En agglomération,Hors intersection,Pluie forte,Autre collision,4,2,2,0,1,1,2,0,1,50,1,2,1,0,0,1,34.0,,voiture,,1,2,1,3,6
202400026726,2024-06-24 14:18:00,2024,6,24,14,18,41,41018,VERDUN (AVENUE DE),47.5922,1.34467,Plein jour,En agglomération,Hors intersection,Normale,Deux véhicules - arrière,4,2,2,0,2,1,1,0,1,50,2,2,1,0,0,1,61.0,21.0,voiture,voiture,1,2,1,1,2
202400026727,2024-05-31 17:10:00,2024,5,31,17,10,38,38053,D1006,45.58525,5.27082,Plein jour,En agglomération,Intersection en X,Normale,Deux véhicules - côté,3,1,2,0,1,1,1,0,1,50,2,2,1,0,1,0,64.0,17.0,deux_roues,voiture,1,2,2,1,3
202400026727,2024-05-31 17:10:00,2024,5,31,17,10,38,38053,D1006,45.58525,5.27082,Plein jour,En agglomération,Intersection en X,Normale,Deux véhicules - côté,3,2,2,0,1,1,1,0,1,50,2,2,1,0,1,0,64.0,17.0,deux_roues,voiture,1,2,2,1,3
202400026728,2024-06-24 17:29:00,2024,6,24,17,29,37,37122,CHINON (BOULEVARD DE),47.35086397,0.67903635,Plein jour,En agglomération,Intersection en Y,Normale,Sans collision,4,1,2,0,1,1,1,0,1,50,1,2,1,0,0,1,19.0,,deux_roues,,1,2,4,1,7
202400026728,2024-06-24 17:29:00,2024,6,24,17,29,37,37122,CHINON (BOULEVARD DE),47.35086397,0.67903635,Plein jour,En agglomération,Intersection en Y,Normale,Sans collision,4,2,2,0,1,1,1,0,1,50,1,2,1,0,0,1,19.0,,deux_roues,,1,2,4,1,7
202400026729,2024-06-25 18:20:00,2024,6,25,18,20,35,35051,ALLIES (BOULEVARD DES),48.10243284,-1.61019713,Plein jour,Hors agglomération,Giratoire,Normale,Deux véhicules - arrière,4,3,4,0,1,1,1,0,1,50,2,2,1,0,0,1,34.0,27.0,deux_roues,voiture,1,1,6,1,2
202400026730,2024-06-24 10:20:00,2024,6,24,10,20,35,35115,SAINT GERMAIN (BOULEVARD DE),48.36207,-1.20844,Plein jour,En agglomération,Hors intersection,Normale,Autre collision,4,2,2,2,1,1,1,0,1,50,1,2,1,0,1,0,73.0,,voiture,,1,2,1,1,6
202400026731,2024-11-13 11:30:00,2024,11,13,11,30,974,97411,BRIDET,-20.89282,55.48568,Plein jour,Hors agglomération,Autre intersection,Normale,Autre collision,4,2,2,0,1,2,1,0,1,30,1,2,1,0,1,0,38.0,,voiture,,1,1,9,1,6
202400026732,2024-06-25 22:00:00,2024,6,25,22,0,34,34172,POMPIGNANE (AVENUE DE LA),43.6158,3.8976,Nuit avec éclairage allumé,En agglomération,Intersection en T,Normale,Deux véhicules - côté,4,2,1,0,1,1,1,0,1,30,2,3,2,0,0,1,66.0,19.0,voiture,deux_roues,5,2,3,1,3