accident_id,datetime,annee,mois,jour,heure,minute,departement,commune_insee,adresse,latitude,longitude,luminosite,agglomeration,intersection,meteo,collision,catr,circ,nbv,vosp,prof,plan,surf,infra,situ,vma,nb_vehicules,nb_usagers,nb_indemnes,nb_tues,nb_blesses_hosp,nb_blesses_legers,age_cond_1,age_cond_2,veh_type_cond_1,veh_type_cond_2,lum_code,agg_code,int_code,atm_code,col_code
202400026732,2024-06-25 22:00:00,2024,6,25,22,0,34,34172,POMPIGNANE (AVENUE DE LA),43.6158,3.8976,Nuit avec éclairage allumé,En agglomération,Intersection en T,Normale,Deux véhicules - côté,4,2,2,0,1,1,1,0,1,30,2,3,2,0,0,1,66.0,19.0,voiture,deux_roues,5,2,3,1,3
202400026733,2024-06-25 09:05:00,2024,6,25,9,5,34,34003,GENTILSHOMMES (H16 A L17,43.28205,3.51594,Plein jour,En agglomération,Hors intersection,Normale,Deux véhicules - côté,4,1,2,0,1,2,1,9,1,50,2,2,1,0,0,1,16.0,63.0,deux_roues,voiture,1,2,1,1,3
202400026734,2024-11-13 07:50:00,2024,11,13,7,50,974,97411,PROVIDENCE (BOULEVARD DE LA),-20.8934,55.45682,Plein jour,En agglomération,Hors intersection,Normale,Trois véhicules et plus - en chaîne,4,2,2,0,1,1,1,0,1,30,3,4,3,0,0,1,28.0,49.0,voiture,voiture,1,2,1,1,4
202400026735,2024-11-12 09:20:00,2024,11,12,9,20,973,97302,BADUEL (ROUTE DE),4.92919207,-52.2958678,Plein jour,En agglomération,Hors intersection,Normale,Deux véhicules - côté,3,2,2,0,1,1,1,0,1,50,2,2,1,0,0,1,35.0,23.0,deux_roues,voiture,1,2,1,1,3
202400026736,2024-06-25 22:05:00,2024,6,25,22,5,33,33063,,44.85434,-0.57229,Plein jour,En agglomération,Intersection en X,Normale,Deux véhicules - côté,4,2,1,0,1,1,1,5,1,50,2,2,1,0,0,1,26.0,32.0,deux_roues,voiture,1,2,2,1,3
202400026736,2024-06-25 22:05:00,2024,6,25,22,5,33,33063,,44.85434,-0.57229,Plein jour,En agglomération,Intersection en X,Normale,Deux véhicules - côté,4,2,2,0,1,1,1,5,1,50,2,2,1,0,0,1,26.0,32.0,deux_roues,voiture,1,2,2,1,3
202400026737,2024-11-13 20:05:00,2024,11,13,20,5,69,69383,Rue du Dauphiné,45.74992,4.86367,Nuit avec éclairage allumé,En agglomération,Hors intersection,Normale,Autre collision,4,2,2,2,1,1,1,0,1,30,1,2,1,0,0,1,28.0,,voiture,,5,2,1,1,6
202400026738,2024-06-25 20:05:00,2024,6,25,20,5,33,33063,,44.83551,-0.56462,Plein jour,En agglomération,Autre intersection,Normale,Autre collision,4,2,2,3,1,1,1,0,6,50,1,2,1,0,0,1,59.0,,transport_commun,,1,2,9,1,6
202400026739,2024-11-13 13:45:00,2024,11,13,13,45,69,69388,Boulevard des Etats-Unis,45.72586,4.87048,Plein jour,En agglomération,Hors intersection,Normale,Autre collision,4,2,2,3,1,1,1,0,6,50,1,2,0,0,1,1,22.0,,deux_roues,,1,2,1,1,6
202400026740,2024-06-25 16:55:00,2024,6,25,16,55,33,33039,,44.79688,-0.56833,Plein jour,En agglomération,Intersection en X,Normale,Deux véhicules - côté,4,2,3,3,1,1,1,5,1,30,2,4,3,0,0,1,72.0,37.0,voiture,voiture,1,2,2,1,3
202400026740,2024-06-25 16:55:00,2024,6,25,16,55,33,33039,,44.79688,-0.56833,Plein jour,En agglomération,Intersection en X,Normale,Deux véhicules - côté,4,2,2,2,1,1,1,5,1,50,2,4,3,0,0,1,72.0,37.0,voiture,voiture,1,2,2,1,3
202400026741,2024-11-13 07:15:00,2024,11,13,7,15,69,69387,Avenue Debourg,45.73158,4.82704,Crépuscule ou aube,En agglomération,Hors intersection,Normale,Deux véhicules - côté,4,2,2,2,1,1,1,0,1,30,2,2,1,0,0,1,52.0,25.0,deux_roues,voiture,2,2,1,1,3
202400026742,2024-11-13 20:13:00,2024,11,13,20,13,2A,2A004,NAPOLEON COURS AVANT BEVERINI,41.91984,8.73681,Nuit avec éclairage allumé,En agglomération,Intersection en X,Normale,Deux véhicules - côté,2,2,3,0,1,1,1,0,1,50,2,2,1,0,0,1,63.0,17.0,voiture,deux_roues,5,2,2,1,3
202400026742,2024-11-13 20:13:00,2024,11,13,20,13,2A,2A004,NAPOLEON COURS AVANT BEVERINI,41.91984,8.73681,Nuit avec éclairage allumé,En agglomération,Intersection en X,Normale,Deux véhicules - côté,2,1,3,0,3,1,1,0,1,20,2,2,1,0,0,1,63.0,17.0,voiture,deux_roues,5,2,2,1,3
202400026743,2024-06-25 19:10:00,2024,6,25,19,10,33,33281,,44.8345,-0.63721,Plein jour,En agglomération,Intersection en X,Normale,Deux véhicules - côté,4,2,2,1,1,1,1,5,1,50,2,2,1,0,0,1,82.0,23.0,voiture,deux_roues,1,2,2,1,3
202400026743,2024-06-25 19:10:00,2024,6,25,19,10,33,33281,,44.8345,-0.63721,Plein jour,En agglomération,Intersection en X,Normale,Deux véhicules - côté,4,2,2,2,1,1,1,5,1,50,2,2,1,0,0,1,82.0,23.0,voiture,deux_roues,1,2,2,1,3
202400026743,2024-06-25 19:10:00,2024,6,25,19,10,33,33281,,44.8345,-0.63721,Plein jour,En agglomération,Intersection en X,Normale,Deux véhicules - côté,4,2,2,2,1,1,1,5,1,30,2,2,1,0,0,1,82.0,23.0,voiture,deux_roues,1,2,2,1,3
202400026744,2024-11-13 13:00:00,2024,11,13,13,0,95,95680,D10,49.00772764,2.40156889,Plein jour,En agglomération,Hors intersection,Temps couvert,Autre collision,3,2,2,0,1,1,1,0,1,50,1,2,1,0,1,0,48.0,,utilitaire_camion,,1,2,1,8,6
202400026745,2024-11-13 05:30:00,2024,11,13,5,30,95,95555,MASSENET (RUE),48.96136,2.28923,Nuit avec éclairage allumé,En agglomération,Hors intersection,Normale,Autre collision,4,2,2,0,1,1,1,0,1,50,1,2,1,0,0,1,57.0,,voiture,,5,2,1,1,6
202400026746,2024-06-25 10:15:00,2024,6,25,10,15,30,30007,Avenue Carnot,44.12137,4.08684,Plein jour,En agglomération,Hors intersection,Normale,Sans collision,4,2,2,0,1,1,1,0,1,50,1,5,1,0,0,4,48.0,,transport_commun,,1,2,1,1,7
202400026747,2024-11-12 17:35:00,2024,11,12,17,35,91,91097,AV DU GAL CHARLES DE GAULLE,48.68,2.53,Nuit avec éclairage allumé,En agglomération,Hors intersection,Temps éblouissant,Autre collision,3,2,2,0,1,1,1,9,1,50,1,2,1,0,0,1,87.0,,voiture,,5,2,1,7,6
202400026748,2024-06-25 19:55:00,2024,6,25,19,55,26,26362,Route de Malissard,44.91171672,4.92215395,Plein jour,En agglomération,Hors intersection,Normale,Deux véhicules - frontale,4,-1,2,0,1,1,1,0,1,50,2,2,1,0,0,1,32.0,23.0,voiture,utilitaire_camion,1,2,1,1,1
202400026749,2024-11-13 18:55:00,2024,11,13,18,55,30,30351,GENERAL LECLERC (AVENUE DU),43.95837,4.77628,Nuit avec éclairage allumé,En agglomération,Giratoire,Normale,Autre collision,3,2,2,0,2,1,1,0,1,50,1,2,1,0,0,1,,,voiture,,5,2,6,1,6
202400026749,2024-11-13 18:55:00,2024,11,13,18,55,30,30351,GENERAL LECLERC (AVENUE DU),43.95837,4.77628,Nuit avec éclairage allumé,En agglomération,Giratoire,Normale,Autre collision,3,2,2,0,1,1,1,0,1,50,1,2,1,0,0,1,,,voiture,,5,2,6,1,6
202400026750,2024-06-25 18:55:00,2024,6,25,18,55,25,25056,BELFORT RUE DE (inf144),47.252,6.03585,Plein jour,En agglomération,Intersection en Y,Temps éblouissant,Deux véhicules - côté,3,2,2,2,2,1,1,5,1,30,2,2,1,0,0,1,24.0,67.0,deux_roues,voiture,1,2,4,7,3
202400026750,2024-06-25 18:55:00,2024,6,25,18,55,25,25056,BELFORT RUE DE (inf144),47.252,6.03585,Plein jour,En agglomération,Intersection en Y,Temps éblouissant,Deux véhicules - côté,3,2,2,0,4,1,1,5,1,30,2,2,1,0,0,1,24.0,67.0,deux_roues,voiture,1,2,4,7,3
202400026751,2024-11-13 12:15:00,2024,11,13,12,15,30,30011,DEUXIEME D.B (AVENUE DE LA),43.9589,4.74695,Plein jour,Hors agglomération,Giratoire,Normale,Deux véhicules - arrière,3,2,2,0,1,3,1,0,1,80,2,3,1,0,0,2,25.0,54.0,voiture,transport_commun,1,1,6,1,2
202400026751,2024-11-13 12:15:00,2024,11,13,12,15,30,30011,DEUXIEME D.B (AVENUE DE LA),43.9589,4.74695,Plein jour,Hors agglomération,Giratoire,Normale,Deux véhicules - arrière,3,3,2,0,1,2,1,0,1,80,2,3,1,0,0,2,25.0,54.0,voiture,transport_commun,1,1,6,1,2
202400026752,2024-06-25 21:00:00,2024,6,25,21,0,17,17306,TREILLE (DE LA),45.65,-1.032,Crépuscule ou aube,En agglomération,Intersection en X,Normale,Deux véhicules - côté,4,2,2,0,1,1,1,9,1,30,2,2,0,0,0,2,15.0,38.0,deux_roues,utilitaire_camion,2,2,2,1,3
202400026752,2024-06-25 21:00:00,2024,6,25,21,0,17,17306,TREILLE (DE LA),45.65,-1.032,Crépuscule ou aube,En agglomération,Intersection en X,Normale,Deux véhicules - côté,4,2,2,0,1,1,1,0,1,30,2,2,0,0,0,2,15.0,38.0,deux_roues,utilitaire_camion,2,2,2,1,3
202400026753,2024-11-13 09:30:00,2024,11,13,9,30,30,30351,MONT VENTOUX (AVENUE DU),43.97233,4.77749,Plein jour,En agglomération,Intersection en T,Normale,Deux véhicules - frontale,4,2,2,2,1,1,1,0,1,50,2,2,1,0,0,1,27.0,26.0,deux_roues,voiture,1,2,3,1,1
202400026753,2024-11-13 09:30:00,2024,11,13,9,30,30,30351,MONT VENTOUX (AVENUE DU),43.97233,4.77749,Plein jour,En agglomération,Intersection en T,Normale,Deux véhicules - frontale,4,2,2,0,2,3,1,0,1,50,2,2,1,0,0,1,27.0,26.0,deux_roues,voiture,1,2,3,1,1
202400026754,2024-06-23 09:54:00,2024,6,23,9,54,15,15012,RD 320,44.90169,2.45858,Plein jour,En agglomération,Hors intersection,Normale,Deux véhicules - côté,3,2,2,0,1,1,1,0,1,50,2,2,1,0,1,0,23.0,27.0,voiture,deux_roues,1,2,1,1,3
202400026755,2024-06-25 20:45:00,2024,6,25,20,45,13,13203,FÉLIX PYAT (RUE),43.3208,5.37478,Plein jour,En agglomération,Hors intersection,Normale,Deux véhicules - côté,4,2,2,0,1,1,1,0,1,50,2,2,1,0,0,1,15.0,27.0,deux_roues,voiture,1,2,1,1,3
202400026756,2024-06-25 18:40:00,2024,6,25,18,40,13,13203,CAMILLE PELLETAN (AVENUE),43.30644,5.3735,Plein jour,Hors agglomération,Intersection en X,Normale,Deux véhicules - côté,4,1,2,3,1,1,1,0,1,50,2,2,1,0,0,1,43.0,19.0,deux_roues,voiture,1,1,2,1,3
202400026756,2024-06-25 18:40:00,2024,6,25,18,40,13,13203,CAMILLE PELLETAN (AVENUE),43.30644,5.3735,Plein jour,Hors agglomération,Intersection en X,Normale,Deux véhicules - côté,4,2,2,0,1,1,1,0,1,30,2,2,1,0,0,1,43.0,19.0,deux_roues,voiture,1,1,2,1,3
202400026757,2024-11-12 11:00:00,2024,11,12,11,0,77,77487,MARECHAL JUIN  (DU),48.5375,2.6859,Plein jour,En agglomération,Hors intersection,Normale,Deux véhicules - côté,4,2,2,0,1,1,1,0,1,50,2,2,1,0,0,1,25.0,23.0,deux_roues,utilitaire_camion,1,2,1,1,3
202400026758,2024-06-24 10:40:00,2024,6,24,10,40,04,04112,HAUTE PROVENCE (BD. DE),43.83052,5.79104,Plein jour,En agglomération,Hors intersection,Normale,Deux véhicules - arrière,4,2,2,0,2,1,1,0,1,50,2,2,1,0,0,1,52.0,46.0,utilitaire_camion,voiture,1,2,1,1,2
202400026759,2024-11-12 08:45:00,2024,11,12,8,45,77,77447,C.D 82,48.55299,2.56102,Plein jour,Hors agglomération,Hors intersection,Normale,Deux véhicules - arrière,3,2,2,0,1,1,1,0,1,70,2,3,1,0,0,2,42.0,50.0,voiture,utilitaire_camion,1,1,1,1,2
202400026760,2024-06-25 15:03:00,2024,6,25,15,3,01,01289,DOMBES (AVENUE DE LA),46.18046,5.19481,Plein jour,Hors agglomération,Intersection en X,Normale,Deux véhicules - côté,3,4,4,0,1,1,1,0,1,70,2,2,1,0,1,0,55.0,88.0,utilitaire_camion,deux_roues,1,1,2,1,3
202400026760,2024-06-25 15:03:00,2024,6,25,15,3,01,01289,DOMBES (AVENUE DE LA),46.18046,5.19481,Plein jour,Hors agglomération,Intersection en X,Normale,Deux véhicules - côté,3,2,2,0,2,1,1,0,8,50,2,2,1,0,1,0,55.0,88.0,utilitaire_camion,deux_roues,1,1,2,1,3
202400026761,2024-11-13 11:50:00,2024,11,13,11,50,76,76103,Rue des Hautes Haies,49.41895,1.13505,Plein jour,En agglomération,Intersection en T,Temps éblouissant,Autre collision,4,2,2,0,1,1,1,0,1,50,1,2,1,0,1,0,68.0,,voiture,,1,2,3,7,6
202400026761,2024-11-13 11:50:00,2024,11,13,11,50,76,76103,Rue des Hautes Haies,49.41895,1.13505,Plein jour,En agglomération,Intersection en T,Temps éblouissant,Autre collision,4,1,1,0,1,1,1,0,1,50,1,2,1,0,1,0,68.0,,voiture,,1,2,3,7,6
202400026762,2024-06-25 16:00:00,2024,6,25,16,0,75,75115,BD PERIPHERIQUE EXTERIEUR,48.834256,2.275894,Plein jour,En agglomération,Hors intersection,Normale,Deux véhicules - arrière,4,1,4,0,1,1,1,0,1,70,2,2,1,0,0,1,57.0,72.0,deux_roues,deux_roues,1,2,1,1,2
202400026763,2024-11-13 12:00:00,2024,11,13,12,0,76,76540,Rue Saint Sever,49.43575,1.09025,Plein jour,En agglomération,Intersection en X,Normale,Deux véhicules - frontale,4,2,4,0,1,1,1,-1,1,50,2,2,1,0,1,0,50.0,63.0,voiture,deux_roues,1,2,2,1,1
202400026763,2024-11-13 12:00:00,2024,11,13,12,0,76,76540,Rue Saint Sever,49.43575,1.09025,Plein jour,En agglomération,Intersection en X,Normale,Deux véhicules - frontale,4,1,2,0,1,1,1,-1,1,50,2,2,1,0,1,0,50.0,63.0,voiture,deux_roues,1,2,2,1,1
202400026764,2024-06-25 09:30:00,2024,6,25,9,30,75,75120,BD PERIPHERIQUE EXTERIEUR,48.861698,2.413912,Plein jour,En agglomération,Hors intersection,Normale,Deux véhicules - côté,4,1,4,0,1,1,1,0,1,70,2,2,1,0,0,1,20.0,42.0,voiture,deux_roues,1,2,1,1,3
202400026765,2024-06-24 18:15:00,2024,6,24,18,15,75,75117,BD PERIPHERIQUE INTERIEUR,48.889591,2.297417,Plein jour,En agglomération,Hors intersection,Normale,Sans collision,4,1,4,0,1,1,1,0,1,70,1,1,0,0,0,1,41.0,,deux_roues,,1,2,1,1,7
202400026766,2024-11-09 14:20:00,2024,11,9,14,20,76,76447,PAUL DOUMER,49.52352,0.19556,Plein jour,Hors agglomération,Hors intersection,Normale,Sans collision,4,2,1,0,2,2,1,0,1,50,1,1,0,0,1,0,61.0,,deux_roues,,1,1,1,1,7
202400026767,2024-06-24 22:35:00,2024,6,24,22,35,75,75120,AVENUE DE LA PORTE DE MONTREUIL,48.853562,2.410754,Nuit avec éclairage allumé,En agglomération,Intersection en X,Normale,Deux véhicules - côté,4,1,2,0,2,1,1,0,1,30,2,2,1,0,0,1,36.0,19.0,deux_roues,voiture,5,2,2,1,3
202400026767,2024-06-24 22:35:00,2024,6,24,22,35,75,75120,AVENUE DE LA PORTE DE MONTREUIL,48.853562,2.410754,Nuit avec éclairage allumé,En agglomération,Intersection en X,Normale,Deux véhicules - côté,4,2, -1,-1,2,1,1,0,1,30,2,2,1,0,0,1,36.0,19.0,deux_roues,voiture,5,2,2,1,3
202400026768,2024-11-11 06:00:00,2024,11,11,6,0,76,76351,PIERRE MENDES FRANCE,49.51451,0.15343,Nuit avec éclairage allumé,En agglomération,Intersection en T,Pluie légère,Autre collision,4,2,1,0,2,1,2,0,1,50,1,2,0,0,1,1,29.0,,deux_roues,,5,2,3,2,6
202400026768,2024-11-11 06:00:00,2024,11,11,6,0,76,76351,PIERRE MENDES FRANCE,49.51451,0.15343,Nuit avec éclairage allumé,En agglomération,Intersection en T,Pluie légère,Autre collision,4,2,4,1,1,1,2,0,1,50,1,2,0,0,1,1,29.0,,deux_roues,,5,2,3,2,6
202400026769,2024-06-25 08:10:00,2024,6,25,8,10,75,75119,BOULEVARD MACDONALD,48.898893,2.379804,Plein jour,En agglomération,Intersection en X,Normale,Deux véhicules - frontale,4,-1,2,0,1,1,1,0,1,30,2,2,1,0,0,1,,27.0,voiture,deux_roues,1,2,2,1,1
202400026769,2024-06-25 08:10:00,2024,6,25,8,10,75,75119,BOULEVARD MACDONALD,48.898893,2.379804,Plein jour,En agglomération,Intersection en X,Normale,Deux véhicules - frontale,4,1, -1,-1,1,1,1,0,1,30,2,2,1,0,0,1,,27.0,voiture,deux_roues,1,2,2,1,1
202400026770,2024-11-12 18:10:00,2024,11,12,18,10,71,71270,PARE (RUE AMBROISE),46.31442532,4.81141761,Nuit avec éclairage allumé,En agglomération,Autre intersection,Normale,Deux véhicules - frontale,4,2,2,0,1,1,1,0,1,50,2,2,1,0,0,1,18.0,50.0,deux_roues,voiture,5,2,9,1,1
202400026771,2024-06-24 17:00:00,2024,6,24,17,0,75,75117,BOULEVARD DE REIMS,48.88755,2.294736,Plein jour,En agglomération,Intersection en X,Normale,Sans collision,4,1,1,0,1,1,1,0,1,30,1,1,0,0,0,1,57.0,,deux_roues,,1,2,2,1,7
202400026771,2024-06-24 17:00:00,2024,6,24,17,0,75,75117,BOULEVARD DE REIMS,48.88755,2.294736,Plein jour,En agglomération,Intersection en X,Normale,Sans collision,4,2, -1,-1,1,1,1,0,1,30,1,1,0,0,0,1,57.0,,deux_roues,,1,2,2,1,7
202400026772,2024-11-13 16:10:00,2024,11,13,16,10,69,69256,Avenue Gabriel Péri,45.77086783,4.90693639,Plein jour,En agglomération,Intersection en T,Normale,Deux véhicules - côté,4,2,2,3,1,3,1,0,6,50,2,2,1,0,0,1,40.0,29.0,transport_commun,deux_roues,1,2,3,1,3
202400026772,2024-11-13 16:10:00,2024,11,13,16,10,69,69256,Avenue Gabriel Péri,45.77086783,4.90693639,Plein jour,En agglomération,Intersection en T,Normale,Deux véhicules - côté,4,2,2,0,1,1,1,0,6,50,2,2,1,0,0,1,40.0,29.0,transport_commun,deux_roues,1,2,3,1,3
202400026773,2024-06-25 13:50:00,2024,6,25,13,50,75,75116,AVENUE DE VERSAILLES,48.851295,2.278369,Plein jour,En agglomération,Place,Normale,Deux véhicules - côté,4,2,4,3,1,1,1,0,1,30,2,2,1,0,0,1,33.0,46.0,deux_roues,voiture,1,2,7,1,3
202400026773,2024-06-25 13:50:00,2024,6,25,13,50,75,75116,AVENUE DE VERSAILLES,48.851295,2.278369,Plein jour,En agglomération,Place,Normale,Deux véhicules - côté,4,2,2,0,1,1,1,0,1,30,2,2,1,0,0,1,33.0,46.0,deux_roues,voiture,1,2,7,1,3
202400026774,2024-06-25 14:45:00,2024,6,25,14,45,75,75115,BOULEVARD LEFEBVRE,48.829136,2.29904,Plein jour,En agglomération,Hors intersection,Normale,Deux véhicules - arrière,4,1,6,1,1,1,1,0,1,30,2,2,1,0,0,1,21.0,62.0,deux_roues,voiture,1,2,1,1,2
202400026775,2024-11-12 08:25:00,2024,11,12,8,25,69,69290,Route de Grenoble,45.71063,4.9766,Crépuscule ou aube,En agglomération,Hors intersection,Temps couvert,Trois véhicules et plus - en chaîne,7,2,4,0,1,1,1,0,1,50,3,3,1,0,1,1,24.0,34.0,voiture,utilitaire_camion,2,2,1,8,4
202400026776,2024-06-25 13:51:00,2024,6,25,13,51,75,75115,RUE DU COLONEL PIERRE AVIA,48.829967,2.275817,Plein jour,En agglomération,Hors intersection,Normale,Autre collision,4,1,1,0,1,1,1,0,1,30,1,2,1,0,0,1,34.0,,utilitaire_camion,,1,2,1,1,6
202400026777,2024-11-13 08:15:00,2024,11,13,8,15,66,66136,Quai François Batllo,42.70157,2.89363,Plein jour,En agglomération,Hors intersection,Pluie légère,Deux véhicules - arrière,4,2,2,0,1,1,2,0,1,50,2,2,1,0,0,1,20.0,52.0,voiture,voiture,1,2,1,2,2
202400026778,2024-06-25 17:00:00,2024,6,25,17,0,75,75114,BOULEVARD JOURDAN,48.819638,2.341933,Plein jour,En agglomération,Intersection en T,Normale,Deux véhicules - côté,4,1,4,1,2,1,1,0,5,50,2,2,1,0,0,1,60.0,,deux_roues,deux_roues,1,2,3,1,3
202400026778,2024-06-25 17:00:00,2024,6,25,17,0,75,75114,BOULEVARD JOURDAN,48.819638,2.341933,Plein jour,En agglomération,Intersection en T,Normale,Deux véhicules - côté,4,2, -1,-1,1,1,1,0,5,50,2,2,1,0,0,1,60.0,,deux_roues,deux_roues,1,2,3,1,3
202400026779,2024-06-25 18:00:00,2024,6,25,18,0,75,75112,BOULEVARD PONIATOWSKI,48.829247,2.390274,Plein jour,En agglomération,Intersection en Y,Normale,Autre collision,4,2,2,0,1,1,1,0,1,50,1,2,1,0,0,1,54.0,,deux_roues,,1,2,4,1,6
202400026779,2024-06-25 18:00:00,2024,6,25,18,0,75,75112,BOULEVARD PONIATOWSKI,48.829247,2.390274,Plein jour,En agglomération,Intersection en Y,Normale,Autre collision,4,1, -1,-1,1,1,1,0,1,50,1,2,1,0,0,1,54.0,,deux_roues,,1,2,4,1,6
202400026780,2024-11-03 00:45:00,2024,11,3,0,45,65,65440,ORMEAU (CHEMIN DE L'),43.22624916,0.0767329,Nuit avec éclairage allumé,En agglomération,Intersection en X,Normale,Deux véhicules - côté,4,2,2,0,1,1,1,0,1,50,2,4,2,0,0,2,25.0,54.0,voiture,voiture,5,2,2,1,3
202400026780,2024-11-03 00:45:00,2024,11,3,0,45,65,65440,ORMEAU (CHEMIN DE L'),43.22624916,0.0767329,Nuit avec éclairage allumé,En agglomération,Intersection en X,Normale,Deux véhicules - côté,4,2,2,0,1,1,1,0,1,50,2,4,2,0,0,2,25.0,54.0,voiture,voiture,5,2,2,1,3
202400026781,2024-06-25 17:40:00,2024,6,25,17,40,75,75111,RUE DE LA ROQUETTE,48.858771,2.384639,Plein jour,En agglomération,Intersection en T,Normale,Autre collision,4,1, -1,-1,2,1,1,0,1,30,1,2,1,0,0,1,59.0,,utilitaire_camion,,1,2,3,1,6
202400026781,2024-06-25 17:40:00,2024,6,25,17,40,75,75111,RUE DE LA ROQUETTE,48.858771,2.384639,Plein jour,En agglomération,Intersection en T,Normale,Autre collision,4,3,2,0,2,1,1,0,1,30,1,2,1,0,0,1,59.0,,utilitaire_camion,,1,2,3,1,6
202400026782,2024-11-13 09:10:00,2024,11,13,9,10,63,63113,rue des Liondards / av Léon Blum ,45.76666,3.09597,Plein jour,En agglomération,Intersection en X,Normale,Autre collision,4,2,2,0,1,1,1,0,1,30,1,2,1,0,0,1,22.0,,voiture,,1,2,2,1,6
202400026783,2024-06-25 16:00:00,2024,6,25,16,0,75,75111,BOULEVARD RICHARD LENOIR,48.854737,2.369526,Plein jour,En agglomération,Intersection en Y,Normale,Deux véhicules - côté,4,1,2,0,1,1,1,0,1,30,2,2,1,0,0,1,53.0,53.0,deux_roues,voiture,1,2,4,1,3
202400026783,2024-06-25 16:00:00,2024,6,25,16,0,75,75111,BOULEVARD RICHARD LENOIR,48.854737,2.369526,Plein jour,En agglomération,Intersection en Y,Normale,Deux véhicules - côté,4,2, -1,-1,1,1,1,0,1,30,2,2,1,0,0,1,53.0,53.0,deux_roues,voiture,1,2,4,1,3
202400026784,2024-11-13 18:30:00,2024,11,13,18,30,62,62119,D943,50.5242865,2.6281899,Nuit avec éclairage allumé,En agglomération,Hors intersection,Normale,Autre collision,3,2,4,0,2,1,1,2,4,50,3,3,2,0,1,0,51.0,,deux_roues,deux_roues,5,2,1,1,6
202400026785,2024-06-25 18:00:00,2024,6,25,18,0,75,75110,PLACE DE LA REPUBLIQUE,48.868144,2.363704,Plein jour,En agglomération,Place,Normale,Deux véhicules - frontale,4,2,2,3,1,1,1,0,1,30,2,2,0,0,0,2,30.0,35.0,deux_roues,deux_roues,1,2,7,1,1
202400026786,2024-11-10 22:45:00,2024,11,10,22,45,62,62847,D72E3,50.50048645,2.66023546,Nuit sans éclairage public,En agglomération,Passage à niveau,Normale,Deux véhicules - frontale,3,2,2,3,1,1,1,4,1,50,2,2,1,1,0,0,50.0,56.0,transport_commun,voiture,3,2,8,1,1
202400026787,2024-06-25 20:00:00,2024,6,25,20,0,75,75108,RUE DE COURCELLES,48.876444,2.307891,Plein jour,En agglomération,Intersection à plus de 4 branches,Normale,Deux véhicules - côté,4,1, -1,-1,2,1,1,0,1,30,2,2,1,0,0,1,48.0,46.0,deux_roues,utilitaire_camion,1,2,5,1,3
202400026787,2024-06-25 20:00:00,2024,6,25,20,0,75,75108,RUE DE COURCELLES,48.876444,2.307891,Plein jour,En agglomération,Intersection à plus de 4 branches,Normale,Deux véhicules - côté,4,2,2,0,2,1,1,0,1,30,2,2,1,0,0,1,48.0,46.0,deux_roues,utilitaire_camion,1,2,5,1,3
202400026788,2024-11-08 16:30:00,2024,11,8,16,30,62,62041,Rue Saint Maurice,50.29379,2.77016,Plein jour,En agglomération,Autre intersection,Normale,Autre collision,4,1,1,0,1,1,1,0,1,50,1,2,1,0,1,0,65.0,,voiture,,1,2,9,1,6
202400026789,2024-06-25 02:00:00,2024,6,25,2,0,75,75107,QUAI VOLTAIRE,48.85956,2.329281,Nuit avec éclairage allumé,En agglomération,Intersection en X,Normale,Deux véhicules - arrière,4,1, -1,-1,1,1,1,0,1,30,2,2,1,0,0,1,,46.0,voiture,deux_roues,5,2,2,1,2
202400026789,2024-06-25 02:00:00,2024,6,25,2,0,75,75107,QUAI VOLTAIRE,48.85956,2.329281,Nuit avec éclairage allumé,En agglomération,Intersection en X,Normale,Deux véhicules - arrière,4,1,4,0,1,1,1,0,1,30,2,2,1,0,0,1,,46.0,voiture,deux_roues,5,2,2,1,2
202400026790,2024-11-10 00:30:00,2024,11,10,0,30,60,60159,Avenue Napoléon,49.40564,2.83783,Nuit avec éclairage allumé,En agglomération,Giratoire,Normale,Autre collision,4,1,2,0,1,2,2,5,1,30,1,2,0,0,2,0,31.0,,voiture,,5,2,6,1,6
202400026790,2024-11-10 00:30:00,2024,11,10,0,30,60,60159,Avenue Napoléon,49.40564,2.83783,Nuit avec éclairage allumé,En agglomération,Giratoire,Normale,Autre collision,4,2,2,0,1,1,2,0,1,50,1,2,0,0,2,0,31.0,,voiture,,5,2,6,1,6
202400026791,2024-06-25 17:25:00,2024,6,25,17,25,75,75101,QUAI DU LOUVRE,48.859016,2.339852,Plein jour,En agglomération,Intersection en T,Normale,Deux véhicules - arrière,4,1,4,3,1,1,1,0,1,30,2,2,1,0,0,1,63.0,40.0,deux_roues,voiture,1,2,3,1,2
202400026791,2024-06-25 17:25:00,2024,6,25,17,25,75,75101,QUAI DU LOUVRE,48.859016,2.339852,Plein jour,En agglomération,Intersection en T,Normale,Deux véhicules - arrière,4,2,4,2,1,1,1,0,1,30,2,2,1,0,0,1,63.0,40.0,deux_roues,voiture,1,2,3,1,2
202400026792,2024-06-25 10:50:00,2024,6,25,10,50,75,75101,RUE DE RIVOLI,48.861516,2.339124,Plein jour,En agglomération,Intersection en T,Temps éblouissant,Sans collision,4,1,1,0,1,1,1,0,5,50,1,1,0,0,1,0,58.0,,deux_roues,,1,2,3,7,7
202400026792,2024-06-25 10:50:00,2024,6,25,10,50,75,75101,RUE DE RIVOLI,48.861516,2.339124,Plein jour,En agglomération,Intersection en T,Temps éblouissant,Sans collision,4,2,4,1,1,1,9,0,5,50,1,1,0,0,1,0,58.0,,deux_roues,,1,2,3,7,7
202400026793,2024-11-13 13:55:00,2024,11,13,13,55,57,57463,PONT ROUGE (RUE DU ),49.113485,6.192354,Plein jour,En agglomération,Intersection en T,Normale,Deux véhicules - côté,4,1,1,0,1,1,1,0,1,50,2,2,1,0,0,1,31.0,25.0,deux_roues,voiture,1,2,3,1,3