accident_id,datetime,annee,mois,jour,heure,minute,departement,commune_insee,adresse,latitude,longitude,luminosite,agglomeration,intersection,meteo,collision,catr,circ,nbv,vosp,prof,plan,surf,infra,situ,vma,nb_vehicules,nb_usagers,nb_indemnes,nb_tues,nb_blesses_hosp,nb_blesses_legers,age_cond_1,age_cond_2,veh_type_cond_1,veh_type_cond_2,lum_code,agg_code,int_code,atm_code,col_code
202400026793,2024-11-13 13:55:00,2024,11,13,13,55,57,57463,PONT ROUGE (RUE DU ),49.113485,6.192354,Plein jour,En agglomération,Intersection en T,Normale,Deux véhicules - côté,4,2,3,0,1,1,1,0,1,50,2,2,1,0,0,1,31.0,25.0,deux_roues,voiture,1,2,3,1,3
202400026794,2024-06-25 06:30:00,2024,6,25,6,30,75,75102,RUE LOUIS LE GRAND,48.871048,2.33458,Crépuscule ou aube,En agglomération,Intersection en Y,Normale,Deux véhicules - frontale,4,1,2,2,1,1,1,0,1,30,2,2,1,0,1,0,31.0,53.0,deux_roues,voiture,2,2,4,1,1
202400026794,2024-06-25 06:30:00,2024,6,25,6,30,75,75102,RUE LOUIS LE GRAND,48.871048,2.33458,Crépuscule ou aube,En agglomération,Intersection en Y,Normale,Deux véhicules - frontale,4,2,2,2,1,1,1,0,1,30,2,2,1,0,1,0,31.0,53.0,deux_roues,voiture,2,2,4,1,1
202400026795,2024-11-12 14:30:00,2024,11,12,14,30,54,54547,parking CHU,48.64876,6.14678,Plein jour,En agglomération,Hors intersection,Normale,Autre collision,6,-1, -1,0,1,1,1,0,1,30,1,2,1,0,0,1,57.0,,voiture,,1,2,1,1,6
202400026796,2024-06-25 11:35:00,2024,6,25,11,35,94,94043,Avenue de Fontainebleau,48.81502,2.3607,Plein jour,En agglomération,Hors intersection,Normale,Autre collision,3,2,4,1,1,1,1,0,1,50,1,2,1,0,0,1,37.0,,deux_roues,,1,2,1,1,6
202400026797,2024-11-12 17:15:00,2024,11,12,17,15,50,50002,GOUVILLE (place de),49.11574,-1.11351,Plein jour,En agglomération,Hors intersection,Normale,Autre collision,4,2,2,0,1,1,2,0,1,30,1,2,1,0,1,0,43.0,,voiture,,1,2,1,1,6
202400026798,2024-06-25 12:00:00,2024,6,25,12,0,94,94021,Boulevard Circulaire Min Est,48.76459,2.3562,Plein jour,En agglomération,Hors intersection,Normale,Sans collision,5,1,3,3,1,1,1,0,1,60,1,1,0,0,0,1,25.0,,deux_roues,,1,2,1,1,7
202400026799,2024-11-13 04:00:00,2024,11,13,4,0,49,49007,DOYENNE BOULEVARD ET PASSAGE,47.48805,-0.53653,Nuit avec éclairage non allumé,En agglomération,Giratoire,Normale,Sans collision,4,3,2,2,1,1,1,0,1,50,1,1,0,0,1,0,29.0,,deux_roues,,4,2,6,1,7
202400026799,2024-11-13 04:00:00,2024,11,13,4,0,49,49007,DOYENNE BOULEVARD ET PASSAGE,47.48805,-0.53653,Nuit avec éclairage non allumé,En agglomération,Giratoire,Normale,Sans collision,4,2,2,0,1,1,1,0,1,30,1,1,0,0,1,0,29.0,,deux_roues,,4,2,6,1,7
202400026800,2024-06-24 08:20:00,2024,6,24,8,20,94,94073,Rue du Docteur Marie,48.74624,2.37055,Crépuscule ou aube,En agglomération,Intersection en T,Normale,Deux véhicules - côté,3,1,1,0,1,1,1,0,1,50,2,2,1,0,1,0,41.0,19.0,utilitaire_camion,deux_roues,2,2,3,1,3
202400026800,2024-06-24 08:20:00,2024,6,24,8,20,94,94073,Rue du Docteur Marie,48.74624,2.37055,Crépuscule ou aube,En agglomération,Intersection en T,Normale,Deux véhicules - côté,3,3,2,0,1,1,1,0,1,50,2,2,1,0,1,0,41.0,19.0,utilitaire_camion,deux_roues,2,2,3,1,3
202400026801,2024-11-12 18:00:00,2024,11,12,18,0,49,49007,CHAUMIN BOULEVARD,47.4503,-0.5546,Crépuscule ou aube,En agglomération,Hors intersection,Normale,Deux véhicules - arrière,4,3,4,0,1,1,1,0,1,50,2,2,1,0,0,1,52.0,47.0,voiture,voiture,2,2,1,1,2
202400026802,2024-06-24 08:15:00,2024,6,24,8,15,94,94011,Avenue Rhin et Danube / Avenue des Lys,48.77074,2.48997,Plein jour,En agglomération,Intersection en T,Normale,Trois véhicules et plus - en chaîne,3,3,4,3,1,1,1,0,1,50,3,4,2,0,0,2,39.0,50.0,voiture,voiture,1,2,3,1,4
202400026802,2024-06-24 08:15:00,2024,6,24,8,15,94,94011,Avenue Rhin et Danube / Avenue des Lys,48.77074,2.48997,Plein jour,En agglomération,Intersection en T,Normale,Trois véhicules et plus - en chaîne,3,2,2,0,1,1,1,0,1,-1,3,4,2,0,0,2,39.0,50.0,voiture,voiture,1,2,3,1,4
202400026803,2024-06-24 13:55:00,2024,6,24,13,55,94,94017,Avenue du Général de Gaulle / Rue Eugéne Varlin,48.82690559,2.52076256,Plein jour,En agglomération,Intersection en T,Normale,Deux véhicules - arrière,3,1,2,0,1,1,1,0,1,50,2,2,1,0,0,1,61.0,22.0,voiture,voiture,1,2,3,1,2
202400026803,2024-06-24 13:55:00,2024,6,24,13,55,94,94017,Avenue du Général de Gaulle / Rue Eugéne Varlin,48.82690559,2.52076256,Plein jour,En agglomération,Intersection en T,Normale,Deux véhicules - arrière,3,2,2,0,2,1,1,2,1,-1,2,2,1,0,0,1,61.0,22.0,voiture,voiture,1,2,3,1,2
202400026804,2024-11-09 15:54:00,2024,11,9,15,54,39,39300,26 Avenue Camille Prost,46.671195,5.568954,Plein jour,En agglomération,Intersection en X,Normale,Autre collision,4,2,2,-1,1,1,1,0,8,50,1,2,1,0,1,0,46.0,,voiture,,1,2,2,1,6
202400026804,2024-11-09 15:54:00,2024,11,9,15,54,39,39300,26 Avenue Camille Prost,46.671195,5.568954,Plein jour,En agglomération,Intersection en X,Normale,Autre collision,4,2,2,0,1,1,1,0,1,50,1,2,1,0,1,0,46.0,,voiture,,1,2,2,1,6
202400026804,2024-11-09 15:54:00,2024,11,9,15,54,39,39300,26 Avenue Camille Prost,46.671195,5.568954,Plein jour,En agglomération,Intersection en X,Normale,Autre collision,4,2,2,0,1,1,1,0,8,50,1,2,1,0,1,0,46.0,,voiture,,1,2,2,1,6
202400026805,2024-06-25 09:25:00,2024,6,25,9,25,94,94004,Avenue Charles de Gaulle,48.75705,2.49848,Plein jour,En agglomération,Hors intersection,Normale,Deux véhicules - frontale,4,2,2,1,1,1,1,0,1,30,2,2,1,0,0,1,39.0,55.0,voiture,transport_commun,1,2,1,1,1
202400026806,2024-11-13 08:45:00,2024,11,13,8,45,38,38544,Chemin de la Rente,45.50179,4.89384,Plein jour,En agglomération,Hors intersection,Temps couvert,Sans collision,3,2,2,0,2,3,1,0,1,50,1,2,0,0,0,2,22.0,,voiture,,1,2,1,8,7
202400026807,2024-06-24 14:15:00,2024,6,24,14,15,93,93073,Avenue Louis Dequet / Avenue des Chênes,48.95283,2.58231,Plein jour,En agglomération,Intersection en X,Normale,Deux véhicules - frontale,4,2,2,0,1,1,1,0,1,50,2,2,1,0,1,0,21.0,12.0,utilitaire_camion,deux_roues,1,2,2,1,1
202400026808,2024-06-24 13:50:00,2024,6,24,13,50,93,93070,Avenue Gabriel Péri,48.907117,2.332164,Plein jour,En agglomération,Hors intersection,Normale,Autre collision,3,2,2,2,1,1,1,0,6,50,1,1,0,0,0,1,52.0,,deux_roues,,1,2,1,1,6
202400026809,2024-11-13 17:45:00,2024,11,13,17,45,38,38151,ÉCHANGEUR DU RONDEAU,45.15537,5.69929,Nuit sans éclairage public,Hors agglomération,Hors intersection,Normale,Trois véhicules et plus - en chaîne,1,-1,2,0,1,1,1,0,1,70,4,4,3,0,0,1,20.0,40.0,voiture,voiture,3,1,1,1,4
202400026810,2024-06-25 15:20:00,2024,6,25,15,20,93,93066,Rue Paul Éluard / Rue Ambroise Croizat,48.939411,2.345104,Plein jour,En agglomération,Intersection en T,Normale,Deux véhicules - côté,3,2,2,3,2,1,1,2,1,-1,2,2,1,0,0,1,23.0,43.0,deux_roues,voiture,1,2,3,1,3
202400026810,2024-06-25 15:20:00,2024,6,25,15,20,93,93066,Rue Paul Éluard / Rue Ambroise Croizat,48.939411,2.345104,Plein jour,En agglomération,Intersection en T,Normale,Deux véhicules - côté,3,2,2,0,1,1,1,0,1,50,2,2,1,0,0,1,23.0,43.0,deux_roues,voiture,1,2,3,1,3
202400026811,2024-11-13 17:55:00,2024,11,13,17,55,38,38185,RUE DES ALLIÉS,45.17302,5.71996,Crépuscule ou aube,En agglomération,Hors intersection,Normale,Autre collision,4,2,2,1,1,1,1,0,4,50,1,2,1,0,0,1,45.0,,voiture,,2,2,1,1,6
202400026812,2024-06-25 16:15:00,2024,6,25,16,15,93,93032,Rue Vaillant Couturier / Rue Emile Fontaine,48.87153,2.55429,Plein jour,En agglomération,Intersection en T,Normale,Deux véhicules - côté,3,2,2,0,1,1,1,0,1,50,2,2,1,0,0,1,52.0,29.0,deux_roues,voiture,1,2,3,1,3
202400026812,2024-06-25 16:15:00,2024,6,25,16,15,93,93032,Rue Vaillant Couturier / Rue Emile Fontaine,48.87153,2.55429,Plein jour,En agglomération,Intersection en T,Normale,Deux véhicules - côté,3,1,1,0,1,1,1,0,1,50,2,2,1,0,0,1,52.0,29.0,deux_roues,voiture,1,2,3,1,3
202400026813,2024-11-13 15:25:00,2024,11,13,15,25,38,38185,MALLIFAUD (RUE),45.18063,5.735,Plein jour,En agglomération,Intersection en X,Temps couvert,Deux véhicules - côté,4,1,3,2,1,1,1,0,1,50,2,2,1,0,0,1,17.0,33.0,deux_roues,voiture,1,2,2,8,3
202400026813,2024-11-13 15:25:00,2024,11,13,15,25,38,38185,MALLIFAUD (RUE),45.18063,5.735,Plein jour,En agglomération,Intersection en X,Temps couvert,Deux véhicules - côté,4,2,3,2,1,1,1,0,1,50,2,2,1,0,0,1,17.0,33.0,deux_roues,voiture,1,2,2,8,3
202400026814,2024-06-24 15:45:00,2024,6,24,15,45,93,93047,Rue Henri Barbusse / Rue Paul Bert,48.90017,2.56704,Plein jour,En agglomération,Intersection en X,Normale,Deux véhicules - côté,4,1,1,0,1,1,1,0,1,30,2,2,1,0,0,1,22.0,45.0,deux_roues,voiture,1,2,2,1,3
202400026814,2024-06-24 15:45:00,2024,6,24,15,45,93,93047,Rue Henri Barbusse / Rue Paul Bert,48.90017,2.56704,Plein jour,En agglomération,Intersection en X,Normale,Deux véhicules - côté,4,2,2,0,1,1,1,0,1,50,2,2,1,0,0,1,22.0,45.0,deux_roues,voiture,1,2,2,1,3
202400026815,2024-11-13 18:10:00,2024,11,13,18,10,34,34301,VERDUN (BOULEVARD DE),43.411207,3.679409,Crépuscule ou aube,En agglomération,Intersection en X,Temps couvert,Deux véhicules - côté,3,2,1,0,1,1,1,0,1,50,2,2,1,0,0,1,20.0,45.0,deux_roues,voiture,2,2,2,8,3
202400026815,2024-11-13 18:10:00,2024,11,13,18,10,34,34301,VERDUN (BOULEVARD DE),43.411207,3.679409,Crépuscule ou aube,En agglomération,Intersection en X,Temps couvert,Deux véhicules - côté,3,2,3,0,2,1,1,0,1,50,2,2,1,0,0,1,20.0,45.0,deux_roues,voiture,2,2,2,8,3
202400026816,2024-06-25 17:30:00,2024,6,25,17,30,93,93005,Rue Paul Cézanne,48.953697,2.5056,Plein jour,En agglomération,Autre intersection,Normale,Deux véhicules - côté,3,2,4,0,1,1,1,0,1,50,2,2,1,0,0,1,38.0,32.0,voiture,voiture,1,2,9,1,3
202400026817,2024-11-13 14:20:00,2024,11,13,14,20,34,34301,BLANC CAMILLE (BOULEVARD),43.41025,3.6769,Plein jour,En agglomération,Intersection en T,Normale,Deux véhicules - côté,4,2,2,0,1,1,1,0,1,50,2,2,1,0,0,1,78.0,34.0,voiture,deux_roues,1,2,3,1,3
202400026817,2024-11-13 14:20:00,2024,11,13,14,20,34,34301,BLANC CAMILLE (BOULEVARD),43.41025,3.6769,Plein jour,En agglomération,Intersection en T,Normale,Deux véhicules - côté,4,2,2,0,2,1,1,0,1,50,2,2,1,0,0,1,78.0,34.0,voiture,deux_roues,1,2,3,1,3
202400026818,2024-06-25 08:30:00,2024,6,25,8,30,92,92063,MAISTRASSE (AVENUE ALEXANDRE),48.86355644,2.20081499,Plein jour,En agglomération,Intersection en T,Normale,Deux véhicules - côté,4,2,2,0,1,1,1,0,1,50,2,4,3,0,0,1,33.0,45.0,voiture,voiture,1,2,3,1,3
202400026818,2024-06-25 08:30:00,2024,6,25,8,30,92,92063,MAISTRASSE (AVENUE ALEXANDRE),48.86355644,2.20081499,Plein jour,En agglomération,Intersection en T,Normale,Deux véhicules - côté,4,2,2,0,1,1,1,0,1,30,2,4,3,0,0,1,33.0,45.0,voiture,voiture,1,2,3,1,3
202400026819,2024-06-25 18:20:00,2024,6,25,18,20,92,92040,VICTOR CRESSON (AVENUE) DU 02 AU 40,48.82391625,2.27264267,Plein jour,En agglomération,Autre intersection,Normale,Autre collision,3,1,0,0,1,1,1,0,1,30,1,2,1,0,0,1,29.0,,deux_roues,,1,2,9,1,6
202400026820,2024-11-13 12:55:00,2024,11,13,12,55,34,34129,BRET (ROND POINT PAUL LOUIS),43.5762,3.8736,Plein jour,En agglomération,Autre intersection,Normale,Deux véhicules - côté,4,1,3,0,1,2,1,9,1,50,2,3,1,0,1,1,55.0,23.0,deux_roues,voiture,1,2,9,1,3
202400026821,2024-06-21 23:00:00,2024,6,21,23,0,92,92025,GABRIEL PERI (RUE),48.91573427,2.23245138,Nuit avec éclairage non allumé,En agglomération,Intersection en T,Normale,Deux véhicules - côté,3,1,1,0,1,1,1,0,1,30,2,2,1,0,0,1,42.0,55.0,voiture,voiture,4,2,3,1,3
202400026821,2024-06-21 23:00:00,2024,6,21,23,0,92,92025,GABRIEL PERI (RUE),48.91573427,2.23245138,Nuit avec éclairage non allumé,En agglomération,Intersection en T,Normale,Deux véhicules - côté,3,2,2,0,1,1,1,0,1,50,2,2,1,0,0,1,42.0,55.0,voiture,voiture,4,2,3,1,3
202400026822,2024-11-12 17:05:00,2024,11,12,17,5,28,28085,MAUNOURY (RUE DU DOCTEUR),48.44057,1.48251,Crépuscule ou aube,En agglomération,Hors intersection,Normale,Autre collision,4,-1,2,0,1,1,1,0,1,30,1,2,0,0,2,0,23.0,,deux_roues,,2,2,1,1,6
202400026823,2024-06-25 20:05:00,2024,6,25,20,5,92,92024,HENRI BARBUSSE (RUE) DE (1 A 73)   (2 A,48.89858097,2.30286419,Plein jour,En agglomération,Hors intersection,Normale,Deux véhicules - côté,3,2,2,0,1,1,1,0,1,30,2,2,1,0,1,0,42.0,45.0,voiture,deux_roues,1,2,1,1,3
202400026824,2024-11-13 15:10:00,2024,11,13,15,10,19,19031,DES TROIS PROVINCES (RUE),45.165,1.54328,Plein jour,En agglomération,Hors intersection,Normale,Deux véhicules - côté,4,-1,2,0,1,1,1,9,6,30,2,2,1,0,0,1,35.0,60.0,voiture,deux_roues,1,2,1,1,3
202400026825,2024-06-26 13:59:00,2024,6,26,13,59,60,60308,D1017,49.485468,2.669141,Plein jour,Hors agglomération,Hors intersection,Normale,Deux véhicules - frontale,3,2,2,0,2,1,1,0,1,80,2,2,0,1,0,1,75.0,41.0,voiture,voiture,1,1,1,1,1
202400026826,2024-11-08 16:18:00,2024,11,8,16,18,18,18279,Rue Edouard Branly,47.216237,2.104308,Plein jour,En agglomération,Hors intersection,Normale,Deux véhicules - côté,4,2,2,0,1,1,1,0,1,50,2,2,1,0,0,1,16.0,22.0,deux_roues,voiture,1,2,1,1,3
202400026827,2024-06-25 18:40:00,2024,6,25,18,40,60,60539,Rue Jean Carette,49.299718,2.520198,Plein jour,En agglomération,Hors intersection,Normale,Deux véhicules - côté,3,2,1,0,2,2,1,0,1,50,2,2,1,0,0,1,48.0,55.0,voiture,deux_roues,1,2,1,1,3
202400026828,2024-06-25 20:50:00,2024,6,25,20,50,39,39130,,46.486715,5.842592,Plein jour,Hors agglomération,Hors intersection,Pluie forte,Autre collision,3,2,2,0,1,1,2,0,3,80,1,1,0,1,0,0,56.0,,voiture,,1,1,1,3,6
202400026829,2024-06-26 11:30:00,2024,6,26,11,30,14,14162,D562,48.901081,-0.486901,Plein jour,Hors agglomération,Hors intersection,Normale,Autre collision,3,2,3,0,2,1,1,0,3,90,1,1,0,1,0,0,71.0,,voiture,,1,1,1,1,6
202400026830,2024-06-26 10:30:00,2024,6,26,10,30,44,44141,,47.215633,-1.17816,Plein jour,Hors agglomération,Hors intersection,Normale,Autre collision,3,2,2,0,2,4,1,0,3,70,1,1,0,1,0,0,37.0,,utilitaire_camion,,1,1,1,1,6
202400026831,2024-11-13 18:45:00,2024,11,13,18,45,13,13001,BELLEC MAURICE (RTE DU COLONEL),43.57697,5.41039,Nuit sans éclairage public,Hors agglomération,Intersection en X,Normale,Deux véhicules - côté,3,2,2,0,1,1,1,0,1,80,2,2,1,0,0,1,83.0,53.0,voiture,voiture,3,1,2,1,3
202400026831,2024-11-13 18:45:00,2024,11,13,18,45,13,13001,BELLEC MAURICE (RTE DU COLONEL),43.57697,5.41039,Nuit sans éclairage public,Hors agglomération,Intersection en X,Normale,Deux véhicules - côté,3,2,2,0,1,1,1,0,8,2,2,2,1,0,0,1,83.0,53.0,voiture,voiture,3,1,2,1,3
202400026832,2024-06-15 18:25:00,2024,6,15,18,25,974,97405,Rue Maxime Payet,-21.370305,55.581765,Nuit sans éclairage public,Hors agglomération,Hors intersection,Pluie légère,Deux véhicules - frontale,2,2,2,0,2,3,2,0,1,70,2,2,1,0,1,0,70.0,57.0,voiture,utilitaire_camion,3,1,1,2,1
202400026833,2024-11-13 08:00:00,2024,11,13,8,0,06,06069,13 Av Mal de Lattre de Tassigny,43.6497387,6.923162,Plein jour,En agglomération,Hors intersection,Normale,Deux véhicules - arrière,4,2,2,0,2,1,1,0,1,50,2,3,2,0,0,1,26.0,67.0,deux_roues,voiture,1,2,1,1,2
202400026834,2024-06-25 19:20:00,2024,6,25,19,20,972,97232,Route Nationale 6,14.554654,-60.846148,Nuit sans éclairage public,Hors agglomération,Hors intersection,Normale,Autre collision,2,2,2,0,1,2,1,0,3,80,1,2,1,0,1,0,38.0,,voiture,,3,1,1,1,6
202400026835,2024-06-25 13:30:00,2024,6,25,13,30,27,27507,départementale 53,48.88848,1.264393,Plein jour,Hors agglomération,Hors intersection,Normale,Deux véhicules - frontale,3,2,2,0,1,1,1,0,1,80,2,2,0,0,1,1,32.0,77.0,voiture,voiture,1,1,1,1,1
202400026836,2024-11-13 07:14:00,2024,11,13,7,14,75,75113,RUE DE TOLBIAC,48.82641735,2.34179395,Nuit avec éclairage allumé,En agglomération,Intersection en X,Normale,Autre collision,4,1,2,0,1,1,1,0,1,30,1,2,1,0,1,0,54.0,,utilitaire_camion,,5,2,2,1,6
202400026836,2024-11-13 07:14:00,2024,11,13,7,14,75,75113,RUE DE TOLBIAC,48.82641735,2.34179395,Nuit avec éclairage allumé,En agglomération,Intersection en X,Normale,Autre collision,4,2,2,0,1,1,1,5,1,30,1,2,1,0,1,0,54.0,,utilitaire_camion,,5,2,2,1,6
202400026837,2024-11-13 20:20:00,2024,11,13,20,20,75,75119,BOULEVARD DE LA VILLETTE,48.879223,2.370477,Nuit avec éclairage allumé,En agglomération,Hors intersection,Normale,Deux véhicules - frontale,4,1,2,0,1,1,1,0,1,30,2,2,1,0,0,1,23.0,62.0,deux_roues,utilitaire_camion,5,2,1,1,1
202400026838,2024-06-25 17:40:00,2024,6,25,17,40,35,35337,lieu dit la landelle tinteniac,48.306894,-1.820287,Plein jour,Hors agglomération,Intersection en T,Normale,Deux véhicules - côté,3,2,2,0,1,1,1,0,1,80,2,2,0,1,1,0,29.0,63.0,voiture,deux_roues,1,1,3,1,3
202400026838,2024-06-25 17:40:00,2024,6,25,17,40,35,35337,lieu dit la landelle tinteniac,48.306894,-1.820287,Plein jour,Hors agglomération,Intersection en T,Normale,Deux véhicules - côté,3,2,2,0,1,1,1,0,1,80,2,2,0,1,1,0,29.0,63.0,voiture,deux_roues,1,1,3,1,3
202400026839,2024-06-05 03:00:00,2024,6,5,3,0,01,01354,d35,46.252241,6.044562,Nuit sans éclairage public,Hors agglomération,Giratoire,Normale,Sans collision,3,-1,2,0,1,1,1,0,3,80,1,2,0,0,1,1,20.0,,voiture,,3,1,6,1,7
202400026840,2024-11-13 16:00:00,2024,11,13,16,0,75,75117,AVENUE PAUL ADAM,48.887365,2.297698,Plein jour,En agglomération,Place,Normale,Autre collision,4,1,2,1,1,3,1,0,5,30,1,2,1,0,0,1,24.0,,deux_roues,,1,2,7,1,6
202400026840,2024-11-13 16:00:00,2024,11,13,16,0,75,75117,AVENUE PAUL ADAM,48.887365,2.297698,Plein jour,En agglomération,Place,Normale,Autre collision,4,2, -1,-1,1,1,1,0,5,30,1,2,1,0,0,1,24.0,,deux_roues,,1,2,7,1,6
202400026841,2024-06-26 19:05:00,2024,6,26,19,5,60,60176,Rue Nationale,49.234837,2.887419,Plein jour,En agglomération,Intersection en X,Normale,Deux véhicules - arrière,4,2,2,0,1,3,1,0,1,30,2,2,1,0,0,1,22.0,25.0,voiture,deux_roues,1,2,2,1,2
202400026841,2024-06-26 19:05:00,2024,6,26,19,5,60,60176,Rue Nationale,49.234837,2.887419,Plein jour,En agglomération,Intersection en X,Normale,Deux véhicules - arrière,4,2, -1,-1,1,1,1,0,1,-1,2,2,1,0,0,1,22.0,25.0,voiture,deux_roues,1,2,2,1,2
202400026842,2024-11-13 09:25:00,2024,11,13,9,25,75,75117,RUE THEODULE RIBOT,48.880327,2.299825,Plein jour,En agglomération,Intersection en T,Normale,Deux véhicules - côté,4,2, -1,-1,1,1,1,0,1,30,2,2,1,0,0,1,23.0,69.0,deux_roues,voiture,1,2,3,1,3
202400026842,2024-11-13 09:25:00,2024,11,13,9,25,75,75117,RUE THEODULE RIBOT,48.880327,2.299825,Plein jour,En agglomération,Intersection en T,Normale,Deux véhicules - côté,4,1,1,0,1,1,1,0,1,30,2,2,1,0,0,1,23.0,69.0,deux_roues,voiture,1,2,3,1,3
202400026843,2024-06-26 06:00:00,2024,6,26,6,0,50,50616,N175,48.668667,-1.37159,Crépuscule ou aube,Hors agglomération,Hors intersection,Normale,Sans collision,2,3,2,0,1,2,1,0,3,110,1,1,0,0,0,1,23.0,,voiture,,2,1,1,1,7
202400026844,2024-11-13 08:38:00,2024,11,13,8,38,75,75111,RUE SEDAINE,48.855686,2.371659,Plein jour,En agglomération,Intersection en X,Temps couvert,Autre collision,4,1, -1,-1,1,1,1,0,1,30,2,2,1,0,0,1,51.0,55.0,utilitaire_camion,deux_roues,1,2,2,8,6
202400026844,2024-11-13 08:38:00,2024,11,13,8,38,75,75111,RUE SEDAINE,48.855686,2.371659,Plein jour,En agglomération,Intersection en X,Temps couvert,Autre collision,4,1,1,0,1,1,1,0,1,30,2,2,1,0,0,1,51.0,55.0,utilitaire_camion,deux_roues,1,2,2,8,6
202400026845,2024-06-25 23:05:00,2024,6,25,23,5,30,30287,Départementale 980,44.20062,4.535079,Nuit sans éclairage public,Hors agglomération,Hors intersection,Pluie légère,Sans collision,3,2,2,0,1,1,2,9,3,80,1,2,0,2,0,0,39.0,,voiture,,3,1,1,2,7
202400026846,2024-11-13 21:55:00,2024,11,13,21,55,75,75110,BOULEVARD SAINT DENIS,48.869475,2.354256,Nuit avec éclairage allumé,En agglomération,Intersection en T,Normale,Autre collision,4,2,5,1,1,1,1,0,1,30,1,2,1,0,0,1,33.0,,voiture,,5,2,3,1,6
202400026846,2024-11-13 21:55:00,2024,11,13,21,55,75,75110,BOULEVARD SAINT DENIS,48.869475,2.354256,Nuit avec éclairage allumé,En agglomération,Intersection en T,Normale,Autre collision,4,2, -1,-1,1,1,1,0,1,30,1,2,1,0,0,1,33.0,,voiture,,5,2,3,1,6
202400026847,2024-06-26 10:09:00,2024,6,26,10,9,21,21650,D35,47.254825,4.852095,Plein jour,Hors agglomération,Hors intersection,Normale,Deux véhicules - frontale,3,2,2,0,1,2,1,0,1,80,2,6,0,0,1,5,53.0,62.0,voiture,voiture,1,1,1,1,1
202400026848,2024-11-13 17:00:00,2024,11,13,17,0,75,75110,RUE DU FAUBOURG SAINT MARTIN,48.87524155,2.3594504,Crépuscule ou aube,En agglomération,Intersection en T,Normale,Autre collision,4,1, -1,-1,1,1,1,0,1,30,1,2,1,0,0,1,,,deux_roues,,2,2,3,1,6
202400026848,2024-11-13 17:00:00,2024,11,13,17,0,75,75110,RUE DU FAUBOURG SAINT MARTIN,48.87524155,2.3594504,Crépuscule ou aube,En agglomération,Intersection en T,Normale,Autre collision,4,3,2,2,2,1,1,0,1,30,1,2,1,0,0,1,,,deux_roues,,2,2,3,1,6
202400026849,2024-06-26 07:12:00,2024,6,26,7,12,30,30034,D38-D6113,43.752094,4.495618,Plein jour,En agglomération,Giratoire,Normale,Deux véhicules - côté,4,-1,1,0,1,3,1,0,1,30,2,2,1,0,0,1,59.0,61.0,voiture,deux_roues,1,2,6,1,3
202400026850,2024-11-13 16:29:00,2024,11,13,16,29,75,75109,BOULEVARD DES ITALIENS,48.871397,2.337009,Plein jour,En agglomération,Intersection en T,Normale,Deux véhicules - côté,4,2,5,3,1,1,1,0,1,30,2,2,1,0,0,1,27.0,34.0,deux_roues,utilitaire_camion,1,2,3,1,3
202400026850,2024-11-13 16:29:00,2024,11,13,16,29,75,75109,BOULEVARD DES ITALIENS,48.871397,2.337009,Plein jour,En agglomération,Intersection en T,Normale,Deux véhicules - côté,4,2,2,1,1,1,1,0,1,30,2,2,1,0,0,1,27.0,34.0,deux_roues,utilitaire_camion,1,2,3,1,3
202400026851,2024-06-25 09:15:00,2024,6,25,9,15,76,76070,267 Route de Dieppe,49.709956,1.227036,Plein jour,En agglomération,Hors intersection,Normale,Autre collision,3,2,2,0,1,3,1,9,1,50,1,2,1,0,1,0,20.0,,voiture,,1,2,1,1,6
202400026852,2024-11-13 10:12:00,2024,11,13,10,12,75,75109,RUE TRONCHET,48.873134,2.326771,Plein jour,En agglomération,Intersection en X,Normale,Autre collision,4,2, -1,-1,1,1,1,0,1,30,1,2,1,0,0,1,34.0,,transport_commun,,1,2,2,1,6
202400026852,2024-11-13 10:12:00,2024,11,13,10,12,75,75109,RUE TRONCHET,48.873134,2.326771,Plein jour,En agglomération,Intersection en X,Normale,Autre collision,4,2,3,1,1,1,1,0,1,30,1,2,1,0,0,1,34.0,,transport_commun,,1,2,2,1,6
202400026853,2024-06-25 16:50:00,2024,6,25,16,50,2A,2A008,Bisinao,41.8397028,8.88086924,Plein jour,Hors agglomération,Hors intersection,Pluie forte,Deux véhicules - côté,3,2,2,0,2,3,2,0,1,80,2,2,1,0,1,0,71.0,48.0,deux_roues,autre,1,1,1,3,3
202400026854,2024-11-13 18:10:00,2024,11,13,18,10,75,75103,BOULEVARD BEAUMARCHAIS,48.860091,2.367414,Nuit avec éclairage allumé,En agglomération,Intersection en Y,Normale,Autre collision,4,2,6,3,1,1,1,0,1,30,1,2,1,0,0,1,43.0,,deux_roues,,5,2,4,1,6
202400026854,2024-11-13 18:10:00,2024,11,13,18,10,75,75103,BOULEVARD BEAUMARCHAIS,48.860091,2.367414,Nuit avec éclairage allumé,En agglomération,Intersection en Y,Normale,Autre collision,4,2,2,2,1,1,1,0,1,30,1,2,1,0,0,1,43.0,,deux_roues,,5,2,4,1,6
202400026855,2024-06-26 07:30:00,2024,6,26,7,30,2A,2A130,4285 boulevard marie-jeanne bozzi,41.88353741,8.79213721,Plein jour,En agglomération,Hors intersection,Normale,Autre collision,3,2,2,0,1,1,1,0,1,30,1,2,1,0,1,0,50.0,,voiture,,1,2,1,1,6