accident_id,datetime,annee,mois,jour,heure,minute,departement,commune_insee,adresse,latitude,longitude,luminosite,agglomeration,intersection,meteo,collision,catr,circ,nbv,vosp,prof,plan,surf,infra,situ,vma,nb_vehicules,nb_usagers,nb_indemnes,nb_tues,nb_blesses_hosp,nb_blesses_legers,age_cond_1,age_cond_2,veh_type_cond_1,veh_type_cond_2,lum_code,agg_code,int_code,atm_code,col_code
202400026856,2024-11-12 21:30:00,2024,11,12,21,30,75,75102,RUE GRENETA,48.86514,2.350365,Nuit avec éclairage allumé,En agglomération,Intersection en X,Normale,Sans collision,4,1, -1,-1,1,1,1,0,1,-1,1,1,0,0,0,1,24.0,,deux_roues,,5,2,2,1,7
202400026856,2024-11-12 21:30:00,2024,11,12,21,30,75,75102,RUE GRENETA,48.86514,2.350365,Nuit avec éclairage allumé,En agglomération,Intersection en X,Normale,Sans collision,4,1,1,3,1,1,1,0,1,30,1,1,0,0,0,1,24.0,,deux_roues,,5,2,2,1,7
202400026857,2024-06-26 13:15:00,2024,6,26,13,15,82,82089,D813,44.12384889,0.83016305,Plein jour,Hors agglomération,Intersection en X,Normale,Deux véhicules - côté,3,2,2,0,1,1,1,0,1,70,2,2,1,0,1,0,52.0,14.0,transport_commun,deux_roues,1,1,2,1,3
202400026857,2024-06-26 13:15:00,2024,6,26,13,15,82,82089,D813,44.12384889,0.83016305,Plein jour,Hors agglomération,Intersection en X,Normale,Deux véhicules - côté,3,2,2,0,1,1,1,0,3,50,2,2,1,0,1,0,52.0,14.0,transport_commun,deux_roues,1,1,2,1,3
202400026858,2024-11-12 20:08:00,2024,11,12,20,8,94,94044,Rue des Perdrix,48.7421,2.48259,Nuit avec éclairage allumé,En agglomération,Hors intersection,Normale,Autre collision,4,1,1,0,1,1,1,0,1,50,1,3,2,0,0,1,19.0,,voiture,,5,2,1,1,6
202400026859,2024-06-25 19:40:00,2024,6,25,19,40,81,81069,RD600,44.059096,1.970576,Plein jour,Hors agglomération,Hors intersection,Normale,Sans collision,3,2,2,0,2,3,1,0,8,70,1,1,0,0,1,0,34.0,,voiture,,1,1,1,1,7
202400026860,2024-11-12 19:10:00,2024,11,12,19,10,94,94068,Avenue Henri Martin,48.79595348,2.48824641,Nuit avec éclairage allumé,En agglomération,Hors intersection,Normale,Autre collision,4,1,1,0,1,1,1,0,1,30,1,2,1,0,0,1,47.0,,voiture,,5,2,1,1,6
202400026861,2024-06-26 09:45:00,2024,6,26,9,45,63,63096,rue Martagere / rue de la Côte,45.749468,3.302432,Plein jour,En agglomération,Intersection en X,Normale,Autre collision,4,2,2,-1,1,1,1,0,1,50,2,3,2,0,1,0,44.0,57.0,utilitaire_camion,voiture,1,2,2,1,6
202400026861,2024-06-26 09:45:00,2024,6,26,9,45,63,63096,rue Martagere / rue de la Côte,45.749468,3.302432,Plein jour,En agglomération,Intersection en X,Normale,Autre collision,4,2,2,0,2,1,1,0,1,50,2,3,2,0,1,0,44.0,57.0,utilitaire_camion,voiture,1,2,2,1,6
202400026862,2024-11-11 00:50:00,2024,11,11,0,50,94,94028,Rue Gustave Eiffel,48.79647159,2.45022476,Nuit avec éclairage allumé,En agglomération,Hors intersection,Normale,Deux véhicules - côté,4,1,2,0,1,1,1,0,1,50,2,3,2,0,0,1,39.0,31.0,autre,deux_roues,5,2,1,1,3
202400026863,2024-06-25 17:00:00,2024,6,25,17,0,55,55215,D182,48.515211,5.480268,Plein jour,Hors agglomération,Hors intersection,Autre,Sans collision,3,2,2,0,1,3,1,0,1,90,1,1,0,0,0,1,15.0,,deux_roues,,1,1,1,9,7
202400026864,2024-11-12 18:15:00,2024,11,12,18,15,94,94059,avenue maurice berteaux,48.81612392,2.56202726,Nuit avec éclairage allumé,En agglomération,Giratoire,Normale,Deux véhicules - côté,3,2,1,0,1,1,1,9,1,50,2,2,1,0,0,1,31.0,74.0,deux_roues,voiture,5,2,6,1,3
202400026864,2024-11-12 18:15:00,2024,11,12,18,15,94,94059,avenue maurice berteaux,48.81612392,2.56202726,Nuit avec éclairage allumé,En agglomération,Giratoire,Normale,Deux véhicules - côté,3,-1,1,0,1,1,1,9,1,30,2,2,1,0,0,1,31.0,74.0,deux_roues,voiture,5,2,6,1,3
202400026865,2024-06-25 18:20:00,2024,6,25,18,20,47,47138,RD656,44.280777,0.782229,Plein jour,Hors agglomération,Intersection en T,Normale,Deux véhicules - côté,3,2,2,0,1,1,1,0,1,80,2,2,1,0,1,0,15.0,70.0,deux_roues,voiture,1,1,3,1,3
202400026865,2024-06-25 18:20:00,2024,6,25,18,20,47,47138,RD656,44.280777,0.782229,Plein jour,Hors agglomération,Intersection en T,Normale,Deux véhicules - côté,3,2,2,0,1,1,1,0,1,80,2,2,1,0,1,0,15.0,70.0,deux_roues,voiture,1,1,3,1,3
202400026866,2024-11-13 09:40:00,2024,11,13,9,40,93,93050,MARECHAL FOCH (AVENUE) COTE PAIR,48.8547,2.52286,Plein jour,En agglomération,Hors intersection,Normale,Deux véhicules - côté,3,2,4,0,1,1,1,0,1,50,2,2,1,0,0,1,26.0,19.0,utilitaire_camion,voiture,1,2,1,1,3
202400026867,2024-06-26 12:35:00,2024,6,26,12,35,68,68307,D466,47.805938,6.858269,Plein jour,Hors agglomération,Intersection en Y,Pluie forte,Sans collision,3,2,2,0,2,1,2,0,3,80,1,1,0,0,1,0,61.0,,deux_roues,,1,1,4,3,7
202400026867,2024-06-26 12:35:00,2024,6,26,12,35,68,68307,D466,47.805938,6.858269,Plein jour,Hors agglomération,Intersection en Y,Pluie forte,Sans collision,3,2, -1,-1,2,1,2,0,3,-1,1,1,0,0,1,0,61.0,,deux_roues,,1,1,4,3,7
202400026868,2024-11-13 13:30:00,2024,11,13,13,30,93,93064,QUATRIEME ZOUAVES (RUE DU),48.87133,2.4719,Plein jour,En agglomération,Hors intersection,Normale,Autre collision,3,2,2,0,1,1,1,0,1,50,1,2,1,0,0,1,41.0,,deux_roues,,1,2,1,1,6
202400026869,2024-06-26 09:45:00,2024,6,26,9,45,22,22251,Rue de la Croix Rouge,48.575941,-2.815989,Plein jour,En agglomération,Intersection en T,Normale,Deux véhicules - arrière,4,2,2,0,1,1,1,5,1,30,2,2,1,0,0,1,80.0,67.0,deux_roues,deux_roues,1,2,3,1,2
202400026869,2024-06-26 09:45:00,2024,6,26,9,45,22,22251,Rue de la Croix Rouge,48.575941,-2.815989,Plein jour,En agglomération,Intersection en T,Normale,Deux véhicules - arrière,4,2,2,0,1,1,1,5,1,30,2,2,1,0,0,1,80.0,67.0,deux_roues,deux_roues,1,2,3,1,2
202400026870,2024-11-12 20:45:00,2024,11,12,20,45,93,93073,SAVOIE RUE DE,48.93835339,2.59231281,Nuit avec éclairage allumé,En agglomération,Hors intersection,Normale,Deux véhicules - côté,4,-1,1,0,1,1,1,0,1,50,2,6,5,0,0,1,22.0,30.0,voiture,voiture,5,2,1,1,3
202400026871,2024-06-25 19:15:00,2024,6,25,19,15,22,22222,D21,48.686509,-2.984612,Crépuscule ou aube,Hors agglomération,Hors intersection,Normale,Deux véhicules - frontale,3,2,2,0,2,2,1,0,1,80,2,2,1,0,1,0,56.0,20.0,voiture,voiture,2,1,1,1,1
202400026872,2024-06-22 18:00:00,2024,6,22,18,0,39,39556,,46.595594,5.727975,Plein jour,Hors agglomération,Hors intersection,Normale,Autre collision,3,2,2,0,2,3,2,2,1,80,1,2,1,0,1,0,61.0,,utilitaire_camion,,1,1,1,1,6
202400026873,2024-11-12 19:15:00,2024,11,12,19,15,93,93079,DIVISION LECLERC (AV),48.95159005,2.34292245,Nuit avec éclairage allumé,En agglomération,Intersection en X,Normale,Deux véhicules - arrière,3,2,2,0,1,1,1,0,1,50,2,2,0,0,0,2,23.0,34.0,deux_roues,deux_roues,5,2,2,1,2
202400026873,2024-11-12 19:15:00,2024,11,12,19,15,93,93079,DIVISION LECLERC (AV),48.95159005,2.34292245,Nuit avec éclairage allumé,En agglomération,Intersection en X,Normale,Deux véhicules - arrière,3,-1,2,0,1,1,1,0,1,50,2,2,0,0,0,2,23.0,34.0,deux_roues,deux_roues,5,2,2,1,2
202400026874,2024-06-25 15:55:00,2024,6,25,15,55,25,25367,21 Rue du 17 Novembre,47.445422,6.823294,Plein jour,En agglomération,Hors intersection,Normale,Autre collision,3,-1,2,2,1,1,1,0,4,50,1,2,1,0,0,1,32.0,,voiture,,1,2,1,1,6
202400026875,2024-11-13 08:30:00,2024,11,13,8,30,93,93008,BARBUSSE (AVENUE HENRI) A30,48.90840525,2.42736027,Plein jour,En agglomération,Intersection en T,Normale,Deux véhicules - côté,3,1,0,0,1,1,1,0,1,50,2,2,1,0,1,0,38.0,,deux_roues,voiture,1,2,3,1,3
202400026875,2024-11-13 08:30:00,2024,11,13,8,30,93,93008,BARBUSSE (AVENUE HENRI) A30,48.90840525,2.42736027,Plein jour,En agglomération,Intersection en T,Normale,Deux véhicules - côté,3,-1,1,0,1,1,1,0,1,50,2,2,1,0,1,0,38.0,,deux_roues,voiture,1,2,3,1,3
202400026876,2024-11-13 17:12:00,2024,11,13,17,12,93,93001,BORDIER (RUE)  => 10/11,48.90354533,2.38639037,Crépuscule ou aube,En agglomération,Intersection en X,Normale,Autre collision,4,1,1,0,1,1,1,0,1,30,1,2,1,0,0,1,,,voiture,,2,2,2,1,6
202400026876,2024-11-13 17:12:00,2024,11,13,17,12,93,93001,BORDIER (RUE)  => 10/11,48.90354533,2.38639037,Crépuscule ou aube,En agglomération,Intersection en X,Normale,Autre collision,4,1,2,1,1,1,1,0,1,30,1,2,1,0,0,1,,,voiture,,2,2,2,1,6
202400026877,2024-06-25 20:10:00,2024,6,25,20,10,29,29178,Rue Docteur Amédée le Meur,48.54351544,-4.65904936,Plein jour,En agglomération,Intersection en T,Normale,Deux véhicules - frontale,4,2,2,0,1,1,1,0,1,30,2,2,1,0,0,1,15.0,19.0,deux_roues,voiture,1,2,3,1,1
202400026877,2024-06-25 20:10:00,2024,6,25,20,10,29,29178,Rue Docteur Amédée le Meur,48.54351544,-4.65904936,Plein jour,En agglomération,Intersection en T,Normale,Deux véhicules - frontale,4,2,2,0,1,4,1,0,1,30,2,2,1,0,0,1,15.0,19.0,deux_roues,voiture,1,2,3,1,1
202400026878,2024-11-13 09:07:00,2024,11,13,9,7,92,92076,RAYMOND POINCARE,48.84228386,2.1674066,Plein jour,En agglomération,Hors intersection,Normale,Deux véhicules - frontale,4,-1,1,0,2,1,1,0,4,50,2,2,1,0,0,1,43.0,19.0,deux_roues,voiture,1,2,1,1,1
202400026879,2024-06-25 20:08:00,2024,6,25,20,8,02,02361,Place d'Armes,49.899973,3.627591,Plein jour,En agglomération,Hors intersection,Normale,Autre collision,3,2,2,0,1,1,1,0,1,50,1,1,0,0,1,0,22.0,,deux_roues,,1,2,1,1,6
202400026880,2024-11-13 12:35:00,2024,11,13,12,35,92,92050,SADI CARNOT RUE,48.88896193,2.20414303,Plein jour,En agglomération,Hors intersection,Normale,Autre collision,4,2,0,1,1,1,1,0,1,50,1,1,0,0,0,1,11.0,,deux_roues,,1,2,1,1,6
202400026881,2024-06-23 18:00:00,2024,6,23,18,0,03,03074,D779,46.610845,3.560053,Plein jour,Hors agglomération,Intersection en X,Normale,Deux véhicules - côté,3,2,2,-1,1,1,1,0,1,90,2,4,2,0,0,2,27.0,35.0,voiture,voiture,1,1,2,1,3
202400026881,2024-06-23 18:00:00,2024,6,23,18,0,03,03074,D779,46.610845,3.560053,Plein jour,Hors agglomération,Intersection en X,Normale,Deux véhicules - côté,3,2,2,0,1,1,1,0,1,70,2,4,2,0,0,2,27.0,35.0,voiture,voiture,1,1,2,1,3
202400026882,2024-11-12 23:30:00,2024,11,12,23,30,92,92050,JOLIOT CURIE F. ET IRENE AVENUE  N°PAIRS,48.89368649,2.21201688,Nuit avec éclairage allumé,En agglomération,Intersection en X,Normale,Deux véhicules - côté,3,3,0,0,1,1,1,0,1,50,2,3,0,0,0,3,20.0,21.0,voiture,voiture,5,2,2,1,3
202400026882,2024-11-12 23:30:00,2024,11,12,23,30,92,92050,JOLIOT CURIE F. ET IRENE AVENUE  N°PAIRS,48.89368649,2.21201688,Nuit avec éclairage allumé,En agglomération,Intersection en X,Normale,Deux véhicules - côté,3,2,0,0,1,1,1,0,1,50,2,3,0,0,0,3,20.0,21.0,voiture,voiture,5,2,2,1,3
202400026883,2024-06-26 04:50:00,2024,6,26,4,50,15,15190,RD 62,45.232863,2.732999,Crépuscule ou aube,Hors agglomération,Hors intersection,Normale,Autre collision,3,2,2,0,2,1,1,0,3,90,1,1,0,0,1,0,28.0,,voiture,,2,1,1,1,6
202400026884,2024-11-12 07:41:00,2024,11,12,7,41,92,92050,VIEUX PONT RUE DU,48.8886,2.18552,Crépuscule ou aube,En agglomération,Hors intersection,Normale,Deux véhicules - arrière,4,1,1,0,1,1,1,0,1,30,2,2,1,0,0,1,27.0,56.0,voiture,voiture,2,2,1,1,2
202400026885,2024-06-25 20:40:00,2024,6,25,20,40,70,70152,Rue du Tacot,47.389681,5.758901,Plein jour,En agglomération,Hors intersection,Normale,Deux véhicules - frontale,3,2,2,0,1,1,1,0,1,50,2,2,1,0,1,0,35.0,65.0,voiture,utilitaire_camion,1,2,1,1,1
202400026886,2024-06-25 20:40:00,2024,6,25,20,40,72,72180,lieu dit les veaux guillaume,48.36065,0.36851,Plein jour,Hors agglomération,Hors intersection,Normale,Sans collision,3,2,2,0,1,1,1,0,3,80,2,2,0,0,1,1,28.0,63.0,deux_roues,deux_roues,1,1,1,1,7
202400026887,2024-11-11 14:45:00,2024,11,11,14,45,92,92050,PASCAL RUE,48.89654,2.20042,Plein jour,En agglomération,Hors intersection,Normale,Deux véhicules - frontale,4,2,0,0,1,1,1,0,1,50,2,5,4,0,0,1,17.0,31.0,deux_roues,voiture,1,2,1,1,1
202400026888,2024-06-26 17:30:00,2024,6,26,17,30,06,06144,Route de la Tinée,43.957638,7.156906,Plein jour,Hors agglomération,Hors intersection,Pluie légère,Autre collision,7,2,2,0,1,3,2,0,1,80,2,2,1,1,0,0,32.0,51.0,deux_roues,voiture,1,1,1,2,6
202400026889,2024-11-13 15:05:00,2024,11,13,15,5,92,92036,LOUIS CALMEL (RUE) (60/106),48.92482923,2.28957913,Plein jour,En agglomération,Hors intersection,Normale,Deux véhicules - arrière,3,2,4,1,1,1,1,0,1,50,2,3,2,0,0,1,36.0,53.0,voiture,voiture,1,2,1,1,2
202400026890,2024-11-03 19:26:00,2024,11,3,19,26,92,92071,GENERAL LECLERC (AVENUE DU),48.77548,2.31369004,Nuit avec éclairage allumé,En agglomération,Hors intersection,Normale,Deux véhicules - arrière,3,3,4,0,1,1,1,0,1,50,2,3,2,0,0,1,39.0,51.0,voiture,voiture,5,2,1,1,2
202400026891,2024-06-26 10:00:00,2024,6,26,10,0,14,14061,D109,48.921385,-0.854852,Plein jour,Hors agglomération,Intersection en X,Normale,Deux véhicules - côté,3,2,2,0,1,1,1,0,1,80,2,4,1,0,1,2,34.0,65.0,utilitaire_camion,voiture,1,1,2,1,3
202400026891,2024-06-26 10:00:00,2024,6,26,10,0,14,14061,D109,48.921385,-0.854852,Plein jour,Hors agglomération,Intersection en X,Normale,Deux véhicules - côté,3,2,2,0,2,1,1,0,1,80,2,4,1,0,1,2,34.0,65.0,utilitaire_camion,voiture,1,1,2,1,3
202400026892,2024-11-19 04:10:00,2024,11,19,4,10,92,92007,BARBUSSE (AVENUE HENRI) N° 1 A 43 ET 2 A,48.7996,2.31149,Nuit avec éclairage allumé,En agglomération,Autre intersection,Normale,Deux véhicules - côté,3,2,2,2,1,1,1,9,1,50,2,2,1,0,0,1,34.0,,deux_roues,voiture,5,2,9,1,3
202400026893,2024-06-25 08:15:00,2024,6,25,8,15,14,14193,Route de la Cannerie,49.117078,0.349342,Plein jour,Hors agglomération,Hors intersection,Normale,Autre collision,3,-1,1,0,2,4,1,0,3,80,1,1,0,0,1,0,17.0,,deux_roues,,1,1,1,1,6
202400026894,2024-11-13 13:00:00,2024,11,13,13,0,92,92007,VERDUN (RUE DE) N° PAIRS,48.80203214,2.31915012,Plein jour,En agglomération,Hors intersection,Normale,Trois véhicules et plus - en chaîne,4,3,3,0,1,1,1,0,1,50,3,3,1,0,0,2,37.0,39.0,voiture,voiture,1,2,1,1,4
202400026895,2024-06-25 20:20:00,2024,6,25,20,20,05,05010,RD 1075,44.552191,5.773187,Plein jour,Hors agglomération,Hors intersection,Pluie légère,Deux véhicules - côté,3,-1,2,0,1,3,2,0,1,80,2,3,1,1,1,0,39.0,69.0,utilitaire_camion,voiture,1,1,1,2,3
202400026896,2024-11-13 15:45:00,2024,11,13,15,45,37,37072,D8,47.15276327,0.28137946,Plein jour,Hors agglomération,Hors intersection,Normale,Deux véhicules - frontale,3,2,2,0,1,1,1,0,1,80,2,2,0,0,0,2,66.0,57.0,voiture,voiture,1,1,1,1,1
202400026897,2024-06-26 13:25:00,2024,6,26,13,25,50,50217,Le Gué Botterel,48.683113,-1.152792,Plein jour,Hors agglomération,Hors intersection,Temps éblouissant,Deux véhicules - frontale,3,2,2,0,1,2,1,0,1,80,2,2,1,0,0,1,54.0,31.0,utilitaire_camion,utilitaire_camion,1,1,1,7,1
202400026898,2024-11-13 10:45:00,2024,11,13,10,45,971,97114,La Rose,16.147883,-61.583519,Plein jour,Hors agglomération,Intersection à plus de 4 branches,Normale,Trois véhicules et plus - collisions multiples,2,2,2,0,2,1,1,5,1,80,3,5,4,1,0,0,81.0,54.0,voiture,voiture,1,1,5,1,5
202400026898,2024-11-13 10:45:00,2024,11,13,10,45,971,97114,La Rose,16.147883,-61.583519,Plein jour,Hors agglomération,Intersection à plus de 4 branches,Normale,Trois véhicules et plus - collisions multiples,2,2,2,0,1,1,1,5,1,80,3,5,4,1,0,0,81.0,54.0,voiture,voiture,1,1,5,1,5
202400026899,2024-10-28 15:05:00,2024,10,28,15,5,974,97415,Chemin Summer 2,-21.036877,55.25769,Plein jour,Hors agglomération,Hors intersection,Normale,Deux véhicules - frontale,4,2,2,0,1,2,9,0,1,50,2,2,0,0,1,1,15.0,16.0,deux_roues,deux_roues,1,1,1,1,1
202400026900,2024-06-25 18:00:00,2024,6,25,18,0,60,60518,D151,49.574546,2.182846,Plein jour,Hors agglomération,Intersection en X,Normale,Deux véhicules - côté,3,2,2,0,1,1,1,0,1,80,2,4,3,0,1,0,53.0,33.0,voiture,voiture,1,1,2,1,3
202400026900,2024-06-25 18:00:00,2024,6,25,18,0,60,60518,D151,49.574546,2.182846,Plein jour,Hors agglomération,Intersection en X,Normale,Deux véhicules - côté,3,2,2,0,4,1,1,0,1,80,2,4,3,0,1,0,53.0,33.0,voiture,voiture,1,1,2,1,3
202400026901,2024-11-05 08:00:00,2024,11,5,8,0,974,97422,Rue d?Espagne,-21.279095,55.503801,Plein jour,En agglomération,Hors intersection,Normale,Deux véhicules - côté,4,2,2,0,2,2,1,0,1,50,2,2,1,0,1,0,55.0,43.0,utilitaire_camion,deux_roues,1,2,1,1,3
202400026902,2024-06-25 08:27:00,2024,6,25,8,27,64,64160,Roind point D410 / Avenue du Professeur grancher,43.361448,-1.393622,Plein jour,En agglomération,Giratoire,Temps éblouissant,Deux véhicules - côté,3,-1,2,0,2,2,1,0,1,50,2,2,1,0,1,0,73.0,72.0,voiture,deux_roues,1,2,6,7,3
202400026903,2024-06-26 18:30:00,2024,6,26,18,30,16,16001,,46.11156,0.679607,Plein jour,Hors agglomération,Hors intersection,Temps éblouissant,Sans collision,3,2,2,0,1,1,1,0,1,80,1,1,0,0,1,0,20.0,,deux_roues,,1,1,1,7,7
202400026904,2024-10-30 20:30:00,2024,10,30,20,30,35,35206,RN 137 direction NANTES PK 041.000,48.060021,-1.679486,Nuit sans éclairage public,Hors agglomération,Hors intersection,Normale,Deux véhicules - arrière,2,3,2,0,1,1,1,0,1,110,2,8,7,0,0,1,35.0,21.0,voiture,voiture,3,1,1,1,2
202400026905,2024-06-25 10:15:00,2024,6,25,10,15,53,53107,Route de Brecé,48.406386,-0.800822,Plein jour,En agglomération,Hors intersection,Normale,Autre collision,4,2,2,0,2,1,1,0,1,50,1,2,1,0,0,1,90.0,,voiture,,1,2,1,1,6
202400026906,2024-11-13 08:10:00,2024,11,13,8,10,06,06033,1 Rue de l'Eusière,43.773329,7.191904,Crépuscule ou aube,En agglomération,Hors intersection,Normale,Autre collision,4,2,2,0,1,1,1,0,1,50,1,2,1,0,1,0,79.0,,voiture,,2,2,1,1,6
202400026907,2024-06-25 15:45:00,2024,6,25,15,45,53,53103,route les suhards,48.080244,-0.882468,Plein jour,Hors agglomération,Hors intersection,Normale,Deux véhicules - frontale,4,2,2,0,1,2,1,0,1,80,2,2,1,0,1,0,18.0,23.0,deux_roues,utilitaire_camion,1,1,1,1,1
202400026908,2024-11-13 15:05:00,2024,11,13,15,5,26,26002,Route Nationale 7,45.24266835,4.82021519,Plein jour,Hors agglomération,Hors intersection,Normale,Deux véhicules - frontale,2,3,2,0,2,1,1,0,1,90,2,3,0,0,1,2,49.0,45.0,voiture,utilitaire_camion,1,1,1,1,1
202400026909,2024-11-13 09:15:00,2024,11,13,9,15,30,30174,Parking Intermarché,44.025322,4.389237,Plein jour,En agglomération,Hors intersection,Normale,Sans collision,6,-1, -1,0,1,1,1,0,1,-1,1,2,1,0,1,0,25.0,,voiture,,1,2,1,1,7
202400026910,2024-06-25 07:50:00,2024,6,25,7,50,40,40310,Route d?Azur,43.76917,-1.303674,Crépuscule ou aube,Hors agglomération,Intersection en X,Temps éblouissant,Deux véhicules - frontale,3,2,2,0,2,1,1,0,1,80,2,2,1,0,1,0,63.0,58.0,voiture,deux_roues,2,1,2,7,1
202400026910,2024-06-25 07:50:00,2024,6,25,7,50,40,40310,Route d?Azur,43.76917,-1.303674,Crépuscule ou aube,Hors agglomération,Intersection en X,Temps éblouissant,Deux véhicules - frontale,3,2, -1,-1,1,1,1,0,1,80,2,2,1,0,1,0,63.0,58.0,voiture,deux_roues,2,1,2,7,1
202400026911,2024-06-26 05:15:00,2024,6,26,5,15,30,30259,544 Route d?Uzes,44.107217,4.12003,Crépuscule ou aube,En agglomération,Hors intersection,Normale,Sans collision,3,2,2,0,1,1,1,0,4,50,1,1,0,0,0,1,18.0,,voiture,,2,2,1,1,7
202400026912,2024-11-12 08:30:00,2024,11,12,8,30,44,44071,Rue de la basse lande,47.193861,-1.443806,Plein jour,En agglomération,Hors intersection,Normale,Deux véhicules - arrière,4,2,2,1,1,1,1,6,5,50,2,2,1,0,0,1,42.0,51.0,deux_roues,voiture,1,2,1,1,2
202400026913,2024-06-25 10:15:00,2024,6,25,10,15,17,17415,Autoroute A10 - PK441.060,45.738567,-0.666862,Plein jour,Hors agglomération,Hors intersection,Normale,Sans collision,1,3,4,0,1,1,1,0,3,130,1,2,1,0,1,0,78.0,,voiture,,1,1,1,1,7
202400026914,2024-11-09 11:10:00,2024,11,9,11,10,57,57106,D63,49.30346692,6.51358837,Plein jour,Hors agglomération,Hors intersection,Normale,Sans collision,3,2,2,0,1,1,1,0,3,80,1,1,0,1,0,0,37.0,,voiture,,1,1,1,1,7
202400026915,2024-11-14 15:45:00,2024,11,14,15,45,79,79066,,46.485278,-0.403206,Plein jour,En agglomération,Hors intersection,Normale,Deux véhicules - côté,3,2,2,0,2,1,1,0,1,50,2,2,1,0,1,0,91.0,58.0,voiture,deux_roues,1,2,1,1,3
202400026916,2024-06-25 13:37:00,2024,6,25,13,37,971,97128,Boulevard de la Criee,16.218927,-61.406917,Plein jour,Hors agglomération,Hors intersection,Normale,Deux véhicules - côté,2,2,2,0,1,1,1,0,1,80,2,3,2,0,1,0,38.0,39.0,voiture,deux_roues,1,1,1,1,3
202400026917,2024-11-13 15:45:00,2024,11,13,15,45,80,80688,D940,50.274692,1.659359,Plein jour,Hors agglomération,Hors intersection,Normale,Autre collision,3,2,2,0,1,1,1,0,3,70,1,1,0,0,1,0,18.0,,voiture,,1,1,1,1,6
202400026918,2024-06-24 11:30:00,2024,6,24,11,30,971,97128,Fonds Thezan,16.217245,-61.414776,Plein jour,Hors agglomération,Hors intersection,Normale,Deux véhicules - côté,2,2,2,0,1,1,1,0,1,80,2,3,1,0,2,0,57.0,35.0,voiture,deux_roues,1,1,1,1,3
202400026919,2024-11-13 15:35:00,2024,11,13,15,35,82,82125,Route de Toulouse,43.94934833,1.21662247,Plein jour,Hors agglomération,Hors intersection,Normale,Deux véhicules - arrière,3,2,2,0,1,1,1,0,3,80,2,2,1,1,0,0,45.0,72.0,utilitaire_camion,deux_roues,1,1,1,1,2
202400026920,2024-06-26 12:15:00,2024,6,26,12,15,77,77382,D85,48.898613,2.895799,Plein jour,Hors agglomération,Hors intersection,Normale,Autre collision,3,2,2,0,2,2,1,0,1,80,1,1,0,1,0,0,41.0,,utilitaire_camion,,1,1,1,1,6
202400026921,2024-11-13 14:35:00,2024,11,13,14,35,65,65218,D929,42.988663,0.374876,Plein jour,Hors agglomération,Hors intersection,Normale,Autre collision,3,2,2,0,1,1,1,0,3,80,1,1,0,0,1,0,46.0,,utilitaire_camion,,1,1,1,1,6
202400026922,2024-06-24 17:45:00,2024,6,24,17,45,66,66164,Avenue Jacques de Vaucanson,42.799565,2.882248,Plein jour,En agglomération,Autre intersection,Normale,Deux véhicules - côté,4,-1, -1,-1,1,1,1,0,8,10,2,2,1,0,1,0,43.0,41.0,deux_roues,voiture,1,2,9,1,3
202400026922,2024-06-24 17:45:00,2024,6,24,17,45,66,66164,Avenue Jacques de Vaucanson,42.799565,2.882248,Plein jour,En agglomération,Autre intersection,Normale,Deux véhicules - côté,4,2,2,0,1,1,1,0,1,50,2,2,1,0,1,0,43.0,41.0,deux_roues,voiture,1,2,9,1,3
202400026923,2024-06-19 01:00:00,2024,6,19,1,0,66,66227,chemin las serres,42.63696331,2.89481699,Nuit sans éclairage public,En agglomération,Hors intersection,Normale,Autre collision,4,2,2,0,1,3,1,0,1,80,1,3,2,0,1,0,20.0,,voiture,,3,2,1,1,6
202400026924,2024-11-10 16:15:00,2024,11,10,16,15,61,61043,D955,48.345311,0.746018,Plein jour,En agglomération,Intersection en X,Normale,Deux véhicules - côté,3,2,2,0,1,1,1,8,1,50,2,5,3,0,0,2,53.0,35.0,voiture,utilitaire_camion,1,2,2,1,3
202400026924,2024-11-10 16:15:00,2024,11,10,16,15,61,61043,D955,48.345311,0.746018,Plein jour,En agglomération,Intersection en X,Normale,Deux véhicules - côté,3,2,2,0,1,1,1,8,1,50,2,5,3,0,0,2,53.0,35.0,voiture,utilitaire_camion,1,2,2,1,3
202400026925,2024-06-26 12:15:00,2024,6,26,12,15,48,48004,les Rochettes Basses,44.476283,3.841428,Plein jour,Hors agglomération,Hors intersection,Normale,Sans collision,3,2,2,0,4,2,9,0,1,90,1,2,0,0,1,1,48.0,,deux_roues,,1,1,1,1,7
202400026926,2024-11-13 14:20:00,2024,11,13,14,20,39,39399,,46.99466,5.677667,Plein jour,Hors agglomération,Hors intersection,Normale,Deux véhicules - frontale,3,2,2,0,1,1,1,0,1,90,2,2,0,0,0,2,81.0,61.0,voiture,voiture,1,1,1,1,1
202400026927,2024-06-15 19:40:00,2024,6,15,19,40,34,34127,Route de Mudaison,43.65182,4.06109,Plein jour,Hors agglomération,Intersection en T,Normale,Deux véhicules - côté,3,2,2,0,1,1,1,0,1,80,2,3,2,0,1,0,29.0,36.0,voiture,deux_roues,1,1,3,1,3
202400026927,2024-06-15 19:40:00,2024,6,15,19,40,34,34127,Route de Mudaison,43.65182,4.06109,Plein jour,Hors agglomération,Intersection en T,Normale,Deux véhicules - côté,3,2, -1,-1,1,1,1,0,1,-1,2,3,2,0,1,0,29.0,36.0,voiture,deux_roues,1,1,3,1,3