accident_id,datetime,annee,mois,jour,heure,minute,departement,commune_insee,adresse,latitude,longitude,luminosite,agglomeration,intersection,meteo,collision,catr,circ,nbv,vosp,prof,plan,surf,infra,situ,vma,nb_vehicules,nb_usagers,nb_indemnes,nb_tues,nb_blesses_hosp,nb_blesses_legers,age_cond_1,age_cond_2,veh_type_cond_1,veh_type_cond_2,lum_code,agg_code,int_code,atm_code,col_code
202400026928,2024-11-14 16:20:00,2024,11,14,16,20,25,25245,Fontain,47.194743,6.021135,Plein jour,Hors agglomération,Hors intersection,Temps éblouissant,Autre collision,3,2,2,0,1,1,1,0,1,70,1,2,1,1,0,0,62.0,,voiture,,1,1,1,7,6
202400026929,2024-06-25 17:00:00,2024,6,25,17,0,84,84034,Départementale 900,43.887161,4.942523,Plein jour,Hors agglomération,Hors intersection,Normale,Trois véhicules et plus - collisions multiples,3,-1,2,0,1,3,1,0,1,80,3,3,1,0,1,1,81.0,68.0,voiture,utilitaire_camion,1,1,1,1,5
202400026930,2024-06-24 18:30:00,2024,6,24,18,30,83,83133,déparmentale 37,43.58151,6.812162,Plein jour,Hors agglomération,Hors intersection,Pluie légère,Sans collision,3,2,2,0,1,2,2,0,1,70,1,2,0,0,2,0,47.0,,deux_roues,,1,1,1,2,7
202400026931,2024-11-14 11:00:00,2024,11,14,11,0,29,29201,D28,48.40723191,-4.72653506,Plein jour,Hors agglomération,Hors intersection,Normale,Deux véhicules - frontale,3,2,2,0,2,1,1,0,1,80,2,3,0,0,1,2,32.0,26.0,voiture,voiture,1,1,1,1,1
202400026932,2024-06-22 11:25:00,2024,6,22,11,25,04,04156,D12,44.000255,6.045635,Plein jour,Hors agglomération,Hors intersection,Normale,Autre collision,3,2,2,0,2,2,1,0,3,70,1,1,0,0,1,0,54.0,,deux_roues,,1,1,1,1,6
202400026933,2024-11-14 10:20:00,2024,11,14,10,20,15,15258,RD 54,44.977952,2.624438,Plein jour,En agglomération,Hors intersection,Normale,Autre collision,3,2,2,0,1,3,1,0,1,50,1,2,1,0,0,1,40.0,,voiture,,1,2,1,1,6
202400026934,2024-06-26 16:50:00,2024,6,26,16,50,13,13097,D24,43.612531,4.790243,Plein jour,Hors agglomération,Autre intersection,Normale,Deux véhicules - arrière,3,2,2,0,1,1,1,5,1,80,2,4,0,0,1,3,17.0,34.0,voiture,voiture,1,1,9,1,2
202400026935,2024-10-14 10:00:00,2024,10,14,10,0,26,26112,route des Alpes,44.38821,5.232968,Plein jour,Hors agglomération,Intersection en T,Normale,Deux véhicules - côté,3,-1,2,0,1,1,1,0,1,50,2,3,1,0,0,2,54.0,77.0,voiture,voiture,1,1,3,1,3
202400026935,2024-10-14 10:00:00,2024,10,14,10,0,26,26112,route des Alpes,44.38821,5.232968,Plein jour,Hors agglomération,Intersection en T,Normale,Deux véhicules - côté,3,2,2,0,1,2,1,5,1,70,2,3,1,0,0,2,54.0,77.0,voiture,voiture,1,1,3,1,3
202400026936,2024-06-26 16:20:00,2024,6,26,16,20,69,69204,16 Rue des Sources,45.69437643,4.81950043,Plein jour,En agglomération,Hors intersection,Normale,Autre collision,4,2,2,0,1,1,1,0,1,30,1,2,1,0,1,0,36.0,,utilitaire_camion,,1,2,1,1,6
202400026937,2024-11-14 07:00:00,2024,11,14,7,0,58,58095,Route de Moulins,46.818201,3.450673,Crépuscule ou aube,En agglomération,Hors intersection,Normale,Deux véhicules - côté,3,4,2,0,2,1,1,5,1,50,2,2,1,0,1,0,60.0,52.0,voiture,utilitaire_camion,2,2,1,1,3
202400026938,2024-06-25 20:45:00,2024,6,25,20,45,69,69116,814 Route du Mont Verdun,45.840177,4.779075,Plein jour,Hors agglomération,Hors intersection,Normale,Deux véhicules - frontale,7,2,2,0,2,4,1,0,1,70,2,2,1,0,1,0,26.0,31.0,deux_roues,deux_roues,1,1,1,1,1
202400026939,2024-11-11 10:45:00,2024,11,11,10,45,72,72132,lieu dit la croix verrier,48.20175817,0.63721978,Plein jour,Hors agglomération,Hors intersection,Autre,Autre collision,3,2,2,0,2,3,2,0,1,90,2,2,1,0,1,0,19.0,77.0,voiture,voiture,1,1,1,9,6
202400026940,2024-06-24 07:55:00,2024,6,24,7,55,49,49023,La Croix qui Chante (Calvaire),47.160723,-0.840583,Crépuscule ou aube,Hors agglomération,Intersection en X,Normale,Deux véhicules - frontale,3,2,2,0,1,3,1,0,1,70,2,3,2,0,1,0,23.0,48.0,voiture,voiture,2,1,2,1,1
202400026940,2024-06-24 07:55:00,2024,6,24,7,55,49,49023,La Croix qui Chante (Calvaire),47.160723,-0.840583,Crépuscule ou aube,Hors agglomération,Intersection en X,Normale,Deux véhicules - frontale,3,2,2,0,1,1,1,0,1,80,2,3,2,0,1,0,23.0,48.0,voiture,voiture,2,1,2,1,1
202400026941,2024-11-13 22:05:00,2024,11,13,22,5,10,10345,D396,48.41234,4.521182,Nuit sans éclairage public,Hors agglomération,Intersection en X,Normale,Deux véhicules - côté,3,2,2,0,1,1,1,0,1,80,2,2,1,0,1,0,63.0,21.0,voiture,voiture,3,1,2,1,3
202400026941,2024-11-13 22:05:00,2024,11,13,22,5,10,10345,D396,48.41234,4.521182,Nuit sans éclairage public,Hors agglomération,Intersection en X,Normale,Deux véhicules - côté,3,2,2,0,1,1,1,0,1,80,2,2,1,0,1,0,63.0,21.0,voiture,voiture,3,1,2,1,3
202400026942,2024-06-25 16:25:00,2024,6,25,16,25,27,27191,65 Rue de Louviers (La Croix-Saint-Leufroy),49.112843,1.235694,Plein jour,En agglomération,Hors intersection,Normale,Deux véhicules - arrière,3,2,2,0,1,1,1,0,1,-1,2,3,2,0,0,1,38.0,56.0,voiture,voiture,1,2,1,1,2
202400026943,2024-11-10 17:00:00,2024,11,10,17,0,16,16241,D115,45.85148274,0.21858662,Plein jour,Hors agglomération,Hors intersection,Normale,Autre collision,3,2,2,0,1,2,1,0,3,80,1,2,0,2,0,0,36.0,,voiture,,1,1,1,1,6
202400026944,2024-06-22 07:40:00,2024,6,22,7,40,27,27439,N154,49.061902,1.175001,Plein jour,Hors agglomération,Hors intersection,Pluie légère,Deux véhicules - arrière,2,3,2,0,2,1,2,0,1,110,2,2,1,0,1,0,26.0,87.0,voiture,utilitaire_camion,1,1,1,2,2
202400026945,2024-11-08 18:30:00,2024,11,8,18,30,27,27679,D55,48.791288,0.836871,Nuit sans éclairage public,Hors agglomération,Hors intersection,Normale,Deux véhicules - frontale,3,2,2,0,1,1,1,0,1,80,2,3,2,0,1,0,44.0,66.0,voiture,voiture,3,1,1,1,1
202400026946,2024-06-26 08:15:00,2024,6,26,8,15,59,59053,Rue Eugène Mascart,50.299011,3.802276,Plein jour,En agglomération,Hors intersection,Normale,Deux véhicules - côté,3,2,2,0,3,2,1,0,1,50,1,2,1,0,1,0,31.0,,voiture,,1,2,1,1,3
202400026947,2024-11-11 10:34:00,2024,11,11,10,34,27,27017,D6154,48.981717,1.157835,Plein jour,Hors agglomération,Hors intersection,Normale,Deux véhicules - arrière,3,3,2,0,1,1,1,0,1,80,2,2,1,0,1,0,72.0,77.0,deux_roues,voiture,1,1,1,1,2
202400026948,2024-06-25 14:45:00,2024,6,25,14,45,59,59075,RD 45,50.140991,3.419967,Plein jour,Hors agglomération,Hors intersection,Normale,Deux véhicules - frontale,3,2,2,0,1,1,1,0,1,-1,2,5,0,1,4,0,44.0,26.0,voiture,voiture,1,1,1,1,1
202400026949,2024-11-14 06:30:00,2024,11,14,6,30,52,52221,D15,48.16123829,4.95637465,Crépuscule ou aube,Hors agglomération,Hors intersection,Normale,Autre collision,3,2,2,0,2,2,2,0,3,80,1,1,0,1,0,0,23.0,,voiture,,2,1,1,1,6
202400026950,2024-06-24 17:40:00,2024,6,24,17,40,13,13202,TVPCD-Sens Les Ports vers Saint Victor,43.31,5.367,Plein jour,Hors agglomération,Hors intersection,Normale,Deux véhicules - côté,1,1,2,0,2,1,1,1,1,50,2,2,1,0,1,0,41.0,35.0,voiture,deux_roues,1,1,1,1,3
202400026951,2024-06-24 19:15:00,2024,6,24,19,15,13,13071,A51-Sens Aix en Provence vers Marseille,43.418245,5.365972,Plein jour,Hors agglomération,Hors intersection,Pluie légère,Deux véhicules - côté,1,1,3,0,1,1,2,0,1,90,2,2,0,0,0,2,28.0,25.0,deux_roues,voiture,1,1,1,2,3
202400026952,2024-11-13 02:15:00,2024,11,13,2,15,79,79256,,46.450937,-0.021847,Nuit sans éclairage public,Hors agglomération,Hors intersection,Normale,Sans collision,1,3,4,0,1,1,1,0,2,130,1,4,0,0,2,2,65.0,,utilitaire_camion,,3,1,1,1,7
202400026953,2024-11-14 06:22:00,2024,11,14,6,22,45,45331,Route de Tigy,47.741827,2.206578,Nuit sans éclairage public,Hors agglomération,Hors intersection,Normale,Deux véhicules - frontale,3,2,2,0,1,1,1,0,1,80,2,2,1,0,1,0,18.0,51.0,deux_roues,voiture,3,1,1,1,1
202400026954,2024-06-20 15:15:00,2024,6,20,15,15,13,13071,A7-Sens Lyon vers Marseille,43.4,5.34,Plein jour,Hors agglomération,Hors intersection,Normale,Deux véhicules - côté,1,1,3,0,3,1,1,0,1,90,4,5,3,0,0,2,29.0,52.0,voiture,utilitaire_camion,1,1,1,1,3
202400026955,2024-11-13 17:30:00,2024,11,13,17,30,78,78451,D191,48.938182,1.841315,Nuit sans éclairage public,En agglomération,Intersection en Y,Normale,Deux véhicules - côté,3,2, -1,-1,1,1,1,0,1,-1,2,3,2,0,1,0,49.0,27.0,utilitaire_camion,deux_roues,3,2,4,1,3
202400026955,2024-11-13 17:30:00,2024,11,13,17,30,78,78451,D191,48.938182,1.841315,Nuit sans éclairage public,En agglomération,Intersection en Y,Normale,Deux véhicules - côté,3,2,2,0,1,1,1,9,8,50,2,3,2,0,1,0,49.0,27.0,utilitaire_camion,deux_roues,3,2,4,1,3
202400026956,2024-06-25 13:00:00,2024,6,25,13,0,83,83069,RN98,43.11337644,6.12316784,Plein jour,Hors agglomération,Hors intersection,Normale,Sans collision,2,-1,4,0,1,1,1,0,1,70,2,2,1,0,0,1,53.0,33.0,deux_roues,voiture,1,1,1,1,7
202400026957,2024-11-13 18:05:00,2024,11,13,18,5,30,30156,D6086,43.857264,4.421874,Nuit sans éclairage public,Hors agglomération,Hors intersection,Normale,Sans collision,3,3,0,0,2,2,1,0,1,90,1,2,1,1,0,0,50.0,,voiture,,3,1,1,1,7
202400026958,2024-06-25 08:40:00,2024,6,25,8,40,83,83062,A57,43.145935,6.03109825,Plein jour,Hors agglomération,Hors intersection,Normale,Deux véhicules - côté,1,1,3,0,2,1,1,3,1,70,2,2,1,0,0,1,55.0,63.0,voiture,voiture,1,1,1,1,3
202400026959,2024-11-13 04:15:00,2024,11,13,4,15,34,34154,D 172 E1,43.592988,3.949049,Nuit sans éclairage public,Hors agglomération,Hors intersection,Normale,Deux véhicules - frontale,3,2,2,0,1,4,1,0,1,80,2,2,0,0,1,1,27.0,23.0,utilitaire_camion,utilitaire_camion,3,1,1,1,1
202400026960,2024-06-24 08:00:00,2024,6,24,8,0,67,67218,Nationale 353,48.4966,7.74981,Plein jour,Hors agglomération,Hors intersection,Normale,Deux véhicules - arrière,7,3,2,0,1,1,1,0,1,110,2,3,1,0,0,2,61.0,49.0,voiture,voiture,1,1,1,1,2
202400026961,2024-11-12 16:30:00,2024,11,12,16,30,83,83143,D562,43.450131,6.094923,Plein jour,Hors agglomération,Hors intersection,Normale,Deux véhicules - frontale,3,2,2,0,1,3,1,0,1,70,2,2,0,0,1,1,45.0,53.0,voiture,voiture,1,1,1,1,1
202400026962,2024-06-25 07:40:00,2024,6,25,7,40,33,33096,,44.88925,-0.50402,Plein jour,Hors agglomération,Hors intersection,Normale,Deux véhicules - arrière,1,3,6,0,1,1,1,0,1,110,2,2,1,0,0,1,24.0,43.0,deux_roues,voiture,1,1,1,1,2
202400026963,2024-11-14 07:30:00,2024,11,14,7,30,56,56185,Moustoir Flamm,47.784283,-3.449192,Nuit sans éclairage public,Hors agglomération,Intersection en T,Normale,Deux véhicules - côté,3,2,2,0,1,1,1,0,1,-1,2,2,1,0,1,0,43.0,55.0,voiture,deux_roues,3,1,3,1,3
202400026963,2024-11-14 07:30:00,2024,11,14,7,30,56,56185,Moustoir Flamm,47.784283,-3.449192,Nuit sans éclairage public,Hors agglomération,Intersection en T,Normale,Deux véhicules - côté,3,2,2,0,2,2,1,0,1,80,2,2,1,0,1,0,43.0,55.0,voiture,deux_roues,3,1,3,1,3
202400026964,2024-06-23 21:20:00,2024,6,23,21,20,59,59636,ROUTE METROPOLITAINE 652,50.67225,3.03998,Plein jour,Hors agglomération,Hors intersection,Normale,Deux véhicules - arrière,7,-1,4,0,1,1,1,0,1,90,2,2,1,0,1,0,42.0,25.0,voiture,transport_commun,1,1,1,1,2
202400026965,2024-11-13 17:45:00,2024,11,13,17,45,89,89289,D955,47.962363,3.381869,Nuit sans éclairage public,Hors agglomération,Hors intersection,Normale,Autre collision,3,2,2,0,1,1,1,0,1,90,1,2,1,0,1,0,67.0,,utilitaire_camion,,3,1,1,1,6
202400026966,2024-06-25 15:50:00,2024,6,25,15,50,91,91689,AUTOROUTE A6B,48.74937922,2.32846856,Plein jour,Hors agglomération,Hors intersection,Normale,Trois véhicules et plus - en chaîne,1,3,3,0,2,1,1,0,1,90,4,4,1,0,0,3,25.0,34.0,deux_roues,voiture,1,1,1,1,4
202400026967,2024-11-13 17:15:00,2024,11,13,17,15,68,68217,D1066,47.854631,7.056516,Crépuscule ou aube,Hors agglomération,Hors intersection,Normale,Trois véhicules et plus - en chaîne,3,2,2,0,1,1,1,0,1,80,3,5,3,0,2,0,66.0,76.0,voiture,voiture,2,1,1,1,4
202400026968,2024-11-13 16:20:00,2024,11,13,16,20,68,68318,4 Rue de Westhalten,47.95708,7.246587,Plein jour,En agglomération,Hors intersection,Normale,Deux véhicules - frontale,3,2,1,0,1,1,1,0,1,50,2,2,0,0,0,2,61.0,58.0,voiture,voiture,1,2,1,1,1
202400026969,2024-06-25 08:00:00,2024,6,25,8,0,91,91645,RN 385 Extèrieure,48.75976855,2.2622524,Plein jour,Hors agglomération,Hors intersection,Normale,Deux véhicules - côté,2,1,1,0,1,1,1,0,1,90,2,2,1,0,0,1,26.0,31.0,voiture,deux_roues,1,1,1,1,3
202400026970,2024-06-25 07:50:00,2024,6,25,7,50,94,94038,A6A,48.77318113,2.34587558,Plein jour,Hors agglomération,Hors intersection,Normale,Trois véhicules et plus - en chaîne,1,1,3,0,1,1,1,0,2,90,3,4,1,0,0,3,50.0,55.0,utilitaire_camion,utilitaire_camion,1,1,1,1,4
202400026971,2024-11-13 17:35:00,2024,11,13,17,35,38,38562,Route d?Uriage,45.07593,5.7743,Nuit avec éclairage allumé,En agglomération,Hors intersection,Normale,Autre collision,7,3,2,0,1,1,1,9,1,30,1,2,1,0,0,1,76.0,,voiture,,5,2,1,1,6
202400026972,2024-06-24 21:42:00,2024,6,24,21,42,77,77251,AUTOROUTE A5A,48.6187,2.55258,Nuit sans éclairage public,Hors agglomération,Hors intersection,Normale,Deux véhicules - arrière,1,2,3,0,1,1,1,0,1,70,2,2,1,0,0,1,24.0,47.0,voiture,voiture,3,1,1,1,2
202400026973,2024-11-14 15:28:00,2024,11,14,15,28,50,50298,D29,49.26506,-1.275444,Plein jour,Hors agglomération,Hors intersection,Normale,Deux véhicules - arrière,3,2,2,0,2,2,1,0,1,80,2,2,1,0,0,1,65.0,65.0,deux_roues,deux_roues,1,1,1,1,2
202400026974,2024-06-25 17:30:00,2024,6,25,17,30,92,92072,N118,48.82247896,2.2222285,Plein jour,Hors agglomération,Hors intersection,Normale,Deux véhicules - arrière,2,1,3,0,2,2,1,0,1,70,2,3,1,0,0,2,65.0,39.0,voiture,voiture,1,1,1,1,2
202400026975,2024-06-25 16:11:00,2024,6,25,16,11,78,78043,A12 Y,48.842348,2.097513,Plein jour,Hors agglomération,Hors intersection,Normale,Autre collision,1,1,2,0,1,1,1,0,1,90,1,2,0,0,0,2,43.0,,voiture,,1,1,1,1,6
202400026976,2024-10-30 15:45:00,2024,10,30,15,45,22,22076,27 Saint Jean,48.588002,-2.382399,Plein jour,Hors agglomération,Intersection en X,Temps couvert,Deux véhicules - frontale,3,2,2,0,1,1,1,0,1,80,2,4,1,0,0,3,36.0,85.0,voiture,voiture,1,1,2,8,1
202400026976,2024-10-30 15:45:00,2024,10,30,15,45,22,22076,27 Saint Jean,48.588002,-2.382399,Plein jour,Hors agglomération,Intersection en X,Temps couvert,Deux véhicules - frontale,3,2,2,0,1,1,1,0,1,80,2,4,1,0,0,3,36.0,85.0,voiture,voiture,1,1,2,8,1
202400026977,2024-06-24 17:05:00,2024,6,24,17,5,78,78571,A13,48.86626,2.035715,Plein jour,Hors agglomération,Hors intersection,Normale,Deux véhicules - arrière,1,1,2,0,1,1,1,0,1,110,2,2,1,0,0,1,38.0,36.0,deux_roues,voiture,1,1,1,1,2
202400026978,2024-11-10 02:10:00,2024,11,10,2,10,83,83047,A570,43.13270865,6.05807662,Nuit sans éclairage public,Hors agglomération,Hors intersection,Normale,Autre collision,1,3,4,0,1,1,1,0,1,110,1,1,0,0,0,1,20.0,,deux_roues,,3,1,1,1,6
202400026979,2024-06-24 19:07:00,2024,6,24,19,7,92,92048,N118,48.79123833,2.22009228,Plein jour,Hors agglomération,Hors intersection,Normale,Autre collision,2,1,4,0,1,1,1,0,1,90,1,1,0,0,0,1,29.0,,deux_roues,,1,1,1,1,6
202400026980,2024-11-13 08:25:00,2024,11,13,8,25,91,91692,RN 118,48.67116,2.19416,Plein jour,Hors agglomération,Hors intersection,Normale,Deux véhicules - côté,2,1,2,0,1,1,1,3,1,90,2,3,2,0,0,1,,56.0,voiture,deux_roues,1,1,1,1,3
202400026981,2024-06-25 19:00:00,2024,6,25,19,0,93,93027,A1,48.93720852,2.40978107,Plein jour,Hors agglomération,Hors intersection,Normale,Deux véhicules - côté,1,3,3,0,1,1,1,0,1,90,2,2,1,0,0,1,46.0,44.0,voiture,deux_roues,1,1,1,1,3
202400026982,2024-11-12 07:05:00,2024,11,12,7,5,92,92036,A86,48.93460624,2.26847112,Nuit sans éclairage public,Hors agglomération,Hors intersection,Temps couvert,Deux véhicules - côté,1,3,2,0,1,1,1,0,1,90,2,2,1,0,0,1,43.0,32.0,deux_roues,utilitaire_camion,3,1,1,8,3
202400026983,2024-06-24 20:25:00,2024,6,24,20,25,93,93006,A3,48.8667928,2.42555663,Plein jour,Hors agglomération,Hors intersection,Normale,Sans collision,1,1,2,0,2,2,1,0,1,50,1,2,0,0,2,0,22.0,,deux_roues,,1,1,1,1,7
202400026984,2024-06-24 17:00:00,2024,6,24,17,0,95,95277,A3,48.96803561,2.47785819,Plein jour,Hors agglomération,Hors intersection,Normale,Deux véhicules - côté,1,3,3,0,1,2,1,0,1,90,2,2,1,0,1,0,45.0,27.0,utilitaire_camion,voiture,1,1,1,1,3
202400026985,2024-11-12 20:15:00,2024,11,12,20,15,95,95678,N184,49.06427517,2.21383601,Nuit sans éclairage public,Hors agglomération,Hors intersection,Normale,Trois véhicules et plus - collisions multiples,2,3,2,0,1,1,1,0,1,90,3,3,2,0,0,1,34.0,56.0,voiture,voiture,3,1,1,1,5
202400026986,2024-06-24 13:55:00,2024,6,24,13,55,93,93008,A86,48.90833207,2.45074511,Plein jour,Hors agglomération,Hors intersection,Normale,Deux véhicules - arrière,1,3,3,0,1,1,1,1,1,90,2,3,2,0,0,1,23.0,40.0,voiture,voiture,1,1,1,1,2
202400026987,2024-11-12 08:45:00,2024,11,12,8,45,93,93008,AUTOROUTE A86,48.91076249,2.44276017,Plein jour,Hors agglomération,Hors intersection,Normale,Deux véhicules - côté,1,3,3,0,1,1,1,1,1,90,2,2,1,0,0,1,25.0,22.0,deux_roues,utilitaire_camion,1,1,1,1,3
202400026988,2024-06-25 21:10:00,2024,6,25,21,10,94,94028,A86,48.79449381,2.44220497,Plein jour,Hors agglomération,Hors intersection,Normale,Deux véhicules - côté,1,-1,8,0,1,1,1,0,1,90,2,2,1,0,0,1,40.0,51.0,voiture,voiture,1,1,1,1,3
202400026989,2024-11-13 00:25:00,2024,11,13,0,25,77,77058,A4,48.82957827,2.74332614,Nuit sans éclairage public,Hors agglomération,Hors intersection,Normale,Trois véhicules et plus - collisions multiples,1,1,3,0,1,1,1,0,1,130,3,3,0,0,0,3,75.0,31.0,voiture,voiture,3,1,1,1,5
202400026990,2024-06-25 19:00:00,2024,6,25,19,0,94,94017,A4,48.82671118,2.52258828,Plein jour,Hors agglomération,Hors intersection,Normale,Trois véhicules et plus - collisions multiples,1,3,8,0,1,3,1,0,1,110,3,3,2,0,0,1,25.0,33.0,deux_roues,voiture,1,1,1,1,5
202400026991,2024-04-12 08:15:00,2024,4,12,8,15,972,97213,ROUTE DEPARTEMENTALE 14,14.622,-61.007,Plein jour,Hors agglomération,Giratoire,Normale,Deux véhicules - côté,3,2,2,0,1,1,1,0,1,50,2,2,1,0,0,1,,19.0,voiture,deux_roues,1,1,6,1,3
202400026991,2024-04-12 08:15:00,2024,4,12,8,15,972,97213,ROUTE DEPARTEMENTALE 14,14.622,-61.007,Plein jour,Hors agglomération,Giratoire,Normale,Deux véhicules - côté,3,2,4,0,1,1,1,0,1,50,2,2,1,0,0,1,,19.0,voiture,deux_roues,1,1,6,1,3
202400026992,2024-06-25 18:17:00,2024,6,25,18,17,94,94042,A4,48.82800728,2.4730466,Plein jour,Hors agglomération,Hors intersection,Normale,Trois véhicules et plus - en chaîne,1,3,4,0,1,1,1,0,1,90,3,4,2,0,0,2,74.0,22.0,voiture,utilitaire_camion,1,1,1,1,4
202400026993,2024-04-09 18:15:00,2024,4,9,18,15,972,97213,ROUTE DEPARTEMENTALE 13,14.63408,-61.01342,Nuit avec éclairage allumé,Hors agglomération,Hors intersection,Normale,Trois véhicules et plus - collisions multiples,3,2,2,0,2,1,1,0,1,70,3,3,1,0,0,2,66.0,46.0,voiture,voiture,5,1,1,1,5
202400026994,2024-06-25 14:00:00,2024,6,25,14,0,77,77363,A104,48.912424,2.635779,Plein jour,Hors agglomération,Hors intersection,Normale,Trois véhicules et plus - en chaîne,1,3,2,0,1,1,1,0,1,90,4,4,3,0,0,1,24.0,42.0,utilitaire_camion,utilitaire_camion,1,1,1,1,4
202400026995,2024-04-09 12:10:00,2024,4,9,12,10,972,97213,ROUTE DEPARTEMENTALE 3,14.63303,-60.99105,Plein jour,Hors agglomération,Hors intersection,Normale,Deux véhicules - côté,3,3,2,0,1,1,1,0,1,50,2,2,1,0,1,0,48.0,20.0,voiture,deux_roues,1,1,1,1,3
202400026996,2024-09-06 15:30:00,2024,9,6,15,30,74,74265,Route de la Diamanterie,45.802038,6.338119,Plein jour,Hors agglomération,Hors intersection,Normale,Sans collision,3,2,2,0,2,4,1,0,1,80,1,1,0,0,1,0,18.0,,deux_roues,,1,1,1,1,7
202400026997,2024-06-25 10:15:00,2024,6,25,10,15,77,77337,A4,48.830178,2.613696,Plein jour,Hors agglomération,Hors intersection,Normale,Autre collision,1,3,6,0,1,1,1,0,1,110,5,5,3,0,0,2,52.0,63.0,utilitaire_camion,utilitaire_camion,1,1,1,1,6
202400026998,2024-01-20 14:29:00,2024,1,20,14,29,82,82030,Route de Belleperche,44.00026648,1.10124135,Plein jour,Hors agglomération,Hors intersection,Normale,Autre collision,3,2,2,0,1,1,1,0,8,80,1,1,0,0,1,0,28.0,,voiture,,1,1,1,1,6
202400026999,2024-08-10 18:35:00,2024,8,10,18,35,74,74105,Avenue du lac,46.3071346,6.29361176,Crépuscule ou aube,En agglomération,Giratoire,Normale,Deux véhicules - côté,3,2,2,0,1,1,1,0,1,50,2,5,4,0,0,1,67.0,40.0,voiture,voiture,2,2,6,1,3
202400027000,2024-06-17 08:30:00,2024,6,17,8,30,44,44109,36 Boulevard Eugène Orieux,47.23492042,-1.55152842,Plein jour,En agglomération,Hors intersection,Normale,Autre collision,4,2,2,2,2,2,1,-1,1,50,1,2,1,0,0,1,39.0,,voiture,,1,2,1,1,6
202400027001,2024-08-18 16:00:00,2024,8,18,16,0,74,74184,Route de frangy,46.052358,5.980591,Plein jour,Hors agglomération,Hors intersection,Pluie légère,Sans collision,3,2,2,0,2,4,2,0,8,80,1,1,0,0,1,0,29.0,,voiture,,1,1,1,2,7
202400027002,2024-06-17 20:50:00,2024,6,17,20,50,44,44109,191 Rue Paul Bellamy,47.23144824,-1.56436688,Crépuscule ou aube,En agglomération,Hors intersection,Normale,Deux véhicules - côté,4,2,3,2,2,1,1,-1,1,50,2,2,1,0,0,1,51.0,37.0,voiture,deux_roues,2,2,1,1,3
202400027003,2024-09-01 16:00:00,2024,9,1,16,0,74,74056,Place du Mont Blanc,45.924972,6.871457,Plein jour,En agglomération,Hors intersection,Normale,Autre collision,4,-1,2,0,1,1,1,0,1,50,1,2,1,0,0,1,64.0,,voiture,,1,2,1,1,6
202400027004,2024-06-24 10:29:00,2024,6,24,10,29,87,87065,LIMOUSIN ( AVE),45.811837,1.327151,Plein jour,En agglomération,Intersection en T,Normale,Deux véhicules - côté,4,2,2,0,1,1,1,0,1,50,2,2,1,0,0,1,52.0,21.0,utilitaire_camion,voiture,1,2,3,1,3
202400027004,2024-06-24 10:29:00,2024,6,24,10,29,87,87065,LIMOUSIN ( AVE),45.811837,1.327151,Plein jour,En agglomération,Intersection en T,Normale,Deux véhicules - côté,4,2,2,0,1,1,1,0,1,50,2,2,1,0,0,1,52.0,21.0,utilitaire_camion,voiture,1,2,3,1,3
202400027005,2024-08-30 07:08:00,2024,8,30,7,8,74,74094,644 Route de la chandouze,46.218715,6.308094,Plein jour,En agglomération,Intersection en T,Normale,Deux véhicules - côté,4,2, -1,-1,1,1,1,0,1,-1,2,2,1,1,0,0,49.0,64.0,deux_roues,voiture,1,2,3,1,3
202400027005,2024-08-30 07:08:00,2024,8,30,7,8,74,74094,644 Route de la chandouze,46.218715,6.308094,Plein jour,En agglomération,Intersection en T,Normale,Deux véhicules - côté,4,2,2,1,1,1,1,0,1,-1,2,2,1,1,0,0,49.0,64.0,deux_roues,voiture,1,2,3,1,3
202400027006,2024-03-09 19:20:00,2024,3,9,19,20,65,65002,N21,43.141869,-0.026661,Nuit avec éclairage allumé,En agglomération,Hors intersection,Neige / grêle,Autre collision,2,2,2,0,1,1,2,5,1,50,1,2,1,0,1,0,58.0,,voiture,,5,2,1,4,6
202400027007,2024-08-27 05:45:00,2024,8,27,5,45,74,74288,Route de saint-julien-en-genevois,46.108455,5.969406,Nuit avec éclairage allumé,En agglomération,Intersection en X,Normale,Deux véhicules - côté,3,-1,1,0,1,1,1,5,1,50,2,2,1,1,0,0,62.0,46.0,voiture,deux_roues,5,2,2,1,3
202400027007,2024-08-27 05:45:00,2024,8,27,5,45,74,74288,Route de saint-julien-en-genevois,46.108455,5.969406,Nuit avec éclairage allumé,En agglomération,Intersection en X,Normale,Deux véhicules - côté,3,2, -1,-1,1,1,1,5,1,-1,2,2,1,1,0,0,62.0,46.0,voiture,deux_roues,5,2,2,1,3
202400027008,2024-06-25 07:30:00,2024,6,25,7,30,988,98818,ROUTE DU PORT DESPOINTES,-22.2839,166.45378,Plein jour,En agglomération,Intersection en T,Normale,Deux véhicules - côté,4,2,2,0,1,1,1,5,1,50,2,2,1,0,1,0,37.0,31.0,voiture,deux_roues,1,2,3,1,3
202400027008,2024-06-25 07:30:00,2024,6,25,7,30,988,98818,ROUTE DU PORT DESPOINTES,-22.2839,166.45378,Plein jour,En agglomération,Intersection en T,Normale,Deux véhicules - côté,4,2,2,0,4,1,1,5,1,50,2,2,1,0,1,0,37.0,31.0,voiture,deux_roues,1,2,3,1,3