accident_id,datetime,annee,mois,jour,heure,minute,departement,commune_insee,adresse,latitude,longitude,luminosite,agglomeration,intersection,meteo,collision,catr,circ,nbv,vosp,prof,plan,surf,infra,situ,vma,nb_vehicules,nb_usagers,nb_indemnes,nb_tues,nb_blesses_hosp,nb_blesses_legers,age_cond_1,age_cond_2,veh_type_cond_1,veh_type_cond_2,lum_code,agg_code,int_code,atm_code,col_code
202400027009,2024-08-31 21:30:00,2024,8,31,21,30,74,74026,Route de paris,45.966137,6.03577,Nuit avec éclairage non allumé,En agglomération,Hors intersection,Normale,Autre collision,3,2,2,0,1,1,1,0,1,50,1,3,1,0,1,1,27.0,,voiture,,4,2,1,1,6
202400027010,2024-06-24 08:30:00,2024,6,24,8,30,987,98736,PAUL BERNIERE (RUE),-17.53656,-149.55289,Plein jour,En agglomération,Hors intersection,Normale,Deux véhicules - côté,2,2,2,0,1,1,1,0,1,30,2,2,1,0,0,1,36.0,36.0,utilitaire_camion,deux_roues,1,2,1,1,3
202400027011,2024-09-02 17:00:00,2024,9,2,17,0,74,74299,44 Route d'annecy,45.891425,6.170564,Plein jour,En agglomération,Hors intersection,Normale,Deux véhicules - frontale,9,2,2,1,1,1,1,0,5,50,2,2,1,0,1,0,31.0,23.0,deux_roues,deux_roues,1,2,1,1,1
202400027012,2024-06-24 20:00:00,2024,6,24,20,0,974,97411,JAURES (BLD 2 JEAN),-20.88991,55.46405,Nuit sans éclairage public,En agglomération,Intersection en T,Normale,Autre collision,2,1,3,0,1,2,1,0,1,50,1,2,1,0,0,1,58.0,,voiture,,3,2,3,1,6
202400027012,2024-06-24 20:00:00,2024,6,24,20,0,974,97411,JAURES (BLD 2 JEAN),-20.88991,55.46405,Nuit sans éclairage public,En agglomération,Intersection en T,Normale,Autre collision,2,1,2,0,1,1,1,0,1,50,1,2,1,0,0,1,58.0,,voiture,,3,2,3,1,6
202400027013,2024-08-27 04:00:00,2024,8,27,4,0,74,74001,Route de Richebourg,46.289864,6.749575,Nuit sans éclairage public,Hors agglomération,Hors intersection,Normale,Sans collision,3,2,2,0,1,1,1,0,8,-1,1,1,0,0,0,1,19.0,,voiture,,3,1,1,1,7
202400027014,2024-08-21 17:55:00,2024,8,21,17,55,74,74067,Route des creuses (Seynod),45.887617,6.07291,Plein jour,En agglomération,Intersection en X,Normale,Trois véhicules et plus - collisions multiples,3,2,2,1,1,1,1,0,1,50,3,3,2,0,0,1,36.0,34.0,deux_roues,voiture,1,2,2,1,5
202400027014,2024-08-21 17:55:00,2024,8,21,17,55,74,74067,Route des creuses (Seynod),45.887617,6.07291,Plein jour,En agglomération,Intersection en X,Normale,Trois véhicules et plus - collisions multiples,3,2,2,0,1,1,1,0,1,50,3,3,2,0,0,1,36.0,34.0,deux_roues,voiture,1,2,2,1,5
202400027015,2024-08-31 10:10:00,2024,8,31,10,10,74,74112,AVENUE DU CENTRE,45.93543,6.082639,Plein jour,En agglomération,Intersection en X,Normale,Deux véhicules - côté,4,2, -1,-1,1,1,1,5,5,-1,2,2,1,0,1,0,40.0,77.0,deux_roues,voiture,1,2,2,1,3
202400027015,2024-08-31 10:10:00,2024,8,31,10,10,74,74112,AVENUE DU CENTRE,45.93543,6.082639,Plein jour,En agglomération,Intersection en X,Normale,Deux véhicules - côté,4,4,2,1,1,1,1,5,5,30,2,2,1,0,1,0,40.0,77.0,deux_roues,voiture,1,2,2,1,3
202400027016,2024-08-26 14:50:00,2024,8,26,14,50,74,74021,1497 Route nationale,46.16007,6.281728,Plein jour,Hors agglomération,Hors intersection,Normale,Autre collision,3,2,2,0,1,1,1,0,3,70,1,1,0,0,1,0,32.0,,voiture,,1,1,1,1,6
202400027017,2024-07-14 14:30:00,2024,7,14,14,30,74,74005,Rue de la gare,46.32485928,6.43546768,Plein jour,Hors agglomération,Hors intersection,Normale,Sans collision,3,2,2,0,2,1,1,0,1,50,1,1,0,0,1,0,48.0,,deux_roues,,1,1,1,1,7
202400027018,2024-06-28 22:45:00,2024,6,28,22,45,74,74262,autoroute A40,46.128527,6.324391,Nuit sans éclairage public,Hors agglomération,Hors intersection,Normale,Deux véhicules - arrière,1,3,2,0,1,1,1,0,1,130,2,2,1,0,0,1,54.0,53.0,voiture,voiture,3,1,1,1,2
202400027019,2024-11-12 13:45:00,2024,11,12,13,45,92,92036,PRINCIPALE DU PORT (ROUTE) (1/17),48.93964382,2.2867392,Plein jour,En agglomération,Giratoire,Temps couvert,Deux véhicules - frontale,4,-1,2,0,1,1,1,0,1,50,2,2,1,0,0,1,56.0,36.0,voiture,deux_roues,1,2,6,8,1
202400027019,2024-11-12 13:45:00,2024,11,12,13,45,92,92036,PRINCIPALE DU PORT (ROUTE) (1/17),48.93964382,2.2867392,Plein jour,En agglomération,Giratoire,Temps couvert,Deux véhicules - frontale,4,-1,2,0,1,1,1,0,1,50,2,2,1,0,0,1,56.0,36.0,voiture,deux_roues,1,2,6,8,1
202400027020,2024-11-07 21:15:00,2024,11,7,21,15,93,93055,JEAN LOLIVE (AVENUE)(107/135 ET 108/132),48.89461,2.42084,Nuit avec éclairage allumé,En agglomération,Hors intersection,Normale,Autre collision,3,3,4,2,1,1,1,0,1,50,1,1,0,0,0,1,24.0,,voiture,,5,2,1,1,6
202400027021,2024-05-19 17:00:00,2024,5,19,17,0,62,62537,D54,50.303588,2.408747,Plein jour,En agglomération,Hors intersection,Normale,Deux véhicules - frontale,3,2,2,0,2,2,1,0,1,50,2,3,1,0,0,2,41.0,69.0,voiture,voiture,1,2,1,1,1
202400027022,2024-06-08 04:30:00,2024,6,8,4,30,32,32222,D6,43.76137121,-0.10871839,Nuit sans éclairage public,Hors agglomération,Hors intersection,Normale,Autre collision,3,2,2,0,3,1,1,0,8,80,1,1,0,1,0,0,31.0,,voiture,,3,1,1,1,6
202400027023,2024-08-29 17:30:00,2024,8,29,17,30,24,24090,Jaure,45.292988,0.4057,Crépuscule ou aube,Hors agglomération,Hors intersection,Pluie légère,Autre collision,3,2,2,0,1,3,2,0,3,70,1,1,0,0,1,0,20.0,,voiture,,2,1,1,2,6
202400027024,2024-11-12 07:15:00,2024,11,12,7,15,974,97411,JAURES (BOULEVARD JEAN),-20.89186,55.46732,Plein jour,En agglomération,Intersection en T,Normale,Deux véhicules - côté,2,3,7,0,1,1,1,0,1,50,2,2,1,0,1,0,47.0,62.0,voiture,deux_roues,1,2,3,1,3
202400027024,2024-11-12 07:15:00,2024,11,12,7,15,974,97411,JAURES (BOULEVARD JEAN),-20.89186,55.46732,Plein jour,En agglomération,Intersection en T,Normale,Deux véhicules - côté,2,-1,2,0,1,1,1,0,1,50,2,2,1,0,1,0,47.0,62.0,voiture,deux_roues,1,2,3,1,3
202400027025,2024-11-12 07:22:00,2024,11,12,7,22,974,97409,DE LA GARE(RUE),-20.96207,55.65677,Plein jour,En agglomération,Hors intersection,Normale,Sans collision,4,1,2,0,1,1,1,0,1,50,1,1,0,0,0,1,57.0,,deux_roues,,1,2,1,1,7
202400027026,2024-11-12 17:30:00,2024,11,12,17,30,973,97302,SCHOELCHER (RUE),4.94199,-52.33238,Plein jour,En agglomération,Intersection en X,Normale,Trois véhicules et plus - collisions multiples,4,1,1,0,1,1,1,0,1,50,3,3,2,0,0,1,38.0,23.0,voiture,voiture,1,2,2,1,5
202400027026,2024-11-12 17:30:00,2024,11,12,17,30,973,97302,SCHOELCHER (RUE),4.94199,-52.33238,Plein jour,En agglomération,Intersection en X,Normale,Trois véhicules et plus - collisions multiples,4,1,1,0,1,1,1,0,1,50,3,3,2,0,0,1,38.0,23.0,voiture,voiture,1,2,2,1,5
202400027027,2024-11-12 06:50:00,2024,11,12,6,50,973,97302,MADELEINE (ROUTE DE LA),4.91685,-52.32142,Plein jour,En agglomération,Hors intersection,Normale,Deux véhicules - arrière,3,2,2,0,1,1,1,0,1,50,2,2,1,0,0,1,34.0,19.0,deux_roues,utilitaire_camion,1,2,1,1,2
202400027028,2024-11-12 17:00:00,2024,11,12,17,0,69,69386,Cours Franklin Roosevelt,45.76891,4.84605,Plein jour,En agglomération,Intersection en T,Normale,Autre collision,4,1,1,2,1,1,1,0,1,30,1,2,1,0,0,1,,,utilitaire_camion,,1,2,3,1,6
202400027028,2024-11-12 17:00:00,2024,11,12,17,0,69,69386,Cours Franklin Roosevelt,45.76891,4.84605,Plein jour,En agglomération,Intersection en T,Normale,Autre collision,4,2,4,2,1,1,1,0,1,50,1,2,1,0,0,1,,,utilitaire_camion,,1,2,3,1,6
202400027029,2024-11-12 18:35:00,2024,11,12,18,35,972,97213,AUTOROUTE A1,14.61799,-61.03243,Crépuscule ou aube,En agglomération,Hors intersection,Normale,Deux véhicules - arrière,1,2,6,0,2,1,1,0,1,90,2,2,1,0,0,1,36.0,58.0,utilitaire_camion,voiture,2,2,1,1,2
202400027030,2024-11-11 22:30:00,2024,11,11,22,30,972,97209,BALATA (ROUTE DE),14.67617,-61.08809,Nuit sans éclairage public,Hors agglomération,Hors intersection,Normale,Autre collision,2,2,2,0,2,3,1,0,1,30,1,3,1,0,0,2,48.0,,voiture,,3,1,1,1,6
202400027031,2024-11-11 01:00:00,2024,11,11,1,0,972,97209,RD 41 (ROCADE),14.61988,-61.05427,Nuit avec éclairage allumé,En agglomération,Hors intersection,Pluie légère,Autre collision,3,-1,2,0,2,3,2,0,1,50,1,1,0,0,0,1,45.0,,voiture,,5,2,1,2,6
202400027032,2024-11-12 10:37:00,2024,11,12,10,37,971,97101,CLARA BOURGAREL - ASSAINISSEMENT (RUE),16.24424,-61.53092,Plein jour,En agglomération,Autre intersection,Normale,Autre collision,4,-1,1,0,1,1,1,6,8,50,1,1,0,0,1,0,60.0,,deux_roues,,1,2,9,1,6
202400027033,2024-11-11 07:00:00,2024,11,11,7,0,971,97101,BEAUSOLEIL,16.27349,-61.46778,Plein jour,Hors agglomération,Hors intersection,Pluie légère,Autre collision,4,2,2,0,2,3,2,0,3,70,1,1,0,0,0,1,20.0,,voiture,,1,1,1,2,6
202400027034,2024-11-10 23:30:00,2024,11,10,23,30,971,97101,ROUTE DE BOISVINS,16.26274,-61.46399,Nuit sans éclairage public,Hors agglomération,Hors intersection,Normale,Deux véhicules - frontale,3,2,2,0,2,1,1,0,1,80,2,3,1,0,0,2,30.0,46.0,voiture,voiture,3,1,1,1,1
202400027035,2024-11-12 14:50:00,2024,11,12,14,50,2A,2A004,#BONAPARTE CHARLES  BD#,41.93359839,8.74477386,Plein jour,En agglomération,Hors intersection,Normale,Deux véhicules - arrière,4,3,2,0,1,1,1,0,1,50,2,2,1,0,0,1,43.0,68.0,deux_roues,voiture,1,2,1,1,2
202400027036,2024-11-12 08:40:00,2024,11,12,8,40,2A,2A004,T40,41.924069,8.811242,Plein jour,Hors agglomération,Hors intersection,Normale,Deux véhicules - côté,2,1,2,0,1,2,1,0,1,90,2,2,1,0,0,1,54.0,37.0,deux_roues,voiture,1,1,1,1,3
202400027037,2024-11-11 18:05:00,2024,11,11,18,5,2A,2A004,SERAFINI ANTOINE  AVENUE,41.91878387,8.73886496,Nuit avec éclairage allumé,En agglomération,Hors intersection,Normale,Autre collision,4,1,1,0,1,1,1,0,1,30,1,2,1,0,0,1,58.0,,voiture,,5,2,1,1,6
202400027038,2024-11-12 23:00:00,2024,11,12,23,0,95,95582,D14,48.97563065,2.24764892,Nuit avec éclairage allumé,En agglomération,Hors intersection,Normale,Deux véhicules - côté,3,2,2,0,2,1,1,0,1,50,2,2,1,0,0,1,38.0,46.0,voiture,deux_roues,5,2,1,1,3
202400027039,2024-11-12 16:00:00,2024,11,12,16,0,95,95555,PETIT LAC (AVENUE DU),48.97504588,2.2976464,Plein jour,En agglomération,Intersection en T,Normale,Deux véhicules - arrière,4,1,0,0,1,1,1,0,1,30,2,2,1,0,0,1,34.0,18.0,utilitaire_camion,voiture,1,2,3,1,2
202400027039,2024-11-12 16:00:00,2024,11,12,16,0,95,95555,PETIT LAC (AVENUE DU),48.97504588,2.2976464,Plein jour,En agglomération,Intersection en T,Normale,Deux véhicules - arrière,4,1,1,0,1,1,1,0,1,30,2,2,1,0,0,1,34.0,18.0,utilitaire_camion,voiture,1,2,3,1,2
202400027040,2024-11-12 12:00:00,2024,11,12,12,0,95,95572,MARCEL DASSAULT (RUE),49.04378,2.13048,Plein jour,En agglomération,Intersection en T,Temps couvert,Deux véhicules - côté,2,1,2,0,2,1,1,0,1,50,2,2,1,0,1,0,43.0,41.0,utilitaire_camion,voiture,1,2,3,8,3
202400027040,2024-11-12 12:00:00,2024,11,12,12,0,95,95572,MARCEL DASSAULT (RUE),49.04378,2.13048,Plein jour,En agglomération,Intersection en T,Temps couvert,Deux véhicules - côté,2,1,2,0,2,2,1,0,1,50,2,2,1,0,1,0,43.0,41.0,utilitaire_camion,voiture,1,2,3,8,3
202400027041,2024-11-12 15:00:00,2024,11,12,15,0,91,91174,RUE LAMARTINE,48.60296,2.47675,Plein jour,En agglomération,Intersection en T,Normale,Deux véhicules - côté,4,-1,2,0,1,1,1,0,1,50,2,2,1,0,0,1,30.0,65.0,utilitaire_camion,deux_roues,1,2,3,1,3
202400027041,2024-11-12 15:00:00,2024,11,12,15,0,91,91174,RUE LAMARTINE,48.60296,2.47675,Plein jour,En agglomération,Intersection en T,Normale,Deux véhicules - côté,4,2,2,0,2,1,1,0,1,50,2,2,1,0,0,1,30.0,65.0,utilitaire_camion,deux_roues,1,2,3,1,3
202400027042,2024-11-12 11:20:00,2024,11,12,11,20,91,91174,BD HENRI DUNANT,48.601603,2.48025,Plein jour,En agglomération,Intersection en T,Normale,Deux véhicules - côté,4,2,2,0,1,1,1,0,1,50,2,2,1,0,0,1,32.0,39.0,deux_roues,voiture,1,2,3,1,3
202400027042,2024-11-12 11:20:00,2024,11,12,11,20,91,91174,BD HENRI DUNANT,48.601603,2.48025,Plein jour,En agglomération,Intersection en T,Normale,Deux véhicules - côté,4,2,2,0,1,1,1,0,1,50,2,2,1,0,0,1,32.0,39.0,deux_roues,voiture,1,2,3,1,3
202400027043,2024-11-08 09:04:00,2024,11,8,9,4,85,85194,Rue du docteur charcot,46.5056,-1.77524,Plein jour,En agglomération,Hors intersection,Normale,Deux véhicules - frontale,4,2,2,0,1,1,1,0,1,50,2,2,1,0,1,0,23.0,16.0,deux_roues,deux_roues,1,2,1,1,1
202400027044,2024-11-06 19:30:00,2024,11,6,19,30,85,85194,Place du général collineau,46.49706,-1.78237,Nuit avec éclairage allumé,En agglomération,Place,Normale,Deux véhicules - côté,4,1,1,0,1,1,1,5,1,50,2,2,1,0,0,1,36.0,30.0,voiture,deux_roues,5,2,7,1,3
202400027045,2024-11-04 06:15:00,2024,11,4,6,15,83,83141,ARCS(ROUTE DES),43.49185,6.48503,Crépuscule ou aube,Hors agglomération,Autre intersection,Autre,Deux véhicules - côté,3,2,2,0,2,1,1,0,1,70,2,2,1,0,1,0,30.0,53.0,voiture,deux_roues,2,1,9,9,3
202400027046,2024-11-06 15:55:00,2024,11,6,15,55,77,77403,RUE DES EPARMAILLES,48.561,3.323,Plein jour,En agglomération,Hors intersection,Normale,Autre collision,4,2,1,0,2,3,1,9,1,30,1,2,1,1,0,0,16.0,,deux_roues,,1,2,1,1,6
202400027047,2024-11-12 14:48:00,2024,11,12,14,48,76,76540,Promenade de la France Libre,49.43869,1.08837,Plein jour,En agglomération,Hors intersection,Normale,Autre collision,4,-1, -1,0,1,1,1,6,1,6,1,2,1,1,0,0,30.0,,utilitaire_camion,,1,2,1,1,6
202400027048,2024-11-11 18:00:00,2024,11,11,18,0,71,71076,PARIS (AVENUE DE),46.80642421,4.84430552,Nuit avec éclairage allumé,En agglomération,Intersection en X,Normale,Deux véhicules - côté,3,3,4,0,1,1,2,5,1,50,2,3,1,0,1,1,21.0,58.0,deux_roues,utilitaire_camion,5,2,2,1,3
202400027048,2024-11-11 18:00:00,2024,11,11,18,0,71,71076,PARIS (AVENUE DE),46.80642421,4.84430552,Nuit avec éclairage allumé,En agglomération,Intersection en X,Normale,Deux véhicules - côté,3,3,5,0,1,1,2,5,1,50,2,3,1,0,1,1,21.0,58.0,deux_roues,utilitaire_camion,5,2,2,1,3
202400027049,2024-03-06 11:25:00,2024,3,6,11,25,66,66136,Place de l'EUROPE,42.67973,2.90913,Plein jour,En agglomération,Hors intersection,Normale,Autre collision,4,2,2,0,1,1,1,0,1,30,1,2,1,0,0,1,72.0,,voiture,,1,2,1,1,6
202400027050,2024-11-11 17:00:00,2024,11,11,17,0,71,71475,LYON (ROUTE DE ),46.76335928,4.84250844,Crépuscule ou aube,En agglomération,Hors intersection,Temps couvert,Deux véhicules - côté,3,2,2,0,1,1,2,0,1,50,2,2,1,0,0,1,15.0,41.0,deux_roues,voiture,2,2,1,8,3
202400027051,2024-03-06 18:00:00,2024,3,6,18,0,65,65100,Route de Bordeaux,43.27162987,0.07075805,Plein jour,Hors agglomération,Autre intersection,Normale,Deux véhicules - côté,3,-1,2,0,1,1,1,9,1,90,2,2,0,1,0,1,58.0,45.0,voiture,deux_roues,1,1,9,1,3
202400027051,2024-03-06 18:00:00,2024,3,6,18,0,65,65100,Route de Bordeaux,43.27162987,0.07075805,Plein jour,Hors agglomération,Autre intersection,Normale,Deux véhicules - côté,3,2,1,-1,1,1,1,0,1,80,2,2,0,1,0,1,58.0,45.0,voiture,deux_roues,1,1,9,1,3
202400027052,2024-11-11 06:35:00,2024,11,11,6,35,70,70550,Avenue du Lac,47.62333,6.14324,Nuit avec éclairage allumé,En agglomération,Hors intersection,Temps couvert,Sans collision,3,-1,0,3,1,1,1,0,4,50,1,1,0,0,1,0,38.0,,deux_roues,,5,2,1,8,7
202400027053,2024-03-06 14:00:00,2024,3,6,14,0,61,61001,Voie Communale,48.43114,0.08985,Plein jour,En agglomération,Giratoire,Normale,Deux véhicules - côté,4,2,2,0,1,1,1,0,1,30,2,3,2,0,0,1,74.0,62.0,voiture,deux_roues,1,2,6,1,3
202400027053,2024-03-06 14:00:00,2024,3,6,14,0,61,61001,Voie Communale,48.43114,0.08985,Plein jour,En agglomération,Giratoire,Normale,Deux véhicules - côté,4,4,1,0,1,1,1,6,1,20,2,3,2,0,0,1,74.0,62.0,voiture,deux_roues,1,2,6,1,3
202400027054,2024-11-12 14:00:00,2024,11,12,14,0,69,69013,Route Départementale 686,46.01065,4.71984,Plein jour,Hors agglomération,Intersection en X,Normale,Deux véhicules - côté,3,2,2,0,1,1,2,5,1,50,2,2,1,0,0,1,33.0,77.0,deux_roues,voiture,1,1,2,1,3
202400027054,2024-11-12 14:00:00,2024,11,12,14,0,69,69013,Route Départementale 686,46.01065,4.71984,Plein jour,Hors agglomération,Intersection en X,Normale,Deux véhicules - côté,3,2,3,0,1,1,2,5,1,50,2,2,1,0,0,1,33.0,77.0,deux_roues,voiture,1,1,2,1,3
202400027055,2024-03-05 16:25:00,2024,3,5,16,25,59,59368,REPUBLIQUE AVENUE DE LA,50.65183,3.08199,Plein jour,En agglomération,Autre intersection,Temps couvert,Autre collision,7,1,1,0,1,1,1,0,1,50,1,2,1,0,0,1,52.0,,voiture,,1,2,9,8,6
202400027056,2024-11-12 21:00:00,2024,11,12,21,0,67,67482,HAGUENAU (PLACE DE),48.593171,7.74347,Nuit avec éclairage allumé,En agglomération,Hors intersection,Normale,Deux véhicules - côté,4,2,4,3,1,1,1,2,1,50,2,2,1,0,0,1,40.0,34.0,voiture,deux_roues,5,2,1,1,3
202400027057,2024-11-12 09:15:00,2024,11,12,9,15,64,64545,CORNICHE (ROUTE DE LA),43.37864,-1.7337,Plein jour,Hors agglomération,Hors intersection,Normale,Deux véhicules - arrière,3,2,2,0,1,1,1,0,1,50,2,2,1,0,0,1,46.0,63.0,voiture,voiture,1,1,1,1,2
202400027058,2024-03-02 19:35:00,2024,3,2,19,35,59,59350,Rue Winston Churchill,50.63264,3.01752,Nuit avec éclairage allumé,En agglomération,Intersection en X,Pluie forte,Deux véhicules - côté,4,1,3,0,1,1,2,0,1,30,2,5,4,0,0,1,38.0,34.0,voiture,voiture,5,2,2,3,3
202400027058,2024-03-02 19:35:00,2024,3,2,19,35,59,59350,Rue Winston Churchill,50.63264,3.01752,Nuit avec éclairage allumé,En agglomération,Intersection en X,Pluie forte,Deux véhicules - côté,4,2,2,0,1,1,2,0,1,30,2,5,4,0,0,1,38.0,34.0,voiture,voiture,5,2,2,3,3
202400027059,2024-11-12 19:55:00,2024,11,12,19,55,64,64445,CHATIEU,43.317,-0.37718,Nuit sans éclairage public,En agglomération,Autre intersection,Pluie légère,Deux véhicules - côté,4,2,2,0,1,1,2,0,1,50,2,2,1,0,0,1,72.0,17.0,utilitaire_camion,deux_roues,3,2,9,2,3
202400027060,2024-03-04 17:00:00,2024,3,4,17,0,57,57672,ESCH SUR ALZETTE (ROUTE D') - IMPAIR,49.35737,6.13743,Plein jour,En agglomération,Hors intersection,Normale,Autre collision,3,3,0,0,1,1,1,0,1,50,1,2,1,0,0,1,50.0,,voiture,,1,2,1,1,6
202400027061,2024-11-11 11:40:00,2024,11,11,11,40,64,64132,ALBERT 1ER,43.28577,-0.34854,Plein jour,En agglomération,Hors intersection,Temps couvert,Sans collision,4,2,4,1,1,1,1,0,3,50,1,1,0,0,0,1,57.0,,deux_roues,,1,2,1,8,7
202400027062,2024-03-03 16:38:00,2024,3,3,16,38,56,56260,Boulevard de la Résistance,47.64916,-2.78231,Plein jour,En agglomération,Hors intersection,Normale,Autre collision,4,2,2,0,2,1,1,0,3,50,1,2,1,0,1,0,69.0,,voiture,,1,2,1,1,6
202400027063,2024-11-12 12:35:00,2024,11,12,12,35,63,63308,ALLARD (PLACE),45.76747,3.05617,Plein jour,En agglomération,Giratoire,Pluie légère,Deux véhicules - côté,4,1,1,0,2,2,2,0,1,30,2,2,1,0,0,1,24.0,34.0,deux_roues,voiture,1,2,6,2,3
202400027063,2024-11-12 12:35:00,2024,11,12,12,35,63,63308,ALLARD (PLACE),45.76747,3.05617,Plein jour,En agglomération,Giratoire,Pluie légère,Deux véhicules - côté,4,2,2,0,2,1,2,0,1,2,2,2,1,0,0,1,24.0,34.0,deux_roues,voiture,1,2,6,2,3
202400027063,2024-11-12 12:35:00,2024,11,12,12,35,63,63308,ALLARD (PLACE),45.76747,3.05617,Plein jour,En agglomération,Giratoire,Pluie légère,Deux véhicules - côté,4,2,2,0,2,3,2,0,1,30,2,2,1,0,0,1,24.0,34.0,deux_roues,voiture,1,2,6,2,3
202400027064,2024-11-06 08:30:00,2024,11,6,8,30,62,62528,D165,50.45131722,2.76248038,Plein jour,En agglomération,Intersection en T,Normale,Deux véhicules - côté,3,2,2,0,1,1,1,0,1,30,2,2,1,0,0,1,41.0,53.0,voiture,deux_roues,1,2,3,1,3
202400027064,2024-11-06 08:30:00,2024,11,6,8,30,62,62528,D165,50.45131722,2.76248038,Plein jour,En agglomération,Intersection en T,Normale,Deux véhicules - côté,3,2,2,0,1,1,1,0,1,30,2,2,1,0,0,1,41.0,53.0,voiture,deux_roues,1,2,3,1,3
202400027065,2024-03-05 17:40:00,2024,3,5,17,40,49,49246,A87N,47.42640418,-0.50396766,Plein jour,En agglomération,Hors intersection,Normale,Deux véhicules - arrière,1,3,3,0,1,1,1,0,1,90,2,2,0,0,0,2,53.0,29.0,voiture,voiture,1,2,1,1,2
202400027066,2024-11-12 18:52:00,2024,11,12,18,52,60,60057,Avenue Jean Rostand,49.41400915,2.08573937,Nuit sans éclairage public,En agglomération,Hors intersection,Normale,Trois véhicules et plus - en chaîne,4,2,2,0,1,1,1,0,1,50,3,3,0,0,0,3,49.0,52.0,voiture,voiture,3,2,1,1,4
202400027067,2024-03-06 11:35:00,2024,3,6,11,35,45,45068,D740 PR 3 + 448,48.0313,2.74341,Plein jour,En agglomération,Intersection en T,Temps couvert,Deux véhicules - côté,3,-1,2,0,1,1,2,0,1,70,2,2,1,0,0,1,71.0,,deux_roues,autre,1,2,3,8,3
202400027067,2024-03-06 11:35:00,2024,3,6,11,35,45,45068,D740 PR 3 + 448,48.0313,2.74341,Plein jour,En agglomération,Intersection en T,Temps couvert,Deux véhicules - côté,3,-1,2,0,1,1,2,0,1,30,2,2,1,0,0,1,71.0,,deux_roues,autre,1,2,3,8,3
202400027068,2024-11-12 16:05:00,2024,11,12,16,5,59,59599,Rue de la Croix Rouge,50.73087,3.17877,Plein jour,En agglomération,Hors intersection,Normale,Autre collision,4,2,2,0,1,1,1,6,6,30,1,2,1,0,1,0,21.0,,deux_roues,,1,2,1,1,6
202400027069,2024-11-12 14:45:00,2024,11,12,14,45,59,59508,HALLUIN (BOULEVARD D'),50.73636,3.13274,Plein jour,En agglomération,Autre intersection,Normale,Autre collision,4,-1,1,0,1,1,1,0,1,50,1,2,1,0,0,1,40.0,,voiture,,1,2,9,1,6
202400027070,2024-03-06 07:50:00,2024,3,6,7,50,44,44109,94 Rue de Coulmiers,47.22612,-1.54098,Plein jour,En agglomération,Hors intersection,Normale,Deux véhicules - côté,4,2,2,0,1,1,1,0,1,50,2,2,1,0,1,0,22.0,53.0,voiture,deux_roues,1,2,1,1,3
202400027071,2024-11-12 07:30:00,2024,11,12,7,30,59,59368,Rue du Pré Catelan,50.65133,3.06113,Crépuscule ou aube,En agglomération,Intersection en X,Normale,Deux véhicules - côté,7,3,2,1,1,1,1,5,5,50,2,2,1,0,0,1,48.0,48.0,voiture,deux_roues,2,2,2,1,3
202400027071,2024-11-12 07:30:00,2024,11,12,7,30,59,59368,Rue du Pré Catelan,50.65133,3.06113,Crépuscule ou aube,En agglomération,Intersection en X,Normale,Deux véhicules - côté,7,1,1,0,2,2,1,3,5,70,2,2,1,0,0,1,48.0,48.0,voiture,deux_roues,2,2,2,1,3
202400027072,2024-03-06 19:00:00,2024,3,6,19,0,38,38185,RUE RAOUL BLANCHARD,45.19018,5.72978,Crépuscule ou aube,En agglomération,Hors intersection,Normale,Autre collision,4,1,1,0,1,1,1,0,1,50,1,3,2,0,0,1,22.0,,voiture,,2,2,1,1,6
202400027073,2024-11-11 06:35:00,2024,11,11,6,35,57,57463,GAMBETTA (PONT ),49.12745,6.18703,Nuit avec éclairage allumé,En agglomération,Hors intersection,Brouillard / fumée,Deux véhicules - frontale,7,2,2,0,1,1,2,2,1,70,2,2,1,0,1,0,21.0,47.0,voiture,voiture,5,2,1,5,1
202400027074,2024-11-11 21:30:00,2024,11,11,21,30,54,54304,Avenue des Quatre Vents,48.6935,6.1298,Nuit avec éclairage allumé,Hors agglomération,Hors intersection,Pluie légère,Deux véhicules - frontale,4,3,2,0,2,3,2,0,1,70,2,3,2,0,0,1,18.0,29.0,voiture,voiture,5,1,1,2,1
202400027075,2024-03-06 21:45:00,2024,3,6,21,45,37,37261,WAGNER (BOULEVARD RICHARD),47.3762819,0.71160328,Nuit avec éclairage allumé,En agglomération,Intersection en X,Normale,Deux véhicules - côté,4,2,2,0,3,1,1,5,1,50,2,2,1,0,0,1,23.0,23.0,voiture,deux_roues,5,2,2,1,3
202400027075,2024-03-06 21:45:00,2024,3,6,21,45,37,37261,WAGNER (BOULEVARD RICHARD),47.3762819,0.71160328,Nuit avec éclairage allumé,En agglomération,Intersection en X,Normale,Deux véhicules - côté,4,2,4,0,1,1,1,5,1,50,2,2,1,0,0,1,23.0,23.0,voiture,deux_roues,5,2,2,1,3
202400027076,2024-10-31 17:15:00,2024,10,31,17,15,54,54099,D643,49.26958039,5.89721739,Plein jour,Hors agglomération,Intersection en Y,Normale,Deux véhicules - côté,3,1,1,0,2,2,1,3,1,80,2,2,0,0,0,2,72.0,67.0,voiture,voiture,1,1,4,1,3
202400027076,2024-10-31 17:15:00,2024,10,31,17,15,54,54099,D643,49.26958039,5.89721739,Plein jour,Hors agglomération,Intersection en Y,Normale,Deux véhicules - côté,3,2,2,0,1,1,1,3,1,80,2,2,0,0,0,2,72.0,67.0,voiture,voiture,1,1,4,1,3