accident_id,datetime,annee,mois,jour,heure,minute,departement,commune_insee,adresse,latitude,longitude,luminosite,agglomeration,intersection,meteo,collision,catr,circ,nbv,vosp,prof,plan,surf,infra,situ,vma,nb_vehicules,nb_usagers,nb_indemnes,nb_tues,nb_blesses_hosp,nb_blesses_legers,age_cond_1,age_cond_2,veh_type_cond_1,veh_type_cond_2,lum_code,agg_code,int_code,atm_code,col_code
202400027213,2024-02-26 10:45:00,2024,2,26,10,45,971,97117,Route de Chateau Gaillard,16.311758,-61.386039,Plein jour,Hors agglomération,Intersection en T,Normale,Deux véhicules - côté,2,2,2,0,1,1,1,0,1,80,2,2,1,0,0,1,48.0,26.0,voiture,utilitaire_camion,1,1,3,1,3
202400027213,2024-02-26 10:45:00,2024,2,26,10,45,971,97117,Route de Chateau Gaillard,16.311758,-61.386039,Plein jour,Hors agglomération,Intersection en T,Normale,Deux véhicules - côté,2,2,2,0,1,1,1,5,1,80,2,2,1,0,0,1,48.0,26.0,voiture,utilitaire_camion,1,1,3,1,3
202400027214,2024-03-07 17:10:00,2024,3,7,17,10,78,78623,D34,48.784823,1.872877,Plein jour,Hors agglomération,Giratoire,Normale,Deux véhicules - côté,3,2,2,0,1,2,1,0,1,80,2,2,1,0,0,1,51.0,59.0,deux_roues,voiture,1,1,6,1,3
202400027214,2024-03-07 17:10:00,2024,3,7,17,10,78,78623,D34,48.784823,1.872877,Plein jour,Hors agglomération,Giratoire,Normale,Deux véhicules - côté,3,2, -1,-1,1,1,1,0,1,-1,2,2,1,0,0,1,51.0,59.0,deux_roues,voiture,1,1,6,1,3
202400027215,2024-03-07 07:45:00,2024,3,7,7,45,66,66065,,42.61179,2.976254,Plein jour,En agglomération,Hors intersection,Normale,Deux véhicules - côté,4,2,2,0,1,1,1,0,1,50,2,2,1,0,1,0,22.0,42.0,deux_roues,transport_commun,1,2,1,1,3
202400027216,2024-12-17 18:05:00,2024,12,17,18,5,77,77390,D361,48.79924,2.63838,Nuit avec éclairage allumé,En agglomération,Hors intersection,Normale,Autre collision,3,2,2,0,1,3,1,6,1,50,1,2,1,0,0,1,33.0,,voiture,,5,2,1,1,6
202400027217,2024-03-07 10:22:00,2024,3,7,10,22,13,13100,Avenue Charles Mauron,43.790765,4.833464,Plein jour,En agglomération,Hors intersection,Normale,Deux véhicules - frontale,4,1,1,0,1,1,1,0,1,50,1,2,1,0,0,1,19.0,,voiture,,1,2,1,1,1
202400027218,2024-12-16 17:25:00,2024,12,16,17,25,77,77083,NESLE (BOULEVARD DE),48.84896,2.58151,Nuit avec éclairage allumé,En agglomération,Hors intersection,Normale,Sans collision,4,2,2,0,2,1,1,0,1,50,1,1,0,0,0,1,48.0,,deux_roues,,5,2,1,1,7
202400027219,2024-03-07 17:05:00,2024,3,7,17,5,64,64481,D936,43.252623,-0.691565,Plein jour,Hors agglomération,Intersection en X,Normale,Deux véhicules - frontale,3,2,2,0,1,1,1,0,1,80,2,2,0,1,1,0,40.0,24.0,utilitaire_camion,utilitaire_camion,1,1,2,1,1
202400027219,2024-03-07 17:05:00,2024,3,7,17,5,64,64481,D936,43.252623,-0.691565,Plein jour,Hors agglomération,Intersection en X,Normale,Deux véhicules - frontale,3,2, -1,-1,1,1,1,0,1,80,2,2,0,1,1,0,40.0,24.0,utilitaire_camion,utilitaire_camion,1,1,2,1,1
202400027220,2024-12-18 10:07:00,2024,12,18,10,7,77,77268,D344,48.85557,2.8018,Plein jour,Hors agglomération,Hors intersection,Temps couvert,Deux véhicules - arrière,3,2,0,0,1,1,1,3,1,70,2,2,1,0,0,1,23.0,33.0,voiture,voiture,1,1,1,8,2
202400027221,2024-03-07 18:30:00,2024,3,7,18,30,64,64376,D938,43.268909,-0.301952,Plein jour,Hors agglomération,Hors intersection,Normale,Sans collision,3,2,2,0,1,2,1,0,8,80,1,1,0,0,0,1,28.0,,deux_roues,,1,1,1,1,7
202400027222,2024-12-17 07:00:00,2024,12,17,7,0,77,77058,GENERAL DE GAULLE  (AVENUE DU),48.84053,2.73245,Nuit avec éclairage allumé,En agglomération,Giratoire,Pluie légère,Deux véhicules - côté,4,1,0,0,1,1,2,0,1,50,2,2,1,0,0,1,41.0,27.0,transport_commun,voiture,5,2,6,2,3
202400027223,2024-02-15 12:20:00,2024,2,15,12,20,33,33227,,44.553269,-0.247477,Plein jour,En agglomération,Hors intersection,Temps couvert,Autre collision,3,1,1,2,1,1,1,-1,1,20,1,2,1,0,1,0,23.0,,utilitaire_camion,,1,2,1,8,6
202400027224,2024-03-07 15:50:00,2024,3,7,15,50,80,80421,A1,49.764741,2.795281,Plein jour,Hors agglomération,Hors intersection,Normale,Deux véhicules - arrière,1,3,3,0,1,1,1,0,1,-1,2,3,1,0,2,0,65.0,44.0,voiture,utilitaire_camion,1,1,1,1,2
202400027225,2024-12-13 23:40:00,2024,12,13,23,40,77,77186,D301,48.40589,2.63898,Nuit sans éclairage public,Hors agglomération,Hors intersection,Temps couvert,Sans collision,3,3,2,0,1,3,1,0,3,70,1,2,1,0,0,1,19.0,,voiture,,3,1,1,8,7
202400027226,2024-03-07 17:55:00,2024,3,7,17,55,62,62589,D49,50.347042,2.701839,Crépuscule ou aube,Hors agglomération,Hors intersection,Normale,Sans collision,3,2,2,0,1,2,1,0,8,80,1,1,0,0,1,0,26.0,,deux_roues,,2,1,1,1,7
202400027227,2024-12-16 18:00:00,2024,12,16,18,0,76,76341,PAUL DOUMER,49.5131,0.19835,Nuit avec éclairage allumé,En agglomération,Hors intersection,Normale,Autre collision,4,2,2,0,1,1,1,0,1,50,1,2,1,0,1,0,60.0,,voiture,,5,2,1,1,6
202400027228,2024-03-06 18:30:00,2024,3,6,18,30,59,59268,3155 Rue du Grand Chemin,50.614502,2.747793,Crépuscule ou aube,Hors agglomération,Hors intersection,Normale,Deux véhicules - frontale,3,2,2,0,1,1,1,0,1,80,2,2,1,0,1,0,26.0,54.0,voiture,voiture,2,1,1,1,1
202400027229,2024-12-18 07:50:00,2024,12,18,7,50,73,73029,D201 Route d'Apremont,45.56442,5.94371,Nuit avec éclairage allumé,En agglomération,Intersection en T,Normale,Deux véhicules - côté,3,2,2,0,1,1,1,5,1,50,2,2,1,0,0,1,68.0,17.0,voiture,deux_roues,5,2,3,1,3
202400027229,2024-12-18 07:50:00,2024,12,18,7,50,73,73029,D201 Route d'Apremont,45.56442,5.94371,Nuit avec éclairage allumé,En agglomération,Intersection en T,Normale,Deux véhicules - côté,3,-1, -1,-1,2,1,1,0,1,-1,2,2,1,0,0,1,68.0,17.0,voiture,deux_roues,5,2,3,1,3
202400027230,2024-03-06 16:10:00,2024,3,6,16,10,83,83144,A57,43.13525855,5.99079429,Plein jour,Hors agglomération,Hors intersection,Normale,Deux véhicules - côté,1,3,4,0,1,1,1,8,1,70,2,3,2,0,0,1,42.0,81.0,utilitaire_camion,voiture,1,1,1,1,3
202400027231,2024-12-16 14:50:00,2024,12,16,14,50,73,73011,CHAUTEMPS (RUE FELIX),45.67600142,6.3860687,Plein jour,En agglomération,Hors intersection,Temps éblouissant,Autre collision,4,2,2,0,1,1,1,0,1,30,1,1,0,0,0,1,57.0,,voiture,,1,2,1,7,6
202400027232,2024-03-05 10:00:00,2024,3,5,10,0,33,33080,,44.74278,-0.53705,Plein jour,Hors agglomération,Hors intersection,Pluie légère,Trois véhicules et plus - en chaîne,1,3,4,0,1,1,2,0,1,130,3,4,2,0,0,2,51.0,42.0,voiture,voiture,1,1,1,2,4
202400027233,2024-03-06 11:03:00,2024,3,6,11,3,78,78321,RN12 INT,48.798899,1.921436,Plein jour,Hors agglomération,Hors intersection,Normale,Deux véhicules - arrière,2,3,3,0,1,1,1,0,1,90,2,3,1,0,0,2,33.0,19.0,utilitaire_camion,voiture,1,1,1,1,2
202400027234,2024-12-17 22:00:00,2024,12,17,22,0,72,72181,MESSIAEN OLIVIER (AV) IMPAIRS,48.01479,0.16016,Nuit avec éclairage allumé,En agglomération,Hors intersection,Normale,Autre collision,3,3,2,0,2,1,1,0,4,50,1,2,1,0,0,1,19.0,,voiture,,5,2,1,1,6
202400027235,2024-03-06 07:40:00,2024,3,6,7,40,78,78158,A13,48.83216,2.14076,Crépuscule ou aube,Hors agglomération,Hors intersection,Normale,Trois véhicules et plus - en chaîne,1,1,4,0,1,1,1,0,1,110,3,3,2,0,0,1,52.0,29.0,utilitaire_camion,utilitaire_camion,2,1,1,1,4
202400027236,2024-12-17 19:40:00,2024,12,17,19,40,71,71486,RD 974,46.62961,4.33289,Nuit avec éclairage non allumé,Hors agglomération,Hors intersection,Normale,Deux véhicules - frontale,3,2,2,0,1,3,1,0,1,70,2,2,1,0,1,0,18.0,45.0,deux_roues,voiture,4,1,1,1,1
202400027237,2024-03-05 17:45:00,2024,3,5,17,45,78,78423,RN12,48.79647,2.03542,Plein jour,Hors agglomération,Hors intersection,Normale,Deux véhicules - côté,2,1,2,0,1,1,2,0,1,110,2,2,1,0,0,1,50.0,22.0,voiture,deux_roues,1,1,1,1,3
202400027238,2024-03-05 22:20:00,2024,3,5,22,20,78,78238,A13,48.970671,1.879082,Nuit sans éclairage public,Hors agglomération,Hors intersection,Pluie légère,Autre collision,1,1,3,0,1,1,2,9,1,130,1,1,0,0,0,1,36.0,,voiture,,3,1,1,2,6
202400027239,2024-12-17 19:50:00,2024,12,17,19,50,69,69275,185 Avenue Jean Jaurès,45.77038,4.95554,Nuit avec éclairage allumé,En agglomération,Intersection en X,Normale,Deux véhicules - arrière,7,2,2,0,1,1,1,0,1,30,2,3,1,0,0,2,48.0,41.0,voiture,voiture,5,2,2,1,2
202400027239,2024-12-17 19:50:00,2024,12,17,19,50,69,69275,185 Avenue Jean Jaurès,45.77038,4.95554,Nuit avec éclairage allumé,En agglomération,Intersection en X,Normale,Deux véhicules - arrière,7,2,2,0,1,1,1,0,1,-1,2,3,1,0,0,2,48.0,41.0,voiture,voiture,5,2,2,1,2
202400027240,2024-12-18 11:53:00,2024,12,18,11,53,69,69290,Route de Mions,45.68515097,4.94711356,Plein jour,En agglomération,Hors intersection,Normale,Deux véhicules - frontale,4,2,2,2,1,1,1,0,1,50,2,3,1,0,0,2,44.0,12.0,voiture,deux_roues,1,2,1,1,1
202400027241,2024-03-05 21:30:00,2024,3,5,21,30,92,92050,A86,48.91626318,2.22127891,Nuit sans éclairage public,Hors agglomération,Hors intersection,Pluie légère,Trois véhicules et plus - en chaîne,1,3,3,0,1,1,2,0,1,90,3,5,2,0,0,3,23.0,40.0,utilitaire_camion,voiture,3,1,1,2,4
202400027242,2024-03-05 16:50:00,2024,3,5,16,50,92,92050,A14,48.89404962,2.23154008,Plein jour,Hors agglomération,Hors intersection,Normale,Sans collision,1,1,1,0,1,3,1,1,1,50,1,1,0,0,0,1,40.0,,deux_roues,,1,1,1,1,7
202400027243,2024-12-17 08:25:00,2024,12,17,8,25,69,69290,Rue Jean Zay,45.7121,4.9029,Plein jour,En agglomération,Intersection en T,Brouillard / fumée,Deux véhicules - côté,7,2,2,0,1,1,1,0,1,50,2,2,1,0,0,1,47.0,61.0,voiture,deux_roues,1,2,3,5,3
202400027243,2024-12-17 08:25:00,2024,12,17,8,25,69,69290,Rue Jean Zay,45.7121,4.9029,Plein jour,En agglomération,Intersection en T,Brouillard / fumée,Deux véhicules - côté,7,2,2,3,1,1,1,0,1,50,2,2,1,0,0,1,47.0,61.0,voiture,deux_roues,1,2,3,5,3
202400027244,2024-03-05 09:04:00,2024,3,5,9,4,78,78043,A12 Y,48.826235,2.076102,Plein jour,Hors agglomération,Hors intersection,Normale,Deux véhicules - arrière,1,1,4,0,1,1,1,0,1,110,2,3,2,0,0,1,62.0,21.0,voiture,deux_roues,1,1,1,1,2
202400027245,2024-12-16 22:30:00,2024,12,16,22,30,67,67482,KONRAD ADENAUER (PONT),48.571659,7.750244,Nuit avec éclairage allumé,En agglomération,Intersection en T,Normale,Sans collision,4,1,4,0,3,1,1,5,8,50,1,1,0,0,0,1,27.0,,voiture,,5,2,3,1,7
202400027245,2024-12-16 22:30:00,2024,12,16,22,30,67,67482,KONRAD ADENAUER (PONT),48.571659,7.750244,Nuit avec éclairage allumé,En agglomération,Intersection en T,Normale,Sans collision,4,1,1,0,3,2,1,2,4,50,1,1,0,0,0,1,27.0,,voiture,,5,2,3,1,7
202400027246,2024-03-05 08:13:00,2024,3,5,8,13,92,92036,A86,48.9348887,2.26784952,Plein jour,Hors agglomération,Hors intersection,Normale,Deux véhicules - côté,1,2,2,0,1,1,1,1,2,70,2,2,1,0,0,1,35.0,43.0,deux_roues,voiture,1,1,1,1,3
202400027247,2024-03-05 22:35:00,2024,3,5,22,35,93,93006,A3,48.86592939,2.41645289,Nuit sans éclairage public,Hors agglomération,Autre intersection,Pluie légère,Sans collision,1,1,2,0,2,3,2,2,1,70,1,1,0,0,0,1,24.0,,deux_roues,,3,1,9,2,7
202400027248,2024-12-18 21:20:00,2024,12,18,21,20,66,66136,Rue Lazare Escarguel,42.69734531,2.88784325,Nuit avec éclairage non allumé,En agglomération,Intersection en T,Normale,Deux véhicules - côté,4,1, -1,-1,1,1,1,5,8,-1,2,2,1,0,0,1,44.0,32.0,voiture,deux_roues,4,2,3,1,3
202400027248,2024-12-18 21:20:00,2024,12,18,21,20,66,66136,Rue Lazare Escarguel,42.69734531,2.88784325,Nuit avec éclairage non allumé,En agglomération,Intersection en T,Normale,Deux véhicules - côté,4,2,4,0,1,1,1,9,1,50,2,2,1,0,0,1,44.0,32.0,voiture,deux_roues,4,2,3,1,3
202400027249,2024-12-18 13:00:00,2024,12,18,13,0,66,66136,Rue Frédéric Valette,42.69778,2.88024,Plein jour,En agglomération,Hors intersection,Normale,Autre collision,4,1,1,0,1,1,1,0,1,30,1,2,1,0,0,1,47.0,,voiture,,1,2,1,1,6
202400027250,2024-03-06 18:50:00,2024,3,6,18,50,94,94073,A86,48.7705058,2.38419907,Crépuscule ou aube,Hors agglomération,Hors intersection,Normale,Deux véhicules - côté,1,3,6,0,1,1,1,0,1,90,2,2,1,0,0,1,55.0,51.0,utilitaire_camion,deux_roues,2,1,1,1,3
202400027251,2024-12-16 19:05:00,2024,12,16,19,5,66,66136,,42.7082902,2.8790617,Nuit avec éclairage allumé,Hors agglomération,Autre intersection,Normale,Deux véhicules - arrière,3,3,4,0,1,1,1,3,1,90,2,2,1,0,1,0,37.0,20.0,voiture,deux_roues,5,1,9,1,2
202400027252,2024-12-16 14:23:00,2024,12,16,14,23,66,66136,Quai Alfred Nobel,42.69638,2.88631,Plein jour,En agglomération,Hors intersection,Normale,Autre collision,4,1,1,0,1,1,1,6,1,30,1,2,1,0,1,0,,,voiture,,1,2,1,1,6
202400027253,2024-12-16 12:15:00,2024,12,16,12,15,66,66136,,42.69749513,2.8612411,Plein jour,Hors agglomération,Hors intersection,Normale,Autre collision,3,3,5,0,1,1,1,0,1,90,1,2,1,0,1,0,35.0,,voiture,,1,1,1,1,6
202400027254,2024-03-06 15:25:00,2024,3,6,15,25,93,93051,A4,48.83583303,2.56002195,Plein jour,Hors agglomération,Hors intersection,Normale,Trois véhicules et plus - en chaîne,1,3,8,0,1,1,1,0,1,110,3,3,2,0,0,1,56.0,39.0,utilitaire_camion,voiture,1,1,1,1,4
202400027255,2024-01-23 11:50:00,2024,1,23,11,50,93,93050,Rue du 11 Novembre,48.85946,2.526493,Plein jour,En agglomération,Hors intersection,Pluie légère,Autre collision,4,2,2,0,1,1,2,0,1,50,1,2,1,0,0,1,60.0,,utilitaire_camion,,1,2,1,2,6
202400027256,2024-12-18 14:00:00,2024,12,18,14,0,64,64373,GENERAL DE GAULLE DU,43.27398,-0.34647,Plein jour,En agglomération,Hors intersection,Temps éblouissant,Deux véhicules - côté,3,2,1,0,1,1,1,0,1,70,2,2,1,0,0,1,16.0,18.0,deux_roues,deux_roues,1,2,1,7,3
202400027257,2024-02-04 13:00:00,2024,2,4,13,0,44,44109,50 Route de Saint Sébastien,47.19979117,-1.53127256,Plein jour,En agglomération,Hors intersection,Temps couvert,Deux véhicules - côté,4,2,2,3,1,2,1,-1,1,50,2,3,2,0,0,1,39.0,,deux_roues,voiture,1,2,1,8,3
202400027258,2024-12-18 11:55:00,2024,12,18,11,55,64,64348,FRERES FARMAN DES,43.32833,-0.39336,Plein jour,Hors agglomération,Hors intersection,Normale,Autre collision,4,1,1,1,1,1,1,0,1,50,1,3,2,0,1,0,70.0,,voiture,,1,1,1,1,6
202400027259,2024-01-03 17:30:00,2024,1,3,17,30,74,74237,30 rue nationale,46.393669,6.802661,Crépuscule ou aube,En agglomération,Hors intersection,Normale,Autre collision,3,2,2,0,1,1,1,9,1,50,1,2,1,0,0,1,31.0,,voiture,,2,2,1,1,6
202400027260,2024-12-18 10:15:00,2024,12,18,10,15,64,64445,BUROS DE,43.32051536,-0.34591377,Plein jour,En agglomération,Hors intersection,Temps éblouissant,Autre collision,4,2,2,0,1,3,1,0,1,50,1,2,1,0,0,1,68.0,,voiture,,1,2,1,7,6
202400027261,2024-01-02 18:25:00,2024,1,2,18,25,74,74108,Rte des Champs Fleuris,45.828985,6.18832,Nuit avec éclairage allumé,En agglomération,Intersection en T,Pluie légère,Autre collision,3,2,2,0,1,3,2,9,1,50,1,3,2,1,0,0,48.0,,voiture,,5,2,3,2,6
202400027261,2024-01-02 18:25:00,2024,1,2,18,25,74,74108,Rte des Champs Fleuris,45.828985,6.18832,Nuit avec éclairage allumé,En agglomération,Intersection en T,Pluie légère,Autre collision,3,2, -1,-1,1,1,2,0,1,-1,1,3,2,1,0,0,48.0,,voiture,,5,2,3,2,6
202400027262,2024-12-17 11:35:00,2024,12,17,11,35,64,64445,SARAGOSSE DE,43.30783,-0.35967,Plein jour,En agglomération,Hors intersection,Normale,Autre collision,6,-1,0,0,1,1,1,0,1,30,1,2,1,0,1,0,62.0,,utilitaire_camion,,1,2,1,1,6
202400027263,2024-12-16 15:20:00,2024,12,16,15,20,64,64445,ALFRED DE MUSSET,43.2958,-0.36172,Plein jour,En agglomération,Hors intersection,Normale,Autre collision,4,2,2,0,1,2,1,9,1,30,1,2,1,0,0,1,79.0,,voiture,,1,2,1,1,6
202400027264,2024-01-01 12:40:00,2024,1,1,12,40,74,74038,Route de plaine joux,46.19148463,6.4501899,Plein jour,Hors agglomération,Intersection en T,Normale,Deux véhicules - côté,3,2,2,0,2,3,2,0,1,80,2,3,1,0,0,2,22.0,23.0,voiture,voiture,1,1,3,1,3
202400027264,2024-01-01 12:40:00,2024,1,1,12,40,74,74038,Route de plaine joux,46.19148463,6.4501899,Plein jour,Hors agglomération,Intersection en T,Normale,Deux véhicules - côté,3,2,2,0,1,1,2,0,1,80,2,3,1,0,0,2,22.0,23.0,voiture,voiture,1,1,3,1,3
202400027265,2024-12-17 14:30:00,2024,12,17,14,30,64,64122,ESTAGNAS (RUE DE L'),43.48555,-1.54083,Plein jour,En agglomération,Autre intersection,Normale,Autre collision,6,-1, -1,0,1,1,1,9,8,30,1,1,0,0,1,0,46.0,,voiture,,1,2,9,1,6
202400027266,2024-02-03 21:40:00,2024,2,3,21,40,44,44109,41 Boulevard Ernest Dalby,47.22481193,-1.52956785,Nuit avec éclairage allumé,En agglomération,Hors intersection,Normale,Autre collision,4,2,2,0,1,1,1,0,1,50,1,2,1,0,0,1,42.0,,voiture,,5,2,1,1,6
202400027267,2024-12-16 18:20:00,2024,12,16,18,20,64,64102,PONT GRENET,43.49884,-1.48166,Nuit avec éclairage allumé,En agglomération,Hors intersection,Normale,Autre collision,4,2,4,0,1,1,1,2,1,50,1,2,1,0,0,1,76.0,,voiture,,5,2,1,1,6
202400027268,2024-02-02 14:40:00,2024,2,2,14,40,44,44109,4 Place Alfred Lallié,47.22742541,-1.54523807,Plein jour,En agglomération,Intersection en X,Temps couvert,Deux véhicules - côté,4,2,2,2,1,1,1,-1,1,50,2,2,1,0,0,1,54.0,58.0,voiture,deux_roues,1,2,2,8,3
202400027268,2024-02-02 14:40:00,2024,2,2,14,40,44,44109,4 Place Alfred Lallié,47.22742541,-1.54523807,Plein jour,En agglomération,Intersection en X,Temps couvert,Deux véhicules - côté,4,2,2,2,1,1,1,5,1,50,2,2,1,0,0,1,54.0,58.0,voiture,deux_roues,1,2,2,8,3
202400027269,2024-12-16 17:50:00,2024,12,16,17,50,62,62498,Rue Alain,50.44344279,2.83202237,Plein jour,En agglomération,Hors intersection,Normale,Autre collision,4,2,2,3,1,1,1,0,1,50,2,2,1,0,1,0,21.0,18.0,voiture,deux_roues,1,2,1,1,6
202400027270,2024-03-05 17:50:00,2024,3,5,17,50,973,97302,BADUEL (ROND POINT DE),4.9331262,-52.30922341,Plein jour,En agglomération,Giratoire,Normale,Deux véhicules - côté,3,4,1,0,1,3,1,0,1,50,2,2,1,0,0,1,33.0,33.0,voiture,deux_roues,1,2,6,1,3
202400027271,2024-12-17 11:00:00,2024,12,17,11,0,62,62119,Place Lamartine,50.53507,2.63845,Plein jour,En agglomération,Giratoire,Normale,Autre collision,4,-1,0,0,1,1,1,5,1,50,1,2,1,0,0,1,,,utilitaire_camion,,1,2,6,1,6
202400027272,2024-12-17 00:40:00,2024,12,17,0,40,61,61497,D501,48.456333,0.104167,Nuit sans éclairage public,Hors agglomération,Hors intersection,Pluie légère,Autre collision,3,2,2,0,1,3,2,0,3,80,1,2,0,0,0,2,15.0,,voiture,,3,1,1,2,6
202400027273,2024-03-05 16:27:00,2024,3,5,16,27,973,97302,LIBERTE (AVENUE DE LA),4.9369324,-52.32595235,Plein jour,En agglomération,Intersection en T,Normale,Deux véhicules - côté,3,1,1,0,1,1,1,0,1,50,2,3,2,0,0,1,29.0,28.0,deux_roues,voiture,1,2,3,1,3
202400027273,2024-03-05 16:27:00,2024,3,5,16,27,973,97302,LIBERTE (AVENUE DE LA),4.9369324,-52.32595235,Plein jour,En agglomération,Intersection en T,Normale,Deux véhicules - côté,3,2, -1,-1,1,1,1,0,1,-1,2,3,2,0,0,1,29.0,28.0,deux_roues,voiture,1,2,3,1,3
202400027274,2024-12-17 17:15:00,2024,12,17,17,15,59,59009,CHAMPOLLION AVENUE,50.63739,3.13545,Nuit avec éclairage allumé,En agglomération,Autre intersection,Normale,Autre collision,7,1,1,0,1,2,1,9,1,50,1,2,1,0,0,1,47.0,,voiture,,5,2,9,1,6
202400027275,2024-03-05 10:45:00,2024,3,5,10,45,973,97302,MONTABO (ROUTE DE) 1,4.94351057,-52.30699718,Plein jour,En agglomération,Intersection en T,Normale,Autre collision,3,2,2,0,1,1,1,0,1,50,2,2,1,0,0,1,34.0,34.0,deux_roues,utilitaire_camion,1,2,3,1,6
202400027275,2024-03-05 10:45:00,2024,3,5,10,45,973,97302,MONTABO (ROUTE DE) 1,4.94351057,-52.30699718,Plein jour,En agglomération,Intersection en T,Normale,Autre collision,3,-1,2,0,1,1,1,0,1,50,2,2,1,0,0,1,34.0,34.0,deux_roues,utilitaire_camion,1,2,3,1,6
202400027276,2024-03-05 07:40:00,2024,3,5,7,40,973,97302,PETIT MONACO (ROND-POINT),4.94128727,-52.32132018,Plein jour,En agglomération,Autre intersection,Pluie légère,Sans collision,3,4,1,0,1,2,2,9,1,50,1,1,0,0,0,1,54.0,,deux_roues,,1,2,9,2,7
202400027277,2024-12-16 17:45:00,2024,12,16,17,45,59,59560,BOUVRY ROGER RUE,50.544095,3.023447,Nuit avec éclairage allumé,En agglomération,Hors intersection,Pluie légère,Autre collision,4,2,2,1,1,1,2,0,1,30,1,2,1,0,1,0,69.0,,voiture,,5,2,1,2,6
202400027278,2024-03-05 08:15:00,2024,3,5,8,15,69,69388,Rue Guillaume Paradin,45.73891,4.88609,Plein jour,En agglomération,Hors intersection,Normale,Autre collision,4,2,2,0,1,1,1,0,1,30,1,2,1,0,0,1,31.0,,utilitaire_camion,,1,2,1,1,6
202400027279,2024-12-16 15:10:00,2024,12,16,15,10,59,59271,COMMUNE DE PARIS - AVENUE,51.01314,2.30312,Plein jour,En agglomération,Place,Normale,Autre collision,4,2,2,0,1,1,1,0,1,50,1,2,1,0,1,0,65.0,,voiture,,1,2,7,1,6
202400027280,2024-03-05 15:30:00,2024,3,5,15,30,972,97213,ROUTE DEPARTEMENTALE 14,14.61912,-61.02124,Plein jour,En agglomération,Hors intersection,Normale,Deux véhicules - côté,6,-1,0,0,1,1,1,0,1,30,2,2,1,0,0,1,44.0,32.0,deux_roues,voiture,1,2,1,1,3
202400027281,2024-12-18 05:05:00,2024,12,18,5,5,58,58194,SAINT BENIN,46.98708,3.14746,Nuit avec éclairage non allumé,En agglomération,Intersection en T,Normale,Deux véhicules - côté,4,1,1,0,3,1,1,0,1,50,2,2,1,0,0,1,54.0,41.0,deux_roues,voiture,4,2,3,1,3
202400027281,2024-12-18 05:05:00,2024,12,18,5,5,58,58194,SAINT BENIN,46.98708,3.14746,Nuit avec éclairage non allumé,En agglomération,Intersection en T,Normale,Deux véhicules - côté,4,2,2,0,3,1,1,0,1,50,2,2,1,0,0,1,54.0,41.0,deux_roues,voiture,4,2,3,1,3
202400027282,2024-03-04 17:30:00,2024,3,4,17,30,971,97101,ROUTE DE BOISVINS,16.26048,-61.46031,Plein jour,Hors agglomération,Hors intersection,Normale,Deux véhicules - frontale,3,2,0,0,2,3,1,0,1,70,2,2,1,0,0,1,21.0,58.0,voiture,voiture,1,1,1,1,1
202400027283,2024-12-17 00:57:00,2024,12,17,0,57,56,56098,Zone portuaire du Rohu,47.75407,-3.32445,Nuit sans éclairage public,En agglomération,Hors intersection,Normale,Autre collision,3,2,2,0,1,1,1,0,3,50,1,1,0,0,0,1,19.0,,voiture,,3,2,1,1,6
202400027284,2024-03-04 08:50:00,2024,3,4,8,50,91,91215,QUINCY (RUE DE),48.68541,2.51409,Plein jour,En agglomération,Intersection en X,Normale,Trois véhicules et plus - en chaîne,4,2,2,0,1,1,1,0,1,50,4,4,2,0,0,2,47.0,47.0,voiture,voiture,1,2,2,1,4
202400027284,2024-03-04 08:50:00,2024,3,4,8,50,91,91215,QUINCY (RUE DE),48.68541,2.51409,Plein jour,En agglomération,Intersection en X,Normale,Trois véhicules et plus - en chaîne,4,-1,2,0,1,1,1,0,1,50,4,4,2,0,0,2,47.0,47.0,voiture,voiture,1,2,2,1,4
202400027285,2024-12-17 18:05:00,2024,12,17,18,5,51,51058,MONNET (AVENUE JEAN),49.21611,3.99761,Nuit avec éclairage allumé,En agglomération,Hors intersection,Normale,Trois véhicules et plus - en chaîne,4,2,2,0,1,1,1,0,1,50,3,5,2,0,0,3,33.0,27.0,voiture,voiture,5,2,1,1,4
202400027286,2024-03-04 08:50:00,2024,3,4,8,50,91,91691,MARCEAU BALLIOT (RUE),48.708242,2.495142,Plein jour,En agglomération,Hors intersection,Normale,Deux véhicules - arrière,3,1,2,0,1,1,1,0,1,30,2,2,1,0,0,1,36.0,65.0,voiture,voiture,1,2,1,1,2
202400027287,2024-12-17 11:35:00,2024,12,17,11,35,51,51454,LANGLET (COURS JEAN BAPTISTE),49.25738,4.02994,Plein jour,En agglomération,Intersection en X,Normale,Sans collision,4,1,1,0,1,1,1,0,1,30,1,1,0,0,1,0,81.0,,deux_roues,,1,2,2,1,7
202400027287,2024-12-17 11:35:00,2024,12,17,11,35,51,51454,LANGLET (COURS JEAN BAPTISTE),49.25738,4.02994,Plein jour,En agglomération,Intersection en X,Normale,Sans collision,4,1,1,0,1,1,1,0,1,30,1,1,0,0,1,0,81.0,,deux_roues,,1,2,2,1,7
202400027288,2024-03-05 20:00:00,2024,3,5,20,0,91,91027,RUE CARON,48.716875,2.407492,Nuit avec éclairage allumé,En agglomération,Hors intersection,Normale,Deux véhicules - arrière,4,-1,1,0,2,1,2,9,3,50,2,3,2,0,0,1,20.0,20.0,voiture,voiture,5,2,1,1,2