accident_id,datetime,annee,mois,jour,heure,minute,departement,commune_insee,adresse,latitude,longitude,luminosite,agglomeration,intersection,meteo,collision,catr,circ,nbv,vosp,prof,plan,surf,infra,situ,vma,nb_vehicules,nb_usagers,nb_indemnes,nb_tues,nb_blesses_hosp,nb_blesses_legers,age_cond_1,age_cond_2,veh_type_cond_1,veh_type_cond_2,lum_code,agg_code,int_code,atm_code,col_code
202400027354,2024-02-18 16:20:00,2024,2,18,16,20,66,66136,,42.69571044,2.85210013,Plein jour,Hors agglomération,Hors intersection,Normale,Autre collision,3,3,4,0,1,1,1,0,2,90,1,2,1,1,0,0,,,autre,,1,1,1,1,6
202400027355,2024-12-11 17:30:00,2024,12,11,17,30,29,29232,Rue du Chateau,48.00606,-4.110076,Nuit avec éclairage allumé,En agglomération,Passage à niveau,Normale,Autre collision,4,1,1,3,1,1,1,4,6,140,1,2,1,1,0,0,48.0,,transport_commun,,5,2,8,1,6
202400027356,2024-04-10 18:05:00,2024,4,10,18,5,91,91174,BD HENRI DUNANT,48.59491,2.47844,Plein jour,En agglomération,Intersection en T,Normale,Deux véhicules - côté,4,2,0,0,2,1,1,0,1,50,2,2,1,0,0,1,45.0,41.0,deux_roues,voiture,1,2,3,1,3
202400027356,2024-04-10 18:05:00,2024,4,10,18,5,91,91174,BD HENRI DUNANT,48.59491,2.47844,Plein jour,En agglomération,Intersection en T,Normale,Deux véhicules - côté,4,2,0,0,1,1,1,0,1,50,2,2,1,0,0,1,45.0,41.0,deux_roues,voiture,1,2,3,1,3
202400027357,2024-03-05 18:45:00,2024,3,5,18,45,65,65226,5 Rue du Gabizos,43.21971,0.02969,Plein jour,Hors agglomération,Hors intersection,Pluie légère,Autre collision,3,2,2,0,1,1,2,0,1,50,1,2,0,1,1,0,42.0,,voiture,,1,1,1,2,6
202400027358,2024-01-22 16:35:00,2024,1,22,16,35,77,77445,D150,48.58688867,2.59408659,Plein jour,En agglomération,Hors intersection,Pluie légère,Autre collision,3,2,2,0,1,1,2,0,1,50,1,2,1,0,0,1,25.0,,utilitaire_camion,,1,2,1,2,6
202400027359,2024-04-12 14:30:00,2024,4,12,14,30,87,87050,RD947,45.89641008,1.22952461,Plein jour,Hors agglomération,Hors intersection,Normale,Autre collision,3,2,2,0,1,1,1,0,1,90,1,1,0,0,1,0,76.0,,voiture,,1,1,1,1,6
202400027360,2024-12-17 09:25:00,2024,12,17,9,25,29,29232,Route de Douarnenez,47.99871378,-4.11619548,Plein jour,En agglomération,Hors intersection,Normale,Trois véhicules et plus - en chaîne,3,2,2,0,1,1,1,0,1,50,3,4,2,0,0,2,76.0,21.0,voiture,voiture,1,2,1,1,4
202400027361,2024-03-05 07:45:00,2024,3,5,7,45,64,64024,BARTHES (RUE DES),43.48345828,-1.51089214,Crépuscule ou aube,En agglomération,Hors intersection,Pluie légère,Autre collision,4,2,2,0,1,1,2,0,8,30,1,2,1,0,0,1,17.0,,voiture,,2,2,1,2,6
202400027362,2024-01-23 17:55:00,2024,1,23,17,55,76,76231,Rue du Neubourg,49.28676,1.00898,Crépuscule ou aube,En agglomération,Giratoire,Normale,Autre collision,7,1,2,0,1,2,1,0,1,50,1,2,1,0,0,1,77.0,,voiture,,2,2,6,1,6
202400027362,2024-01-23 17:55:00,2024,1,23,17,55,76,76231,Rue du Neubourg,49.28676,1.00898,Crépuscule ou aube,En agglomération,Giratoire,Normale,Autre collision,7,2,2,0,1,3,1,9,1,50,1,2,1,0,0,1,77.0,,voiture,,2,2,6,1,6
202400027363,2024-04-12 05:00:00,2024,4,12,5,0,84,84092,CROIX VERTE (av de la)),43.95482,4.83819,Nuit avec éclairage allumé,En agglomération,Intersection en X,Normale,Deux véhicules - côté,4,2,2,0,1,1,1,5,1,50,2,2,0,0,0,2,19.0,19.0,deux_roues,voiture,5,2,2,1,3
202400027363,2024-04-12 05:00:00,2024,4,12,5,0,84,84092,CROIX VERTE (av de la)),43.95482,4.83819,Nuit avec éclairage allumé,En agglomération,Intersection en X,Normale,Deux véhicules - côté,4,2,2,0,1,1,1,5,1,50,2,2,0,0,0,2,19.0,19.0,deux_roues,voiture,5,2,2,1,3
202400027364,2024-03-05 11:00:00,2024,3,5,11,0,63,63113,SABLON (COURS),45.7727,3.08992,Plein jour,En agglomération,Hors intersection,Pluie légère,Autre collision,4,2,4,3,2,1,2,0,1,30,1,2,0,0,0,2,44.0,,voiture,,1,2,1,2,6
202400027365,2024-12-16 18:40:00,2024,12,16,18,40,29,29019,D112,48.42255903,-4.47687371,Nuit sans éclairage public,Hors agglomération,Autre intersection,Normale,Deux véhicules - arrière,3,2,2,0,2,1,1,0,1,90,2,3,1,0,0,2,22.0,27.0,voiture,voiture,3,1,9,1,2
202400027366,2024-01-23 08:30:00,2024,1,23,8,30,76,76486,Rue d'Elbeuf,49.30234,0.99213,Plein jour,En agglomération,Hors intersection,Normale,Autre collision,7,2,2,0,1,1,1,0,1,50,1,2,1,0,0,1,35.0,,utilitaire_camion,,1,2,1,1,6
202400027367,2024-04-11 23:00:00,2024,4,11,23,0,83,83137,MOULINS (AVE DES DE 328 A FIN,43.14641703,5.91275179,Nuit avec éclairage allumé,En agglomération,Intersection en T,Normale,Deux véhicules - côté,3,-1, -1,0,1,1,1,0,1,50,2,2,1,0,0,1,,26.0,voiture,deux_roues,5,2,3,1,3
202400027367,2024-04-11 23:00:00,2024,4,11,23,0,83,83137,MOULINS (AVE DES DE 328 A FIN,43.14641703,5.91275179,Nuit avec éclairage allumé,En agglomération,Intersection en T,Normale,Deux véhicules - côté,3,2,2,0,1,1,1,0,1,50,2,2,1,0,0,1,,26.0,voiture,deux_roues,5,2,3,1,3
202400027368,2024-02-24 19:15:00,2024,2,24,19,15,62,62498,Route de Béthune,50.43837,2.81184,Nuit avec éclairage allumé,En agglomération,Hors intersection,Pluie légère,Deux véhicules - côté,4,2,2,0,1,1,2,0,1,50,2,3,2,0,0,1,23.0,64.0,voiture,voiture,5,2,1,2,3
202400027369,2024-12-17 00:40:00,2024,12,17,0,40,27,27681,BIZY ( RUE DE),49.08822,1.47226,Nuit avec éclairage allumé,En agglomération,Intersection en X,Normale,Autre collision,4,2,2,0,1,1,1,0,4,50,1,2,1,0,0,1,26.0,,voiture,,5,2,2,1,6
202400027369,2024-12-17 00:40:00,2024,12,17,0,40,27,27681,BIZY ( RUE DE),49.08822,1.47226,Nuit avec éclairage allumé,En agglomération,Intersection en X,Normale,Autre collision,4,2,2,0,1,1,1,0,4,50,1,2,1,0,0,1,26.0,,voiture,,5,2,2,1,6
202400027370,2024-03-19 15:10:00,2024,3,19,15,10,80,80021,Rue André Chénier,49.87763,2.28613,Plein jour,En agglomération,Hors intersection,Normale,Sans collision,4,-1,2,0,1,1,1,0,1,50,1,1,0,0,1,0,14.0,,deux_roues,,1,2,1,1,7
202400027371,2024-03-05 07:50:00,2024,3,5,7,50,61,61001,D112,48.436637,0.09933,Crépuscule ou aube,En agglomération,Intersection en T,Normale,Deux véhicules - arrière,3,2,3,2,2,1,2,5,1,50,2,2,1,0,0,1,34.0,57.0,deux_roues,voiture,2,2,3,1,2
202400027371,2024-03-05 07:50:00,2024,3,5,7,50,61,61001,D112,48.436637,0.09933,Crépuscule ou aube,En agglomération,Intersection en T,Normale,Deux véhicules - arrière,3,2,2,0,1,3,2,5,1,30,2,2,1,0,0,1,34.0,57.0,deux_roues,voiture,2,2,3,1,2
202400027372,2024-12-17 08:25:00,2024,12,17,8,25,27,27375,POSTEL (BOULEVARD DU DOCTEUR),49.21048,1.17311,Crépuscule ou aube,En agglomération,Intersection en T,Normale,Deux véhicules - côté,3,2,2,0,1,1,2,0,1,50,2,3,1,0,1,1,37.0,57.0,deux_roues,utilitaire_camion,2,2,3,1,3
202400027372,2024-12-17 08:25:00,2024,12,17,8,25,27,27375,POSTEL (BOULEVARD DU DOCTEUR),49.21048,1.17311,Crépuscule ou aube,En agglomération,Intersection en T,Normale,Deux véhicules - côté,3,2,2,0,1,3,2,0,1,50,2,3,1,0,1,1,37.0,57.0,deux_roues,utilitaire_camion,2,2,3,1,3
202400027373,2024-04-11 18:28:00,2024,4,11,18,28,77,77251,ALL DU TRAIT D'UNION,48.61585,2.54458,Plein jour,Hors agglomération,Hors intersection,Normale,Autre collision,4,2,4,0,1,1,1,9,1,50,1,2,1,0,1,0,26.0,,voiture,,1,1,1,1,6
202400027374,2024-03-04 22:50:00,2024,3,4,22,50,60,60057,Rue de Clermont,49.43217628,2.10781503,Nuit avec éclairage allumé,En agglomération,Place,Pluie légère,Autre collision,4,1,1,3,1,1,2,0,1,50,1,1,0,0,0,1,21.0,,utilitaire_camion,,5,2,7,2,6
202400027375,2024-12-18 17:35:00,2024,12,18,17,35,27,27229,EULER (RUE),49.0047,1.1381,Nuit avec éclairage allumé,En agglomération,Intersection en T,Normale,Sans collision,4,2,2,0,1,1,1,0,1,50,1,1,0,0,0,1,38.0,,deux_roues,,5,2,3,1,7
202400027375,2024-12-18 17:35:00,2024,12,18,17,35,27,27229,EULER (RUE),49.0047,1.1381,Nuit avec éclairage allumé,En agglomération,Intersection en T,Normale,Sans collision,4,-1,2,0,1,1,1,0,1,50,1,1,0,0,0,1,38.0,,deux_roues,,5,2,3,1,7
202400027376,2024-04-09 19:45:00,2024,4,9,19,45,77,77288,PATTON  (AVENUE GENERAL),48.54855928,2.64813841,Plein jour,En agglomération,Hors intersection,Autre,Deux véhicules - frontale,4,1,2,1,1,1,2,0,5,25,2,2,1,0,0,1,54.0,28.0,deux_roues,deux_roues,1,2,1,9,1
202400027377,2024-01-22 17:05:00,2024,1,22,17,5,76,76414,Rue de l'Ancien Port,49.91645,1.09797,Plein jour,En agglomération,Hors intersection,Normale,Trois véhicules et plus - en chaîne,4,2,2,0,1,1,1,0,1,50,6,9,7,0,1,1,29.0,56.0,deux_roues,voiture,1,2,1,1,4
202400027378,2024-03-05 13:06:00,2024,3,5,13,6,56,56260,Avenue du 4 Août 1944,47.67729,-2.76127,Plein jour,En agglomération,Intersection en T,Normale,Deux véhicules - côté,4,2,2,0,1,1,1,0,1,50,2,2,1,0,1,0,73.0,22.0,voiture,deux_roues,1,2,3,1,3
202400027378,2024-03-05 13:06:00,2024,3,5,13,6,56,56260,Avenue du 4 Août 1944,47.67729,-2.76127,Plein jour,En agglomération,Intersection en T,Normale,Deux véhicules - côté,4,2,2,0,1,1,1,0,1,50,2,2,1,0,1,0,73.0,22.0,voiture,deux_roues,1,2,3,1,3
202400027379,2024-12-18 08:15:00,2024,12,18,8,15,27,27229,ROCHETTE (RUE DE LA),49.02669,1.14169,Crépuscule ou aube,En agglomération,Hors intersection,Normale,Autre collision,4,2,2,0,1,1,1,0,1,50,1,2,1,0,0,1,66.0,,voiture,,2,2,1,1,6
202400027380,2024-12-18 08:15:00,2024,12,18,8,15,27,27229,BRIAND (AVENUE ARISTIDE),49.0168,1.12334,Crépuscule ou aube,En agglomération,Autre intersection,Normale,Autre collision,4,2,2,0,1,1,1,0,1,30,1,2,1,0,0,1,60.0,,voiture,,2,2,9,1,6
202400027381,2024-04-12 22:28:00,2024,4,12,22,28,77,77438,SABLONS  (RUE DES  ),48.85838,2.67053,Nuit avec éclairage allumé,En agglomération,Intersection en Y,Normale,Deux véhicules - côté,3,2,0,0,1,1,1,9,1,50,2,2,1,0,0,1,25.0,23.0,autre,voiture,5,2,4,1,3
202400027381,2024-04-12 22:28:00,2024,4,12,22,28,77,77438,SABLONS  (RUE DES  ),48.85838,2.67053,Nuit avec éclairage allumé,En agglomération,Intersection en Y,Normale,Deux véhicules - côté,3,2, -1,0,2,1,1,9,1,50,2,2,1,0,0,1,25.0,23.0,autre,voiture,5,2,4,1,3
202400027382,2024-03-05 10:00:00,2024,3,5,10,0,56,56121,DU COUEDIC (RUE),47.74975,-3.36349,Plein jour,En agglomération,Intersection en X,Normale,Autre collision,4,1,1,0,1,1,1,0,1,30,1,2,1,0,0,1,45.0,,utilitaire_camion,,1,2,2,1,6
202400027382,2024-03-05 10:00:00,2024,3,5,10,0,56,56121,DU COUEDIC (RUE),47.74975,-3.36349,Plein jour,En agglomération,Intersection en X,Normale,Autre collision,4,2,2,0,2,1,1,0,1,30,1,2,1,0,0,1,45.0,,utilitaire_camion,,1,2,2,1,6
202400027383,2024-01-23 17:40:00,2024,1,23,17,40,64,64445,UNIVERSITE DE L',43.31133,-0.36448,Plein jour,En agglomération,Hors intersection,Normale,Deux véhicules - côté,4,2,4,2,1,1,1,0,1,50,2,2,1,0,0,1,72.0,20.0,deux_roues,voiture,1,2,1,1,3
202400027384,2024-04-12 10:40:00,2024,4,12,10,40,77,77243,LAMARTINE  (RUE   ),48.86886766,2.67936766,Plein jour,En agglomération,Autre intersection,Normale,Autre collision,4,-1,0,0,1,1,1,0,8,30,1,2,1,0,0,1,24.0,,utilitaire_camion,,1,2,9,1,6
202400027385,2024-03-05 16:25:00,2024,3,5,16,25,54,54382,D618,49.54665,5.79996,Plein jour,Hors agglomération,Hors intersection,Normale,Deux véhicules - côté,3,3,2,0,1,1,1,3,1,50,2,2,1,0,0,1,20.0,44.0,voiture,voiture,1,1,1,1,3
202400027386,2024-12-17 16:08:00,2024,12,17,16,8,27,27229,MOISLAINS (RUE DES),49.028737,1.178895,Plein jour,En agglomération,Intersection en T,Normale,Deux véhicules - côté,4,-1,2,0,1,1,1,0,1,50,2,2,1,0,1,0,25.0,30.0,deux_roues,voiture,1,2,3,1,3
202400027386,2024-12-17 16:08:00,2024,12,17,16,8,27,27229,MOISLAINS (RUE DES),49.028737,1.178895,Plein jour,En agglomération,Intersection en T,Normale,Deux véhicules - côté,4,-1,1,0,1,1,1,0,1,50,2,2,1,0,1,0,25.0,30.0,deux_roues,voiture,1,2,3,1,3
202400027387,2024-01-23 20:55:00,2024,1,23,20,55,64,64102,VAINSOT (RUE),43.49395,-1.45398,Nuit avec éclairage allumé,En agglomération,Intersection en T,Normale,Deux véhicules - côté,4,2, -1,1,1,1,1,0,1,30,2,2,1,0,1,0,72.0,20.0,voiture,deux_roues,5,2,3,1,3
202400027387,2024-01-23 20:55:00,2024,1,23,20,55,64,64102,VAINSOT (RUE),43.49395,-1.45398,Nuit avec éclairage allumé,En agglomération,Intersection en T,Normale,Deux véhicules - côté,4,2,2,0,2,1,1,0,1,50,2,2,1,0,1,0,72.0,20.0,voiture,deux_roues,5,2,3,1,3
202400027388,2024-12-17 08:45:00,2024,12,17,8,45,27,27299,BRIAND (AVENUE ARISTIDE),49.0395,1.1581,Plein jour,En agglomération,Hors intersection,Normale,Autre collision,3,-1,2,0,1,1,1,0,1,50,1,2,1,0,0,1,71.0,,voiture,,1,2,1,1,6
202400027389,2024-04-12 09:20:00,2024,4,12,9,20,77,77014,GENERAL DE GAULLE (AVENUE DU),48.4177,2.7282,Plein jour,En agglomération,Hors intersection,Normale,Autre collision,3,2,2,0,1,1,1,0,8,30,1,4,3,0,0,1,84.0,,voiture,,1,2,1,1,6
202400027390,2024-03-05 22:10:00,2024,3,5,22,10,51,51454,BARBATRE (RUE DU),49.25023,4.03881,Nuit avec éclairage allumé,En agglomération,Intersection en X,Normale,Deux véhicules - côté,4,2,3,1,2,1,1,0,1,30,2,3,2,0,0,1,50.0,50.0,voiture,voiture,5,2,2,1,3
202400027390,2024-03-05 22:10:00,2024,3,5,22,10,51,51454,BARBATRE (RUE DU),49.25023,4.03881,Nuit avec éclairage allumé,En agglomération,Intersection en X,Normale,Deux véhicules - côté,4,2,3,1,2,1,1,0,1,30,2,3,2,0,0,1,50.0,50.0,voiture,voiture,5,2,2,1,3
202400027391,2024-01-23 18:11:00,2024,1,23,18,11,61,61001,D26,48.44295,0.08776,Nuit avec éclairage allumé,En agglomération,Intersection en X,Pluie légère,Deux véhicules - côté,3,2,3,2,1,1,2,5,1,50,2,2,1,0,1,0,20.0,77.0,deux_roues,voiture,5,2,2,2,3
202400027391,2024-01-23 18:11:00,2024,1,23,18,11,61,61001,D26,48.44295,0.08776,Nuit avec éclairage allumé,En agglomération,Intersection en X,Pluie légère,Deux véhicules - côté,3,2,2,0,1,1,2,0,1,30,2,2,1,0,1,0,20.0,77.0,deux_roues,voiture,5,2,2,2,3
202400027392,2024-04-12 18:10:00,2024,4,12,18,10,76,76540,Quai de Boisguilbert,49.44236852,1.07741562,Plein jour,En agglomération,Intersection en T,Normale,Deux véhicules - arrière,4,1,4,0,1,1,1,0,1,50,2,2,1,0,0,1,79.0,26.0,voiture,deux_roues,1,2,3,1,2
202400027392,2024-04-12 18:10:00,2024,4,12,18,10,76,76540,Quai de Boisguilbert,49.44236852,1.07741562,Plein jour,En agglomération,Intersection en T,Normale,Deux véhicules - arrière,4,1,1,0,2,3,1,0,1,50,2,2,1,0,0,1,79.0,26.0,voiture,deux_roues,1,2,3,1,2
202400027393,2024-03-05 09:55:00,2024,3,5,9,55,51,51454,CHAMPAGNE   (  AVENUE DE),49.21367,4.0156,Plein jour,En agglomération,Giratoire,Normale,Deux véhicules - arrière,4,1,2,0,1,1,1,0,1,50,2,3,2,0,0,1,31.0,51.0,utilitaire_camion,voiture,1,2,6,1,2
202400027394,2024-12-18 19:10:00,2024,12,18,19,10,26,26198,Boulevard du Président René Coty,44.53474,4.75882,Nuit avec éclairage allumé,En agglomération,Hors intersection,Normale,Deux véhicules - frontale,3,2,2,0,1,1,1,0,1,70,2,2,1,0,1,0,37.0,27.0,voiture,deux_roues,5,2,1,1,1
202400027395,2024-04-12 17:30:00,2024,4,12,17,30,76,76216,Rue Fontenelle,49.47528,1.05567,Plein jour,En agglomération,Hors intersection,Normale,Autre collision,4,2,2,0,2,1,1,0,4,50,1,2,1,0,0,1,,,voiture,,1,2,1,1,6
202400027396,2024-01-23 06:30:00,2024,1,23,6,30,59,59512,Boulevard de Fourmies,50.67617287,3.18052631,Nuit avec éclairage allumé,En agglomération,Autre intersection,Normale,Autre collision,4,2,2,0,1,1,1,0,1,50,3,4,2,0,0,2,43.0,84.0,voiture,voiture,5,2,9,1,6
202400027397,2024-12-17 17:50:00,2024,12,17,17,50,26,26198,Boulevard Charles Andre,44.52569093,4.74199533,Plein jour,Hors agglomération,Hors intersection,Normale,Deux véhicules - côté,4,2,2,0,1,1,1,0,1,50,2,2,1,0,0,1,17.0,67.0,deux_roues,deux_roues,1,1,1,1,3
202400027398,2024-03-04 17:35:00,2024,3,4,17,35,47,47323,LAGARDE (HAUTE),44.39611,0.74675,Crépuscule ou aube,Hors agglomération,Intersection en T,Pluie forte,Deux véhicules - côté,3,2,2,0,1,1,2,0,1,50,2,2,1,0,1,0,17.0,35.0,deux_roues,voiture,2,1,3,3,3
202400027398,2024-03-04 17:35:00,2024,3,4,17,35,47,47323,LAGARDE (HAUTE),44.39611,0.74675,Crépuscule ou aube,Hors agglomération,Intersection en T,Pluie forte,Deux véhicules - côté,3,2,2,0,1,1,2,0,1,70,2,2,1,0,1,0,17.0,35.0,deux_roues,voiture,2,1,3,3,3
202400027399,2024-01-23 10:45:00,2024,1,23,10,45,59,59560,Rue Roger Bouvry,50.54516,3.02487,Plein jour,En agglomération,Place,Normale,Deux véhicules - côté,7,2,2,0,1,1,1,0,1,30,2,2,0,0,0,2,86.0,28.0,voiture,voiture,1,2,7,1,3
202400027400,2024-04-12 19:35:00,2024,4,12,19,35,74,74010,ROBERT SCHUMAN,45.90342,6.12203,Crépuscule ou aube,En agglomération,Giratoire,Normale,Deux véhicules - côté,4,1,0,0,1,1,1,0,1,30,2,2,1,0,0,1,65.0,19.0,voiture,deux_roues,2,2,6,1,3
202400027400,2024-04-12 19:35:00,2024,4,12,19,35,74,74010,ROBERT SCHUMAN,45.90342,6.12203,Crépuscule ou aube,En agglomération,Giratoire,Normale,Deux véhicules - côté,4,1,1,0,1,1,1,9,1,30,2,2,1,0,0,1,65.0,19.0,voiture,deux_roues,2,2,6,1,3
202400027401,2024-12-18 22:05:00,2024,12,18,22,5,25,25056,DROZ   AVENUE EDOUARD,47.24253,6.02971,Nuit avec éclairage allumé,En agglomération,Intersection en X,Normale,Deux véhicules - côté,4,2,2,3,1,1,1,-1,1,50,2,2,1,0,0,1,53.0,19.0,voiture,deux_roues,5,2,2,1,3
202400027401,2024-12-18 22:05:00,2024,12,18,22,5,25,25056,DROZ   AVENUE EDOUARD,47.24253,6.02971,Nuit avec éclairage allumé,En agglomération,Intersection en X,Normale,Deux véhicules - côté,4,2,3,0,1,1,1,5,1,50,2,2,1,0,0,1,53.0,19.0,voiture,deux_roues,5,2,2,1,3
202400027402,2024-03-05 18:20:00,2024,3,5,18,20,47,47001,MIDI (AVENUE DU),44.18265226,0.61747134,Plein jour,En agglomération,Intersection en T,Normale,Deux véhicules - arrière,4,2,2,0,1,1,1,0,1,30,2,2,1,0,0,1,38.0,21.0,voiture,voiture,1,2,3,1,2
202400027402,2024-03-05 18:20:00,2024,3,5,18,20,47,47001,MIDI (AVENUE DU),44.18265226,0.61747134,Plein jour,En agglomération,Intersection en T,Normale,Deux véhicules - arrière,4,2,2,-1,1,1,1,0,1,30,2,2,1,0,0,1,38.0,21.0,voiture,voiture,1,2,3,1,2
202400027403,2024-01-23 08:15:00,2024,1,23,8,15,59,59378,Avenue du Maréchal De Lattre De Tassigny,50.67307,3.0941,Plein jour,En agglomération,Hors intersection,Normale,Autre collision,4,2,2,0,1,1,1,6,1,50,1,2,1,0,0,1,30.0,,voiture,,1,2,1,1,6
202400027404,2024-04-12 13:31:00,2024,4,12,13,31,73,73065,GAMBETTA LEON (BOULEVARD),45.57331,5.91549,Plein jour,En agglomération,Intersection en X,Normale,Deux véhicules - côté,4,2,2,0,1,1,1,5,1,30,2,2,1,0,0,1,22.0,22.0,utilitaire_camion,deux_roues,1,2,2,1,3
202400027404,2024-04-12 13:31:00,2024,4,12,13,31,73,73065,GAMBETTA LEON (BOULEVARD),45.57331,5.91549,Plein jour,En agglomération,Intersection en X,Normale,Deux véhicules - côté,4,1,2,1,1,1,1,5,1,30,2,2,1,0,0,1,22.0,22.0,utilitaire_camion,deux_roues,1,2,2,1,3
202400027405,2024-03-05 16:20:00,2024,3,5,16,20,47,47201,MARNE (AV. DE LA),44.19442426,0.60366118,Plein jour,En agglomération,Giratoire,Normale,Deux véhicules - côté,3,2,4,0,1,1,1,0,1,50,2,2,1,0,0,1,21.0,39.0,voiture,deux_roues,1,2,6,1,3
202400027406,2024-12-13 17:35:00,2024,12,13,17,35,22,22106,RN12,48.50313,-2.73049,Crépuscule ou aube,En agglomération,Hors intersection,Normale,Deux véhicules - arrière,2,2,4,0,1,1,1,0,1,90,2,2,0,0,0,2,20.0,48.0,voiture,utilitaire_camion,2,2,1,1,2
202400027407,2024-01-22 07:30:00,2024,1,22,7,30,57,57672,GUISE (AVENUE DE) - IMPAIR,49.36593,6.16677,Nuit avec éclairage allumé,En agglomération,Hors intersection,Pluie forte,Autre collision,4,2,2,0,1,1,2,0,1,50,1,2,1,0,1,0,18.0,,voiture,,5,2,1,3,6
202400027408,2024-03-05 03:40:00,2024,3,5,3,40,35,35206,RN136,48.08033,-1.68027,Nuit sans éclairage public,Hors agglomération,Hors intersection,Temps couvert,Autre collision,2,2,6,0,1,3,2,3,1,90,1,2,1,1,0,0,65.0,,utilitaire_camion,,3,1,1,8,6
202400027409,2024-12-18 13:03:00,2024,12,18,13,3,16,16015,NAVARRE (AVENUE DE),45.63485,0.1541,Plein jour,En agglomération,Hors intersection,Normale,Deux véhicules - côté,4,2,2,0,2,1,1,0,1,30,2,2,1,0,0,1,32.0,47.0,deux_roues,voiture,1,2,1,1,3
202400027410,2024-04-12 18:20:00,2024,4,12,18,20,69,69266,154 Cours Emile Zola,45.76975,4.87819,Plein jour,En agglomération,Hors intersection,Normale,Deux véhicules - côté,4,2,2,2,1,1,1,0,5,30,2,2,1,0,0,1,32.0,33.0,voiture,deux_roues,1,2,1,1,3
202400027411,2024-01-20 23:18:00,2024,1,20,23,18,56,56121,FAOUEDIC ( AVE DU ),47.74769,-3.36509,Nuit avec éclairage allumé,En agglomération,Giratoire,Normale,Sans collision,4,2,2,0,1,1,1,5,1,30,1,2,1,0,0,1,17.0,,deux_roues,,5,2,6,1,7
202400027411,2024-01-20 23:18:00,2024,1,20,23,18,56,56121,FAOUEDIC ( AVE DU ),47.74769,-3.36509,Nuit avec éclairage allumé,En agglomération,Giratoire,Normale,Sans collision,4,3,2,3,1,1,1,5,1,30,1,2,1,0,0,1,17.0,,deux_roues,,5,2,6,1,7
202400027412,2024-03-05 16:00:00,2024,3,5,16,0,34,34172,RIMBAUD (RUE PAUL),43.61962,3.84928,Plein jour,En agglomération,Hors intersection,Normale,Autre collision,4,2,4,0,2,1,1,0,1,50,1,2,1,0,1,0,43.0,,voiture,,1,2,1,1,6
202400027413,2024-12-18 19:30:00,2024,12,18,19,30,14,14715,2 Rue de l’Ancien Parc aux Huitres,49.36069,0.08641,Nuit avec éclairage allumé,En agglomération,Intersection en Y,Pluie légère,Autre collision,4,1,1,0,1,2,2,0,8,50,1,2,1,0,0,1,68.0,,voiture,,5,2,4,2,6
202400027413,2024-12-18 19:30:00,2024,12,18,19,30,14,14715,2 Rue de l’Ancien Parc aux Huitres,49.36069,0.08641,Nuit avec éclairage allumé,En agglomération,Intersection en Y,Pluie légère,Autre collision,4,1,2,0,1,2,2,0,1,50,1,2,1,0,0,1,68.0,,voiture,,5,2,4,2,6
202400027414,2024-04-12 14:20:00,2024,4,12,14,20,69,69266,Cours Tolstoï,45.76271,4.87821,Plein jour,En agglomération,Intersection en T,Normale,Deux véhicules - frontale,4,2,2,0,1,1,1,0,1,30,2,3,2,0,0,1,31.0,20.0,voiture,deux_roues,1,2,3,1,1
202400027414,2024-04-12 14:20:00,2024,4,12,14,20,69,69266,Cours Tolstoï,45.76271,4.87821,Plein jour,En agglomération,Intersection en T,Normale,Deux véhicules - frontale,4,1,1,3,1,1,1,0,1,50,2,3,2,0,0,1,31.0,20.0,voiture,deux_roues,1,2,3,1,1
202400027415,2024-12-16 23:20:00,2024,12,16,23,20,13,13117,ROUTE NATIONALE 113-L'ANJOLY,43.43751285,5.25260289,Nuit sans éclairage public,En agglomération,Autre intersection,Normale,Sans collision,2,1,2,0,1,1,1,3,1,70,1,1,0,0,0,1,28.0,,deux_roues,,3,2,9,1,7
202400027416,2024-03-05 23:10:00,2024,3,5,23,10,33,33529,,44.63518,-1.15551,Nuit avec éclairage allumé,En agglomération,Autre intersection,Pluie légère,Deux véhicules - côté,3,2,2,0,1,1,2,3,1,80,2,4,1,0,1,2,24.0,58.0,voiture,voiture,5,2,9,2,3
202400027417,2024-01-22 07:55:00,2024,1,22,7,55,54,54578,Boulevard du Docteur Cattenoz,48.67632,6.15726,Crépuscule ou aube,En agglomération,Intersection en T,Pluie légère,Deux véhicules - arrière,4,2, -1,0,1,1,2,0,1,50,2,3,2,0,0,1,49.0,23.0,voiture,voiture,2,2,3,2,2
202400027417,2024-01-22 07:55:00,2024,1,22,7,55,54,54578,Boulevard du Docteur Cattenoz,48.67632,6.15726,Crépuscule ou aube,En agglomération,Intersection en T,Pluie légère,Deux véhicules - arrière,4,2,2,2,1,1,2,-1,1,30,2,3,2,0,0,1,49.0,23.0,voiture,voiture,2,2,3,2,2
202400027418,2024-04-11 17:10:00,2024,4,11,17,10,69,69259,221 Avenue Francis de Pressensé,45.71144966,4.87508621,Plein jour,En agglomération,Hors intersection,Normale,Deux véhicules - arrière,4,2,3,0,3,1,1,0,1,50,2,2,1,0,0,1,56.0,50.0,utilitaire_camion,voiture,1,2,1,1,2
202400027419,2024-12-17 03:20:00,2024,12,17,3,20,13,13077,D 50,43.43175,5.00898,Nuit sans éclairage public,Hors agglomération,Intersection en T,Normale,Deux véhicules - côté,3,2,2,0,1,1,1,0,1,80,2,3,2,0,0,1,29.0,50.0,voiture,voiture,3,1,3,1,3
202400027419,2024-12-17 03:20:00,2024,12,17,3,20,13,13077,D 50,43.43175,5.00898,Nuit sans éclairage public,Hors agglomération,Intersection en T,Normale,Deux véhicules - côté,3,2, -1,-1,1,1,1,0,1,-1,2,3,2,0,0,1,29.0,50.0,voiture,voiture,3,1,3,1,3