accident_id,datetime,annee,mois,jour,heure,minute,departement,commune_insee,adresse,latitude,longitude,luminosite,agglomeration,intersection,meteo,collision,catr,circ,nbv,vosp,prof,plan,surf,infra,situ,vma,nb_vehicules,nb_usagers,nb_indemnes,nb_tues,nb_blesses_hosp,nb_blesses_legers,age_cond_1,age_cond_2,veh_type_cond_1,veh_type_cond_2,lum_code,agg_code,int_code,atm_code,col_code
202400027754,2024-09-01 07:38:00,2024,9,1,7,38,94,94044,N406,48.75781222,2.47055049,Plein jour,Hors agglomération,Hors intersection,Normale,Trois véhicules et plus - collisions multiples,2,3,2,0,2,2,1,0,1,90,4,5,4,0,0,1,52.0,25.0,voiture,voiture,1,1,1,1,5
202400027755,2024-01-22 11:30:00,2024,1,22,11,30,974,97409,Lefaguyes (chemin),-20.96098,55.66187,Plein jour,En agglomération,Hors intersection,Normale,Deux véhicules - côté,3,2,2,0,1,1,1,0,1,50,2,3,2,0,0,1,85.0,59.0,voiture,voiture,1,2,1,1,3
202400027756,2024-05-21 20:15:00,2024,5,21,20,15,01,01451,STRASBOURG (ROUTE DE),46.240306,5.265869,Plein jour,Hors agglomération,Giratoire,Temps couvert,Sans collision,3,2,1,0,1,1,2,0,1,80,1,1,0,0,1,0,40.0,,deux_roues,,1,1,6,8,7
202400027756,2024-05-21 20:15:00,2024,5,21,20,15,01,01451,STRASBOURG (ROUTE DE),46.240306,5.265869,Plein jour,Hors agglomération,Giratoire,Temps couvert,Sans collision,3,2,1,0,1,1,2,9,8,70,1,1,0,0,1,0,40.0,,deux_roues,,1,1,6,8,7
202400027757,2024-04-13 16:59:00,2024,4,13,16,59,44,44087,Boulevard de l’atlantique,46.998386,-1.81441,Plein jour,En agglomération,Hors intersection,Normale,Deux véhicules - frontale,3,2,2,0,1,1,1,0,1,70,2,3,0,0,2,1,78.0,41.0,voiture,deux_roues,1,2,1,1,1
202400027758,2024-04-11 18:10:00,2024,4,11,18,10,67,67230,RHIN (ROUTE DU),48.79697,7.83926,Plein jour,Hors agglomération,Hors intersection,Normale,Trois véhicules et plus - collisions multiples,3,2,2,0,1,1,1,0,1,80,3,3,1,0,0,2,42.0,45.0,voiture,voiture,1,1,1,1,5
202400027759,2024-01-21 19:05:00,2024,1,21,19,5,973,97302,BOULEVARD DES CITES,4.9221,-52.31696,Nuit sans éclairage public,En agglomération,Hors intersection,Normale,Autre collision,4,2,2,1,1,1,1,0,5,50,1,2,1,0,0,1,,,deux_roues,,3,2,1,1,6
202400027760,2024-09-02 19:20:00,2024,9,2,19,20,974,97416,RAIMBAULT (RUE DU PERE),-21.33321,55.47149,Nuit avec éclairage allumé,En agglomération,Intersection en T,Normale,Autre collision,4,3,1,0,1,1,1,0,1,30,1,2,1,0,0,1,51.0,,voiture,,5,2,3,1,6
202400027760,2024-09-02 19:20:00,2024,9,2,19,20,974,97416,RAIMBAULT (RUE DU PERE),-21.33321,55.47149,Nuit avec éclairage allumé,En agglomération,Intersection en T,Normale,Autre collision,4,1,1,0,1,1,1,0,1,30,1,2,1,0,0,1,51.0,,voiture,,5,2,3,1,6
202400027761,2024-04-12 17:40:00,2024,4,12,17,40,29,29276,Route de Cléder,48.66656968,-4.06963896,Plein jour,En agglomération,Intersection en X,Normale,Deux véhicules - côté,3,2,2,0,1,1,1,0,1,50,2,2,1,0,1,0,36.0,49.0,deux_roues,voiture,1,2,2,1,3
202400027761,2024-04-12 17:40:00,2024,4,12,17,40,29,29276,Route de Cléder,48.66656968,-4.06963896,Plein jour,En agglomération,Intersection en X,Normale,Deux véhicules - côté,3,2,2,0,1,1,1,9,8,50,2,2,1,0,1,0,36.0,49.0,deux_roues,voiture,1,2,2,1,3
202400027762,2024-01-22 18:50:00,2024,1,22,18,50,69,69388,Boulevard des Etats-Unis,45.73111,4.866,Crépuscule ou aube,En agglomération,Intersection en X,Normale,Deux véhicules - côté,4,2,2,3,1,1,2,0,6,50,2,2,1,0,0,1,23.0,38.0,voiture,voiture,2,2,2,1,3
202400027762,2024-01-22 18:50:00,2024,1,22,18,50,69,69388,Boulevard des Etats-Unis,45.73111,4.866,Crépuscule ou aube,En agglomération,Intersection en X,Normale,Deux véhicules - côté,4,2,2,0,1,1,2,0,6,30,2,2,1,0,0,1,23.0,38.0,voiture,voiture,2,2,2,1,3
202400027763,2024-05-21 10:50:00,2024,5,21,10,50,75,75116,BD PERIPHERIQUE INTERIEUR,48.84053,2.254099,Plein jour,En agglomération,Hors intersection,Normale,Deux véhicules - arrière,4,1,2,0,1,1,1,0,1,70,2,2,1,0,0,1,27.0,41.0,voiture,deux_roues,1,2,1,1,2
202400027764,2024-04-12 19:40:00,2024,4,12,19,40,29,29007,D769,48.43631358,-3.77292415,Plein jour,Hors agglomération,Hors intersection,Normale,Sans collision,3,2,2,0,2,2,1,0,3,80,1,1,0,0,1,0,65.0,,deux_roues,,1,1,1,1,7
202400027765,2024-09-01 20:55:00,2024,9,1,20,55,974,97411,LITTORAL (ROUTE 1 DU),-20.8774,55.40766,Nuit sans éclairage public,Hors agglomération,Autre intersection,Normale,Autre collision,2,3,6,3,1,1,1,0,1,90,1,1,0,0,1,0,45.0,,voiture,,3,1,9,1,6
202400027766,2024-01-21 21:00:00,2024,1,21,21,0,972,97209,Bretelle sortie A1,14.61456,-61.04943,Nuit avec éclairage allumé,En agglomération,Hors intersection,Normale,Autre collision,1,3,4,3,2,1,1,3,6,90,1,1,0,0,1,0,35.0,,voiture,,5,2,1,1,6
202400027767,2024-04-13 08:30:00,2024,4,13,8,30,31,31027,D622,43.330664,1.359311,Plein jour,Hors agglomération,Hors intersection,Normale,Deux véhicules - arrière,3,2,2,0,1,1,1,0,1,80,2,2,1,1,0,0,24.0,47.0,voiture,deux_roues,1,1,1,1,2
202400027768,2024-01-22 11:15:00,2024,1,22,11,15,971,97120,Amitié des peuples,16.24883,-61.54646,Plein jour,En agglomération,Hors intersection,Normale,Sans collision,4,3,4,0,1,1,1,0,1,50,1,1,0,0,0,1,33.0,,deux_roues,,1,2,1,1,7
202400027769,2024-08-31 15:55:00,2024,8,31,15,55,974,97411,GAULLE (DU GENERAL DE),-20.88489,55.46003,Plein jour,En agglomération,Hors intersection,Normale,Deux véhicules - côté,4,1,1,2,1,1,1,0,5,30,2,2,1,0,1,0,18.0,62.0,deux_roues,voiture,1,2,1,1,3
202400027770,2024-05-21 07:15:00,2024,5,21,7,15,75,75119,BD PERIPHERIQUE EXTERIEUR,48.900606,2.373933,Plein jour,En agglomération,Hors intersection,Normale,Trois véhicules et plus - en chaîne,4,1,4,0,1,1,1,0,1,70,3,3,1,0,0,2,46.0,26.0,voiture,voiture,1,2,1,1,4
202400027771,2024-02-17 19:00:00,2024,2,17,19,0,38,38463,D32,45.156705,5.327817,Nuit sans éclairage public,En agglomération,Intersection en X,Normale,Sans collision,3,2,2,0,2,1,1,0,1,80,1,1,0,0,1,0,51.0,,voiture,,3,2,2,1,7
202400027771,2024-02-17 19:00:00,2024,2,17,19,0,38,38463,D32,45.156705,5.327817,Nuit sans éclairage public,En agglomération,Intersection en X,Normale,Sans collision,3,2, -1,-1,1,1,1,5,1,-1,1,1,0,0,1,0,51.0,,voiture,,3,2,2,1,7
202400027772,2024-09-01 02:55:00,2024,9,1,2,55,971,97113,SECTION LABROUSSE,16.21815,-61.50914,Nuit avec éclairage allumé,Hors agglomération,Hors intersection,Normale,Deux véhicules - côté,2,2,4,0,1,1,1,0,1,90,2,2,1,0,0,1,31.0,22.0,voiture,voiture,5,1,1,1,3
202400027773,2024-01-20 02:30:00,2024,1,20,2,30,971,97101,MORNE BERNUS,16.23375996,-61.52397394,Nuit avec éclairage allumé,Hors agglomération,Autre intersection,Normale,Trois véhicules et plus - en chaîne,4,-1,2,0,2,1,2,0,1,90,3,4,3,0,0,1,20.0,55.0,voiture,voiture,5,1,9,1,4
202400027774,2024-04-13 10:51:00,2024,4,13,10,51,38,38183,Route de la Ville,45.595483,5.59217,Plein jour,Hors agglomération,Hors intersection,Normale,Autre collision,4,2,2,0,1,2,1,0,1,80,1,2,0,0,1,1,26.0,,deux_roues,,1,1,1,1,6
202400027775,2024-05-21 05:40:00,2024,5,21,5,40,75,75118,BD PERIPHERIQUE INTERIEUR,48.900984,2.348038,Crépuscule ou aube,En agglomération,Hors intersection,Normale,Deux véhicules - arrière,4,1,4,0,1,1,1,0,8,70,2,2,1,0,0,1,51.0,64.0,utilitaire_camion,voiture,2,2,1,1,2
202400027776,2024-08-31 19:30:00,2024,8,31,19,30,971,97113,GRAND BAIE ( RN4),16.21836,-61.5068,Nuit avec éclairage allumé,Hors agglomération,Hors intersection,Normale,Deux véhicules - arrière,2,1,2,0,1,1,1,0,1,70,2,3,2,0,0,1,53.0,20.0,voiture,voiture,5,1,1,1,2
202400027777,2024-01-22 22:17:00,2024,1,22,22,17,95,95598,D109P,48.98786359,2.30094458,Nuit avec éclairage allumé,En agglomération,Autre intersection,Normale,Deux véhicules - côté,3,2,2,1,2,1,1,0,1,50,2,2,1,0,0,1,32.0,56.0,utilitaire_camion,deux_roues,5,2,9,1,3
202400027778,2024-05-21 16:30:00,2024,5,21,16,30,75,75112,AVENUE DAUMESNIL,48.846605,2.376678,Plein jour,En agglomération,Intersection en T,Pluie légère,Autre collision,4,1,3,1,1,1,2,9,1,30,1,2,1,0,0,1,45.0,,voiture,,1,2,3,2,6
202400027778,2024-05-21 16:30:00,2024,5,21,16,30,75,75112,AVENUE DAUMESNIL,48.846605,2.376678,Plein jour,En agglomération,Intersection en T,Pluie légère,Autre collision,4,1, -1,-1,1,1,2,0,1,30,1,2,1,0,0,1,45.0,,voiture,,1,2,3,2,6
202400027779,2024-04-13 10:45:00,2024,4,13,10,45,02,02222,D35,49.690624,3.47114,Plein jour,Hors agglomération,Hors intersection,Normale,Deux véhicules - frontale,3,2,2,0,1,3,1,0,1,80,2,5,1,0,0,4,18.0,73.0,voiture,voiture,1,1,1,1,1
202400027780,2024-01-22 16:30:00,2024,1,22,16,30,91,91434,DOCTEUR ROUX (PAIRS DU 16 AU 126)  (AVEN,48.66279,2.35821,Plein jour,En agglomération,Hors intersection,Temps éblouissant,Autre collision,4,2,2,0,1,1,1,0,1,50,1,2,1,0,0,1,64.0,,voiture,,1,2,1,7,6
202400027781,2024-08-31 06:00:00,2024,8,31,6,0,971,97113,RN4 - SECTION RIVIERA,16.20832,-61.46618,Plein jour,Hors agglomération,Hors intersection,Normale,Autre collision,2,2,3,0,1,1,1,0,1,90,1,3,1,0,0,2,30.0,,voiture,,1,1,1,1,6
202400027782,2024-05-21 13:10:00,2024,5,21,13,10,75,75119,SOUTERRAIN PANTIN VILLETTE,48.89128,2.3958,Nuit avec éclairage allumé,En agglomération,Hors intersection,Normale,Autre collision,4,1,2,0,1,3,1,1,4,50,1,1,0,0,0,1,24.0,,utilitaire_camion,,5,2,1,1,6
202400027783,2024-04-13 10:05:00,2024,4,13,10,5,03,03155,3 Rue du Docteur Vinatier,46.729991,2.938958,Plein jour,En agglomération,Hors intersection,Normale,Autre collision,3,2,2,0,1,1,1,0,1,50,1,2,1,0,1,0,78.0,,voiture,,1,2,1,1,6
202400027784,2024-01-22 10:20:00,2024,1,22,10,20,91,91286,SABLONS (AVENUE DES),48.655172,2.391319,Plein jour,En agglomération,Hors intersection,Normale,Autre collision,4,-1,0,0,1,1,1,0,1,50,1,2,1,0,0,1,21.0,,utilitaire_camion,,1,2,1,1,6
202400027785,2024-05-21 12:55:00,2024,5,21,12,55,75,75119,AVENUE DE FLANDRE,48.889389,2.375003,Plein jour,En agglomération,Hors intersection,Normale,Autre collision,4,2,6,1,1,1,1,0,4,30,1,1,0,0,0,1,60.0,,voiture,,1,2,1,1,6
202400027786,2024-01-21 16:13:00,2024,1,21,16,13,91,91433,RN 20,48.4462182,2.17586964,Plein jour,Hors agglomération,Hors intersection,Temps couvert,Sans collision,3,3,2,0,1,3,2,0,1,50,1,1,0,0,0,1,32.0,,deux_roues,,1,1,1,8,7
202400027787,2024-05-21 10:40:00,2024,5,21,10,40,75,75117,BOULEVARD PERSHING,48.879953,2.282626,Plein jour,En agglomération,Hors intersection,Temps couvert,Deux véhicules - arrière,4,1,1,0,1,1,1,0,1,30,2,2,1,0,0,1,30.0,49.0,deux_roues,deux_roues,1,2,1,8,2
202400027788,2024-04-13 10:00:00,2024,4,13,10,0,15,15261,RD 922,45.19983,2.378976,Plein jour,Hors agglomération,Intersection en X,Temps éblouissant,Deux véhicules - côté,3,2,2,0,2,3,1,0,1,90,2,3,1,0,1,1,70.0,54.0,voiture,utilitaire_camion,1,1,2,7,3
202400027788,2024-04-13 10:00:00,2024,4,13,10,0,15,15261,RD 922,45.19983,2.378976,Plein jour,Hors agglomération,Intersection en X,Temps éblouissant,Deux véhicules - côté,3,2,2,0,2,3,1,0,8,90,2,3,1,0,1,1,70.0,54.0,voiture,utilitaire_camion,1,1,2,7,3
202400027789,2024-09-02 11:35:00,2024,9,2,11,35,91,91477,SAND (RUE GEORGES),48.70692,2.24347,Plein jour,En agglomération,Autre intersection,Normale,Deux véhicules - arrière,4,-1,2,0,1,1,1,9,1,50,2,2,1,0,0,1,18.0,45.0,deux_roues,voiture,1,2,9,1,2
202400027790,2024-01-17 16:20:00,2024,1,17,16,20,85,85194,68 Avenue d'aquitaine,46.4939324,-1.7643181,Plein jour,En agglomération,Hors intersection,Normale,Autre collision,4,-1,2,0,1,1,1,0,1,50,1,2,1,0,1,0,55.0,,voiture,,1,2,1,1,6
202400027791,2024-05-21 11:55:00,2024,5,21,11,55,75,75116,AVENUE DU PRESIDENT WILSON,48.86469741,2.29418403,Plein jour,En agglomération,Place,Normale,Deux véhicules - frontale,4,1,1,0,2,1,1,0,1,30,2,2,1,0,0,1,54.0,,deux_roues,,1,2,7,1,1
202400027791,2024-05-21 11:55:00,2024,5,21,11,55,75,75116,AVENUE DU PRESIDENT WILSON,48.86469741,2.29418403,Plein jour,En agglomération,Place,Normale,Deux véhicules - frontale,4,1, -1,-1,1,1,1,0,1,30,2,2,1,0,0,1,54.0,,deux_roues,,1,2,7,1,1
202400027792,2024-01-22 09:00:00,2024,1,22,9,0,85,85191,RD 760,46.67461,-1.42886,Plein jour,En agglomération,Giratoire,Pluie légère,Deux véhicules - côté,3,-1,2,0,1,3,2,9,1,50,2,2,1,0,1,0,38.0,31.0,voiture,deux_roues,1,2,6,2,3
202400027793,2024-08-31 11:57:00,2024,8,31,11,57,87,87085,RHIN ET DANUBE (RUE),45.87983003,1.30056202,Plein jour,En agglomération,Intersection en T,Normale,Deux véhicules - côté,4,2,2,0,1,1,1,0,1,50,2,2,1,0,0,1,57.0,37.0,deux_roues,voiture,1,2,3,1,3
202400027793,2024-08-31 11:57:00,2024,8,31,11,57,87,87085,RHIN ET DANUBE (RUE),45.87983003,1.30056202,Plein jour,En agglomération,Intersection en T,Normale,Deux véhicules - côté,4,2,2,0,1,1,1,0,1,50,2,2,1,0,0,1,57.0,37.0,deux_roues,voiture,1,2,3,1,3
202400027794,2024-04-13 17:00:00,2024,4,13,17,0,26,26108,Route des Blaches,44.721525,5.008113,Plein jour,Hors agglomération,Autre intersection,Temps éblouissant,Deux véhicules - arrière,3,2,2,0,1,1,1,0,1,80,2,3,2,0,1,0,37.0,45.0,deux_roues,voiture,1,1,9,7,2
202400027795,2024-05-21 15:35:00,2024,5,21,15,35,75,75115,RUE MODIGLIANI,48.838495,2.279563,Plein jour,En agglomération,Hors intersection,Normale,Autre collision,4,-1, -1,3,1,1,1,6,8,5,1,2,1,0,0,1,,,voiture,,1,2,1,1,6
202400027796,2024-01-22 15:30:00,2024,1,22,15,30,84,84087,CHAMPLAIN (CHEMIN DE),44.15984,4.82845,Plein jour,En agglomération,Hors intersection,Pluie légère,Autre collision,4,2,1,0,1,1,2,0,1,50,1,1,0,0,1,0,45.0,,voiture,,1,2,1,2,6
202400027797,2024-08-22 21:35:00,2024,8,22,21,35,87,87085,BLANC LOUIS (BOULEVARD),45.82791,1.26114,Nuit avec éclairage allumé,En agglomération,Hors intersection,Normale,Deux véhicules - côté,4,2,3,0,1,1,1,0,1,30,2,2,1,0,0,1,43.0,23.0,deux_roues,voiture,5,2,1,1,3
202400027798,2024-05-20 14:30:00,2024,5,20,14,30,75,75114,RUE JULIA BARTET,48.825474,2.302191,Plein jour,En agglomération,Intersection en X,Normale,Deux véhicules - côté,4,1,1,0,1,1,1,0,1,50,2,3,2,0,1,0,60.0,59.0,voiture,deux_roues,1,2,2,1,3
202400027798,2024-05-20 14:30:00,2024,5,20,14,30,75,75114,RUE JULIA BARTET,48.825474,2.302191,Plein jour,En agglomération,Intersection en X,Normale,Deux véhicules - côté,4,2,2,0,1,1,1,5,1,50,2,3,2,0,1,0,60.0,59.0,voiture,deux_roues,1,2,2,1,3
202400027799,2024-01-21 08:50:00,2024,1,21,8,50,84,84007,DOCTEUR PONS (Route touristique),43.95907,4.83205,Plein jour,En agglomération,Hors intersection,Normale,Deux véhicules - frontale,3,2,2,0,1,1,1,0,1,70,2,3,2,0,0,1,46.0,27.0,voiture,voiture,1,2,1,1,1
202400027800,2024-09-02 12:00:00,2024,9,2,12,0,84,84007,CROIX DES OISEAUX (AVENUE DE LA),43.9302,4.8243,Plein jour,En agglomération,Intersection en T,Normale,Autre collision,4,1,1,3,1,1,1,0,1,50,1,2,1,0,0,1,44.0,,voiture,,1,2,3,1,6
202400027800,2024-09-02 12:00:00,2024,9,2,12,0,84,84007,CROIX DES OISEAUX (AVENUE DE LA),43.9302,4.8243,Plein jour,En agglomération,Intersection en T,Normale,Autre collision,4,2,2,2,1,1,1,0,1,50,1,2,1,0,0,1,44.0,,voiture,,1,2,3,1,6
202400027801,2024-07-26 20:35:00,2024,7,26,20,35,51,51454,BUIRETTE (RUE),49.25461,4.0258,Crépuscule ou aube,En agglomération,Hors intersection,Pluie légère,Deux véhicules - frontale,4,2,2,0,1,1,2,0,1,30,2,3,2,0,0,1,29.0,22.0,deux_roues,voiture,2,2,1,2,1
202400027802,2024-04-13 12:00:00,2024,4,13,12,0,54,54536,Rue Loris Batignani,49.316492,5.914727,Plein jour,En agglomération,Intersection en X,Normale,Deux véhicules - côté,3,1,2,0,1,2,1,0,1,50,2,4,3,0,1,0,38.0,15.0,voiture,deux_roues,1,2,2,1,3
202400027802,2024-04-13 12:00:00,2024,4,13,12,0,54,54536,Rue Loris Batignani,49.316492,5.914727,Plein jour,En agglomération,Intersection en X,Normale,Deux véhicules - côté,3,2, -1,0,1,3,1,0,1,50,2,4,3,0,1,0,38.0,15.0,voiture,deux_roues,1,2,2,1,3
202400027803,2024-05-21 17:00:00,2024,5,21,17,0,75,75113,RUE DE LA POTERNE DES PEUPLIERS,48.819285,2.353226,Plein jour,En agglomération,Intersection en T,Normale,Deux véhicules - côté,4,2,3,0,1,1,1,0,1,30,2,2,1,0,0,1,,42.0,voiture,deux_roues,1,2,3,1,3
202400027803,2024-05-21 17:00:00,2024,5,21,17,0,75,75113,RUE DE LA POTERNE DES PEUPLIERS,48.819285,2.353226,Plein jour,En agglomération,Intersection en T,Normale,Deux véhicules - côté,4,1,1,0,1,1,1,0,1,30,2,2,1,0,0,1,,42.0,voiture,deux_roues,1,2,3,1,3
202400027804,2024-01-20 16:40:00,2024,1,20,16,40,30,30011,6580 (RD),43.95914,4.74606,Plein jour,Hors agglomération,Giratoire,Normale,Trois véhicules et plus - en chaîne,3,3,4,0,1,1,1,5,1,80,3,3,2,0,0,1,28.0,53.0,voiture,voiture,1,1,6,1,4
202400027805,2024-09-02 10:45:00,2024,9,2,10,45,84,84092,ANTOINE PINAY (ALLEE),43.95332,4.88052,Plein jour,En agglomération,Hors intersection,Normale,Autre collision,4,2,2,0,1,1,1,0,1,20,1,2,1,0,1,0,27.0,,utilitaire_camion,,1,2,1,1,6
202400027806,2024-07-24 22:15:00,2024,7,24,22,15,50,50129,SALINE (BOULEVARD DE LA),49.65611,-1.65271,Nuit avec éclairage allumé,En agglomération,Hors intersection,Normale,Deux véhicules - frontale,3,3,4,0,1,1,1,0,1,70,2,2,1,0,0,1,44.0,52.0,deux_roues,utilitaire_camion,5,2,1,1,1
202400027807,2024-04-12 20:10:00,2024,4,12,20,10,45,45127,12 Rue de la Capioterie,48.144506,2.767176,Crépuscule ou aube,En agglomération,Intersection en X,Normale,Deux véhicules - côté,4,2,2,0,1,1,1,0,4,-1,2,2,1,0,1,0,27.0,15.0,voiture,deux_roues,2,2,2,1,3
202400027807,2024-04-12 20:10:00,2024,4,12,20,10,45,45127,12 Rue de la Capioterie,48.144506,2.767176,Crépuscule ou aube,En agglomération,Intersection en X,Normale,Deux véhicules - côté,4,2,2,0,1,1,1,0,8,30,2,2,1,0,1,0,27.0,15.0,voiture,deux_roues,2,2,2,1,3
202400027808,2024-05-21 09:10:00,2024,5,21,9,10,75,75112,RUE DE BERCY,48.843582,2.373963,Plein jour,En agglomération,Hors intersection,Normale,Autre collision,4,2,2,0,1,1,1,0,1,30,1,2,1,0,0,1,35.0,,utilitaire_camion,,1,2,1,1,6
202400027809,2024-09-01 13:10:00,2024,9,1,13,10,84,84007,CHARLES DE GAULLE,43.94186,4.83251,Plein jour,En agglomération,Autre intersection,Normale,Deux véhicules - arrière,3,3,2,0,1,3,1,3,1,70,2,3,1,1,0,1,51.0,25.0,deux_roues,voiture,1,2,9,1,2
202400027810,2024-01-18 18:00:00,2024,1,18,18,0,83,83126,DONICARDE (CHEMIN DE),43.09674654,5.86804551,Nuit avec éclairage allumé,En agglomération,Intersection en X,Normale,Deux véhicules - côté,4,2,2,0,2,4,1,0,1,50,2,4,3,0,1,0,36.0,16.0,voiture,deux_roues,5,2,2,1,3
202400027810,2024-01-18 18:00:00,2024,1,18,18,0,83,83126,DONICARDE (CHEMIN DE),43.09674654,5.86804551,Nuit avec éclairage allumé,En agglomération,Intersection en X,Normale,Deux véhicules - côté,4,2,2,0,1,1,2,0,8,50,2,4,3,0,1,0,36.0,16.0,voiture,deux_roues,5,2,2,1,3
202400027811,2024-04-12 07:20:00,2024,4,12,7,20,16,16066,,45.339749,-0.047486,Plein jour,Hors agglomération,Hors intersection,Normale,Autre collision,3,2,2,0,1,1,1,0,8,90,1,1,0,0,1,0,26.0,,voiture,,1,1,1,1,6
202400027812,2024-09-02 13:00:00,2024,9,2,13,0,83,83126,MERLE (BD TOUSSAINT),43.10106739,5.88797829,Plein jour,En agglomération,Hors intersection,Normale,Autre collision,4,3,2,0,1,1,1,0,1,50,1,2,1,0,0,1,16.0,,voiture,,1,2,1,1,6
202400027813,2024-07-24 16:35:00,2024,7,24,16,35,50,50129,CHAUDIERES (RUE DES),49.63754,-1.56852,Plein jour,En agglomération,Intersection en X,Normale,Deux véhicules - côté,4,2,2,0,1,1,1,5,1,50,2,2,1,0,0,1,25.0,75.0,deux_roues,deux_roues,1,2,2,1,3
202400027813,2024-07-24 16:35:00,2024,7,24,16,35,50,50129,CHAUDIERES (RUE DES),49.63754,-1.56852,Plein jour,En agglomération,Intersection en X,Normale,Deux véhicules - côté,4,1,1,0,1,1,1,5,1,50,2,2,1,0,0,1,25.0,75.0,deux_roues,deux_roues,1,2,2,1,3
202400027814,2024-01-22 08:45:00,2024,1,22,8,45,83,83126,LAMARQUE (AV JEAN ALBERT),43.10901,5.86134,Plein jour,En agglomération,Hors intersection,Normale,Autre collision,4,2,3,0,1,1,1,0,8,50,1,2,1,0,0,1,43.0,,voiture,,1,2,1,1,6
202400027815,2024-04-13 16:30:00,2024,4,13,16,30,16,16223,D108,45.6699295,0.48563003,Plein jour,Hors agglomération,Hors intersection,Normale,Autre collision,3,2,2,0,1,1,1,0,3,90,1,1,0,1,0,0,17.0,,deux_roues,,1,1,1,1,6
202400027816,2024-05-21 12:00:00,2024,5,21,12,0,75,75111,BOULEVARD BEAUMARCHAIS,48.858545,2.367896,Plein jour,En agglomération,Intersection en T,Normale,Deux véhicules - côté,4,2,1,0,1,1,1,0,1,30,2,2,1,0,0,1,22.0,27.0,deux_roues,deux_roues,1,2,3,1,3
202400027816,2024-05-21 12:00:00,2024,5,21,12,0,75,75111,BOULEVARD BEAUMARCHAIS,48.858545,2.367896,Plein jour,En agglomération,Intersection en T,Normale,Deux véhicules - côté,4,2, -1,-1,1,1,1,0,1,30,2,2,1,0,0,1,22.0,27.0,deux_roues,deux_roues,1,2,3,1,3
202400027817,2024-09-02 08:05:00,2024,9,2,8,5,82,82033,Route de Toulouse,44.03336,1.1214,Plein jour,Hors agglomération,Hors intersection,Normale,Deux véhicules - côté,3,2,2,0,1,1,1,0,1,80,2,5,4,0,0,1,44.0,40.0,voiture,voiture,1,1,1,1,3
202400027818,2024-05-21 09:15:00,2024,5,21,9,15,75,75110,PLACE FRANZ LISZT,48.87773,2.35159,Plein jour,En agglomération,Intersection en T,Normale,Deux véhicules - arrière,4,1, -1,-1,1,1,1,0,5,30,2,2,0,0,0,2,30.0,38.0,deux_roues,deux_roues,1,2,3,1,2
202400027818,2024-05-21 09:15:00,2024,5,21,9,15,75,75110,PLACE FRANZ LISZT,48.87773,2.35159,Plein jour,En agglomération,Intersection en T,Normale,Deux véhicules - arrière,4,2,0,3,2,1,1,9,5,30,2,2,0,0,0,2,30.0,38.0,deux_roues,deux_roues,1,2,3,1,2
202400027819,2024-07-26 06:30:00,2024,7,26,6,30,47,47001,LIBERTE (BOULEVARD DE LA),44.19763,0.6203,Plein jour,En agglomération,Intersection en Y,Normale,Deux véhicules - frontale,4,2,2,0,1,1,1,5,1,50,2,3,0,0,1,2,35.0,48.0,voiture,voiture,1,2,4,1,1
202400027819,2024-07-26 06:30:00,2024,7,26,6,30,47,47001,LIBERTE (BOULEVARD DE LA),44.19763,0.6203,Plein jour,En agglomération,Intersection en Y,Normale,Deux véhicules - frontale,4,2,2,-1,1,2,1,5,1,-1,2,3,0,0,1,2,35.0,48.0,voiture,voiture,1,2,4,1,1
202400027820,2024-04-12 13:10:00,2024,4,12,13,10,07,07101,Route de Fons-Julienne,44.393158,4.277195,Plein jour,Hors agglomération,Intersection en X,Normale,Deux véhicules - côté,4,2,2,0,1,1,1,0,1,80,2,2,1,0,0,1,59.0,39.0,voiture,utilitaire_camion,1,1,2,1,3
202400027820,2024-04-12 13:10:00,2024,4,12,13,10,07,07101,Route de Fons-Julienne,44.393158,4.277195,Plein jour,Hors agglomération,Intersection en X,Normale,Deux véhicules - côté,4,2,2,0,2,1,1,0,1,80,2,2,1,0,0,1,59.0,39.0,voiture,utilitaire_camion,1,1,2,1,3
202400027821,2024-09-01 23:15:00,2024,9,1,23,15,78,78621,VERLAINE (SQUARE PAUL),48.78501,1.98653,Nuit avec éclairage allumé,En agglomération,Hors intersection,Normale,Deux véhicules - côté,4,2,2,0,1,1,1,0,1,50,2,2,1,0,0,1,60.0,40.0,voiture,voiture,5,2,1,1,3
202400027822,2024-07-25 05:55:00,2024,7,25,5,55,44,44162,3 Boulevard Charles De Gaulle,47.21073,-1.62275,Crépuscule ou aube,En agglomération,Hors intersection,Normale,Autre collision,4,2,2,2,1,1,1,8,1,30,1,1,0,0,1,0,53.0,,deux_roues,,2,2,1,1,6
202400027823,2024-05-21 20:05:00,2024,5,21,20,5,75,75109,RUE LAFFITTE,48.871538,2.337186,Plein jour,En agglomération,Intersection en X,Normale,Autre collision,4,2,4,0,1,1,1,0,8,30,1,2,1,0,0,1,31.0,,deux_roues,,1,2,2,1,6
202400027823,2024-05-21 20:05:00,2024,5,21,20,5,75,75109,RUE LAFFITTE,48.871538,2.337186,Plein jour,En agglomération,Intersection en X,Normale,Autre collision,4,1,1,0,1,1,1,0,1,30,1,2,1,0,0,1,31.0,,deux_roues,,1,2,2,1,6
202400027824,2024-04-12 13:00:00,2024,4,12,13,0,07,07120,chemin du grand james,44.813948,4.266433,Plein jour,Hors agglomération,Hors intersection,Normale,Deux véhicules - arrière,9,2,2,0,2,1,1,0,3,50,2,2,1,0,1,0,37.0,37.0,voiture,deux_roues,1,1,1,1,2