accident_id,datetime,annee,mois,jour,heure,minute,departement,commune_insee,adresse,latitude,longitude,luminosite,agglomeration,intersection,meteo,collision,catr,circ,nbv,vosp,prof,plan,surf,infra,situ,vma,nb_vehicules,nb_usagers,nb_indemnes,nb_tues,nb_blesses_hosp,nb_blesses_legers,age_cond_1,age_cond_2,veh_type_cond_1,veh_type_cond_2,lum_code,agg_code,int_code,atm_code,col_code
202400027825,2024-09-02 08:20:00,2024,9,2,8,20,77,77372,PARIS  (RUE DE  ),48.8805707,2.68090739,Plein jour,En agglomération,Autre intersection,Temps éblouissant,Deux véhicules - côté,3,2,2,0,1,1,1,0,1,50,2,2,1,0,0,1,52.0,72.0,voiture,voiture,1,2,9,7,3
202400027826,2024-05-21 15:42:00,2024,5,21,15,42,75,75108,AVENUE DES CHAMPS ELYSEES,48.866156,2.319064,Plein jour,En agglomération,Hors intersection,Normale,Deux véhicules - côté,4,2,8,3,1,1,1,0,1,50,2,2,1,0,1,0,51.0,38.0,deux_roues,voiture,1,2,1,1,3
202400027827,2024-07-23 13:20:00,2024,7,23,13,20,40,40281,SAILHÈS (CH. DE),43.86842,-0.48222,Plein jour,En agglomération,Hors intersection,Normale,Trois véhicules et plus - collisions multiples,3,2,2,0,1,4,1,0,1,50,3,4,2,0,0,2,61.0,16.0,voiture,deux_roues,1,2,1,1,5
202400027828,2024-01-22 16:00:00,2024,1,22,16,0,77,77258,GABRIEL (RUE),48.8367,2.63854,Plein jour,En agglomération,Giratoire,Normale,Deux véhicules - frontale,4,2,2,0,1,1,1,0,1,30,2,2,1,0,1,0,47.0,42.0,voiture,deux_roues,1,2,6,1,1
202400027828,2024-01-22 16:00:00,2024,1,22,16,0,77,77258,GABRIEL (RUE),48.8367,2.63854,Plein jour,En agglomération,Giratoire,Normale,Deux véhicules - frontale,4,2,2,0,1,1,1,5,1,30,2,2,1,0,1,0,47.0,42.0,voiture,deux_roues,1,2,6,1,1
202400027829,2024-05-21 00:25:00,2024,5,21,0,25,75,75108,AVENUE DE FRIEDLAND,48.874004,2.297283,Nuit avec éclairage allumé,En agglomération,Intersection en T,Pluie forte,Deux véhicules - arrière,4,2,4,3,1,1,2,0,1,30,2,3,2,0,0,1,32.0,30.0,utilitaire_camion,voiture,5,2,3,3,2
202400027829,2024-05-21 00:25:00,2024,5,21,0,25,75,75108,AVENUE DE FRIEDLAND,48.874004,2.297283,Nuit avec éclairage allumé,En agglomération,Intersection en T,Pluie forte,Deux véhicules - arrière,4,1, -1,-1,1,1,2,0,1,30,2,3,2,0,0,1,32.0,30.0,utilitaire_camion,voiture,5,2,3,3,2
202400027830,2024-07-26 10:40:00,2024,7,26,10,40,38,38185,JEAN JAURES (COURS),45.18805,5.71895,Plein jour,En agglomération,Intersection en X,Normale,Autre collision,4,-1,1,0,1,1,1,0,1,30,2,2,1,0,1,0,44.0,32.0,deux_roues,utilitaire_camion,1,2,2,1,6
202400027830,2024-07-26 10:40:00,2024,7,26,10,40,38,38185,JEAN JAURES (COURS),45.18805,5.71895,Plein jour,En agglomération,Intersection en X,Normale,Autre collision,4,1,4,0,1,1,1,0,1,30,2,2,1,0,1,0,44.0,32.0,deux_roues,utilitaire_camion,1,2,2,1,6
202400027831,2024-01-21 09:10:00,2024,1,21,9,10,76,76005,Rue François Mitterrand,49.40097,1.12516,Plein jour,En agglomération,Hors intersection,Pluie légère,Autre collision,4,2,2,0,1,1,2,0,1,30,1,1,0,0,0,1,27.0,,voiture,,1,2,1,2,6
202400027832,2024-09-01 17:50:00,2024,9,1,17,50,77,77186,RD 409 panneau ONF à LIBERATION,48.41348,2.6452,Plein jour,Hors agglomération,Intersection en X,Normale,Deux véhicules - frontale,3,2,2,0,1,1,1,5,8,70,2,5,4,0,1,0,34.0,30.0,voiture,deux_roues,1,1,2,1,1
202400027832,2024-09-01 17:50:00,2024,9,1,17,50,77,77186,RD 409 panneau ONF à LIBERATION,48.41348,2.6452,Plein jour,Hors agglomération,Intersection en X,Normale,Deux véhicules - frontale,3,2,2,0,1,1,1,5,1,70,2,5,4,0,1,0,34.0,30.0,voiture,deux_roues,1,1,2,1,1
202400027833,2024-04-12 17:40:00,2024,4,12,17,40,21,21056,D28A,47.403952,5.18443,Plein jour,Hors agglomération,Intersection en T,Temps éblouissant,Deux véhicules - côté,3,2,2,0,2,3,1,0,1,80,2,2,1,0,1,0,29.0,55.0,voiture,voiture,1,1,3,7,3
202400027833,2024-04-12 17:40:00,2024,4,12,17,40,21,21056,D28A,47.403952,5.18443,Plein jour,Hors agglomération,Intersection en T,Temps éblouissant,Deux véhicules - côté,3,2,2,0,1,1,1,0,1,80,2,2,1,0,1,0,29.0,55.0,voiture,voiture,1,1,3,7,3
202400027834,2024-05-21 08:30:00,2024,5,21,8,30,75,75107,QUAI VOLTAIRE,48.858607,2.332209,Plein jour,En agglomération,Hors intersection,Normale,Trois véhicules et plus - en chaîne,4,1,3,1,1,1,1,0,1,30,3,3,2,0,0,1,30.0,61.0,deux_roues,voiture,1,2,1,1,4
202400027835,2024-07-27 00:45:00,2024,7,27,0,45,33,33063,,44.82987,-0.55986,Nuit avec éclairage allumé,En agglomération,Intersection en T,Normale,Deux véhicules - arrière,4,2, -1,-1,1,1,1,5,1,-1,2,2,1,0,0,1,46.0,32.0,voiture,deux_roues,5,2,3,1,2
202400027835,2024-07-27 00:45:00,2024,7,27,0,45,33,33063,,44.82987,-0.55986,Nuit avec éclairage allumé,En agglomération,Intersection en T,Normale,Deux véhicules - arrière,4,2,2,2,1,1,1,5,1,30,2,2,1,0,0,1,46.0,32.0,voiture,deux_roues,5,2,3,1,2
202400027836,2024-01-22 11:35:00,2024,1,22,11,35,76,76351,REPUBLIQUE (COURS DE LA),49.49677,0.12704,Plein jour,En agglomération,Hors intersection,Normale,Sans collision,4,3,8,1,1,1,2,9,1,50,2,2,1,0,0,1,34.0,33.0,voiture,deux_roues,1,2,1,1,7
202400027837,2024-08-07 22:25:00,2024,8,7,22,25,76,76351,Cours de la République,49.5000584,0.12958414,Nuit avec éclairage allumé,En agglomération,Intersection en X,Normale,Deux véhicules - côté,4,2,3,0,1,1,1,0,1,50,2,2,0,0,1,1,37.0,62.0,deux_roues,deux_roues,5,2,2,1,3
202400027837,2024-08-07 22:25:00,2024,8,7,22,25,76,76351,Cours de la République,49.5000584,0.12958414,Nuit avec éclairage allumé,En agglomération,Intersection en X,Normale,Deux véhicules - côté,4,2,5,1,2,1,1,1,1,50,2,2,0,0,1,1,37.0,62.0,deux_roues,deux_roues,5,2,2,1,3
202400027838,2024-04-12 08:55:00,2024,4,12,8,55,40,40117,D824,43.79225,-0.445268,Plein jour,Hors agglomération,Intersection en X,Normale,Deux véhicules - côté,3,2,2,0,1,1,1,5,1,80,2,2,1,0,1,0,44.0,40.0,voiture,voiture,1,1,2,1,3
202400027838,2024-04-12 08:55:00,2024,4,12,8,55,40,40117,D824,43.79225,-0.445268,Plein jour,Hors agglomération,Intersection en X,Normale,Deux véhicules - côté,3,2, -1,-1,1,3,1,0,1,80,2,2,1,0,1,0,44.0,40.0,voiture,voiture,1,1,2,1,3
202400027839,2024-05-21 00:03:00,2024,5,21,0,3,75,75102,BOULEVARD MONTMARTRE,48.8717,2.341611,Nuit avec éclairage allumé,En agglomération,Intersection en T,Pluie forte,Deux véhicules - côté,4,2,5,1,1,1,2,0,1,30,2,2,1,0,0,1,32.0,,deux_roues,voiture,5,2,3,3,3
202400027839,2024-05-21 00:03:00,2024,5,21,0,3,75,75102,BOULEVARD MONTMARTRE,48.8717,2.341611,Nuit avec éclairage allumé,En agglomération,Intersection en T,Pluie forte,Deux véhicules - côté,4,1,3,1,1,1,2,0,1,30,2,2,1,0,0,1,32.0,,deux_roues,voiture,5,2,3,3,3
202400027840,2024-07-26 14:15:00,2024,7,26,14,15,32,32013,TOULOUSE (ROUTE DE),43.65412,0.6098,Plein jour,Hors agglomération,Hors intersection,Normale,Deux véhicules - côté,3,2,2,0,1,1,1,0,1,50,2,2,1,0,0,1,21.0,74.0,utilitaire_camion,voiture,1,1,1,1,3
202400027841,2024-01-22 07:50:00,2024,1,22,7,50,76,76351,JULES LECESNE (RUE),49.4933,0.11861,Nuit avec éclairage allumé,En agglomération,Intersection en X,Pluie légère,Deux véhicules - côté,4,2,2,0,1,1,2,0,1,50,2,2,1,0,0,1,23.0,46.0,deux_roues,voiture,5,2,2,2,3
202400027841,2024-01-22 07:50:00,2024,1,22,7,50,76,76351,JULES LECESNE (RUE),49.4933,0.11861,Nuit avec éclairage allumé,En agglomération,Intersection en X,Pluie légère,Deux véhicules - côté,4,2,2,0,1,1,2,0,1,50,2,2,1,0,0,1,23.0,46.0,deux_roues,voiture,5,2,2,2,3
202400027842,2024-08-29 13:30:00,2024,8,29,13,30,76,76351,Rue d'Etretat,49.4972,0.09816,Plein jour,En agglomération,Intersection en T,Normale,Sans collision,4,2,3,1,2,1,1,0,1,50,1,1,0,0,1,0,74.0,,deux_roues,,1,2,3,1,7
202400027842,2024-08-29 13:30:00,2024,8,29,13,30,76,76351,Rue d'Etretat,49.4972,0.09816,Plein jour,En agglomération,Intersection en T,Normale,Sans collision,4,1,1,1,1,1,1,0,1,20,1,1,0,0,1,0,74.0,,deux_roues,,1,2,3,1,7
202400027843,2024-05-21 14:30:00,2024,5,21,14,30,94,94003,Avenue Aristide Briand,48.81232,2.32827,Plein jour,En agglomération,Hors intersection,Normale,Sans collision,9,2,2,1,1,1,1,-1,5,50,1,1,0,0,0,1,37.0,,deux_roues,,1,2,1,1,7
202400027844,2024-07-26 12:05:00,2024,7,26,12,5,31,31555,AV DE FRONTON,43.65139991,1.4326212,Plein jour,En agglomération,Hors intersection,Normale,Sans collision,7,2,2,1,1,1,1,0,1,50,2,2,1,0,0,1,65.0,,deux_roues,utilitaire_camion,1,2,1,1,7
202400027845,2024-04-12 17:25:00,2024,4,12,17,25,04,04094,route départementale 952,43.757656,5.907109,Plein jour,Hors agglomération,Intersection en T,Normale,Deux véhicules - côté,3,2,2,0,1,1,1,0,1,80,2,3,2,0,1,0,53.0,52.0,voiture,deux_roues,1,1,3,1,3
202400027845,2024-04-12 17:25:00,2024,4,12,17,25,04,04094,route départementale 952,43.757656,5.907109,Plein jour,Hors agglomération,Intersection en T,Normale,Deux véhicules - côté,3,2, -1,-1,1,4,1,5,1,-1,2,3,2,0,1,0,53.0,52.0,voiture,deux_roues,1,1,3,1,3
202400027846,2024-01-20 19:30:00,2024,1,20,19,30,76,76351,LEON HALLAURE,49.51832,0.09577,Nuit avec éclairage allumé,En agglomération,Intersection en Y,Normale,Deux véhicules - côté,4,2,2,0,1,1,1,0,1,50,2,2,1,0,0,1,18.0,,deux_roues,voiture,5,2,4,1,3
202400027846,2024-01-20 19:30:00,2024,1,20,19,30,76,76351,LEON HALLAURE,49.51832,0.09577,Nuit avec éclairage allumé,En agglomération,Intersection en Y,Normale,Deux véhicules - côté,4,2,2,0,1,1,1,0,1,50,2,2,1,0,0,1,18.0,,deux_roues,voiture,5,2,4,1,3
202400027847,2024-08-30 19:45:00,2024,8,30,19,45,76,76552,TILLEULS,49.51127,0.08579,Plein jour,En agglomération,Intersection en T,Normale,Deux véhicules - côté,3,2,2,0,2,1,1,0,1,30,2,2,1,0,0,1,51.0,44.0,deux_roues,voiture,1,2,3,1,3
202400027847,2024-08-30 19:45:00,2024,8,30,19,45,76,76552,TILLEULS,49.51127,0.08579,Plein jour,En agglomération,Intersection en T,Normale,Deux véhicules - côté,3,2,2,0,2,1,1,0,1,3,2,2,1,0,0,1,51.0,44.0,deux_roues,voiture,1,2,3,1,3
202400027848,2024-05-20 07:10:00,2024,5,20,7,10,94,94076,Av du President Salvador Allende,48.79799,2.34746,Plein jour,En agglomération,Hors intersection,Normale,Autre collision,3,2,2,0,2,1,1,0,1,50,1,2,0,0,0,2,33.0,,voiture,,1,2,1,1,6
202400027849,2024-07-26 08:15:00,2024,7,26,8,15,29,29254,Allée Saint François,48.59311284,-3.84144017,Plein jour,Hors agglomération,Hors intersection,Normale,Autre collision,3,2,2,0,1,1,1,0,1,70,1,1,0,0,1,0,39.0,,voiture,,1,1,1,1,6
202400027850,2024-04-12 15:50:00,2024,4,12,15,50,30,30228,RD 136,43.961584,4.334568,Plein jour,Hors agglomération,Hors intersection,Normale,Deux véhicules - côté,3,2,2,0,1,1,1,0,1,80,2,2,1,0,1,0,65.0,46.0,deux_roues,voiture,1,1,1,1,3
202400027851,2024-01-19 21:50:00,2024,1,19,21,50,76,76351,Avenue Paul Bert,49.50928,0.16665,Nuit avec éclairage allumé,En agglomération,Intersection en X,Normale,Sans collision,4,2, -1,-1,1,1,1,0,1,-1,1,2,1,0,0,1,22.0,,deux_roues,,5,2,2,1,7
202400027851,2024-01-19 21:50:00,2024,1,19,21,50,76,76351,Avenue Paul Bert,49.50928,0.16665,Nuit avec éclairage allumé,En agglomération,Intersection en X,Normale,Sans collision,4,2,2,0,1,1,7,0,1,50,1,2,1,0,0,1,22.0,,deux_roues,,5,2,2,1,7
202400027852,2024-05-21 13:05:00,2024,5,21,13,5,94,94073,Avenue du Luxembourg / Rue d'Italie,48.75952158,2.37197453,Plein jour,En agglomération,Intersection à plus de 4 branches,Normale,Deux véhicules - côté,4,1,2,3,1,3,1,5,6,-1,2,2,1,0,0,1,38.0,51.0,transport_commun,voiture,1,2,5,1,3
202400027852,2024-05-21 13:05:00,2024,5,21,13,5,94,94073,Avenue du Luxembourg / Rue d'Italie,48.75952158,2.37197453,Plein jour,En agglomération,Intersection à plus de 4 branches,Normale,Deux véhicules - côté,4,2,4,3,1,2,1,-1,6,50,2,2,1,0,0,1,38.0,51.0,transport_commun,voiture,1,2,5,1,3
202400027853,2024-04-13 06:50:00,2024,4,13,6,50,48,48190,départementale 989,44.811131,3.172034,Crépuscule ou aube,Hors agglomération,Hors intersection,Normale,Autre collision,3,2,2,0,2,2,1,0,3,90,1,1,0,0,1,0,35.0,,voiture,,2,1,1,1,6
202400027854,2024-09-02 20:55:00,2024,9,2,20,55,74,74012,GIFFRE (AVENUE DU),46.19643,6.23904,Nuit avec éclairage allumé,En agglomération,Hors intersection,Normale,Sans collision,4,1,1,1,1,1,1,0,1,30,1,1,0,0,0,1,21.0,,deux_roues,,5,2,1,1,7
202400027855,2024-01-19 09:00:00,2024,1,19,9,0,76,76351,JEAN JAURES (AVENUE),49.49824,0.14804,Plein jour,En agglomération,Intersection en T,Normale,Autre collision,4,2,3,2,2,3,1,2,1,50,1,2,1,0,0,1,,,voiture,,1,2,3,1,6
202400027855,2024-01-19 09:00:00,2024,1,19,9,0,76,76351,JEAN JAURES (AVENUE),49.49824,0.14804,Plein jour,En agglomération,Intersection en T,Normale,Autre collision,4,2,5,2,1,1,1,2,1,50,1,2,1,0,0,1,,,voiture,,1,2,3,1,6
202400027856,2024-07-26 10:00:00,2024,7,26,10,0,27,27451,FOCH (AVENUE DU MARECHAL),49.02777,1.11219,Plein jour,Hors agglomération,Hors intersection,Normale,Trois véhicules et plus - collisions multiples,4,1,1,0,1,2,1,0,1,70,3,5,2,0,0,3,40.0,39.0,utilitaire_camion,voiture,1,1,1,1,5
202400027857,2024-09-02 11:45:00,2024,9,2,11,45,72,72003,GAULLE CHARLES DE (AV),47.96917,0.15968,Plein jour,En agglomération,Hors intersection,Normale,Autre collision,4,2,2,0,1,1,1,0,4,50,1,1,0,0,0,1,40.0,,voiture,,1,2,1,1,6
202400027858,2024-04-12 17:10:00,2024,4,12,17,10,13,13118,D10,43.549077,5.243515,Plein jour,Hors agglomération,Intersection en T,Normale,Deux véhicules - côté,3,2,0,0,1,1,1,5,1,-1,2,2,1,0,1,0,53.0,24.0,deux_roues,voiture,1,1,3,1,3
202400027858,2024-04-12 17:10:00,2024,4,12,17,10,13,13118,D10,43.549077,5.243515,Plein jour,Hors agglomération,Intersection en T,Normale,Deux véhicules - côté,3,2, -1,-1,1,1,1,0,1,-1,2,2,1,0,1,0,53.0,24.0,deux_roues,voiture,1,1,3,1,3
202400027859,2024-01-22 20:05:00,2024,1,22,20,5,74,74012,ETREMBIERES (RUE D'),46.1903,6.2332,Nuit avec éclairage allumé,En agglomération,Giratoire,Normale,Autre collision,4,2,2,0,1,3,2,0,1,50,1,2,1,0,0,1,21.0,,voiture,,5,2,6,1,6
202400027860,2024-09-01 08:15:00,2024,9,1,8,15,72,72181,PETITE-VITESSE (BD DE LA),47.99315,0.19674,Plein jour,En agglomération,Hors intersection,Normale,Autre collision,4,2,2,0,1,1,1,0,1,30,1,1,0,1,0,0,61.0,,voiture,,1,2,1,1,6
202400027861,2024-07-26 20:00:00,2024,7,26,20,0,26,26252,Rue Marcel Champion,44.85851,4.8913,Crépuscule ou aube,Hors agglomération,Autre intersection,Normale,Deux véhicules - arrière,3,2,2,0,1,1,1,8,1,50,2,2,1,0,0,1,37.0,42.0,utilitaire_camion,utilitaire_camion,2,1,9,1,2
202400027862,2024-05-13 17:15:00,2024,5,13,17,15,94,94017,Voie Sonia Delaunay / Avenue des Grands Godets,48.81262,2.5316,Plein jour,En agglomération,Intersection en T,Normale,Trois véhicules et plus - en chaîne,3,2,2,2,2,1,1,0,1,50,4,4,3,0,0,1,30.0,36.0,utilitaire_camion,voiture,1,2,3,1,4
202400027862,2024-05-13 17:15:00,2024,5,13,17,15,94,94017,Voie Sonia Delaunay / Avenue des Grands Godets,48.81262,2.5316,Plein jour,En agglomération,Intersection en T,Normale,Trois véhicules et plus - en chaîne,3,1,1,2,1,1,1,0,1,-1,4,4,3,0,0,1,30.0,36.0,utilitaire_camion,voiture,1,2,3,1,4
202400027863,2024-04-13 17:59:00,2024,4,13,17,59,01,01049,A42 sens LYON/GENÈVE PK 013+350 sens LYON/GENÈVE,45.835355,5.03464,Plein jour,Hors agglomération,Hors intersection,Normale,Autre collision,1,-1,3,0,1,1,1,0,1,130,1,1,0,0,1,0,25.0,,deux_roues,,1,1,1,1,6
202400027864,2024-05-21 11:10:00,2024,5,21,11,10,93,93070,Rue Albert Dhalenne,48.916217,2.330507,Plein jour,En agglomération,Hors intersection,Normale,Autre collision,3,2,2,1,1,1,1,0,1,50,1,2,1,0,0,1,59.0,,voiture,,1,2,1,1,6
202400027865,2024-07-26 16:50:00,2024,7,26,16,50,17,17380,GRANDE COTE (AVENUE DE LA),45.65281,-1.12192,Plein jour,Hors agglomération,Hors intersection,Normale,Deux véhicules - frontale,4,2,2,1,1,2,1,0,5,30,2,2,0,0,0,2,76.0,43.0,deux_roues,deux_roues,1,1,1,1,1
202400027866,2024-01-21 16:05:00,2024,1,21,16,5,72,72181,SAVORGNAN DE BRAZZA (AV) N° IMP,48.00915,0.22679,Plein jour,En agglomération,Giratoire,Normale,Deux véhicules - côté,4,2,2,0,1,1,1,0,1,50,2,3,1,0,0,2,25.0,28.0,deux_roues,voiture,1,2,6,1,3
202400027866,2024-01-21 16:05:00,2024,1,21,16,5,72,72181,SAVORGNAN DE BRAZZA (AV) N° IMP,48.00915,0.22679,Plein jour,En agglomération,Giratoire,Normale,Deux véhicules - côté,4,2,2,0,1,1,1,0,1,50,2,3,1,0,0,2,25.0,28.0,deux_roues,voiture,1,2,6,1,3
202400027867,2024-09-02 10:25:00,2024,9,2,10,25,69,69013,Route Départementale 686,46.01905,4.72073,Plein jour,En agglomération,Hors intersection,Normale,Trois véhicules et plus - collisions multiples,3,2,2,0,1,1,1,0,1,50,3,3,0,0,1,2,41.0,60.0,utilitaire_camion,voiture,1,2,1,1,5
202400027868,2024-04-10 15:20:00,2024,4,10,15,20,91,91679,départementale 938,48.73851,2.108388,Plein jour,Hors agglomération,Hors intersection,Normale,Deux véhicules - frontale,3,2,2,0,1,1,1,0,1,80,2,2,1,1,0,0,26.0,58.0,utilitaire_camion,deux_roues,1,1,1,1,1
202400027869,2024-08-30 20:50:00,2024,8,30,20,50,67,67043,ROBERT KIEFFER (RUE),48.616465,7.752324,Crépuscule ou aube,En agglomération,Hors intersection,Normale,Autre collision,4,2,2,0,1,1,1,0,1,30,1,1,0,0,1,0,18.0,,deux_roues,,2,2,1,1,6
202400027870,2024-05-21 18:00:00,2024,5,21,18,0,93,93064,Rue Lachambaudie,48.877861,2.507465,Plein jour,En agglomération,Hors intersection,Pluie légère,Deux véhicules - côté,4,2,2,0,1,1,2,9,1,30,2,2,1,0,0,1,58.0,21.0,voiture,voiture,1,2,1,2,3
202400027871,2024-04-12 16:45:00,2024,4,12,16,45,49,49223,A87 - PK: 1+300 - BRETELLE SORTIE 23,47.39323029,-0.54007095,Plein jour,Hors agglomération,Autre intersection,Normale,Sans collision,1,3,4,0,1,1,1,3,1,50,1,1,0,0,1,0,61.0,,deux_roues,,1,1,9,1,7
202400027872,2024-01-21 12:40:00,2024,1,21,12,40,72,72181,DURAND GEORGES (AV) N° PAIRS 166 A 310,47.973599,0.215892,Plein jour,En agglomération,Hors intersection,Temps couvert,Deux véhicules - arrière,4,3,0,0,1,1,1,0,1,50,2,3,1,0,0,2,34.0,24.0,voiture,utilitaire_camion,1,2,1,8,2
202400027873,2024-07-23 18:00:00,2024,7,23,18,0,14,14225,113 Rue du Général de Gaulle,49.2854,-0.110319,Plein jour,En agglomération,Hors intersection,Normale,Deux véhicules - arrière,4,1,1,0,1,1,1,0,1,30,2,3,2,0,0,1,45.0,79.0,voiture,voiture,1,2,1,1,2
202400027874,2024-09-02 04:05:00,2024,9,2,4,5,67,67482,DOUBS (RUE DU),48.54972,7.73421,Nuit avec éclairage allumé,En agglomération,Intersection en T,Normale,Sans collision,4,1,1,0,1,1,2,0,8,30,1,1,0,0,0,1,17.0,,voiture,,5,2,3,1,7
202400027874,2024-09-02 04:05:00,2024,9,2,4,5,67,67482,DOUBS (RUE DU),48.54972,7.73421,Nuit avec éclairage allumé,En agglomération,Intersection en T,Normale,Sans collision,4,2,2,1,1,2,2,0,4,50,1,1,0,0,0,1,17.0,,voiture,,5,2,3,1,7
202400027875,2024-05-21 14:10:00,2024,5,21,14,10,93,93051,Avenue Médéric,48.82947,2.57345,Plein jour,En agglomération,Hors intersection,Normale,Deux véhicules - côté,3,2,2,0,1,1,1,0,1,50,2,2,1,0,0,1,30.0,59.0,voiture,deux_roues,1,2,1,1,3
202400027876,2024-01-22 19:15:00,2024,1,22,19,15,69,69266,Boulevard Laurent Bonnevay,45.78762,4.88163,Nuit sans éclairage public,En agglomération,Hors intersection,Pluie légère,Autre collision,4,2,4,0,1,1,2,0,1,50,1,2,1,0,1,0,28.0,,voiture,,3,2,1,2,6
202400027877,2024-04-11 11:05:00,2024,4,11,11,5,972,97230,Tartane,14.756893,-60.929146,Plein jour,Hors agglomération,Hors intersection,Normale,Deux véhicules - côté,3,2,2,0,1,4,1,0,1,80,2,2,1,0,0,1,54.0,71.0,deux_roues,utilitaire_camion,1,1,1,1,3
202400027878,2024-07-22 18:40:00,2024,7,22,18,40,14,14341,N814,49.14561,-0.338,Plein jour,Hors agglomération,Giratoire,Normale,Deux véhicules - arrière,2,2,2,0,1,3,1,5,1,90,2,2,1,0,1,0,20.0,66.0,voiture,voiture,1,1,6,1,2
202400027878,2024-07-22 18:40:00,2024,7,22,18,40,14,14341,N814,49.14561,-0.338,Plein jour,Hors agglomération,Giratoire,Normale,Deux véhicules - arrière,2,2,2,0,1,3,1,5,1,90,2,2,1,0,1,0,20.0,66.0,voiture,voiture,1,1,6,1,2
202400027879,2024-05-21 13:00:00,2024,5,21,13,0,93,93074,D933,48.93455,2.57668,Plein jour,Hors agglomération,Hors intersection,Normale,Sans collision,3,3,4,0,1,1,1,1,8,90,1,1,0,0,0,1,50.0,,utilitaire_camion,,1,1,1,1,7
202400027880,2024-09-01 06:55:00,2024,9,1,6,55,66,66136,,42.66713,2.89906,Crépuscule ou aube,Hors agglomération,Hors intersection,Temps couvert,Deux véhicules - frontale,3,2,2,0,1,1,1,0,1,80,2,2,0,0,0,2,21.0,41.0,voiture,voiture,2,1,1,8,1
202400027881,2024-04-06 14:50:00,2024,4,6,14,50,37,37072,zone du blanc carroi,47.182654,0.264874,Plein jour,Hors agglomération,Hors intersection,Normale,Autre collision,6,-1, -1,0,1,1,1,0,1,50,1,2,1,0,0,1,52.0,,voiture,,1,1,1,1,6
202400027882,2024-01-22 18:00:00,2024,1,22,18,0,69,69286,Route de Strasbourg,45.8294,4.90768,Nuit avec éclairage allumé,En agglomération,Giratoire,Pluie forte,Deux véhicules - côté,7,2,2,2,1,1,2,0,1,50,2,3,2,0,0,1,67.0,17.0,voiture,autre,5,2,6,3,3
202400027882,2024-01-22 18:00:00,2024,1,22,18,0,69,69286,Route de Strasbourg,45.8294,4.90768,Nuit avec éclairage allumé,En agglomération,Giratoire,Pluie forte,Deux véhicules - côté,7,1,1,2,1,2,2,0,1,50,2,3,2,0,0,1,67.0,17.0,voiture,autre,5,2,6,3,3
202400027883,2024-05-21 09:24:00,2024,5,21,9,24,93,93074,Boulevard Jacques Amyot,48.93552129,2.56842703,Plein jour,En agglomération,Hors intersection,Normale,Deux véhicules - arrière,4,1,2,0,1,1,1,0,1,50,2,2,1,0,0,1,52.0,44.0,voiture,utilitaire_camion,1,2,1,1,2
202400027884,2024-07-26 01:26:00,2024,7,26,1,26,13,13117,CHEMIN DEPARTEMENTAL CD 20,43.45396549,5.23223673,Nuit avec éclairage allumé,Hors agglomération,Giratoire,Normale,Deux véhicules - côté,3,2,2,0,2,1,1,5,8,50,2,2,1,0,0,1,,24.0,voiture,voiture,5,1,6,1,3
202400027884,2024-07-26 01:26:00,2024,7,26,1,26,13,13117,CHEMIN DEPARTEMENTAL CD 20,43.45396549,5.23223673,Nuit avec éclairage allumé,Hors agglomération,Giratoire,Normale,Deux véhicules - côté,3,2,2,0,2,1,1,5,8,50,2,2,1,0,0,1,,24.0,voiture,voiture,5,1,6,1,3
202400027885,2024-09-01 19:45:00,2024,9,1,19,45,64,64445,MONTPENSIER,43.30402,-0.37571,Plein jour,En agglomération,Intersection en T,Normale,Autre collision,4,2,3,0,1,1,1,5,4,50,1,1,0,0,0,1,47.0,,voiture,,1,2,3,1,6
202400027885,2024-09-01 19:45:00,2024,9,1,19,45,64,64445,MONTPENSIER,43.30402,-0.37571,Plein jour,En agglomération,Intersection en T,Normale,Autre collision,4,2,2,0,1,2,1,5,4,30,1,1,0,0,0,1,47.0,,voiture,,1,2,3,1,6
202400027886,2024-04-13 13:00:00,2024,4,13,13,0,45,45085,Parking SUPER U,47.834578,2.840824,Plein jour,En agglomération,Hors intersection,Normale,Deux véhicules - frontale,6,-1, -1,0,1,1,1,0,1,-1,2,3,2,0,0,1,51.0,52.0,deux_roues,voiture,1,2,1,1,1
202400027887,2024-05-21 17:45:00,2024,5,21,17,45,93,93006,Avenue du Général de Gaulle,48.86494,2.417494,Plein jour,En agglomération,Hors intersection,Pluie légère,Autre collision,3,2,2,3,1,1,2,0,1,30,1,2,1,0,0,1,57.0,,transport_commun,,1,2,1,2,6
202400027888,2024-01-22 17:30:00,2024,1,22,17,30,69,69275,Rue de la Fraternité,45.77138,4.95819,Plein jour,En agglomération,Intersection en T,Pluie légère,Autre collision,4,2,2,0,1,1,2,0,1,30,1,2,1,0,1,0,45.0,,voiture,,1,2,3,2,6
202400027888,2024-01-22 17:30:00,2024,1,22,17,30,69,69275,Rue de la Fraternité,45.77138,4.95819,Plein jour,En agglomération,Intersection en T,Pluie légère,Autre collision,4,2,2,0,1,1,2,0,1,-1,1,2,1,0,1,0,45.0,,voiture,,1,2,3,2,6
202400027889,2024-07-27 00:20:00,2024,7,27,0,20,13,13208,MADRAGUE DE MONTREDON (AVE DE LA) ,43.233,5.3584,Nuit avec éclairage allumé,En agglomération,Hors intersection,Normale,Deux véhicules - arrière,4,2,2,0,1,1,1,0,1,50,2,2,0,0,0,2,23.0,,deux_roues,utilitaire_camion,5,2,1,1,2