accident_id,datetime,annee,mois,jour,heure,minute,departement,commune_insee,adresse,latitude,longitude,luminosite,agglomeration,intersection,meteo,collision,catr,circ,nbv,vosp,prof,plan,surf,infra,situ,vma,nb_vehicules,nb_usagers,nb_indemnes,nb_tues,nb_blesses_hosp,nb_blesses_legers,age_cond_1,age_cond_2,veh_type_cond_1,veh_type_cond_2,lum_code,agg_code,int_code,atm_code,col_code
202400027890,2024-09-02 16:30:00,2024,9,2,16,30,64,64024,MARCEL DASSAULT (AVENUE),43.50165,-1.49551,Plein jour,En agglomération,Hors intersection,Normale,Deux véhicules - côté,4,2,2,1,1,1,1,0,5,50,2,2,1,0,1,0,14.0,34.0,deux_roues,utilitaire_camion,1,2,1,1,3
202400027891,2024-01-22 19:00:00,2024,1,22,19,0,69,69091,Avenue Youri Gagarine,45.6018343,4.77062421,Nuit avec éclairage allumé,En agglomération,Intersection en X,Pluie légère,Autre collision,7,2,4,0,1,1,2,0,1,50,1,2,1,0,1,0,40.0,,voiture,,5,2,2,2,6
202400027891,2024-01-22 19:00:00,2024,1,22,19,0,69,69091,Avenue Youri Gagarine,45.6018343,4.77062421,Nuit avec éclairage allumé,En agglomération,Intersection en X,Pluie légère,Autre collision,7,2,2,0,3,1,2,0,1,50,1,2,1,0,1,0,40.0,,voiture,,5,2,2,2,6
202400027892,2024-04-12 17:45:00,2024,4,12,17,45,77,77034,D215,48.57677,2.781193,Plein jour,Hors agglomération,Intersection en T,Temps éblouissant,Autre collision,3,2,2,0,1,1,1,0,1,80,2,2,1,0,1,0,24.0,40.0,deux_roues,utilitaire_camion,1,1,3,7,6
202400027892,2024-04-12 17:45:00,2024,4,12,17,45,77,77034,D215,48.57677,2.781193,Plein jour,Hors agglomération,Intersection en T,Temps éblouissant,Autre collision,3,2,2,0,1,1,1,0,1,90,2,2,1,0,1,0,24.0,40.0,deux_roues,utilitaire_camion,1,1,3,7,6
202400027893,2024-05-21 11:45:00,2024,5,21,11,45,93,93047,Place Jean Mermoz / Rue du Général Leclerc,48.90146,2.57046,Plein jour,En agglomération,Place,Normale,Autre collision,4,2,2,0,1,1,1,0,1,-1,1,2,1,0,0,1,53.0,,voiture,,1,2,7,1,6
202400027893,2024-05-21 11:45:00,2024,5,21,11,45,93,93047,Place Jean Mermoz / Rue du Général Leclerc,48.90146,2.57046,Plein jour,En agglomération,Place,Normale,Autre collision,4,3,2,0,1,1,1,0,1,50,1,2,1,0,0,1,53.0,,voiture,,1,2,7,1,6
202400027894,2024-07-26 22:00:00,2024,7,26,22,0,13,13206,PIERRE PUGET (COURS),43.29043,5.37578,Nuit avec éclairage allumé,En agglomération,Intersection en X,Normale,Deux véhicules - côté,4,-1,2,0,2,1,1,0,1,50,2,2,0,0,0,2,25.0,33.0,deux_roues,deux_roues,5,2,2,1,3
202400027894,2024-07-26 22:00:00,2024,7,26,22,0,13,13206,PIERRE PUGET (COURS),43.29043,5.37578,Nuit avec éclairage allumé,En agglomération,Intersection en X,Normale,Deux véhicules - côté,4,1,2,0,2,1,1,0,1,50,2,2,0,0,0,2,25.0,33.0,deux_roues,deux_roues,5,2,2,1,3
202400027895,2024-04-09 20:10:00,2024,4,9,20,10,2A,2A041,#Brancuccio#,41.390397,9.170478,Nuit avec éclairage allumé,En agglomération,Hors intersection,Normale,Sans collision,4,2,2,0,2,1,1,0,1,30,1,1,0,0,1,0,50.0,,deux_roues,,5,2,1,1,7
202400027896,2024-09-01 10:35:00,2024,9,1,10,35,63,63212,ROCADE RD 446,45.88174573,3.09607923,Plein jour,Hors agglomération,Intersection en T,Normale,Deux véhicules - côté,3,2,2,0,1,3,2,5,1,90,2,3,2,0,0,1,19.0,51.0,voiture,voiture,1,1,3,1,3
202400027896,2024-09-01 10:35:00,2024,9,1,10,35,63,63212,ROCADE RD 446,45.88174573,3.09607923,Plein jour,Hors agglomération,Intersection en T,Normale,Deux véhicules - côté,3,2,2,0,1,2,2,5,1,90,2,3,2,0,0,1,19.0,51.0,voiture,voiture,1,1,3,1,3
202400027897,2024-01-21 15:35:00,2024,1,21,15,35,67,67218,PARC (RUE DU),48.53151,7.71455,Plein jour,En agglomération,Intersection en T,Normale,Deux véhicules - côté,4,2,4,2,1,1,1,9,5,50,2,2,1,0,0,1,44.0,30.0,deux_roues,voiture,1,2,3,1,3
202400027897,2024-01-21 15:35:00,2024,1,21,15,35,67,67218,PARC (RUE DU),48.53151,7.71455,Plein jour,En agglomération,Intersection en T,Normale,Deux véhicules - côté,4,1,2,1,1,1,1,0,1,50,2,2,1,0,0,1,44.0,30.0,deux_roues,voiture,1,2,3,1,3
202400027898,2024-07-23 09:00:00,2024,7,23,9,0,13,13208,HAMBOURG (BOULEVARD),43.25000845,5.38938972,Plein jour,En agglomération,Hors intersection,Normale,Deux véhicules - frontale,4,2,0,0,1,1,1,0,1,50,1,2,1,0,1,0,75.0,,voiture,,1,2,1,1,1
202400027899,2024-05-21 17:45:00,2024,5,21,17,45,93,93001,Rue Danielle Casanova,48.91644,2.39775,Plein jour,En agglomération,Hors intersection,Temps couvert,Deux véhicules - frontale,3,2,2,0,1,1,1,0,1,50,2,2,1,0,0,1,32.0,52.0,deux_roues,voiture,1,2,1,8,1
202400027900,2024-09-02 18:20:00,2024,9,2,18,20,63,63113,GANTIERE (RUE DE LA),45.76412,3.1234,Plein jour,En agglomération,Hors intersection,Normale,Deux véhicules - côté,4,2,2,0,1,1,1,0,1,50,2,2,1,0,0,1,52.0,42.0,deux_roues,voiture,1,2,1,1,3
202400027901,2024-04-13 11:30:00,2024,4,13,11,30,66,66037,,42.69844133,3.00822616,Plein jour,En agglomération,Intersection en T,Normale,Deux véhicules - frontale,4,2,2,0,1,1,1,0,1,50,2,2,1,0,1,0,32.0,69.0,deux_roues,voiture,1,2,3,1,1
202400027901,2024-04-13 11:30:00,2024,4,13,11,30,66,66037,,42.69844133,3.00822616,Plein jour,En agglomération,Intersection en T,Normale,Deux véhicules - frontale,4,2,2,0,1,1,1,0,1,80,2,2,1,0,1,0,32.0,69.0,deux_roues,voiture,1,2,3,1,1
202400027902,2024-01-22 08:20:00,2024,1,22,8,20,63,63113,BERGOUGNAN (AVENUE RAYMOND),45.78434217,3.06754053,Plein jour,En agglomération,Hors intersection,Temps couvert,Deux véhicules - arrière,7,2,2,0,2,1,1,0,1,50,2,2,1,0,0,1,53.0,62.0,voiture,voiture,1,2,1,8,2
202400027903,2024-07-26 18:40:00,2024,7,26,18,40,13,13047,ANCIENS COMBATTANTS AVENUE DES,43.4942,4.99261,Plein jour,En agglomération,Hors intersection,Normale,Deux véhicules - côté,4,2,2,0,1,1,1,0,1,50,2,3,1,0,0,2,33.0,31.0,deux_roues,voiture,1,2,1,1,3
202400027904,2024-04-30 02:00:00,2024,4,30,2,0,92,92051,"CHARLES DE GAULLE (AVENUE, N°27 A 129)",48.8825062,2.26843983,Nuit avec éclairage allumé,En agglomération,Autre intersection,Normale,Deux véhicules - côté,4,3,0,0,1,1,1,0,1,50,2,2,0,0,0,2,25.0,32.0,voiture,voiture,5,2,9,1,3
202400027905,2024-09-02 11:05:00,2024,9,2,11,5,61,61006,40 Rue de la République,48.74602,-0.02143,Plein jour,En agglomération,Hors intersection,Normale,Autre collision,4,2,2,2,1,1,1,0,1,30,1,2,1,0,0,1,72.0,,voiture,,1,2,1,1,6
202400027906,2024-05-21 20:15:00,2024,5,21,20,15,92,92048,ROUTE DES BOIS BLANCS,48.80886616,2.20592326,Plein jour,En agglomération,Hors intersection,Normale,Sans collision,4,2,0,0,1,1,9,0,1,30,1,1,0,0,0,1,54.0,,deux_roues,,1,2,1,1,7
202400027907,2024-01-22 07:30:00,2024,1,22,7,30,62,62498,D161E2,50.43744742,2.84684515,Crépuscule ou aube,En agglomération,Intersection en T,Pluie légère,Trois véhicules et plus - collisions multiples,3,2,2,0,1,1,2,0,1,50,3,3,2,0,0,1,25.0,54.0,voiture,voiture,2,2,3,2,5
202400027907,2024-01-22 07:30:00,2024,1,22,7,30,62,62498,D161E2,50.43744742,2.84684515,Crépuscule ou aube,En agglomération,Intersection en T,Pluie légère,Trois véhicules et plus - collisions multiples,3,2,2,0,1,1,2,5,1,50,3,3,2,0,0,1,25.0,54.0,voiture,voiture,2,2,3,2,5
202400027908,2024-04-13 14:45:00,2024,4,13,14,45,30,30330,D982,44.032494,4.00288,Plein jour,Hors agglomération,Intersection en Y,Normale,Deux véhicules - côté,3,2,2,0,1,1,1,0,1,80,2,2,1,0,1,0,52.0,62.0,deux_roues,voiture,1,1,4,1,3
202400027908,2024-04-13 14:45:00,2024,4,13,14,45,30,30330,D982,44.032494,4.00288,Plein jour,Hors agglomération,Intersection en Y,Normale,Deux véhicules - côté,3,2, -1,-1,1,1,1,0,1,-1,2,2,1,0,1,0,52.0,62.0,deux_roues,voiture,1,1,4,1,3
202400027909,2024-07-26 09:50:00,2024,7,26,9,50,11,11069,,43.22825444,2.33656373,Plein jour,En agglomération,Hors intersection,Normale,Trois véhicules et plus - collisions multiples,3,2,2,0,1,1,1,0,1,70,3,4,2,0,0,2,58.0,40.0,voiture,voiture,1,2,1,1,5
202400027910,2024-09-02 21:40:00,2024,9,2,21,40,59,59512,LAGACHE (AVENUE JULIEN),50.68387,3.19907,Nuit avec éclairage allumé,En agglomération,Hors intersection,Normale,Deux véhicules - frontale,4,3,2,0,1,1,1,0,1,50,2,2,1,0,1,0,51.0,,deux_roues,voiture,5,2,1,1,1
202400027911,2024-04-12 16:50:00,2024,4,12,16,50,34,34199,Route de Nizas,43.486112,3.413647,Plein jour,Hors agglomération,Hors intersection,Normale,Sans collision,3,2,2,0,2,2,1,0,3,90,1,1,0,0,1,0,43.0,,deux_roues,,1,1,1,1,7
202400027912,2024-01-22 19:00:00,2024,1,22,19,0,60,60057,Rue de Crevecoeur,49.4663498,2.07432014,Nuit sans éclairage public,Hors agglomération,Intersection en Y,Pluie légère,Deux véhicules - côté,3,2, -1,-1,2,3,2,0,1,-1,2,2,1,0,0,1,26.0,31.0,voiture,voiture,3,1,4,2,3
202400027912,2024-01-22 19:00:00,2024,1,22,19,0,60,60057,Rue de Crevecoeur,49.4663498,2.07432014,Nuit sans éclairage public,Hors agglomération,Intersection en Y,Pluie légère,Deux véhicules - côté,3,-1,2,0,1,1,2,0,1,90,2,2,1,0,0,1,26.0,31.0,voiture,voiture,3,1,4,2,3
202400027913,2024-05-21 16:45:00,2024,5,21,16,45,34,34202,D5,43.585909,3.790605,Plein jour,Hors agglomération,Hors intersection,Normale,Trois véhicules et plus - en chaîne,7,2,2,0,1,1,1,0,1,70,3,3,2,0,0,1,44.0,78.0,utilitaire_camion,voiture,1,1,1,1,4
202400027914,2024-07-25 19:10:00,2024,7,25,19,10,11,11069,,43.21373,2.29799,Plein jour,Hors agglomération,Hors intersection,Normale,Deux véhicules - côté,3,2,2,0,1,1,1,0,1,80,2,3,1,0,0,2,19.0,,deux_roues,utilitaire_camion,1,1,1,1,3
202400027915,2024-09-02 18:35:00,2024,9,2,18,35,59,59350,Boulevard de la Lorraine,50.630419,3.035105,Plein jour,En agglomération,Intersection en X,Normale,Autre collision,7,1,3,1,1,1,1,0,1,50,1,2,0,0,0,2,41.0,,voiture,,1,2,2,1,6
202400027915,2024-09-02 18:35:00,2024,9,2,18,35,59,59350,Boulevard de la Lorraine,50.630419,3.035105,Plein jour,En agglomération,Intersection en X,Normale,Autre collision,7,2,3,0,1,1,1,0,1,50,1,2,0,0,0,2,41.0,,voiture,,1,2,2,1,6
202400027916,2024-01-22 15:10:00,2024,1,22,15,10,59,59599,Boulevard Gambetta,50.71659,3.15831,Plein jour,En agglomération,Hors intersection,Normale,Autre collision,7,2,2,0,1,1,1,0,1,50,1,2,1,0,0,1,34.0,,voiture,,1,2,1,1,6
202400027917,2024-04-12 17:50:00,2024,4,12,17,50,83,83112,Avenue de la Mer,43.179367,5.689335,Plein jour,En agglomération,Hors intersection,Normale,Autre collision,4,1,1,1,1,1,1,6,5,50,1,1,0,0,1,0,15.0,,deux_roues,,1,2,1,1,6
202400027918,2024-05-20 17:20:00,2024,5,20,17,20,2A,2A272,route de propriano,41.655122,8.924307,Plein jour,Hors agglomération,Hors intersection,Pluie forte,Sans collision,2,2,2,0,2,3,2,0,3,70,1,1,0,0,1,0,19.0,,voiture,,1,1,1,3,7
202400027919,2024-01-19 08:25:00,2024,1,19,8,25,59,59327,TOURBIERES (CHEMIN DES),50.38655,3.18065,Plein jour,Hors agglomération,Hors intersection,Neige / grêle,Sans collision,4,2,2,0,1,2,5,0,8,50,1,1,0,0,0,1,20.0,,voiture,,1,1,1,4,7
202400027920,2024-07-25 10:10:00,2024,7,25,10,10,11,11069,ROCADE NORD - RD 6113,43.23356,2.36308,Plein jour,Hors agglomération,Hors intersection,Normale,Deux véhicules - arrière,3,2,2,0,1,1,1,0,1,70,2,3,1,0,0,2,49.0,20.0,voiture,voiture,1,1,1,1,2
202400027921,2024-09-02 08:40:00,2024,9,2,8,40,59,59009,TOURNAI BOULEVARD DE,50.61507,3.14105,Plein jour,En agglomération,Intersection en X,Normale,Deux véhicules - côté,7,2,0,1,1,1,1,0,5,50,2,2,1,0,0,1,28.0,58.0,voiture,deux_roues,1,2,2,1,3
202400027921,2024-09-02 08:40:00,2024,9,2,8,40,59,59009,TOURNAI BOULEVARD DE,50.61507,3.14105,Plein jour,En agglomération,Intersection en X,Normale,Deux véhicules - côté,7,1,0,0,1,1,1,0,5,50,2,2,1,0,0,1,28.0,58.0,voiture,deux_roues,1,2,2,1,3
202400027922,2024-01-22 11:33:00,2024,1,22,11,33,54,54451,Rue de Boismont,49.50536,5.75232,Plein jour,Hors agglomération,Hors intersection,Neige / grêle,Deux véhicules - arrière,4,2,2,0,4,1,7,0,1,80,2,2,1,0,0,1,57.0,57.0,voiture,utilitaire_camion,1,1,1,4,2
202400027923,2024-04-13 17:30:00,2024,4,13,17,30,58,58214,D8,47.079065,3.122386,Plein jour,Hors agglomération,Hors intersection,Normale,Deux véhicules - frontale,3,2,2,0,2,3,1,0,1,90,2,3,2,0,1,0,57.0,53.0,voiture,deux_roues,1,1,1,1,1
202400027924,2024-05-22 15:50:00,2024,5,22,15,50,30,30334,Chemin Charles-François Landry,44.022161,4.4029,Plein jour,En agglomération,Hors intersection,Normale,Deux véhicules - frontale,4,2,2,0,1,1,1,0,1,50,2,2,0,0,1,1,23.0,39.0,deux_roues,voiture,1,2,1,1,1
202400027925,2024-07-23 09:20:00,2024,7,23,9,20,10,10387,ST DOMINIQUE (MAIL),48.29491,4.08184,Plein jour,En agglomération,Intersection en X,Pluie légère,Deux véhicules - côté,4,1, -1,0,1,1,2,0,1,50,2,2,1,0,0,1,68.0,26.0,voiture,voiture,1,2,2,2,3
202400027925,2024-07-23 09:20:00,2024,7,23,9,20,10,10387,ST DOMINIQUE (MAIL),48.29491,4.08184,Plein jour,En agglomération,Intersection en X,Pluie légère,Deux véhicules - côté,4,1,2,2,1,1,2,0,1,50,2,2,1,0,0,1,68.0,26.0,voiture,voiture,1,2,2,2,3
202400027926,2024-09-02 09:10:00,2024,9,2,9,10,51,51454,VENISE (RUE),49.2466,4.0319,Plein jour,En agglomération,Hors intersection,Normale,Autre collision,4,2,2,0,1,1,1,0,1,30,1,2,1,0,0,1,42.0,,utilitaire_camion,,1,2,1,1,6
202400027927,2024-01-22 18:55:00,2024,1,22,18,55,53,53130,ATLANTIQUE ( AVENUE DE L' ),48.06092038,-0.7846427,Nuit avec éclairage allumé,En agglomération,Hors intersection,Normale,Deux véhicules - frontale,3,1,2,0,2,1,1,0,1,50,2,2,1,0,1,0,59.0,57.0,voiture,voiture,5,2,1,1,1
202400027928,2024-04-13 15:50:00,2024,4,13,15,50,63,63470,RD90 egaules,45.84557578,3.00534403,Plein jour,Hors agglomération,Hors intersection,Normale,Sans collision,3,2,2,0,2,3,1,0,1,90,1,1,0,0,1,0,16.0,,deux_roues,,1,1,1,1,7
202400027929,2024-07-26 10:55:00,2024,7,26,10,55,06,06088,75 Route d'Aspremont,43.743222,7.249221,Plein jour,Hors agglomération,Hors intersection,Normale,Autre collision,7,2,2,3,2,4,1,0,8,20,1,2,0,0,1,1,87.0,,voiture,,1,1,1,1,6
202400027930,2024-08-31 11:41:00,2024,8,31,11,41,49,49323,A87,47.49565081,-0.49884365,Plein jour,En agglomération,Hors intersection,Pluie forte,Sans collision,1,3,2,0,1,1,2,0,1,110,1,1,0,0,1,0,30.0,,voiture,,1,2,1,3,7
202400027931,2024-01-22 08:37:00,2024,1,22,8,37,51,51454,SAINT THIERRY (RUE) DU N°52 A 136 ET DU,49.268011,4.016762,Plein jour,En agglomération,Autre intersection,Normale,Sans collision,4,2,1,0,1,1,2,0,1,50,1,1,0,0,0,1,17.0,,deux_roues,,1,2,9,1,7
202400027932,2024-05-22 17:40:00,2024,5,22,17,40,83,83054,Rue du Docteur Schweitzer,43.152428,6.043215,Plein jour,En agglomération,Intersection en X,Normale,Deux véhicules - côté,3,3,0,0,1,1,1,5,1,70,2,2,1,1,0,0,22.0,76.0,deux_roues,utilitaire_camion,1,2,2,1,3
202400027932,2024-05-22 17:40:00,2024,5,22,17,40,83,83054,Rue du Docteur Schweitzer,43.152428,6.043215,Plein jour,En agglomération,Intersection en X,Normale,Deux véhicules - côté,3,2,0,0,1,1,1,0,1,50,2,2,1,1,0,0,22.0,76.0,deux_roues,utilitaire_camion,1,2,2,1,3
202400027933,2024-04-07 10:50:00,2024,4,7,10,50,38,38072,Montee de Bouillard,45.311039,4.8273,Plein jour,En agglomération,Hors intersection,Normale,Sans collision,4,2,2,0,2,3,1,0,3,50,1,2,0,0,1,1,25.0,,voiture,,1,2,1,1,7
202400027934,2024-01-20 04:06:00,2024,1,20,4,6,49,49007,COUBERTIN BOULEVARD,47.46267,-0.53225,Nuit sans éclairage public,En agglomération,Hors intersection,Normale,Sans collision,4,3,2,0,1,1,1,0,1,50,1,1,0,0,1,0,32.0,,deux_roues,,3,2,1,1,7
202400027935,2024-09-01 22:15:00,2024,9,1,22,15,49,49007,PRE PIGEON,47.46308,-0.55225,Nuit avec éclairage allumé,En agglomération,Hors intersection,Normale,Deux véhicules - côté,4,2,2,0,1,1,1,0,1,50,2,2,1,0,0,1,72.0,23.0,voiture,voiture,5,2,1,1,3
202400027936,2024-07-26 16:40:00,2024,7,26,16,40,06,06069,76 Boulevard Emmanuel Rouquier,43.63963,6.94144,Plein jour,En agglomération,Intersection en T,Normale,Deux véhicules - côté,4,2,2,0,1,1,1,0,1,50,2,2,1,0,0,1,73.0,20.0,voiture,deux_roues,1,2,3,1,3
202400027936,2024-07-26 16:40:00,2024,7,26,16,40,06,06069,76 Boulevard Emmanuel Rouquier,43.63963,6.94144,Plein jour,En agglomération,Intersection en T,Normale,Deux véhicules - côté,4,2,2,0,1,1,1,0,1,50,2,2,1,0,0,1,73.0,20.0,voiture,deux_roues,1,2,3,1,3
202400027937,2024-05-21 15:25:00,2024,5,21,15,25,56,56231,La Grée,47.678406,-2.65558,Plein jour,Hors agglomération,Hors intersection,Pluie forte,Autre collision,2,3,4,0,1,3,2,0,2,110,1,1,0,0,0,1,35.0,,voiture,,1,1,1,3,6
202400027938,2024-04-12 06:30:00,2024,4,12,6,30,38,38138,D517,45.734658,5.234476,Plein jour,Hors agglomération,Hors intersection,Normale,Sans collision,3,2,1,0,1,1,1,0,1,70,1,1,0,0,1,0,22.0,,utilitaire_camion,,1,1,1,1,7
202400027939,2024-01-19 17:25:00,2024,1,19,17,25,49,49007,THIERS,47.47624,-0.55201,Plein jour,En agglomération,Hors intersection,Normale,Sans collision,4,1,1,0,1,1,1,0,1,50,2,2,1,0,0,1,18.0,47.0,deux_roues,voiture,1,2,1,1,7
202400027940,2024-07-26 09:45:00,2024,7,26,9,45,06,06029,ALSACE ( BOULEVARD D'),43.55278,7.02983,Plein jour,En agglomération,Hors intersection,Normale,Autre collision,6,-1,0,0,1,1,1,9,8,50,1,2,1,0,0,1,57.0,,voiture,,1,2,1,1,6
202400027941,2024-01-13 16:15:00,2024,1,13,16,15,42,42103,Rue Jean Jaurés,45.50389,4.56911,Crépuscule ou aube,En agglomération,Hors intersection,Normale,Deux véhicules - arrière,7,2,2,0,1,1,1,0,1,50,2,2,1,0,1,0,44.0,15.0,voiture,deux_roues,2,2,1,1,2
202400027942,2024-09-02 05:00:00,2024,9,2,5,0,42,42218,Rue des Alliés,45.441427,4.416422,Nuit avec éclairage allumé,En agglomération,Intersection en X,Normale,Deux véhicules - côté,4,2,4,0,1,1,1,0,1,50,2,2,1,0,0,1,23.0,21.0,voiture,voiture,5,2,2,1,3
202400027942,2024-09-02 05:00:00,2024,9,2,5,0,42,42218,Rue des Alliés,45.441427,4.416422,Nuit avec éclairage allumé,En agglomération,Intersection en X,Normale,Deux véhicules - côté,4,2,2,0,2,1,1,0,1,50,2,2,1,0,0,1,23.0,21.0,voiture,voiture,5,2,2,1,3
202400027943,2024-05-21 12:30:00,2024,5,21,12,30,79,79216,,46.270793,-0.334729,Plein jour,Hors agglomération,Intersection en X,Pluie légère,Deux véhicules - côté,4,2,2,0,1,1,2,0,1,80,2,3,2,0,1,0,23.0,18.0,voiture,voiture,1,1,2,2,3
202400027943,2024-05-21 12:30:00,2024,5,21,12,30,79,79216,,46.270793,-0.334729,Plein jour,Hors agglomération,Intersection en X,Pluie légère,Deux véhicules - côté,4,2,2,0,2,1,2,0,1,80,2,3,2,0,1,0,23.0,18.0,voiture,voiture,1,1,2,2,3
202400027944,2024-07-26 09:30:00,2024,7,26,9,30,06,06123,Promenade Alain Gerbault,43.65776,7.184909,Plein jour,En agglomération,Hors intersection,Normale,Deux véhicules - côté,7,2,2,0,1,3,1,0,1,50,2,2,1,0,1,0,86.0,57.0,deux_roues,utilitaire_camion,1,2,1,1,3
202400027945,2024-04-13 10:50:00,2024,4,13,10,50,69,69289,Route de Givors,45.647363,5.014894,Plein jour,En agglomération,Intersection en X,Normale,Deux véhicules - côté,3,2,2,0,1,1,1,0,1,50,2,2,1,0,0,1,39.0,54.0,voiture,deux_roues,1,2,2,1,3
202400027945,2024-04-13 10:50:00,2024,4,13,10,50,69,69289,Route de Givors,45.647363,5.014894,Plein jour,En agglomération,Intersection en X,Normale,Deux véhicules - côté,3,2,2,0,1,1,1,0,1,50,2,2,1,0,0,1,39.0,54.0,voiture,deux_roues,1,2,2,1,3
202400027946,2024-01-22 11:00:00,2024,1,22,11,0,37,37122,JAURES (BOULEVARD JEAN),47.34684123,0.6504693,Plein jour,En agglomération,Giratoire,Pluie forte,Deux véhicules - arrière,4,2,1,0,1,1,2,0,1,50,2,2,0,0,0,2,70.0,36.0,voiture,utilitaire_camion,1,2,6,3,2
202400027946,2024-01-22 11:00:00,2024,1,22,11,0,37,37122,JAURES (BOULEVARD JEAN),47.34684123,0.6504693,Plein jour,En agglomération,Giratoire,Pluie forte,Deux véhicules - arrière,4,2,2,0,1,1,2,0,1,50,2,2,0,0,0,2,70.0,36.0,voiture,utilitaire_camion,1,2,6,3,2
202400027947,2024-08-31 12:30:00,2024,8,31,12,30,39,39198,89 Avenue du General Eisenhower,47.09889,5.505563,Plein jour,En agglomération,Hors intersection,Normale,Autre collision,3,2,2,1,1,1,1,0,5,50,1,2,1,0,0,1,48.0,,voiture,,1,2,1,1,6
202400027948,2024-07-23 17:48:00,2024,7,23,17,48,05,05061,LADOUCETTE ( COURS ),44.56175,6.08328,Plein jour,En agglomération,Hors intersection,Normale,Autre collision,2,2,3,0,1,1,1,0,1,50,1,2,1,0,1,0,78.0,,voiture,,1,2,1,1,6
202400027949,2024-01-22 14:20:00,2024,1,22,14,20,35,35238,VEYETTES (DES),48.10183,-1.63328,Plein jour,En agglomération,Hors intersection,Normale,Autre collision,4,2,2,0,1,1,1,0,1,30,1,2,1,0,0,1,25.0,,voiture,,1,2,1,1,6
202400027950,2024-04-13 01:20:00,2024,4,13,1,20,81,81271,D988,43.781575,1.675678,Nuit sans éclairage public,Hors agglomération,Intersection en T,Normale,Deux véhicules - arrière,3,2,2,0,1,1,1,0,1,80,2,4,1,1,0,2,22.0,20.0,voiture,voiture,3,1,3,1,2
202400027950,2024-04-13 01:20:00,2024,4,13,1,20,81,81271,D988,43.781575,1.675678,Nuit sans éclairage public,Hors agglomération,Intersection en T,Normale,Deux véhicules - arrière,3,2, -1,-1,1,1,1,5,1,-1,2,4,1,1,0,2,22.0,20.0,voiture,voiture,3,1,3,1,2
202400027951,2024-01-22 18:30:00,2024,1,22,18,30,34,34172,PONT JUVENAL (AVENUE DU),43.60574,3.89356,Nuit avec éclairage allumé,En agglomération,Hors intersection,Normale,Autre collision,4,2,2,0,1,1,1,0,1,50,1,2,0,0,0,2,30.0,,deux_roues,,5,2,1,1,6
202400027952,2024-05-22 15:10:00,2024,5,22,15,10,32,32152,D124,43.409864,0.14926,Plein jour,Hors agglomération,Hors intersection,Normale,Deux véhicules - frontale,3,2,2,0,1,1,1,0,1,80,2,2,1,0,1,0,54.0,51.0,voiture,deux_roues,1,1,1,1,1
202400027953,2024-07-25 17:00:00,2024,7,25,17,0,75,75112,BD PERIPHERIQUE EXTERIEUR,48.845831,2.414445,Plein jour,En agglomération,Hors intersection,Normale,Trois véhicules et plus - en chaîne,4,1,4,0,1,1,1,0,1,70,3,3,2,0,0,1,46.0,39.0,voiture,voiture,1,2,1,1,4
202400027954,2024-04-13 17:25:00,2024,4,13,17,25,16,16348,RN141,45.6702843,0.03506183,Plein jour,Hors agglomération,Hors intersection,Normale,Autre collision,2,3,1,0,1,1,1,0,1,90,1,1,0,0,1,0,57.0,,deux_roues,,1,1,1,1,6
202400027955,2024-09-02 14:00:00,2024,9,2,14,0,37,37233,POMPIDOU (AVENUE GEORGES),47.39298498,0.70619738,Plein jour,En agglomération,Intersection en T,Normale,Deux véhicules - arrière,4,1,1,0,1,1,1,0,1,50,2,3,2,0,0,1,35.0,64.0,voiture,deux_roues,1,2,3,1,2
202400027955,2024-09-02 14:00:00,2024,9,2,14,0,37,37233,POMPIDOU (AVENUE GEORGES),47.39298498,0.70619738,Plein jour,En agglomération,Intersection en T,Normale,Deux véhicules - arrière,4,1,2,0,1,1,1,0,1,30,2,3,2,0,0,1,35.0,64.0,voiture,deux_roues,1,2,3,1,2
202400027956,2024-01-22 19:00:00,2024,1,22,19,0,33,33281,,44.848204,-0.679401,Nuit avec éclairage allumé,En agglomération,Hors intersection,Autre,Deux véhicules - arrière,4,2,2,2,1,1,2,0,1,50,2,2,1,0,0,1,38.0,33.0,voiture,voiture,5,2,1,9,2
202400027957,2024-05-21 10:45:00,2024,5,21,10,45,42,42138,Route de la Rate,45.650356,4.350886,Plein jour,Hors agglomération,Hors intersection,Normale,Sans collision,4,2,2,0,2,1,1,0,3,80,1,1,0,1,0,0,76.0,,deux_roues,,1,1,1,1,7
202400027958,2024-07-26 00:40:00,2024,7,26,0,40,75,75115,BD PERIPHERIQUE EXTERIEUR,48.825793,2.299593,Nuit avec éclairage allumé,En agglomération,Hors intersection,Normale,Deux véhicules - côté,4,-1,3,0,1,1,1,0,1,70,2,3,2,0,0,1,24.0,23.0,voiture,voiture,5,2,1,1,3
202400027959,2024-04-10 14:45:00,2024,4,10,14,45,56,56213,Pont Saint Caradec,48.105139,-2.921129,Plein jour,Hors agglomération,Hors intersection,Pluie légère,Sans collision,3,2,2,0,2,1,2,0,1,80,1,2,0,0,1,1,33.0,,voiture,,1,1,1,2,7
202400027960,2024-09-01 16:55:00,2024,9,1,16,55,37,37261,CHEVALLIER (RUE AUGUSTE),47.37894083,0.67986739,Plein jour,En agglomération,Hors intersection,Normale,Sans collision,4,2,2,2,1,1,1,0,1,50,1,1,0,0,0,1,81.0,,deux_roues,,1,2,1,1,7
202400027961,2024-07-25 23:00:00,2024,7,25,23,0,75,75120,BD PERIPHERIQUE EXTERIEUR,48.861698,2.413912,Nuit avec éclairage allumé,En agglomération,Hors intersection,Normale,Autre collision,4,1,5,0,1,1,1,0,1,70,1,1,0,0,0,1,20.0,,voiture,,5,2,1,1,6