accident_id,datetime,annee,mois,jour,heure,minute,departement,commune_insee,adresse,latitude,longitude,luminosite,agglomeration,intersection,meteo,collision,catr,circ,nbv,vosp,prof,plan,surf,infra,situ,vma,nb_vehicules,nb_usagers,nb_indemnes,nb_tues,nb_blesses_hosp,nb_blesses_legers,age_cond_1,age_cond_2,veh_type_cond_1,veh_type_cond_2,lum_code,agg_code,int_code,atm_code,col_code
202400028182,2024-09-02 18:00:00,2024,9,2,18,0,31,31341,Route de Larra,43.723762,1.258847,Plein jour,Hors agglomération,Intersection en T,Normale,Deux véhicules - côté,3,2,2,0,1,1,1,0,1,80,2,2,1,0,1,0,55.0,46.0,voiture,deux_roues,1,1,3,1,3
202400028182,2024-09-02 18:00:00,2024,9,2,18,0,31,31341,Route de Larra,43.723762,1.258847,Plein jour,Hors agglomération,Intersection en T,Normale,Deux véhicules - côté,3,2,2,0,1,1,1,0,8,50,2,2,1,0,1,0,55.0,46.0,voiture,deux_roues,1,1,3,1,3
202400028183,2024-05-08 01:35:00,2024,5,8,1,35,29,29151,Place Daumesnil,48.574527,-3.823078,Nuit avec éclairage allumé,En agglomération,Hors intersection,Normale,Autre collision,4,1,1,0,1,3,1,9,1,30,1,1,0,0,0,1,59.0,,voiture,,5,2,1,1,6
202400028184,2024-09-02 08:45:00,2024,9,2,8,45,03,03106,697 Route de Montlucon,46.257531,2.69768,Plein jour,Hors agglomération,Hors intersection,Normale,Deux véhicules - côté,3,2,2,0,3,1,1,0,1,90,2,2,1,0,0,1,37.0,50.0,utilitaire_camion,deux_roues,1,1,1,1,3
202400028185,2024-07-26 10:45:00,2024,7,26,10,45,66,66172,Rue de la Grangerie,42.708315,2.847015,Plein jour,En agglomération,Intersection en X,Normale,Autre collision,4,-1, -1,-1,1,1,1,0,8,10,1,2,1,0,1,0,66.0,,voiture,,1,2,2,1,6
202400028185,2024-07-26 10:45:00,2024,7,26,10,45,66,66172,Rue de la Grangerie,42.708315,2.847015,Plein jour,En agglomération,Intersection en X,Normale,Autre collision,4,2,2,0,1,1,1,0,1,50,1,2,1,0,1,0,66.0,,voiture,,1,2,2,1,6
202400028186,2024-05-16 17:50:00,2024,5,16,17,50,14,14701,Route de Varaville,49.32404,0.06603,Plein jour,En agglomération,Hors intersection,Normale,Deux véhicules - arrière,3,2,2,0,1,1,1,0,1,30,2,1,0,0,0,1,36.0,,voiture,,1,2,1,1,2
202400028187,2024-09-02 13:15:00,2024,9,2,13,15,15,15265,RD 922,45.342504,2.434991,Plein jour,En agglomération,Hors intersection,Normale,Deux véhicules - côté,3,-1,2,0,2,1,1,0,1,50,2,2,1,0,1,0,56.0,63.0,autre,deux_roues,1,2,1,1,3
202400028188,2024-07-26 15:00:00,2024,7,26,15,0,976,97606,rue mamou chaka,-12.934477,45.150992,Plein jour,En agglomération,Hors intersection,Normale,Autre collision,4,2,2,0,1,1,1,0,1,30,1,3,1,0,0,2,46.0,,utilitaire_camion,,1,2,1,1,6
202400028189,2024-09-02 15:20:00,2024,9,2,15,20,06,06038, Route d'Opio,43.67406,6.980463,Plein jour,Hors agglomération,Hors intersection,Normale,Deux véhicules - côté,3,2,2,0,2,1,1,0,1,70,2,2,1,0,1,0,71.0,27.0,voiture,voiture,1,1,1,1,3
202400028190,2024-05-20 12:00:00,2024,5,20,12,0,13,13210,CAPELETTE (AVENUE DE LA),43.279,5.415,Plein jour,En agglomération,Hors intersection,Normale,Deux véhicules - côté,4,2,2,0,1,1,1,0,1,50,2,2,1,0,0,1,54.0,54.0,voiture,deux_roues,1,2,1,1,3
202400028191,2024-07-26 20:15:00,2024,7,26,20,15,30,30034,Autoroute A54 / PK14,43.73494179,4.46582954,Plein jour,Hors agglomération,Hors intersection,Normale,Deux véhicules - arrière,1,1,2,0,1,1,1,0,1,-1,2,5,2,0,1,2,58.0,49.0,utilitaire_camion,voiture,1,1,1,1,2
202400028192,2024-09-03 08:15:00,2024,9,3,8,15,64,64371,Place de la résistance,43.224696,-0.88831,Plein jour,En agglomération,Giratoire,Normale,Deux véhicules - côté,3,2,2,0,1,1,1,5,1,50,2,2,1,0,1,0,41.0,73.0,voiture,deux_roues,1,2,6,1,3
202400028193,2024-05-20 14:15:00,2024,5,20,14,15,06,06030,171 Avenue Michel Jourdan,43.5651663,6.9648876,Plein jour,En agglomération,Intersection en T,Normale,Deux véhicules - arrière,3,1,2,2,1,1,1,0,1,50,2,3,1,0,0,2,37.0,16.0,voiture,deux_roues,1,2,3,1,2
202400028193,2024-05-20 14:15:00,2024,5,20,14,15,06,06030,171 Avenue Michel Jourdan,43.5651663,6.9648876,Plein jour,En agglomération,Intersection en T,Normale,Deux véhicules - arrière,3,1,2,2,1,1,1,0,1,50,2,3,1,0,0,2,37.0,16.0,voiture,deux_roues,1,2,3,1,2
202400028194,2024-07-27 06:10:00,2024,7,27,6,10,973,97305,PK 14 Route Nationale 1,4.931674,-52.399195,Crépuscule ou aube,Hors agglomération,Hors intersection,Normale,Deux véhicules - arrière,2,2,2,0,1,1,1,0,1,80,2,2,1,1,0,0,33.0,56.0,voiture,deux_roues,2,1,1,1,2
202400028195,2024-09-02 18:50:00,2024,9,2,18,50,18,18219,,47.209322,2.214904,Plein jour,Hors agglomération,Intersection en X,Normale,Deux véhicules - côté,3,2,2,0,1,1,1,5,1,80,2,2,1,0,1,0,35.0,22.0,deux_roues,utilitaire_camion,1,1,2,1,3
202400028195,2024-09-02 18:50:00,2024,9,2,18,50,18,18219,,47.209322,2.214904,Plein jour,Hors agglomération,Intersection en X,Normale,Deux véhicules - côté,3,2,2,0,1,1,1,5,1,80,2,2,1,0,1,0,35.0,22.0,deux_roues,utilitaire_camion,1,1,2,1,3
202400028196,2024-07-27 00:01:00,2024,7,27,0,1,971,97129,Route Nationale 2,16.333669,-61.712898,Nuit sans éclairage public,Hors agglomération,Hors intersection,Normale,Autre collision,2,2,2,0,4,1,1,0,3,80,1,2,0,0,1,1,30.0,,voiture,,3,1,1,1,6
202400028197,2024-05-20 12:00:00,2024,5,20,12,0,06,06027,46 Avenue de Grasse,43.65854,7.14069,Plein jour,En agglomération,Hors intersection,Normale,Deux véhicules - frontale,7,2,2,0,1,1,1,0,1,50,2,3,1,0,0,2,27.0,23.0,utilitaire_camion,deux_roues,1,2,1,1,1
202400028198,2024-09-02 22:30:00,2024,9,2,22,30,18,18087,,46.886998,2.523508,Nuit sans éclairage public,Hors agglomération,Intersection en X,Normale,Sans collision,3,2,2,0,1,3,1,0,3,80,1,1,0,0,1,0,53.0,,voiture,,3,1,2,1,7
202400028198,2024-09-02 22:30:00,2024,9,2,22,30,18,18087,,46.886998,2.523508,Nuit sans éclairage public,Hors agglomération,Intersection en X,Normale,Sans collision,3,2, -1,-1,1,1,1,0,1,-1,1,1,0,0,1,0,53.0,,voiture,,3,1,2,1,7
202400028199,2024-05-19 22:40:00,2024,5,19,22,40,05,05023,Avenue du Col de l’Izoard,44.893184,6.640389,Nuit avec éclairage allumé,En agglomération,Hors intersection,Normale,Autre collision,3,-1,2,0,2,3,1,0,8,30,1,1,0,0,0,1,16.0,,voiture,,5,2,1,1,6
202400028200,2024-09-02 01:35:00,2024,9,2,1,35,53,53007,La Coudrie,48.11280393,-0.64898729,Nuit sans éclairage public,Hors agglomération,Hors intersection,Normale,Autre collision,4,2,2,0,1,3,2,0,3,80,1,1,0,0,1,0,24.0,,voiture,,3,1,1,1,6
202400028201,2024-05-20 18:30:00,2024,5,20,18,30,01,01451,Route de Paris,46.25201,5.18319,Plein jour,Hors agglomération,Intersection en X,Pluie légère,Deux véhicules - côté,3,3,3,0,1,1,2,5,1,80,2,2,1,0,0,1,21.0,78.0,voiture,voiture,1,1,2,2,3
202400028201,2024-05-20 18:30:00,2024,5,20,18,30,01,01451,Route de Paris,46.25201,5.18319,Plein jour,Hors agglomération,Intersection en X,Pluie légère,Deux véhicules - côté,3,2,2,0,1,1,2,0,1,80,2,2,1,0,0,1,21.0,78.0,voiture,voiture,1,1,2,2,3
202400028202,2024-07-27 10:30:00,2024,7,27,10,30,971,97118,Route de la Traversee,16.209894,-61.627078,Plein jour,Hors agglomération,Hors intersection,Normale,Trois véhicules et plus - collisions multiples,3,2,2,0,1,1,1,0,1,80,3,7,3,0,4,0,27.0,61.0,voiture,voiture,1,1,1,1,5
202400028203,2024-09-02 20:30:00,2024,9,2,20,30,24,24082,D704a,44.868283,1.281361,Crépuscule ou aube,Hors agglomération,Hors intersection,Normale,Deux véhicules - côté,3,2,2,0,1,1,1,0,1,80,2,2,0,0,1,1,25.0,27.0,voiture,voiture,2,1,1,1,3
202400028204,2024-05-20 17:15:00,2024,5,20,17,15,01,01053,BIEVRE ( RUE DE),46.2133,5.25509,Plein jour,En agglomération,Hors intersection,Normale,Sans collision,4,2,1,0,1,1,1,0,1,50,1,1,0,0,1,0,61.0,,deux_roues,,1,2,1,1,7
202400028205,2024-09-03 15:00:00,2024,9,3,15,0,27,27518,RD 87,49.456172,0.544553,Plein jour,Hors agglomération,Hors intersection,Normale,Deux véhicules - arrière,3,2,2,0,1,1,1,0,1,80,2,2,1,0,1,0,19.0,17.0,utilitaire_camion,deux_roues,1,1,1,1,2
202400028206,2024-07-26 21:15:00,2024,7,26,21,15,21,21515,43 Boulevard de la Motte,47.315334,5.105896,Crépuscule ou aube,En agglomération,Intersection en T,Normale,Sans collision,4,2,2,0,1,2,1,0,4,50,1,1,0,0,1,0,21.0,,deux_roues,,2,2,3,1,7
202400028207,2024-05-17 15:50:00,2024,5,17,15,50,75,75117,BD PERIPHERIQUE EXTERIEUR,48.900645,2.32473,Plein jour,En agglomération,Hors intersection,Normale,Deux véhicules - arrière,4,1,4,0,1,1,1,0,1,70,2,3,1,0,0,2,36.0,45.0,deux_roues,utilitaire_camion,1,2,1,1,2
202400028208,2024-07-27 04:40:00,2024,7,27,4,40,45,45315,D320 PR 6 + 847,47.728297,2.389891,Nuit avec éclairage non allumé,Hors agglomération,Hors intersection,Pluie légère,Autre collision,3,2,2,0,1,1,2,0,3,80,1,1,0,1,0,0,24.0,,voiture,,4,1,1,2,6
202400028209,2024-05-20 20:40:00,2024,5,20,20,40,75,75114,PORTE D ORLEANS,48.821906,2.325516,Plein jour,En agglomération,Intersection en X,Temps couvert,Autre collision,4,3,2,0,1,1,2,0,1,30,1,1,0,0,0,1,27.0,,deux_roues,,1,2,2,8,6
202400028209,2024-05-20 20:40:00,2024,5,20,20,40,75,75114,PORTE D ORLEANS,48.821906,2.325516,Plein jour,En agglomération,Intersection en X,Temps couvert,Autre collision,4,3,4,0,1,1,2,0,1,30,1,1,0,0,0,1,27.0,,deux_roues,,1,2,2,8,6
202400028210,2024-09-03 16:13:00,2024,9,3,16,13,27,27302,Route de Brionne,49.214454,0.807368,Plein jour,Hors agglomération,Hors intersection,Normale,Autre collision,3,2,2,0,1,2,1,0,1,80,3,6,2,0,1,3,54.0,59.0,voiture,voiture,1,1,1,1,6
202400028211,2024-07-26 09:50:00,2024,7,26,9,50,91,91100,D153,48.428774,2.299777,Plein jour,Hors agglomération,Hors intersection,Pluie légère,Autre collision,3,2,2,0,2,2,2,9,3,80,1,1,0,0,1,0,63.0,,voiture,,1,1,1,2,6
202400028212,2024-05-20 14:00:00,2024,5,20,14,0,75,75108,AVENUE PERCIER,48.874899,2.314376,Plein jour,En agglomération,Intersection en T,Temps couvert,Sans collision,4,1,3,3,2,1,1,0,6,30,1,1,0,0,0,1,30.0,,deux_roues,,1,2,3,8,7
202400028212,2024-05-20 14:00:00,2024,5,20,14,0,75,75108,AVENUE PERCIER,48.874899,2.314376,Plein jour,En agglomération,Intersection en T,Temps couvert,Sans collision,4,1, -1,0,1,1,1,0,1,30,1,1,0,0,0,1,30.0,,deux_roues,,1,2,3,8,7
202400028213,2024-07-27 12:00:00,2024,7,27,12,0,66,66008,D2,42.533825,2.990513,Plein jour,Hors agglomération,Hors intersection,Normale,Sans collision,3,2,2,0,1,1,1,0,3,70,1,1,0,0,0,1,66.0,,deux_roues,,1,1,1,1,7
202400028214,2024-09-02 19:25:00,2024,9,2,19,25,30,30294,22 Route de Salindres,44.151428,4.103734,Crépuscule ou aube,Hors agglomération,Hors intersection,Normale,Deux véhicules - arrière,3,2,0,0,1,1,1,0,3,70,2,2,1,0,1,0,41.0,53.0,deux_roues,voiture,2,1,1,1,2
202400028215,2024-05-20 18:00:00,2024,5,20,18,0,94,94033,Avenue Charles Garcia / Rue Aimé et Eugénie Cotton,48.85369601,2.48189186,Plein jour,En agglomération,Intersection en T,Pluie légère,Autre collision,4,2,2,0,2,1,2,0,1,-1,1,2,1,0,0,1,33.0,,voiture,,1,2,3,2,6
202400028215,2024-05-20 18:00:00,2024,5,20,18,0,94,94033,Avenue Charles Garcia / Rue Aimé et Eugénie Cotton,48.85369601,2.48189186,Plein jour,En agglomération,Intersection en T,Pluie légère,Autre collision,4,3,2,2,2,1,2,0,1,50,1,2,1,0,0,1,33.0,,voiture,,1,2,3,2,6
202400028216,2024-07-27 13:21:00,2024,7,27,13,21,83,83068,D558,43.273241,6.517822,Plein jour,Hors agglomération,Hors intersection,Normale,Deux véhicules - frontale,3,2,2,0,2,3,1,0,1,-1,2,2,1,0,1,0,55.0,22.0,utilitaire_camion,deux_roues,1,1,1,1,1
202400028217,2024-05-20 15:00:00,2024,5,20,15,0,93,93078,Avenue du Général Leclerc / Avenue des Roses,48.95473,2.55538,Plein jour,En agglomération,Intersection à plus de 4 branches,Normale,Autre collision,4,1,1,0,1,1,1,0,1,-1,1,2,1,0,0,1,52.0,,voiture,,1,2,5,1,6
202400028217,2024-05-20 15:00:00,2024,5,20,15,0,93,93078,Avenue du Général Leclerc / Avenue des Roses,48.95473,2.55538,Plein jour,En agglomération,Intersection à plus de 4 branches,Normale,Autre collision,4,2,2,0,1,1,1,0,1,50,1,2,1,0,0,1,52.0,,voiture,,1,2,5,1,6
202400028218,2024-07-26 18:05:00,2024,7,26,18,5,06,06157,6320 Route de Coursegoules,43.756713,7.080345,Plein jour,Hors agglomération,Hors intersection,Normale,Sans collision,7,2,2,0,2,2,1,0,3,90,1,1,0,0,0,1,37.0,,deux_roues,,1,1,1,1,7
202400028219,2024-05-20 06:23:00,2024,5,20,6,23,93,93064,Rue Joseph et Etienne de Montgolfier,48.885512,2.486659,Crépuscule ou aube,En agglomération,Hors intersection,Normale,Deux véhicules - côté,4,2,2,2,1,1,1,0,1,50,2,4,2,0,2,0,24.0,26.0,voiture,voiture,2,2,1,1,3
202400028220,2024-07-26 10:50:00,2024,7,26,10,50,68,68301,D201,47.68543,7.42687,Plein jour,Hors agglomération,Hors intersection,Normale,Deux véhicules - arrière,3,2,2,0,1,1,1,0,1,80,2,2,1,0,1,0,70.0,35.0,voiture,utilitaire_camion,1,1,1,1,2
202400028221,2024-09-02 17:15:00,2024,9,2,17,15,48,48147,"N106, chaliac",44.456085,3.528886,Plein jour,Hors agglomération,Hors intersection,Normale,Deux véhicules - frontale,2,2,2,0,1,1,1,0,1,80,2,2,1,0,1,0,43.0,23.0,voiture,voiture,1,1,1,1,1
202400028222,2024-07-27 16:10:00,2024,7,27,16,10,73,73290,D1006,45.228541,6.962188,Plein jour,Hors agglomération,Hors intersection,Normale,Sans collision,3,2,2,2,2,1,1,0,3,80,1,2,0,1,1,0,53.0,,deux_roues,,1,1,1,1,7
202400028223,2024-09-03 08:00:00,2024,9,3,8,0,72,72047,autoroute A28,47.9224107,0.30134641,Plein jour,Hors agglomération,Hors intersection,Normale,Autre collision,1,3,2,0,1,2,1,0,2,130,1,1,0,0,0,1,47.0,,utilitaire_camion,,1,1,1,1,6
202400028224,2024-05-20 19:00:00,2024,5,20,19,0,93,93046,Boulevard Marx Dormoy / Chemin des Postes,48.90448,2.52197,Plein jour,En agglomération,Intersection en T,Pluie légère,Deux véhicules - côté,3,2,2,0,1,1,2,0,1,50,2,2,1,0,0,1,26.0,34.0,deux_roues,voiture,1,2,3,2,3
202400028224,2024-05-20 19:00:00,2024,5,20,19,0,93,93046,Boulevard Marx Dormoy / Chemin des Postes,48.90448,2.52197,Plein jour,En agglomération,Intersection en T,Pluie légère,Deux véhicules - côté,3,1,1,0,1,2,2,0,1,50,2,2,1,0,0,1,26.0,34.0,deux_roues,voiture,1,2,3,2,3
202400028225,2024-08-31 01:50:00,2024,8,31,1,50,64,64157,26 Rue Porte de la Vallee,43.135668,-0.461061,Nuit sans éclairage public,En agglomération,Hors intersection,Normale,Autre collision,3,2,2,0,1,1,1,0,1,50,1,1,0,0,1,0,20.0,,voiture,,3,2,1,1,6
202400028226,2024-07-20 03:10:00,2024,7,20,3,10,73,73173,D81 intersection Albanne/Les Karellis,45.2187626,6.4219813,Nuit sans éclairage public,Hors agglomération,Intersection en Y,Normale,Sans collision,3,2,2,0,2,3,1,0,8,80,1,1,0,1,0,0,63.0,,voiture,,3,1,4,1,7
202400028226,2024-07-20 03:10:00,2024,7,20,3,10,73,73173,D81 intersection Albanne/Les Karellis,45.2187626,6.4219813,Nuit sans éclairage public,Hors agglomération,Intersection en Y,Normale,Sans collision,3,2,2,0,2,1,1,0,8,80,1,1,0,1,0,0,63.0,,voiture,,3,1,4,1,7
202400028227,2024-05-20 10:18:00,2024,5,20,10,18,93,93008,Avenue Paul Vaillant - Couturier,48.90557,2.46459,Plein jour,En agglomération,Hors intersection,Normale,Deux véhicules - côté,3,1,3,0,1,2,1,0,1,50,2,2,1,0,0,1,39.0,26.0,voiture,voiture,1,2,1,1,3
202400028228,2024-07-27 18:15:00,2024,7,27,18,15,42,42304,Sury-le-Comtal (Gare),45.530335,4.18188,Plein jour,En agglomération,Intersection en Y,Pluie légère,Autre collision,3,2,2,0,1,3,2,0,1,30,1,1,0,0,0,1,61.0,,deux_roues,,1,2,4,2,6
202400028228,2024-07-27 18:15:00,2024,7,27,18,15,42,42304,Sury-le-Comtal (Gare),45.530335,4.18188,Plein jour,En agglomération,Intersection en Y,Pluie légère,Autre collision,3,2,2,-1,1,3,2,0,1,-1,1,1,0,0,0,1,61.0,,deux_roues,,1,2,4,2,6
202400028229,2024-09-02 13:08:00,2024,9,2,13,8,03,03021,PK 347+300,46.11776188,3.1246943,Plein jour,Hors agglomération,Autre intersection,Normale,Trois véhicules et plus - en chaîne,1,3,2,0,2,1,1,0,1,110,3,3,1,0,0,2,58.0,39.0,voiture,utilitaire_camion,1,1,9,1,4
202400028230,2024-05-20 16:05:00,2024,5,20,16,5,93,93005,ROBERT BREMOND (RUE),48.95785507,2.46425629,Plein jour,En agglomération,Autre intersection,Normale,Deux véhicules - arrière,1,1,0,0,1,2,1,0,3,80,2,2,1,0,0,1,,27.0,utilitaire_camion,utilitaire_camion,1,2,9,1,2
202400028231,2024-07-27 17:36:00,2024,7,27,17,36,42,42147,8 Avenue Paul Cézanne,45.611054,4.055184,Plein jour,En agglomération,Place,Normale,Autre collision,4,1,1,0,1,1,1,6,4,-1,1,2,1,0,0,1,55.0,,voiture,,1,2,7,1,6
202400028232,2024-05-20 12:15:00,2024,5,20,12,15,92,92004,GRESILLONS ( AVENUE DES  ),48.91425267,2.30008185,Plein jour,En agglomération,Hors intersection,Normale,Autre collision,3,2,2,0,1,1,1,0,1,30,1,2,1,0,0,1,35.0,,voiture,,1,2,1,1,6
202400028233,2024-09-03 15:00:00,2024,9,3,15,0,973,97309,Chemin Germain,4.902963,-52.273437,Plein jour,En agglomération,Intersection en T,Normale,Deux véhicules - côté,3,2,2,0,1,1,1,0,1,50,2,2,1,0,1,0,40.0,41.0,deux_roues,voiture,1,2,3,1,3
202400028233,2024-09-03 15:00:00,2024,9,3,15,0,973,97309,Chemin Germain,4.902963,-52.273437,Plein jour,En agglomération,Intersection en T,Normale,Deux véhicules - côté,3,2, -1,-1,1,1,1,0,1,-1,2,2,1,0,1,0,40.0,41.0,deux_roues,voiture,1,2,3,1,3
202400028234,2024-05-20 16:00:00,2024,5,20,16,0,92,92002,ARISTIDE BRIAND (AVENUE),48.75353361,2.30509973,Plein jour,En agglomération,Hors intersection,Normale,Autre collision,3,2,0,2,1,1,1,0,1,50,1,2,1,0,1,0,41.0,,deux_roues,,1,2,1,1,6
202400028235,2024-08-13 20:17:00,2024,8,13,20,17,57,57606,"A4, barrière de péage",49.135859,6.701639,Nuit avec éclairage allumé,Hors agglomération,Hors intersection,Normale,Autre collision,1,3,0,0,1,1,1,9,1,130,1,2,1,1,0,0,21.0,,voiture,,5,1,1,1,6
202400028236,2024-07-26 19:40:00,2024,7,26,19,40,38,38349,32 Route des Alpes,45.318429,4.773305,Plein jour,En agglomération,Hors intersection,Temps éblouissant,Trois véhicules et plus - en chaîne,3,2,2,0,1,1,1,0,1,50,3,7,6,0,1,0,22.0,39.0,deux_roues,voiture,1,2,1,7,4
202400028237,2024-05-20 23:05:00,2024,5,20,23,5,91,91086,D31,48.602212,2.372124,Nuit avec éclairage allumé,En agglomération,Giratoire,Normale,Trois véhicules et plus - collisions multiples,3,2,1,0,1,2,1,0,1,30,3,4,1,0,0,3,32.0,24.0,voiture,voiture,5,2,6,1,5
202400028238,2024-07-27 10:42:00,2024,7,27,10,42,38,38565,71 Quai des Chartreux,45.298547,5.637462,Plein jour,En agglomération,Hors intersection,Normale,Deux véhicules - côté,3,2,2,0,2,2,1,0,1,50,2,2,1,0,0,1,55.0,38.0,deux_roues,utilitaire_camion,1,2,1,1,3
202400028239,2024-09-02 23:30:00,2024,9,2,23,30,34,34095,A9 PK 116+300,43.541954,3.78921,Nuit sans éclairage public,Hors agglomération,Hors intersection,Normale,Deux véhicules - arrière,1,3,3,0,1,1,1,0,1,130,2,6,5,0,0,1,21.0,54.0,utilitaire_camion,voiture,3,1,1,1,2
202400028240,2024-05-21 11:30:00,2024,5,21,11,30,86,86257,D73,46.873566,0.284716,Plein jour,Hors agglomération,Hors intersection,Pluie légère,Deux véhicules - côté,3,2,2,0,1,3,2,0,1,80,2,2,1,0,0,1,28.0,68.0,utilitaire_camion,voiture,1,1,1,2,3
202400028241,2024-07-27 18:00:00,2024,7,27,18,0,01,01249,Rue du Pont de l’Ile,45.819435,4.947689,Plein jour,En agglomération,Hors intersection,Normale,Sans collision,4,2,2,0,1,1,1,2,1,50,1,1,0,0,0,1,69.0,,deux_roues,,1,2,1,1,7
202400028242,2024-05-21 10:15:00,2024,5,21,10,15,84,84045,Chemin du Jas,44.264395,5.14541,Plein jour,Hors agglomération,Hors intersection,Normale,Sans collision,4,2,2,0,1,1,1,0,8,50,1,1,0,1,0,0,53.0,,utilitaire_camion,,1,1,1,1,7
202400028243,2024-09-02 07:20:00,2024,9,2,7,20,73,73281,"Autoroute A43, tunnel de l'épine, sens LYON-CHAMBÉRY",45.5783913,5.82134843,Nuit avec éclairage allumé,Hors agglomération,Hors intersection,Normale,Deux véhicules - arrière,1,3,4,0,1,1,1,1,1,110,2,2,1,0,0,1,36.0,43.0,voiture,utilitaire_camion,5,1,1,1,2
202400028244,2024-05-20 16:45:00,2024,5,20,16,45,68,68162,Rue du Riesling,48.138979,7.277402,Plein jour,En agglomération,Hors intersection,Normale,Sans collision,4,2,2,0,2,1,1,0,1,50,1,1,0,1,0,0,70.0,,deux_roues,,1,2,1,1,7
202400028245,2024-09-02 02:23:00,2024,9,2,2,23,28,28408,A10,48.37883,1.888036,Nuit sans éclairage public,Hors agglomération,Hors intersection,Normale,Autre collision,1,3,3,0,1,1,1,0,1,130,1,2,1,0,1,0,60.0,,voiture,,3,1,1,1,6
202400028246,2024-07-27 12:30:00,2024,7,27,12,30,69,69255,Rue de Malval,45.75052514,4.62893236,Plein jour,Hors agglomération,Hors intersection,Normale,Deux véhicules - frontale,3,2,2,0,2,1,1,0,1,80,2,5,3,0,1,1,36.0,29.0,voiture,voiture,1,1,1,1,1
202400028247,2024-05-20 07:09:00,2024,5,20,7,9,972,97204,Morne aux Boeufs,14.695693,-61.176724,Plein jour,Hors agglomération,Hors intersection,Normale,Deux véhicules - côté,2,2,2,0,2,3,1,0,1,80,2,2,1,0,1,0,21.0,66.0,deux_roues,voiture,1,1,1,1,3
202400028248,2024-09-01 00:15:00,2024,9,1,0,15,987,98744,UNAA,-22.433239,-151.366303,Nuit sans éclairage public,Hors agglomération,Autre intersection,Vent fort / tempête,Deux véhicules - frontale,2,2,2,0,2,2,1,0,3,60,1,1,0,1,0,0,14.0,,deux_roues,,3,1,9,6,1
202400028249,2024-07-27 14:10:00,2024,7,27,14,10,81,81104,D87,43.777036,1.827099,Plein jour,Hors agglomération,Hors intersection,Normale,Sans collision,3,2,2,0,2,1,1,0,1,80,1,2,0,1,1,0,35.0,,deux_roues,,1,1,1,1,7
202400028250,2024-05-20 22:30:00,2024,5,20,22,30,23,23247,8 Route de la Brionne,46.20174,1.757727,Nuit avec éclairage non allumé,En agglomération,Hors intersection,Normale,Autre collision,3,2,2,0,1,1,2,0,8,50,1,4,1,0,2,1,25.0,,voiture,,4,2,1,1,6
202400028251,2024-07-27 07:50:00,2024,7,27,7,50,09,09251,D507,43.069248,1.934726,Plein jour,Hors agglomération,Hors intersection,Normale,Autre collision,3,2,2,0,1,2,1,0,3,80,1,2,1,0,0,1,20.0,,voiture,,1,1,1,1,6
202400028252,2024-09-02 16:46:00,2024,9,2,16,46,77,77471,D63,48.349804,2.46583,Plein jour,Hors agglomération,Hors intersection,Normale,Deux véhicules - frontale,3,2,2,0,1,1,1,0,1,70,2,4,1,0,0,3,54.0,46.0,voiture,voiture,1,1,1,1,1
202400028253,2024-07-26 09:35:00,2024,7,26,9,35,31,31476,1400 Route de Lafitte,43.291589,1.148922,Plein jour,Hors agglomération,Hors intersection,Normale,Autre collision,3,2,2,0,1,1,1,0,3,80,1,1,0,0,1,0,28.0,,utilitaire_camion,,1,1,1,1,6
202400028254,2024-05-20 21:30:00,2024,5,20,21,30,52,52114,A31 Aire de val Marnay,48.05650316,4.95631993,Crépuscule ou aube,Hors agglomération,Autre intersection,Pluie légère,Deux véhicules - arrière,1,1,2,0,1,3,2,0,1,50,2,3,1,0,0,2,22.0,59.0,voiture,utilitaire_camion,2,1,9,2,2
202400028255,2024-09-03 17:20:00,2024,9,3,17,20,2A,2A247,#route de Bocca Del Oro#,41.560113,9.277015,Plein jour,En agglomération,Intersection en T,Normale,Deux véhicules - côté,4,2,2,0,1,1,1,0,1,50,2,2,1,0,1,0,48.0,77.0,voiture,deux_roues,1,2,3,1,3
202400028255,2024-09-03 17:20:00,2024,9,3,17,20,2A,2A247,#route de Bocca Del Oro#,41.560113,9.277015,Plein jour,En agglomération,Intersection en T,Normale,Deux véhicules - côté,4,2, -1,-1,1,-1,-1,-1,-1,-1,2,2,1,0,1,0,48.0,77.0,voiture,deux_roues,1,2,3,1,3
202400028256,2024-05-20 17:40:00,2024,5,20,17,40,54,54151,D17,49.485075,5.735184,Plein jour,Hors agglomération,Hors intersection,Normale,Deux véhicules - côté,3,2,2,0,1,1,1,0,1,80,2,2,1,0,0,1,16.0,59.0,deux_roues,utilitaire_camion,1,1,1,1,3
202400028257,2024-09-02 14:30:00,2024,9,2,14,30,66,66171,Avenue du Maréchal Leclerc (Pont),42.618869,3.009648,Plein jour,En agglomération,Giratoire,Normale,Deux véhicules - côté,3,2,1,0,1,1,1,0,1,50,2,2,1,0,0,1,69.0,81.0,deux_roues,voiture,1,2,6,1,3
202400028258,2024-07-26 06:50:00,2024,7,26,6,50,33,33077,,44.59532678,-0.56089913,Crépuscule ou aube,Hors agglomération,Hors intersection,Normale,Deux véhicules - frontale,3,2,2,0,2,4,1,0,1,50,2,2,1,1,0,0,29.0,29.0,voiture,deux_roues,2,1,1,1,1