accident_id,datetime,annee,mois,jour,heure,minute,departement,commune_insee,adresse,latitude,longitude,luminosite,agglomeration,intersection,meteo,collision,catr,circ,nbv,vosp,prof,plan,surf,infra,situ,vma,nb_vehicules,nb_usagers,nb_indemnes,nb_tues,nb_blesses_hosp,nb_blesses_legers,age_cond_1,age_cond_2,veh_type_cond_1,veh_type_cond_2,lum_code,agg_code,int_code,atm_code,col_code
202400028544,2024-10-06 14:30:00,2024,10,6,14,30,92,92073,JAURES (AVENUE JEAN),48.86361343,2.20904589,Plein jour,En agglomération,Hors intersection,Pluie légère,Deux véhicules - côté,3,2,2,0,1,1,2,0,1,50,2,2,1,0,0,1,46.0,30.0,deux_roues,transport_commun,1,2,1,2,3
202400028545,2024-10-06 12:30:00,2024,10,6,12,30,92,92064,CAMP CANADIEN,48.85289735,2.20585808,Plein jour,En agglomération,Intersection en T,Pluie légère,Deux véhicules - côté,3,2,2,0,2,1,2,0,1,50,2,2,1,0,0,1,55.0,26.0,deux_roues,voiture,1,2,3,2,3
202400028545,2024-10-06 12:30:00,2024,10,6,12,30,92,92064,CAMP CANADIEN,48.85289735,2.20585808,Plein jour,En agglomération,Intersection en T,Pluie légère,Deux véhicules - côté,3,1,1,0,1,1,2,0,1,50,2,2,1,0,0,1,55.0,26.0,deux_roues,voiture,1,2,3,2,3
202400028546,2024-10-05 11:15:00,2024,10,5,11,15,92,92064,DAILLY,48.84347,2.2207,Plein jour,En agglomération,Hors intersection,Normale,Autre collision,3,2,0,0,2,1,1,0,8,30,1,2,1,0,0,1,21.0,,deux_roues,,1,2,1,1,6
202400028547,2024-10-06 11:25:00,2024,10,6,11,25,92,92048,MARE ADAM (CARREFOUR DE LA),48.8008305,2.2091496,Plein jour,Hors agglomération,Autre intersection,Pluie légère,Autre collision,4,-1,0,0,1,3,2,9,8,30,1,1,0,0,0,1,23.0,,deux_roues,,1,1,9,2,6
202400028548,2024-10-06 19:20:00,2024,10,6,19,20,92,92024,VICTOR HUGO (BD),48.8997741,2.31424525,Crépuscule ou aube,En agglomération,Hors intersection,Normale,Deux véhicules - arrière,3,2,3,0,1,1,2,0,1,50,2,2,1,0,0,1,48.0,,voiture,,2,2,1,1,2
202400028549,2024-10-06 19:20:00,2024,10,6,19,20,92,92004,DOCTEUR DERVAUX  ( QUAI DU ),48.90462656,2.28698999,Nuit avec éclairage allumé,En agglomération,Hors intersection,Pluie légère,Trois véhicules et plus - en chaîne,3,1,2,0,1,1,2,0,1,50,3,3,2,0,0,1,29.0,25.0,voiture,voiture,5,2,1,2,4
202400028550,2024-10-05 14:45:00,2024,10,5,14,45,37,37022,17 Rue du Parc,47.198868,0.184014,Plein jour,En agglomération,Hors intersection,Normale,Autre collision,3,2,2,0,1,1,2,0,4,50,1,2,1,0,1,0,47.0,,voiture,,1,2,1,1,6
202400028551,2024-10-07 09:20:00,2024,10,7,9,20,72,72051,D323,47.814855,0.063885,Plein jour,Hors agglomération,Intersection en X,Pluie légère,Deux véhicules - côté,3,2,3,0,1,1,2,5,1,90,2,5,1,0,1,3,22.0,39.0,utilitaire_camion,voiture,1,1,2,2,3
202400028551,2024-10-07 09:20:00,2024,10,7,9,20,72,72051,D323,47.814855,0.063885,Plein jour,Hors agglomération,Intersection en X,Pluie légère,Deux véhicules - côté,3,2,2,0,1,1,2,5,1,80,2,5,1,0,1,3,22.0,39.0,utilitaire_camion,voiture,1,1,2,2,3
202400028552,2024-10-06 12:50:00,2024,10,6,12,50,12,12287,D926,44.323514,1.899058,Plein jour,En agglomération,Hors intersection,Normale,Autre collision,3,2,2,0,4,1,1,0,3,50,1,1,0,0,1,0,58.0,,voiture,,1,2,1,1,6
202400028553,2024-10-07 09:45:00,2024,10,7,9,45,54,54089,D913,48.756557,6.252594,Plein jour,Hors agglomération,Hors intersection,Pluie légère,Autre collision,3,2,2,0,1,1,2,0,3,80,1,2,0,0,2,0,23.0,,voiture,,1,1,1,2,6
202400028554,2024-10-07 12:40:00,2024,10,7,12,40,26,26353,Route de l’Ecluse,44.673843,4.789993,Plein jour,Hors agglomération,Hors intersection,Pluie légère,Sans collision,3,2,2,0,1,3,2,0,3,80,1,1,0,1,0,0,19.0,,voiture,,1,1,1,2,7
202400028555,2024-10-05 11:00:00,2024,10,5,11,0,17,17010,D202 - les cadelis,46.104073,-1.093719,Plein jour,Hors agglomération,Giratoire,Normale,Deux véhicules - côté,3,1,2,0,1,3,1,0,1,50,2,2,1,0,1,0,50.0,56.0,deux_roues,voiture,1,1,6,1,3
202400028556,2024-10-05 21:30:00,2024,10,5,21,30,45,45104,Rue Achille Fouquin,48.044693,2.67699,Nuit sans éclairage public,En agglomération,Hors intersection,Normale,Sans collision,3,2,2,0,1,1,1,0,1,80,1,1,0,0,1,0,46.0,,deux_roues,,3,2,1,1,7
202400028557,2024-10-06 17:28:00,2024,10,6,17,28,31,31418,85 Route d'Aufrery,43.611438,1.531903,Plein jour,En agglomération,Giratoire,Normale,Autre collision,7,2,2,0,1,1,9,5,1,50,1,1,0,0,0,1,25.0,,deux_roues,,1,2,6,1,6
202400028558,2024-10-05 11:20:00,2024,10,5,11,20,31,31044,Rue des Lilas,43.608351,1.494561,Plein jour,En agglomération,Hors intersection,Normale,Autre collision,4,2,2,3,1,1,1,0,1,50,1,2,1,0,0,1,68.0,,voiture,,1,2,1,1,6
202400028559,2024-10-06 09:15:00,2024,10,6,9,15,81,81299,D112,43.66261,1.931469,Plein jour,Hors agglomération,Hors intersection,Normale,Deux véhicules - frontale,3,2,2,0,1,1,2,0,1,90,2,5,0,3,2,0,57.0,74.0,voiture,voiture,1,1,1,1,1
202400028560,2024-10-05 11:20:00,2024,10,5,11,20,972,97221,73 Rue Schoelcher,14.528019,-60.980713,Plein jour,En agglomération,Hors intersection,Temps éblouissant,Autre collision,3,2,2,0,1,1,1,0,1,50,1,2,1,0,1,0,30.0,,voiture,,1,2,1,7,6
202400028561,2024-10-06 22:45:00,2024,10,6,22,45,28,28024,N124,48.4159,1.480858,Nuit sans éclairage public,Hors agglomération,Hors intersection,Pluie légère,Deux véhicules - arrière,2,3,4,0,1,1,2,0,1,110,2,2,1,1,0,0,22.0,59.0,voiture,deux_roues,3,1,1,2,2
202400028562,2024-10-07 06:25:00,2024,10,7,6,25,01,01033,avenue du stade,46.124151,5.816107,Crépuscule ou aube,En agglomération,Hors intersection,Brouillard / fumée,Deux véhicules - côté,4,2,2,0,1,1,2,0,1,50,2,2,1,0,1,0,38.0,16.0,utilitaire_camion,deux_roues,2,2,1,5,3
202400028563,2024-10-05 20:17:00,2024,10,5,20,17,2B,2B009,T 10,42.085181,9.493067,Nuit sans éclairage public,Hors agglomération,Hors intersection,Normale,Deux véhicules - frontale,2,3,2,0,1,1,1,0,1,80,2,4,2,0,0,2,50.0,35.0,utilitaire_camion,voiture,3,1,1,1,1
202400028564,2024-09-27 12:15:00,2024,9,27,12,15,62,62763,D85,50.372607,2.358069,Plein jour,En agglomération,Intersection en Y,Pluie légère,Deux véhicules - côté,3,2,2,0,2,1,2,0,1,50,2,2,1,0,1,0,46.0,55.0,voiture,deux_roues,1,2,4,2,3
202400028564,2024-09-27 12:15:00,2024,9,27,12,15,62,62763,D85,50.372607,2.358069,Plein jour,En agglomération,Intersection en Y,Pluie légère,Deux véhicules - côté,3,2,2,0,1,1,2,0,1,50,2,2,1,0,1,0,46.0,55.0,voiture,deux_roues,1,2,4,2,3
202400028565,2024-10-05 07:30:00,2024,10,5,7,30,66,66050,CD 83 - PK 15,42.77732765,2.91553974,Crépuscule ou aube,Hors agglomération,Hors intersection,Normale,Autre collision,3,3,4,0,1,1,1,2,1,90,1,1,0,0,1,0,45.0,,voiture,,2,1,1,1,6
202400028566,2024-10-07 09:30:00,2024,10,7,9,30,83,83021,D35,43.477884,5.949472,Plein jour,Hors agglomération,Hors intersection,Pluie légère,Autre collision,3,2,2,0,1,2,2,0,3,70,1,1,0,0,1,0,59.0,,voiture,,1,1,1,2,6
202400028567,2024-10-07 08:30:00,2024,10,7,8,30,56,56047,Les Cinq Chemins,48.053917,-2.76731,Plein jour,Hors agglomération,Hors intersection,Pluie légère,Sans collision,3,2,2,0,1,1,2,0,3,80,1,1,0,0,0,1,45.0,,voiture,,1,1,1,2,7
202400028568,2024-10-07 04:30:00,2024,10,7,4,30,80,80620,D1017,49.9344,2.947233,Nuit avec éclairage allumé,En agglomération,Hors intersection,Temps couvert,Autre collision,3,2,2,0,1,3,2,0,3,50,1,2,0,2,0,0,25.0,,voiture,,5,2,1,8,6
202400028569,2024-10-04 19:45:00,2024,10,4,19,45,80,80373,Rue Charles de Gaulle,49.986483,1.556126,Nuit avec éclairage allumé,En agglomération,Autre intersection,Normale,Deux véhicules - côté,3,2,2,0,1,1,1,0,1,50,2,2,1,0,0,1,27.0,16.0,utilitaire_camion,deux_roues,5,2,9,1,3
202400028569,2024-10-04 19:45:00,2024,10,4,19,45,80,80373,Rue Charles de Gaulle,49.986483,1.556126,Nuit avec éclairage allumé,En agglomération,Autre intersection,Normale,Deux véhicules - côté,3,2,2,0,1,1,1,0,1,50,2,2,1,0,0,1,27.0,16.0,utilitaire_camion,deux_roues,5,2,9,1,3
202400028570,2024-10-06 20:55:00,2024,10,6,20,55,82,82142,53 Rue Bernard Peyrille,43.815291,1.313706,Nuit avec éclairage allumé,En agglomération,Intersection en T,Normale,Deux véhicules - côté,3,2,2,0,1,1,1,0,1,-1,2,4,1,0,1,2,41.0,20.0,voiture,voiture,5,2,3,1,3
202400028570,2024-10-06 20:55:00,2024,10,6,20,55,82,82142,53 Rue Bernard Peyrille,43.815291,1.313706,Nuit avec éclairage allumé,En agglomération,Intersection en T,Normale,Deux véhicules - côté,3,2,2,0,1,1,1,0,1,50,2,4,1,0,1,2,41.0,20.0,voiture,voiture,5,2,3,1,3
202400028571,2024-10-06 18:15:00,2024,10,6,18,15,65,65054,D17,43.056613,0.359631,Plein jour,Hors agglomération,Hors intersection,Normale,Deux véhicules - frontale,3,2,2,0,1,1,1,0,1,80,2,5,0,0,1,4,19.0,24.0,voiture,voiture,1,1,1,1,1
202400028572,2024-10-06 11:20:00,2024,10,6,11,20,63,63125,D58,45.77502454,3.55048384,Plein jour,Hors agglomération,Hors intersection,Normale,Trois véhicules et plus - en chaîne,3,2,2,0,1,3,1,0,1,90,3,3,2,0,1,0,15.0,14.0,deux_roues,deux_roues,1,1,1,1,4
202400028573,2024-10-05 19:00:00,2024,10,5,19,0,27,27027,D32,48.910436,1.240955,Crépuscule ou aube,Hors agglomération,Intersection en Y,Temps éblouissant,Deux véhicules - frontale,3,2,2,0,2,1,1,0,1,90,2,2,1,0,0,1,18.0,16.0,voiture,deux_roues,2,1,4,7,1
202400028573,2024-10-05 19:00:00,2024,10,5,19,0,27,27027,D32,48.910436,1.240955,Crépuscule ou aube,Hors agglomération,Intersection en Y,Temps éblouissant,Deux véhicules - frontale,3,2,2,0,1,1,1,0,1,80,2,2,1,0,0,1,18.0,16.0,voiture,deux_roues,2,1,4,7,1
202400028574,2024-10-07 07:10:00,2024,10,7,7,10,63,63227,axe d1,45.67997733,3.2178088,Crépuscule ou aube,Hors agglomération,Hors intersection,Normale,Autre collision,3,2,2,0,2,3,1,0,3,90,1,1,0,0,1,0,21.0,,voiture,,2,1,1,1,6
202400028575,2024-10-06 14:40:00,2024,10,6,14,40,61,61394,D7,48.281106,0.605366,Plein jour,En agglomération,Hors intersection,Normale,Sans collision,3,2,2,0,1,1,2,0,1,30,1,1,0,0,0,1,17.0,,deux_roues,,1,2,1,1,7
202400028576,2024-10-06 16:35:00,2024,10,6,16,35,49,49008,D923,47.603212,-0.992889,Plein jour,Hors agglomération,Hors intersection,Normale,Deux véhicules - frontale,3,2,2,0,1,1,8,0,1,90,2,3,0,0,3,0,64.0,47.0,voiture,voiture,1,1,1,1,1
202400028577,2024-10-07 14:40:00,2024,10,7,14,40,49,49018,LE PORTEAU,47.520501,-0.168985,Plein jour,Hors agglomération,Intersection en X,Pluie légère,Autre collision,3,2,2,0,1,1,2,0,1,80,1,2,0,0,1,1,73.0,,voiture,,1,1,2,2,6
202400028577,2024-10-07 14:40:00,2024,10,7,14,40,49,49018,LE PORTEAU,47.520501,-0.168985,Plein jour,Hors agglomération,Intersection en X,Pluie légère,Autre collision,3,2,2,0,1,1,2,5,1,90,1,2,0,0,1,1,73.0,,voiture,,1,1,2,2,6
202400028578,2024-10-06 20:30:00,2024,10,6,20,30,12,12264,Route de Villecomtal,44.433531,2.582136,Nuit sans éclairage public,Hors agglomération,Hors intersection,Normale,Autre collision,3,2,2,0,3,1,1,0,1,90,1,1,0,0,1,0,29.0,,deux_roues,,3,1,1,1,6
202400028579,2024-10-07 14:04:00,2024,10,7,14,4,39,39441,,46.474562,6.02967,Plein jour,Hors agglomération,Hors intersection,Normale,Deux véhicules - côté,3,2,2,0,2,3,2,0,1,80,2,2,0,0,0,2,41.0,46.0,utilitaire_camion,voiture,1,1,1,1,3
202400028580,2024-10-06 05:20:00,2024,10,6,5,20,39,39405,,47.012275,5.494548,Nuit sans éclairage public,Hors agglomération,Hors intersection,Temps couvert,Autre collision,3,2,2,0,1,1,2,0,1,70,1,1,0,0,1,0,22.0,,voiture,,3,1,1,8,6
202400028581,2024-10-06 17:20:00,2024,10,6,17,20,44,44115,,47.352751,-1.266303,Plein jour,Hors agglomération,Hors intersection,Pluie légère,Trois véhicules et plus - collisions multiples,3,3,3,0,2,1,2,0,1,80,3,8,0,0,2,6,20.0,24.0,voiture,voiture,1,1,1,2,5
202400028582,2024-10-06 19:30:00,2024,10,6,19,30,29,29300,D22,47.875868,-3.617034,Plein jour,Hors agglomération,Hors intersection,Normale,Sans collision,3,2,2,0,1,3,1,0,1,70,1,1,0,0,0,1,42.0,,deux_roues,,1,1,1,1,7
202400028583,2024-10-05 18:00:00,2024,10,5,18,0,02,02713,,49.202626,3.561502,Plein jour,Hors agglomération,Hors intersection,Temps éblouissant,Deux véhicules - arrière,3,2,2,0,1,1,1,0,1,80,2,2,1,1,0,0,36.0,61.0,voiture,deux_roues,1,1,1,7,2
202400028584,2024-10-07 17:35:00,2024,10,7,17,35,01,01083,D17,46.099037,4.858661,Plein jour,Hors agglomération,Intersection en X,Normale,Deux véhicules - côté,3,2,2,0,1,1,1,0,1,80,2,2,1,0,0,1,30.0,32.0,voiture,utilitaire_camion,1,1,2,1,3
202400028584,2024-10-07 17:35:00,2024,10,7,17,35,01,01083,D17,46.099037,4.858661,Plein jour,Hors agglomération,Intersection en X,Normale,Deux véhicules - côté,3,2,2,0,1,1,1,0,1,80,2,2,1,0,0,1,30.0,32.0,voiture,utilitaire_camion,1,1,2,1,3
202400028585,2024-10-07 08:30:00,2024,10,7,8,30,26,26365,D538,44.756863,5.016804,Plein jour,Hors agglomération,Hors intersection,Temps couvert,Autre collision,3,2,2,0,1,1,2,0,1,80,2,2,0,0,2,0,19.0,65.0,voiture,voiture,1,1,1,8,6
202400028586,2024-10-07 07:45:00,2024,10,7,7,45,26,26165,Route d allex,44.795156,4.873762,Plein jour,Hors agglomération,Hors intersection,Normale,Sans collision,3,2,2,0,1,1,2,0,3,80,1,1,0,1,0,0,19.0,,voiture,,1,1,1,1,7
202400028587,2024-10-06 17:30:00,2024,10,6,17,30,58,58059,Avenue Gambetta,47.182036,3.030488,Plein jour,En agglomération,Hors intersection,Pluie légère,Sans collision,3,2,1,0,3,2,3,0,1,-1,1,1,0,0,1,0,17.0,,deux_roues,,1,2,1,2,7
202400028588,2024-10-06 23:58:00,2024,10,6,23,58,06,06079,Boulevard du Bon Puits,43.521989,6.935894,Nuit avec éclairage allumé,Hors agglomération,Hors intersection,Normale,Deux véhicules - frontale,3,2,2,1,2,1,1,0,1,50,2,2,1,0,1,0,31.0,69.0,voiture,voiture,5,1,1,1,1
202400028589,2024-10-06 04:00:00,2024,10,6,4,0,64,64405,D62,43.338523,-0.24495,Nuit sans éclairage public,Hors agglomération,Hors intersection,Normale,Sans collision,3,2,2,0,1,1,1,0,1,80,1,7,6,0,1,0,18.0,,voiture,,3,1,1,1,7
202400028590,2024-10-01 09:00:00,2024,10,1,9,0,18,18059,,46.644634,2.274186,Plein jour,Hors agglomération,Hors intersection,Pluie forte,Sans collision,3,2,2,0,2,3,4,0,3,80,1,1,0,0,1,0,35.0,,voiture,,1,1,1,3,7
202400028591,2024-10-06 15:20:00,2024,10,6,15,20,18,18229,,47.230508,2.407411,Plein jour,Hors agglomération,Hors intersection,Temps couvert,Autre collision,4,2,2,0,1,3,2,0,3,50,1,1,0,0,1,0,69.0,,voiture,,1,1,1,8,6
202400028592,2024-10-04 16:30:00,2024,10,4,16,30,36,36138,,46.55191541,2.13656187,Plein jour,Hors agglomération,Intersection en X,Normale,Deux véhicules - côté,3,2,2,0,2,1,1,0,1,90,2,3,2,0,1,0,68.0,67.0,voiture,voiture,1,1,2,1,3
202400028592,2024-10-04 16:30:00,2024,10,4,16,30,36,36138,,46.55191541,2.13656187,Plein jour,Hors agglomération,Intersection en X,Normale,Deux véhicules - côté,3,2,2,-1,1,1,1,0,1,80,2,3,2,0,1,0,68.0,67.0,voiture,voiture,1,1,2,1,3
202400028593,2024-10-06 20:10:00,2024,10,6,20,10,36,36088,Route de Bourges,46.952335,2.005209,Nuit avec éclairage allumé,En agglomération,Hors intersection,Pluie légère,Sans collision,4,2,2,0,1,1,2,0,1,50,1,2,0,0,1,1,46.0,,deux_roues,,5,2,1,2,7
202400028594,2024-10-07 13:11:00,2024,10,7,13,11,07,07236,Chemin de Chatelas,45.084157,4.613611,Plein jour,Hors agglomération,Hors intersection,Pluie légère,Sans collision,4,-1,1,0,2,1,2,0,3,50,1,1,0,1,0,0,77.0,,utilitaire_camion,,1,1,1,2,7
202400028595,2024-10-06 10:00:00,2024,10,6,10,0,21,21670,Rue des Mûriers,47.4437,4.664244,Plein jour,Hors agglomération,Hors intersection,Normale,Sans collision,3,2,2,0,1,1,1,0,8,80,1,1,0,1,0,0,66.0,,voiture,,1,1,1,1,7
202400028596,2024-10-03 15:41:00,2024,10,3,15,41,04,04116,D4,44.014338,5.953571,Plein jour,Hors agglomération,Hors intersection,Normale,Autre collision,3,2,2,0,1,1,1,0,3,80,1,2,1,0,1,0,72.0,,voiture,,1,1,1,1,6
202400028597,2024-10-06 17:30:00,2024,10,6,17,30,28,28215,D939,48.348745,1.812181,Plein jour,Hors agglomération,Intersection en X,Pluie légère,Deux véhicules - arrière,3,2,2,0,1,1,2,0,1,80,2,5,4,0,0,1,19.0,27.0,voiture,utilitaire_camion,1,1,2,2,2
202400028597,2024-10-06 17:30:00,2024,10,6,17,30,28,28215,D939,48.348745,1.812181,Plein jour,Hors agglomération,Intersection en X,Pluie légère,Deux véhicules - arrière,3,2,2,0,1,1,2,0,1,80,2,5,4,0,0,1,19.0,27.0,voiture,utilitaire_camion,1,1,2,2,2
202400028598,2024-10-06 22:10:00,2024,10,6,22,10,37,37146,Le Viornay,47.53091592,0.20649156,Nuit sans éclairage public,Hors agglomération,Hors intersection,Pluie légère,Deux véhicules - frontale,3,2,2,0,1,1,3,0,1,90,2,6,5,0,1,0,28.0,30.0,autre,voiture,3,1,1,2,1
202400028599,2024-10-06 22:20:00,2024,10,6,22,20,37,37167,Route Départementale 68,47.5703751,0.57119161,Nuit sans éclairage public,Hors agglomération,Hors intersection,Pluie légère,Autre collision,3,2,2,0,1,1,2,0,3,80,1,1,0,1,0,0,45.0,,voiture,,3,1,1,2,6
202400028600,2024-10-06 00:05:00,2024,10,6,0,5,52,52140,D40,48.273604,4.991366,Nuit sans éclairage public,Hors agglomération,Hors intersection,Normale,Sans collision,3,2,2,0,1,4,1,0,8,90,1,1,0,0,1,0,54.0,,voiture,,3,1,1,1,7
202400028601,2024-10-06 13:05:00,2024,10,6,13,5,95,95678,N184,49.07298501,2.23432839,Plein jour,Hors agglomération,Hors intersection,Pluie légère,Deux véhicules - côté,2,3,2,0,1,1,2,0,1,90,2,4,0,0,0,4,22.0,49.0,voiture,voiture,1,1,1,2,3
202400028602,2024-10-07 07:40:00,2024,10,7,7,40,973,97309,Route de Montjoly,4.915288,-52.275025,Plein jour,En agglomération,Intersection en T,Normale,Deux véhicules - frontale,3,2,2,0,1,1,1,0,1,50,2,2,1,0,0,1,23.0,24.0,voiture,deux_roues,1,2,3,1,1
202400028602,2024-10-07 07:40:00,2024,10,7,7,40,973,97309,Route de Montjoly,4.915288,-52.275025,Plein jour,En agglomération,Intersection en T,Normale,Deux véhicules - frontale,3,2,2,0,1,1,1,0,1,50,2,2,1,0,0,1,23.0,24.0,voiture,deux_roues,1,2,3,1,1
202400028603,2024-10-07 00:20:00,2024,10,7,0,20,51,51454,A344 Pk 009+200 sens Cormontreuil/Tinqueux,49.2252665,4.06154776,Nuit sans éclairage public,En agglomération,Intersection en Y,Normale,Deux véhicules - frontale,1,3,2,0,1,1,2,3,1,90,2,2,1,0,0,1,24.0,37.0,voiture,voiture,3,2,4,1,1
202400028603,2024-10-07 00:20:00,2024,10,7,0,20,51,51454,A344 Pk 009+200 sens Cormontreuil/Tinqueux,49.2252665,4.06154776,Nuit sans éclairage public,En agglomération,Intersection en Y,Normale,Deux véhicules - frontale,1,3,2,-1,2,2,2,3,1,-1,2,2,1,0,0,1,24.0,37.0,voiture,voiture,3,2,4,1,1
202400028604,2024-10-06 15:12:00,2024,10,6,15,12,45,45006,A71 PR 112 + 193,47.78552,1.846374,Plein jour,Hors agglomération,Hors intersection,Pluie légère,Autre collision,1,3,4,0,1,1,2,0,1,110,1,1,0,0,1,0,53.0,,voiture,,1,1,1,2,6
202400028605,2024-10-07 14:10:00,2024,10,7,14,10,45,45169,A10 PR 102 + 16,47.899261,1.803772,Plein jour,Hors agglomération,Hors intersection,Pluie forte,Trois véhicules et plus - collisions multiples,1,3,6,0,4,1,2,0,1,130,4,10,6,2,0,2,33.0,78.0,voiture,voiture,1,1,1,3,5
202400028606,2024-10-05 09:30:00,2024,10,5,9,30,69,69119,Route de Rive de Gier,45.508486,4.679248,Crépuscule ou aube,Hors agglomération,Hors intersection,Normale,Autre collision,3,2,2,0,2,3,1,0,3,80,1,1,0,1,0,0,18.0,,voiture,,2,1,1,1,6
202400028607,2024-10-06 17:15:00,2024,10,6,17,15,974,97419,Route Nationale 2,-21.197711,55.820155,Plein jour,En agglomération,Hors intersection,Normale,Autre collision,2,2,2,0,1,2,1,0,3,50,1,2,1,0,1,0,40.0,,deux_roues,,1,2,1,1,6
202400028608,2024-10-05 20:02:00,2024,10,5,20,2,971,97129,Route de Sofaia,16.315774,-61.702073,Nuit avec éclairage allumé,En agglomération,Hors intersection,Normale,Autre collision,4,2,2,0,1,2,1,0,1,50,1,2,1,1,0,0,35.0,,utilitaire_camion,,5,2,1,1,6
202400028609,2024-10-06 12:35:00,2024,10,6,12,35,971,97118,Rue Rene Cassin,16.200143,-61.595809,Plein jour,En agglomération,Hors intersection,Normale,Deux véhicules - côté,4,2,2,0,1,1,1,0,1,50,2,3,2,0,1,0,61.0,40.0,voiture,deux_roues,1,2,1,1,3
202400028610,2024-10-04 06:30:00,2024,10,4,6,30,971,97121,rd 23,16.182828,-61.766279,Crépuscule ou aube,Hors agglomération,Hors intersection,Temps éblouissant,Trois véhicules et plus - collisions multiples,3,2,2,0,1,1,1,0,1,70,3,3,2,0,0,1,26.0,22.0,voiture,voiture,2,1,1,7,5
202400028611,2024-10-06 21:54:00,2024,10,6,21,54,28,28001,D928,48.774286,1.401658,Nuit sans éclairage public,Hors agglomération,Hors intersection,Temps couvert,Trois véhicules et plus - collisions multiples,3,2,2,0,1,1,2,0,1,80,3,6,1,1,3,1,19.0,55.0,voiture,utilitaire_camion,3,1,1,8,5
202400028612,2024-10-07 07:45:00,2024,10,7,7,45,78,78380,31a Boulevard Paul Barré,48.909332,1.855896,Plein jour,En agglomération,Hors intersection,Normale,Autre collision,3,2,2,0,1,1,1,9,1,30,1,2,1,0,1,0,45.0,,utilitaire_camion,,1,2,1,1,6
202400028613,2024-10-05 18:10:00,2024,10,5,18,10,2B,2B307,T10,42.384472,9.530333,Plein jour,Hors agglomération,Hors intersection,Normale,Deux véhicules - arrière,2,2,2,0,1,1,1,0,1,70,2,2,1,0,0,1,68.0,23.0,utilitaire_camion,deux_roues,1,1,1,1,2
202400028614,2024-10-06 20:50:00,2024,10,6,20,50,34,34209,D37,43.299834,3.33788,Nuit avec éclairage allumé,En agglomération,Giratoire,Pluie légère,Sans collision,3,-1,1,0,1,2,2,0,1,30,1,1,0,0,1,0,52.0,,deux_roues,,5,2,6,2,7
202400028615,2024-10-07 00:40:00,2024,10,7,0,40,06,06092,51 Avenue de l’Hotel de Ville,43.766724,7.360254,Nuit sans éclairage public,Hors agglomération,Hors intersection,Normale,Sans collision,4,2,2,0,2,1,1,0,1,70,1,1,0,0,1,0,41.0,,deux_roues,,3,1,1,1,7
202400028616,2024-06-23 23:47:00,2024,6,23,23,47,973,97302,PREVOT (ERNEST),4.93162999,-52.33247468,Nuit sans éclairage public,En agglomération,Intersection en X,Temps couvert,Deux véhicules - côté,4,2,2,0,1,1,1,0,1,50,2,2,1,0,0,1,27.0,37.0,voiture,deux_roues,3,2,2,8,3
202400028616,2024-06-23 23:47:00,2024,6,23,23,47,973,97302,PREVOT (ERNEST),4.93162999,-52.33247468,Nuit sans éclairage public,En agglomération,Intersection en X,Temps couvert,Deux véhicules - côté,4,1,2,0,1,1,1,0,1,50,2,2,1,0,0,1,27.0,37.0,voiture,deux_roues,3,2,2,8,3
202400028617,2024-06-23 07:00:00,2024,6,23,7,0,971,97120,CARENAGE,16.22985582,-61.53131247,Plein jour,En agglomération,Hors intersection,Normale,Deux véhicules - frontale,3,2,2,0,1,3,1,0,1,50,2,2,1,0,0,1,25.0,32.0,voiture,voiture,1,2,1,1,1
202400028618,2024-06-24 14:30:00,2024,6,24,14,30,2A,2A004,COLONNA D'ORNANO COLONEL AV.,41.92819742,8.73846531,Plein jour,En agglomération,Hors intersection,Normale,Autre collision,4,1,1,0,1,1,1,6,1,50,1,2,1,0,0,1,28.0,,voiture,,1,2,1,1,6
202400028619,2024-06-24 17:40:00,2024,6,24,17,40,95,95607,D106,49.02130509,2.21572042,Plein jour,En agglomération,Intersection en T,Normale,Deux véhicules - arrière,3,2,2,0,1,1,1,0,1,50,2,2,1,0,0,1,60.0,41.0,voiture,voiture,1,2,3,1,2
202400028619,2024-06-24 17:40:00,2024,6,24,17,40,95,95607,D106,49.02130509,2.21572042,Plein jour,En agglomération,Intersection en T,Normale,Deux véhicules - arrière,3,1,1,0,1,1,1,0,1,50,2,2,1,0,0,1,60.0,41.0,voiture,voiture,1,2,3,1,2
202400028620,2024-06-24 17:50:00,2024,6,24,17,50,95,95197,ABEL FAUVEAU (RUE) ,48.96350929,2.32866704,Plein jour,En agglomération,Autre intersection,Temps éblouissant,Autre collision,4,1,2,3,1,1,1,6,6,20,1,2,1,0,0,1,24.0,,voiture,,1,2,9,7,6
202400028621,2024-06-24 08:30:00,2024,6,24,8,30,95,95427,D193,48.96436463,2.3361306,Plein jour,En agglomération,Hors intersection,Normale,Autre collision,3,-1,0,0,1,1,1,0,1,50,1,2,1,0,0,1,62.0,,voiture,,1,2,1,1,6
202400028622,2024-06-24 08:10:00,2024,6,24,8,10,91,91201,AV DU GENERAL DE GAULLE,48.68719,2.39959,Plein jour,En agglomération,Hors intersection,Normale,Deux véhicules - côté,3,2,3,0,1,1,1,0,1,50,2,2,1,0,0,1,46.0,26.0,voiture,deux_roues,1,2,1,1,3