accident_id,datetime,annee,mois,jour,heure,minute,departement,commune_insee,adresse,latitude,longitude,luminosite,agglomeration,intersection,meteo,collision,catr,circ,nbv,vosp,prof,plan,surf,infra,situ,vma,nb_vehicules,nb_usagers,nb_indemnes,nb_tues,nb_blesses_hosp,nb_blesses_legers,age_cond_1,age_cond_2,veh_type_cond_1,veh_type_cond_2,lum_code,agg_code,int_code,atm_code,col_code
202400028623,2024-06-24 07:10:00,2024,6,24,7,10,91,91223,COQUERIVE (AVENUE DE),48.43447,2.16928,Plein jour,En agglomération,Hors intersection,Normale,Autre collision,3,1,0,0,1,1,1,6,1,50,1,2,1,0,0,1,54.0,,voiture,,1,2,1,1,6
202400028624,2024-06-23 14:20:00,2024,6,23,14,20,90,90010,KENNEDY (BOULEVARD),47.629781,6.842916,Plein jour,En agglomération,Intersection en X,Normale,Deux véhicules - arrière,3,2,4,0,1,1,1,5,1,50,2,3,1,0,1,1,69.0,29.0,deux_roues,voiture,1,2,2,1,2
202400028624,2024-06-23 14:20:00,2024,6,23,14,20,90,90010,KENNEDY (BOULEVARD),47.629781,6.842916,Plein jour,En agglomération,Intersection en X,Normale,Deux véhicules - arrière,3,2,2,0,1,1,1,0,8,50,2,3,1,0,1,1,69.0,29.0,deux_roues,voiture,1,2,2,1,2
202400028625,2024-06-24 08:53:00,2024,6,24,8,53,87,87085,QUEUILLE (PLACE HENRI),45.81472,1.26926,Plein jour,En agglomération,Hors intersection,Normale,Sans collision,4,1,2,0,1,2,1,5,1,50,1,1,0,0,0,1,15.0,,deux_roues,,1,2,1,1,7
202400028626,2024-06-24 00:40:00,2024,6,24,0,40,86,86066,Pont Henri IV,46.81639,0.53954,Nuit avec éclairage allumé,En agglomération,Hors intersection,Normale,Sans collision,3,2,2,2,1,1,1,2,5,30,1,1,0,1,0,0,58.0,,deux_roues,,5,2,1,1,7
202400028627,2024-06-24 11:45:00,2024,6,24,11,45,84,84007,TRIOLET (AVENUE ELSA),43.93112,4.84077,Plein jour,En agglomération,Hors intersection,Normale,Deux véhicules - côté,4,2,2,0,1,1,1,0,1,50,2,2,1,0,0,1,34.0,33.0,deux_roues,utilitaire_camion,1,2,1,1,3
202400028628,2024-06-24 10:00:00,2024,6,24,10,0,83,83069,MICHELET (RUE),43.11715,6.12649,Plein jour,En agglomération,Intersection en X,Temps couvert,Deux véhicules - côté,4,1,1,0,1,1,1,0,1,50,2,3,2,0,0,1,77.0,66.0,voiture,deux_roues,1,2,2,8,3
202400028628,2024-06-24 10:00:00,2024,6,24,10,0,83,83069,MICHELET (RUE),43.11715,6.12649,Plein jour,En agglomération,Intersection en X,Temps couvert,Deux véhicules - côté,4,1,1,0,1,1,1,0,1,50,2,3,2,0,0,1,77.0,66.0,voiture,deux_roues,1,2,2,8,3
202400028629,2024-06-24 08:00:00,2024,6,24,8,0,81,81065,GRELE (CH.DE),43.59552904,2.22406027,Plein jour,En agglomération,Hors intersection,Normale,Sans collision,4,2,0,0,2,3,1,0,1,30,1,1,0,0,0,1,17.0,,deux_roues,,1,2,1,1,7
202400028630,2024-06-23 17:37:00,2024,6,23,17,37,80,80256,Rue Octavie Duchellier,49.91173,2.22092,Plein jour,Hors agglomération,Hors intersection,Normale,Autre collision,4,2,2,0,1,1,1,0,1,80,2,2,1,0,0,1,54.0,,deux_roues,deux_roues,1,1,1,1,6
202400028631,2024-06-23 22:00:00,2024,6,23,22,0,80,80021,Rue Saint-Leu,49.8991,2.3006,Crépuscule ou aube,En agglomération,Hors intersection,Normale,Sans collision,4,-1,2,0,1,1,1,0,4,50,1,1,0,0,0,1,20.0,,deux_roues,,2,2,1,1,7
202400028632,2024-06-24 00:50:00,2024,6,24,0,50,78,78481,CHARLES DE GAULLE (AVENUE),48.89252,2.10449,Nuit avec éclairage allumé,En agglomération,Autre intersection,Normale,Deux véhicules - côté,3,3,0,0,1,1,1,0,1,50,2,2,1,0,1,0,46.0,31.0,voiture,deux_roues,5,2,9,1,3
202400028633,2024-06-24 21:30:00,2024,6,24,21,30,78,78217,CD 113,48.95922,1.83853,Plein jour,Hors agglomération,Hors intersection,Temps éblouissant,Deux véhicules - arrière,3,2,2,0,1,1,1,0,1,70,2,2,1,0,0,1,50.0,23.0,voiture,deux_roues,1,1,1,7,2
202400028634,2024-06-24 10:35:00,2024,6,24,10,35,78,78423,LECLERC (AVENUE DU  GENERAL),48.78103,2.02637,Plein jour,En agglomération,Hors intersection,Normale,Deux véhicules - arrière,4,3,1,0,2,1,1,2,1,50,2,2,1,0,0,1,31.0,50.0,deux_roues,voiture,1,2,1,1,2
202400028635,2024-06-24 08:45:00,2024,6,24,8,45,78,78423,PRES (AVENUE DES),48.78724,2.04538,Plein jour,En agglomération,Hors intersection,Normale,Autre collision,4,2,2,0,1,1,1,0,1,50,1,2,1,0,0,1,40.0,,voiture,,1,2,1,1,6
202400028636,2024-06-22 10:30:00,2024,6,22,10,30,77,77258,MAIRIE (RUE DE LA),48.83538,2.62695,Plein jour,En agglomération,Hors intersection,Normale,Deux véhicules - côté,4,2,2,0,1,1,1,0,1,30,2,2,1,0,0,1,48.0,16.0,voiture,deux_roues,1,2,1,1,3
202400028637,2024-06-23 14:06:00,2024,6,23,14,6,77,77487,CHARTRETTES  (ROUTE DE),48.51890682,2.67351251,Plein jour,En agglomération,Hors intersection,Normale,Deux véhicules - frontale,3,2,2,0,1,1,1,0,1,50,2,4,1,0,0,3,20.0,20.0,voiture,voiture,1,2,1,1,1
202400028638,2024-06-21 21:40:00,2024,6,21,21,40,76,76351,FREDERIC BELLANGER,49.49544,0.09961,Plein jour,En agglomération,Intersection en X,Normale,Deux véhicules - côté,4,2,2,0,1,1,1,0,1,30,2,2,1,0,0,1,37.0,22.0,voiture,deux_roues,1,2,2,1,3
202400028638,2024-06-21 21:40:00,2024,6,21,21,40,76,76351,FREDERIC BELLANGER,49.49544,0.09961,Plein jour,En agglomération,Intersection en X,Normale,Deux véhicules - côté,4,2,2,0,1,1,1,0,1,30,2,2,1,0,0,1,37.0,22.0,voiture,deux_roues,1,2,2,1,3
202400028639,2024-06-21 19:00:00,2024,6,21,19,0,76,76552,ALBERT DUBOSC,49.50742,0.08358,Plein jour,En agglomération,Intersection en T,Normale,Deux véhicules - côté,3,2,2,0,2,2,1,0,1,50,2,2,1,0,0,1,71.0,63.0,voiture,deux_roues,1,2,3,1,3
202400028639,2024-06-21 19:00:00,2024,6,21,19,0,76,76552,ALBERT DUBOSC,49.50742,0.08358,Plein jour,En agglomération,Intersection en T,Normale,Deux véhicules - côté,3,2,2,0,2,2,1,0,1,50,2,2,1,0,0,1,71.0,63.0,voiture,deux_roues,1,2,3,1,3
202400028640,2024-06-22 19:30:00,2024,6,22,19,30,67,67267,MARECHAL FOCH (RUE DU),48.56063,7.69311,Plein jour,En agglomération,Giratoire,Temps couvert,Deux véhicules - côté,4,1,2,1,1,1,2,5,1,50,2,2,1,0,0,1,39.0,24.0,deux_roues,voiture,1,2,6,8,3
202400028640,2024-06-22 19:30:00,2024,6,22,19,30,67,67267,MARECHAL FOCH (RUE DU),48.56063,7.69311,Plein jour,En agglomération,Giratoire,Temps couvert,Deux véhicules - côté,4,1,1,1,1,3,2,5,1,50,2,2,1,0,0,1,39.0,24.0,deux_roues,voiture,1,2,6,8,3
202400028641,2024-06-24 15:30:00,2024,6,24,15,30,64,64260,CD 912,43.35536161,-1.77826438,Plein jour,En agglomération,Autre intersection,Normale,Deux véhicules - arrière,3,2,2,0,2,3,1,0,1,50,2,3,2,0,0,1,68.0,67.0,voiture,deux_roues,1,2,9,1,2
202400028642,2024-06-27 17:15:00,2024,6,27,17,15,62,62427,D39,50.42441063,2.94434939,Plein jour,En agglomération,Hors intersection,Normale,Autre collision,3,2,2,0,1,1,1,0,1,50,1,1,0,0,0,1,33.0,,voiture,,1,2,1,1,6
202400028643,2024-06-24 21:45:00,2024,6,24,21,45,59,59299,CD 700,50.646,3.1939,Plein jour,En agglomération,Hors intersection,Normale,Autre collision,3,1,2,0,1,1,1,0,1,80,1,1,0,0,0,1,52.0,,deux_roues,,1,2,1,1,6
202400028644,2024-06-23 08:42:00,2024,6,23,8,42,51,51454,COLOMB (AVENUE CHRISTOPHE),49.227839,4.035961,Plein jour,En agglomération,Hors intersection,Normale,Autre collision,4,3,2,0,1,1,1,0,1,50,1,2,1,0,0,1,35.0,,voiture,,1,2,1,1,6
202400028645,2024-06-21 19:20:00,2024,6,21,19,20,50,50129,ABBAYE (RUE DE L'),49.64452,-1.63402,Plein jour,En agglomération,Hors intersection,Normale,Deux véhicules - côté,4,3,4,1,1,1,1,0,1,50,2,2,1,0,1,0,69.0,76.0,deux_roues,voiture,1,2,1,1,3
202400028646,2024-06-22 00:50:00,2024,6,22,0,50,49,49007,AYRAULT,47.47731,-0.55326,Nuit sans éclairage public,En agglomération,Intersection en X,Normale,Deux véhicules - côté,4,3,6,0,1,1,1,0,1,50,2,2,1,0,0,1,21.0,18.0,voiture,deux_roues,3,2,2,1,3
202400028646,2024-06-22 00:50:00,2024,6,22,0,50,49,49007,AYRAULT,47.47731,-0.55326,Nuit sans éclairage public,En agglomération,Intersection en X,Normale,Deux véhicules - côté,4,1,2,0,1,1,1,0,1,50,2,2,1,0,0,1,21.0,18.0,voiture,deux_roues,3,2,2,1,3
202400028647,2024-06-24 10:40:00,2024,6,24,10,40,43,43046,17 Avenue des Champs Élysées,45.05367,3.89907,Plein jour,En agglomération,Autre intersection,Normale,Autre collision,6,-1,0,0,1,4,1,0,8,20,1,2,1,0,1,0,65.0,,voiture,,1,2,9,1,6
202400028648,2024-06-24 22:50:00,2024,6,24,22,50,41,41018,WILSON (AVENUE DU PRESIDENT),47.583,1.339,Nuit avec éclairage allumé,En agglomération,Hors intersection,Normale,Sans collision,4,1,2,0,1,1,1,6,1,30,1,1,0,0,0,1,20.0,,deux_roues,,5,2,1,1,7
202400028649,2024-06-23 08:20:00,2024,6,23,8,20,41,41018,SCHUMAN (ROND POINT ROBERT),47.60799,1.33384,Plein jour,En agglomération,Giratoire,Normale,Autre collision,4,1,2,0,1,2,1,0,1,50,1,1,0,0,1,0,18.0,,voiture,,1,2,6,1,6
202400028650,2024-06-24 18:10:00,2024,6,24,18,10,37,37261,TONNELLE (BOULEVARD),47.38237,0.66836,Plein jour,En agglomération,Intersection en T,Normale,Deux véhicules - côté,4,2,2,0,1,1,1,0,1,50,2,3,2,0,0,1,20.0,60.0,voiture,voiture,1,2,3,1,3
202400028650,2024-06-24 18:10:00,2024,6,24,18,10,37,37261,TONNELLE (BOULEVARD),47.38237,0.66836,Plein jour,En agglomération,Intersection en T,Normale,Deux véhicules - côté,4,2,2,0,1,1,1,0,1,50,2,3,2,0,0,1,20.0,60.0,voiture,voiture,1,2,3,1,3
202400028651,2024-06-24 11:55:00,2024,6,24,11,55,35,35238,VANEAU,48.10857503,-1.69296205,Plein jour,En agglomération,Intersection en X,Normale,Deux véhicules - côté,4,2,4,3,1,1,1,5,1,30,2,2,1,0,0,1,31.0,19.0,transport_commun,deux_roues,1,2,2,1,3
202400028651,2024-06-24 11:55:00,2024,6,24,11,55,35,35238,VANEAU,48.10857503,-1.69296205,Plein jour,En agglomération,Intersection en X,Normale,Deux véhicules - côté,4,2,2,2,2,1,1,5,1,30,2,2,1,0,0,1,31.0,19.0,transport_commun,deux_roues,1,2,2,1,3
202400028652,2024-06-23 00:40:00,2024,6,23,0,40,34,34172,NERUDA (AVENUE PABLO),43.61656,3.82013,Nuit sans éclairage public,En agglomération,Hors intersection,Normale,Sans collision,7,1,0,0,1,2,1,0,1,50,1,1,0,0,1,0,57.0,,deux_roues,,3,2,1,1,7
202400028653,2024-06-24 06:50:00,2024,6,24,6,50,25,25388,BRIAND (AVENUE ARISTIDE),47.51002,6.80113,Plein jour,En agglomération,Hors intersection,Normale,Autre collision,4,1,1,0,1,1,1,0,1,30,1,2,1,0,0,1,68.0,,voiture,,1,2,1,1,6
202400028654,2024-06-24 15:55:00,2024,6,24,15,55,25,25056,DOLE RUE DE (entre 82 et 185),47.22755,5.98221,Plein jour,En agglomération,Hors intersection,Normale,Deux véhicules - arrière,3,2,2,2,1,1,1,0,1,50,2,2,1,0,0,1,71.0,38.0,voiture,utilitaire_camion,1,2,1,1,2
202400028655,2024-06-20 17:05:00,2024,6,20,17,5,22,22113,LE MAUX (RUE PHILIPPE),48.73905,-3.45756,Plein jour,En agglomération,Intersection en X,Normale,Sans collision,4,2,2,0,3,1,1,0,1,50,1,1,0,0,1,0,60.0,,deux_roues,,1,2,2,1,7
202400028655,2024-06-20 17:05:00,2024,6,20,17,5,22,22113,LE MAUX (RUE PHILIPPE),48.73905,-3.45756,Plein jour,En agglomération,Intersection en X,Normale,Sans collision,4,2,2,0,3,1,1,0,1,50,1,1,0,0,1,0,60.0,,deux_roues,,1,2,2,1,7
202400028656,2024-06-24 14:15:00,2024,6,24,14,15,13,13005,BONNES NOUVELLES (CH.DES),43.29167,5.59027,Plein jour,En agglomération,Intersection en T,Normale,Deux véhicules - côté,4,3,3,0,1,1,1,5,1,50,2,2,1,0,0,1,72.0,26.0,voiture,deux_roues,1,2,3,1,3
202400028656,2024-06-24 14:15:00,2024,6,24,14,15,13,13005,BONNES NOUVELLES (CH.DES),43.29167,5.59027,Plein jour,En agglomération,Intersection en T,Normale,Deux véhicules - côté,4,2, -1,-1,1,1,1,5,1,-1,2,2,1,0,0,1,72.0,26.0,voiture,deux_roues,1,2,3,1,3
202400028657,2024-06-24 13:05:00,2024,6,24,13,5,13,13005,PAIX (AVENUE DE LA ),43.28153,5.55028,Plein jour,En agglomération,Intersection en T,Normale,Autre collision,4,2, -1,-1,1,1,1,-1,1,-1,1,2,1,0,1,0,35.0,,transport_commun,,1,2,3,1,6
202400028657,2024-06-24 13:05:00,2024,6,24,13,5,13,13005,PAIX (AVENUE DE LA ),43.28153,5.55028,Plein jour,En agglomération,Intersection en T,Normale,Autre collision,4,1,1,3,1,1,1,-1,6,30,1,2,1,0,1,0,35.0,,transport_commun,,1,2,3,1,6
202400028658,2024-06-24 07:30:00,2024,6,24,7,30,13,13005,MAISON RETRAITE BOURBONNE,43.28341228,5.59570487,Plein jour,En agglomération,Hors intersection,Normale,Deux véhicules - côté,4,1,2,0,1,1,1,0,1,50,2,2,1,0,0,1,44.0,60.0,deux_roues,utilitaire_camion,1,2,1,1,3
202400028659,2024-06-24 13:40:00,2024,6,24,13,40,12,12145,CAVALERIE (COTE DE LA ),44.08824,3.08819,Plein jour,Hors agglomération,Hors intersection,Normale,Deux véhicules - frontale,3,2,2,0,2,3,1,0,1,70,2,2,1,0,1,0,56.0,53.0,utilitaire_camion,deux_roues,1,1,1,1,1
202400028660,2024-06-24 10:21:00,2024,6,24,10,21,11,11262,10 Quai Victor Hugo,43.18103,3.00898,Plein jour,En agglomération,Intersection en T,Normale,Autre collision,4,2,2,0,1,1,1,9,1,50,1,2,1,0,1,0,23.0,,voiture,,1,2,3,1,6
202400028660,2024-06-24 10:21:00,2024,6,24,10,21,11,11262,10 Quai Victor Hugo,43.18103,3.00898,Plein jour,En agglomération,Intersection en T,Normale,Autre collision,4,2,2,0,1,1,1,9,1,50,1,2,1,0,1,0,23.0,,voiture,,1,2,3,1,6
202400028661,2024-06-24 09:05:00,2024,6,24,9,5,11,11262,8 Avenue des Pyrenees,43.18449,2.99891,Plein jour,En agglomération,Autre intersection,Normale,Deux véhicules - côté,4,1,2,0,1,1,1,0,1,50,2,2,1,0,0,1,42.0,61.0,voiture,deux_roues,1,2,9,1,3
202400028662,2024-06-24 14:25:00,2024,6,24,14,25,07,07102,REPUBLIQUE (AV. DE LA) [DU N° AU N°],44.93601,4.87397,Plein jour,En agglomération,Autre intersection,Normale,Deux véhicules - côté,4,-1,4,2,1,1,1,0,5,50,2,2,1,0,1,0,23.0,82.0,deux_roues,voiture,1,2,9,1,3
202400028662,2024-06-24 14:25:00,2024,6,24,14,25,07,07102,REPUBLIQUE (AV. DE LA) [DU N° AU N°],44.93601,4.87397,Plein jour,En agglomération,Autre intersection,Normale,Deux véhicules - côté,4,2,2,2,1,1,1,0,5,50,2,2,1,0,1,0,23.0,82.0,deux_roues,voiture,1,2,9,1,3
202400028663,2024-06-23 15:15:00,2024,6,23,15,15,06,06088,163 Boulevard René Cassin,43.66856,7.211582,Plein jour,En agglomération,Hors intersection,Normale,Autre collision,7,1,2,0,1,1,1,0,1,50,1,2,0,0,0,2,52.0,,deux_roues,,1,2,1,1,6
202400028664,2024-06-23 11:00:00,2024,6,23,11,0,06,06027,Rond point des gendarmes d'ouvéa,43.67038,7.12554,Plein jour,En agglomération,Giratoire,Normale,Deux véhicules - côté,7,2,4,0,1,2,1,0,1,50,2,2,1,0,0,1,27.0,32.0,voiture,deux_roues,1,2,6,1,3
202400028664,2024-06-23 11:00:00,2024,6,23,11,0,06,06027,Rond point des gendarmes d'ouvéa,43.67038,7.12554,Plein jour,En agglomération,Giratoire,Normale,Deux véhicules - côté,7,1,2,0,1,1,1,0,1,50,2,2,1,0,0,1,27.0,32.0,voiture,deux_roues,1,2,6,1,3
202400028665,2024-06-23 23:00:00,2024,6,23,23,0,75,75112,BD PERIPHERIQUE INTERIEUR,48.833191,2.406946,Nuit avec éclairage allumé,En agglomération,Hors intersection,Normale,Deux véhicules - arrière,4,1,4,0,1,1,1,0,1,70,2,3,2,0,0,1,61.0,21.0,voiture,voiture,5,2,1,1,2
202400028666,2024-06-22 23:45:00,2024,6,22,23,45,75,75119,AVENUE DE FLANDRE,48.891362,2.377889,Nuit avec éclairage allumé,En agglomération,Intersection en T,Normale,Autre collision,4,1, -1,3,1,1,1,0,4,30,1,1,0,0,1,0,41.0,,voiture,,5,2,3,1,6
202400028666,2024-06-22 23:45:00,2024,6,22,23,45,75,75119,AVENUE DE FLANDRE,48.891362,2.377889,Nuit avec éclairage allumé,En agglomération,Intersection en T,Normale,Autre collision,4,1, -1,-1,1,1,1,0,4,30,1,1,0,0,1,0,41.0,,voiture,,5,2,3,1,6
202400028667,2024-06-24 10:50:00,2024,6,24,10,50,75,75106,BOULEVARD SAINT GERMAIN,48.85199,2.339717,Plein jour,En agglomération,Intersection en Y,Normale,Deux véhicules - côté,4,1,2,1,1,1,1,0,1,30,2,2,1,0,0,1,43.0,57.0,deux_roues,voiture,1,2,4,1,3
202400028667,2024-06-24 10:50:00,2024,6,24,10,50,75,75106,BOULEVARD SAINT GERMAIN,48.85199,2.339717,Plein jour,En agglomération,Intersection en Y,Normale,Deux véhicules - côté,4,1, -1,-1,1,1,1,0,1,30,2,2,1,0,0,1,43.0,57.0,deux_roues,voiture,1,2,4,1,3
202400028668,2024-06-23 20:20:00,2024,6,23,20,20,75,75118,RUE DES POISSONNIERS,48.891181,2.351648,Plein jour,En agglomération,Intersection en X,Normale,Deux véhicules - côté,4,2,2,0,1,1,1,0,1,30,2,2,1,0,0,1,47.0,27.0,deux_roues,voiture,1,2,2,1,3
202400028668,2024-06-23 20:20:00,2024,6,23,20,20,75,75118,RUE DES POISSONNIERS,48.891181,2.351648,Plein jour,En agglomération,Intersection en X,Normale,Deux véhicules - côté,4,2,2,0,1,1,1,0,1,30,2,2,1,0,0,1,47.0,27.0,deux_roues,voiture,1,2,2,1,3
202400028669,2024-06-23 19:30:00,2024,6,23,19,30,75,75117,RUE JOUFFROY D ABBANS,48.88520685,2.30723959,Plein jour,En agglomération,Intersection en X,Normale,Deux véhicules - côté,4,2,2,0,1,1,1,0,1,30,2,6,5,0,0,1,24.0,38.0,deux_roues,voiture,1,2,2,1,3
202400028669,2024-06-23 19:30:00,2024,6,23,19,30,75,75117,RUE JOUFFROY D ABBANS,48.88520685,2.30723959,Plein jour,En agglomération,Intersection en X,Normale,Deux véhicules - côté,4,2,2,0,1,1,1,0,1,30,2,6,5,0,0,1,24.0,38.0,deux_roues,voiture,1,2,2,1,3
202400028670,2024-06-24 14:45:00,2024,6,24,14,45,75,75116,AVENUE EDOUARD VAILLANT,48.836773,2.253655,Plein jour,En agglomération,Intersection en Y,Normale,Deux véhicules - côté,4,2,4,0,1,1,1,0,1,30,2,2,1,0,0,1,54.0,40.0,deux_roues,utilitaire_camion,1,2,4,1,3
202400028670,2024-06-24 14:45:00,2024,6,24,14,45,75,75116,AVENUE EDOUARD VAILLANT,48.836773,2.253655,Plein jour,En agglomération,Intersection en Y,Normale,Deux véhicules - côté,4,-1,2,1,1,1,1,0,1,30,2,2,1,0,0,1,54.0,40.0,deux_roues,utilitaire_camion,1,2,4,1,3
202400028671,2024-06-24 08:00:00,2024,6,24,8,0,75,75116,PLACE DE LA PORTE D AUTEUIL,48.848097,2.257724,Plein jour,En agglomération,Place,Normale,Deux véhicules - côté,4,1,6,0,1,1,1,0,1,30,2,2,1,0,0,1,36.0,31.0,voiture,deux_roues,1,2,7,1,3
202400028672,2024-06-24 13:30:00,2024,6,24,13,30,75,75115,QUAI ANDRE CITROEN,48.849179,2.2811902,Plein jour,En agglomération,Intersection en X,Normale,Autre collision,4,2, -1,-1,1,1,1,0,1,30,1,3,2,0,0,1,40.0,,utilitaire_camion,,1,2,2,1,6
202400028672,2024-06-24 13:30:00,2024,6,24,13,30,75,75115,QUAI ANDRE CITROEN,48.849179,2.2811902,Plein jour,En agglomération,Intersection en X,Normale,Autre collision,4,1,1,0,1,1,1,0,1,30,1,3,2,0,0,1,40.0,,utilitaire_camion,,1,2,2,1,6
202400028673,2024-06-24 07:30:00,2024,6,24,7,30,75,75115,RUE SAINT CHARLES,48.844427,2.283646,Plein jour,En agglomération,Intersection en T,Normale,Autre collision,4,1, -1,-1,1,1,1,0,1,30,1,2,1,0,0,1,27.0,,deux_roues,,1,2,3,1,6
202400028673,2024-06-24 07:30:00,2024,6,24,7,30,75,75115,RUE SAINT CHARLES,48.844427,2.283646,Plein jour,En agglomération,Intersection en T,Normale,Autre collision,4,1,0,0,1,1,1,0,1,30,1,2,1,0,0,1,27.0,,deux_roues,,1,2,3,1,6
202400028674,2024-06-23 21:00:00,2024,6,23,21,0,75,75114,AVENUE DU GENERAL LECLERC,48.831178,2.329847,Plein jour,En agglomération,Intersection en T,Normale,Deux véhicules - arrière,4,2,5,1,1,1,1,0,6,50,2,2,1,0,0,1,,22.0,voiture,deux_roues,1,2,3,1,2
202400028674,2024-06-23 21:00:00,2024,6,23,21,0,75,75114,AVENUE DU GENERAL LECLERC,48.831178,2.329847,Plein jour,En agglomération,Intersection en T,Normale,Deux véhicules - arrière,4,1,2,1,1,1,1,0,1,30,2,2,1,0,0,1,,22.0,voiture,deux_roues,1,2,3,1,2
202400028675,2024-06-24 18:00:00,2024,6,24,18,0,75,75109,RUE DE MAUBEUGE,48.877258,2.342691,Plein jour,En agglomération,Intersection en X,Normale,Autre collision,4,1, -1,-1,2,1,1,9,1,30,1,2,1,0,0,1,33.0,,deux_roues,,1,2,2,1,6
202400028675,2024-06-24 18:00:00,2024,6,24,18,0,75,75109,RUE DE MAUBEUGE,48.877258,2.342691,Plein jour,En agglomération,Intersection en X,Normale,Autre collision,4,1,2,3,2,1,1,9,1,30,1,2,1,0,0,1,33.0,,deux_roues,,1,2,2,1,6
202400028676,2024-06-24 20:00:00,2024,6,24,20,0,75,75108,AVENUE MARCEAU,48.868645,2.299033,Plein jour,En agglomération,Intersection en X,Normale,Deux véhicules - côté,4,1,4,3,2,1,1,0,1,30,2,2,1,0,0,1,28.0,28.0,voiture,voiture,1,2,2,1,3
202400028676,2024-06-24 20:00:00,2024,6,24,20,0,75,75108,AVENUE MARCEAU,48.868645,2.299033,Plein jour,En agglomération,Intersection en X,Normale,Deux véhicules - côté,4,2,1,0,1,1,1,0,1,30,2,2,1,0,0,1,28.0,28.0,voiture,voiture,1,2,2,1,3
202400028677,2024-06-23 21:50:00,2024,6,23,21,50,94,94068,Boulevard de Créteil / Avenue Gambetta,48.79802,2.49128,Crépuscule ou aube,En agglomération,Intersection en X,Normale,Deux véhicules - côté,3,2,2,0,1,1,1,5,1,30,2,2,0,0,0,2,24.0,19.0,deux_roues,voiture,2,2,2,1,3
202400028677,2024-06-23 21:50:00,2024,6,23,21,50,94,94068,Boulevard de Créteil / Avenue Gambetta,48.79802,2.49128,Crépuscule ou aube,En agglomération,Intersection en X,Normale,Deux véhicules - côté,3,2,2,0,1,1,1,5,1,30,2,2,0,0,0,2,24.0,19.0,deux_roues,voiture,2,2,2,1,3
202400028678,2024-06-23 23:04:00,2024,6,23,23,4,94,94052,Avenue de Joinville / Boulevard de Strasbourg / Grande Rue Charles de Gaulle,48.83549,2.47419,Nuit avec éclairage allumé,En agglomération,Place,Normale,Deux véhicules - côté,3,2,2,0,1,1,1,5,1,50,2,2,0,0,0,2,23.0,23.0,deux_roues,voiture,5,2,7,1,3
202400028678,2024-06-23 23:04:00,2024,6,23,23,4,94,94052,Avenue de Joinville / Boulevard de Strasbourg / Grande Rue Charles de Gaulle,48.83549,2.47419,Nuit avec éclairage allumé,En agglomération,Place,Normale,Deux véhicules - côté,3,3,4,2,1,1,1,5,1,50,2,2,0,0,0,2,23.0,23.0,deux_roues,voiture,5,2,7,1,3
202400028678,2024-06-23 23:04:00,2024,6,23,23,4,94,94052,Avenue de Joinville / Boulevard de Strasbourg / Grande Rue Charles de Gaulle,48.83549,2.47419,Nuit avec éclairage allumé,En agglomération,Place,Normale,Deux véhicules - côté,3,2,3,0,1,1,1,5,1,50,2,2,0,0,0,2,23.0,23.0,deux_roues,voiture,5,2,7,1,3
202400028679,2024-06-22 20:50:00,2024,6,22,20,50,94,94068,Boulevard de Créteil / Rue Bourdignon,48.79890568,2.47378099,Plein jour,En agglomération,Intersection en T,Normale,Deux véhicules - arrière,3,2,2,0,1,1,1,0,1,50,2,3,2,0,0,1,28.0,47.0,voiture,voiture,1,2,3,1,2
202400028679,2024-06-22 20:50:00,2024,6,22,20,50,94,94068,Boulevard de Créteil / Rue Bourdignon,48.79890568,2.47378099,Plein jour,En agglomération,Intersection en T,Normale,Deux véhicules - arrière,3,2,2,0,1,1,1,0,1,-1,2,3,2,0,0,1,28.0,47.0,voiture,voiture,1,2,3,1,2
202400028680,2024-06-24 12:40:00,2024,6,24,12,40,95,95527,5 CONTINENTS (RUE DES),48.99396459,2.51936384,Plein jour,En agglomération,Hors intersection,Temps éblouissant,Autre collision,4,1,1,0,2,1,1,0,1,30,1,2,1,0,0,1,30.0,,voiture,,1,2,1,7,6
202400028681,2024-06-24 17:30:00,2024,6,24,17,30,93,93072,Boulevard Maxime Gorki / Avenue François Bégué,48.95209,2.38479,Plein jour,En agglomération,Intersection en T,Normale,Deux véhicules - frontale,3,2,2,0,1,1,1,0,1,50,2,2,1,0,0,1,60.0,31.0,voiture,deux_roues,1,2,3,1,1
202400028681,2024-06-24 17:30:00,2024,6,24,17,30,93,93072,Boulevard Maxime Gorki / Avenue François Bégué,48.95209,2.38479,Plein jour,En agglomération,Intersection en T,Normale,Deux véhicules - frontale,3,2,2,0,1,1,1,0,1,-1,2,2,1,0,0,1,60.0,31.0,voiture,deux_roues,1,2,3,1,1
202400028682,2024-06-23 22:35:00,2024,6,23,22,35,93,93059,Rue Parmentier / Rue Jean Grignoux,48.96843,2.37416,Nuit avec éclairage allumé,En agglomération,Intersection en X,Normale,Deux véhicules - frontale,4,1,1,2,1,1,1,0,1,50,2,2,1,0,0,1,37.0,24.0,voiture,deux_roues,5,2,2,1,1
202400028682,2024-06-23 22:35:00,2024,6,23,22,35,93,93059,Rue Parmentier / Rue Jean Grignoux,48.96843,2.37416,Nuit avec éclairage allumé,En agglomération,Intersection en X,Normale,Deux véhicules - frontale,4,2,2,0,1,1,1,0,1,50,2,2,1,0,0,1,37.0,24.0,voiture,deux_roues,5,2,2,1,1
202400028683,2024-06-24 09:00:00,2024,6,24,9,0,93,93066,Rue Francis de Pressensé,48.9184,2.35858,Plein jour,En agglomération,Hors intersection,Normale,Deux véhicules - côté,3,2,2,2,1,1,1,0,1,50,2,3,2,0,0,1,38.0,42.0,utilitaire_camion,deux_roues,1,2,1,1,3