accident_id,datetime,annee,mois,jour,heure,minute,departement,commune_insee,adresse,latitude,longitude,luminosite,agglomeration,intersection,meteo,collision,catr,circ,nbv,vosp,prof,plan,surf,infra,situ,vma,nb_vehicules,nb_usagers,nb_indemnes,nb_tues,nb_blesses_hosp,nb_blesses_legers,age_cond_1,age_cond_2,veh_type_cond_1,veh_type_cond_2,lum_code,agg_code,int_code,atm_code,col_code
202400028684,2024-06-23 07:30:00,2024,6,23,7,30,93,93053,Avenue Galliéni / Avenue de Strasbourg,48.89694,2.46169,Plein jour,En agglomération,Intersection en T,Normale,Autre collision,3,2,2,3,2,1,1,0,4,50,1,2,1,0,0,1,,,utilitaire_camion,,1,2,3,1,6
202400028684,2024-06-23 07:30:00,2024,6,23,7,30,93,93053,Avenue Galliéni / Avenue de Strasbourg,48.89694,2.46169,Plein jour,En agglomération,Intersection en T,Normale,Autre collision,3,1,1,0,2,1,1,0,4,-1,1,2,1,0,0,1,,,utilitaire_camion,,1,2,3,1,6
202400028685,2024-11-12 13:25:00,2024,11,12,13,25,42,42183,Rue Robespierre,45.40024,4.36764,Plein jour,En agglomération,Hors intersection,Pluie légère,Deux véhicules - côté,4,2,2,0,4,1,2,0,1,30,2,7,3,0,0,4,29.0,26.0,voiture,voiture,1,2,1,2,3
202400028686,2024-11-12 11:00:00,2024,11,12,11,0,42,42183,Rue Gambetta,45.40394884,4.36678246,Plein jour,En agglomération,Hors intersection,Pluie légère,Autre collision,4,2,2,0,1,1,2,0,1,5,1,2,1,0,1,0,36.0,,voiture,,1,2,1,2,6
202400028687,2024-06-23 14:25:00,2024,6,23,14,25,93,93053,Boulevard Gabriel Péri,48.879706,2.459725,Plein jour,En agglomération,Hors intersection,Normale,Deux véhicules - arrière,3,2,2,0,1,1,1,8,1,50,2,5,4,0,0,1,31.0,31.0,deux_roues,utilitaire_camion,1,2,1,1,2
202400028688,2024-11-12 06:20:00,2024,11,12,6,20,37,37261,DANEMARK (AVENUE DU),47.43194,0.69714,Nuit avec éclairage allumé,En agglomération,Giratoire,Normale,Sans collision,4,2,4,0,1,1,1,0,1,50,1,1,0,0,0,1,21.0,,voiture,,5,2,6,1,7
202400028688,2024-11-12 06:20:00,2024,11,12,6,20,37,37261,DANEMARK (AVENUE DU),47.43194,0.69714,Nuit avec éclairage allumé,En agglomération,Giratoire,Normale,Sans collision,4,2,4,0,1,1,1,0,1,50,1,1,0,0,0,1,21.0,,voiture,,5,2,6,1,7
202400028689,2024-06-24 10:20:00,2024,6,24,10,20,93,93071,Allée Condorcet,48.92482502,2.52340883,Plein jour,En agglomération,Hors intersection,Normale,Autre collision,4,1,1,0,1,1,1,0,4,50,1,1,0,0,0,1,60.0,,voiture,,1,2,1,1,6
202400028690,2024-11-12 05:55:00,2024,11,12,5,55,35,35238,RN136,48.118825,-1.719281,Nuit sans éclairage public,Hors agglomération,Hors intersection,Normale,Autre collision,2,1,2,0,1,3,1,3,3,70,1,1,0,0,0,1,44.0,,voiture,,3,1,1,1,6
202400028691,2024-06-24 17:40:00,2024,6,24,17,40,93,93031,Avenue Joffre / Route d'Argenteuil,48.961668,2.295023,Plein jour,En agglomération,Intersection en X,Normale,Deux véhicules - côté,3,3,4,0,1,1,1,0,1,50,2,3,1,0,0,2,55.0,28.0,deux_roues,voiture,1,2,2,1,3
202400028691,2024-06-24 17:40:00,2024,6,24,17,40,93,93031,Avenue Joffre / Route d'Argenteuil,48.961668,2.295023,Plein jour,En agglomération,Intersection en X,Normale,Deux véhicules - côté,3,2,2,0,1,1,1,0,1,-1,2,3,1,0,0,2,55.0,28.0,deux_roues,voiture,1,2,2,1,3
202400028692,2024-11-12 16:50:00,2024,11,12,16,50,35,35238,SAINT-MALO (RUE DE),48.12538,-1.68545,Plein jour,En agglomération,Hors intersection,Normale,Deux véhicules - côté,4,2,2,2,1,1,1,0,1,30,2,2,1,0,0,1,46.0,31.0,deux_roues,utilitaire_camion,1,2,1,1,3
202400028693,2024-06-23 16:19:00,2024,6,23,16,19,92,92050,HEBERT CELESTIN RUE,48.89605726,2.22343603,Plein jour,En agglomération,Intersection en T,Normale,Deux véhicules - côté,3,2,3,2,1,1,1,0,1,50,2,2,1,0,0,1,48.0,42.0,deux_roues,voiture,1,2,3,1,3
202400028693,2024-06-23 16:19:00,2024,6,23,16,19,92,92050,HEBERT CELESTIN RUE,48.89605726,2.22343603,Plein jour,En agglomération,Intersection en T,Normale,Deux véhicules - côté,3,2,3,2,1,1,1,0,1,50,2,2,1,0,0,1,48.0,42.0,deux_roues,voiture,1,2,3,1,3
202400028694,2024-11-12 11:00:00,2024,11,12,11,0,35,35055,173 RD,48.08255643,-1.64013326,Plein jour,Hors agglomération,Giratoire,Normale,Deux véhicules - côté,7,3,4,0,1,2,1,0,1,90,2,2,1,0,0,1,62.0,35.0,voiture,utilitaire_camion,1,1,6,1,3
202400028695,2024-06-23 18:40:00,2024,6,23,18,40,92,92007,DORMOY AVENUE MARX N°102 A FIN,48.8101567,2.31413323,Plein jour,En agglomération,Hors intersection,Temps éblouissant,Sans collision,3,2,2,0,1,1,1,0,1,50,1,1,0,0,0,1,27.0,,deux_roues,,1,2,1,7,7
202400028696,2024-11-12 07:50:00,2024,11,12,7,50,35,35278,RN136,48.14197,-1.66369,Crépuscule ou aube,Hors agglomération,Hors intersection,Normale,Deux véhicules - arrière,2,3,4,0,1,1,1,0,1,90,2,4,2,0,0,2,26.0,27.0,voiture,voiture,2,1,1,1,2
202400028697,2024-06-18 17:00:00,2024,6,18,17,0,92,92036,LUCIEN LANTERNIER (AVENUE) (1/17),48.93204816,2.29001825,Plein jour,En agglomération,Autre intersection,Normale,Deux véhicules - côté,3,-1,4,0,1,1,1,0,1,50,2,2,1,0,0,1,33.0,71.0,deux_roues,voiture,1,2,9,1,3
202400028698,2024-06-24 16:30:00,2024,6,24,16,30,92,92035,République ( boulevard de la ),48.90642,2.24807,Plein jour,En agglomération,Hors intersection,Normale,Sans collision,3,2,2,0,1,1,1,9,1,50,1,1,0,0,1,0,78.0,,deux_roues,,1,2,1,1,7
202400028699,2024-11-12 07:50:00,2024,11,12,7,50,35,35238,DE COUBERTIN (ALLEE PIERRE),48.0866,-1.6882,Plein jour,En agglomération,Hors intersection,Normale,Deux véhicules - côté,4,2,2,0,1,1,1,0,1,30,2,2,1,0,0,1,25.0,36.0,deux_roues,deux_roues,1,2,1,1,3
202400028700,2024-11-12 18:30:00,2024,11,12,18,30,34,34172,JUSTICE DE CASTELNAU (AVENUE DE LA),43.628171,3.893173,Nuit avec éclairage allumé,En agglomération,Hors intersection,Pluie légère,Deux véhicules - côté,4,2,2,0,1,1,2,0,1,50,2,2,1,0,0,1,29.0,41.0,voiture,deux_roues,5,2,1,2,3
202400028701,2024-06-24 17:40:00,2024,6,24,17,40,92,92023,GENERAL DE GAULLE (AVENUE DU),48.78343819,2.24668479,Plein jour,En agglomération,Intersection en X,Normale,Deux véhicules - côté,3,2,5,3,1,1,1,0,1,50,2,3,1,0,0,2,25.0,32.0,voiture,voiture,1,2,2,1,3
202400028701,2024-06-24 17:40:00,2024,6,24,17,40,92,92023,GENERAL DE GAULLE (AVENUE DU),48.78343819,2.24668479,Plein jour,En agglomération,Intersection en X,Normale,Deux véhicules - côté,3,2,3,0,1,1,1,0,1,30,2,3,1,0,0,2,25.0,32.0,voiture,voiture,1,2,2,1,3
202400028702,2024-11-12 13:38:00,2024,11,12,13,38,34,34172,MARCHE GARE (AVENUE DU),43.58534,3.88223,Plein jour,En agglomération,Intersection en X,Normale,Deux véhicules - côté,4,2,2,0,1,1,1,0,1,50,2,2,1,0,1,0,36.0,43.0,voiture,deux_roues,1,2,2,1,3
202400028702,2024-11-12 13:38:00,2024,11,12,13,38,34,34172,MARCHE GARE (AVENUE DU),43.58534,3.88223,Plein jour,En agglomération,Intersection en X,Normale,Deux véhicules - côté,4,2,2,0,1,1,1,0,1,50,2,2,1,0,1,0,36.0,43.0,voiture,deux_roues,1,2,2,1,3
202400028703,2024-11-12 19:40:00,2024,11,12,19,40,33,33318,,44.7912,-0.65253,Nuit avec éclairage allumé,En agglomération,Hors intersection,Normale,Autre collision,4,2,2,2,1,1,1,0,1,50,1,2,1,0,0,1,30.0,,voiture,,5,2,1,1,6
202400028704,2024-06-24 09:15:00,2024,6,24,9,15,92,92012,CHATEAU (RUE DU) 1/125 - 2/136,48.84375253,2.24771002,Plein jour,En agglomération,Hors intersection,Normale,Autre collision,3,2,2,0,1,1,1,0,1,30,1,2,1,0,0,1,28.0,,voiture,,1,2,1,1,6
202400028705,2024-11-12 02:20:00,2024,11,12,2,20,33,33063,,44.83302,-0.56147,Nuit avec éclairage allumé,En agglomération,Intersection en X,Normale,Autre collision,4,3,6,0,1,1,1,8,3,50,1,1,0,0,1,0,27.0,,deux_roues,,5,2,2,1,6
202400028705,2024-11-12 02:20:00,2024,11,12,2,20,33,33063,,44.83302,-0.56147,Nuit avec éclairage allumé,En agglomération,Intersection en X,Normale,Autre collision,4,1,2,0,1,1,1,0,8,50,1,1,0,0,1,0,27.0,,deux_roues,,5,2,2,1,6
202400028706,2024-06-24 17:20:00,2024,6,24,17,20,37,37271,81 Rue de la Galandiére,47.23206056,0.49765375,Plein jour,En agglomération,Hors intersection,Normale,Sans collision,3,2,2,0,4,1,1,0,1,50,1,1,0,0,1,0,67.0,,deux_roues,,1,2,1,1,7
202400028707,2024-11-12 08:58:00,2024,11,12,8,58,32,32013,SAINTES (CHEMIN DE),43.63579,0.55945,Plein jour,En agglomération,Autre intersection,Normale,Autre collision,4,2,2,0,1,1,1,0,3,50,1,1,0,0,0,1,51.0,,voiture,,1,2,9,1,6
202400028708,2024-06-21 09:20:00,2024,6,21,9,20,63,63026,"D213, PK 11.900",45.662437,3.042269,Plein jour,Hors agglomération,Hors intersection,Temps couvert,Deux véhicules - côté,3,2,2,0,2,3,2,0,1,90,2,3,1,0,2,0,83.0,72.0,voiture,voiture,1,1,1,8,3
202400028709,2024-11-12 18:31:00,2024,11,12,18,31,29,29232,Rue du Manoir,48.003212,-4.108794,Nuit avec éclairage allumé,En agglomération,Place,Pluie légère,Trois véhicules et plus - en chaîne,4,2,2,0,1,1,2,0,1,50,3,4,3,0,0,1,15.0,54.0,voiture,voiture,5,2,7,2,4
202400028710,2024-06-22 23:17:00,2024,6,22,23,17,08,08115,13 Grand Rue,49.641873,4.873011,Nuit sans éclairage public,En agglomération,Hors intersection,Normale,Sans collision,3,2,2,0,2,1,1,0,3,50,1,1,0,0,1,0,36.0,,voiture,,3,2,1,1,7
202400028711,2024-11-12 08:45:00,2024,11,12,8,45,29,29232,Rue Emile Zola,47.986287,-4.098706,Plein jour,En agglomération,Intersection en T,Normale,Autre collision,4,1,1,0,1,1,1,5,8,30,1,2,1,0,0,1,65.0,,voiture,,1,2,3,1,6
202400028711,2024-11-12 08:45:00,2024,11,12,8,45,29,29232,Rue Emile Zola,47.986287,-4.098706,Plein jour,En agglomération,Intersection en T,Normale,Autre collision,4,2,2,0,1,1,1,9,1,30,1,2,1,0,0,1,65.0,,voiture,,1,2,3,1,6
202400028712,2024-06-18 17:30:00,2024,6,18,17,30,01,01362,ROUTE DU MORBIER,45.955298,4.871073,Plein jour,Hors agglomération,Intersection en T,Normale,Deux véhicules - côté,3,2,2,0,1,1,1,0,1,80,2,3,1,0,1,1,39.0,17.0,utilitaire_camion,deux_roues,1,1,3,1,3
202400028712,2024-06-18 17:30:00,2024,6,18,17,30,01,01362,ROUTE DU MORBIER,45.955298,4.871073,Plein jour,Hors agglomération,Intersection en T,Normale,Deux véhicules - côté,3,2,2,0,2,1,1,0,1,-1,2,3,1,0,1,1,39.0,17.0,utilitaire_camion,deux_roues,1,1,3,1,3
202400028713,2024-11-12 07:15:00,2024,11,12,7,15,29,29039,D70,47.92210462,-3.89978478,Nuit sans éclairage public,En agglomération,Hors intersection,Normale,Autre collision,3,2,2,0,1,1,1,0,1,70,1,1,0,0,0,1,23.0,,deux_roues,,3,2,1,1,6
202400028714,2024-06-24 17:25:00,2024,6,24,17,25,95,95205,D316,49.02615379,2.38730004,Plein jour,Hors agglomération,Hors intersection,Normale,Deux véhicules - côté,3,2,2,0,1,1,1,0,1,80,2,2,1,0,1,0,25.0,42.0,deux_roues,voiture,1,1,1,1,3
202400028715,2024-11-12 09:17:00,2024,11,12,9,17,26,26058,ROUTE DE PONT D ISERE-RN7,44.97271209,4.88442398,Plein jour,Hors agglomération,Hors intersection,Pluie légère,Deux véhicules - arrière,2,2,2,0,1,1,2,0,1,50,2,2,1,0,0,1,72.0,40.0,voiture,utilitaire_camion,1,1,1,2,2
202400028716,2024-06-25 07:35:00,2024,6,25,7,35,22,22011,Lieu Dit Kerlouzaouen,48.477601,-2.961373,Plein jour,Hors agglomération,Intersection en Y,Normale,Deux véhicules - côté,4,2,2,0,4,3,1,0,1,80,2,2,1,0,1,0,55.0,20.0,transport_commun,deux_roues,1,1,4,1,3
202400028716,2024-06-25 07:35:00,2024,6,25,7,35,22,22011,Lieu Dit Kerlouzaouen,48.477601,-2.961373,Plein jour,Hors agglomération,Intersection en Y,Normale,Deux véhicules - côté,4,2,2,0,1,1,1,0,1,-1,2,2,1,0,1,0,55.0,20.0,transport_commun,deux_roues,1,1,4,1,3
202400028717,2024-11-12 18:20:00,2024,11,12,18,20,26,26281,Avenue Charles Jourdan,45.04231,5.05653,Nuit avec éclairage allumé,En agglomération,Giratoire,Pluie légère,Autre collision,4,2,2,0,1,1,2,0,1,50,1,2,1,0,0,1,19.0,,voiture,,5,2,6,2,6
202400028718,2024-11-12 19:10:00,2024,11,12,19,10,22,22106,BREST (RUE DE),48.49517,-2.71715,Nuit avec éclairage allumé,En agglomération,Hors intersection,Pluie légère,Autre collision,4,2,2,0,2,1,2,0,1,30,1,2,1,0,0,1,,,voiture,,5,2,1,2,6
202400028719,2024-06-24 19:20:00,2024,6,24,19,20,42,42145,104 Impasse Hector Berlioz,46.034658,4.238488,Plein jour,En agglomération,Autre intersection,Normale,Deux véhicules - côté,4,2,2,3,2,1,1,0,1,30,2,2,1,0,1,0,18.0,19.0,deux_roues,deux_roues,1,2,9,1,3
202400028720,2024-06-22 22:10:00,2024,6,22,22,10,88,88478,A31 Pk 200+500,48.436276,5.862054,Crépuscule ou aube,Hors agglomération,Hors intersection,Normale,Deux véhicules - arrière,1,2,2,0,1,1,1,0,1,130,2,2,1,0,0,1,48.0,32.0,voiture,voiture,2,1,1,1,2
202400028721,2024-06-25 10:19:00,2024,6,25,10,19,974,97404,Route des Sables,-21.27990036,55.37297148,Plein jour,En agglomération,Hors intersection,Normale,Deux véhicules - frontale,4,2,2,0,1,1,1,0,1,50,2,2,1,0,1,0,28.0,64.0,deux_roues,utilitaire_camion,1,2,1,1,1
202400028722,2024-11-12 14:00:00,2024,11,12,14,0,22,22360,RD700,48.48855,-2.76377,Plein jour,Hors agglomération,Hors intersection,Normale,Deux véhicules - arrière,3,2,2,0,1,1,1,0,1,70,2,5,0,0,0,5,89.0,53.0,voiture,voiture,1,1,1,1,2
202400028723,2024-06-23 10:00:00,2024,6,23,10,0,54,54138,D172,49.51986,5.699286,Plein jour,Hors agglomération,Hors intersection,Normale,Sans collision,3,2,2,0,2,4,1,0,1,80,1,1,0,0,1,0,53.0,,deux_roues,,1,1,1,1,7
202400028724,2024-06-25 20:30:00,2024,6,25,20,30,974,97414,Route de Cilaos (Pont),-21.284596,55.423987,Nuit sans éclairage public,Hors agglomération,Hors intersection,Normale,Deux véhicules - arrière,2,2,2,0,2,1,1,0,1,70,2,2,1,0,1,0,19.0,22.0,voiture,deux_roues,3,1,1,1,2
202400028725,2024-11-07 16:42:00,2024,11,7,16,42,14,14118,141 Boulevard Leroy,49.17463,-0.33841,Crépuscule ou aube,En agglomération,Intersection en X,Temps couvert,Deux véhicules - côté,4,1,1,1,1,1,1,-1,1,50,2,1,0,0,1,0,43.0,,deux_roues,,2,2,2,8,3
202400028725,2024-11-07 16:42:00,2024,11,7,16,42,14,14118,141 Boulevard Leroy,49.17463,-0.33841,Crépuscule ou aube,En agglomération,Intersection en X,Temps couvert,Deux véhicules - côté,4,2,4,0,1,1,1,5,1,50,2,1,0,0,1,0,43.0,,deux_roues,,2,2,2,8,3
202400028726,2024-11-12 08:00:00,2024,11,12,8,0,13,13039,ROUTE NATIONALE 569,43.46475,4.92845,Plein jour,Hors agglomération,Hors intersection,Temps couvert,Deux véhicules - côté,2,2,2,0,1,1,1,0,8,70,2,2,1,0,0,1,53.0,46.0,deux_roues,voiture,1,1,1,8,3
202400028727,2024-06-22 09:15:00,2024,6,22,9,15,71,71420,Route de Cuisery,46.68832632,4.97506173,Plein jour,Hors agglomération,Intersection en X,Pluie forte,Deux véhicules - côté,3,2,2,0,1,1,2,0,1,70,2,4,1,0,1,2,64.0,24.0,voiture,voiture,1,1,2,3,3
202400028727,2024-06-22 09:15:00,2024,6,22,9,15,71,71420,Route de Cuisery,46.68832632,4.97506173,Plein jour,Hors agglomération,Intersection en X,Pluie forte,Deux véhicules - côté,3,2,2,-1,1,1,2,0,1,80,2,4,1,0,1,2,64.0,24.0,voiture,voiture,1,1,2,3,3
202400028727,2024-06-22 09:15:00,2024,6,22,9,15,71,71420,Route de Cuisery,46.68832632,4.97506173,Plein jour,Hors agglomération,Intersection en X,Pluie forte,Deux véhicules - côté,3,2,2,-1,2,2,2,0,1,80,2,4,1,0,1,2,64.0,24.0,voiture,voiture,1,1,2,3,3
202400028728,2024-06-21 21:30:00,2024,6,21,21,30,56,56061,Roussimel,47.745853,-2.132305,Plein jour,Hors agglomération,Hors intersection,Normale,Sans collision,4,2,2,0,2,2,1,0,3,80,1,1,0,0,1,0,42.0,,deux_roues,,1,1,1,1,7
202400028729,2024-11-12 19:35:00,2024,11,12,19,35,13,13213,POILUS (AVENUE DES),43.32086,5.4582,Nuit avec éclairage allumé,En agglomération,Hors intersection,Normale,Deux véhicules - arrière,4,2,2,0,1,1,1,0,1,50,3,3,1,0,0,2,32.0,51.0,voiture,voiture,5,2,1,1,2
202400028730,2024-06-24 17:00:00,2024,6,24,17,0,56,56029,Fontaine Maria,47.870132,-3.315216,Plein jour,Hors agglomération,Intersection en X,Normale,Deux véhicules - côté,3,2,2,0,1,1,1,0,1,80,2,2,1,1,0,0,23.0,51.0,utilitaire_camion,utilitaire_camion,1,1,2,1,3
202400028730,2024-06-24 17:00:00,2024,6,24,17,0,56,56029,Fontaine Maria,47.870132,-3.315216,Plein jour,Hors agglomération,Intersection en X,Normale,Deux véhicules - côté,3,2,2,-1,1,1,1,0,1,-1,2,2,1,1,0,0,23.0,51.0,utilitaire_camion,utilitaire_camion,1,1,2,1,3
202400028731,2024-11-12 16:00:00,2024,11,12,16,0,13,13208,PRADO (AVENUE DU),43.27582228,5.38944298,Plein jour,En agglomération,Autre intersection,Pluie légère,Deux véhicules - côté,4,2,6,0,1,1,2,0,1,50,2,2,1,0,0,1,32.0,58.0,deux_roues,voiture,1,2,9,2,3
202400028732,2024-11-12 20:10:00,2024,11,12,20,10,13,13005,RN 8,43.28789,5.55662,Nuit avec éclairage allumé,En agglomération,Hors intersection,Pluie légère,Deux véhicules - frontale,4,2,2,0,1,2,2,0,1,30,2,2,1,0,0,1,19.0,21.0,deux_roues,voiture,5,2,1,2,1
202400028733,2024-06-25 09:00:00,2024,6,25,9,0,56,56259,Route des Vénètes,47.607769,-2.605648,Plein jour,Hors agglomération,Hors intersection,Normale,Deux véhicules - frontale,3,2,2,0,1,1,1,0,1,80,2,3,0,1,2,0,46.0,71.0,voiture,voiture,1,1,1,1,1
202400028734,2024-11-12 14:40:00,2024,11,12,14,40,13,13070,VOLTAIRE (BOULEVARD),43.28122,5.52072,Plein jour,En agglomération,Intersection en T,Pluie légère,Sans collision,4,2,2,0,2,1,2,0,1,50,2,2,1,0,0,1,58.0,42.0,deux_roues,voiture,1,2,3,2,7
202400028734,2024-11-12 14:40:00,2024,11,12,14,40,13,13070,VOLTAIRE (BOULEVARD),43.28122,5.52072,Plein jour,En agglomération,Intersection en T,Pluie légère,Sans collision,4,2,2,0,1,1,2,0,1,50,2,2,1,0,0,1,58.0,42.0,deux_roues,voiture,1,2,3,2,7
202400028735,2024-06-24 16:10:00,2024,6,24,16,10,76,76312,Rue du Croquet du Bosc,49.47839,1.716528,Plein jour,En agglomération,Intersection en X,Normale,Deux véhicules - côté,4,2, -1,-1,3,1,1,0,1,-1,2,3,0,0,1,2,15.0,15.0,deux_roues,deux_roues,1,2,2,1,3
202400028735,2024-06-24 16:10:00,2024,6,24,16,10,76,76312,Rue du Croquet du Bosc,49.47839,1.716528,Plein jour,En agglomération,Intersection en X,Normale,Deux véhicules - côté,4,2,2,0,3,1,1,0,1,50,2,3,0,0,1,2,15.0,15.0,deux_roues,deux_roues,1,2,2,1,3
202400028736,2024-11-11 18:12:00,2024,11,11,18,12,11,11262,,43.190373,3.0062,Nuit avec éclairage allumé,En agglomération,Autre intersection,Normale,Deux véhicules - côté,4,2,2,0,1,1,1,0,1,50,2,2,1,0,0,1,22.0,57.0,deux_roues,voiture,5,2,9,1,3
202400028737,2024-06-25 08:15:00,2024,6,25,8,15,80,80620,D1017,49.900101,2.923393,Plein jour,Hors agglomération,Intersection en Y,Normale,Trois véhicules et plus - en chaîne,3,2,2,0,2,3,1,0,1,80,3,4,1,0,1,2,67.0,75.0,voiture,voiture,1,1,4,1,4
202400028737,2024-06-25 08:15:00,2024,6,25,8,15,80,80620,D1017,49.900101,2.923393,Plein jour,Hors agglomération,Intersection en Y,Normale,Trois véhicules et plus - en chaîne,3,1, -1,-1,1,2,1,0,1,-1,3,4,1,0,1,2,67.0,75.0,voiture,voiture,1,1,4,1,4
202400028738,2024-11-11 17:40:00,2024,11,11,17,40,06,06083,18 Avenue Carnot,43.771821,7.496338,Nuit avec éclairage allumé,En agglomération,Hors intersection,Normale,Autre collision,3,2,2,0,1,1,1,0,1,50,1,2,0,0,1,1,66.0,,deux_roues,,5,2,1,1,6
202400028739,2024-06-24 16:30:00,2024,6,24,16,30,11,11165,,42.876011,2.157698,Plein jour,Hors agglomération,Hors intersection,Normale,Autre collision,3,2,2,0,2,3,1,0,3,80,1,1,0,0,0,1,62.0,,deux_roues,,1,1,1,1,6
202400028740,2024-11-12 20:30:00,2024,11,12,20,30,06,06004,2081 Route de Nice,43.617939,7.128695,Nuit avec éclairage non allumé,Hors agglomération,Intersection en T,Normale,Deux véhicules - côté,3,2,2,0,1,1,1,0,8,50,2,3,2,0,0,1,27.0,47.0,voiture,voiture,4,1,3,1,3
202400028740,2024-11-12 20:30:00,2024,11,12,20,30,06,06004,2081 Route de Nice,43.617939,7.128695,Nuit avec éclairage non allumé,Hors agglomération,Intersection en T,Normale,Deux véhicules - côté,3,2,2,1,1,1,1,0,1,70,2,3,2,0,0,1,27.0,47.0,voiture,voiture,4,1,3,1,3
202400028741,2024-06-25 13:05:00,2024,6,25,13,5,71,71013,Route de Fretterans,46.906939,5.296558,Plein jour,Hors agglomération,Intersection en X,Normale,Deux véhicules - côté,3,2,2,0,1,1,1,0,1,80,2,3,0,0,3,0,38.0,55.0,voiture,deux_roues,1,1,2,1,3
202400028741,2024-06-25 13:05:00,2024,6,25,13,5,71,71013,Route de Fretterans,46.906939,5.296558,Plein jour,Hors agglomération,Intersection en X,Normale,Deux véhicules - côté,3,2,2,0,1,1,1,0,1,80,2,3,0,0,3,0,38.0,55.0,voiture,deux_roues,1,1,2,1,3
202400028742,2024-06-25 11:20:00,2024,6,25,11,20,61,61079,RD136,48.215722,0.736749,Plein jour,Hors agglomération,Hors intersection,Normale,Autre collision,3,2,2,0,2,1,1,0,8,90,1,1,0,0,1,0,55.0,,voiture,,1,1,1,1,6
202400028743,2024-11-11 18:10:00,2024,11,11,18,10,75,75118,BD PERIPHERIQUE EXTERIEUR,48.901134,2.348011,Nuit avec éclairage allumé,En agglomération,Hors intersection,Normale,Trois véhicules et plus - en chaîne,4,1,4,0,1,1,1,0,1,50,4,5,4,0,0,1,42.0,50.0,voiture,voiture,5,2,1,1,4
202400028744,2024-06-25 07:55:00,2024,6,25,7,55,61,61314,D958,48.767988,-0.054062,Plein jour,Hors agglomération,Hors intersection,Normale,Deux véhicules - frontale,3,2,2,0,2,1,1,0,1,90,2,2,0,2,0,0,49.0,58.0,voiture,voiture,1,1,1,1,1
202400028745,2024-11-11 20:05:00,2024,11,11,20,5,75,75113,RUE THOMAS MANN,48.830657,2.381744,Nuit avec éclairage allumé,En agglomération,Intersection en T,Normale,Sans collision,4,2,4,2,1,1,1,-1,5,30,1,2,1,0,1,0,20.0,,deux_roues,,5,2,3,1,7
202400028745,2024-11-11 20:05:00,2024,11,11,20,5,75,75113,RUE THOMAS MANN,48.830657,2.381744,Nuit avec éclairage allumé,En agglomération,Intersection en T,Normale,Sans collision,4,2,2,0,2,1,1,-1,5,30,1,2,1,0,1,0,20.0,,deux_roues,,5,2,3,1,7
202400028746,2024-06-24 09:58:00,2024,6,24,9,58,42,42323,Avenue Irénée Laurent,45.567827,4.295005,Plein jour,En agglomération,Hors intersection,Normale,Autre collision,3,2,2,0,1,1,1,6,1,50,1,2,1,0,1,0,75.0,,voiture,,1,2,1,1,6
202400028747,2024-11-10 23:50:00,2024,11,10,23,50,75,75117,BOD PERIPHERIQUE EXTERIEUR,48.895158,2.30641,Nuit avec éclairage allumé,En agglomération,Hors intersection,Normale,Sans collision,4,1,4,0,1,1,1,0,1,50,1,1,0,0,1,0,24.0,,deux_roues,,5,2,1,1,7
202400028748,2024-06-25 12:50:00,2024,6,25,12,50,68,68062,D16,47.6286335,7.22027014,Plein jour,Hors agglomération,Intersection en T,Normale,Deux véhicules - côté,3,2,2,0,1,1,1,0,8,80,2,2,1,0,0,1,32.0,75.0,deux_roues,voiture,1,1,3,1,3
202400028748,2024-06-25 12:50:00,2024,6,25,12,50,68,68062,D16,47.6286335,7.22027014,Plein jour,Hors agglomération,Intersection en T,Normale,Deux véhicules - côté,3,2,2,0,1,1,1,0,1,80,2,2,1,0,0,1,32.0,75.0,deux_roues,voiture,1,1,3,1,3
202400028749,2024-11-12 22:10:00,2024,11,12,22,10,75,75119,AVENUE DE LA PORTE DE LA VILLETTE,48.89978233,2.38798946,Nuit avec éclairage allumé,En agglomération,Place,Normale,Deux véhicules - côté,4,1,3,1,1,1,1,0,1,30,2,2,1,0,0,1,30.0,52.0,deux_roues,voiture,5,2,7,1,3
202400028749,2024-11-12 22:10:00,2024,11,12,22,10,75,75119,AVENUE DE LA PORTE DE LA VILLETTE,48.89978233,2.38798946,Nuit avec éclairage allumé,En agglomération,Place,Normale,Deux véhicules - côté,4,2,2,0,1,1,1,0,1,30,2,2,1,0,0,1,30.0,52.0,deux_roues,voiture,5,2,7,1,3
202400028750,2024-06-25 12:30:00,2024,6,25,12,30,22,22296,Le Gué Coq,48.366072,-2.524967,Plein jour,Hors agglomération,Hors intersection,Temps éblouissant,Deux véhicules - côté,3,2,2,0,3,1,1,0,1,70,2,2,1,1,0,0,39.0,31.0,deux_roues,voiture,1,1,1,7,3
202400028751,2024-11-12 16:25:00,2024,11,12,16,25,75,75119,AVENUE SIMON BOLIVAR,48.875209,2.38234,Crépuscule ou aube,En agglomération,Hors intersection,Normale,Deux véhicules - arrière,4,2,2,0,2,1,1,0,1,30,2,3,2,0,0,1,44.0,21.0,voiture,deux_roues,2,2,1,1,2
202400028752,2024-06-25 06:30:00,2024,6,25,6,30,39,39520,,46.967861,5.565643,Plein jour,Hors agglomération,Hors intersection,Normale,Autre collision,3,2,2,0,4,1,1,0,1,80,1,1,0,0,1,0,22.0,,deux_roues,,1,1,1,1,6
202400028753,2024-11-11 18:50:00,2024,11,11,18,50,75,75119,AVENUE DE FLANDRE,48.889494,2.375514,Nuit avec éclairage allumé,En agglomération,Hors intersection,Normale,Deux véhicules - côté,4,1,3,1,1,1,1,-1,5,30,2,2,1,0,0,1,,32.0,deux_roues,deux_roues,5,2,1,1,3