accident_id,datetime,annee,mois,jour,heure,minute,departement,commune_insee,adresse,latitude,longitude,luminosite,agglomeration,intersection,meteo,collision,catr,circ,nbv,vosp,prof,plan,surf,infra,situ,vma,nb_vehicules,nb_usagers,nb_indemnes,nb_tues,nb_blesses_hosp,nb_blesses_legers,age_cond_1,age_cond_2,veh_type_cond_1,veh_type_cond_2,lum_code,agg_code,int_code,atm_code,col_code
202400028832,2024-06-24 15:45:00,2024,6,24,15,45,93,93007,A1,48.94353028,2.43541292,Plein jour,Hors agglomération,Hors intersection,Normale,Deux véhicules - arrière,1,3,8,0,1,1,1,0,1,90,2,2,1,0,0,1,34.0,56.0,voiture,voiture,1,1,1,1,2
202400028833,2024-11-12 14:40:00,2024,11,12,14,40,61,61168,D916,48.590525,-0.366121,Plein jour,En agglomération,Hors intersection,Normale,Sans collision,3,3,3,1,2,1,1,0,5,50,1,2,1,0,0,1,41.0,,deux_roues,,1,2,1,1,7
202400028834,2024-11-13 06:50:00,2024,11,13,6,50,42,42011,Rue de l'Industrie,45.819332,4.186514,Crépuscule ou aube,En agglomération,Giratoire,Normale,Deux véhicules - côté,4,2,2,0,1,1,1,0,1,50,2,2,1,0,1,0,16.0,20.0,deux_roues,voiture,2,2,6,1,3
202400028834,2024-11-13 06:50:00,2024,11,13,6,50,42,42011,Rue de l'Industrie,45.819332,4.186514,Crépuscule ou aube,En agglomération,Giratoire,Normale,Deux véhicules - côté,4,2,2,-1,2,3,1,0,1,-1,2,2,1,0,1,0,16.0,20.0,deux_roues,voiture,2,2,6,1,3
202400028835,2024-06-24 18:55:00,2024,6,24,18,55,94,94069,A4,48.81730122,2.43258119,Plein jour,Hors agglomération,Hors intersection,Normale,Trois véhicules et plus - en chaîne,1,3,5,0,1,1,1,0,1,90,3,5,3,0,0,2,25.0,39.0,voiture,utilitaire_camion,1,1,1,1,4
202400028836,2024-11-09 19:10:00,2024,11,9,19,10,41,41185,2679 Route de Billy,47.307768,1.641061,Nuit sans éclairage public,Hors agglomération,Hors intersection,Normale,Deux véhicules - frontale,4,2,2,0,1,1,2,0,1,70,2,2,1,0,0,1,21.0,70.0,voiture,voiture,3,1,1,1,1
202400028837,2024-06-24 17:30:00,2024,6,24,17,30,77,77169,RN104,48.808781,2.630125,Plein jour,Hors agglomération,Hors intersection,Normale,Deux véhicules - côté,2,3,3,0,1,3,1,0,1,90,2,2,1,0,0,1,20.0,20.0,deux_roues,voiture,1,1,1,1,3
202400028838,2024-11-12 18:00:00,2024,11,12,18,0,39,39042,,47.111689,5.52961,Nuit sans éclairage public,Hors agglomération,Intersection en T,Normale,Deux véhicules - frontale,3,2,2,0,1,1,1,5,1,80,2,2,1,0,1,0,65.0,51.0,voiture,voiture,3,1,3,1,1
202400028838,2024-11-12 18:00:00,2024,11,12,18,0,39,39042,,47.111689,5.52961,Nuit sans éclairage public,Hors agglomération,Intersection en T,Normale,Deux véhicules - frontale,3,2,2,-1,2,1,1,5,8,-1,2,2,1,0,1,0,65.0,51.0,voiture,voiture,3,1,3,1,1
202400028839,2024-06-24 16:15:00,2024,6,24,16,15,93,93051,A4,48.83569183,2.56273622,Plein jour,Hors agglomération,Hors intersection,Normale,Deux véhicules - arrière,1,-1,6,0,1,1,1,0,1,110,2,2,1,0,0,1,42.0,37.0,voiture,voiture,1,1,1,1,2
202400028840,2024-06-24 02:32:00,2024,6,24,2,32,94,94046,A86,48.81577215,2.45029735,Nuit sans éclairage public,Hors agglomération,Hors intersection,Normale,Autre collision,1,1,2,0,1,3,1,0,1,70,1,1,0,0,0,1,38.0,,voiture,,3,1,1,1,6
202400028841,2024-11-12 18:40:00,2024,11,12,18,40,25,25454,27 Route Saint Martin,47.253889,5.960893,Nuit avec éclairage allumé,En agglomération,Hors intersection,Pluie légère,Autre collision,6,-1, -1,0,1,1,2,0,8,15,1,2,1,0,1,0,76.0,,voiture,,5,2,1,2,6
202400028842,2024-11-13 07:55:00,2024,11,13,7,55,44,44024,Rond-Point de Lorière,47.176138,-1.704335,Crépuscule ou aube,Hors agglomération,Giratoire,Normale,Deux véhicules - côté,7,2,2,0,1,1,1,0,1,70,2,2,1,0,0,1,,52.0,voiture,deux_roues,2,1,6,1,3
202400028843,2024-06-24 02:20:00,2024,6,24,2,20,94,94022,A86,48.77312611,2.40005502,Nuit sans éclairage public,Hors agglomération,Hors intersection,Normale,Deux véhicules - arrière,1,-1,3,0,1,1,1,0,1,90,2,4,1,0,0,3,24.0,22.0,voiture,voiture,3,1,1,1,2
202400028844,2024-11-03 05:20:00,2024,11,3,5,20,29,29278,Pont Min,48.17200177,-3.75605553,Nuit sans éclairage public,Hors agglomération,Hors intersection,Temps couvert,Autre collision,4,2,2,0,1,1,1,0,3,80,1,2,1,0,1,0,19.0,,voiture,,3,1,1,8,6
202400028845,2024-11-13 09:40:00,2024,11,13,9,40,02,02814,,49.924987,3.685945,Plein jour,Hors agglomération,Hors intersection,Normale,Deux véhicules - frontale,3,2,2,0,1,1,1,0,1,-1,2,2,1,1,0,0,53.0,39.0,utilitaire_camion,voiture,1,1,1,1,1
202400028846,2024-06-23 01:34:00,2024,6,23,1,34,94,94028,A86,48.80301088,2.44831306,Nuit sans éclairage public,Hors agglomération,Hors intersection,Normale,Deux véhicules - arrière,1,1,4,0,1,1,1,0,1,90,2,4,0,0,0,4,64.0,45.0,voiture,voiture,3,1,1,1,2
202400028847,2024-11-11 21:13:00,2024,11,11,21,13,70,70538,1 Grande Rue,47.473609,5.793836,Nuit avec éclairage allumé,En agglomération,Intersection en T,Normale,Autre collision,3,2,2,0,1,3,2,0,8,30,1,1,0,0,0,1,32.0,,voiture,,5,2,3,1,6
202400028847,2024-11-11 21:13:00,2024,11,11,21,13,70,70538,1 Grande Rue,47.473609,5.793836,Nuit avec éclairage allumé,En agglomération,Intersection en T,Normale,Autre collision,3,2, -1,-1,1,1,2,0,8,-1,1,1,0,0,0,1,32.0,,voiture,,5,2,3,1,6
202400028848,2024-06-12 19:40:00,2024,6,12,19,40,44,44109,Boulevard de la Prairie de Mauves,47.22128406,-1.51114673,Plein jour,En agglomération,Hors intersection,Normale,Sans collision,4,2,3,3,1,1,1,2,1,50,1,1,0,0,0,1,55.0,,deux_roues,,1,2,1,1,7
202400028849,2024-11-13 07:50:00,2024,11,13,7,50,26,26330,Route d'Anneyron,45.287105,4.945886,Plein jour,En agglomération,Hors intersection,Temps couvert,Deux véhicules - arrière,3,2,2,0,2,1,1,8,1,30,2,2,1,0,1,0,17.0,69.0,deux_roues,voiture,1,2,1,8,2
202400028850,2024-11-13 16:50:00,2024,11,13,16,50,58,58088,Rue des Hatées,47.010712,3.16583,Plein jour,En agglomération,Hors intersection,Normale,Sans collision,4,2,2,0,1,1,1,0,1,30,1,1,0,0,0,1,46.0,,deux_roues,,1,2,1,1,7
202400028851,2024-04-20 06:23:00,2024,4,20,6,23,44,44109,2 Rue Yves Bodiguel,47.2219121,-1.55924925,Crépuscule ou aube,En agglomération,Intersection en X,Normale,Autre collision,4,1,1,2,2,1,1,-1,1,30,1,1,0,0,0,1,37.0,,voiture,,2,2,2,1,6
202400028852,2024-11-12 16:15:00,2024,11,12,16,15,06,06108,940 Boulevard du 8 Mai,43.592853,6.956906,Plein jour,En agglomération,Hors intersection,Normale,Autre collision,3,2,2,0,1,1,1,0,1,50,2,2,0,0,1,1,64.0,18.0,voiture,deux_roues,1,2,1,1,6
202400028853,2024-02-04 15:20:00,2024,2,4,15,20,44,44109,Mail Haroun Tazieff,47.24156387,-1.51481939,Plein jour,En agglomération,Hors intersection,Normale,Autre collision,4,2,2,0,1,1,1,0,1,50,1,4,0,0,0,4,21.0,,voiture,,1,2,1,1,6
202400028854,2024-11-12 12:15:00,2024,11,12,12,15,14,14431,1 Route de Paris,49.118697,0.015069,Plein jour,En agglomération,Intersection en X,Normale,Autre collision,3,2,2,0,1,1,1,0,6,50,1,2,1,0,0,1,40.0,,voiture,,1,2,2,1,6
202400028854,2024-11-12 12:15:00,2024,11,12,12,15,14,14431,1 Route de Paris,49.118697,0.015069,Plein jour,En agglomération,Intersection en X,Normale,Autre collision,3,2,2,0,1,1,1,0,6,50,1,2,1,0,0,1,40.0,,voiture,,1,2,2,1,6
202400028855,2024-01-30 13:30:00,2024,1,30,13,30,04,04070,chaffaut ( route du ),44.07845,6.21222,Plein jour,Hors agglomération,Hors intersection,Normale,Deux véhicules - frontale,3,2,2,0,2,1,1,0,1,50,2,2,1,0,0,1,17.0,72.0,deux_roues,voiture,1,1,1,1,1
202400028856,2024-11-13 17:51:00,2024,11,13,17,51,14,14623,40 Rue de Verrières,49.113339,-0.36441,Crépuscule ou aube,Hors agglomération,Hors intersection,Normale,Deux véhicules - frontale,4,2,2,0,1,1,1,0,1,80,2,2,1,0,0,1,30.0,42.0,utilitaire_camion,voiture,2,1,1,1,1
202400028857,2024-02-06 05:00:00,2024,2,6,5,0,974,97415,Avenue Paul Julius Benard,-21.021275,55.265801,Crépuscule ou aube,En agglomération,Intersection en T,Normale,Deux véhicules - côté,4,2,2,0,2,1,1,0,1,50,2,2,1,1,0,0,39.0,32.0,voiture,deux_roues,2,2,3,1,3
202400028857,2024-02-06 05:00:00,2024,2,6,5,0,974,97415,Avenue Paul Julius Benard,-21.021275,55.265801,Crépuscule ou aube,En agglomération,Intersection en T,Normale,Deux véhicules - côté,4,2, -1,-1,2,1,1,5,1,-1,2,2,1,1,0,0,39.0,32.0,voiture,deux_roues,2,2,3,1,3
202400028858,2024-03-19 10:30:00,2024,3,19,10,30,14,14191,16 Rue du Docteur Tourmente,49.328429,-0.455158,Plein jour,En agglomération,Hors intersection,Normale,Sans collision,6,-1, -1,0,2,1,1,9,8,20,1,1,0,0,1,0,89.0,,voiture,,1,2,1,1,7
202400028859,2024-11-10 20:00:00,2024,11,10,20,0,14,14542,8 Route de Gruchy,49.227638,-0.457757,Nuit avec éclairage allumé,En agglomération,Intersection en X,Normale,Deux véhicules - côté,3,2,2,0,1,1,1,0,1,50,2,2,1,0,0,1,36.0,54.0,voiture,voiture,5,2,2,1,3
202400028859,2024-11-10 20:00:00,2024,11,10,20,0,14,14542,8 Route de Gruchy,49.227638,-0.457757,Nuit avec éclairage allumé,En agglomération,Intersection en X,Normale,Deux véhicules - côté,3,2,2,0,1,1,1,0,1,50,2,2,1,0,0,1,36.0,54.0,voiture,voiture,5,2,2,1,3
202400028860,2024-11-11 18:00:00,2024,11,11,18,0,50,50215,80 Rue du Nord,49.097328,-1.592331,Nuit avec éclairage allumé,En agglomération,Hors intersection,Normale,Sans collision,3,2,2,0,1,1,1,0,1,50,1,1,0,0,0,1,53.0,,deux_roues,,5,2,1,1,7
202400028861,2024-03-18 18:05:00,2024,3,18,18,5,14,14341,N814,49.145204,-0.338494,Plein jour,En agglomération,Giratoire,Normale,Sans collision,2,1,2,0,1,1,1,5,3,50,1,3,2,0,0,1,42.0,,voiture,,1,2,6,1,7
202400028861,2024-03-18 18:05:00,2024,3,18,18,5,14,14341,N814,49.145204,-0.338494,Plein jour,En agglomération,Giratoire,Normale,Sans collision,2,2,2,-1,1,3,1,5,1,-1,1,3,2,0,0,1,42.0,,voiture,,1,2,6,1,7
202400028862,2024-02-14 19:00:00,2024,2,14,19,0,14,14130,Route du Molay Litry,49.259067,-0.787754,Nuit sans éclairage public,Hors agglomération,Autre intersection,Pluie légère,Deux véhicules - frontale,3,2,2,0,4,4,2,2,1,90,2,3,1,0,1,1,31.0,68.0,voiture,voiture,3,1,9,2,1
202400028863,2024-11-12 12:05:00,2024,11,12,12,5,10,10054,D54,48.376905,3.626357,Plein jour,Hors agglomération,Intersection en X,Normale,Deux véhicules - côté,3,2,2,0,1,1,1,0,1,80,2,3,1,0,2,0,72.0,20.0,voiture,utilitaire_camion,1,1,2,1,3
202400028863,2024-11-12 12:05:00,2024,11,12,12,5,10,10054,D54,48.376905,3.626357,Plein jour,Hors agglomération,Intersection en X,Normale,Deux véhicules - côté,3,2,2,0,1,1,1,0,1,80,2,3,1,0,2,0,72.0,20.0,voiture,utilitaire_camion,1,1,2,1,3
202400028864,2024-11-12 13:30:00,2024,11,12,13,30,16,16167,Rue de la Société,45.678785,-0.171403,Plein jour,En agglomération,Hors intersection,Pluie légère,Sans collision,4,2,2,0,1,1,2,0,1,50,1,1,0,0,0,1,24.0,,deux_roues,,1,2,1,2,7
202400028865,2024-01-15 10:30:00,2024,1,15,10,30,32,32279,Route de Crates,43.688671,0.657489,Plein jour,Hors agglomération,Hors intersection,Normale,Autre collision,4,2,2,0,1,2,1,0,3,50,1,2,1,0,0,1,21.0,,voiture,,1,1,1,1,6
202400028866,2024-11-12 12:15:00,2024,11,12,12,15,07,07094,Route du Cros de Beliou,44.854667,4.731256,Plein jour,Hors agglomération,Hors intersection,Pluie légère,Sans collision,4,2,2,0,2,2,2,0,8,90,1,1,0,0,1,0,13.0,,deux_roues,,1,1,1,2,7
202400028867,2024-11-05 17:00:00,2024,11,5,17,0,04,04008,Nationale 202,43.958327,6.694745,Crépuscule ou aube,Hors agglomération,Hors intersection,Normale,Sans collision,2,2,2,0,2,3,1,0,1,80,1,1,0,0,1,0,54.0,,deux_roues,,2,1,1,1,7
202400028868,2024-11-12 22:10:00,2024,11,12,22,10,48,48080,avenue jules conturie,44.724014,3.852178,Nuit avec éclairage allumé,En agglomération,Hors intersection,Normale,Deux véhicules - frontale,2,2,2,0,1,1,1,0,1,50,2,2,1,0,1,0,44.0,39.0,voiture,utilitaire_camion,5,2,1,1,1
202400028869,2024-06-23 11:00:00,2024,6,23,11,0,976,97611,passamanty-Vahibé ( route ),-12.7926,45.1883,Plein jour,Hors agglomération,Hors intersection,Normale,Deux véhicules - frontale,3,2,2,0,1,1,1,0,1,50,2,3,1,0,2,0,41.0,25.0,voiture,deux_roues,1,1,1,1,1
202400028870,2024-11-11 15:23:00,2024,11,11,15,23,13,13112,D20,43.517694,5.231474,Plein jour,Hors agglomération,Intersection en T,Normale,Deux véhicules - côté,3,2,0,2,1,1,1,0,1,-1,2,2,1,0,0,1,15.0,30.0,voiture,voiture,1,1,3,1,3
202400028870,2024-11-11 15:23:00,2024,11,11,15,23,13,13112,D20,43.517694,5.231474,Plein jour,Hors agglomération,Intersection en T,Normale,Deux véhicules - côté,3,2, -1,-1,1,1,1,5,1,-1,2,2,1,0,0,1,15.0,30.0,voiture,voiture,1,1,3,1,3
202400028871,2024-06-23 21:30:00,2024,6,23,21,30,69,69387,Rue du Béguin,45.74873,4.84941,Nuit avec éclairage allumé,En agglomération,Intersection en X,Normale,Deux véhicules - côté,4,1,1,2,1,1,1,0,1,30,2,2,1,0,0,1,26.0,19.0,voiture,deux_roues,5,2,2,1,3
202400028871,2024-06-23 21:30:00,2024,6,23,21,30,69,69387,Rue du Béguin,45.74873,4.84941,Nuit avec éclairage allumé,En agglomération,Intersection en X,Normale,Deux véhicules - côté,4,1,1,2,1,1,1,0,1,30,2,2,1,0,0,1,26.0,19.0,voiture,deux_roues,5,2,2,1,3
202400028872,2024-11-12 16:30:00,2024,11,12,16,30,69,69027,Avenue Marcel Merieux,45.685841,4.769964,Plein jour,Hors agglomération,Hors intersection,Normale,Sans collision,4,2,2,0,1,1,1,0,1,50,1,1,0,0,1,0,23.0,,deux_roues,,1,1,1,1,7
202400028873,2024-06-23 06:00:00,2024,6,23,6,0,972,97213,AUTOROUTE A1,14.6079,-61.00452,Plein jour,Hors agglomération,Hors intersection,Normale,Deux véhicules - arrière,1,3,6,3,1,1,1,0,1,90,2,2,1,0,0,1,23.0,58.0,voiture,voiture,1,1,1,1,2
202400028874,2024-11-13 14:00:00,2024,11,13,14,0,973,97304,18 Avenue Leopold Cedar Senghor,5.167256,-52.653287,Plein jour,En agglomération,Hors intersection,Normale,Deux véhicules - côté,4,2,2,0,1,1,1,0,1,50,2,2,1,0,0,1,38.0,15.0,voiture,deux_roues,1,2,1,1,3
202400028875,2024-06-22 16:05:00,2024,6,22,16,5,972,97209,GENERAL DE GAULLE (BLD DU),14.60779,-61.06878,Plein jour,En agglomération,Hors intersection,Normale,Autre collision,3,2,4,0,1,2,1,0,1,50,1,2,1,0,0,1,60.0,,voiture,,1,2,1,1,6
202400028876,2024-11-12 19:55:00,2024,11,12,19,55,77,77086,490 Rue Grande,48.549735,2.8938,Nuit avec éclairage allumé,En agglomération,Intersection en T,Normale,Autre collision,3,2,2,0,1,1,1,5,4,50,1,1,0,0,0,1,39.0,,voiture,,5,2,3,1,6
202400028876,2024-11-12 19:55:00,2024,11,12,19,55,77,77086,490 Rue Grande,48.549735,2.8938,Nuit avec éclairage allumé,En agglomération,Intersection en T,Normale,Autre collision,3,1,2,0,1,1,1,0,8,50,1,1,0,0,0,1,39.0,,voiture,,5,2,3,1,6
202400028877,2024-06-23 19:45:00,2024,6,23,19,45,69,69202,1 Avenue Valioud,45.7483,4.81258,Plein jour,En agglomération,Hors intersection,Normale,Autre collision,4,2,2,0,2,4,1,0,1,30,1,1,0,0,1,0,65.0,,deux_roues,,1,2,1,1,6
202400028878,2024-11-08 06:14:00,2024,11,8,6,14,78,78506,D177,48.491227,1.806306,Nuit sans éclairage public,Hors agglomération,Hors intersection,Pluie légère,Deux véhicules - côté,3,2,2,0,1,1,2,0,1,80,2,2,1,0,0,1,20.0,25.0,utilitaire_camion,utilitaire_camion,3,1,1,2,3
202400028879,2024-06-23 04:10:00,2024,6,23,4,10,69,69034,Tunnel Bellevue,45.78814,4.85454,Nuit avec éclairage allumé,Hors agglomération,Hors intersection,Normale,Deux véhicules - côté,4,1,2,0,1,3,1,1,1,50,2,2,1,0,0,1,24.0,36.0,voiture,voiture,5,1,1,1,3
202400028880,2024-11-12 16:39:00,2024,11,12,16,39,13,13030,D8n,43.269985,5.678142,Plein jour,En agglomération,Autre intersection,Normale,Autre collision,3,2,2,1,2,3,2,0,1,90,3,3,1,0,0,2,28.0,20.0,voiture,voiture,1,2,9,1,6
202400028881,2024-06-23 11:50:00,2024,6,23,11,50,971,97113,RN4 - SECTION RIVIERA,16.21772,-61.49165,Plein jour,En agglomération,Hors intersection,Normale,Trois véhicules et plus - en chaîne,2,2,2,0,1,1,1,0,1,70,3,4,2,0,0,2,25.0,28.0,voiture,voiture,1,2,1,1,4
202400028882,2024-11-11 18:45:00,2024,11,11,18,45,31,31451,Chemin de l' Ourmette,43.460703,2.009506,Nuit avec éclairage allumé,En agglomération,Hors intersection,Normale,Autre collision,4,2,2,0,1,1,1,0,1,50,1,2,0,0,2,0,33.0,,voiture,,5,2,1,1,6
202400028883,2024-06-23 07:50:00,2024,6,23,7,50,91,91691,BOILEAU (RUE),48.69654,2.47888,Plein jour,En agglomération,Hors intersection,Normale,Autre collision,4,2,1,0,1,1,1,0,1,50,1,2,1,0,0,1,33.0,,voiture,,1,2,1,1,6
202400028884,2024-06-23 19:15:00,2024,6,23,19,15,91,91174,RUE GUSTAVE COURBET,48.6161,2.46692,Plein jour,En agglomération,Hors intersection,Normale,Autre collision,4,1,1,0,2,2,1,0,1,50,1,2,1,0,0,1,48.0,,voiture,,1,2,1,1,6
202400028885,2024-11-12 11:30:00,2024,11,12,11,30,17,17421,Chemin Vert,45.670291,-0.942845,Plein jour,En agglomération,Passage à niveau,Normale,Deux véhicules - côté,4,2,2,0,1,2,1,9,1,50,2,2,1,1,0,0,86.0,41.0,voiture,transport_commun,1,2,8,1,3
202400028886,2024-11-12 09:20:00,2024,11,12,9,20,72,72264,Route du Mans,47.839082,-0.315599,Plein jour,En agglomération,Hors intersection,Normale,Autre collision,3,2,2,0,1,1,1,0,1,50,1,2,1,0,1,0,86.0,,voiture,,1,2,1,1,6
202400028887,2024-06-22 18:15:00,2024,6,22,18,15,84,84035,ROCH PAPE (ALLEE),43.828587,5.036822,Plein jour,En agglomération,Intersection en T,Normale,Autre collision,4,-1, -1,-1,1,1,1,0,1,-1,1,2,1,0,1,0,37.0,,voiture,,1,2,3,1,6
202400028887,2024-06-22 18:15:00,2024,6,22,18,15,84,84035,ROCH PAPE (ALLEE),43.828587,5.036822,Plein jour,En agglomération,Intersection en T,Normale,Autre collision,4,2,0,0,1,2,1,0,1,20,1,2,1,0,1,0,37.0,,voiture,,1,2,3,1,6
202400028888,2024-11-12 08:00:00,2024,11,12,8,0,27,27447,RD 830,48.961751,0.959501,Crépuscule ou aube,Hors agglomération,Intersection en X,Pluie légère,Deux véhicules - côté,3,2,2,0,1,1,2,0,1,80,2,2,0,0,1,1,54.0,34.0,voiture,voiture,2,1,2,2,3
202400028888,2024-11-12 08:00:00,2024,11,12,8,0,27,27447,RD 830,48.961751,0.959501,Crépuscule ou aube,Hors agglomération,Intersection en X,Pluie légère,Deux véhicules - côté,3,2,2,0,1,1,2,0,1,80,2,2,0,0,1,1,54.0,34.0,voiture,voiture,2,1,2,2,3
202400028889,2024-06-22 08:15:00,2024,6,22,8,15,83,83069,GODILLOT  ( AVENUE ALEXIS ),43.11532,6.12306,Plein jour,En agglomération,Intersection en X,Normale,Deux véhicules - côté,3,3,2,0,1,1,1,0,1,50,2,2,1,0,0,1,26.0,50.0,deux_roues,deux_roues,1,2,2,1,3
202400028889,2024-06-22 08:15:00,2024,6,22,8,15,83,83069,GODILLOT  ( AVENUE ALEXIS ),43.11532,6.12306,Plein jour,En agglomération,Intersection en X,Normale,Deux véhicules - côté,3,2, -1,-1,1,1,1,0,1,-1,2,2,1,0,0,1,26.0,50.0,deux_roues,deux_roues,1,2,2,1,3
202400028890,2024-11-13 20:22:00,2024,11,13,20,22,59,59134,Chemin du Prince,50.076122,3.871382,Nuit sans éclairage public,En agglomération,Intersection en X,Normale,Deux véhicules - côté,4,2,2,0,2,1,1,0,1,50,2,2,1,0,0,1,57.0,18.0,voiture,voiture,3,2,2,1,3
202400028891,2024-06-23 11:00:00,2024,6,23,11,0,83,83118,BOULEVARD DE LA PLAGE,43.4309,6.87042,Plein jour,En agglomération,Intersection en T,Normale,Deux véhicules - côté,3,2,2,0,2,1,1,9,1,50,2,2,1,0,1,0,23.0,67.0,voiture,deux_roues,1,2,3,1,3
202400028891,2024-06-23 11:00:00,2024,6,23,11,0,83,83118,BOULEVARD DE LA PLAGE,43.4309,6.87042,Plein jour,En agglomération,Intersection en T,Normale,Deux véhicules - côté,3,2,2,0,1,1,1,9,1,50,2,2,1,0,1,0,23.0,67.0,voiture,deux_roues,1,2,3,1,3
202400028892,2024-06-23 14:00:00,2024,6,23,14,0,78,78190,PRAIRIE (BERGE DE LA),48.87224,2.14599,Plein jour,En agglomération,Hors intersection,Normale,Autre collision,4,-1,0,3,1,1,1,0,4,30,1,2,0,0,0,2,28.0,,deux_roues,,1,2,1,1,6
202400028893,2024-11-12 19:10:00,2024,11,12,19,10,59,59602,Route Nationale,50.609387,3.180196,Nuit avec éclairage allumé,En agglomération,Intersection en X,Normale,Deux véhicules - côté,7,2,2,0,1,1,1,0,1,50,2,2,1,0,1,0,49.0,34.0,voiture,deux_roues,5,2,2,1,3
202400028893,2024-11-12 19:10:00,2024,11,12,19,10,59,59602,Route Nationale,50.609387,3.180196,Nuit avec éclairage allumé,En agglomération,Intersection en X,Normale,Deux véhicules - côté,7,2, -1,-1,1,1,1,0,1,-1,2,2,1,0,1,0,49.0,34.0,voiture,deux_roues,5,2,2,1,3
202400028894,2024-11-12 16:37:00,2024,11,12,16,37,13,13085,A50-Sens Toulon vers Aubagne,43.2639,5.5882,Plein jour,Hors agglomération,Hors intersection,Pluie légère,Deux véhicules - côté,1,1,2,0,2,3,2,0,1,90,2,4,1,0,1,2,23.0,27.0,voiture,voiture,1,1,1,2,3
202400028895,2024-06-23 19:05:00,2024,6,23,19,5,78,78299,VEXIN (ROUTE DU),49.005267,1.900662,Plein jour,En agglomération,Intersection en T,Normale,Deux véhicules - côté,3,2, -1,-1,2,1,1,0,1,-1,2,2,1,0,0,1,30.0,48.0,deux_roues,voiture,1,2,3,1,3
202400028895,2024-06-23 19:05:00,2024,6,23,19,5,78,78299,VEXIN (ROUTE DU),49.005267,1.900662,Plein jour,En agglomération,Intersection en T,Normale,Deux véhicules - côté,3,2,2,0,1,3,1,0,1,50,2,2,1,0,0,1,30.0,48.0,deux_roues,voiture,1,2,3,1,3
202400028896,2024-11-12 15:40:00,2024,11,12,15,40,13,13212,A507 sens Aubagne- Marseille,43.28588571,5.42578723,Plein jour,Hors agglomération,Hors intersection,Pluie légère,Sans collision,1,1,4,0,1,3,2,1,1,70,1,1,0,0,0,1,18.0,,voiture,,1,1,1,2,7
202400028897,2024-06-23 02:05:00,2024,6,23,2,5,77,77186,CROIX DE MONTMORIN (CARREFOUR DE LA),48.38995,2.75495,Nuit sans éclairage public,Hors agglomération,Giratoire,Normale,Autre collision,3,-1,2,0,1,2,1,9,3,90,1,2,0,0,0,2,25.0,,voiture,,3,1,6,1,6
202400028897,2024-06-23 02:05:00,2024,6,23,2,5,77,77186,CROIX DE MONTMORIN (CARREFOUR DE LA),48.38995,2.75495,Nuit sans éclairage public,Hors agglomération,Giratoire,Normale,Autre collision,3,2,2,0,1,1,1,5,3,90,1,2,0,0,0,2,25.0,,voiture,,3,1,6,1,6
202400028898,2024-05-12 07:30:00,2024,5,12,7,30,73,73065,Voie verte,45.59328184,5.89454859,Plein jour,Hors agglomération,Hors intersection,Normale,Autre collision,9,2,2,1,1,1,1,0,5,-1,1,2,1,0,0,1,37.0,,deux_roues,,1,1,1,1,6
202400028899,2024-11-12 08:37:00,2024,11,12,8,37,33,33013,,44.867961,-0.504349,Plein jour,Hors agglomération,Hors intersection,Normale,Deux véhicules - côté,2,3,6,0,1,1,1,3,1,90,2,2,1,0,0,1,58.0,28.0,voiture,utilitaire_camion,1,1,1,1,3
202400028900,2024-06-17 18:18:00,2024,6,17,18,18,73,73008,CORSUET CHEMIN DE,45.70726,5.89833,Plein jour,En agglomération,Hors intersection,Normale,Deux véhicules - frontale,4,2,2,0,2,1,1,0,1,50,2,2,1,0,0,1,37.0,38.0,utilitaire_camion,voiture,1,2,1,1,1
202400028901,2024-11-12 16:17:00,2024,11,12,16,17,78,78073,N12Y,48.798343,2.008494,Plein jour,Hors agglomération,Hors intersection,Temps couvert,Trois véhicules et plus - en chaîne,2,3,2,0,1,1,1,0,1,110,3,3,2,0,0,1,47.0,33.0,voiture,voiture,1,1,1,8,4
202400028902,2024-11-10 21:30:00,2024,11,10,21,30,78,78431,A13,48.939361,1.955628,Nuit sans éclairage public,Hors agglomération,Hors intersection,Normale,Deux véhicules - côté,1,1,3,0,1,1,1,0,1,130,2,3,2,0,0,1,50.0,28.0,voiture,voiture,3,1,1,1,3
202400028903,2024-06-23 01:09:00,2024,6,23,1,9,71,71270,Rue de Flacé,46.31046,4.8346,Nuit avec éclairage allumé,En agglomération,Giratoire,Normale,Deux véhicules - frontale,4,2,2,0,1,1,1,0,1,50,2,6,5,0,0,1,19.0,39.0,voiture,deux_roues,5,2,6,1,1
202400028903,2024-06-23 01:09:00,2024,6,23,1,9,71,71270,Rue de Flacé,46.31046,4.8346,Nuit avec éclairage allumé,En agglomération,Giratoire,Normale,Deux véhicules - frontale,4,2,2,0,1,1,1,0,1,50,2,6,5,0,0,1,19.0,39.0,voiture,deux_roues,5,2,6,1,1
202400028904,2024-11-12 02:50:00,2024,11,12,2,50,92,92078,AUTOROUTE A86,48.92768992,2.33289331,Nuit sans éclairage public,Hors agglomération,Hors intersection,Normale,Autre collision,1,1,3,0,1,3,1,0,3,70,1,1,0,0,0,1,22.0,,voiture,,3,1,1,1,6