accident_id,datetime,annee,mois,jour,heure,minute,departement,commune_insee,adresse,latitude,longitude,luminosite,agglomeration,intersection,meteo,collision,catr,circ,nbv,vosp,prof,plan,surf,infra,situ,vma,nb_vehicules,nb_usagers,nb_indemnes,nb_tues,nb_blesses_hosp,nb_blesses_legers,age_cond_1,age_cond_2,veh_type_cond_1,veh_type_cond_2,lum_code,agg_code,int_code,atm_code,col_code
202400029118,2024-12-13 18:04:00,2024,12,13,18,4,87,87085,FONDERIE (RUE DE LA),45.83566,1.25265,Nuit avec éclairage allumé,En agglomération,Intersection en T,Pluie légère,Deux véhicules - côté,4,1,1,0,1,1,2,0,1,30,2,2,1,0,0,1,52.0,35.0,voiture,deux_roues,5,2,3,2,3
202400029118,2024-12-13 18:04:00,2024,12,13,18,4,87,87085,FONDERIE (RUE DE LA),45.83566,1.25265,Nuit avec éclairage allumé,En agglomération,Intersection en T,Pluie légère,Deux véhicules - côté,4,2,2,0,1,1,2,0,1,30,2,2,1,0,0,1,52.0,35.0,voiture,deux_roues,5,2,3,2,3
202400029119,2024-03-05 18:20:00,2024,3,5,18,20,82,82037,A20,44.145261,1.50517,Plein jour,Hors agglomération,Hors intersection,Neige / grêle,Trois véhicules et plus - collisions multiples,1,3,2,0,1,1,5,0,1,130,5,6,4,0,0,2,52.0,20.0,voiture,voiture,1,1,1,4,5
202400029120,2024-12-13 16:09:00,2024,12,13,16,9,87,87085,DUMAS (AVENUE GEORGES),45.82605,1.26791,Plein jour,En agglomération,Intersection en X,Normale,Deux véhicules - côté,2,2,0,0,2,1,1,5,1,50,2,2,1,0,0,1,38.0,47.0,voiture,deux_roues,1,2,2,1,3
202400029120,2024-12-13 16:09:00,2024,12,13,16,9,87,87085,DUMAS (AVENUE GEORGES),45.82605,1.26791,Plein jour,En agglomération,Intersection en X,Normale,Deux véhicules - côté,2,2,0,0,1,1,1,5,1,50,2,2,1,0,0,1,38.0,47.0,voiture,deux_roues,1,2,2,1,3
202400029121,2024-03-06 09:45:00,2024,3,6,9,45,53,53262,la blanchardière,48.06190306,-0.59281169,Plein jour,Hors agglomération,Hors intersection,Normale,Trois véhicules et plus - collisions multiples,3,2,2,0,1,1,1,0,1,90,3,4,1,2,0,1,21.0,29.0,voiture,utilitaire_camion,1,1,1,1,5
202400029122,2024-12-16 20:15:00,2024,12,16,20,15,84,84031,MIRABEAU AVENUE,44.06932,5.04278,Nuit sans éclairage public,Hors agglomération,Intersection en T,Normale,Trois véhicules et plus - collisions multiples,3,2,2,0,1,1,1,0,1,80,3,3,2,0,0,1,18.0,28.0,deux_roues,voiture,3,1,3,1,5
202400029122,2024-12-16 20:15:00,2024,12,16,20,15,84,84031,MIRABEAU AVENUE,44.06932,5.04278,Nuit sans éclairage public,Hors agglomération,Intersection en T,Normale,Trois véhicules et plus - collisions multiples,3,2,2,0,2,1,1,0,8,50,3,3,2,0,0,1,18.0,28.0,deux_roues,voiture,3,1,3,1,5
202400029123,2024-03-06 00:35:00,2024,3,6,0,35,68,68015,A36 pk 114.400 en direction d'OTTMARSHEIM,47.789596,7.446893,Nuit sans éclairage public,Hors agglomération,Hors intersection,Pluie légère,Autre collision,1,3,2,0,1,3,2,0,1,130,1,2,0,0,0,2,52.0,,utilitaire_camion,,3,1,1,2,6
202400029124,2024-12-16 15:15:00,2024,12,16,15,15,84,84007,MARSEILLE (ROUTE DE ),43.92467,4.85042,Plein jour,En agglomération,Hors intersection,Normale,Deux véhicules - côté,2,3,0,0,1,1,1,0,1,50,2,2,1,0,0,1,37.0,,deux_roues,utilitaire_camion,1,2,1,1,3
202400029125,2024-12-16 11:40:00,2024,12,16,11,40,84,84007,CÉDRES (CHEMIN DES) MFT,43.93252,4.88062,Plein jour,En agglomération,Intersection en T,Normale,Deux véhicules - côté,4,2,1,2,1,1,1,1,1,50,2,2,1,0,0,1,43.0,90.0,voiture,deux_roues,1,2,3,1,3
202400029125,2024-12-16 11:40:00,2024,12,16,11,40,84,84007,CÉDRES (CHEMIN DES) MFT,43.93252,4.88062,Plein jour,En agglomération,Intersection en T,Normale,Deux véhicules - côté,4,2,2,0,1,1,1,0,1,30,2,2,1,0,0,1,43.0,90.0,voiture,deux_roues,1,2,3,1,3
202400029126,2024-12-16 13:35:00,2024,12,16,13,35,83,83137,GUES (BD DE L'ENSEIGNE DE VAISSEAU),43.11533397,5.98104554,Plein jour,En agglomération,Hors intersection,Normale,Autre collision,4,2,2,0,1,1,1,0,1,30,1,2,1,0,1,0,70.0,,voiture,,1,2,1,1,6
202400029127,2024-03-03 17:50:00,2024,3,3,17,50,64,64521,A64 PK 83,43.411143,-0.56586,Plein jour,Hors agglomération,Hors intersection,Neige / grêle,Trois véhicules et plus - en chaîne,1,3,2,0,1,1,9,0,1,130,3,7,6,0,0,1,71.0,20.0,voiture,voiture,1,1,1,4,4
202400029128,2024-12-14 16:05:00,2024,12,14,16,5,83,83137,LECLERC (AVE GENERAL),43.12584,5.92771,Plein jour,En agglomération,Hors intersection,Normale,Deux véhicules - frontale,4,2,6,3,1,1,1,0,1,50,2,2,1,0,1,0,33.0,39.0,deux_roues,voiture,1,2,1,1,1
202400029129,2024-03-06 04:10:00,2024,3,6,4,10,60,60254,Autoroute A1 - PK 073.000 sens PARIS-LILLE,49.45483202,2.70045233,Nuit sans éclairage public,Hors agglomération,Hors intersection,Normale,Deux véhicules - arrière,1,3,3,0,1,1,1,0,2,130,2,2,1,1,0,0,25.0,49.0,utilitaire_camion,utilitaire_camion,3,1,1,1,2
202400029130,2024-03-05 19:30:00,2024,3,5,19,30,988,98817,RPS1/Rue de l'Henriette,-22.265795,166.61501,Nuit avec éclairage allumé,En agglomération,Intersection en T,Normale,Autre collision,3,2,2,-1,-1,1,1,-1,3,-1,1,1,0,0,0,1,33.0,,utilitaire_camion,,5,2,3,1,6
202400029130,2024-03-05 19:30:00,2024,3,5,19,30,988,98817,RPS1/Rue de l'Henriette,-22.265795,166.61501,Nuit avec éclairage allumé,En agglomération,Intersection en T,Normale,Autre collision,3,2,2,0,1,3,1,0,1,50,1,1,0,0,0,1,33.0,,utilitaire_camion,,5,2,3,1,6
202400029131,2024-12-14 16:45:00,2024,12,14,16,45,83,83144,PICOT (CHEMIN DU COLONEL),43.14273,6.00775,Plein jour,En agglomération,Intersection en Y,Normale,Deux véhicules - frontale,3,2, -1,-1,1,1,1,0,1,-1,2,4,2,0,0,2,27.0,80.0,voiture,voiture,1,2,4,1,1
202400029131,2024-12-14 16:45:00,2024,12,14,16,45,83,83144,PICOT (CHEMIN DU COLONEL),43.14273,6.00775,Plein jour,En agglomération,Intersection en Y,Normale,Deux véhicules - frontale,3,2,2,0,1,1,1,0,1,50,2,4,2,0,0,2,27.0,80.0,voiture,voiture,1,2,4,1,1
202400029132,2024-12-13 15:15:00,2024,12,13,15,15,83,83126,KENNEDY (AVENUE J.)N° IMPAIRS > ST VICTO,43.11188,5.85019,Plein jour,En agglomération,Hors intersection,Normale,Autre collision,6,-1, -1,0,1,1,1,0,8,50,1,2,1,0,1,0,70.0,,voiture,,1,2,1,1,6
202400029133,2024-03-05 21:50:00,2024,3,5,21,50,971,97118,route départementale 23,16.202755,-61.636198,Nuit sans éclairage public,Hors agglomération,Hors intersection,Normale,Autre collision,3,2,2,0,2,1,1,0,8,70,1,3,0,1,2,0,27.0,,voiture,,3,1,1,1,6
202400029134,2024-03-04 10:20:00,2024,3,4,10,20,978,97801,R DE SANDY GROUND,18.0581,-63.096955,Plein jour,En agglomération,Hors intersection,Normale,Deux véhicules - frontale,3,2,2,0,1,1,1,0,1,50,1,2,1,0,1,0,59.0,,voiture,,1,2,1,1,1
202400029135,2024-12-12 15:40:00,2024,12,12,15,40,83,83061,ROND-POINT DES MOULINS,43.4307,6.73559,Plein jour,En agglomération,Giratoire,Normale,Deux véhicules - côté,4,2,1,0,1,3,1,0,1,50,2,2,1,0,1,0,37.0,48.0,utilitaire_camion,deux_roues,1,2,6,1,3
202400029136,2024-03-05 18:30:00,2024,3,5,18,30,972,97228,Reculée,14.77925,-61.028355,Crépuscule ou aube,Hors agglomération,Hors intersection,Normale,Sans collision,3,2,2,0,2,1,1,0,1,70,1,1,0,0,1,0,30.0,,autre,,2,1,1,1,7
202400029137,2024-03-05 15:20:00,2024,3,5,15,20,2B,2B307,route du village,42.382482,9.517819,Plein jour,Hors agglomération,Hors intersection,Normale,Sans collision,3,2,2,0,1,1,1,0,1,70,1,2,1,0,1,0,16.0,,deux_roues,,1,1,1,1,7
202400029138,2024-12-16 05:53:00,2024,12,16,5,53,79,79191,,46.32141,-0.47915,Nuit avec éclairage allumé,En agglomération,Intersection en T,Normale,Deux véhicules - côté,4,2,2,0,1,1,1,0,1,50,2,2,1,0,0,1,19.0,44.0,deux_roues,voiture,5,2,3,1,3
202400029138,2024-12-16 05:53:00,2024,12,16,5,53,79,79191,,46.32141,-0.47915,Nuit avec éclairage allumé,En agglomération,Intersection en T,Normale,Deux véhicules - côté,4,2,2,0,1,1,1,0,1,50,2,2,1,0,0,1,19.0,44.0,deux_roues,voiture,5,2,3,1,3
202400029139,2024-03-04 20:30:00,2024,3,4,20,30,34,34285,la Montade,43.512962,3.487526,Nuit sans éclairage public,En agglomération,Place,Normale,Autre collision,3,2,2,0,1,1,1,9,8,50,1,1,0,0,0,1,47.0,,utilitaire_camion,,3,2,7,1,6
202400029140,2024-12-16 07:11:00,2024,12,16,7,11,77,77285,CORBEIL (AVENUE DE),48.54908,2.63974,Crépuscule ou aube,En agglomération,Giratoire,Pluie légère,Autre collision,3,-1,3,0,1,1,2,0,1,70,1,2,1,0,0,1,29.0,,voiture,,2,2,6,2,6
202400029141,2024-12-16 12:00:00,2024,12,16,12,0,76,76165,Passage Chatel,49.28222,1.01893,Plein jour,En agglomération,Intersection en T,Normale,Autre collision,4,2,1,0,1,1,1,0,1,50,1,2,1,0,0,1,24.0,,utilitaire_camion,,1,2,3,1,6
202400029141,2024-12-16 12:00:00,2024,12,16,12,0,76,76165,Passage Chatel,49.28222,1.01893,Plein jour,En agglomération,Intersection en T,Normale,Autre collision,4,2,2,-1,1,1,1,0,1,50,1,2,1,0,0,1,24.0,,utilitaire_camion,,1,2,3,1,6
202400029142,2024-03-06 10:25:00,2024,3,6,10,25,89,89298,autoroute A6,48.032344,3.12472,Plein jour,Hors agglomération,Hors intersection,Pluie légère,Trois véhicules et plus - en chaîne,1,1,4,3,1,1,2,8,1,70,3,6,4,0,0,2,48.0,51.0,utilitaire_camion,utilitaire_camion,1,1,1,2,4
202400029143,2024-12-16 08:00:00,2024,12,16,8,0,74,74012,ARAVIS (RUE DES),46.18782,6.23246,Crépuscule ou aube,En agglomération,Hors intersection,Normale,Sans collision,4,-1,1,0,2,1,1,0,1,50,2,2,1,0,0,1,59.0,57.0,utilitaire_camion,deux_roues,2,2,1,1,7
202400029144,2024-03-05 18:43:00,2024,3,5,18,43,68,68072,Rue du Général de Gaulle,47.694691,7.404772,Nuit avec éclairage allumé,En agglomération,Intersection en T,Normale,Deux véhicules - frontale,3,2,2,2,1,1,1,0,1,50,2,2,1,0,1,0,52.0,16.0,voiture,deux_roues,5,2,3,1,1
202400029144,2024-03-05 18:43:00,2024,3,5,18,43,68,68072,Rue du Général de Gaulle,47.694691,7.404772,Nuit avec éclairage allumé,En agglomération,Intersection en T,Normale,Deux véhicules - frontale,3,2, -1,-1,1,1,1,0,1,-1,2,2,1,0,1,0,52.0,16.0,voiture,deux_roues,5,2,3,1,1
202400029145,2024-12-16 15:00:00,2024,12,16,15,0,73,73065,BOISSE (AVENUE DE LA),45.58172,5.91129,Plein jour,En agglomération,Hors intersection,Normale,Deux véhicules - arrière,4,2,2,0,1,1,1,0,1,50,2,3,2,0,0,1,51.0,20.0,voiture,voiture,1,2,1,1,2
202400029146,2024-03-06 11:55:00,2024,3,6,11,55,42,42094,Rue Jules Ferry,45.745404,4.225422,Plein jour,En agglomération,Giratoire,Normale,Deux véhicules - arrière,3,2,2,0,1,3,1,5,1,30,2,2,1,0,1,0,15.0,59.0,voiture,deux_roues,1,2,6,1,2
202400029147,2024-12-16 15:45:00,2024,12,16,15,45,73,73065,BOISSE (AVENUE DE LA),45.58172,5.91129,Plein jour,En agglomération,Hors intersection,Normale,Trois véhicules et plus - en chaîne,4,2,2,0,1,1,1,0,1,50,3,3,2,0,0,1,87.0,45.0,voiture,voiture,1,2,1,1,4
202400029148,2024-03-05 17:15:00,2024,3,5,17,15,26,26309,Route de Villard de Lans,45.07966245,5.46593428,Plein jour,Hors agglomération,Hors intersection,Neige / grêle,Autre collision,3,2,2,0,2,3,7,0,3,80,1,4,2,0,1,1,61.0,,voiture,,1,1,1,4,6
202400029149,2024-12-16 05:00:00,2024,12,16,5,0,72,72003,SABLE (RTE DE),47.9822,0.13954,Nuit sans éclairage public,Hors agglomération,Hors intersection,Temps couvert,Sans collision,3,-1,2,0,1,1,2,0,1,90,1,1,0,0,0,1,43.0,,voiture,,3,1,1,8,7
202400029150,2024-03-06 12:00:00,2024,3,6,12,0,49,49301,ZA du Petit Lapin (St Germain-sur-Moine),47.110064,-1.110413,Plein jour,Hors agglomération,Hors intersection,Normale,Sans collision,3,2,2,0,1,1,1,0,3,80,1,1,0,0,1,0,45.0,,utilitaire_camion,,1,1,1,1,7
202400029151,2024-03-01 09:33:00,2024,3,1,9,33,56,56167,Zone du Keneah Nord,47.664737,-2.897537,Plein jour,Hors agglomération,Hors intersection,Pluie forte,Trois véhicules et plus - collisions multiples,2,3,4,0,1,1,2,3,1,110,3,4,2,0,0,2,34.0,75.0,voiture,voiture,1,1,1,3,5
202400029152,2024-12-14 13:59:00,2024,12,14,13,59,70,70261,RN19,47.624588,6.206015,Plein jour,Hors agglomération,Hors intersection,Pluie légère,Trois véhicules et plus - collisions multiples,2,2,2,0,1,1,2,0,1,80,4,8,0,4,0,4,36.0,46.0,voiture,utilitaire_camion,1,1,1,2,5
202400029153,2024-03-05 09:50:00,2024,3,5,9,50,29,29103,boulevard de la Gare,48.453244,-4.256203,Plein jour,En agglomération,Giratoire,Normale,Autre collision,4,1,2,0,3,1,2,5,1,50,1,2,1,0,0,1,71.0,,voiture,,1,2,6,1,6
202400029154,2024-12-16 17:10:00,2024,12,16,17,10,64,64445,TOURASSE,43.31103,-0.3502,Plein jour,En agglomération,Hors intersection,Normale,Autre collision,4,-1,2,0,1,1,1,0,1,30,1,2,1,0,0,1,54.0,,voiture,,1,2,1,1,6
202400029155,2024-12-16 08:15:00,2024,12,16,8,15,64,64335,D817,43.33544,-0.46134,Plein jour,Hors agglomération,Hors intersection,Normale,Deux véhicules - arrière,3,-1,2,0,1,3,1,0,1,70,2,2,1,0,0,1,39.0,47.0,voiture,utilitaire_camion,1,1,1,1,2
202400029156,2024-03-06 12:30:00,2024,3,6,12,30,27,27525,d65,49.097279,1.348979,Plein jour,Hors agglomération,Hors intersection,Normale,Autre collision,3,2,2,0,1,1,1,0,3,80,1,1,0,0,1,0,30.0,,voiture,,1,1,1,1,6
202400029157,2024-12-16 07:25:00,2024,12,16,7,25,64,64129,BAYONNE DE,43.30577,-0.40301,Crépuscule ou aube,En agglomération,Hors intersection,Normale,Deux véhicules - arrière,4,2,2,2,1,1,1,0,1,50,2,2,1,0,0,1,17.0,52.0,deux_roues,deux_roues,2,2,1,1,2
202400029158,2024-03-06 16:30:00,2024,3,6,16,30,60,60103,Route Nationale 31,49.415385,2.261853,Plein jour,Hors agglomération,Hors intersection,Normale,Deux véhicules - arrière,2,3,2,0,1,1,1,0,1,110,2,4,2,0,0,2,26.0,57.0,voiture,voiture,1,1,1,1,2
202400029159,2024-12-16 09:30:00,2024,12,16,9,30,64,64445,DROITS DE L' HOMME DES,43.31305,-0.36899,Plein jour,En agglomération,Giratoire,Normale,Deux véhicules - côté,4,1,2,1,1,2,1,9,5,50,2,2,1,0,0,1,75.0,31.0,voiture,deux_roues,1,2,6,1,3
202400029159,2024-12-16 09:30:00,2024,12,16,9,30,64,64445,DROITS DE L' HOMME DES,43.31305,-0.36899,Plein jour,En agglomération,Giratoire,Normale,Deux véhicules - côté,4,2,2,0,1,1,1,0,5,50,2,2,1,0,0,1,75.0,31.0,voiture,deux_roues,1,2,6,1,3
202400029160,2024-03-05 15:55:00,2024,3,5,15,55,13,13106,A51-Sens Marseille vers Aix en Provence,43.40527907,5.3600054,Plein jour,Hors agglomération,Hors intersection,Normale,Deux véhicules - côté,1,-1,3,0,1,1,1,0,1,90,2,2,1,0,0,1,59.0,56.0,voiture,utilitaire_camion,1,1,1,1,3
202400029161,2024-12-16 06:50:00,2024,12,16,6,50,64,64445,RONSARD,43.31863,-0.35922,Nuit avec éclairage allumé,En agglomération,Hors intersection,Normale,Deux véhicules - côté,4,2,4,1,1,1,1,0,8,50,2,2,1,0,0,1,18.0,54.0,deux_roues,voiture,5,2,1,1,3
202400029162,2024-12-16 08:25:00,2024,12,16,8,25,60,60057,Rue d'Amiens,49.43863653,2.08854926,Nuit avec éclairage allumé,En agglomération,Hors intersection,Normale,Autre collision,4,2,2,0,3,1,1,0,8,50,1,2,1,0,0,1,71.0,,voiture,,5,2,1,1,6
202400029163,2024-03-04 20:00:00,2024,3,4,20,0,13,13211,A507 sens Aubagne- Marseille,43.29207811,5.45266634,Nuit sans éclairage public,Hors agglomération,Hors intersection,Normale,Deux véhicules - arrière,1,1,2,0,1,1,1,0,1,90,2,3,2,0,0,1,38.0,32.0,voiture,voiture,3,1,1,1,2
202400029164,2024-12-12 17:45:00,2024,12,12,17,45,59,59324,Rue Léon Blum,50.29515,4.0863,Nuit avec éclairage allumé,En agglomération,Intersection en T,Normale,Deux véhicules - côté,3,2,2,0,1,1,1,0,1,50,2,2,1,0,1,0,56.0,16.0,utilitaire_camion,deux_roues,5,2,3,1,3
202400029164,2024-12-12 17:45:00,2024,12,12,17,45,59,59324,Rue Léon Blum,50.29515,4.0863,Nuit avec éclairage allumé,En agglomération,Intersection en T,Normale,Deux véhicules - côté,3,-1,2,0,2,1,1,0,1,50,2,2,1,0,1,0,56.0,16.0,utilitaire_camion,deux_roues,5,2,3,1,3
202400029165,2024-03-05 13:45:00,2024,3,5,13,45,13,13071,A7-Sens Marseille vers Lyon,43.40939184,5.28588321,Plein jour,Hors agglomération,Hors intersection,Normale,Trois véhicules et plus - en chaîne,1,1,3,0,1,1,1,1,1,110,3,3,2,0,0,1,33.0,57.0,voiture,voiture,1,1,1,1,4
202400029166,2024-12-16 08:30:00,2024,12,16,8,30,59,59527,LECLERC RUE DU GENERAL,50.662171,3.050161,Plein jour,En agglomération,Intersection en X,Pluie légère,Autre collision,7,2,2,1,1,1,2,0,1,30,1,2,1,0,0,1,33.0,,voiture,,1,2,2,2,6
202400029166,2024-12-16 08:30:00,2024,12,16,8,30,59,59527,LECLERC RUE DU GENERAL,50.662171,3.050161,Plein jour,En agglomération,Intersection en X,Pluie légère,Autre collision,7,1,0,0,1,1,2,0,1,30,1,2,1,0,0,1,33.0,,voiture,,1,2,2,2,6
202400029167,2024-12-13 16:28:00,2024,12,13,16,28,57,57683,Rue Jeanne d'Arc,49.3011392,6.16238146,Plein jour,En agglomération,Hors intersection,Normale,Autre collision,3,2,2,0,1,1,1,0,1,50,1,2,1,0,1,0,21.0,,voiture,,1,2,1,1,6
202400029168,2024-03-04 10:27:00,2024,3,4,10,27,13,13213,A507 sens Marseille - Aubagne,43.32632788,5.42112018,Plein jour,Hors agglomération,Hors intersection,Normale,Deux véhicules - arrière,1,1,2,0,2,1,1,0,1,70,3,3,1,0,0,2,51.0,36.0,voiture,voiture,1,1,1,1,2
202400029169,2024-12-16 08:40:00,2024,12,16,8,40,56,56260,Avenue Paul Duplaix,47.65289,-2.71543,Plein jour,Hors agglomération,Hors intersection,Normale,Deux véhicules - côté,4,2,2,1,1,1,2,0,1,50,2,2,1,0,0,1,42.0,21.0,voiture,deux_roues,1,1,1,1,3
202400029170,2024-03-05 00:13:00,2024,3,5,0,13,13,13117,A7-Sens Lyon vers Marseille,43.432,5.2581,Nuit sans éclairage public,Hors agglomération,Hors intersection,Normale,Autre collision,1,1,2,0,1,1,1,0,1,90,1,1,0,0,0,1,20.0,,voiture,,3,1,1,1,6
202400029171,2024-12-14 01:02:00,2024,12,14,1,2,56,56036,Route de Kerviec,47.780303,-3.351311,Nuit avec éclairage non allumé,En agglomération,Giratoire,Normale,Autre collision,4,2,2,0,1,3,1,5,1,30,1,1,0,0,0,1,61.0,,voiture,,4,2,6,1,6
202400029172,2024-03-04 12:51:00,2024,3,4,12,51,13,13071,A7-Sens Lyon vers Marseille,43.40479107,5.34038573,Plein jour,Hors agglomération,Hors intersection,Normale,Deux véhicules - arrière,1,1,4,0,2,1,9,0,1,70,2,2,1,1,0,0,40.0,45.0,deux_roues,voiture,1,1,1,1,2
202400029173,2024-12-15 12:50:00,2024,12,15,12,50,56,56121,Boulevard du Scorff,47.76351,-3.36732,Plein jour,En agglomération,Autre intersection,Normale,Deux véhicules - côté,4,2,2,1,2,3,1,-1,5,30,2,2,1,0,0,1,69.0,40.0,deux_roues,voiture,1,2,9,1,3
202400029174,2024-12-15 18:10:00,2024,12,15,18,10,54,54395,Rue de la Croix Saint Claude,48.69164973,6.13843113,Nuit avec éclairage allumé,En agglomération,Hors intersection,Normale,Autre collision,4,3,2,0,1,1,1,0,1,30,1,3,2,0,0,1,,,utilitaire_camion,,5,2,1,1,6
202400029175,2024-03-05 12:45:00,2024,3,5,12,45,91,91228,RN 104,48.6255,2.41772,Plein jour,Hors agglomération,Hors intersection,Pluie légère,Deux véhicules - côté,2,1,3,0,1,1,2,0,1,90,2,2,1,0,0,1,40.0,42.0,utilitaire_camion,voiture,1,1,1,2,3
202400029176,2024-12-16 17:20:00,2024,12,16,17,20,54,54323,Rue Mercy,49.52375164,5.76447755,Nuit avec éclairage allumé,En agglomération,Hors intersection,Pluie légère,Autre collision,3,2,1,0,1,1,2,0,1,50,1,2,1,0,0,1,75.0,,voiture,,5,2,1,2,6
202400029177,2024-03-05 04:23:00,2024,3,5,4,23,94,94076,A6B,48.78543196,2.34573083,Nuit sans éclairage public,Hors agglomération,Hors intersection,Pluie légère,Deux véhicules - arrière,1,1,3,0,1,1,2,0,1,90,2,2,1,0,0,1,32.0,33.0,utilitaire_camion,voiture,3,1,1,2,2
202400029178,2024-12-16 12:00:00,2024,12,16,12,0,54,54273,Avenue Wilson,49.15581,5.88394,Plein jour,En agglomération,Giratoire,Temps couvert,Autre collision,4,1,2,0,1,3,2,0,1,50,1,2,1,1,0,0,40.0,,utilitaire_camion,,1,2,6,8,6
202400029178,2024-12-16 12:00:00,2024,12,16,12,0,54,54273,Avenue Wilson,49.15581,5.88394,Plein jour,En agglomération,Giratoire,Temps couvert,Autre collision,4,2,2,0,1,1,2,0,1,50,1,2,1,1,0,0,40.0,,utilitaire_camion,,1,2,6,8,6
202400029179,2024-03-05 08:30:00,2024,3,5,8,30,93,93005,A3,48.93958962,2.47948796,Plein jour,Hors agglomération,Hors intersection,Temps couvert,Trois véhicules et plus - collisions multiples,1,3,6,0,1,1,2,0,1,110,3,3,2,0,0,1,57.0,38.0,deux_roues,voiture,1,1,1,8,5
202400029180,2024-12-15 02:25:00,2024,12,15,2,25,51,51454,EISENHOWER (AVENUE DU GENERAL),49.23952,4.00758,Nuit avec éclairage allumé,En agglomération,Intersection en T,Normale,Deux véhicules - côté,4,2,2,0,1,1,2,0,1,50,2,5,4,0,0,1,44.0,27.0,voiture,voiture,5,2,3,1,3
202400029180,2024-12-15 02:25:00,2024,12,15,2,25,51,51454,EISENHOWER (AVENUE DU GENERAL),49.23952,4.00758,Nuit avec éclairage allumé,En agglomération,Intersection en T,Normale,Deux véhicules - côté,4,4,3,0,1,1,2,0,1,50,2,5,4,0,0,1,44.0,27.0,voiture,voiture,5,2,3,1,3
202400029181,2024-02-01 14:20:00,2024,2,1,14,20,44,44143,Avenue du maréchal de Lattre de Tassigny,47.19382195,-1.57067801,Plein jour,En agglomération,Hors intersection,Normale,Sans collision,4,2,2,2,1,1,1,-1,1,50,1,1,0,0,0,1,38.0,,deux_roues,,1,2,1,1,7
202400029182,2024-12-14 17:15:00,2024,12,14,17,15,51,51474,SAINT THIERRY (CHEMIN DE) A REIMS,49.28301,3.991896,Nuit sans éclairage public,Hors agglomération,Hors intersection,Pluie légère,Deux véhicules - frontale,4,2,2,0,1,3,2,0,1,50,2,2,1,0,0,1,74.0,35.0,utilitaire_camion,voiture,3,1,1,2,1
202400029183,2024-12-14 12:03:00,2024,12,14,12,3,51,51108,DE GAULLE (AVE GENERAL),48.94916,4.37091,Plein jour,En agglomération,Hors intersection,Temps couvert,Autre collision,4,2,2,0,1,1,1,0,1,50,1,2,1,0,0,1,51.0,,voiture,,1,2,1,8,6
202400029184,2024-01-31 19:00:00,2024,1,31,19,0,44,44190,,47.19102726,-1.49031174,Nuit sans éclairage public,Hors agglomération,Hors intersection,Temps couvert,Trois véhicules et plus - en chaîne,2,3,4,0,2,1,1,2,1,70,3,3,2,0,0,1,27.0,33.0,voiture,deux_roues,3,1,1,8,4
202400029185,2024-12-16 12:15:00,2024,12,16,12,15,45,45169,Rue de Changelin,47.92063,1.82638,Plein jour,En agglomération,Intersection en X,Temps couvert,Deux véhicules - côté,4,2,2,0,1,1,1,0,1,50,2,2,1,0,0,1,69.0,16.0,voiture,deux_roues,1,2,2,8,3
202400029185,2024-12-16 12:15:00,2024,12,16,12,15,45,45169,Rue de Changelin,47.92063,1.82638,Plein jour,En agglomération,Intersection en X,Temps couvert,Deux véhicules - côté,4,2,0,0,1,1,1,0,1,50,2,2,1,0,0,1,69.0,16.0,voiture,deux_roues,1,2,2,8,3
202400029186,2024-12-16 09:40:00,2024,12,16,9,40,45,45286,1 Allée des Bouvreuils,47.880801,1.934193,Plein jour,En agglomération,Hors intersection,Normale,Autre collision,4,1,1,0,1,2,2,0,1,50,2,2,1,0,0,1,41.0,38.0,utilitaire_camion,deux_roues,1,2,1,1,6
202400029187,2024-12-16 22:15:00,2024,12,16,22,15,44,44109,19 Rue Eugène Thomas,47.2614,-1.57095,Nuit avec éclairage allumé,En agglomération,Intersection en X,Normale,Deux véhicules - côté,4,2,2,3,1,1,1,4,6,50,2,2,1,0,0,1,17.0,73.0,deux_roues,voiture,5,2,2,1,3
202400029187,2024-12-16 22:15:00,2024,12,16,22,15,44,44109,19 Rue Eugène Thomas,47.2614,-1.57095,Nuit avec éclairage allumé,En agglomération,Intersection en X,Normale,Deux véhicules - côté,4,2,2,0,1,1,1,4,6,50,2,2,1,0,0,1,17.0,73.0,deux_roues,voiture,5,2,2,1,3
202400029188,2024-01-30 13:20:00,2024,1,30,13,20,44,44143,Place du 8 mai 1945,47.18928357,-1.55196178,Plein jour,En agglomération,Giratoire,Temps couvert,Deux véhicules - côté,4,2,2,0,1,1,1,5,1,50,2,2,1,0,0,1,32.0,39.0,deux_roues,voiture,1,2,6,8,3
202400029189,2024-12-07 02:40:00,2024,12,7,2,40,43,43041,Avenue Charles Dupuy,45.0529,3.911,Nuit avec éclairage allumé,En agglomération,Hors intersection,Normale,Autre collision,3,2,2,0,1,1,1,0,1,50,1,2,0,0,0,2,40.0,,voiture,,5,2,1,1,6
202400029190,2024-12-16 05:35:00,2024,12,16,5,35,41,41018,CHATEAU-RENAULT (ROUTE DE),47.58213,1.30119,Nuit avec éclairage allumé,En agglomération,Hors intersection,Brouillard / fumée,Deux véhicules - frontale,4,2,2,0,1,1,2,0,1,50,2,3,1,0,0,2,,55.0,voiture,voiture,5,2,1,5,1