accident_id,datetime,annee,mois,jour,heure,minute,departement,commune_insee,adresse,latitude,longitude,luminosite,agglomeration,intersection,meteo,collision,catr,circ,nbv,vosp,prof,plan,surf,infra,situ,vma,nb_vehicules,nb_usagers,nb_indemnes,nb_tues,nb_blesses_hosp,nb_blesses_legers,age_cond_1,age_cond_2,veh_type_cond_1,veh_type_cond_2,lum_code,agg_code,int_code,atm_code,col_code
202400029191,2024-01-31 08:48:00,2024,1,31,8,48,44,44109,27 Rue de Strasbourg,47.21805761,-1.55303704,Plein jour,En agglomération,Hors intersection,Temps couvert,Trois véhicules et plus - en chaîne,4,2,2,2,1,1,1,-1,1,50,3,3,2,0,0,1,77.0,27.0,voiture,voiture,1,2,1,8,4
202400029192,2024-12-16 08:35:00,2024,12,16,8,35,37,37261,GIRAUDEAU (RUE),47.38777,0.67655,Plein jour,En agglomération,Hors intersection,Pluie légère,Autre collision,4,2,2,0,1,1,2,0,1,50,1,2,1,0,0,1,,,voiture,,1,2,1,2,6
202400029193,2024-12-15 20:05:00,2024,12,15,20,5,36,36044,Boulevard Saint-Denis,46.81570928,1.70882866,Nuit avec éclairage allumé,En agglomération,Hors intersection,Temps couvert,Autre collision,4,3,1,0,1,1,1,0,1,50,1,1,0,0,0,1,37.0,,deux_roues,,5,2,1,8,6
202400029194,2024-01-30 08:00:00,2024,1,30,8,0,44,44109,11 Boulevard Général de Gaulle,47.20694207,-1.53970599,Crépuscule ou aube,En agglomération,Intersection en X,Normale,Deux véhicules - côté,4,2,2,3,1,1,1,5,1,30,2,2,1,0,0,1,50.0,51.0,voiture,deux_roues,2,2,2,1,3
202400029194,2024-01-30 08:00:00,2024,1,30,8,0,44,44109,11 Boulevard Général de Gaulle,47.20694207,-1.53970599,Crépuscule ou aube,En agglomération,Intersection en X,Normale,Deux véhicules - côté,4,3,4,3,1,1,1,5,1,50,2,2,1,0,0,1,50.0,51.0,voiture,deux_roues,2,2,2,1,3
202400029195,2024-12-16 19:30:00,2024,12,16,19,30,34,34301,HERRIOT EDOUARD (PLACE),43.3946,3.67727,Nuit avec éclairage allumé,En agglomération,Intersection en T,Normale,Autre collision,4,2,2,0,1,1,1,0,1,30,1,2,1,0,0,1,72.0,,voiture,,5,2,3,1,6
202400029195,2024-12-16 19:30:00,2024,12,16,19,30,34,34301,HERRIOT EDOUARD (PLACE),43.3946,3.67727,Nuit avec éclairage allumé,En agglomération,Intersection en T,Normale,Autre collision,4,2,2,0,1,1,1,0,1,50,1,2,1,0,0,1,72.0,,voiture,,5,2,3,1,6
202400029196,2024-12-16 13:35:00,2024,12,16,13,35,34,34172,CENTRAYRARGUES (RUE DE),43.59686,3.88052,Plein jour,En agglomération,Intersection en T,Normale,Autre collision,4,1,1,0,3,3,1,8,1,30,1,2,1,0,1,0,26.0,,voiture,,1,2,3,1,6
202400029196,2024-12-16 13:35:00,2024,12,16,13,35,34,34172,CENTRAYRARGUES (RUE DE),43.59686,3.88052,Plein jour,En agglomération,Intersection en T,Normale,Autre collision,4,1,1,0,3,3,1,8,1,30,1,2,1,0,1,0,26.0,,voiture,,1,2,3,1,6
202400029197,2024-01-30 10:35:00,2024,1,30,10,35,44,44109,Route de Paris,47.25438276,-1.51313781,Plein jour,En agglomération,Intersection en T,Temps couvert,Deux véhicules - côté,4,2,2,0,1,1,1,5,1,50,2,2,1,0,0,1,88.0,26.0,deux_roues,voiture,1,2,3,8,3
202400029197,2024-01-30 10:35:00,2024,1,30,10,35,44,44109,Route de Paris,47.25438276,-1.51313781,Plein jour,En agglomération,Intersection en T,Temps couvert,Deux véhicules - côté,4,3,4,0,1,1,1,5,1,50,2,2,1,0,0,1,88.0,26.0,deux_roues,voiture,1,2,3,8,3
202400029198,2024-12-16 20:04:00,2024,12,16,20,4,33,33550,,44.76475,-0.56123,Nuit avec éclairage allumé,En agglomération,Hors intersection,Normale,Deux véhicules - côté,4,2,2,0,1,1,1,0,1,50,2,2,1,0,1,0,59.0,42.0,voiture,deux_roues,5,2,1,1,3
202400029199,2024-01-30 09:20:00,2024,1,30,9,20,44,44109,504 Route de Saint Joseph,47.2719913,-1.51632199,Plein jour,En agglomération,Hors intersection,Temps couvert,Deux véhicules - côté,4,2,2,0,1,1,1,5,1,50,2,2,1,0,0,1,46.0,31.0,deux_roues,voiture,1,2,1,8,3
202400029200,2024-01-29 10:45:00,2024,1,29,10,45,44,44109,6 Rue Samuel de Champlain,47.26073316,-1.57436549,Plein jour,En agglomération,Hors intersection,Temps couvert,Autre collision,4,2,2,0,1,1,1,0,1,30,1,2,1,0,0,1,34.0,,voiture,,1,2,1,8,6
202400029201,2024-01-24 13:20:00,2024,1,24,13,20,44,44109,194 Route de Saint Joseph,47.24873457,-1.53035126,Plein jour,En agglomération,Giratoire,Temps couvert,Deux véhicules - arrière,4,2,2,3,1,1,1,5,1,50,2,2,1,0,0,1,50.0,50.0,voiture,utilitaire_camion,1,2,6,8,2
202400029202,2024-12-16 15:45:00,2024,12,16,15,45,33,33069,,44.85597,-0.59224,Plein jour,En agglomération,Hors intersection,Normale,Deux véhicules - côté,4,3,4,0,1,1,1,0,1,50,2,2,1,0,0,1,36.0,53.0,voiture,deux_roues,1,2,1,1,3
202400029203,2024-01-24 07:30:00,2024,1,24,7,30,44,44109,30 Boulevard Maréchal Alphonse Juin,47.19827283,-1.59922479,Plein jour,En agglomération,Hors intersection,Temps couvert,Autre collision,4,2,2,3,1,1,2,-1,1,50,1,2,1,0,0,1,58.0,,voiture,,1,2,1,8,6
202400029204,2024-01-21 05:29:00,2024,1,21,5,29,44,44109,21 Rue Paul Bellamy,47.22216899,-1.55657321,Nuit avec éclairage allumé,En agglomération,Hors intersection,Temps couvert,Deux véhicules - côté,4,2,2,2,1,1,1,-1,1,50,2,2,1,0,0,1,42.0,41.0,voiture,deux_roues,5,2,1,8,3
202400029205,2024-12-16 09:40:00,2024,12,16,9,40,33,33522,,44.80142,-0.581,Plein jour,En agglomération,Giratoire,Normale,Deux véhicules - côté,4,2,2,0,1,1,1,0,1,30,2,2,1,0,0,1,37.0,67.0,deux_roues,voiture,1,2,6,1,3
202400029205,2024-12-16 09:40:00,2024,12,16,9,40,33,33522,,44.80142,-0.581,Plein jour,En agglomération,Giratoire,Normale,Deux véhicules - côté,4,2,2,0,1,1,1,0,1,50,2,2,1,0,0,1,37.0,67.0,deux_roues,voiture,1,2,6,1,3
202400029206,2024-01-19 14:00:00,2024,1,19,14,0,44,44143,Boulevard Victor Schoelcher,47.1953603,-1.56230579,Nuit avec éclairage allumé,En agglomération,Giratoire,Temps couvert,Deux véhicules - arrière,4,3,4,2,1,1,1,0,1,50,2,2,1,0,0,1,36.0,23.0,deux_roues,voiture,5,2,6,8,2
202400029207,2024-12-16 13:55:00,2024,12,16,13,55,32,32013,SAMBRE ET MEUSE (AVENUE),43.6495,0.59754,Plein jour,En agglomération,Hors intersection,Normale,Sans collision,4,2,2,0,1,1,1,0,1,50,1,2,1,0,1,0,44.0,,utilitaire_camion,,1,2,1,1,7
202400029208,2024-01-19 08:00:00,2024,1,19,8,0,44,44162,8 Rue Océane,47.22387775,-1.62788141,Crépuscule ou aube,En agglomération,Hors intersection,Temps couvert,Autre collision,6,-1,0,0,1,1,1,0,1,30,1,2,1,0,0,1,50.0,,voiture,,2,2,1,8,6
202400029209,2024-03-04 10:28:00,2024,3,4,10,28,976,97611,m'tsapere-Nationale 2 (route),-12.79215,45.22112,Plein jour,Hors agglomération,Hors intersection,Normale,Deux véhicules - frontale,4,2,2,0,1,1,1,0,1,50,2,2,0,0,0,2,37.0,36.0,voiture,deux_roues,1,1,1,1,1
202400029210,2024-12-16 20:05:00,2024,12,16,20,5,22,22113,MONTROULEZ (HENT COZ),48.72927,-3.47525,Nuit sans éclairage public,En agglomération,Intersection en Y,Normale,Deux véhicules - côté,3,3,3,0,2,3,2,5,1,70,2,2,1,0,0,1,44.0,19.0,voiture,voiture,3,2,4,1,3
202400029210,2024-12-16 20:05:00,2024,12,16,20,5,22,22113,MONTROULEZ (HENT COZ),48.72927,-3.47525,Nuit sans éclairage public,En agglomération,Intersection en Y,Normale,Deux véhicules - côté,3,2,2,0,2,3,2,5,1,50,2,2,1,0,0,1,44.0,19.0,voiture,voiture,3,2,4,1,3
202400029211,2024-03-04 21:25:00,2024,3,4,21,25,974,97411,CHAUDRON  (BLD 1 DU),-20.89242,55.49162,Nuit avec éclairage allumé,En agglomération,Giratoire,Normale,Deux véhicules - côté,2,-1,2,0,1,2,1,9,1,50,2,2,1,0,0,1,65.0,23.0,voiture,deux_roues,5,2,6,1,3
202400029211,2024-03-04 21:25:00,2024,3,4,21,25,974,97411,CHAUDRON  (BLD 1 DU),-20.89242,55.49162,Nuit avec éclairage allumé,En agglomération,Giratoire,Normale,Deux véhicules - côté,2,-1,3,0,1,1,1,0,1,50,2,2,1,0,0,1,65.0,23.0,voiture,deux_roues,5,2,6,1,3
202400029212,2024-03-04 08:00:00,2024,3,4,8,0,973,97302,RABAN (ROUTE DE),4.92968519,-52.31333256,Plein jour,En agglomération,Hors intersection,Normale,Deux véhicules - côté,4,2,2,0,2,1,1,0,1,50,2,3,1,0,0,2,24.0,21.0,utilitaire_camion,deux_roues,1,2,1,1,3
202400029213,2024-12-16 16:10:00,2024,12,16,16,10,19,19031,JASMIN (AVENUE),45.1569,1.51309,Plein jour,En agglomération,Hors intersection,Normale,Deux véhicules - frontale,4,2,2,0,1,1,1,0,1,50,2,3,1,0,0,2,91.0,66.0,utilitaire_camion,voiture,1,2,1,1,1
202400029214,2024-03-01 05:30:00,2024,3,1,5,30,69,69387,Rue Chevreul,45.74918,4.83842,Crépuscule ou aube,En agglomération,Intersection en X,Normale,Deux véhicules - côté,4,1,1,2,1,1,1,0,1,30,2,2,1,0,0,1,53.0,21.0,deux_roues,voiture,2,2,2,1,3
202400029214,2024-03-01 05:30:00,2024,3,1,5,30,69,69387,Rue Chevreul,45.74918,4.83842,Crépuscule ou aube,En agglomération,Intersection en X,Normale,Deux véhicules - côté,4,1,1,2,1,1,1,0,1,30,2,2,1,0,0,1,53.0,21.0,deux_roues,voiture,2,2,2,1,3
202400029215,2024-12-16 09:45:00,2024,12,16,9,45,19,19031,SEMARD (AVENUE PIERRE) A PARTIR DE N° 75,45.15432,1.51214,Plein jour,En agglomération,Intersection en X,Normale,Deux véhicules - côté,4,2,2,0,1,1,1,0,1,50,2,2,1,0,0,1,61.0,36.0,voiture,utilitaire_camion,1,2,2,1,3
202400029215,2024-12-16 09:45:00,2024,12,16,9,45,19,19031,SEMARD (AVENUE PIERRE) A PARTIR DE N° 75,45.15432,1.51214,Plein jour,En agglomération,Intersection en X,Normale,Deux véhicules - côté,4,2,3,0,1,1,1,0,1,50,2,2,1,0,0,1,61.0,36.0,voiture,utilitaire_camion,1,2,2,1,3
202400029216,2024-03-04 10:15:00,2024,3,4,10,15,69,69383,Quai Victor Augagneur,45.75998,4.84108,Plein jour,En agglomération,Intersection en X,Normale,Deux véhicules - côté,4,1,2,2,1,1,1,0,1,30,2,4,2,0,0,2,64.0,28.0,voiture,voiture,1,2,2,1,3
202400029216,2024-03-04 10:15:00,2024,3,4,10,15,69,69383,Quai Victor Augagneur,45.75998,4.84108,Plein jour,En agglomération,Intersection en X,Normale,Deux véhicules - côté,4,1,3,0,1,1,1,0,1,50,2,4,2,0,0,2,64.0,28.0,voiture,voiture,1,2,2,1,3
202400029217,2024-03-04 08:00:00,2024,3,4,8,0,971,97113,SECTEUR DAMPIERRE,16.20873,-61.47011,Plein jour,Hors agglomération,Hors intersection,Normale,Deux véhicules - côté,2,2,0,0,1,1,1,0,1,70,2,2,1,0,0,1,27.0,51.0,voiture,deux_roues,1,1,1,1,3
202400029218,2024-12-16 13:15:00,2024,12,16,13,15,13,13213,OLIVES (AVENUE DES),43.32,5.44,Plein jour,En agglomération,Hors intersection,Normale,Deux véhicules - côté,4,2,2,0,1,1,1,0,1,50,2,3,1,0,0,2,27.0,35.0,voiture,deux_roues,1,2,1,1,3
202400029219,2024-03-03 18:25:00,2024,3,3,18,25,971,97101,DUGAZON,16.25191,-61.52026,Nuit avec éclairage allumé,En agglomération,Hors intersection,Normale,Deux véhicules - arrière,3,2,2,0,1,1,1,0,1,50,2,2,1,0,1,0,30.0,30.0,voiture,deux_roues,5,2,1,1,2
202400029220,2024-12-16 08:35:00,2024,12,16,8,35,13,13215,SAINT LOUIS (AVENUE DE),43.34907,5.35898,Plein jour,En agglomération,Hors intersection,Normale,Deux véhicules - frontale,4,2,2,0,2,1,1,0,1,50,1,3,1,0,0,2,29.0,,voiture,,1,2,1,1,1
202400029221,2024-03-03 12:30:00,2024,3,3,12,30,971,97113,BESSON,16.23821684,-61.49960876,Plein jour,En agglomération,Hors intersection,Normale,Autre collision,3,-1,2,0,1,1,2,0,1,50,1,2,1,0,1,0,31.0,,voiture,,1,2,1,1,6
202400029222,2024-12-16 16:00:00,2024,12,16,16,0,13,13047,RADOLFZELL AVENUE DE,43.49829,4.98599,Plein jour,En agglomération,Giratoire,Normale,Deux véhicules - côté,4,1,2,0,1,1,1,0,1,50,2,2,1,0,1,0,61.0,47.0,voiture,deux_roues,1,2,6,1,3
202400029222,2024-12-16 16:00:00,2024,12,16,16,0,13,13047,RADOLFZELL AVENUE DE,43.49829,4.98599,Plein jour,En agglomération,Giratoire,Normale,Deux véhicules - côté,4,1,2,0,1,1,1,0,1,50,2,2,1,0,1,0,61.0,47.0,voiture,deux_roues,1,2,6,1,3
202400029223,2024-12-16 19:55:00,2024,12,16,19,55,10,10081,OUEST (BD),48.30479,4.02664,Nuit avec éclairage allumé,En agglomération,Giratoire,Pluie légère,Autre collision,4,-1,2,0,1,2,2,0,1,50,1,1,0,0,0,1,35.0,,deux_roues,,5,2,6,2,6
202400029223,2024-12-16 19:55:00,2024,12,16,19,55,10,10081,OUEST (BD),48.30479,4.02664,Nuit avec éclairage allumé,En agglomération,Giratoire,Pluie légère,Autre collision,4,2,2,0,1,1,2,0,1,50,1,1,0,0,0,1,35.0,,deux_roues,,5,2,6,2,6
202400029224,2024-03-03 00:07:00,2024,3,3,0,7,971,97120,CARENAGE,16.23036,-61.53382,Nuit avec éclairage allumé,En agglomération,Hors intersection,Normale,Deux véhicules - frontale,4,2,2,0,1,2,1,0,1,50,2,6,4,0,0,2,25.0,19.0,voiture,autre,5,2,1,1,1
202400029225,2024-12-16 10:20:00,2024,12,16,10,20,07,07281,Route du Pin,44.930158,4.812462,Plein jour,Hors agglomération,Hors intersection,Normale,Deux véhicules - frontale,3,2,2,0,2,2,1,0,1,90,2,2,0,0,0,2,63.0,18.0,voiture,voiture,1,1,1,1,1
202400029226,2024-02-29 19:40:00,2024,2,29,19,40,971,97107,FILAOS ( RUE DES ),16.05413,-61.56187,Nuit sans éclairage public,En agglomération,Intersection en T,Normale,Autre collision,4,2,2,0,1,1,1,0,1,50,1,2,1,0,0,1,,,autre,,3,2,3,1,6
202400029226,2024-02-29 19:40:00,2024,2,29,19,40,971,97107,FILAOS ( RUE DES ),16.05413,-61.56187,Nuit sans éclairage public,En agglomération,Intersection en T,Normale,Autre collision,4,2,2,0,1,3,1,9,1,50,1,2,1,0,0,1,,,autre,,3,2,3,1,6
202400029227,2024-03-04 14:00:00,2024,3,4,14,0,95,95060,EST (RUE DE L'),49.0367379,2.21250862,Plein jour,En agglomération,Hors intersection,Normale,Autre collision,4,1,1,0,1,1,1,0,1,50,1,2,1,0,0,1,58.0,,voiture,,1,2,1,1,6
202400029228,2024-12-16 10:10:00,2024,12,16,10,10,07,07070,ALPES (RUE DES),44.96476,4.84937,Plein jour,En agglomération,Intersection en T,Normale,Autre collision,4,2,2,0,1,1,1,0,1,50,1,2,1,0,0,1,75.0,,voiture,,1,2,3,1,6
202400029228,2024-12-16 10:10:00,2024,12,16,10,10,07,07070,ALPES (RUE DES),44.96476,4.84937,Plein jour,En agglomération,Intersection en T,Normale,Autre collision,4,2,2,0,1,1,1,0,1,50,1,2,1,0,0,1,75.0,,voiture,,1,2,3,1,6
202400029229,2024-12-16 10:15:00,2024,12,16,10,15,06,06030,69 Avenue Maurice Cheval,43.56728,6.99193,Plein jour,En agglomération,Hors intersection,Temps éblouissant,Autre collision,4,3,2,0,1,3,1,0,1,50,1,2,1,0,1,0,89.0,,voiture,,1,2,1,7,6
202400029230,2024-03-03 20:45:00,2024,3,3,20,45,95,95051,JULES CESAR (CHAUSSEE),49.01080194,2.19286948,Nuit avec éclairage allumé,En agglomération,Hors intersection,Normale,Deux véhicules - côté,4,-1,1,0,1,1,1,0,1,50,2,3,2,0,0,1,26.0,49.0,voiture,deux_roues,5,2,1,1,3
202400029231,2024-12-15 10:00:00,2024,12,15,10,0,06,06155,2 Route de Cannes,43.57408,7.04866,Plein jour,En agglomération,Giratoire,Normale,Deux véhicules - côté,3,1,1,0,1,1,1,5,1,50,2,2,1,0,1,0,74.0,48.0,deux_roues,utilitaire_camion,1,2,6,1,3
202400029231,2024-12-15 10:00:00,2024,12,15,10,0,06,06155,2 Route de Cannes,43.57408,7.04866,Plein jour,En agglomération,Giratoire,Normale,Deux véhicules - côté,3,2,1,0,1,1,1,5,1,50,2,2,1,0,1,0,74.0,48.0,deux_roues,utilitaire_camion,1,2,6,1,3
202400029232,2024-03-04 08:55:00,2024,3,4,8,55,95,95607,SAINT PRIX (RUE DE),49.02115613,2.1967265,Plein jour,En agglomération,Intersection en T,Normale,Deux véhicules - côté,4,2,2,0,1,1,1,0,1,50,2,2,1,0,0,1,61.0,73.0,autre,voiture,1,2,3,1,3
202400029232,2024-03-04 08:55:00,2024,3,4,8,55,95,95607,SAINT PRIX (RUE DE),49.02115613,2.1967265,Plein jour,En agglomération,Intersection en T,Normale,Deux véhicules - côté,4,2,2,0,1,1,1,0,1,50,2,2,1,0,0,1,61.0,73.0,autre,voiture,1,2,3,1,3
202400029233,2024-12-16 10:00:00,2024,12,16,10,0,75,75114,BD PERIPHERIQUE INTERIEUR,48.817212,2.334982,Plein jour,En agglomération,Hors intersection,Temps couvert,Deux véhicules - arrière,4,1,2,0,1,1,2,0,1,50,2,2,1,0,0,1,23.0,51.0,voiture,voiture,1,2,1,8,2
202400029234,2024-03-04 07:25:00,2024,3,4,7,25,95,95252,D14,48.98023839,2.23512419,Plein jour,En agglomération,Intersection en X,Normale,Autre collision,3,3,4,0,1,3,1,0,1,50,1,2,1,0,0,1,54.0,,voiture,,1,2,2,1,6
202400029234,2024-03-04 07:25:00,2024,3,4,7,25,95,95252,D14,48.98023839,2.23512419,Plein jour,En agglomération,Intersection en X,Normale,Autre collision,3,2,2,0,1,1,1,0,1,50,1,2,1,0,0,1,54.0,,voiture,,1,2,2,1,6
202400029235,2024-03-04 12:30:00,2024,3,4,12,30,95,95210,BARRE (RUE DE LA),48.96348,2.31222,Plein jour,En agglomération,Hors intersection,Normale,Autre collision,4,2,2,0,1,1,1,0,1,30,1,2,1,0,0,1,25.0,,voiture,,1,2,1,1,6
202400029236,2024-12-17 09:45:00,2024,12,17,9,45,75,75118,PLACE ALBERT KAHN,48.896053,2.346042,Plein jour,En agglomération,Place,Normale,Deux véhicules - côté,4,1, -1,-1,1,1,1,0,1,30,2,2,1,0,0,1,57.0,40.0,utilitaire_camion,deux_roues,1,2,7,1,3
202400029236,2024-12-17 09:45:00,2024,12,17,9,45,75,75118,PLACE ALBERT KAHN,48.896053,2.346042,Plein jour,En agglomération,Place,Normale,Deux véhicules - côté,4,-1,4,0,1,1,1,5,1,30,2,2,1,0,0,1,57.0,40.0,utilitaire_camion,deux_roues,1,2,7,1,3
202400029237,2024-03-04 07:25:00,2024,3,4,7,25,95,95063,MAURICE BERTEAUX (RUE),48.9278027,2.21081883,Plein jour,En agglomération,Hors intersection,Normale,Deux véhicules - côté,4,1,1,1,1,1,1,0,1,30,2,2,1,0,0,1,30.0,58.0,voiture,deux_roues,1,2,1,1,3
202400029238,2024-12-17 20:45:00,2024,12,17,20,45,75,75117,AVENUE DE CLICHY,48.891243,2.319301,Nuit avec éclairage allumé,En agglomération,Intersection en Y,Normale,Deux véhicules - côté,4,2,3,1,2,1,1,0,1,30,2,3,2,0,0,1,25.0,20.0,voiture,deux_roues,5,2,4,1,3
202400029238,2024-12-17 20:45:00,2024,12,17,20,45,75,75117,AVENUE DE CLICHY,48.891243,2.319301,Nuit avec éclairage allumé,En agglomération,Intersection en Y,Normale,Deux véhicules - côté,4,2,2,0,2,1,1,0,1,30,2,3,2,0,0,1,25.0,20.0,voiture,deux_roues,5,2,4,1,3
202400029239,2024-02-29 07:57:00,2024,2,29,7,57,91,91021,LIMOURS (ROUTE DE),48.59946,2.2408,Plein jour,En agglomération,Hors intersection,Pluie légère,Deux véhicules - arrière,3,2,4,0,1,1,2,0,1,50,2,2,1,0,1,0,60.0,48.0,voiture,utilitaire_camion,1,2,1,2,2
202400029240,2024-12-17 18:20:00,2024,12,17,18,20,75,75117,RUE CARDINET,48.891109,2.31799,Nuit avec éclairage allumé,En agglomération,Intersection en T,Normale,Autre collision,4,1, -1,-1,1,1,1,0,1,30,1,2,1,0,0,1,25.0,,utilitaire_camion,,5,2,3,1,6
202400029240,2024-12-17 18:20:00,2024,12,17,18,20,75,75117,RUE CARDINET,48.891109,2.31799,Nuit avec éclairage allumé,En agglomération,Intersection en T,Normale,Autre collision,4,2,2,0,1,1,1,0,1,30,1,2,1,0,0,1,25.0,,utilitaire_camion,,5,2,3,1,6
202400029241,2024-03-04 09:40:00,2024,3,4,9,40,91,91657,PRESIDENT ROBERT LAKOTA (AVENUE DU),48.707614,2.413718,Plein jour,En agglomération,Hors intersection,Normale,Deux véhicules - côté,4,2,2,0,3,3,1,0,1,50,2,4,1,0,0,3,37.0,59.0,utilitaire_camion,transport_commun,1,2,1,1,3
202400029242,2024-03-03 00:15:00,2024,3,3,0,15,91,91114,CHARLES CHRISTOFLE (AVENUE),48.70142,2.49359,Nuit avec éclairage allumé,En agglomération,Intersection en X,Pluie légère,Deux véhicules - côté,3,3,2,1,1,1,2,5,1,50,2,2,1,0,0,1,57.0,15.0,voiture,deux_roues,5,2,2,2,3
202400029242,2024-03-03 00:15:00,2024,3,3,0,15,91,91114,CHARLES CHRISTOFLE (AVENUE),48.70142,2.49359,Nuit avec éclairage allumé,En agglomération,Intersection en X,Pluie légère,Deux véhicules - côté,3,2,2,0,2,1,2,0,1,50,2,2,1,0,0,1,57.0,15.0,voiture,deux_roues,5,2,2,2,3
202400029243,2024-12-16 16:22:00,2024,12,16,16,22,75,75116,ROUTE DE LA PORTE DAUPHINE A LA PORTE DES SABLONS,48.874924,2.271135,Plein jour,En agglomération,Intersection en X,Normale,Deux véhicules - frontale,4,2, -1,0,1,1,1,0,1,50,2,2,0,0,0,2,80.0,54.0,deux_roues,deux_roues,1,2,2,1,1
202400029243,2024-12-16 16:22:00,2024,12,16,16,22,75,75116,ROUTE DE LA PORTE DAUPHINE A LA PORTE DES SABLONS,48.874924,2.271135,Plein jour,En agglomération,Intersection en X,Normale,Deux véhicules - frontale,4,2,2,0,1,1,1,0,1,50,2,2,0,0,0,2,80.0,54.0,deux_roues,deux_roues,1,2,2,1,1
202400029244,2024-03-04 14:35:00,2024,3,4,14,35,91,91174,COMBES MARNES (BOULEVARD),48.60575,2.46487,Plein jour,En agglomération,Intersection en T,Normale,Autre collision,4,2,2,0,1,2,1,0,8,50,1,2,1,0,0,1,90.0,,voiture,,1,2,3,1,6
202400029244,2024-03-04 14:35:00,2024,3,4,14,35,91,91174,COMBES MARNES (BOULEVARD),48.60575,2.46487,Plein jour,En agglomération,Intersection en T,Normale,Autre collision,4,2,2,0,1,2,1,0,8,50,1,2,1,0,0,1,90.0,,voiture,,1,2,3,1,6
202400029245,2024-12-17 16:53:00,2024,12,17,16,53,75,75115,RUE DU THEATRE,48.84124,2.290144,Nuit avec éclairage allumé,En agglomération,Intersection en X,Normale,Autre collision,4,1, -1,-1,1,1,1,0,1,30,1,2,1,0,0,1,22.0,,deux_roues,,5,2,2,1,6
202400029245,2024-12-17 16:53:00,2024,12,17,16,53,75,75115,RUE DU THEATRE,48.84124,2.290144,Nuit avec éclairage allumé,En agglomération,Intersection en X,Normale,Autre collision,4,1,1,0,1,1,1,0,1,30,1,2,1,0,0,1,22.0,,deux_roues,,5,2,2,1,6
202400029246,2024-03-04 04:35:00,2024,3,4,4,35,85,85191,Boulevard aristide briand,46.6682,-1.430929,Nuit avec éclairage allumé,En agglomération,Hors intersection,Normale,Sans collision,4,2,2,0,1,1,1,0,1,50,1,1,0,0,1,0,39.0,,deux_roues,,5,2,1,1,7
202400029247,2024-12-17 13:30:00,2024,12,17,13,30,75,75115,RUE CASTAGNARY,48.835524,2.309952,Plein jour,En agglomération,Hors intersection,Pluie légère,Autre collision,4,1,1,0,1,1,2,0,1,30,1,1,0,0,0,1,20.0,,deux_roues,,1,2,1,2,6
202400029248,2024-03-03 14:00:00,2024,3,3,14,0,84,84007,EUROPE (Pont de l'),43.94395,4.79616,Plein jour,En agglomération,Hors intersection,Pluie forte,Autre collision,4,3,4,0,1,1,3,2,1,80,1,1,0,0,0,1,29.0,,voiture,,1,2,1,3,6
202400029249,2024-12-16 17:05:00,2024,12,16,17,5,75,75115,PONT DU GARIGLIANO,48.838659,2.269738,Plein jour,En agglomération,Intersection en X,Normale,Sans collision,4,2, -1,0,1,1,1,0,1,30,1,1,0,0,0,1,59.0,,deux_roues,,1,2,2,1,7
202400029249,2024-12-16 17:05:00,2024,12,16,17,5,75,75115,PONT DU GARIGLIANO,48.838659,2.269738,Plein jour,En agglomération,Intersection en X,Normale,Sans collision,4,2,2,0,1,1,1,0,1,30,1,1,0,0,0,1,59.0,,deux_roues,,1,2,2,1,7
202400029250,2024-03-04 16:50:00,2024,3,4,16,50,83,83137,RD46,43.15213,5.96769,Plein jour,Hors agglomération,Hors intersection,Normale,Deux véhicules - côté,3,2,2,0,2,3,1,0,1,70,2,2,1,0,1,0,34.0,17.0,voiture,deux_roues,1,1,1,1,3
202400029251,2024-12-17 20:05:00,2024,12,17,20,5,75,75113,BOULEVARD AUGUSTE BLANQUI,48.830773,2.344113,Nuit avec éclairage allumé,En agglomération,Intersection en X,Normale,Deux véhicules - côté,4,-1,2,2,2,1,1,5,5,30,2,2,1,0,0,1,46.0,74.0,deux_roues,voiture,5,2,2,1,3
202400029251,2024-12-17 20:05:00,2024,12,17,20,5,75,75113,BOULEVARD AUGUSTE BLANQUI,48.830773,2.344113,Nuit avec éclairage allumé,En agglomération,Intersection en X,Normale,Deux véhicules - côté,4,2, -1,-1,1,1,1,0,5,30,2,2,1,0,0,1,46.0,74.0,deux_roues,voiture,5,2,2,1,3
202400029252,2024-03-04 09:15:00,2024,3,4,9,15,82,82033,Avenue du Maréchal Leclerc,44.04519,1.10379,Plein jour,En agglomération,Hors intersection,Normale,Deux véhicules - arrière,3,-1,2,0,1,1,1,0,8,50,2,2,1,0,0,1,21.0,38.0,utilitaire_camion,utilitaire_camion,1,2,1,1,2
202400029253,2024-12-17 19:15:00,2024,12,17,19,15,75,75113,BOULEVARD DE L HOPITAL,48.836403,2.359494,Nuit avec éclairage allumé,En agglomération,Place,Normale,Deux véhicules - arrière,4,2,1,1,1,1,1,0,1,30,2,2,1,0,0,1,29.0,74.0,deux_roues,voiture,5,2,7,1,2
202400029253,2024-12-17 19:15:00,2024,12,17,19,15,75,75113,BOULEVARD DE L HOPITAL,48.836403,2.359494,Nuit avec éclairage allumé,En agglomération,Place,Normale,Deux véhicules - arrière,4,1, -1,-1,1,1,1,0,1,30,2,2,1,0,0,1,29.0,74.0,deux_roues,voiture,5,2,7,1,2
202400029254,2024-03-04 11:30:00,2024,3,4,11,30,78,78350,CONTI (QUAI),48.876561,2.116829,Plein jour,En agglomération,Hors intersection,Normale,Deux véhicules - côté,3,2,0,0,1,1,1,0,1,50,2,2,1,0,0,1,61.0,46.0,voiture,deux_roues,1,2,1,1,3
202400029255,2024-12-17 12:50:00,2024,12,17,12,50,75,75112,QUAI DE LA RAPEE,48.8436,2.3699,Plein jour,En agglomération,Hors intersection,Normale,Deux véhicules - côté,4,1,3,0,1,1,1,0,1,50,2,2,1,0,0,1,32.0,37.0,voiture,deux_roues,1,2,1,1,3