accident_id,datetime,annee,mois,jour,heure,minute,departement,commune_insee,adresse,latitude,longitude,luminosite,agglomeration,intersection,meteo,collision,catr,circ,nbv,vosp,prof,plan,surf,infra,situ,vma,nb_vehicules,nb_usagers,nb_indemnes,nb_tues,nb_blesses_hosp,nb_blesses_legers,age_cond_1,age_cond_2,veh_type_cond_1,veh_type_cond_2,lum_code,agg_code,int_code,atm_code,col_code
202400029446,2024-04-11 20:13:00,2024,4,11,20,13,47,47323,DESMOULINS (BD CAMILLE),44.40342,0.70125,Plein jour,En agglomération,Intersection à plus de 4 branches,Normale,Deux véhicules - côté,3,2,2,0,1,1,1,0,1,50,2,2,1,0,0,1,74.0,37.0,voiture,deux_roues,1,2,5,1,3
202400029446,2024-04-11 20:13:00,2024,4,11,20,13,47,47323,DESMOULINS (BD CAMILLE),44.40342,0.70125,Plein jour,En agglomération,Intersection à plus de 4 branches,Normale,Deux véhicules - côté,3,2,4,0,1,1,1,0,1,50,2,2,1,0,0,1,74.0,37.0,voiture,deux_roues,1,2,5,1,3
202400029447,2024-01-21 02:00:00,2024,1,21,2,0,94,94068,Avenue Gambetta / Avenue Victoria,48.79416,2.49579,Nuit avec éclairage allumé,En agglomération,Giratoire,Autre,Sans collision,4,1,1,0,1,1,7,0,1,-1,1,1,0,0,0,1,32.0,,deux_roues,,5,2,6,9,7
202400029447,2024-01-21 02:00:00,2024,1,21,2,0,94,94068,Avenue Gambetta / Avenue Victoria,48.79416,2.49579,Nuit avec éclairage allumé,En agglomération,Giratoire,Autre,Sans collision,4,2,2,0,1,1,7,0,1,30,1,1,0,0,0,1,32.0,,deux_roues,,5,2,6,9,7
202400029448,2024-04-10 14:25:00,2024,4,10,14,25,47,47201,MARINE (RUE DE LA),44.19795083,0.59792393,Plein jour,En agglomération,Hors intersection,Normale,Autre collision,4,2,2,0,1,1,1,0,1,30,1,2,1,0,0,1,36.0,,voiture,,1,2,1,1,6
202400029449,2024-01-22 16:15:00,2024,1,22,16,15,94,94073,Avenue de Versailles / Av du Mal de Lattre de Tassigny,48.76139665,2.40302593,Plein jour,En agglomération,Intersection en X,Normale,Deux véhicules - côté,3,2,2,0,1,1,1,0,1,50,2,2,1,0,0,1,24.0,22.0,voiture,deux_roues,1,2,2,1,3
202400029449,2024-01-22 16:15:00,2024,1,22,16,15,94,94073,Avenue de Versailles / Av du Mal de Lattre de Tassigny,48.76139665,2.40302593,Plein jour,En agglomération,Intersection en X,Normale,Deux véhicules - côté,3,3,4,0,1,1,1,0,1,50,2,2,1,0,0,1,24.0,22.0,voiture,deux_roues,1,2,2,1,3
202400029450,2024-01-21 23:10:00,2024,1,21,23,10,94,94033,Avenue de Lattre de Tassigny / Rue Carnot,48.85403,2.49312,Nuit avec éclairage allumé,En agglomération,Giratoire,Normale,Autre collision,3,3,4,0,1,1,1,0,4,50,1,5,3,0,0,2,20.0,,voiture,,5,2,6,1,6
202400029450,2024-01-21 23:10:00,2024,1,21,23,10,94,94033,Avenue de Lattre de Tassigny / Rue Carnot,48.85403,2.49312,Nuit avec éclairage allumé,En agglomération,Giratoire,Normale,Autre collision,3,2,3,0,1,1,1,0,4,50,1,5,3,0,0,2,20.0,,voiture,,5,2,6,1,6
202400029451,2024-04-11 18:10:00,2024,4,11,18,10,43,43041,Avenue Charles Dupuy,45.04804,3.92325,Plein jour,En agglomération,Intersection en T,Normale,Deux véhicules - côté,3,2,2,0,1,1,1,0,1,50,2,2,1,0,0,1,52.0,17.0,voiture,deux_roues,1,2,3,1,3
202400029451,2024-04-11 18:10:00,2024,4,11,18,10,43,43041,Avenue Charles Dupuy,45.04804,3.92325,Plein jour,En agglomération,Intersection en T,Normale,Deux véhicules - côté,3,2,2,0,1,1,1,0,1,50,2,2,1,0,0,1,52.0,17.0,voiture,deux_roues,1,2,3,1,3
202400029452,2024-01-19 22:45:00,2024,1,19,22,45,94,94074,Avenue de la Saussaie du Ban / Rue Daniel Costantini,48.766212,2.458309,Nuit avec éclairage allumé,En agglomération,Intersection en T,Temps couvert,Autre collision,3,2,2,0,1,1,7,0,3,50,1,2,0,0,0,2,29.0,,voiture,,5,2,3,8,6
202400029452,2024-01-19 22:45:00,2024,1,19,22,45,94,94074,Avenue de la Saussaie du Ban / Rue Daniel Costantini,48.766212,2.458309,Nuit avec éclairage allumé,En agglomération,Intersection en T,Temps couvert,Autre collision,3,2,2,0,1,1,7,0,3,-1,1,2,0,0,0,2,29.0,,voiture,,5,2,3,8,6
202400029453,2024-04-11 18:35:00,2024,4,11,18,35,37,37195,PAGNOL (PLACE MARCEL),47.38948,0.65986,Plein jour,En agglomération,Hors intersection,Normale,Autre collision,4,2,2,0,1,1,1,0,1,30,1,2,1,0,0,1,62.0,,voiture,,1,2,1,1,6
202400029454,2024-01-22 14:45:00,2024,1,22,14,45,93,93066,Boulevard Anatole France / Rue Jules Saulnier,48.92548,2.35067,Plein jour,En agglomération,Intersection en T,Normale,Deux véhicules - côté,3,3,4,0,1,1,2,5,1,50,2,2,1,0,0,1,35.0,53.0,voiture,voiture,1,2,3,1,3
202400029454,2024-01-22 14:45:00,2024,1,22,14,45,93,93066,Boulevard Anatole France / Rue Jules Saulnier,48.92548,2.35067,Plein jour,En agglomération,Intersection en T,Normale,Deux véhicules - côté,3,3,4,1,1,1,2,5,1,50,2,2,1,0,0,1,35.0,53.0,voiture,voiture,1,2,3,1,3
202400029455,2024-04-11 16:31:00,2024,4,11,16,31,37,37122,RD 86 DE MONTS à TOURS,47.32944289,0.66397548,Plein jour,En agglomération,Hors intersection,Normale,Deux véhicules - arrière,3,2,2,0,1,1,1,9,1,50,2,2,1,0,0,1,41.0,57.0,deux_roues,voiture,1,2,1,1,2
202400029456,2024-01-22 18:30:00,2024,1,22,18,30,93,93064,Avenue de la République,48.8686413,2.4851068,Nuit avec éclairage allumé,En agglomération,Hors intersection,Normale,Autre collision,4,2,2,0,1,1,1,0,1,50,1,2,1,0,0,1,34.0,,voiture,,5,2,1,1,6
202400029457,2024-04-10 16:50:00,2024,4,10,16,50,37,37261,AUBERDIERE (RUE DE L'),47.36571,0.69866,Plein jour,En agglomération,Intersection en T,Normale,Deux véhicules - arrière,4,1,1,0,1,3,1,0,1,50,2,3,2,0,0,1,59.0,26.0,voiture,utilitaire_camion,1,2,3,1,2
202400029457,2024-04-10 16:50:00,2024,4,10,16,50,37,37261,AUBERDIERE (RUE DE L'),47.36571,0.69866,Plein jour,En agglomération,Intersection en T,Normale,Deux véhicules - arrière,4,2,4,3,1,1,1,0,1,50,2,3,2,0,0,1,59.0,26.0,voiture,utilitaire_camion,1,2,3,1,2
202400029458,2024-01-22 16:21:00,2024,1,22,16,21,93,93062,Allée du Jardin Anglais / Allee Valere Lefebvre,48.897955,2.512919,Plein jour,En agglomération,Intersection en X,Normale,Autre collision,4,2,2,0,1,1,1,0,1,-1,1,2,1,0,0,1,70.0,,voiture,,1,2,2,1,6
202400029458,2024-01-22 16:21:00,2024,1,22,16,21,93,93062,Allée du Jardin Anglais / Allee Valere Lefebvre,48.897955,2.512919,Plein jour,En agglomération,Intersection en X,Normale,Autre collision,4,2,2,0,1,2,1,0,1,50,1,2,1,0,0,1,70.0,,voiture,,1,2,2,1,6
202400029459,2024-04-10 15:31:00,2024,4,10,15,31,37,37261,JAURES (PLACE JEAN),47.38925,0.68911,Plein jour,En agglomération,Place,Normale,Autre collision,4,2,2,2,1,1,1,9,6,50,1,2,1,0,0,1,43.0,,transport_commun,,1,2,7,1,6
202400029460,2024-01-22 12:30:00,2024,1,22,12,30,93,93049,Avenue Georges Clémenceau / Rue Paul Vaillant-Couturier,48.86147981,2.50399768,Plein jour,En agglomération,Intersection en X,Pluie légère,Deux véhicules - côté,4,1,1,0,1,1,2,0,1,-1,2,2,0,0,0,2,21.0,28.0,voiture,voiture,1,2,2,2,3
202400029460,2024-01-22 12:30:00,2024,1,22,12,30,93,93049,Avenue Georges Clémenceau / Rue Paul Vaillant-Couturier,48.86147981,2.50399768,Plein jour,En agglomération,Intersection en X,Pluie légère,Deux véhicules - côté,4,1,1,0,1,1,2,0,1,50,2,2,0,0,0,2,21.0,28.0,voiture,voiture,1,2,2,2,3
202400029461,2024-01-22 13:10:00,2024,1,22,13,10,93,93006,Avenue Gambetta,48.86993,2.41652,Plein jour,En agglomération,Hors intersection,Pluie légère,Deux véhicules - côté,3,2,2,0,1,1,2,0,1,50,2,2,1,0,0,1,30.0,56.0,voiture,deux_roues,1,2,1,2,3
202400029462,2024-04-11 13:00:00,2024,4,11,13,0,35,35051,FREBARDIERE (RUE DE LA),48.10253,-1.63092,Plein jour,En agglomération,Hors intersection,Normale,Deux véhicules - côté,4,2,2,0,1,1,1,0,1,50,2,2,1,0,0,1,21.0,49.0,deux_roues,utilitaire_camion,1,2,1,1,3
202400029463,2024-01-22 21:10:00,2024,1,22,21,10,93,93008,Avenue Paul Vaillant - Couturier,48.90558,2.46718,Nuit avec éclairage allumé,En agglomération,Autre intersection,Normale,Autre collision,3,3,5,3,1,1,1,3,4,50,1,1,0,0,0,1,59.0,,voiture,,5,2,9,1,6
202400029464,2024-04-11 02:15:00,2024,4,11,2,15,34,34154,VINCI (AVENUE LEONARD DE),43.587037,3.936928,Nuit avec éclairage allumé,En agglomération,Hors intersection,Normale,Sans collision,4,2,2,0,1,1,1,0,3,50,1,2,0,0,0,2,17.0,,deux_roues,,5,2,1,1,7
202400029465,2024-01-22 19:50:00,2024,1,22,19,50,93,93005,Avenue Dumont / Avenue du 14 Juillet,48.929116,2.4953,Nuit avec éclairage allumé,En agglomération,Intersection en X,Normale,Deux véhicules - côté,4,2,2,0,1,1,1,5,1,50,2,2,1,0,0,1,43.0,72.0,deux_roues,voiture,5,2,2,1,3
202400029465,2024-01-22 19:50:00,2024,1,22,19,50,93,93005,Avenue Dumont / Avenue du 14 Juillet,48.929116,2.4953,Nuit avec éclairage allumé,En agglomération,Intersection en X,Normale,Deux véhicules - côté,4,2,2,0,1,1,1,0,1,50,2,2,1,0,0,1,43.0,72.0,deux_roues,voiture,5,2,2,1,3
202400029466,2024-04-09 12:36:00,2024,4,9,12,36,34,34032,RIQUET PIERRE PAUL (ALLEES),43.34326,3.21626,Plein jour,En agglomération,Hors intersection,Normale,Deux véhicules - côté,4,1,1,0,1,1,9,0,1,20,2,2,1,0,0,1,80.0,,voiture,,1,2,1,1,3
202400029467,2024-01-22 07:50:00,2024,1,22,7,50,92,92046,PIERRE BROSSOLETTE (AVENUE),48.81586945,2.30528086,Crépuscule ou aube,En agglomération,Hors intersection,Temps couvert,Deux véhicules - côté,3,2,4,2,1,1,2,0,1,50,2,2,1,0,1,0,76.0,32.0,voiture,voiture,2,2,1,8,3
202400029468,2024-01-22 09:30:00,2024,1,22,9,30,92,92064,CARNOT,48.84981,2.22387,Plein jour,En agglomération,Hors intersection,Pluie légère,Trois véhicules et plus - collisions multiples,3,2,2,0,1,1,2,0,1,50,3,3,0,0,0,3,49.0,74.0,voiture,utilitaire_camion,1,2,1,2,5
202400029469,2024-04-10 13:55:00,2024,4,10,13,55,29,29019,boulevard de l'Europe,48.416286,-4.468328,Plein jour,En agglomération,Intersection en X,Pluie légère,Deux véhicules - arrière,4,3,4,0,1,1,2,5,1,50,2,2,1,0,0,1,32.0,52.0,utilitaire_camion,voiture,1,2,2,2,2
202400029469,2024-04-10 13:55:00,2024,4,10,13,55,29,29019,boulevard de l'Europe,48.416286,-4.468328,Plein jour,En agglomération,Intersection en X,Pluie légère,Deux véhicules - arrière,4,2, -1,-1,1,1,2,0,1,50,2,2,1,0,0,1,32.0,52.0,utilitaire_camion,voiture,1,2,2,2,2
202400029470,2024-01-22 17:00:00,2024,1,22,17,0,92,92063,MONTBRISON (RUE DU LIEUTENANT COLONEL DE,48.85890337,2.19431095,Plein jour,En agglomération,Autre intersection,Normale,Deux véhicules - arrière,4,2,2,0,1,1,1,0,1,50,2,2,1,0,0,1,29.0,48.0,voiture,voiture,1,2,9,1,2
202400029471,2024-01-22 08:20:00,2024,1,22,8,20,92,92051,CHATEAU (BOULEVARD DU),48.88985697,2.26847863,Plein jour,En agglomération,Intersection en X,Pluie légère,Deux véhicules - côté,4,2,2,0,1,1,2,0,1,50,2,2,1,0,0,1,16.0,38.0,deux_roues,utilitaire_camion,1,2,2,2,3
202400029471,2024-01-22 08:20:00,2024,1,22,8,20,92,92051,CHATEAU (BOULEVARD DU),48.88985697,2.26847863,Plein jour,En agglomération,Intersection en X,Pluie légère,Deux véhicules - côté,4,1,1,0,1,1,2,0,1,50,2,2,1,0,0,1,16.0,38.0,deux_roues,utilitaire_camion,1,2,2,2,3
202400029472,2024-01-22 18:56:00,2024,1,22,18,56,92,92050,BERANGER RUE,48.8957492,2.19643933,Nuit avec éclairage allumé,En agglomération,Hors intersection,Normale,Autre collision,4,1,2,0,1,1,1,0,1,30,1,2,1,0,0,1,20.0,,voiture,,5,2,1,1,6
202400029473,2024-04-11 17:00:00,2024,4,11,17,0,25,25056,SANATORIUM CHEMIN DU,47.236886,5.975634,Crépuscule ou aube,En agglomération,Intersection en X,Normale,Deux véhicules - côté,4,2,2,0,2,1,1,0,1,30,2,2,1,0,0,1,54.0,41.0,deux_roues,voiture,2,2,2,1,3
202400029473,2024-04-11 17:00:00,2024,4,11,17,0,25,25056,SANATORIUM CHEMIN DU,47.236886,5.975634,Crépuscule ou aube,En agglomération,Intersection en X,Normale,Deux véhicules - côté,4,2,2,0,4,1,1,0,1,50,2,2,1,0,0,1,54.0,41.0,deux_roues,voiture,2,2,2,1,3
202400029474,2024-01-22 16:00:00,2024,1,22,16,0,92,92019,DIVISION LECLERC (AVENUE DE LA),48.76203953,2.28635967,Plein jour,En agglomération,Passage à niveau,Normale,Deux véhicules - côté,3,1,2,0,1,1,1,4,1,30,2,2,1,0,0,1,46.0,53.0,voiture,deux_roues,1,2,8,1,3
202400029474,2024-01-22 16:00:00,2024,1,22,16,0,92,92019,DIVISION LECLERC (AVENUE DE LA),48.76203953,2.28635967,Plein jour,En agglomération,Passage à niveau,Normale,Deux véhicules - côté,3,1,2,0,1,1,1,8,1,30,2,2,1,0,0,1,46.0,53.0,voiture,deux_roues,1,2,8,1,3
202400029475,2024-04-11 16:55:00,2024,4,11,16,55,25,25056,GRAY ROUTE DE,47.244,5.991,Plein jour,En agglomération,Hors intersection,Normale,Deux véhicules - côté,3,2,2,0,1,1,1,9,1,50,2,2,1,0,0,1,47.0,23.0,voiture,deux_roues,1,2,1,1,3
202400029476,2024-01-22 18:53:00,2024,1,22,18,53,92,92012,EDOUARD VAILLANT (AVENUE) DEBUT/56 - COT,48.83486,2.24737,Nuit avec éclairage allumé,En agglomération,Hors intersection,Temps couvert,Trois véhicules et plus - en chaîne,3,2,4,0,1,1,1,0,1,50,3,3,2,0,0,1,38.0,44.0,voiture,voiture,5,2,1,8,4
202400029477,2024-04-10 12:50:00,2024,4,10,12,50,24,24322,Route de Lyon,45.17886,0.73734,Plein jour,En agglomération,Hors intersection,Normale,Deux véhicules - côté,3,2,0,0,1,1,1,0,1,50,2,2,0,0,1,1,25.0,52.0,deux_roues,utilitaire_camion,1,2,1,1,3
202400029478,2024-01-22 06:25:00,2024,1,22,6,25,92,92012,CHARLES DE GAULLE (AVENUE) COTE IMPAIR,48.85032203,2.23777682,Nuit avec éclairage allumé,En agglomération,Intersection en X,Normale,Autre collision,3,2,2,0,1,1,1,0,1,50,1,2,1,0,0,1,43.0,,transport_commun,,5,2,2,1,6
202400029478,2024-01-22 06:25:00,2024,1,22,6,25,92,92012,CHARLES DE GAULLE (AVENUE) COTE IMPAIR,48.85032203,2.23777682,Nuit avec éclairage allumé,En agglomération,Intersection en X,Normale,Autre collision,3,2,2,0,1,1,1,0,1,50,1,2,1,0,0,1,43.0,,transport_commun,,5,2,2,1,6
202400029479,2024-04-11 18:00:00,2024,4,11,18,0,19,19031,ERCKMANN CHATRIAN (AVENUE),45.14842199,1.4960357,Plein jour,En agglomération,Hors intersection,Autre,Deux véhicules - frontale,4,-1,0,0,1,1,1,9,1,50,2,2,1,0,0,1,23.0,38.0,deux_roues,voiture,1,2,1,9,1
202400029480,2024-01-21 20:30:00,2024,1,21,20,30,92,92036,PIERRE DE COUBERTIN  ( BD ),48.92330116,2.28610843,Nuit avec éclairage allumé,Hors agglomération,Hors intersection,Normale,Trois véhicules et plus - collisions multiples,3,3,4,0,1,1,1,5,1,50,4,4,3,0,0,1,23.0,49.0,voiture,voiture,5,1,1,1,5
202400029481,2024-04-11 21:46:00,2024,4,11,21,46,15,15014,RD 17,44.95117,2.46553,Nuit sans éclairage public,Hors agglomération,Hors intersection,Normale,Autre collision,3,2,2,0,2,1,1,0,3,90,1,5,4,0,0,1,18.0,,voiture,,3,1,1,1,6
202400029482,2024-01-22 18:30:00,2024,1,22,18,30,92,92002,JEAN MONNET (AVENUE),48.74642,2.29663,Nuit avec éclairage allumé,En agglomération,Hors intersection,Normale,Deux véhicules - côté,3,2,2,0,1,1,1,0,1,50,2,2,1,0,0,1,41.0,26.0,voiture,deux_roues,5,2,1,1,3
202400029483,2024-01-22 13:10:00,2024,1,22,13,10,35,35126,Place Saint-martin,47.967959,-1.795208,Plein jour,En agglomération,Place,Normale,Autre collision,3,2,2,0,1,2,1,6,1,30,1,2,1,0,1,0,35.0,,voiture,,1,2,7,1,6
202400029484,2024-04-10 08:55:00,2024,4,10,8,55,15,15014,RN 122,44.91379,2.43221,Plein jour,En agglomération,Intersection en X,Normale,Trois véhicules et plus - collisions multiples,2,2,2,0,1,1,1,0,1,50,3,3,1,0,0,2,16.0,16.0,deux_roues,deux_roues,1,2,2,1,5
202400029484,2024-04-10 08:55:00,2024,4,10,8,55,15,15014,RN 122,44.91379,2.43221,Plein jour,En agglomération,Intersection en X,Normale,Trois véhicules et plus - collisions multiples,2,2,2,0,1,1,1,0,1,50,3,3,1,0,0,2,16.0,16.0,deux_roues,deux_roues,1,2,2,1,5
202400029485,2024-01-22 06:50:00,2024,1,22,6,50,47,47169,Route de la Peyrigne,44.13581449,0.60393476,Nuit sans éclairage public,Hors agglomération,Hors intersection,Temps couvert,Sans collision,3,2,2,0,1,1,1,0,3,70,1,1,0,0,0,1,24.0,,deux_roues,,3,1,1,8,7
202400029486,2024-04-11 00:45:00,2024,4,11,0,45,13,13208,HENRI FRENAY (ROND-POINT),43.25452927,5.37594896,Nuit avec éclairage allumé,En agglomération,Hors intersection,Normale,Deux véhicules - arrière,4,-1,2,0,1,2,1,0,1,50,2,3,1,0,0,2,21.0,,voiture,voiture,5,2,1,1,2
202400029487,2024-04-10 08:15:00,2024,4,10,8,15,13,13213,FRAIS VALLON (AVENUE),43.32517303,5.43387984,Plein jour,En agglomération,Hors intersection,Temps éblouissant,Deux véhicules - frontale,4,2,4,0,1,1,1,5,1,50,1,3,0,0,3,0,42.0,,voiture,,1,2,1,7,1
202400029488,2024-01-22 20:30:00,2024,1,22,20,30,68,68300,RD 55,47.782348,7.43525,Nuit sans éclairage public,Hors agglomération,Hors intersection,Pluie légère,Trois véhicules et plus - en chaîne,3,3,2,0,1,1,2,0,1,90,5,9,2,0,0,7,53.0,36.0,voiture,voiture,3,1,1,2,4
202400029489,2024-01-18 19:05:00,2024,1,18,19,5,01,01173,Route de la Faucille,46.367524,6.022434,Nuit sans éclairage public,Hors agglomération,Hors intersection,Neige / grêle,Deux véhicules - frontale,3,2,2,0,2,3,5,0,1,80,2,2,1,0,1,0,43.0,30.0,utilitaire_camion,voiture,3,1,1,4,1
202400029490,2024-04-11 12:05:00,2024,4,11,12,5,13,13004,AV MARECHAL LYAUTEY,43.66999108,4.63379342,Plein jour,En agglomération,Intersection en X,Normale,Deux véhicules - côté,4,-1,2,0,1,1,1,0,1,50,2,5,0,0,0,5,58.0,33.0,voiture,utilitaire_camion,1,2,2,1,3
202400029490,2024-04-11 12:05:00,2024,4,11,12,5,13,13004,AV MARECHAL LYAUTEY,43.66999108,4.63379342,Plein jour,En agglomération,Intersection en X,Normale,Deux véhicules - côté,4,2,0,0,1,1,1,0,1,50,2,5,0,0,0,5,58.0,33.0,voiture,utilitaire_camion,1,2,2,1,3
202400029491,2024-01-21 11:50:00,2024,1,21,11,50,06,06095,74 Chemin de la Blejarde,43.649379,6.883915,Plein jour,En agglomération,Hors intersection,Normale,Sans collision,4,-1,2,0,3,1,1,0,1,30,1,1,0,1,0,0,54.0,,deux_roues,,1,2,1,1,7
202400029492,2024-04-10 20:00:00,2024,4,10,20,0,10,10081,Avenue de Neckarbischofsheim,48.31107,4.03144,Plein jour,En agglomération,Autre intersection,Normale,Deux véhicules - côté,4,2,2,0,1,1,1,0,1,50,2,3,2,0,0,1,22.0,77.0,deux_roues,voiture,1,2,9,1,3
202400029493,2024-01-23 06:50:00,2024,1,23,6,50,60,60176,Crépy-en-Valois,49.21577162,2.91318771,Nuit sans éclairage public,Hors agglomération,Hors intersection,Normale,Autre collision,3,2,2,0,2,3,2,0,1,80,2,2,0,1,0,1,60.0,30.0,voiture,utilitaire_camion,3,1,1,1,6
202400029494,2024-01-23 07:55:00,2024,1,23,7,55,51,51569,Route Nationale 31,49.262274,3.942547,Crépuscule ou aube,Hors agglomération,Hors intersection,Normale,Trois véhicules et plus - collisions multiples,2,3,0,0,2,1,1,0,1,90,3,3,2,0,0,1,29.0,29.0,utilitaire_camion,voiture,2,1,1,1,5
202400029495,2024-04-10 19:40:00,2024,4,10,19,40,10,10343,AUGUSTE TERRENOIRE (RUE),48.2812,4.0999,Plein jour,En agglomération,Giratoire,Normale,Deux véhicules - côté,4,1,4,1,1,1,1,0,8,50,2,2,1,0,1,0,24.0,25.0,voiture,deux_roues,1,2,6,1,3
202400029495,2024-04-10 19:40:00,2024,4,10,19,40,10,10343,AUGUSTE TERRENOIRE (RUE),48.2812,4.0999,Plein jour,En agglomération,Giratoire,Normale,Deux véhicules - côté,4,-1,2,0,1,1,1,0,1,50,2,2,1,0,1,0,24.0,25.0,voiture,deux_roues,1,2,6,1,3
202400029496,2024-01-22 10:05:00,2024,1,22,10,5,79,79195,,46.94652,-0.593825,Plein jour,En agglomération,Hors intersection,Pluie légère,Autre collision,4,2,2,0,1,1,2,9,1,50,1,2,1,0,1,0,87.0,,voiture,,1,2,1,2,6
202400029497,2024-04-11 07:45:00,2024,4,11,7,45,06,06029,Boulevard du Perier,43.565929,7.002217,Crépuscule ou aube,En agglomération,Autre intersection,Normale,Deux véhicules - côté,4,2,2,0,1,3,1,0,1,50,2,2,1,0,0,1,61.0,41.0,voiture,voiture,2,2,9,1,3
202400029498,2024-01-18 13:30:00,2024,1,18,13,30,2A,2A271,D161,41.98058391,8.82628879,Plein jour,Hors agglomération,Hors intersection,Temps éblouissant,Deux véhicules - arrière,3,2,2,0,1,1,2,2,1,70,2,2,0,0,0,2,30.0,33.0,voiture,voiture,1,1,1,7,2
202400029499,2024-04-11 18:25:00,2024,4,11,18,25,01,01053,MAIL (AVENUE DU ),46.201918,5.210568,Plein jour,En agglomération,Intersection en T,Normale,Deux véhicules - côté,4,2,3,0,1,1,1,0,1,50,2,2,1,0,1,0,50.0,33.0,voiture,deux_roues,1,2,3,1,3
202400029499,2024-04-11 18:25:00,2024,4,11,18,25,01,01053,MAIL (AVENUE DU ),46.201918,5.210568,Plein jour,En agglomération,Intersection en T,Normale,Deux véhicules - côté,4,2,2,0,1,1,1,0,1,50,2,2,1,0,1,0,50.0,33.0,voiture,deux_roues,1,2,3,1,3
202400029500,2024-01-22 16:15:00,2024,1,22,16,15,80,80253,62 Route de Milly - Hameau de Milly,50.170226,2.369163,Plein jour,En agglomération,Hors intersection,Normale,Deux véhicules - arrière,3,2,2,0,1,1,1,0,1,50,2,2,1,0,1,0,72.0,80.0,voiture,deux_roues,1,2,1,1,2
202400029501,2024-04-10 17:10:00,2024,4,10,17,10,75,75114,BD PERIPHERIQUE INTERIEUR,48.820678,2.323145,Plein jour,En agglomération,Hors intersection,Normale,Deux véhicules - arrière,4,1,3,0,1,1,1,0,1,70,2,2,1,0,0,1,56.0,66.0,voiture,deux_roues,1,2,1,1,2
202400029502,2024-01-21 13:05:00,2024,1,21,13,5,65,65004,D821,43.037534,-0.064514,Plein jour,Hors agglomération,Hors intersection,Normale,Deux véhicules - côté,3,3,4,0,1,3,1,0,1,110,2,3,0,0,0,3,17.0,21.0,voiture,voiture,1,1,1,1,3
202400029503,2024-01-15 15:45:00,2024,1,15,15,45,32,32096,N524,43.932038,-0.053392,Plein jour,En agglomération,Hors intersection,Pluie forte,Autre collision,2,2,2,0,2,1,2,0,4,50,1,1,0,0,1,0,73.0,,utilitaire_camion,,1,2,1,3,6
202400029504,2024-04-09 19:50:00,2024,4,9,19,50,75,75117,BD PERIPHERIQUE INTERIEUR,48.888588,2.293597,Crépuscule ou aube,En agglomération,Hors intersection,Normale,Trois véhicules et plus - en chaîne,4,1,4,0,1,1,1,1,1,70,4,4,2,0,0,2,44.0,41.0,voiture,voiture,2,2,1,1,4
202400029505,2024-01-19 09:10:00,2024,1,19,9,10,32,32088,route du chateau de batz,43.722591,0.245208,Plein jour,Hors agglomération,Hors intersection,Normale,Autre collision,3,2,2,0,1,1,1,0,1,80,1,1,0,0,1,0,66.0,,deux_roues,,1,1,1,1,6
202400029506,2024-04-11 00:20:00,2024,4,11,0,20,75,75119,AVENUE DE LA PORTE DES LILAS,48.877256,2.406818,Nuit avec éclairage allumé,En agglomération,Intersection en X,Normale,Deux véhicules - côté,4,2,3,1,1,1,1,0,1,30,2,2,1,0,0,1,,38.0,voiture,deux_roues,5,2,2,1,3
202400029506,2024-04-11 00:20:00,2024,4,11,0,20,75,75119,AVENUE DE LA PORTE DES LILAS,48.877256,2.406818,Nuit avec éclairage allumé,En agglomération,Intersection en X,Normale,Deux véhicules - côté,4,3, -1,-1,1,1,1,0,1,-1,2,2,1,0,0,1,,38.0,voiture,deux_roues,5,2,2,1,3
202400029507,2024-01-22 16:50:00,2024,1,22,16,50,61,61448,Voie Communale,48.351534,0.810287,Plein jour,En agglomération,Intersection en X,Normale,Deux véhicules - côté,4,2,2,0,1,1,1,0,1,50,2,3,1,0,0,2,35.0,47.0,transport_commun,utilitaire_camion,1,2,2,1,3
202400029507,2024-01-22 16:50:00,2024,1,22,16,50,61,61448,Voie Communale,48.351534,0.810287,Plein jour,En agglomération,Intersection en X,Normale,Deux véhicules - côté,4,2,2,0,2,1,1,0,1,50,2,3,1,0,0,2,35.0,47.0,transport_commun,utilitaire_camion,1,2,2,1,3
202400029508,2024-01-22 14:00:00,2024,1,22,14,0,34,34300,D18,43.412234,3.325875,Plein jour,Hors agglomération,Hors intersection,Normale,Deux véhicules - frontale,3,2,2,0,1,1,1,0,1,90,2,2,0,0,1,1,39.0,49.0,voiture,utilitaire_camion,1,1,1,1,1
202400029509,2024-04-10 18:30:00,2024,4,10,18,30,75,75120,AVENUE BENOIT FRACHON,48.852111,2.415694,Plein jour,En agglomération,Intersection en T,Normale,Autre collision,4,2,3,1,1,1,1,0,1,30,3,3,1,0,0,2,45.0,34.0,deux_roues,deux_roues,1,2,3,1,6
202400029509,2024-04-10 18:30:00,2024,4,10,18,30,75,75120,AVENUE BENOIT FRACHON,48.852111,2.415694,Plein jour,En agglomération,Intersection en T,Normale,Autre collision,4,2,2,0,1,1,1,0,1,30,3,3,1,0,0,2,45.0,34.0,deux_roues,deux_roues,1,2,3,1,6
202400029510,2024-04-10 15:20:00,2024,4,10,15,20,75,75120,RUE PELLEPORT,48.87451,2.397916,Plein jour,En agglomération,Hors intersection,Normale,Autre collision,4,2,2,0,1,1,1,0,4,30,1,2,1,0,0,1,34.0,,utilitaire_camion,,1,2,1,1,6