accident_id,datetime,annee,mois,jour,heure,minute,departement,commune_insee,adresse,latitude,longitude,luminosite,agglomeration,intersection,meteo,collision,catr,circ,nbv,vosp,prof,plan,surf,infra,situ,vma,nb_vehicules,nb_usagers,nb_indemnes,nb_tues,nb_blesses_hosp,nb_blesses_legers,age_cond_1,age_cond_2,veh_type_cond_1,veh_type_cond_2,lum_code,agg_code,int_code,atm_code,col_code
202400029511,2024-01-23 05:40:00,2024,1,23,5,40,39,39103,,46.986005,5.853202,Nuit sans éclairage public,Hors agglomération,Hors intersection,Normale,Trois véhicules et plus - collisions multiples,3,2,2,0,2,3,2,0,1,80,3,4,2,2,0,0,52.0,56.0,utilitaire_camion,utilitaire_camion,3,1,1,1,5
202400029512,2024-04-11 14:10:00,2024,4,11,14,10,75,75119,AVENUE SIMON BOLIVAR,48.876055,2.381319,Plein jour,En agglomération,Intersection en Y,Temps couvert,Autre collision,4,2,2,0,1,1,1,0,1,30,1,3,2,0,0,1,53.0,,voiture,,1,2,4,8,6
202400029512,2024-04-11 14:10:00,2024,4,11,14,10,75,75119,AVENUE SIMON BOLIVAR,48.876055,2.381319,Plein jour,En agglomération,Intersection en Y,Temps couvert,Autre collision,4,2, -1,-1,1,1,1,0,1,30,1,3,2,0,0,1,53.0,,voiture,,1,2,4,8,6
202400029513,2024-01-23 16:35:00,2024,1,23,16,35,66,66090,,42.56186299,2.29141384,Plein jour,Hors agglomération,Hors intersection,Normale,Deux véhicules - frontale,3,2,2,0,2,1,1,0,1,80,2,2,1,0,0,1,64.0,44.0,voiture,voiture,1,1,1,1,1
202400029514,2024-04-11 11:20:00,2024,4,11,11,20,75,75119,RUE HAXO,48.878704,2.401602,Plein jour,En agglomération,Intersection en X,Normale,Deux véhicules - côté,4,2, -1,-1,1,1,1,0,1,30,2,2,1,0,0,1,46.0,35.0,utilitaire_camion,voiture,1,2,2,1,3
202400029514,2024-04-11 11:20:00,2024,4,11,11,20,75,75119,RUE HAXO,48.878704,2.401602,Plein jour,En agglomération,Intersection en X,Normale,Deux véhicules - côté,4,1,1,0,4,1,1,0,1,30,2,2,1,0,0,1,46.0,35.0,utilitaire_camion,voiture,1,2,2,1,3
202400029515,2024-01-20 11:30:00,2024,1,20,11,30,72,72193,Lieu Dit Mehisson,48.09122837,0.806247,Plein jour,Hors agglomération,Autre intersection,Autre,Autre collision,3,2,2,0,1,1,1,0,1,80,1,4,1,1,0,2,30.0,,voiture,,1,1,9,9,6
202400029516,2024-04-10 13:10:00,2024,4,10,13,10,75,75116,RUE HENRY DE LA VAULX,48.834986,2.25888,Plein jour,En agglomération,Hors intersection,Normale,Deux véhicules - côté,4,1,4,0,1,1,1,0,1,50,2,2,1,0,0,1,22.0,65.0,deux_roues,voiture,1,2,1,1,3
202400029517,2024-01-23 15:35:00,2024,1,23,15,35,06,06079,avenue marechal juin,43.53679,6.934789,Plein jour,En agglomération,Giratoire,Normale,Autre collision,4,2,2,0,1,2,1,0,1,50,1,2,1,0,0,1,62.0,,voiture,,1,2,6,1,6
202400029518,2024-04-11 09:40:00,2024,4,11,9,40,75,75115,RUE DE DANTZIG,48.830962,2.296436,Plein jour,En agglomération,Intersection en X,Normale,Autre collision,4,2, -1,-1,1,1,1,0,8,20,1,2,1,0,0,1,54.0,,utilitaire_camion,,1,2,2,1,6
202400029518,2024-04-11 09:40:00,2024,4,11,9,40,75,75115,RUE DE DANTZIG,48.830962,2.296436,Plein jour,En agglomération,Intersection en X,Normale,Autre collision,4,2,1,0,1,3,1,9,8,20,1,2,1,0,0,1,54.0,,utilitaire_camion,,1,2,2,1,6
202400029519,2024-01-23 10:30:00,2024,1,23,10,30,64,64005,D2,43.362099,-0.572534,Plein jour,Hors agglomération,Hors intersection,Normale,Deux véhicules - frontale,3,2,2,0,1,3,1,0,1,80,2,3,1,0,1,1,27.0,60.0,utilitaire_camion,voiture,1,1,1,1,1
202400029520,2024-04-11 23:10:00,2024,4,11,23,10,75,75113,RUE DE PATAY,48.824428,2.376409,Nuit avec éclairage allumé,En agglomération,Intersection en X,Normale,Deux véhicules - côté,4,2, -1,0,2,1,1,0,1,30,2,2,1,0,0,1,,31.0,voiture,deux_roues,5,2,2,1,3
202400029520,2024-04-11 23:10:00,2024,4,11,23,10,75,75113,RUE DE PATAY,48.824428,2.376409,Nuit avec éclairage allumé,En agglomération,Intersection en X,Normale,Deux véhicules - côté,4,2, -1,0,2,1,1,0,1,30,2,2,1,0,0,1,,31.0,voiture,deux_roues,5,2,2,1,3
202400029521,2024-01-21 10:05:00,2024,1,21,10,5,27,27304,39 Rue de la Vallée,49.218981,1.678038,Plein jour,En agglomération,Hors intersection,Normale,Autre collision,3,2,2,0,1,1,7,0,1,50,1,1,0,0,0,1,58.0,,voiture,,1,2,1,1,6
202400029522,2024-04-10 23:25:00,2024,4,10,23,25,75,75113,BOULEVARD DU GENERAL JEAN SIMON,48.825122,2.379718,Nuit avec éclairage allumé,En agglomération,Hors intersection,Normale,Autre collision,4,1,2,2,1,1,1,0,4,30,1,2,1,0,1,0,39.0,,deux_roues,,5,2,1,1,6
202400029523,2024-01-22 10:19:00,2024,1,22,10,19,30,30133,,43.54121475,4.13355768,Plein jour,En agglomération,Giratoire,Normale,Deux véhicules - côté,3,1,0,0,1,2,1,5,1,30,2,2,1,1,0,0,79.0,82.0,deux_roues,voiture,1,2,6,1,3
202400029524,2024-04-11 14:15:00,2024,4,11,14,15,75,75112,RUE DE CHARENTON,48.837323,2.39124,Plein jour,En agglomération,Intersection en X,Normale,Deux véhicules - frontale,4,2,2,0,1,1,1,0,1,30,2,2,1,0,0,1,33.0,57.0,voiture,deux_roues,1,2,2,1,1
202400029524,2024-04-11 14:15:00,2024,4,11,14,15,75,75112,RUE DE CHARENTON,48.837323,2.39124,Plein jour,En agglomération,Intersection en X,Normale,Deux véhicules - frontale,4,2,2,0,1,1,1,0,1,30,2,2,1,0,0,1,33.0,57.0,voiture,deux_roues,1,2,2,1,1
202400029525,2024-01-22 12:20:00,2024,1,22,12,20,71,71506,A39,46.64815956,5.40563822,Plein jour,Hors agglomération,Hors intersection,Pluie légère,Autre collision,1,3,2,0,1,1,2,0,2,130,1,2,0,0,2,0,70.0,,voiture,,1,1,1,2,6
202400029526,2024-04-11 00:01:00,2024,4,11,0,1,75,75111,BOULEVARD RICHARD LENOIR,48.860124,2.37265,Nuit avec éclairage allumé,En agglomération,Intersection en T,Normale,Deux véhicules - arrière,4,1,2,0,1,1,1,0,1,30,2,2,1,0,1,0,31.0,24.0,deux_roues,deux_roues,5,2,3,1,2
202400029526,2024-04-11 00:01:00,2024,4,11,0,1,75,75111,BOULEVARD RICHARD LENOIR,48.860124,2.37265,Nuit avec éclairage allumé,En agglomération,Intersection en T,Normale,Deux véhicules - arrière,4,1,0,0,1,1,1,0,1,30,2,2,1,0,1,0,31.0,24.0,deux_roues,deux_roues,5,2,3,1,2
202400029527,2024-01-21 00:55:00,2024,1,21,0,55,988,98817,RPS1/Rue du Vieux Pont,-22.234228,166.57467,Nuit avec éclairage allumé,En agglomération,Intersection en T,Normale,Autre collision,3,2,2,0,1,1,1,5,1,50,1,3,2,0,1,0,52.0,,voiture,,5,2,3,1,6
202400029527,2024-01-21 00:55:00,2024,1,21,0,55,988,98817,RPS1/Rue du Vieux Pont,-22.234228,166.57467,Nuit avec éclairage allumé,En agglomération,Intersection en T,Normale,Autre collision,3,2,2,-1,-1,1,1,5,1,50,1,3,2,0,1,0,52.0,,voiture,,5,2,3,1,6
202400029528,2024-01-22 10:00:00,2024,1,22,10,0,971,97116,boulevard rosa parks,16.328536,-61.449022,Plein jour,En agglomération,Giratoire,Normale,Autre collision,2,2,1,0,1,3,1,9,1,50,1,2,1,0,0,1,58.0,,voiture,,1,2,6,1,6
202400029529,2024-04-11 10:40:00,2024,4,11,10,40,75,75110,PLACE DE STALINGRAD,48.883835,2.368591,Plein jour,En agglomération,Place,Normale,Autre collision,4,3,3,0,1,1,1,0,1,30,1,2,1,0,0,1,23.0,,utilitaire_camion,,1,2,7,1,6
202400029529,2024-04-11 10:40:00,2024,4,11,10,40,75,75110,PLACE DE STALINGRAD,48.883835,2.368591,Plein jour,En agglomération,Place,Normale,Autre collision,4,2,2,1,1,1,1,0,8,30,1,2,1,0,0,1,23.0,,utilitaire_camion,,1,2,7,1,6
202400029530,2024-01-22 07:10:00,2024,1,22,7,10,78,78389,1 Place Louis Valton,48.8018,1.815324,Nuit avec éclairage allumé,En agglomération,Hors intersection,Pluie légère,Autre collision,4,2,2,0,1,1,2,0,1,50,1,2,1,0,0,1,49.0,,voiture,,5,2,1,2,6
202400029531,2024-01-22 16:00:00,2024,1,22,16,0,68,68154,14 Rue de Berne,47.773166,7.38955,Plein jour,En agglomération,Hors intersection,Pluie légère,Autre collision,3,-1,4,0,1,1,2,9,1,50,1,3,2,0,1,0,21.0,,utilitaire_camion,,1,2,1,2,6
202400029532,2024-01-22 18:00:00,2024,1,22,18,0,01,01202,Avenue Montferrand,45.898816,5.347252,Nuit avec éclairage allumé,En agglomération,Giratoire,Pluie légère,Autre collision,4,2,2,0,2,1,2,0,1,50,1,2,1,0,1,0,28.0,,voiture,,5,2,6,2,6
202400029533,2024-04-11 13:17:00,2024,4,11,13,17,75,75107,QUAI D ORSAY,48.862869,2.315201,Plein jour,En agglomération,Intersection en T,Normale,Deux véhicules - côté,4,2,5,0,1,1,1,0,1,30,2,2,1,0,0,1,26.0,57.0,deux_roues,voiture,1,2,3,1,3
202400029533,2024-04-11 13:17:00,2024,4,11,13,17,75,75107,QUAI D ORSAY,48.862869,2.315201,Plein jour,En agglomération,Intersection en T,Normale,Deux véhicules - côté,4,4,3,0,1,1,1,0,1,30,2,2,1,0,0,1,26.0,57.0,deux_roues,voiture,1,2,3,1,3
202400029534,2024-01-22 17:25:00,2024,1,22,17,25,69,69159,Route de Tarare,45.96532334,4.67010693,Crépuscule ou aube,Hors agglomération,Intersection en T,Pluie légère,Deux véhicules - côté,3,2,2,2,1,1,2,9,1,70,2,2,1,0,1,0,85.0,19.0,voiture,deux_roues,2,1,3,2,3
202400029534,2024-01-22 17:25:00,2024,1,22,17,25,69,69159,Route de Tarare,45.96532334,4.67010693,Crépuscule ou aube,Hors agglomération,Intersection en T,Pluie légère,Deux véhicules - côté,3,2,2,0,1,2,2,0,1,50,2,2,1,0,1,0,85.0,19.0,voiture,deux_roues,2,1,3,2,3
202400029535,2024-01-23 18:20:00,2024,1,23,18,20,69,69287,106 Avenue Charles de Gaulle,45.696166,5.019547,Nuit avec éclairage allumé,En agglomération,Hors intersection,Pluie légère,Deux véhicules - arrière,3,2,2,0,1,1,2,0,1,50,2,2,1,0,0,1,42.0,32.0,utilitaire_camion,voiture,5,2,1,2,2
202400029536,2024-04-11 02:18:00,2024,4,11,2,18,75,75107,QUAI BRANLY,48.85944,2.29407,Nuit avec éclairage allumé,En agglomération,Hors intersection,Normale,Autre collision,4,1,2,2,1,1,1,9,1,30,1,2,0,0,0,2,28.0,,voiture,,5,2,1,1,6
202400029537,2024-01-23 07:10:00,2024,1,23,7,10,17,17225,Avenue Pierre Sibard,45.713027,-1.136634,Nuit sans éclairage public,En agglomération,Hors intersection,Normale,Autre collision,3,2,2,0,1,1,2,0,1,50,1,2,1,1,0,0,30.0,,voiture,,3,2,1,1,6
202400029538,2024-01-21 06:00:00,2024,1,21,6,0,86,86019,D910,46.72714,0.430074,Nuit sans éclairage public,Hors agglomération,Hors intersection,Normale,Deux véhicules - arrière,3,1,1,0,2,1,1,0,1,90,2,2,1,0,1,0,35.0,51.0,voiture,deux_roues,3,1,1,1,2
202400029539,2024-01-16 10:50:00,2024,1,16,10,50,29,29057,Route de Fouesnant,47.90645427,-3.98976712,Plein jour,En agglomération,Giratoire,Normale,Sans collision,3,1,1,0,1,1,1,0,1,50,1,1,0,0,0,1,52.0,,deux_roues,,1,2,6,1,7
202400029540,2024-04-10 23:48:00,2024,4,10,23,48,75,75107,AVENUE DE LA MOTTE PICQUET,48.857264,2.309934,Nuit avec éclairage allumé,En agglomération,Intersection en X,Normale,Deux véhicules - côté,4,2,4,0,1,1,1,0,1,30,2,3,2,0,0,1,22.0,27.0,deux_roues,deux_roues,5,2,2,1,3
202400029540,2024-04-10 23:48:00,2024,4,10,23,48,75,75107,AVENUE DE LA MOTTE PICQUET,48.857264,2.309934,Nuit avec éclairage allumé,En agglomération,Intersection en X,Normale,Deux véhicules - côté,4,-1, -1,0,1,1,1,0,1,30,2,3,2,0,0,1,22.0,27.0,deux_roues,deux_roues,5,2,2,1,3
202400029541,2024-01-23 03:30:00,2024,1,23,3,30,60,60612,D1330,49.22538559,2.58188581,Nuit sans éclairage public,Hors agglomération,Hors intersection,Normale,Deux véhicules - arrière,3,3,2,0,1,2,1,0,1,90,2,3,1,0,0,2,,56.0,voiture,voiture,3,1,1,1,2
202400029542,2024-04-09 21:35:00,2024,4,9,21,35,75,75107,PLACE DE L ECOLE MILITAIRE,48.854414,2.305254,Nuit avec éclairage allumé,En agglomération,Place,Normale,Deux véhicules - côté,4,1, -1,-1,1,1,1,0,8,30,2,2,1,0,0,1,62.0,27.0,deux_roues,deux_roues,5,2,7,1,3
202400029542,2024-04-09 21:35:00,2024,4,9,21,35,75,75107,PLACE DE L ECOLE MILITAIRE,48.854414,2.305254,Nuit avec éclairage allumé,En agglomération,Place,Normale,Deux véhicules - côté,4,2,2,0,1,2,1,5,8,30,2,2,1,0,0,1,62.0,27.0,deux_roues,deux_roues,5,2,7,1,3
202400029543,2024-04-10 14:51:00,2024,4,10,14,51,75,75102,PLACE DE L OPERA,48.87026,2.3324,Plein jour,En agglomération,Place,Normale,Deux véhicules - côté,4,-1,6,0,1,1,1,0,8,30,2,2,1,0,0,1,75.0,23.0,voiture,deux_roues,1,2,7,1,3
202400029543,2024-04-10 14:51:00,2024,4,10,14,51,75,75102,PLACE DE L OPERA,48.87026,2.3324,Plein jour,En agglomération,Place,Normale,Deux véhicules - côté,4,-1,5,0,1,1,1,0,1,30,2,2,1,0,0,1,75.0,23.0,voiture,deux_roues,1,2,7,1,3
202400029544,2024-01-22 17:45:00,2024,1,22,17,45,62,62503,A16,50.86141684,1.73639903,Nuit sans éclairage public,Hors agglomération,Hors intersection,Normale,Trois véhicules et plus - collisions multiples,1,3,2,0,1,1,1,0,1,130,3,4,3,0,0,1,28.0,42.0,voiture,voiture,3,1,1,1,5
202400029545,2024-04-09 08:40:00,2024,4,9,8,40,94,94068,25 Quai Winston Churchill,48.79222,2.52156,Plein jour,En agglomération,Hors intersection,Temps couvert,Deux véhicules - côté,4,1,1,0,1,1,1,0,1,30,2,2,1,0,0,1,21.0,32.0,deux_roues,voiture,1,2,1,8,3
202400029546,2024-01-20 18:00:00,2024,1,20,18,0,59,59188,Rue du Calvaire,50.193568,3.901278,Nuit sans éclairage public,Hors agglomération,Hors intersection,Neige / grêle,Deux véhicules - frontale,4,2,2,0,1,1,7,0,1,80,2,2,1,0,0,1,31.0,27.0,voiture,voiture,3,1,1,4,1
202400029547,2024-05-21 17:30:00,2024,5,21,17,30,59,59524,Rue Gambetta,50.56409,2.897512,Plein jour,En agglomération,Intersection en X,Normale,Deux véhicules - frontale,7,2,2,0,1,1,1,0,1,30,2,2,1,0,1,0,62.0,21.0,voiture,deux_roues,1,2,2,1,1
202400029547,2024-05-21 17:30:00,2024,5,21,17,30,59,59524,Rue Gambetta,50.56409,2.897512,Plein jour,En agglomération,Intersection en X,Normale,Deux véhicules - frontale,7,2, -1,-1,1,1,1,0,1,-1,2,2,1,0,1,0,62.0,21.0,voiture,deux_roues,1,2,2,1,1
202400029548,2024-04-11 12:05:00,2024,4,11,12,5,94,94033,Avenue du Président Roosevelt / Avenue des Marronniers,48.843,2.4648,Plein jour,En agglomération,Intersection en X,Normale,Deux véhicules - frontale,4,1,1,2,1,1,1,0,1,50,2,2,1,0,0,1,38.0,69.0,deux_roues,voiture,1,2,2,1,1
202400029548,2024-04-11 12:05:00,2024,4,11,12,5,94,94033,Avenue du Président Roosevelt / Avenue des Marronniers,48.843,2.4648,Plein jour,En agglomération,Intersection en X,Normale,Deux véhicules - frontale,4,2,2,2,1,1,1,0,1,50,2,2,1,0,0,1,38.0,69.0,deux_roues,voiture,1,2,2,1,1
202400029549,2024-01-17 19:30:00,2024,1,17,19,30,13,13210,A50-Sens Aubagne vers Marseille,43.28522,5.42149,Nuit sans éclairage public,En agglomération,Hors intersection,Normale,Deux véhicules - côté,1,1,3,0,1,1,1,0,1,70,2,2,1,0,0,1,26.0,24.0,voiture,deux_roues,3,2,1,1,3
202400029550,2024-05-19 20:45:00,2024,5,19,20,45,69,69266,Route Départementale 383   ,45.76319122,4.90937814,Plein jour,Hors agglomération,Hors intersection,Normale,Deux véhicules - côté,7,3,6,0,1,2,1,0,1,70,2,3,1,0,0,2,,28.0,voiture,voiture,1,1,1,1,3
202400029551,2024-01-03 16:15:00,2024,1,3,16,15,67,67204,BRETELLE DE SORTIE,48.62196,7.72662,Plein jour,Hors agglomération,Hors intersection,Normale,Autre collision,7,1,3,0,1,1,1,3,1,70,1,1,0,0,1,0,64.0,,voiture,,1,1,1,1,6
202400029552,2024-05-19 06:00:00,2024,5,19,6,0,54,54150,Autoroute A 31,48.76572,6.1443,Crépuscule ou aube,Hors agglomération,Hors intersection,Normale,Autre collision,1,3,2,0,1,1,1,0,3,110,1,1,0,0,1,0,25.0,,voiture,,2,1,1,1,6
202400029553,2024-04-11 18:20:00,2024,4,11,18,20,94,94079,Boulevard Jean Monnet / Parking IKEA,48.82857,2.52843,Plein jour,En agglomération,Intersection en T,Normale,Deux véhicules - côté,4,-1, -1,0,2,3,1,9,4,30,2,2,1,0,0,1,44.0,56.0,deux_roues,voiture,1,2,3,1,3
202400029553,2024-04-11 18:20:00,2024,4,11,18,20,94,94079,Boulevard Jean Monnet / Parking IKEA,48.82857,2.52843,Plein jour,En agglomération,Intersection en T,Normale,Deux véhicules - côté,4,2,2,0,1,1,1,9,4,50,2,2,1,0,0,1,44.0,56.0,deux_roues,voiture,1,2,3,1,3
202400029554,2024-05-16 14:40:00,2024,5,16,14,40,67,67447,M35,48.61072,7.72668,Plein jour,Hors agglomération,Hors intersection,Normale,Deux véhicules - arrière,7,3,3,0,1,1,1,0,1,90,2,2,1,0,0,1,45.0,45.0,voiture,voiture,1,1,1,1,2
202400029555,2024-01-22 13:47:00,2024,1,22,13,47,91,91345,AUTOROUTE A6,48.688224,2.325074,Plein jour,Hors agglomération,Hors intersection,Pluie légère,Trois véhicules et plus - en chaîne,1,3,3,0,1,1,2,0,1,110,4,4,3,0,0,1,25.0,28.0,utilitaire_camion,utilitaire_camion,1,1,1,2,4
202400029556,2024-04-10 18:20:00,2024,4,10,18,20,94,94055,Rue d'Amboile / Rue d'Aguesseau,48.78900743,2.5314568,Plein jour,En agglomération,Intersection en T,Normale,Deux véhicules - côté,4,1,1,0,1,1,1,0,1,50,2,3,2,0,0,1,46.0,20.0,voiture,utilitaire_camion,1,2,3,1,3
202400029556,2024-04-10 18:20:00,2024,4,10,18,20,94,94055,Rue d'Amboile / Rue d'Aguesseau,48.78900743,2.5314568,Plein jour,En agglomération,Intersection en T,Normale,Deux véhicules - côté,4,2,2,0,1,1,1,0,1,50,2,3,2,0,0,1,46.0,20.0,voiture,utilitaire_camion,1,2,3,1,3
202400029557,2024-05-20 10:50:00,2024,5,20,10,50,33,33063,,44.88042,-0.53946,Plein jour,Hors agglomération,Hors intersection,Normale,Trois véhicules et plus - en chaîne,1,3,6,0,2,1,1,2,1,70,3,6,4,0,0,2,58.0,22.0,voiture,voiture,1,1,1,1,4
202400029558,2024-01-22 08:10:00,2024,1,22,8,10,78,78362,A13,48.976049,1.721586,Plein jour,Hors agglomération,Hors intersection,Pluie forte,Trois véhicules et plus - en chaîne,1,1,4,0,2,1,2,0,1,110,3,4,0,0,0,4,37.0,48.0,voiture,voiture,1,1,1,3,4
202400029559,2024-04-10 14:17:00,2024,4,10,14,17,94,94018,Rue de Paris / Rue Félix Langlais,48.8287,2.40242,Plein jour,En agglomération,Intersection en T,Normale,Deux véhicules - arrière,3,2,2,2,1,1,1,0,1,50,2,2,1,0,0,1,35.0,52.0,deux_roues,deux_roues,1,2,3,1,2
202400029559,2024-04-10 14:17:00,2024,4,10,14,17,94,94018,Rue de Paris / Rue Félix Langlais,48.8287,2.40242,Plein jour,En agglomération,Intersection en T,Normale,Deux véhicules - arrière,3,1,1,2,1,1,1,0,1,-1,2,2,1,0,0,1,35.0,52.0,deux_roues,deux_roues,1,2,3,1,2
202400029560,2024-01-21 13:50:00,2024,1,21,13,50,78,78029,A13W,48.964146,1.84457,Plein jour,Hors agglomération,Hors intersection,Normale,Autre collision,1,3,3,0,1,1,1,0,1,130,1,2,1,0,0,1,33.0,,voiture,,1,1,1,1,6
202400029561,2024-05-20 18:20:00,2024,5,20,18,20,94,94017,A4,48.82648029,2.52228801,Plein jour,Hors agglomération,Hors intersection,Pluie légère,Trois véhicules et plus - collisions multiples,1,-1,4,0,1,3,2,0,1,110,4,4,3,0,0,1,69.0,61.0,utilitaire_camion,voiture,1,1,1,2,5
202400029562,2024-04-10 17:50:00,2024,4,10,17,50,93,93071,Avenue John Fitzgerald Kennedy / Rue Charlie Chaplin,48.93772,2.51396,Plein jour,En agglomération,Intersection en T,Normale,Deux véhicules - arrière,3,2,2,1,1,1,1,0,1,50,2,3,2,0,0,1,37.0,59.0,voiture,deux_roues,1,2,3,1,2
202400029562,2024-04-10 17:50:00,2024,4,10,17,50,93,93071,Avenue John Fitzgerald Kennedy / Rue Charlie Chaplin,48.93772,2.51396,Plein jour,En agglomération,Intersection en T,Normale,Deux véhicules - arrière,3,2,2,0,1,1,1,0,1,-1,2,3,2,0,0,1,37.0,59.0,voiture,deux_roues,1,2,3,1,2
202400029563,2024-05-18 00:01:00,2024,5,18,0,1,77,77058,A4,48.82883722,2.73090654,Nuit sans éclairage public,Hors agglomération,Hors intersection,Normale,Deux véhicules - arrière,1,1,3,0,1,1,1,0,1,130,2,3,2,0,0,1,21.0,21.0,voiture,voiture,3,1,1,1,2
202400029564,2024-04-10 18:14:00,2024,4,10,18,14,93,93064,Place Félix Eboué,48.882672,2.481632,Plein jour,En agglomération,Place,Normale,Sans collision,6,-1,0,0,1,1,1,0,1,50,1,3,0,0,0,3,42.0,,voiture,,1,2,7,1,7
202400029565,2024-01-21 06:00:00,2024,1,21,6,0,78,78291,A13,48.965618,1.750983,Nuit sans éclairage public,Hors agglomération,Hors intersection,Autre,Trois véhicules et plus - collisions multiples,1,1,3,0,2,2,7,2,1,110,4,5,1,1,0,3,34.0,57.0,voiture,voiture,3,1,1,9,5
202400029566,2024-03-03 14:25:00,2024,3,3,14,25,80,80001,AMIENS (d'),50.10302,1.8525,Plein jour,En agglomération,Hors intersection,Normale,Autre collision,3,2,2,0,1,1,1,0,1,50,1,2,1,0,1,0,59.0,,voiture,,1,2,1,1,6
202400029567,2024-01-24 12:52:00,2024,1,24,12,52,04,04070,ARNOUX (R. DU CAP.),44.09546,6.23555,Plein jour,En agglomération,Autre intersection,Normale,Autre collision,4,1,2,3,1,1,1,6,1,50,1,2,1,0,0,1,46.0,,utilitaire_camion,,1,2,9,1,6
202400029568,2024-04-10 21:55:00,2024,4,10,21,55,93,93050,Avenue de Verdun,48.860312,2.536904,Nuit avec éclairage allumé,En agglomération,Hors intersection,Normale,Autre collision,4,2,2,0,1,1,1,0,1,50,1,2,1,0,1,0,,,voiture,,5,2,1,1,6
202400029569,2024-01-22 10:45:00,2024,1,22,10,45,95,95607,A115,49.02112824,2.21140244,Plein jour,Hors agglomération,Hors intersection,Pluie légère,Deux véhicules - arrière,1,3,2,0,1,1,2,1,1,90,2,4,3,0,0,1,37.0,34.0,voiture,voiture,1,1,1,2,2
202400029570,2024-02-05 14:35:00,2024,2,5,14,35,88,88429,D 157,48.05046,6.58245,Plein jour,En agglomération,Hors intersection,Normale,Deux véhicules - côté,3,2,2,0,1,1,1,0,1,50,2,2,1,0,1,0,17.0,25.0,deux_roues,utilitaire_camion,1,2,1,1,3
202400029571,2024-04-10 17:46:00,2024,4,10,17,46,77,77083,BEL AIR,48.85536518,2.58260697,Plein jour,En agglomération,Hors intersection,Temps éblouissant,Autre collision,4,2,2,0,1,1,1,0,1,50,1,3,1,0,0,2,30.0,,voiture,,1,2,1,7,6
202400029572,2024-01-22 01:10:00,2024,1,22,1,10,95,95277,A3,48.9744287,2.488344,Nuit sans éclairage public,Hors agglomération,Hors intersection,Vent fort / tempête,Autre collision,1,1,2,0,2,3,2,3,1,70,1,2,1,0,1,0,40.0,,voiture,,3,1,1,6,6
202400029573,2024-05-17 23:45:00,2024,5,17,23,45,987,98735,POMARE V (AVENUE),-17.5323,-149.56734,Nuit avec éclairage allumé,En agglomération,Autre intersection,Normale,Sans collision,3,2,2,0,1,1,1,0,1,30,1,2,1,0,0,1,34.0,,deux_roues,,5,2,9,1,7
202400029573,2024-05-17 23:45:00,2024,5,17,23,45,987,98735,POMARE V (AVENUE),-17.5323,-149.56734,Nuit avec éclairage allumé,En agglomération,Autre intersection,Normale,Sans collision,3,2,2,0,1,1,1,0,1,30,1,2,1,0,0,1,34.0,,deux_roues,,5,2,9,1,7
202400029574,2024-01-21 04:30:00,2024,1,21,4,30,972,97209,CHEVALIER SAINTE-MARTHE (BOULEVARD),14.60199,-61.06704,Nuit avec éclairage allumé,En agglomération,Hors intersection,Pluie légère,Autre collision,3,2,2,0,1,2,2,0,1,30,1,1,0,0,0,1,23.0,,voiture,,5,2,1,2,6
202400029575,2024-04-10 11:20:00,2024,4,10,11,20,93,93007,ARISTIDE BRIAND     Z2 (DU 148 AU 232),48.94709194,2.45862007,Plein jour,En agglomération,Giratoire,Normale,Deux véhicules - arrière,4,2,#VALEURMULTI,0,1,1,1,0,1,30,2,2,0,0,0,2,62.0,36.0,voiture,utilitaire_camion,1,2,6,1,2
202400029576,2024-05-19 12:45:00,2024,5,19,12,45,974,97411,CHAUDRON  (BLD 1 DU),-20.89562,55.49489,Plein jour,En agglomération,Intersection en Y,Normale,Deux véhicules - côté,2,2,2,0,1,1,1,0,1,50,2,3,0,0,2,1,26.0,60.0,deux_roues,voiture,1,2,4,1,3
202400029576,2024-05-19 12:45:00,2024,5,19,12,45,974,97411,CHAUDRON  (BLD 1 DU),-20.89562,55.49489,Plein jour,En agglomération,Intersection en Y,Normale,Deux véhicules - côté,2,2,1,0,1,1,1,0,1,50,2,3,0,0,2,1,26.0,60.0,deux_roues,voiture,1,2,4,1,3
202400029577,2024-01-21 04:30:00,2024,1,21,4,30,69,69149,Boulevard Emile Zola,45.71949094,4.80561627,Nuit avec éclairage allumé,En agglomération,Hors intersection,Temps couvert,Deux véhicules - côté,7,2,2,0,1,2,2,0,1,50,2,3,2,0,0,1,24.0,38.0,voiture,voiture,5,2,1,8,3
202400029578,2024-05-16 12:45:00,2024,5,16,12,45,973,97302,TROUBIRAN (CHEMIN DE),4.92691171,-52.3034901,Plein jour,En agglomération,Intersection en T,Normale,Deux véhicules - frontale,4,2,2,0,1,1,1,0,1,50,2,2,1,0,0,1,30.0,22.0,voiture,deux_roues,1,2,3,1,1
202400029578,2024-05-16 12:45:00,2024,5,16,12,45,973,97302,TROUBIRAN (CHEMIN DE),4.92691171,-52.3034901,Plein jour,En agglomération,Intersection en T,Normale,Deux véhicules - frontale,4,2,2,0,1,1,1,0,1,50,2,2,1,0,0,1,30.0,22.0,voiture,deux_roues,1,2,3,1,1
202400029579,2024-04-10 21:50:00,2024,4,10,21,50,92,92063,DOUMER (AVENUE PAUL) EST,48.88125927,2.18426549,Nuit avec éclairage allumé,En agglomération,Intersection en X,Normale,Deux véhicules - côté,3,2,2,0,1,1,1,0,1,50,2,4,3,0,0,1,28.0,39.0,deux_roues,voiture,5,2,2,1,3