accident_id,datetime,annee,mois,jour,heure,minute,departement,commune_insee,adresse,latitude,longitude,luminosite,agglomeration,intersection,meteo,collision,catr,circ,nbv,vosp,prof,plan,surf,infra,situ,vma,nb_vehicules,nb_usagers,nb_indemnes,nb_tues,nb_blesses_hosp,nb_blesses_legers,age_cond_1,age_cond_2,veh_type_cond_1,veh_type_cond_2,lum_code,agg_code,int_code,atm_code,col_code
202400029654,2024-05-18 17:35:00,2024,5,18,17,35,62,62764,Rue Mediolanaise,50.30491,2.792,Plein jour,En agglomération,Hors intersection,Normale,Autre collision,4,2,2,0,1,1,1,0,1,30,1,2,1,0,0,1,33.0,,voiture,,1,2,1,1,6
202400029655,2024-09-01 17:40:00,2024,9,1,17,40,33,33529,,44.63085,-1.20192,Plein jour,En agglomération,Giratoire,Normale,Sans collision,4,2,2,0,1,1,1,0,1,50,2,2,1,0,0,1,,32.0,voiture,deux_roues,1,2,6,1,7
202400029655,2024-09-01 17:40:00,2024,9,1,17,40,33,33529,,44.63085,-1.20192,Plein jour,En agglomération,Giratoire,Normale,Sans collision,4,2,2,0,1,1,1,0,1,50,2,2,1,0,0,1,,32.0,voiture,deux_roues,1,2,6,1,7
202400029656,2024-05-19 22:15:00,2024,5,19,22,15,59,59152,FLANDRE (RUE DE),50.7525,3.0076,Nuit avec éclairage allumé,En agglomération,Hors intersection,Normale,Autre collision,4,2,0,0,1,1,1,0,1,50,1,1,0,0,0,1,38.0,,voiture,,5,2,1,1,6
202400029657,2024-04-12 19:00:00,2024,4,12,19,0,63,63125,D304,45.73303379,3.52826716,Plein jour,Hors agglomération,Hors intersection,Normale,Deux véhicules - frontale,3,2,2,0,1,4,1,0,1,90,2,3,2,0,1,0,70.0,47.0,voiture,deux_roues,1,1,1,1,1
202400029658,2024-01-19 16:10:00,2024,1,19,16,10,75,75117,PORTE DE CLICHY,48.89780219,2.31314152,Plein jour,En agglomération,Intersection en Y,Normale,Deux véhicules - côté,4,1,4,0,1,1,1,0,1,70,2,3,2,0,0,1,37.0,40.0,utilitaire_camion,deux_roues,1,2,4,1,3
202400029658,2024-01-19 16:10:00,2024,1,19,16,10,75,75117,PORTE DE CLICHY,48.89780219,2.31314152,Plein jour,En agglomération,Intersection en Y,Normale,Deux véhicules - côté,4,1,1,0,2,1,1,0,1,50,2,3,2,0,0,1,37.0,40.0,utilitaire_camion,deux_roues,1,2,4,1,3
202400029659,2024-04-12 12:40:00,2024,4,12,12,40,49,49336,D171,47.048414,-0.622423,Plein jour,Hors agglomération,Hors intersection,Normale,Sans collision,3,2,2,0,1,4,1,0,3,90,1,1,0,0,1,0,20.0,,voiture,,1,1,1,1,7
202400029660,2024-05-19 19:40:00,2024,5,19,19,40,59,59599,Rue du Roitelet,50.73718,3.17098,Plein jour,En agglomération,Intersection en X,Normale,Deux véhicules - côté,4,2,2,0,1,1,1,0,1,50,2,2,1,0,0,1,42.0,26.0,deux_roues,voiture,1,2,2,1,3
202400029660,2024-05-19 19:40:00,2024,5,19,19,40,59,59599,Rue du Roitelet,50.73718,3.17098,Plein jour,En agglomération,Intersection en X,Normale,Deux véhicules - côté,4,2,2,0,1,1,1,0,1,30,2,2,1,0,0,1,42.0,26.0,deux_roues,voiture,1,2,2,1,3
202400029661,2024-01-21 16:15:00,2024,1,21,16,15,75,75117,BOULEVARD D AURELLE DE PALADINES,48.882601,2.282755,Plein jour,En agglomération,Intersection en X,Normale,Sans collision,4,2,2,0,1,1,1,0,1,30,1,1,0,0,0,1,22.0,,deux_roues,,1,2,2,1,7
202400029661,2024-01-21 16:15:00,2024,1,21,16,15,75,75117,BOULEVARD D AURELLE DE PALADINES,48.882601,2.282755,Plein jour,En agglomération,Intersection en X,Normale,Sans collision,4,2, -1,-1,1,1,1,0,1,30,1,1,0,0,0,1,22.0,,deux_roues,,1,2,2,1,7
202400029662,2024-04-12 19:10:00,2024,4,12,19,10,12,12167,lieu-dit Les Pelayries,44.230656,1.964772,Plein jour,Hors agglomération,Hors intersection,Normale,Autre collision,3,2,2,0,2,2,1,0,3,90,1,1,0,1,0,0,66.0,,deux_roues,,1,1,1,1,6
202400029663,2024-05-19 21:45:00,2024,5,19,21,45,59,59512,Pierre de ROUBAIX (rue),50.68784,3.18938,Crépuscule ou aube,En agglomération,Autre intersection,Normale,Deux véhicules - côté,4,2,2,0,1,1,1,0,1,50,2,2,1,0,0,1,20.0,26.0,deux_roues,voiture,2,2,9,1,3
202400029664,2024-04-12 07:01:00,2024,4,12,7,1,44,44061,La Ville Aubert,47.2373774,-1.9445917,Crépuscule ou aube,Hors agglomération,Hors intersection,Temps couvert,Autre collision,3,2,2,0,1,1,1,0,1,80,1,1,0,0,1,0,28.0,,deux_roues,,2,1,1,8,6
202400029665,2024-01-20 00:30:00,2024,1,20,0,30,75,75117,AVENUE MAC MAHON,48.877911,2.294385,Nuit avec éclairage allumé,En agglomération,Intersection en T,Normale,Sans collision,4,2, -1,3,2,1,1,0,1,30,1,1,0,0,0,1,24.0,,deux_roues,,5,2,3,1,7
202400029665,2024-01-20 00:30:00,2024,1,20,0,30,75,75117,AVENUE MAC MAHON,48.877911,2.294385,Nuit avec éclairage allumé,En agglomération,Intersection en T,Normale,Sans collision,4,1, -1,-1,1,1,1,0,1,30,1,1,0,0,0,1,24.0,,deux_roues,,5,2,3,1,7
202400029666,2024-04-12 15:10:00,2024,4,12,15,10,38,38029,653 Route de Lyon,45.577324,5.51992,Plein jour,En agglomération,Hors intersection,Normale,Deux véhicules - côté,3,2,2,0,2,1,1,0,1,50,2,2,0,1,0,1,21.0,51.0,voiture,deux_roues,1,2,1,1,3
202400029667,2024-05-19 15:45:00,2024,5,19,15,45,59,59560,Avenue de l'Épinette,50.55752,3.05876,Plein jour,En agglomération,Giratoire,Normale,Deux véhicules - frontale,4,3,2,0,1,1,1,0,1,30,2,4,1,0,1,2,21.0,20.0,voiture,voiture,1,2,6,1,1
202400029668,2024-01-21 15:25:00,2024,1,21,15,25,75,75115,QUAI ANDRE CITROEN,48.847245,2.279192,Plein jour,En agglomération,Hors intersection,Normale,Deux véhicules - frontale,4,2,5,2,1,1,1,0,1,50,2,2,1,0,0,1,44.0,31.0,voiture,deux_roues,1,2,1,1,1
202400029669,2024-09-01 12:30:00,2024,9,1,12,30,31,31555,ALL CHARLES DE FITTE,43.60104,1.42863,Plein jour,En agglomération,Intersection en Y,Normale,Deux véhicules - côté,4,3,3,3,1,1,1,0,5,50,2,3,2,0,0,1,38.0,56.0,voiture,deux_roues,1,2,4,1,3
202400029669,2024-09-01 12:30:00,2024,9,1,12,30,31,31555,ALL CHARLES DE FITTE,43.60104,1.42863,Plein jour,En agglomération,Intersection en Y,Normale,Deux véhicules - côté,4,1,1,0,1,2,1,1,1,50,2,3,2,0,0,1,38.0,56.0,voiture,deux_roues,1,2,4,1,3
202400029670,2024-05-19 16:15:00,2024,5,19,16,15,59,59009,Rue Elisee Reclus,50.60763,3.13312,Plein jour,En agglomération,Hors intersection,Temps éblouissant,Sans collision,4,2,2,0,1,1,1,0,1,50,1,1,0,0,1,0,25.0,,deux_roues,,1,2,1,7,7
202400029671,2024-04-12 15:00:00,2024,4,12,15,0,02,02286,13 Route du Grand Wez,49.982965,3.779018,Plein jour,En agglomération,Intersection en T,Normale,Deux véhicules - frontale,3,2,2,0,4,1,1,0,1,50,2,3,2,0,0,1,51.0,28.0,voiture,deux_roues,1,2,3,1,1
202400029671,2024-04-12 15:00:00,2024,4,12,15,0,02,02286,13 Route du Grand Wez,49.982965,3.779018,Plein jour,En agglomération,Intersection en T,Normale,Deux véhicules - frontale,3,2, -1,-1,1,1,1,0,1,-1,2,3,2,0,0,1,51.0,28.0,voiture,deux_roues,1,2,3,1,1
202400029672,2024-01-21 15:20:00,2024,1,21,15,20,75,75112,AVENUE LEDRU ROLLIN,48.850023,2.374814,Plein jour,En agglomération,Hors intersection,Normale,Deux véhicules - côté,4,2,2,0,1,1,1,0,1,30,2,4,3,0,0,1,28.0,54.0,deux_roues,voiture,1,2,1,1,3
202400029673,2024-05-19 14:50:00,2024,5,19,14,50,59,59350,Rue de Wazemmes,50.62307,3.05643,Plein jour,En agglomération,Hors intersection,Normale,Deux véhicules - frontale,4,2,2,0,1,1,1,0,1,30,2,2,1,0,1,0,30.0,38.0,voiture,deux_roues,1,2,1,1,1
202400029674,2024-01-21 15:45:00,2024,1,21,15,45,75,75110,RUE DU FAUBOURG SAINT MARTIN,48.87667,2.360893,Plein jour,En agglomération,Hors intersection,Normale,Autre collision,4,2,2,0,1,1,1,0,1,30,1,2,1,0,0,1,55.0,,voiture,,1,2,1,1,6
202400029675,2024-04-11 16:45:00,2024,4,11,16,45,72,72146,"Lieu-dit ""la belle étoile""",47.9000879,0.15842294,Plein jour,Hors agglomération,Autre intersection,Normale,Deux véhicules - côté,3,2,2,0,1,1,1,0,1,90,2,3,1,0,1,1,54.0,57.0,voiture,deux_roues,1,1,9,1,3
202400029676,2024-05-17 13:30:00,2024,5,17,13,30,59,59410,8 MAI 1945 RUE DU,50.637435,3.115241,Plein jour,En agglomération,Hors intersection,Normale,Autre collision,4,2,2,0,1,1,1,0,1,30,1,2,1,0,0,1,33.0,,voiture,,1,2,1,1,6
202400029677,2024-05-19 17:28:00,2024,5,19,17,28,56,56260,Rue de l'Amiral Ronarc'H,47.6394,-2.77136,Plein jour,En agglomération,Hors intersection,Normale,Sans collision,4,2,2,0,1,1,2,0,1,50,1,1,0,0,0,1,53.0,,deux_roues,,1,2,1,1,7
202400029678,2024-09-01 23:10:00,2024,9,1,23,10,18,18033,Avenue d'Issoudun,47.0574,2.35881,Nuit sans éclairage public,Hors agglomération,Hors intersection,Normale,Deux véhicules - arrière,4,-1,2,0,2,1,1,0,1,70,2,2,1,0,0,1,21.0,41.0,voiture,deux_roues,3,1,1,1,2
202400029679,2024-04-12 18:10:00,2024,4,12,18,10,14,14610,22 Rue de Bouliesse,49.185645,-0.503477,Plein jour,En agglomération,Hors intersection,Normale,Deux véhicules - frontale,3,2,2,0,2,1,1,0,1,50,2,2,1,0,1,0,27.0,16.0,voiture,deux_roues,1,2,1,1,1
202400029680,2024-01-21 07:14:00,2024,1,21,7,14,75,75110,BOULEVARD DE MAGENTA,48.873264,2.358767,Nuit avec éclairage allumé,En agglomération,Intersection en T,Normale,Deux véhicules - côté,4,2,4,3,1,1,1,0,1,30,2,2,1,0,0,1,50.0,32.0,voiture,deux_roues,5,2,3,1,3
202400029680,2024-01-21 07:14:00,2024,1,21,7,14,75,75110,BOULEVARD DE MAGENTA,48.873264,2.358767,Nuit avec éclairage allumé,En agglomération,Intersection en T,Normale,Deux véhicules - côté,4,1, -1,-1,1,1,1,0,1,30,2,2,1,0,0,1,50.0,32.0,voiture,deux_roues,5,2,3,1,3
202400029681,2024-01-21 18:50:00,2024,1,21,18,50,75,75116,AVENUE RAPHAEL,48.860983,2.26793,Nuit avec éclairage allumé,En agglomération,Hors intersection,Normale,Autre collision,4,3,1,0,1,1,1,0,3,50,1,1,0,0,0,1,85.0,,voiture,,5,2,1,1,6
202400029682,2024-04-12 09:16:00,2024,4,12,9,16,73,73010,D991C - Rue de la Chambotte,45.785802,5.945087,Plein jour,En agglomération,Hors intersection,Normale,Deux véhicules - côté,3,2,2,0,1,1,1,0,1,30,2,3,2,0,1,0,50.0,81.0,deux_roues,voiture,1,2,1,1,3
202400029683,2024-05-19 14:45:00,2024,5,19,14,45,54,54395,Rue Jeanne d'Arc,48.68342889,6.17344201,Plein jour,En agglomération,Intersection en X,Normale,Deux véhicules - côté,4,1,2,1,2,1,1,-1,5,50,2,2,1,0,0,1,71.0,21.0,voiture,deux_roues,1,2,2,1,3
202400029683,2024-05-19 14:45:00,2024,5,19,14,45,54,54395,Rue Jeanne d'Arc,48.68342889,6.17344201,Plein jour,En agglomération,Intersection en X,Normale,Deux véhicules - côté,4,2,2,1,2,1,1,0,5,50,2,2,1,0,0,1,71.0,21.0,voiture,deux_roues,1,2,2,1,3
202400029684,2024-01-21 06:35:00,2024,1,21,6,35,75,75101,QUAI DES TUILERIES,48.863117,2.32336,Nuit avec éclairage allumé,En agglomération,Hors intersection,Normale,Autre collision,4,1,3,3,1,1,1,0,1,30,1,1,0,0,0,1,43.0,,voiture,,5,2,1,1,6
202400029685,2024-04-11 21:15:00,2024,4,11,21,15,10,10268,Aiguillage,48.5028,3.4986,Nuit avec éclairage allumé,En agglomération,Hors intersection,Normale,Deux véhicules - arrière,4,2,2,0,1,1,1,0,1,70,2,4,3,1,0,0,28.0,30.0,deux_roues,voiture,5,2,1,1,2
202400029686,2024-01-20 00:25:00,2024,1,20,0,25,75,75104,PLACE DE LA BASTILLE,48.85382,2.3682,Nuit avec éclairage allumé,En agglomération,Intersection en T,Normale,Deux véhicules - frontale,4,1, -1,-1,1,1,1,0,1,30,2,2,1,0,0,1,28.0,26.0,deux_roues,voiture,5,2,3,1,1
202400029686,2024-01-20 00:25:00,2024,1,20,0,25,75,75104,PLACE DE LA BASTILLE,48.85382,2.3682,Nuit avec éclairage allumé,En agglomération,Intersection en T,Normale,Deux véhicules - frontale,4,2,2,2,1,2,1,5,1,30,2,2,1,0,0,1,28.0,26.0,deux_roues,voiture,5,2,3,1,1
202400029687,2024-05-19 14:50:00,2024,5,19,14,50,31,31555,AV DE LATTRE DE TASSIGNY,43.581277,1.438459,Plein jour,En agglomération,Intersection en T,Pluie légère,Deux véhicules - arrière,4,2,3,0,1,1,2,0,1,50,2,4,3,0,0,1,37.0,21.0,voiture,voiture,1,2,3,2,2
202400029687,2024-05-19 14:50:00,2024,5,19,14,50,31,31555,AV DE LATTRE DE TASSIGNY,43.581277,1.438459,Plein jour,En agglomération,Intersection en T,Pluie légère,Deux véhicules - arrière,4,2,2,0,1,1,2,0,1,50,2,4,3,0,0,1,37.0,21.0,voiture,voiture,1,2,3,2,2
202400029688,2024-09-01 12:58:00,2024,9,1,12,58,14,14333,10 Rue Montpensier,49.41938,0.23303,Plein jour,En agglomération,Intersection en T,Normale,Deux véhicules - côté,4,1,1,0,1,2,1,9,1,30,2,2,1,0,0,1,55.0,52.0,voiture,deux_roues,1,2,3,1,3
202400029688,2024-09-01 12:58:00,2024,9,1,12,58,14,14333,10 Rue Montpensier,49.41938,0.23303,Plein jour,En agglomération,Intersection en T,Normale,Deux véhicules - côté,4,2,2,0,1,1,1,0,1,30,2,2,1,0,0,1,55.0,52.0,voiture,deux_roues,1,2,3,1,3
202400029689,2024-05-19 10:55:00,2024,5,19,10,55,31,31483,GAMBETTA (BOULEVARD),43.105015,0.728415,Plein jour,En agglomération,Hors intersection,Normale,Autre collision,4,1,2,0,1,1,2,0,1,50,1,2,1,0,0,1,82.0,,voiture,,1,2,1,1,6
202400029690,2024-04-11 23:30:00,2024,4,11,23,30,85,85234,291 Route de Notre-Dame-de-Monts,46.811769,-2.116805,Nuit avec éclairage allumé,En agglomération,Giratoire,Normale,Sans collision,3,2,1,0,1,1,1,5,4,70,1,3,0,0,1,2,27.0,,voiture,,5,2,6,1,7
202400029691,2024-01-21 21:26:00,2024,1,21,21,26,94,94046,Rue du Maréchal de Lattre de Tassigny / Rue de la Belle Image,48.81221979,2.43480675,Nuit avec éclairage allumé,En agglomération,Intersection en X,Temps couvert,Deux véhicules - frontale,4,2,2,-1,1,1,2,0,1,-1,2,2,1,0,0,1,50.0,22.0,voiture,voiture,5,2,2,8,1
202400029691,2024-01-21 21:26:00,2024,1,21,21,26,94,94046,Rue du Maréchal de Lattre de Tassigny / Rue de la Belle Image,48.81221979,2.43480675,Nuit avec éclairage allumé,En agglomération,Intersection en X,Temps couvert,Deux véhicules - frontale,4,1,1,0,1,1,2,0,1,30,2,2,1,0,0,1,50.0,22.0,voiture,voiture,5,2,2,8,1
202400029692,2024-09-01 22:00:00,2024,9,1,22,0,14,14437,D613,49.16286,-0.30273,Nuit sans éclairage public,En agglomération,Hors intersection,Normale,Sans collision,3,1,2,0,3,3,1,0,1,50,1,2,1,0,1,0,38.0,,voiture,,3,2,1,1,7
202400029693,2024-05-18 09:30:00,2024,5,18,9,30,22,22113,TREBEURDEN (ROUTE DE),48.75233957,-3.50953717,Plein jour,Hors agglomération,Hors intersection,Normale,Deux véhicules - arrière,3,2,1,0,1,1,1,0,1,80,2,4,2,0,0,2,48.0,47.0,voiture,utilitaire_camion,1,1,1,1,2
202400029694,2024-04-12 14:40:00,2024,4,12,14,40,28,28323,D 20,48.659108,1.205106,Plein jour,Hors agglomération,Intersection en X,Normale,Deux véhicules - côté,3,2,2,0,1,1,1,0,1,80,2,2,1,1,0,0,26.0,73.0,utilitaire_camion,utilitaire_camion,1,1,2,1,3
202400029694,2024-04-12 14:40:00,2024,4,12,14,40,28,28323,D 20,48.659108,1.205106,Plein jour,Hors agglomération,Intersection en X,Normale,Deux véhicules - côté,3,2,2,0,1,1,1,0,1,80,2,2,1,1,0,0,26.0,73.0,utilitaire_camion,utilitaire_camion,1,1,2,1,3
202400029695,2024-01-21 02:30:00,2024,1,21,2,30,94,94046,Avenue du Général Leclerc / Avenue de la République,48.80577,2.44092,Nuit avec éclairage allumé,En agglomération,Intersection en X,Normale,Deux véhicules - côté,3,2,2,0,1,1,1,0,1,-1,2,2,1,0,0,1,54.0,34.0,deux_roues,voiture,5,2,2,1,3
202400029695,2024-01-21 02:30:00,2024,1,21,2,30,94,94046,Avenue du Général Leclerc / Avenue de la République,48.80577,2.44092,Nuit avec éclairage allumé,En agglomération,Intersection en X,Normale,Deux véhicules - côté,3,3,4,0,1,1,1,5,1,50,2,2,1,0,0,1,54.0,34.0,deux_roues,voiture,5,2,2,1,3
202400029696,2024-04-12 17:10:00,2024,4,12,17,10,48,48105,D26,44.767882,3.769083,Plein jour,Hors agglomération,Hors intersection,Normale,Deux véhicules - côté,3,2,2,0,1,1,1,0,1,80,2,2,1,0,1,0,65.0,69.0,deux_roues,voiture,1,1,1,1,3
202400029697,2024-05-17 08:45:00,2024,5,17,8,45,17,17306,REGAZZONI (AVENUE CHARLES),45.63778,-1.03976,Plein jour,En agglomération,Giratoire,Pluie légère,Deux véhicules - côté,4,-1,2,0,1,1,2,0,1,50,2,2,1,0,0,1,17.0,43.0,deux_roues,utilitaire_camion,1,2,6,2,3
202400029697,2024-05-17 08:45:00,2024,5,17,8,45,17,17306,REGAZZONI (AVENUE CHARLES),45.63778,-1.03976,Plein jour,En agglomération,Giratoire,Pluie légère,Deux véhicules - côté,4,1,2,0,1,1,2,0,1,50,2,2,1,0,0,1,17.0,43.0,deux_roues,utilitaire_camion,1,2,6,2,3
202400029698,2024-09-01 06:15:00,2024,9,1,6,15,13,13206,ARMENY (RUE D'),43.29091016,5.37970864,Nuit avec éclairage non allumé,En agglomération,Hors intersection,Normale,Deux véhicules - arrière,4,1,2,0,1,1,1,0,1,80,2,3,1,0,2,0,26.0,,deux_roues,voiture,4,2,1,1,2
202400029699,2024-01-21 19:20:00,2024,1,21,19,20,94,94003,Avenue du General Malleret Joinville / Avenue Paul Vaillant-Couturier,48.802103,2.338945,Nuit avec éclairage allumé,En agglomération,Intersection en X,Temps couvert,Deux véhicules - arrière,3,2,2,3,1,1,2,0,1,30,2,2,1,0,0,1,30.0,56.0,deux_roues,voiture,5,2,2,8,2
202400029699,2024-01-21 19:20:00,2024,1,21,19,20,94,94003,Avenue du General Malleret Joinville / Avenue Paul Vaillant-Couturier,48.802103,2.338945,Nuit avec éclairage allumé,En agglomération,Intersection en X,Temps couvert,Deux véhicules - arrière,3,2,2,0,1,3,2,0,1,-1,2,2,1,0,0,1,30.0,56.0,deux_roues,voiture,5,2,2,8,2
202400029700,2024-04-11 12:30:00,2024,4,11,12,30,88,88486,Rue d'Ouffet,48.004962,6.717732,Plein jour,En agglomération,Hors intersection,Normale,Deux véhicules - frontale,3,2,2,0,1,2,1,0,1,50,2,3,1,0,0,2,72.0,37.0,voiture,voiture,1,2,1,1,1
202400029701,2024-09-01 15:30:00,2024,9,1,15,30,13,13209,COL DE LA GINESTE D559,43.23982,5.45652,Plein jour,En agglomération,Hors intersection,Normale,Deux véhicules - frontale,3,2,2,2,3,2,1,0,3,70,1,1,0,1,0,0,25.0,,deux_roues,,1,2,1,1,1
202400029702,2024-04-11 11:05:00,2024,4,11,11,5,44,44069,Route de Herbignac,47.35083,-2.4223,Plein jour,Hors agglomération,Hors intersection,Normale,Deux véhicules - frontale,3,2,2,0,1,1,1,0,1,80,2,2,1,0,1,0,75.0,21.0,voiture,utilitaire_camion,1,1,1,1,1
202400029703,2024-04-11 14:00:00,2024,4,11,14,0,63,63014,A75 diffuseur 2 sortie Paris -Aubière  (sens 1),45.744377,3.145051,Plein jour,Hors agglomération,Autre intersection,Normale,Autre collision,1,1,1,0,1,3,1,3,1,50,1,1,0,0,1,0,50.0,,deux_roues,,1,1,9,1,6
202400029704,2024-08-31 11:20:00,2024,8,31,11,20,12,12145,LAURET EMILE (BOULEVARD),44.10706329,3.08288097,Plein jour,En agglomération,Hors intersection,Normale,Deux véhicules - frontale,3,3,2,0,1,1,1,0,1,50,2,2,1,1,0,0,68.0,53.0,voiture,voiture,1,2,1,1,1
202400029705,2024-05-19 22:50:00,2024,5,19,22,50,13,13214,Louis VILLECROZE (Bld),43.3224,5.3922,Nuit avec éclairage allumé,En agglomération,Intersection en T,Normale,Deux véhicules - côté,4,-1,2,0,3,1,1,0,1,50,3,5,1,0,0,4,33.0,34.0,voiture,voiture,5,2,3,1,3
202400029705,2024-05-19 22:50:00,2024,5,19,22,50,13,13214,Louis VILLECROZE (Bld),43.3224,5.3922,Nuit avec éclairage allumé,En agglomération,Intersection en T,Normale,Deux véhicules - côté,4,-1,2,0,3,1,1,0,1,50,3,5,1,0,0,4,33.0,34.0,voiture,voiture,5,2,3,1,3
202400029706,2024-01-20 16:20:00,2024,1,20,16,20,94,94073,Avenue de Versailles / rue simone veil,48.75825,2.39294,Plein jour,En agglomération,Intersection en X,Normale,Deux véhicules - côté,3,3,4,3,2,1,1,0,1,50,2,5,1,0,1,3,42.0,74.0,voiture,voiture,1,2,2,1,3
202400029706,2024-01-20 16:20:00,2024,1,20,16,20,94,94073,Avenue de Versailles / rue simone veil,48.75825,2.39294,Plein jour,En agglomération,Intersection en X,Normale,Deux véhicules - côté,3,1,2,2,2,1,1,0,1,50,2,5,1,0,1,3,42.0,74.0,voiture,voiture,1,2,2,1,3
202400029707,2024-04-11 18:10:00,2024,4,11,18,10,69,69204,Route de Brignais,45.714151,4.774622,Plein jour,Hors agglomération,Hors intersection,Normale,Deux véhicules - frontale,7,2,2,0,1,1,1,0,1,70,2,2,1,0,0,1,38.0,43.0,deux_roues,voiture,1,1,1,1,1
202400029708,2024-05-19 07:00:00,2024,5,19,7,0,13,13211,COMMANDANT DE ROBIEN (RUE),43.28987533,5.48696437,Plein jour,En agglomération,Autre intersection,Normale,Deux véhicules - côté,4,2,2,0,2,1,1,0,3,50,2,3,0,0,0,3,27.0,,voiture,,1,2,9,1,3
202400029709,2024-01-21 20:05:00,2024,1,21,20,5,93,93031,Rue de Paris / Avenue de Lattre de Tassigny,48.9528,2.31552,Nuit avec éclairage allumé,En agglomération,Intersection en X,Normale,Deux véhicules - côté,3,3,4,3,1,1,2,0,1,50,2,2,1,0,0,1,11.0,,deux_roues,voiture,5,2,2,1,3
202400029709,2024-01-21 20:05:00,2024,1,21,20,5,93,93031,Rue de Paris / Avenue de Lattre de Tassigny,48.9528,2.31552,Nuit avec éclairage allumé,En agglomération,Intersection en X,Normale,Deux véhicules - côté,3,2,2,0,1,3,2,0,5,50,2,2,1,0,0,1,11.0,,deux_roues,voiture,5,2,2,1,3
202400029710,2024-04-12 10:40:00,2024,4,12,10,40,91,91111,Autoroute A10 PK 006+700 sens 2 vers PARIS,48.624308,2.136765,Plein jour,Hors agglomération,Hors intersection,Normale,Deux véhicules - arrière,1,3,4,0,2,1,1,0,1,110,2,3,0,0,1,2,34.0,30.0,voiture,utilitaire_camion,1,1,1,1,2
202400029711,2024-08-31 16:45:00,2024,8,31,16,45,09,09122,CROS (cours Irénée),42.96845,1.60818,Plein jour,En agglomération,Hors intersection,Normale,Deux véhicules - arrière,3,2,2,0,1,1,1,0,1,50,2,3,2,0,0,1,52.0,55.0,voiture,deux_roues,1,2,1,1,2
202400029712,2024-05-18 16:40:00,2024,5,18,16,40,13,13001,RD9,43.48726,5.36162,Plein jour,Hors agglomération,Autre intersection,Normale,Deux véhicules - arrière,3,1,2,0,2,2,1,0,1,90,2,5,2,0,0,3,34.0,44.0,voiture,voiture,1,1,9,1,2
202400029713,2024-01-20 23:52:00,2024,1,20,23,52,92,92078,VERDUN (AVENUE) (IMPAIRS 1 A 25),48.93500445,2.32638127,Nuit avec éclairage allumé,En agglomération,Intersection en X,Normale,Deux véhicules - côté,3,2,4,3,1,1,1,5,1,50,2,3,1,0,0,2,38.0,25.0,voiture,voiture,5,2,2,1,3
202400029713,2024-01-20 23:52:00,2024,1,20,23,52,92,92078,VERDUN (AVENUE) (IMPAIRS 1 A 25),48.93500445,2.32638127,Nuit avec éclairage allumé,En agglomération,Intersection en X,Normale,Deux véhicules - côté,3,2,4,3,1,1,1,5,1,50,2,3,1,0,0,2,38.0,25.0,voiture,voiture,5,2,2,1,3
202400029714,2024-09-01 23:40:00,2024,9,1,23,40,06,06088,60 Boulevard Général Louis Delfino,43.70383,7.28994,Nuit avec éclairage allumé,En agglomération,Intersection en X,Normale,Deux véhicules - côté,4,1,2,3,1,1,1,9,1,50,2,2,0,0,0,2,29.0,19.0,voiture,voiture,5,2,2,1,3
202400029714,2024-09-01 23:40:00,2024,9,1,23,40,06,06088,60 Boulevard Général Louis Delfino,43.70383,7.28994,Nuit avec éclairage allumé,En agglomération,Intersection en X,Normale,Deux véhicules - côté,4,1,2,3,1,1,1,9,1,50,2,2,0,0,0,2,29.0,19.0,voiture,voiture,5,2,2,1,3
202400029715,2024-05-20 00:05:00,2024,5,20,0,5,06,06088,29 Avenue Thiers,43.70281,7.2591,Nuit avec éclairage allumé,En agglomération,Intersection en T,Normale,Deux véhicules - côté,4,1,1,0,2,1,1,0,1,50,2,2,1,0,0,1,46.0,31.0,utilitaire_camion,deux_roues,5,2,3,1,3
202400029715,2024-05-20 00:05:00,2024,5,20,0,5,06,06088,29 Avenue Thiers,43.70281,7.2591,Nuit avec éclairage allumé,En agglomération,Intersection en T,Normale,Deux véhicules - côté,4,2,2,0,1,1,1,0,1,50,2,2,1,0,0,1,46.0,31.0,utilitaire_camion,deux_roues,5,2,3,1,3
202400029716,2024-04-11 17:50:00,2024,4,11,17,50,971,97118,Chemin de Clede,16.200334,-61.620244,Plein jour,En agglomération,Intersection en T,Normale,Trois véhicules et plus - collisions multiples,3,2,2,0,1,1,1,0,1,50,3,4,2,0,2,0,51.0,16.0,voiture,deux_roues,1,2,3,1,5
202400029716,2024-04-11 17:50:00,2024,4,11,17,50,971,97118,Chemin de Clede,16.200334,-61.620244,Plein jour,En agglomération,Intersection en T,Normale,Trois véhicules et plus - collisions multiples,3,2,2,0,2,1,1,0,1,50,3,4,2,0,2,0,51.0,16.0,voiture,deux_roues,1,2,3,1,5
202400029716,2024-04-11 17:50:00,2024,4,11,17,50,971,97118,Chemin de Clede,16.200334,-61.620244,Plein jour,En agglomération,Intersection en T,Normale,Trois véhicules et plus - collisions multiples,3,2,2,0,2,1,1,0,1,50,3,4,2,0,2,0,51.0,16.0,voiture,deux_roues,1,2,3,1,5
202400029717,2024-05-18 07:30:00,2024,5,18,7,30,04,04070,GAMBETTA (BD),44.08511,6.22689,Plein jour,En agglomération,Intersection en T,Normale,Sans collision,4,2,2,0,1,2,1,5,3,50,1,2,0,0,1,1,57.0,,utilitaire_camion,,1,2,3,1,7