accident_id,datetime,annee,mois,jour,heure,minute,departement,commune_insee,adresse,latitude,longitude,luminosite,agglomeration,intersection,meteo,collision,catr,circ,nbv,vosp,prof,plan,surf,infra,situ,vma,nb_vehicules,nb_usagers,nb_indemnes,nb_tues,nb_blesses_hosp,nb_blesses_legers,age_cond_1,age_cond_2,veh_type_cond_1,veh_type_cond_2,lum_code,agg_code,int_code,atm_code,col_code
202400029717,2024-05-18 07:30:00,2024,5,18,7,30,04,04070,GAMBETTA (BD),44.08511,6.22689,Plein jour,En agglomération,Intersection en T,Normale,Sans collision,4,2, -1,-1,1,-1,-1,0,-1,-1,1,2,0,0,1,1,57.0,,utilitaire_camion,,1,2,3,1,7
202400029718,2024-09-01 10:00:00,2024,9,1,10,0,03,03101,Rue Jean Moulin,46.36716,2.56841,Plein jour,En agglomération,Hors intersection,Normale,Deux véhicules - frontale,4,2,2,0,1,1,1,0,1,50,2,2,1,0,1,0,68.0,57.0,voiture,deux_roues,1,2,1,1,1
202400029719,2024-01-21 19:55:00,2024,1,21,19,55,92,92046,FABIEN (BOULEVARD DU COLONEL),48.81281842,2.27967001,Nuit avec éclairage allumé,En agglomération,Intersection en X,Normale,Autre collision,3,2,2,0,2,1,1,0,1,50,1,2,1,0,0,1,37.0,,deux_roues,,5,2,2,1,6
202400029719,2024-01-21 19:55:00,2024,1,21,19,55,92,92046,FABIEN (BOULEVARD DU COLONEL),48.81281842,2.27967001,Nuit avec éclairage allumé,En agglomération,Intersection en X,Normale,Autre collision,3,1,2,0,2,1,1,0,8,30,1,2,1,0,0,1,37.0,,deux_roues,,5,2,2,1,6
202400029720,2024-04-11 08:20:00,2024,4,11,8,20,13,13005,D396,43.30874,5.608043,Plein jour,Hors agglomération,Intersection en X,Normale,Deux véhicules - côté,3,2,2,0,1,1,1,0,1,80,2,2,1,0,1,0,70.0,23.0,deux_roues,voiture,1,1,2,1,3
202400029720,2024-04-11 08:20:00,2024,4,11,8,20,13,13005,D396,43.30874,5.608043,Plein jour,Hors agglomération,Intersection en X,Normale,Deux véhicules - côté,3,2, -1,-1,1,1,-1,5,-1,-1,2,2,1,0,1,0,70.0,23.0,deux_roues,voiture,1,1,2,1,3
202400029721,2024-05-17 08:49:00,2024,5,17,8,49,03,03190,Boulevard de Courtais,46.56164,3.3352,Plein jour,En agglomération,Intersection en X,Temps éblouissant,Deux véhicules - côté,4,3,2,0,1,1,1,0,1,50,2,2,1,0,0,1,52.0,50.0,deux_roues,voiture,1,2,2,7,3
202400029721,2024-05-17 08:49:00,2024,5,17,8,49,03,03190,Boulevard de Courtais,46.56164,3.3352,Plein jour,En agglomération,Intersection en X,Temps éblouissant,Deux véhicules - côté,4,2,4,0,1,1,1,0,1,50,2,2,1,0,0,1,52.0,50.0,deux_roues,voiture,1,2,2,7,3
202400029722,2024-04-11 16:25:00,2024,4,11,16,25,52,52280,Rue de l'Ormeau ,47.861877,5.431672,Plein jour,Hors agglomération,Autre intersection,Normale,Autre collision,4,2,2,0,2,3,1,0,1,50,1,3,2,0,1,0,16.0,,utilitaire_camion,,1,1,9,1,6
202400029723,2024-05-19 05:45:00,2024,5,19,5,45,03,03185,Rue Pablo Picasso,46.34681,2.60363,Nuit sans éclairage public,En agglomération,Hors intersection,Normale,Autre collision,4,2,0,0,1,1,1,0,1,50,1,2,1,0,0,1,,,voiture,,3,2,1,1,6
202400029724,2024-09-01 17:30:00,2024,9,1,17,30,75,75116,PORTE MAILLOT,48.870597,2.272352,Plein jour,En agglomération,Hors intersection,Normale,Deux véhicules - arrière,4,1,4,0,1,1,1,0,1,70,2,4,3,0,0,1,19.0,47.0,voiture,voiture,1,2,1,1,2
202400029725,2024-01-21 20:45:00,2024,1,21,20,45,92,92024,CLICHY (QUAI DE) DE (104 A 202),48.91061794,2.30598718,Nuit avec éclairage allumé,En agglomération,Giratoire,Normale,Deux véhicules - arrière,3,1,3,0,1,2,1,0,1,50,2,3,1,0,0,2,39.0,29.0,deux_roues,voiture,5,2,6,1,2
202400029725,2024-01-21 20:45:00,2024,1,21,20,45,92,92024,CLICHY (QUAI DE) DE (104 A 202),48.91061794,2.30598718,Nuit avec éclairage allumé,En agglomération,Giratoire,Normale,Deux véhicules - arrière,3,2,3,0,1,1,1,0,8,30,2,3,1,0,0,2,39.0,29.0,deux_roues,voiture,5,2,6,1,2
202400029726,2024-04-11 17:30:00,2024,4,11,17,30,88,88412,D159bis,48.360469,6.744597,Plein jour,Hors agglomération,Hors intersection,Normale,Deux véhicules - côté,3,2,2,0,1,1,1,0,1,80,2,2,1,1,0,0,44.0,39.0,deux_roues,voiture,1,1,1,1,3
202400029727,2024-05-19 13:45:00,2024,5,19,13,45,01,01053,SEMARD (AVENUE PIERRE),46.20226,5.21496,Plein jour,En agglomération,Intersection en T,Normale,Autre collision,4,2,2,0,1,1,1,2,4,50,1,2,1,1,0,0,88.0,,voiture,,1,2,3,1,6
202400029727,2024-05-19 13:45:00,2024,5,19,13,45,01,01053,SEMARD (AVENUE PIERRE),46.20226,5.21496,Plein jour,En agglomération,Intersection en T,Normale,Autre collision,4,1,1,0,1,1,1,2,4,50,1,2,1,1,0,0,88.0,,voiture,,1,2,3,1,6
202400029728,2024-05-19 20:10:00,2024,5,19,20,10,75,75114,BD PERIPHERIQUE EXTERIEUR,48.822561,2.314169,Plein jour,En agglomération,Hors intersection,Normale,Deux véhicules - côté,4,-1,4,0,1,1,1,0,1,70,2,2,1,0,0,1,34.0,39.0,deux_roues,voiture,1,2,1,1,3
202400029729,2024-09-01 06:30:00,2024,9,1,6,30,75,75117,PORTE MAILLOT,48.879273,2.281529,Nuit avec éclairage allumé,En agglomération,Hors intersection,Normale,Autre collision,4,1,4,0,1,1,1,1,1,70,1,2,1,0,0,1,24.0,,voiture,,5,2,1,1,6
202400029730,2024-04-12 14:30:00,2024,4,12,14,30,63,63247,D5 murol,45.57669601,2.93949484,Plein jour,Hors agglomération,Hors intersection,Temps éblouissant,Sans collision,3,2,2,0,2,3,1,0,1,90,1,1,0,0,1,0,66.0,,deux_roues,,1,1,1,7,7
202400029731,2024-05-19 03:15:00,2024,5,19,3,15,75,75119,BD PERIPHERIQUE INTERIEUR,48.900188,2.379269,Nuit avec éclairage non allumé,En agglomération,Hors intersection,Normale,Deux véhicules - arrière,4,1,4,0,1,1,1,0,1,70,2,2,0,0,0,2,36.0,31.0,voiture,voiture,4,2,1,1,2
202400029732,2024-01-18 18:05:00,2024,1,18,18,5,01,01244,52 Rue de Lyon,45.901418,5.189506,Nuit avec éclairage allumé,En agglomération,Giratoire,Pluie légère,Autre collision,3,2,2,0,1,1,2,0,1,50,2,2,1,0,1,0,18.0,41.0,deux_roues,voiture,5,2,6,2,6
202400029733,2024-04-12 16:00:00,2024,4,12,16,0,42,42324,Rue de la Rive,45.55042,4.244698,Plein jour,Hors agglomération,Hors intersection,Normale,Autre collision,4,2,2,0,1,2,1,0,1,80,1,1,0,0,0,1,33.0,,deux_roues,,1,1,1,1,6
202400029734,2024-05-18 18:50:00,2024,5,18,18,50,75,75113, BD PERIPHERIQUE EXTERIEUR,48.817356,2.354566,Plein jour,En agglomération,Hors intersection,Pluie légère,Deux véhicules - côté,4,1,3,0,1,1,2,0,1,70,2,2,1,0,0,1,22.0,45.0,deux_roues,voiture,1,2,1,2,3
202400029735,2024-04-12 18:00:00,2024,4,12,18,0,42,42046,Route de Chalain,45.637828,4.068097,Plein jour,Hors agglomération,Hors intersection,Normale,Autre collision,3,2,2,0,1,1,1,0,8,80,1,1,0,0,0,1,38.0,,voiture,,1,1,1,1,6
202400029736,2024-01-21 16:40:00,2024,1,21,16,40,43,43189,D9,45.28125511,3.89380834,Plein jour,Hors agglomération,Hors intersection,Normale,Deux véhicules - arrière,3,2,2,0,1,1,2,0,1,90,2,3,2,0,1,0,55.0,22.0,deux_roues,voiture,1,1,1,1,2
202400029737,2024-04-12 16:30:00,2024,4,12,16,30,69,69121,Route de Lyon,45.85670304,4.69901462,Plein jour,Hors agglomération,Intersection en T,Normale,Deux véhicules - frontale,3,2,2,0,1,1,1,0,1,80,2,2,1,0,1,0,25.0,43.0,voiture,deux_roues,1,1,3,1,1
202400029737,2024-04-12 16:30:00,2024,4,12,16,30,69,69121,Route de Lyon,45.85670304,4.69901462,Plein jour,Hors agglomération,Intersection en T,Normale,Deux véhicules - frontale,3,2,2,0,1,1,1,0,1,-1,2,2,1,0,1,0,25.0,43.0,voiture,deux_roues,1,1,3,1,1
202400029738,2024-01-20 16:00:00,2024,1,20,16,0,33,33081,,44.636027,-0.323814,Plein jour,En agglomération,Hors intersection,Temps éblouissant,Deux véhicules - côté,3,2,2,0,1,1,1,2,1,50,2,2,1,0,1,0,37.0,66.0,voiture,deux_roues,1,2,1,7,3
202400029739,2024-08-30 14:35:00,2024,8,30,14,35,75,75118,Boulevard Périphérique Intérieur,48.90067334,2.36660421,Plein jour,En agglomération,Intersection en Y,Pluie légère,Trois véhicules et plus - en chaîne,4,1,2,0,1,1,2,0,1,50,3,5,2,0,0,3,39.0,26.0,utilitaire_camion,voiture,1,2,4,2,4
202400029739,2024-08-30 14:35:00,2024,8,30,14,35,75,75118,Boulevard Périphérique Intérieur,48.90067334,2.36660421,Plein jour,En agglomération,Intersection en Y,Pluie légère,Trois véhicules et plus - en chaîne,4,1,4,0,1,1,2,0,1,70,3,5,2,0,0,3,39.0,26.0,utilitaire_camion,voiture,1,2,4,2,4
202400029740,2024-05-19 16:03:00,2024,5,19,16,3,75,75110,BOULEVARD DE LA CHAPELLE,48.884274,2.361504,Plein jour,En agglomération,Intersection en X,Normale,Deux véhicules - côté,4,1,3,1,1,1,1,2,1,30,2,2,1,0,1,0,50.0,50.0,voiture,deux_roues,1,2,2,1,3
202400029740,2024-05-19 16:03:00,2024,5,19,16,3,75,75110,BOULEVARD DE LA CHAPELLE,48.884274,2.361504,Plein jour,En agglomération,Intersection en X,Normale,Deux véhicules - côté,4,2,2,0,1,1,1,2,1,30,2,2,1,0,1,0,50.0,50.0,voiture,deux_roues,1,2,2,1,3
202400029741,2024-04-11 12:15:00,2024,4,11,12,15,64,64422,24 Avenue Sadi Carnot,43.193871,-0.611302,Plein jour,En agglomération,Hors intersection,Normale,Deux véhicules - frontale,4,2,2,0,1,1,1,0,1,50,2,2,1,0,1,0,57.0,58.0,voiture,deux_roues,1,2,1,1,1
202400029742,2024-01-21 15:00:00,2024,1,21,15,0,31,31547,D50,43.504286,1.248343,Plein jour,Hors agglomération,Intersection en X,Normale,Deux véhicules - côté,3,2,2,0,1,1,1,0,1,80,2,2,1,0,1,0,80.0,70.0,voiture,voiture,1,1,2,1,3
202400029742,2024-01-21 15:00:00,2024,1,21,15,0,31,31547,D50,43.504286,1.248343,Plein jour,Hors agglomération,Intersection en X,Normale,Deux véhicules - côté,3,2,1,0,1,1,1,0,1,80,2,2,1,0,1,0,80.0,70.0,voiture,voiture,1,1,2,1,3
202400029743,2024-05-18 12:20:00,2024,5,18,12,20,75,75115,BOULEVARD PASTEUR,48.84302,2.31279,Plein jour,En agglomération,Intersection en X,Normale,Deux véhicules - côté,4,1,1,1,1,1,1,0,1,30,2,3,1,0,0,2,28.0,43.0,deux_roues,voiture,1,2,2,1,3
202400029743,2024-05-18 12:20:00,2024,5,18,12,20,75,75115,BOULEVARD PASTEUR,48.84302,2.31279,Plein jour,En agglomération,Intersection en X,Normale,Deux véhicules - côté,4,2, -1,-1,1,1,1,0,1,30,2,3,1,0,0,2,28.0,43.0,deux_roues,voiture,1,2,2,1,3
202400029744,2024-09-01 15:10:00,2024,9,1,15,10,75,75118,RUE DE LA CHAPELLE,48.89024942,2.35991746,Plein jour,En agglomération,Intersection en X,Normale,Autre collision,4,1, -1,-1,1,1,1,-1,6,-1,1,3,2,0,0,1,25.0,,voiture,,1,2,2,1,6
202400029744,2024-09-01 15:10:00,2024,9,1,15,10,75,75118,RUE DE LA CHAPELLE,48.89024942,2.35991746,Plein jour,En agglomération,Intersection en X,Normale,Autre collision,4,-1,0,0,1,1,1,-1,6,30,1,3,2,0,0,1,25.0,,voiture,,1,2,2,1,6
202400029745,2024-04-12 03:05:00,2024,4,12,3,5,33,33114,,45.088267,-0.382537,Nuit sans éclairage public,Hors agglomération,Autre intersection,Normale,Deux véhicules - arrière,2,3,4,0,1,1,1,0,2,110,2,4,2,1,0,1,21.0,33.0,voiture,utilitaire_camion,3,1,9,1,2
202400029746,2024-01-22 08:35:00,2024,1,22,8,35,44,44173,les Sensives,47.071258,-1.383682,Crépuscule ou aube,Hors agglomération,Hors intersection,Pluie légère,Deux véhicules - frontale,3,2,2,0,2,3,2,0,1,80,2,2,1,1,0,0,45.0,38.0,utilitaire_camion,utilitaire_camion,2,1,1,2,1
202400029747,2024-05-19 00:30:00,2024,5,19,0,30,75,75117,RUE DE LA JONQUIERE,48.894141,2.320927,Nuit avec éclairage allumé,En agglomération,Intersection en T,Normale,Autre collision,4,1, -1,-1,1,1,1,0,4,30,1,2,0,0,0,2,43.0,,voiture,,5,2,3,1,6
202400029747,2024-05-19 00:30:00,2024,5,19,0,30,75,75117,RUE DE LA JONQUIERE,48.894141,2.320927,Nuit avec éclairage allumé,En agglomération,Intersection en T,Normale,Autre collision,4,1,1,0,1,1,1,0,4,30,1,2,0,0,0,2,43.0,,voiture,,5,2,3,1,6
202400029748,2024-04-10 13:00:00,2024,4,10,13,0,14,14354,26 Rue du Moulin,49.322563,-0.365987,Plein jour,En agglomération,Hors intersection,Normale,Deux véhicules - frontale,4,1,1,0,2,1,1,0,1,50,2,2,1,0,1,0,53.0,38.0,voiture,deux_roues,1,2,1,1,1
202400029749,2024-01-21 10:00:00,2024,1,21,10,0,972,97229,La Démarche,14.627521,-61.114057,Plein jour,En agglomération,Intersection en T,Normale,Deux véhicules - côté,2,2,2,0,1,3,1,5,1,50,2,3,1,0,2,0,65.0,45.0,voiture,deux_roues,1,2,3,1,3
202400029749,2024-01-21 10:00:00,2024,1,21,10,0,972,97229,La Démarche,14.627521,-61.114057,Plein jour,En agglomération,Intersection en T,Normale,Deux véhicules - côté,2,2,2,0,4,1,1,5,1,50,2,3,1,0,2,0,65.0,45.0,voiture,deux_roues,1,2,3,1,3
202400029750,2024-04-11 20:20:00,2024,4,11,20,20,60,60241,1 route departementale 126,49.127926,2.638001,Plein jour,Hors agglomération,Hors intersection,Normale,Sans collision,3,2,2,0,2,1,1,0,8,80,1,2,0,0,1,1,18.0,,voiture,,1,1,1,1,7
202400029751,2024-09-01 15:55:00,2024,9,1,15,55,75,75117,RUE LEGENDRE,48.887411,2.319803,Plein jour,En agglomération,Hors intersection,Normale,Deux véhicules - arrière,4,1,1,0,1,1,1,0,1,30,2,4,3,0,0,1,58.0,30.0,deux_roues,voiture,1,2,1,1,2
202400029752,2024-05-18 17:40:00,2024,5,18,17,40,75,75116,RUE DUFRENOY,48.866701,2.271695,Plein jour,En agglomération,Intersection en T,Normale,Autre collision,4,2,4,0,1,1,1,0,1,30,1,2,1,0,0,1,48.0,,voiture,,1,2,3,1,6
202400029752,2024-05-18 17:40:00,2024,5,18,17,40,75,75116,RUE DUFRENOY,48.866701,2.271695,Plein jour,En agglomération,Intersection en T,Normale,Autre collision,4,-1,2,0,1,1,1,0,1,30,1,2,1,0,0,1,48.0,,voiture,,1,2,3,1,6
202400029753,2024-01-21 05:30:00,2024,1,21,5,30,61,61497,A28 PK 161+530,48.462919,0.124014,Nuit sans éclairage public,Hors agglomération,Hors intersection,Autre,Autre collision,1,3,4,0,1,3,7,0,3,130,1,2,0,0,0,2,62.0,,utilitaire_camion,,3,1,1,9,6
202400029754,2024-04-05 09:40:00,2024,4,5,9,40,59,59092,Rue Léon Piérard,50.284555,3.316498,Plein jour,En agglomération,Hors intersection,Normale,Autre collision,4,2,2,0,1,1,1,0,1,50,1,2,1,0,0,1,81.0,,voiture,,1,2,1,1,6
202400029755,2024-05-18 22:30:00,2024,5,18,22,30,75,75116,ALLEE DU BORD DE L EAU,48.853382,2.226375,Nuit avec éclairage allumé,En agglomération,Intersection en T,Normale,Autre collision,4,2,2,0,1,1,1,0,1,30,1,2,1,0,0,1,28.0,,voiture,,5,2,3,1,6
202400029755,2024-05-18 22:30:00,2024,5,18,22,30,75,75116,ALLEE DU BORD DE L EAU,48.853382,2.226375,Nuit avec éclairage allumé,En agglomération,Intersection en T,Normale,Autre collision,4,2, -1,-1,1,1,1,0,1,30,1,2,1,0,0,1,28.0,,voiture,,5,2,3,1,6
202400029756,2024-09-01 16:05:00,2024,9,1,16,5,75,75114,BOULEVARD BRUNE,48.826361,2.311086,Plein jour,En agglomération,Hors intersection,Normale,Deux véhicules - côté,4,2,4,1,1,1,1,0,1,30,2,2,1,0,0,1,63.0,29.0,deux_roues,deux_roues,1,2,1,1,3
202400029757,2024-04-11 18:10:00,2024,4,11,18,10,13,13213,A507 sens Marseille - Aubagne,43.32999602,5.39574649,Plein jour,En agglomération,Hors intersection,Normale,Deux véhicules - arrière,1,1,3,0,1,1,1,1,1,70,2,2,1,0,0,1,44.0,,voiture,utilitaire_camion,1,2,1,1,2
202400029758,2024-05-19 16:15:00,2024,5,19,16,15,75,75115,RUE DE LA FEDERATION,48.852796,2.298314,Plein jour,En agglomération,Intersection en T,Normale,Autre collision,4,2, -1,-1,1,1,1,0,1,30,1,2,1,0,0,1,29.0,,voiture,,1,2,3,1,6
202400029758,2024-05-19 16:15:00,2024,5,19,16,15,75,75115,RUE DE LA FEDERATION,48.852796,2.298314,Plein jour,En agglomération,Intersection en T,Normale,Autre collision,4,1,1,0,1,1,1,0,1,30,1,2,1,0,0,1,29.0,,voiture,,1,2,3,1,6
202400029759,2024-01-22 11:00:00,2024,1,22,11,0,56,56243,Rue du verger,47.65196,-2.73338,Plein jour,En agglomération,Hors intersection,Normale,Deux véhicules - côté,4,2,2,2,1,1,1,-1,1,-1,2,2,1,0,0,1,57.0,20.0,voiture,deux_roues,1,2,1,1,3
202400029760,2024-04-10 19:20:00,2024,4,10,19,20,13,13212,A507 sens Marseille - Aubagne,43.30115228,5.42525078,Plein jour,En agglomération,Hors intersection,Normale,Deux véhicules - arrière,1,1,4,0,1,1,1,1,1,70,2,2,1,0,0,1,27.0,33.0,voiture,voiture,1,2,1,1,2
202400029761,2024-01-21 12:50:00,2024,1,21,12,50,76,76689,Route de Bois-Mare,49.722551,0.522387,Plein jour,Hors agglomération,Autre intersection,Normale,Sans collision,4,2,2,0,1,1,1,0,1,80,1,1,0,0,1,0,41.0,,deux_roues,,1,1,9,1,7
202400029762,2024-08-31 16:30:00,2024,8,31,16,30,75,75114,AVENUE DU GENERAL LECLERC,48.825551,2.326092,Plein jour,En agglomération,Hors intersection,Normale,Deux véhicules - côté,4,2,6,1,1,1,1,0,5,50,2,2,1,0,0,1,24.0,26.0,deux_roues,voiture,1,2,1,1,3
202400029763,2024-05-19 05:47:00,2024,5,19,5,47,75,75113,RUE DU CHATEAU DES RENTIERS,48.829553,2.363819,Nuit sans éclairage public,En agglomération,Hors intersection,Normale,Autre collision,4,2,4,1,1,1,1,0,1,30,1,5,3,0,0,2,33.0,,voiture,,3,2,1,1,6
202400029764,2024-04-11 08:40:00,2024,4,11,8,40,13,13211,A50-Sens Marseille vers Aubagne,43.29470359,5.46192848,Plein jour,Hors agglomération,Hors intersection,Normale,Deux véhicules - arrière,1,3,3,0,2,3,1,0,1,90,2,2,1,0,0,1,35.0,43.0,voiture,voiture,1,1,1,1,2
202400029765,2024-01-22 07:30:00,2024,1,22,7,30,89,89273,D85,47.614807,3.172855,Nuit sans éclairage public,Hors agglomération,Hors intersection,Pluie légère,Autre collision,3,3,2,0,2,1,2,0,1,70,1,2,1,0,1,0,41.0,,voiture,,3,1,1,2,6
202400029766,2024-05-19 14:45:00,2024,5,19,14,45,75,75110,BOULEVARD DE STRASBOURG,48.869337,2.354257,Plein jour,En agglomération,Intersection en X,Normale,Deux véhicules - côté,4,2,4,2,1,1,1,0,5,30,2,2,1,0,0,1,61.0,19.0,deux_roues,deux_roues,1,2,2,1,3
202400029766,2024-05-19 14:45:00,2024,5,19,14,45,75,75110,BOULEVARD DE STRASBOURG,48.869337,2.354257,Plein jour,En agglomération,Intersection en X,Normale,Deux véhicules - côté,4,2, -1,-1,1,1,1,0,1,30,2,2,1,0,0,1,61.0,19.0,deux_roues,deux_roues,1,2,2,1,3
202400029767,2024-01-22 03:00:00,2024,1,22,3,0,46,46175,RD 18,44.612427,1.984923,Nuit sans éclairage public,Hors agglomération,Hors intersection,Normale,Sans collision,3,2,2,0,1,2,1,0,3,80,1,2,1,0,0,1,26.0,,voiture,,3,1,1,1,7
202400029768,2024-04-10 16:15:00,2024,4,10,16,15,13,13215,A55-Sens Martigues vers Marseille,43.33271,5.35408,Plein jour,Hors agglomération,Hors intersection,Normale,Trois véhicules et plus - en chaîne,1,-1,3,3,1,1,1,0,1,90,3,3,1,0,0,2,19.0,61.0,voiture,voiture,1,1,1,1,4
202400029769,2024-09-01 03:00:00,2024,9,1,3,0,75,75112,QUAI DE LA RAPEE,48.84548,2.36666,Nuit avec éclairage allumé,En agglomération,Hors intersection,Normale,Deux véhicules - côté,4,1,2,3,2,1,1,0,1,50,2,2,1,0,0,1,27.0,,deux_roues,voiture,5,2,1,1,3
202400029770,2024-01-21 00:55:00,2024,1,21,0,55,86,86177,D347,46.669104,0.274535,Nuit sans éclairage public,Hors agglomération,Hors intersection,Normale,Autre collision,3,2,2,0,1,1,1,0,3,90,1,2,0,0,1,1,53.0,,voiture,,3,1,1,1,6
202400029771,2024-04-10 18:00:00,2024,4,10,18,0,67,67482,M352,48.57061,7.7303,Plein jour,Hors agglomération,Hors intersection,Temps éblouissant,Sans collision,7,3,2,0,3,2,1,0,1,50,1,1,0,0,0,1,25.0,,voiture,,1,1,1,7,7
202400029772,2024-05-19 01:37:00,2024,5,19,1,37,75,75102,BOULEVARD DE SEBASTOPOL,48.868936,2.35399,Nuit avec éclairage allumé,En agglomération,Intersection en T,Normale,Deux véhicules - côté,4,1,4,1,1,1,1,0,5,30,2,2,1,0,0,1,26.0,,deux_roues,voiture,5,2,3,1,3
202400029772,2024-05-19 01:37:00,2024,5,19,1,37,75,75102,BOULEVARD DE SEBASTOPOL,48.868936,2.35399,Nuit avec éclairage allumé,En agglomération,Intersection en T,Normale,Deux véhicules - côté,4,-1,1,0,1,1,1,0,1,30,2,2,1,0,0,1,26.0,,deux_roues,voiture,5,2,3,1,3
202400029773,2024-08-31 23:00:00,2024,8,31,23,0,75,75112,QUAI DE LA RAPEE,48.841328,2.372914,Nuit avec éclairage allumé,En agglomération,Hors intersection,Pluie légère,Autre collision,4,3,4,0,1,1,2,9,1,50,1,2,1,0,0,1,23.0,,voiture,,5,2,1,2,6
202400029774,2024-05-18 22:05:00,2024,5,18,22,5,75,75104,BOULEVARD DU PALAIS,48.85604,2.34641,Nuit avec éclairage allumé,En agglomération,Intersection en X,Normale,Deux véhicules - côté,4,2,4,1,1,1,1,0,5,30,2,2,1,0,0,1,54.0,63.0,voiture,deux_roues,5,2,2,1,3
202400029774,2024-05-18 22:05:00,2024,5,18,22,5,75,75104,BOULEVARD DU PALAIS,48.85604,2.34641,Nuit avec éclairage allumé,En agglomération,Intersection en X,Normale,Deux véhicules - côté,4,1, -1,-1,1,1,1,0,5,30,2,2,1,0,0,1,54.0,63.0,voiture,deux_roues,5,2,2,1,3
202400029775,2024-04-10 09:35:00,2024,4,10,9,35,67,67218,M35,48.54292,7.72362,Plein jour,Hors agglomération,Hors intersection,Normale,Trois véhicules et plus - en chaîne,7,3,3,0,1,1,1,0,1,70,4,4,2,0,0,2,20.0,29.0,voiture,voiture,1,1,1,1,4
202400029776,2024-01-21 17:20:00,2024,1,21,17,20,38,38422,Casserousse (Parking),45.14144938,5.88809646,Crépuscule ou aube,Hors agglomération,Hors intersection,Normale,Sans collision,3,2,2,0,2,2,5,0,3,80,1,2,1,0,0,1,67.0,,utilitaire_camion,,2,1,1,1,7
202400029777,2024-05-19 05:25:00,2024,5,19,5,25,94,94074,Avenue Henri Barbusse / Rue de la Ferme de la Tour,48.77048,2.44039,Crépuscule ou aube,En agglomération,Intersection en T,Normale,Deux véhicules - côté,2,3,4,0,1,1,1,5,1,50,2,2,1,0,0,1,46.0,48.0,voiture,voiture,2,2,3,1,3
202400029777,2024-05-19 05:25:00,2024,5,19,5,25,94,94074,Avenue Henri Barbusse / Rue de la Ferme de la Tour,48.77048,2.44039,Crépuscule ou aube,En agglomération,Intersection en T,Normale,Deux véhicules - côté,2,2,2,1,2,3,1,5,1,-1,2,2,1,0,0,1,46.0,48.0,voiture,voiture,2,2,3,1,3
202400029778,2024-01-22 04:00:00,2024,1,22,4,0,03,03264,Avenue de Thiers,46.065595,3.465173,Nuit avec éclairage allumé,En agglomération,Intersection en X,Normale,Autre collision,3,2,2,0,2,1,1,0,1,50,1,1,0,0,0,1,28.0,,deux_roues,,5,2,2,1,6
202400029778,2024-01-22 04:00:00,2024,1,22,4,0,03,03264,Avenue de Thiers,46.065595,3.465173,Nuit avec éclairage allumé,En agglomération,Intersection en X,Normale,Autre collision,3,2,2,0,1,1,1,0,1,50,1,1,0,0,0,1,28.0,,deux_roues,,5,2,2,1,6
202400029779,2024-04-10 08:15:00,2024,4,10,8,15,67,67482,Bretelle échangeur,48.58412,7.72469,Plein jour,Hors agglomération,Hors intersection,Normale,Deux véhicules - arrière,7,3,3,0,1,1,1,3,1,50,2,2,0,0,0,2,26.0,22.0,utilitaire_camion,voiture,1,1,1,1,2
202400029780,2024-09-01 15:25:00,2024,9,1,15,25,75,75111,BOULEVARD DE CHARONNE,48.85128423,2.39822477,Plein jour,En agglomération,Intersection en X,Normale,Deux véhicules - côté,4,2,4,1,1,1,1,0,1,30,2,2,1,0,0,1,53.0,22.0,deux_roues,deux_roues,1,2,2,1,3
202400029780,2024-09-01 15:25:00,2024,9,1,15,25,75,75111,BOULEVARD DE CHARONNE,48.85128423,2.39822477,Plein jour,En agglomération,Intersection en X,Normale,Deux véhicules - côté,4,2,2,0,1,1,1,0,1,30,2,2,1,0,0,1,53.0,22.0,deux_roues,deux_roues,1,2,2,1,3
202400029781,2024-01-22 10:49:00,2024,1,22,10,49,15,15122,RN 122,44.711435,2.197947,Plein jour,En agglomération,Hors intersection,Pluie légère,Autre collision,2,2,2,0,1,1,2,0,1,50,1,2,1,1,0,0,26.0,,utilitaire_camion,,1,2,1,2,6
202400029782,2024-04-11 18:05:00,2024,4,11,18,5,77,77384,AUTOROUTE A5A,48.594692,2.614724,Plein jour,Hors agglomération,Hors intersection,Normale,Sans collision,1,3,3,0,1,1,1,0,1,110,1,1,0,0,0,1,20.0,,voiture,,1,1,1,1,7
202400029783,2024-05-19 23:15:00,2024,5,19,23,15,94,94076,Rue de Chevilly / Rue de l'Epi d'Or,48.7854,2.354482,Nuit avec éclairage allumé,En agglomération,Intersection en T,Normale,Deux véhicules - côté,4,2,2,0,1,1,1,0,1,50,2,2,1,0,0,1,51.0,28.0,voiture,deux_roues,5,2,3,1,3
202400029784,2024-01-19 09:45:00,2024,1,19,9,45,01,01034,Avenue Charles de Gaulle,45.759371,5.690808,Plein jour,En agglomération,Intersection en X,Normale,Autre collision,4,2,2,0,2,1,1,0,1,50,1,2,1,1,0,0,53.0,,utilitaire_camion,,1,2,2,1,6
202400029784,2024-01-19 09:45:00,2024,1,19,9,45,01,01034,Avenue Charles de Gaulle,45.759371,5.690808,Plein jour,En agglomération,Intersection en X,Normale,Autre collision,4,2,2,2,1,1,1,0,1,50,1,2,1,1,0,0,53.0,,utilitaire_camion,,1,2,2,1,6
202400029785,2024-04-11 01:38:00,2024,4,11,1,38,91,91689,AUTOROUTE A6A,48.74588,2.32493,Nuit sans éclairage public,Hors agglomération,Hors intersection,Normale,Deux véhicules - arrière,1,1,3,0,2,1,1,0,1,110,2,2,1,0,0,1,45.0,67.0,voiture,voiture,3,1,1,1,2