accident_id,datetime,annee,mois,jour,heure,minute,departement,commune_insee,adresse,latitude,longitude,luminosite,agglomeration,intersection,meteo,collision,catr,circ,nbv,vosp,prof,plan,surf,infra,situ,vma,nb_vehicules,nb_usagers,nb_indemnes,nb_tues,nb_blesses_hosp,nb_blesses_legers,age_cond_1,age_cond_2,veh_type_cond_1,veh_type_cond_2,lum_code,agg_code,int_code,atm_code,col_code
202400029786,2024-05-19 17:15:00,2024,5,19,17,15,94,94003,Allée Paul Doumer / Avenue François Vincent Raspail,48.805629,2.338735,Plein jour,En agglomération,Intersection en T,Normale,Deux véhicules - arrière,3,2,2,0,1,1,1,0,1,-1,2,2,1,0,0,1,19.0,26.0,voiture,voiture,1,2,3,1,2
202400029786,2024-05-19 17:15:00,2024,5,19,17,15,94,94003,Allée Paul Doumer / Avenue François Vincent Raspail,48.805629,2.338735,Plein jour,En agglomération,Intersection en T,Normale,Deux véhicules - arrière,3,2,2,0,1,1,1,0,1,50,2,2,1,0,0,1,19.0,26.0,voiture,voiture,1,2,3,1,2
202400029787,2024-08-31 23:55:00,2024,8,31,23,55,75,75108,BOULEVARD HAUSSMANN,48.875031,2.309197,Nuit avec éclairage allumé,En agglomération,Intersection en X,Temps couvert,Deux véhicules - côté,4,2,6,0,1,1,2,0,1,50,2,2,0,0,0,2,62.0,26.0,voiture,voiture,5,2,2,8,3
202400029787,2024-08-31 23:55:00,2024,8,31,23,55,75,75108,BOULEVARD HAUSSMANN,48.875031,2.309197,Nuit avec éclairage allumé,En agglomération,Intersection en X,Temps couvert,Deux véhicules - côté,4,2,2,0,2,1,2,0,1,30,2,2,0,0,0,2,62.0,26.0,voiture,voiture,5,2,2,8,3
202400029788,2024-01-17 11:00:00,2024,1,17,11,0,72,72054,24 Rue Jacques Guède,48.02383665,0.33367217,Plein jour,En agglomération,Hors intersection,Pluie légère,Autre collision,4,2,2,0,1,1,2,0,1,50,1,2,1,0,1,0,79.0,,voiture,,1,2,1,2,6
202400029789,2024-04-11 13:35:00,2024,4,11,13,35,92,92036,AUTOROUTE A86,48.93827869,2.31217146,Plein jour,Hors agglomération,Hors intersection,Normale,Deux véhicules - arrière,1,3,3,0,1,1,1,0,1,110,2,2,1,0,0,1,54.0,34.0,voiture,voiture,1,1,1,1,2
202400029790,2024-05-19 17:55:00,2024,5,19,17,55,94,94028,Avenue des Compagnons de la Libération / Rue Jean Moulin,48.77754552,2.45751473,Plein jour,En agglomération,Intersection en X,Normale,Autre collision,4,3,2,0,2,2,1,0,1,-1,1,2,1,0,0,1,22.0,,voiture,,1,2,2,1,6
202400029790,2024-05-19 17:55:00,2024,5,19,17,55,94,94028,Avenue des Compagnons de la Libération / Rue Jean Moulin,48.77754552,2.45751473,Plein jour,En agglomération,Intersection en X,Normale,Autre collision,4,3,4,0,1,1,1,0,1,10,1,2,1,0,0,1,22.0,,voiture,,1,2,2,1,6
202400029791,2024-01-22 10:30:00,2024,1,22,10,30,43,43020,RD12 - route de Monistrol,45.29420308,4.13876513,Plein jour,Hors agglomération,Hors intersection,Normale,Autre collision,3,2,2,0,2,1,1,0,1,70,1,2,1,0,1,0,57.0,,voiture,,1,1,1,1,6
202400029792,2024-04-11 20:00:00,2024,4,11,20,0,94,94017,A4,48.82909642,2.48067967,Plein jour,Hors agglomération,Hors intersection,Normale,Autre collision,1,1,0,0,1,1,1,0,1,90,1,1,0,0,0,1,56.0,,utilitaire_camion,,1,1,1,1,6
202400029793,2024-05-19 17:50:00,2024,5,19,17,50,94,94022,Passage Bertrand,48.77222,2.40156,Plein jour,En agglomération,Intersection en T,Normale,Autre collision,4,1,0,0,1,1,1,0,1,30,2,2,1,0,0,1,92.0,16.0,voiture,deux_roues,1,2,3,1,6
202400029793,2024-05-19 17:50:00,2024,5,19,17,50,94,94022,Passage Bertrand,48.77222,2.40156,Plein jour,En agglomération,Intersection en T,Normale,Autre collision,4,2,0,0,1,1,1,0,1,30,2,2,1,0,0,1,92.0,16.0,voiture,deux_roues,1,2,3,1,6
202400029794,2024-01-21 18:00:00,2024,1,21,18,0,10,10353,D619,48.44710482,3.90632596,Nuit sans éclairage public,Hors agglomération,Hors intersection,Normale,Deux véhicules - frontale,3,2,3,0,1,1,1,0,1,90,2,3,0,1,2,0,36.0,36.0,voiture,utilitaire_camion,3,1,1,1,1
202400029795,2024-04-11 18:35:00,2024,4,11,18,35,94,94069,A4,48.81731064,2.43546724,Plein jour,Hors agglomération,Hors intersection,Normale,Deux véhicules - arrière,1,1,5,0,1,1,1,0,1,90,2,2,1,0,0,1,25.0,34.0,voiture,deux_roues,1,1,1,1,2
202400029796,2024-09-01 00:25:00,2024,9,1,0,25,75,75102,AVENUE DE L OPERA,48.868694,2.333146,Nuit avec éclairage allumé,En agglomération,Intersection en Y,Normale,Deux véhicules - côté,4,2,4,3,1,1,2,0,1,30,2,3,2,0,0,1,23.0,22.0,voiture,deux_roues,5,2,4,1,3
202400029796,2024-09-01 00:25:00,2024,9,1,0,25,75,75102,AVENUE DE L OPERA,48.868694,2.333146,Nuit avec éclairage allumé,En agglomération,Intersection en Y,Normale,Deux véhicules - côté,4,2,2,0,1,1,2,0,1,30,2,3,2,0,0,1,23.0,22.0,voiture,deux_roues,5,2,4,1,3
202400029797,2024-01-22 19:26:00,2024,1,22,19,26,07,07010,Rue du Docteur Reybard,45.240267,4.697696,Nuit avec éclairage allumé,En agglomération,Giratoire,Normale,Sans collision,3,1,2,0,1,2,2,0,1,50,1,1,0,0,0,1,20.0,,voiture,,5,2,6,1,7
202400029798,2024-05-19 18:20:00,2024,5,19,18,20,93,93078,Avenue du President Rene Coty / Avenue de l’Europe,48.95691,2.55721,Plein jour,En agglomération,Intersection en T,Normale,Deux véhicules - frontale,4,2,2,0,1,2,1,0,1,50,2,2,1,0,0,1,11.0,40.0,deux_roues,voiture,1,2,3,1,1
202400029798,2024-05-19 18:20:00,2024,5,19,18,20,93,93078,Avenue du President Rene Coty / Avenue de l’Europe,48.95691,2.55721,Plein jour,En agglomération,Intersection en T,Normale,Deux véhicules - frontale,4,1,1,0,1,1,1,0,1,50,2,2,1,0,0,1,11.0,40.0,deux_roues,voiture,1,2,3,1,1
202400029799,2024-04-11 15:05:00,2024,4,11,15,5,94,94018,A4,48.82253799,2.39690691,Plein jour,Hors agglomération,Hors intersection,Normale,Trois véhicules et plus - en chaîne,1,1,5,0,1,1,1,0,1,90,3,3,1,0,0,2,54.0,27.0,voiture,voiture,1,1,1,1,4
202400029800,2024-09-01 11:30:00,2024,9,1,11,30,94,94069,Chemin du Halage,48.815429,2.455222,Plein jour,En agglomération,Hors intersection,Normale,Autre collision,9,2,0,0,1,1,1,9,8,10,1,2,0,0,0,2,34.0,,deux_roues,,1,2,1,1,6
202400029801,2024-01-22 07:40:00,2024,1,22,7,40,40,40284,119 Avenue Nationale,43.659484,-1.308013,Nuit sans éclairage public,En agglomération,Hors intersection,Normale,Autre collision,3,2,2,0,1,1,1,0,1,50,1,2,1,1,0,0,77.0,,voiture,,3,2,1,1,6
202400029802,2024-01-22 07:30:00,2024,1,22,7,30,85,85149,RD 137,46.416861,-1.08189,Nuit avec éclairage allumé,Hors agglomération,Hors intersection,Pluie forte,Autre collision,3,2,2,0,1,2,2,0,3,80,1,2,0,2,0,0,35.0,,voiture,,5,1,1,3,6
202400029803,2024-04-10 17:15:00,2024,4,10,17,15,94,94028,A86,48.80301088,2.44831306,Plein jour,Hors agglomération,Hors intersection,Normale,Deux véhicules - côté,1,3,4,0,1,1,1,0,1,90,2,2,1,0,0,1,39.0,35.0,voiture,deux_roues,1,1,1,1,3
202400029804,2024-05-19 17:30:00,2024,5,19,17,30,93,93071,Avenue Hoche / Chemin de la Voirie des Trèfles,48.93014125,2.52864057,Plein jour,En agglomération,Intersection en X,Normale,Deux véhicules - côté,4,2,2,0,1,1,1,0,1,30,2,4,1,0,0,3,36.0,24.0,voiture,voiture,1,2,2,1,3
202400029804,2024-05-19 17:30:00,2024,5,19,17,30,93,93071,Avenue Hoche / Chemin de la Voirie des Trèfles,48.93014125,2.52864057,Plein jour,En agglomération,Intersection en X,Normale,Deux véhicules - côté,4,2,2,0,1,1,1,0,1,30,2,4,1,0,0,3,36.0,24.0,voiture,voiture,1,2,2,1,3
202400029805,2024-09-01 10:00:00,2024,9,1,10,0,94,94075,49 bis Route de la Grange,48.732779,2.513217,Plein jour,En agglomération,Hors intersection,Normale,Deux véhicules - côté,3,2,2,0,1,1,1,0,1,50,2,2,1,0,0,1,55.0,46.0,voiture,deux_roues,1,2,1,1,3
202400029806,2024-01-21 16:30:00,2024,1,21,16,30,17,17261,,45.824792,-0.152564,Plein jour,Hors agglomération,Hors intersection,Normale,Sans collision,3,2,2,0,1,2,1,0,8,80,1,1,0,0,0,1,34.0,,voiture,,1,1,1,1,7
202400029807,2024-04-10 10:15:00,2024,4,10,10,15,77,77363,A104,48.92869685,2.62840045,Plein jour,Hors agglomération,Hors intersection,Normale,Deux véhicules - arrière,1,3,2,0,3,1,1,0,1,90,2,2,1,0,0,1,48.0,33.0,voiture,utilitaire_camion,1,1,1,1,2
202400029808,2024-05-19 21:05:00,2024,5,19,21,5,93,93050,Rue Paul et Camille Thomoux / Rue du Roussillon,48.86528,2.52944,Plein jour,En agglomération,Intersection en X,Normale,Deux véhicules - côté,3,3,2,0,1,1,1,0,1,30,2,2,1,0,0,1,17.0,30.0,deux_roues,voiture,1,2,2,1,3
202400029808,2024-05-19 21:05:00,2024,5,19,21,5,93,93050,Rue Paul et Camille Thomoux / Rue du Roussillon,48.86528,2.52944,Plein jour,En agglomération,Intersection en X,Normale,Deux véhicules - côté,3,2,2,0,1,1,1,0,1,30,2,2,1,0,0,1,17.0,30.0,deux_roues,voiture,1,2,2,1,3
202400029809,2024-08-31 22:30:00,2024,8,31,22,30,93,93077,Avenue de Rosny,48.88519104,2.5036422,Nuit avec éclairage allumé,En agglomération,Hors intersection,Pluie légère,Deux véhicules - arrière,3,3,4,0,1,1,2,0,1,50,2,2,1,0,0,1,49.0,21.0,voiture,voiture,5,2,1,2,2
202400029810,2024-01-21 06:00:00,2024,1,21,6,0,987,98734,PK 39+200,-17.75948012,-149.51451391,Plein jour,En agglomération,Hors intersection,Normale,Deux véhicules - arrière,2,2,2,0,1,1,2,0,1,30,2,5,4,0,1,0,23.0,44.0,deux_roues,voiture,1,2,1,1,2
202400029811,2024-04-10 12:30:00,2024,4,10,12,30,976,97611,mamoudzou centre-Haladi Selemani ( rue ),-12.77898,45.22581,Plein jour,En agglomération,Hors intersection,Normale,Deux véhicules - côté,4,2,2,0,2,1,1,0,1,50,2,2,1,0,0,1,50.0,41.0,deux_roues,deux_roues,1,2,1,1,3
202400029812,2024-05-19 14:55:00,2024,5,19,14,55,93,93050,Avenue du Maréchal Leclerc / Rue du General Donzelot,48.86058857,2.54031909,Plein jour,En agglomération,Intersection en T,Normale,Deux véhicules - frontale,3,3,4,0,1,1,1,0,1,50,2,4,2,0,2,0,26.0,75.0,deux_roues,voiture,1,2,3,1,1
202400029812,2024-05-19 14:55:00,2024,5,19,14,55,93,93050,Avenue du Maréchal Leclerc / Rue du General Donzelot,48.86058857,2.54031909,Plein jour,En agglomération,Intersection en T,Normale,Deux véhicules - frontale,3,1,1,0,1,1,1,0,1,30,2,4,2,0,2,0,26.0,75.0,deux_roues,voiture,1,2,3,1,1
202400029813,2024-09-01 10:00:00,2024,9,1,10,0,93,93048,Boulevard Aristide Briand,48.87253367,2.45329238,Plein jour,En agglomération,Hors intersection,Normale,Autre collision,3,2,2,0,2,1,1,0,5,50,1,2,1,0,0,1,47.0,,utilitaire_camion,,1,2,1,1,6
202400029814,2024-05-19 06:40:00,2024,5,19,6,40,93,93031,Avenue Joffre,48.957024,2.303636,Plein jour,En agglomération,Hors intersection,Normale,Autre collision,3,2,4,0,1,1,1,0,4,50,1,1,0,0,0,1,23.0,,voiture,,1,2,1,1,6
202400029815,2024-01-18 16:20:00,2024,1,18,16,20,31,31424,25 avenue des pyrénées,43.56427205,1.29347116,Plein jour,En agglomération,Intersection en X,Normale,Autre collision,3,4,2,3,1,1,1,0,1,30,2,4,2,1,1,0,42.0,48.0,voiture,voiture,1,2,2,1,6
202400029815,2024-01-18 16:20:00,2024,1,18,16,20,31,31424,25 avenue des pyrénées,43.56427205,1.29347116,Plein jour,En agglomération,Intersection en X,Normale,Autre collision,3,1,1,0,1,1,1,5,1,30,2,4,2,1,1,0,42.0,48.0,voiture,voiture,1,2,2,1,6
202400029816,2024-04-09 11:20:00,2024,4,9,11,20,974,97416,RN3 (1),-21.33185,55.46497,Plein jour,Hors agglomération,Hors intersection,Temps éblouissant,Trois véhicules et plus - collisions multiples,2,1,2,0,2,1,1,0,1,110,4,4,3,0,0,1,42.0,41.0,deux_roues,voiture,1,1,1,7,5
202400029817,2024-08-31 21:40:00,2024,8,31,21,40,93,93013,Rue Rigaud,48.93305,2.42284,Nuit avec éclairage allumé,En agglomération,Hors intersection,Pluie légère,Autre collision,4,1,1,0,1,1,2,0,1,50,1,2,1,0,0,1,33.0,,utilitaire_camion,,5,2,1,2,6
202400029818,2024-07-25 22:50:00,2024,7,25,22,50,25,25388,HELVETIE (AVENUE D'),47.50857,6.80676,Nuit avec éclairage allumé,En agglomération,Hors intersection,Normale,Autre collision,3,2,4,0,1,2,1,0,1,50,1,3,2,0,0,1,21.0,,voiture,,5,2,1,1,6
202400029819,2024-05-19 15:30:00,2024,5,19,15,30,93,93057,Avenue du Général Leclerc,48.909796,2.49683,Plein jour,En agglomération,Hors intersection,Normale,Deux véhicules - frontale,4,2,2,1,1,1,1,0,5,30,2,2,1,0,0,1,55.0,28.0,deux_roues,deux_roues,1,2,1,1,1
202400029820,2024-01-19 00:01:00,2024,1,19,0,1,35,35353,N24,48.1049261,-1.74007505,Nuit avec éclairage allumé,En agglomération,Intersection en X,Normale,Deux véhicules - côté,2,3,5,2,1,1,1,0,5,50,2,2,1,1,0,0,54.0,21.0,deux_roues,voiture,5,2,2,1,3
202400029820,2024-01-19 00:01:00,2024,1,19,0,1,35,35353,N24,48.1049261,-1.74007505,Nuit avec éclairage allumé,En agglomération,Intersection en X,Normale,Deux véhicules - côté,2,2,2,1,1,3,1,0,5,50,2,2,1,1,0,0,54.0,21.0,deux_roues,voiture,5,2,2,1,3
202400029821,2024-04-10 15:30:00,2024,4,10,15,30,974,97411,GAULLE (DU GENERAL DE),-20.88542,55.4579,Plein jour,En agglomération,Intersection en Y,Normale,Deux véhicules - côté,4,1,1,0,1,1,1,0,1,30,2,2,1,0,0,1,57.0,59.0,voiture,deux_roues,1,2,4,1,3
202400029821,2024-04-10 15:30:00,2024,4,10,15,30,974,97411,GAULLE (DU GENERAL DE),-20.88542,55.4579,Plein jour,En agglomération,Intersection en Y,Normale,Deux véhicules - côté,4,1,1,1,1,1,1,0,1,30,2,2,1,0,0,1,57.0,59.0,voiture,deux_roues,1,2,4,1,3
202400029822,2024-08-31 14:10:00,2024,8,31,14,10,93,93008,Rue de la République,48.9066984,2.43120074,Plein jour,En agglomération,Hors intersection,Normale,Deux véhicules - côté,3,3,2,0,1,2,1,0,1,50,2,2,0,0,0,2,31.0,49.0,deux_roues,deux_roues,1,2,1,1,3
202400029823,2024-05-18 20:45:00,2024,5,18,20,45,92,92078,CHARLES DE GAULLE (BD) (15 AU 69),48.93977226,2.32520449,Plein jour,En agglomération,Intersection en Y,Normale,Deux véhicules - frontale,3,2,2,0,1,1,1,0,1,50,2,2,1,0,0,1,45.0,19.0,deux_roues,voiture,1,2,4,1,1
202400029823,2024-05-18 20:45:00,2024,5,18,20,45,92,92078,CHARLES DE GAULLE (BD) (15 AU 69),48.93977226,2.32520449,Plein jour,En agglomération,Intersection en Y,Normale,Deux véhicules - frontale,3,-1,2,0,1,1,1,0,1,50,2,2,1,0,0,1,45.0,19.0,deux_roues,voiture,1,2,4,1,1
202400029824,2024-07-24 18:22:00,2024,7,24,18,22,17,17415,D137,45.72515,-0.64292,Plein jour,Hors agglomération,Hors intersection,Normale,Trois véhicules et plus - en chaîne,2,3,4,0,1,1,1,0,1,70,3,4,2,0,0,2,25.0,39.0,utilitaire_camion,utilitaire_camion,1,1,1,1,4
202400029825,2024-01-22 08:00:00,2024,1,22,8,0,13,13038,Cours Alphonse Daudet,43.725468,4.708119,Plein jour,En agglomération,Hors intersection,Normale,Deux véhicules - frontale,3,2,2,0,1,1,1,0,1,30,1,2,1,0,1,0,47.0,,utilitaire_camion,,1,2,1,1,1
202400029826,2024-04-10 12:23:00,2024,4,10,12,23,973,97302,BADUEL (ROUTE DE),4.93826318,-52.31673628,Plein jour,En agglomération,Intersection en T,Normale,Deux véhicules - côté,3,-1,2,0,1,1,1,0,1,50,2,2,1,0,0,1,71.0,24.0,deux_roues,voiture,1,2,3,1,3
202400029826,2024-04-10 12:23:00,2024,4,10,12,23,973,97302,BADUEL (ROUTE DE),4.93826318,-52.31673628,Plein jour,En agglomération,Intersection en T,Normale,Deux véhicules - côté,3,-1,2,0,1,1,1,0,1,50,2,2,1,0,0,1,71.0,24.0,deux_roues,voiture,1,2,3,1,3
202400029827,2024-05-18 22:45:00,2024,5,18,22,45,92,92024,GENERAL LECLERC (BD DU) (9 A 59)   (4 A,48.90077043,2.31594068,Nuit avec éclairage allumé,En agglomération,Intersection en X,Normale,Deux véhicules - frontale,3,2,3,0,1,1,1,0,1,50,2,3,2,0,0,1,28.0,19.0,voiture,voiture,5,2,2,1,1
202400029827,2024-05-18 22:45:00,2024,5,18,22,45,92,92024,GENERAL LECLERC (BD DU) (9 A 59)   (4 A,48.90077043,2.31594068,Nuit avec éclairage allumé,En agglomération,Intersection en X,Normale,Deux véhicules - frontale,3,2,3,0,1,1,1,0,1,50,2,3,2,0,0,1,28.0,19.0,voiture,voiture,5,2,2,1,1
202400029828,2024-09-01 16:20:00,2024,9,1,16,20,93,93005,Rue de la Balance / Rue du Capricorne,48.95579,2.50402,Plein jour,En agglomération,Intersection en X,Normale,Deux véhicules - frontale,4,1,1,0,1,1,1,0,1,50,2,2,0,0,0,2,34.0,34.0,voiture,deux_roues,1,2,2,1,1
202400029829,2024-07-24 11:30:00,2024,7,24,11,30,15,15012,RD 617,44.8782,2.4098,Plein jour,Hors agglomération,Intersection en T,Normale,Deux véhicules - côté,3,2,2,0,3,3,1,0,1,70,2,4,2,0,0,2,68.0,30.0,voiture,voiture,1,1,3,1,3
202400029829,2024-07-24 11:30:00,2024,7,24,11,30,15,15012,RD 617,44.8782,2.4098,Plein jour,Hors agglomération,Intersection en T,Normale,Deux véhicules - côté,3,2,2,0,1,1,1,0,1,50,2,4,2,0,0,2,68.0,30.0,voiture,voiture,1,1,3,1,3
202400029830,2024-01-22 05:50:00,2024,1,22,5,50,27,27005,Autoroute A.13,49.17159,1.249094,Nuit avec éclairage non allumé,Hors agglomération,Hors intersection,Pluie légère,Deux véhicules - arrière,1,3,3,0,1,1,2,0,2,130,2,4,1,0,1,2,24.0,28.0,voiture,voiture,4,1,1,2,2
202400029831,2024-05-18 17:15:00,2024,5,18,17,15,92,92012,BONTEMPS (rue Marcel),48.82785534,2.23636678,Plein jour,En agglomération,Hors intersection,Normale,Autre collision,4,2,2,0,1,1,1,0,1,50,1,2,1,0,0,1,36.0,,voiture,,1,2,1,1,6
202400029832,2024-04-10 12:05:00,2024,4,10,12,5,69,69034,304 Boulevard des Canuts,45.78458,4.83199,Plein jour,En agglomération,Hors intersection,Normale,Autre collision,4,2,2,1,1,1,1,0,1,50,1,3,1,0,1,1,44.0,,voiture,,1,2,1,1,6
202400029833,2024-07-25 14:00:00,2024,7,25,14,0,13,13117,STADIUM (CD9),43.43961,5.2882,Plein jour,Hors agglomération,Hors intersection,Normale,Deux véhicules - arrière,3,3,2,0,2,1,1,0,1,90,2,2,0,0,0,2,34.0,38.0,voiture,voiture,1,1,1,1,2
202400029834,2024-01-21 22:00:00,2024,1,21,22,0,13,13051,A7 pk 238.00,43.60455183,5.15151794,Nuit sans éclairage public,Hors agglomération,Hors intersection,Normale,Deux véhicules - arrière,1,3,3,3,1,1,1,0,1,130,2,2,1,0,0,1,37.0,19.0,voiture,voiture,3,1,1,1,2
202400029835,2024-05-18 23:19:00,2024,5,18,23,19,92,92002,DIVISION LECLERC (31 A 51 -36 A 56 BIS),48.7496534,2.30436489,Nuit avec éclairage allumé,En agglomération,Intersection en T,Normale,Deux véhicules - côté,3,2,2,0,1,1,1,0,1,50,2,2,1,0,0,1,43.0,27.0,voiture,deux_roues,5,2,3,1,3
202400029835,2024-05-18 23:19:00,2024,5,18,23,19,92,92002,DIVISION LECLERC (31 A 51 -36 A 56 BIS),48.7496534,2.30436489,Nuit avec éclairage allumé,En agglomération,Intersection en T,Normale,Deux véhicules - côté,3,3,2,2,1,1,1,0,1,50,2,2,1,0,0,1,43.0,27.0,voiture,deux_roues,5,2,3,1,3
202400029836,2024-04-10 08:17:00,2024,4,10,8,17,69,69034,Boulevard Périphérique Nord,45.78819528,4.85726595,Plein jour,En agglomération,Hors intersection,Normale,Deux véhicules - arrière,4,1,2,0,1,3,1,1,1,50,2,2,1,0,0,1,,22.0,utilitaire_camion,voiture,1,2,1,1,2
202400029837,2024-09-01 13:45:00,2024,9,1,13,45,92,92047,JARDY,48.82732114,2.15155095,Plein jour,Hors agglomération,Hors intersection,Normale,Trois véhicules et plus - en chaîne,3,2,2,0,1,1,1,0,1,70,3,5,3,0,0,2,47.0,40.0,voiture,voiture,1,1,1,1,4
202400029838,2024-01-21 02:25:00,2024,1,21,2,25,51,51617,A4 PK 174,49.034474,4.372698,Nuit sans éclairage public,Hors agglomération,Hors intersection,Normale,Autre collision,1,3,2,0,1,3,1,0,3,130,1,2,0,0,1,1,31.0,,voiture,,3,1,1,1,6
202400029839,2024-05-17 19:15:00,2024,5,17,19,15,24,24262,1353 Route du Causse,45.291691,0.941738,Plein jour,Hors agglomération,Hors intersection,Normale,Autre collision,3,2,2,0,1,1,1,0,3,70,1,1,0,0,1,0,25.0,,voiture,,1,1,1,1,6
202400029840,2024-07-25 07:10:00,2024,7,25,7,10,13,13054,8 MAI 1945 (AV DU ),43.41108,5.21711,Plein jour,En agglomération,Autre intersection,Normale,Deux véhicules - frontale,4,-1,2,1,1,1,1,9,1,50,2,2,1,0,1,0,19.0,23.0,utilitaire_camion,deux_roues,1,2,9,1,1
202400029841,2024-04-10 12:00:00,2024,4,10,12,0,971,97113,ROUTE DE PERINET-RD 119,16.20734,-61.48107,Plein jour,En agglomération,Hors intersection,Normale,Autre collision,3,2,1,0,2,3,9,9,1,50,1,2,1,0,1,0,36.0,,deux_roues,,1,2,1,1,6
202400029842,2024-01-21 04:30:00,2024,1,21,4,30,988,98813,RT1,-21.696192,165.799913,Crépuscule ou aube,Hors agglomération,Hors intersection,Normale,Autre collision,2,2,2,0,1,1,1,0,1,110,1,1,0,0,1,0,40.0,,utilitaire_camion,,2,1,1,1,6
202400029843,2024-05-20 07:45:00,2024,5,20,7,45,49,49244,Quai des Mariniers (Montjean-sur-Loire),47.392357,-0.870366,Plein jour,En agglomération,Hors intersection,Pluie légère,Sans collision,3,1,2,0,1,1,2,0,3,50,1,1,0,0,1,0,25.0,,voiture,,1,2,1,2,7
202400029844,2024-09-01 11:10:00,2024,9,1,11,10,92,92012,JEAN JAURES (BOULEVARD) 1/61 - COTE IMPA,48.84417853,2.23765478,Plein jour,En agglomération,Autre intersection,Normale,Autre collision,3,2,2,0,1,1,1,0,4,30,1,2,1,0,0,1,95.0,,voiture,,1,2,9,1,6
202400029845,2024-01-20 01:40:00,2024,1,20,1,40,974,97415,RN 1A - PK 37,-21.055632,55.227054,Nuit sans éclairage public,Hors agglomération,Hors intersection,Normale,Deux véhicules - arrière,2,2,2,2,3,3,1,0,1,90,2,2,1,0,1,0,54.0,22.0,voiture,deux_roues,3,1,1,1,2
202400029846,2024-07-25 19:00:00,2024,7,25,19,0,13,13103,BOULEVARD DU JOFFRE - MARECHAL,43.64203,5.09792,Plein jour,En agglomération,Intersection en T,Normale,Deux véhicules - côté,4,1,1,0,1,1,1,0,1,30,2,2,1,0,0,1,42.0,22.0,voiture,deux_roues,1,2,3,1,3
202400029846,2024-07-25 19:00:00,2024,7,25,19,0,13,13103,BOULEVARD DU JOFFRE - MARECHAL,43.64203,5.09792,Plein jour,En agglomération,Intersection en T,Normale,Deux véhicules - côté,4,1,1,0,1,1,1,0,1,30,2,2,1,0,0,1,42.0,22.0,voiture,deux_roues,1,2,3,1,3
202400029847,2024-04-10 22:31:00,2024,4,10,22,31,2A,2A004,#Rue du Vittulo#,41.9289,8.7243,Nuit avec éclairage allumé,Hors agglomération,Hors intersection,Temps couvert,Deux véhicules - frontale,4,2,2,0,1,4,2,0,1,50,2,4,1,0,1,2,19.0,21.0,voiture,voiture,5,1,1,8,1
202400029848,2024-05-20 02:45:00,2024,5,20,2,45,01,01383,départementale 1083,46.07935,5.10055,Nuit sans éclairage public,Hors agglomération,Hors intersection,Pluie légère,Deux véhicules - frontale,3,2,2,0,1,1,2,0,1,80,2,2,0,0,1,1,34.0,50.0,voiture,voiture,3,1,1,2,1
202400029849,2024-09-02 05:53:00,2024,9,2,5,53,35,35239,D173 PK 017+000,47.900304,-1.375759,Nuit sans éclairage public,Hors agglomération,Autre intersection,Pluie légère,Autre collision,3,3,4,0,1,2,2,0,1,110,1,1,0,0,1,0,26.0,,voiture,,3,1,9,2,6
202400029850,2024-01-21 19:45:00,2024,1,21,19,45,971,97129,Route Nationale,16.309719,-61.677096,Nuit sans éclairage public,Hors agglomération,Hors intersection,Normale,Deux véhicules - frontale,2,2,2,0,1,1,1,0,1,80,2,2,1,1,0,0,21.0,48.0,voiture,deux_roues,3,1,1,1,1
202400029851,2024-05-20 00:20:00,2024,5,20,0,20,52,52206,D384,48.51752934,4.80893392,Nuit sans éclairage public,Hors agglomération,Hors intersection,Normale,Deux véhicules - frontale,3,2,2,0,2,3,1,0,1,90,2,2,0,1,0,1,66.0,59.0,voiture,utilitaire_camion,3,1,1,1,1
202400029852,2024-04-10 10:30:00,2024,4,10,10,30,95,95252,CHEMIN NEUF (RUE DU),48.97724067,2.22841144,Plein jour,Hors agglomération,Giratoire,Normale,Deux véhicules - arrière,4,-1,2,0,1,1,1,0,1,50,2,2,1,0,0,1,43.0,46.0,utilitaire_camion,transport_commun,1,1,6,1,2
202400029852,2024-04-10 10:30:00,2024,4,10,10,30,95,95252,CHEMIN NEUF (RUE DU),48.97724067,2.22841144,Plein jour,Hors agglomération,Giratoire,Normale,Deux véhicules - arrière,4,-1,2,0,1,1,1,0,1,50,2,2,1,0,0,1,43.0,46.0,utilitaire_camion,transport_commun,1,1,6,1,2
202400029853,2024-07-25 21:30:00,2024,7,25,21,30,13,13214,ANATOLE DE LA FORGE (BOULEVARD),43.3377075,5.39447344,Crépuscule ou aube,En agglomération,Intersection en T,Normale,Deux véhicules - arrière,4,2,2,0,1,1,1,0,1,50,2,3,1,0,2,0,,29.0,utilitaire_camion,voiture,2,2,3,1,2
202400029853,2024-07-25 21:30:00,2024,7,25,21,30,13,13214,ANATOLE DE LA FORGE (BOULEVARD),43.3377075,5.39447344,Crépuscule ou aube,En agglomération,Intersection en T,Normale,Deux véhicules - arrière,4,2, -1,-1,1,1,1,0,1,-1,2,3,1,0,2,0,,29.0,utilitaire_camion,voiture,2,2,3,1,2