accident_id,datetime,annee,mois,jour,heure,minute,departement,commune_insee,adresse,latitude,longitude,luminosite,agglomeration,intersection,meteo,collision,catr,circ,nbv,vosp,prof,plan,surf,infra,situ,vma,nb_vehicules,nb_usagers,nb_indemnes,nb_tues,nb_blesses_hosp,nb_blesses_legers,age_cond_1,age_cond_2,veh_type_cond_1,veh_type_cond_2,lum_code,agg_code,int_code,atm_code,col_code
202400029934,2024-05-18 23:15:00,2024,5,18,23,15,25,25024,Lieu dit La Combe Badier,46.96583,6.398839,Nuit sans éclairage public,Hors agglomération,Hors intersection,Normale,Sans collision,3,2,2,0,4,1,2,0,3,80,1,3,1,0,2,0,38.0,,voiture,,3,1,1,1,7
202400029935,2024-01-19 21:00:00,2024,1,19,21,0,93,93066,AUTOROUTE A1,48.92290239,2.35725128,Nuit sans éclairage public,Hors agglomération,Hors intersection,Normale,Trois véhicules et plus - collisions multiples,1,3,8,0,1,1,1,0,1,90,4,5,3,0,0,2,38.0,22.0,utilitaire_camion,voiture,3,1,1,1,5
202400029936,2024-05-19 17:30:00,2024,5,19,17,30,25,25187,D227,47.379012,6.675672,Plein jour,En agglomération,Hors intersection,Normale,Sans collision,3,2,2,0,2,3,1,0,3,50,1,1,0,0,1,0,23.0,,deux_roues,,1,2,1,1,7
202400029937,2024-07-24 08:15:00,2024,7,24,8,15,75,75112,BD PERIPHERIQUE EXTERIEUR,48.834473,2.410696,Plein jour,En agglomération,Hors intersection,Normale,Trois véhicules et plus - collisions multiples,4,1,4,0,1,1,1,0,1,70,3,3,2,0,0,1,56.0,34.0,utilitaire_camion,utilitaire_camion,1,2,1,1,5
202400029938,2024-09-02 16:40:00,2024,9,2,16,40,82,82132,route de caussade,44.078079,1.616353,Plein jour,En agglomération,Hors intersection,Normale,Deux véhicules - frontale,3,2,2,0,1,3,1,0,1,50,2,2,0,0,0,2,51.0,73.0,voiture,voiture,1,2,1,1,1
202400029939,2024-01-21 14:15:00,2024,1,21,14,15,75,75112,A4,48.825146,2.463772,Plein jour,Hors agglomération,Hors intersection,Normale,Trois véhicules et plus - en chaîne,1,-1,5,0,1,1,2,0,1,90,3,4,1,0,0,3,69.0,30.0,voiture,voiture,1,1,1,1,4
202400029940,2024-05-19 17:00:00,2024,5,19,17,0,25,25434,Route de Besançon,47.108693,6.126613,Plein jour,En agglomération,Hors intersection,Normale,Deux véhicules - frontale,3,2,2,0,2,1,1,0,1,50,2,3,0,1,0,2,89.0,30.0,voiture,voiture,1,2,1,1,1
202400029941,2024-07-25 19:20:00,2024,7,25,19,20,75,75119,BOULEVARD MACDONALD,48.898846,2.378136,Plein jour,En agglomération,Intersection en T,Normale,Deux véhicules - côté,4,-1,2,0,1,1,1,0,1,30,2,2,1,0,0,1,24.0,47.0,deux_roues,voiture,1,2,3,1,3
202400029941,2024-07-25 19:20:00,2024,7,25,19,20,75,75119,BOULEVARD MACDONALD,48.898846,2.378136,Plein jour,En agglomération,Intersection en T,Normale,Deux véhicules - côté,4,1, -1,0,1,1,1,0,1,30,2,2,1,0,0,1,24.0,47.0,deux_roues,voiture,1,2,3,1,3
202400029942,2024-01-20 22:39:00,2024,1,20,22,39,93,93051,A4,48.8359907,2.56003554,Nuit sans éclairage public,Hors agglomération,Hors intersection,Normale,Deux véhicules - arrière,1,1,4,0,1,1,1,0,1,110,2,4,2,0,0,2,27.0,49.0,voiture,voiture,3,1,1,1,2
202400029943,2024-08-31 18:45:00,2024,8,31,18,45,32,32178,D158,43.841821,0.32105,Plein jour,Hors agglomération,Hors intersection,Normale,Sans collision,3,2,2,0,2,2,1,0,1,80,1,2,1,0,1,0,52.0,,deux_roues,,1,1,1,1,7
202400029944,2024-05-19 06:45:00,2024,5,19,6,45,25,25467,27 Rue de Lausanne,47.25465,5.936463,Crépuscule ou aube,En agglomération,Giratoire,Normale,Autre collision,3,-1,2,0,2,1,1,0,4,30,1,4,3,0,1,0,20.0,,voiture,,2,2,6,1,6
202400029944,2024-05-19 06:45:00,2024,5,19,6,45,25,25467,27 Rue de Lausanne,47.25465,5.936463,Crépuscule ou aube,En agglomération,Giratoire,Normale,Autre collision,3,2,2,-1,4,1,1,5,1,-1,1,4,3,0,1,0,20.0,,voiture,,2,2,6,1,6
202400029945,2024-07-24 10:05:00,2024,7,24,10,5,75,75113,AVENUE D ITALIE,48.826788,2.357211,Plein jour,En agglomération,Intersection en T,Normale,Deux véhicules - arrière,4,1,6,1,1,1,1,0,5,30,2,2,1,0,0,1,54.0,76.0,deux_roues,deux_roues,1,2,3,1,2
202400029945,2024-07-24 10:05:00,2024,7,24,10,5,75,75113,AVENUE D ITALIE,48.826788,2.357211,Plein jour,En agglomération,Intersection en T,Normale,Deux véhicules - arrière,4,1, -1,0,1,1,1,0,1,30,2,2,1,0,0,1,54.0,76.0,deux_roues,deux_roues,1,2,3,1,2
202400029946,2024-01-20 12:00:00,2024,1,20,12,0,976,97611,kaweni-Kaweni nord ( Z I ),-12.76457,45.22543,Plein jour,En agglomération,Autre intersection,Normale,Deux véhicules - arrière,2,2,2,0,1,1,1,9,1,50,2,3,2,0,0,1,28.0,49.0,voiture,deux_roues,1,2,9,1,2
202400029947,2024-05-18 22:30:00,2024,5,18,22,30,35,35069,Intersection D32 et D463,48.03783453,-1.48999661,Nuit sans éclairage public,Hors agglomération,Intersection en T,Normale,Deux véhicules - frontale,3,2,2,0,1,1,1,0,1,80,2,4,3,0,1,0,24.0,40.0,deux_roues,voiture,3,1,3,1,1
202400029947,2024-05-18 22:30:00,2024,5,18,22,30,35,35069,Intersection D32 et D463,48.03783453,-1.48999661,Nuit sans éclairage public,Hors agglomération,Intersection en T,Normale,Deux véhicules - frontale,3,2,2,0,1,1,1,0,1,80,2,4,3,0,1,0,24.0,40.0,deux_roues,voiture,3,1,3,1,1
202400029948,2024-01-20 15:10:00,2024,1,20,15,10,974,97416,BADAMIER(CHEMIN),-21.31434,55.45783,Plein jour,Hors agglomération,Hors intersection,Normale,Deux véhicules - côté,4,2,2,0,2,2,1,0,1,50,2,2,1,0,0,1,23.0,28.0,voiture,voiture,1,1,1,1,3
202400029949,2024-07-25 09:40:00,2024,7,25,9,40,75,75110,RUE LA FAYETTE,48.881335,2.36475,Plein jour,En agglomération,Intersection en X,Normale,Autre collision,4,1, -1,0,1,1,1,0,1,30,1,2,1,0,0,1,47.0,,voiture,,1,2,2,1,6
202400029949,2024-07-25 09:40:00,2024,7,25,9,40,75,75110,RUE LA FAYETTE,48.881335,2.36475,Plein jour,En agglomération,Intersection en X,Normale,Autre collision,4,2,4,3,1,1,1,0,1,30,1,2,1,0,0,1,47.0,,voiture,,1,2,2,1,6
202400029950,2024-09-02 14:15:00,2024,9,2,14,15,63,63250,D996,45.5796735,3.14957351,Plein jour,Hors agglomération,Hors intersection,Temps éblouissant,Deux véhicules - frontale,3,2,2,0,1,1,1,0,1,80,2,2,1,1,0,0,52.0,40.0,deux_roues,utilitaire_camion,1,1,1,7,1
202400029951,2024-05-19 22:15:00,2024,5,19,22,15,29,29173,Route de Kerdrein,48.026363,-4.226133,Crépuscule ou aube,Hors agglomération,Hors intersection,Normale,Autre collision,4,2,2,0,2,2,2,0,1,80,1,2,0,0,2,0,40.0,,voiture,,2,1,1,1,6
202400029952,2024-01-20 01:30:00,2024,1,20,1,30,974,97411,LITTORAL (ROUTE 1 DU),-20.88482,55.39046,Nuit sans éclairage public,Hors agglomération,Hors intersection,Normale,Trois véhicules et plus - en chaîne,2,1,2,0,1,1,1,2,1,90,3,4,2,0,2,0,29.0,25.0,voiture,deux_roues,3,1,1,1,4
202400029953,2024-07-24 10:12:00,2024,7,24,10,12,75,75107,BOULEVARD DE LA TOUR MAUBOURG,48.862399,2.310403,Plein jour,En agglomération,Intersection en T,Normale,Deux véhicules - côté,4,1,0,0,1,1,1,0,1,30,2,2,1,0,0,1,24.0,,deux_roues,deux_roues,1,2,3,1,3
202400029953,2024-07-24 10:12:00,2024,7,24,10,12,75,75107,BOULEVARD DE LA TOUR MAUBOURG,48.862399,2.310403,Plein jour,En agglomération,Intersection en T,Normale,Deux véhicules - côté,4,1, -1,-1,1,1,1,0,1,30,2,2,1,0,0,1,24.0,,deux_roues,deux_roues,1,2,3,1,3
202400029954,2024-05-20 06:15:00,2024,5,20,6,15,31,31356,Route de Grenade,43.713487,1.248322,Crépuscule ou aube,Hors agglomération,Hors intersection,Normale,Autre collision,3,2,2,0,1,3,2,0,3,80,1,1,0,1,0,0,27.0,,voiture,,2,1,1,1,6
202400029955,2024-01-19 17:00:00,2024,1,19,17,0,69,69382,22 Rue de la République,45.76377,4.83586,Crépuscule ou aube,En agglomération,Hors intersection,Normale,Autre collision,4,2,2,3,1,1,1,0,1,30,1,2,1,0,0,1,44.0,,transport_commun,,2,2,1,1,6
202400029956,2024-09-01 04:40:00,2024,9,1,4,40,42,42020,Route de Seyves,45.617932,4.213391,Nuit sans éclairage public,En agglomération,Intersection en T,Normale,Autre collision,3,2,2,0,1,1,1,0,1,50,1,4,2,0,1,1,19.0,,voiture,,3,2,3,1,6
202400029956,2024-09-01 04:40:00,2024,9,1,4,40,42,42020,Route de Seyves,45.617932,4.213391,Nuit sans éclairage public,En agglomération,Intersection en T,Normale,Autre collision,3,2,2,0,1,1,1,0,8,80,1,4,2,0,1,1,19.0,,voiture,,3,2,3,1,6
202400029957,2024-05-20 00:15:00,2024,5,20,0,15,38,38338,D1532,45.214258,5.489473,Nuit sans éclairage public,Hors agglomération,Hors intersection,Normale,Deux véhicules - arrière,3,2,2,0,1,1,1,0,1,90,2,2,1,0,1,0,18.0,53.0,deux_roues,voiture,3,1,1,1,2
202400029958,2024-07-24 06:40:00,2024,7,24,6,40,94,94081,Rue de Choisy,48.78125806,2.40295833,Plein jour,En agglomération,Hors intersection,Normale,Deux véhicules - frontale,4,2,2,0,1,1,1,0,1,50,2,2,1,0,0,1,19.0,24.0,voiture,voiture,1,2,1,1,1
202400029959,2024-01-20 15:00:00,2024,1,20,15,0,69,69149,171 Grande Rue,45.71242,4.80341,Plein jour,En agglomération,Hors intersection,Normale,Deux véhicules - côté,7,2,2,0,2,1,1,0,1,30,2,2,1,0,0,1,23.0,30.0,deux_roues,voiture,1,2,1,1,3
202400029960,2024-05-19 00:15:00,2024,5,19,0,15,38,38370,Route des Croix,45.141759,5.228664,Nuit sans éclairage public,Hors agglomération,Hors intersection,Normale,Autre collision,3,2,2,0,1,1,1,0,1,80,1,1,0,0,1,0,52.0,,deux_roues,,3,1,1,1,6
202400029961,2024-01-19 16:05:00,2024,1,19,16,5,971,97101,LAURICISQUE,16.25380482,-61.54030323,Plein jour,Hors agglomération,Hors intersection,Normale,Sans collision,2,1,3,0,2,1,1,2,1,90,1,1,0,0,0,1,45.0,,deux_roues,,1,1,1,1,7
202400029962,2024-07-25 19:05:00,2024,7,25,19,5,94,94054,Avenue Adrien Raynal,48.74297699,2.40118311,Plein jour,En agglomération,Hors intersection,Normale,Deux véhicules - frontale,4,-1,0,0,1,1,1,0,1,50,2,2,1,0,0,1,36.0,29.0,voiture,deux_roues,1,2,1,1,1
202400029963,2024-04-25 22:15:00,2024,4,25,22,15,02,02369,D372,49.797951,3.97051,Nuit sans éclairage public,Hors agglomération,Hors intersection,Normale,Deux véhicules - frontale,3,2,2,0,1,1,1,0,1,80,2,2,1,0,1,0,24.0,27.0,voiture,utilitaire_camion,3,1,1,1,1
202400029964,2024-08-29 06:55:00,2024,8,29,6,55,34,34163,La Vabre,43.629987,3.693777,Plein jour,Hors agglomération,Giratoire,Normale,Deux véhicules - côté,3,2,2,0,1,2,1,0,1,50,2,2,1,0,1,0,60.0,49.0,voiture,deux_roues,1,1,6,1,3
202400029965,2024-07-25 17:15:00,2024,7,25,17,15,93,93073,BARBUSSE (RUE HENRI),48.95881,2.57279,Plein jour,En agglomération,Hors intersection,Normale,Autre collision,3,2,2,0,1,1,1,0,1,50,1,2,1,0,0,1,30.0,,deux_roues,,1,2,1,1,6
202400029966,2024-05-19 02:30:00,2024,5,19,2,30,05,05040,N94,44.55150718,6.25565284,Nuit sans éclairage public,Hors agglomération,Hors intersection,Normale,Deux véhicules - frontale,2,-1,2,0,1,1,1,0,1,70,2,2,1,0,0,1,58.0,34.0,utilitaire_camion,voiture,3,1,1,1,1
202400029967,2024-05-20 03:25:00,2024,5,20,3,25,50,50403,zone conchylicole,49.15382,-1.590968,Nuit sans éclairage public,Hors agglomération,Hors intersection,Normale,Sans collision,4,2,2,0,1,1,1,0,1,50,1,2,0,0,1,1,33.0,,deux_roues,,3,1,1,1,7
202400029968,2024-01-19 03:53:00,2024,1,19,3,53,91,91552,RN20,48.61367,2.25474,Nuit avec éclairage allumé,Hors agglomération,Hors intersection,Normale,Deux véhicules - arrière,3,3,4,0,1,1,1,0,1,70,2,2,1,0,0,1,43.0,38.0,utilitaire_camion,voiture,5,1,1,1,2
202400029969,2024-09-01 13:20:00,2024,9,1,13,20,25,25271,D132,47.052259,6.476676,Plein jour,Hors agglomération,Hors intersection,Normale,Sans collision,3,2,2,0,2,2,8,0,1,90,1,2,1,0,0,1,65.0,,deux_roues,,1,1,1,1,7
202400029970,2024-01-20 22:30:00,2024,1,20,22,30,91,91174,LA PECHERIE (RUE DE),48.61328,2.48587,Nuit avec éclairage allumé,En agglomération,Hors intersection,Normale,Autre collision,3,2,2,0,1,4,7,0,1,50,1,2,1,0,0,1,22.0,,voiture,,5,2,1,1,6
202400029971,2024-07-25 00:01:00,2024,7,25,0,1,93,93066,Avenue du Président Wilson / Rue Henri Delaunay,48.92595621,2.35719392,Nuit avec éclairage allumé,En agglomération,Intersection en T,Normale,Deux véhicules - côté,3,1,4,1,1,1,1,0,1,50,2,3,1,0,0,2,48.0,41.0,voiture,deux_roues,5,2,3,1,3
202400029971,2024-07-25 00:01:00,2024,7,25,0,1,93,93066,Avenue du Président Wilson / Rue Henri Delaunay,48.92595621,2.35719392,Nuit avec éclairage allumé,En agglomération,Intersection en T,Normale,Deux véhicules - côté,3,2,2,0,1,1,1,0,1,50,2,3,1,0,0,2,48.0,41.0,voiture,deux_roues,5,2,3,1,3
202400029972,2024-05-19 18:40:00,2024,5,19,18,40,18,18221,Route de Rousson,46.821978,2.376915,Plein jour,Hors agglomération,Hors intersection,Normale,Sans collision,4,2,2,0,1,1,1,0,1,70,1,3,2,0,0,1,20.0,,voiture,,1,1,1,1,7
202400029973,2024-08-31 18:10:00,2024,8,31,18,10,44,44032,les gautronnieres,47.166121,-1.341464,Plein jour,Hors agglomération,Intersection en X,Normale,Deux véhicules - côté,3,2,2,0,1,1,1,0,1,80,2,3,1,0,1,1,38.0,55.0,voiture,voiture,1,1,2,1,3
202400029973,2024-08-31 18:10:00,2024,8,31,18,10,44,44032,les gautronnieres,47.166121,-1.341464,Plein jour,Hors agglomération,Intersection en X,Normale,Deux véhicules - côté,3,2,2,0,1,1,1,0,1,80,2,3,1,0,1,1,38.0,55.0,voiture,voiture,1,1,2,1,3
202400029974,2024-07-25 08:49:00,2024,7,25,8,49,93,93046,Boulevard Robert Schuman / Avenue Lucie Aubrac,48.92804,2.54927,Plein jour,En agglomération,Intersection en X,Normale,Deux véhicules - frontale,3,2,2,1,1,1,1,0,1,-1,2,2,1,0,0,1,70.0,22.0,deux_roues,voiture,1,2,2,1,1
202400029974,2024-07-25 08:49:00,2024,7,25,8,49,93,93046,Boulevard Robert Schuman / Avenue Lucie Aubrac,48.92804,2.54927,Plein jour,En agglomération,Intersection en X,Normale,Deux véhicules - frontale,3,2,2,0,1,1,1,0,1,50,2,2,1,0,0,1,70.0,22.0,deux_roues,voiture,1,2,2,1,1
202400029975,2024-01-20 22:20:00,2024,1,20,22,20,91,91174,HENRI DUNANT (BOULEVARD),48.59941,2.480218,Nuit avec éclairage allumé,En agglomération,Hors intersection,Normale,Deux véhicules - arrière,4,2,3,0,1,1,1,0,1,50,2,6,4,0,0,2,22.0,23.0,voiture,voiture,5,2,1,1,2
202400029976,2024-05-20 19:15:00,2024,5,20,19,15,07,07292,995 mont du vivarais,45.168733,4.693898,Plein jour,Hors agglomération,Intersection en X,Pluie légère,Deux véhicules - côté,3,2,2,0,1,1,2,0,1,70,2,5,2,0,1,2,23.0,51.0,voiture,utilitaire_camion,1,1,2,2,3
202400029976,2024-05-20 19:15:00,2024,5,20,19,15,07,07292,995 mont du vivarais,45.168733,4.693898,Plein jour,Hors agglomération,Intersection en X,Pluie légère,Deux véhicules - côté,3,2,2,0,1,1,2,5,1,70,2,5,2,0,1,2,23.0,51.0,voiture,utilitaire_camion,1,1,2,2,3
202400029977,2024-07-25 17:00:00,2024,7,25,17,0,93,93006,Rue Sadi Carnot,48.87562853,2.42483318,Plein jour,En agglomération,Hors intersection,Normale,Autre collision,4,1,1,2,1,1,1,0,4,30,1,2,1,0,0,1,21.0,,voiture,,1,2,1,1,6
202400029978,2024-09-01 09:37:00,2024,9,1,9,37,29,29130,Lieu Dit Kerzongar Bihan,48.389778,-4.660762,Plein jour,Hors agglomération,Hors intersection,Normale,Sans collision,4,2,2,0,1,1,1,0,8,80,1,1,0,1,0,0,54.0,,deux_roues,,1,1,1,1,7
202400029979,2024-01-20 17:05:00,2024,1,20,17,5,85,85191,PALISSY ROND-POINT BERNARD,46.69026,-1.4306,Plein jour,En agglomération,Hors intersection,Temps éblouissant,Autre collision,4,-1,2,0,1,1,2,0,1,50,1,2,1,0,1,0,58.0,,voiture,,1,2,1,7,6
202400029980,2024-05-20 19:15:00,2024,5,20,19,15,07,07007,D533,44.949887,4.707856,Plein jour,Hors agglomération,Hors intersection,Pluie forte,Sans collision,3,2,2,0,1,2,2,0,1,90,1,1,0,0,0,1,31.0,,deux_roues,,1,1,1,3,7
202400029981,2024-01-20 21:50:00,2024,1,20,21,50,83,83137,GROIGNARD (AVE),43.14495232,5.90163624,Nuit avec éclairage allumé,Hors agglomération,Hors intersection,Normale,Autre collision,3,3,2,0,3,3,1,0,4,80,1,1,0,0,0,1,54.0,,voiture,,5,1,1,1,6
202400029982,2024-07-25 07:10:00,2024,7,25,7,10,93,93032,MONTGUICHET  (CHEMIN DE),48.88117,2.54789,Plein jour,En agglomération,Hors intersection,Normale,Deux véhicules - arrière,4,2,2,0,2,1,1,0,1,50,2,2,1,0,0,1,22.0,51.0,voiture,voiture,1,2,1,1,2
202400029983,2024-05-20 15:10:00,2024,5,20,15,10,53,53251,route de la maison neuve,47.784406,-0.874465,Plein jour,Hors agglomération,Intersection en T,Pluie forte,Sans collision,3,2,2,0,1,1,2,0,3,80,1,3,2,0,1,0,38.0,,utilitaire_camion,,1,1,3,3,7
202400029983,2024-05-20 15:10:00,2024,5,20,15,10,53,53251,route de la maison neuve,47.784406,-0.874465,Plein jour,Hors agglomération,Intersection en T,Pluie forte,Sans collision,3,2,2,0,1,1,2,0,3,80,1,3,2,0,1,0,38.0,,utilitaire_camion,,1,1,3,3,7
202400029984,2024-01-20 11:00:00,2024,1,20,11,0,81,81163,5 Rue Alphonse Tournier,43.4940232,2.3784688,Plein jour,En agglomération,Hors intersection,Autre,Sans collision,3,1,1,0,1,1,7,0,1,50,1,1,0,0,0,1,16.0,,deux_roues,,1,2,1,9,7
202400029985,2024-09-01 11:30:00,2024,9,1,11,30,38,38504,route de la croix blanche,45.302531,5.994067,Plein jour,Hors agglomération,Hors intersection,Normale,Deux véhicules - arrière,3,2,2,0,2,1,1,0,1,80,2,2,1,0,1,0,52.0,53.0,deux_roues,voiture,1,1,1,1,2
202400029986,2024-01-20 10:00:00,2024,1,20,10,0,78,78642,BRETAGNE RUE DE,48.986145,1.970152,Plein jour,En agglomération,Hors intersection,Neige / grêle,Autre collision,4,2,2,0,2,1,7,9,1,50,1,2,1,0,0,1,,,voiture,,1,2,1,4,6
202400029987,2024-07-25 13:45:00,2024,7,25,13,45,93,93005,JEAN JAURES (AVENUE),48.92178,2.50407,Plein jour,En agglomération,Hors intersection,Normale,Deux véhicules - côté,4,2,2,0,1,1,1,0,1,50,2,4,3,0,0,1,35.0,67.0,voiture,voiture,1,2,1,1,3
202400029988,2024-05-19 13:50:00,2024,5,19,13,50,30,30210,Route de Saint-théodorit,43.920207,4.024547,Plein jour,Hors agglomération,Hors intersection,Normale,Deux véhicules - frontale,3,2,2,0,1,1,1,0,1,-1,2,3,2,0,1,0,72.0,35.0,utilitaire_camion,voiture,1,1,1,1,1
202400029989,2024-01-20 18:15:00,2024,1,20,18,15,76,76217,AVENUE JEAN JAURES,49.9131,1.07169,Nuit avec éclairage allumé,En agglomération,Intersection en T,Normale,Deux véhicules - frontale,4,2,2,0,1,1,1,0,1,50,2,2,1,0,1,0,47.0,46.0,voiture,deux_roues,5,2,3,1,1
202400029989,2024-01-20 18:15:00,2024,1,20,18,15,76,76217,AVENUE JEAN JAURES,49.9131,1.07169,Nuit avec éclairage allumé,En agglomération,Intersection en T,Normale,Deux véhicules - frontale,4,2, -1,-1,1,1,1,0,1,-1,2,2,1,0,1,0,47.0,46.0,voiture,deux_roues,5,2,3,1,1
202400029990,2024-07-24 19:15:00,2024,7,24,19,15,92,92078,BONGARDE (RUE),48.92582191,2.3229821,Plein jour,En agglomération,Hors intersection,Normale,Deux véhicules - côté,4,1,0,0,1,1,1,0,1,50,2,2,1,0,1,0,47.0,41.0,voiture,deux_roues,1,2,1,1,3
202400029991,2024-09-02 19:05:00,2024,9,2,19,5,84,84041,Route du Pont de Crillon,44.107171,5.144091,Plein jour,Hors agglomération,Hors intersection,Normale,Sans collision,3,-1,2,0,1,3,1,0,8,80,1,2,1,0,1,0,18.0,,voiture,,1,1,1,1,7
202400029992,2024-07-24 21:00:00,2024,7,24,21,0,92,92050,LECLERC GENERAL AVENUE DU,48.90261752,2.18657166,Plein jour,En agglomération,Hors intersection,Normale,Sans collision,4,2,2,0,1,1,1,0,1,50,1,2,1,0,0,1,41.0,,deux_roues,,1,2,1,1,7
202400029993,2024-09-01 15:20:00,2024,9,1,15,20,85,85081,RD39,46.797136,-1.32278,Plein jour,Hors agglomération,Hors intersection,Normale,Autre collision,3,2,2,0,1,2,1,0,1,60,1,1,0,0,0,1,21.0,,utilitaire_camion,,1,1,1,1,6
202400029994,2024-01-19 12:50:00,2024,1,19,12,50,74,74305,VOIRONS (RUE DES),46.20231,6.25867,Plein jour,En agglomération,Intersection en X,Normale,Trois véhicules et plus - collisions multiples,4,-1,0,0,1,1,1,9,8,50,3,5,4,0,0,1,20.0,27.0,voiture,voiture,1,2,2,1,5
202400029994,2024-01-19 12:50:00,2024,1,19,12,50,74,74305,VOIRONS (RUE DES),46.20231,6.25867,Plein jour,En agglomération,Intersection en X,Normale,Trois véhicules et plus - collisions multiples,4,-1,4,0,1,1,1,5,1,50,3,5,4,0,0,1,20.0,27.0,voiture,voiture,1,2,2,1,5
202400029994,2024-01-19 12:50:00,2024,1,19,12,50,74,74305,VOIRONS (RUE DES),46.20231,6.25867,Plein jour,En agglomération,Intersection en X,Normale,Trois véhicules et plus - collisions multiples,4,2,4,0,1,1,1,5,1,50,3,5,4,0,0,1,20.0,27.0,voiture,voiture,1,2,2,1,5
202400029995,2024-07-25 10:08:00,2024,7,25,10,8,92,92026,DIEPPE,48.89991553,2.23973684,Plein jour,En agglomération,Intersection en X,Normale,Deux véhicules - côté,3,1,0,0,2,1,1,0,4,30,2,2,1,0,0,1,62.0,27.0,deux_roues,deux_roues,1,2,2,1,3
202400029995,2024-07-25 10:08:00,2024,7,25,10,8,92,92026,DIEPPE,48.89991553,2.23973684,Plein jour,En agglomération,Intersection en X,Normale,Deux véhicules - côté,3,2,0,1,1,1,1,0,4,50,2,2,1,0,0,1,62.0,27.0,deux_roues,deux_roues,1,2,2,1,3
202400029996,2024-09-01 13:15:00,2024,9,1,13,15,70,70299,Rue du Val Fleuri,47.625314,5.781016,Plein jour,En agglomération,Giratoire,Normale,Autre collision,3,2,2,0,1,1,1,5,1,50,1,1,0,0,1,0,65.0,,utilitaire_camion,,1,2,6,1,6
202400029996,2024-09-01 13:15:00,2024,9,1,13,15,70,70299,Rue du Val Fleuri,47.625314,5.781016,Plein jour,En agglomération,Giratoire,Normale,Autre collision,3,2, -1,-1,1,1,1,5,1,-1,1,1,0,0,1,0,65.0,,utilitaire_camion,,1,2,6,1,6
202400029997,2024-01-20 05:20:00,2024,1,20,5,20,72,72181,BOLLEE (AV) N° PAIRS 2 A 62,48.00349,0.20342,Nuit avec éclairage allumé,En agglomération,Hors intersection,Normale,Autre collision,4,2,2,3,1,1,1,0,4,50,1,3,0,0,0,3,25.0,,voiture,,5,2,1,1,6
202400029998,2024-07-24 17:13:00,2024,7,24,17,13,92,92025,CHARLES DE GAULLE (BD),48.91425911,2.22950031,Plein jour,En agglomération,Hors intersection,Normale,Deux véhicules - arrière,3,1,2,0,1,1,1,0,1,50,2,2,1,0,0,1,52.0,47.0,voiture,deux_roues,1,2,1,1,2
202400029999,2024-05-20 08:15:00,2024,5,20,8,15,31,31254,La Pyreneenne,43.54471953,1.50394142,Plein jour,En agglomération,Hors intersection,Normale,Autre collision,3,1,2,0,1,2,1,2,3,70,1,1,0,0,1,0,24.0,,voiture,,1,2,1,1,6
202400030000,2024-08-31 10:45:00,2024,8,31,10,45,58,58031,D188,47.024294,3.478364,Plein jour,En agglomération,Hors intersection,Normale,Deux véhicules - côté,3,2,2,0,2,1,1,0,1,50,2,2,1,0,1,0,46.0,66.0,voiture,deux_roues,1,2,1,1,3
202400030001,2024-01-19 14:26:00,2024,1,19,14,26,72,72181,JAURES JEAN (AV) N° PAIRS 60 ET >,47.99048,0.20605,Plein jour,En agglomération,Hors intersection,Normale,Autre collision,4,-1,2,0,1,1,1,0,8,30,1,2,1,0,1,0,27.0,,voiture,,1,2,1,1,6
202400030002,2024-07-25 16:35:00,2024,7,25,16,35,34,34202,M5,43.575016,3.746858,Plein jour,Hors agglomération,Hors intersection,Normale,Deux véhicules - arrière,7,2,2,0,1,3,1,0,1,80,2,3,1,0,0,2,34.0,22.0,voiture,utilitaire_camion,1,1,1,1,2
202400030003,2024-08-31 14:12:00,2024,8,31,14,12,54,54518,RD 3,48.94670675,5.88294268,Plein jour,Hors agglomération,Hors intersection,Normale,Sans collision,3,2,2,0,4,4,1,0,3,70,1,1,0,0,0,1,37.0,,deux_roues,,1,1,1,1,7
202400030004,2024-01-20 18:30:00,2024,1,20,18,30,69,69286,88 Route de Genève,45.80786,4.89747,Nuit avec éclairage allumé,En agglomération,Hors intersection,Normale,Deux véhicules - côté,7,2,2,0,1,1,1,0,1,50,2,2,1,0,0,1,67.0,24.0,voiture,deux_roues,5,2,1,1,3
202400030005,2024-05-08 07:00:00,2024,5,8,7,0,69,69206,Autoroute 6,46.07295991,4.74133281,Plein jour,Hors agglomération,Hors intersection,Normale,Deux véhicules - arrière,1,3,6,0,1,1,1,0,1,130,2,5,2,0,0,3,21.0,57.0,voiture,utilitaire_camion,1,1,1,1,2
202400030006,2024-01-20 02:10:00,2024,1,20,2,10,69,69275,Avenue Jean Jaurès,45.76818,4.93824,Nuit avec éclairage allumé,En agglomération,Hors intersection,Normale,Autre collision,7,2,4,0,1,1,1,0,3,50,1,2,0,0,0,2,17.0,,voiture,,5,2,1,1,6
202400030007,2024-07-24 21:00:00,2024,7,24,21,0,35,35120,Rue de Rennes,48.217727,-1.781248,Crépuscule ou aube,En agglomération,Hors intersection,Normale,Deux véhicules - côté,7,2,2,0,2,2,1,0,1,50,2,4,1,0,1,2,20.0,21.0,deux_roues,voiture,2,2,1,1,3