accident_id,datetime,annee,mois,jour,heure,minute,departement,commune_insee,adresse,latitude,longitude,luminosite,agglomeration,intersection,meteo,collision,catr,circ,nbv,vosp,prof,plan,surf,infra,situ,vma,nb_vehicules,nb_usagers,nb_indemnes,nb_tues,nb_blesses_hosp,nb_blesses_legers,age_cond_1,age_cond_2,veh_type_cond_1,veh_type_cond_2,lum_code,agg_code,int_code,atm_code,col_code
202400030008,2024-09-01 15:30:00,2024,9,1,15,30,54,54400,RD 70,48.848599,6.239253,Plein jour,Hors agglomération,Hors intersection,Normale,Sans collision,3,2,2,0,2,2,1,0,1,80,1,1,0,0,1,0,29.0,,deux_roues,,1,1,1,1,7
202400030009,2024-05-19 22:20:00,2024,5,19,22,20,971,97125,N5,16.300328,-61.293449,Nuit sans éclairage public,Hors agglomération,Hors intersection,Normale,Deux véhicules - frontale,2,2,2,0,1,2,1,0,1,80,2,2,0,2,0,0,24.0,20.0,deux_roues,deux_roues,3,1,1,1,1
202400030010,2024-01-20 05:50:00,2024,1,20,5,50,63,63113,MAYER (BD DANIEL),45.79339,3.09735,Nuit avec éclairage non allumé,En agglomération,Hors intersection,Autre,Autre collision,7,3,4,0,1,1,9,5,1,50,1,1,0,0,0,1,34.0,,voiture,,4,2,1,9,6
202400030011,2024-05-20 01:30:00,2024,5,20,1,30,971,97129,N2,16.317058,-61.684363,Nuit sans éclairage public,Hors agglomération,Hors intersection,Normale,Deux véhicules - frontale,2,2,2,0,4,3,2,0,1,70,2,2,0,0,2,0,21.0,55.0,voiture,voiture,3,1,1,1,1
202400030012,2024-07-22 16:23:00,2024,7,22,16,23,26,26177,Route de Clerieux,45.108613,4.948284,Plein jour,Hors agglomération,Intersection en X,Normale,Deux véhicules - côté,3,2,2,0,1,1,1,0,1,80,2,2,1,0,1,0,14.0,31.0,deux_roues,voiture,1,1,2,1,3
202400030012,2024-07-22 16:23:00,2024,7,22,16,23,26,26177,Route de Clerieux,45.108613,4.948284,Plein jour,Hors agglomération,Intersection en X,Normale,Deux véhicules - côté,3,2,1,0,1,1,1,0,1,80,2,2,1,0,1,0,14.0,31.0,deux_roues,voiture,1,1,2,1,3
202400030013,2024-01-20 04:40:00,2024,1,20,4,40,59,59009,8 MAI 1945 RUE DU A PARTIR DU N° 60,50.6434,3.1583,Nuit avec éclairage allumé,En agglomération,Hors intersection,Brouillard / fumée,Deux véhicules - frontale,7,3,0,0,1,1,1,0,1,50,2,2,1,0,0,1,47.0,22.0,voiture,voiture,5,2,1,5,1
202400030014,2024-08-30 20:20:00,2024,8,30,20,20,72,72087,D1,47.948589,0.753036,Crépuscule ou aube,Hors agglomération,Intersection en X,Normale,Deux véhicules - côté,3,2,2,0,1,1,1,0,1,90,2,3,0,0,1,2,62.0,30.0,voiture,utilitaire_camion,2,1,2,1,3
202400030014,2024-08-30 20:20:00,2024,8,30,20,20,72,72087,D1,47.948589,0.753036,Crépuscule ou aube,Hors agglomération,Intersection en X,Normale,Deux véhicules - côté,3,2,2,0,1,1,1,0,1,90,2,3,0,0,1,2,62.0,30.0,voiture,utilitaire_camion,2,1,2,1,3
202400030015,2024-05-19 18:10:00,2024,5,19,18,10,77,77196,N3,48.948548,2.751389,Plein jour,Hors agglomération,Hors intersection,Normale,Sans collision,2,3,0,0,1,1,1,0,1,110,1,1,0,0,0,1,29.0,,deux_roues,,1,1,1,1,7
202400030016,2024-01-09 18:25:00,2024,1,9,18,25,57,57606,MONTREAL (RUE DE),49.09708,6.72091,Nuit sans éclairage public,En agglomération,Hors intersection,Temps couvert,Autre collision,4,2,2,0,1,1,1,0,1,50,1,2,1,0,0,1,21.0,,voiture,,3,2,1,8,6
202400030017,2024-07-24 19:30:00,2024,7,24,19,30,40,40296,Avenue Charles de Gaulle,43.689435,-1.367213,Plein jour,En agglomération,Intersection en X,Normale,Deux véhicules - frontale,3,2,2,0,1,1,1,5,1,30,2,2,0,0,0,2,24.0,30.0,deux_roues,deux_roues,1,2,2,1,1
202400030017,2024-07-24 19:30:00,2024,7,24,19,30,40,40296,Avenue Charles de Gaulle,43.689435,-1.367213,Plein jour,En agglomération,Intersection en X,Normale,Deux véhicules - frontale,3,2, -1,-1,1,1,1,5,1,30,2,2,0,0,0,2,24.0,30.0,deux_roues,deux_roues,1,2,2,1,1
202400030018,2024-09-02 08:05:00,2024,9,2,8,5,14,14672,Route de Caumont,49.082594,-0.81272,Plein jour,Hors agglomération,Hors intersection,Normale,Deux véhicules - frontale,3,-1,2,0,1,1,1,0,1,70,2,2,0,0,1,1,53.0,47.0,voiture,utilitaire_camion,1,1,1,1,1
202400030019,2024-07-25 07:07:00,2024,7,25,7,7,972,97221,Départementale 7,14.501645,-60.980778,Plein jour,Hors agglomération,Hors intersection,Normale,Deux véhicules - frontale,3,3,1,0,1,1,1,0,1,80,2,2,1,0,1,0,25.0,54.0,voiture,voiture,1,1,1,1,1
202400030020,2024-01-20 18:05:00,2024,1,20,18,5,54,54323,Avenue Raymond Poincaré,49.52729,5.77845,Crépuscule ou aube,En agglomération,Intersection en T,Normale,Deux véhicules - côté,3,2,2,0,1,1,1,0,1,50,2,3,2,0,0,1,22.0,49.0,voiture,voiture,2,2,3,1,3
202400030020,2024-01-20 18:05:00,2024,1,20,18,5,54,54323,Avenue Raymond Poincaré,49.52729,5.77845,Crépuscule ou aube,En agglomération,Intersection en T,Normale,Deux véhicules - côté,3,2,2,0,1,1,1,0,1,50,2,3,2,0,0,1,22.0,49.0,voiture,voiture,2,2,3,1,3
202400030021,2024-05-19 21:00:00,2024,5,19,21,0,2B,2B335,T10,42.336445,9.535929,Nuit sans éclairage public,Hors agglomération,Autre intersection,Normale,Trois véhicules et plus - collisions multiples,2,2,2,0,1,1,1,0,1,80,3,7,4,0,0,3,57.0,26.0,voiture,voiture,3,1,9,1,5
202400030022,2024-09-01 15:45:00,2024,9,1,15,45,05,05149,Route d'Ancelle,44.637697,6.188414,Plein jour,Hors agglomération,Hors intersection,Pluie forte,Deux véhicules - frontale,3,2,2,0,2,3,2,0,1,80,2,4,3,0,0,1,50.0,43.0,voiture,voiture,1,1,1,3,1
202400030023,2024-01-20 11:35:00,2024,1,20,11,35,45,45147,33 Rue de Verdun,47.93424,1.91359,Plein jour,En agglomération,Hors intersection,Normale,Deux véhicules - côté,4,2,2,2,1,1,1,0,1,30,2,2,1,0,0,1,37.0,80.0,voiture,deux_roues,1,2,1,1,3
202400030024,2024-07-26 03:45:00,2024,7,26,3,45,64,64184,D32,43.408717,-0.511055,Nuit sans éclairage public,Hors agglomération,Autre intersection,Temps couvert,Autre collision,3,2,2,0,2,2,1,0,3,80,1,1,0,0,1,0,21.0,,voiture,,3,1,9,8,6
202400030025,2024-05-20 17:20:00,2024,5,20,17,20,83,83099,Dn7,43.459453,6.666765,Plein jour,Hors agglomération,Intersection en T,Normale,Deux véhicules - frontale,3,2,2,0,2,1,1,0,1,70,2,2,0,1,0,1,43.0,37.0,deux_roues,utilitaire_camion,1,1,3,1,1
202400030025,2024-05-20 17:20:00,2024,5,20,17,20,83,83099,Dn7,43.459453,6.666765,Plein jour,Hors agglomération,Intersection en T,Normale,Deux véhicules - frontale,3,2,2,0,1,1,1,2,8,50,2,2,0,1,0,1,43.0,37.0,deux_roues,utilitaire_camion,1,1,3,1,1
202400030026,2024-01-20 10:00:00,2024,1,20,10,0,44,44184,Route des Bassins,47.28593,-2.24591,Plein jour,En agglomération,Hors intersection,Temps éblouissant,Autre collision,4,2,2,0,1,1,1,0,1,50,1,2,1,0,0,1,49.0,,voiture,,1,2,1,7,6
202400030027,2024-05-20 03:45:00,2024,5,20,3,45,83,83066,Route de Rians,43.661624,5.852046,Nuit sans éclairage public,En agglomération,Hors intersection,Normale,Autre collision,3,2,2,0,2,3,1,0,3,50,1,1,0,0,0,1,33.0,,voiture,,3,2,1,1,6
202400030028,2024-08-31 14:00:00,2024,8,31,14,0,50,50613,Rue Doncanville,49.647662,-1.302435,Plein jour,En agglomération,Intersection en T,Normale,Sans collision,3,2,2,0,1,1,1,0,3,80,1,1,0,0,1,0,23.0,,deux_roues,,1,2,3,1,7
202400030028,2024-08-31 14:00:00,2024,8,31,14,0,50,50613,Rue Doncanville,49.647662,-1.302435,Plein jour,En agglomération,Intersection en T,Normale,Sans collision,3,2,2,0,1,1,1,5,1,80,1,1,0,0,1,0,23.0,,deux_roues,,1,2,3,1,7
202400030029,2024-07-10 13:15:00,2024,7,10,13,15,34,34247,CD127e8,43.669046,3.841135,Plein jour,Hors agglomération,Intersection à plus de 4 branches,Normale,Deux véhicules - côté,3,2,2,0,1,1,1,5,1,80,2,2,1,0,1,0,38.0,24.0,voiture,deux_roues,1,1,5,1,3
202400030029,2024-07-10 13:15:00,2024,7,10,13,15,34,34247,CD127e8,43.669046,3.841135,Plein jour,Hors agglomération,Intersection à plus de 4 branches,Normale,Deux véhicules - côté,3,2, -1,-1,1,1,1,0,1,-1,2,2,1,0,1,0,38.0,24.0,voiture,deux_roues,1,1,5,1,3
202400030030,2024-05-19 11:15:00,2024,5,19,11,15,13,13092,D10,43.542565,5.041765,Plein jour,En agglomération,Giratoire,Normale,Deux véhicules - côté,3,2,1,0,2,1,1,5,1,50,2,2,1,0,1,0,19.0,53.0,voiture,deux_roues,1,2,6,1,3
202400030031,2024-07-26 13:20:00,2024,7,26,13,20,83,83097,Route Départementale 6,43.467746,5.745335,Plein jour,Hors agglomération,Hors intersection,Normale,Deux véhicules - côté,3,2,2,0,1,3,1,0,1,80,2,3,2,1,0,0,23.0,58.0,utilitaire_camion,deux_roues,1,1,1,1,3
202400030032,2024-09-01 18:55:00,2024,9,1,18,55,73,73270,D1006,45.55560672,6.17320061,Crépuscule ou aube,Hors agglomération,Hors intersection,Pluie forte,Deux véhicules - frontale,3,2,2,0,1,1,2,0,1,80,2,3,0,0,2,1,64.0,82.0,utilitaire_camion,voiture,2,1,1,3,1
202400030033,2024-05-18 22:05:00,2024,5,18,22,5,13,13030,D8n,43.269159,5.71818,Nuit sans éclairage public,Hors agglomération,Hors intersection,Normale,Deux véhicules - frontale,3,2,2,0,2,4,1,0,1,80,2,3,1,0,1,1,55.0,53.0,deux_roues,voiture,3,1,1,1,1
202400030034,2024-07-26 14:40:00,2024,7,26,14,40,51,51030,Quai Sud du Canal,49.044781,4.085653,Plein jour,En agglomération,Hors intersection,Normale,Sans collision,9,2,2,0,1,1,1,0,3,50,1,1,0,0,1,0,45.0,,deux_roues,,1,2,1,1,7
202400030035,2024-07-21 01:55:00,2024,7,21,1,55,56,56036,Lieu-Dit Kerblaye,47.824191,-3.386042,Nuit sans éclairage public,Hors agglomération,Hors intersection,Pluie légère,Autre collision,4,2,2,0,2,3,2,0,3,80,1,1,0,0,0,1,31.0,,voiture,,3,1,1,2,6
202400030036,2024-09-02 15:15:00,2024,9,2,15,15,53,53029,Le Patis Bierné,47.798833,-0.548843,Plein jour,Hors agglomération,Hors intersection,Temps couvert,Deux véhicules - frontale,4,2,2,0,1,2,2,0,8,80,2,2,1,0,1,0,66.0,23.0,deux_roues,utilitaire_camion,1,1,1,8,1
202400030037,2024-05-19 14:50:00,2024,5,19,14,50,13,13094,route departementale 99,43.786893,4.747257,Plein jour,En agglomération,Intersection en Y,Normale,Deux véhicules - côté,3,2,2,0,1,1,1,5,1,70,2,5,2,0,1,2,81.0,59.0,voiture,voiture,1,2,4,1,3
202400030037,2024-05-19 14:50:00,2024,5,19,14,50,13,13094,route departementale 99,43.786893,4.747257,Plein jour,En agglomération,Intersection en Y,Normale,Deux véhicules - côté,3,2,2,0,1,1,1,5,1,80,2,5,2,0,1,2,81.0,59.0,voiture,voiture,1,2,4,1,3
202400030038,2024-07-25 10:45:00,2024,7,25,10,45,65,65291,Route de Berbérust,43.06326,-0.036725,Plein jour,Hors agglomération,Hors intersection,Normale,Sans collision,3,2,1,0,2,2,9,0,1,80,1,1,0,0,1,0,50.0,,deux_roues,,1,1,1,1,7
202400030039,2024-05-19 21:39:00,2024,5,19,21,39,71,71086,Route de Tourny,46.4080044,4.25285236,Nuit sans éclairage public,Hors agglomération,Hors intersection,Normale,Deux véhicules - frontale,3,2,2,0,2,3,1,0,1,80,2,4,0,1,3,0,25.0,61.0,voiture,voiture,3,1,1,1,1
202400030040,2024-09-02 09:30:00,2024,9,2,9,30,53,53136,L'Andeucherie (Chemin),47.890586,-0.707626,Plein jour,Hors agglomération,Hors intersection,Normale,Deux véhicules - frontale,4,2,2,0,1,4,1,0,1,80,2,2,1,0,1,0,48.0,63.0,deux_roues,utilitaire_camion,1,1,1,1,1
202400030041,2024-07-25 17:40:00,2024,7,25,17,40,32,32132,D654 - PK30+005,43.84793,0.682547,Plein jour,Hors agglomération,Hors intersection,Normale,Deux véhicules - frontale,3,2,2,0,2,3,1,0,1,90,2,2,0,0,1,1,22.0,60.0,voiture,voiture,1,1,1,1,1
202400030042,2024-07-25 23:24:00,2024,7,25,23,24,55,55551,70 Rue Raymond Poincaré,48.978629,5.715431,Nuit avec éclairage allumé,Hors agglomération,Giratoire,Normale,Sans collision,3,4,1,0,1,2,1,0,8,90,1,1,0,1,0,0,44.0,,voiture,,5,1,6,1,7
202400030043,2024-05-20 05:20:00,2024,5,20,5,20,08,08110,A304,49.815057,4.517475,Nuit sans éclairage public,Hors agglomération,Hors intersection,Brouillard / fumée,Deux véhicules - arrière,1,3,4,0,1,1,1,0,1,130,2,7,3,0,4,0,28.0,70.0,voiture,utilitaire_camion,3,1,1,5,2
202400030044,2024-08-29 09:45:00,2024,8,29,9,45,85,85090,RD755,46.85027,-0.931539,Plein jour,Hors agglomération,Intersection en X,Normale,Deux véhicules - arrière,3,2,2,0,1,1,1,5,1,-1,2,4,3,0,0,1,24.0,52.0,deux_roues,voiture,1,1,2,1,2
202400030044,2024-08-29 09:45:00,2024,8,29,9,45,85,85090,RD755,46.85027,-0.931539,Plein jour,Hors agglomération,Intersection en X,Normale,Deux véhicules - arrière,3,2,3,0,2,1,1,5,1,70,2,4,3,0,0,1,24.0,52.0,deux_roues,voiture,1,1,2,1,2
202400030045,2024-07-26 09:00:00,2024,7,26,9,0,42,42019,66 Rue de Clermont,45.746021,4.003381,Plein jour,En agglomération,Intersection en X,Temps éblouissant,Autre collision,3,2,2,0,1,1,1,0,1,50,1,2,1,0,0,1,44.0,,voiture,,1,2,2,7,6
202400030045,2024-07-26 09:00:00,2024,7,26,9,0,42,42019,66 Rue de Clermont,45.746021,4.003381,Plein jour,En agglomération,Intersection en X,Temps éblouissant,Autre collision,3,1,1,-1,2,1,1,0,1,-1,1,2,1,0,0,1,44.0,,voiture,,1,2,2,7,6
202400030046,2024-05-20 15:15:00,2024,5,20,15,15,88,88064,Bois-de-Champ,48.260227,6.79719,Plein jour,Hors agglomération,Intersection en T,Pluie légère,Deux véhicules - côté,3,2,2,0,1,1,2,0,1,80,2,2,0,0,0,2,59.0,54.0,deux_roues,deux_roues,1,1,3,2,3
202400030046,2024-05-20 15:15:00,2024,5,20,15,15,88,88064,Bois-de-Champ,48.260227,6.79719,Plein jour,Hors agglomération,Intersection en T,Pluie légère,Deux véhicules - côté,3,2, -1,-1,1,1,2,5,1,-1,2,2,0,0,0,2,59.0,54.0,deux_roues,deux_roues,1,1,3,2,3
202400030047,2024-07-25 13:30:00,2024,7,25,13,30,47,47138,Estradet,44.280727,0.782261,Plein jour,Hors agglomération,Intersection en T,Normale,Deux véhicules - côté,3,2,2,0,1,1,1,0,1,80,2,2,1,0,1,0,78.0,57.0,voiture,deux_roues,1,1,3,1,3
202400030047,2024-07-25 13:30:00,2024,7,25,13,30,47,47138,Estradet,44.280727,0.782261,Plein jour,Hors agglomération,Intersection en T,Normale,Deux véhicules - côté,3,2,2,0,1,1,1,0,1,80,2,2,1,0,1,0,78.0,57.0,voiture,deux_roues,1,1,3,1,3
202400030048,2024-09-01 20:50:00,2024,9,1,20,50,27,27246,Rue Augustin Leonard,49.365387,1.364568,Crépuscule ou aube,En agglomération,Intersection en T,Normale,Autre collision,4,2,2,0,1,1,1,0,3,50,1,3,1,0,0,2,32.0,,voiture,,2,2,3,1,6
202400030048,2024-09-01 20:50:00,2024,9,1,20,50,27,27246,Rue Augustin Leonard,49.365387,1.364568,Crépuscule ou aube,En agglomération,Intersection en T,Normale,Autre collision,4,2,2,-1,1,1,1,0,1,50,1,3,1,0,0,2,32.0,,voiture,,2,2,3,1,6
202400030049,2024-07-21 10:30:00,2024,7,21,10,30,34,34150,N 112,43.328022,3.556212,Plein jour,Hors agglomération,Hors intersection,Pluie légère,Deux véhicules - frontale,4,2,2,0,1,2,2,0,3,70,2,6,0,0,2,4,56.0,38.0,voiture,voiture,1,1,1,2,1
202400030050,2024-05-20 17:40:00,2024,5,20,17,40,26,26220,Allée des Troubadours,44.358999,5.124586,Plein jour,En agglomération,Intersection en X,Normale,Deux véhicules - côté,4,2,2,0,1,1,1,0,1,30,2,2,1,0,0,1,42.0,10.0,voiture,deux_roues,1,2,2,1,3
202400030051,2024-09-01 04:35:00,2024,9,1,4,35,87,87061,N145,46.179897,1.163049,Nuit sans éclairage public,Hors agglomération,Intersection en X,Normale,Deux véhicules - frontale,2,2,2,0,1,1,1,5,1,80,2,5,3,0,1,1,32.0,39.0,voiture,utilitaire_camion,3,1,2,1,1
202400030051,2024-09-01 04:35:00,2024,9,1,4,35,87,87061,N145,46.179897,1.163049,Nuit sans éclairage public,Hors agglomération,Intersection en X,Normale,Deux véhicules - frontale,2,2, -1,-1,1,1,1,5,1,80,2,5,3,0,1,1,32.0,39.0,voiture,utilitaire_camion,3,1,2,1,1
202400030052,2024-05-12 20:50:00,2024,5,12,20,50,01,01297,Rue du Mas Peguet,45.890105,5.093799,Crépuscule ou aube,En agglomération,Hors intersection,Normale,Autre collision,4,2,2,0,1,1,1,0,1,50,1,1,0,0,0,1,22.0,,deux_roues,,2,2,1,1,6
202400030053,2024-07-25 16:40:00,2024,7,25,16,40,44,44123,,47.693274,-1.785155,Plein jour,Hors agglomération,Intersection en X,Normale,Deux véhicules - côté,3,2,2,0,1,1,1,5,1,80,2,3,1,0,0,2,73.0,23.0,voiture,voiture,1,1,2,1,3
202400030053,2024-07-25 16:40:00,2024,7,25,16,40,44,44123,,47.693274,-1.785155,Plein jour,Hors agglomération,Intersection en X,Normale,Deux véhicules - côté,3,2,2,0,2,2,1,5,1,80,2,3,1,0,0,2,73.0,23.0,voiture,voiture,1,1,2,1,3
202400030054,2024-05-02 08:55:00,2024,5,2,8,55,81,81076,Route du Couchant,43.572721,1.871096,Plein jour,Hors agglomération,Hors intersection,Pluie légère,Deux véhicules - côté,2,2,2,0,1,1,2,0,1,80,2,2,1,0,1,0,49.0,43.0,voiture,voiture,1,1,1,2,3
202400030055,2024-09-02 07:10:00,2024,9,2,7,10,13,13044,D69,43.62791,5.057654,Plein jour,Hors agglomération,Intersection en T,Temps éblouissant,Deux véhicules - côté,3,3,0,0,2,1,1,5,1,-1,2,2,1,1,0,0,78.0,80.0,deux_roues,voiture,1,1,3,7,3
202400030055,2024-09-02 07:10:00,2024,9,2,7,10,13,13044,D69,43.62791,5.057654,Plein jour,Hors agglomération,Intersection en T,Temps éblouissant,Deux véhicules - côté,3,1, -1,-1,1,1,1,5,1,-1,2,2,1,1,0,0,78.0,80.0,deux_roues,voiture,1,1,3,7,3
202400030056,2024-07-25 18:30:00,2024,7,25,18,30,38,38503,RD 1090,45.326763,5.936718,Plein jour,Hors agglomération,Intersection en X,Normale,Deux véhicules - côté,3,2,2,0,1,1,1,0,5,80,2,2,1,0,0,1,68.0,80.0,deux_roues,utilitaire_camion,1,1,2,1,3
202400030056,2024-07-25 18:30:00,2024,7,25,18,30,38,38503,RD 1090,45.326763,5.936718,Plein jour,Hors agglomération,Intersection en X,Normale,Deux véhicules - côté,3,2,2,0,1,1,1,0,1,50,2,2,1,0,0,1,68.0,80.0,deux_roues,utilitaire_camion,1,1,2,1,3
202400030057,2024-07-25 07:40:00,2024,7,25,7,40,03,03297,D2144,46.547173,2.618694,Plein jour,Hors agglomération,Hors intersection,Normale,Autre collision,3,2,2,0,1,3,1,0,3,80,1,1,0,0,0,1,17.0,,deux_roues,,1,1,1,1,6
202400030058,2024-05-19 18:30:00,2024,5,19,18,30,50,50041,D22,49.639667,-1.769512,Plein jour,Hors agglomération,Intersection en X,Normale,Deux véhicules - côté,3,2,2,0,1,1,1,0,1,50,2,4,0,0,1,3,56.0,20.0,utilitaire_camion,voiture,1,1,2,1,3
202400030058,2024-05-19 18:30:00,2024,5,19,18,30,50,50041,D22,49.639667,-1.769512,Plein jour,Hors agglomération,Intersection en X,Normale,Deux véhicules - côté,3,2,2,0,2,1,1,0,1,70,2,4,0,0,1,3,56.0,20.0,utilitaire_camion,voiture,1,1,2,1,3
202400030059,2024-07-26 10:50:00,2024,7,26,10,50,15,15124,RD 3,45.30085634,2.61004472,Plein jour,Hors agglomération,Hors intersection,Normale,Sans collision,3,2,2,0,2,1,1,0,8,80,1,1,0,0,1,0,55.0,,utilitaire_camion,,1,1,1,1,7
202400030060,2024-09-01 19:30:00,2024,9,1,19,30,987,98715,Face à HAPPY MARKET à AUAE,-17.547415,-149.593528,Nuit avec éclairage allumé,En agglomération,Intersection en T,Normale,Sans collision,2,2,2,0,1,1,1,0,1,50,3,5,4,0,0,1,38.0,19.0,voiture,deux_roues,5,2,3,1,7
202400030060,2024-09-01 19:30:00,2024,9,1,19,30,987,98715,Face à HAPPY MARKET à AUAE,-17.547415,-149.593528,Nuit avec éclairage allumé,En agglomération,Intersection en T,Normale,Sans collision,2,2,2,0,1,1,1,0,8,-1,3,5,4,0,0,1,38.0,19.0,voiture,deux_roues,5,2,3,1,7
202400030061,2024-07-24 10:20:00,2024,7,24,10,20,26,26115,D538,44.706036,5.006043,Plein jour,Hors agglomération,Hors intersection,Normale,Deux véhicules - frontale,3,2,2,0,1,1,1,0,1,80,2,2,0,0,0,2,43.0,69.0,voiture,voiture,1,1,1,1,1
202400030062,2024-05-20 07:00:00,2024,5,20,7,0,80,80002,A1,49.847738,2.831597,Plein jour,Hors agglomération,Hors intersection,Normale,Sans collision,1,3,3,0,1,1,1,0,2,130,1,2,1,0,0,1,22.0,,voiture,,1,1,1,1,7
202400030063,2024-07-26 15:30:00,2024,7,26,15,30,58,58145,D944,47.271542,3.821526,Plein jour,Hors agglomération,Autre intersection,Normale,Sans collision,3,2,2,0,1,2,1,0,1,80,1,1,0,0,0,1,25.0,,deux_roues,,1,1,9,1,7
202400030064,2024-08-31 13:10:00,2024,8,31,13,10,51,51572,Autoroute A4  - PK 192 + 000,49.037172,4.623383,Plein jour,Hors agglomération,Autre intersection,Normale,Sans collision,1,3,2,0,1,1,1,0,3,130,1,2,0,0,2,0,85.0,,voiture,,1,1,9,1,7
202400030065,2024-05-15 21:25:00,2024,5,15,21,25,13,13015,A51-Sens Marseille vers Aix en Provence,43.46899,5.40748,Nuit sans éclairage public,Hors agglomération,Hors intersection,Normale,Deux véhicules - frontale,1,-1,2,0,1,1,1,0,1,90,1,1,0,0,0,1,37.0,,deux_roues,,3,1,1,1,1
202400030066,2024-07-23 00:15:00,2024,7,23,0,15,14,14460,Route d'Ouilly,49.181114,0.350296,Nuit sans éclairage public,Hors agglomération,Hors intersection,Pluie légère,Autre collision,3,2,2,0,1,1,2,0,3,70,1,1,0,0,0,1,23.0,,deux_roues,,3,1,1,2,6
202400030067,2024-04-08 22:18:00,2024,4,8,22,18,13,13001,A51-Sens Marseille vers Aix en Provence,43.51094727,5.41885566,Nuit sans éclairage public,Hors agglomération,Hors intersection,Normale,Sans collision,1,-1,4,0,1,1,1,0,1,90,1,1,0,0,0,1,46.0,,voiture,,3,1,1,1,7
202400030068,2024-08-31 14:45:00,2024,8,31,14,45,988,98821,Katiramona (Rivière),-22.13785,166.40903,Plein jour,Hors agglomération,Hors intersection,Normale,Autre collision,2,2,2,0,3,3,1,0,8,90,1,1,0,0,1,0,46.0,,voiture,,1,1,1,1,6
202400030069,2024-07-25 09:30:00,2024,7,25,9,30,14,14020,le Fresne,49.143329,-0.163607,Plein jour,Hors agglomération,Hors intersection,Normale,Deux véhicules - arrière,3,2,2,0,1,1,1,0,1,80,2,2,1,0,1,0,67.0,82.0,voiture,deux_roues,1,1,1,1,2
202400030070,2024-05-19 17:10:00,2024,5,19,17,10,13,13215,A7-Sens Lyon vers Marseille,43.366,5.361,Plein jour,Hors agglomération,Hors intersection,Normale,Deux véhicules - arrière,1,1,3,0,1,1,1,0,1,90,2,2,1,0,0,1,41.0,19.0,voiture,voiture,1,1,1,1,2
202400030071,2024-07-18 18:25:00,2024,7,18,18,25,45,45269,67ter Route de Blois,47.850236,1.735134,Plein jour,Hors agglomération,Hors intersection,Normale,Autre collision,3,2,2,0,1,1,1,0,1,70,1,1,0,0,1,0,58.0,,voiture,,1,1,1,1,6
202400030072,2024-09-02 14:50:00,2024,9,2,14,50,77,77176,RD402 PK043+000,48.754208,3.013762,Plein jour,Hors agglomération,Hors intersection,Normale,Deux véhicules - frontale,3,2,2,0,1,1,1,0,1,80,2,3,0,0,3,0,23.0,38.0,voiture,voiture,1,1,1,1,1
202400030073,2024-05-18 19:25:00,2024,5,18,19,25,83,83047,A570,43.12624514,6.08255384,Plein jour,Hors agglomération,Hors intersection,Normale,Deux véhicules - arrière,1,3,4,0,1,1,1,0,2,110,2,3,2,0,1,0,24.0,34.0,deux_roues,utilitaire_camion,1,1,1,1,2
202400030074,2024-07-23 00:30:00,2024,7,23,0,30,73,73122,D40 Route de praz long,45.60369527,5.75083618,Nuit sans éclairage public,Hors agglomération,Intersection en T,Normale,Autre collision,3,2,2,0,2,3,1,0,1,80,1,1,0,0,0,1,37.0,,utilitaire_camion,,3,1,3,1,6
202400030074,2024-07-23 00:30:00,2024,7,23,0,30,73,73122,D40 Route de praz long,45.60369527,5.75083618,Nuit sans éclairage public,Hors agglomération,Intersection en T,Normale,Autre collision,3,2,2,0,2,1,1,0,1,-1,1,1,0,0,0,1,37.0,,utilitaire_camion,,3,1,3,1,6
202400030075,2024-02-25 19:15:00,2024,2,25,19,15,66,66114,El Pa de Sucre,42.607851,2.923731,Nuit sans éclairage public,Hors agglomération,Hors intersection,Normale,Autre collision,4,2,2,0,4,2,1,5,3,70,1,3,1,0,1,1,34.0,,voiture,,3,1,1,1,6
202400030076,2024-07-26 10:34:00,2024,7,26,10,34,40,40046,route de la plage,44.440716,-1.240524,Plein jour,En agglomération,Hors intersection,Normale,Trois véhicules et plus - collisions multiples,3,3,2,1,1,1,1,9,1,50,3,3,2,0,1,0,53.0,74.0,voiture,deux_roues,1,2,1,1,5
202400030077,2024-05-18 14:35:00,2024,5,18,14,35,987,98735,MISSION (QUARTIER),-17.540812,-149.559074,Plein jour,En agglomération,Autre intersection,Normale,Sans collision,4,2,2,0,2,4,1,0,3,30,1,1,0,0,0,1,15.0,,autre,,1,2,9,1,7
202400030078,2024-07-25 21:03:00,2024,7,25,21,3,04,04138,route departementale 4100,43.932772,5.859146,Nuit sans éclairage public,Hors agglomération,Hors intersection,Normale,Autre collision,3,2,2,0,2,4,1,0,8,90,1,1,0,0,1,0,67.0,,voiture,,3,1,1,1,6
202400030079,2024-09-02 10:50:00,2024,9,2,10,50,13,13052,"CD5, route de saint rémy",43.824837,4.795661,Plein jour,Hors agglomération,Hors intersection,Normale,Deux véhicules - frontale,3,2,2,2,1,1,1,0,1,80,2,2,1,1,0,0,21.0,46.0,utilitaire_camion,deux_roues,1,1,1,1,1