accident_id,datetime,annee,mois,jour,heure,minute,departement,commune_insee,adresse,latitude,longitude,luminosite,agglomeration,intersection,meteo,collision,catr,circ,nbv,vosp,prof,plan,surf,infra,situ,vma,nb_vehicules,nb_usagers,nb_indemnes,nb_tues,nb_blesses_hosp,nb_blesses_legers,age_cond_1,age_cond_2,veh_type_cond_1,veh_type_cond_2,lum_code,agg_code,int_code,atm_code,col_code
202400030156,2024-07-25 17:40:00,2024,7,25,17,40,33,33167,,44.845792,-0.502461,Plein jour,Hors agglomération,Hors intersection,Normale,Deux véhicules - arrière,2,3,4,0,1,3,1,3,1,50,2,5,4,0,0,1,25.0,73.0,voiture,voiture,1,1,1,1,2
202400030157,2024-07-24 22:15:00,2024,7,24,22,15,33,33063,,44.884883,-0.560108,Crépuscule ou aube,Hors agglomération,Autre intersection,Normale,Sans collision,1,1,1,0,1,3,1,3,1,50,1,1,0,0,0,1,29.0,,deux_roues,,2,1,9,1,7
202400030158,2024-09-01 11:14:00,2024,9,1,11,14,77,77083,A4.W,48.832272,2.59931,Plein jour,Hors agglomération,Hors intersection,Normale,Trois véhicules et plus - en chaîne,1,-1,3,0,1,1,1,0,1,90,3,4,3,0,0,1,32.0,64.0,voiture,voiture,1,1,1,1,4
202400030159,2024-05-18 17:20:00,2024,5,18,17,20,49,49007,PORTET BOULEVARD,47.45013,-0.55888,Plein jour,En agglomération,Giratoire,Normale,Autre collision,4,2,2,2,1,1,1,0,1,50,1,2,1,0,0,1,40.0,,voiture,,1,2,6,1,6
202400030159,2024-05-18 17:20:00,2024,5,18,17,20,49,49007,PORTET BOULEVARD,47.45013,-0.55888,Plein jour,En agglomération,Giratoire,Normale,Autre collision,4,3,4,0,1,1,1,0,1,50,1,2,1,0,0,1,40.0,,voiture,,1,2,6,1,6
202400030160,2024-07-25 14:30:00,2024,7,25,14,30,91,91661,AUTOROUTE A10,48.68942,2.21983,Plein jour,Hors agglomération,Hors intersection,Normale,Deux véhicules - côté,1,3,2,0,2,2,1,0,1,110,2,2,1,0,0,1,59.0,60.0,utilitaire_camion,voiture,1,1,1,1,3
202400030161,2024-09-01 02:24:00,2024,9,1,2,24,77,77294,A104,48.974765,2.578859,Nuit sans éclairage public,Hors agglomération,Hors intersection,Normale,Deux véhicules - côté,1,1,2,0,2,2,1,3,1,70,2,4,2,0,0,2,30.0,43.0,voiture,voiture,3,1,1,1,3
202400030162,2024-07-25 12:45:00,2024,7,25,12,45,91,91161,AUTOROUTE A6,48.71489,2.30886,Plein jour,Hors agglomération,Hors intersection,Normale,Deux véhicules - arrière,1,3,3,0,1,1,1,0,1,110,2,4,0,0,0,4,25.0,30.0,utilitaire_camion,utilitaire_camion,1,1,1,1,2
202400030163,2024-05-17 16:58:00,2024,5,17,16,58,47,47001,LECLERC (AV. DU GENERAL),44.19263,0.61489,Plein jour,En agglomération,Hors intersection,Normale,Trois véhicules et plus - collisions multiples,4,2,2,0,1,1,1,0,1,50,3,4,3,0,0,1,21.0,72.0,deux_roues,voiture,1,2,1,1,5
202400030164,2024-08-30 16:20:00,2024,8,30,16,20,77,77121,A4,48.832176,2.669244,Plein jour,Hors agglomération,Hors intersection,Normale,Trois véhicules et plus - en chaîne,1,-1,3,0,1,1,1,0,1,110,3,6,2,0,0,4,34.0,36.0,voiture,voiture,1,1,1,1,4
202400030165,2024-07-25 03:30:00,2024,7,25,3,30,91,91228,AUTOROUTE A6,48.62765,2.41389,Nuit sans éclairage public,Hors agglomération,Hors intersection,Normale,Deux véhicules - arrière,1,3,3,0,1,1,1,0,1,110,2,6,5,0,0,1,55.0,37.0,voiture,voiture,3,1,1,1,2
202400030166,2024-07-24 23:05:00,2024,7,24,23,5,91,91174,RN 104,48.61396,2.45223,Nuit sans éclairage public,Hors agglomération,Hors intersection,Normale,Deux véhicules - arrière,2,3,2,0,1,1,1,0,1,90,2,3,1,0,0,2,20.0,20.0,voiture,utilitaire_camion,3,1,1,1,2
202400030167,2024-08-30 03:45:00,2024,8,30,3,45,77,77384,A105,48.620598,2.630249,Nuit sans éclairage public,Hors agglomération,Hors intersection,Normale,Autre collision,1,3,4,0,1,1,2,0,1,110,4,4,3,0,0,1,43.0,41.0,utilitaire_camion,voiture,3,1,1,1,6
202400030168,2024-05-19 00:05:00,2024,5,19,0,5,44,44109,9 Route de Carquefou,47.25983,-1.51844,Nuit avec éclairage allumé,En agglomération,Hors intersection,Normale,Deux véhicules - côté,4,2,2,2,1,1,1,0,1,30,2,2,1,0,1,0,32.0,31.0,deux_roues,voiture,5,2,1,1,3
202400030169,2024-07-25 21:05:00,2024,7,25,21,5,95,95582,D170,48.96704119,2.27372777,Crépuscule ou aube,Hors agglomération,Hors intersection,Normale,Sans collision,3,3,0,0,1,1,1,2,1,90,1,1,0,0,1,0,45.0,,deux_roues,,2,1,1,1,7
202400030170,2024-04-08 15:15:00,2024,4,8,15,15,62,62765,Place du Maréchal Foch,50.74990281,2.25269151,Plein jour,En agglomération,Hors intersection,Normale,Autre collision,4,1,1,0,1,1,1,0,1,50,1,2,1,0,0,1,46.0,,utilitaire_camion,,1,2,1,1,6
202400030171,2024-05-18 15:40:00,2024,5,18,15,40,41,41018,SAUSSAYE (QUAI DE LA),47.58549,1.33525,Plein jour,En agglomération,Hors intersection,Pluie légère,Autre collision,4,2,2,0,1,1,2,6,1,30,1,2,1,0,0,1,25.0,,voiture,,1,2,1,2,6
202400030172,2024-05-10 07:55:00,2024,5,10,7,55,52,52235,SAINT DIZIER (ROUTE DE),48.64938,4.90629,Plein jour,Hors agglomération,Hors intersection,Normale,Deux véhicules - frontale,3,2,2,0,1,2,1,0,1,80,2,2,0,1,0,1,22.0,24.0,voiture,utilitaire_camion,1,1,1,1,1
202400030173,2024-07-25 17:15:00,2024,7,25,17,15,93,93066,AUTOROUTE A1,48.9297471,2.36364986,Crépuscule ou aube,Hors agglomération,Hors intersection,Normale,Trois véhicules et plus - en chaîne,1,3,3,0,1,1,1,0,1,90,3,5,2,0,0,3,47.0,20.0,voiture,voiture,2,1,1,1,4
202400030174,2024-05-18 07:50:00,2024,5,18,7,50,37,37261,MARECHAL JUIN (BD),47.40601221,0.7030566,Plein jour,En agglomération,Hors intersection,Normale,Deux véhicules - arrière,4,2,4,0,2,2,1,0,1,50,2,2,1,0,0,1,19.0,26.0,deux_roues,utilitaire_camion,1,2,1,1,2
202400030175,2024-08-30 16:20:00,2024,8,30,16,20,92,92025,E.VAILLANT 114   89 A 93 (RUE),48.91513003,2.23325175,Plein jour,En agglomération,Intersection en X,Pluie légère,Deux véhicules - côté,4,1,1,0,1,1,2,0,1,30,2,2,1,0,0,1,28.0,39.0,voiture,voiture,1,2,2,2,3
202400030175,2024-08-30 16:20:00,2024,8,30,16,20,92,92025,E.VAILLANT 114   89 A 93 (RUE),48.91513003,2.23325175,Plein jour,En agglomération,Intersection en X,Pluie légère,Deux véhicules - côté,4,2,1,0,1,1,2,0,1,30,2,2,1,0,0,1,28.0,39.0,voiture,voiture,1,2,2,2,3
202400030176,2024-07-24 15:35:00,2024,7,24,15,35,93,93006,AUTOROUTE A3,48.8667928,2.42555663,Plein jour,Hors agglomération,Hors intersection,Normale,Deux véhicules - arrière,1,3,4,0,1,1,1,0,1,90,2,2,1,0,0,1,25.0,45.0,deux_roues,voiture,1,1,1,1,2
202400030177,2024-05-17 17:20:00,2024,5,17,17,20,37,37214,MAISONS BLANCHES (QUAI DES),47.39385363,0.64892292,Plein jour,En agglomération,Hors intersection,Pluie forte,Autre collision,4,2,4,0,1,1,2,9,1,50,2,4,0,0,0,4,42.0,43.0,voiture,voiture,1,2,1,3,6
202400030178,2024-04-23 15:30:00,2024,4,23,15,30,74,74013,D133 ROUTE DE MARGENCEL,46.347673,6.441656,Plein jour,En agglomération,Giratoire,Normale,Sans collision,3,2,2,0,1,2,1,5,3,50,1,1,0,0,1,0,79.0,,voiture,,1,2,6,1,7
202400030178,2024-04-23 15:30:00,2024,4,23,15,30,74,74013,D133 ROUTE DE MARGENCEL,46.347673,6.441656,Plein jour,En agglomération,Giratoire,Normale,Sans collision,3,2,2,3,1,2,1,5,1,50,1,1,0,0,1,0,79.0,,voiture,,1,2,6,1,7
202400030179,2024-07-25 17:30:00,2024,7,25,17,30,94,94046,A86,48.81292733,2.44895577,Plein jour,Hors agglomération,Hors intersection,Normale,Deux véhicules - arrière,1,3,4,0,1,1,1,0,1,90,2,3,2,0,0,1,27.0,31.0,deux_roues,voiture,1,1,1,1,2
202400030180,2024-05-18 21:17:00,2024,5,18,21,17,31,31555,RTE DE LAUNAGUET,43.62727,1.43724,Crépuscule ou aube,En agglomération,Hors intersection,Normale,Deux véhicules - côté,7,2,2,2,1,1,1,0,1,30,2,2,1,0,0,1,29.0,27.0,voiture,deux_roues,2,2,1,1,3
202400030181,2024-07-24 18:00:00,2024,7,24,18,0,94,94028,A86,48.77623444,2.43292233,Plein jour,Hors agglomération,Hors intersection,Normale,Sans collision,1,-1,2,0,1,1,1,0,1,90,1,2,0,0,0,2,44.0,,deux_roues,,1,1,1,1,7
202400030182,2024-08-31 21:15:00,2024,8,31,21,15,974,97407,MARINS PECHEURS(RUE),-20.94897,55.28733,Nuit avec éclairage allumé,En agglomération,Hors intersection,Normale,Deux véhicules - côté,4,2,2,0,1,1,1,0,1,50,2,2,1,0,0,1,34.0,64.0,deux_roues,voiture,5,2,1,1,3
202400030183,2024-05-18 01:00:00,2024,5,18,1,0,31,31555,VA007331 A620,43.60450012,1.39953375,Nuit avec éclairage allumé,Hors agglomération,Hors intersection,Pluie légère,Sans collision,1,1,2,3,1,3,2,0,1,50,1,1,0,0,1,0,36.0,,deux_roues,,5,1,1,2,7
202400030184,2024-07-17 09:20:00,2024,7,17,9,20,44,44109,Pont Haudaudine,47.20929381,-1.55561638,Plein jour,En agglomération,Intersection en X,Temps couvert,Deux véhicules - côté,4,2,2,2,2,1,1,-1,1,30,2,2,1,0,0,1,47.0,29.0,voiture,deux_roues,1,2,2,8,3
202400030184,2024-07-17 09:20:00,2024,7,17,9,20,44,44109,Pont Haudaudine,47.20929381,-1.55561638,Plein jour,En agglomération,Intersection en X,Temps couvert,Deux véhicules - côté,4,3,2,2,2,1,1,2,1,50,2,2,1,0,0,1,47.0,29.0,voiture,deux_roues,1,2,2,8,3
202400030185,2024-08-31 13:00:00,2024,8,31,13,0,972,97209,BALATA (ROUTE DE),14.61642,-61.07185,Plein jour,En agglomération,Hors intersection,Normale,Autre collision,4,1,1,0,1,3,1,2,1,50,1,2,1,0,0,1,,,voiture,,1,2,1,1,6
202400030186,2024-07-16 13:00:00,2024,7,16,13,0,44,44143,Route de Pornic,47.19191222,-1.5752046,Plein jour,En agglomération,Hors intersection,Temps couvert,Trois véhicules et plus - en chaîne,4,3,4,0,1,2,1,0,1,70,3,3,1,0,0,2,45.0,43.0,voiture,voiture,1,2,1,8,4
202400030187,2024-05-18 00:50:00,2024,5,18,0,50,31,31555,20 LESPINET  (PERIPH OUEST A620),43.56449232,1.48575068,Nuit sans éclairage public,En agglomération,Hors intersection,Pluie légère,Trois véhicules et plus - en chaîne,1,1,4,0,1,1,2,0,1,90,3,6,5,0,0,1,49.0,37.0,voiture,voiture,3,2,1,2,4
202400030188,2024-08-31 09:00:00,2024,8,31,9,0,972,97209,SOLEIL LEVANT (BOULEVARD DU),14.62327,-61.03894,Plein jour,En agglomération,Hors intersection,Normale,Trois véhicules et plus - en chaîne,3,2,2,0,2,1,1,0,8,50,3,3,2,0,0,1,33.0,48.0,voiture,voiture,1,2,1,1,4
202400030189,2024-07-12 22:20:00,2024,7,12,22,20,44,44109,Cr John Kennedy,47.21465313,-1.54914864,Nuit avec éclairage allumé,En agglomération,Hors intersection,Temps couvert,Sans collision,4,2,2,1,1,1,1,-1,1,-1,1,1,0,0,0,1,40.0,,deux_roues,,5,2,1,8,7
202400030190,2024-07-24 18:10:00,2024,7,24,18,10,974,97411,PITEL (RUE),-20.891876,55.477373,Nuit avec éclairage allumé,En agglomération,Hors intersection,Normale,Autre collision,4,2,1,0,2,1,1,0,1,50,1,2,1,0,1,0,65.0,,voiture,,5,2,1,1,6
202400030191,2024-08-31 16:45:00,2024,8,31,16,45,971,97113,GENERAL DE GAULLE (AVENUE),16.20607,-61.49656,Plein jour,En agglomération,Intersection en T,Normale,Trois véhicules et plus - en chaîne,3,2,2,0,1,1,1,0,1,30,3,4,2,0,0,2,16.0,66.0,deux_roues,voiture,1,2,3,1,4
202400030191,2024-08-31 16:45:00,2024,8,31,16,45,971,97113,GENERAL DE GAULLE (AVENUE),16.20607,-61.49656,Plein jour,En agglomération,Intersection en T,Normale,Trois véhicules et plus - en chaîne,3,1,1,0,1,1,1,0,1,30,3,4,2,0,0,2,16.0,66.0,deux_roues,voiture,1,2,3,1,4
202400030192,2024-07-24 18:50:00,2024,7,24,18,50,974,97411,MANES (RUE EDOUARD),-20.8956,55.49511,Nuit avec éclairage allumé,Hors agglomération,Autre intersection,Normale,Sans collision,4,2,2,0,1,2,1,0,1,50,1,5,1,0,1,3,25.0,,voiture,,5,1,9,1,7
202400030193,2024-07-23 20:25:00,2024,7,23,20,25,974,97411,DUFOURG LES HAUTS (CHEMIN),-20.92449,55.49958,Nuit avec éclairage allumé,Hors agglomération,Hors intersection,Normale,Autre collision,4,2,2,0,2,3,1,0,1,30,2,2,1,0,0,1,,19.0,voiture,deux_roues,5,1,1,1,6
202400030194,2024-08-31 09:35:00,2024,8,31,9,35,971,97101,ROUTE DE BOISVINS,16.26272,-61.49088,Plein jour,Hors agglomération,Hors intersection,Normale,Trois véhicules et plus - en chaîne,3,2,2,0,1,1,1,0,1,70,3,3,2,0,0,1,25.0,57.0,voiture,voiture,1,1,1,1,4
202400030195,2024-07-23 12:10:00,2024,7,23,12,10,974,97411,TOPAZES(ALLEE DES),-20.89696,55.4434,Plein jour,En agglomération,Hors intersection,Normale,Deux véhicules - côté,3,2,2,0,2,2,1,0,1,50,2,5,4,0,0,1,31.0,54.0,voiture,utilitaire_camion,1,2,1,1,3
202400030196,2024-08-31 05:15:00,2024,8,31,5,15,971,97120,GERTY ARCHIMEDE (RESIDENCE),16.2482,-61.53759,Plein jour,En agglomération,Autre intersection,Normale,Autre collision,3,-1,2,0,1,1,1,0,1,50,1,2,1,0,0,1,,,voiture,,1,2,9,1,6
202400030197,2024-07-24 21:50:00,2024,7,24,21,50,973,97302,TERRASSE DES CALIMBES (Lot),4.92076388,-52.31714594,Nuit sans éclairage public,En agglomération,Hors intersection,Pluie forte,Autre collision,4,2,2,0,3,3,3,0,1,50,1,2,1,0,0,1,20.0,,voiture,,3,2,1,3,6
202400030198,2024-07-24 06:50:00,2024,7,24,6,50,69,69386,Rue Boileau,45.77379,4.8481,Plein jour,En agglomération,Intersection en X,Normale,Deux véhicules - côté,4,1,1,2,1,1,1,0,1,30,2,2,1,0,0,1,41.0,51.0,voiture,voiture,1,2,2,1,3
202400030198,2024-07-24 06:50:00,2024,7,24,6,50,69,69386,Rue Boileau,45.77379,4.8481,Plein jour,En agglomération,Intersection en X,Normale,Deux véhicules - côté,4,1,1,2,1,1,1,0,1,30,2,2,1,0,0,1,41.0,51.0,voiture,voiture,1,2,2,1,3
202400030199,2024-08-30 16:45:00,2024,8,30,16,45,971,97101,RN1-  HAUTEUR DE SORTIE LAURICISQUE,16.2534,-61.5482,Plein jour,Hors agglomération,Hors intersection,Pluie légère,Trois véhicules et plus - en chaîne,2,1,2,0,2,1,2,2,1,90,5,6,1,0,2,3,57.0,54.0,voiture,voiture,1,1,1,2,4
202400030200,2024-07-19 00:10:00,2024,7,19,0,10,972,97209,PETIT PAVOIS (RUE DU),14.60131,-61.07937,Nuit sans éclairage public,En agglomération,Hors intersection,Normale,Sans collision,9,-1,1,3,2,1,4,9,8,10,1,1,0,1,0,0,85.0,,voiture,,3,2,1,1,7
202400030201,2024-07-24 18:45:00,2024,7,24,18,45,69,69381,Tunnel de la Croix Rousse ,45.77262,4.83671,Plein jour,En agglomération,Autre intersection,Normale,Deux véhicules - côté,4,2,4,0,1,1,1,1,1,50,2,3,2,0,0,1,19.0,31.0,voiture,deux_roues,1,2,9,1,3
202400030202,2024-08-30 15:00:00,2024,8,30,15,0,971,97101,PATRICK SAINT ELOI ( AVENUE ),16.25415,-61.52299,Plein jour,Hors agglomération,Intersection en T,Pluie légère,Trois véhicules et plus - collisions multiples,3,2,2,0,1,1,2,5,1,50,3,3,2,0,0,1,,27.0,autre,deux_roues,1,1,3,2,5
202400030202,2024-08-30 15:00:00,2024,8,30,15,0,971,97101,PATRICK SAINT ELOI ( AVENUE ),16.25415,-61.52299,Plein jour,Hors agglomération,Intersection en T,Pluie légère,Trois véhicules et plus - collisions multiples,3,2,0,0,1,1,2,0,1,50,3,3,2,0,0,1,,27.0,autre,deux_roues,1,1,3,2,5
202400030203,2024-07-23 15:36:00,2024,7,23,15,36,971,97120,RUE EUVREMONT GENE,16.2473054,-61.5386349,Plein jour,En agglomération,Hors intersection,Normale,Autre collision,4,2,2,0,1,1,1,0,1,50,1,2,1,0,0,1,30.0,,voiture,,1,2,1,1,6
202400030204,2024-08-31 18:40:00,2024,8,31,18,40,971,97107,FOCH,16.04566,-61.56331,Nuit sans éclairage public,En agglomération,Hors intersection,Normale,Deux véhicules - côté,4,1,1,0,1,1,1,0,1,30,2,2,1,0,0,1,62.0,31.0,voiture,deux_roues,3,2,1,1,3
202400030205,2024-07-23 10:45:00,2024,7,23,10,45,971,97101,DUGAZON,16.25186,-61.51962,Plein jour,Hors agglomération,Hors intersection,Normale,Deux véhicules - côté,3,2,2,0,1,1,1,0,1,50,2,5,4,0,0,1,44.0,44.0,voiture,deux_roues,1,1,1,1,3
202400030206,2024-08-31 18:20:00,2024,8,31,18,20,95,95388,CÔTE DU PARC,49.02383,1.97441,Plein jour,Hors agglomération,Hors intersection,Temps couvert,Deux véhicules - frontale,4,2,2,0,2,4,2,0,1,50,2,6,0,0,2,4,25.0,42.0,voiture,voiture,1,1,1,8,1
202400030207,2024-07-20 13:15:00,2024,7,20,13,15,89,89342,FONDERIES PONT A MOUSSON (AVENUE DES),48.21509,3.27508,Plein jour,En agglomération,Intersection en X,Normale,Deux véhicules - côté,4,2,3,0,1,1,1,0,1,50,2,2,1,0,0,1,26.0,38.0,voiture,deux_roues,1,2,2,1,3
202400030207,2024-07-20 13:15:00,2024,7,20,13,15,89,89342,FONDERIES PONT A MOUSSON (AVENUE DES),48.21509,3.27508,Plein jour,En agglomération,Intersection en X,Normale,Deux véhicules - côté,4,2,2,0,1,1,1,0,1,50,2,2,1,0,0,1,26.0,38.0,voiture,deux_roues,1,2,2,1,3
202400030208,2024-07-24 10:36:00,2024,7,24,10,36,87,87050,DROUET (RUE MARTIAL),45.87695,1.23793,Plein jour,En agglomération,Intersection en T,Normale,Deux véhicules - arrière,3,1,1,0,1,1,1,0,1,50,2,2,1,0,0,1,39.0,75.0,voiture,deux_roues,1,2,3,1,2
202400030208,2024-07-24 10:36:00,2024,7,24,10,36,87,87050,DROUET (RUE MARTIAL),45.87695,1.23793,Plein jour,En agglomération,Intersection en T,Normale,Deux véhicules - arrière,3,2,2,0,1,1,1,0,1,50,2,2,1,0,0,1,39.0,75.0,voiture,deux_roues,1,2,3,1,2
202400030209,2024-08-31 22:25:00,2024,8,31,22,25,91,91114,PL DE LA PYRAMIDE,48.683376,2.490532,Nuit avec éclairage allumé,En agglomération,Giratoire,Normale,Deux véhicules - arrière,4,3,0,0,1,1,1,0,1,50,2,4,2,0,0,2,38.0,64.0,voiture,voiture,5,2,6,1,2
202400030209,2024-08-31 22:25:00,2024,8,31,22,25,91,91114,PL DE LA PYRAMIDE,48.683376,2.490532,Nuit avec éclairage allumé,En agglomération,Giratoire,Normale,Deux véhicules - arrière,4,1,2,0,1,1,1,0,1,50,2,4,2,0,0,2,38.0,64.0,voiture,voiture,5,2,6,1,2
202400030210,2024-07-23 07:55:00,2024,7,23,7,55,87,87085,BORIE (BOULEVARD DE LA),45.83801,1.23202,Plein jour,En agglomération,Hors intersection,Normale,Autre collision,4,3,4,0,1,1,1,0,1,50,1,1,0,0,0,1,49.0,,voiture,,1,2,1,1,6
202400030211,2024-07-23 09:30:00,2024,7,23,9,30,84,84007,LIMBERT (Boulevard),43.94771,4.81796,Plein jour,En agglomération,Hors intersection,Normale,Deux véhicules - côté,4,2,3,3,1,1,1,0,6,50,2,2,1,0,0,1,59.0,40.0,deux_roues,voiture,1,2,1,1,3
202400030212,2024-08-30 17:30:00,2024,8,30,17,30,91,91421,NATIONALE 6 (GLACIERE),48.70862,2.44231,Plein jour,Hors agglomération,Autre intersection,Pluie légère,Trois véhicules et plus - en chaîne,2,3,0,0,1,1,2,0,1,90,3,3,2,0,0,1,42.0,44.0,utilitaire_camion,utilitaire_camion,1,1,9,2,4
202400030213,2024-07-23 17:50:00,2024,7,23,17,50,83,83062,ROUTE NATIONALE 97,43.13577052,6.03077888,Plein jour,En agglomération,Hors intersection,Normale,Deux véhicules - arrière,4,1,2,0,1,1,1,0,1,50,2,3,2,0,0,1,,53.0,voiture,voiture,1,2,1,1,2
202400030214,2024-08-30 21:04:00,2024,8,30,21,4,91,91521,ROUTE DE MENNECY,48.643211,2.420688,Nuit avec éclairage allumé,Hors agglomération,Hors intersection,Pluie légère,Deux véhicules - frontale,3,2,2,0,1,1,2,0,1,50,2,2,0,0,2,0,65.0,23.0,utilitaire_camion,voiture,5,1,1,2,1
202400030215,2024-07-24 20:30:00,2024,7,24,20,30,78,78650,CARNOT (BOULEVARD),48.89567,2.12628,Plein jour,En agglomération,Hors intersection,Normale,Deux véhicules - côté,3,3,4,0,1,1,1,0,1,50,2,2,1,0,0,1,35.0,61.0,deux_roues,voiture,1,2,1,1,3
202400030216,2024-09-01 00:15:00,2024,9,1,0,15,84,84007,MISTRAL7  (Parking C.Commercial),43.92144,4.86143,Nuit avec éclairage allumé,Hors agglomération,Hors intersection,Normale,Autre collision,6,-1, -1,0,1,1,1,0,8,20,1,1,0,0,0,1,24.0,,deux_roues,,5,1,1,1,6
202400030217,2024-07-25 00:23:00,2024,7,25,0,23,78,78440,MOLIERE (RUE),48.9838,1.91532,Nuit avec éclairage allumé,En agglomération,Intersection en X,Normale,Deux véhicules - côté,4,2,2,0,1,1,1,0,1,50,2,2,1,0,0,1,21.0,21.0,voiture,deux_roues,5,2,2,1,3
202400030217,2024-07-25 00:23:00,2024,7,25,0,23,78,78440,MOLIERE (RUE),48.9838,1.91532,Nuit avec éclairage allumé,En agglomération,Intersection en X,Normale,Deux véhicules - côté,4,2,2,0,2,1,1,0,1,50,2,2,1,0,0,1,21.0,21.0,voiture,deux_roues,5,2,2,1,3
202400030218,2024-08-31 15:29:00,2024,8,31,15,29,83,83137,COLBERT (AVE),43.12493,5.93272,Plein jour,En agglomération,Intersection en T,Normale,Deux véhicules - arrière,4,1,6,0,1,1,1,0,1,50,2,3,1,0,0,2,22.0,32.0,voiture,transport_commun,1,2,3,1,2
202400030218,2024-08-31 15:29:00,2024,8,31,15,29,83,83137,COLBERT (AVE),43.12493,5.93272,Plein jour,En agglomération,Intersection en T,Normale,Deux véhicules - arrière,4,2,6,0,1,1,1,0,1,50,2,3,1,0,0,2,22.0,32.0,voiture,transport_commun,1,2,3,1,2
202400030219,2024-07-24 00:26:00,2024,7,24,0,26,77,77475,D603,48.95885,2.97787,Nuit sans éclairage public,Hors agglomération,Hors intersection,Normale,Deux véhicules - frontale,3,2,3,0,2,1,1,0,3,80,2,2,1,0,1,0,34.0,36.0,transport_commun,utilitaire_camion,3,1,1,1,1
202400030220,2024-08-31 00:29:00,2024,8,31,0,29,83,83098,GANZIN (AVENUE DE),43.10907191,6.03839743,Nuit avec éclairage allumé,En agglomération,Hors intersection,Normale,Autre collision,3,1,1,0,1,1,1,0,1,50,1,1,0,0,0,1,73.0,,voiture,,5,2,1,1,6
202400030221,2024-07-23 11:40:00,2024,7,23,11,40,72,72181,PREMARTINE (RUE) N° PAIRS 2 A 26,48.00784,0.2042,Plein jour,En agglomération,Hors intersection,Normale,Autre collision,4,2,2,0,1,1,1,0,1,50,1,2,1,0,0,1,64.0,,voiture,,1,2,1,1,6
202400030222,2024-08-30 16:35:00,2024,8,30,16,35,83,83129,KENNEDY (AVENUE J.)N° IMPAIRS > ST VICTO,43.1071,5.82188,Plein jour,En agglomération,Intersection en T,Normale,Deux véhicules - côté,3,2,1,0,2,4,1,0,1,50,2,2,1,0,0,1,83.0,55.0,voiture,deux_roues,1,2,3,1,3
202400030222,2024-08-30 16:35:00,2024,8,30,16,35,83,83129,KENNEDY (AVENUE J.)N° IMPAIRS > ST VICTO,43.1071,5.82188,Plein jour,En agglomération,Intersection en T,Normale,Deux véhicules - côté,3,-1,1,0,1,4,1,0,1,50,2,2,1,0,0,1,83.0,55.0,voiture,deux_roues,1,2,3,1,3
202400030223,2024-08-30 17:30:00,2024,8,30,17,30,81,81065,COUDERT (AV.LUCIEN),43.6090326,2.24268,Plein jour,En agglomération,Hors intersection,Normale,Autre collision,3,2,2,0,1,1,1,9,1,50,1,2,1,0,0,1,26.0,,voiture,,1,2,1,1,6
202400030224,2024-07-24 12:00:00,2024,7,24,12,0,69,69266,Rue Pierre Voyant,45.77007,4.8989,Plein jour,En agglomération,Intersection en X,Normale,Deux véhicules - frontale,4,2,2,0,1,1,1,0,1,30,2,4,3,0,0,1,53.0,45.0,voiture,voiture,1,2,2,1,1
202400030224,2024-07-24 12:00:00,2024,7,24,12,0,69,69266,Rue Pierre Voyant,45.77007,4.8989,Plein jour,En agglomération,Intersection en X,Normale,Deux véhicules - frontale,4,2,2,0,1,1,1,0,1,30,2,4,3,0,0,1,53.0,45.0,voiture,voiture,1,2,2,1,1
202400030225,2024-07-23 20:20:00,2024,7,23,20,20,69,69259,Route de Vienne,45.72468186,4.85407325,Plein jour,En agglomération,Intersection en T,Normale,Deux véhicules - côté,4,1,1,2,1,1,1,0,1,30,2,2,1,0,0,1,34.0,49.0,deux_roues,voiture,1,2,3,1,3
202400030225,2024-07-23 20:20:00,2024,7,23,20,20,69,69259,Route de Vienne,45.72468186,4.85407325,Plein jour,En agglomération,Intersection en T,Normale,Deux véhicules - côté,4,2,3,2,1,1,1,8,1,50,2,2,1,0,0,1,34.0,49.0,deux_roues,voiture,1,2,3,1,3
202400030226,2024-08-31 21:35:00,2024,8,31,21,35,77,77358,RN 330 (ROUTE NATIONALE),48.98003,2.86414,Nuit sans éclairage public,Hors agglomération,Hors intersection,Normale,Deux véhicules - frontale,2,2,2,0,1,3,1,0,1,80,2,4,0,0,2,2,32.0,32.0,voiture,voiture,3,1,1,1,1
202400030227,2024-08-31 02:30:00,2024,8,31,2,30,76,76384,SAINT ROMAIN (ROUTE DE),49.52575,0.52634,Nuit sans éclairage public,Hors agglomération,Hors intersection,Normale,Deux véhicules - côté,3,2,2,0,2,3,1,0,3,80,1,1,0,0,1,0,22.0,,voiture,,3,1,1,1,3
202400030228,2024-07-24 13:15:00,2024,7,24,13,15,68,68376,SOULTZ(ROUTE DE),47.79666,7.31425,Plein jour,En agglomération,Giratoire,Normale,Deux véhicules - côté,3,1,2,0,1,1,1,5,1,50,2,2,1,0,0,1,51.0,34.0,deux_roues,voiture,1,2,6,1,3
202400030228,2024-07-24 13:15:00,2024,7,24,13,15,68,68376,SOULTZ(ROUTE DE),47.79666,7.31425,Plein jour,En agglomération,Giratoire,Normale,Deux véhicules - côté,3,2,2,0,1,2,1,5,1,50,2,2,1,0,0,1,51.0,34.0,deux_roues,voiture,1,2,6,1,3
202400030229,2024-08-31 18:35:00,2024,8,31,18,35,72,72181,CHANZY (RUE)  N° IMP 73 A 101,47.99727,0.20323,Plein jour,En agglomération,Autre intersection,Normale,Autre collision,4,1,1,0,1,1,1,9,4,50,1,2,1,0,0,1,25.0,,voiture,,1,2,9,1,6