accident_id,datetime,annee,mois,jour,heure,minute,departement,commune_insee,adresse,latitude,longitude,luminosite,agglomeration,intersection,meteo,collision,catr,circ,nbv,vosp,prof,plan,surf,infra,situ,vma,nb_vehicules,nb_usagers,nb_indemnes,nb_tues,nb_blesses_hosp,nb_blesses_legers,age_cond_1,age_cond_2,veh_type_cond_1,veh_type_cond_2,lum_code,agg_code,int_code,atm_code,col_code
202400030230,2024-07-23 20:40:00,2024,7,23,20,40,67,67482,BOSTON (RUE DE),48.57761,7.77493,Plein jour,En agglomération,Hors intersection,Temps couvert,Sans collision,4,2,3,1,1,1,1,0,1,50,1,1,0,0,1,0,22.0,,deux_roues,,1,2,1,8,7
202400030231,2024-07-24 18:30:00,2024,7,24,18,30,64,64102,RESPLANDY (AVENUE DU CAPITAINE),43.48355,-1.45389,Plein jour,En agglomération,Hors intersection,Normale,Autre collision,4,2,2,0,1,1,1,0,1,50,1,1,0,0,0,1,52.0,,voiture,,1,2,1,1,6
202400030232,2024-08-31 18:20:00,2024,8,31,18,20,72,72181,HEUZE OLIVIER AV N° PAIRS 2 A 198,47.99499,0.17725,Plein jour,En agglomération,Hors intersection,Normale,Deux véhicules - côté,4,2,2,0,1,3,1,0,1,50,2,2,1,0,0,1,69.0,57.0,voiture,deux_roues,1,2,1,1,3
202400030233,2024-07-24 11:35:00,2024,7,24,11,35,60,60463,Rue Chateaubriand,49.27162,2.46625,Plein jour,En agglomération,Hors intersection,Normale,Autre collision,4,1,1,0,1,1,1,0,1,50,1,3,2,1,0,0,55.0,,utilitaire_camion,,1,2,1,1,6
202400030234,2024-07-23 17:57:00,2024,7,23,17,57,56,56121,Boulevard de Normandie,47.7584,-3.37069,Plein jour,En agglomération,Hors intersection,Normale,Deux véhicules - côté,4,2,2,1,2,1,1,0,5,30,2,2,1,0,0,1,62.0,38.0,deux_roues,utilitaire_camion,1,2,1,1,3
202400030235,2024-08-30 15:50:00,2024,8,30,15,50,69,69115,Avenue Edouard Herriot,45.97896,4.7278,Plein jour,Hors agglomération,Hors intersection,Normale,Deux véhicules - côté,3,2,4,0,1,1,1,0,1,50,2,5,2,0,0,3,38.0,47.0,voiture,voiture,1,1,1,1,3
202400030236,2024-07-23 12:06:00,2024,7,23,12,6,56,56121,Avenue du Faouëdic,47.74686,-3.36616,Plein jour,En agglomération,Giratoire,Normale,Deux véhicules - côté,4,3,2,3,1,1,1,-1,6,30,2,3,2,0,0,1,56.0,60.0,voiture,transport_commun,1,2,6,1,3
202400030237,2024-08-31 03:40:00,2024,8,31,3,40,67,67218,DOUBS (RUE DU),48.54985,7.73398,Nuit avec éclairage allumé,En agglomération,Autre intersection,Normale,Sans collision,4,2,2,1,1,3,1,0,1,50,1,1,0,0,0,1,41.0,,deux_roues,,5,2,9,1,7
202400030238,2024-08-31 16:00:00,2024,8,31,16,0,64,64445,LAURIERS DES,43.29898,-0.33553,Plein jour,En agglomération,Hors intersection,Normale,Sans collision,4,2,2,0,1,1,1,0,1,50,1,1,0,0,1,0,32.0,,deux_roues,,1,2,1,1,7
202400030239,2024-07-24 09:20:00,2024,7,24,9,20,51,51172,GOISSES,49.21659,4.05663,Plein jour,En agglomération,Hors intersection,Normale,Deux véhicules - côté,6,-1,0,0,1,1,1,9,1,30,2,2,0,0,0,2,81.0,52.0,voiture,voiture,1,2,1,1,3
202400030240,2024-07-23 14:50:00,2024,7,23,14,50,51,51172,PARMENTIER (RUE),49.2237,4.04782,Plein jour,En agglomération,Intersection en X,Normale,Deux véhicules - côté,4,2,2,0,1,1,1,0,1,50,2,2,1,0,0,1,,31.0,voiture,voiture,1,2,2,1,3
202400030240,2024-07-23 14:50:00,2024,7,23,14,50,51,51172,PARMENTIER (RUE),49.2237,4.04782,Plein jour,En agglomération,Intersection en X,Normale,Deux véhicules - côté,4,-1,2,0,1,1,1,0,1,50,2,2,1,0,0,1,,31.0,voiture,voiture,1,2,2,1,3
202400030241,2024-08-31 04:06:00,2024,8,31,4,6,59,59650,LIBERTE (BOULEVARD DE LA),50.7078,3.18672,Nuit avec éclairage allumé,En agglomération,Intersection en X,Normale,Deux véhicules - côté,4,2,2,0,1,1,1,0,1,50,2,5,0,0,0,5,34.0,21.0,utilitaire_camion,voiture,5,2,2,1,3
202400030241,2024-08-31 04:06:00,2024,8,31,4,6,59,59650,LIBERTE (BOULEVARD DE LA),50.7078,3.18672,Nuit avec éclairage allumé,En agglomération,Intersection en X,Normale,Deux véhicules - côté,4,1,4,0,1,1,1,0,1,50,2,5,0,0,0,5,34.0,21.0,utilitaire_camion,voiture,5,2,2,1,3
202400030242,2024-07-24 09:45:00,2024,7,24,9,45,51,51431,RD 40A,49.01990935,3.9506002,Plein jour,Hors agglomération,Giratoire,Normale,Deux véhicules - côté,3,2, -1,-1,1,3,1,5,1,50,2,2,1,0,0,1,45.0,20.0,utilitaire_camion,deux_roues,1,1,6,1,3
202400030243,2024-09-01 02:10:00,2024,9,1,2,10,59,59350,Rue de Solférino,50.63655,3.04478,Nuit avec éclairage allumé,En agglomération,Hors intersection,Normale,Deux véhicules - arrière,7,2,3,0,1,2,1,0,1,50,2,2,1,0,0,1,30.0,,deux_roues,voiture,5,2,1,1,2
202400030244,2024-07-23 20:28:00,2024,7,23,20,28,49,49007,BRESSIGNY,47.4661,-0.5471,Plein jour,Hors agglomération,Hors intersection,Normale,Autre collision,4,1,1,1,1,1,1,0,1,30,1,2,1,0,0,1,57.0,,deux_roues,,1,1,1,1,6
202400030245,2024-08-30 17:00:00,2024,8,30,17,0,58,58194,LEON BLUM,46.98108,3.18788,Plein jour,En agglomération,Hors intersection,Normale,Deux véhicules - frontale,4,2,2,0,1,1,1,0,1,30,1,2,1,0,0,1,71.0,,voiture,,1,2,1,1,1
202400030246,2024-07-24 21:30:00,2024,7,24,21,30,45,45234,5 Boulevard de Verdun,47.90657,1.90445,Plein jour,En agglomération,Hors intersection,Normale,Autre collision,4,3,6,0,2,1,1,1,1,50,1,2,0,0,2,0,22.0,,deux_roues,,1,2,1,1,6
202400030247,2024-08-31 14:20:00,2024,8,31,14,20,57,57463,111 Rue aux Arènes,49.10684,6.17703,Plein jour,En agglomération,Hors intersection,Normale,Autre collision,4,2,0,0,1,1,1,0,1,50,1,3,2,0,0,1,71.0,,voiture,,1,2,1,1,6
202400030248,2024-07-24 09:00:00,2024,7,24,9,0,45,45284,D2060 PR 92 + 915,47.924315,1.961196,Plein jour,Hors agglomération,Hors intersection,Normale,Trois véhicules et plus - en chaîne,3,3,4,0,1,1,1,0,1,70,3,3,1,0,2,0,19.0,62.0,utilitaire_camion,utilitaire_camion,1,1,1,1,4
202400030249,2024-08-31 17:00:00,2024,8,31,17,0,54,54395,Cours Léopold,48.69663766,6.17430031,Plein jour,En agglomération,Intersection en X,Normale,Deux véhicules - côté,4,1,2,0,1,1,1,0,1,30,2,2,1,0,0,1,53.0,66.0,deux_roues,utilitaire_camion,1,2,2,1,3
202400030249,2024-08-31 17:00:00,2024,8,31,17,0,54,54395,Cours Léopold,48.69663766,6.17430031,Plein jour,En agglomération,Intersection en X,Normale,Deux véhicules - côté,4,2,2,0,1,1,1,0,1,30,2,2,1,0,0,1,53.0,66.0,deux_roues,utilitaire_camion,1,2,2,1,3
202400030250,2024-07-19 19:00:00,2024,7,19,19,0,42,42275,Avenue Pierre Mendès-france,45.47192,4.37231,Plein jour,En agglomération,Hors intersection,Normale,Deux véhicules - côté,4,2,2,0,1,1,1,0,1,50,2,2,1,0,0,1,61.0,28.0,deux_roues,voiture,1,2,1,1,3
202400030251,2024-08-31 22:00:00,2024,8,31,22,0,49,49328,RESISTANCE (PLACE DE LA),47.26725,-0.069969,Crépuscule ou aube,En agglomération,Giratoire,Normale,Deux véhicules - côté,3,2, -1,2,1,1,1,0,1,50,2,2,1,0,0,1,30.0,23.0,voiture,autre,2,2,6,1,3
202400030251,2024-08-31 22:00:00,2024,8,31,22,0,49,49328,RESISTANCE (PLACE DE LA),47.26725,-0.069969,Crépuscule ou aube,En agglomération,Giratoire,Normale,Deux véhicules - côté,3,1,1,2,1,2,1,0,1,50,2,2,1,0,0,1,30.0,23.0,voiture,autre,2,2,6,1,3
202400030252,2024-07-23 12:04:00,2024,7,23,12,4,40,40281,STEPHENSON (RUE GEORGE),43.8831,-0.50697,Plein jour,En agglomération,Autre intersection,Normale,Deux véhicules - côté,4,2,1,0,1,3,1,0,1,30,2,2,1,0,1,0,44.0,58.0,deux_roues,voiture,1,2,9,1,3
202400030253,2024-08-31 10:32:00,2024,8,31,10,32,49,49007,MOULIN BOULEVARD,47.490773,-0.54805,Plein jour,En agglomération,Hors intersection,Pluie forte,Deux véhicules - frontale,4,2,4,2,1,2,2,0,1,50,2,6,2,0,0,4,44.0,73.0,voiture,voiture,1,2,1,3,1
202400030254,2024-07-24 06:30:00,2024,7,24,6,30,35,35238,BREST (DE),48.1121,-1.68723,Crépuscule ou aube,En agglomération,Intersection en X,Normale,Deux véhicules - côté,4,3,2,3,1,1,1,2,1,30,2,2,1,0,0,1,42.0,28.0,voiture,deux_roues,2,2,2,1,3
202400030254,2024-07-24 06:30:00,2024,7,24,6,30,35,35238,BREST (DE),48.1121,-1.68723,Crépuscule ou aube,En agglomération,Intersection en X,Normale,Deux véhicules - côté,4,1,1,3,2,1,1,2,1,30,2,2,1,0,0,1,42.0,28.0,voiture,deux_roues,2,2,2,1,3
202400030255,2024-08-22 11:20:00,2024,8,22,11,20,45,45004,D2107 PR 1 + 698,47.9786,2.73308,Plein jour,En agglomération,Hors intersection,Normale,Autre collision,3,2,3,0,1,1,1,0,1,50,1,2,1,0,0,1,84.0,,voiture,,1,2,1,1,6
202400030256,2024-07-23 20:45:00,2024,7,23,20,45,35,35051,CHANTEPIE (ROUTE DE),48.09704,-1.60649,Plein jour,Hors agglomération,Intersection en T,Normale,Autre collision,7,2,2,0,1,1,1,0,3,80,1,1,0,0,1,0,49.0,,voiture,,1,1,3,1,6
202400030256,2024-07-23 20:45:00,2024,7,23,20,45,35,35051,CHANTEPIE (ROUTE DE),48.09704,-1.60649,Plein jour,Hors agglomération,Intersection en T,Normale,Autre collision,7,2,2,0,1,1,1,0,3,80,1,1,0,0,1,0,49.0,,voiture,,1,1,3,1,6
202400030257,2024-08-31 16:40:00,2024,8,31,16,40,44,44184,31 Rue de la Paix et des Arts,47.2768,-2.21194,Plein jour,En agglomération,Hors intersection,Normale,Autre collision,4,1,1,3,1,1,1,6,6,6,1,4,2,0,0,2,24.0,,deux_roues,,1,2,1,1,6
202400030258,2024-07-24 12:45:00,2024,7,24,12,45,34,34301,VERDUN (BOULEVARD DE),43.41209,3.68755,Plein jour,En agglomération,Hors intersection,Normale,Deux véhicules - côté,3,1,1,0,1,1,1,0,1,50,2,2,0,0,0,2,32.0,41.0,utilitaire_camion,voiture,1,2,1,1,3
202400030259,2024-08-31 14:45:00,2024,8,31,14,45,41,41018,WILSON (AVENUE DU PRESIDENT),47.58003,1.34504,Plein jour,En agglomération,Hors intersection,Normale,Sans collision,4,2,2,2,1,1,2,0,1,30,1,1,0,0,1,0,58.0,,deux_roues,,1,2,1,1,7
202400030260,2024-08-30 16:35:00,2024,8,30,16,35,37,37122,DOUZILLIERE (RUE DE LA),47.34046,0.65427,Plein jour,En agglomération,Hors intersection,Normale,Sans collision,4,2,2,2,1,1,1,0,5,50,1,1,0,0,0,1,17.0,,deux_roues,,1,2,1,1,7
202400030261,2024-07-24 20:00:00,2024,7,24,20,0,33,33522,,44.7988,-0.58267,Plein jour,En agglomération,Giratoire,Normale,Deux véhicules - côté,4,2,2,0,1,1,1,5,1,30,2,2,1,0,0,1,24.0,69.0,deux_roues,voiture,1,2,6,1,3
202400030261,2024-07-24 20:00:00,2024,7,24,20,0,33,33522,,44.7988,-0.58267,Plein jour,En agglomération,Giratoire,Normale,Deux véhicules - côté,4,2,2,0,1,1,1,5,1,50,2,2,1,0,0,1,24.0,69.0,deux_roues,voiture,1,2,6,1,3
202400030262,2024-08-31 10:40:00,2024,8,31,10,40,35,35051,LONGCHAMPS (PORTE DES),48.14036,-1.62663,Plein jour,Hors agglomération,Hors intersection,Pluie légère,Autre collision,7,1,1,0,1,3,2,0,3,70,1,1,0,0,0,1,23.0,,voiture,,1,1,1,2,6
202400030263,2024-07-24 13:40:00,2024,7,24,13,40,33,33318,,44.786,-0.6697,Plein jour,En agglomération,Hors intersection,Normale,Sans collision,4,2,2,0,1,1,1,0,1,50,1,1,0,0,0,1,44.0,,deux_roues,,1,2,1,1,7
202400030264,2024-08-30 16:35:00,2024,8,30,16,35,35,35238,ROOSEVELT (BD FRANKLIN),48.09744953,-1.65727526,Plein jour,En agglomération,Intersection en Y,Pluie forte,Deux véhicules - côté,4,2,2,0,1,1,2,0,1,30,2,2,1,0,1,0,78.0,67.0,voiture,deux_roues,1,2,4,3,3
202400030264,2024-08-30 16:35:00,2024,8,30,16,35,35,35238,ROOSEVELT (BD FRANKLIN),48.09744953,-1.65727526,Plein jour,En agglomération,Intersection en Y,Pluie forte,Deux véhicules - côté,4,2,3,2,1,1,2,0,1,50,2,2,1,0,1,0,78.0,67.0,voiture,deux_roues,1,2,4,3,3
202400030265,2024-07-23 23:20:00,2024,7,23,23,20,33,33162,,44.86482,-0.66458,Nuit avec éclairage allumé,En agglomération,Intersection en X,Normale,Autre collision,4,2,2,2,1,1,1,0,1,50,2,2,1,0,0,1,63.0,,deux_roues,autre,5,2,2,1,6
202400030265,2024-07-23 23:20:00,2024,7,23,23,20,33,33162,,44.86482,-0.66458,Nuit avec éclairage allumé,En agglomération,Intersection en X,Normale,Autre collision,4,2,2,0,1,1,1,0,1,50,2,2,1,0,0,1,63.0,,deux_roues,autre,5,2,2,1,6
202400030266,2024-07-24 08:15:00,2024,7,24,8,15,31,31555,18 MONTAUDRAN (PERIPH EST A61),43.5712,1.49488,Plein jour,En agglomération,Hors intersection,Normale,Autre collision,1,3,3,0,2,1,1,0,1,70,1,2,0,0,1,1,21.0,,voiture,,1,2,1,1,6
202400030267,2024-08-30 15:00:00,2024,8,30,15,0,34,34301,AGDE (ROUTE DE),43.38228,3.63911,Plein jour,En agglomération,Hors intersection,Normale,Deux véhicules - arrière,4,2,2,0,1,1,1,0,1,70,2,6,1,0,1,4,64.0,59.0,utilitaire_camion,voiture,1,2,1,1,2
202400030268,2024-08-22 15:00:00,2024,8,22,15,0,34,34301,LORIOTS (RUE DES),43.40403,3.65971,Plein jour,En agglomération,Hors intersection,Normale,Autre collision,4,2,1,0,1,1,1,9,8,30,1,1,0,0,0,1,29.0,,voiture,,1,2,1,1,6
202400030269,2024-07-23 17:30:00,2024,7,23,17,30,29,29232,Route de Brest,48.00740614,-4.08305348,Plein jour,En agglomération,Intersection en T,Normale,Autre collision,3,3,2,0,1,1,1,0,1,70,2,3,1,0,0,2,34.0,18.0,utilitaire_camion,deux_roues,1,2,3,1,6
202400030269,2024-07-23 17:30:00,2024,7,23,17,30,29,29232,Route de Brest,48.00740614,-4.08305348,Plein jour,En agglomération,Intersection en T,Normale,Autre collision,3,-1,1,0,1,1,1,0,1,70,2,3,1,0,0,2,34.0,18.0,utilitaire_camion,deux_roues,1,2,3,1,6
202400030270,2024-08-31 08:39:00,2024,8,31,8,39,34,34172,PRES D'ARENES (AVENUE DES),43.59114,3.88325,Plein jour,En agglomération,Intersection en X,Normale,Deux véhicules - côté,4,2,2,0,1,1,1,0,1,50,2,3,2,0,0,1,19.0,31.0,voiture,voiture,1,2,2,1,3
202400030270,2024-08-31 08:39:00,2024,8,31,8,39,34,34172,PRES D'ARENES (AVENUE DES),43.59114,3.88325,Plein jour,En agglomération,Intersection en X,Normale,Deux véhicules - côté,4,1,2,0,1,1,1,5,1,50,2,3,2,0,0,1,19.0,31.0,voiture,voiture,1,2,2,1,3
202400030271,2024-07-23 19:45:00,2024,7,23,19,45,29,29232,Rue de Pen Ar Stang,47.991896,-4.10239,Plein jour,En agglomération,Hors intersection,Normale,Deux véhicules - côté,4,2,2,0,2,3,1,0,1,500,2,2,1,0,0,1,32.0,43.0,voiture,deux_roues,1,2,1,1,3
202400030272,2024-08-31 09:05:00,2024,8,31,9,5,30,30007,GUESDE (AVE JULES),44.11988,4.083,Plein jour,En agglomération,Intersection en X,Normale,Sans collision,4,2,2,0,2,2,1,0,1,50,1,2,1,0,1,0,76.0,,voiture,,1,2,2,1,7
202400030272,2024-08-31 09:05:00,2024,8,31,9,5,30,30007,GUESDE (AVE JULES),44.11988,4.083,Plein jour,En agglomération,Intersection en X,Normale,Sans collision,4,2,3,0,1,2,1,2,1,50,1,2,1,0,1,0,76.0,,voiture,,1,2,2,1,7
202400030273,2024-08-31 10:55:00,2024,8,31,10,55,29,29051,Avenue du Rouillen,47.99600519,-4.06339344,Plein jour,En agglomération,Hors intersection,Normale,Sans collision,3,1,1,0,1,1,1,0,1,50,1,1,0,0,0,1,52.0,,voiture,,1,2,1,1,7
202400030274,2024-07-24 23:34:00,2024,7,24,23,34,17,17291,N237,46.179,-1.129,Nuit sans éclairage public,Hors agglomération,Hors intersection,Normale,Deux véhicules - arrière,2,3,4,0,1,1,1,0,1,90,2,2,0,0,1,1,20.0,72.0,voiture,voiture,3,1,1,1,2
202400030275,2024-08-30 17:25:00,2024,8,30,17,25,15,15014,RN 122,44.91642,2.46155,Plein jour,En agglomération,Hors intersection,Normale,Trois véhicules et plus - en chaîne,2,2,2,0,1,1,1,0,1,50,3,6,5,0,0,1,23.0,65.0,voiture,voiture,1,2,1,1,4
202400030276,2024-06-14 19:07:00,2024,6,14,19,7,16,16015,,45.633224,0.173119,Plein jour,En agglomération,Hors intersection,Pluie légère,Autre collision,4,2,2,0,2,3,2,0,3,50,1,2,0,1,1,0,20.0,,voiture,,1,2,1,2,6
202400030277,2024-08-31 17:30:00,2024,8,31,17,30,14,14137,Route de Caumont,49.18409,-0.45852,Plein jour,Hors agglomération,Hors intersection,Temps éblouissant,Deux véhicules - côté,3,2,2,0,1,1,1,0,1,70,2,4,3,0,1,0,37.0,26.0,voiture,deux_roues,1,1,1,7,3
202400030278,2024-07-24 13:45:00,2024,7,24,13,45,13,13117,ROUTE NATIONALE 113 - AGNEAU,43.46720649,5.23200274,Plein jour,En agglomération,Hors intersection,Normale,Deux véhicules - côté,3,2,2,0,1,1,1,9,1,50,2,3,0,0,0,3,21.0,27.0,voiture,deux_roues,1,2,1,1,3
202400030279,2024-08-31 14:54:00,2024,8,31,14,54,13,13206,BRETEUIL (RUE),43.28806,5.3768,Plein jour,En agglomération,Intersection en X,Normale,Deux véhicules - côté,4,1,2,1,1,1,1,0,5,50,2,2,0,0,0,2,49.0,31.0,deux_roues,deux_roues,1,2,2,1,3
202400030279,2024-08-31 14:54:00,2024,8,31,14,54,13,13206,BRETEUIL (RUE),43.28806,5.3768,Plein jour,En agglomération,Intersection en X,Normale,Deux véhicules - côté,4,1,1,0,1,1,1,0,8,50,2,2,0,0,0,2,49.0,31.0,deux_roues,deux_roues,1,2,2,1,3
202400030280,2024-08-31 09:30:00,2024,8,31,9,30,13,13215,SAINT ANTOINE A SAINT JOSEPH (CHEMIN DE),43.35951,5.3645,Plein jour,En agglomération,Intersection en T,Normale,Deux véhicules - côté,4,1,1,0,2,1,1,0,1,50,2,4,0,0,0,4,52.0,26.0,transport_commun,voiture,1,2,3,1,3
202400030281,2024-07-24 09:25:00,2024,7,24,9,25,13,13004,RTE D EYGUIERES,43.66138,4.66019,Plein jour,Hors agglomération,Intersection en X,Normale,Deux véhicules - côté,3,-1,2,0,1,1,1,0,1,50,2,2,0,1,0,1,30.0,68.0,voiture,deux_roues,1,1,2,1,3
202400030281,2024-07-24 09:25:00,2024,7,24,9,25,13,13004,RTE D EYGUIERES,43.66138,4.66019,Plein jour,Hors agglomération,Intersection en X,Normale,Deux véhicules - côté,3,2,2,0,1,1,1,0,1,70,2,2,0,1,0,1,30.0,68.0,voiture,deux_roues,1,1,2,1,3
202400030282,2024-07-24 14:15:00,2024,7,24,14,15,13,13001,RD 7,43.55319287,5.43930816,Plein jour,Hors agglomération,Autre intersection,Temps éblouissant,Deux véhicules - frontale,3,2,2,0,1,1,1,5,1,80,2,3,1,0,0,2,50.0,91.0,utilitaire_camion,voiture,1,1,9,7,1
202400030283,2024-08-30 16:15:00,2024,8,30,16,15,13,13001,RD9,43.45262,5.30803,Plein jour,Hors agglomération,Hors intersection,Normale,Deux véhicules - arrière,3,1,2,0,1,1,1,0,1,110,2,6,5,0,0,1,28.0,34.0,utilitaire_camion,voiture,1,1,1,1,2
202400030284,2024-07-23 11:34:00,2024,7,23,11,34,10,10333,Rue Charles Baltet,48.28381,4.05711,Plein jour,En agglomération,Giratoire,Temps couvert,Autre collision,4,2,0,0,1,1,2,0,1,50,1,2,1,0,0,1,73.0,,voiture,,1,2,6,8,6
202400030284,2024-07-23 11:34:00,2024,7,23,11,34,10,10333,Rue Charles Baltet,48.28381,4.05711,Plein jour,En agglomération,Giratoire,Temps couvert,Autre collision,4,2,2,0,1,1,2,0,1,50,1,2,1,0,0,1,73.0,,voiture,,1,2,6,8,6
202400030285,2024-08-31 22:05:00,2024,8,31,22,5,06,06069,3 Boulevard Fragonard,43.657303,6.924502,Nuit sans éclairage public,En agglomération,Hors intersection,Normale,Autre collision,3,1,1,0,2,3,1,0,1,30,1,1,0,0,0,1,27.0,,deux_roues,,3,2,1,1,6
202400030286,2024-02-17 19:50:00,2024,2,17,19,50,07,07231,D579,44.59082628,4.39373821,Nuit sans éclairage public,Hors agglomération,Hors intersection,Normale,Deux véhicules - côté,3,2,2,0,1,3,1,0,1,90,2,2,1,0,0,1,35.0,19.0,voiture,deux_roues,3,1,1,1,3
202400030287,2024-08-31 18:40:00,2024,8,31,18,40,06,06069,128 Route de Cannes,43.63763,6.95093,Plein jour,En agglomération,Autre intersection,Normale,Deux véhicules - côté,4,2,2,0,1,1,1,0,1,50,2,2,1,0,0,1,46.0,33.0,voiture,deux_roues,1,2,9,1,3
202400030288,2024-07-24 17:10:00,2024,7,24,17,10,75,75113,BD PERIPHERIQUE INTERIEUR,48.81840339,2.36934578,Plein jour,En agglomération,Hors intersection,Normale,Deux véhicules - côté,4,1,4,0,1,1,1,0,1,70,2,3,2,0,0,1,63.0,27.0,utilitaire_camion,utilitaire_camion,1,2,1,1,3
202400030289,2024-08-31 20:00:00,2024,8,31,20,0,75,75120,BD PERIPHERIQUE INTERIEUR,48.868742,2.413252,Crépuscule ou aube,En agglomération,Hors intersection,Normale,Trois véhicules et plus - en chaîne,4,1,4,0,1,1,1,0,1,70,4,5,1,0,0,4,28.0,30.0,voiture,voiture,2,2,1,1,4
202400030290,2024-07-22 18:00:00,2024,7,22,18,0,75,75113,BD PERIPHERIQUE EXTERIEUR,48.817916,2.352035,Plein jour,En agglomération,Hors intersection,Normale,Deux véhicules - côté,4,1,3,0,1,1,1,0,1,70,2,2,1,0,0,1,33.0,58.0,deux_roues,voiture,1,2,1,1,3
202400030291,2024-08-31 08:40:00,2024,8,31,8,40,75,75119,RUE DE CAMBRAI,48.894278,2.377663,Plein jour,En agglomération,Intersection en T,Normale,Deux véhicules - côté,4,2, -1,0,1,1,1,0,4,30,2,2,1,0,0,1,53.0,42.0,deux_roues,voiture,1,2,3,1,3
202400030291,2024-08-31 08:40:00,2024,8,31,8,40,75,75119,RUE DE CAMBRAI,48.894278,2.377663,Plein jour,En agglomération,Intersection en T,Normale,Deux véhicules - côté,4,1,1,0,1,1,1,0,4,30,2,2,1,0,0,1,53.0,42.0,deux_roues,voiture,1,2,3,1,3
202400030292,2024-07-24 16:37:00,2024,7,24,16,37,75,75116,BD PERIPHERIQUE INTERIEUR,48.877655,2.280344,Plein jour,En agglomération,Hors intersection,Normale,Deux véhicules - côté,4,1,4,3,1,2,1,0,1,70,2,2,0,0,0,2,26.0,30.0,voiture,transport_commun,1,2,1,1,3
202400030293,2024-07-23 20:12:00,2024,7,23,20,12,75,75120,BOULEVARD DE BELLEVILLE,48.8695695,2.380036,Plein jour,En agglomération,Intersection en T,Normale,Autre collision,4,3,4,1,2,1,1,0,1,30,1,2,1,0,1,0,27.0,,voiture,,1,2,3,1,6
202400030293,2024-07-23 20:12:00,2024,7,23,20,12,75,75120,BOULEVARD DE BELLEVILLE,48.8695695,2.380036,Plein jour,En agglomération,Intersection en T,Normale,Autre collision,4,1, -1,-1,1,1,1,0,1,30,1,2,1,0,1,0,27.0,,voiture,,1,2,3,1,6
202400030294,2024-08-31 02:20:00,2024,8,31,2,20,75,75118,RUE DE LA CHAPELLE,48.89025,2.359914,Nuit avec éclairage allumé,En agglomération,Intersection en X,Normale,Deux véhicules - côté,4,2,2,1,2,1,1,0,1,30,2,2,1,0,0,1,44.0,34.0,deux_roues,deux_roues,5,2,2,1,3
202400030294,2024-08-31 02:20:00,2024,8,31,2,20,75,75118,RUE DE LA CHAPELLE,48.89025,2.359914,Nuit avec éclairage allumé,En agglomération,Intersection en X,Normale,Deux véhicules - côté,4,2,2,1,1,1,1,0,1,30,2,2,1,0,0,1,44.0,34.0,deux_roues,deux_roues,5,2,2,1,3
202400030295,2024-07-24 22:35:00,2024,7,24,22,35,75,75106,BOULEVARD SAINT MICHEL,48.850308,2.342545,Nuit avec éclairage allumé,En agglomération,Intersection en T,Normale,Sans collision,4,-1, -1,1,2,1,1,0,1,30,1,1,0,0,0,1,76.0,,deux_roues,,5,2,3,1,7
202400030295,2024-07-24 22:35:00,2024,7,24,22,35,75,75106,BOULEVARD SAINT MICHEL,48.850308,2.342545,Nuit avec éclairage allumé,En agglomération,Intersection en T,Normale,Sans collision,4,1, -1,-1,1,1,1,0,1,30,1,1,0,0,0,1,76.0,,deux_roues,,5,2,3,1,7
202400030296,2024-08-31 08:15:00,2024,8,31,8,15,75,75117,BOULEVARD GOUVION SAINT CYR,48.883125,2.287414,Plein jour,En agglomération,Intersection en X,Normale,Deux véhicules - frontale,4,3,6,2,1,1,1,0,1,50,2,2,1,0,0,1,34.0,53.0,deux_roues,voiture,1,2,2,1,1
202400030296,2024-08-31 08:15:00,2024,8,31,8,15,75,75117,BOULEVARD GOUVION SAINT CYR,48.883125,2.287414,Plein jour,En agglomération,Intersection en X,Normale,Deux véhicules - frontale,4,1, -1,0,1,1,1,0,1,30,2,2,1,0,0,1,34.0,53.0,deux_roues,voiture,1,2,2,1,1
202400030297,2024-07-24 14:35:00,2024,7,24,14,35,75,75106,PLACE DU DIX HUIT JUIN 1940,48.844214,2.324206,Plein jour,En agglomération,Intersection en Y,Normale,Autre collision,4,2, -1,-1,1,1,1,0,1,30,1,2,1,0,0,1,25.0,,deux_roues,,1,2,4,1,6
202400030297,2024-07-24 14:35:00,2024,7,24,14,35,75,75106,PLACE DU DIX HUIT JUIN 1940,48.844214,2.324206,Plein jour,En agglomération,Intersection en Y,Normale,Autre collision,4,2,2,0,1,1,1,0,1,30,1,2,1,0,0,1,25.0,,deux_roues,,1,2,4,1,6
202400030298,2024-08-31 01:10:00,2024,8,31,1,10,75,75117,AVENUE DES TERNES,48.878345,2.295568,Nuit avec éclairage allumé,En agglomération,Intersection en T,Normale,Autre collision,4,2,4,1,1,1,2,0,1,30,1,2,1,0,0,1,,,deux_roues,,5,2,3,1,6
202400030298,2024-08-31 01:10:00,2024,8,31,1,10,75,75117,AVENUE DES TERNES,48.878345,2.295568,Nuit avec éclairage allumé,En agglomération,Intersection en T,Normale,Autre collision,4,1, -1,0,1,1,2,0,1,30,1,2,1,0,0,1,,,deux_roues,,5,2,3,1,6
202400030299,2024-07-24 14:40:00,2024,7,24,14,40,75,75116,AVENUE DE LA GRANDE ARMEE,48.87715,2.283646,Plein jour,En agglomération,Intersection en T,Normale,Autre collision,4,3,6,0,1,1,1,0,1,30,1,2,1,0,0,1,47.0,,utilitaire_camion,,1,2,3,1,6
202400030299,2024-07-24 14:40:00,2024,7,24,14,40,75,75116,AVENUE DE LA GRANDE ARMEE,48.87715,2.283646,Plein jour,En agglomération,Intersection en T,Normale,Autre collision,4,3,2,0,1,1,1,0,1,30,1,2,1,0,0,1,47.0,,utilitaire_camion,,1,2,3,1,6
202400030300,2024-08-31 15:00:00,2024,8,31,15,0,75,75113,BOULEVARD MASSENA,48.821121,2.368881,Plein jour,En agglomération,Intersection en T,Normale,Autre collision,4,2,3,1,1,1,1,0,5,30,1,2,1,0,0,1,31.0,,deux_roues,,1,2,3,1,6