accident_id,datetime,annee,mois,jour,heure,minute,departement,commune_insee,adresse,latitude,longitude,luminosite,agglomeration,intersection,meteo,collision,catr,circ,nbv,vosp,prof,plan,surf,infra,situ,vma,nb_vehicules,nb_usagers,nb_indemnes,nb_tues,nb_blesses_hosp,nb_blesses_legers,age_cond_1,age_cond_2,veh_type_cond_1,veh_type_cond_2,lum_code,agg_code,int_code,atm_code,col_code
202400030370,2024-10-06 23:30:00,2024,10,6,23,30,22,22081,D80,48.508516,-2.668862,Nuit sans éclairage public,Hors agglomération,Hors intersection,Normale,Autre collision,3,3,2,0,1,3,2,0,3,70,1,1,0,1,0,0,65.0,,voiture,,3,1,1,1,6
202400030371,2024-10-06 16:00:00,2024,10,6,16,0,76,76559,route départementale 34,49.57921,0.628329,Plein jour,Hors agglomération,Intersection en X,Normale,Deux véhicules - côté,3,2,2,0,1,1,1,0,1,50,2,4,3,0,1,0,36.0,83.0,voiture,voiture,1,1,2,1,3
202400030371,2024-10-06 16:00:00,2024,10,6,16,0,76,76559,route départementale 34,49.57921,0.628329,Plein jour,Hors agglomération,Intersection en X,Normale,Deux véhicules - côté,3,2,2,0,1,1,1,0,1,-1,2,4,3,0,1,0,36.0,83.0,voiture,voiture,1,1,2,1,3
202400030372,2024-10-06 13:35:00,2024,10,6,13,35,76,76237,D5,49.531136,0.855407,Plein jour,Hors agglomération,Intersection en X,Normale,Deux véhicules - côté,7,2,2,0,1,3,1,0,1,80,2,7,3,0,0,4,31.0,69.0,voiture,voiture,1,1,2,1,3
202400030372,2024-10-06 13:35:00,2024,10,6,13,35,76,76237,D5,49.531136,0.855407,Plein jour,Hors agglomération,Intersection en X,Normale,Deux véhicules - côté,7,2,2,0,1,3,1,0,1,80,2,7,3,0,0,4,31.0,69.0,voiture,voiture,1,1,2,1,3
202400030373,2024-10-07 04:30:00,2024,10,7,4,30,60,60282,31 Rue de Chantilly,49.18826062,2.42689985,Nuit sans éclairage public,En agglomération,Hors intersection,Normale,Sans collision,3,2,2,1,2,1,2,0,5,50,1,1,0,0,1,0,53.0,,deux_roues,,3,2,1,1,7
202400030374,2024-10-03 20:09:00,2024,10,3,20,9,62,62543,D197,50.637772,2.324027,Nuit avec éclairage allumé,En agglomération,Hors intersection,Normale,Autre collision,3,2,2,0,2,1,1,0,4,-1,1,1,0,0,0,1,48.0,,voiture,,5,2,1,1,6
202400030375,2024-10-04 18:00:00,2024,10,4,18,0,62,62560,D238,50.79340537,1.71469103,Plein jour,Hors agglomération,Hors intersection,Normale,Deux véhicules - côté,3,2,2,0,1,1,1,0,1,80,2,2,1,0,1,0,25.0,51.0,deux_roues,voiture,1,1,1,1,3
202400030376,2024-09-23 09:20:00,2024,9,23,9,20,62,62103,D917,50.14182512,2.83297888,Plein jour,En agglomération,Hors intersection,Pluie légère,Deux véhicules - frontale,3,2,2,0,1,1,2,0,1,80,2,3,2,0,0,1,75.0,27.0,voiture,voiture,1,2,1,2,1
202400030377,2024-10-06 11:02:00,2024,10,6,11,2,13,13215,A7-Sens Lyon vers Marseille,43.37056776,5.36114433,Plein jour,Hors agglomération,Hors intersection,Pluie légère,Autre collision,1,1,3,0,1,1,2,8,8,70,1,4,0,0,3,1,25.0,,voiture,,1,1,1,2,6
202400030378,2024-10-05 20:45:00,2024,10,5,20,45,13,13216,A55-Sens Marseille vers Martigues,43.3447,5.3468,Nuit sans éclairage public,Hors agglomération,Hors intersection,Normale,Autre collision,1,1,3,0,1,1,1,0,1,90,1,2,1,1,0,0,43.0,,voiture,,3,1,1,1,6
202400030379,2024-10-05 00:10:00,2024,10,5,0,10,13,13001,A51-Sens Marseille vers Aix en Provence,43.51416961,5.42691569,Nuit sans éclairage public,Hors agglomération,Hors intersection,Normale,Trois véhicules et plus - en chaîne,1,1,3,0,1,1,1,0,1,90,3,7,5,0,0,2,60.0,25.0,voiture,voiture,3,1,1,1,4
202400030380,2024-10-05 10:05:00,2024,10,5,10,5,69,69389,Boulevard Périphérique Nord,45.77981,4.79662,Plein jour,Hors agglomération,Hors intersection,Normale,Deux véhicules - arrière,4,1,3,0,1,1,1,1,1,70,2,2,1,0,0,1,,56.0,voiture,voiture,1,1,1,1,2
202400030381,2024-10-06 14:00:00,2024,10,6,14,0,91,91521,RN 449,48.6347,2.4057,Plein jour,Hors agglomération,Hors intersection,Pluie légère,Autre collision,2,1,2,0,2,3,2,0,1,50,1,3,0,0,0,3,42.0,,voiture,,1,1,1,2,6
202400030382,2024-10-06 11:35:00,2024,10,6,11,35,91,91136,AUTOROUTE A10,48.71134,2.28946,Plein jour,Hors agglomération,Hors intersection,Pluie légère,Autre collision,1,1,2,0,1,2,2,0,1,70,1,2,0,0,0,2,40.0,,voiture,,1,1,1,2,6
202400030383,2024-10-06 05:10:00,2024,10,6,5,10,94,94003,A6B,48.8019795,2.34359623,Nuit avec éclairage allumé,Hors agglomération,Hors intersection,Normale,Deux véhicules - arrière,1,1,2,0,1,1,1,1,1,70,2,4,1,0,0,3,20.0,71.0,voiture,voiture,5,1,1,1,2
202400030384,2024-10-05 12:20:00,2024,10,5,12,20,91,91434,AUTOROUTE A6,48.66826,2.35435,Plein jour,Hors agglomération,Hors intersection,Normale,Trois véhicules et plus - collisions multiples,1,3,3,0,1,1,1,0,1,110,3,4,3,0,0,1,60.0,45.0,voiture,voiture,1,1,1,1,5
202400030385,2024-10-05 10:15:00,2024,10,5,10,15,91,91377,AUTOROUTE A10,48.721233,2.294641,Plein jour,Hors agglomération,Autre intersection,Normale,Autre collision,1,3,6,0,1,1,1,0,1,110,1,2,0,0,0,2,28.0,,deux_roues,,1,1,9,1,6
202400030386,2024-10-06 10:00:00,2024,10,6,10,0,78,78490,RN12 EXT,48.799284,1.935626,Plein jour,Hors agglomération,Hors intersection,Pluie légère,Deux véhicules - arrière,2,1,3,0,1,1,2,0,1,90,2,3,1,0,0,2,45.0,52.0,voiture,utilitaire_camion,1,1,1,2,2
202400030387,2024-10-06 19:45:00,2024,10,6,19,45,94,94028,A86,48.7761422,2.43067341,Nuit sans éclairage public,Hors agglomération,Hors intersection,Pluie légère,Trois véhicules et plus - en chaîne,1,3,3,0,1,1,2,0,1,90,3,5,2,0,0,3,61.0,61.0,voiture,voiture,3,1,1,2,4
202400030388,2024-10-06 18:00:00,2024,10,6,18,0,77,77337,RN104,48.82902097,2.61865052,Plein jour,Hors agglomération,Hors intersection,Pluie légère,Autre collision,2,1,2,0,2,3,2,3,1,50,1,2,0,0,0,2,22.0,,voiture,,1,1,1,2,6
202400030389,2024-05-20 11:40:00,2024,5,20,11,40,88,88383,RD 57,47.98664,6.59049,Plein jour,Hors agglomération,Hors intersection,Normale,Deux véhicules - frontale,3,2,2,0,2,1,1,0,1,80,2,2,0,1,0,1,58.0,27.0,deux_roues,deux_roues,1,1,1,1,1
202400030390,2024-06-15 12:50:00,2024,6,15,12,50,62,62737,D937E1,50.46608488,2.68570161,Plein jour,En agglomération,Hors intersection,Normale,Sans collision,3,2,1,0,2,2,1,0,1,80,1,1,0,0,1,0,49.0,,deux_roues,,1,2,1,1,7
202400030391,2024-06-22 02:10:00,2024,6,22,2,10,43,43234,D32,44.97044779,3.53621203,Nuit sans éclairage public,Hors agglomération,Hors intersection,Normale,Sans collision,3,2,2,0,2,1,1,0,1,80,1,2,0,1,1,0,16.0,,utilitaire_camion,,3,1,1,1,7
202400030392,2024-06-22 10:50:00,2024,6,22,10,50,43,43267,route de chamalières,45.20284649,3.94643409,Plein jour,Hors agglomération,Hors intersection,Temps couvert,Trois véhicules et plus - collisions multiples,3,2,2,0,1,1,1,0,1,80,3,3,0,1,0,2,21.0,56.0,deux_roues,voiture,1,1,1,8,5
202400030393,2024-06-24 16:10:00,2024,6,24,16,10,74,74070,D1005,46.284052,6.260383,Plein jour,Hors agglomération,Intersection en T,Normale,Deux véhicules - frontale,3,2,2,0,1,1,1,0,1,70,2,2,0,0,1,1,40.0,30.0,deux_roues,voiture,1,1,3,1,1
202400030393,2024-06-24 16:10:00,2024,6,24,16,10,74,74070,D1005,46.284052,6.260383,Plein jour,Hors agglomération,Intersection en T,Normale,Deux véhicules - frontale,3,2, -1,-1,1,1,1,0,1,-1,2,2,0,0,1,1,40.0,30.0,deux_roues,voiture,1,1,3,1,1
202400030394,2024-08-05 16:00:00,2024,8,5,16,0,74,74012,EUROPE (AVENUE DE L'),46.17783,6.23765,Plein jour,En agglomération,Intersection en T,Normale,Trois véhicules et plus - en chaîne,4,2,2,0,1,1,1,0,1,50,4,12,9,0,0,3,19.0,24.0,voiture,voiture,1,2,3,1,4
202400030394,2024-08-05 16:00:00,2024,8,5,16,0,74,74012,EUROPE (AVENUE DE L'),46.17783,6.23765,Plein jour,En agglomération,Intersection en T,Normale,Trois véhicules et plus - en chaîne,4,2,2,0,1,1,1,0,1,50,4,12,9,0,0,3,19.0,24.0,voiture,voiture,1,2,3,1,4
202400030395,2024-07-20 10:56:00,2024,7,20,10,56,74,74134,Impasse de la grange neuve,46.154277,6.667196,Plein jour,En agglomération,Intersection en Y,Normale,Autre collision,4,2,2,0,2,1,1,5,1,50,1,2,1,0,1,0,37.0,,utilitaire_camion,,1,2,4,1,6
202400030395,2024-07-20 10:56:00,2024,7,20,10,56,74,74134,Impasse de la grange neuve,46.154277,6.667196,Plein jour,En agglomération,Intersection en Y,Normale,Autre collision,4,2, -1,-1,2,1,1,0,1,-1,1,2,1,0,1,0,37.0,,utilitaire_camion,,1,2,4,1,6
202400030396,2024-07-10 20:15:00,2024,7,10,20,15,74,74010,Chemin de la confrérie,45.880142,6.091415,Plein jour,En agglomération,Hors intersection,Normale,Deux véhicules - frontale,4,1,1,0,2,2,1,0,1,50,2,2,1,0,1,0,14.0,19.0,deux_roues,utilitaire_camion,1,2,1,1,1
202400030397,2024-08-02 14:30:00,2024,8,2,14,30,74,74012,ETREMBIERES (ROUTE D'),46.19003,6.2332,Plein jour,En agglomération,Giratoire,Normale,Deux véhicules - arrière,4,-1,0,0,1,1,1,0,1,50,2,2,1,0,0,1,37.0,32.0,voiture,deux_roues,1,2,6,1,2
202400030397,2024-08-02 14:30:00,2024,8,2,14,30,74,74012,ETREMBIERES (ROUTE D'),46.19003,6.2332,Plein jour,En agglomération,Giratoire,Normale,Deux véhicules - arrière,4,-1,2,0,1,2,1,0,1,30,2,2,1,0,0,1,37.0,32.0,voiture,deux_roues,1,2,6,1,2
202400030398,2024-07-29 17:40:00,2024,7,29,17,40,74,74012,DE GAULLE (AVENUE CHARLES),46.18439,6.24697,Plein jour,En agglomération,Hors intersection,Normale,Deux véhicules - côté,3,1,2,0,1,1,1,0,1,50,2,2,1,0,0,1,18.0,52.0,voiture,deux_roues,1,2,1,1,3
202400030399,2024-07-22 22:34:00,2024,7,22,22,34,74,74297,Route de Geneve,45.921114,5.934961,Nuit sans éclairage public,En agglomération,Hors intersection,Normale,Deux véhicules - frontale,3,2,2,0,1,3,1,0,1,50,2,6,0,0,3,3,31.0,37.0,voiture,voiture,3,2,1,1,1
202400030400,2024-08-04 23:35:00,2024,8,4,23,35,74,74010,LOVERCHY (CIMETIERE/AVENUE),45.89677,6.12073,Nuit avec éclairage allumé,En agglomération,Intersection en X,Normale,Deux véhicules - côté,3,2,3,1,1,1,1,5,1,50,2,2,1,0,0,1,31.0,21.0,utilitaire_camion,voiture,5,2,2,1,3
202400030400,2024-08-04 23:35:00,2024,8,4,23,35,74,74010,LOVERCHY (CIMETIERE/AVENUE),45.89677,6.12073,Nuit avec éclairage allumé,En agglomération,Intersection en X,Normale,Deux véhicules - côté,3,2,3,0,1,1,1,0,1,50,2,2,1,0,0,1,31.0,21.0,utilitaire_camion,voiture,5,2,2,1,3
202400030401,2024-07-17 18:15:00,2024,7,17,18,15,74,74108,168 R des Pres Bernard,45.827066,6.1999,Plein jour,En agglomération,Hors intersection,Normale,Sans collision,4,2,2,0,1,2,1,0,4,50,1,1,0,0,1,0,79.0,,deux_roues,,1,2,1,1,7
202400030402,2024-07-14 11:30:00,2024,7,14,11,30,74,74159,D1205,45.995158,6.630673,Plein jour,Hors agglomération,Intersection en X,Normale,Deux véhicules - côté,3,2,2,0,1,1,1,0,1,70,2,3,2,0,1,0,19.0,61.0,voiture,deux_roues,1,1,2,1,3
202400030402,2024-07-14 11:30:00,2024,7,14,11,30,74,74159,D1205,45.995158,6.630673,Plein jour,Hors agglomération,Intersection en X,Normale,Deux véhicules - côté,3,2, -1,-1,1,1,1,0,1,-1,2,3,2,0,1,0,19.0,61.0,voiture,deux_roues,1,1,2,1,3
202400030403,2024-07-14 12:45:00,2024,7,14,12,45,74,74278,25 Route du plan,46.081827,6.538217,Plein jour,En agglomération,Intersection en T,Normale,Deux véhicules - côté,4,2, -1,-1,1,1,1,0,1,-1,2,2,1,0,1,0,37.0,77.0,voiture,deux_roues,1,2,3,1,3
202400030403,2024-07-14 12:45:00,2024,7,14,12,45,74,74278,25 Route du plan,46.081827,6.538217,Plein jour,En agglomération,Intersection en T,Normale,Deux véhicules - côté,4,2,2,1,1,1,1,0,1,50,2,2,1,0,1,0,37.0,77.0,voiture,deux_roues,1,2,3,1,3
202400030404,2024-07-14 06:30:00,2024,7,14,6,30,74,74001,D22,46.287937,6.689923,Crépuscule ou aube,Hors agglomération,Hors intersection,Normale,Autre collision,3,2,2,0,2,1,1,0,3,80,1,2,1,0,1,0,18.0,,voiture,,2,1,1,1,6
202400030405,2024-07-12 17:35:00,2024,7,12,17,35,74,74267,1076 Route d'albertville,45.873985,6.1415,Plein jour,En agglomération,Hors intersection,Normale,Autre collision,3,3,2,0,4,1,1,0,1,50,1,3,1,0,1,1,17.0,,deux_roues,,1,2,1,1,6
202400030406,2024-07-22 11:35:00,2024,7,22,11,35,74,74236,317 Avenue de geneve,45.904986,6.700437,Plein jour,En agglomération,Hors intersection,Normale,Autre collision,3,2,2,0,2,1,1,9,1,50,1,7,1,0,2,4,71.0,,voiture,,1,2,1,1,6
202400030407,2024-07-13 22:12:00,2024,7,13,22,12,74,74256,route de Méribel,45.949893,6.643628,Nuit sans éclairage public,En agglomération,Autre intersection,Normale,Deux véhicules - frontale,4,4,2,0,1,1,1,9,1,50,2,2,1,0,1,0,33.0,26.0,deux_roues,voiture,3,2,9,1,1
202400030408,2024-07-12 15:10:00,2024,7,12,15,10,74,74238,D902,46.247067,6.636627,Plein jour,Hors agglomération,Hors intersection,Normale,Trois véhicules et plus - collisions multiples,3,2,2,0,1,2,1,1,1,80,4,5,3,1,1,0,62.0,62.0,voiture,voiture,1,1,1,1,5
202400030409,2024-07-11 17:00:00,2024,7,11,17,0,74,74293,Route des Voirons,46.269031,6.258304,Plein jour,En agglomération,Hors intersection,Normale,Deux véhicules - côté,3,2,2,0,1,3,1,0,1,50,2,2,1,0,0,1,36.0,44.0,voiture,deux_roues,1,2,1,1,3
202400030410,2024-07-02 12:05:00,2024,7,2,12,5,74,74201,A41,46.109061,6.09458,Plein jour,Hors agglomération,Hors intersection,Normale,Deux véhicules - arrière,1,3,2,0,2,2,1,0,1,110,2,3,0,0,1,2,70.0,49.0,voiture,voiture,1,1,1,1,2
202400030411,2024-07-07 01:00:00,2024,7,7,1,0,74,74263,route de bonnatrait,46.335706,6.398538,Nuit avec éclairage allumé,Hors agglomération,Hors intersection,Normale,Deux véhicules - frontale,3,2,0,0,3,1,1,9,1,80,2,4,3,0,1,0,72.0,25.0,voiture,voiture,5,1,1,1,1
202400030412,2024-07-08 07:00:00,2024,7,8,7,0,74,74191,Chemin des raverettes,46.155532,6.705064,Crépuscule ou aube,Hors agglomération,Hors intersection,Normale,Sans collision,4,2,2,0,2,2,1,0,3,80,1,1,0,1,0,0,38.0,,voiture,,2,1,1,1,7
202400030413,2024-06-28 09:50:00,2024,6,28,9,50,74,74295,D902,46.317488,6.602783,Plein jour,Hors agglomération,Hors intersection,Normale,Deux véhicules - côté,3,2,2,0,2,3,1,0,1,80,2,2,1,0,1,0,29.0,29.0,deux_roues,utilitaire_camion,1,1,1,1,3
202400030414,2024-06-25 17:20:00,2024,6,25,17,20,74,74264,avenue du mont blanc,46.055666,6.561161,Plein jour,En agglomération,Hors intersection,Normale,Deux véhicules - arrière,4,2,2,2,1,1,2,0,8,50,2,2,1,0,1,0,51.0,15.0,voiture,deux_roues,1,2,1,1,2
202400030415,2024-07-06 10:20:00,2024,7,6,10,20,74,74137,Route de la Filière,46.001329,6.203097,Plein jour,Hors agglomération,Hors intersection,Pluie forte,Autre collision,3,2,2,0,1,1,2,0,3,80,1,1,0,0,1,0,44.0,,voiture,,1,1,1,3,6
202400030416,2024-06-28 17:58:00,2024,6,28,17,58,74,74095,Route des bondets,45.951112,5.908703,Plein jour,Hors agglomération,Hors intersection,Normale,Deux véhicules - frontale,3,2,2,0,2,3,1,0,1,80,2,2,1,0,1,0,65.0,17.0,voiture,deux_roues,1,1,1,1,1
202400030417,2024-06-24 15:00:00,2024,6,24,15,0,74,74311,2863 Route des verdets,46.172541,6.403439,Plein jour,Hors agglomération,Hors intersection,Normale,Sans collision,4,2,2,0,2,1,1,0,3,50,1,1,0,0,1,0,22.0,,utilitaire_camion,,1,1,1,1,7
202400030418,2024-06-20 11:15:00,2024,6,20,11,15,74,74164,Avenue d'anterne,46.08016633,6.50341851,Plein jour,En agglomération,Intersection en X,Pluie légère,Deux véhicules - arrière,3,2,2,0,1,1,2,0,1,50,2,2,1,0,1,0,91.0,19.0,voiture,deux_roues,1,2,2,2,2
202400030418,2024-06-20 11:15:00,2024,6,20,11,15,74,74164,Avenue d'anterne,46.08016633,6.50341851,Plein jour,En agglomération,Intersection en X,Pluie légère,Deux véhicules - arrière,3,2, -1,-1,1,1,2,0,1,-1,2,2,1,0,1,0,91.0,19.0,voiture,deux_roues,1,2,2,2,2
202400030419,2024-06-19 09:15:00,2024,6,19,9,15,74,74233,Autoroute A41 sens ANNECY CHAMBERY,45.807582,5.983214,Plein jour,Hors agglomération,Autre intersection,Normale,Deux véhicules - arrière,1,3,2,0,2,2,1,2,1,130,2,3,0,0,0,3,71.0,57.0,utilitaire_camion,utilitaire_camion,1,1,9,1,2
202400030420,2024-10-04 13:35:00,2024,10,4,13,35,973,97302,ARAGO (FRANCOIS),4.93878,-52.33174,Plein jour,En agglomération,Intersection en X,Normale,Autre collision,4,2,2,0,1,1,1,0,1,50,1,2,1,0,0,1,84.0,,voiture,,1,2,2,1,6
202400030420,2024-10-04 13:35:00,2024,10,4,13,35,973,97302,ARAGO (FRANCOIS),4.93878,-52.33174,Plein jour,En agglomération,Intersection en X,Normale,Autre collision,4,1, -1,-1,1,1,1,0,1,-1,1,2,1,0,0,1,84.0,,voiture,,1,2,2,1,6
202400030421,2024-10-04 23:12:00,2024,10,4,23,12,973,97302,ZEPHIR (ROCADE),4.9381,-52.306,Nuit avec éclairage allumé,En agglomération,Hors intersection,Normale,Deux véhicules - côté,3,-1,2,0,4,1,1,0,1,50,2,2,1,0,0,1,29.0,15.0,voiture,deux_roues,5,2,1,1,3
202400030422,2024-10-04 19:32:00,2024,10,4,19,32,973,97302,BADUEL (ROUTE DE),4.93145,-52.30647,Nuit avec éclairage allumé,En agglomération,Autre intersection,Normale,Deux véhicules - côté,3,2,2,0,1,1,1,0,1,50,2,2,1,0,0,1,39.0,19.0,voiture,deux_roues,5,2,9,1,3
202400030422,2024-10-04 19:32:00,2024,10,4,19,32,973,97302,BADUEL (ROUTE DE),4.93145,-52.30647,Nuit avec éclairage allumé,En agglomération,Autre intersection,Normale,Deux véhicules - côté,3,2, -1,-1,1,1,1,0,1,-1,2,2,1,0,0,1,39.0,19.0,voiture,deux_roues,5,2,9,1,3
202400030423,2024-10-05 21:05:00,2024,10,5,21,5,69,69387,Avenue Jean Jaurès,45.74245,4.84017,Nuit avec éclairage allumé,En agglomération,Intersection en X,Normale,Deux véhicules - côté,4,2,2,3,1,1,1,0,8,30,2,2,1,0,0,1,70.0,21.0,voiture,deux_roues,5,2,2,1,3
202400030423,2024-10-05 21:05:00,2024,10,5,21,5,69,69387,Avenue Jean Jaurès,45.74245,4.84017,Nuit avec éclairage allumé,En agglomération,Intersection en X,Normale,Deux véhicules - côté,4,1,1,0,1,1,1,0,1,30,2,2,1,0,0,1,70.0,21.0,voiture,deux_roues,5,2,2,1,3
202400030424,2024-10-05 08:40:00,2024,10,5,8,40,971,97120,VICTOIRE(PLACE DE LA),16.23694,-61.5348,Plein jour,En agglomération,Hors intersection,Normale,Autre collision,4,1,1,0,1,1,1,0,1,30,1,2,1,0,0,1,33.0,,voiture,,1,2,1,1,6
202400030425,2024-10-05 06:25:00,2024,10,5,6,25,971,97113,SECTION TOMBEAU,16.22927,-61.47533,Crépuscule ou aube,Hors agglomération,Hors intersection,Normale,Sans collision,3,2, -1,0,1,2,1,0,3,80,1,1,0,0,0,1,25.0,,voiture,,2,1,1,1,7
202400030426,2024-10-05 00:35:00,2024,10,5,0,35,2A,2A004,1 Cours Jean Nicoli,41.93219432,8.74071836,Nuit sans éclairage public,En agglomération,Intersection en Y,Normale,Deux véhicules - frontale,2,2,2,0,1,1,1,0,1,50,2,2,1,0,0,1,59.0,18.0,utilitaire_camion,deux_roues,3,2,4,1,1
202400030426,2024-10-05 00:35:00,2024,10,5,0,35,2A,2A004,1 Cours Jean Nicoli,41.93219432,8.74071836,Nuit sans éclairage public,En agglomération,Intersection en Y,Normale,Deux véhicules - frontale,2,2,2,0,1,1,1,0,1,50,2,2,1,0,0,1,59.0,18.0,utilitaire_camion,deux_roues,3,2,4,1,1
202400030427,2024-10-05 16:10:00,2024,10,5,16,10,91,91228,BD CHAMPS ELYSEES 198,48.64099,2.42808,Plein jour,En agglomération,Autre intersection,Temps éblouissant,Autre collision,3,1,1,0,1,3,1,0,8,50,1,2,1,0,0,1,75.0,,voiture,,1,2,9,7,6
202400030428,2024-10-05 12:30:00,2024,10,5,12,30,91,91174,BD JEAN JAURES,48.61161,2.46177,Plein jour,En agglomération,Giratoire,Normale,Deux véhicules - côté,3,1,0,0,1,2,1,9,1,15,2,2,1,0,0,1,46.0,25.0,deux_roues,voiture,1,2,6,1,3
202400030428,2024-10-05 12:30:00,2024,10,5,12,30,91,91174,BD JEAN JAURES,48.61161,2.46177,Plein jour,En agglomération,Giratoire,Normale,Deux véhicules - côté,3,1,0,0,1,1,1,0,1,50,2,2,1,0,0,1,46.0,25.0,deux_roues,voiture,1,2,6,1,3
202400030429,2024-10-05 15:00:00,2024,10,5,15,0,30,30011,100 (ROUTE NATIONALE),43.958266,4.745901,Plein jour,En agglomération,Giratoire,Normale,Deux véhicules - côté,2,3,2,0,1,3,1,9,1,50,2,2,1,0,0,1,59.0,18.0,voiture,deux_roues,1,2,6,1,3
202400030429,2024-10-05 15:00:00,2024,10,5,15,0,30,30011,100 (ROUTE NATIONALE),43.958266,4.745901,Plein jour,En agglomération,Giratoire,Normale,Deux véhicules - côté,2,3,2,0,1,1,1,9,1,-1,2,2,1,0,0,1,59.0,18.0,voiture,deux_roues,1,2,6,1,3
202400030430,2024-10-05 16:25:00,2024,10,5,16,25,83,83061,D8,43.42577,6.71425,Plein jour,En agglomération,Intersection en T,Normale,Deux véhicules - côté,3,2,2,0,1,1,1,0,1,50,2,3,0,0,1,2,21.0,34.0,voiture,deux_roues,1,2,3,1,3
202400030430,2024-10-05 16:25:00,2024,10,5,16,25,83,83061,D8,43.42577,6.71425,Plein jour,En agglomération,Intersection en T,Normale,Deux véhicules - côté,3,2,2,0,1,1,1,0,1,70,2,3,0,0,1,2,21.0,34.0,voiture,deux_roues,1,2,3,1,3
202400030431,2024-10-05 17:25:00,2024,10,5,17,25,78,78224,JEAN MERMOZ (RUE),48.86887,2.0714,Plein jour,En agglomération,Hors intersection,Normale,Deux véhicules - arrière,3,1,1,0,1,2,1,0,1,30,2,2,1,0,0,1,22.0,32.0,voiture,deux_roues,1,2,1,1,2
202400030432,2024-10-04 22:55:00,2024,10,4,22,55,78,78172,AMBASSADEUR (RUE DE L'),49.01325,2.09011,Nuit avec éclairage allumé,En agglomération,Intersection en X,Normale,Deux véhicules - côté,2,-1,2,0,1,1,1,5,1,70,2,3,1,0,0,2,45.0,21.0,voiture,voiture,5,2,2,1,3
202400030432,2024-10-04 22:55:00,2024,10,4,22,55,78,78172,AMBASSADEUR (RUE DE L'),49.01325,2.09011,Nuit avec éclairage allumé,En agglomération,Intersection en X,Normale,Deux véhicules - côté,2,2, -1,-1,1,1,1,0,1,-1,2,3,1,0,0,2,45.0,21.0,voiture,voiture,5,2,2,1,3
202400030433,2024-10-05 18:35:00,2024,10,5,18,35,77,77083,PAUL CEZANNE (AVENUE),48.8404,2.6038,Plein jour,En agglomération,Hors intersection,Normale,Autre collision,4,2,0,0,2,2,1,0,1,30,1,1,0,0,0,1,43.0,,deux_roues,,1,2,1,1,6
202400030434,2024-10-04 17:35:00,2024,10,4,17,35,73,73065,Place du 8 mai 1945,45.5664,5.92125,Plein jour,En agglomération,Hors intersection,Normale,Autre collision,4,2,2,0,1,1,1,0,1,30,1,2,1,0,0,1,67.0,,voiture,,1,2,1,1,6
202400030435,2024-10-05 16:45:00,2024,10,5,16,45,72,72181,BARBUSSE HENRI (RUE),47.98901,0.1908,Plein jour,En agglomération,Intersection en T,Normale,Deux véhicules - frontale,4,2,2,0,1,1,1,0,1,50,2,3,2,0,0,1,15.0,54.0,deux_roues,utilitaire_camion,1,2,3,1,1
202400030435,2024-10-05 16:45:00,2024,10,5,16,45,72,72181,BARBUSSE HENRI (RUE),47.98901,0.1908,Plein jour,En agglomération,Intersection en T,Normale,Deux véhicules - frontale,4,2,2,0,1,1,1,0,1,50,2,3,2,0,0,1,15.0,54.0,deux_roues,utilitaire_camion,1,2,3,1,1
202400030436,2024-10-04 22:45:00,2024,10,4,22,45,71,71270,HERRIOT (AVENUE EDOUARD),46.29504,4.82023,Nuit avec éclairage allumé,En agglomération,Giratoire,Normale,Autre collision,3,2,2,0,1,1,1,9,1,50,1,2,0,2,0,0,22.0,,voiture,,5,2,6,1,6
202400030436,2024-10-04 22:45:00,2024,10,4,22,45,71,71270,HERRIOT (AVENUE EDOUARD),46.29504,4.82023,Nuit avec éclairage allumé,En agglomération,Giratoire,Normale,Autre collision,3,2,4,-1,1,1,1,5,1,70,1,2,0,2,0,0,22.0,,voiture,,5,2,6,1,6
202400030437,2024-10-05 23:10:00,2024,10,5,23,10,67,67482,POLYGONE (ROUTE DU),48.56397,7.76111,Nuit avec éclairage allumé,En agglomération,Intersection en T,Normale,Deux véhicules - côté,4,2,2,0,1,1,1,0,1,50,2,2,1,0,0,1,36.0,25.0,voiture,deux_roues,5,2,3,1,3
202400030437,2024-10-05 23:10:00,2024,10,5,23,10,67,67482,POLYGONE (ROUTE DU),48.56397,7.76111,Nuit avec éclairage allumé,En agglomération,Intersection en T,Normale,Deux véhicules - côté,4,2,4,2,1,1,1,0,1,50,2,2,1,0,0,1,36.0,25.0,voiture,deux_roues,5,2,3,1,3
202400030438,2024-10-04 16:40:00,2024,10,4,16,40,64,64122,DASSAULT MARCEL (BD),43.4653,-1.54249,Plein jour,En agglomération,Hors intersection,Normale,Deux véhicules - arrière,3,2,3,0,1,1,1,0,1,50,2,3,1,0,0,2,86.0,62.0,voiture,voiture,1,2,1,1,2
202400030439,2024-10-05 13:50:00,2024,10,5,13,50,63,63113,THERMAL (BD) / av du Puy de Dôme,45.78768,3.05762,Plein jour,En agglomération,Intersection en X,Normale,Deux véhicules - arrière,7,2,2,-1,1,1,1,5,1,50,2,2,1,0,0,1,18.0,34.0,deux_roues,voiture,1,2,2,1,2
202400030439,2024-10-05 13:50:00,2024,10,5,13,50,63,63113,THERMAL (BD) / av du Puy de Dôme,45.78768,3.05762,Plein jour,En agglomération,Intersection en X,Normale,Deux véhicules - arrière,7,2,2,0,1,1,1,0,1,50,2,2,1,0,0,1,18.0,34.0,deux_roues,voiture,1,2,2,1,2