accident_id,datetime,annee,mois,jour,heure,minute,departement,commune_insee,adresse,latitude,longitude,luminosite,agglomeration,intersection,meteo,collision,catr,circ,nbv,vosp,prof,plan,surf,infra,situ,vma,nb_vehicules,nb_usagers,nb_indemnes,nb_tues,nb_blesses_hosp,nb_blesses_legers,age_cond_1,age_cond_2,veh_type_cond_1,veh_type_cond_2,lum_code,agg_code,int_code,atm_code,col_code
202400030440,2024-10-05 13:00:00,2024,10,5,13,0,63,63113,COTE BLATIN (BD),45.76817,3.08863,Plein jour,En agglomération,Intersection en T,Normale,Trois véhicules et plus - en chaîne,4,-1, -1,-1,1,1,1,0,1,-1,3,3,2,0,0,1,47.0,44.0,voiture,voiture,1,2,3,1,4
202400030440,2024-10-05 13:00:00,2024,10,5,13,0,63,63113,COTE BLATIN (BD),45.76817,3.08863,Plein jour,En agglomération,Intersection en T,Normale,Trois véhicules et plus - en chaîne,4,2,2,0,1,1,1,0,1,50,3,3,2,0,0,1,47.0,44.0,voiture,voiture,1,2,3,1,4
202400030441,2024-10-04 19:30:00,2024,10,4,19,30,59,59636,LECLERCQ RUE DU GENERAL,50.68492,3.04928,Plein jour,En agglomération,Hors intersection,Normale,Autre collision,4,2,2,0,1,1,1,0,1,50,1,2,0,0,1,1,72.0,,voiture,,1,2,1,1,6
202400030442,2024-10-04 10:15:00,2024,10,4,10,15,59,59560,Rue Roger Bouvry,50.54535,3.02512,Plein jour,En agglomération,Hors intersection,Normale,Autre collision,7,2,2,0,1,1,1,0,1,30,1,3,2,0,0,1,77.0,,voiture,,1,2,1,1,6
202400030443,2024-10-05 19:35:00,2024,10,5,19,35,59,59122,SOUFFLETS (RUE DES),50.16511,3.24834,Plein jour,En agglomération,Hors intersection,Normale,Autre collision,4,2,2,0,1,1,1,0,4,50,1,3,0,0,1,2,20.0,,voiture,,1,2,1,1,6
202400030444,2024-10-05 17:50:00,2024,10,5,17,50,56,56121,Avenue Raymond Queudet,47.75838,-3.39047,Plein jour,En agglomération,Giratoire,Normale,Deux véhicules - frontale,4,2,2,1,1,1,1,-1,4,30,2,2,1,0,0,1,57.0,25.0,deux_roues,deux_roues,1,2,6,1,1
202400030445,2024-10-05 21:15:00,2024,10,5,21,15,51,51454,PIPER (RUE),49.2551,4.0405,Nuit avec éclairage allumé,En agglomération,Intersection en X,Normale,Deux véhicules - côté,4,2, -1,-1,1,1,1,-1,1,50,2,2,1,0,0,1,46.0,,deux_roues,voiture,5,2,2,1,3
202400030445,2024-10-05 21:15:00,2024,10,5,21,15,51,51454,PIPER (RUE),49.2551,4.0405,Nuit avec éclairage allumé,En agglomération,Intersection en X,Normale,Deux véhicules - côté,4,3,2,1,1,1,1,9,1,30,2,2,1,0,0,1,46.0,,deux_roues,voiture,5,2,2,1,3
202400030446,2024-10-05 17:13:00,2024,10,5,17,13,49,49007,NOYERS,47.46572,-0.53138,Plein jour,En agglomération,Hors intersection,Normale,Deux véhicules - arrière,4,2,2,0,1,1,1,0,1,50,2,2,1,0,0,1,52.0,56.0,deux_roues,deux_roues,1,2,1,1,2
202400030447,2024-10-05 14:56:00,2024,10,5,14,56,49,49353,MALEMBARDIERES,47.4508,-0.47277,Plein jour,En agglomération,Hors intersection,Normale,Deux véhicules - arrière,4,2,1,0,1,1,1,0,1,50,2,3,2,0,0,1,76.0,24.0,voiture,voiture,1,2,1,1,2
202400030448,2024-10-05 02:00:00,2024,10,5,2,0,44,44109,48 Route de Sainte Luce,47.23067,-1.52322,Nuit avec éclairage allumé,En agglomération,Giratoire,Normale,Deux véhicules - frontale,4,2,2,0,1,1,1,5,1,30,2,2,1,0,1,0,35.0,22.0,voiture,voiture,5,2,6,1,1
202400030449,2024-10-05 10:45:00,2024,10,5,10,45,37,37261,POMPIDOU (AVENUE GEORGES),47.39459,0.70461,Plein jour,En agglomération,Giratoire,Normale,Autre collision,4,2,3,0,1,1,1,0,1,50,1,2,1,0,1,0,43.0,,voiture,,1,2,6,1,6
202400030450,2024-10-05 04:38:00,2024,10,5,4,38,37,37261,MIRABEAU (RUE),47.39753,0.69946,Nuit avec éclairage allumé,En agglomération,Intersection en X,Normale,Deux véhicules - côté,4,2,3,0,1,1,1,0,1,50,2,2,1,0,0,1,26.0,,voiture,voiture,5,2,2,1,3
202400030450,2024-10-05 04:38:00,2024,10,5,4,38,37,37261,MIRABEAU (RUE),47.39753,0.69946,Nuit avec éclairage allumé,En agglomération,Intersection en X,Normale,Deux véhicules - côté,4,-1,3,0,2,1,1,0,1,50,2,2,1,0,0,1,26.0,,voiture,voiture,5,2,2,1,3
202400030451,2024-10-04 17:15:00,2024,10,4,17,15,34,34172,LAVERUNE (ROUTE DE,43.59688,3.83831,Plein jour,En agglomération,Hors intersection,Normale,Deux véhicules - côté,7,2,2,1,1,1,1,6,5,25,2,2,1,0,1,0,9.0,60.0,deux_roues,deux_roues,1,2,1,1,3
202400030452,2024-10-05 20:15:00,2024,10,5,20,15,33,33063,,44.85825,-0.62321,Nuit avec éclairage allumé,En agglomération,Intersection en X,Normale,Deux véhicules - frontale,4,2,4,0,1,1,1,5,1,30,2,2,1,0,1,0,34.0,16.0,voiture,deux_roues,5,2,2,1,1
202400030452,2024-10-05 20:15:00,2024,10,5,20,15,33,33063,,44.85825,-0.62321,Nuit avec éclairage allumé,En agglomération,Intersection en X,Normale,Deux véhicules - frontale,4,2,2,0,1,1,1,5,1,30,2,2,1,0,1,0,34.0,16.0,voiture,deux_roues,5,2,2,1,1
202400030453,2024-10-05 12:55:00,2024,10,5,12,55,33,33550,,44.78208,-0.54036,Plein jour,En agglomération,Intersection en X,Normale,Trois véhicules et plus - collisions multiples,4,2,8,2,1,1,1,5,1,50,3,3,1,0,1,1,47.0,16.0,voiture,deux_roues,1,2,2,1,5
202400030453,2024-10-05 12:55:00,2024,10,5,12,55,33,33550,,44.78208,-0.54036,Plein jour,En agglomération,Intersection en X,Normale,Trois véhicules et plus - collisions multiples,4,2,8,0,1,1,1,5,1,50,3,3,1,0,1,1,47.0,16.0,voiture,deux_roues,1,2,2,1,5
202400030454,2024-10-05 02:50:00,2024,10,5,2,50,33,33069,,44.85379,-0.59359,Nuit avec éclairage allumé,En agglomération,Intersection en X,Normale,Autre collision,4,1,1,0,1,1,1,0,1,50,1,2,1,0,0,1,32.0,,deux_roues,,5,2,2,1,6
202400030454,2024-10-05 02:50:00,2024,10,5,2,50,33,33069,,44.85379,-0.59359,Nuit avec éclairage allumé,En agglomération,Intersection en X,Normale,Autre collision,4,3,2,0,1,1,1,0,1,50,1,2,1,0,0,1,32.0,,deux_roues,,5,2,2,1,6
202400030455,2024-10-04 22:35:00,2024,10,4,22,35,31,31555,VA007518 A68,43.64322185,1.49442616,Nuit avec éclairage allumé,Hors agglomération,Hors intersection,Normale,Deux véhicules - arrière,1,1,2,0,1,1,1,0,1,90,2,3,0,1,1,1,25.0,38.0,voiture,utilitaire_camion,5,1,1,1,2
202400030456,2024-10-05 04:30:00,2024,10,5,4,30,31,31555,Rd Pt Firmin Pons,43.5690685,1.37399107,Nuit avec éclairage allumé,Hors agglomération,Giratoire,Normale,Autre collision,7,3,3,0,2,2,1,9,3,90,1,2,1,0,0,1,,,voiture,,5,1,6,1,6
202400030457,2024-10-05 13:05:00,2024,10,5,13,5,25,25056,MITTERAND AVENUE FRANCOIS,47.22401,5.99278,Plein jour,En agglomération,Hors intersection,Normale,Deux véhicules - arrière,4,3,1,0,1,1,1,0,1,50,2,2,1,0,0,1,57.0,38.0,voiture,voiture,1,2,1,1,2
202400030458,2024-10-05 23:08:00,2024,10,5,23,8,17,17300,HUGUENOTE   RUE DE LA,46.150058,-1.154772,Nuit avec éclairage allumé,En agglomération,Intersection en X,Pluie forte,Deux véhicules - côté,4,2,2,0,1,1,2,5,1,30,2,3,1,0,0,2,28.0,17.0,utilitaire_camion,deux_roues,5,2,2,3,3
202400030458,2024-10-05 23:08:00,2024,10,5,23,8,17,17300,HUGUENOTE   RUE DE LA,46.150058,-1.154772,Nuit avec éclairage allumé,En agglomération,Intersection en X,Pluie forte,Deux véhicules - côté,4,2,2,0,1,1,2,5,1,30,2,3,1,0,0,2,28.0,17.0,utilitaire_camion,deux_roues,5,2,2,3,3
202400030459,2024-10-04 17:55:00,2024,10,4,17,55,15,15014,Giratoire  Canteloube/Marmiesse,44.90658,2.43949,Plein jour,En agglomération,Giratoire,Normale,Deux véhicules - côté,4,-1,2,0,1,1,1,9,1,50,2,2,1,0,0,1,50.0,17.0,utilitaire_camion,deux_roues,1,2,6,1,3
202400030459,2024-10-04 17:55:00,2024,10,4,17,55,15,15014,Giratoire  Canteloube/Marmiesse,44.90658,2.43949,Plein jour,En agglomération,Giratoire,Normale,Deux véhicules - côté,4,2,2,0,1,2,1,0,1,50,2,2,1,0,0,1,50.0,17.0,utilitaire_camion,deux_roues,1,2,6,1,3
202400030460,2024-10-05 15:30:00,2024,10,5,15,30,13,13205,SAKAKINI (BOULEVARD),43.29559128,5.40052952,Plein jour,En agglomération,Hors intersection,Normale,Deux véhicules - côté,4,4,4,0,1,1,1,0,1,50,2,3,1,0,1,1,15.0,41.0,deux_roues,voiture,1,2,1,1,3
202400030461,2024-10-05 11:10:00,2024,10,5,11,10,06,06088,Boulevard du Mercantour,43.702671,7.189244,Plein jour,En agglomération,Giratoire,Normale,Deux véhicules - côté,7,1,1,0,1,2,1,0,1,50,2,5,1,0,0,4,35.0,41.0,utilitaire_camion,voiture,1,2,6,1,3
202400030461,2024-10-05 11:10:00,2024,10,5,11,10,06,06088,Boulevard du Mercantour,43.702671,7.189244,Plein jour,En agglomération,Giratoire,Normale,Deux véhicules - côté,7,1,2,0,1,2,1,0,1,50,2,5,1,0,0,4,35.0,41.0,utilitaire_camion,voiture,1,2,6,1,3
202400030462,2024-10-05 08:55:00,2024,10,5,8,55,06,06069,80 Boulevard Docteur Belletrud,43.665116,6.892299,Plein jour,Hors agglomération,Hors intersection,Normale,Deux véhicules - frontale,3,2,2,0,1,3,1,0,1,70,2,2,0,0,0,2,19.0,76.0,voiture,voiture,1,1,1,1,1
202400030463,2024-10-05 19:45:00,2024,10,5,19,45,01,01053,boulevard édouard herriot,46.21297,5.218326,Nuit avec éclairage allumé,En agglomération,Intersection en T,Normale,Deux véhicules - côté,3,2,4,0,1,1,1,0,1,50,2,7,3,0,0,4,22.0,21.0,voiture,voiture,5,2,3,1,3
202400030463,2024-10-05 19:45:00,2024,10,5,19,45,01,01053,boulevard édouard herriot,46.21297,5.218326,Nuit avec éclairage allumé,En agglomération,Intersection en T,Normale,Deux véhicules - côté,3,2,2,0,1,1,1,0,1,50,2,7,3,0,0,4,22.0,21.0,voiture,voiture,5,2,3,1,3
202400030464,2024-10-04 16:40:00,2024,10,4,16,40,01,01053,MERCIER (AVENUE AMEDEE DU 45 AU FIN),46.19742,5.2624,Plein jour,En agglomération,Hors intersection,Normale,Deux véhicules - arrière,3,2,2,0,1,1,1,0,1,50,2,3,1,0,0,2,34.0,47.0,voiture,voiture,1,2,1,1,2
202400030465,2024-10-05 18:35:00,2024,10,5,18,35,75,75113,BD PERIPHERIQUE INTERIEUR,48.822433,2.380221,Plein jour,En agglomération,Hors intersection,Normale,Deux véhicules - arrière,4,1,4,0,1,1,1,2,1,50,2,2,1,0,0,1,61.0,55.0,utilitaire_camion,voiture,1,2,1,1,2
202400030466,2024-10-05 06:00:00,2024,10,5,6,0,75,75119,RUE D AUBERVILLIERS,48.886383,2.36662,Nuit avec éclairage allumé,En agglomération,Intersection en T,Normale,Autre collision,4,1, -1,-1,1,1,1,0,1,30,1,1,0,0,0,1,44.0,,voiture,,5,2,3,1,6
202400030466,2024-10-05 06:00:00,2024,10,5,6,0,75,75119,RUE D AUBERVILLIERS,48.886383,2.36662,Nuit avec éclairage allumé,En agglomération,Intersection en T,Normale,Autre collision,4,1,3,1,1,1,1,0,3,30,1,1,0,0,0,1,44.0,,voiture,,5,2,3,1,6
202400030467,2024-10-05 08:36:00,2024,10,5,8,36,75,75119,AVENUE DE FLANDRE,48.884064,2.368701,Plein jour,En agglomération,Intersection en X,Normale,Autre collision,4,1,2,0,1,1,1,0,1,30,2,2,1,0,1,0,28.0,30.0,deux_roues,voiture,1,2,2,1,6
202400030467,2024-10-05 08:36:00,2024,10,5,8,36,75,75119,AVENUE DE FLANDRE,48.884064,2.368701,Plein jour,En agglomération,Intersection en X,Normale,Autre collision,4,1,2,0,1,1,1,0,1,30,2,2,1,0,1,0,28.0,30.0,deux_roues,voiture,1,2,2,1,6
202400030468,2024-10-05 14:35:00,2024,10,5,14,35,75,75117,RUE POUCHET,48.892256,2.319082,Plein jour,En agglomération,Hors intersection,Normale,Autre collision,4,2,2,0,1,1,1,0,1,30,1,2,1,0,0,1,57.0,,voiture,,1,2,1,1,6
202400030469,2024-10-04 17:35:00,2024,10,4,17,35,75,75114,BOULEVARD BRUNE,48.824755,2.31831,Plein jour,En agglomération,Intersection en X,Normale,Deux véhicules - arrière,4,2,8,3,1,1,1,0,1,50,2,2,1,0,0,1,27.0,20.0,voiture,deux_roues,1,2,2,1,2
202400030469,2024-10-04 17:35:00,2024,10,4,17,35,75,75114,BOULEVARD BRUNE,48.824755,2.31831,Plein jour,En agglomération,Intersection en X,Normale,Deux véhicules - arrière,4,-1, -1,-1,1,1,1,0,1,50,2,2,1,0,0,1,27.0,20.0,voiture,deux_roues,1,2,2,1,2
202400030470,2024-10-05 02:50:00,2024,10,5,2,50,75,75107,BOULEVARD RASPAIL,48.854878,2.32575,Nuit avec éclairage allumé,En agglomération,Hors intersection,Normale,Sans collision,4,1,2,1,1,1,1,0,1,30,1,1,0,0,0,1,23.0,,deux_roues,,5,2,1,1,7
202400030471,2024-10-05 00:30:00,2024,10,5,0,30,75,75107,RUE VANEAU,48.851685,2.319042,Nuit avec éclairage allumé,En agglomération,Intersection en X,Normale,Deux véhicules - côté,4,1, -1,-1,1,1,1,0,1,30,2,2,1,0,0,1,14.0,40.0,deux_roues,voiture,5,2,2,1,3
202400030471,2024-10-05 00:30:00,2024,10,5,0,30,75,75107,RUE VANEAU,48.851685,2.319042,Nuit avec éclairage allumé,En agglomération,Intersection en X,Normale,Deux véhicules - côté,4,1,4,1,1,1,1,0,1,30,2,2,1,0,0,1,14.0,40.0,deux_roues,voiture,5,2,2,1,3
202400030472,2024-10-05 18:00:00,2024,10,5,18,0,94,94078,Avenue des Fusillés,48.72873,2.44785,Plein jour,En agglomération,Hors intersection,Normale,Sans collision,4,2,2,0,2,1,1,6,1,30,1,2,1,0,0,1,39.0,,voiture,,1,2,1,1,7
202400030473,2024-10-05 15:30:00,2024,10,5,15,30,94,94042,Avenue du President Kennedy,48.81735135,2.46720837,Plein jour,En agglomération,Autre intersection,Normale,Autre collision,3,1,2,0,2,2,1,0,1,50,1,2,1,0,0,1,78.0,,voiture,,1,2,9,1,6
202400030473,2024-10-05 15:30:00,2024,10,5,15,30,94,94042,Avenue du President Kennedy,48.81735135,2.46720837,Plein jour,En agglomération,Autre intersection,Normale,Autre collision,3,-1,3,0,1,1,1,0,8,50,1,2,1,0,0,1,78.0,,voiture,,1,2,9,1,6
202400030474,2024-10-05 06:50:00,2024,10,5,6,50,94,94038,Bd Paul Vaillant Couturier,48.78094,2.34127,Nuit avec éclairage allumé,En agglomération,Intersection en X,Pluie légère,Deux véhicules - frontale,3,-1,0,0,1,1,2,0,1,50,2,2,1,0,0,1,43.0,29.0,utilitaire_camion,deux_roues,5,2,2,2,1
202400030474,2024-10-05 06:50:00,2024,10,5,6,50,94,94038,Bd Paul Vaillant Couturier,48.78094,2.34127,Nuit avec éclairage allumé,En agglomération,Intersection en X,Pluie légère,Deux véhicules - frontale,3,-1,0,1,1,1,2,0,1,50,2,2,1,0,0,1,43.0,29.0,utilitaire_camion,deux_roues,5,2,2,2,1
202400030475,2024-10-05 19:00:00,2024,10,5,19,0,94,94069,Av du Mal de Lattre de Tassigny,48.82002988,2.41975687,Plein jour,En agglomération,Hors intersection,Normale,Deux véhicules - arrière,3,1,1,3,1,1,1,0,1,30,2,4,2,0,0,2,53.0,59.0,transport_commun,deux_roues,1,2,1,1,2
202400030476,2024-10-05 13:02:00,2024,10,5,13,2,94,94071,Rue des Fontaines,48.77232242,2.51748517,Plein jour,En agglomération,Intersection en T,Normale,Autre collision,4,2,2,0,1,1,1,0,1,30,1,2,1,0,0,1,40.0,,voiture,,1,2,3,1,6
202400030476,2024-10-05 13:02:00,2024,10,5,13,2,94,94071,Rue des Fontaines,48.77232242,2.51748517,Plein jour,En agglomération,Intersection en T,Normale,Autre collision,4,2,2,0,2,1,1,0,1,30,1,2,1,0,0,1,40.0,,voiture,,1,2,3,1,6
202400030477,2024-10-04 18:20:00,2024,10,4,18,20,94,94071,Route de Bonneuil,48.77048,2.50812,Plein jour,En agglomération,Hors intersection,Normale,Autre collision,4,2,1,0,3,2,1,2,1,30,1,1,0,0,1,0,26.0,,deux_roues,,1,2,1,1,6
202400030478,2024-10-05 18:30:00,2024,10,5,18,30,93,93078,DE GAULLE (AVENUE CHARLES),48.95703345,2.55488346,Plein jour,En agglomération,Hors intersection,Normale,Deux véhicules - arrière,4,3,2,0,1,1,1,0,1,30,2,2,1,0,0,1,45.0,31.0,voiture,voiture,1,2,1,1,2
202400030479,2024-10-05 20:20:00,2024,10,5,20,20,93,93073,PETITS PONTS (ROUTE DES),48.9622,2.55923,Nuit avec éclairage allumé,En agglomération,Intersection en X,Normale,Deux véhicules - côté,3,1,0,0,1,1,1,0,1,50,2,6,0,0,0,6,27.0,19.0,voiture,voiture,5,2,2,1,3
202400030479,2024-10-05 20:20:00,2024,10,5,20,20,93,93073,PETITS PONTS (ROUTE DES),48.9622,2.55923,Nuit avec éclairage allumé,En agglomération,Intersection en X,Normale,Deux véhicules - côté,3,-1,0,0,1,1,1,0,1,50,2,6,0,0,0,6,27.0,19.0,voiture,voiture,5,2,2,1,3
202400030480,2024-10-05 12:00:00,2024,10,5,12,0,93,93066,LIBERATION RD14 (BOULEVARD),48.92661417,2.34178865,Plein jour,En agglomération,Intersection en T,Normale,Deux véhicules - côté,3,2,4,1,1,1,1,0,1,50,2,2,1,0,0,1,29.0,48.0,voiture,deux_roues,1,2,3,1,3
202400030480,2024-10-05 12:00:00,2024,10,5,12,0,93,93066,LIBERATION RD14 (BOULEVARD),48.92661417,2.34178865,Plein jour,En agglomération,Intersection en T,Normale,Deux véhicules - côté,3,1,1,0,1,1,1,0,1,50,2,2,1,0,0,1,29.0,48.0,voiture,deux_roues,1,2,3,1,3
202400030481,2024-10-04 11:10:00,2024,10,4,11,10,93,93048,PAUL VAILLANT COUTURIER (BOULEVARD),48.86676606,2.44512054,Plein jour,En agglomération,Intersection en X,Normale,Deux véhicules - frontale,3,2,2,0,1,1,1,0,1,50,2,2,1,0,0,1,46.0,65.0,voiture,deux_roues,1,2,2,1,1
202400030481,2024-10-04 11:10:00,2024,10,4,11,10,93,93048,PAUL VAILLANT COUTURIER (BOULEVARD),48.86676606,2.44512054,Plein jour,En agglomération,Intersection en X,Normale,Deux véhicules - frontale,3,2,2,1,1,1,1,9,8,50,2,2,1,0,0,1,46.0,65.0,voiture,deux_roues,1,2,2,1,1
202400030482,2024-10-05 12:50:00,2024,10,5,12,50,93,93045,COQ FRANCAIS RUE DU,48.87841,2.41483,Plein jour,En agglomération,Hors intersection,Normale,Deux véhicules - côté,4,1,1,0,1,1,1,0,1,30,2,2,1,0,1,0,55.0,26.0,deux_roues,utilitaire_camion,1,2,1,1,3
202400030483,2024-10-05 11:45:00,2024,10,5,11,45,93,93079,ROGER SALENGRO,48.96235639,2.34458699,Plein jour,En agglomération,Hors intersection,Normale,Deux véhicules - frontale,4,2,2,0,1,1,1,0,1,50,2,2,1,0,0,1,32.0,29.0,voiture,deux_roues,1,2,1,1,1
202400030484,2024-10-04 18:51:00,2024,10,4,18,51,93,93029,HENRI BARBUSSE (AVE) N°2-124,48.91756423,2.44674683,Crépuscule ou aube,En agglomération,Intersection en T,Normale,Deux véhicules - côté,3,2,0,0,1,1,1,0,1,50,2,2,1,0,0,1,65.0,25.0,voiture,deux_roues,2,2,3,1,3
202400030484,2024-10-04 18:51:00,2024,10,4,18,51,93,93029,HENRI BARBUSSE (AVE) N°2-124,48.91756423,2.44674683,Crépuscule ou aube,En agglomération,Intersection en T,Normale,Deux véhicules - côté,3,1,1,0,1,1,1,0,1,50,2,2,1,0,0,1,65.0,25.0,voiture,deux_roues,2,2,3,1,3
202400030485,2024-10-05 14:46:00,2024,10,5,14,46,93,93001,PRESIDENT ROOSEVELT (AVENUE DU),48.91591,2.38037,Plein jour,En agglomération,Hors intersection,Normale,Autre collision,3,2,2,0,1,1,1,0,1,50,1,3,1,0,1,1,36.0,,voiture,,1,2,1,1,6
202400030486,2024-10-05 00:50:00,2024,10,5,0,50,92,92064,MARCEL DASSAULT,48.8541229,2.22263373,Nuit avec éclairage allumé,En agglomération,Intersection en T,Normale,Autre collision,3,2,3,0,1,1,1,0,1,50,1,2,1,0,0,1,31.0,,voiture,,5,2,3,1,6
202400030486,2024-10-05 00:50:00,2024,10,5,0,50,92,92064,MARCEL DASSAULT,48.8541229,2.22263373,Nuit avec éclairage allumé,En agglomération,Intersection en T,Normale,Autre collision,3,2,3,0,1,1,1,0,1,30,1,2,1,0,0,1,31.0,,voiture,,5,2,3,1,6
202400030487,2024-10-05 00:40:00,2024,10,5,0,40,92,92050,FAIDHERBE RUE,48.8973,2.19755,Nuit avec éclairage allumé,En agglomération,Intersection en X,Normale,Deux véhicules - côté,3,1,1,1,1,1,1,0,1,50,2,2,1,0,0,1,24.0,29.0,deux_roues,deux_roues,5,2,2,1,3
202400030487,2024-10-05 00:40:00,2024,10,5,0,40,92,92050,FAIDHERBE RUE,48.8973,2.19755,Nuit avec éclairage allumé,En agglomération,Intersection en X,Normale,Deux véhicules - côté,3,1, -1,-1,1,1,1,5,1,-1,2,2,1,0,0,1,24.0,29.0,deux_roues,deux_roues,5,2,2,1,3
202400030488,2024-10-06 07:30:00,2024,10,6,7,30,38,38019,Route des Grenouillères,45.427601,4.813321,Plein jour,Hors agglomération,Hors intersection,Pluie légère,Deux véhicules - côté,3,-1,2,0,1,2,2,0,1,80,2,2,1,0,0,1,37.0,20.0,voiture,voiture,1,1,1,2,3
202400030489,2024-10-04 09:00:00,2024,10,4,9,0,17,17030,départementale 137,45.743089,-0.860796,Plein jour,Hors agglomération,Intersection en T,Normale,Trois véhicules et plus - en chaîne,3,2,2,0,1,3,1,0,1,90,3,5,4,0,1,0,38.0,36.0,voiture,voiture,1,1,3,1,4
202400030489,2024-10-04 09:00:00,2024,10,4,9,0,17,17030,départementale 137,45.743089,-0.860796,Plein jour,Hors agglomération,Intersection en T,Normale,Trois véhicules et plus - en chaîne,3,2,2,-1,1,1,1,5,1,80,3,5,4,0,1,0,38.0,36.0,voiture,voiture,1,1,3,1,4
202400030490,2024-10-02 05:55:00,2024,10,2,5,55,22,22209,D768,48.581682,-2.126402,Nuit sans éclairage public,Hors agglomération,Hors intersection,Pluie légère,Deux véhicules - frontale,3,2,2,0,2,1,2,0,1,80,2,2,1,0,1,0,,16.0,voiture,deux_roues,3,1,1,2,1
202400030491,2024-10-04 11:12:00,2024,10,4,11,12,06,06006,97 route de nice,43.784817,7.244472,Plein jour,En agglomération,Autre intersection,Normale,Autre collision,7,2,2,3,1,1,1,5,1,50,1,3,2,0,1,0,69.0,,voiture,,1,2,9,1,6
202400030492,2024-10-06 14:15:00,2024,10,6,14,15,974,97413,Chemin Augustin Gruchet,-21.214975,55.314826,Plein jour,En agglomération,Hors intersection,Normale,Sans collision,4,2,2,0,2,1,1,0,1,50,1,2,1,0,1,0,38.0,,deux_roues,,1,2,1,1,7
202400030493,2024-10-04 17:08:00,2024,10,4,17,8,34,34282,A750,43.626709,3.66359,Plein jour,Hors agglomération,Hors intersection,Normale,Sans collision,1,1,2,0,2,3,1,0,2,130,1,1,0,0,1,0,54.0,,deux_roues,,1,1,1,1,7
202400030494,2024-10-05 02:20:00,2024,10,5,2,20,87,87191,Route de Périgueux,45.72217044,1.02206887,Nuit sans éclairage public,Hors agglomération,Hors intersection,Normale,Autre collision,2,2,2,0,3,3,1,0,1,80,1,3,0,0,1,2,19.0,,voiture,,3,1,1,1,6
202400030495,2024-10-05 15:00:00,2024,10,5,15,0,62,62870,D142,50.40449093,1.72550511,Plein jour,En agglomération,Giratoire,Normale,Deux véhicules - arrière,3,2,2,0,1,1,1,5,1,50,2,2,1,0,0,1,69.0,22.0,deux_roues,voiture,1,2,6,1,2
202400030495,2024-10-05 15:00:00,2024,10,5,15,0,62,62870,D142,50.40449093,1.72550511,Plein jour,En agglomération,Giratoire,Normale,Deux véhicules - arrière,3,2,2,0,1,1,1,5,1,50,2,2,1,0,0,1,69.0,22.0,deux_roues,voiture,1,2,6,1,2
202400030496,2024-10-05 17:20:00,2024,10,5,17,20,62,62172,D917,50.2001908,2.81574059,Plein jour,Hors agglomération,Hors intersection,Normale,Deux véhicules - côté,3,2,2,0,1,1,1,0,1,70,2,2,1,0,0,1,41.0,23.0,deux_roues,utilitaire_camion,1,1,1,1,3
202400030497,2024-10-04 09:45:00,2024,10,4,9,45,89,89483,D40,48.260599,3.40574,Plein jour,Hors agglomération,Autre intersection,Normale,Sans collision,3,2,2,0,2,3,9,0,3,90,1,1,0,0,1,0,28.0,,deux_roues,,1,1,9,1,7
202400030498,2024-10-03 17:55:00,2024,10,3,17,55,51,51030,Rue Chanzy,49.053759,4.001646,Plein jour,En agglomération,Hors intersection,Normale,Sans collision,4,1,1,0,1,1,1,0,1,30,1,1,0,0,1,0,58.0,,deux_roues,,1,2,1,1,7
202400030499,2024-10-05 20:20:00,2024,10,5,20,20,2A,2A271,RT20 Zone baléone,41.9559723,8.79784137,Nuit avec éclairage allumé,En agglomération,Hors intersection,Normale,Deux véhicules - côté,2,2,2,0,1,1,1,0,1,70,2,2,1,0,1,0,38.0,42.0,deux_roues,voiture,5,2,1,1,3
202400030500,2024-10-05 13:45:00,2024,10,5,13,45,69,69006,Route de Tarare,45.96089991,4.3349256,Plein jour,Hors agglomération,Hors intersection,Normale,Autre collision,3,2,2,0,1,3,1,0,1,80,1,1,0,0,0,1,74.0,,voiture,,1,1,1,1,6
202400030501,2024-10-06 01:00:00,2024,10,6,1,0,71,71343,Rue des Bayards,46.914019,4.634844,Nuit avec éclairage non allumé,En agglomération,Hors intersection,Normale,Sans collision,3,2,2,0,1,1,1,0,3,50,1,2,0,0,1,1,26.0,,deux_roues,,4,2,1,1,7
202400030502,2024-10-05 19:15:00,2024,10,5,19,15,63,63419,départementale 915,46.12104052,2.96193775,Crépuscule ou aube,En agglomération,Hors intersection,Normale,Deux véhicules - frontale,3,2,2,0,1,2,1,0,1,90,2,2,1,0,1,0,66.0,14.0,voiture,deux_roues,2,2,1,1,1
202400030503,2024-10-05 16:45:00,2024,10,5,16,45,63,63155,pk 22 D997,45.68219149,3.45487603,Crépuscule ou aube,Hors agglomération,Hors intersection,Temps éblouissant,Deux véhicules - frontale,3,2,2,0,2,3,1,0,1,-1,2,3,2,0,1,0,29.0,62.0,voiture,voiture,2,1,1,7,1
202400030504,2024-10-04 08:30:00,2024,10,4,8,30,49,49323,route de paris,47.52074625,-0.44678092,Plein jour,En agglomération,Intersection en T,Normale,Deux véhicules - côté,3,2,2,0,1,1,1,0,1,50,2,2,1,0,1,0,52.0,20.0,deux_roues,voiture,1,2,3,1,3
202400030504,2024-10-04 08:30:00,2024,10,4,8,30,49,49323,route de paris,47.52074625,-0.44678092,Plein jour,En agglomération,Intersection en T,Normale,Deux véhicules - côté,3,2, -1,-1,1,1,1,0,1,-1,2,2,1,0,1,0,52.0,20.0,deux_roues,voiture,1,2,3,1,3