accident_id,datetime,annee,mois,jour,heure,minute,departement,commune_insee,adresse,latitude,longitude,luminosite,agglomeration,intersection,meteo,collision,catr,circ,nbv,vosp,prof,plan,surf,infra,situ,vma,nb_vehicules,nb_usagers,nb_indemnes,nb_tues,nb_blesses_hosp,nb_blesses_legers,age_cond_1,age_cond_2,veh_type_cond_1,veh_type_cond_2,lum_code,agg_code,int_code,atm_code,col_code
202400030663,2024-06-23 04:55:00,2024,6,23,4,55,95,95582,D170,48.96627777,2.2725329,Crépuscule ou aube,Hors agglomération,Autre intersection,Normale,Autre collision,3,3,0,0,1,2,1,0,1,90,1,1,0,0,0,1,22.0,,voiture,,2,1,9,1,6
202400030664,2024-06-23 04:45:00,2024,6,23,4,45,75,75120,A3,48.86633561,2.41388619,Crépuscule ou aube,Hors agglomération,Hors intersection,Normale,Sans collision,1,3,6,0,1,3,1,0,1,90,1,1,0,0,0,1,36.0,,deux_roues,,2,1,1,1,7
202400030665,2024-11-11 12:15:00,2024,11,11,12,15,38,38548,RD 531 roche pointue,45.073123,5.54381,Plein jour,Hors agglomération,Hors intersection,Temps couvert,Deux véhicules - frontale,3,2,2,0,1,3,1,0,1,70,2,7,2,0,3,2,34.0,43.0,voiture,voiture,1,1,1,8,1
202400030666,2024-06-22 22:30:00,2024,6,22,22,30,95,95675,A1,49.06061,2.5511,Nuit sans éclairage public,Hors agglomération,Hors intersection,Normale,Deux véhicules - côté,1,3,3,0,1,1,1,0,1,130,2,2,1,0,0,1,28.0,61.0,voiture,voiture,3,1,1,1,3
202400030667,2024-11-11 17:50:00,2024,11,11,17,50,69,69228,Route de Lyon,45.54584254,4.64144902,Nuit sans éclairage public,Hors agglomération,Hors intersection,Normale,Deux véhicules - côté,3,2,2,0,1,2,1,0,1,70,2,2,1,0,1,0,44.0,29.0,voiture,utilitaire_camion,3,1,1,1,3
202400030668,2024-06-21 12:45:00,2024,6,21,12,45,92,92036,AUTOROUTE A15,48.94067835,2.29263081,Plein jour,Hors agglomération,Hors intersection,Pluie légère,Sans collision,1,-1,2,0,1,3,2,0,1,50,1,1,0,0,0,1,24.0,,deux_roues,,1,1,1,2,7
202400030669,2024-11-12 10:50:00,2024,11,12,10,50,79,79049,,46.808487,-0.487269,Plein jour,Hors agglomération,Hors intersection,Pluie légère,Sans collision,3,2,2,0,1,1,2,0,3,80,1,1,0,0,1,0,36.0,,utilitaire_camion,,1,1,1,2,7
202400030670,2024-06-22 15:00:00,2024,6,22,15,0,93,93064,A86,48.86122426,2.48410075,Plein jour,Hors agglomération,Hors intersection,Normale,Deux véhicules - arrière,1,3,3,0,1,1,1,0,1,90,2,2,1,0,0,1,21.0,19.0,voiture,deux_roues,1,1,1,1,2
202400030671,2024-11-11 12:30:00,2024,11,11,12,30,16,16320,D11,45.765547,0.043688,Plein jour,Hors agglomération,Hors intersection,Normale,Autre collision,3,2,2,0,1,1,1,0,3,80,1,2,0,0,2,0,24.0,,voiture,,1,1,1,1,6
202400030672,2024-06-21 20:10:00,2024,6,21,20,10,94,94022,A86,48.77662114,2.41804614,Crépuscule ou aube,Hors agglomération,Hors intersection,Normale,Autre collision,1,3,3,0,1,1,1,0,1,90,1,5,3,0,0,2,29.0,,voiture,,2,1,1,1,6
202400030673,2024-11-11 17:15:00,2024,11,11,17,15,72,72154,Route de Savigné-sous-Le-Lude,47.66033713,-0.03440733,Plein jour,Hors agglomération,Hors intersection,Normale,Deux véhicules - frontale,3,2,2,0,1,3,1,0,3,80,2,3,0,1,0,2,82.0,34.0,voiture,voiture,1,1,1,1,1
202400030674,2024-06-21 15:30:00,2024,6,21,15,30,94,94028,A86,48.77623444,2.43292233,Plein jour,Hors agglomération,Hors intersection,Normale,Deux véhicules - arrière,1,1,2,0,1,1,1,0,1,90,2,4,3,0,0,1,45.0,61.0,utilitaire_camion,voiture,1,1,1,1,2
202400030675,2024-11-10 19:10:00,2024,11,10,19,10,56,56023,Kerstran,47.690988,-3.033739,Nuit sans éclairage public,Hors agglomération,Hors intersection,Normale,Trois véhicules et plus - en chaîne,2,3,4,0,1,1,1,8,1,110,3,4,0,1,2,1,23.0,35.0,voiture,utilitaire_camion,3,1,1,1,4
202400030676,2024-06-21 18:11:00,2024,6,21,18,11,987,98735,TIPAERUI (CV),-17.55,-149.57724,Nuit avec éclairage allumé,En agglomération,Hors intersection,Normale,Sans collision,3,3,2,0,1,2,1,0,1,50,1,1,0,0,0,1,45.0,,deux_roues,,5,2,1,1,7
202400030677,2024-11-10 17:40:00,2024,11,10,17,40,35,35229,rond-point de Beauvais - D178,48.112301,-1.224099,Nuit avec éclairage allumé,En agglomération,Giratoire,Normale,Deux véhicules - arrière,3,2,2,0,1,3,1,0,1,80,2,2,1,0,1,0,66.0,,deux_roues,voiture,5,2,6,1,2
202400030678,2024-06-22 12:45:00,2024,6,22,12,45,974,97416,PETIT FRERE(CHEMIN),-21.27843,55.48881,Plein jour,Hors agglomération,Hors intersection,Normale,Sans collision,4,2,0,0,2,3,1,0,1,30,1,1,0,0,0,1,51.0,,deux_roues,,1,1,1,1,7
202400030679,2024-11-10 17:10:00,2024,11,10,17,10,80,80570,36 Rue Victor Gaillard,49.773513,2.481251,Crépuscule ou aube,En agglomération,Hors intersection,Normale,Deux véhicules - côté,3,1,2,0,1,1,1,0,1,30,1,2,1,0,0,1,75.0,,voiture,,2,2,1,1,3
202400030680,2024-06-21 23:25:00,2024,6,21,23,25,973,97302,BADUEL (ROUTE DE),4.93723721,-52.31530237,Nuit avec éclairage allumé,En agglomération,Hors intersection,Normale,Sans collision,3,2,2,0,1,1,1,0,1,50,1,1,0,0,0,1,18.0,,deux_roues,,5,2,1,1,7
202400030681,2024-11-07 18:52:00,2024,11,7,18,52,13,13210,A50-Sens Marseille vers Aubagne,43.28489979,5.41754007,Nuit avec éclairage allumé,En agglomération,Hors intersection,Normale,Deux véhicules - côté,1,1,3,0,1,1,1,0,1,70,2,2,1,0,0,1,53.0,24.0,deux_roues,voiture,5,2,1,1,3
202400030682,2024-06-21 19:20:00,2024,6,21,19,20,973,97302,LEBLOND (ROND POINT),4.92066,-52.33019,Nuit avec éclairage allumé,Hors agglomération,Giratoire,Normale,Deux véhicules - arrière,2,3,2,0,1,3,1,0,1,90,2,3,2,0,0,1,55.0,44.0,voiture,voiture,5,1,6,1,2
202400030683,2024-06-22 04:50:00,2024,6,22,4,50,972,97209,PAUL NARDAL (AVENUE),14.60961,-61.07341,Nuit avec éclairage allumé,En agglomération,Hors intersection,Normale,Autre collision,2,1,1,0,2,1,1,0,1,50,1,2,1,0,0,1,,,autre,,5,2,1,1,6
202400030684,2024-11-11 14:36:00,2024,11,11,14,36,92,92002,AUTOROUTE A10,48.7317457,2.3103109,Plein jour,Hors agglomération,Hors intersection,Normale,Trois véhicules et plus - en chaîne,1,1,3,0,1,1,1,0,1,110,3,5,2,0,0,3,32.0,42.0,voiture,voiture,1,1,1,1,4
202400030685,2024-06-22 15:26:00,2024,6,22,15,26,2B,2B033,AV DE LA LIBERATION,42.682961,9.444499,Plein jour,En agglomération,Hors intersection,Normale,Deux véhicules - côté,4,2,2,0,1,1,1,0,1,50,2,2,1,0,0,1,61.0,48.0,voiture,deux_roues,1,2,1,1,3
202400030686,2024-06-22 15:35:00,2024,6,22,15,35,95,95428,DOCTEUR DEMIRLEAU (RUE DU),48.98875266,2.31986046,Plein jour,En agglomération,Hors intersection,Normale,Autre collision,6,-1,0,0,2,1,1,0,6,30,1,2,1,0,1,0,,,voiture,,1,2,1,1,6
202400030687,2024-11-11 15:18:00,2024,11,11,15,18,91,91689,AUTOROUTE A6B,48.74158,2.32143,Plein jour,Hors agglomération,Hors intersection,Normale,Autre collision,1,3,4,0,1,1,1,0,1,90,1,1,0,0,0,1,62.0,,voiture,,1,1,1,1,6
202400030688,2024-06-22 00:10:00,2024,6,22,0,10,95,95074,D922,49.02097927,1.99788642,Nuit sans éclairage public,En agglomération,Hors intersection,Pluie légère,Deux véhicules - frontale,3,-1,2,0,2,2,2,0,1,50,2,3,1,0,0,2,25.0,54.0,deux_roues,voiture,3,2,1,2,1
202400030689,2024-11-11 09:22:00,2024,11,11,9,22,91,91235,RN 104,48.62490043,2.36740351,Plein jour,Hors agglomération,Hors intersection,Normale,Sans collision,2,3,2,0,1,1,1,0,3,110,1,2,0,0,0,2,21.0,,voiture,,1,1,1,1,7
202400030690,2024-06-22 20:30:00,2024,6,22,20,30,95,95063,FRANCIS DE PRESSENSE (RUE),48.92824,2.21766,Plein jour,En agglomération,Hors intersection,Normale,Autre collision,4,-1,2,0,1,1,1,8,1,50,1,2,1,0,0,1,,,voiture,,1,2,1,1,6
202400030691,2024-06-21 18:10:00,2024,6,21,18,10,91,91589,RUE DANIEL NIORD,48.67947,2.33545,Plein jour,En agglomération,Hors intersection,Normale,Autre collision,4,1,1,0,1,1,1,0,1,50,1,2,1,0,0,1,25.0,,voiture,,1,2,1,1,6
202400030692,2024-11-11 01:29:00,2024,11,11,1,29,77,77296,A5b,48.63686831,2.62853221,Nuit sans éclairage public,Hors agglomération,Hors intersection,Normale,Deux véhicules - arrière,1,3,2,0,1,1,1,0,1,110,2,2,1,0,0,1,36.0,64.0,voiture,voiture,3,1,1,1,2
202400030693,2024-10-30 14:45:00,2024,10,30,14,45,44,44109,Rue des Dervalières,47.2219623,-1.57865059,Plein jour,En agglomération,Giratoire,Normale,Sans collision,4,2,2,2,1,1,1,5,1,30,1,2,1,0,0,1,15.0,,deux_roues,,1,2,6,1,7
202400030694,2024-06-22 05:55:00,2024,6,22,5,55,88,88160,BOULAY-DE-LA-MEURTHE (RUE),48.17913,6.4446,Plein jour,En agglomération,Intersection en X,Normale,Deux véhicules - côté,4,2,2,0,2,1,1,0,1,30,2,2,0,0,0,2,37.0,22.0,voiture,voiture,1,2,2,1,3
202400030694,2024-06-22 05:55:00,2024,6,22,5,55,88,88160,BOULAY-DE-LA-MEURTHE (RUE),48.17913,6.4446,Plein jour,En agglomération,Intersection en X,Normale,Deux véhicules - côté,4,1,1,0,1,1,1,0,1,30,2,2,0,0,0,2,37.0,22.0,voiture,voiture,1,2,2,1,3
202400030695,2024-10-30 12:40:00,2024,10,30,12,40,44,44109,Boulevard des ations Unies,47.21064165,-1.55993555,Plein jour,En agglomération,Hors intersection,Normale,Sans collision,4,3,4,2,1,3,1,-1,1,30,1,1,0,0,0,1,36.0,,deux_roues,,1,2,1,1,7
202400030696,2024-08-21 23:35:00,2024,8,21,23,35,84,84019,A7,44.323894,4.739828,Nuit sans éclairage public,Hors agglomération,Hors intersection,Normale,Deux véhicules - arrière,1,3,3,0,1,1,1,0,1,130,2,3,2,0,0,1,36.0,53.0,voiture,voiture,3,1,1,1,2
202400030697,2024-06-22 18:45:00,2024,6,22,18,45,84,84035,ROBION-RD2 (ROUTE DE),43.84025,5.06164,Plein jour,Hors agglomération,Intersection en T,Normale,Deux véhicules - côté,3,2,1,0,1,1,1,0,1,80,2,2,0,0,0,2,75.0,53.0,voiture,voiture,1,1,3,1,3
202400030697,2024-06-22 18:45:00,2024,6,22,18,45,84,84035,ROBION-RD2 (ROUTE DE),43.84025,5.06164,Plein jour,Hors agglomération,Intersection en T,Normale,Deux véhicules - côté,3,2,1,0,1,1,1,0,1,80,2,2,0,0,0,2,75.0,53.0,voiture,voiture,1,1,3,1,3
202400030698,2024-07-28 00:10:00,2024,7,28,0,10,84,84003,Rue Saint-Lazare,43.880194,5.39153,Nuit avec éclairage allumé,En agglomération,Hors intersection,Normale,Deux véhicules - frontale,4,-1,2,0,2,3,1,0,1,50,2,2,0,0,1,1,20.0,37.0,deux_roues,deux_roues,5,2,1,1,1
202400030699,2024-07-25 14:50:00,2024,7,25,14,50,84,84054,990 Avenue du Partage des Eaux,43.916432,5.067358,Plein jour,En agglomération,Hors intersection,Normale,Sans collision,4,1,1,1,1,1,1,0,1,30,1,1,0,0,1,0,16.0,,deux_roues,,1,2,1,1,7
202400030700,2024-06-22 03:40:00,2024,6,22,3,40,84,84035,MARSEILLE-RD938 (ROUTE DE),43.82769,5.0328,Nuit avec éclairage non allumé,En agglomération,Hors intersection,Normale,Deux véhicules - frontale,3,2,2,0,2,3,1,2,1,50,2,2,1,0,0,1,25.0,60.0,voiture,utilitaire_camion,4,2,1,1,1
202400030701,2024-07-11 22:25:00,2024,7,11,22,25,84,84031,ZOLA BOULEVARD EMILE,44.04941,5.04935,Nuit avec éclairage allumé,En agglomération,Hors intersection,Normale,Sans collision,4,2,1,0,1,1,1,0,4,30,1,1,0,1,0,0,48.0,,deux_roues,,5,2,1,1,7
202400030702,2024-06-22 20:27:00,2024,6,22,20,27,84,84007,MORIERES (Route de ),43.951427,4.827537,Plein jour,En agglomération,Hors intersection,Normale,Deux véhicules - frontale,4,2,1,0,1,3,1,0,1,50,2,3,0,0,0,3,58.0,36.0,voiture,utilitaire_camion,1,2,1,1,1
202400030703,2024-06-24 21:05:00,2024,6,24,21,5,84,84052,Route de la Tour d?Aigues,43.756457,5.574532,Crépuscule ou aube,Hors agglomération,Hors intersection,Normale,Deux véhicules - frontale,3,2,2,0,1,1,1,0,1,80,2,2,1,0,1,0,40.0,35.0,voiture,voiture,2,1,1,1,1
202400030704,2024-06-22 15:21:00,2024,6,22,15,21,83,83137,15EME CORPS (AVE DU),43.12824,5.91649,Plein jour,En agglomération,Hors intersection,Normale,Deux véhicules - côté,3,2,2,0,1,1,1,0,1,50,2,2,1,0,1,0,67.0,38.0,deux_roues,voiture,1,2,1,1,3
202400030705,2024-06-22 05:30:00,2024,6,22,5,30,81,81065,60 Rue Ernest Barthe,43.60472,2.25001,Crépuscule ou aube,En agglomération,Hors intersection,Normale,Deux véhicules - arrière,4,2,2,0,1,1,1,0,1,50,2,3,2,0,0,1,,23.0,voiture,voiture,2,2,1,1,2
202400030706,2024-07-03 10:40:00,2024,7,3,10,40,14,14322,Route des Flagues,49.239597,-0.703533,Plein jour,Hors agglomération,Intersection en X,Normale,Autre collision,3,2,2,0,1,1,1,0,4,80,1,1,0,0,0,1,53.0,,utilitaire_camion,,1,1,2,1,6
202400030706,2024-07-03 10:40:00,2024,7,3,10,40,14,14322,Route des Flagues,49.239597,-0.703533,Plein jour,Hors agglomération,Intersection en X,Normale,Autre collision,3,2,2,0,1,1,1,5,3,80,1,1,0,0,0,1,53.0,,utilitaire_camion,,1,1,2,1,6
202400030707,2024-06-22 20:45:00,2024,6,22,20,45,80,80021,Rue Eloi Morel,49.90174,2.30744,Plein jour,En agglomération,Hors intersection,Normale,Autre collision,4,2,2,0,1,1,1,0,1,50,1,1,0,0,0,1,41.0,,voiture,,1,2,1,1,6
202400030708,2024-11-10 10:30:00,2024,11,10,10,30,2B,2B120,IMPERIALE (Route) D464 ,42.64025,9.43277,Plein jour,En agglomération,Hors intersection,Normale,Deux véhicules - arrière,4,-1,0,0,1,1,1,9,8,30,1,1,0,0,1,0,69.0,,voiture,,1,2,1,1,2
202400030709,2024-06-22 01:30:00,2024,6,22,1,30,78,78372,EUROPE (AVENUE DE L'),48.87681,2.10106,Nuit sans éclairage public,En agglomération,Hors intersection,Temps couvert,Autre collision,4,2,0,0,2,2,1,0,1,50,1,1,0,0,0,1,61.0,,voiture,,3,2,1,8,6
202400030710,2024-06-22 18:48:00,2024,6,22,18,48,77,77296,RUE DENIS PAPIN,48.61156,2.58716,Plein jour,En agglomération,Hors intersection,Normale,Autre collision,4,-1,2,0,1,1,1,0,1,50,1,1,0,0,1,0,17.0,,deux_roues,,1,2,1,1,6
202400030711,2024-11-09 19:30:00,2024,11,9,19,30,971,97113,SECTION LEROUX,16.22743,-61.47628,Nuit sans éclairage public,Hors agglomération,Hors intersection,Pluie légère,Trois véhicules et plus - collisions multiples,3,2,2,0,2,4,2,0,1,50,3,4,2,0,0,2,71.0,41.0,voiture,voiture,3,1,1,2,5
202400030712,2024-06-22 03:05:00,2024,6,22,3,5,77,77445,ROUGEAU (RUE DE),48.60125,2.57022,Nuit avec éclairage allumé,En agglomération,Hors intersection,Normale,Autre collision,4,2,2,0,1,1,1,0,3,50,1,2,0,0,0,2,14.0,,voiture,,5,2,1,1,6
202400030713,2024-06-21 16:00:00,2024,6,21,16,0,76,76108,Rue de la Republique,49.47058,1.11646,Plein jour,En agglomération,Intersection en T,Normale,Deux véhicules - côté,4,1,1,0,1,1,1,-1,5,50,2,2,1,0,0,1,36.0,48.0,voiture,deux_roues,1,2,3,1,3
202400030713,2024-06-21 16:00:00,2024,6,21,16,0,76,76108,Rue de la Republique,49.47058,1.11646,Plein jour,En agglomération,Intersection en T,Normale,Deux véhicules - côté,4,2,2,0,1,1,1,-1,5,50,2,2,1,0,0,1,36.0,48.0,voiture,deux_roues,1,2,3,1,3
202400030714,2024-11-09 19:35:00,2024,11,9,19,35,971,97101,RN1-  HAUTEUR DE SORTIE LAURICISQUE,16.25295,-61.54538,Nuit sans éclairage public,Hors agglomération,Hors intersection,Normale,Trois véhicules et plus - en chaîne,2,-1,3,0,1,1,1,0,1,90,3,3,2,0,0,1,27.0,61.0,voiture,voiture,3,1,1,1,4
202400030715,2024-11-10 06:35:00,2024,11,10,6,35,2A,2A004,CONVENTIONNEL SALICETTI CHRISTOPHE,41.92766,8.73525,Crépuscule ou aube,En agglomération,Hors intersection,Normale,Autre collision,4,2,2,0,2,1,1,0,1,50,1,1,0,0,0,1,22.0,,deux_roues,,2,2,1,1,6
202400030716,2024-06-21 17:05:00,2024,6,21,17,5,76,76324,RD 925,49.933445,1.152545,Plein jour,Hors agglomération,Hors intersection,Normale,Deux véhicules - arrière,3,2,3,0,1,1,1,0,1,80,2,6,5,0,0,1,33.0,23.0,voiture,voiture,1,1,1,1,2
202400030717,2024-11-10 02:15:00,2024,11,10,2,15,90,90075,D13,47.66091,6.85813,Nuit sans éclairage public,Hors agglomération,Hors intersection,Brouillard / fumée,Sans collision,3,-1,2,0,1,2,2,0,3,50,1,3,0,0,0,3,32.0,,voiture,,3,1,1,5,7
202400030718,2024-06-21 22:35:00,2024,6,21,22,35,73,73065,PALAIS DE JUSTICE (PLACE DE),45.56849959,5.91977182,Nuit avec éclairage allumé,En agglomération,Intersection en T,Pluie légère,Deux véhicules - arrière,4,1,2,3,1,1,2,-1,1,-1,1,3,1,0,0,2,60.0,,voiture,,5,2,3,2,2
202400030718,2024-06-21 22:35:00,2024,6,21,22,35,73,73065,PALAIS DE JUSTICE (PLACE DE),45.56849959,5.91977182,Nuit avec éclairage allumé,En agglomération,Intersection en T,Pluie légère,Deux véhicules - arrière,4,2,2,0,1,1,2,9,1,30,1,3,1,0,0,2,60.0,,voiture,,5,2,3,2,2
202400030719,2024-06-21 18:05:00,2024,6,21,18,5,73,73011,D925 PONT ALBERTIN,45.65847567,6.38562705,Plein jour,Hors agglomération,Hors intersection,Pluie légère,Autre collision,3,2,2,0,1,2,2,2,8,80,1,1,0,0,1,0,38.0,,utilitaire_camion,,1,1,1,2,6
202400030720,2024-11-10 13:52:00,2024,11,10,13,52,80,80021,Rue de Paris,49.88637,2.28823,Plein jour,En agglomération,Hors intersection,Normale,Deux véhicules - côté,4,2,2,0,1,1,1,0,1,50,2,2,1,0,0,1,18.0,44.0,deux_roues,voiture,1,2,1,1,3
202400030721,2024-11-10 18:40:00,2024,11,10,18,40,77,77373,RUE DES PRES SAINT MARTIN,48.78052,2.61456,Nuit avec éclairage allumé,En agglomération,Intersection en X,Normale,Deux véhicules - arrière,4,2,2,0,1,1,1,5,1,50,2,2,1,0,0,1,50.0,51.0,voiture,voiture,5,2,2,1,2
202400030721,2024-11-10 18:40:00,2024,11,10,18,40,77,77373,RUE DES PRES SAINT MARTIN,48.78052,2.61456,Nuit avec éclairage allumé,En agglomération,Intersection en X,Normale,Deux véhicules - arrière,4,1,1,0,1,3,1,0,1,50,2,2,1,0,0,1,50.0,51.0,voiture,voiture,5,2,2,1,2
202400030722,2024-06-22 20:50:00,2024,6,22,20,50,69,69266,160 Rue Anatole France,45.76941,4.88722,Crépuscule ou aube,En agglomération,Intersection en X,Temps couvert,Deux véhicules - côté,4,2,2,0,1,1,2,0,1,50,2,2,1,0,0,1,29.0,60.0,deux_roues,voiture,2,2,2,8,3
202400030722,2024-06-22 20:50:00,2024,6,22,20,50,69,69266,160 Rue Anatole France,45.76941,4.88722,Crépuscule ou aube,En agglomération,Intersection en X,Temps couvert,Deux véhicules - côté,4,1,1,2,2,1,2,0,1,50,2,2,1,0,0,1,29.0,60.0,deux_roues,voiture,2,2,2,8,3
202400030723,2024-06-21 18:05:00,2024,6,21,18,5,66,66136,RD 900,42.67465,2.88602,Plein jour,Hors agglomération,Hors intersection,Normale,Deux véhicules - arrière,3,3,4,0,1,1,1,1,1,50,2,2,1,0,0,1,18.0,23.0,deux_roues,voiture,1,1,1,1,2
202400030724,2024-11-10 19:20:00,2024,11,10,19,20,77,77096,GALLIENI (AVENUE),48.48853,2.69679,Nuit avec éclairage allumé,En agglomération,Hors intersection,Normale,Autre collision,3,2,2,0,1,1,1,0,1,50,4,6,4,0,0,2,81.0,30.0,voiture,utilitaire_camion,5,2,1,1,6
202400030725,2024-06-22 23:25:00,2024,6,22,23,25,61,61001,Voie Communale,48.431879,0.107812,Nuit avec éclairage non allumé,En agglomération,Intersection en X,Normale,Deux véhicules - côté,4,2,2,0,1,1,1,0,1,30,2,4,3,0,0,1,21.0,,voiture,deux_roues,4,2,2,1,3
202400030725,2024-06-22 23:25:00,2024,6,22,23,25,61,61001,Voie Communale,48.431879,0.107812,Nuit avec éclairage non allumé,En agglomération,Intersection en X,Normale,Deux véhicules - côté,4,2,2,0,2,1,1,0,1,30,2,4,3,0,0,1,21.0,,voiture,deux_roues,4,2,2,1,3
202400030726,2024-06-21 16:45:00,2024,6,21,16,45,59,59122,DE GAULLE (RUE DU GENERAL),50.17543,3.23701,Plein jour,En agglomération,Intersection en X,Autre,Deux véhicules - frontale,4,1,2,0,1,1,2,5,1,40,1,2,1,0,1,0,21.0,,voiture,,1,2,2,9,1
202400030726,2024-06-21 16:45:00,2024,6,21,16,45,59,59122,DE GAULLE (RUE DU GENERAL),50.17543,3.23701,Plein jour,En agglomération,Intersection en X,Autre,Deux véhicules - frontale,4,1,1,0,1,1,2,5,1,40,1,2,1,0,1,0,21.0,,voiture,,1,2,2,9,1
202400030727,2024-11-09 18:50:00,2024,11,9,18,50,77,77169,D361,48.80328,2.62632,Plein jour,En agglomération,Hors intersection,Normale,Deux véhicules - arrière,3,2,3,0,1,1,1,0,1,50,2,3,2,0,0,1,24.0,42.0,voiture,deux_roues,1,2,1,1,2
202400030728,2024-06-22 17:15:00,2024,6,22,17,15,56,56121,Rue Jean Le Coutaller,47.7475,-3.36905,Plein jour,En agglomération,Hors intersection,Normale,Deux véhicules - frontale,4,2,2,0,1,3,1,0,1,30,2,2,1,0,0,1,24.0,54.0,deux_roues,voiture,1,2,1,1,1
202400030729,2024-11-10 00:45:00,2024,11,10,0,45,76,76575,Boulevard Lénine,49.36873221,1.11265031,Nuit sans éclairage public,Hors agglomération,Hors intersection,Pluie légère,Deux véhicules - arrière,7,3,4,0,1,1,2,-1,1,90,2,5,3,0,0,2,25.0,36.0,voiture,voiture,3,1,1,2,2
202400030730,2024-06-22 12:00:00,2024,6,22,12,0,54,54578,Boulevard des Aiguillettes,48.67024,6.1582,Plein jour,En agglomération,Intersection en X,Pluie légère,Deux véhicules - côté,4,2,5,0,1,1,2,0,1,50,2,2,1,0,0,1,56.0,65.0,voiture,voiture,1,2,2,2,3
202400030730,2024-06-22 12:00:00,2024,6,22,12,0,54,54578,Boulevard des Aiguillettes,48.67024,6.1582,Plein jour,En agglomération,Intersection en X,Pluie légère,Deux véhicules - côté,4,2,5,0,1,1,2,0,1,50,2,2,1,0,0,1,56.0,65.0,voiture,voiture,1,2,2,2,3
202400030731,2024-06-22 21:25:00,2024,6,22,21,25,51,51454,AVIATION (RUE),49.27539,4.03909,Crépuscule ou aube,En agglomération,Hors intersection,Temps couvert,Sans collision,4,2,2,0,2,2,2,0,1,50,1,1,0,0,0,1,38.0,,deux_roues,,2,2,1,8,7
202400030732,2024-06-22 19:15:00,2024,6,22,19,15,51,51573,PERI (RUE GABRIEL),49.24577,3.99746,Plein jour,En agglomération,Hors intersection,Normale,Deux véhicules - arrière,3,2,2,0,1,1,1,0,1,50,2,2,1,0,0,1,64.0,25.0,voiture,voiture,1,2,1,1,2
202400030733,2024-11-10 16:15:00,2024,11,10,16,15,74,74298,LIVRON (ROUTE DE),46.18576,6.25153,Plein jour,En agglomération,Intersection en T,Normale,Deux véhicules - côté,4,2,2,0,2,1,1,0,1,50,2,4,0,0,1,3,41.0,45.0,voiture,voiture,1,2,3,1,3
202400030733,2024-11-10 16:15:00,2024,11,10,16,15,74,74298,LIVRON (ROUTE DE),46.18576,6.25153,Plein jour,En agglomération,Intersection en T,Normale,Deux véhicules - côté,4,2,2,0,2,1,1,0,1,30,2,4,0,0,1,3,41.0,45.0,voiture,voiture,1,2,3,1,3
202400030734,2024-11-10 18:35:00,2024,11,10,18,35,73,73065,D991 CEDRES (ROND POINT DES),45.58981,5.9204,Nuit avec éclairage allumé,En agglomération,Giratoire,Normale,Deux véhicules - côté,3,2,2,0,2,2,1,0,1,50,2,3,2,0,0,1,45.0,87.0,deux_roues,voiture,5,2,6,1,3
202400030734,2024-11-10 18:35:00,2024,11,10,18,35,73,73065,D991 CEDRES (ROND POINT DES),45.58981,5.9204,Nuit avec éclairage allumé,En agglomération,Giratoire,Normale,Deux véhicules - côté,3,2,2,0,2,1,1,0,1,50,2,3,2,0,0,1,45.0,87.0,deux_roues,voiture,5,2,6,1,3
202400030735,2024-06-21 16:45:00,2024,6,21,16,45,51,51454,CHAMPAGNE   (  AVENUE DE),49.22829,4.03089,Plein jour,En agglomération,Hors intersection,Normale,Trois véhicules et plus - en chaîne,4,3,4,0,1,1,1,0,1,70,5,6,4,0,0,2,27.0,49.0,voiture,voiture,1,2,1,1,4
202400030736,2024-06-22 07:26:00,2024,6,22,7,26,49,49267,BOIS RINIER,47.47606,-0.49634,Plein jour,En agglomération,Giratoire,Normale,Sans collision,4,2,2,0,1,1,8,0,1,50,1,1,0,0,0,1,31.0,,voiture,,1,2,6,1,7
202400030736,2024-06-22 07:26:00,2024,6,22,7,26,49,49267,BOIS RINIER,47.47606,-0.49634,Plein jour,En agglomération,Giratoire,Normale,Sans collision,4,2,2,0,1,1,8,0,1,50,1,1,0,0,0,1,31.0,,voiture,,1,2,6,1,7
202400030737,2024-11-10 22:10:00,2024,11,10,22,10,68,68066,Route de Neuf-Brisach,48.079971,7.365864,Nuit avec éclairage allumé,En agglomération,Hors intersection,Temps couvert,Deux véhicules - côté,3,2,3,0,1,1,1,0,1,50,2,4,3,0,1,0,30.0,23.0,voiture,deux_roues,5,2,1,8,3
202400030738,2024-06-22 01:15:00,2024,6,22,1,15,42,42218,Rue des Alliés,45.43916045,4.4203146,Nuit avec éclairage allumé,En agglomération,Hors intersection,Normale,Autre collision,4,2,2,0,1,1,2,0,1,50,1,3,0,0,1,2,22.0,,voiture,,5,2,1,1,6
202400030739,2024-11-10 11:35:00,2024,11,10,11,35,64,64269,PIERRE DE BELSUNCE,43.28966,-0.31188,Plein jour,En agglomération,Intersection en T,Normale,Deux véhicules - frontale,3,2, -1,-1,1,2,1,0,1,50,2,3,2,0,0,1,55.0,65.0,deux_roues,utilitaire_camion,1,2,3,1,1
202400030739,2024-11-10 11:35:00,2024,11,10,11,35,64,64269,PIERRE DE BELSUNCE,43.28966,-0.31188,Plein jour,En agglomération,Intersection en T,Normale,Deux véhicules - frontale,3,2,2,0,1,1,1,0,1,50,2,3,2,0,0,1,55.0,65.0,deux_roues,utilitaire_camion,1,2,3,1,1