accident_id,datetime,annee,mois,jour,heure,minute,departement,commune_insee,adresse,latitude,longitude,luminosite,agglomeration,intersection,meteo,collision,catr,circ,nbv,vosp,prof,plan,surf,infra,situ,vma,nb_vehicules,nb_usagers,nb_indemnes,nb_tues,nb_blesses_hosp,nb_blesses_legers,age_cond_1,age_cond_2,veh_type_cond_1,veh_type_cond_2,lum_code,agg_code,int_code,atm_code,col_code
202400030740,2024-06-22 05:05:00,2024,6,22,5,5,41,41295,D951,47.604,1.376,Crépuscule ou aube,Hors agglomération,Hors intersection,Pluie légère,Sans collision,3,2,2,0,1,1,2,0,1,90,1,4,1,0,0,3,23.0,,voiture,,2,1,1,2,7
202400030741,2024-11-10 04:35:00,2024,11,10,4,35,64,64445,JEAN MERMOZ,43.31294,-0.37745,Nuit avec éclairage allumé,En agglomération,Hors intersection,Normale,Autre collision,4,2,2,0,1,1,2,0,1,50,1,1,0,0,0,1,36.0,,voiture,,5,2,1,1,6
202400030742,2024-06-22 19:10:00,2024,6,22,19,10,38,38179,AVENUE GABRIEL PÉRI,45.18174,5.77984,Plein jour,En agglomération,Intersection en T,Temps couvert,Deux véhicules - côté,2,1,0,0,1,1,2,0,1,50,2,2,1,0,0,1,57.0,36.0,voiture,deux_roues,1,2,3,8,3
202400030742,2024-06-22 19:10:00,2024,6,22,19,10,38,38179,AVENUE GABRIEL PÉRI,45.18174,5.77984,Plein jour,En agglomération,Intersection en T,Temps couvert,Deux véhicules - côté,2,-1,0,0,2,3,2,0,1,50,2,2,1,0,0,1,57.0,36.0,voiture,deux_roues,1,2,3,8,3
202400030743,2024-06-22 18:10:00,2024,6,22,18,10,38,38185,JEAN PAIN (BOULEVARD),45.18691683,5.73604077,Plein jour,En agglomération,Hors intersection,Normale,Autre collision,4,3,5,3,1,1,1,0,1,50,1,3,1,0,0,2,52.0,,voiture,,1,2,1,1,6
202400030744,2024-11-10 02:50:00,2024,11,10,2,50,59,59017,RESISTANTS (RUE DES ),50.69135,2.87324,Nuit avec éclairage allumé,En agglomération,Intersection en X,Normale,Deux véhicules - côté,7,2,2,2,1,1,1,0,1,50,2,5,2,0,1,2,16.0,32.0,voiture,voiture,5,2,2,1,3
202400030744,2024-11-10 02:50:00,2024,11,10,2,50,59,59017,RESISTANTS (RUE DES ),50.69135,2.87324,Nuit avec éclairage allumé,En agglomération,Intersection en X,Normale,Deux véhicules - côté,7,2,3,1,1,1,1,0,1,50,2,5,2,0,1,2,16.0,32.0,voiture,voiture,5,2,2,1,3
202400030745,2024-11-04 17:43:00,2024,11,4,17,43,54,54280,Rue Saint Robert,49.22542203,6.01174772,Nuit avec éclairage allumé,En agglomération,Autre intersection,Normale,Autre collision,4,2, -1,0,3,2,1,0,8,50,1,1,0,0,0,1,85.0,,voiture,,5,2,9,1,6
202400030746,2024-06-22 12:05:00,2024,6,22,12,5,37,37233,JAURES (RUE JEAN),47.39025,0.72585,Plein jour,En agglomération,Intersection en T,Normale,Autre collision,4,2,2,0,1,1,1,0,1,50,1,2,1,0,0,1,44.0,,voiture,,1,2,3,1,6
202400030746,2024-06-22 12:05:00,2024,6,22,12,5,37,37233,JAURES (RUE JEAN),47.39025,0.72585,Plein jour,En agglomération,Intersection en T,Normale,Autre collision,4,2,2,0,1,1,1,0,1,50,1,2,1,0,0,1,44.0,,voiture,,1,2,3,1,6
202400030747,2024-06-21 16:50:00,2024,6,21,16,50,37,37261,MARECHAL JUIN (BD),47.41235,0.70329,Plein jour,En agglomération,Autre intersection,Normale,Deux véhicules - arrière,4,3,5,0,1,1,1,0,1,50,2,2,1,0,0,1,23.0,28.0,voiture,voiture,1,2,9,1,2
202400030748,2024-06-22 01:30:00,2024,6,22,1,30,34,34129,D116,43.55898,3.86522,Nuit sans éclairage public,Hors agglomération,Hors intersection,Normale,Deux véhicules - frontale,7,2,2,0,1,2,1,0,1,50,2,3,0,0,1,2,31.0,24.0,utilitaire_camion,voiture,3,1,1,1,1
202400030749,2024-11-09 15:35:00,2024,11,9,15,35,50,50218,VENDEENS (AV DES),48.83534,-1.57916,Plein jour,En agglomération,Hors intersection,Normale,Trois véhicules et plus - en chaîne,3,2,2,2,1,1,1,0,1,50,3,6,3,0,0,3,71.0,57.0,utilitaire_camion,utilitaire_camion,1,2,1,1,4
202400030750,2024-06-21 14:30:00,2024,6,21,14,30,31,31555,BLAGNAC (ROUTE DE),43.62316,1.40472,Plein jour,En agglomération,Intersection en T,Normale,Deux véhicules - côté,7,2,3,1,1,1,1,0,1,30,2,2,1,0,1,0,28.0,61.0,deux_roues,voiture,1,2,3,1,3
202400030750,2024-06-21 14:30:00,2024,6,21,14,30,31,31555,BLAGNAC (ROUTE DE),43.62316,1.40472,Plein jour,En agglomération,Intersection en T,Normale,Deux véhicules - côté,7,1,1,0,1,1,1,0,1,30,2,2,1,0,1,0,28.0,61.0,deux_roues,voiture,1,2,3,1,3
202400030751,2024-06-22 05:30:00,2024,6,22,5,30,29,29232,Boulevard Louis le Guennec,47.97999419,-4.10677976,Nuit sans éclairage public,En agglomération,Hors intersection,Normale,Autre collision,3,1,2,0,1,3,1,0,1,50,1,1,0,0,0,1,24.0,,voiture,,3,2,1,1,6
202400030752,2024-11-08 18:07:00,2024,11,8,18,7,47,47323,RN 21,44.3901,0.71789,Nuit sans éclairage public,Hors agglomération,Intersection en X,Normale,Deux véhicules - côté,2,2,2,0,2,1,1,0,1,50,2,2,0,0,1,1,51.0,16.0,utilitaire_camion,deux_roues,3,1,2,1,3
202400030752,2024-11-08 18:07:00,2024,11,8,18,7,47,47323,RN 21,44.3901,0.71789,Nuit sans éclairage public,Hors agglomération,Intersection en X,Normale,Deux véhicules - côté,2,3,3,0,1,1,1,5,1,70,2,2,0,0,1,1,51.0,16.0,utilitaire_camion,deux_roues,3,1,2,1,3
202400030753,2024-06-22 14:47:00,2024,6,22,14,47,28,28134,ROND POINT DES CHATELETS,48.7467,1.39052,Plein jour,En agglomération,Giratoire,Normale,Deux véhicules - côté,4,1,2,0,1,2,1,0,1,50,2,5,4,0,0,1,33.0,41.0,voiture,deux_roues,1,2,6,1,3
202400030754,2024-06-23 01:35:00,2024,6,23,1,35,22,22278,VOLTAIRE,48.50903,-2.75787,Nuit avec éclairage allumé,En agglomération,Hors intersection,Normale,Autre collision,4,1,1,0,1,1,1,0,1,30,1,2,0,0,0,2,26.0,,voiture,,5,2,1,1,6
202400030755,2024-11-10 10:30:00,2024,11,10,10,30,42,42187,Rue de Charlieu,46.04873,4.08306,Plein jour,En agglomération,Intersection en T,Temps couvert,Deux véhicules - côté,4,2,2,0,1,1,1,5,1,30,2,2,1,0,0,1,21.0,59.0,voiture,voiture,1,2,3,8,3
202400030755,2024-11-10 10:30:00,2024,11,10,10,30,42,42187,Rue de Charlieu,46.04873,4.08306,Plein jour,En agglomération,Intersection en T,Temps couvert,Deux véhicules - côté,4,2,2,0,1,1,1,5,1,30,2,2,1,0,0,1,21.0,59.0,voiture,voiture,1,2,3,8,3
202400030756,2024-06-21 17:05:00,2024,6,21,17,5,21,21054,GAULLE (AVENUE DU GENERAL DE),47.018142,4.835724,Plein jour,En agglomération,Intersection en T,Normale,Deux véhicules - côté,4,2,3,0,1,1,1,9,1,50,2,4,0,0,0,4,38.0,93.0,voiture,voiture,1,2,3,1,3
202400030756,2024-06-21 17:05:00,2024,6,21,17,5,21,21054,GAULLE (AVENUE DU GENERAL DE),47.018142,4.835724,Plein jour,En agglomération,Intersection en T,Normale,Deux véhicules - côté,4,2,3,0,1,1,1,0,1,50,2,4,0,0,0,4,38.0,93.0,voiture,voiture,1,2,3,1,3
202400030757,2024-06-22 21:44:00,2024,6,22,21,44,19,19031,BRUNE (BOULEVARD),45.1533,1.53615,Nuit avec éclairage allumé,En agglomération,Hors intersection,Normale,Autre collision,4,2,2,0,1,1,1,0,1,50,1,2,1,0,0,1,19.0,,voiture,,5,2,1,1,6
202400030758,2024-06-22 12:30:00,2024,6,22,12,30,19,19031,CHAUMEIL (RUE PIERRE),45.15648,1.50418,Plein jour,En agglomération,Giratoire,Pluie légère,Deux véhicules - côté,4,-1,1,0,1,1,2,0,1,50,2,2,1,0,0,1,57.0,33.0,voiture,deux_roues,1,2,6,2,3
202400030758,2024-06-22 12:30:00,2024,6,22,12,30,19,19031,CHAUMEIL (RUE PIERRE),45.15648,1.50418,Plein jour,En agglomération,Giratoire,Pluie légère,Deux véhicules - côté,4,2,2,0,1,1,2,0,1,50,2,2,1,0,0,1,57.0,33.0,voiture,deux_roues,1,2,6,2,3
202400030759,2024-11-10 18:15:00,2024,11,10,18,15,38,38185,AVENUE LA BRUYÈRE,45.16656,5.72902,Nuit avec éclairage allumé,En agglomération,Hors intersection,Normale,Trois véhicules et plus - en chaîne,4,2,4,1,1,1,1,0,1,30,3,4,3,0,0,1,43.0,37.0,voiture,voiture,5,2,1,1,4
202400030760,2024-06-21 18:06:00,2024,6,21,18,6,19,19031,JAURES (AVENUE JEAN),45.15345,1.52934,Plein jour,En agglomération,Hors intersection,Normale,Autre collision,4,2,2,0,1,1,1,0,1,50,1,2,1,0,0,1,37.0,,voiture,,1,2,1,1,6
202400030761,2024-11-10 18:40:00,2024,11,10,18,40,38,38185,COURS JEAN JAURÈS,45.1832,5.7176,Nuit avec éclairage allumé,En agglomération,Hors intersection,Normale,Deux véhicules - arrière,4,1,1,0,1,1,1,0,1,50,2,3,1,0,0,2,25.0,33.0,voiture,deux_roues,5,2,1,1,2
202400030762,2024-06-22 14:40:00,2024,6,22,14,40,14,14366,24 Boulevard Duchesne Fournet,49.148435,0.228295,Plein jour,En agglomération,Intersection en X,Normale,Deux véhicules - côté,4,-1,2,0,1,1,1,0,1,30,2,3,1,0,0,2,66.0,22.0,voiture,voiture,1,2,2,1,3
202400030762,2024-06-22 14:40:00,2024,6,22,14,40,14,14366,24 Boulevard Duchesne Fournet,49.148435,0.228295,Plein jour,En agglomération,Intersection en X,Normale,Deux véhicules - côté,4,-1,1,0,2,1,1,0,1,30,2,3,1,0,0,2,66.0,22.0,voiture,voiture,1,2,2,1,3
202400030763,2024-06-22 22:17:00,2024,6,22,22,17,13,13210,ROMAIN ROLLAND (BOULEVARD),43.27485,5.41561,Nuit avec éclairage allumé,En agglomération,Hors intersection,Pluie légère,Autre collision,4,2,2,0,1,1,2,0,1,500,2,2,1,0,0,1,61.0,16.0,voiture,deux_roues,5,2,1,2,6
202400030764,2024-11-10 06:15:00,2024,11,10,6,15,37,37261,MIRABEAU (PONT),47.39798,0.6995,Nuit avec éclairage allumé,En agglomération,Hors intersection,Normale,Deux véhicules - frontale,4,2,3,2,2,1,1,2,1,50,2,2,1,1,0,0,32.0,20.0,voiture,deux_roues,5,2,1,1,1
202400030765,2024-06-22 03:00:00,2024,6,22,3,0,13,13208,PRADO (AVENUE DU),43.26932,5.38602,Nuit avec éclairage allumé,En agglomération,Hors intersection,Normale,Trois véhicules et plus - collisions multiples,4,2,6,3,1,1,1,0,1,50,3,7,5,0,0,2,,,voiture,voiture,5,2,1,1,5
202400030766,2024-06-22 05:30:00,2024,6,22,5,30,13,13203,GÉNÉRAL LECLERC (RUE),43.30435,5.37598,Crépuscule ou aube,En agglomération,Intersection en T,Normale,Deux véhicules - frontale,4,1,2,0,1,1,1,0,1,50,2,3,2,0,0,1,25.0,36.0,voiture,voiture,2,2,3,1,1
202400030766,2024-06-22 05:30:00,2024,6,22,5,30,13,13203,GÉNÉRAL LECLERC (RUE),43.30435,5.37598,Crépuscule ou aube,En agglomération,Intersection en T,Normale,Deux véhicules - frontale,4,1,2,0,2,1,1,0,1,50,2,3,2,0,0,1,25.0,36.0,voiture,voiture,2,2,3,1,1
202400030767,2024-11-10 04:30:00,2024,11,10,4,30,35,35238,MIRABEAU,48.12451,-1.64378,Nuit avec éclairage allumé,En agglomération,Hors intersection,Normale,Autre collision,4,2,2,2,1,1,1,0,1,30,1,2,0,0,2,0,20.0,,voiture,,5,2,1,1,6
202400030768,2024-06-18 16:30:00,2024,6,18,16,30,13,13205,SAKAKINI (BOULEVARD),43.29541,5.40084,Plein jour,En agglomération,Intersection en X,Normale,Trois véhicules et plus - collisions multiples,4,3,2,3,1,1,1,0,1,50,3,4,3,0,1,0,47.0,71.0,utilitaire_camion,voiture,1,2,2,1,5
202400030768,2024-06-18 16:30:00,2024,6,18,16,30,13,13205,SAKAKINI (BOULEVARD),43.29541,5.40084,Plein jour,En agglomération,Intersection en X,Normale,Trois véhicules et plus - collisions multiples,4,3,5,3,1,1,1,0,1,50,3,4,3,0,1,0,47.0,71.0,utilitaire_camion,voiture,1,2,2,1,5
202400030769,2024-11-09 23:40:00,2024,11,9,23,40,35,35278,CHENAY HUE  (LIEU DIT),48.17011281,-1.68984264,Nuit sans éclairage public,Hors agglomération,Hors intersection,Normale,Autre collision,4,2,2,0,1,3,1,0,3,80,1,1,0,0,0,1,44.0,,voiture,,3,1,1,1,6
202400030770,2024-06-23 00:16:00,2024,6,23,0,16,10,10387,REPUBLIQUE (RUE DE LA ),48.298,4.0742,Nuit avec éclairage allumé,En agglomération,Autre intersection,Normale,Sans collision,4,2,0,0,1,1,9,0,1,50,1,1,0,0,0,1,27.0,,deux_roues,,5,2,9,1,7
202400030771,2024-06-22 20:43:00,2024,6,22,20,43,10,10387,Boulevard Danton,48.30294,4.07703,Plein jour,En agglomération,Hors intersection,Normale,Sans collision,4,1,1,0,1,1,1,0,1,50,1,1,0,0,1,0,71.0,,deux_roues,,1,2,1,1,7
202400030772,2024-06-21 18:40:00,2024,6,21,18,40,07,07102,Jean MOULIN (Rue),44.93764,4.86363,Plein jour,En agglomération,Giratoire,Normale,Deux véhicules - côté,4,-1,2,0,1,1,1,0,1,50,2,2,1,0,1,0,37.0,16.0,voiture,deux_roues,1,2,6,1,3
202400030772,2024-06-21 18:40:00,2024,6,21,18,40,07,07102,Jean MOULIN (Rue),44.93764,4.86363,Plein jour,En agglomération,Giratoire,Normale,Deux véhicules - côté,4,-1,2,0,1,1,1,0,1,50,2,2,1,0,1,0,37.0,16.0,voiture,deux_roues,1,2,6,1,3
202400030773,2024-11-11 00:20:00,2024,11,11,0,20,34,34172,SORBES (RUE DE LAS,43.61609,3.85812,Nuit avec éclairage allumé,En agglomération,Intersection en X,Normale,Deux véhicules - côté,4,2,2,0,1,1,1,0,1,50,2,3,2,0,0,1,28.0,57.0,voiture,utilitaire_camion,5,2,2,1,3
202400030773,2024-11-11 00:20:00,2024,11,11,0,20,34,34172,SORBES (RUE DE LAS,43.61609,3.85812,Nuit avec éclairage allumé,En agglomération,Intersection en X,Normale,Deux véhicules - côté,4,2,2,0,1,1,1,0,1,50,2,3,2,0,0,1,28.0,57.0,voiture,utilitaire_camion,5,2,2,1,3
202400030774,2024-06-21 11:10:00,2024,6,21,11,10,75,75116,BD PERIPHERIQUE EXTERIEUR,48.866593,2.268615,Plein jour,En agglomération,Hors intersection,Pluie légère,Deux véhicules - arrière,4,1,4,0,1,1,2,0,1,70,2,2,1,0,0,1,28.0,73.0,voiture,voiture,1,2,1,2,2
202400030775,2024-06-21 10:01:00,2024,6,21,10,1,75,75120,AVENUE DE LA PORTE DE BAGNOLET,48.864722,2.410235,Plein jour,En agglomération,Intersection en T,Pluie légère,Autre collision,4,2,6,3,1,1,2,0,1,30,1,7,6,0,1,0,44.0,,utilitaire_camion,,1,2,3,2,6
202400030775,2024-06-21 10:01:00,2024,6,21,10,1,75,75120,AVENUE DE LA PORTE DE BAGNOLET,48.864722,2.410235,Plein jour,En agglomération,Intersection en T,Pluie légère,Autre collision,4,2,3,1,1,1,2,0,1,30,1,7,6,0,1,0,44.0,,utilitaire_camion,,1,2,3,2,6
202400030776,2024-11-08 15:50:00,2024,11,8,15,50,34,34116,COMTE DE NICE (AVENUE DU),43.64237,3.81416,Plein jour,En agglomération,Hors intersection,Normale,Autre collision,4,2,2,0,1,1,1,0,1,50,1,2,1,0,1,0,76.0,,voiture,,1,2,1,1,6
202400030777,2024-06-22 01:30:00,2024,6,22,1,30,75,75106,PONT NEUF,48.8563,2.3406,Nuit avec éclairage allumé,En agglomération,Hors intersection,Normale,Deux véhicules - côté,4,2,3,3,1,1,2,0,1,30,2,2,1,0,0,1,21.0,,deux_roues,deux_roues,5,2,1,1,3
202400030778,2024-06-22 00:30:00,2024,6,22,0,30,75,75111,AVENUE PHILIPPE AUGUSTE,48.855762,2.391338,Nuit avec éclairage allumé,En agglomération,Intersection en X,Pluie légère,Deux véhicules - frontale,4,2,2,0,1,1,2,5,1,30,2,2,1,0,0,1,24.0,26.0,deux_roues,voiture,5,2,2,2,1
202400030778,2024-06-22 00:30:00,2024,6,22,0,30,75,75111,AVENUE PHILIPPE AUGUSTE,48.855762,2.391338,Nuit avec éclairage allumé,En agglomération,Intersection en X,Pluie légère,Deux véhicules - frontale,4,3,2,0,1,1,2,5,1,30,2,2,1,0,0,1,24.0,26.0,deux_roues,voiture,5,2,2,2,1
202400030779,2024-06-22 17:20:00,2024,6,22,17,20,75,75118,BOULEVARD BARBES,48.88834,2.349704,Plein jour,En agglomération,Intersection en X,Normale,Deux véhicules - côté,4,3,4,3,1,1,1,0,1,30,2,2,1,0,0,1,31.0,38.0,deux_roues,voiture,1,2,2,1,3
202400030779,2024-06-22 17:20:00,2024,6,22,17,20,75,75118,BOULEVARD BARBES,48.88834,2.349704,Plein jour,En agglomération,Intersection en X,Normale,Deux véhicules - côté,4,-1,1,0,2,1,1,0,1,30,2,2,1,0,0,1,31.0,38.0,deux_roues,voiture,1,2,2,1,3
202400030780,2024-11-10 14:20:00,2024,11,10,14,20,29,29232,Rond-Point de Ludugris,47.97952351,-4.12191647,Plein jour,En agglomération,Giratoire,Normale,Deux véhicules - côté,3,-1,2,0,1,2,1,0,1,50,2,2,1,0,0,1,29.0,54.0,utilitaire_camion,deux_roues,1,2,6,1,3
202400030781,2024-06-22 20:05:00,2024,6,22,20,5,75,75115,BOULEVARD PASTEUR,48.842997,2.312796,Plein jour,En agglomération,Intersection en X,Normale,Autre collision,4,1,2,1,2,1,1,0,5,30,1,2,1,0,1,0,,,deux_roues,,1,2,2,1,6
202400030781,2024-06-22 20:05:00,2024,6,22,20,5,75,75115,BOULEVARD PASTEUR,48.842997,2.312796,Plein jour,En agglomération,Intersection en X,Normale,Autre collision,4,1,0,1,1,1,1,0,1,30,1,2,1,0,1,0,,,deux_roues,,1,2,2,1,6
202400030782,2024-11-09 15:30:00,2024,11,9,15,30,29,29232,Rue de Kerfeunteun,48.000136,-4.101344,Plein jour,En agglomération,Hors intersection,Normale,Deux véhicules - frontale,4,2,2,0,2,1,1,0,1,50,2,2,1,0,0,1,33.0,17.0,voiture,deux_roues,1,2,1,1,1
202400030783,2024-11-10 03:10:00,2024,11,10,3,10,25,25056,BELFORT RUE DE (inf144),47.24966,6.03231,Nuit avec éclairage allumé,En agglomération,Hors intersection,Normale,Autre collision,3,2,2,0,1,1,1,0,1,50,1,1,0,0,0,1,36.0,,voiture,,5,2,1,1,6
202400030784,2024-06-22 16:30:00,2024,6,22,16,30,75,75115,RUE DE LA CONVENTION,48.837221,2.296423,Plein jour,En agglomération,Intersection en X,Normale,Deux véhicules - côté,4,2,3,0,1,1,1,0,1,30,2,2,1,0,0,1,26.0,,deux_roues,deux_roues,1,2,2,1,3
202400030784,2024-06-22 16:30:00,2024,6,22,16,30,75,75115,RUE DE LA CONVENTION,48.837221,2.296423,Plein jour,En agglomération,Intersection en X,Normale,Deux véhicules - côté,4,2,2,0,1,1,1,0,1,30,2,2,1,0,0,1,26.0,,deux_roues,deux_roues,1,2,2,1,3
202400030785,2024-11-10 11:35:00,2024,11,10,11,35,17,17306,POSTE (ROND POINT DE LA),45.62507,-1.02439,Plein jour,En agglomération,Intersection en T,Normale,Autre collision,4,1,1,-1,1,1,1,0,1,30,1,2,1,0,0,1,49.0,,voiture,,1,2,3,1,6
202400030785,2024-11-10 11:35:00,2024,11,10,11,35,17,17306,POSTE (ROND POINT DE LA),45.62507,-1.02439,Plein jour,En agglomération,Intersection en T,Normale,Autre collision,4,1,1,0,1,1,1,0,1,30,1,2,1,0,0,1,49.0,,voiture,,1,2,3,1,6
202400030786,2024-06-22 19:05:00,2024,6,22,19,5,75,75112,RUE DU SAHEL,48.841119,2.402323,Plein jour,En agglomération,Intersection en T,Normale,Deux véhicules - arrière,4,1,1,1,2,1,1,0,8,30,2,2,1,0,1,0,57.0,20.0,deux_roues,deux_roues,1,2,3,1,2
202400030786,2024-06-22 19:05:00,2024,6,22,19,5,75,75112,RUE DU SAHEL,48.841119,2.402323,Plein jour,En agglomération,Intersection en T,Normale,Deux véhicules - arrière,4,1,1,1,1,1,1,0,1,30,2,2,1,0,1,0,57.0,20.0,deux_roues,deux_roues,1,2,3,1,2
202400030787,2024-06-22 20:30:00,2024,6,22,20,30,75,75111,RUE DE MONTREUIL,48.850905,2.396445,Plein jour,En agglomération,Intersection en T,Normale,Deux véhicules - côté,4,2,2,0,1,1,1,0,1,30,2,2,1,0,0,1,44.0,36.0,voiture,deux_roues,1,2,3,1,3
202400030787,2024-06-22 20:30:00,2024,6,22,20,30,75,75111,RUE DE MONTREUIL,48.850905,2.396445,Plein jour,En agglomération,Intersection en T,Normale,Deux véhicules - côté,4,2,2,0,1,1,1,0,1,30,2,2,1,0,0,1,44.0,36.0,voiture,deux_roues,1,2,3,1,3
202400030788,2024-11-10 05:05:00,2024,11,10,5,5,15,15014,Route de Belbex,44.91953,2.41768,Nuit avec éclairage allumé,En agglomération,Intersection en Y,Brouillard / fumée,Autre collision,4,2,2,0,1,1,1,0,3,50,1,1,0,0,1,0,18.0,,voiture,,5,2,4,5,6
202400030788,2024-11-10 05:05:00,2024,11,10,5,5,15,15014,Route de Belbex,44.91953,2.41768,Nuit avec éclairage allumé,En agglomération,Intersection en Y,Brouillard / fumée,Autre collision,4,2,2,0,1,3,1,0,3,50,1,1,0,0,1,0,18.0,,voiture,,5,2,4,5,6
202400030789,2024-06-22 09:40:00,2024,6,22,9,40,75,75110,BOULEVARD DE LA VILLETTE,48.880462,2.370074,Plein jour,En agglomération,Hors intersection,Normale,Sans collision,4,1,1,1,1,1,2,8,1,30,2,2,1,0,1,0,44.0,29.0,deux_roues,deux_roues,1,2,1,1,7
202400030790,2024-06-22 00:45:00,2024,6,22,0,45,75,75108,RUE DE LA VILLE L EVEQUE,48.871037,2.322415,Nuit avec éclairage allumé,En agglomération,Intersection en T,Normale,Deux véhicules - côté,4,1,1,0,1,1,1,0,1,30,2,2,1,0,0,1,62.0,24.0,deux_roues,voiture,5,2,3,1,3
202400030790,2024-06-22 00:45:00,2024,6,22,0,45,75,75108,RUE DE LA VILLE L EVEQUE,48.871037,2.322415,Nuit avec éclairage allumé,En agglomération,Intersection en T,Normale,Deux véhicules - côté,4,1,1,0,1,1,1,0,1,30,2,2,1,0,0,1,62.0,24.0,deux_roues,voiture,5,2,3,1,3
202400030791,2024-11-10 21:30:00,2024,11,10,21,30,13,13056,REVEILLA,43.42011,5.02249,Nuit sans éclairage public,Hors agglomération,Autre intersection,Normale,Sans collision,4,2,2,0,1,3,1,0,8,80,1,1,0,0,0,1,19.0,,voiture,,3,1,9,1,7
202400030792,2024-06-22 00:20:00,2024,6,22,0,20,75,75107,QUAI D ORSAY,48.862218,2.303187,Nuit avec éclairage allumé,En agglomération,Hors intersection,Pluie légère,Deux véhicules - arrière,4,2,0,0,1,1,2,0,1,30,2,2,1,0,0,1,30.0,23.0,deux_roues,deux_roues,5,2,1,2,2
202400030793,2024-06-22 13:55:00,2024,6,22,13,55,94,94076,Avenue de la République,48.78846528,2.35912836,Plein jour,En agglomération,Hors intersection,Normale,Deux véhicules - frontale,3,2,2,0,1,1,1,0,1,50,2,2,1,0,0,1,,23.0,voiture,deux_roues,1,2,1,1,1
202400030794,2024-06-21 19:55:00,2024,6,21,19,55,94,94073,Avenue de Versailles / Rue simone veil,48.75820329,2.39257768,Plein jour,En agglomération,Intersection en X,Normale,Deux véhicules - arrière,3,1,2,2,1,1,1,0,1,-1,2,3,2,0,0,1,27.0,24.0,voiture,utilitaire_camion,1,2,2,1,2
202400030794,2024-06-21 19:55:00,2024,6,21,19,55,94,94073,Avenue de Versailles / Rue simone veil,48.75820329,2.39257768,Plein jour,En agglomération,Intersection en X,Normale,Deux véhicules - arrière,3,3,4,3,1,1,1,0,1,50,2,3,2,0,0,1,27.0,24.0,voiture,utilitaire_camion,1,2,2,1,2
202400030795,2024-11-09 17:00:00,2024,11,9,17,0,13,13001,ROI RENE (BD DU),43.52396548,5.447454,Nuit avec éclairage allumé,En agglomération,Intersection en X,Normale,Deux véhicules - côté,4,2,2,0,1,1,1,0,1,50,2,2,1,0,0,1,17.0,36.0,deux_roues,voiture,5,2,2,1,3
202400030795,2024-11-09 17:00:00,2024,11,9,17,0,13,13001,ROI RENE (BD DU),43.52396548,5.447454,Nuit avec éclairage allumé,En agglomération,Intersection en X,Normale,Deux véhicules - côté,4,1,3,0,1,1,1,0,1,50,2,2,1,0,0,1,17.0,36.0,deux_roues,voiture,5,2,2,1,3
202400030796,2024-06-21 23:55:00,2024,6,21,23,55,94,94054,Route Charles Tillon,48.74596,2.38345,Nuit avec éclairage allumé,En agglomération,Autre intersection,Pluie légère,Autre collision,9,-1,1,0,1,1,2,9,8,30,1,2,1,1,0,0,26.0,,utilitaire_camion,,5,2,9,2,6
202400030797,2024-06-22 04:45:00,2024,6,22,4,45,77,77291,CHAPIT RE ( RUE DU),49.01271707,2.5903047,Nuit avec éclairage allumé,En agglomération,Hors intersection,Pluie légère,Deux véhicules - frontale,4,2,2,0,2,3,2,0,1,50,2,2,1,0,0,1,47.0,19.0,voiture,voiture,5,2,1,2,1
202400030798,2024-11-10 09:20:00,2024,11,10,9,20,10,10081,JEAN ZAY (RUE),48.3085,4.0399,Plein jour,En agglomération,Hors intersection,Normale,Autre collision,4,1,1,0,1,1,1,0,8,50,1,1,0,0,0,1,34.0,,voiture,,1,2,1,1,6
202400030799,2024-06-22 20:00:00,2024,6,22,20,0,93,93066,Rue d'Eaubonne,48.945136,2.375771,Plein jour,En agglomération,Hors intersection,Normale,Autre collision,4,2,2,0,1,2,1,0,1,30,1,1,0,0,0,1,23.0,,deux_roues,,1,2,1,1,6
202400030800,2024-06-22 04:00:00,2024,6,22,4,0,93,93046,Avenue Aristide Briand,48.91341,2.52464,Nuit avec éclairage allumé,En agglomération,Hors intersection,Normale,Sans collision,3,3,4,0,1,1,2,0,1,70,1,1,0,0,0,1,24.0,,voiture,,5,2,1,1,7
202400030801,2024-06-22 01:20:00,2024,6,22,1,20,93,93015,Rue Raoul Larche,48.91421,2.5791,Nuit avec éclairage non allumé,En agglomération,Hors intersection,Pluie légère,Deux véhicules - frontale,4,2,2,0,1,1,2,0,1,50,2,2,1,0,0,1,31.0,46.0,deux_roues,voiture,4,2,1,2,1
202400030802,2024-06-22 18:00:00,2024,6,22,18,0,93,93057,Allée Monthyon / Allée Marie-Louise,48.913224,2.505795,Plein jour,En agglomération,Intersection en X,Normale,Deux véhicules - côté,3,1,1,0,1,1,1,0,1,30,2,2,1,0,0,1,47.0,25.0,voiture,deux_roues,1,2,2,1,3
202400030802,2024-06-22 18:00:00,2024,6,22,18,0,93,93057,Allée Monthyon / Allée Marie-Louise,48.913224,2.505795,Plein jour,En agglomération,Intersection en X,Normale,Deux véhicules - côté,3,2,2,0,1,1,1,0,1,30,2,2,1,0,0,1,47.0,25.0,voiture,deux_roues,1,2,2,1,3
202400030803,2024-11-10 15:45:00,2024,11,10,15,45,08,08105,NOUZONVILLE,49.78559,4.72097,Plein jour,En agglomération,Hors intersection,Normale,Deux véhicules - côté,4,2,2,0,1,1,1,0,1,50,2,2,1,0,1,0,66.0,45.0,deux_roues,voiture,1,2,1,1,3
202400030804,2024-06-22 00:10:00,2024,6,22,0,10,92,92072,Maréchal Juin (Quai),48.8291813,2.22411239,Nuit avec éclairage allumé,En agglomération,Intersection en X,Pluie légère,Autre collision,3,1,2,0,1,2,2,0,1,50,1,2,1,0,1,0,,,voiture,,5,2,2,2,6