accident_id,datetime,annee,mois,jour,heure,minute,departement,commune_insee,adresse,latitude,longitude,luminosite,agglomeration,intersection,meteo,collision,catr,circ,nbv,vosp,prof,plan,surf,infra,situ,vma,nb_vehicules,nb_usagers,nb_indemnes,nb_tues,nb_blesses_hosp,nb_blesses_legers,age_cond_1,age_cond_2,veh_type_cond_1,veh_type_cond_2,lum_code,agg_code,int_code,atm_code,col_code
202400030804,2024-06-22 00:10:00,2024,6,22,0,10,92,92072,Maréchal Juin (Quai),48.8291813,2.22411239,Nuit avec éclairage allumé,En agglomération,Intersection en X,Pluie légère,Autre collision,3,1,2,0,1,1,2,0,1,50,1,2,1,0,1,0,,,voiture,,5,2,2,2,6
202400030805,2024-06-22 03:00:00,2024,6,22,3,0,92,92044,PDT WILSON(RUE)133A149 ET 132A144,48.89811835,2.28517923,Nuit avec éclairage allumé,En agglomération,Intersection en X,Normale,Deux véhicules - côté,4,1,2,0,1,1,1,0,1,50,2,2,1,0,1,0,28.0,49.0,deux_roues,voiture,5,2,2,1,3
202400030805,2024-06-22 03:00:00,2024,6,22,3,0,92,92044,PDT WILSON(RUE)133A149 ET 132A144,48.89811835,2.28517923,Nuit avec éclairage allumé,En agglomération,Intersection en X,Normale,Deux véhicules - côté,4,1,2,0,1,1,1,0,1,50,2,2,1,0,1,0,28.0,49.0,deux_roues,voiture,5,2,2,1,3
202400030806,2024-06-22 00:15:00,2024,6,22,0,15,92,92036,SORTIE A 86,48.93422494,2.28121805,Nuit avec éclairage non allumé,Hors agglomération,Autre intersection,Pluie légère,Autre collision,3,2,0,0,1,1,2,2,1,30,1,1,0,0,0,1,27.0,,voiture,,4,1,9,2,6
202400030807,2024-06-21 22:30:00,2024,6,21,22,30,92,92004,GRESILLONS (AVENUE DES) (47/101),48.91461356,2.30069232,Nuit avec éclairage allumé,En agglomération,Hors intersection,Normale,Deux véhicules - côté,3,2,2,0,1,1,1,0,1,30,2,3,1,0,0,2,22.0,20.0,deux_roues,deux_roues,5,2,1,1,3
202400030808,2024-06-22 10:20:00,2024,6,22,10,20,92,92032,CLAUDE AUGUSTIN (RUE),48.78528301,2.28790085,Plein jour,En agglomération,Hors intersection,Pluie légère,Autre collision,4,2,1,0,2,1,2,0,1,50,1,1,0,0,0,1,27.0,,deux_roues,,1,2,1,2,6
202400030809,2024-06-22 12:44:00,2024,6,22,12,44,92,92007,STALINGRAD (AVENUE DE),48.80970091,2.31758621,Plein jour,En agglomération,Giratoire,Pluie forte,Autre collision,4,1,1,1,1,1,2,6,1,50,1,2,1,0,0,1,84.0,,voiture,,1,2,6,3,6
202400030810,2024-06-22 05:25:00,2024,6,22,5,25,92,92007,MEUNIERS (RUE DES),48.79784242,2.31744057,Nuit avec éclairage allumé,En agglomération,Intersection à plus de 4 branches,Pluie légère,Deux véhicules - côté,4,2,0,0,2,1,2,0,1,50,2,2,1,0,1,0,25.0,30.0,deux_roues,voiture,5,2,5,2,3
202400030810,2024-06-22 05:25:00,2024,6,22,5,25,92,92007,MEUNIERS (RUE DES),48.79784242,2.31744057,Nuit avec éclairage allumé,En agglomération,Intersection à plus de 4 branches,Pluie légère,Deux véhicules - côté,4,2,0,0,1,1,2,0,1,50,2,2,1,0,1,0,25.0,30.0,deux_roues,voiture,5,2,5,2,3
202400030811,2024-11-10 16:15:00,2024,11,10,16,15,75,75118,BOULEVARD PERIPHERIQUE INTERIEUR NORD  ,48.90096955,2.34761417,Plein jour,En agglomération,Intersection en Y,Normale,Deux véhicules - arrière,4,-1,#VALEURMULTI,0,1,1,1,0,1,50,2,2,1,0,0,1,33.0,30.0,deux_roues,utilitaire_camion,1,2,4,1,2
202400030812,2024-06-22 23:30:00,2024,6,22,23,30,54,54509,Rue de Lorraine,48.631572,6.373296,Nuit avec éclairage allumé,En agglomération,Hors intersection,Normale,Autre collision,3,2,2,0,1,4,1,0,1,50,1,2,0,0,2,0,17.0,,deux_roues,,5,2,1,1,6
202400030813,2024-06-15 01:30:00,2024,6,15,1,30,35,35168,Rond Point Bellevue,47.90935108,-1.99117273,Nuit sans éclairage public,Hors agglomération,Giratoire,Normale,Autre collision,3,2,2,0,1,1,1,0,1,80,1,1,0,0,1,0,32.0,,voiture,,3,1,6,1,6
202400030814,2024-11-10 14:20:00,2024,11,10,14,20,75,75119,AVENUE SIMON BOLIVAR,48.877078,2.374203,Plein jour,En agglomération,Intersection en X,Normale,Deux véhicules - côté,4,4,3,1,2,2,1,0,1,30,2,2,1,0,0,1,,27.0,voiture,deux_roues,1,2,2,1,3
202400030814,2024-11-10 14:20:00,2024,11,10,14,20,75,75119,AVENUE SIMON BOLIVAR,48.877078,2.374203,Plein jour,En agglomération,Intersection en X,Normale,Deux véhicules - côté,4,1,1,2,2,1,1,0,1,30,2,2,1,0,0,1,,27.0,voiture,deux_roues,1,2,2,1,3
202400030815,2024-06-23 03:15:00,2024,6,23,3,15,2A,2A127,T40,41.580343,8.952495,Nuit sans éclairage public,Hors agglomération,Hors intersection,Normale,Autre collision,2,2,2,0,1,2,1,0,8,80,1,1,0,1,0,0,35.0,,voiture,,3,1,1,1,6
202400030816,2024-11-08 17:00:00,2024,11,8,17,0,75,75116,AVENUE PAUL DOUMER,48.860588,2.282132,Plein jour,En agglomération,Hors intersection,Normale,Autre collision,4,2,2,0,1,1,1,0,1,30,1,1,0,0,0,1,80.0,,voiture,,1,2,1,1,6
202400030817,2024-06-22 11:35:00,2024,6,22,11,35,06,06149,4 Boulevard Riba Roussa,43.733011,7.292883,Plein jour,En agglomération,Hors intersection,Normale,Deux véhicules - frontale,7,2,2,0,1,1,1,8,1,70,2,3,0,0,2,1,56.0,33.0,voiture,voiture,1,2,1,1,1
202400030818,2024-06-23 18:50:00,2024,6,23,18,50,95,95487,MAURICE THOREZ (AVENUE),49.151124,2.270662,Plein jour,En agglomération,Hors intersection,Normale,Autre collision,4,2,2,0,1,1,1,5,3,50,1,1,0,1,0,0,20.0,,autre,,1,2,1,1,6
202400030819,2024-11-10 15:40:00,2024,11,10,15,40,75,75115,AVENUE EMILE ZOLA,48.846898,2.293098,Plein jour,En agglomération,Intersection en T,Normale,Deux véhicules - côté,4,2,0,0,1,1,1,0,1,30,2,2,1,0,0,1,62.0,43.0,deux_roues,voiture,1,2,3,1,3
202400030819,2024-11-10 15:40:00,2024,11,10,15,40,75,75115,AVENUE EMILE ZOLA,48.846898,2.293098,Plein jour,En agglomération,Intersection en T,Normale,Deux véhicules - côté,4,1, -1,-1,1,1,1,0,1,-1,2,2,1,0,0,1,62.0,43.0,deux_roues,voiture,1,2,3,1,3
202400030820,2024-06-21 10:45:00,2024,6,21,10,45,36,36233,Route de Valencay,47.23779994,1.54171821,Plein jour,Hors agglomération,Hors intersection,Pluie forte,Deux véhicules - frontale,3,2,2,0,1,1,2,0,1,90,2,2,0,0,2,0,76.0,73.0,voiture,voiture,1,1,1,3,1
202400030821,2024-06-23 12:15:00,2024,6,23,12,15,63,63004,90 les jarrasses,45.93743567,2.8036748,Plein jour,En agglomération,Hors intersection,Normale,Autre collision,3,2,2,0,1,2,1,0,3,70,1,1,0,0,1,0,57.0,,voiture,,1,2,1,1,6
202400030822,2024-11-10 13:00:00,2024,11,10,13,0,75,75115,BOULEVARD VICTOR,48.83541,2.281058,Plein jour,En agglomération,Intersection en X,Normale,Deux véhicules - côté,4,3,6,1,1,1,1,-1,5,30,2,2,1,0,0,1,64.0,27.0,voiture,deux_roues,1,2,2,1,3
202400030822,2024-11-10 13:00:00,2024,11,10,13,0,75,75115,BOULEVARD VICTOR,48.83541,2.281058,Plein jour,En agglomération,Intersection en X,Normale,Deux véhicules - côté,4,2,3,1,1,1,1,-1,5,30,2,2,1,0,0,1,64.0,27.0,voiture,deux_roues,1,2,2,1,3
202400030823,2024-06-23 08:30:00,2024,6,23,8,30,974,97414,99 Route Hubert Delisle,-21.257636,55.441401,Plein jour,En agglomération,Hors intersection,Normale,Deux véhicules - côté,3,2,2,0,2,3,1,0,1,-1,2,2,1,0,0,1,33.0,26.0,voiture,deux_roues,1,2,1,1,3
202400030824,2024-06-22 03:00:00,2024,6,22,3,0,58,58048,c2,47.342745,3.196222,Nuit sans éclairage public,Hors agglomération,Hors intersection,Pluie légère,Autre collision,4,-1,2,0,1,2,2,0,3,90,1,1,0,0,1,0,30.0,,voiture,,3,1,1,2,6
202400030825,2024-11-10 12:10:00,2024,11,10,12,10,75,75114,BOULEVARD BRUNE,48.826161,2.312747,Plein jour,En agglomération,Intersection en X,Normale,Autre collision,4,2,8,1,1,1,1,-1,5,30,1,2,1,0,1,0,45.0,,deux_roues,,1,2,2,1,6
202400030825,2024-11-10 12:10:00,2024,11,10,12,10,75,75114,BOULEVARD BRUNE,48.826161,2.312747,Plein jour,En agglomération,Intersection en X,Normale,Autre collision,4,1, -1,-1,1,1,1,-1,5,-1,1,2,1,0,1,0,45.0,,deux_roues,,1,2,2,1,6
202400030826,2024-06-13 17:30:00,2024,6,13,17,30,06,06046,94 Route de Grenoble,43.770459,7.212117,Plein jour,Hors agglomération,Hors intersection,Normale,Trois véhicules et plus - en chaîne,7,2,3,0,1,1,1,0,1,50,3,3,2,0,0,1,41.0,49.0,utilitaire_camion,utilitaire_camion,1,1,1,1,4
202400030827,2024-11-09 23:15:00,2024,11,9,23,15,75,75108,AVENUE DELCASSE,48.873275,2.314578,Nuit avec éclairage allumé,En agglomération,Hors intersection,Normale,Autre collision,4,1,1,3,1,1,1,0,1,30,1,2,1,0,0,1,56.0,,deux_roues,,5,2,1,1,6
202400030828,2024-11-10 23:40:00,2024,11,10,23,40,75,75108,AVENUE DES CHAMPS ELYSEES,48.871925,2.300835,Nuit avec éclairage allumé,En agglomération,Intersection en X,Normale,Deux véhicules - arrière,4,2,4,0,1,1,1,0,1,50,2,2,1,0,0,1,,24.0,voiture,voiture,5,2,2,1,2
202400030828,2024-11-10 23:40:00,2024,11,10,23,40,75,75108,AVENUE DES CHAMPS ELYSEES,48.871925,2.300835,Nuit avec éclairage allumé,En agglomération,Intersection en X,Normale,Deux véhicules - arrière,4,2, -1,-1,1,1,1,0,1,-1,2,2,1,0,0,1,,24.0,voiture,voiture,5,2,2,1,2
202400030829,2024-06-21 17:15:00,2024,6,21,17,15,971,97132,route de grande anse,15.960847,-61.671638,Plein jour,En agglomération,Hors intersection,Normale,Deux véhicules - arrière,3,2,2,0,1,1,1,0,1,50,2,2,0,1,0,1,68.0,20.0,deux_roues,deux_roues,1,2,1,1,2
202400030830,2024-06-23 01:40:00,2024,6,23,1,40,68,68156,D430,47.89020822,7.25097475,Nuit sans éclairage public,Hors agglomération,Hors intersection,Temps couvert,Autre collision,3,2,0,0,1,1,2,0,3,90,1,2,1,0,0,1,19.0,,voiture,,3,1,1,8,6
202400030831,2024-11-09 23:20:00,2024,11,9,23,20,75,75102,BOULEVARD DE BONNE NOUVELLE,48.870397,2.349344,Nuit avec éclairage allumé,En agglomération,Hors intersection,Normale,Deux véhicules - côté,4,2,4,1,1,1,1,-1,5,50,2,4,3,0,0,1,18.0,,deux_roues,voiture,5,2,1,1,3
202400030832,2024-06-22 15:30:00,2024,6,22,15,30,37,37170,"A28 , PK 41",47.593199,0.547128,Plein jour,Hors agglomération,Hors intersection,Normale,Deux véhicules - arrière,1,3,2,0,2,1,1,0,1,130,2,2,1,0,1,0,54.0,75.0,deux_roues,voiture,1,1,1,1,2
202400030833,2024-11-10 23:25:00,2024,11,10,23,25,94,94033,Boulevard de Verdun,48.85373,2.46983,Nuit avec éclairage allumé,En agglomération,Intersection à plus de 4 branches,Normale,Deux véhicules - côté,3,2,2,2,2,1,1,0,1,30,2,2,1,0,0,1,,24.0,voiture,deux_roues,5,2,5,1,3
202400030833,2024-11-10 23:25:00,2024,11,10,23,25,94,94033,Boulevard de Verdun,48.85373,2.46983,Nuit avec éclairage allumé,En agglomération,Intersection à plus de 4 branches,Normale,Deux véhicules - côté,3,2,3,3,1,1,1,5,1,30,2,2,1,0,0,1,,24.0,voiture,deux_roues,5,2,5,1,3
202400030833,2024-11-10 23:25:00,2024,11,10,23,25,94,94033,Boulevard de Verdun,48.85373,2.46983,Nuit avec éclairage allumé,En agglomération,Intersection à plus de 4 branches,Normale,Deux véhicules - côté,3,2,2,2,2,1,1,0,1,30,2,2,1,0,0,1,,24.0,voiture,deux_roues,5,2,5,1,3
202400030834,2024-06-22 11:00:00,2024,6,22,11,0,35,35024,Roullefort,48.156152,-1.650743,Plein jour,Hors agglomération,Hors intersection,Normale,Autre collision,4,2,2,0,1,1,1,0,3,70,1,3,1,0,1,1,40.0,,voiture,,1,1,1,1,6
202400030835,2024-06-23 02:00:00,2024,6,23,2,0,56,56234,Route de Quiberon,47.510788,-3.129795,Nuit sans éclairage public,Hors agglomération,Hors intersection,Normale,Deux véhicules - arrière,3,2,2,0,1,1,1,0,1,-1,2,2,1,0,0,1,34.0,33.0,deux_roues,deux_roues,3,1,1,1,2
202400030836,2024-11-10 14:30:00,2024,11,10,14,30,94,94022,Rue du Four,48.75378479,2.40538479,Plein jour,En agglomération,Intersection en X,Normale,Deux véhicules - côté,3,2,2,0,1,1,1,0,1,50,2,2,1,0,0,1,42.0,22.0,deux_roues,voiture,1,2,2,1,3
202400030836,2024-11-10 14:30:00,2024,11,10,14,30,94,94022,Rue du Four,48.75378479,2.40538479,Plein jour,En agglomération,Intersection en X,Normale,Deux véhicules - côté,3,2,2,0,1,1,1,0,1,50,2,2,1,0,0,1,42.0,22.0,deux_roues,voiture,1,2,2,1,3
202400030837,2024-06-23 11:45:00,2024,6,23,11,45,77,77066,N4,48.691031,3.344843,Plein jour,Hors agglomération,Intersection en T,Normale,Deux véhicules - côté,3,2,2,0,1,1,1,0,1,80,2,2,1,0,1,0,73.0,27.0,voiture,voiture,1,1,3,1,3
202400030837,2024-06-23 11:45:00,2024,6,23,11,45,77,77066,N4,48.691031,3.344843,Plein jour,Hors agglomération,Intersection en T,Normale,Deux véhicules - côté,3,2,2,0,1,1,1,0,1,80,2,2,1,0,1,0,73.0,27.0,voiture,voiture,1,1,3,1,3
202400030838,2024-11-09 15:20:00,2024,11,9,15,20,94,94054,Rue des Aubépines,48.74296,2.38997,Plein jour,En agglomération,Intersection en T,Temps couvert,Deux véhicules - frontale,4,2,2,-1,1,1,1,0,1,-1,2,2,1,0,0,1,63.0,30.0,deux_roues,voiture,1,2,3,8,1
202400030838,2024-11-09 15:20:00,2024,11,9,15,20,94,94054,Rue des Aubépines,48.74296,2.38997,Plein jour,En agglomération,Intersection en T,Temps couvert,Deux véhicules - frontale,4,-1,1,0,1,1,1,0,1,30,2,2,1,0,0,1,63.0,30.0,deux_roues,voiture,1,2,3,8,1
202400030839,2024-06-22 05:28:00,2024,6,22,5,28,79,79220,,46.221482,-0.683727,Nuit sans éclairage public,Hors agglomération,Intersection en T,Pluie forte,Sans collision,3,2,2,0,1,2,2,0,3,80,1,2,0,0,2,0,30.0,,deux_roues,,3,1,3,3,7
202400030839,2024-06-22 05:28:00,2024,6,22,5,28,79,79220,,46.221482,-0.683727,Nuit sans éclairage public,Hors agglomération,Intersection en T,Pluie forte,Sans collision,3,2,2,-1,1,1,2,0,1,-1,1,2,0,0,2,0,30.0,,deux_roues,,3,1,3,3,7
202400030840,2024-11-10 18:00:00,2024,11,10,18,0,93,93078,BALLANGER (BD ROBERT),48.95441009,2.53572464,Nuit avec éclairage allumé,En agglomération,Hors intersection,Normale,Autre collision,3,2,2,0,1,1,1,0,1,50,1,2,1,0,0,1,19.0,,voiture,,5,2,1,1,6
202400030841,2024-06-23 16:15:00,2024,6,23,16,15,2B,2B208,molinone,42.326173,9.404951,Plein jour,Hors agglomération,Hors intersection,Temps couvert,Sans collision,3,2,2,0,1,1,2,0,8,80,1,1,0,0,0,1,74.0,,voiture,,1,1,1,8,7
202400030842,2024-11-10 17:59:00,2024,11,10,17,59,93,93039,MARINE (QUAI DE LA ),48.94766522,2.32332148,Nuit avec éclairage allumé,En agglomération,Hors intersection,Normale,Trois véhicules et plus - collisions multiples,4,2,2,0,1,1,1,0,1,30,3,3,0,1,0,2,31.0,37.0,deux_roues,deux_roues,5,2,1,1,5
202400030843,2024-12-18 07:45:00,2024,12,18,7,45,34,34270,"Autorouite A 709, PK 19.100, sens Sud Nord",43.566617,3.841631,Crépuscule ou aube,Hors agglomération,Autre intersection,Normale,Deux véhicules - côté,1,1,2,3,1,1,1,9,1,-1,2,2,1,0,0,1,45.0,52.0,deux_roues,utilitaire_camion,2,1,9,1,3
202400030844,2024-11-10 01:50:00,2024,11,10,1,50,93,93077,RAINCY (AVENUE DU),48.88664,2.50887,Nuit sans éclairage public,En agglomération,Intersection en T,Brouillard / fumée,Deux véhicules - côté,3,1,1,0,1,1,1,0,1,50,2,2,1,0,0,1,22.0,24.0,voiture,transport_commun,3,2,3,5,3
202400030844,2024-11-10 01:50:00,2024,11,10,1,50,93,93077,RAINCY (AVENUE DU),48.88664,2.50887,Nuit sans éclairage public,En agglomération,Intersection en T,Brouillard / fumée,Deux véhicules - côté,3,2,2,0,1,1,1,0,1,50,2,2,1,0,0,1,22.0,24.0,voiture,transport_commun,3,2,3,5,3
202400030845,2024-12-06 14:00:00,2024,12,6,14,0,77,77295,voie communale numéro 2,48.557559,2.738793,Plein jour,Hors agglomération,Hors intersection,Temps éblouissant,Deux véhicules - frontale,4,2,2,0,1,2,1,0,1,50,2,2,0,0,1,1,47.0,21.0,voiture,voiture,1,1,1,7,1
202400030846,2024-11-10 17:00:00,2024,11,10,17,0,93,93055,JEAN LOLIVE (AVENUE)(75/105.88/106),48.89183108,2.40644038,Crépuscule ou aube,En agglomération,Intersection en T,Normale,Deux véhicules - côté,3,2,4,1,1,1,1,0,5,30,2,3,2,0,0,1,49.0,49.0,deux_roues,deux_roues,2,2,3,1,3
202400030846,2024-11-10 17:00:00,2024,11,10,17,0,93,93055,JEAN LOLIVE (AVENUE)(75/105.88/106),48.89183108,2.40644038,Crépuscule ou aube,En agglomération,Intersection en T,Normale,Deux véhicules - côté,3,2,2,0,1,1,1,0,5,30,2,3,2,0,0,1,49.0,49.0,deux_roues,deux_roues,2,2,3,1,3
202400030847,2024-12-03 05:08:00,2024,12,3,5,8,78,78601,route nationale 10,48.593186,1.832657,Crépuscule ou aube,Hors agglomération,Hors intersection,Normale,Deux véhicules - côté,2,1,0,0,1,1,1,0,1,110,2,2,0,0,1,1,55.0,35.0,voiture,voiture,2,1,1,1,3
202400030848,2024-11-10 02:55:00,2024,11,10,2,55,93,93031,DE LATTRE DE TASSIGNY (1 A 51),48.95927,2.30036,Nuit avec éclairage allumé,En agglomération,Intersection en Y,Pluie légère,Autre collision,3,1,2,0,1,3,2,0,1,50,1,2,1,0,1,0,,,voiture,,5,2,4,2,6
202400030848,2024-11-10 02:55:00,2024,11,10,2,55,93,93031,DE LATTRE DE TASSIGNY (1 A 51),48.95927,2.30036,Nuit avec éclairage allumé,En agglomération,Intersection en Y,Pluie légère,Autre collision,3,2,4,0,1,2,2,0,1,50,1,2,1,0,1,0,,,voiture,,5,2,4,2,6
202400030849,2024-12-18 10:49:00,2024,12,18,10,49,2B,2B057,RT10,42.2502,9.545577,Plein jour,Hors agglomération,Hors intersection,Normale,Deux véhicules - côté,2,2,2,0,1,1,1,5,3,80,2,2,1,1,0,0,66.0,81.0,voiture,voiture,1,1,1,1,3
202400030850,2024-12-12 17:00:00,2024,12,12,17,0,30,30258,Avenue des Costieres,43.679931,4.423301,Crépuscule ou aube,En agglomération,Hors intersection,Normale,Sans collision,3,2,2,0,2,2,1,0,8,50,1,3,1,0,0,2,88.0,,voiture,,2,2,1,1,7
202400030851,2024-11-10 01:15:00,2024,11,10,1,15,93,93029,ANATOLE FRANCE,48.92482947,2.44759355,Nuit avec éclairage allumé,En agglomération,Intersection en X,Brouillard / fumée,Deux véhicules - côté,4,1,1,0,1,1,2,0,1,30,2,2,1,0,0,1,24.0,22.0,voiture,deux_roues,5,2,2,5,3
202400030851,2024-11-10 01:15:00,2024,11,10,1,15,93,93029,ANATOLE FRANCE,48.92482947,2.44759355,Nuit avec éclairage allumé,En agglomération,Intersection en X,Brouillard / fumée,Deux véhicules - côté,4,2,2,1,1,1,2,0,1,30,2,2,1,0,0,1,24.0,22.0,voiture,deux_roues,5,2,2,5,3
202400030852,2024-12-16 15:35:00,2024,12,16,15,35,13,13041,Chemin des Pres,43.457845,5.46315,Plein jour,En agglomération,Giratoire,Temps éblouissant,Deux véhicules - côté,3,1,2,0,1,1,1,5,1,50,2,2,1,0,0,1,14.0,59.0,deux_roues,voiture,1,2,6,7,3
202400030852,2024-12-16 15:35:00,2024,12,16,15,35,13,13041,Chemin des Pres,43.457845,5.46315,Plein jour,En agglomération,Giratoire,Temps éblouissant,Deux véhicules - côté,3,1,2,0,1,1,1,5,1,70,2,2,1,0,0,1,14.0,59.0,deux_roues,voiture,1,2,6,7,3
202400030853,2024-11-10 19:40:00,2024,11,10,19,40,92,92049,VERDIER AVENUE AUTRES N°,48.81616205,2.30917141,Nuit avec éclairage allumé,En agglomération,Hors intersection,Normale,Deux véhicules - arrière,4,2,2,1,1,1,1,0,1,50,2,2,1,0,0,1,38.0,32.0,deux_roues,deux_roues,5,2,1,1,2
202400030854,2024-12-18 01:00:00,2024,12,18,1,0,89,89206,rd 606,47.970675,3.409367,Nuit sans éclairage public,Hors agglomération,Giratoire,Normale,Autre collision,3,2,2,0,1,1,1,5,1,90,1,3,2,0,1,0,23.0,,voiture,,3,1,6,1,6
202400030855,2024-11-10 12:20:00,2024,11,10,12,20,92,92002,RAYMON ARON (AVENUE),48.76661393,2.3101332,Plein jour,En agglomération,Hors intersection,Pluie légère,Deux véhicules - arrière,3,1,0,0,1,1,2,0,1,50,2,2,1,0,0,1,80.0,30.0,voiture,deux_roues,1,2,1,2,2
202400030856,2024-12-18 10:35:00,2024,12,18,10,35,55,55122,Rue Cochard Mourot,48.758194,5.584217,Plein jour,En agglomération,Hors intersection,Normale,Autre collision,3,2,2,0,1,1,1,0,1,50,1,2,1,0,0,1,75.0,,voiture,,1,2,1,1,6
202400030857,2024-11-11 02:30:00,2024,11,11,2,30,972,97204,ROUTE NATIONALE 02,14.708748,-61.183162,Nuit sans éclairage public,En agglomération,Hors intersection,Pluie légère,Deux véhicules - côté,2,2,2,0,1,1,2,0,1,-1,2,6,5,0,0,1,18.0,24.0,deux_roues,voiture,3,2,1,2,3
202400030858,2024-12-11 17:40:00,2024,12,11,17,40,63,63263,D942,45.76297066,2.99497139,Nuit sans éclairage public,Hors agglomération,Hors intersection,Pluie légère,Trois véhicules et plus - en chaîne,3,2,2,0,2,1,2,0,1,90,3,3,2,0,0,1,37.0,27.0,voiture,voiture,3,1,1,2,4
202400030859,2024-11-09 02:45:00,2024,11,9,2,45,971,97109,RN1,15.991545,-61.681334,Nuit sans éclairage public,Hors agglomération,Hors intersection,Pluie légère,Deux véhicules - frontale,2,2,2,0,2,3,2,0,1,80,2,4,0,0,3,1,23.0,58.0,voiture,voiture,3,1,1,2,1
202400030860,2024-11-06 20:16:00,2024,11,6,20,16,34,34036,A75 PK 279+850,43.692329,3.346088,Nuit sans éclairage public,Hors agglomération,Hors intersection,Normale,Autre collision,1,3,2,0,1,1,1,0,3,110,1,2,0,0,2,0,30.0,,voiture,,3,1,1,1,6
202400030861,2024-11-05 08:20:00,2024,11,5,8,20,63,63141,avenue de la Paix,45.79359648,3.05293322,Plein jour,En agglomération,Hors intersection,Normale,Autre collision,7,2,2,0,2,1,1,0,1,50,1,4,3,0,1,0,60.0,,utilitaire_camion,,1,2,1,1,6
202400030862,2024-11-10 17:50:00,2024,11,10,17,50,30,30135,11 Rue Theophile Michel,43.828192,4.551513,Nuit avec éclairage allumé,En agglomération,Intersection en T,Normale,Deux véhicules - côté,4,2,2,0,1,3,1,0,1,30,2,2,1,0,1,0,17.0,19.0,deux_roues,voiture,5,2,3,1,3
202400030862,2024-11-10 17:50:00,2024,11,10,17,50,30,30135,11 Rue Theophile Michel,43.828192,4.551513,Nuit avec éclairage allumé,En agglomération,Intersection en T,Normale,Deux véhicules - côté,4,2,2,0,1,3,1,0,1,30,2,2,1,0,1,0,17.0,19.0,deux_roues,voiture,5,2,3,1,3
202400030863,2024-12-17 17:25:00,2024,12,17,17,25,69,69216,Route Départementale 24,45.78805648,4.52760414,Nuit sans éclairage public,Hors agglomération,Hors intersection,Brouillard / fumée,Autre collision,3,2,2,0,2,1,1,0,3,80,1,2,0,0,1,1,85.0,,voiture,,3,1,1,5,6
202400030864,2024-11-08 17:00:00,2024,11,8,17,0,06,06108,128 Avenue de la Republique,43.574744,6.951685,Plein jour,En agglomération,Hors intersection,Normale,Autre collision,3,2,2,0,1,2,1,0,1,-1,1,1,0,0,1,0,47.0,,voiture,,1,2,1,1,6
202400030865,2024-12-18 17:30:00,2024,12,18,17,30,09,09306,Avenue de Sabart,42.841132,1.602405,Crépuscule ou aube,En agglomération,Hors intersection,Normale,Autre collision,2,2,2,0,1,1,1,9,1,50,1,2,1,0,0,1,61.0,,voiture,,2,2,1,1,6
202400030866,2024-11-10 07:10:00,2024,11,10,7,10,45,45088,1 Place du Chateau,48.16969,1.979891,Crépuscule ou aube,En agglomération,Hors intersection,Brouillard / fumée,Deux véhicules - frontale,3,2,2,0,1,2,2,0,1,50,2,2,0,0,1,1,19.0,68.0,voiture,voiture,2,2,1,5,1
202400030867,2024-12-17 10:40:00,2024,12,17,10,40,17,17240,34 Avenue de Royan,45.288154,-0.410099,Plein jour,En agglomération,Hors intersection,Normale,Autre collision,3,2,2,0,2,1,1,0,8,50,1,2,1,0,1,0,76.0,,voiture,,1,2,1,1,6
202400030868,2024-11-11 05:40:00,2024,11,11,5,40,27,27179,D834,49.137786,0.575312,Nuit sans éclairage public,Hors agglomération,Giratoire,Pluie légère,Autre collision,3,1,2,0,1,2,2,0,8,70,1,5,0,0,2,3,20.0,,voiture,,3,1,6,2,6
202400030869,2024-12-17 06:30:00,2024,12,17,6,30,64,64501,RD933,43.51821,-0.721702,Nuit sans éclairage public,Hors agglomération,Hors intersection,Autre,Autre collision,3,2,2,0,1,1,2,0,3,80,1,1,0,0,1,0,41.0,,voiture,,3,1,1,9,6
202400030870,2024-12-18 07:00:00,2024,12,18,7,0,29,29042,route de Lanvéoc,48.2495504,-4.41967706,Nuit avec éclairage allumé,En agglomération,Hors intersection,Normale,Autre collision,3,2,2,0,1,1,1,0,1,50,1,2,1,0,1,0,42.0,,voiture,,5,2,1,1,6
202400030871,2024-12-18 15:50:00,2024,12,18,15,50,76,76541,D6015,49.525027,0.980487,Plein jour,Hors agglomération,Hors intersection,Temps couvert,Deux véhicules - frontale,3,2,3,0,2,1,1,0,1,80,2,4,1,0,3,0,31.0,44.0,voiture,voiture,1,1,1,8,1
202400030872,2024-12-16 13:15:00,2024,12,16,13,15,13,13088,A55-Sens Martigues vers Marseille,43.39141,5.25239,Plein jour,Hors agglomération,Hors intersection,Normale,Sans collision,1,1,2,0,1,1,1,0,1,110,1,1,0,0,0,1,53.0,,deux_roues,,1,1,1,1,7
202400030873,2024-12-16 13:00:00,2024,12,16,13,0,13,13005,A50-Sens Aubagne vers Toulon,43.28300157,5.57748508,Plein jour,Hors agglomération,Hors intersection,Normale,Autre collision,1,1,1,3,1,1,1,7,1,10,1,1,0,0,0,1,36.0,,utilitaire_camion,,1,1,1,1,6