accident_id,datetime,annee,mois,jour,heure,minute,departement,commune_insee,adresse,latitude,longitude,luminosite,agglomeration,intersection,meteo,collision,catr,circ,nbv,vosp,prof,plan,surf,infra,situ,vma,nb_vehicules,nb_usagers,nb_indemnes,nb_tues,nb_blesses_hosp,nb_blesses_legers,age_cond_1,age_cond_2,veh_type_cond_1,veh_type_cond_2,lum_code,agg_code,int_code,atm_code,col_code
202400030874,2024-12-16 00:02:00,2024,12,16,0,2,13,13026,A55-Sens Martigues vers Marseille,43.3895,5.13775,Nuit sans éclairage public,Hors agglomération,Hors intersection,Normale,Deux véhicules - arrière,1,-1,3,0,1,1,1,0,1,110,2,2,1,0,0,1,25.0,38.0,voiture,utilitaire_camion,3,1,1,1,2
202400030875,2024-11-07 12:05:00,2024,11,7,12,5,30,30037,D746,44.278607,4.129915,Plein jour,En agglomération,Intersection en T,Normale,Deux véhicules - côté,3,2,2,0,2,2,1,0,1,50,2,4,3,0,0,1,57.0,70.0,voiture,voiture,1,2,3,1,3
202400030875,2024-11-07 12:05:00,2024,11,7,12,5,30,30037,D746,44.278607,4.129915,Plein jour,En agglomération,Intersection en T,Normale,Deux véhicules - côté,3,2, -1,-1,1,1,1,5,1,-1,2,4,3,0,0,1,57.0,70.0,voiture,voiture,1,2,3,1,3
202400030876,2024-11-08 22:20:00,2024,11,8,22,20,987,98738,ROUTE DE LA PUNARUU,-17.618,-149.549,Nuit avec éclairage allumé,En agglomération,Hors intersection,Normale,Sans collision,3,1,2,0,2,1,1,0,1,30,1,1,0,0,1,0,41.0,,deux_roues,,5,2,1,1,7
202400030877,2024-12-17 10:40:00,2024,12,17,10,40,83,83137,A50 TUNNEL TUBE SUD,43.12721801,5.92314623,Plein jour,Hors agglomération,Hors intersection,Normale,Trois véhicules et plus - collisions multiples,1,3,4,0,1,1,1,1,1,70,4,6,3,0,0,3,57.0,28.0,utilitaire_camion,utilitaire_camion,1,1,1,1,5
202400030878,2024-10-21 09:35:00,2024,10,21,9,35,04,04127,autoroute a 51 PK 102.300,44.06010956,5.96297136,Plein jour,Hors agglomération,Hors intersection,Normale,Deux véhicules - arrière,1,1,2,0,2,3,1,0,1,130,2,5,4,0,0,1,30.0,41.0,transport_commun,utilitaire_camion,1,1,1,1,2
202400030879,2024-12-16 18:30:00,2024,12,16,18,30,83,83062,A570,43.14229207,6.0352296,Nuit sans éclairage public,En agglomération,Hors intersection,Normale,Deux véhicules - arrière,1,1,2,0,1,1,1,0,1,110,2,3,2,0,0,1,73.0,63.0,voiture,utilitaire_camion,3,2,1,1,2
202400030880,2024-11-10 17:30:00,2024,11,10,17,30,06,06152,100 Chemin des Clausonnes,43.604351,7.052053,Nuit sans éclairage public,Hors agglomération,Hors intersection,Normale,Sans collision,5,-1,5,0,1,1,3,8,8,-1,1,2,1,0,1,0,48.0,,deux_roues,,3,1,1,1,7
202400030881,2024-11-04 18:40:00,2024,11,4,18,40,01,01249,Rue du Figuier,45.827737,4.969393,Nuit avec éclairage allumé,En agglomération,Hors intersection,Normale,Sans collision,4,2,2,0,1,1,1,9,4,15,1,1,0,0,1,0,49.0,,deux_roues,,5,2,1,1,7
202400030882,2024-12-16 08:55:00,2024,12,16,8,55,33,33192,,44.788195,-0.600569,Plein jour,Hors agglomération,Hors intersection,Normale,Trois véhicules et plus - en chaîne,1,3,6,0,1,1,1,0,1,90,4,5,4,0,0,1,36.0,57.0,utilitaire_camion,utilitaire_camion,1,1,1,1,4
202400030883,2024-12-14 19:18:00,2024,12,14,19,18,62,62634,A16,50.9327,2.00385,Nuit sans éclairage public,Hors agglomération,Hors intersection,Normale,Autre collision,1,-1,2,0,1,1,1,0,1,130,1,2,1,1,0,0,40.0,,voiture,,3,1,1,1,6
202400030884,2024-11-10 05:30:00,2024,11,10,5,30,14,14762,D150,48.822244,-0.933784,Nuit sans éclairage public,Hors agglomération,Hors intersection,Normale,Autre collision,3,2,2,0,1,1,1,0,3,90,1,2,0,0,2,0,34.0,,voiture,,3,1,1,1,6
202400030885,2024-11-13 07:00:00,2024,11,13,7,0,59,59431,AUTOROUTE A25,50.6879,2.8282,Crépuscule ou aube,Hors agglomération,Hors intersection,Normale,Deux véhicules - côté,1,-1,2,0,1,1,1,0,1,130,2,2,1,0,0,1,39.0,27.0,deux_roues,utilitaire_camion,2,1,1,1,3
202400030886,2024-11-08 11:00:00,2024,11,8,11,0,56,56178,Rue Leperdit,48.067953,-2.96368,Plein jour,En agglomération,Hors intersection,Normale,Autre collision,4,2,2,0,2,1,1,0,1,50,1,2,1,0,1,0,40.0,,utilitaire_camion,,1,2,1,1,6
202400030887,2024-11-11 00:45:00,2024,11,11,0,45,59,59582,D642,50.729352,2.623286,Nuit sans éclairage public,Hors agglomération,Giratoire,Normale,Deux véhicules - côté,3,3,2,0,1,1,1,0,3,110,1,1,0,0,1,0,30.0,,voiture,,3,1,6,1,3
202400030888,2024-12-17 07:30:00,2024,12,17,7,30,91,91661,AUTOROUTE A10,48.70274,2.24849,Crépuscule ou aube,Hors agglomération,Hors intersection,Pluie légère,Trois véhicules et plus - collisions multiples,1,3,3,3,2,1,2,0,1,90,4,6,2,0,0,4,25.0,46.0,voiture,deux_roues,2,1,1,2,5
202400030889,2024-11-08 09:30:00,2024,11,8,9,30,13,13056,A55-Sens Martigues vers Marseille,43.39846284,5.08412226,Plein jour,Hors agglomération,Hors intersection,Normale,Deux véhicules - arrière,1,1,2,0,1,1,1,0,1,110,2,2,1,0,0,1,38.0,50.0,voiture,voiture,1,1,1,1,2
202400030890,2024-12-17 05:30:00,2024,12,17,5,30,91,91570,RN 104,48.62518,2.32926,Nuit sans éclairage public,Hors agglomération,Hors intersection,Pluie légère,Deux véhicules - arrière,2,1,2,0,1,1,2,0,1,110,2,2,1,0,0,1,36.0,20.0,utilitaire_camion,voiture,3,1,1,2,2
202400030891,2024-11-10 05:25:00,2024,11,10,5,25,13,13215,A7-Sens Marseille vers Lyon,43.34963,5.36927,Nuit sans éclairage public,Hors agglomération,Hors intersection,Normale,Deux véhicules - arrière,1,1,3,0,1,1,1,0,1,90,2,2,1,0,0,1,62.0,33.0,voiture,voiture,3,1,1,1,2
202400030892,2024-12-16 11:00:00,2024,12,16,11,0,92,92036,A86,48.93444454,2.27968714,Plein jour,Hors agglomération,Hors intersection,Temps couvert,Deux véhicules - arrière,1,1,2,0,1,1,2,0,1,90,2,2,1,0,0,1,51.0,38.0,voiture,utilitaire_camion,1,1,1,8,2
202400030893,2024-11-10 01:10:00,2024,11,10,1,10,13,13211,A50-Sens Aubagne vers Marseille,43.292,5.45257,Nuit sans éclairage public,Hors agglomération,Hors intersection,Normale,Deux véhicules - côté,1,1,3,0,1,1,1,0,1,90,2,4,3,0,1,0,20.0,24.0,voiture,voiture,3,1,1,1,3
202400030894,2024-12-17 20:00:00,2024,12,17,20,0,95,95527,A3,48.98608259,2.50437342,Nuit sans éclairage public,Hors agglomération,Hors intersection,Normale,Deux véhicules - arrière,1,3,8,0,1,1,1,0,1,90,2,3,1,0,0,2,60.0,33.0,voiture,deux_roues,3,1,1,1,2
202400030895,2024-11-10 02:12:00,2024,11,10,2,12,13,13211,A50-Sens Aubagne vers Marseille,43.29191,5.45201,Nuit sans éclairage public,Hors agglomération,Hors intersection,Normale,Autre collision,1,1,3,0,1,1,1,0,1,3,1,3,1,0,0,2,20.0,,voiture,,3,1,1,1,6
202400030896,2024-12-17 19:00:00,2024,12,17,19,0,95,95351,N104,49.03158928,2.49319292,Nuit sans éclairage public,Hors agglomération,Hors intersection,Normale,Deux véhicules - arrière,2,1,1,0,1,1,1,0,1,70,2,2,1,0,0,1,51.0,22.0,voiture,voiture,3,1,1,1,2
202400030897,2024-12-17 08:20:00,2024,12,17,8,20,93,93010,AUTOROUTE A3,48.91775151,2.47850608,Plein jour,Hors agglomération,Hors intersection,Normale,Deux véhicules - arrière,1,3,3,0,1,1,1,0,1,110,2,2,0,0,0,2,43.0,57.0,deux_roues,voiture,1,1,1,1,2
202400030898,2024-12-16 17:00:00,2024,12,16,17,0,93,93008,AUTOROUTE A86,48.91198941,2.43837476,Nuit sans éclairage public,Hors agglomération,Hors intersection,Normale,Deux véhicules - côté,1,3,3,0,1,1,1,1,1,90,2,3,1,0,0,2,40.0,40.0,voiture,deux_roues,3,1,1,1,3
202400030899,2024-11-09 18:44:00,2024,11,9,18,44,13,13210,Tunnel Prado Carénage,43.2795,5.39474,Crépuscule ou aube,En agglomération,Hors intersection,Normale,Deux véhicules - arrière,1,1,2,0,1,1,1,1,1,70,2,4,0,0,1,3,22.0,20.0,voiture,voiture,2,2,1,1,2
202400030900,2024-12-16 05:20:00,2024,12,16,5,20,95,95604,A1,49.10548,2.55192,Nuit sans éclairage public,Hors agglomération,Hors intersection,Normale,Autre collision,1,1,3,0,1,1,1,0,1,20,2,3,2,0,0,1,35.0,47.0,utilitaire_camion,utilitaire_camion,3,1,1,1,6
202400030901,2024-11-08 20:45:00,2024,11,8,20,45,13,13215,A7-Sens Lyon vers Marseille,43.34994821,5.36891233,Nuit sans éclairage public,Hors agglomération,Hors intersection,Pluie légère,Deux véhicules - arrière,1,1,3,0,1,1,2,0,1,90,2,4,3,0,1,0,46.0,21.0,deux_roues,voiture,3,1,1,2,2
202400030902,2024-12-15 20:05:00,2024,12,15,20,5,93,93027,AUTOROUTE A1,48.93803963,2.41408741,Nuit sans éclairage public,Hors agglomération,Hors intersection,Pluie légère,Deux véhicules - arrière,1,3,4,0,1,1,2,0,1,90,2,3,1,0,0,2,51.0,25.0,voiture,voiture,3,1,1,2,2
202400030903,2024-11-09 19:00:00,2024,11,9,19,0,69,69276,Route Départementale 301,45.68408,4.85486,Nuit sans éclairage public,Hors agglomération,Hors intersection,Normale,Trois véhicules et plus - collisions multiples,7,3,5,0,2,1,1,0,1,90,3,3,2,0,0,1,27.0,25.0,voiture,voiture,3,1,1,1,5
202400030904,2024-12-17 14:10:00,2024,12,17,14,10,94,94046,A86,48.81292733,2.44895577,Plein jour,Hors agglomération,Hors intersection,Normale,Deux véhicules - côté,1,1,4,0,1,1,1,0,1,70,2,2,1,0,0,1,27.0,25.0,voiture,deux_roues,1,1,1,1,3
202400030905,2024-11-09 05:30:00,2024,11,9,5,30,42,42207,N88,45.46265875,4.49269766,Nuit sans éclairage public,Hors agglomération,Hors intersection,Normale,Autre collision,2,1,3,0,1,2,1,0,1,110,1,2,0,0,1,1,25.0,,voiture,,3,1,1,1,6
202400030906,2024-12-16 18:35:00,2024,12,16,18,35,93,93051,A4,48.83569183,2.56273622,Nuit sans éclairage public,Hors agglomération,Hors intersection,Pluie légère,Deux véhicules - côté,1,3,4,0,1,1,2,0,1,110,2,2,1,0,0,1,,19.0,voiture,deux_roues,3,1,1,2,3
202400030907,2024-12-16 10:00:00,2024,12,16,10,0,77,77249,RN104,48.75684101,2.61553866,Plein jour,Hors agglomération,Hors intersection,Pluie légère,Deux véhicules - frontale,2,1,3,0,1,1,2,0,1,90,2,2,1,0,0,1,57.0,36.0,utilitaire_camion,utilitaire_camion,1,1,1,2,1
202400030908,2024-11-09 05:30:00,2024,11,9,5,30,42,42207,N88,45.45210696,4.47663771,Nuit sans éclairage public,Hors agglomération,Hors intersection,Normale,Trois véhicules et plus - en chaîne,2,1,3,0,1,1,1,0,1,110,3,5,1,0,3,1,38.0,21.0,voiture,voiture,3,1,1,1,4
202400030909,2024-12-16 07:30:00,2024,12,16,7,30,77,77122,RN104,48.6595134,2.61310224,Crépuscule ou aube,Hors agglomération,Hors intersection,Pluie légère,Autre collision,2,1,4,0,1,1,2,0,1,90,3,3,2,0,0,1,42.0,52.0,voiture,utilitaire_camion,2,1,1,2,6
202400030910,2024-11-10 07:50:00,2024,11,10,7,50,92,92002,AUTOROUTE A10,48.73097848,2.3088415,Crépuscule ou aube,Hors agglomération,Hors intersection,Normale,Deux véhicules - arrière,1,1,3,0,1,1,1,0,1,90,2,2,1,0,0,1,63.0,44.0,voiture,voiture,2,1,1,1,2
202400030911,2024-08-17 15:20:00,2024,8,17,15,20,974,97411,TECOMAS (RUE DES),-20.89674,55.46619,Plein jour,En agglomération,Hors intersection,Normale,Sans collision,4,2,2,0,1,1,1,0,1,20,1,2,0,0,0,2,22.0,,deux_roues,,1,2,1,1,7
202400030912,2024-11-09 16:38:00,2024,11,9,16,38,92,92025,A86,48.93541254,2.26118997,Plein jour,Hors agglomération,Hors intersection,Normale,Deux véhicules - arrière,1,1,2,0,1,1,1,0,1,90,2,2,1,0,0,1,37.0,27.0,voiture,voiture,1,1,1,1,2
202400030913,2024-06-08 18:45:00,2024,6,8,18,45,974,97411,MAHY (FRANCOIS DE),-20.89749,55.48496,Nuit avec éclairage allumé,En agglomération,Hors intersection,Normale,Autre collision,4,2,0,0,2,1,1,0,1,50,1,1,0,0,0,1,24.0,,deux_roues,,5,2,1,1,6
202400030914,2024-11-10 10:35:00,2024,11,10,10,35,95,95212,N104,49.02916218,2.53426909,Plein jour,Hors agglomération,Hors intersection,Normale,Autre collision,2,1,3,0,1,1,2,0,1,50,1,2,0,0,0,2,24.0,,voiture,,1,1,1,1,6
202400030915,2024-05-29 14:20:00,2024,5,29,14,20,974,97411,BERTIN,-20.88809,55.44964,Crépuscule ou aube,En agglomération,Hors intersection,Temps couvert,Deux véhicules - arrière,4,2,2,0,1,1,1,0,1,30,2,6,5,0,0,1,54.0,35.0,voiture,voiture,2,2,1,8,2
202400030916,2024-11-09 06:40:00,2024,11,9,6,40,95,95582,A15,48.96922475,2.25039607,Nuit sans éclairage public,Hors agglomération,Hors intersection,Normale,Autre collision,1,3,4,0,2,2,1,0,1,110,1,1,0,0,0,1,28.0,,utilitaire_camion,,3,1,1,1,6
202400030917,2024-11-09 21:45:00,2024,11,9,21,45,988,98818,ROUTE DE L'ANSE VATA/RUE EDOUARD GLASSER,-22.29256,166.44723,Nuit avec éclairage allumé,En agglomération,Intersection en X,Normale,Deux véhicules - frontale,4,2,3,0,1,1,1,0,1,50,2,4,2,0,0,2,25.0,36.0,utilitaire_camion,utilitaire_camion,5,2,2,1,1
202400030917,2024-11-09 21:45:00,2024,11,9,21,45,988,98818,ROUTE DE L'ANSE VATA/RUE EDOUARD GLASSER,-22.29256,166.44723,Nuit avec éclairage allumé,En agglomération,Intersection en X,Normale,Deux véhicules - frontale,4,2,2,0,1,1,1,0,1,50,2,4,2,0,0,2,25.0,36.0,utilitaire_camion,utilitaire_camion,5,2,2,1,1
202400030918,2024-03-14 19:00:00,2024,3,14,19,0,974,97409,BRETELLE SORTIE RN2 ROCADE SUD,-20.96897944,55.65550849,Nuit avec éclairage allumé,En agglomération,Intersection en Y,Normale,Trois véhicules et plus - collisions multiples,2,2,2,0,2,1,1,3,1,50,3,4,0,0,0,4,23.0,20.0,voiture,voiture,5,2,4,1,5
202400030918,2024-03-14 19:00:00,2024,3,14,19,0,974,97409,BRETELLE SORTIE RN2 ROCADE SUD,-20.96897944,55.65550849,Nuit avec éclairage allumé,En agglomération,Intersection en Y,Normale,Trois véhicules et plus - collisions multiples,2,2,2,0,2,1,1,3,1,50,3,4,0,0,0,4,23.0,20.0,voiture,voiture,5,2,4,1,5
202400030919,2024-11-09 00:24:00,2024,11,9,0,24,987,98735,FARE UTE,-17.53136,-149.57108,Nuit avec éclairage allumé,En agglomération,Hors intersection,Normale,Sans collision,4,2,2,0,1,2,1,0,1,50,1,1,0,0,0,1,31.0,,deux_roues,,5,2,1,1,7
202400030920,2024-12-16 00:50:00,2024,12,16,0,50,75,75119,BD PERIPHERIQUE EXTERIEUR,48.896328,2.394569,Nuit avec éclairage allumé,En agglomération,Hors intersection,Pluie légère,Autre collision,4,1,4,0,1,1,2,0,1,50,1,1,0,0,0,1,26.0,,deux_roues,,5,2,1,2,6
202400030921,2024-11-09 13:40:00,2024,11,9,13,40,974,97416,RN1 (ROUTE NATIONALE),-21.3157,55.44166,Plein jour,Hors agglomération,Hors intersection,Normale,Deux véhicules - arrière,2,1,2,0,1,1,1,0,1,110,2,4,1,0,0,3,45.0,30.0,voiture,voiture,1,1,1,1,2
202400030922,2024-12-16 17:33:00,2024,12,16,17,33,75,75117,AVENUE DES TERNES,48.881175,2.28415,Nuit avec éclairage non allumé,En agglomération,Place,Normale,Deux véhicules - côté,4,2, -1,1,1,1,2,5,1,30,2,3,1,0,0,2,26.0,63.0,deux_roues,voiture,4,2,7,1,3
202400030922,2024-12-16 17:33:00,2024,12,16,17,33,75,75117,AVENUE DES TERNES,48.881175,2.28415,Nuit avec éclairage non allumé,En agglomération,Place,Normale,Deux véhicules - côté,4,2, -1,1,1,1,2,5,1,30,2,3,1,0,0,2,26.0,63.0,deux_roues,voiture,4,2,7,1,3
202400030923,2024-11-08 16:29:00,2024,11,8,16,29,974,97416,CAYENNE (RUE DE LA),-21.340678,55.466329,Plein jour,En agglomération,Hors intersection,Normale,Deux véhicules - côté,4,3,2,0,1,1,1,0,1,50,2,2,1,0,0,1,43.0,44.0,voiture,deux_roues,1,2,1,1,3
202400030924,2024-12-16 08:30:00,2024,12,16,8,30,75,75118,BOULEVARD NEY,48.897602,2.329012,Plein jour,En agglomération,Intersection en X,Pluie légère,Deux véhicules - côté,4,1,2,1,1,1,2,0,1,50,2,2,1,0,0,1,26.0,38.0,voiture,deux_roues,1,2,2,2,3
202400030924,2024-12-16 08:30:00,2024,12,16,8,30,75,75118,BOULEVARD NEY,48.897602,2.329012,Plein jour,En agglomération,Intersection en X,Pluie légère,Deux véhicules - côté,4,2, -1,1,1,1,2,0,1,50,2,2,1,0,0,1,26.0,38.0,voiture,deux_roues,1,2,2,2,3
202400030925,2024-12-16 18:20:00,2024,12,16,18,20,75,75116,AVENUE VICTOR HUGO,48.871499,2.289671,Nuit avec éclairage allumé,En agglomération,Hors intersection,Normale,Deux véhicules - côté,4,2,2,0,1,1,1,0,1,30,2,2,1,0,1,0,36.0,63.0,deux_roues,voiture,5,2,1,1,3
202400030926,2024-11-08 16:20:00,2024,11,8,16,20,974,97407,MURAT CHANOINE(RUE),-20.93564,55.29461,Plein jour,Hors agglomération,Intersection en X,Normale,Deux véhicules - côté,4,2,2,0,1,1,1,0,1,50,2,3,1,0,1,1,11.0,38.0,deux_roues,voiture,1,1,2,1,3
202400030926,2024-11-08 16:20:00,2024,11,8,16,20,974,97407,MURAT CHANOINE(RUE),-20.93564,55.29461,Plein jour,Hors agglomération,Intersection en X,Normale,Deux véhicules - côté,4,2,2,0,1,1,1,0,1,50,2,3,1,0,1,1,11.0,38.0,deux_roues,voiture,1,1,2,1,3
202400030927,2024-12-16 07:40:00,2024,12,16,7,40,75,75114,AVENUE DU MAINE,48.828042,2.326713,Nuit avec éclairage allumé,En agglomération,Place,Pluie légère,Autre collision,4,2,2,0,1,1,2,0,1,50,1,2,1,0,0,1,51.0,,deux_roues,,5,2,7,2,6
202400030927,2024-12-16 07:40:00,2024,12,16,7,40,75,75114,AVENUE DU MAINE,48.828042,2.326713,Nuit avec éclairage allumé,En agglomération,Place,Pluie légère,Autre collision,4,1,3,0,1,2,2,0,1,30,1,2,1,0,0,1,51.0,,deux_roues,,5,2,7,2,6
202400030928,2024-11-01 08:35:00,2024,11,1,8,35,973,97302,JUILLET (RUE DU 14),4.94057,-52.32975,Nuit avec éclairage allumé,En agglomération,Intersection en X,Normale,Deux véhicules - côté,4,1,1,0,1,1,1,5,1,50,2,3,2,0,0,1,53.0,,utilitaire_camion,voiture,5,2,2,1,3
202400030928,2024-11-01 08:35:00,2024,11,1,8,35,973,97302,JUILLET (RUE DU 14),4.94057,-52.32975,Nuit avec éclairage allumé,En agglomération,Intersection en X,Normale,Deux véhicules - côté,4,1,1,0,1,1,1,5,1,50,2,3,2,0,0,1,53.0,,utilitaire_camion,voiture,5,2,2,1,3
202400030929,2024-12-16 08:10:00,2024,12,16,8,10,75,75113,AVENUE DES GOBELINS,48.833359,2.354226,Crépuscule ou aube,En agglomération,Intersection en X,Pluie légère,Deux véhicules - arrière,4,1,1,3,2,1,2,0,1,30,2,2,1,0,0,1,54.0,27.0,utilitaire_camion,voiture,2,2,2,2,2
202400030929,2024-12-16 08:10:00,2024,12,16,8,10,75,75113,AVENUE DES GOBELINS,48.833359,2.354226,Crépuscule ou aube,En agglomération,Intersection en X,Pluie légère,Deux véhicules - arrière,4,1, -1,3,2,1,2,0,1,30,2,2,1,0,0,1,54.0,27.0,utilitaire_camion,voiture,2,2,2,2,2
202400030930,2024-11-08 18:40:00,2024,11,8,18,40,69,69383,Rue Antoine Charial,45.7579,4.86887,Nuit avec éclairage allumé,En agglomération,Intersection en T,Normale,Deux véhicules - frontale,4,1,1,0,1,1,1,0,1,30,2,2,1,0,1,0,57.0,28.0,voiture,deux_roues,5,2,3,1,1
202400030930,2024-11-08 18:40:00,2024,11,8,18,40,69,69383,Rue Antoine Charial,45.7579,4.86887,Nuit avec éclairage allumé,En agglomération,Intersection en T,Normale,Deux véhicules - frontale,4,1,1,0,1,1,1,0,1,30,2,2,1,0,1,0,57.0,28.0,voiture,deux_roues,5,2,3,1,1
202400030931,2024-12-16 14:49:00,2024,12,16,14,49,75,75110,QUAI DE VALMY,48.875902,2.363835,Plein jour,En agglomération,Hors intersection,Temps couvert,Deux véhicules - côté,4,1,1,1,2,1,2,6,1,30,2,2,1,0,1,0,52.0,18.0,deux_roues,deux_roues,1,2,1,8,3
202400030932,2024-12-16 08:30:00,2024,12,16,8,30,75,75110,BOULEVARD DE MAGENTA,48.86996,2.361879,Plein jour,En agglomération,Hors intersection,Pluie légère,Deux véhicules - côté,4,2,4,0,1,1,2,0,1,30,2,2,1,0,0,1,47.0,41.0,voiture,deux_roues,1,2,1,2,3
202400030933,2024-11-09 04:40:00,2024,11,9,4,40,69,69387,Avenue Leclerc,45.7478,4.83363,Nuit avec éclairage allumé,En agglomération,Autre intersection,Normale,Deux véhicules - côté,4,1,2,0,1,1,1,0,1,50,2,3,2,0,0,1,28.0,,voiture,voiture,5,2,9,1,3
202400030933,2024-11-09 04:40:00,2024,11,9,4,40,69,69387,Avenue Leclerc,45.7478,4.83363,Nuit avec éclairage allumé,En agglomération,Autre intersection,Normale,Deux véhicules - côté,4,2,5,3,1,1,1,0,1,50,2,3,2,0,0,1,28.0,,voiture,voiture,5,2,9,1,3
202400030934,2024-12-16 15:53:00,2024,12,16,15,53,75,75109,RUE SAINT LAZARE,48.876421,2.33112,Plein jour,En agglomération,Place,Normale,Deux véhicules - côté,4,1,2,3,1,1,1,0,1,30,2,2,1,0,0,1,,57.0,voiture,deux_roues,1,2,7,1,3
202400030935,2024-11-09 09:15:00,2024,11,9,9,15,972,97209,PAPIN DUPONT (RUE),14.60689,-61.06819,Plein jour,En agglomération,Hors intersection,Normale,Trois véhicules et plus - collisions multiples,9,1,1,0,1,1,1,0,1,50,3,3,2,0,0,1,43.0,62.0,voiture,voiture,1,2,1,1,5
202400030936,2024-12-14 18:55:00,2024,12,14,18,55,94,94081,Avenue Jean Jaurès,48.7948881,2.40400386,Nuit avec éclairage allumé,En agglomération,Hors intersection,Pluie légère,Deux véhicules - arrière,3,2,2,0,2,1,2,2,1,50,2,2,1,0,0,1,72.0,46.0,voiture,deux_roues,5,2,1,2,2
202400030937,2024-11-09 12:40:00,2024,11,9,12,40,2B,2B037,D 82,42.59252,9.43464,Plein jour,En agglomération,Hors intersection,Pluie forte,Deux véhicules - côté,3,2,2,0,2,1,2,0,1,50,2,2,1,0,0,1,51.0,21.0,utilitaire_camion,voiture,1,2,1,3,3
202400030938,2024-12-16 09:49:00,2024,12,16,9,49,94,94074,Rue Théodule Jourdain,48.76821496,2.45084703,Plein jour,En agglomération,Hors intersection,Pluie légère,Deux véhicules - frontale,3,2,2,0,1,1,2,0,1,50,2,2,0,0,0,2,44.0,41.0,voiture,voiture,1,2,1,2,1
202400030939,2024-11-09 06:05:00,2024,11,9,6,5,91,91027,VC QUAI DE L'INDUSTRIE,48.70262,2.39965,Nuit avec éclairage non allumé,En agglomération,Hors intersection,Pluie légère,Deux véhicules - frontale,4,2,2,0,1,2,2,0,1,30,2,2,0,0,1,1,38.0,42.0,utilitaire_camion,deux_roues,4,2,1,2,1
202400030940,2024-12-15 18:45:00,2024,12,15,18,45,94,94068,Rue du Pont de Créteil,48.8036,2.4716,Nuit avec éclairage allumé,En agglomération,Intersection en T,Pluie légère,Deux véhicules - frontale,3,2,6,3,1,1,2,0,1,30,2,2,1,0,0,1,12.0,32.0,deux_roues,voiture,5,2,3,2,1
202400030940,2024-12-15 18:45:00,2024,12,15,18,45,94,94068,Rue du Pont de Créteil,48.8036,2.4716,Nuit avec éclairage allumé,En agglomération,Intersection en T,Pluie légère,Deux véhicules - frontale,3,1,2,0,1,1,2,0,1,30,2,2,1,0,0,1,12.0,32.0,deux_roues,voiture,5,2,3,2,1
202400030941,2024-11-09 09:30:00,2024,11,9,9,30,84,84007,JARDINS NEUFS (CHEMIN DES),43.9557,4.83099,Plein jour,En agglomération,Hors intersection,Normale,Autre collision,4,2,2,0,1,2,1,0,1,50,1,2,0,0,0,2,19.0,,voiture,,1,2,1,1,6
202400030942,2024-12-15 19:05:00,2024,12,15,19,5,94,94018,Avenue de Gravelle,48.82407421,2.41993068,Nuit avec éclairage allumé,En agglomération,Intersection en X,Pluie légère,Deux véhicules - côté,3,4, -1,-1,1,1,2,0,1,-1,2,2,1,0,0,1,,32.0,voiture,deux_roues,5,2,2,2,3
202400030942,2024-12-15 19:05:00,2024,12,15,19,5,94,94018,Avenue de Gravelle,48.82407421,2.41993068,Nuit avec éclairage allumé,En agglomération,Intersection en X,Pluie légère,Deux véhicules - côté,3,-1,2,0,1,1,2,5,1,50,2,2,1,0,0,1,,32.0,voiture,deux_roues,5,2,2,2,3
202400030943,2024-11-08 17:05:00,2024,11,8,17,5,81,81004,STRASBOURG (BD DE),43.93342611,2.14670062,Crépuscule ou aube,En agglomération,Autre intersection,Normale,Deux véhicules - côté,3,2,2,2,1,1,1,9,5,50,2,3,2,0,0,1,43.0,47.0,voiture,deux_roues,2,2,9,1,3
202400030944,2024-12-16 00:01:00,2024,12,16,0,1,94,94041,Rue de la Gare,48.81551,2.39311,Nuit avec éclairage allumé,En agglomération,Intersection à plus de 4 branches,Pluie légère,Deux véhicules - côté,3,2,2,1,2,1,2,5,1,50,2,2,1,0,0,1,20.0,40.0,deux_roues,voiture,5,2,5,2,3
202400030944,2024-12-16 00:01:00,2024,12,16,0,1,94,94041,Rue de la Gare,48.81551,2.39311,Nuit avec éclairage allumé,En agglomération,Intersection à plus de 4 branches,Pluie légère,Deux véhicules - côté,3,1,2,0,1,3,2,5,1,50,2,2,1,0,0,1,20.0,40.0,deux_roues,voiture,5,2,5,2,3
202400030945,2024-11-09 21:40:00,2024,11,9,21,40,78,78208,ALLENDE (RUE SALVADOR),48.767489,1.956438,Nuit avec éclairage allumé,En agglomération,Intersection en Y,Normale,Autre collision,4,2,2,0,1,2,1,0,4,50,1,1,0,0,0,1,36.0,,voiture,,5,2,4,1,6
202400030945,2024-11-09 21:40:00,2024,11,9,21,40,78,78208,ALLENDE (RUE SALVADOR),48.767489,1.956438,Nuit avec éclairage allumé,En agglomération,Intersection en Y,Normale,Autre collision,4,2,2,0,1,3,1,0,4,50,1,1,0,0,0,1,36.0,,voiture,,5,2,4,1,6
202400030946,2024-12-15 23:12:00,2024,12,15,23,12,93,93059,LAENNEC (AVENUE),48.96200704,2.37046623,Nuit avec éclairage allumé,En agglomération,Autre intersection,Pluie légère,Deux véhicules - frontale,3,2,2,0,2,3,2,0,1,50,2,5,1,0,1,3,27.0,35.0,voiture,autre,5,2,9,2,1