accident_id,datetime,annee,mois,jour,heure,minute,departement,commune_insee,adresse,latitude,longitude,luminosite,agglomeration,intersection,meteo,collision,catr,circ,nbv,vosp,prof,plan,surf,infra,situ,vma,nb_vehicules,nb_usagers,nb_indemnes,nb_tues,nb_blesses_hosp,nb_blesses_legers,age_cond_1,age_cond_2,veh_type_cond_1,veh_type_cond_2,lum_code,agg_code,int_code,atm_code,col_code
202400030947,2024-11-09 14:20:00,2024,11,9,14,20,77,77288,SEJOURNE (RUE),48.52719,2.65376,Plein jour,En agglomération,Hors intersection,Normale,Deux véhicules - arrière,4,2,0,0,1,1,1,0,1,50,2,2,1,0,0,1,70.0,58.0,voiture,voiture,1,2,1,1,2
202400030948,2024-12-15 07:45:00,2024,12,15,7,45,93,93053,PARIS (RUE DE),48.9033,2.46642,Nuit avec éclairage allumé,En agglomération,Hors intersection,Normale,Autre collision,3,3,0,0,1,1,1,0,1,50,1,1,0,0,0,1,37.0,,voiture,,5,2,1,1,6
202400030949,2024-12-16 08:50:00,2024,12,16,8,50,93,93050,GABRIELLE (IMPASSE ET RUE),48.87534,2.52599,Plein jour,En agglomération,Hors intersection,Pluie légère,Autre collision,4,2,0,0,1,1,2,5,1,50,1,2,1,0,0,1,39.0,,voiture,,1,2,1,2,6
202400030950,2024-11-08 17:40:00,2024,11,8,17,40,73,73011,D1212 CHASSEURS ALPINS (AV.) P. DUROY VERS AV,45.66487,6.38941,Nuit avec éclairage allumé,En agglomération,Giratoire,Normale,Trois véhicules et plus - en chaîne,3,2,2,0,1,3,1,0,1,50,4,4,3,0,0,1,20.0,,voiture,deux_roues,5,2,6,1,4
202400030950,2024-11-08 17:40:00,2024,11,8,17,40,73,73011,D1212 CHASSEURS ALPINS (AV.) P. DUROY VERS AV,45.66487,6.38941,Nuit avec éclairage allumé,En agglomération,Giratoire,Normale,Trois véhicules et plus - en chaîne,3,3,2,0,1,3,1,0,1,50,4,4,3,0,0,1,20.0,,voiture,deux_roues,5,2,6,1,4
202400030951,2024-12-16 05:50:00,2024,12,16,5,50,93,93010,GALLIENI (AV.) DE 2 A 96,48.906258,2.48346,Nuit avec éclairage allumé,En agglomération,Hors intersection,Pluie légère,Autre collision,3,1,4,0,1,1,2,2,1,50,1,4,0,0,0,4,20.0,,voiture,,5,2,1,2,6
202400030952,2024-12-16 18:11:00,2024,12,16,18,11,92,92040,ROUGET DE L'ISLE,48.82936113,2.26251807,Nuit sans éclairage public,En agglomération,Hors intersection,Normale,Deux véhicules - côté,3,2,3,2,1,1,1,0,1,30,2,2,1,0,0,1,59.0,27.0,transport_commun,deux_roues,3,2,1,1,3
202400030953,2024-11-08 06:55:00,2024,11,8,6,55,72,72181,HEUZE OLIVIER AV N° PAIRS 200 ET >,47.99158,0.17191,Nuit avec éclairage allumé,En agglomération,Intersection en Y,Pluie légère,Deux véhicules - côté,4,-1,2,0,1,1,2,0,1,50,2,2,0,0,0,2,47.0,21.0,voiture,voiture,5,2,4,2,3
202400030953,2024-11-08 06:55:00,2024,11,8,6,55,72,72181,HEUZE OLIVIER AV N° PAIRS 200 ET >,47.99158,0.17191,Nuit avec éclairage allumé,En agglomération,Intersection en Y,Pluie légère,Deux véhicules - côté,4,-1,2,0,1,1,2,0,1,50,2,2,0,0,0,2,47.0,21.0,voiture,voiture,5,2,4,2,3
202400030954,2024-12-15 23:00:00,2024,12,15,23,0,92,92012,JEAN JAURES (BOULEVARD) 217/FIN - 210/FI,48.8294,2.24591,Nuit avec éclairage allumé,En agglomération,Hors intersection,Pluie légère,Deux véhicules - frontale,3,2,2,0,1,1,2,0,1,30,2,2,1,0,0,1,30.0,22.0,deux_roues,voiture,5,2,1,2,1
202400030955,2024-11-08 17:05:00,2024,11,8,17,5,69,69282,Rue de la République,45.76643,5.00558,Crépuscule ou aube,En agglomération,Intersection en Y,Normale,Autre collision,4,2,2,2,1,2,1,5,1,30,1,2,1,0,1,0,53.0,,voiture,,2,2,4,1,6
202400030955,2024-11-08 17:05:00,2024,11,8,17,5,69,69282,Rue de la République,45.76643,5.00558,Crépuscule ou aube,En agglomération,Intersection en Y,Normale,Autre collision,4,2,4,0,1,2,1,5,1,30,1,2,1,0,1,0,53.0,,voiture,,2,2,4,1,6
202400030956,2024-11-09 22:45:00,2024,11,9,22,45,67,67482,POLYGONE (ROUTE DU),48.56175,7.76352,Nuit avec éclairage allumé,En agglomération,Autre intersection,Normale,Autre collision,4,2,3,1,1,1,1,0,5,50,1,1,0,1,0,0,59.0,,deux_roues,,5,2,9,1,6
202400030957,2024-12-16 19:26:00,2024,12,16,19,26,31,31567,Route de Castres,43.59413,1.668291,Nuit sans éclairage public,Hors agglomération,Intersection en T,Normale,Deux véhicules - côté,3,2,1,0,1,1,1,0,1,80,2,2,1,0,1,0,76.0,20.0,voiture,deux_roues,3,1,3,1,3
202400030957,2024-12-16 19:26:00,2024,12,16,19,26,31,31567,Route de Castres,43.59413,1.668291,Nuit sans éclairage public,Hors agglomération,Intersection en T,Normale,Deux véhicules - côté,3,2,2,0,1,1,1,0,1,80,2,2,1,0,1,0,76.0,20.0,voiture,deux_roues,3,1,3,1,3
202400030958,2024-11-09 18:25:00,2024,11,9,18,25,65,65440,Rue du Corps Franc Pommiès,43.23714002,0.04968793,Nuit avec éclairage allumé,En agglomération,Hors intersection,Pluie légère,Autre collision,3,2,2,0,1,1,2,0,1,50,1,2,1,0,1,0,75.0,,voiture,,5,2,1,2,6
202400030959,2024-12-17 00:40:00,2024,12,17,0,40,59,59335,23 Route de Tournai,50.459584,3.426775,Nuit avec éclairage allumé,En agglomération,Hors intersection,Pluie légère,Deux véhicules - frontale,3,2,2,0,1,2,2,0,3,50,1,1,0,0,1,0,23.0,,voiture,,5,2,1,2,1
202400030960,2024-11-09 18:30:00,2024,11,9,18,30,64,64445,LOUIS SALLENAVE,43.31788,-0.35806,Nuit avec éclairage non allumé,En agglomération,Hors intersection,Pluie légère,Autre collision,6,-1, -1,0,1,1,2,0,1,15,1,2,1,0,1,0,53.0,,voiture,,4,2,1,2,6
202400030961,2024-12-09 16:30:00,2024,12,9,16,30,35,35216,Les trois chênes,48.19081,-1.819117,Crépuscule ou aube,Hors agglomération,Hors intersection,Normale,Autre collision,7,2,2,0,1,1,1,0,3,80,1,2,1,0,1,0,23.0,,voiture,,2,1,1,1,6
202400030962,2024-11-09 11:30:00,2024,11,9,11,30,64,64445,JEAN MERMOZ,43.31784,-0.37838,Plein jour,En agglomération,Giratoire,Pluie légère,Deux véhicules - côté,4,-1,2,0,1,1,2,9,1,50,2,2,1,0,0,1,59.0,34.0,voiture,deux_roues,1,2,6,2,3
202400030962,2024-11-09 11:30:00,2024,11,9,11,30,64,64445,JEAN MERMOZ,43.31784,-0.37838,Plein jour,En agglomération,Giratoire,Pluie légère,Deux véhicules - côté,4,2,4,0,1,1,2,5,1,50,2,2,1,0,0,1,59.0,34.0,voiture,deux_roues,1,2,6,2,3
202400030963,2024-12-14 10:10:00,2024,12,14,10,10,83,83031,Échangeur entre A8 et A 57 (Embranchement d'autoroute),43.399607,6.360354,Plein jour,Hors agglomération,Hors intersection,Normale,Deux véhicules - côté,1,1,3,0,1,3,2,3,1,90,2,3,0,0,1,2,26.0,83.0,voiture,voiture,1,1,1,1,3
202400030964,2024-11-09 11:20:00,2024,11,9,11,20,63,63113,JULIEN (AVENUE),45.77539,3.08165,Plein jour,En agglomération,Hors intersection,Normale,Autre collision,4,1,1,0,1,1,1,0,1,30,1,2,1,0,0,1,26.0,,voiture,,1,2,1,1,6
202400030965,2024-11-09 07:20:00,2024,11,9,7,20,59,59352,Avenue Robert Descamps,50.72989817,3.09281526,Crépuscule ou aube,En agglomération,Hors intersection,Pluie légère,Autre collision,7,2,2,0,1,1,2,0,1,50,1,1,0,0,1,0,23.0,,voiture,,2,2,1,2,6
202400030966,2024-12-16 15:20:00,2024,12,16,15,20,14,14061,A84,49.014297,-0.874711,Plein jour,Hors agglomération,Hors intersection,Normale,Autre collision,1,3,2,0,2,2,2,0,3,130,1,1,0,0,1,0,52.0,,voiture,,1,1,1,1,6
202400030967,2024-11-09 20:45:00,2024,11,9,20,45,59,59350,Avenue de Dunkerque (Lille),50.63819,3.023,Nuit avec éclairage non allumé,En agglomération,Hors intersection,Pluie légère,Trois véhicules et plus - en chaîne,7,2,4,1,1,1,2,0,1,30,3,4,2,0,0,2,31.0,32.0,voiture,voiture,4,2,1,2,4
202400030968,2024-12-16 16:55:00,2024,12,16,16,55,22,22305,D766,48.25632,-2.167032,Crépuscule ou aube,Hors agglomération,Intersection en T,Pluie légère,Deux véhicules - arrière,3,2,2,0,2,3,2,0,1,80,2,4,1,0,0,3,45.0,54.0,utilitaire_camion,voiture,2,1,3,2,2
202400030968,2024-12-16 16:55:00,2024,12,16,16,55,22,22305,D766,48.25632,-2.167032,Crépuscule ou aube,Hors agglomération,Intersection en T,Pluie légère,Deux véhicules - arrière,3,2,2,0,1,1,2,5,1,-1,2,4,1,0,0,3,45.0,54.0,utilitaire_camion,voiture,2,1,3,2,2
202400030969,2024-11-09 10:45:00,2024,11,9,10,45,58,58194,MARZY,46.9874,3.1408,Plein jour,En agglomération,Intersection en X,Normale,Deux véhicules - côté,4,2,2,0,1,1,1,0,1,50,2,2,1,0,0,1,35.0,17.0,voiture,deux_roues,1,2,2,1,3
202400030969,2024-11-09 10:45:00,2024,11,9,10,45,58,58194,MARZY,46.9874,3.1408,Plein jour,En agglomération,Intersection en X,Normale,Deux véhicules - côté,4,2,2,0,1,1,1,0,1,50,2,2,1,0,0,1,35.0,17.0,voiture,deux_roues,1,2,2,1,3
202400030970,2024-12-16 22:30:00,2024,12,16,22,30,51,51576,D34,49.06135849,4.15715366,Nuit sans éclairage public,Hors agglomération,Hors intersection,Pluie légère,Autre collision,3,2,2,0,1,1,2,0,3,80,1,1,0,0,0,1,34.0,,voiture,,3,1,1,2,6
202400030971,2024-11-09 19:30:00,2024,11,9,19,30,49,49099,MARNE (AVENUE DE LA),47.05101,-0.88678,Nuit avec éclairage allumé,En agglomération,Autre intersection,Normale,Autre collision,4,3,2,0,1,1,1,0,1,50,1,1,0,0,0,1,28.0,,voiture,,5,2,9,1,6
202400030972,2024-11-09 18:17:00,2024,11,9,18,17,47,47032,ALBERT CAMUS (avenue),44.19095388,0.65727049,Nuit avec éclairage allumé,En agglomération,Giratoire,Pluie légère,Deux véhicules - côté,4,2,2,0,1,1,2,0,1,50,2,2,1,0,0,1,88.0,21.0,voiture,deux_roues,5,2,6,2,3
202400030972,2024-11-09 18:17:00,2024,11,9,18,17,47,47032,ALBERT CAMUS (avenue),44.19095388,0.65727049,Nuit avec éclairage allumé,En agglomération,Giratoire,Pluie légère,Deux véhicules - côté,4,2,2,-1,1,1,2,5,1,-1,2,2,1,0,0,1,88.0,21.0,voiture,deux_roues,5,2,6,2,3
202400030973,2024-12-16 17:10:00,2024,12,16,17,10,61,61168,VC,48.574456,-0.369828,Crépuscule ou aube,En agglomération,Intersection en T,Normale,Deux véhicules - côté,4,-1, -1,0,1,2,1,0,1,50,2,2,1,0,0,1,26.0,62.0,deux_roues,voiture,2,2,3,1,3
202400030973,2024-12-16 17:10:00,2024,12,16,17,10,61,61168,VC,48.574456,-0.369828,Crépuscule ou aube,En agglomération,Intersection en T,Normale,Deux véhicules - côté,4,2,3,0,1,1,1,0,1,50,2,2,1,0,0,1,26.0,62.0,deux_roues,voiture,2,2,3,1,3
202400030974,2024-11-09 11:00:00,2024,11,9,11,0,45,45234,2 Place Albert Camus,47.83523,1.93586,Plein jour,En agglomération,Intersection en T,Temps éblouissant,Autre collision,4,1,2,0,1,1,1,0,1,30,1,2,1,0,0,1,58.0,,voiture,,1,2,3,7,6
202400030974,2024-11-09 11:00:00,2024,11,9,11,0,45,45234,2 Place Albert Camus,47.83523,1.93586,Plein jour,En agglomération,Intersection en T,Temps éblouissant,Autre collision,4,3, -1,-1,1,1,1,0,1,50,1,2,1,0,0,1,58.0,,voiture,,1,2,3,7,6
202400030975,2024-12-16 20:45:00,2024,12,16,20,45,34,34338,Départementale 908,43.61678,3.409329,Nuit sans éclairage public,Hors agglomération,Hors intersection,Normale,Deux véhicules - frontale,3,2,2,0,1,1,1,0,1,90,2,3,2,0,1,0,78.0,63.0,voiture,voiture,3,1,1,1,1
202400030976,2024-11-09 07:00:00,2024,11,9,7,0,45,45302,D2020 PR 22 + 70,47.96341,1.88868,Nuit sans éclairage public,En agglomération,Hors intersection,Brouillard / fumée,Deux véhicules - côté,3,2,4,0,1,1,1,0,1,70,2,2,1,0,0,1,67.0,23.0,voiture,voiture,3,2,1,5,3
202400030977,2024-11-09 21:35:00,2024,11,9,21,35,45,45068,89 Rue Voltaire,48.0354,2.73853,Nuit avec éclairage allumé,En agglomération,Hors intersection,Normale,Autre collision,4,2,2,0,1,1,2,0,1,50,1,1,0,0,0,1,65.0,,voiture,,5,2,1,1,6
202400030978,2024-12-17 07:15:00,2024,12,17,7,15,44,44187,Les Pilorgères,47.219349,-2.067203,Nuit sans éclairage public,Hors agglomération,Hors intersection,Normale,Deux véhicules - frontale,3,2,2,0,1,1,1,0,1,80,2,2,1,0,1,0,28.0,41.0,deux_roues,utilitaire_camion,3,1,1,1,1
202400030979,2024-11-09 19:10:00,2024,11,9,19,10,34,34172,APOTHICAIRES (AVENUE DES),43.64299,3.83842,Nuit avec éclairage allumé,En agglomération,Hors intersection,Pluie légère,Autre collision,4,2,4,0,1,1,2,0,1,50,1,2,1,0,0,1,29.0,,utilitaire_camion,,5,2,1,2,6
202400030980,2024-12-15 15:00:00,2024,12,15,15,0,70,70399,D7,47.903632,6.0123498,Plein jour,Hors agglomération,Hors intersection,Normale,Autre collision,3,2,2,0,1,2,1,0,8,80,1,1,0,0,1,0,18.0,,voiture,,1,1,1,1,6
202400030981,2024-11-09 18:40:00,2024,11,9,18,40,33,33119,,44.85723,-0.53228,Nuit avec éclairage allumé,En agglomération,Intersection en X,Normale,Deux véhicules - côté,4,3,6,1,4,1,2,9,1,50,2,2,1,0,0,1,30.0,17.0,voiture,deux_roues,5,2,2,1,3
202400030981,2024-11-09 18:40:00,2024,11,9,18,40,33,33119,,44.85723,-0.53228,Nuit avec éclairage allumé,En agglomération,Intersection en X,Normale,Deux véhicules - côté,4,2, -1,-1,1,1,1,5,1,-1,2,2,1,0,0,1,30.0,17.0,voiture,deux_roues,5,2,2,1,3
202400030982,2024-12-16 16:24:00,2024,12,16,16,24,14,14578,Route de Honfleur,49.336952,0.206273,Crépuscule ou aube,Hors agglomération,Hors intersection,Normale,Trois véhicules et plus - collisions multiples,3,2,3,0,2,3,1,0,1,80,3,4,2,0,1,1,45.0,77.0,utilitaire_camion,voiture,2,1,1,1,5
202400030983,2024-11-09 19:00:00,2024,11,9,19,0,33,33039,,44.78801,-0.56651,Nuit avec éclairage allumé,En agglomération,Hors intersection,Normale,Deux véhicules - côté,4,2,2,0,1,1,1,0,1,50,2,2,1,0,1,0,16.0,73.0,deux_roues,utilitaire_camion,5,2,1,1,3
202400030984,2024-10-14 06:22:00,2024,10,14,6,22,10,10231,D619,48.510658,3.430269,Nuit sans éclairage public,Hors agglomération,Hors intersection,Pluie légère,Deux véhicules - frontale,3,2,2,0,1,1,2,0,1,80,2,2,0,0,1,1,40.0,24.0,voiture,voiture,3,1,1,2,1
202400030985,2024-11-08 15:20:00,2024,11,8,15,20,33,33069,,44.86152,-0.58984,Plein jour,En agglomération,Intersection en T,Normale,Autre collision,4,2,2,0,1,1,1,0,4,30,1,2,0,0,0,2,20.0,,voiture,,1,2,3,1,6
202400030985,2024-11-08 15:20:00,2024,11,8,15,20,33,33069,,44.86152,-0.58984,Plein jour,En agglomération,Intersection en T,Normale,Autre collision,4,1,1,0,1,1,1,0,8,30,1,2,0,0,0,2,20.0,,voiture,,1,2,3,1,6
202400030986,2024-12-16 18:45:00,2024,12,16,18,45,10,10029,D452,48.035024,4.372215,Nuit sans éclairage public,Hors agglomération,Hors intersection,Pluie légère,Autre collision,3,2,2,0,1,1,2,0,1,80,3,3,0,1,1,1,28.0,19.0,voiture,voiture,3,1,1,2,6
202400030987,2024-11-08 15:30:00,2024,11,8,15,30,33,33522,,44.79615,-0.59232,Plein jour,En agglomération,Intersection en T,Normale,Deux véhicules - frontale,4,2,3,1,1,1,1,5,1,50,2,2,1,0,0,1,26.0,24.0,voiture,deux_roues,1,2,3,1,1
202400030987,2024-11-08 15:30:00,2024,11,8,15,30,33,33522,,44.79615,-0.59232,Plein jour,En agglomération,Intersection en T,Normale,Deux véhicules - frontale,4,2,3,0,1,1,1,5,1,50,2,2,1,0,0,1,26.0,24.0,voiture,deux_roues,1,2,3,1,1
202400030988,2024-12-16 18:40:00,2024,12,16,18,40,07,07347,D121,45.189863,4.532332,Nuit sans éclairage public,Hors agglomération,Hors intersection,Autre,Sans collision,3,2,2,0,1,4,7,0,8,90,1,1,0,0,0,1,30.0,,voiture,,3,1,1,9,7
202400030989,2024-11-08 13:00:00,2024,11,8,13,0,33,33522,,44.81848,-0.60209,Plein jour,En agglomération,Giratoire,Normale,Trois véhicules et plus - collisions multiples,4,2,2,3,1,2,1,0,1,50,3,3,2,0,0,1,20.0,29.0,voiture,deux_roues,1,2,6,1,5
202400030989,2024-11-08 13:00:00,2024,11,8,13,0,33,33522,,44.81848,-0.60209,Plein jour,En agglomération,Giratoire,Normale,Trois véhicules et plus - collisions multiples,4,3,2,3,1,2,1,0,1,50,3,3,2,0,0,1,20.0,29.0,voiture,deux_roues,1,2,6,1,5
202400030990,2024-12-17 17:19:00,2024,12,17,17,19,30,30294,Route de Bagnols,44.128507,4.141202,Crépuscule ou aube,Hors agglomération,Hors intersection,Normale,Deux véhicules - frontale,3,2,2,0,4,2,1,0,1,80,2,2,1,0,1,0,67.0,41.0,voiture,utilitaire_camion,2,1,1,1,1
202400030991,2024-11-13 16:10:00,2024,11,13,16,10,29,29019,ARMORIQUE (DE 1 A 51 ET 2 A 60),48.384608,-4.502822,Plein jour,En agglomération,Hors intersection,Normale,Sans collision,6,-1, -1,0,1,1,1,0,1,10,1,2,1,0,0,1,25.0,,voiture,,1,2,1,1,7
202400030992,2024-12-13 07:30:00,2024,12,13,7,30,67,67204,Route de la Wantzenau,48.63875553,7.78031051,Crépuscule ou aube,Hors agglomération,Giratoire,Temps couvert,Sans collision,7,1,1,0,1,1,1,5,8,70,1,1,0,0,1,0,43.0,,deux_roues,,2,1,6,8,7
202400030993,2024-11-09 14:10:00,2024,11,9,14,10,27,27681,RENAISSANCE (RUE DE LA),49.08141,1.48136,Plein jour,En agglomération,Intersection en X,Normale,Deux véhicules - côté,4,2,2,0,2,1,1,5,1,50,2,3,1,0,1,1,23.0,11.0,voiture,deux_roues,1,2,2,1,3
202400030993,2024-11-09 14:10:00,2024,11,9,14,10,27,27681,RENAISSANCE (RUE DE LA),49.08141,1.48136,Plein jour,En agglomération,Intersection en X,Normale,Deux véhicules - côté,4,2,2,0,1,3,1,5,1,50,2,3,1,0,1,1,23.0,11.0,voiture,deux_roues,1,2,2,1,3
202400030994,2024-12-16 07:40:00,2024,12,16,7,40,67,67112,A35 PK 317+100,48.51212,7.582551,Plein jour,Hors agglomération,Hors intersection,Normale,Trois véhicules et plus - en chaîne,1,3,2,0,1,1,1,0,1,110,3,4,1,0,0,3,56.0,32.0,voiture,utilitaire_camion,1,1,1,1,4
202400030995,2024-12-16 17:45:00,2024,12,16,17,45,44,44082,117 Bel Air,47.3812,-1.394507,Nuit sans éclairage public,Hors agglomération,Hors intersection,Normale,Deux véhicules - frontale,3,2,2,0,1,1,1,0,1,80,2,6,5,0,1,0,51.0,51.0,voiture,transport_commun,3,1,1,1,1
202400030996,2024-11-05 14:23:00,2024,11,5,14,23,22,22113,FOT (LIEU-DIT LE)(BRELEVENEZ),48.74993,-3.42055,Plein jour,Hors agglomération,Hors intersection,Normale,Autre collision,3,2,2,0,1,2,1,0,1,70,1,1,0,0,1,0,33.0,,voiture,,1,1,1,1,6
202400030997,2024-12-14 13:00:00,2024,12,14,13,0,73,73065,BIF13.10 Bretelle Accès bifurcation / A43,45.602885,5.891944,Plein jour,Hors agglomération,Hors intersection,Temps couvert,Autre collision,1,1,2,0,2,2,2,3,1,50,1,1,0,0,1,0,18.0,,voiture,,1,1,1,8,6
202400030998,2024-11-08 13:25:00,2024,11,8,13,25,17,17306,ROCHEFORT (DE)  (AVENUE),45.642551,-1.024769,Plein jour,En agglomération,Hors intersection,Normale,Deux véhicules - arrière,3,2,2,0,1,1,1,0,1,50,2,2,1,0,1,0,67.0,48.0,deux_roues,voiture,1,2,1,1,2
202400030999,2024-12-16 16:00:00,2024,12,16,16,0,27,27701,Autoroute A13 PK 96,49.224265,1.210489,Plein jour,Hors agglomération,Hors intersection,Normale,Deux véhicules - arrière,1,3,3,0,2,1,1,0,3,130,2,2,1,0,0,1,58.0,57.0,voiture,utilitaire_camion,1,1,1,1,2
202400031000,2024-12-17 08:20:00,2024,12,17,8,20,27,27518,A131 PK 012+000 direction LE HAVRE,49.453611,0.533032,Crépuscule ou aube,Hors agglomération,Hors intersection,Normale,Autre collision,1,3,4,0,1,1,1,0,2,130,4,4,3,0,1,0,42.0,66.0,utilitaire_camion,utilitaire_camion,2,1,1,1,6
202400031001,2024-11-09 09:10:00,2024,11,9,9,10,17,17299,BUISSON BOULEVARD,45.94022,-0.98418,Plein jour,En agglomération,Intersection en X,Normale,Deux véhicules - côté,4,2,2,0,1,1,1,0,1,30,2,2,1,0,0,1,50.0,44.0,voiture,voiture,1,2,2,1,3
202400031001,2024-11-09 09:10:00,2024,11,9,9,10,17,17299,BUISSON BOULEVARD,45.94022,-0.98418,Plein jour,En agglomération,Intersection en X,Normale,Deux véhicules - côté,4,2,2,0,1,1,1,0,1,30,2,2,1,0,0,1,50.0,44.0,voiture,voiture,1,2,2,1,3
202400031002,2024-12-17 07:40:00,2024,12,17,7,40,973,97305,Route Nationale 1 - PK 34.700,5.052814,-52.522974,Plein jour,Hors agglomération,Hors intersection,Normale,Deux véhicules - côté,2,2,2,0,1,1,2,0,1,80,2,2,1,1,0,0,48.0,37.0,deux_roues,voiture,1,1,1,1,3
202400031003,2024-12-16 07:10:00,2024,12,16,7,10,41,41136,D112,47.685889,1.51768,Nuit sans éclairage public,Hors agglomération,Hors intersection,Normale,Autre collision,3,2,2,0,1,1,2,0,3,70,1,1,0,0,1,0,19.0,,voiture,,3,1,1,1,6
202400031004,2024-11-09 20:00:00,2024,11,9,20,0,13,13210,CAPELETTE (AVENUE DE LA),43.28056,5.40787,Nuit avec éclairage allumé,En agglomération,Hors intersection,Pluie légère,Trois véhicules et plus - collisions multiples,4,2,2,0,1,1,2,0,1,50,6,6,0,0,1,5,72.0,58.0,voiture,voiture,5,2,1,2,5
202400031005,2024-11-09 04:00:00,2024,11,9,4,0,06,06069,251 Route de Plascassier,43.6445,6.96348,Nuit sans éclairage public,Hors agglomération,Hors intersection,Pluie légère,Autre collision,3,2,2,0,2,3,2,0,1,50,1,2,1,0,0,1,17.0,,voiture,,3,1,1,2,6
202400031006,2024-11-05 12:45:00,2024,11,5,12,45,06,06069,6 Boulevard Emmanuel Rouquier,43.64485,6.94037,Plein jour,En agglomération,Hors intersection,Normale,Autre collision,4,1,1,0,1,1,1,0,1,50,1,2,1,0,1,0,44.0,,voiture,,1,2,1,1,6
202400031007,2024-12-11 08:35:00,2024,12,11,8,35,77,77508,D231,48.823325,2.834172,Plein jour,Hors agglomération,Giratoire,Normale,Deux véhicules - côté,3,2,2,0,1,1,1,0,1,80,2,2,1,0,0,1,23.0,29.0,deux_roues,voiture,1,1,6,1,3
202400031008,2024-11-09 19:14:00,2024,11,9,19,14,03,03013,Avenue des Isles,46.576,3.319,Crépuscule ou aube,En agglomération,Autre intersection,Normale,Deux véhicules - côté,4,2,2,1,1,1,1,9,1,50,2,2,1,0,0,1,16.0,,deux_roues,voiture,2,2,9,1,3
202400031009,2024-12-16 12:00:00,2024,12,16,12,0,77,77318,D216,48.792567,2.934862,Plein jour,Hors agglomération,Intersection en X,Temps couvert,Deux véhicules - côté,3,2,2,0,1,1,2,0,1,80,2,2,0,0,2,0,37.0,27.0,utilitaire_camion,voiture,1,1,2,8,3
202400031009,2024-12-16 12:00:00,2024,12,16,12,0,77,77318,D216,48.792567,2.934862,Plein jour,Hors agglomération,Intersection en X,Temps couvert,Deux véhicules - côté,3,2,2,0,1,1,2,0,1,80,2,2,0,0,2,0,37.0,27.0,utilitaire_camion,voiture,1,1,2,8,3
202400031010,2024-11-08 16:05:00,2024,11,8,16,5,01,01289,LYON ( AVE DE) A PARTIR,46.18203,5.20513,Plein jour,En agglomération,Giratoire,Normale,Deux véhicules - côté,3,2,2,1,1,1,1,0,1,50,2,3,2,0,0,1,39.0,24.0,voiture,deux_roues,1,2,6,1,3
202400031010,2024-11-08 16:05:00,2024,11,8,16,5,01,01289,LYON ( AVE DE) A PARTIR,46.18203,5.20513,Plein jour,En agglomération,Giratoire,Normale,Deux véhicules - côté,3,2,2,1,1,1,1,0,1,30,2,3,2,0,0,1,39.0,24.0,voiture,deux_roues,1,2,6,1,3
202400031011,2024-12-16 17:30:00,2024,12,16,17,30,78,78164,D29,48.597635,1.927832,Nuit sans éclairage public,Hors agglomération,Hors intersection,Pluie légère,Deux véhicules - côté,3,2,2,0,1,1,2,0,1,70,2,9,3,0,1,5,54.0,49.0,voiture,transport_commun,3,1,1,2,3
202400031012,2024-11-08 16:57:00,2024,11,8,16,57,75,75117,BOULEVARD BESSIERES,48.897725,2.329015,Plein jour,En agglomération,Intersection en X,Normale,Autre collision,4,2,4,1,1,1,1,0,1,50,2,3,0,0,1,2,57.0,40.0,voiture,voiture,1,2,2,1,6
202400031012,2024-11-08 16:57:00,2024,11,8,16,57,75,75117,BOULEVARD BESSIERES,48.897725,2.329015,Plein jour,En agglomération,Intersection en X,Normale,Autre collision,4,2,4,3,1,1,1,0,1,50,2,3,0,0,1,2,57.0,40.0,voiture,voiture,1,2,2,1,6
202400031013,2024-12-15 08:55:00,2024,12,15,8,55,06,06157,669 Avenue Emile Hugues,43.719435,7.113031,Crépuscule ou aube,En agglomération,Hors intersection,Temps éblouissant,Trois véhicules et plus - en chaîne,7,3,2,2,2,1,1,0,2,50,3,3,1,0,1,1,15.0,24.0,deux_roues,voiture,2,2,1,7,4
202400031014,2024-12-16 15:25:00,2024,12,16,15,25,10,10004,D677,48.599941,4.161673,Plein jour,Hors agglomération,Hors intersection,Pluie légère,Deux véhicules - frontale,3,2,2,0,1,1,2,0,1,90,2,2,0,0,1,1,42.0,24.0,voiture,voiture,1,1,1,2,1
202400031015,2024-12-17 06:00:00,2024,12,17,6,0,67,67084,D1422,48.325501,7.459284,Nuit sans éclairage public,Hors agglomération,Hors intersection,Brouillard / fumée,Deux véhicules - frontale,3,2,2,0,1,1,1,0,1,80,2,2,0,1,0,1,19.0,43.0,deux_roues,voiture,3,1,1,5,1
202400031016,2024-11-25 19:00:00,2024,11,25,19,0,57,57663,D55bis,49.24035,6.173426,Nuit avec éclairage allumé,En agglomération,Hors intersection,Pluie forte,Autre collision,3,2,2,0,1,1,2,0,1,50,1,2,1,0,0,1,52.0,,voiture,,5,2,1,3,6
202400031017,2024-11-08 16:00:00,2024,11,8,16,0,75,75120,RUE ALEXANDRE DUMAS,48.854753,2.39748,Plein jour,En agglomération,Intersection en X,Normale,Autre collision,4,1,1,2,2,1,1,0,1,30,1,2,0,0,0,2,16.0,,deux_roues,,1,2,2,1,6
202400031017,2024-11-08 16:00:00,2024,11,8,16,0,75,75120,RUE ALEXANDRE DUMAS,48.854753,2.39748,Plein jour,En agglomération,Intersection en X,Normale,Autre collision,4,1,0,0,2,1,1,0,1,30,1,2,0,0,0,2,16.0,,deux_roues,,1,2,2,1,6