accident_id,datetime,annee,mois,jour,heure,minute,departement,commune_insee,adresse,latitude,longitude,luminosite,agglomeration,intersection,meteo,collision,catr,circ,nbv,vosp,prof,plan,surf,infra,situ,vma,nb_vehicules,nb_usagers,nb_indemnes,nb_tues,nb_blesses_hosp,nb_blesses_legers,age_cond_1,age_cond_2,veh_type_cond_1,veh_type_cond_2,lum_code,agg_code,int_code,atm_code,col_code
202400031086,2024-12-13 17:08:00,2024,12,13,17,8,50,50502,MIDI,49.1108,-1.08462,Plein jour,En agglomération,Hors intersection,Temps couvert,Deux véhicules - côté,4,2,0,0,2,1,1,0,1,50,1,2,1,0,0,1,18.0,,voiture,,1,2,1,8,3
202400031087,2024-12-14 22:35:00,2024,12,14,22,35,47,47323,TOURNON (ROUTE DE),44.39517,0.75386,Nuit sans éclairage public,Hors agglomération,Hors intersection,Temps couvert,Sans collision,3,2,2,0,1,1,1,0,8,80,1,1,0,1,0,0,44.0,,utilitaire_camion,,3,1,1,8,7
202400031088,2024-12-15 20:20:00,2024,12,15,20,20,42,42095,Rue de la République,45.39316,4.29477,Nuit avec éclairage allumé,En agglomération,Hors intersection,Normale,Deux véhicules - côté,7,2,2,0,1,1,1,0,1,50,2,2,1,0,0,1,22.0,41.0,voiture,voiture,5,2,1,1,3
202400031089,2024-12-15 16:50:00,2024,12,15,16,50,37,37261,DEVILDE (RUE),47.4066662,0.6916126,Crépuscule ou aube,En agglomération,Intersection en X,Pluie légère,Deux véhicules - côté,4,2,2,0,1,1,2,0,1,50,2,2,1,0,0,1,23.0,31.0,deux_roues,voiture,2,2,2,2,3
202400031089,2024-12-15 16:50:00,2024,12,15,16,50,37,37261,DEVILDE (RUE),47.4066662,0.6916126,Crépuscule ou aube,En agglomération,Intersection en X,Pluie légère,Deux véhicules - côté,4,2,1,0,2,1,2,0,1,50,2,2,1,0,0,1,23.0,31.0,deux_roues,voiture,2,2,2,2,3
202400031090,2024-12-15 09:40:00,2024,12,15,9,40,33,33063,,44.847293,-0.622906,Plein jour,En agglomération,Intersection en X,Normale,Deux véhicules - côté,4,2,2,0,1,1,1,5,1,50,2,2,1,0,0,1,18.0,22.0,voiture,voiture,1,2,2,1,3
202400031090,2024-12-15 09:40:00,2024,12,15,9,40,33,33063,,44.847293,-0.622906,Plein jour,En agglomération,Intersection en X,Normale,Deux véhicules - côté,4,2,2,0,1,1,1,5,1,50,2,2,1,0,0,1,18.0,22.0,voiture,voiture,1,2,2,1,3
202400031091,2024-12-15 06:30:00,2024,12,15,6,30,29,29232,Rond-Point de Park Poullig,48.02992834,-4.08839227,Nuit sans éclairage public,Hors agglomération,Giratoire,Normale,Sans collision,3,1,2,0,1,1,2,5,1,50,1,3,0,0,0,3,23.0,,voiture,,3,1,6,1,7
202400031092,2024-12-15 23:54:00,2024,12,15,23,54,29,29254,Rue Ar Brug,48.576585,-3.855452,Nuit sans éclairage public,Hors agglomération,Autre intersection,Pluie légère,Sans collision,4,2,2,0,1,2,2,0,8,110,1,1,0,0,0,1,48.0,,voiture,,3,1,9,2,7
202400031093,2024-12-14 19:15:00,2024,12,14,19,15,29,29039,Route de Kerguéres,47.891814,-3.923573,Nuit avec éclairage non allumé,Hors agglomération,Hors intersection,Normale,Deux véhicules - frontale,4,2,2,0,1,2,1,0,1,50,2,3,2,0,1,0,19.0,48.0,voiture,voiture,4,1,1,1,1
202400031094,2024-12-16 01:00:00,2024,12,16,1,0,26,26198,RN7,44.55620287,4.72993314,Nuit sans éclairage public,Hors agglomération,Hors intersection,Normale,Autre collision,2,-1,2,0,1,1,1,0,1,80,1,2,1,0,1,0,23.0,,voiture,,3,1,1,1,6
202400031095,2024-12-13 13:35:00,2024,12,13,13,35,26,26198,Avenue John Fitzgerald Kennedy,44.55488,4.73696,Plein jour,En agglomération,Hors intersection,Normale,Autre collision,4,2,2,0,1,1,1,0,4,50,1,2,1,0,0,1,23.0,,voiture,,1,2,1,1,6
202400031096,2024-12-10 17:28:00,2024,12,10,17,28,22,22113,DE BROGLIE (RUE DE),48.75762,-3.46031,Nuit sans éclairage public,En agglomération,Hors intersection,Pluie légère,Deux véhicules - côté,4,2,2,0,1,1,2,0,1,50,2,2,1,0,0,1,24.0,57.0,deux_roues,voiture,3,2,1,2,3
202400031097,2024-12-15 15:45:00,2024,12,15,15,45,13,13212,PINATEL (BOULEVARD),43.31498672,5.4416473,Plein jour,En agglomération,Hors intersection,Normale,Sans collision,4,2,2,0,1,1,1,0,8,30,1,1,0,0,1,0,19.0,,voiture,,1,2,1,1,7
202400031098,2024-12-15 18:51:00,2024,12,15,18,51,06,06027,55 Boulevard du Maréchal Alphonse Juin,43.65758,7.15109,Nuit avec éclairage allumé,En agglomération,Intersection en X,Normale,Deux véhicules - côté,4,2,2,0,1,1,1,0,1,50,2,2,1,0,0,1,35.0,18.0,voiture,deux_roues,5,2,2,1,3
202400031098,2024-12-15 18:51:00,2024,12,15,18,51,06,06027,55 Boulevard du Maréchal Alphonse Juin,43.65758,7.15109,Nuit avec éclairage allumé,En agglomération,Intersection en X,Normale,Deux véhicules - côté,4,2,2,0,1,1,1,0,1,50,2,2,1,0,0,1,35.0,18.0,voiture,deux_roues,5,2,2,1,3
202400031099,2024-11-01 15:05:00,2024,11,1,15,5,05,05061,PRE DE FOIRE ( RUE DU ),44.55496,6.07452,Plein jour,En agglomération,Intersection en T,Normale,Deux véhicules - côté,4,2,1,1,1,1,1,0,1,50,2,2,1,0,0,1,18.0,56.0,deux_roues,voiture,1,2,3,1,3
202400031099,2024-11-01 15:05:00,2024,11,1,15,5,05,05061,PRE DE FOIRE ( RUE DU ),44.55496,6.07452,Plein jour,En agglomération,Intersection en T,Normale,Deux véhicules - côté,4,2,3,0,4,1,1,0,1,50,2,2,1,0,0,1,18.0,56.0,deux_roues,voiture,1,2,3,1,3
202400031100,2024-12-14 17:45:00,2024,12,14,17,45,01,01344,TREVOUX (AVENUE DE),46.200973,5.201383,Nuit avec éclairage allumé,En agglomération,Intersection en T,Pluie légère,Deux véhicules - côté,4,2,2,1,1,1,2,0,1,50,2,2,1,0,0,1,16.0,39.0,deux_roues,voiture,5,2,3,2,3
202400031100,2024-12-14 17:45:00,2024,12,14,17,45,01,01344,TREVOUX (AVENUE DE),46.200973,5.201383,Nuit avec éclairage allumé,En agglomération,Intersection en T,Pluie légère,Deux véhicules - côté,4,2, -1,-1,1,1,2,0,1,-1,2,2,1,0,0,1,16.0,39.0,deux_roues,voiture,5,2,3,2,3
202400031101,2024-12-15 08:05:00,2024,12,15,8,5,75,75116,BD PERIPHERIQUE EXTERIEUR,48.866593,2.268615,Plein jour,En agglomération,Hors intersection,Normale,Deux véhicules - arrière,4,1,4,0,1,1,1,0,1,50,2,4,1,0,0,3,22.0,24.0,voiture,voiture,1,2,1,1,2
202400031102,2024-12-15 04:20:00,2024,12,15,4,20,75,75120,BD PERIPHERIQUE INTERIEUR,48.866942,2.41322,Nuit avec éclairage allumé,En agglomération,Hors intersection,Normale,Deux véhicules - arrière,4,1,2,0,3,2,2,9,1,50,2,3,2,0,0,1,45.0,21.0,voiture,voiture,5,2,1,1,2
202400031103,2024-12-14 17:40:00,2024,12,14,17,40,75,75113,BD PERIPHERIQUE EXTERIEUR ,48.81629,2.345777,Nuit avec éclairage allumé,En agglomération,Hors intersection,Normale,Deux véhicules - côté,4,1,3,0,1,1,1,0,1,50,2,2,1,0,0,1,,34.0,voiture,deux_roues,5,2,1,1,3
202400031104,2024-12-14 17:10:00,2024,12,14,17,10,75,75120,BD PERIPHERIQUE EXTERIEUR,48.862587,2.413767,Crépuscule ou aube,En agglomération,Intersection en Y,Normale,Deux véhicules - arrière,4,-1,4,0,1,1,2,0,1,50,2,2,1,0,0,1,39.0,30.0,voiture,voiture,2,2,4,1,2
202400031104,2024-12-14 17:10:00,2024,12,14,17,10,75,75120,BD PERIPHERIQUE EXTERIEUR,48.862587,2.413767,Crépuscule ou aube,En agglomération,Intersection en Y,Normale,Deux véhicules - arrière,4,1,2,0,1,1,2,0,1,50,2,2,1,0,0,1,39.0,30.0,voiture,voiture,2,2,4,1,2
202400031105,2024-12-13 08:50:00,2024,12,13,8,50,75,75115,BD PERIPHERIQUE INTERIEUR,48.828061,2.290946,Plein jour,En agglomération,Hors intersection,Normale,Trois véhicules et plus - en chaîne,4,1,3,0,1,1,1,0,1,50,3,3,2,0,1,0,50.0,49.0,deux_roues,voiture,1,2,1,1,4
202400031106,2024-03-05 10:25:00,2024,3,5,10,25,38,38052,RD1091 - zone du ras,45.066949,6.021964,Plein jour,En agglomération,Autre intersection,Normale,Deux véhicules - côté,3,2,2,0,1,1,1,0,1,70,2,2,0,0,0,2,51.0,33.0,voiture,utilitaire_camion,1,2,9,1,3
202400031107,2024-12-15 12:26:00,2024,12,15,12,26,75,75119,AVENUE DE FLANDRE,48.8878036,2.373092,Plein jour,En agglomération,Hors intersection,Temps couvert,Sans collision,4,2,6,1,1,1,2,0,6,30,2,3,2,0,0,1,47.0,40.0,deux_roues,voiture,1,2,1,8,7
202400031108,2024-12-15 01:30:00,2024,12,15,1,30,75,75119,BOULEVARD DE LA VILLETTE,48.88443,2.36731,Nuit avec éclairage allumé,En agglomération,Intersection en T,Pluie légère,Deux véhicules - côté,4,1, -1,1,1,1,2,0,5,30,2,2,1,0,0,1,50.0,32.0,voiture,deux_roues,5,2,3,2,3
202400031108,2024-12-15 01:30:00,2024,12,15,1,30,75,75119,BOULEVARD DE LA VILLETTE,48.88443,2.36731,Nuit avec éclairage allumé,En agglomération,Intersection en T,Pluie légère,Deux véhicules - côté,4,1, -1,-1,1,1,2,0,5,30,2,2,1,0,0,1,50.0,32.0,voiture,deux_roues,5,2,3,2,3
202400031109,2024-03-04 08:40:00,2024,3,4,8,40,60,60494,ZA Pre de la Dame Jeanne,49.10136,2.558518,Plein jour,Hors agglomération,Intersection en T,Normale,Trois véhicules et plus - collisions multiples,3,2,2,0,1,1,2,0,1,80,3,3,2,0,1,0,21.0,54.0,voiture,voiture,1,1,3,1,5
202400031109,2024-03-04 08:40:00,2024,3,4,8,40,60,60494,ZA Pre de la Dame Jeanne,49.10136,2.558518,Plein jour,Hors agglomération,Intersection en T,Normale,Trois véhicules et plus - collisions multiples,3,2, -1,-1,1,1,1,0,1,-1,3,3,2,0,1,0,21.0,54.0,voiture,voiture,1,1,3,1,5
202400031110,2024-03-05 01:20:00,2024,3,5,1,20,976,97608,Route de Moya,-12.783323,45.280913,Nuit sans éclairage public,En agglomération,Hors intersection,Normale,Sans collision,3,2,2,0,1,1,1,0,1,50,1,1,0,0,1,0,38.0,,deux_roues,,3,2,1,1,7
202400031111,2024-12-15 08:20:00,2024,12,15,8,20,75,75113,AVENUE DE LA PORTE DE VITRY,48.822889,2.377832,Crépuscule ou aube,En agglomération,Intersection en T,Normale,Autre collision,4,2,2,0,2,1,2,0,1,30,1,6,1,0,0,5,,,voiture,,2,2,3,1,6
202400031111,2024-12-15 08:20:00,2024,12,15,8,20,75,75113,AVENUE DE LA PORTE DE VITRY,48.822889,2.377832,Crépuscule ou aube,En agglomération,Intersection en T,Normale,Autre collision,4,2,2,1,1,1,2,0,1,30,1,6,1,0,0,5,,,voiture,,2,2,3,1,6
202400031112,2024-03-03 22:00:00,2024,3,3,22,0,971,97116,Richeval,16.345539,-61.454478,Nuit avec éclairage allumé,Hors agglomération,Hors intersection,Pluie légère,Autre collision,2,2,2,0,1,1,2,0,8,50,1,1,0,0,1,0,23.0,,voiture,,5,1,1,2,6
202400031113,2024-12-15 00:02:00,2024,12,15,0,2,75,75112,AVENUE DU DOCTEUR ARNOLD NETTER,48.84089,2.404743,Nuit avec éclairage allumé,En agglomération,Intersection en X,Pluie légère,Deux véhicules - arrière,4,2,3,3,1,1,2,0,1,30,2,4,3,0,0,1,38.0,29.0,voiture,deux_roues,5,2,2,2,2
202400031113,2024-12-15 00:02:00,2024,12,15,0,2,75,75112,AVENUE DU DOCTEUR ARNOLD NETTER,48.84089,2.404743,Nuit avec éclairage allumé,En agglomération,Intersection en X,Pluie légère,Deux véhicules - arrière,4,1,1,0,1,1,2,0,1,30,2,4,3,0,0,1,38.0,29.0,voiture,deux_roues,5,2,2,2,2
202400031114,2024-02-29 11:30:00,2024,2,29,11,30,77,77107,N36,48.675157,2.813187,Plein jour,Hors agglomération,Intersection en X,Pluie légère,Deux véhicules - frontale,3,2,2,0,1,1,2,0,1,80,2,3,2,0,1,0,34.0,31.0,voiture,utilitaire_camion,1,1,2,2,1
202400031114,2024-02-29 11:30:00,2024,2,29,11,30,77,77107,N36,48.675157,2.813187,Plein jour,Hors agglomération,Intersection en X,Pluie légère,Deux véhicules - frontale,3,2,2,0,1,1,2,0,1,80,2,3,2,0,1,0,34.0,31.0,voiture,utilitaire_camion,1,1,2,2,1
202400031115,2024-12-15 15:50:00,2024,12,15,15,50,75,75109,AVENUE TRUDAINE,48.880678,2.340328,Plein jour,En agglomération,Intersection en T,Normale,Deux véhicules - côté,4,1,1,0,1,1,1,0,1,30,2,2,1,0,0,1,54.0,67.0,deux_roues,deux_roues,1,2,3,1,3
202400031115,2024-12-15 15:50:00,2024,12,15,15,50,75,75109,AVENUE TRUDAINE,48.880678,2.340328,Plein jour,En agglomération,Intersection en T,Normale,Deux véhicules - côté,4,2, -1,-1,1,1,1,0,1,30,2,2,1,0,0,1,54.0,67.0,deux_roues,deux_roues,1,2,3,1,3
202400031116,2024-03-01 14:00:00,2024,3,1,14,0,95,95039,D928,49.07099785,2.17643311,Plein jour,En agglomération,Hors intersection,Normale,Deux véhicules - côté,3,2,2,0,2,1,1,0,1,50,2,3,2,0,0,1,70.0,64.0,voiture,voiture,1,2,1,1,3
202400031117,2024-12-15 10:55:00,2024,12,15,10,55,75,75107,BOULEVARD DES INVALIDES,48.851854,2.314714,Plein jour,En agglomération,Intersection en T,Normale,Autre collision,4,2,2,1,1,1,2,5,1,30,1,2,1,0,0,1,25.0,,deux_roues,,1,2,3,1,6
202400031117,2024-12-15 10:55:00,2024,12,15,10,55,75,75107,BOULEVARD DES INVALIDES,48.851854,2.314714,Plein jour,En agglomération,Intersection en T,Normale,Autre collision,4,1, -1,-1,1,1,2,0,1,30,1,2,1,0,0,1,25.0,,deux_roues,,1,2,3,1,6
202400031118,2024-03-05 18:30:00,2024,3,5,18,30,83,83068,Route de Collobrieres,43.272331,6.503048,Plein jour,Hors agglomération,Hors intersection,Normale,Deux véhicules - frontale,3,2,1,0,1,1,1,2,1,70,2,2,1,0,1,0,37.0,23.0,deux_roues,voiture,1,1,1,1,1
202400031119,2024-12-15 17:30:00,2024,12,15,17,30,75,75101,PLACE VENDOME,48.8669,2.32919,Nuit avec éclairage allumé,En agglomération,Intersection en X,Normale,Autre collision,4,1,1,0,1,1,1,0,1,30,1,3,2,0,0,1,28.0,,voiture,,5,2,2,1,6
202400031119,2024-12-15 17:30:00,2024,12,15,17,30,75,75101,PLACE VENDOME,48.8669,2.32919,Nuit avec éclairage allumé,En agglomération,Intersection en X,Normale,Autre collision,4,2,4,0,1,1,1,0,1,30,1,3,2,0,0,1,28.0,,voiture,,5,2,2,1,6
202400031120,2024-12-08 01:30:00,2024,12,8,1,30,75,75102,BOULEVARD DES CAPUCINES,48.870245,2.330145,Nuit avec éclairage allumé,En agglomération,Intersection en X,Normale,Autre collision,4,2,4,0,1,1,1,0,1,30,1,2,1,0,0,1,22.0,,deux_roues,,5,2,2,1,6
202400031120,2024-12-08 01:30:00,2024,12,8,1,30,75,75102,BOULEVARD DES CAPUCINES,48.870245,2.330145,Nuit avec éclairage allumé,En agglomération,Intersection en X,Normale,Autre collision,4,1,1,0,1,1,1,0,8,30,1,2,1,0,0,1,22.0,,deux_roues,,5,2,2,1,6
202400031121,2024-03-05 17:20:00,2024,3,5,17,20,83,83068,D14,43.269655,6.54146,Plein jour,Hors agglomération,Intersection en T,Normale,Deux véhicules - côté,3,2,2,0,1,1,1,0,1,70,2,4,3,0,1,0,19.0,28.0,deux_roues,voiture,1,1,3,1,3
202400031121,2024-03-05 17:20:00,2024,3,5,17,20,83,83068,D14,43.269655,6.54146,Plein jour,Hors agglomération,Intersection en T,Normale,Deux véhicules - côté,3,2,2,0,1,1,1,5,1,-1,2,4,3,0,1,0,19.0,28.0,deux_roues,voiture,1,1,3,1,3
202400031122,2024-12-14 21:30:00,2024,12,14,21,30,94,94074,Avenue Henri Barbusse,48.77103,2.44029,Nuit avec éclairage allumé,En agglomération,Hors intersection,Normale,Deux véhicules - arrière,2,3,4,0,1,1,1,0,1,50,2,3,2,0,0,1,26.0,23.0,voiture,deux_roues,5,2,1,1,2
202400031123,2024-03-05 10:30:00,2024,3,5,10,30,13,13015,D6,43.447763,5.444391,Plein jour,Hors agglomération,Hors intersection,Normale,Deux véhicules - côté,3,1,2,0,1,1,1,0,1,90,2,2,1,0,0,1,53.0,66.0,utilitaire_camion,voiture,1,1,1,1,3
202400031124,2024-03-05 18:50:00,2024,3,5,18,50,89,89099,12 Rue des Gauzys,47.927572,3.547862,Nuit avec éclairage allumé,En agglomération,Hors intersection,Normale,Deux véhicules - frontale,4,2,2,0,1,1,1,0,1,50,2,2,0,0,0,2,31.0,57.0,voiture,voiture,5,2,1,1,1
202400031125,2024-12-14 17:55:00,2024,12,14,17,55,94,94073,Rue du Bas Marin,48.75414,2.38641,Nuit avec éclairage allumé,En agglomération,Intersection en T,Pluie légère,Trois véhicules et plus - collisions multiples,3,1,1,-1,1,1,2,0,1,-1,3,4,2,0,0,2,45.0,26.0,voiture,voiture,5,2,3,2,5
202400031125,2024-12-14 17:55:00,2024,12,14,17,55,94,94073,Rue du Bas Marin,48.75414,2.38641,Nuit avec éclairage allumé,En agglomération,Intersection en T,Pluie légère,Trois véhicules et plus - collisions multiples,3,-1,4,0,1,1,2,0,1,50,3,4,2,0,0,2,45.0,26.0,voiture,voiture,5,2,3,2,5
202400031126,2024-12-15 12:13:00,2024,12,15,12,13,94,94055,Route de Provins,48.79487326,2.55123621,Plein jour,En agglomération,Autre intersection,Normale,Deux véhicules - frontale,3,-1,4,0,1,1,1,9,4,15,2,2,1,0,0,1,36.0,18.0,voiture,deux_roues,1,2,9,1,1
202400031127,2024-03-04 14:40:00,2024,3,4,14,40,69,69171,Route de Lyon,45.811097,4.600562,Plein jour,En agglomération,Intersection en Y,Normale,Trois véhicules et plus - en chaîne,3,2,2,0,2,1,1,0,5,50,3,3,2,0,0,1,61.0,27.0,utilitaire_camion,voiture,1,2,4,1,4
202400031127,2024-03-04 14:40:00,2024,3,4,14,40,69,69171,Route de Lyon,45.811097,4.600562,Plein jour,En agglomération,Intersection en Y,Normale,Trois véhicules et plus - en chaîne,3,1,1,0,1,1,1,0,5,-1,3,3,2,0,0,1,61.0,27.0,utilitaire_camion,voiture,1,2,4,1,4
202400031128,2024-03-04 07:15:00,2024,3,4,7,15,86,86123,Bas Etang,46.560004,0.091638,Plein jour,Hors agglomération,Hors intersection,Temps éblouissant,Autre collision,3,2,2,0,2,2,1,0,3,70,1,1,0,0,1,0,28.0,,voiture,,1,1,1,7,6
202400031129,2024-12-15 17:05:00,2024,12,15,17,5,93,93046,ROGER SALENGRO BOULEVARD,48.91465874,2.53326679,Nuit avec éclairage allumé,En agglomération,Hors intersection,Pluie légère,Deux véhicules - arrière,3,2,2,0,1,3,2,0,3,50,2,4,3,0,0,1,22.0,37.0,voiture,voiture,5,2,1,2,2
202400031130,2024-03-05 09:30:00,2024,3,5,9,30,64,64230,Pc,43.231673,-0.388062,Plein jour,En agglomération,Hors intersection,Pluie légère,Autre collision,6,-1, -1,3,1,1,2,0,4,50,1,2,1,0,1,0,36.0,,voiture,,1,2,1,2,6
202400031131,2024-12-15 10:10:00,2024,12,15,10,10,93,93027,MERMOZ (AVENUE JEAN),48.93245,2.40693,Plein jour,En agglomération,Hors intersection,Normale,Deux véhicules - arrière,3,2,4,0,1,1,1,0,1,50,2,2,1,0,0,1,,37.0,voiture,voiture,1,2,1,1,2
202400031132,2024-12-13 21:13:00,2024,12,13,21,13,92,92050,FRACHON BENOIT AVENUE,48.89672,2.19587,Nuit avec éclairage allumé,En agglomération,Hors intersection,Temps couvert,Autre collision,3,1,2,0,1,1,1,0,1,50,1,2,1,0,1,0,24.0,,voiture,,5,2,1,8,6
202400031133,2024-03-05 14:10:00,2024,3,5,14,10,22,22093,Rue des Ponts Neufs,48.531416,-2.576948,Plein jour,En agglomération,Giratoire,Normale,Deux véhicules - côté,3,2,2,0,1,1,1,5,5,50,2,2,1,0,1,0,33.0,19.0,voiture,deux_roues,1,2,6,1,3
202400031133,2024-03-05 14:10:00,2024,3,5,14,10,22,22093,Rue des Ponts Neufs,48.531416,-2.576948,Plein jour,En agglomération,Giratoire,Normale,Deux véhicules - côté,3,1,2,0,1,2,1,5,5,50,2,2,1,0,1,0,33.0,19.0,voiture,deux_roues,1,2,6,1,3
202400031134,2024-12-15 12:18:00,2024,12,15,12,18,92,92040,STALINGRAD (QUAI DE),48.82237256,2.2520417,Plein jour,En agglomération,Hors intersection,Normale,Deux véhicules - frontale,3,2,2,1,1,1,1,9,5,20,2,2,1,0,0,1,29.0,24.0,deux_roues,deux_roues,1,2,1,1,1
202400031135,2024-12-15 18:45:00,2024,12,15,18,45,92,92026,VERDUN (DE 62 A FIN),48.90040144,2.26073664,Nuit avec éclairage allumé,En agglomération,Intersection en T,Pluie légère,Deux véhicules - arrière,3,-1,1,0,1,1,2,0,1,50,2,2,1,0,0,1,18.0,,deux_roues,deux_roues,5,2,3,2,2
202400031135,2024-12-15 18:45:00,2024,12,15,18,45,92,92026,VERDUN (DE 62 A FIN),48.90040144,2.26073664,Nuit avec éclairage allumé,En agglomération,Intersection en T,Pluie légère,Deux véhicules - arrière,3,1,3,3,1,1,2,0,6,50,2,2,1,0,0,1,18.0,,deux_roues,deux_roues,5,2,3,2,2
202400031136,2024-03-04 07:20:00,2024,3,4,7,20,83,83027,A50,43.19450747,5.69220956,Plein jour,Hors agglomération,Hors intersection,Normale,Autre collision,1,1,6,0,1,1,1,0,1,130,1,2,0,0,0,2,50.0,,voiture,,1,1,1,1,6
202400031137,2024-12-09 07:45:00,2024,12,9,7,45,33,33243,,44.918822,-0.243416,Nuit avec éclairage allumé,En agglomération,Hors intersection,Normale,Autre collision,4,2,2,0,1,1,1,0,1,30,1,2,1,0,1,0,76.0,,voiture,,5,2,1,1,6
202400031138,2024-12-10 17:40:00,2024,12,10,17,40,33,33346,,44.556193,-0.062469,Nuit sans éclairage public,Hors agglomération,Intersection en Y,Normale,Deux véhicules - frontale,3,2,2,0,1,2,1,0,1,80,2,2,1,0,1,0,57.0,38.0,voiture,voiture,3,1,4,1,1
202400031138,2024-12-10 17:40:00,2024,12,10,17,40,33,33346,,44.556193,-0.062469,Nuit sans éclairage public,Hors agglomération,Intersection en Y,Normale,Deux véhicules - frontale,3,2,2,0,2,1,1,0,1,80,2,2,1,0,1,0,57.0,38.0,voiture,voiture,3,1,4,1,1
202400031139,2024-03-03 21:05:00,2024,3,3,21,5,78,78402,A13,48.96523,1.76431,Nuit sans éclairage public,Hors agglomération,Hors intersection,Normale,Deux véhicules - arrière,1,1,3,0,4,1,1,0,1,110,2,6,2,0,0,4,26.0,23.0,voiture,voiture,3,1,1,1,2
202400031140,2024-12-14 15:35:00,2024,12,14,15,35,41,41276,Rue de la Poste,47.622143,1.323096,Plein jour,En agglomération,Intersection en T,Temps couvert,Autre collision,4,2,2,0,2,1,2,0,8,50,1,1,0,0,1,0,50.0,,voiture,,1,2,3,8,6
202400031140,2024-12-14 15:35:00,2024,12,14,15,35,41,41276,Rue de la Poste,47.622143,1.323096,Plein jour,En agglomération,Intersection en T,Temps couvert,Autre collision,4,2, -1,-1,-1,1,-1,-1,1,-1,1,1,0,0,1,0,50.0,,voiture,,1,2,3,8,6
202400031141,2024-03-03 19:38:00,2024,3,3,19,38,78,78007,A13 Y,48.895822,2.006915,Nuit sans éclairage public,Hors agglomération,Hors intersection,Normale,Deux véhicules - arrière,1,1,2,0,2,1,1,0,1,110,2,4,2,0,0,2,33.0,40.0,voiture,voiture,3,1,1,1,2
202400031142,2024-12-13 14:20:00,2024,12,13,14,20,31,31299,D3,43.45927,1.206822,Plein jour,Hors agglomération,Hors intersection,Pluie légère,Autre collision,3,2,2,0,2,1,2,0,8,80,1,1,0,0,1,0,76.0,,voiture,,1,1,1,2,6
202400031143,2024-12-16 10:35:00,2024,12,16,10,35,05,05085,RN94 Col de Montgenèvre,44.924923,6.688646,Plein jour,Hors agglomération,Hors intersection,Normale,Deux véhicules - arrière,2,2,2,0,2,3,7,0,1,80,2,3,2,0,0,1,31.0,38.0,voiture,voiture,1,1,1,1,2
202400031144,2024-03-02 19:50:00,2024,3,2,19,50,78,78423,RN12,48.793273,2.052468,Nuit sans éclairage public,Hors agglomération,Hors intersection,Pluie légère,Trois véhicules et plus - en chaîne,2,1,2,0,1,1,2,0,1,110,3,9,8,0,0,1,20.0,42.0,voiture,voiture,3,1,1,2,4
202400031145,2024-12-13 18:54:00,2024,12,13,18,54,01,01250,Route Departementale 28,45.986727,4.795886,Nuit sans éclairage public,Hors agglomération,Hors intersection,Pluie forte,Deux véhicules - frontale,3,2,2,0,1,3,2,0,1,70,2,4,2,0,0,2,43.0,32.0,voiture,voiture,3,1,1,3,1
202400031146,2024-12-15 23:30:00,2024,12,15,23,30,83,83036,Avenue de Saint-raphaël,43.184167,6.543007,Nuit avec éclairage allumé,En agglomération,Hors intersection,Normale,Autre collision,3,2,2,1,1,1,1,0,3,50,1,1,0,0,1,0,48.0,,deux_roues,,5,2,1,1,6
202400031147,2024-12-14 19:30:00,2024,12,14,19,30,83,83091,Route de Puget-ville,43.23231,6.149597,Nuit avec éclairage allumé,En agglomération,Intersection en X,Normale,Deux véhicules - frontale,3,2,2,0,2,1,1,0,1,30,2,3,1,0,2,0,45.0,14.0,voiture,deux_roues,5,2,2,1,1
202400031147,2024-12-14 19:30:00,2024,12,14,19,30,83,83091,Route de Puget-ville,43.23231,6.149597,Nuit avec éclairage allumé,En agglomération,Intersection en X,Normale,Deux véhicules - frontale,3,2,2,0,1,1,1,0,1,50,2,3,1,0,2,0,45.0,14.0,voiture,deux_roues,5,2,2,1,1
202400031148,2024-03-04 06:20:00,2024,3,4,6,20,93,93005,A3,48.93141176,2.48117112,Nuit sans éclairage public,Hors agglomération,Hors intersection,Normale,Trois véhicules et plus - collisions multiples,1,3,3,0,1,1,1,0,1,90,4,4,3,0,0,1,41.0,33.0,voiture,utilitaire_camion,3,1,1,1,5
202400031149,2024-12-15 19:30:00,2024,12,15,19,30,57,57038,31 Rue du General Leclerc,49.471188,5.957192,Nuit avec éclairage allumé,En agglomération,Hors intersection,Pluie légère,Autre collision,3,2,2,0,1,1,2,0,1,30,1,2,1,0,1,0,30.0,,voiture,,5,2,1,2,6
202400031150,2024-03-03 22:45:00,2024,3,3,22,45,93,93008,A86,48.91407642,2.43245842,Nuit avec éclairage allumé,Hors agglomération,Hors intersection,Normale,Autre collision,1,3,3,0,1,1,1,1,2,90,2,4,0,0,0,4,22.0,21.0,voiture,voiture,5,1,1,1,6
202400031151,2024-12-08 11:30:00,2024,12,8,11,30,80,80710,D29,49.999471,1.734257,Plein jour,Hors agglomération,Hors intersection,Normale,Deux véhicules - côté,3,2,2,0,1,2,1,0,1,80,2,5,4,0,0,1,39.0,68.0,voiture,voiture,1,1,1,1,3
202400031152,2024-03-04 20:15:00,2024,3,4,20,15,77,77121,A104,48.83662222,2.66498382,Nuit sans éclairage public,Hors agglomération,Hors intersection,Normale,Deux véhicules - arrière,1,3,3,0,1,1,1,0,1,90,2,2,1,0,0,1,48.0,19.0,voiture,voiture,3,1,1,1,2