accident_id,datetime,annee,mois,jour,heure,minute,departement,commune_insee,adresse,latitude,longitude,luminosite,agglomeration,intersection,meteo,collision,catr,circ,nbv,vosp,prof,plan,surf,infra,situ,vma,nb_vehicules,nb_usagers,nb_indemnes,nb_tues,nb_blesses_hosp,nb_blesses_legers,age_cond_1,age_cond_2,veh_type_cond_1,veh_type_cond_2,lum_code,agg_code,int_code,atm_code,col_code
202400031153,2024-12-16 00:20:00,2024,12,16,0,20,65,65116,D929,42.890826,0.352651,Nuit sans éclairage public,Hors agglomération,Hors intersection,Normale,Sans collision,3,2,2,0,2,3,1,0,8,90,1,1,0,0,0,1,22.0,,voiture,,3,1,1,1,7
202400031154,2024-02-23 10:35:00,2024,2,23,10,35,47,47215,avenue de Pujols,44.39450198,0.69428032,Plein jour,En agglomération,Hors intersection,Normale,Sans collision,3,2,2,-1,2,3,1,0,5,50,1,1,0,1,0,0,86.0,,voiture,,1,2,1,1,7
202400031155,2024-12-14 11:20:00,2024,12,14,11,20,69,69169,Route de Saint-Just-d'Avray,45.991774,4.4032,Plein jour,Hors agglomération,Hors intersection,Pluie légère,Autre collision,3,2,2,0,2,3,2,0,1,80,1,1,0,0,0,1,21.0,,voiture,,1,1,1,2,6
202400031156,2024-12-15 15:00:00,2024,12,15,15,0,11,11262,,43.21212,3.012743,Plein jour,En agglomération,Hors intersection,Pluie forte,Deux véhicules - frontale,3,2,2,0,1,2,2,0,1,80,2,5,4,0,1,0,47.0,79.0,voiture,voiture,1,2,1,3,1
202400031157,2024-01-17 09:47:00,2024,1,17,9,47,44,44109,,47.2623748,-1.5834848,Plein jour,En agglomération,Autre intersection,Normale,Deux véhicules - côté,2,3,4,0,1,1,1,3,1,90,2,4,2,0,0,2,43.0,33.0,voiture,voiture,1,2,9,1,3
202400031158,2024-01-12 17:10:00,2024,1,12,17,10,44,44109,15 Rue de Toul,47.24394436,-1.52529993,Plein jour,En agglomération,Hors intersection,Temps couvert,Autre collision,4,2,2,2,1,1,1,0,1,50,1,2,1,0,0,1,34.0,,voiture,,1,2,1,8,6
202400031159,2024-01-12 08:30:00,2024,1,12,8,30,44,44162,1 Rue de la Gironde,47.21081842,-1.61357032,Plein jour,En agglomération,Hors intersection,Temps couvert,Autre collision,4,2,2,0,1,1,1,0,1,50,1,2,1,0,0,1,44.0,,voiture,,1,2,1,8,6
202400031160,2024-01-11 15:33:00,2024,1,11,15,33,44,44109,83 Rue du Coudray,47.228153,-1.544837,Plein jour,En agglomération,Hors intersection,Temps couvert,Deux véhicules - côté,4,2,2,0,1,1,1,0,1,50,2,2,1,0,0,1,27.0,12.0,voiture,deux_roues,1,2,1,8,3
202400031161,2024-01-03 13:50:00,2024,1,3,13,50,44,44172,,47.23705673,-1.48132527,Plein jour,Hors agglomération,Hors intersection,Temps couvert,Sans collision,2,3,4,0,1,3,1,0,1,90,1,1,0,0,0,1,25.0,,utilitaire_camion,,1,1,1,8,7
202400031162,2024-03-03 11:45:00,2024,3,3,11,45,974,97416,RN02,-21.3433,55.4965,Plein jour,Hors agglomération,Hors intersection,Pluie légère,Deux véhicules - arrière,2,2,2,0,1,1,2,0,1,90,2,2,1,0,0,1,55.0,53.0,voiture,voiture,1,1,1,2,2
202400031163,2024-03-02 12:15:00,2024,3,2,12,15,974,97409,Salazie (route de),-21.00146,55.5906,Plein jour,En agglomération,Hors intersection,Normale,Deux véhicules - arrière,3,-1,2,0,1,1,1,0,1,50,2,2,1,0,0,1,33.0,33.0,voiture,voiture,1,2,1,1,2
202400031164,2024-03-02 05:55:00,2024,3,2,5,55,973,97302,BADUEL (ROUTE DE),4.92876771,-52.29843289,Nuit sans éclairage public,En agglomération,Intersection en T,Normale,Deux véhicules - côté,3,1, -1,0,1,1,1,0,1,50,2,2,1,0,0,1,28.0,27.0,deux_roues,voiture,3,2,3,1,3
202400031164,2024-03-02 05:55:00,2024,3,2,5,55,973,97302,BADUEL (ROUTE DE),4.92876771,-52.29843289,Nuit sans éclairage public,En agglomération,Intersection en T,Normale,Deux véhicules - côté,3,2,2,0,1,1,1,0,1,50,2,2,1,0,0,1,28.0,27.0,deux_roues,voiture,3,2,3,1,3
202400031165,2024-03-03 18:45:00,2024,3,3,18,45,69,69387,Pont Galliéni,45.74821641,4.83238654,Nuit sans éclairage public,En agglomération,Hors intersection,Pluie légère,Autre collision,4,2,5,3,1,1,2,2,1,50,1,2,1,0,0,1,33.0,,voiture,,3,2,1,2,6
202400031166,2024-03-03 19:30:00,2024,3,3,19,30,971,97105,BOLOGNE (ROUTE DE),16.00563,-61.73325,Nuit sans éclairage public,En agglomération,Hors intersection,Normale,Deux véhicules - côté,3,2,2,0,1,1,1,0,1,50,2,7,3,0,0,4,28.0,49.0,voiture,voiture,3,2,1,1,3
202400031167,2024-03-03 07:15:00,2024,3,3,7,15,95,95277,D208,48.985708,2.431868,Plein jour,En agglomération,Hors intersection,Pluie légère,Deux véhicules - frontale,3,2,2,0,1,1,2,0,1,50,2,4,2,0,0,2,40.0,21.0,voiture,voiture,1,2,1,2,1
202400031168,2024-03-03 10:35:00,2024,3,3,10,35,91,91687,COUR DE FRANCE (AVENUE DE LA),48.677439,2.383378,Plein jour,En agglomération,Hors intersection,Normale,Trois véhicules et plus - collisions multiples,3,1,2,0,1,1,1,0,1,50,3,4,3,0,0,1,56.0,49.0,voiture,voiture,1,2,1,1,5
202400031169,2024-03-02 15:15:00,2024,3,2,15,15,83,83069,OLBIA  (VOIE),43.11346,6.12873,Plein jour,En agglomération,Hors intersection,Normale,Autre collision,3,1,0,0,1,1,1,0,1,50,1,2,1,0,1,0,30.0,,deux_roues,,1,2,1,1,6
202400031170,2024-03-03 08:00:00,2024,3,3,8,0,77,77517,D404 LAGNY A ANNET,48.90114,2.66399,Crépuscule ou aube,Hors agglomération,Hors intersection,Pluie légère,Deux véhicules - frontale,3,2,2,0,2,4,2,0,1,90,2,9,0,0,0,9,22.0,23.0,voiture,voiture,2,1,1,2,1
202400031171,2024-03-03 19:30:00,2024,3,3,19,30,64,64445,CASTETNAU,43.30027,-0.3652,Nuit avec éclairage allumé,En agglomération,Intersection en X,Pluie forte,Deux véhicules - côté,4,2,3,2,1,1,2,0,1,30,2,2,1,0,0,1,26.0,19.0,deux_roues,voiture,5,2,2,3,3
202400031171,2024-03-03 19:30:00,2024,3,3,19,30,64,64445,CASTETNAU,43.30027,-0.3652,Nuit avec éclairage allumé,En agglomération,Intersection en X,Pluie forte,Deux véhicules - côté,4,2, -1,-1,1,1,2,0,1,-1,2,2,1,0,0,1,26.0,19.0,deux_roues,voiture,5,2,2,3,3
202400031171,2024-03-03 19:30:00,2024,3,3,19,30,64,64445,CASTETNAU,43.30027,-0.3652,Nuit avec éclairage allumé,En agglomération,Intersection en X,Pluie forte,Deux véhicules - côté,4,2, -1,-1,1,1,2,0,1,30,2,2,1,0,0,1,26.0,19.0,deux_roues,voiture,5,2,2,3,3
202400031172,2024-03-03 06:50:00,2024,3,3,6,50,63,63113,CHANTERANNE / Chaussée Claudius,45.78476,3.09974,Nuit avec éclairage allumé,En agglomération,Intersection en X,Pluie légère,Deux véhicules - côté,4,1,2,0,1,1,2,0,1,30,2,5,4,0,1,0,48.0,,transport_commun,voiture,5,2,2,2,3
202400031172,2024-03-03 06:50:00,2024,3,3,6,50,63,63113,CHANTERANNE / Chaussée Claudius,45.78476,3.09974,Nuit avec éclairage allumé,En agglomération,Intersection en X,Pluie légère,Deux véhicules - côté,4,1,1,0,1,2,2,0,1,30,2,5,4,0,1,0,48.0,,transport_commun,voiture,5,2,2,2,3
202400031173,2024-03-03 02:25:00,2024,3,3,2,25,62,62215,Rue Edouard Plachez,50.49332732,2.95759624,Nuit avec éclairage allumé,En agglomération,Intersection en X,Pluie légère,Deux véhicules - côté,4,2,2,0,1,1,2,5,1,50,2,6,1,1,0,4,28.0,20.0,voiture,voiture,5,2,2,2,3
202400031173,2024-03-03 02:25:00,2024,3,3,2,25,62,62215,Rue Edouard Plachez,50.49332732,2.95759624,Nuit avec éclairage allumé,En agglomération,Intersection en X,Pluie légère,Deux véhicules - côté,4,2,2,0,1,1,2,5,1,50,2,6,1,1,0,4,28.0,20.0,voiture,voiture,5,2,2,2,3
202400031174,2024-03-02 17:25:00,2024,3,2,17,25,45,45234,D2020 PR 36 + 3630,47.9081,1.90394,Plein jour,En agglomération,Hors intersection,Pluie forte,Sans collision,7,1,2,0,1,1,2,0,1,50,1,3,2,0,0,1,60.0,,voiture,,1,2,1,3,7
202400031175,2024-03-03 12:42:00,2024,3,3,12,42,45,45004,D2107 PR 2 + 383,47.97267,2.73342,Plein jour,En agglomération,Hors intersection,Temps couvert,Autre collision,3,2,2,0,1,1,2,0,1,50,1,2,1,0,0,1,20.0,,voiture,,1,2,1,8,6
202400031176,2024-03-03 15:00:00,2024,3,3,15,0,42,42044,Avenue Charles de Gaulle,45.39593,4.32202,Plein jour,En agglomération,Intersection en X,Neige / grêle,Deux véhicules - côté,7,2,2,0,1,2,5,0,1,50,2,5,3,0,0,2,41.0,52.0,voiture,voiture,1,2,2,4,3
202400031176,2024-03-03 15:00:00,2024,3,3,15,0,42,42044,Avenue Charles de Gaulle,45.39593,4.32202,Plein jour,En agglomération,Intersection en X,Neige / grêle,Deux véhicules - côté,7,2,2,0,1,1,5,0,1,50,2,5,3,0,0,2,41.0,52.0,voiture,voiture,1,2,2,4,3
202400031177,2024-03-03 16:30:00,2024,3,3,16,30,35,35278,CERISAIE (ROND POINT DE LA),48.14039,-1.68671,Plein jour,Hors agglomération,Giratoire,Normale,Deux véhicules - arrière,4,1,1,1,1,2,1,0,1,50,2,2,1,0,0,1,32.0,,deux_roues,voiture,1,1,6,1,2
202400031178,2024-03-03 18:00:00,2024,3,3,18,0,31,31555,ESTEBE (AV FREDERIC) DU 1AU 122,43.62590554,1.4370887,Plein jour,En agglomération,Intersection en T,Normale,Deux véhicules - côté,7,2,3,2,1,1,1,0,1,30,2,2,1,0,0,1,27.0,25.0,voiture,deux_roues,1,2,3,1,3
202400031178,2024-03-03 18:00:00,2024,3,3,18,0,31,31555,ESTEBE (AV FREDERIC) DU 1AU 122,43.62590554,1.4370887,Plein jour,En agglomération,Intersection en T,Normale,Deux véhicules - côté,7,1, -1,-1,1,1,1,-1,5,30,2,2,1,0,0,1,27.0,25.0,voiture,deux_roues,1,2,3,1,3
202400031179,2024-03-03 21:40:00,2024,3,3,21,40,29,29039,Avenue du Cabellou,47.856364,-3.900102,Nuit avec éclairage allumé,En agglomération,Hors intersection,Normale,Sans collision,4,2,2,0,1,1,1,0,1,50,1,1,0,0,1,0,41.0,,deux_roues,,5,2,1,1,7
202400031180,2024-03-03 03:50:00,2024,3,3,3,50,28,28404,RN 154,48.70877619,1.36990851,Nuit sans éclairage public,Hors agglomération,Hors intersection,Normale,Sans collision,2,3,2,0,1,1,2,0,1,80,1,3,2,0,0,1,18.0,,voiture,,3,1,1,1,7
202400031181,2024-03-03 17:15:00,2024,3,3,17,15,14,14118,26 bis Rue Robert Jacquemard,49.1812,-0.3984,Plein jour,En agglomération,Intersection en T,Normale,Deux véhicules - côté,4,-1,2,0,1,1,1,0,1,50,2,3,1,0,0,2,17.0,28.0,deux_roues,voiture,1,2,3,1,3
202400031181,2024-03-03 17:15:00,2024,3,3,17,15,14,14118,26 bis Rue Robert Jacquemard,49.1812,-0.3984,Plein jour,En agglomération,Intersection en T,Normale,Deux véhicules - côté,4,-1,4,0,1,1,1,0,1,50,2,3,1,0,0,2,17.0,28.0,deux_roues,voiture,1,2,3,1,3
202400031182,2024-03-03 01:19:00,2024,3,3,1,19,13,13208,MENDES FRANCE (AVENUE),43.24949,5.37508,Nuit avec éclairage allumé,En agglomération,Hors intersection,Pluie légère,Autre collision,4,3,4,0,1,1,2,0,1,50,1,2,1,0,1,0,,,voiture,,5,2,1,2,6
202400031183,2024-03-03 20:10:00,2024,3,3,20,10,13,13005,VERDUN (AVENUE DE),43.28784,5.58172,Nuit avec éclairage allumé,En agglomération,Hors intersection,Pluie légère,Deux véhicules - côté,4,-1,2,0,1,1,2,9,1,50,2,2,1,0,0,1,,48.0,voiture,voiture,5,2,1,2,3
202400031184,2024-03-03 20:00:00,2024,3,3,20,0,75,75112,BD PERIPHERIQUE EXTERIEUR,48.828642,2.398889,Nuit avec éclairage non allumé,En agglomération,Hors intersection,Normale,Deux véhicules - côté,4,1,4,0,1,1,1,9,1,70,2,2,1,0,0,1,59.0,25.0,voiture,deux_roues,4,2,1,1,3
202400031185,2024-03-02 21:00:00,2024,3,2,21,0,75,75116,BD PERIPHERIQUE INTERIEUR,48.873578,2.275295,Nuit sans éclairage public,En agglomération,Hors intersection,Pluie légère,Deux véhicules - arrière,4,1,4,0,1,1,2,0,1,70,2,2,1,0,0,1,25.0,28.0,utilitaire_camion,voiture,3,2,1,2,2
202400031186,2024-03-02 16:50:00,2024,3,2,16,50,75,75115,BD PERIPHERIQUE INTERIEUR,48.835298,2.272199,Plein jour,En agglomération,Hors intersection,Pluie légère,Deux véhicules - côté,4,1,4,0,1,1,2,0,1,70,2,2,1,0,0,1,56.0,35.0,voiture,deux_roues,1,2,1,2,3
202400031187,2024-03-02 16:20:00,2024,3,2,16,20,75,75112,BD PERIPHERIQUE INTERIEUR,48.845831,2.414209,Crépuscule ou aube,En agglomération,Hors intersection,Pluie légère,Trois véhicules et plus - en chaîne,4,-1,4,0,1,1,2,0,1,70,4,6,4,0,0,2,43.0,23.0,voiture,voiture,2,2,1,2,4
202400031188,2024-03-01 16:50:00,2024,3,1,16,50,75,75116,BD PERIPHERIQUE INTERIEUR,48.857166,2.25862,Nuit avec éclairage allumé,En agglomération,Hors intersection,Normale,Deux véhicules - arrière,4,1,4,0,1,1,1,1,1,70,2,2,1,0,0,1,42.0,26.0,deux_roues,voiture,5,2,1,1,2
202400031189,2024-03-03 15:15:00,2024,3,3,15,15,75,75117,AVENUE DE SAINT OUEN,48.888008,2.325767,Plein jour,En agglomération,Intersection en T,Normale,Autre collision,4,2,2,1,2,1,1,0,1,30,1,2,1,0,0,1,39.0,,voiture,,1,2,3,1,6
202400031189,2024-03-03 15:15:00,2024,3,3,15,15,75,75117,AVENUE DE SAINT OUEN,48.888008,2.325767,Plein jour,En agglomération,Intersection en T,Normale,Autre collision,4,1, -1,0,2,1,1,0,1,30,1,2,1,0,0,1,39.0,,voiture,,1,2,3,1,6
202400031190,2024-03-03 06:20:00,2024,3,3,6,20,75,75116,ALLEE DE LONGCHAMP,48.874925,2.271105,Nuit avec éclairage allumé,En agglomération,Intersection en X,Pluie légère,Deux véhicules - côté,4,2,4,0,1,1,2,0,1,50,2,2,1,0,0,1,29.0,23.0,deux_roues,utilitaire_camion,5,2,2,2,3
202400031190,2024-03-03 06:20:00,2024,3,3,6,20,75,75116,ALLEE DE LONGCHAMP,48.874925,2.271105,Nuit avec éclairage allumé,En agglomération,Intersection en X,Pluie légère,Deux véhicules - côté,4,2,2,0,1,1,2,0,1,50,2,2,1,0,0,1,29.0,23.0,deux_roues,utilitaire_camion,5,2,2,2,3
202400031191,2024-03-03 14:45:00,2024,3,3,14,45,75,75115,BOULEVARD VICTOR,48.836522,2.276637,Plein jour,En agglomération,Hors intersection,Normale,Trois véhicules et plus - en chaîne,4,1,3,0,1,1,1,0,1,30,6,6,5,0,0,1,33.0,30.0,utilitaire_camion,deux_roues,1,2,1,1,4
202400031192,2024-03-03 11:20:00,2024,3,3,11,20,75,75114,RUE RAYMOND LOSSERAND,48.832946,2.316252,Plein jour,En agglomération,Intersection en X,Temps couvert,Deux véhicules - côté,4,1,1,2,1,1,1,0,1,30,2,2,1,0,0,1,26.0,,deux_roues,voiture,1,2,2,8,3
202400031192,2024-03-03 11:20:00,2024,3,3,11,20,75,75114,RUE RAYMOND LOSSERAND,48.832946,2.316252,Plein jour,En agglomération,Intersection en X,Temps couvert,Deux véhicules - côté,4,1,1,2,1,1,1,0,1,30,2,2,1,0,0,1,26.0,,deux_roues,voiture,1,2,2,8,3
202400031193,2024-03-02 05:42:00,2024,3,2,5,42,75,75113,BOULEVARD VINCENT AURIOL,48.833978,2.364721,Nuit avec éclairage allumé,En agglomération,Intersection en T,Normale,Sans collision,4,1,3,1,2,1,2,0,1,30,1,2,0,0,0,2,20.0,,deux_roues,,5,2,3,1,7
202400031193,2024-03-02 05:42:00,2024,3,2,5,42,75,75113,BOULEVARD VINCENT AURIOL,48.833978,2.364721,Nuit avec éclairage allumé,En agglomération,Intersection en T,Normale,Sans collision,4,1, -1,-1,1,1,2,0,1,30,1,2,0,0,0,2,20.0,,deux_roues,,5,2,3,1,7
202400031194,2024-03-03 09:50:00,2024,3,3,9,50,75,75108,BOULEVARD MALESHERBES,48.878994,2.314835,Plein jour,En agglomération,Intersection en T,Normale,Autre collision,4,2,4,1,1,1,2,0,5,30,1,2,0,0,0,2,44.0,,deux_roues,,1,2,3,1,6
202400031194,2024-03-03 09:50:00,2024,3,3,9,50,75,75108,BOULEVARD MALESHERBES,48.878994,2.314835,Plein jour,En agglomération,Intersection en T,Normale,Autre collision,4,1, -1,0,1,1,2,0,1,30,1,2,0,0,0,2,44.0,,deux_roues,,1,2,3,1,6
202400031195,2024-03-03 05:10:00,2024,3,3,5,10,94,94078,Rue de Paris / Rue de l'Orme Sainte Marie,48.73895,2.44675,Nuit avec éclairage allumé,En agglomération,Intersection en T,Pluie légère,Deux véhicules - arrière,2,3,4,0,1,1,2,0,1,50,2,2,1,0,0,1,30.0,27.0,voiture,voiture,5,2,3,2,2
202400031195,2024-03-03 05:10:00,2024,3,3,5,10,94,94078,Rue de Paris / Rue de l'Orme Sainte Marie,48.73895,2.44675,Nuit avec éclairage allumé,En agglomération,Intersection en T,Pluie légère,Deux véhicules - arrière,2,2,2,0,2,1,2,0,1,50,2,2,1,0,0,1,30.0,27.0,voiture,voiture,5,2,3,2,2
202400031196,2024-03-03 19:35:00,2024,3,3,19,35,94,94043,Avenue Jean Jaurès / Rue Gabriel Péri,48.81236,2.35261,Nuit avec éclairage allumé,En agglomération,Autre intersection,Normale,Autre collision,3,1,2,0,1,1,1,0,1,50,1,2,1,0,0,1,54.0,,voiture,,5,2,9,1,6
202400031196,2024-03-03 19:35:00,2024,3,3,19,35,94,94043,Avenue Jean Jaurès / Rue Gabriel Péri,48.81236,2.35261,Nuit avec éclairage allumé,En agglomération,Autre intersection,Normale,Autre collision,3,2,2,0,2,1,1,0,1,50,1,2,1,0,0,1,54.0,,voiture,,5,2,9,1,6
202400031197,2024-03-03 06:30:00,2024,3,3,6,30,94,94043,Avenue de Fontainebleau  / Avenue Eugène Thomas,48.80978,2.36229,Nuit avec éclairage allumé,En agglomération,Giratoire,Pluie légère,Deux véhicules - arrière,3,3,4,0,1,1,2,0,1,-1,2,2,1,0,0,1,30.0,23.0,voiture,deux_roues,5,2,6,2,2
202400031197,2024-03-03 06:30:00,2024,3,3,6,30,94,94043,Avenue de Fontainebleau  / Avenue Eugène Thomas,48.80978,2.36229,Nuit avec éclairage allumé,En agglomération,Giratoire,Pluie légère,Deux véhicules - arrière,3,2,3,3,1,1,2,0,1,50,2,2,1,0,0,1,30.0,23.0,voiture,deux_roues,5,2,6,2,2
202400031198,2024-03-03 03:45:00,2024,3,3,3,45,94,94041,76 Avenue Maurice Thorez,48.81447071,2.37879392,Nuit avec éclairage allumé,En agglomération,Hors intersection,Pluie légère,Autre collision,3,1,1,2,2,1,2,0,1,50,1,1,0,0,0,1,31.0,,voiture,,5,2,1,2,6
202400031199,2024-03-02 23:45:00,2024,3,2,23,45,93,93008,Avenue Paul Vaillant - Couturier / Rue Honore d'Estienne d'Orves,48.9072,2.45679,Nuit avec éclairage allumé,En agglomération,Intersection à plus de 4 branches,Pluie légère,Deux véhicules - côté,3,3,4,3,1,1,2,5,1,50,2,2,1,0,0,1,26.0,29.0,voiture,voiture,5,2,5,2,3
202400031199,2024-03-02 23:45:00,2024,3,2,23,45,93,93008,Avenue Paul Vaillant - Couturier / Rue Honore d'Estienne d'Orves,48.9072,2.45679,Nuit avec éclairage allumé,En agglomération,Intersection à plus de 4 branches,Pluie légère,Deux véhicules - côté,3,2,2,0,1,3,2,5,1,50,2,2,1,0,0,1,26.0,29.0,voiture,voiture,5,2,5,2,3
202400031200,2024-03-03 23:20:00,2024,3,3,23,20,60,60531,D36,49.421226,2.735837,Nuit sans éclairage public,Hors agglomération,Hors intersection,Normale,Deux véhicules - frontale,3,2,2,0,1,1,2,0,3,80,1,1,0,0,1,0,25.0,,voiture,,3,1,1,1,1
202400031201,2024-02-03 19:15:00,2024,2,3,19,15,974,97404,D17e,-21.261421,55.344379,Nuit sans éclairage public,Hors agglomération,Hors intersection,Normale,Autre collision,3,2,2,0,2,4,1,0,1,80,2,2,1,0,1,0,55.0,46.0,voiture,utilitaire_camion,3,1,1,1,6
202400031202,2024-03-03 22:30:00,2024,3,3,22,30,76,76404,D489,49.578191,0.240047,Nuit sans éclairage public,Hors agglomération,Giratoire,Normale,Autre collision,3,1,2,0,1,1,1,5,8,80,1,1,0,0,0,1,32.0,,voiture,,3,1,6,1,6
202400031203,2024-03-03 18:50:00,2024,3,3,18,50,974,97410,Route Nationale 2,-21.033172,55.705587,Nuit sans éclairage public,Hors agglomération,Hors intersection,Pluie légère,Trois véhicules et plus - en chaîne,2,2,2,0,1,1,2,0,1,70,3,4,2,0,0,2,29.0,37.0,voiture,voiture,3,1,1,2,4
202400031204,2024-03-02 06:45:00,2024,3,2,6,45,56,56047,Kerhue,48.060614,-2.763426,Nuit sans éclairage public,Hors agglomération,Hors intersection,Normale,Autre collision,3,2,2,0,2,1,2,0,3,80,1,5,2,0,3,0,20.0,,utilitaire_camion,,3,1,1,1,6
202400031205,2024-03-04 13:50:00,2024,3,4,13,50,79,79216,,46.251108,-0.32807,Plein jour,Hors agglomération,Hors intersection,Pluie légère,Deux véhicules - frontale,3,2,2,0,1,1,2,0,1,80,2,2,1,0,1,0,22.0,43.0,voiture,deux_roues,1,1,1,2,1
202400031206,2024-03-02 14:15:00,2024,3,2,14,15,82,82180,D25,43.937087,1.041124,Plein jour,Hors agglomération,Intersection en T,Normale,Deux véhicules - côté,3,1,2,0,1,1,1,5,1,80,2,6,4,0,0,2,47.0,72.0,voiture,voiture,1,1,3,1,3
202400031206,2024-03-02 14:15:00,2024,3,2,14,15,82,82180,D25,43.937087,1.041124,Plein jour,Hors agglomération,Intersection en T,Normale,Deux véhicules - côté,3,1,1,0,1,1,1,5,1,80,2,6,4,0,0,2,47.0,72.0,voiture,voiture,1,1,3,1,3
202400031207,2024-03-03 21:58:00,2024,3,3,21,58,82,82114,chemin des tilleuls,43.888638,1.238075,Nuit avec éclairage non allumé,Hors agglomération,Hors intersection,Normale,Autre collision,4,2,2,0,1,1,1,0,8,50,1,1,0,0,1,0,19.0,,voiture,,4,1,1,1,6
202400031208,2024-03-03 19:45:00,2024,3,3,19,45,32,32301,"Route Nationale 124, PK 71+580",43.710796,0.442393,Nuit sans éclairage public,Hors agglomération,Hors intersection,Normale,Deux véhicules - côté,3,2,2,0,2,2,2,0,1,80,2,4,0,1,3,0,31.0,29.0,voiture,voiture,3,1,1,1,3
202400031209,2024-03-04 11:20:00,2024,3,4,11,20,71,71543,971 Route de Plottes,46.557283,4.903066,Plein jour,En agglomération,Hors intersection,Normale,Deux véhicules - frontale,3,2,2,0,1,1,1,0,1,50,2,4,1,0,1,2,67.0,23.0,voiture,voiture,1,2,1,1,1
202400031210,2024-03-03 10:10:00,2024,3,3,10,10,63,63432,D210,45.99026645,3.27393307,Plein jour,Hors agglomération,Hors intersection,Pluie légère,Sans collision,3,2,2,0,1,1,2,0,3,90,1,1,0,0,1,0,23.0,,voiture,,1,1,1,2,7
202400031211,2024-03-03 06:00:00,2024,3,3,6,0,68,68320,D466,47.66193839,7.22301259,Nuit sans éclairage public,Hors agglomération,Hors intersection,Normale,Autre collision,3,2,2,0,1,1,1,2,3,80,1,1,0,0,0,1,21.0,,voiture,,3,1,1,1,6
202400031212,2024-03-04 11:45:00,2024,3,4,11,45,70,70421,RN19,47.689867,6.005638,Plein jour,Hors agglomération,Hors intersection,Normale,Deux véhicules - frontale,2,2,2,0,3,1,1,0,1,80,2,3,1,1,1,0,24.0,39.0,voiture,utilitaire_camion,1,1,1,1,1
202400031213,2024-03-04 01:10:00,2024,3,4,1,10,54,54491,D906,49.33805,5.913112,Nuit sans éclairage public,Hors agglomération,Hors intersection,Normale,Sans collision,3,2,2,0,1,1,2,0,8,80,1,4,0,0,1,3,22.0,,voiture,,3,1,1,1,7
202400031214,2024-02-17 11:50:00,2024,2,17,11,50,14,14654,Route de Saint-Julien le Faucon,49.050143,0.029011,Plein jour,Hors agglomération,Hors intersection,Normale,Deux véhicules - frontale,3,2,2,0,3,3,1,0,1,80,2,3,2,0,0,1,27.0,54.0,deux_roues,voiture,1,1,1,1,1
202400031215,2024-03-02 18:45:00,2024,3,2,18,45,14,14716,Route de l'Aurette,49.202149,-0.720895,Crépuscule ou aube,Hors agglomération,Hors intersection,Normale,Deux véhicules - côté,3,2,2,0,1,1,1,0,1,80,2,2,1,0,1,0,86.0,20.0,voiture,deux_roues,2,1,1,1,3
202400031216,2024-03-04 15:45:00,2024,3,4,15,45,60,60245,Rue de Grumesnil,49.64719621,1.72457922,Plein jour,En agglomération,Intersection en T,Normale,Deux véhicules - côté,3,2,2,0,1,1,1,0,1,50,2,3,1,0,1,1,15.0,71.0,deux_roues,voiture,1,2,3,1,3
202400031216,2024-03-04 15:45:00,2024,3,4,15,45,60,60245,Rue de Grumesnil,49.64719621,1.72457922,Plein jour,En agglomération,Intersection en T,Normale,Deux véhicules - côté,3,2, -1,-1,1,1,1,0,1,-1,2,3,1,0,1,1,15.0,71.0,deux_roues,voiture,1,2,3,1,3
202400031217,2024-03-02 14:20:00,2024,3,2,14,20,45,45062,D2020 PR 19 + 1,47.990697,1.881967,Plein jour,Hors agglomération,Hors intersection,Pluie forte,Deux véhicules - arrière,3,2,2,0,1,1,2,0,1,90,2,4,3,0,0,1,66.0,29.0,voiture,voiture,1,1,1,3,2
202400031218,2024-03-02 03:00:00,2024,3,2,3,0,43,43163,Labouriez,45.25597186,4.40062157,Nuit sans éclairage public,Hors agglomération,Hors intersection,Normale,Sans collision,3,2,2,0,1,2,1,0,8,90,1,1,0,0,1,0,29.0,,voiture,,3,1,1,1,7
202400031219,2024-03-03 14:20:00,2024,3,3,14,20,21,21416,D701,47.390585,5.317683,Plein jour,Hors agglomération,Giratoire,Normale,Sans collision,3,2,2,0,1,1,1,5,1,90,1,1,0,0,1,0,61.0,,voiture,,1,1,6,1,7
202400031220,2024-02-26 14:00:00,2024,2,26,14,0,87,87133,RN 145,46.20027,1.36651,Plein jour,Hors agglomération,Autre intersection,Pluie légère,Deux véhicules - côté,2,2,2,0,2,1,2,0,3,80,2,5,3,0,1,1,65.0,28.0,voiture,utilitaire_camion,1,1,9,2,3
202400031220,2024-02-26 14:00:00,2024,2,26,14,0,87,87133,RN 145,46.20027,1.36651,Plein jour,Hors agglomération,Autre intersection,Pluie légère,Deux véhicules - côté,2,-1, -1,-1,1,1,2,5,1,80,2,5,3,0,1,1,65.0,28.0,voiture,utilitaire_camion,1,1,9,2,3
202400031221,2024-03-04 14:15:00,2024,3,4,14,15,08,08121,RD 8043,49.85294037,4.46394448,Plein jour,Hors agglomération,Hors intersection,Normale,Deux véhicules - frontale,3,2,2,0,2,1,1,0,1,80,2,3,1,0,1,1,24.0,67.0,utilitaire_camion,voiture,1,1,1,1,1
202400031222,2024-04-09 16:45:00,2024,4,9,16,45,76,76351,MARCEAU (RUE),49.48547,0.13639,Plein jour,En agglomération,Giratoire,Normale,Deux véhicules - côté,4,2,1,2,1,1,1,0,1,50,2,2,1,0,0,1,43.0,63.0,deux_roues,deux_roues,1,2,6,1,3