accident_id,datetime,annee,mois,jour,heure,minute,departement,commune_insee,adresse,latitude,longitude,luminosite,agglomeration,intersection,meteo,collision,catr,circ,nbv,vosp,prof,plan,surf,infra,situ,vma,nb_vehicules,nb_usagers,nb_indemnes,nb_tues,nb_blesses_hosp,nb_blesses_legers,age_cond_1,age_cond_2,veh_type_cond_1,veh_type_cond_2,lum_code,agg_code,int_code,atm_code,col_code
202400031222,2024-04-09 16:45:00,2024,4,9,16,45,76,76351,MARCEAU (RUE),49.48547,0.13639,Plein jour,En agglomération,Giratoire,Normale,Deux véhicules - côté,4,3,4,1,1,1,1,0,1,30,2,2,1,0,0,1,43.0,63.0,deux_roues,deux_roues,1,2,6,1,3
202400031222,2024-04-09 16:45:00,2024,4,9,16,45,76,76351,MARCEAU (RUE),49.48547,0.13639,Plein jour,En agglomération,Giratoire,Normale,Deux véhicules - côté,4,2,4,1,1,1,1,0,1,50,2,2,1,0,0,1,43.0,63.0,deux_roues,deux_roues,1,2,6,1,3
202400031223,2024-03-03 19:23:00,2024,3,3,19,23,973,97309,Route de Montjoly,4.91486,-52.274607,Nuit avec éclairage allumé,En agglomération,Hors intersection,Normale,Deux véhicules - frontale,3,2,2,0,1,1,1,0,1,50,2,2,1,0,0,1,64.0,18.0,voiture,deux_roues,5,2,1,1,1
202400031224,2024-03-04 02:40:00,2024,3,4,2,40,64,64141,a65 pk 121.600,43.544574,-0.296234,Nuit sans éclairage public,Hors agglomération,Hors intersection,Pluie forte,Deux véhicules - arrière,1,3,2,0,1,1,2,0,1,130,2,2,0,0,0,2,30.0,35.0,utilitaire_camion,utilitaire_camion,3,1,1,3,2
202400031225,2024-04-10 12:05:00,2024,4,10,12,5,73,73011,D990 - TOURS (ROUTE DE),45.66800645,6.39553696,Plein jour,En agglomération,Hors intersection,Normale,Deux véhicules - arrière,3,2,2,2,1,1,1,0,1,50,2,2,1,0,0,1,45.0,39.0,voiture,voiture,1,2,1,1,2
202400031226,2024-02-21 08:50:00,2024,2,21,8,50,67,67506,PK 472.600 autoroute A4 sens Paris vers Strasbourg,48.665904,7.736768,Plein jour,Hors agglomération,Hors intersection,Normale,Deux véhicules - arrière,1,3,2,0,1,1,1,0,1,110,2,2,1,0,1,0,27.0,55.0,deux_roues,voiture,1,1,1,1,2
202400031227,2024-04-10 12:25:00,2024,4,10,12,25,71,71540,VILET (RUE DU),46.7808,4.43173,Plein jour,En agglomération,Hors intersection,Normale,Autre collision,4,2,2,0,1,1,1,0,1,50,1,2,1,0,0,1,35.0,,voiture,,1,2,1,1,6
202400031228,2024-04-10 19:30:00,2024,4,10,19,30,69,69259,8 Rue du Professeur Roux,45.72958799,4.856987,Plein jour,En agglomération,Hors intersection,Normale,Autre collision,4,2,2,0,1,1,1,0,1,30,1,2,1,0,0,1,32.0,,deux_roues,,1,2,1,1,6
202400031229,2024-03-03 12:47:00,2024,3,3,12,47,06,06150,a8 PK 208+500 chaussée NORD,43.745878,7.382405,Plein jour,Hors agglomération,Hors intersection,Pluie forte,Autre collision,1,3,6,0,4,1,2,0,1,90,5,7,1,1,3,2,76.0,45.0,voiture,utilitaire_camion,1,1,1,3,6
202400031230,2024-03-03 00:01:00,2024,3,3,0,1,987,98748,PK 2.300 TOAHOTU,-17.76498049,-149.31403398,Nuit avec éclairage allumé,Hors agglomération,Hors intersection,Normale,Deux véhicules - arrière,2,2,2,2,1,1,1,0,1,40,2,3,2,0,0,1,34.0,25.0,deux_roues,deux_roues,5,1,1,1,2
202400031231,2024-04-10 18:40:00,2024,4,10,18,40,69,69290,41 Rue des Garennes,45.70148887,4.93773937,Plein jour,En agglomération,Hors intersection,Normale,Autre collision,4,2,2,0,1,1,1,0,1,50,1,3,2,0,0,1,20.0,,voiture,,1,2,1,1,6
202400031232,2024-03-03 08:50:00,2024,3,3,8,50,987,98722,PK 17,-17.592,-149.391,Plein jour,Hors agglomération,Hors intersection,Normale,Deux véhicules - frontale,2,2,2,0,1,1,1,0,1,80,2,2,1,1,0,0,24.0,27.0,deux_roues,utilitaire_camion,1,1,1,1,1
202400031233,2024-04-10 12:20:00,2024,4,10,12,20,69,69290,72 Route d'Heyrieux,45.68678,4.9448,Plein jour,En agglomération,Autre intersection,Normale,Deux véhicules - côté,7,2,2,0,1,1,1,0,1,50,2,2,1,0,0,1,36.0,59.0,voiture,deux_roues,1,2,9,1,3
202400031234,2024-03-02 21:00:00,2024,3,2,21,0,987,98733,pk 26.200,-17.696,-149.548,Nuit avec éclairage allumé,Hors agglomération,Hors intersection,Normale,Deux véhicules - frontale,2,2,2,1,1,3,1,0,1,60,2,4,3,1,0,0,29.0,23.0,voiture,deux_roues,5,1,1,1,1
202400031235,2024-04-10 10:25:00,2024,4,10,10,25,66,66136,ESPAGNE (ROUTE D'),42.68164406,2.89413035,Plein jour,En agglomération,Hors intersection,Vent fort / tempête,Autre collision,4,2,2,0,2,1,1,6,1,50,1,2,1,0,0,1,43.0,,voiture,,1,2,1,6,6
202400031236,2024-04-09 16:40:00,2024,4,9,16,40,66,66136,R D 900,42.74375,2.89114,Plein jour,Hors agglomération,Hors intersection,Normale,Deux véhicules - côté,3,3,4,0,1,1,1,0,1,110,2,2,1,0,0,1,19.0,45.0,deux_roues,voiture,1,1,1,1,3
202400031237,2024-03-02 19:19:00,2024,3,2,19,19,77,77145,N36,48.591852,2.725913,Nuit sans éclairage public,Hors agglomération,Intersection en X,Pluie forte,Deux véhicules - côté,3,2,2,0,1,1,2,0,8,80,2,3,1,0,0,2,22.0,20.0,voiture,voiture,3,1,2,3,3
202400031237,2024-03-02 19:19:00,2024,3,2,19,19,77,77145,N36,48.591852,2.725913,Nuit sans éclairage public,Hors agglomération,Intersection en X,Pluie forte,Deux véhicules - côté,3,2,2,0,1,1,2,0,1,80,2,3,1,0,0,2,22.0,20.0,voiture,voiture,3,1,2,3,3
202400031238,2024-04-08 10:20:00,2024,4,8,10,20,65,65440,Avenue Alsace Lorraine,43.24103261,0.07364448,Plein jour,En agglomération,Giratoire,Normale,Deux véhicules - côté,3,2,2,0,1,2,1,1,1,50,2,2,1,0,1,0,56.0,61.0,deux_roues,voiture,1,2,6,1,3
202400031238,2024-04-08 10:20:00,2024,4,8,10,20,65,65440,Avenue Alsace Lorraine,43.24103261,0.07364448,Plein jour,En agglomération,Giratoire,Normale,Deux véhicules - côté,3,2,2,0,1,2,1,1,1,50,2,2,1,0,1,0,56.0,61.0,deux_roues,voiture,1,2,6,1,3
202400031239,2024-02-22 22:00:00,2024,2,22,22,0,73,73285,D1090,45.628069,6.834955,Nuit sans éclairage public,Hors agglomération,Hors intersection,Neige / grêle,Autre collision,3,2,2,0,2,2,5,0,8,80,1,1,0,1,0,0,44.0,,utilitaire_camion,,3,1,1,4,6
202400031240,2024-04-10 16:45:00,2024,4,10,16,45,63,63113,MABRUT (RUE ADRIEN),45.81315,3.12095,Plein jour,En agglomération,Passage à niveau,Normale,Autre collision,4,2,2,3,1,1,1,4,6,30,1,2,1,0,0,1,54.0,,transport_commun,,1,2,8,1,6
202400031241,2024-02-27 07:30:00,2024,2,27,7,30,26,26313,Rue de la Roche,44.964263,4.941085,Plein jour,En agglomération,Intersection en X,Normale,Deux véhicules - côté,4,2,2,0,1,1,1,0,1,50,2,3,2,0,1,0,26.0,16.0,utilitaire_camion,deux_roues,1,2,2,1,3
202400031241,2024-02-27 07:30:00,2024,2,27,7,30,26,26313,Rue de la Roche,44.964263,4.941085,Plein jour,En agglomération,Intersection en X,Normale,Deux véhicules - côté,4,2,2,0,1,1,1,0,1,50,2,3,2,0,1,0,26.0,16.0,utilitaire_camion,deux_roues,1,2,2,1,3
202400031242,2024-04-10 12:00:00,2024,4,10,12,0,62,62894,D242,50.77225394,1.63342232,Plein jour,Hors agglomération,Hors intersection,Normale,Deux véhicules - côté,3,2,2,0,1,1,1,0,1,50,2,2,1,0,1,0,50.0,65.0,voiture,deux_roues,1,1,1,1,3
202400031243,2024-03-03 19:05:00,2024,3,3,19,5,64,64430,816 Avenue Adrien Planté,43.481206,-0.751106,Nuit avec éclairage non allumé,En agglomération,Hors intersection,Pluie légère,Deux véhicules - côté,4,2,2,0,1,1,2,0,1,50,2,3,2,0,1,0,16.0,33.0,deux_roues,voiture,4,2,1,2,3
202400031244,2024-04-10 12:35:00,2024,4,10,12,35,59,59009,CHATELLENIE AVENUE DE LA,50.6344,3.135114,Plein jour,En agglomération,Hors intersection,Temps éblouissant,Deux véhicules - frontale,4,2,2,0,1,1,1,0,1,50,2,2,1,0,1,0,62.0,51.0,voiture,voiture,1,2,1,7,1
202400031245,2024-03-04 16:30:00,2024,3,4,16,30,60,60612,9 Rue de la République,49.201196,2.581385,Plein jour,En agglomération,Hors intersection,Normale,Autre collision,3,2,2,0,2,1,1,0,1,-1,1,2,1,0,1,0,63.0,,voiture,,1,2,1,1,6
202400031246,2024-04-10 18:50:00,2024,4,10,18,50,59,59043,GARE (PLACE DE LA),50.729355,2.735401,Plein jour,En agglomération,Hors intersection,Normale,Autre collision,4,-1,0,0,1,1,1,6,4,50,1,3,2,0,1,0,18.0,,deux_roues,,1,2,1,1,6
202400031247,2024-03-03 18:15:00,2024,3,3,18,15,13,13210,A50-Sens Aubagne vers Marseille,43.286186,5.429743,Nuit avec éclairage allumé,Hors agglomération,Hors intersection,Normale,Deux véhicules - arrière,1,3,3,0,1,1,2,0,1,90,2,2,1,0,0,1,30.0,37.0,voiture,voiture,5,1,1,1,2
202400031248,2024-04-10 16:20:00,2024,4,10,16,20,59,59043,LILLE (ROUTE DE),50.71759,2.80946,Plein jour,Hors agglomération,Hors intersection,Normale,Autre collision,3,2,2,2,1,1,1,0,1,80,2,3,0,0,2,1,68.0,24.0,voiture,deux_roues,1,1,1,1,6
202400031249,2024-03-01 11:35:00,2024,3,1,11,35,83,83123,A50,43.14472418,5.78567088,Plein jour,Hors agglomération,Hors intersection,Normale,Trois véhicules et plus - en chaîne,1,1,8,0,3,1,1,0,1,130,3,3,2,0,0,1,24.0,28.0,utilitaire_camion,voiture,1,1,1,1,4
202400031250,2024-03-02 05:30:00,2024,3,2,5,30,69,69149,Route de Métropole 7,45.7181,4.8192,Nuit sans éclairage public,Hors agglomération,Hors intersection,Normale,Deux véhicules - côté,7,3,6,0,1,1,1,0,1,70,2,4,0,0,0,4,33.0,53.0,voiture,utilitaire_camion,3,1,1,1,3
202400031251,2024-04-09 19:20:00,2024,4,9,19,20,58,58194,MARECHAL LYAUTEY,46.9932,3.1282,Plein jour,En agglomération,Intersection en T,Normale,Deux véhicules - côté,4,2,2,0,1,1,1,0,1,50,2,3,0,0,0,3,30.0,37.0,voiture,voiture,1,2,3,1,3
202400031251,2024-04-09 19:20:00,2024,4,9,19,20,58,58194,MARECHAL LYAUTEY,46.9932,3.1282,Plein jour,En agglomération,Intersection en T,Normale,Deux véhicules - côté,4,2,2,0,1,1,1,0,1,50,2,3,0,0,0,3,30.0,37.0,voiture,voiture,1,2,3,1,3
202400031252,2024-04-10 15:35:00,2024,4,10,15,35,57,57480,SAINT LADRE (RUE ),49.0944,6.1527,Plein jour,En agglomération,Hors intersection,Normale,Autre collision,4,2,0,0,1,1,1,0,1,50,1,2,1,0,0,1,22.0,,utilitaire_camion,,1,2,1,1,6
202400031253,2024-03-02 04:45:00,2024,3,2,4,45,42,42207,A47,45.47754,4.49859,Nuit sans éclairage public,Hors agglomération,Hors intersection,Normale,Trois véhicules et plus - collisions multiples,1,3,4,0,3,2,1,0,1,110,4,4,3,0,0,1,34.0,44.0,voiture,utilitaire_camion,3,1,1,1,5
202400031254,2024-03-03 07:00:00,2024,3,3,7,0,94,94037,A6A,48.81703415,2.33585935,Nuit avec éclairage non allumé,Hors agglomération,Hors intersection,Pluie légère,Deux véhicules - côté,1,1,3,0,1,2,2,1,1,50,2,2,0,0,0,2,53.0,35.0,deux_roues,voiture,4,1,1,2,3
202400031255,2024-04-09 17:20:00,2024,4,9,17,20,54,54482,Rue du Groupe Libérator,48.70377,6.20495,Plein jour,En agglomération,Intersection en T,Normale,Deux véhicules - arrière,4,2,2,0,1,1,1,0,1,50,2,2,1,0,0,1,45.0,23.0,voiture,deux_roues,1,2,3,1,2
202400031255,2024-04-09 17:20:00,2024,4,9,17,20,54,54482,Rue du Groupe Libérator,48.70377,6.20495,Plein jour,En agglomération,Intersection en T,Normale,Deux véhicules - arrière,4,2, -1,0,2,3,1,0,1,20,2,2,1,0,0,1,45.0,23.0,voiture,deux_roues,1,2,3,1,2
202400031256,2024-03-03 05:30:00,2024,3,3,5,30,91,91553,RN 104,48.62976,2.4839,Nuit sans éclairage public,Hors agglomération,Hors intersection,Pluie légère,Autre collision,2,3,3,0,2,1,2,0,1,90,1,1,0,0,0,1,45.0,,voiture,,3,1,1,2,6
202400031257,2024-04-09 13:15:00,2024,4,9,13,15,54,54482,Rue Wolfgang Amadeus Mozart,48.70418,6.19913,Plein jour,En agglomération,Hors intersection,Normale,Autre collision,4,2,2,0,1,1,1,0,1,50,1,5,2,0,0,3,67.0,,voiture,,1,2,1,1,6
202400031258,2024-03-02 19:20:00,2024,3,2,19,20,92,92036,A86,48.93529046,2.28393225,Nuit sans éclairage public,Hors agglomération,Hors intersection,Pluie forte,Deux véhicules - arrière,1,1,4,0,1,1,2,0,1,90,2,7,4,0,0,3,33.0,52.0,voiture,voiture,3,1,1,3,2
202400031259,2024-03-03 13:00:00,2024,3,3,13,0,95,95572,A15,49.03529993,2.09858891,Plein jour,Hors agglomération,Hors intersection,Normale,Deux véhicules - arrière,1,3,4,0,1,1,1,0,1,110,2,2,1,0,0,1,22.0,43.0,deux_roues,voiture,1,1,1,1,2
202400031260,2024-04-09 13:00:00,2024,4,9,13,0,54,54395,Route de Mirecourt,48.67391,6.19445,Plein jour,En agglomération,Intersection en T,Normale,Deux véhicules - arrière,4,2,2,0,1,1,1,0,1,50,2,3,2,0,0,1,34.0,78.0,voiture,voiture,1,2,3,1,2
202400031260,2024-04-09 13:00:00,2024,4,9,13,0,54,54395,Route de Mirecourt,48.67391,6.19445,Plein jour,En agglomération,Intersection en T,Normale,Deux véhicules - arrière,4,2, -1,0,2,1,1,0,1,50,2,3,2,0,0,1,34.0,78.0,voiture,voiture,1,2,3,1,2
202400031261,2024-04-09 12:42:00,2024,4,9,12,42,54,54547,parking magasin Leclerc,48.653799,6.1777534,Plein jour,En agglomération,Hors intersection,Normale,Deux véhicules - côté,6,-1, -1,0,1,1,1,0,1,20,2,2,1,0,0,1,78.0,81.0,voiture,deux_roues,1,2,1,1,3
202400031262,2024-02-21 15:20:00,2024,2,21,15,20,93,93048,A3,48.873008,2.4352839,Plein jour,Hors agglomération,Hors intersection,Pluie légère,Trois véhicules et plus - en chaîne,1,1,4,0,3,1,2,0,1,50,6,6,5,0,0,1,63.0,26.0,voiture,utilitaire_camion,1,1,1,2,4
202400031263,2024-04-09 12:00:00,2024,4,9,12,0,54,54274,Rue de la République,48.67268,6.20345,Plein jour,En agglomération,Intersection en T,Normale,Autre collision,4,1, -1,0,1,3,1,0,1,30,1,2,1,0,1,0,49.0,,voiture,,1,2,3,1,6
202400031263,2024-04-09 12:00:00,2024,4,9,12,0,54,54274,Rue de la République,48.67268,6.20345,Plein jour,En agglomération,Intersection en T,Normale,Autre collision,4,2, -1,0,1,1,1,0,1,30,1,2,1,0,1,0,49.0,,voiture,,1,2,3,1,6
202400031264,2024-02-02 20:30:00,2024,2,2,20,30,92,92036,AUTOROUTE A15,48.94355783,2.28738079,Nuit sans éclairage public,Hors agglomération,Hors intersection,Pluie légère,Deux véhicules - côté,1,3,4,0,1,1,2,2,1,90,2,2,1,0,0,1,53.0,34.0,voiture,voiture,3,1,1,2,3
202400031265,2024-04-10 10:25:00,2024,4,10,10,25,50,50218,Rue du Fourneau,48.8198992,-1.572906,Plein jour,En agglomération,Hors intersection,Normale,Deux véhicules - arrière,3,2,2,0,1,1,1,0,1,30,1,2,1,0,0,1,75.0,,voiture,,1,2,1,1,2
202400031266,2024-03-02 21:10:00,2024,3,2,21,10,93,93027,A86,48.92291,2.380704,Nuit sans éclairage public,Hors agglomération,Hors intersection,Pluie légère,Deux véhicules - côté,1,3,6,0,1,1,2,1,1,90,2,2,1,0,1,0,49.0,55.0,utilitaire_camion,voiture,3,1,1,2,3
202400031267,2024-04-10 06:55:00,2024,4,10,6,55,49,49007,BIRGE BOULEVARD,47.48215,-0.52217,Crépuscule ou aube,En agglomération,Intersection en X,Normale,Deux véhicules - côté,4,3,4,3,1,1,1,0,1,50,2,2,1,0,0,1,23.0,19.0,voiture,deux_roues,2,2,2,1,3
202400031267,2024-04-10 06:55:00,2024,4,10,6,55,49,49007,BIRGE BOULEVARD,47.48215,-0.52217,Crépuscule ou aube,En agglomération,Intersection en X,Normale,Deux véhicules - côté,4,3,5,3,1,1,1,0,1,50,2,2,1,0,0,1,23.0,19.0,voiture,deux_roues,2,2,2,1,3
202400031268,2024-03-02 20:00:00,2024,3,2,20,0,95,95604,A1,49.10663375,2.55125605,Nuit sans éclairage public,Hors agglomération,Hors intersection,Pluie légère,Deux véhicules - frontale,1,3,3,0,1,1,2,0,1,130,2,5,1,0,0,4,53.0,,voiture,voiture,3,1,1,2,1
202400031269,2024-04-09 17:30:00,2024,4,9,17,30,49,49007,MENDES FRANCE PLACE,47.474,-0.545,Plein jour,En agglomération,Hors intersection,Normale,Deux véhicules - côté,4,4,2,0,1,1,2,0,1,50,2,2,1,0,0,1,35.0,26.0,voiture,deux_roues,1,2,1,1,3
202400031270,2024-03-02 15:40:00,2024,3,2,15,40,93,93064,A86,48.87746432,2.47722387,Plein jour,Hors agglomération,Hors intersection,Pluie forte,Sans collision,1,3,6,0,1,1,2,0,1,90,1,1,0,0,0,1,30.0,,deux_roues,,1,1,1,3,7
202400031271,2024-04-09 22:00:00,2024,4,9,22,0,44,44184,Route du Point du Jour,47.29281,-2.27142,Nuit sans éclairage public,Hors agglomération,Hors intersection,Normale,Deux véhicules - arrière,3,2,2,0,1,1,1,0,1,80,2,2,1,0,1,0,73.0,18.0,voiture,deux_roues,3,1,1,1,2
202400031272,2024-03-03 20:10:00,2024,3,3,20,10,77,77438,RN104,48.86262798,2.66812122,Nuit sans éclairage public,Hors agglomération,Hors intersection,Normale,Autre collision,1,3,4,0,1,1,1,0,1,110,1,3,1,0,0,2,56.0,,voiture,,3,1,1,1,6
202400031273,2024-04-10 19:05:00,2024,4,10,19,5,42,42071,Avenue de la Libération,46.03142543,4.08263773,Plein jour,En agglomération,Hors intersection,Normale,Autre collision,4,2,2,0,1,1,1,2,1,50,1,2,1,0,1,0,25.0,,voiture,,1,2,1,1,6
202400031274,2024-03-03 17:40:00,2024,3,3,17,40,77,77053,RN104,48.67520109,2.61068573,Plein jour,Hors agglomération,Hors intersection,Normale,Deux véhicules - arrière,2,-1,3,0,2,1,1,0,1,90,2,2,1,0,0,1,55.0,23.0,voiture,deux_roues,1,1,1,1,2
202400031275,2024-04-09 18:05:00,2024,4,9,18,5,41,41018,BALZAC  (RUE HONORE DE),47.59539,1.330996,Plein jour,En agglomération,Intersection en T,Normale,Deux véhicules - côté,4,1,2,0,1,1,1,0,1,50,2,2,1,0,0,1,64.0,18.0,deux_roues,voiture,1,2,3,1,3
202400031275,2024-04-09 18:05:00,2024,4,9,18,5,41,41018,BALZAC  (RUE HONORE DE),47.59539,1.330996,Plein jour,En agglomération,Intersection en T,Normale,Deux véhicules - côté,4,1,1,3,1,1,1,0,1,50,2,2,1,0,0,1,64.0,18.0,deux_roues,voiture,1,2,3,1,3
202400031276,2024-03-03 12:07:00,2024,3,3,12,7,94,94028,A86,48.78901627,2.44014502,Plein jour,Hors agglomération,Hors intersection,Pluie légère,Trois véhicules et plus - collisions multiples,1,1,3,0,1,1,2,0,1,90,3,4,2,0,0,2,43.0,,voiture,voiture,1,1,1,2,5
202400031277,2024-04-09 07:45:00,2024,4,9,7,45,38,38185,PLACE DE LA RÉSISTANCE,45.20514,5.70078,Crépuscule ou aube,En agglomération,Place,Pluie forte,Autre collision,4,1,0,0,1,4,3,9,1,30,1,2,1,0,0,1,58.0,,voiture,,2,2,7,3,6
202400031278,2024-03-02 16:30:00,2024,3,2,16,30,94,94022,A86,48.7764277,2.41579932,Plein jour,Hors agglomération,Hors intersection,Pluie forte,Deux véhicules - arrière,1,3,3,0,1,1,2,0,1,90,2,3,2,0,0,1,46.0,41.0,voiture,utilitaire_camion,1,1,1,3,2
202400031279,2024-03-01 20:20:00,2024,3,1,20,20,77,77169,RN104,48.82157566,2.61534427,Nuit sans éclairage public,Hors agglomération,Hors intersection,Pluie forte,Deux véhicules - arrière,2,-1,4,0,1,3,2,3,1,70,2,2,1,0,0,1,21.0,62.0,voiture,voiture,3,1,1,3,2
202400031280,2024-04-10 20:38:00,2024,4,10,20,38,37,37261,CHALMEL (RUE),47.38545,0.6926,Crépuscule ou aube,En agglomération,Intersection en X,Normale,Deux véhicules - côté,4,1,1,2,1,1,1,0,5,50,2,2,1,0,0,1,,67.0,deux_roues,deux_roues,2,2,2,1,3
202400031280,2024-04-10 20:38:00,2024,4,10,20,38,37,37261,CHALMEL (RUE),47.38545,0.6926,Crépuscule ou aube,En agglomération,Intersection en X,Normale,Deux véhicules - côté,4,1,1,0,4,1,1,0,5,50,2,2,1,0,0,1,,67.0,deux_roues,deux_roues,2,2,2,1,3
202400031281,2024-03-02 19:25:00,2024,3,2,19,25,92,92025,VALMY 1 A 53   2 A 66 (BD DE),48.92632445,2.25309333,Nuit avec éclairage allumé,En agglomération,Hors intersection,Pluie forte,Deux véhicules - côté,3,2,2,1,2,1,2,0,5,30,2,2,1,0,0,1,58.0,67.0,deux_roues,utilitaire_camion,5,2,1,3,3
202400031282,2024-02-28 10:27:00,2024,2,28,10,27,87,87065,GROSSE PIERRE ( RUE DE LA  ),45.79253305,1.28214777,Plein jour,En agglomération,Intersection en X,Normale,Deux véhicules - côté,3,2,2,0,1,1,1,5,1,50,2,3,1,0,0,2,38.0,84.0,voiture,voiture,1,2,2,1,3
202400031282,2024-02-28 10:27:00,2024,2,28,10,27,87,87065,GROSSE PIERRE ( RUE DE LA  ),45.79253305,1.28214777,Plein jour,En agglomération,Intersection en X,Normale,Deux véhicules - côté,3,2,2,0,1,1,1,5,1,50,2,3,1,0,0,2,38.0,84.0,voiture,voiture,1,2,2,1,3
202400031283,2024-04-10 08:40:00,2024,4,10,8,40,37,37261,SAINT LAZARE ( AVENUE),47.37807,0.69524,Plein jour,En agglomération,Giratoire,Normale,Deux véhicules - côté,4,2,2,2,1,1,1,0,1,50,2,2,1,0,0,1,45.0,42.0,deux_roues,voiture,1,2,6,1,3
202400031283,2024-04-10 08:40:00,2024,4,10,8,40,37,37261,SAINT LAZARE ( AVENUE),47.37807,0.69524,Plein jour,En agglomération,Giratoire,Normale,Deux véhicules - côté,4,2,2,0,1,1,1,0,1,50,2,2,1,0,0,1,45.0,42.0,deux_roues,voiture,1,2,6,1,3
202400031284,2024-03-02 04:00:00,2024,3,2,4,0,974,97407,ROUTE NATIONALE N° 1,-20.95329,55.31574,Nuit sans éclairage public,Hors agglomération,Hors intersection,Normale,Sans collision,2,1,2,0,1,1,1,0,3,110,1,1,0,0,0,1,50.0,,voiture,,3,1,1,1,7
202400031285,2024-04-10 07:10:00,2024,4,10,7,10,37,37122,ROUTE DE SAVONNIERES,47.36745714,0.64133093,Crépuscule ou aube,Hors agglomération,Hors intersection,Temps éblouissant,Autre collision,3,2,2,0,1,1,1,0,1,70,1,1,0,0,0,1,48.0,,deux_roues,,2,1,1,7,6
202400031286,2024-03-02 06:25:00,2024,3,2,6,25,973,97302,MARINGOUINS (ROND-POINT),4.9078,-52.32232,Plein jour,Hors agglomération,Giratoire,Normale,Deux véhicules - côté,2,3,2,2,1,2,1,0,1,50,2,2,1,0,0,1,37.0,38.0,deux_roues,voiture,1,1,6,1,3
202400031287,2024-03-02 03:45:00,2024,3,2,3,45,69,69382,Route de Métropole 6,45.74989,4.82517,Nuit avec éclairage allumé,Hors agglomération,Hors intersection,Normale,Autre collision,7,1,2,0,2,3,1,9,1,50,1,1,0,0,1,0,41.0,,voiture,,5,1,1,1,6
202400031288,2024-04-09 17:38:00,2024,4,9,17,38,37,37261,SUEDE (RUE DE),47.43265,0.68589,Plein jour,En agglomération,Intersection en X,Normale,Deux véhicules - côté,4,2,1,1,4,1,1,0,1,50,2,4,1,0,0,3,20.0,68.0,voiture,transport_commun,1,2,2,1,3
202400031288,2024-04-09 17:38:00,2024,4,9,17,38,37,37261,SUEDE (RUE DE),47.43265,0.68589,Plein jour,En agglomération,Intersection en X,Normale,Deux véhicules - côté,4,2,1,1,1,1,1,0,1,50,2,4,1,0,0,3,20.0,68.0,voiture,transport_commun,1,2,2,1,3
202400031289,2024-02-16 15:45:00,2024,2,16,15,45,971,97101,RN1 ROCADE DE CHAUVEL,16.23579,-61.52365,Plein jour,Hors agglomération,Hors intersection,Normale,Trois véhicules et plus - collisions multiples,2,1,3,0,3,1,1,0,1,90,3,5,4,0,0,1,52.0,35.0,voiture,voiture,1,1,1,1,5
202400031290,2024-04-10 11:20:00,2024,4,10,11,20,35,35238,TOUR D'AUVERGNE (BD DE LA),48.1048106,-1.68419927,Plein jour,En agglomération,Hors intersection,Normale,Autre collision,4,3,3,3,1,1,1,0,4,30,1,2,1,0,0,1,65.0,,utilitaire_camion,,1,2,1,1,6
202400031291,2024-03-02 11:40:00,2024,3,2,11,40,91,91549,CORBEIL (ROUTE DE),48.62926,2.34146,Plein jour,En agglomération,Hors intersection,Pluie forte,Deux véhicules - arrière,3,2,2,0,1,1,2,0,1,50,2,3,0,0,0,3,50.0,47.0,voiture,voiture,1,2,1,3,2
202400031292,2024-02-26 17:25:00,2024,2,26,17,25,84,84031,SAINT LABRE CHEMIN DE,44.05399,5.05256,Plein jour,En agglomération,Hors intersection,Normale,Deux véhicules - côté,4,-1,1,0,2,1,1,0,1,50,2,2,1,0,0,1,35.0,46.0,utilitaire_camion,deux_roues,1,2,1,1,3
202400031293,2024-04-10 23:20:00,2024,4,10,23,20,33,33200,,44.862369,-0.698857,Nuit sans éclairage public,En agglomération,Hors intersection,Normale,Autre collision,4,2,2,0,1,1,1,0,1,50,1,1,0,0,1,0,23.0,,deux_roues,,3,2,1,1,6
202400031294,2024-03-02 17:20:00,2024,3,2,17,20,30,30011,ARAMON RUE D',43.9475,4.78618,Plein jour,Hors agglomération,Intersection en T,Normale,Deux véhicules - côté,3,2,0,0,1,1,1,5,1,70,2,3,1,0,0,2,29.0,44.0,voiture,voiture,1,1,3,1,3
202400031294,2024-03-02 17:20:00,2024,3,2,17,20,30,30011,ARAMON RUE D',43.9475,4.78618,Plein jour,Hors agglomération,Intersection en T,Normale,Deux véhicules - côté,3,2,0,0,1,1,1,5,1,70,2,3,1,0,0,2,29.0,44.0,voiture,voiture,1,1,3,1,3
202400031295,2024-04-10 01:00:00,2024,4,10,1,0,31,31555,RUE LOUIS PLANA,43.61272,1.4772,Nuit avec éclairage allumé,En agglomération,Autre intersection,Normale,Autre collision,4,-1,2,0,1,1,2,0,1,30,1,2,1,0,0,1,43.0,,voiture,,5,2,9,1,6
202400031296,2024-03-01 17:10:00,2024,3,1,17,10,83,83098,BROSSET (AVENUE DU GENERAL),43.1090146,6.00317627,Plein jour,Hors agglomération,Hors intersection,Normale,Autre collision,3,2,2,0,1,1,1,0,1,50,1,1,0,0,1,0,51.0,,deux_roues,,1,1,1,1,6
202400031297,2024-03-02 14:25:00,2024,3,2,14,25,78,78551,ROOSEVELT (DU PRESIDENT),48.89928,2.07394,Plein jour,En agglomération,Intersection à plus de 4 branches,Pluie légère,Deux véhicules - côté,2,3,6,0,1,1,2,5,1,45,2,2,1,0,0,1,69.0,39.0,deux_roues,voiture,1,2,5,2,3