accident_id,datetime,annee,mois,jour,heure,minute,departement,commune_insee,adresse,latitude,longitude,luminosite,agglomeration,intersection,meteo,collision,catr,circ,nbv,vosp,prof,plan,surf,infra,situ,vma,nb_vehicules,nb_usagers,nb_indemnes,nb_tues,nb_blesses_hosp,nb_blesses_legers,age_cond_1,age_cond_2,veh_type_cond_1,veh_type_cond_2,lum_code,agg_code,int_code,atm_code,col_code
202400031297,2024-03-02 14:25:00,2024,3,2,14,25,78,78551,ROOSEVELT (DU PRESIDENT),48.89928,2.07394,Plein jour,En agglomération,Intersection à plus de 4 branches,Pluie légère,Deux véhicules - côté,2,3,6,0,3,1,2,5,1,45,2,2,1,0,0,1,69.0,39.0,deux_roues,voiture,1,2,5,2,3
202400031298,2024-04-09 16:25:00,2024,4,9,16,25,31,31555,RUE DE SEBASTOPOL,43.60914,1.43063,Plein jour,En agglomération,Intersection en T,Pluie légère,Deux véhicules - côté,4,1,3,0,1,1,2,0,1,30,2,3,2,0,1,0,29.0,19.0,utilitaire_camion,deux_roues,1,2,3,2,3
202400031298,2024-04-09 16:25:00,2024,4,9,16,25,31,31555,RUE DE SEBASTOPOL,43.60914,1.43063,Plein jour,En agglomération,Intersection en T,Pluie légère,Deux véhicules - côté,4,3,3,3,1,1,2,0,6,30,2,3,2,0,1,0,29.0,19.0,utilitaire_camion,deux_roues,1,2,3,2,3
202400031299,2024-03-02 22:20:00,2024,3,2,22,20,74,74012,BONNEVILLE (ROUTE DE),46.18591,6.23662,Nuit avec éclairage allumé,En agglomération,Hors intersection,Normale,Deux véhicules - côté,4,2,1,0,1,1,1,0,1,50,2,2,1,0,0,1,22.0,36.0,voiture,deux_roues,5,2,1,1,3
202400031300,2024-04-10 10:00:00,2024,4,10,10,0,29,29232,Route de Douarnenez,47.99853441,-4.12689746,Plein jour,En agglomération,Hors intersection,Pluie légère,Autre collision,3,2,2,0,2,4,2,0,8,50,1,1,0,0,0,1,52.0,,voiture,,1,2,1,2,6
202400031301,2024-03-02 17:25:00,2024,3,2,17,25,71,71076,CASSIN (RUE RENE),46.77434069,4.86541461,Plein jour,En agglomération,Hors intersection,Normale,Deux véhicules - arrière,4,2,2,0,1,2,1,0,1,50,2,3,2,0,0,1,44.0,34.0,utilitaire_camion,voiture,1,2,1,1,2
202400031302,2024-04-09 18:45:00,2024,4,9,18,45,29,29019,avenue de l'Ecole Navale,48.379974,-4.527139,Plein jour,En agglomération,Hors intersection,Normale,Autre collision,4,2,2,0,1,1,1,0,1,50,1,2,1,0,0,1,21.0,,voiture,,1,2,1,1,6
202400031303,2024-01-20 12:15:00,2024,1,20,12,15,35,35238,LEBON (PHILIPPE),48.10516,-1.70048,Plein jour,En agglomération,Intersection en T,Normale,Autre collision,4,2,2,2,1,1,1,0,1,30,1,2,1,0,0,1,27.0,,voiture,,1,2,3,1,6
202400031303,2024-01-20 12:15:00,2024,1,20,12,15,35,35238,LEBON (PHILIPPE),48.10516,-1.70048,Plein jour,En agglomération,Intersection en T,Normale,Autre collision,4,2,2,0,1,1,1,0,1,30,1,2,1,0,0,1,27.0,,voiture,,1,2,3,1,6
202400031304,2024-03-01 23:22:00,2024,3,1,23,22,65,65440,ALSACE LORRAINE (AVENUE),43.25351061,0.07248711,Nuit sans éclairage public,En agglomération,Autre intersection,Temps couvert,Deux véhicules - côté,3,-1,2,0,1,1,1,0,1,50,2,3,2,0,0,1,25.0,28.0,voiture,deux_roues,3,2,9,8,3
202400031304,2024-03-01 23:22:00,2024,3,1,23,22,65,65440,ALSACE LORRAINE (AVENUE),43.25351061,0.07248711,Nuit sans éclairage public,En agglomération,Autre intersection,Temps couvert,Deux véhicules - côté,3,2,2,-1,1,1,1,0,1,50,2,3,2,0,0,1,25.0,28.0,voiture,deux_roues,3,2,9,8,3
202400031305,2024-04-09 08:55:00,2024,4,9,8,55,29,29019,rue de Gouesnou,48.415282,-4.468221,Plein jour,En agglomération,Hors intersection,Normale,Deux véhicules - côté,4,2,4,2,1,1,1,0,5,50,2,2,1,0,0,1,41.0,25.0,voiture,deux_roues,1,2,1,1,3
202400031306,2024-01-20 13:20:00,2024,1,20,13,20,34,34172,LODEVE (AVENUE DE,43.61401,3.83806,Plein jour,En agglomération,Hors intersection,Normale,Deux véhicules - côté,4,2,2,0,1,1,1,0,5,50,2,2,1,0,0,1,19.0,37.0,deux_roues,voiture,1,2,1,1,3
202400031307,2024-03-02 16:00:00,2024,3,2,16,0,64,64445,ETIGNY D',43.2968,-0.387,Plein jour,En agglomération,Hors intersection,Pluie légère,Autre collision,4,1,1,0,1,1,2,0,3,50,1,3,0,0,0,3,66.0,,voiture,,1,2,1,2,6
202400031308,2024-01-19 16:20:00,2024,1,19,16,20,34,34172,FAVRE DE SAINT CASTOR (RUE),43.62195,3.82329,Plein jour,En agglomération,Hors intersection,Normale,Deux véhicules - arrière,4,3,2,0,2,3,1,0,1,50,2,2,1,0,0,1,30.0,58.0,voiture,voiture,1,2,1,1,2
202400031309,2024-04-09 15:35:00,2024,4,9,15,35,28,28134,RN12,48.744192,1.342873,Plein jour,Hors agglomération,Hors intersection,Normale,Trois véhicules et plus - collisions multiples,2,2,2,0,1,3,1,0,3,90,3,4,2,0,1,1,70.0,56.0,voiture,voiture,1,1,1,1,5
202400031310,2024-01-20 12:00:00,2024,1,20,12,0,31,31483,Av du Pdt Francois Mitterrand,43.11267592,0.75328701,Plein jour,En agglomération,Hors intersection,Normale,Deux véhicules - arrière,3,-1,3,0,1,1,1,0,1,50,2,2,1,0,0,1,37.0,24.0,voiture,voiture,1,2,1,1,2
202400031311,2024-04-10 21:45:00,2024,4,10,21,45,28,28220,LIBERTE (RUE DE LA),48.42686,1.47218,Nuit avec éclairage allumé,En agglomération,Intersection en X,Normale,Deux véhicules - côté,4,2,0,0,1,2,1,0,1,50,2,2,1,0,0,1,17.0,24.0,deux_roues,voiture,5,2,2,1,3
202400031311,2024-04-10 21:45:00,2024,4,10,21,45,28,28220,LIBERTE (RUE DE LA),48.42686,1.47218,Nuit avec éclairage allumé,En agglomération,Intersection en X,Normale,Deux véhicules - côté,4,2,2,1,1,2,1,5,1,50,2,2,1,0,0,1,17.0,24.0,deux_roues,voiture,5,2,2,1,3
202400031312,2024-03-02 15:00:00,2024,3,2,15,0,63,63113,CLOS NOTRE DAME (RUE DU),45.7831,3.07561,Plein jour,En agglomération,Hors intersection,Normale,Deux véhicules - côté,7,1,2,0,1,1,1,0,1,30,2,2,1,0,0,1,52.0,21.0,voiture,voiture,1,2,1,1,3
202400031313,2024-03-02 01:07:00,2024,3,2,1,7,63,63014,COURNON (AVENUE DE),45.75515524,3.14543724,Nuit sans éclairage public,En agglomération,Giratoire,Normale,Sans collision,7,-1,2,0,1,1,1,5,8,50,1,1,0,0,0,1,41.0,,deux_roues,,3,2,6,1,7
202400031313,2024-03-02 01:07:00,2024,3,2,1,7,63,63014,COURNON (AVENUE DE),45.75515524,3.14543724,Nuit sans éclairage public,En agglomération,Giratoire,Normale,Sans collision,7,2,2,0,1,2,1,5,3,50,1,1,0,0,0,1,41.0,,deux_roues,,3,2,6,1,7
202400031314,2024-01-20 15:45:00,2024,1,20,15,45,28,28220,LIBERTE (RUE DE LA),48.42753,1.46819,Plein jour,En agglomération,Hors intersection,Normale,Deux véhicules - côté,4,1,1,0,1,1,1,5,1,50,2,4,3,0,1,0,51.0,45.0,voiture,deux_roues,1,2,1,1,3
202400031315,2024-03-01 07:00:00,2024,3,1,7,0,62,62753,D 950,50.30763763,2.80556935,Crépuscule ou aube,Hors agglomération,Hors intersection,Normale,Sans collision,3,3,4,0,1,1,1,0,3,90,1,1,0,0,0,1,32.0,,voiture,,2,1,1,1,7
202400031316,2024-04-10 08:50:00,2024,4,10,8,50,27,27229,CITES UNIES (BOULEVARD DES),49.0158,1.1441,Plein jour,En agglomération,Hors intersection,Normale,Deux véhicules - côté,4,1,1,0,2,3,1,0,1,50,2,3,2,0,0,1,22.0,24.0,voiture,voiture,1,2,1,1,3
202400031317,2024-03-01 17:15:00,2024,3,1,17,15,61,61001,Voie Communale,48.41525,0.09423,Plein jour,En agglomération,Hors intersection,Normale,Autre collision,4,2,2,0,1,1,1,0,1,30,1,2,1,0,0,1,,,voiture,,1,2,1,1,6
202400031318,2024-04-10 09:40:00,2024,4,10,9,40,26,26362,Rue de Biberach,44.93076,4.92296,Plein jour,En agglomération,Hors intersection,Normale,Autre collision,4,-1,0,0,1,1,1,6,4,30,1,2,1,0,1,0,21.0,,voiture,,1,2,1,1,6
202400031319,2024-03-02 15:20:00,2024,3,2,15,20,59,59650,LIBERTE (BOULEVARD DE LA),50.70985,3.1936,Plein jour,En agglomération,Autre intersection,Pluie forte,Autre collision,7,3,1,1,1,1,2,5,1,50,1,1,0,0,1,0,37.0,,voiture,,1,2,9,3,6
202400031320,2024-01-20 20:35:00,2024,1,20,20,35,14,14118,4 Rue Montoir-Poissonnerie,49.18476,-0.36019,Nuit avec éclairage allumé,En agglomération,Intersection en X,Normale,Deux véhicules - côté,4,3,2,0,2,1,1,0,1,50,2,2,1,0,0,1,19.0,25.0,voiture,deux_roues,5,2,2,1,3
202400031320,2024-01-20 20:35:00,2024,1,20,20,35,14,14118,4 Rue Montoir-Poissonnerie,49.18476,-0.36019,Nuit avec éclairage allumé,En agglomération,Intersection en X,Normale,Deux véhicules - côté,4,3,1,0,2,1,1,0,1,50,2,2,1,0,0,1,19.0,25.0,voiture,deux_roues,5,2,2,1,3
202400031321,2024-02-12 07:35:00,2024,2,12,7,35,59,59368,DE GAULLE RUE DU GENERAL,50.65042,3.07185,Plein jour,En agglomération,Hors intersection,Normale,Deux véhicules - côté,7,3,3,2,1,1,1,0,5,50,2,2,1,0,0,1,47.0,25.0,deux_roues,voiture,1,2,1,1,3
202400031322,2024-04-10 08:34:00,2024,4,10,8,34,25,25462,GRENIER DOCTEUR,46.90464,6.35224,Plein jour,En agglomération,Intersection en X,Normale,Autre collision,4,2,3,0,1,1,1,5,1,50,1,4,3,0,0,1,60.0,,voiture,,1,2,2,1,6
202400031322,2024-04-10 08:34:00,2024,4,10,8,34,25,25462,GRENIER DOCTEUR,46.90464,6.35224,Plein jour,En agglomération,Intersection en X,Normale,Autre collision,4,2,3,0,1,1,1,5,1,50,1,4,3,0,0,1,60.0,,voiture,,1,2,2,1,6
202400031323,2024-03-01 23:55:00,2024,3,1,23,55,59,59043,HAZEBROUCK (ROUTE D'),50.73862077,2.72628621,Nuit avec éclairage allumé,En agglomération,Hors intersection,Pluie légère,Autre collision,3,-1,2,0,1,1,2,0,3,50,1,1,0,0,1,0,25.0,,voiture,,5,2,1,2,6
202400031324,2024-01-19 16:00:00,2024,1,19,16,0,14,14118,Avenue du Général Dempsey,49.199006,-0.390632,Plein jour,En agglomération,Intersection en T,Autre,Deux véhicules - côté,4,2,2,0,1,1,7,0,1,50,2,2,1,0,0,1,64.0,17.0,voiture,deux_roues,1,2,3,9,3
202400031324,2024-01-19 16:00:00,2024,1,19,16,0,14,14118,Avenue du Général Dempsey,49.199006,-0.390632,Plein jour,En agglomération,Intersection en T,Autre,Deux véhicules - côté,4,2,2,0,1,1,7,0,1,50,2,2,1,0,0,1,64.0,17.0,voiture,deux_roues,1,2,3,9,3
202400031325,2024-01-20 05:10:00,2024,1,20,5,10,13,13209,MAZARGUES (AVENUE DE),43.250611,5.403256,Nuit avec éclairage allumé,En agglomération,Hors intersection,Normale,Autre collision,4,2,2,0,1,1,1,0,4,50,1,1,0,0,0,1,22.0,,voiture,,5,2,1,1,6
202400031326,2024-01-20 09:40:00,2024,1,20,9,40,11,11069,,43.211335,2.330081,Plein jour,En agglomération,Hors intersection,Normale,Autre collision,4,-1,2,0,1,3,1,0,3,30,1,1,0,0,0,1,25.0,,voiture,,1,2,1,1,6
202400031327,2024-01-20 01:20:00,2024,1,20,1,20,75,75116,BD PERIPHERIQUE INTERIEUR,48.835539,2.25867,Nuit avec éclairage allumé,En agglomération,Hors intersection,Normale,Autre collision,4,1,4,0,1,1,1,0,1,70,3,3,2,0,0,1,55.0,22.0,utilitaire_camion,deux_roues,5,2,1,1,6
202400031328,2024-03-02 10:50:00,2024,3,2,10,50,56,56162,Boulevard de l'Atlantique,47.72336,-3.48469,Plein jour,Hors agglomération,Hors intersection,Temps éblouissant,Autre collision,3,2,2,0,1,3,1,0,1,50,1,2,1,0,1,0,75.0,,voiture,,1,1,1,7,6
202400031329,2024-01-19 09:50:00,2024,1,19,9,50,75,75119,RUE ADOLPHE MILLE,48.887969,2.389186,Plein jour,En agglomération,Intersection en T,Normale,Autre collision,4,1, -1,0,1,1,7,0,1,30,1,2,1,0,0,1,43.0,,utilitaire_camion,,1,2,3,1,6
202400031329,2024-01-19 09:50:00,2024,1,19,9,50,75,75119,RUE ADOLPHE MILLE,48.887969,2.389186,Plein jour,En agglomération,Intersection en T,Normale,Autre collision,4,1,2,0,1,1,7,0,1,30,1,2,1,0,0,1,43.0,,utilitaire_camion,,1,2,3,1,6
202400031330,2024-04-10 08:54:00,2024,4,10,8,54,25,25462,ROCADE G.POMPIDOU (DU 25 A LA FIN),46.900134,6.335107,Plein jour,Hors agglomération,Giratoire,Normale,Deux véhicules - côté,2,-1,2,0,1,1,1,5,1,80,2,2,1,0,0,1,37.0,37.0,deux_roues,voiture,1,1,6,1,3
202400031330,2024-04-10 08:54:00,2024,4,10,8,54,25,25462,ROCADE G.POMPIDOU (DU 25 A LA FIN),46.900134,6.335107,Plein jour,Hors agglomération,Giratoire,Normale,Deux véhicules - côté,2,-1,2,0,1,1,1,5,1,80,2,2,1,0,0,1,37.0,37.0,deux_roues,voiture,1,1,6,1,3
202400031331,2024-03-02 20:00:00,2024,3,2,20,0,54,54395,Rue Henri Bazin,48.69652,6.19309,Nuit avec éclairage allumé,En agglomération,Intersection en X,Pluie légère,Deux véhicules - frontale,4,2,2,2,1,1,2,0,1,30,2,2,1,0,1,0,38.0,35.0,voiture,deux_roues,5,2,2,2,1
202400031331,2024-03-02 20:00:00,2024,3,2,20,0,54,54395,Rue Henri Bazin,48.69652,6.19309,Nuit avec éclairage allumé,En agglomération,Intersection en X,Pluie légère,Deux véhicules - frontale,4,2,2,0,1,1,2,0,1,30,2,2,1,0,1,0,38.0,35.0,voiture,deux_roues,5,2,2,2,1
202400031332,2024-01-19 23:45:00,2024,1,19,23,45,75,75116,AVENUE DU PRESIDENT WILSON,48.863217,2.287825,Nuit avec éclairage allumé,En agglomération,Place,Normale,Autre collision,4,1,3,3,1,1,1,0,1,30,1,4,3,0,0,1,58.0,,voiture,,5,2,7,1,6
202400031332,2024-01-19 23:45:00,2024,1,19,23,45,75,75116,AVENUE DU PRESIDENT WILSON,48.863217,2.287825,Nuit avec éclairage allumé,En agglomération,Place,Normale,Autre collision,4,1, -1,0,1,3,1,0,1,30,1,4,3,0,0,1,58.0,,voiture,,5,2,7,1,6
202400031333,2024-03-02 12:45:00,2024,3,2,12,45,51,51172,TAISSY (ROUTE),49.21985,4.06584,Plein jour,En agglomération,Intersection en T,Normale,Deux véhicules - arrière,4,2,2,0,1,1,1,0,1,50,2,2,1,0,0,1,32.0,64.0,voiture,voiture,1,2,3,1,2
202400031333,2024-03-02 12:45:00,2024,3,2,12,45,51,51172,TAISSY (ROUTE),49.21985,4.06584,Plein jour,En agglomération,Intersection en T,Normale,Deux véhicules - arrière,4,2,2,0,1,1,1,0,1,50,2,2,1,0,0,1,32.0,64.0,voiture,voiture,1,2,3,1,2
202400031334,2024-01-20 17:40:00,2024,1,20,17,40,75,75115,RUE LECOURBE,48.843183,2.304601,Nuit avec éclairage allumé,En agglomération,Intersection en T,Normale,Autre collision,4,1, -1,-1,1,1,1,0,1,30,1,3,2,0,0,1,19.0,,deux_roues,,5,2,3,1,6
202400031334,2024-01-20 17:40:00,2024,1,20,17,40,75,75115,RUE LECOURBE,48.843183,2.304601,Nuit avec éclairage allumé,En agglomération,Intersection en T,Normale,Autre collision,4,1,2,1,1,1,1,0,1,30,1,3,2,0,0,1,19.0,,deux_roues,,5,2,3,1,6
202400031335,2024-04-10 11:30:00,2024,4,10,11,30,25,25056,EDISON RUE THOMAS,47.23187,5.97051,Plein jour,En agglomération,Intersection en T,Normale,Deux véhicules - côté,4,2,2,2,1,1,1,0,1,50,2,2,1,0,0,1,61.0,27.0,voiture,deux_roues,1,2,3,1,3
202400031335,2024-04-10 11:30:00,2024,4,10,11,30,25,25056,EDISON RUE THOMAS,47.23187,5.97051,Plein jour,En agglomération,Intersection en T,Normale,Deux véhicules - côté,4,2,2,0,4,3,1,0,1,30,2,2,1,0,0,1,61.0,27.0,voiture,deux_roues,1,2,3,1,3
202400031336,2024-03-03 01:40:00,2024,3,3,1,40,44,44109,30 Boulevard Jean Monnet,47.21054,-1.55206,Nuit avec éclairage allumé,En agglomération,Hors intersection,Normale,Autre collision,4,1,1,0,1,1,1,0,1,30,1,2,1,0,0,1,,,voiture,,5,2,1,1,6
202400031337,2024-01-20 13:20:00,2024,1,20,13,20,75,75114,BOULEVARD DU MONTPARNASSE,48.841925,2.329764,Plein jour,En agglomération,Intersection en X,Normale,Autre collision,4,2,6,3,1,1,1,5,1,30,1,2,1,0,0,1,43.0,,voiture,,1,2,2,1,6
202400031337,2024-01-20 13:20:00,2024,1,20,13,20,75,75114,BOULEVARD DU MONTPARNASSE,48.841925,2.329764,Plein jour,En agglomération,Intersection en X,Normale,Autre collision,4,2,4,0,1,1,1,5,8,30,1,2,1,0,0,1,43.0,,voiture,,1,2,2,1,6
202400031338,2024-03-03 01:00:00,2024,3,3,1,0,44,44035,,47.25716,-1.54575,Nuit sans éclairage public,Hors agglomération,Hors intersection,Normale,Deux véhicules - frontale,2,3,4,0,1,1,1,0,1,70,2,2,0,0,1,1,56.0,56.0,voiture,utilitaire_camion,3,1,1,1,1
202400031339,2024-04-10 10:50:00,2024,4,10,10,50,25,25056,POLYGONE RUE DU,47.232,6.008,Plein jour,En agglomération,Intersection en T,Normale,Deux véhicules - côté,4,2,2,2,1,1,1,5,3,50,2,2,1,0,0,1,22.0,48.0,voiture,deux_roues,1,2,3,1,3
202400031339,2024-04-10 10:50:00,2024,4,10,10,50,25,25056,POLYGONE RUE DU,47.232,6.008,Plein jour,En agglomération,Intersection en T,Normale,Deux véhicules - côté,4,1,1,1,1,1,1,5,3,50,2,2,1,0,0,1,22.0,48.0,voiture,deux_roues,1,2,3,1,3
202400031340,2024-03-02 17:50:00,2024,3,2,17,50,38,38185,Chemin des Alpins,45.17167,5.72021,Plein jour,En agglomération,Hors intersection,Temps couvert,Deux véhicules - frontale,4,2,0,0,1,1,1,0,1,50,2,2,1,0,0,1,36.0,17.0,voiture,deux_roues,1,2,1,8,1
202400031341,2024-01-20 05:35:00,2024,1,20,5,35,75,75114,BOULEVARD RASPAIL,48.841421,2.329739,Nuit avec éclairage allumé,En agglomération,Intersection en T,Normale,Deux véhicules - arrière,4,2,4,3,1,1,1,0,6,50,2,2,1,0,0,1,23.0,53.0,deux_roues,utilitaire_camion,5,2,3,1,2
202400031341,2024-01-20 05:35:00,2024,1,20,5,35,75,75114,BOULEVARD RASPAIL,48.841421,2.329739,Nuit avec éclairage allumé,En agglomération,Intersection en T,Normale,Deux véhicules - arrière,4,1, -1,-1,1,1,1,0,6,50,2,2,1,0,0,1,23.0,53.0,deux_roues,utilitaire_camion,5,2,3,1,2
202400031342,2024-04-10 13:35:00,2024,4,10,13,35,24,24037,BRIAND (AVENUE ARISTIDE),44.85215,0.46864,Plein jour,En agglomération,Hors intersection,Normale,Autre collision,4,2,2,0,1,1,1,9,1,30,1,2,1,0,1,0,86.0,,voiture,,1,2,1,1,6
202400031343,2024-04-10 11:25:00,2024,4,10,11,25,22,22187,FONTAINE HUE (rue de la),48.5327,-2.81665,Plein jour,Hors agglomération,Autre intersection,Temps couvert,Autre collision,4,-1,2,0,1,1,1,0,1,50,1,2,1,0,0,1,52.0,,voiture,,1,1,9,8,6
202400031344,2024-01-20 14:20:00,2024,1,20,14,20,75,75113,RUE CHARLES FOURIER,48.825339,2.351065,Plein jour,En agglomération,Intersection en T,Normale,Sans collision,4,1, -1,-1,1,1,1,0,1,30,2,2,1,0,0,1,,38.0,autre,deux_roues,1,2,3,1,7
202400031344,2024-01-20 14:20:00,2024,1,20,14,20,75,75113,RUE CHARLES FOURIER,48.825339,2.351065,Plein jour,En agglomération,Intersection en T,Normale,Sans collision,4,1,1,0,2,1,1,0,1,30,2,2,1,0,0,1,,38.0,autre,deux_roues,1,2,3,1,7
202400031345,2024-03-02 13:54:00,2024,3,2,13,54,37,37261,WAGNER (BOULEVARD RICHARD),47.37403,0.69734,Plein jour,En agglomération,Hors intersection,Pluie forte,Trois véhicules et plus - en chaîne,4,2,2,0,2,1,3,1,1,50,3,4,3,0,0,1,47.0,24.0,utilitaire_camion,voiture,1,2,1,3,4
202400031346,2024-03-28 08:25:00,2024,3,28,8,25,19,19272,Lucien Sampeix (Av),45.25437179,1.76356047,Plein jour,En agglomération,Hors intersection,Normale,Deux véhicules - côté,3,2,2,0,1,1,1,0,1,30,2,2,1,0,0,1,46.0,16.0,voiture,deux_roues,1,2,1,1,3
202400031347,2024-03-01 16:55:00,2024,3,1,16,55,37,37261,STENDHAL (AVENUE),47.36772,0.70458,Plein jour,En agglomération,Hors intersection,Normale,Autre collision,4,2,4,0,1,1,2,0,3,50,1,1,0,0,0,1,50.0,,voiture,,1,2,1,1,6
202400031348,2024-01-19 08:55:00,2024,1,19,8,55,75,75113,RUE DE TOLBIAC,48.82599,2.353648,Plein jour,En agglomération,Intersection en X,Normale,Autre collision,4,1, -1,0,1,1,1,0,1,30,1,2,1,0,0,1,40.0,,deux_roues,,1,2,2,1,6
202400031348,2024-01-19 08:55:00,2024,1,19,8,55,75,75113,RUE DE TOLBIAC,48.82599,2.353648,Plein jour,En agglomération,Intersection en X,Normale,Autre collision,4,2,3,3,2,1,1,0,1,30,1,2,1,0,0,1,40.0,,deux_roues,,1,2,2,1,6
202400031349,2024-04-10 11:22:00,2024,4,10,11,22,13,13209,SAINTE MARGUERITE (BOULEVARD),43.26269,5.41226,Plein jour,En agglomération,Hors intersection,Normale,Deux véhicules - arrière,4,2,2,0,1,1,1,0,1,50,2,2,1,0,0,1,23.0,17.0,voiture,deux_roues,1,2,1,1,2
202400031350,2024-01-20 18:56:00,2024,1,20,18,56,75,75111,Rue Louis Bonnet,48.871867,2.376952,Nuit avec éclairage allumé,En agglomération,Intersection en X,Normale,Autre collision,4,1,2,1,1,1,1,0,1,30,1,2,1,0,0,1,,,utilitaire_camion,,5,2,2,1,6
202400031350,2024-01-20 18:56:00,2024,1,20,18,56,75,75111,Rue Louis Bonnet,48.871867,2.376952,Nuit avec éclairage allumé,En agglomération,Intersection en X,Normale,Autre collision,4,1,1,0,2,1,1,0,1,30,1,2,1,0,0,1,,,utilitaire_camion,,5,2,2,1,6
202400031351,2024-03-02 14:15:00,2024,3,2,14,15,35,35278,MAISON BLANCHE (ROND POINT DE),48.14416,-1.65719,Plein jour,Hors agglomération,Giratoire,Normale,Deux véhicules - côté,4,1,1,0,1,2,1,0,1,80,2,2,1,0,0,1,59.0,68.0,voiture,deux_roues,1,1,6,1,3
202400031352,2024-04-10 14:45:00,2024,4,10,14,45,13,13063,D 10,43.57637,5.01458,Plein jour,En agglomération,Intersection en Y,Normale,Deux véhicules - côté,7,2,2,0,1,1,1,0,1,50,2,2,0,0,1,1,18.0,50.0,deux_roues,voiture,1,2,4,1,3
202400031352,2024-04-10 14:45:00,2024,4,10,14,45,13,13063,D 10,43.57637,5.01458,Plein jour,En agglomération,Intersection en Y,Normale,Deux véhicules - côté,7,-1,2,0,1,1,1,0,1,50,2,2,0,0,1,1,18.0,50.0,deux_roues,voiture,1,2,4,1,3
202400031353,2024-01-20 00:25:00,2024,1,20,0,25,75,75111,AVENUE DE LA REPUBLIQUE,48.865278,2.374501,Nuit avec éclairage allumé,En agglomération,Intersection en X,Normale,Deux véhicules - arrière,4,2,1,1,1,1,1,0,1,30,2,2,1,0,0,1,25.0,48.0,deux_roues,voiture,5,2,2,1,2
202400031353,2024-01-20 00:25:00,2024,1,20,0,25,75,75111,AVENUE DE LA REPUBLIQUE,48.865278,2.374501,Nuit avec éclairage allumé,En agglomération,Intersection en X,Normale,Deux véhicules - arrière,4,2,1,1,1,1,1,0,1,30,2,2,1,0,0,1,25.0,48.0,deux_roues,voiture,5,2,2,1,2
202400031354,2024-04-10 07:00:00,2024,4,10,7,0,11,11069,,43.19692,2.35745,Crépuscule ou aube,Hors agglomération,Hors intersection,Pluie légère,Sans collision,3,2,2,0,1,1,2,0,1,80,1,1,0,0,0,1,37.0,,voiture,,2,1,1,2,7
202400031355,2024-03-02 12:00:00,2024,3,2,12,0,35,35238,RN136,48.09880736,-1.71407908,Plein jour,Hors agglomération,Hors intersection,Normale,Trois véhicules et plus - en chaîne,2,3,6,0,1,1,2,0,1,90,4,7,6,0,0,1,38.0,45.0,voiture,voiture,1,1,1,1,4
202400031356,2024-04-09 16:00:00,2024,4,9,16,0,11,11069,,43.20283,2.28101,Plein jour,Hors agglomération,Hors intersection,Pluie légère,Autre collision,4,2,2,0,1,1,2,0,3,80,1,1,0,0,0,1,18.0,,voiture,,1,1,1,2,6
202400031357,2024-03-02 05:25:00,2024,3,2,5,25,31,31555,PORT ST ETIENNE ,43.600828,1.456533,Nuit avec éclairage allumé,En agglomération,Hors intersection,Normale,Sans collision,4,1,1,0,4,1,1,0,1,30,1,1,0,1,0,0,55.0,,deux_roues,,5,2,1,1,7
202400031358,2024-01-20 01:30:00,2024,1,20,1,30,94,94041,Rue François Mitterrand,48.821623,2.390143,Nuit avec éclairage allumé,En agglomération,Hors intersection,Pluie légère,Deux véhicules - côté,4,2,2,1,1,1,2,5,1,50,2,2,1,0,0,1,19.0,,deux_roues,autre,5,2,1,2,3
202400031359,2024-03-02 19:10:00,2024,3,2,19,10,26,26362,Avenue de la Liberation,44.9136922,4.8892808,Crépuscule ou aube,En agglomération,Hors intersection,Normale,Deux véhicules - frontale,4,2,2,0,1,1,1,0,1,50,2,2,1,0,0,1,26.0,73.0,deux_roues,voiture,2,2,1,1,1
202400031360,2024-04-09 08:30:00,2024,4,9,8,30,11,11069,ROCADE SUD RD 6161,43.20423,2.38262,Plein jour,En agglomération,Hors intersection,Temps couvert,Deux véhicules - frontale,3,2,2,0,1,1,2,0,1,70,2,2,0,0,0,2,45.0,52.0,voiture,voiture,1,2,1,8,1
202400031361,2024-01-20 13:26:00,2024,1,20,13,26,94,94033,Boulevard de Verdun,48.8511,2.47462,Plein jour,En agglomération,Hors intersection,Normale,Deux véhicules - côté,3,2,2,0,1,1,1,0,1,50,2,2,1,0,1,0,52.0,48.0,deux_roues,voiture,1,2,1,1,3
202400031362,2024-04-09 19:45:00,2024,4,9,19,45,10,10387,Rue des Marots,48.3074,4.0444,Plein jour,En agglomération,Hors intersection,Normale,Autre collision,4,2,2,0,1,2,1,0,1,50,1,2,1,0,1,0,21.0,,voiture,,1,2,1,1,6
202400031363,2024-05-18 05:05:00,2024,5,18,5,5,29,29254,RN 12,48.5883091,-3.84599105,Nuit sans éclairage public,Hors agglomération,Hors intersection,Normale,Autre collision,2,1,2,0,1,1,1,0,1,110,1,1,0,0,0,1,43.0,,voiture,,3,1,1,1,6
202400031364,2024-03-03 00:58:00,2024,3,3,0,58,25,25056,CHURCHILL BD WINSTON,47.24935,6.00283,Nuit avec éclairage allumé,En agglomération,Intersection en X,Normale,Deux véhicules - côté,4,3,2,0,1,1,1,5,1,50,2,3,1,0,0,2,37.0,,voiture,voiture,5,2,2,1,3
202400031364,2024-03-03 00:58:00,2024,3,3,0,58,25,25056,CHURCHILL BD WINSTON,47.24935,6.00283,Nuit avec éclairage allumé,En agglomération,Intersection en X,Normale,Deux véhicules - côté,4,3,5,0,2,1,1,5,1,50,2,3,1,0,0,2,37.0,,voiture,voiture,5,2,2,1,3