accident_id,datetime,annee,mois,jour,heure,minute,departement,commune_insee,adresse,latitude,longitude,luminosite,agglomeration,intersection,meteo,collision,catr,circ,nbv,vosp,prof,plan,surf,infra,situ,vma,nb_vehicules,nb_usagers,nb_indemnes,nb_tues,nb_blesses_hosp,nb_blesses_legers,age_cond_1,age_cond_2,veh_type_cond_1,veh_type_cond_2,lum_code,agg_code,int_code,atm_code,col_code
202400031434,2024-04-10 17:00:00,2024,4,10,17,0,93,93048,Rue Alexis Lepere / Rue des Caillots,48.8649,2.43931,Plein jour,En agglomération,Intersection en X,Normale,Autre collision,4,1,1,0,2,1,1,0,1,30,1,2,1,0,0,1,47.0,,voiture,,1,2,2,1,6
202400031435,2024-05-18 22:30:00,2024,5,18,22,30,75,75119,BOULEVARD DE LA VILLETTE,48.884368,2.36692,Nuit avec éclairage allumé,En agglomération,Intersection en T,Normale,Deux véhicules - côté,4,1,2,1,1,1,1,0,1,30,2,2,1,0,0,1,39.0,,deux_roues,voiture,5,2,3,1,3
202400031435,2024-05-18 22:30:00,2024,5,18,22,30,75,75119,BOULEVARD DE LA VILLETTE,48.884368,2.36692,Nuit avec éclairage allumé,En agglomération,Intersection en T,Normale,Deux véhicules - côté,4,1, -1,-1,1,1,1,0,1,30,2,2,1,0,0,1,39.0,,deux_roues,voiture,5,2,3,1,3
202400031436,2024-01-19 20:40:00,2024,1,19,20,40,62,62817,D60,50.272364,2.809002,Nuit sans éclairage public,Hors agglomération,Hors intersection,Neige / grêle,Deux véhicules - frontale,3,2,2,0,1,3,7,0,1,80,2,2,0,0,2,0,20.0,49.0,voiture,voiture,3,1,1,4,1
202400031437,2024-01-21 03:35:00,2024,1,21,3,35,61,61303,A88,48.819001,-0.131278,Nuit sans éclairage public,Hors agglomération,Hors intersection,Neige / grêle,Autre collision,1,3,5,0,1,1,7,3,1,130,1,1,0,0,1,0,40.0,,utilitaire_camion,,3,1,1,4,6
202400031438,2024-05-18 10:30:00,2024,5,18,10,30,75,75116,RUE LARGILLIERE,48.857299,2.27304,Plein jour,En agglomération,Intersection en X,Normale,Autre collision,4,1,3,0,1,1,1,0,1,30,1,4,3,0,0,1,51.0,,voiture,,1,2,2,1,6
202400031438,2024-05-18 10:30:00,2024,5,18,10,30,75,75116,RUE LARGILLIERE,48.857299,2.27304,Plein jour,En agglomération,Intersection en X,Normale,Autre collision,4,2,2,0,1,1,1,0,1,30,1,4,3,0,0,1,51.0,,voiture,,1,2,2,1,6
202400031439,2024-04-10 16:18:00,2024,4,10,16,18,93,93046,Avenue du Consul General Nordling / Rue Léon Jouhaux,48.91786,2.53492,Plein jour,En agglomération,Intersection en T,Normale,Deux véhicules - côté,3,3,4,0,1,1,1,0,1,50,2,2,1,0,0,1,48.0,41.0,deux_roues,voiture,1,2,3,1,3
202400031439,2024-04-10 16:18:00,2024,4,10,16,18,93,93046,Avenue du Consul General Nordling / Rue Léon Jouhaux,48.91786,2.53492,Plein jour,En agglomération,Intersection en T,Normale,Deux véhicules - côté,3,1,1,0,1,1,1,0,1,-1,2,2,1,0,0,1,48.0,41.0,deux_roues,voiture,1,2,3,1,3
202400031440,2024-03-02 15:20:00,2024,3,2,15,20,75,75106,RUE D ASSAS,48.845934,2.331394,Plein jour,En agglomération,Intersection en Y,Pluie légère,Deux véhicules - côté,4,1, -1,-1,1,1,2,0,1,30,2,2,1,0,0,1,73.0,54.0,voiture,deux_roues,1,2,4,2,3
202400031440,2024-03-02 15:20:00,2024,3,2,15,20,75,75106,RUE D ASSAS,48.845934,2.331394,Plein jour,En agglomération,Intersection en Y,Pluie légère,Deux véhicules - côté,4,2,2,0,1,1,2,0,1,30,2,2,1,0,0,1,73.0,54.0,voiture,deux_roues,1,2,4,2,3
202400031441,2024-01-20 19:30:00,2024,1,20,19,30,56,56040,Kerchopine,47.892291,-3.340101,Nuit sans éclairage public,Hors agglomération,Hors intersection,Normale,Deux véhicules - frontale,3,2,2,0,1,1,1,0,1,80,2,2,0,1,1,0,41.0,24.0,voiture,voiture,3,1,1,1,1
202400031442,2024-04-10 17:30:00,2024,4,10,17,30,93,93057,Boulevard Pasteur,48.903643,2.51272,Plein jour,En agglomération,Hors intersection,Normale,Autre collision,4,1,1,1,1,1,1,0,1,30,1,2,1,0,0,1,48.0,,voiture,,1,2,1,1,6
202400031443,2024-01-20 10:00:00,2024,1,20,10,0,11,11206,47 Rue Jean Jaures,43.055342,2.216016,Plein jour,En agglomération,Hors intersection,Temps éblouissant,Autre collision,4,1,1,0,1,1,1,6,1,30,1,2,1,0,1,0,35.0,,voiture,,1,2,1,7,6
202400031444,2024-05-18 02:00:00,2024,5,18,2,0,75,75116,AVENUE GEORGES MANDEL,48.864127,2.277604,Nuit avec éclairage allumé,En agglomération,Intersection en X,Normale,Deux véhicules - côté,4,-1,2,0,1,1,1,0,1,30,2,3,2,0,0,1,45.0,21.0,voiture,voiture,5,2,2,1,3
202400031444,2024-05-18 02:00:00,2024,5,18,2,0,75,75116,AVENUE GEORGES MANDEL,48.864127,2.277604,Nuit avec éclairage allumé,En agglomération,Intersection en X,Normale,Deux véhicules - côté,4,-1,2,0,1,1,1,0,1,30,2,3,2,0,0,1,45.0,21.0,voiture,voiture,5,2,2,1,3
202400031445,2024-03-02 16:48:00,2024,3,2,16,48,75,75118,BOULEVARD NEY,48.898385,2.359397,Crépuscule ou aube,En agglomération,Passage à niveau,Pluie forte,Autre collision,4,2,2,3,1,1,2,4,6,30,1,2,1,0,0,1,55.0,,transport_commun,,2,2,8,3,6
202400031445,2024-03-02 16:48:00,2024,3,2,16,48,75,75118,BOULEVARD NEY,48.898385,2.359397,Crépuscule ou aube,En agglomération,Passage à niveau,Pluie forte,Autre collision,4,1, -1,-1,1,1,2,4,6,30,1,2,1,0,0,1,55.0,,transport_commun,,2,2,8,3,6
202400031446,2024-05-18 00:05:00,2024,5,18,0,5,75,75116,AVENUE DE VERSAILLES,48.841089,2.265616,Nuit avec éclairage allumé,En agglomération,Intersection en Y,Normale,Autre collision,4,2,2,0,1,1,1,0,1,50,1,2,1,0,0,1,36.0,,deux_roues,,5,2,4,1,6
202400031446,2024-05-18 00:05:00,2024,5,18,0,5,75,75116,AVENUE DE VERSAILLES,48.841089,2.265616,Nuit avec éclairage allumé,En agglomération,Intersection en Y,Normale,Autre collision,4,1, -1,-1,1,1,1,0,1,50,1,2,1,0,0,1,36.0,,deux_roues,,5,2,4,1,6
202400031447,2024-03-02 19:45:00,2024,3,2,19,45,75,75117,AVENUE DE LA PORTE D ASNIERES,48.891867,2.30173,Nuit avec éclairage allumé,En agglomération,Intersection à plus de 4 branches,Pluie légère,Deux véhicules - frontale,4,2,4,0,1,1,2,2,1,30,2,2,1,0,0,1,22.0,42.0,deux_roues,voiture,5,2,5,2,1
202400031447,2024-03-02 19:45:00,2024,3,2,19,45,75,75117,AVENUE DE LA PORTE D ASNIERES,48.891867,2.30173,Nuit avec éclairage allumé,En agglomération,Intersection à plus de 4 branches,Pluie légère,Deux véhicules - frontale,4,2,2,0,1,1,2,2,1,30,2,2,1,0,0,1,22.0,42.0,deux_roues,voiture,5,2,5,2,1
202400031448,2024-04-10 21:55:00,2024,4,10,21,55,93,93007,Avenue Aristide Briand / Avenue Marcel Alizard,48.9436,2.44442,Nuit avec éclairage allumé,En agglomération,Intersection en T,Normale,Deux véhicules - côté,3,2,2,0,1,1,1,0,1,50,2,2,1,0,1,0,49.0,40.0,voiture,deux_roues,5,2,3,1,3
202400031448,2024-04-10 21:55:00,2024,4,10,21,55,93,93007,Avenue Aristide Briand / Avenue Marcel Alizard,48.9436,2.44442,Nuit avec éclairage allumé,En agglomération,Intersection en T,Normale,Deux véhicules - côté,3,2,2,0,1,1,1,0,1,50,2,2,1,0,1,0,49.0,40.0,voiture,deux_roues,5,2,3,1,3
202400031449,2024-05-18 15:40:00,2024,5,18,15,40,75,75115,BOULEVARD LEFEBVRE,48.832705,2.288378,Plein jour,En agglomération,Intersection en X,Normale,Autre collision,4,1,2,0,2,1,1,0,1,30,1,3,2,0,0,1,31.0,,voiture,,1,2,2,1,6
202400031449,2024-05-18 15:40:00,2024,5,18,15,40,75,75115,BOULEVARD LEFEBVRE,48.832705,2.288378,Plein jour,En agglomération,Intersection en X,Normale,Autre collision,4,2, -1,0,2,1,1,0,1,30,1,3,2,0,0,1,31.0,,voiture,,1,2,2,1,6
202400031450,2024-03-02 02:00:00,2024,3,2,2,0,75,75117,AVENUE DE CLICHY,48.885379,2.326603,Nuit avec éclairage allumé,En agglomération,Intersection en T,Normale,Deux véhicules - arrière,4,2,2,3,1,1,1,0,6,30,2,2,1,0,0,1,20.0,50.0,deux_roues,voiture,5,2,3,1,2
202400031450,2024-03-02 02:00:00,2024,3,2,2,0,75,75117,AVENUE DE CLICHY,48.885379,2.326603,Nuit avec éclairage allumé,En agglomération,Intersection en T,Normale,Deux véhicules - arrière,4,1, -1,-1,1,1,1,0,6,30,2,2,1,0,0,1,20.0,50.0,deux_roues,voiture,5,2,3,1,2
202400031451,2024-04-10 17:00:00,2024,4,10,17,0,93,93007,Avenue Paul Vaillant Couturier,48.92541117,2.46556091,Plein jour,En agglomération,Hors intersection,Normale,Deux véhicules - côté,3,2,2,0,1,1,1,0,1,50,2,2,1,0,0,1,32.0,44.0,deux_roues,voiture,1,2,1,1,3
202400031452,2024-01-20 17:10:00,2024,1,20,17,10,71,71468,Route de la Rouelle,46.843255,4.541261,Plein jour,Hors agglomération,Hors intersection,Normale,Deux véhicules - côté,3,2,2,0,2,3,1,0,1,80,2,4,3,0,1,0,50.0,83.0,utilitaire_camion,voiture,1,1,1,1,3
202400031453,2024-05-18 11:30:00,2024,5,18,11,30,75,75112,AVENUE DU TREMBLAY,48.827272,2.464372,Plein jour,En agglomération,Intersection en X,Normale,Deux véhicules - côté,4,2, -1,1,1,1,1,0,1,50,2,2,1,0,0,1,55.0,74.0,deux_roues,voiture,1,2,2,1,3
202400031453,2024-05-18 11:30:00,2024,5,18,11,30,75,75112,AVENUE DU TREMBLAY,48.827272,2.464372,Plein jour,En agglomération,Intersection en X,Normale,Deux véhicules - côté,4,2, -1,0,1,1,1,0,1,50,2,2,1,0,0,1,55.0,74.0,deux_roues,voiture,1,2,2,1,3
202400031454,2024-03-01 20:45:00,2024,3,1,20,45,75,75116,AVENUE DE VERSAILLES,48.846925,2.273278,Nuit avec éclairage allumé,En agglomération,Hors intersection,Pluie légère,Autre collision,4,2,3,3,1,1,2,0,1,30,1,2,1,0,0,1,32.0,,voiture,,5,2,1,2,6
202400031455,2024-04-10 08:27:00,2024,4,10,8,27,92,92073,SELLIER (BOULEVARD HENRI),48.86465425,2.21897863,Plein jour,En agglomération,Hors intersection,Normale,Deux véhicules - arrière,3,1,4,3,2,3,1,0,1,50,2,2,1,0,0,1,24.0,52.0,deux_roues,deux_roues,1,2,1,1,2
202400031456,2024-01-20 17:00:00,2024,1,20,17,0,63,63457,RD 225 / rue des meuliers,45.645983,3.226697,Plein jour,Hors agglomération,Intersection en T,Normale,Deux véhicules - frontale,3,2,2,0,1,1,1,0,1,90,2,3,2,0,1,0,66.0,50.0,voiture,voiture,1,1,3,1,1
202400031456,2024-01-20 17:00:00,2024,1,20,17,0,63,63457,RD 225 / rue des meuliers,45.645983,3.226697,Plein jour,Hors agglomération,Intersection en T,Normale,Deux véhicules - frontale,3,2,2,-1,1,1,1,0,1,-1,2,3,2,0,1,0,66.0,50.0,voiture,voiture,1,1,3,1,1
202400031457,2024-03-02 12:10:00,2024,3,2,12,10,75,75115,RUE DES ENTREPRENEURS,48.845666,2.287977,Plein jour,En agglomération,Intersection en X,Pluie forte,Sans collision,4,1, -1,0,1,1,2,0,1,30,1,1,0,0,0,1,54.0,,deux_roues,,1,2,2,3,7
202400031457,2024-03-02 12:10:00,2024,3,2,12,10,75,75115,RUE DES ENTREPRENEURS,48.845666,2.287977,Plein jour,En agglomération,Intersection en X,Pluie forte,Sans collision,4,2,2,0,1,1,2,0,1,30,1,1,0,0,0,1,54.0,,deux_roues,,1,2,2,3,7
202400031458,2024-05-18 04:40:00,2024,5,18,4,40,75,75112,PORTE DE VINCENNES,48.84669518,2.41382718,Nuit avec éclairage allumé,En agglomération,Place,Normale,Deux véhicules - arrière,4,2, -1,-1,1,1,1,0,1,-1,2,2,1,0,0,1,34.0,23.0,voiture,voiture,5,2,7,1,2
202400031458,2024-05-18 04:40:00,2024,5,18,4,40,75,75112,PORTE DE VINCENNES,48.84669518,2.41382718,Nuit avec éclairage allumé,En agglomération,Place,Normale,Deux véhicules - arrière,4,1,4,0,1,2,1,0,1,50,2,2,1,0,0,1,34.0,23.0,voiture,voiture,5,2,7,1,2
202400031459,2024-04-10 08:44:00,2024,4,10,8,44,92,92062,LAFARGUES (RUE PAUL),48.88620788,2.24576819,Plein jour,En agglomération,Hors intersection,Normale,Autre collision,3,1,3,3,2,2,1,0,1,50,1,2,1,0,0,1,51.0,,voiture,,1,2,1,1,6
202400031460,2024-01-20 20:25:00,2024,1,20,20,25,49,49125,5bis Boulevard jacques savary,47.187456,-0.278403,Nuit avec éclairage allumé,En agglomération,Hors intersection,Normale,Deux véhicules - côté,4,2,2,0,1,1,1,0,1,50,2,3,1,0,2,0,15.0,21.0,deux_roues,voiture,5,2,1,1,3
202400031461,2024-05-18 21:00:00,2024,5,18,21,0,75,75110,RUE LA FAYETTE,48.881129,2.363996,Plein jour,En agglomération,Hors intersection,Normale,Deux véhicules - frontale,4,2,4,1,1,1,1,0,1,30,2,2,1,0,0,1,22.0,44.0,deux_roues,voiture,1,2,1,1,1
202400031462,2024-03-01 16:15:00,2024,3,1,16,15,75,75114,PLACE DENFERT ROCHEREAU,48.833396,2.332691,Plein jour,En agglomération,Intersection en T,Temps couvert,Trois véhicules et plus - collisions multiples,4,1, -1,0,1,3,1,0,1,30,3,3,2,0,0,1,69.0,40.0,voiture,voiture,1,2,3,8,5
202400031462,2024-03-01 16:15:00,2024,3,1,16,15,75,75114,PLACE DENFERT ROCHEREAU,48.833396,2.332691,Plein jour,En agglomération,Intersection en T,Temps couvert,Trois véhicules et plus - collisions multiples,4,1,3,3,1,1,1,0,1,30,3,3,2,0,0,1,69.0,40.0,voiture,voiture,1,2,3,8,5
202400031463,2024-01-21 01:15:00,2024,1,21,1,15,12,12167,D564,44.21827,1.93104,Nuit sans éclairage public,Hors agglomération,Hors intersection,Normale,Sans collision,3,2,2,0,4,2,2,2,1,90,1,2,0,0,1,1,37.0,,voiture,,3,1,1,1,7
202400031464,2024-05-18 09:55:00,2024,5,18,9,55,75,75110,RUE DU FAUBOURG SAINT DENIS,48.879291,2.357068,Plein jour,En agglomération,Hors intersection,Normale,Autre collision,4,1,1,3,2,1,1,0,6,30,2,2,1,0,0,1,63.0,23.0,voiture,deux_roues,1,2,1,1,6
202400031465,2024-04-10 19:00:00,2024,4,10,19,0,92,92051,"CHARLES DE GAULLE (AVENUE, N°27 A 129)",48.88143625,2.27073097,Plein jour,En agglomération,Hors intersection,Normale,Deux véhicules - arrière,2,1,0,0,1,1,1,0,1,70,2,2,1,0,1,0,61.0,42.0,deux_roues,deux_roues,1,2,1,1,2
202400031466,2024-01-21 18:30:00,2024,1,21,18,30,47,47239,1260 route de miramont de guyenne,44.42783342,0.54649906,Crépuscule ou aube,Hors agglomération,Hors intersection,Normale,Autre collision,3,2,2,0,1,2,1,0,1,80,1,2,0,1,0,1,71.0,,voiture,,2,1,1,1,6
202400031467,2024-02-29 20:45:00,2024,2,29,20,45,75,75114,AVENUE DU MAINE,48.840563,2.321749,Nuit avec éclairage allumé,En agglomération,Intersection en T,Pluie légère,Deux véhicules - arrière,4,3,2,0,2,1,2,0,1,50,2,2,1,0,0,1,46.0,59.0,deux_roues,voiture,5,2,3,2,2
202400031467,2024-02-29 20:45:00,2024,2,29,20,45,75,75114,AVENUE DU MAINE,48.840563,2.321749,Nuit avec éclairage allumé,En agglomération,Intersection en T,Pluie légère,Deux véhicules - arrière,4,1, -1,-1,2,1,2,0,1,50,2,2,1,0,0,1,46.0,59.0,deux_roues,voiture,5,2,3,2,2
202400031468,2024-05-17 20:00:00,2024,5,17,20,0,75,75110,QUAI DE JEMMAPES,48.868837,2.367636,Plein jour,En agglomération,Intersection en T,Normale,Deux véhicules - arrière,4,2, -1,-1,1,1,1,0,5,30,2,2,1,0,0,1,32.0,,deux_roues,voiture,1,2,3,1,2
202400031468,2024-05-17 20:00:00,2024,5,17,20,0,75,75110,QUAI DE JEMMAPES,48.868837,2.367636,Plein jour,En agglomération,Intersection en T,Normale,Deux véhicules - arrière,4,1,2,1,1,1,1,0,5,30,2,2,1,0,0,1,32.0,,deux_roues,voiture,1,2,3,1,2
202400031469,2024-04-09 13:35:00,2024,4,9,13,35,92,92020,SAND RUE GEORGE,48.81053041,2.28458869,Plein jour,En agglomération,Intersection en T,Pluie légère,Deux véhicules - côté,4,2,2,0,1,1,2,0,1,50,2,2,0,0,0,2,32.0,26.0,voiture,voiture,1,2,3,2,3
202400031469,2024-04-09 13:35:00,2024,4,9,13,35,92,92020,SAND RUE GEORGE,48.81053041,2.28458869,Plein jour,En agglomération,Intersection en T,Pluie légère,Deux véhicules - côté,4,2,2,0,1,1,2,0,1,50,2,2,0,0,0,2,32.0,26.0,voiture,voiture,1,2,3,2,3
202400031470,2024-01-21 16:15:00,2024,1,21,16,15,44,44005,La Petite Masure,47.11995,-1.843429,Plein jour,Hors agglomération,Hors intersection,Pluie légère,Sans collision,4,2,2,0,2,1,8,0,3,80,1,1,0,0,1,0,18.0,,deux_roues,,1,1,1,2,7
202400031471,2024-01-20 07:00:00,2024,1,20,7,0,03,03176,Chemin de Graviere,46.383109,3.295013,Crépuscule ou aube,Hors agglomération,Hors intersection,Temps couvert,Autre collision,4,2,2,0,1,3,1,0,3,90,1,1,0,0,1,0,30.0,,voiture,,2,1,1,8,6
202400031472,2024-03-02 21:50:00,2024,3,2,21,50,75,75104,RUE SAINT ANTOINE,48.85465,2.362734,Nuit avec éclairage allumé,En agglomération,Intersection en T,Pluie légère,Deux véhicules - côté,4,2,4,1,1,1,2,0,1,30,2,2,1,0,0,1,54.0,36.0,deux_roues,voiture,5,2,3,2,3
202400031472,2024-03-02 21:50:00,2024,3,2,21,50,75,75104,RUE SAINT ANTOINE,48.85465,2.362734,Nuit avec éclairage allumé,En agglomération,Intersection en T,Pluie légère,Deux véhicules - côté,4,2,2,1,1,1,2,0,1,30,2,2,1,0,0,1,54.0,36.0,deux_roues,voiture,5,2,3,2,3
202400031473,2024-05-17 00:22:00,2024,5,17,0,22,75,75108,PLACE SAINT AUGUSTIN,48.874605,2.320144,Nuit avec éclairage allumé,En agglomération,Place,Normale,Deux véhicules - côté,4,-1, -1,-1,1,1,1,0,1,30,2,2,1,0,0,1,20.0,20.0,voiture,voiture,5,2,7,1,3
202400031473,2024-05-17 00:22:00,2024,5,17,0,22,75,75108,PLACE SAINT AUGUSTIN,48.874605,2.320144,Nuit avec éclairage allumé,En agglomération,Place,Normale,Deux véhicules - côté,4,1,5,0,1,1,1,0,1,30,2,2,1,0,0,1,20.0,20.0,voiture,voiture,5,2,7,1,3
202400031474,2024-04-09 17:20:00,2024,4,9,17,20,92,92004,DOCTEUR DERVAUX  ( QUAI DU ),48.91117993,2.29861996,Plein jour,En agglomération,Hors intersection,Normale,Trois véhicules et plus - en chaîne,3,3,4,0,1,1,1,2,1,50,3,3,2,0,0,1,51.0,59.0,utilitaire_camion,voiture,1,2,1,1,4
202400031475,2024-01-19 17:40:00,2024,1,19,17,40,70,70428,Route nationale 19,47.647661,6.12908,Nuit sans éclairage public,Hors agglomération,Hors intersection,Normale,Deux véhicules - arrière,2,3,2,0,1,1,1,0,1,110,2,3,2,0,1,0,54.0,78.0,voiture,voiture,3,1,1,1,2
202400031476,2024-05-18 09:25:00,2024,5,18,9,25,75,75107,RUE DU GENERAL BERTRAND,48.848867,2.312731,Plein jour,En agglomération,Intersection en T,Normale,Autre collision,4,1, -1,-1,1,1,1,0,5,30,1,2,1,0,0,1,31.0,,deux_roues,,1,2,3,1,6
202400031476,2024-05-18 09:25:00,2024,5,18,9,25,75,75107,RUE DU GENERAL BERTRAND,48.848867,2.312731,Plein jour,En agglomération,Intersection en T,Normale,Autre collision,4,1,1,2,1,1,1,6,5,30,1,2,1,0,0,1,31.0,,deux_roues,,1,2,3,1,6
202400031477,2024-03-02 12:00:00,2024,3,2,12,0,75,75102,RUE DES JEUNEURS,48.869908,2.342808,Plein jour,En agglomération,Intersection en T,Pluie légère,Trois véhicules et plus - collisions multiples,4,1,1,0,1,1,2,0,1,50,3,3,2,0,0,1,35.0,56.0,deux_roues,voiture,1,2,3,2,5
202400031477,2024-03-02 12:00:00,2024,3,2,12,0,75,75102,RUE DES JEUNEURS,48.869908,2.342808,Plein jour,En agglomération,Intersection en T,Pluie légère,Trois véhicules et plus - collisions multiples,4,1,1,0,1,1,2,0,1,50,3,3,2,0,0,1,35.0,56.0,deux_roues,voiture,1,2,3,2,5
202400031478,2024-04-05 22:20:00,2024,4,5,22,20,974,97415,Route Nationale 1,-21.026837,55.228444,Nuit sans éclairage public,En agglomération,Hors intersection,Normale,Deux véhicules - côté,2,1,4,3,2,3,1,1,1,90,2,2,1,0,1,0,57.0,44.0,voiture,voiture,3,2,1,1,3
202400031479,2024-05-18 10:40:00,2024,5,18,10,40,94,94022,Avenue Victor Hugo / Rue Brongniart,48.7685452,2.41968566,Plein jour,En agglomération,Intersection en T,Normale,Autre collision,3,3,4,0,1,1,1,0,1,50,1,2,1,0,0,1,38.0,,deux_roues,,1,2,3,1,6
202400031479,2024-05-18 10:40:00,2024,5,18,10,40,94,94022,Avenue Victor Hugo / Rue Brongniart,48.7685452,2.41968566,Plein jour,En agglomération,Intersection en T,Normale,Autre collision,3,1,1,0,1,1,1,0,1,-1,1,2,1,0,0,1,38.0,,deux_roues,,1,2,3,1,6
202400031480,2024-01-20 01:45:00,2024,1,20,1,45,70,70163,N57,47.661247,6.214077,Nuit sans éclairage public,Hors agglomération,Hors intersection,Normale,Autre collision,2,2,2,0,3,2,1,0,3,70,1,4,3,0,0,1,23.0,,voiture,,3,1,1,1,6
202400031481,2024-04-10 15:00:00,2024,4,10,15,0,64,64061,Rue de la Bie Cabe,43.400945,-0.569912,Plein jour,En agglomération,Hors intersection,Normale,Sans collision,3,2,2,0,1,1,1,0,1,50,1,2,1,0,0,1,14.0,,deux_roues,,1,2,1,1,7
202400031482,2024-03-01 23:20:00,2024,3,1,23,20,94,94081,13 Quai Jules Guesde,48.781931,2.416923,Nuit avec éclairage allumé,En agglomération,Hors intersection,Pluie légère,Trois véhicules et plus - collisions multiples,3,2,2,1,1,1,2,0,1,50,3,4,3,0,0,1,30.0,26.0,voiture,voiture,5,2,1,2,5
202400031483,2024-01-20 14:22:00,2024,1,20,14,22,72,72035,Lieu Dit les Boderies,47.827966,0.690258,Plein jour,Hors agglomération,Intersection en X,Temps éblouissant,Deux véhicules - côté,3,2,2,0,1,1,1,0,1,90,2,2,0,0,0,2,26.0,64.0,utilitaire_camion,voiture,1,1,2,7,3
202400031483,2024-01-20 14:22:00,2024,1,20,14,22,72,72035,Lieu Dit les Boderies,47.827966,0.690258,Plein jour,Hors agglomération,Intersection en X,Temps éblouissant,Deux véhicules - côté,3,2, -1,-1,1,1,1,0,1,-1,2,2,0,0,0,2,26.0,64.0,utilitaire_camion,voiture,1,1,2,7,3
202400031484,2024-05-18 10:45:00,2024,5,18,10,45,93,93050,Rue Paul et Camille Thomoux / Avenue du General de Gaulle,48.857235,2.531303,Plein jour,En agglomération,Intersection en X,Normale,Deux véhicules - frontale,3,3,4,0,1,1,1,0,1,50,2,3,1,0,0,2,19.0,56.0,voiture,voiture,1,2,2,1,1
202400031484,2024-05-18 10:45:00,2024,5,18,10,45,93,93050,Rue Paul et Camille Thomoux / Avenue du General de Gaulle,48.857235,2.531303,Plein jour,En agglomération,Intersection en X,Normale,Deux véhicules - frontale,3,3,4,0,1,1,1,0,1,50,2,3,1,0,0,2,19.0,56.0,voiture,voiture,1,2,2,1,1
202400031485,2024-03-02 02:05:00,2024,3,2,2,5,94,94068,Avenue Foch / Avenue Joffre,48.80238365,2.49192533,Nuit avec éclairage allumé,En agglomération,Giratoire,Pluie légère,Autre collision,3,2,2,0,1,1,2,5,3,30,1,1,0,0,1,0,42.0,,deux_roues,,5,2,6,2,6
202400031485,2024-03-02 02:05:00,2024,3,2,2,5,94,94068,Avenue Foch / Avenue Joffre,48.80238365,2.49192533,Nuit avec éclairage allumé,En agglomération,Giratoire,Pluie légère,Autre collision,3,2,2,0,1,1,2,5,3,30,1,1,0,0,1,0,42.0,,deux_roues,,5,2,6,2,6
202400031486,2024-01-21 00:15:00,2024,1,21,0,15,14,14591,2 Route des Hauts Vents,49.332925,-0.802176,Nuit sans éclairage public,Hors agglomération,Hors intersection,Autre,Autre collision,4,2,2,0,2,3,7,0,1,80,1,4,2,0,2,0,21.0,,voiture,,3,1,1,9,6
202400031487,2024-04-10 19:01:00,2024,4,10,19,1,38,38105,Route de Bonpertuis,45.405237,5.553417,Crépuscule ou aube,Hors agglomération,Hors intersection,Normale,Trois véhicules et plus - collisions multiples,3,2,2,0,1,4,1,0,1,80,3,4,0,0,1,3,35.0,24.0,utilitaire_camion,voiture,2,1,1,1,5
202400031488,2024-05-18 00:40:00,2024,5,18,0,40,93,93049,Avenue des Fauvettes / Avenue de Rosny,48.872312,2.507774,Nuit avec éclairage allumé,En agglomération,Intersection en X,Normale,Deux véhicules - côté,4,1,1,0,1,1,1,0,1,30,2,2,1,0,0,1,29.0,56.0,utilitaire_camion,voiture,5,2,2,1,3
202400031488,2024-05-18 00:40:00,2024,5,18,0,40,93,93049,Avenue des Fauvettes / Avenue de Rosny,48.872312,2.507774,Nuit avec éclairage allumé,En agglomération,Intersection en X,Normale,Deux véhicules - côté,4,2,2,0,2,1,1,0,1,30,2,2,1,0,0,1,29.0,56.0,utilitaire_camion,voiture,5,2,2,1,3
202400031489,2024-03-02 19:35:00,2024,3,2,19,35,94,94041,Rue Jules Vanzuppe / Rue Jean-Jacques Rousseau,48.81932,2.3927,Nuit avec éclairage allumé,En agglomération,Intersection en X,Pluie légère,Deux véhicules - côté,4,2,2,0,1,1,2,0,1,-1,2,2,1,0,0,1,25.0,37.0,deux_roues,voiture,5,2,2,2,3
202400031489,2024-03-02 19:35:00,2024,3,2,19,35,94,94041,Rue Jules Vanzuppe / Rue Jean-Jacques Rousseau,48.81932,2.3927,Nuit avec éclairage allumé,En agglomération,Intersection en X,Pluie légère,Deux véhicules - côté,4,2,2,0,1,1,2,0,1,50,2,2,1,0,0,1,25.0,37.0,deux_roues,voiture,5,2,2,2,3
202400031490,2024-04-11 12:20:00,2024,4,11,12,20,56,56165,Echangeur Saint Antoine,47.919635,-2.405357,Plein jour,Hors agglomération,Hors intersection,Normale,Autre collision,2,1,2,0,3,3,1,3,3,30,1,2,0,1,1,0,88.0,,voiture,,1,1,1,1,6
202400031491,2024-05-18 14:40:00,2024,5,18,14,40,93,93031,Avenue Joffre / Avenue Galliéni,48.96171,2.29543,Plein jour,En agglomération,Intersection en X,Normale,Autre collision,3,2,2,0,1,1,1,0,1,-1,1,2,1,0,0,1,52.0,,voiture,,1,2,2,1,6
202400031491,2024-05-18 14:40:00,2024,5,18,14,40,93,93031,Avenue Joffre / Avenue Galliéni,48.96171,2.29543,Plein jour,En agglomération,Intersection en X,Normale,Autre collision,3,3,4,0,1,1,1,0,1,50,1,2,1,0,0,1,52.0,,voiture,,1,2,2,1,6
202400031492,2024-01-16 07:40:00,2024,1,16,7,40,05,05017,D11,44.56276,6.198097,Crépuscule ou aube,Hors agglomération,Intersection en Y,Normale,Deux véhicules - frontale,3,2,2,0,1,1,1,0,1,80,2,2,1,0,1,0,27.0,55.0,voiture,voiture,2,1,4,1,1