accident_id,datetime,annee,mois,jour,heure,minute,departement,commune_insee,adresse,latitude,longitude,luminosite,agglomeration,intersection,meteo,collision,catr,circ,nbv,vosp,prof,plan,surf,infra,situ,vma,nb_vehicules,nb_usagers,nb_indemnes,nb_tues,nb_blesses_hosp,nb_blesses_legers,age_cond_1,age_cond_2,veh_type_cond_1,veh_type_cond_2,lum_code,agg_code,int_code,atm_code,col_code
202400031492,2024-01-16 07:40:00,2024,1,16,7,40,05,05017,D11,44.56276,6.198097,Crépuscule ou aube,Hors agglomération,Intersection en Y,Normale,Deux véhicules - frontale,3,2,2,-1,1,1,1,0,1,-1,2,2,1,0,1,0,27.0,55.0,voiture,voiture,2,1,4,1,1
202400031493,2024-04-11 11:57:00,2024,4,11,11,57,74,74010,Route d'albertville,45.883431,6.142033,Plein jour,En agglomération,Hors intersection,Normale,Autre collision,3,2,0,0,4,1,1,9,1,50,1,1,0,0,0,1,53.0,,deux_roues,,1,2,1,1,6
202400031494,2024-01-20 17:15:00,2024,1,20,17,15,64,64010,RD 29,43.355172,-1.022286,Plein jour,Hors agglomération,Hors intersection,Normale,Deux véhicules - côté,3,2,2,0,1,3,1,0,1,80,2,2,1,0,1,0,64.0,38.0,voiture,deux_roues,1,1,1,1,3
202400031495,2024-03-02 19:40:00,2024,3,2,19,40,94,94046,Avenue de la République / Rue de la Lune,48.80929,2.45362,Nuit avec éclairage allumé,En agglomération,Intersection en T,Pluie légère,Deux véhicules - frontale,3,2,2,0,1,1,2,0,1,50,2,2,1,0,0,1,38.0,21.0,voiture,deux_roues,5,2,3,2,1
202400031495,2024-03-02 19:40:00,2024,3,2,19,40,94,94046,Avenue de la République / Rue de la Lune,48.80929,2.45362,Nuit avec éclairage allumé,En agglomération,Intersection en T,Pluie légère,Deux véhicules - frontale,3,1,1,0,1,1,2,0,1,50,2,2,1,0,0,1,38.0,21.0,voiture,deux_roues,5,2,3,2,1
202400031496,2024-05-17 23:12:00,2024,5,17,23,12,93,93031,Avenue de la République / Avenue de la Marne,48.95013,2.32861,Nuit avec éclairage allumé,En agglomération,Intersection en X,Normale,Deux véhicules - côté,3,3,4,3,1,1,1,0,1,50,2,2,1,0,1,0,19.0,50.0,deux_roues,voiture,5,2,2,1,3
202400031496,2024-05-17 23:12:00,2024,5,17,23,12,93,93031,Avenue de la République / Avenue de la Marne,48.95013,2.32861,Nuit avec éclairage allumé,En agglomération,Intersection en X,Normale,Deux véhicules - côté,3,2,2,0,2,1,1,0,1,50,2,2,1,0,1,0,19.0,50.0,deux_roues,voiture,5,2,2,1,3
202400031497,2024-04-10 18:30:00,2024,4,10,18,30,77,77026,Beauchery-Saint-Martin,48.583229,3.425707,Plein jour,Hors agglomération,Hors intersection,Normale,Sans collision,3,2,2,0,1,2,1,0,8,90,1,1,0,0,0,1,24.0,,deux_roues,,1,1,1,1,7
202400031498,2024-01-21 14:45:00,2024,1,21,14,45,07,07009,Route Rd 86,45.217266,4.803289,Plein jour,Hors agglomération,Hors intersection,Normale,Autre collision,3,2,2,0,1,1,1,0,3,90,1,1,0,0,0,1,54.0,,voiture,,1,1,1,1,6
202400031499,2024-05-17 22:05:00,2024,5,17,22,5,92,92077,Rue de Saint Cloud,48.82833763,2.19035733,Nuit avec éclairage allumé,En agglomération,Hors intersection,Normale,Autre collision,3,-1,2,0,1,1,1,0,1,30,1,2,0,0,0,2,68.0,,voiture,,5,2,1,1,6
202400031500,2024-03-02 06:10:00,2024,3,2,6,10,94,94017,Rue de Verdun,48.8160224,2.48801681,Crépuscule ou aube,En agglomération,Hors intersection,Pluie légère,Deux véhicules - arrière,4,1,1,0,1,1,2,0,1,50,2,3,1,0,0,2,29.0,,voiture,voiture,2,2,1,2,2
202400031501,2024-05-18 14:10:00,2024,5,18,14,10,92,92048,VERD DE SAINT JULIEN (BOULEVARD),48.81773904,2.23023051,Plein jour,En agglomération,Autre intersection,Normale,Deux véhicules - arrière,3,-1,1,0,1,1,1,0,1,50,2,2,1,0,0,1,31.0,42.0,deux_roues,voiture,1,2,9,1,2
202400031502,2024-01-21 07:16:00,2024,1,21,7,16,40,40230,Avenue de la Chalosse,43.784205,-0.925502,Nuit sans éclairage public,En agglomération,Hors intersection,Normale,Autre collision,3,2,2,0,2,2,9,8,3,30,1,2,0,0,1,1,22.0,,voiture,,3,2,1,1,6
202400031503,2024-05-18 04:30:00,2024,5,18,4,30,92,92026,LAMBRECHTS,48.89773201,2.25669426,Nuit avec éclairage allumé,En agglomération,Hors intersection,Normale,Autre collision,4,2,2,0,1,1,1,0,1,50,1,1,0,0,0,1,25.0,,voiture,,5,2,1,1,6
202400031504,2024-03-02 13:00:00,2024,3,2,13,0,93,93070,Rue Ardoin,48.91481,2.32326,Plein jour,En agglomération,Hors intersection,Pluie légère,Deux véhicules - arrière,4,2,2,0,1,1,2,0,1,30,2,3,2,0,0,1,55.0,24.0,voiture,voiture,1,2,1,2,2
202400031505,2024-01-21 15:11:00,2024,1,21,15,11,40,40248,1716 Route du Marais,43.56944,-1.375811,Plein jour,Hors agglomération,Hors intersection,Normale,Autre collision,4,2,2,0,1,3,1,0,8,50,1,1,0,0,1,0,25.0,,deux_roues,,1,1,1,1,6
202400031506,2024-04-10 13:25:00,2024,4,10,13,25,49,49125,D170,47.180182,-0.307885,Plein jour,Hors agglomération,Hors intersection,Normale,Deux véhicules - arrière,3,2,2,0,1,1,1,0,1,80,2,4,2,0,1,1,20.0,30.0,voiture,voiture,1,1,1,1,2
202400031507,2024-03-02 19:10:00,2024,3,2,19,10,93,93066,Rue Henri Delaunay,48.925988,2.36343,Plein jour,En agglomération,Hors intersection,Pluie forte,Deux véhicules - côté,4,2,2,0,1,1,2,0,8,50,2,2,1,0,0,1,20.0,57.0,voiture,deux_roues,1,2,1,3,3
202400031508,2024-01-20 20:45:00,2024,1,20,20,45,24,24408,D74,45.316871,0.794696,Nuit sans éclairage public,Hors agglomération,Hors intersection,Normale,Deux véhicules - frontale,3,2,2,0,2,2,1,0,1,80,2,3,2,0,1,0,22.0,43.0,utilitaire_camion,voiture,3,1,1,1,1
202400031509,2024-04-11 16:08:00,2024,4,11,16,8,68,68182,D12b,47.511636,7.48596,Plein jour,Hors agglomération,Hors intersection,Normale,Deux véhicules - frontale,3,2,2,0,2,2,1,0,1,80,2,2,0,0,1,1,52.0,23.0,voiture,utilitaire_camion,1,1,1,1,1
202400031510,2024-05-18 16:03:00,2024,5,18,16,3,63,63026,Boulevard du Lac Sauteyras,45.66502248,2.98118585,Plein jour,En agglomération,Hors intersection,Normale,Deux véhicules - arrière,3,2,2,0,1,1,1,0,1,50,2,2,1,0,0,1,74.0,54.0,deux_roues,deux_roues,1,2,1,1,2
202400031511,2024-01-20 13:05:00,2024,1,20,13,5,28,28391,D927,48.188908,1.916283,Plein jour,Hors agglomération,Hors intersection,Normale,Autre collision,3,2,2,0,1,1,1,0,3,80,1,1,0,0,0,1,20.0,,voiture,,1,1,1,1,6
202400031512,2024-03-02 13:30:00,2024,3,2,13,30,93,93057,Avenue Jean Jaurès / Allée Pierre Brossolette / Allée Robillard,48.904284,2.504715,Plein jour,En agglomération,Intersection en X,Pluie légère,Deux véhicules - côté,3,2,2,0,1,1,2,5,1,50,2,2,1,0,0,1,25.0,20.0,voiture,deux_roues,1,2,2,2,3
202400031512,2024-03-02 13:30:00,2024,3,2,13,30,93,93057,Avenue Jean Jaurès / Allée Pierre Brossolette / Allée Robillard,48.904284,2.504715,Plein jour,En agglomération,Intersection en X,Pluie légère,Deux véhicules - côté,3,1,1,0,1,1,2,5,1,50,2,2,1,0,0,1,25.0,20.0,voiture,deux_roues,1,2,2,2,3
202400031512,2024-03-02 13:30:00,2024,3,2,13,30,93,93057,Avenue Jean Jaurès / Allée Pierre Brossolette / Allée Robillard,48.904284,2.504715,Plein jour,En agglomération,Intersection en X,Pluie légère,Deux véhicules - côté,3,2,2,0,1,1,2,5,1,50,2,2,1,0,0,1,25.0,20.0,voiture,deux_roues,1,2,2,2,3
202400031513,2024-04-10 20:20:00,2024,4,10,20,20,39,39510,,46.362108,5.895184,Crépuscule ou aube,Hors agglomération,Hors intersection,Normale,Deux véhicules - arrière,3,2,2,0,2,1,1,0,1,80,2,2,1,0,0,1,34.0,44.0,voiture,voiture,2,1,1,1,2
202400031514,2024-05-19 03:00:00,2024,5,19,3,0,83,83154,28 Route de Mappe,43.506544,6.287809,Nuit avec éclairage allumé,En agglomération,Hors intersection,Normale,Autre collision,3,2,2,0,1,2,1,2,3,50,1,1,0,0,1,0,32.0,,voiture,,5,2,1,1,6
202400031515,2024-03-02 12:45:00,2024,3,2,12,45,93,93005,Rue Marco Polo / Rue Edgar Degas,48.95621127,2.49595106,Nuit sans éclairage public,En agglomération,Intersection en X,Pluie forte,Deux véhicules - côté,4,2,2,0,1,1,2,0,1,50,2,3,2,0,0,1,38.0,24.0,voiture,voiture,3,2,2,3,3
202400031515,2024-03-02 12:45:00,2024,3,2,12,45,93,93005,Rue Marco Polo / Rue Edgar Degas,48.95621127,2.49595106,Nuit sans éclairage public,En agglomération,Intersection en X,Pluie forte,Deux véhicules - côté,4,2,2,0,1,1,2,9,1,50,2,3,2,0,0,1,38.0,24.0,voiture,voiture,3,2,2,3,3
202400031516,2024-05-18 16:40:00,2024,5,18,16,40,41,41208,D 65,47.608362,1.047263,Plein jour,Hors agglomération,Hors intersection,Pluie légère,Sans collision,3,2,2,0,1,2,2,0,1,80,1,2,1,0,1,0,66.0,,deux_roues,,1,1,1,2,7
202400031517,2024-04-09 08:00:00,2024,4,9,8,0,38,38399,D518,45.502927,5.125779,Plein jour,En agglomération,Hors intersection,Pluie forte,Trois véhicules et plus - collisions multiples,3,2,2,0,1,1,2,0,1,70,3,3,2,0,0,1,40.0,26.0,voiture,voiture,1,2,1,3,5
202400031518,2024-01-21 06:00:00,2024,1,21,6,0,80,80318,Autoroute A16 - PK 147+675,50.025401,2.100175,Nuit sans éclairage public,Hors agglomération,Hors intersection,Normale,Trois véhicules et plus - collisions multiples,1,3,2,0,2,1,7,0,1,130,7,15,7,0,2,6,39.0,52.0,voiture,utilitaire_camion,3,1,1,1,5
202400031519,2024-03-02 22:00:00,2024,3,2,22,0,93,93005,Boulevard du Général Galliéni,48.931421,2.497178,Nuit avec éclairage allumé,En agglomération,Hors intersection,Pluie légère,Deux véhicules - arrière,4,2,2,0,1,2,2,0,1,50,2,4,1,0,0,3,25.0,42.0,voiture,voiture,5,2,1,2,2
202400031520,2024-01-21 14:55:00,2024,1,21,14,55,18,18148,,47.203119,2.034627,Plein jour,Hors agglomération,Hors intersection,Normale,Sans collision,1,3,2,0,1,2,1,3,3,130,1,1,0,1,0,0,24.0,,voiture,,1,1,1,1,7
202400031521,2024-05-18 05:15:00,2024,5,18,5,15,972,97207,route nationale 8,14.566066,-60.965012,Crépuscule ou aube,Hors agglomération,Hors intersection,Normale,Deux véhicules - frontale,2,2,2,0,2,3,1,0,1,90,2,2,0,0,1,1,27.0,39.0,voiture,voiture,2,1,1,1,1
202400031522,2024-03-02 15:00:00,2024,3,2,15,0,92,92046,GABRIEL PERI,48.81921697,2.30151737,Plein jour,En agglomération,Intersection en T,Pluie forte,Deux véhicules - côté,3,2,2,1,1,1,2,0,1,50,2,2,1,0,0,1,43.0,30.0,deux_roues,deux_roues,1,2,3,3,3
202400031522,2024-03-02 15:00:00,2024,3,2,15,0,92,92046,GABRIEL PERI,48.81921697,2.30151737,Plein jour,En agglomération,Intersection en T,Pluie forte,Deux véhicules - côté,3,1,2,0,1,3,2,0,1,50,2,2,1,0,0,1,43.0,30.0,deux_roues,deux_roues,1,2,3,3,3
202400031523,2024-04-11 16:35:00,2024,4,11,16,35,01,01273,547 Rue du Docteur Hubert,46.074131,5.376311,Plein jour,En agglomération,Intersection en T,Normale,Deux véhicules - côté,3,2,2,0,1,1,1,0,1,50,2,2,1,0,0,1,50.0,40.0,deux_roues,voiture,1,2,3,1,3
202400031523,2024-04-11 16:35:00,2024,4,11,16,35,01,01273,547 Rue du Docteur Hubert,46.074131,5.376311,Plein jour,En agglomération,Intersection en T,Normale,Deux véhicules - côté,3,-1, -1,0,1,1,1,0,8,-1,2,2,1,0,0,1,50.0,40.0,deux_roues,voiture,1,2,3,1,3
202400031524,2024-01-20 00:40:00,2024,1,20,0,40,987,98745,Tahaa,-16.578421,-151.516078,Nuit avec éclairage allumé,Hors agglomération,Hors intersection,Normale,Autre collision,2,2,2,0,1,1,1,0,1,60,1,1,0,0,1,0,38.0,,deux_roues,,5,1,1,1,6
202400031525,2024-05-18 22:00:00,2024,5,18,22,0,972,97227,N5 corps de garde,14.46989,-60.944649,Nuit sans éclairage public,Hors agglomération,Hors intersection,Pluie légère,Deux véhicules - arrière,2,2,3,0,1,1,2,0,1,80,2,3,1,1,0,1,28.0,32.0,deux_roues,voiture,3,1,1,2,2
202400031526,2024-01-20 15:00:00,2024,1,20,15,0,34,34172,A709,43.60256,3.924222,Plein jour,Hors agglomération,Hors intersection,Normale,Sans collision,1,1,3,0,1,1,1,0,1,90,1,1,0,0,1,0,72.0,,deux_roues,,1,1,1,1,7
202400031527,2024-05-18 18:30:00,2024,5,18,18,30,88,88115,Route de la Houssière,48.176659,6.880118,Plein jour,En agglomération,Hors intersection,Pluie légère,Autre collision,3,2,2,0,1,3,2,0,3,50,1,1,0,0,0,1,68.0,,voiture,,1,2,1,2,6
202400031528,2024-03-02 14:32:00,2024,3,2,14,32,92,92033,GARE,48.83847492,2.1867156,Plein jour,En agglomération,Giratoire,Pluie légère,Deux véhicules - côté,4,2,2,0,1,1,2,8,1,50,2,2,0,0,0,2,51.0,52.0,voiture,voiture,1,2,6,2,3
202400031528,2024-03-02 14:32:00,2024,3,2,14,32,92,92033,GARE,48.83847492,2.1867156,Plein jour,En agglomération,Giratoire,Pluie légère,Deux véhicules - côté,4,4,2,0,1,1,2,8,1,50,2,2,0,0,0,2,51.0,52.0,voiture,voiture,1,2,6,2,3
202400031529,2024-04-11 11:25:00,2024,4,11,11,25,07,07078,intersection rue de la lombardiére et rue Christophe colomb DAVÉZIEUX 07430,45.253086,4.696639,Plein jour,En agglomération,Intersection en T,Normale,Deux véhicules - côté,4,2,2,0,1,1,1,0,8,50,2,2,1,0,0,1,42.0,20.0,deux_roues,voiture,1,2,3,1,3
202400031529,2024-04-11 11:25:00,2024,4,11,11,25,07,07078,intersection rue de la lombardiére et rue Christophe colomb DAVÉZIEUX 07430,45.253086,4.696639,Plein jour,En agglomération,Intersection en T,Normale,Deux véhicules - côté,4,2,2,0,2,1,1,0,5,50,2,2,1,0,0,1,42.0,20.0,deux_roues,voiture,1,2,3,1,3
202400031530,2024-01-21 00:10:00,2024,1,21,0,10,28,28169,A10,48.432497,1.904154,Nuit sans éclairage public,Hors agglomération,Hors intersection,Normale,Deux véhicules - arrière,1,3,3,0,1,1,2,0,1,130,2,5,1,0,0,4,42.0,,voiture,voiture,3,1,1,1,2
202400031531,2024-05-18 04:00:00,2024,5,18,4,0,35,35152,A84,48.217868,-1.50768,Nuit sans éclairage public,Hors agglomération,Hors intersection,Normale,Deux véhicules - arrière,1,3,2,0,1,1,1,0,1,130,2,2,0,0,0,2,30.0,19.0,voiture,voiture,3,1,1,1,2
202400031532,2024-05-17 09:45:00,2024,5,17,9,45,24,24309,A89 PK92,45.07475539,0.44741057,Plein jour,Hors agglomération,Autre intersection,Normale,Deux véhicules - côté,1,1,2,0,1,1,1,7,1,130,2,2,1,0,1,0,57.0,59.0,utilitaire_camion,deux_roues,1,1,9,1,3
202400031533,2024-04-10 15:25:00,2024,4,10,15,25,53,53062,RD 962,47.793279,-0.708414,Plein jour,Hors agglomération,Hors intersection,Normale,Deux véhicules - frontale,3,2,2,0,1,1,1,0,1,90,2,3,0,0,2,1,25.0,88.0,voiture,voiture,1,1,1,1,1
202400031534,2024-01-20 19:50:00,2024,1,20,19,50,77,77343,RD17,49.02934274,3.05213928,Nuit sans éclairage public,Hors agglomération,Hors intersection,Normale,Deux véhicules - côté,3,2,2,0,1,4,7,0,1,80,2,3,1,1,0,1,23.0,58.0,voiture,voiture,3,1,1,1,3
202400031535,2024-03-02 01:40:00,2024,3,2,1,40,92,92012,ANDRE MORIZET (AVENUE) 1/47 - 2/52,48.8350084,2.24128515,Nuit avec éclairage allumé,En agglomération,Intersection en X,Normale,Deux véhicules - côté,3,2,3,0,1,1,2,0,1,50,2,6,4,0,0,2,25.0,68.0,voiture,voiture,5,2,2,1,3
202400031535,2024-03-02 01:40:00,2024,3,2,1,40,92,92012,ANDRE MORIZET (AVENUE) 1/47 - 2/52,48.8350084,2.24128515,Nuit avec éclairage allumé,En agglomération,Intersection en X,Normale,Deux véhicules - côté,3,1,3,0,1,1,2,0,1,30,2,6,4,0,0,2,25.0,68.0,voiture,voiture,5,2,2,1,3
202400031536,2024-05-19 09:20:00,2024,5,19,9,20,56,56175,31 Rue Anne de Bretagne,47.73946,-2.915851,Plein jour,En agglomération,Hors intersection,Normale,Deux véhicules - frontale,3,2,2,0,1,1,1,0,1,50,2,2,1,0,1,0,25.0,17.0,voiture,deux_roues,1,2,1,1,1
202400031537,2024-01-21 06:20:00,2024,1,21,6,20,2B,2B055,Campitello,42.508473,9.321835,Nuit sans éclairage public,Hors agglomération,Hors intersection,Normale,Autre collision,2,2,2,0,1,2,1,0,3,80,1,3,0,0,3,0,27.0,,voiture,,3,1,1,1,6
202400031538,2024-04-11 08:35:00,2024,4,11,8,35,30,30073,D6086,43.95244169,4.56698871,Plein jour,Hors agglomération,Hors intersection,Normale,Deux véhicules - arrière,3,2,2,0,1,1,1,0,1,80,2,2,1,0,1,0,31.0,49.0,autre,utilitaire_camion,1,1,1,1,2
202400031539,2024-01-20 03:35:00,2024,1,20,3,35,54,54397,95 Rue Jean Jaures,48.620765,6.106467,Nuit avec éclairage allumé,En agglomération,Hors intersection,Normale,Autre collision,3,2,2,0,2,1,1,0,4,50,1,1,0,0,0,1,36.0,,voiture,,5,2,1,1,6
202400031540,2024-03-02 23:10:00,2024,3,2,23,10,39,39271,Le Voisinal,46.611575,6.006067,Nuit sans éclairage public,En agglomération,Hors intersection,Normale,Deux véhicules - frontale,3,2,2,0,3,1,1,0,1,50,2,4,0,1,3,0,57.0,22.0,voiture,voiture,3,2,1,1,1
202400031541,2024-05-19 08:20:00,2024,5,19,8,20,56,56251,Graz Iliz,47.630694,-2.640957,Plein jour,Hors agglomération,Hors intersection,Normale,Deux véhicules - arrière,2,3,4,0,1,2,1,0,1,110,2,3,0,0,1,2,47.0,23.0,voiture,voiture,1,1,1,1,2
202400031542,2024-01-21 04:20:00,2024,1,21,4,20,42,42304,16 rue du 11 novembre,45.539833,4.183839,Nuit avec éclairage allumé,En agglomération,Hors intersection,Normale,Autre collision,4,2,2,0,2,1,1,0,1,50,1,2,0,0,1,1,22.0,,voiture,,5,2,1,1,6
202400031543,2024-04-05 16:45:00,2024,4,5,16,45,34,34116,rond point du salinier,43.643876,3.822657,Plein jour,En agglomération,Giratoire,Normale,Deux véhicules - côté,7,1,2,1,1,2,1,0,1,-1,2,2,1,0,1,0,75.0,45.0,voiture,deux_roues,1,2,6,1,3
202400031544,2024-05-19 17:27:00,2024,5,19,17,27,69,69066,Rue de la Cime de Cours,46.119905,4.342687,Plein jour,En agglomération,Intersection en X,Normale,Sans collision,4,2,2,0,2,1,1,0,1,-1,1,1,0,0,1,0,18.0,,deux_roues,,1,2,2,1,7
202400031544,2024-05-19 17:27:00,2024,5,19,17,27,69,69066,Rue de la Cime de Cours,46.119905,4.342687,Plein jour,En agglomération,Intersection en X,Normale,Sans collision,4,2,2,0,2,3,1,0,1,50,1,1,0,0,1,0,18.0,,deux_roues,,1,2,2,1,7
202400031545,2024-03-03 13:00:00,2024,3,3,13,0,52,52469,D101,48.08629773,5.01815557,Plein jour,Hors agglomération,Hors intersection,Normale,Sans collision,3,2,2,0,1,2,1,0,1,80,1,5,3,0,0,2,20.0,,voiture,,1,1,1,1,7
202400031546,2024-01-19 12:20:00,2024,1,19,12,20,42,42304,373 Route d'Épeluy,45.5443196,4.18940373,Plein jour,En agglomération,Hors intersection,Pluie légère,Deux véhicules - côté,3,2,2,0,2,1,2,0,1,50,2,2,1,0,1,0,18.0,43.0,deux_roues,voiture,1,2,1,2,3
202400031547,2024-05-19 08:40:00,2024,5,19,8,40,32,32242,D929,43.447486,0.578703,Plein jour,Hors agglomération,Hors intersection,Normale,Sans collision,3,2,2,0,1,1,2,0,1,90,1,1,0,0,0,1,15.0,,deux_roues,,1,1,1,1,7
202400031548,2024-04-10 20:20:00,2024,4,10,20,20,987,98715,Route de Puurai,-17.560349,-149.593996,Nuit avec éclairage non allumé,En agglomération,Intersection en T,Normale,Deux véhicules - frontale,4,2,2,0,2,1,2,0,1,40,2,3,1,0,2,0,27.0,37.0,utilitaire_camion,deux_roues,4,2,3,1,1
202400031548,2024-04-10 20:20:00,2024,4,10,20,20,987,98715,Route de Puurai,-17.560349,-149.593996,Nuit avec éclairage non allumé,En agglomération,Intersection en T,Normale,Deux véhicules - frontale,4,2,2,-1,1,1,2,0,1,-1,2,3,1,0,2,0,27.0,37.0,utilitaire_camion,deux_roues,4,2,3,1,1
202400031549,2024-05-19 04:40:00,2024,5,19,4,40,22,22042,Lieu Dit Pen Ar Chra,48.754654,-3.312786,Crépuscule ou aube,Hors agglomération,Hors intersection,Normale,Deux véhicules - frontale,3,2,2,0,1,2,1,0,1,80,2,2,0,1,0,1,20.0,19.0,voiture,deux_roues,2,1,1,1,1
202400031550,2024-01-21 10:15:00,2024,1,21,10,15,80,80421,pk 117,49.767227,2.795999,Plein jour,Hors agglomération,Hors intersection,Normale,Deux véhicules - arrière,1,1,3,0,1,1,1,0,1,130,2,3,2,0,0,1,19.0,40.0,voiture,transport_commun,1,1,1,1,2
202400031551,2024-04-10 19:15:00,2024,4,10,19,15,38,38212,Rioupéroux - HLM (Arrêt de bus),45.089297,5.901761,Plein jour,En agglomération,Hors intersection,Normale,Autre collision,3,2,2,0,2,1,1,0,1,50,1,2,1,0,0,1,29.0,,voiture,,1,2,1,1,6
202400031552,2024-04-25 19:55:00,2024,4,25,19,55,29,29197,Rue du Général de Gaulle,48.01509335,-4.49169,Plein jour,En agglomération,Hors intersection,Normale,Deux véhicules - frontale,3,2,2,0,1,1,1,0,1,50,2,2,1,0,1,0,28.0,67.0,utilitaire_camion,voiture,1,2,1,1,1
202400031553,2024-01-20 15:55:00,2024,1,20,15,55,59,59315,Route Departementale 649,50.30502,3.774319,Plein jour,Hors agglomération,Hors intersection,Autre,Deux véhicules - côté,3,3,2,0,1,1,2,0,1,110,2,3,2,0,1,0,23.0,39.0,voiture,voiture,1,1,1,9,3
202400031554,2024-04-11 08:10:00,2024,4,11,8,10,01,01363,D1084,46.043053,5.366017,Plein jour,Hors agglomération,Hors intersection,Normale,Deux véhicules - côté,3,2,2,0,1,1,1,0,1,80,2,4,2,0,1,1,36.0,44.0,voiture,utilitaire_camion,1,1,1,1,3
202400031555,2024-05-18 18:00:00,2024,5,18,18,0,38,38265,Route de la Festinière,44.955202,5.751573,Plein jour,En agglomération,Hors intersection,Temps couvert,Deux véhicules - arrière,3,2,2,0,2,1,1,0,1,30,2,2,1,0,1,0,58.0,41.0,voiture,deux_roues,1,2,1,8,2
202400031556,2024-01-19 18:15:00,2024,1,19,18,15,13,13214,A7-Sens Marseille vers Lyon,43.32477293,5.37850846,Nuit sans éclairage public,Hors agglomération,Hors intersection,Normale,Deux véhicules - arrière,1,1,3,0,1,1,1,0,1,90,3,5,3,0,0,2,37.0,32.0,voiture,voiture,3,1,1,1,2
202400031557,2024-05-19 02:05:00,2024,5,19,2,5,13,13045,Rue du Calada,43.852981,4.770864,Nuit avec éclairage allumé,En agglomération,Hors intersection,Normale,Deux véhicules - frontale,4,2,2,0,1,1,1,0,1,30,2,2,1,0,0,1,51.0,18.0,voiture,deux_roues,5,2,1,1,1
202400031558,2024-04-11 08:40:00,2024,4,11,8,40,34,34295,Route Departementale 613,43.564429,3.803297,Plein jour,Hors agglomération,Hors intersection,Normale,Deux véhicules - arrière,7,2,1,0,1,1,1,0,1,90,2,4,3,0,0,1,23.0,27.0,voiture,voiture,1,1,1,1,2
202400031559,2024-05-19 16:45:00,2024,5,19,16,45,02,02558,D75,50.006105,3.88091,Plein jour,Hors agglomération,Hors intersection,Normale,Sans collision,3,2,2,0,1,2,1,0,3,80,1,1,0,0,1,0,27.0,,deux_roues,,1,1,1,1,7
202400031560,2024-01-20 17:00:00,2024,1,20,17,0,94,94021,A6A,48.76224266,2.34059909,Crépuscule ou aube,Hors agglomération,Hors intersection,Normale,Deux véhicules - côté,1,3,3,0,1,1,1,0,1,110,2,2,0,0,0,2,31.0,19.0,voiture,voiture,2,1,1,1,3
202400031561,2024-04-09 10:45:00,2024,4,9,10,45,13,13037,A7,43.561642,5.228119,Plein jour,Hors agglomération,Hors intersection,Normale,Deux véhicules - côté,1,1,2,0,2,1,2,0,1,110,2,4,2,0,0,2,48.0,65.0,voiture,utilitaire_camion,1,1,1,1,3
202400031562,2024-01-20 10:50:00,2024,1,20,10,50,91,91689,AUTOROUTE A10,48.74124,2.32094,Plein jour,Hors agglomération,Hors intersection,Normale,Deux véhicules - arrière,1,1,2,0,1,1,2,0,1,70,2,3,1,0,0,2,36.0,39.0,utilitaire_camion,voiture,1,1,1,1,2
202400031563,2024-05-19 01:15:00,2024,5,19,1,15,14,14057,857 Route de Garcelles,49.108591,-0.265579,Nuit sans éclairage public,Hors agglomération,Hors intersection,Normale,Autre collision,3,2,2,0,1,1,1,0,3,80,1,1,0,0,0,1,35.0,,voiture,,3,1,1,1,6
202400031564,2024-04-11 08:00:00,2024,4,11,8,0,34,34123,Rue du Pergasan,43.618435,3.792,Plein jour,En agglomération,Autre intersection,Normale,Autre collision,4,2,2,0,1,1,1,6,1,50,1,2,1,1,0,0,20.0,,voiture,,1,2,9,1,6
202400031565,2024-01-20 07:45:00,2024,1,20,7,45,91,91086,RN 104,48.624998,2.395532,Crépuscule ou aube,Hors agglomération,Hors intersection,Normale,Autre collision,2,1,2,0,1,1,1,0,1,110,1,1,0,0,0,1,36.0,,utilitaire_camion,,2,1,1,1,6
202400031566,2024-05-19 11:25:00,2024,5,19,11,25,50,50076,8 Avenue du Golf,48.903765,-1.564742,Plein jour,En agglomération,Intersection en T,Normale,Sans collision,4,-1, -1,-1,1,1,1,0,1,-1,1,2,1,0,0,1,56.0,,utilitaire_camion,,1,2,3,1,7
202400031566,2024-05-19 11:25:00,2024,5,19,11,25,50,50076,8 Avenue du Golf,48.903765,-1.564742,Plein jour,En agglomération,Intersection en T,Normale,Sans collision,4,2,2,0,1,1,1,0,1,50,1,2,1,0,0,1,56.0,,utilitaire_camion,,1,2,3,1,7
202400031567,2024-04-10 11:30:00,2024,4,10,11,30,987,98714,Matira,-16.492619,-151.750464,Plein jour,Hors agglomération,Hors intersection,Normale,Deux véhicules - côté,2,2,2,0,1,3,1,0,1,40,2,2,1,0,0,1,19.0,36.0,deux_roues,deux_roues,1,1,1,1,3
202400031568,2024-01-19 19:00:00,2024,1,19,19,0,94,94018,A4,48.82320034,2.39580432,Crépuscule ou aube,Hors agglomération,Hors intersection,Normale,Trois véhicules et plus - en chaîne,1,1,5,0,1,1,1,0,1,90,3,4,2,0,0,2,57.0,24.0,voiture,voiture,2,1,1,1,4