accident_id,datetime,annee,mois,jour,heure,minute,departement,commune_insee,adresse,latitude,longitude,luminosite,agglomeration,intersection,meteo,collision,catr,circ,nbv,vosp,prof,plan,surf,infra,situ,vma,nb_vehicules,nb_usagers,nb_indemnes,nb_tues,nb_blesses_hosp,nb_blesses_legers,age_cond_1,age_cond_2,veh_type_cond_1,veh_type_cond_2,lum_code,agg_code,int_code,atm_code,col_code
202400031569,2024-05-18 22:45:00,2024,5,18,22,45,50,50082,Rue Freres Fremines,49.473196,-1.627623,Nuit avec éclairage allumé,En agglomération,Intersection en Y,Normale,Deux véhicules - frontale,3,2,2,0,1,1,1,0,1,50,2,4,3,0,1,0,22.0,50.0,deux_roues,voiture,5,2,4,1,1
202400031569,2024-05-18 22:45:00,2024,5,18,22,45,50,50082,Rue Freres Fremines,49.473196,-1.627623,Nuit avec éclairage allumé,En agglomération,Intersection en Y,Normale,Deux véhicules - frontale,3,2,2,0,1,1,1,0,1,50,2,4,3,0,1,0,22.0,50.0,deux_roues,voiture,5,2,4,1,1
202400031570,2024-01-20 08:37:00,2024,1,20,8,37,988,98818,Sur piste cyclable de la PROMENADE PIERRE VERNIER,-22.30511,166.45926,Plein jour,En agglomération,Hors intersection,Normale,Deux véhicules - frontale,4,2,2,1,1,3,1,-1,5,20,2,2,0,0,0,2,75.0,54.0,deux_roues,deux_roues,1,2,1,1,1
202400031571,2024-05-19 16:00:00,2024,5,19,16,0,83,83007,RD957 Pk22,43.64681336,6.22300327,Plein jour,Hors agglomération,Hors intersection,Normale,Deux véhicules - frontale,3,2,2,0,2,2,1,0,1,90,2,2,1,0,1,0,40.0,52.0,deux_roues,voiture,1,1,1,1,1
202400031572,2024-01-19 09:33:00,2024,1,19,9,33,973,97302,GALMOT (ROND-POINT),4.93129569,-52.33001053,Plein jour,En agglomération,Giratoire,Normale,Deux véhicules - arrière,2,1,2,0,1,3,1,0,1,50,2,2,1,0,0,1,23.0,39.0,voiture,deux_roues,1,2,6,1,2
202400031573,2024-04-10 16:00:00,2024,4,10,16,0,988,98821,VE2 à hauteur de Savannah,-22.16452,166.39024,Plein jour,Hors agglomération,Hors intersection,Normale,Sans collision,1,2,4,0,1,1,1,0,1,110,1,9,2,1,4,2,35.0,,voiture,,1,1,1,1,7
202400031574,2024-05-19 03:30:00,2024,5,19,3,30,60,60471,D938,49.577426,2.982316,Nuit sans éclairage public,Hors agglomération,Hors intersection,Normale,Sans collision,3,2,2,0,4,1,1,0,3,70,1,1,0,0,0,1,60.0,,voiture,,3,1,1,1,7
202400031575,2024-04-11 07:20:00,2024,4,11,7,20,33,33165,,44.825926,-0.424197,Plein jour,Hors agglomération,Hors intersection,Normale,Deux véhicules - côté,3,2,2,0,1,1,1,0,1,80,2,2,1,0,1,0,16.0,30.0,voiture,deux_roues,1,1,1,1,3
202400031576,2024-01-18 21:59:00,2024,1,18,21,59,973,97302,ZEPHIR (ROCADE),4.93803,-52.30632,Nuit avec éclairage non allumé,En agglomération,Intersection en T,Normale,Deux véhicules - côté,3,2,2,0,1,1,1,0,1,50,2,3,0,0,0,3,23.0,26.0,voiture,voiture,4,2,3,1,3
202400031576,2024-01-18 21:59:00,2024,1,18,21,59,973,97302,ZEPHIR (ROCADE),4.93803,-52.30632,Nuit avec éclairage non allumé,En agglomération,Intersection en T,Normale,Deux véhicules - côté,3,3,2,0,1,1,1,0,1,50,2,3,0,0,0,3,23.0,26.0,voiture,voiture,4,2,3,1,3
202400031577,2024-05-18 17:00:00,2024,5,18,17,0,18,18164,,46.843066,2.981951,Plein jour,Hors agglomération,Intersection en X,Normale,Deux véhicules - côté,3,2,2,0,1,1,1,0,1,80,2,2,1,0,1,0,43.0,23.0,utilitaire_camion,voiture,1,1,2,1,3
202400031577,2024-05-18 17:00:00,2024,5,18,17,0,18,18164,,46.843066,2.981951,Plein jour,Hors agglomération,Intersection en X,Normale,Deux véhicules - côté,3,2,2,0,1,1,1,0,1,80,2,2,1,0,1,0,43.0,23.0,utilitaire_camion,voiture,1,1,2,1,3
202400031578,2024-04-10 22:20:00,2024,4,10,22,20,66,66176,D11,42.795279,2.957055,Nuit sans éclairage public,Hors agglomération,Hors intersection,Normale,Sans collision,3,2,2,0,1,3,1,0,3,80,1,1,0,0,1,0,51.0,,voiture,,3,1,1,1,7
202400031579,2024-01-19 08:45:00,2024,1,19,8,45,69,69385,11 Rue de Champvert,45.75958596,4.79583129,Plein jour,En agglomération,Intersection en X,Normale,Sans collision,4,2,2,0,1,1,1,0,1,50,1,1,0,0,0,1,53.0,,deux_roues,,1,2,2,1,7
202400031579,2024-01-19 08:45:00,2024,1,19,8,45,69,69385,11 Rue de Champvert,45.75958596,4.79583129,Plein jour,En agglomération,Intersection en X,Normale,Sans collision,4,2,2,2,1,1,1,0,1,30,1,1,0,0,0,1,53.0,,deux_roues,,1,2,2,1,7
202400031580,2024-04-11 19:30:00,2024,4,11,19,30,83,83047,rond point des harkis,43.155074,6.06941,Crépuscule ou aube,En agglomération,Giratoire,Temps éblouissant,Autre collision,3,2,1,0,1,3,1,5,1,50,1,2,1,0,1,0,49.0,,voiture,,2,2,6,7,6
202400031581,2024-05-19 10:10:00,2024,5,19,10,10,07,07129,D534,44.996793,4.605846,Plein jour,Hors agglomération,Intersection en Y,Normale,Deux véhicules - frontale,3,2,2,0,2,2,1,5,1,90,2,2,1,0,1,0,78.0,52.0,voiture,deux_roues,1,1,4,1,1
202400031581,2024-05-19 10:10:00,2024,5,19,10,10,07,07129,D534,44.996793,4.605846,Plein jour,Hors agglomération,Intersection en Y,Normale,Deux véhicules - frontale,3,2,2,0,3,3,1,0,1,90,2,2,1,0,1,0,78.0,52.0,voiture,deux_roues,1,1,4,1,1
202400031582,2024-01-18 15:11:00,2024,1,18,15,11,971,97105,GASTON FEUILLARD(AVENUE),15.99928,-61.72161,Plein jour,En agglomération,Hors intersection,Normale,Deux véhicules - côté,3,2,2,0,1,1,1,0,1,50,2,2,1,0,0,1,63.0,21.0,voiture,deux_roues,1,2,1,1,3
202400031583,2024-04-11 07:20:00,2024,4,11,7,20,13,13066,D29,43.840594,4.883122,Plein jour,Hors agglomération,Hors intersection,Autre,Deux véhicules - côté,3,2,2,0,1,1,1,0,1,80,2,2,1,0,1,0,17.0,31.0,deux_roues,utilitaire_camion,1,1,1,9,3
202400031584,2024-01-19 05:10:00,2024,1,19,5,10,91,91161,PABLO (PARKING DU),48.71308,2.29992,Nuit sans éclairage public,En agglomération,Hors intersection,Normale,Autre collision,5,-1,0,0,1,1,1,0,1,30,1,3,1,0,1,1,25.0,,utilitaire_camion,,3,2,1,1,6
202400031585,2024-05-19 07:10:00,2024,5,19,7,10,17,17235,Avenue de la République,45.804258,-0.399376,Plein jour,En agglomération,Hors intersection,Normale,Sans collision,3,2,2,0,2,2,1,0,3,50,1,4,3,0,1,0,20.0,,voiture,,1,2,1,1,7
202400031586,2024-05-19 04:00:00,2024,5,19,4,0,23,23025,La Borde,46.323216,1.897084,Nuit sans éclairage public,Hors agglomération,Hors intersection,Normale,Autre collision,3,2,2,0,1,2,2,9,3,90,1,1,0,0,1,0,30.0,,voiture,,3,1,1,1,6
202400031587,2024-01-19 08:00:00,2024,1,19,8,0,91,91097,CHARLES DE GAULLE (AVENUE),48.68947,2.52549,Crépuscule ou aube,En agglomération,Hors intersection,Normale,Deux véhicules - côté,3,2,2,3,1,1,7,0,1,50,2,5,4,0,0,1,54.0,54.0,voiture,voiture,2,2,1,1,3
202400031588,2024-04-10 12:00:00,2024,4,10,12,0,13,13027,Rue Jean-baptiste Lacroix,43.880959,4.860474,Plein jour,En agglomération,Intersection en T,Vent fort / tempête,Deux véhicules - frontale,4,2,2,0,1,1,1,0,1,50,2,2,1,0,0,1,33.0,32.0,deux_roues,deux_roues,1,2,3,6,1
202400031588,2024-04-10 12:00:00,2024,4,10,12,0,13,13027,Rue Jean-baptiste Lacroix,43.880959,4.860474,Plein jour,En agglomération,Intersection en T,Vent fort / tempête,Deux véhicules - frontale,4,2,2,0,2,1,1,0,1,50,2,2,1,0,0,1,33.0,32.0,deux_roues,deux_roues,1,2,3,6,1
202400031589,2024-05-18 17:20:00,2024,5,18,17,20,87,87103,Avenue des Pins,46.001098,1.182522,Plein jour,Hors agglomération,Hors intersection,Normale,Deux véhicules - frontale,3,2,2,0,2,3,1,0,1,70,2,4,2,0,1,1,78.0,44.0,voiture,voiture,1,1,1,1,1
202400031590,2024-04-11 04:00:00,2024,4,11,4,0,26,26165,A7- PK 086.000,44.797124,4.844713,Nuit sans éclairage public,Hors agglomération,Hors intersection,Vent fort / tempête,Sans collision,1,3,3,0,1,1,1,0,1,130,1,1,0,0,1,0,76.0,,deux_roues,,3,1,1,6,7
202400031591,2024-01-19 14:40:00,2024,1,19,14,40,91,91228,JEAN MONNET (BOULEVARD),48.6223,2.41699,Plein jour,En agglomération,Intersection en T,Normale,Deux véhicules - côté,3,1,0,0,1,1,1,0,1,50,2,2,1,0,0,1,52.0,36.0,voiture,utilitaire_camion,1,2,3,1,3
202400031591,2024-01-19 14:40:00,2024,1,19,14,40,91,91228,JEAN MONNET (BOULEVARD),48.6223,2.41699,Plein jour,En agglomération,Intersection en T,Normale,Deux véhicules - côté,3,1,0,0,1,1,1,0,1,50,2,2,1,0,0,1,52.0,36.0,voiture,utilitaire_camion,1,2,3,1,3
202400031592,2024-01-16 18:00:00,2024,1,16,18,0,91,91228,BD DE FRANCE,48.6301,2.43512,Nuit avec éclairage allumé,En agglomération,Hors intersection,Normale,Autre collision,3,-1,0,0,1,1,1,9,4,50,1,2,1,0,0,1,53.0,,voiture,,5,2,1,1,6
202400031593,2024-01-19 12:55:00,2024,1,19,12,55,91,91223,CHARLES DE GAULLE (AVENUE),48.4257,2.15413,Plein jour,Hors agglomération,Hors intersection,Normale,Sans collision,3,2,2,0,1,3,2,0,3,50,1,1,0,0,0,1,30.0,,voiture,,1,1,1,1,7
202400031594,2024-05-16 15:45:00,2024,5,16,15,45,30,30133,route départementale 62c,43.550931,4.124127,Plein jour,En agglomération,Intersection en T,Temps éblouissant,Deux véhicules - côté,3,2,2,0,1,1,1,0,1,80,2,2,1,0,0,1,75.0,50.0,voiture,deux_roues,1,2,3,7,3
202400031594,2024-05-16 15:45:00,2024,5,16,15,45,30,30133,route départementale 62c,43.550931,4.124127,Plein jour,En agglomération,Intersection en T,Temps éblouissant,Deux véhicules - côté,3,2,2,0,1,1,1,0,1,50,2,2,1,0,0,1,75.0,50.0,voiture,deux_roues,1,2,3,7,3
202400031595,2024-04-10 16:25:00,2024,4,10,16,25,68,68300,Avenue du Général de Gaulle,47.774356,7.379926,Plein jour,Hors agglomération,Intersection en T,Normale,Deux véhicules - côté,1,1, -1,-1,1,3,1,3,1,-1,2,4,3,0,0,1,22.0,45.0,utilitaire_camion,deux_roues,1,1,3,1,3
202400031595,2024-04-10 16:25:00,2024,4,10,16,25,68,68300,Avenue du Général de Gaulle,47.774356,7.379926,Plein jour,Hors agglomération,Intersection en T,Normale,Deux véhicules - côté,1,3,0,0,1,1,1,2,1,70,2,4,3,0,0,1,22.0,45.0,utilitaire_camion,deux_roues,1,1,3,1,3
202400031596,2024-01-03 18:45:00,2024,1,3,18,45,84,84007,OULLE (Boulevard de l'),43.94846,4.80087,Nuit avec éclairage allumé,En agglomération,Hors intersection,Normale,Autre collision,4,1,3,0,1,1,1,0,1,50,1,2,1,0,1,0,69.0,,voiture,,5,2,1,1,6
202400031597,2024-05-01 19:00:00,2024,5,1,19,0,67,67324,D53,48.95495865,7.68732639,Plein jour,Hors agglomération,Hors intersection,Normale,Sans collision,3,2,2,0,1,3,1,0,1,-1,1,2,0,0,0,2,39.0,,deux_roues,,1,1,1,1,7
202400031598,2024-01-18 14:15:00,2024,1,18,14,15,83,83137,DEMOCRATIE (BD DE LA),43.12597,5.93887,Plein jour,En agglomération,Hors intersection,Normale,Autre collision,4,2,2,0,1,1,1,9,1,30,1,2,1,0,1,0,41.0,,voiture,,1,2,1,1,6
202400031599,2024-04-11 16:50:00,2024,4,11,16,50,42,42261,Route de Lyon,45.717666,4.36758,Plein jour,Hors agglomération,Intersection en Y,Normale,Deux véhicules - frontale,3,2,2,0,1,1,1,5,1,70,2,3,0,0,1,2,28.0,57.0,voiture,deux_roues,1,1,4,1,1
202400031599,2024-04-11 16:50:00,2024,4,11,16,50,42,42261,Route de Lyon,45.717666,4.36758,Plein jour,Hors agglomération,Intersection en Y,Normale,Deux véhicules - frontale,3,2,2,-1,1,2,1,0,1,-1,2,3,0,0,1,2,28.0,57.0,voiture,deux_roues,1,1,4,1,1
202400031600,2024-05-18 06:40:00,2024,5,18,6,40,73,73068,A43 PR 124+0300,45.56334908,6.20657533,Plein jour,Hors agglomération,Hors intersection,Normale,Autre collision,1,3,4,0,1,1,1,0,2,130,1,2,0,0,1,1,20.0,,voiture,,1,1,1,1,6
202400031601,2024-04-11 11:05:00,2024,4,11,11,5,79,79048,,46.382154,-0.270603,Plein jour,Hors agglomération,Hors intersection,Temps couvert,Deux véhicules - frontale,3,2,2,0,2,1,1,0,1,80,2,2,0,0,0,2,32.0,39.0,voiture,utilitaire_camion,1,1,1,8,1
202400031602,2024-04-09 09:30:00,2024,4,9,9,30,14,14258,11 Boulevard de la Fontaine Couverte,48.890249,-0.19565,Plein jour,En agglomération,Hors intersection,Pluie légère,Sans collision,6,-1, -1,0,1,1,2,0,1,15,1,1,0,1,0,0,61.0,,voiture,,1,2,1,2,7
202400031603,2024-01-18 18:53:00,2024,1,18,18,53,77,77458,RUE JEAN COCTEAU,48.18795,2.73569,Nuit avec éclairage allumé,En agglomération,Intersection en Y,Pluie légère,Autre collision,4,2,2,0,1,3,2,0,1,50,1,2,1,0,0,1,59.0,,voiture,,5,2,4,2,6
202400031603,2024-01-18 18:53:00,2024,1,18,18,53,77,77458,RUE JEAN COCTEAU,48.18795,2.73569,Nuit avec éclairage allumé,En agglomération,Intersection en Y,Pluie légère,Autre collision,4,2,2,0,1,1,2,0,1,50,1,2,1,0,0,1,59.0,,voiture,,5,2,4,2,6
202400031604,2024-05-19 20:10:00,2024,5,19,20,10,69,69244,13 Avenue de la Constellation,45.75506,4.774671,Plein jour,En agglomération,Hors intersection,Normale,Deux véhicules - arrière,4,1,1,2,1,2,1,0,1,30,2,2,1,0,0,1,20.0,60.0,deux_roues,voiture,1,2,1,1,2
202400031605,2024-04-10 03:42:00,2024,4,10,3,42,13,13206,Tunnel Prado Carénage,43.29124,5.36627,Nuit avec éclairage allumé,Hors agglomération,Autre intersection,Normale,Sans collision,1,1,1,0,1,3,1,1,1,50,1,1,0,0,1,0,21.0,,voiture,,5,1,9,1,7
202400031606,2024-01-19 22:17:00,2024,1,19,22,17,76,76705,D7,49.33211,1.09986,Nuit avec éclairage non allumé,En agglomération,Giratoire,Brouillard / fumée,Autre collision,7,2,3,0,1,2,2,0,1,80,1,2,1,0,0,1,21.0,,voiture,,4,2,6,5,6
202400031607,2024-01-18 02:36:00,2024,1,18,2,36,76,76351,LOUIS LUMIERE,49.524174,0.122858,Nuit avec éclairage allumé,En agglomération,Intersection en X,Neige / grêle,Deux véhicules - côté,3,2,2,0,1,1,5,0,1,50,2,2,0,0,0,2,28.0,24.0,voiture,voiture,5,2,2,4,3
202400031607,2024-01-18 02:36:00,2024,1,18,2,36,76,76351,LOUIS LUMIERE,49.524174,0.122858,Nuit avec éclairage allumé,En agglomération,Intersection en X,Neige / grêle,Deux véhicules - côté,3,2,2,0,1,1,5,0,1,50,2,2,0,0,0,2,28.0,24.0,voiture,voiture,5,2,2,4,3
202400031608,2024-04-09 19:50:00,2024,4,9,19,50,33,33122,,44.723269,-0.734882,Plein jour,Hors agglomération,Hors intersection,Normale,Deux véhicules - arrière,1,3,4,0,1,1,1,0,1,110,2,2,1,0,1,0,27.0,54.0,voiture,deux_roues,1,1,1,1,2
202400031609,2024-05-17 16:00:00,2024,5,17,16,0,06,06085,2252 Avenue Marechal Juin,43.581357,6.997969,Plein jour,En agglomération,Hors intersection,Normale,Deux véhicules - côté,4,3,2,1,1,1,1,0,5,50,2,2,1,0,0,1,46.0,55.0,voiture,deux_roues,1,2,1,1,3
202400031610,2024-01-19 14:20:00,2024,1,19,14,20,72,72181,ITALIENS (BD DES),47.94626,0.20746,Plein jour,Hors agglomération,Hors intersection,Normale,Deux véhicules - arrière,3,2,2,0,1,1,1,0,1,80,2,2,1,0,0,1,19.0,79.0,voiture,deux_roues,1,1,1,1,2
202400031611,2024-04-09 17:45:00,2024,4,9,17,45,33,33122,,44.74388,-0.70516,Plein jour,Hors agglomération,Hors intersection,Normale,Deux véhicules - arrière,1,3,4,0,1,1,1,9,1,90,2,3,2,0,1,0,28.0,50.0,utilitaire_camion,utilitaire_camion,1,1,1,1,2
202400031612,2024-05-18 12:45:00,2024,5,18,12,45,14,14012,A13,49.243317,-0.020857,Plein jour,Hors agglomération,Hors intersection,Normale,Autre collision,1,1,5,0,1,1,1,0,1,130,1,1,0,0,1,0,55.0,,voiture,,1,1,1,1,6
202400031613,2024-01-19 13:00:00,2024,1,19,13,0,72,72181,DURAND GEORGES (AV) N° PAIRS 166 A 310,47.97293,0.21658,Plein jour,En agglomération,Hors intersection,Normale,Autre collision,4,3,2,1,2,1,1,0,1,50,1,2,1,0,1,0,28.0,,voiture,,1,2,1,1,6
202400031614,2024-01-18 21:45:00,2024,1,18,21,45,72,72181,BALLON (RTE DE),48.01944,0.20408,Nuit sans éclairage public,Hors agglomération,Hors intersection,Autre,Sans collision,4,2,2,0,2,4,7,0,1,70,1,1,0,0,0,1,20.0,,voiture,,3,1,1,9,7
202400031615,2024-05-18 22:00:00,2024,5,18,22,0,971,97103,la Jaille,16.253602,-61.574528,Nuit avec éclairage allumé,Hors agglomération,Hors intersection,Normale,Deux véhicules - arrière,2,3,3,0,1,1,1,0,1,90,2,2,1,1,0,0,21.0,35.0,voiture,deux_roues,5,1,1,1,2
202400031616,2024-04-10 19:25:00,2024,4,10,19,25,91,91689,AUTOROUTE A6,48.72665,2.31363,Plein jour,Hors agglomération,Hors intersection,Normale,Trois véhicules et plus - en chaîne,1,3,3,0,1,1,1,0,1,110,3,3,1,0,0,2,37.0,45.0,voiture,voiture,1,1,1,1,4
202400031617,2024-01-19 14:35:00,2024,1,19,14,35,69,69264,Avenue Edouard Herriot,45.97889,4.71813,Plein jour,En agglomération,Hors intersection,Normale,Deux véhicules - côté,3,2,4,0,1,1,1,0,1,50,2,3,2,0,0,1,52.0,77.0,voiture,voiture,1,2,1,1,3
202400031618,2024-04-10 17:55:00,2024,4,10,17,55,91,91174,RN 104,48.61187,2.4485,Plein jour,Hors agglomération,Hors intersection,Normale,Deux véhicules - arrière,2,3,3,0,1,1,1,0,1,70,2,2,1,0,0,1,46.0,22.0,deux_roues,voiture,1,1,1,1,2
202400031619,2024-05-18 16:00:00,2024,5,18,16,0,973,97310,"RN2, PK 99.900",4.387148,-52.308998,Plein jour,Hors agglomération,Hors intersection,Pluie légère,Deux véhicules - côté,2,3,2,0,2,3,2,0,1,70,2,7,3,0,0,4,63.0,52.0,voiture,utilitaire_camion,1,1,1,2,3
202400031620,2024-01-19 15:40:00,2024,1,19,15,40,69,69290,Route de Lyon,45.70349,4.91463,Plein jour,Hors agglomération,Intersection en T,Normale,Deux véhicules - côté,7,2,4,3,1,1,1,5,6,50,2,4,2,0,0,2,42.0,49.0,voiture,transport_commun,1,1,3,1,3
202400031620,2024-01-19 15:40:00,2024,1,19,15,40,69,69290,Route de Lyon,45.70349,4.91463,Plein jour,Hors agglomération,Intersection en T,Normale,Deux véhicules - côté,7,2,4,0,1,1,1,0,6,50,2,4,2,0,0,2,42.0,49.0,voiture,transport_commun,1,1,3,1,3
202400031621,2024-04-09 08:40:00,2024,4,9,8,40,92,92048,N118,48.79291841,2.21929169,Plein jour,Hors agglomération,Hors intersection,Normale,Deux véhicules - côté,2,3,2,0,1,1,1,0,1,90,2,2,1,0,0,1,47.0,52.0,voiture,deux_roues,1,1,1,1,3
202400031622,2024-05-19 05:30:00,2024,5,19,5,30,973,97305,pk 35 RN1,5.069341,-52.541428,Nuit sans éclairage public,Hors agglomération,Hors intersection,Pluie légère,Deux véhicules - frontale,2,2,2,0,1,1,2,0,1,80,2,5,1,0,4,0,23.0,49.0,voiture,voiture,3,1,1,2,1
202400031623,2024-04-10 20:30:00,2024,4,10,20,30,93,93064,A86,48.88562499,2.4728678,Crépuscule ou aube,Hors agglomération,Hors intersection,Normale,Sans collision,1,3,2,0,1,3,9,0,1,90,1,1,0,0,0,1,33.0,,deux_roues,,2,1,1,1,7
202400031624,2024-01-18 15:40:00,2024,1,18,15,40,69,69290,Avenue Henri Germain,45.7022207,4.90120606,Plein jour,En agglomération,Intersection en T,Pluie légère,Deux véhicules - côté,4,2,2,2,1,1,2,0,1,30,2,2,1,0,0,1,57.0,65.0,voiture,deux_roues,1,2,3,2,3
202400031624,2024-01-18 15:40:00,2024,1,18,15,40,69,69290,Avenue Henri Germain,45.7022207,4.90120606,Plein jour,En agglomération,Intersection en T,Pluie légère,Deux véhicules - côté,4,2,2,0,1,1,2,0,5,30,2,2,1,0,0,1,57.0,65.0,voiture,deux_roues,1,2,3,2,3
202400031625,2024-05-19 10:15:00,2024,5,19,10,15,971,97116,Route Marie Emile Coco,16.322883,-61.439034,Plein jour,En agglomération,Hors intersection,Normale,Deux véhicules - arrière,4,2,2,0,1,1,1,0,1,50,2,2,1,0,1,0,49.0,32.0,voiture,deux_roues,1,2,1,1,2
202400031626,2024-04-10 19:45:00,2024,4,10,19,45,95,95394,A115,49.05235925,2.184649,Plein jour,Hors agglomération,Hors intersection,Normale,Deux véhicules - côté,1,1,4,0,4,3,1,0,1,70,2,2,0,0,0,2,87.0,22.0,voiture,voiture,1,1,1,1,3
202400031627,2024-01-18 14:50:00,2024,1,18,14,50,66,66136,,42.67970752,2.91733608,Plein jour,Hors agglomération,Giratoire,Normale,Deux véhicules - arrière,3,2,2,0,1,1,1,0,1,70,2,5,1,0,0,4,24.0,26.0,voiture,voiture,1,1,6,1,2
202400031628,2024-05-18 20:50:00,2024,5,18,20,50,971,97134,Route de Val de l'Orge,16.043133,-61.755459,Nuit sans éclairage public,Hors agglomération,Hors intersection,Normale,Deux véhicules - frontale,2,2,2,0,3,3,1,0,1,80,2,6,4,0,2,0,22.0,54.0,voiture,voiture,3,1,1,1,1
202400031629,2024-04-10 10:15:00,2024,4,10,10,15,92,92036,AUTOROUTE A86,48.93863106,2.3014909,Plein jour,Hors agglomération,Hors intersection,Normale,Deux véhicules - arrière,1,3,6,0,1,1,1,0,1,90,2,2,1,0,0,1,54.0,47.0,utilitaire_camion,deux_roues,1,1,1,1,2
202400031630,2024-01-18 18:13:00,2024,1,18,18,13,63,63103,BOIS (ALLEE DU),45.92553,3.06351,Nuit sans éclairage public,En agglomération,Hors intersection,Neige / grêle,Autre collision,4,2,2,0,2,3,5,9,1,50,1,2,1,1,0,0,,,voiture,,3,2,1,4,6
202400031631,2024-05-19 06:10:00,2024,5,19,6,10,83,83106,D81,43.319792,6.06662,Plein jour,Hors agglomération,Hors intersection,Normale,Autre collision,3,2,2,0,1,1,1,0,1,80,1,2,0,1,0,1,18.0,,voiture,,1,1,1,1,6
202400031632,2024-04-10 08:00:00,2024,4,10,8,0,95,95527,A1,49.02172295,2.53461784,Plein jour,Hors agglomération,Hors intersection,Normale,Autre collision,1,3,3,0,1,1,1,1,1,110,1,1,0,0,0,1,24.0,,deux_roues,,1,1,1,1,6
202400031633,2024-01-16 12:30:00,2024,1,16,12,30,62,62771,Rue Victor Filipic,50.42625,2.8517,Plein jour,En agglomération,Hors intersection,Temps éblouissant,Autre collision,4,2,2,0,1,1,1,0,1,30,1,2,1,0,0,1,28.0,,voiture,,1,2,1,7,6
202400031634,2024-01-19 07:10:00,2024,1,19,7,10,56,56162,Rue de Laudé,47.719997,-3.41542,Nuit sans éclairage public,Hors agglomération,Hors intersection,Temps couvert,Autre collision,4,2,2,0,1,2,7,0,3,50,1,1,0,0,0,1,36.0,,voiture,,3,1,1,8,6
202400031635,2024-05-18 11:05:00,2024,5,18,11,5,13,13099,D11,43.664659,5.75424,Plein jour,Hors agglomération,Intersection en Y,Normale,Deux véhicules - arrière,3,2,2,0,2,3,1,0,1,80,2,3,1,0,0,2,24.0,66.0,voiture,voiture,1,1,4,1,2
202400031635,2024-05-18 11:05:00,2024,5,18,11,5,13,13099,D11,43.664659,5.75424,Plein jour,Hors agglomération,Intersection en Y,Normale,Deux véhicules - arrière,3,2, -1,-1,1,1,1,0,1,-1,2,3,1,0,0,2,24.0,66.0,voiture,voiture,1,1,4,1,2
202400031636,2024-04-10 09:00:00,2024,4,10,9,0,77,77146,A4.Y,48.83227,2.65864,Plein jour,Hors agglomération,Hors intersection,Normale,Deux véhicules - côté,1,3,4,0,1,1,1,0,1,110,2,2,1,0,0,1,56.0,31.0,utilitaire_camion,voiture,1,1,1,1,3
202400031637,2024-05-18 17:06:00,2024,5,18,17,6,71,71150,RD906,46.248792,4.787416,Plein jour,En agglomération,Intersection en T,Normale,Autre collision,3,2,2,0,1,1,2,0,1,50,1,2,1,0,0,1,22.0,,voiture,,1,2,3,1,6
202400031637,2024-05-18 17:06:00,2024,5,18,17,6,71,71150,RD906,46.248792,4.787416,Plein jour,En agglomération,Intersection en T,Normale,Autre collision,3,2,2,-1,1,1,2,0,-1,50,1,2,1,0,0,1,22.0,,voiture,,1,2,3,1,6
202400031638,2024-05-18 23:30:00,2024,5,18,23,30,88,88160,N57,48.148231,6.490904,Nuit sans éclairage public,Hors agglomération,Autre intersection,Pluie légère,Sans collision,2,3,2,0,2,2,2,0,2,110,1,1,0,0,1,0,18.0,,voiture,,3,1,9,2,7
202400031639,2024-01-18 15:40:00,2024,1,18,15,40,56,56121,CHOISEUL (AVE. DE),47.75504,-3.35455,Plein jour,En agglomération,Giratoire,Normale,Deux véhicules - côté,4,2,2,0,1,1,1,5,1,30,2,2,1,0,0,1,63.0,29.0,deux_roues,voiture,1,2,6,1,3
202400031639,2024-01-18 15:40:00,2024,1,18,15,40,56,56121,CHOISEUL (AVE. DE),47.75504,-3.35455,Plein jour,En agglomération,Giratoire,Normale,Deux véhicules - côté,4,2,2,0,1,1,1,5,1,30,2,2,1,0,0,1,63.0,29.0,deux_roues,voiture,1,2,6,1,3
202400031640,2024-05-17 18:40:00,2024,5,17,18,40,88,88253,Rue du Saut-le-cerf,48.199979,6.478372,Plein jour,En agglomération,Giratoire,Normale,Sans collision,3,4,2,0,1,1,1,0,1,50,1,1,0,0,1,0,25.0,,deux_roues,,1,2,6,1,7
202400031641,2024-04-09 07:35:00,2024,4,9,7,35,974,97411,MACE (ROUTE GABRIEL),-20.91111,55.49929,Plein jour,Hors agglomération,Intersection en T,Normale,Deux véhicules - côté,3,-1,2,0,2,1,1,9,1,50,2,2,1,0,1,0,18.0,33.0,deux_roues,voiture,1,1,3,1,3
202400031641,2024-04-09 07:35:00,2024,4,9,7,35,974,97411,MACE (ROUTE GABRIEL),-20.91111,55.49929,Plein jour,Hors agglomération,Intersection en T,Normale,Deux véhicules - côté,3,2,1,0,2,3,1,0,1,30,2,2,1,0,1,0,18.0,33.0,deux_roues,voiture,1,1,3,1,3
202400031642,2024-05-18 22:20:00,2024,5,18,22,20,54,54351,D657,48.78665061,6.12344027,Nuit sans éclairage public,Hors agglomération,Hors intersection,Normale,Autre collision,3,2,2,0,2,2,2,0,3,80,1,1,0,0,1,0,29.0,,voiture,,3,1,1,1,6
202400031643,2024-01-18 12:20:00,2024,1,18,12,20,56,56121,FRANCHET- D'ESPEREY ( BD ),47.753581,-3.365898,Plein jour,En agglomération,Intersection en T,Temps éblouissant,Deux véhicules - côté,4,2,2,0,1,1,1,0,1,30,2,2,1,0,0,1,19.0,33.0,voiture,voiture,1,2,3,7,3