accident_id,datetime,annee,mois,jour,heure,minute,departement,commune_insee,adresse,latitude,longitude,luminosite,agglomeration,intersection,meteo,collision,catr,circ,nbv,vosp,prof,plan,surf,infra,situ,vma,nb_vehicules,nb_usagers,nb_indemnes,nb_tues,nb_blesses_hosp,nb_blesses_legers,age_cond_1,age_cond_2,veh_type_cond_1,veh_type_cond_2,lum_code,agg_code,int_code,atm_code,col_code
202400031778,2024-05-16 23:50:00,2024,5,16,23,50,80,80021,Rue du Marché Lanselles,49.8967,2.29774,Nuit avec éclairage allumé,En agglomération,Intersection en X,Normale,Deux véhicules - frontale,4,1,2,1,2,1,1,0,1,30,2,2,1,0,0,1,37.0,23.0,deux_roues,voiture,5,2,2,1,1
202400031779,2024-04-09 12:10:00,2024,4,9,12,10,63,63113,SAINTE CLAIRE (RUE),45.78207641,3.08153361,Plein jour,En agglomération,Hors intersection,Normale,Deux véhicules - côté,4,1,1,0,1,1,1,0,1,30,2,2,1,0,0,1,21.0,25.0,deux_roues,voiture,1,2,1,1,3
202400031780,2024-01-18 21:00:00,2024,1,18,21,0,93,93073,Route de la Croix au Plâtre,48.9842352,2.53508985,Nuit sans éclairage public,En agglomération,Hors intersection,Autre,Autre collision,4,2,2,0,1,2,7,0,1,70,1,1,0,0,0,1,30.0,,voiture,,3,2,1,9,6
202400031781,2024-05-17 10:40:00,2024,5,17,10,40,78,78481,SARTROUVILLE (ROUTE DE),48.903644,2.115033,Plein jour,En agglomération,Hors intersection,Normale,Autre collision,3,1,1,0,1,1,1,0,1,50,1,2,1,0,0,1,76.0,,voiture,,1,2,1,1,6
202400031782,2024-07-23 08:20:00,2024,7,23,8,20,35,35243,Moncorps,48.33768856,-1.26172514,Plein jour,Hors agglomération,Intersection en T,Temps couvert,Deux véhicules - frontale,4,2,2,0,1,1,2,0,1,80,2,2,0,0,1,1,18.0,38.0,voiture,voiture,1,1,3,8,1
202400031782,2024-07-23 08:20:00,2024,7,23,8,20,35,35243,Moncorps,48.33768856,-1.26172514,Plein jour,Hors agglomération,Intersection en T,Temps couvert,Deux véhicules - frontale,4,2,2,0,2,2,2,0,1,80,2,2,0,0,1,1,18.0,38.0,voiture,voiture,1,1,3,8,1
202400031783,2024-05-17 21:45:00,2024,5,17,21,45,78,78297,HAUSSMAN (RUE GEORGES),48.766106,2.078739,Nuit avec éclairage allumé,En agglomération,Hors intersection,Normale,Autre collision,4,1,1,3,1,1,1,0,1,50,1,2,1,0,0,1,18.0,,deux_roues,,5,2,1,1,6
202400031784,2024-01-19 10:00:00,2024,1,19,10,0,93,93064,Rue du 4e Zouave / Boulevard Theophile Sueur,48.871188,2.471008,Plein jour,En agglomération,Intersection en X,Normale,Autre collision,3,2,2,0,1,1,7,0,1,-1,1,2,1,0,0,1,,,voiture,,1,2,2,1,6
202400031784,2024-01-19 10:00:00,2024,1,19,10,0,93,93064,Rue du 4e Zouave / Boulevard Theophile Sueur,48.871188,2.471008,Plein jour,En agglomération,Intersection en X,Normale,Autre collision,3,2,2,0,2,1,7,0,1,50,1,2,1,0,0,1,,,voiture,,1,2,2,1,6
202400031785,2024-04-06 21:45:00,2024,4,6,21,45,62,62498,Avenue de Varsovie,50.42868179,2.836178,Nuit avec éclairage allumé,En agglomération,Autre intersection,Normale,Deux véhicules - côté,4,-1,12,0,1,1,1,9,1,30,2,4,2,0,0,2,39.0,20.0,voiture,voiture,5,2,9,1,3
202400031786,2024-01-18 23:30:00,2024,1,18,23,30,93,93051,Rue des Hauts Roseaux / Rue Jules Ferry,48.847836,2.576527,Nuit avec éclairage allumé,En agglomération,Intersection en T,Temps couvert,Deux véhicules - côté,4,2,2,0,2,2,9,0,1,50,2,5,1,0,0,4,62.0,30.0,voiture,voiture,5,2,3,8,3
202400031786,2024-01-18 23:30:00,2024,1,18,23,30,93,93051,Rue des Hauts Roseaux / Rue Jules Ferry,48.847836,2.576527,Nuit avec éclairage allumé,En agglomération,Intersection en T,Temps couvert,Deux véhicules - côté,4,2,2,0,1,1,9,0,1,50,2,5,1,0,0,4,62.0,30.0,voiture,voiture,5,2,3,8,3
202400031787,2024-04-09 18:20:00,2024,4,9,18,20,62,62193,Avenue Louis Blériot,50.95102,1.87289,Plein jour,En agglomération,Hors intersection,Normale,Deux véhicules - arrière,4,1,2,1,1,1,1,0,1,50,2,3,2,0,1,0,23.0,58.0,deux_roues,voiture,1,2,1,1,2
202400031788,2024-07-25 16:10:00,2024,7,25,16,10,29,29105,Rue du Ponant,48.51952693,-4.07649685,Plein jour,En agglomération,Giratoire,Pluie légère,Deux véhicules - côté,3,1,2,0,2,1,2,0,1,50,2,3,2,0,0,1,57.0,79.0,voiture,deux_roues,1,2,6,2,3
202400031788,2024-07-25 16:10:00,2024,7,25,16,10,29,29105,Rue du Ponant,48.51952693,-4.07649685,Plein jour,En agglomération,Giratoire,Pluie légère,Deux véhicules - côté,3,1,2,0,1,3,2,5,1,50,2,3,2,0,0,1,57.0,79.0,voiture,deux_roues,1,2,6,2,3
202400031789,2024-05-17 03:40:00,2024,5,17,3,40,77,77450,N 19,48.70844,2.5867,Nuit sans éclairage public,En agglomération,Hors intersection,Normale,Deux véhicules - côté,2,2,2,0,1,1,1,0,1,70,2,3,1,0,2,0,22.0,59.0,deux_roues,utilitaire_camion,3,2,1,1,3
202400031790,2024-01-19 07:55:00,2024,1,19,7,55,93,93007,Avenue de la République / Avenue du Professeur Fleming,48.93563112,2.46818751,Nuit avec éclairage allumé,En agglomération,Intersection en T,Neige / grêle,Deux véhicules - côté,4,1,1,0,1,1,2,0,1,50,2,2,1,0,0,1,40.0,18.0,utilitaire_camion,deux_roues,5,2,3,4,3
202400031790,2024-01-19 07:55:00,2024,1,19,7,55,93,93007,Avenue de la République / Avenue du Professeur Fleming,48.93563112,2.46818751,Nuit avec éclairage allumé,En agglomération,Intersection en T,Neige / grêle,Deux véhicules - côté,4,2,2,0,1,1,2,0,1,50,2,2,1,0,0,1,40.0,18.0,utilitaire_camion,deux_roues,5,2,3,4,3
202400031791,2024-05-17 19:00:00,2024,5,17,19,0,77,77474,RN3 (ROUTE NATIONALE),48.9588,2.8237,Plein jour,Hors agglomération,Hors intersection,Normale,Autre collision,2,1,3,0,1,1,1,0,1,90,2,5,4,0,0,1,27.0,45.0,voiture,voiture,1,1,1,1,6
202400031792,2024-09-01 16:45:00,2024,9,1,16,45,12,12059,D911,44.31689884,2.32804298,Plein jour,Hors agglomération,Hors intersection,Normale,Deux véhicules - frontale,3,2,2,0,2,2,2,0,1,90,2,2,0,0,1,1,18.0,27.0,voiture,voiture,1,1,1,1,1
202400031793,2024-03-29 14:30:00,2024,3,29,14,30,62,62193,Rue du Four à Chaux,50.9415,1.85803,Plein jour,En agglomération,Autre intersection,Normale,Deux véhicules - côté,4,1,1,0,1,1,1,0,1,30,2,2,1,0,0,1,20.0,30.0,deux_roues,voiture,1,2,9,1,3
202400031794,2024-07-24 20:00:00,2024,7,24,20,0,31,31341,Route de l'Hippodrome,43.740997,1.287492,Crépuscule ou aube,Hors agglomération,Intersection en X,Normale,Deux véhicules - côté,3,2,2,0,1,1,1,0,1,50,2,2,1,0,1,0,43.0,29.0,deux_roues,voiture,2,1,2,1,3
202400031794,2024-07-24 20:00:00,2024,7,24,20,0,31,31341,Route de l'Hippodrome,43.740997,1.287492,Crépuscule ou aube,Hors agglomération,Intersection en X,Normale,Deux véhicules - côté,3,2,2,0,1,1,1,0,1,50,2,2,1,0,1,0,43.0,29.0,deux_roues,voiture,2,1,2,1,3
202400031795,2024-01-19 02:20:00,2024,1,19,2,20,93,93005,Rue Robert Brémond,48.95744882,2.46337116,Nuit avec éclairage allumé,En agglomération,Hors intersection,Neige / grêle,Deux véhicules - frontale,4,2,2,0,1,1,7,0,1,50,2,2,1,0,0,1,39.0,20.0,utilitaire_camion,utilitaire_camion,5,2,1,4,1
202400031796,2024-05-16 14:40:00,2024,5,16,14,40,76,76552,REINE ELISABETH,49.50383423,0.08665314,Plein jour,En agglomération,Hors intersection,Normale,Deux véhicules - arrière,4,2,2,0,1,1,1,0,1,50,2,2,1,0,0,1,21.0,79.0,voiture,deux_roues,1,2,1,1,2
202400031797,2024-01-19 18:45:00,2024,1,19,18,45,92,92073,JAURES (AVENUE JEAN),48.86209611,2.21153212,Nuit avec éclairage allumé,En agglomération,Hors intersection,Normale,Autre collision,3,2,2,0,1,1,2,0,1,50,1,2,1,0,0,1,87.0,,voiture,,5,2,1,1,6
202400031798,2024-08-31 14:45:00,2024,8,31,14,45,12,12208,115 Avenue Jean Jaurès,43.953747,2.893548,Plein jour,En agglomération,Hors intersection,Normale,Deux véhicules - côté,3,2,2,0,1,1,1,0,1,50,2,2,1,0,1,0,25.0,47.0,voiture,deux_roues,1,2,1,1,3
202400031799,2024-04-09 18:30:00,2024,4,9,18,30,61,61143,D529,48.442388,0.059093,Plein jour,Hors agglomération,Giratoire,Normale,Deux véhicules - côté,3,2,2,0,2,2,1,0,1,80,2,2,1,0,0,1,20.0,52.0,deux_roues,voiture,1,1,6,1,3
202400031799,2024-04-09 18:30:00,2024,4,9,18,30,61,61143,D529,48.442388,0.059093,Plein jour,Hors agglomération,Giratoire,Normale,Deux véhicules - côté,3,2,2,2,2,1,1,0,1,80,2,2,1,0,0,1,20.0,52.0,deux_roues,voiture,1,1,6,1,3
202400031800,2024-05-16 11:00:00,2024,5,16,11,0,71,71105,RD PT COLONEL ARNAUD BELTRAME,46.30637,4.81243,Plein jour,En agglomération,Giratoire,Pluie légère,Autre collision,4,2,2,0,1,1,2,0,1,50,1,2,1,0,0,1,60.0,,voiture,,1,2,6,2,6
202400031800,2024-05-16 11:00:00,2024,5,16,11,0,71,71105,RD PT COLONEL ARNAUD BELTRAME,46.30637,4.81243,Plein jour,En agglomération,Giratoire,Pluie légère,Autre collision,4,2,1,0,1,3,2,5,1,50,1,2,1,0,0,1,60.0,,voiture,,1,2,6,2,6
202400031801,2024-01-18 09:20:00,2024,1,18,9,20,92,92063,MONIER (RUE JOSEPH),48.89135287,2.17391253,Plein jour,En agglomération,Hors intersection,Neige / grêle,Deux véhicules - frontale,4,2,1,0,1,3,5,0,1,50,2,3,2,0,0,1,38.0,23.0,utilitaire_camion,voiture,1,2,1,4,1
202400031802,2024-08-31 16:40:00,2024,8,31,16,40,41,41043,Chemin des Merels,47.289313,1.472458,Plein jour,Hors agglomération,Hors intersection,Normale,Autre collision,4,-1,2,0,1,3,9,9,8,50,1,1,0,0,1,0,39.0,,deux_roues,,1,1,1,1,6
202400031803,2024-04-09 10:00:00,2024,4,9,10,0,59,59599,Rue de Lille,50.722881,3.149728,Plein jour,En agglomération,Hors intersection,Normale,Autre collision,4,2,2,0,1,1,1,8,1,30,1,2,1,0,0,1,44.0,,voiture,,1,2,1,1,6
202400031804,2024-05-17 20:00:00,2024,5,17,20,0,69,69266,50 Rue Antonin Perrin,45.75676,4.88536,Plein jour,En agglomération,Hors intersection,Normale,Autre collision,4,2,2,2,1,1,1,6,6,30,1,2,1,0,1,0,31.0,,voiture,,1,2,1,1,6
202400031805,2024-07-25 18:30:00,2024,7,25,18,30,58,58083,Rue de l'Abattoir,47.259631,3.681702,Plein jour,En agglomération,Hors intersection,Normale,Deux véhicules - frontale,3,2,2,0,1,2,1,0,1,30,2,2,1,0,1,0,55.0,17.0,voiture,deux_roues,1,2,1,1,1
202400031806,2024-05-17 19:40:00,2024,5,17,19,40,69,69256,Rue des Verchères,45.78012,4.9277,Plein jour,En agglomération,Hors intersection,Normale,Autre collision,4,1,1,2,1,1,1,0,1,50,1,2,1,0,0,1,19.0,,voiture,,1,2,1,1,6
202400031807,2024-01-19 20:10:00,2024,1,19,20,10,92,92050,LENINE VLADIMIR ILITCH AVENUE,48.88742471,2.19847038,Nuit avec éclairage allumé,En agglomération,Hors intersection,Temps couvert,Deux véhicules - arrière,3,1,1,1,1,1,2,0,1,50,2,2,1,0,0,1,19.0,56.0,voiture,deux_roues,5,2,1,8,2
202400031808,2024-01-19 10:30:00,2024,1,19,10,30,92,92020,PERI RUE GABRIEL,48.80142,2.28704,Plein jour,En agglomération,Hors intersection,Neige / grêle,Autre collision,4,2,2,0,1,1,2,0,1,50,1,2,1,0,0,1,28.0,,voiture,,1,2,1,4,6
202400031809,2024-04-09 13:13:00,2024,4,9,13,13,59,59350,Rue de Marquillies,50.61516,3.04857,Plein jour,En agglomération,Intersection en X,Normale,Deux véhicules - frontale,4,-1,3,0,1,1,1,0,1,50,2,2,1,0,0,1,21.0,20.0,voiture,deux_roues,1,2,2,1,1
202400031809,2024-04-09 13:13:00,2024,4,9,13,13,59,59350,Rue de Marquillies,50.61516,3.04857,Plein jour,En agglomération,Intersection en X,Normale,Deux véhicules - frontale,4,2,2,-1,1,1,1,5,1,30,2,2,1,0,0,1,21.0,20.0,voiture,deux_roues,1,2,2,1,1
202400031810,2024-07-20 15:45:00,2024,7,20,15,45,14,14371,5197 Route de la Côte Fleurie (Le Mesnil-Durand),49.053684,0.172144,Plein jour,Hors agglomération,Hors intersection,Normale,Deux véhicules - arrière,3,2,2,0,1,1,1,0,1,90,2,2,1,0,1,0,46.0,64.0,voiture,deux_roues,1,1,1,1,2
202400031811,2024-05-17 06:30:00,2024,5,17,6,30,69,69290,Rue Jules Ferry,45.69502,4.94713,Plein jour,En agglomération,Intersection en X,Normale,Deux véhicules - côté,4,2,2,2,1,1,1,0,1,50,2,2,1,0,0,1,36.0,78.0,voiture,voiture,1,2,2,1,3
202400031811,2024-05-17 06:30:00,2024,5,17,6,30,69,69290,Rue Jules Ferry,45.69502,4.94713,Plein jour,En agglomération,Intersection en X,Normale,Deux véhicules - côté,4,2,3,2,2,1,1,0,1,50,2,2,1,0,0,1,36.0,78.0,voiture,voiture,1,2,2,1,3
202400031812,2024-01-19 14:45:00,2024,1,19,14,45,92,92048,BANES (RUE) N° 3 A 19,48.80820719,2.24019398,Plein jour,Hors agglomération,Hors intersection,Normale,Deux véhicules - arrière,4,-1,2,0,1,1,2,2,1,50,2,2,1,0,0,1,46.0,38.0,voiture,deux_roues,1,1,1,1,2
202400031813,2024-05-16 11:30:00,2024,5,16,11,30,69,69199,Rue Carnot,45.70807,4.85875,Plein jour,En agglomération,Intersection en T,Pluie légère,Deux véhicules - côté,4,1,1,2,1,1,2,8,1,30,2,2,1,0,1,0,53.0,46.0,deux_roues,voiture,1,2,3,2,3
202400031813,2024-05-16 11:30:00,2024,5,16,11,30,69,69199,Rue Carnot,45.70807,4.85875,Plein jour,En agglomération,Intersection en T,Pluie légère,Deux véhicules - côté,4,2,2,2,1,1,2,8,1,30,2,2,1,0,1,0,53.0,46.0,deux_roues,voiture,1,2,3,2,3
202400031814,2024-07-24 17:45:00,2024,7,24,17,45,83,83147,D6,43.65488219,6.26998631,Plein jour,Hors agglomération,Hors intersection,Normale,Deux véhicules - frontale,3,2,2,0,1,1,1,0,1,80,2,2,1,0,1,0,49.0,50.0,voiture,deux_roues,1,1,1,1,1
202400031815,2024-01-19 09:25:00,2024,1,19,9,25,92,92026,22 SEPTEMBRE ( RUE DU ),48.90516082,2.27244624,Plein jour,En agglomération,Autre intersection,Normale,Autre collision,4,2,0,0,1,1,1,9,1,5,1,2,1,0,0,1,45.0,,voiture,,1,2,9,1,6
202400031816,2024-01-19 07:15:00,2024,1,19,7,15,92,92026,EDITH CAVELL (DE 47 A FIN),48.9042,2.26732,Nuit avec éclairage allumé,En agglomération,Hors intersection,Normale,Autre collision,3,2,2,0,2,1,7,0,1,50,1,2,1,0,0,1,31.0,,voiture,,5,2,1,1,6
202400031817,2024-05-16 12:40:00,2024,5,16,12,40,69,69259,Boulevard Ambroise Croizat,45.70312,4.88769,Plein jour,En agglomération,Intersection en X,Pluie forte,Deux véhicules - côté,7,2,4,3,1,1,2,8,1,50,2,2,1,0,0,1,72.0,76.0,voiture,voiture,1,2,2,3,3
202400031817,2024-05-16 12:40:00,2024,5,16,12,40,69,69259,Boulevard Ambroise Croizat,45.70312,4.88769,Plein jour,En agglomération,Intersection en X,Pluie forte,Deux véhicules - côté,7,2,3,0,1,1,2,8,1,50,2,2,1,0,0,1,72.0,76.0,voiture,voiture,1,2,2,3,3
202400031818,2024-07-25 15:59:00,2024,7,25,15,59,18,18061,,47.139342,2.783728,Plein jour,Hors agglomération,Intersection en X,Normale,Deux véhicules - arrière,2,2,2,0,1,1,1,0,1,80,2,2,1,1,0,0,33.0,61.0,utilitaire_camion,deux_roues,1,1,2,1,2
202400031818,2024-07-25 15:59:00,2024,7,25,15,59,18,18061,,47.139342,2.783728,Plein jour,Hors agglomération,Intersection en X,Normale,Deux véhicules - arrière,2,2, -1,-1,1,1,1,0,1,80,2,2,1,1,0,0,33.0,61.0,utilitaire_camion,deux_roues,1,1,2,1,2
202400031819,2024-08-31 10:25:00,2024,8,31,10,25,44,44057,le Pont de l’Eau,47.609375,-2.038742,Plein jour,Hors agglomération,Intersection en Y,Temps couvert,Trois véhicules et plus - collisions multiples,3,2,2,0,1,2,2,5,1,80,3,9,7,0,2,0,76.0,42.0,voiture,voiture,1,1,4,8,5
202400031819,2024-08-31 10:25:00,2024,8,31,10,25,44,44057,le Pont de l’Eau,47.609375,-2.038742,Plein jour,Hors agglomération,Intersection en Y,Temps couvert,Trois véhicules et plus - collisions multiples,3,2,2,0,1,2,2,5,1,80,3,9,7,0,2,0,76.0,42.0,voiture,voiture,1,1,4,8,5
202400031820,2024-07-24 06:30:00,2024,7,24,6,30,85,85234,RD 205,46.796308,-2.020964,Crépuscule ou aube,Hors agglomération,Hors intersection,Normale,Deux véhicules - frontale,3,2,2,0,1,1,1,0,1,80,2,2,0,0,2,0,23.0,68.0,voiture,voiture,2,1,1,1,1
202400031821,2024-04-06 21:17:00,2024,4,6,21,17,57,57221,NATIONALE (RUE),49.31774,6.11301,Nuit avec éclairage allumé,En agglomération,Intersection en X,Normale,Trois véhicules et plus - collisions multiples,3,2,2,0,1,1,1,0,1,50,3,4,1,0,1,2,46.0,27.0,voiture,voiture,5,2,2,1,5
202400031821,2024-04-06 21:17:00,2024,4,6,21,17,57,57221,NATIONALE (RUE),49.31774,6.11301,Nuit avec éclairage allumé,En agglomération,Intersection en X,Normale,Trois véhicules et plus - collisions multiples,3,2,2,0,1,1,1,0,1,50,3,4,1,0,1,2,46.0,27.0,voiture,voiture,5,2,2,1,5
202400031822,2024-08-31 15:40:00,2024,8,31,15,40,38,38029,D1075,45.578101,5.552841,Plein jour,Hors agglomération,Intersection en X,Normale,Deux véhicules - arrière,3,2,2,0,2,1,1,0,1,70,2,2,1,0,0,1,23.0,21.0,deux_roues,voiture,1,1,2,1,2
202400031822,2024-08-31 15:40:00,2024,8,31,15,40,38,38029,D1075,45.578101,5.552841,Plein jour,Hors agglomération,Intersection en X,Normale,Deux véhicules - arrière,3,2,2,0,2,1,1,0,1,70,2,2,1,0,0,1,23.0,21.0,deux_roues,voiture,1,1,2,1,2
202400031823,2024-07-25 15:20:00,2024,7,25,15,20,85,85051,D949b,46.66905,-1.090173,Plein jour,Hors agglomération,Hors intersection,Temps éblouissant,Deux véhicules - côté,3,2,2,0,1,1,1,0,1,80,2,2,1,0,1,0,28.0,64.0,utilitaire_camion,utilitaire_camion,1,1,1,7,3
202400031824,2024-01-19 20:10:00,2024,1,19,20,10,92,92024,CLICHY (QUAI DE) DE (8 A 60),48.90386,2.29051,Nuit avec éclairage allumé,En agglomération,Hors intersection,Neige / grêle,Sans collision,3,1,1,0,1,1,7,0,1,50,1,2,1,0,0,1,15.0,,deux_roues,,5,2,1,4,7
202400031825,2024-05-16 17:00:00,2024,5,16,17,0,69,69096,Avenue du 19 Mars 1962,45.6052,4.77907,Plein jour,En agglomération,Hors intersection,Normale,Autre collision,7,2,2,0,1,1,2,0,1,50,1,3,1,0,0,2,50.0,,voiture,,1,2,1,1,6
202400031826,2024-04-09 15:54:00,2024,4,9,15,54,56,56260,Giratoire de Kergrain,47.6647,-2.7947,Plein jour,En agglomération,Hors intersection,Normale,Deux véhicules - côté,3,1,2,0,1,2,2,5,1,50,2,2,1,0,0,1,27.0,43.0,deux_roues,voiture,1,2,1,1,3
202400031827,2024-08-31 00:09:00,2024,8,31,0,9,02,02006,18 Rue Emile Borgne,49.932964,3.522143,Nuit sans éclairage public,En agglomération,Hors intersection,Normale,Autre collision,3,2,2,0,4,2,1,0,4,50,1,1,0,0,0,1,36.0,,voiture,,3,2,1,1,6
202400031828,2024-07-23 12:30:00,2024,7,23,12,30,27,27192,Crosville la Vieille,49.165599,0.94255,Plein jour,Hors agglomération,Autre intersection,Normale,Deux véhicules - frontale,3,2,2,0,1,3,1,0,1,80,2,2,1,0,1,0,21.0,43.0,voiture,voiture,1,1,9,1,1
202400031829,2024-01-20 12:48:00,2024,1,20,12,48,60,60154,Rue de Liancourt,49.319898,2.523116,Plein jour,En agglomération,Hors intersection,Normale,Autre collision,3,2,2,0,1,3,2,0,1,50,2,4,1,0,0,3,28.0,26.0,voiture,voiture,1,2,1,1,6
202400031830,2024-04-08 17:40:00,2024,4,8,17,40,56,56121,FAURE (RUE  GABRIEL ),47.76567,-3.37253,Plein jour,En agglomération,Hors intersection,Normale,Autre collision,4,2,2,0,3,1,1,0,1,30,1,2,1,0,0,1,18.0,,deux_roues,,1,2,1,1,6
202400031831,2024-05-17 13:50:00,2024,5,17,13,50,66,66136,,42.69279,2.85982,Plein jour,En agglomération,Hors intersection,Normale,Trois véhicules et plus - collisions multiples,4,2,2,0,1,1,1,0,1,50,3,3,2,0,1,0,30.0,26.0,utilitaire_camion,deux_roues,1,2,1,1,5
202400031832,2024-01-19 09:26:00,2024,1,19,9,26,24,24297,D6089,45.01035484,0.05184442,Plein jour,En agglomération,Hors intersection,Autre,Deux véhicules - arrière,3,3,2,0,1,1,7,0,1,50,2,3,2,0,1,0,43.0,64.0,voiture,voiture,1,2,1,9,2
202400031833,2024-05-15 07:10:00,2024,5,15,7,10,37,37018,Route des Vallées,47.363958,0.630086,Crépuscule ou aube,En agglomération,Hors intersection,Normale,Deux véhicules - côté,7,2,2,0,1,1,1,0,1,50,2,2,1,0,0,1,54.0,54.0,voiture,deux_roues,2,2,1,1,3
202400031834,2024-09-01 18:10:00,2024,9,1,18,10,03,03212,Rue du Plan d'Eau,46.33118,2.513552,Plein jour,En agglomération,Hors intersection,Normale,Deux véhicules - frontale,3,-1,2,0,2,2,1,0,1,50,2,5,4,0,1,0,33.0,14.0,voiture,deux_roues,1,2,1,1,1
202400031835,2024-05-16 11:00:00,2024,5,16,11,0,64,64125,BIARRITZ (AVENUE DE),43.45974642,-1.57177985,Plein jour,En agglomération,Hors intersection,Normale,Sans collision,3,-1,0,0,1,1,1,0,1,50,1,1,0,0,0,1,70.0,,deux_roues,,1,2,1,1,7
202400031836,2024-04-08 09:45:00,2024,4,8,9,45,54,54395,Rue de Mon Desert,48.68342656,6.17349297,Plein jour,Hors agglomération,Intersection en X,Normale,Deux véhicules - côté,4,1,3,0,1,1,1,0,1,50,2,2,1,0,0,1,75.0,26.0,deux_roues,deux_roues,1,1,2,1,3
202400031836,2024-04-08 09:45:00,2024,4,8,9,45,54,54395,Rue de Mon Desert,48.68342656,6.17349297,Plein jour,Hors agglomération,Intersection en X,Normale,Deux véhicules - côté,4,1,3,1,1,1,1,0,1,50,2,2,1,0,0,1,75.0,26.0,deux_roues,deux_roues,1,1,2,1,3
202400031837,2024-01-19 16:30:00,2024,1,19,16,30,33,33327,,44.638399,-0.362892,Plein jour,Hors agglomération,Hors intersection,Normale,Deux véhicules - frontale,3,2,2,0,1,2,1,0,1,80,2,2,0,0,0,2,20.0,72.0,voiture,voiture,1,1,1,1,1
202400031838,2024-05-17 07:53:00,2024,5,17,7,53,63,63113,BIAUZAT (RUE GAULTIER DE) / place Gaillard,45.78042534,3.08329448,Plein jour,En agglomération,Intersection en T,Normale,Autre collision,4,1,1,0,2,1,1,0,6,30,1,2,1,0,0,1,50.0,,voiture,,1,2,3,1,6
202400031838,2024-05-17 07:53:00,2024,5,17,7,53,63,63113,BIAUZAT (RUE GAULTIER DE) / place Gaillard,45.78042534,3.08329448,Plein jour,En agglomération,Intersection en T,Normale,Autre collision,4,2,2,0,1,1,1,0,1,30,1,2,1,0,0,1,50.0,,voiture,,1,2,3,1,6
202400031839,2024-09-01 10:00:00,2024,9,1,10,0,01,01010,D992,45.922229,5.809622,Plein jour,Hors agglomération,Hors intersection,Normale,Autre collision,3,2,2,0,1,1,1,0,1,80,1,2,0,2,0,0,52.0,,deux_roues,,1,1,1,1,6
202400031840,2024-07-25 14:45:00,2024,7,25,14,45,38,38195,D1532,45.14839,5.376096,Plein jour,En agglomération,Intersection en X,Normale,Deux véhicules - frontale,3,2,2,0,1,1,1,0,1,50,2,2,1,1,0,0,43.0,65.0,utilitaire_camion,deux_roues,1,2,2,1,1
202400031840,2024-07-25 14:45:00,2024,7,25,14,45,38,38195,D1532,45.14839,5.376096,Plein jour,En agglomération,Intersection en X,Normale,Deux véhicules - frontale,3,2,2,0,1,1,1,0,8,50,2,2,1,1,0,0,43.0,65.0,utilitaire_camion,deux_roues,1,2,2,1,1
202400031841,2024-04-08 07:00:00,2024,4,8,7,0,54,54300,Rue Lucien Galtier,48.66110177,6.2229073,Nuit avec éclairage allumé,En agglomération,Intersection en T,Normale,Autre collision,4,2,2,0,1,1,1,0,1,50,1,2,1,0,1,0,61.0,,voiture,,5,2,3,1,6
202400031841,2024-04-08 07:00:00,2024,4,8,7,0,54,54300,Rue Lucien Galtier,48.66110177,6.2229073,Nuit avec éclairage allumé,En agglomération,Intersection en T,Normale,Autre collision,4,2, -1,0,1,1,1,0,1,30,1,2,1,0,1,0,61.0,,voiture,,5,2,3,1,6
202400031842,2024-01-17 08:00:00,2024,1,17,8,0,01,01446,Route de Villefranche,46.011419,4.825165,Plein jour,Hors agglomération,Hors intersection,Pluie légère,Deux véhicules - frontale,3,2,2,0,1,1,2,0,1,80,2,2,0,0,0,2,54.0,24.0,voiture,voiture,1,1,1,2,1
202400031843,2024-05-09 18:00:00,2024,5,9,18,0,62,62624,Avenue de la République,50.41564222,2.98004007,Plein jour,En agglomération,Autre intersection,Normale,Deux véhicules - frontale,4,3,5,1,1,1,1,0,1,50,2,2,1,0,1,0,28.0,48.0,voiture,deux_roues,1,2,9,1,1
202400031844,2024-07-24 22:00:00,2024,7,24,22,0,63,63082,A71-Aire des Volcans,46.059042,3.110139,Crépuscule ou aube,Hors agglomération,Hors intersection,Normale,Autre collision,1,1,1,0,1,1,1,9,1,50,1,2,1,0,0,1,39.0,,voiture,,2,1,1,1,6
202400031845,2024-08-31 10:55:00,2024,8,31,10,55,01,01280,D94a,45.827237,5.546215,Plein jour,Hors agglomération,Hors intersection,Normale,Deux véhicules - côté,3,2,2,0,1,2,1,0,1,80,2,2,1,0,1,0,51.0,51.0,utilitaire_camion,deux_roues,1,1,1,1,3
202400031846,2024-01-12 05:00:00,2024,1,12,5,0,87,87122,A20 PK 157.600 sens NORD SUD,46.03064395,1.34831555,Nuit sans éclairage public,Hors agglomération,Hors intersection,Normale,Deux véhicules - arrière,1,3,2,0,1,1,1,0,1,130,2,2,1,0,1,0,37.0,27.0,utilitaire_camion,utilitaire_camion,3,1,1,1,2
202400031847,2024-04-08 20:10:00,2024,4,8,20,10,51,51454,MARCHANDEAU (AVENUE PAUL),49.244069,4.027602,Plein jour,En agglomération,Intersection en X,Pluie légère,Deux véhicules - côté,4,2,2,0,1,1,2,0,1,50,2,3,2,0,0,1,45.0,44.0,deux_roues,voiture,1,2,2,2,3