accident_id,datetime,annee,mois,jour,heure,minute,departement,commune_insee,adresse,latitude,longitude,luminosite,agglomeration,intersection,meteo,collision,catr,circ,nbv,vosp,prof,plan,surf,infra,situ,vma,nb_vehicules,nb_usagers,nb_indemnes,nb_tues,nb_blesses_hosp,nb_blesses_legers,age_cond_1,age_cond_2,veh_type_cond_1,veh_type_cond_2,lum_code,agg_code,int_code,atm_code,col_code
202400031847,2024-04-08 20:10:00,2024,4,8,20,10,51,51454,MARCHANDEAU (AVENUE PAUL),49.244069,4.027602,Plein jour,En agglomération,Intersection en X,Pluie légère,Deux véhicules - côté,4,3,4,0,1,1,2,0,1,50,2,3,2,0,0,1,45.0,44.0,deux_roues,voiture,1,2,2,2,3
202400031848,2024-05-16 21:20:00,2024,5,16,21,20,62,62186,D165,50.4453,2.7226,Plein jour,En agglomération,Giratoire,Normale,Deux véhicules - côté,3,1,2,0,1,2,1,0,1,50,2,2,1,0,0,1,53.0,19.0,utilitaire_camion,deux_roues,1,2,6,1,3
202400031848,2024-05-16 21:20:00,2024,5,16,21,20,62,62186,D165,50.4453,2.7226,Plein jour,En agglomération,Giratoire,Normale,Deux véhicules - côté,3,-1,2,0,1,1,1,0,1,50,2,2,1,0,0,1,53.0,19.0,utilitaire_camion,deux_roues,1,2,6,1,3
202400031849,2024-01-20 05:40:00,2024,1,20,5,40,83,83131,D554,43.216041,6.025658,Nuit sans éclairage public,Hors agglomération,Hors intersection,Normale,Autre collision,3,2,2,0,1,3,1,0,3,70,1,1,0,0,1,0,46.0,,voiture,,3,1,1,1,6
202400031850,2024-07-24 13:35:00,2024,7,24,13,35,18,18096,,47.189191,2.164561,Plein jour,Hors agglomération,Hors intersection,Normale,Deux véhicules - arrière,1,1,2,0,1,1,1,0,1,130,2,4,1,0,0,3,51.0,49.0,utilitaire_camion,voiture,1,1,1,1,2
202400031851,2024-04-08 08:20:00,2024,4,8,8,20,50,50129,Vallee de Quincampoix,49.61419,-1.64634,Plein jour,Hors agglomération,Intersection en T,Normale,Deux véhicules - côté,3,2,2,0,1,1,1,0,1,80,2,2,0,0,1,1,45.0,27.0,voiture,voiture,1,1,3,1,3
202400031851,2024-04-08 08:20:00,2024,4,8,8,20,50,50129,Vallee de Quincampoix,49.61419,-1.64634,Plein jour,Hors agglomération,Intersection en T,Normale,Deux véhicules - côté,3,2,2,0,1,1,1,0,1,80,2,2,0,0,1,1,45.0,27.0,voiture,voiture,1,1,3,1,3
202400031852,2024-05-16 19:20:00,2024,5,16,19,20,62,62563,D943,50.46495,2.76177,Plein jour,En agglomération,Hors intersection,Normale,Deux véhicules - côté,3,2,0,0,2,1,1,0,1,50,2,2,1,0,0,1,74.0,32.0,voiture,deux_roues,1,2,1,1,3
202400031853,2024-08-31 14:36:00,2024,8,31,14,36,14,14754,1 Rue Paris d'Illins,49.324608,-0.003004,Plein jour,En agglomération,Intersection en T,Normale,Deux véhicules - côté,3,2,2,0,1,1,1,0,1,50,2,2,1,0,0,1,30.0,24.0,voiture,deux_roues,1,2,3,1,3
202400031853,2024-08-31 14:36:00,2024,8,31,14,36,14,14754,1 Rue Paris d'Illins,49.324608,-0.003004,Plein jour,En agglomération,Intersection en T,Normale,Deux véhicules - côté,3,1,1,-1,1,1,1,0,1,-1,2,2,1,0,0,1,30.0,24.0,voiture,deux_roues,1,2,3,1,3
202400031854,2024-01-19 19:01:00,2024,1,19,19,1,37,37233,A10 - PK 206.900 VERS BORDEAUX,47.39423034,0.70615911,Nuit avec éclairage allumé,Hors agglomération,Hors intersection,Normale,Autre collision,1,3,3,0,2,3,1,0,1,90,2,2,1,1,0,0,60.0,62.0,deux_roues,voiture,5,1,1,1,6
202400031855,2024-04-07 14:25:00,2024,4,7,14,25,50,50129,FRANCOIS 1ER (PONT),49.6278,-1.61876,Plein jour,En agglomération,Passage à niveau,Normale,Autre collision,9,2,2,0,1,2,1,4,3,50,1,1,0,0,0,1,56.0,,deux_roues,,1,2,8,1,6
202400031856,2024-05-15 17:50:00,2024,5,15,17,50,59,59178,HAYEZ (BOULEVARD PAUL),50.36362,3.08242,Crépuscule ou aube,En agglomération,Hors intersection,Normale,Autre collision,4,3,4,0,1,1,1,0,1,50,1,2,1,0,0,1,36.0,,voiture,,2,2,1,1,6
202400031857,2024-07-18 22:45:00,2024,7,18,22,45,30,30156,A9 - PK 46 - SENS 1,43.85361964,4.42364036,Nuit sans éclairage public,Hors agglomération,Autre intersection,Normale,Sans collision,1,3,3,0,1,1,1,9,1,130,1,2,1,0,1,0,76.0,,voiture,,3,1,9,1,7
202400031858,2024-01-18 17:37:00,2024,1,18,17,37,51,51100,D242,48.912445,3.781507,Crépuscule ou aube,Hors agglomération,Hors intersection,Normale,Deux véhicules - côté,3,2,2,0,1,3,5,0,1,80,2,2,1,0,1,0,43.0,20.0,voiture,voiture,2,1,1,1,3
202400031859,2024-05-16 21:25:00,2024,5,16,21,25,57,57463,THIONVILLE (AVENUE ),49.14159128,6.16532564,Nuit avec éclairage allumé,En agglomération,Hors intersection,Temps couvert,Autre collision,7,3,2,0,1,1,2,0,1,50,1,2,1,0,0,1,68.0,,voiture,,5,2,1,8,6
202400031860,2024-04-06 14:45:00,2024,4,6,14,45,50,50129,THEMIS (ROND POINT DE),49.63436,-1.61379,Plein jour,En agglomération,Giratoire,Normale,Sans collision,3,3,4,0,1,1,1,0,1,50,1,2,1,0,0,1,58.0,,deux_roues,,1,2,6,1,7
202400031860,2024-04-06 14:45:00,2024,4,6,14,45,50,50129,THEMIS (ROND POINT DE),49.63436,-1.61379,Plein jour,En agglomération,Giratoire,Normale,Sans collision,3,1,1,0,1,2,1,0,1,50,1,2,1,0,0,1,58.0,,deux_roues,,1,2,6,1,7
202400031861,2024-01-20 12:30:00,2024,1,20,12,30,79,79225,,46.553438,-0.189471,Plein jour,En agglomération,Intersection en Y,Normale,Deux véhicules - côté,3,2,2,0,1,1,1,0,1,50,2,2,1,0,1,0,62.0,30.0,voiture,deux_roues,1,2,4,1,3
202400031861,2024-01-20 12:30:00,2024,1,20,12,30,79,79225,,46.553438,-0.189471,Plein jour,En agglomération,Intersection en Y,Normale,Deux véhicules - côté,3,2,2,-1,1,1,1,0,1,50,2,2,1,0,1,0,62.0,30.0,voiture,deux_roues,1,2,4,1,3
202400031862,2024-09-01 10:30:00,2024,9,1,10,30,09,09318,n20,42.74895,1.773428,Plein jour,Hors agglomération,Hors intersection,Autre,Deux véhicules - arrière,2,2,3,0,2,2,2,0,1,80,2,5,1,0,0,4,38.0,48.0,voiture,voiture,1,1,1,9,2
202400031863,2024-05-16 13:54:00,2024,5,16,13,54,57,57463,TANNEURS (RUE DES ),49.11919,6.18145,Plein jour,En agglomération,Hors intersection,Normale,Autre collision,4,2,2,0,1,1,1,0,1,50,1,2,1,0,0,1,77.0,,voiture,,1,2,1,1,6
202400031864,2024-04-04 18:30:00,2024,4,4,18,30,49,49328,MAUPASSANT (PLACE),47.2572,-0.08106,Plein jour,En agglomération,Hors intersection,Normale,Autre collision,4,1,1,0,1,2,1,0,1,50,1,2,1,0,0,1,34.0,,voiture,,1,2,1,1,6
202400031865,2024-07-24 22:14:00,2024,7,24,22,14,33,33005,,44.742249,-1.098096,Nuit avec éclairage allumé,En agglomération,Hors intersection,Normale,Sans collision,4,2,2,0,1,1,1,0,1,30,1,1,0,0,1,0,22.0,,deux_roues,,5,2,1,1,7
202400031866,2024-05-17 08:45:00,2024,5,17,8,45,56,56098,HO CHI MINH ( AV. ),47.7740935,-3.337594,Crépuscule ou aube,En agglomération,Giratoire,Normale,Deux véhicules - côté,3,2,2,0,2,3,2,5,1,50,2,2,1,0,0,1,26.0,56.0,voiture,deux_roues,2,2,6,1,3
202400031867,2024-01-19 17:30:00,2024,1,19,17,30,79,79304,,46.280151,-0.588959,Crépuscule ou aube,En agglomération,Intersection en X,Normale,Deux véhicules - frontale,3,2,2,0,1,1,1,0,1,50,2,2,1,0,1,0,17.0,31.0,deux_roues,voiture,2,2,2,1,1
202400031867,2024-01-19 17:30:00,2024,1,19,17,30,79,79304,,46.280151,-0.588959,Crépuscule ou aube,En agglomération,Intersection en X,Normale,Deux véhicules - frontale,3,2,2,-1,1,1,1,0,1,50,2,2,1,0,1,0,17.0,31.0,deux_roues,voiture,2,2,2,1,1
202400031868,2024-04-08 08:44:00,2024,4,8,8,44,49,49007,LIONNAISE,47.47635,-0.56311,Plein jour,En agglomération,Intersection en T,Normale,Deux véhicules - côté,4,1,1,0,1,1,2,0,1,30,2,2,1,0,0,1,40.0,64.0,deux_roues,voiture,1,2,3,1,3
202400031868,2024-04-08 08:44:00,2024,4,8,8,44,49,49007,LIONNAISE,47.47635,-0.56311,Plein jour,En agglomération,Intersection en T,Normale,Deux véhicules - côté,4,2,1,0,1,1,2,0,1,30,2,2,1,0,0,1,40.0,64.0,deux_roues,voiture,1,2,3,1,3
202400031869,2024-01-20 17:50:00,2024,1,20,17,50,49,49048,78 Route de Tiercé,47.581119,-0.498568,Crépuscule ou aube,En agglomération,Hors intersection,Normale,Deux véhicules - frontale,3,2,2,1,2,1,1,0,1,70,2,2,1,0,1,0,42.0,58.0,voiture,deux_roues,2,2,1,1,1
202400031870,2024-07-24 08:25:00,2024,7,24,8,25,77,77094,2 Rue des 2 Jumeaux,48.941857,2.776373,Plein jour,En agglomération,Hors intersection,Normale,Deux véhicules - frontale,3,2,2,0,1,2,1,0,1,50,2,2,1,0,0,1,26.0,54.0,voiture,voiture,1,2,1,1,1
202400031871,2024-08-31 20:00:00,2024,8,31,20,0,18,18023,26 Rue du Docteur Tillet,47.081431,2.730221,Plein jour,En agglomération,Intersection en T,Normale,Deux véhicules - côté,3,2,2,0,1,3,1,0,1,50,2,5,3,0,0,2,37.0,23.0,deux_roues,voiture,1,2,3,1,3
202400031871,2024-08-31 20:00:00,2024,8,31,20,0,18,18023,26 Rue du Docteur Tillet,47.081431,2.730221,Plein jour,En agglomération,Intersection en T,Normale,Deux véhicules - côté,3,2, -1,-1,1,1,1,0,1,-1,2,5,3,0,0,2,37.0,23.0,deux_roues,voiture,1,2,3,1,3
202400031872,2024-05-16 17:30:00,2024,5,16,17,30,54,54265,RM 570,48.645589,6.181803,Plein jour,En agglomération,Hors intersection,Normale,Autre collision,7,2,3,1,1,1,1,-1,1,50,4,4,3,0,0,1,65.0,24.0,voiture,voiture,1,2,1,1,6
202400031873,2024-04-08 10:20:00,2024,4,8,10,20,44,44114,362 Route de Vannes,47.25539,-1.63019,Plein jour,Hors agglomération,Autre intersection,Normale,Autre collision,6,-1,0,0,1,1,1,0,1,30,1,1,0,1,0,0,77.0,,voiture,,1,1,9,1,6
202400031874,2024-01-19 17:42:00,2024,1,19,17,42,49,49167,D748,47.387092,-0.491144,Crépuscule ou aube,Hors agglomération,Hors intersection,Normale,Sans collision,3,2,0,0,1,1,1,0,1,90,1,1,0,0,1,0,37.0,,voiture,,2,1,1,1,7
202400031875,2024-07-19 20:15:00,2024,7,19,20,15,95,95675,ORMET (RUE DE L'),49.058465,2.543067,Plein jour,En agglomération,Hors intersection,Normale,Autre collision,4,2,2,0,1,1,1,0,1,50,1,3,2,0,0,1,21.0,,voiture,,1,2,1,1,6
202400031876,2024-08-25 20:45:00,2024,8,25,20,45,10,10140,Avenue de la Gare,48.049404,3.924091,Crépuscule ou aube,En agglomération,Autre intersection,Normale,Deux véhicules - côté,4,2,2,0,1,1,1,9,1,70,2,2,1,0,0,1,17.0,58.0,voiture,voiture,2,2,9,1,3
202400031877,2024-01-19 19:15:00,2024,1,19,19,15,47,47271,D708,44.643628,0.195109,Nuit sans éclairage public,Hors agglomération,Hors intersection,Normale,Deux véhicules - côté,3,2,2,0,1,1,1,0,1,80,2,2,1,0,1,0,82.0,73.0,voiture,deux_roues,3,1,1,1,3
202400031878,2024-05-16 14:50:00,2024,5,16,14,50,54,54395,ARC (RUE JEANNE D' N°53 A 189-60 A 175),48.68338,6.17338,Plein jour,En agglomération,Intersection en X,Normale,Deux véhicules - côté,4,1,2,0,1,1,1,0,1,50,2,2,1,0,1,0,31.0,66.0,utilitaire_camion,deux_roues,1,2,2,1,3
202400031878,2024-05-16 14:50:00,2024,5,16,14,50,54,54395,ARC (RUE JEANNE D' N°53 A 189-60 A 175),48.68338,6.17338,Plein jour,En agglomération,Intersection en X,Normale,Deux véhicules - côté,4,1,2,1,1,1,1,-1,1,50,2,2,1,0,1,0,31.0,66.0,utilitaire_camion,deux_roues,1,2,2,1,3
202400031879,2024-09-01 14:55:00,2024,9,1,14,55,07,07225,D820,45.263092,4.702352,Plein jour,Hors agglomération,Hors intersection,Normale,Deux véhicules - arrière,3,2,2,0,1,1,1,0,3,80,2,2,1,0,1,0,48.0,35.0,deux_roues,voiture,1,1,1,1,2
202400031880,2024-04-09 19:25:00,2024,4,9,19,25,38,38185,RUE LESDIGUIÈRES,45.18712,5.72739,Plein jour,En agglomération,Intersection en X,Normale,Autre collision,4,2,4,1,1,1,1,0,8,30,1,2,1,0,0,1,34.0,,voiture,,1,2,2,1,6
202400031880,2024-04-09 19:25:00,2024,4,9,19,25,38,38185,RUE LESDIGUIÈRES,45.18712,5.72739,Plein jour,En agglomération,Intersection en X,Normale,Autre collision,4,2,4,1,1,1,1,0,1,30,1,2,1,0,0,1,34.0,,voiture,,1,2,2,1,6
202400031881,2024-01-19 23:30:00,2024,1,19,23,30,22,22289,D63,48.467145,-3.06083,Nuit sans éclairage public,Hors agglomération,Hors intersection,Autre,Autre collision,3,2,2,0,1,1,7,0,1,80,1,4,3,1,0,0,46.0,,voiture,,3,1,1,9,6
202400031882,2024-05-17 17:30:00,2024,5,17,17,30,51,51454,GUTENBERG (RUE),49.276073,4.004037,Plein jour,En agglomération,Hors intersection,Normale,Deux véhicules - frontale,4,2,2,0,1,3,1,0,1,50,2,2,1,0,0,1,54.0,58.0,utilitaire_camion,voiture,1,2,1,1,1
202400031883,2024-08-30 16:30:00,2024,8,30,16,30,27,27009,D830,48.844921,0.730419,Plein jour,Hors agglomération,Hors intersection,Pluie légère,Autre collision,3,2,2,0,1,2,2,0,8,80,1,1,0,0,1,0,33.0,,voiture,,1,1,1,2,6
202400031884,2024-02-16 15:50:00,2024,2,16,15,50,38,38151,AVENUE DE GRUGLIASCO,45.14843,5.723,Plein jour,En agglomération,Hors intersection,Normale,Autre collision,4,2,2,0,1,1,1,0,1,50,1,2,1,0,1,0,87.0,,voiture,,1,2,1,1,6
202400031885,2024-01-19 15:02:00,2024,1,19,15,2,35,35329,Le Ramponneau,48.52627106,-1.52515501,Plein jour,Hors agglomération,Hors intersection,Temps éblouissant,Deux véhicules - frontale,3,2,2,0,1,1,1,0,1,80,2,2,1,0,0,1,20.0,48.0,voiture,voiture,1,1,1,7,1
202400031886,2024-07-11 18:30:00,2024,7,11,18,30,13,13076,1054 Route de Marseille,43.801042,5.004964,Plein jour,Hors agglomération,Hors intersection,Normale,Deux véhicules - côté,3,2,2,0,1,1,1,9,1,80,2,3,1,0,2,0,19.0,40.0,voiture,deux_roues,1,1,1,1,3
202400031887,2024-05-17 15:20:00,2024,5,17,15,20,51,51454,NOIROT (BOULEVARD MAURICE),49.25198,4.02101,Plein jour,En agglomération,Hors intersection,Normale,Deux véhicules - frontale,4,3,6,1,1,1,1,2,1,50,2,2,1,0,0,1,54.0,49.0,voiture,utilitaire_camion,1,2,1,1,1
202400031888,2024-01-18 15:15:00,2024,1,18,15,15,29,29216,Rue Jean Cam,47.970129,-4.140703,Plein jour,En agglomération,Giratoire,Normale,Autre collision,4,1,2,0,1,2,1,0,3,50,1,1,0,0,1,0,64.0,,utilitaire_camion,,1,2,6,1,6
202400031889,2024-08-30 10:25:00,2024,8,30,10,25,87,87135,D10,45.82187,0.931761,Plein jour,Hors agglomération,Hors intersection,Normale,Deux véhicules - arrière,3,2,2,0,1,1,1,0,1,80,2,2,1,0,0,1,18.0,26.0,utilitaire_camion,voiture,1,1,1,1,2
202400031890,2024-04-04 13:30:00,2024,4,4,13,30,38,38053,BELLERIVE,45.60093,5.29313,Plein jour,En agglomération,Hors intersection,Pluie légère,Deux véhicules - côté,3,2,2,0,2,3,2,0,1,50,2,2,1,0,0,1,58.0,53.0,voiture,deux_roues,1,2,1,2,3
202400031891,2024-05-17 13:40:00,2024,5,17,13,40,49,49267,HAUT BOIS,47.4666,-0.46865,Plein jour,Hors agglomération,Hors intersection,Pluie forte,Deux véhicules - côté,4,2,2,0,1,1,2,0,1,50,2,2,0,0,0,2,52.0,30.0,voiture,voiture,1,1,1,3,3
202400031892,2024-01-20 19:39:00,2024,1,20,19,39,03,03212,N 145,46.31805261,2.50379796,Nuit sans éclairage public,Hors agglomération,Hors intersection,Normale,Deux véhicules - frontale,2,3,2,0,1,1,1,0,1,110,2,3,1,0,1,1,78.0,43.0,voiture,voiture,3,1,1,1,1
202400031893,2024-07-24 17:00:00,2024,7,24,17,0,70,70220,D70,47.397274,5.439048,Plein jour,Hors agglomération,Hors intersection,Temps éblouissant,Deux véhicules - frontale,3,2,2,0,1,1,1,0,1,90,2,3,1,0,2,0,36.0,18.0,utilitaire_camion,voiture,1,1,1,7,1
202400031894,2024-09-01 10:00:00,2024,9,1,10,0,48,48099,Rue de la Fare,44.521358,3.262069,Plein jour,En agglomération,Hors intersection,Normale,Sans collision,4,2,2,0,2,1,1,0,1,50,1,1,0,0,1,0,13.0,,deux_roues,,1,2,1,1,7
202400031895,2024-04-09 18:15:00,2024,4,9,18,15,35,35238,MUSSAT (AVENUE ANDRE),48.13104725,-1.69558716,Plein jour,En agglomération,Hors intersection,Normale,Autre collision,6,-1, -1,0,1,1,1,6,1,10,1,2,1,1,0,0,41.0,,voiture,,1,2,1,1,6
202400031896,2024-01-20 04:28:00,2024,1,20,4,28,66,66142,,42.491822,2.131294,Nuit sans éclairage public,Hors agglomération,Hors intersection,Normale,Autre collision,3,2,2,0,1,3,1,0,3,80,1,1,0,0,1,0,33.0,,voiture,,3,1,1,1,6
202400031897,2024-05-17 16:00:00,2024,5,17,16,0,37,37233,DUCLOS (AVENUE JACQUES),47.38033,0.72851,Plein jour,En agglomération,Hors intersection,Normale,Deux véhicules - arrière,4,2,2,0,1,1,1,0,1,50,2,3,2,0,0,1,33.0,61.0,voiture,voiture,1,2,1,1,2
202400031898,2024-01-19 21:35:00,2024,1,19,21,35,83,83025,route départementale 560,43.529353,5.969803,Nuit sans éclairage public,Hors agglomération,Hors intersection,Normale,Sans collision,3,2,2,0,1,3,1,0,3,80,1,1,0,0,0,1,45.0,,voiture,,3,1,1,1,7
202400031899,2024-04-09 09:50:00,2024,4,9,9,50,35,35238,LETTONIE (DE),48.08588,-1.64772,Plein jour,En agglomération,Hors intersection,Normale,Autre collision,4,1,1,2,1,1,1,0,1,30,1,1,0,0,0,1,70.0,,voiture,,1,2,1,1,6
202400031900,2024-05-17 08:25:00,2024,5,17,8,25,37,37261,CHEVALLIER (RUE AUGUSTE),47.3754,0.6789,Plein jour,En agglomération,Hors intersection,Normale,Autre collision,4,2,1,0,2,1,1,2,4,50,1,1,0,0,0,1,39.0,,deux_roues,,1,2,1,1,6
202400031901,2024-04-16 08:00:00,2024,4,16,8,0,68,68255,3 Rue Hattstatt,47.997556,7.293989,Plein jour,En agglomération,Intersection en Y,Normale,Deux véhicules - côté,4,2,2,0,1,1,1,0,1,50,2,2,1,0,0,1,15.0,29.0,deux_roues,utilitaire_camion,1,2,4,1,3
202400031902,2024-01-16 20:45:00,2024,1,16,20,45,88,88010,A31 PK 193+700,48.368481,5.870819,Nuit sans éclairage public,Hors agglomération,Hors intersection,Normale,Deux véhicules - côté,1,3,2,0,2,1,1,0,1,130,2,2,1,0,0,1,48.0,,voiture,utilitaire_camion,3,1,1,1,3
202400031903,2024-04-07 01:00:00,2024,4,7,1,0,34,34336,SERIGNAN (ANCIENNE ROUTE DE),43.31851,3.29278,Nuit sans éclairage public,Hors agglomération,Hors intersection,Normale,Deux véhicules - frontale,3,1,1,0,2,3,1,3,1,90,2,5,1,0,0,4,29.0,36.0,voiture,voiture,3,1,1,1,1
202400031904,2024-05-17 07:30:00,2024,5,17,7,30,37,37233,BLANQUI (RUE),47.39483,0.71831,Crépuscule ou aube,En agglomération,Giratoire,Normale,Deux véhicules - côté,4,2,2,1,1,1,1,0,1,50,2,2,1,0,0,1,61.0,,deux_roues,voiture,2,2,6,1,3
202400031904,2024-05-17 07:30:00,2024,5,17,7,30,37,37233,BLANQUI (RUE),47.39483,0.71831,Crépuscule ou aube,En agglomération,Giratoire,Normale,Deux véhicules - côté,4,2,2,0,1,1,1,0,1,30,2,2,1,0,0,1,61.0,,deux_roues,voiture,2,2,6,1,3
202400031905,2024-09-01 15:55:00,2024,9,1,15,55,52,52182,D384,48.55564504,4.83863994,Plein jour,Hors agglomération,Hors intersection,Normale,Deux véhicules - frontale,3,2,2,0,1,1,1,0,1,90,2,5,0,2,3,0,53.0,61.0,voiture,voiture,1,1,1,1,1
202400031906,2024-01-18 16:30:00,2024,1,18,16,30,987,98715,Voie d'insertion à la RDO par PUURAI,-17.559418,-149.597247,Plein jour,Hors agglomération,Hors intersection,Normale,Deux véhicules - arrière,2,3,4,0,1,1,1,0,1,90,2,3,1,0,1,1,41.0,37.0,deux_roues,utilitaire_camion,1,1,1,1,2
202400031907,2024-05-17 23:30:00,2024,5,17,23,30,34,34172,MAS ARGELLIERS (AVENUE DU),43.58798,3.89006,Nuit avec éclairage allumé,En agglomération,Hors intersection,Normale,Deux véhicules - côté,4,3,4,0,1,3,1,9,8,50,2,2,1,0,0,1,30.0,40.0,deux_roues,voiture,5,2,1,1,3
202400031908,2024-04-09 20:22:00,2024,4,9,20,22,33,33550,,44.782,-0.54036,Nuit avec éclairage allumé,En agglomération,Intersection en X,Pluie légère,Deux véhicules - frontale,4,2,2,0,1,1,2,5,1,80,2,2,0,0,0,2,57.0,22.0,voiture,utilitaire_camion,5,2,2,2,1
202400031908,2024-04-09 20:22:00,2024,4,9,20,22,33,33550,,44.782,-0.54036,Nuit avec éclairage allumé,En agglomération,Intersection en X,Pluie légère,Deux véhicules - frontale,4,2,2,0,1,1,2,5,1,80,2,2,0,0,0,2,57.0,22.0,voiture,utilitaire_camion,5,2,2,2,1
202400031909,2024-01-20 19:10:00,2024,1,20,19,10,13,13112,A7 PK 251.400,43.515444,5.231466,Nuit sans éclairage public,Hors agglomération,Hors intersection,Normale,Deux véhicules - frontale,1,1,2,0,2,1,1,0,1,130,2,3,2,0,1,0,60.0,39.0,voiture,deux_roues,3,1,1,1,1
202400031910,2024-05-17 03:35:00,2024,5,17,3,35,33,33522,,44.80594,-0.573,Nuit avec éclairage allumé,En agglomération,Hors intersection,Normale,Deux véhicules - arrière,4,2,2,2,1,1,1,5,1,50,2,2,1,0,0,1,22.0,26.0,voiture,voiture,5,2,1,1,2
202400031911,2024-07-25 11:40:00,2024,7,25,11,40,69,69023,Route de Salles,46.045722,4.656905,Plein jour,Hors agglomération,Intersection en X,Normale,Deux véhicules - côté,3,2,2,0,1,1,1,5,1,80,2,9,0,1,6,2,53.0,65.0,voiture,voiture,1,1,2,1,3
202400031911,2024-07-25 11:40:00,2024,7,25,11,40,69,69023,Route de Salles,46.045722,4.656905,Plein jour,Hors agglomération,Intersection en X,Normale,Deux véhicules - côté,3,2,2,0,1,1,1,5,1,80,2,9,0,1,6,2,53.0,65.0,voiture,voiture,1,1,2,1,3
202400031912,2024-09-01 09:20:00,2024,9,1,9,20,08,08386,,49.451684,4.250379,Plein jour,Hors agglomération,Intersection en X,Normale,Deux véhicules - côté,3,2,2,0,1,1,1,0,1,80,2,3,1,1,0,1,79.0,40.0,voiture,voiture,1,1,2,1,3
202400031912,2024-09-01 09:20:00,2024,9,1,9,20,08,08386,,49.451684,4.250379,Plein jour,Hors agglomération,Intersection en X,Normale,Deux véhicules - côté,3,2,2,0,1,1,1,0,1,80,2,3,1,1,0,1,79.0,40.0,voiture,voiture,1,1,2,1,3
202400031913,2024-04-09 12:00:00,2024,4,9,12,0,33,33162,,44.88523,-0.65656,Plein jour,En agglomération,Intersection en X,Temps couvert,Deux véhicules - frontale,4,2,2,0,1,1,1,5,1,50,2,2,1,0,0,1,29.0,31.0,voiture,deux_roues,1,2,2,8,1
202400031913,2024-04-09 12:00:00,2024,4,9,12,0,33,33162,,44.88523,-0.65656,Plein jour,En agglomération,Intersection en X,Temps couvert,Deux véhicules - frontale,4,2,2,0,1,2,1,5,1,50,2,2,1,0,0,1,29.0,31.0,voiture,deux_roues,1,2,2,8,1
202400031914,2024-01-19 14:30:00,2024,1,19,14,30,974,97420,Rue Louis Hoarau,-20.908441,55.597912,Plein jour,Hors agglomération,Hors intersection,Normale,Trois véhicules et plus - collisions multiples,3,2,2,0,2,1,1,0,1,50,3,3,2,0,1,0,28.0,57.0,voiture,voiture,1,1,1,1,5
202400031915,2024-01-20 21:30:00,2024,1,20,21,30,974,97408,Rue Nelson Mandela,-20.964475,55.328082,Nuit avec éclairage allumé,En agglomération,Hors intersection,Normale,Autre collision,3,2,2,0,2,3,1,0,4,50,1,1,0,0,1,0,32.0,,deux_roues,,5,2,1,1,6
202400031916,2024-07-24 14:00:00,2024,7,24,14,0,81,81200,D84,43.485833,2.01391328,Plein jour,Hors agglomération,Intersection en Y,Normale,Deux véhicules - côté,3,3,2,0,1,1,1,0,1,90,2,2,1,0,1,0,77.0,58.0,voiture,deux_roues,1,1,4,1,3
202400031916,2024-07-24 14:00:00,2024,7,24,14,0,81,81200,D84,43.485833,2.01391328,Plein jour,Hors agglomération,Intersection en Y,Normale,Deux véhicules - côté,3,2,2,0,1,1,1,0,1,80,2,2,1,0,1,0,77.0,58.0,voiture,deux_roues,1,1,4,1,3
202400031917,2024-08-31 18:00:00,2024,8,31,18,0,08,08366,2 Rue Jean Ruiz,49.719887,4.207404,Plein jour,En agglomération,Hors intersection,Normale,Autre collision,3,2,2,0,2,1,1,0,4,50,1,2,0,1,1,0,38.0,,utilitaire_camion,,1,2,1,1,6
202400031918,2024-05-17 13:51:00,2024,5,17,13,51,29,29039,rue de Penanguer,47.91049864,-3.92031958,Plein jour,Hors agglomération,Hors intersection,Normale,Deux véhicules - côté,3,2,2,0,1,1,1,0,1,70,2,3,1,0,2,0,65.0,42.0,deux_roues,utilitaire_camion,1,1,1,1,3
202400031919,2024-04-08 16:50:00,2024,4,8,16,50,33,33550,,44.790176,-0.566857,Plein jour,En agglomération,Intersection en T,Normale,Deux véhicules - côté,4,2,2,0,1,1,1,0,1,50,2,2,1,0,1,0,38.0,41.0,voiture,deux_roues,1,2,3,1,3
202400031919,2024-04-08 16:50:00,2024,4,8,16,50,33,33550,,44.790176,-0.566857,Plein jour,En agglomération,Intersection en T,Normale,Deux véhicules - côté,4,2,3,2,2,1,1,-1,1,50,2,2,1,0,1,0,38.0,41.0,voiture,deux_roues,1,2,3,1,3
202400031920,2024-01-19 10:30:00,2024,1,19,10,30,972,97228,Route de l?Union,14.783597,-61.006801,Plein jour,Hors agglomération,Hors intersection,Normale,Deux véhicules - frontale,3,2,2,0,2,3,1,0,1,80,2,2,0,0,0,2,58.0,37.0,deux_roues,voiture,1,1,1,1,1
202400031921,2024-08-30 19:10:00,2024,8,30,19,10,13,13080,D13,43.63526799,5.45989917,Crépuscule ou aube,Hors agglomération,Hors intersection,Normale,Deux véhicules - frontale,3,2,2,0,2,2,1,0,1,90,2,2,1,1,0,0,55.0,38.0,deux_roues,voiture,2,1,1,1,1
202400031922,2024-05-23 13:25:00,2024,5,23,13,25,29,29019,boulevard de l'Europe,48.40866977,-4.52071846,Plein jour,En agglomération,Giratoire,Normale,Deux véhicules - arrière,4,3,2,1,1,1,1,0,1,50,2,2,0,0,0,2,39.0,20.0,voiture,voiture,1,2,6,1,2
202400031923,2024-07-24 11:54:00,2024,7,24,11,54,31,31395,9 Avenue des Pyrénées,43.458398,1.325542,Plein jour,En agglomération,Hors intersection,Normale,Deux véhicules - arrière,4,2,2,1,1,1,1,0,1,50,2,3,2,0,1,0,71.0,17.0,voiture,deux_roues,1,2,1,1,2