accident_id,datetime,annee,mois,jour,heure,minute,departement,commune_insee,adresse,latitude,longitude,luminosite,agglomeration,intersection,meteo,collision,catr,circ,nbv,vosp,prof,plan,surf,infra,situ,vma,nb_vehicules,nb_usagers,nb_indemnes,nb_tues,nb_blesses_hosp,nb_blesses_legers,age_cond_1,age_cond_2,veh_type_cond_1,veh_type_cond_2,lum_code,agg_code,int_code,atm_code,col_code
202400031924,2024-01-19 15:40:00,2024,1,19,15,40,95,95139,D14,49.18190959,1.73750256,Plein jour,Hors agglomération,Hors intersection,Neige / grêle,Deux véhicules - frontale,3,2,2,0,2,1,5,0,1,80,2,2,0,1,0,1,84.0,36.0,voiture,utilitaire_camion,1,1,1,4,1
202400031925,2024-07-23 10:15:00,2024,7,23,10,15,76,76053,Route du Beau Soleil,49.799069,1.447268,Plein jour,En agglomération,Hors intersection,Normale,Autre collision,3,2,2,0,2,1,1,0,1,80,1,1,0,0,1,0,31.0,,deux_roues,,1,2,1,1,6
202400031926,2024-05-17 12:30:00,2024,5,17,12,30,28,28134,FENOTS (AVENUE DES),48.7418,1.33574,Plein jour,En agglomération,Intersection en X,Normale,Deux véhicules - côté,4,2,2,0,1,3,1,0,1,50,2,2,1,0,0,1,26.0,70.0,voiture,voiture,1,2,2,1,3
202400031926,2024-05-17 12:30:00,2024,5,17,12,30,28,28134,FENOTS (AVENUE DES),48.7418,1.33574,Plein jour,En agglomération,Intersection en X,Normale,Deux véhicules - côté,4,2,3,0,1,1,1,0,1,50,2,2,1,0,0,1,26.0,70.0,voiture,voiture,1,2,2,1,3
202400031927,2024-09-01 01:40:00,2024,9,1,1,40,978,97801,"Route Nationale 7, Grand Case",18.098131,-63.065214,Nuit avec éclairage allumé,En agglomération,Hors intersection,Pluie légère,Trois véhicules et plus - collisions multiples,2,2,2,0,1,1,2,0,1,50,3,4,3,0,1,0,21.0,23.0,deux_roues,voiture,5,2,1,2,5
202400031928,2024-01-19 18:30:00,2024,1,19,18,30,91,91547,ANGERVILLE (ROUTE D'),48.41402,1.966596,Nuit sans éclairage public,Hors agglomération,Intersection en X,Brouillard / fumée,Deux véhicules - côté,3,2,2,0,1,1,1,0,1,80,2,3,1,0,1,1,49.0,48.0,voiture,voiture,3,1,2,5,3
202400031928,2024-01-19 18:30:00,2024,1,19,18,30,91,91547,ANGERVILLE (ROUTE D'),48.41402,1.966596,Nuit sans éclairage public,Hors agglomération,Intersection en X,Brouillard / fumée,Deux véhicules - côté,3,-1, -1,-1,-1,-1,-1,-1,-1,-1,2,3,1,0,1,1,49.0,48.0,voiture,voiture,3,1,2,5,3
202400031929,2024-04-08 13:45:00,2024,4,8,13,45,28,28085,COURTILLE (BOULEVARD DE LA),48.44482,1.49636,Plein jour,En agglomération,Hors intersection,Normale,Deux véhicules - arrière,4,-1,5,0,1,1,1,0,1,30,2,18,0,0,0,18,54.0,58.0,transport_commun,transport_commun,1,2,1,1,2
202400031930,2024-07-25 17:15:00,2024,7,25,17,15,60,60116,RD 137,49.31618691,2.36829934,Plein jour,Hors agglomération,Intersection en T,Normale,Trois véhicules et plus - collisions multiples,3,2,2,0,3,1,1,5,1,80,3,4,3,0,0,1,29.0,30.0,voiture,utilitaire_camion,1,1,3,1,5
202400031930,2024-07-25 17:15:00,2024,7,25,17,15,60,60116,RD 137,49.31618691,2.36829934,Plein jour,Hors agglomération,Intersection en T,Normale,Trois véhicules et plus - collisions multiples,3,2, -1,-1,1,1,1,0,1,-1,3,4,3,0,0,1,29.0,30.0,voiture,utilitaire_camion,1,1,3,1,5
202400031931,2024-01-12 07:15:00,2024,1,12,7,15,34,34154,Pont,43.580329,3.945379,Nuit sans éclairage public,Hors agglomération,Giratoire,Autre,Deux véhicules - côté,3,-1,2,0,1,2,7,0,1,50,2,2,1,0,1,0,67.0,59.0,deux_roues,utilitaire_camion,3,1,6,9,3
202400031932,2024-01-01 21:25:00,2024,1,1,21,25,06,06048,946 Route Departementale 2204,43.786742,7.343578,Nuit avec éclairage allumé,En agglomération,Hors intersection,Normale,Autre collision,3,2,2,0,1,2,1,2,1,-1,1,2,1,0,0,1,47.0,,voiture,,5,2,1,1,6
202400031933,2024-07-24 23:20:00,2024,7,24,23,20,80,80561,D135a,49.654766,2.592548,Nuit avec éclairage non allumé,Hors agglomération,Hors intersection,Normale,Sans collision,3,2,2,0,1,1,1,0,1,80,1,1,0,0,0,1,40.0,,deux_roues,,4,1,1,1,7
202400031934,2024-09-01 19:03:00,2024,9,1,19,3,18,18138,,47.093659,2.245519,Plein jour,Hors agglomération,Hors intersection,Normale,Deux véhicules - arrière,1,1,2,0,1,4,1,9,1,50,2,9,0,0,0,9,56.0,68.0,voiture,utilitaire_camion,1,1,1,1,2
202400031935,2024-05-17 15:58:00,2024,5,17,15,58,27,27229,JOSEPHINE (RUE),49.02359,1.1431,Plein jour,En agglomération,Hors intersection,Normale,Autre collision,4,2,2,0,1,1,1,0,1,50,2,2,1,0,0,1,63.0,25.0,voiture,deux_roues,1,2,1,1,6
202400031936,2024-07-17 01:15:00,2024,7,17,1,15,80,80212,D1,49.923557,2.520397,Nuit sans éclairage public,Hors agglomération,Hors intersection,Normale,Autre collision,3,2,2,0,2,2,1,0,1,80,1,3,1,0,1,1,23.0,,voiture,,3,1,1,1,6
202400031937,2024-05-17 18:30:00,2024,5,17,18,30,25,25031,REVOLUTION DE 1789 AVENUE DE LA),47.48201,6.84493,Plein jour,En agglomération,Intersection en X,Normale,Autre collision,3,2, -1,-1,1,2,1,5,1,20,1,2,1,0,1,0,20.0,,voiture,,1,2,2,1,6
202400031937,2024-05-17 18:30:00,2024,5,17,18,30,25,25031,REVOLUTION DE 1789 AVENUE DE LA),47.48201,6.84493,Plein jour,En agglomération,Intersection en X,Normale,Autre collision,3,2,5,0,1,1,1,5,8,50,1,2,1,0,1,0,20.0,,voiture,,1,2,2,1,6
202400031938,2024-08-31 14:10:00,2024,8,31,14,10,44,44048,,47.3916504,-1.23464856,Plein jour,Hors agglomération,Hors intersection,Normale,Autre collision,1,3,4,0,1,1,1,0,3,130,1,1,0,0,1,0,57.0,,voiture,,1,1,1,1,6
202400031939,2024-01-19 20:03:00,2024,1,19,20,3,13,13076,795 Route de Cabannes,43.821525,5.003997,Nuit sans éclairage public,Hors agglomération,Intersection en T,Normale,Deux véhicules - côté,3,2,2,0,1,1,1,0,1,80,4,5,3,0,2,0,24.0,71.0,voiture,voiture,3,1,3,1,3
202400031939,2024-01-19 20:03:00,2024,1,19,20,3,13,13076,795 Route de Cabannes,43.821525,5.003997,Nuit sans éclairage public,Hors agglomération,Intersection en T,Normale,Deux véhicules - côté,3,2, -1,-1,1,1,1,0,1,-1,4,5,3,0,2,0,24.0,71.0,voiture,voiture,3,1,3,1,3
202400031940,2024-07-22 18:20:00,2024,7,22,18,20,57,57663,Autoroute A31,49.22911683,6.17903709,Plein jour,Hors agglomération,Hors intersection,Normale,Deux véhicules - arrière,1,3,3,0,1,1,1,0,1,110,2,3,1,0,0,2,25.0,33.0,deux_roues,voiture,1,1,1,1,2
202400031941,2024-01-20 05:49:00,2024,1,20,5,49,26,26179,Autoroute A7 SENS Sud / Nord,45.040249,4.878069,Nuit sans éclairage public,Hors agglomération,Hors intersection,Normale,Deux véhicules - arrière,1,3,3,0,1,1,1,0,1,130,2,5,2,0,0,3,36.0,37.0,utilitaire_camion,utilitaire_camion,3,1,1,1,2
202400031942,2024-05-17 19:20:00,2024,5,17,19,20,25,25056,DROZ   AVENUE EDOUARD,47.24033,6.03358,Plein jour,En agglomération,Hors intersection,Normale,Trois véhicules et plus - collisions multiples,4,2,3,0,1,1,1,0,1,50,3,6,4,0,2,0,55.0,71.0,deux_roues,voiture,1,2,1,1,5
202400031943,2024-08-30 14:15:00,2024,8,30,14,15,44,44180,Route de la Césarée,47.529604,-1.084793,Plein jour,Hors agglomération,Intersection en X,Temps couvert,Deux véhicules - côté,3,2,1,0,1,1,1,0,1,80,2,3,1,1,1,0,37.0,84.0,utilitaire_camion,voiture,1,1,2,8,3
202400031943,2024-08-30 14:15:00,2024,8,30,14,15,44,44180,Route de la Césarée,47.529604,-1.084793,Plein jour,Hors agglomération,Intersection en X,Temps couvert,Deux véhicules - côté,3,2,2,0,1,1,1,0,1,80,2,3,1,1,1,0,37.0,84.0,utilitaire_camion,voiture,1,1,2,8,3
202400031944,2024-07-24 14:50:00,2024,7,24,14,50,91,91687,AUTOROUTE A6,48.66219,2.3692,Plein jour,Hors agglomération,Hors intersection,Normale,Deux véhicules - côté,1,1,3,0,1,1,1,0,1,110,2,2,1,0,0,1,42.0,31.0,utilitaire_camion,deux_roues,1,1,1,1,3
202400031945,2024-05-17 07:40:00,2024,5,17,7,40,22,22113,PETIT CAMP (ROUTE DE) (TY AN TUAL),48.767,-3.425,Plein jour,Hors agglomération,Hors intersection,Temps couvert,Autre collision,4,2,2,0,1,1,1,0,1,80,1,1,0,0,0,1,36.0,,deux_roues,,1,1,1,8,6
202400031946,2024-08-31 19:30:00,2024,8,31,19,30,33,33284,,44.632841,-0.847492,Plein jour,Hors agglomération,Hors intersection,Normale,Sans collision,1,1,2,0,1,2,1,3,2,50,1,1,0,0,1,0,53.0,,deux_roues,,1,1,1,1,7
202400031947,2024-07-24 08:43:00,2024,7,24,8,43,91,91434,AUTOROUTE A6,48.66850915,2.35337019,Plein jour,Hors agglomération,Hors intersection,Normale,Deux véhicules - arrière,1,1,3,0,1,1,1,0,1,110,2,2,1,0,0,1,57.0,39.0,voiture,voiture,1,1,1,1,2
202400031948,2024-01-19 22:55:00,2024,1,19,22,55,89,89438,A6,47.79794359,3.65490399,Nuit sans éclairage public,Hors agglomération,Hors intersection,Normale,Trois véhicules et plus - en chaîne,1,3,3,0,1,1,1,0,1,130,3,4,3,0,1,0,50.0,75.0,utilitaire_camion,voiture,3,1,1,1,4
202400031949,2024-05-17 07:35:00,2024,5,17,7,35,17,17306,AMPERE,45.6318,-1.00244,Plein jour,En agglomération,Hors intersection,Temps couvert,Deux véhicules - côté,4,2,2,0,1,3,2,0,1,50,2,3,1,0,0,2,56.0,20.0,utilitaire_camion,voiture,1,2,1,8,3
202400031950,2024-07-23 05:08:00,2024,7,23,5,8,92,92036,A86,48.93601405,2.28857875,Nuit sans éclairage public,Hors agglomération,Hors intersection,Pluie légère,Autre collision,1,3,3,0,1,1,2,0,3,90,1,1,0,0,0,1,40.0,,utilitaire_camion,,3,1,1,2,6
202400031951,2024-05-17 07:55:00,2024,5,17,7,55,14,14118,Rue de Nashville,49.20043,-0.38735,Plein jour,En agglomération,Intersection en T,Normale,Deux véhicules - frontale,4,2,2,0,1,1,1,0,1,50,2,2,1,0,1,0,60.0,25.0,voiture,deux_roues,1,2,3,1,1
202400031951,2024-05-17 07:55:00,2024,5,17,7,55,14,14118,Rue de Nashville,49.20043,-0.38735,Plein jour,En agglomération,Intersection en T,Normale,Deux véhicules - frontale,4,2,2,0,1,1,1,0,1,50,2,2,1,0,1,0,60.0,25.0,voiture,deux_roues,1,2,3,1,1
202400031952,2024-07-23 09:35:00,2024,7,23,9,35,92,92025,A86,48.93248487,2.24849163,Plein jour,Hors agglomération,Hors intersection,Pluie légère,Deux véhicules - arrière,1,-1,2,0,1,1,2,0,1,90,2,2,1,0,0,1,52.0,25.0,deux_roues,voiture,1,1,1,2,2
202400031953,2024-09-01 06:30:00,2024,9,1,6,30,64,64269,A64 pk 108+480,43.31824164,-0.2888016,Nuit sans éclairage public,Hors agglomération,Hors intersection,Pluie légère,Trois véhicules et plus - collisions multiples,1,3,2,0,1,1,2,0,1,130,3,7,5,0,0,2,35.0,28.0,voiture,voiture,3,1,1,2,5
202400031954,2024-05-15 19:40:00,2024,5,15,19,40,14,14118,97 Rue Chemin Vert,49.193707,-0.394509,Plein jour,En agglomération,Intersection en T,Normale,Sans collision,4,3,3,0,1,1,1,9,1,50,1,2,1,0,1,0,23.0,,voiture,,1,2,3,1,7
202400031954,2024-05-15 19:40:00,2024,5,15,19,40,14,14118,97 Rue Chemin Vert,49.193707,-0.394509,Plein jour,En agglomération,Intersection en T,Normale,Sans collision,4,1,2,0,1,1,1,0,1,50,1,2,1,0,1,0,23.0,,voiture,,1,2,3,1,7
202400031955,2024-07-22 08:20:00,2024,7,22,8,20,92,92047,A13,48.83281316,2.15759293,Plein jour,Hors agglomération,Hors intersection,Normale,Trois véhicules et plus - collisions multiples,1,1,3,0,4,1,1,3,1,90,3,3,2,0,0,1,27.0,38.0,deux_roues,utilitaire_camion,1,1,1,1,5
202400031956,2024-08-31 00:55:00,2024,8,31,0,55,49,49298,"A11, PK 275.500, sens PARIS-NANTES",47.463728,-0.69334,Nuit sans éclairage public,Hors agglomération,Hors intersection,Normale,Deux véhicules - arrière,1,3,2,0,1,1,1,3,1,110,2,2,1,0,0,1,36.0,55.0,voiture,voiture,3,1,1,1,2
202400031957,2024-05-17 09:00:00,2024,5,17,9,0,13,13214,LAROUSSE (BOULEVARD),43.33013,5.37981,Plein jour,En agglomération,Autre intersection,Normale,Deux véhicules - côté,4,-1,2,0,1,1,1,0,1,50,2,2,1,0,0,1,,20.0,voiture,voiture,1,2,9,1,3
202400031958,2024-07-24 20:30:00,2024,7,24,20,30,93,93008,AUTOROUTE A86,48.90860149,2.45026633,Plein jour,Hors agglomération,Hors intersection,Normale,Deux véhicules - côté,1,3,2,0,1,1,1,0,1,90,2,2,1,0,0,1,28.0,24.0,deux_roues,voiture,1,1,1,1,3
202400031959,2024-07-24 12:50:00,2024,7,24,12,50,95,95682,N104,49.06759248,2.3797408,Plein jour,Hors agglomération,Hors intersection,Normale,Sans collision,2,3,2,0,1,1,1,0,1,110,1,1,0,0,0,1,20.0,,deux_roues,,1,1,1,1,7
202400031960,2024-01-04 06:58:00,2024,1,4,6,58,13,13213,OLIVES (AVENUE DES),43.32694,5.43759,Crépuscule ou aube,En agglomération,Hors intersection,Normale,Deux véhicules - côté,4,2,2,0,1,1,1,0,1,50,2,2,1,0,0,1,62.0,23.0,voiture,deux_roues,2,2,1,1,3
202400031961,2024-08-31 18:40:00,2024,8,31,18,40,34,34123,Route de Saint-Georges-d’Orques,43.610997,3.804923,Plein jour,En agglomération,Intersection en X,Normale,Deux véhicules - frontale,7,2,1,0,1,1,1,0,1,50,2,2,1,0,1,0,45.0,22.0,voiture,deux_roues,1,2,2,1,1
202400031961,2024-08-31 18:40:00,2024,8,31,18,40,34,34123,Route de Saint-Georges-d’Orques,43.610997,3.804923,Plein jour,En agglomération,Intersection en X,Normale,Deux véhicules - frontale,7,2, -1,-1,1,1,1,0,1,-1,2,2,1,0,1,0,45.0,22.0,voiture,deux_roues,1,2,2,1,1
202400031962,2024-05-22 17:50:00,2024,5,22,17,50,74,74012,MALBRANDE (RUE DE),46.19184,6.24223,Plein jour,En agglomération,Hors intersection,Normale,Deux véhicules - côté,4,1,0,0,1,1,1,0,1,50,2,2,1,0,0,1,38.0,,deux_roues,voiture,1,2,1,1,3
202400031963,2024-05-17 08:20:00,2024,5,17,8,20,13,13215,LE CHATELIER,43.3463,5.36657,Plein jour,En agglomération,Hors intersection,Normale,Deux véhicules - frontale,4,2,2,0,2,1,1,0,8,50,1,2,1,0,0,1,44.0,,voiture,,1,2,1,1,1
202400031964,2024-07-26 06:30:00,2024,7,26,6,30,987,98714,Vaitape,-16.388,-151.765,Plein jour,En agglomération,Hors intersection,Normale,Deux véhicules - côté,2,2,2,0,1,1,1,0,1,-1,2,2,1,0,0,1,26.0,23.0,voiture,deux_roues,1,2,1,1,3
202400031965,2024-05-21 09:45:00,2024,5,21,9,45,74,74118,REIGNIER (ROUTE DE),46.17021,6.24055,Plein jour,Hors agglomération,Hors intersection,Normale,Deux véhicules - côté,4,-1,1,0,2,1,1,0,1,50,2,2,1,0,0,1,60.0,37.0,deux_roues,voiture,1,1,1,1,3
202400031966,2024-05-17 02:15:00,2024,5,17,2,15,13,13215,GAFFAREL (RUE),43.34837,5.3624,Nuit avec éclairage allumé,En agglomération,Intersection en X,Normale,Deux véhicules - côté,4,2,2,0,1,1,1,0,1,50,2,3,0,0,0,3,42.0,28.0,voiture,voiture,5,2,2,1,3
202400031966,2024-05-17 02:15:00,2024,5,17,2,15,13,13215,GAFFAREL (RUE),43.34837,5.3624,Nuit avec éclairage allumé,En agglomération,Intersection en X,Normale,Deux véhicules - côté,4,2,0,0,1,1,1,0,1,50,2,3,0,0,0,3,42.0,28.0,voiture,voiture,5,2,2,1,3
202400031967,2024-08-31 18:05:00,2024,8,31,18,5,973,97304,Route Degrad Saramaca,5.070554,-52.69279,Crépuscule ou aube,Hors agglomération,Hors intersection,Normale,Sans collision,4,2,2,0,1,1,1,0,3,80,1,1,0,1,0,0,25.0,,voiture,,2,1,1,1,7
202400031968,2024-03-28 17:30:00,2024,3,28,17,30,73,73011,CHASSEURS ALPINS (AV.) P. DUROY VERS AV,45.66703552,6.39003843,Plein jour,En agglomération,Hors intersection,Normale,Deux véhicules - arrière,4,3,2,2,2,1,1,0,1,50,2,3,2,0,0,1,15.0,35.0,deux_roues,utilitaire_camion,1,2,1,1,2
202400031969,2024-05-16 15:37:00,2024,5,16,15,37,13,13208,PRADO (AVENUE DU),43.26377624,5.37736699,Plein jour,En agglomération,Autre intersection,Normale,Trois véhicules et plus - collisions multiples,4,1,1,0,1,1,1,0,1,30,2,3,1,2,0,0,32.0,83.0,voiture,voiture,1,2,9,1,5
202400031970,2024-08-31 19:45:00,2024,8,31,19,45,77,77257,D 147,49.037854,3.005855,Nuit sans éclairage public,Hors agglomération,Hors intersection,Normale,Autre collision,3,2,2,0,1,2,1,0,3,80,1,1,0,1,0,0,57.0,,voiture,,3,1,1,1,6
202400031971,2024-03-19 08:25:00,2024,3,19,8,25,73,73011,DE GAULLE (AV),45.67020316,6.37758762,Plein jour,En agglomération,Giratoire,Normale,Deux véhicules - côté,3,2,2,0,1,1,1,0,1,50,2,2,1,0,0,1,71.0,51.0,voiture,deux_roues,1,2,6,1,3
202400031971,2024-03-19 08:25:00,2024,3,19,8,25,73,73011,DE GAULLE (AV),45.67020316,6.37758762,Plein jour,En agglomération,Giratoire,Normale,Deux véhicules - côté,3,1,2,0,1,3,1,0,1,50,2,2,1,0,0,1,71.0,51.0,voiture,deux_roues,1,2,6,1,3
202400031972,2024-04-30 19:40:00,2024,4,30,19,40,14,14480,4 Rue de la Mairie,49.329511,-1.07821,Plein jour,En agglomération,Hors intersection,Normale,Deux véhicules - côté,3,3,2,0,2,1,1,0,1,70,2,2,0,0,1,1,27.0,72.0,voiture,voiture,1,2,1,1,3
202400031973,2024-05-17 14:37:00,2024,5,17,14,37,11,11262,,43.16145,2.98332,Plein jour,En agglomération,Hors intersection,Normale,Deux véhicules - arrière,3,3,4,0,1,1,1,9,1,70,2,2,1,0,1,0,59.0,62.0,deux_roues,voiture,1,2,1,1,2
202400031974,2024-09-01 19:15:00,2024,9,1,19,15,2B,2B134,D81a,42.638201,8.935168,Crépuscule ou aube,En agglomération,Hors intersection,Normale,Sans collision,3,2,2,0,1,1,1,0,1,50,1,2,0,0,2,0,14.0,,deux_roues,,2,2,1,1,7
202400031975,2024-01-01 02:30:00,2024,1,1,2,30,974,97409,LAGOURGUE(CHEMIN),-20.95347,55.65819,Nuit sans éclairage public,En agglomération,Hors intersection,Pluie forte,Sans collision,4,2,0,0,1,1,2,9,8,50,1,1,0,0,1,0,36.0,,deux_roues,,3,2,1,3,7
202400031976,2024-08-31 09:40:00,2024,8,31,9,40,34,34289,D13e15,43.388146,3.420353,Plein jour,En agglomération,Giratoire,Normale,Sans collision,3,3,1,0,2,3,8,5,1,50,1,1,0,0,1,0,38.0,,deux_roues,,1,2,6,1,7
202400031977,2024-05-17 14:00:00,2024,5,17,14,0,11,11262,Enclos Saint Vincent,43.1837,2.99019,Plein jour,En agglomération,Hors intersection,Normale,Autre collision,4,2,2,0,1,3,1,9,1,50,1,2,1,0,1,0,53.0,,voiture,,1,2,1,1,6
202400031978,2024-08-31 22:40:00,2024,8,31,22,40,83,83115,50 Avenue Charles de Gaulle,43.308516,6.637368,Nuit avec éclairage allumé,En agglomération,Hors intersection,Normale,Autre collision,3,2,2,0,1,1,1,0,1,50,1,2,1,0,1,0,29.0,,voiture,,5,2,1,1,6
202400031979,2024-07-23 08:35:00,2024,7,23,8,35,974,97416,RN1 (ROUTE NATIONALE),-21.33103,55.45592,Plein jour,Hors agglomération,Hors intersection,Normale,Trois véhicules et plus - en chaîne,2,3,4,0,3,1,1,0,1,110,3,3,1,0,1,1,45.0,26.0,voiture,voiture,1,1,1,1,4
202400031980,2024-05-17 08:50:00,2024,5,17,8,50,11,11069,ROCADE NORD - RD 6113,43.23248,2.37182,Plein jour,Hors agglomération,Hors intersection,Normale,Deux véhicules - arrière,3,2,2,0,1,1,1,0,1,80,2,3,2,0,0,1,35.0,54.0,voiture,voiture,1,1,1,1,2
202400031981,2024-09-01 15:15:00,2024,9,1,15,15,83,83008,490 Route de Saint Paul,43.535725,6.7039856,Plein jour,En agglomération,Hors intersection,Normale,Sans collision,3,2,2,0,1,1,1,0,1,50,1,1,0,1,0,0,60.0,,deux_roues,,1,2,1,1,7
202400031982,2024-07-23 08:30:00,2024,7,23,8,30,974,97411,BAILLY (CHEMIN),-20.88926,55.42307,Plein jour,En agglomération,Hors intersection,Normale,Autre collision,4,2,2,0,2,2,1,0,1,30,1,2,1,0,0,1,42.0,,voiture,,1,2,1,1,6
202400031983,2024-05-17 08:57:00,2024,5,17,8,57,10,10387,Cours Jacquin,48.30398,4.07994,Plein jour,En agglomération,Hors intersection,Normale,Deux véhicules - côté,4,-1,2,0,1,1,1,0,1,50,2,2,1,0,0,1,35.0,40.0,deux_roues,voiture,1,2,1,1,3
202400031984,2024-07-23 09:45:00,2024,7,23,9,45,69,69386,Quai de Serbie,45.77072,4.84103,Plein jour,En agglomération,Hors intersection,Normale,Trois véhicules et plus - collisions multiples,4,1,3,1,1,1,1,0,1,50,3,3,2,0,0,1,26.0,53.0,deux_roues,voiture,1,2,1,1,5
202400031985,2024-08-31 10:22:00,2024,8,31,10,22,21,21200,Place Charles de Gaulle,47.260274,4.978966,Plein jour,En agglomération,Place,Normale,Deux véhicules - arrière,4,2,2,0,1,1,1,0,1,30,2,2,1,0,1,0,63.0,36.0,deux_roues,voiture,1,2,7,1,2
202400031986,2024-05-16 16:40:00,2024,5,16,16,40,10,10333,Avenue Charles de Refuge,48.2836,4.0569,Plein jour,En agglomération,Hors intersection,Normale,Deux véhicules - arrière,4,3,2,0,1,1,1,0,1,30,2,2,0,0,1,1,15.0,16.0,deux_roues,deux_roues,1,2,1,1,2
202400031987,2024-07-23 07:20:00,2024,7,23,7,20,972,97213,AUTOROUTE A1,14.617873,-61.019049,Plein jour,Hors agglomération,Hors intersection,Pluie forte,Trois véhicules et plus - en chaîne,1,3,8,3,1,1,2,0,1,90,4,4,3,0,0,1,22.0,26.0,voiture,voiture,1,1,1,3,4
202400031988,2024-09-01 18:45:00,2024,9,1,18,45,03,03298,22 Rue des Brémonts,46.318365,3.398385,Plein jour,En agglomération,Intersection en Y,Normale,Deux véhicules - côté,3,2,2,0,2,3,1,0,1,50,2,2,1,0,0,1,33.0,17.0,voiture,deux_roues,1,2,4,1,3
202400031988,2024-09-01 18:45:00,2024,9,1,18,45,03,03298,22 Rue des Brémonts,46.318365,3.398385,Plein jour,En agglomération,Intersection en Y,Normale,Deux véhicules - côté,3,2,2,0,1,1,1,0,8,50,2,2,1,0,0,1,33.0,17.0,voiture,deux_roues,1,2,4,1,3
202400031989,2024-05-17 18:55:00,2024,5,17,18,55,09,09013,20 (R.N.) TUNNEL,42.974062,1.622731,Plein jour,Hors agglomération,Hors intersection,Temps couvert,Trois véhicules et plus - en chaîne,2,2,2,0,1,1,1,1,1,70,3,6,3,0,0,3,27.0,23.0,voiture,voiture,1,1,1,8,4
202400031990,2024-07-19 19:23:00,2024,7,19,19,23,972,97213,AUTOROUTE A1,14.6179,-61.032,Plein jour,Hors agglomération,Hors intersection,Pluie forte,Trois véhicules et plus - en chaîne,1,1,3,0,1,1,2,0,1,90,3,3,2,0,0,1,51.0,24.0,voiture,voiture,1,1,1,3,4
202400031991,2024-09-01 16:00:00,2024,9,1,16,0,60,60619,,49.115388,2.769008,Plein jour,Hors agglomération,Hors intersection,Normale,Sans collision,4,2,2,0,1,3,1,0,1,80,1,1,0,0,1,0,28.0,,deux_roues,,1,1,1,1,7
202400031992,2024-07-23 05:00:00,2024,7,23,5,0,69,69382,7 Quai Tilsitt,45.75831,4.82854,Nuit avec éclairage allumé,En agglomération,Hors intersection,Normale,Deux véhicules - côté,4,1,2,3,1,1,1,0,1,30,2,2,1,0,0,1,21.0,,deux_roues,voiture,5,2,1,1,3
202400031993,2024-05-15 11:45:00,2024,5,15,11,45,06,06069,109 Avenue Sidi Brahim,43.647964,6.939872,Plein jour,En agglomération,Hors intersection,Normale,Trois véhicules et plus - en chaîne,4,2,1,0,2,1,1,0,1,50,5,5,2,0,0,3,30.0,57.0,utilitaire_camion,voiture,1,2,1,1,4
202400031994,2024-05-17 08:25:00,2024,5,17,8,25,01,01053,MAGINOT ( AVENUE) COTE PAIR,46.21067,5.22763,Plein jour,En agglomération,Autre intersection,Normale,Autre collision,4,2,2,0,1,1,1,0,1,50,1,2,1,0,1,0,79.0,,voiture,,1,2,9,1,6
202400031995,2024-04-06 07:00:00,2024,4,6,7,0,971,97101,BOISSARD,16.2421,-61.52886,Plein jour,En agglomération,Hors intersection,Normale,Sans collision,4,-1,1,0,1,1,1,0,1,50,1,1,0,0,1,0,19.0,,autre,,1,2,1,1,7
202400031996,2024-08-25 22:00:00,2024,8,25,22,0,13,13022,A50-Sens Toulon vers Aubagne,43.21391,5.58167,Nuit sans éclairage public,Hors agglomération,Hors intersection,Normale,Deux véhicules - côté,1,-1,2,0,2,3,1,0,1,90,1,3,0,0,0,3,25.0,,voiture,,3,1,1,1,3
202400031997,2024-05-17 19:10:00,2024,5,17,19,10,75,75118,BD PERIPHERIQUE INTERIEUR,48.900954,2.346667,Plein jour,En agglomération,Hors intersection,Pluie légère,Deux véhicules - arrière,4,1,2,0,1,1,2,0,1,50,2,2,1,0,0,1,39.0,54.0,deux_roues,deux_roues,1,2,1,2,2
202400031998,2024-07-20 14:30:00,2024,7,20,14,30,971,97101,DOTHEMARE,16.26325,-61.51402,Plein jour,Hors agglomération,Giratoire,Normale,Deux véhicules - arrière,2,1,2,0,1,3,1,0,1,50,2,2,1,0,0,1,49.0,29.0,voiture,deux_roues,1,1,6,1,2
202400031998,2024-07-20 14:30:00,2024,7,20,14,30,971,97101,DOTHEMARE,16.26325,-61.51402,Plein jour,Hors agglomération,Giratoire,Normale,Deux véhicules - arrière,2,1,1,0,1,3,1,0,1,50,2,2,1,0,0,1,49.0,29.0,voiture,deux_roues,1,1,6,1,2
202400031999,2024-08-31 06:00:00,2024,8,31,6,0,13,13215,A7-Sens Marseille vers Lyon,43.3581884,5.36269145,Nuit sans éclairage public,Hors agglomération,Hors intersection,Normale,Sans collision,1,-1,3,0,1,1,1,0,1,90,1,1,0,0,0,1,30.0,,voiture,,3,1,1,1,7
202400032000,2024-05-17 11:30:00,2024,5,17,11,30,75,75117,BD PERIPHERIQUE INTERIEUR,48.888198,2.292365,Plein jour,En agglomération,Hors intersection,Normale,Deux véhicules - arrière,4,1,4,0,1,1,1,0,1,70,2,3,1,0,0,2,58.0,21.0,voiture,utilitaire_camion,1,2,1,1,2
202400032001,2024-07-22 19:10:00,2024,7,22,19,10,91,91114,BD CHARLES DE GAULLE,48.69425,2.50886,Plein jour,En agglomération,Intersection en X,Normale,Deux véhicules - côté,3,3,4,0,1,1,1,5,1,50,2,2,1,0,1,0,49.0,75.0,voiture,deux_roues,1,2,2,1,3