accident_id,datetime,annee,mois,jour,heure,minute,departement,commune_insee,adresse,latitude,longitude,luminosite,agglomeration,intersection,meteo,collision,catr,circ,nbv,vosp,prof,plan,surf,infra,situ,vma,nb_vehicules,nb_usagers,nb_indemnes,nb_tues,nb_blesses_hosp,nb_blesses_legers,age_cond_1,age_cond_2,veh_type_cond_1,veh_type_cond_2,lum_code,agg_code,int_code,atm_code,col_code
202400032135,2024-08-29 20:15:00,2024,8,29,20,15,29,29019,rue de Gouesnou,48.422489,-4.466685,Plein jour,En agglomération,Intersection en X,Normale,Deux véhicules - côté,4,3,2,0,1,1,1,0,1,50,2,4,1,0,0,3,21.0,50.0,voiture,voiture,1,2,2,1,3
202400032136,2024-07-23 08:25:00,2024,7,23,8,25,75,75120,BD PERIPHERIQUE INTERIEUR,48.863502,2.413408,Plein jour,En agglomération,Hors intersection,Pluie légère,Deux véhicules - côté,4,1,4,0,1,1,2,0,1,70,2,2,1,0,0,1,24.0,24.0,deux_roues,voiture,1,2,1,2,3
202400032137,2024-08-30 12:40:00,2024,8,30,12,40,25,25462,REPUBLIQUE DE LA,46.90327,6.35579,Plein jour,En agglomération,Hors intersection,Normale,Deux véhicules - arrière,4,1,1,0,1,1,1,0,1,50,2,2,1,0,0,1,52.0,17.0,utilitaire_camion,deux_roues,1,2,1,1,2
202400032138,2024-07-22 20:25:00,2024,7,22,20,25,75,75112,BD PERIPHERIQUE EXTERIEUR,48.832542,2.406109,Plein jour,En agglomération,Hors intersection,Normale,Trois véhicules et plus - en chaîne,4,1,4,0,1,1,1,0,1,70,3,4,1,0,0,3,38.0,31.0,voiture,voiture,1,2,1,1,4
202400032139,2024-08-30 10:05:00,2024,8,30,10,5,25,25462,BERNARDINES,46.90469,6.3558,Plein jour,En agglomération,Hors intersection,Normale,Autre collision,4,2,2,0,1,1,1,0,1,50,1,2,1,0,1,0,88.0,,voiture,,1,2,1,1,6
202400032140,2024-07-22 11:20:00,2024,7,22,11,20,75,75114,BD PERIPHERIQUE INTERIEUR,48.82352,2.310358,Plein jour,En agglomération,Hors intersection,Normale,Deux véhicules - arrière,4,1,4,0,1,1,1,0,1,70,2,2,1,0,1,0,52.0,25.0,utilitaire_camion,deux_roues,1,2,1,1,2
202400032141,2024-08-30 07:55:00,2024,8,30,7,55,17,17415,BERTHELOT RUE MARCELIN,45.7411,-0.6223,Plein jour,En agglomération,Giratoire,Normale,Deux véhicules - frontale,4,-1,2,0,1,1,2,0,1,50,2,2,1,0,0,1,54.0,57.0,voiture,deux_roues,1,2,6,1,1
202400032142,2024-07-21 19:45:00,2024,7,21,19,45,75,75119,BD PERIPHERIQUE INTERIEUR,48.883443,2.399739,Plein jour,En agglomération,Hors intersection,Normale,Trois véhicules et plus - collisions multiples,4,1,4,0,1,1,1,0,1,70,3,3,2,0,0,1,19.0,63.0,deux_roues,voiture,1,2,1,1,5
202400032143,2024-08-28 11:30:00,2024,8,28,11,30,14,14699,1 Chemin du Marais,49.349339,0.091162,Plein jour,Hors agglomération,Intersection en T,Normale,Sans collision,3,2,2,0,1,1,1,0,1,50,1,2,1,0,1,0,76.0,,voiture,,1,1,3,1,7
202400032143,2024-08-28 11:30:00,2024,8,28,11,30,14,14699,1 Chemin du Marais,49.349339,0.091162,Plein jour,Hors agglomération,Intersection en T,Normale,Sans collision,3,2,2,0,1,1,1,0,1,70,1,2,1,0,1,0,76.0,,voiture,,1,1,3,1,7
202400032144,2024-07-23 14:34:00,2024,7,23,14,34,75,75116,BD PERIPHERIQUE INTERIEUR,48.834995,2.26404,Plein jour,En agglomération,Hors intersection,Normale,Deux véhicules - arrière,4,1,4,0,1,3,1,2,1,70,2,2,1,0,1,0,45.0,60.0,deux_roues,voiture,1,2,1,1,2
202400032145,2024-08-30 06:15:00,2024,8,30,6,15,13,13043,DEPARTEMENTALE 48 (RTE ),43.38318,5.20114,Crépuscule ou aube,En agglomération,Hors intersection,Normale,Sans collision,3,3,0,0,1,1,1,0,1,80,1,1,0,0,1,0,23.0,,deux_roues,,2,2,1,1,7
202400032146,2024-07-23 17:15:00,2024,7,23,17,15,75,75119,AVENUE JEAN JAURES,48.887197,2.387184,Plein jour,En agglomération,Intersection en T,Normale,Deux véhicules - arrière,4,2,4,1,1,1,1,0,5,30,2,3,2,0,0,1,23.0,36.0,voiture,deux_roues,1,2,3,1,2
202400032146,2024-07-23 17:15:00,2024,7,23,17,15,75,75119,AVENUE JEAN JAURES,48.887197,2.387184,Plein jour,En agglomération,Intersection en T,Normale,Deux véhicules - arrière,4,1, -1,-1,1,1,1,0,5,30,2,3,2,0,0,1,23.0,36.0,voiture,deux_roues,1,2,3,1,2
202400032147,2024-08-29 17:00:00,2024,8,29,17,0,13,13054,LACANAU (AV DE ),43.40631405,5.2288405,Crépuscule ou aube,En agglomération,Hors intersection,Normale,Deux véhicules - frontale,4,2,2,0,1,1,1,0,1,50,2,2,0,0,1,1,43.0,47.0,voiture,deux_roues,2,2,1,1,1
202400032148,2024-08-30 19:30:00,2024,8,30,19,30,13,13213,TILLEULS (BOULEVARD),43.31865,5.40873,Plein jour,En agglomération,Hors intersection,Normale,Autre collision,4,1,1,0,2,1,1,9,1,50,1,2,1,0,1,0,19.0,,voiture,,1,2,1,1,6
202400032149,2024-07-23 09:30:00,2024,7,23,9,30,75,75119,BOULEVARD DE LA VILLETTE,48.879792,2.370486,Plein jour,En agglomération,Hors intersection,Pluie légère,Deux véhicules - côté,4,3,2,1,1,1,2,0,5,30,2,2,1,0,0,1,74.0,74.0,deux_roues,voiture,1,2,1,2,3
202400032150,2024-08-30 08:30:00,2024,8,30,8,30,13,13213,JEAN PAUL SARTRE (AVENUE),43.32208764,5.41796195,Plein jour,En agglomération,Hors intersection,Normale,Deux véhicules - côté,4,2,4,0,1,1,1,0,1,50,2,3,0,0,1,2,57.0,85.0,deux_roues,voiture,1,2,1,1,3
202400032151,2024-07-23 20:45:00,2024,7,23,20,45,75,75117,AVENUE DE LA PORTE DE CHAMPERRET,48.886328,2.286534,Crépuscule ou aube,En agglomération,Intersection en T,Normale,Deux véhicules - côté,4,1,3,3,1,1,1,0,1,30,2,2,1,0,0,1,29.0,19.0,voiture,deux_roues,2,2,3,1,3
202400032151,2024-07-23 20:45:00,2024,7,23,20,45,75,75117,AVENUE DE LA PORTE DE CHAMPERRET,48.886328,2.286534,Crépuscule ou aube,En agglomération,Intersection en T,Normale,Deux véhicules - côté,4,1, -1,-1,1,1,1,0,1,30,2,2,1,0,0,1,29.0,19.0,voiture,deux_roues,2,2,3,1,3
202400032152,2024-08-30 23:15:00,2024,8,30,23,15,13,13047,D.5,43.48653,4.99488,Nuit avec éclairage allumé,Hors agglomération,Hors intersection,Normale,Deux véhicules - arrière,3,1,2,0,1,1,1,0,1,90,2,2,1,0,1,0,32.0,17.0,voiture,deux_roues,5,1,1,1,2
202400032153,2024-07-23 13:40:00,2024,7,23,13,40,75,75116,ALLEE DU BORD DE L EAU,48.87416127,2.24483371,Plein jour,En agglomération,Intersection en Y,Temps couvert,Deux véhicules - côté,4,2,4,0,1,1,1,0,1,50,2,2,1,0,0,1,80.0,64.0,voiture,deux_roues,1,2,4,8,3
202400032153,2024-07-23 13:40:00,2024,7,23,13,40,75,75116,ALLEE DU BORD DE L EAU,48.87416127,2.24483371,Plein jour,En agglomération,Intersection en Y,Temps couvert,Deux véhicules - côté,4,2, -1,-1,1,1,1,0,1,50,2,2,1,0,0,1,80.0,64.0,voiture,deux_roues,1,2,4,8,3
202400032154,2024-08-30 11:23:00,2024,8,30,11,23,10,10387,NOELS RUE (DES),48.29121,4.10292,Plein jour,En agglomération,Intersection en T,Normale,Deux véhicules - côté,4,2,2,0,1,1,1,0,1,50,2,3,1,0,0,2,50.0,86.0,voiture,voiture,1,2,3,1,3
202400032154,2024-08-30 11:23:00,2024,8,30,11,23,10,10387,NOELS RUE (DES),48.29121,4.10292,Plein jour,En agglomération,Intersection en T,Normale,Deux véhicules - côté,4,2,2,0,1,1,1,0,1,50,2,3,1,0,0,2,50.0,86.0,voiture,voiture,1,2,3,1,3
202400032155,2024-07-23 09:50:00,2024,7,23,9,50,75,75116,BOULEVARD SUCHET,48.849023,2.259495,Plein jour,En agglomération,Hors intersection,Pluie légère,Deux véhicules - arrière,4,1,4,1,1,1,2,0,1,50,2,2,1,0,0,1,39.0,34.0,voiture,deux_roues,1,2,1,2,2
202400032156,2024-07-23 09:10:00,2024,7,23,9,10,75,75116,AVENUE DE VERSAILLES,48.839232,2.261492,Plein jour,En agglomération,Intersection en T,Pluie légère,Autre collision,4,1,3,3,1,1,2,0,1,50,1,2,1,0,0,1,21.0,,utilitaire_camion,,1,2,3,2,6
202400032156,2024-07-23 09:10:00,2024,7,23,9,10,75,75116,AVENUE DE VERSAILLES,48.839232,2.261492,Plein jour,En agglomération,Intersection en T,Pluie légère,Autre collision,4,1, -1,-1,1,1,2,0,1,50,1,2,1,0,0,1,21.0,,utilitaire_camion,,1,2,3,2,6
202400032157,2024-08-29 21:00:00,2024,8,29,21,0,10,10387,GEORGES POMPIDOU (RUE),48.29639,4.0948,Crépuscule ou aube,En agglomération,Giratoire,Normale,Deux véhicules - côté,4,1,2,1,1,1,1,0,1,50,2,7,0,0,0,7,20.0,26.0,voiture,voiture,2,2,6,1,3
202400032157,2024-08-29 21:00:00,2024,8,29,21,0,10,10387,GEORGES POMPIDOU (RUE),48.29639,4.0948,Crépuscule ou aube,En agglomération,Giratoire,Normale,Deux véhicules - côté,4,2,2,1,1,1,1,0,1,50,2,7,0,0,0,7,20.0,26.0,voiture,voiture,2,2,6,1,3
202400032158,2024-07-23 10:10:00,2024,7,23,10,10,75,75115,RUE DE LA CONVENTION,48.838333,2.293968,Plein jour,En agglomération,Intersection en T,Pluie légère,Deux véhicules - arrière,4,2,3,3,1,1,2,0,1,30,2,3,2,0,0,1,25.0,,deux_roues,voiture,1,2,3,2,2
202400032158,2024-07-23 10:10:00,2024,7,23,10,10,75,75115,RUE DE LA CONVENTION,48.838333,2.293968,Plein jour,En agglomération,Intersection en T,Pluie légère,Deux véhicules - arrière,4,1,1,0,1,1,2,0,1,30,2,3,2,0,0,1,25.0,,deux_roues,voiture,1,2,3,2,2
202400032159,2024-08-29 18:11:00,2024,8,29,18,11,10,10387,Boulevard Jules Guesde,48.28066,4.08604,Plein jour,En agglomération,Hors intersection,Normale,Trois véhicules et plus - en chaîne,4,1,1,0,1,1,1,0,1,50,3,3,2,0,0,1,71.0,24.0,voiture,voiture,1,2,1,1,4
202400032160,2024-07-23 09:48:00,2024,7,23,9,48,75,75115,BOULEVARD VICTOR,48.834452,2.284039,Plein jour,En agglomération,Intersection en T,Pluie légère,Autre collision,4,-1,4,1,1,1,2,0,1,50,1,1,0,0,0,1,28.0,,deux_roues,,1,2,3,2,6
202400032160,2024-07-23 09:48:00,2024,7,23,9,48,75,75115,BOULEVARD VICTOR,48.834452,2.284039,Plein jour,En agglomération,Intersection en T,Pluie légère,Autre collision,4,1, -1,-1,1,1,2,0,1,50,1,1,0,0,0,1,28.0,,deux_roues,,1,2,3,2,6
202400032161,2024-08-29 18:53:00,2024,8,29,18,53,06,06155,23 Avenue du Tapis Vert,43.578875,7.058442,Plein jour,En agglomération,Hors intersection,Normale,Autre collision,3,2,2,0,2,1,1,9,1,50,1,3,2,1,0,0,20.0,,deux_roues,,1,2,1,1,6
202400032162,2024-07-23 16:50:00,2024,7,23,16,50,75,75101,BOULEVARD DE LA MADELEINE,48.869391,2.325222,Plein jour,En agglomération,Intersection en X,Normale,Autre collision,4,2,4,3,1,1,1,0,1,30,1,2,1,0,0,1,29.0,,deux_roues,,1,2,2,1,6
202400032162,2024-07-23 16:50:00,2024,7,23,16,50,75,75101,BOULEVARD DE LA MADELEINE,48.869391,2.325222,Plein jour,En agglomération,Intersection en X,Normale,Autre collision,4,2,2,1,1,1,1,0,1,30,1,2,1,0,0,1,29.0,,deux_roues,,1,2,2,1,6
202400032163,2024-08-21 17:45:00,2024,8,21,17,45,03,03185,DORMOY ( AVENUE MARX ),46.33817,2.59731,Plein jour,En agglomération,Intersection en X,Normale,Deux véhicules - côté,4,2,2,0,1,1,1,0,1,50,2,2,1,0,1,0,49.0,60.0,voiture,deux_roues,1,2,2,1,3
202400032163,2024-08-21 17:45:00,2024,8,21,17,45,03,03185,DORMOY ( AVENUE MARX ),46.33817,2.59731,Plein jour,En agglomération,Intersection en X,Normale,Deux véhicules - côté,4,1,2,0,1,1,1,0,1,50,2,2,1,0,1,0,49.0,60.0,voiture,deux_roues,1,2,2,1,3
202400032164,2024-07-21 06:20:00,2024,7,21,6,20,94,94015,Avenue du Général Leclerc,48.82834,2.51401,Plein jour,En agglomération,Hors intersection,Normale,Autre collision,3,2,2,0,1,1,1,0,4,50,1,1,0,0,0,1,20.0,,voiture,,1,2,1,1,6
202400032165,2024-08-30 08:00:00,2024,8,30,8,0,75,75116,BD PERIPHERIQUE INTERIEUR,48.861934,2.2646,Plein jour,En agglomération,Hors intersection,Normale,Trois véhicules et plus - en chaîne,4,1,4,0,1,1,1,0,1,70,3,3,2,0,0,1,37.0,29.0,utilitaire_camion,voiture,1,2,1,1,4
202400032166,2024-07-22 13:00:00,2024,7,22,13,0,94,94038,Rue des Tulipes,48.776458,2.353796,Plein jour,En agglomération,Autre intersection,Normale,Deux véhicules - frontale,4,2,2,0,1,1,1,0,1,50,2,2,1,0,1,0,26.0,18.0,utilitaire_camion,deux_roues,1,2,9,1,1
202400032167,2024-08-27 16:10:00,2024,8,27,16,10,75,75120,BD PERIPHERIQUE EXTERIEUR,48.848263,2.414947,Plein jour,En agglomération,Hors intersection,Normale,Deux véhicules - arrière,4,1,4,0,1,1,1,0,1,70,2,2,1,0,0,1,53.0,58.0,voiture,utilitaire_camion,1,2,1,1,2
202400032168,2024-07-23 12:13:00,2024,7,23,12,13,94,94033,Avenue de la République,48.85251,2.46525,Plein jour,En agglomération,Autre intersection,Pluie légère,Deux véhicules - arrière,3,2,2,0,2,1,2,0,1,50,2,2,1,0,0,1,31.0,42.0,voiture,utilitaire_camion,1,2,9,2,2
202400032168,2024-07-23 12:13:00,2024,7,23,12,13,94,94033,Avenue de la République,48.85251,2.46525,Plein jour,En agglomération,Autre intersection,Pluie légère,Deux véhicules - arrière,3,1,2,0,2,1,2,0,1,30,2,2,1,0,0,1,31.0,42.0,voiture,utilitaire_camion,1,2,9,2,2
202400032169,2024-08-30 08:45:00,2024,8,30,8,45,75,75115,RUE PEGOUD,48.835386,2.26676,Plein jour,En agglomération,Intersection en X,Temps couvert,Deux véhicules - côté,4,1,2,0,1,1,1,0,1,50,2,2,1,0,1,0,30.0,48.0,voiture,deux_roues,1,2,2,8,3
202400032169,2024-08-30 08:45:00,2024,8,30,8,45,75,75115,RUE PEGOUD,48.835386,2.26676,Plein jour,En agglomération,Intersection en X,Temps couvert,Deux véhicules - côté,4,-1,2,0,1,1,1,1,1,50,2,2,1,0,1,0,30.0,48.0,voiture,deux_roues,1,2,2,8,3
202400032170,2024-07-23 05:15:00,2024,7,23,5,15,93,93073,Avenue Blaise Pascal / Rue de Lorraine,48.94021005,2.57733499,Nuit avec éclairage allumé,En agglomération,Intersection en X,Pluie légère,Deux véhicules - côté,4,2,2,0,1,1,2,0,1,50,2,3,2,0,0,1,64.0,23.0,voiture,voiture,5,2,2,2,3
202400032171,2024-08-30 15:10:00,2024,8,30,15,10,75,75120,RUE DES PYRENEES,48.852677,2.406099,Plein jour,En agglomération,Intersection en X,Pluie légère,Deux véhicules - frontale,4,2,2,0,1,1,2,5,1,30,2,2,0,0,0,2,38.0,56.0,deux_roues,deux_roues,1,2,2,2,1
202400032171,2024-08-30 15:10:00,2024,8,30,15,10,75,75120,RUE DES PYRENEES,48.852677,2.406099,Plein jour,En agglomération,Intersection en X,Pluie légère,Deux véhicules - frontale,4,2,2,0,2,1,2,5,1,30,2,2,0,0,0,2,38.0,56.0,deux_roues,deux_roues,1,2,2,2,1
202400032172,2024-08-30 15:55:00,2024,8,30,15,55,75,75115,RUE LINOIS,48.848379,2.283127,Plein jour,En agglomération,Hors intersection,Pluie forte,Deux véhicules - côté,4,2,1,1,1,1,2,0,4,30,2,4,3,0,0,1,33.0,64.0,voiture,deux_roues,1,2,1,3,3
202400032173,2024-07-22 09:40:00,2024,7,22,9,40,93,93078,VAUBAN (AVENUE),48.96998,2.55027,Plein jour,En agglomération,Hors intersection,Normale,Trois véhicules et plus - en chaîne,3,-1,2,0,1,1,1,0,1,5,5,6,4,0,0,2,46.0,45.0,utilitaire_camion,voiture,1,2,1,1,4
202400032174,2024-07-22 10:15:00,2024,7,22,10,15,93,93073,TOLSTOI (RUE LEON),48.94546847,2.5674963,Plein jour,En agglomération,Hors intersection,Normale,Autre collision,4,1,2,0,1,1,1,0,6,30,2,2,1,0,0,1,27.0,23.0,transport_commun,transport_commun,1,2,1,1,6
202400032175,2024-08-30 19:15:00,2024,8,30,19,15,75,75108,RUE DE COURCELLES,48.875039,2.309149,Plein jour,En agglomération,Intersection en X,Pluie légère,Deux véhicules - arrière,4,1, -1,-1,1,1,2,0,1,30,2,2,1,0,0,1,47.0,28.0,voiture,deux_roues,1,2,2,2,2
202400032175,2024-08-30 19:15:00,2024,8,30,19,15,75,75108,RUE DE COURCELLES,48.875039,2.309149,Plein jour,En agglomération,Intersection en X,Pluie légère,Deux véhicules - arrière,4,2,2,0,1,1,2,0,1,30,2,2,1,0,0,1,47.0,28.0,voiture,deux_roues,1,2,2,2,2
202400032176,2024-07-23 15:30:00,2024,7,23,15,30,93,93071,GASTON BUSSIERE (PLACE),48.93755,2.52941,Plein jour,En agglomération,Hors intersection,Normale,Autre collision,4,1,1,0,1,1,1,0,1,50,1,2,1,0,0,1,60.0,,voiture,,1,2,1,1,6
202400032177,2024-08-30 08:25:00,2024,8,30,8,25,75,75103,BOULEVARD DE SEBASTOPOL,48.866243,2.35257,Plein jour,En agglomération,Intersection en X,Normale,Deux véhicules - arrière,4,1,5,0,1,1,1,0,1,50,2,2,1,0,0,1,28.0,30.0,voiture,voiture,1,2,2,1,2
202400032177,2024-08-30 08:25:00,2024,8,30,8,25,75,75103,BOULEVARD DE SEBASTOPOL,48.866243,2.35257,Plein jour,En agglomération,Intersection en X,Normale,Deux véhicules - arrière,4,-1,3,0,1,1,1,0,1,50,2,2,1,0,0,1,28.0,30.0,voiture,voiture,1,2,2,1,2
202400032178,2024-07-23 11:00:00,2024,7,23,11,0,93,93066,Avenue Paul Vaillant-Couturier / Rue des Victimes du Franquisme,48.93273532,2.36598289,Plein jour,En agglomération,Intersection en T,Pluie légère,Deux véhicules - côté,4,2,2,1,1,1,2,0,1,50,2,2,1,0,0,1,20.0,41.0,voiture,deux_roues,1,2,3,2,3
202400032178,2024-07-23 11:00:00,2024,7,23,11,0,93,93066,Avenue Paul Vaillant-Couturier / Rue des Victimes du Franquisme,48.93273532,2.36598289,Plein jour,En agglomération,Intersection en T,Pluie légère,Deux véhicules - côté,4,1,1,0,1,1,2,0,1,30,2,2,1,0,0,1,20.0,41.0,voiture,deux_roues,1,2,3,2,3
202400032179,2024-08-30 12:20:00,2024,8,30,12,20,94,94052,Rue Jacques Kablé,48.835813,2.488907,Plein jour,En agglomération,Intersection en X,Pluie légère,Autre collision,3,2,2,0,2,1,2,0,1,30,1,2,1,0,0,1,20.0,,voiture,,1,2,2,2,6
202400032179,2024-08-30 12:20:00,2024,8,30,12,20,94,94052,Rue Jacques Kablé,48.835813,2.488907,Plein jour,En agglomération,Intersection en X,Pluie légère,Autre collision,3,2,2,0,2,1,2,0,1,30,1,2,1,0,0,1,20.0,,voiture,,1,2,2,2,6
202400032180,2024-08-30 20:45:00,2024,8,30,20,45,94,94003,Avenue Vladimir Ilitch Lenine,48.812988,2.331882,Nuit sans éclairage public,En agglomération,Hors intersection,Pluie légère,Autre collision,4,2,2,0,1,1,2,0,1,30,1,2,1,0,0,1,,,voiture,,3,2,1,2,6
202400032181,2024-07-23 14:09:00,2024,7,23,14,9,93,93074,Rue de Meaux / Rue du Centre,48.93506846,2.56971359,Plein jour,En agglomération,Intersection en T,Normale,Deux véhicules - côté,3,2,2,0,1,1,1,0,1,50,2,2,1,0,0,1,,32.0,deux_roues,voiture,1,2,3,1,3
202400032181,2024-07-23 14:09:00,2024,7,23,14,9,93,93074,Rue de Meaux / Rue du Centre,48.93506846,2.56971359,Plein jour,En agglomération,Intersection en T,Normale,Deux véhicules - côté,3,1,1,0,1,1,1,0,1,-1,2,2,1,0,0,1,,32.0,deux_roues,voiture,1,2,3,1,3
202400032182,2024-08-30 18:17:00,2024,8,30,18,17,94,94043,Rue Gabriel Péri,48.81235863,2.35258985,Plein jour,En agglomération,Intersection en X,Pluie légère,Deux véhicules - côté,3,1,2,0,1,1,2,5,1,30,2,2,0,0,0,2,28.0,26.0,voiture,voiture,1,2,2,2,3
202400032182,2024-08-30 18:17:00,2024,8,30,18,17,94,94043,Rue Gabriel Péri,48.81235863,2.35258985,Plein jour,En agglomération,Intersection en X,Pluie légère,Deux véhicules - côté,3,1,2,0,2,1,2,5,1,30,2,2,0,0,0,2,28.0,26.0,voiture,voiture,1,2,2,2,3
202400032183,2024-07-23 09:40:00,2024,7,23,9,40,93,93046,Allée de Rosny,48.90597,2.51567,Plein jour,En agglomération,Hors intersection,Normale,Deux véhicules - côté,4,1,1,0,1,1,1,0,1,50,2,3,2,0,0,1,25.0,61.0,voiture,voiture,1,2,1,1,3
202400032184,2024-07-23 13:20:00,2024,7,23,13,20,93,93008,Avenue Paul Vaillant - Couturier,48.90761396,2.45481813,Plein jour,En agglomération,Hors intersection,Normale,Deux véhicules - arrière,3,3,4,3,1,1,1,0,8,50,2,3,2,0,0,1,28.0,21.0,deux_roues,voiture,1,2,1,1,2
202400032185,2024-08-30 08:35:00,2024,8,30,8,35,94,94018,89 Rue de Paris,48.822074,2.412555,Plein jour,En agglomération,Intersection en T,Normale,Deux véhicules - arrière,3,2,2,1,1,1,1,0,1,50,2,2,1,0,1,0,33.0,28.0,autre,transport_commun,1,2,3,1,2
202400032185,2024-08-30 08:35:00,2024,8,30,8,35,94,94018,89 Rue de Paris,48.822074,2.412555,Plein jour,En agglomération,Intersection en T,Normale,Deux véhicules - arrière,3,1,1,0,1,2,1,0,1,50,2,2,1,0,1,0,33.0,28.0,autre,transport_commun,1,2,3,1,2
202400032186,2024-07-04 16:22:00,2024,7,4,16,22,92,92078,PIERRE COUBERTIN (AVENUE),48.93889229,2.32791066,Plein jour,En agglomération,Hors intersection,Normale,Autre collision,4,2,0,0,1,1,1,0,1,30,1,2,1,0,0,1,,,voiture,,1,2,1,1,6
202400032187,2024-08-30 18:30:00,2024,8,30,18,30,94,94028,Av du Mal de Lattre de Tassigny,48.79745,2.45649,Plein jour,En agglomération,Hors intersection,Pluie légère,Deux véhicules - côté,3,3,4,0,1,1,2,0,1,50,2,2,1,0,0,1,63.0,23.0,voiture,deux_roues,1,2,1,2,3
202400032188,2024-08-30 16:30:00,2024,8,30,16,30,93,93072,Avenue de Stalingrad,48.94707316,2.37246752,Plein jour,En agglomération,Autre intersection,Pluie forte,Deux véhicules - côté,3,2,3,1,1,1,2,0,1,50,2,2,1,0,0,1,68.0,23.0,voiture,deux_roues,1,2,9,3,3
202400032189,2024-07-23 03:42:00,2024,7,23,3,42,92,92078,VERDUN (AVENUE) (PAIRS 2 A 38),48.93568233,2.3359344,Nuit avec éclairage allumé,En agglomération,Intersection en X,Normale,Deux véhicules - côté,3,-1,0,0,1,1,1,0,1,50,2,2,1,0,0,1,33.0,,deux_roues,voiture,5,2,2,1,3
202400032189,2024-07-23 03:42:00,2024,7,23,3,42,92,92078,VERDUN (AVENUE) (PAIRS 2 A 38),48.93568233,2.3359344,Nuit avec éclairage allumé,En agglomération,Intersection en X,Normale,Deux véhicules - côté,3,-1,1,0,1,1,1,5,1,50,2,2,1,0,0,1,33.0,,deux_roues,voiture,5,2,2,1,3
202400032190,2024-07-23 06:06:00,2024,7,23,6,6,92,92077,VERSAILLES (RUE DE),48.81643,2.16074,Crépuscule ou aube,Hors agglomération,Hors intersection,Pluie légère,Autre collision,3,2,2,0,2,1,2,0,1,80,1,1,0,0,0,1,21.0,,deux_roues,,2,1,1,2,6
202400032191,2024-08-29 17:45:00,2024,8,29,17,45,93,93064,Rue Leon Blum,48.88301444,2.47992671,Plein jour,En agglomération,Hors intersection,Normale,Deux véhicules - côté,4,3,2,0,2,1,1,0,1,50,2,2,1,0,0,1,60.0,33.0,utilitaire_camion,deux_roues,1,2,1,1,3
202400032192,2024-07-23 11:11:00,2024,7,23,11,11,92,92051,GENERAL LANREZAC (RUE),48.88500226,2.2558786,Plein jour,En agglomération,Autre intersection,Pluie légère,Deux véhicules - arrière,4,1,1,0,2,1,2,0,1,30,2,3,2,0,0,1,52.0,33.0,voiture,voiture,1,2,9,2,2
202400032193,2024-08-30 21:10:00,2024,8,30,21,10,93,93014,Allée de Gagny / Allée Henri Barbusse,48.906444,2.549432,Nuit avec éclairage allumé,En agglomération,Intersection en T,Temps couvert,Autre collision,3,2,2,0,1,1,1,0,1,30,1,2,1,0,0,1,21.0,,deux_roues,,5,2,3,8,6
202400032193,2024-08-30 21:10:00,2024,8,30,21,10,93,93014,Allée de Gagny / Allée Henri Barbusse,48.906444,2.549432,Nuit avec éclairage allumé,En agglomération,Intersection en T,Temps couvert,Autre collision,3,1,1,0,1,1,1,0,1,-1,1,2,1,0,0,1,21.0,,deux_roues,,5,2,3,8,6
202400032194,2024-07-23 09:25:00,2024,7,23,9,25,92,92049,REPUBLIQUE AVENUE DE LA N°2 A 90,48.81524481,2.31759524,Plein jour,En agglomération,Hors intersection,Pluie légère,Sans collision,3,1,2,1,1,1,2,0,5,50,1,1,0,0,0,1,27.0,,deux_roues,,1,2,1,2,7
202400032195,2024-08-30 01:30:00,2024,8,30,1,30,93,93014,Boulevard du Temple,48.90220494,2.53240675,Nuit avec éclairage allumé,En agglomération,Hors intersection,Normale,Autre collision,4,2,2,0,2,1,1,0,1,30,1,4,1,0,2,1,,,voiture,,5,2,1,1,6
202400032196,2024-07-22 18:32:00,2024,7,22,18,32,92,92035,République ( boulevard de la ),48.90554,2.25503,Plein jour,En agglomération,Hors intersection,Normale,Deux véhicules - frontale,3,2,0,0,1,1,1,0,1,50,2,2,1,0,0,1,36.0,38.0,deux_roues,deux_roues,1,2,1,1,1
202400032197,2024-08-29 04:50:00,2024,8,29,4,50,93,93014,Boulevard Emile Zola,48.90616,2.55297,Nuit avec éclairage allumé,En agglomération,Hors intersection,Normale,Deux véhicules - côté,4,2,2,0,1,1,1,9,4,30,2,3,2,0,0,1,35.0,35.0,deux_roues,voiture,5,2,1,1,3
202400032198,2024-08-31 08:54:00,2024,8,31,8,54,92,92078,GALLIENI (BD) (154 ET 214),48.9348,2.33286,Plein jour,En agglomération,Hors intersection,Normale,Autre collision,3,2,1,0,1,1,1,0,1,50,1,2,1,0,0,1,39.0,,utilitaire_camion,,1,2,1,1,6
202400032199,2024-08-29 18:08:00,2024,8,29,18,8,92,92051,"CHARLES DE GAULLE (AVENUE, N°27 A 129)",48.87872581,2.27925763,Plein jour,En agglomération,Hors intersection,Normale,Deux véhicules - arrière,2,1,0,3,1,1,1,0,6,50,2,2,1,0,0,1,64.0,26.0,voiture,deux_roues,1,2,1,1,2
202400032200,2024-08-29 16:55:00,2024,8,29,16,55,92,92040,VICTOR CRESSON (AVENUE) DU 29 AU 77,48.82243,2.26715,Plein jour,En agglomération,Hors intersection,Normale,Sans collision,3,-1,0,0,1,1,1,6,4,30,1,1,0,0,0,1,35.0,,deux_roues,,1,2,1,1,7
202400032201,2024-07-22 09:10:00,2024,7,22,9,10,92,92035,Général de Gaulle  ( avenue du ),48.90845,2.25539,Plein jour,En agglomération,Hors intersection,Normale,Deux véhicules - côté,3,2,1,1,1,1,1,0,5,50,2,2,1,0,0,1,46.0,52.0,voiture,deux_roues,1,2,1,1,3