accident_id,datetime,annee,mois,jour,heure,minute,departement,commune_insee,adresse,latitude,longitude,luminosite,agglomeration,intersection,meteo,collision,catr,circ,nbv,vosp,prof,plan,surf,infra,situ,vma,nb_vehicules,nb_usagers,nb_indemnes,nb_tues,nb_blesses_hosp,nb_blesses_legers,age_cond_1,age_cond_2,veh_type_cond_1,veh_type_cond_2,lum_code,agg_code,int_code,atm_code,col_code
202400032202,2024-08-29 20:15:00,2024,8,29,20,15,92,92036,CLAUDE DEBUSSY (AVENUE),48.92504966,2.2973451,Plein jour,En agglomération,Hors intersection,Normale,Sans collision,4,1,2,0,1,1,1,0,1,50,1,2,1,0,0,1,24.0,,voiture,,1,2,1,1,7
202400032203,2024-07-21 15:03:00,2024,7,21,15,3,92,92025,PRESIDENT SALVADOR ALLENDE (RUE DU),48.92219354,2.23570257,Plein jour,En agglomération,Hors intersection,Normale,Deux véhicules - frontale,4,-1,2,0,1,1,1,0,1,50,2,4,3,0,0,1,19.0,37.0,voiture,voiture,1,2,1,1,1
202400032204,2024-08-29 23:09:00,2024,8,29,23,9,92,92012,ROBERT SCHUMAN (AVENUE),48.84270761,2.24892229,Nuit avec éclairage allumé,En agglomération,Intersection en X,Normale,Deux véhicules - côté,4,2,2,0,1,1,1,0,1,30,2,3,2,0,0,1,41.0,28.0,voiture,deux_roues,5,2,2,1,3
202400032204,2024-08-29 23:09:00,2024,8,29,23,9,92,92012,ROBERT SCHUMAN (AVENUE),48.84270761,2.24892229,Nuit avec éclairage allumé,En agglomération,Intersection en X,Normale,Deux véhicules - côté,4,1,1,0,1,1,1,0,1,30,2,3,2,0,0,1,41.0,28.0,voiture,deux_roues,5,2,2,1,3
202400032205,2024-07-23 14:30:00,2024,7,23,14,30,92,92007,BRIAND (AVENUE ARISTIDE) N° 2 A 98,48.80668681,2.3258552,Plein jour,En agglomération,Intersection en Y,Normale,Deux véhicules - arrière,3,1,4,0,1,1,1,0,1,50,2,2,1,0,0,1,27.0,34.0,voiture,deux_roues,1,2,4,1,2
202400032205,2024-07-23 14:30:00,2024,7,23,14,30,92,92007,BRIAND (AVENUE ARISTIDE) N° 2 A 98,48.80668681,2.3258552,Plein jour,En agglomération,Intersection en Y,Normale,Deux véhicules - arrière,3,1,1,0,1,1,1,0,1,50,2,2,1,0,0,1,27.0,34.0,voiture,deux_roues,1,2,4,1,2
202400032206,2024-08-30 19:00:00,2024,8,30,19,0,92,92004,CHATEAU ( RUE DU ),48.90913266,2.29137897,Plein jour,En agglomération,Hors intersection,Temps couvert,Trois véhicules et plus - collisions multiples,4,3,2,0,1,1,2,0,1,50,3,3,2,0,0,1,25.0,71.0,voiture,voiture,1,2,1,8,5
202400032207,2024-07-23 12:45:00,2024,7,23,12,45,54,54571,D71,48.622882,6.224248,Plein jour,Hors agglomération,Hors intersection,Normale,Deux véhicules - frontale,3,2,2,0,1,1,1,0,3,80,2,2,1,0,0,1,16.0,,deux_roues,voiture,1,1,1,1,1
202400032208,2024-07-23 14:25:00,2024,7,23,14,25,40,40004,Route de Tyrosse,43.65797556,-1.35644958,Plein jour,Hors agglomération,Hors intersection,Normale,Deux véhicules - côté,3,2,2,0,1,1,1,0,1,80,2,2,1,0,1,0,63.0,26.0,deux_roues,voiture,1,1,1,1,3
202400032209,2024-08-27 09:45:00,2024,8,27,9,45,92,92004,ARGENTEUIL AV D',48.91933,2.28042,Plein jour,En agglomération,Intersection en X,Normale,Deux véhicules - côté,3,2,3,0,1,1,1,0,1,50,2,2,1,0,0,1,,30.0,deux_roues,deux_roues,1,2,2,1,3
202400032209,2024-08-27 09:45:00,2024,8,27,9,45,92,92004,ARGENTEUIL AV D',48.91933,2.28042,Plein jour,En agglomération,Intersection en X,Normale,Deux véhicules - côté,3,2,2,0,1,1,1,0,1,50,2,2,1,0,0,1,,30.0,deux_roues,deux_roues,1,2,2,1,3
202400032210,2024-07-24 11:06:00,2024,7,24,11,6,68,68300,D55,47.786601,7.426809,Plein jour,Hors agglomération,Hors intersection,Normale,Deux véhicules - côté,3,2,4,0,1,3,1,3,6,80,2,2,1,0,0,1,30.0,86.0,utilitaire_camion,deux_roues,1,1,1,1,3
202400032211,2024-08-31 15:50:00,2024,8,31,15,50,49,49244,La Baclaire (Le Marillais),47.358231,-1.064719,Plein jour,Hors agglomération,Intersection en X,Normale,Deux véhicules - côté,3,2,2,0,1,3,1,0,1,70,2,3,0,0,1,2,60.0,23.0,voiture,voiture,1,1,2,1,3
202400032211,2024-08-31 15:50:00,2024,8,31,15,50,49,49244,La Baclaire (Le Marillais),47.358231,-1.064719,Plein jour,Hors agglomération,Intersection en X,Normale,Deux véhicules - côté,3,2, -1,-1,1,1,1,9,8,-1,2,3,0,0,1,2,60.0,23.0,voiture,voiture,1,1,2,1,3
202400032212,2024-08-30 10:00:00,2024,8,30,10,0,2A,2A100,#D24#,42.23624226,8.81260272,Plein jour,Hors agglomération,Hors intersection,Normale,Autre collision,3,2,2,0,1,4,1,0,8,80,1,1,0,0,1,0,49.0,,voiture,,1,1,1,1,6
202400032213,2024-08-31 07:38:00,2024,8,31,7,38,2A,2A276,#Stiliccionu#,41.752281,8.843136,Plein jour,Hors agglomération,Hors intersection,Temps éblouissant,Deux véhicules - frontale,3,2,2,0,2,4,1,0,1,80,2,2,1,1,0,0,58.0,48.0,deux_roues,utilitaire_camion,1,1,1,7,1
202400032214,2024-07-23 23:00:00,2024,7,23,23,0,34,34032,Autoroute A75 PK 328,43.378103,3.298988,Nuit sans éclairage public,Hors agglomération,Hors intersection,Normale,Deux véhicules - arrière,1,1,2,0,1,1,1,0,1,130,2,2,1,1,0,0,52.0,68.0,voiture,deux_roues,3,1,1,1,2
202400032215,2024-08-31 12:35:00,2024,8,31,12,35,06,06114,101 Quai de la Banquiere,43.741135,7.287868,Plein jour,En agglomération,Hors intersection,Normale,Autre collision,7,2,2,0,1,1,1,0,8,30,1,1,0,0,0,1,55.0,,deux_roues,,1,2,1,1,6
202400032216,2024-07-23 17:01:00,2024,7,23,17,1,34,34270,rue des jasses,43.569967,3.836561,Plein jour,En agglomération,Hors intersection,Normale,Autre collision,4,2,2,0,1,3,1,0,1,50,1,2,1,0,1,0,47.0,,voiture,,1,2,1,1,6
202400032217,2024-08-30 15:16:00,2024,8,30,15,16,57,57161,ferme de l'espérance,48.840659,6.834236,Plein jour,Hors agglomération,Intersection en X,Normale,Deux véhicules - côté,3,2,2,0,1,1,1,0,1,80,2,4,2,0,0,2,36.0,24.0,utilitaire_camion,voiture,1,1,2,1,3
202400032217,2024-08-30 15:16:00,2024,8,30,15,16,57,57161,ferme de l'espérance,48.840659,6.834236,Plein jour,Hors agglomération,Intersection en X,Normale,Deux véhicules - côté,3,2,2,0,2,1,1,5,1,80,2,4,2,0,0,2,36.0,24.0,utilitaire_camion,voiture,1,1,2,1,3
202400032218,2024-07-10 16:50:00,2024,7,10,16,50,31,31203,4 Avenue du Gers,43.516416,1.314905,Plein jour,En agglomération,Hors intersection,Normale,Deux véhicules - arrière,3,2,2,0,1,1,1,0,1,50,2,2,1,0,0,1,39.0,55.0,deux_roues,utilitaire_camion,1,2,1,1,2
202400032219,2024-08-31 09:00:00,2024,8,31,9,0,52,52384,A31,47.80206386,5.22466517,Plein jour,Hors agglomération,Hors intersection,Normale,Deux véhicules - arrière,1,3,6,0,1,1,1,0,1,130,2,6,2,0,0,4,42.0,31.0,voiture,utilitaire_camion,1,1,1,1,2
202400032220,2024-07-23 17:20:00,2024,7,23,17,20,59,59394,47 Rue de Bertry,50.077674,3.465744,Plein jour,En agglomération,Hors intersection,Normale,Deux véhicules - frontale,3,2,2,0,1,1,1,9,1,50,2,2,1,0,0,1,22.0,96.0,utilitaire_camion,voiture,1,2,1,1,1
202400032221,2024-08-31 00:10:00,2024,8,31,0,10,974,97410,RN2 Sainte Anne,-21.083159,55.746769,Nuit sans éclairage public,En agglomération,Hors intersection,Normale,Autre collision,2,2,2,0,2,2,1,9,1,50,1,1,0,0,1,0,30.0,,deux_roues,,3,2,1,1,6
202400032222,2024-08-30 04:30:00,2024,8,30,4,30,06,06095,5 Boulevard Jean Giraud,43.643909,6.879051,Nuit sans éclairage public,En agglomération,Hors intersection,Normale,Sans collision,4,2,2,0,1,1,1,0,1,30,1,1,0,0,0,1,23.0,,deux_roues,,3,2,1,1,7
202400032223,2024-07-24 08:32:00,2024,7,24,8,32,77,77301,N4,48.693808,3.438105,Plein jour,Hors agglomération,Hors intersection,Normale,Trois véhicules et plus - en chaîne,3,2,2,0,1,1,1,0,1,50,3,3,2,0,1,0,35.0,51.0,utilitaire_camion,utilitaire_camion,1,1,1,1,4
202400032224,2024-08-30 21:15:00,2024,8,30,21,15,06,06033,"M6202 BIS, Z.I CARROS - en face 1ère avenue - 4ème rue",43.775099,7.211949,Nuit avec éclairage allumé,Hors agglomération,Hors intersection,Normale,Autre collision,7,2,2,0,1,1,1,0,1,80,1,1,0,0,1,0,21.0,,voiture,,5,1,1,1,6
202400032225,2024-07-23 19:55:00,2024,7,23,19,55,77,77519,37 Rue de la Gare,48.650427,3.409869,Plein jour,En agglomération,Hors intersection,Normale,Deux véhicules - arrière,3,2,2,0,1,1,1,0,1,50,2,2,1,0,0,1,31.0,16.0,voiture,deux_roues,1,2,1,1,2
202400032226,2024-08-30 16:50:00,2024,8,30,16,50,974,97413,Bois Blanc,-21.239482,55.310712,Plein jour,En agglomération,Autre intersection,Normale,Deux véhicules - arrière,2,2,2,0,1,2,1,0,1,90,2,4,3,0,1,0,35.0,63.0,voiture,voiture,1,2,9,1,2
202400032227,2024-07-23 17:05:00,2024,7,23,17,5,79,79179,,46.679845,-0.613984,Plein jour,Hors agglomération,Intersection en T,Normale,Deux véhicules - frontale,3,2,2,0,2,1,1,0,1,80,2,2,0,0,2,0,18.0,72.0,utilitaire_camion,utilitaire_camion,1,1,3,1,1
202400032227,2024-07-23 17:05:00,2024,7,23,17,5,79,79179,,46.679845,-0.613984,Plein jour,Hors agglomération,Intersection en T,Normale,Deux véhicules - frontale,3,2,2,-1,2,1,1,0,1,80,2,2,0,0,2,0,18.0,72.0,utilitaire_camion,utilitaire_camion,1,1,3,1,1
202400032228,2024-08-30 23:55:00,2024,8,30,23,55,23,23217,Cheyroux,45.940646,1.571431,Nuit sans éclairage public,Hors agglomération,Hors intersection,Normale,Autre collision,3,2,2,0,1,2,1,0,3,90,1,1,0,1,0,0,48.0,,utilitaire_camion,,3,1,1,1,6
202400032229,2024-07-23 19:10:00,2024,7,23,19,10,79,79202,,46.638115,-0.21787,Plein jour,Hors agglomération,Hors intersection,Normale,Deux véhicules - côté,3,2,2,0,1,2,1,0,1,80,2,4,3,1,0,0,26.0,70.0,voiture,voiture,1,1,1,1,3
202400032230,2024-08-31 04:40:00,2024,8,31,4,40,47,47114,567 Route des Métairies,44.388546,0.132372,Nuit sans éclairage public,Hors agglomération,Hors intersection,Normale,Sans collision,4,2,2,0,1,3,1,0,3,80,1,3,0,0,0,3,42.0,,voiture,,3,1,1,1,7
202400032231,2024-07-24 14:30:00,2024,7,24,14,30,79,79265,,46.970586,-0.133294,Plein jour,Hors agglomération,Hors intersection,Normale,Deux véhicules - frontale,3,2,2,0,1,1,1,0,1,80,2,2,1,1,0,0,35.0,29.0,utilitaire_camion,utilitaire_camion,1,1,1,1,1
202400032232,2024-08-30 14:44:00,2024,8,30,14,44,37,37203,A10,47.42757822,0.73425436,Plein jour,Hors agglomération,Hors intersection,Normale,Trois véhicules et plus - collisions multiples,1,3,3,0,1,1,1,0,1,130,3,3,2,0,1,0,22.0,56.0,voiture,voiture,1,1,1,1,5
202400032233,2024-08-31 12:05:00,2024,8,31,12,5,41,41100,Départementale 116 - La Glacière,47.688533,0.780973,Plein jour,Hors agglomération,Hors intersection,Pluie forte,Sans collision,3,2,2,0,1,3,2,0,1,90,1,2,0,1,1,0,65.0,,deux_roues,,1,1,1,3,7
202400032234,2024-07-19 12:15:00,2024,7,19,12,15,2A,2A269,#857 Strada di Sari#,41.85328494,9.38814926,Plein jour,Hors agglomération,Hors intersection,Normale,Deux véhicules - frontale,3,2,2,0,1,4,1,0,1,80,2,2,1,0,0,1,87.0,25.0,voiture,utilitaire_camion,1,1,1,1,1
202400032235,2024-08-30 10:10:00,2024,8,30,10,10,62,62268,D204,50.66763429,1.83582875,Plein jour,En agglomération,Intersection en T,Normale,Autre collision,3,1,1,0,3,3,1,0,1,50,1,2,1,0,1,0,26.0,,voiture,,1,2,3,1,6
202400032235,2024-08-30 10:10:00,2024,8,30,10,10,62,62268,D204,50.66763429,1.83582875,Plein jour,En agglomération,Intersection en T,Normale,Autre collision,3,2,1,0,1,1,1,0,1,-1,1,2,1,0,1,0,26.0,,voiture,,1,2,3,1,6
202400032236,2024-07-18 11:25:00,2024,7,18,11,25,65,65314,D 5,43.442637,0.120528,Plein jour,Hors agglomération,Intersection en X,Normale,Deux véhicules - arrière,3,2,2,0,1,1,1,0,1,80,2,2,1,0,0,1,57.0,64.0,voiture,voiture,1,1,2,1,2
202400032236,2024-07-18 11:25:00,2024,7,18,11,25,65,65314,D 5,43.442637,0.120528,Plein jour,Hors agglomération,Intersection en X,Normale,Deux véhicules - arrière,3,2,2,0,4,1,1,0,1,80,2,2,1,0,0,1,57.0,64.0,voiture,voiture,1,1,2,1,2
202400032237,2024-08-31 06:00:00,2024,8,31,6,0,56,56047,11 Bellevue,48.030848,-2.75598,Nuit avec éclairage allumé,Hors agglomération,Hors intersection,Normale,Autre collision,6,-1, -1,0,1,1,1,9,1,-1,1,4,1,0,0,3,26.0,,voiture,,5,1,1,1,6
202400032238,2024-07-22 21:10:00,2024,7,22,21,10,81,81149,Route de Parisot,43.820424,1.804032,Plein jour,Hors agglomération,Hors intersection,Normale,Sans collision,3,2,2,0,1,1,1,0,3,80,1,2,0,0,1,1,43.0,,deux_roues,,1,1,1,1,7
202400032239,2024-08-30 23:40:00,2024,8,30,23,40,61,61411,D256,48.448254,0.512634,Nuit sans éclairage public,Hors agglomération,Hors intersection,Normale,Autre collision,3,2,2,0,1,2,1,0,1,80,1,1,0,0,1,0,23.0,,voiture,,3,1,1,1,6
202400032240,2024-07-24 12:00:00,2024,7,24,12,0,71,71346,694 chemin du patouillet,46.604257,4.212262,Plein jour,Hors agglomération,Hors intersection,Normale,Deux véhicules - frontale,4,2,2,0,1,2,1,0,1,80,2,2,1,0,1,0,20.0,9.0,deux_roues,deux_roues,1,1,1,1,1
202400032241,2024-08-31 13:00:00,2024,8,31,13,0,86,86039,Rue du Marchais Rouge,46.261841,0.216841,Plein jour,Hors agglomération,Intersection en T,Normale,Deux véhicules - frontale,4,2,2,0,1,3,1,0,1,90,2,2,1,0,1,0,15.0,71.0,deux_roues,voiture,1,1,3,1,1
202400032241,2024-08-31 13:00:00,2024,8,31,13,0,86,86039,Rue du Marchais Rouge,46.261841,0.216841,Plein jour,Hors agglomération,Intersection en T,Normale,Deux véhicules - frontale,4,2, -1,-1,1,2,1,0,1,-1,2,2,1,0,1,0,15.0,71.0,deux_roues,voiture,1,1,3,1,1
202400032242,2024-07-23 19:15:00,2024,7,23,19,15,71,71248,D975,46.55812,4.92647,Plein jour,Hors agglomération,Hors intersection,Normale,Autre collision,3,2,2,0,2,2,2,0,3,80,1,1,0,1,0,0,18.0,,deux_roues,,1,1,1,1,6
202400032243,2024-08-31 07:40:00,2024,8,31,7,40,68,68374,Rue du Lavoir,48.075541,7.286663,Plein jour,En agglomération,Intersection en X,Normale,Deux véhicules - côté,4,2,2,-1,1,1,1,0,1,-1,2,3,1,0,2,0,52.0,20.0,voiture,deux_roues,1,2,2,1,3
202400032243,2024-08-31 07:40:00,2024,8,31,7,40,68,68374,Rue du Lavoir,48.075541,7.286663,Plein jour,En agglomération,Intersection en X,Normale,Deux véhicules - côté,4,2,2,0,1,1,1,0,1,50,2,3,1,0,2,0,52.0,20.0,voiture,deux_roues,1,2,2,1,3
202400032244,2024-07-24 17:00:00,2024,7,24,17,0,89,89418,42 Rue du Général Campenon,47.857826,3.970472,Plein jour,En agglomération,Hors intersection,Normale,Autre collision,3,2,2,0,1,1,1,0,1,50,1,2,1,0,1,0,40.0,,voiture,,1,2,1,1,6
202400032245,2024-08-31 11:25:00,2024,8,31,11,25,25,25434,D241,47.104207,6.118655,Plein jour,Hors agglomération,Hors intersection,Normale,Deux véhicules - frontale,3,2,2,0,2,2,1,0,1,90,2,3,0,0,1,2,81.0,39.0,voiture,voiture,1,1,1,1,1
202400032246,2024-07-23 20:15:00,2024,7,23,20,15,89,89237,D950,47.590739,3.700268,Plein jour,Hors agglomération,Hors intersection,Normale,Sans collision,3,2,2,0,2,2,1,0,3,80,1,1,0,0,1,0,18.0,,voiture,,1,1,1,1,7
202400032247,2024-07-23 17:30:00,2024,7,23,17,30,63,63382,D50,46.04282693,2.99360459,Plein jour,Hors agglomération,Hors intersection,Normale,Sans collision,3,2,2,0,1,3,1,0,1,90,1,1,0,0,0,1,21.0,,deux_roues,,1,1,1,1,7
202400032248,2024-08-30 08:30:00,2024,8,30,8,30,44,44029,Route du chateau d’eau,47.265387,-1.315082,Plein jour,Hors agglomération,Intersection en X,Pluie légère,Deux véhicules - côté,3,-1,2,0,1,1,2,5,1,80,2,2,1,0,1,0,20.0,65.0,deux_roues,voiture,1,1,2,2,3
202400032248,2024-08-30 08:30:00,2024,8,30,8,30,44,44029,Route du chateau d’eau,47.265387,-1.315082,Plein jour,Hors agglomération,Intersection en X,Pluie légère,Deux véhicules - côté,3,-1,2,0,1,1,2,0,1,80,2,2,1,0,1,0,20.0,65.0,deux_roues,voiture,1,1,2,2,3
202400032249,2024-07-23 15:55:00,2024,7,23,15,55,63,63178,D996-Route de Perrier-giratoire rue colonnel Buret,45.543592,3.224423,Plein jour,En agglomération,Giratoire,Normale,Deux véhicules - côté,3,2,2,0,1,2,1,0,1,50,2,2,1,0,1,0,26.0,18.0,voiture,deux_roues,1,2,6,1,3
202400032249,2024-07-23 15:55:00,2024,7,23,15,55,63,63178,D996-Route de Perrier-giratoire rue colonnel Buret,45.543592,3.224423,Plein jour,En agglomération,Giratoire,Normale,Deux véhicules - côté,3,2,2,-1,1,1,1,5,1,-1,2,2,1,0,1,0,26.0,18.0,voiture,deux_roues,1,2,6,1,3
202400032250,2024-08-30 17:00:00,2024,8,30,17,0,44,44014,,47.102966,-1.462204,Plein jour,Hors agglomération,Hors intersection,Normale,Deux véhicules - côté,3,2,2,0,1,1,1,0,8,80,2,4,1,0,0,3,56.0,44.0,utilitaire_camion,voiture,1,1,1,1,3
202400032251,2024-07-11 09:24:00,2024,7,11,9,24,63,63321,D225,45.62595065,3.31233498,Plein jour,Hors agglomération,Hors intersection,Normale,Autre collision,3,2,2,0,1,3,1,0,8,90,1,1,0,0,1,0,19.0,,voiture,,1,1,1,1,6
202400032252,2024-07-10 18:00:00,2024,7,10,18,0,44,44061,,47.24865,-1.956382,Plein jour,Hors agglomération,Intersection en X,Pluie légère,Deux véhicules - côté,3,2,2,0,1,1,2,0,1,80,2,2,1,0,1,0,22.0,47.0,deux_roues,voiture,1,1,2,2,3
202400032252,2024-07-10 18:00:00,2024,7,10,18,0,44,44061,,47.24865,-1.956382,Plein jour,Hors agglomération,Intersection en X,Pluie légère,Deux véhicules - côté,3,2,2,0,1,1,2,0,1,80,2,2,1,0,1,0,22.0,47.0,deux_roues,voiture,1,1,2,2,3
202400032253,2024-08-30 19:55:00,2024,8,30,19,55,29,29272,Parc Frost,47.954493,-3.90404,Plein jour,Hors agglomération,Hors intersection,Normale,Sans collision,4,2,2,0,1,1,1,0,8,-1,1,1,0,0,1,0,34.0,,deux_roues,,1,1,1,1,7
202400032254,2024-07-23 14:40:00,2024,7,23,14,40,12,12088,D921,44.649288,2.852079,Plein jour,Hors agglomération,Intersection en T,Normale,Deux véhicules - côté,3,2,2,0,2,2,1,0,1,90,2,2,1,0,1,0,52.0,77.0,utilitaire_camion,deux_roues,1,1,3,1,3
202400032254,2024-07-23 14:40:00,2024,7,23,14,40,12,12088,D921,44.649288,2.852079,Plein jour,Hors agglomération,Intersection en T,Normale,Deux véhicules - côté,3,2,2,0,1,1,1,0,1,80,2,2,1,0,1,0,52.0,77.0,utilitaire_camion,deux_roues,1,1,3,1,3
202400032255,2024-08-30 17:30:00,2024,8,30,17,30,58,58311,RD 34,46.928579,3.494146,Plein jour,Hors agglomération,Hors intersection,Normale,Deux véhicules - côté,3,2,2,0,1,1,1,0,1,80,2,2,0,1,0,1,77.0,66.0,voiture,deux_roues,1,1,1,1,3
202400032256,2024-07-23 04:15:00,2024,7,23,4,15,34,34205,744 Route de Lodève,43.745769,3.282356,Nuit sans éclairage public,Hors agglomération,Hors intersection,Normale,Sans collision,3,2,2,0,1,1,1,0,1,90,1,1,0,0,1,0,44.0,,deux_roues,,3,1,1,1,7
202400032257,2024-08-30 10:10:00,2024,8,30,10,10,54,54105,D11,48.56050542,5.85116386,Plein jour,Hors agglomération,Intersection en T,Temps éblouissant,Sans collision,3,2,2,0,1,1,1,0,8,80,2,2,1,1,0,0,65.0,78.0,utilitaire_camion,deux_roues,1,1,3,7,7
202400032257,2024-08-30 10:10:00,2024,8,30,10,10,54,54105,D11,48.56050542,5.85116386,Plein jour,Hors agglomération,Intersection en T,Temps éblouissant,Sans collision,3,2, -1,0,1,1,1,0,1,80,2,2,1,1,0,0,65.0,78.0,utilitaire_camion,deux_roues,1,1,3,7,7
202400032258,2024-08-31 17:30:00,2024,8,31,17,30,72,72021,Lieu Dit La Maison D Eugene,47.84581941,-0.16918017,Plein jour,Hors agglomération,Hors intersection,Normale,Sans collision,3,2,2,0,1,1,9,0,3,90,1,1,0,0,1,0,22.0,,voiture,,1,1,1,1,7
202400032259,2024-07-24 15:15:00,2024,7,24,15,15,25,25320,D9,46.776552,6.312268,Plein jour,Hors agglomération,Hors intersection,Normale,Deux véhicules - frontale,3,2,2,0,2,1,1,0,1,90,2,3,0,0,2,1,40.0,54.0,voiture,voiture,1,1,1,1,1
202400032260,2024-08-30 18:10:00,2024,8,30,18,10,73,73124,N90,45.64910714,6.34076893,Plein jour,Hors agglomération,Hors intersection,Normale,Deux véhicules - arrière,3,1,1,0,1,3,1,3,1,90,2,2,1,0,1,0,37.0,53.0,deux_roues,utilitaire_camion,1,1,1,1,2
202400032261,2024-07-23 19:00:00,2024,7,23,19,0,44,44142,,47.04304575,-1.36129975,Plein jour,Hors agglomération,Intersection en T,Normale,Deux véhicules - côté,3,2,2,0,2,1,1,0,1,80,2,2,1,0,1,0,88.0,41.0,voiture,voiture,1,1,3,1,3
202400032261,2024-07-23 19:00:00,2024,7,23,19,0,44,44142,,47.04304575,-1.36129975,Plein jour,Hors agglomération,Intersection en T,Normale,Deux véhicules - côté,3,2,3,0,1,1,1,0,1,80,2,2,1,0,1,0,88.0,41.0,voiture,voiture,1,1,3,1,3
202400032262,2024-08-31 01:50:00,2024,8,31,1,50,07,07334,D901,44.409137,4.163561,Nuit sans éclairage public,Hors agglomération,Hors intersection,Normale,Autre collision,3,2,2,0,1,2,1,0,3,90,1,1,0,0,1,0,43.0,,deux_roues,,3,1,1,1,6
202400032263,2024-07-21 11:30:00,2024,7,21,11,30,44,44057,,47.578436,-2.077832,Plein jour,Hors agglomération,Hors intersection,Normale,Sans collision,3,2,2,0,3,4,2,2,1,80,1,1,0,0,1,0,31.0,,deux_roues,,1,1,1,1,7
202400032264,2024-08-29 22:45:00,2024,8,29,22,45,30,30133,3 Avenue Jean Lasserre,43.521214,4.134733,Nuit avec éclairage allumé,En agglomération,Hors intersection,Normale,Deux véhicules - côté,4,2,2,0,1,1,1,0,1,50,2,2,1,0,1,0,50.0,24.0,deux_roues,voiture,5,2,1,1,3
202400032265,2024-07-24 10:35:00,2024,7,24,10,35,35,35184,,48.19416206,-2.09763229,Plein jour,Hors agglomération,Hors intersection,Normale,Autre collision,2,3,4,0,1,1,1,0,1,110,1,1,0,0,1,0,33.0,,voiture,,1,1,1,1,6
202400032266,2024-08-31 11:20:00,2024,8,31,11,20,30,30321,Route de Saussines,43.781045,4.082199,Plein jour,En agglomération,Hors intersection,Normale,Sans collision,3,2,2,0,1,1,1,0,1,50,1,2,1,0,1,0,86.0,,voiture,,1,2,1,1,7
202400032267,2024-07-23 17:10:00,2024,7,23,17,10,38,38399,51 Boulevard Nelson Mandela,45.498718,5.137353,Plein jour,En agglomération,Autre intersection,Normale,Autre collision,6,-1, -1,0,1,2,1,0,1,30,1,2,1,0,1,0,23.0,,voiture,,1,2,9,1,6
202400032268,2024-08-30 10:20:00,2024,8,30,10,20,30,30350,,43.99085,3.608977,Plein jour,En agglomération,Hors intersection,Temps éblouissant,Sans collision,6,-1,0,0,1,1,1,0,8,10,1,2,1,0,1,0,69.0,,voiture,,1,2,1,7,7
202400032269,2024-08-31 17:50:00,2024,8,31,17,50,48,48068,Piéma,44.526695,3.371859,Plein jour,Hors agglomération,Hors intersection,Normale,Sans collision,4,2,2,0,1,1,1,0,1,80,1,2,1,0,1,0,61.0,,deux_roues,,1,1,1,1,7
202400032270,2024-07-19 18:43:00,2024,7,19,18,43,38,38288,D75,45.574098,5.029314,Plein jour,Hors agglomération,Hors intersection,Normale,Deux véhicules - frontale,3,2,2,0,1,1,1,0,1,80,2,2,1,0,1,0,51.0,71.0,voiture,deux_roues,1,1,1,1,1
202400032271,2024-08-31 03:30:00,2024,8,31,3,30,30,30036,Route de Langlade,43.788476,4.26424,Nuit avec éclairage non allumé,Hors agglomération,Hors intersection,Brouillard / fumée,Sans collision,3,2,2,0,1,1,1,0,3,80,1,5,1,0,1,3,20.0,,voiture,,4,1,1,5,7
202400032272,2024-07-24 17:00:00,2024,7,24,17,0,15,15028,RD 990,44.900998,2.618527,Plein jour,Hors agglomération,Intersection en T,Normale,Deux véhicules - côté,3,2,2,0,1,1,1,0,1,80,2,2,1,0,1,0,24.0,62.0,utilitaire_camion,deux_roues,1,1,3,1,3
202400032272,2024-07-24 17:00:00,2024,7,24,17,0,15,15028,RD 990,44.900998,2.618527,Plein jour,Hors agglomération,Intersection en T,Normale,Deux véhicules - côté,3,2,2,0,1,1,1,0,1,70,2,2,1,0,1,0,24.0,62.0,utilitaire_camion,deux_roues,1,1,3,1,3
202400032273,2024-08-28 15:10:00,2024,8,28,15,10,33,33284,,44.63959,-0.840797,Plein jour,Hors agglomération,Hors intersection,Normale,Trois véhicules et plus - collisions multiples,1,3,4,0,2,3,1,3,1,130,4,5,2,0,0,3,37.0,28.0,voiture,utilitaire_camion,1,1,1,1,5
202400032274,2024-07-24 12:00:00,2024,7,24,12,0,01,01128,Route de Curciat,46.46602,5.10095,Plein jour,Hors agglomération,Intersection en T,Normale,Deux véhicules - arrière,3,2,2,0,1,1,1,0,1,70,2,5,0,1,1,3,49.0,92.0,voiture,voiture,1,1,3,1,2
202400032274,2024-07-24 12:00:00,2024,7,24,12,0,01,01128,Route de Curciat,46.46602,5.10095,Plein jour,Hors agglomération,Intersection en T,Normale,Deux véhicules - arrière,3,2,2,0,1,1,1,0,1,80,2,5,0,1,1,3,49.0,92.0,voiture,voiture,1,1,3,1,2
202400032275,2024-08-30 12:35:00,2024,8,30,12,35,987,98715,Aratia Pamatai,-17.551869,-149.592987,Plein jour,En agglomération,Autre intersection,Pluie légère,Deux véhicules - côté,2,1,2,0,2,1,2,0,1,30,2,2,1,0,1,0,44.0,71.0,voiture,deux_roues,1,2,9,2,3