accident_id,datetime,annee,mois,jour,heure,minute,departement,commune_insee,adresse,latitude,longitude,luminosite,agglomeration,intersection,meteo,collision,catr,circ,nbv,vosp,prof,plan,surf,infra,situ,vma,nb_vehicules,nb_usagers,nb_indemnes,nb_tues,nb_blesses_hosp,nb_blesses_legers,age_cond_1,age_cond_2,veh_type_cond_1,veh_type_cond_2,lum_code,agg_code,int_code,atm_code,col_code
202400032276,2024-07-23 18:00:00,2024,7,23,18,0,66,66107,D117,42.80291596,2.62515306,Plein jour,Hors agglomération,Hors intersection,Normale,Deux véhicules - frontale,3,2,2,0,1,1,1,0,1,80,2,2,0,1,1,0,44.0,62.0,transport_commun,utilitaire_camion,1,1,1,1,1
202400032277,2024-08-28 22:45:00,2024,8,28,22,45,987,98738,PK 8.100 passerelle Université,-17.618,-149.549,Nuit avec éclairage allumé,Hors agglomération,Hors intersection,Normale,Deux véhicules - frontale,2,2,2,0,1,2,1,0,1,40,2,2,1,0,1,0,38.0,24.0,voiture,deux_roues,5,1,1,1,1
202400032278,2024-08-30 15:45:00,2024,8,30,15,45,17,17307,RD117 intersection RD150,45.681884,-0.907853,Plein jour,Hors agglomération,Intersection en T,Normale,Deux véhicules - frontale,3,2,2,0,1,2,1,5,1,80,2,3,1,1,1,0,48.0,60.0,utilitaire_camion,deux_roues,1,1,3,1,1
202400032278,2024-08-30 15:45:00,2024,8,30,15,45,17,17307,RD117 intersection RD150,45.681884,-0.907853,Plein jour,Hors agglomération,Intersection en T,Normale,Deux véhicules - frontale,3,2,2,-1,1,1,1,5,1,80,2,3,1,1,1,0,48.0,60.0,utilitaire_camion,deux_roues,1,1,3,1,1
202400032279,2024-08-30 09:00:00,2024,8,30,9,0,988,98831,RT1 entrée Nord Oundjo,-21.026468,164.716623,Plein jour,Hors agglomération,Hors intersection,Normale,Sans collision,2,2,2,0,1,1,1,0,3,110,1,1,0,0,1,0,31.0,,voiture,,1,1,1,1,7
202400032280,2024-08-31 02:35:00,2024,8,31,2,35,988,98825,Route du CAPTAGE de TIAKANA,-21.040647,164.866011,Nuit sans éclairage public,Hors agglomération,Hors intersection,Normale,Autre collision,4,2,2,0,1,3,1,0,3,50,1,3,0,0,2,1,35.0,,voiture,,3,1,1,1,6
202400032281,2024-08-30 13:10:00,2024,8,30,13,10,976,97608,Boulevard des Crabes,-12.783966,45.258356,Plein jour,En agglomération,Autre intersection,Normale,Deux véhicules - côté,4,2,2,0,1,2,1,0,1,50,2,3,1,0,0,2,64.0,37.0,voiture,deux_roues,1,2,9,1,3
202400032282,2024-08-30 14:25:00,2024,8,30,14,25,33,33199,,44.639489,-1.116196,Plein jour,En agglomération,Hors intersection,Normale,Deux véhicules - côté,3,2,2,0,1,1,1,6,1,50,2,2,1,0,0,1,57.0,71.0,deux_roues,deux_roues,1,2,1,1,3
202400032283,2024-08-31 14:30:00,2024,8,31,14,30,83,83107,D559,43.34472,6.703803,Plein jour,En agglomération,Hors intersection,Normale,Autre collision,3,2,2,0,1,2,1,9,1,50,1,1,0,0,1,0,23.0,,deux_roues,,1,2,1,1,6
202400032284,2024-08-31 14:30:00,2024,8,31,14,30,06,06101,6388 Route des Gorges du Cians,43.991718,6.998119,Plein jour,Hors agglomération,Hors intersection,Normale,Trois véhicules et plus - en chaîne,3,2,2,0,2,3,1,0,1,80,3,7,5,0,1,1,28.0,26.0,voiture,voiture,1,1,1,1,4
202400032285,2024-08-31 11:40:00,2024,8,31,11,40,26,26252,A7 Aire de service de PORTES-lès-VALENCE,44.86583621,4.86589193,Plein jour,Hors agglomération,Hors intersection,Normale,Autre collision,1,1,3,0,1,1,1,0,1,-1,1,2,1,0,0,1,26.0,,voiture,,1,1,1,1,6
202400032286,2024-08-31 10:40:00,2024,8,31,10,40,71,71571,D95,46.387895,4.456346,Plein jour,Hors agglomération,Intersection en X,Normale,Deux véhicules - côté,3,2,2,0,2,1,1,0,1,80,2,4,2,0,2,0,46.0,45.0,deux_roues,voiture,1,1,2,1,3
202400032286,2024-08-31 10:40:00,2024,8,31,10,40,71,71571,D95,46.387895,4.456346,Plein jour,Hors agglomération,Intersection en X,Normale,Deux véhicules - côté,3,2,2,0,2,1,1,0,1,80,2,4,2,0,2,0,46.0,45.0,deux_roues,voiture,1,1,2,1,3
202400032287,2024-08-31 02:30:00,2024,8,31,2,30,57,57222,CD30,49.152661,6.891303,Nuit sans éclairage public,Hors agglomération,Hors intersection,Normale,Sans collision,3,2,2,0,2,3,1,0,3,80,1,1,0,1,0,0,32.0,,deux_roues,,3,1,1,1,7
202400032288,2024-08-30 10:45:00,2024,8,30,10,45,42,42094,Place de la Boaterie (Parking),45.744269,4.224731,Plein jour,En agglomération,Place,Normale,Autre collision,6,-1, -1,0,1,1,1,0,1,50,1,2,1,0,1,0,68.0,,voiture,,1,2,7,1,6
202400032289,2024-08-30 21:10:00,2024,8,30,21,10,69,69105,Route de la Maladière,45.97853742,4.65655311,Nuit sans éclairage public,Hors agglomération,Intersection en X,Normale,Deux véhicules - frontale,3,2,2,0,1,1,1,0,1,80,2,3,2,0,1,0,52.0,55.0,deux_roues,utilitaire_camion,3,1,2,1,1
202400032289,2024-08-30 21:10:00,2024,8,30,21,10,69,69105,Route de la Maladière,45.97853742,4.65655311,Nuit sans éclairage public,Hors agglomération,Intersection en X,Normale,Deux véhicules - frontale,3,2,2,0,1,2,1,0,1,-1,2,3,2,0,1,0,52.0,55.0,deux_roues,utilitaire_camion,3,1,2,1,1
202400032290,2024-08-29 18:45:00,2024,8,29,18,45,85,85009,RD65,46.443075,-0.880451,Plein jour,Hors agglomération,Intersection en T,Pluie légère,Deux véhicules - frontale,3,2, -1,-1,1,3,2,0,1,-1,2,2,1,0,0,1,14.0,15.0,voiture,deux_roues,1,1,3,2,1
202400032290,2024-08-29 18:45:00,2024,8,29,18,45,85,85009,RD65,46.443075,-0.880451,Plein jour,Hors agglomération,Intersection en T,Pluie légère,Deux véhicules - frontale,3,2,2,0,1,3,2,0,1,80,2,2,1,0,0,1,14.0,15.0,voiture,deux_roues,1,1,3,2,1
202400032291,2024-08-31 11:30:00,2024,8,31,11,30,85,85302,RD6,46.971241,-0.986345,Plein jour,Hors agglomération,Intersection en T,Normale,Deux véhicules - côté,3,2, -1,-1,1,1,1,0,1,-1,2,2,1,0,0,1,16.0,90.0,deux_roues,voiture,1,1,3,1,3
202400032291,2024-08-31 11:30:00,2024,8,31,11,30,85,85302,RD6,46.971241,-0.986345,Plein jour,Hors agglomération,Intersection en T,Normale,Deux véhicules - côté,3,2,2,0,2,1,1,0,1,80,2,2,1,0,0,1,16.0,90.0,deux_roues,voiture,1,1,3,1,3
202400032292,2024-08-30 14:17:00,2024,8,30,14,17,49,49260,Chemin du Bouchot,47.06581,-1.010538,Plein jour,Hors agglomération,Hors intersection,Normale,Sans collision,4,2,2,0,1,2,2,0,1,80,1,2,1,0,1,0,19.0,,deux_roues,,1,1,1,1,7
202400032293,2024-08-30 18:05:00,2024,8,30,18,5,56,56046,Lieu Dit Kerdavid,47.65685,-2.99034,Plein jour,Hors agglomération,Hors intersection,Pluie forte,Trois véhicules et plus - en chaîne,2,3,4,0,2,2,2,0,1,110,3,5,3,1,0,1,76.0,44.0,voiture,voiture,1,1,1,3,4
202400032294,2024-10-05 15:06:00,2024,10,5,15,6,06,06134,Route Napoléon,43.762446,6.709383,Plein jour,Hors agglomération,Hors intersection,Normale,Autre collision,3,2,2,0,1,2,1,0,1,80,1,2,0,0,2,0,55.0,,deux_roues,,1,1,1,1,6
202400032295,2024-10-05 09:35:00,2024,10,5,9,35,13,13024,Avenue des Alpilles,43.718512,5.23755,Plein jour,En agglomération,Hors intersection,Normale,Deux véhicules - frontale,4,2,2,0,1,1,1,0,3,50,1,3,0,0,2,1,39.0,,voiture,,1,2,1,1,1
202400032296,2024-10-02 12:25:00,2024,10,2,12,25,13,13027,650 Boulevard Ernest Genevet,43.887946,4.853248,Plein jour,En agglomération,Hors intersection,Normale,Deux véhicules - frontale,3,2,2,0,1,1,1,0,1,50,2,2,1,0,1,0,20.0,63.0,voiture,deux_roues,1,2,1,1,1
202400032297,2024-10-05 11:50:00,2024,10,5,11,50,21,21564,D996,47.123169,5.099008,Plein jour,Hors agglomération,Intersection en X,Normale,Deux véhicules - côté,3,2,2,0,1,1,1,5,1,80,2,2,1,0,1,0,78.0,29.0,voiture,deux_roues,1,1,2,1,3
202400032297,2024-10-05 11:50:00,2024,10,5,11,50,21,21564,D996,47.123169,5.099008,Plein jour,Hors agglomération,Intersection en X,Normale,Deux véhicules - côté,3,2,2,0,4,1,1,5,1,90,2,2,1,0,1,0,78.0,29.0,voiture,deux_roues,1,1,2,1,3
202400032298,2024-10-05 14:30:00,2024,10,5,14,30,44,44066,chanais,47.35023375,-1.6647005,Plein jour,Hors agglomération,Hors intersection,Normale,Sans collision,3,2,2,0,1,2,1,0,1,80,1,1,0,0,1,0,55.0,,deux_roues,,1,1,1,1,7
202400032299,2024-10-05 17:20:00,2024,10,5,17,20,26,26084,Route d’Alixan,45.009962,4.962827,Plein jour,Hors agglomération,Intersection en X,Normale,Deux véhicules - côté,3,2,2,0,1,1,1,0,1,80,2,3,2,0,1,0,42.0,37.0,deux_roues,voiture,1,1,2,1,3
202400032299,2024-10-05 17:20:00,2024,10,5,17,20,26,26084,Route d’Alixan,45.009962,4.962827,Plein jour,Hors agglomération,Intersection en X,Normale,Deux véhicules - côté,3,2, -1,-1,1,1,1,0,1,-1,2,3,2,0,1,0,42.0,37.0,deux_roues,voiture,1,1,2,1,3
202400032300,2024-09-30 17:55:00,2024,9,30,17,55,81,81105,Avenue du maréchal juin,43.760014,1.968527,Plein jour,En agglomération,Intersection en Y,Normale,Deux véhicules - côté,3,2,2,0,1,1,1,0,1,50,2,2,1,0,1,0,52.0,23.0,voiture,deux_roues,1,2,4,1,3
202400032300,2024-09-30 17:55:00,2024,9,30,17,55,81,81105,Avenue du maréchal juin,43.760014,1.968527,Plein jour,En agglomération,Intersection en Y,Normale,Deux véhicules - côté,3,2, -1,-1,4,1,1,5,1,-1,2,2,1,0,1,0,52.0,23.0,voiture,deux_roues,1,2,4,1,3
202400032301,2024-10-05 21:00:00,2024,10,5,21,0,33,33425,,45.0389,-0.462971,Nuit sans éclairage public,Hors agglomération,Hors intersection,Pluie légère,Deux véhicules - frontale,3,2,2,0,1,1,2,0,1,80,2,2,0,1,1,0,30.0,24.0,voiture,voiture,3,1,1,2,1
202400032302,2024-10-05 06:00:00,2024,10,5,6,0,33,33293,,44.874461,-0.430269,Nuit sans éclairage public,Hors agglomération,Hors intersection,Normale,Deux véhicules - arrière,2,3,4,0,1,1,1,0,1,110,2,3,0,0,2,1,26.0,53.0,voiture,voiture,3,1,1,1,2
202400032303,2024-10-05 19:45:00,2024,10,5,19,45,85,85016,RD50,46.681258,-1.618005,Crépuscule ou aube,En agglomération,Intersection en T,Normale,Deux véhicules - côté,3,2,2,0,1,1,1,0,1,50,2,2,1,0,1,0,79.0,18.0,voiture,deux_roues,2,2,3,1,3
202400032303,2024-10-05 19:45:00,2024,10,5,19,45,85,85016,RD50,46.681258,-1.618005,Crépuscule ou aube,En agglomération,Intersection en T,Normale,Deux véhicules - côté,3,2,2,0,2,1,1,0,1,50,2,2,1,0,1,0,79.0,18.0,voiture,deux_roues,2,2,3,1,3
202400032304,2024-10-04 12:05:00,2024,10,4,12,5,44,44026,Route de Paris,47.269227,-1.480901,Plein jour,Hors agglomération,Intersection en T,Normale,Deux véhicules - côté,1,3,4,0,1,1,1,0,1,50,2,2,1,0,1,0,30.0,37.0,deux_roues,voiture,1,1,3,1,3
202400032304,2024-10-04 12:05:00,2024,10,4,12,5,44,44026,Route de Paris,47.269227,-1.480901,Plein jour,Hors agglomération,Intersection en T,Normale,Deux véhicules - côté,1,3,4,0,1,1,1,0,1,50,2,2,1,0,1,0,30.0,37.0,deux_roues,voiture,1,1,3,1,3
202400032305,2024-10-01 17:30:00,2024,10,1,17,30,27,27439,Rue de l'Iton,49.061452,1.15483,Plein jour,Hors agglomération,Hors intersection,Normale,Autre collision,4,2,2,0,2,1,1,0,1,50,1,2,1,0,0,1,21.0,,voiture,,1,1,1,1,6
202400032306,2024-10-05 14:00:00,2024,10,5,14,0,76,76516,Route de Massy,49.715684,1.432128,Plein jour,Hors agglomération,Hors intersection,Normale,Deux véhicules - côté,3,2,2,0,1,2,1,0,1,80,2,3,2,1,0,0,23.0,42.0,deux_roues,voiture,1,1,1,1,3
202400032307,2024-10-06 06:30:00,2024,10,6,6,30,76,76541,D67,49.521732,0.96852,Nuit sans éclairage public,Hors agglomération,Hors intersection,Temps couvert,Autre collision,3,2,2,0,1,1,1,0,3,80,1,3,2,0,1,0,19.0,,voiture,,3,1,1,8,6
202400032308,2024-10-05 20:50:00,2024,10,5,20,50,60,60469,101 Rue Fernand Desjardins,49.272747,2.215161,Nuit avec éclairage allumé,En agglomération,Hors intersection,Normale,Deux véhicules - frontale,4,2,1,0,1,2,9,0,8,30,1,2,0,0,1,1,19.0,,voiture,,5,2,1,1,1
202400032309,2024-10-04 17:30:00,2024,10,4,17,30,02,02309,départementale 1044,49.517951,3.752797,Plein jour,Hors agglomération,Hors intersection,Normale,Deux véhicules - arrière,3,2,3,0,4,1,1,0,1,80,2,5,4,0,1,0,76.0,21.0,voiture,voiture,1,1,1,1,2
202400032310,2024-10-04 23:35:00,2024,10,4,23,35,13,13202,TVPCM-Sens Saint Victor vers Les Ports,43.29766,5.36394,Nuit avec éclairage allumé,Hors agglomération,Hors intersection,Normale,Deux véhicules - arrière,1,1,2,0,1,1,1,1,1,60,2,5,4,0,0,1,24.0,32.0,voiture,voiture,5,1,1,1,2
202400032311,2024-10-04 20:35:00,2024,10,4,20,35,83,83137,A50 TUNNEL TUBE NORD,43.12127233,5.95302607,Nuit avec éclairage allumé,En agglomération,Hors intersection,Normale,Deux véhicules - arrière,1,1,2,0,1,1,1,1,1,70,2,4,1,0,0,3,27.0,25.0,voiture,voiture,5,2,1,1,2
202400032312,2024-09-26 13:35:00,2024,9,26,13,35,69,69287,Autoroute 43  ,45.67855,5.02663,Plein jour,Hors agglomération,Hors intersection,Pluie légère,Deux véhicules - côté,1,3,8,0,1,1,2,0,1,110,2,3,1,0,0,2,49.0,47.0,utilitaire_camion,voiture,1,1,1,2,3
202400032313,2024-10-04 04:30:00,2024,10,4,4,30,57,57463,Autoroute A31,49.11863,6.16053,Nuit sans éclairage public,Hors agglomération,Hors intersection,Normale,Deux véhicules - arrière,1,3,2,0,1,1,1,2,1,90,2,2,1,0,0,1,29.0,30.0,transport_commun,utilitaire_camion,3,1,1,1,2
202400032314,2024-10-05 17:45:00,2024,10,5,17,45,94,94038,A6B,48.7828929,2.34713213,Plein jour,Hors agglomération,Hors intersection,Normale,Trois véhicules et plus - collisions multiples,1,1,2,0,1,1,1,0,1,90,4,7,2,0,0,5,48.0,51.0,voiture,voiture,1,1,1,1,5
202400032315,2024-10-05 03:31:00,2024,10,5,3,31,91,91179,AUTOROUTE A6,48.56766,2.47243,Nuit sans éclairage public,Hors agglomération,Hors intersection,Normale,Deux véhicules - arrière,1,3,3,0,1,1,1,0,1,110,2,2,1,0,0,1,35.0,53.0,voiture,utilitaire_camion,3,1,1,1,2
202400032316,2024-10-05 14:25:00,2024,10,5,14,25,92,92051,RN13,48.88397369,2.26271063,Plein jour,Hors agglomération,Hors intersection,Temps éblouissant,Deux véhicules - arrière,2,1,4,0,2,1,1,1,1,50,2,3,0,0,0,3,51.0,59.0,voiture,voiture,1,1,1,7,2
202400032317,2024-10-05 12:00:00,2024,10,5,12,0,92,92064,A13,48.83850309,2.19236004,Plein jour,Hors agglomération,Hors intersection,Normale,Deux véhicules - arrière,1,1,3,0,1,1,1,0,1,90,2,3,2,0,0,1,36.0,37.0,voiture,voiture,1,1,1,1,2
202400032318,2024-10-05 00:25:00,2024,10,5,0,25,78,78217,A13,48.965789,1.811958,Nuit sans éclairage public,Hors agglomération,Hors intersection,Normale,Deux véhicules - arrière,1,-1,3,0,1,2,1,0,1,130,2,5,3,0,0,2,25.0,20.0,voiture,voiture,3,1,1,1,2
202400032319,2024-10-05 17:00:00,2024,10,5,17,0,93,93005,AUTOROUTE A1,48.96072159,2.46789896,Plein jour,Hors agglomération,Hors intersection,Normale,Deux véhicules - arrière,1,1,2,0,1,1,1,0,1,70,2,3,2,0,0,1,21.0,29.0,deux_roues,voiture,1,1,1,1,2
202400032320,2024-10-05 17:30:00,2024,10,5,17,30,94,94028,A86,48.7894301,2.44046879,Plein jour,Hors agglomération,Hors intersection,Normale,Trois véhicules et plus - collisions multiples,1,-1,3,0,1,1,1,0,1,90,4,4,3,0,0,1,39.0,56.0,deux_roues,voiture,1,1,1,1,5
202400032321,2024-10-05 16:30:00,2024,10,5,16,30,77,77373,RN104,48.76507039,2.61490617,Plein jour,Hors agglomération,Hors intersection,Normale,Autre collision,2,-1,2,0,1,1,1,0,1,90,1,2,0,0,0,2,28.0,,deux_roues,,1,1,1,1,6
202400032322,2024-10-05 15:40:00,2024,10,5,15,40,94,94017,A4,48.82944026,2.48213089,Plein jour,Hors agglomération,Hors intersection,Normale,Deux véhicules - arrière,1,-1,5,0,1,1,1,0,1,90,2,2,1,0,0,1,25.0,41.0,deux_roues,voiture,1,1,1,1,2
202400032323,2024-10-05 11:00:00,2024,10,5,11,0,77,77058,A4,48.82990915,2.70752296,Plein jour,Hors agglomération,Hors intersection,Normale,Autre collision,1,3,3,0,1,1,1,8,1,90,4,6,4,0,0,2,30.0,28.0,voiture,utilitaire_camion,1,1,1,1,6
202400032324,2024-10-04 07:03:00,2024,10,4,7,3,987,98735,PRINCE HINOI (AVENUE),-17.5348,-149.56352,Plein jour,En agglomération,Intersection en X,Normale,Deux véhicules - côté,4,2,2,0,1,1,1,0,1,60,2,2,1,0,1,0,24.0,55.0,deux_roues,voiture,1,2,2,1,3
202400032324,2024-10-04 07:03:00,2024,10,4,7,3,987,98735,PRINCE HINOI (AVENUE),-17.5348,-149.56352,Plein jour,En agglomération,Intersection en X,Normale,Deux véhicules - côté,4,3,4,0,1,1,1,0,1,60,2,2,1,0,1,0,24.0,55.0,deux_roues,voiture,1,2,2,1,3
202400032325,2024-10-04 12:20:00,2024,10,4,12,20,974,97416,BADAMIER(CHEMIN),-21.3072,55.45697,Plein jour,Hors agglomération,Hors intersection,Pluie forte,Deux véhicules - côté,4,2,2,0,2,2,2,0,3,50,2,2,1,0,0,1,20.0,46.0,voiture,voiture,1,1,1,3,3
202400032326,2024-10-04 07:15:00,2024,10,4,7,15,974,97411,LITTORAL (ROUTE 1 DU),-20.87468,55.41764,Plein jour,Hors agglomération,Hors intersection,Normale,Deux véhicules - arrière,2,3,6,0,1,1,1,0,1,90,2,2,1,0,1,0,44.0,22.0,deux_roues,utilitaire_camion,1,1,1,1,2
202400032327,2024-10-04 17:20:00,2024,10,4,17,20,973,97302,BADUEL (ROUTE DE),4.93371,-52.31048,Plein jour,En agglomération,Hors intersection,Normale,Deux véhicules - côté,3,2,2,0,1,1,1,0,1,30,2,2,1,0,0,1,30.0,29.0,voiture,deux_roues,1,2,1,1,3
202400032328,2024-10-04 00:20:00,2024,10,4,0,20,973,97302,ZEPHIR (ROCADE),4.94071,-52.30466,Nuit avec éclairage allumé,En agglomération,Hors intersection,Normale,Deux véhicules - frontale,3,2,2,0,1,1,1,0,1,50,2,4,1,0,0,3,32.0,24.0,voiture,voiture,5,2,1,1,1
202400032329,2024-10-04 07:10:00,2024,10,4,7,10,69,69149,287 Avenue Georges Clémenceau,45.707011,4.79813203,Crépuscule ou aube,En agglomération,Hors intersection,Temps couvert,Autre collision,7,2,2,2,2,1,1,0,3,50,1,2,0,0,0,2,20.0,,voiture,,2,2,1,8,6
202400032330,2024-10-04 06:43:00,2024,10,4,6,43,2B,2B033,CAP - ROUTE DU CAP,42.71384,9.45428,Nuit avec éclairage allumé,En agglomération,Hors intersection,Normale,Deux véhicules - côté,3,2,2,0,2,2,1,0,1,50,2,2,1,0,0,1,,35.0,utilitaire_camion,deux_roues,5,2,1,1,3
202400032331,2024-10-04 06:30:00,2024,10,4,6,30,971,97120,Amitié des peuples,16.24295,-61.53971,Plein jour,En agglomération,Intersection en X,Normale,Deux véhicules - côté,3,2,0,0,1,1,1,0,1,50,2,2,0,0,0,2,72.0,47.0,voiture,voiture,1,2,2,1,3
202400032331,2024-10-04 06:30:00,2024,10,4,6,30,971,97120,Amitié des peuples,16.24295,-61.53971,Plein jour,En agglomération,Intersection en X,Normale,Deux véhicules - côté,3,2,4,0,1,1,1,0,1,50,2,2,0,0,0,2,72.0,47.0,voiture,voiture,1,2,2,1,3
202400032332,2024-10-04 09:01:00,2024,10,4,9,1,2A,2A004,T20,41.94153,8.80763,Plein jour,Hors agglomération,Hors intersection,Normale,Deux véhicules - côté,2,2,2,0,1,1,1,0,1,70,2,2,1,0,0,1,52.0,44.0,deux_roues,voiture,1,1,1,1,3
202400032333,2024-10-04 22:00:00,2024,10,4,22,0,91,91161,RTE DE LONGJUMEAU,48.71311,2.29797,Nuit avec éclairage non allumé,En agglomération,Hors intersection,Normale,Autre collision,3,2,1,0,1,1,1,0,1,50,1,2,1,0,0,1,58.0,,utilitaire_camion,,4,2,1,1,6
202400032334,2024-10-04 13:49:00,2024,10,4,13,49,91,91471,LOUIS SCOCARD (RUE),48.69644,2.18455,Plein jour,En agglomération,Hors intersection,Normale,Autre collision,3,-1,1,0,1,3,1,0,1,50,1,2,1,0,0,1,16.0,,deux_roues,,1,2,1,1,6
202400032335,2024-10-04 10:20:00,2024,10,4,10,20,91,91174,RUE DU DOCTEUR VIGNES,48.61218,2.476237,Plein jour,En agglomération,Autre intersection,Normale,Deux véhicules - côté,4,2,3,0,1,1,1,0,1,50,2,2,1,0,0,1,29.0,29.0,deux_roues,voiture,1,2,9,1,3
202400032336,2024-10-03 20:24:00,2024,10,3,20,24,90,90010,JAURES (AVENUE JEAN) A 150 ET 117,47.65219,6.8504,Nuit avec éclairage allumé,En agglomération,Hors intersection,Normale,Deux véhicules - côté,3,2,2,0,1,1,1,0,1,50,2,2,1,0,0,1,26.0,26.0,deux_roues,voiture,5,2,1,1,3
202400032337,2024-10-03 12:31:00,2024,10,3,12,31,87,87085,COTY (AVENUE DU PRESIDENT RENE),45.8429,1.23116,Plein jour,En agglomération,Hors intersection,Normale,Sans collision,4,2,2,0,1,1,2,0,1,50,1,1,0,0,0,1,49.0,,deux_roues,,1,2,1,1,7
202400032338,2024-10-02 07:31:00,2024,10,2,7,31,87,87113,CARNOT (AVENUE SADI),45.86787,1.32777,Crépuscule ou aube,En agglomération,Hors intersection,Normale,Deux véhicules - frontale,3,2,2,0,1,1,2,0,1,50,2,2,1,0,0,1,32.0,30.0,voiture,voiture,2,2,1,1,1
202400032339,2024-10-04 17:20:00,2024,10,4,17,20,86,86158,Route de Saint Nicolas,46.616334,0.312185,Plein jour,En agglomération,Hors intersection,Normale,Deux véhicules - frontale,4,2,2,0,1,1,1,0,1,50,2,2,1,0,0,1,30.0,50.0,voiture,deux_roues,1,2,1,1,1
202400032340,2024-10-01 16:20:00,2024,10,1,16,20,86,86066,Rocade Est,46.8383,0.5477,Plein jour,En agglomération,Hors intersection,Pluie légère,Autre collision,3,1,1,0,2,3,2,0,1,50,1,1,0,0,0,1,22.0,,voiture,,1,2,1,2,6
202400032341,2024-10-04 07:20:00,2024,10,4,7,20,84,84007,FONTCOUVERTE (AVENUE DE),43.93539,4.84806,Crépuscule ou aube,En agglomération,Giratoire,Normale,Deux véhicules - côté,4,2,2,2,1,1,1,9,1,50,2,2,1,0,0,1,60.0,12.0,voiture,deux_roues,2,2,6,1,3
202400032341,2024-10-04 07:20:00,2024,10,4,7,20,84,84007,FONTCOUVERTE (AVENUE DE),43.93539,4.84806,Crépuscule ou aube,En agglomération,Giratoire,Normale,Deux véhicules - côté,4,3,4,3,1,1,1,9,1,50,2,2,1,0,0,1,60.0,12.0,voiture,deux_roues,2,2,6,1,3
202400032342,2024-10-03 12:35:00,2024,10,3,12,35,84,84007,C.DE GAULLE (ROCADE),43.9316,4.82861,Plein jour,En agglomération,Intersection en X,Normale,Deux véhicules - arrière,4,3,4,0,1,1,1,5,1,50,2,2,1,0,0,1,46.0,84.0,voiture,voiture,1,2,2,1,2
202400032342,2024-10-03 12:35:00,2024,10,3,12,35,84,84007,C.DE GAULLE (ROCADE),43.9316,4.82861,Plein jour,En agglomération,Intersection en X,Normale,Deux véhicules - arrière,4,2,2,0,1,1,1,5,1,50,2,2,1,0,0,1,46.0,84.0,voiture,voiture,1,2,2,1,2
202400032343,2024-10-02 08:00:00,2024,10,2,8,0,84,84007,QUAI DE LA LIGNE (BOULEVARD DU),43.95348,4.81052,Plein jour,En agglomération,Hors intersection,Normale,Deux véhicules - arrière,4,2,4,0,1,1,1,0,1,50,2,2,1,0,0,1,67.0,33.0,transport_commun,voiture,1,2,1,1,2
202400032344,2024-10-03 23:00:00,2024,10,3,23,0,83,83137,FORGENTIER (CHEMIN DE),43.13371028,5.90325305,Nuit avec éclairage allumé,En agglomération,Hors intersection,Normale,Deux véhicules - frontale,4,2,2,0,1,1,1,0,1,30,2,3,1,0,2,0,,35.0,voiture,voiture,5,2,1,1,1
202400032345,2024-10-04 12:40:00,2024,10,4,12,40,83,83137,BRIAND (AVE ARISTIDE DE 1221 A FIN,43.1208,5.88941,Plein jour,En agglomération,Giratoire,Normale,Deux véhicules - côté,3,-1,0,0,1,3,1,9,1,50,2,2,1,0,1,0,24.0,53.0,voiture,deux_roues,1,2,6,1,3
202400032346,2024-10-04 00:55:00,2024,10,4,0,55,83,83153,MARECHAL LECLERC (AV DU),43.08057,5.91288,Nuit sans éclairage public,En agglomération,Hors intersection,Normale,Sans collision,3,2,2,0,2,4,1,0,1,50,1,1,0,1,0,0,38.0,,voiture,,3,2,1,1,7
202400032347,2024-10-04 08:50:00,2024,10,4,8,50,79,79191,,46.317926,-0.485043,Crépuscule ou aube,En agglomération,Hors intersection,Normale,Sans collision,4,2,3,3,1,1,1,5,1,30,1,2,1,0,0,1,40.0,,voiture,,2,2,1,1,7
202400032348,2024-10-04 12:45:00,2024,10,4,12,45,78,78621,FERMES (RUE DES),48.77828,1.99673,Plein jour,En agglomération,Intersection en T,Normale,Autre collision,3,1,1,0,1,1,1,0,1,50,2,3,2,0,0,1,29.0,20.0,voiture,voiture,1,2,3,1,6
202400032348,2024-10-04 12:45:00,2024,10,4,12,45,78,78621,FERMES (RUE DES),48.77828,1.99673,Plein jour,En agglomération,Intersection en T,Normale,Autre collision,3,1, -1,-1,1,1,1,0,1,-1,2,3,2,0,0,1,29.0,20.0,voiture,voiture,1,2,3,1,6
202400032349,2024-09-30 12:06:00,2024,9,30,12,6,77,77053,RUE DU GENERAL LECLERC,48.69519,2.60919,Plein jour,En agglomération,Autre intersection,Normale,Autre collision,4,2,2,0,1,1,1,0,1,50,1,2,1,0,0,1,28.0,,voiture,,1,2,9,1,6
202400032350,2024-10-04 18:00:00,2024,10,4,18,0,76,76231,Rue aux Boeufs,49.2897023,0.99918352,Plein jour,En agglomération,Intersection en T,Temps couvert,Deux véhicules - côté,4,1,1,0,1,1,1,0,1,50,2,2,1,0,0,1,50.0,22.0,voiture,deux_roues,1,2,3,8,3
202400032350,2024-10-04 18:00:00,2024,10,4,18,0,76,76231,Rue aux Boeufs,49.2897023,0.99918352,Plein jour,En agglomération,Intersection en T,Temps couvert,Deux véhicules - côté,4,2,4,0,1,1,1,0,1,50,2,2,1,0,0,1,50.0,22.0,voiture,deux_roues,1,2,3,8,3
202400032351,2024-10-04 19:58:00,2024,10,4,19,58,72,72181,PATTON GENERAL RTE BAUGE A CHEMIN RONDE,47.99604,0.20712,Plein jour,En agglomération,Hors intersection,Normale,Trois véhicules et plus - collisions multiples,4,3,4,0,1,1,1,0,1,90,3,3,2,0,0,1,35.0,45.0,utilitaire_camion,voiture,1,2,1,1,5