accident_id,datetime,annee,mois,jour,heure,minute,departement,commune_insee,adresse,latitude,longitude,luminosite,agglomeration,intersection,meteo,collision,catr,circ,nbv,vosp,prof,plan,surf,infra,situ,vma,nb_vehicules,nb_usagers,nb_indemnes,nb_tues,nb_blesses_hosp,nb_blesses_legers,age_cond_1,age_cond_2,veh_type_cond_1,veh_type_cond_2,lum_code,agg_code,int_code,atm_code,col_code
202400032419,2024-10-04 23:10:00,2024,10,4,23,10,75,75116,AVENUE DU PRESIDENT KENNEDY,48.85272,2.280664,Nuit avec éclairage allumé,En agglomération,Intersection en T,Normale,Deux véhicules - côté,4,1,2,1,1,1,1,0,1,50,2,3,2,0,0,1,27.0,23.0,deux_roues,utilitaire_camion,5,2,3,1,3
202400032419,2024-10-04 23:10:00,2024,10,4,23,10,75,75116,AVENUE DU PRESIDENT KENNEDY,48.85272,2.280664,Nuit avec éclairage allumé,En agglomération,Intersection en T,Normale,Deux véhicules - côté,4,1,1,0,2,1,1,0,1,30,2,3,2,0,0,1,27.0,23.0,deux_roues,utilitaire_camion,5,2,3,1,3
202400032420,2024-10-04 15:30:00,2024,10,4,15,30,75,75114,BOULEVARD DU MONTPARNASSE,48.84124,2.33157,Plein jour,En agglomération,Intersection en T,Normale,Deux véhicules - côté,4,2,6,0,1,1,1,0,1,30,2,2,1,0,0,1,,46.0,voiture,deux_roues,1,2,3,1,3
202400032420,2024-10-04 15:30:00,2024,10,4,15,30,75,75114,BOULEVARD DU MONTPARNASSE,48.84124,2.33157,Plein jour,En agglomération,Intersection en T,Normale,Deux véhicules - côté,4,1, -1,-1,1,1,1,0,1,30,2,2,1,0,0,1,,46.0,voiture,deux_roues,1,2,3,1,3
202400032421,2024-10-03 18:45:00,2024,10,3,18,45,75,75114,BOULEVARD ARAGO,48.834519,2.334879,Plein jour,En agglomération,Hors intersection,Normale,Deux véhicules - côté,4,2,4,2,2,1,1,0,5,30,2,2,1,0,0,1,33.0,,deux_roues,,1,2,1,1,3
202400032422,2024-10-03 09:35:00,2024,10,3,9,35,75,75114,RUE DES PLANTES,48.828033,2.321504,Plein jour,En agglomération,Intersection en X,Normale,Deux véhicules - arrière,4,1,1,0,1,1,1,0,1,30,2,2,1,0,0,1,18.0,35.0,deux_roues,utilitaire_camion,1,2,2,1,2
202400032422,2024-10-03 09:35:00,2024,10,3,9,35,75,75114,RUE DES PLANTES,48.828033,2.321504,Plein jour,En agglomération,Intersection en X,Normale,Deux véhicules - arrière,4,1,1,0,1,1,1,0,1,30,2,2,1,0,0,1,18.0,35.0,deux_roues,utilitaire_camion,1,2,2,1,2
202400032423,2024-10-04 14:05:00,2024,10,4,14,5,75,75111,RUE SAINT MAUR,48.864576,2.378115,Plein jour,En agglomération,Intersection en X,Normale,Deux véhicules - côté,4,2, -1,-1,1,1,1,0,1,30,2,2,1,0,0,1,36.0,25.0,deux_roues,deux_roues,1,2,2,1,3
202400032423,2024-10-04 14:05:00,2024,10,4,14,5,75,75111,RUE SAINT MAUR,48.864576,2.378115,Plein jour,En agglomération,Intersection en X,Normale,Deux véhicules - côté,4,2,2,2,1,1,1,0,1,30,2,2,1,0,0,1,36.0,25.0,deux_roues,deux_roues,1,2,2,1,3
202400032424,2024-10-04 03:00:00,2024,10,4,3,0,75,75104,QUAI DE GESVRES,48.856751,2.348959,Nuit avec éclairage allumé,En agglomération,Intersection en X,Normale,Deux véhicules - frontale,4,1,4,1,1,1,1,0,1,30,2,2,1,0,0,1,48.0,56.0,deux_roues,deux_roues,5,2,2,1,1
202400032424,2024-10-04 03:00:00,2024,10,4,3,0,75,75104,QUAI DE GESVRES,48.856751,2.348959,Nuit avec éclairage allumé,En agglomération,Intersection en X,Normale,Deux véhicules - frontale,4,1,3,2,1,1,1,0,1,30,2,2,1,0,0,1,48.0,56.0,deux_roues,deux_roues,5,2,2,1,1
202400032425,2024-10-03 12:45:00,2024,10,3,12,45,94,94078,Rue de Paris,48.73557,2.44693,Plein jour,En agglomération,Intersection en T,Temps couvert,Deux véhicules - côté,2,3,4,0,1,1,1,0,1,50,2,2,1,0,0,1,38.0,27.0,voiture,utilitaire_camion,1,2,3,8,3
202400032425,2024-10-03 12:45:00,2024,10,3,12,45,94,94078,Rue de Paris,48.73557,2.44693,Plein jour,En agglomération,Intersection en T,Temps couvert,Deux véhicules - côté,2,3,0,0,1,1,1,0,1,50,2,2,1,0,0,1,38.0,27.0,voiture,utilitaire_camion,1,2,3,8,3
202400032426,2024-10-02 16:55:00,2024,10,2,16,55,94,94068,Quai du Petit Parc,48.812966,2.479771,Plein jour,En agglomération,Intersection en X,Normale,Deux véhicules - côté,3,2,2,0,1,1,1,0,1,30,2,2,1,0,0,1,66.0,7.0,voiture,deux_roues,1,2,2,1,3
202400032426,2024-10-02 16:55:00,2024,10,2,16,55,94,94068,Quai du Petit Parc,48.812966,2.479771,Plein jour,En agglomération,Intersection en X,Normale,Deux véhicules - côté,3,1,1,1,3,1,1,0,1,30,2,2,1,0,0,1,66.0,7.0,voiture,deux_roues,1,2,2,1,3
202400032427,2024-10-02 12:56:00,2024,10,2,12,56,94,94068,Boulevard Maurice Berteaux,48.8099,2.471,Plein jour,En agglomération,Intersection en Y,Pluie légère,Deux véhicules - côté,3,2,5,0,1,2,2,5,1,30,2,2,1,0,0,1,35.0,38.0,deux_roues,voiture,1,2,4,2,3
202400032427,2024-10-02 12:56:00,2024,10,2,12,56,94,94068,Boulevard Maurice Berteaux,48.8099,2.471,Plein jour,En agglomération,Intersection en Y,Pluie légère,Deux véhicules - côté,3,2,4,0,1,2,2,5,1,30,2,2,1,0,0,1,35.0,38.0,deux_roues,voiture,1,2,4,2,3
202400032428,2024-10-04 18:30:00,2024,10,4,18,30,94,94058,Avenue du 11 Novembre,48.84916,2.49573,Plein jour,En agglomération,Intersection à plus de 4 branches,Normale,Deux véhicules - côté,3,2,2,0,4,1,1,9,1,50,2,2,0,0,0,2,19.0,62.0,deux_roues,deux_roues,1,2,5,1,3
202400032428,2024-10-04 18:30:00,2024,10,4,18,30,94,94058,Avenue du 11 Novembre,48.84916,2.49573,Plein jour,En agglomération,Intersection à plus de 4 branches,Normale,Deux véhicules - côté,3,2, -1,-1,1,1,1,9,1,-1,2,2,0,0,0,2,19.0,62.0,deux_roues,deux_roues,1,2,5,1,3
202400032429,2024-10-04 15:15:00,2024,10,4,15,15,94,94018,Rue Victor Hugo,48.8207,2.41249,Plein jour,En agglomération,Hors intersection,Normale,Deux véhicules - côté,4,2,2,0,1,1,1,0,1,50,2,3,1,0,0,2,41.0,24.0,utilitaire_camion,voiture,1,2,1,1,3
202400032430,2024-10-04 11:15:00,2024,10,4,11,15,93,93078,BEREGOVOY (AVENUE),48.94636,2.55983,Plein jour,En agglomération,Hors intersection,Normale,Deux véhicules - côté,4,2,2,0,1,1,1,0,1,50,2,4,2,0,0,2,59.0,29.0,voiture,transport_commun,1,2,1,1,3
202400032431,2024-10-04 15:45:00,2024,10,4,15,45,93,93072,MAXIME GORKI (BOULEVARD) DES N°1 AU 87,48.95143,2.38522,Plein jour,En agglomération,Hors intersection,Normale,Deux véhicules - côté,3,2,2,0,1,1,1,0,1,50,2,2,1,0,0,1,34.0,,deux_roues,deux_roues,1,2,1,1,3
202400032432,2024-10-04 17:25:00,2024,10,4,17,25,93,93070,CHARLES SCHMIDT(RUE) : APRES 49,48.90371355,2.3336622,Plein jour,En agglomération,Intersection en X,Normale,Deux véhicules - côté,4,2,2,0,1,1,1,0,1,30,2,2,1,0,0,1,26.0,14.0,voiture,deux_roues,1,2,2,1,3
202400032432,2024-10-04 17:25:00,2024,10,4,17,25,93,93070,CHARLES SCHMIDT(RUE) : APRES 49,48.90371355,2.3336622,Plein jour,En agglomération,Intersection en X,Normale,Deux véhicules - côté,4,1,0,0,1,1,1,0,1,30,2,2,1,0,0,1,26.0,14.0,voiture,deux_roues,1,2,2,1,3
202400032433,2024-10-04 15:49:00,2024,10,4,15,49,93,93070,VICTOR-HUGO (BD),48.90912,2.32963,Plein jour,En agglomération,Intersection en T,Normale,Deux véhicules - côté,3,2,3,2,1,1,1,0,1,50,2,2,0,0,0,2,24.0,21.0,deux_roues,deux_roues,1,2,3,1,3
202400032433,2024-10-04 15:49:00,2024,10,4,15,49,93,93070,VICTOR-HUGO (BD),48.90912,2.32963,Plein jour,En agglomération,Intersection en T,Normale,Deux véhicules - côté,3,2,2,0,1,1,1,0,1,50,2,2,0,0,0,2,24.0,21.0,deux_roues,deux_roues,1,2,3,1,3
202400032434,2024-10-04 12:47:00,2024,10,4,12,47,93,93066,MARNAUDES,48.94124559,2.3837918,Plein jour,En agglomération,Hors intersection,Normale,Autre collision,4,-1,1,0,1,1,1,0,1,30,1,2,1,0,0,1,55.0,,voiture,,1,2,1,1,6
202400032435,2024-10-04 23:10:00,2024,10,4,23,10,93,93077,GRANDE RUE,48.88257,2.52502,Nuit avec éclairage allumé,En agglomération,Hors intersection,Normale,Autre collision,3,2,2,0,1,1,1,0,1,50,1,2,1,0,0,1,,,autre,,5,2,1,1,6
202400032436,2024-10-03 20:50:00,2024,10,3,20,50,93,93033,CHAMPS (AVENUE),48.86014,2.58038,Nuit avec éclairage allumé,En agglomération,Hors intersection,Normale,Deux véhicules - frontale,3,3,2,0,1,1,1,0,1,45,2,2,1,0,0,1,,38.0,utilitaire_camion,deux_roues,5,2,1,1,1
202400032437,2024-10-03 20:20:00,2024,10,3,20,20,93,93048,JULES FERRY (RUE),48.86141629,2.43369162,Nuit avec éclairage allumé,En agglomération,Hors intersection,Normale,Autre collision,4,1,1,0,2,1,1,0,1,50,1,1,0,0,0,1,36.0,,deux_roues,,5,2,1,1,6
202400032438,2024-10-03 08:30:00,2024,10,3,8,30,93,93032,ROND POINT  (RUE DU),48.8731,2.5561,Plein jour,En agglomération,Intersection en X,Normale,Deux véhicules - côté,4,1,1,0,1,1,1,0,1,50,2,3,0,0,0,3,25.0,75.0,voiture,voiture,1,2,2,1,3
202400032438,2024-10-03 08:30:00,2024,10,3,8,30,93,93032,ROND POINT  (RUE DU),48.8731,2.5561,Plein jour,En agglomération,Intersection en X,Normale,Deux véhicules - côté,4,1,0,0,2,1,1,0,1,50,2,3,0,0,0,3,25.0,75.0,voiture,voiture,1,2,2,1,3
202400032439,2024-10-04 19:30:00,2024,10,4,19,30,93,93010,JOUHAUX (AV. LEON),48.91791992,2.48035383,Plein jour,En agglomération,Autre intersection,Normale,Deux véhicules - arrière,4,-1,0,0,1,1,1,0,3,30,2,2,1,0,0,1,33.0,,deux_roues,voiture,1,2,9,1,2
202400032440,2024-10-04 02:20:00,2024,10,4,2,20,93,93010,GALLIENI (AV.) DE 177 A 211,48.90727965,2.48967433,Nuit avec éclairage allumé,En agglomération,Hors intersection,Normale,Deux véhicules - côté,3,3,6,0,1,1,1,0,1,30,2,5,4,0,1,0,30.0,24.0,deux_roues,voiture,5,2,1,1,3
202400032441,2024-10-01 03:50:00,2024,10,1,3,50,92,92073,JAURES (AVENUE JEAN),48.86352491,2.20918447,Nuit sans éclairage public,En agglomération,Hors intersection,Pluie légère,Deux véhicules - arrière,3,2,2,0,1,1,2,0,1,50,2,6,4,0,1,1,24.0,26.0,voiture,transport_commun,3,2,1,2,2
202400032442,2024-10-04 09:01:00,2024,10,4,9,1,92,92040,8 MAI 1945 (PLACE DU),48.8217711,2.27042221,Plein jour,En agglomération,Hors intersection,Normale,Sans collision,4,2,1,0,2,1,1,5,1,30,1,1,0,0,0,1,30.0,,deux_roues,,1,2,1,1,7
202400032443,2024-10-04 01:12:00,2024,10,4,1,12,92,92012,JEAN JAURES (BOULEVARD) 1/61 - COTE IMPA,48.83578,2.24228,Nuit avec éclairage allumé,En agglomération,Hors intersection,Normale,Sans collision,3,2,2,0,1,1,2,0,1,30,1,1,0,0,0,1,24.0,,deux_roues,,5,2,1,1,7
202400032444,2024-10-02 18:41:00,2024,10,2,18,41,92,92004,GRESILLONS ( AVENUE DES  ),48.91972234,2.31391735,Plein jour,En agglomération,Hors intersection,Normale,Autre collision,3,2,2,0,1,1,1,0,1,50,1,2,1,0,0,1,20.0,,deux_roues,,1,2,1,1,6
202400032445,2024-10-05 01:55:00,2024,10,5,1,55,34,34048,D120e4,43.790068,4.033659,Nuit sans éclairage public,Hors agglomération,Hors intersection,Normale,Autre collision,3,2,2,0,1,1,1,0,3,90,1,1,0,1,0,0,35.0,,voiture,,3,1,1,1,6
202400032446,2024-10-04 17:05:00,2024,10,4,17,5,52,52147,"Autoroute A.31, point kilométrique 105+900, sens DIJON / NANCY",47.84134194,5.23199039,Plein jour,Hors agglomération,Hors intersection,Normale,Deux véhicules - côté,1,3,6,0,1,1,1,0,1,130,2,4,1,0,0,3,71.0,77.0,voiture,voiture,1,1,1,1,3
202400032447,2024-10-05 10:20:00,2024,10,5,10,20,91,91363,Route d?Orsay,48.665479,2.197963,Plein jour,Hors agglomération,Hors intersection,Normale,Deux véhicules - arrière,3,2,2,0,3,3,1,0,1,50,2,2,1,0,1,0,51.0,23.0,deux_roues,voiture,1,1,1,1,2
202400032448,2024-10-05 05:00:00,2024,10,5,5,0,91,91425,Rue de Montlhéry,48.639286,2.253565,Nuit avec éclairage allumé,En agglomération,Hors intersection,Normale,Autre collision,3,2,2,0,1,1,1,0,1,-1,1,1,0,0,0,1,18.0,,deux_roues,,5,2,1,1,6
202400032449,2024-10-05 02:00:00,2024,10,5,2,0,42,42271,Route de la Barollière,45.473317,4.565157,Nuit sans éclairage public,Hors agglomération,Hors intersection,Normale,Autre collision,4,2,2,0,1,2,1,0,1,80,1,2,0,0,0,2,22.0,,voiture,,3,1,1,1,6
202400032450,2024-10-04 18:50:00,2024,10,4,18,50,77,77228,D222,48.892035,3.306155,Crépuscule ou aube,Hors agglomération,Hors intersection,Normale,Deux véhicules - frontale,3,2,2,0,2,2,2,0,1,80,2,3,0,0,2,1,48.0,29.0,voiture,voiture,2,1,1,1,1
202400032451,2024-09-29 21:50:00,2024,9,29,21,50,59,59384,Rue du Faux,50.130476,3.794736,Nuit sans éclairage public,Hors agglomération,Hors intersection,Normale,Sans collision,4,2,2,0,1,1,1,0,3,80,1,1,0,0,1,0,43.0,,voiture,,3,1,1,1,7
202400032452,2024-10-04 16:15:00,2024,10,4,16,15,19,19250,Beausoleil,45.48070497,1.53022206,Plein jour,Hors agglomération,Giratoire,Normale,Sans collision,3,1,1,0,1,2,8,0,1,90,1,1,0,0,1,0,71.0,,deux_roues,,1,1,6,1,7
202400032453,2024-10-04 17:34:00,2024,10,4,17,34,71,71542,334 Rue de Montagrin,46.69161,4.150713,Plein jour,En agglomération,Intersection en Y,Normale,Deux véhicules - frontale,3,-1,2,0,3,3,1,0,1,50,2,3,0,0,0,3,37.0,23.0,voiture,voiture,1,2,4,1,1
202400032453,2024-10-04 17:34:00,2024,10,4,17,34,71,71542,334 Rue de Montagrin,46.69161,4.150713,Plein jour,En agglomération,Intersection en Y,Normale,Deux véhicules - frontale,3,2,2,0,1,2,1,0,1,50,2,3,0,0,0,3,37.0,23.0,voiture,voiture,1,2,4,1,1
202400032454,2024-10-05 05:28:00,2024,10,5,5,28,71,71412,RD601 PK 4+207,46.730581,4.438241,Nuit sans éclairage public,Hors agglomération,Hors intersection,Normale,Autre collision,3,2,2,0,1,1,1,0,3,80,1,3,0,0,1,2,26.0,,voiture,,3,1,1,1,6
202400032455,2024-10-03 10:15:00,2024,10,3,10,15,47,47143,avenue du pont de bordes,44.172551,0.290043,Plein jour,En agglomération,Hors intersection,Normale,Deux véhicules - frontale,3,2,2,0,1,3,1,0,1,50,2,2,1,0,1,0,67.0,79.0,voiture,voiture,1,2,1,1,1
202400032456,2024-09-29 05:40:00,2024,9,29,5,40,29,29041,Rue de Pen Pave,48.05789887,-3.82738806,Crépuscule ou aube,En agglomération,Giratoire,Normale,Autre collision,3,1,1,0,1,1,1,5,3,50,1,2,1,0,1,0,32.0,,voiture,,2,2,6,1,6
202400032456,2024-09-29 05:40:00,2024,9,29,5,40,29,29041,Rue de Pen Pave,48.05789887,-3.82738806,Crépuscule ou aube,En agglomération,Giratoire,Normale,Autre collision,3,2,1,0,1,1,1,0,3,50,1,2,1,0,1,0,32.0,,voiture,,2,2,6,1,6
202400032457,2024-10-05 10:00:00,2024,10,5,10,0,50,50487,Le Blanc Freche,48.529423,-1.394792,Plein jour,Hors agglomération,Intersection en X,Normale,Deux véhicules - côté,3,2,2,0,3,3,1,0,8,80,2,2,1,0,1,0,79.0,45.0,voiture,utilitaire_camion,1,1,2,1,3
202400032457,2024-10-05 10:00:00,2024,10,5,10,0,50,50487,Le Blanc Freche,48.529423,-1.394792,Plein jour,Hors agglomération,Intersection en X,Normale,Deux véhicules - côté,3,2,2,0,1,1,1,0,1,80,2,2,1,0,1,0,79.0,45.0,voiture,utilitaire_camion,1,1,2,1,3
202400032458,2024-09-22 16:10:00,2024,9,22,16,10,83,83013,D21,43.756759,6.634905,Plein jour,Hors agglomération,Hors intersection,Normale,Sans collision,3,2,2,0,1,3,1,0,3,-1,1,2,0,0,2,0,38.0,,deux_roues,,1,1,1,1,7
202400032459,2024-10-05 09:00:00,2024,10,5,9,0,60,60150,D165,49.5494566,2.98688447,Plein jour,Hors agglomération,Intersection en Y,Brouillard / fumée,Sans collision,3,2,2,0,1,1,2,0,3,80,1,1,0,1,0,0,25.0,,deux_roues,,1,1,4,5,7
202400032459,2024-10-05 09:00:00,2024,10,5,9,0,60,60150,D165,49.5494566,2.98688447,Plein jour,Hors agglomération,Intersection en Y,Brouillard / fumée,Sans collision,3,2, -1,-1,1,1,1,0,1,-1,1,1,0,1,0,0,25.0,,deux_roues,,1,1,4,5,7
202400032460,2024-10-04 17:30:00,2024,10,4,17,30,18,18108,22 Rue de la Libération,46.951198,2.941023,Plein jour,En agglomération,Hors intersection,Normale,Deux véhicules - côté,3,2,2,0,1,1,1,0,1,50,2,2,1,0,1,0,33.0,24.0,voiture,deux_roues,1,2,1,1,3
202400032461,2024-10-04 22:45:00,2024,10,4,22,45,24,24340,D34,44.868097,0.400507,Nuit sans éclairage public,Hors agglomération,Intersection en X,Normale,Deux véhicules - côté,3,2,2,0,1,1,1,0,1,80,2,2,0,0,1,1,50.0,54.0,voiture,voiture,3,1,2,1,3
202400032461,2024-10-04 22:45:00,2024,10,4,22,45,24,24340,D34,44.868097,0.400507,Nuit sans éclairage public,Hors agglomération,Intersection en X,Normale,Deux véhicules - côté,3,2, -1,-1,1,1,1,0,1,80,2,2,0,0,1,1,50.0,54.0,voiture,voiture,3,1,2,1,3
202400032462,2024-10-04 18:00:00,2024,10,4,18,0,17,17397,Route de Saint Hilaire,45.864702,-0.658622,Plein jour,Hors agglomération,Intersection en X,Normale,Deux véhicules - frontale,3,2,2,0,1,1,1,0,1,80,2,2,1,0,1,0,75.0,,deux_roues,deux_roues,1,1,2,1,1
202400032462,2024-10-04 18:00:00,2024,10,4,18,0,17,17397,Route de Saint Hilaire,45.864702,-0.658622,Plein jour,Hors agglomération,Intersection en X,Normale,Deux véhicules - frontale,3,2,2,-1,1,1,1,5,1,50,2,2,1,0,1,0,75.0,,deux_roues,deux_roues,1,1,2,1,1
202400032463,2024-10-05 01:45:00,2024,10,5,1,45,23,23040,la Spouze,46.220717,2.194573,Nuit sans éclairage public,Hors agglomération,Hors intersection,Brouillard / fumée,Autre collision,3,2,2,0,1,2,1,0,3,90,1,1,0,1,0,0,22.0,,voiture,,3,1,1,5,6
202400032464,2024-10-04 17:26:00,2024,10,4,17,26,87,87119,Avenue de Toulouse,45.688363,1.363834,Plein jour,En agglomération,Hors intersection,Normale,Deux véhicules - côté,3,2,2,0,2,1,1,0,1,50,2,2,1,0,0,1,15.0,39.0,deux_roues,voiture,1,2,1,1,3
202400032465,2024-10-04 07:53:00,2024,10,4,7,53,88,88075,Route de Vologne,48.025295,6.959592,Crépuscule ou aube,Hors agglomération,Hors intersection,Temps couvert,Autre collision,3,2,2,0,2,4,2,0,3,80,1,1,0,0,1,0,20.0,,voiture,,2,1,1,8,6
202400032466,2024-10-02 18:45:00,2024,10,2,18,45,987,98738,RT 1 PK 11.200,-17.618,-149.549,Nuit avec éclairage allumé,Hors agglomération,Autre intersection,Normale,Deux véhicules - côté,3,2,2,0,1,1,1,0,1,50,2,3,1,0,1,1,54.0,40.0,voiture,deux_roues,5,1,9,1,3
202400032467,2024-09-23 08:00:00,2024,9,23,8,0,987,98738,PK 13.500 RT 01,-17.618,-149.549,Plein jour,Hors agglomération,Hors intersection,Normale,Deux véhicules - côté,2,2,2,0,1,1,1,0,1,60,2,2,1,0,1,0,37.0,21.0,voiture,deux_roues,1,1,1,1,3
202400032468,2024-10-04 19:15:00,2024,10,4,19,15,33,33321,,45.03161,-0.440521,Plein jour,Hors agglomération,Hors intersection,Normale,Deux véhicules - frontale,1,3,2,0,1,1,1,0,1,130,2,3,0,1,2,0,62.0,43.0,utilitaire_camion,voiture,1,1,1,1,1
202400032469,2024-10-03 22:30:00,2024,10,3,22,30,89,89208,"a6, PK 194.700 sens Lyon-Paris",47.625215,3.907557,Nuit sans éclairage public,Hors agglomération,Hors intersection,Normale,Deux véhicules - arrière,1,3,4,0,1,1,1,0,1,130,2,2,1,0,1,0,59.0,49.0,voiture,utilitaire_camion,3,1,1,1,2
202400032470,2024-10-05 00:10:00,2024,10,5,0,10,51,51282,A4,49.242532,3.887945,Nuit sans éclairage public,Hors agglomération,Hors intersection,Normale,Autre collision,1,3,2,0,2,1,1,0,1,130,1,1,0,0,1,0,22.0,,voiture,,3,1,1,1,6
202400032471,2024-10-04 20:24:00,2024,10,4,20,24,83,83023,1160 Boulevard Bernard Long,43.39955,6.048642,Nuit avec éclairage allumé,En agglomération,Hors intersection,Normale,Deux véhicules - côté,4,2,2,0,1,1,1,0,1,50,2,2,1,0,1,0,39.0,60.0,voiture,deux_roues,5,2,1,1,3
202400032472,2024-10-04 15:00:00,2024,10,4,15,0,50,50099,D971,49.318297,-1.246433,Plein jour,Hors agglomération,Hors intersection,Normale,Deux véhicules - frontale,3,2,2,0,1,2,1,0,1,80,2,4,1,0,0,3,60.0,28.0,voiture,voiture,1,1,1,1,1
202400032473,2024-10-04 20:49:00,2024,10,4,20,49,13,13211,A50-Sens Marseille vers Aubagne,43.28694543,5.43567763,Nuit sans éclairage public,Hors agglomération,Hors intersection,Normale,Trois véhicules et plus - en chaîne,1,1,3,0,1,1,1,0,1,70,3,7,4,0,0,3,31.0,23.0,voiture,utilitaire_camion,3,1,1,1,4
202400032474,2024-10-04 19:17:00,2024,10,4,19,17,91,91161,AUTOROUTE A126,48.71078,2.29903,Crépuscule ou aube,Hors agglomération,Hors intersection,Normale,Trois véhicules et plus - en chaîne,1,1,2,0,1,1,1,0,1,90,3,3,2,0,0,1,30.0,66.0,voiture,voiture,2,1,1,1,4
202400032475,2024-10-04 01:02:00,2024,10,4,1,2,91,91521,AUTOROUTE A6,48.63792367,2.39704728,Nuit sans éclairage public,Hors agglomération,Hors intersection,Normale,Deux véhicules - frontale,1,1,3,0,1,1,1,0,1,110,2,2,0,0,0,2,50.0,22.0,utilitaire_camion,voiture,3,1,1,1,1
202400032476,2024-10-03 23:00:00,2024,10,3,23,0,78,78640,A86 INT,48.777929,2.217037,Nuit sans éclairage public,Hors agglomération,Hors intersection,Normale,Deux véhicules - côté,1,-1,3,0,1,2,1,0,1,90,2,5,4,0,0,1,30.0,30.0,voiture,voiture,3,1,1,1,3
202400032477,2024-10-03 18:35:00,2024,10,3,18,35,92,92050,A14,48.89956451,2.21198236,Nuit avec éclairage allumé,Hors agglomération,Hors intersection,Normale,Deux véhicules - arrière,1,-1,2,0,1,1,1,1,1,70,2,2,1,0,0,1,29.0,26.0,deux_roues,voiture,5,1,1,1,2
202400032478,2024-10-03 12:45:00,2024,10,3,12,45,92,92012,A13,48.84854462,2.22835052,Plein jour,Hors agglomération,Hors intersection,Normale,Autre collision,1,3,2,0,1,1,1,0,1,70,1,1,0,0,0,1,24.0,,deux_roues,,1,1,1,1,6
202400032479,2024-10-01 18:20:00,2024,10,1,18,20,93,93066,AUTOROUTE A1,48.90396482,2.35877771,Plein jour,Hors agglomération,Hors intersection,Normale,Deux véhicules - arrière,1,3,4,0,1,1,1,0,1,90,2,2,1,0,0,1,54.0,65.0,deux_roues,utilitaire_camion,1,1,1,1,2
202400032480,2024-10-04 00:05:00,2024,10,4,0,5,93,93064,AUTOROUTE A86,48.87743609,2.47718096,Nuit sans éclairage public,Hors agglomération,Hors intersection,Normale,Deux véhicules - arrière,1,3,3,0,1,1,1,0,1,90,2,3,2,0,0,1,21.0,51.0,voiture,utilitaire_camion,3,1,1,1,2
202400032481,2024-10-03 17:15:00,2024,10,3,17,15,95,95018,A15,48.9603364,2.27113018,Plein jour,Hors agglomération,Hors intersection,Normale,Deux véhicules - arrière,1,3,8,0,1,1,1,0,1,90,2,2,1,0,0,1,30.0,50.0,deux_roues,voiture,1,1,1,1,2
202400032482,2024-10-03 14:20:00,2024,10,3,14,20,95,95500,A15,49.03685745,2.09294147,Plein jour,Hors agglomération,Autre intersection,Normale,Trois véhicules et plus - collisions multiples,1,3,4,0,1,1,1,0,1,110,3,3,1,0,0,2,56.0,26.0,voiture,voiture,1,1,9,1,5
202400032483,2024-10-02 18:30:00,2024,10,2,18,30,93,93005,AUTOROUTE A3,48.93141176,2.48117112,Plein jour,Hors agglomération,Hors intersection,Normale,Deux véhicules - côté,1,3,3,0,1,1,1,0,1,110,2,2,1,0,0,1,46.0,44.0,utilitaire_camion,voiture,1,1,1,1,3
202400032484,2024-10-03 07:35:00,2024,10,3,7,35,95,95572,N184,49.04851178,2.13475699,Crépuscule ou aube,Hors agglomération,Hors intersection,Normale,Deux véhicules - côté,2,3,5,0,1,1,1,0,1,90,2,2,1,0,0,1,53.0,52.0,voiture,utilitaire_camion,2,1,1,1,3
202400032485,2024-10-02 16:45:00,2024,10,2,16,45,95,95572,N184,49.04262927,2.12877913,Plein jour,Hors agglomération,Hors intersection,Normale,Deux véhicules - arrière,2,3,2,0,1,1,1,0,1,90,2,2,0,0,0,2,30.0,36.0,voiture,voiture,1,1,1,1,2
202400032486,2024-10-03 10:45:00,2024,10,3,10,45,974,97411,MACE (BOULEVARD GABRIEL),-20.8767,55.44191,Plein jour,Hors agglomération,Giratoire,Normale,Deux véhicules - côté,2,3,4,1,1,3,1,0,1,30,2,3,1,0,0,2,51.0,42.0,voiture,deux_roues,1,1,6,1,3
202400032486,2024-10-03 10:45:00,2024,10,3,10,45,974,97411,MACE (BOULEVARD GABRIEL),-20.8767,55.44191,Plein jour,Hors agglomération,Giratoire,Normale,Deux véhicules - côté,2,3,2,1,1,2,1,0,1,30,2,3,1,0,0,2,51.0,42.0,voiture,deux_roues,1,1,6,1,3
202400032487,2024-10-03 10:00:00,2024,10,3,10,0,973,97302,BADUEL (ROUTE DE),4.93682,-52.31478,Plein jour,En agglomération,Hors intersection,Normale,Deux véhicules - côté,3,2,2,0,1,1,1,0,1,50,2,2,1,0,0,1,20.0,28.0,voiture,deux_roues,1,2,1,1,3
202400032488,2024-10-03 06:45:00,2024,10,3,6,45,973,97302,MONTABO (ROUTE DE) 1,4.93665,-52.29696,Plein jour,En agglomération,Hors intersection,Normale,Trois véhicules et plus - collisions multiples,3,2,2,0,1,1,1,0,1,50,3,3,2,0,0,1,18.0,42.0,deux_roues,voiture,1,2,1,1,5
202400032489,2024-10-02 14:35:00,2024,10,2,14,35,973,97302,ROUTE NATIONALE 1,4.9030685,-52.32430995,Plein jour,Hors agglomération,Hors intersection,Normale,Deux véhicules - côté,2,1,2,0,1,1,1,0,1,90,2,2,1,0,0,1,67.0,45.0,voiture,deux_roues,1,1,1,1,3