accident_id,datetime,annee,mois,jour,heure,minute,departement,commune_insee,adresse,latitude,longitude,luminosite,agglomeration,intersection,meteo,collision,catr,circ,nbv,vosp,prof,plan,surf,infra,situ,vma,nb_vehicules,nb_usagers,nb_indemnes,nb_tues,nb_blesses_hosp,nb_blesses_legers,age_cond_1,age_cond_2,veh_type_cond_1,veh_type_cond_2,lum_code,agg_code,int_code,atm_code,col_code
202400032490,2024-10-03 17:00:00,2024,10,3,17,0,69,69387,Boulevard Yves Farge,45.7424,4.83353,Plein jour,En agglomération,Hors intersection,Normale,Deux véhicules - frontale,4,2,2,0,1,1,1,8,1,30,2,2,1,0,0,1,31.0,54.0,voiture,deux_roues,1,2,1,1,1
202400032491,2024-06-23 04:30:00,2024,6,23,4,30,55,55570,D901,48.856721,5.338674,Nuit sans éclairage public,Hors agglomération,Hors intersection,Normale,Autre collision,3,2,2,0,2,1,1,0,3,90,1,1,0,1,0,0,19.0,,voiture,,3,1,1,1,6
202400032492,2024-06-22 06:30:00,2024,6,22,6,30,49,49125,D960,47.18230719,-0.32002489,Plein jour,Hors agglomération,Hors intersection,Normale,Sans collision,3,2,3,0,1,1,1,0,8,90,1,2,0,0,2,0,23.0,,voiture,,1,1,1,1,7
202400032493,2024-06-23 10:30:00,2024,6,23,10,30,12,12090,Chemin du bois de l'Ours,44.334792,2.496514,Plein jour,Hors agglomération,Hors intersection,Normale,Sans collision,9,2,1,0,2,1,6,0,8,50,1,1,0,0,1,0,77.0,,utilitaire_camion,,1,1,1,1,7
202400032494,2024-06-07 13:30:00,2024,6,7,13,30,41,41224,D106,47.98273,0.948375,Plein jour,Hors agglomération,Hors intersection,Normale,Sans collision,3,2,2,0,1,2,1,0,3,80,1,1,0,0,1,0,45.0,,voiture,,1,1,1,1,7
202400032495,2024-06-19 15:10:00,2024,6,19,15,10,34,34114,boulevard Saint Louis,43.653202,3.550966,Plein jour,En agglomération,Hors intersection,Normale,Autre collision,4,2,2,0,1,1,1,0,1,50,1,2,1,0,1,0,,,voiture,,1,2,1,1,6
202400032496,2024-06-23 04:00:00,2024,6,23,4,0,68,68186,parking rue des tuileries,47.471854,7.303247,Nuit avec éclairage non allumé,En agglomération,Hors intersection,Normale,Autre collision,6,-1, -1,0,1,1,1,0,1,20,1,2,1,0,0,1,20.0,,voiture,,4,2,1,1,6
202400032497,2024-06-22 16:00:00,2024,6,22,16,0,44,44072,,47.410968,-2.350642,Plein jour,Hors agglomération,Hors intersection,Normale,Deux véhicules - côté,3,2,2,0,1,1,1,0,1,80,2,2,1,0,0,1,43.0,40.0,deux_roues,utilitaire_camion,1,1,1,1,3
202400032498,2024-06-22 15:00:00,2024,6,22,15,0,44,44007,rue de redon,47.649012,-1.995692,Plein jour,Hors agglomération,Hors intersection,Normale,Autre collision,3,2,2,0,1,1,1,0,1,80,1,2,1,0,1,0,36.0,,voiture,,1,1,1,1,6
202400032499,2024-06-22 14:30:00,2024,6,22,14,30,29,29047,rue de Landouzen,48.535575,-4.373019,Plein jour,En agglomération,Intersection en T,Normale,Deux véhicules - frontale,4,2,2,0,2,3,1,0,1,50,2,2,1,0,1,0,25.0,41.0,voiture,deux_roues,1,2,3,1,1
202400032499,2024-06-22 14:30:00,2024,6,22,14,30,29,29047,rue de Landouzen,48.535575,-4.373019,Plein jour,En agglomération,Intersection en T,Normale,Deux véhicules - frontale,4,2, -1,-1,1,1,1,0,1,-1,2,2,1,0,1,0,25.0,41.0,voiture,deux_roues,1,2,3,1,1
202400032500,2024-06-22 14:58:00,2024,6,22,14,58,29,29170,Kerrun Nevez,47.958843,-4.161555,Plein jour,En agglomération,Hors intersection,Normale,Deux véhicules - côté,4,2,2,0,1,1,1,0,1,50,2,2,1,0,0,1,59.0,62.0,utilitaire_camion,deux_roues,1,2,1,1,3
202400032501,2024-06-22 16:20:00,2024,6,22,16,20,02,02770,,49.352917,3.280556,Plein jour,Hors agglomération,Intersection en T,Normale,Trois véhicules et plus - collisions multiples,2,2,0,0,1,1,2,0,1,90,3,4,0,0,1,3,68.0,52.0,utilitaire_camion,voiture,1,1,3,1,5
202400032501,2024-06-22 16:20:00,2024,6,22,16,20,02,02770,,49.352917,3.280556,Plein jour,Hors agglomération,Intersection en T,Normale,Trois véhicules et plus - collisions multiples,2,2,2,0,3,1,2,0,1,80,3,4,0,0,1,3,68.0,52.0,utilitaire_camion,voiture,1,1,3,1,5
202400032501,2024-06-22 16:20:00,2024,6,22,16,20,02,02770,,49.352917,3.280556,Plein jour,Hors agglomération,Intersection en T,Normale,Trois véhicules et plus - collisions multiples,2,2, -1,-1,1,1,1,5,1,-1,3,4,0,0,1,3,68.0,52.0,utilitaire_camion,voiture,1,1,3,1,5
202400032502,2024-06-23 13:25:00,2024,6,23,13,25,84,84123,CD 164 route du mont ventoux,44.115791,5.387737,Plein jour,Hors agglomération,Hors intersection,Normale,Autre collision,3,2,2,0,2,1,1,0,1,80,3,3,2,0,1,0,25.0,58.0,deux_roues,autre,1,1,1,1,6
202400032503,2024-06-22 09:00:00,2024,6,22,9,0,01,01304,intersection D1075/D984,46.04911,5.335767,Plein jour,En agglomération,Intersection en X,Temps couvert,Autre collision,3,-1,2,0,1,1,1,6,1,50,1,2,1,0,1,0,85.0,,voiture,,1,2,2,8,6
202400032503,2024-06-22 09:00:00,2024,6,22,9,0,01,01304,intersection D1075/D984,46.04911,5.335767,Plein jour,En agglomération,Intersection en X,Temps couvert,Autre collision,3,2,2,0,1,1,1,0,1,-1,1,2,1,0,1,0,85.0,,voiture,,1,2,2,8,6
202400032504,2024-06-23 18:30:00,2024,6,23,18,30,01,01216,D19,45.740385,5.513311,Plein jour,Hors agglomération,Hors intersection,Normale,Autre collision,3,2,2,0,2,1,1,0,3,80,1,1,0,1,0,0,41.0,,voiture,,1,1,1,1,6
202400032505,2024-06-22 20:45:00,2024,6,22,20,45,01,01227,D992,45.7611,5.715146,Plein jour,Hors agglomération,Hors intersection,Pluie légère,Autre collision,3,2,2,0,1,1,2,0,3,80,1,1,0,0,1,0,50.0,,deux_roues,,1,1,1,2,6
202400032506,2024-06-23 12:45:00,2024,6,23,12,45,45,45118,Rue de Montigny,48.086465,2.070107,Plein jour,Hors agglomération,Hors intersection,Normale,Deux véhicules - côté,4,2,2,0,1,1,1,0,1,80,2,2,0,0,1,1,67.0,21.0,deux_roues,deux_roues,1,1,1,1,3
202400032507,2024-06-23 00:01:00,2024,6,23,0,1,45,45030,D9 PR 29 + 18,48.062124,2.416279,Nuit avec éclairage allumé,En agglomération,Hors intersection,Pluie légère,Autre collision,3,2,2,0,1,2,2,0,3,50,1,1,0,0,1,0,20.0,,voiture,,5,2,1,2,6
202400032508,2024-06-21 16:45:00,2024,6,21,16,45,64,64313,RD8,43.276268,-1.107473,Plein jour,Hors agglomération,Intersection en T,Normale,Deux véhicules - frontale,3,2,2,0,2,1,1,5,1,80,2,2,1,0,0,1,74.0,20.0,voiture,deux_roues,1,1,3,1,1
202400032508,2024-06-21 16:45:00,2024,6,21,16,45,64,64313,RD8,43.276268,-1.107473,Plein jour,Hors agglomération,Intersection en T,Normale,Deux véhicules - frontale,3,2, -1,-1,1,1,1,0,1,-1,2,2,1,0,0,1,74.0,20.0,voiture,deux_roues,1,1,3,1,1
202400032509,2024-06-22 00:35:00,2024,6,22,0,35,24,24587,D46,44.847837,1.214268,Nuit sans éclairage public,Hors agglomération,Hors intersection,Normale,Autre collision,3,2,2,0,1,2,2,0,1,90,1,1,0,0,1,0,53.0,,deux_roues,,3,1,1,1,6
202400032510,2024-06-23 05:00:00,2024,6,23,5,0,85,85200,RD45,46.520611,-1.505009,Nuit sans éclairage public,Hors agglomération,Hors intersection,Normale,Autre collision,3,2,2,0,2,1,1,0,3,80,1,1,0,1,0,0,19.0,,voiture,,3,1,1,1,6
202400032511,2024-06-22 07:15:00,2024,6,22,7,15,85,85022,la sarazinière,46.461201,-1.455788,Crépuscule ou aube,Hors agglomération,Hors intersection,Pluie légère,Sans collision,3,1,2,0,1,2,2,0,1,80,1,4,0,0,1,3,22.0,,voiture,,2,1,1,2,7
202400032512,2024-06-23 01:50:00,2024,6,23,1,50,85,85051,RD949B,46.68449,-1.036017,Nuit sans éclairage public,En agglomération,Giratoire,Normale,Sans collision,3,2,1,0,1,1,1,5,1,50,1,2,0,1,0,1,33.0,,voiture,,3,2,6,1,7
202400032513,2024-06-22 15:55:00,2024,6,22,15,55,27,27425,Rue des Etangs,49.151461,0.720345,Plein jour,En agglomération,Hors intersection,Normale,Deux véhicules - frontale,4,2,2,0,1,2,1,0,1,50,2,3,1,0,2,0,36.0,20.0,voiture,voiture,1,2,1,1,1
202400032514,2024-06-23 10:40:00,2024,6,23,10,40,87,87105,D15 - MOULIN NEUF - PK16.500 vers CHATEAUNEUF-LA-FORET,45.723671,1.608464,Plein jour,Hors agglomération,Hors intersection,Normale,Autre collision,3,2,2,0,2,2,1,0,3,80,1,1,0,0,1,0,50.0,,deux_roues,,1,1,1,1,6
202400032515,2024-06-21 10:30:00,2024,6,21,10,30,30,30065,,43.986886,4.060113,Plein jour,Hors agglomération,Intersection en X,Normale,Deux véhicules - côté,3,2,2,0,1,1,1,0,1,80,2,3,1,0,1,1,34.0,34.0,utilitaire_camion,voiture,1,1,2,1,3
202400032515,2024-06-21 10:30:00,2024,6,21,10,30,30,30065,,43.986886,4.060113,Plein jour,Hors agglomération,Intersection en X,Normale,Deux véhicules - côté,3,2,2,0,1,1,1,0,1,80,2,3,1,0,1,1,34.0,34.0,utilitaire_camion,voiture,1,1,2,1,3
202400032516,2024-06-23 06:45:00,2024,6,23,6,45,30,30274,Montee des Rosiers,44.177784,4.11828,Crépuscule ou aube,En agglomération,Hors intersection,Normale,Sans collision,3,2,2,0,4,1,1,0,1,50,1,2,1,0,1,0,,,autre,,2,2,1,1,7
202400032517,2024-05-18 07:10:00,2024,5,18,7,10,31,31555,A62,43.649024,1.434254,Crépuscule ou aube,Hors agglomération,Hors intersection,Pluie légère,Autre collision,1,3,3,0,1,1,2,0,1,90,1,1,0,0,1,0,35.0,,voiture,,2,1,1,2,6
202400032518,2024-06-22 21:05:00,2024,6,22,21,5,04,04242,A51,43.856239,5.861077,Plein jour,Hors agglomération,Hors intersection,Normale,Autre collision,1,3,2,0,1,1,1,0,2,130,1,1,0,0,1,0,33.0,,deux_roues,,1,1,1,1,6
202400032519,2024-06-23 17:20:00,2024,6,23,17,20,38,38062,A41,45.399056,5.992636,Plein jour,Hors agglomération,Hors intersection,Normale,Sans collision,1,3,2,0,1,1,1,0,1,130,1,1,0,0,0,1,36.0,,deux_roues,,1,1,1,1,7
202400032520,2024-06-23 12:30:00,2024,6,23,12,30,69,69027,Rue Paul Bovier-Lapierre,45.670489,4.76105,Plein jour,En agglomération,Intersection en T,Normale,Deux véhicules - côté,4,2,2,0,1,1,1,0,1,-1,2,2,1,0,0,1,88.0,21.0,voiture,deux_roues,1,2,3,1,3
202400032520,2024-06-23 12:30:00,2024,6,23,12,30,69,69027,Rue Paul Bovier-Lapierre,45.670489,4.76105,Plein jour,En agglomération,Intersection en T,Normale,Deux véhicules - côté,4,2,2,0,1,1,1,0,1,50,2,2,1,0,0,1,88.0,21.0,voiture,deux_roues,1,2,3,1,3
202400032521,2024-06-22 17:50:00,2024,6,22,17,50,971,97128,ROUTE DE BOISVIN A BRAGELONE - SURGY,16.259911,-61.342651,Plein jour,Hors agglomération,Hors intersection,Normale,Deux véhicules - frontale,3,2,2,0,2,1,1,0,1,70,2,2,0,1,0,1,71.0,32.0,voiture,utilitaire_camion,1,1,1,1,1
202400032522,2024-06-16 12:34:00,2024,6,16,12,34,971,97111,La Coque,16.281915,-61.803578,Plein jour,Hors agglomération,Hors intersection,Normale,Deux véhicules - côté,2,2,2,0,4,3,1,0,1,80,2,3,2,0,0,1,58.0,66.0,voiture,voiture,1,1,1,1,3
202400032523,2024-06-22 18:10:00,2024,6,22,18,10,77,77315,Avenue du Marechal Foch,48.889722,2.827923,Plein jour,En agglomération,Intersection en T,Normale,Deux véhicules - côté,3,2,2,0,1,1,1,0,1,50,2,2,1,0,1,0,19.0,44.0,deux_roues,voiture,1,2,3,1,3
202400032523,2024-06-22 18:10:00,2024,6,22,18,10,77,77315,Avenue du Marechal Foch,48.889722,2.827923,Plein jour,En agglomération,Intersection en T,Normale,Deux véhicules - côté,3,2,2,0,1,1,1,0,8,50,2,2,1,0,1,0,19.0,44.0,deux_roues,voiture,1,2,3,1,3
202400032524,2024-06-23 12:45:00,2024,6,23,12,45,91,91482,route départementale 24,48.648222,2.043162,Plein jour,Hors agglomération,Autre intersection,Normale,Deux véhicules - côté,3,2,2,0,1,1,1,0,1,90,2,2,1,0,1,0,53.0,31.0,deux_roues,voiture,1,1,9,1,3
202400032525,2024-06-22 02:30:00,2024,6,22,2,30,2B,2B148,T11,42.528527,9.455012,Nuit sans éclairage public,Hors agglomération,Hors intersection,Normale,Deux véhicules - arrière,2,3,2,0,1,1,1,0,1,110,2,2,1,0,0,1,17.0,51.0,deux_roues,voiture,3,1,1,1,2
202400032526,2024-06-18 17:00:00,2024,6,18,17,0,34,34299,D37e11,43.27387,3.32499,Plein jour,Hors agglomération,Hors intersection,Temps éblouissant,Deux véhicules - arrière,3,2,2,0,1,1,1,0,1,90,2,2,1,0,1,0,56.0,58.0,deux_roues,voiture,1,1,1,7,2
202400032527,2024-06-22 15:45:00,2024,6,22,15,45,73,73187,D213,45.458642,6.397594,Plein jour,Hors agglomération,Hors intersection,Normale,Deux véhicules - arrière,3,2,2,0,2,3,1,0,1,80,2,3,2,0,1,0,79.0,57.0,voiture,voiture,1,1,1,1,2
202400032528,2024-06-22 16:15:00,2024,6,22,16,15,38,38565,Route de l?Isere,45.290147,5.624367,Plein jour,En agglomération,Hors intersection,Normale,Deux véhicules - côté,3,2,2,0,2,1,1,0,1,70,2,3,1,0,0,2,66.0,31.0,voiture,voiture,1,2,1,1,3
202400032529,2024-06-22 14:40:00,2024,6,22,14,40,01,01301,Route de Bourg-en-bresse,46.24809,5.136613,Plein jour,En agglomération,Intersection en T,Normale,Deux véhicules - côté,3,2,2,0,1,1,1,0,1,50,2,3,1,0,0,2,26.0,35.0,voiture,voiture,1,2,3,1,3
202400032529,2024-06-22 14:40:00,2024,6,22,14,40,01,01301,Route de Bourg-en-bresse,46.24809,5.136613,Plein jour,En agglomération,Intersection en T,Normale,Deux véhicules - côté,3,2,2,0,1,1,1,0,1,50,2,3,1,0,0,2,26.0,35.0,voiture,voiture,1,2,3,1,3
202400032530,2024-06-22 10:45:00,2024,6,22,10,45,17,17452,cd 25 intersection rue de la garde,45.775508,-1.164411,Plein jour,Hors agglomération,Intersection en X,Normale,Trois véhicules et plus - collisions multiples,3,2,2,0,1,1,1,5,1,90,3,3,2,0,1,0,64.0,23.0,voiture,voiture,1,1,2,1,5
202400032530,2024-06-22 10:45:00,2024,6,22,10,45,17,17452,cd 25 intersection rue de la garde,45.775508,-1.164411,Plein jour,Hors agglomération,Intersection en X,Normale,Trois véhicules et plus - collisions multiples,3,2,2,0,1,1,1,5,1,50,3,3,2,0,1,0,64.0,23.0,voiture,voiture,1,1,2,1,5
202400032531,2024-06-23 16:30:00,2024,6,23,16,30,86,86237,22 Rue Norbert Portejoie,46.149324,0.283359,Plein jour,En agglomération,Hors intersection,Normale,Autre collision,3,2,2,0,1,1,1,0,4,50,1,1,0,1,0,0,79.0,,voiture,,1,2,1,1,6
202400032532,2024-06-23 08:00:00,2024,6,23,8,0,53,53099,Route de Bazougers,48.033169,-0.70438,Plein jour,En agglomération,Intersection en T,Normale,Sans collision,3,2,2,0,3,1,1,0,1,50,1,1,0,0,1,0,50.0,,deux_roues,,1,2,3,1,7
202400032532,2024-06-23 08:00:00,2024,6,23,8,0,53,53099,Route de Bazougers,48.033169,-0.70438,Plein jour,En agglomération,Intersection en T,Normale,Sans collision,3,-1,2,0,1,1,1,0,8,50,1,1,0,0,1,0,50.0,,deux_roues,,1,2,3,1,7
202400032533,2024-06-22 15:20:00,2024,6,22,15,20,50,50025,Rue du Chaussay,48.671457,-1.32589,Plein jour,En agglomération,Giratoire,Normale,Deux véhicules - côté,3,2,2,0,1,1,1,5,1,50,2,3,2,0,0,1,76.0,23.0,voiture,deux_roues,1,2,6,1,3
202400032533,2024-06-22 15:20:00,2024,6,22,15,20,50,50025,Rue du Chaussay,48.671457,-1.32589,Plein jour,En agglomération,Giratoire,Normale,Deux véhicules - côté,3,4,2,0,1,2,1,5,1,50,2,3,2,0,0,1,76.0,23.0,voiture,deux_roues,1,2,6,1,3
202400032534,2024-06-23 18:00:00,2024,6,23,18,0,29,29001,D887,48.22423607,-4.30473461,Plein jour,Hors agglomération,Hors intersection,Pluie légère,Deux véhicules - côté,3,2,2,0,1,1,2,0,1,80,2,3,1,0,2,0,59.0,82.0,voiture,voiture,1,1,1,2,3
202400032535,2024-06-23 01:30:00,2024,6,23,1,30,59,59289,Route de Valenciennes,50.223268,3.502579,Nuit sans éclairage public,Hors agglomération,Hors intersection,Normale,Deux véhicules - arrière,3,2,2,0,1,1,1,0,1,80,2,3,0,0,2,1,15.0,40.0,deux_roues,voiture,3,1,1,1,2
202400032536,2024-06-21 18:00:00,2024,6,21,18,0,13,13001,A51-Sens Marseille vers Aix en Provence,43.52389,5.42696,Plein jour,Hors agglomération,Hors intersection,Normale,Deux véhicules - côté,1,1,2,0,1,1,1,0,1,90,2,2,1,0,0,1,42.0,22.0,deux_roues,voiture,1,1,1,1,3
202400032537,2024-06-22 06:10:00,2024,6,22,6,10,13,13026,A55-Sens Marseille vers Martigues,43.37614702,5.17429736,Plein jour,Hors agglomération,Hors intersection,Normale,Deux véhicules - arrière,1,1,2,0,2,1,1,0,1,110,2,2,0,0,0,2,25.0,45.0,voiture,voiture,1,1,1,1,2
202400032538,2024-06-22 01:00:00,2024,6,22,1,0,13,13043,A55-Sens Martigues vers Marseille,43.39125,5.26537,Nuit sans éclairage public,Hors agglomération,Hors intersection,Normale,Deux véhicules - arrière,1,1,2,0,1,1,1,0,1,110,2,2,1,0,1,0,39.0,54.0,voiture,voiture,3,1,1,1,2
202400032539,2024-06-22 07:45:00,2024,6,22,7,45,33,33013,,44.868197,-0.504266,Plein jour,Hors agglomération,Hors intersection,Pluie légère,Deux véhicules - frontale,2,3,6,0,2,1,2,3,1,90,2,2,1,0,0,1,29.0,50.0,deux_roues,voiture,1,1,1,2,1
202400032540,2024-06-22 15:10:00,2024,6,22,15,10,91,91174,RN 104,48.61036,2.44431,Plein jour,Hors agglomération,Hors intersection,Normale,Deux véhicules - arrière,2,3,2,0,1,1,1,0,1,90,2,2,1,0,0,1,32.0,49.0,voiture,voiture,1,1,1,1,2
202400032541,2024-06-21 14:33:00,2024,6,21,14,33,78,78466,A14,48.925514,1.997778,Plein jour,Hors agglomération,Hors intersection,Normale,Deux véhicules - côté,1,1,2,0,2,1,1,0,1,110,2,2,1,0,0,1,41.0,34.0,voiture,utilitaire_camion,1,1,1,1,3
202400032542,2024-06-21 19:45:00,2024,6,21,19,45,78,78217,A13,48.965117,1.818881,Plein jour,Hors agglomération,Hors intersection,Normale,Deux véhicules - arrière,1,1,3,0,1,1,1,0,2,130,2,4,1,0,0,3,63.0,36.0,voiture,voiture,1,1,1,1,2
202400032543,2024-06-21 16:55:00,2024,6,21,16,55,93,93010,A3,48.90632258,2.47239637,Plein jour,Hors agglomération,Hors intersection,Temps couvert,Deux véhicules - arrière,1,3,6,0,1,1,2,0,1,90,2,2,1,0,0,1,36.0,58.0,voiture,voiture,1,1,1,8,2
202400032544,2024-04-22 13:50:00,2024,4,22,13,50,45,45232,1444 Rue du Général de Gaulle,47.86698,1.8824,Plein jour,En agglomération,Hors intersection,Normale,Deux véhicules - arrière,4,2,2,0,1,1,1,0,1,50,2,2,1,1,0,0,22.0,82.0,voiture,deux_roues,1,2,1,1,2
202400032545,2024-06-21 08:10:00,2024,6,21,8,10,974,97411,JAURES (BOULEVARD JEAN),-20.89003,55.4632,Plein jour,En agglomération,Autre intersection,Normale,Sans collision,2,1,1,1,1,1,1,9,4,30,1,1,0,0,1,0,24.0,,deux_roues,,1,2,9,1,7
202400032546,2024-06-20 14:20:00,2024,6,20,14,20,974,97407,ROMERO(AVENUE),-20.94,55.29,Plein jour,En agglomération,Autre intersection,Normale,Deux véhicules - côté,4,-1,2,0,1,1,1,0,1,50,2,2,1,0,0,1,50.0,20.0,deux_roues,voiture,1,2,9,1,3
202400032546,2024-06-20 14:20:00,2024,6,20,14,20,974,97407,ROMERO(AVENUE),-20.94,55.29,Plein jour,En agglomération,Autre intersection,Normale,Deux véhicules - côté,4,-1,2,0,1,1,1,0,1,50,2,2,1,0,0,1,50.0,20.0,deux_roues,voiture,1,2,9,1,3
202400032547,2024-06-21 12:26:00,2024,6,21,12,26,973,97302,ROUTE NATIONALE 3,4.90379,-52.31641,Plein jour,Hors agglomération,Hors intersection,Temps couvert,Sans collision,3,2,2,0,1,1,3,0,3,50,1,1,0,0,0,1,37.0,,deux_roues,,1,1,1,8,7
202400032548,2024-06-20 21:40:00,2024,6,20,21,40,973,97302,LUBIN (SAMUEL),4.94266,-52.32417,Nuit avec éclairage allumé,En agglomération,Intersection en X,Pluie légère,Deux véhicules - côté,4,2,2,0,1,1,2,0,1,50,2,3,2,0,0,1,23.0,31.0,voiture,voiture,5,2,2,2,3
202400032548,2024-06-20 21:40:00,2024,6,20,21,40,973,97302,LUBIN (SAMUEL),4.94266,-52.32417,Nuit avec éclairage allumé,En agglomération,Intersection en X,Pluie légère,Deux véhicules - côté,4,2,2,0,1,1,2,0,1,50,2,3,2,0,0,1,23.0,31.0,voiture,voiture,5,2,2,2,3
202400032549,2024-06-21 08:30:00,2024,6,21,8,30,69,69383,Cours Lafayette,45.76355,4.84601,Plein jour,En agglomération,Intersection en X,Pluie forte,Deux véhicules - côté,4,1,1,2,1,1,2,0,1,30,2,3,2,0,0,1,46.0,41.0,deux_roues,utilitaire_camion,1,2,2,3,3
202400032549,2024-06-21 08:30:00,2024,6,21,8,30,69,69383,Cours Lafayette,45.76355,4.84601,Plein jour,En agglomération,Intersection en X,Pluie forte,Deux véhicules - côté,4,1,1,2,1,1,2,0,1,30,2,3,2,0,0,1,46.0,41.0,deux_roues,utilitaire_camion,1,2,2,3,3
202400032550,2024-06-21 19:15:00,2024,6,21,19,15,69,69381,Rue de la Martinière,45.76822267,4.82928566,Plein jour,En agglomération,Hors intersection,Normale,Deux véhicules - arrière,4,1,1,2,1,1,1,0,5,30,2,2,1,0,0,1,50.0,,deux_roues,deux_roues,1,2,1,1,2
202400032551,2024-06-21 20:00:00,2024,6,21,20,0,69,69389,90 Rue de Saint-Cyr,45.78599,4.80805,Plein jour,En agglomération,Hors intersection,Temps couvert,Deux véhicules - arrière,4,2,2,3,1,1,1,0,5,30,2,2,1,0,0,1,20.0,27.0,voiture,deux_roues,1,2,1,8,2
202400032552,2024-06-20 20:55:00,2024,6,20,20,55,2B,2B120,LAGUNE (Route de la) D107,42.64864,9.45319,Crépuscule ou aube,Hors agglomération,Hors intersection,Normale,Trois véhicules et plus - en chaîne,3,2,2,0,1,1,1,0,1,70,4,8,6,0,0,2,19.0,18.0,voiture,voiture,2,1,1,1,4
202400032553,2024-06-21 07:20:00,2024,6,21,7,20,971,97105,COURS NOLIVOS ( RUE DU),15.99656619,-61.7316547,Plein jour,En agglomération,Intersection en X,Normale,Deux véhicules - côté,4,1,1,0,1,2,1,0,1,30,2,2,1,0,0,1,65.0,63.0,voiture,voiture,1,2,2,1,3
202400032553,2024-06-21 07:20:00,2024,6,21,7,20,971,97105,COURS NOLIVOS ( RUE DU),15.99656619,-61.7316547,Plein jour,En agglomération,Intersection en X,Normale,Deux véhicules - côté,4,1,1,0,1,2,1,0,1,30,2,2,1,0,0,1,65.0,63.0,voiture,voiture,1,2,2,1,3
202400032554,2024-06-21 10:27:00,2024,6,21,10,27,91,91339,RTE D ORLEANS,48.63524,2.26609,Plein jour,En agglomération,Intersection en T,Pluie forte,Trois véhicules et plus - en chaîne,3,3,2,0,1,1,2,5,1,50,3,3,1,0,0,2,33.0,58.0,utilitaire_camion,utilitaire_camion,1,2,3,3,4
202400032554,2024-06-21 10:27:00,2024,6,21,10,27,91,91339,RTE D ORLEANS,48.63524,2.26609,Plein jour,En agglomération,Intersection en T,Pluie forte,Trois véhicules et plus - en chaîne,3,3,4,0,2,1,2,5,1,50,3,3,1,0,0,2,33.0,58.0,utilitaire_camion,utilitaire_camion,1,2,3,3,4
202400032555,2024-06-21 18:25:00,2024,6,21,18,25,91,91191,REMONTERU (RUE),48.72054,2.45804,Plein jour,En agglomération,Hors intersection,Normale,Deux véhicules - côté,4,2,2,0,2,1,1,0,1,30,2,2,1,0,1,0,22.0,36.0,deux_roues,utilitaire_camion,1,2,1,1,3
202400032556,2024-06-21 13:00:00,2024,6,21,13,0,91,91421,NATIONALE 6 (REVEIL MATIN),48.71183,2.44211,Plein jour,Hors agglomération,Autre intersection,Pluie légère,Deux véhicules - arrière,2,3,0,0,2,3,2,0,1,90,2,4,3,0,0,1,37.0,25.0,utilitaire_camion,voiture,1,1,9,2,2
202400032557,2024-06-21 22:30:00,2024,6,21,22,30,91,91027,AV MARCEL SEMBAT,48.7087,2.383,Crépuscule ou aube,En agglomération,Giratoire,Normale,Autre collision,4,2,2,0,1,1,1,0,1,50,1,2,1,0,0,1,25.0,,voiture,,2,2,6,1,6
202400032558,2024-06-21 12:40:00,2024,6,21,12,40,91,91174,BD JEAN JAURES,48.61131,2.46103,Plein jour,En agglomération,Hors intersection,Pluie forte,Deux véhicules - arrière,3,3,1,0,2,1,2,0,1,50,2,3,2,0,0,1,37.0,21.0,utilitaire_camion,voiture,1,2,1,3,2
202400032559,2024-06-21 22:05:00,2024,6,21,22,5,89,89387,BARBIER (ROND POINT),48.20529,3.27754,Nuit avec éclairage allumé,En agglomération,Autre intersection,Temps couvert,Autre collision,4,1,2,1,1,3,2,0,5,50,2,2,1,0,0,1,20.0,,deux_roues,voiture,5,2,9,8,6
202400032560,2024-11-09 15:50:00,2024,11,9,15,50,94,94017,Voie Sonia Delaunay,48.81262946,2.53186208,Plein jour,En agglomération,Hors intersection,Normale,Autre collision,3,2,2,0,1,1,1,0,1,50,1,2,1,0,0,1,49.0,,deux_roues,,1,2,1,1,6
202400032561,2024-06-20 12:25:00,2024,6,20,12,25,87,87085,CHENIEUX (RUE FRANCOIS),45.83694,1.2574,Plein jour,En agglomération,Hors intersection,Normale,Autre collision,4,2,2,0,1,1,1,0,1,50,1,2,1,0,0,1,,,utilitaire_camion,,1,2,1,1,6
202400032562,2024-11-09 02:45:00,2024,11,9,2,45,77,77291,CHAPIT RE ( RUE DU),49.00498392,2.59222984,Nuit avec éclairage allumé,En agglomération,Hors intersection,Pluie légère,Sans collision,4,2,2,0,4,1,9,2,1,50,1,1,0,0,0,1,41.0,,voiture,,5,2,1,2,7
202400032563,2024-11-09 01:20:00,2024,11,9,1,20,93,93013,LINDBERGH (CARREFOUR),48.94320427,2.43275428,Nuit sans éclairage public,En agglomération,Giratoire,Normale,Autre collision,4,-1,1,0,1,1,1,9,1,50,1,2,1,0,0,1,20.0,,voiture,,3,2,6,1,6
202400032564,2024-06-21 18:36:00,2024,6,21,18,36,84,84035,DIX NEUF MARS 1962 (RUE DU),43.84182,5.03995,Plein jour,En agglomération,Intersection en T,Normale,Autre collision,4,2,2,0,1,1,1,0,4,30,1,2,1,1,0,0,23.0,,voiture,,1,2,3,1,6
202400032564,2024-06-21 18:36:00,2024,6,21,18,36,84,84035,DIX NEUF MARS 1962 (RUE DU),43.84182,5.03995,Plein jour,En agglomération,Intersection en T,Normale,Autre collision,4,2,2,0,1,1,1,0,4,30,1,2,1,1,0,0,23.0,,voiture,,1,2,3,1,6