accident_id,datetime,annee,mois,jour,heure,minute,departement,commune_insee,adresse,latitude,longitude,luminosite,agglomeration,intersection,meteo,collision,catr,circ,nbv,vosp,prof,plan,surf,infra,situ,vma,nb_vehicules,nb_usagers,nb_indemnes,nb_tues,nb_blesses_hosp,nb_blesses_legers,age_cond_1,age_cond_2,veh_type_cond_1,veh_type_cond_2,lum_code,agg_code,int_code,atm_code,col_code
202400032914,2024-12-13 17:15:00,2024,12,13,17,15,64,64445,HENRI FAISANS,43.30097,-0.35966,Crépuscule ou aube,En agglomération,Hors intersection,Normale,Deux véhicules - côté,4,2,2,0,1,1,1,0,1,50,2,3,2,0,0,1,72.0,26.0,voiture,deux_roues,2,2,1,1,3
202400032915,2024-11-08 13:35:00,2024,11,8,13,35,43,43002,Boulevard Docteur André Chantemesse,45.05045,3.87577,Plein jour,En agglomération,Intersection en X,Normale,Deux véhicules - côté,3,2,2,0,2,1,1,0,1,50,2,2,1,0,0,1,77.0,19.0,voiture,deux_roues,1,2,2,1,3
202400032915,2024-11-08 13:35:00,2024,11,8,13,35,43,43002,Boulevard Docteur André Chantemesse,45.05045,3.87577,Plein jour,En agglomération,Intersection en X,Normale,Deux véhicules - côté,3,2,2,0,4,2,1,0,1,50,2,2,1,0,0,1,77.0,19.0,voiture,deux_roues,1,2,2,1,3
202400032916,2024-12-14 17:00:00,2024,12,14,17,0,62,62193,Quai de la Tamise,50.95476007,1.85229081,Nuit avec éclairage allumé,En agglomération,Intersection en T,Normale,Deux véhicules - frontale,4,2,0,0,1,1,1,5,1,30,2,3,2,0,1,0,27.0,29.0,deux_roues,voiture,5,2,3,1,1
202400032916,2024-12-14 17:00:00,2024,12,14,17,0,62,62193,Quai de la Tamise,50.95476007,1.85229081,Nuit avec éclairage allumé,En agglomération,Intersection en T,Normale,Deux véhicules - frontale,4,2,1,0,1,1,1,0,1,30,2,3,2,0,1,0,27.0,29.0,deux_roues,voiture,5,2,3,1,1
202400032917,2024-11-06 18:45:00,2024,11,6,18,45,40,40281,MONT-ALMA (BD DE),43.87098,-0.50119,Nuit avec éclairage allumé,En agglomération,Hors intersection,Normale,Deux véhicules - côté,4,2,2,0,1,1,1,0,1,70,2,3,1,0,2,0,67.0,37.0,voiture,utilitaire_camion,5,2,1,1,3
202400032918,2024-12-14 18:59:00,2024,12,14,18,59,54,54304,Avenue de l'Europe,48.67953413,6.14622027,Nuit avec éclairage allumé,En agglomération,Intersection en T,Neige / grêle,Autre collision,4,2,2,0,1,1,2,0,1,30,1,2,1,0,0,1,40.0,,voiture,,5,2,3,4,6
202400032918,2024-12-14 18:59:00,2024,12,14,18,59,54,54304,Avenue de l'Europe,48.67953413,6.14622027,Nuit avec éclairage allumé,En agglomération,Intersection en T,Neige / grêle,Autre collision,4,2,2,0,1,1,2,0,1,30,1,2,1,0,0,1,40.0,,voiture,,5,2,3,4,6
202400032919,2024-12-14 13:30:00,2024,12,14,13,30,51,51454,BONAPARTE (AVENUE DU GENERAL),49.22992,4.00748,Plein jour,En agglomération,Autre intersection,Normale,Sans collision,4,2,2,0,1,1,1,4,1,50,1,1,0,0,0,1,59.0,,deux_roues,,1,2,9,1,7
202400032920,2024-11-08 15:20:00,2024,11,8,15,20,38,38053,Route de Lyon - La Grive,45.59661,5.23329,Plein jour,En agglomération,Hors intersection,Normale,Deux véhicules - frontale,3,2,3,0,1,1,1,0,1,50,2,3,1,0,0,2,28.0,38.0,voiture,deux_roues,1,2,1,1,1
202400032921,2024-12-14 12:19:00,2024,12,14,12,19,51,51454,COURLANCY (RUE DE),49.24263,4.02321,Plein jour,En agglomération,Hors intersection,Normale,Autre collision,4,2,2,0,1,1,1,0,1,30,1,2,1,0,1,0,75.0,,voiture,,1,2,1,1,6
202400032922,2024-11-07 23:15:00,2024,11,7,23,15,37,37214,DE GAULLE (AVENUE DU GENERAL),47.41891607,0.66407561,Nuit avec éclairage allumé,En agglomération,Hors intersection,Normale,Deux véhicules - arrière,4,-1,2,0,4,1,1,0,1,50,2,2,0,0,2,0,36.0,23.0,voiture,voiture,5,2,1,1,2
202400032923,2024-12-14 02:58:00,2024,12,14,2,58,51,51454,CHAMPAGNE  (  AVENUE),49.23405,4.03972,Nuit avec éclairage allumé,En agglomération,Intersection en Y,Normale,Deux véhicules - côté,4,2,6,1,1,1,1,0,1,70,2,3,0,0,1,2,45.0,27.0,deux_roues,voiture,5,2,4,1,3
202400032923,2024-12-14 02:58:00,2024,12,14,2,58,51,51454,CHAMPAGNE  (  AVENUE),49.23405,4.03972,Nuit avec éclairage allumé,En agglomération,Intersection en Y,Normale,Deux véhicules - côté,4,2,4,0,1,1,1,0,1,70,2,3,0,0,1,2,45.0,27.0,deux_roues,voiture,5,2,4,1,3
202400032924,2024-11-08 08:16:00,2024,11,8,8,16,36,36044,Rue Pierre Gaultier,46.80635,1.69247,Plein jour,En agglomération,Hors intersection,Normale,Autre collision,4,1,1,0,1,1,1,0,1,50,1,2,1,0,0,1,34.0,,voiture,,1,2,1,1,6
202400032925,2024-12-14 18:22:00,2024,12,14,18,22,49,49007,CARNOT,47.47539,-0.54864,Nuit avec éclairage allumé,En agglomération,Intersection en X,Normale,Deux véhicules - côté,4,2,6,3,1,1,2,5,1,50,2,2,1,0,0,1,57.0,,deux_roues,utilitaire_camion,5,2,2,1,3
202400032925,2024-12-14 18:22:00,2024,12,14,18,22,49,49007,CARNOT,47.47539,-0.54864,Nuit avec éclairage allumé,En agglomération,Intersection en X,Normale,Deux véhicules - côté,4,2,6,3,1,1,2,5,1,50,2,2,1,0,0,1,57.0,,deux_roues,utilitaire_camion,5,2,2,1,3
202400032925,2024-12-14 18:22:00,2024,12,14,18,22,49,49007,CARNOT,47.47539,-0.54864,Nuit avec éclairage allumé,En agglomération,Intersection en X,Normale,Deux véhicules - côté,4,2,2,2,1,1,2,0,1,50,2,2,1,0,0,1,57.0,,deux_roues,utilitaire_camion,5,2,2,1,3
202400032926,2024-11-07 18:30:00,2024,11,7,18,30,36,36063,,46.84023047,1.71279967,Crépuscule ou aube,Hors agglomération,Hors intersection,Normale,Trois véhicules et plus - collisions multiples,2,3,2,0,1,1,1,0,1,80,3,4,3,0,0,1,53.0,39.0,voiture,voiture,2,1,1,1,5
202400032927,2024-11-08 10:00:00,2024,11,8,10,0,35,35238,Boulevard de Chézy,48.12017,-1.68286,Plein jour,En agglomération,Hors intersection,Normale,Autre collision,4,1,1,1,1,1,1,0,4,30,1,2,1,0,1,0,28.0,,deux_roues,,1,2,1,1,6
202400032928,2024-12-14 10:15:00,2024,12,14,10,15,45,45234,45 Route d'Olivet,47.88268,1.90382,Plein jour,En agglomération,Intersection en X,Normale,Deux véhicules - côté,4,2,2,0,1,1,1,5,1,50,2,2,1,0,0,1,66.0,16.0,voiture,deux_roues,1,2,2,1,3
202400032928,2024-12-14 10:15:00,2024,12,14,10,15,45,45234,45 Route d'Olivet,47.88268,1.90382,Plein jour,En agglomération,Intersection en X,Normale,Deux véhicules - côté,4,2,2,2,1,1,1,5,1,50,2,2,1,0,0,1,66.0,16.0,voiture,deux_roues,1,2,2,1,3
202400032929,2024-11-08 18:25:00,2024,11,8,18,25,34,34172,D132,43.5757,3.87022,Nuit avec éclairage allumé,En agglomération,Hors intersection,Normale,Deux véhicules - frontale,7,2,2,0,1,1,1,0,1,50,2,2,1,0,0,1,24.0,65.0,deux_roues,voiture,5,2,1,1,1
202400032930,2024-12-14 17:25:00,2024,12,14,17,25,44,44162,,47.24058154,-1.62327403,Nuit sans éclairage public,Hors agglomération,Hors intersection,Pluie légère,Trois véhicules et plus - en chaîne,2,3,4,0,2,1,2,0,1,90,5,5,4,0,0,1,20.0,45.0,voiture,voiture,3,1,1,2,4
202400032931,2024-11-08 14:05:00,2024,11,8,14,5,34,34172,DOMITIENNE (VOIE),43.62334,3.86128,Plein jour,En agglomération,Hors intersection,Normale,Deux véhicules - côté,4,2,4,0,1,1,1,0,1,50,2,2,1,0,1,0,24.0,45.0,voiture,deux_roues,1,2,1,1,3
202400032932,2024-12-13 13:20:00,2024,12,13,13,20,43,43157,Avenue Marechal Foch,45.02946,3.88474,Plein jour,En agglomération,Hors intersection,Neige / grêle,Deux véhicules - côté,4,2,2,0,2,1,5,0,8,50,2,2,1,0,0,1,26.0,22.0,voiture,voiture,1,2,1,4,3
202400032933,2024-11-08 18:30:00,2024,11,8,18,30,33,33318,,44.79903,-0.61944,Plein jour,En agglomération,Intersection en T,Normale,Deux véhicules - arrière,4,3,2,1,1,2,1,6,1,30,2,2,1,0,0,1,21.0,35.0,voiture,utilitaire_camion,1,2,3,1,2
202400032933,2024-11-08 18:30:00,2024,11,8,18,30,33,33318,,44.79903,-0.61944,Plein jour,En agglomération,Intersection en T,Normale,Deux véhicules - arrière,4,2,2,0,1,1,1,0,8,30,2,2,1,0,0,1,21.0,35.0,voiture,utilitaire_camion,1,2,3,1,2
202400032934,2024-12-14 23:30:00,2024,12,14,23,30,42,42184,Boulevard Ouest,46.04317,4.04576,Nuit avec éclairage non allumé,En agglomération,Hors intersection,Pluie légère,Deux véhicules - côté,3,1,4,0,1,1,2,0,1,70,2,5,4,0,0,1,45.0,21.0,voiture,voiture,4,2,1,2,3
202400032935,2024-11-08 19:45:00,2024,11,8,19,45,30,30007,BOISSIER DE SAUVAGE (quai),44.12747,4.07813,Nuit avec éclairage allumé,En agglomération,Hors intersection,Normale,Sans collision,4,1,5,0,1,1,1,0,1,30,1,2,1,0,1,0,19.0,,voiture,,5,2,1,1,7
202400032936,2024-12-13 15:40:00,2024,12,13,15,40,38,38185,Rue Général Durand,45.18288633,5.73357314,Plein jour,En agglomération,Hors intersection,Normale,Deux véhicules - côté,4,1,0,1,1,1,1,0,5,50,2,2,1,0,0,1,19.0,42.0,deux_roues,voiture,1,2,1,1,3
202400032937,2024-12-15 00:30:00,2024,12,15,0,30,34,34172,LIBERTE (AVENUE DE LA,43.60897,3.85488,Nuit avec éclairage allumé,En agglomération,Hors intersection,Normale,Deux véhicules - arrière,4,2,2,0,1,1,1,0,1,50,2,2,1,0,0,1,61.0,46.0,utilitaire_camion,voiture,5,2,1,1,2
202400032938,2024-11-07 13:45:00,2024,11,7,13,45,27,27229,JANIN (BOULEVARD JULES),49.02623,1.158,Plein jour,En agglomération,Hors intersection,Normale,Deux véhicules - côté,4,2,0,0,2,1,1,0,1,50,2,2,1,0,0,1,23.0,53.0,voiture,deux_roues,1,2,1,1,3
202400032939,2024-11-08 10:50:00,2024,11,8,10,50,19,19031,DUPINET (RUE DES FRERES),45.14483082,1.53732678,Plein jour,En agglomération,Hors intersection,Normale,Autre collision,4,2,1,0,2,1,1,0,1,50,1,2,1,0,0,1,57.0,,utilitaire_camion,,1,2,1,1,6
202400032940,2024-12-15 00:25:00,2024,12,15,0,25,33,33069,,44.867948,-0.576034,Nuit avec éclairage allumé,En agglomération,Intersection en T,Pluie légère,Deux véhicules - côté,4,1,2,0,1,1,2,0,1,50,2,2,1,0,0,1,41.0,32.0,voiture,voiture,5,2,3,2,3
202400032940,2024-12-15 00:25:00,2024,12,15,0,25,33,33069,,44.867948,-0.576034,Nuit avec éclairage allumé,En agglomération,Intersection en T,Pluie légère,Deux véhicules - côté,4,1,1,0,1,1,2,0,8,50,2,2,1,0,0,1,41.0,32.0,voiture,voiture,5,2,3,2,3
202400032941,2024-11-08 08:30:00,2024,11,8,8,30,19,19031,TEINCHURIER (AVENUE DU),45.15481,1.48061,Plein jour,En agglomération,Intersection en X,Normale,Deux véhicules - côté,3,2, -1,-1,1,1,1,0,1,-1,2,2,1,0,0,1,28.0,16.0,voiture,deux_roues,1,2,2,1,3
202400032941,2024-11-08 08:30:00,2024,11,8,8,30,19,19031,TEINCHURIER (AVENUE DU),45.15481,1.48061,Plein jour,En agglomération,Intersection en X,Normale,Deux véhicules - côté,3,2,2,0,1,1,1,0,1,50,2,2,1,0,0,1,28.0,16.0,voiture,deux_roues,1,2,2,1,3
202400032942,2024-11-08 18:20:00,2024,11,8,18,20,17,17415,ALLENDE AVENUE DU PRESIDENT SALVADOR,45.73692,-0.64402,Nuit avec éclairage non allumé,En agglomération,Giratoire,Temps couvert,Sans collision,4,1,2,0,2,1,1,0,1,50,1,1,0,0,0,1,70.0,,voiture,,4,2,6,8,7
202400032943,2024-12-14 17:49:00,2024,12,14,17,49,33,33063,,44.83702,-0.55627,Nuit avec éclairage allumé,En agglomération,Intersection en T,Pluie légère,Deux véhicules - côté,4,3,4,3,1,1,2,5,1,50,2,2,1,0,1,0,26.0,22.0,voiture,deux_roues,5,2,3,2,3
202400032943,2024-12-14 17:49:00,2024,12,14,17,49,33,33063,,44.83702,-0.55627,Nuit avec éclairage allumé,En agglomération,Intersection en T,Pluie légère,Deux véhicules - côté,4,2,2,0,1,1,2,0,1,30,2,2,1,0,1,0,26.0,22.0,voiture,deux_roues,5,2,3,2,3
202400032944,2024-11-08 19:50:00,2024,11,8,19,50,14,14118,18 Rue d'Auge,49.17482,-0.35246,Nuit avec éclairage allumé,En agglomération,Intersection en T,Temps couvert,Deux véhicules - côté,4,2,2,1,1,1,1,5,5,50,2,2,1,0,0,1,54.0,42.0,voiture,deux_roues,5,2,3,8,3
202400032944,2024-11-08 19:50:00,2024,11,8,19,50,14,14118,18 Rue d'Auge,49.17482,-0.35246,Nuit avec éclairage allumé,En agglomération,Intersection en T,Temps couvert,Deux véhicules - côté,4,2,0,1,1,1,1,6,5,50,2,2,1,0,0,1,54.0,42.0,voiture,deux_roues,5,2,3,8,3
202400032945,2024-11-08 12:45:00,2024,11,8,12,45,13,13028,CD40B,43.19746001,5.59799518,Plein jour,En agglomération,Hors intersection,Normale,Deux véhicules - côté,3,2,0,0,2,1,1,0,1,60,2,4,3,0,0,1,55.0,36.0,voiture,deux_roues,1,2,1,1,3
202400032946,2024-12-13 16:30:00,2024,12,13,16,30,33,33249,,44.86592,-0.51298,Plein jour,En agglomération,Giratoire,Normale,Deux véhicules - côté,4,1,2,0,1,1,1,0,1,50,2,2,1,0,0,1,51.0,47.0,deux_roues,voiture,1,2,6,1,3
202400032946,2024-12-13 16:30:00,2024,12,13,16,30,33,33249,,44.86592,-0.51298,Plein jour,En agglomération,Giratoire,Normale,Deux véhicules - côté,4,2,7,0,1,1,1,5,1,50,2,2,1,0,0,1,51.0,47.0,deux_roues,voiture,1,2,6,1,3
202400032947,2024-12-13 16:00:00,2024,12,13,16,0,33,33318,,44.810871,-0.6331999,Plein jour,En agglomération,Hors intersection,Normale,Sans collision,4,3,2,2,1,1,1,0,1,50,1,1,0,1,0,0,54.0,,deux_roues,,1,2,1,1,7
202400032948,2024-11-08 19:00:00,2024,11,8,19,0,13,13001,RD9,43.50376,5.39561,Nuit sans éclairage public,En agglomération,Autre intersection,Pluie légère,Deux véhicules - arrière,3,1,2,0,1,1,2,0,1,90,2,5,2,0,0,3,84.0,45.0,voiture,voiture,3,2,9,2,2
202400032949,2024-11-08 12:25:00,2024,11,8,12,25,11,11069,,43.20921,2.30809,Plein jour,En agglomération,Hors intersection,Normale,Autre collision,4,-1,0,0,1,1,1,9,8,30,1,2,1,0,0,1,67.0,,utilitaire_camion,,1,2,1,1,6
202400032950,2024-12-13 08:20:00,2024,12,13,8,20,33,33063,,44.83487,-0.56335,Crépuscule ou aube,En agglomération,Intersection en X,Normale,Autre collision,4,1,3,0,1,1,1,0,1,50,2,2,1,0,1,0,58.0,63.0,voiture,deux_roues,2,2,2,1,6
202400032950,2024-12-13 08:20:00,2024,12,13,8,20,33,33063,,44.83487,-0.56335,Crépuscule ou aube,En agglomération,Intersection en X,Normale,Autre collision,4,1,1,0,1,1,1,0,1,50,2,2,1,0,1,0,58.0,63.0,voiture,deux_roues,2,2,2,1,6
202400032951,2024-11-08 10:03:00,2024,11,8,10,3,10,10387,PIERRE BROSSOLETTE (RUE),48.2903,4.0759,Plein jour,En agglomération,Hors intersection,Temps couvert,Sans collision,4,2,4,0,1,1,1,0,1,50,1,1,0,0,0,1,21.0,,deux_roues,,1,2,1,8,7
202400032952,2024-11-08 07:38:00,2024,11,8,7,38,10,10387,MISSION (RUE DE LA),48.28797,4.07445,Crépuscule ou aube,En agglomération,Intersection en X,Pluie légère,Deux véhicules - côté,4,2,2,0,1,1,2,0,1,50,2,4,3,0,0,1,18.0,23.0,voiture,deux_roues,2,2,2,2,3
202400032952,2024-11-08 07:38:00,2024,11,8,7,38,10,10387,MISSION (RUE DE LA),48.28797,4.07445,Crépuscule ou aube,En agglomération,Intersection en X,Pluie légère,Deux véhicules - côté,4,2,2,0,1,1,2,0,1,50,2,4,3,0,0,1,18.0,23.0,voiture,deux_roues,2,2,2,2,3
202400032953,2024-12-14 09:57:00,2024,12,14,9,57,31,31555,23 RANGUEIL  (PERIPH OUEST A620),43.57593,1.44202,Plein jour,Hors agglomération,Hors intersection,Pluie légère,Deux véhicules - côté,1,1,3,0,1,2,2,0,1,90,2,5,4,0,0,1,22.0,37.0,voiture,voiture,1,1,1,2,3
202400032954,2024-12-14 16:30:00,2024,12,14,16,30,29,29019,boulevard de Plymouth,48.3879,-4.52644,Plein jour,En agglomération,Hors intersection,Normale,Autre collision,4,-1,4,0,1,1,1,9,1,20,1,2,1,0,0,1,76.0,,voiture,,1,2,1,1,6
202400032955,2024-11-08 08:50:00,2024,11,8,8,50,04,04112,D907,43.81137,5.81033,Plein jour,Hors agglomération,Hors intersection,Normale,Trois véhicules et plus - en chaîne,3,2,2,0,1,1,1,0,1,70,4,4,3,0,0,1,58.0,59.0,voiture,voiture,1,1,1,1,4
202400032956,2024-12-14 10:32:00,2024,12,14,10,32,27,27681,CAPUCINS (AVENUE DES),49.09,1.47,Plein jour,En agglomération,Autre intersection,Temps couvert,Autre collision,4,2,2,0,1,1,1,9,3,50,1,1,0,0,0,1,91.0,,voiture,,1,2,9,8,6
202400032957,2024-10-31 11:30:00,2024,10,31,11,30,02,02691,76 Rue Camille Desmoulins,49.85444,3.293228,Plein jour,En agglomération,Intersection en T,Temps couvert,Deux véhicules - frontale,4,2,2,0,1,1,1,0,1,50,2,2,1,0,0,1,53.0,46.0,voiture,deux_roues,1,2,3,8,1
202400032957,2024-10-31 11:30:00,2024,10,31,11,30,02,02691,76 Rue Camille Desmoulins,49.85444,3.293228,Plein jour,En agglomération,Intersection en T,Temps couvert,Deux véhicules - frontale,4,2, -1,-1,1,1,1,0,1,-1,2,2,1,0,0,1,53.0,46.0,voiture,deux_roues,1,2,3,8,1
202400032958,2024-12-14 14:27:00,2024,12,14,14,27,25,25462,VUILLECIN (RUE DE),46.9179,6.34363,Plein jour,En agglomération,Giratoire,Pluie légère,Deux véhicules - côté,4,2,2,0,1,1,2,0,1,50,2,2,1,0,0,1,22.0,46.0,deux_roues,voiture,1,2,6,2,3
202400032958,2024-12-14 14:27:00,2024,12,14,14,27,25,25462,VUILLECIN (RUE DE),46.9179,6.34363,Plein jour,En agglomération,Giratoire,Pluie légère,Deux véhicules - côté,4,2,2,0,1,1,2,0,1,50,2,2,1,0,0,1,22.0,46.0,deux_roues,voiture,1,2,6,2,3
202400032959,2024-12-14 02:45:00,2024,12,14,2,45,13,13039,ROUTE NATIONALE 569,43.47844,4.95777,Nuit sans éclairage public,Hors agglomération,Hors intersection,Pluie forte,Deux véhicules - côté,2,2,2,0,1,1,2,0,3,80,1,3,0,1,1,1,23.0,,voiture,,3,1,1,3,3
202400032960,2024-11-08 19:00:00,2024,11,8,19,0,75,75113,BD PERIPHERIQUE EXTERIEUR,48.81773,2.350708,Nuit avec éclairage allumé,En agglomération,Hors intersection,Temps couvert,Deux véhicules - arrière,4,1,3,3,1,1,1,0,1,50,2,2,1,0,0,1,30.0,58.0,deux_roues,deux_roues,5,2,1,8,2
202400032961,2024-12-14 10:00:00,2024,12,14,10,0,13,13203,CRIMEE (RUE DE),43.30717339,5.38052149,Plein jour,En agglomération,Hors intersection,Normale,Deux véhicules - frontale,4,1,0,0,1,1,1,0,1,50,1,3,0,0,3,0,41.0,,utilitaire_camion,,1,2,1,1,1
202400032962,2024-11-07 01:15:00,2024,11,7,1,15,75,75112,BOULEVARD PERIPHERIQUE INTERIEUR SUD,48.837816,2.412726,Nuit sans éclairage public,En agglomération,Hors intersection,Normale,Deux véhicules - arrière,4,1,4,0,1,1,1,0,1,50,2,2,1,0,0,1,40.0,33.0,deux_roues,voiture,3,2,1,1,2
202400032963,2024-12-13 19:20:00,2024,12,13,19,20,13,13028,MOULIN (AVENUE JEAN),43.17569132,5.59708168,Nuit avec éclairage allumé,En agglomération,Hors intersection,Temps couvert,Sans collision,4,1,1,0,2,1,2,0,1,30,1,1,0,0,0,1,74.0,,deux_roues,,5,2,1,8,7
202400032964,2024-11-08 14:00:00,2024,11,8,14,0,75,75120,BOULEVARD DE MENILMONTANT,48.864889,2.385307,Plein jour,En agglomération,Hors intersection,Temps couvert,Autre collision,4,1,0,1,1,1,1,-1,5,30,1,2,0,0,0,2,32.0,,deux_roues,,1,2,1,8,6
202400032965,2024-12-14 11:00:00,2024,12,14,11,0,11,11262,,43.15899,2.98203,Plein jour,En agglomération,Hors intersection,Normale,Autre collision,6,-1, -1,0,1,1,1,9,1,30,1,2,1,0,1,0,53.0,,voiture,,1,2,1,1,6
202400032966,2024-11-08 10:35:00,2024,11,8,10,35,75,75120,RUE ORFILA,48.866667,2.397106,Plein jour,En agglomération,Intersection en X,Temps couvert,Autre collision,4,2, -1,-1,1,1,1,-1,5,-1,1,2,1,0,0,1,37.0,,deux_roues,,1,2,2,8,6
202400032966,2024-11-08 10:35:00,2024,11,8,10,35,75,75120,RUE ORFILA,48.866667,2.397106,Plein jour,En agglomération,Intersection en X,Temps couvert,Autre collision,4,1,0,1,1,1,2,-1,5,30,1,2,1,0,0,1,37.0,,deux_roues,,1,2,2,8,6
202400032967,2024-12-14 17:50:00,2024,12,14,17,50,11,11069,16 Rue Dujardin Beaumetz,43.20872,2.35966,Nuit sans éclairage public,En agglomération,Hors intersection,Pluie légère,Deux véhicules - arrière,4,2,2,0,1,1,2,0,1,50,2,3,2,0,0,1,48.0,54.0,voiture,voiture,3,2,1,2,2
202400032968,2024-11-08 08:40:00,2024,11,8,8,40,75,75118,BOULEVARD NEY,48.897886,2.344424,Plein jour,En agglomération,Intersection en X,Pluie légère,Trois véhicules et plus - collisions multiples,4,2,2,2,1,1,2,0,1,30,3,3,2,0,0,1,54.0,44.0,deux_roues,utilitaire_camion,1,2,2,2,5
202400032968,2024-11-08 08:40:00,2024,11,8,8,40,75,75118,BOULEVARD NEY,48.897886,2.344424,Plein jour,En agglomération,Intersection en X,Pluie légère,Trois véhicules et plus - collisions multiples,4,1,2,0,1,1,2,0,1,30,3,3,2,0,0,1,54.0,44.0,deux_roues,utilitaire_camion,1,2,2,2,5
202400032969,2024-12-14 11:35:00,2024,12,14,11,35,10,10387,GAMBETTA (RUE),48.30049,4.07488,Plein jour,En agglomération,Intersection en T,Pluie légère,Deux véhicules - frontale,4,2,3,0,1,1,2,0,1,50,2,2,1,0,0,1,27.0,34.0,deux_roues,voiture,1,2,3,2,1
202400032969,2024-12-14 11:35:00,2024,12,14,11,35,10,10387,GAMBETTA (RUE),48.30049,4.07488,Plein jour,En agglomération,Intersection en T,Pluie légère,Deux véhicules - frontale,4,2,2,0,1,1,2,0,1,30,2,2,1,0,0,1,27.0,34.0,deux_roues,voiture,1,2,3,2,1
202400032970,2024-11-07 22:00:00,2024,11,7,22,0,75,75109,RUE CONDORCET,48.88034,2.34128,Nuit avec éclairage allumé,En agglomération,Hors intersection,Temps couvert,Deux véhicules - côté,4,1,1,2,1,1,1,0,1,30,2,2,1,0,0,1,28.0,,deux_roues,voiture,5,2,1,8,3
202400032971,2024-11-30 13:35:00,2024,11,30,13,35,05,05061,JEAN JAURES ( AVENUE ),44.54845,6.06688,Plein jour,En agglomération,Intersection en T,Normale,Autre collision,2,2,2,0,1,1,1,0,1,50,1,2,1,0,0,1,75.0,,voiture,,1,2,3,1,6
202400032971,2024-11-30 13:35:00,2024,11,30,13,35,05,05061,JEAN JAURES ( AVENUE ),44.54845,6.06688,Plein jour,En agglomération,Intersection en T,Normale,Autre collision,2,2,2,0,1,1,1,0,1,50,1,2,1,0,0,1,75.0,,voiture,,1,2,3,1,6
202400032972,2024-12-14 07:50:00,2024,12,14,7,50,03,03101,Rue du Docteur Chalais,46.34537,2.55156,Crépuscule ou aube,En agglomération,Hors intersection,Temps couvert,Autre collision,3,2,2,0,1,1,1,0,4,50,1,1,0,0,1,0,21.0,,voiture,,2,2,1,8,6
202400032973,2024-11-08 07:10:00,2024,11,8,7,10,75,75116,ALLEE DE LA REINE MARGUERITE,48.85171,2.241739,Crépuscule ou aube,En agglomération,Hors intersection,Normale,Deux véhicules - frontale,4,2,2,0,1,1,1,0,1,50,2,2,1,0,0,1,,17.0,voiture,deux_roues,2,2,1,1,1
202400032974,2024-12-13 18:30:00,2024,12,13,18,30,03,03098,4 SEPTEMBRE ( AVENUE DU ),46.35865,2.61717,Nuit avec éclairage allumé,En agglomération,Intersection en T,Normale,Deux véhicules - côté,3,2,2,0,2,2,1,5,8,50,2,2,1,1,0,0,29.0,40.0,deux_roues,utilitaire_camion,5,2,3,1,3
202400032974,2024-12-13 18:30:00,2024,12,13,18,30,03,03098,4 SEPTEMBRE ( AVENUE DU ),46.35865,2.61717,Nuit avec éclairage allumé,En agglomération,Intersection en T,Normale,Deux véhicules - côté,3,2,3,0,4,1,1,5,1,50,2,2,1,1,0,0,29.0,40.0,deux_roues,utilitaire_camion,5,2,3,1,3
202400032975,2024-11-07 21:20:00,2024,11,7,21,20,75,75116,RUE DE BOULAINVILLIERS,48.858171,2.274836,Nuit avec éclairage allumé,En agglomération,Intersection en X,Normale,Autre collision,4,1,1,0,1,1,1,0,1,50,1,2,1,0,0,1,36.0,,voiture,,5,2,2,1,6
202400032975,2024-11-07 21:20:00,2024,11,7,21,20,75,75116,RUE DE BOULAINVILLIERS,48.858171,2.274836,Nuit avec éclairage allumé,En agglomération,Intersection en X,Normale,Autre collision,4,1,2,0,1,1,1,0,1,50,1,2,1,0,0,1,36.0,,voiture,,5,2,2,1,6
202400032976,2024-12-13 14:45:00,2024,12,13,14,45,01,01014,GAGET MARCEL (RUE),46.270467,5.671578,Plein jour,En agglomération,Hors intersection,Normale,Deux véhicules - côté,4,2,2,0,2,1,1,0,1,30,2,2,1,0,0,1,54.0,41.0,voiture,voiture,1,2,1,1,3
202400032977,2024-11-07 19:30:00,2024,11,7,19,30,75,75116,AVENUE DE LA GRANDE ARMEE,48.874827,2.291729,Nuit avec éclairage allumé,En agglomération,Intersection en T,Normale,Deux véhicules - côté,4,2,6,0,1,1,1,0,1,50,2,2,1,0,0,1,44.0,73.0,deux_roues,voiture,5,2,3,1,3
202400032977,2024-11-07 19:30:00,2024,11,7,19,30,75,75116,AVENUE DE LA GRANDE ARMEE,48.874827,2.291729,Nuit avec éclairage allumé,En agglomération,Intersection en T,Normale,Deux véhicules - côté,4,1,1,0,1,1,1,0,1,50,2,2,1,0,0,1,44.0,73.0,deux_roues,voiture,5,2,3,1,3
202400032978,2024-12-14 03:35:00,2024,12,14,3,35,75,75119,AVENUE SIMON BOLIVAR,48.876436,2.378064,Nuit avec éclairage allumé,En agglomération,Hors intersection,Normale,Deux véhicules - arrière,4,2,0,1,1,1,1,0,1,30,2,2,1,0,0,1,29.0,21.0,deux_roues,voiture,5,2,1,1,2
202400032979,2024-11-08 14:10:00,2024,11,8,14,10,75,75115,RUE DE VAUGIRARD,48.840987,2.306239,Plein jour,En agglomération,Hors intersection,Temps couvert,Sans collision,4,2,0,1,1,1,1,-1,5,30,1,1,0,0,0,1,20.0,,deux_roues,,1,2,1,8,7
202400032980,2024-12-13 17:00:00,2024,12,13,17,0,75,75118,AVENUE DE LA PORTE DE CLIGNANCOURT,48.900356,2.344251,Crépuscule ou aube,En agglomération,Hors intersection,Normale,Deux véhicules - arrière,4,2,4,0,1,1,1,0,1,30,2,2,1,0,0,1,19.0,24.0,deux_roues,voiture,2,2,1,1,2