accident_id,datetime,annee,mois,jour,heure,minute,departement,commune_insee,adresse,latitude,longitude,luminosite,agglomeration,intersection,meteo,collision,catr,circ,nbv,vosp,prof,plan,surf,infra,situ,vma,nb_vehicules,nb_usagers,nb_indemnes,nb_tues,nb_blesses_hosp,nb_blesses_legers,age_cond_1,age_cond_2,veh_type_cond_1,veh_type_cond_2,lum_code,agg_code,int_code,atm_code,col_code
202400032981,2024-11-08 13:40:00,2024,11,8,13,40,75,75114,RUE FROIDEVAUX,48.835154,2.32999,Plein jour,En agglomération,Intersection en X,Temps couvert,Autre collision,4,3,4,0,1,1,1,0,1,30,1,2,1,0,0,1,85.0,,voiture,,1,2,2,8,6
202400032981,2024-11-08 13:40:00,2024,11,8,13,40,75,75114,RUE FROIDEVAUX,48.835154,2.32999,Plein jour,En agglomération,Intersection en X,Temps couvert,Autre collision,4,1,1,1,1,1,1,0,1,30,1,2,1,0,0,1,85.0,,voiture,,1,2,2,8,6
202400032982,2024-12-13 23:45:00,2024,12,13,23,45,75,75118,RUE ORDENER,48.891691,2.348658,Nuit avec éclairage allumé,En agglomération,Intersection en X,Normale,Deux véhicules - côté,4,1, -1,-1,1,1,1,0,1,-1,2,2,1,0,0,1,35.0,18.0,voiture,deux_roues,5,2,2,1,3
202400032982,2024-12-13 23:45:00,2024,12,13,23,45,75,75118,RUE ORDENER,48.891691,2.348658,Nuit avec éclairage allumé,En agglomération,Intersection en X,Normale,Deux véhicules - côté,4,2,1,0,1,1,1,0,1,30,2,2,1,0,0,1,35.0,18.0,voiture,deux_roues,5,2,2,1,3
202400032983,2024-12-14 21:30:00,2024,12,14,21,30,75,75117,AVENUE DE LA PORTE DE VILLIERS,48.885587,2.284607,Nuit avec éclairage allumé,En agglomération,Intersection en X,Temps couvert,Deux véhicules - côté,4,1,1,0,1,1,2,0,1,30,2,2,1,0,0,1,18.0,38.0,deux_roues,voiture,5,2,2,8,3
202400032983,2024-12-14 21:30:00,2024,12,14,21,30,75,75117,AVENUE DE LA PORTE DE VILLIERS,48.885587,2.284607,Nuit avec éclairage allumé,En agglomération,Intersection en X,Temps couvert,Deux véhicules - côté,4,1,2,0,1,1,2,0,1,30,2,2,1,0,0,1,18.0,38.0,deux_roues,voiture,5,2,2,8,3
202400032984,2024-11-08 10:40:00,2024,11,8,10,40,75,75112,AVENUE DAUMESNIL,48.840074,2.393702,Plein jour,En agglomération,Hors intersection,Normale,Deux véhicules - côté,4,2,2,0,1,1,1,0,1,30,2,2,1,0,0,1,65.0,48.0,utilitaire_camion,deux_roues,1,2,1,1,3
202400032985,2024-12-14 09:15:00,2024,12,14,9,15,75,75117,RUE DE COURCELLES,48.881261,2.301071,Plein jour,En agglomération,Intersection en X,Normale,Deux véhicules - côté,4,1,1,0,1,1,1,0,1,30,2,2,1,0,0,1,36.0,27.0,utilitaire_camion,deux_roues,1,2,2,1,3
202400032985,2024-12-14 09:15:00,2024,12,14,9,15,75,75117,RUE DE COURCELLES,48.881261,2.301071,Plein jour,En agglomération,Intersection en X,Normale,Deux véhicules - côté,4,2,2,0,1,1,1,0,1,30,2,2,1,0,0,1,36.0,27.0,utilitaire_camion,deux_roues,1,2,2,1,3
202400032986,2024-11-08 18:30:00,2024,11,8,18,30,75,75110,QUAI DE VALMY,48.8718,2.36458,Nuit avec éclairage allumé,En agglomération,Intersection en Y,Normale,Autre collision,4,1, -1,-1,1,1,1,0,1,-1,1,2,1,0,0,1,52.0,,deux_roues,,5,2,4,1,6
202400032986,2024-11-08 18:30:00,2024,11,8,18,30,75,75110,QUAI DE VALMY,48.8718,2.36458,Nuit avec éclairage allumé,En agglomération,Intersection en Y,Normale,Autre collision,4,1,2,2,1,1,1,0,1,30,1,2,1,0,0,1,52.0,,deux_roues,,5,2,4,1,6
202400032987,2024-12-14 14:40:00,2024,12,14,14,40,75,75115,RUE DE LA CONVENTION,48.839994,2.290351,Plein jour,En agglomération,Intersection en X,Normale,Deux véhicules - arrière,4,1, -1,-1,1,1,1,0,1,30,2,5,4,0,0,1,57.0,57.0,voiture,utilitaire_camion,1,2,2,1,2
202400032987,2024-12-14 14:40:00,2024,12,14,14,40,75,75115,RUE DE LA CONVENTION,48.839994,2.290351,Plein jour,En agglomération,Intersection en X,Normale,Deux véhicules - arrière,4,2,3,3,1,1,1,0,1,30,2,5,4,0,0,1,57.0,57.0,voiture,utilitaire_camion,1,2,2,1,2
202400032988,2024-11-08 10:40:00,2024,11,8,10,40,75,75109,RUE HENRY MONNIER,48.880015,2.337324,Plein jour,En agglomération,Intersection en T,Normale,Deux véhicules - côté,4,2,0,1,1,1,1,-1,5,30,2,2,1,0,0,1,23.0,27.0,voiture,deux_roues,1,2,3,1,3
202400032988,2024-11-08 10:40:00,2024,11,8,10,40,75,75109,RUE HENRY MONNIER,48.880015,2.337324,Plein jour,En agglomération,Intersection en T,Normale,Deux véhicules - côté,4,2,2,2,2,1,1,-1,5,30,2,2,1,0,0,1,23.0,27.0,voiture,deux_roues,1,2,3,1,3
202400032989,2024-11-08 17:45:00,2024,11,8,17,45,75,75107,RUE DE BABYLONE,48.851724,2.325921,Crépuscule ou aube,En agglomération,Hors intersection,Normale,Autre collision,4,1,0,0,1,1,1,0,1,30,1,2,1,0,0,1,17.0,,deux_roues,,2,2,1,1,6
202400032990,2024-12-14 20:20:00,2024,12,14,20,20,75,75113,BOULEVARD DE L HOPITAL,48.838892,2.360879,Nuit avec éclairage allumé,En agglomération,Intersection en T,Normale,Deux véhicules - côté,4,2,5,1,2,1,2,0,1,30,2,2,1,0,0,1,48.0,33.0,voiture,deux_roues,5,2,3,1,3
202400032990,2024-12-14 20:20:00,2024,12,14,20,20,75,75113,BOULEVARD DE L HOPITAL,48.838892,2.360879,Nuit avec éclairage allumé,En agglomération,Intersection en T,Normale,Deux véhicules - côté,4,1, -1,-1,1,1,2,0,1,30,2,2,1,0,0,1,48.0,33.0,voiture,deux_roues,5,2,3,1,3
202400032991,2024-11-07 18:25:00,2024,11,7,18,25,94,94067,Avenue Gallieni,48.84642553,2.41740954,Nuit avec éclairage allumé,En agglomération,Hors intersection,Normale,Deux véhicules - côté,3,1,6,0,1,1,1,0,5,30,2,2,1,0,0,1,35.0,18.0,deux_roues,voiture,5,2,1,1,3
202400032992,2024-12-14 21:00:00,2024,12,14,21,0,75,75111,RUE OBERKAMPF,48.864754,2.373022,Nuit avec éclairage allumé,En agglomération,Intersection en T,Pluie légère,Deux véhicules - côté,4,1,1,0,1,1,2,0,1,30,2,2,1,0,0,1,34.0,30.0,voiture,deux_roues,5,2,3,2,3
202400032992,2024-12-14 21:00:00,2024,12,14,21,0,75,75111,RUE OBERKAMPF,48.864754,2.373022,Nuit avec éclairage allumé,En agglomération,Intersection en T,Pluie légère,Deux véhicules - côté,4,1,1,0,2,1,2,0,1,30,2,2,1,0,0,1,34.0,30.0,voiture,deux_roues,5,2,3,2,3
202400032993,2024-11-08 19:30:00,2024,11,8,19,30,94,94043,Avenue de Fontainebleau,48.80968,2.36263,Nuit avec éclairage allumé,En agglomération,Giratoire,Normale,Deux véhicules - côté,3,2, -1,-1,1,1,1,9,1,-1,2,2,1,0,0,1,23.0,28.0,deux_roues,voiture,5,2,6,1,3
202400032993,2024-11-08 19:30:00,2024,11,8,19,30,94,94043,Avenue de Fontainebleau,48.80968,2.36263,Nuit avec éclairage allumé,En agglomération,Giratoire,Normale,Deux véhicules - côté,3,4,3,0,1,3,1,5,1,50,2,2,1,0,0,1,23.0,28.0,deux_roues,voiture,5,2,6,1,3
202400032994,2024-12-14 12:25:00,2024,12,14,12,25,75,75110,RUE SAINT MAUR,48.871649,2.372141,Plein jour,En agglomération,Intersection en T,Normale,Deux véhicules - arrière,4,1,2,2,1,1,1,8,1,30,2,2,1,0,0,1,60.0,22.0,utilitaire_camion,deux_roues,1,2,3,1,2
202400032994,2024-12-14 12:25:00,2024,12,14,12,25,75,75110,RUE SAINT MAUR,48.871649,2.372141,Plein jour,En agglomération,Intersection en T,Normale,Deux véhicules - arrière,4,1,2,2,1,1,1,0,1,30,2,2,1,0,0,1,60.0,22.0,utilitaire_camion,deux_roues,1,2,3,1,2
202400032995,2024-12-14 12:21:00,2024,12,14,12,21,75,75110,RUE JULIETTE DODU,48.874467,2.369827,Plein jour,En agglomération,Hors intersection,Normale,Deux véhicules - côté,4,1,2,1,1,1,1,0,3,30,2,2,1,0,0,1,49.0,40.0,utilitaire_camion,deux_roues,1,2,1,1,3
202400032996,2024-11-07 20:35:00,2024,11,7,20,35,94,94017,Avenue Roger Salengro,48.81990564,2.48255154,Nuit avec éclairage allumé,En agglomération,Autre intersection,Pluie légère,Deux véhicules - côté,3,2,0,0,1,1,2,0,1,50,2,3,2,0,0,1,42.0,25.0,voiture,deux_roues,5,2,9,2,3
202400032996,2024-11-07 20:35:00,2024,11,7,20,35,94,94017,Avenue Roger Salengro,48.81990564,2.48255154,Nuit avec éclairage allumé,En agglomération,Autre intersection,Pluie légère,Deux véhicules - côté,3,2,5,0,1,1,2,0,1,50,2,3,2,0,0,1,42.0,25.0,voiture,deux_roues,5,2,9,2,3
202400032997,2024-12-14 02:33:00,2024,12,14,2,33,75,75109,RUE DE CHATEAUDUN,48.876196,2.335357,Nuit avec éclairage allumé,En agglomération,Intersection en X,Normale,Autre collision,4,1, -1,-1,1,1,1,0,1,30,1,1,0,0,0,1,34.0,,deux_roues,,5,2,2,1,6
202400032997,2024-12-14 02:33:00,2024,12,14,2,33,75,75109,RUE DE CHATEAUDUN,48.876196,2.335357,Nuit avec éclairage allumé,En agglomération,Intersection en X,Normale,Autre collision,4,3,3,3,1,1,1,0,1,30,1,1,0,0,0,1,34.0,,deux_roues,,5,2,2,1,6
202400032998,2024-11-08 08:50:00,2024,11,8,8,50,94,94047,Rue de Verdun,48.70772715,2.55587777,Plein jour,En agglomération,Hors intersection,Pluie légère,Deux véhicules - côté,3,2,2,0,1,1,2,9,1,50,2,2,1,0,0,1,47.0,61.0,deux_roues,voiture,1,2,1,2,3
202400032999,2024-12-14 16:40:00,2024,12,14,16,40,75,75107,QUAI D ORSAY,48.862478,2.310524,Plein jour,En agglomération,Intersection en T,Normale,Autre collision,4,1, -1,-1,1,1,1,0,4,30,1,3,1,0,0,2,55.0,,voiture,,1,2,3,1,6
202400032999,2024-12-14 16:40:00,2024,12,14,16,40,75,75107,QUAI D ORSAY,48.862478,2.310524,Plein jour,En agglomération,Intersection en T,Normale,Autre collision,4,1,1,0,1,1,1,0,4,30,1,3,1,0,0,2,55.0,,voiture,,1,2,3,1,6
202400033000,2024-11-08 21:00:00,2024,11,8,21,0,93,93072,NELSON MANDELA (AVENUE),48.951155,2.376194,Nuit avec éclairage allumé,En agglomération,Hors intersection,Normale,Deux véhicules - frontale,4,2,2,0,1,1,1,0,1,50,2,2,1,0,0,1,15.0,22.0,deux_roues,voiture,5,2,1,1,1
202400033001,2024-11-08 08:20:00,2024,11,8,8,20,93,93066,THOREZ MAURICE NR 2 A 10,48.94091469,2.34614432,Plein jour,En agglomération,Intersection en T,Pluie légère,Deux véhicules - côté,4,1,#VALEURMULTI,0,1,1,2,0,1,50,2,2,1,0,0,1,17.0,68.0,deux_roues,voiture,1,2,3,2,3
202400033002,2024-12-13 18:55:00,2024,12,13,18,55,75,75102,RUE DE TURBIGO,48.864253,2.35094,Nuit avec éclairage allumé,En agglomération,Hors intersection,Normale,Autre collision,4,1,2,0,1,1,1,0,1,30,1,2,1,0,1,0,34.0,,deux_roues,,5,2,1,1,6
202400033003,2024-11-08 19:30:00,2024,11,8,19,30,93,93064,PERI (BOULEVARD GABRIEL)  0 - 37 / 42,48.87769,2.47471,Nuit avec éclairage allumé,En agglomération,Hors intersection,Normale,Deux véhicules - arrière,3,1,1,0,1,1,1,0,1,50,2,3,2,0,0,1,22.0,32.0,voiture,deux_roues,5,2,1,1,2
202400033004,2024-12-13 02:25:00,2024,12,13,2,25,75,75101,PLACE DES VICTOIRES,48.865421,2.340958,Nuit avec éclairage allumé,En agglomération,Place,Normale,Autre collision,4,1,3,0,1,2,1,5,1,30,1,3,2,0,0,1,,,voiture,,5,2,7,1,6
202400033004,2024-12-13 02:25:00,2024,12,13,2,25,75,75101,PLACE DES VICTOIRES,48.865421,2.340958,Nuit avec éclairage allumé,En agglomération,Place,Normale,Autre collision,4,2,2,0,1,1,1,0,1,30,1,3,2,0,0,1,,,voiture,,5,2,7,1,6
202400033005,2024-12-14 20:10:00,2024,12,14,20,10,94,94068,Carrefour du 8 Mai 1945,48.802283,2.491917,Nuit avec éclairage allumé,En agglomération,Place,Normale,Deux véhicules - côté,3,2,2,0,1,1,1,0,1,30,2,2,1,0,0,1,77.0,46.0,voiture,voiture,5,2,7,1,3
202400033006,2024-11-08 15:30:00,2024,11,8,15,30,93,93048,REPUBLIQUE (RUE DE LA),48.85289,2.42057,Crépuscule ou aube,En agglomération,Intersection en X,Temps couvert,Deux véhicules - frontale,4,2,#VALEURMULTI,0,1,1,1,0,1,30,2,2,1,0,1,0,21.0,55.0,voiture,deux_roues,2,2,2,8,1
202400033007,2024-12-13 16:50:00,2024,12,13,16,50,94,94043,Avenue de Fontainebleau,48.81257188,2.36144149,Plein jour,En agglomération,Hors intersection,Normale,Autre collision,3,2,4,3,1,1,1,0,1,50,1,2,1,0,1,0,18.0,,voiture,,1,2,1,1,6
202400033008,2024-11-08 13:05:00,2024,11,8,13,5,93,93061,BELVEDERE AVENUE DU,48.8804607,2.40830988,Plein jour,En agglomération,Intersection en X,Temps couvert,Autre collision,4,2,2,0,1,3,1,0,1,30,1,2,1,0,1,0,25.0,,voiture,,1,2,2,8,6
202400033008,2024-11-08 13:05:00,2024,11,8,13,5,93,93061,BELVEDERE AVENUE DU,48.8804607,2.40830988,Plein jour,En agglomération,Intersection en X,Temps couvert,Autre collision,4,1, -1,0,2,1,1,5,1,50,1,2,1,0,1,0,25.0,,voiture,,1,2,2,8,6
202400033009,2024-12-14 20:30:00,2024,12,14,20,30,94,94022,Avenue Victor Hugo,48.768585,2.420384,Nuit avec éclairage allumé,En agglomération,Hors intersection,Normale,Deux véhicules - côté,3,1,2,0,1,1,1,0,1,50,2,2,1,0,0,1,13.0,20.0,deux_roues,voiture,5,2,1,1,3
202400033010,2024-12-14 02:35:00,2024,12,14,2,35,93,93078,COUTURIER (AVENUE PAUL VAILLANT),48.9608,2.53368,Nuit avec éclairage allumé,En agglomération,Intersection en T,Normale,Deux véhicules - frontale,4,2,#VALEURMULTI,0,1,1,1,0,1,50,2,3,2,0,0,1,40.0,19.0,voiture,voiture,5,2,3,1,1
202400033011,2024-12-13 14:30:00,2024,12,13,14,30,93,93064,LISBONNE (RUE DE),48.8813687,2.47032109,Plein jour,En agglomération,Hors intersection,Normale,Deux véhicules - côté,4,2,2,0,1,1,1,0,1,50,2,2,1,0,0,1,59.0,21.0,deux_roues,voiture,1,2,1,1,3
202400033012,2024-12-14 17:30:00,2024,12,14,17,30,93,93050,PAUL ET CAMILLE THOMOUX (RUE) COTE IMPAI,48.87517,2.53047,Nuit avec éclairage allumé,En agglomération,Hors intersection,Normale,Deux véhicules - frontale,3,2,2,0,1,1,2,0,1,50,2,2,0,0,0,2,54.0,70.0,voiture,voiture,5,2,1,1,1
202400033013,2024-12-14 17:00:00,2024,12,14,17,0,93,93048,PRESIDENT SALVADOR ALLENDE (AVENUE DU),48.8763,2.4623,Nuit avec éclairage allumé,En agglomération,Autre intersection,Pluie légère,Deux véhicules - frontale,4,1,1,0,1,1,2,0,1,50,2,2,1,0,0,1,26.0,24.0,deux_roues,voiture,5,2,9,2,1
202400033014,2024-12-14 22:00:00,2024,12,14,22,0,93,93045,PARIS RUE DE,48.88237603,2.42453957,Nuit avec éclairage allumé,En agglomération,Hors intersection,Pluie légère,Autre collision,3,-1,2,0,1,1,2,0,1,30,1,2,1,0,0,1,32.0,,deux_roues,,5,2,1,2,6
202400033015,2024-12-14 17:20:00,2024,12,14,17,20,93,93048,ROMAINVILLE (RUE DE),48.87401191,2.44727826,Crépuscule ou aube,En agglomération,Hors intersection,Pluie légère,Autre collision,3,2,2,0,1,1,2,9,1,50,1,2,1,0,0,1,21.0,,voiture,,2,2,1,2,6
202400033016,2024-12-14 01:45:00,2024,12,14,1,45,93,93029,JOFFRE (PLACE),48.93123349,2.45677975,Nuit avec éclairage allumé,En agglomération,Hors intersection,Normale,Autre collision,4,2,2,0,1,3,1,0,4,50,1,2,0,0,0,2,23.0,,voiture,,5,2,1,1,6
202400033017,2024-12-14 11:25:00,2024,12,14,11,25,93,93047,GENERAL LECLERC  (RUE DU),48.89378,2.57801,Plein jour,En agglomération,Hors intersection,Normale,Autre collision,4,2,0,0,4,1,1,9,1,50,1,2,1,0,0,1,36.0,,voiture,,1,2,1,1,6
202400033018,2024-12-14 11:10:00,2024,12,14,11,10,93,93001,ANATOLE FRANCE (BLD) PAIR,48.91594826,2.38153267,Plein jour,En agglomération,Hors intersection,Normale,Deux véhicules - arrière,4,-1,0,0,1,1,1,0,1,30,2,3,2,0,0,1,36.0,27.0,voiture,voiture,1,2,1,1,2
202400033019,2024-12-14 10:00:00,2024,12,14,10,0,92,92075,ANTOINE FRATACCI (RUE),48.82155933,2.28745423,Plein jour,En agglomération,Hors intersection,Normale,Sans collision,3,1,3,0,1,1,1,0,1,50,1,1,0,0,0,1,33.0,,deux_roues,,1,2,1,1,7
202400033020,2024-12-14 01:25:00,2024,12,14,1,25,92,92077,COROT (RUE),48.82833,2.19398,Nuit avec éclairage allumé,En agglomération,Hors intersection,Normale,Autre collision,4,1,1,0,1,1,1,0,1,30,1,1,0,0,0,1,35.0,,voiture,,5,2,1,1,6
202400033021,2024-12-14 13:15:00,2024,12,14,13,15,92,92063,DIX-HUIT JUIN 1940 (AVENUE DU) SUD,48.86785217,2.19499223,Plein jour,En agglomération,Hors intersection,Normale,Deux véhicules - côté,3,2,2,0,1,1,1,0,1,50,2,2,1,0,0,1,74.0,25.0,voiture,deux_roues,1,2,1,1,3
202400033022,2024-12-14 18:31:00,2024,12,14,18,31,92,92050,FRANCE ANATOLE RUE,48.90163,2.20903,Nuit avec éclairage allumé,En agglomération,Hors intersection,Pluie légère,Deux véhicules - côté,4,3,2,0,1,1,2,0,1,50,2,2,1,0,0,1,18.0,35.0,voiture,voiture,5,2,1,2,3
202400033023,2024-12-14 12:40:00,2024,12,14,12,40,92,92050,CLEMENCEAU GEORGES AVENUE N° PAIR,48.88609,2.21344,Plein jour,En agglomération,Hors intersection,Normale,Deux véhicules - côté,3,1,4,0,1,1,1,9,1,50,2,3,2,0,0,1,41.0,37.0,deux_roues,voiture,1,2,1,1,3
202400033024,2024-12-14 11:40:00,2024,12,14,11,40,92,92048,ONZE NOVEMBRE 1918 (AVENUE DU),48.81889484,2.2231249,Plein jour,En agglomération,Hors intersection,Normale,Autre collision,4,-1,2,0,2,1,1,1,1,50,1,1,0,0,0,1,92.0,,utilitaire_camion,,1,2,1,1,6
202400033025,2024-12-18 07:00:00,2024,12,18,7,0,92,92007,PETIT (AVENUE ALBERT) N° 39 A FIN,48.79535599,2.31255656,Crépuscule ou aube,En agglomération,Hors intersection,Normale,Autre collision,4,2,3,0,1,1,2,0,1,50,1,2,1,0,0,1,56.0,,deux_roues,,2,2,1,1,6
202400033026,2024-12-13 22:30:00,2024,12,13,22,30,92,92036,BAS ( RUE DES ),48.91904,2.29018,Nuit avec éclairage allumé,En agglomération,Hors intersection,Normale,Deux véhicules - côté,3,2,6,1,1,1,1,0,1,50,2,2,0,0,0,2,25.0,44.0,deux_roues,deux_roues,5,2,1,1,3
202400033027,2024-12-14 19:00:00,2024,12,14,19,0,92,92002,DIVISION LECLERC (1 A 29 -2 A 34),48.75138764,2.3044534,Nuit avec éclairage allumé,En agglomération,Intersection en X,Pluie légère,Deux véhicules - côté,3,2,4,3,1,1,2,5,1,50,2,2,1,0,0,1,45.0,48.0,deux_roues,voiture,5,2,2,2,3
202400033027,2024-12-14 19:00:00,2024,12,14,19,0,92,92002,DIVISION LECLERC (1 A 29 -2 A 34),48.75138764,2.3044534,Nuit avec éclairage allumé,En agglomération,Intersection en X,Pluie légère,Deux véhicules - côté,3,1,2,0,1,1,2,5,1,50,2,2,1,0,0,1,45.0,48.0,deux_roues,voiture,5,2,2,2,3
202400033028,2024-12-15 02:20:00,2024,12,15,2,20,31,31547,Route de Saint Lys,43.50419731,1.24821424,Nuit sans éclairage public,Hors agglomération,Intersection en X,Pluie légère,Deux véhicules - côté,3,2,2,0,1,1,2,5,1,80,2,4,0,0,3,1,26.0,22.0,voiture,voiture,3,1,2,2,3
202400033028,2024-12-15 02:20:00,2024,12,15,2,20,31,31547,Route de Saint Lys,43.50419731,1.24821424,Nuit sans éclairage public,Hors agglomération,Intersection en X,Pluie légère,Deux véhicules - côté,3,2,2,0,1,1,2,5,1,80,2,4,0,0,3,1,26.0,22.0,voiture,voiture,3,1,2,2,3
202400033029,2024-12-14 00:35:00,2024,12,14,0,35,64,64117,Chemin du bateau,43.375265,-0.573177,Nuit sans éclairage public,Hors agglomération,Hors intersection,Pluie légère,Autre collision,4,1,1,2,1,1,2,0,1,50,1,1,0,0,1,0,43.0,,deux_roues,,3,1,1,2,6
202400033030,2024-12-15 02:30:00,2024,12,15,2,30,04,04203,d 900 les courbons,44.36716,6.319322,Nuit sans éclairage public,Hors agglomération,Hors intersection,Autre,Autre collision,3,2,2,0,1,1,7,0,3,80,1,2,0,0,2,0,19.0,,voiture,,3,1,1,9,6
202400033031,2024-12-14 23:20:00,2024,12,14,23,20,56,56244,Les Hardys,47.81495,-2.43907,Nuit sans éclairage public,Hors agglomération,Hors intersection,Normale,Trois véhicules et plus - en chaîne,2,3,4,0,1,1,1,0,1,110,3,6,5,0,1,0,28.0,54.0,voiture,voiture,3,1,1,1,4
202400033032,2024-12-13 08:20:00,2024,12,13,8,20,67,67025,19a Rue Principale,48.861123,8.081963,Plein jour,En agglomération,Intersection en X,Normale,Deux véhicules - frontale,3,2,2,0,1,3,1,0,1,30,2,2,1,0,1,0,60.0,66.0,voiture,deux_roues,1,2,2,1,1
202400033032,2024-12-13 08:20:00,2024,12,13,8,20,67,67025,19a Rue Principale,48.861123,8.081963,Plein jour,En agglomération,Intersection en X,Normale,Deux véhicules - frontale,3,2, -1,-1,1,1,1,0,1,-1,2,2,1,0,1,0,60.0,66.0,voiture,deux_roues,1,2,2,1,1
202400033033,2024-12-13 18:30:00,2024,12,13,18,30,71,71305,Route departementale 106,46.465734,4.849571,Nuit sans éclairage public,Hors agglomération,Hors intersection,Pluie forte,Autre collision,3,2,2,0,1,1,2,0,3,80,1,1,0,0,1,0,83.0,,voiture,,3,1,1,3,6
202400033034,2024-12-14 20:00:00,2024,12,14,20,0,49,49125,32 Route de saumur (Doué-la-Fontaine),47.19576282,-0.26403138,Nuit avec éclairage allumé,En agglomération,Giratoire,Pluie légère,Autre collision,3,2,2,0,1,1,2,0,4,50,1,3,1,0,1,1,24.0,,voiture,,5,2,6,2,6
202400033035,2024-12-13 18:25:00,2024,12,13,18,25,35,35096,Le Pâtis Mignon,48.05411,-1.421489,Nuit sans éclairage public,Hors agglomération,Hors intersection,Normale,Deux véhicules - côté,3,2,2,0,2,1,1,0,1,80,2,2,1,0,1,0,64.0,72.0,voiture,voiture,3,1,1,1,3
202400033036,2024-12-15 11:10:00,2024,12,15,11,10,29,29271,Kergompez,48.58829848,-4.13322308,Plein jour,Hors agglomération,Autre intersection,Pluie forte,Sans collision,3,2,2,0,1,1,2,0,3,80,1,1,0,1,0,0,79.0,,deux_roues,,1,1,9,3,7
202400033037,2024-12-13 16:30:00,2024,12,13,16,30,29,29259,Rue de Roscoff,48.69024005,-3.98907871,Plein jour,En agglomération,Giratoire,Temps couvert,Deux véhicules - côté,3,1,2,1,1,1,2,0,1,50,2,2,1,0,0,1,58.0,71.0,utilitaire_camion,deux_roues,1,2,6,8,3
202400033037,2024-12-13 16:30:00,2024,12,13,16,30,29,29259,Rue de Roscoff,48.69024005,-3.98907871,Plein jour,En agglomération,Giratoire,Temps couvert,Deux véhicules - côté,3,1,2,2,1,1,2,0,1,50,2,2,1,0,0,1,58.0,71.0,utilitaire_camion,deux_roues,1,2,6,8,3
202400033038,2024-12-15 11:40:00,2024,12,15,11,40,29,29190,Rue du Lannou,48.34457335,-4.71876899,Plein jour,En agglomération,Intersection en X,Temps éblouissant,Deux véhicules - côté,3,2,2,0,1,1,2,0,1,50,2,4,3,0,1,0,50.0,51.0,deux_roues,voiture,1,2,2,7,3
202400033038,2024-12-15 11:40:00,2024,12,15,11,40,29,29190,Rue du Lannou,48.34457335,-4.71876899,Plein jour,En agglomération,Intersection en X,Temps éblouissant,Deux véhicules - côté,3,2,2,0,2,1,2,0,1,50,2,4,3,0,1,0,50.0,51.0,deux_roues,voiture,1,2,2,7,3
202400033039,2024-12-15 15:32:00,2024,12,15,15,32,02,02095,16 Rue John Kennedy,49.983179,3.446714,Plein jour,En agglomération,Hors intersection,Autre,Sans collision,4,1,1,0,1,1,2,0,1,50,1,1,0,0,0,1,37.0,,deux_roues,,1,2,1,9,7
202400033040,2024-12-13 14:45:00,2024,12,13,14,45,15,15003,RD 680,45.157015,2.334251,Plein jour,Hors agglomération,Hors intersection,Temps couvert,Autre collision,3,2,2,0,1,1,2,0,3,80,1,3,2,0,0,1,53.0,,voiture,,1,1,1,8,6
202400033041,2024-12-15 05:55:00,2024,12,15,5,55,72,72112,Lieu Dit le Parc Sec,48.234064,0.249665,Nuit avec éclairage non allumé,Hors agglomération,Hors intersection,Normale,Deux véhicules - frontale,3,2,2,0,1,1,1,0,1,-1,2,2,0,1,0,1,29.0,55.0,deux_roues,utilitaire_camion,4,1,1,1,1
202400033042,2024-12-15 17:50:00,2024,12,15,17,50,73,73070,D1516 rue des tuiliers,45.609384,5.647659,Nuit sans éclairage public,Hors agglomération,Hors intersection,Normale,Deux véhicules - frontale,3,2,2,0,1,2,1,0,1,80,2,2,0,0,1,1,41.0,25.0,voiture,voiture,3,1,1,1,1
202400033043,2024-12-13 21:40:00,2024,12,13,21,40,10,10287,D79,48.354438,4.34181,Nuit sans éclairage public,Hors agglomération,Hors intersection,Temps couvert,Autre collision,3,2,2,0,1,1,1,0,3,80,1,1,0,0,1,0,39.0,,voiture,,3,1,1,8,6
202400033044,2024-12-15 01:25:00,2024,12,15,1,25,53,53170,La Huardiere,48.349347,-0.668063,Nuit sans éclairage public,Hors agglomération,Hors intersection,Normale,Sans collision,3,2,2,0,1,2,1,0,1,90,1,1,0,0,1,0,26.0,,voiture,,3,1,1,1,7
202400033045,2024-12-14 15:05:00,2024,12,14,15,5,40,40029,D2,43.649383,-0.480266,Plein jour,Hors agglomération,Hors intersection,Pluie forte,Deux véhicules - frontale,3,2,2,0,2,3,2,0,1,80,2,4,2,0,2,0,57.0,32.0,voiture,voiture,1,1,1,3,1
202400033046,2024-12-14 18:00:00,2024,12,14,18,0,17,17309,Chemin de Malleville,45.170496,-0.056713,Nuit sans éclairage public,Hors agglomération,Hors intersection,Brouillard / fumée,Deux véhicules - frontale,3,2,2,0,2,1,2,0,1,90,2,7,0,1,5,1,26.0,21.0,voiture,voiture,3,1,1,5,1
202400033047,2024-12-13 16:30:00,2024,12,13,16,30,17,17342,D 125,45.518106,-0.66772,Plein jour,En agglomération,Hors intersection,Normale,Deux véhicules - frontale,3,2,2,0,1,1,1,0,1,80,2,3,2,0,1,0,76.0,39.0,voiture,voiture,1,2,1,1,1
202400033048,2024-12-15 07:00:00,2024,12,15,7,0,37,37250,Les Bails,47.262514,0.726535,Nuit sans éclairage public,Hors agglomération,Hors intersection,Normale,Autre collision,4,2,2,0,1,1,1,0,3,80,1,4,0,0,0,4,18.0,,voiture,,3,1,1,1,6