accident_id,datetime,annee,mois,jour,heure,minute,departement,commune_insee,adresse,latitude,longitude,luminosite,agglomeration,intersection,meteo,collision,catr,circ,nbv,vosp,prof,plan,surf,infra,situ,vma,nb_vehicules,nb_usagers,nb_indemnes,nb_tues,nb_blesses_hosp,nb_blesses_legers,age_cond_1,age_cond_2,veh_type_cond_1,veh_type_cond_2,lum_code,agg_code,int_code,atm_code,col_code
202400033049,2024-12-15 04:30:00,2024,12,15,4,30,973,97307,route nationale 02,4.881519,-52.336383,Nuit sans éclairage public,En agglomération,Hors intersection,Temps couvert,Deux véhicules - frontale,2,2,2,0,1,1,2,0,1,50,2,2,1,1,0,0,41.0,48.0,deux_roues,voiture,3,2,1,8,1
202400033050,2024-12-14 14:40:00,2024,12,14,14,40,39,39471,,46.726414,5.506391,Plein jour,Hors agglomération,Hors intersection,Pluie légère,Deux véhicules - arrière,1,1,4,0,1,1,2,0,1,130,2,3,2,0,1,0,43.0,41.0,utilitaire_camion,voiture,1,1,1,2,2
202400033051,2024-12-15 10:20:00,2024,12,15,10,20,13,13050,D67e,43.637659,5.263047,Plein jour,Hors agglomération,Hors intersection,Normale,Deux véhicules - frontale,3,2,2,0,4,4,1,2,3,70,1,1,0,1,0,0,57.0,,voiture,,1,1,1,1,1
202400033052,2024-12-14 20:45:00,2024,12,14,20,45,13,13051,D113,43.584564,5.139692,Nuit avec éclairage allumé,En agglomération,Giratoire,Normale,Deux véhicules - arrière,3,2,2,0,1,2,1,0,1,-1,2,2,0,0,0,2,42.0,52.0,voiture,voiture,5,2,6,1,2
202400033053,2024-12-15 00:30:00,2024,12,15,0,30,95,95678,D9,49.0806661,2.25467048,Nuit sans éclairage public,Hors agglomération,Hors intersection,Temps couvert,Deux véhicules - côté,3,2,2,0,1,2,2,0,1,80,2,2,1,0,0,1,19.0,26.0,voiture,voiture,3,1,1,8,3
202400033054,2024-12-15 08:50:00,2024,12,15,8,50,69,69244,44 Route de Paris,45.766075,4.764612,Plein jour,En agglomération,Intersection en T,Temps couvert,Deux véhicules - arrière,7,2,3,0,2,1,2,0,1,50,2,3,2,0,0,1,39.0,36.0,voiture,utilitaire_camion,1,2,3,8,2
202400033054,2024-12-15 08:50:00,2024,12,15,8,50,69,69244,44 Route de Paris,45.766075,4.764612,Plein jour,En agglomération,Intersection en T,Temps couvert,Deux véhicules - arrière,7,1,1,2,2,1,2,0,1,20,2,3,2,0,0,1,39.0,36.0,voiture,utilitaire_camion,1,2,3,8,2
202400033055,2024-12-13 15:20:00,2024,12,13,15,20,974,97418,Rue Michel Ange,-20.898949,55.517934,Plein jour,En agglomération,Autre intersection,Normale,Deux véhicules - côté,6,-1, -1,0,1,1,1,9,1,30,2,2,1,0,1,0,42.0,30.0,deux_roues,voiture,1,2,9,1,3
202400033056,2024-12-14 17:15:00,2024,12,14,17,15,973,97304,rn1 PK 43 490,5.074647,-52.60078,Plein jour,Hors agglomération,Hors intersection,Normale,Deux véhicules - côté,2,2,2,0,1,1,1,0,1,80,2,3,0,0,0,3,20.0,20.0,voiture,voiture,1,1,1,1,3
202400033057,2024-12-06 15:00:00,2024,12,6,15,0,2A,2A163,RT40,41.490706,8.975444,Plein jour,Hors agglomération,Hors intersection,Pluie légère,Deux véhicules - frontale,2,2,2,0,2,3,2,0,1,80,2,3,1,0,1,1,62.0,43.0,voiture,voiture,1,1,1,2,1
202400033058,2024-12-14 17:20:00,2024,12,14,17,20,11,11425,,43.275667,2.337888,Nuit avec éclairage allumé,En agglomération,Hors intersection,Pluie légère,Sans collision,3,2,2,0,1,1,2,0,1,50,1,1,0,0,1,0,35.0,,deux_roues,,5,2,1,2,7
202400033059,2024-12-14 09:10:00,2024,12,14,9,10,34,34057,Avenue Georges Frêche,43.626982,3.898768,Crépuscule ou aube,En agglomération,Hors intersection,Temps éblouissant,Deux véhicules - côté,7,3,0,0,1,1,1,0,1,50,2,2,1,0,0,1,24.0,29.0,voiture,deux_roues,2,2,1,7,3
202400033060,2024-12-15 06:50:00,2024,12,15,6,50,89,89442,A19,48.116428,3.135395,Nuit sans éclairage public,Hors agglomération,Hors intersection,Normale,Autre collision,1,3,2,0,1,3,1,0,3,130,1,2,1,0,0,1,21.0,,voiture,,3,1,1,1,6
202400033061,2024-12-14 22:43:00,2024,12,14,22,43,26,26206,Route de Beaumont les Valence,44.840557,4.963449,Nuit sans éclairage public,Hors agglomération,Autre intersection,Pluie légère,Sans collision,3,2,2,0,1,3,2,0,3,80,1,1,0,0,1,0,33.0,,voiture,,3,1,9,2,7
202400033062,2024-12-15 14:55:00,2024,12,15,14,55,69,69019,Route de la Mézerine,46.106442,4.710356,Plein jour,Hors agglomération,Hors intersection,Normale,Autre collision,4,2,2,0,1,1,1,0,8,80,1,1,0,0,0,1,21.0,,voiture,,1,1,1,1,6
202400033063,2024-12-15 15:30:00,2024,12,15,15,30,65,65089,D918,42.883315,0.031393,Plein jour,Hors agglomération,Hors intersection,Normale,Deux véhicules - frontale,3,2,2,0,2,2,2,0,1,80,2,5,0,0,0,5,38.0,30.0,voiture,voiture,1,1,1,1,1
202400033064,2024-12-15 17:15:00,2024,12,15,17,15,79,79069,,46.776743,-0.477219,Crépuscule ou aube,Hors agglomération,Hors intersection,Pluie légère,Sans collision,3,2,2,0,2,2,2,0,1,80,1,1,0,1,0,0,19.0,,deux_roues,,2,1,1,2,7
202400033065,2024-12-14 05:39:00,2024,12,14,5,39,86,86121,D62,46.59833077,0.06818911,Nuit sans éclairage public,Hors agglomération,Hors intersection,Normale,Autre collision,3,2,2,0,1,1,2,0,3,80,1,4,3,0,1,0,19.0,,voiture,,3,1,1,1,6
202400033066,2024-12-14 19:00:00,2024,12,14,19,0,33,33101,,45.200615,-0.572609,Nuit sans éclairage public,Hors agglomération,Intersection en X,Pluie légère,Deux véhicules - côté,4,-1,1,0,1,1,2,0,1,80,2,2,1,0,1,0,17.0,60.0,deux_roues,voiture,3,1,2,2,3
202400033066,2024-12-14 19:00:00,2024,12,14,19,0,33,33101,,45.200615,-0.572609,Nuit sans éclairage public,Hors agglomération,Intersection en X,Pluie légère,Deux véhicules - côté,4,2,2,0,1,1,2,0,1,80,2,2,1,0,1,0,17.0,60.0,deux_roues,voiture,3,1,2,2,3
202400033067,2024-12-14 20:10:00,2024,12,14,20,10,35,35047,D177,48.035024,-1.758585,Nuit sans éclairage public,Hors agglomération,Hors intersection,Normale,Trois véhicules et plus - collisions multiples,7,3,4,0,1,1,1,0,1,110,3,5,3,1,0,1,86.0,37.0,voiture,voiture,3,1,1,1,5
202400033068,2024-12-14 03:40:00,2024,12,14,3,40,13,13015,A51-Sens Aix en Provence vers Marseille,43.42858285,5.38846117,Nuit sans éclairage public,Hors agglomération,Hors intersection,Pluie légère,Trois véhicules et plus - collisions multiples,1,3,3,0,1,1,2,0,1,90,1,1,0,0,0,1,31.0,,voiture,,3,1,1,2,5
202400033069,2024-12-14 18:30:00,2024,12,14,18,30,33,33281,,44.835384,-0.676606,Plein jour,Hors agglomération,Hors intersection,Normale,Trois véhicules et plus - collisions multiples,1,3,6,0,1,1,1,0,1,90,3,3,2,0,1,0,20.0,26.0,voiture,utilitaire_camion,1,1,1,1,5
202400033070,2024-12-14 14:06:00,2024,12,14,14,6,33,33249,,44.884607,-0.513312,Plein jour,Hors agglomération,Hors intersection,Normale,Sans collision,1,1,2,0,3,3,2,3,1,50,2,2,1,0,0,1,50.0,36.0,deux_roues,voiture,1,1,1,1,7
202400033071,2024-12-14 11:07:00,2024,12,14,11,7,33,33063,,44.882095,-0.547991,Plein jour,Hors agglomération,Hors intersection,Pluie légère,Trois véhicules et plus - en chaîne,1,3,6,1,2,1,2,2,1,70,3,7,6,0,0,1,40.0,20.0,voiture,voiture,1,1,1,2,4
202400033072,2024-12-14 13:25:00,2024,12,14,13,25,91,91521,RN 440,48.633731,2.403459,Plein jour,Hors agglomération,Hors intersection,Normale,Trois véhicules et plus - collisions multiples,2,1,1,0,1,1,1,0,1,50,3,3,2,0,0,1,43.0,71.0,voiture,voiture,1,1,1,1,5
202400033073,2024-12-10 12:30:00,2024,12,10,12,30,91,91434,AUTOROUTE A6,48.668553,2.353344,Plein jour,Hors agglomération,Hors intersection,Normale,Autre collision,1,3,3,0,1,1,1,0,1,110,1,2,1,0,0,1,83.0,,voiture,,1,1,1,1,6
202400033074,2024-12-14 12:20:00,2024,12,14,12,20,92,92036,A86,48.93784644,2.29759097,Plein jour,Hors agglomération,Hors intersection,Normale,Deux véhicules - arrière,1,-1,2,0,1,1,1,0,1,90,2,2,1,0,1,0,37.0,26.0,voiture,deux_roues,1,1,1,1,2
202400033075,2024-12-14 09:10:00,2024,12,14,9,10,92,92025,A86,48.92210032,2.22649712,Plein jour,Hors agglomération,Hors intersection,Normale,Trois véhicules et plus - en chaîne,1,-1,2,0,1,1,1,0,1,90,3,3,2,0,0,1,26.0,30.0,voiture,voiture,1,1,1,1,4
202400033076,2024-12-13 23:40:00,2024,12,13,23,40,78,78043,A12 Y,48.841952,2.101476,Nuit sans éclairage public,Hors agglomération,Hors intersection,Normale,Autre collision,1,1,1,0,1,1,1,0,1,90,1,1,0,0,0,1,25.0,,voiture,,3,1,1,1,6
202400033077,2024-03-02 09:35:00,2024,3,2,9,35,41,41157,D20,47.454785,1.575712,Plein jour,Hors agglomération,Intersection en X,Pluie forte,Deux véhicules - côté,3,2,2,0,1,1,2,0,1,-1,2,3,2,0,1,0,59.0,40.0,utilitaire_camion,utilitaire_camion,1,1,2,3,3
202400033077,2024-03-02 09:35:00,2024,3,2,9,35,41,41157,D20,47.454785,1.575712,Plein jour,Hors agglomération,Intersection en X,Pluie forte,Deux véhicules - côté,3,2,2,-1,-1,-1,2,-1,-1,-1,2,3,2,0,1,0,59.0,40.0,utilitaire_camion,utilitaire_camion,1,1,2,3,3
202400033078,2024-03-03 12:05:00,2024,3,3,12,5,85,85290,D148,46.5396084,-1.0226485,Plein jour,Hors agglomération,Intersection en X,Normale,Deux véhicules - côté,3,2, -1,-1,1,1,1,0,1,-1,2,3,1,0,1,1,52.0,19.0,voiture,voiture,1,1,2,1,3
202400033078,2024-03-03 12:05:00,2024,3,3,12,5,85,85290,D148,46.5396084,-1.0226485,Plein jour,Hors agglomération,Intersection en X,Normale,Deux véhicules - côté,3,2,2,0,1,1,1,0,1,-1,2,3,1,0,1,1,52.0,19.0,voiture,voiture,1,1,2,1,3
202400033079,2024-03-03 01:30:00,2024,3,3,1,30,21,21128,"Autoroute A6, PK 258.600, sens Paris-Lyon",47.286826,4.507743,Nuit sans éclairage public,Hors agglomération,Hors intersection,Pluie légère,Sans collision,1,3,2,0,1,1,2,0,3,100,1,51,41,1,8,1,64.0,,transport_commun,,3,1,1,2,7
202400033080,2024-03-03 02:50:00,2024,3,3,2,50,76,76244,A28 PK 063+300,49.711688,1.385264,Nuit sans éclairage public,Hors agglomération,Hors intersection,Brouillard / fumée,Deux véhicules - côté,1,1,2,0,2,3,1,0,1,130,2,4,3,0,0,1,31.0,42.0,voiture,voiture,3,1,1,5,3
202400033081,2024-03-03 06:15:00,2024,3,3,6,15,58,58086,A77,47.411565,2.945795,Nuit sans éclairage public,Hors agglomération,Hors intersection,Pluie forte,Deux véhicules - frontale,1,3,2,0,2,3,2,0,1,90,2,2,1,0,1,0,33.0,82.0,voiture,voiture,3,1,1,3,1
202400033082,2024-03-03 09:40:00,2024,3,3,9,40,66,66028,Avenue André Ampère,42.688407,2.919934,Plein jour,En agglomération,Hors intersection,Normale,Deux véhicules - côté,4,3,2,0,1,1,1,0,1,50,2,2,1,0,1,0,37.0,38.0,deux_roues,utilitaire_camion,1,2,1,1,3
202400033083,2024-03-03 17:40:00,2024,3,3,17,40,56,56185,Kercadoret,47.792169,-3.391943,Plein jour,Hors agglomération,Hors intersection,Normale,Deux véhicules - frontale,4,2,2,0,2,1,1,0,1,80,2,2,1,1,0,0,39.0,67.0,utilitaire_camion,deux_roues,1,1,1,1,1
202400033084,2024-03-03 18:25:00,2024,3,3,18,25,74,74131,Route départementale 1508,46.023236,5.906117,Crépuscule ou aube,Hors agglomération,Hors intersection,Normale,Deux véhicules - frontale,3,2,2,0,1,1,1,0,1,80,2,3,0,0,3,0,34.0,22.0,voiture,voiture,2,1,1,1,1
202400033085,2024-03-02 21:45:00,2024,3,2,21,45,76,76230,Route du Héron,49.470362,1.395237,Nuit avec éclairage allumé,En agglomération,Hors intersection,Normale,Autre collision,3,2,2,0,4,3,1,0,1,50,1,4,1,0,1,2,21.0,,voiture,,5,2,1,1,6
202400033086,2024-03-03 14:50:00,2024,3,3,14,50,80,80808,D12,50.303321,1.843708,Plein jour,Hors agglomération,Intersection en X,Normale,Deux véhicules - frontale,3,2,2,0,2,1,1,0,1,-1,2,3,2,1,0,0,76.0,49.0,voiture,deux_roues,1,1,2,1,1
202400033086,2024-03-03 14:50:00,2024,3,3,14,50,80,80808,D12,50.303321,1.843708,Plein jour,Hors agglomération,Intersection en X,Normale,Deux véhicules - frontale,3,2,2,0,2,1,1,0,1,-1,2,3,2,1,0,0,76.0,49.0,voiture,deux_roues,1,1,2,1,1
202400033087,2024-03-03 12:30:00,2024,3,3,12,30,55,55198,D904,49.10139176,5.62143832,Plein jour,Hors agglomération,Hors intersection,Normale,Deux véhicules - frontale,3,2,2,0,1,1,1,0,1,90,2,2,0,0,2,0,62.0,42.0,voiture,voiture,1,1,1,1,1
202400033088,2024-03-02 14:40:00,2024,3,2,14,40,42,42062,Route de Saint Galmier,45.589287,4.398705,Plein jour,En agglomération,Intersection en Y,Normale,Deux véhicules - côté,3,2,2,0,2,3,1,0,1,50,2,2,1,0,1,0,50.0,31.0,deux_roues,voiture,1,2,4,1,3
202400033088,2024-03-02 14:40:00,2024,3,2,14,40,42,42062,Route de Saint Galmier,45.589287,4.398705,Plein jour,En agglomération,Intersection en Y,Normale,Deux véhicules - côté,3,2,2,-1,2,1,1,0,1,-1,2,2,1,0,1,0,50.0,31.0,deux_roues,voiture,1,2,4,1,3
202400033089,2024-03-03 03:30:00,2024,3,3,3,30,42,42238,Route de Saint-Priest,45.794265,3.808833,Nuit sans éclairage public,Hors agglomération,Hors intersection,Pluie forte,Sans collision,3,2,2,0,1,2,2,0,3,80,1,2,1,0,1,0,24.0,,voiture,,3,1,1,3,7
202400033090,2024-03-01 16:00:00,2024,3,1,16,0,44,44096,45 Rue de la Vieille Cour,47.431856,-1.230565,Plein jour,En agglomération,Hors intersection,Pluie légère,Deux véhicules - côté,3,2,2,0,1,1,2,0,1,50,2,2,1,0,1,0,16.0,51.0,deux_roues,voiture,1,2,1,2,3
202400033091,2024-03-02 17:20:00,2024,3,2,17,20,31,31264,D622,43.33596,1.397946,Plein jour,Hors agglomération,Hors intersection,Temps couvert,Autre collision,3,2,2,0,2,3,2,0,1,80,1,1,0,0,1,0,38.0,,deux_roues,,1,1,1,8,6
202400033092,2024-03-02 15:50:00,2024,3,2,15,50,03,03029,"D130 - Lieu dit : ""CHALUS""",46.243605,3.460307,Plein jour,Hors agglomération,Hors intersection,Pluie légère,Autre collision,3,2,2,0,2,4,2,0,3,70,1,1,0,0,1,0,45.0,,deux_roues,,1,1,1,2,6
202400033093,2024-03-02 23:10:00,2024,3,2,23,10,01,01269,Route de La-cluse,46.165105,5.584595,Nuit sans éclairage public,Hors agglomération,Hors intersection,Normale,Deux véhicules - frontale,3,2,2,1,1,3,1,0,1,70,2,2,0,0,0,2,44.0,29.0,voiture,voiture,3,1,1,1,1
202400033094,2024-03-03 18:30:00,2024,3,3,18,30,50,50425,Carrefour des Feuffes,49.526204,-1.643765,Crépuscule ou aube,Hors agglomération,Hors intersection,Normale,Sans collision,3,2,2,0,1,2,1,0,1,80,1,1,0,0,0,1,18.0,,deux_roues,,2,1,1,1,7
202400033095,2024-03-03 04:35:00,2024,3,3,4,35,64,64436,Route départementale 918,43.25183,-1.318617,Nuit sans éclairage public,Hors agglomération,Hors intersection,Pluie forte,Deux véhicules - frontale,3,2,2,0,1,1,2,0,1,90,2,3,1,0,1,1,37.0,18.0,voiture,voiture,3,1,1,3,1
202400033096,2024-03-03 04:59:00,2024,3,3,4,59,07,07225,Route de Savas,45.276396,4.678904,Nuit sans éclairage public,En agglomération,Hors intersection,Pluie forte,Autre collision,3,2,2,0,1,2,2,0,1,50,1,2,0,1,0,1,19.0,,voiture,,3,2,1,3,6
202400033097,2024-03-03 09:55:00,2024,3,3,9,55,37,37282,55 Rue Pasteur,46.78494484,0.87545751,Plein jour,En agglomération,Hors intersection,Normale,Autre collision,3,2,2,0,1,1,1,0,4,50,1,1,0,0,1,0,87.0,,deux_roues,,1,2,1,1,6
202400033098,2024-03-02 21:40:00,2024,3,2,21,40,30,30163,,43.955754,4.175856,Nuit avec éclairage non allumé,Hors agglomération,Hors intersection,Pluie légère,Sans collision,3,-1,2,0,1,1,2,0,1,80,1,1,0,0,1,0,17.0,,deux_roues,,4,1,1,2,7
202400033099,2024-03-02 21:00:00,2024,3,2,21,0,13,13050,Route de Pelissanne,43.649352,5.223988,Nuit sans éclairage public,Hors agglomération,Hors intersection,Pluie légère,Sans collision,3,2,2,0,1,2,2,0,1,80,1,5,1,0,2,2,19.0,,voiture,,3,1,1,2,7
202400033100,2024-03-02 19:35:00,2024,3,2,19,35,03,03031,A71 PK 296.000,46.388387,2.71785,Nuit sans éclairage public,Hors agglomération,Hors intersection,Pluie forte,Autre collision,1,3,2,0,1,2,2,0,2,110,1,5,4,0,1,0,51.0,,voiture,,3,1,1,3,6
202400033101,2024-03-01 15:05:00,2024,3,1,15,5,38,38189,D518z,45.639488,5.047231,Plein jour,Hors agglomération,Hors intersection,Normale,Deux véhicules - côté,3,2,2,0,1,1,1,0,1,80,2,2,0,0,0,2,50.0,34.0,voiture,utilitaire_camion,1,1,1,1,3
202400033102,2024-03-02 00:11:00,2024,3,2,0,11,987,98714,Vaitape - face magasin Bora Home Dépôt,-16.388,-151.765,Nuit avec éclairage allumé,En agglomération,Hors intersection,Normale,Autre collision,2,2,2,0,1,2,1,0,1,40,1,1,0,0,1,0,32.0,,deux_roues,,5,2,1,1,6
202400033103,2024-03-03 12:25:00,2024,3,3,12,25,988,98822,Tiéti (Tribu),-20.915446,165.302525,Plein jour,En agglomération,Hors intersection,Normale,Autre collision,2,2,2,0,1,3,1,0,3,70,1,4,0,1,1,2,16.0,,voiture,,1,2,1,1,6
202400033104,2024-04-09 00:35:00,2024,4,9,0,35,23,23096,RN 145,46.18255471,1.8774894,Nuit sans éclairage public,Hors agglomération,Autre intersection,Pluie légère,Autre collision,2,1, -1,0,1,1,2,3,1,70,1,4,3,0,0,1,46.0,,voiture,,3,1,9,2,6
202400033105,2024-04-09 13:55:00,2024,4,9,13,55,19,19031,DUBOIS (BOULEVARD CARDINAL),45.163,1.54062,Plein jour,En agglomération,Hors intersection,Pluie légère,Deux véhicules - arrière,4,2,3,0,1,1,2,0,1,50,2,3,1,0,0,2,55.0,52.0,voiture,voiture,1,2,1,2,2
202400033106,2024-02-26 18:30:00,2024,2,26,18,30,971,97117,RN 5,16.334477,-61.366169,Crépuscule ou aube,En agglomération,Hors intersection,Normale,Deux véhicules - côté,2,2,2,0,1,1,1,0,1,45,2,2,1,0,0,1,56.0,25.0,voiture,deux_roues,2,2,1,1,3
202400033107,2024-04-09 23:00:00,2024,4,9,23,0,13,13203,ROGER SALENGRO (AVENUE),43.32054,5.36744,Nuit avec éclairage non allumé,En agglomération,Hors intersection,Normale,Deux véhicules - frontale,4,-1,2,0,1,1,1,0,1,50,2,2,1,0,0,1,28.0,,deux_roues,autre,4,2,1,1,1
202400033108,2024-02-24 18:55:00,2024,2,24,18,55,13,13081,D113,43.504714,5.209268,Nuit sans éclairage public,Hors agglomération,Hors intersection,Normale,Deux véhicules - frontale,3,2,3,0,2,1,1,0,1,90,2,2,1,1,0,0,69.0,72.0,voiture,deux_roues,3,1,1,1,1
202400033109,2024-03-02 13:55:00,2024,3,2,13,55,13,13022,D559a,43.226553,5.586237,Plein jour,Hors agglomération,Hors intersection,Temps couvert,Sans collision,3,2,2,0,4,2,1,0,1,70,1,1,0,0,1,0,27.0,,deux_roues,,1,1,1,8,7
202400033110,2024-04-09 07:43:00,2024,4,9,7,43,13,13212,POILUS (AVENUE DES),43.318,5.459,Plein jour,En agglomération,Hors intersection,Normale,Deux véhicules - côté,4,2,2,0,1,1,2,0,1,50,2,2,1,0,0,1,68.0,18.0,voiture,deux_roues,1,2,1,1,3
202400033111,2024-03-02 11:30:00,2024,3,2,11,30,13,13030,D8n,43.268706,5.675726,Plein jour,Hors agglomération,Hors intersection,Temps couvert,Deux véhicules - frontale,3,2,2,0,2,4,1,0,1,80,2,2,1,0,1,0,59.0,38.0,voiture,deux_roues,1,1,1,8,1
202400033112,2024-04-08 14:30:00,2024,4,8,14,30,13,13201,JEAN BALLARD (COURS),43.29347949,5.37426508,Plein jour,En agglomération,Hors intersection,Normale,Deux véhicules - frontale,4,1,3,3,1,1,1,0,1,50,1,2,1,0,0,1,,,autre,,1,2,1,1,1
202400033113,2024-03-02 23:45:00,2024,3,2,23,45,54,54346,RD907,48.795896,5.96755,Nuit sans éclairage public,Hors agglomération,Hors intersection,Pluie légère,Autre collision,3,2,2,0,1,3,2,0,3,80,1,2,0,0,2,0,36.0,,voiture,,3,1,1,2,6
202400033114,2024-04-09 17:30:00,2024,4,9,17,30,11,11069,,43.205439,2.330322,Plein jour,En agglomération,Hors intersection,Pluie légère,Deux véhicules - côté,4,-1,2,0,1,1,2,0,1,50,2,2,1,0,0,1,24.0,17.0,voiture,deux_roues,1,2,1,2,3
202400033115,2024-04-08 18:10:00,2024,4,8,18,10,10,10325,PASTEUR (RUE),48.2625,4.0802,Plein jour,En agglomération,Hors intersection,Normale,Autre collision,4,2,1,1,1,1,1,0,5,25,1,2,0,0,0,2,15.0,,deux_roues,,1,2,1,1,6
202400033116,2024-02-28 11:00:00,2024,2,28,11,0,01,01313,D35B,46.254076,6.062881,Plein jour,Hors agglomération,Intersection en T,Normale,Deux véhicules - côté,3,2,2,0,1,1,1,0,1,70,2,2,1,0,1,0,90.0,37.0,voiture,deux_roues,1,1,3,1,3
202400033116,2024-02-28 11:00:00,2024,2,28,11,0,01,01313,D35B,46.254076,6.062881,Plein jour,Hors agglomération,Intersection en T,Normale,Deux véhicules - côté,3,2, -1,-1,2,3,1,0,1,-1,2,2,1,0,1,0,90.0,37.0,voiture,deux_roues,1,1,3,1,3
202400033117,2024-03-02 16:00:00,2024,3,2,16,0,69,69228,2090 Route de Sainte-Catherine,45.595828,4.594286,Plein jour,Hors agglomération,Hors intersection,Temps couvert,Sans collision,3,2,2,0,2,1,1,0,8,80,1,1,0,0,1,0,63.0,,voiture,,1,1,1,8,7
202400033118,2024-04-07 19:25:00,2024,4,7,19,25,06,06088,Promenade des Anglais,43.69501,7.26555,Plein jour,En agglomération,Hors intersection,Normale,Autre collision,7,3,7,0,1,1,1,0,1,50,1,4,1,0,0,3,27.0,,deux_roues,,1,2,1,1,6
202400033119,2024-03-02 06:12:00,2024,3,2,6,12,17,17086,58 Route des Passereaux,45.745395,-0.581825,Nuit sans éclairage public,Hors agglomération,Hors intersection,Pluie légère,Deux véhicules - frontale,2,2,2,0,1,1,2,0,1,90,2,2,1,0,0,1,23.0,24.0,voiture,voiture,3,1,1,2,1
202400033120,2024-04-09 19:32:00,2024,4,9,19,32,06,06004,Route du Bord de Mer,43.6112,7.12671,Plein jour,Hors agglomération,Giratoire,Normale,Deux véhicules - côté,3,3,4,0,1,1,1,1,1,50,2,2,1,0,0,1,72.0,52.0,voiture,deux_roues,1,1,6,1,3
202400033120,2024-04-09 19:32:00,2024,4,9,19,32,06,06004,Route du Bord de Mer,43.6112,7.12671,Plein jour,Hors agglomération,Giratoire,Normale,Deux véhicules - côté,3,3,4,0,1,1,1,0,1,50,2,2,1,0,0,1,72.0,52.0,voiture,deux_roues,1,1,6,1,3
202400033121,2024-03-03 12:00:00,2024,3,3,12,0,50,50149,D22,49.5562,-1.683534,Plein jour,Hors agglomération,Hors intersection,Normale,Deux véhicules - côté,3,2,2,0,1,2,1,0,1,80,2,4,0,1,0,3,24.0,39.0,voiture,voiture,1,1,1,1,3
202400033122,2024-04-09 10:45:00,2024,4,9,10,45,06,06004,55 Avenue de Cannes,43.573872,7.090752,Plein jour,En agglomération,Giratoire,Pluie légère,Deux véhicules - arrière,4,3,2,1,1,1,2,9,5,20,2,3,2,0,1,0,41.0,37.0,voiture,deux_roues,1,2,6,2,2
202400033122,2024-04-09 10:45:00,2024,4,9,10,45,06,06004,55 Avenue de Cannes,43.573872,7.090752,Plein jour,En agglomération,Giratoire,Pluie légère,Deux véhicules - arrière,4,3,2,0,1,1,1,0,1,-1,2,3,2,0,1,0,41.0,37.0,voiture,deux_roues,1,2,6,2,2
202400033123,2024-03-02 15:25:00,2024,3,2,15,25,14,14753,Chemin de Bougran,48.933742,-0.261687,Plein jour,En agglomération,Intersection en T,Normale,Deux véhicules - arrière,3,2,2,0,1,1,1,0,1,50,2,2,1,0,1,0,35.0,59.0,utilitaire_camion,deux_roues,1,2,3,1,2
202400033123,2024-03-02 15:25:00,2024,3,2,15,25,14,14753,Chemin de Bougran,48.933742,-0.261687,Plein jour,En agglomération,Intersection en T,Normale,Deux véhicules - arrière,3,2,2,0,1,1,1,0,1,50,2,2,1,0,1,0,35.0,59.0,utilitaire_camion,deux_roues,1,2,3,1,2
202400033124,2024-04-08 17:05:00,2024,4,8,17,5,04,04112,DEPARTEMENTALE 4096,43.82076,5.78721,Plein jour,En agglomération,Hors intersection,Normale,Autre collision,3,2,4,0,1,1,1,0,1,50,3,3,1,0,0,2,23.0,23.0,voiture,deux_roues,1,2,1,1,6
202400033125,2024-03-03 18:10:00,2024,3,3,18,10,60,60170,D924,49.203651,2.550751,Plein jour,Hors agglomération,Intersection en X,Normale,Deux véhicules - côté,3,2,2,0,1,1,1,0,1,70,2,3,1,0,0,2,20.0,77.0,deux_roues,voiture,1,1,2,1,3
202400033125,2024-03-03 18:10:00,2024,3,3,18,10,60,60170,D924,49.203651,2.550751,Plein jour,Hors agglomération,Intersection en X,Normale,Deux véhicules - côté,3,2, -1,-1,1,1,1,0,1,-1,2,3,1,0,0,2,20.0,77.0,deux_roues,voiture,1,1,2,1,3
202400033126,2024-04-09 17:00:00,2024,4,9,17,0,75,75120,BD PERIPHERIQUE INTERIEUR,48.869643,2.413267,Plein jour,En agglomération,Hors intersection,Normale,Deux véhicules - côté,4,1,4,0,1,1,1,0,1,70,2,2,0,0,1,1,21.0,58.0,voiture,deux_roues,1,2,1,1,3
202400033127,2024-04-09 08:15:00,2024,4,9,8,15,75,75116,BD PERIPHERIQUE INTERIEUR,48.857166,2.25862,Plein jour,En agglomération,Hors intersection,Normale,Trois véhicules et plus - en chaîne,4,1,4,0,1,1,1,1,1,70,3,3,2,0,0,1,27.0,47.0,deux_roues,voiture,1,2,1,1,4
202400033128,2024-03-03 14:25:00,2024,3,3,14,25,60,60570,D923,49.250674,2.039267,Plein jour,Hors agglomération,Intersection en X,Normale,Deux véhicules - côté,3,2,2,0,1,1,1,0,1,80,2,9,8,0,0,1,23.0,47.0,voiture,voiture,1,1,2,1,3
202400033128,2024-03-03 14:25:00,2024,3,3,14,25,60,60570,D923,49.250674,2.039267,Plein jour,Hors agglomération,Intersection en X,Normale,Deux véhicules - côté,3,2, -1,-1,1,1,1,0,1,-1,2,9,8,0,0,1,23.0,47.0,voiture,voiture,1,1,2,1,3