accident_id,datetime,annee,mois,jour,heure,minute,departement,commune_insee,adresse,latitude,longitude,luminosite,agglomeration,intersection,meteo,collision,catr,circ,nbv,vosp,prof,plan,surf,infra,situ,vma,nb_vehicules,nb_usagers,nb_indemnes,nb_tues,nb_blesses_hosp,nb_blesses_legers,age_cond_1,age_cond_2,veh_type_cond_1,veh_type_cond_2,lum_code,agg_code,int_code,atm_code,col_code
202400033609,2024-04-07 13:10:00,2024,4,7,13,10,72,72181,DEGRE CITE D'AUTOMNE (RTE DE),48.01887,0.17411,Plein jour,En agglomération,Autre intersection,Normale,Deux véhicules - côté,4,2,2,3,1,1,1,0,5,30,2,2,1,0,0,1,83.0,60.0,voiture,deux_roues,1,2,9,1,3
202400033610,2024-05-16 15:10:00,2024,5,16,15,10,76,76681,Avenue du 14 Juillet,49.41072842,1.07872653,Plein jour,En agglomération,Intersection en X,Normale,Deux véhicules - côté,7,2,2,0,1,1,1,-1,1,50,2,3,2,0,0,1,30.0,38.0,utilitaire_camion,deux_roues,1,2,2,1,3
202400033610,2024-05-16 15:10:00,2024,5,16,15,10,76,76681,Avenue du 14 Juillet,49.41072842,1.07872653,Plein jour,En agglomération,Intersection en X,Normale,Deux véhicules - côté,7,2,2,0,1,1,1,0,1,50,2,3,2,0,0,1,30.0,38.0,utilitaire_camion,deux_roues,1,2,2,1,3
202400033611,2024-01-18 17:45:00,2024,1,18,17,45,69,69106,Route de la Colline,45.927155,4.690068,Nuit avec éclairage allumé,En agglomération,Intersection en X,Pluie légère,Deux véhicules - côté,3,2,2,0,1,1,2,0,1,50,2,2,1,0,0,1,47.0,24.0,voiture,voiture,5,2,2,2,3
202400033611,2024-01-18 17:45:00,2024,1,18,17,45,69,69106,Route de la Colline,45.927155,4.690068,Nuit avec éclairage allumé,En agglomération,Intersection en X,Pluie légère,Deux véhicules - côté,3,1,1,0,1,1,2,0,1,-1,2,2,1,0,0,1,47.0,24.0,voiture,voiture,5,2,2,2,3
202400033612,2024-04-08 08:35:00,2024,4,8,8,35,69,69264,Avenue Laurent-Bonnevay,45.98379,4.70608,Plein jour,En agglomération,Hors intersection,Normale,Autre collision,4,2,2,0,1,1,1,0,1,50,1,2,1,0,0,1,,,voiture,,1,2,1,1,6
202400033613,2024-05-07 18:10:00,2024,5,7,18,10,76,76305,VERRERIE,49.50019,0.20545,Plein jour,En agglomération,Hors intersection,Normale,Autre collision,4,2,1,0,1,1,1,0,1,10,1,2,1,0,0,1,35.0,,deux_roues,,1,2,1,1,6
202400033614,2024-03-02 02:30:00,2024,3,2,2,30,77,77256,RD209 PR 32+041 et RD106 PR 6+638,48.522062,3.182387,Nuit sans éclairage public,Hors agglomération,Intersection en X,Pluie légère,Deux véhicules - arrière,3,2,2,0,1,1,2,5,8,80,2,3,1,0,2,0,39.0,,voiture,utilitaire_camion,3,1,2,2,2
202400033614,2024-03-02 02:30:00,2024,3,2,2,30,77,77256,RD209 PR 32+041 et RD106 PR 6+638,48.522062,3.182387,Nuit sans éclairage public,Hors agglomération,Intersection en X,Pluie légère,Deux véhicules - arrière,3,2,2,0,1,1,2,5,1,80,2,3,1,0,2,0,39.0,,voiture,utilitaire_camion,3,1,2,2,2
202400033615,2024-04-07 15:45:00,2024,4,7,15,45,69,69290,Avenue Charles de Gaulle,45.70308,4.93144,Plein jour,En agglomération,Hors intersection,Temps couvert,Autre collision,4,2,2,0,1,1,1,0,1,50,1,2,1,0,0,1,70.0,,voiture,,1,2,1,8,6
202400033616,2024-01-18 12:35:00,2024,1,18,12,35,85,85178,RD2B,46.767406,-1.500422,Plein jour,En agglomération,Giratoire,Normale,Deux véhicules - côté,3,2,2,0,2,1,1,0,1,50,2,2,1,0,0,1,27.0,39.0,voiture,deux_roues,1,2,6,1,3
202400033617,2024-05-15 10:10:00,2024,5,15,10,10,69,69199,Boulevard Yves Farge,45.70085,4.85636,Plein jour,En agglomération,Intersection en X,Pluie forte,Deux véhicules - côté,7,2,3,2,2,2,2,0,1,50,2,3,2,0,0,1,51.0,33.0,utilitaire_camion,voiture,1,2,2,3,3
202400033617,2024-05-15 10:10:00,2024,5,15,10,10,69,69199,Boulevard Yves Farge,45.70085,4.85636,Plein jour,En agglomération,Intersection en X,Pluie forte,Deux véhicules - côté,7,2,3,2,2,1,2,0,1,50,2,3,2,0,0,1,51.0,33.0,utilitaire_camion,voiture,1,2,2,3,3
202400033618,2024-03-02 10:35:00,2024,3,2,10,35,76,76755,D17,49.677085,0.514534,Plein jour,Hors agglomération,Intersection en X,Normale,Deux véhicules - frontale,3,2,2,0,1,1,1,0,1,80,2,3,2,0,1,0,42.0,52.0,voiture,voiture,1,1,2,1,1
202400033618,2024-03-02 10:35:00,2024,3,2,10,35,76,76755,D17,49.677085,0.514534,Plein jour,Hors agglomération,Intersection en X,Normale,Deux véhicules - frontale,3,2, -1,-1,1,1,1,0,1,-1,2,3,2,0,1,0,42.0,52.0,voiture,voiture,1,1,2,1,1
202400033619,2024-01-18 07:27:00,2024,1,18,7,27,13,13106,A51-Sens Marseille vers Aix en Provence,43.402542,5.355885,Crépuscule ou aube,Hors agglomération,Hors intersection,Pluie légère,Deux véhicules - côté,1,1,2,0,1,1,2,0,6,90,2,2,1,0,0,1,,34.0,utilitaire_camion,voiture,2,1,1,2,3
202400033620,2024-04-08 20:15:00,2024,4,8,20,15,67,67482,RACINE (AVENUE),48.59392,7.70146,Crépuscule ou aube,En agglomération,Hors intersection,Normale,Deux véhicules - côté,4,3,4,1,1,1,1,0,1,50,2,2,1,0,0,1,9.0,38.0,deux_roues,voiture,2,2,1,1,3
202400033621,2024-01-18 03:04:00,2024,1,18,3,4,13,13081,A7-Sens Marseille vers Lyon,43.49195399,5.24009441,Nuit sans éclairage public,Hors agglomération,Hors intersection,Pluie légère,Deux véhicules - frontale,1,1,1,0,2,2,2,3,2,70,1,1,0,0,0,1,24.0,,voiture,,3,1,1,2,1
202400033622,2024-05-16 15:25:00,2024,5,16,15,25,69,69091,Rue de la Paix,45.5850583,4.74998542,Plein jour,En agglomération,Hors intersection,Pluie légère,Deux véhicules - côté,1,3,4,0,2,2,2,0,1,90,2,2,0,0,0,2,23.0,68.0,voiture,voiture,1,2,1,2,3
202400033623,2024-04-08 11:45:00,2024,4,8,11,45,64,64445,BUROS DE,43.32453,-0.34422,Plein jour,En agglomération,Hors intersection,Normale,Sans collision,4,2,2,0,1,1,1,0,1,50,1,1,0,0,0,1,67.0,,deux_roues,,1,2,1,1,7
202400033624,2024-03-02 10:06:00,2024,3,2,10,6,82,82087,"D927 Km 13,350m",44.108215,1.25213,Plein jour,Hors agglomération,Hors intersection,Normale,Deux véhicules - frontale,3,2,2,0,1,3,1,0,1,70,2,3,1,0,0,2,19.0,55.0,voiture,voiture,1,1,1,1,1
202400033625,2024-05-16 16:50:00,2024,5,16,16,50,67,67447,PIERRE MENDES FRANCE (AVENUE),48.60669,7.76184,Plein jour,En agglomération,Hors intersection,Normale,Deux véhicules - côté,4,3,4,2,1,3,1,2,5,50,2,2,1,0,0,1,23.0,42.0,voiture,deux_roues,1,2,1,1,3
202400033626,2024-01-17 21:45:00,2024,1,17,21,45,13,13215,A55-Sens Marseille vers Martigues,43.33192,5.35435,Nuit sans éclairage public,Hors agglomération,Hors intersection,Pluie légère,Deux véhicules - arrière,1,-1,3,0,2,3,2,0,1,90,2,5,1,0,0,4,21.0,39.0,voiture,voiture,3,1,1,2,2
202400033627,2024-02-29 09:52:00,2024,2,29,9,52,71,71263,Rue du Jura,46.63298016,5.25071409,Plein jour,En agglomération,Hors intersection,Brouillard / fumée,Deux véhicules - frontale,3,2,2,0,1,1,1,0,1,90,2,2,1,0,0,1,79.0,77.0,voiture,voiture,1,2,1,5,1
202400033628,2024-04-07 14:00:00,2024,4,7,14,0,64,64102,BREUER MARCEL (AVENUE),43.50256,-1.45396,Plein jour,En agglomération,Intersection en X,Normale,Deux véhicules - côté,4,2,2,0,1,1,1,0,1,30,2,3,2,0,0,1,22.0,50.0,voiture,voiture,1,2,2,1,3
202400033628,2024-04-07 14:00:00,2024,4,7,14,0,64,64102,BREUER MARCEL (AVENUE),43.50256,-1.45396,Plein jour,En agglomération,Intersection en X,Normale,Deux véhicules - côté,4,2,2,0,1,1,1,0,1,30,2,3,2,0,0,1,22.0,50.0,voiture,voiture,1,2,2,1,3
202400033629,2024-05-16 10:30:00,2024,5,16,10,30,67,67482,FAUBOURG DE PIERRE (RUE DU),48.5871,7.7463,Plein jour,En agglomération,Intersection en T,Normale,Deux véhicules - côté,4,2,4,2,1,1,1,0,1,30,2,2,1,0,0,1,48.0,34.0,utilitaire_camion,deux_roues,1,2,3,1,3
202400033629,2024-05-16 10:30:00,2024,5,16,10,30,67,67482,FAUBOURG DE PIERRE (RUE DU),48.5871,7.7463,Plein jour,En agglomération,Intersection en T,Normale,Deux véhicules - côté,4,2,2,2,1,1,1,0,8,30,2,2,1,0,0,1,48.0,34.0,utilitaire_camion,deux_roues,1,2,3,1,3
202400033630,2024-03-01 17:20:00,2024,3,1,17,20,12,12082,route départementale 55,43.923245,3.306102,Plein jour,Hors agglomération,Hors intersection,Normale,Deux véhicules - côté,3,2,2,0,1,4,1,0,1,90,2,2,1,0,1,0,67.0,49.0,deux_roues,utilitaire_camion,1,1,1,1,3
202400033631,2024-04-06 00:50:00,2024,4,6,0,50,59,59024,DOUAI (RUE DE),50.33362,3.23162,Nuit sans éclairage public,En agglomération,Hors intersection,Normale,Autre collision,3,2,2,0,1,1,1,0,1,50,1,2,0,0,0,2,43.0,,deux_roues,,3,2,1,1,6
202400033632,2024-01-17 11:30:00,2024,1,17,11,30,59,59179,AUTOROUTE A2,50.30173,3.37188,Plein jour,Hors agglomération,Hors intersection,Neige / grêle,Autre collision,1,-1,4,0,1,1,5,0,1,130,1,1,0,0,0,1,41.0,,voiture,,1,1,1,4,6
202400033633,2024-01-18 12:42:00,2024,1,18,12,42,91,91363,RN 104,48.63347,2.22235,Plein jour,Hors agglomération,Hors intersection,Normale,Autre collision,2,1,2,0,1,1,1,0,1,110,1,2,0,0,0,2,62.0,,voiture,,1,1,1,1,6
202400033634,2024-04-07 20:23:00,2024,4,7,20,23,56,56083,BRUANT ( AV. ARISTIDE ),47.80271,-3.25972,Crépuscule ou aube,En agglomération,Giratoire,Pluie légère,Autre collision,3,2,2,0,2,1,2,5,1,50,1,1,0,0,1,0,65.0,,deux_roues,,2,2,6,2,6
202400033635,2024-01-18 11:30:00,2024,1,18,11,30,93,93010,A3,48.90833643,2.47350192,Plein jour,Hors agglomération,Hors intersection,Pluie légère,Sans collision,1,1,3,0,1,3,2,3,1,70,1,1,0,0,0,1,27.0,,deux_roues,,1,1,1,2,7
202400033636,2024-03-01 13:50:00,2024,3,1,13,50,22,22047,Rue de Pontivy,48.311907,-3.049551,Plein jour,En agglomération,Intersection en T,Normale,Deux véhicules - frontale,3,2,2,0,1,1,2,0,1,50,2,2,1,0,0,1,88.0,22.0,voiture,deux_roues,1,2,3,1,1
202400033636,2024-03-01 13:50:00,2024,3,1,13,50,22,22047,Rue de Pontivy,48.311907,-3.049551,Plein jour,En agglomération,Intersection en T,Normale,Deux véhicules - frontale,3,2,2,0,1,1,2,0,4,50,2,2,1,0,0,1,88.0,22.0,voiture,deux_roues,1,2,3,1,1
202400033637,2024-01-18 01:15:00,2024,1,18,1,15,95,95212,A1,49.0258956,2.53673418,Nuit sans éclairage public,Hors agglomération,Autre intersection,Neige / grêle,Autre collision,1,1,1,0,2,3,5,3,1,50,1,1,0,0,0,1,33.0,,voiture,,3,1,9,4,6
202400033638,2024-03-01 17:45:00,2024,3,1,17,45,22,22288,les Roches Morel,48.064781,-2.642835,Plein jour,Hors agglomération,Hors intersection,Pluie forte,Sans collision,3,2,2,0,1,1,2,0,3,80,1,1,0,0,1,0,22.0,,utilitaire_camion,,1,1,1,3,7
202400033639,2024-01-17 21:30:00,2024,1,17,21,30,95,95582,A15,48.96354803,2.26454987,Nuit sans éclairage public,Hors agglomération,Hors intersection,Pluie légère,Deux véhicules - arrière,1,3,4,0,1,1,2,0,1,90,2,2,1,0,0,1,,45.0,voiture,voiture,3,1,1,2,2
202400033640,2024-04-05 16:10:00,2024,4,5,16,10,56,56036,Pendreff,47.77657,-3.36223,Plein jour,Hors agglomération,Hors intersection,Pluie légère,Trois véhicules et plus - en chaîne,2,3,8,0,3,1,2,0,1,90,3,4,3,0,0,1,30.0,20.0,voiture,voiture,1,1,1,2,4
202400033641,2024-05-15 19:00:00,2024,5,15,19,0,67,67482,WANTZENAU (RTE DE LA),48.60352,7.7765,Plein jour,En agglomération,Intersection en T,Normale,Deux véhicules - côté,4,2,2,0,1,1,1,0,1,30,2,3,1,0,0,2,50.0,24.0,deux_roues,voiture,1,2,3,1,3
202400033641,2024-05-15 19:00:00,2024,5,15,19,0,67,67482,WANTZENAU (RTE DE LA),48.60352,7.7765,Plein jour,En agglomération,Intersection en T,Normale,Deux véhicules - côté,4,2,4,0,1,1,1,8,1,50,2,3,1,0,0,2,50.0,24.0,deux_roues,voiture,1,2,3,1,3
202400033642,2024-04-05 16:10:00,2024,4,5,16,10,56,56098,Avenue Victor Schoelcher,47.75122,-3.33025,Plein jour,En agglomération,Passage à niveau,Pluie légère,Sans collision,4,2,2,0,1,1,2,4,1,50,1,1,0,0,0,1,55.0,,deux_roues,,1,2,8,2,7
202400033643,2024-01-17 18:30:00,2024,1,17,18,30,93,93066,A1,48.91899344,2.357294,Nuit avec éclairage allumé,Hors agglomération,Hors intersection,Pluie légère,Deux véhicules - arrière,1,3,4,0,2,1,2,0,1,90,2,2,1,0,0,1,50.0,52.0,voiture,voiture,5,1,1,2,2
202400033644,2024-03-02 07:20:00,2024,3,2,7,20,70,70208,N57,47.540654,6.134652,Plein jour,Hors agglomération,Hors intersection,Normale,Deux véhicules - arrière,2,3,2,0,2,2,1,0,1,110,2,9,2,0,3,4,26.0,57.0,voiture,voiture,1,1,1,1,2
202400033645,2024-05-15 17:00:00,2024,5,15,17,0,67,67482,RHIN (AVENUE DU),48.57104,7.77525,Plein jour,En agglomération,Hors intersection,Temps couvert,Deux véhicules - côté,4,3,7,1,1,1,1,0,5,50,2,2,1,0,0,1,48.0,39.0,voiture,deux_roues,1,2,1,8,3
202400033646,2024-04-03 16:50:00,2024,4,3,16,50,52,52121,REPUBLIQUE (AVENUE),48.0983,5.14498,Plein jour,En agglomération,Intersection en T,Normale,Deux véhicules - côté,3,-1,2,0,1,1,1,0,1,50,2,2,1,0,0,1,47.0,29.0,voiture,deux_roues,1,2,3,1,3
202400033646,2024-04-03 16:50:00,2024,4,3,16,50,52,52121,REPUBLIQUE (AVENUE),48.0983,5.14498,Plein jour,En agglomération,Intersection en T,Normale,Deux véhicules - côté,3,-1,2,2,1,1,1,0,1,50,2,2,1,0,0,1,47.0,29.0,voiture,deux_roues,1,2,3,1,3
202400033647,2024-01-18 01:05:00,2024,1,18,1,5,94,94073,A86,48.7658023,2.37939522,Nuit avec éclairage allumé,Hors agglomération,Hors intersection,Pluie légère,Autre collision,1,1,3,0,1,1,2,1,1,90,1,1,0,0,0,1,40.0,,voiture,,5,1,1,2,6
202400033648,2024-04-07 16:50:00,2024,4,7,16,50,52,52121,REPUBLIQUE (AVENUE),48.095655,5.145536,Plein jour,En agglomération,Hors intersection,Normale,Sans collision,3,2,2,0,1,1,1,0,1,50,1,1,0,0,1,0,19.0,,deux_roues,,1,2,1,1,7
202400033649,2024-03-02 13:00:00,2024,3,2,13,0,83,83056,D54,43.56209982,6.51142942,Plein jour,Hors agglomération,Hors intersection,Normale,Deux véhicules - côté,3,2,2,0,2,3,1,0,1,70,2,6,3,0,1,2,52.0,25.0,voiture,voiture,1,1,1,1,3
202400033650,2024-05-16 17:25:00,2024,5,16,17,25,64,64348,FREDERIC ET IRENE JOLIOT CURIE,43.30954,-0.429,Plein jour,En agglomération,Intersection en T,Pluie légère,Deux véhicules - côté,4,2,2,0,1,1,2,0,1,50,2,5,2,0,0,3,43.0,32.0,voiture,voiture,1,2,3,2,3
202400033650,2024-05-16 17:25:00,2024,5,16,17,25,64,64348,FREDERIC ET IRENE JOLIOT CURIE,43.30954,-0.429,Plein jour,En agglomération,Intersection en T,Pluie légère,Deux véhicules - côté,4,2,2,0,1,1,2,0,1,50,2,5,2,0,0,3,43.0,32.0,voiture,voiture,1,2,3,2,3
202400033651,2024-03-01 22:15:00,2024,3,1,22,15,73,73226,D203 - Avenue de la gare,45.502827,5.72984,Nuit avec éclairage allumé,En agglomération,Hors intersection,Normale,Autre collision,3,2,2,0,1,1,1,0,1,50,1,3,1,0,0,2,20.0,,voiture,,5,2,1,1,6
202400033652,2024-04-08 09:01:00,2024,4,8,9,1,51,51454,DROIT (RUE GILBERTE ET JEAN),49.240221,4.009879,Plein jour,En agglomération,Intersection en X,Normale,Deux véhicules - côté,4,2,2,1,1,1,1,5,1,50,2,2,1,0,0,1,47.0,22.0,deux_roues,voiture,1,2,2,1,3
202400033652,2024-04-08 09:01:00,2024,4,8,9,1,51,51454,DROIT (RUE GILBERTE ET JEAN),49.240221,4.009879,Plein jour,En agglomération,Intersection en X,Normale,Deux véhicules - côté,4,2,0,1,1,1,1,5,1,50,2,2,1,0,0,1,47.0,22.0,deux_roues,voiture,1,2,2,1,3
202400033653,2024-03-01 09:40:00,2024,3,1,9,40,36,36192,Avenue Charles de Gaulle,46.633327,1.427756,Plein jour,En agglomération,Giratoire,Normale,Deux véhicules - côté,3,2,2,0,1,2,1,0,1,50,2,2,1,0,0,1,76.0,61.0,voiture,deux_roues,1,2,6,1,3
202400033654,2024-04-08 09:50:00,2024,4,8,9,50,51,51454,SARRAIL (RUE DU GENERAL),49.25849,4.03075,Plein jour,En agglomération,Intersection en X,Normale,Deux véhicules - côté,4,2,0,0,1,1,1,0,1,30,2,2,1,0,0,1,32.0,53.0,deux_roues,voiture,1,2,2,1,3
202400033654,2024-04-08 09:50:00,2024,4,8,9,50,51,51454,SARRAIL (RUE DU GENERAL),49.25849,4.03075,Plein jour,En agglomération,Intersection en X,Normale,Deux véhicules - côté,4,1,0,1,1,1,1,0,1,30,2,2,1,0,0,1,32.0,53.0,deux_roues,voiture,1,2,2,1,3
202400033655,2024-01-17 08:40:00,2024,1,17,8,40,974,97416,GENERAL DE GAULLE(AVENUE),-21.35906,55.5233,Plein jour,En agglomération,Intersection en T,Normale,Deux véhicules - côté,4,2,2,0,1,1,1,0,1,50,2,3,2,0,0,1,38.0,40.0,voiture,voiture,1,2,3,1,3
202400033655,2024-01-17 08:40:00,2024,1,17,8,40,974,97416,GENERAL DE GAULLE(AVENUE),-21.35906,55.5233,Plein jour,En agglomération,Intersection en T,Normale,Deux véhicules - côté,4,2,2,0,1,1,1,0,1,30,2,3,2,0,0,1,38.0,40.0,voiture,voiture,1,2,3,1,3
202400033656,2024-03-01 17:40:00,2024,3,1,17,40,16,16260,D709,45.341996,0.194106,Plein jour,Hors agglomération,Hors intersection,Pluie forte,Autre collision,3,2,2,0,1,1,2,0,3,80,1,1,0,0,1,0,36.0,,voiture,,1,1,1,3,6
202400033657,2024-05-16 12:50:00,2024,5,16,12,50,60,60382,Avenue Raymond Poincaré,49.42547,2.82778,Plein jour,En agglomération,Hors intersection,Normale,Deux véhicules - côté,3,2,2,0,1,1,1,0,1,50,2,2,1,0,0,1,39.0,52.0,voiture,deux_roues,1,2,1,1,3
202400033658,2024-04-08 08:05:00,2024,4,8,8,5,51,51454,VASNIER (BOULEVARD HENRI) COTE IMPAIR,49.24081,4.053,Plein jour,En agglomération,Intersection en T,Temps éblouissant,Deux véhicules - côté,4,1,1,0,2,1,1,0,1,50,2,2,1,0,0,1,29.0,21.0,deux_roues,voiture,1,2,3,7,3
202400033658,2024-04-08 08:05:00,2024,4,8,8,5,51,51454,VASNIER (BOULEVARD HENRI) COTE IMPAIR,49.24081,4.053,Plein jour,En agglomération,Intersection en T,Temps éblouissant,Deux véhicules - côté,4,3,2,1,1,2,1,0,5,50,2,2,1,0,0,1,29.0,21.0,deux_roues,voiture,1,2,3,7,3
202400033659,2024-03-01 19:20:00,2024,3,1,19,20,07,07197,Route de Quintenas,45.207968,4.672801,Nuit sans éclairage public,Hors agglomération,Hors intersection,Normale,Sans collision,3,2,2,0,1,1,1,0,1,90,1,1,0,0,1,0,26.0,,deux_roues,,3,1,1,1,7
202400033660,2024-07-13 09:45:00,2024,7,13,9,45,66,66024,,42.514183,2.830267,Plein jour,Hors agglomération,Hors intersection,Normale,Deux véhicules - arrière,3,-1,1,0,1,1,1,0,1,70,2,3,1,0,0,2,59.0,26.0,voiture,deux_roues,1,1,1,1,2
202400033661,2024-05-12 17:20:00,2024,5,12,17,20,60,60159,DUMAS (ALEXANDRE),49.4072,2.80327,Plein jour,En agglomération,Hors intersection,Normale,Autre collision,4,2,2,0,1,1,1,0,1,30,1,2,1,0,0,1,,,deux_roues,,1,2,1,1,6
202400033662,2024-01-17 18:05:00,2024,1,17,18,5,974,97411,JAURES (BLD 1 JEAN),-20.89431,55.47168,Crépuscule ou aube,Hors agglomération,Hors intersection,Normale,Autre collision,2,2,3,0,2,1,1,0,1,70,3,4,2,0,0,2,59.0,39.0,voiture,voiture,2,1,1,1,6
202400033663,2024-07-22 13:00:00,2024,7,22,13,0,72,72329,3 Rue des Boutons d?Or,48.079738,0.303245,Plein jour,En agglomération,Hors intersection,Normale,Autre collision,4,2,2,0,2,3,1,0,1,50,1,2,1,0,0,1,33.0,,voiture,,1,2,1,1,6
202400033664,2024-04-08 10:50:00,2024,4,8,10,50,50,50502,RN 174 (2x2) route de Tessy- rp Liberté,49.0983379,-1.0836499,Plein jour,Hors agglomération,Hors intersection,Normale,Deux véhicules - arrière,2,3,4,0,1,1,1,0,1,110,2,3,2,0,0,1,76.0,35.0,voiture,voiture,1,1,1,1,2
202400033665,2024-03-01 20:15:00,2024,3,1,20,15,07,07328,D579,44.348439,4.364869,Nuit sans éclairage public,Hors agglomération,Hors intersection,Normale,Deux véhicules - frontale,3,3,2,0,1,1,1,0,1,80,2,2,0,0,1,1,22.0,53.0,voiture,voiture,3,1,1,1,1
202400033666,2024-06-30 18:30:00,2024,6,30,18,30,60,60513,D92,49.204308,2.382112,Plein jour,Hors agglomération,Hors intersection,Normale,Autre collision,3,2,2,0,1,1,1,0,8,80,1,1,0,0,1,0,73.0,,voiture,,1,1,1,1,6
202400033667,2024-05-15 07:25:00,2024,5,15,7,25,58,58194,PISSEROTTE,46.97371,3.12634,Plein jour,En agglomération,Intersection en T,Normale,Deux véhicules - frontale,4,2,2,0,4,1,1,0,1,50,2,2,1,0,0,1,41.0,66.0,voiture,voiture,1,2,3,1,1
202400033667,2024-05-15 07:25:00,2024,5,15,7,25,58,58194,PISSEROTTE,46.97371,3.12634,Plein jour,En agglomération,Intersection en T,Normale,Deux véhicules - frontale,4,2,2,0,2,1,1,0,1,70,2,2,1,0,0,1,41.0,66.0,voiture,voiture,1,2,3,1,1
202400033668,2024-01-16 14:00:00,2024,1,16,14,0,974,97411,RAMBAUD (LEOPOLD),-20.88603,55.4778,Plein jour,En agglomération,Autre intersection,Normale,Deux véhicules - côté,4,1,3,0,1,1,1,0,1,50,2,2,1,0,0,1,45.0,21.0,deux_roues,voiture,1,2,9,1,3
202400033669,2024-04-05 16:20:00,2024,4,5,16,20,50,50218,VILLEDIEU LES POELES (ROUTE),48.83755,-1.54635,Plein jour,Hors agglomération,Hors intersection,Temps couvert,Trois véhicules et plus - en chaîne,3,2,2,0,1,1,1,0,1,50,3,3,2,0,0,1,31.0,19.0,utilitaire_camion,voiture,1,1,1,8,4
202400033670,2024-01-17 08:50:00,2024,1,17,8,50,974,97409,JEAN ALBANI(RUE),-20.96374,55.65634,Plein jour,En agglomération,Hors intersection,Normale,Sans collision,4,2,2,0,1,1,1,0,1,30,1,1,0,0,1,0,63.0,,deux_roues,,1,2,1,1,7
202400033671,2024-03-01 21:45:00,2024,3,1,21,45,07,07343,Route d'Alès,44.541265,4.351519,Nuit sans éclairage public,En agglomération,Giratoire,Normale,Deux véhicules - arrière,3,2,1,0,1,1,1,5,1,90,2,6,4,0,0,2,43.0,33.0,voiture,voiture,3,2,6,1,2
202400033672,2024-05-16 11:15:00,2024,5,16,11,15,54,54431,Cite des Fougères,48.9178,6.06366,Plein jour,En agglomération,Hors intersection,Normale,Autre collision,6,-1, -1,0,1,1,1,0,8,10,1,2,1,0,1,0,58.0,,voiture,,1,2,1,1,6
202400033673,2024-04-06 07:05:00,2024,4,6,7,5,50,50129,MENDES FRANCE (BOULEVARD),49.63478,-1.62709,Nuit avec éclairage allumé,En agglomération,Intersection en X,Normale,Autre collision,3,3,0,0,2,1,1,5,1,50,1,1,0,0,0,1,22.0,,voiture,,5,2,2,1,6
202400033673,2024-04-06 07:05:00,2024,4,6,7,5,50,50129,MENDES FRANCE (BOULEVARD),49.63478,-1.62709,Nuit avec éclairage allumé,En agglomération,Intersection en X,Normale,Autre collision,3,1,0,0,4,1,1,5,1,50,1,1,0,0,0,1,22.0,,voiture,,5,2,2,1,6
202400033674,2024-03-01 12:45:00,2024,3,1,12,45,40,40097,2090 Route de Geaune,43.68017089,-0.37676656,Plein jour,Hors agglomération,Hors intersection,Normale,Sans collision,3,2,2,0,1,1,1,0,8,80,1,1,0,0,1,0,62.0,,voiture,,1,1,1,1,7
202400033675,2024-07-24 07:50:00,2024,7,24,7,50,45,45296,D955 PR 17 + 691,47.994781,1.714455,Plein jour,Hors agglomération,Intersection en T,Normale,Deux véhicules - côté,3,2,2,0,1,1,1,0,1,90,2,5,4,0,0,1,42.0,35.0,voiture,deux_roues,1,1,3,1,3
202400033675,2024-07-24 07:50:00,2024,7,24,7,50,45,45296,D955 PR 17 + 691,47.994781,1.714455,Plein jour,Hors agglomération,Intersection en T,Normale,Deux véhicules - côté,3,2, -1,-1,1,1,1,0,1,90,2,5,4,0,0,1,42.0,35.0,voiture,deux_roues,1,1,3,1,3
202400033676,2024-05-15 16:53:00,2024,5,15,16,53,51,51108,CHEVAUX (PL AUX),48.96017,4.36038,Plein jour,En agglomération,Intersection en X,Normale,Autre collision,4,2,2,0,1,1,1,0,1,50,1,2,1,0,0,1,23.0,,voiture,,1,2,2,1,6
202400033676,2024-05-15 16:53:00,2024,5,15,16,53,51,51108,CHEVAUX (PL AUX),48.96017,4.36038,Plein jour,En agglomération,Intersection en X,Normale,Autre collision,4,2,3,0,1,1,1,0,1,50,1,2,1,0,0,1,23.0,,voiture,,1,2,2,1,6
202400033677,2024-07-24 15:50:00,2024,7,24,15,50,36,36037,,46.933341,1.790771,Plein jour,Hors agglomération,Hors intersection,Normale,Autre collision,3,2,1,0,1,1,1,0,3,80,1,1,0,0,1,0,49.0,,voiture,,1,1,1,1,6
202400033678,2024-03-02 13:40:00,2024,3,2,13,40,85,85254,la travaillère - RD 27 - PK 47+400,46.82933,-0.76055,Plein jour,Hors agglomération,Hors intersection,Temps couvert,Autre collision,3,2,2,0,1,1,2,0,3,80,1,1,0,1,0,0,33.0,,voiture,,1,1,1,8,6
202400033679,2024-01-17 07:30:00,2024,1,17,7,30,973,97302,MONTABO (ROUTE DE) 1,4.93670035,-52.29703546,Plein jour,En agglomération,Intersection en T,Pluie légère,Deux véhicules - arrière,3,2,0,0,1,1,2,0,1,50,2,3,1,0,0,2,40.0,36.0,voiture,deux_roues,1,2,3,2,2
202400033679,2024-01-17 07:30:00,2024,1,17,7,30,973,97302,MONTABO (ROUTE DE) 1,4.93670035,-52.29703546,Plein jour,En agglomération,Intersection en T,Pluie légère,Deux véhicules - arrière,3,2,2,0,1,1,2,0,1,50,2,3,1,0,0,2,40.0,36.0,voiture,deux_roues,1,2,3,2,2
202400033680,2024-04-08 21:00:00,2024,4,8,21,0,44,44190,Rue de la Libération,47.20287926,-1.51365534,Nuit avec éclairage allumé,En agglomération,Giratoire,Normale,Deux véhicules - côté,4,2,2,0,1,1,1,0,1,50,2,4,3,0,0,1,23.0,22.0,voiture,voiture,5,2,6,1,3