accident_id,datetime,annee,mois,jour,heure,minute,departement,commune_insee,adresse,latitude,longitude,luminosite,agglomeration,intersection,meteo,collision,catr,circ,nbv,vosp,prof,plan,surf,infra,situ,vma,nb_vehicules,nb_usagers,nb_indemnes,nb_tues,nb_blesses_hosp,nb_blesses_legers,age_cond_1,age_cond_2,veh_type_cond_1,veh_type_cond_2,lum_code,agg_code,int_code,atm_code,col_code
202400033680,2024-04-08 21:00:00,2024,4,8,21,0,44,44190,Rue de la Libération,47.20287926,-1.51365534,Nuit avec éclairage allumé,En agglomération,Giratoire,Normale,Deux véhicules - côté,4,2,2,0,1,1,1,0,1,50,2,4,3,0,0,1,23.0,22.0,voiture,voiture,5,2,6,1,3
202400033681,2024-05-11 17:50:00,2024,5,11,17,50,42,42187,Rue de Bourgogne,46.04032,4.07861,Plein jour,En agglomération,Hors intersection,Normale,Deux véhicules - côté,4,1,1,0,1,1,1,0,1,30,2,3,2,0,0,1,16.0,38.0,deux_roues,voiture,1,2,1,1,3
202400033682,2024-01-17 15:25:00,2024,1,17,15,25,972,97209,BEAUSEJOUR JAMBETTE (ROUTE DE ),14.63027,-61.04317,Plein jour,En agglomération,Hors intersection,Normale,Deux véhicules - côté,9,-1,2,0,2,2,1,0,1,30,2,2,1,0,0,1,12.0,35.0,deux_roues,voiture,1,2,1,1,3
202400033683,2024-03-01 20:35:00,2024,3,1,20,35,27,27056,Rue jean bouin,49.081008,0.590048,Nuit avec éclairage allumé,En agglomération,Intersection en X,Temps couvert,Deux véhicules - côté,4,2,2,0,1,1,2,0,1,50,2,2,1,0,1,0,49.0,16.0,voiture,deux_roues,5,2,2,8,3
202400033684,2024-07-23 16:00:00,2024,7,23,16,0,21,21490,D971,47.550999,4.690969,Plein jour,Hors agglomération,Intersection en X,Normale,Deux véhicules - arrière,3,2,2,0,2,1,1,0,8,-1,2,2,0,0,1,1,38.0,37.0,utilitaire_camion,voiture,1,1,2,1,2
202400033684,2024-07-23 16:00:00,2024,7,23,16,0,21,21490,D971,47.550999,4.690969,Plein jour,Hors agglomération,Intersection en X,Normale,Deux véhicules - arrière,3,2,2,0,1,1,1,5,1,90,2,2,0,0,1,1,38.0,37.0,utilitaire_camion,voiture,1,1,2,1,2
202400033685,2024-03-02 02:45:00,2024,3,2,2,45,37,37114,D 750 PR 019+750 SENS DESCARTES/BARROU,46.88543122,0.7418352,Nuit sans éclairage public,Hors agglomération,Hors intersection,Pluie légère,Autre collision,3,2,2,0,1,1,2,0,3,80,1,1,0,0,0,1,35.0,,voiture,,3,1,1,2,6
202400033686,2024-04-08 19:00:00,2024,4,8,19,0,41,41295,CHARLES DE GAULLE (AVENUE),47.58345,1.37244,Crépuscule ou aube,En agglomération,Autre intersection,Normale,Deux véhicules - côté,4,2,2,0,1,1,1,5,1,30,2,2,1,0,0,1,41.0,18.0,voiture,deux_roues,2,2,9,1,3
202400033687,2024-07-22 07:45:00,2024,7,22,7,45,21,21250,D996,47.761793,4.800532,Plein jour,Hors agglomération,Hors intersection,Normale,Autre collision,3,2,2,0,1,1,1,0,3,80,1,3,1,0,0,2,40.0,,utilitaire_camion,,1,1,1,1,6
202400033688,2024-01-17 18:50:00,2024,1,17,18,50,69,69149,Avenue Jean Jaurès,45.71157,4.81989,Nuit avec éclairage allumé,En agglomération,Intersection en T,Pluie forte,Deux véhicules - côté,7,2,2,0,1,1,2,0,1,30,2,2,1,0,0,1,64.0,39.0,voiture,deux_roues,5,2,3,3,3
202400033688,2024-01-17 18:50:00,2024,1,17,18,50,69,69149,Avenue Jean Jaurès,45.71157,4.81989,Nuit avec éclairage allumé,En agglomération,Intersection en T,Pluie forte,Deux véhicules - côté,7,2,2,0,1,1,2,0,1,30,2,2,1,0,0,1,64.0,39.0,voiture,deux_roues,5,2,3,3,3
202400033689,2024-07-21 18:55:00,2024,7,21,18,55,85,85294,avenue des citronniers,46.354569,-1.470666,Plein jour,Hors agglomération,Hors intersection,Normale,Sans collision,4,1,1,1,1,1,1,9,5,30,1,1,0,0,1,0,10.0,,deux_roues,,1,1,1,1,7
202400033690,2024-03-01 22:05:00,2024,3,1,22,5,18,18126,,46.912458,2.419996,Nuit sans éclairage public,Hors agglomération,Hors intersection,Pluie légère,Deux véhicules - arrière,1,3,2,0,1,1,2,0,1,130,2,3,2,0,1,0,41.0,26.0,utilitaire_camion,utilitaire_camion,3,1,1,2,2
202400033691,2024-05-14 19:30:00,2024,5,14,19,30,39,39198,Rue du General Bethouart,47.08546,5.491,Plein jour,En agglomération,Hors intersection,Pluie légère,Trois véhicules et plus - collisions multiples,4,2,2,0,1,1,2,0,1,30,3,3,2,0,0,1,36.0,21.0,voiture,deux_roues,1,2,1,2,5
202400033692,2024-01-16 09:15:00,2024,1,16,9,15,95,95555,D470,48.97296777,2.27668896,Plein jour,En agglomération,Intersection en X,Normale,Trois véhicules et plus - collisions multiples,3,1,1,0,1,1,1,0,1,50,3,3,2,0,0,1,47.0,61.0,deux_roues,voiture,1,2,2,1,5
202400033692,2024-01-16 09:15:00,2024,1,16,9,15,95,95555,D470,48.97296777,2.27668896,Plein jour,En agglomération,Intersection en X,Normale,Trois véhicules et plus - collisions multiples,3,3,2,0,1,1,1,0,1,50,3,3,2,0,0,1,47.0,61.0,deux_roues,voiture,1,2,2,1,5
202400033693,2024-07-22 18:15:00,2024,7,22,18,15,85,85004,11 Route de la tranche sur mer,46.403883,-1.407613,Plein jour,En agglomération,Hors intersection,Normale,Deux véhicules - arrière,4,2,2,0,1,1,1,0,1,50,2,2,1,0,1,0,17.0,64.0,deux_roues,voiture,1,2,1,1,2
202400033694,2024-02-14 15:35:00,2024,2,14,15,35,34,34032,Aire de la Gare de Péages de Béziers Cabrials (Embranchement d'autoroute),43.342861,3.288903,Plein jour,Hors agglomération,Hors intersection,Normale,Deux véhicules - arrière,1,1,0,0,1,1,1,3,1,-1,2,2,1,0,1,0,27.0,66.0,deux_roues,voiture,1,1,1,1,2
202400033695,2024-01-17 08:20:00,2024,1,17,8,20,91,91667,BOCAGE (ALLEE),48.662441,2.328503,Plein jour,En agglomération,Hors intersection,Autre,Autre collision,4,-1,2,0,1,1,7,6,1,30,1,2,1,0,0,1,27.0,,voiture,,1,2,1,9,6
202400033696,2024-04-08 08:50:00,2024,4,8,8,50,37,37122,BRETONNIERES (BOULEVARD DES),47.34542634,0.63996166,Plein jour,En agglomération,Intersection en T,Normale,Autre collision,3,2,3,0,1,1,2,5,1,50,1,4,2,0,0,2,36.0,,voiture,,1,2,3,1,6
202400033696,2024-04-08 08:50:00,2024,4,8,8,50,37,37122,BRETONNIERES (BOULEVARD DES),47.34542634,0.63996166,Plein jour,En agglomération,Intersection en T,Normale,Autre collision,3,2,2,0,1,1,2,0,1,50,1,4,2,0,0,2,36.0,,voiture,,1,2,3,1,6
202400033697,2024-05-16 17:00:00,2024,5,16,17,0,38,38185,RUE DES ALLIÉS,45.17219,5.7226,Plein jour,En agglomération,Hors intersection,Pluie forte,Autre collision,4,-1,2,1,1,1,2,0,1,50,1,2,1,0,0,1,19.0,,voiture,,1,2,1,3,6
202400033698,2024-07-23 21:50:00,2024,7,23,21,50,37,37143,RD 760 - PR 043+700,47.130593,0.825664,Nuit sans éclairage public,Hors agglomération,Hors intersection,Normale,Sans collision,3,2,2,0,1,1,1,0,3,80,1,2,0,0,1,1,59.0,,voiture,,3,1,1,1,7
202400033699,2024-03-01 11:30:00,2024,3,1,11,30,987,98747,AFAAHITI PK 1.050 sens Afaahiti/Teahupoo,-17.756,-148.736,Plein jour,Hors agglomération,Autre intersection,Normale,Deux véhicules - côté,2,2,2,0,1,1,1,9,1,60,2,3,2,0,1,0,23.0,58.0,voiture,deux_roues,1,1,9,1,3
202400033699,2024-03-01 11:30:00,2024,3,1,11,30,987,98747,AFAAHITI PK 1.050 sens Afaahiti/Teahupoo,-17.756,-148.736,Plein jour,Hors agglomération,Autre intersection,Normale,Deux véhicules - côté,2,1,1,0,1,1,1,0,1,30,2,3,2,0,1,0,23.0,58.0,voiture,deux_roues,1,1,9,1,3
202400033700,2024-01-16 17:15:00,2024,1,16,17,15,91,91161,MAZARIN (AVENUE),48.70471,2.31607,Crépuscule ou aube,En agglomération,Autre intersection,Temps couvert,Autre collision,3,2,2,0,1,1,1,0,1,50,1,3,1,0,0,2,46.0,,utilitaire_camion,,2,2,9,8,6
202400033701,2024-07-23 18:30:00,2024,7,23,18,30,30,30008,D7,44.192005,4.238942,Plein jour,Hors agglomération,Hors intersection,Normale,Sans collision,3,2,2,0,1,1,1,0,3,80,1,3,0,3,0,0,20.0,,voiture,,1,1,1,1,7
202400033702,2024-05-16 07:15:00,2024,5,16,7,15,37,37122,CHINON (BOULEVARD DE),47.35457,0.69545,Plein jour,En agglomération,Intersection en X,Normale,Deux véhicules - côté,4,2,4,2,1,1,1,0,1,50,2,2,0,0,0,2,31.0,46.0,voiture,voiture,1,2,2,1,3
202400033702,2024-05-16 07:15:00,2024,5,16,7,15,37,37122,CHINON (BOULEVARD DE),47.35457,0.69545,Plein jour,En agglomération,Intersection en X,Normale,Deux véhicules - côté,4,2,2,0,1,1,1,0,1,50,2,2,0,0,0,2,31.0,46.0,voiture,voiture,1,2,2,1,3
202400033703,2024-03-02 00:16:00,2024,3,2,0,16,971,97128,D102,16.266101,-61.337416,Nuit avec éclairage allumé,Hors agglomération,Hors intersection,Normale,Autre collision,3,2,2,0,1,2,1,0,3,80,1,1,0,1,0,0,19.0,,voiture,,5,1,1,1,6
202400033704,2024-01-16 11:00:00,2024,1,16,11,0,91,91421,REPUBLIQUE (AVENUE DE LA),48.70986,2.4645,Plein jour,En agglomération,Hors intersection,Temps éblouissant,Autre collision,4,-1,2,0,1,2,1,0,8,30,1,2,1,0,1,0,31.0,,voiture,,1,2,1,7,6
202400033705,2024-04-08 16:10:00,2024,4,8,16,10,35,35150,PILAIS (LA) LIEUX-DITS,48.35170985,-1.23407632,Plein jour,Hors agglomération,Giratoire,Pluie légère,Deux véhicules - arrière,2,3,4,0,1,1,2,0,1,50,2,2,1,0,0,1,,41.0,voiture,voiture,1,1,6,2,2
202400033706,2024-07-23 20:25:00,2024,7,23,20,25,31,31424,Route des Vitarelles,43.564472,1.318456,Crépuscule ou aube,En agglomération,Intersection en X,Normale,Deux véhicules - frontale,3,2,2,0,1,1,1,5,1,50,2,2,0,0,1,1,51.0,51.0,voiture,deux_roues,2,2,2,1,1
202400033706,2024-07-23 20:25:00,2024,7,23,20,25,31,31424,Route des Vitarelles,43.564472,1.318456,Crépuscule ou aube,En agglomération,Intersection en X,Normale,Deux véhicules - frontale,3,2,2,0,1,1,1,5,1,50,2,2,0,0,1,1,51.0,51.0,voiture,deux_roues,2,2,2,1,1
202400033707,2024-01-17 18:35:00,2024,1,17,18,35,91,91027,EDOUARD VAILLANT (RUE),48.708301,2.398164,Nuit avec éclairage allumé,En agglomération,Hors intersection,Pluie légère,Autre collision,3,2,3,0,1,1,7,9,1,50,1,2,1,0,0,1,30.0,,voiture,,5,2,1,2,6
202400033708,2024-05-16 08:52:00,2024,5,16,8,52,36,36044,Avenue d'Argenton,46.80576145,1.67498991,Plein jour,En agglomération,Hors intersection,Normale,Deux véhicules - côté,4,2,2,1,1,1,1,0,1,50,2,2,1,0,0,1,42.0,19.0,voiture,deux_roues,1,2,1,1,3
202400033709,2024-02-28 06:05:00,2024,2,28,6,5,77,77474,N3,48.957813,2.801803,Nuit sans éclairage public,Hors agglomération,Intersection en X,Brouillard / fumée,Deux véhicules - frontale,2,2,2,0,1,1,1,0,8,80,2,2,0,0,0,2,45.0,48.0,voiture,voiture,3,1,2,5,1
202400033709,2024-02-28 06:05:00,2024,2,28,6,5,77,77474,N3,48.957813,2.801803,Nuit sans éclairage public,Hors agglomération,Intersection en X,Brouillard / fumée,Deux véhicules - frontale,2,3,0,0,1,1,1,5,1,80,2,2,0,0,0,2,45.0,48.0,voiture,voiture,3,1,2,5,1
202400033710,2024-04-04 16:45:00,2024,4,4,16,45,34,34172,COMTE DE NICE (AVENUE DU),43.63658,3.8128,Plein jour,En agglomération,Hors intersection,Normale,Autre collision,4,1,2,0,2,1,1,0,1,30,1,2,1,0,1,0,82.0,,voiture,,1,2,1,1,6
202400033711,2024-07-23 15:10:00,2024,7,23,15,10,77,77194,AUTOROUTE A5 PK 030.200 DIRECTION PARIS,48.424986,2.932953,Plein jour,Hors agglomération,Hors intersection,Normale,Autre collision,1,3,3,0,1,1,1,0,1,130,1,2,1,0,0,1,44.0,,voiture,,1,1,1,1,6
202400033712,2024-05-15 14:10:00,2024,5,15,14,10,34,34108,AIGUËS (RUE D'),43.43803,3.71,Plein jour,Hors agglomération,Hors intersection,Normale,Sans collision,3,2,2,0,3,2,1,0,3,50,1,1,0,0,0,1,42.0,,voiture,,1,1,1,1,7
202400033713,2024-03-01 19:20:00,2024,3,1,19,20,78,78321,47 Route de Paris,48.79901,1.909471,Nuit avec éclairage allumé,En agglomération,Hors intersection,Pluie forte,Autre collision,3,2,2,0,1,1,2,0,1,50,1,2,1,0,1,0,38.0,,voiture,,5,2,1,3,6
202400033714,2024-01-17 08:35:00,2024,1,17,8,35,91,91027,JEAN PIERRE BENARD (AVENUE),48.70998,2.38505,Crépuscule ou aube,En agglomération,Hors intersection,Pluie forte,Autre collision,3,2,2,0,1,1,2,0,1,50,1,4,1,0,0,3,59.0,,voiture,,2,2,1,3,6
202400033715,2024-04-08 06:45:00,2024,4,8,6,45,34,34172,JOUHAUX (AVENUE LEON),43.59352,3.82055,Crépuscule ou aube,En agglomération,Hors intersection,Normale,Deux véhicules - arrière,7,3,4,0,1,1,1,0,1,90,2,2,1,0,0,1,50.0,23.0,voiture,voiture,2,2,1,1,2
202400033716,2024-05-15 15:35:00,2024,5,15,15,35,34,34301,VERDUN (BOULEVARD DE),43.41118,3.67943,Plein jour,En agglomération,Hors intersection,Normale,Autre collision,4,2,3,0,2,1,1,0,1,50,1,2,1,0,0,1,23.0,,utilitaire_camion,,1,2,1,1,6
202400033717,2024-07-24 05:55:00,2024,7,24,5,55,987,98715,RT1 sens FAAA/PUNAAUIA - Sortie ouest de l'aéroport de Tahiti FAAA,-17.584,-149.56,Crépuscule ou aube,En agglomération,Intersection en T,Normale,Deux véhicules - côté,2,2,2,1,1,1,1,0,5,50,2,2,1,0,1,0,31.0,39.0,deux_roues,utilitaire_camion,2,2,3,1,3
202400033717,2024-07-24 05:55:00,2024,7,24,5,55,987,98715,RT1 sens FAAA/PUNAAUIA - Sortie ouest de l'aéroport de Tahiti FAAA,-17.584,-149.56,Crépuscule ou aube,En agglomération,Intersection en T,Normale,Deux véhicules - côté,2,1,1,0,3,1,1,0,5,-1,2,2,1,0,1,0,31.0,39.0,deux_roues,utilitaire_camion,2,2,3,1,3
202400033718,2024-03-01 17:40:00,2024,3,1,17,40,34,34249,Départementale 54,43.720608,3.988118,Plein jour,Hors agglomération,Hors intersection,Normale,Autre collision,7,2,2,0,2,1,1,0,1,80,1,2,0,0,2,0,89.0,,voiture,,1,1,1,1,6
202400033719,2024-01-16 09:05:00,2024,1,16,9,5,87,87085,FONDERIE (RUE DE LA),45.83586,1.25283,Plein jour,En agglomération,Hors intersection,Normale,Autre collision,4,2,2,0,1,1,1,0,1,30,2,2,1,0,0,1,43.0,28.0,voiture,deux_roues,1,2,1,1,6
202400033720,2024-04-08 18:40:00,2024,4,8,18,40,33,33318,,44.80476,-0.61047,Plein jour,En agglomération,Giratoire,Pluie forte,Deux véhicules - côté,4,-1, -1,2,1,2,2,5,1,50,2,2,1,0,0,1,,41.0,voiture,deux_roues,1,2,6,3,3
202400033720,2024-04-08 18:40:00,2024,4,8,18,40,33,33318,,44.80476,-0.61047,Plein jour,En agglomération,Giratoire,Pluie forte,Deux véhicules - côté,4,3,2,1,1,3,2,5,1,50,2,2,1,0,0,1,,41.0,voiture,deux_roues,1,2,6,3,3
202400033721,2024-05-03 22:30:00,2024,5,3,22,30,976,97612,Route Nationale Hamjago,-12.688773,45.076422,Nuit avec éclairage allumé,En agglomération,Hors intersection,Normale,Deux véhicules - frontale,2,2,2,0,1,2,1,0,1,50,2,3,1,0,0,2,26.0,37.0,voiture,voiture,5,2,1,1,1
202400033722,2024-05-15 08:00:00,2024,5,15,8,0,34,34032,MAUREILHAN (ROUTE DE),43.34624,3.16619,Plein jour,Hors agglomération,Intersection en T,Normale,Deux véhicules - arrière,3,2,2,0,1,1,1,0,1,90,2,2,1,0,1,0,46.0,33.0,deux_roues,voiture,1,1,3,1,2
202400033722,2024-05-15 08:00:00,2024,5,15,8,0,34,34032,MAUREILHAN (ROUTE DE),43.34624,3.16619,Plein jour,Hors agglomération,Intersection en T,Normale,Deux véhicules - arrière,3,2,2,0,1,1,1,0,8,70,2,2,1,0,1,0,46.0,33.0,deux_roues,voiture,1,1,3,1,2
202400033723,2024-03-01 17:50:00,2024,3,1,17,50,83,83071,Chemin du Puits de la Commune,43.14608,6.238893,Crépuscule ou aube,En agglomération,Intersection en T,Normale,Deux véhicules - frontale,4,-1, -1,-1,1,1,1,0,1,-1,2,2,1,0,1,0,64.0,50.0,deux_roues,utilitaire_camion,2,2,3,1,1
202400033723,2024-03-01 17:50:00,2024,3,1,17,50,83,83071,Chemin du Puits de la Commune,43.14608,6.238893,Crépuscule ou aube,En agglomération,Intersection en T,Normale,Deux véhicules - frontale,4,2,2,0,1,1,1,0,1,30,2,2,1,0,1,0,64.0,50.0,deux_roues,utilitaire_camion,2,2,3,1,1
202400033724,2024-01-16 08:28:00,2024,1,16,8,28,87,87085,NEXON (RUE DE),45.80923,1.25644,Plein jour,En agglomération,Hors intersection,Pluie forte,Deux véhicules - côté,3,2,2,0,1,1,2,0,1,50,2,2,1,0,0,1,31.0,38.0,utilitaire_camion,deux_roues,1,2,1,3,3
202400033725,2024-04-08 21:15:00,2024,4,8,21,15,31,31555,14 CROIX DAURADE (PERIPH EST A62),43.6468266,1.45968048,Nuit sans éclairage public,Hors agglomération,Hors intersection,Normale,Autre collision,1,1,4,0,1,1,1,3,2,90,2,2,1,0,1,0,39.0,,voiture,autre,3,1,1,1,6
202400033726,2024-05-16 17:00:00,2024,5,16,17,0,33,33200,,44.86153,-0.69693,Plein jour,En agglomération,Giratoire,Normale,Autre collision,4,2,2,0,1,2,1,9,1,30,1,2,1,0,0,1,66.0,,voiture,,1,2,6,1,6
202400033726,2024-05-16 17:00:00,2024,5,16,17,0,33,33200,,44.86153,-0.69693,Plein jour,En agglomération,Giratoire,Normale,Autre collision,4,2,2,0,1,1,1,9,1,50,1,2,1,0,0,1,66.0,,voiture,,1,2,6,1,6
202400033727,2024-07-23 20:30:00,2024,7,23,20,30,30,30221,PK 08+500,44.06684102,4.76553348,Plein jour,Hors agglomération,Hors intersection,Normale,Trois véhicules et plus - en chaîne,1,1,3,0,1,3,1,0,1,130,3,5,4,0,1,0,23.0,43.0,utilitaire_camion,utilitaire_camion,1,1,1,1,4
202400033728,2024-01-17 02:30:00,2024,1,17,2,30,83,83118,ROUTE DE LA CORNICHE,43.4168,6.83435,Nuit avec éclairage allumé,En agglomération,Hors intersection,Normale,Autre collision,3,2,2,0,1,3,1,0,4,50,1,5,0,0,1,4,19.0,,voiture,,5,2,1,1,6
202400033729,2024-03-02 09:50:00,2024,3,2,9,50,06,06003,Route de Saint Vallier,43.774036,6.855396,Plein jour,Hors agglomération,Hors intersection,Normale,Trois véhicules et plus - collisions multiples,3,2,2,0,1,3,1,0,1,80,3,5,1,0,1,3,18.0,32.0,voiture,voiture,1,1,1,1,5
202400033730,2024-05-16 12:00:00,2024,5,16,12,0,33,33063,,44.82758018,-0.5579035,Plein jour,En agglomération,Intersection en X,Normale,Autre collision,4,2,2,-1,1,1,1,0,1,50,1,2,1,0,0,1,33.0,,voiture,,1,2,2,1,6
202400033730,2024-05-16 12:00:00,2024,5,16,12,0,33,33063,,44.82758018,-0.5579035,Plein jour,En agglomération,Intersection en X,Normale,Autre collision,4,1,2,3,1,2,1,5,1,50,1,2,1,0,0,1,33.0,,voiture,,1,2,2,1,6
202400033731,2024-07-15 07:25:00,2024,7,15,7,25,974,97415,Route du Théâtre,-21.043616,55.240379,Plein jour,Hors agglomération,Hors intersection,Normale,Sans collision,3,2,2,0,2,1,1,0,1,70,2,2,1,0,1,0,,65.0,voiture,deux_roues,1,1,1,1,7
202400033732,2024-01-17 07:40:00,2024,1,17,7,40,77,77288,ROND POINT DE L'EUROPE,48.55255,2.64328,Nuit sans éclairage public,Hors agglomération,Giratoire,Pluie forte,Autre collision,3,2,0,0,1,1,2,0,1,50,1,2,1,0,1,0,58.0,,voiture,,3,1,6,3,6
202400033733,2024-04-08 07:30:00,2024,4,8,7,30,31,31069,L'EUROPE (BD),43.6558,1.37282,Plein jour,En agglomération,Passage à niveau,Normale,Autre collision,4,2,2,3,1,1,1,4,6,50,2,2,1,0,1,0,48.0,55.0,transport_commun,deux_roues,1,2,8,1,6
202400033734,2024-02-26 12:10:00,2024,2,26,12,10,04,04143,Avenue de Traversetolo,43.910213,5.907085,Plein jour,En agglomération,Hors intersection,Temps éblouissant,Deux véhicules - côté,4,2,2,0,1,1,1,0,1,50,2,2,0,0,0,2,22.0,53.0,voiture,voiture,1,2,1,7,3
202400033735,2024-07-23 23:00:00,2024,7,23,23,0,91,91599,le Saut du Postillon,48.483426,2.470926,Nuit avec éclairage allumé,En agglomération,Hors intersection,Normale,Deux véhicules - côté,3,2,2,0,1,2,1,0,1,50,2,2,1,0,1,0,,40.0,utilitaire_camion,deux_roues,5,2,1,1,3
202400033736,2024-05-16 08:35:00,2024,5,16,8,35,33,33162,,44.87863,-0.62502,Plein jour,En agglomération,Hors intersection,Normale,Deux véhicules - côté,4,2,2,2,2,1,1,-1,1,50,2,2,1,0,0,1,60.0,55.0,deux_roues,voiture,1,2,1,1,3
202400033737,2024-04-07 19:00:00,2024,4,7,19,0,29,29019,rue Dupuy de Lome,48.390789,-4.509312,Plein jour,En agglomération,Hors intersection,Normale,Deux véhicules - arrière,4,1,1,0,1,1,1,0,1,50,2,2,1,0,0,1,46.0,,deux_roues,voiture,1,2,1,1,2
202400033738,2024-02-26 20:30:00,2024,2,26,20,30,13,13067,D7n,43.779677,5.051823,Nuit sans éclairage public,Hors agglomération,Intersection en X,Normale,Deux véhicules - arrière,3,2,2,0,1,1,1,0,1,80,2,2,1,0,1,0,25.0,46.0,deux_roues,voiture,3,1,2,1,2
202400033738,2024-02-26 20:30:00,2024,2,26,20,30,13,13067,D7n,43.779677,5.051823,Nuit sans éclairage public,Hors agglomération,Intersection en X,Normale,Deux véhicules - arrière,3,2, -1,-1,1,1,1,0,1,-1,2,2,1,0,1,0,25.0,46.0,deux_roues,voiture,3,1,2,1,2
202400033739,2024-01-16 14:55:00,2024,1,16,14,55,77,77067,D346,48.56071,2.59584,Plein jour,Hors agglomération,Giratoire,Normale,Deux véhicules - arrière,3,1,2,0,1,1,7,9,1,50,2,4,2,0,2,0,88.0,64.0,voiture,voiture,1,1,6,1,2
202400033740,2024-07-24 09:50:00,2024,7,24,9,50,66,66190,D11,42.81226682,2.93377876,Plein jour,Hors agglomération,Hors intersection,Normale,Deux véhicules - frontale,3,2,2,0,1,1,1,0,1,80,2,2,0,1,0,1,84.0,75.0,voiture,voiture,1,1,1,1,1
202400033741,2024-05-16 07:55:00,2024,5,16,7,55,33,33200,,44.86036,-0.6959,Plein jour,En agglomération,Hors intersection,Normale,Deux véhicules - côté,4,2,2,0,1,1,1,0,1,50,2,2,1,0,1,0,38.0,58.0,utilitaire_camion,deux_roues,1,2,1,1,3
202400033742,2024-03-02 14:30:00,2024,3,2,14,30,13,13085,D1,43.253846,5.631888,Plein jour,Hors agglomération,Hors intersection,Normale,Autre collision,3,2,2,0,1,1,1,0,3,-1,1,1,0,0,1,0,25.0,,deux_roues,,1,1,1,1,6
202400033743,2024-04-07 09:05:00,2024,4,7,9,5,29,29019,avenue de Tarente,48.40306,-4.50633,Plein jour,En agglomération,Hors intersection,Normale,Autre collision,4,3,4,0,1,1,1,9,1,30,1,2,1,0,1,0,71.0,,voiture,,1,2,1,1,6
202400033744,2024-07-18 12:00:00,2024,7,18,12,0,84,84129,18 Cité des Griffons (Zone résidentielle),44.013061,4.876436,Plein jour,En agglomération,Hors intersection,Normale,Autre collision,4,-1,1,0,1,1,1,0,8,50,1,2,1,0,1,0,35.0,,voiture,,1,2,1,1,6
202400033745,2024-01-17 18:00:00,2024,1,17,18,0,76,76540,Route de Darnetal,49.44032323,1.12771694,Nuit avec éclairage allumé,En agglomération,Intersection en T,Neige / grêle,Autre collision,7,2,2,0,1,1,2,0,1,50,1,2,1,0,0,1,22.0,,voiture,,5,2,3,4,6
202400033745,2024-01-17 18:00:00,2024,1,17,18,0,76,76540,Route de Darnetal,49.44032323,1.12771694,Nuit avec éclairage allumé,En agglomération,Intersection en T,Neige / grêle,Autre collision,7,1,1,0,2,1,2,0,1,50,1,2,1,0,0,1,22.0,,voiture,,5,2,3,4,6
202400033746,2024-05-16 13:30:00,2024,5,16,13,30,31,31282,RTE DE LAUNAGUET,43.66388,1.43961,Plein jour,En agglomération,Hors intersection,Normale,Deux véhicules - côté,7,2,4,1,1,1,1,0,1,50,2,2,0,0,1,1,26.0,48.0,voiture,deux_roues,1,2,1,1,3
202400033747,2024-01-16 15:05:00,2024,1,16,15,5,76,76351,ESTUAIRE (ROUTE DE L'),49.46153,0.18528,Plein jour,En agglomération,Hors intersection,Normale,Autre collision,4,2,2,0,1,1,1,0,1,70,1,1,0,0,0,1,44.0,,voiture,,1,2,1,1,6
202400033748,2024-07-24 06:07:00,2024,7,24,6,7,04,04195,cd 900,44.386285,6.631177,Plein jour,Hors agglomération,Hors intersection,Normale,Deux véhicules - côté,3,2,2,0,1,1,1,0,1,80,2,2,1,0,0,1,38.0,,deux_roues,utilitaire_camion,1,1,1,1,3
202400033749,2024-04-08 11:20:00,2024,4,8,11,20,27,27229,FAUVILLE (RUE DE),49.02841,1.18356,Plein jour,En agglomération,Hors intersection,Pluie légère,Sans collision,4,-1,2,1,1,1,2,0,5,25,1,1,0,0,1,0,61.0,,deux_roues,,1,2,1,2,7
202400033750,2024-01-17 19:10:00,2024,1,17,19,10,71,71076,EUROPE (AVENUE DE L'),46.7958,4.83769,Nuit avec éclairage allumé,En agglomération,Intersection en X,Pluie légère,Deux véhicules - côté,3,3,10,0,1,1,2,5,1,70,2,2,1,0,0,1,20.0,20.0,voiture,voiture,5,2,2,2,3
202400033750,2024-01-17 19:10:00,2024,1,17,19,10,71,71076,EUROPE (AVENUE DE L'),46.7958,4.83769,Nuit avec éclairage allumé,En agglomération,Intersection en X,Pluie légère,Deux véhicules - côté,3,2,3,0,4,1,2,5,1,50,2,2,1,0,0,1,20.0,20.0,voiture,voiture,5,2,2,2,3
202400033751,2024-04-08 07:00:00,2024,4,8,7,0,27,27229,GAMBETTA (BOULEVARD),49.01917,1.14869,Plein jour,En agglomération,Hors intersection,Pluie légère,Deux véhicules - arrière,4,2,2,0,3,1,2,0,1,50,2,2,1,0,0,1,35.0,48.0,utilitaire_camion,voiture,1,2,1,2,2
202400033752,2024-07-22 15:30:00,2024,7,22,15,30,13,13086,Avenue du Repos,43.342115,5.603399,Plein jour,En agglomération,Intersection en T,Normale,Deux véhicules - côté,3,2,2,0,1,1,1,5,1,50,2,2,0,0,0,2,42.0,31.0,voiture,voiture,1,2,3,1,3
202400033752,2024-07-22 15:30:00,2024,7,22,15,30,13,13086,Avenue du Repos,43.342115,5.603399,Plein jour,En agglomération,Intersection en T,Normale,Deux véhicules - côté,3,2, -1,-1,2,1,1,0,1,-1,2,2,0,0,0,2,42.0,31.0,voiture,voiture,1,2,3,1,3
202400033753,2024-05-15 18:45:00,2024,5,15,18,45,25,25462,VOIE COMMUNALE DE L'AVIATION,46.89899,6.32235,Plein jour,Hors agglomération,Intersection en Y,Pluie légère,Deux véhicules - côté,4,2,2,0,1,1,2,0,1,80,2,2,0,0,0,2,17.0,35.0,voiture,voiture,1,1,4,2,3