accident_id,datetime,annee,mois,jour,heure,minute,departement,commune_insee,adresse,latitude,longitude,luminosite,agglomeration,intersection,meteo,collision,catr,circ,nbv,vosp,prof,plan,surf,infra,situ,vma,nb_vehicules,nb_usagers,nb_indemnes,nb_tues,nb_blesses_hosp,nb_blesses_legers,age_cond_1,age_cond_2,veh_type_cond_1,veh_type_cond_2,lum_code,agg_code,int_code,atm_code,col_code
202400033753,2024-05-15 18:45:00,2024,5,15,18,45,25,25462,VOIE COMMUNALE DE L'AVIATION,46.89899,6.32235,Plein jour,Hors agglomération,Intersection en Y,Pluie légère,Deux véhicules - côté,4,2,1,0,1,3,2,0,1,80,2,2,0,0,0,2,17.0,35.0,voiture,voiture,1,1,4,2,3
202400033754,2024-01-16 17:58:00,2024,1,16,17,58,71,71076,SAINTE MARIE (PROMENADE),46.78502,4.86164,Nuit sans éclairage public,En agglomération,Hors intersection,Brouillard / fumée,Autre collision,4,-1,0,0,1,1,2,0,1,30,1,2,1,0,0,1,20.0,,voiture,,3,2,1,5,6
202400033755,2024-04-07 17:30:00,2024,4,7,17,30,19,19031,LISSAC (ROUTE DE),45.15735595,1.52965966,Plein jour,En agglomération,Hors intersection,Normale,Deux véhicules - frontale,3,2,2,0,2,1,1,0,1,50,2,2,1,0,0,1,16.0,41.0,deux_roues,voiture,1,2,1,1,1
202400033756,2024-05-16 20:15:00,2024,5,16,20,15,25,25056,RAVEL RUE MAURICE,47.261629,6.037809,Plein jour,En agglomération,Hors intersection,Temps couvert,Autre collision,4,2,2,0,1,1,2,0,1,50,1,3,2,0,1,0,37.0,,voiture,,1,2,1,8,6
202400033757,2024-01-16 16:10:00,2024,1,16,16,10,71,71076,MENAND (RUE EMILAND),46.78442,4.85307,Crépuscule ou aube,En agglomération,Hors intersection,Pluie légère,Autre collision,4,2,2,0,1,1,2,0,1,30,1,2,1,0,0,1,27.0,,transport_commun,,2,2,1,2,6
202400033758,2024-07-23 16:30:00,2024,7,23,16,30,29,29131,D30,48.44938728,-4.08709579,Plein jour,Hors agglomération,Hors intersection,Normale,Autre collision,3,2,2,0,1,1,1,0,3,80,1,7,3,0,1,3,22.0,,utilitaire_camion,,1,1,1,1,6
202400033759,2024-04-04 18:00:00,2024,4,4,18,0,14,14118,108 Boulevard Jean Moulin,49.20974,-0.370842,Plein jour,En agglomération,Intersection en T,Normale,Deux véhicules - côté,3,2,4,0,1,1,1,5,1,50,2,3,0,0,0,3,76.0,46.0,voiture,utilitaire_camion,1,2,3,1,3
202400033759,2024-04-04 18:00:00,2024,4,4,18,0,14,14118,108 Boulevard Jean Moulin,49.20974,-0.370842,Plein jour,En agglomération,Intersection en T,Normale,Deux véhicules - côté,3,2,4,0,1,1,1,5,1,50,2,3,0,0,0,3,76.0,46.0,voiture,utilitaire_camion,1,2,3,1,3
202400033760,2024-01-17 19:05:00,2024,1,17,19,5,69,69266,Place Albert Thomas,45.76379168,4.8739314,Nuit avec éclairage allumé,En agglomération,Hors intersection,Pluie légère,Deux véhicules - frontale,4,1,4,2,1,2,2,0,5,30,2,2,1,0,0,1,53.0,50.0,voiture,deux_roues,5,2,1,2,1
202400033761,2024-05-16 17:55:00,2024,5,16,17,55,17,17306,ROCHEFORT (DE)  (AVENUE),45.65439,-1.02286,Plein jour,En agglomération,Hors intersection,Pluie légère,Trois véhicules et plus - en chaîne,4,2,2,0,1,1,2,0,1,50,3,3,2,0,0,1,33.0,41.0,voiture,voiture,1,2,1,2,4
202400033762,2024-07-21 18:50:00,2024,7,21,18,50,68,68247,D27,47.93134142,7.01177114,Plein jour,Hors agglomération,Hors intersection,Normale,Autre collision,3,2,2,0,2,2,1,0,3,80,1,1,0,0,0,1,19.0,,voiture,,1,1,1,1,6
202400033763,2024-04-07 18:40:00,2024,4,7,18,40,11,11069,,43.21989,2.33591,Plein jour,En agglomération,Hors intersection,Normale,Deux véhicules - frontale,4,2,2,0,1,1,1,0,1,50,2,2,1,0,0,1,80.0,16.0,voiture,deux_roues,1,2,1,1,1
202400033764,2024-01-17 11:00:00,2024,1,17,11,0,69,69290,Avenue Henri Germain,45.70325,4.9025,Plein jour,En agglomération,Intersection en T,Pluie légère,Deux véhicules - arrière,4,2,2,2,1,1,2,0,1,50,2,2,1,0,0,1,80.0,62.0,voiture,utilitaire_camion,1,2,3,2,2
202400033764,2024-01-17 11:00:00,2024,1,17,11,0,69,69290,Avenue Henri Germain,45.70325,4.9025,Plein jour,En agglomération,Intersection en T,Pluie légère,Deux véhicules - arrière,4,2,2,0,1,1,2,0,1,50,2,2,1,0,0,1,80.0,62.0,voiture,utilitaire_camion,1,2,3,2,2
202400033765,2024-07-23 17:59:00,2024,7,23,17,59,68,68154,Rue de Berne,47.771291,7.381375,Plein jour,En agglomération,Hors intersection,Normale,Deux véhicules - côté,3,3,0,0,2,3,1,0,1,50,2,2,1,0,0,1,74.0,53.0,voiture,deux_roues,1,2,1,1,3
202400033766,2024-05-16 20:05:00,2024,5,16,20,5,13,13214,ANATOLE DE LA FORGE (BOULEVARD),43.33596,5.3982,Plein jour,En agglomération,Hors intersection,Normale,Deux véhicules - frontale,4,1,1,0,1,1,1,0,1,50,1,4,1,0,0,3,41.0,,voiture,,1,2,1,1,1
202400033767,2024-04-07 15:45:00,2024,4,7,15,45,11,11069,,43.22573,2.36864,Plein jour,Hors agglomération,Hors intersection,Normale,Autre collision,3,2,2,0,1,3,1,0,3,80,1,1,0,0,0,1,30.0,,voiture,,1,1,1,1,6
202400033768,2024-01-16 15:45:00,2024,1,16,15,45,69,69259,Boulevard Pinel,45.72438,4.88729,Plein jour,En agglomération,Intersection en X,Normale,Deux véhicules - frontale,4,2,2,0,1,1,1,0,1,50,2,2,0,0,0,2,54.0,30.0,voiture,deux_roues,1,2,2,1,1
202400033768,2024-01-16 15:45:00,2024,1,16,15,45,69,69259,Boulevard Pinel,45.72438,4.88729,Plein jour,En agglomération,Intersection en X,Normale,Deux véhicules - frontale,4,2,2,3,1,1,1,0,6,50,2,2,0,0,0,2,54.0,30.0,voiture,deux_roues,1,2,2,1,1
202400033769,2024-05-16 16:00:00,2024,5,16,16,0,13,13209,MARÉCHAL DE LATTRE (AVENUE),43.24583,5.41665,Plein jour,En agglomération,Hors intersection,Normale,Deux véhicules - côté,4,3,3,3,1,1,1,9,6,50,2,3,1,1,1,0,24.0,47.0,deux_roues,voiture,1,2,1,1,3
202400033770,2024-07-24 07:00:00,2024,7,24,7,0,03,03173,47 Route de Digoin,46.473435,3.955223,Crépuscule ou aube,En agglomération,Hors intersection,Normale,Sans collision,3,2,2,0,1,1,1,0,1,70,2,2,1,0,1,0,41.0,60.0,utilitaire_camion,deux_roues,2,2,1,1,7
202400033771,2024-01-15 16:30:00,2024,1,15,16,30,69,69276,Rue Thomas,45.66345162,4.84926686,Plein jour,En agglomération,Intersection en X,Pluie légère,Autre collision,4,2,2,0,1,1,2,0,1,50,1,1,0,1,0,0,74.0,,voiture,,1,2,2,2,6
202400033771,2024-01-15 16:30:00,2024,1,15,16,30,69,69276,Rue Thomas,45.66345162,4.84926686,Plein jour,En agglomération,Intersection en X,Pluie légère,Autre collision,4,1,1,0,1,1,2,0,1,50,1,1,0,1,0,0,74.0,,voiture,,1,2,2,2,6
202400033772,2024-04-08 02:50:00,2024,4,8,2,50,75,75117,BD PERIPHERIQUE EXTERIEUR,48.881911,2.282727,Nuit avec éclairage allumé,En agglomération,Hors intersection,Pluie légère,Sans collision,4,1,1,0,1,1,2,1,1,50,1,2,1,0,0,1,23.0,,deux_roues,,5,2,1,2,7
202400033773,2024-05-16 11:00:00,2024,5,16,11,0,11,11069,6 Chemin de Sainte Marie,43.21436,2.37274,Plein jour,En agglomération,Hors intersection,Normale,Autre collision,4,1,1,0,1,1,1,0,1,30,1,3,1,0,0,2,19.0,,voiture,,1,2,1,1,6
202400033774,2024-07-23 10:25:00,2024,7,23,10,25,38,38565,Route de Chartreuse,45.302799,5.635391,Plein jour,Hors agglomération,Hors intersection,Normale,Deux véhicules - côté,3,2,2,0,2,1,1,0,1,80,2,2,1,0,0,1,71.0,54.0,deux_roues,utilitaire_camion,1,1,1,1,3
202400033775,2024-01-16 21:06:00,2024,1,16,21,6,68,68224,STOESSEL (BOULEVARD CHARLES),47.74348,7.31344,Nuit avec éclairage allumé,En agglomération,Passage à niveau,Normale,Autre collision,9,2,0,3,1,1,1,4,6,50,1,2,1,0,1,0,26.0,,transport_commun,,5,2,8,1,6
202400033776,2024-05-15 16:12:00,2024,5,15,16,12,09,09122,PAUL LAFFONT (RUE),42.963015,1.608304,Plein jour,En agglomération,Hors intersection,Normale,Sans collision,4,1,1,1,1,1,1,6,4,30,1,3,2,0,1,0,14.0,,deux_roues,,1,2,1,1,7
202400033777,2024-04-07 23:20:00,2024,4,7,23,20,75,75112,BD PERIPHERIQUE EXTERIEUR,48.846484,2.414571,Nuit avec éclairage allumé,En agglomération,Hors intersection,Pluie légère,Deux véhicules - côté,4,1,4,0,1,1,2,0,1,70,2,5,3,0,0,2,33.0,52.0,utilitaire_camion,voiture,5,2,1,2,3
202400033778,2024-07-23 17:00:00,2024,7,23,17,0,40,40293,1901 Route de Maremne,43.669203,-1.200653,Plein jour,Hors agglomération,Hors intersection,Normale,Sans collision,3,2,2,0,1,2,1,0,3,80,1,1,0,0,1,0,28.0,,deux_roues,,1,1,1,1,7
202400033779,2024-01-16 12:05:00,2024,1,16,12,5,67,67482,SCHIRMECK (ROUTE DE),48.56936,7.71051,Plein jour,En agglomération,Intersection en T,Temps couvert,Deux véhicules - côté,7,2,2,0,1,1,1,0,8,30,2,2,1,0,0,1,62.0,25.0,voiture,deux_roues,1,2,3,8,3
202400033779,2024-01-16 12:05:00,2024,1,16,12,5,67,67482,SCHIRMECK (ROUTE DE),48.56936,7.71051,Plein jour,En agglomération,Intersection en T,Temps couvert,Deux véhicules - côté,7,2,2,1,1,1,1,9,1,50,2,2,1,0,0,1,62.0,25.0,voiture,deux_roues,1,2,3,8,3
202400033780,2024-05-16 19:20:00,2024,5,16,19,20,06,06069,44 Chemin des Chèvrefeuilles,43.63764,6.92367,Plein jour,En agglomération,Hors intersection,Normale,Deux véhicules - arrière,4,2,2,0,2,1,1,9,1,50,2,2,1,0,0,1,58.0,26.0,voiture,voiture,1,2,1,1,2
202400033781,2024-04-06 19:00:00,2024,4,6,19,0,75,75116,BD PERIPHERIQUE EXTERIEUR,48.85464,2.254711,Plein jour,En agglomération,Hors intersection,Normale,Deux véhicules - côté,4,1,4,0,1,1,1,0,1,70,2,3,2,0,0,1,46.0,45.0,voiture,deux_roues,1,2,1,1,3
202400033782,2024-05-15 17:35:00,2024,5,15,17,35,75,75116,BD PERIPHERIQUE EXTERIEUR,48.835363,2.258692,Plein jour,En agglomération,Hors intersection,Normale,Deux véhicules - arrière,4,1,4,0,1,1,1,1,1,70,2,2,1,0,1,0,55.0,20.0,deux_roues,voiture,1,2,1,1,2
202400033783,2024-01-17 11:52:00,2024,1,17,11,52,64,64445,MAQUIS DU BEARN DU,43.29853,-0.3768,Plein jour,En agglomération,Intersection en T,Pluie forte,Deux véhicules - côté,4,2,2,0,1,1,2,0,1,50,2,2,1,0,0,1,50.0,36.0,voiture,deux_roues,1,2,3,3,3
202400033783,2024-01-17 11:52:00,2024,1,17,11,52,64,64445,MAQUIS DU BEARN DU,43.29853,-0.3768,Plein jour,En agglomération,Intersection en T,Pluie forte,Deux véhicules - côté,4,3,4,0,1,1,2,0,1,50,2,2,1,0,0,1,50.0,36.0,voiture,deux_roues,1,2,3,3,3
202400033784,2024-07-23 16:35:00,2024,7,23,16,35,33,33441,,45.151886,-0.635823,Plein jour,Hors agglomération,Intersection en X,Temps éblouissant,Trois véhicules et plus - collisions multiples,3,2,2,0,1,1,1,0,1,80,3,3,1,0,2,0,23.0,74.0,voiture,voiture,1,1,2,7,5
202400033784,2024-07-23 16:35:00,2024,7,23,16,35,33,33441,,45.151886,-0.635823,Plein jour,Hors agglomération,Intersection en X,Temps éblouissant,Trois véhicules et plus - collisions multiples,3,2,2,0,1,1,1,0,1,80,3,3,1,0,2,0,23.0,74.0,voiture,voiture,1,1,2,7,5
202400033785,2024-04-08 18:15:00,2024,4,8,18,15,75,75120,BOULEVARD DAVOUT,48.858702,2.409907,Plein jour,En agglomération,Intersection en T,Temps éblouissant,Autre collision,4,1,3,1,1,1,1,0,5,30,1,2,1,0,0,1,,,deux_roues,,1,2,3,7,6
202400033785,2024-04-08 18:15:00,2024,4,8,18,15,75,75120,BOULEVARD DAVOUT,48.858702,2.409907,Plein jour,En agglomération,Intersection en T,Temps éblouissant,Autre collision,4,2, -1,-1,1,1,1,0,5,30,1,2,1,0,0,1,,,deux_roues,,1,2,3,7,6
202400033786,2024-01-17 10:10:00,2024,1,17,10,10,64,64348,Boulevard des Frères Farman,43.33289,-0.39083,Plein jour,En agglomération,Hors intersection,Pluie légère,Autre collision,4,1,1,0,1,3,2,0,4,30,1,1,0,0,0,1,72.0,,voiture,,1,2,1,2,6
202400033787,2024-05-15 16:30:00,2024,5,15,16,30,75,75117,BD PERIPHERIQUE EXTERIEUR,48.884658,2.286128,Plein jour,En agglomération,Hors intersection,Normale,Deux véhicules - côté,4,1,4,0,1,1,1,0,1,70,2,2,1,0,0,1,21.0,32.0,deux_roues,voiture,1,2,1,1,3
202400033788,2024-01-10 19:15:00,2024,1,10,19,15,64,64445,DIDIER DAURAT,43.33204,-0.37946,Nuit avec éclairage allumé,En agglomération,Hors intersection,Normale,Deux véhicules - côté,4,2,3,0,1,1,1,0,1,50,2,2,1,0,0,1,33.0,25.0,deux_roues,voiture,5,2,1,1,3
202400033789,2024-05-15 12:00:00,2024,5,15,12,0,75,75119,AVENUE JEAN JAURES,48.886639,2.384839,Plein jour,En agglomération,Intersection en T,Normale,Autre collision,4,2,4,3,1,1,1,2,1,30,2,2,1,0,1,0,32.0,36.0,deux_roues,utilitaire_camion,1,2,3,1,6
202400033789,2024-05-15 12:00:00,2024,5,15,12,0,75,75119,AVENUE JEAN JAURES,48.886639,2.384839,Plein jour,En agglomération,Intersection en T,Normale,Autre collision,4,2, -1,-1,1,1,1,0,1,30,2,2,1,0,1,0,32.0,36.0,deux_roues,utilitaire_camion,1,2,3,1,6
202400033790,2024-04-08 16:30:00,2024,4,8,16,30,75,75120,RUE DE MENILMONTANT,48.868021,2.387066,Plein jour,En agglomération,Intersection en T,Normale,Deux véhicules - côté,4,1,1,0,1,1,1,0,1,30,2,2,1,0,0,1,34.0,16.0,deux_roues,deux_roues,1,2,3,1,3
202400033790,2024-04-08 16:30:00,2024,4,8,16,30,75,75120,RUE DE MENILMONTANT,48.868021,2.387066,Plein jour,En agglomération,Intersection en T,Normale,Deux véhicules - côté,4,2,2,3,2,1,1,0,1,30,2,2,1,0,0,1,34.0,16.0,deux_roues,deux_roues,1,2,3,1,3
202400033791,2024-07-24 11:30:00,2024,7,24,11,30,85,85243,RD38,46.60248,-1.82804,Plein jour,En agglomération,Intersection en T,Normale,Deux véhicules - côté,3,2,2,0,1,1,1,0,1,50,2,2,1,0,1,0,60.0,26.0,deux_roues,utilitaire_camion,1,2,3,1,3
202400033791,2024-07-24 11:30:00,2024,7,24,11,30,85,85243,RD38,46.60248,-1.82804,Plein jour,En agglomération,Intersection en T,Normale,Deux véhicules - côté,3,2, -1,-1,1,3,1,0,1,-1,2,2,1,0,1,0,60.0,26.0,deux_roues,utilitaire_camion,1,2,3,1,3
202400033792,2024-01-16 13:20:00,2024,1,16,13,20,64,64445,BENGHOZI AUDREY,43.31910703,-0.36446431,Plein jour,En agglomération,Hors intersection,Normale,Sans collision,4,2,4,2,1,1,1,0,4,50,1,1,0,0,0,1,59.0,,utilitaire_camion,,1,2,1,1,7
202400033793,2024-07-23 08:47:00,2024,7,23,8,47,33,33063,,44.883745,-0.556777,Plein jour,Hors agglomération,Hors intersection,Normale,Sans collision,1,3,4,0,1,3,1,3,1,50,1,1,0,0,0,1,30.0,,deux_roues,,1,1,1,1,7
202400033794,2024-01-17 08:50:00,2024,1,17,8,50,63,63113,CLARET (RUE JEAN),45.76496,3.13589,Plein jour,En agglomération,Hors intersection,Normale,Deux véhicules - côté,4,2,2,0,1,1,1,0,1,30,2,2,1,0,0,1,23.0,22.0,voiture,deux_roues,1,2,1,1,3
202400033795,2024-05-14 21:45:00,2024,5,14,21,45,75,75120,AVENUE GAMBETTA,48.86653,2.399893,Nuit avec éclairage allumé,En agglomération,Intersection en X,Pluie légère,Deux véhicules - côté,4,2, -1,0,2,1,2,0,1,30,2,2,1,0,0,1,39.0,,deux_roues,deux_roues,5,2,2,2,3
202400033795,2024-05-14 21:45:00,2024,5,14,21,45,75,75120,AVENUE GAMBETTA,48.86653,2.399893,Nuit avec éclairage allumé,En agglomération,Intersection en X,Pluie légère,Deux véhicules - côté,4,2, -1,-1,1,1,2,0,1,30,2,2,1,0,0,1,39.0,,deux_roues,deux_roues,5,2,2,2,3
202400033796,2024-04-08 10:15:00,2024,4,8,10,15,75,75120,RUE DE BAGNOLET,48.856725,2.396014,Plein jour,En agglomération,Intersection en T,Temps couvert,Autre collision,4,1, -1,-1,1,1,2,0,1,30,1,2,1,0,0,1,37.0,,deux_roues,,1,2,3,8,6
202400033796,2024-04-08 10:15:00,2024,4,8,10,15,75,75120,RUE DE BAGNOLET,48.856725,2.396014,Plein jour,En agglomération,Intersection en T,Temps couvert,Autre collision,4,2,2,0,1,1,2,0,8,30,1,2,1,0,0,1,37.0,,deux_roues,,1,2,3,8,6
202400033797,2024-05-16 11:40:00,2024,5,16,11,40,75,75119,AVENUE JEAN JAURES,48.883832,2.374266,Plein jour,En agglomération,Hors intersection,Normale,Autre collision,4,2,4,1,1,1,1,0,1,30,1,3,1,0,0,2,33.0,,deux_roues,,1,2,1,1,6
202400033798,2024-07-19 08:19:00,2024,7,19,8,19,59,59350,AUTOROUTE A1,50.61607,3.08282,Plein jour,Hors agglomération,Hors intersection,Normale,Deux véhicules - arrière,1,3,2,0,1,1,1,0,1,90,2,2,1,0,0,1,30.0,24.0,voiture,deux_roues,1,1,1,1,2
202400033799,2024-04-08 17:10:00,2024,4,8,17,10,75,75119,BOULEVARD MACDONALD,48.89709,2.39215,Plein jour,En agglomération,Intersection en T,Normale,Deux véhicules - côté,4,2,4,1,2,1,1,0,1,50,2,2,1,0,0,1,53.0,17.0,voiture,deux_roues,1,2,3,1,3
202400033799,2024-04-08 17:10:00,2024,4,8,17,10,75,75119,BOULEVARD MACDONALD,48.89709,2.39215,Plein jour,En agglomération,Intersection en T,Normale,Deux véhicules - côté,4,2,4,2,2,1,1,0,1,50,2,2,1,0,0,1,53.0,17.0,voiture,deux_roues,1,2,3,1,3
202400033800,2024-01-17 11:10:00,2024,1,17,11,10,61,61169,170 Rue de Messei,48.741891,-0.557926,Plein jour,En agglomération,Giratoire,Pluie forte,Deux véhicules - côté,3,2,2,0,1,1,2,0,1,50,2,3,2,0,1,0,53.0,31.0,deux_roues,voiture,1,2,6,3,3
202400033800,2024-01-17 11:10:00,2024,1,17,11,10,61,61169,170 Rue de Messei,48.741891,-0.557926,Plein jour,En agglomération,Giratoire,Pluie forte,Deux véhicules - côté,3,2,2,0,2,1,2,0,1,50,2,3,2,0,1,0,53.0,31.0,deux_roues,voiture,1,2,6,3,3
202400033801,2024-05-15 23:40:00,2024,5,15,23,40,75,75117,BOULEVARD DES BATIGNOLLES,48.883229,2.325334,Nuit avec éclairage allumé,En agglomération,Intersection en T,Normale,Autre collision,4,1,3,3,1,1,1,0,1,30,2,2,1,0,0,1,84.0,67.0,voiture,deux_roues,5,2,3,1,6
202400033801,2024-05-15 23:40:00,2024,5,15,23,40,75,75117,BOULEVARD DES BATIGNOLLES,48.883229,2.325334,Nuit avec éclairage allumé,En agglomération,Intersection en T,Normale,Autre collision,4,1, -1,0,1,1,1,0,1,30,2,2,1,0,0,1,84.0,67.0,voiture,deux_roues,5,2,3,1,6
202400033802,2024-01-16 18:34:00,2024,1,16,18,34,56,56121,FERRY ( PL. JULES ),47.74682,-3.36596,Nuit avec éclairage allumé,En agglomération,Giratoire,Temps couvert,Autre collision,4,2,2,0,1,1,2,0,1,30,1,3,1,0,0,2,30.0,,voiture,,5,2,6,8,6
202400033803,2024-04-08 07:30:00,2024,4,8,7,30,75,75119,BOULEVARD DE LA VILLETTE,48.872097,2.377038,Plein jour,En agglomération,Intersection en X,Normale,Autre collision,4,1,2,1,1,1,1,0,1,30,1,2,1,0,0,1,59.0,,utilitaire_camion,,1,2,2,1,6
202400033803,2024-04-08 07:30:00,2024,4,8,7,30,75,75119,BOULEVARD DE LA VILLETTE,48.872097,2.377038,Plein jour,En agglomération,Intersection en X,Normale,Autre collision,4,1,2,3,2,1,1,0,8,30,1,2,1,0,0,1,59.0,,utilitaire_camion,,1,2,2,1,6
202400033804,2024-01-16 20:15:00,2024,1,16,20,15,54,54357,Rue Jean Jaurès,48.71097,6.1694,Nuit avec éclairage allumé,En agglomération,Intersection en Y,Normale,Autre collision,4,2, -1,-1,1,2,1,0,1,50,1,2,1,0,0,1,55.0,,voiture,,5,2,4,1,6
202400033804,2024-01-16 20:15:00,2024,1,16,20,15,54,54357,Rue Jean Jaurès,48.71097,6.1694,Nuit avec éclairage allumé,En agglomération,Intersection en Y,Normale,Autre collision,4,2,2,0,1,3,1,0,1,30,1,2,1,0,0,1,55.0,,voiture,,5,2,4,1,6
202400033805,2024-05-16 18:30:00,2024,5,16,18,30,75,75116,ROUTE DE SURESNES,48.865059,2.234473,Plein jour,En agglomération,Intersection en X,Normale,Deux véhicules - côté,4,1,1,1,1,1,1,0,1,50,2,8,6,0,0,2,33.0,61.0,voiture,deux_roues,1,2,2,1,3
202400033805,2024-05-16 18:30:00,2024,5,16,18,30,75,75116,ROUTE DE SURESNES,48.865059,2.234473,Plein jour,En agglomération,Intersection en X,Normale,Deux véhicules - côté,4,2,4,0,1,1,1,0,1,50,2,8,6,0,0,2,33.0,61.0,voiture,deux_roues,1,2,2,1,3
202400033806,2024-04-08 12:00:00,2024,4,8,12,0,75,75116,RUE MOLITOR,48.845202,2.264181,Plein jour,En agglomération,Intersection en X,Normale,Deux véhicules - côté,4,1, -1,-1,1,1,1,0,1,50,2,3,1,0,0,2,54.0,37.0,voiture,deux_roues,1,2,2,1,3
202400033806,2024-04-08 12:00:00,2024,4,8,12,0,75,75116,RUE MOLITOR,48.845202,2.264181,Plein jour,En agglomération,Intersection en X,Normale,Deux véhicules - côté,4,-1,2,0,1,1,1,0,1,50,2,3,1,0,0,2,54.0,37.0,voiture,deux_roues,1,2,2,1,3
202400033807,2024-01-16 15:57:00,2024,1,16,15,57,54,54547,Boulevard de l'Europe,48.657236,6.1782,Plein jour,En agglomération,Hors intersection,Autre,Deux véhicules - côté,4,2, -1,1,2,1,9,-1,1,50,2,2,1,0,0,1,71.0,57.0,voiture,voiture,1,2,1,9,3
202400033808,2024-05-16 10:00:00,2024,5,16,10,0,75,75114,AVENUE DU GENERAL LECLERC,48.828794,2.32773,Plein jour,En agglomération,Intersection en Y,Normale,Autre collision,4,2,4,1,1,1,1,0,5,50,1,2,1,0,0,1,,,deux_roues,,1,2,4,1,6
202400033808,2024-05-16 10:00:00,2024,5,16,10,0,75,75114,AVENUE DU GENERAL LECLERC,48.828794,2.32773,Plein jour,En agglomération,Intersection en Y,Normale,Autre collision,4,1, -1,-1,1,1,1,0,5,50,1,2,1,0,0,1,,,deux_roues,,1,2,4,1,6
202400033809,2024-04-08 20:45:00,2024,4,8,20,45,75,75111,AVENUE PHILIPPE AUGUSTE,48.855767,2.391401,Nuit avec éclairage allumé,En agglomération,Intersection en X,Normale,Deux véhicules - côté,4,2,2,0,2,1,1,0,1,30,2,2,1,0,0,1,26.0,20.0,voiture,deux_roues,5,2,2,1,3
202400033809,2024-04-08 20:45:00,2024,4,8,20,45,75,75111,AVENUE PHILIPPE AUGUSTE,48.855767,2.391401,Nuit avec éclairage allumé,En agglomération,Intersection en X,Normale,Deux véhicules - côté,4,2, -1,-1,1,1,1,0,1,30,2,2,1,0,0,1,26.0,20.0,voiture,deux_roues,5,2,2,1,3
202400033810,2024-07-11 16:13:00,2024,7,11,16,13,59,59330,AUTOROUTE A23,50.45547,3.31634,Plein jour,Hors agglomération,Hors intersection,Normale,Deux véhicules - arrière,1,-1,2,0,1,1,1,0,1,110,2,4,1,0,0,3,47.0,19.0,voiture,voiture,1,1,1,1,2
202400033811,2024-01-17 07:50:00,2024,1,17,7,50,51,51573,COUTURIER (RUE PAUL VAILLANT),49.24793,4.00724,Crépuscule ou aube,En agglomération,Intersection en T,Pluie forte,Autre collision,4,2,2,2,3,1,7,0,1,50,1,2,1,0,0,1,51.0,,voiture,,2,2,3,3,6
202400033811,2024-01-17 07:50:00,2024,1,17,7,50,51,51573,COUTURIER (RUE PAUL VAILLANT),49.24793,4.00724,Crépuscule ou aube,En agglomération,Intersection en T,Pluie forte,Autre collision,4,1, -1,0,1,1,7,0,1,-1,1,2,1,0,0,1,51.0,,voiture,,2,2,3,3,6
202400033812,2024-04-08 09:45:00,2024,4,8,9,45,75,75102,RUE REAUMUR,48.866795,2.349411,Plein jour,En agglomération,Intersection en X,Normale,Sans collision,4,2,2,2,1,1,1,5,1,30,1,1,0,0,0,1,30.0,,deux_roues,,1,2,2,1,7
202400033812,2024-04-08 09:45:00,2024,4,8,9,45,75,75102,RUE REAUMUR,48.866795,2.349411,Plein jour,En agglomération,Intersection en X,Normale,Sans collision,4,1,4,2,1,1,9,0,5,30,1,1,0,0,0,1,30.0,,deux_roues,,1,2,2,1,7
202400033813,2024-05-16 18:05:00,2024,5,16,18,5,75,75113,AVENUE DE LA PORTE D ITALIE,48.817572,2.35981,Plein jour,En agglomération,Intersection en Y,Normale,Deux véhicules - côté,4,2,6,3,1,1,1,0,1,30,2,2,0,0,0,2,38.0,43.0,deux_roues,deux_roues,1,2,4,1,3
202400033813,2024-05-16 18:05:00,2024,5,16,18,5,75,75113,AVENUE DE LA PORTE D ITALIE,48.817572,2.35981,Plein jour,En agglomération,Intersection en Y,Normale,Deux véhicules - côté,4,1, -1,-1,1,1,1,0,1,30,2,2,0,0,0,2,38.0,43.0,deux_roues,deux_roues,1,2,4,1,3
202400033814,2024-07-23 15:07:00,2024,7,23,15,7,91,91161,AUTOROUTE A6,48.7071527,2.30607748,Plein jour,Hors agglomération,Hors intersection,Normale,Deux véhicules - côté,1,1,3,0,1,2,1,0,1,110,2,2,1,0,0,1,53.0,63.0,deux_roues,utilitaire_camion,1,1,1,1,3
202400033815,2024-01-17 04:30:00,2024,1,17,4,30,51,51454,NEUFCHATEL (RUE DE) DU N° 123 A FIN (IMP,49.282041,4.02728,Nuit avec éclairage allumé,En agglomération,Hors intersection,Pluie légère,Deux véhicules - arrière,4,2,0,0,1,1,7,0,1,50,2,2,1,0,0,1,27.0,27.0,voiture,deux_roues,5,2,1,2,2
202400033816,2024-05-16 13:30:00,2024,5,16,13,30,75,75110,RUE DIEU,48.870327,2.364567,Plein jour,En agglomération,Hors intersection,Normale,Autre collision,4,4,2,2,1,1,1,8,1,30,1,2,1,0,0,1,35.0,,deux_roues,,1,2,1,1,6
202400033817,2024-07-23 11:10:00,2024,7,23,11,10,91,91174,RN 104,48.61804,2.45735,Plein jour,Hors agglomération,Hors intersection,Normale,Deux véhicules - côté,2,1,2,0,1,1,1,0,1,90,2,2,1,0,0,1,31.0,62.0,voiture,utilitaire_camion,1,1,1,1,3
202400033818,2024-01-16 07:00:00,2024,1,16,7,0,51,51454,POMMERY (BOULEVARD),49.25313,4.05395,Nuit avec éclairage allumé,En agglomération,Hors intersection,Normale,Autre collision,4,2,2,0,1,1,1,0,1,50,1,2,1,0,1,0,42.0,,voiture,,5,2,1,1,6
202400033819,2024-05-16 13:25:00,2024,5,16,13,25,75,75108,PLACE DE LA CONCORDE,48.865758,2.320548,Plein jour,En agglomération,Intersection en T,Normale,Deux véhicules - côté,4,2,3,0,1,1,1,0,1,30,2,2,1,0,0,1,46.0,39.0,voiture,deux_roues,1,2,3,1,3