accident_id,datetime,annee,mois,jour,heure,minute,departement,commune_insee,adresse,latitude,longitude,luminosite,agglomeration,intersection,meteo,collision,catr,circ,nbv,vosp,prof,plan,surf,infra,situ,vma,nb_vehicules,nb_usagers,nb_indemnes,nb_tues,nb_blesses_hosp,nb_blesses_legers,age_cond_1,age_cond_2,veh_type_cond_1,veh_type_cond_2,lum_code,agg_code,int_code,atm_code,col_code
202400033819,2024-05-16 13:25:00,2024,5,16,13,25,75,75108,PLACE DE LA CONCORDE,48.865758,2.320548,Plein jour,En agglomération,Intersection en T,Normale,Deux véhicules - côté,4,2,3,1,1,1,1,0,1,30,2,2,1,0,0,1,46.0,39.0,voiture,deux_roues,1,2,3,1,3
202400033820,2024-04-08 16:55:00,2024,4,8,16,55,94,94078,Rue de Paris / Rue Emile Zola,48.73559,2.44686,Plein jour,En agglomération,Intersection en X,Normale,Deux véhicules - côté,2,3,4,0,1,1,1,0,1,50,2,3,0,1,0,2,23.0,41.0,voiture,deux_roues,1,2,2,1,3
202400033820,2024-04-08 16:55:00,2024,4,8,16,55,94,94078,Rue de Paris / Rue Emile Zola,48.73559,2.44686,Plein jour,En agglomération,Intersection en X,Normale,Deux véhicules - côté,2,2,2,0,1,1,1,0,1,50,2,3,0,1,0,2,23.0,41.0,voiture,deux_roues,1,2,2,1,3
202400033821,2024-01-16 16:30:00,2024,1,16,16,30,49,49007,MONTAIGNE AVENUE,47.47167,-0.53845,Plein jour,En agglomération,Hors intersection,Normale,Deux véhicules - frontale,4,2,2,0,1,1,1,0,1,50,2,2,1,0,0,1,22.0,34.0,deux_roues,voiture,1,2,1,1,1
202400033822,2024-07-23 10:34:00,2024,7,23,10,34,92,92047,A13,48.83459228,2.17162733,Plein jour,Hors agglomération,Hors intersection,Pluie légère,Trois véhicules et plus - en chaîne,1,-1,3,0,1,1,2,0,1,110,3,3,2,0,0,1,59.0,43.0,voiture,utilitaire_camion,1,1,1,2,4
202400033823,2024-05-16 09:30:00,2024,5,16,9,30,75,75108,SOUTERRAIN CONCORDE,48.864212,2.320206,Plein jour,En agglomération,Intersection en T,Normale,Deux véhicules - arrière,4,1, -1,-1,1,1,1,0,1,30,2,2,1,0,0,1,38.0,67.0,deux_roues,voiture,1,2,3,1,2
202400033823,2024-05-16 09:30:00,2024,5,16,9,30,75,75108,SOUTERRAIN CONCORDE,48.864212,2.320206,Plein jour,En agglomération,Intersection en T,Normale,Deux véhicules - arrière,4,1,2,0,2,1,1,1,1,30,2,2,1,0,0,1,38.0,67.0,deux_roues,voiture,1,2,3,1,2
202400033824,2024-04-08 11:55:00,2024,4,8,11,55,94,94074,107 Avenue du Rû de Gironde,48.73886827,2.46962169,Plein jour,En agglomération,Hors intersection,Pluie légère,Trois véhicules et plus - en chaîne,3,3,2,0,1,1,2,0,1,50,3,3,2,0,0,1,48.0,30.0,transport_commun,voiture,1,2,1,2,4
202400033825,2024-07-23 10:30:00,2024,7,23,10,30,78,78007,A13W,48.900892,2.0050097,Plein jour,Hors agglomération,Hors intersection,Pluie légère,Autre collision,1,1,2,0,1,1,2,0,1,110,1,2,1,0,0,1,68.0,,voiture,,1,1,1,2,6
202400033826,2024-01-17 17:20:00,2024,1,17,17,20,38,38185,MARECHAL JOFFRE (BOULEVARD),45.18248,5.72828,Crépuscule ou aube,En agglomération,Hors intersection,Pluie légère,Autre collision,4,3,7,1,1,1,2,0,1,50,3,3,2,0,1,0,50.0,30.0,voiture,voiture,2,2,1,2,6
202400033827,2024-07-23 05:50:00,2024,7,23,5,50,95,95488,A15,49.01607139,2.14427239,Crépuscule ou aube,Hors agglomération,Hors intersection,Normale,Sans collision,1,3,3,0,1,1,1,0,1,110,1,1,0,0,0,1,33.0,,voiture,,2,1,1,1,7
202400033828,2024-04-08 15:30:00,2024,4,8,15,30,94,94073,Rue du Bas Marin,48.75594,2.38367,Plein jour,Hors agglomération,Intersection en Y,Normale,Deux véhicules - côté,1,1,1,0,1,1,1,3,1,90,2,2,1,0,0,1,59.0,41.0,utilitaire_camion,voiture,1,1,4,1,3
202400033828,2024-04-08 15:30:00,2024,4,8,15,30,94,94073,Rue du Bas Marin,48.75594,2.38367,Plein jour,Hors agglomération,Intersection en Y,Normale,Deux véhicules - côté,1,3,6,-1,1,2,1,0,1,-1,2,2,1,0,0,1,59.0,41.0,utilitaire_camion,voiture,1,1,4,1,3
202400033829,2024-01-17 19:20:00,2024,1,17,19,20,38,38053,Avenue Professeur Tixier,45.58826,5.2921,Nuit avec éclairage allumé,En agglomération,Intersection en X,Pluie forte,Autre collision,4,2,2,0,1,1,2,5,8,50,1,4,1,0,1,2,20.0,,voiture,,5,2,2,3,6
202400033829,2024-01-17 19:20:00,2024,1,17,19,20,38,38053,Avenue Professeur Tixier,45.58826,5.2921,Nuit avec éclairage allumé,En agglomération,Intersection en X,Pluie forte,Autre collision,4,2,2,0,1,1,2,5,1,50,1,4,1,0,1,2,20.0,,voiture,,5,2,2,3,6
202400033830,2024-04-08 20:50:00,2024,4,8,20,50,94,94079,Rue du Général de Gaulle / Rue Edgar Degas,48.8279,2.55282,Nuit sans éclairage public,En agglomération,Intersection en T,Normale,Autre collision,3,2,2,0,1,1,1,0,1,50,1,2,1,0,0,1,49.0,,deux_roues,,3,2,3,1,6
202400033830,2024-04-08 20:50:00,2024,4,8,20,50,94,94079,Rue du Général de Gaulle / Rue Edgar Degas,48.8279,2.55282,Nuit sans éclairage public,En agglomération,Intersection en T,Normale,Autre collision,3,2,2,-1,1,1,1,0,1,-1,1,2,1,0,0,1,49.0,,deux_roues,,3,2,3,1,6
202400033831,2024-07-23 12:05:00,2024,7,23,12,5,93,93027,AUTOROUTE A86,48.92583836,2.39888728,Plein jour,Hors agglomération,Hors intersection,Normale,Trois véhicules et plus - en chaîne,1,3,10,0,1,1,1,0,1,90,3,3,2,0,0,1,38.0,59.0,utilitaire_camion,voiture,1,1,1,1,4
202400033832,2024-01-17 15:55:00,2024,1,17,15,55,37,37261,DASSAULT (AVENUE MARCEL),47.36382,0.68615,Plein jour,En agglomération,Hors intersection,Temps couvert,Deux véhicules - côté,4,2,2,1,1,1,2,0,1,50,2,2,1,0,0,1,,15.0,voiture,deux_roues,1,2,1,8,3
202400033833,2024-04-08 01:45:00,2024,4,8,1,45,93,93070,Avenue Gabriel Péri,48.9032,2.33097,Nuit avec éclairage allumé,En agglomération,Hors intersection,Pluie légère,Sans collision,3,2,2,2,1,1,2,9,1,50,1,3,2,0,0,1,33.0,,voiture,,5,2,1,2,7
202400033834,2024-01-13 05:00:00,2024,1,13,5,0,35,35288,BARBINAIS (LIEU DIT LA),48.6475,-1.96291,Nuit sans éclairage public,Hors agglomération,Hors intersection,Normale,Autre collision,4,2,2,0,1,2,1,0,3,80,1,4,1,0,1,2,19.0,,voiture,,3,1,1,1,6
202400033835,2024-05-15 16:42:00,2024,5,15,16,42,75,75103,RUE DE TURBIGO,48.865746,2.357423,Plein jour,En agglomération,Intersection en T,Normale,Autre collision,4,1,4,1,1,1,1,0,1,30,2,3,2,0,0,1,,,voiture,deux_roues,1,2,3,1,6
202400033835,2024-05-15 16:42:00,2024,5,15,16,42,75,75103,RUE DE TURBIGO,48.865746,2.357423,Plein jour,En agglomération,Intersection en T,Normale,Autre collision,4,1,1,0,1,1,1,0,1,30,2,3,2,0,0,1,,,voiture,deux_roues,1,2,3,1,6
202400033836,2024-07-23 10:15:00,2024,7,23,10,15,93,93063,AUTOROUTE A3,48.87437332,2.43812795,Plein jour,Hors agglomération,Hors intersection,Pluie légère,Autre collision,1,1,4,0,2,1,2,0,1,70,1,1,0,0,0,1,49.0,,deux_roues,,1,1,1,2,6
202400033837,2024-04-08 18:27:00,2024,4,8,18,27,93,93055,Avenue du Général Leclerc,48.90019,2.41015,Plein jour,En agglomération,Hors intersection,Normale,Deux véhicules - côté,3,2,2,1,1,1,1,0,8,50,2,2,1,0,1,0,23.0,60.0,deux_roues,voiture,1,2,1,1,3
202400033838,2024-07-22 14:40:00,2024,7,22,14,40,95,95241,N104,49.04775666,2.46302566,Plein jour,Hors agglomération,Hors intersection,Normale,Deux véhicules - côté,2,3,2,0,3,1,1,0,1,110,2,2,1,0,0,1,18.0,47.0,voiture,voiture,1,1,1,1,3
202400033839,2024-04-07 22:47:00,2024,4,7,22,47,92,92022,FONTAINE HENRI IV (RUE DE LA),48.81169702,2.19287798,Nuit avec éclairage allumé,En agglomération,Hors intersection,Pluie légère,Autre collision,4,1,1,0,2,1,2,0,4,30,1,1,0,0,0,1,60.0,,voiture,,5,2,1,2,6
202400033840,2024-01-17 08:35:00,2024,1,17,8,35,35,35238,MALAKOFF,48.10573,-1.69331,Nuit avec éclairage non allumé,En agglomération,Hors intersection,Pluie légère,Autre collision,4,2,2,1,1,1,2,0,1,30,1,3,1,0,0,2,61.0,,transport_commun,,4,2,1,2,6
202400033841,2024-07-23 17:10:00,2024,7,23,17,10,94,94028,A86,48.80103887,2.4472408,Plein jour,Hors agglomération,Hors intersection,Normale,Deux véhicules - arrière,1,3,4,0,1,1,1,0,1,90,2,2,1,0,0,1,31.0,30.0,deux_roues,voiture,1,1,1,1,2
202400033842,2024-04-08 20:50:00,2024,4,8,20,50,92,92012,ANATOLE FRANCE (BOULEVARD) 1/4BIS,48.85034362,2.2377668,Crépuscule ou aube,En agglomération,Intersection en X,Normale,Deux véhicules - frontale,3,2,2,0,1,1,1,0,1,50,2,2,1,0,0,1,26.0,49.0,deux_roues,voiture,2,2,2,1,1
202400033842,2024-04-08 20:50:00,2024,4,8,20,50,92,92012,ANATOLE FRANCE (BOULEVARD) 1/4BIS,48.85034362,2.2377668,Crépuscule ou aube,En agglomération,Intersection en X,Normale,Deux véhicules - frontale,3,2,2,0,1,1,1,0,1,50,2,2,1,0,0,1,26.0,49.0,deux_roues,voiture,2,2,2,1,1
202400033843,2024-05-16 07:35:00,2024,5,16,7,35,94,94065,Avenue Charles Lindbergh / Bretelle A86,48.7539,2.3483,Plein jour,En agglomération,Intersection en Y,Normale,Deux véhicules - arrière,2,2,3,0,1,1,1,0,1,50,2,2,0,0,0,2,29.0,35.0,voiture,voiture,1,2,4,1,2
202400033843,2024-05-16 07:35:00,2024,5,16,7,35,94,94065,Avenue Charles Lindbergh / Bretelle A86,48.7539,2.3483,Plein jour,En agglomération,Intersection en Y,Normale,Deux véhicules - arrière,2,1,1,0,1,3,1,3,1,-1,2,2,0,0,0,2,29.0,35.0,voiture,voiture,1,2,4,1,2
202400033844,2024-04-08 18:20:00,2024,4,8,18,20,92,92004,GRESILLONS ( AVENUE DES  ),48.91621421,2.30462095,Plein jour,En agglomération,Hors intersection,Normale,Deux véhicules - côté,3,2,4,0,1,1,1,0,1,50,2,2,1,0,0,1,31.0,44.0,deux_roues,voiture,1,2,1,1,3
202400033845,2024-07-23 06:50:00,2024,7,23,6,50,77,77337,A4.W,48.830033,2.61618,Plein jour,Hors agglomération,Hors intersection,Pluie légère,Autre collision,1,-1,3,0,1,1,2,0,1,110,3,3,2,0,0,1,46.0,43.0,voiture,voiture,1,1,1,2,6
202400033846,2024-01-17 13:37:00,2024,1,17,13,37,33,33281,,44.836346,-0.6229,Plein jour,En agglomération,Intersection en T,Pluie légère,Trois véhicules et plus - collisions multiples,4,2,2,2,1,1,2,0,1,50,3,3,2,0,1,0,16.0,65.0,voiture,deux_roues,1,2,3,2,5
202400033846,2024-01-17 13:37:00,2024,1,17,13,37,33,33281,,44.836346,-0.6229,Plein jour,En agglomération,Intersection en T,Pluie légère,Trois véhicules et plus - collisions multiples,4,1,1,0,1,1,2,0,1,50,3,3,2,0,1,0,16.0,65.0,voiture,deux_roues,1,2,3,2,5
202400033847,2024-05-15 18:10:00,2024,5,15,18,10,94,94028,Route de la Pompadour / Chemin des Bassins,48.76851152,2.46496671,Plein jour,En agglomération,Intersection en T,Normale,Deux véhicules - arrière,3,3,4,0,1,2,1,8,1,50,2,2,1,0,0,1,42.0,31.0,voiture,voiture,1,2,3,1,2
202400033847,2024-05-15 18:10:00,2024,5,15,18,10,94,94028,Route de la Pompadour / Chemin des Bassins,48.76851152,2.46496671,Plein jour,En agglomération,Intersection en T,Normale,Deux véhicules - arrière,3,2,2,-1,1,2,1,8,1,-1,2,2,1,0,0,1,42.0,31.0,voiture,voiture,1,2,3,1,2
202400033848,2024-04-08 09:10:00,2024,4,8,9,10,92,92004,GRESILLONS ( AVENUE DES  ),48.91443905,2.30043626,Plein jour,En agglomération,Hors intersection,Temps couvert,Sans collision,3,2,2,0,1,1,2,0,1,50,1,2,1,0,0,1,46.0,,transport_commun,,1,2,1,8,7
202400033849,2024-07-22 22:50:00,2024,7,22,22,50,77,77258,A4.Y,48.832442,2.656272,Nuit sans éclairage public,Hors agglomération,Hors intersection,Normale,Sans collision,1,1,1,0,1,3,1,3,1,50,1,1,0,0,0,1,34.0,,deux_roues,,3,1,1,1,7
202400033850,2024-01-17 07:52:00,2024,1,17,7,52,33,33281,,44.8412,-0.6521,Nuit avec éclairage allumé,En agglomération,Hors intersection,Normale,Autre collision,4,1,1,0,1,1,1,0,1,50,1,2,1,0,1,0,48.0,,voiture,,5,2,1,1,6
202400033851,2024-05-16 08:15:00,2024,5,16,8,15,94,94018,Rue de Conflans / Rue des Bordeaux,48.822362,2.410735,Plein jour,En agglomération,Intersection en X,Normale,Deux véhicules - côté,4,1,1,0,1,1,1,0,1,30,2,2,1,0,0,1,44.0,43.0,deux_roues,voiture,1,2,2,1,3
202400033852,2024-04-08 07:15:00,2024,4,8,7,15,92,92004,DOCTEUR DERVAUX  ( QUAI DU ),48.90699,2.29162,Crépuscule ou aube,En agglomération,Hors intersection,Temps couvert,Deux véhicules - arrière,3,1,2,0,1,1,2,0,1,50,2,2,1,0,0,1,50.0,63.0,utilitaire_camion,autre,2,2,1,8,2
202400033853,2024-07-22 09:30:00,2024,7,22,9,30,94,94065,A86,48.75361271,2.36115754,Plein jour,Hors agglomération,Hors intersection,Normale,Trois véhicules et plus - collisions multiples,2,3,4,0,1,1,1,0,1,90,3,3,2,0,0,1,48.0,66.0,voiture,voiture,1,1,1,1,5
202400033854,2024-05-15 19:30:00,2024,5,15,19,30,94,94017,Boulevard de Stalingrad,48.81893,2.50349,Plein jour,En agglomération,Hors intersection,Pluie légère,Deux véhicules - arrière,3,1,1,1,1,1,2,0,5,30,2,2,1,0,0,1,57.0,42.0,deux_roues,utilitaire_camion,1,2,1,2,2
202400033855,2024-04-08 03:00:00,2024,4,8,3,0,40,40168,A63,43.78613731,-1.20931033,Nuit sans éclairage public,Hors agglomération,Hors intersection,Normale,Autre collision,1,3,3,0,1,2,1,0,1,130,1,2,1,1,0,0,45.0,,utilitaire_camion,,3,1,1,1,6
202400033856,2024-01-17 21:20:00,2024,1,17,21,20,31,31555,RUE DU DR MARCEL BOUVIER,43.6231265,1.45430781,Nuit avec éclairage allumé,En agglomération,Giratoire,Pluie légère,Deux véhicules - arrière,4,2,2,0,1,4,2,0,5,30,2,2,1,0,0,1,33.0,48.0,deux_roues,voiture,5,2,6,2,2
202400033856,2024-01-17 21:20:00,2024,1,17,21,20,31,31555,RUE DU DR MARCEL BOUVIER,43.6231265,1.45430781,Nuit avec éclairage allumé,En agglomération,Giratoire,Pluie légère,Deux véhicules - arrière,4,2,2,0,4,3,2,0,5,30,2,2,1,0,0,1,33.0,48.0,deux_roues,voiture,5,2,6,2,2
202400033857,2024-01-24 16:15:00,2024,1,24,16,15,14,14281,N13,49.33863,-0.937014,Plein jour,Hors agglomération,Autre intersection,Normale,Autre collision,2,1,2,0,1,1,1,0,3,110,1,1,0,0,1,0,27.0,,utilitaire_camion,,1,1,9,1,6
202400033858,2024-05-16 13:00:00,2024,5,16,13,0,94,94075,Rue des Plantes / Rue de la Tournelle,48.72014,2.52979,Plein jour,En agglomération,Giratoire,Normale,Autre collision,4,2,2,0,2,1,1,0,1,-1,1,2,1,0,0,1,43.0,,voiture,,1,2,6,1,6
202400033858,2024-05-16 13:00:00,2024,5,16,13,0,94,94075,Rue des Plantes / Rue de la Tournelle,48.72014,2.52979,Plein jour,En agglomération,Giratoire,Normale,Autre collision,4,2,2,0,1,1,1,0,1,50,1,2,1,0,0,1,43.0,,voiture,,1,2,6,1,6
202400033859,2024-01-18 00:10:00,2024,1,18,0,10,29,29232,LUDUGRIS  ROND POINT DE,47.97952351,-4.12191647,Nuit avec éclairage allumé,En agglomération,Giratoire,Normale,Autre collision,3,3,0,0,1,1,2,5,3,50,1,2,0,0,0,2,25.0,,voiture,,5,2,6,1,6
202400033860,2024-04-05 09:58:00,2024,4,5,9,58,35,35082,Lieu Dit Jugon,47.873375,-1.389701,Plein jour,En agglomération,Intersection en X,Normale,Deux véhicules - côté,3,2,2,0,1,1,2,0,1,80,2,4,0,0,1,3,21.0,72.0,utilitaire_camion,voiture,1,2,2,1,3
202400033860,2024-04-05 09:58:00,2024,4,5,9,58,35,35082,Lieu Dit Jugon,47.873375,-1.389701,Plein jour,En agglomération,Intersection en X,Normale,Deux véhicules - côté,3,2,2,0,1,1,2,0,1,80,2,4,0,0,1,3,21.0,72.0,utilitaire_camion,voiture,1,2,2,1,3
202400033861,2024-03-18 10:00:00,2024,3,18,10,0,76,76681,Place des Bruyères,49.41205,1.07338,Plein jour,En agglomération,Place,Normale,Autre collision,7,2,2,0,1,1,1,-1,1,50,1,2,1,0,0,1,30.0,,voiture,,1,2,7,1,6
202400033861,2024-03-18 10:00:00,2024,3,18,10,0,76,76681,Place des Bruyères,49.41205,1.07338,Plein jour,En agglomération,Place,Normale,Autre collision,7,1,3,3,1,2,1,-1,1,50,1,2,1,0,0,1,30.0,,voiture,,1,2,7,1,6
202400033862,2024-04-09 07:45:00,2024,4,9,7,45,38,38378,Route du Péage,45.428437,4.771341,Plein jour,Hors agglomération,Hors intersection,Pluie forte,Autre collision,3,2,2,0,1,1,2,5,1,70,1,2,1,0,0,1,44.0,,voiture,,1,1,1,3,6
202400033863,2024-01-16 19:00:00,2024,1,16,19,0,29,29019,place Napoleon III,48.403411,-4.506693,Nuit avec éclairage allumé,En agglomération,Intersection en T,Normale,Autre collision,4,3,2,1,2,1,2,0,1,50,1,2,1,0,0,1,23.0,,voiture,,5,2,3,1,6
202400033863,2024-01-16 19:00:00,2024,1,16,19,0,29,29019,place Napoleon III,48.403411,-4.506693,Nuit avec éclairage allumé,En agglomération,Intersection en T,Normale,Autre collision,4,1,1,0,1,3,2,0,1,50,1,2,1,0,0,1,23.0,,voiture,,5,2,3,1,6
202400033864,2024-05-16 08:14:00,2024,5,16,8,14,93,93070,Avenue Gabriel Péri,48.908934,2.332761,Plein jour,En agglomération,Hors intersection,Normale,Deux véhicules - frontale,3,2,2,3,1,1,1,0,1,50,2,2,1,0,0,1,20.0,29.0,deux_roues,voiture,1,2,1,1,1
202400033865,2024-04-08 12:50:00,2024,4,8,12,50,86,86184,D20,46.768688,0.365784,Plein jour,En agglomération,Hors intersection,Normale,Autre collision,3,3,2,0,1,1,1,0,3,50,1,1,0,0,1,0,20.0,,deux_roues,,1,2,1,1,6
202400033866,2024-05-16 09:25:00,2024,5,16,9,25,93,93064,Boulevard Gabriel Péri,48.87977159,2.46801853,Plein jour,En agglomération,Hors intersection,Normale,Deux véhicules - frontale,3,2,2,0,2,1,1,0,1,50,2,2,1,0,0,1,40.0,31.0,voiture,deux_roues,1,2,1,1,1
202400033867,2024-03-06 16:40:00,2024,3,6,16,40,76,76540,Rue Victor Hugo,49.43994,1.10069,Plein jour,En agglomération,Hors intersection,Temps couvert,Deux véhicules - côté,4,1,1,0,1,1,1,-1,1,30,2,2,1,0,1,0,,41.0,voiture,deux_roues,1,2,1,8,3
202400033868,2024-01-17 21:35:00,2024,1,17,21,35,13,13203,STRASBOURG (BOULEVARD),43.30952094,5.37930384,Nuit avec éclairage allumé,En agglomération,Hors intersection,Pluie légère,Deux véhicules - frontale,4,2,2,0,1,1,2,0,1,50,2,6,5,0,0,1,21.0,37.0,deux_roues,voiture,5,2,1,2,1
202400033869,2024-04-09 13:15:00,2024,4,9,13,15,68,68162,Billachweg (Chemin),48.132499,7.324834,Plein jour,Hors agglomération,Hors intersection,Pluie légère,Deux véhicules - frontale,3,2,2,0,1,1,2,0,1,80,2,2,0,0,1,1,70.0,55.0,voiture,deux_roues,1,1,1,2,1
202400033870,2024-03-01 18:45:00,2024,3,1,18,45,76,76322,N338 - Sud 3,49.40141,1.03268,Nuit sans éclairage public,Hors agglomération,Hors intersection,Pluie légère,Deux véhicules - arrière,2,3,4,0,1,1,2,0,1,90,2,2,1,0,0,1,21.0,26.0,voiture,voiture,3,1,1,2,2
202400033871,2024-05-15 21:50:00,2024,5,15,21,50,93,93063,Rue Marcel Ethis,48.8775,2.44346,Nuit sans éclairage public,En agglomération,Hors intersection,Normale,Trois véhicules et plus - collisions multiples,4,2,2,0,2,1,1,0,1,30,4,4,3,0,0,1,40.0,41.0,voiture,voiture,3,2,1,1,5
202400033872,2024-01-17 09:25:00,2024,1,17,9,25,13,13213,CROIX ROUGE (AVENUE),43.33289,5.43736,Plein jour,En agglomération,Hors intersection,Pluie légère,Deux véhicules - arrière,4,2,2,0,1,1,2,0,1,50,2,4,1,0,0,3,28.0,51.0,utilitaire_camion,transport_commun,1,2,1,2,2
202400033873,2024-04-09 15:30:00,2024,4,9,15,30,974,97422,153 Rue des Poinsetias,-21.242473,55.527346,Plein jour,En agglomération,Hors intersection,Normale,Autre collision,2,2,2,0,2,4,1,0,1,50,1,4,0,0,2,2,72.0,,voiture,,1,2,1,1,6
202400033874,2024-01-17 06:50:00,2024,1,17,6,50,13,13211,CAMOINS (AVENUE DES),43.30607644,5.51068778,Nuit avec éclairage allumé,En agglomération,Hors intersection,Pluie légère,Deux véhicules - arrière,4,2,2,0,1,1,2,0,1,50,2,2,1,0,0,1,55.0,32.0,deux_roues,voiture,5,2,1,2,2
202400033875,2024-04-08 11:45:00,2024,4,8,11,45,972,97227,RN5,14.4699,-60.922022,Crépuscule ou aube,En agglomération,Hors intersection,Normale,Deux véhicules - frontale,2,2,2,0,2,3,1,2,1,50,2,2,1,1,0,0,36.0,52.0,voiture,utilitaire_camion,2,2,1,1,1
202400033876,2024-05-15 19:50:00,2024,5,15,19,50,93,93031,Avenue Jean Jaurès,48.956804,2.320438,Plein jour,En agglomération,Hors intersection,Normale,Deux véhicules - frontale,3,2,2,0,2,1,1,0,1,50,2,2,1,0,0,1,30.0,37.0,voiture,deux_roues,1,2,1,1,1
202400033877,2024-03-19 10:26:00,2024,3,19,10,26,24,24053,RN221,45.15195,0.78605,Plein jour,Hors agglomération,Hors intersection,Normale,Deux véhicules - côté,2,2,2,0,1,1,1,0,1,80,2,3,0,0,1,2,59.0,42.0,utilitaire_camion,utilitaire_camion,1,1,1,1,3
202400033878,2024-01-16 22:50:00,2024,1,16,22,50,13,13207,Corniche John Fitzgérald Kennedy,43.26873,5.36881,Nuit avec éclairage allumé,En agglomération,Autre intersection,Normale,Deux véhicules - arrière,4,2,2,0,2,3,1,0,8,50,1,2,0,0,2,0,31.0,,deux_roues,,5,2,9,1,2
202400033879,2024-04-08 10:20:00,2024,4,8,10,20,21,21661,autoroute a38 - pk 30,47.318416,4.913181,Plein jour,Hors agglomération,Hors intersection,Normale,Deux véhicules - arrière,1,3,2,0,1,3,1,0,1,110,2,2,1,0,0,1,54.0,64.0,utilitaire_camion,voiture,1,1,1,1,2
202400033880,2024-07-23 01:55:00,2024,7,23,1,55,974,97416,PRESBYTERE (RUE DU),-21.33688,55.47966,Nuit avec éclairage non allumé,En agglomération,Hors intersection,Normale,Autre collision,4,-1,1,0,1,1,1,0,4,30,1,1,0,0,0,1,43.0,,deux_roues,,4,2,1,1,6
202400033881,2024-05-12 12:00:00,2024,5,12,12,0,93,93031,Rue Pierre Curie / Rue Georges Picot,48.94884701,2.3403722,Plein jour,En agglomération,Intersection en T,Normale,Deux véhicules - frontale,4,2,2,0,1,1,1,0,1,50,2,2,1,0,0,1,20.0,49.0,deux_roues,voiture,1,2,3,1,1
202400033882,2024-03-02 10:05:00,2024,3,2,10,5,62,62706,D166,50.57517815,2.74164543,Plein jour,En agglomération,Autre intersection,Normale,Autre collision,3,-1, -1,0,1,1,1,9,8,-1,1,4,1,0,2,1,87.0,,voiture,,1,2,9,1,6
202400033883,2024-07-22 19:09:00,2024,7,22,19,9,973,97302,ZEPHIR (CITE),4.93594045,-52.29419553,Nuit avec éclairage allumé,En agglomération,Hors intersection,Normale,Deux véhicules - arrière,4,2,2,0,1,1,1,0,1,50,2,3,2,0,0,1,18.0,57.0,deux_roues,voiture,5,2,1,1,2
202400033884,2024-04-07 18:12:00,2024,4,7,18,12,38,38105,Route de Bonpertuis,45.400371,5.540875,Crépuscule ou aube,Hors agglomération,Hors intersection,Normale,Autre collision,3,2,2,0,1,4,1,0,3,80,1,1,0,0,1,0,49.0,,deux_roues,,2,1,1,1,6
202400033885,2024-05-16 18:45:00,2024,5,16,18,45,93,93007,Avenue Charles Floquet,48.94048,2.45052,Plein jour,En agglomération,Hors intersection,Normale,Trois véhicules et plus - collisions multiples,4,2,2,0,1,1,1,0,1,50,3,4,3,0,0,1,32.0,64.0,voiture,voiture,1,2,1,1,5
202400033886,2024-04-08 09:45:00,2024,4,8,9,45,34,34036,A75 PK286+200 Sens2,43.676842,3.415847,Plein jour,Hors agglomération,Hors intersection,Normale,Sans collision,1,3,2,0,1,1,1,0,3,130,1,1,0,0,1,0,32.0,,voiture,,1,1,1,1,7
202400033887,2024-07-22 18:35:00,2024,7,22,18,35,69,69383,Rue Villeroy,45.75666,4.84499,Plein jour,En agglomération,Autre intersection,Normale,Autre collision,4,1,1,0,1,1,1,6,1,30,1,2,1,0,0,1,61.0,,voiture,,1,2,9,1,6
202400033888,2024-05-16 14:50:00,2024,5,16,14,50,93,93007,Avenue Paul Vaillant Couturier / Rue de Londres,48.929151,2.478946,Plein jour,En agglomération,Intersection en T,Normale,Deux véhicules - côté,3,2,2,0,1,1,1,0,1,50,2,2,1,0,0,1,17.0,40.0,deux_roues,voiture,1,2,3,1,3
202400033888,2024-05-16 14:50:00,2024,5,16,14,50,93,93007,Avenue Paul Vaillant Couturier / Rue de Londres,48.929151,2.478946,Plein jour,En agglomération,Intersection en T,Normale,Deux véhicules - côté,3,1,1,0,1,1,1,0,1,-1,2,2,1,0,0,1,17.0,40.0,deux_roues,voiture,1,2,3,1,3
202400033889,2024-07-21 05:00:00,2024,7,21,5,0,972,97209,MOUTTE (ROUTE DE),14.62307,-61.05164,Nuit sans éclairage public,En agglomération,Hors intersection,Normale,Autre collision,3,2,2,0,2,2,1,0,8,50,1,1,0,0,0,1,53.0,,voiture,,3,2,1,1,6
202400033890,2024-05-16 19:50:00,2024,5,16,19,50,92,92078,GALLIENI (BD) (1 A 79 ET 22 A 102),48.9272369,2.33017552,Plein jour,En agglomération,Hors intersection,Normale,Deux véhicules - arrière,3,-1,2,0,1,1,1,0,1,30,2,2,1,0,0,1,23.0,46.0,deux_roues,deux_roues,1,2,1,1,2
202400033891,2024-05-16 10:10:00,2024,5,16,10,10,92,92064,PLACE CLEMENCEAU,48.84143633,2.22118431,Plein jour,En agglomération,Intersection à plus de 4 branches,Normale,Deux véhicules - côté,4,1,2,0,2,1,1,0,1,50,2,2,1,0,0,1,32.0,18.0,utilitaire_camion,deux_roues,1,2,5,1,3
202400033891,2024-05-16 10:10:00,2024,5,16,10,10,92,92064,PLACE CLEMENCEAU,48.84143633,2.22118431,Plein jour,En agglomération,Intersection à plus de 4 branches,Normale,Deux véhicules - côté,4,4,10,0,4,1,1,0,1,50,2,2,1,0,0,1,32.0,18.0,utilitaire_camion,deux_roues,1,2,5,1,3