accident_id,datetime,annee,mois,jour,heure,minute,departement,commune_insee,adresse,latitude,longitude,luminosite,agglomeration,intersection,meteo,collision,catr,circ,nbv,vosp,prof,plan,surf,infra,situ,vma,nb_vehicules,nb_usagers,nb_indemnes,nb_tues,nb_blesses_hosp,nb_blesses_legers,age_cond_1,age_cond_2,veh_type_cond_1,veh_type_cond_2,lum_code,agg_code,int_code,atm_code,col_code
202400033892,2024-07-21 06:40:00,2024,7,21,6,40,87,87085,GAGNANT (AVENUE JEAN),45.83397,1.27352,Crépuscule ou aube,En agglomération,Intersection en T,Pluie légère,Autre collision,4,1,1,0,1,1,2,0,1,30,1,5,0,0,0,5,21.0,,voiture,,2,2,3,2,6
202400033892,2024-07-21 06:40:00,2024,7,21,6,40,87,87085,GAGNANT (AVENUE JEAN),45.83397,1.27352,Crépuscule ou aube,En agglomération,Intersection en T,Pluie légère,Autre collision,4,4,3,0,1,1,2,0,1,50,1,5,0,0,0,5,21.0,,voiture,,2,2,3,2,6
202400033893,2024-05-16 18:10:00,2024,5,16,18,10,92,92049,BRIAND AVENUE ARISTIDE N°1 A 129,48.8129879,2.32587397,Plein jour,En agglomération,Hors intersection,Normale,Autre collision,3,2,6,0,1,1,1,0,1,50,1,3,2,0,1,0,20.0,,voiture,,1,2,1,1,6
202400033894,2024-07-20 20:20:00,2024,7,20,20,20,87,87085,ISLE (RUE D'),45.82619,1.23635,Plein jour,En agglomération,Hors intersection,Pluie légère,Sans collision,4,2,2,0,1,1,2,0,1,30,1,1,0,0,0,1,24.0,,deux_roues,,1,2,1,2,7
202400033895,2024-05-16 13:18:00,2024,5,16,13,18,92,92020,PARIS AVENUE DE N°2 A82,48.81055625,2.29913306,Plein jour,En agglomération,Hors intersection,Normale,Deux véhicules - côté,3,3,3,1,2,1,1,5,1,50,2,2,1,0,0,1,61.0,42.0,voiture,deux_roues,1,2,1,1,3
202400033896,2024-05-15 23:34:00,2024,5,15,23,34,92,92040,ARISTIDE BRIAND,48.82141814,2.25304019,Nuit avec éclairage allumé,En agglomération,Intersection en T,Normale,Deux véhicules - arrière,3,2,2,0,1,1,1,0,1,30,2,2,1,0,0,1,60.0,75.0,deux_roues,voiture,5,2,3,1,2
202400033896,2024-05-15 23:34:00,2024,5,15,23,34,92,92040,ARISTIDE BRIAND,48.82141814,2.25304019,Nuit avec éclairage allumé,En agglomération,Intersection en T,Normale,Deux véhicules - arrière,3,1,1,0,1,1,1,0,1,30,2,2,1,0,0,1,60.0,75.0,deux_roues,voiture,5,2,3,1,2
202400033897,2024-07-19 16:00:00,2024,7,19,16,0,87,87085,BRIAND (RUE ARISTIDE),45.84518,1.27657,Plein jour,En agglomération,Intersection en T,Normale,Autre collision,4,2,2,0,1,1,1,0,1,50,2,2,1,0,0,1,56.0,15.0,voiture,deux_roues,1,2,3,1,6
202400033897,2024-07-19 16:00:00,2024,7,19,16,0,87,87085,BRIAND (RUE ARISTIDE),45.84518,1.27657,Plein jour,En agglomération,Intersection en T,Normale,Autre collision,4,2,2,0,1,1,1,0,1,50,2,2,1,0,0,1,56.0,15.0,voiture,deux_roues,1,2,3,1,6
202400033898,2024-05-16 21:20:00,2024,5,16,21,20,92,92012,BELLEVUE (RUE DE) 73/FIN - 80/FIN,48.83561762,2.23070133,Plein jour,En agglomération,Hors intersection,Normale,Sans collision,4,2,2,0,1,1,1,0,1,30,1,1,0,0,0,1,41.0,,deux_roues,,1,2,1,1,7
202400033899,2024-07-22 17:20:00,2024,7,22,17,20,83,83137,JUIN (AVE ALPHONSE),43.12034,5.9473,Plein jour,En agglomération,Intersection en T,Temps éblouissant,Deux véhicules - côté,1,1,2,3,1,1,1,9,6,50,2,3,0,0,1,2,34.0,54.0,voiture,transport_commun,1,2,3,7,3
202400033899,2024-07-22 17:20:00,2024,7,22,17,20,83,83137,JUIN (AVE ALPHONSE),43.12034,5.9473,Plein jour,En agglomération,Intersection en T,Temps éblouissant,Deux véhicules - côté,1,1,2,0,1,1,1,0,8,50,2,3,0,0,1,2,34.0,54.0,voiture,transport_commun,1,2,3,7,3
202400033900,2024-05-15 23:10:00,2024,5,15,23,10,92,92012,REINE (ROUTE DE LA) 39/107 BIS,48.83967725,2.23985624,Nuit avec éclairage allumé,En agglomération,Hors intersection,Temps couvert,Deux véhicules - côté,3,2,4,1,1,1,2,0,1,50,2,2,1,0,0,1,23.0,50.0,voiture,deux_roues,5,2,1,8,3
202400033901,2024-05-15 13:50:00,2024,5,15,13,50,92,92012,PONT DE SEVRES (ROND POINT DU),48.8289235,2.22856826,Plein jour,En agglomération,Autre intersection,Normale,Trois véhicules et plus - collisions multiples,3,3,7,0,1,1,1,0,1,50,3,3,1,0,0,2,28.0,55.0,utilitaire_camion,deux_roues,1,2,9,1,5
202400033902,2024-07-22 13:25:00,2024,7,22,13,25,78,78168,GARE (AVENUE DE LA),48.74191,1.91664,Plein jour,En agglomération,Hors intersection,Normale,Deux véhicules - côté,4,2,1,0,1,1,1,0,1,50,2,2,1,0,0,1,33.0,21.0,utilitaire_camion,deux_roues,1,2,1,1,3
202400033903,2024-05-17 17:50:00,2024,5,17,17,50,12,12300,Route Haute de Farrou,44.3732,2.037524,Plein jour,Hors agglomération,Hors intersection,Normale,Sans collision,4,2,3,0,2,1,1,0,1,70,1,2,1,0,0,1,53.0,,deux_roues,,1,1,1,1,7
202400033904,2024-07-21 20:30:00,2024,7,21,20,30,78,78172,AMBASSADEUR (RUE DE L'),49.00814,2.11463,Plein jour,En agglomération,Autre intersection,Normale,Deux véhicules - frontale,3,2,2,0,1,1,1,0,8,50,2,2,1,0,1,0,42.0,35.0,utilitaire_camion,deux_roues,1,2,9,1,1
202400033905,2024-05-17 15:50:00,2024,5,17,15,50,2A,2A026,D83,41.88534846,9.02674416,Plein jour,Hors agglomération,Hors intersection,Normale,Deux véhicules - côté,3,2,2,0,2,1,1,0,1,80,2,2,0,0,1,1,55.0,40.0,deux_roues,voiture,1,1,1,1,3
202400033906,2024-08-31 14:30:00,2024,8,31,14,30,22,22050,Rue du Port,48.453572,-2.039101,Plein jour,En agglomération,Hors intersection,Normale,Autre collision,3,2,2,0,2,1,1,0,3,30,1,1,0,1,0,0,43.0,,deux_roues,,1,2,1,1,6
202400033907,2024-06-23 15:40:00,2024,6,23,15,40,77,77350,CD NUMERO 471,48.75653439,2.70534788,Plein jour,Hors agglomération,Intersection en T,Normale,Sans collision,3,2,2,0,1,1,1,5,1,80,1,1,0,0,0,1,35.0,,deux_roues,,1,1,3,1,7
202400033907,2024-06-23 15:40:00,2024,6,23,15,40,77,77350,CD NUMERO 471,48.75653439,2.70534788,Plein jour,Hors agglomération,Intersection en T,Normale,Sans collision,3,2,2,0,1,1,1,5,1,80,1,1,0,0,0,1,35.0,,deux_roues,,1,1,3,1,7
202400033908,2024-05-16 16:35:00,2024,5,16,16,35,26,26323,D123,45.07296498,5.11282682,Plein jour,Hors agglomération,Intersection en X,Normale,Deux véhicules - côté,3,2,1,0,1,1,1,5,1,80,2,2,1,0,1,0,44.0,32.0,voiture,voiture,1,1,2,1,3
202400033908,2024-05-16 16:35:00,2024,5,16,16,35,26,26323,D123,45.07296498,5.11282682,Plein jour,Hors agglomération,Intersection en X,Normale,Deux véhicules - côté,3,2,2,0,1,1,1,5,1,80,2,2,1,0,1,0,44.0,32.0,voiture,voiture,1,1,2,1,3
202400033909,2024-08-31 06:29:00,2024,8,31,6,29,60,60009,Rue Saint Ladre,49.40805434,2.11066568,Crépuscule ou aube,En agglomération,Intersection en T,Pluie légère,Sans collision,4,2,2,0,1,2,2,0,1,50,1,1,0,0,0,1,23.0,,deux_roues,,2,2,3,2,7
202400033909,2024-08-31 06:29:00,2024,8,31,6,29,60,60009,Rue Saint Ladre,49.40805434,2.11066568,Crépuscule ou aube,En agglomération,Intersection en T,Pluie légère,Sans collision,4,2, -1,-1,1,1,2,0,1,-1,1,1,0,0,0,1,23.0,,deux_roues,,2,2,3,2,7
202400033910,2024-05-17 13:45:00,2024,5,17,13,45,26,26194,Route Departementale 538,45.170778,5.03967,Plein jour,Hors agglomération,Hors intersection,Normale,Deux véhicules - frontale,3,2,2,0,1,1,1,0,1,80,2,2,0,1,1,0,34.0,47.0,voiture,voiture,1,1,1,1,1
202400033911,2024-07-20 14:40:00,2024,7,20,14,40,77,77373,CHE D 21,48.783825,2.626599,Plein jour,Hors agglomération,Hors intersection,Normale,Trois véhicules et plus - collisions multiples,3,2,2,0,1,1,1,0,1,70,4,5,3,0,2,0,62.0,36.0,voiture,voiture,1,1,1,1,5
202400033912,2024-05-17 08:10:00,2024,5,17,8,10,28,28219,Autoroute Oceane - A11,48.228175,0.999391,Plein jour,Hors agglomération,Hors intersection,Brouillard / fumée,Autre collision,1,3,3,0,1,1,1,0,1,130,1,2,1,0,1,0,28.0,,voiture,,1,1,1,5,6
202400033913,2024-08-30 19:15:00,2024,8,30,19,15,60,60081,Rue de Tillé,49.470306,2.142291,Plein jour,Hors agglomération,Hors intersection,Normale,Deux véhicules - côté,4,2,2,0,1,1,1,0,1,80,2,3,0,0,0,3,28.0,32.0,voiture,voiture,1,1,1,1,3
202400033914,2024-07-22 13:15:00,2024,7,22,13,15,77,77384,D.57,48.61489,2.61463,Plein jour,Hors agglomération,Hors intersection,Normale,Deux véhicules - côté,3,2,2,0,1,1,1,0,1,70,2,2,1,0,1,0,33.0,52.0,voiture,deux_roues,1,1,1,1,3
202400033915,2024-05-02 16:55:00,2024,5,2,16,55,51,51585,départementale 3,49.08362212,3.71712506,Plein jour,Hors agglomération,Hors intersection,Pluie légère,Sans collision,3,2,2,0,2,1,2,0,3,90,1,2,0,0,1,1,73.0,,voiture,,1,1,1,2,7
202400033916,2024-05-16 14:30:00,2024,5,16,14,30,974,97404,Chemin Batty,-21.26002749,55.37924033,Plein jour,Hors agglomération,Hors intersection,Normale,Sans collision,3,2,2,0,2,3,1,0,8,-1,1,1,0,0,0,1,50.0,,deux_roues,,1,1,1,1,7
202400033917,2024-08-29 16:37:00,2024,8,29,16,37,33,33023,,44.694601,-0.496672,Plein jour,Hors agglomération,Hors intersection,Normale,Deux véhicules - arrière,1,3,4,0,1,1,1,0,1,130,2,3,2,0,0,1,19.0,52.0,voiture,utilitaire_camion,1,1,1,1,2
202400033918,2024-07-20 19:00:00,2024,7,20,19,0,77,77285,FERME  (RUE DE LA),48.53251045,2.62732029,Plein jour,En agglomération,Hors intersection,Normale,Deux véhicules - arrière,4,-1,2,0,1,1,1,0,1,50,2,2,1,0,1,0,24.0,24.0,voiture,deux_roues,1,2,1,1,2
202400033919,2024-07-21 22:15:00,2024,7,21,22,15,77,77285,MAURICE DAUVERGNE (AVENUE),48.54321,2.63302,Nuit sans éclairage public,En agglomération,Hors intersection,Normale,Autre collision,4,-1,2,0,1,1,1,0,1,50,1,2,1,0,0,1,25.0,,voiture,,3,2,1,1,6
202400033920,2024-08-03 20:15:00,2024,8,3,20,15,33,33366,,45.014089,-0.43041,Plein jour,Hors agglomération,Hors intersection,Normale,Trois véhicules et plus - en chaîne,1,3,6,0,1,1,1,0,1,130,3,8,7,0,0,1,,26.0,transport_commun,voiture,1,1,1,1,4
202400033921,2024-07-22 10:05:00,2024,7,22,10,5,77,77284,ARTISANS (IMPASSE DES),48.95949,2.9039,Plein jour,En agglomération,Hors intersection,Normale,Deux véhicules - côté,4,2,1,0,1,1,1,0,1,50,2,2,1,0,0,1,45.0,62.0,voiture,utilitaire_camion,1,2,1,1,3
202400033922,2024-07-19 16:07:00,2024,7,19,16,7,77,77186,D138. girat.valvins à croix de vitry,48.45793,2.70093,Plein jour,Hors agglomération,Hors intersection,Normale,Autre collision,3,2,2,0,1,1,1,0,3,80,1,1,0,0,1,0,47.0,,deux_roues,,1,1,1,1,6
202400033923,2024-08-30 18:00:00,2024,8,30,18,0,91,91345,AUTOROUTE A6,48.6888,2.32454,Plein jour,Hors agglomération,Hors intersection,Pluie légère,Trois véhicules et plus - en chaîne,1,2,3,0,2,1,2,0,1,110,3,3,2,0,0,1,51.0,22.0,utilitaire_camion,voiture,1,1,1,2,4
202400033924,2024-07-19 19:33:00,2024,7,19,19,33,76,76270,RD 6382,49.530751,0.132633,Plein jour,Hors agglomération,Hors intersection,Normale,Trois véhicules et plus - en chaîne,3,1,4,0,1,1,1,0,1,90,4,7,3,0,1,3,63.0,33.0,voiture,voiture,1,1,1,1,4
202400033925,2024-08-30 07:40:00,2024,8,30,7,40,91,91689,AUTOROUTE A6B,48.74187,2.32182,Plein jour,Hors agglomération,Hors intersection,Normale,Deux véhicules - côté,1,3,4,0,2,1,1,0,1,90,2,3,2,0,0,1,39.0,24.0,utilitaire_camion,voiture,1,1,1,1,3
202400033926,2024-07-21 17:10:00,2024,7,21,17,10,72,72181,MAC JEAN (AV) N° PAIRS 106 A 216,47.98123,0.21748,Plein jour,En agglomération,Intersection en X,Normale,Deux véhicules - côté,4,2,2,3,1,1,1,0,6,50,2,2,1,0,0,1,28.0,71.0,voiture,deux_roues,1,2,2,1,3
202400033926,2024-07-21 17:10:00,2024,7,21,17,10,72,72181,MAC JEAN (AV) N° PAIRS 106 A 216,47.98123,0.21748,Plein jour,En agglomération,Intersection en X,Normale,Deux véhicules - côté,4,2,2,3,1,1,1,0,6,50,2,2,1,0,0,1,28.0,71.0,voiture,deux_roues,1,2,2,1,3
202400033927,2024-08-30 03:30:00,2024,8,30,3,30,78,78073,RN12 INT,48.799236,1.995724,Nuit sans éclairage public,Hors agglomération,Hors intersection,Normale,Sans collision,2,1,1,0,1,1,1,0,1,90,1,1,0,0,1,0,20.0,,voiture,,3,1,1,1,7
202400033928,2024-07-22 15:10:00,2024,7,22,15,10,69,69286,Avenue de l'Europe,45.81875,4.90561,Plein jour,En agglomération,Hors intersection,Normale,Autre collision,4,2,2,0,1,1,1,1,1,50,1,2,1,0,1,0,37.0,,transport_commun,,1,2,1,1,6
202400033929,2024-08-30 13:00:00,2024,8,30,13,0,75,75120,AUTOROUTE A3,48.86634267,2.41387546,Plein jour,Hors agglomération,Hors intersection,Pluie légère,Deux véhicules - côté,1,1,2,0,3,2,2,0,1,70,2,2,1,0,0,1,28.0,31.0,voiture,voiture,1,1,1,2,3
202400033930,2024-07-20 11:20:00,2024,7,20,11,20,67,67482,RENE CASSIN (ALLEE),48.59841,7.77536,Plein jour,En agglomération,Intersection en Y,Temps éblouissant,Deux véhicules - côté,4,3,4,1,1,1,1,2,8,50,2,2,1,0,0,1,34.0,47.0,deux_roues,voiture,1,2,4,7,3
202400033930,2024-07-20 11:20:00,2024,7,20,11,20,67,67482,RENE CASSIN (ALLEE),48.59841,7.77536,Plein jour,En agglomération,Intersection en Y,Temps éblouissant,Deux véhicules - côté,4,3,4,0,1,2,1,0,1,50,2,2,1,0,0,1,34.0,47.0,deux_roues,voiture,1,2,4,7,3
202400033930,2024-07-20 11:20:00,2024,7,20,11,20,67,67482,RENE CASSIN (ALLEE),48.59841,7.77536,Plein jour,En agglomération,Intersection en Y,Temps éblouissant,Deux véhicules - côté,4,-1,0,0,1,1,1,0,8,50,2,2,1,0,0,1,34.0,47.0,deux_roues,voiture,1,2,4,7,3
202400033931,2024-08-30 09:30:00,2024,8,30,9,30,93,93066,AUTOROUTE A1,48.91267725,2.35778231,Plein jour,Hors agglomération,Hors intersection,Normale,Deux véhicules - arrière,1,3,8,3,1,1,1,1,1,90,2,2,1,0,0,1,39.0,46.0,deux_roues,utilitaire_camion,1,1,1,1,2
202400033932,2024-07-22 07:30:00,2024,7,22,7,30,66,66136,ARCADES (RD POINT),42.6739221,2.88751066,Plein jour,En agglomération,Giratoire,Normale,Deux véhicules - côté,4,1,3,0,1,2,1,9,1,50,2,3,2,0,0,1,24.0,21.0,voiture,voiture,1,2,6,1,3
202400033933,2024-07-21 20:55:00,2024,7,21,20,55,66,66136,,42.68876,2.89477,Crépuscule ou aube,En agglomération,Hors intersection,Normale,Autre collision,4,3,2,0,1,1,1,0,1,50,1,2,1,0,1,0,21.0,,voiture,,2,2,1,1,6
202400033934,2024-08-29 21:40:00,2024,8,29,21,40,93,93053,AUTOROUTE A3,48.89382816,2.47190204,Nuit sans éclairage public,Hors agglomération,Hors intersection,Normale,Deux véhicules - côté,1,1,4,0,1,3,1,0,1,70,2,2,1,0,0,1,60.0,20.0,deux_roues,voiture,3,1,1,1,3
202400033935,2024-07-22 15:50:00,2024,7,22,15,50,64,64122,COTE DES BASQUES (PERSPECTIVE DE LA,43.48108,-1.56668,Plein jour,En agglomération,Hors intersection,Normale,Autre collision,4,2,0,0,2,1,1,0,1,30,1,1,0,0,0,1,63.0,,deux_roues,,1,2,1,1,6
202400033936,2024-08-29 21:45:00,2024,8,29,21,45,93,93053,AUTOROUTE A3,48.89382816,2.47190204,Nuit sans éclairage public,Hors agglomération,Hors intersection,Pluie légère,Trois véhicules et plus - en chaîne,1,3,6,0,1,1,2,0,1,110,3,3,2,0,0,1,63.0,57.0,utilitaire_camion,utilitaire_camion,3,1,1,2,4
202400033937,2024-07-21 09:45:00,2024,7,21,9,45,64,64122,AUGUSTA (BD D'),43.47662,-1.54998,Plein jour,En agglomération,Hors intersection,Normale,Autre collision,4,2,2,0,1,1,1,0,1,50,1,2,0,0,2,0,53.0,,deux_roues,,1,2,1,1,6
202400033938,2024-07-18 10:40:00,2024,7,18,10,40,62,62498,Rue Louis Pasteur,50.43163992,2.8297314,Plein jour,En agglomération,Intersection en T,Normale,Deux véhicules - côté,4,2,1,0,1,1,1,0,1,50,2,2,1,0,0,1,,64.0,voiture,deux_roues,1,2,3,1,3
202400033938,2024-07-18 10:40:00,2024,7,18,10,40,62,62498,Rue Louis Pasteur,50.43163992,2.8297314,Plein jour,En agglomération,Intersection en T,Normale,Deux véhicules - côté,4,2,1,0,1,1,1,0,1,50,2,2,1,0,0,1,,64.0,voiture,deux_roues,1,2,3,1,3
202400033939,2024-08-28 16:45:00,2024,8,28,16,45,95,95572,N184,49.03385084,2.11134575,Plein jour,Hors agglomération,Hors intersection,Normale,Deux véhicules - arrière,2,3,2,0,1,1,1,0,1,90,2,2,1,0,0,1,23.0,32.0,voiture,utilitaire_camion,1,1,1,1,2
202400033940,2024-07-20 01:26:00,2024,7,20,1,26,56,56107,Boulevard Roger le Port,47.72183,-3.37646,Nuit avec éclairage allumé,En agglomération,Giratoire,Normale,Autre collision,4,2,2,0,1,2,1,5,1,50,1,2,1,0,1,0,28.0,,voiture,,5,2,6,1,6
202400033941,2024-07-15 13:05:00,2024,7,15,13,5,52,52121,GAMBETTA (BOULEVARD),48.11298,5.14403,Plein jour,En agglomération,Hors intersection,Normale,Autre collision,3,-1,0,0,1,1,2,0,4,50,1,2,1,0,0,1,46.0,,deux_roues,,1,2,1,1,6
202400033942,2024-08-26 18:00:00,2024,8,26,18,0,93,93027,AUTOROUTE A1,48.93395723,2.38874661,Plein jour,Hors agglomération,Hors intersection,Normale,Trois véhicules et plus - en chaîne,1,3,3,0,1,1,1,0,1,90,4,5,1,0,0,4,47.0,52.0,voiture,voiture,1,1,1,1,4
202400033943,2024-07-19 16:15:00,2024,7,19,16,15,51,51454,TAITTINGER (RUE PIERRE),49.23675,4.00465,Plein jour,En agglomération,Hors intersection,Normale,Deux véhicules - frontale,4,2,2,0,1,1,1,9,1,30,2,4,1,1,1,1,32.0,19.0,voiture,voiture,1,2,1,1,1
202400033944,2024-08-30 13:45:00,2024,8,30,13,45,77,77372,A104,48.892492,2.666752,Plein jour,Hors agglomération,Hors intersection,Pluie forte,Sans collision,1,1,3,0,1,3,2,0,3,90,1,2,0,0,0,2,58.0,,utilitaire_camion,,1,1,1,3,7
202400033945,2024-07-22 11:07:00,2024,7,22,11,7,45,45147,D2020 PR 36 + 910,47.930988,1.896994,Plein jour,En agglomération,Hors intersection,Normale,Deux véhicules - côté,3,2,3,0,1,1,1,0,1,50,2,3,2,0,0,1,68.0,47.0,voiture,voiture,1,2,1,1,3
202400033946,2024-06-26 07:15:00,2024,6,26,7,15,57,57672,OCEANIE (CHAUSSEE D'),49.36811,6.15725,Plein jour,En agglomération,Intersection en X,Normale,Deux véhicules - côté,4,2,4,0,1,1,1,0,1,50,2,2,1,0,1,0,30.0,61.0,voiture,transport_commun,1,2,2,1,3
202400033946,2024-06-26 07:15:00,2024,6,26,7,15,57,57672,OCEANIE (CHAUSSEE D'),49.36811,6.15725,Plein jour,En agglomération,Intersection en X,Normale,Deux véhicules - côté,4,2,3,0,1,1,1,0,1,50,2,2,1,0,1,0,30.0,61.0,voiture,transport_commun,1,2,2,1,3
202400033947,2024-07-22 01:55:00,2024,7,22,1,55,44,44162,,47.22443,-1.62245,Nuit sans éclairage public,Hors agglomération,Hors intersection,Normale,Autre collision,2,1,1,0,3,3,1,3,1,50,1,4,0,0,0,4,20.0,,voiture,,3,1,1,1,6
202400033948,2024-08-28 17:40:00,2024,8,28,17,40,987,98735,DESTREMEAU (RUE BLOC STATION TIPAERUI),-17.54555895,-149.5774287,Plein jour,En agglomération,Hors intersection,Normale,Autre collision,2,2,4,0,1,1,1,0,1,50,2,2,1,0,0,1,60.0,22.0,deux_roues,deux_roues,1,2,1,1,6
202400033949,2024-07-22 22:45:00,2024,7,22,22,45,43,43157,BREUIL (PLACE DU),45.04169265,3.8826624,Nuit avec éclairage allumé,En agglomération,Intersection en T,Normale,Deux véhicules - frontale,4,1,3,0,1,1,1,0,1,50,2,2,1,0,0,1,15.0,20.0,deux_roues,voiture,5,2,3,1,1
202400033949,2024-07-22 22:45:00,2024,7,22,22,45,43,43157,BREUIL (PLACE DU),45.04169265,3.8826624,Nuit avec éclairage allumé,En agglomération,Intersection en T,Normale,Deux véhicules - frontale,4,2,3,0,1,1,1,0,1,50,2,2,1,0,0,1,15.0,20.0,deux_roues,voiture,5,2,3,1,1
202400033950,2024-08-29 11:30:00,2024,8,29,11,30,974,97416,DELISLES (ROUTE HUBERT) CD3,-21.33912,55.45895,Plein jour,En agglomération,Hors intersection,Normale,Deux véhicules - côté,4,-1,2,0,1,1,1,0,1,50,2,2,1,0,0,1,54.0,40.0,deux_roues,voiture,1,2,1,1,3
202400033951,2024-07-22 10:30:00,2024,7,22,10,30,42,42044,Rue de la Malafolie,45.39415,4.30309,Plein jour,En agglomération,Intersection en X,Temps couvert,Deux véhicules - côté,7,2,2,0,1,1,1,0,1,50,2,2,1,0,0,1,79.0,76.0,deux_roues,voiture,1,2,2,8,3
202400033951,2024-07-22 10:30:00,2024,7,22,10,30,42,42044,Rue de la Malafolie,45.39415,4.30309,Plein jour,En agglomération,Intersection en X,Temps couvert,Deux véhicules - côté,7,2,2,-1,1,1,1,0,1,-1,2,2,1,0,0,1,79.0,76.0,deux_roues,voiture,1,2,2,8,3
202400033952,2024-07-20 23:10:00,2024,7,20,23,10,40,40192,BOULEVARD DU CHEMIN VERT,43.88945,-0.4769,Nuit avec éclairage allumé,En agglomération,Hors intersection,Normale,Deux véhicules - frontale,4,2,2,0,1,1,1,0,1,50,2,2,1,0,0,1,31.0,22.0,voiture,voiture,5,2,1,1,1
202400033953,2024-08-29 21:30:00,2024,8,29,21,30,974,97411,LITTORAL (ROUTE 2 DU),-20.88011,55.39812,Nuit sans éclairage public,Hors agglomération,Hors intersection,Normale,Autre collision,2,3,3,0,1,3,1,2,2,90,2,4,3,0,0,1,17.0,40.0,deux_roues,voiture,3,1,1,1,6
202400033954,2024-07-22 06:25:00,2024,7,22,6,25,37,37261,TONNELLE (BOULEVARD),47.38634,0.66751,Plein jour,En agglomération,Hors intersection,Normale,Deux véhicules - côté,4,2,2,2,1,1,1,0,1,50,2,2,1,0,0,1,37.0,27.0,voiture,deux_roues,1,2,1,1,3
202400033955,2024-08-28 19:15:00,2024,8,28,19,15,973,97302,RABAN (ROUTE DE),4.92842815,-52.31359398,Nuit avec éclairage allumé,En agglomération,Hors intersection,Temps couvert,Sans collision,4,2,2,0,1,1,2,0,1,50,1,1,0,0,0,1,41.0,,deux_roues,,5,2,1,8,7
202400033956,2024-07-22 22:15:00,2024,7,22,22,15,33,33063,,44.83799247,-0.56665018,Nuit avec éclairage allumé,En agglomération,Hors intersection,Normale,Autre collision,4,2, -1,0,2,1,1,0,1,50,1,2,1,0,0,1,45.0,,voiture,,5,2,1,1,6
202400033957,2024-07-21 17:50:00,2024,7,21,17,50,33,33522,,44.801749,-0.593769,Plein jour,Hors agglomération,Intersection en Y,Temps couvert,Autre collision,4,3,4,1,1,1,1,9,5,50,1,1,0,0,0,1,55.0,,voiture,,1,1,4,8,6
202400033957,2024-07-21 17:50:00,2024,7,21,17,50,33,33522,,44.801749,-0.593769,Plein jour,Hors agglomération,Intersection en Y,Temps couvert,Autre collision,4,2, -1,-1,1,1,1,0,5,-1,1,1,0,0,0,1,55.0,,voiture,,1,1,4,8,6
202400033958,2024-08-29 23:40:00,2024,8,29,23,40,69,69383,Cours Lafayette,45.76365,4.86289,Nuit avec éclairage allumé,En agglomération,Intersection en X,Normale,Deux véhicules - côté,4,1,1,2,1,1,1,0,1,30,2,2,1,0,0,1,23.0,30.0,voiture,deux_roues,5,2,2,1,3
202400033958,2024-08-29 23:40:00,2024,8,29,23,40,69,69383,Cours Lafayette,45.76365,4.86289,Nuit avec éclairage allumé,En agglomération,Intersection en X,Normale,Deux véhicules - côté,4,1,1,2,1,1,1,0,1,30,2,2,1,0,0,1,23.0,30.0,voiture,deux_roues,5,2,2,1,3
202400033959,2024-07-22 14:15:00,2024,7,22,14,15,31,31555,BD DE STRASBOURG,43.60787,1.4464,Plein jour,En agglomération,Hors intersection,Normale,Autre collision,4,2,4,3,1,1,1,0,1,30,1,2,1,0,1,0,23.0,,voiture,,1,2,1,1,6
202400033960,2024-08-29 17:03:00,2024,8,29,17,3,69,69383,111 Boulevard Marius Vivier-Merle,45.75271658,4.8595901,Plein jour,En agglomération,Hors intersection,Normale,Deux véhicules - côté,4,2,3,2,1,1,1,0,1,30,2,2,1,0,1,0,46.0,50.0,deux_roues,voiture,1,2,1,1,3
202400033961,2024-07-15 14:44:00,2024,7,15,14,44,30,30189,Avenue Jean-Jaurès,43.8274,4.3534,Plein jour,En agglomération,Hors intersection,Normale,Deux véhicules - côté,4,2,4,0,1,1,1,0,1,50,2,4,1,0,1,2,35.0,45.0,voiture,voiture,1,2,1,1,3
202400033962,2024-08-29 17:45:00,2024,8,29,17,45,69,69387,Avenue Jean Jaurès,45.74331,4.84055,Plein jour,En agglomération,Hors intersection,Normale,Trois véhicules et plus - collisions multiples,4,2,2,2,1,1,1,0,1,30,3,3,1,0,0,2,35.0,30.0,voiture,deux_roues,1,2,1,1,5
202400033963,2024-07-17 18:50:00,2024,7,17,18,50,30,30189,Rue Porte de France,43.83221,4.358,Plein jour,En agglomération,Intersection en X,Normale,Deux véhicules - côté,4,1, -1,0,1,1,1,0,1,50,2,2,0,0,0,2,16.0,49.0,deux_roues,deux_roues,1,2,2,1,3
202400033963,2024-07-17 18:50:00,2024,7,17,18,50,30,30189,Rue Porte de France,43.83221,4.358,Plein jour,En agglomération,Intersection en X,Normale,Deux véhicules - côté,4,1,1,3,1,1,1,0,1,50,2,2,0,0,0,2,16.0,49.0,deux_roues,deux_roues,1,2,2,1,3
202400033964,2024-08-29 11:40:00,2024,8,29,11,40,69,69383,32 Rue Chaponnay,45.75803,4.84371,Plein jour,En agglomération,Hors intersection,Normale,Autre collision,4,1,1,2,1,1,1,0,1,30,1,2,1,0,1,0,60.0,,voiture,,1,2,1,1,6
202400033965,2024-07-22 17:10:00,2024,7,22,17,10,06,06088,17 Rue de Chateauneuf,43.70087,7.25405,Plein jour,En agglomération,Intersection en X,Normale,Autre collision,4,1,2,0,1,1,1,0,1,50,1,2,1,0,0,1,32.0,,voiture,,1,2,2,1,6
202400033965,2024-07-22 17:10:00,2024,7,22,17,10,06,06088,17 Rue de Chateauneuf,43.70087,7.25405,Plein jour,En agglomération,Intersection en X,Normale,Autre collision,4,2,2,0,1,1,1,0,8,50,1,2,1,0,0,1,32.0,,voiture,,1,2,2,1,6