accident_id,datetime,annee,mois,jour,heure,minute,departement,commune_insee,adresse,latitude,longitude,luminosite,agglomeration,intersection,meteo,collision,catr,circ,nbv,vosp,prof,plan,surf,infra,situ,vma,nb_vehicules,nb_usagers,nb_indemnes,nb_tues,nb_blesses_hosp,nb_blesses_legers,age_cond_1,age_cond_2,veh_type_cond_1,veh_type_cond_2,lum_code,agg_code,int_code,atm_code,col_code
202400034032,2024-07-22 14:00:00,2024,7,22,14,0,49,49218,D 17,47.29756667,-0.89289382,Plein jour,Hors agglomération,Hors intersection,Normale,Autre collision,3,2,2,0,2,1,1,0,3,80,1,2,1,0,1,0,20.0,,voiture,,1,1,1,1,6
202400034033,2024-07-23 16:40:00,2024,7,23,16,40,47,47310,Cours de Verdun,44.395037,0.310627,Plein jour,En agglomération,Hors intersection,Temps éblouissant,Autre collision,3,2,2,0,1,1,1,0,1,50,1,2,1,1,0,0,86.0,,voiture,,1,2,1,7,6
202400034034,2024-08-28 13:30:00,2024,8,28,13,30,54,54274,Avenue du General de Gaulle,48.6656,6.2081,Plein jour,En agglomération,Intersection en T,Normale,Deux véhicules - frontale,4,2,2,0,2,1,1,0,1,50,2,2,0,0,0,2,26.0,22.0,deux_roues,deux_roues,1,2,3,1,1
202400034034,2024-08-28 13:30:00,2024,8,28,13,30,54,54274,Avenue du General de Gaulle,48.6656,6.2081,Plein jour,En agglomération,Intersection en T,Normale,Deux véhicules - frontale,4,2,2,0,1,1,1,0,1,30,2,2,0,0,0,2,26.0,22.0,deux_roues,deux_roues,1,2,3,1,1
202400034035,2024-07-11 19:15:00,2024,7,11,19,15,34,34210,RD2,43.592219,3.502579,Plein jour,Hors agglomération,Hors intersection,Normale,Deux véhicules - côté,3,3,0,0,2,1,1,0,1,-1,2,2,1,0,1,0,23.0,23.0,voiture,deux_roues,1,1,1,1,3
202400034036,2024-07-22 14:00:00,2024,7,22,14,0,68,68107,D419,47.630318,7.140062,Plein jour,Hors agglomération,Hors intersection,Normale,Deux véhicules - arrière,3,2,2,0,2,1,1,0,1,80,2,2,1,0,0,1,25.0,21.0,utilitaire_camion,utilitaire_camion,1,1,1,1,2
202400034037,2024-08-28 18:00:00,2024,8,28,18,0,51,51454,SALENGRO (RUE ROGER),49.27345,4.02403,Plein jour,En agglomération,Intersection en X,Normale,Deux véhicules - côté,4,1,1,0,1,1,1,0,1,50,2,3,1,0,0,2,20.0,30.0,deux_roues,voiture,1,2,2,1,3
202400034037,2024-08-28 18:00:00,2024,8,28,18,0,51,51454,SALENGRO (RUE ROGER),49.27345,4.02403,Plein jour,En agglomération,Intersection en X,Normale,Deux véhicules - côté,4,1,2,1,1,1,1,0,5,50,2,3,1,0,0,2,20.0,30.0,deux_roues,voiture,1,2,2,1,3
202400034038,2024-07-18 09:15:00,2024,7,18,9,15,39,39390,1 Grande Rue,46.600574,5.638985,Plein jour,En agglomération,Hors intersection,Normale,Autre collision,3,2,2,0,1,1,9,8,1,50,1,1,0,0,1,0,62.0,,deux_roues,,1,2,1,1,6
202400034039,2024-08-27 18:55:00,2024,8,27,18,55,51,51108,THEROIGNE DE MERICOURT (rue Anne Josephe,48.978,4.356,Plein jour,En agglomération,Giratoire,Normale,Deux véhicules - côté,4,2, -1,-1,1,1,1,-1,1,-1,2,3,2,0,0,1,24.0,18.0,deux_roues,voiture,1,2,6,1,3
202400034039,2024-08-27 18:55:00,2024,8,27,18,55,51,51108,THEROIGNE DE MERICOURT (rue Anne Josephe,48.978,4.356,Plein jour,En agglomération,Giratoire,Normale,Deux véhicules - côté,4,2,2,0,1,1,1,5,1,50,2,3,2,0,0,1,24.0,18.0,deux_roues,voiture,1,2,6,1,3
202400034040,2024-07-22 08:30:00,2024,7,22,8,30,38,38229,Rue du Pre d?Elle / Avenue de verdun,45.203891,5.762485,Plein jour,En agglomération,Intersection en T,Normale,Deux véhicules - côté,4,2,2,1,1,1,1,0,5,-1,2,2,1,0,1,0,26.0,30.0,utilitaire_camion,deux_roues,1,2,3,1,3
202400034040,2024-07-22 08:30:00,2024,7,22,8,30,38,38229,Rue du Pre d?Elle / Avenue de verdun,45.203891,5.762485,Plein jour,En agglomération,Intersection en T,Normale,Deux véhicules - côté,4,2,2,1,1,1,1,0,5,50,2,2,1,0,1,0,26.0,30.0,utilitaire_camion,deux_roues,1,2,3,1,3
202400034041,2024-08-28 12:00:00,2024,8,28,12,0,49,49007,MILLOT BOULEVARD JACQUES,47.45305,-0.53858,Plein jour,En agglomération,Intersection en X,Normale,Deux véhicules - frontale,4,3,5,0,1,1,1,0,1,50,2,2,1,0,0,1,34.0,95.0,deux_roues,voiture,1,2,2,1,1
202400034041,2024-08-28 12:00:00,2024,8,28,12,0,49,49007,MILLOT BOULEVARD JACQUES,47.45305,-0.53858,Plein jour,En agglomération,Intersection en X,Normale,Deux véhicules - frontale,4,2,2,0,1,1,1,0,1,30,2,2,1,0,0,1,34.0,95.0,deux_roues,voiture,1,2,2,1,1
202400034042,2024-07-21 18:05:00,2024,7,21,18,5,02,02758,1 Avenue Jean Jaurès,49.407366,3.515692,Plein jour,En agglomération,Intersection en X,Normale,Deux véhicules - côté,3,2,2,0,1,1,1,0,1,50,2,2,1,0,1,0,80.0,15.0,voiture,deux_roues,1,2,2,1,3
202400034042,2024-07-21 18:05:00,2024,7,21,18,5,02,02758,1 Avenue Jean Jaurès,49.407366,3.515692,Plein jour,En agglomération,Intersection en X,Normale,Deux véhicules - côté,3,2,2,0,1,1,1,0,1,50,2,2,1,0,1,0,80.0,15.0,voiture,deux_roues,1,2,2,1,3
202400034043,2024-08-29 19:30:00,2024,8,29,19,30,45,45234,Boulevard Saint-Euverte,47.9036,1.91845,Crépuscule ou aube,En agglomération,Intersection en X,Normale,Deux véhicules - côté,4,1,1,0,1,2,1,0,1,50,2,2,1,0,0,1,26.0,25.0,deux_roues,voiture,2,2,2,1,3
202400034043,2024-08-29 19:30:00,2024,8,29,19,30,45,45234,Boulevard Saint-Euverte,47.9036,1.91845,Crépuscule ou aube,En agglomération,Intersection en X,Normale,Deux véhicules - côté,4,1,3,3,1,1,1,0,1,50,2,2,1,0,0,1,26.0,25.0,deux_roues,voiture,2,2,2,1,3
202400034044,2024-08-28 23:00:00,2024,8,28,23,0,45,45208,10 Rue Renée de France,48.00007,2.73165,Nuit avec éclairage allumé,En agglomération,Hors intersection,Normale,Deux véhicules - côté,4,2,3,0,1,1,1,9,1,50,2,2,1,0,0,1,20.0,17.0,voiture,deux_roues,5,2,1,1,3
202400034045,2024-07-19 04:30:00,2024,7,19,4,30,84,84050,D103,43.873581,5.19664,Nuit sans éclairage public,Hors agglomération,Hors intersection,Normale,Sans collision,3,2,2,0,1,3,1,0,3,70,1,1,0,0,1,0,31.0,,voiture,,3,1,1,1,7
202400034046,2024-08-29 08:30:00,2024,8,29,8,30,43,43157,Avenue Marechal Foch,45.02961,3.88473,Plein jour,En agglomération,Hors intersection,Normale,Autre collision,4,2,2,0,2,1,1,0,1,50,1,1,0,0,0,1,60.0,,voiture,,1,2,1,1,6
202400034047,2024-07-23 08:00:00,2024,7,23,8,0,03,03292,"chemin départemental 33, carrefour de la route communale de la savrière",46.418756,3.111164,Plein jour,Hors agglomération,Hors intersection,Normale,Sans collision,3,2,2,0,1,4,1,0,1,90,1,1,0,0,0,1,57.0,,deux_roues,,1,1,1,1,7
202400034048,2024-08-29 08:25:00,2024,8,29,8,25,42,42127,Rue des Buttes,46.0628,4.0598,Crépuscule ou aube,En agglomération,Hors intersection,Temps éblouissant,Autre collision,3,2,1,0,2,1,1,0,1,50,1,2,1,0,1,0,89.0,,voiture,,2,2,1,7,6
202400034049,2024-07-18 15:00:00,2024,7,18,15,0,06,06150,1801 Avenue de Cap d'Ail,43.728964,7.392941,Plein jour,Hors agglomération,Hors intersection,Normale,Sans collision,3,2,2,0,2,3,1,0,1,70,1,1,0,0,1,0,41.0,,deux_roues,,1,1,1,1,7
202400034050,2024-08-28 12:15:00,2024,8,28,12,15,41,41212,NATIONALE (ROUTE),47.56601,1.36621,Plein jour,En agglomération,Intersection en T,Normale,Deux véhicules - côté,4,2,2,0,1,1,1,0,1,50,2,2,1,0,0,1,64.0,29.0,voiture,voiture,1,2,3,1,3
202400034050,2024-08-28 12:15:00,2024,8,28,12,15,41,41212,NATIONALE (ROUTE),47.56601,1.36621,Plein jour,En agglomération,Intersection en T,Normale,Deux véhicules - côté,4,1,1,0,1,1,1,0,1,50,2,2,1,0,0,1,64.0,29.0,voiture,voiture,1,2,3,1,3
202400034051,2024-07-21 11:15:00,2024,7,21,11,15,14,14102,Chemin des Toutains,49.232059,0.194653,Plein jour,Hors agglomération,Hors intersection,Normale,Deux véhicules - frontale,4,2,2,0,2,1,1,0,1,30,2,2,1,0,1,0,41.0,76.0,voiture,deux_roues,1,1,1,1,1
202400034052,2024-08-29 18:50:00,2024,8,29,18,50,38,38185,PLACE DE VERDUN,45.18867,5.73326,Plein jour,En agglomération,Hors intersection,Normale,Deux véhicules - côté,4,1,1,0,1,1,1,0,1,50,2,2,1,0,0,1,30.0,22.0,deux_roues,deux_roues,1,2,1,1,3
202400034053,2024-07-22 20:00:00,2024,7,22,20,0,14,14274,D8,49.129067,-0.44291,Plein jour,Hors agglomération,Hors intersection,Normale,Trois véhicules et plus - collisions multiples,3,2,2,0,2,1,1,0,1,90,5,5,0,0,2,3,18.0,40.0,deux_roues,deux_roues,1,1,1,1,5
202400034054,2024-08-29 14:30:00,2024,8,29,14,30,38,38151,AVENUE VICTOR HUGO,45.15467,5.71229,Plein jour,En agglomération,Intersection en X,Normale,Deux véhicules - côté,4,2,4,1,1,3,1,0,5,50,2,2,1,0,1,0,25.0,44.0,deux_roues,utilitaire_camion,1,2,2,1,3
202400034054,2024-08-29 14:30:00,2024,8,29,14,30,38,38151,AVENUE VICTOR HUGO,45.15467,5.71229,Plein jour,En agglomération,Intersection en X,Normale,Deux véhicules - côté,4,2,2,0,1,4,1,0,5,50,2,2,1,0,1,0,25.0,44.0,deux_roues,utilitaire_camion,1,2,2,1,3
202400034055,2024-07-23 04:00:00,2024,7,23,4,0,05,05011,Route Départementale 942,44.549741,6.201503,Nuit sans éclairage public,Hors agglomération,Hors intersection,Normale,Autre collision,3,2,2,0,1,1,1,0,3,90,1,4,0,0,0,4,16.0,,voiture,,3,1,1,1,6
202400034056,2024-08-29 09:21:00,2024,8,29,9,21,36,36202,Boulevard du Franc,46.78740113,1.65471375,Plein jour,En agglomération,Autre intersection,Normale,Deux véhicules - arrière,4,2,2,-1,1,1,-1,0,1,50,2,2,1,0,0,1,46.0,53.0,deux_roues,utilitaire_camion,1,2,9,1,2
202400034057,2024-07-23 14:10:00,2024,7,23,14,10,64,64538,Luzaide / Nive d'Arnéguy (Rivière),43.134631,-1.266662,Plein jour,Hors agglomération,Hors intersection,Normale,Deux véhicules - frontale,3,2,2,0,1,3,1,0,1,80,2,5,0,0,0,5,58.0,22.0,voiture,voiture,1,1,1,1,1
202400034058,2024-07-22 07:10:00,2024,7,22,7,10,73,73067,D213,45.362191,6.304259,Plein jour,En agglomération,Intersection en T,Normale,Sans collision,3,2,2,0,2,1,1,0,1,30,2,2,1,0,0,1,56.0,,deux_roues,voiture,1,2,3,1,7
202400034058,2024-07-22 07:10:00,2024,7,22,7,10,73,73067,D213,45.362191,6.304259,Plein jour,En agglomération,Intersection en T,Normale,Sans collision,3,2,2,0,1,1,1,0,1,30,2,2,1,0,0,1,56.0,,deux_roues,voiture,1,2,3,1,7
202400034059,2024-08-29 06:20:00,2024,8,29,6,20,34,34172,LIBERTE (AVENUE DE LA,43.59832,3.87334,Nuit avec éclairage allumé,En agglomération,Hors intersection,Normale,Trois véhicules et plus - en chaîne,4,2,3,0,1,1,1,0,1,50,3,3,2,0,0,1,43.0,42.0,voiture,voiture,5,2,1,1,4
202400034060,2024-07-21 01:45:00,2024,7,21,1,45,18,18135,Route d'Orsan,46.652478,2.256194,Nuit sans éclairage public,Hors agglomération,Hors intersection,Pluie forte,Sans collision,3,2,2,0,2,4,2,0,3,80,1,1,0,0,1,0,67.0,,utilitaire_camion,,3,1,1,3,7
202400034061,2024-08-29 19:30:00,2024,8,29,19,30,33,33063,,44.83603,-0.5877,Plein jour,En agglomération,Hors intersection,Normale,Deux véhicules - côté,4,2,4,1,1,1,1,0,1,30,2,2,1,0,0,1,38.0,30.0,voiture,deux_roues,1,2,1,1,3
202400034062,2024-07-23 13:55:00,2024,7,23,13,55,07,07338,D21,44.891337,4.661905,Plein jour,Hors agglomération,Hors intersection,Normale,Autre collision,3,2,2,0,2,3,1,0,3,90,1,2,0,0,0,2,19.0,,voiture,,1,1,1,1,6
202400034063,2024-08-29 16:36:00,2024,8,29,16,36,29,29232,Boulevard de Creac'h Gwen,47.97970535,-4.103297,Plein jour,En agglomération,Intersection en T,Normale,Deux véhicules - côté,3,-1,2,0,1,1,1,0,1,50,2,2,1,0,1,0,14.0,67.0,deux_roues,voiture,1,2,3,1,3
202400034063,2024-08-29 16:36:00,2024,8,29,16,36,29,29232,Boulevard de Creac'h Gwen,47.97970535,-4.103297,Plein jour,En agglomération,Intersection en T,Normale,Deux véhicules - côté,3,1,1,0,2,1,1,0,1,50,2,2,1,0,1,0,14.0,67.0,deux_roues,voiture,1,2,3,1,3
202400034064,2024-07-11 14:05:00,2024,7,11,14,5,85,85204,D2,46.816097,-1.749669,Plein jour,Hors agglomération,Intersection en T,Normale,Deux véhicules - côté,3,2,2,0,1,1,1,0,1,80,2,2,1,0,1,0,16.0,30.0,deux_roues,utilitaire_camion,1,1,3,1,3
202400034064,2024-07-11 14:05:00,2024,7,11,14,5,85,85204,D2,46.816097,-1.749669,Plein jour,Hors agglomération,Intersection en T,Normale,Deux véhicules - côté,3,2, -1,-1,1,1,1,0,1,-1,2,2,1,0,1,0,16.0,30.0,deux_roues,utilitaire_camion,1,1,3,1,3
202400034065,2024-07-22 23:05:00,2024,7,22,23,5,37,37203,11 Quai de la Loire,47.40592567,0.73736644,Nuit avec éclairage allumé,En agglomération,Hors intersection,Normale,Deux véhicules - frontale,7,2,2,0,1,1,1,0,1,50,2,2,1,0,1,0,32.0,17.0,voiture,deux_roues,5,2,1,1,1
202400034066,2024-08-28 14:25:00,2024,8,28,14,25,29,29232,DOUARNENEZ RUE DE,47.99701,-4.10903,Plein jour,En agglomération,Hors intersection,Normale,Deux véhicules - arrière,4,2,2,0,1,1,1,0,1,50,2,3,2,0,0,1,20.0,61.0,voiture,voiture,1,2,1,1,2
202400034067,2024-07-23 09:00:00,2024,7,23,9,0,30,30197,,44.135514,4.209684,Plein jour,Hors agglomération,Hors intersection,Normale,Sans collision,3,2,2,0,4,1,1,0,8,80,1,1,0,0,1,0,63.0,,voiture,,1,1,1,1,7
202400034068,2024-07-21 16:12:00,2024,7,21,16,12,24,24206,Lagarde,44.763632,1.060073,Plein jour,Hors agglomération,Hors intersection,Normale,Deux véhicules - frontale,4,2,2,0,2,3,2,0,1,80,2,3,2,0,1,0,38.0,66.0,voiture,deux_roues,1,1,1,1,1
202400034069,2024-08-29 19:00:00,2024,8,29,19,0,25,25056,ALLENDE  BOULEVARD SALVADOR,47.21993,5.97241,Plein jour,En agglomération,Hors intersection,Temps éblouissant,Deux véhicules - côté,4,3,4,3,1,1,1,5,1,50,2,3,2,0,0,1,74.0,18.0,voiture,deux_roues,1,2,1,7,3
202400034070,2024-07-22 17:00:00,2024,7,22,17,0,42,42209,A89,45.865585,4.305223,Plein jour,Hors agglomération,Hors intersection,Normale,Autre collision,1,3,4,0,2,3,1,0,1,130,1,2,1,0,0,1,72.0,,voiture,,1,1,1,1,6
202400034071,2024-08-20 15:35:00,2024,8,20,15,35,22,22113,ARMOR (BOULEVARD D'),48.74682,-3.46207,Plein jour,En agglomération,Giratoire,Normale,Deux véhicules - côté,4,2,1,0,1,3,1,5,1,30,2,2,1,0,0,1,34.0,48.0,voiture,deux_roues,1,2,6,1,3
202400034071,2024-08-20 15:35:00,2024,8,20,15,35,22,22113,ARMOR (BOULEVARD D'),48.74682,-3.46207,Plein jour,En agglomération,Giratoire,Normale,Deux véhicules - côté,4,-1,2,0,1,3,1,5,1,30,2,2,1,0,0,1,34.0,48.0,voiture,deux_roues,1,2,6,1,3
202400034072,2024-08-29 05:20:00,2024,8,29,5,20,17,17306,ELECTRICITE (DE L'),45.625368,-1.014166,Nuit avec éclairage allumé,En agglomération,Intersection en Y,Pluie forte,Sans collision,4,2,2,2,1,2,2,5,4,50,1,1,0,0,0,1,19.0,,voiture,,5,2,4,3,7
202400034072,2024-08-29 05:20:00,2024,8,29,5,20,17,17306,ELECTRICITE (DE L'),45.625368,-1.014166,Nuit avec éclairage allumé,En agglomération,Intersection en Y,Pluie forte,Sans collision,4,2,2,2,1,3,2,5,4,50,1,1,0,0,0,1,19.0,,voiture,,5,2,4,3,7
202400034073,2024-07-23 16:00:00,2024,7,23,16,0,30,30189,Autoroute A9 - PK 48+200,43.844834,4.416826,Plein jour,Hors agglomération,Hors intersection,Normale,Trois véhicules et plus - en chaîne,1,4,3,0,1,1,1,2,8,130,3,3,2,0,1,0,54.0,53.0,utilitaire_camion,utilitaire_camion,1,1,1,1,4
202400034074,2024-08-29 02:48:00,2024,8,29,2,48,13,13213,CHATEAU GOMBERT CHEMIN,43.34687,5.42739,Nuit avec éclairage allumé,En agglomération,Hors intersection,Normale,Sans collision,4,2,2,0,1,1,1,0,1,50,1,1,0,1,0,0,24.0,,deux_roues,,5,2,1,1,7
202400034075,2024-07-23 15:23:00,2024,7,23,15,23,60,60142,D1017,49.135933,2.535653,Plein jour,Hors agglomération,Hors intersection,Normale,Deux véhicules - côté,3,2,2,0,1,1,1,0,1,80,2,4,2,0,2,0,80.0,38.0,voiture,utilitaire_camion,1,1,1,1,3
202400034076,2024-08-29 06:30:00,2024,8,29,6,30,13,13213,ALBERT EINSTEIN (RUE),43.33429,5.43206,Nuit avec éclairage allumé,En agglomération,Intersection en T,Normale,Trois véhicules et plus - collisions multiples,4,2,2,0,1,1,1,0,1,50,3,3,2,0,1,0,39.0,33.0,voiture,deux_roues,5,2,3,1,5
202400034076,2024-08-29 06:30:00,2024,8,29,6,30,13,13213,ALBERT EINSTEIN (RUE),43.33429,5.43206,Nuit avec éclairage allumé,En agglomération,Intersection en T,Normale,Trois véhicules et plus - collisions multiples,4,1,1,0,1,1,1,0,1,50,3,3,2,0,1,0,39.0,33.0,voiture,deux_roues,5,2,3,1,5
202400034077,2024-07-23 12:58:00,2024,7,23,12,58,976,97608,Route des Badamiers,-12.781743,45.278022,Plein jour,En agglomération,Autre intersection,Normale,Sans collision,3,3,2,0,1,1,1,0,1,50,1,1,0,0,1,0,43.0,,deux_roues,,1,2,9,1,7
202400034078,2024-08-29 12:00:00,2024,8,29,12,0,13,13063,D.10,43.56438,5.02666,Plein jour,Hors agglomération,Hors intersection,Normale,Deux véhicules - frontale,3,2,2,0,1,1,1,0,1,80,2,2,0,0,1,1,72.0,26.0,voiture,voiture,1,1,1,1,1
202400034079,2024-07-21 20:45:00,2024,7,21,20,45,2B,2B168,rt30,42.636149,8.967864,Nuit sans éclairage public,Hors agglomération,Hors intersection,Normale,Sans collision,2,2,2,0,3,3,1,0,1,80,2,3,2,0,1,0,36.0,62.0,voiture,deux_roues,3,1,1,1,7
202400034080,2024-08-28 23:00:00,2024,8,28,23,0,10,10387,Rue des Bas Trevois,48.29166,4.0806,Nuit sans éclairage public,En agglomération,Hors intersection,Normale,Deux véhicules - côté,4,2,1,0,1,3,1,0,1,50,2,2,1,0,0,1,16.0,56.0,deux_roues,voiture,3,2,1,1,3
202400034081,2024-08-28 13:27:00,2024,8,28,13,27,10,10387,Avenue Pasteur,48.30382,4.06198,Plein jour,En agglomération,Intersection en X,Temps éblouissant,Deux véhicules - frontale,4,2, -1,0,1,1,1,5,1,50,2,2,1,0,0,1,28.0,26.0,utilitaire_camion,deux_roues,1,2,2,7,1
202400034081,2024-08-28 13:27:00,2024,8,28,13,27,10,10387,Avenue Pasteur,48.30382,4.06198,Plein jour,En agglomération,Intersection en X,Temps éblouissant,Deux véhicules - frontale,4,2,2,0,1,1,1,5,1,50,2,2,1,0,0,1,28.0,26.0,utilitaire_camion,deux_roues,1,2,2,7,1
202400034082,2024-07-21 00:30:00,2024,7,21,0,30,2B,2B093,route de corbara,42.621881,8.907965,Nuit sans éclairage public,Hors agglomération,Hors intersection,Normale,Deux véhicules - frontale,3,2,2,0,2,1,1,0,1,80,2,4,2,0,2,0,65.0,87.0,voiture,voiture,3,1,1,1,1
202400034083,2024-08-28 17:50:00,2024,8,28,17,50,07,07019,MONTELIMAR ( ROUTE DE ),44.61404,4.40651,Plein jour,Hors agglomération,Hors intersection,Normale,Autre collision,2,1,2,0,1,1,1,0,1,70,1,2,1,0,0,1,73.0,,voiture,,1,1,1,1,6
202400034084,2024-07-14 05:35:00,2024,7,14,5,35,66,66008,avenue de la retirada,42.562631,3.03367,Nuit sans éclairage public,En agglomération,Hors intersection,Normale,Autre collision,4,2,2,2,1,1,1,0,3,50,1,1,0,0,1,0,21.0,,deux_roues,,3,2,1,1,6
202400034085,2024-08-29 11:55:00,2024,8,29,11,55,06,06159,359 Avenue Bella Vista,43.71235,7.32008,Plein jour,Hors agglomération,Hors intersection,Normale,Deux véhicules - côté,7,2,2,0,1,1,1,0,1,70,2,2,1,0,1,0,47.0,75.0,deux_roues,voiture,1,1,1,1,3
202400034086,2024-07-22 19:30:00,2024,7,22,19,30,83,83151,D24,43.43081267,6.13472908,Plein jour,En agglomération,Hors intersection,Normale,Autre collision,3,2,1,0,1,3,1,0,3,70,1,4,1,0,2,1,18.0,,voiture,,1,2,1,1,6
202400034087,2024-08-28 11:05:00,2024,8,28,11,5,06,06029,127 Avenue Michel Jourdan,43.5594602,6.9681826,Plein jour,En agglomération,Hors intersection,Normale,Deux véhicules - côté,3,2,2,2,1,1,1,0,5,30,2,3,2,0,0,1,23.0,65.0,deux_roues,voiture,1,2,1,1,3
202400034088,2024-07-19 15:40:00,2024,7,19,15,40,83,83138,Tourrettes,43.617264,6.713094,Plein jour,Hors agglomération,Intersection en X,Temps éblouissant,Deux véhicules - côté,3,2,2,0,1,1,1,0,1,70,2,2,1,0,1,0,20.0,58.0,deux_roues,voiture,1,1,2,7,3
202400034088,2024-07-19 15:40:00,2024,7,19,15,40,83,83138,Tourrettes,43.617264,6.713094,Plein jour,Hors agglomération,Intersection en X,Temps éblouissant,Deux véhicules - côté,3,2, -1,-1,1,1,1,0,1,-1,2,2,1,0,1,0,20.0,58.0,deux_roues,voiture,1,1,2,7,3
202400034089,2024-08-28 20:15:00,2024,8,28,20,15,01,01451,MARBOZ RD 996 (ROUTE DE ) IMPAIR,46.24847,5.23023,Crépuscule ou aube,Hors agglomération,Hors intersection,Normale,Deux véhicules - arrière,3,-1,2,0,1,1,1,2,1,70,2,3,1,0,0,2,42.0,42.0,voiture,utilitaire_camion,2,1,1,1,2
202400034090,2024-07-22 18:50:00,2024,7,22,18,50,71,71372,Route de Fleurie,46.17641809,4.73873511,Plein jour,En agglomération,Intersection en X,Normale,Deux véhicules - côté,3,2,2,0,1,1,1,0,1,80,2,2,1,0,1,0,27.0,17.0,voiture,voiture,1,2,2,1,3
202400034090,2024-07-22 18:50:00,2024,7,22,18,50,71,71372,Route de Fleurie,46.17641809,4.73873511,Plein jour,En agglomération,Intersection en X,Normale,Deux véhicules - côté,3,2,2,0,1,1,1,0,1,50,2,2,1,0,1,0,27.0,17.0,voiture,voiture,1,2,2,1,3
202400034091,2024-07-22 20:30:00,2024,7,22,20,30,71,71069,D45,46.33419494,4.70182418,Plein jour,Hors agglomération,Hors intersection,Normale,Autre collision,3,2,2,0,1,2,1,0,3,80,1,1,0,0,1,0,26.0,,voiture,,1,1,1,1,6
202400034092,2024-08-29 15:50:00,2024,8,29,15,50,75,75116,BD PERIPHERIQUE INTERIEUR,48.861934,2.2646,Plein jour,En agglomération,Hors intersection,Normale,Trois véhicules et plus - en chaîne,4,1,4,0,1,1,1,0,1,70,5,8,4,0,0,4,49.0,83.0,voiture,voiture,1,2,1,1,4
202400034093,2024-07-23 12:25:00,2024,7,23,12,25,73,73328,D1201 Route les rives du lac,45.657524,5.894546,Plein jour,Hors agglomération,Intersection en Y,Normale,Deux véhicules - côté,3,2,2,2,1,3,1,9,1,70,2,2,1,0,0,1,42.0,81.0,deux_roues,voiture,1,1,4,1,3
202400034093,2024-07-23 12:25:00,2024,7,23,12,25,73,73328,D1201 Route les rives du lac,45.657524,5.894546,Plein jour,Hors agglomération,Intersection en Y,Normale,Deux véhicules - côté,3,1,1,0,1,2,1,9,1,70,2,2,1,0,0,1,42.0,81.0,deux_roues,voiture,1,1,4,1,3
202400034094,2024-08-28 09:00:00,2024,8,28,9,0,75,75114,BD PERIPHERIQUE INTERIEUR,48.821752,2.317932,Plein jour,En agglomération,Hors intersection,Normale,Deux véhicules - côté,4,1,3,0,1,1,1,0,1,70,2,2,1,0,1,0,24.0,38.0,deux_roues,voiture,1,2,1,1,3
202400034095,2024-07-23 09:30:00,2024,7,23,9,30,42,42073,Route des Collines,45.792469,4.304538,Plein jour,Hors agglomération,Hors intersection,Normale,Autre collision,3,2,2,0,1,2,1,0,3,80,1,1,0,0,0,1,55.0,,voiture,,1,1,1,1,6
202400034096,2024-08-28 07:20:00,2024,8,28,7,20,75,75112,BD PERIPHERIQUE EXTERIEUR,48.826916,2.390358,Plein jour,En agglomération,Hors intersection,Normale,Trois véhicules et plus - en chaîne,4,1,4,0,1,1,1,0,1,70,3,3,2,0,0,1,38.0,22.0,voiture,voiture,1,2,1,1,4
202400034097,2024-07-22 17:15:00,2024,7,22,17,15,69,69159,Route du Saule D'Oingt,45.97834197,4.65611683,Plein jour,Hors agglomération,Intersection en X,Normale,Deux véhicules - côté,3,2,2,0,1,1,1,5,1,80,2,2,0,0,1,1,17.0,56.0,deux_roues,voiture,1,1,2,1,3
202400034097,2024-07-22 17:15:00,2024,7,22,17,15,69,69159,Route du Saule D'Oingt,45.97834197,4.65611683,Plein jour,Hors agglomération,Intersection en X,Normale,Deux véhicules - côté,3,2,2,0,1,1,1,0,1,-1,2,2,0,0,1,1,17.0,56.0,deux_roues,voiture,1,1,2,1,3
202400034098,2024-08-29 14:53:00,2024,8,29,14,53,75,75108,AVENUE DES CHAMPS ELYSEES,48.869102,2.310388,Plein jour,En agglomération,Intersection en X,Normale,Autre collision,4,2,6,1,1,1,1,9,1,30,1,3,2,0,0,1,51.0,,voiture,,1,2,2,1,6
202400034098,2024-08-29 14:53:00,2024,8,29,14,53,75,75108,AVENUE DES CHAMPS ELYSEES,48.869102,2.310388,Plein jour,En agglomération,Intersection en X,Normale,Autre collision,4,1,2,0,1,1,1,0,1,30,1,3,2,0,0,1,51.0,,voiture,,1,2,2,1,6
202400034099,2024-07-21 12:00:00,2024,7,21,12,0,33,33233,,45.115162,-0.367398,Plein jour,Hors agglomération,Hors intersection,Normale,Autre collision,3,2,2,0,1,2,1,0,1,80,1,2,0,0,1,1,55.0,,voiture,,1,1,1,1,6
202400034100,2024-08-29 11:40:00,2024,8,29,11,40,75,75118,BOULEVARD NEY,48.898197,2.352502,Plein jour,En agglomération,Intersection en X,Normale,Deux véhicules - côté,4,2,2,1,1,1,1,0,1,30,2,4,3,0,0,1,25.0,28.0,deux_roues,voiture,1,2,2,1,3
202400034100,2024-08-29 11:40:00,2024,8,29,11,40,75,75118,BOULEVARD NEY,48.898197,2.352502,Plein jour,En agglomération,Intersection en X,Normale,Deux véhicules - côté,4,1,2,1,1,1,1,0,1,50,2,4,3,0,0,1,25.0,28.0,deux_roues,voiture,1,2,2,1,3
202400034101,2024-07-22 10:05:00,2024,7,22,10,5,33,33019,,44.695431,-0.981018,Plein jour,En agglomération,Intersection en T,Normale,Deux véhicules - frontale,3,2,2,3,1,1,1,5,1,50,2,3,0,0,1,2,82.0,19.0,voiture,voiture,1,2,3,1,1