accident_id,datetime,annee,mois,jour,heure,minute,departement,commune_insee,adresse,latitude,longitude,luminosite,agglomeration,intersection,meteo,collision,catr,circ,nbv,vosp,prof,plan,surf,infra,situ,vma,nb_vehicules,nb_usagers,nb_indemnes,nb_tues,nb_blesses_hosp,nb_blesses_legers,age_cond_1,age_cond_2,veh_type_cond_1,veh_type_cond_2,lum_code,agg_code,int_code,atm_code,col_code
202400034101,2024-07-22 10:05:00,2024,7,22,10,5,33,33019,,44.695431,-0.981018,Plein jour,En agglomération,Intersection en T,Normale,Deux véhicules - frontale,3,2,2,-1,1,1,1,0,1,-1,2,3,0,0,1,2,82.0,19.0,voiture,voiture,1,2,3,1,1
202400034102,2024-08-28 16:44:00,2024,8,28,16,44,75,75112,BOULEVARD PONIATOWSKI,48.83486,2.405562,Plein jour,En agglomération,Intersection en X,Normale,Autre collision,4,2,4,0,1,1,1,0,1,30,1,3,1,0,1,1,36.0,,deux_roues,,1,2,2,1,6
202400034102,2024-08-28 16:44:00,2024,8,28,16,44,75,75112,BOULEVARD PONIATOWSKI,48.83486,2.405562,Plein jour,En agglomération,Intersection en X,Normale,Autre collision,4,1,2,0,1,1,1,0,8,30,1,3,1,0,1,1,36.0,,deux_roues,,1,2,2,1,6
202400034103,2024-07-18 18:25:00,2024,7,18,18,25,44,44047,Route de Sautron,47.252742,-1.691208,Plein jour,Hors agglomération,Intersection en T,Normale,Deux véhicules - arrière,7,2,2,0,1,1,1,0,1,80,2,3,2,0,1,0,17.0,24.0,deux_roues,voiture,1,1,3,1,2
202400034103,2024-07-18 18:25:00,2024,7,18,18,25,44,44047,Route de Sautron,47.252742,-1.691208,Plein jour,Hors agglomération,Intersection en T,Normale,Deux véhicules - arrière,7,2,2,0,1,1,1,5,1,70,2,3,2,0,1,0,17.0,24.0,deux_roues,voiture,1,1,3,1,2
202400034104,2024-08-28 07:40:00,2024,8,28,7,40,75,75116,BD PERIPHERIQUE INTERIEUR,48.841434,2.254139,Plein jour,En agglomération,Hors intersection,Normale,Trois véhicules et plus - en chaîne,4,1,4,0,1,1,1,1,1,70,3,5,4,0,1,0,29.0,34.0,utilitaire_camion,deux_roues,1,2,1,1,4
202400034105,2024-07-19 12:00:00,2024,7,19,12,0,29,29087,Route de la Gare,48.068284,-4.255413,Plein jour,En agglomération,Hors intersection,Normale,Sans collision,4,2,2,0,1,1,1,0,4,30,1,1,0,0,0,1,16.0,,deux_roues,,1,2,1,1,7
202400034106,2024-08-29 12:10:00,2024,8,29,12,10,75,75115,RUE CLODION,48.851506,2.292034,Plein jour,En agglomération,Intersection en T,Normale,Sans collision,4,1, -1,-1,1,1,1,0,5,30,1,1,0,0,0,1,50.0,,deux_roues,,1,2,3,1,7
202400034106,2024-08-29 12:10:00,2024,8,29,12,10,75,75115,RUE CLODION,48.851506,2.292034,Plein jour,En agglomération,Intersection en T,Normale,Sans collision,4,1,2,1,1,1,1,0,5,30,1,1,0,0,0,1,50.0,,deux_roues,,1,2,3,1,7
202400034107,2024-07-18 12:35:00,2024,7,18,12,35,60,60141,D924a,49.169036,2.506278,Plein jour,Hors agglomération,Hors intersection,Normale,Deux véhicules - arrière,3,2,2,0,1,1,1,0,1,70,2,2,1,0,1,0,23.0,48.0,voiture,deux_roues,1,1,1,1,2
202400034108,2024-08-29 14:25:00,2024,8,29,14,25,75,75112,PLACE DE LA NATION,48.84769922,2.39467674,Plein jour,En agglomération,Intersection en T,Normale,Autre collision,4,2, -1,-1,1,1,1,0,1,30,1,2,1,0,0,1,36.0,,deux_roues,,1,2,3,1,6
202400034108,2024-08-29 14:25:00,2024,8,29,14,25,75,75112,PLACE DE LA NATION,48.84769922,2.39467674,Plein jour,En agglomération,Intersection en T,Normale,Autre collision,4,2,2,0,1,1,1,0,1,30,1,2,1,0,0,1,36.0,,deux_roues,,1,2,3,1,6
202400034109,2024-07-22 15:45:00,2024,7,22,15,45,60,60022,D606E,49.228373,2.527869,Plein jour,Hors agglomération,Hors intersection,Normale,Deux véhicules - arrière,3,2,2,0,1,1,1,0,1,80,2,3,2,0,1,0,27.0,58.0,deux_roues,utilitaire_camion,1,1,1,1,2
202400034110,2024-08-29 21:20:00,2024,8,29,21,20,75,75111,BOULEVARD VOLTAIRE,48.852857,2.388506,Nuit avec éclairage allumé,En agglomération,Intersection en Y,Pluie légère,Deux véhicules - côté,4,2,2,2,1,1,2,0,1,30,2,3,2,0,0,1,36.0,24.0,utilitaire_camion,deux_roues,5,2,4,2,3
202400034110,2024-08-29 21:20:00,2024,8,29,21,20,75,75111,BOULEVARD VOLTAIRE,48.852857,2.388506,Nuit avec éclairage allumé,En agglomération,Intersection en Y,Pluie légère,Deux véhicules - côté,4,1,1,0,1,1,2,0,1,30,2,3,2,0,0,1,36.0,24.0,utilitaire_camion,deux_roues,5,2,4,2,3
202400034111,2024-08-29 13:18:00,2024,8,29,13,18,75,75110,RUE LOUIS BLANC,48.880544,2.36618,Plein jour,En agglomération,Hors intersection,Normale,Autre collision,4,1,1,0,1,1,1,0,1,30,1,2,1,0,0,1,37.0,,deux_roues,,1,2,1,1,6
202400034112,2024-07-19 17:20:00,2024,7,19,17,20,69,69282,Route Départementale 302,45.7527,5.0145,Plein jour,Hors agglomération,Hors intersection,Normale,Deux véhicules - arrière,7,3,4,0,2,1,1,0,1,70,2,2,1,0,1,0,44.0,42.0,voiture,deux_roues,1,1,1,1,2
202400034113,2024-07-11 14:20:00,2024,7,11,14,20,59,59094,AUTOROUTE A16,50.95872,2.18233,Plein jour,Hors agglomération,Hors intersection,Normale,Sans collision,1,-1,4,0,1,3,1,3,1,110,1,1,0,0,0,1,32.0,,deux_roues,,1,1,1,1,7
202400034114,2024-08-29 02:15:00,2024,8,29,2,15,75,75108,PLACE DE LA MADELEINE,48.869348,2.324831,Nuit avec éclairage allumé,En agglomération,Intersection en X,Normale,Autre collision,4,1, -1,-1,1,1,1,0,1,30,1,2,1,0,0,1,39.0,,voiture,,5,2,2,1,6
202400034114,2024-08-29 02:15:00,2024,8,29,2,15,75,75108,PLACE DE LA MADELEINE,48.869348,2.324831,Nuit avec éclairage allumé,En agglomération,Intersection en X,Normale,Autre collision,4,1,2,0,1,1,1,0,1,30,1,2,1,0,0,1,39.0,,voiture,,5,2,2,1,6
202400034115,2024-07-22 15:15:00,2024,7,22,15,15,91,91086,RN 104,48.6232,2.38567,Plein jour,Hors agglomération,Hors intersection,Normale,Deux véhicules - arrière,2,3,2,0,1,1,1,0,1,110,2,2,1,0,0,1,31.0,27.0,voiture,deux_roues,1,1,1,1,2
202400034116,2024-08-29 15:59:00,2024,8,29,15,59,75,75107,QUAI VOLTAIRE,48.858198,2.333218,Plein jour,En agglomération,Intersection en T,Normale,Deux véhicules - côté,4,1, -1,-1,1,1,1,0,1,30,2,2,1,0,0,1,23.0,60.0,deux_roues,utilitaire_camion,1,2,3,1,3
202400034116,2024-08-29 15:59:00,2024,8,29,15,59,75,75107,QUAI VOLTAIRE,48.858198,2.333218,Plein jour,En agglomération,Intersection en T,Normale,Deux véhicules - côté,4,2,6,1,1,1,1,0,1,30,2,2,1,0,0,1,23.0,60.0,deux_roues,utilitaire_camion,1,2,3,1,3
202400034117,2024-07-22 17:25:00,2024,7,22,17,25,92,92047,A13,48.83485312,2.17383374,Plein jour,Hors agglomération,Hors intersection,Normale,Deux véhicules - frontale,1,1,3,3,1,1,1,0,1,90,2,3,1,0,2,0,44.0,42.0,deux_roues,voiture,1,1,1,1,1
202400034118,2024-08-29 16:25:00,2024,8,29,16,25,75,75109,RUE CLAUZEL,48.879338,2.337456,Plein jour,En agglomération,Intersection en Y,Normale,Autre collision,4,2, -1,-1,1,1,1,0,1,30,2,3,2,0,0,1,58.0,33.0,voiture,voiture,1,2,4,1,6
202400034118,2024-08-29 16:25:00,2024,8,29,16,25,75,75109,RUE CLAUZEL,48.879338,2.337456,Plein jour,En agglomération,Intersection en Y,Normale,Autre collision,4,1,1,0,1,1,1,0,1,30,2,3,2,0,0,1,58.0,33.0,voiture,voiture,1,2,4,1,6
202400034119,2024-08-29 00:15:00,2024,8,29,0,15,94,94073,Rue de la Galaise,48.76554,2.38308,Nuit avec éclairage allumé,En agglomération,Intersection en X,Normale,Deux véhicules - côté,4,-1,2,0,1,1,1,0,1,50,2,4,3,0,0,1,31.0,32.0,transport_commun,voiture,5,2,2,1,3
202400034119,2024-08-29 00:15:00,2024,8,29,0,15,94,94073,Rue de la Galaise,48.76554,2.38308,Nuit avec éclairage allumé,En agglomération,Intersection en X,Normale,Deux véhicules - côté,4,2,2,0,1,1,1,0,1,50,2,4,3,0,0,1,31.0,32.0,transport_commun,voiture,5,2,2,1,3
202400034120,2024-07-22 14:04:00,2024,7,22,14,4,78,78158,A13,48.831448,2.145949,Plein jour,Hors agglomération,Hors intersection,Normale,Trois véhicules et plus - en chaîne,1,1,4,0,1,1,1,0,1,90,4,7,4,0,0,3,29.0,35.0,voiture,voiture,1,1,1,1,4
202400034121,2024-08-28 17:50:00,2024,8,28,17,50,94,94019,Route de la Libération,48.79751,2.5471,Plein jour,En agglomération,Hors intersection,Normale,Deux véhicules - arrière,3,1,2,0,1,1,1,0,1,50,2,2,1,0,0,1,30.0,19.0,utilitaire_camion,voiture,1,2,1,1,2
202400034122,2024-08-29 11:00:00,2024,8,29,11,0,93,93079,Avenue de la Division Leclerc,48.95514588,2.34402036,Plein jour,En agglomération,Hors intersection,Normale,Autre collision,3,3,2,0,1,1,1,0,1,50,2,2,1,0,0,1,48.0,40.0,deux_roues,utilitaire_camion,1,2,1,1,6
202400034123,2024-07-21 18:25:00,2024,7,21,18,25,78,78118,A13,48.986342,1.667313,Plein jour,Hors agglomération,Hors intersection,Normale,Trois véhicules et plus - en chaîne,1,-1,3,0,2,1,1,0,1,110,3,5,3,0,0,2,20.0,50.0,voiture,voiture,1,1,1,1,4
202400034124,2024-08-29 01:55:00,2024,8,29,1,55,93,93057,BRIAND ( AV. ARISTIDE) 238 A 308,48.91145,2.51835,Nuit avec éclairage allumé,En agglomération,Hors intersection,Normale,Trois véhicules et plus - collisions multiples,3,3,6,3,1,1,1,0,1,50,1,1,0,0,0,1,49.0,,voiture,,5,2,1,1,5
202400034125,2024-10-03 07:20:00,2024,10,3,7,20,69,69387,Cours Gambetta,45.75524,4.84281,Crépuscule ou aube,En agglomération,Intersection à plus de 4 branches,Normale,Deux véhicules - arrière,4,2,4,3,1,1,1,5,1,30,2,2,1,0,0,1,,30.0,voiture,deux_roues,2,2,5,1,2
202400034125,2024-10-03 07:20:00,2024,10,3,7,20,69,69387,Cours Gambetta,45.75524,4.84281,Crépuscule ou aube,En agglomération,Intersection à plus de 4 branches,Normale,Deux véhicules - arrière,4,1,1,3,1,1,1,5,1,30,2,2,1,0,0,1,,30.0,voiture,deux_roues,2,2,5,1,2
202400034126,2024-08-29 10:20:00,2024,8,29,10,20,92,92062,REPUBLIQUE (RUE DE LA) DU 102 AU 200,48.88498653,2.24031262,Plein jour,En agglomération,Hors intersection,Normale,Deux véhicules - côté,3,2,2,0,1,1,1,0,1,50,2,2,1,0,0,1,76.0,39.0,voiture,deux_roues,1,2,1,1,3
202400034127,2024-07-22 06:20:00,2024,7,22,6,20,94,94069,A4,48.81737044,2.42861395,Plein jour,Hors agglomération,Hors intersection,Normale,Trois véhicules et plus - en chaîne,1,1,4,3,1,1,1,0,1,90,3,3,2,0,0,1,49.0,28.0,voiture,voiture,1,1,1,1,4
202400034128,2024-08-29 10:00:00,2024,8,29,10,0,92,92050,REPUBLIQUE AVENUE DE LA,48.90957374,2.21739873,Plein jour,En agglomération,Hors intersection,Normale,Autre collision,3,2,2,0,1,1,1,0,1,50,1,3,1,0,1,1,32.0,,deux_roues,,1,2,1,1,6
202400034129,2024-01-06 08:15:00,2024,1,6,8,15,64,64483,,43.387456,-1.659913,Nuit avec éclairage allumé,En agglomération,Intersection en T,Pluie légère,Autre collision,4,1, -1,-1,1,1,2,0,1,50,1,2,1,0,1,0,71.0,,voiture,,5,2,3,2,6
202400034129,2024-01-06 08:15:00,2024,1,6,8,15,64,64483,,43.387456,-1.659913,Nuit avec éclairage allumé,En agglomération,Intersection en T,Pluie légère,Autre collision,4,2, -1,-1,1,1,2,0,1,50,1,2,1,0,1,0,71.0,,voiture,,5,2,3,2,6
202400034130,2024-10-03 07:55:00,2024,10,3,7,55,69,69387,Rue de Gerland,45.73005,4.83802,Plein jour,En agglomération,Intersection en T,Normale,Deux véhicules - côté,4,2,3,0,1,1,1,0,1,30,2,2,1,0,0,1,21.0,34.0,deux_roues,utilitaire_camion,1,2,3,1,3
202400034130,2024-10-03 07:55:00,2024,10,3,7,55,69,69387,Rue de Gerland,45.73005,4.83802,Plein jour,En agglomération,Intersection en T,Normale,Deux véhicules - côté,4,2,3,2,1,1,1,0,1,30,2,2,1,0,0,1,21.0,34.0,deux_roues,utilitaire_camion,1,2,3,1,3
202400034131,2024-08-27 07:50:00,2024,8,27,7,50,92,92025,KLEBER (AV),48.93114696,2.24435225,Plein jour,En agglomération,Intersection en X,Normale,Deux véhicules - côté,3,1,3,0,1,1,1,2,1,50,2,2,1,0,0,1,35.0,45.0,voiture,deux_roues,1,2,2,1,3
202400034131,2024-08-27 07:50:00,2024,8,27,7,50,92,92025,KLEBER (AV),48.93114696,2.24435225,Plein jour,En agglomération,Intersection en X,Normale,Deux véhicules - côté,3,2,2,0,1,1,1,0,1,30,2,2,1,0,0,1,35.0,45.0,voiture,deux_roues,1,2,2,1,3
202400034132,2024-04-26 15:50:00,2024,4,26,15,50,14,14609,N13,49.257813,-0.729164,Plein jour,Hors agglomération,Hors intersection,Temps couvert,Deux véhicules - arrière,2,3,2,0,1,1,1,0,1,110,2,2,1,1,0,0,52.0,45.0,deux_roues,voiture,1,1,1,8,2
202400034133,2024-08-29 01:17:00,2024,8,29,1,17,92,92071,HOUDAN (RUE),48.7790297,2.28196514,Nuit avec éclairage allumé,En agglomération,Hors intersection,Normale,Autre collision,3,2,2,1,1,1,1,0,1,30,1,1,0,0,0,1,77.0,,voiture,,5,2,1,1,6
202400034134,2024-02-23 17:30:00,2024,2,23,17,30,14,14374,D107,49.046982,-0.793709,Plein jour,Hors agglomération,Hors intersection,Pluie légère,Sans collision,3,2,2,0,1,1,2,0,3,80,1,2,0,0,1,1,30.0,,voiture,,1,1,1,2,7
202400034135,2024-09-30 17:10:00,2024,9,30,17,10,972,97209,KERLYS (RUE DE ),14.61371,-61.05227,Plein jour,En agglomération,Intersection en T,Normale,Deux véhicules - frontale,2,1,2,3,1,2,1,5,1,50,2,2,1,0,0,1,73.0,18.0,voiture,deux_roues,1,2,3,1,1
202400034135,2024-09-30 17:10:00,2024,9,30,17,10,972,97209,KERLYS (RUE DE ),14.61371,-61.05227,Plein jour,En agglomération,Intersection en T,Normale,Deux véhicules - frontale,2,1,2,3,1,3,1,5,1,50,2,2,1,0,0,1,73.0,18.0,voiture,deux_roues,1,2,3,1,1
202400034136,2024-08-29 21:00:00,2024,8,29,21,0,92,92007,HUGO (AVENUE VICTOR),48.8049481,2.32275926,Nuit avec éclairage allumé,En agglomération,Intersection en X,Pluie légère,Deux véhicules - frontale,3,3,2,0,1,1,2,0,1,30,2,2,1,0,0,1,28.0,28.0,deux_roues,voiture,5,2,2,2,1
202400034136,2024-08-29 21:00:00,2024,8,29,21,0,92,92007,HUGO (AVENUE VICTOR),48.8049481,2.32275926,Nuit avec éclairage allumé,En agglomération,Intersection en X,Pluie légère,Deux véhicules - frontale,3,1,1,0,1,1,2,0,1,30,2,2,1,0,0,1,28.0,28.0,deux_roues,voiture,5,2,2,2,1
202400034137,2024-04-12 20:30:00,2024,4,12,20,30,62,62634,Rue du Moulin,50.939027,2.024636,Crépuscule ou aube,En agglomération,Hors intersection,Normale,Deux véhicules - frontale,4,2,2,0,1,1,1,0,1,50,2,3,1,0,1,1,38.0,47.0,deux_roues,voiture,2,2,1,1,1
202400034138,2024-08-28 23:45:00,2024,8,28,23,45,92,92007,PASTEUR (AVENUE LOUIS) N° 1 A 39 ET 2 A,48.79794567,2.3174639,Nuit avec éclairage allumé,En agglomération,Hors intersection,Normale,Autre collision,3,-1,2,1,1,1,1,9,5,40,1,2,0,0,0,2,27.0,,deux_roues,,5,2,1,1,6
202400034139,2024-10-03 03:50:00,2024,10,3,3,50,69,69387,Avenue Berthelot,45.74494,4.84249,Nuit avec éclairage allumé,En agglomération,Hors intersection,Normale,Deux véhicules - arrière,4,1,2,1,1,1,1,0,1,50,2,3,1,0,0,2,22.0,,deux_roues,voiture,5,2,1,1,2
202400034140,2024-08-28 13:05:00,2024,8,28,13,5,92,92036,GRESILLONS ( AVENUE DES  ),48.91932903,2.31266606,Plein jour,En agglomération,Hors intersection,Normale,Autre collision,3,2,1,0,1,1,1,0,1,50,1,2,1,0,0,1,18.0,,deux_roues,,1,2,1,1,6
202400034141,2024-04-13 17:00:00,2024,4,13,17,0,29,29037,D44,47.87802982,-4.13470913,Plein jour,Hors agglomération,Giratoire,Normale,Deux véhicules - côté,3,2,2,1,1,1,1,5,1,70,2,2,0,0,0,2,57.0,45.0,voiture,voiture,1,1,6,1,3
202400034141,2024-04-13 17:00:00,2024,4,13,17,0,29,29037,D44,47.87802982,-4.13470913,Plein jour,Hors agglomération,Giratoire,Normale,Deux véhicules - côté,3,2,2,1,1,1,1,5,1,50,2,2,0,0,0,2,57.0,45.0,voiture,voiture,1,1,6,1,3
202400034142,2024-08-29 08:42:00,2024,8,29,8,42,92,92002,DIVISION LECLERC (53 A 217 - 58 A 186),48.74747166,2.30381674,Plein jour,En agglomération,Intersection en T,Normale,Autre collision,3,1,1,0,1,1,1,0,1,50,1,2,1,0,0,1,28.0,,voiture,,1,2,3,1,6
202400034142,2024-08-29 08:42:00,2024,8,29,8,42,92,92002,DIVISION LECLERC (53 A 217 - 58 A 186),48.74747166,2.30381674,Plein jour,En agglomération,Intersection en T,Normale,Autre collision,3,2,2,0,1,1,1,0,1,50,1,2,1,0,0,1,28.0,,voiture,,1,2,3,1,6
202400034143,2024-04-15 22:00:00,2024,4,15,22,0,14,14027,Route du Pied du Bois,49.005771,-0.64697,Nuit sans éclairage public,Hors agglomération,Hors intersection,Pluie légère,Sans collision,3,2,2,0,2,2,2,0,1,50,1,1,0,0,0,1,41.0,,deux_roues,,3,1,1,2,7
202400034144,2024-10-03 11:10:00,2024,10,3,11,10,91,91434,COMMANDANT BARRE (AVENUE DU),48.662613,2.359664,Plein jour,En agglomération,Hors intersection,Temps couvert,Trois véhicules et plus - en chaîne,4,2,2,0,1,1,1,0,1,50,3,4,2,0,0,2,,46.0,voiture,voiture,1,2,1,8,4
202400034145,2024-08-27 17:40:00,2024,8,27,17,40,78,78548,Route des 17 tournants D91,48.709949,1.995562,Plein jour,Hors agglomération,Hors intersection,Normale,Deux véhicules - côté,3,2,2,0,2,3,1,0,1,50,2,2,1,0,1,0,21.0,38.0,deux_roues,voiture,1,1,1,1,3
202400034146,2024-07-21 09:10:00,2024,7,21,9,10,974,97416,RN1,-21.32376,55.44518,Plein jour,Hors agglomération,Hors intersection,Normale,Deux véhicules - côté,4,2,2,0,1,1,1,0,1,50,2,2,1,0,0,1,24.0,64.0,voiture,deux_roues,1,1,1,1,3
202400034147,2024-08-29 09:50:00,2024,8,29,9,50,09,09026,Engouès d'En Bas,42.934311,1.013443,Plein jour,En agglomération,Autre intersection,Normale,Sans collision,4,1,1,0,2,1,6,0,3,30,1,1,0,0,1,0,76.0,,voiture,,1,2,9,1,7
202400034148,2024-07-20 02:55:00,2024,7,20,2,55,972,97213,AUTOROUTE A1,14.60793,-61.0049,Nuit avec éclairage allumé,Hors agglomération,Hors intersection,Pluie forte,Deux véhicules - arrière,1,1,2,0,1,1,2,0,1,90,2,3,2,0,0,1,49.0,24.0,voiture,utilitaire_camion,5,1,1,3,2
202400034149,2024-10-03 20:40:00,2024,10,3,20,40,91,91174,RUE CHAMPLOUIS,48.6119,2.47902,Nuit sans éclairage public,En agglomération,Intersection en T,Normale,Autre collision,4,1, -1,-1,1,1,1,0,6,-1,1,2,1,0,0,1,,,voiture,,3,2,3,1,6
202400034149,2024-10-03 20:40:00,2024,10,3,20,40,91,91174,RUE CHAMPLOUIS,48.6119,2.47902,Nuit sans éclairage public,En agglomération,Intersection en T,Normale,Autre collision,4,2,2,0,1,1,1,0,6,50,1,2,1,0,0,1,,,voiture,,3,2,3,1,6
202400034150,2024-08-30 05:35:00,2024,8,30,5,35,51,51057,18 Grande Rue,48.827146,4.88667,Crépuscule ou aube,En agglomération,Intersection en T,Temps couvert,Autre collision,3,2,2,0,1,1,2,0,4,50,1,1,0,0,1,0,16.0,,deux_roues,,2,2,3,8,6
202400034150,2024-08-30 05:35:00,2024,8,30,5,35,51,51057,18 Grande Rue,48.827146,4.88667,Crépuscule ou aube,En agglomération,Intersection en T,Temps couvert,Autre collision,3,2, -1,-1,1,1,2,0,1,-1,1,1,0,0,1,0,16.0,,deux_roues,,2,2,3,8,6
202400034151,2024-07-21 09:12:00,2024,7,21,9,12,2B,2B033,TOUTES RUES,42.68817,9.42019,Plein jour,Hors agglomération,Hors intersection,Normale,Autre collision,3,2,2,0,2,2,1,0,1,70,1,1,0,0,0,1,25.0,,deux_roues,,1,1,1,1,6
202400034152,2024-08-29 07:20:00,2024,8,29,7,20,73,73313,D921,45.6327942,5.76645952,Crépuscule ou aube,Hors agglomération,Intersection en T,Normale,Sans collision,3,2,2,0,1,3,1,0,1,80,2,2,1,1,0,0,43.0,47.0,voiture,deux_roues,2,1,3,1,7
202400034152,2024-08-29 07:20:00,2024,8,29,7,20,73,73313,D921,45.6327942,5.76645952,Crépuscule ou aube,Hors agglomération,Intersection en T,Normale,Sans collision,3,2,2,0,2,3,1,0,1,80,2,2,1,1,0,0,43.0,47.0,voiture,deux_roues,2,1,3,1,7
202400034153,2024-07-21 08:08:00,2024,7,21,8,8,95,95277,D317,48.97893202,2.46539667,Plein jour,En agglomération,Hors intersection,Normale,Deux véhicules - côté,3,2,0,0,1,1,1,0,1,90,2,5,0,0,0,5,58.0,57.0,voiture,voiture,1,2,1,1,3
202400034154,2024-10-02 16:45:00,2024,10,2,16,45,88,88428,RUE SAINT MICHEL,48.31803,6.88637,Plein jour,En agglomération,Intersection en Y,Normale,Deux véhicules - frontale,4,2,0,0,4,1,1,0,1,50,2,2,1,0,0,1,62.0,15.0,voiture,deux_roues,1,2,4,1,1
202400034154,2024-10-02 16:45:00,2024,10,2,16,45,88,88428,RUE SAINT MICHEL,48.31803,6.88637,Plein jour,En agglomération,Intersection en Y,Normale,Deux véhicules - frontale,4,2,2,0,1,2,1,0,1,50,2,2,1,0,0,1,62.0,15.0,voiture,deux_roues,1,2,4,1,1
202400034155,2024-08-30 11:40:00,2024,8,30,11,40,974,97412,Rue des Prunes,-21.37028,55.633339,Plein jour,En agglomération,Intersection en X,Normale,Deux véhicules - côté,4,2,2,0,2,1,1,5,1,50,2,3,2,0,1,0,46.0,22.0,deux_roues,voiture,1,2,2,1,3
202400034155,2024-08-30 11:40:00,2024,8,30,11,40,974,97412,Rue des Prunes,-21.37028,55.633339,Plein jour,En agglomération,Intersection en X,Normale,Deux véhicules - côté,4,2, -1,-1,1,1,1,0,1,-1,2,3,2,0,1,0,46.0,22.0,deux_roues,voiture,1,2,2,1,3
202400034156,2024-08-29 15:00:00,2024,8,29,15,0,88,88181,Rue du General Ingold,48.183521,7.002963,Plein jour,En agglomération,Hors intersection,Normale,Deux véhicules - côté,3,2,2,0,1,1,1,0,1,50,2,2,1,0,1,0,70.0,37.0,utilitaire_camion,deux_roues,1,2,1,1,3
202400034157,2024-07-21 05:15:00,2024,7,21,5,15,95,95277,D170,48.97800304,2.43947702,Nuit sans éclairage public,Hors agglomération,Hors intersection,Pluie légère,Trois véhicules et plus - collisions multiples,3,3,0,0,2,2,2,0,2,80,4,6,2,0,0,4,20.0,49.0,voiture,voiture,3,1,1,2,5
202400034158,2024-10-03 16:30:00,2024,10,3,16,30,84,84007,WETZLAR (AVENUE DE),43.94547,4.82799,Plein jour,En agglomération,Intersection en Y,Normale,Deux véhicules - côté,4,2,2,0,1,1,1,0,1,50,2,2,1,0,0,1,44.0,19.0,voiture,deux_roues,1,2,4,1,3
202400034158,2024-10-03 16:30:00,2024,10,3,16,30,84,84007,WETZLAR (AVENUE DE),43.94547,4.82799,Plein jour,En agglomération,Intersection en Y,Normale,Deux véhicules - côté,4,2,2,2,1,1,1,0,1,50,2,2,1,0,0,1,44.0,19.0,voiture,deux_roues,1,2,4,1,3
202400034159,2024-08-30 03:00:00,2024,8,30,3,0,76,76404,D925,49.57766263,0.24007916,Nuit avec éclairage non allumé,Hors agglomération,Giratoire,Normale,Sans collision,3,1,2,0,1,2,1,5,1,80,1,3,1,1,1,0,25.0,,voiture,,4,1,6,1,7
202400034160,2024-10-02 11:30:00,2024,10,2,11,30,80,80001,GENERAL LECLERC (du),50.10693,1.84534,Plein jour,En agglomération,Hors intersection,Normale,Sans collision,3,-1,3,0,2,1,1,0,1,50,1,1,0,0,0,1,18.0,,deux_roues,,1,2,1,1,7
202400034161,2024-10-03 22:40:00,2024,10,3,22,40,78,78297,ALLVIGER ET LANOT (RUE),48.7818,2.06134,Nuit avec éclairage allumé,En agglomération,Autre intersection,Normale,Sans collision,4,1,0,0,2,3,1,3,6,90,1,1,0,0,0,1,22.0,,voiture,,5,2,9,1,7
202400034162,2024-07-21 05:11:00,2024,7,21,5,11,84,84007,SAINT DOMINIQUE (Boulevard),43.943836,4.798252,Crépuscule ou aube,En agglomération,Hors intersection,Normale,Deux véhicules - frontale,4,2,2,0,1,1,1,0,1,50,2,3,1,0,1,1,20.0,31.0,voiture,voiture,2,2,1,1,1
202400034163,2024-10-03 20:05:00,2024,10,3,20,5,78,78297,JAURES (BOULEVARD JEAN),48.77486,2.07451,Nuit avec éclairage allumé,En agglomération,Autre intersection,Normale,Autre collision,4,2,2,0,1,1,1,0,1,50,1,2,1,0,0,1,22.0,,voiture,,5,2,9,1,6
202400034164,2024-07-19 16:30:00,2024,7,19,16,30,81,81060,THOMAS (AVENUE ALBERT),44.04865,2.15812,Plein jour,En agglomération,Intersection en X,Normale,Deux véhicules - côté,3,2, -1,-1,1,1,1,5,1,-1,2,2,1,0,0,1,16.0,80.0,deux_roues,voiture,1,2,2,1,3
202400034164,2024-07-19 16:30:00,2024,7,19,16,30,81,81060,THOMAS (AVENUE ALBERT),44.04865,2.15812,Plein jour,En agglomération,Intersection en X,Normale,Deux véhicules - côté,3,2,1,0,2,1,1,0,1,50,2,2,1,0,0,1,16.0,80.0,deux_roues,voiture,1,2,2,1,3
202400034165,2024-08-30 03:27:00,2024,8,30,3,27,41,41156,"Autoroute A10, PK 141.700",47.67562186,1.40030758,Nuit sans éclairage public,Hors agglomération,Hors intersection,Normale,Trois véhicules et plus - collisions multiples,1,1,3,0,1,1,1,0,1,130,5,19,11,0,3,5,52.0,31.0,voiture,voiture,3,1,1,1,5
202400034166,2024-08-27 17:50:00,2024,8,27,17,50,72,72008,Boulevard Pierre Lefaucheux,47.946754,0.182177,Plein jour,En agglomération,Autre intersection,Normale,Deux véhicules - frontale,9,-1,2,1,2,1,1,0,5,20,2,2,1,0,0,1,52.0,43.0,voiture,deux_roues,1,2,9,1,1
202400034167,2024-07-21 19:20:00,2024,7,21,19,20,78,78123,BERTAUX RUE MAURICE,48.94321,2.02895,Plein jour,En agglomération,Intersection en X,Normale,Trois véhicules et plus - collisions multiples,4,2,4,1,1,1,1,0,1,50,3,6,4,0,2,0,37.0,29.0,deux_roues,voiture,1,2,2,1,5