accident_id,datetime,annee,mois,jour,heure,minute,departement,commune_insee,adresse,latitude,longitude,luminosite,agglomeration,intersection,meteo,collision,catr,circ,nbv,vosp,prof,plan,surf,infra,situ,vma,nb_vehicules,nb_usagers,nb_indemnes,nb_tues,nb_blesses_hosp,nb_blesses_legers,age_cond_1,age_cond_2,veh_type_cond_1,veh_type_cond_2,lum_code,agg_code,int_code,atm_code,col_code
202400034606,2024-06-19 06:30:00,2024,6,19,6,30,75,75113,AVENUE DE FRANCE,48.83137,2.375765,Plein jour,En agglomération,Intersection en X,Normale,Autre collision,4,1,1,0,1,1,1,0,1,30,1,2,0,0,0,2,27.0,,voiture,,1,2,2,1,6
202400034607,2024-10-31 21:15:00,2024,10,31,21,15,80,80630,D901,49.781652,1.982431,Nuit sans éclairage public,Hors agglomération,Hors intersection,Brouillard / fumée,Sans collision,3,2,2,0,2,1,1,0,1,80,1,2,1,1,0,0,,,utilitaire_camion,,3,1,1,5,7
202400034608,2024-06-20 19:00:00,2024,6,20,19,0,75,75111,RUE SAINT MAUR,48.863576,2.378964,Plein jour,En agglomération,Intersection en T,Temps couvert,Deux véhicules - frontale,4,1, -1,-1,1,1,1,0,1,30,2,2,1,0,0,1,45.0,33.0,utilitaire_camion,deux_roues,1,2,3,8,1
202400034608,2024-06-20 19:00:00,2024,6,20,19,0,75,75111,RUE SAINT MAUR,48.863576,2.378964,Plein jour,En agglomération,Intersection en T,Temps couvert,Deux véhicules - frontale,4,2,2,2,1,1,1,0,1,30,2,2,1,0,0,1,45.0,33.0,utilitaire_camion,deux_roues,1,2,3,8,1
202400034609,2024-06-20 11:50:00,2024,6,20,11,50,75,75120,RUE DE BELLEVILLE,48.873095,2.380922,Plein jour,En agglomération,Hors intersection,Normale,Autre collision,4,2,2,3,2,1,1,0,1,50,1,2,1,0,0,1,30.0,,transport_commun,,1,2,1,1,6
202400034610,2024-11-08 18:40:00,2024,11,8,18,40,62,62288,D189,50.67291263,2.28478827,Nuit avec éclairage allumé,En agglomération,Hors intersection,Normale,Deux véhicules - côté,3,2,2,0,2,1,1,0,1,50,2,3,2,0,0,1,21.0,37.0,voiture,voiture,5,2,1,1,3
202400034611,2024-06-19 11:25:00,2024,6,19,11,25,75,75120,PLACE DU MAQUIS DU VERCORS,48.877938,2.409505,Plein jour,En agglomération,Place,Normale,Deux véhicules - côté,4,1, -1,-1,1,1,1,0,1,-1,2,2,1,0,0,1,56.0,54.0,voiture,voiture,1,2,7,1,3
202400034611,2024-06-19 11:25:00,2024,6,19,11,25,75,75120,PLACE DU MAQUIS DU VERCORS,48.877938,2.409505,Plein jour,En agglomération,Place,Normale,Deux véhicules - côté,4,1,2,0,1,1,1,0,1,30,2,2,1,0,0,1,56.0,54.0,voiture,voiture,1,2,7,1,3
202400034612,2024-11-09 19:35:00,2024,11,9,19,35,59,59222,rue nationale,50.46626,3.137997,Nuit avec éclairage allumé,Hors agglomération,Hors intersection,Temps couvert,Autre collision,3,2,2,0,1,1,2,0,3,80,1,1,0,0,0,1,65.0,,voiture,,5,1,1,8,6
202400034613,2024-06-19 21:30:00,2024,6,19,21,30,75,75119,BOULEVARD D INDOCHINE,48.886268,2.396334,Plein jour,En agglomération,Place,Normale,Deux véhicules - frontale,4,2,5,0,1,1,1,0,1,30,2,2,1,0,0,1,31.0,47.0,deux_roues,voiture,1,2,7,1,1
202400034613,2024-06-19 21:30:00,2024,6,19,21,30,75,75119,BOULEVARD D INDOCHINE,48.886268,2.396334,Plein jour,En agglomération,Place,Normale,Deux véhicules - frontale,4,2, -1,-1,1,1,1,0,1,-1,2,2,1,0,0,1,31.0,47.0,deux_roues,voiture,1,2,7,1,1
202400034614,2024-06-20 05:15:00,2024,6,20,5,15,75,75118,RUE MARX DORMOY,48.884509,2.359432,Plein jour,En agglomération,Intersection en T,Normale,Deux véhicules - côté,4,2, -1,0,1,1,1,0,1,30,2,2,1,0,0,1,28.0,36.0,utilitaire_camion,deux_roues,1,2,3,1,3
202400034614,2024-06-20 05:15:00,2024,6,20,5,15,75,75118,RUE MARX DORMOY,48.884509,2.359432,Plein jour,En agglomération,Intersection en T,Normale,Deux véhicules - côté,4,2,2,0,1,1,1,0,1,30,2,2,1,0,0,1,28.0,36.0,utilitaire_camion,deux_roues,1,2,3,1,3
202400034615,2024-11-08 16:55:00,2024,11,8,16,55,13,13213,A507 sens Marseille - Aubagne,43.33043277,5.40558457,Nuit avec éclairage allumé,Hors agglomération,Hors intersection,Pluie légère,Deux véhicules - arrière,1,1,3,0,2,1,2,1,1,70,2,2,1,0,0,1,29.0,35.0,voiture,voiture,5,1,1,2,2
202400034616,2024-06-20 17:05:00,2024,6,20,17,5,75,75116,AVENUE DE NEW YORK,48.862192,2.293113,Plein jour,En agglomération,Intersection en T,Normale,Deux véhicules - arrière,4,-1,2,0,1,1,1,0,1,30,2,2,1,0,0,1,21.0,48.0,deux_roues,voiture,1,2,3,1,2
202400034616,2024-06-20 17:05:00,2024,6,20,17,5,75,75116,AVENUE DE NEW YORK,48.862192,2.293113,Plein jour,En agglomération,Intersection en T,Normale,Deux véhicules - arrière,4,1, -1,-1,1,1,1,0,1,30,2,2,1,0,0,1,21.0,48.0,deux_roues,voiture,1,2,3,1,2
202400034617,2024-11-08 00:35:00,2024,11,8,0,35,13,13015,A515CD-Gardanne vers A51-Marseille,43.42876,5.4011,Nuit sans éclairage public,Hors agglomération,Hors intersection,Normale,Sans collision,1,1,2,0,2,2,1,0,1,90,1,1,0,0,0,1,25.0,,voiture,,3,1,1,1,7
202400034618,2024-06-19 14:10:00,2024,6,19,14,10,75,75114,BOULEVARD JOURDAN,48.822539,2.328941,Plein jour,En agglomération,Hors intersection,Normale,Deux véhicules - côté,4,2,6,1,2,1,1,-1,5,50,2,2,1,0,0,1,29.0,60.0,deux_roues,voiture,1,2,1,1,3
202400034619,2024-06-20 11:00:00,2024,6,20,11,0,75,75110,RUE DU FAUBOURG POISSONNIERE,48.874926,2.348104,Plein jour,En agglomération,Hors intersection,Normale,Autre collision,4,1,1,0,1,1,1,0,1,30,1,2,1,0,0,1,,,deux_roues,,1,2,1,1,6
202400034620,2024-11-06 12:30:00,2024,11,6,12,30,13,13005,A50 - Sens Aubagne vers Marseille,43.27733491,5.58710982,Plein jour,Hors agglomération,Hors intersection,Pluie forte,Deux véhicules - arrière,1,1,3,0,1,3,2,0,1,90,2,3,2,0,0,1,22.0,46.0,voiture,utilitaire_camion,1,1,1,3,2
202400034621,2024-06-20 12:15:00,2024,6,20,12,15,75,75107,AVENUE DE SUFFREN,48.85666,2.29242,Plein jour,En agglomération,Hors intersection,Normale,Deux véhicules - côté,4,2,2,0,1,1,1,0,1,30,2,2,1,0,0,1,42.0,37.0,voiture,deux_roues,1,2,1,1,3
202400034622,2024-11-06 12:30:00,2024,11,6,12,30,13,13005,A50 - Sens Aubagne vers Marseille,43.27733491,5.58710982,Plein jour,Hors agglomération,Hors intersection,Pluie forte,Autre collision,1,1,3,0,1,3,2,0,1,90,1,1,0,0,0,1,27.0,,voiture,,1,1,1,3,6
202400034623,2024-06-20 09:05:00,2024,6,20,9,5,75,75101,RUE DE TURBIGO,48.863557,2.347429,Plein jour,En agglomération,Intersection en T,Normale,Deux véhicules - arrière,4,1,1,0,1,1,1,0,1,30,2,2,1,0,0,1,24.0,62.0,utilitaire_camion,deux_roues,1,2,3,1,2
202400034623,2024-06-20 09:05:00,2024,6,20,9,5,75,75101,RUE DE TURBIGO,48.863557,2.347429,Plein jour,En agglomération,Intersection en T,Normale,Deux véhicules - arrière,4,1,1,0,1,1,1,0,1,30,2,2,1,0,0,1,24.0,62.0,utilitaire_camion,deux_roues,1,2,3,1,2
202400034624,2024-06-20 09:00:00,2024,6,20,9,0,75,75101,RUE ETIENNE MARCEL,48.86529,2.343117,Plein jour,En agglomération,Intersection en X,Normale,Deux véhicules - côté,4,2,4,3,1,1,1,0,1,30,2,2,1,0,0,1,46.0,61.0,utilitaire_camion,deux_roues,1,2,2,1,3
202400034624,2024-06-20 09:00:00,2024,6,20,9,0,75,75101,RUE ETIENNE MARCEL,48.86529,2.343117,Plein jour,En agglomération,Intersection en X,Normale,Deux véhicules - côté,4,2,3,2,1,1,1,0,1,30,2,2,1,0,0,1,46.0,61.0,utilitaire_camion,deux_roues,1,2,2,1,3
202400034625,2024-06-20 20:00:00,2024,6,20,20,0,94,94046,36 Avenue de la Liberté,48.793903,2.430722,Plein jour,En agglomération,Hors intersection,Normale,Autre collision,4,1,1,0,1,1,1,0,1,50,1,2,1,0,0,1,53.0,,voiture,,1,2,1,1,6
202400034626,2024-11-06 08:30:00,2024,11,6,8,30,13,13005,A50-Sens Aubagne vers Marseille,43.28542,5.52696,Plein jour,Hors agglomération,Hors intersection,Pluie légère,Trois véhicules et plus - collisions multiples,1,1,3,0,1,1,2,0,1,90,3,3,2,0,0,1,35.0,19.0,voiture,voiture,1,1,1,2,5
202400034627,2024-06-19 11:30:00,2024,6,19,11,30,94,94041,Avenue Georges Gosnat / Avenue Spinoza,48.81321,2.38827,Plein jour,En agglomération,Intersection en X,Normale,Deux véhicules - arrière,3,2,2,0,1,1,1,0,1,50,2,2,1,0,0,1,68.0,63.0,utilitaire_camion,voiture,1,2,2,1,2
202400034627,2024-06-19 11:30:00,2024,6,19,11,30,94,94041,Avenue Georges Gosnat / Avenue Spinoza,48.81321,2.38827,Plein jour,En agglomération,Intersection en X,Normale,Deux véhicules - arrière,3,1,1,0,1,1,1,0,1,-1,2,2,1,0,0,1,68.0,63.0,utilitaire_camion,voiture,1,2,2,1,2
202400034628,2024-11-06 09:00:00,2024,11,6,9,0,13,13005,A50 - Sens Aubagne vers Marseille,43.26872039,5.58802041,Plein jour,Hors agglomération,Hors intersection,Pluie forte,Autre collision,1,1,2,0,2,2,2,0,1,90,1,1,0,0,0,1,25.0,,voiture,,1,1,1,3,6
202400034629,2024-06-20 17:59:00,2024,6,20,17,59,94,94017,Avenue Marx Dormoy / Rue de Bry,48.80631,2.53024,Plein jour,En agglomération,Intersection en X,Normale,Deux véhicules - côté,3,3,3,0,2,1,1,0,1,50,2,3,1,0,0,2,44.0,26.0,voiture,deux_roues,1,2,2,1,3
202400034629,2024-06-20 17:59:00,2024,6,20,17,59,94,94017,Avenue Marx Dormoy / Rue de Bry,48.80631,2.53024,Plein jour,En agglomération,Intersection en X,Normale,Deux véhicules - côté,3,2,1,0,1,1,1,0,1,50,2,3,1,0,0,2,44.0,26.0,voiture,deux_roues,1,2,2,1,3
202400034630,2024-11-06 08:00:00,2024,11,6,8,0,13,13212,A507 sens Marseille - Aubagne,43.289,5.42446,Plein jour,Hors agglomération,Hors intersection,Pluie légère,Sans collision,1,1,4,0,1,1,2,1,1,70,1,1,0,0,0,1,19.0,,deux_roues,,1,1,1,2,7
202400034631,2024-06-20 08:20:00,2024,6,20,8,20,94,94071,Avenue Georges Pompidou,48.77123261,2.52320123,Plein jour,En agglomération,Hors intersection,Pluie légère,Deux véhicules - arrière,3,3,4,0,1,1,2,0,1,50,2,2,1,0,0,1,29.0,39.0,voiture,utilitaire_camion,1,2,1,2,2
202400034632,2024-06-20 16:00:00,2024,6,20,16,0,93,93073,Rue Paul Langevin,48.95284,2.56392,Plein jour,En agglomération,Hors intersection,Normale,Autre collision,4,2,2,0,1,1,1,0,1,50,1,2,1,0,0,1,37.0,,voiture,,1,2,1,1,6
202400034633,2024-11-08 07:40:00,2024,11,8,7,40,33,33397,,44.918379,-0.476707,Crépuscule ou aube,Hors agglomération,Hors intersection,Normale,Deux véhicules - côté,1,3,6,0,2,1,1,0,1,110,2,2,1,0,0,1,54.0,46.0,voiture,deux_roues,2,1,1,1,3
202400034634,2024-06-16 17:46:00,2024,6,16,17,46,93,93053,Rue du Parc / Avenue de Bobigny,48.895522,2.443375,Plein jour,En agglomération,Intersection en T,Normale,Sans collision,3,3,2,3,2,1,1,8,1,50,1,2,0,0,2,0,72.0,,deux_roues,,1,2,3,1,7
202400034634,2024-06-16 17:46:00,2024,6,16,17,46,93,93053,Rue du Parc / Avenue de Bobigny,48.895522,2.443375,Plein jour,En agglomération,Intersection en T,Normale,Sans collision,3,2,2,2,1,1,1,0,1,50,1,2,0,0,2,0,72.0,,deux_roues,,1,2,3,1,7
202400034635,2024-06-19 23:50:00,2024,6,19,23,50,93,93046,Avenue Aristide Briand,48.91495,2.52776,Nuit avec éclairage allumé,En agglomération,Hors intersection,Normale,Deux véhicules - arrière,3,3,4,0,1,1,1,0,1,50,2,3,1,0,0,2,27.0,70.0,utilitaire_camion,voiture,5,2,1,1,2
202400034636,2024-06-20 09:00:00,2024,6,20,9,0,93,93014,Allée Romain Rolland,48.904654,2.552716,Plein jour,En agglomération,Hors intersection,Normale,Deux véhicules - arrière,4,1,1,2,1,1,1,0,4,50,2,2,1,0,0,1,49.0,30.0,utilitaire_camion,deux_roues,1,2,1,1,2
202400034637,2024-11-08 18:00:00,2024,11,8,18,0,92,92002,N385,48.76029591,2.28932708,Nuit sans éclairage public,Hors agglomération,Hors intersection,Normale,Trois véhicules et plus - en chaîne,2,3,2,0,2,2,2,0,1,70,4,6,4,0,0,2,56.0,43.0,utilitaire_camion,voiture,3,1,1,1,4
202400034638,2024-06-20 16:40:00,2024,6,20,16,40,92,92075,JEAN BLEUZEN (RUE),48.82283574,2.29536885,Plein jour,En agglomération,Hors intersection,Normale,Deux véhicules - côté,3,2,2,0,1,1,1,0,1,50,2,2,1,0,1,0,,47.0,deux_roues,deux_roues,1,2,1,1,3
202400034639,2024-06-20 23:00:00,2024,6,20,23,0,92,92044,ARISTIDE BRIAND(RUE)85 +  ET  98+,48.89361965,2.29112846,Nuit avec éclairage allumé,En agglomération,Intersection en X,Normale,Deux véhicules - côté,4,1,2,3,1,1,1,0,1,50,2,2,1,0,0,1,18.0,24.0,deux_roues,voiture,5,2,2,1,3
202400034639,2024-06-20 23:00:00,2024,6,20,23,0,92,92044,ARISTIDE BRIAND(RUE)85 +  ET  98+,48.89361965,2.29112846,Nuit avec éclairage allumé,En agglomération,Intersection en X,Normale,Deux véhicules - côté,4,1,1,1,1,1,1,0,1,50,2,2,1,0,0,1,18.0,24.0,deux_roues,voiture,5,2,2,1,3
202400034640,2024-11-08 18:10:00,2024,11,8,18,10,78,78073,RN12 INT,48.79921,1.9955,Nuit sans éclairage public,Hors agglomération,Hors intersection,Normale,Deux véhicules - arrière,2,1,3,0,1,1,1,0,1,110,2,2,1,0,0,1,51.0,36.0,deux_roues,voiture,3,1,1,1,2
202400034641,2024-06-20 11:09:00,2024,6,20,11,9,92,92040,VICTOR CRESSON (AVENUE) DU 42 AU 94,48.82120034,2.26133251,Plein jour,En agglomération,Intersection en Y,Normale,Deux véhicules - côté,3,1,2,0,1,2,1,0,1,30,2,2,1,0,0,1,40.0,60.0,utilitaire_camion,deux_roues,1,2,4,1,3
202400034641,2024-06-20 11:09:00,2024,6,20,11,9,92,92040,VICTOR CRESSON (AVENUE) DU 42 AU 94,48.82120034,2.26133251,Plein jour,En agglomération,Intersection en Y,Normale,Deux véhicules - côté,3,1,2,0,1,2,1,0,1,30,2,2,1,0,0,1,40.0,60.0,utilitaire_camion,deux_roues,1,2,4,1,3
202400034642,2024-11-08 19:10:00,2024,11,8,19,10,92,92048,N118,48.79826952,2.21648752,Nuit sans éclairage public,Hors agglomération,Hors intersection,Normale,Deux véhicules - côté,2,1,3,0,1,1,1,0,1,90,2,3,2,0,0,1,47.0,28.0,deux_roues,voiture,3,1,1,1,3
202400034643,2024-06-20 09:20:00,2024,6,20,9,20,92,92035,République ( boulevard de la ),48.90699,2.24347,Plein jour,En agglomération,Intersection en X,Normale,Deux véhicules - frontale,3,1,4,0,1,1,1,0,1,50,2,2,0,0,0,2,30.0,21.0,deux_roues,deux_roues,1,2,2,1,1
202400034643,2024-06-20 09:20:00,2024,6,20,9,20,92,92035,République ( boulevard de la ),48.90699,2.24347,Plein jour,En agglomération,Intersection en X,Normale,Deux véhicules - frontale,3,2,4,0,1,1,1,0,1,50,2,2,0,0,0,2,30.0,21.0,deux_roues,deux_roues,1,2,2,1,1
202400034644,2024-06-20 18:30:00,2024,6,20,18,30,92,92002,LAVOISIER (AVENUE),48.74863538,2.31272525,Plein jour,En agglomération,Hors intersection,Normale,Autre collision,4,2,1,1,1,1,1,6,1,30,1,2,1,0,0,1,32.0,,voiture,,1,2,1,1,6
202400034645,2024-11-08 12:55:00,2024,11,8,12,55,92,92025,A86,48.92201331,2.22672771,Plein jour,Hors agglomération,Hors intersection,Normale,Deux véhicules - arrière,1,3,2,0,1,1,1,0,1,90,2,2,1,0,0,1,46.0,29.0,voiture,deux_roues,1,1,1,1,2
202400034646,2024-06-21 15:56:00,2024,6,21,15,56,35,35013,La Duchenerie,47.706592,-2.054186,Plein jour,Hors agglomération,Intersection en X,Normale,Deux véhicules - côté,3,2,2,0,1,1,1,0,1,70,2,2,0,0,1,1,23.0,62.0,voiture,utilitaire_camion,1,1,2,1,3
202400034646,2024-06-21 15:56:00,2024,6,21,15,56,35,35013,La Duchenerie,47.706592,-2.054186,Plein jour,Hors agglomération,Intersection en X,Normale,Deux véhicules - côté,3,2,2,0,1,1,1,0,1,50,2,2,0,0,1,1,23.0,62.0,voiture,utilitaire_camion,1,1,2,1,3
202400034647,2024-11-07 23:05:00,2024,11,7,23,5,78,78646,RN12 EXT,48.783065,2.159894,Nuit sans éclairage public,Hors agglomération,Hors intersection,Normale,Deux véhicules - côté,2,3,4,0,1,1,1,0,1,90,2,2,1,0,0,1,62.0,36.0,deux_roues,utilitaire_camion,3,1,1,1,3
202400034648,2024-06-21 18:30:00,2024,6,21,18,30,38,38114,D37b,45.414407,4.769896,Plein jour,Hors agglomération,Hors intersection,Normale,Deux véhicules - arrière,3,2,2,0,2,2,1,2,1,70,2,2,1,0,1,0,49.0,32.0,voiture,utilitaire_camion,1,1,1,1,2
202400034649,2024-06-20 11:00:00,2024,6,20,11,0,41,41144,Rue de la Vallée,47.486092,1.114005,Plein jour,En agglomération,Hors intersection,Normale,Autre collision,3,2,2,0,2,3,1,0,3,-1,1,2,1,0,0,1,37.0,,voiture,,1,2,1,1,6
202400034650,2024-06-21 07:00:00,2024,6,21,7,0,31,31418,Route de Laganne,43.62072077,1.54785186,Plein jour,Hors agglomération,Hors intersection,Normale,Deux véhicules - frontale,4,2,2,0,1,1,1,0,1,80,2,2,1,0,0,1,32.0,50.0,voiture,voiture,1,1,1,1,1
202400034651,2024-11-07 18:00:00,2024,11,7,18,0,78,78321,RN12 INT,48.797114,1.909175,Nuit avec éclairage allumé,Hors agglomération,Hors intersection,Normale,Deux véhicules - côté,2,-1,2,0,1,1,1,1,1,90,2,3,2,0,0,1,40.0,49.0,deux_roues,utilitaire_camion,5,1,1,1,3
202400034652,2024-06-21 07:55:00,2024,6,21,7,55,68,68249,Les Allagouttes,48.140003,7.183471,Plein jour,En agglomération,Hors intersection,Pluie légère,Deux véhicules - frontale,4,2,2,0,2,1,2,0,1,50,2,2,1,0,0,1,19.0,45.0,deux_roues,voiture,1,2,1,2,1
202400034653,2024-06-20 22:30:00,2024,6,20,22,30,35,35063,,48.3146,-1.34059,Nuit sans éclairage public,Hors agglomération,Hors intersection,Normale,Autre collision,1,3,4,0,1,1,2,0,1,130,1,2,0,0,1,1,22.0,,deux_roues,,3,1,1,1,6
202400034654,2024-11-08 16:00:00,2024,11,8,16,0,93,93007,AUTOROUTE A3,48.93542559,2.4803821,Plein jour,Hors agglomération,Autre intersection,Normale,Deux véhicules - arrière,1,3,6,0,1,1,1,0,1,110,2,3,1,0,2,0,30.0,56.0,deux_roues,voiture,1,1,9,1,2
202400034655,2024-06-21 16:25:00,2024,6,21,16,25,44,44138,,47.521704,-1.640133,Plein jour,Hors agglomération,Hors intersection,Normale,Deux véhicules - arrière,2,3,4,0,1,1,1,0,1,110,2,2,1,0,0,1,31.0,54.0,voiture,utilitaire_camion,1,1,1,1,2
202400034656,2024-06-21 08:00:00,2024,6,21,8,0,22,22032,Le Bois de la Haie,48.278752,-2.167332,Plein jour,Hors agglomération,Hors intersection,Normale,Sans collision,3,2,2,0,1,1,1,0,3,80,1,1,0,0,0,1,17.0,,deux_roues,,1,1,1,1,7
202400034657,2024-11-08 12:20:00,2024,11,8,12,20,93,93005,AUTOROUTE A3,48.95280378,2.47375002,Plein jour,Hors agglomération,Hors intersection,Normale,Sans collision,1,1,8,0,2,2,1,3,1,70,1,2,0,0,0,2,24.0,,deux_roues,,1,1,1,1,7
202400034658,2024-06-20 14:40:00,2024,6,20,14,40,34,34077,départementale 109,43.670014,3.901756,Plein jour,Hors agglomération,Hors intersection,Pluie légère,Sans collision,7,2,2,0,1,1,2,0,8,70,1,1,0,0,1,0,26.0,,voiture,,1,1,1,2,7
202400034659,2024-06-18 16:30:00,2024,6,18,16,30,57,57321,Rue des Vosges,48.69280512,7.04727716,Plein jour,En agglomération,Hors intersection,Normale,Deux véhicules - côté,3,2,2,0,1,1,1,0,1,50,2,2,1,0,1,0,81.0,9.0,voiture,deux_roues,1,2,1,1,3
202400034660,2024-11-08 09:30:00,2024,11,8,9,30,93,93005,AUTOROUTE A3,48.95088858,2.47455129,Plein jour,Hors agglomération,Hors intersection,Pluie légère,Deux véhicules - arrière,1,3,3,0,1,1,2,0,1,90,2,2,1,0,0,1,35.0,51.0,voiture,voiture,1,1,1,2,2
202400034661,2024-06-20 17:00:00,2024,6,20,17,0,67,67315,D468,48.951951,8.119444,Plein jour,En agglomération,Autre intersection,Normale,Deux véhicules - côté,3,3,2,0,2,1,1,0,4,50,2,2,1,0,0,1,16.0,63.0,deux_roues,voiture,1,2,9,1,3
202400034662,2024-06-21 16:40:00,2024,6,21,16,40,76,76463,D1,49.427378,1.679359,Plein jour,Hors agglomération,Hors intersection,Normale,Sans collision,3,2,2,0,1,1,1,0,3,80,1,1,0,1,0,0,22.0,,utilitaire_camion,,1,1,1,1,7
202400034663,2024-11-08 22:00:00,2024,11,8,22,0,94,94046,A86,48.80379653,2.44831042,Nuit sans éclairage public,Hors agglomération,Hors intersection,Normale,Deux véhicules - arrière,1,1,4,0,1,1,1,0,1,90,2,2,1,0,0,1,22.0,29.0,voiture,deux_roues,3,1,1,1,2
202400034664,2024-06-21 12:45:00,2024,6,21,12,45,80,80127,D1015,50.035519,1.479421,Plein jour,Hors agglomération,Hors intersection,Normale,Autre collision,3,2,2,0,1,1,1,0,3,80,1,1,0,1,0,0,89.0,,voiture,,1,1,1,1,6
202400034665,2024-06-20 18:34:00,2024,6,20,18,34,65,65279,route d'espagne D929,43.038064,0.369584,Plein jour,En agglomération,Hors intersection,Pluie légère,Autre collision,3,2,2,0,1,1,2,0,3,70,1,1,0,0,1,0,75.0,,voiture,,1,2,1,2,6
202400034666,2024-06-20 17:15:00,2024,6,20,17,15,33,33108,,44.855017,-0.037964,Plein jour,En agglomération,Hors intersection,Normale,Deux véhicules - frontale,4,2,2,0,1,1,1,0,1,50,2,4,1,0,2,1,67.0,60.0,voiture,utilitaire_camion,1,2,1,1,1
202400034667,2024-11-08 16:40:00,2024,11,8,16,40,77,77373,RN104,48.79440003,2.62048098,Plein jour,Hors agglomération,Hors intersection,Normale,Trois véhicules et plus - en chaîne,2,-1,3,0,1,1,1,0,1,90,3,3,2,0,0,1,48.0,22.0,utilitaire_camion,voiture,1,1,1,1,4
202400034668,2024-06-10 18:40:00,2024,6,10,18,40,89,89449,D606,48.335409,3.083376,Plein jour,En agglomération,Intersection en X,Normale,Deux véhicules - arrière,3,2,3,0,1,1,2,0,1,70,2,2,1,0,0,1,38.0,53.0,voiture,utilitaire_camion,1,2,2,1,2
202400034668,2024-06-10 18:40:00,2024,6,10,18,40,89,89449,D606,48.335409,3.083376,Plein jour,En agglomération,Intersection en X,Normale,Deux véhicules - arrière,3,2,2,-1,1,1,2,0,1,50,2,2,1,0,0,1,38.0,53.0,voiture,utilitaire_camion,1,2,2,1,2
202400034669,2024-06-20 19:51:00,2024,6,20,19,51,63,63207,D906,45.64549586,3.68308816,Crépuscule ou aube,Hors agglomération,Hors intersection,Pluie forte,Autre collision,3,2,2,0,1,3,2,0,3,90,1,1,0,0,1,0,20.0,,voiture,,2,1,1,3,6
202400034670,2024-07-14 11:35:00,2024,7,14,11,35,86,86031,Route des 4 Vallées,46.602271,0.594141,Plein jour,Hors agglomération,Hors intersection,Normale,Sans collision,3,2,2,0,2,1,1,0,1,80,1,4,3,0,1,0,15.0,,voiture,,1,1,1,1,7
202400034671,2024-06-21 08:40:00,2024,6,21,8,40,61,61145,23bis Rue du Maréchal Joffre,48.591426,-0.638196,Plein jour,En agglomération,Intersection en X,Temps éblouissant,Autre collision,3,2,2,0,2,1,1,0,1,50,1,2,1,0,0,1,61.0,,voiture,,1,2,2,7,6
202400034671,2024-06-21 08:40:00,2024,6,21,8,40,61,61145,23bis Rue du Maréchal Joffre,48.591426,-0.638196,Plein jour,En agglomération,Intersection en X,Temps éblouissant,Autre collision,3,2, -1,0,3,3,1,0,1,50,1,2,1,0,0,1,61.0,,voiture,,1,2,2,7,6
202400034672,2024-08-13 02:52:00,2024,8,13,2,52,34,34057,1044 Avenue de l?Europe,43.631175,3.908821,Nuit avec éclairage allumé,En agglomération,Giratoire,Normale,Sans collision,4,3,1,0,1,3,1,0,8,30,1,1,0,0,0,1,22.0,,voiture,,5,2,6,1,7
202400034673,2024-06-21 08:00:00,2024,6,21,8,0,49,49364,Lieu dit Champagne,47.143168,-0.231972,Plein jour,Hors agglomération,Hors intersection,Normale,Deux véhicules - frontale,4,2,2,0,1,1,1,0,1,80,2,2,1,0,1,0,15.0,33.0,deux_roues,voiture,1,1,1,1,1
202400034674,2024-06-21 13:45:00,2024,6,21,13,45,12,12088,D900,44.640124,2.885993,Plein jour,Hors agglomération,Hors intersection,Temps couvert,Sans collision,3,2,2,0,2,3,2,2,3,90,1,1,0,0,1,0,68.0,,deux_roues,,1,1,1,8,7
202400034675,2024-11-07 16:50:00,2024,11,7,16,50,988,98818,ROUTE DE L'ANSE VATA/RUE SANTOS DUMONT,-22.28824,166.44802,Plein jour,En agglomération,Intersection en T,Normale,Trois véhicules et plus - collisions multiples,4,2,2,0,1,1,1,0,1,50,3,5,3,0,1,1,63.0,26.0,deux_roues,utilitaire_camion,1,2,3,1,5
202400034675,2024-11-07 16:50:00,2024,11,7,16,50,988,98818,ROUTE DE L'ANSE VATA/RUE SANTOS DUMONT,-22.28824,166.44802,Plein jour,En agglomération,Intersection en T,Normale,Trois véhicules et plus - collisions multiples,4,2,2,0,2,1,1,0,1,50,3,5,3,0,1,1,63.0,26.0,deux_roues,utilitaire_camion,1,2,3,1,5
202400034676,2024-06-21 09:10:00,2024,6,21,9,10,46,46282,LE Suc,44.770944,1.986873,Plein jour,Hors agglomération,Intersection en T,Pluie légère,Deux véhicules - côté,3,2,2,0,2,1,2,0,1,80,2,4,3,0,1,0,34.0,78.0,voiture,voiture,1,1,3,2,3
202400034676,2024-06-21 09:10:00,2024,6,21,9,10,46,46282,LE Suc,44.770944,1.986873,Plein jour,Hors agglomération,Intersection en T,Pluie légère,Deux véhicules - côté,3,2,2,0,1,3,2,0,1,80,2,4,3,0,1,0,34.0,78.0,voiture,voiture,1,1,3,2,3
202400034677,2024-11-08 01:05:00,2024,11,8,1,5,974,97416,BADAMIER (CHEMIN),-21.32856,55.45916,Nuit sans éclairage public,Hors agglomération,Hors intersection,Normale,Sans collision,4,-1,2,0,2,3,2,0,1,70,1,2,0,0,0,2,20.0,,voiture,,3,1,1,1,7