accident_id,datetime,annee,mois,jour,heure,minute,departement,commune_insee,adresse,latitude,longitude,luminosite,agglomeration,intersection,meteo,collision,catr,circ,nbv,vosp,prof,plan,surf,infra,situ,vma,nb_vehicules,nb_usagers,nb_indemnes,nb_tues,nb_blesses_hosp,nb_blesses_legers,age_cond_1,age_cond_2,veh_type_cond_1,veh_type_cond_2,lum_code,agg_code,int_code,atm_code,col_code
202400034678,2024-06-20 08:11:00,2024,6,20,8,11,47,47127,D666,44.34648801,0.40381569,Plein jour,Hors agglomération,Hors intersection,Pluie légère,Autre collision,3,2,2,0,1,1,2,0,1,80,1,2,1,1,0,0,61.0,,utilitaire_camion,,1,1,1,2,6
202400034679,2024-11-07 09:15:00,2024,11,7,9,15,974,97411,EUCALYPTUS (ROUTE DES),-20.88634,55.43355,Plein jour,En agglomération,Intersection en T,Normale,Deux véhicules - côté,3,2,2,0,3,2,1,0,1,50,2,2,1,0,0,1,36.0,45.0,utilitaire_camion,utilitaire_camion,1,2,3,1,3
202400034679,2024-11-07 09:15:00,2024,11,7,9,15,974,97411,EUCALYPTUS (ROUTE DES),-20.88634,55.43355,Plein jour,En agglomération,Intersection en T,Normale,Deux véhicules - côté,3,2,2,0,1,1,1,0,1,50,2,2,1,0,0,1,36.0,45.0,utilitaire_camion,utilitaire_camion,1,2,3,1,3
202400034680,2024-06-18 01:30:00,2024,6,18,1,30,47,47253,D289,44.412398,0.148297,Nuit avec éclairage allumé,En agglomération,Intersection en X,Normale,Deux véhicules - côté,3,2,2,0,1,1,1,0,1,50,2,2,0,0,1,1,40.0,40.0,voiture,voiture,5,2,2,1,3
202400034680,2024-06-18 01:30:00,2024,6,18,1,30,47,47253,D289,44.412398,0.148297,Nuit avec éclairage allumé,En agglomération,Intersection en X,Normale,Deux véhicules - côté,3,2,2,0,2,4,1,0,1,50,2,2,0,0,1,1,40.0,40.0,voiture,voiture,5,2,2,1,3
202400034681,2024-11-07 15:30:00,2024,11,7,15,30,974,97407,COMMUNE DE PARIS (AVENUE),-20.93681,55.29103,Plein jour,En agglomération,Hors intersection,Normale,Deux véhicules - côté,4,1,1,1,1,1,1,0,1,50,2,2,1,0,0,1,55.0,16.0,utilitaire_camion,deux_roues,1,2,1,1,3
202400034682,2024-06-20 19:46:00,2024,6,20,19,46,22,22015,La Plesse,48.397605,-2.593657,Plein jour,Hors agglomération,Hors intersection,Normale,Deux véhicules - côté,4,2,2,0,1,1,1,0,1,50,2,2,1,0,1,0,8.0,41.0,deux_roues,voiture,1,1,1,1,3
202400034683,2024-11-06 15:15:00,2024,11,6,15,15,974,97407,MONDON (AVENUE),-20.93,55.3,Plein jour,En agglomération,Hors intersection,Normale,Autre collision,4,2,2,0,1,1,1,0,1,50,1,1,0,0,0,1,37.0,,voiture,,1,2,1,1,6
202400034684,2024-06-20 15:35:00,2024,6,20,15,35,31,31246,D817,43.112247,0.853516,Plein jour,Hors agglomération,Hors intersection,Pluie forte,Deux véhicules - côté,3,2,2,0,1,1,2,0,1,80,2,2,0,1,0,1,87.0,40.0,utilitaire_camion,voiture,1,1,1,3,3
202400034685,2024-11-07 19:30:00,2024,11,7,19,30,973,97302,MATOURY (RUE),4.93258515,-52.32124749,Nuit avec éclairage allumé,En agglomération,Intersection en T,Normale,Deux véhicules - côté,4,2,2,0,1,1,1,0,1,50,2,2,1,0,0,1,51.0,15.0,voiture,deux_roues,5,2,3,1,3
202400034686,2024-06-20 12:55:00,2024,6,20,12,55,38,38034,Avenue d?Auenwald,45.340116,5.049138,Plein jour,En agglomération,Intersection en T,Normale,Deux véhicules - côté,3,2,2,0,1,2,1,0,1,50,2,2,1,0,0,1,33.0,38.0,utilitaire_camion,deux_roues,1,2,3,1,3
202400034686,2024-06-20 12:55:00,2024,6,20,12,55,38,38034,Avenue d?Auenwald,45.340116,5.049138,Plein jour,En agglomération,Intersection en T,Normale,Deux véhicules - côté,3,2,2,0,1,1,1,0,1,50,2,2,1,0,0,1,33.0,38.0,utilitaire_camion,deux_roues,1,2,3,1,3
202400034687,2024-11-07 17:30:00,2024,11,7,17,30,973,97302,RABAN (ROUTE DE),4.92429,-52.31242,Plein jour,En agglomération,Hors intersection,Normale,Autre collision,4,2,2,0,1,1,1,6,1,50,1,2,1,0,0,1,37.0,,voiture,,1,2,1,1,6
202400034688,2024-06-20 10:50:00,2024,6,20,10,50,38,38422,Avenue des Thermes,45.142003,5.828923,Plein jour,En agglomération,Autre intersection,Pluie légère,Deux véhicules - arrière,3,2,2,0,1,1,2,0,1,30,2,3,2,0,0,1,68.0,28.0,voiture,voiture,1,2,9,2,2
202400034689,2024-06-20 15:05:00,2024,6,20,15,5,02,02336,13 Rue de Jussy,49.692227,3.214949,Plein jour,En agglomération,Hors intersection,Normale,Sans collision,4,2,2,0,3,1,1,0,1,50,1,1,0,1,0,0,79.0,,deux_roues,,1,2,1,1,7
202400034690,2024-11-07 08:10:00,2024,11,7,8,10,973,97302,ARAGO (FRANCOIS),4.93874,-52.33173,Plein jour,En agglomération,Intersection en X,Normale,Deux véhicules - côté,4,2,2,0,1,1,1,0,1,50,2,3,1,0,0,2,47.0,27.0,voiture,deux_roues,1,2,2,1,3
202400034690,2024-11-07 08:10:00,2024,11,7,8,10,973,97302,ARAGO (FRANCOIS),4.93874,-52.33173,Plein jour,En agglomération,Intersection en X,Normale,Deux véhicules - côté,4,1, -1,-1,1,1,1,0,1,-1,2,3,1,0,0,2,47.0,27.0,voiture,deux_roues,1,2,2,1,3
202400034691,2024-06-20 19:05:00,2024,6,20,19,5,90,90021,D29,47.585482,6.957838,Plein jour,Hors agglomération,Hors intersection,Normale,Deux véhicules - frontale,3,2,2,0,1,2,1,0,1,80,2,2,1,0,1,0,61.0,44.0,voiture,deux_roues,1,1,1,1,1
202400034692,2024-11-07 07:55:00,2024,11,7,7,55,973,97302,BADUEL (ROUTE DE),4.92684,-52.29136,Plein jour,En agglomération,Hors intersection,Normale,Deux véhicules - frontale,3,2,2,0,1,1,1,0,1,50,2,4,1,0,0,3,54.0,24.0,deux_roues,voiture,1,2,1,1,1
202400034693,2024-06-21 13:00:00,2024,6,21,13,0,45,45167,D3 PR 10 + 732,47.919786,1.698243,Plein jour,Hors agglomération,Hors intersection,Pluie légère,Deux véhicules - frontale,3,2,2,0,1,3,2,0,1,80,2,2,0,0,0,2,30.0,34.0,voiture,voiture,1,1,1,2,1
202400034694,2024-11-06 13:25:00,2024,11,6,13,25,973,97302,MANDELA  (BOULEVARD),4.93571,-52.32601,Plein jour,En agglomération,Hors intersection,Normale,Deux véhicules - côté,3,3,2,0,1,1,1,0,2,50,2,2,1,0,0,1,45.0,44.0,deux_roues,voiture,1,2,1,1,3
202400034695,2024-06-20 18:03:00,2024,6,20,18,3,64,64160,D932,43.364096,-1.41994,Plein jour,Hors agglomération,Hors intersection,Pluie légère,Autre collision,3,2,2,0,1,3,2,0,8,80,1,1,0,0,1,0,57.0,,utilitaire_camion,,1,1,1,2,6
202400034696,2024-11-07 19:40:00,2024,11,7,19,40,69,69387,Avenue Berthelot,45.74779,4.83383,Nuit avec éclairage allumé,En agglomération,Passage à niveau,Normale,Deux véhicules - côté,4,1,2,3,1,1,1,4,6,30,2,2,1,0,0,1,25.0,37.0,transport_commun,deux_roues,5,2,8,1,3
202400034697,2024-06-19 23:50:00,2024,6,19,23,50,53,53088,1347 route de saint-poix,47.969141,-1.094921,Nuit sans éclairage public,Hors agglomération,Hors intersection,Normale,Autre collision,3,2,2,0,1,1,2,0,1,80,1,2,1,0,1,0,22.0,,voiture,,3,1,1,1,6
202400034698,2024-11-07 17:35:00,2024,11,7,17,35,69,69387,Cours Gambetta,45.75381,4.84726,Crépuscule ou aube,En agglomération,Intersection en X,Normale,Autre collision,4,2,2,3,1,1,1,0,1,50,1,2,1,0,0,1,44.0,,deux_roues,,2,2,2,1,6
202400034698,2024-11-07 17:35:00,2024,11,7,17,35,69,69387,Cours Gambetta,45.75381,4.84726,Crépuscule ou aube,En agglomération,Intersection en X,Normale,Autre collision,4,1,1,3,1,1,1,0,1,30,1,2,1,0,0,1,44.0,,deux_roues,,2,2,2,1,6
202400034699,2024-06-19 08:50:00,2024,6,19,8,50,21,21288,D6,47.541045,4.639074,Plein jour,Hors agglomération,Hors intersection,Pluie légère,Sans collision,3,2,2,0,2,1,2,0,1,80,2,2,1,0,1,0,57.0,18.0,utilitaire_camion,deux_roues,1,1,1,2,7
202400034700,2024-11-07 07:45:00,2024,11,7,7,45,69,69387,Rue de Gerland,45.74008,4.84056,Crépuscule ou aube,En agglomération,Hors intersection,Pluie légère,Autre collision,4,2,2,0,1,1,2,6,1,30,1,2,1,0,0,1,32.0,,voiture,,2,2,1,2,6
202400034701,2024-06-21 07:55:00,2024,6,21,7,55,27,27113,D48,49.202817,0.655512,Plein jour,Hors agglomération,Intersection en X,Normale,Deux véhicules - côté,3,2,2,0,1,1,1,0,1,80,2,2,1,0,0,1,32.0,17.0,voiture,deux_roues,1,1,2,1,3
202400034701,2024-06-21 07:55:00,2024,6,21,7,55,27,27113,D48,49.202817,0.655512,Plein jour,Hors agglomération,Intersection en X,Normale,Deux véhicules - côté,3,2,2,0,1,1,1,0,1,80,2,2,1,0,0,1,32.0,17.0,voiture,deux_roues,1,1,2,1,3
202400034702,2024-11-07 09:50:00,2024,11,7,9,50,69,69389,Rue Professeur Patel,45.76716,4.79104,Plein jour,En agglomération,Hors intersection,Pluie légère,Deux véhicules - frontale,4,2,2,0,1,2,2,0,1,30,2,2,0,0,0,2,57.0,28.0,voiture,voiture,1,2,1,2,1
202400034703,2024-05-09 16:46:00,2024,5,9,16,46,28,28140,Rue des Vergers,48.60168,1.675335,Plein jour,En agglomération,Hors intersection,Normale,Autre collision,4,2,2,0,1,1,1,0,1,50,1,1,0,0,1,0,17.0,,deux_roues,,1,2,1,1,6
202400034704,2024-12-14 19:25:00,2024,12,14,19,25,95,95018,A15,48.96133067,2.2686043,Nuit sans éclairage public,Hors agglomération,Hors intersection,Normale,Trois véhicules et plus - en chaîne,1,3,4,0,1,1,1,0,1,110,4,4,3,0,0,1,41.0,54.0,voiture,utilitaire_camion,3,1,1,1,4
202400034705,2024-11-07 07:00:00,2024,11,7,7,0,971,97113,BESSON,16.23834,-61.49941,Plein jour,Hors agglomération,Hors intersection,Pluie légère,Sans collision,3,2,2,0,1,1,2,0,1,70,1,1,0,0,0,1,75.0,,utilitaire_camion,,1,1,1,2,7
202400034706,2024-06-20 21:05:00,2024,6,20,21,5,17,17447,D116,46.080754,-0.918838,Crépuscule ou aube,Hors agglomération,Autre intersection,Normale,Sans collision,3,2,2,0,1,3,1,5,1,80,1,1,0,0,1,0,53.0,,deux_roues,,2,1,9,1,7
202400034706,2024-06-20 21:05:00,2024,6,20,21,5,17,17447,D116,46.080754,-0.918838,Crépuscule ou aube,Hors agglomération,Autre intersection,Normale,Sans collision,3,2,2,-1,1,1,1,5,1,80,1,1,0,0,1,0,53.0,,deux_roues,,2,1,9,1,7
202400034707,2024-06-20 19:25:00,2024,6,20,19,25,17,17174,lieu dit boisselée,46.031679,-0.789656,Plein jour,Hors agglomération,Hors intersection,Normale,Deux véhicules - frontale,3,2,2,0,1,1,1,0,1,80,2,2,1,0,0,1,16.0,34.0,deux_roues,voiture,1,1,1,1,1
202400034708,2024-12-14 12:00:00,2024,12,14,12,0,92,92036,AUTOROUTE A15,48.94651571,2.2827709,Plein jour,Hors agglomération,Hors intersection,Normale,Trois véhicules et plus - collisions multiples,1,3,4,0,1,1,1,2,1,110,5,6,5,0,0,1,35.0,21.0,voiture,voiture,1,1,1,1,5
202400034709,2024-11-07 15:30:00,2024,11,7,15,30,2A,2A004,#MARECHAL LYAUTEY AVENUE IMPAIR#,41.93463597,8.74543905,Plein jour,En agglomération,Intersection en T,Normale,Deux véhicules - arrière,4,2,2,0,3,1,1,0,1,50,2,2,1,0,1,0,39.0,14.0,voiture,deux_roues,1,2,3,1,2
202400034709,2024-11-07 15:30:00,2024,11,7,15,30,2A,2A004,#MARECHAL LYAUTEY AVENUE IMPAIR#,41.93463597,8.74543905,Plein jour,En agglomération,Intersection en T,Normale,Deux véhicules - arrière,4,2,2,0,1,1,1,0,1,50,2,2,1,0,1,0,39.0,14.0,voiture,deux_roues,1,2,3,1,2
202400034710,2024-12-14 01:05:00,2024,12,14,1,5,93,93007,AUTOROUTE A3,48.92645976,2.48151273,Nuit avec éclairage non allumé,Hors agglomération,Autre intersection,Normale,Deux véhicules - côté,1,3,3,0,1,1,1,9,1,110,2,2,1,0,0,1,40.0,47.0,utilitaire_camion,voiture,4,1,9,1,3
202400034711,2024-06-16 09:30:00,2024,6,16,9,30,30,30133,RD 979 PR 002.000,43.541347,4.146287,Plein jour,Hors agglomération,Hors intersection,Normale,Deux véhicules - arrière,3,2,2,2,1,1,1,0,1,80,2,4,3,0,1,0,19.0,80.0,deux_roues,voiture,1,1,1,1,2
202400034712,2024-11-07 08:20:00,2024,11,7,8,20,2A,2A004,GOLFES RCE LES RUE MARTIN BORGOMANO,41.94005,8.75919,Plein jour,En agglomération,Hors intersection,Normale,Deux véhicules - frontale,5,4,1,0,1,2,1,9,8,30,2,2,1,0,0,1,69.0,16.0,voiture,deux_roues,1,2,1,1,1
202400034713,2024-06-20 11:04:00,2024,6,20,11,4,67,67389,11 Rue du Général de Gaulle,48.651092,7.751705,Plein jour,En agglomération,Autre intersection,Normale,Sans collision,7,2,2,0,1,1,1,0,1,40,1,1,0,0,1,0,83.0,,deux_roues,,1,2,9,1,7
202400034714,2024-11-07 16:30:00,2024,11,7,16,30,91,91549,CORBEIL (ROUTE DE),48.63234,2.33656,Crépuscule ou aube,En agglomération,Hors intersection,Normale,Autre collision,3,2,2,0,1,1,1,0,1,50,1,2,1,0,0,1,45.0,,utilitaire_camion,,2,2,1,1,6
202400034715,2024-12-14 01:08:00,2024,12,14,1,8,93,93010,AUTOROUTE A3,48.89196501,2.47287972,Nuit avec éclairage non allumé,Hors agglomération,Autre intersection,Normale,Deux véhicules - arrière,1,3,3,0,1,1,1,9,1,110,2,8,0,0,0,8,19.0,52.0,voiture,voiture,4,1,9,1,2
202400034716,2024-06-21 15:20:00,2024,6,21,15,20,01,01195,Autoroute A40 - PK164.900,46.219272,5.292279,Plein jour,Hors agglomération,Hors intersection,Normale,Autre collision,1,2,3,0,1,1,1,0,2,130,1,1,0,0,1,0,73.0,,voiture,,1,1,1,1,6
202400034717,2024-12-13 07:00:00,2024,12,13,7,0,95,95154,A1,49.0397577,2.54238065,Nuit sans éclairage public,Hors agglomération,Hors intersection,Normale,Autre collision,1,3,3,0,1,1,1,0,8,110,1,1,0,0,0,1,61.0,,utilitaire_camion,,3,1,1,1,6
202400034718,2024-06-20 21:20:00,2024,6,20,21,20,06,06088,A8 PK 187+000 NORD,43.678503,7.194114,Crépuscule ou aube,Hors agglomération,Hors intersection,Normale,Autre collision,1,3,7,0,1,1,1,0,3,110,1,1,0,1,0,0,49.0,,deux_roues,,2,1,1,1,6
202400034719,2024-11-07 21:15:00,2024,11,7,21,15,91,91521,ECORNE BOEUF (RUE DE L'),48.64552,2.43352,Nuit avec éclairage allumé,En agglomération,Hors intersection,Pluie forte,Deux véhicules - frontale,4,2,2,0,2,1,2,0,1,50,2,4,2,0,0,2,53.0,46.0,voiture,voiture,5,2,1,3,1
202400034720,2024-10-02 19:50:00,2024,10,2,19,50,95,95539,D125,48.99558028,2.3531241,Nuit sans éclairage public,En agglomération,Intersection en T,Normale,Autre collision,3,2,2,0,1,1,1,0,1,70,1,2,1,1,0,0,,,autre,,3,2,3,1,6
202400034720,2024-10-02 19:50:00,2024,10,2,19,50,95,95539,D125,48.99558028,2.3531241,Nuit sans éclairage public,En agglomération,Intersection en T,Normale,Autre collision,3,2,2,0,1,1,1,0,8,50,1,2,1,1,0,0,,,autre,,3,2,3,1,6
202400034721,2024-06-18 04:40:00,2024,6,18,4,40,34,34166,A9 aire de repos BEZIERS-MONTBLANC,43.359166,3.344135,Nuit avec éclairage allumé,Hors agglomération,Hors intersection,Normale,Autre collision,1,-1, -1,0,1,4,1,0,3,50,1,3,0,0,1,2,20.0,,voiture,,5,1,1,1,6
202400034722,2024-07-12 23:30:00,2024,7,12,23,30,91,91161,AV PIERRE BROSSOLETTE,48.69938,2.3132,Nuit avec éclairage allumé,En agglomération,Intersection en X,Pluie forte,Deux véhicules - côté,1,2,3,0,3,2,2,9,1,50,2,2,1,0,0,1,,26.0,autre,deux_roues,5,2,2,3,3
202400034722,2024-07-12 23:30:00,2024,7,12,23,30,91,91161,AV PIERRE BROSSOLETTE,48.69938,2.3132,Nuit avec éclairage allumé,En agglomération,Intersection en X,Pluie forte,Deux véhicules - côté,1,2,9,0,1,1,2,0,1,50,2,2,1,0,0,1,,26.0,autre,deux_roues,5,2,2,3,3
202400034723,2024-11-06 15:20:00,2024,11,6,15,20,88,88209,EPINAL (RUE D'),48.19299,6.43818,Plein jour,En agglomération,Intersection en X,Normale,Trois véhicules et plus - en chaîne,3,2,3,0,1,1,1,5,1,50,3,5,2,0,0,3,45.0,69.0,voiture,voiture,1,2,2,1,4
202400034723,2024-11-06 15:20:00,2024,11,6,15,20,88,88209,EPINAL (RUE D'),48.19299,6.43818,Plein jour,En agglomération,Intersection en X,Normale,Trois véhicules et plus - en chaîne,3,2, -1,-1,1,1,1,5,1,-1,3,5,2,0,0,3,45.0,69.0,voiture,voiture,1,2,2,1,4
202400034724,2024-06-21 14:00:00,2024,6,21,14,0,72,72146,Intersection RD 323 / Route des Martinières,47.891464,0.14735,Plein jour,Hors agglomération,Intersection en X,Normale,Deux véhicules - côté,3,2,3,0,1,1,1,5,1,90,2,2,1,1,0,0,42.0,59.0,utilitaire_camion,utilitaire_camion,1,1,2,1,3
202400034724,2024-06-21 14:00:00,2024,6,21,14,0,72,72146,Intersection RD 323 / Route des Martinières,47.891464,0.14735,Plein jour,Hors agglomération,Intersection en X,Normale,Deux véhicules - côté,3,2, -1,-1,1,1,1,5,1,-1,2,2,1,1,0,0,42.0,59.0,utilitaire_camion,utilitaire_camion,1,1,2,1,3
202400034725,2024-07-11 09:00:00,2024,7,11,9,0,91,91345,RUE GEORGES BIZET,48.699,2.29969,Plein jour,En agglomération,Hors intersection,Normale,Trois véhicules et plus - en chaîne,4,1, -1,0,1,1,1,0,1,30,3,3,1,0,0,2,31.0,18.0,voiture,voiture,1,2,1,1,4
202400034726,2024-11-06 17:50:00,2024,11,6,17,50,84,84035,VIGNERES-RD98 (ROUTE DES),43.879852,5.006664,Nuit avec éclairage allumé,En agglomération,Intersection en T,Normale,Deux véhicules - côté,4,2,1,0,1,1,1,0,1,30,2,2,1,0,0,1,25.0,28.0,voiture,voiture,5,2,3,1,3
202400034726,2024-11-06 17:50:00,2024,11,6,17,50,84,84035,VIGNERES-RD98 (ROUTE DES),43.879852,5.006664,Nuit avec éclairage allumé,En agglomération,Intersection en T,Normale,Deux véhicules - côté,4,2,2,0,1,1,1,0,1,30,2,2,1,0,0,1,25.0,28.0,voiture,voiture,5,2,3,1,3
202400034727,2024-06-20 23:10:00,2024,6,20,23,10,76,76484,A13,49.336505,1.074911,Nuit sans éclairage public,Hors agglomération,Hors intersection,Normale,Autre collision,1,3,6,0,2,1,1,3,1,110,1,2,1,1,0,0,34.0,,voiture,,3,1,1,1,6
202400034728,2024-10-14 01:05:00,2024,10,14,1,5,30,30351,GABRIEL PERI (AVENUE),43.95779,4.7958,Nuit avec éclairage allumé,En agglomération,Autre intersection,Normale,Sans collision,3,2,2,2,1,1,1,0,1,50,1,1,0,0,0,1,34.0,,deux_roues,,5,2,9,1,7
202400034729,2024-11-06 15:30:00,2024,11,6,15,30,30,30011,100 (ROUTE NATIONALE),43.95776,4.75131,Plein jour,Hors agglomération,Hors intersection,Normale,Sans collision,2,3,0,0,1,1,1,0,1,90,1,1,0,0,1,0,53.0,,voiture,,1,1,1,1,7
202400034730,2024-06-20 10:35:00,2024,6,20,10,35,30,30116,autoroute A9,43.9322447,4.59741452,Plein jour,Hors agglomération,Giratoire,Pluie forte,Sans collision,1,3,2,0,1,3,2,0,1,80,1,1,0,0,0,1,32.0,,deux_roues,,1,1,6,3,7
202400034731,2024-11-07 19:30:00,2024,11,7,19,30,79,79191,,46.309607,-0.46565,Nuit avec éclairage allumé,En agglomération,Hors intersection,Normale,Deux véhicules - frontale,3,2,2,0,1,1,1,0,1,30,2,3,1,0,2,0,17.0,23.0,deux_roues,voiture,5,2,1,1,1
202400034732,2024-06-21 01:25:00,2024,6,21,1,25,13,13087,campagne blanche d46B,43.469596,5.588967,Nuit sans éclairage public,Hors agglomération,Hors intersection,Pluie légère,Deux véhicules - frontale,3,2,2,0,1,4,2,2,1,80,1,2,0,0,1,1,20.0,,voiture,,3,1,1,2,1
202400034733,2024-12-13 08:30:00,2024,12,13,8,30,987,98735,POMARE V (AVENUE),-17.52992,-149.56071,Plein jour,Hors agglomération,Intersection en X,Normale,Deux véhicules - côté,4,3,2,0,1,1,2,0,1,50,2,3,2,0,0,1,28.0,28.0,deux_roues,utilitaire_camion,1,1,2,1,3
202400034733,2024-12-13 08:30:00,2024,12,13,8,30,987,98735,POMARE V (AVENUE),-17.52992,-149.56071,Plein jour,Hors agglomération,Intersection en X,Normale,Deux véhicules - côté,4,2,2,0,1,1,2,0,1,50,2,3,2,0,0,1,28.0,28.0,deux_roues,utilitaire_camion,1,1,2,1,3
202400034734,2024-11-07 09:45:00,2024,11,7,9,45,78,78621,ALEMBERT (AVENUE JEAN D'),48.79145,1.97782,Plein jour,En agglomération,Hors intersection,Temps couvert,Deux véhicules - côté,4,2,2,0,1,1,9,0,1,50,2,2,1,0,0,1,37.0,54.0,deux_roues,voiture,1,2,1,8,3
202400034735,2024-06-21 09:26:00,2024,6,21,9,26,77,77171,Rue Henri Moissan,48.895386,2.812183,Plein jour,En agglomération,Intersection en T,Pluie légère,Deux véhicules - côté,4,2,2,0,1,1,2,0,1,50,2,2,1,0,1,0,15.0,33.0,deux_roues,voiture,1,2,3,2,3
202400034735,2024-06-21 09:26:00,2024,6,21,9,26,77,77171,Rue Henri Moissan,48.895386,2.812183,Plein jour,En agglomération,Intersection en T,Pluie légère,Deux véhicules - côté,4,2,2,0,2,1,2,0,1,50,2,2,1,0,1,0,15.0,33.0,deux_roues,voiture,1,2,3,2,3
202400034736,2024-12-11 11:30:00,2024,12,11,11,30,987,98736,ANTHONY BAMBRIDGE (RUE),-17.53632,-149.54773,Plein jour,En agglomération,Intersection en T,Pluie forte,Sans collision,4,2,2,0,1,1,2,0,1,30,2,3,1,0,0,2,27.0,49.0,deux_roues,voiture,1,2,3,3,7
202400034736,2024-12-11 11:30:00,2024,12,11,11,30,987,98736,ANTHONY BAMBRIDGE (RUE),-17.53632,-149.54773,Plein jour,En agglomération,Intersection en T,Pluie forte,Sans collision,4,2,2,0,4,2,2,0,1,30,2,3,1,0,0,2,27.0,49.0,deux_roues,voiture,1,2,3,3,7
202400034737,2024-11-07 04:45:00,2024,11,7,4,45,77,77040,DEPARTEMENTALE 142,48.51666,2.58065,Nuit sans éclairage public,Hors agglomération,Hors intersection,Pluie légère,Autre collision,3,2,2,0,1,1,2,0,1,70,1,1,0,0,0,1,59.0,,deux_roues,,3,1,1,2,6
202400034738,2024-12-13 20:15:00,2024,12,13,20,15,974,97411,GASPARIN (LUCIEN),-20.882,55.44747,Nuit avec éclairage allumé,En agglomération,Hors intersection,Normale,Sans collision,4,1,2,0,1,1,9,0,1,50,1,1,0,0,0,1,32.0,,deux_roues,,5,2,1,1,7
202400034739,2024-11-07 12:15:00,2024,11,7,12,15,77,77330,FOULEE (AVENUE DE LA),48.93709,2.88023,Plein jour,En agglomération,Hors intersection,Normale,Deux véhicules - côté,4,2,2,0,2,1,1,0,1,50,2,2,1,0,0,1,30.0,39.0,voiture,deux_roues,1,2,1,1,3
202400034740,2024-06-20 09:15:00,2024,6,20,9,15,77,77315,Avenue du 27 Aout 1944,48.884185,2.828491,Plein jour,En agglomération,Intersection en T,Temps couvert,Deux véhicules - côté,3,2,2,0,2,1,1,0,1,50,2,2,1,0,0,1,53.0,34.0,voiture,deux_roues,1,2,3,8,3
202400034740,2024-06-20 09:15:00,2024,6,20,9,15,77,77315,Avenue du 27 Aout 1944,48.884185,2.828491,Plein jour,En agglomération,Intersection en T,Temps couvert,Deux véhicules - côté,3,2,2,0,1,1,1,0,8,50,2,2,1,0,0,1,53.0,34.0,voiture,deux_roues,1,2,3,8,3
202400034741,2024-12-13 15:10:00,2024,12,13,15,10,974,97411,CHAUDRON  (BLD 1 DU),-20.89561797,55.49495941,Plein jour,En agglomération,Intersection en Y,Normale,Deux véhicules - côté,2,3,2,0,2,3,1,0,1,70,2,2,1,0,0,1,54.0,22.0,deux_roues,deux_roues,1,2,4,1,3
202400034741,2024-12-13 15:10:00,2024,12,13,15,10,974,97411,CHAUDRON  (BLD 1 DU),-20.89561797,55.49495941,Plein jour,En agglomération,Intersection en Y,Normale,Deux véhicules - côté,2,2,0,0,1,1,1,0,1,50,2,2,1,0,0,1,54.0,22.0,deux_roues,deux_roues,1,2,4,1,3
202400034742,2024-06-10 09:15:00,2024,6,10,9,15,77,77153,D401,49.058271,2.699981,Plein jour,En agglomération,Giratoire,Temps couvert,Sans collision,3,1,1,0,1,1,8,0,1,50,1,1,0,0,1,0,45.0,,deux_roues,,1,2,6,8,7
202400034743,2024-11-06 08:30:00,2024,11,6,8,30,72,72181,Rue de Saint Aubin,48.0186,0.1831,Plein jour,En agglomération,Hors intersection,Temps couvert,Deux véhicules - arrière,4,2,2,0,1,1,1,0,1,50,2,2,1,0,0,1,59.0,19.0,deux_roues,deux_roues,1,2,1,8,2
202400034744,2024-12-13 14:35:00,2024,12,13,14,35,974,97411,MACE (BOULEVARD GABRIEL),-20.8726,55.44899,Plein jour,En agglomération,Hors intersection,Normale,Deux véhicules - côté,2,2,2,0,1,1,1,0,1,50,2,2,1,0,1,0,58.0,26.0,voiture,deux_roues,1,2,1,1,3
202400034745,2024-11-07 07:00:00,2024,11,7,7,0,69,69264,768 Boulevard Burdeau,45.99672,4.72849,Nuit avec éclairage allumé,Hors agglomération,Hors intersection,Pluie légère,Sans collision,3,2,2,2,1,1,2,0,1,50,1,1,0,0,0,1,49.0,,deux_roues,,5,1,1,2,7
202400034746,2024-06-20 17:30:00,2024,6,20,17,30,2B,2B093,Route Terrotoriale 30,42.612288,8.892446,Plein jour,Hors agglomération,Hors intersection,Temps couvert,Deux véhicules - côté,2,3,2,0,2,1,1,0,1,70,2,3,1,0,2,0,80.0,54.0,voiture,deux_roues,1,1,1,8,3
202400034747,2024-11-07 08:25:00,2024,11,7,8,25,67,67482,RENE CASSIN (ALLEE),48.59797,7.77591,Plein jour,En agglomération,Hors intersection,Temps couvert,Deux véhicules - côté,4,2,6,1,1,1,1,0,1,50,2,2,1,0,0,1,53.0,47.0,deux_roues,voiture,1,2,1,8,3
202400034748,2024-12-13 19:00:00,2024,12,13,19,0,974,97407,CIMENDEF(RUE),-20.93941,55.30647,Nuit avec éclairage allumé,En agglomération,Hors intersection,Normale,Deux véhicules - côté,4,-1,1,0,1,1,1,0,1,50,2,2,1,0,0,1,49.0,7.0,voiture,deux_roues,5,2,1,1,3
202400034749,2024-06-21 12:05:00,2024,6,21,12,5,83,83016,Route de Marseille,43.195834,5.806167,Plein jour,En agglomération,Hors intersection,Normale,Autre collision,3,2,2,0,1,1,1,6,1,50,1,2,1,0,1,0,52.0,,utilitaire_camion,,1,2,1,1,6
202400034750,2024-11-07 18:50:00,2024,11,7,18,50,65,65440,Rue du Quatre Septembre,43.22843,0.07676,Crépuscule ou aube,En agglomération,Hors intersection,Normale,Autre collision,4,2,2,0,1,1,1,0,1,50,1,2,1,0,0,1,73.0,,voiture,,2,2,1,1,6
202400034751,2024-12-13 17:15:00,2024,12,13,17,15,973,97302,LEBLOND (ROND POINT),4.9208,-52.32934,Plein jour,En agglomération,Giratoire,Normale,Deux véhicules - côté,2,1,2,0,1,3,1,0,1,2,2,3,1,0,0,2,44.0,22.0,voiture,deux_roues,1,2,6,1,3