accident_id,datetime,annee,mois,jour,heure,minute,departement,commune_insee,adresse,latitude,longitude,luminosite,agglomeration,intersection,meteo,collision,catr,circ,nbv,vosp,prof,plan,surf,infra,situ,vma,nb_vehicules,nb_usagers,nb_indemnes,nb_tues,nb_blesses_hosp,nb_blesses_legers,age_cond_1,age_cond_2,veh_type_cond_1,veh_type_cond_2,lum_code,agg_code,int_code,atm_code,col_code
202400034817,2024-12-12 11:50:00,2024,12,12,11,50,69,69259,Avenue Jacques Duclos,45.69706,4.88882,Plein jour,En agglomération,Intersection en T,Normale,Deux véhicules - arrière,4,1,1,2,1,1,1,0,1,30,2,2,1,0,0,1,19.0,27.0,voiture,voiture,1,2,3,1,2
202400034818,2024-11-07 14:15:00,2024,11,7,14,15,13,13215,SAINT ANTOINE (AVENUE DE),43.37855,5.35706,Plein jour,En agglomération,Intersection en T,Normale,Deux véhicules - frontale,4,2,2,0,2,1,1,3,1,50,2,2,1,0,1,0,29.0,53.0,deux_roues,voiture,1,2,3,1,1
202400034818,2024-11-07 14:15:00,2024,11,7,14,15,13,13215,SAINT ANTOINE (AVENUE DE),43.37855,5.35706,Plein jour,En agglomération,Intersection en T,Normale,Deux véhicules - frontale,4,2,3,0,1,1,1,3,1,50,2,2,1,0,1,0,29.0,53.0,deux_roues,voiture,1,2,3,1,1
202400034819,2024-11-07 08:15:00,2024,11,7,8,15,13,13215,SAINT LOUIS (AVENUE DE),43.34766,5.35923,Plein jour,En agglomération,Intersection en X,Normale,Autre collision,4,1,2,0,1,1,1,0,1,50,1,3,2,0,0,1,,,voiture,,1,2,2,1,6
202400034819,2024-11-07 08:15:00,2024,11,7,8,15,13,13215,SAINT LOUIS (AVENUE DE),43.34766,5.35923,Plein jour,En agglomération,Intersection en X,Normale,Autre collision,4,2,2,0,1,1,1,0,1,50,1,3,2,0,0,1,,,voiture,,1,2,2,1,6
202400034820,2024-12-13 08:30:00,2024,12,13,8,30,66,66136,ALBERT MARCELLIN,42.69066,2.8912,Crépuscule ou aube,En agglomération,Intersection en T,Pluie forte,Deux véhicules - côté,4,1,2,0,1,1,2,0,8,30,2,2,1,0,0,1,33.0,51.0,deux_roues,voiture,2,2,3,3,3
202400034820,2024-12-13 08:30:00,2024,12,13,8,30,66,66136,ALBERT MARCELLIN,42.69066,2.8912,Crépuscule ou aube,En agglomération,Intersection en T,Pluie forte,Deux véhicules - côté,4,2,2,0,1,1,2,0,1,30,2,2,1,0,0,1,33.0,51.0,deux_roues,voiture,2,2,3,3,3
202400034821,2024-11-06 17:27:00,2024,11,6,17,27,10,10357,ROUTE DE BOURANTON (D147),48.29631979,4.13245046,Nuit avec éclairage allumé,En agglomération,Intersection en Y,Normale,Deux véhicules - côté,4,-1,3,0,1,1,1,0,1,50,2,3,2,0,0,1,23.0,27.0,voiture,voiture,5,2,4,1,3
202400034821,2024-11-06 17:27:00,2024,11,6,17,27,10,10357,ROUTE DE BOURANTON (D147),48.29631979,4.13245046,Nuit avec éclairage allumé,En agglomération,Intersection en Y,Normale,Deux véhicules - côté,4,2,3,0,1,1,1,0,1,50,2,3,2,0,0,1,23.0,27.0,voiture,voiture,5,2,4,1,3
202400034822,2024-12-12 17:45:00,2024,12,12,17,45,66,66136,GAUGUIN (AVENUE PAUL),42.72249111,2.89067566,Nuit sans éclairage public,En agglomération,Intersection en X,Pluie légère,Deux véhicules - côté,4,2,3,0,1,1,2,0,1,50,2,3,2,0,0,1,47.0,17.0,utilitaire_camion,voiture,3,2,2,2,3
202400034822,2024-12-12 17:45:00,2024,12,12,17,45,66,66136,GAUGUIN (AVENUE PAUL),42.72249111,2.89067566,Nuit sans éclairage public,En agglomération,Intersection en X,Pluie légère,Deux véhicules - côté,4,2,2,0,1,1,2,0,1,50,2,3,2,0,0,1,47.0,17.0,utilitaire_camion,voiture,3,2,2,2,3
202400034823,2024-12-12 09:35:00,2024,12,12,9,35,64,64445,ARSENE D'ARSONVAL,43.30739,-0.36362,Plein jour,En agglomération,Hors intersection,Normale,Sans collision,4,-1,1,0,1,1,1,0,1,30,1,1,0,0,0,1,15.0,,deux_roues,,1,2,1,1,7
202400034824,2024-11-06 22:10:00,2024,11,6,22,10,10,10387,WOOD ET WEST (RUE),48.29502,4.08127,Nuit avec éclairage allumé,En agglomération,Giratoire,Normale,Deux véhicules - arrière,4,-1,2,1,1,1,1,0,8,50,2,2,1,0,0,1,35.0,66.0,deux_roues,voiture,5,2,6,1,2
202400034824,2024-11-06 22:10:00,2024,11,6,22,10,10,10387,WOOD ET WEST (RUE),48.29502,4.08127,Nuit avec éclairage allumé,En agglomération,Giratoire,Normale,Deux véhicules - arrière,4,1,2,1,1,1,1,0,8,50,2,2,1,0,0,1,35.0,66.0,deux_roues,voiture,5,2,6,1,2
202400034825,2024-10-28 15:20:00,2024,10,28,15,20,05,05061,ROUTE DES LACETS DE LA TOURRONDE,44.52581,6.04815,Plein jour,En agglomération,Hors intersection,Normale,Autre collision,4,2,2,0,1,1,1,0,1,50,1,2,1,0,0,1,78.0,,voiture,,1,2,1,1,6
202400034826,2024-12-13 22:58:00,2024,12,13,22,58,64,64102,GLAIN (CHEMIN DE),43.48558,-1.47145,Nuit avec éclairage allumé,En agglomération,Autre intersection,Normale,Deux véhicules - côté,4,2,2,0,1,1,1,9,1,30,2,2,1,0,0,1,,16.0,utilitaire_camion,deux_roues,5,2,9,1,3
202400034827,2024-12-13 14:20:00,2024,12,13,14,20,64,64024,ADOUR (AVENUE DE L'),43.51422,-1.5006,Plein jour,En agglomération,Autre intersection,Temps couvert,Deux véhicules - côté,4,2,4,1,1,1,1,0,5,30,2,2,1,0,0,1,71.0,26.0,deux_roues,utilitaire_camion,1,2,9,8,3
202400034828,2024-11-06 17:30:00,2024,11,6,17,30,03,03095,GUILLAUMIN (RUE EMILE),46.133689,3.466027,Crépuscule ou aube,En agglomération,Intersection en Y,Normale,Autre collision,3,2,2,0,1,3,1,0,4,50,1,2,0,1,1,0,54.0,,deux_roues,,2,2,4,1,6
202400034828,2024-11-06 17:30:00,2024,11,6,17,30,03,03095,GUILLAUMIN (RUE EMILE),46.133689,3.466027,Crépuscule ou aube,En agglomération,Intersection en Y,Normale,Autre collision,3,1,1,0,1,1,1,0,4,50,1,2,0,1,1,0,54.0,,deux_roues,,2,2,4,1,6
202400034829,2024-12-13 16:08:00,2024,12,13,16,8,63,63113,LIEVE (RUE DE LA),45.78251785,3.10034126,Plein jour,En agglomération,Hors intersection,Pluie légère,Deux véhicules - frontale,4,2,2,0,1,1,2,0,1,30,2,2,1,0,0,1,25.0,21.0,deux_roues,voiture,1,2,1,2,1
202400034830,2024-11-07 07:00:00,2024,11,7,7,0,01,01451,EDOUARD HERRIOT ( BD),46.21405,5.2168,Nuit avec éclairage allumé,En agglomération,Hors intersection,Pluie légère,Deux véhicules - frontale,3,-1,3,0,2,2,2,9,1,70,2,2,0,0,0,2,18.0,39.0,voiture,voiture,5,2,1,2,1
202400034831,2024-12-03 18:15:00,2024,12,3,18,15,59,59122,BOUCHAIN (AVENUE DE),50.18065,3.24549,Nuit avec éclairage allumé,En agglomération,Intersection en T,Normale,Deux véhicules - côté,3,2,4,0,2,1,1,0,1,50,2,2,1,0,1,0,26.0,16.0,voiture,deux_roues,5,2,3,1,3
202400034831,2024-12-03 18:15:00,2024,12,3,18,15,59,59122,BOUCHAIN (AVENUE DE),50.18065,3.24549,Nuit avec éclairage allumé,En agglomération,Intersection en T,Normale,Deux véhicules - côté,3,2,4,0,1,1,1,0,1,50,2,2,1,0,1,0,26.0,16.0,voiture,deux_roues,5,2,3,1,3
202400034832,2024-11-07 07:50:00,2024,11,7,7,50,75,75120,BOULEVARD PERIPHERIQUE EXTERIEUR NORD  ,48.870563,2.413456,Plein jour,En agglomération,Hors intersection,Normale,Deux véhicules - côté,4,1,4,0,1,1,1,0,1,50,2,2,1,0,0,1,20.0,43.0,deux_roues,utilitaire_camion,1,2,1,1,3
202400034833,2024-12-13 07:50:00,2024,12,13,7,50,57,57672,EUROPE (CHAUSSEE D'),49.35627,6.14352,Nuit avec éclairage allumé,En agglomération,Hors intersection,Normale,Autre collision,4,3,4,0,1,3,1,6,1,50,1,2,1,0,0,1,75.0,,voiture,,5,2,1,1,6
202400034834,2024-11-06 14:55:00,2024,11,6,14,55,75,75106,RUE DE RENNES,48.850676,2.330286,Plein jour,En agglomération,Hors intersection,Normale,Deux véhicules - côté,4,2,3,3,1,1,1,0,1,30,2,2,1,0,0,1,37.0,26.0,utilitaire_camion,deux_roues,1,2,1,1,3
202400034835,2024-12-13 14:15:00,2024,12,13,14,15,57,57463,JOFFRE  (AVENUE ),49.11186,6.17106,Plein jour,En agglomération,Intersection en T,Normale,Autre collision,4,3,6,0,1,1,1,5,1,50,1,3,2,0,1,0,21.0,,voiture,,1,2,3,1,6
202400034835,2024-12-13 14:15:00,2024,12,13,14,15,57,57463,JOFFRE  (AVENUE ),49.11186,6.17106,Plein jour,En agglomération,Intersection en T,Normale,Autre collision,4,2,0,0,1,1,1,0,1,50,1,3,2,0,1,0,21.0,,voiture,,1,2,3,1,6
202400034836,2024-11-06 12:15:00,2024,11,6,12,15,75,75120,RUE DE BAGNOLET,48.863966,2.407918,Plein jour,En agglomération,Hors intersection,Temps couvert,Deux véhicules - côté,4,2,3,0,2,1,1,0,1,30,2,2,1,0,0,1,39.0,23.0,deux_roues,voiture,1,2,1,8,3
202400034837,2024-12-12 23:03:00,2024,12,12,23,3,56,56098,Malachappe,47.779424,-3.309717,Nuit sans éclairage public,En agglomération,Hors intersection,Normale,Autre collision,4,2,2,0,1,1,1,0,3,80,1,1,0,0,0,1,26.0,,voiture,,3,2,1,1,6
202400034838,2024-11-07 13:20:00,2024,11,7,13,20,75,75118,AVENUE DE CLICHY,48.885367,2.326565,Plein jour,En agglomération,Hors intersection,Normale,Autre collision,4,2,2,3,1,1,1,0,1,30,1,2,1,0,0,1,39.0,,transport_commun,,1,2,1,1,6
202400034839,2024-12-12 18:08:00,2024,12,12,18,8,56,56121,Rue président John Kennedy,47.7641,-3.38086,Nuit avec éclairage allumé,En agglomération,Giratoire,Normale,Deux véhicules - côté,4,1,1,0,1,3,1,5,1,30,2,2,1,0,0,1,36.0,36.0,deux_roues,voiture,5,2,6,1,3
202400034840,2024-11-07 09:05:00,2024,11,7,9,5,75,75113,BOULEVARD AUGUSTE BLANQUI,48.830279,2.347193,Plein jour,En agglomération,Intersection en T,Normale,Autre collision,4,-1,6,1,2,1,1,-1,5,30,1,2,1,0,0,1,20.0,,deux_roues,,1,2,3,1,6
202400034840,2024-11-07 09:05:00,2024,11,7,9,5,75,75113,BOULEVARD AUGUSTE BLANQUI,48.830279,2.347193,Plein jour,En agglomération,Intersection en T,Normale,Autre collision,4,1, -1,-1,1,1,1,-1,5,-1,1,2,1,0,0,1,20.0,,deux_roues,,1,2,3,1,6
202400034841,2024-12-13 14:20:00,2024,12,13,14,20,51,51474,DRUART (RUE EMILE),49.27624,4.00082,Plein jour,En agglomération,Autre intersection,Normale,Deux véhicules - arrière,4,2,2,0,1,1,1,0,1,50,2,2,1,0,0,1,55.0,25.0,utilitaire_camion,deux_roues,1,2,9,1,2
202400034842,2024-11-07 06:15:00,2024,11,7,6,15,75,75112,PONT D AUSTERLITZ,48.845501,2.36716,Nuit avec éclairage non allumé,En agglomération,Intersection en T,Normale,Deux véhicules - frontale,4,2, -1,-1,1,1,1,0,8,-1,2,2,1,0,0,1,58.0,,deux_roues,deux_roues,4,2,3,1,1
202400034842,2024-11-07 06:15:00,2024,11,7,6,15,75,75112,PONT D AUSTERLITZ,48.845501,2.36716,Nuit avec éclairage non allumé,En agglomération,Intersection en T,Normale,Deux véhicules - frontale,4,2,5,2,1,1,1,2,5,30,2,2,1,0,0,1,58.0,,deux_roues,deux_roues,4,2,3,1,1
202400034843,2024-12-13 07:40:00,2024,12,13,7,40,51,51454,LELIEVRE (RUE IRENEE),49.25124,4.02294,Crépuscule ou aube,En agglomération,Intersection en T,Normale,Deux véhicules - côté,4,1,1,2,2,1,1,0,1,30,2,2,1,0,0,1,43.0,30.0,voiture,deux_roues,2,2,3,1,3
202400034843,2024-12-13 07:40:00,2024,12,13,7,40,51,51454,LELIEVRE (RUE IRENEE),49.25124,4.02294,Crépuscule ou aube,En agglomération,Intersection en T,Normale,Deux véhicules - côté,4,1,2,1,2,1,1,0,1,30,2,2,1,0,0,1,43.0,30.0,voiture,deux_roues,2,2,3,1,3
202400034844,2024-11-07 20:20:00,2024,11,7,20,20,75,75111,BOULEVARD VOLTAIRE,48.851322,2.390978,Nuit avec éclairage allumé,En agglomération,Hors intersection,Normale,Deux véhicules - côté,4,2,2,0,1,1,1,0,1,30,2,2,1,0,0,1,22.0,44.0,voiture,deux_roues,5,2,1,1,3
202400034845,2024-12-13 19:00:00,2024,12,13,19,0,51,51525,CD 1,48.933285,4.444349,Nuit sans éclairage public,Hors agglomération,Hors intersection,Brouillard / fumée,Deux véhicules - frontale,3,2,2,0,1,1,1,0,1,70,2,2,1,0,0,1,60.0,35.0,transport_commun,utilitaire_camion,3,1,1,5,1
202400034846,2024-11-06 20:00:00,2024,11,6,20,0,75,75109,BOULEVARD HAUSSMANN,48.87226,2.3383,Nuit avec éclairage allumé,En agglomération,Intersection en X,Normale,Deux véhicules - côté,4,1,1,0,1,1,1,0,1,30,2,2,1,0,0,1,29.0,53.0,deux_roues,deux_roues,5,2,2,1,3
202400034846,2024-11-06 20:00:00,2024,11,6,20,0,75,75109,BOULEVARD HAUSSMANN,48.87226,2.3383,Nuit avec éclairage allumé,En agglomération,Intersection en X,Normale,Deux véhicules - côté,4,1, -1,-1,1,1,1,0,1,-1,2,2,1,0,0,1,29.0,53.0,deux_roues,deux_roues,5,2,2,1,3
202400034847,2024-12-12 22:40:00,2024,12,12,22,40,50,50129,AXE NORD SUD,49.60516,-1.59414,Nuit sans éclairage public,Hors agglomération,Hors intersection,Normale,Sans collision,2,3,0,0,1,2,1,0,3,70,1,2,0,0,0,2,30.0,,voiture,,3,1,1,1,7
202400034848,2024-12-13 14:11:00,2024,12,13,14,11,49,49007,COUBERTIN BOULEVARD,47.46734,-0.5299,Plein jour,En agglomération,Hors intersection,Normale,Deux véhicules - côté,4,3,2,0,1,1,1,0,1,50,2,2,1,0,0,1,40.0,17.0,voiture,deux_roues,1,2,1,1,3
202400034849,2024-11-07 08:20:00,2024,11,7,8,20,75,75115,AVENUE FELIX FAURE,48.838307,2.281267,Plein jour,En agglomération,Intersection en T,Temps couvert,Autre collision,4,2,2,0,1,1,1,0,1,30,1,2,0,0,0,2,28.0,,deux_roues,,1,2,3,8,6
202400034849,2024-11-07 08:20:00,2024,11,7,8,20,75,75115,AVENUE FELIX FAURE,48.838307,2.281267,Plein jour,En agglomération,Intersection en T,Temps couvert,Autre collision,4,1, -1,-1,1,1,1,0,1,-1,1,2,0,0,0,2,28.0,,deux_roues,,1,2,3,8,6
202400034850,2024-12-12 16:40:00,2024,12,12,16,40,49,49007,BEDIER BOULEVARD,47.45185,-0.54505,Plein jour,En agglomération,Intersection en X,Normale,Autre collision,4,3,5,0,1,1,1,0,1,50,1,2,1,0,1,0,82.0,,utilitaire_camion,,1,2,2,1,6
202400034850,2024-12-12 16:40:00,2024,12,12,16,40,49,49007,BEDIER BOULEVARD,47.45185,-0.54505,Plein jour,En agglomération,Intersection en X,Normale,Autre collision,4,2,2,2,1,1,1,0,1,50,1,2,1,0,1,0,82.0,,utilitaire_camion,,1,2,2,1,6
202400034851,2024-11-07 17:20:00,2024,11,7,17,20,94,94081,Avenue Danielle Casanova,48.790492,2.400585,Crépuscule ou aube,En agglomération,Intersection en T,Normale,Deux véhicules - côté,4,1,2,0,1,1,1,0,1,30,2,3,1,0,0,2,30.0,66.0,deux_roues,voiture,2,2,3,1,3
202400034851,2024-11-07 17:20:00,2024,11,7,17,20,94,94081,Avenue Danielle Casanova,48.790492,2.400585,Crépuscule ou aube,En agglomération,Intersection en T,Normale,Deux véhicules - côté,4,2,2,0,1,1,1,0,1,50,2,3,1,0,0,2,30.0,66.0,deux_roues,voiture,2,2,3,1,3
202400034852,2024-12-13 11:45:00,2024,12,13,11,45,47,47001,SERRES (AVENUE MICHEL),44.18631,0.62467,Plein jour,En agglomération,Giratoire,Normale,Deux véhicules - côté,4,2,2,1,1,1,1,0,1,-1,2,2,1,0,0,1,49.0,29.0,deux_roues,utilitaire_camion,1,2,6,1,3
202400034852,2024-12-13 11:45:00,2024,12,13,11,45,47,47001,SERRES (AVENUE MICHEL),44.18631,0.62467,Plein jour,En agglomération,Giratoire,Normale,Deux véhicules - côté,4,2,2,0,1,3,1,0,1,50,2,2,1,0,0,1,49.0,29.0,deux_roues,utilitaire_camion,1,2,6,1,3
202400034853,2024-11-07 09:00:00,2024,11,7,9,0,94,94068,Boulevard des Corneilles,48.7858,2.4922,Crépuscule ou aube,En agglomération,Intersection en X,Temps couvert,Deux véhicules - côté,4,1,1,0,1,1,1,0,1,30,2,3,2,0,0,1,22.0,65.0,utilitaire_camion,voiture,2,2,2,8,3
202400034853,2024-11-07 09:00:00,2024,11,7,9,0,94,94068,Boulevard des Corneilles,48.7858,2.4922,Crépuscule ou aube,En agglomération,Intersection en X,Temps couvert,Deux véhicules - côté,4,2,2,0,1,1,1,0,1,30,2,3,2,0,0,1,22.0,65.0,utilitaire_camion,voiture,2,2,2,8,3
202400034854,2024-12-13 21:54:00,2024,12,13,21,54,45,45004,D943 PR 2 + 556,47.984473,2.749872,Nuit avec éclairage allumé,En agglomération,Hors intersection,Brouillard / fumée,Deux véhicules - côté,3,2,2,0,1,1,1,0,1,50,2,2,1,0,1,0,66.0,27.0,utilitaire_camion,deux_roues,5,2,1,5,3
202400034855,2024-12-13 20:45:00,2024,12,13,20,45,35,35238,SAINT-BRIEUC (DE),48.114333,-1.706196,Nuit avec éclairage allumé,En agglomération,Hors intersection,Normale,Deux véhicules - côté,4,2,1,2,1,1,1,0,1,50,2,2,0,0,0,2,30.0,31.0,voiture,deux_roues,5,2,1,1,3
202400034856,2024-11-07 16:00:00,2024,11,7,16,0,94,94041,Avenue de Verdun,48.80701,2.37523,Plein jour,En agglomération,Autre intersection,Normale,Deux véhicules - côté,3,-1,0,0,1,1,1,0,1,30,2,2,1,0,0,1,70.0,50.0,voiture,deux_roues,1,2,9,1,3
202400034856,2024-11-07 16:00:00,2024,11,7,16,0,94,94041,Avenue de Verdun,48.80701,2.37523,Plein jour,En agglomération,Autre intersection,Normale,Deux véhicules - côté,3,1,0,0,1,1,1,0,1,30,2,2,1,0,0,1,70.0,50.0,voiture,deux_roues,1,2,9,1,3
202400034856,2024-11-07 16:00:00,2024,11,7,16,0,94,94041,Avenue de Verdun,48.80701,2.37523,Plein jour,En agglomération,Autre intersection,Normale,Deux véhicules - côté,3,2,1,0,1,1,1,9,1,30,2,2,1,0,0,1,70.0,50.0,voiture,deux_roues,1,2,9,1,3
202400034857,2024-12-13 19:25:00,2024,12,13,19,25,35,35238,GRAFF (AVENUE GEORGES),48.0855882,-1.69184625,Nuit avec éclairage allumé,En agglomération,Giratoire,Normale,Deux véhicules - frontale,4,2,2,1,1,1,1,0,1,30,2,2,1,0,0,1,51.0,28.0,voiture,voiture,5,2,6,1,1
202400034858,2024-11-07 07:50:00,2024,11,7,7,50,94,94019,Avenue du Maréchal Leclerc,48.7966,2.5306,Plein jour,En agglomération,Hors intersection,Normale,Deux véhicules - côté,4,2,2,0,1,1,1,0,1,50,2,2,1,0,0,1,72.0,35.0,deux_roues,voiture,1,2,1,1,3
202400034859,2024-12-13 20:05:00,2024,12,13,20,5,33,33075,,44.87798,-0.62387,Nuit avec éclairage allumé,En agglomération,Intersection en T,Normale,Deux véhicules - côté,4,2,2,0,1,1,1,0,1,30,2,2,1,0,0,1,29.0,65.0,deux_roues,voiture,5,2,3,1,3
202400034859,2024-12-13 20:05:00,2024,12,13,20,5,33,33075,,44.87798,-0.62387,Nuit avec éclairage allumé,En agglomération,Intersection en T,Normale,Deux véhicules - côté,4,2,2,2,1,1,1,0,1,30,2,2,1,0,0,1,29.0,65.0,deux_roues,voiture,5,2,3,1,3
202400034860,2024-11-07 18:15:00,2024,11,7,18,15,94,94075,Av du Mal de Lattre de Tassigny,48.73155,2.52324,Nuit avec éclairage allumé,En agglomération,Hors intersection,Pluie légère,Deux véhicules - arrière,2,2,4,1,1,1,2,0,1,70,2,3,0,0,1,2,24.0,19.0,voiture,deux_roues,5,2,1,2,2
202400034861,2024-11-07 21:00:00,2024,11,7,21,0,93,93066,LENINE (AVENUE) NR 2 A 26,48.94299,2.36368,Nuit sans éclairage public,En agglomération,Hors intersection,Pluie légère,Deux véhicules - arrière,3,2,4,0,1,1,2,0,1,50,2,2,1,0,0,1,71.0,20.0,voiture,voiture,3,2,1,2,2
202400034862,2024-12-13 05:00:00,2024,12,13,5,0,31,31555,AV HONORE SERRES,43.61178,1.43866,Nuit avec éclairage allumé,En agglomération,Hors intersection,Normale,Deux véhicules - frontale,4,2,2,1,1,1,1,0,1,30,2,3,2,0,0,1,57.0,19.0,autre,deux_roues,5,2,1,1,1
202400034863,2024-12-13 18:45:00,2024,12,13,18,45,29,29039,Rue de Kerambec,47.892471,-3.892003,Nuit sans éclairage public,Hors agglomération,Hors intersection,Normale,Autre collision,4,2,2,0,2,2,1,0,1,80,1,1,0,0,0,1,89.0,,voiture,,3,1,1,1,6
202400034864,2024-10-18 15:30:00,2024,10,18,15,30,93,93064,LAVOISIER (RUE),48.86257117,2.49339382,Plein jour,En agglomération,Hors intersection,Normale,Deux véhicules - frontale,3,2,2,0,1,1,1,0,1,50,2,2,1,0,0,1,17.0,19.0,deux_roues,deux_roues,1,2,1,1,1
202400034865,2024-11-07 19:00:00,2024,11,7,19,0,93,93046,FIRMIN DIDOT AVENUE,48.91044,2.52458,Nuit avec éclairage allumé,En agglomération,Intersection en X,Pluie légère,Deux véhicules - côté,4,1,2,1,1,1,2,0,1,50,2,2,1,0,0,1,32.0,51.0,deux_roues,voiture,5,2,2,2,3
202400034865,2024-11-07 19:00:00,2024,11,7,19,0,93,93046,FIRMIN DIDOT AVENUE,48.91044,2.52458,Nuit avec éclairage allumé,En agglomération,Intersection en X,Pluie légère,Deux véhicules - côté,4,1,1,0,1,1,2,0,1,50,2,2,1,0,0,1,32.0,51.0,deux_roues,voiture,5,2,2,2,3
202400034866,2024-12-13 18:55:00,2024,12,13,18,55,29,29019,rue Paul Masson,48.40481,-4.477475,Nuit sans éclairage public,En agglomération,Giratoire,Pluie légère,Deux véhicules - côté,4,2,2,0,1,1,2,5,1,50,2,2,1,0,0,1,28.0,30.0,utilitaire_camion,deux_roues,3,2,6,2,3
202400034866,2024-12-13 18:55:00,2024,12,13,18,55,29,29019,rue Paul Masson,48.40481,-4.477475,Nuit sans éclairage public,En agglomération,Giratoire,Pluie légère,Deux véhicules - côté,4,1,2,0,1,1,2,5,1,50,2,2,1,0,0,1,28.0,30.0,utilitaire_camion,deux_roues,3,2,6,2,3
202400034867,2024-12-13 19:00:00,2024,12,13,19,0,27,27229,CLEMENCEAU (PLACE GEORGES),49.02737,1.14851,Nuit avec éclairage allumé,En agglomération,Hors intersection,Normale,Autre collision,6,-1, -1,0,1,1,1,0,8,10,1,2,1,0,0,1,33.0,,voiture,,5,2,1,1,6
202400034868,2024-11-07 08:00:00,2024,11,7,8,0,93,93045,NOISY LE SEC RUE DE,48.87826165,2.42618144,Plein jour,En agglomération,Hors intersection,Normale,Deux véhicules - côté,4,1,1,0,1,1,1,0,1,30,2,2,1,0,0,1,37.0,45.0,deux_roues,voiture,1,2,1,1,3
202400034869,2024-12-13 09:50:00,2024,12,13,9,50,25,25462,BESANCON (DU 26 AU 72),46.90899,6.34909,Plein jour,En agglomération,Intersection en T,Normale,Autre collision,4,2,2,0,1,1,1,0,1,50,1,2,1,0,0,1,91.0,,voiture,,1,2,3,1,6
202400034869,2024-12-13 09:50:00,2024,12,13,9,50,25,25462,BESANCON (DU 26 AU 72),46.90899,6.34909,Plein jour,En agglomération,Intersection en T,Normale,Autre collision,4,2, -1,-1,1,1,1,0,1,-1,1,2,1,0,0,1,91.0,,voiture,,1,2,3,1,6
202400034870,2024-11-07 00:15:00,2024,11,7,0,15,93,93031,JEAN JAURES (AVENUE),48.95515757,2.31837291,Nuit avec éclairage allumé,En agglomération,Hors intersection,Normale,Autre collision,3,2,2,0,1,1,1,0,4,30,1,2,0,0,0,2,56.0,,voiture,,5,2,1,1,6
202400034871,2024-11-07 16:05:00,2024,11,7,16,5,93,93010,ROSNY (AV. DE),48.9033364,2.4705584,Crépuscule ou aube,En agglomération,Autre intersection,Temps couvert,Autre collision,3,1,2,0,1,1,1,9,1,50,1,2,1,0,0,1,35.0,,deux_roues,,2,2,9,8,6
202400034872,2024-12-13 07:50:00,2024,12,13,7,50,19,19031,RIBOT (AVENUE),45.16471,1.51197,Crépuscule ou aube,En agglomération,Hors intersection,Normale,Trois véhicules et plus - en chaîne,4,2,1,2,1,1,1,0,1,50,3,3,2,0,0,1,24.0,18.0,voiture,deux_roues,2,2,1,1,4
202400034873,2024-12-13 09:30:00,2024,12,13,9,30,13,13206,LIEUTAUD (COURS),43.28803,5.38474,Plein jour,En agglomération,Hors intersection,Normale,Deux véhicules - côté,4,2,0,0,1,1,1,0,1,50,2,2,1,0,0,1,28.0,59.0,deux_roues,utilitaire_camion,1,2,1,1,3
202400034874,2024-11-06 07:15:00,2024,11,6,7,15,93,93008,STALINGRAD (RUE DE) A10,48.91606523,2.42442097,Crépuscule ou aube,En agglomération,Autre intersection,Normale,Trois véhicules et plus - collisions multiples,3,2,2,0,1,1,1,0,1,50,3,3,1,0,0,2,22.0,29.0,voiture,voiture,2,2,9,1,5
202400034875,2024-11-06 12:37:00,2024,11,6,12,37,93,93007,"""PIERRE SEMARD (RUE """"COTE IMPAIRS"""")""",48.93254,2.47766,Plein jour,En agglomération,Hors intersection,Normale,Autre collision,3,2,2,0,2,1,1,0,1,50,1,2,1,0,0,1,38.0,,voiture,,1,2,1,1,6
202400034876,2024-12-13 07:00:00,2024,12,13,7,0,13,13214,AYGALADES (AVENUE DES),43.33385,5.3679,Nuit avec éclairage allumé,En agglomération,Hors intersection,Temps couvert,Deux véhicules - arrière,4,2,2,0,1,1,2,0,1,50,2,2,1,0,0,1,45.0,,deux_roues,voiture,5,2,1,8,2
202400034877,2024-11-07 22:39:00,2024,11,7,22,39,92,92078,CHARLES DE GAULLE (BD) (71 AU 153),48.94133896,2.32222125,Nuit avec éclairage allumé,En agglomération,Giratoire,Normale,Deux véhicules - côté,4,1,2,0,1,1,1,0,1,50,2,2,1,0,0,1,25.0,22.0,deux_roues,voiture,5,2,6,1,3
202400034877,2024-11-07 22:39:00,2024,11,7,22,39,92,92078,CHARLES DE GAULLE (BD) (71 AU 153),48.94133896,2.32222125,Nuit avec éclairage allumé,En agglomération,Giratoire,Normale,Deux véhicules - côté,4,1,1,0,1,2,1,0,1,50,2,2,1,0,0,1,25.0,22.0,deux_roues,voiture,5,2,6,1,3
202400034878,2024-12-13 00:30:00,2024,12,13,0,30,13,13208,MAZARGUES (AVENUE DE),43.25857265,5.39425402,Nuit avec éclairage allumé,En agglomération,Autre intersection,Normale,Deux véhicules - frontale,4,2,2,3,1,1,1,0,1,50,2,4,1,0,0,3,32.0,,voiture,autre,5,2,9,1,1
202400034879,2024-11-07 08:53:00,2024,11,7,8,53,92,92051,MAURICE BARRES (BOULEVARD),48.87950935,2.26587117,Plein jour,En agglomération,Hors intersection,Temps couvert,Autre collision,4,-1,2,0,1,1,1,0,1,50,2,2,1,0,0,1,31.0,55.0,deux_roues,voiture,1,2,1,8,6
202400034880,2024-12-13 11:25:00,2024,12,13,11,25,13,13070,ANTONETTI (AVENUE),43.28691,5.51636,Plein jour,En agglomération,Hors intersection,Normale,Deux véhicules - frontale,4,-1,2,0,1,1,1,0,1,50,2,2,1,0,0,1,63.0,54.0,deux_roues,voiture,1,2,1,1,1