accident_id,datetime,annee,mois,jour,heure,minute,departement,commune_insee,adresse,latitude,longitude,luminosite,agglomeration,intersection,meteo,collision,catr,circ,nbv,vosp,prof,plan,surf,infra,situ,vma,nb_vehicules,nb_usagers,nb_indemnes,nb_tues,nb_blesses_hosp,nb_blesses_legers,age_cond_1,age_cond_2,veh_type_cond_1,veh_type_cond_2,lum_code,agg_code,int_code,atm_code,col_code
202400034952,2024-12-10 13:45:00,2024,12,10,13,45,55,55181,91 Avenue du 8e Bcp,49.200475,5.646498,Plein jour,En agglomération,Hors intersection,Normale,Deux véhicules - côté,4,2,2,0,1,1,1,0,1,50,2,2,1,0,0,1,55.0,51.0,utilitaire_camion,voiture,1,2,1,1,3
202400034953,2024-12-13 21:20:00,2024,12,13,21,20,34,34031,D28,43.359065,3.435577,Nuit sans éclairage public,Hors agglomération,Autre intersection,Pluie légère,Autre collision,3,2,2,0,1,3,2,2,1,50,1,4,2,0,0,2,22.0,,voiture,,3,1,9,2,6
202400034954,2024-12-09 11:36:00,2024,12,9,11,36,25,25212,Rue de la Poste,47.2777,5.994013,Plein jour,En agglomération,Giratoire,Normale,Deux véhicules - frontale,4,2,2,0,1,2,1,5,1,50,2,3,2,0,0,1,20.0,84.0,voiture,voiture,1,2,6,1,1
202400034954,2024-12-09 11:36:00,2024,12,9,11,36,25,25212,Rue de la Poste,47.2777,5.994013,Plein jour,En agglomération,Giratoire,Normale,Deux véhicules - frontale,4,1,1,-1,1,3,1,0,1,50,2,3,2,0,0,1,20.0,84.0,voiture,voiture,1,2,6,1,1
202400034955,2024-12-14 09:15:00,2024,12,14,9,15,25,25130,D27,47.063223,6.207361,Crépuscule ou aube,Hors agglomération,Hors intersection,Brouillard / fumée,Autre collision,3,2,2,0,2,1,7,0,3,80,1,1,0,1,0,0,21.0,,voiture,,2,1,1,5,6
202400034956,2024-10-04 22:30:00,2024,10,4,22,30,35,35062,L?Eclardiere,48.35143997,-1.08583403,Nuit sans éclairage public,Hors agglomération,Hors intersection,Normale,Autre collision,3,2,2,0,2,3,1,0,3,80,1,1,0,0,1,0,41.0,,deux_roues,,3,1,1,1,6
202400034957,2024-12-13 19:50:00,2024,12,13,19,50,29,29274,Raden,48.006697,-3.692905,Nuit sans éclairage public,Hors agglomération,Hors intersection,Normale,Autre collision,4,2,2,0,1,1,1,0,1,80,1,1,0,0,0,1,69.0,,voiture,,3,1,1,1,6
202400034958,2024-12-14 15:15:00,2024,12,14,15,15,29,29163,D769,48.54516159,-3.82709942,Plein jour,Hors agglomération,Hors intersection,Pluie légère,Sans collision,3,2,2,0,1,3,2,0,3,80,1,5,3,0,1,1,20.0,,voiture,,1,1,1,2,7
202400034959,2024-12-13 19:00:00,2024,12,13,19,0,02,02716,Rue de Lercilly,49.61958,3.343787,Nuit avec éclairage allumé,En agglomération,Hors intersection,Normale,Sans collision,3,2,2,0,1,1,2,0,4,50,1,1,0,0,1,0,17.0,,deux_roues,,5,2,1,1,7
202400034960,2024-12-13 18:20:00,2024,12,13,18,20,01,01343,D1079,46.277756,4.955574,Nuit avec éclairage allumé,Hors agglomération,Intersection en X,Pluie légère,Deux véhicules - côté,3,2,0,0,1,1,2,0,1,80,2,2,1,0,1,0,28.0,27.0,voiture,voiture,5,1,2,2,3
202400034960,2024-12-13 18:20:00,2024,12,13,18,20,01,01343,D1079,46.277756,4.955574,Nuit avec éclairage allumé,Hors agglomération,Intersection en X,Pluie légère,Deux véhicules - côté,3,2,2,0,1,1,2,0,1,80,2,2,1,0,1,0,28.0,27.0,voiture,voiture,5,1,2,2,3
202400034961,2024-12-10 17:10:00,2024,12,10,17,10,26,26011,Rue Charles Chapoutat,44.716096,5.052307,Nuit avec éclairage allumé,En agglomération,Hors intersection,Normale,Deux véhicules - côté,3,2,2,0,1,1,1,0,1,50,2,2,1,0,0,1,60.0,38.0,voiture,deux_roues,5,2,1,1,3
202400034962,2024-12-13 20:50:00,2024,12,13,20,50,14,14367,D11,49.23210727,-1.05420202,Nuit sans éclairage public,Hors agglomération,Hors intersection,Normale,Autre collision,3,2,2,0,2,3,1,0,3,90,1,1,0,0,1,0,59.0,,voiture,,3,1,1,1,6
202400034963,2024-12-13 22:40:00,2024,12,13,22,40,36,36140,poudault N151,46.882576,1.835489,Nuit sans éclairage public,Hors agglomération,Hors intersection,Normale,Deux véhicules - frontale,2,2,2,0,1,1,1,0,1,80,2,2,0,1,1,0,28.0,29.0,voiture,voiture,3,1,1,1,1
202400034964,2024-12-14 09:45:00,2024,12,14,9,45,53,53035,D771,47.824465,-1.003243,Plein jour,Hors agglomération,Hors intersection,Normale,Deux véhicules - arrière,3,2,2,0,1,1,1,0,1,90,2,2,1,0,1,0,84.0,16.0,voiture,deux_roues,1,1,1,1,2
202400034965,2024-12-13 21:15:00,2024,12,13,21,15,85,85004,Rue du clos boisson,46.406954,-1.384615,Nuit sans éclairage public,En agglomération,Hors intersection,Normale,Autre collision,4,2,2,0,1,1,1,0,1,30,1,2,1,0,0,1,61.0,,voiture,,3,2,1,1,6
202400034966,2024-12-13 23:30:00,2024,12,13,23,30,30,30167,D51,44.274904,4.151652,Nuit avec éclairage non allumé,Hors agglomération,Hors intersection,Pluie légère,Sans collision,3,2,2,0,1,1,2,0,3,80,1,2,0,0,0,2,34.0,,voiture,,4,1,1,2,7
202400034967,2024-12-10 18:32:00,2024,12,10,18,32,88,88379,D32,48.345982,6.488628,Nuit avec éclairage non allumé,Hors agglomération,Hors intersection,Temps couvert,Deux véhicules - frontale,3,2,2,0,1,1,2,0,1,80,2,2,0,0,1,1,25.0,65.0,voiture,voiture,4,1,1,8,1
202400034968,2024-12-13 20:00:00,2024,12,13,20,0,973,97307,Route de Stoupan,4.771169,-52.339296,Nuit avec éclairage allumé,Hors agglomération,Hors intersection,Normale,Sans collision,3,2,2,0,1,1,1,0,8,70,1,1,0,0,1,0,32.0,,voiture,,5,1,1,1,7
202400034969,2024-12-07 01:30:00,2024,12,7,1,30,987,98745,RT 142,-16.659633,-151.456921,Nuit sans éclairage public,En agglomération,Hors intersection,Pluie légère,Sans collision,2,2,2,0,1,3,2,0,1,40,1,1,0,0,1,0,53.0,,deux_roues,,3,2,1,2,7
202400034970,2024-12-13 15:55:00,2024,12,13,15,55,27,27198,D51/D49,48.823692,1.007813,Plein jour,Hors agglomération,Intersection en X,Normale,Deux véhicules - frontale,3,1,2,0,1,1,1,5,1,80,2,2,1,0,0,1,40.0,34.0,utilitaire_camion,voiture,1,1,2,1,1
202400034970,2024-12-13 15:55:00,2024,12,13,15,55,27,27198,D51/D49,48.823692,1.007813,Plein jour,Hors agglomération,Intersection en X,Normale,Deux véhicules - frontale,3,2,2,-1,1,1,1,0,1,80,2,2,1,0,0,1,40.0,34.0,utilitaire_camion,voiture,1,1,2,1,1
202400034971,2024-12-13 23:00:00,2024,12,13,23,0,28,28199,A10,48.213807,1.847162,Nuit sans éclairage public,Hors agglomération,Hors intersection,Brouillard / fumée,Sans collision,1,3,3,0,1,1,2,0,3,130,1,2,1,0,1,0,43.0,,utilitaire_camion,,3,1,1,5,7
202400034972,2024-12-14 16:50:00,2024,12,14,16,50,59,59312,A26,50.014572,3.171709,Nuit sans éclairage public,Hors agglomération,Hors intersection,Normale,Sans collision,1,3,2,0,2,1,1,0,8,130,1,3,0,1,2,0,43.0,,voiture,,3,1,1,1,7
202400034973,2024-12-14 14:00:00,2024,12,14,14,0,988,98803,RT1 col de du CAP,-21.45664,165.30149,Plein jour,Hors agglomération,Hors intersection,Pluie forte,Autre collision,2,2,2,0,1,1,2,0,3,110,1,4,0,0,3,1,24.0,,voiture,,1,1,1,3,6
202400034974,2024-12-13 19:30:00,2024,12,13,19,30,34,34327,Rn 113,43.651386,3.959842,Nuit sans éclairage public,Hors agglomération,Hors intersection,Pluie forte,Deux véhicules - frontale,7,2,2,0,1,1,2,0,1,70,2,2,1,0,0,1,24.0,37.0,voiture,voiture,3,1,1,3,1
202400034975,2024-12-13 23:35:00,2024,12,13,23,35,67,67028,D206,48.379043,7.585695,Nuit sans éclairage public,Hors agglomération,Hors intersection,Brouillard / fumée,Autre collision,3,2,2,1,1,1,1,0,3,80,1,1,0,0,0,1,59.0,,voiture,,3,1,1,5,6
202400034976,2024-12-13 12:15:00,2024,12,13,12,15,73,73179,D1 Avenue costa de beauregard / Rue Riottot,45.588561,5.882589,Plein jour,En agglomération,Intersection en T,Normale,Deux véhicules - côté,3,2,2,0,1,1,1,5,1,50,2,2,1,0,0,1,21.0,33.0,deux_roues,voiture,1,2,3,1,3
202400034976,2024-12-13 12:15:00,2024,12,13,12,15,73,73179,D1 Avenue costa de beauregard / Rue Riottot,45.588561,5.882589,Plein jour,En agglomération,Intersection en T,Normale,Deux véhicules - côté,3,2,2,0,1,1,1,0,1,50,2,2,1,0,0,1,21.0,33.0,deux_roues,voiture,1,2,3,1,3
202400034977,2024-12-13 20:30:00,2024,12,13,20,30,69,69009,Rue du 3 Septembre 1944,45.934556,4.718447,Nuit avec éclairage allumé,En agglomération,Intersection en T,Pluie légère,Deux véhicules - frontale,3,2,2,0,2,3,2,0,1,30,2,3,1,0,0,2,21.0,21.0,voiture,voiture,5,2,3,2,1
202400034977,2024-12-13 20:30:00,2024,12,13,20,30,69,69009,Rue du 3 Septembre 1944,45.934556,4.718447,Nuit avec éclairage allumé,En agglomération,Intersection en T,Pluie légère,Deux véhicules - frontale,3,1,1,0,2,2,2,0,1,-1,2,3,1,0,0,2,21.0,21.0,voiture,voiture,5,2,3,2,1
202400034978,2024-12-13 18:25:00,2024,12,13,18,25,69,69289,Route de Givors,45.647183,5.017802,Nuit sans éclairage public,En agglomération,Hors intersection,Pluie légère,Deux véhicules - côté,3,2,2,0,1,1,2,0,1,50,2,2,1,0,0,1,24.0,24.0,voiture,deux_roues,3,2,1,2,3
202400034979,2024-12-13 18:55:00,2024,12,13,18,55,79,79303,,46.375007,-0.100283,Nuit sans éclairage public,Hors agglomération,Hors intersection,Normale,Sans collision,3,2,2,0,1,1,1,0,1,80,1,1,0,0,1,0,49.0,,voiture,,3,1,1,1,7
202400034980,2024-12-13 21:37:00,2024,12,13,21,37,35,35240,21 Avenue de la Bouvardière,48.09903307,-1.8015781,Nuit sans éclairage public,En agglomération,Hors intersection,Normale,Autre collision,4,3,2,2,1,1,1,0,1,50,1,2,1,0,1,0,27.0,,utilitaire_camion,,3,2,1,1,6
202400034981,2024-12-14 17:50:00,2024,12,14,17,50,80,80561,Route d’Ailly,49.645819,2.558656,Nuit sans éclairage public,En agglomération,Hors intersection,Normale,Deux véhicules - arrière,3,2,2,0,1,1,1,0,5,50,2,2,1,0,0,1,27.0,36.0,voiture,deux_roues,3,2,1,1,2
202400034982,2024-12-13 17:40:00,2024,12,13,17,40,59,59449,15 Route de Marchiennes,50.466053,3.252807,Nuit avec éclairage allumé,En agglomération,Hors intersection,Normale,Deux véhicules - frontale,3,2,2,0,2,1,1,0,1,30,2,2,1,0,0,1,20.0,81.0,deux_roues,voiture,5,2,1,1,1
202400034983,2024-12-12 16:55:00,2024,12,12,16,55,83,83126,A50,43.12011432,5.85101971,Crépuscule ou aube,Hors agglomération,Autre intersection,Normale,Trois véhicules et plus - en chaîne,1,1,2,0,3,1,1,3,1,50,3,3,2,0,0,1,50.0,54.0,voiture,deux_roues,2,1,9,1,4
202400034984,2024-12-13 16:07:00,2024,12,13,16,7,33,33397,,44.89954153,-0.49457823,Plein jour,Hors agglomération,Hors intersection,Normale,Deux véhicules - arrière,1,3,6,0,1,1,1,0,1,90,2,2,1,0,0,1,75.0,19.0,voiture,voiture,1,1,1,1,2
202400034985,2024-12-11 23:22:00,2024,12,11,23,22,59,59458,AUTOROUTE A23,50.56214,3.16852,Nuit sans éclairage public,Hors agglomération,Hors intersection,Normale,Autre collision,1,-1,2,0,1,1,1,0,2,130,2,5,4,0,1,0,,23.0,voiture,voiture,3,1,1,1,6
202400034986,2024-12-13 10:00:00,2024,12,13,10,0,94,94037,A6A,48.81567897,2.33682579,Plein jour,Hors agglomération,Hors intersection,Normale,Deux véhicules - arrière,1,3,3,0,1,1,1,1,1,70,2,3,2,0,0,1,52.0,49.0,transport_commun,voiture,1,1,1,1,2
202400034987,2024-12-11 21:25:00,2024,12,11,21,25,94,94003,A6B,48.7999444,2.34360832,Nuit avec éclairage allumé,Hors agglomération,Hors intersection,Normale,Autre collision,1,1,2,0,1,1,1,2,1,70,1,1,0,0,0,1,50.0,,utilitaire_camion,,5,1,1,1,6
202400034988,2024-12-13 19:18:00,2024,12,13,19,18,92,92048,N118,48.78686334,2.22255768,Nuit sans éclairage public,Hors agglomération,Hors intersection,Normale,Deux véhicules - arrière,2,1,2,0,1,1,1,0,1,90,2,2,1,0,0,1,66.0,24.0,voiture,deux_roues,3,1,1,1,2
202400034989,2024-12-13 18:30:00,2024,12,13,18,30,92,92064,A13,48.83983727,2.20716232,Nuit sans éclairage public,Hors agglomération,Hors intersection,Normale,Deux véhicules - arrière,1,1,3,0,1,1,1,0,1,90,2,2,1,0,0,1,29.0,32.0,voiture,utilitaire_camion,3,1,1,1,2
202400034990,2024-12-13 19:30:00,2024,12,13,19,30,92,92050,A86,48.90386109,2.20692694,Nuit sans éclairage public,Hors agglomération,Hors intersection,Normale,Deux véhicules - côté,1,-1,2,0,1,1,1,1,1,90,2,2,1,0,0,1,34.0,43.0,voiture,deux_roues,3,1,1,1,3
202400034991,2024-12-13 05:20:00,2024,12,13,5,20,78,78133,A13,48.889462,2.01033,Nuit sans éclairage public,Hors agglomération,Hors intersection,Normale,Deux véhicules - arrière,1,-1,2,0,1,1,1,0,1,110,2,2,0,0,1,1,49.0,24.0,voiture,voiture,3,1,1,1,2
202400034992,2024-12-13 03:12:00,2024,12,13,3,12,92,92050,A14,48.8991225,2.21449672,Nuit avec éclairage allumé,Hors agglomération,Hors intersection,Normale,Deux véhicules - arrière,1,1,3,0,1,1,1,1,1,90,2,2,1,0,0,1,35.0,60.0,voiture,voiture,5,1,1,1,2
202400034993,2024-12-12 15:00:00,2024,12,12,15,0,78,78217,A13,48.96564,1.814656,Plein jour,Hors agglomération,Hors intersection,Normale,Deux véhicules - arrière,1,-1,3,0,1,1,1,0,1,130,2,2,1,0,0,1,32.0,18.0,utilitaire_camion,voiture,1,1,1,1,2
202400034994,2024-12-11 17:52:00,2024,12,11,17,52,78,78297,RN12,48.79142,2.05624,Nuit sans éclairage public,Hors agglomération,Hors intersection,Normale,Deux véhicules - côté,2,-1,2,0,1,1,1,0,1,110,2,2,1,0,0,1,36.0,55.0,deux_roues,voiture,3,1,1,1,3
202400034995,2024-12-13 16:45:00,2024,12,13,16,45,93,93066,AUTOROUTE A1,48.90515615,2.35842786,Plein jour,Hors agglomération,Hors intersection,Normale,Deux véhicules - arrière,1,3,4,0,2,1,1,0,1,90,2,2,1,0,0,1,21.0,28.0,voiture,deux_roues,1,1,1,1,2
202400034996,2024-12-12 20:40:00,2024,12,12,20,40,93,93066,AUTOROUTE A1,48.90515615,2.35842786,Nuit sans éclairage public,Hors agglomération,Hors intersection,Normale,Trois véhicules et plus - collisions multiples,1,3,4,0,1,1,1,1,1,90,3,3,2,0,0,1,35.0,27.0,deux_roues,voiture,3,1,1,1,5
202400034997,2024-12-12 20:00:00,2024,12,12,20,0,95,95351,N104,49.03843116,2.48465076,Nuit sans éclairage public,Hors agglomération,Hors intersection,Normale,Trois véhicules et plus - en chaîne,2,3,2,0,1,1,1,0,1,110,3,3,1,0,0,2,60.0,48.0,voiture,utilitaire_camion,3,1,1,1,4
202400034998,2024-12-13 07:00:00,2024,12,13,7,0,94,94046,A86,48.8107449,2.44886756,Nuit avec éclairage allumé,Hors agglomération,Hors intersection,Normale,Deux véhicules - côté,1,1,4,0,1,1,1,9,1,90,2,2,1,0,0,1,35.0,35.0,utilitaire_camion,voiture,5,1,1,1,3
202400034999,2024-09-06 01:55:00,2024,9,6,1,55,57,57206,Autoroute A30,49.31063,6.11259,Nuit sans éclairage public,Hors agglomération,Hors intersection,Pluie forte,Sans collision,1,3,2,0,1,2,4,0,1,110,1,2,1,0,1,0,20.0,,deux_roues,,3,1,1,3,7
202400035000,2024-12-07 01:29:00,2024,12,7,1,29,987,98735,PRINCE HINOI (AVENUE),-17.53594,-149.56641,Nuit avec éclairage allumé,En agglomération,Intersection en X,Temps couvert,Deux véhicules - frontale,3,-1,2,0,1,1,1,0,1,50,2,2,1,0,0,1,43.0,28.0,voiture,deux_roues,5,2,2,8,1
202400035000,2024-12-07 01:29:00,2024,12,7,1,29,987,98735,PRINCE HINOI (AVENUE),-17.53594,-149.56641,Nuit avec éclairage allumé,En agglomération,Intersection en X,Temps couvert,Deux véhicules - frontale,3,-1,2,0,1,1,1,0,1,50,2,2,1,0,0,1,43.0,28.0,voiture,deux_roues,5,2,2,8,1
202400035001,2024-12-11 13:30:00,2024,12,11,13,30,974,97411,RIVIERE DES PLUIES (ROUTE DE LA),-20.9012,55.50118,Plein jour,En agglomération,Intersection en X,Normale,Deux véhicules - côté,2,3,2,0,1,1,1,0,1,50,2,3,1,0,2,0,23.0,28.0,deux_roues,voiture,1,2,2,1,3
202400035001,2024-12-11 13:30:00,2024,12,11,13,30,974,97411,RIVIERE DES PLUIES (ROUTE DE LA),-20.9012,55.50118,Plein jour,En agglomération,Intersection en X,Normale,Deux véhicules - côté,2,2,2,0,1,1,1,0,1,50,2,3,1,0,2,0,23.0,28.0,deux_roues,voiture,1,2,2,1,3
202400035002,2024-12-12 18:20:00,2024,12,12,18,20,974,97407,LAPIERRE HENRI(IMPASSE),-20.94188,55.2971,Plein jour,En agglomération,Hors intersection,Normale,Deux véhicules - frontale,4,1,1,0,1,3,1,0,1,30,2,2,1,0,0,1,32.0,43.0,voiture,deux_roues,1,2,1,1,1
202400035003,2024-12-11 19:05:00,2024,12,11,19,5,973,97302,BRASSE (LIEUTENANT),4.93645,-52.33251,Nuit avec éclairage non allumé,En agglomération,Intersection en X,Normale,Deux véhicules - côté,4,2,2,0,1,1,1,0,1,50,2,2,1,0,0,1,30.0,29.0,deux_roues,deux_roues,4,2,2,1,3
202400035003,2024-12-11 19:05:00,2024,12,11,19,5,973,97302,BRASSE (LIEUTENANT),4.93645,-52.33251,Nuit avec éclairage non allumé,En agglomération,Intersection en X,Normale,Deux véhicules - côté,4,1,1,0,1,1,1,0,1,50,2,2,1,0,0,1,30.0,29.0,deux_roues,deux_roues,4,2,2,1,3
202400035004,2024-12-11 14:25:00,2024,12,11,14,25,973,97302,SOURCE DE BADUEL (CHEMIN DE LA),4.92957064,-52.3087914,Plein jour,En agglomération,Intersection en T,Normale,Deux véhicules - côté,4,2,2,0,1,1,1,0,1,50,2,2,1,0,0,1,52.0,21.0,deux_roues,voiture,1,2,3,1,3
202400035004,2024-12-11 14:25:00,2024,12,11,14,25,973,97302,SOURCE DE BADUEL (CHEMIN DE LA),4.92957064,-52.3087914,Plein jour,En agglomération,Intersection en T,Normale,Deux véhicules - côté,4,2,2,0,2,1,1,0,1,50,2,2,1,0,0,1,52.0,21.0,deux_roues,voiture,1,2,3,1,3
202400035005,2024-12-12 16:20:00,2024,12,12,16,20,971,97113,RN4-ROND POINT SAINT FELIX,16.20777,-61.44629,Plein jour,Hors agglomération,Hors intersection,Normale,Deux véhicules - côté,2,2,2,0,1,1,1,0,1,70,2,2,1,0,1,0,31.0,33.0,voiture,deux_roues,1,1,1,1,3
202400035006,2024-12-08 12:00:00,2024,12,8,12,0,95,95539,D301,49.00473154,2.35718329,Plein jour,Hors agglomération,Hors intersection,Pluie forte,Trois véhicules et plus - collisions multiples,3,1,2,0,2,1,2,0,1,90,3,3,2,0,0,1,50.0,26.0,voiture,voiture,1,1,1,3,5
202400035007,2024-12-12 12:35:00,2024,12,12,12,35,95,95539,D301,49.00029744,2.35962401,Plein jour,Hors agglomération,Hors intersection,Temps couvert,Trois véhicules et plus - collisions multiples,3,1,2,0,1,1,1,0,1,90,3,6,0,0,0,6,39.0,37.0,voiture,utilitaire_camion,1,1,1,8,5
202400035008,2024-12-11 09:20:00,2024,12,11,9,20,95,95680,D10,49.01972953,2.41422927,Plein jour,Hors agglomération,Hors intersection,Pluie légère,Deux véhicules - frontale,3,1,2,0,2,1,2,0,1,70,2,3,0,0,1,2,46.0,43.0,voiture,voiture,1,1,1,2,1
202400035009,2024-12-12 20:50:00,2024,12,12,20,50,95,95063,HENRI HERVE (RUE),48.92732925,2.21693873,Nuit avec éclairage allumé,En agglomération,Hors intersection,Normale,Autre collision,4,1,1,0,1,1,1,0,4,50,1,8,5,0,1,2,39.0,,voiture,,5,2,1,1,6
202400035010,2024-12-12 18:00:00,2024,12,12,18,0,91,91689,BD DE L EUROPE,48.73026,2.3353,Nuit sans éclairage public,Hors agglomération,Hors intersection,Normale,Deux véhicules - frontale,3,2,2,1,1,1,1,0,1,50,2,2,1,0,0,1,33.0,33.0,voiture,deux_roues,3,1,1,1,1
202400035011,2024-12-12 10:14:00,2024,12,12,10,14,87,87075,CHATEAU (AVENUE DU),45.80799,1.21572,Plein jour,En agglomération,Hors intersection,Normale,Autre collision,4,2,1,0,1,1,2,0,1,30,1,2,1,0,0,1,66.0,,voiture,,1,2,1,1,6
202400035012,2024-12-11 08:23:00,2024,12,11,8,23,87,87050,PASCAUD (RUE DU DOCTEUR),45.87992,1.23931,Crépuscule ou aube,En agglomération,Autre intersection,Normale,Autre collision,6,-1, -1,0,1,1,1,0,1,30,1,2,1,0,1,0,35.0,,voiture,,2,2,9,1,6
202400035013,2024-12-12 08:00:00,2024,12,12,8,0,30,30011,6580 (RD),43.9612,4.74526,Plein jour,En agglomération,Hors intersection,Normale,Deux véhicules - arrière,3,3,2,0,1,1,1,0,1,80,2,2,1,0,0,1,68.0,39.0,voiture,voiture,1,2,1,1,2
202400035014,2024-03-02 13:30:00,2024,3,2,13,30,13,13004,N572,43.683265,4.584697,Plein jour,Hors agglomération,Hors intersection,Normale,Trois véhicules et plus - collisions multiples,2,1,2,0,1,1,1,0,3,110,1,1,0,0,1,0,24.0,,voiture,,1,1,1,1,5
202400035015,2024-02-26 13:05:00,2024,2,26,13,5,71,71238,D982,46.234563,4.041381,Plein jour,Hors agglomération,Hors intersection,Normale,Autre collision,3,2,2,0,1,1,1,0,3,80,1,1,0,0,1,0,21.0,,voiture,,1,1,1,1,6
202400035016,2024-02-27 05:20:00,2024,2,27,5,20,67,67101,D1420,48.524801,7.465886,Nuit sans éclairage public,Hors agglomération,Hors intersection,Normale,Deux véhicules - arrière,3,3,2,0,1,1,1,0,1,70,2,2,1,0,1,0,60.0,43.0,voiture,utilitaire_camion,3,1,1,1,2
202400035017,2024-02-14 19:12:00,2024,2,14,19,12,38,38276,Route Departementale 1085,45.566967,5.302805,Nuit avec éclairage allumé,En agglomération,Hors intersection,Normale,Deux véhicules - côté,3,2,1,1,1,1,1,0,1,70,2,2,1,0,1,0,25.0,48.0,deux_roues,voiture,5,2,1,1,3
202400035018,2024-03-02 07:00:00,2024,3,2,7,0,38,38205,3666 Route de Villard,45.102797,5.56148,Crépuscule ou aube,Hors agglomération,Autre intersection,Normale,Deux véhicules - côté,3,2,2,0,1,1,1,0,1,70,2,2,1,0,1,0,43.0,69.0,voiture,utilitaire_camion,2,1,9,1,3
202400035019,2024-03-02 08:00:00,2024,3,2,8,0,65,65399,D921,42.903932,-0.031414,Plein jour,Hors agglomération,Hors intersection,Normale,Deux véhicules - frontale,3,2,2,0,1,3,2,0,1,80,2,5,3,0,0,2,52.0,55.0,voiture,voiture,1,1,1,1,1
202400035020,2024-03-01 21:00:00,2024,3,1,21,0,46,46102,D662,44.59070163,2.00003016,Nuit sans éclairage public,Hors agglomération,Hors intersection,Normale,Deux véhicules - frontale,3,2,2,0,3,2,1,0,1,80,2,2,1,1,0,0,25.0,64.0,utilitaire_camion,deux_roues,3,1,1,1,1
202400035021,2024-03-02 10:40:00,2024,3,2,10,40,86,86026,D759,47.065946,0.163584,Plein jour,Hors agglomération,Hors intersection,Pluie forte,Sans collision,3,2,2,0,1,4,2,0,3,50,1,1,0,1,0,0,43.0,,voiture,,1,1,1,3,7
202400035022,2024-03-01 17:30:00,2024,3,1,17,30,33,33248,,45.091366,-0.798289,Plein jour,Hors agglomération,Hors intersection,Pluie légère,Trois véhicules et plus - en chaîne,3,2,2,0,1,1,2,0,1,80,3,3,2,0,1,0,51.0,40.0,voiture,utilitaire_camion,1,1,1,2,4
202400035023,2024-03-01 18:50:00,2024,3,1,18,50,53,53011,D4,47.938082,-0.866139,Crépuscule ou aube,Hors agglomération,Intersection en X,Normale,Deux véhicules - côté,3,2,2,0,3,1,1,5,1,80,2,2,1,0,1,0,33.0,19.0,voiture,deux_roues,2,1,2,1,3
202400035023,2024-03-01 18:50:00,2024,3,1,18,50,53,53011,D4,47.938082,-0.866139,Crépuscule ou aube,Hors agglomération,Intersection en X,Normale,Deux véhicules - côté,3,2,2,0,1,1,1,5,1,80,2,2,1,0,1,0,33.0,19.0,voiture,deux_roues,2,1,2,1,3
202400035024,2024-03-02 01:45:00,2024,3,2,1,45,59,59534,Route de Landrecies,50.121225,3.908858,Nuit sans éclairage public,Hors agglomération,Hors intersection,Pluie légère,Sans collision,3,2,2,0,2,1,2,9,3,80,1,2,1,1,0,0,40.0,,voiture,,3,1,1,2,7
202400035025,2024-03-01 08:10:00,2024,3,1,8,10,13,13216,A55-Sens Marseille vers Martigues,43.33806717,5.34883659,Plein jour,Hors agglomération,Hors intersection,Normale,Deux véhicules - frontale,1,1,3,0,1,3,1,0,3,90,1,1,0,0,0,1,28.0,,deux_roues,,1,1,1,1,1
202400035026,2024-03-01 12:39:00,2024,3,1,12,39,33,33013,,44.86872,-0.50274,Plein jour,Hors agglomération,Hors intersection,Normale,Trois véhicules et plus - en chaîne,2,3,2,0,1,1,2,3,1,50,4,4,3,0,0,1,39.0,23.0,voiture,voiture,1,1,1,1,4
202400035027,2024-03-01 12:00:00,2024,3,1,12,0,33,33192,,44.78614,-0.59541,Plein jour,Hors agglomération,Hors intersection,Pluie forte,Deux véhicules - arrière,1,3,6,0,1,1,2,0,1,90,2,2,0,0,0,2,49.0,58.0,utilitaire_camion,voiture,1,1,1,3,2
202400035028,2024-02-28 18:39:00,2024,2,28,18,39,33,33122,AUTOROUTE A 63,44.74361,-0.70573,Plein jour,Hors agglomération,Hors intersection,Normale,Trois véhicules et plus - en chaîne,1,3,2,0,1,1,1,0,1,130,4,8,1,0,1,6,47.0,42.0,voiture,voiture,1,1,1,1,4
202400035029,2024-03-01 18:15:00,2024,3,1,18,15,91,91339,RN 104,48.63036,2.23661,Nuit sans éclairage public,Hors agglomération,Hors intersection,Pluie légère,Deux véhicules - côté,2,3,2,0,1,1,2,0,1,110,2,2,1,0,0,1,36.0,20.0,deux_roues,utilitaire_camion,3,1,1,2,3
202400035030,2024-01-16 08:50:00,2024,1,16,8,50,13,13205,JEANNE D'ARC (BOULEVARD),43.2939,5.3998,Plein jour,En agglomération,Intersection en X,Normale,Deux véhicules - côté,4,2,2,0,1,1,1,0,1,50,2,2,1,0,0,1,40.0,,deux_roues,voiture,1,2,2,1,3
202400035030,2024-01-16 08:50:00,2024,1,16,8,50,13,13205,JEANNE D'ARC (BOULEVARD),43.2939,5.3998,Plein jour,En agglomération,Intersection en X,Normale,Deux véhicules - côté,4,1,1,0,1,1,1,0,1,50,2,2,1,0,0,1,40.0,,deux_roues,voiture,1,2,2,1,3