accident_id,datetime,annee,mois,jour,heure,minute,departement,commune_insee,adresse,latitude,longitude,luminosite,agglomeration,intersection,meteo,collision,catr,circ,nbv,vosp,prof,plan,surf,infra,situ,vma,nb_vehicules,nb_usagers,nb_indemnes,nb_tues,nb_blesses_hosp,nb_blesses_legers,age_cond_1,age_cond_2,veh_type_cond_1,veh_type_cond_2,lum_code,agg_code,int_code,atm_code,col_code
202400035173,2024-02-29 18:00:00,2024,2,29,18,0,91,91570,MONTLHERY (RUE DE),48.63425,2.29983,Plein jour,En agglomération,Hors intersection,Pluie légère,Autre collision,3,2,2,0,2,1,2,0,1,50,1,2,1,0,0,1,57.0,,voiture,,1,2,1,2,6
202400035174,2024-01-17 05:43:00,2024,1,17,5,43,57,57111,autoroute A4 - pk 307.700,49.1953813,6.09445095,Nuit sans éclairage public,Hors agglomération,Hors intersection,Neige / grêle,Deux véhicules - arrière,1,3,2,0,2,2,7,0,1,130,2,2,0,0,0,2,24.0,56.0,voiture,utilitaire_camion,3,1,1,4,2
202400035175,2024-05-12 08:35:00,2024,5,12,8,35,33,33517,,45.056186,-0.699869,Plein jour,En agglomération,Hors intersection,Pluie légère,Deux véhicules - frontale,3,2,2,0,1,3,2,0,1,50,2,2,1,0,0,1,19.0,48.0,voiture,voiture,1,2,1,2,1
202400035176,2024-01-17 00:15:00,2024,1,17,0,15,52,52074,A31 PK 152+600 direction DIJON,48.07992767,5.61354639,Nuit sans éclairage public,Hors agglomération,Hors intersection,Pluie légère,Deux véhicules - arrière,1,3,4,0,2,2,7,0,1,130,2,2,1,0,1,0,56.0,57.0,utilitaire_camion,utilitaire_camion,3,1,1,2,2
202400035177,2024-02-29 16:00:00,2024,2,29,16,0,91,91425,ORLEANS (ROUTE D'),48.64909,2.27222,Plein jour,Hors agglomération,Hors intersection,Pluie légère,Deux véhicules - arrière,3,2,4,0,1,1,2,0,1,50,2,2,0,0,0,2,83.0,59.0,voiture,utilitaire_camion,1,1,1,2,2
202400035178,2024-03-26 08:50:00,2024,3,26,8,50,13,13025,A8,43.48329,5.540054,Plein jour,Hors agglomération,Autre intersection,Pluie légère,Deux véhicules - côté,1,3,0,0,1,1,2,0,1,110,2,2,1,0,0,1,69.0,57.0,voiture,utilitaire_camion,1,1,9,2,3
202400035179,2024-05-16 10:45:00,2024,5,16,10,45,50,50288,Route de Granville,48.695504,-1.376402,Plein jour,En agglomération,Autre intersection,Normale,Deux véhicules - arrière,3,2,2,0,1,1,1,0,1,30,2,2,1,0,0,1,23.0,56.0,voiture,voiture,1,2,9,1,2
202400035180,2024-01-17 17:52:00,2024,1,17,17,52,29,29105,Rue Chateaubriand,48.51809958,-4.07663052,Nuit sans éclairage public,Hors agglomération,Hors intersection,Pluie forte,Autre collision,2,3,2,0,1,1,2,0,8,110,1,1,0,0,1,0,43.0,,voiture,,3,1,1,3,6
202400035181,2024-04-09 04:00:00,2024,4,9,4,0,51,51572,Autoroute A4 pk 193+450,49.03753899,4.6265569,Nuit sans éclairage public,Hors agglomération,Hors intersection,Pluie légère,Autre collision,1,3,2,0,1,1,2,0,3,130,1,1,0,0,0,1,26.0,,utilitaire_camion,,3,1,1,2,6
202400035182,2024-02-29 07:45:00,2024,2,29,7,45,91,91645,VAUDONNIERE (ALLEE DE LA),48.74026,2.2495,Crépuscule ou aube,En agglomération,Hors intersection,Pluie légère,Deux véhicules - frontale,4,2,2,0,1,2,2,0,1,50,2,2,1,0,0,1,55.0,18.0,voiture,deux_roues,2,2,1,2,1
202400035183,2024-01-18 14:15:00,2024,1,18,14,15,26,26333,Rue de Picpus,45.173116,4.823025,Plein jour,Hors agglomération,Hors intersection,Pluie légère,Sans collision,4,2,2,0,1,3,8,0,1,80,1,1,0,0,1,0,56.0,,deux_roues,,1,1,1,2,7
202400035184,2024-01-18 10:20:00,2024,1,18,10,20,72,72231,13 Avenue Abel Tirand,47.93896352,0.36161005,Plein jour,En agglomération,Autre intersection,Normale,Autre collision,3,2,2,0,4,1,2,0,4,50,1,1,0,1,0,0,65.0,,voiture,,1,2,9,1,6
202400035185,2024-05-17 17:30:00,2024,5,17,17,30,59,59449,Rue Jules Rieu,50.481364,3.25176,Plein jour,En agglomération,Hors intersection,Normale,Trois véhicules et plus - collisions multiples,3,2,2,1,1,1,1,0,1,50,3,6,2,0,0,4,21.0,40.0,voiture,transport_commun,1,2,1,1,5
202400035186,2024-02-29 08:00:00,2024,2,29,8,0,91,91326,COUR DE FRANCE (AVENUE DE LA),48.692923,2.370713,Plein jour,En agglomération,Intersection en T,Pluie légère,Deux véhicules - côté,3,2,2,0,1,1,2,0,1,50,2,2,1,0,1,0,56.0,26.0,deux_roues,voiture,1,2,3,2,3
202400035186,2024-02-29 08:00:00,2024,2,29,8,0,91,91326,COUR DE FRANCE (AVENUE DE LA),48.692923,2.370713,Plein jour,En agglomération,Intersection en T,Pluie légère,Deux véhicules - côté,3,2,2,0,1,1,2,0,1,50,2,2,1,0,1,0,56.0,26.0,deux_roues,voiture,1,2,3,2,3
202400035187,2024-04-08 17:50:00,2024,4,8,17,50,13,13114,6784 Route de Berre,43.540958,5.26361,Plein jour,Hors agglomération,Hors intersection,Normale,Deux véhicules - côté,3,2,2,1,1,1,1,0,1,80,3,3,2,0,1,0,46.0,25.0,voiture,deux_roues,1,1,1,1,3
202400035188,2024-02-29 21:30:00,2024,2,29,21,30,91,91228,BD LOUISE MICHEL,48.61599,2.43903,Nuit avec éclairage allumé,En agglomération,Hors intersection,Pluie légère,Autre collision,4,2,2,0,1,1,2,0,1,50,1,1,0,0,0,1,24.0,,voiture,,5,2,1,2,6
202400035189,2024-01-18 14:40:00,2024,1,18,14,40,77,77406,D61 ,48.82884,3.20038,Plein jour,Hors agglomération,Hors intersection,Neige / grêle,Autre collision,3,2,2,0,2,4,7,0,1,80,3,3,2,1,0,0,21.0,77.0,voiture,deux_roues,1,1,1,4,6
202400035190,2024-04-08 16:15:00,2024,4,8,16,15,971,97116,Brion,16.320278,-61.455599,Plein jour,Hors agglomération,Hors intersection,Normale,Deux véhicules - frontale,4,2,2,0,1,3,1,0,1,50,2,2,1,0,1,0,54.0,15.0,voiture,deux_roues,1,1,1,1,1
202400035191,2024-05-15 17:40:00,2024,5,15,17,40,13,13005,A50-Sens Marseille vers Aubagne,43.28664642,5.53629823,Plein jour,Hors agglomération,Hors intersection,Normale,Trois véhicules et plus - en chaîne,1,-1,3,0,1,1,1,0,1,90,3,6,4,0,0,2,32.0,19.0,voiture,voiture,1,1,1,1,4
202400035192,2024-02-27 12:40:00,2024,2,27,12,40,86,86194,ROCADE OUEST (RD 910),46.601813,0.324585,Plein jour,En agglomération,Hors intersection,Normale,Deux véhicules - côté,3,2,2,0,1,1,1,0,1,70,2,2,1,0,0,1,42.0,50.0,deux_roues,voiture,1,2,1,1,3
202400035193,2024-04-08 06:30:00,2024,4,8,6,30,45,45202,D918 PR 3 + 250,47.794173,1.642123,Crépuscule ou aube,Hors agglomération,Hors intersection,Autre,Deux véhicules - arrière,3,2,2,0,2,1,9,9,1,80,2,2,1,0,1,0,57.0,23.0,voiture,deux_roues,2,1,1,9,2
202400035194,2024-05-16 08:50:00,2024,5,16,8,50,83,83137,A50,43.12657383,5.8890491,Plein jour,Hors agglomération,Hors intersection,Normale,Trois véhicules et plus - en chaîne,1,1,6,0,1,1,1,0,1,70,3,3,2,0,0,1,46.0,22.0,deux_roues,voiture,1,1,1,1,4
202400035195,2024-01-18 18:45:00,2024,1,18,18,45,51,51165,N4,48.739755,3.94936,Nuit sans éclairage public,Hors agglomération,Hors intersection,Brouillard / fumée,Deux véhicules - frontale,2,2,2,0,1,1,2,0,1,80,2,4,2,0,0,2,22.0,63.0,voiture,voiture,3,1,1,5,1
202400035196,2024-02-25 15:50:00,2024,2,25,15,50,84,84007,LYON (route de ),43.95055,4.82501,Plein jour,En agglomération,Hors intersection,Normale,Deux véhicules - frontale,4,2,3,3,1,1,1,0,1,50,2,3,1,0,0,2,58.0,38.0,voiture,voiture,1,2,1,1,1
202400035197,2024-04-09 08:24:00,2024,4,9,8,24,77,77469,D231,48.724307,3.028155,Plein jour,Hors agglomération,Hors intersection,Normale,Deux véhicules - côté,3,2,2,0,1,1,1,2,1,80,2,2,1,0,1,0,27.0,51.0,utilitaire_camion,voiture,1,1,1,1,3
202400035198,2024-05-10 23:18:00,2024,5,10,23,18,83,83069,A570,43.12347776,6.09641738,Nuit sans éclairage public,Hors agglomération,Hors intersection,Normale,Deux véhicules - côté,1,1,2,0,1,1,2,0,1,110,2,2,1,0,0,1,37.0,42.0,utilitaire_camion,voiture,3,1,1,1,3
202400035199,2024-01-17 17:20:00,2024,1,17,17,20,46,46038,525 avenue Charles de Gaulle,44.9200025,1.83281243,Nuit avec éclairage allumé,En agglomération,Hors intersection,Pluie légère,Autre collision,3,2,2,0,1,1,2,0,4,50,2,3,2,0,1,0,25.0,65.0,utilitaire_camion,voiture,5,2,1,2,6
202400035200,2024-02-28 18:25:00,2024,2,28,18,25,81,81004,CROIX VERTE (DE LA),43.92875,2.15052,Plein jour,En agglomération,Intersection en Y,Normale,Autre collision,4,1,1,0,1,1,1,0,1,30,1,2,1,0,0,1,20.0,,deux_roues,,1,2,4,1,6
202400035200,2024-02-28 18:25:00,2024,2,28,18,25,81,81004,CROIX VERTE (DE LA),43.92875,2.15052,Plein jour,En agglomération,Intersection en Y,Normale,Autre collision,4,2, -1,-1,1,1,1,5,1,30,1,2,1,0,0,1,20.0,,deux_roues,,1,2,4,1,6
202400035201,2024-05-16 08:50:00,2024,5,16,8,50,33,33318,,44.80295,-0.65987,Plein jour,Hors agglomération,Hors intersection,Normale,Deux véhicules - arrière,1,3,6,0,1,1,2,3,1,90,2,2,1,0,0,1,47.0,42.0,deux_roues,voiture,1,1,1,1,2
202400035202,2024-01-12 19:15:00,2024,1,12,19,15,39,39006,,46.946266,5.807084,Nuit sans éclairage public,Hors agglomération,Hors intersection,Normale,Sans collision,3,2,2,0,1,1,1,0,3,80,1,1,0,0,1,0,40.0,,voiture,,3,1,1,1,7
202400035203,2024-04-08 14:30:00,2024,4,8,14,30,05,05070,Chemin des Iles,44.311113,5.822196,Plein jour,En agglomération,Intersection en T,Normale,Deux véhicules - côté,3,1,1,0,1,1,1,0,1,50,2,3,1,0,0,2,75.0,45.0,voiture,voiture,1,2,3,1,3
202400035203,2024-04-08 14:30:00,2024,4,8,14,30,05,05070,Chemin des Iles,44.311113,5.822196,Plein jour,En agglomération,Intersection en T,Normale,Deux véhicules - côté,3,2,2,-1,1,1,1,0,1,50,2,3,1,0,0,2,75.0,45.0,voiture,voiture,1,2,3,1,3
202400035204,2024-05-15 15:50:00,2024,5,15,15,50,33,33550,,44.779677,-0.548948,Plein jour,Hors agglomération,Hors intersection,Pluie légère,Deux véhicules - arrière,1,3,6,0,1,1,2,0,1,90,2,2,1,0,0,1,51.0,31.0,utilitaire_camion,utilitaire_camion,1,1,1,2,2
202400035205,2024-04-05 15:00:00,2024,4,5,15,0,25,25057,Rue de la Vieille Eglise,47.531834,6.798895,Plein jour,En agglomération,Hors intersection,Normale,Autre collision,4,2,2,0,2,1,1,0,1,50,1,2,1,0,1,0,38.0,,voiture,,1,2,1,1,6
202400035206,2024-01-18 16:40:00,2024,1,18,16,40,39,39006,,46.97144,5.802038,Plein jour,Hors agglomération,Hors intersection,Pluie forte,Trois véhicules et plus - collisions multiples,2,2,3,0,1,1,2,0,1,80,4,7,5,0,2,0,43.0,27.0,utilitaire_camion,utilitaire_camion,1,1,1,3,5
202400035207,2024-02-29 11:34:00,2024,2,29,11,34,78,78005,THOREZ (AVENUE MAURICE),48.96735,2.07349,Plein jour,En agglomération,Hors intersection,Pluie légère,Autre collision,4,-1,2,0,1,1,2,0,1,50,1,6,4,0,0,2,51.0,,voiture,,1,2,1,2,6
202400035208,2024-05-13 08:39:00,2024,5,13,8,39,59,59350,AUTOROUTE A25,50.62218437,3.02435724,Plein jour,Hors agglomération,Hors intersection,Normale,Trois véhicules et plus - collisions multiples,1,3,3,0,1,1,1,0,1,70,4,4,3,0,0,1,46.0,24.0,deux_roues,voiture,1,1,1,1,5
202400035209,2024-04-07 14:15:00,2024,4,7,14,15,57,57212,Route d'Augny,49.038501,6.105604,Plein jour,Hors agglomération,Hors intersection,Normale,Autre collision,7,2,2,0,1,2,1,0,8,80,1,4,3,0,1,0,34.0,,voiture,,1,1,1,1,6
202400035210,2024-01-17 21:20:00,2024,1,17,21,20,44,44187,L’Epinette,47.197304,-2.076132,Nuit sans éclairage public,Hors agglomération,Hors intersection,Pluie légère,Deux véhicules - frontale,3,2,2,0,2,3,2,0,1,80,2,2,0,1,0,1,24.0,38.0,voiture,voiture,3,1,1,2,1
202400035211,2024-05-12 02:20:00,2024,5,12,2,20,62,62628,A21,50.43342729,2.86370091,Nuit sans éclairage public,Hors agglomération,Hors intersection,Normale,Sans collision,1,-1,2,0,1,1,1,0,1,130,1,1,0,0,1,0,33.0,,voiture,,3,1,1,1,7
202400035212,2024-02-28 18:25:00,2024,2,28,18,25,76,76351,ACACIAS (DES),49.50906,0.1409,Nuit avec éclairage allumé,En agglomération,Intersection en X,Pluie légère,Autre collision,4,2,2,0,1,2,2,0,1,50,1,1,0,0,0,1,17.0,,deux_roues,,5,2,2,2,6
202400035212,2024-02-28 18:25:00,2024,2,28,18,25,76,76351,ACACIAS (DES),49.50906,0.1409,Nuit avec éclairage allumé,En agglomération,Intersection en X,Pluie légère,Autre collision,4,2,2,0,1,2,2,0,1,50,1,1,0,0,0,1,17.0,,deux_roues,,5,2,2,2,6
202400035213,2024-04-08 13:10:00,2024,4,8,13,10,73,73051,Boulevard du lac,45.652591,5.860895,Plein jour,En agglomération,Hors intersection,Normale,Deux véhicules - arrière,6,-1, -1,0,1,1,1,0,8,-1,2,2,1,0,1,0,21.0,84.0,voiture,deux_roues,1,2,1,1,2
202400035214,2024-01-18 15:49:00,2024,1,18,15,49,29,29220,Rue de Kérentrée,47.86496,-4.227608,Plein jour,En agglomération,Intersection en Y,Normale,Autre collision,4,2,2,0,2,1,1,5,1,-1,2,2,1,0,0,1,68.0,65.0,voiture,deux_roues,1,2,4,1,6
202400035214,2024-01-18 15:49:00,2024,1,18,15,49,29,29220,Rue de Kérentrée,47.86496,-4.227608,Plein jour,En agglomération,Intersection en Y,Normale,Autre collision,4,2, -1,-1,1,1,1,0,1,-1,2,2,1,0,0,1,68.0,65.0,voiture,deux_roues,1,2,4,1,6
202400035215,2024-02-28 19:00:00,2024,2,28,19,0,76,76414,D1,49.895,1.136,Nuit sans éclairage public,Hors agglomération,Hors intersection,Pluie légère,Sans collision,3,2,2,0,1,3,2,0,1,80,1,1,0,0,0,1,56.0,,deux_roues,,3,1,1,2,7
202400035216,2024-05-16 18:50:00,2024,5,16,18,50,91,91617,RN 104,48.6325,2.5314,Plein jour,Hors agglomération,Hors intersection,Normale,Deux véhicules - côté,2,2,2,0,1,1,1,0,1,90,2,2,1,0,0,1,20.0,20.0,voiture,deux_roues,1,1,1,1,3
202400035217,2024-01-17 09:10:00,2024,1,17,9,10,03,03258,9 rue de saint pourçain sur sioule,46.195896,3.369091,Plein jour,Hors agglomération,Hors intersection,Temps couvert,Autre collision,3,2,2,0,1,1,2,0,8,90,1,1,0,1,0,0,20.0,,voiture,,1,1,1,8,6
202400035218,2024-02-29 13:45:00,2024,2,29,13,45,74,74010,BEL AIR,45.913427,6.12245,Plein jour,En agglomération,Hors intersection,Normale,Autre collision,4,2,2,0,1,1,1,0,1,50,1,2,1,0,0,1,39.0,,voiture,,1,2,1,1,6
202400035219,2024-01-18 16:50:00,2024,1,18,16,50,01,01269,Route de La-cluse,46.163398,5.591344,Crépuscule ou aube,Hors agglomération,Hors intersection,Pluie forte,Autre collision,3,2,2,1,1,1,2,9,1,50,1,1,0,0,0,1,46.0,,voiture,,2,1,1,3,6
202400035220,2024-04-08 17:40:00,2024,4,8,17,40,33,33262,,44.99391,-0.610369,Plein jour,Hors agglomération,Intersection en X,Pluie légère,Deux véhicules - côté,3,2,2,0,1,1,2,5,1,80,2,5,4,0,0,1,77.0,38.0,voiture,voiture,1,1,2,2,3
202400035220,2024-04-08 17:40:00,2024,4,8,17,40,33,33262,,44.99391,-0.610369,Plein jour,Hors agglomération,Intersection en X,Pluie légère,Deux véhicules - côté,3,2,2,0,3,1,2,5,1,80,2,5,4,0,0,1,77.0,38.0,voiture,voiture,1,1,2,2,3
202400035221,2024-05-16 15:50:00,2024,5,16,15,50,94,94016,A6B,48.7950526,2.34443674,Plein jour,Hors agglomération,Hors intersection,Normale,Deux véhicules - arrière,1,2,2,0,1,1,1,0,1,90,2,3,2,0,0,1,44.0,54.0,utilitaire_camion,voiture,1,1,1,1,2
202400035222,2024-02-28 17:10:00,2024,2,28,17,10,73,73011,Avenue des chasseurs alpins,45.66548,6.38939,Plein jour,En agglomération,Giratoire,Temps couvert,Autre collision,4,2,2,2,3,1,1,5,1,50,1,2,1,0,1,0,49.0,,voiture,,1,2,6,8,6
202400035223,2024-01-17 19:20:00,2024,1,17,19,20,01,01388,D975,46.45888,5.084336,Nuit sans éclairage public,En agglomération,Intersection en X,Pluie forte,Deux véhicules - côté,3,2,2,0,1,1,2,0,1,50,2,2,1,0,0,1,50.0,43.0,utilitaire_camion,voiture,3,2,2,3,3
202400035223,2024-01-17 19:20:00,2024,1,17,19,20,01,01388,D975,46.45888,5.084336,Nuit sans éclairage public,En agglomération,Intersection en X,Pluie forte,Deux véhicules - côté,3,2,1,0,1,1,2,0,1,50,2,2,1,0,0,1,50.0,43.0,utilitaire_camion,voiture,3,2,2,3,3
202400035224,2024-05-16 03:46:00,2024,5,16,3,46,91,91477,AUTOROUTE A126,48.72231,2.24941,Nuit sans éclairage public,Hors agglomération,Hors intersection,Normale,Deux véhicules - arrière,1,2,0,0,1,1,1,0,1,70,2,2,0,0,0,2,50.0,23.0,voiture,voiture,3,1,1,1,2
202400035225,2024-03-23 00:30:00,2024,3,23,0,30,33,33101,,45.189712,-0.579523,Nuit avec éclairage allumé,En agglomération,Intersection en X,Normale,Autre collision,3,2,2,0,1,2,1,0,4,80,1,2,0,0,1,1,23.0,,voiture,,5,2,2,1,6
202400035225,2024-03-23 00:30:00,2024,3,23,0,30,33,33101,,45.189712,-0.579523,Nuit avec éclairage allumé,En agglomération,Intersection en X,Normale,Autre collision,3,-1, -1,-1,1,1,1,0,4,80,1,2,0,0,1,1,23.0,,voiture,,5,2,2,1,6
202400035226,2024-01-18 09:45:00,2024,1,18,9,45,43,43051,Lieu dit la bruyere,45.08257339,4.32260091,Plein jour,Hors agglomération,Hors intersection,Temps couvert,Deux véhicules - frontale,3,2,2,0,1,3,2,0,1,90,2,2,0,1,0,1,39.0,80.0,voiture,voiture,1,1,1,8,1
202400035227,2024-02-28 18:10:00,2024,2,28,18,10,72,72181,ISAAC (RUE) N° IMP 1 A 141,48.0132,0.2167,Plein jour,En agglomération,Intersection en X,Normale,Deux véhicules - côté,4,2,2,0,2,1,1,0,1,50,2,2,1,0,0,1,15.0,26.0,deux_roues,voiture,1,2,2,1,3
202400035227,2024-02-28 18:10:00,2024,2,28,18,10,72,72181,ISAAC (RUE) N° IMP 1 A 141,48.0132,0.2167,Plein jour,En agglomération,Intersection en X,Normale,Deux véhicules - côté,4,2,2,-1,1,1,1,0,1,-1,2,2,1,0,0,1,15.0,26.0,deux_roues,voiture,1,2,2,1,3
202400035228,2024-05-16 10:00:00,2024,5,16,10,0,93,93027,AUTOROUTE A86,48.92826702,2.41204271,Plein jour,Hors agglomération,Hors intersection,Normale,Trois véhicules et plus - collisions multiples,1,-1,6,0,3,2,1,0,1,70,4,4,3,0,0,1,36.0,32.0,deux_roues,voiture,1,1,1,1,5
202400035229,2024-04-08 18:55:00,2024,4,8,18,55,27,27008,route du solitaire,49.325685,1.18588,Plein jour,Hors agglomération,Hors intersection,Pluie forte,Deux véhicules - frontale,4,2,2,0,2,1,4,0,1,-1,2,2,1,1,0,0,43.0,51.0,voiture,deux_roues,1,1,1,3,1
202400035230,2024-01-18 15:45:00,2024,1,18,15,45,10,10104,rd 444,48.15819754,4.12784287,Plein jour,Hors agglomération,Hors intersection,Normale,Autre collision,3,2,2,0,1,2,1,0,1,80,2,2,1,0,1,0,37.0,57.0,utilitaire_camion,voiture,1,1,1,1,6
202400035231,2024-02-28 18:10:00,2024,2,28,18,10,72,72181,LATTRE DE TASSIGNY MARECHAL DE (BD),48.02861108,0.18051147,Plein jour,Hors agglomération,Giratoire,Normale,Deux véhicules - arrière,3,3,2,0,2,3,1,0,1,70,2,4,2,0,0,2,30.0,38.0,voiture,voiture,1,1,6,1,2
202400035232,2024-05-16 00:10:00,2024,5,16,0,10,93,93063,A3,48.87437332,2.43812795,Nuit sans éclairage public,Hors agglomération,Hors intersection,Normale,Deux véhicules - côté,1,3,4,0,1,1,1,0,1,90,2,3,2,0,0,1,52.0,25.0,voiture,voiture,3,1,1,1,3
202400035233,2024-01-09 18:40:00,2024,1,9,18,40,33,33351,A10 PK497.400,45.255283,-0.542965,Nuit sans éclairage public,Hors agglomération,Autre intersection,Normale,Autre collision,1,3,4,0,1,1,1,3,3,110,1,1,0,0,1,0,22.0,,voiture,,3,1,9,1,6
202400035234,2024-04-09 16:15:00,2024,4,9,16,15,60,60010,Rue de Londres,49.214212,2.123891,Plein jour,Hors agglomération,Giratoire,Pluie forte,Autre collision,4,2,2,0,1,3,2,0,1,50,1,1,0,0,1,0,22.0,,deux_roues,,1,1,6,3,6
202400035235,2024-02-28 13:50:00,2024,2,28,13,50,72,72181,PHILIPPE (RUE),48.014,0.190656,Plein jour,En agglomération,Autre intersection,Normale,Deux véhicules - côté,4,2,2,0,1,1,1,0,4,50,2,2,1,0,0,1,26.0,43.0,voiture,voiture,1,2,9,1,3
202400035236,2024-05-15 17:10:00,2024,5,15,17,10,93,93066,A1,48.9127062,2.35806627,Plein jour,Hors agglomération,Hors intersection,Normale,Deux véhicules - arrière,1,3,4,0,1,1,1,1,1,90,2,2,1,0,0,1,21.0,42.0,deux_roues,utilitaire_camion,1,1,1,1,2
202400035237,2024-01-18 05:00:00,2024,1,18,5,0,57,57433,"A4, sens Paris / Strasbourg, PK 315+200",49.198861,6.167702,Nuit sans éclairage public,Hors agglomération,Autre intersection,Pluie légère,Autre collision,1,3,3,0,2,1,2,3,1,90,1,2,1,1,0,0,59.0,,utilitaire_camion,,3,1,9,2,6
202400035238,2024-03-30 02:55:00,2024,3,30,2,55,13,13005,A50-Sens Aubagne vers Marseille,43.28882,5.5603,Nuit sans éclairage public,Hors agglomération,Hors intersection,Normale,Deux véhicules - côté,1,3,3,0,1,1,1,0,1,90,2,3,0,0,0,3,26.0,61.0,voiture,utilitaire_camion,3,1,1,1,3
202400035239,2024-05-15 13:50:00,2024,5,15,13,50,95,95212,N104,49.02898974,2.5305195,Plein jour,Hors agglomération,Hors intersection,Normale,Deux véhicules - côté,2,3,1,0,1,1,1,0,1,90,2,2,1,0,0,1,45.0,28.0,voiture,utilitaire_camion,1,1,1,1,3
202400035240,2024-02-29 07:50:00,2024,2,29,7,50,69,69264,Boulevard Général Leclerc,45.99598,4.71488,Plein jour,En agglomération,Giratoire,Normale,Autre collision,3,2,2,2,1,1,1,6,8,50,1,2,1,0,0,1,35.0,,voiture,,1,2,6,1,6
202400035240,2024-02-29 07:50:00,2024,2,29,7,50,69,69264,Boulevard Général Leclerc,45.99598,4.71488,Plein jour,En agglomération,Giratoire,Normale,Autre collision,3,1,2,0,1,2,1,0,8,-1,1,2,1,0,0,1,35.0,,voiture,,1,2,6,1,6
202400035241,2024-01-18 08:45:00,2024,1,18,8,45,69,69013,Autoroute 6,46.015432,4.727865,Plein jour,Hors agglomération,Hors intersection,Normale,Deux véhicules - côté,1,3,6,0,1,1,1,0,1,130,2,4,1,0,0,3,37.0,32.0,utilitaire_camion,voiture,1,1,1,1,3
202400035242,2024-04-08 14:00:00,2024,4,8,14,0,83,83069,RN98,43.11341625,6.12153625,Plein jour,Hors agglomération,Hors intersection,Normale,Deux véhicules - côté,2,3,2,0,1,1,1,0,1,90,2,2,1,0,0,1,28.0,35.0,utilitaire_camion,deux_roues,1,1,1,1,3
202400035243,2024-01-18 14:15:00,2024,1,18,14,15,977,97701,ANSE DES FLAMANDS,17.919514,-62.863255,Plein jour,Hors agglomération,Hors intersection,Normale,Autre collision,4,2,2,0,1,1,1,0,8,20,1,2,0,1,1,0,74.0,,deux_roues,,1,1,1,1,6
202400035244,2024-05-15 09:30:00,2024,5,15,9,30,94,94022,A86,48.77604023,2.42618623,Plein jour,Hors agglomération,Hors intersection,Normale,Trois véhicules et plus - en chaîne,1,3,3,0,1,1,1,0,1,90,4,4,3,0,0,1,22.0,62.0,voiture,utilitaire_camion,1,1,1,1,4
202400035245,2024-02-26 10:25:00,2024,2,26,10,25,69,69199,Boulevard Yves Farge,45.70084,4.85625,Plein jour,En agglomération,Intersection en Y,Normale,Deux véhicules - frontale,7,2,4,2,1,1,1,0,1,-1,2,3,1,0,0,2,74.0,44.0,voiture,voiture,1,2,4,1,1
202400035245,2024-02-26 10:25:00,2024,2,26,10,25,69,69199,Boulevard Yves Farge,45.70084,4.85625,Plein jour,En agglomération,Intersection en Y,Normale,Deux véhicules - frontale,7,2,4,2,1,1,1,0,1,30,2,3,1,0,0,2,74.0,44.0,voiture,voiture,1,2,4,1,1
202400035246,2024-04-08 17:15:00,2024,4,8,17,15,33,33119,,44.86649,-0.504218,Plein jour,Hors agglomération,Hors intersection,Normale,Deux véhicules - côté,2,3,6,0,1,1,1,3,1,90,2,2,1,0,0,1,20.0,41.0,utilitaire_camion,voiture,1,1,1,1,3
202400035247,2024-01-17 18:00:00,2024,1,17,18,0,95,95199,D11,49.044647,2.33744,Nuit sans éclairage public,Hors agglomération,Intersection en T,Pluie légère,Autre collision,3,2,2,0,2,3,2,3,1,90,1,2,1,0,0,1,58.0,,voiture,,3,1,3,2,6
202400035247,2024-01-17 18:00:00,2024,1,17,18,0,95,95199,D11,49.044647,2.33744,Nuit sans éclairage public,Hors agglomération,Intersection en T,Pluie légère,Autre collision,3,3,4,0,1,1,2,0,1,-1,1,2,1,0,0,1,58.0,,voiture,,3,1,3,2,6
202400035248,2024-05-15 08:00:00,2024,5,15,8,0,94,94058,A86,48.8472805,2.49196502,Plein jour,Hors agglomération,Hors intersection,Normale,Deux véhicules - arrière,1,3,3,0,1,1,1,1,1,90,2,2,1,0,0,1,58.0,22.0,voiture,utilitaire_camion,1,1,1,1,2
202400035249,2024-04-01 04:30:00,2024,4,1,4,30,62,62239,A16,50.92904363,1.80377897,Nuit sans éclairage public,Hors agglomération,Hors intersection,Normale,Autre collision,1,-1,2,0,1,1,1,0,1,90,1,2,1,0,1,0,26.0,,voiture,,3,1,1,1,6
202400035250,2024-04-16 18:00:00,2024,4,16,18,0,93,93001,Rue des Gardinoux,48.906579,2.370614,Plein jour,En agglomération,Hors intersection,Pluie forte,Deux véhicules - côté,4,2,2,0,1,1,2,0,1,50,2,2,1,0,0,1,25.0,,voiture,voiture,1,2,1,3,3
202400035251,2024-01-18 15:10:00,2024,1,18,15,10,66,66212,D81,42.768077,3.017893,Plein jour,Hors agglomération,Hors intersection,Normale,Trois véhicules et plus - collisions multiples,3,2,2,0,1,1,1,0,1,80,3,5,2,0,1,2,75.0,70.0,voiture,voiture,1,1,1,1,5
202400035252,2024-02-28 20:50:00,2024,2,28,20,50,67,67447,BISCHWILLER (ROUTE DE),48.609892,7.750604,Nuit avec éclairage allumé,En agglomération,Intersection en T,Normale,Deux véhicules - côté,7,2,2,0,1,1,1,0,1,50,2,2,1,0,0,1,32.0,25.0,deux_roues,voiture,5,2,3,1,3