accident_id,datetime,annee,mois,jour,heure,minute,departement,commune_insee,adresse,latitude,longitude,luminosite,agglomeration,intersection,meteo,collision,catr,circ,nbv,vosp,prof,plan,surf,infra,situ,vma,nb_vehicules,nb_usagers,nb_indemnes,nb_tues,nb_blesses_hosp,nb_blesses_legers,age_cond_1,age_cond_2,veh_type_cond_1,veh_type_cond_2,lum_code,agg_code,int_code,atm_code,col_code
202400035252,2024-02-28 20:50:00,2024,2,28,20,50,67,67447,BISCHWILLER (ROUTE DE),48.609892,7.750604,Nuit avec éclairage allumé,En agglomération,Intersection en T,Normale,Deux véhicules - côté,7,2,2,0,1,1,1,0,1,50,2,2,1,0,0,1,32.0,25.0,deux_roues,voiture,5,2,3,1,3
202400035253,2024-01-18 16:35:00,2024,1,18,16,35,66,66065,,42.603293,2.979205,Plein jour,En agglomération,Giratoire,Normale,Deux véhicules - côté,3,1,1,0,1,2,1,0,1,50,2,2,1,0,1,0,67.0,,deux_roues,autre,1,2,6,1,3
202400035254,2024-04-06 06:12:00,2024,4,6,6,12,59,59459,AUTOROUTE A23,50.37822,3.4699,Nuit sans éclairage public,Hors agglomération,Hors intersection,Normale,Deux véhicules - arrière,1,-1,2,0,1,1,1,0,1,110,2,3,2,0,1,0,26.0,77.0,utilitaire_camion,voiture,3,1,1,1,2
202400035255,2024-02-04 23:25:00,2024,2,4,23,25,44,44109,10bis Boulevard de Stalingrad,47.21907983,-1.53570279,Nuit avec éclairage allumé,En agglomération,Autre intersection,Temps couvert,Autre collision,4,2,2,2,1,1,1,4,8,30,1,2,1,1,0,0,44.0,,transport_commun,,5,2,9,8,6
202400035256,2024-02-29 07:30:00,2024,2,29,7,30,62,62498,Route de Béthune,50.44318,2.80303,Nuit avec éclairage allumé,En agglomération,Intersection en X,Pluie légère,Deux véhicules - côté,4,2,0,0,2,1,2,5,1,50,2,2,1,1,0,0,23.0,49.0,deux_roues,utilitaire_camion,5,2,2,2,3
202400035256,2024-02-29 07:30:00,2024,2,29,7,30,62,62498,Route de Béthune,50.44318,2.80303,Nuit avec éclairage allumé,En agglomération,Intersection en X,Pluie légère,Deux véhicules - côté,4,2,0,0,2,1,2,5,1,50,2,2,1,1,0,0,23.0,49.0,deux_roues,utilitaire_camion,5,2,2,2,3
202400035257,2024-01-17 23:50:00,2024,1,17,23,50,13,13024,D23,43.72838761,5.22472823,Nuit sans éclairage public,Hors agglomération,Hors intersection,Pluie légère,Deux véhicules - frontale,3,2,2,0,1,1,2,0,3,80,1,1,0,1,0,0,35.0,,voiture,,3,1,1,2,1
202400035258,2024-01-17 20:20:00,2024,1,17,20,20,54,54090,17 Rue Raymond Poincaré,48.750075,6.161805,Nuit avec éclairage allumé,En agglomération,Hors intersection,Autre,Autre collision,3,2,2,0,1,1,2,0,1,50,1,1,0,1,0,0,61.0,,voiture,,5,2,1,9,6
202400035259,2024-04-08 17:50:00,2024,4,8,17,50,91,91216,AUTOROUTE A6,48.68213,2.32999,Plein jour,Hors agglomération,Hors intersection,Normale,Trois véhicules et plus - en chaîne,1,1,3,0,2,1,1,0,1,110,3,4,2,0,0,2,51.0,26.0,voiture,voiture,1,1,1,1,4
202400035260,2024-01-18 06:30:00,2024,1,18,6,30,42,42304,Route de Montbrison,45.548138,4.168882,Nuit sans éclairage public,Hors agglomération,Hors intersection,Normale,Autre collision,3,2,2,0,1,1,2,0,3,80,1,2,1,0,1,0,45.0,,voiture,,3,1,1,1,6
202400035261,2024-02-19 13:25:00,2024,2,19,13,25,61,61006,D958,48.702473,-0.000713,Plein jour,Hors agglomération,Intersection en X,Normale,Deux véhicules - côté,3,2,3,0,1,1,1,5,1,90,2,2,0,0,2,0,69.0,25.0,voiture,voiture,1,1,2,1,3
202400035261,2024-02-19 13:25:00,2024,2,19,13,25,61,61006,D958,48.702473,-0.000713,Plein jour,Hors agglomération,Intersection en X,Normale,Deux véhicules - côté,3,2,2,0,1,1,1,0,1,80,2,2,0,0,2,0,69.0,25.0,voiture,voiture,1,1,2,1,3
202400035262,2024-05-11 19:35:00,2024,5,11,19,35,59,59230,CLEMENCEAU (AVENUE),50.26014,4.00969,Plein jour,En agglomération,Intersection en X,Normale,Deux véhicules - côté,3,2,2,0,2,1,1,0,1,50,2,7,5,0,2,0,24.0,37.0,deux_roues,utilitaire_camion,1,2,2,1,3
202400035262,2024-05-11 19:35:00,2024,5,11,19,35,59,59230,CLEMENCEAU (AVENUE),50.26014,4.00969,Plein jour,En agglomération,Intersection en X,Normale,Deux véhicules - côté,3,2,2,0,1,1,1,0,1,50,2,7,5,0,2,0,24.0,37.0,deux_roues,utilitaire_camion,1,2,2,1,3
202400035263,2024-04-07 21:45:00,2024,4,7,21,45,91,91589,AUTOROUTE A6,48.677581,2.337893,Nuit sans éclairage public,Hors agglomération,Autre intersection,Pluie légère,Deux véhicules - arrière,1,2,3,0,2,2,2,3,6,110,2,2,0,0,0,2,57.0,61.0,voiture,utilitaire_camion,3,1,9,2,2
202400035264,2024-01-18 07:30:00,2024,1,18,7,30,69,69243,Boulevard de la Turdine,45.885983,4.4626,Nuit avec éclairage non allumé,En agglomération,Intersection en T,Pluie légère,Deux véhicules - côté,3,2,2,0,1,1,2,0,1,50,2,2,1,0,1,0,17.0,63.0,deux_roues,voiture,4,2,3,2,3
202400035264,2024-01-18 07:30:00,2024,1,18,7,30,69,69243,Boulevard de la Turdine,45.885983,4.4626,Nuit avec éclairage non allumé,En agglomération,Intersection en T,Pluie légère,Deux véhicules - côté,3,2,2,0,1,1,2,0,1,-1,2,2,1,0,1,0,17.0,63.0,deux_roues,voiture,4,2,3,2,3
202400035265,2024-03-06 12:00:00,2024,3,6,12,0,77,77258,A4.Y,48.83170164,2.64572401,Plein jour,Hors agglomération,Hors intersection,Normale,Autre collision,1,-1,4,0,1,1,1,0,1,110,1,1,0,0,0,1,31.0,,voiture,,1,1,1,1,6
202400035266,2024-02-29 22:00:00,2024,2,29,22,0,59,59599,Rue de Paris,50.72145,3.14385,Nuit avec éclairage allumé,En agglomération,Intersection en T,Normale,Deux véhicules - côté,4,-1,2,0,1,1,2,0,1,50,2,2,1,0,0,1,28.0,28.0,voiture,deux_roues,5,2,3,1,3
202400035266,2024-02-29 22:00:00,2024,2,29,22,0,59,59599,Rue de Paris,50.72145,3.14385,Nuit avec éclairage allumé,En agglomération,Intersection en T,Normale,Deux véhicules - côté,4,2,2,0,1,1,2,0,1,50,2,2,1,0,0,1,28.0,28.0,voiture,deux_roues,5,2,3,1,3
202400035267,2024-01-12 15:50:00,2024,1,12,15,50,81,81198,D84,43.842885,2.065473,Plein jour,Hors agglomération,Hors intersection,Temps couvert,Deux véhicules - frontale,3,2,2,0,2,1,2,0,1,80,2,2,1,0,1,0,56.0,34.0,voiture,voiture,1,1,1,8,1
202400035268,2024-02-19 07:50:00,2024,2,19,7,50,77,77058,MARIE CURIE  (AVENUE),48.83765,2.74604,Crépuscule ou aube,Hors agglomération,Hors intersection,Normale,Deux véhicules - arrière,3,-1,2,0,1,1,1,0,1,80,2,3,2,0,0,1,51.0,31.0,voiture,voiture,2,1,1,1,2
202400035269,2024-02-18 15:00:00,2024,2,18,15,0,77,77449,AV PAUL SERAMY,48.85953,2.79451,Plein jour,Hors agglomération,Hors intersection,Pluie légère,Autre collision,4,1,1,0,1,2,2,0,1,50,1,1,0,0,0,1,43.0,,voiture,,1,1,1,2,6
202400035270,2024-02-29 19:45:00,2024,2,29,19,45,59,59512,Boulevard de Strasbourg,50.69713,3.18632,Nuit avec éclairage allumé,En agglomération,Hors intersection,Pluie légère,Autre collision,7,3,2,2,1,1,2,0,1,50,1,2,1,0,0,1,60.0,,voiture,,5,2,1,2,6
202400035271,2024-01-17 17:10:00,2024,1,17,17,10,64,64430,Avenue Adrien Planté,43.482792,-0.756254,Crépuscule ou aube,En agglomération,Intersection en X,Normale,Deux véhicules - côté,4,2,2,0,2,1,1,0,1,50,2,2,1,0,1,0,47.0,21.0,deux_roues,voiture,2,2,2,1,3
202400035271,2024-01-17 17:10:00,2024,1,17,17,10,64,64430,Avenue Adrien Planté,43.482792,-0.756254,Crépuscule ou aube,En agglomération,Intersection en X,Normale,Deux véhicules - côté,4,2, -1,-1,2,1,1,5,1,50,2,2,1,0,1,0,47.0,21.0,deux_roues,voiture,2,2,2,1,3
202400035272,2024-04-06 20:50:00,2024,4,6,20,50,95,95598,D928,48.99046502,2.29049918,Nuit avec éclairage allumé,En agglomération,Hors intersection,Normale,Deux véhicules - arrière,3,1,2,0,1,1,1,0,1,50,2,2,1,0,0,1,51.0,44.0,voiture,deux_roues,5,2,1,1,2
202400035273,2024-02-18 03:55:00,2024,2,18,3,55,13,13028,Rond-Point Rovarch/Saint Jean,43.1925,5.61354,Nuit avec éclairage allumé,En agglomération,Hors intersection,Normale,Autre collision,3,1,2,0,1,1,1,9,1,50,1,1,0,0,0,1,19.0,,voiture,,5,2,1,1,6
202400035274,2024-01-12 21:24:00,2024,1,12,21,24,57,57303,Autoroute A31,49.21643371,6.17445201,Nuit sans éclairage public,Hors agglomération,Hors intersection,Normale,Deux véhicules - arrière,1,1,3,0,1,1,1,0,1,110,2,3,1,0,0,2,47.0,42.0,utilitaire_camion,voiture,3,1,1,1,2
202400035275,2024-02-29 19:10:00,2024,2,29,19,10,59,59350,Rue du Faubourg de Roubaix,50.64234,3.0911,Nuit avec éclairage allumé,En agglomération,Hors intersection,Normale,Deux véhicules - côté,7,2,2,0,1,1,1,0,1,50,2,2,1,0,0,1,29.0,30.0,voiture,deux_roues,5,2,1,1,3
202400035276,2024-05-14 17:00:00,2024,5,14,17,0,974,97411,BOIS DE NEFLES (ROUTE DE),-20.89292,55.47905,Plein jour,En agglomération,Hors intersection,Normale,Sans collision,4,2,2,0,1,1,1,0,1,50,2,2,1,0,0,1,42.0,62.0,deux_roues,voiture,1,2,1,1,7
202400035277,2024-01-16 14:30:00,2024,1,16,14,30,33,33249,,44.884931,-0.511035,Plein jour,Hors agglomération,Hors intersection,Pluie légère,Autre collision,2,1,2,0,2,2,2,3,1,50,1,1,0,0,0,1,30.0,,voiture,,1,1,1,2,6
202400035278,2024-04-07 07:30:00,2024,4,7,7,30,91,91479,RTE DE FONTAINEBLEAU,48.71318,2.37107,Plein jour,En agglomération,Hors intersection,Normale,Trois véhicules et plus - en chaîne,3,1,0,0,1,1,1,0,1,50,3,3,0,0,0,3,39.0,53.0,voiture,voiture,1,2,1,1,4
202400035279,2024-05-13 16:50:00,2024,5,13,16,50,974,97411,NONGE (AVENUE EUDOXIE),-20.89825,55.49511,Plein jour,En agglomération,Hors intersection,Normale,Autre collision,4,2,2,0,1,1,1,0,1,30,1,2,1,0,0,1,52.0,,voiture,,1,2,1,1,6
202400035280,2024-01-17 20:20:00,2024,1,17,20,20,94,94034,A86,48.76101392,2.31812717,Nuit sans éclairage public,Hors agglomération,Hors intersection,Pluie légère,Deux véhicules - arrière,1,-1,2,0,1,3,2,0,1,70,2,2,1,0,0,1,25.0,,voiture,utilitaire_camion,3,1,1,2,2
202400035281,2024-02-29 10:10:00,2024,2,29,10,10,54,54261,Avenue de la Concorde,49.52345,5.79645,Plein jour,En agglomération,Intersection en T,Normale,Deux véhicules - côté,4,2,2,0,1,1,1,0,1,50,2,4,2,0,0,2,55.0,23.0,transport_commun,voiture,1,2,3,1,3
202400035281,2024-02-29 10:10:00,2024,2,29,10,10,54,54261,Avenue de la Concorde,49.52345,5.79645,Plein jour,En agglomération,Intersection en T,Normale,Deux véhicules - côté,4,2,2,0,1,1,1,0,1,50,2,4,2,0,0,2,55.0,23.0,transport_commun,voiture,1,2,3,1,3
202400035282,2024-04-06 23:21:00,2024,4,6,23,21,90,90039,DE GAULLE (RUE DU GENERAL),47.640665,6.798526,Nuit sans éclairage public,Hors agglomération,Intersection en T,Normale,Sans collision,3,3,2,0,2,1,1,0,8,80,1,2,0,0,1,1,21.0,,voiture,,3,1,3,1,7
202400035282,2024-04-06 23:21:00,2024,4,6,23,21,90,90039,DE GAULLE (RUE DU GENERAL),47.640665,6.798526,Nuit sans éclairage public,Hors agglomération,Intersection en T,Normale,Sans collision,3,2,2,0,2,1,9,0,8,80,1,2,0,0,1,1,21.0,,voiture,,3,1,3,1,7
202400035283,2024-01-17 09:35:00,2024,1,17,9,35,91,91659,AUTOROUTE A6,48.581048,2.459696,Plein jour,Hors agglomération,Hors intersection,Pluie forte,Deux véhicules - arrière,1,3,3,0,2,1,2,0,1,100,2,2,1,0,0,1,19.0,53.0,voiture,utilitaire_camion,1,1,1,3,2
202400035284,2024-04-07 05:05:00,2024,4,7,5,5,973,97302,CABASSOU (ROUTE DE),4.92039269,-52.32080385,Nuit avec éclairage allumé,En agglomération,Hors intersection,Normale,Sans collision,3,2,2,0,1,1,1,0,1,50,1,2,0,0,0,2,24.0,,deux_roues,,5,2,1,1,7
202400035285,2024-04-06 18:00:00,2024,4,6,18,0,84,84007,CHARLES DE GAULLE,43.94547,4.83762,Plein jour,Hors agglomération,Hors intersection,Normale,Autre collision,3,3,4,0,1,1,1,0,1,90,1,1,0,0,0,1,20.0,,voiture,,1,1,1,1,6
202400035286,2024-01-17 06:28:00,2024,1,17,6,28,77,77296,AUTOROUTE A5A,48.6085555,2.579249,Nuit sans éclairage public,Hors agglomération,Hors intersection,Pluie forte,Autre collision,1,3,3,0,1,1,2,0,1,110,1,1,0,0,0,1,21.0,,voiture,,3,1,1,3,6
202400035287,2024-02-28 13:10:00,2024,2,28,13,10,50,50129,LEMONNIER (AVENUE AMIRAL),49.6344,-1.60242,Plein jour,En agglomération,Intersection en X,Pluie légère,Deux véhicules - côté,3,2,0,0,1,1,2,5,1,50,2,2,1,0,0,1,20.0,21.0,voiture,deux_roues,1,2,2,2,3
202400035287,2024-02-28 13:10:00,2024,2,28,13,10,50,50129,LEMONNIER (AVENUE AMIRAL),49.6344,-1.60242,Plein jour,En agglomération,Intersection en X,Pluie légère,Deux véhicules - côté,3,3,0,1,1,1,2,5,1,50,2,2,1,0,0,1,20.0,21.0,voiture,deux_roues,1,2,2,2,3
202400035288,2024-05-15 11:30:00,2024,5,15,11,30,69,69387,Avenue Jean Jaurès,45.73466,4.83564,Plein jour,En agglomération,Hors intersection,Pluie légère,Deux véhicules - côté,4,2,2,2,1,1,2,0,1,30,2,2,1,0,0,1,27.0,36.0,voiture,deux_roues,1,2,1,2,3
202400035289,2024-01-17 11:40:00,2024,1,17,11,40,93,93066,A1,48.91224048,2.35809527,Plein jour,Hors agglomération,Hors intersection,Pluie forte,Deux véhicules - arrière,1,1,4,0,1,1,4,1,1,70,2,2,0,0,0,2,75.0,39.0,voiture,utilitaire_camion,1,1,1,3,2
202400035290,2024-04-07 11:51:00,2024,4,7,11,51,74,74012,CHABLAIS (RUE DU),46.195134,6.23598,Plein jour,En agglomération,Intersection en X,Normale,Autre collision,4,1,1,1,1,1,1,5,1,50,1,2,1,0,0,1,49.0,,voiture,,1,2,2,1,6
202400035290,2024-04-07 11:51:00,2024,4,7,11,51,74,74012,CHABLAIS (RUE DU),46.195134,6.23598,Plein jour,En agglomération,Intersection en X,Normale,Autre collision,4,1,1,0,1,1,1,5,8,50,1,2,1,0,0,1,49.0,,voiture,,1,2,2,1,6
202400035291,2024-05-14 03:20:00,2024,5,14,3,20,971,97113,RN4 - SECTION RIVIERA,16.21873356,-61.50191545,Nuit avec éclairage allumé,Hors agglomération,Hors intersection,Normale,Deux véhicules - côté,2,2,2,0,1,1,1,0,1,70,2,2,1,0,0,1,44.0,28.0,utilitaire_camion,voiture,5,1,1,1,3
202400035292,2024-01-17 04:40:00,2024,1,17,4,40,95,95151,N104,49.0631259,2.27295991,Nuit sans éclairage public,Hors agglomération,Hors intersection,Neige / grêle,Autre collision,2,3,2,0,1,2,7,9,1,90,1,1,0,0,0,1,59.0,,voiture,,3,1,1,4,6
202400035293,2024-02-27 13:15:00,2024,2,27,13,15,50,50129,CD 901,49.65097,-1.71444,Plein jour,En agglomération,Hors intersection,Normale,Deux véhicules - arrière,3,3,0,0,1,2,1,0,1,90,2,2,0,0,0,2,35.0,25.0,voiture,voiture,1,2,1,1,2
202400035294,2024-04-07 17:55:00,2024,4,7,17,55,71,71306,MARCEL SEMBAT (RUE),46.66470486,4.35887732,Plein jour,En agglomération,Hors intersection,Normale,Autre collision,4,2,2,0,1,1,1,0,4,50,1,1,0,0,0,1,56.0,,voiture,,1,2,1,1,6
202400035295,2024-05-11 23:45:00,2024,5,11,23,45,971,97113,BAS DU FORT,16.21582,-61.51965,Nuit avec éclairage allumé,En agglomération,Hors intersection,Normale,Autre collision,4,-1,2,0,2,3,1,0,1,50,1,3,1,0,0,2,20.0,,voiture,,5,2,1,1,6
202400035296,2024-01-17 04:40:00,2024,1,17,4,40,95,95151,N104,49.06296966,2.27421552,Nuit sans éclairage public,Hors agglomération,Hors intersection,Neige / grêle,Autre collision,2,3,2,0,1,2,7,0,3,90,1,1,0,0,0,1,45.0,,voiture,,3,1,1,4,6
202400035297,2024-02-29 20:15:00,2024,2,29,20,15,49,49328,GAMBETTA (RUE),47.25979731,-0.08215338,Nuit avec éclairage allumé,En agglomération,Autre intersection,Normale,Autre collision,4,1,1,0,1,1,2,0,1,50,1,2,1,0,0,1,55.0,,deux_roues,,5,2,9,1,6
202400035298,2024-01-17 04:20:00,2024,1,17,4,20,95,95678,N104,49.07207,2.24337,Nuit sans éclairage public,Hors agglomération,Hors intersection,Pluie légère,Autre collision,2,3,2,0,1,1,2,0,3,110,1,1,0,0,0,1,27.0,,voiture,,3,1,1,2,6
202400035299,2024-04-07 20:08:00,2024,4,7,20,8,69,69256,52 Rue de la République ,45.78632,4.92515,Crépuscule ou aube,En agglomération,Hors intersection,Vent fort / tempête,Autre collision,4,2,2,0,1,1,1,0,1,50,1,2,1,0,0,1,,,autre,,2,2,1,6,6
202400035300,2024-05-12 06:40:00,2024,5,12,6,40,971,97113,RN4-ROND POINT SAINT FELIX,16.20791975,-61.4528203,Plein jour,Hors agglomération,Hors intersection,Normale,Autre collision,2,-1,2,0,1,1,1,0,3,70,1,1,0,0,1,0,40.0,,voiture,,1,1,1,1,6
202400035301,2024-02-28 17:20:00,2024,2,28,17,20,49,49007,BOURGONNIER,47.46257,-0.54041,Plein jour,En agglomération,Hors intersection,Temps couvert,Deux véhicules - côté,4,2,2,0,1,1,1,0,1,50,2,2,1,0,0,1,49.0,28.0,voiture,deux_roues,1,2,1,8,3
202400035302,2024-01-16 08:10:00,2024,1,16,8,10,976,97611,kaweni-Poste ( rue de la ),-12.77256,45.22313,Plein jour,En agglomération,Autre intersection,Normale,Deux véhicules - côté,4,3,2,0,1,1,1,9,8,50,2,3,2,0,0,1,25.0,54.0,voiture,deux_roues,1,2,9,1,3
202400035303,2024-04-06 18:00:00,2024,4,6,18,0,69,69115,Rue de la Maladière,45.97847943,4.71274837,Plein jour,En agglomération,Hors intersection,Normale,Deux véhicules - côté,3,2,2,0,2,1,1,0,1,50,2,2,1,0,0,1,22.0,35.0,voiture,voiture,1,2,1,1,3
202400035304,2024-05-15 11:00:00,2024,5,15,11,0,2A,2A004,#bd stephanopoli de comene#,41.90733,8.70585,Plein jour,En agglomération,Hors intersection,Normale,Autre collision,4,2,1,1,1,1,1,6,5,25,1,3,2,0,0,1,21.0,,deux_roues,,1,2,1,1,6
202400035305,2024-02-19 11:35:00,2024,2,19,11,35,45,45338,Rue Jean Jaurès,47.99713339,2.71409503,Plein jour,En agglomération,Hors intersection,Temps couvert,Autre collision,4,2,2,0,1,1,1,0,1,50,1,2,1,0,0,1,47.0,,utilitaire_camion,,1,2,1,8,6
202400035306,2024-04-07 05:45:00,2024,4,7,5,45,69,69290,Rue Jean-Jacques Rousseau,45.70066,4.9449,Nuit avec éclairage allumé,En agglomération,Hors intersection,Vent fort / tempête,Autre collision,4,2,2,0,2,2,1,0,3,50,1,1,0,0,0,1,36.0,,voiture,,5,2,1,6,6
202400035307,2024-01-16 15:54:00,2024,1,16,15,54,973,97302,BADUEL (ROUTE DE),4.93202,-52.30753,Plein jour,En agglomération,Hors intersection,Normale,Deux véhicules - côté,3,2,2,0,1,1,1,0,1,50,2,2,1,0,0,1,29.0,59.0,voiture,deux_roues,1,2,1,1,3
202400035308,2024-02-29 12:45:00,2024,2,29,12,45,43,43157,Rue Salvador Allende,45.01976,3.88215,Plein jour,En agglomération,Hors intersection,Normale,Sans collision,4,2,2,0,2,1,1,0,1,50,1,1,0,0,0,1,18.0,,deux_roues,,1,2,1,1,7
202400035309,2024-05-15 16:20:00,2024,5,15,16,20,95,95268,D125,48.97664531,2.39207538,Plein jour,En agglomération,Intersection en X,Normale,Deux véhicules - côté,3,2,4,0,1,1,1,5,1,50,2,2,1,0,1,0,30.0,27.0,deux_roues,voiture,1,2,2,1,3
202400035309,2024-05-15 16:20:00,2024,5,15,16,20,95,95268,D125,48.97664531,2.39207538,Plein jour,En agglomération,Intersection en X,Normale,Deux véhicules - côté,3,1,2,0,1,1,1,5,1,50,2,2,1,0,1,0,30.0,27.0,deux_roues,voiture,1,2,2,1,3
202400035310,2024-01-16 13:20:00,2024,1,16,13,20,973,97302,RABAN (ROUTE DE),4.93031852,-52.3134023,Plein jour,En agglomération,Hors intersection,Normale,Deux véhicules - côté,4,2,2,0,1,1,1,0,1,50,2,2,1,0,0,1,72.0,26.0,voiture,deux_roues,1,2,1,1,3
202400035311,2024-02-29 16:00:00,2024,2,29,16,0,38,38053,Boulevard Pré Pommier,45.61166,5.27178,Plein jour,En agglomération,Autre intersection,Normale,Deux véhicules - côté,4,2,2,1,1,1,1,0,1,50,2,2,1,0,0,1,22.0,18.0,voiture,deux_roues,1,2,9,1,3
202400035312,2024-04-07 23:35:00,2024,4,7,23,35,67,67204,RIED (AVENUE DU),48.62145,7.76274,Nuit avec éclairage allumé,En agglomération,Intersection en X,Normale,Deux véhicules - côté,4,2,2,0,1,1,1,0,1,50,2,2,1,0,0,1,18.0,20.0,voiture,deux_roues,5,2,2,1,3
202400035312,2024-04-07 23:35:00,2024,4,7,23,35,67,67204,RIED (AVENUE DU),48.62145,7.76274,Nuit avec éclairage allumé,En agglomération,Intersection en X,Normale,Deux véhicules - côté,4,2,2,0,1,1,1,0,1,50,2,2,1,0,0,1,18.0,20.0,voiture,deux_roues,5,2,2,1,3
202400035312,2024-04-07 23:35:00,2024,4,7,23,35,67,67204,RIED (AVENUE DU),48.62145,7.76274,Nuit avec éclairage allumé,En agglomération,Intersection en X,Normale,Deux véhicules - côté,4,2,2,0,1,1,1,0,1,50,2,2,1,0,0,1,18.0,20.0,voiture,deux_roues,5,2,2,1,3
202400035313,2024-05-15 06:00:00,2024,5,15,6,0,91,91377, SAULE TRAPU (RUE DU),48.72916,2.30201,Plein jour,En agglomération,Intersection en T,Normale,Deux véhicules - arrière,4,2,0,0,1,1,1,0,1,50,2,2,1,0,0,1,31.0,60.0,voiture,deux_roues,1,2,3,1,2
202400035313,2024-05-15 06:00:00,2024,5,15,6,0,91,91377, SAULE TRAPU (RUE DU),48.72916,2.30201,Plein jour,En agglomération,Intersection en T,Normale,Deux véhicules - arrière,4,2,2,0,1,1,1,0,1,50,2,2,1,0,0,1,31.0,60.0,voiture,deux_roues,1,2,3,1,2
202400035314,2024-01-16 17:05:00,2024,1,16,17,5,69,69388,166 Rue Challemel Lacour,45.72933926,4.8526785,Plein jour,Hors agglomération,Hors intersection,Normale,Sans collision,4,2,2,2,1,1,1,0,1,30,1,1,0,0,0,1,55.0,,deux_roues,,1,1,1,1,7
202400035315,2024-04-06 11:10:00,2024,4,6,11,10,59,59043,NATIONS UNIES (AVENUE DES),50.7392,2.73398,Plein jour,En agglomération,Hors intersection,Temps éblouissant,Autre collision,3,2,2,0,1,1,1,0,1,50,1,2,1,0,1,0,78.0,,voiture,,1,2,1,7,6
202400035316,2024-05-15 03:48:00,2024,5,15,3,48,91,91692,CD 35 B,48.67318,2.19172,Nuit sans éclairage public,Hors agglomération,Hors intersection,Normale,Autre collision,3,3,2,0,1,3,1,0,1,50,1,2,1,0,0,1,53.0,,voiture,,3,1,1,1,6
202400035317,2024-02-15 15:10:00,2024,2,15,15,10,34,34108,RESISTANCE (AVENUE DE LA),43.45106,3.7582,Plein jour,En agglomération,Autre intersection,Normale,Deux véhicules - arrière,4,2, -1,-1,1,1,1,5,1,-1,2,2,1,0,0,1,30.0,70.0,deux_roues,voiture,1,2,9,1,2
202400035317,2024-02-15 15:10:00,2024,2,15,15,10,34,34108,RESISTANCE (AVENUE DE LA),43.45106,3.7582,Plein jour,En agglomération,Autre intersection,Normale,Deux véhicules - arrière,4,2,2,0,1,1,1,0,1,50,2,2,1,0,0,1,30.0,70.0,deux_roues,voiture,1,2,9,1,2
202400035318,2024-01-16 14:50:00,2024,1,16,14,50,69,69383,Cours Gambetta,45.75540132,4.84280399,Plein jour,En agglomération,Intersection en T,Normale,Deux véhicules - frontale,4,2,4,3,1,1,1,0,1,50,2,2,1,0,0,1,47.0,56.0,voiture,deux_roues,1,2,3,1,1
202400035318,2024-01-16 14:50:00,2024,1,16,14,50,69,69383,Cours Gambetta,45.75540132,4.84280399,Plein jour,En agglomération,Intersection en T,Normale,Deux véhicules - frontale,4,1,2,0,1,1,1,0,1,30,2,2,1,0,0,1,47.0,56.0,voiture,deux_roues,1,2,3,1,1
202400035319,2024-05-15 14:45:00,2024,5,15,14,45,91,91027,VC QUAI DE L'INDUSTRIE,48.70014,2.39716,Plein jour,En agglomération,Hors intersection,Normale,Deux véhicules - côté,4,2,2,0,1,1,1,0,1,30,2,2,0,0,0,2,38.0,32.0,voiture,voiture,1,2,1,1,3
202400035320,2024-04-07 10:12:00,2024,4,7,10,12,56,56260,SAINTE-ANNE (GIRATOIRE DE),47.66417,-2.78115,Plein jour,En agglomération,Giratoire,Normale,Deux véhicules - côté,4,1,2,0,1,2,1,5,1,50,2,2,1,0,1,0,66.0,17.0,voiture,deux_roues,1,2,6,1,3
202400035321,2024-05-15 14:00:00,2024,5,15,14,0,84,84007,MARSEILLE (Route de ),43.910594,4.883509,Plein jour,Hors agglomération,Intersection en X,Normale,Deux véhicules - côté,3,2,2,0,1,1,1,5,1,50,2,2,1,0,0,1,35.0,39.0,voiture,deux_roues,1,1,2,1,3
202400035321,2024-05-15 14:00:00,2024,5,15,14,0,84,84007,MARSEILLE (Route de ),43.910594,4.883509,Plein jour,Hors agglomération,Intersection en X,Normale,Deux véhicules - côté,3,3,4,0,1,1,1,5,1,70,2,2,1,0,0,1,35.0,39.0,voiture,deux_roues,1,1,2,1,3
202400035322,2024-02-28 07:50:00,2024,2,28,7,50,24,24037,FERDINAND DE LABATTUT (RUE),44.84316,0.48324,Plein jour,En agglomération,Intersection en X,Normale,Deux véhicules - côté,4,2,2,0,1,1,1,5,1,50,2,2,1,0,0,1,51.0,22.0,utilitaire_camion,voiture,1,2,2,1,3
202400035322,2024-02-28 07:50:00,2024,2,28,7,50,24,24037,FERDINAND DE LABATTUT (RUE),44.84316,0.48324,Plein jour,En agglomération,Intersection en X,Normale,Deux véhicules - côté,4,2,2,0,1,1,1,5,1,50,2,2,1,0,0,1,51.0,22.0,utilitaire_camion,voiture,1,2,2,1,3
202400035323,2024-01-16 12:45:00,2024,1,16,12,45,69,69383,Pont Lafayette,45.76353,4.84058,Plein jour,En agglomération,Hors intersection,Temps couvert,Trois véhicules et plus - en chaîne,4,1,2,3,1,1,1,2,1,30,3,4,3,0,0,1,,21.0,voiture,voiture,1,2,1,8,4
202400035324,2024-05-15 11:35:00,2024,5,15,11,35,84,84007,ARROUSAIRE (avenue de l'),43.9371,4.81548,Plein jour,En agglomération,Hors intersection,Normale,Sans collision,4,1,1,1,1,1,1,0,4,30,1,1,0,0,0,1,35.0,,voiture,,1,2,1,1,7