accident_id,datetime,annee,mois,jour,heure,minute,departement,commune_insee,adresse,latitude,longitude,luminosite,agglomeration,intersection,meteo,collision,catr,circ,nbv,vosp,prof,plan,surf,infra,situ,vma,nb_vehicules,nb_usagers,nb_indemnes,nb_tues,nb_blesses_hosp,nb_blesses_legers,age_cond_1,age_cond_2,veh_type_cond_1,veh_type_cond_2,lum_code,agg_code,int_code,atm_code,col_code
202400035325,2024-01-16 10:40:00,2024,1,16,10,40,69,69388,Boulevard Pinel,45.72897,4.88671,Plein jour,En agglomération,Intersection en T,Normale,Deux véhicules - côté,4,2,2,0,1,1,1,0,1,50,2,2,1,0,0,1,31.0,54.0,deux_roues,voiture,1,2,3,1,3
202400035325,2024-01-16 10:40:00,2024,1,16,10,40,69,69388,Boulevard Pinel,45.72897,4.88671,Plein jour,En agglomération,Intersection en T,Normale,Deux véhicules - côté,4,2,2,3,1,1,1,0,1,50,2,2,1,0,0,1,31.0,54.0,deux_roues,voiture,1,2,3,1,3
202400035326,2024-03-28 18:35:00,2024,3,28,18,35,46,46042,GAMBETTA (BOULEVARD LEON) N°PAIR,44.45131,1.44001,Crépuscule ou aube,En agglomération,Hors intersection,Normale,Deux véhicules - côté,3,2,2,0,1,1,1,0,1,30,2,2,1,0,0,1,16.0,41.0,deux_roues,voiture,2,2,1,1,3
202400035327,2024-05-15 12:00:00,2024,5,15,12,0,83,83062,DRAGUIGNAN (AVENUE DE),43.14378,6.0382,Plein jour,En agglomération,Hors intersection,Temps couvert,Deux véhicules - côté,3,2,2,0,1,1,1,0,1,50,2,2,1,0,1,0,19.0,35.0,deux_roues,utilitaire_camion,1,2,1,8,3
202400035328,2024-01-15 07:15:00,2024,1,15,7,15,972,97209,HIBISCUS (RUE DES),14.61135,-61.07829,Plein jour,Hors agglomération,Hors intersection,Normale,Autre collision,4,1,1,0,2,1,1,6,8,30,1,2,1,0,1,0,39.0,,utilitaire_camion,,1,1,1,1,6
202400035329,2024-02-29 09:45:00,2024,2,29,9,45,21,21173,FERRE (CHEMIN) - D20 ROUTE DE LONGVAY,47.04094,4.87652,Plein jour,Hors agglomération,Intersection en X,Brouillard / fumée,Deux véhicules - côté,3,-1,2,0,1,1,2,0,1,80,2,3,0,0,0,3,63.0,24.0,utilitaire_camion,voiture,1,1,2,5,3
202400035329,2024-02-29 09:45:00,2024,2,29,9,45,21,21173,FERRE (CHEMIN) - D20 ROUTE DE LONGVAY,47.04094,4.87652,Plein jour,Hors agglomération,Intersection en X,Brouillard / fumée,Deux véhicules - côté,3,-1,2,0,1,1,2,0,1,80,2,3,0,0,0,3,63.0,24.0,utilitaire_camion,voiture,1,1,2,5,3
202400035330,2024-04-07 21:15:00,2024,4,7,21,15,44,44109,53 Rue du Corps de Garde,47.21334545,-1.59766796,Nuit avec éclairage allumé,En agglomération,Hors intersection,Pluie légère,Autre collision,4,2,2,0,1,1,2,0,1,30,1,2,1,0,0,1,,,voiture,,5,2,1,2,6
202400035331,2024-05-14 08:55:00,2024,5,14,8,55,80,80021,Boulevard du Jardin des Plantes,49.90072,2.29603,Plein jour,En agglomération,Hors intersection,Pluie légère,Deux véhicules - côté,4,2,2,0,1,1,2,0,1,30,2,2,1,0,0,1,37.0,46.0,voiture,deux_roues,1,2,1,2,3
202400035332,2024-01-16 18:25:00,2024,1,16,18,25,69,69384,117 Boulevard de la Croix-Rousse,45.77398,4.82677,Nuit avec éclairage allumé,En agglomération,Hors intersection,Normale,Autre collision,4,2,2,0,1,1,2,0,1,30,1,2,1,0,1,0,90.0,,voiture,,5,2,1,1,6
202400035333,2024-04-07 14:00:00,2024,4,7,14,0,44,44109,15 Boulevard Président René Coty,47.20845,-1.58668,Plein jour,En agglomération,Hors intersection,Normale,Deux véhicules - arrière,4,3,3,0,1,1,2,0,1,30,2,2,1,0,1,0,66.0,37.0,voiture,deux_roues,1,2,1,1,2
202400035334,2024-05-15 15:45:00,2024,5,15,15,45,79,79329,,46.980107,-0.21363,Plein jour,En agglomération,Intersection en T,Pluie forte,Autre collision,4,2,2,-1,1,1,2,0,1,50,1,2,1,0,1,0,92.0,,voiture,,1,2,3,3,6
202400035334,2024-05-15 15:45:00,2024,5,15,15,45,79,79329,,46.980107,-0.21363,Plein jour,En agglomération,Intersection en T,Pluie forte,Autre collision,4,2,3,0,1,3,2,5,1,50,1,2,1,0,1,0,92.0,,voiture,,1,2,3,3,6
202400035335,2024-01-16 13:53:00,2024,1,16,13,53,2B,2B037,TOUTES RUES,42.6102,9.4378,Plein jour,En agglomération,Hors intersection,Normale,Deux véhicules - côté,2,3,4,0,1,1,1,0,1,90,2,2,1,0,0,1,61.0,61.0,utilitaire_camion,deux_roues,1,2,1,1,3
202400035336,2024-02-29 17:20:00,2024,2,29,17,20,15,15014,Rue du Président Delzons,44.93002,2.44247,Plein jour,En agglomération,Hors intersection,Normale,Trois véhicules et plus - en chaîne,4,2,2,0,2,2,1,0,1,50,3,4,1,0,1,2,17.0,17.0,deux_roues,deux_roues,1,2,1,1,4
202400035337,2024-05-15 15:27:00,2024,5,15,15,27,78,78208,VILLEDIEU (AVENUE DE LA) 210,48.77064,1.96958,Plein jour,Hors agglomération,Hors intersection,Normale,Autre collision,4,3,3,3,1,1,1,0,1,50,1,2,1,0,0,1,54.0,,voiture,,1,1,1,1,6
202400035338,2024-04-07 19:40:00,2024,4,7,19,40,43,43002,Avenue de Bonneville,45.05061718,3.88231535,Crépuscule ou aube,En agglomération,Intersection en T,Normale,Autre collision,3,1,1,0,1,2,1,0,1,50,1,1,0,0,0,1,23.0,,voiture,,2,2,3,1,6
202400035338,2024-04-07 19:40:00,2024,4,7,19,40,43,43002,Avenue de Bonneville,45.05061718,3.88231535,Crépuscule ou aube,En agglomération,Intersection en T,Normale,Autre collision,3,2,2,0,1,1,1,0,1,50,1,1,0,0,0,1,23.0,,voiture,,2,2,3,1,6
202400035339,2024-01-16 07:27:00,2024,1,16,7,27,2B,2B037,TOUTES RUES,42.62729,9.43735,Plein jour,En agglomération,Hors intersection,Normale,Trois véhicules et plus - collisions multiples,2,3,4,0,1,1,1,0,1,50,3,3,0,0,0,3,61.0,33.0,voiture,voiture,1,2,1,1,5
202400035340,2024-02-28 18:35:00,2024,2,28,18,35,14,14366,12 Boulevard Nicolas Oresme,49.153,0.22515,Nuit avec éclairage allumé,En agglomération,Intersection en T,Normale,Autre collision,4,2,2,0,1,1,1,5,1,50,2,2,1,0,1,0,17.0,40.0,deux_roues,voiture,5,2,3,1,6
202400035340,2024-02-28 18:35:00,2024,2,28,18,35,14,14366,12 Boulevard Nicolas Oresme,49.153,0.22515,Nuit avec éclairage allumé,En agglomération,Intersection en T,Normale,Autre collision,4,1,2,0,1,1,1,5,1,50,2,2,1,0,1,0,17.0,40.0,deux_roues,voiture,5,2,3,1,6
202400035341,2024-04-07 17:00:00,2024,4,7,17,0,43,43046,Boulevard de la Petite-Mer,45.06697861,3.90218139,Plein jour,En agglomération,Autre intersection,Temps couvert,Deux véhicules - côté,3,2,2,0,2,3,1,0,1,50,2,3,2,0,0,1,43.0,21.0,deux_roues,deux_roues,1,2,9,8,3
202400035342,2024-02-29 13:45:00,2024,2,29,13,45,13,13043,N 368 ,43.40026,5.26435,Plein jour,En agglomération,Hors intersection,Normale,Deux véhicules - arrière,3,2,2,0,1,1,1,0,1,50,1,2,1,0,0,1,,,autre,,1,2,1,1,2
202400035343,2024-01-15 14:30:00,2024,1,15,14,30,971,97101,RN11,16.26785,-61.512,Plein jour,Hors agglomération,Hors intersection,Normale,Deux véhicules - arrière,2,3,3,0,1,1,1,0,1,90,2,2,1,0,0,1,29.0,23.0,deux_roues,voiture,1,1,1,1,2
202400035344,2024-04-06 17:25:00,2024,4,6,17,25,42,42302,Route de Saint-Chamond,45.48182,4.45964,Plein jour,Hors agglomération,Hors intersection,Normale,Autre collision,7,2,2,0,2,2,1,0,1,80,1,1,0,0,1,0,39.0,,voiture,,1,1,1,1,6
202400035345,2024-05-13 16:30:00,2024,5,13,16,30,77,77433,D 15,48.7595269,3.05829039,Plein jour,Hors agglomération,Hors intersection,Normale,Deux véhicules - frontale,3,2,2,0,1,1,1,0,1,80,2,2,1,0,1,0,54.0,55.0,voiture,voiture,1,1,1,1,1
202400035346,2024-01-15 06:20:00,2024,1,15,6,20,971,97113,SECTION GRANDE RAVINE,16.24756,-61.45942,Crépuscule ou aube,Hors agglomération,Hors intersection,Pluie légère,Sans collision,3,-1,1,0,4,4,2,0,3,70,1,1,0,0,0,1,32.0,,voiture,,2,1,1,2,7
202400035347,2024-02-29 08:30:00,2024,2,29,8,30,13,13054,EDMOND ROSTAND (RUE ),43.41667,5.20976,Plein jour,En agglomération,Intersection en X,Normale,Deux véhicules - côté,4,2,2,0,1,1,1,0,1,50,2,2,0,0,0,2,56.0,27.0,voiture,voiture,1,2,2,1,3
202400035347,2024-02-29 08:30:00,2024,2,29,8,30,13,13054,EDMOND ROSTAND (RUE ),43.41667,5.20976,Plein jour,En agglomération,Intersection en X,Normale,Deux véhicules - côté,4,2,2,0,1,1,1,0,1,50,2,2,0,0,0,2,56.0,27.0,voiture,voiture,1,2,2,1,3
202400035348,2024-05-14 13:15:00,2024,5,14,13,15,76,76351,AMIRAL MOUCHEZ (BD),49.48428,0.13158,Plein jour,En agglomération,Hors intersection,Normale,Autre collision,4,2,1,0,1,1,1,0,1,30,1,2,1,0,1,0,48.0,,voiture,,1,2,1,1,6
202400035349,2024-04-05 18:40:00,2024,4,5,18,40,42,42218,Boulevard Alexandre de Fraissinette,45.41825557,4.41134761,Plein jour,En agglomération,Hors intersection,Normale,Autre collision,4,2,2,0,2,1,1,0,1,50,1,2,1,0,0,1,21.0,,voiture,,1,2,1,1,6
202400035350,2024-01-14 00:10:00,2024,1,14,0,10,971,97101,CHAUVEL,16.23856707,-61.52886629,Nuit avec éclairage allumé,En agglomération,Hors intersection,Normale,Autre collision,3,3,2,0,1,1,1,0,1,50,1,2,1,0,1,0,,,deux_roues,,5,2,1,1,6
202400035351,2024-02-29 10:00:00,2024,2,29,10,0,13,13214,ROLAND DORGELES (BOULEVARD),43.34835,5.37654,Plein jour,En agglomération,Hors intersection,Normale,Deux véhicules - arrière,3,-1,3,0,1,1,1,0,1,50,1,2,1,1,0,0,77.0,,voiture,,1,2,1,1,2
202400035352,2024-01-16 14:30:00,2024,1,16,14,30,95,95288,D193,48.98436669,2.34265914,Plein jour,En agglomération,Hors intersection,Normale,Autre collision,3,2,2,0,1,1,1,0,1,50,1,1,0,0,0,1,86.0,,voiture,,1,2,1,1,6
202400035353,2024-05-15 13:30:00,2024,5,15,13,30,76,76259,LORRAIN - D150 (AV),49.76174,0.38093,Plein jour,En agglomération,Hors intersection,Normale,Deux véhicules - côté,3,2,2,0,1,1,1,0,1,50,2,2,1,0,1,0,26.0,29.0,utilitaire_camion,deux_roues,1,2,1,1,3
202400035354,2024-02-29 15:10:00,2024,2,29,15,10,10,10081,ROCADE OUEST (RD 610),48.31081,4.02192,Plein jour,Hors agglomération,Hors intersection,Normale,Autre collision,3,3,4,0,1,1,1,0,8,110,1,2,0,0,0,2,34.0,,voiture,,1,1,1,1,6
202400035355,2024-04-05 00:45:00,2024,4,5,0,45,42,42218,Rue Balay,45.44443,4.38646,Nuit avec éclairage allumé,En agglomération,Intersection en X,Normale,Deux véhicules - côté,4,1,1,0,1,1,1,0,1,50,2,4,3,0,0,1,40.0,34.0,voiture,utilitaire_camion,5,2,2,1,3
202400035355,2024-04-05 00:45:00,2024,4,5,0,45,42,42218,Rue Balay,45.44443,4.38646,Nuit avec éclairage allumé,En agglomération,Intersection en X,Normale,Deux véhicules - côté,4,1,1,0,1,1,1,0,1,50,2,4,3,0,0,1,40.0,34.0,voiture,utilitaire_camion,5,2,2,1,3
202400035356,2024-01-16 16:23:00,2024,1,16,16,23,91,91645,CARNOT (AVENUE),48.741305,2.266338,Plein jour,En agglomération,Hors intersection,Normale,Autre collision,4,2,2,0,1,1,1,0,1,50,2,2,1,0,0,1,44.0,92.0,voiture,voiture,1,2,1,1,6
202400035357,2024-05-15 22:00:00,2024,5,15,22,0,69,69259,Rue Honoré de Balzac,45.71819,4.85929,Nuit avec éclairage allumé,En agglomération,Intersection en X,Pluie légère,Deux véhicules - côté,4,2,2,0,1,1,2,0,1,50,2,3,1,0,2,0,22.0,29.0,voiture,voiture,5,2,2,2,3
202400035357,2024-05-15 22:00:00,2024,5,15,22,0,69,69259,Rue Honoré de Balzac,45.71819,4.85929,Nuit avec éclairage allumé,En agglomération,Intersection en X,Pluie légère,Deux véhicules - côté,4,2,2,0,1,1,2,5,1,50,2,3,1,0,2,0,22.0,29.0,voiture,voiture,5,2,2,2,3
202400035358,2024-02-23 18:30:00,2024,2,23,18,30,10,10333,Avenue Charles de Refuge,48.28262,4.05312,Crépuscule ou aube,En agglomération,Autre intersection,Pluie forte,Autre collision,6,-1, -1,0,1,1,2,9,1,10,1,2,1,0,0,1,72.0,,voiture,,2,2,9,3,6
202400035359,2024-01-16 08:45:00,2024,1,16,8,45,91,91692,NORMANDIE (AVENUE DE),48.687489,2.16438,Plein jour,En agglomération,Hors intersection,Normale,Trois véhicules et plus - collisions multiples,4,2,2,0,1,1,1,0,1,45,3,3,2,0,0,1,50.0,26.0,voiture,voiture,1,2,1,1,5
202400035360,2024-04-07 20:00:00,2024,4,7,20,0,42,42095,Rue Trémollet,45.38535,4.28468,Crépuscule ou aube,En agglomération,Intersection en X,Normale,Deux véhicules - côté,4,1,1,0,1,1,1,0,1,50,2,5,2,0,0,3,30.0,24.0,voiture,voiture,2,2,2,1,3
202400035360,2024-04-07 20:00:00,2024,4,7,20,0,42,42095,Rue Trémollet,45.38535,4.28468,Crépuscule ou aube,En agglomération,Intersection en X,Normale,Deux véhicules - côté,4,1,1,0,2,1,1,0,1,50,2,5,2,0,0,3,30.0,24.0,voiture,voiture,2,2,2,1,3
202400035361,2024-02-28 17:30:00,2024,2,28,17,30,07,07281,MOULIN (RUE JEAN),44.95114,4.8445,Plein jour,En agglomération,Hors intersection,Normale,Deux véhicules - côté,3,2,2,0,1,1,1,0,1,50,2,2,1,0,0,1,44.0,71.0,deux_roues,voiture,1,2,1,1,3
202400035362,2024-05-15 23:30:00,2024,5,15,23,30,68,68066,POINCARE (AVENUE RAYMOND),48.0711,7.35064,Nuit avec éclairage allumé,En agglomération,Hors intersection,Temps couvert,Deux véhicules - côté,4,2,3,0,1,1,1,0,1,50,2,2,1,0,0,1,22.0,21.0,voiture,deux_roues,5,2,1,8,3
202400035363,2024-01-16 18:15:00,2024,1,16,18,15,91,91027,MORANGIS (AVENUE DE),48.70567,2.36316,Nuit avec éclairage allumé,En agglomération,Intersection en T,Normale,Deux véhicules - côté,3,2,2,0,1,1,1,0,1,50,2,2,1,0,0,1,22.0,58.0,voiture,deux_roues,5,2,3,1,3
202400035363,2024-01-16 18:15:00,2024,1,16,18,15,91,91027,MORANGIS (AVENUE DE),48.70567,2.36316,Nuit avec éclairage allumé,En agglomération,Intersection en T,Normale,Deux véhicules - côté,3,2,2,0,1,1,1,0,1,50,2,2,1,0,0,1,22.0,58.0,voiture,deux_roues,5,2,3,1,3
202400035364,2024-02-29 05:43:00,2024,2,29,5,43,75,75120,RUE DES PYRENEES,48.861514,2.400251,Nuit sans éclairage public,En agglomération,Hors intersection,Normale,Deux véhicules - frontale,4,2,2,0,2,3,1,2,1,30,2,3,2,0,1,0,35.0,32.0,transport_commun,deux_roues,3,2,1,1,1
202400035365,2024-05-15 17:35:00,2024,5,15,17,35,67,67482,GEORGES WODLI (RUE),48.58798,7.73775,Plein jour,En agglomération,Hors intersection,Normale,Deux véhicules - côté,4,2,2,0,1,1,1,0,1,50,2,2,1,0,0,1,35.0,32.0,voiture,deux_roues,1,2,1,1,3
202400035366,2024-04-07 13:50:00,2024,4,7,13,50,37,37261,MALRAUX (QUAI ANDRE),47.3975,0.69949,Plein jour,En agglomération,Intersection en X,Normale,Deux véhicules - côté,4,2,4,0,1,1,1,0,1,50,2,2,1,0,0,1,21.0,,voiture,autre,1,2,2,1,3
202400035366,2024-04-07 13:50:00,2024,4,7,13,50,37,37261,MALRAUX (QUAI ANDRE),47.3975,0.69949,Plein jour,En agglomération,Intersection en X,Normale,Deux véhicules - côté,4,2,4,0,1,1,1,2,8,50,2,2,1,0,0,1,21.0,,voiture,autre,1,2,2,1,3
202400035366,2024-04-07 13:50:00,2024,4,7,13,50,37,37261,MALRAUX (QUAI ANDRE),47.3975,0.69949,Plein jour,En agglomération,Intersection en X,Normale,Deux véhicules - côté,4,2,3,0,1,1,1,0,8,50,2,2,1,0,0,1,21.0,,voiture,autre,1,2,2,1,3
202400035367,2024-01-16 08:40:00,2024,1,16,8,40,91,91027,MARCEL SEMBAT (AVENUE),48.70823,2.38035,Plein jour,En agglomération,Intersection en T,Temps couvert,Autre collision,3,2,2,0,1,1,1,0,1,30,1,2,1,0,0,1,43.0,,utilitaire_camion,,1,2,3,8,6
202400035367,2024-01-16 08:40:00,2024,1,16,8,40,91,91027,MARCEL SEMBAT (AVENUE),48.70823,2.38035,Plein jour,En agglomération,Intersection en T,Temps couvert,Autre collision,3,2,2,0,1,1,1,0,1,30,1,2,1,0,0,1,43.0,,utilitaire_camion,,1,2,3,8,6
202400035368,2024-05-12 16:37:00,2024,5,12,16,37,63,63300,RD 2009,45.89647969,3.13993871,Plein jour,Hors agglomération,Hors intersection,Pluie légère,Sans collision,3,3,4,0,1,3,2,9,1,110,1,1,0,0,0,1,55.0,,deux_roues,,1,1,1,2,7
202400035369,2024-02-29 16:10:00,2024,2,29,16,10,75,75105,BOULEVARD SAINT GERMAIN,48.849464,2.354466,Plein jour,En agglomération,Intersection en X,Pluie légère,Autre collision,4,1,4,3,1,1,2,0,1,30,1,2,1,0,0,1,41.0,,deux_roues,,1,2,2,2,6
202400035369,2024-02-29 16:10:00,2024,2,29,16,10,75,75105,BOULEVARD SAINT GERMAIN,48.849464,2.354466,Plein jour,En agglomération,Intersection en X,Pluie légère,Autre collision,4,1, -1,-1,1,1,2,0,1,30,1,2,1,0,0,1,41.0,,deux_roues,,1,2,2,2,6
202400035370,2024-04-06 16:50:00,2024,4,6,16,50,37,37261,TRANCHEE (AVENUE DE LA),47.40247,0.68384,Plein jour,En agglomération,Hors intersection,Normale,Deux véhicules - côté,4,3,6,0,2,1,1,0,1,50,2,3,2,0,0,1,43.0,22.0,voiture,deux_roues,1,2,1,1,3
202400035371,2024-01-16 08:38:00,2024,1,16,8,38,91,91589,ARISTIDE BRIAND (BOULEVARD),48.677904,2.339597,Plein jour,En agglomération,Hors intersection,Normale,Autre collision,3,2,2,0,1,1,1,0,1,50,2,2,1,0,0,1,44.0,27.0,voiture,deux_roues,1,2,1,1,6
202400035372,2024-02-29 18:55:00,2024,2,29,18,55,75,75120,PLACE DE LA PORTE DE MONTREUIL,48.8537,2.413175,Nuit avec éclairage allumé,En agglomération,Place,Normale,Deux véhicules - côté,4,1,3,0,2,1,1,5,1,50,2,2,1,0,0,1,54.0,36.0,voiture,deux_roues,5,2,7,1,3
202400035373,2024-05-10 17:04:00,2024,5,10,17,4,57,57221,GRAND'RUE,49.32737,6.12244,Plein jour,En agglomération,Hors intersection,Normale,Deux véhicules - côté,3,2,2,0,1,1,1,0,1,50,2,2,1,0,0,1,31.0,48.0,voiture,deux_roues,1,2,1,1,3
202400035374,2024-01-16 07:30:00,2024,1,16,7,30,91,91521,COPERNIC (RUE),48.650014,2.400916,Nuit avec éclairage allumé,En agglomération,Intersection en X,Temps couvert,Autre collision,4,2,0,0,1,3,2,9,1,30,1,2,1,0,0,1,53.0,,voiture,,5,2,2,8,6
202400035374,2024-01-16 07:30:00,2024,1,16,7,30,91,91521,COPERNIC (RUE),48.650014,2.400916,Nuit avec éclairage allumé,En agglomération,Intersection en X,Temps couvert,Autre collision,4,2,2,0,1,3,2,9,1,30,1,2,1,0,0,1,53.0,,voiture,,5,2,2,8,6
202400035375,2024-04-07 16:10:00,2024,4,7,16,10,35,35238,VITRE (BLD DE),48.11573,-1.64838,Plein jour,En agglomération,Intersection en T,Normale,Deux véhicules - côté,4,2,2,0,1,1,1,0,1,30,2,2,1,0,0,1,39.0,19.0,deux_roues,voiture,1,2,3,1,3
202400035375,2024-04-07 16:10:00,2024,4,7,16,10,35,35238,VITRE (BLD DE),48.11573,-1.64838,Plein jour,En agglomération,Intersection en T,Normale,Deux véhicules - côté,4,3,3,0,1,1,1,0,1,30,2,2,1,0,0,1,39.0,19.0,deux_roues,voiture,1,2,3,1,3
202400035376,2024-05-14 18:25:00,2024,5,14,18,25,56,56098,Belann,47.767008,-3.310993,Plein jour,Hors agglomération,Hors intersection,Normale,Trois véhicules et plus - en chaîne,3,2,2,0,1,1,1,0,1,70,3,4,3,0,0,1,19.0,23.0,voiture,utilitaire_camion,1,1,1,1,4
202400035377,2024-01-14 00:42:00,2024,1,14,0,42,84,84007,MALPEIGNE (Chemin de),43.94818,4.83587,Nuit avec éclairage allumé,En agglomération,Hors intersection,Normale,Autre collision,4,2,2,0,1,1,1,0,4,50,1,2,1,0,0,1,21.0,,voiture,,5,2,1,1,6
202400035378,2024-02-28 16:50:00,2024,2,28,16,50,75,75120,AVENUE GAMBETTA,48.867173,2.40042,Plein jour,En agglomération,Intersection en T,Normale,Autre collision,4,2,3,1,1,1,1,0,1,30,1,2,1,0,0,1,36.0,,deux_roues,,1,2,3,1,6
202400035378,2024-02-28 16:50:00,2024,2,28,16,50,75,75120,AVENUE GAMBETTA,48.867173,2.40042,Plein jour,En agglomération,Intersection en T,Normale,Autre collision,4,1, -1,-1,1,1,1,0,1,30,1,2,1,0,0,1,36.0,,deux_roues,,1,2,3,1,6
202400035379,2024-04-07 00:45:00,2024,4,7,0,45,34,34003,SETE ( ROUTE),43.307949,3.508889,Nuit sans éclairage public,Hors agglomération,Hors intersection,Normale,Deux véhicules - arrière,3,1,1,0,1,1,1,3,1,90,2,4,0,0,3,1,39.0,39.0,voiture,voiture,3,1,1,1,2
202400035380,2024-01-16 20:00:00,2024,1,16,20,0,83,83069,AVENUE RITONDALE LEOPOLD,43.11341,6.12974,Nuit avec éclairage allumé,En agglomération,Intersection en X,Normale,Deux véhicules - côté,3,1,3,0,1,1,1,5,1,50,2,2,0,0,1,1,28.0,30.0,deux_roues,voiture,5,2,2,1,3
202400035380,2024-01-16 20:00:00,2024,1,16,20,0,83,83069,AVENUE RITONDALE LEOPOLD,43.11341,6.12974,Nuit avec éclairage allumé,En agglomération,Intersection en X,Normale,Deux véhicules - côté,3,1, -1,0,1,1,1,5,1,50,2,2,0,0,1,1,28.0,30.0,deux_roues,voiture,5,2,2,1,3
202400035381,2024-05-15 22:40:00,2024,5,15,22,40,51,51454,CLOVIS (RUE),49.251519,4.027783,Nuit avec éclairage allumé,En agglomération,Intersection en X,Pluie légère,Deux véhicules - côté,4,2,2,0,1,1,2,0,1,30,2,3,1,0,0,2,33.0,30.0,deux_roues,deux_roues,5,2,2,2,3
202400035382,2024-02-29 13:10:00,2024,2,29,13,10,75,75118,AVENUE DE SAINT OUEN,48.891291,2.326948,Plein jour,En agglomération,Intersection en Y,Pluie légère,Deux véhicules - côté,4,2,4,1,2,1,2,0,5,30,2,2,1,0,0,1,16.0,34.0,deux_roues,utilitaire_camion,1,2,4,2,3
202400035382,2024-02-29 13:10:00,2024,2,29,13,10,75,75118,AVENUE DE SAINT OUEN,48.891291,2.326948,Plein jour,En agglomération,Intersection en Y,Pluie légère,Deux véhicules - côté,4,1, -1,-1,2,1,2,0,5,30,2,2,1,0,0,1,16.0,34.0,deux_roues,utilitaire_camion,1,2,4,2,3
202400035383,2024-04-07 14:00:00,2024,4,7,14,0,33,33063,,44.85436,-0.60605,Plein jour,En agglomération,Hors intersection,Normale,Autre collision,4,2,2,0,1,1,1,0,1,30,1,2,1,0,0,1,95.0,,voiture,,1,2,1,1,6
202400035384,2024-05-15 20:45:00,2024,5,15,20,45,51,51454,LAON (AVENUE) DU N° 219 AU 341 ET N° 248,49.272746,4.019871,Plein jour,En agglomération,Hors intersection,Normale,Deux véhicules - arrière,4,1,1,0,1,1,1,0,1,50,2,2,1,0,0,1,38.0,16.0,voiture,deux_roues,1,2,1,1,2
202400035385,2024-01-02 10:10:00,2024,1,2,10,10,83,83069,ALMANARRE (ROUTE DE L'),43.10234435,6.12943339,Plein jour,En agglomération,Hors intersection,Normale,Sans collision,3,1,2,0,1,1,9,0,1,50,2,2,1,0,1,0,50.0,43.0,utilitaire_camion,deux_roues,1,2,1,1,7
202400035386,2024-02-28 22:15:00,2024,2,28,22,15,75,75116,PLACE D IENA,48.86474082,2.29357535,Nuit avec éclairage allumé,En agglomération,Giratoire,Normale,Deux véhicules - côté,4,2,2,0,1,1,1,0,1,50,2,2,1,0,0,1,27.0,49.0,deux_roues,voiture,5,2,6,1,3
202400035386,2024-02-28 22:15:00,2024,2,28,22,15,75,75116,PLACE D IENA,48.86474082,2.29357535,Nuit avec éclairage allumé,En agglomération,Giratoire,Normale,Deux véhicules - côté,4,2,2,0,1,1,1,0,1,50,2,2,1,0,0,1,27.0,49.0,deux_roues,voiture,5,2,6,1,3
202400035387,2024-04-07 02:40:00,2024,4,7,2,40,33,33063,,44.827774,-0.572465,Nuit avec éclairage allumé,En agglomération,Hors intersection,Normale,Autre collision,4,2,2,0,1,1,1,0,1,30,2,2,1,0,0,1,29.0,18.0,deux_roues,deux_roues,5,2,1,1,6
202400035388,2024-05-14 14:05:00,2024,5,14,14,5,49,49007,BEDIER BOULEVARD,47.45309,-0.53878,Plein jour,Hors agglomération,Hors intersection,Normale,Deux véhicules - côté,4,3,4,0,1,1,1,0,1,50,2,2,1,0,0,1,39.0,25.0,voiture,utilitaire_camion,1,1,1,1,3
202400035389,2024-02-29 18:20:00,2024,2,29,18,20,75,75113,RUE DE TOLBIAC,48.829704,2.375154,Crépuscule ou aube,En agglomération,Hors intersection,Pluie légère,Autre collision,4,2,2,0,1,1,2,0,1,30,1,2,1,0,0,1,22.0,,deux_roues,,2,2,1,2,6
202400035390,2024-01-17 00:40:00,2024,1,17,0,40,82,82033,MARECHAL LECLERC (AVENUE DU) ,44.044746,1.104063,Nuit avec éclairage non allumé,En agglomération,Intersection en X,Normale,Deux véhicules - côté,3,-1,2,0,1,1,1,0,8,50,2,2,1,0,0,1,31.0,60.0,utilitaire_camion,utilitaire_camion,4,2,2,1,3
202400035390,2024-01-17 00:40:00,2024,1,17,0,40,82,82033,MARECHAL LECLERC (AVENUE DU) ,44.044746,1.104063,Nuit avec éclairage non allumé,En agglomération,Intersection en X,Normale,Deux véhicules - côté,3,-1,0,0,1,1,1,0,8,50,2,2,1,0,0,1,31.0,60.0,utilitaire_camion,utilitaire_camion,4,2,2,1,3
202400035391,2024-01-15 21:10:00,2024,1,15,21,10,80,80021,Place René Goblet,49.89148,2.30286,Nuit avec éclairage allumé,En agglomération,Autre intersection,Normale,Autre collision,4,1,0,3,1,2,1,5,1,30,1,2,1,0,0,1,21.0,,voiture,,5,2,9,1,6
202400035392,2024-02-29 14:00:00,2024,2,29,14,0,75,75110,RUE DU FAUBOURG SAINT DENIS,48.879303,2.357063,Plein jour,En agglomération,Intersection en T,Pluie légère,Autre collision,4,2, -1,-1,2,1,2,0,1,30,1,2,1,0,0,1,20.0,,deux_roues,,1,2,3,2,6
202400035392,2024-02-29 14:00:00,2024,2,29,14,0,75,75110,RUE DU FAUBOURG SAINT DENIS,48.879303,2.357063,Plein jour,En agglomération,Intersection en T,Pluie légère,Autre collision,4,2,1,1,2,1,2,0,1,30,1,2,1,0,0,1,20.0,,deux_roues,,1,2,3,2,6
202400035393,2024-04-06 16:50:00,2024,4,6,16,50,33,33063,,44.8468,-0.57107,Plein jour,En agglomération,Autre intersection,Normale,Deux véhicules - côté,4,2,2,-1,1,1,1,0,1,50,2,2,1,0,1,0,38.0,76.0,transport_commun,deux_roues,1,2,9,1,3
202400035393,2024-04-06 16:50:00,2024,4,6,16,50,33,33063,,44.8468,-0.57107,Plein jour,En agglomération,Autre intersection,Normale,Deux véhicules - côté,4,3,5,3,1,1,1,0,6,50,2,2,1,0,1,0,38.0,76.0,transport_commun,deux_roues,1,2,9,1,3