accident_id,datetime,annee,mois,jour,heure,minute,departement,commune_insee,adresse,latitude,longitude,luminosite,agglomeration,intersection,meteo,collision,catr,circ,nbv,vosp,prof,plan,surf,infra,situ,vma,nb_vehicules,nb_usagers,nb_indemnes,nb_tues,nb_blesses_hosp,nb_blesses_legers,age_cond_1,age_cond_2,veh_type_cond_1,veh_type_cond_2,lum_code,agg_code,int_code,atm_code,col_code
202400035394,2024-05-15 07:46:00,2024,5,15,7,46,45,45234,HALLES (RUE DES HALLES),47.898548,1.907172,Plein jour,En agglomération,Intersection en X,Normale,Deux véhicules - côté,4,2,2,0,1,1,1,6,1,10,2,2,1,1,0,0,16.0,59.0,deux_roues,utilitaire_camion,1,2,2,1,3
202400035394,2024-05-15 07:46:00,2024,5,15,7,46,45,45234,HALLES (RUE DES HALLES),47.898548,1.907172,Plein jour,En agglomération,Intersection en X,Normale,Deux véhicules - côté,4,2,2,0,2,1,1,6,1,10,2,2,1,1,0,0,16.0,59.0,deux_roues,utilitaire_camion,1,2,2,1,3
202400035395,2024-05-15 09:40:00,2024,5,15,9,40,43,43002,38 Route de Roderie,45.05076,3.89383,Plein jour,En agglomération,Hors intersection,Normale,Autre collision,4,2,2,0,1,1,1,0,1,30,1,3,2,0,1,0,80.0,,voiture,,1,2,1,1,6
202400035396,2024-01-15 20:55:00,2024,1,15,20,55,78,78418,GABRIEL PERI (AVENUE),48.92039,2.13044,Nuit avec éclairage allumé,En agglomération,Hors intersection,Normale,Deux véhicules - côté,3,2,2,0,1,1,1,0,1,50,2,2,1,0,0,1,39.0,21.0,voiture,voiture,5,2,1,1,3
202400035397,2024-02-29 12:15:00,2024,2,29,12,15,75,75110,BOULEVARD DE STRASBOURG,48.8756,2.35737,Plein jour,En agglomération,Intersection en X,Pluie légère,Deux véhicules - côté,4,1,2,0,1,1,2,0,1,30,2,2,1,0,0,1,50.0,32.0,voiture,deux_roues,1,2,2,2,3
202400035397,2024-02-29 12:15:00,2024,2,29,12,15,75,75110,BOULEVARD DE STRASBOURG,48.8756,2.35737,Plein jour,En agglomération,Intersection en X,Pluie légère,Deux véhicules - côté,4,2, -1,-1,1,1,2,0,1,30,2,2,1,0,0,1,50.0,32.0,voiture,deux_roues,1,2,2,2,3
202400035398,2024-04-07 12:40:00,2024,4,7,12,40,31,31555,D980,43.59841,1.36423,Plein jour,Hors agglomération,Hors intersection,Normale,Deux véhicules - arrière,7,3,2,0,1,1,1,0,1,90,2,2,1,0,0,1,86.0,38.0,voiture,deux_roues,1,1,1,1,2
202400035399,2024-01-16 06:50:00,2024,1,16,6,50,78,78350,CONTI (QUAI),48.87445,2.11921,Nuit avec éclairage allumé,En agglomération,Hors intersection,Normale,Autre collision,3,2,4,0,1,1,1,0,1,50,1,2,1,1,0,0,61.0,,voiture,,5,2,1,1,6
202400035400,2024-05-13 19:30:00,2024,5,13,19,30,42,42218,Rue Bernard Palissy,45.43809973,4.40576054,Plein jour,En agglomération,Hors intersection,Pluie légère,Deux véhicules - arrière,4,1,1,0,1,1,2,0,1,50,2,2,1,0,0,1,22.0,33.0,voiture,voiture,1,2,1,2,2
202400035401,2024-02-29 03:35:00,2024,2,29,3,35,75,75107,QUAI BRANLY,48.858986,2.293433,Nuit avec éclairage allumé,En agglomération,Intersection en T,Normale,Autre collision,4,2, -1,1,1,1,1,0,4,30,1,1,0,0,0,1,20.0,,deux_roues,,5,2,3,1,6
202400035401,2024-02-29 03:35:00,2024,2,29,3,35,75,75107,QUAI BRANLY,48.858986,2.293433,Nuit avec éclairage allumé,En agglomération,Intersection en T,Normale,Autre collision,4,2,2,1,1,1,1,1,4,30,1,1,0,0,0,1,20.0,,deux_roues,,5,2,3,1,6
202400035402,2024-04-07 05:30:00,2024,4,7,5,30,31,31555,RUE DU POLE,43.64592,1.41906,Nuit avec éclairage allumé,En agglomération,Autre intersection,Vent fort / tempête,Deux véhicules - arrière,4,3,2,0,1,2,1,9,8,30,2,2,1,0,0,1,30.0,,deux_roues,voiture,5,2,9,6,2
202400035403,2024-05-14 23:35:00,2024,5,14,23,35,42,42127,Rue Alfred de Musset,46.06263,4.05781,Nuit sans éclairage public,En agglomération,Giratoire,Pluie légère,Deux véhicules - arrière,3,2,2,0,1,1,2,0,1,50,2,2,1,0,0,1,32.0,23.0,voiture,deux_roues,3,2,6,2,2
202400035403,2024-05-14 23:35:00,2024,5,14,23,35,42,42127,Rue Alfred de Musset,46.06263,4.05781,Nuit sans éclairage public,En agglomération,Giratoire,Pluie légère,Deux véhicules - arrière,3,1,2,0,1,1,2,0,1,50,2,2,1,0,0,1,32.0,23.0,voiture,deux_roues,3,2,6,2,2
202400035404,2024-02-28 20:30:00,2024,2,28,20,30,94,94079,Rue du Général de Gaulle / Rue des Courts Sillons,48.827292,2.545921,Nuit avec éclairage allumé,En agglomération,Intersection en T,Normale,Deux véhicules - arrière,3,-1,2,0,1,1,1,0,1,50,2,2,1,0,0,1,40.0,28.0,voiture,voiture,5,2,3,1,2
202400035404,2024-02-28 20:30:00,2024,2,28,20,30,94,94079,Rue du Général de Gaulle / Rue des Courts Sillons,48.827292,2.545921,Nuit avec éclairage allumé,En agglomération,Intersection en T,Normale,Deux véhicules - arrière,3,1,1,-1,1,1,1,0,1,-1,2,2,1,0,0,1,40.0,28.0,voiture,voiture,5,2,3,1,2
202400035405,2024-01-16 18:20:00,2024,1,16,18,20,77,77083,CHAMPY-NESLE (BOULEVARD DU),48.84885,2.58112,Crépuscule ou aube,En agglomération,Hors intersection,Temps couvert,Autre collision,4,2,2,0,2,1,1,0,1,50,1,2,0,0,0,2,60.0,,deux_roues,,2,2,1,8,6
202400035406,2024-04-07 15:10:00,2024,4,7,15,10,30,30243,MONTEE DES CYPRES,44.09147,4.07884,Plein jour,En agglomération,Hors intersection,Normale,Deux véhicules - frontale,3,2,2,0,1,1,1,0,1,50,2,3,0,0,0,3,57.0,55.0,utilitaire_camion,voiture,1,2,1,1,1
202400035407,2024-02-29 21:30:00,2024,2,29,21,30,94,94017,Rue Louis Talamoni / Rue a Trait,48.81272,2.51446,Nuit avec éclairage allumé,En agglomération,Intersection en T,Temps couvert,Deux véhicules - arrière,3,2,4,0,1,1,2,0,1,50,2,2,1,0,0,1,22.0,24.0,voiture,deux_roues,5,2,3,8,2
202400035407,2024-02-29 21:30:00,2024,2,29,21,30,94,94017,Rue Louis Talamoni / Rue a Trait,48.81272,2.51446,Nuit avec éclairage allumé,En agglomération,Intersection en T,Temps couvert,Deux véhicules - arrière,3,2,3,0,2,1,2,0,1,-1,2,2,1,0,0,1,22.0,24.0,voiture,deux_roues,5,2,3,8,2
202400035408,2024-05-15 12:18:00,2024,5,15,12,18,35,35278,PORTE DE MAUREPAS,48.14197,-1.66383,Plein jour,Hors agglomération,Hors intersection,Pluie forte,Deux véhicules - arrière,2,3,4,0,1,1,2,0,1,90,2,2,0,0,0,2,44.0,48.0,voiture,voiture,1,1,1,3,2
202400035409,2024-01-16 12:45:00,2024,1,16,12,45,77,77243,BRANLY (RUE),48.8747,2.68593,Plein jour,En agglomération,Hors intersection,Normale,Deux véhicules - côté,4,-1,0,0,1,1,1,0,8,50,2,2,1,0,0,1,48.0,28.0,voiture,deux_roues,1,2,1,1,3
202400035410,2024-02-29 23:00:00,2024,2,29,23,0,94,94075,Av du Mal de Lattre de Tassigny / Route de la Grange,48.73431,2.52022,Nuit avec éclairage non allumé,En agglomération,Intersection en T,Pluie forte,Deux véhicules - côté,2,3,4,0,1,2,2,5,1,50,2,3,2,0,0,1,24.0,31.0,voiture,voiture,4,2,3,3,3
202400035410,2024-02-29 23:00:00,2024,2,29,23,0,94,94075,Av du Mal de Lattre de Tassigny / Route de la Grange,48.73431,2.52022,Nuit avec éclairage non allumé,En agglomération,Intersection en T,Pluie forte,Deux véhicules - côté,2,3,2,1,1,1,2,5,1,50,2,3,2,0,0,1,24.0,31.0,voiture,voiture,4,2,3,3,3
202400035411,2024-04-07 14:20:00,2024,4,7,14,20,25,25547,PONTARLIER (RUE DE),47.5134,6.83544,Plein jour,En agglomération,Hors intersection,Normale,Deux véhicules - frontale,3,2,3,3,1,1,1,0,1,50,2,5,1,0,0,4,33.0,21.0,voiture,voiture,1,2,1,1,1
202400035412,2024-02-29 19:49:00,2024,2,29,19,49,94,94075,Rue du Lieutenant Dagorno,48.72232607,2.53351969,Nuit avec éclairage allumé,En agglomération,Hors intersection,Temps couvert,Autre collision,3,2,2,0,1,1,2,0,1,30,1,2,1,0,0,1,,,voiture,,5,2,1,8,6
202400035413,2024-05-15 10:15:00,2024,5,15,10,15,34,34301,VERDUN (BOULEVARD DE),43.40905,3.69418,Plein jour,En agglomération,Hors intersection,Normale,Deux véhicules - arrière,4,2,3,0,2,1,1,0,1,50,2,2,1,0,0,1,24.0,19.0,voiture,deux_roues,1,2,1,1,2
202400035414,2024-01-16 08:00:00,2024,1,16,8,0,77,77243,ORME BOSSU (RUE DE  L' ),48.86508,2.71285,Plein jour,En agglomération,Hors intersection,Normale,Autre collision,3,2,12,0,1,2,1,0,1,50,3,3,1,0,0,2,37.0,60.0,voiture,voiture,1,2,1,1,6
202400035415,2024-04-07 04:30:00,2024,4,7,4,30,22,22187,D 6,48.54253,-2.78346,Nuit sans éclairage public,Hors agglomération,Hors intersection,Normale,Autre collision,4,2,2,0,2,1,1,0,1,50,1,2,0,0,0,2,37.0,,voiture,,3,1,1,1,6
202400035416,2024-01-16 09:20:00,2024,1,16,9,20,76,76351,SOCRATE,49.51302,0.16226,Plein jour,En agglomération,Intersection en Y,Normale,Autre collision,4,2, -1,-1,1,1,1,0,1,-1,1,2,1,0,0,1,42.0,,voiture,,1,2,4,1,6
202400035416,2024-01-16 09:20:00,2024,1,16,9,20,76,76351,SOCRATE,49.51302,0.16226,Plein jour,En agglomération,Intersection en Y,Normale,Autre collision,4,2,2,0,1,1,1,0,1,50,1,2,1,0,0,1,42.0,,voiture,,1,2,4,1,6
202400035417,2024-02-29 09:05:00,2024,2,29,9,5,94,94004,Allée des F.F.i. / N19,48.75509182,2.50682352,Plein jour,En agglomération,Intersection en T,Pluie légère,Deux véhicules - frontale,2,-1, -1,-1,3,1,2,5,1,-1,2,2,1,0,0,1,32.0,29.0,deux_roues,voiture,1,2,3,2,1
202400035417,2024-02-29 09:05:00,2024,2,29,9,5,94,94004,Allée des F.F.i. / N19,48.75509182,2.50682352,Plein jour,En agglomération,Intersection en T,Pluie légère,Deux véhicules - frontale,2,3,4,0,1,1,2,2,1,50,2,2,1,0,0,1,32.0,29.0,deux_roues,voiture,1,2,3,2,1
202400035418,2024-05-15 09:00:00,2024,5,15,9,0,34,34198,CENTRE COMMERCIAL AUCHAN,43.57435,3.93609,Plein jour,En agglomération,Intersection en T,Normale,Deux véhicules - côté,7,2,2,0,1,1,1,0,1,50,2,2,0,0,0,2,33.0,68.0,voiture,voiture,1,2,3,1,3
202400035418,2024-05-15 09:00:00,2024,5,15,9,0,34,34198,CENTRE COMMERCIAL AUCHAN,43.57435,3.93609,Plein jour,En agglomération,Intersection en T,Normale,Deux véhicules - côté,7,2,2,0,1,1,1,0,1,50,2,2,0,0,0,2,33.0,68.0,voiture,voiture,1,2,3,1,3
202400035419,2024-04-06 15:45:00,2024,4,6,15,45,14,14333,52 Rue de la République,49.41764,0.23113,Plein jour,En agglomération,Hors intersection,Normale,Autre collision,3,2,2,0,1,1,1,0,8,50,1,1,0,0,0,1,80.0,,voiture,,1,2,1,1,6
202400035420,2024-02-29 15:00:00,2024,2,29,15,0,93,93073,Avenue du Bois de la Pie,48.97980549,2.50919868,Plein jour,En agglomération,Hors intersection,Pluie légère,Deux véhicules - frontale,4,2,4,0,1,1,2,0,1,50,2,2,1,0,0,1,26.0,39.0,voiture,utilitaire_camion,1,2,1,2,1
202400035421,2024-05-15 09:00:00,2024,5,15,9,0,34,34172,THOR (RUE DE),43.61731,3.91535,Plein jour,En agglomération,Hors intersection,Normale,Deux véhicules - côté,4,2,2,0,1,1,1,0,1,50,2,2,1,0,0,1,26.0,40.0,voiture,voiture,1,2,1,1,3
202400035422,2024-02-28 22:50:00,2024,2,28,22,50,93,93066,Rue Danielle Casanova / Cours du Rû de Montfort,48.92657,2.3661,Nuit avec éclairage allumé,En agglomération,Intersection en X,Normale,Deux véhicules - frontale,4,2,2,0,1,1,1,0,1,50,2,2,1,0,1,0,19.0,43.0,deux_roues,voiture,5,2,2,1,1
202400035422,2024-02-28 22:50:00,2024,2,28,22,50,93,93066,Rue Danielle Casanova / Cours du Rû de Montfort,48.92657,2.3661,Nuit avec éclairage allumé,En agglomération,Intersection en X,Normale,Deux véhicules - frontale,4,2,2,0,1,1,1,0,1,-1,2,2,1,0,1,0,19.0,43.0,deux_roues,voiture,5,2,2,1,1
202400035423,2024-01-16 20:20:00,2024,1,16,20,20,76,76576,CITE RADIEUSE,49.5627369,0.45321018,Nuit avec éclairage allumé,En agglomération,Intersection en Y,Normale,Autre collision,3,2,2,0,4,2,7,0,1,50,1,3,1,0,0,2,21.0,,voiture,,5,2,4,1,6
202400035423,2024-01-16 20:20:00,2024,1,16,20,20,76,76576,CITE RADIEUSE,49.5627369,0.45321018,Nuit avec éclairage allumé,En agglomération,Intersection en Y,Normale,Autre collision,3,2,2,0,4,3,7,0,1,50,1,3,1,0,0,2,21.0,,voiture,,5,2,4,1,6
202400035424,2024-01-15 18:15:00,2024,1,15,18,15,72,72181,HEUZE OLIVIER AV N° PAIRS 2 A 198,47.99,0.17,Nuit avec éclairage allumé,En agglomération,Hors intersection,Normale,Deux véhicules - côté,4,2,2,1,1,1,1,0,5,50,2,2,1,0,0,1,76.0,46.0,voiture,deux_roues,5,2,1,1,3
202400035425,2024-04-07 17:00:00,2024,4,7,17,0,13,13214,ARNAVON (AVENUE),43.33015,5.38611,Plein jour,En agglomération,Hors intersection,Normale,Deux véhicules - côté,4,2,2,0,1,1,1,0,1,50,3,6,1,0,1,4,37.0,41.0,voiture,voiture,1,2,1,1,3
202400035426,2024-02-28 11:30:00,2024,2,28,11,30,93,93053,Rue Paul Vaillant Couturier,48.8915,2.44673,Plein jour,En agglomération,Hors intersection,Normale,Deux véhicules - côté,3,2,2,0,1,1,1,8,1,50,2,3,2,0,0,1,43.0,46.0,voiture,deux_roues,1,2,1,1,3
202400035427,2024-05-15 13:40:00,2024,5,15,13,40,33,33200,,44.8683,-0.66335,Plein jour,En agglomération,Giratoire,Temps couvert,Trois véhicules et plus - en chaîne,4,2,2,0,1,1,2,0,1,50,3,3,2,0,0,1,21.0,42.0,deux_roues,voiture,1,2,6,8,4
202400035427,2024-05-15 13:40:00,2024,5,15,13,40,33,33200,,44.8683,-0.66335,Plein jour,En agglomération,Giratoire,Temps couvert,Trois véhicules et plus - en chaîne,4,2,2,0,1,4,2,0,1,50,3,3,2,0,0,1,21.0,42.0,deux_roues,voiture,1,2,6,8,4
202400035428,2024-01-15 18:25:00,2024,1,15,18,25,69,69029,Route de Genas,45.74846597,4.91694169,Nuit avec éclairage allumé,En agglomération,Hors intersection,Pluie légère,Deux véhicules - côté,7,2,2,3,1,1,2,0,6,50,2,3,2,0,0,1,30.0,23.0,voiture,voiture,5,2,1,2,3
202400035429,2024-04-07 16:55:00,2024,4,7,16,55,13,13215,CAP JANET (CHEMIN),43.33934382,5.34928856,Plein jour,En agglomération,Hors intersection,Normale,Deux véhicules - côté,4,2,2,0,2,2,1,0,1,50,2,3,1,0,0,2,45.0,19.0,utilitaire_camion,voiture,1,2,1,1,3
202400035430,2024-02-29 08:40:00,2024,2,29,8,40,93,93051,PIERRE BROSSOLETTE,48.847,2.54064,Plein jour,En agglomération,Intersection en X,Pluie légère,Autre collision,3,1,1,-1,1,1,2,0,1,-1,1,2,1,0,0,1,35.0,,voiture,,1,2,2,2,6
202400035430,2024-02-29 08:40:00,2024,2,29,8,40,93,93051,PIERRE BROSSOLETTE,48.847,2.54064,Plein jour,En agglomération,Intersection en X,Pluie légère,Autre collision,3,3,0,3,2,3,2,5,1,15,1,2,1,0,0,1,35.0,,voiture,,1,2,2,2,6
202400035431,2024-05-14 17:40:00,2024,5,14,17,40,33,33075,,44.880118,-0.58432,Plein jour,En agglomération,Hors intersection,Normale,Deux véhicules - côté,4,2,2,0,1,1,1,0,1,50,2,2,1,0,0,1,51.0,45.0,deux_roues,voiture,1,2,1,1,3
202400035432,2024-04-07 04:30:00,2024,4,7,4,30,13,13206,SAINT PIERRE (RUE),43.29157,5.41039,Nuit sans éclairage public,En agglomération,Hors intersection,Normale,Deux véhicules - frontale,4,2,2,0,1,1,1,0,1,30,2,2,1,0,1,0,26.0,37.0,utilitaire_camion,voiture,3,2,1,1,1
202400035433,2024-01-15 12:40:00,2024,1,15,12,40,69,69290,Avenue de la Gare,45.69025,4.93721,Plein jour,En agglomération,Intersection en X,Pluie légère,Deux véhicules - frontale,7,2,3,0,1,1,2,0,1,30,2,2,1,0,0,1,42.0,57.0,voiture,deux_roues,1,2,2,2,1
202400035433,2024-01-15 12:40:00,2024,1,15,12,40,69,69290,Avenue de la Gare,45.69025,4.93721,Plein jour,En agglomération,Intersection en X,Pluie légère,Deux véhicules - frontale,7,2,2,0,1,1,2,0,1,30,2,2,1,0,0,1,42.0,57.0,voiture,deux_roues,1,2,2,2,1
202400035433,2024-01-15 12:40:00,2024,1,15,12,40,69,69290,Avenue de la Gare,45.69025,4.93721,Plein jour,En agglomération,Intersection en X,Pluie légère,Deux véhicules - frontale,7,2,2,0,1,1,2,0,1,30,2,2,1,0,0,1,42.0,57.0,voiture,deux_roues,1,2,2,2,1
202400035434,2024-05-15 18:45:00,2024,5,15,18,45,28,28134,BICHE (RUE DE LA),48.72685,1.37566,Plein jour,En agglomération,Hors intersection,Normale,Autre collision,9,-1,2,0,1,1,1,0,4,50,1,6,0,0,0,6,42.0,,voiture,,1,2,1,1,6
202400035435,2024-04-07 03:30:00,2024,4,7,3,30,13,13205,JEAN JAURES (PLACE),43.29439,5.3869,Nuit avec éclairage allumé,En agglomération,Place,Normale,Deux véhicules - frontale,4,2,2,0,1,1,1,6,1,30,2,2,0,0,2,0,22.0,20.0,deux_roues,deux_roues,5,2,7,1,1
202400035436,2024-01-16 07:50:00,2024,1,16,7,50,69,69091,Rue Romain Rolland,45.60276,4.76575,Plein jour,En agglomération,Hors intersection,Temps couvert,Autre collision,4,2,2,0,1,1,1,0,1,30,1,2,1,0,0,1,42.0,,voiture,,1,2,1,8,6
202400035437,2024-02-29 19:30:00,2024,2,29,19,30,93,93005,Rue Eugène Delacroix / Rue Paul Cézanne,48.95283,2.49879,Nuit avec éclairage allumé,En agglomération,Intersection en X,Normale,Autre collision,3,2,4,0,1,1,1,0,1,-1,1,2,1,0,0,1,26.0,,voiture,,5,2,2,1,6
202400035437,2024-02-29 19:30:00,2024,2,29,19,30,93,93005,Rue Eugène Delacroix / Rue Paul Cézanne,48.95283,2.49879,Nuit avec éclairage allumé,En agglomération,Intersection en X,Normale,Autre collision,3,2,2,3,1,1,2,0,1,50,1,2,1,0,0,1,26.0,,voiture,,5,2,2,1,6
202400035438,2024-04-06 15:50:00,2024,4,6,15,50,13,13215,SAINT ANTOINE (AVENUE DE),43.37552411,5.35593141,Plein jour,En agglomération,Hors intersection,Normale,Deux véhicules - frontale,6,-1,1,3,1,1,1,6,4,30,1,4,2,0,0,2,14.0,,deux_roues,,1,2,1,1,1
202400035439,2024-01-15 13:45:00,2024,1,15,13,45,67,67482,REUSS (ALLEE),48.5448,7.77034,Plein jour,En agglomération,Hors intersection,Neige / grêle,Autre collision,4,2,2,0,1,1,5,0,1,30,1,2,1,0,1,0,22.0,,utilitaire_camion,,1,2,1,4,6
202400035440,2024-02-29 12:00:00,2024,2,29,12,0,92,92062,DE DION BOUTON (QUAI) DU 1 AU 28,48.87687466,2.24056649,Plein jour,En agglomération,Hors intersection,Pluie légère,Deux véhicules - arrière,3,1,2,0,1,1,2,0,1,50,2,2,1,0,0,1,28.0,27.0,utilitaire_camion,voiture,1,2,1,2,2
202400035441,2024-05-15 08:43:00,2024,5,15,8,43,27,27229,BOTTOLIER (RUE),49.01446,1.15746,Plein jour,En agglomération,Intersection en T,Normale,Autre collision,4,2,2,0,1,1,1,0,1,50,1,2,1,0,0,1,22.0,,voiture,,1,2,3,1,6
202400035441,2024-05-15 08:43:00,2024,5,15,8,43,27,27229,BOTTOLIER (RUE),49.01446,1.15746,Plein jour,En agglomération,Intersection en T,Normale,Autre collision,4,2,2,0,1,1,1,0,1,50,1,2,1,0,0,1,22.0,,voiture,,1,2,3,1,6
202400035442,2024-04-06 16:30:00,2024,4,6,16,30,13,13028,ROUMANILLE (AVENUE JOSEPH),43.20072488,5.62313188,Plein jour,En agglomération,Hors intersection,Normale,Deux véhicules - côté,4,2,1,0,1,3,1,0,1,50,2,2,1,0,1,0,68.0,56.0,voiture,deux_roues,1,2,1,1,3
202400035443,2024-01-13 21:15:00,2024,1,13,21,15,66,66136,Avenue Maréchal JUIN,42.68718,2.90184,Nuit avec éclairage allumé,En agglomération,Intersection en X,Normale,Deux véhicules - frontale,4,2,4,0,1,1,1,0,1,50,2,2,1,0,0,1,18.0,66.0,deux_roues,utilitaire_camion,5,2,2,1,1
202400035443,2024-01-13 21:15:00,2024,1,13,21,15,66,66136,Avenue Maréchal JUIN,42.68718,2.90184,Nuit avec éclairage allumé,En agglomération,Intersection en X,Normale,Deux véhicules - frontale,4,2,4,0,1,1,1,0,1,50,2,2,1,0,0,1,18.0,66.0,deux_roues,utilitaire_camion,5,2,2,1,1
202400035444,2024-01-17 00:45:00,2024,1,17,0,45,64,64129,,43.305,-0.401,Nuit avec éclairage allumé,En agglomération,Giratoire,Normale,Sans collision,4,-1,1,0,1,3,1,0,1,50,1,1,0,0,0,1,33.0,,voiture,,5,2,6,1,7
202400035445,2024-05-15 17:40:00,2024,5,15,17,40,25,25056,CHAR  RUE RENE,47.2186,5.95306,Plein jour,En agglomération,Autre intersection,Pluie légère,Deux véhicules - côté,4,3,4,0,1,1,2,0,1,50,2,2,1,0,0,1,21.0,44.0,deux_roues,utilitaire_camion,1,2,9,2,3
202400035446,2024-02-29 18:39:00,2024,2,29,18,39,92,92020,VANVES BOULEVARD N° IMPAIRS,48.80994638,2.2825588,Nuit avec éclairage allumé,En agglomération,Intersection en T,Pluie légère,Deux véhicules - côté,3,2,2,0,1,1,2,0,1,50,2,2,1,0,0,1,22.0,30.0,deux_roues,voiture,5,2,3,2,3
202400035446,2024-02-29 18:39:00,2024,2,29,18,39,92,92020,VANVES BOULEVARD N° IMPAIRS,48.80994638,2.2825588,Nuit avec éclairage allumé,En agglomération,Intersection en T,Pluie légère,Deux véhicules - côté,3,2,2,0,1,1,2,0,1,50,2,2,1,0,0,1,22.0,30.0,deux_roues,voiture,5,2,3,2,3
202400035447,2024-04-05 17:40:00,2024,4,5,17,40,13,13005,RN 8,43.28314,5.53334,Plein jour,En agglomération,Hors intersection,Normale,Deux véhicules - arrière,7,2,2,0,1,1,1,0,1,50,2,5,3,0,0,2,38.0,34.0,voiture,voiture,1,2,1,1,2
202400035448,2024-02-23 20:41:00,2024,2,23,20,41,92,92026,VERDUN (DE 01 A 61),48.90073528,2.26056916,Nuit avec éclairage allumé,En agglomération,Hors intersection,Normale,Sans collision,3,-1,2,0,1,1,1,0,1,50,1,1,0,0,1,0,58.0,,deux_roues,,5,2,1,1,7
202400035449,2024-01-10 18:45:00,2024,1,10,18,45,64,64445,DUFAU,43.30537857,-0.3679736,Nuit avec éclairage allumé,En agglomération,Intersection en T,Normale,Deux véhicules - côté,4,2,2,0,1,1,1,0,5,30,2,2,1,0,0,1,21.0,27.0,deux_roues,voiture,5,2,3,1,3
202400035449,2024-01-10 18:45:00,2024,1,10,18,45,64,64445,DUFAU,43.30537857,-0.3679736,Nuit avec éclairage allumé,En agglomération,Intersection en T,Normale,Deux véhicules - côté,4,3, -1,1,1,1,1,0,5,50,2,2,1,0,0,1,21.0,27.0,deux_roues,voiture,5,2,3,1,3
202400035450,2024-01-16 14:45:00,2024,1,16,14,45,64,64445,RAYMOND DE CARBONNIERES,43.303,-0.35207,Plein jour,En agglomération,Intersection en X,Normale,Deux véhicules - côté,4,2,2,0,1,1,1,0,5,50,2,2,1,0,0,1,77.0,46.0,voiture,deux_roues,1,2,2,1,3
202400035450,2024-01-16 14:45:00,2024,1,16,14,45,64,64445,RAYMOND DE CARBONNIERES,43.303,-0.35207,Plein jour,En agglomération,Intersection en X,Normale,Deux véhicules - côté,4,2,2,1,1,1,1,0,5,50,2,2,1,0,0,1,77.0,46.0,voiture,deux_roues,1,2,2,1,3
202400035451,2024-05-15 15:55:00,2024,5,15,15,55,14,14333,Rue des Vases,49.41808,0.23996,Plein jour,En agglomération,Giratoire,Normale,Deux véhicules - côté,4,1,2,0,1,2,1,5,1,50,2,2,1,0,0,1,51.0,26.0,utilitaire_camion,deux_roues,1,2,6,1,3
202400035451,2024-05-15 15:55:00,2024,5,15,15,55,14,14333,Rue des Vases,49.41808,0.23996,Plein jour,En agglomération,Giratoire,Normale,Deux véhicules - côté,4,3,4,0,1,3,1,5,1,50,2,2,1,0,0,1,51.0,26.0,utilitaire_camion,deux_roues,1,2,6,1,3
202400035452,2024-01-16 13:50:00,2024,1,16,13,50,64,64269,BEARN DU,43.30176,-0.30814,Plein jour,Hors agglomération,Giratoire,Normale,Deux véhicules - côté,3,2,2,0,1,1,1,0,1,50,2,2,1,0,0,1,75.0,76.0,voiture,deux_roues,1,1,6,1,3
202400035452,2024-01-16 13:50:00,2024,1,16,13,50,64,64269,BEARN DU,43.30176,-0.30814,Plein jour,Hors agglomération,Giratoire,Normale,Deux véhicules - côté,3,2,2,0,1,1,1,0,1,50,2,2,1,0,0,1,75.0,76.0,voiture,deux_roues,1,1,6,1,3
202400035453,2024-04-05 14:25:00,2024,4,5,14,25,11,11069,88 Avenue Bunau Varilla,43.20791,2.33684,Plein jour,En agglomération,Intersection en X,Normale,Deux véhicules - côté,4,2,2,0,1,1,1,0,1,50,2,2,1,0,0,1,25.0,57.0,voiture,voiture,1,2,2,1,3
202400035453,2024-04-05 14:25:00,2024,4,5,14,25,11,11069,88 Avenue Bunau Varilla,43.20791,2.33684,Plein jour,En agglomération,Intersection en X,Normale,Deux véhicules - côté,4,2,2,0,1,1,1,0,1,50,2,2,1,0,0,1,25.0,57.0,voiture,voiture,1,2,2,1,3
202400035454,2024-02-29 19:05:00,2024,2,29,19,5,92,92007,RAVERA (AVENUE HENRI) N° 1 A 109 ET 2 A,48.79837541,2.30393904,Nuit avec éclairage allumé,En agglomération,Hors intersection,Pluie légère,Deux véhicules - côté,3,2,2,0,1,1,2,0,1,50,2,3,2,0,0,1,56.0,20.0,deux_roues,voiture,5,2,1,2,3
202400035455,2024-05-14 18:50:00,2024,5,14,18,50,14,14301,28 Rue du Centre,49.17964,-0.28209,Plein jour,En agglomération,Hors intersection,Temps couvert,Autre collision,4,2,2,0,2,1,1,0,4,50,1,1,0,0,1,0,30.0,,deux_roues,,1,2,1,8,6
202400035456,2024-05-15 13:10:00,2024,5,15,13,10,13,13208,PRADO (contre allée),43.27069747,5.38814365,Plein jour,En agglomération,Hors intersection,Normale,Deux véhicules - côté,4,1,1,0,1,1,1,0,1,50,1,2,1,0,0,1,36.0,,voiture,,1,2,1,1,3
202400035457,2024-04-07 17:20:00,2024,4,7,17,20,06,06029,Avenue de Grasse,43.5665458,7.004728,Plein jour,En agglomération,Hors intersection,Normale,Deux véhicules - frontale,4,1,1,0,1,3,1,0,1,50,2,3,0,0,0,3,33.0,32.0,voiture,voiture,1,2,1,1,1
202400035458,2024-01-15 17:38:00,2024,1,15,17,38,63,63113,ELISABETH (AVENUE ALBERT) / Rue Maringue,45.77943,3.0941,Nuit avec éclairage allumé,En agglomération,Intersection à plus de 4 branches,Pluie légère,Deux véhicules - côté,4,1,1,2,2,1,2,0,1,30,2,2,1,0,0,1,24.0,18.0,voiture,deux_roues,5,2,5,2,3