accident_id,datetime,annee,mois,jour,heure,minute,departement,commune_insee,adresse,latitude,longitude,luminosite,agglomeration,intersection,meteo,collision,catr,circ,nbv,vosp,prof,plan,surf,infra,situ,vma,nb_vehicules,nb_usagers,nb_indemnes,nb_tues,nb_blesses_hosp,nb_blesses_legers,age_cond_1,age_cond_2,veh_type_cond_1,veh_type_cond_2,lum_code,agg_code,int_code,atm_code,col_code
202400035458,2024-01-15 17:38:00,2024,1,15,17,38,63,63113,ELISABETH (AVENUE ALBERT) / Rue Maringue,45.77943,3.0941,Nuit avec éclairage allumé,En agglomération,Intersection à plus de 4 branches,Pluie légère,Deux véhicules - côté,4,2,2,0,1,1,2,0,1,30,2,2,1,0,0,1,24.0,18.0,voiture,deux_roues,5,2,5,2,3
202400035459,2024-02-29 07:20:00,2024,2,29,7,20,91,91689,LEON JOUHAUX (AVENUE),48.733598,2.315509,Nuit avec éclairage allumé,En agglomération,Intersection en T,Pluie légère,Autre collision,3,2,2,0,1,1,2,0,1,50,1,2,1,0,0,1,54.0,,voiture,,5,2,3,2,6
202400035459,2024-02-29 07:20:00,2024,2,29,7,20,91,91689,LEON JOUHAUX (AVENUE),48.733598,2.315509,Nuit avec éclairage allumé,En agglomération,Intersection en T,Pluie légère,Autre collision,3,2,2,0,1,1,2,0,1,50,1,2,1,0,0,1,54.0,,voiture,,5,2,3,2,6
202400035460,2024-05-15 11:30:00,2024,5,15,11,30,13,13047,BELLONS CHEMIN DES,43.53208,4.95434,Plein jour,En agglomération,Hors intersection,Normale,Deux véhicules - côté,4,2,0,0,1,1,1,0,1,50,2,2,1,0,0,1,29.0,62.0,utilitaire_camion,voiture,1,2,1,1,3
202400035461,2024-01-16 07:30:00,2024,1,16,7,30,62,62291,D58,50.41717491,2.80771729,Plein jour,Hors agglomération,Hors intersection,Normale,Sans collision,3,-1,2,0,1,1,1,0,1,50,1,2,1,0,0,1,,,utilitaire_camion,,1,1,1,1,7
202400035462,2024-02-28 11:40:00,2024,2,28,11,40,92,92014,GENERAL LECLERC (AV.) (57 A 135 - 50 A 1,48.78339347,2.31696168,Plein jour,En agglomération,Autre intersection,Normale,Deux véhicules - arrière,3,1,2,0,1,1,1,0,1,50,2,2,1,0,0,1,33.0,20.0,deux_roues,voiture,1,2,9,1,2
202400035463,2024-05-04 09:40:00,2024,5,4,9,40,06,06104,815 Promenade 1ere Dfl,43.7676,7.45571,Plein jour,Hors agglomération,Hors intersection,Normale,Deux véhicules - frontale,3,2,2,0,2,2,1,0,1,80,2,2,1,0,1,0,50.0,19.0,utilitaire_camion,deux_roues,1,1,1,1,1
202400035464,2024-01-15 07:50:00,2024,1,15,7,50,62,62037,D341,50.31743,2.73896,Nuit avec éclairage allumé,En agglomération,Hors intersection,Normale,Deux véhicules - frontale,3,2,1,0,1,1,1,0,1,50,2,2,1,0,1,0,26.0,36.0,voiture,voiture,5,2,1,1,1
202400035465,2024-04-07 12:30:00,2024,4,7,12,30,75,75116,BD PERIPHERIQUE EXTERIEUR,48.864239,2.266641,Plein jour,En agglomération,Hors intersection,Normale,Trois véhicules et plus - en chaîne,4,1,4,0,1,1,1,1,1,70,6,8,4,0,0,4,29.0,74.0,utilitaire_camion,voiture,1,2,1,1,4
202400035466,2024-01-15 17:50:00,2024,1,15,17,50,59,59512,DE GAULLE  (BOULEVARD DU GENERAL),50.68803,3.17477,Nuit avec éclairage allumé,En agglomération,Autre intersection,Normale,Autre collision,4,-1,1,0,1,1,1,9,6,50,1,2,1,0,1,0,27.0,,voiture,,5,2,9,1,6
202400035467,2024-03-01 06:44:00,2024,3,1,6,44,976,97610,Rue Digole - Koropa,-12.746329,45.221829,Crépuscule ou aube,En agglomération,Hors intersection,Pluie légère,Deux véhicules - frontale,4,1,1,0,2,1,2,0,1,30,2,2,1,0,1,0,32.0,21.0,voiture,deux_roues,2,2,1,2,1
202400035468,2024-04-05 17:06:00,2024,4,5,17,6,75,75110,RUE BEAUREPAIRE,48.870868,2.364066,Plein jour,En agglomération,Hors intersection,Normale,Deux véhicules - frontale,4,1,2,2,1,1,1,0,1,30,2,2,0,0,2,0,42.0,25.0,deux_roues,deux_roues,1,2,1,1,1
202400035469,2024-05-12 11:14:00,2024,5,12,11,14,03,03023,Route de Charmeil,46.14318,3.39652,Plein jour,Hors agglomération,Hors intersection,Normale,Deux véhicules - côté,3,2,2,0,1,1,1,0,1,50,2,6,5,0,1,0,46.0,53.0,voiture,deux_roues,1,1,1,1,3
202400035470,2024-02-29 16:46:00,2024,2,29,16,46,38,38353,Chemin des acacias,45.417141,4.75767,Plein jour,En agglomération,Hors intersection,Normale,Deux véhicules - frontale,4,2,2,0,2,3,1,0,1,50,2,2,1,0,1,0,20.0,24.0,voiture,deux_roues,1,2,1,1,1
202400035471,2024-01-16 19:30:00,2024,1,16,19,30,59,59009,Rue des Fusilles,50.61895517,3.14222287,Nuit avec éclairage allumé,En agglomération,Intersection en X,Autre,Deux véhicules - côté,7,2,2,0,1,1,1,0,1,50,2,3,2,1,0,0,36.0,19.0,deux_roues,voiture,5,2,2,9,3
202400035471,2024-01-16 19:30:00,2024,1,16,19,30,59,59009,Rue des Fusilles,50.61895517,3.14222287,Nuit avec éclairage allumé,En agglomération,Intersection en X,Autre,Deux véhicules - côté,7,2,2,0,1,1,9,0,1,50,2,3,2,1,0,0,36.0,19.0,deux_roues,voiture,5,2,2,9,3
202400035472,2024-04-05 15:46:00,2024,4,5,15,46,75,75116,ALLEE DE LONGCHAMP,48.867619,2.250963,Plein jour,En agglomération,Intersection en X,Normale,Deux véhicules - côté,4,2,4,0,1,1,1,0,1,30,2,2,1,0,0,1,35.0,61.0,voiture,voiture,1,2,2,1,3
202400035472,2024-04-05 15:46:00,2024,4,5,15,46,75,75116,ALLEE DE LONGCHAMP,48.867619,2.250963,Plein jour,En agglomération,Intersection en X,Normale,Deux véhicules - côté,4,2,4,0,1,1,1,0,1,50,2,2,1,0,0,1,35.0,61.0,voiture,voiture,1,2,2,1,3
202400035473,2024-03-01 02:00:00,2024,3,1,2,0,95,95436,D922,49.1335014,2.26535863,Nuit sans éclairage public,Hors agglomération,Hors intersection,Autre,Autre collision,3,2,2,0,1,1,2,0,1,80,1,1,0,0,1,0,26.0,,voiture,,3,1,1,9,6
202400035474,2024-01-15 20:26:00,2024,1,15,20,26,56,56083,POMPIDOU ( AVENUE GEORGES ),47.801461,-3.26345,Nuit avec éclairage allumé,En agglomération,Hors intersection,Normale,Deux véhicules - frontale,4,2,2,0,2,1,1,0,1,50,2,2,1,0,0,1,39.0,42.0,voiture,voiture,5,2,1,1,1
202400035475,2024-05-15 13:20:00,2024,5,15,13,20,01,01053,HUCHET ( BOULEVARD EMILE),46.19538,5.22532,Plein jour,En agglomération,Intersection en X,Pluie légère,Deux véhicules - côté,4,2,3,1,2,1,2,5,1,50,2,4,1,0,0,3,19.0,20.0,voiture,voiture,1,2,2,2,3
202400035475,2024-05-15 13:20:00,2024,5,15,13,20,01,01053,HUCHET ( BOULEVARD EMILE),46.19538,5.22532,Plein jour,En agglomération,Intersection en X,Pluie légère,Deux véhicules - côté,4,2, -1,-1,1,1,2,0,1,-1,2,4,1,0,0,3,19.0,20.0,voiture,voiture,1,2,2,2,3
202400035475,2024-05-15 13:20:00,2024,5,15,13,20,01,01053,HUCHET ( BOULEVARD EMILE),46.19538,5.22532,Plein jour,En agglomération,Intersection en X,Pluie légère,Deux véhicules - côté,4,2,3,1,1,1,2,5,1,50,2,4,1,0,0,3,19.0,20.0,voiture,voiture,1,2,2,2,3
202400035476,2024-04-07 08:24:00,2024,4,7,8,24,75,75120,RUE DES PYRENEES,48.859155,2.402165,Plein jour,En agglomération,Intersection en X,Normale,Deux véhicules - côté,4,2,2,0,1,1,1,0,1,30,2,2,1,0,0,1,28.0,30.0,deux_roues,voiture,1,2,2,1,3
202400035476,2024-04-07 08:24:00,2024,4,7,8,24,75,75120,RUE DES PYRENEES,48.859155,2.402165,Plein jour,En agglomération,Intersection en X,Normale,Deux véhicules - côté,4,-1,2,0,1,1,1,0,1,30,2,2,1,0,0,1,28.0,30.0,deux_roues,voiture,1,2,2,1,3
202400035477,2024-05-15 07:20:00,2024,5,15,7,20,75,75112,BD PERIPHERIQUE EXTERIEUR,48.828074,2.396298,Plein jour,En agglomération,Hors intersection,Normale,Deux véhicules - côté,4,1,4,0,1,1,1,0,1,70,2,2,1,0,0,1,34.0,24.0,voiture,deux_roues,1,2,1,1,3
202400035478,2024-03-01 09:30:00,2024,3,1,9,30,31,31044,91 Route de Mons,43.608546,1.510668,Plein jour,En agglomération,Hors intersection,Normale,Trois véhicules et plus - collisions multiples,7,2,2,0,1,1,1,0,1,50,3,4,2,0,2,0,32.0,64.0,deux_roues,deux_roues,1,2,1,1,5
202400035479,2024-01-16 19:23:00,2024,1,16,19,23,54,54270,D26,49.487748,5.881636,Nuit sans éclairage public,Hors agglomération,Hors intersection,Normale,Deux véhicules - frontale,3,-1,2,0,1,1,7,0,1,80,2,5,0,1,2,2,19.0,41.0,voiture,voiture,3,1,1,1,1
202400035480,2024-04-06 16:20:00,2024,4,6,16,20,75,75120,RUE MENDELSSOHN,48.854675,2.412062,Plein jour,En agglomération,Intersection en X,Normale,Autre collision,4,1, -1,0,1,1,1,0,1,30,1,3,1,0,0,2,,,deux_roues,,1,2,2,1,6
202400035480,2024-04-06 16:20:00,2024,4,6,16,20,75,75120,RUE MENDELSSOHN,48.854675,2.412062,Plein jour,En agglomération,Intersection en X,Normale,Autre collision,4,2,2,0,1,1,1,5,1,30,1,3,1,0,0,2,,,deux_roues,,1,2,2,1,6
202400035481,2024-05-14 02:00:00,2024,5,14,2,0,75,75116,AVENUE FOCH,48.87272,2.284567,Nuit avec éclairage allumé,En agglomération,Intersection en X,Normale,Deux véhicules - arrière,4,2,6,1,1,1,2,0,1,50,2,2,1,0,1,0,22.0,32.0,voiture,deux_roues,5,2,2,1,2
202400035481,2024-05-14 02:00:00,2024,5,14,2,0,75,75116,AVENUE FOCH,48.87272,2.284567,Nuit avec éclairage allumé,En agglomération,Intersection en X,Normale,Deux véhicules - arrière,4,2,6,2,1,1,1,9,1,50,2,2,1,0,1,0,22.0,32.0,voiture,deux_roues,5,2,2,1,2
202400035482,2024-02-19 13:20:00,2024,2,19,13,20,51,51136,Rue de l?Hotel de Ville,49.100791,3.758129,Plein jour,En agglomération,Intersection en Y,Normale,Deux véhicules - côté,3,2,2,0,3,1,1,0,1,50,2,2,1,0,0,1,76.0,48.0,voiture,voiture,1,2,4,1,3
202400035482,2024-02-19 13:20:00,2024,2,19,13,20,51,51136,Rue de l?Hotel de Ville,49.100791,3.758129,Plein jour,En agglomération,Intersection en Y,Normale,Deux véhicules - côté,3,2,2,0,1,1,1,0,1,50,2,2,1,0,0,1,76.0,48.0,voiture,voiture,1,2,4,1,3
202400035483,2024-01-16 09:50:00,2024,1,16,9,50,51,51454,JAURES (AVENUE JEAN) DU N° 74 A FIN (PAI,49.26163,4.05102,Plein jour,En agglomération,Intersection en X,Normale,Deux véhicules - côté,4,2,2,3,2,1,1,0,1,50,2,2,1,0,0,1,67.0,86.0,voiture,voiture,1,2,2,1,3
202400035483,2024-01-16 09:50:00,2024,1,16,9,50,51,51454,JAURES (AVENUE JEAN) DU N° 74 A FIN (PAI,49.26163,4.05102,Plein jour,En agglomération,Intersection en X,Normale,Deux véhicules - côté,4,1,1,0,1,1,1,0,1,50,2,2,1,0,0,1,67.0,86.0,voiture,voiture,1,2,2,1,3
202400035484,2024-04-07 08:10:00,2024,4,7,8,10,75,75119,QUAI DE LA GIRONDE,48.893664,2.384898,Plein jour,En agglomération,Intersection en T,Normale,Deux véhicules - côté,4,1,1,0,1,1,1,0,1,30,2,2,1,0,1,0,78.0,24.0,voiture,deux_roues,1,2,3,1,3
202400035484,2024-04-07 08:10:00,2024,4,7,8,10,75,75119,QUAI DE LA GIRONDE,48.893664,2.384898,Plein jour,En agglomération,Intersection en T,Normale,Deux véhicules - côté,4,1,1,0,1,1,1,0,1,30,2,2,1,0,1,0,78.0,24.0,voiture,deux_roues,1,2,3,1,3
202400035485,2024-02-29 17:30:00,2024,2,29,17,30,23,23001,Rue du Docteur Maumy,46.080852,2.038801,Crépuscule ou aube,Hors agglomération,Hors intersection,Pluie légère,Sans collision,4,2,2,0,2,4,2,0,8,90,1,1,0,1,0,0,17.0,,utilitaire_camion,,2,1,1,2,7
202400035486,2024-01-16 10:20:00,2024,1,16,10,20,51,51454,HUGO (BOULEVARD VICTOR),49.248255,4.043421,Plein jour,En agglomération,Intersection en X,Normale,Deux véhicules - arrière,4,2,3,2,1,1,1,0,1,50,2,2,1,0,0,1,21.0,46.0,utilitaire_camion,deux_roues,1,2,2,1,2
202400035486,2024-01-16 10:20:00,2024,1,16,10,20,51,51454,HUGO (BOULEVARD VICTOR),49.248255,4.043421,Plein jour,En agglomération,Intersection en X,Normale,Deux véhicules - arrière,4,2, -1,-1,1,1,1,0,1,-1,2,2,1,0,0,1,21.0,46.0,utilitaire_camion,deux_roues,1,2,2,1,2
202400035487,2024-05-15 09:50:00,2024,5,15,9,50,75,75117,BOULEVARD DES BATIGNOLLES,48.883528,2.326889,Plein jour,En agglomération,Place,Normale,Deux véhicules - côté,4,1,2,3,1,1,1,0,1,50,2,2,1,0,0,1,27.0,27.0,deux_roues,deux_roues,1,2,7,1,3
202400035487,2024-05-15 09:50:00,2024,5,15,9,50,75,75117,BOULEVARD DES BATIGNOLLES,48.883528,2.326889,Plein jour,En agglomération,Place,Normale,Deux véhicules - côté,4,2, -1,-1,1,1,1,0,1,50,2,2,1,0,0,1,27.0,27.0,deux_roues,deux_roues,1,2,7,1,3
202400035488,2024-04-07 14:50:00,2024,4,7,14,50,75,75117,AVENUE MAC MAHON,48.875261,2.29479,Plein jour,En agglomération,Intersection en T,Normale,Deux véhicules - côté,4,2,2,3,1,1,1,0,1,30,2,2,1,0,0,1,30.0,69.0,deux_roues,voiture,1,2,3,1,3
202400035488,2024-04-07 14:50:00,2024,4,7,14,50,75,75117,AVENUE MAC MAHON,48.875261,2.29479,Plein jour,En agglomération,Intersection en T,Normale,Deux véhicules - côté,4,-1, -1,-1,1,1,1,0,1,30,2,2,1,0,0,1,30.0,69.0,deux_roues,voiture,1,2,3,1,3
202400035489,2024-03-01 05:30:00,2024,3,1,5,30,23,23068,La Coussediere,46.13172147,2.07645893,Nuit sans éclairage public,Hors agglomération,Hors intersection,Normale,Autre collision,3,2,2,0,1,3,1,0,1,90,1,4,0,1,3,0,25.0,,voiture,,3,1,1,1,6
202400035490,2024-02-29 20:05:00,2024,2,29,20,5,28,28162,Rue de la Mairie,48.302619,1.474117,Nuit avec éclairage non allumé,En agglomération,Hors intersection,Pluie forte,Autre collision,3,2,2,0,1,1,2,0,4,50,1,1,0,0,1,0,17.0,,deux_roues,,4,2,1,3,6
202400035491,2024-01-15 11:00:00,2024,1,15,11,0,51,51454,CHEZEL (RUE CLOVIS),49.24069,4.03378,Plein jour,En agglomération,Hors intersection,Normale,Trois véhicules et plus - en chaîne,4,2,3,0,1,1,1,2,1,50,3,4,2,1,1,0,54.0,77.0,transport_commun,utilitaire_camion,1,2,1,1,4
202400035492,2024-05-15 15:30:00,2024,5,15,15,30,75,75111,AVENUE LEDRU ROLLIN,48.8555644,2.37868,Plein jour,En agglomération,Intersection en X,Normale,Autre collision,4,2,2,0,1,1,1,0,1,30,2,2,1,0,0,1,30.0,36.0,voiture,deux_roues,1,2,2,1,6
202400035492,2024-05-15 15:30:00,2024,5,15,15,30,75,75111,AVENUE LEDRU ROLLIN,48.8555644,2.37868,Plein jour,En agglomération,Intersection en X,Normale,Autre collision,4,2,2,0,1,1,1,0,1,30,2,2,1,0,0,1,30.0,36.0,voiture,deux_roues,1,2,2,1,6
202400035493,2024-04-07 01:00:00,2024,4,7,1,0,75,75117,AVENUE DE WAGRAM,48.881552,2.300683,Nuit avec éclairage allumé,En agglomération,Intersection en X,Normale,Autre collision,4,2,2,3,1,1,1,0,1,30,2,4,2,0,2,0,23.0,31.0,deux_roues,voiture,5,2,2,1,6
202400035493,2024-04-07 01:00:00,2024,4,7,1,0,75,75117,AVENUE DE WAGRAM,48.881552,2.300683,Nuit avec éclairage allumé,En agglomération,Intersection en X,Normale,Autre collision,4,1,2,0,1,1,1,0,1,30,2,4,2,0,2,0,23.0,31.0,deux_roues,voiture,5,2,2,1,6
202400035494,2024-01-15 21:50:00,2024,1,15,21,50,50,50129,COUBERTIN (RUE PIERRE DE),49.64211,-1.63636,Nuit avec éclairage allumé,En agglomération,Intersection en T,Normale,Deux véhicules - côté,4,2,2,0,1,1,1,0,1,30,2,2,1,0,0,1,25.0,31.0,voiture,deux_roues,5,2,3,1,3
202400035494,2024-01-15 21:50:00,2024,1,15,21,50,50,50129,COUBERTIN (RUE PIERRE DE),49.64211,-1.63636,Nuit avec éclairage allumé,En agglomération,Intersection en T,Normale,Deux véhicules - côté,4,1, -1,-1,1,1,1,9,1,-1,2,2,1,0,0,1,25.0,31.0,voiture,deux_roues,5,2,3,1,3
202400035495,2024-02-29 12:07:00,2024,2,29,12,7,29,29078,N165,48.30679301,-4.19243462,Plein jour,Hors agglomération,Hors intersection,Pluie forte,Deux véhicules - arrière,2,3,2,0,1,1,2,0,1,110,2,2,1,0,1,0,21.0,32.0,utilitaire_camion,voiture,1,1,1,3,2
202400035496,2024-05-15 19:50:00,2024,5,15,19,50,75,75102,PLACE DE L OPERA,48.870032,2.332566,Plein jour,En agglomération,Place,Pluie légère,Deux véhicules - côté,4,1, -1,3,1,1,2,5,1,30,2,2,1,0,0,1,57.0,39.0,voiture,deux_roues,1,2,7,2,3
202400035497,2024-07-20 14:50:00,2024,7,20,14,50,56,56260,Avenue de Tohannic,47.65348,-2.74119,Plein jour,En agglomération,Giratoire,Normale,Deux véhicules - côté,4,2,2,0,1,2,1,5,1,50,2,2,1,0,0,1,60.0,16.0,voiture,deux_roues,1,2,6,1,3
202400035498,2024-04-07 20:20:00,2024,4,7,20,20,75,75106,BOULEVARD DU MONTPARNASSE,48.844185,2.322889,Nuit avec éclairage allumé,En agglomération,Intersection en T,Pluie légère,Deux véhicules - frontale,4,2,2,0,1,3,2,0,1,30,2,2,1,0,0,1,48.0,60.0,deux_roues,transport_commun,5,2,3,2,1
202400035498,2024-04-07 20:20:00,2024,4,7,20,20,75,75106,BOULEVARD DU MONTPARNASSE,48.844185,2.322889,Nuit avec éclairage allumé,En agglomération,Intersection en T,Pluie légère,Deux véhicules - frontale,4,2,2,0,1,1,2,0,1,30,2,2,1,0,0,1,48.0,60.0,deux_roues,transport_commun,5,2,3,2,1
202400035499,2024-01-13 07:45:00,2024,1,13,7,45,50,50129,HUGO (RUE VICTOR),49.64563,-1.64622,Nuit avec éclairage allumé,En agglomération,Intersection en T,Normale,Deux véhicules - côté,4,2,2,0,1,1,1,0,1,30,2,2,1,0,0,1,47.0,,deux_roues,voiture,5,2,3,1,3
202400035499,2024-01-13 07:45:00,2024,1,13,7,45,50,50129,HUGO (RUE VICTOR),49.64563,-1.64622,Nuit avec éclairage allumé,En agglomération,Intersection en T,Normale,Deux véhicules - côté,4,1,1,0,1,1,1,0,1,30,2,2,1,0,0,1,47.0,,deux_roues,voiture,5,2,3,1,3
202400035500,2024-02-29 14:25:00,2024,2,29,14,25,65,65084,RD08,43.158956,0.104992,Plein jour,Hors agglomération,Autre intersection,Temps éblouissant,Deux véhicules - côté,3,2,2,0,1,1,1,0,1,90,2,2,1,0,0,1,62.0,65.0,voiture,deux_roues,1,1,9,7,3
202400035500,2024-02-29 14:25:00,2024,2,29,14,25,65,65084,RD08,43.158956,0.104992,Plein jour,Hors agglomération,Autre intersection,Temps éblouissant,Deux véhicules - côté,3,2,2,0,1,1,1,5,1,50,2,2,1,0,0,1,62.0,65.0,voiture,deux_roues,1,1,9,7,3
202400035501,2024-05-12 21:05:00,2024,5,12,21,5,94,94052,Avenue Georges Clémenceau / Avenue de la Belle Gabrielle,48.83638689,2.4699803,Plein jour,En agglomération,Intersection en X,Normale,Deux véhicules - côté,3,2,4,0,1,1,1,5,1,50,2,2,1,0,0,1,25.0,37.0,deux_roues,voiture,1,2,2,1,3
202400035501,2024-05-12 21:05:00,2024,5,12,21,5,94,94052,Avenue Georges Clémenceau / Avenue de la Belle Gabrielle,48.83638689,2.4699803,Plein jour,En agglomération,Intersection en X,Normale,Deux véhicules - côté,3,1,1,2,1,3,1,5,1,-1,2,2,1,0,0,1,25.0,37.0,deux_roues,voiture,1,2,2,1,3
202400035502,2024-02-29 14:50:00,2024,2,29,14,50,11,11110,28 Route de Durban,43.041269,2.746121,Plein jour,Hors agglomération,Hors intersection,Normale,Sans collision,3,2,2,0,1,1,1,0,3,-1,1,1,0,1,0,0,82.0,,voiture,,1,1,1,1,7
202400035503,2024-07-21 16:00:00,2024,7,21,16,0,54,54261,Rue de Paris,49.518814,5.784588,Plein jour,En agglomération,Hors intersection,Normale,Deux véhicules - côté,3,1,2,0,1,1,1,0,1,30,2,2,1,0,0,1,19.0,21.0,deux_roues,voiture,1,2,1,1,3
202400035504,2024-04-07 18:30:00,2024,4,7,18,30,75,75115,RUE DE VAUGIRARD,48.840409,2.304261,Plein jour,En agglomération,Intersection en X,Normale,Sans collision,4,2, -1,-1,1,1,1,0,1,30,1,1,0,0,0,1,24.0,,deux_roues,,1,2,2,1,7
202400035504,2024-04-07 18:30:00,2024,4,7,18,30,75,75115,RUE DE VAUGIRARD,48.840409,2.304261,Plein jour,En agglomération,Intersection en X,Normale,Sans collision,4,1,0,1,1,1,1,0,1,30,1,1,0,0,0,1,24.0,,deux_roues,,1,2,2,1,7
202400035505,2024-01-15 18:33:00,2024,1,15,18,33,49,49007,BARANGE BOULEVARD,47.45558,-0.56988,Nuit avec éclairage allumé,En agglomération,Hors intersection,Normale,Deux véhicules - arrière,4,3,5,0,1,1,1,1,1,50,2,3,2,0,0,1,23.0,48.0,voiture,voiture,5,2,1,1,2
202400035506,2024-02-29 09:05:00,2024,2,29,9,5,71,71137,27 Rue Porte des Prés,46.439635,4.659587,Plein jour,En agglomération,Hors intersection,Normale,Autre collision,4,2,2,0,1,1,1,5,1,50,1,2,1,0,1,0,93.0,,voiture,,1,2,1,1,6
202400035507,2024-01-15 12:10:00,2024,1,15,12,10,49,49353,avenue pierre mendès france,47.45,-0.504,Plein jour,En agglomération,Hors intersection,Normale,Autre collision,4,2,2,0,1,1,1,0,1,50,1,2,1,0,0,1,33.0,,voiture,,1,2,1,1,6
202400035508,2024-05-15 21:20:00,2024,5,15,21,20,93,93071,Rue d'Aulnay,48.940001,2.519058,Nuit avec éclairage allumé,En agglomération,Hors intersection,Pluie légère,Deux véhicules - côté,3,2,2,0,1,1,2,0,1,50,2,2,1,0,0,1,28.0,28.0,utilitaire_camion,deux_roues,5,2,1,2,3
202400035509,2024-07-16 09:05:00,2024,7,16,9,5,49,49099,CARNOT (RUE SADI),47.06159,-0.86965,Plein jour,En agglomération,Intersection en T,Normale,Deux véhicules - arrière,4,1,1,0,1,1,1,0,1,50,2,2,1,0,1,0,18.0,69.0,deux_roues,utilitaire_camion,1,2,3,1,2
202400035509,2024-07-16 09:05:00,2024,7,16,9,5,49,49099,CARNOT (RUE SADI),47.06159,-0.86965,Plein jour,En agglomération,Intersection en T,Normale,Deux véhicules - arrière,4,2,2,0,2,1,1,0,1,50,2,2,1,0,1,0,18.0,69.0,deux_roues,utilitaire_camion,1,2,3,1,2
202400035510,2024-02-28 12:00:00,2024,2,28,12,0,61,61196,D955,48.375606,0.53432,Plein jour,Hors agglomération,Intersection en T,Normale,Sans collision,3,2,2,0,2,1,1,0,3,90,1,1,0,0,1,0,61.0,,deux_roues,,1,1,3,1,7
202400035510,2024-02-28 12:00:00,2024,2,28,12,0,61,61196,D955,48.375606,0.53432,Plein jour,Hors agglomération,Intersection en T,Normale,Sans collision,3,-1, -1,0,1,1,1,0,3,50,1,1,0,0,1,0,61.0,,deux_roues,,1,1,3,1,7
202400035511,2024-04-06 20:50:00,2024,4,6,20,50,75,75112,AVENUE DE SAINT MAURICE,48.829784,2.420288,Nuit avec éclairage allumé,En agglomération,Hors intersection,Normale,Autre collision,4,2,2,0,1,1,1,0,1,30,3,5,0,0,0,5,20.0,,voiture,,5,2,1,1,6
202400035512,2024-01-16 12:30:00,2024,1,16,12,30,47,47201,PYRENEES (AVENUE DES),44.17549,0.60666,Plein jour,En agglomération,Intersection en T,Temps couvert,Deux véhicules - côté,3,2,2,0,1,1,2,0,1,50,2,2,1,0,0,1,74.0,63.0,voiture,deux_roues,1,2,3,8,3
202400035512,2024-01-16 12:30:00,2024,1,16,12,30,47,47201,PYRENEES (AVENUE DES),44.17549,0.60666,Plein jour,En agglomération,Intersection en T,Temps couvert,Deux véhicules - côté,3,2,2,0,1,1,2,0,1,50,2,2,1,0,0,1,74.0,63.0,voiture,deux_roues,1,2,3,8,3
202400035513,2024-03-01 08:40:00,2024,3,1,8,40,12,12120,D888,44.384851,2.812457,Plein jour,Hors agglomération,Hors intersection,Pluie légère,Deux véhicules - frontale,3,2,2,0,2,1,2,0,1,80,2,2,0,0,0,2,25.0,30.0,voiture,voiture,1,1,1,2,1
202400035514,2024-04-07 16:45:00,2024,4,7,16,45,75,75101,BOULEVARD DU PALAIS,48.85522,2.345822,Plein jour,En agglomération,Hors intersection,Normale,Autre collision,4,2,2,1,1,1,2,0,1,30,1,2,1,0,0,1,34.0,,deux_roues,,1,2,1,1,6
202400035515,2024-05-14 22:00:00,2024,5,14,22,0,93,93063,Avenue Gaston Roussel,48.893578,2.436247,Nuit avec éclairage allumé,En agglomération,Hors intersection,Pluie légère,Deux véhicules - frontale,3,2,2,0,1,1,2,0,1,30,2,2,1,0,0,1,30.0,19.0,transport_commun,deux_roues,5,2,1,2,1
202400035516,2024-07-20 23:40:00,2024,7,20,23,40,45,45075,D2152 PR 76 + 1061,47.89323,1.848354,Nuit avec éclairage allumé,En agglomération,Intersection en X,Pluie forte,Deux véhicules - côté,3,-1,2,0,1,2,2,0,1,50,2,3,1,0,0,2,50.0,20.0,deux_roues,voiture,5,2,2,3,3
202400035516,2024-07-20 23:40:00,2024,7,20,23,40,45,45075,D2152 PR 76 + 1061,47.89323,1.848354,Nuit avec éclairage allumé,En agglomération,Intersection en X,Pluie forte,Deux véhicules - côté,3,2,2,0,1,1,2,0,1,50,2,3,1,0,0,2,50.0,20.0,deux_roues,voiture,5,2,2,3,3
202400035517,2024-01-16 10:05:00,2024,1,16,10,5,45,45068,Rue Nelson Mandela,48.00924,2.72386,Plein jour,En agglomération,Hors intersection,Autre,Trois véhicules et plus - en chaîne,4,2,2,0,2,2,2,2,1,50,3,3,2,0,0,1,20.0,63.0,voiture,utilitaire_camion,1,2,1,9,4
202400035518,2024-04-07 14:00:00,2024,4,7,14,0,75,75104,RUE DE RIVOLI,48.855504,2.360095,Plein jour,En agglomération,Intersection en T,Pluie légère,Autre collision,4,1,2,2,1,1,2,0,1,30,1,2,0,0,0,2,30.0,,deux_roues,,1,2,3,2,6
202400035518,2024-04-07 14:00:00,2024,4,7,14,0,75,75104,RUE DE RIVOLI,48.855504,2.360095,Plein jour,En agglomération,Intersection en T,Pluie légère,Autre collision,4,1,1,1,1,1,2,0,1,30,1,2,0,0,0,2,30.0,,deux_roues,,1,2,3,2,6
202400035519,2024-01-16 10:10:00,2024,1,16,10,10,37,37261,BASSEE (RUE DE LA),47.42335,0.68267,Plein jour,En agglomération,Hors intersection,Normale,Deux véhicules - côté,4,2,2,0,1,1,1,0,1,50,2,2,1,0,0,1,29.0,41.0,utilitaire_camion,deux_roues,1,2,1,1,3
202400035520,2024-05-15 10:15:00,2024,5,15,10,15,93,93032,Rue Aristide Briand / Rue Carnot,48.87868147,2.53295481,Plein jour,En agglomération,Intersection en T,Normale,Deux véhicules - côté,3,2,2,0,1,1,1,0,1,50,2,2,1,0,0,1,70.0,24.0,deux_roues,deux_roues,1,2,3,1,3