accident_id,datetime,annee,mois,jour,heure,minute,departement,commune_insee,adresse,latitude,longitude,luminosite,agglomeration,intersection,meteo,collision,catr,circ,nbv,vosp,prof,plan,surf,infra,situ,vma,nb_vehicules,nb_usagers,nb_indemnes,nb_tues,nb_blesses_hosp,nb_blesses_legers,age_cond_1,age_cond_2,veh_type_cond_1,veh_type_cond_2,lum_code,agg_code,int_code,atm_code,col_code
202400035520,2024-05-15 10:15:00,2024,5,15,10,15,93,93032,Rue Aristide Briand / Rue Carnot,48.87868147,2.53295481,Plein jour,En agglomération,Intersection en T,Normale,Deux véhicules - côté,3,1,1,0,1,1,1,0,1,30,2,2,1,0,0,1,70.0,24.0,deux_roues,deux_roues,1,2,3,1,3
202400035521,2024-02-29 07:20:00,2024,2,29,7,20,42,42323,87 Avenue du 8 Mai 1945,45.55182,4.280965,Plein jour,En agglomération,Giratoire,Normale,Autre collision,3,2,2,0,1,3,1,0,1,50,1,2,1,0,0,1,38.0,,voiture,,1,2,6,1,6
202400035522,2024-01-12 20:23:00,2024,1,12,20,23,36,36063,,46.84548,1.709,Nuit sans éclairage public,Hors agglomération,Giratoire,Normale,Autre collision,2,3,4,0,1,1,1,5,1,90,1,1,0,0,0,1,22.0,,voiture,,3,1,6,1,6
202400035523,2024-04-06 10:10:00,2024,4,6,10,10,75,75101,RUE DE RIVOLI,48.864668,2.329302,Plein jour,En agglomération,Intersection en T,Normale,Sans collision,4,1, -1,1,1,1,1,0,5,30,1,1,0,0,0,1,32.0,,deux_roues,,1,2,3,1,7
202400035523,2024-04-06 10:10:00,2024,4,6,10,10,75,75101,RUE DE RIVOLI,48.864668,2.329302,Plein jour,En agglomération,Intersection en T,Normale,Sans collision,4,1,3,1,1,1,1,0,5,30,1,1,0,0,0,1,32.0,,deux_roues,,1,2,3,1,7
202400035524,2024-07-10 12:10:00,2024,7,10,12,10,45,45004,Avenue d'Antibes,47.97715,2.73226,Plein jour,Hors agglomération,Hors intersection,Normale,Deux véhicules - côté,6,-1, -1,0,1,1,1,0,8,20,2,4,2,0,0,2,57.0,51.0,voiture,voiture,1,1,1,1,3
202400035525,2024-05-15 12:10:00,2024,5,15,12,10,93,93027,Avenue Lénine,48.919986,2.412189,Plein jour,En agglomération,Hors intersection,Normale,Deux véhicules - arrière,3,3,2,0,1,1,1,0,4,50,2,2,1,0,0,1,58.0,36.0,utilitaire_camion,deux_roues,1,2,1,1,2
202400035526,2024-02-29 15:50:00,2024,2,29,15,50,22,22163,Kerléran,48.262613,-3.448462,Plein jour,Hors agglomération,Hors intersection,Pluie légère,Deux véhicules - côté,3,2,2,0,1,2,2,0,1,80,2,2,0,0,0,2,40.0,77.0,voiture,utilitaire_camion,1,1,1,2,3
202400035527,2024-01-12 16:09:00,2024,1,12,16,9,36,36044,Boulevard de Cluis,46.80515,1.69824,Plein jour,En agglomération,Hors intersection,Normale,Autre collision,4,2,4,1,1,1,1,0,1,50,1,2,1,0,1,0,80.0,,voiture,,1,2,1,1,6
202400035528,2024-04-07 18:00:00,2024,4,7,18,0,94,94081,Rue Verte / Parking,48.78226,2.38001,Plein jour,En agglomération,Intersection en T,Normale,Autre collision,4,-1, -1,0,1,1,1,0,1,50,1,2,1,0,0,1,55.0,,voiture,,1,2,3,1,6
202400035528,2024-04-07 18:00:00,2024,4,7,18,0,94,94081,Rue Verte / Parking,48.78226,2.38001,Plein jour,En agglomération,Intersection en T,Normale,Autre collision,4,2,2,0,1,1,1,0,1,50,1,2,1,0,0,1,55.0,,voiture,,1,2,3,1,6
202400035529,2024-03-01 04:35:00,2024,3,1,4,35,25,25514,D45,46.773672,6.340002,Nuit sans éclairage public,Hors agglomération,Hors intersection,Pluie légère,Autre collision,3,2,2,0,1,3,2,0,1,90,1,4,1,0,3,0,33.0,,voiture,,3,1,1,2,6
202400035530,2024-05-14 21:00:00,2024,5,14,21,0,93,93057,Allée du Colonel Fabien / Allée Monthyon,48.912845,2.506728,Nuit avec éclairage allumé,En agglomération,Intersection à plus de 4 branches,Normale,Deux véhicules - côté,3,2,3,0,1,1,1,0,1,50,2,2,1,0,0,1,22.0,32.0,utilitaire_camion,voiture,5,2,5,1,3
202400035530,2024-05-14 21:00:00,2024,5,14,21,0,93,93057,Allée du Colonel Fabien / Allée Monthyon,48.912845,2.506728,Nuit avec éclairage allumé,En agglomération,Intersection à plus de 4 branches,Normale,Deux véhicules - côté,3,1,1,0,1,1,1,0,1,50,2,2,1,0,0,1,22.0,32.0,utilitaire_camion,voiture,5,2,5,1,3
202400035531,2024-07-21 16:54:00,2024,7,21,16,54,43,43157,Rue des Tanneries,45.04085,3.88723,Plein jour,En agglomération,Intersection en T,Normale,Deux véhicules - côté,4,-1,2,0,1,1,1,0,1,30,2,2,1,0,0,1,51.0,50.0,deux_roues,voiture,1,2,3,1,3
202400035531,2024-07-21 16:54:00,2024,7,21,16,54,43,43157,Rue des Tanneries,45.04085,3.88723,Plein jour,En agglomération,Intersection en T,Normale,Deux véhicules - côté,4,1,1,0,1,1,1,0,1,50,2,2,1,0,0,1,51.0,50.0,deux_roues,voiture,1,2,3,1,3
202400035532,2024-01-16 16:20:00,2024,1,16,16,20,35,35238,RN136,48.10252598,-1.71619534,Plein jour,Hors agglomération,Hors intersection,Temps couvert,Deux véhicules - côté,2,3,6,0,1,1,1,0,1,90,2,2,1,0,0,1,35.0,41.0,voiture,voiture,1,1,1,8,3
202400035533,2024-02-23 09:27:00,2024,2,23,9,27,44,44130,5 Rue du pays de retz,47.123354,-1.584684,Plein jour,En agglomération,Autre intersection,Vent fort / tempête,Autre collision,3,2,2,0,1,1,2,0,1,30,1,2,1,0,1,0,57.0,,voiture,,1,2,9,6,6
202400035534,2024-01-16 19:05:00,2024,1,16,19,5,34,34172,PONT TRINQUAT (AVENUE DU,43.60077,3.88676,Nuit avec éclairage allumé,En agglomération,Hors intersection,Normale,Autre collision,4,2,2,0,2,1,1,0,1,30,1,2,1,0,0,1,24.0,,deux_roues,,5,2,1,1,6
202400035535,2024-07-21 01:56:00,2024,7,21,1,56,38,38185,A.480 (AUTOROUTE),45.20316,5.69329,Nuit sans éclairage public,Hors agglomération,Hors intersection,Normale,Deux véhicules - arrière,1,-1,2,0,1,1,1,0,1,110,2,2,1,0,1,0,20.0,22.0,voiture,voiture,3,1,1,1,2
202400035536,2024-05-15 12:20:00,2024,5,15,12,20,93,93007,Rue des Mascottes / Avenue du Petit Groslay,48.92015,2.470071,Plein jour,En agglomération,Intersection en X,Temps éblouissant,Deux véhicules - côté,4,2,2,0,1,1,1,0,1,50,2,3,1,0,0,2,65.0,41.0,deux_roues,voiture,1,2,2,7,3
202400035536,2024-05-15 12:20:00,2024,5,15,12,20,93,93007,Rue des Mascottes / Avenue du Petit Groslay,48.92015,2.470071,Plein jour,En agglomération,Intersection en X,Temps éblouissant,Deux véhicules - côté,4,1,1,0,1,1,1,0,1,50,2,3,1,0,0,2,65.0,41.0,deux_roues,voiture,1,2,2,7,3
202400035537,2024-04-07 06:30:00,2024,4,7,6,30,94,94052,Rue Hoche / Boulevard Albert 1er,48.83382,2.49284,Crépuscule ou aube,En agglomération,Intersection en T,Normale,Deux véhicules - arrière,2,3,4,0,2,1,1,5,1,-1,2,6,3,0,0,3,37.0,22.0,voiture,voiture,2,2,3,1,2
202400035537,2024-04-07 06:30:00,2024,4,7,6,30,94,94052,Rue Hoche / Boulevard Albert 1er,48.83382,2.49284,Crépuscule ou aube,En agglomération,Intersection en T,Normale,Deux véhicules - arrière,2,2,2,0,1,1,1,5,1,50,2,6,3,0,0,3,37.0,22.0,voiture,voiture,2,2,3,1,2
202400035538,2024-02-28 19:00:00,2024,2,28,19,0,44,44194,L'Ebeaupin,47.279884,-1.665051,Nuit sans éclairage public,Hors agglomération,Hors intersection,Normale,Trois véhicules et plus - collisions multiples,7,2,2,0,1,1,2,0,1,80,3,3,2,0,0,1,39.0,37.0,voiture,voiture,3,1,1,1,5
202400035539,2024-01-16 07:00:00,2024,1,16,7,0,34,34172,GARRATS (AVENUE DES),43.61219,3.8388,Nuit sans éclairage public,En agglomération,Hors intersection,Pluie légère,Autre collision,4,2,4,0,2,1,2,0,1,50,1,2,1,0,0,1,58.0,,deux_roues,,3,2,1,2,6
202400035540,2024-04-07 16:45:00,2024,4,7,16,45,94,94034,Allée des Fleurs,48.75464,2.32746,Plein jour,En agglomération,Hors intersection,Normale,Autre collision,4,2,2,0,1,3,1,0,1,30,1,2,1,0,0,1,57.0,,voiture,,1,2,1,1,6
202400035541,2024-02-29 14:30:00,2024,2,29,14,30,38,38466,D1090,45.365692,5.95643,Plein jour,En agglomération,Intersection en T,Temps éblouissant,Deux véhicules - côté,3,2,2,1,1,1,1,0,1,50,2,2,1,0,1,0,78.0,52.0,deux_roues,voiture,1,2,3,7,3
202400035541,2024-02-29 14:30:00,2024,2,29,14,30,38,38466,D1090,45.365692,5.95643,Plein jour,En agglomération,Intersection en T,Temps éblouissant,Deux véhicules - côté,3,2,1,0,2,3,1,0,1,70,2,2,1,0,1,0,78.0,52.0,deux_roues,voiture,1,2,3,7,3
202400035542,2024-07-20 16:13:00,2024,7,20,16,13,36,36063,Avenue de Blois,46.83478473,1.67743742,Plein jour,Hors agglomération,Intersection en X,Normale,Deux véhicules - côté,4,2,2,0,1,1,1,0,1,70,2,3,1,0,0,2,18.0,31.0,voiture,voiture,1,1,2,1,3
202400035542,2024-07-20 16:13:00,2024,7,20,16,13,36,36063,Avenue de Blois,46.83478473,1.67743742,Plein jour,Hors agglomération,Intersection en X,Normale,Deux véhicules - côté,4,2,2,0,1,1,1,-1,1,70,2,3,1,0,0,2,18.0,31.0,voiture,voiture,1,1,2,1,3
202400035543,2024-01-15 17:20:00,2024,1,15,17,20,34,34129,FIGUIERES (AVENUE DE),43.58427,3.92669,Crépuscule ou aube,En agglomération,Hors intersection,Normale,Deux véhicules - côté,4,2,3,0,1,1,1,0,1,50,2,2,1,0,0,1,59.0,46.0,deux_roues,voiture,2,2,1,1,3
202400035544,2024-05-15 15:45:00,2024,5,15,15,45,93,93005,Rue Jean Charcot / Pont Maillard,48.933845,2.490706,Plein jour,En agglomération,Intersection en X,Normale,Trois véhicules et plus - en chaîne,3,2,2,2,1,1,1,0,1,50,3,4,2,0,0,2,56.0,59.0,deux_roues,voiture,1,2,2,1,4
202400035544,2024-05-15 15:45:00,2024,5,15,15,45,93,93005,Rue Jean Charcot / Pont Maillard,48.933845,2.490706,Plein jour,En agglomération,Intersection en X,Normale,Trois véhicules et plus - en chaîne,3,2,2,0,2,2,1,2,1,-1,3,4,2,0,0,2,56.0,59.0,deux_roues,voiture,1,2,2,1,4
202400035545,2024-04-07 20:00:00,2024,4,7,20,0,94,94081,Avenue Paul Vaillant Couturier / Avenue Henri Barbusse,48.79304693,2.39552057,Plein jour,En agglomération,Intersection à plus de 4 branches,Pluie légère,Deux véhicules - côté,3,2,2,3,1,1,2,0,1,50,2,2,1,0,0,1,22.0,20.0,voiture,deux_roues,1,2,5,2,3
202400035545,2024-04-07 20:00:00,2024,4,7,20,0,94,94081,Avenue Paul Vaillant Couturier / Avenue Henri Barbusse,48.79304693,2.39552057,Plein jour,En agglomération,Intersection à plus de 4 branches,Pluie légère,Deux véhicules - côté,3,2,3,2,1,1,2,0,1,50,2,2,1,0,0,1,22.0,20.0,voiture,deux_roues,1,2,5,2,3
202400035546,2024-01-15 13:55:00,2024,1,15,13,55,34,34172,RABELAIS (BOULEVARD),43.60124,3.88162,Plein jour,En agglomération,Hors intersection,Normale,Deux véhicules - côté,4,2,2,0,3,1,1,0,1,30,2,3,2,0,0,1,42.0,58.0,utilitaire_camion,deux_roues,1,2,1,1,3
202400035547,2024-07-20 17:40:00,2024,7,20,17,40,34,34301,ALGER (QUAI D'),43.40091,3.69983,Plein jour,En agglomération,Hors intersection,Normale,Deux véhicules - frontale,4,2,2,0,1,1,1,0,1,50,2,2,1,0,0,1,66.0,39.0,deux_roues,voiture,1,2,1,1,1
202400035548,2024-03-01 12:32:00,2024,3,1,12,32,02,02174,,49.477159,3.533649,Plein jour,Hors agglomération,Hors intersection,Normale,Deux véhicules - arrière,2,2,2,0,1,1,2,0,1,80,2,2,1,0,1,0,27.0,40.0,utilitaire_camion,utilitaire_camion,1,1,1,1,2
202400035549,2024-01-15 11:37:00,2024,1,15,11,37,34,34172,VANIERES (AVENUE DE),43.59261,3.85262,Plein jour,En agglomération,Hors intersection,Normale,Autre collision,4,3,2,0,1,3,1,0,1,50,1,2,1,0,0,1,35.0,,voiture,,1,2,1,1,6
202400035550,2024-05-15 22:00:00,2024,5,15,22,0,92,92040,HOCHE,48.82444796,2.27074143,Nuit avec éclairage allumé,En agglomération,Intersection en X,Normale,Deux véhicules - côté,4,1, -1,0,2,1,1,0,1,30,2,2,1,0,0,1,75.0,31.0,voiture,deux_roues,5,2,2,1,3
202400035550,2024-05-15 22:00:00,2024,5,15,22,0,92,92040,HOCHE,48.82444796,2.27074143,Nuit avec éclairage allumé,En agglomération,Intersection en X,Normale,Deux véhicules - côté,4,1,1,1,1,1,1,0,1,30,2,2,1,0,0,1,75.0,31.0,voiture,deux_roues,5,2,2,1,3
202400035551,2024-04-07 00:40:00,2024,4,7,0,40,94,94077,Rue Eugenie le Guillermic / Place de la Gare,48.73962283,2.4261465,Nuit sans éclairage public,En agglomération,Place,Normale,Autre collision,4,1,1,0,1,1,1,0,4,-1,1,3,1,0,1,1,19.0,,voiture,,3,2,7,1,6
202400035551,2024-04-07 00:40:00,2024,4,7,0,40,94,94077,Rue Eugenie le Guillermic / Place de la Gare,48.73962283,2.4261465,Nuit sans éclairage public,En agglomération,Place,Normale,Autre collision,4,1,1,0,1,1,1,0,4,30,1,3,1,0,1,1,19.0,,voiture,,3,2,7,1,6
202400035552,2024-07-21 19:20:00,2024,7,21,19,20,33,33009,,44.65688,-1.16737,Plein jour,En agglomération,Hors intersection,Normale,Autre collision,4,2,2,0,1,1,1,0,1,50,1,2,1,0,0,1,51.0,,voiture,,1,2,1,1,6
202400035553,2024-03-01 03:14:00,2024,3,1,3,14,85,85109,rd160,46.84495,-1.07369,Nuit sans éclairage public,Hors agglomération,Hors intersection,Normale,Deux véhicules - frontale,3,2,2,0,4,1,2,0,1,-1,2,2,1,1,0,0,19.0,40.0,voiture,utilitaire_camion,3,1,1,1,1
202400035554,2024-01-16 10:39:00,2024,1,16,10,39,31,31555,RD916,43.55678,1.49638,Plein jour,Hors agglomération,Hors intersection,Pluie légère,Deux véhicules - frontale,7,2,0,0,2,3,2,0,1,50,2,2,0,0,0,2,40.0,55.0,voiture,utilitaire_camion,1,1,1,2,1
202400035555,2024-05-11 17:40:00,2024,5,11,17,40,92,92036,GENERAL DE GAULLE (AVENUE) (PAIRS),48.93356817,2.31088024,Plein jour,En agglomération,Hors intersection,Normale,Autre collision,3,1,4,0,1,1,1,0,1,50,2,4,1,0,0,3,72.0,59.0,voiture,voiture,1,2,1,1,6
202400035556,2024-02-26 12:05:00,2024,2,26,12,5,26,26146,Route de Montélimar,44.419207,4.897161,Plein jour,Hors agglomération,Intersection en X,Normale,Deux véhicules - côté,3,2,2,0,2,3,1,0,1,-1,2,2,1,0,1,0,54.0,92.0,voiture,voiture,1,1,2,1,3
202400035556,2024-02-26 12:05:00,2024,2,26,12,5,26,26146,Route de Montélimar,44.419207,4.897161,Plein jour,Hors agglomération,Intersection en X,Normale,Deux véhicules - côté,3,2, -1,-1,1,1,1,0,1,-1,2,2,1,0,1,0,54.0,92.0,voiture,voiture,1,1,2,1,3
202400035557,2024-04-07 19:40:00,2024,4,7,19,40,93,93078,Boulevard Robert Ballanger / Avenue Jean Fourgeaud,48.96009464,2.55283803,Plein jour,En agglomération,Intersection en X,Normale,Deux véhicules - côté,3,3,4,0,1,1,2,0,1,50,2,2,1,0,0,1,49.0,31.0,voiture,deux_roues,1,2,2,1,3
202400035557,2024-04-07 19:40:00,2024,4,7,19,40,93,93078,Boulevard Robert Ballanger / Avenue Jean Fourgeaud,48.96009464,2.55283803,Plein jour,En agglomération,Intersection en X,Normale,Deux véhicules - côté,3,3,4,0,1,1,2,0,1,-1,2,2,1,0,0,1,49.0,31.0,voiture,deux_roues,1,2,2,1,3
202400035558,2024-05-15 14:50:00,2024,5,15,14,50,92,92032,VAL CONTENT (RUE DU),48.79238808,2.28293431,Plein jour,En agglomération,Hors intersection,Normale,Sans collision,4,2,2,0,2,3,1,0,1,30,1,1,0,0,0,1,14.0,,deux_roues,,1,2,1,1,7
202400035559,2024-01-08 13:15:00,2024,1,8,13,15,30,30189,Rue Général Delestraint,43.83915,4.35963,Plein jour,En agglomération,Hors intersection,Normale,Sans collision,4,2,2,0,1,1,1,0,1,50,1,2,1,0,1,0,45.0,,voiture,,1,2,1,1,7
202400035560,2024-07-21 15:45:00,2024,7,21,15,45,31,31555,RUE SAINT ANTOINE DU T,43.60435,1.44736,Plein jour,En agglomération,Hors intersection,Pluie légère,Sans collision,4,1,1,0,1,1,2,0,1,30,2,2,1,0,1,0,17.0,45.0,deux_roues,utilitaire_camion,1,2,1,2,7
202400035561,2024-05-15 10:05:00,2024,5,15,10,5,92,92071,GENERAL DE GAULLE (PLACE),48.77820265,2.29065631,Plein jour,En agglomération,Hors intersection,Normale,Deux véhicules - côté,4,2,1,0,1,1,1,0,1,50,2,2,1,0,1,0,38.0,65.0,utilitaire_camion,voiture,1,2,1,1,3
202400035562,2024-04-06 23:30:00,2024,4,6,23,30,93,93072,Avenue de Stalingrad,48.9575357,2.39639819,Nuit avec éclairage allumé,En agglomération,Hors intersection,Normale,Trois véhicules et plus - en chaîne,3,2,2,3,1,1,1,0,1,50,3,4,3,0,0,1,41.0,24.0,voiture,voiture,5,2,1,1,4
202400035563,2024-01-16 21:30:00,2024,1,16,21,30,30,30007,CASSIN (RUE RENE),44.10818,4.10019,Nuit avec éclairage allumé,En agglomération,Hors intersection,Normale,Deux véhicules - frontale,4,2,2,0,1,2,1,0,1,50,2,3,2,0,0,1,64.0,41.0,deux_roues,voiture,5,2,1,1,1
202400035564,2024-04-07 00:55:00,2024,4,7,0,55,93,93059,Avenue Lénine,48.95419,2.35825,Nuit avec éclairage allumé,En agglomération,Passage à niveau,Normale,Autre collision,3,3,4,3,3,1,1,4,6,30,1,2,1,0,0,1,24.0,,transport_commun,,5,2,8,1,6
202400035565,2024-02-29 23:20:00,2024,2,29,23,20,90,90054,RD 12,47.723065,6.885198,Nuit avec éclairage allumé,En agglomération,Giratoire,Normale,Autre collision,3,2,2,0,2,1,1,0,8,50,1,6,0,0,0,6,39.0,,voiture,,5,2,6,1,6
202400035566,2024-05-15 17:30:00,2024,5,15,17,30,37,37169,13 Rue de l'Esperance,47.601542,0.909736,Plein jour,En agglomération,Autre intersection,Normale,Deux véhicules - côté,3,2,2,0,1,1,9,0,3,80,2,3,0,0,1,2,25.0,50.0,deux_roues,voiture,1,2,9,1,3
202400035567,2024-01-15 16:00:00,2024,1,15,16,0,28,28404,Route de Chartres,48.71593,1.36796,Plein jour,Hors agglomération,Hors intersection,Normale,Autre collision,6,-1, -1,0,1,1,1,5,8,30,1,3,2,0,1,0,19.0,,voiture,,1,1,1,1,6
202400035568,2024-07-21 02:35:00,2024,7,21,2,35,29,29232,RN 165,48.01317976,-4.07436592,Nuit sans éclairage public,Hors agglomération,Hors intersection,Pluie légère,Deux véhicules - côté,2,3,2,0,1,1,2,0,1,110,2,5,4,0,0,1,49.0,43.0,utilitaire_camion,voiture,3,1,1,2,3
202400035569,2024-02-27 11:55:00,2024,2,27,11,55,53,53185,Rue de la Petite Vitesse,48.458071,-0.206224,Plein jour,En agglomération,Place,Normale,Autre collision,6,-1, -1,0,1,1,1,0,8,50,1,2,1,1,0,0,,,utilitaire_camion,,1,2,7,1,6
202400035570,2024-04-06 17:05:00,2024,4,6,17,5,93,93077,Rue Rousselet,48.87557,2.52343,Plein jour,En agglomération,Hors intersection,Normale,Autre collision,4,2,2,0,1,1,1,2,1,50,1,2,1,0,0,1,,,utilitaire_camion,,1,2,1,1,6
202400035571,2024-05-10 18:00:00,2024,5,10,18,0,22,22209,Rue du Colonel Pléven,48.579851,-2.14456,Plein jour,En agglomération,Giratoire,Normale,Deux véhicules - côté,3,2,1,0,1,2,1,0,1,50,2,2,1,0,0,1,,17.0,voiture,deux_roues,1,2,6,1,3
202400035571,2024-05-10 18:00:00,2024,5,10,18,0,22,22209,Rue du Colonel Pléven,48.579851,-2.14456,Plein jour,En agglomération,Giratoire,Normale,Deux véhicules - côté,3,2,1,0,1,2,1,0,1,50,2,2,1,0,0,1,,17.0,voiture,deux_roues,1,2,6,1,3
202400035572,2024-01-16 17:55:00,2024,1,16,17,55,27,27681,ARDECHE (AVENUE DE L'),49.0869,1.48035,Nuit avec éclairage allumé,En agglomération,Intersection en T,Normale,Deux véhicules - arrière,4,2,4,1,2,1,2,0,1,30,2,3,2,0,0,1,40.0,44.0,voiture,voiture,5,2,3,1,2
202400035572,2024-01-16 17:55:00,2024,1,16,17,55,27,27681,ARDECHE (AVENUE DE L'),49.0869,1.48035,Nuit avec éclairage allumé,En agglomération,Intersection en T,Normale,Deux véhicules - arrière,4,2,2,0,1,1,2,0,8,50,2,3,2,0,0,1,40.0,44.0,voiture,voiture,5,2,3,1,2
202400035573,2024-05-16 05:37:00,2024,5,16,5,37,11,11254,A61,43.225156,2.158689,Crépuscule ou aube,Hors agglomération,Autre intersection,Normale,Autre collision,1,1,2,0,1,2,1,0,8,-1,1,1,0,0,1,0,29.0,,utilitaire_camion,,2,1,9,1,6
202400035574,2024-04-07 19:26:00,2024,4,7,19,26,92,92078,VIEUX CHEMIN DE ST DENIS (AVENUE),48.92974694,2.32602784,Plein jour,En agglomération,Intersection en T,Pluie légère,Deux véhicules - côté,3,1,1,0,1,1,2,0,1,50,2,3,1,0,0,2,23.0,31.0,voiture,voiture,1,2,3,2,3
202400035574,2024-04-07 19:26:00,2024,4,7,19,26,92,92078,VIEUX CHEMIN DE ST DENIS (AVENUE),48.92974694,2.32602784,Plein jour,En agglomération,Intersection en T,Pluie légère,Deux véhicules - côté,3,2,2,0,1,1,2,0,1,50,2,3,1,0,0,2,23.0,31.0,voiture,voiture,1,2,3,2,3
202400035575,2024-03-01 09:20:00,2024,3,1,9,20,21,21574,D30c,47.516735,5.442963,Plein jour,Hors agglomération,Hors intersection,Normale,Deux véhicules - frontale,3,2,2,0,3,1,1,0,1,80,2,6,2,0,2,2,26.0,56.0,voiture,voiture,1,1,1,1,1
202400035576,2024-07-21 15:11:00,2024,7,21,15,11,24,24037,COMBAL,44.82616,0.47744,Plein jour,Hors agglomération,Hors intersection,Normale,Trois véhicules et plus - collisions multiples,3,2,2,0,1,1,1,0,1,80,4,6,2,0,1,3,43.0,31.0,voiture,voiture,1,1,1,1,5
202400035577,2024-02-29 15:00:00,2024,2,29,15,0,23,23008,1 Rue des Déportés,45.955569,2.167354,Plein jour,En agglomération,Hors intersection,Normale,Autre collision,4,1,1,0,1,1,1,6,1,20,1,2,1,0,0,1,82.0,,voiture,,1,2,1,1,6
202400035578,2024-01-16 07:29:00,2024,1,16,7,29,21,21355,INDUSTRIES (DES) (BOULEVARD),47.284741,5.045962,Crépuscule ou aube,En agglomération,Intersection en Y,Normale,Deux véhicules - côté,4,3,2,0,1,1,1,0,1,50,2,2,1,0,1,0,39.0,21.0,utilitaire_camion,deux_roues,2,2,4,1,3
202400035578,2024-01-16 07:29:00,2024,1,16,7,29,21,21355,INDUSTRIES (DES) (BOULEVARD),47.284741,5.045962,Crépuscule ou aube,En agglomération,Intersection en Y,Normale,Deux véhicules - côté,4,2,1,0,1,3,1,0,1,50,2,2,1,0,1,0,39.0,21.0,utilitaire_camion,deux_roues,2,2,4,1,3
202400035579,2024-04-06 08:58:00,2024,4,6,8,58,92,92073,SELLIER (BOULEVARD HENRI),48.86720453,2.22141802,Plein jour,En agglomération,Intersection en X,Normale,Deux véhicules - côté,3,3,4,0,2,1,1,0,1,50,2,2,1,0,0,1,85.0,56.0,voiture,deux_roues,1,2,2,1,3
202400035579,2024-04-06 08:58:00,2024,4,6,8,58,92,92073,SELLIER (BOULEVARD HENRI),48.86720453,2.22141802,Plein jour,En agglomération,Intersection en X,Normale,Deux véhicules - côté,3,1,1,0,1,1,1,0,8,50,2,2,1,0,0,1,85.0,56.0,voiture,deux_roues,1,2,2,1,3
202400035580,2024-05-12 16:05:00,2024,5,12,16,5,11,11148,D6113,43.180646,2.679377,Plein jour,Hors agglomération,Intersection en Y,Normale,Deux véhicules - côté,3,2,1,0,1,1,1,5,1,80,2,5,0,0,2,3,21.0,24.0,voiture,voiture,1,1,4,1,3
202400035580,2024-05-12 16:05:00,2024,5,12,16,5,11,11148,D6113,43.180646,2.679377,Plein jour,Hors agglomération,Intersection en Y,Normale,Deux véhicules - côté,3,2,1,-1,1,3,1,0,1,-1,2,5,0,0,2,3,21.0,24.0,voiture,voiture,1,1,4,1,3
202400035581,2024-07-20 00:20:00,2024,7,20,0,20,13,13077,SAINT MITRE (route de),43.4,4.98,Nuit avec éclairage allumé,En agglomération,Autre intersection,Normale,Autre collision,4,2,2,0,1,2,1,0,8,50,1,1,0,0,0,1,19.0,,voiture,,5,2,9,1,6
202400035582,2024-05-16 00:55:00,2024,5,16,0,55,29,29181,pk 052+200,48.49025138,-4.22580745,Nuit sans éclairage public,Hors agglomération,Hors intersection,Normale,Autre collision,2,3,2,0,1,1,1,0,3,110,1,1,0,0,1,0,21.0,,voiture,,3,1,1,1,6
202400035583,2024-02-29 21:30:00,2024,2,29,21,30,69,69244,Chemin de la Poterie,45.750958,4.761372,Nuit avec éclairage allumé,En agglomération,Intersection en Y,Normale,Deux véhicules - frontale,4,2,2,0,2,2,1,0,1,-1,2,2,1,0,0,1,16.0,36.0,deux_roues,voiture,5,2,4,1,1
202400035583,2024-02-29 21:30:00,2024,2,29,21,30,69,69244,Chemin de la Poterie,45.750958,4.761372,Nuit avec éclairage allumé,En agglomération,Intersection en Y,Normale,Deux véhicules - frontale,4,2,2,3,2,3,1,0,1,30,2,2,1,0,0,1,16.0,36.0,deux_roues,voiture,5,2,4,1,1
202400035584,2024-01-14 14:15:00,2024,1,14,14,15,19,19031,LAGRANGE (AVENUE LEO),45.16008,1.54687,Plein jour,En agglomération,Intersection en T,Normale,Deux véhicules - côté,4,2,2,0,2,1,1,0,1,50,2,3,1,0,0,2,61.0,19.0,voiture,deux_roues,1,2,3,1,3
202400035584,2024-01-14 14:15:00,2024,1,14,14,15,19,19031,LAGRANGE (AVENUE LEO),45.16008,1.54687,Plein jour,En agglomération,Intersection en T,Normale,Deux véhicules - côté,4,2,2,0,1,1,1,0,1,50,2,3,1,0,0,2,61.0,19.0,voiture,deux_roues,1,2,3,1,3
202400035585,2024-04-07 23:09:00,2024,4,7,23,9,92,92051,"CHARLES DE GAULLE (AVENUE, N° 18 A 116)",48.88127315,2.27226752,Nuit avec éclairage allumé,En agglomération,Intersection en T,Pluie forte,Deux véhicules - arrière,4,1,4,0,1,1,2,0,1,50,2,2,1,0,0,1,51.0,47.0,deux_roues,voiture,5,2,3,3,2
202400035585,2024-04-07 23:09:00,2024,4,7,23,9,92,92051,"CHARLES DE GAULLE (AVENUE, N° 18 A 116)",48.88127315,2.27226752,Nuit avec éclairage allumé,En agglomération,Intersection en T,Pluie forte,Deux véhicules - arrière,4,1,1,0,1,1,2,0,1,50,2,2,1,0,0,1,51.0,47.0,deux_roues,voiture,5,2,3,3,2