accident_id,datetime,annee,mois,jour,heure,minute,departement,commune_insee,adresse,latitude,longitude,luminosite,agglomeration,intersection,meteo,collision,catr,circ,nbv,vosp,prof,plan,surf,infra,situ,vma,nb_vehicules,nb_usagers,nb_indemnes,nb_tues,nb_blesses_hosp,nb_blesses_legers,age_cond_1,age_cond_2,veh_type_cond_1,veh_type_cond_2,lum_code,agg_code,int_code,atm_code,col_code
202400035657,2024-05-16 01:00:00,2024,5,16,1,0,50,50523,Route de Chef du Pont,49.407584,-1.321916,Nuit sans éclairage public,En agglomération,Intersection en Y,Normale,Autre collision,3,2,2,0,1,1,1,0,1,50,1,1,0,0,1,0,44.0,,voiture,,3,2,4,1,6
202400035657,2024-05-16 01:00:00,2024,5,16,1,0,50,50523,Route de Chef du Pont,49.407584,-1.321916,Nuit sans éclairage public,En agglomération,Intersection en Y,Normale,Autre collision,3,2,2,0,1,2,1,0,1,50,1,1,0,0,1,0,44.0,,voiture,,3,2,4,1,6
202400035658,2024-02-28 16:00:00,2024,2,28,16,0,95,95018,A15,48.95896563,2.27378747,Plein jour,Hors agglomération,Hors intersection,Normale,Deux véhicules - arrière,1,3,4,0,1,1,1,0,1,110,2,2,1,0,0,1,32.0,30.0,utilitaire_camion,deux_roues,1,1,1,1,2
202400035659,2024-04-07 16:45:00,2024,4,7,16,45,71,71329,D673,46.939872,5.150383,Plein jour,Hors agglomération,Intersection en X,Normale,Deux véhicules - côté,3,2,2,0,1,1,1,2,1,80,2,3,1,0,0,2,68.0,54.0,deux_roues,voiture,1,1,2,1,3
202400035659,2024-04-07 16:45:00,2024,4,7,16,45,71,71329,D673,46.939872,5.150383,Plein jour,Hors agglomération,Intersection en X,Normale,Deux véhicules - côté,3,2,2,0,3,1,1,0,1,80,2,3,1,0,0,2,68.0,54.0,deux_roues,voiture,1,1,2,1,3
202400035660,2024-05-09 08:45:00,2024,5,9,8,45,50,50370,Route du Lude,49.417842,-1.562376,Plein jour,En agglomération,Hors intersection,Normale,Sans collision,3,2,2,0,1,1,1,0,3,-1,1,3,0,0,1,2,20.0,,voiture,,1,2,1,1,7
202400035661,2024-01-16 16:00:00,2024,1,16,16,0,75,75119,Place de la Porte de Pantin,48.889542,2.395851,Plein jour,En agglomération,Intersection en X,Temps couvert,Deux véhicules - côté,4,1,12,0,1,1,1,0,1,30,2,2,1,0,0,1,22.0,38.0,voiture,voiture,1,2,2,8,3
202400035661,2024-01-16 16:00:00,2024,1,16,16,0,75,75119,Place de la Porte de Pantin,48.889542,2.395851,Plein jour,En agglomération,Intersection en X,Temps couvert,Deux véhicules - côté,4,2,12,0,1,1,1,0,1,30,2,2,1,0,0,1,22.0,38.0,voiture,voiture,1,2,2,8,3
202400035662,2024-04-07 17:00:00,2024,4,7,17,0,57,57375,D155w,48.700167,6.726594,Plein jour,Hors agglomération,Hors intersection,Normale,Sans collision,3,2,2,0,3,2,1,0,3,80,1,2,1,0,1,0,32.0,,deux_roues,,1,1,1,1,7
202400035663,2024-02-28 08:10:00,2024,2,28,8,10,95,95582,A15,48.97195611,2.24798145,Plein jour,Hors agglomération,Hors intersection,Normale,Deux véhicules - côté,1,3,4,0,1,1,1,0,1,110,2,2,1,0,0,1,41.0,24.0,voiture,deux_roues,1,1,1,1,3
202400035664,2024-05-15 21:30:00,2024,5,15,21,30,60,60616,Chemin de Champignole,49.365887,1.806342,Nuit sans éclairage public,Hors agglomération,Hors intersection,Pluie légère,Deux véhicules - frontale,4,2,2,0,1,2,2,0,1,70,2,3,1,0,2,0,60.0,19.0,voiture,voiture,3,1,1,2,1
202400035665,2024-07-19 14:05:00,2024,7,19,14,5,75,75115,BD PERIPHERIQUE INTERIEUR,48.831053,2.284126,Plein jour,En agglomération,Hors intersection,Normale,Trois véhicules et plus - en chaîne,4,1,3,0,1,1,1,0,1,70,3,3,1,0,0,2,51.0,51.0,voiture,voiture,1,2,1,1,4
202400035666,2024-04-07 18:30:00,2024,4,7,18,30,51,51505,7 Rue Nicolas Roussy,49.314086,4.258984,Plein jour,En agglomération,Hors intersection,Normale,Sans collision,4,2,2,0,1,3,1,0,1,50,1,1,0,0,1,0,48.0,,deux_roues,,1,2,1,1,7
202400035667,2024-05-11 19:30:00,2024,5,11,19,30,10,10202,D444,48.107087,4.122276,Crépuscule ou aube,Hors agglomération,Hors intersection,Temps couvert,Sans collision,3,2,2,0,1,1,1,0,3,-1,1,1,0,0,1,0,19.0,,voiture,,2,1,1,8,7
202400035668,2024-02-27 19:00:00,2024,2,27,19,0,95,95500,A15,49.03685745,2.09294147,Nuit sans éclairage public,Hors agglomération,Hors intersection,Normale,Trois véhicules et plus - en chaîne,1,3,4,0,1,1,1,0,1,90,3,3,2,0,0,1,49.0,25.0,deux_roues,voiture,3,1,1,1,4
202400035669,2024-04-07 19:10:00,2024,4,7,19,10,51,51609,3bis Rue de la Motte,49.100692,3.669113,Crépuscule ou aube,En agglomération,Hors intersection,Normale,Sans collision,4,2,2,0,1,1,1,0,1,50,1,1,0,0,1,0,46.0,,deux_roues,,2,2,1,1,7
202400035670,2024-07-19 10:00:00,2024,7,19,10,0,75,75120,BD PERIPHERIQUE INTERIEUR,48.866942,2.41322,Plein jour,En agglomération,Hors intersection,Normale,Deux véhicules - côté,4,1,4,0,1,1,1,0,1,50,2,2,1,0,0,1,51.0,40.0,voiture,deux_roues,1,2,1,1,3
202400035671,2024-01-16 17:40:00,2024,1,16,17,40,75,75117,RUE DE COURCELLES,48.88909839,2.29317677,Nuit avec éclairage allumé,En agglomération,Hors intersection,Normale,Deux véhicules - côté,4,2,0,0,1,1,1,0,1,30,2,2,1,0,0,1,46.0,51.0,voiture,deux_roues,5,2,1,1,3
202400035672,2024-05-16 09:40:00,2024,5,16,9,40,07,07010,Voie de Deûme (Arrêt de bus),45.237865,4.67531,Plein jour,En agglomération,Intersection en T,Pluie légère,Deux véhicules - arrière,4,2,2,0,2,1,2,0,1,50,2,2,1,0,0,1,64.0,19.0,voiture,deux_roues,1,2,3,2,2
202400035672,2024-05-16 09:40:00,2024,5,16,9,40,07,07010,Voie de Deûme (Arrêt de bus),45.237865,4.67531,Plein jour,En agglomération,Intersection en T,Pluie légère,Deux véhicules - arrière,4,2,1,0,2,2,2,0,1,50,2,2,1,0,0,1,64.0,19.0,voiture,deux_roues,1,2,3,2,2
202400035673,2024-02-28 06:55:00,2024,2,28,6,55,987,98735,POMARE (BVD STADE BAMBRIDGE),-17.52897207,-149.55812769,Plein jour,En agglomération,Hors intersection,Normale,Deux véhicules - arrière,4,1,3,0,1,1,1,0,1,50,2,2,1,0,0,1,,41.0,autre,deux_roues,1,2,1,1,2
202400035674,2024-04-07 18:29:00,2024,4,7,18,29,56,56227,Rue François Orain,48.019495,-2.472435,Plein jour,Hors agglomération,Intersection en T,Normale,Deux véhicules - côté,3,2,2,0,1,1,1,0,1,80,2,2,1,0,1,0,36.0,67.0,voiture,voiture,1,1,3,1,3
202400035674,2024-04-07 18:29:00,2024,4,7,18,29,56,56227,Rue François Orain,48.019495,-2.472435,Plein jour,Hors agglomération,Intersection en T,Normale,Deux véhicules - côté,3,2,2,0,1,1,1,0,1,80,2,2,1,0,1,0,36.0,67.0,voiture,voiture,1,1,3,1,3
202400035675,2024-07-21 07:42:00,2024,7,21,7,42,75,75113,BOULEVARD MASSENA,48.82402397,2.37704122,Crépuscule ou aube,En agglomération,Intersection en T,Temps couvert,Autre collision,4,3,3,1,2,1,1,0,5,30,1,1,0,0,1,0,28.0,,deux_roues,,2,2,3,8,6
202400035675,2024-07-21 07:42:00,2024,7,21,7,42,75,75113,BOULEVARD MASSENA,48.82402397,2.37704122,Crépuscule ou aube,En agglomération,Intersection en T,Temps couvert,Autre collision,4,2, -1,-1,1,1,1,0,5,30,1,1,0,0,1,0,28.0,,deux_roues,,2,2,3,8,6
202400035676,2024-01-16 08:45:00,2024,1,16,8,45,75,75112,QUAI DE BERCY,48.827597,2.38973,Crépuscule ou aube,En agglomération,Hors intersection,Normale,Deux véhicules - arrière,4,1,2,0,1,1,2,1,1,50,2,2,1,0,0,1,39.0,33.0,voiture,deux_roues,2,2,1,1,2
202400035677,2024-05-02 14:35:00,2024,5,2,14,35,07,07319,Avenue du Pont du Rhône,44.553396,4.688326,Plein jour,En agglomération,Hors intersection,Pluie légère,Deux véhicules - côté,2,-1,2,0,1,1,2,5,1,50,2,3,1,0,1,1,19.0,22.0,voiture,voiture,1,2,1,2,3
202400035678,2024-02-26 08:30:00,2024,2,26,8,30,974,97416,RN3 (3),-21.31283,55.495,Plein jour,Hors agglomération,Hors intersection,Normale,Trois véhicules et plus - en chaîne,2,1,2,0,1,1,1,0,1,110,5,6,2,0,0,4,26.0,37.0,voiture,utilitaire_camion,1,1,1,1,4
202400035679,2024-01-15 14:15:00,2024,1,15,14,15,75,75112,AVENUE DAUMESNIL,48.847254,2.375267,Plein jour,En agglomération,Intersection en T,Normale,Autre collision,4,2,3,3,1,1,1,0,1,30,1,2,1,0,1,0,,,deux_roues,,1,2,3,1,6
202400035679,2024-01-15 14:15:00,2024,1,15,14,15,75,75112,AVENUE DAUMESNIL,48.847254,2.375267,Plein jour,En agglomération,Intersection en T,Normale,Autre collision,4,1, -1,-1,1,1,1,0,1,30,1,2,1,0,1,0,,,deux_roues,,1,2,3,1,6
202400035680,2024-05-15 20:50:00,2024,5,15,20,50,08,08391,6 Rue Carnot,49.73713,4.926058,Crépuscule ou aube,En agglomération,Hors intersection,Normale,Deux véhicules - frontale,3,2,2,0,2,4,1,0,1,30,2,3,1,0,0,2,38.0,43.0,voiture,voiture,2,2,1,1,1
202400035681,2024-02-26 10:00:00,2024,2,26,10,0,974,97416,ANCIENNE RN 1,-21.30573,55.4283,Plein jour,Hors agglomération,Hors intersection,Normale,Sans collision,4,-1,0,0,1,3,9,9,1,50,1,1,0,0,0,1,30.0,,utilitaire_camion,,1,1,1,1,7
202400035682,2024-04-07 17:30:00,2024,4,7,17,30,56,56116,Kerlud,47.56646,-2.95556,Plein jour,En agglomération,Hors intersection,Normale,Deux véhicules - frontale,4,2,2,0,1,1,1,0,1,-1,2,2,1,0,1,0,66.0,74.0,deux_roues,autre,1,2,1,1,1
202400035683,2024-01-16 08:26:00,2024,1,16,8,26,75,75107,RUE DE GRENELLE,48.855013,2.324561,Crépuscule ou aube,En agglomération,Intersection en X,Normale,Autre collision,4,1, -1,-1,1,1,1,0,1,30,1,2,1,0,0,1,48.0,,voiture,,2,2,2,1,6
202400035683,2024-01-16 08:26:00,2024,1,16,8,26,75,75107,RUE DE GRENELLE,48.855013,2.324561,Crépuscule ou aube,En agglomération,Intersection en X,Normale,Autre collision,4,-1,1,0,1,1,1,0,1,30,1,2,1,0,0,1,48.0,,voiture,,2,2,2,1,6
202400035684,2024-05-16 02:45:00,2024,5,16,2,45,01,01130,rd 975,46.309411,5.145818,Nuit sans éclairage public,Hors agglomération,Hors intersection,Normale,Deux véhicules - frontale,3,2,2,0,1,1,1,0,1,80,2,2,1,0,1,0,33.0,40.0,voiture,utilitaire_camion,3,1,1,1,1
202400035685,2024-07-20 16:40:00,2024,7,20,16,40,75,75117,BD PERIPHERIQUE EXTERIEUR,48.885277,2.287123,Plein jour,En agglomération,Hors intersection,Normale,Trois véhicules et plus - en chaîne,4,1,5,3,1,1,1,0,1,70,4,9,8,0,0,1,27.0,45.0,utilitaire_camion,voiture,1,2,1,1,4
202400035686,2024-02-25 02:30:00,2024,2,25,2,30,974,97416,ROND POINT LA CAFRINE,-21.35286074,55.50978684,Nuit sans éclairage public,Hors agglomération,Giratoire,Pluie légère,Sans collision,2,1,2,0,1,2,2,5,1,50,1,1,0,0,0,1,38.0,,voiture,,3,1,6,2,7
202400035686,2024-02-25 02:30:00,2024,2,25,2,30,974,97416,ROND POINT LA CAFRINE,-21.35286074,55.50978684,Nuit sans éclairage public,Hors agglomération,Giratoire,Pluie légère,Sans collision,2,1,2,0,1,2,2,5,3,50,1,1,0,0,0,1,38.0,,voiture,,3,1,6,2,7
202400035687,2024-05-14 09:30:00,2024,5,14,9,30,68,68278,4 Rue de Rixheim,47.742191,7.414516,Plein jour,En agglomération,Hors intersection,Temps éblouissant,Deux véhicules - frontale,4,2,2,0,1,1,1,0,1,50,2,2,1,0,0,1,83.0,58.0,voiture,utilitaire_camion,1,2,1,7,1
202400035688,2024-02-24 18:50:00,2024,2,24,18,50,974,97416,BABET (RUE AUGUSTE),-21.32727,55.4866,Nuit avec éclairage allumé,En agglomération,Hors intersection,Pluie légère,Sans collision,4,2,2,0,2,3,2,0,1,50,1,1,0,0,0,1,29.0,,voiture,,5,2,1,2,7
202400035689,2024-01-16 08:30:00,2024,1,16,8,30,94,94068,Boulevard de Bellechasse / Rue Garibaldi,48.79365,2.486219,Plein jour,En agglomération,Giratoire,Temps couvert,Autre collision,4,2,2,0,1,1,2,0,1,30,1,3,2,0,0,1,63.0,,voiture,,1,2,6,8,6
202400035690,2024-07-21 00:50:00,2024,7,21,0,50,75,75120,RUE D AVRON,48.852772,2.40665,Nuit avec éclairage allumé,En agglomération,Intersection en X,Pluie forte,Deux véhicules - côté,4,1, -1,-1,1,1,2,0,1,30,2,3,1,0,0,2,22.0,22.0,deux_roues,voiture,5,2,2,3,3
202400035690,2024-07-21 00:50:00,2024,7,21,0,50,75,75120,RUE D AVRON,48.852772,2.40665,Nuit avec éclairage allumé,En agglomération,Intersection en X,Pluie forte,Deux véhicules - côté,4,2,2,0,1,1,2,0,1,30,2,3,1,0,0,2,22.0,22.0,deux_roues,voiture,5,2,2,3,3
202400035691,2024-02-24 08:50:00,2024,2,24,8,50,974,97416,RN3 (2),-21.30933,55.49787,Plein jour,Hors agglomération,Hors intersection,Pluie légère,Autre collision,2,1,4,0,2,3,2,0,1,110,1,1,0,0,0,1,33.0,,voiture,,1,1,1,2,6
202400035692,2024-04-08 09:00:00,2024,4,8,9,0,2B,2B123,RT 10,42.044194,9.425116,Plein jour,Hors agglomération,Autre intersection,Normale,Deux véhicules - frontale,2,2,2,0,4,1,1,0,1,80,2,2,1,1,0,0,72.0,51.0,voiture,deux_roues,1,1,9,1,1
202400035693,2024-01-16 11:30:00,2024,1,16,11,30,94,94002,Rue Paul Vaillant Couturier / Rue des Pivoines,48.80229061,2.42112641,Plein jour,En agglomération,Intersection en T,Normale,Autre collision,4,1,1,0,1,1,1,0,1,-1,1,2,1,0,0,1,23.0,,utilitaire_camion,,1,2,3,1,6
202400035693,2024-01-16 11:30:00,2024,1,16,11,30,94,94002,Rue Paul Vaillant Couturier / Rue des Pivoines,48.80229061,2.42112641,Plein jour,En agglomération,Intersection en T,Normale,Autre collision,4,2,2,0,1,1,1,0,1,50,1,2,1,0,0,1,23.0,,utilitaire_camion,,1,2,3,1,6
202400035694,2024-07-21 12:35:00,2024,7,21,12,35,75,75117,AVENUE DE CLICHY,48.889107,2.322703,Plein jour,En agglomération,Intersection en X,Temps couvert,Deux véhicules - côté,4,2,3,1,2,1,1,0,1,30,2,2,1,0,0,1,40.0,28.0,voiture,deux_roues,1,2,2,8,3
202400035694,2024-07-21 12:35:00,2024,7,21,12,35,75,75117,AVENUE DE CLICHY,48.889107,2.322703,Plein jour,En agglomération,Intersection en X,Temps couvert,Deux véhicules - côté,4,1,1,0,1,1,1,0,1,30,2,2,1,0,0,1,40.0,28.0,voiture,deux_roues,1,2,2,8,3
202400035695,2024-05-15 16:00:00,2024,5,15,16,0,973,97305,Raoute Nationale 1,4.937639,-52.409356,Plein jour,Hors agglomération,Intersection en T,Normale,Deux véhicules - côté,2,2,2,0,1,1,1,0,1,80,2,2,1,0,1,0,43.0,46.0,voiture,deux_roues,1,1,3,1,3
202400035695,2024-05-15 16:00:00,2024,5,15,16,0,973,97305,Raoute Nationale 1,4.937639,-52.409356,Plein jour,Hors agglomération,Intersection en T,Normale,Deux véhicules - côté,2,2, -1,-1,1,1,1,0,1,-1,2,2,1,0,1,0,43.0,46.0,voiture,deux_roues,1,1,3,1,3
202400035696,2024-04-06 04:40:00,2024,4,6,4,40,82,82089,D 813,44.137385,0.801852,Nuit sans éclairage public,Hors agglomération,Hors intersection,Normale,Deux véhicules - frontale,3,2,2,0,1,1,1,0,1,80,2,3,2,0,1,0,16.0,21.0,deux_roues,voiture,3,1,1,1,1
202400035697,2024-04-07 10:20:00,2024,4,7,10,20,65,65096,Route de Bagneres de Bigorre,43.109783,0.253115,Plein jour,Hors agglomération,Hors intersection,Normale,Autre collision,3,2,2,0,4,1,1,0,3,80,1,2,0,0,2,0,62.0,,voiture,,1,1,1,1,6
202400035698,2024-02-22 08:20:00,2024,2,22,8,20,974,97416,DELISLES (ROUTE HUBERT) CD3,-21.34361,55.46813,Plein jour,En agglomération,Intersection en T,Pluie légère,Deux véhicules - côté,4,2,2,0,1,1,2,9,1,50,2,2,1,0,0,1,62.0,39.0,utilitaire_camion,deux_roues,1,2,3,2,3
202400035698,2024-02-22 08:20:00,2024,2,22,8,20,974,97416,DELISLES (ROUTE HUBERT) CD3,-21.34361,55.46813,Plein jour,En agglomération,Intersection en T,Pluie légère,Deux véhicules - côté,4,-1,0,0,1,1,2,9,1,50,2,2,1,0,0,1,62.0,39.0,utilitaire_camion,deux_roues,1,2,3,2,3
202400035699,2024-07-21 22:00:00,2024,7,21,22,0,75,75114,BOULEVARD JOURDAN,48.820532,2.337396,Nuit avec éclairage allumé,En agglomération,Hors intersection,Normale,Deux véhicules - côté,4,2,3,1,1,1,1,0,5,50,2,3,1,0,0,2,47.0,32.0,voiture,deux_roues,5,2,1,1,3
202400035700,2024-01-16 08:55:00,2024,1,16,8,55,94,94046,Avenue de la République / Rue Condorcet,48.80909,2.45268,Plein jour,En agglomération,Intersection en X,Normale,Deux véhicules - côté,3,2,2,0,1,1,1,0,1,50,2,2,1,0,0,1,30.0,34.0,deux_roues,voiture,1,2,2,1,3
202400035700,2024-01-16 08:55:00,2024,1,16,8,55,94,94046,Avenue de la République / Rue Condorcet,48.80909,2.45268,Plein jour,En agglomération,Intersection en X,Normale,Deux véhicules - côté,3,2,2,-1,1,1,1,0,1,-1,2,2,1,0,0,1,30.0,34.0,deux_roues,voiture,1,2,2,1,3
202400035701,2024-04-07 06:20:00,2024,4,7,6,20,65,65072,route départementale 935,43.289671,0.068922,Crépuscule ou aube,En agglomération,Hors intersection,Normale,Autre collision,3,2,2,0,1,1,1,0,1,50,1,2,1,0,1,0,41.0,,voiture,,2,2,1,1,6
202400035702,2024-02-21 15:40:00,2024,2,21,15,40,974,97416,TROIS MARRE (CHEMIN),-21.2982,55.44259,Plein jour,Hors agglomération,Hors intersection,Temps éblouissant,Deux véhicules - côté,3,2,3,0,1,1,1,0,1,70,2,2,1,0,0,1,35.0,35.0,voiture,deux_roues,1,1,1,7,3
202400035703,2024-07-21 16:55:00,2024,7,21,16,55,75,75104,RUE DE RIVOLI,48.857265,2.352245,Plein jour,En agglomération,Intersection en T,Temps éblouissant,Sans collision,4,1, -1,-1,1,1,1,0,1,30,1,1,0,0,0,1,15.0,,deux_roues,,1,2,3,7,7
202400035703,2024-07-21 16:55:00,2024,7,21,16,55,75,75104,RUE DE RIVOLI,48.857265,2.352245,Plein jour,En agglomération,Intersection en T,Temps éblouissant,Sans collision,4,2,3,2,1,1,1,0,1,30,1,1,0,0,0,1,15.0,,deux_roues,,1,2,3,7,7
202400035704,2024-04-07 13:33:00,2024,4,7,13,33,33,33296,,44.834701,-0.038608,Nuit sans éclairage public,Hors agglomération,Intersection en T,Normale,Sans collision,3,2,2,0,1,1,1,9,3,70,1,1,0,1,0,0,59.0,,utilitaire_camion,,3,1,3,1,7
202400035704,2024-04-07 13:33:00,2024,4,7,13,33,33,33296,,44.834701,-0.038608,Nuit sans éclairage public,Hors agglomération,Intersection en T,Normale,Sans collision,3,2,2,-1,1,1,1,0,3,30,1,1,0,1,0,0,59.0,,utilitaire_camion,,3,1,3,1,7
202400035705,2024-05-02 09:50:00,2024,5,2,9,50,33,33199,,44.619305,-1.073299,Plein jour,En agglomération,Hors intersection,Normale,Deux véhicules - côté,3,2,2,0,1,1,1,0,1,50,2,2,1,0,0,1,36.0,19.0,utilitaire_camion,deux_roues,1,2,1,1,3
202400035706,2024-02-20 11:05:00,2024,2,20,11,5,974,97416,PERE FAVRON(RUE DU),-21.33706,55.46468,Plein jour,Hors agglomération,Hors intersection,Normale,Sans collision,4,2,3,0,1,1,1,9,1,50,1,1,0,0,0,1,58.0,,deux_roues,,1,1,1,1,7
202400035707,2024-04-07 13:20:00,2024,4,7,13,20,11,11431,,42.945177,2.757869,Plein jour,Hors agglomération,Hors intersection,Normale,Autre collision,3,2,2,0,2,1,1,0,3,80,1,1,0,0,1,0,65.0,,voiture,,1,1,1,1,6
202400035708,2024-01-16 08:20:00,2024,1,16,8,20,94,94003,Avenue Paul Vaillant-Couturier / Avenue Gabriel Péri,48.80005873,2.34267153,Crépuscule ou aube,En agglomération,Place,Normale,Deux véhicules - côté,3,2,2,2,2,1,1,0,1,30,2,2,1,0,0,1,33.0,32.0,deux_roues,voiture,2,2,7,1,3
202400035708,2024-01-16 08:20:00,2024,1,16,8,20,94,94003,Avenue Paul Vaillant-Couturier / Avenue Gabriel Péri,48.80005873,2.34267153,Crépuscule ou aube,En agglomération,Place,Normale,Deux véhicules - côté,3,1,2,0,2,3,1,0,1,-1,2,2,1,0,0,1,33.0,32.0,deux_roues,voiture,2,2,7,1,3
202400035709,2024-02-27 06:25:00,2024,2,27,6,25,974,97411,VINH-SAN (BLD 1 DU PRINCE),-20.8871,55.44057,Plein jour,En agglomération,Hors intersection,Normale,Autre collision,2,1,1,0,3,2,2,0,1,70,1,1,0,0,0,1,34.0,,voiture,,1,2,1,1,6
202400035710,2024-07-21 08:55:00,2024,7,21,8,55,75,75111,PLACE DE LA BASTILLE,48.85331651,2.36976439,Plein jour,En agglomération,Place,Normale,Deux véhicules - côté,4,-1,4,0,1,1,1,0,1,30,2,2,1,0,0,1,38.0,30.0,deux_roues,voiture,1,2,7,1,3
202400035710,2024-07-21 08:55:00,2024,7,21,8,55,75,75111,PLACE DE LA BASTILLE,48.85331651,2.36976439,Plein jour,En agglomération,Place,Normale,Deux véhicules - côté,4,1,2,1,1,1,1,0,1,3,2,2,1,0,0,1,38.0,30.0,deux_roues,voiture,1,2,7,1,3
202400035711,2024-04-07 21:15:00,2024,4,7,21,15,11,11106,D6009,43.24369,3.063417,Nuit sans éclairage public,Hors agglomération,Hors intersection,Normale,Autre collision,3,2,2,0,1,1,1,2,8,90,1,2,1,1,0,0,28.0,,voiture,,3,1,1,1,6
202400035712,2024-05-15 11:00:00,2024,5,15,11,0,34,34154,cd189,43.605847,3.967438,Plein jour,Hors agglomération,Hors intersection,Normale,Trois véhicules et plus - collisions multiples,3,2,2,0,1,1,1,0,1,80,3,3,2,0,1,0,55.0,55.0,deux_roues,voiture,1,1,1,1,5
202400035713,2024-07-20 23:15:00,2024,7,20,23,15,94,94074,Avenue Henri Barbusse,48.76683,2.44118,Nuit avec éclairage allumé,En agglomération,Hors intersection,Normale,Deux véhicules - arrière,2,1,0,0,1,1,1,0,1,50,2,2,1,0,0,1,29.0,38.0,voiture,deux_roues,5,2,1,1,2
202400035714,2024-01-16 08:00:00,2024,1,16,8,0,94,94076,Boulevard Maxime Gorki,48.79312827,2.36908677,Plein jour,En agglomération,Hors intersection,Normale,Autre collision,3,2,2,3,1,1,1,0,1,50,1,2,1,0,0,1,36.0,,deux_roues,,1,2,1,1,6
202400035715,2024-05-15 11:00:00,2024,5,15,11,0,68,68040,Rue du Rhin,47.82517932,7.08142157,Plein jour,En agglomération,Hors intersection,Normale,Deux véhicules - arrière,3,2,2,0,1,1,1,0,1,50,2,2,1,0,0,1,53.0,48.0,voiture,voiture,1,2,1,1,2
202400035716,2024-04-05 09:40:00,2024,4,5,9,40,41,41164,d675 - rue pasteur,47.283625,1.382963,Plein jour,En agglomération,Intersection en T,Normale,Trois véhicules et plus - collisions multiples,3,2,2,0,1,1,1,0,1,50,3,3,2,0,1,0,90.0,28.0,voiture,deux_roues,1,2,3,1,5
202400035716,2024-04-05 09:40:00,2024,4,5,9,40,41,41164,d675 - rue pasteur,47.283625,1.382963,Plein jour,En agglomération,Intersection en T,Normale,Trois véhicules et plus - collisions multiples,3,2,2,0,1,1,1,0,1,50,3,3,2,0,1,0,90.0,28.0,voiture,deux_roues,1,2,3,1,5
202400035717,2024-02-27 07:20:00,2024,2,27,7,20,974,97411,MACE (ROUTE GABRIEL),-20.91111,55.49929,Plein jour,Hors agglomération,Hors intersection,Autre,Autre collision,3,2,0,0,2,1,2,0,1,50,1,3,0,0,1,2,52.0,,deux_roues,,1,1,1,9,6
202400035718,2024-07-21 15:35:00,2024,7,21,15,35,94,94034,Rue Emile Zola,48.75875,2.324236,Plein jour,En agglomération,Intersection en X,Normale,Deux véhicules - arrière,4,2,2,0,1,1,1,0,1,50,2,2,1,0,0,1,50.0,22.0,voiture,voiture,1,2,2,1,2
202400035719,2024-05-15 21:00:00,2024,5,15,21,0,63,63150,Avenue de la Libération,45.89551726,3.06740331,Crépuscule ou aube,Hors agglomération,Hors intersection,Pluie légère,Autre collision,3,2,2,0,1,2,2,0,3,90,1,1,0,0,1,0,41.0,,voiture,,2,1,1,2,6
202400035720,2024-01-16 08:00:00,2024,1,16,8,0,94,94028,Route de la Pompadour,48.76982142,2.45890273,Nuit avec éclairage allumé,En agglomération,Intersection en T,Normale,Autre collision,4,1,1,0,2,2,7,0,1,-1,1,2,1,0,0,1,22.0,,utilitaire_camion,,5,2,3,1,6
202400035720,2024-01-16 08:00:00,2024,1,16,8,0,94,94028,Route de la Pompadour,48.76982142,2.45890273,Nuit avec éclairage allumé,En agglomération,Intersection en T,Normale,Autre collision,4,2,2,0,1,1,7,0,1,50,1,2,1,0,0,1,22.0,,utilitaire_camion,,5,2,3,1,6
202400035721,2024-04-07 11:47:00,2024,4,7,11,47,86,86281,Rue de Maison Bouchet,46.760285,0.17069,Plein jour,Hors agglomération,Intersection en X,Normale,Deux véhicules - côté,3,2,2,0,4,1,1,0,1,80,2,3,2,0,1,0,53.0,25.0,voiture,voiture,1,1,2,1,3
202400035721,2024-04-07 11:47:00,2024,4,7,11,47,86,86281,Rue de Maison Bouchet,46.760285,0.17069,Plein jour,Hors agglomération,Intersection en X,Normale,Deux véhicules - côté,3,2,2,-1,1,3,1,5,1,80,2,3,2,0,1,0,53.0,25.0,voiture,voiture,1,1,2,1,3
202400035722,2024-05-16 06:51:00,2024,5,16,6,51,69,69291,Route de Corbas,45.64504211,4.89148883,Crépuscule ou aube,Hors agglomération,Hors intersection,Pluie légère,Autre collision,3,2,2,0,1,2,2,0,3,70,1,1,0,0,0,1,26.0,,voiture,,2,1,1,2,6
202400035723,2024-01-16 19:33:00,2024,1,16,19,33,94,94022,Avenue Victor Hugo,48.768908,2.421119,Nuit avec éclairage allumé,En agglomération,Hors intersection,Normale,Autre collision,3,2,4,3,1,1,1,9,6,50,1,2,1,0,0,1,51.0,,transport_commun,,5,2,1,1,6
202400035724,2024-07-21 21:10:00,2024,7,21,21,10,94,94017,Avenue Roger Salengro,48.81888,2.49011,Crépuscule ou aube,En agglomération,Intersection en Y,Normale,Deux véhicules - côté,3,2,3,0,1,1,1,0,1,50,2,2,1,0,0,1,37.0,29.0,deux_roues,voiture,2,2,4,1,3
202400035724,2024-07-21 21:10:00,2024,7,21,21,10,94,94017,Avenue Roger Salengro,48.81888,2.49011,Crépuscule ou aube,En agglomération,Intersection en Y,Normale,Deux véhicules - côté,3,1,1,-1,1,1,1,0,1,-1,2,2,1,0,0,1,37.0,29.0,deux_roues,voiture,2,2,4,1,3