accident_id,datetime,annee,mois,jour,heure,minute,departement,commune_insee,adresse,latitude,longitude,luminosite,agglomeration,intersection,meteo,collision,catr,circ,nbv,vosp,prof,plan,surf,infra,situ,vma,nb_vehicules,nb_usagers,nb_indemnes,nb_tues,nb_blesses_hosp,nb_blesses_legers,age_cond_1,age_cond_2,veh_type_cond_1,veh_type_cond_2,lum_code,agg_code,int_code,atm_code,col_code
202400035725,2024-04-08 11:00:00,2024,4,8,11,0,86,86160,Boulevard Foulques Nerra,46.788148,0.185035,Plein jour,En agglomération,Hors intersection,Normale,Deux véhicules - côté,3,2,2,0,2,1,1,0,1,50,2,2,1,0,1,0,90.0,26.0,voiture,deux_roues,1,2,1,1,3
202400035726,2024-02-22 10:40:00,2024,2,22,10,40,974,97411,VERGER (RUE DU),-20.89746,55.4645,Plein jour,En agglomération,Hors intersection,Normale,Autre collision,4,2,2,0,1,1,1,0,1,50,1,2,1,0,0,1,71.0,,voiture,,1,2,1,1,6
202400035727,2024-04-07 17:30:00,2024,4,7,17,30,34,34229,D907,43.524608,2.743436,Plein jour,Hors agglomération,Hors intersection,Normale,Sans collision,3,2,2,0,2,1,1,0,1,90,1,1,0,0,1,0,37.0,,deux_roues,,1,1,1,1,7
202400035728,2024-05-15 16:45:00,2024,5,15,16,45,80,80039,Rue Quinquerue,50.100817,1.446129,Plein jour,En agglomération,Intersection en T,Normale,Deux véhicules - côté,4,1,1,0,1,1,1,0,1,50,2,3,2,0,0,1,78.0,14.0,voiture,deux_roues,1,2,3,1,3
202400035728,2024-05-15 16:45:00,2024,5,15,16,45,80,80039,Rue Quinquerue,50.100817,1.446129,Plein jour,En agglomération,Intersection en T,Normale,Deux véhicules - côté,4,1,1,0,4,1,1,0,1,50,2,3,2,0,0,1,78.0,14.0,voiture,deux_roues,1,2,3,1,3
202400035729,2024-07-21 02:00:00,2024,7,21,2,0,93,93006,Rue Jean Lolive,48.86668,2.42845,Nuit avec éclairage allumé,En agglomération,Hors intersection,Pluie légère,Deux véhicules - côté,4,2,2,0,1,1,2,0,1,50,2,3,2,0,0,1,25.0,21.0,voiture,voiture,5,2,1,2,3
202400035730,2024-01-16 17:54:00,2024,1,16,17,54,94,94022,Rue Robert Peary,48.754242,2.412904,Crépuscule ou aube,En agglomération,Hors intersection,Normale,Autre collision,4,2,2,3,1,1,1,-1,1,30,1,2,1,0,0,1,35.0,,transport_commun,,2,2,1,1,6
202400035731,2024-04-08 18:05:00,2024,4,8,18,5,68,68074,D7bis,47.494038,7.221998,Plein jour,Hors agglomération,Hors intersection,Normale,Sans collision,3,2,2,0,1,2,1,0,3,80,1,1,0,1,0,0,51.0,,utilitaire_camion,,1,1,1,1,7
202400035732,2024-04-08 07:00:00,2024,4,8,7,0,38,38561,D156d,45.2972,5.192628,Crépuscule ou aube,Hors agglomération,Hors intersection,Normale,Sans collision,3,2,2,0,1,1,1,0,8,90,1,1,0,0,1,0,46.0,,voiture,,2,1,1,1,7
202400035733,2024-05-09 16:47:00,2024,5,9,16,47,59,59387,Rue Amédée Grivillers,50.285621,3.263351,Plein jour,Hors agglomération,Hors intersection,Normale,Deux véhicules - côté,3,3,2,0,2,3,1,0,1,80,2,2,1,0,1,0,64.0,20.0,voiture,voiture,1,1,1,1,3
202400035734,2024-01-16 08:15:00,2024,1,16,8,15,94,94022,Avenue Gambetta / Avenue du 25 Aout 1944,48.763081,2.401731,Plein jour,En agglomération,Intersection en X,Normale,Autre collision,3,3,4,3,1,1,1,-1,1,50,1,2,1,0,0,1,34.0,,voiture,,1,2,2,1,6
202400035734,2024-01-16 08:15:00,2024,1,16,8,15,94,94022,Avenue Gambetta / Avenue du 25 Aout 1944,48.763081,2.401731,Plein jour,En agglomération,Intersection en X,Normale,Autre collision,3,3,2,0,1,1,1,0,1,-1,1,2,1,0,0,1,34.0,,voiture,,1,2,2,1,6
202400035735,2024-07-21 17:45:00,2024,7,21,17,45,93,93046,MARECHAL LECLERC (AVENUE DU,48.92039371,2.53988743,Plein jour,En agglomération,Hors intersection,Normale,Deux véhicules - côté,3,3,4,0,1,1,1,0,1,50,2,3,2,0,1,0,37.0,57.0,deux_roues,voiture,1,2,1,1,3
202400035736,2024-02-20 17:30:00,2024,2,20,17,30,974,97411,MACE (ROUTE GABRIEL),-20.91937,55.49413,Plein jour,En agglomération,Giratoire,Pluie légère,Deux véhicules - arrière,3,2,2,0,1,1,2,0,4,50,2,2,1,0,0,1,27.0,50.0,voiture,voiture,1,2,6,2,2
202400035736,2024-02-20 17:30:00,2024,2,20,17,30,974,97411,MACE (ROUTE GABRIEL),-20.91937,55.49413,Plein jour,En agglomération,Giratoire,Pluie légère,Deux véhicules - arrière,3,2,2,0,1,1,2,0,1,50,2,2,1,0,0,1,27.0,50.0,voiture,voiture,1,2,6,2,2
202400035737,2024-04-05 20:15:00,2024,4,5,20,15,38,38002,Route Départementale 281,45.267698,5.994544,Crépuscule ou aube,Hors agglomération,Hors intersection,Normale,Sans collision,3,2,2,0,2,1,1,0,3,80,1,1,0,1,0,0,75.0,,voiture,,2,1,1,1,7
202400035738,2024-07-21 16:28:00,2024,7,21,16,28,93,93015,Route du Bois de Bernouille,48.918612,2.57356,Plein jour,En agglomération,Hors intersection,Normale,Sans collision,4,2,2,0,2,1,1,0,1,50,1,2,1,0,0,1,18.0,,deux_roues,,1,2,1,1,7
202400035739,2024-05-15 08:35:00,2024,5,15,8,35,13,13071,A7-Sens Marseille vers Lyon,43.40608,5.29321,Plein jour,Hors agglomération,Hors intersection,Normale,Deux véhicules - côté,1,1,2,0,1,1,1,0,1,90,3,3,2,0,0,1,24.0,27.0,voiture,deux_roues,1,1,1,1,3
202400035740,2024-02-25 11:50:00,2024,2,25,11,50,974,97409,DE LA GARE(RUE),-20.96167,55.6566,Plein jour,En agglomération,Hors intersection,Pluie légère,Sans collision,4,2,2,0,1,1,2,0,1,50,1,1,0,0,0,1,74.0,,deux_roues,,1,2,1,2,7
202400035741,2024-01-16 06:20:00,2024,1,16,6,20,94,94011,Avenue de Boissy / Rue des Sablons,48.7634,2.49385,Crépuscule ou aube,En agglomération,Intersection en X,Temps couvert,Deux véhicules - arrière,3,2,4,0,1,1,7,0,1,50,2,2,1,0,0,1,40.0,58.0,utilitaire_camion,utilitaire_camion,2,2,2,8,2
202400035741,2024-01-16 06:20:00,2024,1,16,6,20,94,94011,Avenue de Boissy / Rue des Sablons,48.7634,2.49385,Crépuscule ou aube,En agglomération,Intersection en X,Temps couvert,Deux véhicules - arrière,3,1,1,0,2,3,7,0,1,-1,2,2,1,0,0,1,40.0,58.0,utilitaire_camion,utilitaire_camion,2,2,2,8,2
202400035742,2024-04-06 12:35:00,2024,4,6,12,35,01,01058,D19,45.662842,5.609207,Plein jour,Hors agglomération,Intersection en T,Normale,Deux véhicules - côté,3,2,2,0,1,1,1,0,1,80,2,3,1,0,1,1,22.0,56.0,utilitaire_camion,voiture,1,1,3,1,3
202400035742,2024-04-06 12:35:00,2024,4,6,12,35,01,01058,D19,45.662842,5.609207,Plein jour,Hors agglomération,Intersection en T,Normale,Deux véhicules - côté,3,2,2,0,1,1,1,0,8,50,2,3,1,0,1,1,22.0,56.0,utilitaire_camion,voiture,1,1,3,1,3
202400035743,2024-07-21 21:15:00,2024,7,21,21,15,93,93057,Allee de Berlin / Avenue de Rome,48.91511073,2.50103571,Crépuscule ou aube,En agglomération,Intersection en X,Normale,Deux véhicules - frontale,3,2,2,0,1,1,1,0,1,50,2,2,1,0,0,1,51.0,35.0,deux_roues,voiture,2,2,2,1,1
202400035743,2024-07-21 21:15:00,2024,7,21,21,15,93,93057,Allee de Berlin / Avenue de Rome,48.91511073,2.50103571,Crépuscule ou aube,En agglomération,Intersection en X,Normale,Deux véhicules - frontale,3,1,1,0,1,1,1,0,1,50,2,2,1,0,0,1,51.0,35.0,deux_roues,voiture,2,2,2,1,1
202400035744,2024-05-14 22:43:00,2024,5,14,22,43,13,13215,A55-Sens Marseille vers Martigues,43.33188505,5.35414144,Nuit sans éclairage public,Hors agglomération,Hors intersection,Pluie forte,Deux véhicules - arrière,1,-1,3,0,2,2,2,0,1,90,2,3,1,0,0,2,,22.0,utilitaire_camion,voiture,3,1,1,3,2
202400035745,2024-02-26 15:15:00,2024,2,26,15,15,974,97407,ROLLAND EMILE(RUE),-20.9361,55.29266,Plein jour,En agglomération,Intersection en X,Normale,Autre collision,4,1,1,0,1,1,1,0,1,50,1,2,1,0,1,0,51.0,,voiture,,1,2,2,1,6
202400035745,2024-02-26 15:15:00,2024,2,26,15,15,974,97407,ROLLAND EMILE(RUE),-20.9361,55.29266,Plein jour,En agglomération,Intersection en X,Normale,Autre collision,4,2,2,0,1,1,1,9,1,50,1,2,1,0,1,0,51.0,,voiture,,1,2,2,1,6
202400035746,2024-01-16 07:45:00,2024,1,16,7,45,93,93070,Rue Fructidor / Rue Arago,48.90131367,2.32302837,Crépuscule ou aube,En agglomération,Intersection en T,Normale,Autre collision,4,1,1,-1,1,1,1,0,1,-1,1,2,1,0,0,1,43.0,,utilitaire_camion,,2,2,3,1,6
202400035746,2024-01-16 07:45:00,2024,1,16,7,45,93,93070,Rue Fructidor / Rue Arago,48.90131367,2.32302837,Crépuscule ou aube,En agglomération,Intersection en T,Normale,Autre collision,4,2,2,0,1,2,1,0,1,50,1,2,1,0,0,1,43.0,,utilitaire_camion,,2,2,3,1,6
202400035747,2024-07-21 00:08:00,2024,7,21,0,8,92,92073,VERDUN (RUE DE),48.87023669,2.22773919,Nuit avec éclairage allumé,En agglomération,Giratoire,Pluie légère,Autre collision,4,1,1,0,1,3,2,0,1,50,1,1,0,0,0,1,53.0,,deux_roues,,5,2,6,2,6
202400035748,2024-04-08 06:00:00,2024,4,8,6,0,58,58095,Lieu Dit la Levee de Loire,46.828097,3.458585,Nuit avec éclairage allumé,En agglomération,Hors intersection,Normale,Deux véhicules - côté,3,-1,2,0,1,1,1,2,1,50,1,2,1,0,0,1,28.0,,voiture,,5,2,1,1,3
202400035749,2024-05-12 08:20:00,2024,5,12,8,20,69,69266,Route Départementale 383 ,45.75769465,4.90895763,Plein jour,Hors agglomération,Hors intersection,Normale,Deux véhicules - arrière,7,3,7,0,1,1,1,2,1,70,2,2,1,0,1,0,34.0,65.0,utilitaire_camion,voiture,1,1,1,1,2
202400035750,2024-07-21 01:20:00,2024,7,21,1,20,92,92051,CHARTRES (RUE DE ),48.88022242,2.27952875,Nuit avec éclairage allumé,En agglomération,Hors intersection,Pluie légère,Sans collision,4,1,2,1,1,1,2,0,1,50,1,1,0,0,0,1,57.0,,deux_roues,,5,2,1,2,7
202400035751,2024-01-16 13:15:00,2024,1,16,13,15,93,93050,Rue de la Ville de Paris / Rue Aristide Briand,48.87497,2.53041,Plein jour,En agglomération,Intersection en T,Temps couvert,Deux véhicules - côté,3,2,2,0,1,1,1,0,1,-1,2,2,1,0,0,1,63.0,28.0,utilitaire_camion,deux_roues,1,2,3,8,3
202400035751,2024-01-16 13:15:00,2024,1,16,13,15,93,93050,Rue de la Ville de Paris / Rue Aristide Briand,48.87497,2.53041,Plein jour,En agglomération,Intersection en T,Temps couvert,Deux véhicules - côté,3,2,2,0,1,1,1,0,1,50,2,2,1,0,0,1,63.0,28.0,utilitaire_camion,deux_roues,1,2,3,8,3
202400035752,2024-02-22 13:30:00,2024,2,22,13,30,974,97407,COMMUNE DE PARIS (AVENUE),-20.94533,55.29279,Plein jour,En agglomération,Giratoire,Temps couvert,Deux véhicules - côté,4,1,1,0,1,3,1,0,1,50,2,2,0,0,0,2,44.0,39.0,deux_roues,voiture,1,2,6,8,3
202400035752,2024-02-22 13:30:00,2024,2,22,13,30,974,97407,COMMUNE DE PARIS (AVENUE),-20.94533,55.29279,Plein jour,En agglomération,Giratoire,Temps couvert,Deux véhicules - côté,4,1,1,0,1,1,1,0,1,50,2,2,0,0,0,2,44.0,39.0,deux_roues,voiture,1,2,6,8,3
202400035753,2024-05-15 08:00:00,2024,5,15,8,0,94,94034,A86,48.75623447,2.33600515,Plein jour,Hors agglomération,Hors intersection,Normale,Deux véhicules - côté,1,1,3,0,1,1,1,0,1,90,2,2,1,0,0,1,40.0,23.0,voiture,deux_roues,1,1,1,1,3
202400035754,2024-01-15 19:30:00,2024,1,15,19,30,93,93050,Rue Louis Vannini,48.86596,2.5236,Nuit avec éclairage allumé,En agglomération,Hors intersection,Normale,Deux véhicules - frontale,3,2,2,0,1,1,1,1,8,50,2,2,0,0,0,2,25.0,39.0,voiture,voiture,5,2,1,1,1
202400035755,2024-07-21 20:35:00,2024,7,21,20,35,92,92040,BOURGAIN (AVENE),48.82245147,2.26804107,Crépuscule ou aube,En agglomération,Intersection en Y,Normale,Deux véhicules - côté,3,2,2,0,4,1,1,0,1,30,2,2,1,0,0,1,27.0,30.0,deux_roues,utilitaire_camion,2,2,4,1,3
202400035755,2024-07-21 20:35:00,2024,7,21,20,35,92,92040,BOURGAIN (AVENE),48.82245147,2.26804107,Crépuscule ou aube,En agglomération,Intersection en Y,Normale,Deux véhicules - côté,3,2,2,0,4,1,1,0,1,30,2,2,1,0,0,1,27.0,30.0,deux_roues,utilitaire_camion,2,2,4,1,3
202400035756,2024-02-19 18:35:00,2024,2,19,18,35,974,97407,CARPAYE(AVENUE),-20.94577,55.29861,Plein jour,En agglomération,Hors intersection,Normale,Autre collision,2,2,2,0,1,1,1,0,1,50,1,2,1,0,0,1,18.0,,voiture,,1,2,1,1,6
202400035757,2024-04-07 18:05:00,2024,4,7,18,5,14,14516,10 Rue de la Petite Montagne,48.972156,-0.253361,Plein jour,En agglomération,Intersection en X,Normale,Deux véhicules - côté,4,2,2,0,1,1,1,0,1,50,2,4,3,0,0,1,65.0,17.0,voiture,deux_roues,1,2,2,1,3
202400035758,2024-05-15 18:40:00,2024,5,15,18,40,92,92047,A13,48.83459228,2.17162733,Plein jour,Hors agglomération,Hors intersection,Normale,Deux véhicules - arrière,1,1,3,0,2,1,1,0,1,110,2,2,1,0,0,1,20.0,49.0,deux_roues,utilitaire_camion,1,1,1,1,2
202400035759,2024-07-14 22:50:00,2024,7,14,22,50,33,33243,,44.909276,-0.23634,Nuit avec éclairage allumé,En agglomération,Giratoire,Normale,Autre collision,4,2,2,0,1,1,1,5,1,50,1,1,0,0,1,0,54.0,,deux_roues,,5,2,6,1,6
202400035760,2024-02-28 09:20:00,2024,2,28,9,20,973,97302,GIRATOIRE MARINGOUINS,4.90741,-52.32232,Plein jour,Hors agglomération,Hors intersection,Autre,Sans collision,2,1,2,0,1,2,8,9,1,50,1,1,0,0,0,1,53.0,,deux_roues,,1,1,1,9,7
202400035761,2024-01-16 13:30:00,2024,1,16,13,30,93,93048,Avenue Pasteur,48.86565,2.437162,Plein jour,En agglomération,Hors intersection,Normale,Autre collision,4,2,2,0,1,1,1,0,4,5,1,2,1,0,0,1,29.0,,voiture,,1,2,1,1,6
202400035762,2024-05-15 17:30:00,2024,5,15,17,30,92,92050,A86,48.90971626,2.21529483,Plein jour,Hors agglomération,Hors intersection,Normale,Deux véhicules - côté,1,1,2,0,1,1,1,0,1,90,2,2,1,0,0,1,50.0,29.0,voiture,deux_roues,1,1,1,1,3
202400035763,2024-01-16 19:40:00,2024,1,16,19,40,93,93046,Boulevard Jean Moulin,48.912652,2.514388,Nuit avec éclairage allumé,En agglomération,Hors intersection,Normale,Autre collision,4,2,2,0,1,1,1,0,1,50,1,2,1,0,0,1,22.0,,deux_roues,,5,2,1,1,6
202400035764,2024-04-07 18:05:00,2024,4,7,18,5,14,14578,Route de Honfleur,49.34568587,0.19963864,Plein jour,Hors agglomération,Intersection en T,Normale,Deux véhicules - côté,3,2,1,0,1,1,1,0,1,70,2,2,1,0,1,0,60.0,32.0,voiture,deux_roues,1,1,3,1,3
202400035764,2024-04-07 18:05:00,2024,4,7,18,5,14,14578,Route de Honfleur,49.34568587,0.19963864,Plein jour,Hors agglomération,Intersection en T,Normale,Deux véhicules - côté,3,2,2,0,1,1,1,0,1,70,2,2,1,0,1,0,60.0,32.0,voiture,deux_roues,1,1,3,1,3
202400035765,2024-02-26 17:15:00,2024,2,26,17,15,973,97302,MONTABO (ROUTE DE) 2,4.93638,-52.2967,Plein jour,En agglomération,Hors intersection,Normale,Deux véhicules - arrière,3,2,2,0,1,1,1,0,1,50,2,2,1,0,0,1,16.0,54.0,deux_roues,voiture,1,2,1,1,2
202400035766,2024-07-21 12:45:00,2024,7,21,12,45,35,35013,Les Chambots,47.706589,-2.054189,Plein jour,Hors agglomération,Intersection en X,Normale,Deux véhicules - frontale,3,2,2,0,1,1,2,0,1,70,2,2,1,0,1,0,38.0,30.0,voiture,deux_roues,1,1,2,1,1
202400035766,2024-07-21 12:45:00,2024,7,21,12,45,35,35013,Les Chambots,47.706589,-2.054189,Plein jour,Hors agglomération,Intersection en X,Normale,Deux véhicules - frontale,3,2,2,0,1,1,2,0,1,80,2,2,1,0,1,0,38.0,30.0,voiture,deux_roues,1,1,2,1,1
202400035767,2024-05-15 17:50:00,2024,5,15,17,50,78,78640,A86 INT,48.780678,2.178467,Plein jour,Hors agglomération,Hors intersection,Normale,Deux véhicules - arrière,1,1,3,0,1,1,1,0,1,90,2,2,1,0,0,1,31.0,63.0,deux_roues,voiture,1,1,1,1,2
202400035768,2024-01-16 13:20:00,2024,1,16,13,20,93,93031,Avenue de la Marne / Avenue Jean Jaurès,48.958319,2.325517,Plein jour,En agglomération,Intersection en T,Normale,Autre collision,4,2,2,0,1,1,1,0,1,50,1,2,1,0,0,1,26.0,,voiture,,1,2,3,1,6
202400035768,2024-01-16 13:20:00,2024,1,16,13,20,93,93031,Avenue de la Marne / Avenue Jean Jaurès,48.958319,2.325517,Plein jour,En agglomération,Intersection en T,Normale,Autre collision,4,2,2,0,1,1,1,0,1,50,1,2,1,0,0,1,26.0,,voiture,,1,2,3,1,6
202400035769,2024-04-05 08:20:00,2024,4,5,8,20,45,45061,D240 PR 3 + 760,48.042007,2.74339,Plein jour,En agglomération,Giratoire,Normale,Autre collision,3,1,1,0,1,2,1,6,4,50,1,3,2,0,1,0,19.0,,voiture,,1,2,6,1,6
202400035770,2024-07-21 09:50:00,2024,7,21,9,50,14,14713,route de caen,49.061199,-0.470814,Plein jour,Hors agglomération,Hors intersection,Normale,Sans collision,3,2,2,0,2,3,1,0,1,80,1,1,0,0,0,1,25.0,,deux_roues,,1,1,1,1,7
202400035771,2024-02-25 22:08:00,2024,2,25,22,8,973,97302,FELIX EBOUE(ROCADE),4.92753,-52.31922,Nuit sans éclairage public,En agglomération,Hors intersection,Normale,Deux véhicules - côté,3,2,2,0,1,1,1,0,1,50,2,3,1,0,0,2,19.0,25.0,voiture,deux_roues,3,2,1,1,3
202400035772,2024-01-16 08:10:00,2024,1,16,8,10,93,93031,Rue Saint-Marc,48.951931,2.331331,Nuit avec éclairage allumé,En agglomération,Hors intersection,Temps couvert,Autre collision,4,2,2,0,1,1,1,0,1,50,1,2,1,0,0,1,22.0,,voiture,,5,2,1,8,6
202400035773,2024-04-03 15:25:00,2024,4,3,15,25,27,27112,Rue Victor-Hugo,48.836623,0.913103,Plein jour,En agglomération,Autre intersection,Normale,Autre collision,4,1,1,0,1,1,1,0,8,50,2,2,1,0,0,1,48.0,42.0,deux_roues,voiture,1,2,9,1,6
202400035774,2024-01-16 10:24:00,2024,1,16,10,24,93,93030,Avenue du Maréchal Leclerc de Hauteclocque,48.94469,2.41644,Plein jour,En agglomération,Hors intersection,Normale,Autre collision,3,3,4,0,1,1,1,0,1,50,1,1,0,0,0,1,35.0,,voiture,,1,2,1,1,6
202400035775,2024-07-21 04:00:00,2024,7,21,4,0,62,62293,D108,50.495275,1.966311,Nuit sans éclairage public,Hors agglomération,Hors intersection,Normale,Autre collision,3,2,2,0,4,2,1,0,3,80,1,1,0,0,1,0,29.0,,voiture,,3,1,1,1,6
202400035776,2024-05-15 12:20:00,2024,5,15,12,20,93,93027,A1,48.93774911,2.41208205,Plein jour,Hors agglomération,Hors intersection,Normale,Trois véhicules et plus - en chaîne,1,3,8,0,1,1,1,0,1,90,3,3,2,0,0,1,27.0,39.0,utilitaire_camion,utilitaire_camion,1,1,1,1,4
202400035777,2024-02-24 17:30:00,2024,2,24,17,30,973,97302,MONTABO (ROUTE DE) 1,4.94177718,-52.30415136,Plein jour,En agglomération,Intersection en T,Normale,Deux véhicules - côté,3,3,2,0,1,1,2,0,1,50,2,3,1,0,0,2,50.0,58.0,voiture,voiture,1,2,3,1,3
202400035777,2024-02-24 17:30:00,2024,2,24,17,30,973,97302,MONTABO (ROUTE DE) 1,4.94177718,-52.30415136,Plein jour,En agglomération,Intersection en T,Normale,Deux véhicules - côté,3,-1,2,0,1,1,2,0,1,50,2,3,1,0,0,2,50.0,58.0,voiture,voiture,1,2,3,1,3
202400035778,2024-04-07 14:15:00,2024,4,7,14,15,87,87028,Lagemichene,46.212514,0.912176,Plein jour,Hors agglomération,Hors intersection,Normale,Autre collision,2,2,2,0,1,1,1,0,4,80,1,1,0,0,1,0,74.0,,voiture,,1,1,1,1,6
202400035779,2024-01-16 13:10:00,2024,1,16,13,10,93,93008,Rue Honore d'Estienne d'Orves,48.9085,2.456358,Plein jour,En agglomération,Hors intersection,Normale,Deux véhicules - frontale,4,2,2,0,1,1,1,0,1,50,2,2,1,0,0,1,22.0,27.0,deux_roues,deux_roues,1,2,1,1,1
202400035780,2024-02-23 11:40:00,2024,2,23,11,40,973,97302,GALMOT (AVENUE),4.93224524,-52.32729882,Plein jour,En agglomération,Hors intersection,Normale,Trois véhicules et plus - collisions multiples,4,2,2,0,1,1,1,9,1,50,3,3,2,0,0,1,59.0,51.0,utilitaire_camion,voiture,1,2,1,1,5
202400035781,2024-04-07 03:00:00,2024,4,7,3,0,24,24386,1111 Route du Platane,44.637334,1.056828,Nuit sans éclairage public,Hors agglomération,Hors intersection,Normale,Autre collision,3,2,2,0,1,1,1,0,1,80,1,2,1,0,0,1,18.0,,deux_roues,,3,1,1,1,6
202400035782,2024-02-02 16:55:00,2024,2,2,16,55,74,74281,CORNICHE (BD DE LA) INFERIEUR N°20,46.37135,6.47241,Plein jour,En agglomération,Hors intersection,Normale,Deux véhicules - côté,4,2,0,0,1,1,1,0,1,50,2,2,1,0,0,1,71.0,11.0,voiture,deux_roues,1,2,1,1,3
202400035783,2024-07-21 08:30:00,2024,7,21,8,30,17,17408,D18,45.83617,-0.829918,Plein jour,Hors agglomération,Intersection en X,Normale,Deux véhicules - côté,3,2,2,0,1,1,1,0,1,90,2,4,2,0,2,0,30.0,81.0,voiture,voiture,1,1,2,1,3
202400035783,2024-07-21 08:30:00,2024,7,21,8,30,17,17408,D18,45.83617,-0.829918,Plein jour,Hors agglomération,Intersection en X,Normale,Deux véhicules - côté,3,2,2,0,1,1,1,0,8,90,2,4,2,0,2,0,30.0,81.0,voiture,voiture,1,1,2,1,3
202400035784,2024-04-08 16:35:00,2024,4,8,16,35,45,45073,A19 PR 40 + 700,48.034335,2.960429,Plein jour,Hors agglomération,Hors intersection,Normale,Deux véhicules - arrière,1,3,2,0,1,2,1,0,2,130,2,2,0,0,1,1,55.0,52.0,utilitaire_camion,utilitaire_camion,1,1,1,1,2
202400035785,2024-02-20 16:40:00,2024,2,20,16,40,973,97302,BADUEL (ROUTE DE),4.93706,-52.31504,Plein jour,En agglomération,Hors intersection,Normale,Sans collision,3,2, -1,0,1,1,1,0,1,50,1,1,0,0,0,1,54.0,,deux_roues,,1,2,1,1,7
202400035786,2024-07-21 22:25:00,2024,7,21,22,25,974,97412,344 Route de Jean Petit,-21.339179,55.629741,Nuit sans éclairage public,En agglomération,Hors intersection,Normale,Autre collision,3,2,2,0,2,3,1,0,3,50,1,3,2,0,1,0,23.0,,utilitaire_camion,,3,2,1,1,6
202400035787,2024-04-08 17:10:00,2024,4,8,17,10,69,69244,12 Avenue Victor Hugo,45.769282,4.787239,Plein jour,En agglomération,Hors intersection,Normale,Autre collision,6,-1,0,0,1,3,1,0,1,-1,1,2,1,0,1,0,56.0,,voiture,,1,2,1,1,6
202400035788,2024-02-18 01:45:00,2024,2,18,1,45,13,13047,RD 569,43.569,4.98755,Nuit sans éclairage public,Hors agglomération,Hors intersection,Normale,Deux véhicules - frontale,3,2,0,0,1,2,1,0,1,80,1,1,0,0,0,1,29.0,,voiture,,3,1,1,1,1
202400035789,2024-02-28 13:05:00,2024,2,28,13,5,69,69386,Rue Germain,45.76521,4.868,Plein jour,En agglomération,Intersection en X,Normale,Deux véhicules - côté,4,1,1,0,1,1,1,0,1,30,2,2,1,0,0,1,28.0,73.0,deux_roues,voiture,1,2,2,1,3
202400035789,2024-02-28 13:05:00,2024,2,28,13,5,69,69386,Rue Germain,45.76521,4.868,Plein jour,En agglomération,Intersection en X,Normale,Deux véhicules - côté,4,1,1,0,1,1,1,0,1,30,2,2,1,0,0,1,28.0,73.0,deux_roues,voiture,1,2,2,1,3
202400035790,2024-04-07 11:00:00,2024,4,7,11,0,987,98745,Tapuamu - face Pari Pari,-16.63557355,-151.49250305,Plein jour,En agglomération,Hors intersection,Normale,Deux véhicules - frontale,2,2,2,0,1,1,1,0,1,40,2,3,1,1,0,1,48.0,45.0,utilitaire_camion,deux_roues,1,2,1,1,1
202400035791,2024-02-15 07:32:00,2024,2,15,7,32,50,50473,D59,49.139895,-1.005313,Nuit sans éclairage public,En agglomération,Intersection en X,Normale,Deux véhicules - côté,3,2,2,0,2,1,2,0,1,80,2,2,1,1,0,0,28.0,19.0,voiture,deux_roues,3,2,2,1,3
202400035791,2024-02-15 07:32:00,2024,2,15,7,32,50,50473,D59,49.139895,-1.005313,Nuit sans éclairage public,En agglomération,Intersection en X,Normale,Deux véhicules - côté,3,2,2,0,1,1,2,0,1,80,2,2,1,1,0,0,28.0,19.0,voiture,deux_roues,3,2,2,1,3
202400035792,2024-02-28 10:10:00,2024,2,28,10,10,69,69388,79 Rue Marius Berliet,45.74087894,4.86290412,Plein jour,En agglomération,Hors intersection,Normale,Autre collision,4,1,1,0,1,1,1,0,1,30,1,3,1,0,0,2,43.0,,voiture,,1,2,1,1,6
202400035793,2024-05-13 17:00:00,2024,5,13,17,0,974,97416,AUGUSTIN ARCHAMBAUD(RUE),-21.32384,55.48694,Plein jour,Hors agglomération,Hors intersection,Normale,Deux véhicules - côté,2,2,3,0,1,1,1,0,1,70,2,2,1,0,0,1,35.0,28.0,deux_roues,deux_roues,1,1,1,1,3
202400035794,2024-04-08 17:20:00,2024,4,8,17,20,38,38081,D518,45.53786125,5.09100035,Plein jour,Hors agglomération,Hors intersection,Normale,Sans collision,3,2,2,0,1,1,1,0,3,80,2,2,1,0,1,0,57.0,26.0,utilitaire_camion,voiture,1,1,1,1,7
202400035795,2024-07-20 17:20:00,2024,7,20,17,20,972,97207,Chemin des violettes intersection avec la D04,14.577333,-60.964084,Plein jour,En agglomération,Intersection en T,Normale,Deux véhicules - côté,3,2,2,0,3,1,1,0,1,50,2,3,1,0,1,1,36.0,58.0,deux_roues,voiture,1,2,3,1,3
202400035795,2024-07-20 17:20:00,2024,7,20,17,20,972,97207,Chemin des violettes intersection avec la D04,14.577333,-60.964084,Plein jour,En agglomération,Intersection en T,Normale,Deux véhicules - côté,3,-1, -1,-1,1,1,1,0,1,-1,2,3,1,0,1,1,36.0,58.0,deux_roues,voiture,1,2,3,1,3
202400035796,2024-02-28 08:10:00,2024,2,28,8,10,69,69383,Cours Lafayette,45.76365,4.86149,Plein jour,En agglomération,Hors intersection,Normale,Deux véhicules - frontale,4,1,2,2,1,1,1,0,1,50,2,2,1,0,0,1,35.0,44.0,voiture,deux_roues,1,2,1,1,1
202400035797,2024-07-20 07:15:00,2024,7,20,7,15,972,97232,D5,14.542047,-60.864751,Plein jour,Hors agglomération,Hors intersection,Normale,Deux véhicules - frontale,3,2,2,0,2,3,1,0,1,-1,2,2,1,0,0,1,23.0,34.0,voiture,voiture,1,1,1,1,1