accident_id,datetime,annee,mois,jour,heure,minute,departement,commune_insee,adresse,latitude,longitude,luminosite,agglomeration,intersection,meteo,collision,catr,circ,nbv,vosp,prof,plan,surf,infra,situ,vma,nb_vehicules,nb_usagers,nb_indemnes,nb_tues,nb_blesses_hosp,nb_blesses_legers,age_cond_1,age_cond_2,veh_type_cond_1,veh_type_cond_2,lum_code,agg_code,int_code,atm_code,col_code
202400035957,2024-08-28 16:15:00,2024,8,28,16,15,75,75111,BOULEVARD RICHARD LENOIR,48.866326,2.368937,Plein jour,En agglomération,Intersection en X,Normale,Deux véhicules - côté,4,1,1,1,1,1,1,0,1,30,2,2,1,0,0,1,64.0,,deux_roues,utilitaire_camion,1,2,2,1,3
202400035958,2024-07-20 22:00:00,2024,7,20,22,0,92,92050,A14,48.90003871,2.21071229,Nuit avec éclairage allumé,Hors agglomération,Hors intersection,Normale,Deux véhicules - côté,1,1,2,0,1,1,1,1,1,70,2,2,0,0,0,2,22.0,20.0,deux_roues,deux_roues,5,1,1,1,3
202400035959,2024-08-28 19:50:00,2024,8,28,19,50,75,75103,BOULEVARD SAINT MARTIN,48.86869,2.357486,Plein jour,En agglomération,Hors intersection,Normale,Deux véhicules - côté,4,2,3,2,1,1,1,0,1,30,2,2,1,0,0,1,,31.0,voiture,deux_roues,1,2,1,1,3
202400035960,2024-07-19 21:50:00,2024,7,19,21,50,78,78217,A13,48.96535,1.80899,Nuit sans éclairage public,Hors agglomération,Hors intersection,Normale,Autre collision,1,1,3,0,1,1,1,3,1,70,1,2,0,0,0,2,19.0,,voiture,,3,1,1,1,6
202400035961,2024-08-28 15:40:00,2024,8,28,15,40,75,75110,PLACE DU COLONEL FABIEN,48.877724,2.370094,Plein jour,En agglomération,Place,Normale,Deux véhicules - côté,4,1, -1,0,1,2,1,9,1,30,2,2,1,0,0,1,40.0,44.0,voiture,deux_roues,1,2,7,1,3
202400035962,2024-07-21 20:00:00,2024,7,21,20,0,95,95641,A1,49.06499621,2.55266941,Plein jour,Hors agglomération,Hors intersection,Normale,Autre collision,1,3,3,0,2,1,1,0,1,130,1,2,0,0,0,2,22.0,,voiture,,1,1,1,1,6
202400035963,2024-08-28 13:10:00,2024,8,28,13,10,75,75108,RUE DE LA PEPINIERE,48.8752,2.32389,Plein jour,En agglomération,Intersection en X,Normale,Deux véhicules - frontale,4,1, -1,-1,1,1,1,0,1,30,2,2,1,0,0,1,23.0,29.0,utilitaire_camion,deux_roues,1,2,2,1,1
202400035963,2024-08-28 13:10:00,2024,8,28,13,10,75,75108,RUE DE LA PEPINIERE,48.8752,2.32389,Plein jour,En agglomération,Intersection en X,Normale,Deux véhicules - frontale,4,1,3,3,1,1,1,0,1,30,2,2,1,0,0,1,23.0,29.0,utilitaire_camion,deux_roues,1,2,2,1,1
202400035964,2024-07-21 14:00:00,2024,7,21,14,0,93,93013,AUTOROUTE A1,48.94050977,2.42392812,Plein jour,Hors agglomération,Hors intersection,Pluie légère,Trois véhicules et plus - en chaîne,1,3,4,0,1,1,2,0,1,90,3,3,2,0,0,1,37.0,63.0,voiture,voiture,1,1,1,2,4
202400035965,2024-08-28 04:05:00,2024,8,28,4,5,75,75104,PLACE DE LA BASTILLE,48.852982,2.36862,Nuit avec éclairage allumé,En agglomération,Place,Normale,Deux véhicules - côté,4,2,3,1,1,1,1,0,1,30,2,2,1,0,0,1,67.0,24.0,voiture,voiture,5,2,7,1,3
202400035966,2024-07-21 12:30:00,2024,7,21,12,30,93,93005,AUTOROUTE A3,48.95598293,2.47342937,Plein jour,Hors agglomération,Hors intersection,Normale,Sans collision,1,1,8,0,1,1,1,0,1,90,1,1,0,0,0,1,25.0,,voiture,,1,1,1,1,7
202400035967,2024-08-27 15:50:00,2024,8,27,15,50,94,94081,Avenue du Colonel Fabien,48.781473,2.381971,Plein jour,En agglomération,Hors intersection,Normale,Deux véhicules - côté,4,2,2,0,1,1,1,0,1,50,2,2,0,0,0,2,47.0,17.0,deux_roues,deux_roues,1,2,1,1,3
202400035968,2024-07-21 10:40:00,2024,7,21,10,40,93,93066,AUTOROUTE A1,48.91030991,2.35797606,Plein jour,Hors agglomération,Hors intersection,Normale,Deux véhicules - arrière,1,3,4,0,1,1,1,1,1,90,2,3,2,0,0,1,45.0,24.0,utilitaire_camion,voiture,1,1,1,1,2
202400035969,2024-07-21 07:05:00,2024,7,21,7,5,95,95582,A115,48.97595969,2.24215631,Plein jour,Hors agglomération,Hors intersection,Normale,Autre collision,1,3,4,0,1,3,2,0,1,90,1,1,0,0,0,1,21.0,,voiture,,1,1,1,1,6
202400035970,2024-08-28 19:30:00,2024,8,28,19,30,94,94041,Avenue Georges Gosnat,48.81506215,2.39148726,Plein jour,En agglomération,Hors intersection,Normale,Deux véhicules - frontale,3,-1, -1,1,2,1,1,2,5,50,2,2,1,0,0,1,13.0,50.0,deux_roues,deux_roues,1,2,1,1,1
202400035971,2024-08-28 10:00:00,2024,8,28,10,0,94,94065,N186B,48.75384,2.36577,Plein jour,Hors agglomération,Hors intersection,Normale,Deux véhicules - arrière,2,3,2,0,1,1,1,0,1,70,2,2,1,0,0,1,37.0,23.0,voiture,voiture,1,1,1,1,2
202400035972,2024-07-20 23:20:00,2024,7,20,23,20,93,93066,AUTOROUTE A1,48.93395618,2.38339584,Nuit avec éclairage non allumé,Hors agglomération,Hors intersection,Normale,Deux véhicules - arrière,1,3,5,0,1,1,1,0,1,90,2,3,2,0,0,1,21.0,20.0,voiture,voiture,4,1,1,1,2
202400035973,2024-08-27 13:25:00,2024,8,27,13,25,94,94017,Rue Diderot,48.81364743,2.48565745,Plein jour,En agglomération,Hors intersection,Normale,Deux véhicules - arrière,4,1,1,0,1,1,1,0,1,30,2,2,1,0,0,1,29.0,31.0,voiture,utilitaire_camion,1,2,1,1,2
202400035974,2024-07-20 17:10:00,2024,7,20,17,10,93,93013,AUTOROUTE A1,48.94076741,2.42507543,Plein jour,Hors agglomération,Hors intersection,Normale,Deux véhicules - arrière,1,3,8,0,1,1,1,0,1,90,2,3,2,0,0,1,50.0,41.0,voiture,voiture,1,1,1,1,2
202400035975,2024-08-28 20:10:00,2024,8,28,20,10,94,94004,Allée des F.f.i.,48.75448,2.50612,Plein jour,En agglomération,Intersection en T,Normale,Deux véhicules - côté,3,1,1,0,2,2,1,0,1,50,2,2,1,0,0,1,41.0,24.0,voiture,voiture,1,2,3,1,3
202400035975,2024-08-28 20:10:00,2024,8,28,20,10,94,94004,Allée des F.f.i.,48.75448,2.50612,Plein jour,En agglomération,Intersection en T,Normale,Deux véhicules - côté,3,-1,1,0,2,1,1,0,1,50,2,2,1,0,0,1,41.0,24.0,voiture,voiture,1,2,3,1,3
202400035976,2024-07-20 13:35:00,2024,7,20,13,35,95,95018,A15,48.95921809,2.27331352,Plein jour,Hors agglomération,Hors intersection,Normale,Deux véhicules - côté,1,3,4,0,1,1,1,0,1,90,2,4,1,0,0,3,26.0,40.0,voiture,voiture,1,1,1,1,3
202400035977,2024-08-28 06:30:00,2024,8,28,6,30,94,94011,Avenue de Boissy,48.763959,2.493239,Crépuscule ou aube,En agglomération,Intersection en T,Normale,Deux véhicules - côté,3,3,2,0,1,1,1,0,1,50,2,2,1,0,0,1,24.0,31.0,voiture,voiture,2,2,3,1,3
202400035977,2024-08-28 06:30:00,2024,8,28,6,30,94,94011,Avenue de Boissy,48.763959,2.493239,Crépuscule ou aube,En agglomération,Intersection en T,Normale,Deux véhicules - côté,3,2,2,0,1,1,1,0,1,50,2,2,1,0,0,1,24.0,31.0,voiture,voiture,2,2,3,1,3
202400035978,2024-07-19 18:00:00,2024,7,19,18,0,93,93066,AUTOROUTE A1,48.93382508,2.38399565,Plein jour,Hors agglomération,Hors intersection,Normale,Trois véhicules et plus - en chaîne,1,3,6,0,1,1,1,0,1,90,3,3,2,0,0,1,29.0,20.0,voiture,voiture,1,1,1,1,4
202400035979,2024-08-28 18:11:00,2024,8,28,18,11,93,93066,Rue Charles Baudelaire,48.9416422,2.35800551,Plein jour,En agglomération,Hors intersection,Normale,Deux véhicules - arrière,4,2,2,0,1,1,1,0,1,50,2,2,1,0,0,1,24.0,25.0,voiture,deux_roues,1,2,1,1,2
202400035980,2024-07-21 01:30:00,2024,7,21,1,30,77,77249,RN104,48.753753,2.614867,Nuit sans éclairage public,Hors agglomération,Hors intersection,Pluie légère,Deux véhicules - arrière,1,-1,2,0,1,1,2,0,1,90,2,3,2,0,0,1,33.0,20.0,voiture,voiture,3,1,1,2,2
202400035981,2024-08-27 16:40:00,2024,8,27,16,40,93,93064,Avenue du Général de Gaulle / Boulevard Gabriel Péri,48.87744026,2.47991946,Plein jour,En agglomération,Autre intersection,Temps éblouissant,Deux véhicules - côté,3,2,4,0,1,1,1,9,1,50,2,2,1,0,0,1,33.0,45.0,voiture,voiture,1,2,9,7,3
202400035981,2024-08-27 16:40:00,2024,8,27,16,40,93,93064,Avenue du Général de Gaulle / Boulevard Gabriel Péri,48.87744026,2.47991946,Plein jour,En agglomération,Autre intersection,Temps éblouissant,Deux véhicules - côté,3,3,4,0,1,1,1,0,1,-1,2,2,1,0,0,1,33.0,45.0,voiture,voiture,1,2,9,7,3
202400035982,2024-07-20 20:20:00,2024,7,20,20,20,94,94069,A4,48.81650485,2.45252483,Plein jour,Hors agglomération,Hors intersection,Normale,Sans collision,1,3,4,0,1,1,1,0,1,90,1,1,0,0,0,1,36.0,,deux_roues,,1,1,1,1,7
202400035983,2024-07-19 16:20:00,2024,7,19,16,20,77,77258,A4.W,48.831701,2.645724,Plein jour,Hors agglomération,Hors intersection,Normale,Deux véhicules - arrière,1,-1,4,0,1,1,1,0,1,90,2,2,1,0,0,1,38.0,25.0,utilitaire_camion,deux_roues,1,1,1,1,2
202400035984,2024-08-28 13:40:00,2024,8,28,13,40,93,93027,Impasse Bloch Praeger / Avenue Paul Vaillant-Couturier,48.92723174,2.41740704,Plein jour,En agglomération,Intersection en T,Normale,Deux véhicules - côté,3,2,4,1,1,1,1,0,1,50,2,2,1,0,0,1,33.0,46.0,utilitaire_camion,voiture,1,2,3,1,3
202400035984,2024-08-28 13:40:00,2024,8,28,13,40,93,93027,Impasse Bloch Praeger / Avenue Paul Vaillant-Couturier,48.92723174,2.41740704,Plein jour,En agglomération,Intersection en T,Normale,Deux véhicules - côté,3,2,3,0,1,1,1,0,1,50,2,2,1,0,0,1,33.0,46.0,utilitaire_camion,voiture,1,2,3,1,3
202400035985,2024-08-27 14:45:00,2024,8,27,14,45,92,92022,HUIT-BOUTEILLES (ROUTE DES),48.80441,2.1889,Plein jour,En agglomération,Hors intersection,Normale,Autre collision,4,2,2,0,2,1,1,0,1,30,1,2,1,0,0,1,31.0,,utilitaire_camion,,1,2,1,1,6
202400035986,2024-04-19 07:44:00,2024,4,19,7,44,45,45291,D940 PR 16 + 116,47.674404,2.637105,Plein jour,Hors agglomération,Hors intersection,Normale,Deux véhicules - frontale,3,2,2,0,1,1,1,0,1,90,2,2,1,0,1,0,38.0,31.0,voiture,utilitaire_camion,1,1,1,1,1
202400035987,2024-08-28 18:50:00,2024,8,28,18,50,92,92050,SADI CARNOT RUE,48.88742206,2.20717818,Plein jour,En agglomération,Hors intersection,Normale,Autre collision,4,2,2,0,1,1,1,0,1,50,1,2,1,0,0,1,,,deux_roues,,1,2,1,1,6
202400035988,2024-05-20 15:45:00,2024,5,20,15,45,74,74256,Route de megève,45.932091,6.63065,Plein jour,Hors agglomération,Hors intersection,Normale,Sans collision,3,2,2,0,2,2,1,0,1,80,1,1,0,0,1,0,26.0,,deux_roues,,1,1,1,1,7
202400035989,2024-08-28 08:55:00,2024,8,28,8,55,92,92049,PERI RUE GABRIEL N°37 A 99,48.81893239,2.31694901,Plein jour,En agglomération,Hors intersection,Normale,Deux véhicules - côté,3,2,0,0,1,1,1,0,1,50,2,2,1,0,0,1,28.0,60.0,utilitaire_camion,deux_roues,1,2,1,1,3
202400035990,2024-05-19 22:10:00,2024,5,19,22,10,74,74256,Route de megève,45.922573,6.635544,Nuit sans éclairage public,Hors agglomération,Hors intersection,Pluie forte,Trois véhicules et plus - collisions multiples,3,2,2,0,2,3,2,0,1,80,3,3,2,0,0,1,30.0,29.0,utilitaire_camion,voiture,3,1,1,3,5
202400035991,2024-08-28 09:30:00,2024,8,28,9,30,92,92040,PDT ROOSEVELT (QUAI DU),48.83244544,2.26319768,Plein jour,En agglomération,Hors intersection,Normale,Autre collision,3,2,4,0,1,1,1,0,1,50,1,2,1,0,0,1,22.0,,voiture,,1,2,1,1,6
202400035992,2024-05-18 13:00:00,2024,5,18,13,0,74,74298,LIVRON (ROUTE DE),46.19047,6.25112,Plein jour,En agglomération,Hors intersection,Normale,Deux véhicules - arrière,4,2,2,0,1,1,1,0,1,50,2,2,1,0,0,1,31.0,,voiture,voiture,1,2,1,1,2
202400035993,2024-08-27 23:00:00,2024,8,27,23,0,92,92036,GRESILLONS (QUAI DES),48.92063164,2.32429314,Nuit avec éclairage allumé,En agglomération,Hors intersection,Normale,Autre collision,3,3,4,0,2,1,1,1,1,50,1,2,1,0,0,1,48.0,,voiture,,5,2,1,1,6
202400035994,2024-05-18 11:15:00,2024,5,18,11,15,74,74305,DEUX MONTAGNES AU QUEBEC (RUE),46.20699,6.2795,Plein jour,En agglomération,Autre intersection,Normale,Deux véhicules - côté,4,2,1,0,1,1,1,0,1,50,2,3,2,0,0,1,49.0,26.0,voiture,voiture,1,2,9,1,3
202400035995,2024-08-28 23:00:00,2024,8,28,23,0,92,92025,GABRIEL PERI (RUE),48.91453024,2.22917694,Nuit avec éclairage allumé,En agglomération,Intersection en X,Normale,Deux véhicules - côté,3,2,0,0,1,1,1,0,1,50,2,2,1,0,0,1,37.0,18.0,voiture,deux_roues,5,2,2,1,3
202400035995,2024-08-28 23:00:00,2024,8,28,23,0,92,92025,GABRIEL PERI (RUE),48.91453024,2.22917694,Nuit avec éclairage allumé,En agglomération,Intersection en X,Normale,Deux véhicules - côté,3,2,0,0,1,1,1,0,1,30,2,2,1,0,0,1,37.0,18.0,voiture,deux_roues,5,2,2,1,3
202400035996,2024-05-17 18:00:00,2024,5,17,18,0,74,74012,FERRY (AVENUE JULES),46.19309,6.2375,Plein jour,En agglomération,Autre intersection,Normale,Deux véhicules - côté,4,2,2,1,1,1,1,0,5,50,2,3,2,0,0,1,69.0,42.0,voiture,deux_roues,1,2,9,1,3
202400035997,2024-08-28 17:40:00,2024,8,28,17,40,68,68315,47 Route de Guebwiller,47.892809,7.225893,Plein jour,En agglomération,Intersection en Y,Normale,Deux véhicules - arrière,3,2,2,0,1,1,1,0,1,50,2,2,1,0,1,0,66.0,59.0,voiture,deux_roues,1,2,4,1,2
202400035997,2024-08-28 17:40:00,2024,8,28,17,40,68,68315,47 Route de Guebwiller,47.892809,7.225893,Plein jour,En agglomération,Intersection en Y,Normale,Deux véhicules - arrière,3,2,2,-1,1,1,1,0,1,-1,2,2,1,0,1,0,66.0,59.0,voiture,deux_roues,1,2,4,1,2
202400035998,2024-05-17 16:20:00,2024,5,17,16,20,74,74267,2521 Route d'albertville,45.86128,6.141567,Plein jour,En agglomération,Hors intersection,Normale,Deux véhicules - arrière,3,2,2,0,1,1,1,0,1,-1,2,2,1,0,0,1,80.0,40.0,voiture,deux_roues,1,2,1,1,2
202400035999,2024-08-28 22:15:00,2024,8,28,22,15,30,30209,,44.012231,4.750278,Nuit sans éclairage public,Hors agglomération,Hors intersection,Normale,Sans collision,3,2,2,0,1,1,1,0,3,80,1,4,0,0,2,2,42.0,,voiture,,3,1,1,1,7
202400036000,2024-05-14 09:15:00,2024,5,14,9,15,74,74275,D909a,45.80514,6.231823,Plein jour,Hors agglomération,Hors intersection,Normale,Deux véhicules - frontale,3,2,2,0,1,3,1,0,1,70,2,2,1,0,0,1,35.0,37.0,utilitaire_camion,utilitaire_camion,1,1,1,1,1
202400036001,2024-08-29 18:55:00,2024,8,29,18,55,51,51210,Rue de Cumieres,49.065712,3.96365,Plein jour,En agglomération,Hors intersection,Normale,Sans collision,4,2,2,0,2,1,1,0,1,50,1,1,0,0,0,1,38.0,,deux_roues,,1,2,1,1,7
202400036002,2024-05-11 23:05:00,2024,5,11,23,5,74,74104,,45.773188,6.239097,Nuit sans éclairage public,Hors agglomération,Hors intersection,Normale,Deux véhicules - côté,3,2,2,0,1,1,1,0,1,80,2,3,1,0,0,2,23.0,21.0,utilitaire_camion,voiture,3,1,1,1,3
202400036003,2024-08-28 10:20:00,2024,8,28,10,20,76,76755,Route de Fecamp,49.694172,0.533499,Plein jour,En agglomération,Hors intersection,Normale,Autre collision,3,3,2,0,1,1,9,0,1,50,1,2,1,0,1,0,22.0,,voiture,,1,2,1,1,6
202400036004,2024-05-11 15:35:00,2024,5,11,15,35,74,74032,Route de Thonon,46.266124,6.536989,Plein jour,Hors agglomération,Intersection en Y,Normale,Deux véhicules - arrière,3,2,2,0,2,1,1,0,1,80,2,3,1,0,0,2,22.0,66.0,deux_roues,utilitaire_camion,1,1,4,1,2
202400036004,2024-05-11 15:35:00,2024,5,11,15,35,74,74032,Route de Thonon,46.266124,6.536989,Plein jour,Hors agglomération,Intersection en Y,Normale,Deux véhicules - arrière,3,2, -1,-1,2,1,1,0,1,-1,2,3,1,0,0,2,22.0,66.0,deux_roues,utilitaire_camion,1,1,4,1,2
202400036005,2024-08-28 14:25:00,2024,8,28,14,25,76,76648,D1029,49.658294,1.256111,Plein jour,Hors agglomération,Hors intersection,Normale,Sans collision,3,2,2,0,1,1,1,0,3,80,1,5,4,1,0,0,61.0,,voiture,,1,1,1,1,7
202400036006,2024-08-29 16:10:00,2024,8,29,16,10,76,76152,D6,49.584403,1.222326,Plein jour,Hors agglomération,Hors intersection,Normale,Sans collision,3,2,2,0,2,1,1,0,1,-1,1,1,0,0,1,0,68.0,,deux_roues,,1,1,1,1,7
202400036007,2024-05-11 14:27:00,2024,5,11,14,27,74,74233,,45.808783,5.982994,Plein jour,Hors agglomération,Autre intersection,Normale,Deux véhicules - côté,3,2,2,0,1,1,1,0,1,80,2,3,1,0,1,1,52.0,34.0,voiture,deux_roues,1,1,9,1,3
202400036008,2024-08-27 14:20:00,2024,8,27,14,20,65,65025,34 Avenue des Pyrénées,43.005416,-0.098727,Plein jour,En agglomération,Hors intersection,Normale,Deux véhicules - arrière,3,2,2,0,1,1,1,0,1,50,2,3,2,0,1,0,20.0,76.0,voiture,deux_roues,1,2,1,1,2
202400036009,2024-08-28 21:30:00,2024,8,28,21,30,71,71014,Rte de la Chicolle et de Montjeu,46.932164,4.296824,Nuit sans éclairage public,Hors agglomération,Hors intersection,Normale,Autre collision,3,2,2,0,2,1,1,0,1,80,1,1,0,1,0,0,27.0,,deux_roues,,3,1,1,1,6
202400036010,2024-07-20 00:08:00,2024,7,20,0,8,92,92025,CHARLES DE GAULLE (BD),48.91183993,2.23269403,Nuit avec éclairage allumé,En agglomération,Intersection en X,Normale,Deux véhicules - côté,3,1,1,0,1,1,1,0,1,30,2,3,2,0,0,1,38.0,31.0,deux_roues,voiture,5,2,2,1,3
202400036010,2024-07-20 00:08:00,2024,7,20,0,8,92,92025,CHARLES DE GAULLE (BD),48.91183993,2.23269403,Nuit avec éclairage allumé,En agglomération,Intersection en X,Normale,Deux véhicules - côté,3,1,2,0,1,1,1,0,1,30,2,3,2,0,0,1,38.0,31.0,deux_roues,voiture,5,2,2,1,3
202400036011,2024-07-19 17:29:00,2024,7,19,17,29,92,92073,RATRAIT (RUE DU),48.87647285,2.23077877,Plein jour,En agglomération,Hors intersection,Normale,Autre collision,4,2,0,0,3,1,1,0,1,50,2,2,1,0,0,1,57.0,53.0,voiture,deux_roues,1,2,1,1,6
202400036012,2024-08-13 17:00:00,2024,8,13,17,0,22,22166,Bugueles,48.837177,-3.278246,Plein jour,En agglomération,Hors intersection,Normale,Sans collision,4,2,2,0,2,3,1,0,1,50,1,1,0,1,0,0,36.0,,deux_roues,,1,2,1,1,7
202400036013,2024-08-27 07:30:00,2024,8,27,7,30,22,22004,rue Gwenn,48.634281,-3.318405,Plein jour,En agglomération,Hors intersection,Normale,Autre collision,3,2,2,0,1,2,1,0,3,-1,1,1,0,0,1,0,26.0,,deux_roues,,1,2,1,1,6
202400036014,2024-07-11 23:17:00,2024,7,11,23,17,44,44190,Rue Pierre Bérégovoy,47.20579174,-1.49718243,Nuit avec éclairage allumé,En agglomération,Giratoire,Temps couvert,Autre collision,4,2,2,1,1,2,1,-1,4,50,1,1,0,0,0,1,48.0,,voiture,,5,2,6,8,6
202400036015,2024-08-28 21:00:00,2024,8,28,21,0,39,39576,,46.605111,5.478562,Nuit sans éclairage public,Hors agglomération,Hors intersection,Normale,Sans collision,4,2,2,0,1,3,1,0,3,80,1,2,0,0,2,0,18.0,,deux_roues,,3,1,1,1,7
202400036016,2024-07-20 03:10:00,2024,7,20,3,10,974,97411,JAURES (BLD 1 JEAN),-20.89367,55.4703,Nuit avec éclairage allumé,En agglomération,Hors intersection,Normale,Sans collision,2,3,3,0,1,1,1,0,8,50,1,2,0,0,0,2,19.0,,voiture,,5,2,1,1,7
202400036017,2024-07-20 01:35:00,2024,7,20,1,35,973,97302,PETIT MONACO (ROND-POINT),4.94126714,-52.32130641,Nuit avec éclairage allumé,En agglomération,Giratoire,Normale,Sans collision,3,2,2,0,1,1,1,0,4,50,2,2,1,0,0,1,24.0,,voiture,voiture,5,2,6,1,7
202400036018,2024-08-28 18:25:00,2024,8,28,18,25,29,29037,D44,47.88434837,-4.15675775,Plein jour,En agglomération,Giratoire,Normale,Deux véhicules - côté,3,1,2,0,1,1,1,0,1,50,2,2,1,0,0,1,63.0,63.0,deux_roues,voiture,1,2,6,1,3
202400036018,2024-08-28 18:25:00,2024,8,28,18,25,29,29037,D44,47.88434837,-4.15675775,Plein jour,En agglomération,Giratoire,Normale,Deux véhicules - côté,3,1,2,0,1,1,1,0,1,50,2,2,1,0,0,1,63.0,63.0,deux_roues,voiture,1,2,6,1,3
202400036019,2024-07-20 12:20:00,2024,7,20,12,20,971,97113,SECTEUR DAMPIERRE,16.20452,-61.47146,Plein jour,Hors agglomération,Hors intersection,Normale,Autre collision,3,2,2,0,2,1,1,0,3,50,1,1,0,0,0,1,51.0,,voiture,,1,1,1,1,6
202400036020,2024-08-27 14:50:00,2024,8,27,14,50,31,31145,D820,43.289889,1.536627,Plein jour,Hors agglomération,Hors intersection,Normale,Deux véhicules - arrière,3,2,2,0,1,1,1,0,1,80,2,2,1,0,1,0,68.0,25.0,deux_roues,voiture,1,1,1,1,2
202400036021,2024-07-20 20:00:00,2024,7,20,20,0,2A,2A004,GEORGES POMPIDOU AVENUE,41.91917,8.73693,Plein jour,En agglomération,Intersection en T,Normale,Deux véhicules - côté,4,3,2,0,1,1,1,0,1,50,2,4,3,0,0,1,59.0,41.0,voiture,voiture,1,2,3,1,3
202400036021,2024-07-20 20:00:00,2024,7,20,20,0,2A,2A004,GEORGES POMPIDOU AVENUE,41.91917,8.73693,Plein jour,En agglomération,Intersection en T,Normale,Deux véhicules - côté,4,2,2,0,1,2,1,0,1,50,2,4,3,0,0,1,59.0,41.0,voiture,voiture,1,2,3,1,3
202400036022,2024-07-20 13:30:00,2024,7,20,13,30,95,95585,D209,48.98614,2.38872,Plein jour,En agglomération,Hors intersection,Normale,Deux véhicules - arrière,3,2,2,0,2,1,1,0,1,50,2,3,2,0,0,1,50.0,,voiture,autre,1,2,1,1,2
202400036023,2024-08-28 12:30:00,2024,8,28,12,30,02,02073,pk95+895,49.394888,3.903993,Plein jour,En agglomération,Hors intersection,Normale,Deux véhicules - côté,3,2,2,0,1,1,1,0,1,-1,2,6,4,0,0,2,31.0,77.0,voiture,voiture,1,2,1,1,3
202400036024,2024-08-25 23:40:00,2024,8,25,23,40,72,72234,D5,48.19305776,-0.01667588,Nuit sans éclairage public,Hors agglomération,Hors intersection,Normale,Autre collision,3,2,2,0,1,2,1,0,1,80,2,3,0,0,2,1,71.0,37.0,voiture,voiture,3,1,1,1,6
202400036025,2024-07-19 22:00:00,2024,7,19,22,0,95,95539,D125,48.99148634,2.36058728,Nuit avec éclairage allumé,En agglomération,Intersection en X,Normale,Deux véhicules - côté,3,3,5,0,1,1,1,0,1,50,2,2,1,0,0,1,25.0,21.0,utilitaire_camion,deux_roues,5,2,2,1,3
202400036025,2024-07-19 22:00:00,2024,7,19,22,0,95,95539,D125,48.99148634,2.36058728,Nuit avec éclairage allumé,En agglomération,Intersection en X,Normale,Deux véhicules - côté,3,3,4,0,1,1,1,0,1,50,2,2,1,0,0,1,25.0,21.0,utilitaire_camion,deux_roues,5,2,2,1,3
202400036026,2024-08-28 15:45:00,2024,8,28,15,45,14,14318,Route d'Arromanches,49.337122,-0.478115,Plein jour,En agglomération,Intersection en X,Normale,Autre collision,3,2,2,0,1,1,1,0,1,50,1,1,0,0,1,0,62.0,,deux_roues,,1,2,2,1,6
202400036026,2024-08-28 15:45:00,2024,8,28,15,45,14,14318,Route d'Arromanches,49.337122,-0.478115,Plein jour,En agglomération,Intersection en X,Normale,Autre collision,3,2,2,0,1,1,1,0,1,50,1,1,0,0,1,0,62.0,,deux_roues,,1,2,2,1,6
202400036027,2024-07-20 02:30:00,2024,7,20,2,30,95,95252,D403,48.98429,2.23661,Nuit sans éclairage public,En agglomération,Giratoire,Normale,Autre collision,3,1,0,0,1,4,1,0,1,30,1,2,1,0,0,1,24.0,,voiture,,3,2,6,1,6
202400036028,2024-08-29 16:00:00,2024,8,29,16,0,05,05124,Route de Briançon,44.57771,6.132474,Plein jour,Hors agglomération,Intersection en T,Normale,Deux véhicules - côté,2,2,2,0,1,1,1,0,3,80,2,2,1,0,1,0,48.0,39.0,deux_roues,utilitaire_camion,1,1,3,1,3
202400036028,2024-08-29 16:00:00,2024,8,29,16,0,05,05124,Route de Briançon,44.57771,6.132474,Plein jour,Hors agglomération,Intersection en T,Normale,Deux véhicules - côté,2,2,2,0,1,2,1,0,1,80,2,2,1,0,1,0,48.0,39.0,deux_roues,utilitaire_camion,1,1,3,1,3
202400036029,2024-07-19 18:50:00,2024,7,19,18,50,85,85194,Avenue rené coty,46.4915,-1.75679,Plein jour,En agglomération,Intersection en X,Temps éblouissant,Deux véhicules - frontale,4,2,2,0,1,1,1,0,1,50,2,2,1,0,0,1,66.0,69.0,deux_roues,voiture,1,2,2,7,1
202400036029,2024-07-19 18:50:00,2024,7,19,18,50,85,85194,Avenue rené coty,46.4915,-1.75679,Plein jour,En agglomération,Intersection en X,Temps éblouissant,Deux véhicules - frontale,4,2,2,1,1,1,1,0,1,50,2,2,1,0,0,1,66.0,69.0,deux_roues,voiture,1,2,2,7,1
202400036030,2024-08-28 17:51:00,2024,8,28,17,51,05,05054,20 Route de Gap,44.670858,6.07618,Plein jour,Hors agglomération,Hors intersection,Normale,Deux véhicules - côté,2,2,2,0,1,1,1,0,1,80,2,2,1,0,1,0,52.0,51.0,voiture,deux_roues,1,1,1,1,3
202400036031,2024-04-03 14:35:00,2024,4,3,14,35,45,45224,D5 PR 30 + 766,48.070036,2.068056,Plein jour,En agglomération,Giratoire,Normale,Deux véhicules - frontale,3,2,2,0,1,3,1,0,1,-1,2,2,1,0,0,1,56.0,29.0,utilitaire_camion,voiture,1,2,6,1,1
202400036032,2024-07-20 19:25:00,2024,7,20,19,25,84,84087,ALLEMAGNE (RUE D'),44.11871,4.83747,Plein jour,Hors agglomération,Giratoire,Normale,Deux véhicules - côté,4,1,2,0,1,2,1,0,1,30,2,3,1,0,0,2,59.0,47.0,deux_roues,voiture,1,1,6,1,3