accident_id,datetime,annee,mois,jour,heure,minute,departement,commune_insee,adresse,latitude,longitude,luminosite,agglomeration,intersection,meteo,collision,catr,circ,nbv,vosp,prof,plan,surf,infra,situ,vma,nb_vehicules,nb_usagers,nb_indemnes,nb_tues,nb_blesses_hosp,nb_blesses_legers,age_cond_1,age_cond_2,veh_type_cond_1,veh_type_cond_2,lum_code,agg_code,int_code,atm_code,col_code
202400036032,2024-07-20 19:25:00,2024,7,20,19,25,84,84087,ALLEMAGNE (RUE D'),44.11871,4.83747,Plein jour,Hors agglomération,Giratoire,Normale,Deux véhicules - côté,4,1,2,0,1,1,1,0,1,50,2,3,1,0,0,2,59.0,47.0,deux_roues,voiture,1,1,6,1,3
202400036033,2024-07-20 09:50:00,2024,7,20,9,50,83,83137,MARCEAU (AVE),43.12637,5.95149,Plein jour,En agglomération,Intersection en Y,Normale,Deux véhicules - frontale,4,1,1,0,1,1,1,0,1,50,2,2,1,0,0,1,26.0,28.0,deux_roues,voiture,1,2,4,1,1
202400036033,2024-07-20 09:50:00,2024,7,20,9,50,83,83137,MARCEAU (AVE),43.12637,5.95149,Plein jour,En agglomération,Intersection en Y,Normale,Deux véhicules - frontale,4,1,1,0,1,2,1,0,1,50,2,2,1,0,0,1,26.0,28.0,deux_roues,voiture,1,2,4,1,1
202400036034,2024-08-29 12:25:00,2024,8,29,12,25,73,73240,D20 Route des plattières,45.482224,6.066352,Plein jour,En agglomération,Intersection en Y,Normale,Deux véhicules - côté,3,2,2,0,4,3,1,0,1,50,2,2,1,0,1,0,62.0,52.0,utilitaire_camion,deux_roues,1,2,4,1,3
202400036034,2024-08-29 12:25:00,2024,8,29,12,25,73,73240,D20 Route des plattières,45.482224,6.066352,Plein jour,En agglomération,Intersection en Y,Normale,Deux véhicules - côté,3,2,2,0,1,1,1,0,1,-1,2,2,1,0,1,0,62.0,52.0,utilitaire_camion,deux_roues,1,2,4,1,3
202400036035,2024-07-19 09:00:00,2024,7,19,9,0,82,82121,route de bordeaux,44.05028221,1.29654157,Plein jour,En agglomération,Hors intersection,Normale,Deux véhicules - frontale,3,2,2,0,1,1,2,0,1,80,2,2,0,1,1,0,29.0,63.0,voiture,utilitaire_camion,1,2,1,1,1
202400036036,2024-08-29 16:21:00,2024,8,29,16,21,73,73164,D913 Parking de Crolles,45.68052,5.997967,Plein jour,Hors agglomération,Intersection en T,Normale,Deux véhicules - côté,3,2,2,0,2,1,1,0,1,70,2,2,1,1,0,0,28.0,36.0,voiture,deux_roues,1,1,3,1,3
202400036036,2024-08-29 16:21:00,2024,8,29,16,21,73,73164,D913 Parking de Crolles,45.68052,5.997967,Plein jour,Hors agglomération,Intersection en T,Normale,Deux véhicules - côté,3,-1, -1,0,1,1,1,0,1,-1,2,2,1,1,0,0,28.0,36.0,voiture,deux_roues,1,1,3,1,3
202400036037,2024-08-28 17:30:00,2024,8,28,17,30,10,10351,D442,48.430176,3.682051,Plein jour,Hors agglomération,Hors intersection,Normale,Deux véhicules - frontale,3,2,2,0,2,2,1,0,1,80,2,3,0,1,2,0,31.0,36.0,voiture,voiture,1,1,1,1,1
202400036038,2024-07-20 22:00:00,2024,7,20,22,0,78,78498,GARE ROUTIERE,48.93313,2.03883,Nuit avec éclairage allumé,En agglomération,Intersection en Y,Normale,Deux véhicules - côté,3,1,1,0,1,3,1,0,1,30,2,2,1,0,0,1,50.0,21.0,voiture,deux_roues,5,2,4,1,3
202400036038,2024-07-20 22:00:00,2024,7,20,22,0,78,78498,GARE ROUTIERE,48.93313,2.03883,Nuit avec éclairage allumé,En agglomération,Intersection en Y,Normale,Deux véhicules - côté,3,-1,0,0,1,3,1,0,1,30,2,2,1,0,0,1,50.0,21.0,voiture,deux_roues,5,2,4,1,3
202400036039,2024-08-28 11:00:00,2024,8,28,11,0,07,07301,Route de Lamastre,45.076123,4.67052,Plein jour,Hors agglomération,Hors intersection,Normale,Sans collision,3,2,2,0,1,3,9,0,1,90,1,1,0,0,1,0,61.0,,deux_roues,,1,1,1,1,7
202400036040,2024-08-26 13:00:00,2024,8,26,13,0,24,24095,Nationale 21,45.493774,0.946283,Plein jour,Hors agglomération,Hors intersection,Normale,Deux véhicules - frontale,2,2,2,0,1,1,1,0,1,80,2,4,0,0,1,3,28.0,78.0,voiture,voiture,1,1,1,1,1
202400036041,2024-07-19 14:50:00,2024,7,19,14,50,76,76540,N31,49.43625,1.13635,Plein jour,En agglomération,Hors intersection,Temps éblouissant,Deux véhicules - côté,2,1,2,0,1,1,1,0,1,70,2,2,1,0,0,1,40.0,29.0,deux_roues,voiture,1,2,1,7,3
202400036042,2024-08-28 08:48:00,2024,8,28,8,48,27,27284,Rue de Vienne,49.279841,1.775386,Plein jour,En agglomération,Hors intersection,Temps éblouissant,Autre collision,4,2,2,0,1,1,1,0,1,30,1,2,1,0,1,0,59.0,,voiture,,1,2,1,7,6
202400036043,2024-07-20 19:40:00,2024,7,20,19,40,72,72181,JAURES JEAN (AV) N° IMP 35 A 179,47.98908,0.20829,Plein jour,En agglomération,Hors intersection,Normale,Deux véhicules - côté,4,3,1,2,1,1,1,0,1,30,2,2,1,0,0,1,38.0,24.0,voiture,deux_roues,1,2,1,1,3
202400036044,2024-07-20 11:10:00,2024,7,20,11,10,69,69199,Autoroute 7,45.69403777,4.84290024,Plein jour,En agglomération,Autre intersection,Normale,Deux véhicules - côté,1,3,6,0,1,1,1,0,1,70,2,2,0,0,0,2,42.0,41.0,voiture,voiture,1,2,9,1,3
202400036045,2024-08-28 17:21:00,2024,8,28,17,21,27,27002,RN12,48.773922,1.115633,Plein jour,Hors agglomération,Intersection en X,Normale,Deux véhicules - côté,2,3,0,0,1,1,1,9,3,110,2,5,0,0,1,4,22.0,22.0,voiture,voiture,1,1,2,1,3
202400036045,2024-08-28 17:21:00,2024,8,28,17,21,27,27002,RN12,48.773922,1.115633,Plein jour,Hors agglomération,Intersection en X,Normale,Deux véhicules - côté,2,2,2,0,1,3,1,5,1,80,2,5,0,0,1,4,22.0,22.0,voiture,voiture,1,1,2,1,3
202400036046,2024-07-19 22:37:00,2024,7,19,22,37,68,68166,RD 430,47.781375,7.329777,Nuit avec éclairage non allumé,Hors agglomération,Intersection en X,Normale,Deux véhicules - frontale,3,3,3,3,1,1,1,5,1,50,2,3,2,0,0,1,24.0,19.0,utilitaire_camion,utilitaire_camion,4,1,2,1,1
202400036046,2024-07-19 22:37:00,2024,7,19,22,37,68,68166,RD 430,47.781375,7.329777,Nuit avec éclairage non allumé,Hors agglomération,Intersection en X,Normale,Deux véhicules - frontale,3,3,6,0,1,1,1,0,1,70,2,3,2,0,0,1,24.0,19.0,utilitaire_camion,utilitaire_camion,4,1,2,1,1
202400036047,2024-08-29 13:45:00,2024,8,29,13,45,974,97418,N 2002 RUE DE LA FRATERNITÉ,-20.89595,55.550515,Plein jour,En agglomération,Autre intersection,Normale,Autre collision,4,2,2,0,1,1,1,0,4,50,1,2,1,1,0,0,36.0,,transport_commun,,1,2,9,1,6
202400036048,2024-07-20 17:00:00,2024,7,20,17,0,67,67482,GENERAL KOENIG (QUAI DU),48.57523,7.75717,Plein jour,En agglomération,Hors intersection,Normale,Autre collision,4,2,2,1,1,1,1,0,5,50,1,2,1,0,0,1,13.0,,deux_roues,,1,2,1,1,6
202400036049,2024-08-29 10:45:00,2024,8,29,10,45,03,03158,Autoroute 71 PK 283+700,46.493032,2.660151,Plein jour,Hors agglomération,Hors intersection,Normale,Autre collision,1,1,2,0,1,2,1,0,2,130,1,5,0,1,3,1,40.0,,voiture,,1,1,1,1,6
202400036050,2024-07-19 15:50:00,2024,7,19,15,50,67,67230,SCHIRRHEIN (ROUTE DE),48.792953,7.845932,Plein jour,Hors agglomération,Hors intersection,Normale,Deux véhicules - frontale,4,2,2,0,1,1,1,9,1,50,2,3,0,0,2,1,70.0,20.0,voiture,voiture,1,1,1,1,1
202400036051,2024-08-27 08:11:00,2024,8,27,8,11,67,67296,Rue Principale,48.61390842,7.69078642,Plein jour,En agglomération,Intersection en Y,Normale,Deux véhicules - côté,4,2, -1,-1,1,1,1,0,1,40,2,2,1,0,1,0,27.0,48.0,utilitaire_camion,deux_roues,1,2,4,1,3
202400036051,2024-08-27 08:11:00,2024,8,27,8,11,67,67296,Rue Principale,48.61390842,7.69078642,Plein jour,En agglomération,Intersection en Y,Normale,Deux véhicules - côté,4,-1,2,0,1,3,1,0,1,40,2,2,1,0,1,0,27.0,48.0,utilitaire_camion,deux_roues,1,2,4,1,3
202400036052,2024-07-20 12:05:00,2024,7,20,12,5,64,64445,ALSACE LORRAINE D',43.30426177,-0.36683008,Plein jour,En agglomération,Giratoire,Normale,Deux véhicules - côté,4,3,2,0,1,1,1,0,1,30,2,3,2,0,0,1,,74.0,deux_roues,voiture,1,2,6,1,3
202400036053,2024-08-28 18:00:00,2024,8,28,18,0,973,97309,Route de Rémire,4.89455,-52.273818,Crépuscule ou aube,En agglomération,Hors intersection,Pluie légère,Deux véhicules - côté,3,2,2,0,1,1,2,0,1,-1,2,2,0,0,1,1,44.0,67.0,deux_roues,voiture,2,2,1,2,3
202400036054,2024-07-20 00:58:00,2024,7,20,0,58,64,64125,BIARRITZ (AVENUE DE),43.454,-1.57361,Nuit avec éclairage allumé,En agglomération,Hors intersection,Normale,Autre collision,3,2,2,3,2,1,1,0,1,30,1,2,0,0,0,2,33.0,,deux_roues,,5,2,1,1,6
202400036055,2024-07-20 16:15:00,2024,7,20,16,15,64,64102,JEAN DARRIGRAND (AVENUE),43.48191,-1.48626,Plein jour,En agglomération,Hors intersection,Normale,Sans collision,4,1,1,0,1,2,1,5,1,50,1,1,0,0,0,1,72.0,,voiture,,1,2,1,1,7
202400036056,2024-07-20 11:55:00,2024,7,20,11,55,64,64024,BIARRITZ (AVENUE DE),43.48105,-1.53505,Plein jour,En agglomération,Hors intersection,Normale,Deux véhicules - arrière,4,2,2,0,1,1,1,0,1,50,2,2,1,0,0,1,24.0,62.0,voiture,deux_roues,1,2,1,1,2
202400036057,2024-08-28 19:05:00,2024,8,28,19,5,60,60494,A1,49.133662,2.56461,Plein jour,Hors agglomération,Hors intersection,Normale,Deux véhicules - arrière,1,1,1,0,2,3,1,3,1,50,2,11,8,0,0,3,52.0,44.0,voiture,voiture,1,1,1,1,2
202400036058,2024-07-19 20:18:00,2024,7,19,20,18,62,62048,Rue Roger Salengro,50.50283748,2.4709121,Plein jour,En agglomération,Intersection en T,Normale,Autre collision,4,2,2,0,1,1,1,0,1,50,1,1,0,0,1,0,47.0,,deux_roues,,1,2,3,1,6
202400036058,2024-07-19 20:18:00,2024,7,19,20,18,62,62048,Rue Roger Salengro,50.50283748,2.4709121,Plein jour,En agglomération,Intersection en T,Normale,Autre collision,4,2,2,0,1,1,1,0,1,50,1,1,0,0,1,0,47.0,,deux_roues,,1,2,3,1,6
202400036059,2024-08-28 13:10:00,2024,8,28,13,10,974,97412,Rue Raphaël Babet,-21.379247,55.624482,Plein jour,En agglomération,Hors intersection,Normale,Autre collision,2,2,2,0,2,1,1,0,1,50,1,4,1,0,0,3,66.0,,transport_commun,,1,2,1,1,6
202400036060,2024-07-20 14:35:00,2024,7,20,14,35,58,58194,PETIT MOUESSE,46.98993,3.16845,Plein jour,En agglomération,Intersection en X,Normale,Deux véhicules - côté,4,2,2,0,1,1,1,0,1,50,2,3,1,0,0,2,22.0,26.0,voiture,utilitaire_camion,1,2,2,1,3
202400036060,2024-07-20 14:35:00,2024,7,20,14,35,58,58194,PETIT MOUESSE,46.98993,3.16845,Plein jour,En agglomération,Intersection en X,Normale,Deux véhicules - côté,4,2,3,0,1,1,1,0,1,50,2,3,1,0,0,2,22.0,26.0,voiture,utilitaire_camion,1,2,2,1,3
202400036061,2024-08-28 20:30:00,2024,8,28,20,30,973,97304,Avenue Léopold Héder,5.16301,-52.645471,Nuit avec éclairage allumé,En agglomération,Hors intersection,Normale,Autre collision,4,2,2,0,1,1,2,0,1,-1,3,3,2,0,0,1,25.0,31.0,voiture,voiture,5,2,1,1,6
202400036062,2024-07-19 17:04:00,2024,7,19,17,4,51,51454,CHAMP DE MARS (RUE),49.26291,4.03557,Plein jour,En agglomération,Intersection en X,Normale,Deux véhicules - côté,4,2,2,0,1,1,1,0,1,50,2,2,1,0,0,1,38.0,64.0,voiture,voiture,1,2,2,1,3
202400036062,2024-07-19 17:04:00,2024,7,19,17,4,51,51454,CHAMP DE MARS (RUE),49.26291,4.03557,Plein jour,En agglomération,Intersection en X,Normale,Deux véhicules - côté,4,2, -1,-1,1,1,1,0,1,30,2,2,1,0,0,1,38.0,64.0,voiture,voiture,1,2,2,1,3
202400036063,2024-07-19 19:17:00,2024,7,19,19,17,51,51108,HUGO (BD VICTOR),48.95505,4.35569,Plein jour,En agglomération,Giratoire,Normale,Deux véhicules - côté,4,-1,1,0,1,2,1,5,1,30,2,2,1,0,1,0,19.0,53.0,deux_roues,voiture,1,2,6,1,3
202400036063,2024-07-19 19:17:00,2024,7,19,19,17,51,51108,HUGO (BD VICTOR),48.95505,4.35569,Plein jour,En agglomération,Giratoire,Normale,Deux véhicules - côté,4,2,2,0,1,3,1,9,1,30,2,2,1,0,1,0,19.0,53.0,deux_roues,voiture,1,2,6,1,3
202400036064,2024-08-28 16:05:00,2024,8,28,16,5,66,66182,Avenue de Las Illas,42.738526,3.033385,Plein jour,En agglomération,Hors intersection,Normale,Autre collision,4,2,2,0,1,1,1,0,1,50,1,2,1,0,0,1,55.0,,voiture,,1,2,1,1,6
202400036065,2024-07-20 18:30:00,2024,7,20,18,30,49,49007,BARRE CITE ET RUE,47.47208,-0.59245,Plein jour,En agglomération,Hors intersection,Normale,Deux véhicules - côté,4,2,2,0,1,1,1,0,1,50,2,2,1,0,0,1,20.0,11.0,voiture,deux_roues,1,2,1,1,3
202400036066,2024-07-20 03:45:00,2024,7,20,3,45,49,49267,RD 116,47.4892,-0.46536,Nuit sans éclairage public,Hors agglomération,Hors intersection,Normale,Sans collision,3,2,2,2,1,1,1,0,1,90,1,1,0,0,0,1,23.0,,voiture,,3,1,1,1,7
202400036067,2024-08-25 19:35:00,2024,8,25,19,35,34,34157,11 Avenue de Montpellier,43.428065,3.606112,Plein jour,En agglomération,Intersection en X,Normale,Deux véhicules - côté,3,2,2,0,1,1,1,0,1,50,2,4,3,0,1,0,32.0,41.0,voiture,deux_roues,1,2,2,1,3
202400036067,2024-08-25 19:35:00,2024,8,25,19,35,34,34157,11 Avenue de Montpellier,43.428065,3.606112,Plein jour,En agglomération,Intersection en X,Normale,Deux véhicules - côté,3,1, -1,0,1,1,1,0,1,-1,2,4,3,0,1,0,32.0,41.0,voiture,deux_roues,1,2,2,1,3
202400036068,2024-07-19 23:00:00,2024,7,19,23,0,45,45232,959 Rue de la Bergeresse,47.847552,1.913331,Nuit sans éclairage public,En agglomération,Hors intersection,Normale,Autre collision,4,2,2,0,1,2,1,0,1,50,1,1,0,0,1,0,26.0,,deux_roues,,3,2,1,1,6
202400036069,2024-08-28 19:00:00,2024,8,28,19,0,25,25284,Rue de Gascogne,47.532705,6.815236,Plein jour,En agglomération,Hors intersection,Normale,Autre collision,3,2,2,1,1,1,1,0,1,30,1,2,1,0,1,0,46.0,,voiture,,1,2,1,1,6
202400036070,2024-07-20 18:38:00,2024,7,20,18,38,45,45208,60 Avenue du Général de Gaulle,48.00543,2.73852,Plein jour,En agglomération,Hors intersection,Normale,Deux véhicules - arrière,3,3,2,0,1,1,1,0,1,50,2,3,1,0,0,2,59.0,23.0,voiture,deux_roues,1,2,1,1,2
202400036071,2024-08-27 21:35:00,2024,8,27,21,35,88,88177,D417,48.062273,6.720143,Nuit sans éclairage public,Hors agglomération,Hors intersection,Normale,Deux véhicules - frontale,3,2,2,0,1,4,1,5,1,-1,1,1,0,0,0,1,34.0,,deux_roues,,3,1,1,1,1
202400036072,2024-07-20 01:05:00,2024,7,20,1,5,45,45338,10 Rue Pierre Nobel,47.976049,2.719046,Nuit sans éclairage public,Hors agglomération,Hors intersection,Normale,Autre collision,4,2,2,0,1,1,1,0,1,50,1,2,0,0,0,2,40.0,,voiture,,3,1,1,1,6
202400036073,2024-08-29 16:44:00,2024,8,29,16,44,88,88027,D52,48.29483,6.531979,Plein jour,Hors agglomération,Hors intersection,Normale,Sans collision,3,2,2,0,1,2,1,0,3,80,1,1,0,0,0,1,17.0,,deux_roues,,1,1,1,1,7
202400036074,2024-07-19 17:15:00,2024,7,19,17,15,33,33318,,44.809,-0.6282,Plein jour,En agglomération,Hors intersection,Normale,Autre collision,4,2,2,2,1,1,1,-1,8,50,1,2,1,0,0,1,32.0,,voiture,,1,2,1,1,6
202400036075,2024-08-27 12:30:00,2024,8,27,12,30,55,55170,D102,49.360461,5.361088,Plein jour,Hors agglomération,Hors intersection,Normale,Sans collision,3,2,2,0,2,1,1,0,1,70,2,2,1,0,1,0,65.0,79.0,deux_roues,utilitaire_camion,1,1,1,1,7
202400036076,2024-07-19 15:10:00,2024,7,19,15,10,33,33162,,44.88071,-0.66214,Plein jour,Hors agglomération,Hors intersection,Normale,Trois véhicules et plus - en chaîne,4,3,2,0,1,1,1,9,1,90,3,3,2,0,0,1,38.0,34.0,voiture,voiture,1,1,1,1,4
202400036077,2024-08-28 18:30:00,2024,8,28,18,30,38,38176,Route de Corbeyssieu,45.642919,5.189018,Plein jour,Hors agglomération,Hors intersection,Normale,Sans collision,3,2,2,0,1,3,1,0,1,80,1,2,1,0,0,1,21.0,,deux_roues,,1,1,1,1,7
202400036078,2024-08-29 06:00:00,2024,8,29,6,0,38,38061,Route de Voiron,45.343184,5.608569,Nuit sans éclairage public,Hors agglomération,Hors intersection,Normale,Deux véhicules - arrière,3,2,2,0,2,4,1,0,1,90,2,2,1,1,0,0,58.0,40.0,utilitaire_camion,deux_roues,3,1,1,1,2
202400036079,2024-07-20 18:30:00,2024,7,20,18,30,29,29019,rue Gay Lussac,48.405838,-4.493566,Plein jour,En agglomération,Intersection en X,Normale,Sans collision,4,2,2,0,1,1,2,0,1,50,2,2,1,0,0,1,30.0,25.0,voiture,deux_roues,1,2,2,1,7
202400036079,2024-07-20 18:30:00,2024,7,20,18,30,29,29019,rue Gay Lussac,48.405838,-4.493566,Plein jour,En agglomération,Intersection en X,Normale,Sans collision,4,2, -1,0,1,1,1,0,1,50,2,2,1,0,0,1,30.0,25.0,voiture,deux_roues,1,2,2,1,7
202400036080,2024-07-19 18:10:00,2024,7,19,18,10,18,18279,Place Gabriel Péri,47.22487,2.06236,Plein jour,En agglomération,Giratoire,Normale,Deux véhicules - côté,4,-1,0,0,1,1,1,0,1,50,2,2,1,0,0,1,38.0,29.0,deux_roues,voiture,1,2,6,1,3
202400036080,2024-07-19 18:10:00,2024,7,19,18,10,18,18279,Place Gabriel Péri,47.22487,2.06236,Plein jour,En agglomération,Giratoire,Normale,Deux véhicules - côté,4,-1,0,0,1,1,1,0,1,50,2,2,1,0,0,1,38.0,29.0,deux_roues,voiture,1,2,6,1,3
202400036081,2024-08-28 18:40:00,2024,8,28,18,40,26,26313,Rue des Chabottes,44.974385,4.959812,Plein jour,En agglomération,Intersection en T,Normale,Deux véhicules - côté,4,-1,2,1,1,1,1,0,1,50,2,2,1,0,0,1,84.0,37.0,voiture,voiture,1,2,3,1,3
202400036081,2024-08-28 18:40:00,2024,8,28,18,40,26,26313,Rue des Chabottes,44.974385,4.959812,Plein jour,En agglomération,Intersection en T,Normale,Deux véhicules - côté,4,2, -1,-1,1,1,1,0,1,-1,2,2,1,0,0,1,84.0,37.0,voiture,voiture,1,2,3,1,3
202400036082,2024-07-19 15:25:00,2024,7,19,15,25,17,17415,D137,45.74598,-0.66177,Plein jour,En agglomération,Hors intersection,Normale,Deux véhicules - arrière,3,2,2,0,1,1,1,0,1,80,2,3,2,0,0,1,22.0,18.0,utilitaire_camion,utilitaire_camion,1,2,1,1,2
202400036083,2024-08-24 18:05:00,2024,8,24,18,5,26,26064,Avenue de Romans,44.904371,5.019797,Plein jour,En agglomération,Intersection en X,Normale,Deux véhicules - côté,4,2,2,0,1,1,1,0,1,50,2,2,1,0,1,0,16.0,79.0,deux_roues,voiture,1,2,2,1,3
202400036083,2024-08-24 18:05:00,2024,8,24,18,5,26,26064,Avenue de Romans,44.904371,5.019797,Plein jour,En agglomération,Intersection en X,Normale,Deux véhicules - côté,4,2, -1,-1,1,1,1,0,1,-1,2,2,1,0,1,0,16.0,79.0,deux_roues,voiture,1,2,2,1,3
202400036084,2024-07-20 19:45:00,2024,7,20,19,45,13,13102,8 MAI 1945 (AV DU ),43.4182,5.22897,Plein jour,En agglomération,Giratoire,Normale,Deux véhicules - frontale,3,1,1,0,1,3,1,0,4,50,1,5,0,0,0,5,22.0,,voiture,,1,2,6,1,1
202400036085,2024-08-28 17:20:00,2024,8,28,17,20,33,33233,,45.156319,-0.354438,Plein jour,Hors agglomération,Hors intersection,Normale,Autre collision,2,3,4,0,1,1,1,0,8,110,1,1,0,1,0,0,53.0,,voiture,,1,1,1,1,6
202400036086,2024-07-20 20:45:00,2024,7,20,20,45,13,13075,LIBERATION (AVE DE LA),43.34334867,5.45795011,Plein jour,En agglomération,Hors intersection,Normale,Deux véhicules - côté,4,2,2,0,1,1,1,0,1,50,2,3,0,0,0,3,24.0,19.0,voiture,voiture,1,2,1,1,3
202400036087,2024-08-22 17:00:00,2024,8,22,17,0,22,22077,La Ville es Pis,48.5284,-2.422464,Plein jour,Hors agglomération,Intersection en X,Normale,Deux véhicules - côté,3,2,2,0,1,1,1,5,8,-1,2,6,5,0,1,0,58.0,22.0,voiture,voiture,1,1,2,1,3
202400036087,2024-08-22 17:00:00,2024,8,22,17,0,22,22077,La Ville es Pis,48.5284,-2.422464,Plein jour,Hors agglomération,Intersection en X,Normale,Deux véhicules - côté,3,2,2,0,1,1,1,5,1,80,2,6,5,0,1,0,58.0,22.0,voiture,voiture,1,1,2,1,3
202400036088,2024-07-19 14:10:00,2024,7,19,14,10,13,13215,MADRAGUE VILLE (RUE),43.34531,5.35459,Plein jour,En agglomération,Intersection en T,Normale,Deux véhicules - côté,4,2,2,0,1,1,1,0,8,50,2,2,1,0,0,1,37.0,25.0,deux_roues,voiture,1,2,3,1,3
202400036088,2024-07-19 14:10:00,2024,7,19,14,10,13,13215,MADRAGUE VILLE (RUE),43.34531,5.35459,Plein jour,En agglomération,Intersection en T,Normale,Deux véhicules - côté,4,2,2,0,1,1,1,0,1,50,2,2,1,0,0,1,37.0,25.0,deux_roues,voiture,1,2,3,1,3
202400036089,2024-08-28 19:05:00,2024,8,28,19,5,60,60047,Chemin Saint Germain,49.159902,2.736433,Plein jour,Hors agglomération,Hors intersection,Normale,Sans collision,4,-1,1,0,1,1,1,0,6,50,1,1,0,0,0,1,45.0,,deux_roues,,1,1,1,1,7
202400036090,2024-07-20 12:10:00,2024,7,20,12,10,11,11069,,43.20666,2.35937,Plein jour,En agglomération,Intersection en T,Normale,Autre collision,4,1,0,0,1,1,1,6,8,50,1,2,1,0,0,1,47.0,,voiture,,1,2,3,1,6
202400036090,2024-07-20 12:10:00,2024,7,20,12,10,11,11069,,43.20666,2.35937,Plein jour,En agglomération,Intersection en T,Normale,Autre collision,4,2,2,-1,1,1,1,0,1,-1,1,2,1,0,0,1,47.0,,voiture,,1,2,3,1,6
202400036091,2024-08-28 15:30:00,2024,8,28,15,30,59,59336,Grand Rue,50.275648,3.037988,Plein jour,En agglomération,Intersection en T,Normale,Deux véhicules - frontale,3,2,2,0,1,1,1,0,1,50,2,2,1,0,0,1,24.0,43.0,deux_roues,voiture,1,2,3,1,1
202400036091,2024-08-28 15:30:00,2024,8,28,15,30,59,59336,Grand Rue,50.275648,3.037988,Plein jour,En agglomération,Intersection en T,Normale,Deux véhicules - frontale,3,2, -1,-1,1,1,1,0,1,-1,2,2,1,0,0,1,24.0,43.0,deux_roues,voiture,1,2,3,1,1
202400036092,2024-07-20 20:05:00,2024,7,20,20,5,08,08105,24 Rue Elie Emile Bourquelot,49.79275,4.72582,Plein jour,En agglomération,Hors intersection,Normale,Deux véhicules - frontale,4,2,2,0,1,1,1,0,1,50,2,2,1,0,1,0,14.0,30.0,deux_roues,voiture,1,2,1,1,1
202400036093,2024-08-24 15:45:00,2024,8,24,15,45,13,13015,A51-Sens Aix en Provence vers Marseille,43.45924983,5.4031623,Plein jour,Hors agglomération,Hors intersection,Normale,Deux véhicules - arrière,1,1,2,0,1,1,1,0,1,90,2,2,1,0,0,1,,19.0,autre,voiture,1,1,1,1,2
202400036094,2024-08-26 17:40:00,2024,8,26,17,40,67,67482,M35,48.59579,7.74005,Plein jour,Hors agglomération,Hors intersection,Normale,Sans collision,7,1,3,0,1,1,1,0,1,70,1,1,0,0,1,0,28.0,,deux_roues,,1,1,1,1,7
202400036095,2024-07-20 03:21:00,2024,7,20,3,21,06,06088,Rue Barla,43.70241,7.28106,Nuit avec éclairage allumé,En agglomération,Passage à niveau,Normale,Deux véhicules - côté,4,2,4,0,1,1,1,4,1,50,2,3,1,0,1,1,46.0,19.0,voiture,deux_roues,5,2,8,1,3
202400036095,2024-07-20 03:21:00,2024,7,20,3,21,06,06088,Rue Barla,43.70241,7.28106,Nuit avec éclairage allumé,En agglomération,Passage à niveau,Normale,Deux véhicules - côté,4,-1,1,3,1,1,1,4,6,30,2,3,1,0,1,1,46.0,19.0,voiture,deux_roues,5,2,8,1,3
202400036096,2024-07-20 16:45:00,2024,7,20,16,45,06,06069,15 Route de Saint-francois,43.649322,6.89882,Plein jour,Hors agglomération,Hors intersection,Normale,Sans collision,3,2,2,0,1,2,1,0,3,30,1,1,0,0,0,1,18.0,,voiture,,1,1,1,1,7
202400036097,2024-08-25 18:00:00,2024,8,25,18,0,59,59094,AUTOROUTE A16,50.95888503,2.1708544,Plein jour,Hors agglomération,Hors intersection,Normale,Trois véhicules et plus - collisions multiples,1,-1,2,0,1,1,1,0,1,110,3,6,5,0,0,1,18.0,67.0,voiture,voiture,1,1,1,1,5
202400036098,2024-07-20 20:25:00,2024,7,20,20,25,06,06029,103 Boulevard Carnot,43.56344,7.01663,Plein jour,En agglomération,Intersection en X,Normale,Deux véhicules - côté,4,2,2,3,1,1,1,0,1,50,2,2,1,0,0,1,83.0,32.0,deux_roues,voiture,1,2,2,1,3
202400036098,2024-07-20 20:25:00,2024,7,20,20,25,06,06029,103 Boulevard Carnot,43.56344,7.01663,Plein jour,En agglomération,Intersection en X,Normale,Deux véhicules - côté,4,1,2,0,1,1,1,0,1,50,2,2,1,0,0,1,83.0,32.0,deux_roues,voiture,1,2,2,1,3
202400036099,2024-08-28 10:25:00,2024,8,28,10,25,91,91589,AUTOROUTE A6,48.67409,2.34262,Plein jour,Hors agglomération,Hors intersection,Normale,Deux véhicules - arrière,1,2,3,0,1,1,1,0,1,110,2,2,1,0,0,1,21.0,52.0,utilitaire_camion,voiture,1,1,1,1,2
202400036100,2024-07-20 12:45:00,2024,7,20,12,45,06,06029,19 Avenue Docteur Raymond Picaud,43.550648,7.002792,Plein jour,En agglomération,Hors intersection,Normale,Deux véhicules - arrière,4,2,2,0,1,1,1,0,1,50,2,4,2,0,0,2,41.0,65.0,voiture,deux_roues,1,2,1,1,2
202400036101,2024-07-20 10:15:00,2024,7,20,10,15,06,06029,39 Boulevard Général Vautrin,43.54695,7.03343,Plein jour,En agglomération,Hors intersection,Normale,Deux véhicules - côté,4,1,2,0,1,1,1,0,1,50,2,2,1,0,0,1,23.0,44.0,voiture,utilitaire_camion,1,2,1,1,3
202400036102,2024-08-28 18:22:00,2024,8,28,18,22,92,92036,A86,48.93411656,2.27089137,Plein jour,Hors agglomération,Hors intersection,Normale,Deux véhicules - côté,1,1,2,0,1,1,1,0,1,90,2,2,1,0,0,1,50.0,28.0,voiture,deux_roues,1,1,1,1,3
202400036103,2024-07-20 00:25:00,2024,7,20,0,25,06,06004,BACON BD DU ET BD GARDIOLE,43.56606,7.13101,Nuit avec éclairage allumé,En agglomération,Hors intersection,Normale,Trois véhicules et plus - collisions multiples,4,2,2,0,1,1,1,0,1,50,3,4,2,1,1,0,44.0,34.0,deux_roues,voiture,5,2,1,1,5