accident_id,datetime,annee,mois,jour,heure,minute,departement,commune_insee,adresse,latitude,longitude,luminosite,agglomeration,intersection,meteo,collision,catr,circ,nbv,vosp,prof,plan,surf,infra,situ,vma,nb_vehicules,nb_usagers,nb_indemnes,nb_tues,nb_blesses_hosp,nb_blesses_legers,age_cond_1,age_cond_2,veh_type_cond_1,veh_type_cond_2,lum_code,agg_code,int_code,atm_code,col_code
202400036104,2024-08-27 17:35:00,2024,8,27,17,35,92,92025,A86,48.92703237,2.23661483,Plein jour,Hors agglomération,Hors intersection,Normale,Trois véhicules et plus - en chaîne,1,1,2,0,1,1,1,0,1,90,3,4,2,0,0,2,41.0,29.0,voiture,voiture,1,1,1,1,4
202400036105,2024-07-20 01:40:00,2024,7,20,1,40,75,75112,,48.837809,2.412957,Nuit avec éclairage allumé,En agglomération,Hors intersection,Normale,Trois véhicules et plus - collisions multiples,4,1,4,3,1,1,1,0,1,70,3,3,2,0,0,1,30.0,36.0,deux_roues,voiture,5,2,1,1,5
202400036106,2024-07-19 20:59:00,2024,7,19,20,59,75,75116,BD PERIPHERIQUE INTERIEUR,48.861018,2.264055,Plein jour,En agglomération,Hors intersection,Normale,Deux véhicules - arrière,4,1,4,0,1,1,1,0,1,70,2,2,1,0,0,1,40.0,30.0,deux_roues,voiture,1,2,1,1,2
202400036107,2024-08-27 16:00:00,2024,8,27,16,0,93,93027,AUTOROUTE A1,48.93637475,2.40695831,Plein jour,Hors agglomération,Hors intersection,Normale,Trois véhicules et plus - en chaîne,1,3,6,0,1,1,1,0,1,90,5,6,3,0,0,3,39.0,25.0,utilitaire_camion,utilitaire_camion,1,1,1,1,4
202400036108,2024-08-26 16:50:00,2024,8,26,16,50,93,93007,AUTOROUTE A1,48.94453124,2.43819939,Plein jour,Hors agglomération,Hors intersection,Normale,Deux véhicules - arrière,1,3,4,0,1,1,1,0,1,90,2,2,1,0,0,1,19.0,73.0,voiture,voiture,1,1,1,1,2
202400036109,2024-08-26 05:50:00,2024,8,26,5,50,92,92036,AUTOROUTE A15,48.94131639,2.29193464,Nuit avec éclairage non allumé,Hors agglomération,Hors intersection,Normale,Deux véhicules - arrière,1,3,8,0,1,1,1,2,1,90,2,2,1,0,0,1,36.0,35.0,deux_roues,utilitaire_camion,4,1,1,1,2
202400036110,2024-10-02 09:05:00,2024,10,2,9,5,49,49007,VOIE DES BERGES,47.47419,-0.5559,Plein jour,En agglomération,Hors intersection,Normale,Deux véhicules - côté,3,3,2,0,1,1,1,0,1,50,2,2,1,0,0,1,20.0,31.0,voiture,deux_roues,1,2,1,1,3
202400036111,2024-08-28 17:10:00,2024,8,28,17,10,94,94069,A4,48.81732948,2.42279649,Plein jour,Hors agglomération,Hors intersection,Normale,Deux véhicules - arrière,1,3,5,0,1,1,1,0,1,90,2,2,1,0,0,1,22.0,61.0,deux_roues,voiture,1,1,1,1,2
202400036112,2024-10-01 07:50:00,2024,10,1,7,50,49,49015,RTE NATIONALE,47.51839,-0.60694,Crépuscule ou aube,En agglomération,Hors intersection,Pluie légère,Autre collision,4,3,2,0,1,1,2,0,1,50,1,2,1,0,0,1,62.0,,voiture,,2,2,1,2,6
202400036113,2024-10-02 15:15:00,2024,10,2,15,15,45,45234,Avenue du Général Patton,47.914854,1.901335,Plein jour,En agglomération,Intersection en T,Pluie légère,Deux véhicules - côté,4,2,2,0,4,1,2,9,1,50,2,2,1,0,0,1,22.0,23.0,voiture,deux_roues,1,2,3,2,3
202400036113,2024-10-02 15:15:00,2024,10,2,15,15,45,45234,Avenue du Général Patton,47.914854,1.901335,Plein jour,En agglomération,Intersection en T,Pluie légère,Deux véhicules - côté,4,2,3,2,4,1,2,9,1,50,2,2,1,0,0,1,22.0,23.0,voiture,deux_roues,1,2,3,2,3
202400036114,2024-04-01 03:03:00,2024,4,1,3,3,56,56078,Kerfleury,47.819606,-3.466138,Nuit sans éclairage public,Hors agglomération,Hors intersection,Normale,Autre collision,2,3,4,0,1,1,2,0,1,110,1,2,1,0,1,0,41.0,,voiture,,3,1,1,1,6
202400036115,2024-10-02 19:35:00,2024,10,2,19,35,44,44109,Boulevard Albert Einstein,47.26265,-1.56766,Crépuscule ou aube,En agglomération,Autre intersection,Normale,Deux véhicules - côté,4,3,2,0,1,1,2,0,1,50,2,2,1,0,1,0,54.0,20.0,voiture,deux_roues,2,2,9,1,3
202400036116,2024-06-22 06:00:00,2024,6,22,6,0,74,74238,D902,46.215135,6.669624,Crépuscule ou aube,Hors agglomération,Hors intersection,Temps couvert,Autre collision,3,2,2,0,1,1,2,0,3,80,1,1,0,1,0,0,27.0,,voiture,,2,1,1,8,6
202400036117,2024-10-02 14:00:00,2024,10,2,14,0,44,44162,Rue Françoise Sagan,47.213,-1.624,Plein jour,En agglomération,Hors intersection,Temps couvert,Autre collision,4,2,2,0,1,1,1,9,1,30,2,2,1,0,1,0,38.0,57.0,deux_roues,voiture,1,2,1,8,6
202400036118,2024-09-24 19:30:00,2024,9,24,19,30,42,42183,Rue Jean Moulin,45.40493,4.37085,Plein jour,En agglomération,Intersection en Y,Normale,Deux véhicules - côté,7,2,2,0,1,1,1,0,1,50,2,2,1,0,0,1,45.0,26.0,deux_roues,voiture,1,2,4,1,3
202400036118,2024-09-24 19:30:00,2024,9,24,19,30,42,42183,Rue Jean Moulin,45.40493,4.37085,Plein jour,En agglomération,Intersection en Y,Normale,Deux véhicules - côté,7,2,2,-1,2,3,1,0,1,-1,2,2,1,0,0,1,45.0,26.0,deux_roues,voiture,1,2,4,1,3
202400036119,2024-03-03 05:40:00,2024,3,3,5,40,74,74263,D 1005,46.325587,6.353703,Nuit sans éclairage public,Hors agglomération,Hors intersection,Normale,Trois véhicules et plus - collisions multiples,3,2,2,0,2,1,1,0,1,80,3,4,3,0,1,0,29.0,57.0,voiture,voiture,3,1,1,1,5
202400036120,2024-10-02 08:50:00,2024,10,2,8,50,42,42044,Rue de la République,45.39541,4.31419,Plein jour,En agglomération,Hors intersection,Normale,Deux véhicules - arrière,7,2,2,0,1,1,1,0,1,50,2,2,1,0,0,1,41.0,56.0,transport_commun,deux_roues,1,2,1,1,2
202400036121,2024-08-26 08:07:00,2024,8,26,8,7,974,97411,BOIS DE MERLE (RUE DU),-20.88883,55.48104,Plein jour,En agglomération,Hors intersection,Normale,Deux véhicules - côté,4,1,1,0,1,1,1,0,1,30,2,5,4,0,0,1,43.0,57.0,voiture,deux_roues,1,2,1,1,3
202400036122,2024-10-02 08:50:00,2024,10,2,8,50,41,41018,MORIERS (RUE DES),47.5607,1.29219,Plein jour,En agglomération,Intersection en T,Temps couvert,Deux véhicules - côté,4,2,2,0,4,2,9,5,1,50,2,2,1,0,0,1,16.0,20.0,deux_roues,voiture,1,2,3,8,3
202400036122,2024-10-02 08:50:00,2024,10,2,8,50,41,41018,MORIERS (RUE DES),47.5607,1.29219,Plein jour,En agglomération,Intersection en T,Temps couvert,Deux véhicules - côté,4,2,2,0,4,1,9,5,1,50,2,2,1,0,0,1,16.0,20.0,deux_roues,voiture,1,2,3,8,3
202400036123,2024-08-26 07:20:00,2024,8,26,7,20,974,97411,RIVIERE DES PLUIES (ROUTE DE LA),-20.9003,55.4994,Plein jour,En agglomération,Intersection en T,Normale,Deux véhicules - côté,2,2,2,0,1,1,1,0,1,50,2,2,1,0,0,1,45.0,27.0,deux_roues,voiture,1,2,3,1,3
202400036123,2024-08-26 07:20:00,2024,8,26,7,20,974,97411,RIVIERE DES PLUIES (ROUTE DE LA),-20.9003,55.4994,Plein jour,En agglomération,Intersection en T,Normale,Deux véhicules - côté,2,2,2,0,2,1,1,0,1,50,2,2,1,0,0,1,45.0,27.0,deux_roues,voiture,1,2,3,1,3
202400036124,2024-10-02 13:20:00,2024,10,2,13,20,37,37214,PRENEY (RUE DE),47.41831,0.65157,Plein jour,En agglomération,Hors intersection,Temps couvert,Autre collision,4,2,2,2,1,1,1,0,1,50,1,1,0,0,0,1,25.0,,voiture,,1,2,1,8,6
202400036125,2024-08-26 05:01:00,2024,8,26,5,1,973,97302,MERE THERESA (rue),4.92245,-52.31258,Nuit avec éclairage allumé,En agglomération,Intersection en X,Normale,Deux véhicules - côté,4,2,2,0,1,1,1,0,1,50,2,3,1,0,1,1,,35.0,voiture,deux_roues,5,2,2,1,3
202400036125,2024-08-26 05:01:00,2024,8,26,5,1,973,97302,MERE THERESA (rue),4.92245,-52.31258,Nuit avec éclairage allumé,En agglomération,Intersection en X,Normale,Deux véhicules - côté,4,2,2,0,1,1,1,0,1,50,2,3,1,0,1,1,,35.0,voiture,deux_roues,5,2,2,1,3
202400036126,2024-10-02 06:45:00,2024,10,2,6,45,33,33069,,44.86173,-0.59707,Nuit avec éclairage allumé,En agglomération,Giratoire,Normale,Deux véhicules - côté,4,2,2,0,1,1,1,0,1,50,2,2,1,0,1,0,39.0,43.0,deux_roues,utilitaire_camion,5,2,6,1,3
202400036126,2024-10-02 06:45:00,2024,10,2,6,45,33,33069,,44.86173,-0.59707,Nuit avec éclairage allumé,En agglomération,Giratoire,Normale,Deux véhicules - côté,4,2,2,0,1,1,1,5,1,50,2,2,1,0,1,0,39.0,43.0,deux_roues,utilitaire_camion,5,2,6,1,3
202400036127,2024-08-23 22:10:00,2024,8,23,22,10,973,97302,SOURCE DE BADUEL (CHEMIN DE LA),4.9293647,-52.30875474,Nuit sans éclairage public,En agglomération,Hors intersection,Normale,Sans collision,4,2,2,0,2,1,1,0,1,50,1,1,0,0,0,1,66.0,,voiture,,3,2,1,1,7
202400036128,2024-10-02 04:51:00,2024,10,2,4,51,33,33522,,44.795322,-0.600271,Nuit sans éclairage public,En agglomération,Intersection en Y,Normale,Autre collision,4,2,2,-1,1,1,1,0,1,-1,1,1,0,0,0,1,47.0,,voiture,,3,2,4,1,6
202400036128,2024-10-02 04:51:00,2024,10,2,4,51,33,33522,,44.795322,-0.600271,Nuit sans éclairage public,En agglomération,Intersection en Y,Normale,Autre collision,4,1,1,0,1,3,1,0,1,50,1,1,0,0,0,1,47.0,,voiture,,3,2,4,1,6
202400036129,2024-08-27 06:35:00,2024,8,27,6,35,69,69388,Avenue Jean Mermoz,45.731,4.88585,Crépuscule ou aube,En agglomération,Intersection en T,Normale,Deux véhicules - côté,4,2,2,0,1,1,1,9,1,50,2,3,1,0,0,2,22.0,37.0,deux_roues,voiture,2,2,3,1,3
202400036129,2024-08-27 06:35:00,2024,8,27,6,35,69,69388,Avenue Jean Mermoz,45.731,4.88585,Crépuscule ou aube,En agglomération,Intersection en T,Normale,Deux véhicules - côté,4,2,4,1,1,1,1,9,1,50,2,3,1,0,0,2,22.0,37.0,deux_roues,voiture,2,2,3,1,3
202400036130,2024-10-01 14:40:00,2024,10,1,14,40,33,33063,,44.85661,-0.56144,Plein jour,En agglomération,Hors intersection,Normale,Autre collision,4,3,4,3,1,1,1,0,1,50,2,2,1,0,0,1,44.0,68.0,transport_commun,deux_roues,1,2,1,1,6
202400036131,2024-08-27 16:35:00,2024,8,27,16,35,972,97213,ROUTE DEPARTEMENTALE 3,14.62426,-60.98941,Plein jour,Hors agglomération,Hors intersection,Normale,Deux véhicules - frontale,3,3,1,0,1,1,1,0,1,50,2,3,1,0,2,0,45.0,19.0,deux_roues,voiture,1,1,1,1,1
202400036132,2024-10-02 21:00:00,2024,10,2,21,0,32,32013,LORRAINE,43.64905,0.58938,Nuit avec éclairage allumé,En agglomération,Hors intersection,Pluie légère,Deux véhicules - côté,4,2,1,0,1,1,2,0,1,50,2,4,3,0,0,1,23.0,28.0,voiture,deux_roues,5,2,1,2,3
202400036133,2024-10-02 19:45:00,2024,10,2,19,45,30,30007,GOUBERT (AVE DOCTEUR JEAAN),44.14262,4.09212,Crépuscule ou aube,En agglomération,Hors intersection,Normale,Deux véhicules - côté,4,2,2,0,1,1,1,0,1,50,2,2,0,0,1,1,42.0,30.0,voiture,deux_roues,2,2,1,1,3
202400036134,2024-08-27 15:55:00,2024,8,27,15,55,972,97213,ROUTE NATIONALE 1,14.65524,-60.97309,Plein jour,Hors agglomération,Hors intersection,Normale,Deux véhicules - arrière,2,1,2,0,3,1,1,0,1,70,2,5,2,0,0,3,21.0,21.0,utilitaire_camion,voiture,1,1,1,1,2
202400036135,2024-10-01 16:05:00,2024,10,1,16,5,29,29019,avenue Georges Clemenceau,48.392277,-4.490135,Plein jour,En agglomération,Hors intersection,Normale,Autre collision,4,3,4,3,1,1,1,0,1,50,1,2,1,0,1,0,25.0,,voiture,,1,2,1,1,6
202400036136,2024-08-28 01:10:00,2024,8,28,1,10,2B,2B120,11 - RT,42.64851,9.44015,Nuit sans éclairage public,Hors agglomération,Hors intersection,Normale,Deux véhicules - arrière,2,3,4,0,4,1,1,0,1,70,2,3,1,0,2,0,28.0,23.0,deux_roues,voiture,3,1,1,1,2
202400036137,2024-10-01 17:45:00,2024,10,1,17,45,27,27229,PORTEVIN (RUE),49.01798,1.1525,Plein jour,En agglomération,Hors intersection,Normale,Deux véhicules - côté,4,1,0,0,1,1,1,0,1,50,2,2,1,0,0,1,38.0,21.0,voiture,deux_roues,1,2,1,1,3
202400036138,2024-08-26 20:45:00,2024,8,26,20,45,971,97101,PALAIS ROYAL,16.29372,-61.49472,Nuit sans éclairage public,Hors agglomération,Intersection en X,Normale,Deux véhicules - côté,3,2,2,0,1,1,1,0,1,50,2,2,1,0,0,1,45.0,54.0,voiture,voiture,3,1,2,1,3
202400036138,2024-08-26 20:45:00,2024,8,26,20,45,971,97101,PALAIS ROYAL,16.29372,-61.49472,Nuit sans éclairage public,Hors agglomération,Intersection en X,Normale,Deux véhicules - côté,3,2,2,0,1,2,1,9,1,50,2,2,1,0,0,1,45.0,54.0,voiture,voiture,3,1,2,1,3
202400036139,2024-10-02 16:30:00,2024,10,2,16,30,25,25056,DOLE RUE DE (sup 200),47.22555556,5.97527778,Plein jour,En agglomération,Hors intersection,Normale,Deux véhicules - arrière,3,3,5,0,2,1,1,0,1,70,2,3,2,0,0,1,20.0,29.0,voiture,voiture,1,2,1,1,2
202400036140,2024-08-24 01:55:00,2024,8,24,1,55,971,97113,PETIT HAVRE (SECTEUR),16.2157,-61.42281,Nuit sans éclairage public,Hors agglomération,Hors intersection,Autre,Deux véhicules - frontale,2,2,0,0,1,3,2,0,1,70,2,3,1,0,1,1,50.0,52.0,voiture,utilitaire_camion,3,1,1,9,1
202400036141,2024-10-02 14:42:00,2024,10,2,14,42,22,22278,PROSPERITE (DE LA),48.51521,-2.73795,Plein jour,En agglomération,Intersection en T,Normale,Deux véhicules - frontale,4,2,2,0,1,1,1,0,1,30,2,2,1,0,0,1,62.0,16.0,voiture,deux_roues,1,2,3,1,1
202400036141,2024-10-02 14:42:00,2024,10,2,14,42,22,22278,PROSPERITE (DE LA),48.51521,-2.73795,Plein jour,En agglomération,Intersection en T,Normale,Deux véhicules - frontale,4,2,2,0,1,1,1,0,1,30,2,2,1,0,0,1,62.0,16.0,voiture,deux_roues,1,2,3,1,1
202400036142,2024-08-27 07:08:00,2024,8,27,7,8,95,95268,D84,48.95973776,2.39905823,Plein jour,En agglomération,Intersection en Y,Normale,Deux véhicules - frontale,3,2,4,0,1,1,1,9,1,50,2,2,1,0,0,1,41.0,28.0,deux_roues,voiture,1,2,4,1,1
202400036142,2024-08-27 07:08:00,2024,8,27,7,8,95,95268,D84,48.95973776,2.39905823,Plein jour,En agglomération,Intersection en Y,Normale,Deux véhicules - frontale,3,1,4,0,1,1,1,9,1,50,2,2,1,0,0,1,41.0,28.0,deux_roues,voiture,1,2,4,1,1
202400036143,2024-10-02 20:45:00,2024,10,2,20,45,13,13071,CHATEAU (MONTEE DU ),43.41128711,5.31233137,Nuit avec éclairage allumé,En agglomération,Intersection en Y,Normale,Trois véhicules et plus - collisions multiples,4,2,3,0,2,1,1,0,1,50,3,3,1,0,0,2,76.0,28.0,voiture,voiture,5,2,4,1,5
202400036143,2024-10-02 20:45:00,2024,10,2,20,45,13,13071,CHATEAU (MONTEE DU ),43.41128711,5.31233137,Nuit avec éclairage allumé,En agglomération,Intersection en Y,Normale,Trois véhicules et plus - collisions multiples,4,2,3,0,2,1,1,0,1,50,3,3,1,0,0,2,76.0,28.0,voiture,voiture,5,2,4,1,5
202400036144,2024-08-27 17:30:00,2024,8,27,17,30,95,95219,D140,48.99321228,2.26454885,Plein jour,En agglomération,Hors intersection,Temps éblouissant,Deux véhicules - côté,3,2,2,1,2,1,1,0,1,30,2,2,1,0,0,1,74.0,27.0,voiture,deux_roues,1,2,1,7,3
202400036145,2024-10-02 08:30:00,2024,10,2,8,30,13,13103,AVENUE DE LA PATROUILLE DE FRANCE-RN 538,43.62208,5.09909,Plein jour,En agglomération,Intersection en T,Normale,Deux véhicules - côté,4,2,2,0,1,1,1,0,1,50,2,3,0,0,2,1,22.0,32.0,utilitaire_camion,utilitaire_camion,1,2,3,1,3
202400036145,2024-10-02 08:30:00,2024,10,2,8,30,13,13103,AVENUE DE LA PATROUILLE DE FRANCE-RN 538,43.62208,5.09909,Plein jour,En agglomération,Intersection en T,Normale,Deux véhicules - côté,4,2,2,0,1,1,1,0,1,50,2,3,0,0,2,1,22.0,32.0,utilitaire_camion,utilitaire_camion,1,2,3,1,3
202400036146,2024-10-02 20:50:00,2024,10,2,20,50,13,13213,BARRY (BOULEVARD),43.31674,5.40812,Nuit avec éclairage allumé,En agglomération,Autre intersection,Normale,Deux véhicules - frontale,4,2,2,0,1,1,1,0,1,50,1,2,1,0,1,0,,,voiture,,5,2,9,1,1
202400036147,2024-08-27 10:00:00,2024,8,27,10,0,91,91425,RTE D ORLEANS RN 20,48.64384,2.26978,Plein jour,En agglomération,Hors intersection,Normale,Deux véhicules - côté,3,3,4,0,1,1,1,0,1,70,2,2,1,0,0,1,48.0,30.0,voiture,deux_roues,1,2,1,1,3
202400036148,2024-10-02 21:22:00,2024,10,2,21,22,13,13213,ALPHONSE DAUDET (RUE),43.32222,5.41266,Nuit avec éclairage allumé,En agglomération,Intersection en X,Normale,Deux véhicules - côté,4,2,8,0,1,1,1,0,1,50,2,3,2,0,0,1,24.0,,utilitaire_camion,voiture,5,2,2,1,3
202400036148,2024-10-02 21:22:00,2024,10,2,21,22,13,13213,ALPHONSE DAUDET (RUE),43.32222,5.41266,Nuit avec éclairage allumé,En agglomération,Intersection en X,Normale,Deux véhicules - côté,4,-1,1,0,1,1,1,0,1,50,2,3,2,0,0,1,24.0,,utilitaire_camion,voiture,5,2,2,1,3
202400036149,2024-08-26 16:43:00,2024,8,26,16,43,87,87085,ALLENDE (QUAI SALVADOR),45.81745,1.25264,Plein jour,En agglomération,Intersection en T,Normale,Deux véhicules - côté,2,4,0,0,1,1,1,3,1,50,2,2,1,0,0,1,56.0,30.0,voiture,voiture,1,2,3,1,3
202400036149,2024-08-26 16:43:00,2024,8,26,16,43,87,87085,ALLENDE (QUAI SALVADOR),45.81745,1.25264,Plein jour,En agglomération,Intersection en T,Normale,Deux véhicules - côté,2,4,0,0,1,1,1,0,1,50,2,2,1,0,0,1,56.0,30.0,voiture,voiture,1,2,3,1,3
202400036150,2024-10-02 21:00:00,2024,10,2,21,0,13,13211,VALENTINE (ROUTE DE LA),43.28997882,5.47717452,Nuit avec éclairage allumé,En agglomération,Giratoire,Normale,Deux véhicules - côté,4,1,2,0,2,2,1,0,1,50,2,2,1,0,0,1,19.0,21.0,voiture,deux_roues,5,2,6,1,3
202400036150,2024-10-02 21:00:00,2024,10,2,21,0,13,13211,VALENTINE (ROUTE DE LA),43.28997882,5.47717452,Nuit avec éclairage allumé,En agglomération,Giratoire,Normale,Deux véhicules - côté,4,1,2,0,2,2,1,0,1,50,2,2,1,0,0,1,19.0,21.0,voiture,deux_roues,5,2,6,1,3
202400036151,2024-08-26 12:40:00,2024,8,26,12,40,86,86194,Avenue du 8 Mai 1945,46.55606,0.308636,Plein jour,En agglomération,Intersection en X,Normale,Deux véhicules - côté,4,3,3,0,1,1,1,0,1,50,2,2,0,0,0,2,69.0,53.0,utilitaire_camion,utilitaire_camion,1,2,2,1,3
202400036151,2024-08-26 12:40:00,2024,8,26,12,40,86,86194,Avenue du 8 Mai 1945,46.55606,0.308636,Plein jour,En agglomération,Intersection en X,Normale,Deux véhicules - côté,4,2,2,0,1,1,1,0,1,50,2,2,0,0,0,2,69.0,53.0,utilitaire_camion,utilitaire_camion,1,2,2,1,3
202400036152,2024-10-02 18:37:00,2024,10,2,18,37,13,13210,JEAN MOULIN (BOULEVARD),43.28551,5.39868,Plein jour,En agglomération,Hors intersection,Normale,Deux véhicules - arrière,4,1,3,0,1,1,1,0,1,50,2,2,0,0,0,2,23.0,27.0,deux_roues,deux_roues,1,2,1,1,2
202400036153,2024-08-26 11:55:00,2024,8,26,11,55,80,80702,DEPARTEMENTALE 7 (ROUTE),49.85979,2.31023,Plein jour,Hors agglomération,Hors intersection,Normale,Sans collision,3,2,2,0,1,3,1,0,1,80,1,1,0,0,1,0,59.0,,deux_roues,,1,1,1,1,7
202400036154,2024-10-02 18:10:00,2024,10,2,18,10,13,13216,MALAVASI AI (RUE),43.34774,5.34538,Plein jour,En agglomération,Hors intersection,Normale,Deux véhicules - arrière,4,2,2,0,1,1,1,0,1,50,1,2,1,0,1,0,,,voiture,,1,2,1,1,2
202400036155,2024-10-01 21:35:00,2024,10,1,21,35,13,13202,CARGO RHIN FIDELI (RUE),43.327,5.35586,Nuit avec éclairage allumé,En agglomération,Hors intersection,Normale,Deux véhicules - arrière,4,2,6,0,2,2,1,0,1,50,2,3,1,0,0,2,22.0,37.0,voiture,utilitaire_camion,5,2,1,1,2
202400036156,2024-08-27 14:00:00,2024,8,27,14,0,79,79329,,46.98494,-0.22608,Plein jour,En agglomération,Intersection en T,Normale,Deux véhicules - côté,3,2,2,0,1,1,1,0,1,50,2,4,1,0,0,3,27.0,26.0,voiture,deux_roues,1,2,3,1,3
202400036156,2024-08-27 14:00:00,2024,8,27,14,0,79,79329,,46.98494,-0.22608,Plein jour,En agglomération,Intersection en T,Normale,Deux véhicules - côté,3,2,2,0,1,1,1,0,1,50,2,4,1,0,0,3,27.0,26.0,voiture,deux_roues,1,2,3,1,3
202400036157,2024-08-25 19:15:00,2024,8,25,19,15,77,77186,d301 de chantoiseau /grand veneur,48.36146,2.6688,Plein jour,Hors agglomération,Hors intersection,Normale,Sans collision,3,2,2,0,1,2,1,0,1,70,1,1,0,0,1,0,47.0,,deux_roues,,1,1,1,1,7
202400036158,2024-10-02 13:30:00,2024,10,2,13,30,13,13001,BELGES (AV DES),43.52593,5.44504,Plein jour,En agglomération,Place,Normale,Autre collision,4,2,3,0,1,1,1,5,1,50,1,3,2,0,0,1,20.0,,deux_roues,,1,2,7,1,6
202400036159,2024-08-27 22:15:00,2024,8,27,22,15,76,76575,Boulevard Lénine,49.38114112,1.10959646,Nuit avec éclairage allumé,Hors agglomération,Intersection en X,Normale,Deux véhicules - frontale,7,2,2,0,1,1,1,0,1,50,2,2,1,0,1,0,33.0,20.0,deux_roues,voiture,5,1,2,1,1
202400036159,2024-08-27 22:15:00,2024,8,27,22,15,76,76575,Boulevard Lénine,49.38114112,1.10959646,Nuit avec éclairage allumé,Hors agglomération,Intersection en X,Normale,Deux véhicules - frontale,7,3,4,0,1,1,1,-1,1,90,2,2,1,0,1,0,33.0,20.0,deux_roues,voiture,5,1,2,1,1
202400036160,2024-09-23 21:10:00,2024,9,23,21,10,12,12176,SEVERAC LE CHATEAU (ROUTE DE ),44.36241,2.58835,Nuit avec éclairage allumé,En agglomération,Intersection en Y,Normale,Deux véhicules - côté,4,1,2,0,1,2,1,2,1,50,2,2,1,0,0,1,19.0,24.0,deux_roues,voiture,5,2,4,1,3
202400036160,2024-09-23 21:10:00,2024,9,23,21,10,12,12176,SEVERAC LE CHATEAU (ROUTE DE ),44.36241,2.58835,Nuit avec éclairage allumé,En agglomération,Intersection en Y,Normale,Deux véhicules - côté,4,2,2,0,1,1,1,5,1,50,2,2,1,0,0,1,19.0,24.0,deux_roues,voiture,5,2,4,1,3
202400036161,2024-09-19 15:25:00,2024,9,19,15,25,12,12202,BAMBERG (AVENUE DE),44.35925,2.5921,Plein jour,En agglomération,Hors intersection,Normale,Autre collision,4,2,2,0,4,1,1,0,1,30,1,2,1,0,0,1,,,autre,,1,2,1,1,6
202400036162,2024-08-26 17:15:00,2024,8,26,17,15,76,76351,RD 940,49.53205,0.09621,Plein jour,Hors agglomération,Giratoire,Normale,Deux véhicules - côté,3,2,4,0,1,1,1,0,1,80,2,2,1,0,1,0,85.0,34.0,deux_roues,voiture,1,1,6,1,3
202400036162,2024-08-26 17:15:00,2024,8,26,17,15,76,76351,RD 940,49.53205,0.09621,Plein jour,Hors agglomération,Giratoire,Normale,Deux véhicules - côté,3,2,1,0,1,2,1,0,1,80,2,2,1,0,1,0,85.0,34.0,deux_roues,voiture,1,1,6,1,3
202400036163,2024-09-30 13:44:00,2024,9,30,13,44,10,10387,Mail des Charmilles,48.29664,4.08556,Plein jour,En agglomération,Hors intersection,Normale,Autre collision,4,1,2,0,1,1,1,0,6,50,1,2,1,0,0,1,54.0,,voiture,,1,2,1,1,6
202400036164,2024-10-02 11:35:00,2024,10,2,11,35,06,06029,16 Boulevard Jean Hibert,43.54839,7.00949,Plein jour,En agglomération,Hors intersection,Normale,Trois véhicules et plus - collisions multiples,4,2,2,0,1,1,1,0,1,30,3,3,2,0,0,1,54.0,25.0,deux_roues,utilitaire_camion,1,2,1,1,5
202400036165,2024-08-27 11:25:00,2024,8,27,11,25,70,70513,Chemin de Vaivre à Grattery,47.64609,6.09365,Plein jour,Hors agglomération,Hors intersection,Normale,Deux véhicules - frontale,4,-1,2,0,2,2,1,1,1,70,2,2,1,0,1,0,77.0,76.0,voiture,deux_roues,1,1,1,1,1
202400036166,2024-09-10 19:10:00,2024,9,10,19,10,05,05061,Route des Près,44.5341,6.07002,Plein jour,En agglomération,Intersection en Y,Normale,Deux véhicules - côté,4,2, -1,0,1,1,1,0,1,50,2,2,1,0,0,1,19.0,62.0,voiture,deux_roues,1,2,4,1,3
202400036166,2024-09-10 19:10:00,2024,9,10,19,10,05,05061,Route des Près,44.5341,6.07002,Plein jour,En agglomération,Intersection en Y,Normale,Deux véhicules - côté,4,2,2,0,1,1,1,0,1,50,2,2,1,0,0,1,19.0,62.0,voiture,deux_roues,1,2,4,1,3
202400036167,2024-08-26 23:30:00,2024,8,26,23,30,67,67482,CONTADES (PARC DES),48.58988,7.75715,Nuit avec éclairage allumé,En agglomération,Hors intersection,Normale,Sans collision,4,-1,0,0,1,1,9,9,8,5,1,1,0,0,0,1,16.0,,deux_roues,,5,2,1,1,7
202400036168,2024-09-29 12:15:00,2024,9,29,12,15,05,05061,LADOUCETTE ( COURS ),44.56204,6.08373,Plein jour,En agglomération,Hors intersection,Normale,Autre collision,2,2,3,2,1,1,1,0,1,50,1,1,0,0,0,1,54.0,,deux_roues,,1,2,1,1,6
202400036169,2024-09-13 06:54:00,2024,9,13,6,54,05,05061,Avenue Jean Jaurès,44.54999,6.06857,Crépuscule ou aube,En agglomération,Intersection en T,Normale,Deux véhicules - côté,2,2,1,0,1,1,1,0,1,50,2,2,1,0,0,1,23.0,31.0,voiture,voiture,2,2,3,1,3
202400036169,2024-09-13 06:54:00,2024,9,13,6,54,05,05061,Avenue Jean Jaurès,44.54999,6.06857,Crépuscule ou aube,En agglomération,Intersection en T,Normale,Deux véhicules - côté,2,2,2,0,1,1,1,0,1,50,2,2,1,0,0,1,23.0,31.0,voiture,voiture,2,2,3,1,3
202400036170,2024-08-26 13:20:00,2024,8,26,13,20,67,67482,HOPITAL (ROUTE DE L ),48.57314,7.750058,Plein jour,En agglomération,Intersection en T,Normale,Deux véhicules - côté,4,1,2,0,2,3,1,5,8,50,2,2,1,0,0,1,36.0,79.0,deux_roues,voiture,1,2,3,1,3