accident_id,datetime,annee,mois,jour,heure,minute,departement,commune_insee,adresse,latitude,longitude,luminosite,agglomeration,intersection,meteo,collision,catr,circ,nbv,vosp,prof,plan,surf,infra,situ,vma,nb_vehicules,nb_usagers,nb_indemnes,nb_tues,nb_blesses_hosp,nb_blesses_legers,age_cond_1,age_cond_2,veh_type_cond_1,veh_type_cond_2,lum_code,agg_code,int_code,atm_code,col_code
202400036234,2024-08-27 10:00:00,2024,8,27,10,0,28,28085,BOURGNEUF (RUE DU),48.45412066,1.48773819,Plein jour,En agglomération,Intersection en Y,Normale,Deux véhicules - côté,3,1,1,0,1,1,1,0,8,30,2,2,0,0,0,2,57.0,27.0,deux_roues,voiture,1,2,4,1,3
202400036235,2024-06-21 10:50:00,2024,6,21,10,50,59,59221,D958,50.319438,3.514667,Plein jour,En agglomération,Giratoire,Pluie forte,Deux véhicules - frontale,3,2,2,0,1,1,2,0,1,80,1,2,1,0,0,1,75.0,,voiture,,1,2,6,3,1
202400036236,2024-10-02 17:05:00,2024,10,2,17,5,92,92012,JEAN BAPTISTE CLEMENT (AVENUE) 49/FIN -,48.84330461,2.2318688,Plein jour,En agglomération,Hors intersection,Normale,Deux véhicules - côté,3,2,2,0,1,1,1,0,1,30,2,2,1,0,0,1,48.0,44.0,voiture,deux_roues,1,2,1,1,3
202400036237,2024-08-27 08:06:00,2024,8,27,8,6,22,22278,CORNEILLE COTE PAIR,48.51215,-2.75203,Crépuscule ou aube,En agglomération,Hors intersection,Normale,Deux véhicules - côté,4,1,1,1,1,1,1,5,5,30,2,2,1,0,0,1,64.0,19.0,voiture,deux_roues,2,2,1,1,3
202400036238,2024-06-19 12:15:00,2024,6,19,12,15,13,13088,A55-Sens Marseille vers Martigues,43.39134,5.25011,Plein jour,Hors agglomération,Hors intersection,Normale,Trois véhicules et plus - en chaîne,1,1,2,0,1,1,1,0,1,110,3,3,2,0,0,1,27.0,21.0,voiture,voiture,1,1,1,1,4
202400036239,2024-10-03 13:30:00,2024,10,3,13,30,63,63026,"D145, lieu-dit Prades",45.62605754,2.98819146,Plein jour,Hors agglomération,Hors intersection,Pluie légère,Deux véhicules - frontale,3,2,2,0,1,3,2,0,1,90,2,2,1,0,0,1,56.0,38.0,voiture,utilitaire_camion,1,1,1,2,1
202400036240,2024-08-27 03:20:00,2024,8,27,3,20,18,18267,Route de Châteauneuf,47.05036,2.37932,Nuit sans éclairage public,En agglomération,Autre intersection,Normale,Sans collision,3,2,2,0,1,1,1,0,4,50,1,2,0,0,0,2,19.0,,deux_roues,,3,2,9,1,7
202400036241,2024-09-30 15:55:00,2024,9,30,15,55,2A,2A108,RD 84,42.264162,8.833759,Plein jour,Hors agglomération,Hors intersection,Normale,Autre collision,3,2,2,0,2,1,1,0,3,80,1,1,0,0,1,0,63.0,,deux_roues,,1,1,1,1,6
202400036242,2024-06-16 17:40:00,2024,6,16,17,40,01,01275,A46N 25.180 A 25.680,45.808255,4.919255,Plein jour,Hors agglomération,Hors intersection,Normale,Deux véhicules - arrière,1,1,3,0,2,1,1,0,1,70,2,3,0,0,0,3,56.0,59.0,voiture,deux_roues,1,1,1,1,2
202400036243,2024-08-27 23:45:00,2024,8,27,23,45,13,13211,PARETTE (PLACE DE LA),43.29274414,5.42483781,Nuit avec éclairage allumé,En agglomération,Hors intersection,Normale,Deux véhicules - côté,4,2,5,0,2,1,1,3,1,50,2,2,1,0,0,1,20.0,28.0,voiture,deux_roues,5,2,1,1,3
202400036244,2024-10-01 16:20:00,2024,10,1,16,20,2A,2A258,D70,42.210481,8.82024,Plein jour,Hors agglomération,Hors intersection,Normale,Sans collision,3,2,2,0,1,2,1,0,3,80,1,1,0,0,1,0,53.0,,deux_roues,,1,1,1,1,7
202400036245,2024-06-20 17:20:00,2024,6,20,17,20,33,33143,,44.968808,-0.436622,Plein jour,Hors agglomération,Hors intersection,Normale,Deux véhicules - arrière,1,3,6,0,1,1,1,0,1,130,2,2,1,0,0,1,32.0,42.0,voiture,voiture,1,1,1,1,2
202400036246,2024-08-26 17:45:00,2024,8,26,17,45,12,12145,Rue du Causse Noir,44.103277,3.092322,Plein jour,En agglomération,Hors intersection,Normale,Deux véhicules - côté,3,2,2,0,2,1,1,0,1,50,2,2,1,0,0,1,60.0,46.0,voiture,deux_roues,1,2,1,1,3
202400036247,2024-10-02 21:05:00,2024,10,2,21,5,35,35172,La Basse Garenne,48.43339,-1.834663,Nuit sans éclairage public,Hors agglomération,Intersection en X,Normale,Deux véhicules - côté,3,2,2,0,2,1,1,0,1,80,2,2,0,1,1,0,66.0,47.0,voiture,voiture,3,1,2,1,3
202400036247,2024-10-02 21:05:00,2024,10,2,21,5,35,35172,La Basse Garenne,48.43339,-1.834663,Nuit sans éclairage public,Hors agglomération,Intersection en X,Normale,Deux véhicules - côté,3,2,2,0,1,1,1,0,1,80,2,2,0,1,1,0,66.0,47.0,voiture,voiture,3,1,2,1,3
202400036248,2024-06-19 08:00:00,2024,6,19,8,0,33,33039,,44.79729,-0.53813,Plein jour,Hors agglomération,Hors intersection,Normale,Sans collision,1,3,8,0,1,1,2,3,1,90,2,2,1,0,0,1,53.0,29.0,voiture,deux_roues,1,1,1,1,7
202400036249,2024-08-27 05:30:00,2024,8,27,5,30,11,11069,ROCADE NORD - RD 6113,43.204284,2.411055,Nuit sans éclairage public,Hors agglomération,Hors intersection,Normale,Deux véhicules - arrière,3,1,2,0,1,1,1,9,1,70,2,2,1,1,0,0,36.0,41.0,utilitaire_camion,deux_roues,3,1,1,1,2
202400036250,2024-10-02 06:40:00,2024,10,2,6,40,68,68088,Cité Alex,47.85113169,7.27474763,Nuit sans éclairage public,Hors agglomération,Hors intersection,Normale,Autre collision,3,2,2,0,1,1,2,0,1,70,1,2,1,0,1,0,39.0,,voiture,,3,1,1,1,6
202400036251,2024-06-19 07:58:00,2024,6,19,7,58,59,59383,AUTOROUTE A2,50.33838,3.52733,Plein jour,Hors agglomération,Hors intersection,Normale,Trois véhicules et plus - en chaîne,1,3,2,0,1,1,1,0,1,110,3,3,2,0,1,0,49.0,54.0,utilitaire_camion,deux_roues,1,1,1,1,4
202400036252,2024-10-03 12:45:00,2024,10,3,12,45,56,56052,Avenue Aristide Briand,47.517567,-2.600766,Plein jour,En agglomération,Intersection en X,Normale,Autre collision,3,2,2,0,1,1,1,0,1,50,1,2,1,1,0,0,63.0,,voiture,,1,2,2,1,6
202400036252,2024-10-03 12:45:00,2024,10,3,12,45,56,56052,Avenue Aristide Briand,47.517567,-2.600766,Plein jour,En agglomération,Intersection en X,Normale,Autre collision,3,2,2,-1,1,1,1,0,1,-1,1,2,1,1,0,0,63.0,,voiture,,1,2,2,1,6
202400036253,2024-08-26 17:23:00,2024,8,26,17,23,10,10297,Rue Danton,48.3242,4.1048,Plein jour,En agglomération,Intersection en T,Normale,Deux véhicules - côté,4,2,2,0,2,2,1,0,1,50,2,2,1,0,1,0,19.0,65.0,deux_roues,voiture,1,2,3,1,3
202400036253,2024-08-26 17:23:00,2024,8,26,17,23,10,10297,Rue Danton,48.3242,4.1048,Plein jour,En agglomération,Intersection en T,Normale,Deux véhicules - côté,4,2,2,0,1,1,1,0,1,50,2,2,1,0,1,0,19.0,65.0,deux_roues,voiture,1,2,3,1,3
202400036254,2024-06-20 20:20:00,2024,6,20,20,20,91,91339,RN 104,48.6278,2.25856,Plein jour,Hors agglomération,Hors intersection,Normale,Deux véhicules - côté,2,3,2,0,2,3,1,0,1,110,2,3,0,0,0,3,25.0,50.0,voiture,utilitaire_camion,1,1,1,1,3
202400036255,2024-08-26 13:20:00,2024,8,26,13,20,10,10387,Avenue Pasteur,48.3021,4.0635,Plein jour,En agglomération,Hors intersection,Normale,Autre collision,4,2,2,0,1,1,1,0,1,50,1,2,1,0,0,1,18.0,,deux_roues,,1,2,1,1,6
202400036256,2024-10-01 18:15:00,2024,10,1,18,15,56,56206,Rue du Pont,47.690157,-2.729266,Plein jour,Hors agglomération,Hors intersection,Normale,Trois véhicules et plus - collisions multiples,3,2,2,0,1,1,1,0,1,80,3,3,0,0,2,1,35.0,57.0,voiture,voiture,1,1,1,1,5
202400036257,2024-06-20 09:00:00,2024,6,20,9,0,91,91286,AUTOROUTE A6,48.65441,2.38031,Plein jour,Hors agglomération,Hors intersection,Normale,Trois véhicules et plus - collisions multiples,1,3,3,0,1,1,1,0,1,110,4,4,3,0,0,1,42.0,23.0,voiture,deux_roues,1,1,1,1,5
202400036258,2024-08-26 16:30:00,2024,8,26,16,30,07,07186,SEGUIN (AVENUE MARC),44.717,4.613,Plein jour,En agglomération,Hors intersection,Normale,Sans collision,4,1,1,0,2,3,1,0,1,50,1,1,0,0,1,0,43.0,,deux_roues,,1,2,1,1,7
202400036259,2024-10-01 07:10:00,2024,10,1,7,10,79,79137,,46.243115,-0.466876,Nuit sans éclairage public,Hors agglomération,Hors intersection,Pluie légère,Deux véhicules - arrière,3,2,2,0,1,1,2,3,1,90,2,2,1,0,1,0,27.0,56.0,voiture,deux_roues,3,1,1,2,2
202400036260,2024-06-20 10:10:00,2024,6,20,10,10,94,94065,A86,48.75508805,2.3449117,Plein jour,Hors agglomération,Hors intersection,Normale,Deux véhicules - arrière,2,2,4,0,1,1,1,0,1,90,2,2,1,0,0,1,86.0,23.0,voiture,deux_roues,1,1,1,1,2
202400036261,2024-10-01 11:05:00,2024,10,1,11,5,2A,2A085,T40,41.914917,8.885386,Plein jour,Hors agglomération,Hors intersection,Normale,Deux véhicules - côté,2,2,2,0,2,1,1,0,1,90,2,2,1,0,1,0,43.0,63.0,deux_roues,voiture,1,1,1,1,3
202400036262,2024-08-23 23:48:00,2024,8,23,23,48,06,06004,55 Avenue de Cannes,43.573649,7.088926,Nuit avec éclairage allumé,En agglomération,Hors intersection,Normale,Deux véhicules - côté,3,3,4,0,1,1,1,0,1,50,2,3,0,0,1,2,15.0,29.0,voiture,voiture,5,2,1,1,3
202400036263,2024-06-20 07:45:00,2024,6,20,7,45,91,91692,RN 118,48.67188,2.19403,Plein jour,Hors agglomération,Hors intersection,Normale,Deux véhicules - arrière,2,1,2,0,1,1,1,0,1,90,2,2,1,0,0,1,35.0,33.0,deux_roues,voiture,1,1,1,1,2
202400036264,2024-10-02 17:30:00,2024,10,2,17,30,89,89151,D660,48.115697,3.150073,Plein jour,Hors agglomération,Intersection en X,Pluie légère,Deux véhicules - arrière,3,2,2,0,1,1,2,0,1,90,2,3,0,0,0,3,41.0,20.0,utilitaire_camion,voiture,1,1,2,2,2
202400036264,2024-10-02 17:30:00,2024,10,2,17,30,89,89151,D660,48.115697,3.150073,Plein jour,Hors agglomération,Intersection en X,Pluie légère,Deux véhicules - arrière,3,2,2,0,1,1,2,5,1,90,2,3,0,0,0,3,41.0,20.0,utilitaire_camion,voiture,1,1,2,2,2
202400036265,2024-08-25 11:10:00,2024,8,25,11,10,03,03095,Rue Gambetta,46.1342,3.45523,Plein jour,En agglomération,Intersection en T,Normale,Deux véhicules - côté,4,3,1,0,1,1,1,0,1,50,2,2,1,0,1,0,56.0,22.0,deux_roues,voiture,1,2,3,1,3
202400036265,2024-08-25 11:10:00,2024,8,25,11,10,03,03095,Rue Gambetta,46.1342,3.45523,Plein jour,En agglomération,Intersection en T,Normale,Deux véhicules - côté,4,2,2,0,1,1,1,0,1,50,2,2,1,0,1,0,56.0,22.0,deux_roues,voiture,1,2,3,1,3
202400036266,2024-06-19 08:35:00,2024,6,19,8,35,92,92023,A86 EXT ,48.77613557,2.22877679,Plein jour,Hors agglomération,Hors intersection,Normale,Deux véhicules - arrière,2,1,3,0,1,1,1,0,1,90,2,2,1,0,0,1,43.0,53.0,deux_roues,voiture,1,1,1,1,2
202400036267,2024-08-27 16:22:00,2024,8,27,16,22,01,01289,Route de Saint André sur Vieux Jonc,46.16953,5.18498,Plein jour,Hors agglomération,Hors intersection,Temps éblouissant,Sans collision,3,2,2,0,3,2,1,0,1,80,1,1,0,0,0,1,41.0,,deux_roues,,1,1,1,7,7
202400036268,2024-06-20 15:55:00,2024,6,20,15,55,93,93006,A3,48.86723765,2.42630063,Plein jour,Hors agglomération,Hors intersection,Temps couvert,Deux véhicules - côté,1,3,4,0,1,1,1,0,1,90,2,2,1,0,0,1,21.0,62.0,voiture,deux_roues,1,1,1,8,3
202400036269,2024-10-03 11:45:00,2024,10,3,11,45,34,34051,Avenue Paul Demarne,43.601523,3.487118,Plein jour,En agglomération,Intersection en X,Temps éblouissant,Deux véhicules - côté,3,2,2,0,1,1,1,0,1,50,2,2,1,0,1,0,76.0,57.0,deux_roues,utilitaire_camion,1,2,2,7,3
202400036269,2024-10-03 11:45:00,2024,10,3,11,45,34,34051,Avenue Paul Demarne,43.601523,3.487118,Plein jour,En agglomération,Intersection en X,Temps éblouissant,Deux véhicules - côté,3,2, -1,-1,1,1,1,0,1,-1,2,2,1,0,1,0,76.0,57.0,deux_roues,utilitaire_camion,1,2,2,7,3
202400036270,2024-08-27 12:35:00,2024,8,27,12,35,75,75114,BD PERIPHERIQUE EXTERIEUR,48.824004,2.307669,Plein jour,En agglomération,Hors intersection,Normale,Deux véhicules - arrière,4,1,3,0,1,1,1,1,1,70,2,3,2,0,0,1,22.0,35.0,voiture,voiture,1,2,1,1,2
202400036271,2024-10-02 17:00:00,2024,10,2,17,0,25,25082,Rue de la Plaine,47.423239,6.780474,Plein jour,Hors agglomération,Hors intersection,Normale,Deux véhicules - arrière,3,2,2,0,1,1,1,8,1,90,2,2,1,0,1,0,87.0,55.0,voiture,voiture,1,1,1,1,2
202400036272,2024-06-20 13:50:00,2024,6,20,13,50,93,93007,A1,48.95037545,2.44884564,Plein jour,Hors agglomération,Hors intersection,Normale,Trois véhicules et plus - en chaîne,1,3,4,0,1,1,1,0,1,110,4,4,2,0,0,2,26.0,67.0,utilitaire_camion,voiture,1,1,1,1,4
202400036273,2024-08-26 16:00:00,2024,8,26,16,0,75,75117,BD PERIPHERIQUE INTERIEUR ,48.883329,2.28432,Plein jour,En agglomération,Hors intersection,Normale,Deux véhicules - arrière,4,1,4,0,1,1,1,1,1,70,2,2,1,0,0,1,61.0,42.0,voiture,utilitaire_camion,1,2,1,1,2
202400036274,2024-06-19 17:30:00,2024,6,19,17,30,93,93027,A86,48.92544125,2.39584565,Plein jour,Hors agglomération,Hors intersection,Temps couvert,Deux véhicules - arrière,1,3,4,0,1,1,1,0,1,90,2,2,1,0,0,1,30.0,34.0,deux_roues,voiture,1,1,1,8,2
202400036275,2024-08-27 08:00:00,2024,8,27,8,0,75,75114,BD PERIPHERIQUE EXTERIEUR,48.819703,2.326987,Plein jour,En agglomération,Hors intersection,Normale,Deux véhicules - arrière,4,-1,3,0,1,1,1,0,1,70,2,2,1,0,0,1,35.0,39.0,voiture,utilitaire_camion,1,2,1,1,2
202400036276,2024-10-01 21:20:00,2024,10,1,21,20,35,35021,D706,48.355557,-1.175419,Nuit sans éclairage public,Hors agglomération,Hors intersection,Normale,Deux véhicules - arrière,3,2,2,0,1,1,1,0,1,80,2,3,1,1,1,0,49.0,22.0,voiture,deux_roues,3,1,1,1,2
202400036277,2024-06-19 09:20:00,2024,6,19,9,20,93,93005,A3,48.95091347,2.47454259,Plein jour,Hors agglomération,Hors intersection,Temps couvert,Deux véhicules - arrière,1,3,3,0,1,1,1,0,1,90,2,2,0,0,0,2,24.0,44.0,voiture,voiture,1,1,1,8,2
202400036278,2024-10-02 14:10:00,2024,10,2,14,10,29,29014,Bronhel,48.495348,-3.639216,Plein jour,Hors agglomération,Hors intersection,Pluie légère,Autre collision,4,2,2,0,2,1,2,0,3,80,1,1,0,0,1,0,36.0,,voiture,,1,1,1,2,6
202400036279,2024-06-20 07:20:00,2024,6,20,7,20,77,77083,A4.W,48.832272,2.59931,Plein jour,Hors agglomération,Hors intersection,Normale,Deux véhicules - arrière,1,3,3,0,1,1,1,0,1,110,2,2,1,0,0,1,34.0,24.0,voiture,deux_roues,1,1,1,1,2
202400036280,2024-06-10 06:58:00,2024,6,10,6,58,44,44109,78 Boulevard de la Fraternité,47.2187551,-1.58738345,Plein jour,En agglomération,Hors intersection,Temps couvert,Autre collision,4,2,2,2,2,1,1,-1,1,50,1,1,0,0,0,1,18.0,,deux_roues,,1,2,1,8,6
202400036281,2024-10-03 08:45:00,2024,10,3,8,45,72,72241,72 Grande Rue,48.04879,0.409654,Plein jour,En agglomération,Hors intersection,Normale,Autre collision,3,2,2,0,1,1,1,6,1,30,1,2,1,0,0,1,29.0,,voiture,,1,2,1,1,6
202400036282,2024-10-03 09:20:00,2024,10,3,9,20,05,05036,RN94,44.618539,6.533175,Plein jour,Hors agglomération,Hors intersection,Normale,Deux véhicules - côté,2,2,2,0,2,2,1,0,1,80,2,2,0,0,1,1,34.0,27.0,voiture,voiture,1,1,1,1,3
202400036283,2024-01-08 17:34:00,2024,1,8,17,34,13,13211,A50-Sens Aubagne vers Marseille,43.2943,5.4593,Nuit sans éclairage public,Hors agglomération,Hors intersection,Normale,Deux véhicules - côté,1,1,3,0,1,1,1,0,1,90,2,6,5,1,0,0,55.0,36.0,deux_roues,voiture,3,1,1,1,3
202400036284,2024-10-03 08:20:00,2024,10,3,8,20,50,50347,La Petite Gravelle,48.517132,-1.279888,Plein jour,Hors agglomération,Hors intersection,Normale,Deux véhicules - frontale,3,2,2,0,2,1,1,0,1,80,2,2,1,0,1,0,60.0,18.0,voiture,voiture,1,1,1,1,1
202400036285,2024-06-14 04:32:00,2024,6,14,4,32,987,98735,POMARE V (AVENUE),-17.53243,-149.56782,Nuit avec éclairage allumé,En agglomération,Intersection en X,Normale,Deux véhicules - côté,3,2,2,0,1,1,1,0,1,50,2,2,1,0,0,1,43.0,46.0,deux_roues,voiture,5,2,2,1,3
202400036285,2024-06-14 04:32:00,2024,6,14,4,32,987,98735,POMARE V (AVENUE),-17.53243,-149.56782,Nuit avec éclairage allumé,En agglomération,Intersection en X,Normale,Deux véhicules - côté,3,2,2,0,1,1,1,0,1,50,2,2,1,0,0,1,43.0,46.0,deux_roues,voiture,5,2,2,1,3
202400036286,2024-10-02 09:00:00,2024,10,2,9,0,64,64495,d855,43.38647,-1.564533,Plein jour,Hors agglomération,Hors intersection,Pluie forte,Deux véhicules - frontale,3,2,2,0,2,3,8,0,1,80,2,2,1,0,1,0,83.0,57.0,voiture,utilitaire_camion,1,1,1,3,1
202400036287,2024-06-19 13:00:00,2024,6,19,13,0,974,97411,GAULLE (DU GENERAL DE),-20.88564,55.45147,Plein jour,En agglomération,Hors intersection,Normale,Autre collision,4,2,2,3,1,1,1,9,1,30,1,2,1,0,0,1,37.0,,transport_commun,,1,2,1,1,6
202400036288,2024-10-03 19:20:00,2024,10,3,19,20,18,18223,Route de l’Etang de la Salle,47.199201,2.391074,Crépuscule ou aube,Hors agglomération,Hors intersection,Normale,Sans collision,3,2,2,0,2,3,1,9,3,80,1,1,0,0,1,0,18.0,,voiture,,2,1,1,1,7
202400036289,2024-10-02 11:15:00,2024,10,2,11,15,43,43051,8 Rue de la Poste,45.061239,4.302531,Plein jour,En agglomération,Hors intersection,Normale,Autre collision,4,1,1,0,2,3,1,0,1,30,1,2,1,0,0,1,54.0,,voiture,,1,2,1,1,6
202400036290,2024-06-18 22:00:00,2024,6,18,22,0,974,97411,CHATEL (JEAN),-20.88264,55.45137,Nuit avec éclairage allumé,En agglomération,Intersection en X,Normale,Deux véhicules - côté,4,-1,4,0,1,1,1,5,1,50,2,3,1,0,1,1,17.0,24.0,deux_roues,voiture,5,2,2,1,3
202400036290,2024-06-18 22:00:00,2024,6,18,22,0,974,97411,CHATEL (JEAN),-20.88264,55.45137,Nuit avec éclairage allumé,En agglomération,Intersection en X,Normale,Deux véhicules - côté,4,1, -1,-1,1,1,1,5,1,-1,2,3,1,0,1,1,17.0,24.0,deux_roues,voiture,5,2,2,1,3
202400036291,2024-09-28 19:25:00,2024,9,28,19,25,36,36241,,46.857814,1.518645,Plein jour,Hors agglomération,Hors intersection,Normale,Autre collision,3,-1,2,0,1,1,1,0,8,90,1,1,0,0,0,1,59.0,,voiture,,1,1,1,1,6
202400036292,2024-06-19 07:00:00,2024,6,19,7,0,973,97302,REPUBLIQUE (BD DE LA),4.93856,-52.32047,Plein jour,En agglomération,Hors intersection,Normale,Deux véhicules - côté,4,1,1,1,1,1,1,0,1,30,2,2,1,0,0,1,29.0,12.0,voiture,deux_roues,1,2,1,1,3
202400036293,2024-06-19 08:17:00,2024,6,19,8,17,69,69383,Rue des Dahlias,45.74863,4.87241,Plein jour,En agglomération,Hors intersection,Normale,Autre collision,4,1,1,0,1,1,1,0,1,30,1,2,1,0,0,1,41.0,,voiture,,1,2,1,1,6
202400036294,2024-10-01 17:45:00,2024,10,1,17,45,07,07292,Route des Monts du Vivarais,45.16881454,4.69383494,Plein jour,Hors agglomération,Intersection en X,Normale,Deux véhicules - côté,3,3,2,0,1,1,1,5,1,70,2,3,2,0,1,0,14.0,73.0,deux_roues,voiture,1,1,2,1,3
202400036294,2024-10-01 17:45:00,2024,10,1,17,45,07,07292,Route des Monts du Vivarais,45.16881454,4.69383494,Plein jour,Hors agglomération,Intersection en X,Normale,Deux véhicules - côté,3,3,2,0,1,1,1,5,1,70,2,3,2,0,1,0,14.0,73.0,deux_roues,voiture,1,1,2,1,3
202400036295,2024-10-02 11:25:00,2024,10,2,11,25,53,53073,Les Besneraies,47.80293753,-1.09531719,Plein jour,Hors agglomération,Hors intersection,Normale,Sans collision,3,2,2,0,1,1,1,0,3,80,1,1,0,0,1,0,75.0,,utilitaire_camion,,1,1,1,1,7
202400036296,2024-06-19 11:43:00,2024,6,19,11,43,971,97101,BOULEVARD DES HEROS,16.25158,-61.51582,Plein jour,Hors agglomération,Hors intersection,Normale,Deux véhicules - arrière,3,2,2,0,2,2,1,0,1,70,2,4,3,0,0,1,56.0,51.0,utilitaire_camion,voiture,1,1,1,1,2
202400036297,2024-06-19 07:49:00,2024,6,19,7,49,95,95063,D392,48.92957503,2.21359379,Plein jour,En agglomération,Hors intersection,Normale,Deux véhicules - côté,3,2,2,0,1,1,1,0,1,50,2,2,1,0,0,1,54.0,24.0,voiture,deux_roues,1,2,1,1,3
202400036298,2024-06-18 12:20:00,2024,6,18,12,20,87,87085,SCHUMAN (BOULEVARD ROBERT),45.8685,1.27827,Plein jour,Hors agglomération,Giratoire,Normale,Autre collision,4,1,2,0,1,2,1,5,1,50,2,2,1,0,1,0,49.0,37.0,deux_roues,utilitaire_camion,1,1,6,1,6
202400036299,2024-10-02 13:15:00,2024,10,2,13,15,40,40233,941 Route de Labatut,43.591824,-1.008711,Plein jour,Hors agglomération,Hors intersection,Pluie légère,Deux véhicules - côté,3,3,2,0,3,3,3,0,1,80,2,11,8,0,1,2,38.0,59.0,utilitaire_camion,transport_commun,1,1,1,2,3
202400036300,2024-06-17 09:11:00,2024,6,17,9,11,87,87085,RUBEN (AVENUE ERNEST),45.82581,1.25068,Plein jour,En agglomération,Intersection en T,Normale,Autre collision,4,4,3,0,1,1,1,0,1,30,1,2,1,0,1,0,76.0,,voiture,,1,2,3,1,6
202400036300,2024-06-17 09:11:00,2024,6,17,9,11,87,87085,RUBEN (AVENUE ERNEST),45.82581,1.25068,Plein jour,En agglomération,Intersection en T,Normale,Autre collision,4,1,2,0,1,1,1,0,1,30,1,2,1,0,1,0,76.0,,voiture,,1,2,3,1,6
202400036301,2024-09-30 16:05:00,2024,9,30,16,5,24,24371, Route des plateaux,45.20312795,0.52392662,Plein jour,Hors agglomération,Hors intersection,Temps couvert,Autre collision,3,2,2,0,1,3,2,0,1,80,1,3,2,0,1,0,18.0,,voiture,,1,1,1,8,6
202400036302,2024-06-19 08:55:00,2024,6,19,8,55,83,83137,STRASBOURG (BD DE ),43.12523,5.93093,Plein jour,En agglomération,Hors intersection,Normale,Autre collision,4,2,6,3,1,1,1,0,1,50,1,2,1,0,0,1,34.0,,voiture,,1,2,1,1,6
202400036303,2024-10-03 11:45:00,2024,10,3,11,45,04,04208,RD18b,43.992984,5.557473,Plein jour,Hors agglomération,Hors intersection,Normale,Autre collision,3,2,2,0,2,2,1,0,3,80,1,1,0,0,1,0,67.0,,deux_roues,,1,1,1,1,6
202400036304,2024-06-19 10:15:00,2024,6,19,10,15,81,81004,8 Rue Porta,43.93506,2.14594,Plein jour,En agglomération,Hors intersection,Normale,Autre collision,4,1,2,0,1,1,1,0,1,50,1,2,1,0,0,1,77.0,,voiture,,1,2,1,1,6
202400036305,2024-06-19 18:00:00,2024,6,19,18,0,78,78146,MAISONS (ROUTE DE),48.90248,2.15186,Plein jour,En agglomération,Intersection en X,Normale,Deux véhicules - côté,4,2,2,0,1,1,1,0,1,50,2,2,1,0,0,1,58.0,17.0,voiture,deux_roues,1,2,2,1,3
202400036305,2024-06-19 18:00:00,2024,6,19,18,0,78,78146,MAISONS (ROUTE DE),48.90248,2.15186,Plein jour,En agglomération,Intersection en X,Normale,Deux véhicules - côté,4,2,2,0,1,1,1,0,1,50,2,2,1,0,0,1,58.0,17.0,voiture,deux_roues,1,2,2,1,3
202400036306,2024-10-02 11:45:00,2024,10,2,11,45,04,04192,Route d'Avignon (Lincel),43.879989,5.703755,Plein jour,Hors agglomération,Hors intersection,Normale,Deux véhicules - frontale,3,2,2,0,2,2,1,0,1,80,2,2,1,0,1,0,50.0,42.0,deux_roues,voiture,1,1,1,1,1
202400036307,2024-06-19 07:20:00,2024,6,19,7,20,73,73029,N201,45.56813,5.94227,Plein jour,Hors agglomération,Hors intersection,Normale,Autre collision,2,3,1,0,2,3,1,3,1,50,1,1,0,0,0,1,44.0,,voiture,,1,1,1,1,6
202400036308,2024-08-23 18:50:00,2024,8,23,18,50,85,85193,D 19/ D50,46.5307,-1.277257,Plein jour,Hors agglomération,Intersection en T,Normale,Autre collision,3,2,2,0,1,1,1,0,3,80,1,1,0,1,0,0,60.0,,voiture,,1,1,3,1,6
202400036308,2024-08-23 18:50:00,2024,8,23,18,50,85,85193,D 19/ D50,46.5307,-1.277257,Plein jour,Hors agglomération,Intersection en T,Normale,Autre collision,3,2, -1,-1,1,1,1,0,1,-1,1,1,0,1,0,0,60.0,,voiture,,1,1,3,1,6
202400036309,2024-06-18 05:40:00,2024,6,18,5,40,72,72181,LEFAUCHEUX PIERRE (BD),47.97367,0.17361,Nuit avec éclairage non allumé,En agglomération,Intersection en X,Pluie légère,Deux véhicules - côté,4,2,2,0,1,1,1,0,1,50,2,2,1,0,0,1,26.0,69.0,utilitaire_camion,voiture,4,2,2,2,3
202400036309,2024-06-18 05:40:00,2024,6,18,5,40,72,72181,LEFAUCHEUX PIERRE (BD),47.97367,0.17361,Nuit avec éclairage non allumé,En agglomération,Intersection en X,Pluie légère,Deux véhicules - côté,4,2,2,0,1,1,1,0,1,50,2,2,1,0,0,1,26.0,69.0,utilitaire_camion,voiture,4,2,2,2,3
202400036310,2024-10-03 10:50:00,2024,10,3,10,50,52,52118,N67,48.47819207,5.12092166,Plein jour,Hors agglomération,Hors intersection,Normale,Deux véhicules - frontale,3,2,2,0,1,1,2,0,1,90,2,4,0,0,2,2,45.0,43.0,voiture,voiture,1,1,1,1,1
202400036311,2024-06-19 09:40:00,2024,6,19,9,40,71,71270,SAINT-CLEMENT (PLACE),46.29772,4.82141,Plein jour,En agglomération,Giratoire,Temps éblouissant,Deux véhicules - côté,3,2,2,1,1,1,1,5,1,50,2,2,1,0,0,1,69.0,83.0,deux_roues,voiture,1,2,6,7,3
202400036311,2024-06-19 09:40:00,2024,6,19,9,40,71,71270,SAINT-CLEMENT (PLACE),46.29772,4.82141,Plein jour,En agglomération,Giratoire,Temps éblouissant,Deux véhicules - côté,3,4,0,1,1,3,1,5,1,50,2,2,1,0,0,1,69.0,83.0,deux_roues,voiture,1,2,6,7,3