accident_id,datetime,annee,mois,jour,heure,minute,departement,commune_insee,adresse,latitude,longitude,luminosite,agglomeration,intersection,meteo,collision,catr,circ,nbv,vosp,prof,plan,surf,infra,situ,vma,nb_vehicules,nb_usagers,nb_indemnes,nb_tues,nb_blesses_hosp,nb_blesses_legers,age_cond_1,age_cond_2,veh_type_cond_1,veh_type_cond_2,lum_code,agg_code,int_code,atm_code,col_code
202400036312,2024-09-26 13:50:00,2024,9,26,13,50,08,08170,D6,49.7911,4.960949,Plein jour,Hors agglomération,Intersection en X,Pluie légère,Deux véhicules - côté,3,2,1,0,1,1,2,0,1,80,2,4,3,0,0,1,54.0,78.0,voiture,voiture,1,1,2,2,3
202400036312,2024-09-26 13:50:00,2024,9,26,13,50,08,08170,D6,49.7911,4.960949,Plein jour,Hors agglomération,Intersection en X,Pluie légère,Deux véhicules - côté,3,2,2,0,1,1,2,0,1,-1,2,4,3,0,0,1,54.0,78.0,voiture,voiture,1,1,2,2,3
202400036313,2024-06-19 16:05:00,2024,6,19,16,5,69,69264,Rue Francois Meunier Vial,45.99652,4.73447,Plein jour,En agglomération,Hors intersection,Normale,Autre collision,4,2,2,1,1,1,1,0,1,50,1,5,2,0,0,3,43.0,,utilitaire_camion,,1,2,1,1,6
202400036314,2024-06-19 13:00:00,2024,6,19,13,0,69,69091,Rue de Montrond,45.58584252,4.76392497,Plein jour,En agglomération,Place,Normale,Deux véhicules - côté,6,-1,0,0,1,1,1,0,1,20,2,2,1,0,0,1,47.0,20.0,voiture,voiture,1,2,7,1,3
202400036315,2024-10-02 13:10:00,2024,10,2,13,10,973,97309,2161B Rte de Rémire,4.906148,-52.273014,Plein jour,En agglomération,Hors intersection,Normale,Deux véhicules - côté,3,2,2,0,1,1,1,0,1,50,2,2,1,0,1,0,15.0,58.0,deux_roues,voiture,1,2,1,1,3
202400036316,2024-06-18 14:34:00,2024,6,18,14,34,67,67482,ROYAL (PONT),48.58460402,7.75793552,Plein jour,En agglomération,Passage à niveau,Normale,Autre collision,4,2,2,3,1,1,1,4,6,30,1,2,1,0,1,0,41.0,,transport_commun,,1,2,8,1,6
202400036317,2024-09-30 08:50:00,2024,9,30,8,50,06,06152,Route du Parc,43.616608,7.038119,Plein jour,Hors agglomération,Giratoire,Normale,Deux véhicules - côté,3,-1,2,0,1,2,1,0,1,50,2,3,2,0,0,1,26.0,24.0,voiture,deux_roues,1,1,6,1,3
202400036318,2024-06-18 08:55:00,2024,6,18,8,55,67,67482,TOUSSAINT (RUE DE LA),48.58667852,7.7438212,Plein jour,En agglomération,Hors intersection,Normale,Deux véhicules - côté,4,2,2,2,1,1,1,0,5,30,2,2,1,0,0,1,47.0,52.0,voiture,deux_roues,1,2,1,1,3
202400036319,2024-09-20 13:44:00,2024,9,20,13,44,69,69027,Boulevard André Lassagne,45.66659656,4.75759491,Plein jour,En agglomération,Autre intersection,Normale,Deux véhicules - côté,6,-1,0,0,1,1,1,6,8,30,2,2,1,0,0,1,4.0,34.0,deux_roues,voiture,1,2,9,1,3
202400036320,2024-06-19 18:40:00,2024,6,19,18,40,64,64545,CORNICHE (ROUTE DE LA),43.39230615,-1.69582396,Plein jour,Hors agglomération,Hors intersection,Normale,Deux véhicules - côté,3,2,2,0,2,1,1,9,1,70,2,2,1,0,0,1,71.0,,deux_roues,voiture,1,1,1,1,3
202400036321,2024-10-03 11:05:00,2024,10,3,11,5,14,14032,A13,49.29963578,0.25912878,Plein jour,Hors agglomération,Hors intersection,Normale,Deux véhicules - arrière,1,2,3,0,1,1,1,0,1,-1,2,2,1,0,1,0,31.0,56.0,utilitaire_camion,utilitaire_camion,1,1,1,1,2
202400036322,2024-06-19 08:20:00,2024,6,19,8,20,64,64445,GENERAL DE GAULLE DU,43.3021,-0.35531,Plein jour,En agglomération,Hors intersection,Temps couvert,Deux véhicules - côté,4,2,2,0,1,1,2,0,5,50,2,2,1,0,0,1,51.0,39.0,deux_roues,deux_roues,1,2,1,8,3
202400036323,2024-10-02 16:05:00,2024,10,2,16,5,987,98750,"PK 3,6 avera",-16.821,-151.404,Plein jour,Hors agglomération,Hors intersection,Normale,Deux véhicules - frontale,2,2,2,0,1,1,1,0,1,60,1,2,1,0,1,0,48.0,,voiture,,1,1,1,1,1
202400036324,2024-06-18 18:23:00,2024,6,18,18,23,64,64102,BARTHES (CHEMIN DES),43.49534,-1.49441,Plein jour,En agglomération,Hors intersection,Normale,Deux véhicules - côté,4,2,2,0,1,1,1,0,1,50,2,3,2,0,0,1,17.0,43.0,deux_roues,voiture,1,2,1,1,3
202400036325,2024-10-03 17:15:00,2024,10,3,17,15,2A,2A215,RT40,41.489364,9.059598,Plein jour,En agglomération,Hors intersection,Normale,Sans collision,2,2,2,0,2,1,1,0,1,50,1,1,0,0,1,0,67.0,,deux_roues,,1,2,1,1,7
202400036326,2024-06-19 18:30:00,2024,6,19,18,30,59,59350,Rue Barthélémy Delespaul,50.62416,3.0626,Plein jour,En agglomération,Autre intersection,Normale,Autre collision,4,1,1,0,1,1,1,0,1,30,1,2,1,0,0,1,77.0,,utilitaire_camion,,1,2,9,1,6
202400036327,2024-10-02 08:45:00,2024,10,2,8,45,57,57601,M603,49.111464,6.055554,Plein jour,Hors agglomération,Hors intersection,Pluie légère,Deux véhicules - frontale,7,2,2,0,2,3,2,0,1,80,2,3,0,0,0,3,49.0,25.0,voiture,voiture,1,1,1,2,1
202400036328,2024-06-11 19:30:00,2024,6,11,19,30,59,59220,CHEMIN ROUGE,50.609735,3.067073,Plein jour,En agglomération,Autre intersection,Temps éblouissant,Autre collision,4,2,4,2,1,1,1,0,6,50,1,2,1,0,0,1,,,voiture,,1,2,9,7,6
202400036329,2024-09-14 04:45:00,2024,9,14,4,45,63,63226,D1,45.742715,3.232834,Nuit sans éclairage public,Hors agglomération,Hors intersection,Normale,Sans collision,3,2,2,0,2,2,1,0,3,80,1,1,0,0,0,1,45.0,,voiture,,3,1,1,1,7
202400036330,2024-06-24 22:24:00,2024,6,24,22,24,56,56121,Rue de Kerlin,47.7471793,-3.376413,Crépuscule ou aube,En agglomération,Giratoire,Normale,Deux véhicules - côté,4,2,2,0,1,1,1,5,1,30,2,2,1,0,0,1,44.0,10.0,voiture,deux_roues,2,2,6,1,3
202400036330,2024-06-24 22:24:00,2024,6,24,22,24,56,56121,Rue de Kerlin,47.7471793,-3.376413,Crépuscule ou aube,En agglomération,Giratoire,Normale,Deux véhicules - côté,4,2,2,0,3,1,1,5,1,30,2,2,1,0,0,1,44.0,10.0,voiture,deux_roues,2,2,6,1,3
202400036331,2024-06-18 17:50:00,2024,6,18,17,50,56,56121,Rue Duliscouët,47.75663,-3.37772,Plein jour,En agglomération,Hors intersection,Normale,Deux véhicules - arrière,4,1,1,0,1,1,1,0,1,30,2,2,1,0,0,1,81.0,30.0,deux_roues,voiture,1,2,1,1,2
202400036332,2024-10-03 14:16:00,2024,10,3,14,16,42,42304,241 Route des Monts,45.541454,4.19034,Plein jour,En agglomération,Hors intersection,Normale,Deux véhicules - côté,3,2,2,0,1,1,1,0,1,30,2,2,1,0,1,0,42.0,27.0,voiture,deux_roues,1,2,1,1,3
202400036333,2024-06-18 17:00:00,2024,6,18,17,0,56,56121,Place de la Bataille de Quiberon,47.75622,-3.39365,Plein jour,En agglomération,Hors intersection,Normale,Deux véhicules - côté,6,-1, -1,0,1,1,1,8,1,30,2,2,1,0,0,1,10.0,44.0,deux_roues,utilitaire_camion,1,2,1,1,3
202400036334,2024-10-03 17:20:00,2024,10,3,17,20,38,38415,D18,45.650363,5.218291,Plein jour,Hors agglomération,Hors intersection,Normale,Deux véhicules - frontale,3,2,2,0,2,1,1,0,1,80,2,2,1,0,1,0,44.0,17.0,voiture,deux_roues,1,1,1,1,1
202400036335,2024-06-18 15:45:00,2024,6,18,15,45,50,50129,NAPOLEON (PLACE),49.64377,-1.62587,Plein jour,En agglomération,Intersection en T,Normale,Deux véhicules - arrière,4,3,2,0,1,1,1,0,1,50,2,2,1,0,1,0,43.0,53.0,deux_roues,voiture,1,2,3,1,2
202400036335,2024-06-18 15:45:00,2024,6,18,15,45,50,50129,NAPOLEON (PLACE),49.64377,-1.62587,Plein jour,En agglomération,Intersection en T,Normale,Deux véhicules - arrière,4,2,2,0,1,1,1,0,1,50,2,2,1,0,1,0,43.0,53.0,deux_roues,voiture,1,2,3,1,2
202400036336,2024-10-02 16:28:00,2024,10,2,16,28,38,38474,Avenue de Valence,45.2095,5.662213,Plein jour,En agglomération,Hors intersection,Normale,Autre collision,7,2,2,0,1,1,1,0,1,50,1,2,1,0,1,0,59.0,,voiture,,1,2,1,1,6
202400036337,2024-06-14 16:10:00,2024,6,14,16,10,49,49099,ENCYCLOPEDIE (RUE DE L'),47.042037,-0.885179,Plein jour,En agglomération,Intersection en X,Temps couvert,Autre collision,3,2,2,0,1,1,1,0,1,50,1,2,1,0,0,1,48.0,,voiture,,1,2,2,8,6
202400036337,2024-06-14 16:10:00,2024,6,14,16,10,49,49099,ENCYCLOPEDIE (RUE DE L'),47.042037,-0.885179,Plein jour,En agglomération,Intersection en X,Temps couvert,Autre collision,3,2,2,0,1,1,1,0,1,30,1,2,1,0,0,1,48.0,,voiture,,1,2,2,8,6
202400036338,2024-10-02 10:30:00,2024,10,2,10,30,07,07268,10 impasse du grand clos,44.301541,4.569508,Plein jour,En agglomération,Hors intersection,Normale,Autre collision,4,2,2,0,1,1,1,0,1,50,1,2,1,0,0,1,33.0,,voiture,,1,2,1,1,6
202400036339,2024-06-18 06:20:00,2024,6,18,6,20,49,49007,CHALOUERE,47.48358,-0.53482,Crépuscule ou aube,En agglomération,Hors intersection,Normale,Autre collision,4,2,2,0,1,1,1,0,1,50,1,1,0,0,0,1,52.0,,voiture,,2,2,1,1,6
202400036340,2024-10-03 16:11:00,2024,10,3,16,11,31,31291,96 Route de la Salvetat,43.586841,1.261223,Plein jour,Hors agglomération,Hors intersection,Normale,Deux véhicules - arrière,3,2,2,0,1,1,1,0,1,80,2,2,1,0,1,0,42.0,21.0,voiture,deux_roues,1,1,1,1,2
202400036341,2024-10-03 06:30:00,2024,10,3,6,30,59,59289,Route de Valenciennes,50.230132,3.504381,Nuit sans éclairage public,Hors agglomération,Hors intersection,Normale,Deux véhicules - frontale,3,2,2,0,1,1,1,0,1,80,2,2,0,0,2,0,37.0,36.0,utilitaire_camion,voiture,3,1,1,1,1
202400036342,2024-06-18 22:50:00,2024,6,18,22,50,46,46042,MAQUIS (AVENUE DU),44.44945825,1.44847845,Nuit avec éclairage allumé,En agglomération,Intersection en X,Pluie forte,Deux véhicules - côté,3,2,2,0,1,1,2,0,1,50,2,2,0,0,0,2,44.0,33.0,voiture,utilitaire_camion,5,2,2,3,3
202400036342,2024-06-18 22:50:00,2024,6,18,22,50,46,46042,MAQUIS (AVENUE DU),44.44945825,1.44847845,Nuit avec éclairage allumé,En agglomération,Intersection en X,Pluie forte,Deux véhicules - côté,3,2,2,0,1,1,2,9,1,50,2,2,0,0,0,2,44.0,33.0,voiture,utilitaire_camion,5,2,2,3,3
202400036343,2024-10-03 16:30:00,2024,10,3,16,30,59,59106,Rue Felix Dehau,50.57645103,3.1957984,Plein jour,En agglomération,Hors intersection,Normale,Deux véhicules - frontale,7,2,2,0,1,1,1,0,1,70,2,2,1,0,1,0,36.0,59.0,deux_roues,voiture,1,2,1,1,1
202400036344,2024-10-02 09:10:00,2024,10,2,9,10,33,33075,,44.889135,-0.598433,Plein jour,Hors agglomération,Hors intersection,Normale,Deux véhicules - arrière,1,3,6,0,1,1,1,3,1,90,2,2,1,0,0,1,32.0,17.0,voiture,deux_roues,1,1,1,1,2
202400036345,2024-06-19 10:20:00,2024,6,19,10,20,45,45302,272 Avenue du Stade,47.947393,1.884185,Plein jour,En agglomération,Hors intersection,Temps couvert,Autre collision,4,1,2,2,1,1,2,0,4,25,1,2,0,0,1,1,20.0,,deux_roues,,1,2,1,8,6
202400036346,2024-09-27 17:30:00,2024,9,27,17,30,59,59009,ROUTE NATIONALE 227,50.62911,3.13883,Plein jour,Hors agglomération,Hors intersection,Pluie forte,Trois véhicules et plus - collisions multiples,2,3,2,0,1,1,2,0,1,70,3,3,2,0,0,1,51.0,40.0,voiture,utilitaire_camion,1,1,1,3,5
202400036347,2024-06-19 22:40:00,2024,6,19,22,40,44,44114,,47.28087418,-1.60310378,Nuit sans éclairage public,Hors agglomération,Hors intersection,Normale,Autre collision,2,3,4,0,1,1,2,9,1,110,1,1,0,1,0,0,35.0,,utilitaire_camion,,3,1,1,1,6
202400036348,2024-10-01 16:55:00,2024,10,1,16,55,92,92036,A86,48.93370908,2.27422446,Plein jour,Hors agglomération,Hors intersection,Normale,Deux véhicules - côté,1,1,4,0,1,1,1,0,1,90,2,2,1,0,0,1,27.0,27.0,voiture,deux_roues,1,1,1,1,3
202400036349,2024-10-01 13:06:00,2024,10,1,13,6,92,92026,RN1014 Y,48.88886075,2.24787064,Plein jour,Hors agglomération,Hors intersection,Autre,Deux véhicules - arrière,2,1,4,0,1,1,1,1,1,70,2,2,1,0,0,1,27.0,34.0,deux_roues,voiture,1,1,1,9,2
202400036350,2024-06-19 14:45:00,2024,6,19,14,45,43,43157,Rue Pierret,45.0418,3.88551,Plein jour,En agglomération,Intersection en T,Normale,Autre collision,4,1,2,0,1,1,1,0,8,50,1,2,1,0,0,1,63.0,,voiture,,1,2,3,1,6
202400036350,2024-06-19 14:45:00,2024,6,19,14,45,43,43157,Rue Pierret,45.0418,3.88551,Plein jour,En agglomération,Intersection en T,Normale,Autre collision,4,1,2,0,1,1,1,0,1,50,1,2,1,0,0,1,63.0,,voiture,,1,2,3,1,6
202400036351,2024-10-01 10:40:00,2024,10,1,10,40,78,78490,RN12 EXT,48.79811,1.93201,Plein jour,Hors agglomération,Hors intersection,Normale,Autre collision,2,-1,3,0,1,3,1,3,1,70,1,2,0,0,0,2,44.0,,voiture,,1,1,1,1,6
202400036352,2024-06-19 09:30:00,2024,6,19,9,30,42,42095,Rue Benoit Frachon,45.3871,4.28616,Plein jour,En agglomération,Intersection en Y,Normale,Autre collision,4,1,1,0,1,2,1,0,1,30,1,2,1,0,0,1,51.0,,voiture,,1,2,4,1,6
202400036352,2024-06-19 09:30:00,2024,6,19,9,30,42,42095,Rue Benoit Frachon,45.3871,4.28616,Plein jour,En agglomération,Intersection en Y,Normale,Autre collision,4,1,1,-1,1,1,1,0,1,-1,1,2,1,0,0,1,51.0,,voiture,,1,2,4,1,6
202400036353,2024-10-01 18:35:00,2024,10,1,18,35,93,93008,AUTOROUTE A86,48.91198941,2.43839622,Plein jour,Hors agglomération,Hors intersection,Normale,Deux véhicules - côté,1,3,3,0,1,1,1,1,1,90,2,2,1,0,0,1,,49.0,voiture,deux_roues,1,1,1,1,3
202400036354,2024-06-19 18:15:00,2024,6,19,18,15,33,33522,,44.802851,-0.574569,Plein jour,En agglomération,Hors intersection,Normale,Deux véhicules - côté,4,2,2,0,1,1,1,0,1,50,2,2,1,0,0,1,60.0,34.0,voiture,deux_roues,1,2,1,1,3
202400036355,2024-10-01 12:10:00,2024,10,1,12,10,93,93010,AUTOROUTE A3,48.89138123,2.47335986,Plein jour,Hors agglomération,Hors intersection,Normale,Deux véhicules - arrière,1,1,2,0,1,1,1,0,1,70,2,6,2,0,0,4,46.0,31.0,transport_commun,utilitaire_camion,1,1,1,1,2
202400036356,2024-06-19 19:45:00,2024,6,19,19,45,31,31555,BD DE LA MARNE,43.58571383,1.46097377,Plein jour,En agglomération,Hors intersection,Normale,Deux véhicules - frontale,9,2,1,1,1,4,1,9,5,30,2,2,1,0,0,1,30.0,63.0,deux_roues,deux_roues,1,2,1,1,1
202400036357,2024-10-01 09:30:00,2024,10,1,9,30,93,93053,AUTOROUTE A86,48.90278898,2.4675517,Plein jour,Hors agglomération,Hors intersection,Normale,Deux véhicules - côté,1,1,2,0,2,2,1,0,1,50,2,2,1,0,0,1,42.0,49.0,deux_roues,voiture,1,1,1,1,3
202400036358,2024-06-19 08:30:00,2024,6,19,8,30,31,31555,BD PIERRE ET MARIE CURIE,43.62482,1.44273,Plein jour,En agglomération,Hors intersection,Temps couvert,Autre collision,4,2,2,0,1,1,1,0,1,50,1,2,1,0,1,0,47.0,,utilitaire_camion,,1,2,1,8,6
202400036359,2024-09-30 18:35:00,2024,9,30,18,35,95,95582,A15,48.96346787,2.26421667,Plein jour,Hors agglomération,Hors intersection,Pluie légère,Deux véhicules - frontale,1,3,4,0,1,1,2,0,1,90,2,3,0,0,0,3,23.0,41.0,voiture,voiture,1,1,1,2,1
202400036360,2024-10-02 09:20:00,2024,10,2,9,20,94,94017,A4,48.82671118,2.52258828,Plein jour,Hors agglomération,Hors intersection,Normale,Deux véhicules - arrière,1,-1,3,0,1,1,1,0,1,90,2,2,1,0,0,1,32.0,33.0,voiture,deux_roues,1,1,1,1,2
202400036361,2024-06-28 21:00:00,2024,6,28,21,0,42,42095,Rue de la Platinière,45.39,4.28024,Plein jour,En agglomération,Hors intersection,Temps couvert,Autre collision,4,2,1,0,1,4,2,0,1,50,1,3,0,0,0,3,17.0,,voiture,,1,2,1,8,6
202400036362,2024-06-19 09:00:00,2024,6,19,9,0,31,31149,AV CLEMENT ADER,43.61669,1.3466,Plein jour,En agglomération,Hors intersection,Temps couvert,Deux véhicules - côté,4,2,2,0,1,1,1,0,1,50,2,2,1,0,1,0,29.0,23.0,deux_roues,deux_roues,1,2,1,8,3
202400036363,2024-06-19 15:25:00,2024,6,19,15,25,29,29169,Chemin de Maner Beuliec,48.082419,-4.187084,Plein jour,En agglomération,Intersection en T,Normale,Deux véhicules - côté,4,2, -1,0,1,1,1,0,1,-1,2,2,1,0,1,0,69.0,14.0,voiture,deux_roues,1,2,3,1,3
202400036363,2024-06-19 15:25:00,2024,6,19,15,25,29,29169,Chemin de Maner Beuliec,48.082419,-4.187084,Plein jour,En agglomération,Intersection en T,Normale,Deux véhicules - côté,4,2,2,0,2,1,1,0,1,50,2,2,1,0,1,0,69.0,14.0,voiture,deux_roues,1,2,3,1,3
202400036364,2024-06-19 18:45:00,2024,6,19,18,45,28,28085,RD 339,48.4628759,1.4728057,Plein jour,Hors agglomération,Hors intersection,Normale,Deux véhicules - frontale,3,2,2,0,1,1,1,0,1,80,2,2,1,0,1,0,93.0,17.0,voiture,deux_roues,1,1,1,1,1
202400036365,2024-06-27 12:00:00,2024,6,27,12,0,29,29151,AIGUILLON (RUE D'),48.57700139,-3.82604987,Plein jour,En agglomération,Intersection en T,Normale,Autre collision,3,2,2,0,1,1,1,0,1,30,1,2,1,0,1,0,70.0,,voiture,,1,2,3,1,6
202400036365,2024-06-27 12:00:00,2024,6,27,12,0,29,29151,AIGUILLON (RUE D'),48.57700139,-3.82604987,Plein jour,En agglomération,Intersection en T,Normale,Autre collision,3,1, -1,-1,1,1,1,0,1,50,1,2,1,0,1,0,70.0,,voiture,,1,2,3,1,6
202400036366,2024-06-29 15:00:00,2024,6,29,15,0,29,29254,LE CUN (LIEU DIT),48.55271302,-3.85298054,Plein jour,Hors agglomération,Hors intersection,Normale,Sans collision,3,2,2,0,1,2,1,0,8,70,1,3,0,0,0,3,18.0,,utilitaire_camion,,1,1,1,1,7
202400036367,2024-06-14 12:45:00,2024,6,14,12,45,28,28085,POILLOT (RUE EDMOND),48.4377,1.51594,Plein jour,En agglomération,Intersection en T,Temps couvert,Deux véhicules - côté,4,2,2,0,1,1,1,0,1,50,2,2,0,0,0,2,27.0,55.0,deux_roues,deux_roues,1,2,3,8,3
202400036368,2024-07-28 02:18:00,2024,7,28,2,18,30,30011,,43.93675,4.75256,Nuit sans éclairage public,Hors agglomération,Hors intersection,Normale,Sans collision,3,2,2,0,1,1,1,0,1,80,1,4,0,0,0,4,21.0,,voiture,,3,1,1,1,7
202400036369,2024-06-19 12:40:00,2024,6,19,12,40,27,27299,RN 154,49.048509,1.180715,Plein jour,Hors agglomération,Hors intersection,Normale,Deux véhicules - arrière,2,2,2,0,1,1,1,9,1,110,2,2,1,0,0,1,53.0,31.0,voiture,voiture,1,1,1,1,2
202400036370,2024-07-04 13:15:00,2024,7,4,13,15,93,93077,GRANDE RUE,48.882775,2.515798,Plein jour,En agglomération,Hors intersection,Normale,Autre collision,3,2,2,0,1,1,1,0,1,50,2,2,1,0,0,1,37.0,42.0,deux_roues,voiture,1,2,1,1,6
202400036371,2024-06-26 14:15:00,2024,6,26,14,15,26,26038,915 Route de la Syrah,45.034283,4.907643,Plein jour,Hors agglomération,Autre intersection,Normale,Deux véhicules - frontale,4,2,2,0,1,2,1,0,1,80,2,2,0,0,2,0,42.0,20.0,voiture,voiture,1,1,9,1,1
202400036372,2024-06-19 16:54:00,2024,6,19,16,54,22,22215,FUTUR (ROUTE DU),48.4828,-2.7999,Plein jour,En agglomération,Intersection en T,Pluie légère,Deux véhicules - côté,4,-1,2,0,1,1,2,8,1,50,2,2,1,0,1,0,17.0,55.0,deux_roues,voiture,1,2,3,2,3
202400036372,2024-06-19 16:54:00,2024,6,19,16,54,22,22215,FUTUR (ROUTE DU),48.4828,-2.7999,Plein jour,En agglomération,Intersection en T,Pluie légère,Deux véhicules - côté,4,2,2,0,1,1,2,8,1,50,2,2,1,0,1,0,17.0,55.0,deux_roues,voiture,1,2,3,2,3
202400036373,2024-10-01 13:50:00,2024,10,1,13,50,987,98736,PAUL BERNIERE (RUE),-17.538775,-149.552701,Plein jour,En agglomération,Hors intersection,Normale,Deux véhicules - côté,2,2,2,0,1,1,1,0,1,50,2,2,0,0,0,2,46.0,46.0,deux_roues,deux_roues,1,2,1,1,3
202400036374,2024-09-30 14:55:00,2024,9,30,14,55,987,98735,MOTU UTA,-17.52872,-149.57555,Plein jour,Hors agglomération,Hors intersection,Normale,Sans collision,3,2,2,0,2,2,9,2,1,50,1,1,0,0,0,1,43.0,,deux_roues,,1,1,1,1,7
202400036375,2024-06-19 20:30:00,2024,6,19,20,30,22,22113,PETIT CAMP (ROUTE DE) (TY AN TUAL),48.75457,-3.43963,Plein jour,En agglomération,Hors intersection,Normale,Deux véhicules - arrière,4,3,2,0,1,1,1,0,1,50,2,2,0,0,0,2,52.0,71.0,voiture,voiture,1,2,1,1,2
202400036376,2024-10-01 15:15:00,2024,10,1,15,15,976,97611,kaweni-GEOLE (la),-12.767,45.225,Plein jour,En agglomération,Hors intersection,Normale,Sans collision,4,2,2,0,1,1,1,0,1,50,1,2,1,0,0,1,55.0,,voiture,,1,2,1,1,7
202400036377,2024-06-19 21:30:00,2024,6,19,21,30,17,17300,MONNAIE   AVENUE DE LA,46.1563,-1.1572,Plein jour,En agglomération,Intersection en X,Normale,Deux véhicules - côté,4,1,1,1,1,1,1,6,1,30,2,2,1,0,0,1,19.0,25.0,voiture,deux_roues,1,2,2,1,3
202400036377,2024-06-19 21:30:00,2024,6,19,21,30,17,17300,MONNAIE   AVENUE DE LA,46.1563,-1.1572,Plein jour,En agglomération,Intersection en X,Normale,Deux véhicules - côté,4,1,1,3,1,1,1,6,1,30,2,2,1,0,0,1,19.0,25.0,voiture,deux_roues,1,2,2,1,3
202400036378,2024-10-01 12:55:00,2024,10,1,12,55,976,97611,passamanty-Rassini (ruelle),-12.79822,45.2158,Plein jour,En agglomération,Hors intersection,Normale,Deux véhicules - frontale,4,-1,2,0,1,3,1,8,1,50,2,2,0,0,2,0,39.0,21.0,deux_roues,deux_roues,1,2,1,1,1
202400036379,2024-10-01 06:30:00,2024,10,1,6,30,974,97407,AMIRAL BOSSE (RUE),-20.931934,55.290168,Crépuscule ou aube,En agglomération,Hors intersection,Normale,Sans collision,4,2,2,0,1,2,9,0,1,50,1,1,0,0,0,1,22.0,,deux_roues,,2,2,1,1,7
202400036380,2024-06-19 22:40:00,2024,6,19,22,40,13,13210,FIFI TURIN (RUE),43.27923,5.41216,Nuit avec éclairage allumé,En agglomération,Intersection en T,Normale,Sans collision,4,2,2,0,1,1,2,0,1,50,1,2,1,0,0,1,,,voiture,,5,2,3,1,7
202400036380,2024-06-19 22:40:00,2024,6,19,22,40,13,13210,FIFI TURIN (RUE),43.27923,5.41216,Nuit avec éclairage allumé,En agglomération,Intersection en T,Normale,Sans collision,4,1,1,0,1,1,2,0,1,50,1,2,1,0,0,1,,,voiture,,5,2,3,1,7
202400036381,2024-09-30 18:07:00,2024,9,30,18,7,973,97302,ESTREES (AVENUE D'),4.94116168,-52.32210499,Nuit avec éclairage allumé,En agglomération,Intersection en T,Normale,Deux véhicules - côté,4,2,2,0,1,1,1,0,1,30,2,2,1,0,0,1,24.0,15.0,voiture,deux_roues,5,2,3,1,3
202400036381,2024-09-30 18:07:00,2024,9,30,18,7,973,97302,ESTREES (AVENUE D'),4.94116168,-52.32210499,Nuit avec éclairage allumé,En agglomération,Intersection en T,Normale,Deux véhicules - côté,4,2, -1,-1,1,1,1,0,1,-1,2,2,1,0,0,1,24.0,15.0,voiture,deux_roues,5,2,3,1,3
202400036382,2024-06-19 19:00:00,2024,6,19,19,0,13,13206,PRADO (AVENUE DU),43.28302692,5.38536779,Plein jour,En agglomération,Hors intersection,Temps couvert,Deux véhicules - côté,4,2,5,0,1,1,1,9,1,50,2,2,1,0,0,1,53.0,32.0,utilitaire_camion,deux_roues,1,2,1,8,3
202400036383,2024-11-07 20:25:00,2024,11,7,20,25,49,49214,Rue Jean Jaurès,47.528007,-0.608175,Nuit avec éclairage allumé,En agglomération,Giratoire,Pluie légère,Deux véhicules - côté,4,2,2,0,1,1,2,5,1,50,2,5,4,0,0,1,40.0,25.0,voiture,deux_roues,5,2,6,2,3
202400036384,2024-09-30 11:44:00,2024,9,30,11,44,973,97302,MARINGOUINS (ROND-POINT),4.90791,-52.32262,Plein jour,Hors agglomération,Giratoire,Normale,Deux véhicules - côté,2,1,2,0,1,3,1,0,1,50,2,2,1,0,0,1,22.0,70.0,voiture,deux_roues,1,1,6,1,3
202400036385,2024-06-19 19:20:00,2024,6,19,19,20,11,11262,,43.19319,3.0163,Plein jour,En agglomération,Intersection en T,Normale,Deux véhicules - côté,4,2,2,0,1,1,1,0,1,50,2,2,1,0,0,1,41.0,54.0,deux_roues,voiture,1,2,3,1,3
202400036385,2024-06-19 19:20:00,2024,6,19,19,20,11,11262,,43.19319,3.0163,Plein jour,En agglomération,Intersection en T,Normale,Deux véhicules - côté,4,1,1,0,1,1,1,0,1,50,2,2,1,0,0,1,41.0,54.0,deux_roues,voiture,1,2,3,1,3
202400036386,2024-11-08 11:15:00,2024,11,8,11,15,46,46145,D803,44.907308,1.52747,Plein jour,Hors agglomération,Intersection en X,Normale,Deux véhicules - côté,3,2,2,0,2,1,1,0,1,80,2,3,1,2,0,0,80.0,34.0,voiture,utilitaire_camion,1,1,2,1,3
202400036386,2024-11-08 11:15:00,2024,11,8,11,15,46,46145,D803,44.907308,1.52747,Plein jour,Hors agglomération,Intersection en X,Normale,Deux véhicules - côté,3,2,2,0,1,1,1,0,1,80,2,3,1,2,0,0,80.0,34.0,voiture,utilitaire_camion,1,1,2,1,3
202400036387,2024-09-29 19:40:00,2024,9,29,19,40,973,97302,BADUEL (ROUTE DE),4.93528,-52.31244,Nuit sans éclairage public,En agglomération,Hors intersection,Normale,Deux véhicules - côté,3,2,2,0,1,1,1,0,1,50,2,3,1,0,0,2,32.0,46.0,deux_roues,deux_roues,3,2,1,1,3
202400036388,2024-06-19 16:38:00,2024,6,19,16,38,06,06088,Pont Michel,43.7227872,7.2913988,Plein jour,En agglomération,Hors intersection,Normale,Autre collision,4,2,4,2,1,1,1,0,1,50,1,2,1,0,0,1,70.0,,voiture,,1,2,1,1,6
202400036389,2024-11-07 05:53:00,2024,11,7,5,53,68,68179,Rue du Vallon,47.751822,7.015237,Nuit sans éclairage public,Hors agglomération,Intersection en T,Brouillard / fumée,Sans collision,3,2,2,0,1,1,2,0,3,80,1,1,0,0,0,1,23.0,,deux_roues,,3,1,3,5,7