accident_id,datetime,annee,mois,jour,heure,minute,departement,commune_insee,adresse,latitude,longitude,luminosite,agglomeration,intersection,meteo,collision,catr,circ,nbv,vosp,prof,plan,surf,infra,situ,vma,nb_vehicules,nb_usagers,nb_indemnes,nb_tues,nb_blesses_hosp,nb_blesses_legers,age_cond_1,age_cond_2,veh_type_cond_1,veh_type_cond_2,lum_code,agg_code,int_code,atm_code,col_code
202400036456,2024-11-07 07:50:00,2024,11,7,7,50,44,44035,220 Route d'Orvault ,47.283152,-1.586532,Crépuscule ou aube,En agglomération,Intersection en X,Normale,Deux véhicules - côté,7,2,2,0,1,1,2,0,1,50,2,2,1,0,1,0,33.0,23.0,deux_roues,voiture,2,2,2,1,3
202400036457,2024-06-19 22:50:00,2024,6,19,22,50,92,92050,PROVINCES FRANCAISES BD DES,48.89933,2.21391,Nuit avec éclairage allumé,En agglomération,Hors intersection,Normale,Deux véhicules - côté,3,1,1,1,1,1,1,0,1,50,2,2,1,0,0,1,39.0,22.0,utilitaire_camion,deux_roues,5,2,1,1,3
202400036458,2024-11-07 14:30:00,2024,11,7,14,30,38,38261,Avenue du Pré du Roi,45.674826,5.461712,Plein jour,En agglomération,Hors intersection,Normale,Sans collision,3,2,2,0,1,1,1,0,1,70,1,1,0,0,0,1,70.0,,utilitaire_camion,,1,2,1,1,7
202400036459,2024-06-18 00:30:00,2024,6,18,0,30,92,92036,PIERRE TIMBAUD (RUE) (PAIRS),48.93329682,2.30171299,Nuit avec éclairage allumé,En agglomération,Giratoire,Normale,Autre collision,3,1,3,0,1,1,1,0,8,50,1,1,0,0,0,1,21.0,,voiture,,5,2,6,1,6
202400036459,2024-06-18 00:30:00,2024,6,18,0,30,92,92036,PIERRE TIMBAUD (RUE) (PAIRS),48.93329682,2.30171299,Nuit avec éclairage allumé,En agglomération,Giratoire,Normale,Autre collision,3,1,3,0,1,2,1,5,8,50,1,1,0,0,0,1,21.0,,voiture,,5,2,6,1,6
202400036460,2024-10-01 15:05:00,2024,10,1,15,5,71,71306,GENERAL DE GAULLE (QUAI DU),46.67422,4.36213,Plein jour,En agglomération,Hors intersection,Pluie légère,Sans collision,4,1,2,0,1,1,2,-1,1,50,1,1,0,0,0,1,17.0,,deux_roues,,1,2,1,2,7
202400036461,2024-11-08 17:30:00,2024,11,8,17,30,69,69206,Route de Villefranche sur Saône,46.049719,4.722142,Nuit avec éclairage allumé,Hors agglomération,Hors intersection,Normale,Autre collision,3,2,2,2,1,1,1,0,3,70,1,2,0,0,1,1,80.0,,voiture,,5,1,1,1,6
202400036462,2024-06-19 17:05:00,2024,6,19,17,5,92,92035,Sartoris ( rue ),48.90793688,2.2481584,Plein jour,En agglomération,Hors intersection,Normale,Autre collision,4,2,2,0,1,1,1,0,1,30,2,3,2,0,0,1,75.0,,voiture,voiture,1,2,1,1,6
202400036463,2024-11-08 09:45:00,2024,11,8,9,45,69,69052,Route de Chazay,45.874107,4.721922,Plein jour,En agglomération,Hors intersection,Normale,Autre collision,3,2,1,0,1,1,1,2,1,50,1,2,0,0,1,1,21.0,,utilitaire_camion,,1,2,1,1,6
202400036464,2024-06-18 08:50:00,2024,6,18,8,50,92,92026,MARECHAL JOFFRE (QUAI DU),48.9001004,2.27367875,Plein jour,En agglomération,Hors intersection,Pluie forte,Deux véhicules - arrière,3,1,2,0,1,1,2,0,1,50,2,2,1,0,0,1,41.0,33.0,utilitaire_camion,voiture,1,2,1,3,2
202400036465,2024-11-07 10:35:00,2024,11,7,10,35,31,31395,3 Rue Pierre de Fermat,43.478257,1.332946,Plein jour,En agglomération,Hors intersection,Normale,Deux véhicules - arrière,4,2,2,0,1,1,1,0,1,50,2,4,2,0,1,1,49.0,38.0,voiture,voiture,1,2,1,1,2
202400036466,2024-10-01 21:15:00,2024,10,1,21,15,66,66136,PYRENEES (BOULEVARD DES),42.69681,2.8882,Nuit avec éclairage allumé,En agglomération,Autre intersection,Normale,Deux véhicules - côté,4,1,2,-1,1,1,1,5,8,30,2,2,1,0,0,1,37.0,21.0,deux_roues,voiture,5,2,9,1,3
202400036466,2024-10-01 21:15:00,2024,10,1,21,15,66,66136,PYRENEES (BOULEVARD DES),42.69681,2.8882,Nuit avec éclairage allumé,En agglomération,Autre intersection,Normale,Deux véhicules - côté,4,2,4,0,1,1,1,5,1,50,2,2,1,0,0,1,37.0,21.0,deux_roues,voiture,5,2,9,1,3
202400036467,2024-06-19 19:40:00,2024,6,19,19,40,92,92012,GENERAL LECLERC (AVENUE DU) 35/FIN - 60/,48.83078513,2.23469961,Plein jour,En agglomération,Intersection en X,Normale,Deux véhicules - côté,3,1,4,1,1,1,1,0,1,50,2,2,1,0,0,1,37.0,31.0,deux_roues,voiture,1,2,2,1,3
202400036467,2024-06-19 19:40:00,2024,6,19,19,40,92,92012,GENERAL LECLERC (AVENUE DU) 35/FIN - 60/,48.83078513,2.23469961,Plein jour,En agglomération,Intersection en X,Normale,Deux véhicules - côté,3,1,2,0,1,1,1,0,1,50,2,2,1,0,0,1,37.0,31.0,deux_roues,voiture,1,2,2,1,3
202400036468,2024-11-07 17:40:00,2024,11,7,17,40,23,23125,D982,45.730427,2.204314,Crépuscule ou aube,Hors agglomération,Hors intersection,Normale,Autre collision,3,2,2,0,1,3,1,0,1,90,1,1,0,0,0,1,42.0,,deux_roues,,2,1,1,1,6
202400036469,2024-06-19 11:20:00,2024,6,19,11,20,92,92007,PETIT (AVENUE ALBERT) N° 28 A FIN,48.79616957,2.3200314,Plein jour,En agglomération,Hors intersection,Normale,Autre collision,4,1,1,2,1,1,1,0,5,50,2,2,1,0,0,1,28.0,53.0,voiture,deux_roues,1,2,1,1,6
202400036470,2024-09-27 00:30:00,2024,9,27,0,30,66,66136,POINCARE (BOULEVARD HENRI),42.69128,2.89655,Nuit avec éclairage allumé,En agglomération,Intersection en X,Normale,Deux véhicules - côté,4,2,4,0,2,1,1,0,1,50,2,2,1,0,1,0,,42.0,voiture,deux_roues,5,2,2,1,3
202400036470,2024-09-27 00:30:00,2024,9,27,0,30,66,66136,POINCARE (BOULEVARD HENRI),42.69128,2.89655,Nuit avec éclairage allumé,En agglomération,Intersection en X,Normale,Deux véhicules - côté,4,1,1,0,2,1,1,0,1,50,2,2,1,0,1,0,,42.0,voiture,deux_roues,5,2,2,1,3
202400036471,2024-11-08 09:10:00,2024,11,8,9,10,47,47157,Rue Jean Charcot,44.507532,0.169998,Plein jour,En agglomération,Giratoire,Normale,Deux véhicules - côté,4,2,2,0,1,3,1,5,1,50,2,2,1,0,1,0,42.0,77.0,voiture,deux_roues,1,2,6,1,3
202400036472,2024-06-19 17:10:00,2024,6,19,17,10,92,92004,REDOUTE ( AVENUE DE LA  ),48.92732,2.27437,Plein jour,En agglomération,Hors intersection,Temps couvert,Deux véhicules - côté,3,1,1,2,1,1,1,0,1,50,2,2,1,0,0,1,20.0,19.0,voiture,deux_roues,1,2,1,8,3
202400036473,2024-11-06 20:05:00,2024,11,6,20,5,33,33006,,45.200206,-0.629536,Nuit sans éclairage public,Hors agglomération,Hors intersection,Brouillard / fumée,Autre collision,3,2,2,0,1,1,1,0,1,50,1,2,0,0,2,0,24.0,,voiture,,3,1,1,5,6
202400036474,2024-09-30 17:00:00,2024,9,30,17,0,66,66136,Boulevard du Foment-de-la-Sardane,42.68252,2.90702,Plein jour,En agglomération,Hors intersection,Normale,Autre collision,4,-1,2,0,1,1,1,0,1,50,1,2,1,0,1,0,18.0,,voiture,,1,2,1,1,6
202400036475,2024-06-16 17:30:00,2024,6,16,17,30,47,47238,Côte de Lamartine,44.176951,0.522442,Plein jour,En agglomération,Hors intersection,Normale,Sans collision,4,2,2,0,3,3,1,0,1,50,1,1,0,0,1,0,20.0,,deux_roues,,1,2,1,1,7
202400036476,2024-06-08 13:00:00,2024,6,8,13,0,85,85226,RD2038,46.741713,-1.954376,Plein jour,Hors agglomération,Hors intersection,Normale,Deux véhicules - arrière,3,2,2,0,1,1,1,0,1,80,2,2,1,0,1,0,39.0,72.0,deux_roues,utilitaire_camion,1,1,1,1,2
202400036477,2024-06-18 03:45:00,2024,6,18,3,45,54,54006,RD 913,48.7293744,6.23718739,Nuit sans éclairage public,Hors agglomération,Hors intersection,Normale,Autre collision,3,2,2,0,1,1,1,0,3,80,1,1,0,0,1,0,47.0,,utilitaire_camion,,3,1,1,1,6
202400036478,2024-10-01 18:05:00,2024,10,1,18,5,64,64545,RD810,43.35006,-1.73898,Plein jour,En agglomération,Hors intersection,Pluie légère,Trois véhicules et plus - en chaîne,3,2,2,0,2,3,2,0,1,70,3,5,1,0,0,4,38.0,68.0,voiture,voiture,1,2,1,2,4
202400036479,2024-11-07 21:10:00,2024,11,7,21,10,60,60589,D1016,49.219545,2.466527,Nuit sans éclairage public,Hors agglomération,Hors intersection,Pluie légère,Deux véhicules - arrière,3,3,0,0,1,1,2,0,1,110,2,3,1,0,2,0,78.0,23.0,voiture,voiture,3,1,1,2,2
202400036480,2024-06-17 17:15:00,2024,6,17,17,15,83,83058,Rue de geneste,43.538967,6.381168,Plein jour,En agglomération,Autre intersection,Normale,Deux véhicules - côté,3,2,2,0,1,1,1,0,1,50,2,2,1,0,1,0,32.0,31.0,deux_roues,utilitaire_camion,1,2,9,1,3
202400036481,2024-06-18 22:07:00,2024,6,18,22,7,95,95205,D316,49.03421279,2.39184769,Nuit avec éclairage non allumé,Hors agglomération,Hors intersection,Normale,Sans collision,3,2,3,0,1,1,1,0,3,80,1,1,0,0,1,0,65.0,,voiture,,4,1,1,1,7
202400036482,2024-10-01 08:01:00,2024,10,1,8,1,64,64260,GAULLE CHARLES (RUE DE),43.35871,-1.77601,Plein jour,En agglomération,Intersection en X,Normale,Deux véhicules - côté,3,2,2,0,1,1,1,0,1,50,2,2,1,0,0,1,56.0,31.0,voiture,deux_roues,1,2,2,1,3
202400036482,2024-10-01 08:01:00,2024,10,1,8,1,64,64260,GAULLE CHARLES (RUE DE),43.35871,-1.77601,Plein jour,En agglomération,Intersection en X,Normale,Deux véhicules - côté,3,2, -1,-1,1,1,1,0,1,-1,2,2,1,0,0,1,56.0,31.0,voiture,deux_roues,1,2,2,1,3
202400036483,2024-11-06 17:30:00,2024,11,6,17,30,62,62318,Avenue du Vieux Moulin,50.518236,1.65157,Nuit avec éclairage allumé,En agglomération,Intersection en X,Normale,Deux véhicules - côté,3,2,2,0,3,1,1,0,1,50,2,3,1,0,1,1,15.0,68.0,deux_roues,voiture,5,2,2,1,3
202400036483,2024-11-06 17:30:00,2024,11,6,17,30,62,62318,Avenue du Vieux Moulin,50.518236,1.65157,Nuit avec éclairage allumé,En agglomération,Intersection en X,Normale,Deux véhicules - côté,3,2,2,0,1,1,1,0,1,30,2,3,1,0,1,1,15.0,68.0,deux_roues,voiture,5,2,2,1,3
202400036484,2024-11-05 17:25:00,2024,11,5,17,25,59,59011,Place du Marche,50.53035,2.934862,Nuit avec éclairage allumé,En agglomération,Place,Pluie légère,Deux véhicules - côté,4,2,2,0,1,1,2,0,1,15,2,2,1,0,0,1,30.0,12.0,voiture,deux_roues,5,2,7,2,3
202400036485,2024-10-01 21:20:00,2024,10,1,21,20,64,64445,DOYEN HENRY VIZIOZ DU,43.32038,-0.36814,Nuit avec éclairage allumé,En agglomération,Intersection en Y,Pluie forte,Deux véhicules - côté,4,2,2,0,1,2,2,9,1,50,2,4,1,0,0,3,21.0,20.0,voiture,voiture,5,2,4,3,3
202400036485,2024-10-01 21:20:00,2024,10,1,21,20,64,64445,DOYEN HENRY VIZIOZ DU,43.32038,-0.36814,Nuit avec éclairage allumé,En agglomération,Intersection en Y,Pluie forte,Deux véhicules - côté,4,1,1,0,1,1,2,0,1,50,2,4,1,0,0,3,21.0,20.0,voiture,voiture,5,2,4,3,3
202400036486,2024-11-06 17:42:00,2024,11,6,17,42,13,13213,A507 sens Aubagne- Marseille,43.33009,5.41161,Crépuscule ou aube,Hors agglomération,Hors intersection,Normale,Deux véhicules - côté,1,1,2,0,1,1,1,0,1,50,2,2,1,0,0,1,23.0,43.0,voiture,deux_roues,2,1,1,1,3
202400036487,2024-10-01 15:00:00,2024,10,1,15,0,64,64024,HAUSQUETTE (RUE DE),43.49355595,-1.51005954,Plein jour,En agglomération,Intersection en X,Normale,Deux véhicules - frontale,4,2,2,0,1,1,1,5,1,30,2,2,1,0,0,1,56.0,26.0,deux_roues,voiture,1,2,2,1,1
202400036487,2024-10-01 15:00:00,2024,10,1,15,0,64,64024,HAUSQUETTE (RUE DE),43.49355595,-1.51005954,Plein jour,En agglomération,Intersection en X,Normale,Deux véhicules - frontale,4,2,2,0,1,1,1,5,1,30,2,2,1,0,0,1,56.0,26.0,deux_roues,voiture,1,2,2,1,1
202400036488,2024-11-06 12:48:00,2024,11,6,12,48,13,13202,A55-Sens Marseille vers Martigues,43.31934,5.36367,Plein jour,Hors agglomération,Hors intersection,Pluie légère,Deux véhicules - côté,1,1,2,0,1,3,2,2,1,70,1,2,0,0,0,2,25.0,,voiture,,1,1,1,2,3
202400036489,2024-06-20 07:20:00,2024,6,20,7,20,76,76235,11 Rue de la Halle,49.8961,1.264152,Plein jour,En agglomération,Intersection en X,Normale,Autre collision,3,2,2,0,2,1,1,0,1,50,1,2,1,0,0,1,69.0,,utilitaire_camion,,1,2,2,1,6
202400036489,2024-06-20 07:20:00,2024,6,20,7,20,76,76235,11 Rue de la Halle,49.8961,1.264152,Plein jour,En agglomération,Intersection en X,Normale,Autre collision,3,2, -1,-1,2,1,1,0,1,-1,1,2,1,0,0,1,69.0,,utilitaire_camion,,1,2,2,1,6
202400036490,2024-11-07 16:48:00,2024,11,7,16,48,33,33039,,44.802175,-0.533755,Plein jour,Hors agglomération,Hors intersection,Normale,Deux véhicules - arrière,1,3,6,0,1,1,1,0,1,90,2,2,1,0,0,1,55.0,20.0,utilitaire_camion,utilitaire_camion,1,1,1,1,2
202400036491,2024-10-01 08:40:00,2024,10,1,8,40,64,64102,HENRI DE NAVARRE (AVENUE),43.49524,-1.45201,Plein jour,En agglomération,Hors intersection,Normale,Deux véhicules - côté,3,2,3,0,1,1,1,0,1,50,2,2,1,0,0,1,45.0,24.0,deux_roues,voiture,1,2,1,1,3
202400036492,2024-11-07 07:01:00,2024,11,7,7,1,33,33080,,44.736048,-0.533116,Crépuscule ou aube,Hors agglomération,Hors intersection,Normale,Deux véhicules - arrière,1,3,4,0,1,1,1,0,1,130,2,2,1,0,0,1,35.0,36.0,voiture,utilitaire_camion,2,1,1,1,2
202400036493,2024-09-30 14:15:00,2024,9,30,14,15,63,63300,PARIS (AVENUE DE),45.90655,3.12469,Plein jour,En agglomération,Giratoire,Normale,Deux véhicules - frontale,3,2,2,0,1,1,1,5,1,50,2,2,0,0,0,2,68.0,42.0,voiture,voiture,1,2,6,1,1
202400036493,2024-09-30 14:15:00,2024,9,30,14,15,63,63300,PARIS (AVENUE DE),45.90655,3.12469,Plein jour,En agglomération,Giratoire,Normale,Deux véhicules - frontale,3,1,2,0,1,2,1,5,1,50,2,2,0,0,0,2,68.0,42.0,voiture,voiture,1,2,6,1,1
202400036494,2024-11-06 08:18:00,2024,11,6,8,18,59,59646,AUTOROUTE A22,50.65688,3.12546,Plein jour,Hors agglomération,Hors intersection,Normale,Trois véhicules et plus - en chaîne,1,-1,4,0,1,1,1,0,1,70,3,4,3,0,1,0,41.0,29.0,voiture,voiture,1,1,1,1,4
202400036495,2024-06-20 11:17:00,2024,6,20,11,17,67,67445,Rue du Sel,48.2929,7.373632,Plein jour,Hors agglomération,Hors intersection,Temps couvert,Deux véhicules - frontale,4,2,2,0,2,1,1,0,1,50,2,2,0,0,0,2,74.0,54.0,deux_roues,deux_roues,1,1,1,8,1
202400036496,2024-11-07 08:40:00,2024,11,7,8,40,94,94021,A6A,48.76884885,2.34540172,Plein jour,Hors agglomération,Hors intersection,Normale,Deux véhicules - côté,1,2,3,0,1,1,1,0,1,110,2,2,1,0,0,1,35.0,22.0,deux_roues,deux_roues,1,1,1,1,3
202400036497,2024-06-20 06:58:00,2024,6,20,6,58,52,52163,A31 PK130+800 direction Dijon,47.955561,5.41614574,Plein jour,Hors agglomération,Hors intersection,Normale,Deux véhicules - arrière,1,3,4,0,1,1,1,0,1,-1,2,3,1,0,0,2,36.0,70.0,utilitaire_camion,voiture,1,1,1,1,2
202400036498,2024-11-07 06:20:00,2024,11,7,6,20,91,91689,AUTOROUTE A6B,48.74278,2.32256,Nuit sans éclairage public,Hors agglomération,Hors intersection,Normale,Deux véhicules - côté,1,3,4,0,1,1,1,0,1,90,2,2,1,0,0,1,48.0,55.0,utilitaire_camion,voiture,3,1,1,1,3
202400036499,2024-09-30 16:45:00,2024,9,30,16,45,63,63245,LAGRANGE LEO (AVENUE),45.89333,3.09157,Plein jour,En agglomération,Hors intersection,Normale,Deux véhicules - frontale,4,-1,2,0,2,1,1,0,1,50,2,2,1,0,0,1,41.0,17.0,voiture,deux_roues,1,2,1,1,1
202400036500,2024-06-19 16:53:00,2024,6,19,16,53,68,68022,75 Rue Principale,47.821598,7.382196,Plein jour,En agglomération,Hors intersection,Normale,Autre collision,4,2,2,1,1,1,1,0,5,50,2,2,1,0,0,1,56.0,58.0,voiture,deux_roues,1,2,1,1,6
202400036501,2024-11-07 17:08:00,2024,11,7,17,8,92,92036,A86,48.93484397,2.26726483,Crépuscule ou aube,Hors agglomération,Hors intersection,Normale,Deux véhicules - arrière,1,1,3,0,1,1,1,1,1,90,2,2,1,0,0,1,46.0,54.0,voiture,deux_roues,2,1,1,1,2
202400036502,2024-11-07 17:05:00,2024,11,7,17,5,93,93027,AUTOROUTE A86,48.92416061,2.38792241,Plein jour,Hors agglomération,Hors intersection,Normale,Deux véhicules - arrière,1,3,4,0,1,1,1,0,1,90,2,2,1,0,0,1,54.0,,voiture,utilitaire_camion,1,1,1,1,2
202400036503,2024-06-20 18:50:00,2024,6,20,18,50,03,03036,1 Avenue Charles Louis Philippe,46.584641,3.056302,Plein jour,En agglomération,Hors intersection,Normale,Autre collision,3,2,2,0,2,1,1,0,4,50,1,3,2,0,1,0,59.0,,transport_commun,,1,2,1,1,6
202400036504,2024-11-07 16:50:00,2024,11,7,16,50,93,93006,AUTOROUTE A3,48.86452091,2.41496372,Crépuscule ou aube,Hors agglomération,Hors intersection,Normale,Deux véhicules - côté,1,3,4,0,2,1,1,0,1,90,2,3,1,0,0,2,,23.0,voiture,deux_roues,2,1,1,1,3
202400036505,2024-06-14 16:30:00,2024,6,14,16,30,89,89066,Route de la Vallee d’Enfer,48.14946,3.473906,Plein jour,Hors agglomération,Hors intersection,Normale,Deux véhicules - frontale,4,2,2,0,2,3,1,0,1,80,2,2,1,0,1,0,55.0,19.0,voiture,voiture,1,1,1,1,1
202400036506,2024-11-07 07:50:00,2024,11,7,7,50,93,93064,AUTOROUTE A86,48.86927975,2.48237084,Plein jour,Hors agglomération,Hors intersection,Normale,Deux véhicules - côté,1,1,3,0,1,2,1,0,1,70,2,2,1,0,0,1,18.0,54.0,deux_roues,utilitaire_camion,1,1,1,1,3
202400036507,2024-09-30 16:45:00,2024,9,30,16,45,63,63113,MONTCALM (RUE),45.76046,3.09553,Plein jour,En agglomération,Intersection en T,Normale,Deux véhicules - côté,4,2,2,0,1,1,1,0,1,30,2,2,1,0,0,1,54.0,35.0,voiture,deux_roues,1,2,3,1,3
202400036507,2024-09-30 16:45:00,2024,9,30,16,45,63,63113,MONTCALM (RUE),45.76046,3.09553,Plein jour,En agglomération,Intersection en T,Normale,Deux véhicules - côté,4,1,1,-1,1,1,1,0,1,30,2,2,1,0,0,1,54.0,35.0,voiture,deux_roues,1,2,3,1,3
202400036508,2024-11-06 19:15:00,2024,11,6,19,15,95,95604,A1,49.12091,2.55671,Nuit sans éclairage public,Hors agglomération,Hors intersection,Normale,Deux véhicules - côté,1,3,3,0,1,1,1,0,2,110,2,2,1,0,1,0,25.0,20.0,voiture,voiture,3,1,1,1,3
202400036509,2024-09-30 16:35:00,2024,9,30,16,35,62,62215,Rue du Marais,50.4903404,2.95994416,Plein jour,En agglomération,Autre intersection,Normale,Deux véhicules - côté,4,-1,1,0,1,2,1,0,8,50,2,2,1,0,1,0,60.0,39.0,deux_roues,voiture,1,2,9,1,3
202400036510,2024-06-18 08:05:00,2024,6,18,8,5,51,51027,Rue Saint-martin,49.032923,4.700823,Plein jour,Hors agglomération,Intersection en T,Normale,Deux véhicules - côté,3,2,2,0,1,1,1,0,1,80,2,3,2,0,0,1,19.0,31.0,voiture,voiture,1,1,3,1,3
202400036510,2024-06-18 08:05:00,2024,6,18,8,5,51,51027,Rue Saint-martin,49.032923,4.700823,Plein jour,Hors agglomération,Intersection en T,Normale,Deux véhicules - côté,3,2,2,0,1,2,1,0,1,50,2,3,2,0,0,1,19.0,31.0,voiture,voiture,1,1,3,1,3
202400036511,2024-11-06 09:00:00,2024,11,6,9,0,93,93008,AUTOROUTE A86,48.9079485,2.45266698,Plein jour,Hors agglomération,Hors intersection,Normale,Deux véhicules - côté,1,3,3,0,1,1,1,1,1,90,2,2,1,0,0,1,57.0,43.0,deux_roues,voiture,1,1,1,1,3
202400036512,2024-09-30 17:10:00,2024,9,30,17,10,62,62041,Avenue de l'Hippodrome,50.29281,2.74727,Plein jour,En agglomération,Hors intersection,Pluie légère,Autre collision,4,2,2,0,1,1,2,0,1,50,1,2,1,0,1,0,68.0,,voiture,,1,2,1,2,6
202400036513,2024-06-20 13:00:00,2024,6,20,13,0,51,51622,D26,49.210981,3.941431,Plein jour,Hors agglomération,Intersection en T,Temps couvert,Deux véhicules - côté,3,-1,2,0,1,1,1,0,1,90,2,2,1,0,0,1,39.0,18.0,deux_roues,voiture,1,1,3,8,3
202400036513,2024-06-20 13:00:00,2024,6,20,13,0,51,51622,D26,49.210981,3.941431,Plein jour,Hors agglomération,Intersection en T,Temps couvert,Deux véhicules - côté,3,2,2,0,1,1,1,0,1,80,2,2,1,0,0,1,39.0,18.0,deux_roues,voiture,1,1,3,8,3
202400036514,2024-11-06 08:30:00,2024,11,6,8,30,95,95277,A104,48.97421456,2.48930476,Plein jour,Hors agglomération,Hors intersection,Normale,Deux véhicules - arrière,1,1,4,0,1,1,1,0,1,70,2,2,1,0,0,1,28.0,23.0,voiture,deux_roues,1,1,1,1,2
202400036515,2024-06-20 16:15:00,2024,6,20,16,15,19,19273,,45.0648083,1.56309154,Plein jour,Hors agglomération,Hors intersection,Pluie légère,Autre collision,3,2,2,0,1,2,2,0,3,70,1,2,0,1,0,1,40.0,,voiture,,1,1,1,2,6
202400036516,2024-10-01 16:35:00,2024,10,1,16,35,60,60057,PARIS (RUE DE) > AVENUE DE LA PAIX,49.41615,2.09912,Plein jour,En agglomération,Intersection en X,Normale,Autre collision,4,2, -1,-1,1,1,1,0,1,-1,1,2,1,0,0,1,45.0,,voiture,,1,2,2,1,6
202400036516,2024-10-01 16:35:00,2024,10,1,16,35,60,60057,PARIS (RUE DE) > AVENUE DE LA PAIX,49.41615,2.09912,Plein jour,En agglomération,Intersection en X,Normale,Autre collision,4,2,2,0,1,1,1,0,1,50,1,2,1,0,0,1,45.0,,voiture,,1,2,2,1,6
202400036517,2024-11-06 23:50:00,2024,11,6,23,50,77,77175,RN104,48.67010536,2.61201669,Nuit sans éclairage public,Hors agglomération,Hors intersection,Normale,Autre collision,2,1,3,0,1,1,1,0,1,90,2,2,1,0,0,1,32.0,34.0,voiture,voiture,3,1,1,1,6
202400036518,2024-09-30 13:30:00,2024,9,30,13,30,60,60057,Rue de Sénéfontaine,49.41951285,2.07204294,Plein jour,En agglomération,Autre intersection,Pluie légère,Autre collision,4,2,2,0,1,1,2,0,1,50,1,2,1,0,0,1,67.0,,voiture,,1,2,9,2,6
202400036519,2024-11-06 23:30:00,2024,11,6,23,30,94,94042,A4,48.82781145,2.47176162,Nuit sans éclairage public,Hors agglomération,Hors intersection,Normale,Deux véhicules - arrière,1,3,4,0,1,1,1,0,1,90,2,3,1,0,0,2,47.0,,deux_roues,voiture,3,1,1,1,2
202400036520,2024-06-20 15:00:00,2024,6,20,15,0,56,56236,L'Hôpital Robin,47.900509,-2.518348,Plein jour,Hors agglomération,Intersection en X,Normale,Deux véhicules - côté,3,2,2,-1,1,1,1,5,1,80,2,2,1,1,0,0,43.0,62.0,utilitaire_camion,voiture,1,1,2,1,3
202400036520,2024-06-20 15:00:00,2024,6,20,15,0,56,56236,L'Hôpital Robin,47.900509,-2.518348,Plein jour,Hors agglomération,Intersection en X,Normale,Deux véhicules - côté,3,2,2,0,2,1,1,5,1,80,2,2,1,1,0,0,43.0,62.0,utilitaire_camion,voiture,1,1,2,1,3
202400036521,2024-06-19 19:30:00,2024,6,19,19,30,77,77109,Route départementale 75,48.607944,3.183289,Plein jour,Hors agglomération,Hors intersection,Normale,Sans collision,3,2,2,0,1,1,1,0,3,80,1,1,0,0,1,0,55.0,,deux_roues,,1,1,1,1,7
202400036522,2024-10-01 19:10:00,2024,10,1,19,10,59,59009,MONS BOULEVARD DE,50.647,3.125,Nuit avec éclairage allumé,En agglomération,Autre intersection,Pluie légère,Deux véhicules - côté,7,3,2,1,1,1,2,9,1,50,2,2,1,0,1,0,47.0,24.0,voiture,deux_roues,5,2,9,2,3
202400036522,2024-10-01 19:10:00,2024,10,1,19,10,59,59009,MONS BOULEVARD DE,50.647,3.125,Nuit avec éclairage allumé,En agglomération,Autre intersection,Pluie légère,Deux véhicules - côté,7,3,8,0,1,1,2,9,1,50,2,2,1,0,1,0,47.0,24.0,voiture,deux_roues,5,2,9,2,3
202400036523,2024-11-06 18:00:00,2024,11,6,18,0,77,77294,RN104,48.9670192,2.60494771,Crépuscule ou aube,Hors agglomération,Hors intersection,Normale,Trois véhicules et plus - collisions multiples,1,1,2,0,1,1,1,0,1,90,3,3,2,0,0,1,30.0,41.0,deux_roues,utilitaire_camion,2,1,1,1,5
202400036524,2024-06-20 18:15:00,2024,6,20,18,15,76,76100,intersection D85/D61,49.500824,1.262805,Plein jour,Hors agglomération,Intersection en X,Normale,Deux véhicules - côté,3,2,2,0,1,1,1,0,1,80,2,2,0,0,0,2,88.0,20.0,voiture,voiture,1,1,2,1,3
202400036524,2024-06-20 18:15:00,2024,6,20,18,15,76,76100,intersection D85/D61,49.500824,1.262805,Plein jour,Hors agglomération,Intersection en X,Normale,Deux véhicules - côté,3,2,2,0,2,1,1,0,1,80,2,2,0,0,0,2,88.0,20.0,voiture,voiture,1,1,2,1,3
202400036525,2024-10-01 07:35:00,2024,10,1,7,35,59,59378,Rue Nationale,50.66556,3.07608,Plein jour,En agglomération,Intersection en T,Normale,Deux véhicules - côté,7,3,2,0,1,1,1,0,1,50,2,2,1,0,0,1,63.0,25.0,voiture,deux_roues,1,2,3,1,3
202400036525,2024-10-01 07:35:00,2024,10,1,7,35,59,59378,Rue Nationale,50.66556,3.07608,Plein jour,En agglomération,Intersection en T,Normale,Deux véhicules - côté,7,2,2,0,1,1,1,0,1,50,2,2,1,0,0,1,63.0,25.0,voiture,deux_roues,1,2,3,1,3
202400036526,2024-11-06 11:49:00,2024,11,6,11,49,94,94069,A86,48.81626132,2.45282484,Plein jour,Hors agglomération,Hors intersection,Normale,Trois véhicules et plus - en chaîne,1,3,4,0,1,1,1,0,1,90,3,3,2,0,0,1,32.0,39.0,utilitaire_camion,utilitaire_camion,1,1,1,1,4
202400036527,2024-06-18 10:20:00,2024,6,18,10,20,61,61327,D7,48.448297,0.447033,Plein jour,Hors agglomération,Hors intersection,Temps couvert,Deux véhicules - côté,3,2,2,0,1,1,1,0,1,90,2,2,1,0,0,1,81.0,80.0,voiture,voiture,1,1,1,8,3
202400036528,2024-10-01 06:40:00,2024,10,1,6,40,57,57463,SENTE A MY (RUE ),49.0947871,6.17654264,Nuit avec éclairage allumé,En agglomération,Hors intersection,Temps couvert,Deux véhicules - côté,4,2,2,2,2,1,2,0,1,50,2,4,2,0,1,1,35.0,30.0,voiture,deux_roues,5,2,1,8,3