accident_id,datetime,annee,mois,jour,heure,minute,departement,commune_insee,adresse,latitude,longitude,luminosite,agglomeration,intersection,meteo,collision,catr,circ,nbv,vosp,prof,plan,surf,infra,situ,vma,nb_vehicules,nb_usagers,nb_indemnes,nb_tues,nb_blesses_hosp,nb_blesses_legers,age_cond_1,age_cond_2,veh_type_cond_1,veh_type_cond_2,lum_code,agg_code,int_code,atm_code,col_code
202400036529,2024-06-20 18:25:00,2024,6,20,18,25,47,47138,Lagasse,44.257556,0.727909,Crépuscule ou aube,Hors agglomération,Hors intersection,Pluie forte,Deux véhicules - frontale,3,2,2,0,2,3,2,0,1,80,2,2,0,1,0,1,20.0,53.0,voiture,voiture,2,1,1,3,1
202400036530,2024-04-28 11:30:00,2024,4,28,11,30,93,93048,Rue de Paris,48.85498745,2.41870071,Plein jour,En agglomération,Hors intersection,Normale,Deux véhicules - côté,3,2,2,0,1,1,1,0,1,50,2,2,1,0,0,1,23.0,66.0,voiture,deux_roues,1,2,1,1,3
202400036531,2024-06-20 04:50:00,2024,6,20,4,50,25,25334,D72 PR 12+400,46.955967,6.147752,Nuit sans éclairage public,Hors agglomération,Hors intersection,Normale,Autre collision,3,2,2,0,1,1,1,0,3,90,1,1,0,0,1,0,19.0,,voiture,,3,1,1,1,6
202400036532,2024-04-11 20:00:00,2024,4,11,20,0,93,93064,Rue Missak Manouchian,48.86318207,2.4962835,Nuit avec éclairage allumé,En agglomération,Hors intersection,Normale,Deux véhicules - côté,3,2,2,1,1,1,1,0,4,30,2,2,1,0,0,1,37.0,32.0,voiture,deux_roues,5,2,1,1,3
202400036533,2024-06-15 22:12:00,2024,6,15,22,12,25,25108,D437a,47.243896,6.838283,Nuit sans éclairage public,Hors agglomération,Hors intersection,Normale,Sans collision,3,2,2,0,1,1,1,0,3,80,1,1,0,0,1,0,53.0,,voiture,,3,1,1,1,7
202400036534,2024-09-30 18:02:00,2024,9,30,18,2,57,57463,ARENES (RUE AUX),49.10738556,6.17796742,Plein jour,En agglomération,Intersection en Y,Autre,Deux véhicules - côté,4,2,0,0,1,1,2,0,1,50,2,3,2,0,1,0,37.0,,voiture,voiture,1,2,4,9,3
202400036534,2024-09-30 18:02:00,2024,9,30,18,2,57,57463,ARENES (RUE AUX),49.10738556,6.17796742,Plein jour,En agglomération,Intersection en Y,Autre,Deux véhicules - côté,4,2,0,0,1,1,2,0,1,50,2,3,2,0,1,0,37.0,,voiture,voiture,1,2,4,9,3
202400036535,2024-06-20 17:20:00,2024,6,20,17,20,29,29146,Kerampaou,47.88922281,-3.79754455,Plein jour,Hors agglomération,Intersection en X,Pluie légère,Deux véhicules - côté,3,2,2,0,1,1,2,5,1,80,2,2,1,0,1,0,84.0,47.0,voiture,utilitaire_camion,1,1,2,2,3
202400036535,2024-06-20 17:20:00,2024,6,20,17,20,29,29146,Kerampaou,47.88922281,-3.79754455,Plein jour,Hors agglomération,Intersection en X,Pluie légère,Deux véhicules - côté,3,2,2,0,1,1,2,0,1,70,2,2,1,0,1,0,84.0,47.0,voiture,utilitaire_camion,1,1,2,2,3
202400036536,2024-01-13 11:00:00,2024,1,13,11,0,49,49099,LORRAINE (RUE DE),47.05882,-0.86627,Plein jour,En agglomération,Intersection en X,Normale,Trois véhicules et plus - en chaîne,4,2,2,0,2,1,1,0,1,50,3,5,4,0,0,1,37.0,44.0,utilitaire_camion,voiture,1,2,2,1,4
202400036536,2024-01-13 11:00:00,2024,1,13,11,0,49,49099,LORRAINE (RUE DE),47.05882,-0.86627,Plein jour,En agglomération,Intersection en X,Normale,Trois véhicules et plus - en chaîne,4,2,2,0,2,1,1,0,1,50,3,5,4,0,0,1,37.0,44.0,utilitaire_camion,voiture,1,2,2,1,4
202400036537,2024-09-27 15:51:00,2024,9,27,15,51,54,54159,Rue de la Saline,48.6214,6.34474,Plein jour,En agglomération,Hors intersection,Temps couvert,Sans collision,4,2,2,0,1,1,1,0,1,50,1,1,0,0,0,1,15.0,,deux_roues,,1,2,1,8,7
202400036538,2024-11-05 23:33:00,2024,11,5,23,33,972,97213,ROUTE NATIONALE 5,14.59649,-60.99336,Nuit avec éclairage non allumé,Hors agglomération,Hors intersection,Pluie légère,Autre collision,2,1,3,0,1,1,2,0,1,70,1,1,0,0,1,0,21.0,,autre,,4,1,1,2,6
202400036539,2024-06-20 01:10:00,2024,6,20,1,10,29,29003,Rue du 14 Juillet,48.02600407,-4.54690495,Nuit sans éclairage public,En agglomération,Intersection en T,Temps couvert,Autre collision,3,2,2,0,2,3,1,0,4,50,1,1,0,0,1,0,24.0,,utilitaire_camion,,3,2,3,8,6
202400036539,2024-06-20 01:10:00,2024,6,20,1,10,29,29003,Rue du 14 Juillet,48.02600407,-4.54690495,Nuit sans éclairage public,En agglomération,Intersection en T,Temps couvert,Autre collision,3,2, -1,-1,1,1,1,0,1,50,1,1,0,0,1,0,24.0,,utilitaire_camion,,3,2,3,8,6
202400036540,2024-06-20 16:10:00,2024,6,20,16,10,15,15050,RD 680,45.11199,2.679441,Plein jour,Hors agglomération,Hors intersection,Brouillard / fumée,Autre collision,3,2,2,0,2,2,2,0,3,90,1,1,0,0,1,0,83.0,,deux_roues,,1,1,1,5,6
202400036541,2024-06-20 17:50:00,2024,6,20,17,50,01,01374,RD 1075,46.11858702,5.29734671,Plein jour,Hors agglomération,Intersection en T,Pluie légère,Deux véhicules - côté,3,2,2,0,1,1,2,0,1,80,2,3,1,0,2,0,73.0,33.0,voiture,utilitaire_camion,1,1,3,2,3
202400036541,2024-06-20 17:50:00,2024,6,20,17,50,01,01374,RD 1075,46.11858702,5.29734671,Plein jour,Hors agglomération,Intersection en T,Pluie légère,Deux véhicules - côté,3,2,2,0,1,1,2,0,1,80,2,3,1,0,2,0,73.0,33.0,voiture,utilitaire_camion,1,1,3,2,3
202400036542,2024-11-06 14:50:00,2024,11,6,14,50,972,97213,ROUTE DEPARTEMENTALE 3,14.62111,-60.98742,Plein jour,Hors agglomération,Intersection en X,Normale,Deux véhicules - côté,3,2,2,0,1,1,1,0,1,70,2,3,2,0,0,1,37.0,78.0,voiture,voiture,1,1,2,1,3
202400036542,2024-11-06 14:50:00,2024,11,6,14,50,972,97213,ROUTE DEPARTEMENTALE 3,14.62111,-60.98742,Plein jour,Hors agglomération,Intersection en X,Normale,Deux véhicules - côté,3,2,2,0,1,1,1,0,1,50,2,3,2,0,0,1,37.0,78.0,voiture,voiture,1,1,2,1,3
202400036543,2024-10-01 14:35:00,2024,10,1,14,35,51,51454,MARCHANDEAU (AVENUE PAUL),49.24406,4.02759,Plein jour,En agglomération,Intersection en X,Normale,Autre collision,4,2,2,0,1,1,1,0,1,50,1,2,1,0,0,1,51.0,,voiture,,1,2,2,1,6
202400036543,2024-10-01 14:35:00,2024,10,1,14,35,51,51454,MARCHANDEAU (AVENUE PAUL),49.24406,4.02759,Plein jour,En agglomération,Intersection en X,Normale,Autre collision,4,2,6,0,1,1,1,0,1,50,1,2,1,0,0,1,51.0,,voiture,,1,2,2,1,6
202400036544,2024-06-19 18:45:00,2024,6,19,18,45,01,01200,Route du Sappel,46.096845,5.503272,Plein jour,Hors agglomération,Hors intersection,Normale,Sans collision,3,2,2,0,2,1,1,0,1,80,1,1,0,0,1,0,47.0,,deux_roues,,1,1,1,1,7
202400036545,2024-11-05 19:50:00,2024,11,5,19,50,972,97213,AUTOROUTE A1,14.61504,-61.01342,Nuit avec éclairage allumé,Hors agglomération,Hors intersection,Normale,Trois véhicules et plus - collisions multiples,1,3,3,0,1,1,1,0,1,90,3,3,2,0,1,0,52.0,30.0,voiture,deux_roues,5,1,1,1,5
202400036546,2024-09-24 07:20:00,2024,9,24,7,20,49,49328,Rue de Nantilly,47.25319,-0.0772,Crépuscule ou aube,En agglomération,Hors intersection,Pluie légère,Deux véhicules - frontale,4,2,2,0,1,3,2,0,1,50,2,2,1,0,0,1,42.0,22.0,deux_roues,utilitaire_camion,2,2,1,2,1
202400036547,2024-10-01 19:40:00,2024,10,1,19,40,49,49007,CONTADES AVENUE,47.4643,-0.55365,Crépuscule ou aube,En agglomération,Hors intersection,Normale,Autre collision,4,2,2,0,1,1,1,0,1,50,2,2,1,0,0,1,26.0,69.0,deux_roues,voiture,2,2,1,1,6
202400036548,2024-11-05 22:00:00,2024,11,5,22,0,972,97209,PROFESSEUR RAYMOND GARCIN (RUE DU),14.6205,-61.0776,Nuit avec éclairage allumé,En agglomération,Hors intersection,Normale,Autre collision,3,2,2,0,1,1,1,0,1,50,2,4,2,0,0,2,61.0,44.0,voiture,voiture,5,2,1,1,6
202400036549,2024-06-18 14:00:00,2024,6,18,14,0,45,45165,Route de Montbouy,47.930125,2.852873,Plein jour,Hors agglomération,Intersection en X,Normale,Deux véhicules - côté,4,2,2,0,1,1,1,0,1,80,2,3,0,0,1,2,47.0,52.0,voiture,voiture,1,1,2,1,3
202400036550,2024-11-06 23:55:00,2024,11,6,23,55,69,69034,Montée de la Boucle,45.78081747,4.84002818,Nuit avec éclairage allumé,En agglomération,Hors intersection,Normale,Autre collision,4,2,2,1,2,1,1,0,5,50,1,1,0,0,0,1,25.0,,deux_roues,,5,2,1,1,6
202400036551,2024-09-30 11:30:00,2024,9,30,11,30,49,49007,LAFAYETTE PLACE,47.46232,-0.55382,Plein jour,En agglomération,Hors intersection,Normale,Deux véhicules - arrière,4,1,1,0,1,1,1,0,1,30,2,2,0,0,0,2,79.0,74.0,voiture,voiture,1,2,1,1,2
202400036552,2024-06-19 18:15:00,2024,6,19,18,15,64,64138,D938,43.243562,-0.268055,Plein jour,Hors agglomération,Giratoire,Normale,Deux véhicules - côté,3,2,2,0,1,1,1,0,1,80,2,2,1,0,1,0,33.0,39.0,utilitaire_camion,deux_roues,1,1,6,1,3
202400036553,2024-10-01 07:34:00,2024,10,1,7,34,47,47001,PALISSY (RUE ET IMP.),44.2004,0.616,Plein jour,En agglomération,Intersection en X,Normale,Autre collision,4,2,2,0,1,1,1,0,1,30,1,2,1,0,0,1,64.0,,transport_commun,,1,2,2,1,6
202400036553,2024-10-01 07:34:00,2024,10,1,7,34,47,47001,PALISSY (RUE ET IMP.),44.2004,0.616,Plein jour,En agglomération,Intersection en X,Normale,Autre collision,4,2,2,0,1,3,1,0,1,30,1,2,1,0,0,1,64.0,,transport_commun,,1,2,2,1,6
202400036554,2024-11-02 21:00:00,2024,11,2,21,0,971,97120,FREBAULT,16.24092,-61.53527,Nuit avec éclairage allumé,En agglomération,Autre intersection,Normale,Deux véhicules - côté,3,3,1,0,1,1,2,0,1,50,2,3,1,0,0,2,23.0,53.0,voiture,utilitaire_camion,5,2,9,1,3
202400036554,2024-11-02 21:00:00,2024,11,2,21,0,971,97120,FREBAULT,16.24092,-61.53527,Nuit avec éclairage allumé,En agglomération,Autre intersection,Normale,Deux véhicules - côté,3,1,2,0,1,1,1,5,1,50,2,3,1,0,0,2,23.0,53.0,voiture,utilitaire_camion,5,2,9,1,3
202400036555,2024-06-20 16:45:00,2024,6,20,16,45,64,64060,D802,43.318127,-0.46315,Plein jour,Hors agglomération,Intersection en T,Pluie forte,Deux véhicules - côté,3,2,2,0,1,1,2,0,1,70,2,2,1,1,0,0,58.0,90.0,utilitaire_camion,voiture,1,1,3,3,3
202400036555,2024-06-20 16:45:00,2024,6,20,16,45,64,64060,D802,43.318127,-0.46315,Plein jour,Hors agglomération,Intersection en T,Pluie forte,Deux véhicules - côté,3,1,2,0,1,1,2,5,1,50,2,2,1,1,0,0,58.0,90.0,utilitaire_camion,voiture,1,1,3,3,3
202400036556,2024-09-29 18:56:00,2024,9,29,18,56,42,42095,Rue Jean Jaurès,45.38809,4.2858,Plein jour,En agglomération,Intersection en X,Normale,Autre collision,4,2,2,0,1,1,1,0,1,30,1,2,0,1,0,1,15.0,,deux_roues,,1,2,2,1,6
202400036556,2024-09-29 18:56:00,2024,9,29,18,56,42,42095,Rue Jean Jaurès,45.38809,4.2858,Plein jour,En agglomération,Intersection en X,Normale,Autre collision,4,1,1,-1,1,1,1,0,1,-1,1,2,0,1,0,1,15.0,,deux_roues,,1,2,2,1,6
202400036557,2024-11-06 12:35:00,2024,11,6,12,35,2A,2A004,NAPOLEON COURS APRES BEVERINI,41.92631363,8.73829901,Plein jour,En agglomération,Hors intersection,Normale,Deux véhicules - arrière,2,1,2,0,1,1,1,0,1,50,2,2,1,0,0,1,54.0,78.0,voiture,voiture,1,2,1,1,2
202400036558,2024-06-19 21:15:00,2024,6,19,21,15,37,37204,La Houssaye,47.529101,0.67446,Crépuscule ou aube,Hors agglomération,Intersection en X,Pluie légère,Deux véhicules - côté,4,2,2,0,1,1,2,0,1,70,2,2,1,0,1,0,20.0,63.0,deux_roues,voiture,2,1,2,2,3
202400036559,2024-10-01 18:55:00,2024,10,1,18,55,37,37261,DANIEL MAYER,47.41852,0.68474,Plein jour,En agglomération,Hors intersection,Temps éblouissant,Autre collision,4,2,2,1,1,1,2,0,1,50,1,2,1,0,0,1,30.0,,utilitaire_camion,,1,2,1,7,6
202400036560,2024-11-05 19:45:00,2024,11,5,19,45,91,91691,RAYMOND POINCARE(RUE),48.71544,2.50154,Nuit avec éclairage allumé,En agglomération,Hors intersection,Normale,Trois véhicules et plus - collisions multiples,3,2,2,0,1,1,1,0,1,50,3,3,2,0,0,1,28.0,38.0,voiture,deux_roues,5,2,1,1,5
202400036561,2024-10-01 09:50:00,2024,10,1,9,50,37,37261,Daniel Mayer,47.41884529,0.69916391,Plein jour,En agglomération,Hors intersection,Pluie légère,Sans collision,4,2,1,0,1,1,2,0,1,50,1,1,0,0,0,1,16.0,,deux_roues,,1,2,1,2,7
202400036562,2024-06-17 20:30:00,2024,6,17,20,30,38,38310,Route de Rochefort,45.259769,5.472007,Plein jour,Hors agglomération,Hors intersection,Normale,Sans collision,4,2,1,0,2,2,1,0,3,30,1,1,0,1,0,0,19.0,,voiture,,1,1,1,1,7
202400036563,2024-11-06 14:20:00,2024,11,6,14,20,82,82121,GOUZE(boulevard h),44.00737883,1.36045387,Plein jour,En agglomération,Hors intersection,Normale,Sans collision,3,3,4,1,2,2,1,0,1,50,1,1,0,0,1,0,79.0,,deux_roues,,1,2,1,1,7
202400036564,2024-10-01 20:45:00,2024,10,1,20,45,35,35115,SAINT LO (RUE DE),48.36571,-1.17991,Nuit avec éclairage allumé,En agglomération,Hors intersection,Normale,Deux véhicules - côté,4,2,2,0,2,2,2,0,1,30,2,3,2,0,0,1,24.0,53.0,voiture,deux_roues,5,2,1,1,3
202400036565,2024-11-04 08:25:00,2024,11,4,8,25,80,80021,Avenue de la Paix,49.91161,2.29935,Plein jour,En agglomération,Hors intersection,Normale,Deux véhicules - arrière,4,2,2,0,1,1,1,0,1,50,2,2,1,0,0,1,21.0,42.0,deux_roues,voiture,1,2,1,1,2
202400036566,2024-06-19 19:00:00,2024,6,19,19,0,63,63082,A71,46.06729317,3.11836114,Plein jour,Hors agglomération,Hors intersection,Pluie forte,Autre collision,1,3,4,0,2,2,2,0,1,130,1,2,1,0,0,1,56.0,,voiture,,1,1,1,3,6
202400036567,2024-06-19 04:15:00,2024,6,19,4,15,53,53007,"A81, PK 233.150",48.074624,-0.601866,Nuit sans éclairage public,Hors agglomération,Hors intersection,Temps couvert,Autre collision,1,3,2,0,1,1,2,0,2,130,1,1,0,0,1,0,29.0,,utilitaire_camion,,3,1,1,8,6
202400036568,2024-10-01 18:45:00,2024,10,1,18,45,33,33063,,44.86199,-0.55608,Plein jour,En agglomération,Intersection en T,Pluie légère,Deux véhicules - côté,4,1,1,0,1,1,2,0,1,30,2,2,1,0,0,1,21.0,29.0,voiture,deux_roues,1,2,3,2,3
202400036568,2024-10-01 18:45:00,2024,10,1,18,45,33,33063,,44.86199,-0.55608,Plein jour,En agglomération,Intersection en T,Pluie légère,Deux véhicules - côté,4,3,7,1,1,1,2,0,8,50,2,2,1,0,0,1,21.0,29.0,voiture,deux_roues,1,2,3,2,3
202400036569,2024-11-06 16:15:00,2024,11,6,16,15,78,78423,LECLERC (AVENUE DU GENERAL),48.77595,2.03726,Plein jour,En agglomération,Intersection en T,Normale,Autre collision,4,1,2,0,1,1,1,0,1,50,1,2,1,0,0,1,75.0,,voiture,,1,2,3,1,6
202400036569,2024-11-06 16:15:00,2024,11,6,16,15,78,78423,LECLERC (AVENUE DU GENERAL),48.77595,2.03726,Plein jour,En agglomération,Intersection en T,Normale,Autre collision,4,1,0,0,1,1,1,0,1,50,1,2,1,0,0,1,75.0,,voiture,,1,2,3,1,6
202400036570,2024-06-20 08:40:00,2024,6,20,8,40,21,21297,"Autoroute A31, PK 19+200 sens Beaune / Dijon",47.164436,4.999976,Plein jour,Hors agglomération,Hors intersection,Normale,Autre collision,1,3,4,0,1,1,1,9,8,130,1,1,0,0,1,0,26.0,,voiture,,1,1,1,1,6
202400036571,2024-06-19 17:45:00,2024,6,19,17,45,56,56075,Le Hurpe,47.929269,-2.127185,Plein jour,Hors agglomération,Hors intersection,Normale,Deux véhicules - frontale,3,2,2,0,1,1,1,0,1,80,2,2,1,0,0,1,19.0,53.0,voiture,transport_commun,1,1,1,1,1
202400036572,2024-10-01 14:30:00,2024,10,1,14,30,33,33281,,44.83388,-0.6688,Plein jour,En agglomération,Hors intersection,Normale,Deux véhicules - côté,4,2,2,3,1,1,1,6,1,30,2,2,1,0,1,0,20.0,26.0,voiture,deux_roues,1,2,1,1,3
202400036573,2024-06-19 16:50:00,2024,6,19,16,50,988,98826,Naraï (Tribu),-20.197859,164.132985,Plein jour,En agglomération,Hors intersection,Normale,Deux véhicules - frontale,4,2,2,0,1,1,1,0,1,-1,2,9,2,0,1,6,25.0,27.0,utilitaire_camion,utilitaire_camion,1,2,1,1,1
202400036574,2024-09-30 15:00:00,2024,9,30,15,0,33,33192,,44.78581,-0.60531,Plein jour,En agglomération,Hors intersection,Temps couvert,Deux véhicules - côté,4,3,2,2,1,1,1,-1,1,50,2,2,1,0,1,0,71.0,89.0,voiture,voiture,1,2,1,8,3
202400036575,2024-06-08 05:15:00,2024,6,8,5,15,66,66037,D617,42.705445,2.994161,Nuit sans éclairage public,Hors agglomération,Hors intersection,Normale,Deux véhicules - arrière,3,1,4,0,1,1,1,0,1,110,2,3,2,0,0,1,51.0,29.0,utilitaire_camion,voiture,3,1,1,1,2
202400036576,2024-06-20 16:25:00,2024,6,20,16,25,30,30142,D906,44.240268,4.05572,Plein jour,Hors agglomération,Hors intersection,Pluie légère,Deux véhicules - frontale,3,2,2,0,2,2,2,0,1,80,2,2,0,0,1,1,46.0,44.0,voiture,voiture,1,1,1,2,1
202400036577,2024-06-20 04:15:00,2024,6,20,4,15,13,13004,Route départementale 570,43.643467,4.566643,Nuit sans éclairage public,Hors agglomération,Hors intersection,Pluie légère,Deux véhicules - frontale,3,2,2,0,1,1,2,0,8,80,1,1,0,1,0,0,27.0,,voiture,,3,1,1,2,1
202400036578,2024-09-30 13:58:00,2024,9,30,13,58,33,33065,,44.80473,-0.5166,Plein jour,Hors agglomération,Hors intersection,Temps couvert,Deux véhicules - côté,4,2,2,0,1,1,1,0,1,70,2,2,1,0,1,0,53.0,71.0,utilitaire_camion,deux_roues,1,1,1,8,3
202400036579,2024-06-19 17:00:00,2024,6,19,17,0,68,68309,Forêt domaniale de la Hardt-Nord,47.652877,7.494467,Plein jour,Hors agglomération,Intersection en X,Normale,Deux véhicules - côté,4,-1,2,0,1,1,1,0,1,-1,2,2,1,0,1,0,58.0,17.0,deux_roues,deux_roues,1,1,2,1,3
202400036579,2024-06-19 17:00:00,2024,6,19,17,0,68,68309,Forêt domaniale de la Hardt-Nord,47.652877,7.494467,Plein jour,Hors agglomération,Intersection en X,Normale,Deux véhicules - côté,4,2, -1,-1,1,1,1,0,1,-1,2,2,1,0,1,0,58.0,17.0,deux_roues,deux_roues,1,1,2,1,3
202400036580,2024-10-01 20:40:00,2024,10,1,20,40,29,29232,Boulevard Gutenberg,47.97993992,-4.08075934,Nuit avec éclairage allumé,Hors agglomération,Giratoire,Normale,Autre collision,3,3,4,0,1,1,1,5,1,70,1,1,0,0,0,1,31.0,,deux_roues,,5,1,6,1,6
202400036581,2024-11-06 10:44:00,2024,11,6,10,44,77,77058,MARIE CURIE  (AVENUE),48.83409826,2.7138997,Plein jour,En agglomération,Hors intersection,Normale,Autre collision,3,2,2,0,1,1,1,0,1,50,3,5,3,0,0,2,20.0,54.0,voiture,voiture,1,2,1,1,6
202400036582,2024-10-01 14:00:00,2024,10,1,14,0,28,28332,Rue de Moronval,48.73289,1.38681,Plein jour,En agglomération,Autre intersection,Normale,Deux véhicules - côté,4,2,2,0,1,1,1,0,1,50,2,2,1,0,0,1,26.0,,deux_roues,voiture,1,2,9,1,3
202400036583,2024-06-19 17:50:00,2024,6,19,17,50,88,88090,N57,48.36854508,6.27982448,Plein jour,Hors agglomération,Hors intersection,Normale,Trois véhicules et plus - en chaîne,2,3,2,0,1,1,1,8,1,80,4,8,7,0,0,1,32.0,34.0,utilitaire_camion,utilitaire_camion,1,1,1,1,4
202400036584,2024-11-05 18:05:00,2024,11,5,18,5,71,71270,ESCANDE (BOULEVARD LOUIS),46.31694556,4.81607978,Nuit avec éclairage allumé,En agglomération,Hors intersection,Normale,Autre collision,4,3,3,0,2,3,1,0,1,50,1,2,1,0,0,1,26.0,,voiture,,5,2,1,1,6
202400036585,2024-09-30 08:24:00,2024,9,30,8,24,25,25462,ROCADE G.POMPIDOU (DU 25 A LA FIN),46.90994,6.33238,Plein jour,Hors agglomération,Giratoire,Normale,Deux véhicules - côté,2,-1,1,0,1,3,1,9,1,80,2,2,1,0,0,1,50.0,29.0,deux_roues,voiture,1,1,6,1,3
202400036585,2024-09-30 08:24:00,2024,9,30,8,24,25,25462,ROCADE G.POMPIDOU (DU 25 A LA FIN),46.90994,6.33238,Plein jour,Hors agglomération,Giratoire,Normale,Deux véhicules - côté,2,-1,1,0,1,1,1,0,1,80,2,2,1,0,0,1,50.0,29.0,deux_roues,voiture,1,1,6,1,3
202400036586,2024-06-16 16:30:00,2024,6,16,16,30,73,73054,D902,45.68517607,6.73667969,Plein jour,Hors agglomération,Intersection en Y,Normale,Deux véhicules - arrière,3,2,2,0,2,1,1,0,1,80,2,2,1,0,0,1,61.0,69.0,deux_roues,utilitaire_camion,1,1,4,1,2
202400036586,2024-06-16 16:30:00,2024,6,16,16,30,73,73054,D902,45.68517607,6.73667969,Plein jour,Hors agglomération,Intersection en Y,Normale,Deux véhicules - arrière,3,2,2,0,2,3,1,0,1,-1,2,2,1,0,0,1,61.0,69.0,deux_roues,utilitaire_camion,1,1,4,1,2
202400036587,2024-11-06 08:45:00,2024,11,6,8,45,69,69264,Rue Jules Ferry,45.9802625,4.73482043,Plein jour,En agglomération,Hors intersection,Temps couvert,Deux véhicules - côté,4,2,2,0,1,1,1,0,1,50,2,2,1,0,0,1,20.0,37.0,voiture,voiture,1,2,1,8,3
202400036588,2024-10-01 18:48:00,2024,10,1,18,48,22,22215,CARPONT (RUE DU),48.50116,-2.77679,Plein jour,En agglomération,Hors intersection,Normale,Deux véhicules - côté,4,2,2,0,2,3,1,0,1,50,2,2,1,1,0,0,49.0,87.0,voiture,voiture,1,2,1,1,3
202400036589,2024-11-06 11:45:00,2024,11,6,11,45,69,69029,Avenue Général de Gaulle,45.72727,4.92723,Plein jour,En agglomération,Intersection en X,Normale,Deux véhicules - côté,7,2,6,0,1,1,1,0,1,90,2,2,1,0,0,1,22.0,58.0,voiture,voiture,1,2,2,1,3
202400036589,2024-11-06 11:45:00,2024,11,6,11,45,69,69029,Avenue Général de Gaulle,45.72727,4.92723,Plein jour,En agglomération,Intersection en X,Normale,Deux véhicules - côté,7,1,3,0,1,1,1,0,1,90,2,2,1,0,0,1,22.0,58.0,voiture,voiture,1,2,2,1,3
202400036590,2024-06-20 06:45:00,2024,6,20,6,45,73,73054,D902,45.645533,6.78571,Plein jour,Hors agglomération,Hors intersection,Pluie légère,Sans collision,3,2,2,0,1,1,2,0,1,80,1,7,6,0,1,0,58.0,,utilitaire_camion,,1,1,1,2,7
202400036591,2024-10-01 08:30:00,2024,10,1,8,30,21,21355,M974,47.280823,5.048668,Plein jour,Hors agglomération,Hors intersection,Temps couvert,Deux véhicules - côté,7,1,2,0,1,1,1,0,1,90,2,2,1,0,1,0,30.0,30.0,voiture,deux_roues,1,1,1,8,3
202400036592,2024-11-06 17:25:00,2024,11,6,17,25,67,67482,GENERAL DE GAULLE (AVENUE DU),48.57861,7.7694,Crépuscule ou aube,En agglomération,Passage à niveau,Normale,Autre collision,4,2,2,3,1,1,1,4,6,30,1,2,1,1,0,0,43.0,,transport_commun,,2,2,8,1,6
202400036593,2024-12-12 05:55:00,2024,12,12,5,55,83,83126,STALINGRAD (BD),43.10653,5.86602,Nuit avec éclairage allumé,En agglomération,Intersection en T,Autre,Deux véhicules - côté,4,2,2,0,2,1,2,0,1,50,2,2,1,0,0,1,16.0,62.0,deux_roues,voiture,5,2,3,9,3
202400036593,2024-12-12 05:55:00,2024,12,12,5,55,83,83126,STALINGRAD (BD),43.10653,5.86602,Nuit avec éclairage allumé,En agglomération,Intersection en T,Autre,Deux véhicules - côté,4,2,2,0,1,1,2,0,1,50,2,2,1,0,0,1,16.0,62.0,deux_roues,voiture,5,2,3,9,3
202400036594,2024-09-30 08:00:00,2024,9,30,8,0,19,19272,Albert de la Pradel (Av),45.28419136,1.77147737,Plein jour,En agglomération,Intersection en T,Pluie forte,Sans collision,3,2,1,0,2,3,2,0,1,50,1,1,0,0,0,1,61.0,,deux_roues,,1,2,3,3,7
202400036594,2024-09-30 08:00:00,2024,9,30,8,0,19,19272,Albert de la Pradel (Av),45.28419136,1.77147737,Plein jour,En agglomération,Intersection en T,Pluie forte,Sans collision,3,2,1,0,1,1,2,0,1,50,1,1,0,0,0,1,61.0,,deux_roues,,1,2,3,3,7
202400036595,2024-06-18 17:40:00,2024,6,18,17,40,69,69204,Route de Brignais,45.704617,4.767914,Plein jour,Hors agglomération,Intersection en X,Normale,Deux véhicules - frontale,7,2,2,0,1,1,1,0,1,50,2,2,0,0,0,2,39.0,23.0,voiture,voiture,1,1,2,1,1
202400036595,2024-06-18 17:40:00,2024,6,18,17,40,69,69204,Route de Brignais,45.704617,4.767914,Plein jour,Hors agglomération,Intersection en X,Normale,Deux véhicules - frontale,7,2,2,0,1,1,1,5,1,70,2,2,0,0,0,2,39.0,23.0,voiture,voiture,1,1,2,1,1
202400036596,2024-12-11 17:30:00,2024,12,11,17,30,83,83129,RAYNAUD (AVENUE JOSEPH),43.09126175,5.84484678,Nuit avec éclairage allumé,En agglomération,Hors intersection,Normale,Autre collision,4,1,1,0,1,2,1,0,1,50,1,2,1,0,1,0,85.0,,voiture,,5,2,1,1,6
202400036597,2024-11-06 03:57:00,2024,11,6,3,57,67,67482,HAVRE (RUE DU),48.55473,7.79607,Nuit avec éclairage allumé,En agglomération,Intersection en T,Brouillard / fumée,Autre collision,4,2,2,0,1,4,1,0,3,50,1,3,1,0,0,2,30.0,,voiture,,5,2,3,5,6
202400036597,2024-11-06 03:57:00,2024,11,6,3,57,67,67482,HAVRE (RUE DU),48.55473,7.79607,Nuit avec éclairage allumé,En agglomération,Intersection en T,Brouillard / fumée,Autre collision,4,2,2,0,2,1,1,0,3,50,1,3,1,0,0,2,30.0,,voiture,,5,2,3,5,6
202400036598,2024-06-18 08:45:00,2024,6,18,8,45,69,69204,90 Avenue Georges Clémenceau,45.70038,4.795511,Plein jour,En agglomération,Hors intersection,Normale,Autre collision,7,2,2,0,1,1,1,0,1,50,1,2,1,0,0,1,49.0,,utilitaire_camion,,1,2,1,1,6