accident_id,datetime,annee,mois,jour,heure,minute,departement,commune_insee,adresse,latitude,longitude,luminosite,agglomeration,intersection,meteo,collision,catr,circ,nbv,vosp,prof,plan,surf,infra,situ,vma,nb_vehicules,nb_usagers,nb_indemnes,nb_tues,nb_blesses_hosp,nb_blesses_legers,age_cond_1,age_cond_2,veh_type_cond_1,veh_type_cond_2,lum_code,agg_code,int_code,atm_code,col_code
202400036599,2024-10-01 22:25:00,2024,10,1,22,25,13,13210,FLORIAN ( ROND POINT),43.28543,5.42582,Nuit avec éclairage allumé,En agglomération,Intersection en X,Pluie légère,Deux véhicules - côté,1,-1,3,0,1,1,2,2,1,50,2,5,2,0,0,3,34.0,42.0,voiture,voiture,5,2,2,2,3
202400036599,2024-10-01 22:25:00,2024,10,1,22,25,13,13210,FLORIAN ( ROND POINT),43.28543,5.42582,Nuit avec éclairage allumé,En agglomération,Intersection en X,Pluie légère,Deux véhicules - côté,1,-1,3,0,2,1,2,2,1,50,2,5,2,0,0,3,34.0,42.0,voiture,voiture,5,2,2,2,3
202400036600,2024-12-12 09:30:00,2024,12,12,9,30,81,81004,STRASBOURG (BD DE),43.93323,2.14666,Plein jour,En agglomération,Intersection en X,Normale,Deux véhicules - côté,4,2,2,1,1,1,1,0,1,50,2,2,1,0,1,0,52.0,27.0,voiture,deux_roues,1,2,2,1,3
202400036600,2024-12-12 09:30:00,2024,12,12,9,30,81,81004,STRASBOURG (BD DE),43.93323,2.14666,Plein jour,En agglomération,Intersection en X,Normale,Deux véhicules - côté,4,2,2,0,2,1,1,0,1,50,2,2,1,0,1,0,52.0,27.0,voiture,deux_roues,1,2,2,1,3
202400036601,2024-11-05 19:00:00,2024,11,5,19,0,67,67447,ERSTEIN (RUE D ),48.61018,7.73966,Nuit avec éclairage allumé,En agglomération,Intersection en T,Normale,Deux véhicules - arrière,4,2,2,0,2,3,1,2,1,50,2,2,1,0,0,1,67.0,24.0,voiture,deux_roues,5,2,3,1,2
202400036601,2024-11-05 19:00:00,2024,11,5,19,0,67,67447,ERSTEIN (RUE D ),48.61018,7.73966,Nuit avec éclairage allumé,En agglomération,Intersection en T,Normale,Deux véhicules - arrière,4,2,2,0,2,3,1,2,1,50,2,2,1,0,0,1,67.0,24.0,voiture,deux_roues,5,2,3,1,2
202400036602,2024-06-20 17:45:00,2024,6,20,17,45,14,14762,20bis Rue du Viverot,48.842892,-0.883305,Plein jour,En agglomération,Intersection en X,Temps couvert,Sans collision,4,1,1,0,1,1,1,0,1,30,1,2,1,0,1,0,13.0,,deux_roues,,1,2,2,8,7
202400036602,2024-06-20 17:45:00,2024,6,20,17,45,14,14762,20bis Rue du Viverot,48.842892,-0.883305,Plein jour,En agglomération,Intersection en X,Temps couvert,Sans collision,4,2,2,0,2,1,1,0,1,30,1,2,1,0,1,0,13.0,,deux_roues,,1,2,2,8,7
202400036603,2024-12-12 12:05:00,2024,12,12,12,5,80,80021,CONDE (RUE DE),49.89774,2.2945,Plein jour,En agglomération,Hors intersection,Normale,Deux véhicules - côté,4,2,2,1,1,1,1,0,5,50,2,2,1,0,0,1,59.0,31.0,voiture,deux_roues,1,2,1,1,3
202400036604,2024-10-01 13:35:00,2024,10,1,13,35,13,13210,CAPELETTE (AVENUE DE LA),43.2806454,5.4076827,Plein jour,En agglomération,Hors intersection,Normale,Deux véhicules - côté,4,2,2,0,1,1,1,0,4,50,1,2,1,0,0,1,,,deux_roues,,1,2,1,1,3
202400036605,2024-11-05 13:22:00,2024,11,5,13,22,67,67482,VIENNE (ROUTE DE),48.57514,7.75483,Plein jour,En agglomération,Intersection en T,Normale,Autre collision,4,-1,1,1,1,1,1,0,8,25,1,2,1,0,0,1,47.0,,deux_roues,,1,2,3,1,6
202400036605,2024-11-05 13:22:00,2024,11,5,13,22,67,67482,VIENNE (ROUTE DE),48.57514,7.75483,Plein jour,En agglomération,Intersection en T,Normale,Autre collision,4,2,1,1,1,1,1,0,5,25,1,2,1,0,0,1,47.0,,deux_roues,,1,2,3,1,6
202400036606,2024-06-19 16:40:00,2024,6,19,16,40,56,56237,Reste Er Bouer,48.019862,-2.909499,Plein jour,Hors agglomération,Hors intersection,Pluie légère,Deux véhicules - frontale,3,2,2,0,1,1,2,0,1,80,2,4,0,1,3,0,77.0,41.0,voiture,voiture,1,1,1,2,1
202400036607,2024-12-11 18:06:00,2024,12,11,18,6,79,79081,,46.34086,-0.37787,Nuit avec éclairage allumé,En agglomération,Hors intersection,Normale,Deux véhicules - côté,4,2,2,1,2,1,1,0,1,50,2,3,1,0,1,1,58.0,17.0,voiture,deux_roues,5,2,1,1,3
202400036608,2024-10-01 11:05:00,2024,10,1,11,5,13,13214,ALEX ANSALDI (RUE),43.33068,5.40449,Plein jour,En agglomération,Intersection en Y,Normale,Deux véhicules - côté,4,3,2,0,2,3,1,0,1,50,2,2,1,0,1,0,36.0,30.0,voiture,deux_roues,1,2,4,1,3
202400036608,2024-10-01 11:05:00,2024,10,1,11,5,13,13214,ALEX ANSALDI (RUE),43.33068,5.40449,Plein jour,En agglomération,Intersection en Y,Normale,Deux véhicules - côté,4,3,2,0,2,2,1,0,1,50,2,2,1,0,1,0,36.0,30.0,voiture,deux_roues,1,2,4,1,3
202400036609,2024-11-04 09:10:00,2024,11,4,9,10,66,66136,,42.69585,2.85199,Plein jour,Hors agglomération,Hors intersection,Normale,Deux véhicules - côté,3,3,4,0,1,3,1,0,1,110,2,2,1,0,0,1,27.0,64.0,voiture,voiture,1,1,1,1,3
202400036610,2024-12-11 08:40:00,2024,12,11,8,40,78,78486,TOUCHE (RUE DE LA),48.69617,1.82234,Nuit sans éclairage public,Hors agglomération,Hors intersection,Temps couvert,Autre collision,4,2,2,0,1,1,2,0,1,50,1,1,0,0,1,0,59.0,,deux_roues,,3,1,1,8,6
202400036611,2024-06-20 10:15:00,2024,6,20,10,15,22,22143,9 Rue des Guerches,48.597926,-2.293938,Plein jour,En agglomération,Giratoire,Normale,Deux véhicules - côté,4,2,2,0,1,1,1,0,8,50,2,2,1,0,1,0,17.0,43.0,deux_roues,utilitaire_camion,1,2,6,1,3
202400036611,2024-06-20 10:15:00,2024,6,20,10,15,22,22143,9 Rue des Guerches,48.597926,-2.293938,Plein jour,En agglomération,Giratoire,Normale,Deux véhicules - côté,4,2,2,0,2,1,1,0,1,50,2,2,1,0,1,0,17.0,43.0,deux_roues,utilitaire_camion,1,2,6,1,3
202400036612,2024-11-06 13:15:00,2024,11,6,13,15,64,64445,14 JUILLET DU,43.29371,-0.37755,Plein jour,En agglomération,Hors intersection,Normale,Autre collision,4,-1,2,1,1,1,1,0,5,50,1,1,0,0,0,1,18.0,,deux_roues,,1,2,1,1,6
202400036613,2024-10-01 05:50:00,2024,10,1,5,50,13,13205,SAKAKINI (BOULEVARD),43.29553,5.40028,Nuit avec éclairage allumé,En agglomération,Hors intersection,Normale,Deux véhicules - côté,4,2,0,0,1,1,1,0,1,50,2,6,4,0,0,2,21.0,57.0,voiture,voiture,5,2,1,1,3
202400036614,2024-12-12 08:00:00,2024,12,12,8,0,78,78208,GANCE (COURS ABEL),48.76679,1.96551,Crépuscule ou aube,En agglomération,Intersection en T,Normale,Deux véhicules - côté,3,2,2,0,1,1,1,0,1,50,2,3,2,0,0,1,59.0,54.0,voiture,voiture,2,2,3,1,3
202400036614,2024-12-12 08:00:00,2024,12,12,8,0,78,78208,GANCE (COURS ABEL),48.76679,1.96551,Crépuscule ou aube,En agglomération,Intersection en T,Normale,Deux véhicules - côté,3,2,2,0,1,1,1,0,1,50,2,3,2,0,0,1,59.0,54.0,voiture,voiture,2,2,3,1,3
202400036615,2024-11-06 19:10:00,2024,11,6,19,10,64,64024,BOIS BELIN (RUE DU),43.49289,-1.51944,Nuit avec éclairage allumé,En agglomération,Hors intersection,Normale,Deux véhicules - côté,4,2,2,0,1,1,1,0,1,50,2,2,1,0,0,1,72.0,48.0,voiture,deux_roues,5,2,1,1,3
202400036616,2024-06-20 08:05:00,2024,6,20,8,5,60,60009,Avenue Rhin et Danube,49.405319,2.119771,Plein jour,Hors agglomération,Giratoire,Normale,Deux véhicules - côté,3,1,0,0,1,2,1,0,1,80,2,3,2,0,0,1,46.0,30.0,voiture,utilitaire_camion,1,1,6,1,3
202400036617,2024-10-01 13:45:00,2024,10,1,13,45,13,13005,BEAUDINARD (ROUTE DE),43.31613,5.59022,Plein jour,En agglomération,Hors intersection,Normale,Deux véhicules - arrière,4,2,2,0,1,1,1,0,1,50,2,2,1,0,0,1,28.0,36.0,utilitaire_camion,utilitaire_camion,1,2,1,1,2
202400036618,2024-12-12 17:45:00,2024,12,12,17,45,77,77243,D934,48.873007,2.717545,Nuit sans éclairage public,En agglomération,Hors intersection,Normale,Autre collision,3,3,4,0,1,1,1,0,1,90,1,2,1,1,0,0,33.0,,utilitaire_camion,,3,2,1,1,6
202400036619,2024-11-05 20:40:00,2024,11,5,20,40,64,64102,DUVERGIER DE HAURANNE (AVENUE),43.48614,-1.46649,Nuit avec éclairage allumé,En agglomération,Hors intersection,Normale,Deux véhicules - arrière,4,2,2,0,3,1,1,0,1,50,2,2,1,0,0,1,56.0,53.0,deux_roues,voiture,5,2,1,1,2
202400036620,2024-11-06 18:09:00,2024,11,6,18,9,63,63300,REPUBLIQUE (BOULEVARD DE LA),45.89395591,3.10934007,Nuit avec éclairage allumé,En agglomération,Intersection en X,Normale,Deux véhicules - côté,3,3,4,0,1,1,1,9,1,50,2,2,1,0,1,0,48.0,48.0,voiture,deux_roues,5,2,2,1,3
202400036620,2024-11-06 18:09:00,2024,11,6,18,9,63,63300,REPUBLIQUE (BOULEVARD DE LA),45.89395591,3.10934007,Nuit avec éclairage allumé,En agglomération,Intersection en X,Normale,Deux véhicules - côté,3,2,2,0,1,1,1,0,1,50,2,2,1,0,1,0,48.0,48.0,voiture,deux_roues,5,2,2,1,3
202400036621,2024-06-20 07:38:00,2024,6,20,7,38,80,80002,autoroute A1 PK 116+400 sens Paris Lille,49.832225,2.828379,Plein jour,Hors agglomération,Hors intersection,Normale,Deux véhicules - arrière,1,1,3,0,1,1,1,0,1,130,2,3,1,0,1,1,47.0,30.0,utilitaire_camion,utilitaire_camion,1,1,1,1,2
202400036622,2024-12-11 16:13:00,2024,12,11,16,13,77,77186,D116,48.48042,2.74614,Crépuscule ou aube,Hors agglomération,Hors intersection,Normale,Deux véhicules - côté,3,2,2,0,1,1,1,0,1,80,2,3,2,0,1,0,32.0,46.0,voiture,voiture,2,1,1,1,3
202400036623,2024-11-06 23:30:00,2024,11,6,23,30,62,62846,D943,50.47535691,2.7420525,Nuit sans éclairage public,En agglomération,Autre intersection,Normale,Autre collision,3,3,2,0,2,1,1,0,1,50,1,2,1,0,0,1,46.0,,voiture,,3,2,9,1,6
202400036624,2024-06-19 16:30:00,2024,6,19,16,30,62,62487,Rue Jean Monnet,50.84013075,1.77443075,Plein jour,En agglomération,Hors intersection,Normale,Autre collision,6,-1, -1,0,1,1,1,0,8,50,1,2,1,1,0,0,49.0,,utilitaire_camion,,1,2,1,1,6
202400036625,2024-11-05 15:15:00,2024,11,5,15,15,60,60057,Avenue Paul-Henri Spaak,49.44759,2.10114,Plein jour,En agglomération,Hors intersection,Temps couvert,Autre collision,4,2,2,0,1,3,1,0,1,30,1,1,0,1,0,0,77.0,,voiture,,1,2,1,8,6
202400036626,2024-12-12 13:00:00,2024,12,12,13,0,76,76540,Rue Jeanne d'Arc,49.44026,1.08948,Plein jour,En agglomération,Intersection en X,Temps couvert,Autre collision,4,2,2,0,1,1,1,-1,1,15,1,4,2,0,0,2,28.0,,voiture,,1,2,2,8,6
202400036626,2024-12-12 13:00:00,2024,12,12,13,0,76,76540,Rue Jeanne d'Arc,49.44026,1.08948,Plein jour,En agglomération,Intersection en X,Temps couvert,Autre collision,4,2,2,3,1,1,1,-1,1,30,1,4,2,0,0,2,28.0,,voiture,,1,2,2,8,6
202400036627,2024-06-19 09:00:00,2024,6,19,9,0,59,59034,D549,50.53950639,3.07401894,Plein jour,Hors agglomération,Hors intersection,Normale,Deux véhicules - côté,3,3,2,0,1,1,1,0,1,80,2,2,1,0,1,0,47.0,55.0,deux_roues,voiture,1,1,1,1,3
202400036628,2024-11-06 16:30:00,2024,11,6,16,30,59,59152,Avenue de l'Énergie,50.76706489,3.01773045,Crépuscule ou aube,En agglomération,Intersection en Y,Temps couvert,Autre collision,4,2,2,0,1,2,1,0,1,50,1,2,0,0,2,0,86.0,,utilitaire_camion,,2,2,4,8,6
202400036628,2024-11-06 16:30:00,2024,11,6,16,30,59,59152,Avenue de l'Énergie,50.76706489,3.01773045,Crépuscule ou aube,En agglomération,Intersection en Y,Temps couvert,Autre collision,4,2,2,0,1,2,1,0,1,50,1,2,0,0,2,0,86.0,,utilitaire_camion,,2,2,4,8,6
202400036629,2024-12-12 15:00:00,2024,12,12,15,0,73,73087,DERRIERE LES MURS (RUE DE),45.56115,5.89737,Plein jour,En agglomération,Intersection en Y,Normale,Autre collision,4,-1,2,0,1,3,1,0,1,50,1,2,1,0,1,0,73.0,,voiture,,1,2,4,1,6
202400036629,2024-12-12 15:00:00,2024,12,12,15,0,73,73087,DERRIERE LES MURS (RUE DE),45.56115,5.89737,Plein jour,En agglomération,Intersection en Y,Normale,Autre collision,4,-1, -1,-1,1,1,1,0,1,-1,1,2,1,0,1,0,73.0,,voiture,,1,2,4,1,6
202400036630,2024-06-19 00:45:00,2024,6,19,0,45,57,57582,Autoroute A31,49.28379,6.17279,Nuit sans éclairage public,Hors agglomération,Autre intersection,Temps couvert,Sans collision,1,3,6,0,1,2,2,3,3,110,1,1,0,1,0,0,61.0,,utilitaire_camion,,3,1,9,8,7
202400036631,2024-11-04 18:30:00,2024,11,4,18,30,57,57683,SAINT JACQUES ( RUE) ,49.3011392,6.16238146,Nuit avec éclairage non allumé,En agglomération,Hors intersection,Normale,Autre collision,3,2,2,0,2,1,1,0,1,50,1,2,1,0,0,1,28.0,,voiture,,4,2,1,1,6
202400036632,2024-12-12 16:45:00,2024,12,12,16,45,72,72181,RHIN ET DANUBE (AV) N° PAIRS 194 A 338,48.02446,0.18234,Plein jour,En agglomération,Hors intersection,Normale,Deux véhicules - côté,4,2,2,1,1,1,1,0,1,50,2,2,1,0,0,1,42.0,20.0,voiture,deux_roues,1,2,1,1,3
202400036633,2024-06-19 07:50:00,2024,6,19,7,50,33,33281,,44.84358,-0.6722,Plein jour,Hors agglomération,Hors intersection,Normale,Deux véhicules - arrière,1,3,6,0,1,1,1,3,1,70,2,3,2,0,0,1,42.0,31.0,voiture,voiture,1,1,1,1,2
202400036634,2024-11-06 07:17:00,2024,11,6,7,17,56,56260,Rue du Rohic,47.66023,-2.70447,Crépuscule ou aube,Hors agglomération,Intersection en T,Normale,Deux véhicules - côté,3,2,2,0,1,1,1,0,1,50,2,2,1,0,0,1,53.0,51.0,deux_roues,voiture,2,1,3,1,3
202400036634,2024-11-06 07:17:00,2024,11,6,7,17,56,56260,Rue du Rohic,47.66023,-2.70447,Crépuscule ou aube,Hors agglomération,Intersection en T,Normale,Deux véhicules - côté,3,2,2,0,3,3,1,0,1,50,2,2,1,0,0,1,53.0,51.0,deux_roues,voiture,2,1,3,1,3
202400036635,2024-12-12 11:51:00,2024,12,12,11,51,71,71076,GIDE (RUE ANDRE),46.79841,4.84428,Plein jour,En agglomération,Hors intersection,Normale,Autre collision,4,-1,2,0,1,1,1,0,1,50,1,3,0,0,2,1,17.0,,voiture,,1,2,1,1,6
202400036636,2024-06-18 16:50:00,2024,6,18,16,50,33,33249,,44.870868,-0.505357,Plein jour,Hors agglomération,Hors intersection,Normale,Deux véhicules - arrière,2,3,6,0,1,1,1,0,1,90,2,2,1,0,0,1,41.0,64.0,utilitaire_camion,voiture,1,1,1,1,2
202400036637,2024-11-05 17:00:00,2024,11,5,17,0,56,56260,Avenue de la Marne,47.66008,-2.78739,Crépuscule ou aube,En agglomération,Hors intersection,Normale,Deux véhicules - côté,4,3,2,2,1,1,1,-1,5,50,2,2,1,0,0,1,62.0,30.0,voiture,deux_roues,2,2,1,1,3
202400036638,2024-12-12 18:10:00,2024,12,12,18,10,69,69091,Rue Julian Grimau,45.59485,4.76959,Nuit avec éclairage allumé,En agglomération,Intersection en T,Normale,Deux véhicules - côté,7,2,2,2,1,1,1,9,1,50,2,2,1,0,0,1,22.0,60.0,deux_roues,voiture,5,2,3,1,3
202400036638,2024-12-12 18:10:00,2024,12,12,18,10,69,69091,Rue Julian Grimau,45.59485,4.76959,Nuit avec éclairage allumé,En agglomération,Intersection en T,Normale,Deux véhicules - côté,7,2,2,0,1,1,1,0,1,30,2,2,1,0,0,1,22.0,60.0,deux_roues,voiture,5,2,3,1,3
202400036639,2024-06-19 18:23:00,2024,6,19,18,23,91,91161,AUTOROUTE A6,48.69536068,2.31806159,Plein jour,Hors agglomération,Hors intersection,Normale,Deux véhicules - côté,1,2,3,0,1,1,1,0,1,110,2,2,1,0,0,1,55.0,30.0,voiture,deux_roues,1,1,1,1,3
202400036640,2024-11-06 18:45:00,2024,11,6,18,45,54,54395,Boulevard Lobau,48.68233,6.19875,Nuit avec éclairage allumé,En agglomération,Autre intersection,Normale,Autre collision,6,-1, -1,0,1,1,1,0,8,30,1,2,1,0,0,1,61.0,,voiture,,5,2,9,1,6
202400036641,2024-12-11 18:25:00,2024,12,11,18,25,67,67482,MARTIN SCHONGAUER (RUE),48.56652,7.72037,Nuit avec éclairage allumé,En agglomération,Intersection en Y,Normale,Autre collision,4,2,1,0,1,1,1,0,1,50,1,2,1,0,1,0,30.0,,utilitaire_camion,,5,2,4,1,6
202400036641,2024-12-11 18:25:00,2024,12,11,18,25,67,67482,MARTIN SCHONGAUER (RUE),48.56652,7.72037,Nuit avec éclairage allumé,En agglomération,Intersection en Y,Normale,Autre collision,4,2,2,0,1,1,1,0,1,50,1,2,1,0,1,0,30.0,,utilitaire_camion,,5,2,4,1,6
202400036642,2024-11-06 07:55:00,2024,11,6,7,55,54,54391,RD613,49.23022,5.93896,Crépuscule ou aube,Hors agglomération,Hors intersection,Normale,Autre collision,3,2,2,0,2,2,1,0,3,80,1,1,0,0,0,1,64.0,,voiture,,2,1,1,1,6
202400036643,2024-06-19 10:40:00,2024,6,19,10,40,93,93005,A3,48.95091347,2.47454259,Plein jour,Hors agglomération,Hors intersection,Normale,Deux véhicules - côté,1,3,3,0,1,1,1,3,1,110,2,2,1,0,0,1,34.0,52.0,utilitaire_camion,voiture,1,1,1,1,3
202400036644,2024-11-05 19:05:00,2024,11,5,19,5,51,51058,LAMBERT (RUE VICTOR),49.228579,3.995783,Nuit avec éclairage allumé,En agglomération,Giratoire,Normale,Autre collision,4,2,2,0,1,3,1,5,1,50,1,2,1,0,1,0,18.0,,voiture,,5,2,6,1,6
202400036644,2024-11-05 19:05:00,2024,11,5,19,5,51,51058,LAMBERT (RUE VICTOR),49.228579,3.995783,Nuit avec éclairage allumé,En agglomération,Giratoire,Normale,Autre collision,4,2,2,0,1,1,1,5,1,50,1,2,1,0,1,0,18.0,,voiture,,5,2,6,1,6
202400036645,2024-12-11 21:45:00,2024,12,11,21,45,67,67482,RACINE (AVENUE),48.59108,7.70911,Nuit avec éclairage allumé,En agglomération,Intersection en X,Normale,Deux véhicules - côté,4,3,6,1,1,1,1,0,1,50,2,2,1,0,0,1,24.0,53.0,voiture,deux_roues,5,2,2,1,3
202400036645,2024-12-11 21:45:00,2024,12,11,21,45,67,67482,RACINE (AVENUE),48.59108,7.70911,Nuit avec éclairage allumé,En agglomération,Intersection en X,Normale,Deux véhicules - côté,4,3,4,1,1,1,1,0,1,50,2,2,1,0,0,1,24.0,53.0,voiture,deux_roues,5,2,2,1,3
202400036646,2024-06-19 07:30:00,2024,6,19,7,30,93,93007,A1,48.94674096,2.44241883,Plein jour,Hors agglomération,Hors intersection,Normale,Trois véhicules et plus - collisions multiples,1,1,4,0,1,1,1,1,1,110,4,4,3,0,0,1,20.0,51.0,utilitaire_camion,voiture,1,1,1,1,5
202400036647,2024-11-05 09:50:00,2024,11,5,9,50,51,51108,VERDUN (PL DE),48.96342,4.36666,Plein jour,En agglomération,Place,Normale,Deux véhicules - côté,4,1,2,2,1,2,1,5,1,50,2,2,0,0,0,2,73.0,46.0,deux_roues,voiture,1,2,7,1,3
202400036648,2024-06-19 05:30:00,2024,6,19,5,30,95,95277,A3,48.97380183,2.48838243,Nuit sans éclairage public,Hors agglomération,Hors intersection,Normale,Deux véhicules - arrière,1,3,2,0,1,1,1,0,1,90,2,2,0,0,0,2,36.0,36.0,voiture,voiture,3,1,1,1,2
202400036649,2024-12-11 12:10:00,2024,12,11,12,10,66,66136,Avenue Henri Ribère,42.69243006,2.88228035,Plein jour,En agglomération,Intersection en T,Pluie légère,Trois véhicules et plus - collisions multiples,4,1,1,0,1,1,2,0,1,50,3,4,3,0,0,1,17.0,17.0,voiture,deux_roues,1,2,3,2,5
202400036649,2024-12-11 12:10:00,2024,12,11,12,10,66,66136,Avenue Henri Ribère,42.69243006,2.88228035,Plein jour,En agglomération,Intersection en T,Pluie légère,Trois véhicules et plus - collisions multiples,4,2,2,0,1,1,2,0,1,50,3,4,3,0,0,1,17.0,17.0,voiture,deux_roues,1,2,3,2,5
202400036650,2024-11-05 17:15:00,2024,11,5,17,15,50,50129,MER (Bld de la ),49.65975,-1.67577,Crépuscule ou aube,En agglomération,Hors intersection,Normale,Deux véhicules - arrière,3,2,3,1,1,1,1,0,1,70,2,2,1,0,0,1,27.0,28.0,voiture,voiture,2,2,1,1,2
202400036651,2024-06-19 08:30:00,2024,6,19,8,30,94,94073,A86,48.76210053,2.38167667,Plein jour,Hors agglomération,Hors intersection,Normale,Deux véhicules - côté,1,3,3,0,1,1,1,1,1,90,2,2,1,0,0,1,28.0,38.0,voiture,deux_roues,1,1,1,1,3
202400036652,2024-12-12 07:25:00,2024,12,12,7,25,65,65286,42 Avenue Alexandre Marqui,43.10257048,-0.04332304,Nuit avec éclairage allumé,En agglomération,Hors intersection,Normale,Autre collision,3,2,3,0,1,1,1,6,1,50,1,2,1,0,1,0,91.0,,voiture,,5,2,1,1,6
202400036653,2024-11-06 10:40:00,2024,11,6,10,40,45,45234,7 Rue des Carmes,47.90153,1.90113,Plein jour,En agglomération,Hors intersection,Temps couvert,Sans collision,4,2,0,3,1,1,2,9,6,30,1,1,0,0,1,0,81.0,,deux_roues,,1,2,1,8,7
202400036654,2024-12-12 12:00:00,2024,12,12,12,0,64,64545,BRETELLE DE LAUTOROUTE RD 913,43.3746,-1.68539,Plein jour,Hors agglomération,Hors intersection,Normale,Deux véhicules - frontale,3,2,2,2,1,2,1,0,1,70,2,2,1,0,0,1,65.0,48.0,deux_roues,voiture,1,1,1,1,1
202400036655,2024-11-06 07:30:00,2024,11,6,7,30,45,45234,Rue du Faubourg Bannier,47.927276,1.896272,Crépuscule ou aube,En agglomération,Hors intersection,Brouillard / fumée,Deux véhicules - côté,4,2,2,0,1,1,2,0,1,50,2,2,1,0,0,1,30.0,20.0,voiture,deux_roues,2,2,1,5,3
202400036656,2024-06-17 18:15:00,2024,6,17,18,15,987,98735,POMARE V (AVENUE),-17.53036,-149.56186,Nuit avec éclairage allumé,En agglomération,Intersection en T,Normale,Deux véhicules - côté,2,2,2,0,1,1,1,0,1,50,2,2,1,0,1,0,26.0,16.0,voiture,deux_roues,5,2,3,1,3
202400036656,2024-06-17 18:15:00,2024,6,17,18,15,987,98735,POMARE V (AVENUE),-17.53036,-149.56186,Nuit avec éclairage allumé,En agglomération,Intersection en T,Normale,Deux véhicules - côté,2,2,2,0,1,1,1,0,1,50,2,2,1,0,1,0,26.0,16.0,voiture,deux_roues,5,2,3,1,3
202400036657,2024-12-12 07:45:00,2024,12,12,7,45,64,64545,LANTEGIA (CHEMIN DE),43.34810681,-1.68979973,Crépuscule ou aube,En agglomération,Hors intersection,Normale,Deux véhicules - côté,4,2,1,0,1,1,1,0,1,50,2,2,1,0,0,1,16.0,21.0,deux_roues,voiture,2,2,1,1,3
202400036658,2024-11-06 07:27:00,2024,11,6,7,27,45,45284,99 Avenue Pierre et Marie Curie,47.906081,1.986601,Crépuscule ou aube,En agglomération,Intersection en T,Pluie légère,Deux véhicules - côté,4,2,2,0,1,1,2,5,1,50,2,2,1,0,0,1,42.0,56.0,voiture,voiture,2,2,3,2,3
202400036658,2024-11-06 07:27:00,2024,11,6,7,27,45,45284,99 Avenue Pierre et Marie Curie,47.906081,1.986601,Crépuscule ou aube,En agglomération,Intersection en T,Pluie légère,Deux véhicules - côté,4,1,1,0,1,1,2,5,1,50,2,2,1,0,0,1,42.0,56.0,voiture,voiture,2,2,3,2,3
202400036659,2024-06-18 07:40:00,2024,6,18,7,40,974,97411,JAURES (BLD 1 JEAN),-20.89011,55.453,Plein jour,En agglomération,Hors intersection,Normale,Deux véhicules - arrière,2,3,5,0,1,1,1,0,1,50,2,2,1,0,0,1,37.0,37.0,voiture,deux_roues,1,2,1,1,2
202400036660,2024-12-13 00:20:00,2024,12,13,0,20,64,64445,EUROPE DE L',43.32814,-0.33856,Nuit avec éclairage allumé,Hors agglomération,Hors intersection,Normale,Deux véhicules - frontale,3,2,2,0,1,1,1,0,1,70,2,3,0,0,1,2,53.0,66.0,voiture,voiture,5,1,1,1,1
202400036661,2024-11-06 12:45:00,2024,11,6,12,45,44,44162,44 Rue de la Porchellerie,47.22238,-1.6674,Plein jour,En agglomération,Hors intersection,Normale,Autre collision,4,2,2,0,1,1,1,9,1,50,1,2,1,0,1,0,35.0,,voiture,,1,2,1,1,6
202400036662,2024-06-15 10:10:00,2024,6,15,10,10,974,97411,MONTAGNE (ROUTE DE LA),-20.8891,55.43649,Plein jour,En agglomération,Hors intersection,Pluie légère,Deux véhicules - frontale,3,2,2,0,2,3,2,0,1,50,2,3,2,0,0,1,38.0,51.0,utilitaire_camion,utilitaire_camion,1,2,1,2,1
202400036663,2024-11-05 21:10:00,2024,11,5,21,10,44,44109,47 Boulevard Gabriel Lauriol,47.23833,-1.56214,Nuit avec éclairage allumé,En agglomération,Hors intersection,Brouillard / fumée,Deux véhicules - côté,4,2,2,2,2,1,1,0,1,50,2,2,0,0,1,1,24.0,17.0,deux_roues,deux_roues,5,2,1,5,3
202400036664,2024-12-12 07:45:00,2024,12,12,7,45,64,64445,MEON DE,43.32088,-0.37892,Crépuscule ou aube,En agglomération,Intersection en X,Normale,Trois véhicules et plus - collisions multiples,4,2,2,0,1,1,1,0,1,50,3,4,2,0,0,2,33.0,19.0,utilitaire_camion,voiture,2,2,2,1,5
202400036664,2024-12-12 07:45:00,2024,12,12,7,45,64,64445,MEON DE,43.32088,-0.37892,Crépuscule ou aube,En agglomération,Intersection en X,Normale,Trois véhicules et plus - collisions multiples,4,2,2,0,1,1,1,0,1,50,3,4,2,0,0,2,33.0,19.0,utilitaire_camion,voiture,2,2,2,1,5
202400036664,2024-12-12 07:45:00,2024,12,12,7,45,64,64445,MEON DE,43.32088,-0.37892,Crépuscule ou aube,En agglomération,Intersection en X,Normale,Trois véhicules et plus - collisions multiples,4,2, -1,0,1,1,1,0,1,-1,3,4,2,0,0,2,33.0,19.0,utilitaire_camion,voiture,2,2,2,1,5
202400036665,2024-06-18 07:35:00,2024,6,18,7,35,974,97407,TOULOUSE(BOULEVARD),-20.94326,55.29149,Plein jour,En agglomération,Hors intersection,Temps éblouissant,Autre collision,4,2,2,0,1,1,1,0,1,30,1,3,1,0,0,2,31.0,,voiture,,1,2,1,7,6
202400036666,2024-11-05 14:30:00,2024,11,5,14,30,38,38185,PLACE VICTOR HUGO,45.18971,5.7248,Plein jour,En agglomération,Intersection en X,Normale,Deux véhicules - côté,4,2,5,1,1,1,1,6,6,30,2,2,1,0,0,1,42.0,20.0,voiture,deux_roues,1,2,2,1,3
202400036666,2024-11-05 14:30:00,2024,11,5,14,30,38,38185,PLACE VICTOR HUGO,45.18971,5.7248,Plein jour,En agglomération,Intersection en X,Normale,Deux véhicules - côté,4,2,2,0,1,1,1,6,6,30,2,2,1,0,0,1,42.0,20.0,voiture,deux_roues,1,2,2,1,3