accident_id,datetime,annee,mois,jour,heure,minute,departement,commune_insee,adresse,latitude,longitude,luminosite,agglomeration,intersection,meteo,collision,catr,circ,nbv,vosp,prof,plan,surf,infra,situ,vma,nb_vehicules,nb_usagers,nb_indemnes,nb_tues,nb_blesses_hosp,nb_blesses_legers,age_cond_1,age_cond_2,veh_type_cond_1,veh_type_cond_2,lum_code,agg_code,int_code,atm_code,col_code
202400036951,2024-12-11 18:00:00,2024,12,11,18,0,59,59392,AVESNES (ROUTE D'),50.26981,3.96717,Nuit avec éclairage allumé,En agglomération,Hors intersection,Normale,Autre collision,3,2,2,0,2,1,1,0,1,50,1,1,0,0,1,0,28.0,,autre,,5,2,1,1,6
202400036952,2024-12-11 08:35:00,2024,12,11,8,35,59,59359,AMERIQUE (ROUTE DES),51.00589,2.19303,Plein jour,Hors agglomération,Hors intersection,Temps couvert,Autre collision,4,2,2,0,1,1,1,0,1,50,1,2,1,0,1,0,25.0,,voiture,,1,1,1,8,6
202400036953,2024-12-10 07:53:00,2024,12,10,7,53,49,49353,D117,47.45627,-0.50938,Nuit avec éclairage allumé,En agglomération,Hors intersection,Temps couvert,Autre collision,3,2,1,0,1,1,1,0,1,50,1,2,1,0,1,0,21.0,,voiture,,5,2,1,8,6
202400036954,2024-12-11 19:30:00,2024,12,11,19,30,44,44162,47 Avenue de la Branchoire,47.21825,-1.60658,Nuit sans éclairage public,En agglomération,Hors intersection,Normale,Autre collision,4,2,2,0,1,1,1,0,1,50,1,2,1,0,1,0,56.0,,voiture,,3,2,1,1,6
202400036955,2024-12-11 07:07:00,2024,12,11,7,7,43,43041,Route de Coubon,45.0453,3.92539,Nuit avec éclairage allumé,En agglomération,Hors intersection,Normale,Deux véhicules - côté,3,-1,2,0,1,1,1,0,1,50,2,2,1,0,0,1,35.0,54.0,deux_roues,voiture,5,2,1,1,3
202400036956,2024-01-16 15:55:00,2024,1,16,15,55,93,93007,Avenue Jacques Daguerre,48.95322648,2.4621892,Plein jour,En agglomération,Hors intersection,Normale,Deux véhicules - côté,4,2,3,0,1,1,1,0,1,50,2,2,1,0,0,1,48.0,69.0,utilitaire_camion,deux_roues,1,2,1,1,3
202400036957,2024-01-16 16:00:00,2024,1,16,16,0,92,92046,EUGENE VARLIN,48.82078,2.30063,Plein jour,En agglomération,Intersection en Y,Normale,Autre collision,4,2,2,0,1,2,1,0,1,50,1,1,0,0,0,1,64.0,,voiture,,1,2,4,1,6
202400036957,2024-01-16 16:00:00,2024,1,16,16,0,92,92046,EUGENE VARLIN,48.82078,2.30063,Plein jour,En agglomération,Intersection en Y,Normale,Autre collision,4,2,2,0,1,2,1,0,1,50,1,1,0,0,0,1,64.0,,voiture,,1,2,4,1,6
202400036958,2024-01-22 08:25:00,2024,1,22,8,25,92,92048,TROYON (RUE),48.82218881,2.23239219,Crépuscule ou aube,Hors agglomération,Intersection en T,Pluie légère,Autre collision,3,2,0,0,2,1,2,0,1,30,1,2,1,0,0,1,46.0,,voiture,,2,1,3,2,6
202400036958,2024-01-22 08:25:00,2024,1,22,8,25,92,92048,TROYON (RUE),48.82218881,2.23239219,Crépuscule ou aube,Hors agglomération,Intersection en T,Pluie légère,Autre collision,3,2,0,0,1,1,2,0,1,50,1,2,1,0,0,1,46.0,,voiture,,2,1,3,2,6
202400036959,2024-01-15 18:07:00,2024,1,15,18,7,92,92022,STALINGRAD (RUE DE),48.80959646,2.19164863,Nuit avec éclairage non allumé,En agglomération,Intersection en T,Normale,Autre collision,4,2,2,0,1,1,1,0,1,30,1,2,1,0,0,1,46.0,,deux_roues,,4,2,3,1,6
202400036959,2024-01-15 18:07:00,2024,1,15,18,7,92,92022,STALINGRAD (RUE DE),48.80959646,2.19164863,Nuit avec éclairage non allumé,En agglomération,Intersection en T,Normale,Autre collision,4,2,2,0,1,3,1,0,1,30,1,2,1,0,0,1,46.0,,deux_roues,,4,2,3,1,6
202400036960,2024-01-16 19:40:00,2024,1,16,19,40,92,92050,CLEMENCEAU GEORGES AVENUE N°IMPAIR,48.88624319,2.21210964,Nuit avec éclairage allumé,En agglomération,Hors intersection,Autre,Deux véhicules - côté,3,3,2,1,2,1,1,0,5,50,2,2,1,0,0,1,49.0,43.0,utilitaire_camion,deux_roues,5,2,1,9,3
202400036961,2024-01-16 08:25:00,2024,1,16,8,25,92,92048,DOCTEUR ARNAUDET (RUE DU),48.81494073,2.24782231,Plein jour,En agglomération,Hors intersection,Temps couvert,Sans collision,4,2,2,0,2,1,7,8,1,50,1,1,0,0,0,1,40.0,,deux_roues,,1,2,1,8,7
202400036962,2024-01-16 19:35:00,2024,1,16,19,35,92,92023,PAUL VAILLANT COUTURIER (RUE),48.80165216,2.26625562,Nuit avec éclairage allumé,En agglomération,Hors intersection,Normale,Autre collision,3,2,2,0,1,1,1,0,1,30,1,2,1,0,0,1,,,voiture,,5,2,1,1,6
202400036963,2024-01-16 16:01:00,2024,1,16,16,1,92,92004,PONT DE CLICHY,48.91022424,2.29921907,Plein jour,En agglomération,Autre intersection,Normale,Deux véhicules - côté,3,2,2,0,1,3,1,2,1,50,2,2,1,0,0,1,24.0,42.0,voiture,deux_roues,1,2,9,1,3
202400036964,2024-05-11 01:30:00,2024,5,11,1,30,971,97101,RN11,16.27154,-61.54829,Nuit avec éclairage allumé,Hors agglomération,Hors intersection,Normale,Trois véhicules et plus - en chaîne,2,1,2,0,1,1,1,0,1,110,4,5,3,0,0,2,25.0,26.0,voiture,voiture,5,1,1,1,4
202400036965,2024-01-15 11:30:00,2024,1,15,11,30,92,92004,DOCTEUR DERVAUX  ( QUAI DU ),48.91124022,2.29842693,Plein jour,En agglomération,Intersection en X,Normale,Deux véhicules - côté,3,3,3,0,1,1,1,2,1,50,2,3,2,0,0,1,37.0,33.0,voiture,voiture,1,2,2,1,3
202400036965,2024-01-15 11:30:00,2024,1,15,11,30,92,92004,DOCTEUR DERVAUX  ( QUAI DU ),48.91124022,2.29842693,Plein jour,En agglomération,Intersection en X,Normale,Deux véhicules - côté,3,3,3,0,1,1,1,2,1,50,2,3,2,0,0,1,37.0,33.0,voiture,voiture,1,2,2,1,3
202400036966,2024-05-14 14:15:00,2024,5,14,14,15,91,91027, EDOUARD VAILLANT (RUE),48.70853,2.3983,Plein jour,En agglomération,Hors intersection,Pluie légère,Deux véhicules - arrière,4,2,1,0,1,1,2,0,1,50,2,2,1,0,0,1,49.0,41.0,deux_roues,voiture,1,2,1,2,2
202400036967,2024-01-17 07:45:00,2024,1,17,7,45,95,95052,14 PARIS (RUE DE),49.142103,2.284971,Nuit avec éclairage allumé,En agglomération,Hors intersection,Pluie forte,Autre collision,4,2,2,0,1,1,7,0,8,30,1,3,1,0,0,2,42.0,,voiture,,5,2,1,3,6
202400036968,2024-05-13 16:30:00,2024,5,13,16,30,91,91286,CORBEIL (ROUTE DE),48.65469,2.38896,Plein jour,En agglomération,Hors intersection,Normale,Autre collision,4,-1,2,0,1,1,1,0,1,50,1,2,1,0,0,1,48.0,,voiture,,1,2,1,1,6
202400036969,2024-01-16 19:25:00,2024,1,16,19,25,974,97404,Chemin Charbonnier,-21.263897,55.364249,Nuit avec éclairage allumé,En agglomération,Hors intersection,Normale,Autre collision,4,2,2,0,1,1,1,2,4,50,1,2,1,0,1,0,41.0,,voiture,,5,2,1,1,6
202400036970,2024-05-13 08:50:00,2024,5,13,8,50,91,91027,RUE J B DE LA SALLE,48.70736,2.38393,Plein jour,En agglomération,Hors intersection,Normale,Deux véhicules - arrière,4,2,2,0,1,1,1,6,1,50,2,2,1,0,0,1,23.0,26.0,voiture,deux_roues,1,2,1,1,2
202400036971,2024-05-13 17:25:00,2024,5,13,17,25,87,87085,BERTHELOT (AVENUE),45.83753416,1.25266224,Plein jour,En agglomération,Intersection en X,Normale,Deux véhicules - côté,4,2,2,0,1,1,1,0,1,30,2,2,1,0,0,1,28.0,57.0,deux_roues,voiture,1,2,2,1,3
202400036971,2024-05-13 17:25:00,2024,5,13,17,25,87,87085,BERTHELOT (AVENUE),45.83753416,1.25266224,Plein jour,En agglomération,Intersection en X,Normale,Deux véhicules - côté,4,2,3,0,1,1,1,0,1,30,2,2,1,0,0,1,28.0,57.0,deux_roues,voiture,1,2,2,1,3
202400036972,2024-01-08 06:55:00,2024,1,8,6,55,51,51264,D 373,48.805574,3.602828,Nuit sans éclairage public,Hors agglomération,Hors intersection,Temps couvert,Deux véhicules - côté,3,2,2,0,1,1,1,0,1,90,2,2,1,0,1,0,53.0,51.0,utilitaire_camion,voiture,3,1,1,8,3
202400036973,2024-05-11 17:45:00,2024,5,11,17,45,87,87050,VILLAGEAS ( route de),45.88775,1.22136,Plein jour,En agglomération,Intersection en T,Normale,Sans collision,4,2,2,0,1,1,1,0,1,50,2,2,1,0,1,0,39.0,25.0,voiture,deux_roues,1,2,3,1,7
202400036973,2024-05-11 17:45:00,2024,5,11,17,45,87,87050,VILLAGEAS ( route de),45.88775,1.22136,Plein jour,En agglomération,Intersection en T,Normale,Sans collision,4,2,2,0,1,1,1,0,1,30,2,2,1,0,1,0,39.0,25.0,voiture,deux_roues,1,2,3,1,7
202400036974,2024-01-17 19:10:00,2024,1,17,19,10,82,82050,rue des amandiers,44.084499,0.776387,Nuit avec éclairage allumé,En agglomération,Hors intersection,Pluie légère,Autre collision,4,2,2,0,2,2,2,0,3,50,1,1,0,1,0,0,47.0,,voiture,,5,2,1,2,6
202400036975,2024-05-09 18:05:00,2024,5,9,18,5,84,84087,BRIAND (COURS ARISTIDE),44.13695,4.80485,Plein jour,En agglomération,Hors intersection,Normale,Autre collision,4,2,2,0,1,1,1,0,1,50,1,2,1,0,1,0,74.0,,voiture,,1,2,1,1,6
202400036976,2024-01-16 22:45:00,2024,1,16,22,45,63,63242,D909,45.415631,3.260123,Nuit sans éclairage public,Hors agglomération,Hors intersection,Normale,Autre collision,3,2,2,0,2,3,1,0,3,90,1,1,0,1,0,0,41.0,,utilitaire_camion,,3,1,1,1,6
202400036977,2024-02-24 17:30:00,2024,2,24,17,30,69,69383,Rue Charles Richard,45.75221,4.88673,Plein jour,En agglomération,Intersection en X,Normale,Deux véhicules - côté,4,1,1,2,1,1,1,0,1,30,2,4,2,0,0,2,57.0,34.0,voiture,voiture,1,2,2,1,3
202400036977,2024-02-24 17:30:00,2024,2,24,17,30,69,69383,Rue Charles Richard,45.75221,4.88673,Plein jour,En agglomération,Intersection en X,Normale,Deux véhicules - côté,4,1,1,2,1,1,1,0,1,30,2,4,2,0,0,2,57.0,34.0,voiture,voiture,1,2,2,1,3
202400036978,2024-01-16 18:00:00,2024,1,16,18,0,49,49018,RD 144 / PK 2+979,47.513097,-0.146248,Nuit sans éclairage public,Hors agglomération,Hors intersection,Normale,Sans collision,3,2,2,0,1,3,1,0,3,80,1,1,0,0,1,0,66.0,,voiture,,3,1,1,1,7
202400036979,2024-05-13 17:11:00,2024,5,13,17,11,84,84031,EUROPE AVENUE DE L',44.06012,5.0426,Plein jour,En agglomération,Hors intersection,Normale,Deux véhicules - frontale,4,2,2,0,1,1,1,0,1,50,2,3,1,0,0,2,40.0,66.0,utilitaire_camion,voiture,1,2,1,1,1
202400036980,2024-05-14 14:35:00,2024,5,14,14,35,83,83137,ROUTES (AVE DES),43.13701371,5.91128372,Plein jour,En agglomération,Hors intersection,Temps couvert,Deux véhicules - côté,3,3,2,1,1,1,1,0,1,50,2,2,1,0,0,1,45.0,78.0,deux_roues,voiture,1,2,1,8,3
202400036981,2024-02-24 06:10:00,2024,2,24,6,10,69,69387,Rue Marc Bloch,45.74766,4.84445,Nuit avec éclairage allumé,En agglomération,Hors intersection,Normale,Deux véhicules - arrière,4,1,3,3,1,1,1,0,1,50,2,3,2,0,0,1,40.0,55.0,voiture,utilitaire_camion,5,2,1,1,2
202400036982,2024-01-14 09:45:00,2024,1,14,9,45,35,35160,l'eclardais,47.952491,-2.094601,Plein jour,Hors agglomération,Hors intersection,Normale,Autre collision,3,2,2,0,1,3,1,0,3,80,1,3,2,0,1,0,19.0,,voiture,,1,1,1,1,6
202400036983,2024-03-28 08:05:00,2024,3,28,8,5,83,83126,JAURES (BD JEAN),43.09525777,5.88395637,Plein jour,En agglomération,Intersection en T,Normale,Deux véhicules - côté,4,-1,1,0,1,1,1,0,8,50,2,2,1,0,0,1,28.0,18.0,utilitaire_camion,deux_roues,1,2,3,1,3
202400036983,2024-03-28 08:05:00,2024,3,28,8,5,83,83126,JAURES (BD JEAN),43.09525777,5.88395637,Plein jour,En agglomération,Intersection en T,Normale,Deux véhicules - côté,4,2, -1,-1,1,1,1,0,1,-1,2,2,1,0,0,1,28.0,18.0,utilitaire_camion,deux_roues,1,2,3,1,3
202400036984,2024-01-16 17:45:00,2024,1,16,17,45,29,29274,Lieu Dit Beg An Allee,48.0001292,-3.78997033,Crépuscule ou aube,Hors agglomération,Hors intersection,Pluie légère,Autre collision,3,2,2,0,1,2,2,0,1,80,1,1,0,0,1,0,69.0,,voiture,,2,1,1,2,6
202400036985,2024-02-23 09:53:00,2024,2,23,9,53,69,69387,Rue de Gerland,45.72995,4.83816,Plein jour,En agglomération,Passage à niveau,Normale,Deux véhicules - côté,4,2,2,3,1,1,1,4,6,50,2,2,1,0,1,0,20.0,50.0,deux_roues,transport_commun,1,2,8,1,3
202400036985,2024-02-23 09:53:00,2024,2,23,9,53,69,69387,Rue de Gerland,45.72995,4.83816,Plein jour,En agglomération,Passage à niveau,Normale,Deux véhicules - côté,4,2,4,0,1,1,1,4,1,30,2,2,1,0,1,0,20.0,50.0,deux_roues,transport_commun,1,2,8,1,3
202400036986,2024-01-11 12:00:00,2024,1,11,12,0,38,38389,172 Route de Lafayette,45.56453,5.071564,Plein jour,Hors agglomération,Hors intersection,Temps couvert,Deux véhicules - côté,3,2,2,0,3,3,2,9,8,80,2,3,1,0,0,2,22.0,34.0,voiture,voiture,1,1,1,8,3
202400036987,2024-05-12 19:03:00,2024,5,12,19,3,83,83123,BANDOL (ROUTE)N° IMPAIRS,43.1352,5.77888,Plein jour,En agglomération,Hors intersection,Normale,Trois véhicules et plus - collisions multiples,3,2,2,0,2,3,1,0,1,50,5,6,5,1,0,0,38.0,56.0,voiture,deux_roues,1,2,1,1,5
202400036988,2024-02-21 19:00:00,2024,2,21,19,0,69,69387,Rue de l'Université,45.74981,4.84079,Crépuscule ou aube,En agglomération,Intersection en X,Normale,Autre collision,4,1,1,2,1,1,1,0,1,30,1,2,1,0,0,1,51.0,,utilitaire_camion,,2,2,2,1,6
202400036988,2024-02-21 19:00:00,2024,2,21,19,0,69,69387,Rue de l'Université,45.74981,4.84079,Crépuscule ou aube,En agglomération,Intersection en X,Normale,Autre collision,4,1,3,3,1,1,1,0,1,30,1,2,1,0,0,1,51.0,,utilitaire_camion,,2,2,2,1,6
202400036989,2024-01-15 17:00:00,2024,1,15,17,0,02,02173,,49.626006,3.233328,Crépuscule ou aube,En agglomération,Autre intersection,Normale,Autre collision,4,2,2,0,2,1,1,0,1,50,1,2,1,0,1,0,22.0,,voiture,,2,2,9,1,6
202400036990,2024-05-13 16:50:00,2024,5,13,16,50,83,83061,AVENUE DES HIRONDELLES,43.45819,6.76478,Plein jour,En agglomération,Hors intersection,Normale,Autre collision,4,2,2,0,4,1,1,0,3,50,1,1,0,0,1,0,45.0,,deux_roues,,1,2,1,1,6
202400036991,2024-01-16 21:30:00,2024,1,16,21,30,03,03239,l'étang roc,46.38766,3.927805,Nuit sans éclairage public,Hors agglomération,Hors intersection,Pluie légère,Autre collision,4,2,2,0,2,1,2,0,3,90,1,1,0,1,0,0,21.0,,voiture,,3,1,1,2,6
202400036992,2024-02-28 07:00:00,2024,2,28,7,0,972,97213,NELSON MANDELA,14.61251,-60.99823,Plein jour,En agglomération,Hors intersection,Normale,Autre collision,4,2,2,0,1,1,1,0,1,30,1,2,1,0,0,1,52.0,,voiture,,1,2,1,1,6
202400036993,2024-01-14 06:30:00,2024,1,14,6,30,15,15221,D53,44.889749,2.341225,Nuit sans éclairage public,En agglomération,Hors intersection,Normale,Sans collision,3,2,2,0,2,3,1,0,8,50,1,1,0,0,1,0,24.0,,voiture,,3,2,1,1,7
202400036994,2024-05-13 13:55:00,2024,5,13,13,55,79,79191,,46.32596,-0.45478,Plein jour,En agglomération,Intersection en X,Normale,Deux véhicules - côté,4,2,2,0,1,1,1,5,1,50,2,2,1,0,0,1,43.0,43.0,deux_roues,voiture,1,2,2,1,3
202400036994,2024-05-13 13:55:00,2024,5,13,13,55,79,79191,,46.32596,-0.45478,Plein jour,En agglomération,Intersection en X,Normale,Deux véhicules - côté,4,1,1,1,4,1,1,5,1,50,2,2,1,0,0,1,43.0,43.0,deux_roues,voiture,1,2,2,1,3
202400036995,2024-02-26 07:45:00,2024,2,26,7,45,972,97213,ROUTE NATIONALE 1,14.6188,-61.00489,Plein jour,En agglomération,Giratoire,Normale,Deux véhicules - côté,2,2,4,0,1,3,1,0,1,70,2,2,1,0,0,1,20.0,70.0,deux_roues,voiture,1,2,6,1,3
202400036995,2024-02-26 07:45:00,2024,2,26,7,45,972,97213,ROUTE NATIONALE 1,14.6188,-61.00489,Plein jour,En agglomération,Giratoire,Normale,Deux véhicules - côté,2,2,4,0,1,3,1,5,1,70,2,2,1,0,0,1,20.0,70.0,deux_roues,voiture,1,2,6,1,3
202400036996,2024-01-16 20:10:00,2024,1,16,20,10,58,58046,4 Route de Fours,46.845104,3.652039,Nuit sans éclairage public,Hors agglomération,Hors intersection,Pluie légère,Autre collision,3,2,2,0,2,1,2,0,3,80,1,4,2,0,2,0,32.0,,voiture,,3,1,1,2,6
202400036997,2024-05-14 17:35:00,2024,5,14,17,35,78,78350,CONTI (QUAI),48.87659,2.11675,Plein jour,En agglomération,Hors intersection,Temps couvert,Deux véhicules - arrière,3,1,2,0,1,1,2,0,1,50,2,2,1,0,0,1,23.0,,voiture,voiture,1,2,1,8,2
202400036998,2024-01-17 17:00:00,2024,1,17,17,0,07,07009,Route du Saint Joseph,45.240524,4.798538,Crépuscule ou aube,En agglomération,Hors intersection,Pluie forte,Autre collision,3,2,2,0,1,1,2,6,1,50,1,2,1,0,0,1,20.0,,voiture,,2,2,1,3,6
202400036999,2024-02-24 06:30:00,2024,2,24,6,30,972,97213,AEROPORT (ROND POINT DE L'),14.59816,-61.00184,Plein jour,Hors agglomération,Hors intersection,Normale,Sans collision,9,2,2,0,1,1,2,0,1,50,1,1,0,0,0,1,21.0,,deux_roues,,1,1,1,1,7
202400037000,2024-01-14 03:00:00,2024,1,14,3,0,53,53267,RD 125,48.060055,-0.451834,Nuit sans éclairage public,Hors agglomération,Hors intersection,Normale,Autre collision,3,2,2,0,1,1,2,0,3,80,1,1,0,1,0,0,29.0,,voiture,,3,1,1,1,6
202400037001,2024-05-14 11:25:00,2024,5,14,11,25,78,78168,PREVENDERIE (RUE DE LA),48.74844,1.92287,Plein jour,En agglomération,Intersection en X,Pluie légère,Deux véhicules - côté,2,2,2,0,1,1,2,0,1,50,2,2,1,0,0,1,71.0,62.0,voiture,utilitaire_camion,1,2,2,2,3
202400037001,2024-05-14 11:25:00,2024,5,14,11,25,78,78168,PREVENDERIE (RUE DE LA),48.74844,1.92287,Plein jour,En agglomération,Intersection en X,Pluie légère,Deux véhicules - côté,2,1,1,0,1,1,2,3,1,50,2,2,1,0,0,1,71.0,62.0,voiture,utilitaire_camion,1,2,2,2,3
202400037002,2024-01-15 05:30:00,2024,1,15,5,30,40,40320,Uchacq-et-Parentis,43.923581,-0.556896,Nuit sans éclairage public,Hors agglomération,Hors intersection,Brouillard / fumée,Autre collision,3,2,2,0,1,1,1,0,3,80,1,1,0,1,0,0,39.0,,voiture,,3,1,1,5,6
202400037003,2024-02-21 10:00:00,2024,2,21,10,0,972,97213,AUTOROUTE A1,14.61519,-61.01448,Plein jour,En agglomération,Hors intersection,Normale,Trois véhicules et plus - en chaîne,1,2,6,0,1,1,1,0,1,90,3,3,1,0,0,2,58.0,31.0,voiture,voiture,1,2,1,1,4
202400037004,2024-01-16 14:00:00,2024,1,16,14,0,04,04055,N85,43.963292,6.321694,Plein jour,Hors agglomération,Hors intersection,Normale,Sans collision,2,2,2,0,1,3,1,0,1,80,1,1,0,0,1,0,72.0,,voiture,,1,1,1,1,7
202400037005,2024-05-14 19:05:00,2024,5,14,19,5,77,77284,ROOSEVELT (AV.DU PDT),48.95726,2.89622,Plein jour,En agglomération,Hors intersection,Pluie légère,Sans collision,3,1,2,0,1,1,2,0,1,50,1,1,0,0,0,1,22.0,,deux_roues,,1,2,1,2,7
202400037006,2024-02-20 13:35:00,2024,2,20,13,35,972,97213,AUTOROUTE A1,14.60819,-61.00516,Plein jour,Hors agglomération,Hors intersection,Normale,Deux véhicules - côté,1,4,8,3,1,1,1,3,1,90,2,2,1,0,0,1,23.0,47.0,voiture,deux_roues,1,1,1,1,3
202400037007,2024-01-17 16:51:00,2024,1,17,16,51,85,85131,D949,46.46758,-1.217479,Plein jour,Hors agglomération,Hors intersection,Normale,Sans collision,3,2,2,0,1,1,1,0,8,80,1,1,0,1,0,0,79.0,,voiture,,1,1,1,1,7
202400037008,2024-01-16 21:45:00,2024,1,16,21,45,987,98715,RDO sens FAAA/PUNAAUIA entre St-Hilaire et Heiri commune de FAAA,-17.56701107,-149.60451007,Nuit avec éclairage allumé,Hors agglomération,Hors intersection,Normale,Autre collision,2,3,4,0,2,1,1,0,1,90,1,1,0,0,1,0,33.0,,deux_roues,,5,1,1,1,6
202400037009,2024-02-27 18:40:00,2024,2,27,18,40,972,97209,BALATA (ROUTE DE),14.6324,-61.07268,Nuit avec éclairage allumé,Hors agglomération,Hors intersection,Normale,Autre collision,2,2,2,0,2,4,1,0,1,50,1,1,0,0,1,0,71.0,,deux_roues,,5,1,1,1,6
202400037010,2024-05-14 13:35:00,2024,5,14,13,35,77,77199,D228A,48.93907,2.92202,Plein jour,Hors agglomération,Intersection en Y,Pluie légère,Deux véhicules - côté,3,2,2,0,1,1,2,0,1,90,2,2,0,0,0,2,85.0,26.0,voiture,voiture,1,1,4,2,3
202400037010,2024-05-14 13:35:00,2024,5,14,13,35,77,77199,D228A,48.93907,2.92202,Plein jour,Hors agglomération,Intersection en Y,Pluie légère,Deux véhicules - côté,3,2,2,0,2,3,2,0,1,80,2,2,0,0,0,2,85.0,26.0,voiture,voiture,1,1,4,2,3
202400037011,2024-01-16 16:45:00,2024,1,16,16,45,63,63430,A89 - PK 428.750 - sens LYON-CLFD-bretelle sortie vers Thiers Ouest,45.86170335,3.50474596,Plein jour,Hors agglomération,Autre intersection,Normale,Autre collision,1,1,2,0,2,1,2,3,1,90,1,1,0,0,0,1,62.0,,voiture,,1,1,9,1,6
202400037012,2024-02-26 19:10:00,2024,2,26,19,10,972,97209,PROFESSEUR RAYMOND GARCIN (RUE DU),14.62513,-61.07863,Nuit avec éclairage allumé,En agglomération,Hors intersection,Normale,Autre collision,3,2,2,0,2,1,1,0,1,30,1,2,1,0,0,1,71.0,,voiture,,5,2,1,1,6
202400037013,2024-05-14 14:30:00,2024,5,14,14,30,77,77449,RD 345,48.85143,2.77821,Plein jour,Hors agglomération,Giratoire,Pluie légère,Sans collision,3,1,2,0,1,3,2,0,1,50,1,1,0,0,0,1,36.0,,voiture,,1,1,6,2,7
202400037014,2024-01-17 07:00:00,2024,1,17,7,0,55,55237,Aire de Verdun Saint-Nicolas Nord (Embranchement d'autoroute),49.119664,5.511213,Crépuscule ou aube,Hors agglomération,Hors intersection,Autre,Sans collision,1,1,2,0,2,1,7,3,3,30,1,1,0,0,0,1,52.0,,utilitaire_camion,,2,1,1,9,7
202400037015,2024-02-20 09:45:00,2024,2,20,9,45,972,97209,OSMAN NADEAU (CHEMIN),14.63253822,-61.06269916,Plein jour,Hors agglomération,Hors intersection,Normale,Deux véhicules - frontale,9,2,2,0,2,2,1,9,1,30,2,2,1,0,0,1,57.0,24.0,voiture,deux_roues,1,1,1,1,1
202400037016,2024-05-14 01:40:00,2024,5,14,1,40,72,72181,SAINT AUBIN (RUE) N° IMP 85 ET >,48.01914,0.18298,Nuit avec éclairage allumé,En agglomération,Hors intersection,Pluie forte,Autre collision,4,2,2,0,2,1,2,0,1,50,1,5,4,0,0,1,20.0,,voiture,,5,2,1,3,6
202400037017,2024-01-16 14:35:00,2024,1,16,14,35,45,45082,D962 PR 2 + 600,47.863952,2.219399,Crépuscule ou aube,En agglomération,Hors intersection,Normale,Autre collision,3,1,2,2,1,1,1,0,1,30,1,2,1,0,1,0,67.0,,voiture,,2,2,1,1,6
202400037018,2024-02-26 16:10:00,2024,2,26,16,10,69,69382,Pont Bonaparte,45.75939,4.82902,Plein jour,En agglomération,Hors intersection,Normale,Deux véhicules - côté,4,2,2,2,1,1,1,2,1,30,2,4,2,0,0,2,61.0,19.0,voiture,voiture,1,2,1,1,3
202400037019,2024-01-16 09:04:00,2024,1,16,9,4,77,77142,D934,48.848359,2.939808,Plein jour,Hors agglomération,Hors intersection,Neige / grêle,Deux véhicules - frontale,3,2,2,0,3,1,5,0,1,80,2,2,0,0,1,1,57.0,45.0,utilitaire_camion,voiture,1,1,1,4,1
202400037020,2024-05-13 08:50:00,2024,5,13,8,50,72,72181,LORRAINE (RUE DE),47.99482,0.1956,Plein jour,En agglomération,Intersection en X,Normale,Deux véhicules - côté,4,2,2,0,1,1,1,2,1,50,2,2,1,0,0,1,42.0,47.0,voiture,deux_roues,1,2,2,1,3
202400037020,2024-05-13 08:50:00,2024,5,13,8,50,72,72181,LORRAINE (RUE DE),47.99482,0.1956,Plein jour,En agglomération,Intersection en X,Normale,Deux véhicules - côté,4,2,2,0,1,1,1,2,1,50,2,2,1,0,0,1,42.0,47.0,voiture,deux_roues,1,2,2,1,3
202400037021,2024-01-16 21:30:00,2024,1,16,21,30,77,77177,D21,48.802451,2.745364,Nuit sans éclairage public,Hors agglomération,Hors intersection,Normale,Autre collision,3,2,2,0,1,1,1,0,8,80,1,1,0,1,0,0,57.0,,voiture,,3,1,1,1,6
202400037022,2024-02-23 13:10:00,2024,2,23,13,10,69,69389,9 Rue Marietton,45.77505,4.80719,Plein jour,En agglomération,Intersection en X,Normale,Deux véhicules - côté,4,1,1,2,1,1,1,0,1,30,2,2,1,0,0,1,27.0,42.0,deux_roues,utilitaire_camion,1,2,2,1,3
202400037022,2024-02-23 13:10:00,2024,2,23,13,10,69,69389,9 Rue Marietton,45.77505,4.80719,Plein jour,En agglomération,Intersection en X,Normale,Deux véhicules - côté,4,1,1,3,1,1,1,0,6,30,2,2,1,0,0,1,27.0,42.0,deux_roues,utilitaire_camion,1,2,2,1,3
202400037023,2024-01-17 17:15:00,2024,1,17,17,15,34,34157,D613,43.432852,3.593152,Plein jour,En agglomération,Hors intersection,Normale,Trois véhicules et plus - en chaîne,3,2,2,1,1,1,2,0,1,50,3,4,3,1,0,0,74.0,38.0,voiture,voiture,1,2,1,1,4
202400037024,2024-02-22 07:00:00,2024,2,22,7,0,69,69389,Rue Marietton,45.77651,4.79679,Nuit avec éclairage allumé,En agglomération,Intersection en T,Pluie légère,Autre collision,4,2,2,0,1,3,2,0,1,30,1,1,0,0,0,1,48.0,,voiture,,5,2,3,2,6
202400037025,2024-01-17 10:15:00,2024,1,17,10,15,13,13022,D41e,43.237762,5.54522,Plein jour,En agglomération,Hors intersection,Normale,Deux véhicules - frontale,3,4,3,1,2,3,2,0,1,50,2,2,1,1,0,0,42.0,41.0,voiture,voiture,1,2,1,1,1
202400037026,2024-05-11 20:05:00,2024,5,11,20,5,72,72181,CUGNOT NICOLAS (BD),47.986,0.225,Plein jour,En agglomération,Intersection en T,Normale,Autre collision,4,3,6,0,1,3,1,5,1,70,3,3,1,0,2,0,44.0,39.0,deux_roues,voiture,1,2,3,1,6