accident_id,datetime,annee,mois,jour,heure,minute,departement,commune_insee,adresse,latitude,longitude,luminosite,agglomeration,intersection,meteo,collision,catr,circ,nbv,vosp,prof,plan,surf,infra,situ,vma,nb_vehicules,nb_usagers,nb_indemnes,nb_tues,nb_blesses_hosp,nb_blesses_legers,age_cond_1,age_cond_2,veh_type_cond_1,veh_type_cond_2,lum_code,agg_code,int_code,atm_code,col_code
202400037094,2024-04-07 17:10:00,2024,4,7,17,10,95,95582,D170,48.96427076,2.26827495,Plein jour,Hors agglomération,Hors intersection,Normale,Autre collision,3,1,0,0,2,3,2,0,1,50,1,2,1,0,0,1,46.0,,voiture,,1,1,1,1,6
202400037095,2024-01-15 09:00:00,2024,1,15,9,0,69,69389,90 Rue Pierre Audry,45.7616,4.80876,Plein jour,En agglomération,Autre intersection,Pluie légère,Deux véhicules - arrière,4,2,2,1,2,1,2,0,5,30,2,2,1,0,0,1,28.0,54.0,deux_roues,voiture,1,2,9,2,2
202400037096,2024-05-14 02:00:00,2024,5,14,2,0,33,33063,,44.89727,-0.55111,Nuit sans éclairage public,En agglomération,Hors intersection,Pluie forte,Autre collision,4,2,2,0,1,1,2,0,3,50,1,2,1,1,0,0,40.0,,voiture,,3,2,1,3,6
202400037097,2024-02-22 14:50:00,2024,2,22,14,50,91,91570,LIERS (RUE DE),48.63434,2.31471,Plein jour,En agglomération,Hors intersection,Pluie forte,Deux véhicules - côté,4,2,2,0,1,1,2,0,1,30,2,3,2,0,0,1,23.0,24.0,utilitaire_camion,voiture,1,2,1,3,3
202400037098,2024-01-14 06:30:00,2024,1,14,6,30,971,97113,RN4-ROND POINT SAINT FELIX,16.208,-61.45143,Plein jour,Hors agglomération,Hors intersection,Normale,Autre collision,2,2,0,0,1,1,1,0,3,70,1,1,0,0,0,1,25.0,,voiture,,1,1,1,1,6
202400037099,2024-04-06 17:05:00,2024,4,6,17,5,93,93005,A3,48.94047447,2.47890375,Plein jour,Hors agglomération,Hors intersection,Normale,Trois véhicules et plus - collisions multiples,1,2,3,0,1,1,1,0,1,110,3,4,2,0,0,2,20.0,44.0,voiture,voiture,1,1,1,1,5
202400037100,2024-02-26 17:20:00,2024,2,26,17,20,91,91692,VENDEE (RUE DE),48.68268,2.16442,Plein jour,En agglomération,Hors intersection,Pluie légère,Autre collision,4,-1,2,0,1,1,2,0,1,45,1,2,1,0,0,1,28.0,,voiture,,1,2,1,2,6
202400037101,2024-05-14 17:58:00,2024,5,14,17,58,32,32013,JEAN JAURES (AVENUE),43.6644,0.59592,Plein jour,En agglomération,Hors intersection,Normale,Trois véhicules et plus - collisions multiples,4,2,2,0,1,1,1,0,1,30,3,4,1,0,0,3,39.0,49.0,voiture,voiture,1,2,1,1,5
202400037102,2024-01-15 18:00:00,2024,1,15,18,0,95,95585,D316,48.98420625,2.37228131,Nuit avec éclairage non allumé,Hors agglomération,Hors intersection,Temps couvert,Deux véhicules - arrière,3,2,2,0,1,3,2,0,1,80,2,3,1,0,0,2,36.0,61.0,voiture,voiture,4,1,1,8,2
202400037103,2024-02-24 14:40:00,2024,2,24,14,40,91,91377,LA VALLEE DE LA BIEVRE (VOIE DE),48.73746,2.26759,Plein jour,En agglomération,Autre intersection,Temps couvert,Autre collision,3,2,3,0,1,1,1,0,1,50,1,2,1,0,1,0,34.0,,deux_roues,,1,2,9,8,6
202400037104,2024-04-05 18:40:00,2024,4,5,18,40,93,93048,A86,48.86636948,2.48142569,Plein jour,Hors agglomération,Hors intersection,Normale,Deux véhicules - arrière,1,3,2,0,1,3,1,0,1,90,2,3,1,0,0,2,20.0,29.0,deux_roues,voiture,1,1,1,1,2
202400037105,2024-05-06 13:00:00,2024,5,6,13,0,25,25056,COMBE AUX CHIENS CH. DE LA,47.26118,6.01042,Plein jour,En agglomération,Intersection en T,Pluie légère,Deux véhicules - arrière,4,2,3,-1,2,2,2,0,1,50,2,2,1,0,0,1,49.0,28.0,voiture,voiture,1,2,3,2,2
202400037105,2024-05-06 13:00:00,2024,5,6,13,0,25,25056,COMBE AUX CHIENS CH. DE LA,47.26118,6.01042,Plein jour,En agglomération,Intersection en T,Pluie légère,Deux véhicules - arrière,4,2,2,0,3,3,2,0,1,50,2,2,1,0,0,1,49.0,28.0,voiture,voiture,1,2,3,2,2
202400037106,2024-01-15 09:00:00,2024,1,15,9,0,95,95585,BAUVES (RUE DES),48.99471166,2.37911224,Plein jour,En agglomération,Intersection en X,Temps couvert,Autre collision,3,2,2,0,1,1,2,0,1,50,1,2,1,0,1,0,42.0,,voiture,,1,2,2,8,6
202400037106,2024-01-15 09:00:00,2024,1,15,9,0,95,95585,BAUVES (RUE DES),48.99471166,2.37911224,Plein jour,En agglomération,Intersection en X,Temps couvert,Autre collision,3,2,2,0,2,1,1,0,8,50,1,2,1,0,1,0,42.0,,voiture,,1,2,2,8,6
202400037106,2024-01-15 09:00:00,2024,1,15,9,0,95,95585,BAUVES (RUE DES),48.99471166,2.37911224,Plein jour,En agglomération,Intersection en X,Temps couvert,Autre collision,3,1,1,0,1,1,2,0,1,-1,1,2,1,0,1,0,42.0,,voiture,,1,2,2,8,6
202400037107,2024-05-14 10:40:00,2024,5,14,10,40,25,25056,CHASNOT RUE DU,47.251586,6.028498,Plein jour,En agglomération,Hors intersection,Normale,Autre collision,6,-1, -1,0,1,2,1,0,8,50,1,1,0,0,1,0,56.0,,deux_roues,,1,2,1,1,6
202400037108,2024-02-23 15:05:00,2024,2,23,15,5,91,91477,GALLIENI (RUE),48.72373,2.25121,Plein jour,En agglomération,Intersection en T,Normale,Deux véhicules - côté,4,2,2,0,1,1,1,9,8,30,2,2,1,0,0,1,61.0,58.0,utilitaire_camion,deux_roues,1,2,3,1,3
202400037108,2024-02-23 15:05:00,2024,2,23,15,5,91,91477,GALLIENI (RUE),48.72373,2.25121,Plein jour,En agglomération,Intersection en T,Normale,Deux véhicules - côté,4,2,2,0,1,1,1,0,1,30,2,2,1,0,0,1,61.0,58.0,utilitaire_camion,deux_roues,1,2,3,1,3
202400037109,2024-01-15 11:50:00,2024,1,15,11,50,91,91191,JEAN JAURES (AVENUE),48.71237,2.46487,Plein jour,En agglomération,Giratoire,Normale,Autre collision,3,2,2,0,1,1,1,0,1,30,1,2,1,0,0,1,74.0,,voiture,,1,2,6,1,6
202400037109,2024-01-15 11:50:00,2024,1,15,11,50,91,91191,JEAN JAURES (AVENUE),48.71237,2.46487,Plein jour,En agglomération,Giratoire,Normale,Autre collision,3,2,2,0,1,1,1,0,1,30,1,2,1,0,0,1,74.0,,voiture,,1,2,6,1,6
202400037110,2024-04-07 17:00:00,2024,4,7,17,0,77,77363,A104,48.914711,2.634548,Plein jour,Hors agglomération,Hors intersection,Normale,Deux véhicules - arrière,1,3,2,0,1,1,1,0,1,90,2,6,4,0,0,2,27.0,42.0,voiture,voiture,1,1,1,1,2
202400037111,2024-05-14 12:09:00,2024,5,14,12,9,19,19031,COMTE (RUE ERNEST),45.1556,1.48005,Plein jour,En agglomération,Giratoire,Pluie forte,Deux véhicules - côté,3,-1,2,0,1,2,2,0,1,50,2,2,1,0,0,1,31.0,66.0,deux_roues,voiture,1,2,6,3,3
202400037111,2024-05-14 12:09:00,2024,5,14,12,9,19,19031,COMTE (RUE ERNEST),45.1556,1.48005,Plein jour,En agglomération,Giratoire,Pluie forte,Deux véhicules - côté,3,-1,2,0,1,2,2,0,1,50,2,2,1,0,0,1,31.0,66.0,deux_roues,voiture,1,2,6,3,3
202400037112,2024-01-15 19:30:00,2024,1,15,19,30,91,91228,PIERRE ET MARIE CURIE (RUE),48.63323,2.43255,Nuit avec éclairage allumé,En agglomération,Hors intersection,Normale,Autre collision,4,2,2,0,1,1,1,0,1,30,1,2,1,0,0,1,41.0,,voiture,,5,2,1,1,6
202400037113,2024-05-13 16:33:00,2024,5,13,16,33,19,19031,VERLHAC (BOULEVARD DOCTEUR),45.16796,1.53438,Plein jour,En agglomération,Hors intersection,Normale,Deux véhicules - côté,4,2,2,0,1,1,1,0,1,50,2,2,1,0,0,1,58.0,42.0,deux_roues,voiture,1,2,1,1,3
202400037114,2024-04-05 22:18:00,2024,4,5,22,18,974,97407,ROUTE DU SACRE COEUR,-20.95859,55.31942,Nuit sans éclairage public,En agglomération,Hors intersection,Normale,Autre collision,2,2,2,0,1,1,1,0,3,50,1,4,1,0,0,3,31.0,,voiture,,3,2,1,1,6
202400037115,2024-02-19 18:52:00,2024,2,19,18,52,91,91477,SACLAY (ROUTE DE),48.71988,2.22498,Nuit avec éclairage allumé,En agglomération,Intersection en X,Pluie légère,Deux véhicules - côté,3,2,4,0,1,1,2,0,1,50,2,2,1,0,0,1,49.0,35.0,deux_roues,voiture,5,2,2,2,3
202400037115,2024-02-19 18:52:00,2024,2,19,18,52,91,91477,SACLAY (ROUTE DE),48.71988,2.22498,Nuit avec éclairage allumé,En agglomération,Intersection en X,Pluie légère,Deux véhicules - côté,3,2,0,0,1,1,2,0,1,50,2,2,1,0,0,1,49.0,35.0,deux_roues,voiture,5,2,2,2,3
202400037116,2024-01-15 19:20:00,2024,1,15,19,20,84,84087,CREMADES (AVENUE DES),44.12941,4.83603,Nuit avec éclairage allumé,En agglomération,Intersection en T,Normale,Deux véhicules - côté,4,2,4,0,1,1,1,5,1,50,2,2,1,0,0,1,36.0,53.0,deux_roues,voiture,5,2,3,1,3
202400037116,2024-01-15 19:20:00,2024,1,15,19,20,84,84087,CREMADES (AVENUE DES),44.12941,4.83603,Nuit avec éclairage allumé,En agglomération,Intersection en T,Normale,Deux véhicules - côté,4,2,1,0,1,1,1,0,1,50,2,2,1,0,0,1,36.0,53.0,deux_roues,voiture,5,2,3,1,3
202400037117,2024-01-01 06:17:00,2024,1,1,6,17,84,84007,CHARLES DE GAULLE,43.93994,4.7877,Nuit avec éclairage allumé,En agglomération,Hors intersection,Normale,Autre collision,4,3,4,0,1,1,1,0,1,50,1,2,0,0,2,0,22.0,,voiture,,5,2,1,1,6
202400037118,2024-04-05 17:00:00,2024,4,5,17,0,974,97407,CARPAYE(AVENUE),-20.94965,55.30166,Plein jour,En agglomération,Autre intersection,Normale,Deux véhicules - côté,2,2,2,0,1,1,1,0,8,50,2,2,1,0,0,1,59.0,64.0,deux_roues,voiture,1,2,9,1,3
202400037119,2024-05-14 19:02:00,2024,5,14,19,2,13,13206,ARMENY (RUE D'),43.29121,5.38069,Plein jour,En agglomération,Intersection en X,Pluie forte,Deux véhicules - côté,4,1,2,0,1,1,2,5,1,50,2,2,1,0,0,1,37.0,56.0,deux_roues,voiture,1,2,2,3,3
202400037119,2024-05-14 19:02:00,2024,5,14,19,2,13,13206,ARMENY (RUE D'),43.29121,5.38069,Plein jour,En agglomération,Intersection en X,Pluie forte,Deux véhicules - côté,4,2,2,3,1,1,2,5,1,20,2,2,1,0,0,1,37.0,56.0,deux_roues,voiture,1,2,2,3,3
202400037120,2024-04-06 06:20:00,2024,4,6,6,20,972,97209,ALFASSA (BOULEVARD),14.60238,-61.06865,Plein jour,En agglomération,Hors intersection,Normale,Deux véhicules - côté,4,2,3,3,1,1,1,0,1,30,2,2,1,0,1,0,25.0,68.0,deux_roues,voiture,1,2,1,1,3
202400037121,2024-01-13 16:40:00,2024,1,13,16,40,84,84007,TARASCON ( Avenue de),43.92297,4.80932,Plein jour,En agglomération,Intersection en T,Normale,Deux véhicules - côté,4,1,1,0,1,1,2,5,1,30,2,2,1,0,0,1,76.0,41.0,deux_roues,voiture,1,2,3,1,3
202400037121,2024-01-13 16:40:00,2024,1,13,16,40,84,84007,TARASCON ( Avenue de),43.92297,4.80932,Plein jour,En agglomération,Intersection en T,Normale,Deux véhicules - côté,4,3,4,3,1,1,2,5,1,50,2,2,1,0,0,1,76.0,41.0,deux_roues,voiture,1,2,3,1,3
202400037122,2024-02-20 15:20:00,2024,2,20,15,20,91,91657,PIERRE MARIN (RUE),48.69955,2.41735,Plein jour,En agglomération,Intersection en Y,Normale,Deux véhicules - côté,3,2,2,0,1,1,1,6,1,50,2,2,1,0,1,0,80.0,39.0,voiture,deux_roues,1,2,4,1,3
202400037122,2024-02-20 15:20:00,2024,2,20,15,20,91,91657,PIERRE MARIN (RUE),48.69955,2.41735,Plein jour,En agglomération,Intersection en Y,Normale,Deux véhicules - côté,3,2,2,0,1,1,1,6,1,50,2,2,1,0,1,0,80.0,39.0,voiture,deux_roues,1,2,4,1,3
202400037123,2024-05-14 13:22:00,2024,5,14,13,22,13,13215,SAINT LOUIS (AVENUE DE),43.35014,5.35874,Plein jour,En agglomération,Hors intersection,Temps couvert,Deux véhicules - côté,4,2,2,0,1,1,1,0,1,50,2,3,1,0,2,0,,19.0,utilitaire_camion,deux_roues,1,2,1,8,3
202400037124,2024-04-06 14:00:00,2024,4,6,14,0,69,69149,134 Rue des Martyrs de la Libération,45.70157,4.82361,Plein jour,En agglomération,Hors intersection,Normale,Deux véhicules - côté,4,1,1,0,1,1,1,0,4,30,2,2,1,0,0,1,36.0,57.0,deux_roues,voiture,1,2,1,1,3
202400037125,2024-05-14 01:45:00,2024,5,14,1,45,13,13208,PARADIS (RUE),43.27363,5.385,Nuit avec éclairage allumé,En agglomération,Hors intersection,Normale,Deux véhicules - côté,4,2,2,0,2,1,1,0,1,50,2,3,1,0,0,2,26.0,21.0,deux_roues,deux_roues,5,2,1,1,3
202400037126,2024-02-19 18:15:00,2024,2,19,18,15,91,91691,CD 94,48.72484,2.49971,Crépuscule ou aube,En agglomération,Hors intersection,Pluie légère,Autre collision,3,1,1,0,1,2,2,0,8,50,1,5,0,0,0,5,52.0,,voiture,,2,2,1,2,6
202400037127,2024-04-05 20:00:00,2024,4,5,20,0,971,97120,PAUL VALENTINO (AVENUE),16.22728,-61.52986,Nuit avec éclairage allumé,Hors agglomération,Hors intersection,Normale,Deux véhicules - côté,3,2,2,0,1,1,1,0,1,50,2,2,1,0,1,0,49.0,43.0,voiture,deux_roues,5,1,1,1,3
202400037128,2024-01-15 17:00:00,2024,1,15,17,0,77,77284,GUERIN (RUE CAMILLE),48.96748753,2.88289976,Plein jour,En agglomération,Hors intersection,Normale,Deux véhicules - arrière,4,2,2,0,1,1,1,0,1,50,2,3,2,0,1,0,28.0,21.0,utilitaire_camion,utilitaire_camion,1,2,1,1,2
202400037129,2024-05-02 08:37:00,2024,5,2,8,37,12,12176,ex RN88,44.37345,2.63648,Plein jour,En agglomération,Hors intersection,Pluie légère,Deux véhicules - frontale,3,2,2,0,1,1,2,0,1,80,2,2,0,1,0,1,25.0,42.0,voiture,utilitaire_camion,1,2,1,2,1
202400037130,2024-02-24 18:40:00,2024,2,24,18,40,91,91027,EDOUARD VAILLANT (RUE),48.707411,2.396625,Nuit avec éclairage allumé,En agglomération,Hors intersection,Normale,Deux véhicules - frontale,3,2,3,0,1,1,1,0,1,50,2,2,0,0,0,2,62.0,55.0,voiture,voiture,5,2,1,1,1
202400037131,2024-05-13 17:50:00,2024,5,13,17,50,10,10321,TORVILLIERS (RUE,48.2787,3.9953,Plein jour,Hors agglomération,Hors intersection,Normale,Deux véhicules - arrière,3,2,2,0,1,1,1,0,1,80,2,2,1,0,0,1,71.0,,deux_roues,voiture,1,1,1,1,2
202400037132,2024-01-12 22:10:00,2024,1,12,22,10,77,77186,RD 142,48.45504,2.6711,Nuit sans éclairage public,Hors agglomération,Hors intersection,Normale,Deux véhicules - frontale,3,2,3,0,2,2,1,0,1,90,2,4,0,4,0,0,44.0,42.0,utilitaire_camion,utilitaire_camion,3,1,1,1,1
202400037133,2024-04-05 15:20:00,2024,4,5,15,20,971,97101,CENTRE COMMERCIAL ROCADE,16.25385288,-61.53823256,Plein jour,Hors agglomération,Hors intersection,Normale,Deux véhicules - arrière,2,3,0,0,1,1,1,0,1,90,2,2,1,0,1,0,44.0,60.0,voiture,deux_roues,1,1,1,1,2
202400037134,2024-02-22 11:10:00,2024,2,22,11,10,91,91027,BERNARD LATHIERE (AVENUE),48.71495,2.37348,Plein jour,En agglomération,Giratoire,Pluie légère,Deux véhicules - côté,3,2,4,0,1,1,2,0,1,50,2,2,1,0,0,1,20.0,59.0,deux_roues,voiture,1,2,6,2,3
202400037134,2024-02-22 11:10:00,2024,2,22,11,10,91,91027,BERNARD LATHIERE (AVENUE),48.71495,2.37348,Plein jour,En agglomération,Giratoire,Pluie légère,Deux véhicules - côté,3,2,4,0,1,1,2,0,1,50,2,2,1,0,0,1,20.0,59.0,deux_roues,voiture,1,2,6,2,3
202400037135,2024-01-15 09:20:00,2024,1,15,9,20,76,76705,D7,49.334332,1.102967,Plein jour,Hors agglomération,Autre intersection,Normale,Deux véhicules - côté,7,2,2,0,1,1,1,0,1,80,2,2,1,0,0,1,44.0,49.0,voiture,deux_roues,1,1,9,1,3
202400037135,2024-01-15 09:20:00,2024,1,15,9,20,76,76705,D7,49.334332,1.102967,Plein jour,Hors agglomération,Autre intersection,Normale,Deux véhicules - côté,7,1,1,0,2,1,1,0,1,80,2,2,1,0,0,1,44.0,49.0,voiture,deux_roues,1,1,9,1,3
202400037136,2024-05-14 10:10:00,2024,5,14,10,10,04,04112,D907,43.84493,5.73968,Plein jour,Hors agglomération,Hors intersection,Pluie légère,Deux véhicules - côté,3,3,2,0,2,3,2,0,1,80,2,2,1,0,1,0,66.0,68.0,voiture,voiture,1,1,1,2,3
202400037137,2024-04-05 15:59:00,2024,4,5,15,59,2A,2A004,BONAPARTE CHARLES  BD,41.93391,8.74995,Plein jour,En agglomération,Hors intersection,Normale,Trois véhicules et plus - en chaîne,4,1,3,0,1,1,1,0,1,50,4,5,0,0,0,5,33.0,57.0,voiture,voiture,1,2,1,1,4
202400037138,2024-01-12 16:25:00,2024,1,12,16,25,76,76351,Rue Jules Tellier,49.49846,0.12782,Plein jour,En agglomération,Intersection en X,Normale,Deux véhicules - côté,4,1,1,0,1,1,1,0,1,50,2,3,2,0,0,1,29.0,24.0,voiture,voiture,1,2,2,1,3
202400037138,2024-01-12 16:25:00,2024,1,12,16,25,76,76351,Rue Jules Tellier,49.49846,0.12782,Plein jour,En agglomération,Intersection en X,Normale,Deux véhicules - côté,4,1,2,0,1,1,1,0,1,50,2,3,2,0,0,1,29.0,24.0,voiture,voiture,1,2,2,1,3
202400037139,2024-02-19 19:35:00,2024,2,19,19,35,91,91174,HENRI DUNANT (BOULEVARD),48.60683,2.48349,Nuit avec éclairage allumé,En agglomération,Place,Temps couvert,Deux véhicules - côté,4,2,3,0,1,1,2,0,1,50,2,2,0,0,1,1,39.0,24.0,voiture,voiture,5,2,7,8,3
202400037139,2024-02-19 19:35:00,2024,2,19,19,35,91,91174,HENRI DUNANT (BOULEVARD),48.60683,2.48349,Nuit avec éclairage allumé,En agglomération,Place,Temps couvert,Deux véhicules - côté,4,2,3,0,1,1,2,0,1,50,2,2,0,0,1,1,39.0,24.0,voiture,voiture,5,2,7,8,3
202400037139,2024-02-19 19:35:00,2024,2,19,19,35,91,91174,HENRI DUNANT (BOULEVARD),48.60683,2.48349,Nuit avec éclairage allumé,En agglomération,Place,Temps couvert,Deux véhicules - côté,4,1,2,0,1,1,2,0,1,50,2,2,0,0,1,1,39.0,24.0,voiture,voiture,5,2,7,8,3
202400037140,2024-05-13 17:30:00,2024,5,13,17,30,01,01344,BRESSE (AVENUE DE),46.21315,5.20411,Plein jour,En agglomération,Intersection en T,Normale,Deux véhicules - côté,3,4,4,0,1,1,1,5,1,70,2,2,1,0,0,1,49.0,,voiture,voiture,1,2,3,1,3
202400037140,2024-05-13 17:30:00,2024,5,13,17,30,01,01344,BRESSE (AVENUE DE),46.21315,5.20411,Plein jour,En agglomération,Intersection en T,Normale,Deux véhicules - côté,3,2,2,0,1,1,1,0,1,50,2,2,1,0,0,1,49.0,,voiture,voiture,1,2,3,1,3
202400037141,2024-02-26 08:25:00,2024,2,26,8,25,91,91433,RN 20,48.45933,2.17795,Plein jour,Hors agglomération,Hors intersection,Pluie légère,Autre collision,3,3,4,0,1,1,2,0,1,90,1,1,0,0,0,1,35.0,,voiture,,1,1,1,2,6
202400037142,2024-01-13 14:20:00,2024,1,13,14,20,76,76351,MARECHAL JOFFRE (RUE),49.49996,0.12835,Plein jour,En agglomération,Intersection en T,Normale,Autre collision,4,2,2,0,1,1,1,0,1,50,1,2,1,0,0,1,45.0,,voiture,,1,2,3,1,6
202400037142,2024-01-13 14:20:00,2024,1,13,14,20,76,76351,MARECHAL JOFFRE (RUE),49.49996,0.12835,Plein jour,En agglomération,Intersection en T,Normale,Autre collision,4,1, -1,-1,1,1,1,0,1,-1,1,2,1,0,0,1,45.0,,voiture,,1,2,3,1,6
202400037143,2024-04-06 10:35:00,2024,4,6,10,35,91,91027,AV FRANCOIS MITTERRAND,48.70876,2.37136,Plein jour,En agglomération,Intersection en X,Normale,Deux véhicules - côté,3,2,0,0,1,1,1,0,1,50,2,2,1,0,0,1,42.0,49.0,utilitaire_camion,voiture,1,2,2,1,3
202400037143,2024-04-06 10:35:00,2024,4,6,10,35,91,91027,AV FRANCOIS MITTERRAND,48.70876,2.37136,Plein jour,En agglomération,Intersection en X,Normale,Deux véhicules - côté,3,1,0,0,1,1,1,0,1,50,2,2,1,0,0,1,42.0,49.0,utilitaire_camion,voiture,1,2,2,1,3
202400037144,2024-01-13 18:10:00,2024,1,13,18,10,76,76447,Rue Raoul Dufy,49.55736,0.16528,Nuit sans éclairage public,Hors agglomération,Hors intersection,Normale,Deux véhicules - frontale,3,2,2,0,1,2,1,0,1,80,2,3,2,0,0,1,47.0,77.0,voiture,voiture,3,1,1,1,1
202400037145,2024-05-13 09:40:00,2024,5,13,9,40,75,75117,BD PERIPHERIQUE INTERIEUR,48.884578,2.286301,Plein jour,En agglomération,Hors intersection,Normale,Trois véhicules et plus - en chaîne,4,1,4,0,1,1,1,0,1,70,3,3,2,0,0,1,60.0,27.0,voiture,deux_roues,1,2,1,1,4
202400037146,2024-02-27 16:30:00,2024,2,27,16,30,88,88160,GERARDMER (route de),48.17688,6.50256,Plein jour,Hors agglomération,Hors intersection,Normale,Deux véhicules - frontale,3,2,2,0,1,1,1,0,1,90,2,2,0,0,2,0,45.0,77.0,voiture,voiture,1,1,1,1,1
202400037147,2024-01-13 00:50:00,2024,1,13,0,50,76,76351,LENINGRAD (BD DE),49.49611,0.14678,Nuit avec éclairage allumé,En agglomération,Intersection en X,Normale,Deux véhicules - arrière,4,2,6,0,1,1,1,0,1,50,2,2,1,0,0,1,37.0,37.0,voiture,voiture,5,2,2,1,2
202400037147,2024-01-13 00:50:00,2024,1,13,0,50,76,76351,LENINGRAD (BD DE),49.49611,0.14678,Nuit avec éclairage allumé,En agglomération,Intersection en X,Normale,Deux véhicules - arrière,4,2,7,0,1,1,1,0,1,50,2,2,1,0,0,1,37.0,37.0,voiture,voiture,5,2,2,1,2
202400037148,2024-02-25 23:28:00,2024,2,25,23,28,87,87085,AUTOROUTE A20,45.85101807,1.276054,Nuit sans éclairage public,Hors agglomération,Hors intersection,Pluie légère,Autre collision,1,3,4,0,2,1,2,0,1,90,1,3,0,0,0,3,23.0,,voiture,,3,1,1,2,6
202400037149,2024-04-06 03:20:00,2024,4,6,3,20,91,91479,RTE DE FONTAINEBLEAU,48.7277,2.3687,Nuit avec éclairage allumé,Hors agglomération,Hors intersection,Normale,Trois véhicules et plus - collisions multiples,2,3,0,0,1,1,1,1,1,50,5,7,3,0,1,3,27.0,31.0,voiture,deux_roues,5,1,1,1,5
202400037150,2024-01-12 15:00:00,2024,1,12,15,0,76,76114,CALVAIRE (RUE DU),49.57218,0.47519,Plein jour,En agglomération,Hors intersection,Normale,Autre collision,4,-1,1,0,2,2,1,0,8,30,1,1,0,1,0,0,89.0,,voiture,,1,2,1,1,6
202400037151,2024-05-13 21:55:00,2024,5,13,21,55,75,75120,BD PERIPHERIQUE EXTERIEUR,48.873317,2.412054,Nuit avec éclairage allumé,En agglomération,Hors intersection,Normale,Trois véhicules et plus - en chaîne,4,1,5,0,1,1,1,1,1,70,3,5,3,0,0,2,51.0,54.0,voiture,voiture,5,2,1,1,4
202400037152,2024-02-23 20:22:00,2024,2,23,20,22,87,87085,VALOINE (BOULEVARD DE LA),45.83781,1.27854,Nuit avec éclairage allumé,En agglomération,Giratoire,Pluie légère,Deux véhicules - côté,4,3,4,0,1,1,2,5,1,50,2,3,1,0,0,2,33.0,19.0,voiture,voiture,5,2,6,2,3
202400037152,2024-02-23 20:22:00,2024,2,23,20,22,87,87085,VALOINE (BOULEVARD DE LA),45.83781,1.27854,Nuit avec éclairage allumé,En agglomération,Giratoire,Pluie légère,Deux véhicules - côté,4,3,4,0,1,2,2,5,1,50,2,3,1,0,0,2,33.0,19.0,voiture,voiture,5,2,6,2,3
202400037153,2024-05-14 09:50:00,2024,5,14,9,50,75,75119,RUE RIQUET,48.888708,2.373353,Plein jour,En agglomération,Intersection en T,Pluie forte,Autre collision,4,2, -1,-1,1,1,2,0,1,30,1,2,1,0,0,1,,,voiture,,1,2,3,3,6
202400037153,2024-05-14 09:50:00,2024,5,14,9,50,75,75119,RUE RIQUET,48.888708,2.373353,Plein jour,En agglomération,Intersection en T,Pluie forte,Autre collision,4,2,2,0,1,1,2,0,1,30,1,2,1,0,0,1,,,voiture,,1,2,3,3,6
202400037154,2024-04-06 13:25:00,2024,4,6,13,25,91,91433,ROND POINT RD20-RD 207-A,48.450477,2.174134,Plein jour,Hors agglomération,Giratoire,Normale,Deux véhicules - côté,3,2,2,0,1,3,1,0,1,50,2,2,1,0,0,1,26.0,33.0,deux_roues,voiture,1,1,6,1,3
202400037154,2024-04-06 13:25:00,2024,4,6,13,25,91,91433,ROND POINT RD20-RD 207-A,48.450477,2.174134,Plein jour,Hors agglomération,Giratoire,Normale,Deux véhicules - côté,3,1,2,0,1,3,1,0,1,50,2,2,1,0,0,1,26.0,33.0,deux_roues,voiture,1,1,6,1,3
202400037155,2024-01-15 21:40:00,2024,1,15,21,40,69,69266,Allée du Frère Benoit,45.78516361,4.8888679,Nuit sans éclairage public,En agglomération,Giratoire,Temps couvert,Deux véhicules - arrière,4,1,1,0,1,1,2,9,3,50,2,4,1,0,0,3,22.0,33.0,utilitaire_camion,utilitaire_camion,3,2,6,8,2
202400037155,2024-01-15 21:40:00,2024,1,15,21,40,69,69266,Allée du Frère Benoit,45.78516361,4.8888679,Nuit sans éclairage public,En agglomération,Giratoire,Temps couvert,Deux véhicules - arrière,4,2,2,1,1,1,2,0,1,50,2,4,1,0,0,3,22.0,33.0,utilitaire_camion,utilitaire_camion,3,2,6,8,2
202400037156,2024-01-15 07:45:00,2024,1,15,7,45,69,69256,Avenue Karl Marx,45.77810537,4.93928151,Nuit avec éclairage allumé,En agglomération,Hors intersection,Pluie légère,Autre collision,4,2,2,0,1,1,2,0,8,50,1,2,1,0,0,1,37.0,,utilitaire_camion,,5,2,1,2,6
202400037157,2024-02-23 17:20:00,2024,2,23,17,20,86,86194,Avenue de l'Europe,46.592146,0.348054,Plein jour,En agglomération,Hors intersection,Normale,Deux véhicules - frontale,3,2,1,0,1,1,1,0,1,30,2,2,1,0,0,1,76.0,37.0,voiture,deux_roues,1,2,1,1,1
202400037158,2024-04-04 03:00:00,2024,4,4,3,0,87,87085,VANTEAUX (BOULEVARD DE),45.82133,1.23991,Nuit avec éclairage allumé,En agglomération,Intersection en X,Normale,Autre collision,4,2,2,0,1,1,1,5,1,50,2,2,1,1,0,0,22.0,33.0,voiture,deux_roues,5,2,2,1,6
202400037158,2024-04-04 03:00:00,2024,4,4,3,0,87,87085,VANTEAUX (BOULEVARD DE),45.82133,1.23991,Nuit avec éclairage allumé,En agglomération,Intersection en X,Normale,Autre collision,4,3,6,3,2,1,1,5,1,50,2,2,1,1,0,0,22.0,33.0,voiture,deux_roues,5,2,2,1,6
202400037159,2024-05-13 23:05:00,2024,5,13,23,5,75,75117,PLACE DE LA PORTE MAILLOT,48.87756,2.28364,Nuit avec éclairage non allumé,En agglomération,Hors intersection,Normale,Deux véhicules - côté,4,1,3,0,1,1,1,0,1,50,2,6,5,0,0,1,46.0,41.0,transport_commun,voiture,4,2,1,1,3