accident_id,datetime,annee,mois,jour,heure,minute,departement,commune_insee,adresse,latitude,longitude,luminosite,agglomeration,intersection,meteo,collision,catr,circ,nbv,vosp,prof,plan,surf,infra,situ,vma,nb_vehicules,nb_usagers,nb_indemnes,nb_tues,nb_blesses_hosp,nb_blesses_legers,age_cond_1,age_cond_2,veh_type_cond_1,veh_type_cond_2,lum_code,agg_code,int_code,atm_code,col_code
202400037160,2024-01-15 08:20:00,2024,1,15,8,20,69,69264,Boulevard Louis Blanc,45.98728,4.72134,Crépuscule ou aube,En agglomération,Hors intersection,Pluie légère,Autre collision,4,2,2,3,4,1,2,0,1,50,1,2,1,0,0,1,43.0,,voiture,,2,2,1,2,6
202400037161,2024-04-06 01:00:00,2024,4,6,1,0,83,83137,BRIAND (AVE ARISTIDE DE 1221 A FIN,43.12146,5.89395,Nuit avec éclairage allumé,En agglomération,Hors intersection,Normale,Sans collision,3,2,3,0,1,2,1,0,1,50,1,1,0,0,1,0,44.0,,deux_roues,,5,2,1,1,7
202400037162,2024-01-15 07:45:00,2024,1,15,7,45,69,69290,Boulevard Edouard Herriot,45.69459,4.94036,Crépuscule ou aube,En agglomération,Hors intersection,Pluie forte,Autre collision,4,2,2,3,1,1,2,0,1,50,1,2,1,0,0,1,55.0,,voiture,,2,2,1,3,6
202400037163,2024-02-20 18:05:00,2024,2,20,18,5,85,85191,Boulevard aristide briand,46.668561,-1.43142,Crépuscule ou aube,En agglomération,Hors intersection,Normale,Trois véhicules et plus - en chaîne,4,2,2,0,1,1,1,0,1,50,3,3,2,0,0,1,88.0,36.0,voiture,voiture,2,2,1,1,4
202400037164,2024-05-13 14:40:00,2024,5,13,14,40,75,75117,AVENUE MAC MAHON,48.87769,2.2941,Plein jour,En agglomération,Intersection en Y,Normale,Deux véhicules - côté,4,2,2,3,2,1,1,0,1,30,2,2,1,0,0,1,82.0,22.0,voiture,deux_roues,1,2,4,1,3
202400037164,2024-05-13 14:40:00,2024,5,13,14,40,75,75117,AVENUE MAC MAHON,48.87769,2.2941,Plein jour,En agglomération,Intersection en Y,Normale,Deux véhicules - côté,4,1, -1,-1,2,1,1,0,1,30,2,2,1,0,0,1,82.0,22.0,voiture,deux_roues,1,2,4,1,3
202400037165,2024-01-15 08:15:00,2024,1,15,8,15,65,65440,LASSERRE (RUE JULES),43.23571015,0.07200608,Plein jour,En agglomération,Intersection en X,Normale,Autre collision,4,1,1,0,1,2,1,6,1,50,1,2,1,0,1,0,44.0,,voiture,,1,2,2,1,6
202400037165,2024-01-15 08:15:00,2024,1,15,8,15,65,65440,LASSERRE (RUE JULES),43.23571015,0.07200608,Plein jour,En agglomération,Intersection en X,Normale,Autre collision,4,1,1,-1,1,1,1,0,1,50,1,2,1,0,1,0,44.0,,voiture,,1,2,2,1,6
202400037166,2024-04-06 20:30:00,2024,4,6,20,30,83,83069,GAMBETTA (AVENUE),43.11709,6.12862,Nuit avec éclairage allumé,En agglomération,Intersection en T,Normale,Deux véhicules - côté,4,1,0,0,1,1,1,0,1,50,2,2,1,0,0,1,48.0,,deux_roues,voiture,5,2,3,1,3
202400037166,2024-04-06 20:30:00,2024,4,6,20,30,83,83069,GAMBETTA (AVENUE),43.11709,6.12862,Nuit avec éclairage allumé,En agglomération,Intersection en T,Normale,Deux véhicules - côté,4,2,2,0,2,1,1,0,1,50,2,2,1,0,0,1,48.0,,deux_roues,voiture,5,2,3,1,3
202400037167,2024-05-14 18:45:00,2024,5,14,18,45,75,75116,RUE DE BOULAINVILLIERS,48.85764,2.274732,Plein jour,En agglomération,Intersection en X,Normale,Autre collision,4,2,0,0,1,1,1,0,1,30,1,2,1,0,0,1,41.0,,utilitaire_camion,,1,2,2,1,6
202400037167,2024-05-14 18:45:00,2024,5,14,18,45,75,75116,RUE DE BOULAINVILLIERS,48.85764,2.274732,Plein jour,En agglomération,Intersection en X,Normale,Autre collision,4,2,2,0,1,1,1,0,1,30,1,2,1,0,0,1,41.0,,utilitaire_camion,,1,2,2,1,6
202400037168,2024-01-15 11:35:00,2024,1,15,11,35,64,64483,,43.38754,-1.66147,Plein jour,En agglomération,Hors intersection,Pluie légère,Autre collision,4,1,1,1,1,1,2,0,1,30,1,2,1,0,0,1,62.0,,voiture,,1,2,1,2,6
202400037169,2024-04-06 22:06:00,2024,4,6,22,6,83,83061,BOULEVARD DE LA LIBÉRATION,43.42452003,6.76006615,Nuit avec éclairage allumé,En agglomération,Hors intersection,Normale,Autre collision,4,1,1,0,1,1,1,0,1,30,1,2,1,0,1,0,35.0,,voiture,,5,2,1,1,6
202400037170,2024-02-24 19:23:00,2024,2,24,19,23,84,84007,MONTFAVET (Route),43.94437,4.81747,Crépuscule ou aube,En agglomération,Intersection en T,Normale,Trois véhicules et plus - en chaîne,4,2,2,0,1,1,1,0,1,30,3,3,2,0,0,1,23.0,23.0,voiture,voiture,2,2,3,1,4
202400037170,2024-02-24 19:23:00,2024,2,24,19,23,84,84007,MONTFAVET (Route),43.94437,4.81747,Crépuscule ou aube,En agglomération,Intersection en T,Normale,Trois véhicules et plus - en chaîne,4,2,2,2,1,1,1,0,1,50,3,3,2,0,0,1,23.0,23.0,voiture,voiture,2,2,3,1,4
202400037171,2024-05-14 14:20:00,2024,5,14,14,20,75,75116,RUE DE BOULAINVILLIERS,48.85174,2.277587,Plein jour,En agglomération,Intersection en T,Pluie légère,Deux véhicules - arrière,4,2, -1,-1,1,1,2,0,1,30,2,2,1,0,0,1,64.0,52.0,voiture,deux_roues,1,2,3,2,2
202400037171,2024-05-14 14:20:00,2024,5,14,14,20,75,75116,RUE DE BOULAINVILLIERS,48.85174,2.277587,Plein jour,En agglomération,Intersection en T,Pluie légère,Deux véhicules - arrière,4,2,2,0,1,1,2,0,1,30,2,2,1,0,0,1,64.0,52.0,voiture,deux_roues,1,2,3,2,2
202400037172,2024-01-14 17:50:00,2024,1,14,17,50,64,64024,NOVEMBRE (RUE DU 11),43.48213,-1.51462,Nuit avec éclairage allumé,En agglomération,Intersection en X,Pluie légère,Sans collision,4,2,2,0,1,1,2,0,1,30,2,2,1,0,0,1,35.0,76.0,deux_roues,voiture,5,2,2,2,7
202400037172,2024-01-14 17:50:00,2024,1,14,17,50,64,64024,NOVEMBRE (RUE DU 11),43.48213,-1.51462,Nuit avec éclairage allumé,En agglomération,Intersection en X,Pluie légère,Sans collision,4,3,3,0,1,1,2,0,1,30,2,2,1,0,0,1,35.0,76.0,deux_roues,voiture,5,2,2,2,7
202400037173,2024-04-05 17:17:00,2024,4,5,17,17,79,79329,,46.994448,-0.20793,Plein jour,En agglomération,Hors intersection,Temps éblouissant,Deux véhicules - côté,3,2,2,0,1,1,1,0,1,50,2,2,1,0,1,0,28.0,19.0,deux_roues,voiture,1,2,1,7,3
202400037174,2024-01-15 13:34:00,2024,1,15,13,34,63,63113,LAFAYETTE (BD),45.77359,3.08986,Plein jour,En agglomération,Intersection en X,Pluie légère,Autre collision,4,2,2,2,2,1,2,0,1,30,1,2,1,0,0,1,47.0,,voiture,,1,2,2,2,6
202400037174,2024-01-15 13:34:00,2024,1,15,13,34,63,63113,LAFAYETTE (BD),45.77359,3.08986,Plein jour,En agglomération,Intersection en X,Pluie légère,Autre collision,4,2,4,3,1,1,2,0,1,50,1,2,1,0,0,1,47.0,,voiture,,1,2,2,2,6
202400037175,2024-05-14 09:50:00,2024,5,14,9,50,75,75116,RUE CHARDON LAGACHE,48.847528,2.26905,Plein jour,En agglomération,Intersection en T,Pluie forte,Autre collision,4,1,1,0,1,1,2,0,1,30,1,2,1,0,0,1,61.0,,voiture,,1,2,3,3,6
202400037175,2024-05-14 09:50:00,2024,5,14,9,50,75,75116,RUE CHARDON LAGACHE,48.847528,2.26905,Plein jour,En agglomération,Intersection en T,Pluie forte,Autre collision,4,1,1,0,1,1,2,0,1,30,1,2,1,0,0,1,61.0,,voiture,,1,2,3,3,6
202400037176,2024-02-20 20:00:00,2024,2,20,20,0,84,84007,CAVAILLON (Route de Cavaillon)-MONTFAVET,43.88923,4.91611,Nuit avec éclairage allumé,Hors agglomération,Intersection à plus de 4 branches,Normale,Deux véhicules - côté,3,1,2,0,1,1,1,3,1,50,2,5,4,0,0,1,27.0,64.0,voiture,voiture,5,1,5,1,3
202400037176,2024-02-20 20:00:00,2024,2,20,20,0,84,84007,CAVAILLON (Route de Cavaillon)-MONTFAVET,43.88923,4.91611,Nuit avec éclairage allumé,Hors agglomération,Intersection à plus de 4 branches,Normale,Deux véhicules - côté,3,3,2,0,1,1,1,5,1,50,2,5,4,0,0,1,27.0,64.0,voiture,voiture,5,1,5,1,3
202400037177,2024-04-06 22:15:00,2024,4,6,22,15,78,78481,Pont Georges Pompidou,48.89786,2.10715,Nuit avec éclairage allumé,En agglomération,Intersection en X,Normale,Deux véhicules - côté,3,3,0,0,1,1,1,5,1,50,2,2,1,0,0,1,34.0,34.0,deux_roues,voiture,5,2,2,1,3
202400037177,2024-04-06 22:15:00,2024,4,6,22,15,78,78481,Pont Georges Pompidou,48.89786,2.10715,Nuit avec éclairage allumé,En agglomération,Intersection en X,Normale,Deux véhicules - côté,3,2,0,0,2,1,1,0,1,50,2,2,1,0,0,1,34.0,34.0,deux_roues,voiture,5,2,2,1,3
202400037178,2024-01-15 07:20:00,2024,1,15,7,20,63,63113,LIONDARDS (RUE NOUVELLE DES) / Etienne Dolet,45.75781,3.08596,Nuit avec éclairage allumé,En agglomération,Intersection en Y,Pluie légère,Deux véhicules - côté,7,1,1,0,2,1,2,0,1,50,2,2,1,0,0,1,20.0,24.0,voiture,voiture,5,2,4,2,3
202400037178,2024-01-15 07:20:00,2024,1,15,7,20,63,63113,LIONDARDS (RUE NOUVELLE DES) / Etienne Dolet,45.75781,3.08596,Nuit avec éclairage allumé,En agglomération,Intersection en Y,Pluie légère,Deux véhicules - côté,7,2,2,0,2,1,2,0,1,50,2,2,1,0,0,1,20.0,24.0,voiture,voiture,5,2,4,2,3
202400037179,2024-05-14 09:35:00,2024,5,14,9,35,75,75116,PLACE DE LA PORTE DE SAINT CLOUD,48.83747264,2.25680387,Plein jour,En agglomération,Place,Pluie légère,Deux véhicules - côté,4,2,2,0,1,1,2,0,1,30,2,2,1,0,0,1,26.0,55.0,deux_roues,utilitaire_camion,1,2,7,2,3
202400037179,2024-05-14 09:35:00,2024,5,14,9,35,75,75116,PLACE DE LA PORTE DE SAINT CLOUD,48.83747264,2.25680387,Plein jour,En agglomération,Place,Pluie légère,Deux véhicules - côté,4,1,2,1,1,1,2,0,5,30,2,2,1,0,0,1,26.0,55.0,deux_roues,utilitaire_camion,1,2,7,2,3
202400037180,2024-02-19 19:30:00,2024,2,19,19,30,84,84007,avenue de la folie,43.94615,4.83489,Crépuscule ou aube,En agglomération,Intersection en T,Normale,Autre collision,4,2,2,0,1,1,1,5,1,50,1,1,0,0,0,1,67.0,,voiture,,2,2,3,1,6
202400037180,2024-02-19 19:30:00,2024,2,19,19,30,84,84007,avenue de la folie,43.94615,4.83489,Crépuscule ou aube,En agglomération,Intersection en T,Normale,Autre collision,4,2,2,0,1,1,1,5,1,2,1,1,0,0,0,1,67.0,,voiture,,2,2,3,1,6
202400037181,2024-01-15 11:30:00,2024,1,15,11,30,60,60057,Avenue Léon Blum,49.45006558,2.07249248,Plein jour,En agglomération,Hors intersection,Normale,Deux véhicules - frontale,4,2,2,0,1,1,1,0,8,30,1,1,0,0,0,1,83.0,,voiture,,1,2,1,1,1
202400037182,2024-04-05 18:00:00,2024,4,5,18,0,77,77438,SAINT GERMAIN DES NOYERS  (AVENUE),48.86123,2.67319,Plein jour,En agglomération,Hors intersection,Pluie légère,Deux véhicules - côté,3,2,2,1,1,1,2,0,5,50,2,2,1,0,0,1,85.0,44.0,voiture,deux_roues,1,2,1,2,3
202400037183,2024-02-19 12:08:00,2024,2,19,12,8,83,83062,SALENGRO (AVENUE ROGER),43.12656,6.01261,Plein jour,En agglomération,Hors intersection,Normale,Autre collision,4,2,0,2,2,1,1,0,4,50,1,1,0,1,0,0,69.0,,deux_roues,,1,2,1,1,6
202400037184,2024-05-14 02:09:00,2024,5,14,2,9,75,75109,BOULEVARD POISSONNIERE,48.87089,2.346728,Nuit avec éclairage allumé,En agglomération,Intersection en T,Normale,Deux véhicules - arrière,4,2,3,1,1,1,1,0,1,30,2,2,1,0,0,1,26.0,,voiture,voiture,5,2,3,1,2
202400037184,2024-05-14 02:09:00,2024,5,14,2,9,75,75109,BOULEVARD POISSONNIERE,48.87089,2.346728,Nuit avec éclairage allumé,En agglomération,Intersection en T,Normale,Deux véhicules - arrière,4,2, -1,-1,1,1,1,0,1,30,2,2,1,0,0,1,26.0,,voiture,voiture,5,2,3,1,2
202400037185,2024-01-14 19:40:00,2024,1,14,19,40,56,56121,DU COUEDIC (RUE),47.750522,-3.36296,Nuit avec éclairage allumé,En agglomération,Intersection en X,Temps couvert,Deux véhicules - côté,4,2,2,0,1,1,2,0,1,30,2,2,1,0,0,1,27.0,23.0,deux_roues,voiture,5,2,2,8,3
202400037186,2024-04-05 17:15:00,2024,4,5,17,15,76,76231,Rue du Thuit Anger,49.28385,0.99263,Plein jour,En agglomération,Hors intersection,Pluie légère,Deux véhicules - frontale,7,2,2,0,1,1,2,0,1,50,2,2,1,0,0,1,43.0,22.0,voiture,deux_roues,1,2,1,2,1
202400037187,2024-02-21 14:40:00,2024,2,21,14,40,83,83137,JOFFRE (BD MARECHAL),43.12411,5.95472,Plein jour,En agglomération,Intersection en T,Normale,Autre collision,3,2,3,0,1,1,1,0,1,50,1,2,1,0,0,1,20.0,,voiture,,1,2,3,1,6
202400037187,2024-02-21 14:40:00,2024,2,21,14,40,83,83137,JOFFRE (BD MARECHAL),43.12411,5.95472,Plein jour,En agglomération,Intersection en T,Normale,Autre collision,3,2,3,0,2,1,1,0,1,50,1,2,1,0,0,1,20.0,,voiture,,1,2,3,1,6
202400037188,2024-01-15 10:40:00,2024,1,15,10,40,45,45234,D2157 PR 7 + 625,47.90721,1.88788,Plein jour,En agglomération,Hors intersection,Normale,Autre collision,7,2,2,0,1,1,1,0,4,50,1,2,1,0,0,1,,,voiture,,1,2,1,1,6
202400037189,2024-05-14 12:00:00,2024,5,14,12,0,75,75107,PONT D IENA,48.859084,2.29324,Plein jour,En agglomération,Intersection en T,Pluie légère,Deux véhicules - côté,4,2,0,0,1,1,2,2,1,30,2,2,1,0,0,1,38.0,37.0,voiture,deux_roues,1,2,3,2,3
202400037189,2024-05-14 12:00:00,2024,5,14,12,0,75,75107,PONT D IENA,48.859084,2.29324,Plein jour,En agglomération,Intersection en T,Pluie légère,Deux véhicules - côté,4,2,4,1,1,1,2,5,1,30,2,2,1,0,0,1,38.0,37.0,voiture,deux_roues,1,2,3,2,3
202400037190,2024-01-14 07:00:00,2024,1,14,7,0,41,41018,LATTRE DE TASSIGNY (QUAI DU MARECHAL DE),47.58626,1.33634,Nuit sans éclairage public,En agglomération,Hors intersection,Normale,Deux véhicules - arrière,4,2,2,0,1,1,1,5,1,50,2,2,1,0,0,1,23.0,,voiture,voiture,3,2,1,1,2
202400037191,2024-02-20 09:10:00,2024,2,20,9,10,83,83126,MARTINI (RUE J BAPTISTE),43.10000523,5.8807037,Plein jour,En agglomération,Hors intersection,Normale,Autre collision,4,1,1,0,1,1,1,0,1,30,1,2,1,0,1,0,22.0,,voiture,,1,2,1,1,6
202400037192,2024-05-13 22:32:00,2024,5,13,22,32,75,75107,QUAI BRANLY,48.85913,2.29394,Nuit avec éclairage allumé,En agglomération,Hors intersection,Normale,Deux véhicules - frontale,4,2,2,1,1,1,1,1,1,30,2,2,1,0,0,1,24.0,31.0,deux_roues,deux_roues,5,2,1,1,1
202400037193,2024-04-06 23:30:00,2024,4,6,23,30,72,72181,RUBILLARD AV N° IMP 1 A 51,48.01175,0.18609,Nuit avec éclairage allumé,En agglomération,Intersection en T,Pluie légère,Deux véhicules - côté,4,2,1,0,1,1,2,5,1,50,2,2,1,0,0,1,25.0,18.0,voiture,deux_roues,5,2,3,2,3
202400037193,2024-04-06 23:30:00,2024,4,6,23,30,72,72181,RUBILLARD AV N° IMP 1 A 51,48.01175,0.18609,Nuit avec éclairage allumé,En agglomération,Intersection en T,Pluie légère,Deux véhicules - côté,4,3,2,0,1,1,2,9,1,50,2,2,1,0,0,1,25.0,18.0,voiture,deux_roues,5,2,3,2,3
202400037194,2024-01-15 08:15:00,2024,1,15,8,15,38,38544,ANATOLE FRANCE(QUAI),45.529,4.878,Plein jour,En agglomération,Hors intersection,Pluie légère,Autre collision,4,2,2,0,1,2,2,0,1,50,1,2,1,0,0,1,48.0,,voiture,,1,2,1,2,6
202400037195,2024-05-14 08:40:00,2024,5,14,8,40,75,75101,VOIE GEORGES POMPIDOU,48.857887,2.34416,Plein jour,En agglomération,Hors intersection,Pluie forte,Sans collision,4,2,2,3,1,1,2,6,6,30,1,1,0,0,0,1,52.0,,deux_roues,,1,2,1,3,7
202400037196,2024-01-13 18:00:00,2024,1,13,18,0,35,35115,PINTERIE (RUE DE LA),48.35472,-1.2051,Nuit avec éclairage allumé,En agglomération,Hors intersection,Normale,Autre collision,4,1,1,0,2,3,1,0,1,30,1,1,0,0,1,0,23.0,,deux_roues,,5,2,1,1,6
202400037197,2024-02-27 13:40:00,2024,2,27,13,40,83,83129,LERY (BOULEVARD DE),43.11937,5.8473,Plein jour,En agglomération,Hors intersection,Normale,Deux véhicules - côté,4,2,2,0,1,1,1,0,1,50,2,2,1,0,0,1,,50.0,utilitaire_camion,deux_roues,1,2,1,1,3
202400037198,2024-04-07 00:30:00,2024,4,7,0,30,67,67482,FRANÇOIS MITTERRAND (AVENUE),48.58729,7.69724,Nuit avec éclairage allumé,En agglomération,Hors intersection,Normale,Autre collision,4,3,4,3,1,1,1,0,1,50,1,3,2,0,0,1,24.0,,deux_roues,,5,2,1,1,6
202400037199,2024-05-13 08:37:00,2024,5,13,8,37,75,75104,BOULEVARD BEAUMARCHAIS,48.854795,2.368744,Plein jour,En agglomération,Intersection en T,Normale,Sans collision,4,2,5,3,1,1,8,0,6,30,1,1,0,0,0,1,28.0,,deux_roues,,1,2,3,1,7
202400037199,2024-05-13 08:37:00,2024,5,13,8,37,75,75104,BOULEVARD BEAUMARCHAIS,48.854795,2.368744,Plein jour,En agglomération,Intersection en T,Normale,Sans collision,4,1,1,0,1,1,1,0,8,30,1,1,0,0,0,1,28.0,,deux_roues,,1,2,3,1,7
202400037200,2024-01-15 07:15:00,2024,1,15,7,15,34,34172,HUIT MAI 1945 (PLACE DU),43.601068,3.86807,Crépuscule ou aube,En agglomération,Autre intersection,Normale,Deux véhicules - côté,4,-1,2,0,1,1,1,8,1,30,2,2,1,0,0,1,56.0,51.0,utilitaire_camion,utilitaire_camion,2,2,9,1,3
202400037201,2024-02-24 09:20:00,2024,2,24,9,20,83,83129,KENNEDY (AVENUE J.)N°PAIRS 2A2560,43.1068585,5.82183588,Plein jour,En agglomération,Intersection en T,Normale,Deux véhicules - côté,3,2,2,0,1,1,1,0,1,50,2,2,1,0,1,0,,33.0,voiture,voiture,1,2,3,1,3
202400037201,2024-02-24 09:20:00,2024,2,24,9,20,83,83129,KENNEDY (AVENUE J.)N°PAIRS 2A2560,43.1068585,5.82183588,Plein jour,En agglomération,Intersection en T,Normale,Deux véhicules - côté,3,2,2,0,1,1,1,0,1,50,2,2,1,0,1,0,,33.0,voiture,voiture,1,2,3,1,3
202400037202,2024-01-14 20:40:00,2024,1,14,20,40,29,29019,rue de Kermenguy,48.403435,-4.500904,Nuit avec éclairage allumé,En agglomération,Hors intersection,Pluie légère,Autre collision,4,2,2,0,1,1,2,0,1,50,1,2,1,0,1,0,25.0,,deux_roues,,5,2,1,2,6
202400037203,2024-05-12 21:15:00,2024,5,12,21,15,94,94081,Avenue Paul Vaillant Couturier / Rue Désiré Granet,48.79502,2.39728,Nuit avec éclairage allumé,En agglomération,Intersection en T,Normale,Deux véhicules - côté,3,2,2,0,1,1,1,0,1,50,2,2,1,0,1,0,58.0,19.0,voiture,deux_roues,5,2,3,1,3
202400037203,2024-05-12 21:15:00,2024,5,12,21,15,94,94081,Avenue Paul Vaillant Couturier / Rue Désiré Granet,48.79502,2.39728,Nuit avec éclairage allumé,En agglomération,Intersection en T,Normale,Deux véhicules - côté,3,1,1,0,1,1,1,0,1,50,2,2,1,0,1,0,58.0,19.0,voiture,deux_roues,5,2,3,1,3
202400037204,2024-04-06 19:50:00,2024,4,6,19,50,67,67482,ILL (RUE DE L ),48.6131,7.77284,Crépuscule ou aube,En agglomération,Intersection en T,Normale,Deux véhicules - côté,4,2,2,0,1,1,1,0,1,50,2,5,4,1,0,0,38.0,25.0,voiture,deux_roues,2,2,3,1,3
202400037204,2024-04-06 19:50:00,2024,4,6,19,50,67,67482,ILL (RUE DE L ),48.6131,7.77284,Crépuscule ou aube,En agglomération,Intersection en T,Normale,Deux véhicules - côté,4,2,4,3,1,1,1,0,1,50,2,5,4,1,0,0,38.0,25.0,voiture,deux_roues,2,2,3,1,3
202400037205,2024-02-23 15:10:00,2024,2,23,15,10,83,83069,ROUBAUD (CHEMIN DU),43.10907,6.13906,Plein jour,En agglomération,Hors intersection,Normale,Deux véhicules - côté,4,2,2,0,1,2,1,0,1,50,2,2,1,0,0,1,22.0,77.0,deux_roues,voiture,1,2,1,1,3
202400037206,2024-05-14 20:25:00,2024,5,14,20,25,94,94003,Avenue Paul Vaillant-couturier / Avenue Gabriel Péri,48.800127,2.342766,Plein jour,En agglomération,Intersection en X,Temps couvert,Deux véhicules - côté,3,1,1,0,2,1,1,5,1,-1,2,2,1,0,0,1,51.0,58.0,voiture,deux_roues,1,2,2,8,3
202400037206,2024-05-14 20:25:00,2024,5,14,20,25,94,94003,Avenue Paul Vaillant-couturier / Avenue Gabriel Péri,48.800127,2.342766,Plein jour,En agglomération,Intersection en X,Temps couvert,Deux véhicules - côté,3,3,4,0,1,1,1,5,1,30,2,2,1,0,0,1,51.0,58.0,voiture,deux_roues,1,2,2,8,3
202400037207,2024-01-15 08:25:00,2024,1,15,8,25,27,27681,SAINT LOUIS (RUE),49.09328,1.47254,Crépuscule ou aube,En agglomération,Hors intersection,Normale,Sans collision,4,2,2,0,1,1,2,0,1,50,1,1,0,0,1,0,13.0,,deux_roues,,2,2,1,1,7
202400037208,2024-02-23 21:20:00,2024,2,23,21,20,83,83034,FONT BRUN (RUE),43.08471,6.10562,Nuit avec éclairage allumé,Hors agglomération,Hors intersection,Normale,Autre collision,3,2,2,0,1,1,1,0,3,50,1,1,0,0,0,1,34.0,,voiture,,5,1,1,1,6
202400037209,2024-04-06 15:50:00,2024,4,6,15,50,67,67482,VIENNE (ROUTE DE),48.57262,7.75586,Plein jour,En agglomération,Hors intersection,Normale,Deux véhicules - arrière,4,2,2,1,1,1,1,0,5,25,2,2,1,0,0,1,38.0,27.0,deux_roues,deux_roues,1,2,1,1,2
202400037210,2024-05-14 19:15:00,2024,5,14,19,15,94,94041,70 Avenue Georges Gosnat,48.81350661,2.38873921,Plein jour,En agglomération,Hors intersection,Pluie légère,Autre collision,3,3,2,3,1,1,2,0,1,50,1,2,1,0,0,1,30.0,,deux_roues,,1,2,1,2,6
202400037211,2024-01-16 01:25:00,2024,1,16,1,25,26,26058,Route de L'Amiral de Joybert,44.96526352,4.90068555,Nuit sans éclairage public,Hors agglomération,Hors intersection,Normale,Sans collision,4,2,2,0,1,2,1,2,3,80,1,2,0,0,0,2,21.0,,voiture,,3,1,1,1,7
202400037212,2024-02-23 10:25:00,2024,2,23,10,25,83,83069,PROVENCE (RUE DE),43.1177,6.13038,Plein jour,En agglomération,Hors intersection,Normale,Autre collision,4,2,2,0,1,1,1,0,1,30,1,2,1,0,0,1,69.0,,voiture,,1,2,1,1,6
202400037213,2024-04-06 11:05:00,2024,4,6,11,5,64,64102,AQUITAINE (AVENUE DE L'),43.4863,-1.46664,Plein jour,En agglomération,Hors intersection,Normale,Deux véhicules - côté,3,2,3,0,3,2,1,0,1,50,2,3,1,0,0,2,53.0,34.0,utilitaire_camion,voiture,1,2,1,1,3
202400037214,2024-05-13 22:15:00,2024,5,13,22,15,94,94041,Quai Marcel Boyer,48.82381,2.39067,Nuit avec éclairage allumé,En agglomération,Hors intersection,Normale,Autre collision,3,2,2,3,1,1,1,0,1,50,1,3,2,0,0,1,20.0,,voiture,,5,2,1,1,6
202400037215,2024-01-15 15:05:00,2024,1,15,15,5,25,25056,CHURCHILL BD WINSTON (sup19),47.25339,6.01546,Plein jour,En agglomération,Intersection en X,Normale,Autre collision,3,2, -1,-1,2,1,1,5,1,-1,1,2,1,0,0,1,81.0,,voiture,,1,2,2,1,6
202400037215,2024-01-15 15:05:00,2024,1,15,15,5,25,25056,CHURCHILL BD WINSTON (sup19),47.25339,6.01546,Plein jour,En agglomération,Intersection en X,Normale,Autre collision,3,3,4,0,2,1,1,5,4,50,1,2,1,0,0,1,81.0,,voiture,,1,2,2,1,6
202400037216,2024-05-14 17:40:00,2024,5,14,17,40,94,94038,Rue Dispan / Rue des Jardins,48.779473,2.338822,Plein jour,En agglomération,Intersection en T,Pluie légère,Autre collision,3,1,1,0,1,1,2,0,1,30,1,2,1,0,0,1,56.0,,transport_commun,,1,2,3,2,6
202400037216,2024-05-14 17:40:00,2024,5,14,17,40,94,94038,Rue Dispan / Rue des Jardins,48.779473,2.338822,Plein jour,En agglomération,Intersection en T,Pluie légère,Autre collision,3,1,1,0,1,1,2,0,1,-1,1,2,1,0,0,1,56.0,,transport_commun,,1,2,3,2,6
202400037217,2024-02-19 17:20:00,2024,2,19,17,20,83,83061,AVENUE ANDRE LEOTARD,43.43926933,6.74602926,Plein jour,En agglomération,Hors intersection,Normale,Trois véhicules et plus - en chaîne,3,2,2,0,2,1,1,0,1,50,3,4,1,0,2,1,34.0,60.0,deux_roues,voiture,1,2,1,1,4
202400037218,2024-04-06 23:30:00,2024,4,6,23,30,63,63014,LAVOISIER (AVENUE),45.75771,3.14258,Nuit avec éclairage allumé,En agglomération,Giratoire,Vent fort / tempête,Autre collision,4,1,1,0,1,2,1,5,3,50,1,3,0,0,0,3,22.0,,voiture,,5,2,6,6,6
202400037219,2024-01-15 18:55:00,2024,1,15,18,55,16,16015,BORDEAUX (RUE DE N° 110 A LA FIN),45.6432,0.13609,Nuit avec éclairage allumé,En agglomération,Giratoire,Normale,Autre collision,4,2,2,0,1,1,1,0,1,50,2,2,1,0,0,1,66.0,19.0,utilitaire_camion,deux_roues,5,2,6,1,6
202400037219,2024-01-15 18:55:00,2024,1,15,18,55,16,16015,BORDEAUX (RUE DE N° 110 A LA FIN),45.6432,0.13609,Nuit avec éclairage allumé,En agglomération,Giratoire,Normale,Autre collision,4,-1,2,0,1,2,1,5,6,50,2,2,1,0,0,1,66.0,19.0,utilitaire_camion,deux_roues,5,2,6,1,6
202400037220,2024-01-15 19:30:00,2024,1,15,19,30,13,13213,CHATEAU GOMBERT CHEMIN,43.34319,5.42053,Nuit avec éclairage allumé,En agglomération,Hors intersection,Normale,Deux véhicules - côté,4,2,2,0,1,1,1,0,1,50,2,2,1,0,0,1,53.0,,voiture,voiture,5,2,1,1,3
202400037221,2024-05-13 18:10:00,2024,5,13,18,10,94,94071,Avenue Charles de Gaulle,48.76693,2.53155,Plein jour,En agglomération,Hors intersection,Normale,Deux véhicules - côté,4,2,2,0,1,1,1,0,1,50,2,4,2,0,0,2,67.0,15.0,voiture,deux_roues,1,2,1,1,3
202400037222,2024-02-18 19:20:00,2024,2,18,19,20,81,81018,LESCURE ( AVENUE DE ),43.9546,2.20367,Nuit avec éclairage allumé,En agglomération,Intersection en X,Normale,Deux véhicules - arrière,3,2,2,0,1,1,1,0,1,50,2,2,1,0,0,1,35.0,61.0,voiture,voiture,5,2,2,1,2
202400037222,2024-02-18 19:20:00,2024,2,18,19,20,81,81018,LESCURE ( AVENUE DE ),43.9546,2.20367,Nuit avec éclairage allumé,En agglomération,Intersection en X,Normale,Deux véhicules - arrière,3,2, -1,-1,1,1,1,0,1,50,2,2,1,0,0,1,35.0,61.0,voiture,voiture,5,2,2,1,2