accident_id,datetime,annee,mois,jour,heure,minute,departement,commune_insee,adresse,latitude,longitude,luminosite,agglomeration,intersection,meteo,collision,catr,circ,nbv,vosp,prof,plan,surf,infra,situ,vma,nb_vehicules,nb_usagers,nb_indemnes,nb_tues,nb_blesses_hosp,nb_blesses_legers,age_cond_1,age_cond_2,veh_type_cond_1,veh_type_cond_2,lum_code,agg_code,int_code,atm_code,col_code
202400037503,2024-01-13 20:20:00,2024,1,13,20,20,13,13063,THEODORE AUBANEL BOULEVARD,43.58793,4.99928,Nuit avec éclairage allumé,En agglomération,Intersection en X,Normale,Deux véhicules - côté,4,2,1,0,1,1,1,0,1,50,2,3,2,0,1,0,44.0,17.0,voiture,deux_roues,5,2,2,1,3
202400037504,2024-04-06 12:30:00,2024,4,6,12,30,92,92012,ANATOLE FRANCE (BOULEVARD) 1/4BIS,48.85105367,2.23451445,Plein jour,En agglomération,Intersection en X,Normale,Deux véhicules - côté,4,2,2,0,1,1,1,0,1,50,2,2,1,0,0,1,53.0,52.0,voiture,deux_roues,1,2,2,1,3
202400037504,2024-04-06 12:30:00,2024,4,6,12,30,92,92012,ANATOLE FRANCE (BOULEVARD) 1/4BIS,48.85105367,2.23451445,Plein jour,En agglomération,Intersection en X,Normale,Deux véhicules - côté,4,2,2,0,1,1,1,0,1,30,2,2,1,0,0,1,53.0,52.0,voiture,deux_roues,1,2,2,1,3
202400037505,2024-05-13 19:00:00,2024,5,13,19,0,971,97107,FRONT DE MER ( BOULEVARD),16.05335,-61.56092,Nuit avec éclairage allumé,En agglomération,Intersection en X,Normale,Deux véhicules - arrière,3,2,2,0,1,1,1,0,1,50,2,2,0,0,0,2,30.0,29.0,deux_roues,deux_roues,5,2,2,1,2
202400037505,2024-05-13 19:00:00,2024,5,13,19,0,971,97107,FRONT DE MER ( BOULEVARD),16.05335,-61.56092,Nuit avec éclairage allumé,En agglomération,Intersection en X,Normale,Deux véhicules - arrière,3,2,2,0,1,1,1,0,1,50,2,2,0,0,0,2,30.0,29.0,deux_roues,deux_roues,5,2,2,1,2
202400037506,2024-01-14 18:30:00,2024,1,14,18,30,75,75113,PORTE D IVRY,48.820273,2.37556,Nuit avec éclairage allumé,En agglomération,Hors intersection,Normale,Deux véhicules - arrière,4,1,4,0,1,1,1,0,1,70,2,2,1,0,0,1,27.0,39.0,voiture,deux_roues,5,2,1,1,2
202400037507,2024-02-27 07:40:00,2024,2,27,7,40,64,64348,JEAN MERMOZ,43.32084,-0.37898,Crépuscule ou aube,En agglomération,Intersection en X,Pluie forte,Deux véhicules - côté,4,2,2,0,1,1,2,0,1,50,2,2,1,0,0,1,17.0,18.0,deux_roues,voiture,2,2,2,3,3
202400037507,2024-02-27 07:40:00,2024,2,27,7,40,64,64348,JEAN MERMOZ,43.32084,-0.37898,Crépuscule ou aube,En agglomération,Intersection en X,Pluie forte,Deux véhicules - côté,4,2,2,2,1,1,2,0,1,50,2,2,1,0,0,1,17.0,18.0,deux_roues,voiture,2,2,2,3,3
202400037508,2024-04-07 13:20:00,2024,4,7,13,20,76,76258,919 Rue Bernard Thélu,49.650948,0.591876,Plein jour,En agglomération,Hors intersection,Temps éblouissant,Autre collision,3,2,2,0,1,1,1,0,1,50,1,2,1,0,1,0,33.0,,voiture,,1,2,1,7,6
202400037509,2024-05-13 20:15:00,2024,5,13,20,15,91,91514,RTE NATIONALE 6,48.66991,2.50668,Plein jour,Hors agglomération,Hors intersection,Normale,Deux véhicules - côté,2,3,4,0,1,1,1,0,1,90,2,2,1,0,0,1,51.0,27.0,utilitaire_camion,voiture,1,1,1,1,3
202400037510,2024-01-14 14:30:00,2024,1,14,14,30,75,75112,ECHANGEUR BERCY,48.827466,2.392312,Plein jour,En agglomération,Hors intersection,Normale,Autre collision,4,1,4,0,1,1,1,0,1,70,1,1,0,0,0,1,29.0,,deux_roues,,1,2,1,1,6
202400037511,2024-02-24 21:30:00,2024,2,24,21,30,64,64129,,43.3049251,-0.40185112,Nuit avec éclairage allumé,En agglomération,Giratoire,Pluie légère,Sans collision,4,-1,1,0,1,3,2,0,1,50,1,1,0,0,0,1,24.0,,deux_roues,,5,2,6,2,7
202400037512,2024-05-13 16:30:00,2024,5,13,16,30,91,91201,RUE WALDECK ROUSSEAU,48.68754,2.43338,Plein jour,En agglomération,Hors intersection,Normale,Autre collision,3,2,3,0,1,1,1,0,1,50,1,2,1,0,0,1,73.0,,voiture,,1,2,1,1,6
202400037513,2024-04-07 16:30:00,2024,4,7,16,30,62,62395,D134E1,50.331234,2.004047,Plein jour,En agglomération,Intersection en T,Normale,Sans collision,3,2,2,0,2,1,1,0,1,50,2,2,1,1,0,0,26.0,19.0,deux_roues,voiture,1,2,3,1,7
202400037513,2024-04-07 16:30:00,2024,4,7,16,30,62,62395,D134E1,50.331234,2.004047,Plein jour,En agglomération,Intersection en T,Normale,Sans collision,3,2,2,0,1,1,1,0,8,50,2,2,1,1,0,0,26.0,19.0,deux_roues,voiture,1,2,3,1,7
202400037514,2024-01-14 09:45:00,2024,1,14,9,45,75,75115,PORTE DE SEVRES,48.834768,2.274802,Plein jour,En agglomération,Hors intersection,Normale,Deux véhicules - arrière,4,1,4,0,1,1,1,0,1,70,2,2,1,0,0,1,29.0,,voiture,voiture,1,2,1,1,2
202400037515,2024-02-19 13:35:00,2024,2,19,13,35,64,64445,PAIX,43.32043,-0.35239,Plein jour,En agglomération,Giratoire,Pluie légère,Deux véhicules - côté,4,2,6,0,1,1,2,0,1,50,2,2,0,0,0,2,41.0,25.0,utilitaire_camion,voiture,1,2,6,2,3
202400037515,2024-02-19 13:35:00,2024,2,19,13,35,64,64445,PAIX,43.32043,-0.35239,Plein jour,En agglomération,Giratoire,Pluie légère,Deux véhicules - côté,4,2,2,0,1,1,2,0,1,50,2,2,0,0,0,2,41.0,25.0,utilitaire_camion,voiture,1,2,6,2,3
202400037516,2024-05-13 15:45:00,2024,5,13,15,45,91,91691,GARE(RUE),48.7076,2.48283,Plein jour,En agglomération,Hors intersection,Normale,Deux véhicules - côté,4,1,1,3,2,2,1,0,1,50,2,2,1,0,0,1,44.0,16.0,transport_commun,deux_roues,1,2,1,1,3
202400037517,2024-01-14 08:30:00,2024,1,14,8,30,75,75119,PORTE DE LA VILLETTE,48.900101,2.391479,Plein jour,En agglomération,Hors intersection,Normale,Autre collision,4,1,2,0,1,1,1,0,1,70,1,4,0,0,0,4,25.0,,voiture,,1,2,1,1,6
202400037518,2024-04-07 16:45:00,2024,4,7,16,45,06,06149,Boulevard Anatole France,43.743573,7.312168,Plein jour,En agglomération,Autre intersection,Normale,Deux véhicules - côté,7,1,2,0,4,1,1,0,1,50,2,3,1,0,2,0,37.0,46.0,voiture,deux_roues,1,2,9,1,3
202400037519,2024-02-24 16:15:00,2024,2,24,16,15,64,64122,IMPERATRICE (AVENUE DE L'),43.48563,-1.5556,Plein jour,En agglomération,Hors intersection,Pluie légère,Autre collision,4,-1,1,3,1,1,2,9,8,15,1,1,0,0,1,0,85.0,,voiture,,1,2,1,2,6
202400037520,2024-01-14 07:03:00,2024,1,14,7,3,75,75120,PORTE DE BAGNOLET,48.870536,2.413224,Nuit sans éclairage public,En agglomération,Hors intersection,Normale,Autre collision,4,1,4,0,1,1,1,0,1,70,1,1,0,0,0,1,37.0,,voiture,,3,2,1,1,6
202400037521,2024-04-07 07:20:00,2024,4,7,7,20,21,21261,A39,47.270867,5.158767,Crépuscule ou aube,Hors agglomération,Hors intersection,Normale,Autre collision,1,3,3,0,1,1,1,0,1,130,1,1,0,0,1,0,36.0,,voiture,,2,1,1,1,6
202400037522,2024-05-13 09:00:00,2024,5,13,9,0,91,91657,AV DE LA CONCORDE,48.70551,2.42015,Plein jour,En agglomération,Hors intersection,Normale,Deux véhicules - côté,4,2,2,0,1,1,1,0,1,50,2,3,2,0,0,1,44.0,43.0,voiture,voiture,1,2,1,1,3
202400037523,2024-02-24 23:45:00,2024,2,24,23,45,64,64102,SAINT LEON (ROND POINT),43.48838246,-1.48175955,Nuit avec éclairage allumé,En agglomération,Giratoire,Pluie légère,Deux véhicules - côté,3,1,3,0,1,2,2,5,1,30,2,2,1,0,0,1,24.0,23.0,voiture,deux_roues,5,2,6,2,3
202400037524,2024-05-13 18:30:00,2024,5,13,18,30,91,91589,PL DE LA GARE,48.6762,2.35161,Plein jour,En agglomération,Hors intersection,Normale,Autre collision,4,-1,2,0,2,3,1,0,1,30,1,2,1,0,0,1,,,voiture,,1,2,1,1,6
202400037525,2024-02-20 15:00:00,2024,2,20,15,0,64,64102,SOULT (AVENUE MARECHAL),43.48674,-1.48708,Plein jour,En agglomération,Hors intersection,Normale,Deux véhicules - arrière,3,2,4,0,1,1,1,0,1,50,2,3,2,0,0,1,19.0,31.0,deux_roues,utilitaire_camion,1,2,1,1,2
202400037526,2024-04-07 05:15:00,2024,4,7,5,15,81,81284,D612 PK 038.400,43.91786787,2.11703789,Nuit avec éclairage allumé,Hors agglomération,Hors intersection,Normale,Deux véhicules - frontale,2,3,4,0,2,3,1,0,1,110,2,5,0,2,3,0,20.0,25.0,voiture,voiture,5,1,1,1,1
202400037527,2024-01-14 01:17:00,2024,1,14,1,17,75,75105,BOULEVARD SAINT GERMAIN,48.851086,2.344466,Nuit avec éclairage allumé,En agglomération,Intersection en T,Normale,Deux véhicules - côté,4,1,2,3,1,1,1,0,1,30,2,5,3,0,0,2,35.0,25.0,deux_roues,voiture,5,2,3,1,3
202400037527,2024-01-14 01:17:00,2024,1,14,1,17,75,75105,BOULEVARD SAINT GERMAIN,48.851086,2.344466,Nuit avec éclairage allumé,En agglomération,Intersection en T,Normale,Deux véhicules - côté,4,1, -1,0,1,1,1,0,1,30,2,5,3,0,0,2,35.0,25.0,deux_roues,voiture,5,2,3,1,3
202400037528,2024-05-13 09:14:00,2024,5,13,9,14,87,87085,RUBEN (AVENUE ERNEST),45.82135,1.25168,Plein jour,En agglomération,Intersection en T,Normale,Deux véhicules - côté,4,2,2,0,1,1,1,0,1,30,2,2,1,0,0,1,63.0,42.0,voiture,voiture,1,2,3,1,3
202400037528,2024-05-13 09:14:00,2024,5,13,9,14,87,87085,RUBEN (AVENUE ERNEST),45.82135,1.25168,Plein jour,En agglomération,Intersection en T,Normale,Deux véhicules - côté,4,2,2,0,2,1,1,0,1,30,2,2,1,0,0,1,63.0,42.0,voiture,voiture,1,2,3,1,3
202400037529,2024-02-20 13:55:00,2024,2,20,13,55,64,64102,RESPLANDY (AVENUE DU CAPITAINE),43.48721,-1.46263,Plein jour,En agglomération,Hors intersection,Normale,Deux véhicules - arrière,3,2,4,0,1,1,1,0,1,50,2,2,1,0,0,1,16.0,37.0,deux_roues,voiture,1,2,1,1,2
202400037530,2024-04-05 09:15:00,2024,4,5,9,15,83,83049,"Autoroute 57, PK 20.000",43.239435,6.084436,Plein jour,Hors agglomération,Hors intersection,Normale,Deux véhicules - côté,1,3,2,0,1,1,1,0,1,110,2,2,1,0,0,1,68.0,,deux_roues,voiture,1,1,1,1,3
202400037531,2024-05-12 19:16:00,2024,5,12,19,16,87,87075,RD79,45.821354,1.198219,Plein jour,En agglomération,Intersection en T,Pluie légère,Deux véhicules - frontale,3,2,2,0,1,1,2,0,1,30,2,2,0,0,0,2,54.0,43.0,voiture,voiture,1,2,3,2,1
202400037531,2024-05-12 19:16:00,2024,5,12,19,16,87,87075,RD79,45.821354,1.198219,Plein jour,En agglomération,Intersection en T,Pluie légère,Deux véhicules - frontale,3,2,2,0,1,2,2,0,1,70,2,2,0,0,0,2,54.0,43.0,voiture,voiture,1,2,3,2,1
202400037532,2024-01-13 10:10:00,2024,1,13,10,10,75,75108,ROND POINT CHAMPS ELYSEES,48.868856,2.31014,Plein jour,En agglomération,Intersection en X,Normale,Deux véhicules - côté,4,2,2,0,1,1,1,5,1,50,2,5,0,0,0,5,43.0,22.0,voiture,utilitaire_camion,1,2,2,1,3
202400037532,2024-01-13 10:10:00,2024,1,13,10,10,75,75108,ROND POINT CHAMPS ELYSEES,48.868856,2.31014,Plein jour,En agglomération,Intersection en X,Normale,Deux véhicules - côté,4,2,2,0,1,1,1,0,1,50,2,5,0,0,0,5,43.0,22.0,voiture,utilitaire_camion,1,2,2,1,3
202400037533,2024-02-26 09:15:00,2024,2,26,9,15,63,63224,CLERMONT (ROUTE DE),45.87523,3.11884,Plein jour,En agglomération,Autre intersection,Normale,Deux véhicules - côté,6,-1,1,0,1,1,1,0,1,30,2,2,1,0,0,1,60.0,37.0,deux_roues,voiture,1,2,9,1,3
202400037534,2024-04-05 16:15:00,2024,4,5,16,15,83,83054,Autoroute A57,43.169282,6.050908,Plein jour,Hors agglomération,Hors intersection,Normale,Deux véhicules - arrière,1,3,2,0,1,1,1,0,1,110,2,2,1,0,1,0,23.0,39.0,voiture,deux_roues,1,1,1,1,2
202400037535,2024-02-21 15:18:00,2024,2,21,15,18,63,63103,RD 227,45.92093792,3.05069426,Plein jour,Hors agglomération,Hors intersection,Normale,Sans collision,3,2,2,0,2,2,1,0,3,90,1,1,0,0,0,1,19.0,,deux_roues,,1,1,1,1,7
202400037536,2024-05-12 19:36:00,2024,5,12,19,36,87,87085,BUGEAUD (COURS),45.85441,1.2488328,Plein jour,En agglomération,Intersection en T,Normale,Deux véhicules - côté,4,2,2,0,2,1,1,0,1,30,2,2,1,0,0,1,49.0,26.0,voiture,voiture,1,2,3,1,3
202400037536,2024-05-12 19:36:00,2024,5,12,19,36,87,87085,BUGEAUD (COURS),45.85441,1.2488328,Plein jour,En agglomération,Intersection en T,Normale,Deux véhicules - côté,4,2,2,0,1,1,1,0,1,30,2,2,1,0,0,1,49.0,26.0,voiture,voiture,1,2,3,1,3
202400037537,2024-04-06 17:15:00,2024,4,6,17,15,51,51320,pl saint vincent,49.07002,3.7579,Plein jour,En agglomération,Hors intersection,Temps éblouissant,Autre collision,3,2,2,0,2,2,1,0,4,50,1,1,0,0,1,0,18.0,,deux_roues,,1,2,1,7,6
202400037538,2024-01-14 15:15:00,2024,1,14,15,15,75,75117,AVENUE DES TERNES,48.878982,2.292776,Plein jour,En agglomération,Intersection en T,Normale,Deux véhicules - arrière,4,2,4,0,1,1,1,0,1,30,2,3,2,0,0,1,19.0,23.0,deux_roues,deux_roues,1,2,3,1,2
202400037538,2024-01-14 15:15:00,2024,1,14,15,15,75,75117,AVENUE DES TERNES,48.878982,2.292776,Plein jour,En agglomération,Intersection en T,Normale,Deux véhicules - arrière,4,1, -1,0,1,1,1,0,1,30,2,3,2,0,0,1,19.0,23.0,deux_roues,deux_roues,1,2,3,1,2
202400037539,2024-02-19 18:06:00,2024,2,19,18,6,63,63300,RD 2009,45.90571,3.12603,Plein jour,Hors agglomération,Hors intersection,Normale,Autre collision,3,3,4,0,1,1,1,0,2,110,1,1,0,0,0,1,21.0,,utilitaire_camion,,1,1,1,1,6
202400037540,2024-04-07 13:00:00,2024,4,7,13,0,83,83148,56 rue célestin gayol,43.428221,6.432767,Plein jour,En agglomération,Hors intersection,Normale,Autre collision,4,1,1,0,1,1,1,9,1,50,1,1,0,1,0,0,27.0,,deux_roues,,1,2,1,1,6
202400037541,2024-01-12 19:30:00,2024,1,12,19,30,75,75115,RUE DE VAUGIRARD,48.837222,2.296421,Nuit avec éclairage allumé,En agglomération,Intersection en X,Normale,Deux véhicules - côté,4,2,2,0,1,1,1,0,1,30,2,2,1,0,0,1,54.0,61.0,deux_roues,voiture,5,2,2,1,3
202400037541,2024-01-12 19:30:00,2024,1,12,19,30,75,75115,RUE DE VAUGIRARD,48.837222,2.296421,Nuit avec éclairage allumé,En agglomération,Intersection en X,Normale,Deux véhicules - côté,4,1,1,0,1,1,1,0,1,30,2,2,1,0,0,1,54.0,61.0,deux_roues,voiture,5,2,2,1,3
202400037542,2024-05-11 13:14:00,2024,5,11,13,14,87,87065,EYMOUTIERS (RUE D'),45.81769575,1.29437211,Plein jour,Hors agglomération,Giratoire,Normale,Deux véhicules - côté,1,1,1,0,1,3,1,3,1,50,2,3,1,0,0,2,23.0,20.0,voiture,voiture,1,1,6,1,3
202400037542,2024-05-11 13:14:00,2024,5,11,13,14,87,87065,EYMOUTIERS (RUE D'),45.81769575,1.29437211,Plein jour,Hors agglomération,Giratoire,Normale,Deux véhicules - côté,1,1,2,0,1,1,1,3,1,50,2,3,1,0,0,2,23.0,20.0,voiture,voiture,1,1,6,1,3
202400037543,2024-07-20 07:40:00,2024,7,20,7,40,75,75120,AVENUE DE LA PORTE DE VINCENNES,48.84676632,2.41523427,Plein jour,En agglomération,Place,Normale,Deux véhicules - arrière,4,2,6,2,1,1,1,0,1,30,2,2,1,0,0,1,36.0,38.0,deux_roues,voiture,1,2,7,1,2
202400037543,2024-07-20 07:40:00,2024,7,20,7,40,75,75120,AVENUE DE LA PORTE DE VINCENNES,48.84676632,2.41523427,Plein jour,En agglomération,Place,Normale,Deux véhicules - arrière,4,1, -1,-1,1,1,1,0,1,30,2,2,1,0,0,1,36.0,38.0,deux_roues,voiture,1,2,7,1,2
202400037544,2024-04-06 19:20:00,2024,4,6,19,20,63,63264,Les mûres orcival,45.70298539,2.85072037,Plein jour,Hors agglomération,Hors intersection,Normale,Sans collision,3,2,2,0,2,4,1,0,3,90,1,1,0,0,1,0,44.0,,deux_roues,,1,1,1,1,7
202400037545,2024-01-14 19:00:00,2024,1,14,19,0,75,75113,RUE NATIONALE,48.829172,2.365147,Nuit avec éclairage allumé,En agglomération,Place,Normale,Autre collision,4,1, -1,0,1,1,1,0,1,30,2,2,1,0,0,1,70.0,26.0,deux_roues,voiture,5,2,7,1,6
202400037545,2024-01-14 19:00:00,2024,1,14,19,0,75,75113,RUE NATIONALE,48.829172,2.365147,Nuit avec éclairage allumé,En agglomération,Place,Normale,Autre collision,4,2,2,2,1,1,1,0,1,30,2,2,1,0,0,1,70.0,26.0,deux_roues,voiture,5,2,7,1,6
202400037546,2024-02-26 06:00:00,2024,2,26,6,0,63,63113,POCHET LAGAYE / Lafayette,45.7667,3.1071,Nuit avec éclairage allumé,En agglomération,Intersection en X,Normale,Deux véhicules - côté,7,3,6,-1,1,1,1,5,1,-1,2,2,0,0,0,2,36.0,25.0,voiture,voiture,5,2,2,1,3
202400037546,2024-02-26 06:00:00,2024,2,26,6,0,63,63113,POCHET LAGAYE / Lafayette,45.7667,3.1071,Nuit avec éclairage allumé,En agglomération,Intersection en X,Normale,Deux véhicules - côté,7,2,4,0,1,1,1,0,1,50,2,2,0,0,0,2,36.0,25.0,voiture,voiture,5,2,2,1,3
202400037546,2024-02-26 06:00:00,2024,2,26,6,0,63,63113,POCHET LAGAYE / Lafayette,45.7667,3.1071,Nuit avec éclairage allumé,En agglomération,Intersection en X,Normale,Deux véhicules - côté,7,3,4,0,1,1,1,0,1,50,2,2,0,0,0,2,36.0,25.0,voiture,voiture,5,2,2,1,3
202400037547,2024-05-08 10:47:00,2024,5,8,10,47,87,87085,TOULOUSE (RUE DE),45.80215,1.293846,Plein jour,En agglomération,Intersection en T,Normale,Deux véhicules - côté,3,2,2,0,1,1,1,0,1,50,2,2,1,0,0,1,78.0,67.0,voiture,deux_roues,1,2,3,1,3
202400037547,2024-05-08 10:47:00,2024,5,8,10,47,87,87085,TOULOUSE (RUE DE),45.80215,1.293846,Plein jour,En agglomération,Intersection en T,Normale,Deux véhicules - côté,3,4,2,0,2,1,1,0,1,50,2,2,1,0,0,1,78.0,67.0,voiture,deux_roues,1,2,3,1,3
202400037548,2024-04-06 15:30:00,2024,4,6,15,30,14,14390,Route des Valettes,49.062886,-0.545368,Plein jour,Hors agglomération,Hors intersection,Normale,Deux véhicules - côté,3,2,2,0,1,3,1,0,1,80,2,2,1,0,1,0,41.0,59.0,deux_roues,utilitaire_camion,1,1,1,1,3
202400037549,2024-07-20 06:55:00,2024,7,20,6,55,75,75117,RUE DES RENAUDES,48.88113333,2.29714572,Plein jour,En agglomération,Intersection en T,Normale,Deux véhicules - côté,4,2, -1,-1,1,1,1,0,1,30,2,2,1,0,0,1,42.0,44.0,utilitaire_camion,deux_roues,1,2,3,1,3
202400037549,2024-07-20 06:55:00,2024,7,20,6,55,75,75117,RUE DES RENAUDES,48.88113333,2.29714572,Plein jour,En agglomération,Intersection en T,Normale,Deux véhicules - côté,4,1,1,0,1,1,1,0,1,30,2,2,1,0,0,1,42.0,44.0,utilitaire_camion,deux_roues,1,2,3,1,3
202400037550,2024-02-24 10:45:00,2024,2,24,10,45,63,63113,FONTAINE (PLACE DE LA),45.791,3.1136,Plein jour,En agglomération,Hors intersection,Normale,Sans collision,4,2,2,0,1,1,1,0,4,30,1,1,0,0,1,0,18.0,,deux_roues,,1,2,1,1,7
202400037551,2024-01-13 22:40:00,2024,1,13,22,40,75,75101,RUE DU LOUVRE,48.863042,2.341913,Nuit avec éclairage allumé,En agglomération,Intersection en T,Normale,Sans collision,4,2,4,2,1,1,1,9,1,30,1,1,0,0,0,1,26.0,,deux_roues,,5,2,3,1,7
202400037551,2024-01-13 22:40:00,2024,1,13,22,40,75,75101,RUE DU LOUVRE,48.863042,2.341913,Nuit avec éclairage allumé,En agglomération,Intersection en T,Normale,Sans collision,4,-1,1,0,1,1,1,0,1,30,1,1,0,0,0,1,26.0,,deux_roues,,5,2,3,1,7
202400037552,2024-05-07 23:20:00,2024,5,7,23,20,87,87085,DUMAS (AVENUE GEORGES),45.82603,1.26801,Nuit avec éclairage allumé,En agglomération,Intersection en X,Normale,Deux véhicules - côté,3,3,5,0,2,1,1,5,1,50,2,2,0,0,0,2,23.0,27.0,voiture,voiture,5,2,2,1,3
202400037552,2024-05-07 23:20:00,2024,5,7,23,20,87,87085,DUMAS (AVENUE GEORGES),45.82603,1.26801,Nuit avec éclairage allumé,En agglomération,Intersection en X,Normale,Deux véhicules - côté,3,3,5,0,1,1,1,5,1,50,2,2,0,0,0,2,23.0,27.0,voiture,voiture,5,2,2,1,3
202400037553,2024-04-06 11:15:00,2024,4,6,11,15,06,06118,2207 Route de Grasse,43.646555,6.824312,Plein jour,Hors agglomération,Hors intersection,Normale,Deux véhicules - arrière,3,2,2,1,1,1,1,0,1,70,2,4,2,0,1,1,16.0,55.0,deux_roues,utilitaire_camion,1,1,1,1,2
202400037554,2024-02-23 18:19:00,2024,2,23,18,19,63,63113,RESSORT (RUE DU),45.78831,3.11436,Plein jour,En agglomération,Intersection en T,Normale,Deux véhicules - côté,4,1,1,-1,1,1,1,0,1,30,2,2,1,0,0,1,58.0,29.0,deux_roues,voiture,1,2,3,1,3
202400037554,2024-02-23 18:19:00,2024,2,23,18,19,63,63113,RESSORT (RUE DU),45.78831,3.11436,Plein jour,En agglomération,Intersection en T,Normale,Deux véhicules - côté,4,2,2,0,1,1,1,0,8,30,2,2,1,0,0,1,58.0,29.0,deux_roues,voiture,1,2,3,1,3
202400037555,2024-07-20 20:00:00,2024,7,20,20,0,75,75111,RUE DE LAPPE,48.854318,2.371459,Plein jour,En agglomération,Intersection en T,Normale,Autre collision,4,1, -1,-1,1,1,1,0,1,30,1,2,1,0,0,1,35.0,,voiture,,1,2,3,1,6
202400037555,2024-07-20 20:00:00,2024,7,20,20,0,75,75111,RUE DE LAPPE,48.854318,2.371459,Plein jour,En agglomération,Intersection en T,Normale,Autre collision,4,1,1,0,1,1,1,6,1,30,1,2,1,0,0,1,35.0,,voiture,,1,2,3,1,6
202400037556,2024-05-10 20:00:00,2024,5,10,20,0,86,86041,Rue de la Vincenderie,46.596911,0.342233,Plein jour,En agglomération,Hors intersection,Normale,Deux véhicules - arrière,3,2,2,0,1,1,1,0,1,50,2,3,2,0,0,1,69.0,31.0,deux_roues,voiture,1,2,1,1,2
202400037557,2024-04-07 03:00:00,2024,4,7,3,0,06,06033,1ère Avenue,43.80237,7.195927,Nuit sans éclairage public,Hors agglomération,Giratoire,Normale,Autre collision,7,1,2,0,1,3,1,0,1,70,1,1,0,1,0,0,47.0,,deux_roues,,3,1,6,1,6
202400037558,2024-05-12 19:50:00,2024,5,12,19,50,80,80021,Place Longueville,49.88822935,2.29542375,Plein jour,En agglomération,Hors intersection,Pluie légère,Deux véhicules - frontale,4,-1,2,1,1,1,2,0,5,50,2,2,1,0,0,1,40.0,41.0,voiture,deux_roues,1,2,1,2,1
202400037559,2024-07-20 00:30:00,2024,7,20,0,30,75,75111,BOULEVARD DU TEMPLE,48.86469,2.365841,Nuit avec éclairage allumé,En agglomération,Intersection en T,Normale,Autre collision,4,2,4,3,1,1,1,0,1,30,1,1,0,0,0,1,29.0,,voiture,,5,2,3,1,6
202400037559,2024-07-20 00:30:00,2024,7,20,0,30,75,75111,BOULEVARD DU TEMPLE,48.86469,2.365841,Nuit avec éclairage allumé,En agglomération,Intersection en T,Normale,Autre collision,4,1, -1,-1,1,1,1,0,1,30,1,1,0,0,0,1,29.0,,voiture,,5,2,3,1,6
202400037560,2024-02-22 18:30:00,2024,2,22,18,30,63,63113,Rue des Meuniers / rue des Chambrettes,45.76737,3.1047,Nuit avec éclairage allumé,En agglomération,Intersection en X,Pluie forte,Autre collision,4,2,2,-1,1,1,2,5,1,30,1,2,1,0,0,1,,,deux_roues,,5,2,2,3,6
202400037560,2024-02-22 18:30:00,2024,2,22,18,30,63,63113,Rue des Meuniers / rue des Chambrettes,45.76737,3.1047,Nuit avec éclairage allumé,En agglomération,Intersection en X,Pluie forte,Autre collision,4,4,2,0,1,1,2,0,1,30,1,2,1,0,0,1,,,deux_roues,,5,2,2,3,6
202400037561,2024-04-05 21:17:00,2024,4,5,21,17,971,97133,D6,15.959931,-61.708617,Nuit avec éclairage non allumé,Hors agglomération,Hors intersection,Normale,Deux véhicules - frontale,3,2,2,0,1,1,1,0,1,70,2,3,1,0,2,0,23.0,29.0,voiture,deux_roues,4,1,1,1,1
202400037562,2024-05-06 20:35:00,2024,5,6,20,35,78,78335,RD983,48.985343,1.72884,Plein jour,Hors agglomération,Hors intersection,Normale,Deux véhicules - frontale,3,2,2,0,1,1,1,0,1,80,2,2,0,1,0,1,66.0,57.0,utilitaire_camion,transport_commun,1,1,1,1,1
202400037563,2024-02-22 14:35:00,2024,2,22,14,35,63,63113,CLEMENTEL (BD ETIENNE),45.810995,3.10943395,Plein jour,En agglomération,Hors intersection,Normale,Autre collision,7,3,4,0,1,1,1,0,1,50,1,2,1,1,0,0,95.0,,voiture,,1,2,1,1,6
202400037564,2024-07-20 16:15:00,2024,7,20,16,15,94,94081,Rue Gabriel Péri,48.79584,2.39999,Plein jour,En agglomération,Hors intersection,Normale,Deux véhicules - arrière,4,-1,0,0,1,1,1,0,1,50,2,2,1,0,0,1,61.0,24.0,deux_roues,voiture,1,2,1,1,2
202400037565,2024-04-06 18:45:00,2024,4,6,18,45,83,83100,Route de Pierrefeu,43.270636,6.149468,Plein jour,Hors agglomération,Hors intersection,Normale,Sans collision,3,2,2,0,1,1,1,0,1,-1,1,1,0,0,1,0,58.0,,deux_roues,,1,1,1,1,7
202400037566,2024-07-20 05:15:00,2024,7,20,5,15,94,94041,Rue Jules Vanzuppe,48.82024,2.39464,Crépuscule ou aube,En agglomération,Hors intersection,Normale,Autre collision,4,2,2,0,1,1,1,0,1,30,1,2,1,0,1,0,25.0,,voiture,,2,2,1,1,6
202400037567,2024-05-13 18:10:00,2024,5,13,18,10,78,78621,ALLENDE (AVENUE SALVADOR) SUD BEETHOVEN ,48.7829,1.97543,Plein jour,En agglomération,Intersection en X,Normale,Deux véhicules - côté,4,2,2,0,1,1,1,5,1,50,2,2,1,0,0,1,61.0,31.0,voiture,voiture,1,2,2,1,3
202400037567,2024-05-13 18:10:00,2024,5,13,18,10,78,78621,ALLENDE (AVENUE SALVADOR) SUD BEETHOVEN ,48.7829,1.97543,Plein jour,En agglomération,Intersection en X,Normale,Deux véhicules - côté,4,2,2,0,1,1,1,5,1,50,2,2,1,0,0,1,61.0,31.0,voiture,voiture,1,2,2,1,3