accident_id,datetime,annee,mois,jour,heure,minute,departement,commune_insee,adresse,latitude,longitude,luminosite,agglomeration,intersection,meteo,collision,catr,circ,nbv,vosp,prof,plan,surf,infra,situ,vma,nb_vehicules,nb_usagers,nb_indemnes,nb_tues,nb_blesses_hosp,nb_blesses_legers,age_cond_1,age_cond_2,veh_type_cond_1,veh_type_cond_2,lum_code,agg_code,int_code,atm_code,col_code
202400037568,2024-02-20 16:04:00,2024,2,20,16,4,63,63113,JOUHAUX (BD LEON),45.80011,3.11228,Plein jour,En agglomération,Intersection à plus de 4 branches,Normale,Deux véhicules - côté,7,3,7,0,1,1,1,5,1,50,2,4,2,0,0,2,72.0,47.0,voiture,voiture,1,2,5,1,3
202400037568,2024-02-20 16:04:00,2024,2,20,16,4,63,63113,JOUHAUX (BD LEON),45.80011,3.11228,Plein jour,En agglomération,Intersection à plus de 4 branches,Normale,Deux véhicules - côté,7,3,6,0,1,1,1,5,1,50,2,4,2,0,0,2,72.0,47.0,voiture,voiture,1,2,5,1,3
202400037569,2024-05-11 18:40:00,2024,5,11,18,40,76,76447,MARECHAL FOCH,49.5422145,0.18872339,Plein jour,En agglomération,Hors intersection,Normale,Autre collision,3,2,2,0,1,1,1,0,1,50,1,1,0,0,0,1,19.0,,deux_roues,,1,2,1,1,6
202400037570,2024-07-19 20:20:00,2024,7,19,20,20,93,93073,CHAPIT RE ( RUE DU),49.00549817,2.53343582,Plein jour,Hors agglomération,Hors intersection,Normale,Deux véhicules - arrière,4,1,5,0,1,1,1,0,1,90,2,2,1,0,1,0,29.0,63.0,deux_roues,voiture,1,1,1,1,2
202400037571,2024-05-11 11:35:00,2024,5,11,11,35,76,76552,JEAN DEVILDER,49.50429,0.08227,Plein jour,En agglomération,Hors intersection,Normale,Autre collision,3,2,2,0,2,1,1,0,1,50,1,1,0,0,0,1,92.0,,voiture,,1,2,1,1,6
202400037572,2024-02-19 14:13:00,2024,2,19,14,13,63,63113,LAVOISIERS (BD)/rue Paul Gautier,45.78346,3.07522,Plein jour,En agglomération,Intersection en X,Normale,Deux véhicules - côté,7,1,3,0,1,1,1,0,1,50,2,2,1,0,0,1,35.0,56.0,deux_roues,voiture,1,2,2,1,3
202400037572,2024-02-19 14:13:00,2024,2,19,14,13,63,63113,LAVOISIERS (BD)/rue Paul Gautier,45.78346,3.07522,Plein jour,En agglomération,Intersection en X,Normale,Deux véhicules - côté,7,1,2,-1,1,1,1,0,1,30,2,2,1,0,0,1,35.0,56.0,deux_roues,voiture,1,2,2,1,3
202400037573,2024-04-06 16:45:00,2024,4,6,16,45,38,38342,D34,44.881533,5.648585,Plein jour,Hors agglomération,Hors intersection,Normale,Deux véhicules - frontale,3,2,2,0,1,3,1,0,1,80,2,2,1,0,1,0,46.0,34.0,voiture,deux_roues,1,1,1,1,1
202400037574,2024-05-10 22:30:00,2024,5,10,22,30,76,76351,BOULARD,49.51567,0.12436,Nuit avec éclairage allumé,En agglomération,Hors intersection,Normale,Deux véhicules - arrière,4,2,2,0,1,1,1,0,1,50,2,2,1,0,0,1,,46.0,voiture,deux_roues,5,2,1,1,2
202400037575,2024-07-20 10:20:00,2024,7,20,10,20,93,93066,Rue Danielle Casanova / Place de la Porte de Paris,48.92958,2.35686,Plein jour,En agglomération,Place,Normale,Deux véhicules - frontale,4,2,2,0,1,1,1,0,8,-1,2,2,1,0,0,1,67.0,41.0,voiture,deux_roues,1,2,7,1,1
202400037575,2024-07-20 10:20:00,2024,7,20,10,20,93,93066,Rue Danielle Casanova / Place de la Porte de Paris,48.92958,2.35686,Plein jour,En agglomération,Place,Normale,Deux véhicules - frontale,4,2,2,3,1,1,1,9,8,50,2,2,1,0,0,1,67.0,41.0,voiture,deux_roues,1,2,7,1,1
202400037576,2024-02-20 19:10:00,2024,2,20,19,10,62,62510,D58,50.4222,2.7722,Nuit avec éclairage allumé,En agglomération,Giratoire,Normale,Autre collision,3,3,0,0,1,1,1,0,1,50,1,2,1,0,0,1,56.0,,voiture,,5,2,6,1,6
202400037576,2024-02-20 19:10:00,2024,2,20,19,10,62,62510,D58,50.4222,2.7722,Nuit avec éclairage allumé,En agglomération,Giratoire,Normale,Autre collision,3,3,0,0,1,1,1,0,1,50,1,2,1,0,0,1,56.0,,voiture,,5,2,6,1,6
202400037577,2024-04-07 04:40:00,2024,4,7,4,40,2B,2B009,T50,42.11458,9.492917,Nuit sans éclairage public,Hors agglomération,Hors intersection,Normale,Autre collision,2,2,2,0,1,3,1,0,3,70,1,2,0,1,0,1,21.0,,voiture,,3,1,1,1,6
202400037578,2024-05-12 18:16:00,2024,5,12,18,16,71,71306,JEAN JAURES (RUE),46.67173868,4.36273903,Plein jour,En agglomération,Hors intersection,Pluie légère,Autre collision,4,2,2,0,1,1,2,0,1,50,1,1,0,0,0,1,20.0,,voiture,,1,2,1,2,6
202400037579,2024-02-21 13:50:00,2024,2,21,13,50,62,62041,D63,50.29823,2.77117,Plein jour,En agglomération,Autre intersection,Normale,Autre collision,3,2,2,0,1,1,1,9,8,50,1,2,1,0,1,0,40.0,,voiture,,1,2,9,1,6
202400037580,2024-07-20 08:00:00,2024,7,20,8,0,93,93063,Avenue Berlioz / Boulevard Edouard Branly,48.87186,2.43973,Plein jour,En agglomération,Intersection en X,Normale,Deux véhicules - côté,3,2,2,0,1,1,1,0,1,50,2,2,0,0,0,2,45.0,50.0,voiture,utilitaire_camion,1,2,2,1,3
202400037580,2024-07-20 08:00:00,2024,7,20,8,0,93,93063,Avenue Berlioz / Boulevard Edouard Branly,48.87186,2.43973,Plein jour,En agglomération,Intersection en X,Normale,Deux véhicules - côté,3,2,2,0,1,1,1,0,1,50,2,2,0,0,0,2,45.0,50.0,voiture,utilitaire_camion,1,2,2,1,3
202400037581,2024-04-07 00:05:00,2024,4,7,0,5,83,83131,Route Départementale 554,43.20270828,6.02868236,Nuit sans éclairage public,En agglomération,Hors intersection,Normale,Deux véhicules - frontale,3,2,2,0,1,1,1,0,1,50,2,3,1,0,0,2,63.0,64.0,voiture,voiture,3,2,1,1,1
202400037582,2024-05-13 20:00:00,2024,5,13,20,0,69,69275,Rue de la Fraternité,45.77251,4.95677,Plein jour,En agglomération,Intersection en X,Normale,Deux véhicules - frontale,4,2,2,0,1,1,1,0,1,30,2,2,1,0,1,0,50.0,27.0,deux_roues,voiture,1,2,2,1,1
202400037582,2024-05-13 20:00:00,2024,5,13,20,0,69,69275,Rue de la Fraternité,45.77251,4.95677,Plein jour,En agglomération,Intersection en X,Normale,Deux véhicules - frontale,4,2,2,3,1,1,1,0,1,50,2,2,1,0,1,0,50.0,27.0,deux_roues,voiture,1,2,2,1,1
202400037583,2024-02-19 17:56:00,2024,2,19,17,56,61,61001,D438,48.427271,0.093187,Crépuscule ou aube,En agglomération,Autre intersection,Pluie légère,Deux véhicules - côté,3,-1, -1,0,1,1,2,0,5,50,2,2,1,0,1,0,40.0,37.0,voiture,deux_roues,2,2,9,2,3
202400037583,2024-02-19 17:56:00,2024,2,19,17,56,61,61001,D438,48.427271,0.093187,Crépuscule ou aube,En agglomération,Autre intersection,Pluie légère,Deux véhicules - côté,3,2,3,2,1,1,2,5,5,50,2,2,1,0,1,0,40.0,37.0,voiture,deux_roues,2,2,9,2,3
202400037584,2024-07-20 08:40:00,2024,7,20,8,40,93,93029,Cité Marcel Cachin,48.91884,2.46631,Plein jour,En agglomération,Autre intersection,Normale,Autre collision,5,-1,0,0,1,1,1,9,8,10,1,2,0,0,0,2,32.0,,voiture,,1,2,9,1,6
202400037585,2024-02-20 18:50:00,2024,2,20,18,50,60,60057,Avenue Jean Moulin,49.43715,2.09739,Nuit avec éclairage allumé,En agglomération,Hors intersection,Normale,Autre collision,4,2,1,0,1,1,1,6,1,50,1,2,1,0,0,1,30.0,,utilitaire_camion,,5,2,1,1,6
202400037586,2024-04-07 01:04:00,2024,4,7,1,4,44,44009,,47.214088,-1.451697,Nuit sans éclairage public,Hors agglomération,Hors intersection,Normale,Deux véhicules - frontale,2,3,4,0,1,1,2,0,1,110,2,2,1,0,1,0,20.0,53.0,deux_roues,voiture,3,1,1,1,1
202400037587,2024-05-13 07:48:00,2024,5,13,7,48,66,66136,,42.72725,2.90048,Plein jour,En agglomération,Giratoire,Normale,Deux véhicules - arrière,4,2,2,0,1,1,1,0,1,50,2,2,1,0,0,1,,16.0,voiture,deux_roues,1,2,6,1,2
202400037587,2024-05-13 07:48:00,2024,5,13,7,48,66,66136,,42.72725,2.90048,Plein jour,En agglomération,Giratoire,Normale,Deux véhicules - arrière,4,2,2,0,1,3,1,0,1,50,2,2,1,0,0,1,,16.0,voiture,deux_roues,1,2,6,1,2
202400037588,2024-02-27 22:20:00,2024,2,27,22,20,59,59421,RAVENNES (RUE DES),50.71397,3.13395,Nuit avec éclairage allumé,En agglomération,Autre intersection,Normale,Deux véhicules - côté,4,-1,2,0,1,1,1,0,1,50,2,2,1,0,0,1,25.0,23.0,voiture,voiture,5,2,9,1,3
202400037589,2024-04-06 17:30:00,2024,4,6,17,30,51,51210,D?251,49.071406,3.973639,Plein jour,Hors agglomération,Hors intersection,Normale,Sans collision,3,2,2,0,2,2,1,0,3,70,1,1,0,0,1,0,31.0,,deux_roues,,1,1,1,1,7
202400037590,2024-05-11 18:00:00,2024,5,11,18,0,64,64122,MARECHAL JOFFRE (RUE DU),43.47817,-1.56233,Plein jour,En agglomération,Hors intersection,Normale,Autre collision,4,-1,2,0,1,1,1,0,1,30,2,2,1,0,0,1,,38.0,voiture,deux_roues,1,2,1,1,6
202400037591,2024-02-22 00:20:00,2024,2,22,0,20,59,59599,Avenue Lafayette,50.71885,3.16945,Nuit avec éclairage allumé,En agglomération,Hors intersection,Pluie légère,Autre collision,4,3,1,0,1,1,2,0,3,50,1,1,0,0,0,1,65.0,,voiture,,5,2,1,2,6
202400037592,2024-05-11 17:20:00,2024,5,11,17,20,64,64122,MADRID (RUE DE),43.47041061,-1.56883076,Plein jour,En agglomération,Hors intersection,Normale,Sans collision,4,2,0,0,4,1,1,0,1,30,1,1,0,0,0,1,47.0,,deux_roues,,1,2,1,1,7
202400037593,2024-07-20 16:20:00,2024,7,20,16,20,93,93007,Avenue Pablo Néruda / Avenue Descartes,48.95002779,2.46687287,Plein jour,En agglomération,Giratoire,Normale,Trois véhicules et plus - en chaîne,3,2,3,0,1,1,1,0,1,50,3,6,5,0,0,1,63.0,26.0,utilitaire_camion,voiture,1,2,6,1,4
202400037593,2024-07-20 16:20:00,2024,7,20,16,20,93,93007,Avenue Pablo Néruda / Avenue Descartes,48.95002779,2.46687287,Plein jour,En agglomération,Giratoire,Normale,Trois véhicules et plus - en chaîne,3,3,4,0,1,3,1,0,1,50,3,6,5,0,0,1,63.0,26.0,utilitaire_camion,voiture,1,2,6,1,4
202400037594,2024-02-21 14:00:00,2024,2,21,14,0,59,59599,Chaussée Fernand Forest,50.736405,3.150848,Plein jour,Hors agglomération,Hors intersection,Pluie légère,Deux véhicules - arrière,4,1,1,0,1,3,2,0,1,50,2,2,1,0,0,1,39.0,38.0,voiture,voiture,1,1,1,2,2
202400037595,2024-04-06 11:10:00,2024,4,6,11,10,19,19246,RD148,45.20005442,1.46606505,Plein jour,Hors agglomération,Hors intersection,Normale,Deux véhicules - côté,3,2,2,0,1,1,1,0,3,90,2,2,1,0,1,0,,54.0,voiture,deux_roues,1,1,1,1,3
202400037596,2024-05-13 12:45:00,2024,5,13,12,45,64,64024,BAYONNE (AVENUE DE),43.48113,-1.51157,Plein jour,En agglomération,Hors intersection,Normale,Sans collision,3,2,4,3,1,1,1,0,1,50,1,2,1,0,0,1,51.0,,deux_roues,,1,2,1,1,7
202400037597,2024-07-19 22:20:00,2024,7,19,22,20,92,92022,PAVE DE MEUDON (RUE DU),48.80446096,2.1951668,Nuit sans éclairage public,Hors agglomération,Hors intersection,Normale,Sans collision,4,3,2,1,1,1,1,9,1,50,1,1,0,0,0,1,38.0,,deux_roues,,3,1,1,1,7
202400037598,2024-02-28 01:00:00,2024,2,28,1,0,59,59650,Rue Carnot,50.69914726,3.21006818,Nuit avec éclairage allumé,En agglomération,Hors intersection,Normale,Autre collision,7,2,2,0,1,1,1,0,1,50,1,2,0,0,0,2,29.0,,voiture,,5,2,1,1,6
202400037599,2024-05-13 12:15:00,2024,5,13,12,15,64,64024,CINQ CANTONS (RUE DES),43.49263,-1.5273,Plein jour,En agglomération,Intersection en T,Normale,Deux véhicules - côté,4,2,2,0,1,1,1,0,1,30,2,2,1,0,0,1,24.0,70.0,deux_roues,voiture,1,2,3,1,3
202400037599,2024-05-13 12:15:00,2024,5,13,12,15,64,64024,CINQ CANTONS (RUE DES),43.49263,-1.5273,Plein jour,En agglomération,Intersection en T,Normale,Deux véhicules - côté,4,2,2,0,1,2,1,0,1,30,2,2,1,0,0,1,24.0,70.0,deux_roues,voiture,1,2,3,1,3
202400037600,2024-04-07 11:40:00,2024,4,7,11,40,56,56074,keriquel,47.893512,-2.951981,Plein jour,Hors agglomération,Hors intersection,Normale,Autre collision,3,2,2,0,1,3,1,0,3,80,1,1,0,0,1,0,22.0,,voiture,,1,1,1,1,6
202400037601,2024-02-27 17:30:00,2024,2,27,17,30,59,59367,PROGRES (RUE DU),50.67007,3.21172,Plein jour,En agglomération,Hors intersection,Normale,Autre collision,4,2,2,0,1,1,1,0,1,30,1,2,1,0,1,0,20.0,,voiture,,1,2,1,1,6
202400037602,2024-07-20 18:40:00,2024,7,20,18,40,92,92063,BERGERIE (RUE DE LA),48.86395192,2.16242999,Plein jour,En agglomération,Intersection en T,Normale,Autre collision,4,2,2,0,1,1,1,0,1,30,1,1,0,0,1,0,29.0,,deux_roues,,1,2,3,1,6
202400037602,2024-07-20 18:40:00,2024,7,20,18,40,92,92063,BERGERIE (RUE DE LA),48.86395192,2.16242999,Plein jour,En agglomération,Intersection en T,Normale,Autre collision,4,1,2,0,1,1,1,0,1,50,1,1,0,0,1,0,29.0,,deux_roues,,1,2,3,1,6
202400037603,2024-05-13 11:04:00,2024,5,13,11,4,63,63113,CUGNOT (RUE NICOLAS-JOSEPH),45.78164618,3.12296838,Plein jour,En agglomération,Hors intersection,Normale,Deux véhicules - côté,4,2,2,0,1,1,1,0,1,30,2,2,1,0,0,1,30.0,62.0,deux_roues,voiture,1,2,1,1,3
202400037604,2024-02-23 16:35:00,2024,2,23,16,35,59,59512,Rue Saint Antoine,50.69638,3.1763,Plein jour,En agglomération,Autre intersection,Pluie forte,Autre collision,4,2,2,0,1,1,2,0,1,30,1,2,1,0,0,1,44.0,,voiture,,1,2,9,3,6
202400037605,2024-04-07 05:20:00,2024,4,7,5,20,56,56053,Kerchou,47.756291,-2.546253,Nuit sans éclairage public,Hors agglomération,Hors intersection,Normale,Autre collision,2,3,4,0,1,1,1,0,1,110,1,2,0,0,1,1,20.0,,voiture,,3,1,1,1,6
202400037606,2024-07-20 17:06:00,2024,7,20,17,6,92,92051,"GENERAL LECLERC (BOULEVARD DU, N° 1 A 27",48.88930238,2.2593981,Plein jour,En agglomération,Hors intersection,Normale,Deux véhicules - arrière,3,2,4,0,1,1,1,0,1,50,2,2,1,0,0,1,21.0,31.0,deux_roues,voiture,1,2,1,1,2
202400037607,2024-05-13 08:58:00,2024,5,13,8,58,63,63113,FOREST (AVENUE FERNAND),45.79998,3.1116,Plein jour,En agglomération,Intersection à plus de 4 branches,Normale,Deux véhicules - côté,7,3,6,0,1,1,1,9,1,50,2,2,1,0,0,1,22.0,43.0,voiture,deux_roues,1,2,5,1,3
202400037607,2024-05-13 08:58:00,2024,5,13,8,58,63,63113,FOREST (AVENUE FERNAND),45.79998,3.1116,Plein jour,En agglomération,Intersection à plus de 4 branches,Normale,Deux véhicules - côté,7,3,9,-1,1,1,1,5,1,50,2,2,1,0,0,1,22.0,43.0,voiture,deux_roues,1,2,5,1,3
202400037608,2024-02-21 19:19:00,2024,2,21,19,19,59,59646,MICHEL (RUE LOUISE),50.68063,3.13702,Nuit avec éclairage allumé,En agglomération,Giratoire,Pluie légère,Deux véhicules - côté,4,2,2,0,2,3,2,5,1,50,2,2,1,0,0,1,36.0,40.0,deux_roues,voiture,5,2,6,2,3
202400037608,2024-02-21 19:19:00,2024,2,21,19,19,59,59646,MICHEL (RUE LOUISE),50.68063,3.13702,Nuit avec éclairage allumé,En agglomération,Giratoire,Pluie légère,Deux véhicules - côté,4,2,2,0,2,2,2,5,1,50,2,2,1,0,0,1,36.0,40.0,deux_roues,voiture,5,2,6,2,3
202400037609,2024-04-07 10:00:00,2024,4,7,10,0,56,56052,Boulevard de l'Atalante,47.516338,-2.567255,Plein jour,En agglomération,Hors intersection,Normale,Autre collision,4,2,2,0,2,1,1,0,1,50,1,2,1,0,1,0,63.0,,voiture,,1,2,1,1,6
202400037610,2024-07-20 12:35:00,2024,7,20,12,35,92,92050,PICASSO PABLO AVENUE,48.88897803,2.22929902,Plein jour,En agglomération,Hors intersection,Normale,Autre collision,4,2,4,2,2,1,1,9,1,50,1,2,1,0,1,0,23.0,,voiture,,1,2,1,1,6
202400037611,2024-02-25 04:40:00,2024,2,25,4,40,59,59350,Avenue Verhaeren,50.61846,3.03283,Nuit avec éclairage allumé,En agglomération,Intersection en X,Pluie légère,Deux véhicules - côté,7,1,2,0,1,1,2,0,1,50,2,2,1,0,0,1,,36.0,voiture,voiture,5,2,2,2,3
202400037611,2024-02-25 04:40:00,2024,2,25,4,40,59,59350,Avenue Verhaeren,50.61846,3.03283,Nuit avec éclairage allumé,En agglomération,Intersection en X,Pluie légère,Deux véhicules - côté,7,4,2,0,1,1,2,5,1,50,2,2,1,0,0,1,,36.0,voiture,voiture,5,2,2,2,3
202400037612,2024-07-14 20:55:00,2024,7,14,20,55,92,92020,PARIS AVENUE DE N°84 A FIN,48.80687546,2.29336506,Plein jour,En agglomération,Hors intersection,Normale,Autre collision,3,2,2,0,1,1,1,0,1,50,1,2,1,0,0,1,81.0,,voiture,,1,2,1,1,6
202400037613,2024-05-13 05:45:00,2024,5,13,5,45,61,61001,D955,48.4182,0.09778,Crépuscule ou aube,En agglomération,Giratoire,Normale,Deux véhicules - côté,3,2,2,2,1,2,1,0,1,50,2,2,1,0,0,1,20.0,53.0,deux_roues,voiture,2,2,6,1,3
202400037613,2024-05-13 05:45:00,2024,5,13,5,45,61,61001,D955,48.4182,0.09778,Crépuscule ou aube,En agglomération,Giratoire,Normale,Deux véhicules - côté,3,2,2,0,1,3,1,0,1,50,2,2,1,0,0,1,20.0,53.0,deux_roues,voiture,2,2,6,1,3
202400037614,2024-02-28 19:30:00,2024,2,28,19,30,59,59328,Avenue Becquart,50.650274,3.036526,Nuit avec éclairage allumé,En agglomération,Hors intersection,Normale,Autre collision,4,2,2,0,1,3,1,0,1,50,1,2,1,0,0,1,57.0,,utilitaire_camion,,5,2,1,1,6
202400037615,2024-04-07 02:00:00,2024,4,7,2,0,76,76067,N31,49.46434385,1.5770254,Nuit sans éclairage public,Hors agglomération,Hors intersection,Pluie légère,Deux véhicules - frontale,2,2,2,0,1,1,2,0,1,80,2,5,4,0,1,0,44.0,20.0,utilitaire_camion,voiture,3,1,1,2,1
202400037616,2024-05-02 19:15:00,2024,5,2,19,15,59,59526,QUAI DU MARISSON,50.44674,3.43888,Plein jour,En agglomération,Hors intersection,Normale,Deux véhicules - côté,4,2,1,0,1,1,1,0,3,50,1,1,0,1,0,0,76.0,,voiture,,1,2,1,1,3
202400037617,2024-02-22 18:30:00,2024,2,22,18,30,59,59350,Rue du Faubourg des Postes,50.6125485,3.04674964,Nuit avec éclairage allumé,En agglomération,Hors intersection,Vent fort / tempête,Autre collision,7,2,2,0,1,1,1,0,1,30,1,2,1,1,0,0,36.0,,voiture,,5,2,1,6,6
202400037618,2024-07-20 18:35:00,2024,7,20,18,35,92,92036,PIERRE TIMBAUD (RUE) (PAIRS),48.93350486,2.30250676,Plein jour,En agglomération,Giratoire,Normale,Deux véhicules - côté,3,2,4,0,1,1,1,0,1,50,2,2,1,0,0,1,36.0,31.0,voiture,deux_roues,1,2,6,1,3
202400037618,2024-07-20 18:35:00,2024,7,20,18,35,92,92036,PIERRE TIMBAUD (RUE) (PAIRS),48.93350486,2.30250676,Plein jour,En agglomération,Giratoire,Normale,Deux véhicules - côté,3,1,3,0,1,2,1,0,1,50,2,2,1,0,0,1,36.0,31.0,voiture,deux_roues,1,2,6,1,3
202400037619,2024-05-13 11:20:00,2024,5,13,11,20,59,59299,RIVAGE (RUE DU),50.649477,3.191607,Plein jour,En agglomération,Intersection en T,Pluie légère,Deux véhicules - côté,7,2,2,0,1,2,2,5,1,50,2,2,1,0,0,1,33.0,80.0,voiture,deux_roues,1,2,3,2,3
202400037619,2024-05-13 11:20:00,2024,5,13,11,20,59,59299,RIVAGE (RUE DU),50.649477,3.191607,Plein jour,En agglomération,Intersection en T,Pluie légère,Deux véhicules - côté,7,2,2,0,1,4,2,5,1,50,2,2,1,0,0,1,33.0,80.0,voiture,deux_roues,1,2,3,2,3
202400037620,2024-04-06 23:50:00,2024,4,6,23,50,32,32268,en gauzic - RN 124,43.60709,0.98451,Nuit sans éclairage public,Hors agglomération,Hors intersection,Normale,Trois véhicules et plus - collisions multiples,2,2,2,0,3,3,1,0,1,80,3,4,3,0,0,1,54.0,42.0,voiture,voiture,3,1,1,1,5
202400037621,2024-05-14 00:01:00,2024,5,14,0,1,59,59350,Rue Henri Ghesquière,50.611366,3.064965,Nuit avec éclairage allumé,En agglomération,Hors intersection,Normale,Autre collision,4,1,0,0,1,3,1,0,1,30,1,2,1,0,0,1,,,utilitaire_camion,,5,2,1,1,6
202400037622,2024-07-20 10:30:00,2024,7,20,10,30,92,92012,GENERAL LECLERC (AVENUE DU) 35/FIN - 60/,48.83078819,2.23470998,Plein jour,En agglomération,Intersection en T,Normale,Autre collision,3,2,4,0,1,1,1,0,1,50,1,2,1,0,0,1,44.0,,voiture,,1,2,3,1,6
202400037622,2024-07-20 10:30:00,2024,7,20,10,30,92,92012,GENERAL LECLERC (AVENUE DU) 35/FIN - 60/,48.83078819,2.23470998,Plein jour,En agglomération,Intersection en T,Normale,Autre collision,3,2,2,0,1,1,1,0,1,50,1,2,1,0,0,1,44.0,,voiture,,1,2,3,1,6
202400037623,2024-04-06 19:50:00,2024,4,6,19,50,63,63138,11 route des bois,45.8925054,3.48269954,Plein jour,En agglomération,Hors intersection,Normale,Autre collision,3,2,2,0,1,2,1,0,4,50,1,1,0,0,1,0,71.0,,voiture,,1,2,1,1,6
202400037624,2024-05-13 12:05:00,2024,5,13,12,5,59,59350,Place Barthélémy Dorez,50.618,3.0507,Plein jour,En agglomération,Hors intersection,Normale,Autre collision,4,-1,1,0,1,1,1,6,4,50,1,2,1,0,0,1,49.0,,utilitaire_camion,,1,2,1,1,6
202400037625,2024-02-20 11:35:00,2024,2,20,11,35,59,59350,Rue du Faubourg des Postes,50.615,3.0484,Plein jour,En agglomération,Hors intersection,Normale,Deux véhicules - arrière,7,2,2,0,1,1,1,0,1,30,2,2,1,0,0,1,59.0,33.0,voiture,deux_roues,1,2,1,1,2
202400037626,2024-07-21 10:00:00,2024,7,21,10,0,60,60158,Rue de la Vallée,49.554909,2.566971,Plein jour,Hors agglomération,Hors intersection,Normale,Sans collision,4,2,2,0,2,1,1,0,1,80,1,1,0,0,1,0,72.0,,deux_roues,,1,1,1,1,7
202400037627,2024-05-13 09:10:00,2024,5,13,9,10,59,59350,Rue Victor Hugo (Hellemmes-Lille),50.621,3.096,Plein jour,En agglomération,Intersection en Y,Normale,Deux véhicules - frontale,4,1,1,0,1,1,1,0,1,50,1,2,1,0,0,1,34.0,,deux_roues,,1,2,4,1,1
202400037627,2024-05-13 09:10:00,2024,5,13,9,10,59,59350,Rue Victor Hugo (Hellemmes-Lille),50.621,3.096,Plein jour,En agglomération,Intersection en Y,Normale,Deux véhicules - frontale,4,3,2,1,2,1,1,0,1,50,1,2,1,0,0,1,34.0,,deux_roues,,1,2,4,1,1
202400037628,2024-04-06 17:45:00,2024,4,6,17,45,63,63205,CD 225,45.608844,3.349843,Plein jour,Hors agglomération,Hors intersection,Normale,Sans collision,3,2,2,0,2,3,1,0,1,90,1,1,0,1,0,0,25.0,,deux_roues,,1,1,1,1,7
202400037629,2024-02-19 09:45:00,2024,2,19,9,45,59,59350,Boulevard de la Liberté,50.63315,3.05934,Plein jour,En agglomération,Autre intersection,Normale,Deux véhicules - côté,4,3,4,3,1,1,1,0,1,50,2,2,1,0,0,1,43.0,,voiture,voiture,1,2,9,1,3
202400037630,2024-05-11 14:50:00,2024,5,11,14,50,59,59569,D25,50.34178,3.10238,Plein jour,Hors agglomération,Hors intersection,Temps éblouissant,Autre collision,3,1,4,0,1,1,1,0,1,80,1,2,1,0,0,1,60.0,,voiture,,1,1,1,7,6
202400037631,2024-07-21 00:15:00,2024,7,21,0,15,34,34248,D1,43.780384,3.91982,Nuit sans éclairage public,Hors agglomération,Hors intersection,Normale,Deux véhicules - frontale,3,2,2,0,1,1,1,0,1,-1,2,2,1,0,1,0,18.0,44.0,autre,voiture,3,1,1,1,1
202400037632,2024-04-06 09:00:00,2024,4,6,9,0,12,12119,"Le Puech du Suquet, D 15 PK 45+0610",44.679836,2.885312,Plein jour,Hors agglomération,Hors intersection,Normale,Autre collision,3,2,2,0,1,2,1,0,3,90,1,1,0,0,0,1,56.0,,voiture,,1,1,1,1,6
202400037633,2024-02-28 18:17:00,2024,2,28,18,17,59,59183,ROME,51.01938,2.35191,Crépuscule ou aube,En agglomération,Autre intersection,Normale,Deux véhicules - frontale,4,1,1,0,1,1,1,0,8,50,2,2,1,0,1,0,38.0,23.0,voiture,deux_roues,2,2,9,1,1
202400037633,2024-02-28 18:17:00,2024,2,28,18,17,59,59183,ROME,51.01938,2.35191,Crépuscule ou aube,En agglomération,Autre intersection,Normale,Deux véhicules - frontale,4,2,2,0,1,3,1,0,1,50,2,2,1,0,1,0,38.0,23.0,voiture,deux_roues,2,2,9,1,1
202400037634,2024-04-07 12:15:00,2024,4,7,12,15,42,42181,Route de Briquemort,46.01282,4.206798,Plein jour,Hors agglomération,Hors intersection,Normale,Deux véhicules - frontale,3,2,2,0,2,3,1,0,1,80,2,2,1,0,1,0,82.0,85.0,voiture,voiture,1,1,1,1,1
202400037635,2024-05-13 11:35:00,2024,5,13,11,35,56,56260,VERDUN(AVENUE DE),47.6644,-2.7378,Plein jour,En agglomération,Hors intersection,Pluie légère,Deux véhicules - arrière,4,2,2,0,1,1,2,0,1,50,2,4,1,0,0,3,21.0,33.0,voiture,voiture,1,2,1,2,2
202400037636,2024-02-27 10:30:00,2024,2,27,10,30,59,59183,PERES ACHILLE,51.00603,2.33311,Plein jour,Hors agglomération,Hors intersection,Normale,Autre collision,3,2,2,0,1,1,1,0,4,50,1,2,1,0,0,1,34.0,,utilitaire_camion,,1,1,1,1,6
202400037637,2024-07-19 19:15:00,2024,7,19,19,15,974,97415,route de l'éperon,-21.04391,55.25764,Nuit avec éclairage allumé,En agglomération,Hors intersection,Normale,Deux véhicules - côté,3,2,2,0,2,1,1,0,1,50,2,2,1,0,1,0,35.0,38.0,voiture,deux_roues,5,2,1,1,3
202400037638,2024-02-23 19:10:00,2024,2,23,19,10,59,59271,GARNIER,51.02006,2.30009,Nuit avec éclairage allumé,En agglomération,Autre intersection,Pluie légère,Autre collision,6,-1, -1,0,1,1,2,0,1,20,1,2,1,0,1,0,69.0,,voiture,,5,2,9,2,6
202400037639,2024-07-19 20:30:00,2024,7,19,20,30,62,62078,Rue du Milieu,50.865395,1.946442,Plein jour,En agglomération,Intersection en X,Temps éblouissant,Deux véhicules - côté,4,2,2,0,1,1,1,0,1,50,2,2,1,0,1,0,45.0,34.0,voiture,deux_roues,1,2,2,7,3
202400037640,2024-04-06 16:00:00,2024,4,6,16,0,68,68182,D12b,47.510972,7.482778,Plein jour,Hors agglomération,Hors intersection,Normale,Sans collision,3,2,2,0,2,3,1,0,3,80,1,1,0,0,1,0,75.0,,deux_roues,,1,1,1,1,7