accident_id,datetime,annee,mois,jour,heure,minute,departement,commune_insee,adresse,latitude,longitude,luminosite,agglomeration,intersection,meteo,collision,catr,circ,nbv,vosp,prof,plan,surf,infra,situ,vma,nb_vehicules,nb_usagers,nb_indemnes,nb_tues,nb_blesses_hosp,nb_blesses_legers,age_cond_1,age_cond_2,veh_type_cond_1,veh_type_cond_2,lum_code,agg_code,int_code,atm_code,col_code
202400037641,2024-02-26 17:25:00,2024,2,26,17,25,59,59428,CAMIERS (RUE MAURICE),50.19002,3.2213,Plein jour,En agglomération,Hors intersection,Temps couvert,Autre collision,4,1,1,0,1,1,2,0,1,50,1,2,1,0,1,0,31.0,,utilitaire_camion,,1,2,1,8,6
202400037642,2024-07-21 03:55:00,2024,7,21,3,55,38,38239,D1085,45.336219,5.550856,Nuit sans éclairage public,Hors agglomération,Hors intersection,Normale,Autre collision,3,3,0,0,2,1,1,0,8,90,1,1,0,1,0,0,26.0,,voiture,,3,1,1,1,6
202400037643,2024-04-07 16:50:00,2024,4,7,16,50,22,22227,Intersection D712 / D56 - PLOUNERIN GARE,48.566328,-3.567284,Plein jour,Hors agglomération,Intersection en X,Normale,Deux véhicules - côté,3,2,2,0,1,1,1,0,1,-1,2,3,2,0,1,0,51.0,68.0,deux_roues,utilitaire_camion,1,1,2,1,3
202400037643,2024-04-07 16:50:00,2024,4,7,16,50,22,22227,Intersection D712 / D56 - PLOUNERIN GARE,48.566328,-3.567284,Plein jour,Hors agglomération,Intersection en X,Normale,Deux véhicules - côté,3,2,2,0,1,1,1,0,1,-1,2,3,2,0,1,0,51.0,68.0,deux_roues,utilitaire_camion,1,1,2,1,3
202400037644,2024-02-26 19:15:00,2024,2,26,19,15,59,59122,DUNKERQUE (AVENUE DE),50.18367,3.23306,Crépuscule ou aube,En agglomération,Hors intersection,Normale,Deux véhicules - côté,3,2,2,0,1,1,1,0,1,50,2,2,1,0,1,0,19.0,47.0,deux_roues,voiture,2,2,1,1,3
202400037645,2024-07-19 21:00:00,2024,7,19,21,0,68,68315,D431,47.891687,7.112639,Crépuscule ou aube,Hors agglomération,Hors intersection,Normale,Sans collision,3,2,2,0,2,2,1,0,3,70,1,1,0,1,0,0,20.0,,deux_roues,,2,1,1,1,7
202400037646,2024-02-20 18:30:00,2024,2,20,18,30,58,58194,HENRI BOUQUILLARD,46.99147,3.13469,Crépuscule ou aube,En agglomération,Hors intersection,Normale,Deux véhicules - arrière,4,2,2,0,1,1,1,0,1,50,2,2,1,0,0,1,77.0,49.0,voiture,transport_commun,2,2,1,1,2
202400037647,2024-05-13 12:57:00,2024,5,13,12,57,51,51454,COMBATTANTS D'AFN (PLACE DES),49.22017,4.02051,Plein jour,En agglomération,Giratoire,Normale,Deux véhicules - arrière,4,3,4,0,1,1,1,0,1,50,2,2,1,0,0,1,68.0,33.0,voiture,voiture,1,2,6,1,2
202400037647,2024-05-13 12:57:00,2024,5,13,12,57,51,51454,COMBATTANTS D'AFN (PLACE DES),49.22017,4.02051,Plein jour,En agglomération,Giratoire,Normale,Deux véhicules - arrière,4,-1,4,0,1,1,1,0,1,50,2,2,1,0,0,1,68.0,33.0,voiture,voiture,1,2,6,1,2
202400037648,2024-02-23 15:05:00,2024,2,23,15,5,56,56260,Avenue Victor Hugo,47.66146,-2.75708,Plein jour,En agglomération,Hors intersection,Normale,Deux véhicules - frontale,4,2,3,3,4,1,1,5,1,50,2,2,1,0,1,0,70.0,39.0,deux_roues,transport_commun,1,2,1,1,1
202400037649,2024-05-12 11:21:00,2024,5,12,11,21,50,50147,ALSACE LORRAINE (BOULEVARD),49.04949,-1.44763,Plein jour,En agglomération,Hors intersection,Normale,Deux véhicules - arrière,4,2,2,0,2,1,1,0,1,50,2,2,1,0,1,0,37.0,61.0,deux_roues,voiture,1,2,1,1,2
202400037650,2024-07-20 19:55:00,2024,7,20,19,55,30,30217,D111,43.9736,4.697481,Plein jour,Hors agglomération,Hors intersection,Normale,Deux véhicules - côté,3,2,2,0,1,3,1,0,1,80,2,2,1,0,0,1,50.0,49.0,voiture,voiture,1,1,1,1,3
202400037651,2024-04-06 15:25:00,2024,4,6,15,25,44,44154,,47.233372,-2.156631,Plein jour,Hors agglomération,Hors intersection,Normale,Trois véhicules et plus - collisions multiples,3,3,4,0,1,1,1,0,1,90,3,4,2,0,2,0,25.0,,voiture,voiture,1,1,1,1,5
202400037652,2024-02-20 10:05:00,2024,2,20,10,5,56,56260,Cimetière Calmont,47.64746,-2.75235,Plein jour,En agglomération,Hors intersection,Normale,Autre collision,9,-1, -1,0,2,1,1,0,4,10,1,2,1,0,1,0,82.0,,voiture,,1,2,1,1,6
202400037653,2024-05-13 11:25:00,2024,5,13,11,25,45,45004,D93 PR 0 + 854,47.975572,2.742103,Plein jour,En agglomération,Hors intersection,Normale,Deux véhicules - arrière,3,2,2,0,1,1,1,0,1,50,2,2,1,0,0,1,56.0,20.0,voiture,voiture,1,2,1,1,2
202400037654,2024-02-24 14:45:00,2024,2,24,14,45,56,56107,Kerfornet,47.71123,-3.39605,Plein jour,Hors agglomération,Giratoire,Pluie légère,Sans collision,3,1,1,0,1,2,2,5,1,50,1,1,0,0,0,1,40.0,,deux_roues,,1,1,6,2,7
202400037655,2024-07-20 11:00:00,2024,7,20,11,0,91,91617,D33,48.644479,2.503692,Plein jour,Hors agglomération,Hors intersection,Normale,Deux véhicules - frontale,3,2,2,0,4,1,1,0,1,-1,2,2,0,0,1,1,46.0,37.0,utilitaire_camion,voiture,1,1,1,1,1
202400037656,2024-05-13 22:45:00,2024,5,13,22,45,44,44109,Boulevard de Stalingrad,47.21663,-1.54575,Nuit avec éclairage allumé,En agglomération,Hors intersection,Pluie légère,Deux véhicules - arrière,4,2,2,2,1,1,2,-1,1,30,2,2,1,0,0,1,69.0,45.0,voiture,deux_roues,5,2,1,2,2
202400037657,2024-04-06 20:35:00,2024,4,6,20,35,02,02374,D31,49.924432,3.284781,Nuit sans éclairage public,Hors agglomération,Hors intersection,Normale,Autre collision,3,2,2,0,1,1,1,0,8,80,1,1,0,0,1,0,24.0,,voiture,,3,1,1,1,6
202400037658,2024-02-16 20:35:00,2024,2,16,20,35,55,55029,RN 1135,48.76915681,5.17718389,Nuit avec éclairage allumé,En agglomération,Hors intersection,Pluie légère,Deux véhicules - frontale,2,2,2,0,1,2,2,0,1,50,2,3,1,0,0,2,48.0,26.0,voiture,voiture,5,2,1,2,1
202400037659,2024-07-17 15:00:00,2024,7,17,15,0,56,56017,kermoël,47.891043,-2.792029,Plein jour,Hors agglomération,Hors intersection,Normale,Autre collision,4,2,2,0,1,2,1,0,1,50,1,2,1,0,1,0,19.0,,voiture,,1,1,1,1,6
202400037660,2024-04-19 19:50:00,2024,4,19,19,50,42,42218,Rue des Petites Soeurs des Pauvres,45.43066,4.37928,Plein jour,En agglomération,Intersection en X,Normale,Deux véhicules - côté,4,2,1,0,3,1,1,0,1,50,2,2,1,0,0,1,17.0,50.0,deux_roues,voiture,1,2,2,1,3
202400037660,2024-04-19 19:50:00,2024,4,19,19,50,42,42218,Rue des Petites Soeurs des Pauvres,45.43066,4.37928,Plein jour,En agglomération,Intersection en X,Normale,Deux véhicules - côté,4,2,1,0,1,1,1,0,1,50,2,2,1,0,0,1,17.0,50.0,deux_roues,voiture,1,2,2,1,3
202400037661,2024-02-27 23:20:00,2024,2,27,23,20,54,54395,RM 674,48.67422,6.19665,Nuit avec éclairage allumé,Hors agglomération,Hors intersection,Normale,Autre collision,7,3,4,0,1,2,1,1,1,70,1,4,0,0,0,4,18.0,,voiture,,5,1,1,1,6
202400037662,2024-04-06 17:20:00,2024,4,6,17,20,84,84073,D3,43.847458,5.190096,Plein jour,Hors agglomération,Autre intersection,Normale,Autre collision,3,2,2,0,1,1,1,0,1,80,3,3,1,0,1,1,41.0,16.0,voiture,deux_roues,1,1,9,1,6
202400037663,2024-02-27 08:05:00,2024,2,27,8,5,54,54482,Avenue Carnot,48.70191,6.21237,Plein jour,En agglomération,Intersection en X,Normale,Deux véhicules - côté,4,2,2,0,1,1,1,0,1,50,2,2,1,0,0,1,40.0,31.0,voiture,voiture,1,2,2,1,3
202400037663,2024-02-27 08:05:00,2024,2,27,8,5,54,54482,Avenue Carnot,48.70191,6.21237,Plein jour,En agglomération,Intersection en X,Normale,Deux véhicules - côté,4,1,2,0,1,1,1,0,1,30,2,2,1,0,0,1,40.0,31.0,voiture,voiture,1,2,2,1,3
202400037664,2024-07-19 19:30:00,2024,7,19,19,30,78,78291,44 Rue de Seine,48.963134,1.73146,Plein jour,En agglomération,Hors intersection,Normale,Autre collision,3,2,2,0,1,1,1,0,1,50,1,1,0,0,1,0,50.0,,deux_roues,,1,2,1,1,6
202400037665,2024-04-04 13:45:00,2024,4,4,13,45,06,06151,M19,43.918067,7.265782,Plein jour,Hors agglomération,Hors intersection,Normale,Autre collision,7,2,2,0,4,1,1,0,1,90,1,2,1,0,1,0,30.0,,voiture,,1,1,1,1,6
202400037666,2024-02-22 19:10:00,2024,2,22,19,10,54,54395,Rue des Quatre Eglises,48.68565,6.18482,Nuit avec éclairage allumé,En agglomération,Intersection en T,Pluie légère,Autre collision,4,2, -1,-1,1,1,2,0,1,30,1,3,2,0,0,1,21.0,,voiture,,5,2,3,2,6
202400037666,2024-02-22 19:10:00,2024,2,22,19,10,54,54395,Rue des Quatre Eglises,48.68565,6.18482,Nuit avec éclairage allumé,En agglomération,Intersection en T,Pluie légère,Autre collision,4,2,2,2,1,1,2,-1,4,30,1,3,2,0,0,1,21.0,,voiture,,5,2,3,2,6
202400037667,2024-04-06 18:25:00,2024,4,6,18,25,06,06150,355 Chemin de Fontvieille,43.748268,7.403589,Plein jour,En agglomération,Hors intersection,Normale,Deux véhicules - frontale,4,1,1,0,2,3,1,0,1,20,2,2,0,0,1,1,22.0,43.0,deux_roues,deux_roues,1,2,1,1,1
202400037668,2024-07-20 21:15:00,2024,7,20,21,15,76,76297,3 Route de Formerie,49.524087,1.705509,Crépuscule ou aube,Hors agglomération,Passage à niveau,Normale,Sans collision,3,2,2,0,1,3,1,4,3,50,1,5,4,0,0,1,20.0,,voiture,,2,1,8,1,7
202400037669,2024-02-22 14:10:00,2024,2,22,14,10,54,54547,Avenue du Général Leclerc,48.654206,6.152433,Plein jour,En agglomération,Intersection en X,Pluie légère,Deux véhicules - arrière,4,2,3,0,2,1,2,0,1,50,2,3,2,0,0,1,50.0,16.0,transport_commun,voiture,1,2,2,2,2
202400037669,2024-02-22 14:10:00,2024,2,22,14,10,54,54547,Avenue du Général Leclerc,48.654206,6.152433,Plein jour,En agglomération,Intersection en X,Pluie légère,Deux véhicules - arrière,4,2, -1,0,1,1,2,0,1,50,2,3,2,0,0,1,50.0,16.0,transport_commun,voiture,1,2,2,2,2
202400037670,2024-02-22 16:15:00,2024,2,22,16,15,54,54483,place des droits de l'Homme,48.63043,6.30068,Plein jour,En agglomération,Hors intersection,Temps couvert,Autre collision,6,-1, -1,0,2,1,2,9,8,10,1,2,1,0,0,1,20.0,,voiture,,1,2,1,8,6
202400037671,2024-07-21 11:00:00,2024,7,21,11,0,32,32107,D931,43.95865,0.379661,Plein jour,En agglomération,Hors intersection,Normale,Deux véhicules - côté,3,2,2,0,2,1,1,0,1,50,2,2,1,0,1,0,63.0,76.0,deux_roues,voiture,1,2,1,1,3
202400037672,2024-04-06 23:40:00,2024,4,6,23,40,16,16085,depertementale 27 PK 15 - 135,45.815286,0.4705721,Nuit sans éclairage public,Hors agglomération,Hors intersection,Normale,Deux véhicules - arrière,3,2,2,0,1,2,1,0,1,80,2,6,1,1,0,4,24.0,20.0,voiture,voiture,3,1,1,1,2
202400037673,2024-02-26 10:45:00,2024,2,26,10,45,53,53201,BRETAGNE ( RUE DE ),48.07015,-0.8382,Plein jour,En agglomération,Hors intersection,Pluie légère,Deux véhicules - arrière,4,2,1,0,2,1,2,0,1,50,2,2,1,0,0,1,67.0,61.0,voiture,voiture,1,2,1,2,2
202400037674,2024-07-20 18:15:00,2024,7,20,18,15,71,71056,Route du Bourg,46.64321,5.18332,Plein jour,En agglomération,Hors intersection,Normale,Deux véhicules - arrière,3,2,2,0,1,1,1,0,1,50,2,2,1,0,0,1,48.0,59.0,voiture,deux_roues,1,2,1,1,2
202400037675,2024-04-06 17:15:00,2024,4,6,17,15,16,16230,,45.44708,0.138649,Plein jour,Hors agglomération,Hors intersection,Normale,Deux véhicules - frontale,3,2,2,0,4,2,1,0,1,90,2,3,1,0,2,0,39.0,68.0,voiture,voiture,1,1,1,1,1
202400037676,2024-02-27 08:45:00,2024,2,27,8,45,51,51055,ROMAINE (VOIE),49.276365,4.055498,Plein jour,En agglomération,Autre intersection,Pluie légère,Deux véhicules - côté,4,1,1,0,1,1,2,0,1,50,2,2,1,0,0,1,59.0,24.0,voiture,deux_roues,1,2,9,2,3
202400037677,2024-04-06 14:00:00,2024,4,6,14,0,07,07335,Chemin de Couleyre,45.10268,4.601512,Plein jour,Hors agglomération,Hors intersection,Normale,Sans collision,4,2,2,0,1,2,1,0,1,50,1,1,0,0,0,1,42.0,,voiture,,1,1,1,1,7
202400037678,2024-02-23 12:10:00,2024,2,23,12,10,51,51454,CHAMPAGNE  (  AVENUE),49.23204,4.03666,Plein jour,En agglomération,Hors intersection,Normale,Deux véhicules - arrière,4,1,2,1,1,1,1,9,1,70,2,3,2,0,0,1,46.0,43.0,voiture,voiture,1,2,1,1,2
202400037679,2024-07-21 02:15:00,2024,7,21,2,15,63,63463,Ricornet,45.83393072,3.65657339,Nuit sans éclairage public,Hors agglomération,Hors intersection,Vent fort / tempête,Autre collision,3,2,2,0,1,1,4,0,1,80,1,2,1,0,0,1,21.0,,voiture,,3,1,1,6,6
202400037680,2024-04-06 10:35:00,2024,4,6,10,35,85,85202,D39,46.752733,-1.165339,Plein jour,Hors agglomération,Hors intersection,Normale,Autre collision,3,2,2,0,4,2,1,0,3,80,1,1,0,0,0,1,30.0,,utilitaire_camion,,1,1,1,1,6
202400037681,2024-02-21 12:20:00,2024,2,21,12,20,51,51454,CHAMPAGNE (AVENUE),49.23194,4.03588,Plein jour,En agglomération,Autre intersection,Normale,Deux véhicules - côté,4,1,4,1,4,1,1,-1,1,50,2,2,1,0,0,1,24.0,26.0,voiture,deux_roues,1,2,9,1,3
202400037682,2024-07-20 13:10:00,2024,7,20,13,10,61,61043,D955,48.353311,0.720167,Plein jour,Hors agglomération,Hors intersection,Normale,Autre collision,3,2,2,0,1,1,1,0,3,90,1,1,0,0,0,1,49.0,,voiture,,1,1,1,1,6
202400037683,2024-02-20 23:00:00,2024,2,20,23,0,51,51172,LOUVOIS (ROUTE DE) CORA,49.21626,4.0515,Nuit avec éclairage allumé,En agglomération,Autre intersection,Normale,Autre collision,4,1,1,0,1,1,1,0,1,45,1,2,0,0,0,2,50.0,,voiture,,5,2,9,1,6
202400037684,2024-04-07 01:30:00,2024,4,7,1,30,27,27467,Côte Saint-Gilles,49.347588,0.496868,Nuit sans éclairage public,En agglomération,Hors intersection,Normale,Autre collision,4,2,2,0,2,2,1,0,3,50,1,1,0,1,0,0,66.0,,voiture,,3,2,1,1,6
202400037685,2024-02-20 18:45:00,2024,2,20,18,45,51,51058,RUE LOUIS RENAULT,49.22847,3.99574,Nuit avec éclairage allumé,En agglomération,Giratoire,Normale,Sans collision,4,2,2,2,1,1,1,0,1,50,1,2,1,0,0,1,40.0,,voiture,,5,2,6,1,7
202400037685,2024-02-20 18:45:00,2024,2,20,18,45,51,51058,RUE LOUIS RENAULT,49.22847,3.99574,Nuit avec éclairage allumé,En agglomération,Giratoire,Normale,Sans collision,4,2,2,2,1,3,1,0,1,50,1,2,1,0,0,1,40.0,,voiture,,5,2,6,1,7
202400037686,2024-04-06 13:45:00,2024,4,6,13,45,17,17091,D9,46.27958,-1.072798,Plein jour,Hors agglomération,Hors intersection,Normale,Sans collision,3,2,2,0,1,1,1,0,1,80,1,1,0,0,1,0,36.0,,deux_roues,,1,1,1,1,7
202400037687,2024-02-21 17:30:00,2024,2,21,17,30,50,50129,MILLET (AVENUE JEAN-FRANCOIS),49.63376,-1.6183,Plein jour,En agglomération,Hors intersection,Pluie légère,Deux véhicules - côté,3,3,2,0,1,1,2,0,1,50,2,2,1,0,0,1,24.0,18.0,voiture,deux_roues,1,2,1,2,3
202400037688,2024-04-06 17:30:00,2024,4,6,17,30,87,87117,D13,45.807967,1.81946,Plein jour,Hors agglomération,Hors intersection,Normale,Sans collision,3,2,2,0,2,4,1,0,3,70,1,1,0,0,1,0,55.0,,deux_roues,,1,1,1,1,7
202400037689,2024-07-20 14:00:00,2024,7,20,14,0,42,42081,Route de Veauche,45.592709,4.26726,Plein jour,Hors agglomération,Hors intersection,Normale,Trois véhicules et plus - collisions multiples,3,2,2,0,1,1,1,0,1,80,3,8,5,0,1,2,62.0,22.0,voiture,voiture,1,1,1,1,5
202400037690,2024-02-20 07:50:00,2024,2,20,7,50,50,50129,ROUGES TERRES (LES),49.61349,-1.60194,Crépuscule ou aube,En agglomération,Hors intersection,Normale,Autre collision,2,3,3,0,2,2,1,0,1,50,1,2,1,0,0,1,37.0,,utilitaire_camion,,2,2,1,1,6
202400037691,2024-04-06 21:30:00,2024,4,6,21,30,30,30046,D8,43.975323,4.19486,Nuit sans éclairage public,En agglomération,Hors intersection,Normale,Autre collision,3,2,2,0,1,1,1,0,8,50,1,2,0,0,1,1,26.0,,deux_roues,,3,2,1,1,6
202400037692,2024-07-21 16:57:00,2024,7,21,16,57,42,42217,Route de Saint Thurin,45.795551,3.848058,Plein jour,Hors agglomération,Hors intersection,Normale,Deux véhicules - frontale,3,2,2,0,2,1,1,0,1,80,2,2,1,0,1,0,50.0,81.0,utilitaire_camion,voiture,1,1,1,1,1
202400037693,2024-02-17 17:50:00,2024,2,17,17,50,50,50129,VASTEL (RUE),49.63711,-1.6235,Plein jour,En agglomération,Hors intersection,Normale,Deux véhicules - côté,4,1,1,0,1,2,1,0,1,30,2,2,1,0,0,1,14.0,22.0,deux_roues,voiture,1,2,1,1,3
202400037694,2024-04-06 16:10:00,2024,4,6,16,10,78,78356,CD 91,48.746455,2.022729,Plein jour,Hors agglomération,Hors intersection,Normale,Deux véhicules - côté,3,2,2,0,2,1,1,0,1,50,2,3,0,0,1,2,32.0,51.0,deux_roues,deux_roues,1,1,1,1,3
202400037695,2024-02-27 18:00:00,2024,2,27,18,0,49,49328,PORTAIL LOUIS (RUE DU),47.25867,-0.07872,Plein jour,En agglomération,Hors intersection,Normale,Autre collision,4,1,1,0,1,1,1,0,1,50,1,2,1,0,1,0,84.0,,deux_roues,,1,2,1,1,6
202400037696,2024-07-20 19:20:00,2024,7,20,19,20,86,86213,D26,46.388625,0.052736,Plein jour,Hors agglomération,Intersection en X,Normale,Deux véhicules - côté,3,2,1,0,1,1,1,5,1,70,2,3,1,0,2,0,23.0,74.0,voiture,voiture,1,1,2,1,3
202400037696,2024-07-20 19:20:00,2024,7,20,19,20,86,86213,D26,46.388625,0.052736,Plein jour,Hors agglomération,Intersection en X,Normale,Deux véhicules - côté,3,2, -1,-1,1,1,1,5,1,80,2,3,1,0,2,0,23.0,74.0,voiture,voiture,1,1,2,1,3
202400037697,2024-07-20 16:10:00,2024,7,20,16,10,68,68235,D1b,47.993198,7.376233,Plein jour,Hors agglomération,Giratoire,Normale,Autre collision,3,2,2,0,1,1,1,0,8,80,1,1,0,0,0,1,37.0,,voiture,,1,1,6,1,6
202400037698,2024-02-26 10:00:00,2024,2,26,10,0,49,49015,FLECHET CHEMIN DU,47.51701,-0.62313,Plein jour,Hors agglomération,Hors intersection,Pluie légère,Deux véhicules - frontale,4,2,2,0,1,1,2,0,1,50,2,2,1,0,0,1,24.0,26.0,voiture,utilitaire_camion,1,1,1,2,1
202400037699,2024-04-05 18:05:00,2024,4,5,18,5,01,01038,A 39,46.32236871,5.2694571,Plein jour,Hors agglomération,Hors intersection,Normale,Deux véhicules - arrière,1,1,2,0,1,1,1,0,1,130,2,3,2,0,0,1,48.0,41.0,voiture,utilitaire_camion,1,1,1,1,2
202400037700,2024-02-25 16:10:00,2024,2,25,16,10,49,49007,GAULLE BOULEVARD CHARLES DE,47.47012,-0.5622,Plein jour,En agglomération,Hors intersection,Pluie légère,Deux véhicules - côté,3,3,2,0,1,1,2,0,1,50,2,2,0,0,0,2,52.0,69.0,voiture,voiture,1,2,1,2,3
202400037701,2024-07-21 08:30:00,2024,7,21,8,30,44,44216,,46.957706,-1.421131,Plein jour,Hors agglomération,Hors intersection,Normale,Deux véhicules - côté,3,2,2,0,1,1,2,0,1,80,2,2,1,0,1,0,82.0,24.0,deux_roues,voiture,1,1,1,1,3
202400037702,2024-02-25 06:30:00,2024,2,25,6,30,49,49007,A87N,47.45989,-0.51786,Nuit sans éclairage public,Hors agglomération,Hors intersection,Pluie légère,Autre collision,1,3,2,0,1,1,2,0,1,90,1,1,0,0,0,1,31.0,,voiture,,3,1,1,2,6
202400037703,2024-04-07 07:00:00,2024,4,7,7,0,01,01213,A42 - PK 035.700,45.928942,5.273432,Crépuscule ou aube,Hors agglomération,Hors intersection,Normale,Deux véhicules - arrière,1,3,2,0,1,1,1,0,1,130,2,5,3,2,0,0,46.0,32.0,utilitaire_camion,voiture,2,1,1,1,2
202400037704,2024-07-16 21:15:00,2024,7,16,21,15,29,29188,Route de Primel Trégastel,48.696361,-3.806642,Plein jour,En agglomération,Intersection en Y,Normale,Deux véhicules - arrière,4,2,2,0,2,2,1,0,1,50,2,2,1,0,0,1,37.0,62.0,voiture,deux_roues,1,2,4,1,2
202400037704,2024-07-16 21:15:00,2024,7,16,21,15,29,29188,Route de Primel Trégastel,48.696361,-3.806642,Plein jour,En agglomération,Intersection en Y,Normale,Deux véhicules - arrière,4,2, -1,-1,1,1,1,0,1,-1,2,2,1,0,0,1,37.0,62.0,voiture,deux_roues,1,2,4,1,2
202400037705,2024-02-22 09:25:00,2024,2,22,9,25,49,49007,BLANCHOIN BOULEVARD,47.44811,-0.54036,Plein jour,En agglomération,Hors intersection,Pluie légère,Deux véhicules - arrière,4,3,4,0,1,1,2,0,1,50,2,2,1,0,0,1,52.0,59.0,voiture,voiture,1,2,1,2,2
202400037706,2024-07-21 07:19:00,2024,7,21,7,19,38,38081,3050 Avenue du Dauphiné,45.53495,5.1276,Crépuscule ou aube,En agglomération,Hors intersection,Pluie légère,Autre collision,3,3,2,0,1,4,2,0,1,80,1,2,0,0,1,1,21.0,,voiture,,2,2,1,2,6
202400037707,2024-02-20 11:15:00,2024,2,20,11,15,49,49007,ESTIENNE D'ORVES BOULEVARD,47.45449,-0.53407,Plein jour,En agglomération,Hors intersection,Normale,Deux véhicules - côté,4,3,4,0,1,1,1,0,1,50,2,2,1,0,1,0,30.0,29.0,deux_roues,voiture,1,2,1,1,3
202400037708,2024-04-07 14:35:00,2024,4,7,14,35,33,33284,,44.62348,-0.963106,Plein jour,Hors agglomération,Hors intersection,Normale,Deux véhicules - arrière,1,3,4,0,1,1,1,0,1,130,2,3,0,1,2,0,65.0,47.0,voiture,voiture,1,1,1,1,2
202400037709,2024-07-20 17:40:00,2024,7,20,17,40,38,38333,"departementale 35, lieu dit ""Au Chateau""",45.122884,5.47485,Plein jour,Hors agglomération,Hors intersection,Normale,Deux véhicules - frontale,3,2,2,0,2,3,1,0,1,80,2,2,1,0,1,0,58.0,59.0,voiture,deux_roues,1,1,1,1,1
202400037710,2024-04-07 07:00:00,2024,4,7,7,0,51,51572,Autoroute A4 Pk 193+500 sens Metz/Paris,49.03766218,4.6271781,Crépuscule ou aube,Hors agglomération,Hors intersection,Normale,Sans collision,1,3,2,0,2,3,1,0,3,130,1,1,0,0,1,0,20.0,,voiture,,2,1,1,1,7
202400037711,2024-02-20 06:30:00,2024,2,20,6,30,49,49007,COEFFARD,47.4747,-0.52917,Nuit avec éclairage allumé,En agglomération,Intersection en X,Normale,Deux véhicules - côté,4,2,2,0,1,1,1,0,1,50,2,2,1,0,0,1,51.0,,utilitaire_camion,voiture,5,2,2,1,3
202400037711,2024-02-20 06:30:00,2024,2,20,6,30,49,49007,COEFFARD,47.4747,-0.52917,Nuit avec éclairage allumé,En agglomération,Intersection en X,Normale,Deux véhicules - côté,4,3,4,3,1,1,1,0,1,50,2,2,1,0,0,1,51.0,,utilitaire_camion,voiture,5,2,2,1,3
202400037712,2024-07-20 14:30:00,2024,7,20,14,30,13,13036,Route de Saint Andiol,43.842807,4.859653,Plein jour,Hors agglomération,Hors intersection,Normale,Autre collision,3,2,2,0,2,2,1,0,1,70,1,1,0,0,1,0,64.0,,deux_roues,,1,1,1,1,6
202400037713,2024-02-28 19:25:00,2024,2,28,19,25,46,46042,SEPTIEME REGIMENT D'INFANTERIE (AVE),44.45645,1.43646,Nuit avec éclairage allumé,En agglomération,Hors intersection,Normale,Deux véhicules - côté,3,2,2,0,2,1,1,0,1,50,2,3,1,0,0,2,44.0,40.0,deux_roues,voiture,5,2,1,1,3
202400037714,2024-04-06 14:44:00,2024,4,6,14,44,11,11086,,42.93867,2.977155,Plein jour,Hors agglomération,Hors intersection,Normale,Autre collision,4,2,2,0,1,1,1,0,1,70,2,3,0,0,1,2,68.0,68.0,voiture,voiture,1,1,1,1,6
202400037715,2024-07-21 00:20:00,2024,7,21,0,20,02,02103,65 Rue de Bergues,50.015287,3.70029,Nuit avec éclairage allumé,En agglomération,Intersection en Y,Normale,Autre collision,3,2,2,0,3,3,1,0,4,50,1,1,0,0,1,0,46.0,,voiture,,5,2,4,1,6
202400037715,2024-07-21 00:20:00,2024,7,21,0,20,02,02103,65 Rue de Bergues,50.015287,3.70029,Nuit avec éclairage allumé,En agglomération,Intersection en Y,Normale,Autre collision,3,2, -1,-1,1,1,1,0,4,-1,1,1,0,0,1,0,46.0,,voiture,,5,2,4,1,6
202400037716,2024-02-23 13:10:00,2024,2,23,13,10,46,46042,MAQUIS (AVENUE DU),44.44946,1.448367,Plein jour,En agglomération,Intersection en X,Pluie légère,Deux véhicules - côté,3,2,0,0,2,1,2,0,1,50,2,5,3,0,0,2,53.0,56.0,voiture,voiture,1,2,2,2,3
202400037716,2024-02-23 13:10:00,2024,2,23,13,10,46,46042,MAQUIS (AVENUE DU),44.44946,1.448367,Plein jour,En agglomération,Intersection en X,Pluie légère,Deux véhicules - côté,3,2,0,0,2,1,2,0,1,50,2,5,3,0,0,2,53.0,56.0,voiture,voiture,1,2,2,2,3
202400037717,2024-04-07 06:04:00,2024,4,7,6,4,25,25334,Rue du Plane,46.955147,6.109284,Nuit avec éclairage allumé,En agglomération,Intersection en X,Normale,Deux véhicules - côté,4,2,2,0,1,1,1,5,1,50,2,4,0,0,1,3,36.0,23.0,utilitaire_camion,voiture,5,2,2,1,3
202400037718,2024-08-26 16:20:00,2024,8,26,16,20,75,75118,BD PERIPHERIQUE INTERIEUR ,48.900815,2.339917,Plein jour,En agglomération,Hors intersection,Normale,Deux véhicules - arrière,4,1,4,0,1,1,1,0,1,70,2,2,1,0,0,1,20.0,73.0,utilitaire_camion,voiture,1,2,1,1,2
202400037719,2024-04-07 01:15:00,2024,4,7,1,15,977,97701,Grand Cul de Sac,17.907728,-62.80405,Nuit sans éclairage public,Hors agglomération,Intersection en T,Normale,Deux véhicules - côté,3,2,2,0,3,1,1,0,1,30,2,2,1,0,0,1,23.0,,deux_roues,voiture,3,1,3,1,3
202400037719,2024-04-07 01:15:00,2024,4,7,1,15,977,97701,Grand Cul de Sac,17.907728,-62.80405,Nuit sans éclairage public,Hors agglomération,Intersection en T,Normale,Deux véhicules - côté,3,2, -1,-1,3,1,1,0,1,-1,2,2,1,0,0,1,23.0,,deux_roues,voiture,3,1,3,1,3
202400037720,2024-07-21 03:30:00,2024,7,21,3,30,15,15258,RD 54,44.97591,2.619746,Nuit avec éclairage allumé,En agglomération,Intersection en X,Pluie forte,Deux véhicules - frontale,2,2,2,0,1,1,2,0,1,50,2,9,8,0,0,1,22.0,76.0,voiture,voiture,5,2,2,3,1