accident_id,datetime,annee,mois,jour,heure,minute,departement,commune_insee,adresse,latitude,longitude,luminosite,agglomeration,intersection,meteo,collision,catr,circ,nbv,vosp,prof,plan,surf,infra,situ,vma,nb_vehicules,nb_usagers,nb_indemnes,nb_tues,nb_blesses_hosp,nb_blesses_legers,age_cond_1,age_cond_2,veh_type_cond_1,veh_type_cond_2,lum_code,agg_code,int_code,atm_code,col_code
202400037792,2024-08-25 22:15:00,2024,8,25,22,15,94,94028,Avenue Magellan,48.76876,2.45452,Nuit avec éclairage allumé,En agglomération,Intersection en T,Normale,Deux véhicules - côté,4,2,2,0,1,1,1,0,1,50,2,2,1,0,1,0,18.0,46.0,voiture,deux_roues,5,2,3,1,3
202400037793,2024-04-05 21:37:00,2024,4,5,21,37,95,95572,A15,49.03220544,2.11174431,Nuit sans éclairage public,Hors agglomération,Hors intersection,Normale,Deux véhicules - arrière,1,3,4,0,1,1,2,0,1,110,2,3,0,0,0,3,58.0,29.0,voiture,utilitaire_camion,3,1,1,1,2
202400037794,2024-07-20 16:29:00,2024,7,20,16,29,22,22168,Rue des Frères Kerbrat,48.804101,-3.454052,Plein jour,Hors agglomération,Intersection en X,Pluie forte,Deux véhicules - côté,4,2,2,0,1,1,2,0,1,-1,2,2,0,0,0,2,25.0,50.0,voiture,voiture,1,1,2,3,3
202400037794,2024-07-20 16:29:00,2024,7,20,16,29,22,22168,Rue des Frères Kerbrat,48.804101,-3.454052,Plein jour,Hors agglomération,Intersection en X,Pluie forte,Deux véhicules - côté,4,2,2,0,1,1,2,0,1,-1,2,2,0,0,0,2,25.0,50.0,voiture,voiture,1,1,2,3,3
202400037795,2024-08-26 07:45:00,2024,8,26,7,45,94,94059,avenue saint-pierre,48.80732911,2.57571119,Plein jour,En agglomération,Giratoire,Normale,Deux véhicules - côté,4,2,0,0,1,1,1,9,1,50,2,2,1,0,0,1,57.0,34.0,deux_roues,voiture,1,2,6,1,3
202400037796,2024-07-19 18:00:00,2024,7,19,18,0,35,35012,Le Fournel,47.841916,-1.699533,Plein jour,Hors agglomération,Hors intersection,Normale,Autre collision,4,2,2,0,2,2,1,0,3,50,1,1,0,0,1,0,61.0,,voiture,,1,1,1,1,6
202400037797,2024-04-05 11:30:00,2024,4,5,11,30,93,93005,A3,48.95079853,2.4743666,Plein jour,Hors agglomération,Hors intersection,Normale,Trois véhicules et plus - en chaîne,1,3,2,0,1,1,1,0,1,90,3,6,0,0,0,6,45.0,23.0,utilitaire_camion,utilitaire_camion,1,1,1,1,4
202400037798,2024-07-15 05:30:00,2024,7,15,5,30,76,76551,Route de Montivilliers,49.555855,0.3053,Crépuscule ou aube,Hors agglomération,Hors intersection,Normale,Autre collision,3,2,2,0,1,1,1,0,1,80,1,1,0,0,0,1,36.0,,deux_roues,,2,1,1,1,6
202400037799,2024-04-06 15:50:00,2024,4,6,15,50,93,93051,A4,48.83558148,2.56793626,Plein jour,Hors agglomération,Hors intersection,Normale,Autre collision,1,3,8,0,1,1,1,0,1,110,2,3,1,0,0,2,22.0,,voiture,voiture,1,1,1,1,6
202400037800,2024-08-27 12:00:00,2024,8,27,12,0,94,94071,15 Avenue Georges Pompidou,48.771749,2.526589,Plein jour,En agglomération,Hors intersection,Normale,Deux véhicules - arrière,3,2,2,0,1,1,1,0,1,50,2,3,2,0,0,1,22.0,29.0,voiture,voiture,1,2,1,1,2
202400037801,2024-01-19 10:35:00,2024,1,19,10,35,32,32013,DARWIN,43.62993,0.58747,Plein jour,En agglomération,Hors intersection,Normale,Deux véhicules - arrière,4,1,2,0,1,1,1,0,1,30,2,2,1,0,0,1,75.0,37.0,voiture,utilitaire_camion,1,2,1,1,2
202400037802,2024-07-19 10:05:00,2024,7,19,10,5,62,62014,D157,50.63674781,2.39616752,Plein jour,En agglomération,Place,Normale,Autre collision,3,-1,1,0,1,1,1,0,1,30,1,2,1,0,0,1,71.0,,voiture,,1,2,7,1,6
202400037803,2024-04-05 06:20:00,2024,4,5,6,20,976,97611,passamanty-Roni Mangua ( ruelle ),-12.79707,45.20128,Plein jour,Hors agglomération,Hors intersection,Normale,Deux véhicules - côté,3,2,2,0,2,4,1,0,1,70,2,2,1,0,0,1,34.0,52.0,deux_roues,voiture,1,1,1,1,3
202400037804,2024-08-27 22:00:00,2024,8,27,22,0,93,93029,Rue Raymond Barker / Rue de la Station,48.91676,2.42923,Nuit avec éclairage allumé,En agglomération,Giratoire,Normale,Autre collision,4,1,2,0,1,1,1,0,3,50,1,1,0,0,0,1,27.0,,voiture,,5,2,6,1,6
202400037804,2024-08-27 22:00:00,2024,8,27,22,0,93,93029,Rue Raymond Barker / Rue de la Station,48.91676,2.42923,Nuit avec éclairage allumé,En agglomération,Giratoire,Normale,Autre collision,4,1,2,1,1,1,1,0,3,50,1,1,0,0,0,1,27.0,,voiture,,5,2,6,1,6
202400037805,2024-07-19 09:40:00,2024,7,19,9,40,62,62064,Rue d’Albert,50.1000934,2.8332653,Plein jour,Hors agglomération,Intersection en T,Normale,Deux véhicules - côté,4,2,2,0,2,1,1,5,1,80,2,3,1,0,1,1,56.0,66.0,utilitaire_camion,voiture,1,1,3,1,3
202400037805,2024-07-19 09:40:00,2024,7,19,9,40,62,62064,Rue d’Albert,50.1000934,2.8332653,Plein jour,Hors agglomération,Intersection en T,Normale,Deux véhicules - côté,4,-1,2,0,1,1,1,0,1,50,2,3,1,0,1,1,56.0,66.0,utilitaire_camion,voiture,1,1,3,1,3
202400037806,2024-04-05 10:55:00,2024,4,5,10,55,974,97416,LEBLOND 1 (RUE MARIUS ET ARY),-21.3361,55.46902,Plein jour,En agglomération,Hors intersection,Normale,Trois véhicules et plus - collisions multiples,4,-1,2,0,1,1,1,0,1,50,3,4,3,0,0,1,33.0,61.0,voiture,voiture,1,2,1,1,5
202400037807,2024-08-27 22:10:00,2024,8,27,22,10,93,93010,GALLIENI (AV.) DE 2 A 96,48.90474848,2.47469293,Nuit avec éclairage allumé,En agglomération,Hors intersection,Normale,Autre collision,3,1,2,0,1,1,1,0,1,50,1,1,0,0,0,1,36.0,,deux_roues,,5,2,1,1,6
202400037808,2024-07-21 02:00:00,2024,7,21,2,0,59,59612,D109,50.210936,3.522003,Nuit sans éclairage public,Hors agglomération,Hors intersection,Normale,Deux véhicules - frontale,3,2,2,0,1,1,1,0,3,80,1,1,0,0,1,0,50.0,,voiture,,3,1,1,1,1
202400037809,2024-04-05 06:10:00,2024,4,5,6,10,974,97416,DE VILLIERS 5CHEMIN ADAM),-21.30656,55.42669,Crépuscule ou aube,Hors agglomération,Autre intersection,Normale,Deux véhicules - côté,4,2,4,0,1,1,1,0,1,50,2,2,1,0,0,1,19.0,,deux_roues,autre,2,1,9,1,3
202400037810,2024-08-26 21:40:00,2024,8,26,21,40,93,93027,Rue Charles Tillon / Rue Alfred Jarry,48.92174307,2.39444666,Nuit avec éclairage allumé,En agglomération,Intersection en X,Normale,Deux véhicules - côté,3,2,2,1,1,1,1,0,1,50,2,2,1,0,0,1,42.0,9.0,deux_roues,deux_roues,5,2,2,1,3
202400037810,2024-08-26 21:40:00,2024,8,26,21,40,93,93027,Rue Charles Tillon / Rue Alfred Jarry,48.92174307,2.39444666,Nuit avec éclairage allumé,En agglomération,Intersection en X,Normale,Deux véhicules - côté,3,2,2,0,1,1,1,0,1,50,2,2,1,0,0,1,42.0,9.0,deux_roues,deux_roues,5,2,2,1,3
202400037811,2024-04-05 18:25:00,2024,4,5,18,25,974,97411,JOFFRE (BOULEVARD),-20.87501,55.45399,Plein jour,En agglomération,Intersection en T,Normale,Deux véhicules - côté,2,2,2,0,1,3,1,0,1,50,2,2,1,0,0,1,29.0,50.0,deux_roues,voiture,1,2,3,1,3
202400037811,2024-04-05 18:25:00,2024,4,5,18,25,974,97411,JOFFRE (BOULEVARD),-20.87501,55.45399,Plein jour,En agglomération,Intersection en T,Normale,Deux véhicules - côté,2,1,2,0,1,2,1,0,1,50,2,2,1,0,0,1,29.0,50.0,deux_roues,voiture,1,2,3,1,3
202400037812,2024-07-19 15:50:00,2024,7,19,15,50,13,13212,A507 sens Marseille - Aubagne,43.31604003,5.42256832,Plein jour,Hors agglomération,Hors intersection,Normale,Deux véhicules - arrière,1,1,3,0,1,1,1,0,1,70,3,4,2,0,0,2,46.0,42.0,voiture,voiture,1,1,1,1,2
202400037813,2024-04-05 17:40:00,2024,4,5,17,40,973,97302,BOUDINOT (AUGUSTE) CITE THEMIRE,4.93336537,-52.31953919,Crépuscule ou aube,En agglomération,Hors intersection,Normale,Sans collision,4,2,2,0,1,1,1,0,1,50,1,2,0,0,0,2,30.0,,deux_roues,,2,2,1,1,7
202400037814,2024-08-26 07:23:00,2024,8,26,7,23,92,92050,GARCHES RUE DE,48.87817153,2.20559679,Plein jour,En agglomération,Autre intersection,Normale,Deux véhicules - côté,4,2,4,1,1,1,1,0,1,50,2,2,1,0,0,1,29.0,35.0,deux_roues,voiture,1,2,9,1,3
202400037815,2024-04-05 15:16:00,2024,4,5,15,16,973,97302,CONSTANT CHLORE(RUE),4.93443027,-52.32082263,Plein jour,En agglomération,Intersection en X,Normale,Deux véhicules - frontale,4,2,2,0,1,1,1,0,1,50,2,2,0,0,0,2,17.0,45.0,deux_roues,utilitaire_camion,1,2,2,1,1
202400037815,2024-04-05 15:16:00,2024,4,5,15,16,973,97302,CONSTANT CHLORE(RUE),4.93443027,-52.32082263,Plein jour,En agglomération,Intersection en X,Normale,Deux véhicules - frontale,4,1, -1,-1,1,1,1,0,1,-1,2,2,0,0,0,2,17.0,45.0,deux_roues,utilitaire_camion,1,2,2,1,1
202400037816,2024-08-27 00:57:00,2024,8,27,0,57,92,92044,ALSACE (RUE) N°19 + ET 20+,48.89200108,2.29677022,Nuit avec éclairage allumé,En agglomération,Hors intersection,Normale,Sans collision,4,2,2,0,1,1,1,6,8,30,1,1,0,0,0,1,21.0,,deux_roues,,5,2,1,1,7
202400037817,2024-07-20 12:18:00,2024,7,20,12,18,33,33192,,44.777709,-0.644864,Plein jour,Hors agglomération,Hors intersection,Normale,Trois véhicules et plus - en chaîne,1,3,4,0,1,1,1,3,1,90,3,8,4,0,0,4,44.0,47.0,voiture,voiture,1,1,1,1,4
202400037818,2024-04-04 19:34:00,2024,4,4,19,34,972,97213,ROUTE DEPARTEMENTALE 13,14.6341,-61.01744,Nuit sans éclairage public,Hors agglomération,Intersection en X,Normale,Trois véhicules et plus - en chaîne,3,2,0,0,1,1,1,0,1,70,3,3,1,0,0,2,19.0,51.0,voiture,voiture,3,1,2,1,4
202400037818,2024-04-04 19:34:00,2024,4,4,19,34,972,97213,ROUTE DEPARTEMENTALE 13,14.6341,-61.01744,Nuit sans éclairage public,Hors agglomération,Intersection en X,Normale,Trois véhicules et plus - en chaîne,3,2,2,0,2,1,1,0,1,70,3,3,1,0,0,2,19.0,51.0,voiture,voiture,3,1,2,1,4
202400037819,2024-04-05 11:55:00,2024,4,5,11,55,972,97209,BISHOP (Avenue Maurice),14.60701,-61.05798,Plein jour,En agglomération,Hors intersection,Normale,Autre collision,2,-1,2,0,1,1,1,0,1,50,1,2,1,0,1,0,67.0,,deux_roues,,1,2,1,1,6
202400037820,2024-07-20 13:15:00,2024,7,20,13,15,91,91477,AUTOROUTE A10,48.71789,2.26163,Plein jour,Hors agglomération,Autre intersection,Normale,Deux véhicules - arrière,1,1,3,0,1,1,1,0,1,90,2,2,0,0,0,2,23.0,29.0,voiture,utilitaire_camion,1,1,9,1,2
202400037821,2024-04-04 20:55:00,2024,4,4,20,55,972,97209,AUTOROUTE (A1),14.61584,-61.04372,Nuit avec éclairage allumé,Hors agglomération,Hors intersection,Normale,Sans collision,1,1,3,3,4,1,1,0,6,90,1,1,0,0,0,1,30.0,,voiture,,5,1,1,1,7
202400037822,2024-08-26 08:30:00,2024,8,26,8,30,94,94003,AVENUE ARISTIDE BRIAND  N° 2 A 98,48.8094472,2.32628256,Plein jour,En agglomération,Giratoire,Normale,Deux véhicules - arrière,3,1,2,0,1,1,1,0,1,50,2,3,1,0,0,2,41.0,71.0,utilitaire_camion,deux_roues,1,2,6,1,2
202400037823,2024-04-05 19:45:00,2024,4,5,19,45,69,69385,Avenue Général Eisenhower,45.75444,4.78215,Crépuscule ou aube,En agglomération,Intersection en X,Normale,Deux véhicules - côté,4,2,4,0,2,1,1,0,1,30,2,3,1,0,0,2,46.0,45.0,deux_roues,voiture,2,2,2,1,3
202400037823,2024-04-05 19:45:00,2024,4,5,19,45,69,69385,Avenue Général Eisenhower,45.75444,4.78215,Crépuscule ou aube,En agglomération,Intersection en X,Normale,Deux véhicules - côté,4,2,3,0,1,1,1,0,1,30,2,3,1,0,0,2,46.0,45.0,deux_roues,voiture,2,2,2,1,3
202400037824,2024-08-27 15:13:00,2024,8,27,15,13,78,78356,80 Route de Versailles,48.720082,2.087826,Plein jour,Hors agglomération,Giratoire,Normale,Deux véhicules - arrière,3,2, -1,-1,1,1,1,0,1,-1,2,2,1,0,1,0,86.0,22.0,voiture,voiture,1,1,6,1,2
202400037824,2024-08-27 15:13:00,2024,8,27,15,13,78,78356,80 Route de Versailles,48.720082,2.087826,Plein jour,Hors agglomération,Giratoire,Normale,Deux véhicules - arrière,3,2,1,0,1,2,1,0,1,30,2,2,1,0,1,0,86.0,22.0,voiture,voiture,1,1,6,1,2
202400037825,2024-04-05 16:25:00,2024,4,5,16,25,69,69149,Avenue du Rhône,45.7171055,4.81429993,Plein jour,En agglomération,Hors intersection,Normale,Autre collision,4,2,2,0,1,1,1,0,1,30,1,2,1,0,0,1,46.0,,voiture,,1,2,1,1,6
202400037826,2024-07-19 17:50:00,2024,7,19,17,50,94,94004,N19,48.74854,2.5153,Plein jour,Hors agglomération,Hors intersection,Normale,Trois véhicules et plus - en chaîne,2,1,0,0,1,2,1,1,1,90,3,6,0,0,1,5,23.0,85.0,deux_roues,voiture,1,1,1,1,4
202400037827,2024-04-05 12:10:00,2024,4,5,12,10,69,69034,Rue Pasteur,45.79646,4.84905,Plein jour,En agglomération,Hors intersection,Normale,Autre collision,4,2,2,3,2,1,1,0,1,50,1,2,1,0,0,1,76.0,,voiture,,1,2,1,1,6
202400037828,2024-08-27 18:10:00,2024,8,27,18,10,09,09268,Rue Hotel Dieu,43.001837,1.137942,Plein jour,En agglomération,Intersection en Y,Normale,Deux véhicules - côté,4,2, -1,-1,1,1,1,0,1,50,2,2,1,0,1,0,46.0,84.0,deux_roues,voiture,1,2,4,1,3
202400037828,2024-08-27 18:10:00,2024,8,27,18,10,09,09268,Rue Hotel Dieu,43.001837,1.137942,Plein jour,En agglomération,Intersection en Y,Normale,Deux véhicules - côté,4,2,2,0,1,1,1,0,1,50,2,2,1,0,1,0,46.0,84.0,deux_roues,voiture,1,2,4,1,3
202400037829,2024-03-17 18:05:00,2024,3,17,18,5,69,69266,47 Rue Gabriel Péri,45.77254,4.86619,Crépuscule ou aube,En agglomération,Giratoire,Pluie légère,Autre collision,4,2,2,0,1,1,2,0,1,30,1,2,1,0,0,1,31.0,,voiture,,2,2,6,2,6
202400037829,2024-03-17 18:05:00,2024,3,17,18,5,69,69266,47 Rue Gabriel Péri,45.77254,4.86619,Crépuscule ou aube,En agglomération,Giratoire,Pluie légère,Autre collision,4,1,2,0,1,1,2,0,1,30,1,2,1,0,0,1,31.0,,voiture,,2,2,6,2,6
202400037830,2024-04-04 13:00:00,2024,4,4,13,0,971,97101,RN05,16.30336225,-61.49401903,Plein jour,Hors agglomération,Hors intersection,Normale,Deux véhicules - arrière,2,1,1,0,1,3,1,0,1,90,2,5,2,0,0,3,35.0,62.0,voiture,voiture,1,1,1,1,2
202400037831,2024-07-19 17:15:00,2024,7,19,17,15,974,97416,DELISLES (ROUTE HUBERT) CD3,-21.31945,55.55105,Plein jour,Hors agglomération,Hors intersection,Normale,Deux véhicules - frontale,3,2,2,0,1,1,1,0,1,50,2,2,1,0,0,1,20.0,39.0,deux_roues,voiture,1,1,1,1,1
202400037832,2024-08-28 11:30:00,2024,8,28,11,30,33,33002,,44.448778,-0.072527,Plein jour,Hors agglomération,Hors intersection,Temps éblouissant,Deux véhicules - frontale,3,2,2,0,3,1,1,0,1,80,2,2,0,0,1,1,45.0,52.0,voiture,deux_roues,1,1,1,7,1
202400037833,2024-04-06 00:20:00,2024,4,6,0,20,2A,2A004,T21,41.92711185,8.78929853,Nuit avec éclairage allumé,Hors agglomération,Hors intersection,Normale,Autre collision,2,1,4,0,1,1,1,0,1,90,1,2,1,0,0,1,19.0,,voiture,,5,1,1,1,6
202400037834,2024-07-19 08:15:00,2024,7,19,8,15,974,97411,CAMELIAS (RUE DES),-20.89678,55.46478,Plein jour,En agglomération,Hors intersection,Normale,Autre collision,4,-1,2,0,2,1,1,0,1,50,1,2,1,0,0,1,27.0,,voiture,,1,2,1,1,6
202400037835,2024-04-05 18:25:00,2024,4,5,18,25,95,95539,D301,48.99321569,2.36066985,Plein jour,Hors agglomération,Hors intersection,Pluie légère,Trois véhicules et plus - collisions multiples,3,3,4,0,1,1,2,0,1,70,3,3,2,0,0,1,59.0,,voiture,voiture,1,1,1,2,5
202400037836,2024-08-22 17:30:00,2024,8,22,17,30,68,68023,Rue du Petit Château,48.156474,7.337038,Plein jour,Hors agglomération,Hors intersection,Normale,Deux véhicules - côté,4,-1,2,1,4,1,1,0,1,80,2,2,1,0,1,0,52.0,57.0,deux_roues,voiture,1,1,1,1,3
202400037837,2024-04-05 15:55:00,2024,4,5,15,55,95,95607,GEORGES VALLEREY (SQUARE),49.016851,2.211505,Plein jour,En agglomération,Hors intersection,Normale,Deux véhicules - côté,4,-1,0,1,1,2,1,0,5,30,2,2,0,0,0,2,30.0,49.0,deux_roues,deux_roues,1,2,1,1,3
202400037838,2024-07-19 06:55:00,2024,7,19,6,55,974,97411,LATTRE DE TASSIGNY (AVENUE MARECHAL DE),-20.88765,55.47245,Plein jour,En agglomération,Giratoire,Normale,Autre collision,4,1,3,3,1,1,1,5,1,50,1,2,1,0,0,1,,,utilitaire_camion,,1,2,6,1,6
202400037838,2024-07-19 06:55:00,2024,7,19,6,55,974,97411,LATTRE DE TASSIGNY (AVENUE MARECHAL DE),-20.88765,55.47245,Plein jour,En agglomération,Giratoire,Normale,Autre collision,4,3,3,3,1,1,1,5,1,50,1,2,1,0,0,1,,,utilitaire_camion,,1,2,6,1,6
202400037839,2024-04-04 16:30:00,2024,4,4,16,30,95,95203,D928,48.99719632,2.26969491,Plein jour,En agglomération,Hors intersection,Normale,Deux véhicules - arrière,3,2,2,1,1,1,1,0,1,50,2,2,1,0,0,1,57.0,47.0,voiture,voiture,1,2,1,1,2
202400037840,2024-08-27 21:20:00,2024,8,27,21,20,85,85223,Avenue des Tilleuls,46.52958,-1.072605,Nuit avec éclairage allumé,Hors agglomération,Intersection en X,Normale,Deux véhicules - côté,4,2,2,0,1,3,1,5,1,50,2,2,1,0,1,0,50.0,22.0,utilitaire_camion,deux_roues,5,1,2,1,3
202400037840,2024-08-27 21:20:00,2024,8,27,21,20,85,85223,Avenue des Tilleuls,46.52958,-1.072605,Nuit avec éclairage allumé,Hors agglomération,Intersection en X,Normale,Deux véhicules - côté,4,2, -1,-1,1,3,1,0,1,-1,2,2,1,0,1,0,50.0,22.0,utilitaire_camion,deux_roues,5,1,2,1,3
202400037841,2024-07-18 16:50:00,2024,7,18,16,50,974,97407,ROUTE DU SACRE COEUR,-20.95888,55.32006,Plein jour,En agglomération,Autre intersection,Normale,Deux véhicules - côté,4,2,2,0,1,1,1,0,1,50,2,3,0,0,0,3,22.0,28.0,deux_roues,voiture,1,2,9,1,3
202400037842,2024-04-05 06:15:00,2024,4,5,6,15,91,91377,AV DU MARECHAL LECLERC,48.727377,2.300039,Nuit avec éclairage allumé,En agglomération,Autre intersection,Normale,Deux véhicules - arrière,3,3,2,0,1,1,1,0,1,50,2,2,1,0,0,1,36.0,55.0,utilitaire_camion,utilitaire_camion,5,2,9,1,2
202400037843,2024-08-26 19:45:00,2024,8,26,19,45,62,62451,Rue Charlotte,50.4761212,2.27226993,Plein jour,En agglomération,Hors intersection,Normale,Deux véhicules - frontale,4,2,2,0,1,3,9,0,1,30,2,2,1,0,0,1,16.0,16.0,deux_roues,deux_roues,1,2,1,1,1
202400037844,2024-04-05 12:05:00,2024,4,5,12,5,91,91687,GENERAL DE GAULLE (AVENUE DU),48.678491,2.382529,Plein jour,En agglomération,Hors intersection,Normale,Deux véhicules - côté,3,2,4,0,1,1,1,0,1,50,2,2,1,0,0,1,23.0,28.0,deux_roues,utilitaire_camion,1,2,1,1,3
202400037845,2024-07-19 15:29:00,2024,7,19,15,29,973,97302,BOULEVARD DES CITES,4.92500244,-52.31710643,Plein jour,En agglomération,Intersection en X,Normale,Deux véhicules - côté,4,2,2,0,1,1,1,0,1,50,2,2,1,0,0,1,76.0,21.0,voiture,deux_roues,1,2,2,1,3
202400037845,2024-07-19 15:29:00,2024,7,19,15,29,973,97302,BOULEVARD DES CITES,4.92500244,-52.31710643,Plein jour,En agglomération,Intersection en X,Normale,Deux véhicules - côté,4,2,2,0,1,1,1,0,1,50,2,2,1,0,0,1,76.0,21.0,voiture,deux_roues,1,2,2,1,3
202400037846,2024-08-28 02:14:00,2024,8,28,2,14,34,34090,Rue Antoine Blanchemain,43.663431,3.924819,Nuit avec éclairage non allumé,En agglomération,Hors intersection,Normale,Sans collision,4,2,2,0,2,3,1,0,4,30,1,2,0,0,1,1,28.0,,deux_roues,,4,2,1,1,7
202400037847,2024-04-05 16:16:00,2024,4,5,16,16,90,90010,SARRAIL (AVENUE),47.63615,6.86181,Plein jour,En agglomération,Hors intersection,Normale,Deux véhicules - côté,4,-1,2,0,1,1,1,0,1,50,2,2,1,0,0,1,51.0,44.0,voiture,deux_roues,1,2,1,1,3
202400037848,2024-07-19 18:15:00,2024,7,19,18,15,69,69383,Cours Eugénie,45.74035,4.88843,Plein jour,En agglomération,Intersection en X,Normale,Deux véhicules - côté,4,2,2,0,1,1,1,0,1,30,2,2,1,0,0,1,50.0,48.0,voiture,deux_roues,1,2,2,1,3
202400037848,2024-07-19 18:15:00,2024,7,19,18,15,69,69383,Cours Eugénie,45.74035,4.88843,Plein jour,En agglomération,Intersection en X,Normale,Deux véhicules - côté,4,2,2,3,1,1,1,0,1,50,2,2,1,0,0,1,50.0,48.0,voiture,deux_roues,1,2,2,1,3
202400037849,2024-08-22 15:25:00,2024,8,22,15,25,67,67486,Rue de Wittisheim,48.253298,7.592508,Plein jour,Hors agglomération,Giratoire,Normale,Deux véhicules - côté,3,1,2,0,1,1,1,0,1,-1,2,2,1,0,1,0,72.0,70.0,voiture,deux_roues,1,1,6,1,3
202400037850,2024-07-19 13:05:00,2024,7,19,13,5,69,69388,Rue Marius Berliet,45.74599452,4.85922083,Plein jour,En agglomération,Passage à niveau,Normale,Autre collision,4,1,1,3,1,1,1,4,6,30,1,2,1,0,0,1,56.0,,transport_commun,,1,2,8,1,6
202400037850,2024-07-19 13:05:00,2024,7,19,13,5,69,69388,Rue Marius Berliet,45.74599452,4.85922083,Plein jour,En agglomération,Passage à niveau,Normale,Autre collision,4,2,2,1,1,1,1,4,6,30,1,2,1,0,0,1,56.0,,transport_commun,,1,2,8,1,6
202400037851,2024-08-27 09:30:00,2024,8,27,9,30,81,81201,D78/ chemin la gaye,44.110961,2.219582,Plein jour,Hors agglomération,Intersection en Y,Normale,Autre collision,3,2,2,0,2,2,1,0,3,90,1,1,0,0,1,0,55.0,,deux_roues,,1,1,4,1,6
202400037851,2024-08-27 09:30:00,2024,8,27,9,30,81,81201,D78/ chemin la gaye,44.110961,2.219582,Plein jour,Hors agglomération,Intersection en Y,Normale,Autre collision,3,2, -1,-1,1,1,1,5,1,80,1,1,0,0,1,0,55.0,,deux_roues,,1,1,4,1,6
202400037852,2024-04-05 15:20:00,2024,4,5,15,20,89,89127,SENS A PONT SUR YONNE(ROUTE DE),48.23064,3.25699,Plein jour,Hors agglomération,Hors intersection,Normale,Deux véhicules - arrière,3,2,2,0,1,1,1,0,8,90,2,2,1,0,0,1,42.0,33.0,voiture,voiture,1,1,1,1,2
202400037853,2024-08-27 07:35:00,2024,8,27,7,35,11,11206,Route départementale 118,43.044225,2.232228,Crépuscule ou aube,En agglomération,Giratoire,Temps éblouissant,Autre collision,3,2,2,0,1,3,1,0,1,50,1,2,1,0,1,0,23.0,,voiture,,2,2,6,7,6
202400037854,2024-07-19 20:45:00,2024,7,19,20,45,69,69389,Avenue Sidoine Apollinaire,45.76494,4.80114,Plein jour,En agglomération,Intersection en T,Normale,Deux véhicules - côté,4,2,3,3,1,1,1,0,1,30,2,3,2,0,1,0,36.0,21.0,voiture,deux_roues,1,2,3,1,3
202400037854,2024-07-19 20:45:00,2024,7,19,20,45,69,69389,Avenue Sidoine Apollinaire,45.76494,4.80114,Plein jour,En agglomération,Intersection en T,Normale,Deux véhicules - côté,4,2,2,3,2,4,1,0,1,50,2,3,2,0,1,0,36.0,21.0,voiture,deux_roues,1,2,3,1,3
202400037855,2024-08-28 16:14:00,2024,8,28,16,14,61,61462,D774,48.724533,-0.03979,Plein jour,En agglomération,Hors intersection,Normale,Deux véhicules - côté,3,2,2,0,1,1,1,0,1,50,2,2,1,0,1,0,44.0,59.0,utilitaire_camion,deux_roues,1,2,1,1,3
202400037856,2024-07-19 17:35:00,2024,7,19,17,35,69,69152,Chemin d'Yvours,45.6929,4.82784,Plein jour,Hors agglomération,Hors intersection,Normale,Deux véhicules - côté,7,1,2,0,1,2,1,0,1,50,2,2,1,0,0,1,44.0,22.0,voiture,deux_roues,1,1,1,1,3
202400037857,2024-08-25 20:30:00,2024,8,25,20,30,12,12270,ex N88,44.346655,2.957602,Crépuscule ou aube,Hors agglomération,Hors intersection,Normale,Deux véhicules - arrière,3,2,2,0,1,3,1,0,1,80,2,2,1,0,0,1,41.0,,deux_roues,voiture,2,1,1,1,2
202400037858,2024-07-19 10:45:00,2024,7,19,10,45,69,69389,49 Grande Rue de Saint Rambert,45.80008,4.83511,Plein jour,En agglomération,Hors intersection,Normale,Deux véhicules - côté,4,1,1,0,2,2,1,0,1,30,2,2,1,0,1,0,4.0,72.0,deux_roues,voiture,1,2,1,1,3
202400037859,2024-08-27 16:30:00,2024,8,27,16,30,44,44175,120 Kerbrotin,47.366483,-2.331827,Plein jour,En agglomération,Hors intersection,Normale,Deux véhicules - côté,3,2,2,0,1,3,1,0,1,50,2,2,1,0,1,0,32.0,28.0,deux_roues,voiture,1,2,1,1,3
202400037860,2024-07-19 19:13:00,2024,7,19,19,13,2B,2B033,IMPERIALE - ROUTE,42.39,9.26,Plein jour,En agglomération,Giratoire,Normale,Deux véhicules - côté,3,2,2,0,1,1,1,0,1,50,2,7,3,0,0,4,44.0,35.0,voiture,voiture,1,2,6,1,3
202400037860,2024-07-19 19:13:00,2024,7,19,19,13,2B,2B033,IMPERIALE - ROUTE,42.39,9.26,Plein jour,En agglomération,Giratoire,Normale,Deux véhicules - côté,3,2,2,0,1,1,1,0,1,50,2,7,3,0,0,4,44.0,35.0,voiture,voiture,1,2,6,1,3
202400037861,2024-08-28 04:00:00,2024,8,28,4,0,03,03208,31 Route du Donjon,46.422809,3.906636,Nuit sans éclairage public,Hors agglomération,Hors intersection,Normale,Autre collision,3,2,2,0,1,1,1,0,3,90,1,1,0,0,1,0,21.0,,voiture,,3,1,1,1,6
202400037862,2024-07-19 13:10:00,2024,7,19,13,10,971,97107,FLAMBOYANTS ( ALLEE DES ),16.05168,-61.56422,Plein jour,En agglomération,Hors intersection,Normale,Deux véhicules - côté,3,2,2,0,1,1,1,0,1,50,2,2,1,0,1,0,36.0,24.0,deux_roues,voiture,1,2,1,1,3
202400037863,2024-08-27 17:00:00,2024,8,27,17,0,01,01145,D17,46.070815,5.193379,Plein jour,Hors agglomération,Intersection en Y,Normale,Deux véhicules - frontale,3,2,2,0,1,1,1,0,1,80,2,3,0,0,0,3,47.0,75.0,voiture,voiture,1,1,4,1,1