accident_id,datetime,annee,mois,jour,heure,minute,departement,commune_insee,adresse,latitude,longitude,luminosite,agglomeration,intersection,meteo,collision,catr,circ,nbv,vosp,prof,plan,surf,infra,situ,vma,nb_vehicules,nb_usagers,nb_indemnes,nb_tues,nb_blesses_hosp,nb_blesses_legers,age_cond_1,age_cond_2,veh_type_cond_1,veh_type_cond_2,lum_code,agg_code,int_code,atm_code,col_code
202400038078,2024-08-26 06:15:00,2024,8,26,6,15,14,14699,1 Rue des Bateliers,49.34768,0.09366,Crépuscule ou aube,En agglomération,Intersection en T,Normale,Deux véhicules - frontale,4,2,2,0,1,1,1,0,1,-1,2,2,1,0,0,1,42.0,50.0,voiture,voiture,2,2,3,1,1
202400038078,2024-08-26 06:15:00,2024,8,26,6,15,14,14699,1 Rue des Bateliers,49.34768,0.09366,Crépuscule ou aube,En agglomération,Intersection en T,Normale,Deux véhicules - frontale,4,2,2,0,1,2,1,0,1,50,2,2,1,0,0,1,42.0,50.0,voiture,voiture,2,2,3,1,1
202400038079,2024-09-27 21:15:00,2024,9,27,21,15,84,84044,Route de Mollans sur Ouvèze,44.226251,5.162287,Nuit sans éclairage public,Hors agglomération,Hors intersection,Normale,Sans collision,3,2,2,0,4,3,1,0,3,80,1,1,0,0,1,0,67.0,,voiture,,3,1,1,1,7
202400038080,2024-08-25 22:30:00,2024,8,25,22,30,14,14333,48 Rue Bourdet,49.41642,0.23329,Nuit avec éclairage allumé,En agglomération,Hors intersection,Normale,Sans collision,4,1,1,0,1,1,1,0,1,30,1,1,0,0,0,1,29.0,,utilitaire_camion,,5,2,1,1,7
202400038081,2024-07-14 02:45:00,2024,7,14,2,45,94,94002,99 Rue Véron,48.81038,2.414308,Nuit avec éclairage allumé,En agglomération,Hors intersection,Normale,Autre collision,4,1,1,0,1,1,1,0,1,50,1,1,0,0,0,1,38.0,,deux_roues,,5,2,1,1,6
202400038082,2024-10-01 09:35:00,2024,10,1,9,35,31,31113,D57,43.512018,1.504965,Crépuscule ou aube,En agglomération,Hors intersection,Normale,Autre collision,3,3,2,0,1,1,1,0,8,30,1,2,1,0,1,0,23.0,,voiture,,2,2,1,1,6
202400038083,2024-08-26 23:51:00,2024,8,26,23,51,13,13208,PRADO (AVENUE DU),43.27868,5.38753,Nuit avec éclairage allumé,En agglomération,Intersection en X,Normale,Deux véhicules - côté,4,1,1,0,4,1,1,0,1,50,2,2,1,0,0,1,22.0,,deux_roues,voiture,5,2,2,1,3
202400038083,2024-08-26 23:51:00,2024,8,26,23,51,13,13208,PRADO (AVENUE DU),43.27868,5.38753,Nuit avec éclairage allumé,En agglomération,Intersection en X,Normale,Deux véhicules - côté,4,1,1,0,1,1,1,0,1,50,2,2,1,0,0,1,22.0,,deux_roues,voiture,5,2,2,1,3
202400038084,2024-07-19 12:30:00,2024,7,19,12,30,93,93053,Rue Paul Vaillant Couturier,48.89114205,2.44886594,Plein jour,En agglomération,Hors intersection,Normale,Deux véhicules - côté,3,2,2,0,1,1,1,0,1,50,2,2,1,0,0,1,28.0,48.0,deux_roues,utilitaire_camion,1,2,1,1,3
202400038085,2024-08-26 06:50:00,2024,8,26,6,50,13,13213,BARA (BOULEVARD),43.34905877,5.44479109,Crépuscule ou aube,En agglomération,Hors intersection,Normale,Deux véhicules - arrière,4,2,2,0,1,1,1,0,1,50,1,2,1,0,0,1,,,deux_roues,,2,2,1,1,2
202400038086,2024-10-01 21:30:00,2024,10,1,21,30,54,54135,A31,48.503276,5.910966,Nuit sans éclairage public,Hors agglomération,Hors intersection,Pluie légère,Autre collision,1,1,2,0,1,1,2,0,1,130,3,5,1,0,1,3,35.0,71.0,voiture,voiture,3,1,1,2,6
202400038087,2024-07-19 17:45:00,2024,7,19,17,45,93,93031,Avenue de la République / Avenue de Lattre de Tassigny / Rue de Paris,48.95305925,2.31579383,Plein jour,En agglomération,Intersection en X,Normale,Deux véhicules - côté,3,3,4,3,1,1,1,0,1,50,2,2,1,0,0,1,23.0,47.0,deux_roues,utilitaire_camion,1,2,2,1,3
202400038087,2024-07-19 17:45:00,2024,7,19,17,45,93,93031,Avenue de la République / Avenue de Lattre de Tassigny / Rue de Paris,48.95305925,2.31579383,Plein jour,En agglomération,Intersection en X,Normale,Deux véhicules - côté,3,2,2,0,1,2,1,0,1,-1,2,2,1,0,0,1,23.0,47.0,deux_roues,utilitaire_camion,1,2,2,1,3
202400038087,2024-07-19 17:45:00,2024,7,19,17,45,93,93031,Avenue de la République / Avenue de Lattre de Tassigny / Rue de Paris,48.95305925,2.31579383,Plein jour,En agglomération,Intersection en X,Normale,Deux véhicules - côté,3,3,4,3,1,1,1,0,1,50,2,2,1,0,0,1,23.0,47.0,deux_roues,utilitaire_camion,1,2,2,1,3
202400038088,2024-08-22 21:40:00,2024,8,22,21,40,13,13206,LIEUTAUD (COURS),43.28911,5.38419,Nuit avec éclairage allumé,En agglomération,Intersection en X,Normale,Deux véhicules - côté,4,1,1,0,2,1,1,0,1,50,2,3,1,0,0,2,18.0,41.0,deux_roues,voiture,5,2,2,1,3
202400038088,2024-08-22 21:40:00,2024,8,22,21,40,13,13206,LIEUTAUD (COURS),43.28911,5.38419,Nuit avec éclairage allumé,En agglomération,Intersection en X,Normale,Deux véhicules - côté,4,2,2,0,1,1,1,0,1,50,2,3,1,0,0,2,18.0,41.0,deux_roues,voiture,5,2,2,1,3
202400038089,2024-10-01 15:50:00,2024,10,1,15,50,22,22084,RN 12 PK 22+650 dans le sens RENNES vers SAINT BRIEUC,48.376212,-2.360392,Plein jour,Hors agglomération,Hors intersection,Normale,Autre collision,2,3,2,0,2,1,1,0,8,110,1,2,0,0,0,2,77.0,,voiture,,1,1,1,1,6
202400038090,2024-07-19 11:21:00,2024,7,19,11,21,93,93031,Boulevard Foch,48.9479,2.33192,Plein jour,En agglomération,Hors intersection,Normale,Deux véhicules - arrière,3,2,2,0,1,1,1,0,1,50,2,2,1,0,0,1,56.0,47.0,voiture,voiture,1,2,1,1,2
202400038091,2024-10-01 20:45:00,2024,10,1,20,45,83,83091,14,43.226842,6.122244,Nuit sans éclairage public,Hors agglomération,Hors intersection,Normale,Deux véhicules - frontale,3,2,2,0,1,1,1,0,1,90,2,3,0,0,2,1,23.0,26.0,voiture,voiture,3,1,1,1,1
202400038092,2024-07-19 18:20:00,2024,7,19,18,20,93,93029,Avenue Jean Jaures,48.91747841,2.45611089,Plein jour,En agglomération,Hors intersection,Normale,Deux véhicules - côté,3,2,2,0,1,1,1,0,1,50,2,2,1,0,0,1,17.0,25.0,deux_roues,voiture,1,2,1,1,3
202400038093,2024-08-24 15:58:00,2024,8,24,15,58,10,10081,Avenue du Général Sarrail,48.3042,4.03286,Plein jour,En agglomération,Intersection en X,Normale,Deux véhicules - arrière,4,2,2,0,1,1,1,0,1,50,2,6,4,0,0,2,31.0,27.0,voiture,utilitaire_camion,1,2,2,1,2
202400038093,2024-08-24 15:58:00,2024,8,24,15,58,10,10081,Avenue du Général Sarrail,48.3042,4.03286,Plein jour,En agglomération,Intersection en X,Normale,Deux véhicules - arrière,4,2,2,0,1,1,1,0,1,50,2,6,4,0,0,2,31.0,27.0,voiture,utilitaire_camion,1,2,2,1,2
202400038094,2024-10-01 12:00:00,2024,10,1,12,0,01,01033,avenue saint-exupéry  (Bellegarde-sur-Valserine),46.117744,5.816,Plein jour,En agglomération,Autre intersection,Pluie légère,Autre collision,3,2,2,0,1,1,2,0,8,50,1,3,1,0,0,2,18.0,,voiture,,1,2,9,2,6
202400038095,2024-08-26 07:26:00,2024,8,26,7,26,06,06123,25 Avenue Pierre et Marie Curie,43.683222,7.188404,Plein jour,Hors agglomération,Hors intersection,Normale,Autre collision,7,2,3,0,1,1,1,0,1,50,1,2,1,0,0,1,39.0,,utilitaire_camion,,1,1,1,1,6
202400038096,2024-07-18 17:50:00,2024,7,18,17,50,93,93027,Rue de Saint-Denis,48.93046948,2.3834753,Plein jour,En agglomération,Hors intersection,Normale,Deux véhicules - côté,3,3,2,2,1,1,1,0,1,50,2,2,1,0,1,0,22.0,37.0,deux_roues,deux_roues,1,2,1,1,3
202400038097,2024-10-01 20:30:00,2024,10,1,20,30,62,62600,D90,50.51810313,2.37106284,Nuit sans éclairage public,Hors agglomération,Hors intersection,Pluie forte,Deux véhicules - frontale,3,2,2,0,1,1,2,0,1,80,2,2,0,0,2,0,24.0,28.0,deux_roues,deux_roues,3,1,1,3,1
202400038098,2024-08-26 09:15:00,2024,8,26,9,15,75,75117,BD PERIPHERIQUE INTERIEUR,48.899311,2.31838,Plein jour,En agglomération,Hors intersection,Normale,Trois véhicules et plus - en chaîne,4,1,4,0,1,1,1,0,1,70,3,3,2,0,0,1,30.0,41.0,deux_roues,voiture,1,2,1,1,4
202400038099,2024-07-19 04:45:00,2024,7,19,4,45,93,93008,Avenue Henri Barbusse / Rue de la République,48.90757988,2.42576122,Nuit avec éclairage allumé,En agglomération,Autre intersection,Normale,Deux véhicules - côté,3,3,4,1,1,1,1,0,1,50,2,2,1,0,0,1,37.0,24.0,voiture,deux_roues,5,2,9,1,3
202400038099,2024-07-19 04:45:00,2024,7,19,4,45,93,93008,Avenue Henri Barbusse / Rue de la République,48.90757988,2.42576122,Nuit avec éclairage allumé,En agglomération,Autre intersection,Normale,Deux véhicules - côté,3,3,2,0,2,1,1,0,1,50,2,2,1,0,0,1,37.0,24.0,voiture,deux_roues,5,2,9,1,3
202400038100,2024-10-02 05:15:00,2024,10,2,5,15,57,57628,Rue Jean Moulin,48.999384,7.025086,Nuit avec éclairage allumé,En agglomération,Hors intersection,Pluie légère,Autre collision,3,2,2,0,1,2,2,0,1,50,1,2,0,1,0,1,33.0,,voiture,,5,2,1,2,6
202400038101,2024-08-26 07:00:00,2024,8,26,7,0,75,75120,BD PERIPHERIQUE EXTERIEUR,48.848263,2.414947,Plein jour,En agglomération,Hors intersection,Normale,Deux véhicules - arrière,4,1,4,0,1,1,1,0,1,70,2,2,1,0,0,1,51.0,51.0,deux_roues,utilitaire_camion,1,2,1,1,2
202400038102,2024-07-19 11:00:00,2024,7,19,11,0,92,92040,AUGUSTE GERVAIS,48.82307894,2.27335221,Plein jour,En agglomération,Intersection en X,Normale,Deux véhicules - côté,3,2, -1,0,2,1,1,0,1,30,2,2,1,0,0,1,23.0,55.0,deux_roues,utilitaire_camion,1,2,2,1,3
202400038102,2024-07-19 11:00:00,2024,7,19,11,0,92,92040,AUGUSTE GERVAIS,48.82307894,2.27335221,Plein jour,En agglomération,Intersection en X,Normale,Deux véhicules - côté,3,1, -1,0,1,1,1,0,1,30,2,2,1,0,0,1,23.0,55.0,deux_roues,utilitaire_camion,1,2,2,1,3
202400038103,2024-09-30 08:30:00,2024,9,30,8,30,51,51193,Rue Flaubert,48.989634,4.511669,Plein jour,En agglomération,Intersection en X,Pluie légère,Deux véhicules - côté,4,2, -1,-1,1,1,2,0,1,50,2,3,2,0,0,1,33.0,63.0,voiture,voiture,1,2,2,2,3
202400038103,2024-09-30 08:30:00,2024,9,30,8,30,51,51193,Rue Flaubert,48.989634,4.511669,Plein jour,En agglomération,Intersection en X,Pluie légère,Deux véhicules - côté,4,2,2,0,1,1,2,0,1,50,2,3,2,0,0,1,33.0,63.0,voiture,voiture,1,2,2,2,3
202400038104,2024-08-25 20:35:00,2024,8,25,20,35,75,75116,BD PERIPHERIQUE EXTERIEUR,48.844085,2.254681,Plein jour,En agglomération,Hors intersection,Normale,Deux véhicules - arrière,4,1,4,0,1,1,1,1,1,70,2,3,0,0,0,3,29.0,27.0,voiture,voiture,1,2,1,1,2
202400038105,2024-09-30 18:58:00,2024,9,30,18,58,19,19190,D93,45.495428,2.419063,Plein jour,Hors agglomération,Hors intersection,Normale,Deux véhicules - frontale,3,2,2,0,1,3,1,0,1,90,2,2,1,0,1,0,16.0,73.0,deux_roues,voiture,1,1,1,1,1
202400038106,2024-07-18 14:20:00,2024,7,18,14,20,92,92036,LOUIS ROCHE (AVENUE) (1/45),48.92971728,2.30918249,Plein jour,En agglomération,Intersection en T,Normale,Deux véhicules - côté,3,2,2,0,1,1,1,0,1,50,2,3,1,0,0,2,30.0,35.0,voiture,deux_roues,1,2,3,1,3
202400038106,2024-07-18 14:20:00,2024,7,18,14,20,92,92036,LOUIS ROCHE (AVENUE) (1/45),48.92971728,2.30918249,Plein jour,En agglomération,Intersection en T,Normale,Deux véhicules - côté,3,2,2,0,1,1,1,0,1,50,2,3,1,0,0,2,30.0,35.0,voiture,deux_roues,1,2,3,1,3
202400038107,2024-08-26 01:38:00,2024,8,26,1,38,75,75115,RUE DE LA CROIX NIVERT,48.840008,2.290357,Nuit avec éclairage allumé,En agglomération,Intersection en X,Normale,Deux véhicules - côté,4,2,3,0,1,1,1,0,1,30,2,4,2,0,0,2,48.0,41.0,utilitaire_camion,voiture,5,2,2,1,3
202400038107,2024-08-26 01:38:00,2024,8,26,1,38,75,75115,RUE DE LA CROIX NIVERT,48.840008,2.290357,Nuit avec éclairage allumé,En agglomération,Intersection en X,Normale,Deux véhicules - côté,4,2,3,0,1,1,1,0,1,30,2,4,2,0,0,2,48.0,41.0,utilitaire_camion,voiture,5,2,2,1,3
202400038108,2024-10-01 16:55:00,2024,10,1,16,55,56,56113,Rue des Hortensias,48.073219,-3.194892,Plein jour,Hors agglomération,Intersection en X,Normale,Deux véhicules - côté,3,2,2,0,2,3,1,0,1,70,2,2,1,1,0,0,23.0,73.0,utilitaire_camion,voiture,1,1,2,1,3
202400038108,2024-10-01 16:55:00,2024,10,1,16,55,56,56113,Rue des Hortensias,48.073219,-3.194892,Plein jour,Hors agglomération,Intersection en X,Normale,Deux véhicules - côté,3,2,2,0,1,1,1,0,1,50,2,2,1,1,0,0,23.0,73.0,utilitaire_camion,voiture,1,1,2,1,3
202400038109,2024-07-19 01:53:00,2024,7,19,1,53,92,92024,MARTRE (RUE) DE (59 A 109)   (58 A 120),48.90349237,2.30579317,Nuit avec éclairage allumé,En agglomération,Intersection en X,Normale,Deux véhicules - côté,3,3,3,0,1,1,1,9,1,50,2,3,2,0,0,1,58.0,30.0,transport_commun,voiture,5,2,2,1,3
202400038109,2024-07-19 01:53:00,2024,7,19,1,53,92,92024,MARTRE (RUE) DE (59 A 109)   (58 A 120),48.90349237,2.30579317,Nuit avec éclairage allumé,En agglomération,Intersection en X,Normale,Deux véhicules - côté,3,1,3,0,1,1,1,0,1,30,2,3,2,0,0,1,58.0,30.0,transport_commun,voiture,5,2,2,1,3
202400038110,2024-10-01 08:00:00,2024,10,1,8,0,79,79311,,46.629643,-0.434507,Crépuscule ou aube,Hors agglomération,Hors intersection,Pluie forte,Deux véhicules - arrière,3,2,2,0,1,1,2,0,1,80,2,2,1,0,0,1,37.0,66.0,utilitaire_camion,transport_commun,2,1,1,3,2
202400038111,2024-07-19 18:45:00,2024,7,19,18,45,92,92004,VOLTAIRE ( BD 16 A FIN ),48.91828725,2.28338206,Plein jour,En agglomération,Autre intersection,Normale,Autre collision,3,2,2,0,1,1,1,0,1,50,1,1,0,0,0,1,86.0,,voiture,,1,2,9,1,6
202400038112,2024-08-26 16:20:00,2024,8,26,16,20,75,75118,BOULEVARD PERIPHERIQUE INTERIEUR,48.900445,2.328746,Plein jour,En agglomération,Hors intersection,Normale,Deux véhicules - arrière,4,3,6,0,1,1,1,0,1,70,2,4,3,0,0,1,32.0,19.0,voiture,voiture,1,2,1,1,2
202400038113,2024-10-01 11:00:00,2024,10,1,11,0,2B,2B343,DICEPPO - RT10,42.492629,9.474185,Plein jour,En agglomération,Hors intersection,Normale,Deux véhicules - arrière,2,2,2,0,2,1,1,0,1,70,2,2,1,0,0,1,21.0,31.0,voiture,utilitaire_camion,1,2,1,1,2
202400038114,2024-07-19 11:40:00,2024,7,19,11,40,60,60338,D98,49.348192,2.771409,Plein jour,Hors agglomération,Hors intersection,Normale,Autre collision,3,2,2,0,1,1,1,0,1,80,1,2,0,0,0,2,29.0,,deux_roues,,1,1,1,1,6
202400038115,2024-10-01 15:00:00,2024,10,1,15,0,71,71263,Chemin des Salines,46.635559,5.208077,Plein jour,En agglomération,Intersection en T,Pluie forte,Autre collision,4,2,2,0,1,1,2,0,3,50,1,1,0,0,1,0,21.0,,voiture,,1,2,3,3,6
202400038116,2024-07-19 21:01:00,2024,7,19,21,1,60,60338,D98,49.350191,2.770132,Plein jour,Hors agglomération,Hors intersection,Normale,Deux véhicules - frontale,3,2,2,0,1,3,1,0,1,80,2,3,0,1,1,1,40.0,33.0,voiture,voiture,1,1,1,1,1
202400038117,2024-08-26 07:30:00,2024,8,26,7,30,75,75117,BOULEVARD MALESHERBES,48.884049,2.308723,Plein jour,En agglomération,Intersection en X,Normale,Deux véhicules - côté,4,3,2,2,1,1,1,0,8,50,2,2,1,0,0,1,21.0,26.0,utilitaire_camion,deux_roues,1,2,2,1,3
202400038117,2024-08-26 07:30:00,2024,8,26,7,30,75,75117,BOULEVARD MALESHERBES,48.884049,2.308723,Plein jour,En agglomération,Intersection en X,Normale,Deux véhicules - côté,4,1,1,0,1,1,1,0,8,30,2,2,1,0,0,1,21.0,26.0,utilitaire_camion,deux_roues,1,2,2,1,3
202400038118,2024-10-01 15:40:00,2024,10,1,15,40,63,63372,pk 16 D224,45.90500077,3.29945064,Plein jour,Hors agglomération,Hors intersection,Pluie légère,Deux véhicules - frontale,3,2,2,0,1,1,2,0,1,90,2,4,1,0,1,2,23.0,54.0,voiture,voiture,1,1,1,2,1
202400038119,2024-08-26 05:00:00,2024,8,26,5,0,75,75115,BOULEVARD DE GRENELLE,48.849159,2.29811,Nuit avec éclairage allumé,En agglomération,Hors intersection,Normale,Autre collision,4,3,2,0,1,1,1,0,1,30,1,2,1,0,0,1,32.0,,utilitaire_camion,,5,2,1,1,6
202400038120,2024-10-02 12:15:00,2024,10,2,12,15,49,49200,Rue de Juigné,47.520447,-0.662779,Plein jour,En agglomération,Hors intersection,Normale,Autre collision,3,2,2,0,1,1,1,9,1,30,1,4,0,2,0,2,40.0,,voiture,,1,2,1,1,6
202400038121,2024-08-25 21:42:00,2024,8,25,21,42,75,75108,AVENUE DES CHAMPS ELYSEES,48.871955,2.300375,Plein jour,En agglomération,Intersection en X,Normale,Autre collision,4,3,8,1,2,1,1,0,5,30,1,2,0,0,0,2,30.0,,deux_roues,,1,2,2,1,6
202400038121,2024-08-25 21:42:00,2024,8,25,21,42,75,75108,AVENUE DES CHAMPS ELYSEES,48.871955,2.300375,Plein jour,En agglomération,Intersection en X,Normale,Autre collision,4,1, -1,0,2,1,1,0,5,30,1,2,0,0,0,2,30.0,,deux_roues,,1,2,2,1,6
202400038122,2024-06-18 11:06:00,2024,6,18,11,6,77,77209,PASTEUR  (RUE   ),48.86,2.69,Plein jour,En agglomération,Hors intersection,Normale,Deux véhicules - arrière,4,1,1,0,2,1,2,0,1,50,2,2,1,0,0,1,83.0,29.0,voiture,voiture,1,2,1,1,2
202400038123,2024-10-01 22:20:00,2024,10,1,22,20,12,12182,Ld OUNS,44.439671,2.946353,Nuit sans éclairage public,Hors agglomération,Intersection en X,Pluie légère,Trois véhicules et plus - collisions multiples,3,2,2,0,1,1,2,0,1,-1,3,3,1,0,1,1,46.0,43.0,voiture,utilitaire_camion,3,1,2,2,5
202400038123,2024-10-01 22:20:00,2024,10,1,22,20,12,12182,Ld OUNS,44.439671,2.946353,Nuit sans éclairage public,Hors agglomération,Intersection en X,Pluie légère,Trois véhicules et plus - collisions multiples,3,2,2,0,3,1,2,0,1,50,3,3,1,0,1,1,46.0,43.0,voiture,utilitaire_camion,3,1,2,2,5
202400038124,2024-08-26 01:10:00,2024,8,26,1,10,75,75104,QUAI DE L HOTEL DE VILLE,48.85557,2.352077,Nuit avec éclairage allumé,En agglomération,Hors intersection,Normale,Autre collision,4,2,4,0,1,1,1,0,1,30,1,2,0,0,0,2,28.0,,deux_roues,,5,2,1,1,6
202400038125,2024-08-26 14:35:00,2024,8,26,14,35,94,94081,Avenue de l'Abbé Roger Derry,48.78991491,2.39072992,Plein jour,En agglomération,Hors intersection,Normale,Autre collision,3,2,2,0,2,1,1,0,1,50,1,2,1,0,0,1,54.0,,voiture,,1,2,1,1,6
202400038126,2024-06-18 11:00:00,2024,6,18,11,0,76,76351,VALLEE (RUE DE LA),49.49775,0.15969,Plein jour,En agglomération,Intersection en T,Pluie légère,Deux véhicules - côté,4,2,2,0,1,1,2,0,1,50,2,2,1,0,0,1,50.0,68.0,utilitaire_camion,deux_roues,1,2,3,2,3
202400038126,2024-06-18 11:00:00,2024,6,18,11,0,76,76351,VALLEE (RUE DE LA),49.49775,0.15969,Plein jour,En agglomération,Intersection en T,Pluie légère,Deux véhicules - côté,4,2,4,1,1,1,2,0,1,50,2,2,1,0,0,1,50.0,68.0,utilitaire_camion,deux_roues,1,2,3,2,3
202400038127,2024-10-01 17:00:00,2024,10,1,17,0,46,46228,rue de la brasserie,44.899109,1.812454,Plein jour,En agglomération,Intersection en Y,Normale,Autre collision,3,2,2,0,1,3,1,0,1,50,1,2,1,0,1,0,71.0,,voiture,,1,2,4,1,6
202400038127,2024-10-01 17:00:00,2024,10,1,17,0,46,46228,rue de la brasserie,44.899109,1.812454,Plein jour,En agglomération,Intersection en Y,Normale,Autre collision,3,2, -1,-1,1,2,1,0,1,-1,1,2,1,0,1,0,71.0,,voiture,,1,2,4,1,6
202400038128,2024-08-26 17:03:00,2024,8,26,17,3,94,94058,27bis Rue Henri Navarre,48.833405,2.502258,Plein jour,En agglomération,Hors intersection,Normale,Deux véhicules - côté,4,1,0,0,1,1,1,0,1,50,2,4,2,0,0,2,23.0,47.0,utilitaire_camion,voiture,1,2,1,1,3
202400038129,2024-06-18 15:05:00,2024,6,18,15,5,74,74012,FOSSARD (RUE DU),46.1973,6.24863,Plein jour,En agglomération,Autre intersection,Normale,Autre collision,4,1,2,0,1,1,1,0,1,50,1,2,1,0,0,1,68.0,,voiture,,1,2,9,1,6
202400038130,2024-10-01 20:20:00,2024,10,1,20,20,68,68139,D432,47.60718814,7.22286007,Nuit sans éclairage public,Hors agglomération,Hors intersection,Pluie forte,Deux véhicules - frontale,3,2,2,0,1,1,2,0,1,80,2,2,0,0,1,1,25.0,34.0,voiture,voiture,3,1,1,3,1
202400038131,2024-08-26 15:10:00,2024,8,26,15,10,93,93070,DOCTEUR BAUER(RUE DU) :N° 1 AU 73,48.91047686,2.33777816,Plein jour,En agglomération,Hors intersection,Normale,Autre collision,3,2,2,0,1,1,1,0,1,50,1,2,1,0,0,1,,,utilitaire_camion,,1,2,1,1,6
202400038132,2024-06-18 13:55:00,2024,6,18,13,55,73,73065,Av de la Boisse,45.58373,5.90962,Plein jour,Hors agglomération,Intersection en Y,Normale,Deux véhicules - arrière,3,2,4,0,1,1,1,0,1,80,2,2,1,0,0,1,20.0,57.0,voiture,voiture,1,1,4,1,2
202400038132,2024-06-18 13:55:00,2024,6,18,13,55,73,73065,Av de la Boisse,45.58373,5.90962,Plein jour,Hors agglomération,Intersection en Y,Normale,Deux véhicules - arrière,3,2,4,-1,1,2,1,5,1,80,2,2,1,0,0,1,20.0,57.0,voiture,voiture,1,1,4,1,2
202400038133,2024-08-26 18:30:00,2024,8,26,18,30,93,93066,CITE GABRIEL PERI,48.93854052,2.35633517,Plein jour,En agglomération,Intersection en T,Normale,Autre collision,4,2,#VALEURMULTI,-1,1,1,1,0,1,-1,2,2,1,0,0,1,,63.0,voiture,deux_roues,1,2,3,1,6
202400038134,2024-10-01 18:15:00,2024,10,1,18,15,39,39526,Avenue de Friesenheim,47.045779,5.422708,Crépuscule ou aube,En agglomération,Intersection en X,Pluie forte,Deux véhicules - côté,3,2,2,0,1,1,2,0,1,50,2,2,1,0,1,0,34.0,23.0,voiture,deux_roues,2,2,2,3,3
202400038134,2024-10-01 18:15:00,2024,10,1,18,15,39,39526,Avenue de Friesenheim,47.045779,5.422708,Crépuscule ou aube,En agglomération,Intersection en X,Pluie forte,Deux véhicules - côté,3,2,2,-1,1,1,2,0,8,50,2,2,1,0,1,0,34.0,23.0,voiture,deux_roues,2,2,2,3,3
202400038134,2024-10-01 18:15:00,2024,10,1,18,15,39,39526,Avenue de Friesenheim,47.045779,5.422708,Crépuscule ou aube,En agglomération,Intersection en X,Pluie forte,Deux véhicules - côté,3,2,2,-1,1,1,2,5,8,-1,2,2,1,0,1,0,34.0,23.0,voiture,deux_roues,2,2,2,3,3
202400038135,2024-08-26 18:32:00,2024,8,26,18,32,93,93073,Rue de l’Ile de France / Avenue Blaise Pascal,48.93776011,2.57407795,Plein jour,En agglomération,Giratoire,Normale,Deux véhicules - côté,4,2,2,0,1,1,1,0,1,-1,2,2,1,0,0,1,48.0,20.0,voiture,deux_roues,1,2,6,1,3
202400038135,2024-08-26 18:32:00,2024,8,26,18,32,93,93073,Rue de l’Ile de France / Avenue Blaise Pascal,48.93776011,2.57407795,Plein jour,En agglomération,Giratoire,Normale,Deux véhicules - côté,4,1,1,0,2,1,1,0,1,50,2,2,1,0,0,1,48.0,20.0,voiture,deux_roues,1,2,6,1,3
202400038136,2024-06-18 10:50:00,2024,6,18,10,50,67,67482,SCHIRMECK (ROUTE DE),48.56911,7.71038,Plein jour,En agglomération,Hors intersection,Normale,Deux véhicules - arrière,4,2,2,2,1,1,1,0,1,50,2,2,1,0,0,1,37.0,,voiture,voiture,1,2,1,1,2
202400038137,2024-10-02 14:50:00,2024,10,2,14,50,29,29259,Rue de Kerivarch,48.691597,-3.977643,Plein jour,En agglomération,Hors intersection,Normale,Deux véhicules - frontale,4,2,2,0,2,1,1,0,1,50,2,2,0,0,1,1,48.0,17.0,voiture,deux_roues,1,2,1,1,1
202400038138,2024-08-25 22:20:00,2024,8,25,22,20,93,93014,Allée Romain Rolland / Allée Anatole France,48.90450461,2.55588833,Nuit avec éclairage allumé,En agglomération,Giratoire,Normale,Deux véhicules - côté,4,2,2,0,1,1,1,0,1,50,2,2,1,0,0,1,,24.0,voiture,voiture,5,2,6,1,3
202400038138,2024-08-25 22:20:00,2024,8,25,22,20,93,93014,Allée Romain Rolland / Allée Anatole France,48.90450461,2.55588833,Nuit avec éclairage allumé,En agglomération,Giratoire,Normale,Deux véhicules - côté,4,2,2,3,1,1,1,0,1,50,2,2,1,0,0,1,,24.0,voiture,voiture,5,2,6,1,3
202400038139,2024-06-17 17:00:00,2024,6,17,17,0,67,67043,BISCHWILLER (ROUTE DE),48.6114,7.7513,Plein jour,En agglomération,Intersection en T,Normale,Deux véhicules - côté,7,2,2,0,1,1,1,0,1,30,2,2,1,0,0,1,23.0,31.0,utilitaire_camion,deux_roues,1,2,3,1,3
202400038139,2024-06-17 17:00:00,2024,6,17,17,0,67,67043,BISCHWILLER (ROUTE DE),48.6114,7.7513,Plein jour,En agglomération,Intersection en T,Normale,Deux véhicules - côté,7,1,1,1,1,1,1,0,8,30,2,2,1,0,0,1,23.0,31.0,utilitaire_camion,deux_roues,1,2,3,1,3
202400038140,2024-10-01 16:15:00,2024,10,1,16,15,03,03075,RD987,46.219774,3.126442,Plein jour,Hors agglomération,Hors intersection,Pluie forte,Deux véhicules - arrière,3,2,2,0,2,3,2,0,1,90,2,4,2,0,0,2,38.0,43.0,utilitaire_camion,voiture,1,1,1,3,2
202400038141,2024-09-30 13:30:00,2024,9,30,13,30,03,03239,D 263 - PK 003+100,46.434289,3.936625,Plein jour,Hors agglomération,Hors intersection,Normale,Sans collision,3,2,2,0,1,1,1,0,1,90,1,1,0,0,1,0,75.0,,deux_roues,,1,1,1,1,7
202400038142,2024-06-17 13:50:00,2024,6,17,13,50,64,64483,ITHURRALDE ANDRE (AVENUE),43.39166,-1.65491,Plein jour,En agglomération,Giratoire,Normale,Deux véhicules - arrière,3,-1,2,0,2,1,1,0,1,50,2,2,1,0,0,1,17.0,66.0,deux_roues,voiture,1,2,6,1,2