accident_id,datetime,annee,mois,jour,heure,minute,departement,commune_insee,adresse,latitude,longitude,luminosite,agglomeration,intersection,meteo,collision,catr,circ,nbv,vosp,prof,plan,surf,infra,situ,vma,nb_vehicules,nb_usagers,nb_indemnes,nb_tues,nb_blesses_hosp,nb_blesses_legers,age_cond_1,age_cond_2,veh_type_cond_1,veh_type_cond_2,lum_code,agg_code,int_code,atm_code,col_code
202400038217,2024-06-18 17:30:00,2024,6,18,17,30,33,33063,,44.87051,-0.56483,Plein jour,En agglomération,Hors intersection,Normale,Autre collision,4,3,2,2,1,1,1,-1,6,50,1,2,1,0,0,1,27.0,,deux_roues,,1,2,1,1,6
202400038218,2024-10-02 14:50:00,2024,10,2,14,50,60,60116,Rue Duvivier,49.318548,2.329552,Plein jour,En agglomération,Autre intersection,Normale,Deux véhicules - frontale,4,2,2,0,1,1,1,0,1,50,2,2,1,0,0,1,55.0,16.0,voiture,deux_roues,1,2,9,1,1
202400038219,2024-10-01 00:20:00,2024,10,1,0,20,60,60524,D 1016,49.330191,2.434845,Nuit sans éclairage public,Hors agglomération,Hors intersection,Normale,Deux véhicules - frontale,3,3,2,0,2,1,1,0,1,110,2,2,1,0,0,1,32.0,23.0,voiture,voiture,3,1,1,1,1
202400038220,2024-08-27 15:45:00,2024,8,27,15,45,22,22340,CHATEAU BLANC,48.648179,-3.40632,Plein jour,Hors agglomération,Intersection en Y,Normale,Autre collision,3,2,2,0,1,3,1,0,1,80,1,1,0,1,0,0,59.0,,deux_roues,,1,1,4,1,6
202400038220,2024-08-27 15:45:00,2024,8,27,15,45,22,22340,CHATEAU BLANC,48.648179,-3.40632,Plein jour,Hors agglomération,Intersection en Y,Normale,Autre collision,3,2,2,0,1,1,1,0,3,80,1,1,0,1,0,0,59.0,,deux_roues,,1,1,4,1,6
202400038221,2024-06-18 17:40:00,2024,6,18,17,40,33,33063,,44.8286,-0.56266,Plein jour,En agglomération,Hors intersection,Normale,Autre collision,4,2,3,0,1,1,1,0,1,30,1,2,0,0,0,2,22.0,,deux_roues,,1,2,1,1,6
202400038222,2024-08-26 22:30:00,2024,8,26,22,30,44,44186,,47.079299,-1.80547,Nuit sans éclairage public,Hors agglomération,Hors intersection,Normale,Autre collision,3,2,2,0,1,2,1,0,3,80,1,3,0,1,0,2,46.0,,utilitaire_camion,,3,1,1,1,6
202400038223,2024-09-30 14:00:00,2024,9,30,14,0,59,59090,AUTOROUTE A22,50.71458,3.12343,Plein jour,Hors agglomération,Hors intersection,Pluie légère,Deux véhicules - arrière,1,3,2,0,1,1,2,0,1,110,2,2,1,0,0,1,21.0,23.0,deux_roues,voiture,1,1,1,2,2
202400038224,2024-06-18 11:56:00,2024,6,18,11,56,33,33063,,44.87422,-0.57165,Plein jour,En agglomération,Intersection en T,Normale,Deux véhicules - côté,4,3,2,1,1,1,1,5,1,50,2,2,1,0,0,1,18.0,29.0,deux_roues,voiture,1,2,3,1,3
202400038224,2024-06-18 11:56:00,2024,6,18,11,56,33,33063,,44.87422,-0.57165,Plein jour,En agglomération,Intersection en T,Normale,Deux véhicules - côté,4,3,5,3,1,1,1,5,1,50,2,2,1,0,0,1,18.0,29.0,deux_roues,voiture,1,2,3,1,3
202400038225,2024-06-16 22:50:00,2024,6,16,22,50,33,33119,,44.84596,-0.53538,Nuit avec éclairage allumé,En agglomération,Autre intersection,Normale,Deux véhicules - arrière,4,3,6,0,1,1,1,0,1,50,2,3,2,0,1,0,30.0,51.0,deux_roues,utilitaire_camion,5,2,9,1,2
202400038226,2024-09-30 23:57:00,2024,9,30,23,57,59,59646,AUTOROUTE A22,50.66817,3.11343,Nuit sans éclairage public,Hors agglomération,Hors intersection,Normale,Autre collision,1,3,2,0,1,3,2,0,1,70,1,1,0,0,0,1,22.0,,voiture,,3,1,1,1,6
202400038227,2024-06-18 19:05:00,2024,6,18,19,5,31,31555,AV DES ETATS UNIS,43.65628887,1.42125428,Plein jour,En agglomération,Hors intersection,Normale,Deux véhicules - côté,7,1,0,0,1,1,1,0,1,50,2,3,0,0,0,3,30.0,40.0,voiture,voiture,1,2,1,1,3
202400038228,2024-06-17 17:15:00,2024,6,17,17,15,29,29151,,48.57068,-3.83538,Plein jour,En agglomération,Hors intersection,Pluie légère,Trois véhicules et plus - collisions multiples,4,2,2,0,2,4,2,0,1,30,3,3,1,0,0,2,53.0,69.0,voiture,deux_roues,1,2,1,2,5
202400038229,2024-06-18 11:55:00,2024,6,18,11,55,27,27681,EVREUX (PLACE D'),49.092,1.48209,Plein jour,En agglomération,Giratoire,Pluie légère,Autre collision,4,-1,1,0,1,1,2,6,1,50,1,2,1,0,0,1,66.0,,transport_commun,,1,2,6,2,6
202400038229,2024-06-18 11:55:00,2024,6,18,11,55,27,27681,EVREUX (PLACE D'),49.092,1.48209,Plein jour,En agglomération,Giratoire,Pluie légère,Autre collision,4,-1,1,0,1,1,2,0,1,50,1,2,1,0,0,1,66.0,,transport_commun,,1,2,6,2,6
202400038230,2024-06-17 10:50:00,2024,6,17,10,50,14,14118,18 Rue Docteur Tillaux,49.18223,-0.3858,Plein jour,En agglomération,Hors intersection,Normale,Autre collision,4,2,2,0,1,1,1,8,1,30,1,2,1,1,0,0,47.0,,utilitaire_camion,,1,2,1,1,6
202400038231,2024-09-02 07:47:00,2024,9,2,7,47,59,59560,AUTOROUTE A1,50.53545,3.04917,Plein jour,Hors agglomération,Hors intersection,Normale,Trois véhicules et plus - en chaîne,1,3,3,0,1,1,1,0,1,110,4,4,3,0,0,1,22.0,30.0,utilitaire_camion,utilitaire_camion,1,1,1,1,4
202400038232,2024-06-18 08:30:00,2024,6,18,8,30,13,13103,AVENUE DE LA PATROUILLE DE FRANCE-RN 538,43.62937513,5.10159558,Plein jour,En agglomération,Hors intersection,Normale,Deux véhicules - frontale,4,2,2,0,1,1,1,0,1,50,1,2,1,0,1,0,67.0,,voiture,,1,2,1,1,1
202400038233,2024-06-17 15:10:00,2024,6,17,15,10,13,13004,AV STALINGRAD,43.68789,4.63575,Plein jour,En agglomération,Hors intersection,Normale,Deux véhicules - côté,4,2,2,0,1,1,1,0,1,50,2,2,1,0,1,0,62.0,23.0,transport_commun,deux_roues,1,2,1,1,3
202400038234,2024-10-01 19:48:00,2024,10,1,19,48,91,91377,AUTOROUTE A10,48.72733,2.30346,Plein jour,Hors agglomération,Hors intersection,Normale,Deux véhicules - côté,1,1,3,0,1,1,1,0,1,90,2,2,1,0,0,1,28.0,27.0,voiture,deux_roues,1,1,1,1,3
202400038235,2024-06-18 10:10:00,2024,6,18,10,10,13,13001,ST VICTOIRE (AV),43.53199,5.4534,Plein jour,En agglomération,Hors intersection,Normale,Deux véhicules - côté,4,1,1,0,1,1,1,0,1,50,2,2,1,0,1,0,36.0,54.0,deux_roues,deux_roues,1,2,1,1,3
202400038236,2024-06-18 14:00:00,2024,6,18,14,0,11,11069,37 Av du Pdt Franklin Roosevelt,43.21742,2.34599,Plein jour,En agglomération,Intersection en X,Normale,Deux véhicules - côté,4,-1,1,0,1,1,1,0,1,50,2,3,1,0,0,2,53.0,55.0,deux_roues,voiture,1,2,2,1,3
202400038236,2024-06-18 14:00:00,2024,6,18,14,0,11,11069,37 Av du Pdt Franklin Roosevelt,43.21742,2.34599,Plein jour,En agglomération,Intersection en X,Normale,Deux véhicules - côté,4,-1,1,0,1,1,1,0,1,50,2,3,1,0,0,2,53.0,55.0,deux_roues,voiture,1,2,2,1,3
202400038237,2024-10-01 08:00:00,2024,10,1,8,0,94,94016,A6B,48.79212029,2.34415015,Plein jour,Hors agglomération,Hors intersection,Normale,Trois véhicules et plus - en chaîne,1,1,2,0,2,3,1,0,1,50,4,4,3,0,0,1,42.0,68.0,utilitaire_camion,voiture,1,1,1,1,4
202400038238,2024-06-17 19:15:00,2024,6,17,19,15,06,06027,3 Rue Pasqualini,43.66073,7.149094,Plein jour,En agglomération,Hors intersection,Normale,Trois véhicules et plus - collisions multiples,4,1,2,0,2,1,1,0,1,50,4,4,2,0,1,1,30.0,68.0,voiture,voiture,1,2,1,1,5
202400038239,2024-06-17 17:50:00,2024,6,17,17,50,03,03262,C D 301,46.37441,2.59237,Plein jour,Hors agglomération,Autre intersection,Normale,Deux véhicules - côté,3,3,2,0,1,1,1,3,1,70,2,2,0,0,1,1,57.0,31.0,deux_roues,voiture,1,1,9,1,3
202400038240,2024-06-17 21:00:00,2024,6,17,21,0,75,75120,PORTE DE BAGNOLET,48.862587,2.413767,Crépuscule ou aube,En agglomération,Hors intersection,Pluie légère,Autre collision,4,-1,2,0,1,1,2,0,1,50,1,1,0,0,0,1,32.0,,voiture,,2,2,1,2,6
202400038241,2024-09-30 21:09:00,2024,9,30,21,9,77,77251,AUTOROUTE A5A,48.62478,2.54078,Nuit sans éclairage public,Hors agglomération,Hors intersection,Pluie légère,Deux véhicules - arrière,1,2,3,0,1,1,2,0,1,100,2,5,4,0,0,1,62.0,30.0,voiture,utilitaire_camion,3,1,1,2,2
202400038242,2024-06-16 22:40:00,2024,6,16,22,40,75,75115,BD PERIPHERIQUE INTERIEUR,48.826185,2.298358,Nuit avec éclairage allumé,En agglomération,Hors intersection,Normale,Trois véhicules et plus - collisions multiples,4,1,3,0,2,1,1,1,1,70,3,4,2,0,2,0,32.0,23.0,deux_roues,voiture,5,2,1,1,5
202400038243,2024-09-30 08:15:00,2024,9,30,8,15,78,78208,RN12 INT,48.800014,1.981554,Plein jour,Hors agglomération,Hors intersection,Pluie légère,Deux véhicules - côté,2,1,2,0,1,1,2,0,1,110,2,4,3,0,0,1,40.0,18.0,voiture,deux_roues,1,1,1,2,3
202400038244,2024-06-18 07:41:00,2024,6,18,7,41,75,75119,RUE DE BELLEVILLE,48.875466,2.397928,Plein jour,En agglomération,Intersection en X,Pluie légère,Deux véhicules - côté,4,2,2,0,2,1,2,0,1,30,2,6,3,0,0,3,38.0,40.0,voiture,voiture,1,2,2,2,3
202400038244,2024-06-18 07:41:00,2024,6,18,7,41,75,75119,RUE DE BELLEVILLE,48.875466,2.397928,Plein jour,En agglomération,Intersection en X,Pluie légère,Deux véhicules - côté,4,1,1,0,1,1,2,0,1,30,2,6,3,0,0,3,38.0,40.0,voiture,voiture,1,2,2,2,3
202400038245,2024-06-17 23:18:00,2024,6,17,23,18,75,75106,RUE DE SEVRES,48.848424,2.320559,Nuit avec éclairage allumé,En agglomération,Intersection en T,Normale,Deux véhicules - frontale,4,1, -1,0,1,1,1,0,1,30,2,2,1,0,0,1,,31.0,deux_roues,deux_roues,5,2,3,1,1
202400038245,2024-06-17 23:18:00,2024,6,17,23,18,75,75106,RUE DE SEVRES,48.848424,2.320559,Nuit avec éclairage allumé,En agglomération,Intersection en T,Normale,Deux véhicules - frontale,4,2,2,3,1,1,9,0,5,30,2,2,1,0,0,1,,31.0,deux_roues,deux_roues,5,2,3,1,1
202400038246,2024-06-17 01:00:00,2024,6,17,1,0,75,75106,BOULEVARD SAINT MICHEL,48.851831,2.343395,Nuit avec éclairage allumé,En agglomération,Intersection en T,Normale,Deux véhicules - frontale,4,2,3,1,2,1,1,6,5,30,2,2,1,0,0,1,55.0,25.0,deux_roues,deux_roues,5,2,3,1,1
202400038246,2024-06-17 01:00:00,2024,6,17,1,0,75,75106,BOULEVARD SAINT MICHEL,48.851831,2.343395,Nuit avec éclairage allumé,En agglomération,Intersection en T,Normale,Deux véhicules - frontale,4,-1,1,0,1,1,1,0,5,30,2,2,1,0,0,1,55.0,25.0,deux_roues,deux_roues,5,2,3,1,1
202400038247,2024-09-28 16:00:00,2024,9,28,16,0,92,92025,A86,48.92078048,2.22548287,Plein jour,Hors agglomération,Hors intersection,Normale,Trois véhicules et plus - en chaîne,1,3,2,0,1,1,1,0,1,70,3,3,2,0,0,1,29.0,64.0,voiture,voiture,1,1,1,1,4
202400038248,2024-06-18 11:50:00,2024,6,18,11,50,75,75119,RUE MANIN,48.882742,2.383642,Plein jour,En agglomération,Hors intersection,Normale,Deux véhicules - côté,4,2,2,1,1,1,2,0,1,30,2,2,1,0,0,1,42.0,46.0,deux_roues,voiture,1,2,1,1,3
202400038249,2024-09-30 22:00:00,2024,9,30,22,0,95,95527,A3,48.98274335,2.50299847,Nuit sans éclairage public,Hors agglomération,Hors intersection,Pluie légère,Deux véhicules - arrière,1,3,8,0,1,1,2,0,1,90,2,2,1,0,0,1,35.0,46.0,voiture,voiture,3,1,1,2,2
202400038250,2024-06-18 22:30:00,2024,6,18,22,30,75,75117,BOULEVARD GOUVION SAINT CYR,48.882234,2.286292,Nuit avec éclairage allumé,En agglomération,Intersection à plus de 4 branches,Normale,Autre collision,4,1,1,1,1,1,1,0,1,30,1,1,0,0,0,1,57.0,,deux_roues,,5,2,5,1,6
202400038250,2024-06-18 22:30:00,2024,6,18,22,30,75,75117,BOULEVARD GOUVION SAINT CYR,48.882234,2.286292,Nuit avec éclairage allumé,En agglomération,Intersection à plus de 4 branches,Normale,Autre collision,4,1, -1,-1,1,1,1,0,1,-1,1,1,0,0,0,1,57.0,,deux_roues,,5,2,5,1,6
202400038251,2024-06-18 09:30:00,2024,6,18,9,30,75,75116,PLACE CHARLES DE GAULLE,48.873209,2.294679,Plein jour,En agglomération,Place,Pluie légère,Deux véhicules - frontale,4,1,2,0,1,1,2,9,1,50,2,2,1,0,0,1,44.0,30.0,voiture,deux_roues,1,2,7,2,1
202400038251,2024-06-18 09:30:00,2024,6,18,9,30,75,75116,PLACE CHARLES DE GAULLE,48.873209,2.294679,Plein jour,En agglomération,Place,Pluie légère,Deux véhicules - frontale,4,1,2,0,1,1,2,0,1,50,2,2,1,0,0,1,44.0,30.0,voiture,deux_roues,1,2,7,2,1
202400038252,2024-06-17 20:30:00,2024,6,17,20,30,75,75116,PLACE CHARLES DE GAULLE,48.873254,2.294615,Plein jour,En agglomération,Place,Normale,Deux véhicules - côté,4,2, -1,0,1,1,1,0,1,30,2,2,1,0,0,1,23.0,57.0,deux_roues,voiture,1,2,7,1,3
202400038252,2024-06-17 20:30:00,2024,6,17,20,30,75,75116,PLACE CHARLES DE GAULLE,48.873254,2.294615,Plein jour,En agglomération,Place,Normale,Deux véhicules - côté,4,2,6,0,1,1,1,0,1,30,2,2,1,0,0,1,23.0,57.0,deux_roues,voiture,1,2,7,1,3
202400038253,2024-09-30 18:05:00,2024,9,30,18,5,92,92036,AUTOROUTE A86,48.93909226,2.30366757,Plein jour,Hors agglomération,Hors intersection,Normale,Deux véhicules - côté,1,3,8,0,1,1,1,2,1,90,2,2,1,0,0,1,20.0,22.0,voiture,deux_roues,1,1,1,1,3
202400038254,2024-06-17 20:45:00,2024,6,17,20,45,75,75115,RUE DE LA CROIX NIVERT,48.836553,2.289552,Crépuscule ou aube,En agglomération,Hors intersection,Normale,Deux véhicules - côté,4,2,2,0,1,1,1,0,1,30,2,2,1,0,0,1,28.0,16.0,voiture,deux_roues,2,2,1,1,3
202400038255,2024-09-30 09:30:00,2024,9,30,9,30,95,95582,A15,48.96682579,2.25512844,Plein jour,Hors agglomération,Hors intersection,Normale,Deux véhicules - arrière,1,3,4,0,1,1,1,0,1,110,2,2,1,0,0,1,64.0,42.0,voiture,deux_roues,1,1,1,1,2
202400038256,2024-06-18 12:45:00,2024,6,18,12,45,75,75111,RUE DU FAUBOURG SAINT ANTOINE,48.850435,2.382301,Plein jour,En agglomération,Hors intersection,Temps couvert,Deux véhicules - côté,4,1,1,2,1,1,1,0,1,30,2,2,1,0,0,1,57.0,21.0,deux_roues,utilitaire_camion,1,2,1,8,3
202400038257,2024-06-18 17:40:00,2024,6,18,17,40,75,75110,RUE DE MAUBEUGE,48.880122,2.350981,Plein jour,En agglomération,Intersection en X,Normale,Deux véhicules - arrière,4,1, -1,-1,1,1,1,0,1,-1,2,2,1,0,0,1,22.0,38.0,deux_roues,transport_commun,1,2,2,1,2
202400038257,2024-06-18 17:40:00,2024,6,18,17,40,75,75110,RUE DE MAUBEUGE,48.880122,2.350981,Plein jour,En agglomération,Intersection en X,Normale,Deux véhicules - arrière,4,1,2,3,1,1,1,0,1,30,2,2,1,0,0,1,22.0,38.0,deux_roues,transport_commun,1,2,2,1,2
202400038258,2024-09-29 19:00:00,2024,9,29,19,0,95,95154,A1,49.05237751,2.54791499,Crépuscule ou aube,Hors agglomération,Hors intersection,Normale,Autre collision,1,3,3,0,1,1,1,0,1,110,1,2,1,0,0,1,62.0,,voiture,,2,1,1,1,6
202400038259,2024-06-18 09:55:00,2024,6,18,9,55,75,75108,RUE LA BOETIE,48.873692,2.314475,Plein jour,En agglomération,Intersection en X,Pluie légère,Deux véhicules - côté,4,1,3,3,2,1,2,-1,6,30,2,2,1,0,0,1,63.0,32.0,utilitaire_camion,deux_roues,1,2,2,2,3
202400038259,2024-06-18 09:55:00,2024,6,18,9,55,75,75108,RUE LA BOETIE,48.873692,2.314475,Plein jour,En agglomération,Intersection en X,Pluie légère,Deux véhicules - côté,4,1,3,3,1,1,2,-1,6,30,2,2,1,0,0,1,63.0,32.0,utilitaire_camion,deux_roues,1,2,2,2,3
202400038260,2024-09-27 18:15:00,2024,9,27,18,15,95,95365,N104,49.06570315,2.40643838,Plein jour,Hors agglomération,Hors intersection,Pluie légère,Trois véhicules et plus - collisions multiples,2,3,4,0,1,1,2,0,1,110,3,3,1,0,0,2,22.0,38.0,voiture,voiture,1,1,1,2,5
202400038261,2024-06-18 09:20:00,2024,6,18,9,20,75,75108,BOULEVARD DE COURCELLES,48.881169,2.31533,Plein jour,En agglomération,Intersection en X,Pluie légère,Deux véhicules - côté,4,2,4,1,1,1,2,0,1,30,2,2,1,0,0,1,62.0,22.0,voiture,deux_roues,1,2,2,2,3
202400038261,2024-06-18 09:20:00,2024,6,18,9,20,75,75108,BOULEVARD DE COURCELLES,48.881169,2.31533,Plein jour,En agglomération,Intersection en X,Pluie légère,Deux véhicules - côté,4,2,2,0,1,3,2,0,1,30,2,2,1,0,0,1,62.0,22.0,voiture,deux_roues,1,2,2,2,3
202400038262,2024-10-01 09:45:00,2024,10,1,9,45,77,77294,A104,48.96618569,2.60685112,Plein jour,Hors agglomération,Hors intersection,Normale,Deux véhicules - arrière,1,3,2,0,1,1,1,0,1,90,2,2,1,0,0,1,27.0,30.0,utilitaire_camion,deux_roues,1,1,1,1,2
202400038263,2024-06-18 00:10:00,2024,6,18,0,10,75,75107,BOULEVARD RASPAIL,48.856065,2.325894,Nuit avec éclairage allumé,En agglomération,Intersection à plus de 4 branches,Normale,Deux véhicules - côté,4,1,2,3,1,3,1,0,1,30,2,2,1,0,0,1,44.0,49.0,deux_roues,voiture,5,2,5,1,3
202400038263,2024-06-18 00:10:00,2024,6,18,0,10,75,75107,BOULEVARD RASPAIL,48.856065,2.325894,Nuit avec éclairage allumé,En agglomération,Intersection à plus de 4 branches,Normale,Deux véhicules - côté,4,1, -1,-1,1,1,1,0,1,-1,2,2,1,0,0,1,44.0,49.0,deux_roues,voiture,5,2,5,1,3
202400038264,2024-06-17 11:39:00,2024,6,17,11,39,75,75107,PLACE DE LA RESISTANCE,48.862372,2.301792,Plein jour,En agglomération,Place,Normale,Deux véhicules - côté,4,-1, -1,1,1,1,1,0,1,30,2,2,1,0,0,1,24.0,35.0,deux_roues,voiture,1,2,7,1,3
202400038264,2024-06-17 11:39:00,2024,6,17,11,39,75,75107,PLACE DE LA RESISTANCE,48.862372,2.301792,Plein jour,En agglomération,Place,Normale,Deux véhicules - côté,4,2,5,1,2,1,1,2,1,30,2,2,1,0,0,1,24.0,35.0,deux_roues,voiture,1,2,7,1,3
202400038265,2024-04-26 18:00:00,2024,4,26,18,0,38,38563,GUILLON (BOULEVARD DU),45.362,5.6014,Plein jour,En agglomération,Hors intersection,Normale,Autre collision,4,2,0,0,2,1,1,0,1,50,1,2,1,0,1,0,68.0,,voiture,,1,2,1,1,6
202400038266,2024-06-18 09:55:00,2024,6,18,9,55,75,75102,RUE DE RICHELIEU,48.86889,2.33853,Plein jour,En agglomération,Intersection en X,Pluie légère,Autre collision,4,1,2,3,1,1,2,0,1,30,1,2,1,0,0,1,28.0,,utilitaire_camion,,1,2,2,2,6
202400038266,2024-06-18 09:55:00,2024,6,18,9,55,75,75102,RUE DE RICHELIEU,48.86889,2.33853,Plein jour,En agglomération,Intersection en X,Pluie légère,Autre collision,4,1,1,1,1,1,2,0,1,30,1,2,1,0,0,1,28.0,,utilitaire_camion,,1,2,2,2,6
202400038267,2024-06-18 10:05:00,2024,6,18,10,5,75,75102,RUE ETIENNE MARCEL,48.865051,2.344057,Plein jour,En agglomération,Intersection en T,Pluie légère,Deux véhicules - côté,4,1,1,0,1,1,2,0,1,30,2,2,1,0,0,1,,71.0,voiture,deux_roues,1,2,3,2,3
202400038267,2024-06-18 10:05:00,2024,6,18,10,5,75,75102,RUE ETIENNE MARCEL,48.865051,2.344057,Plein jour,En agglomération,Intersection en T,Pluie légère,Deux véhicules - côté,4,2,3,3,1,1,2,0,1,30,2,2,1,0,0,1,,71.0,voiture,deux_roues,1,2,3,2,3
202400038268,2024-06-18 09:10:00,2024,6,18,9,10,75,75101,VOIE GEORGES POMPIDOU,48.857612,2.344866,Plein jour,En agglomération,Hors intersection,Pluie légère,Sans collision,4,1,2,1,1,1,2,-1,5,30,1,1,0,0,0,1,40.0,,deux_roues,,1,2,1,2,7
202400038269,2024-04-25 10:18:00,2024,4,25,10,18,38,38563,PAVIOT (AVENUE DE),45.3523,5.59151,Plein jour,En agglomération,Hors intersection,Normale,Deux véhicules - arrière,3,2,2,0,1,1,1,0,1,50,2,2,1,0,1,0,33.0,52.0,voiture,deux_roues,1,2,1,1,2
202400038270,2024-06-18 17:19:00,2024,6,18,17,19,94,94081,174 Rue Julian Grimau,48.77918238,2.3748579,Plein jour,En agglomération,Hors intersection,Normale,Autre collision,4,2,2,0,1,1,1,0,1,50,1,2,1,0,0,1,50.0,,voiture,,1,2,1,1,6
202400038271,2024-09-01 13:53:00,2024,9,1,13,53,06,06088,2 avenue Paul Dufourmantel,43.710291,7.270835,Plein jour,En agglomération,Intersection en T,Normale,Autre collision,4,2,3,0,1,1,1,0,1,-1,1,1,0,1,0,0,38.0,,deux_roues,,1,2,3,1,6
202400038271,2024-09-01 13:53:00,2024,9,1,13,53,06,06088,2 avenue Paul Dufourmantel,43.710291,7.270835,Plein jour,En agglomération,Intersection en T,Normale,Autre collision,4,2,2,0,1,1,1,0,1,50,1,1,0,1,0,0,38.0,,deux_roues,,1,2,3,1,6
202400038272,2024-06-17 14:30:00,2024,6,17,14,30,94,94081,Rue Mario Capra / Avenue Rabelais,48.7833,2.38967,Plein jour,En agglomération,Intersection en T,Normale,Deux véhicules - frontale,4,2,2,1,2,1,1,0,1,50,2,2,1,0,0,1,30.0,44.0,deux_roues,voiture,1,2,3,1,1
202400038272,2024-06-17 14:30:00,2024,6,17,14,30,94,94081,Rue Mario Capra / Avenue Rabelais,48.7833,2.38967,Plein jour,En agglomération,Intersection en T,Normale,Deux véhicules - frontale,4,3,2,0,2,1,1,0,1,50,2,2,1,0,0,1,30.0,44.0,deux_roues,voiture,1,2,3,1,1
202400038273,2024-06-17 20:00:00,2024,6,17,20,0,94,94068,Boulevard de Champigny / Rue Boileau,48.80868481,2.50939925,Plein jour,En agglomération,Intersection en T,Pluie forte,Deux véhicules - côté,3,2,2,3,1,1,2,0,6,30,2,2,1,0,0,1,45.0,21.0,deux_roues,voiture,1,2,3,3,3
202400038273,2024-06-17 20:00:00,2024,6,17,20,0,94,94068,Boulevard de Champigny / Rue Boileau,48.80868481,2.50939925,Plein jour,En agglomération,Intersection en T,Pluie forte,Deux véhicules - côté,3,1,1,0,1,1,2,0,6,-1,2,2,1,0,0,1,45.0,21.0,deux_roues,voiture,1,2,3,3,3
202400038274,2024-06-09 22:30:00,2024,6,9,22,30,974,97416,DAMBREVILLE (AVENUE DU DR.),-21.339579,55.49118,Nuit avec éclairage allumé,En agglomération,Autre intersection,Normale,Deux véhicules - côté,4,2,2,0,2,1,1,0,1,50,2,3,1,0,0,2,18.0,19.0,utilitaire_camion,utilitaire_camion,5,2,9,1,3
202400038275,2024-06-18 09:15:00,2024,6,18,9,15,94,94046,Avenue du Général Leclerc,48.80924,2.43429,Plein jour,En agglomération,Hors intersection,Pluie légère,Autre collision,3,3,4,1,1,1,2,0,1,50,1,3,1,0,0,2,28.0,,voiture,,1,2,1,2,6
202400038276,2024-09-25 08:20:00,2024,9,25,8,20,44,44190,5 Avenue de Glinde,47.2102706,-1.49006583,Crépuscule ou aube,En agglomération,Hors intersection,Normale,Deux véhicules - côté,4,2,2,2,2,1,1,-1,1,30,2,2,1,0,0,1,12.0,33.0,deux_roues,voiture,2,2,1,1,3
202400038277,2024-06-18 19:00:00,2024,6,18,19,0,94,94038,Rue Pierre Brossolette,48.76785497,2.32190117,Plein jour,En agglomération,Hors intersection,Normale,Autre collision,4,1,1,0,1,1,1,0,1,30,1,2,1,0,0,1,60.0,,voiture,,1,2,1,1,6
202400038278,2024-06-18 13:00:00,2024,6,18,13,0,94,94018,Quai de Bercy,48.82124,2.40081,Plein jour,En agglomération,Hors intersection,Normale,Autre collision,3,2,3,0,1,1,1,0,1,50,1,1,0,0,0,1,34.0,,voiture,,1,2,1,1,6
202400038279,2024-06-19 16:05:00,2024,6,19,16,5,14,14530,Route de Colombelles,49.215915,-0.27704,Plein jour,Hors agglomération,Giratoire,Normale,Sans collision,3,2,1,0,1,1,1,5,1,90,1,2,1,0,1,0,28.0,,deux_roues,,1,1,6,1,7
202400038279,2024-06-19 16:05:00,2024,6,19,16,5,14,14530,Route de Colombelles,49.215915,-0.27704,Plein jour,Hors agglomération,Giratoire,Normale,Sans collision,3,2,2,0,1,1,1,0,1,90,1,2,1,0,1,0,28.0,,deux_roues,,1,1,6,1,7
202400038280,2024-11-05 11:30:00,2024,11,5,11,30,974,97411,BERNARD (RUE SAINT-),-20.89927,55.40097,Plein jour,Hors agglomération,Hors intersection,Normale,Deux véhicules - côté,4,2,0,0,2,3,1,0,1,50,2,2,1,0,0,1,46.0,17.0,voiture,deux_roues,1,1,1,1,3
202400038281,2024-06-17 10:00:00,2024,6,17,10,0,94,94017,Voie Sonia Delaunay / Avenue Maurice Thorez,48.81176361,2.53626452,Plein jour,En agglomération,Giratoire,Normale,Deux véhicules - arrière,3,2,2,2,2,1,1,0,1,50,2,3,2,0,0,1,36.0,44.0,voiture,voiture,1,2,6,1,2
202400038281,2024-06-17 10:00:00,2024,6,17,10,0,94,94017,Voie Sonia Delaunay / Avenue Maurice Thorez,48.81176361,2.53626452,Plein jour,En agglomération,Giratoire,Normale,Deux véhicules - arrière,3,3,2,0,1,1,1,0,1,-1,2,3,2,0,0,1,36.0,44.0,voiture,voiture,1,2,6,1,2
202400038282,2024-03-04 20:00:00,2024,3,4,20,0,14,14665,1 Rue Léopold Trébutien,49.263418,-0.23015,Nuit avec éclairage allumé,En agglomération,Intersection en X,Pluie légère,Autre collision,3,2,2,0,2,3,2,0,1,30,1,1,0,0,1,0,41.0,,deux_roues,,5,2,2,2,6
202400038282,2024-03-04 20:00:00,2024,3,4,20,0,14,14665,1 Rue Léopold Trébutien,49.263418,-0.23015,Nuit avec éclairage allumé,En agglomération,Intersection en X,Pluie légère,Autre collision,3,2,2,-1,1,1,2,0,1,50,1,1,0,0,1,0,41.0,,deux_roues,,5,2,2,2,6
202400038283,2024-11-04 21:20:00,2024,11,4,21,20,974,97411,GRIMAUD (EMILE),-20.89267,55.4834,Nuit avec éclairage allumé,En agglomération,Hors intersection,Normale,Deux véhicules - côté,4,2,2,0,1,1,1,9,1,50,2,2,1,0,0,1,,20.0,voiture,deux_roues,5,2,1,1,3
202400038284,2024-06-18 14:06:00,2024,6,18,14,6,93,93078,Boulevard Robert Ballanger / Avenue Montcalm,48.95394,2.53425,Plein jour,En agglomération,Intersection en T,Normale,Deux véhicules - arrière,3,2,2,0,1,1,1,0,1,50,2,2,1,0,0,1,48.0,49.0,utilitaire_camion,utilitaire_camion,1,2,3,1,2