accident_id,datetime,annee,mois,jour,heure,minute,departement,commune_insee,adresse,latitude,longitude,luminosite,agglomeration,intersection,meteo,collision,catr,circ,nbv,vosp,prof,plan,surf,infra,situ,vma,nb_vehicules,nb_usagers,nb_indemnes,nb_tues,nb_blesses_hosp,nb_blesses_legers,age_cond_1,age_cond_2,veh_type_cond_1,veh_type_cond_2,lum_code,agg_code,int_code,atm_code,col_code
202400038358,2024-11-05 19:00:00,2024,11,5,19,0,64,64445,boulevard du recteur Jean Sarrailh,43.3107537,-0.36737524,Crépuscule ou aube,En agglomération,Intersection en T,Normale,Deux véhicules - côté,4,2, -1,-1,1,1,1,0,1,-1,2,2,1,0,0,1,28.0,18.0,deux_roues,voiture,2,2,3,1,3
202400038358,2024-11-05 19:00:00,2024,11,5,19,0,64,64445,boulevard du recteur Jean Sarrailh,43.3107537,-0.36737524,Crépuscule ou aube,En agglomération,Intersection en T,Normale,Deux véhicules - côté,4,2,4,1,1,1,1,0,5,50,2,2,1,0,0,1,28.0,18.0,deux_roues,voiture,2,2,3,1,3
202400038359,2024-06-18 11:09:00,2024,6,18,11,9,40,40222,1297 Route de Tyrosse,43.624985,-1.215946,Plein jour,Hors agglomération,Hors intersection,Normale,Deux véhicules - frontale,3,2,2,0,2,3,1,0,1,80,2,2,1,1,0,0,77.0,48.0,voiture,utilitaire_camion,1,1,1,1,1
202400038360,2024-11-04 18:05:00,2024,11,4,18,5,64,64445,MARCA,43.29507,-0.37696,Nuit avec éclairage allumé,En agglomération,Hors intersection,Normale,Autre collision,4,2,2,2,2,1,1,0,1,50,1,2,1,0,0,1,86.0,,voiture,,5,2,1,1,6
202400038361,2024-06-11 16:50:00,2024,6,11,16,50,27,27679,rn12,48.734703,0.934728,Plein jour,En agglomération,Intersection en X,Normale,Autre collision,2,2,2,0,1,1,1,0,1,-1,2,4,3,0,1,0,66.0,39.0,voiture,voiture,1,2,2,1,6
202400038361,2024-06-11 16:50:00,2024,6,11,16,50,27,27679,rn12,48.734703,0.934728,Plein jour,En agglomération,Intersection en X,Normale,Autre collision,2,2,2,0,1,1,1,0,1,50,2,4,3,0,1,0,66.0,39.0,voiture,voiture,1,2,2,1,6
202400038362,2024-09-30 18:25:00,2024,9,30,18,25,80,80021,Avenue de l'Europe,49.911666,2.302504,Plein jour,En agglomération,Intersection en X,Temps couvert,Deux véhicules - côté,4,3,4,0,1,1,2,5,1,50,2,2,1,0,0,1,,20.0,voiture,voiture,1,2,2,8,3
202400038362,2024-09-30 18:25:00,2024,9,30,18,25,80,80021,Avenue de l'Europe,49.911666,2.302504,Plein jour,En agglomération,Intersection en X,Temps couvert,Deux véhicules - côté,4,2,2,0,1,1,2,5,1,50,2,2,1,0,0,1,,20.0,voiture,voiture,1,2,2,8,3
202400038363,2024-06-18 10:40:00,2024,6,18,10,40,30,30053,D7,43.99973,4.222097,Plein jour,Hors agglomération,Hors intersection,Normale,Sans collision,3,2,2,0,2,2,1,0,3,80,1,1,0,0,1,0,16.0,,voiture,,1,1,1,1,7
202400038364,2024-11-05 17:40:00,2024,11,5,17,40,64,64122,LA NEGRESSE (CARREFOUR DE LA),43.45956,-1.54766,Plein jour,En agglomération,Hors intersection,Normale,Deux véhicules - frontale,4,2,2,0,1,1,1,0,1,50,2,2,1,0,0,1,79.0,45.0,deux_roues,deux_roues,1,2,1,1,1
202400038365,2024-09-30 21:20:00,2024,9,30,21,20,76,76540,Route du Havre,49.45032,1.06033,Nuit avec éclairage allumé,En agglomération,Hors intersection,Temps couvert,Deux véhicules - côté,7,1,1,3,1,1,1,-1,1,50,1,1,0,0,0,1,33.0,,deux_roues,,5,2,1,8,3
202400038366,2024-06-17 13:50:00,2024,6,17,13,50,987,98734,RT1 PK32,-17.755226,-149.522724,Plein jour,Hors agglomération,Hors intersection,Normale,Deux véhicules - frontale,2,2,2,0,1,2,1,0,1,60,2,3,2,0,1,0,33.0,45.0,voiture,utilitaire_camion,1,1,1,1,1
202400038367,2024-11-05 07:45:00,2024,11,5,7,45,59,59410,Rue Colbert,50.634998,3.10181,Crépuscule ou aube,En agglomération,Autre intersection,Normale,Autre collision,4,1,1,2,1,1,1,0,1,30,2,2,1,0,0,1,44.0,51.0,deux_roues,voiture,2,2,9,1,6
202400038368,2024-09-28 20:10:00,2024,9,28,20,10,71,71270,BIGONNET (RUE),46.30120108,4.82495874,Nuit avec éclairage allumé,En agglomération,Intersection en T,Normale,Deux véhicules - frontale,4,1,1,2,2,1,1,0,1,30,2,2,1,0,0,1,45.0,50.0,deux_roues,voiture,5,2,3,1,1
202400038368,2024-09-28 20:10:00,2024,9,28,20,10,71,71270,BIGONNET (RUE),46.30120108,4.82495874,Nuit avec éclairage allumé,En agglomération,Intersection en T,Normale,Deux véhicules - frontale,4,2,2,0,1,1,1,-1,1,30,2,2,1,0,0,1,45.0,50.0,deux_roues,voiture,5,2,3,1,1
202400038369,2024-11-05 18:30:00,2024,11,5,18,30,56,56260,Rue Francis Decker,47.65506,-2.75587,Nuit sans éclairage public,En agglomération,Hors intersection,Normale,Autre collision,4,2,2,0,2,1,1,0,1,50,1,2,1,0,0,1,26.0,,deux_roues,,3,2,1,1,6
202400038370,2024-06-18 17:20:00,2024,6,18,17,20,49,49045,"D767, point routier 27+800",47.357897,0.026178,Plein jour,Hors agglomération,Hors intersection,Normale,Trois véhicules et plus - collisions multiples,3,2,2,0,3,3,1,0,1,90,4,5,1,1,0,3,49.0,76.0,utilitaire_camion,voiture,1,1,1,1,5
202400038371,2024-09-29 20:25:00,2024,9,29,20,25,69,69271,93 Route de Lyon,45.73849,4.9672,Nuit avec éclairage allumé,En agglomération,Hors intersection,Normale,Deux véhicules - frontale,4,2,2,0,1,1,1,0,1,50,2,2,0,0,1,1,22.0,26.0,voiture,voiture,5,2,1,1,1
202400038372,2024-11-04 19:16:00,2024,11,4,19,16,56,56098,Rue Général de Bollardière,47.77789,-3.34142,Nuit avec éclairage allumé,En agglomération,Intersection en Y,Temps couvert,Deux véhicules - côté,3,2,2,0,2,1,1,0,1,50,2,2,1,0,1,0,22.0,24.0,voiture,deux_roues,5,2,4,8,3
202400038372,2024-11-04 19:16:00,2024,11,4,19,16,56,56098,Rue Général de Bollardière,47.77789,-3.34142,Nuit avec éclairage allumé,En agglomération,Intersection en Y,Temps couvert,Deux véhicules - côté,3,3,2,0,2,2,1,0,1,30,2,2,1,0,1,0,22.0,24.0,voiture,deux_roues,5,2,4,8,3
202400038373,2024-06-19 12:04:00,2024,6,19,12,4,978,97801,RN7 - Quartier Orléans,18.065729,-63.038397,Plein jour,En agglomération,Autre intersection,Normale,Deux véhicules - arrière,2,2,2,0,1,1,1,0,1,50,2,2,1,0,0,1,54.0,16.0,voiture,deux_roues,1,2,9,1,2
202400038374,2024-09-28 10:47:00,2024,9,28,10,47,69,69091,Chemin de la Rama,45.57623,4.74724,Plein jour,En agglomération,Hors intersection,Pluie légère,Sans collision,4,2,2,0,2,3,2,0,1,50,1,1,0,0,1,0,16.0,,deux_roues,,1,2,1,2,7
202400038375,2024-06-18 19:30:00,2024,6,18,19,30,38,38397,A41s - PK 005.000,45.23606643,5.83841801,Plein jour,Hors agglomération,Hors intersection,Normale,Sans collision,1,3,2,0,1,1,1,0,1,110,1,1,0,0,1,0,57.0,,deux_roues,,1,1,1,1,7
202400038376,2024-11-04 10:33:00,2024,11,4,10,33,56,56121,Rond-point du Nouveau-Brunswick,47.74439,-3.39522,Plein jour,En agglomération,Giratoire,Normale,Deux véhicules - côté,4,2,2,0,1,1,1,5,1,30,2,2,1,0,0,1,22.0,17.0,voiture,deux_roues,1,2,6,1,3
202400038376,2024-11-04 10:33:00,2024,11,4,10,33,56,56121,Rond-point du Nouveau-Brunswick,47.74439,-3.39522,Plein jour,En agglomération,Giratoire,Normale,Deux véhicules - côté,4,1,1,0,1,2,1,5,1,30,2,2,1,0,0,1,22.0,17.0,voiture,deux_roues,1,2,6,1,3
202400038377,2024-09-30 15:48:00,2024,9,30,15,48,68,68066,Rue du Ladhof,48.10637,7.38924,Plein jour,Hors agglomération,Intersection en T,Normale,Deux véhicules - côté,3,2,2,0,1,1,1,0,1,30,2,2,1,0,0,1,42.0,77.0,voiture,voiture,1,1,3,1,3
202400038377,2024-09-30 15:48:00,2024,9,30,15,48,68,68066,Rue du Ladhof,48.10637,7.38924,Plein jour,Hors agglomération,Intersection en T,Normale,Deux véhicules - côté,3,2,2,0,1,2,1,0,1,70,2,2,1,0,0,1,42.0,77.0,voiture,voiture,1,1,3,1,3
202400038378,2024-06-19 18:50:00,2024,6,19,18,50,91,91319,"Aire de repos de LIMOURS-JANVRY, A10, PK 005+000 direction province",48.637787,2.148063,Plein jour,Hors agglomération,Hors intersection,Normale,Autre collision,6,-1, -1,0,1,1,1,9,1,30,2,3,2,0,1,0,60.0,35.0,utilitaire_camion,utilitaire_camion,1,1,1,1,6
202400038379,2024-11-05 19:05:00,2024,11,5,19,5,54,54395,Place Carnot,48.69363,6.17802,Nuit avec éclairage allumé,En agglomération,Intersection en T,Brouillard / fumée,Autre collision,4,1,3,2,1,1,1,-1,1,30,1,2,1,0,0,1,,,deux_roues,,5,2,3,5,6
202400038379,2024-11-05 19:05:00,2024,11,5,19,5,54,54395,Place Carnot,48.69363,6.17802,Nuit avec éclairage allumé,En agglomération,Intersection en T,Brouillard / fumée,Autre collision,4,1,2,1,2,1,1,0,1,30,1,2,1,0,0,1,,,deux_roues,,5,2,3,5,6
202400038380,2024-09-27 11:25:00,2024,9,27,11,25,62,62040,D211,50.73555604,2.29047223,Plein jour,En agglomération,Hors intersection,Pluie forte,Deux véhicules - côté,3,2,2,0,1,2,2,9,1,30,2,2,1,0,0,1,21.0,20.0,utilitaire_camion,deux_roues,1,2,1,3,3
202400038381,2024-06-16 18:00:00,2024,6,16,18,0,988,98821,Echangeur Arène-Zipad Voie accès VE2,-22.145476,166.364465,Nuit sans éclairage public,Hors agglomération,Hors intersection,Normale,Autre collision,1,1,1,0,1,3,1,3,1,50,1,1,0,0,1,0,33.0,,deux_roues,,3,1,1,1,6
202400038382,2024-06-19 08:17:00,2024,6,19,8,17,974,97418,RN2 15+200,-20.898228,55.562721,Plein jour,Hors agglomération,Hors intersection,Normale,Deux véhicules - arrière,2,1,2,3,1,2,1,0,1,90,2,2,1,0,1,0,30.0,40.0,voiture,deux_roues,1,1,1,1,2
202400038383,2024-09-30 09:30:00,2024,9,30,9,30,59,59360,AVINEE EUGENE AVENUE,50.604654,3.031368,Plein jour,En agglomération,Hors intersection,Normale,Deux véhicules - côté,4,2,0,0,1,1,1,0,1,50,2,2,1,0,0,1,35.0,36.0,voiture,voiture,1,2,1,1,3
202400038384,2024-11-05 19:54:00,2024,11,5,19,54,54,54323,Rue de Metz,49.51236,5.76178,Nuit avec éclairage allumé,En agglomération,Intersection en T,Normale,Autre collision,3,2,2,0,2,1,1,0,1,50,1,2,1,0,0,1,53.0,,voiture,,5,2,3,1,6
202400038384,2024-11-05 19:54:00,2024,11,5,19,54,54,54323,Rue de Metz,49.51236,5.76178,Nuit avec éclairage allumé,En agglomération,Intersection en T,Normale,Autre collision,3,2, -1,0,2,1,1,0,1,50,1,2,1,0,0,1,53.0,,voiture,,5,2,3,1,6
202400038385,2024-06-19 09:00:00,2024,6,19,9,0,971,97134,Place Nathalien Etna,16.059794,-61.764067,Plein jour,En agglomération,Hors intersection,Normale,Autre collision,2,1,1,0,1,3,1,0,1,30,1,1,0,1,0,0,81.0,,voiture,,1,2,1,1,6
202400038386,2024-09-27 17:29:00,2024,9,27,17,29,57,57672,CYGNE (RUE DU),49.3582,6.16443,Plein jour,En agglomération,Intersection en T,Normale,Autre collision,4,1,1,0,1,1,1,6,1,50,1,2,1,1,0,0,27.0,,voiture,,1,2,3,1,6
202400038386,2024-09-27 17:29:00,2024,9,27,17,29,57,57672,CYGNE (RUE DU),49.3582,6.16443,Plein jour,En agglomération,Intersection en T,Normale,Autre collision,4,1,1,0,1,1,1,0,1,50,1,2,1,1,0,0,27.0,,voiture,,1,2,3,1,6
202400038387,2024-11-04 17:40:00,2024,11,4,17,40,51,51454,VAUBAN (RUE),49.22542,4.0287,Nuit avec éclairage allumé,En agglomération,Hors intersection,Normale,Autre collision,4,2,4,1,1,4,1,0,1,50,1,2,1,0,0,1,72.0,,voiture,,5,2,1,1,6
202400038388,2024-06-18 08:25:00,2024,6,18,8,25,77,77364,D27,49.004752,2.784991,Plein jour,Hors agglomération,Hors intersection,Pluie forte,Sans collision,3,2,2,0,1,3,2,0,8,70,1,1,0,0,0,1,46.0,,voiture,,1,1,1,3,7
202400038389,2024-09-27 20:40:00,2024,9,27,20,40,56,56098,66 Avenue Ambroise Croizat,47.77333,-3.34743,Nuit avec éclairage allumé,En agglomération,Hors intersection,Normale,Autre collision,3,2,2,2,1,1,1,0,1,50,1,2,1,0,0,1,19.0,,voiture,,5,2,1,1,6
202400038390,2024-11-04 17:20:00,2024,11,4,17,20,51,51454,LABERTE (RUE ADOLPHE),49.28427,4.02567,Nuit avec éclairage allumé,En agglomération,Hors intersection,Normale,Sans collision,4,2,2,0,1,1,1,0,1,50,1,1,0,0,0,1,54.0,,deux_roues,,5,2,1,1,7
202400038391,2024-09-29 18:25:00,2024,9,29,18,25,54,54395,Rue du Placieux,48.67740773,6.16665602,Plein jour,En agglomération,Hors intersection,Normale,Autre collision,4,1,1,2,1,1,1,-1,1,30,1,2,1,0,1,0,22.0,,voiture,,1,2,1,1,6
202400038392,2024-06-18 22:27:00,2024,6,18,22,27,77,77129,Avenue de Coulombs,49.081273,3.097823,Plein jour,Hors agglomération,Hors intersection,Normale,Autre collision,3,2,2,0,1,2,2,0,8,80,2,2,1,0,0,1,19.0,,voiture,voiture,1,1,1,1,6
202400038393,2024-10-26 00:30:00,2024,10,26,0,30,49,49328,RD 347,47.24831,-0.1041,Nuit sans éclairage public,Hors agglomération,Hors intersection,Temps couvert,Deux véhicules - frontale,3,2,2,0,2,1,1,0,1,90,2,3,0,0,0,3,47.0,53.0,voiture,utilitaire_camion,3,1,1,8,1
202400038394,2024-09-29 22:14:00,2024,9,29,22,14,51,51454,NEUFCHATEL (RUE DE) DU N°40 A FIN (PAIR),49.27626,4.02683,Nuit avec éclairage allumé,En agglomération,Intersection en X,Normale,Deux véhicules - côté,4,2,2,0,1,1,1,0,1,50,2,3,1,0,0,2,39.0,22.0,voiture,voiture,5,2,2,1,3
202400038394,2024-09-29 22:14:00,2024,9,29,22,14,51,51454,NEUFCHATEL (RUE DE) DU N°40 A FIN (PAIR),49.27626,4.02683,Nuit avec éclairage allumé,En agglomération,Intersection en X,Normale,Deux véhicules - côté,4,2,2,0,1,1,1,0,1,50,2,3,1,0,0,2,39.0,22.0,voiture,voiture,5,2,2,1,3
202400038395,2024-06-19 11:35:00,2024,6,19,11,35,77,77508,D231,48.821107,2.841253,Plein jour,Hors agglomération,Hors intersection,Normale,Deux véhicules - frontale,3,2,2,0,1,2,1,0,1,80,2,2,0,1,0,1,53.0,70.0,utilitaire_camion,voiture,1,1,1,1,1
202400038396,2024-09-29 21:05:00,2024,9,29,21,5,51,51454,CHAMPAGNE  (  AVENUE),49.23072,4.03432,Nuit avec éclairage allumé,En agglomération,Hors intersection,Normale,Deux véhicules - arrière,4,1,3,0,1,1,1,0,1,70,2,2,1,0,0,1,43.0,38.0,voiture,voiture,5,2,1,1,2
202400038397,2024-11-04 08:28:00,2024,11,4,8,28,49,49267,A87N,47.4828,-0.49883,Crépuscule ou aube,Hors agglomération,Hors intersection,Brouillard / fumée,Trois véhicules et plus - en chaîne,1,3,2,0,1,1,1,0,1,90,3,3,1,0,0,2,50.0,27.0,voiture,voiture,2,1,1,5,4
202400038398,2024-06-18 19:40:00,2024,6,18,19,40,66,66037,Route de la Crouste,42.704476,3.021454,Plein jour,En agglomération,Intersection en X,Normale,Deux véhicules - côté,4,2,2,-1,1,1,1,-1,8,50,2,2,1,0,1,0,21.0,16.0,voiture,deux_roues,1,2,2,1,3
202400038398,2024-06-18 19:40:00,2024,6,18,19,40,66,66037,Route de la Crouste,42.704476,3.021454,Plein jour,En agglomération,Intersection en X,Normale,Deux véhicules - côté,4,2,2,1,1,1,1,5,1,50,2,2,1,0,1,0,21.0,16.0,voiture,deux_roues,1,2,2,1,3
202400038399,2024-06-17 11:04:00,2024,6,17,11,4,83,83119,Place de la Croix de Fer,43.269454,6.636086,Plein jour,En agglomération,Hors intersection,Normale,Autre collision,3,1,2,0,1,1,1,0,1,50,1,2,1,0,1,0,42.0,,utilitaire_camion,,1,2,1,1,6
202400038400,2024-11-05 19:25:00,2024,11,5,19,25,47,47001,BARBUSSE (AV. HENRI),44.20583,0.62973,Nuit avec éclairage allumé,En agglomération,Hors intersection,Normale,Autre collision,4,3,2,0,1,1,1,0,1,50,1,2,1,0,0,1,22.0,,voiture,,5,2,1,1,6
202400038401,2024-09-29 06:00:00,2024,9,29,6,0,51,51474,TONDEURS (BOULEVARD DES),49.27875,4.0039,Nuit avec éclairage allumé,En agglomération,Hors intersection,Temps couvert,Deux véhicules - frontale,4,1,2,0,1,3,1,0,1,70,2,8,5,0,0,3,,53.0,voiture,voiture,5,2,1,8,1
202400038402,2024-06-19 04:59:00,2024,6,19,4,59,13,13004,D36,43.543011,4.687171,Nuit sans éclairage public,Hors agglomération,Hors intersection,Normale,Deux véhicules - frontale,3,2,2,0,1,1,1,0,1,80,1,2,1,0,1,0,19.0,,voiture,,3,1,1,1,1
202400038403,2024-09-30 17:35:00,2024,9,30,17,35,50,50147,GEOFFROY DE MONTBRAY,49.04083,-1.44682,Plein jour,En agglomération,Intersection en X,Normale,Deux véhicules - côté,4,2,2,0,1,1,1,0,1,50,2,3,2,0,0,1,46.0,14.0,voiture,deux_roues,1,2,2,1,3
202400038403,2024-09-30 17:35:00,2024,9,30,17,35,50,50147,GEOFFROY DE MONTBRAY,49.04083,-1.44682,Plein jour,En agglomération,Intersection en X,Normale,Deux véhicules - côté,4,2,2,0,1,1,1,0,1,50,2,3,2,0,0,1,46.0,14.0,voiture,deux_roues,1,2,2,1,3
202400038404,2024-06-19 16:15:00,2024,6,19,16,15,26,26165,A7 pk 85+900,44.801418,4.84842,Plein jour,Hors agglomération,Hors intersection,Normale,Deux véhicules - arrière,1,3,3,0,1,1,1,0,1,130,2,4,3,0,1,0,25.0,30.0,utilitaire_camion,utilitaire_camion,1,1,1,1,2
202400038405,2024-09-28 06:35:00,2024,9,28,6,35,50,50129,LECLERC (RUE DU MARECHAL)),49.63596,-1.63544,Nuit avec éclairage allumé,En agglomération,Hors intersection,Normale,Sans collision,4,2,2,0,1,4,1,0,3,50,1,1,0,0,0,1,19.0,,voiture,,5,2,1,1,7
202400038406,2024-06-19 18:40:00,2024,6,19,18,40,58,58160,Route de Tazieres,47.003861,3.094904,Plein jour,Hors agglomération,Hors intersection,Pluie légère,Deux véhicules - frontale,4,2,2,0,1,3,2,0,1,80,2,7,0,0,1,6,17.0,72.0,voiture,voiture,1,1,1,2,1
202400038407,2024-09-30 18:00:00,2024,9,30,18,0,47,47032,Denis Papin (Rue),44.18387,0.68019,Plein jour,En agglomération,Hors intersection,Normale,Autre collision,4,-1,2,0,1,1,1,0,1,50,1,4,3,0,0,1,64.0,,voiture,,1,2,1,1,6
202400038408,2024-06-08 06:35:00,2024,6,8,6,35,57,57481,D181,49.214009,6.027052,Plein jour,Hors agglomération,Giratoire,Normale,Autre collision,3,-1,2,0,1,2,1,0,1,80,1,2,1,0,1,0,21.0,,voiture,,1,1,6,1,6
202400038409,2024-09-26 16:15:00,2024,9,26,16,15,45,45004,476 Rue des Hautes Varennes,47.98964,2.75715,Plein jour,En agglomération,Hors intersection,Pluie légère,Deux véhicules - frontale,4,2,2,0,1,3,2,0,1,50,2,2,1,0,0,1,36.0,48.0,voiture,utilitaire_camion,1,2,1,2,1
202400038410,2024-11-05 15:15:00,2024,11,5,15,15,42,42031,Route de Saint-Maurice,45.40565,4.23613,Plein jour,Hors agglomération,Hors intersection,Normale,Deux véhicules - côté,7,2,2,0,2,3,1,0,1,80,2,3,1,0,0,2,26.0,,voiture,utilitaire_camion,1,1,1,1,3
202400038411,2024-06-18 08:00:00,2024,6,18,8,0,26,26038,D532,45.052438,4.947731,Plein jour,Hors agglomération,Intersection en X,Temps éblouissant,Deux véhicules - frontale,3,2,2,0,2,1,1,5,1,70,2,2,1,0,1,0,86.0,32.0,voiture,voiture,1,1,2,7,1
202400038411,2024-06-18 08:00:00,2024,6,18,8,0,26,26038,D532,45.052438,4.947731,Plein jour,Hors agglomération,Intersection en X,Temps éblouissant,Deux véhicules - frontale,3,2,2,0,1,3,1,0,1,50,2,2,1,0,1,0,86.0,32.0,voiture,voiture,1,1,2,7,1
202400038412,2024-09-30 17:55:00,2024,9,30,17,55,44,44109,Boulevard de la Prairie de Mauves,47.22522,-1.49674,Plein jour,En agglomération,Hors intersection,Normale,Deux véhicules - côté,4,2,3,3,1,1,1,0,1,70,2,2,1,0,0,1,53.0,20.0,deux_roues,utilitaire_camion,1,2,1,1,3
202400038413,2024-11-05 20:44:00,2024,11,5,20,44,38,38185,ROUTE DE LYON,45.19622,5.7189,Nuit avec éclairage allumé,En agglomération,Hors intersection,Pluie légère,Deux véhicules - côté,4,2,2,2,1,1,2,5,1,50,2,2,1,0,0,1,58.0,37.0,voiture,deux_roues,5,2,1,2,3
202400038414,2024-06-19 18:30:00,2024,6,19,18,30,07,07145,Route de l’Echelette,44.61029835,4.45065414,Plein jour,Hors agglomération,Hors intersection,Normale,Deux véhicules - côté,3,2,2,3,1,1,1,0,1,90,2,2,0,0,1,1,55.0,77.0,deux_roues,voiture,1,1,1,1,3
202400038415,2024-09-30 09:00:00,2024,9,30,9,0,44,44190,38 Rue du Général De Gaulle,47.20775833,-1.49937451,Plein jour,En agglomération,Hors intersection,Pluie légère,Sans collision,4,2,2,0,1,1,2,0,1,50,1,2,0,0,0,2,41.0,,voiture,,1,2,1,2,7
202400038416,2024-06-19 09:20:00,2024,6,19,9,20,69,69243,48 Rue de la République,45.895497,4.433155,Plein jour,En agglomération,Intersection en X,Normale,Autre collision,2,1,1,0,1,1,1,6,4,50,1,2,1,0,1,0,19.0,,voiture,,1,2,2,1,6
202400038416,2024-06-19 09:20:00,2024,6,19,9,20,69,69243,48 Rue de la République,45.895497,4.433155,Plein jour,En agglomération,Intersection en X,Normale,Autre collision,2,2,2,0,1,1,1,0,4,-1,1,2,1,0,1,0,19.0,,voiture,,1,2,2,1,6
202400038417,2024-09-30 08:00:00,2024,9,30,8,0,35,35238,BERT (PAUL),48.11071,-1.66701,Plein jour,En agglomération,Intersection en T,Pluie légère,Deux véhicules - côté,4,2,2,0,1,1,2,0,1,30,2,2,1,0,0,1,63.0,21.0,voiture,deux_roues,1,2,3,2,3
202400038417,2024-09-30 08:00:00,2024,9,30,8,0,35,35238,BERT (PAUL),48.11071,-1.66701,Plein jour,En agglomération,Intersection en T,Pluie légère,Deux véhicules - côté,4,1,1,2,1,1,2,0,1,30,2,2,1,0,0,1,63.0,21.0,voiture,deux_roues,1,2,3,2,3
202400038418,2024-11-05 08:20:00,2024,11,5,8,20,38,38053,D 1006,45.58949,5.25841,Crépuscule ou aube,En agglomération,Hors intersection,Normale,Deux véhicules - côté,3,2,1,0,1,1,1,9,1,50,2,2,1,0,0,1,39.0,29.0,voiture,deux_roues,2,2,1,1,3
202400038419,2024-06-18 17:10:00,2024,6,18,17,10,33,33042,,44.509671,-0.78777,Plein jour,En agglomération,Intersection en T,Normale,Deux véhicules - côté,3,2,2,0,2,2,1,5,1,50,2,2,0,0,1,1,15.0,53.0,deux_roues,voiture,1,2,3,1,3
202400038419,2024-06-18 17:10:00,2024,6,18,17,10,33,33042,,44.509671,-0.78777,Plein jour,En agglomération,Intersection en T,Normale,Deux véhicules - côté,3,2,2,0,1,2,1,5,1,-1,2,2,0,0,1,1,15.0,53.0,deux_roues,voiture,1,2,3,1,3
202400038420,2024-09-26 18:15:00,2024,9,26,18,15,35,35238,PORTE ALMA,48.08106091,-1.67508901,Plein jour,Hors agglomération,Hors intersection,Pluie légère,Autre collision,2,1,4,0,1,3,2,5,1,50,1,1,0,0,0,1,19.0,,voiture,,1,1,1,2,6
202400038421,2024-09-26 19:15:00,2024,9,26,19,15,34,34301,AGDE (ROUTE DE),43.34326,3.57856,Plein jour,Hors agglomération,Hors intersection,Normale,Sans collision,4,2,2,0,1,1,1,0,8,80,1,1,0,0,0,1,27.0,,voiture,,1,1,1,1,7
202400038422,2024-06-08 23:00:00,2024,6,8,23,0,35,35360,D178,48.120038,-1.232593,Nuit sans éclairage public,Hors agglomération,Hors intersection,Normale,Deux véhicules - frontale,3,2,2,0,1,1,1,2,1,80,2,2,1,0,1,0,31.0,48.0,deux_roues,voiture,3,1,1,1,1
202400038423,2024-11-05 18:00:00,2024,11,5,18,0,35,35238,LALLEMAND (JULES),48.10056,-1.70561,Nuit avec éclairage allumé,En agglomération,Intersection en T,Brouillard / fumée,Autre collision,4,2,2,0,1,1,1,0,1,30,1,2,1,0,0,1,57.0,,voiture,,5,2,3,5,6
202400038423,2024-11-05 18:00:00,2024,11,5,18,0,35,35238,LALLEMAND (JULES),48.10056,-1.70561,Nuit avec éclairage allumé,En agglomération,Intersection en T,Brouillard / fumée,Autre collision,4,2,2,0,1,1,1,0,1,30,1,2,1,0,0,1,57.0,,voiture,,5,2,3,5,6
202400038424,2024-09-30 16:28:00,2024,9,30,16,28,33,33167,,44.82064,-0.53163,Plein jour,En agglomération,Intersection en Y,Normale,Deux véhicules - côté,4,2,2,3,1,1,1,-1,1,50,2,2,1,0,0,1,32.0,76.0,utilitaire_camion,voiture,1,2,4,1,3
202400038424,2024-09-30 16:28:00,2024,9,30,16,28,33,33167,,44.82064,-0.53163,Plein jour,En agglomération,Intersection en Y,Normale,Deux véhicules - côté,4,2,2,0,1,1,1,5,1,50,2,2,1,0,0,1,32.0,76.0,utilitaire_camion,voiture,1,2,4,1,3
202400038425,2024-06-18 16:40:00,2024,6,18,16,40,60,60542,D12,49.405022,2.182326,Plein jour,En agglomération,Intersection en X,Normale,Deux véhicules - frontale,3,2,2,0,1,1,1,0,1,50,2,2,1,0,0,1,29.0,18.0,transport_commun,deux_roues,1,2,2,1,1
202400038425,2024-06-18 16:40:00,2024,6,18,16,40,60,60542,D12,49.405022,2.182326,Plein jour,En agglomération,Intersection en X,Normale,Deux véhicules - frontale,3,2, -1,-1,1,1,1,5,1,-1,2,2,1,0,0,1,29.0,18.0,transport_commun,deux_roues,1,2,2,1,1
202400038426,2024-11-04 12:20:00,2024,11,4,12,20,34,34172,RUE MAURICE BEJART,43.61822,3.82326,Plein jour,En agglomération,Autre intersection,Temps couvert,Deux véhicules - côté,4,2,2,0,1,1,1,0,1,50,2,2,1,0,1,0,34.0,40.0,deux_roues,utilitaire_camion,1,2,9,8,3
202400038427,2024-09-30 14:00:00,2024,9,30,14,0,29,29232,Rond-Point de l'Eau Blanche,47.99017504,-4.0736759,Plein jour,En agglomération,Autre intersection,Normale,Deux véhicules - arrière,3,1,2,0,1,2,1,9,1,50,2,2,0,0,0,2,62.0,45.0,deux_roues,voiture,1,2,9,1,2
202400038428,2024-06-15 22:30:00,2024,6,15,22,30,59,59012,Rue de Trélon,49.995098,4.095615,Nuit sans éclairage public,Hors agglomération,Hors intersection,Normale,Deux véhicules - frontale,3,2,2,0,2,1,1,0,1,70,2,2,0,0,1,1,58.0,64.0,voiture,voiture,3,1,1,1,1