accident_id,datetime,annee,mois,jour,heure,minute,departement,commune_insee,adresse,latitude,longitude,luminosite,agglomeration,intersection,meteo,collision,catr,circ,nbv,vosp,prof,plan,surf,infra,situ,vma,nb_vehicules,nb_usagers,nb_indemnes,nb_tues,nb_blesses_hosp,nb_blesses_legers,age_cond_1,age_cond_2,veh_type_cond_1,veh_type_cond_2,lum_code,agg_code,int_code,atm_code,col_code
202400038429,2024-06-19 17:45:00,2024,6,19,17,45,59,59523,Rue des Saules,50.589224,3.135996,Plein jour,En agglomération,Giratoire,Normale,Sans collision,4,4,2,0,1,1,8,0,1,50,1,2,1,0,0,1,72.0,,deux_roues,,1,2,6,1,7
202400038430,2024-06-18 09:10:00,2024,6,18,9,10,13,13117,A7-Sens Marseille vers Lyon,43.43899407,5.25078535,Plein jour,Hors agglomération,Hors intersection,Pluie légère,Deux véhicules - arrière,1,-1,2,0,1,1,2,0,1,90,2,2,1,0,0,1,30.0,28.0,voiture,voiture,1,1,1,2,2
202400038431,2024-09-29 17:35:00,2024,9,29,17,35,27,27229,BUZOT (RUE),49.02622,1.15774,Plein jour,En agglomération,Intersection en T,Pluie légère,Deux véhicules - côté,4,2,2,0,1,1,2,0,1,50,2,4,3,0,1,0,20.0,19.0,voiture,voiture,1,2,3,2,3
202400038431,2024-09-29 17:35:00,2024,9,29,17,35,27,27229,BUZOT (RUE),49.02622,1.15774,Plein jour,En agglomération,Intersection en T,Pluie légère,Deux véhicules - côté,4,2,2,0,2,1,2,0,1,50,2,4,3,0,1,0,20.0,19.0,voiture,voiture,1,2,3,2,3
202400038432,2024-09-30 20:05:00,2024,9,30,20,5,26,26362,Rue Jean Perrin,44.939279,4.923748,Nuit avec éclairage allumé,En agglomération,Hors intersection,Normale,Deux véhicules - côté,4,3,2,0,1,1,1,0,1,30,2,2,1,0,0,1,36.0,27.0,voiture,autre,5,2,1,1,3
202400038433,2024-11-05 18:40:00,2024,11,5,18,40,33,33522,,44.78932536,-0.59070289,Nuit avec éclairage allumé,En agglomération,Intersection en Y,Normale,Deux véhicules - côté,4,2,2,0,1,1,1,-1,1,50,2,2,1,0,0,1,18.0,83.0,deux_roues,voiture,5,2,4,1,3
202400038433,2024-11-05 18:40:00,2024,11,5,18,40,33,33522,,44.78932536,-0.59070289,Nuit avec éclairage allumé,En agglomération,Intersection en Y,Normale,Deux véhicules - côté,4,2,2,0,1,1,1,0,1,50,2,2,1,0,0,1,18.0,83.0,deux_roues,voiture,5,2,4,1,3
202400038434,2024-09-30 10:15:00,2024,9,30,10,15,17,17415,DOUMER ROCADE COTE BEAUTE COURS PAUL,45.74622,-0.66464,Plein jour,En agglomération,Intersection en X,Normale,Deux véhicules - frontale,4,2,2,0,1,1,2,0,1,50,2,2,1,0,0,1,23.0,46.0,voiture,voiture,1,2,2,1,1
202400038434,2024-09-30 10:15:00,2024,9,30,10,15,17,17415,DOUMER ROCADE COTE BEAUTE COURS PAUL,45.74622,-0.66464,Plein jour,En agglomération,Intersection en X,Normale,Deux véhicules - frontale,4,2,2,0,1,1,1,0,1,50,2,2,1,0,0,1,23.0,46.0,voiture,voiture,1,2,2,1,1
202400038435,2024-06-18 08:02:00,2024,6,18,8,2,13,13026,A55-Sens Marseille vers Martigues,43.40032,5.10123,Plein jour,Hors agglomération,Hors intersection,Normale,Deux véhicules - arrière,1,1,2,0,1,1,1,0,1,90,2,3,0,0,0,3,57.0,28.0,utilitaire_camion,voiture,1,1,1,1,2
202400038436,2024-09-28 18:00:00,2024,9,28,18,0,10,10387,Av du Mal de Lattre de Tassigny,48.30439,4.09517,Plein jour,En agglomération,Hors intersection,Normale,Deux véhicules - côté,4,2,2,0,1,1,1,0,1,50,2,2,1,0,0,1,17.0,22.0,voiture,deux_roues,1,2,1,1,3
202400038437,2024-09-30 13:04:00,2024,9,30,13,4,08,08105,,49.74122,4.71378,Plein jour,En agglomération,Hors intersection,Pluie légère,Deux véhicules - côté,4,4,5,0,1,2,2,5,1,50,2,2,1,0,0,1,18.0,50.0,voiture,voiture,1,2,1,2,3
202400038438,2024-11-05 08:40:00,2024,11,5,8,40,33,33069,Avenue Victor Hugo,44.86501,-0.59062,Plein jour,En agglomération,Intersection en X,Normale,Deux véhicules - côté,4,2,2,0,1,1,1,0,1,50,2,2,1,0,0,1,61.0,17.0,voiture,deux_roues,1,2,2,1,3
202400038438,2024-11-05 08:40:00,2024,11,5,8,40,33,33069,Avenue Victor Hugo,44.86501,-0.59062,Plein jour,En agglomération,Intersection en X,Normale,Deux véhicules - côté,4,2,2,0,1,1,1,0,1,30,2,2,1,0,0,1,61.0,17.0,voiture,deux_roues,1,2,2,1,3
202400038439,2024-09-30 07:20:00,2024,9,30,7,20,75,75120,BD PERIPHERIQUE INTERIEUR,48.849206,2.414929,Crépuscule ou aube,En agglomération,Hors intersection,Normale,Deux véhicules - côté,4,1,4,0,1,1,1,0,1,70,2,2,1,0,0,1,26.0,34.0,utilitaire_camion,deux_roues,2,2,1,1,3
202400038440,2024-06-17 17:40:00,2024,6,17,17,40,13,13005,A50 - Sens Aubagne vers Marseille,43.27733491,5.58710982,Plein jour,Hors agglomération,Hors intersection,Normale,Deux véhicules - côté,1,1,4,0,2,3,1,3,1,90,2,3,2,0,0,1,18.0,49.0,voiture,utilitaire_camion,1,1,1,1,3
202400038441,2024-11-05 06:23:00,2024,11,5,6,23,29,29232,Boulevard Dupleix,47.994816,-4.100484,Nuit avec éclairage allumé,En agglomération,Hors intersection,Pluie légère,Sans collision,4,1,2,0,1,1,2,0,1,30,1,1,0,0,0,1,45.0,,deux_roues,,5,2,1,2,7
202400038442,2024-09-29 20:00:00,2024,9,29,20,0,75,75117,BD PERIPHERIQUE INTERIEUR,48.900558,2.32762,Nuit avec éclairage allumé,En agglomération,Hors intersection,Normale,Trois véhicules et plus - collisions multiples,4,1,4,0,1,1,1,0,1,70,3,3,2,0,1,0,,26.0,voiture,deux_roues,5,2,1,1,5
202400038443,2024-09-29 05:00:00,2024,9,29,5,0,75,75115,BD PERIPHERIQUE INTERIEUR,48.826761,2.295778,Nuit avec éclairage allumé,En agglomération,Hors intersection,Normale,Deux véhicules - arrière,4,1,3,0,1,1,1,0,1,70,2,2,1,0,1,0,72.0,26.0,voiture,deux_roues,5,2,1,1,2
202400038444,2024-06-17 08:10:00,2024,6,17,8,10,13,13210,A50-Sens Aubagne vers Marseille,43.2852542,5.42356858,Plein jour,Hors agglomération,Hors intersection,Normale,Deux véhicules - arrière,1,3,3,0,1,1,1,0,1,90,2,2,1,0,0,1,25.0,29.0,utilitaire_camion,voiture,1,1,1,1,2
202400038445,2024-09-29 18:27:00,2024,9,29,18,27,75,75104,RUE DE RIVOLI,48.855595,2.3597,Crépuscule ou aube,En agglomération,Hors intersection,Normale,Deux véhicules - côté,4,-1,1,0,1,1,1,5,1,30,2,2,1,0,1,0,27.0,37.0,deux_roues,deux_roues,2,2,1,1,3
202400038446,2024-11-05 18:25:00,2024,11,5,18,25,26,26058,Rue Jean Bart,44.95245855,4.88773584,Nuit avec éclairage allumé,En agglomération,Hors intersection,Temps couvert,Deux véhicules - côté,4,2,2,0,1,1,1,0,1,50,2,2,1,0,0,1,44.0,72.0,deux_roues,voiture,5,2,1,8,3
202400038447,2024-09-30 11:00:00,2024,9,30,11,0,75,75119,RUE DE CRIMEE,48.895288,2.372088,Plein jour,En agglomération,Intersection en X,Pluie légère,Autre collision,4,2, -1,-1,1,1,2,0,1,30,1,2,1,0,0,1,,,voiture,,1,2,2,2,6
202400038447,2024-09-30 11:00:00,2024,9,30,11,0,75,75119,RUE DE CRIMEE,48.895288,2.372088,Plein jour,En agglomération,Intersection en X,Pluie légère,Autre collision,4,2,4,0,1,1,2,0,1,30,1,2,1,0,0,1,,,voiture,,1,2,2,2,6
202400038448,2024-06-18 06:45:00,2024,6,18,6,45,83,83069,A570,43.12574728,6.08765323,Plein jour,Hors agglomération,Hors intersection,Normale,Autre collision,1,3,2,0,1,1,1,0,1,110,1,1,0,0,0,1,22.0,,deux_roues,,1,1,1,1,6
202400038449,2024-09-30 08:05:00,2024,9,30,8,5,75,75119,AVENUE JEAN JAURES,48.885,2.382,Plein jour,En agglomération,Intersection en X,Temps couvert,Sans collision,4,3,2,2,1,1,2,9,5,30,1,1,0,0,0,1,24.0,,deux_roues,,1,2,2,8,7
202400038449,2024-09-30 08:05:00,2024,9,30,8,5,75,75119,AVENUE JEAN JAURES,48.885,2.382,Plein jour,En agglomération,Intersection en X,Temps couvert,Sans collision,4,1, -1,-1,1,1,2,0,5,30,1,1,0,0,0,1,24.0,,deux_roues,,1,2,2,8,7
202400038450,2024-09-30 11:30:00,2024,9,30,11,30,75,75117,PLACE DU MARECHAL JUIN,48.885345,2.297094,Plein jour,En agglomération,Place,Normale,Deux véhicules - côté,4,1,3,2,1,2,1,0,1,30,2,2,1,0,0,1,74.0,16.0,voiture,deux_roues,1,2,7,1,3
202400038451,2024-06-18 12:05:00,2024,6,18,12,5,33,33249,,44.872865,-0.506376,Plein jour,Hors agglomération,Hors intersection,Normale,Deux véhicules - côté,2,3,6,0,1,1,1,0,1,90,2,3,2,0,0,1,60.0,28.0,voiture,utilitaire_camion,1,1,1,1,3
202400038452,2024-11-04 17:00:00,2024,11,4,17,0,19,19031,ZOLA (AVENUE EMILE),45.15683,1.52797,Plein jour,En agglomération,Intersection en T,Normale,Deux véhicules - côté,3,1,1,0,2,1,1,0,1,30,2,2,1,0,0,1,23.0,17.0,voiture,deux_roues,1,2,3,1,3
202400038452,2024-11-04 17:00:00,2024,11,4,17,0,19,19031,ZOLA (AVENUE EMILE),45.15683,1.52797,Plein jour,En agglomération,Intersection en T,Normale,Deux véhicules - côté,3,2,1,0,1,1,1,0,1,30,2,2,1,0,0,1,23.0,17.0,voiture,deux_roues,1,2,3,1,3
202400038453,2024-09-30 16:40:00,2024,9,30,16,40,75,75116,RUE DE BOULAINVILLIERS,48.854172,2.275551,Plein jour,En agglomération,Intersection en X,Normale,Deux véhicules - arrière,4,-1,3,0,1,1,1,0,1,30,2,2,1,0,0,1,,86.0,deux_roues,deux_roues,1,2,2,1,2
202400038453,2024-09-30 16:40:00,2024,9,30,16,40,75,75116,RUE DE BOULAINVILLIERS,48.854172,2.275551,Plein jour,En agglomération,Intersection en X,Normale,Deux véhicules - arrière,4,1,0,0,2,1,1,0,1,30,2,2,1,0,0,1,,86.0,deux_roues,deux_roues,1,2,2,1,2
202400038454,2024-09-30 13:25:00,2024,9,30,13,25,75,75113,RUE DE TOLBIAC,48.82847,2.37295,Plein jour,En agglomération,Intersection en X,Pluie légère,Autre collision,4,2,3,3,2,1,2,5,8,50,1,2,1,0,0,1,43.0,,utilitaire_camion,,1,2,2,2,6
202400038454,2024-09-30 13:25:00,2024,9,30,13,25,75,75113,RUE DE TOLBIAC,48.82847,2.37295,Plein jour,En agglomération,Intersection en X,Pluie légère,Autre collision,4,1,1,0,1,1,2,0,8,30,1,2,1,0,0,1,43.0,,utilitaire_camion,,1,2,2,2,6
202400038455,2024-06-17 16:15:00,2024,6,17,16,15,59,59378,ROUTE NATIONALE 356,50.65264,3.1048,Plein jour,Hors agglomération,Hors intersection,Normale,Deux véhicules - arrière,2,-1,3,0,1,1,1,0,1,70,2,2,1,0,1,0,24.0,38.0,deux_roues,voiture,1,1,1,1,2
202400038456,2024-09-30 12:15:00,2024,9,30,12,15,75,75113,BOULEVARD AUGUSTE BLANQUI,48.830346,2.347015,Plein jour,En agglomération,Intersection en T,Pluie légère,Deux véhicules - côté,4,2,6,1,2,1,2,0,1,30,2,2,1,0,0,1,,18.0,utilitaire_camion,deux_roues,1,2,3,2,3
202400038456,2024-09-30 12:15:00,2024,9,30,12,15,75,75113,BOULEVARD AUGUSTE BLANQUI,48.830346,2.347015,Plein jour,En agglomération,Intersection en T,Pluie légère,Deux véhicules - côté,4,1,2,1,1,1,2,0,1,30,2,2,1,0,0,1,,18.0,utilitaire_camion,deux_roues,1,2,3,2,3
202400038457,2024-06-14 01:20:00,2024,6,14,1,20,59,59462,AUTOROUTE A1,50.50581,3.02011,Nuit sans éclairage public,Hors agglomération,Hors intersection,Pluie légère,Deux véhicules - arrière,1,-1,3,0,1,1,2,8,1,130,2,2,1,0,0,1,37.0,32.0,voiture,utilitaire_camion,3,1,1,2,2
202400038458,2024-09-30 19:10:00,2024,9,30,19,10,94,94081,Avenue de l'Abbé Roger Derry,48.790634,2.39271,Nuit avec éclairage allumé,En agglomération,Intersection en X,Pluie légère,Autre collision,3,2,2,0,1,1,2,0,1,30,1,5,4,0,0,1,42.0,,voiture,,5,2,2,2,6
202400038458,2024-09-30 19:10:00,2024,9,30,19,10,94,94081,Avenue de l'Abbé Roger Derry,48.790634,2.39271,Nuit avec éclairage allumé,En agglomération,Intersection en X,Pluie légère,Autre collision,3,1,1,0,1,1,2,0,1,30,1,5,4,0,0,1,42.0,,voiture,,5,2,2,2,6
202400038459,2024-11-05 18:25:00,2024,11,5,18,25,17,17291,N11,46.17419,-1.11278,Nuit avec éclairage allumé,Hors agglomération,Hors intersection,Normale,Trois véhicules et plus - en chaîne,2,3,4,0,1,1,1,0,1,90,3,7,4,0,0,3,54.0,21.0,voiture,voiture,5,1,1,1,4
202400038460,2024-06-18 07:50:00,2024,6,18,7,50,78,78238,A13,48.96958,1.86667,Plein jour,Hors agglomération,Hors intersection,Pluie forte,Deux véhicules - arrière,1,1,3,0,1,1,2,0,1,110,2,2,1,0,0,1,49.0,34.0,voiture,voiture,1,1,1,3,2
202400038461,2024-09-30 13:30:00,2024,9,30,13,30,94,94046,Avenue du Général Leclerc,48.81478,2.42251,Plein jour,En agglomération,Hors intersection,Normale,Autre collision,3,2,4,1,1,1,1,0,1,50,1,2,1,0,0,1,49.0,,voiture,,1,2,1,1,6
202400038462,2024-06-17 16:15:00,2024,6,17,16,15,92,92063,A86,48.87817333,2.16337162,Plein jour,Hors agglomération,Hors intersection,Normale,Deux véhicules - arrière,1,3,3,0,1,1,1,0,1,70,2,2,1,0,0,1,66.0,52.0,deux_roues,utilitaire_camion,1,1,1,1,2
202400038463,2024-09-28 23:50:00,2024,9,28,23,50,94,94046,Avenue du Général Leclerc,48.80821,2.4364,Nuit avec éclairage allumé,En agglomération,Hors intersection,Normale,Deux véhicules - arrière,3,3,4,0,1,1,1,0,1,50,2,2,1,0,0,1,33.0,47.0,voiture,voiture,5,2,1,1,2
202400038464,2024-11-04 17:40:00,2024,11,4,17,40,16,16015,,45.63104297,0.17394394,Plein jour,En agglomération,Hors intersection,Normale,Deux véhicules - frontale,4,2,2,0,1,1,1,0,1,30,2,2,0,0,1,1,31.0,29.0,voiture,deux_roues,1,2,1,1,1
202400038465,2024-06-18 10:00:00,2024,6,18,10,0,95,95277,A3,48.98015842,2.49808344,Plein jour,Hors agglomération,Hors intersection,Pluie légère,Deux véhicules - arrière,1,3,4,0,1,1,2,0,1,90,2,2,0,0,0,2,41.0,59.0,utilitaire_camion,voiture,1,1,1,2,2
202400038466,2024-09-30 18:34:00,2024,9,30,18,34,94,94017,Boulevard Gabriel Péri,48.82091269,2.50725412,Plein jour,En agglomération,Hors intersection,Normale,Deux véhicules - arrière,4,2,2,0,1,1,1,0,1,50,2,2,1,0,0,1,22.0,30.0,voiture,voiture,1,2,1,1,2
202400038467,2024-06-18 04:00:00,2024,6,18,4,0,93,93078,A104,48.96742731,2.51064901,Nuit sans éclairage public,Hors agglomération,Hors intersection,Normale,Deux véhicules - arrière,1,3,3,0,1,1,1,0,1,110,2,2,1,0,0,1,46.0,23.0,voiture,utilitaire_camion,3,1,1,1,2
202400038468,2024-09-30 20:00:00,2024,9,30,20,0,93,93066,AMPERE,48.92394,2.34247,Nuit avec éclairage allumé,En agglomération,Intersection en Y,Pluie légère,Autre collision,3,1, -1,-1,1,1,2,0,1,-1,1,4,1,0,0,3,,,voiture,,5,2,4,2,6
202400038468,2024-09-30 20:00:00,2024,9,30,20,0,93,93066,AMPERE,48.92394,2.34247,Nuit avec éclairage allumé,En agglomération,Intersection en Y,Pluie légère,Autre collision,3,2,3,0,1,1,2,0,1,50,1,4,1,0,0,3,,,voiture,,5,2,4,2,6
202400038469,2024-11-04 15:10:00,2024,11,4,15,10,13,13103,AVENUE FABRE -JULIEN,43.64138,5.10302,Plein jour,En agglomération,Intersection en X,Normale,Deux véhicules - côté,4,-1,2,0,1,1,1,0,1,50,2,3,2,0,0,1,81.0,40.0,deux_roues,utilitaire_camion,1,2,2,1,3
202400038469,2024-11-04 15:10:00,2024,11,4,15,10,13,13103,AVENUE FABRE -JULIEN,43.64138,5.10302,Plein jour,En agglomération,Intersection en X,Normale,Deux véhicules - côté,4,-1,2,0,1,1,1,0,1,50,2,3,2,0,0,1,81.0,40.0,deux_roues,utilitaire_camion,1,2,2,1,3
202400038470,2024-06-17 21:00:00,2024,6,17,21,0,93,93008,A86,48.90666784,2.4571234,Plein jour,Hors agglomération,Hors intersection,Normale,Deux véhicules - côté,1,3,3,0,1,1,1,1,1,90,2,2,1,0,0,1,23.0,49.0,deux_roues,voiture,1,1,1,1,3
202400038471,2024-09-29 16:10:00,2024,9,29,16,10,93,93010,PARIS (RUE DE),48.90382583,2.47059274,Plein jour,En agglomération,Intersection en X,Normale,Deux véhicules - arrière,3,2,0,0,1,1,1,9,1,50,2,2,1,0,0,1,37.0,40.0,voiture,voiture,1,2,2,1,2
202400038471,2024-09-29 16:10:00,2024,9,29,16,10,93,93010,PARIS (RUE DE),48.90382583,2.47059274,Plein jour,En agglomération,Intersection en X,Normale,Deux véhicules - arrière,3,1,1,0,1,1,1,9,1,50,2,2,1,0,0,1,37.0,40.0,voiture,voiture,1,2,2,1,2
202400038472,2024-06-17 18:35:00,2024,6,17,18,35,93,93010,A3,48.88893243,2.47376801,Plein jour,Hors agglomération,Hors intersection,Normale,Deux véhicules - arrière,1,2,4,0,2,3,1,0,1,90,2,2,1,0,0,1,58.0,38.0,deux_roues,voiture,1,1,1,1,2
202400038473,2024-11-04 09:30:00,2024,11,4,9,30,13,13103,AVENUE MICHELET,43.640484,5.08464357,Plein jour,En agglomération,Hors intersection,Normale,Deux véhicules - arrière,4,2,2,0,1,1,1,0,1,50,2,2,0,0,1,1,65.0,37.0,voiture,utilitaire_camion,1,2,1,1,2
202400038474,2024-06-17 13:50:00,2024,6,17,13,50,93,93005,A3,48.95806366,2.47335653,Plein jour,Hors agglomération,Hors intersection,Normale,Deux véhicules - côté,1,3,6,0,1,1,1,0,1,90,2,2,1,0,0,1,50.0,64.0,voiture,utilitaire_camion,1,1,1,1,3
202400038475,2024-09-30 15:00:00,2024,9,30,15,0,93,93079,SAINT LEU (ROUTE),48.94745176,2.34461395,Plein jour,En agglomération,Intersection en T,Normale,Deux véhicules - frontale,3,2, -1,-1,1,1,1,0,1,-1,2,2,1,0,1,0,51.0,52.0,voiture,deux_roues,1,2,3,1,1
202400038475,2024-09-30 15:00:00,2024,9,30,15,0,93,93079,SAINT LEU (ROUTE),48.94745176,2.34461395,Plein jour,En agglomération,Intersection en T,Normale,Deux véhicules - frontale,3,2,2,1,1,1,1,0,1,50,2,2,1,0,1,0,51.0,52.0,voiture,deux_roues,1,2,3,1,1
202400038476,2024-09-30 00:52:00,2024,9,30,0,52,93,93079,JULES FERRY,48.95561,2.33364,Nuit avec éclairage allumé,En agglomération,Hors intersection,Pluie légère,Autre collision,4,2,2,0,1,1,2,0,1,50,1,1,0,0,0,1,31.0,,voiture,,5,2,1,2,6
202400038477,2024-06-16 00:01:00,2024,6,16,0,1,93,93007,A1,48.95367931,2.45533367,Nuit sans éclairage public,Hors agglomération,Autre intersection,Normale,Deux véhicules - côté,1,3,4,0,1,1,1,9,1,110,2,2,1,0,0,1,31.0,27.0,voiture,voiture,3,1,9,1,3
202400038478,2024-11-06 00:21:00,2024,11,6,0,21,13,13205,JEAN MOULIN (BOULEVARD),43.29,5.4,Nuit avec éclairage allumé,En agglomération,Place,Normale,Autre collision,4,2,2,0,1,1,1,0,1,500,2,2,1,0,1,0,20.0,33.0,deux_roues,deux_roues,5,2,7,1,6
202400038479,2024-06-17 17:40:00,2024,6,17,17,40,77,77122,RN104,48.664498,2.61318,Plein jour,Hors agglomération,Hors intersection,Normale,Trois véhicules et plus - collisions multiples,2,3,6,0,1,1,1,0,1,90,3,3,2,0,1,0,27.0,39.0,deux_roues,voiture,1,1,1,1,5
202400038480,2024-09-30 09:00:00,2024,9,30,9,0,92,92075,MARY BESSEYRE (RUE),48.82154638,2.28963733,Plein jour,En agglomération,Hors intersection,Normale,Trois véhicules et plus - en chaîne,4,1,2,2,1,1,1,0,1,30,3,3,2,0,0,1,16.0,42.0,deux_roues,voiture,1,2,1,1,4
202400038481,2024-09-30 11:20:00,2024,9,30,11,20,92,92064,ST CLOUD,48.84132311,2.22334385,Plein jour,En agglomération,Autre intersection,Normale,Sans collision,3,1,0,0,1,3,2,9,1,50,1,1,0,0,0,1,64.0,,deux_roues,,1,2,9,1,7
202400038482,2024-06-17 11:30:00,2024,6,17,11,30,77,77169,A4.Y,48.832553,2.597018,Plein jour,Hors agglomération,Hors intersection,Normale,Deux véhicules - arrière,1,3,4,0,1,1,1,0,1,110,2,2,1,0,1,0,30.0,45.0,utilitaire_camion,voiture,1,1,1,1,2
202400038483,2024-09-29 11:50:00,2024,9,29,11,50,92,92047,PORTE VERTE,48.83412493,2.18529135,Plein jour,Hors agglomération,Hors intersection,Temps couvert,Sans collision,5,2,1,0,2,1,2,0,1,30,1,1,0,0,0,1,44.0,,deux_roues,,1,1,1,8,7
202400038484,2024-05-31 09:20:00,2024,5,31,9,20,44,44109,122 Boulevard EErnest Dalby,47.22157557,-1.53119098,Plein jour,En agglomération,Intersection en T,Normale,Deux véhicules - côté,4,2,2,0,1,1,1,5,1,50,2,2,1,0,0,1,30.0,24.0,voiture,deux_roues,1,2,3,1,3
202400038484,2024-05-31 09:20:00,2024,5,31,9,20,44,44109,122 Boulevard EErnest Dalby,47.22157557,-1.53119098,Plein jour,En agglomération,Intersection en T,Normale,Deux véhicules - côté,4,2,2,2,1,1,1,0,1,50,2,2,1,0,0,1,30.0,24.0,voiture,deux_roues,1,2,3,1,3
202400038485,2024-09-30 08:13:00,2024,9,30,8,13,92,92063,ESTIENNE D'ORVES (RUE D'),48.88829183,2.1791929,Plein jour,En agglomération,Hors intersection,Normale,Deux véhicules - côté,4,2,2,0,1,1,1,0,8,50,2,2,1,0,0,1,45.0,42.0,voiture,deux_roues,1,2,1,1,3
202400038486,2024-11-05 18:31:00,2024,11,5,18,31,13,13216,JEAN LABRO (BOULEVARD),43.35435,5.34075,Nuit avec éclairage allumé,En agglomération,Hors intersection,Normale,Deux véhicules - frontale,4,-1,1,0,1,1,1,0,1,50,2,6,1,0,0,5,24.0,,utilitaire_camion,utilitaire_camion,5,2,1,1,1
202400038487,2024-05-29 15:20:00,2024,5,29,15,20,44,44114,Boulevard Mendès France,47.2638506,-1.59659566,Plein jour,En agglomération,Giratoire,Normale,Deux véhicules - côté,4,2,2,2,1,1,1,-1,1,50,2,2,1,0,0,1,88.0,59.0,deux_roues,voiture,1,2,6,1,3
202400038488,2024-09-29 12:50:00,2024,9,29,12,50,92,92063,BESCHE (RUE JEAN-BAPTISTE),48.88338782,2.18489997,Plein jour,En agglomération,Hors intersection,Normale,Deux véhicules - frontale,4,2,2,0,1,1,1,0,1,50,2,2,1,0,0,1,60.0,42.0,voiture,deux_roues,1,2,1,1,1
202400038489,2024-05-28 09:38:00,2024,5,28,9,38,44,44109,Rue de l'Ile Botty,47.1909457,-1.61410078,Plein jour,En agglomération,Hors intersection,Normale,Deux véhicules - arrière,4,2,2,0,1,4,1,0,1,50,2,2,1,0,0,1,26.0,48.0,utilitaire_camion,utilitaire_camion,1,2,1,1,2
202400038490,2024-11-05 07:39:00,2024,11,5,7,39,11,11262,1 Rue Emile Eudes,43.18277,2.97979,Crépuscule ou aube,En agglomération,Giratoire,Pluie forte,Autre collision,4,1,2,0,1,2,2,9,1,30,1,2,1,0,0,1,,,voiture,,2,2,6,3,6
202400038490,2024-11-05 07:39:00,2024,11,5,7,39,11,11262,1 Rue Emile Eudes,43.18277,2.97979,Crépuscule ou aube,En agglomération,Giratoire,Pluie forte,Autre collision,4,1,4,0,1,1,2,9,1,30,1,2,1,0,0,1,,,voiture,,2,2,6,3,6
202400038491,2024-09-30 08:50:00,2024,9,30,8,50,92,92036,PRINCIPALE DU PORT (ROUTE) (19/+),48.93755749,2.2761637,Plein jour,En agglomération,Hors intersection,Temps couvert,Deux véhicules - arrière,4,3,4,0,1,1,1,0,1,50,2,2,1,0,0,1,28.0,58.0,utilitaire_camion,utilitaire_camion,1,2,1,8,2
202400038492,2024-05-27 09:00:00,2024,5,27,9,0,44,44114,Avenue de la Paquelais,47.24878908,-1.60569752,Plein jour,En agglomération,Hors intersection,Normale,Sans collision,4,2,3,1,1,1,1,-1,1,50,1,1,0,0,0,1,41.0,,deux_roues,,1,2,1,1,7
202400038493,2024-09-30 12:20:00,2024,9,30,12,20,92,92004,GRESILLONS ( AVENUE DES  ),48.9208061,2.31775509,Plein jour,En agglomération,Intersection en X,Normale,Deux véhicules - côté,3,2,2,0,1,1,1,0,1,50,2,2,1,0,0,1,28.0,43.0,voiture,deux_roues,1,2,2,1,3
202400038493,2024-09-30 12:20:00,2024,9,30,12,20,92,92004,GRESILLONS ( AVENUE DES  ),48.9208061,2.31775509,Plein jour,En agglomération,Intersection en X,Normale,Deux véhicules - côté,3,2,2,0,1,1,1,0,1,50,2,2,1,0,0,1,28.0,43.0,voiture,deux_roues,1,2,2,1,3
202400038494,2024-04-24 01:45:00,2024,4,24,1,45,44,44190,,47.1928656,-1.48784792,Nuit sans éclairage public,Hors agglomération,Hors intersection,Temps couvert,Sans collision,2,1,1,0,2,1,1,3,1,70,1,2,1,0,0,1,18.0,,voiture,,3,1,1,8,7
202400038495,2024-11-05 07:34:00,2024,11,5,7,34,11,11262,2 Rue Emile Eudes,43.18277,2.97979,Crépuscule ou aube,En agglomération,Hors intersection,Pluie légère,Autre collision,4,2,1,0,1,1,2,9,1,50,1,2,1,0,0,1,,,autre,,2,2,1,2,6
202400038496,2024-10-01 15:40:00,2024,10,1,15,40,37,37035,Bisseuil,46.998223,0.318223,Plein jour,Hors agglomération,Intersection en Y,Pluie légère,Autre collision,3,2,2,0,1,1,2,0,3,80,1,1,0,0,0,1,29.0,,voiture,,1,1,4,2,6
202400038496,2024-10-01 15:40:00,2024,10,1,15,40,37,37035,Bisseuil,46.998223,0.318223,Plein jour,Hors agglomération,Intersection en Y,Pluie légère,Autre collision,3,2,2,0,1,3,2,0,3,70,1,1,0,0,0,1,29.0,,voiture,,1,1,4,2,6
202400038497,2024-06-17 07:30:00,2024,6,17,7,30,976,97611,kaweni-Pendu (Place),-12.75861,45.23097,Plein jour,En agglomération,Intersection en Y,Pluie légère,Deux véhicules - frontale,2,2, -1,-1,2,1,2,0,1,-1,2,3,1,0,0,2,24.0,25.0,deux_roues,voiture,1,2,4,2,1
202400038497,2024-06-17 07:30:00,2024,6,17,7,30,976,97611,kaweni-Pendu (Place),-12.75861,45.23097,Plein jour,En agglomération,Intersection en Y,Pluie légère,Deux véhicules - frontale,2,3, -1,0,2,1,2,0,1,50,2,3,1,0,0,2,24.0,25.0,deux_roues,voiture,1,2,4,2,1
202400038498,2024-09-30 09:38:00,2024,9,30,9,38,38,38019,Route Nationale 7,45.44215,4.82082,Plein jour,Hors agglomération,Hors intersection,Normale,Trois véhicules et plus - collisions multiples,2,2,2,0,1,1,1,0,1,80,3,4,2,0,0,2,59.0,58.0,voiture,voiture,1,1,1,1,5
202400038499,2024-11-04 17:45:00,2024,11,4,17,45,11,11069,,43.23512,2.37233,Nuit sans éclairage public,En agglomération,Intersection en T,Normale,Deux véhicules - côté,3,2,2,-1,1,1,1,0,1,-1,2,2,1,0,0,1,42.0,17.0,voiture,deux_roues,3,2,3,1,3