accident_id,datetime,annee,mois,jour,heure,minute,departement,commune_insee,adresse,latitude,longitude,luminosite,agglomeration,intersection,meteo,collision,catr,circ,nbv,vosp,prof,plan,surf,infra,situ,vma,nb_vehicules,nb_usagers,nb_indemnes,nb_tues,nb_blesses_hosp,nb_blesses_legers,age_cond_1,age_cond_2,veh_type_cond_1,veh_type_cond_2,lum_code,agg_code,int_code,atm_code,col_code
202400038499,2024-11-04 17:45:00,2024,11,4,17,45,11,11069,,43.23512,2.37233,Nuit sans éclairage public,En agglomération,Intersection en T,Normale,Deux véhicules - côté,3,2, -1,0,1,1,1,0,1,50,2,2,1,0,0,1,42.0,17.0,voiture,deux_roues,3,2,3,1,3
202400038500,2024-09-30 06:10:00,2024,9,30,6,10,06,06149,237 Route de Laghet,43.748405,7.367706,Nuit sans éclairage public,Hors agglomération,Hors intersection,Normale,Sans collision,7,2,2,0,2,2,1,0,1,70,1,1,0,0,1,0,49.0,,deux_roues,,3,1,1,1,7
202400038501,2024-10-01 14:47:00,2024,10,1,14,47,02,02615,A26,49.917934,3.233172,Plein jour,Hors agglomération,Hors intersection,Temps couvert,Sans collision,1,3,2,0,4,1,1,0,1,90,1,1,0,0,0,1,55.0,,utilitaire_camion,,1,1,1,8,7
202400038502,2024-06-16 23:30:00,2024,6,16,23,30,973,97302,SOURCE DE BADUEL (CHEMIN DE LA),4.92557912,-52.30859381,Nuit sans éclairage public,En agglomération,Hors intersection,Pluie légère,Sans collision,4,2,2,0,1,3,2,0,1,50,1,3,0,0,0,3,44.0,,voiture,,3,2,1,2,7
202400038503,2024-11-04 19:00:00,2024,11,4,19,0,06,06030,49 Avenue Maurice Jeanpierre,43.579,7.006,Nuit avec éclairage allumé,En agglomération,Autre intersection,Normale,Deux véhicules - côté,4,2,2,0,1,1,1,0,1,50,2,2,1,0,1,0,41.0,44.0,deux_roues,voiture,5,2,9,1,3
202400038504,2024-09-27 16:45:00,2024,9,27,16,45,63,63305,Route d'Orcival,45.69130817,2.81112864,Plein jour,En agglomération,Hors intersection,Pluie légère,Autre collision,3,2,2,0,2,2,2,0,3,50,1,1,0,0,1,0,63.0,,voiture,,1,2,1,2,6
202400038505,2024-06-16 22:15:00,2024,6,16,22,15,973,97302,BOUDINOT (AUGUSTE) CITE THEMIRE,4.93324823,-52.31955099,Nuit avec éclairage allumé,En agglomération,Intersection en T,Pluie légère,Deux véhicules - frontale,4,2,2,0,1,1,2,0,1,50,2,2,1,0,0,1,21.0,25.0,autre,voiture,5,2,3,2,1
202400038505,2024-06-16 22:15:00,2024,6,16,22,15,973,97302,BOUDINOT (AUGUSTE) CITE THEMIRE,4.93324823,-52.31955099,Nuit avec éclairage allumé,En agglomération,Intersection en T,Pluie légère,Deux véhicules - frontale,4,2,2,0,1,1,2,0,1,50,2,2,1,0,0,1,21.0,25.0,autre,voiture,5,2,3,2,1
202400038506,2024-10-01 14:00:00,2024,10,1,14,0,22,22243,"Intersection  rd 787 / rd 99,  pr 31+482 le pont du bourg neuf",48.378545,-3.472924,Plein jour,Hors agglomération,Intersection en T,Temps éblouissant,Deux véhicules - côté,3,2,0,0,1,2,1,5,1,90,2,2,0,0,1,1,63.0,33.0,utilitaire_camion,voiture,1,1,3,7,3
202400038506,2024-10-01 14:00:00,2024,10,1,14,0,22,22243,"Intersection  rd 787 / rd 99,  pr 31+482 le pont du bourg neuf",48.378545,-3.472924,Plein jour,Hors agglomération,Intersection en T,Temps éblouissant,Deux véhicules - côté,3,2,2,0,1,1,1,0,1,80,2,2,0,0,1,1,63.0,33.0,utilitaire_camion,voiture,1,1,3,7,3
202400038507,2024-06-16 17:39:00,2024,6,16,17,39,973,97302,SOURCE DE BADUEL (CHEMIN DE LA),4.92786,-52.30832,Plein jour,En agglomération,Hors intersection,Pluie légère,Deux véhicules - côté,4,2,2,0,1,1,2,0,1,50,2,3,1,0,0,2,,21.0,voiture,deux_roues,1,2,1,2,3
202400038508,2024-09-30 09:05:00,2024,9,30,9,5,59,59162,17 Voie Romaine,50.921252,2.378835,Plein jour,Hors agglomération,Hors intersection,Pluie légère,Deux véhicules - arrière,3,2,2,0,1,1,2,0,1,80,2,2,1,0,0,1,58.0,37.0,voiture,utilitaire_camion,1,1,1,2,2
202400038509,2024-11-05 17:30:00,2024,11,5,17,30,75,75120,BOULEVARD PERIPHERIQUE INTERIEUR NORD  ,48.849206,2.414929,Nuit avec éclairage allumé,En agglomération,Hors intersection,Normale,Deux véhicules - côté,4,1,4,0,1,1,1,0,1,50,2,2,1,0,0,1,21.0,34.0,voiture,deux_roues,5,2,1,1,3
202400038510,2024-06-17 08:57:00,2024,6,17,8,57,69,69383,Cours Lafayette,45.76359534,4.85093551,Plein jour,Hors agglomération,Hors intersection,Normale,Deux véhicules - côté,4,1,1,2,1,1,1,0,1,30,2,2,1,0,0,1,26.0,26.0,deux_roues,voiture,1,1,1,1,3
202400038511,2024-09-30 17:13:00,2024,9,30,17,13,34,34282,A750,43.629428,3.677244,Plein jour,Hors agglomération,Hors intersection,Normale,Deux véhicules - côté,1,3,2,0,2,1,1,0,1,130,2,3,1,0,1,1,47.0,41.0,voiture,voiture,1,1,1,1,3
202400038512,2024-06-17 17:50:00,2024,6,17,17,50,69,69149,137 Rue Emile Zola,45.72067,4.79732,Plein jour,En agglomération,Autre intersection,Normale,Autre collision,7,2,2,0,1,1,1,0,1,30,1,2,1,0,0,1,56.0,,voiture,,1,2,9,1,6
202400038512,2024-06-17 17:50:00,2024,6,17,17,50,69,69149,137 Rue Emile Zola,45.72067,4.79732,Plein jour,En agglomération,Autre intersection,Normale,Autre collision,7,2,2,0,1,1,1,0,1,50,1,2,1,0,0,1,56.0,,voiture,,1,2,9,1,6
202400038513,2024-10-01 17:20:00,2024,10,1,17,20,41,41238,D5,47.871396,0.83745,Plein jour,Hors agglomération,Hors intersection,Normale,Sans collision,3,2,2,0,1,2,1,0,3,90,1,1,0,0,0,1,48.0,,voiture,,1,1,1,1,7
202400038514,2024-11-05 15:12:00,2024,11,5,15,12,75,75114,BOULEVARD PERIPHERIQUE EXTERIEUR SUD,48.820818,2.321801,Plein jour,En agglomération,Hors intersection,Normale,Deux véhicules - arrière,4,1,3,0,1,1,1,0,1,50,2,2,1,0,0,1,35.0,58.0,voiture,voiture,1,2,1,1,2
202400038515,2024-09-30 11:50:00,2024,9,30,11,50,56,56190,Rue du Général de Gaulle,47.974575,-2.743312,Plein jour,En agglomération,Hors intersection,Pluie légère,Autre collision,3,2,2,0,2,1,2,0,1,50,1,2,1,0,0,1,23.0,,voiture,,1,2,1,2,6
202400038516,2024-11-05 07:45:00,2024,11,5,7,45,75,75118,ECHANGEUR SAINT OUEN,48.900513,2.331957,Plein jour,En agglomération,Hors intersection,Normale,Sans collision,4,1,2,0,1,1,2,0,1,50,1,1,0,0,0,1,45.0,,deux_roues,,1,2,1,1,7
202400038517,2024-09-30 10:10:00,2024,9,30,10,10,31,31541,Chemin Bel Air,43.673079,1.361411,Plein jour,Hors agglomération,Giratoire,Normale,Deux véhicules - frontale,4,3,4,0,1,1,1,0,1,70,2,2,1,0,1,0,20.0,59.0,voiture,deux_roues,1,1,6,1,1
202400038518,2024-11-05 14:00:00,2024,11,5,14,0,75,75108,RUE DE SAINT PETERSBOURG,48.879944,2.324138,Plein jour,En agglomération,Intersection en T,Normale,Autre collision,4,1,1,0,1,1,1,0,1,30,1,2,1,0,1,0,52.0,,voiture,,1,2,3,1,6
202400038518,2024-11-05 14:00:00,2024,11,5,14,0,75,75108,RUE DE SAINT PETERSBOURG,48.879944,2.324138,Plein jour,En agglomération,Intersection en T,Normale,Autre collision,4,2,2,3,1,1,1,0,1,30,1,2,1,0,1,0,52.0,,voiture,,1,2,3,1,6
202400038519,2024-10-01 06:30:00,2024,10,1,6,30,71,71190,Route de Molinot,46.99396,4.543973,Crépuscule ou aube,Hors agglomération,Hors intersection,Temps couvert,Autre collision,3,2,1,0,3,2,2,0,3,80,1,1,0,0,1,0,18.0,,voiture,,2,1,1,8,6
202400038520,2024-06-17 13:23:00,2024,6,17,13,23,2B,2B120,11 - RT,42.6565,9.44074,Plein jour,Hors agglomération,Hors intersection,Normale,Deux véhicules - côté,6,-1, -1,0,1,1,1,9,8,50,2,3,2,0,0,1,78.0,19.0,utilitaire_camion,deux_roues,1,1,1,1,3
202400038521,2024-09-28 22:45:00,2024,9,28,22,45,89,89306,D606,47.502069,3.884954,Nuit sans éclairage public,Hors agglomération,Hors intersection,Normale,Autre collision,3,2,2,0,1,1,1,0,3,90,1,1,0,0,1,0,78.0,,voiture,,3,1,1,1,6
202400038522,2024-11-05 06:54:00,2024,11,5,6,54,75,75112,BOULEVARD DE BERCY,48.83988,2.382296,Nuit avec éclairage allumé,En agglomération,Intersection en T,Normale,Autre collision,4,2,5,2,1,1,1,-1,5,30,1,2,1,0,1,0,35.0,,deux_roues,,5,2,3,1,6
202400038522,2024-11-05 06:54:00,2024,11,5,6,54,75,75112,BOULEVARD DE BERCY,48.83988,2.382296,Nuit avec éclairage allumé,En agglomération,Intersection en T,Normale,Autre collision,4,2,2,0,1,1,1,-1,5,30,1,2,1,0,1,0,35.0,,deux_roues,,5,2,3,1,6
202400038523,2024-09-30 23:15:00,2024,9,30,23,15,12,12208,300 Route de Couat,43.946511,2.891956,Nuit avec éclairage allumé,En agglomération,Hors intersection,Normale,Autre collision,4,2,2,0,1,1,1,0,3,50,2,3,1,0,1,1,,15.0,voiture,deux_roues,5,2,1,1,6
202400038524,2024-06-17 19:00:00,2024,6,17,19,0,91,91201,AV DES LILAS,48.68416,2.39215,Plein jour,En agglomération,Hors intersection,Pluie légère,Deux véhicules - côté,4,1,1,0,1,1,2,0,1,50,2,2,1,0,0,1,63.0,11.0,voiture,deux_roues,1,2,1,2,3
202400038525,2024-11-05 08:25:00,2024,11,5,8,25,75,75115,RUE DU THEATRE,48.848109,2.290132,Crépuscule ou aube,En agglomération,Intersection en X,Temps couvert,Autre collision,4,1, -1,-1,1,1,1,0,1,-1,1,2,1,0,0,1,22.0,,deux_roues,,2,2,2,8,6
202400038525,2024-11-05 08:25:00,2024,11,5,8,25,75,75115,RUE DU THEATRE,48.848109,2.290132,Crépuscule ou aube,En agglomération,Intersection en X,Temps couvert,Autre collision,4,1,0,0,1,1,1,0,1,30,1,2,1,0,0,1,22.0,,deux_roues,,2,2,2,8,6
202400038526,2024-09-30 16:05:00,2024,9,30,16,5,47,47306,550 route de lembrun,44.383364,0.538534,Plein jour,Hors agglomération,Hors intersection,Normale,Deux véhicules - côté,3,2,2,0,1,1,1,0,1,80,2,2,1,0,0,1,70.0,69.0,voiture,voiture,1,1,1,1,3
202400038527,2024-06-15 23:05:00,2024,6,15,23,5,87,87085,BLANC LOUIS (BOULEVARD),45.82753,1.26056,Nuit avec éclairage allumé,En agglomération,Hors intersection,Normale,Autre collision,4,2,4,0,1,1,1,0,1,30,1,2,1,0,1,0,22.0,,voiture,,5,2,1,1,6
202400038528,2024-09-18 18:40:00,2024,9,18,18,40,41,41016,D956,47.307568,1.506227,Plein jour,Hors agglomération,Intersection en X,Pluie légère,Deux véhicules - frontale,3,2,2,0,1,1,2,0,1,90,2,3,0,0,0,3,43.0,46.0,voiture,voiture,1,1,2,2,1
202400038528,2024-09-18 18:40:00,2024,9,18,18,40,41,41016,D956,47.307568,1.506227,Plein jour,Hors agglomération,Intersection en X,Pluie légère,Deux véhicules - frontale,3,2, -1,-1,1,1,2,0,1,-1,2,3,0,0,0,3,43.0,46.0,voiture,voiture,1,1,2,2,1
202400038529,2024-06-17 08:55:00,2024,6,17,8,55,77,77350,DEPARTEMENTALE 1004,48.75683,2.67221,Plein jour,Hors agglomération,Hors intersection,Normale,Autre collision,3,1,1,0,1,3,1,0,1,90,1,1,0,0,0,1,35.0,,voiture,,1,1,1,1,6
202400038530,2024-10-01 11:00:00,2024,10,1,11,0,86,86083,D611,46.487113,0.19063,Plein jour,En agglomération,Hors intersection,Pluie forte,Sans collision,3,2,2,0,3,1,2,0,1,30,1,1,0,0,1,0,26.0,,deux_roues,,1,2,1,3,7
202400038531,2024-11-04 13:40:00,2024,11,4,13,40,75,75114,RUE D ALESIA,48.831382,2.316068,Plein jour,En agglomération,Hors intersection,Normale,Deux véhicules - côté,4,2,2,3,1,1,1,-1,5,30,2,2,1,0,0,1,62.0,47.0,utilitaire_camion,deux_roues,1,2,1,1,3
202400038532,2024-06-16 21:30:00,2024,6,16,21,30,77,77251,AV RENE CASSIN,48.62924,2.56142,Crépuscule ou aube,En agglomération,Hors intersection,Pluie légère,Deux véhicules - côté,4,2,2,0,1,1,2,0,1,50,2,2,1,0,0,1,47.0,14.0,voiture,deux_roues,2,2,1,2,3
202400038533,2024-09-30 18:15:00,2024,9,30,18,15,25,25320,route départementale 9,46.780928,6.297795,Plein jour,Hors agglomération,Hors intersection,Temps couvert,Deux véhicules - frontale,3,2,2,0,2,1,9,0,1,90,2,2,1,0,0,1,38.0,28.0,voiture,voiture,1,1,1,8,1
202400038534,2024-06-17 19:30:00,2024,6,17,19,30,77,77449,CRS DU DANUBE,48.85507,2.77525,Plein jour,En agglomération,Hors intersection,Pluie forte,Autre collision,4,2,2,0,1,1,2,0,1,30,1,2,1,0,0,1,,,voiture,,1,2,1,3,6
202400038535,2024-06-16 02:10:00,2024,6,16,2,10,76,76351,GUILLEMARD,49.49814,0.09424,Nuit avec éclairage allumé,En agglomération,Hors intersection,Normale,Autre collision,4,2,2,0,2,1,1,0,1,50,1,1,0,0,0,1,20.0,,deux_roues,,5,2,1,1,6
202400038536,2024-09-23 13:53:00,2024,9,23,13,53,29,29068,Route de Saint Thegonnec,48.520563,-3.998787,Plein jour,Hors agglomération,Hors intersection,Pluie forte,Autre collision,2,1,2,0,2,1,2,3,3,70,1,2,0,0,2,0,21.0,,voiture,,1,1,1,3,6
202400038537,2024-11-05 19:38:00,2024,11,5,19,38,75,75108,RUE LA BOETIE,48.870959,2.306276,Nuit avec éclairage allumé,En agglomération,Hors intersection,Normale,Deux véhicules - côté,4,1,1,0,1,1,1,0,1,30,2,3,1,0,0,2,24.0,50.0,deux_roues,voiture,5,2,1,1,3
202400038538,2024-06-15 11:25:00,2024,6,15,11,25,76,76351,POMMIERS (DES),49.5105,0.0901,Plein jour,En agglomération,Hors intersection,Normale,Deux véhicules - frontale,4,-1,2,0,1,2,1,0,4,50,1,1,0,0,0,1,34.0,,deux_roues,,1,2,1,1,1
202400038539,2024-09-30 14:30:00,2024,9,30,14,30,29,29117,Lieu Dit Keruzal,48.56952717,-4.56780195,Plein jour,Hors agglomération,Hors intersection,Normale,Deux véhicules - frontale,4,2,2,0,1,1,1,0,1,80,2,3,0,0,1,2,21.0,57.0,voiture,voiture,1,1,1,1,1
202400038540,2024-06-15 17:50:00,2024,6,15,17,50,76,76270,RD 6382,49.52981,0.14645,Plein jour,Hors agglomération,Hors intersection,Pluie forte,Deux véhicules - arrière,3,3,2,0,2,1,3,0,1,90,2,2,0,0,0,2,22.0,69.0,voiture,voiture,1,1,1,3,2
202400038541,2024-09-30 21:50:00,2024,9,30,21,50,31,31399,Route de Toulouse,43.345912,1.262848,Nuit sans éclairage public,Hors agglomération,Hors intersection,Normale,Autre collision,3,2,2,0,1,1,1,0,1,80,1,2,0,1,0,1,42.0,,voiture,,3,1,1,1,6
202400038542,2024-11-05 09:00:00,2024,11,5,9,0,75,75108,RUE DE COURCELLES,48.874424,2.309831,Plein jour,En agglomération,Hors intersection,Normale,Deux véhicules - côté,4,2,3,3,1,1,1,0,1,30,2,2,1,0,0,1,39.0,37.0,deux_roues,utilitaire_camion,1,2,1,1,3
202400038543,2024-06-16 17:15:00,2024,6,16,17,15,72,72181,LATHAM HUBERT (RUE),47.96735,0.20677,Plein jour,En agglomération,Intersection en X,Pluie légère,Deux véhicules - côté,4,2,4,0,1,1,2,0,1,30,2,3,2,0,0,1,25.0,43.0,voiture,utilitaire_camion,1,2,2,2,3
202400038543,2024-06-16 17:15:00,2024,6,16,17,15,72,72181,LATHAM HUBERT (RUE),47.96735,0.20677,Plein jour,En agglomération,Intersection en X,Pluie légère,Deux véhicules - côté,4,2,2,0,1,1,2,0,1,-1,2,3,2,0,0,1,25.0,43.0,voiture,utilitaire_camion,1,2,2,2,3
202400038544,2024-09-30 16:50:00,2024,9,30,16,50,83,83007,109 Route de Verignon,43.632336,6.220059,Plein jour,En agglomération,Hors intersection,Normale,Deux véhicules - frontale,3,2,2,0,1,1,1,0,1,70,2,2,0,0,0,2,36.0,50.0,utilitaire_camion,voiture,1,2,1,1,1
202400038545,2024-09-30 18:00:00,2024,9,30,18,0,64,64160,RD 932,43.348728,-1.408288,Crépuscule ou aube,Hors agglomération,Hors intersection,Normale,Deux véhicules - frontale,3,2,2,0,1,1,1,0,1,80,2,2,1,1,0,0,27.0,18.0,utilitaire_camion,voiture,2,1,1,1,1
202400038546,2024-06-17 12:30:00,2024,6,17,12,30,71,71309,CHANOINE LAFOREST (GRANDE RUE),46.78953,4.39613,Plein jour,En agglomération,Hors intersection,Normale,Trois véhicules et plus - collisions multiples,3,2,2,0,4,2,2,0,1,50,3,4,2,0,0,2,44.0,79.0,voiture,voiture,1,2,1,1,5
202400038547,2024-11-04 15:30:00,2024,11,4,15,30,75,75108,RUE DE L ARCADE,48.873306,2.324303,Plein jour,En agglomération,Intersection en X,Normale,Autre collision,4,1,1,0,1,1,1,0,1,30,1,2,1,0,0,1,,,utilitaire_camion,,1,2,2,1,6
202400038547,2024-11-04 15:30:00,2024,11,4,15,30,75,75108,RUE DE L ARCADE,48.873306,2.324303,Plein jour,En agglomération,Intersection en X,Normale,Autre collision,4,1,1,0,1,1,1,0,1,30,1,2,1,0,0,1,,,utilitaire_camion,,1,2,2,1,6
202400038548,2024-09-30 19:20:00,2024,9,30,19,20,18,18054,17 Route de Cornusse,46.900334,2.748065,Crépuscule ou aube,En agglomération,Hors intersection,Normale,Deux véhicules - côté,4,2,2,0,1,2,1,0,1,50,2,3,1,0,1,1,19.0,29.0,deux_roues,voiture,2,2,1,1,3
202400038549,2024-06-16 01:35:00,2024,6,16,1,35,69,69259,Boulevard Irène Joliot Curie,45.7116,4.8813,Nuit avec éclairage allumé,En agglomération,Intersection en T,Normale,Autre collision,7,2,2,0,1,1,1,0,6,50,1,1,0,0,0,1,27.0,,utilitaire_camion,,5,2,3,1,6
202400038549,2024-06-16 01:35:00,2024,6,16,1,35,69,69259,Boulevard Irène Joliot Curie,45.7116,4.8813,Nuit avec éclairage allumé,En agglomération,Intersection en T,Normale,Autre collision,7,2,4,3,1,1,1,0,6,50,1,1,0,0,0,1,27.0,,utilitaire_camion,,5,2,3,1,6
202400038550,2024-09-30 15:30:00,2024,9,30,15,30,18,18139,,47.075295,3.011026,Plein jour,Hors agglomération,Hors intersection,Normale,Sans collision,3,2,2,0,1,3,1,0,3,80,1,1,0,0,1,0,62.0,,deux_roues,,1,1,1,1,7
202400038551,2024-06-17 15:15:00,2024,6,17,15,15,69,69091,1 Quai Georges Lévy,45.5862,4.77249,Plein jour,En agglomération,Hors intersection,Normale,Autre collision,7,2,2,0,1,1,1,0,1,30,1,2,1,0,0,1,53.0,,utilitaire_camion,,1,2,1,1,6
202400038552,2024-10-01 10:00:00,2024,10,1,10,0,36,36088,Rue d’Estienne d’Orves,46.953488,1.992935,Plein jour,En agglomération,Giratoire,Pluie légère,Sans collision,4,2,2,2,2,1,2,0,1,50,1,1,0,0,0,1,61.0,,deux_roues,,1,2,6,2,7
202400038553,2024-11-04 12:00:00,2024,11,4,12,0,75,75103,RUE DU TEMPLE,48.867344,2.363375,Plein jour,En agglomération,Place,Normale,Deux véhicules - côté,4,1,4,0,1,1,1,0,1,30,2,2,1,0,0,1,81.0,43.0,utilitaire_camion,deux_roues,1,2,7,1,3
202400038553,2024-11-04 12:00:00,2024,11,4,12,0,75,75103,RUE DU TEMPLE,48.867344,2.363375,Plein jour,En agglomération,Place,Normale,Deux véhicules - côté,4,1,1,0,1,1,1,0,1,30,2,2,1,0,0,1,81.0,43.0,utilitaire_camion,deux_roues,1,2,7,1,3
202400038554,2024-09-30 18:00:00,2024,9,30,18,0,07,07346,Faubourg Saint Jacques,44.48439,4.685513,Plein jour,En agglomération,Hors intersection,Normale,Autre collision,3,2,2,0,1,1,1,0,3,50,1,1,0,0,1,0,42.0,,deux_roues,,1,2,1,1,6
202400038555,2024-06-17 23:50:00,2024,6,17,23,50,67,67447,PIERRE MENDES FRANCE (AVENUE),48.60311,7.75685,Nuit avec éclairage allumé,En agglomération,Intersection en X,Normale,Deux véhicules - côté,4,2,2,0,1,1,1,9,1,50,2,3,2,0,0,1,50.0,,utilitaire_camion,voiture,5,2,2,1,3
202400038555,2024-06-17 23:50:00,2024,6,17,23,50,67,67447,PIERRE MENDES FRANCE (AVENUE),48.60311,7.75685,Nuit avec éclairage allumé,En agglomération,Intersection en X,Normale,Deux véhicules - côté,4,2,2,2,1,1,1,0,1,30,2,3,2,0,0,1,50.0,,utilitaire_camion,voiture,5,2,2,1,3
202400038556,2024-11-03 20:14:00,2024,11,3,20,14,75,75101,BOULEVARD DE SEBASTOPOL,48.860074,2.349098,Nuit avec éclairage allumé,En agglomération,Intersection en X,Normale,Deux véhicules - côté,4,1,4,1,1,1,1,-1,5,30,2,2,1,0,0,1,38.0,,deux_roues,voiture,5,2,2,1,3
202400038556,2024-11-03 20:14:00,2024,11,3,20,14,75,75101,BOULEVARD DE SEBASTOPOL,48.860074,2.349098,Nuit avec éclairage allumé,En agglomération,Intersection en X,Normale,Deux véhicules - côté,4,2, -1,-1,1,1,1,-1,5,-1,2,2,1,0,0,1,38.0,,deux_roues,voiture,5,2,2,1,3
202400038557,2024-12-11 01:00:00,2024,12,11,1,0,38,38185,AUTOROUTE A 480,45.17468493,5.70210136,Nuit sans éclairage public,Hors agglomération,Hors intersection,Normale,Deux véhicules - arrière,1,-1,2,0,1,1,1,0,1,70,2,2,1,1,0,0,21.0,19.0,utilitaire_camion,deux_roues,3,1,1,1,2
202400038558,2024-06-17 08:35:00,2024,6,17,8,35,66,66136,Boulevard John-Fitzgerald Kennedy,42.68977,2.90254,Plein jour,En agglomération,Hors intersection,Normale,Autre collision,4,2,4,0,1,1,1,0,1,50,1,2,1,0,0,1,37.0,,voiture,,1,2,1,1,6
202400038559,2024-12-11 13:25:00,2024,12,11,13,25,35,35238,ROOSEVELT (BD FRANKLIN),48.09591,-1.66144,Plein jour,En agglomération,Autre intersection,Temps couvert,Deux véhicules - côté,4,2,2,2,1,1,1,0,1,30,2,2,1,0,0,1,25.0,63.0,deux_roues,voiture,1,2,9,8,3
202400038559,2024-12-11 13:25:00,2024,12,11,13,25,35,35238,ROOSEVELT (BD FRANKLIN),48.09591,-1.66144,Plein jour,En agglomération,Autre intersection,Temps couvert,Deux véhicules - côté,4,2,2,2,2,1,1,0,1,50,2,2,1,0,0,1,25.0,63.0,deux_roues,voiture,1,2,9,8,3
202400038560,2024-11-04 14:45:00,2024,11,4,14,45,94,94068,Boulevard des Corneilles,48.785756,2.49215,Plein jour,En agglomération,Intersection en X,Normale,Deux véhicules - frontale,4,2,2,0,1,1,1,0,1,30,2,2,1,0,0,1,81.0,54.0,deux_roues,voiture,1,2,2,1,1
202400038561,2024-06-17 13:35:00,2024,6,17,13,35,64,64445,PAIX,43.32134,-0.35922,Plein jour,En agglomération,Hors intersection,Normale,Deux véhicules - arrière,4,2,3,1,1,1,1,0,1,50,2,2,1,0,0,1,19.0,32.0,voiture,deux_roues,1,2,1,1,2
202400038562,2024-12-11 08:00:00,2024,12,11,8,0,35,35051,DOMLOUP (ROUTE DE),48.1137719,-1.5908169,Nuit avec éclairage allumé,En agglomération,Hors intersection,Normale,Autre collision,4,2,2,1,1,1,1,0,1,30,1,2,1,0,0,1,60.0,,utilitaire_camion,,5,2,1,1,6
202400038563,2024-06-14 16:30:00,2024,6,14,16,30,59,59390,D645,50.33662,3.20395,Plein jour,En agglomération,Hors intersection,Normale,Autre collision,3,2,4,0,1,1,1,0,6,50,1,2,1,0,0,1,23.0,,voiture,,1,2,1,1,6
202400038564,2024-11-04 11:07:00,2024,11,4,11,7,94,94022,Avenue Gambetta,48.7644,2.40547,Plein jour,En agglomération,Passage à niveau,Normale,Deux véhicules - côté,3,4,2,3,1,1,1,4,6,50,2,5,1,0,0,4,53.0,42.0,utilitaire_camion,transport_commun,1,2,8,1,3
202400038564,2024-11-04 11:07:00,2024,11,4,11,7,94,94022,Avenue Gambetta,48.7644,2.40547,Plein jour,En agglomération,Passage à niveau,Normale,Deux véhicules - côté,3,4,3,3,1,1,1,4,6,50,2,5,1,0,0,4,53.0,42.0,utilitaire_camion,transport_commun,1,2,8,1,3
202400038565,2024-12-11 08:10:00,2024,12,11,8,10,35,35238,MONNAIE ( DE LA),48.11023,-1.68459,Nuit avec éclairage allumé,En agglomération,Intersection en Y,Normale,Deux véhicules - côté,4,1,1,2,1,1,1,6,5,20,2,2,1,0,0,1,46.0,61.0,voiture,deux_roues,5,2,4,1,3
202400038565,2024-12-11 08:10:00,2024,12,11,8,10,35,35238,MONNAIE ( DE LA),48.11023,-1.68459,Nuit avec éclairage allumé,En agglomération,Intersection en Y,Normale,Deux véhicules - côté,4,2,4,2,1,2,1,0,5,30,2,2,1,0,0,1,46.0,61.0,voiture,deux_roues,5,2,4,1,3
202400038566,2024-11-05 08:50:00,2024,11,5,8,50,94,94017,Rue de Verdun,48.81563,2.49041,Crépuscule ou aube,En agglomération,Hors intersection,Normale,Autre collision,4,1,1,1,1,1,1,0,1,30,1,1,0,0,0,1,14.0,,deux_roues,,2,2,1,1,6
202400038567,2024-12-11 18:20:00,2024,12,11,18,20,34,34129,EUROPE (AVENUE DE L'),43.57021,3.90184,Nuit avec éclairage allumé,En agglomération,Hors intersection,Normale,Trois véhicules et plus - collisions multiples,4,2,3,0,1,1,1,0,1,50,3,5,2,0,0,3,44.0,87.0,voiture,voiture,5,2,1,1,5
202400038568,2024-11-05 16:00:00,2024,11,5,16,0,93,93072,ARISTIDE BRIAND (AVENUE) COTE DES N°1A87,48.96299062,2.37626553,Plein jour,En agglomération,Hors intersection,Normale,Deux véhicules - côté,3,2,2,1,1,1,1,0,1,50,2,4,3,0,0,1,30.0,61.0,utilitaire_camion,deux_roues,1,2,1,1,3
202400038569,2024-12-10 13:55:00,2024,12,10,13,55,34,34032,CLEMENCEAU GEORGES (AVENUE),43.35141,3.22367,Plein jour,En agglomération,Hors intersection,Normale,Sans collision,4,3,2,0,1,1,1,0,1,50,1,2,1,0,0,1,20.0,,voiture,,1,2,1,1,7
202400038570,2024-06-14 07:40:00,2024,6,14,7,40,59,59574,FRANCE ANATOLE(RUE),50.36045,3.27352,Plein jour,En agglomération,Hors intersection,Normale,Autre collision,4,2,2,0,1,1,1,0,1,50,1,2,1,0,0,1,70.0,,voiture,,1,2,1,1,6
202400038571,2024-12-11 21:00:00,2024,12,11,21,0,33,33167,,44.843315,-0.503778,Nuit avec éclairage allumé,En agglomération,Giratoire,Normale,Sans collision,2,3,4,0,1,3,1,5,8,50,1,1,0,0,0,1,32.0,,voiture,,5,2,6,1,7
202400038571,2024-12-11 21:00:00,2024,12,11,21,0,33,33167,,44.843315,-0.503778,Nuit avec éclairage allumé,En agglomération,Giratoire,Normale,Sans collision,2,1, -1,-1,2,1,1,3,1,50,1,1,0,0,0,1,32.0,,voiture,,5,2,6,1,7
202400038572,2024-11-04 22:50:00,2024,11,4,22,50,93,93071,BALLANGER ROBERT (AVENUE),48.93617042,2.53136989,Nuit avec éclairage allumé,En agglomération,Hors intersection,Normale,Trois véhicules et plus - collisions multiples,3,2,1,0,2,1,1,0,1,50,3,3,1,0,0,2,21.0,18.0,utilitaire_camion,utilitaire_camion,5,2,1,1,5
202400038573,2024-06-16 01:15:00,2024,6,16,1,15,55,55505,CHEMINOTS (DES ),49.1708,5.3612,Nuit sans éclairage public,En agglomération,Hors intersection,Normale,Sans collision,4,2,2,0,1,1,1,0,4,50,1,3,1,0,1,1,27.0,,utilitaire_camion,,3,2,1,1,7