accident_id,datetime,annee,mois,jour,heure,minute,departement,commune_insee,adresse,latitude,longitude,luminosite,agglomeration,intersection,meteo,collision,catr,circ,nbv,vosp,prof,plan,surf,infra,situ,vma,nb_vehicules,nb_usagers,nb_indemnes,nb_tues,nb_blesses_hosp,nb_blesses_legers,age_cond_1,age_cond_2,veh_type_cond_1,veh_type_cond_2,lum_code,agg_code,int_code,atm_code,col_code
202400038791,2024-12-10 08:10:00,2024,12,10,8,10,77,77048,D 607,48.32662,2.68753,Plein jour,Hors agglomération,Hors intersection,Normale,Autre collision,3,3,0,0,1,1,1,0,1,70,3,3,2,0,1,0,43.0,29.0,voiture,voiture,1,1,1,1,6
202400038792,2024-11-04 16:30:00,2024,11,4,16,30,77,77143,EMILE ZOLA (RUE),48.97614426,2.86961697,Plein jour,En agglomération,Hors intersection,Normale,Autre collision,4,1,1,0,1,1,1,0,1,30,1,2,1,0,0,1,46.0,,voiture,,1,2,1,1,6
202400038793,2024-12-08 21:05:00,2024,12,8,21,5,76,76484,Avenue d'Anderten,49.35097725,1.09175545,Nuit avec éclairage allumé,En agglomération,Hors intersection,Pluie légère,Autre collision,4,2,2,0,1,1,2,0,1,30,1,2,1,1,0,0,20.0,,voiture,,5,2,1,2,6
202400038794,2024-11-04 08:40:00,2024,11,4,8,40,77,77237,TOURNAN (ROUTE DE ),48.83803,2.75296,Plein jour,En agglomération,Intersection en X,Normale,Deux véhicules - côté,3,2,2,0,1,1,1,0,1,50,2,2,1,0,0,1,41.0,57.0,voiture,deux_roues,1,2,2,1,3
202400038794,2024-11-04 08:40:00,2024,11,4,8,40,77,77237,TOURNAN (ROUTE DE ),48.83803,2.75296,Plein jour,En agglomération,Intersection en X,Normale,Deux véhicules - côté,3,2,2,0,1,1,1,0,1,50,2,2,1,0,0,1,41.0,57.0,voiture,deux_roues,1,2,2,1,3
202400038795,2024-12-09 11:27:00,2024,12,9,11,27,76,76351,AUGUSTIN NORMAND,49.49227,0.09777,Plein jour,En agglomération,Intersection en T,Normale,Autre collision,4,2,1,0,1,1,1,0,1,50,1,2,1,0,1,0,56.0,,voiture,,1,2,3,1,6
202400038795,2024-12-09 11:27:00,2024,12,9,11,27,76,76351,AUGUSTIN NORMAND,49.49227,0.09777,Plein jour,En agglomération,Intersection en T,Normale,Autre collision,4,2,1,0,1,1,1,0,1,50,1,2,1,0,1,0,56.0,,voiture,,1,2,3,1,6
202400038796,2024-11-04 13:50:00,2024,11,4,13,50,76,76157,Route de Sahurs,49.41941,0.98561,Plein jour,Hors agglomération,Hors intersection,Normale,Autre collision,7,2,2,0,2,2,1,0,3,80,1,5,0,0,0,5,17.0,,voiture,,1,1,1,1,6
202400038797,2024-12-09 17:40:00,2024,12,9,17,40,73,73065,N201,45.58491,5.90809,Nuit sans éclairage public,Hors agglomération,Hors intersection,Normale,Deux véhicules - arrière,2,3,6,0,2,1,2,0,1,90,2,4,0,0,0,4,19.0,42.0,voiture,voiture,3,1,1,1,2
202400038798,2024-11-03 04:20:00,2024,11,3,4,20,76,76351,PIERRE MENDES FRANCE,49.51241,0.14778,Nuit avec éclairage allumé,En agglomération,Hors intersection,Normale,Autre collision,4,2,2,0,1,3,1,0,1,50,1,1,0,0,0,1,28.0,,voiture,,5,2,1,1,6
202400038799,2024-12-08 15:45:00,2024,12,8,15,45,69,69276,Route de Lyon,45.68677,4.86153,Plein jour,Hors agglomération,Giratoire,Pluie légère,Deux véhicules - côté,7,1,1,0,1,2,2,9,1,50,2,2,1,0,0,1,,47.0,voiture,voiture,1,1,6,2,3
202400038799,2024-12-08 15:45:00,2024,12,8,15,45,69,69276,Route de Lyon,45.68677,4.86153,Plein jour,Hors agglomération,Giratoire,Pluie légère,Deux véhicules - côté,7,1,1,0,3,1,2,5,1,50,2,2,1,0,0,1,,47.0,voiture,voiture,1,1,6,2,3
202400038800,2024-10-31 18:20:00,2024,10,31,18,20,76,76351,Quai de Southampton,49.48625,0.11028,Crépuscule ou aube,En agglomération,Intersection en T,Normale,Autre collision,4,2, -1,-1,1,1,1,0,1,-1,2,2,1,0,0,1,21.0,30.0,deux_roues,voiture,2,2,3,1,6
202400038800,2024-10-31 18:20:00,2024,10,31,18,20,76,76351,Quai de Southampton,49.48625,0.11028,Crépuscule ou aube,En agglomération,Intersection en T,Normale,Autre collision,4,2,3,0,1,1,1,0,1,50,2,2,1,0,0,1,21.0,30.0,deux_roues,voiture,2,2,3,1,6
202400038801,2024-12-10 17:05:00,2024,12,10,17,5,67,67482,SCHOEPFLIN (QUAI),48.58698347,7.74873555,Nuit avec éclairage allumé,En agglomération,Intersection en X,Normale,Autre collision,4,2,2,2,1,1,1,5,8,20,1,2,1,0,0,1,74.0,,voiture,,5,2,2,1,6
202400038801,2024-12-10 17:05:00,2024,12,10,17,5,67,67482,SCHOEPFLIN (QUAI),48.58698347,7.74873555,Nuit avec éclairage allumé,En agglomération,Intersection en X,Normale,Autre collision,4,1,1,2,1,3,1,0,1,20,1,2,1,0,0,1,74.0,,voiture,,5,2,2,1,6
202400038802,2024-12-10 01:45:00,2024,12,10,1,45,67,67482,ALSACE (AVENUE D ),48.58703,7.75988,Nuit avec éclairage allumé,En agglomération,Hors intersection,Normale,Deux véhicules - côté,4,2,6,2,1,1,1,0,5,50,2,2,1,0,0,1,48.0,,deux_roues,voiture,5,2,1,1,3
202400038803,2024-11-04 11:15:00,2024,11,4,11,15,73,73065,GAMBETTA LEON (BOULEVARD),45.57335097,5.91548815,Plein jour,En agglomération,Intersection en X,Normale,Deux véhicules - côté,4,1,2,2,1,1,1,0,1,30,2,5,2,0,0,3,32.0,52.0,utilitaire_camion,voiture,1,2,2,1,3
202400038803,2024-11-04 11:15:00,2024,11,4,11,15,73,73065,GAMBETTA LEON (BOULEVARD),45.57335097,5.91548815,Plein jour,En agglomération,Intersection en X,Normale,Deux véhicules - côté,4,2,2,2,1,1,1,5,1,30,2,5,2,0,0,3,32.0,52.0,utilitaire_camion,voiture,1,2,2,1,3
202400038804,2024-12-09 11:47:00,2024,12,9,11,47,67,67482,ORANGERIE (BOULEVARD DE L ),48.58979,7.77538,Plein jour,En agglomération,Autre intersection,Temps couvert,Autre collision,4,-1,0,0,1,1,2,9,8,30,1,2,1,0,0,1,49.0,,utilitaire_camion,,1,2,9,8,6
202400038805,2024-11-04 07:55:00,2024,11,4,7,55,72,72181,DURAND GEORGES (AV) N° IMP 199 AU N° 311,47.9754,0.21516,Plein jour,En agglomération,Hors intersection,Normale,Deux véhicules - arrière,4,-1,2,0,1,1,1,0,1,50,2,2,1,0,0,1,29.0,44.0,voiture,voiture,1,2,1,1,2
202400038806,2024-12-09 11:10:00,2024,12,9,11,10,67,67482,GROSSROETHIG (CHEMIN DU),48.57375,7.70587,Plein jour,En agglomération,Hors intersection,Temps couvert,Sans collision,4,2,2,0,1,1,1,9,1,50,1,1,0,0,0,1,29.0,,voiture,,1,2,1,8,7
202400038807,2024-11-03 13:20:00,2024,11,3,13,20,69,69259,8 Avenue du 8 Mai 1945,45.6928,4.8705,Plein jour,En agglomération,Intersection en T,Normale,Autre collision,4,2,2,0,2,1,1,0,4,50,1,1,0,0,0,1,22.0,,utilitaire_camion,,1,2,3,1,6
202400038807,2024-11-03 13:20:00,2024,11,3,13,20,69,69259,8 Avenue du 8 Mai 1945,45.6928,4.8705,Plein jour,En agglomération,Intersection en T,Normale,Autre collision,4,2,2,0,2,3,1,0,4,50,1,1,0,0,0,1,22.0,,utilitaire_camion,,1,2,3,1,6
202400038808,2024-12-09 14:52:00,2024,12,9,14,52,67,67180,RD 27,48.83643,7.78967,Plein jour,Hors agglomération,Hors intersection,Normale,Deux véhicules - frontale,3,2,2,0,1,1,1,0,1,80,2,3,1,0,0,2,42.0,69.0,utilitaire_camion,voiture,1,1,1,1,1
202400038809,2024-11-02 21:10:00,2024,11,2,21,10,68,68224,SCHUMAN (AVENUE ROBERT),47.75256,7.34304,Nuit avec éclairage allumé,En agglomération,Intersection en X,Normale,Deux véhicules - côté,4,2,6,0,1,1,1,0,1,50,2,3,0,0,1,2,18.0,24.0,voiture,deux_roues,5,2,2,1,3
202400038809,2024-11-02 21:10:00,2024,11,2,21,10,68,68224,SCHUMAN (AVENUE ROBERT),47.75256,7.34304,Nuit avec éclairage allumé,En agglomération,Intersection en X,Normale,Deux véhicules - côté,4,1, -1,2,1,1,1,0,1,50,2,3,0,0,1,2,18.0,24.0,voiture,deux_roues,5,2,2,1,3
202400038810,2024-12-09 17:50:00,2024,12,9,17,50,64,64260,SAINT JACQUES (ACCES AU PONT),43.35031,-1.78348,Nuit avec éclairage non allumé,En agglomération,Hors intersection,Pluie légère,Deux véhicules - côté,3,2,2,0,1,1,2,0,1,50,2,2,1,0,0,1,35.0,15.0,voiture,deux_roues,4,2,1,2,3
202400038811,2024-12-10 09:15:00,2024,12,10,9,15,64,64348,MARTYRS DU PONT LONG DES,43.34779,-0.38001,Plein jour,En agglomération,Hors intersection,Temps couvert,Sans collision,3,2,2,0,1,1,2,0,1,70,1,1,0,0,0,1,15.0,,deux_roues,,1,2,1,8,7
202400038812,2024-11-01 03:20:00,2024,11,1,3,20,65,65047,Avenue Jean Jaurès,43.24293796,0.09562719,Nuit avec éclairage non allumé,En agglomération,Intersection en X,Normale,Deux véhicules - arrière,2,2,2,0,1,1,1,0,1,50,2,3,0,0,0,3,21.0,47.0,voiture,voiture,4,2,2,1,2
202400038812,2024-11-01 03:20:00,2024,11,1,3,20,65,65047,Avenue Jean Jaurès,43.24293796,0.09562719,Nuit avec éclairage non allumé,En agglomération,Intersection en X,Normale,Deux véhicules - arrière,2,2,2,0,1,1,1,0,1,50,2,3,0,0,0,3,21.0,47.0,voiture,voiture,4,2,2,1,2
202400038813,2024-11-04 18:00:00,2024,11,4,18,0,64,64102,SABALCE (CHEMIN DE),43.4934,-1.4914,Plein jour,En agglomération,Hors intersection,Normale,Deux véhicules - côté,4,-1,2,0,1,1,1,0,1,50,2,2,1,0,0,1,31.0,36.0,voiture,deux_roues,1,2,1,1,3
202400038814,2024-12-09 18:15:00,2024,12,9,18,15,64,64269,BIGORRE,43.297087,-0.308577,Nuit sans éclairage public,En agglomération,Hors intersection,Pluie légère,Trois véhicules et plus - en chaîne,3,2,2,0,2,3,2,9,1,50,3,4,3,0,0,1,28.0,71.0,voiture,voiture,3,2,1,2,4
202400038815,2024-11-04 16:45:00,2024,11,4,16,45,64,64024,BAB (BOULEVARD DU),43.49379,-1.52365,Plein jour,En agglomération,Hors intersection,Normale,Trois véhicules et plus - en chaîne,4,2,4,0,1,1,1,0,1,50,3,3,1,0,0,2,69.0,72.0,voiture,utilitaire_camion,1,2,1,1,4
202400038816,2024-12-09 07:20:00,2024,12,9,7,20,64,64445,YITZHAK RABIN,43.30636751,-0.33303648,Nuit avec éclairage allumé,En agglomération,Giratoire,Pluie légère,Deux véhicules - côté,4,2,3,0,1,3,2,0,1,50,2,2,1,0,0,1,26.0,28.0,deux_roues,voiture,5,2,6,2,3
202400038816,2024-12-09 07:20:00,2024,12,9,7,20,64,64445,YITZHAK RABIN,43.30636751,-0.33303648,Nuit avec éclairage allumé,En agglomération,Giratoire,Pluie légère,Deux véhicules - côté,4,1,1,1,1,3,2,0,5,50,2,2,1,0,0,1,26.0,28.0,deux_roues,voiture,5,2,6,2,3
202400038817,2024-12-10 06:50:00,2024,12,10,6,50,64,64102,PAUL PRAS (AVENUE),43.4856,-1.47615,Crépuscule ou aube,En agglomération,Hors intersection,Normale,Sans collision,4,2,2,0,1,1,2,0,1,30,1,1,0,0,0,1,45.0,,deux_roues,,2,2,1,1,7
202400038818,2024-11-04 16:17:00,2024,11,4,16,17,62,62250,Rue Urianne Sorriaux,50.45922,2.94556,Plein jour,En agglomération,Hors intersection,Normale,Autre collision,4,2,0,0,1,1,1,0,1,50,1,3,1,0,0,2,19.0,,voiture,,1,2,1,1,6
202400038819,2024-11-03 00:25:00,2024,11,3,0,25,62,62724,Rue Pablo Picasso,50.39834,2.91567,Nuit avec éclairage allumé,En agglomération,Hors intersection,Normale,Sans collision,4,2,2,0,1,2,1,0,3,50,1,1,0,1,0,0,23.0,,deux_roues,,5,2,1,1,7
202400038820,2024-12-10 07:30:00,2024,12,10,7,30,63,63113,rue de Chalonnax / rue de la Fontaine du Large,45.79218,3.09171,Crépuscule ou aube,En agglomération,Intersection en T,Normale,Autre collision,4,1,1,0,1,1,1,0,1,30,1,2,1,0,0,1,49.0,,voiture,,2,2,3,1,6
202400038820,2024-12-10 07:30:00,2024,12,10,7,30,63,63113,rue de Chalonnax / rue de la Fontaine du Large,45.79218,3.09171,Crépuscule ou aube,En agglomération,Intersection en T,Normale,Autre collision,4,2,2,-1,1,1,1,0,1,30,1,2,1,0,0,1,49.0,,voiture,,2,2,3,1,6
202400038821,2024-11-01 05:45:00,2024,11,1,5,45,62,62753,D258,50.29737,2.82081,Nuit avec éclairage allumé,En agglomération,Hors intersection,Pluie légère,Autre collision,3,2,2,0,1,1,2,0,1,50,1,2,1,1,0,0,21.0,,voiture,,5,2,1,2,6
202400038822,2024-12-10 14:05:00,2024,12,10,14,5,60,60159,Carrefour de Mercières,49.39316223,2.79018626,Plein jour,Hors agglomération,Hors intersection,Normale,Autre collision,4,4,2,0,1,2,1,0,1,50,2,3,1,0,1,1,37.0,24.0,utilitaire_camion,utilitaire_camion,1,1,1,1,6
202400038823,2024-11-04 07:40:00,2024,11,4,7,40,59,59508,BILLEMONT (RUE),50.757219,3.12715,Crépuscule ou aube,Hors agglomération,Autre intersection,Brouillard / fumée,Deux véhicules - arrière,4,2,2,1,1,1,1,0,1,70,2,2,1,0,0,1,42.0,38.0,voiture,utilitaire_camion,2,1,9,5,2
202400038824,2024-12-09 10:30:00,2024,12,9,10,30,59,59350,Avenue Oscar Lambret,50.61456,3.03574,Plein jour,En agglomération,Hors intersection,Normale,,4,2,2,0,1,1,1,0,1,50,1,2,1,0,0,1,42.0,,voiture,,1,2,1,1,-1
202400038825,2024-11-04 15:45:00,2024,11,4,15,45,59,59512,ALMA (RUE DE L'),50.69996,3.16946,Plein jour,En agglomération,Hors intersection,Normale,Autre collision,4,-1,2,0,1,1,1,0,1,30,1,2,1,0,0,1,18.0,,voiture,,1,2,1,1,6
202400038826,2024-12-10 14:10:00,2024,12,10,14,10,56,56260,Boulevard de la Paix,47.6608,-2.75414,Plein jour,En agglomération,Hors intersection,Normale,Deux véhicules - côté,4,2,4,1,2,1,1,0,5,50,2,2,1,0,0,1,25.0,47.0,voiture,deux_roues,1,2,1,1,3
202400038827,2024-11-03 03:40:00,2024,11,3,3,40,57,57672,OEUTRANGE (ROUTE D'),49.398419,6.123903,Nuit sans éclairage public,Hors agglomération,Hors intersection,Normale,Autre collision,3,2,2,0,1,1,1,0,1,80,1,1,0,0,1,0,32.0,,voiture,,3,1,1,1,6
202400038828,2024-11-03 17:50:00,2024,11,3,17,50,56,56083,Villeneuve Saint-Caradec,47.82219,-3.28944,Crépuscule ou aube,Hors agglomération,Hors intersection,Normale,Autre collision,4,2,2,0,1,4,1,0,8,70,1,1,0,0,0,1,20.0,,deux_roues,,2,1,1,1,6
202400038829,2024-12-09 14:00:00,2024,12,9,14,0,56,56098,Rue Daniel-Charles Trudaine,47.774317,-3.33825,Plein jour,En agglomération,Giratoire,Pluie légère,Trois véhicules et plus - collisions multiples,3,2,2,1,1,3,2,5,5,50,3,4,3,0,0,1,32.0,25.0,deux_roues,deux_roues,1,2,6,2,5
202400038829,2024-12-09 14:00:00,2024,12,9,14,0,56,56098,Rue Daniel-Charles Trudaine,47.774317,-3.33825,Plein jour,En agglomération,Giratoire,Pluie légère,Trois véhicules et plus - collisions multiples,3,3,2,2,1,1,2,5,1,50,3,4,3,0,0,1,32.0,25.0,deux_roues,deux_roues,1,2,6,2,5
202400038830,2024-11-04 16:35:00,2024,11,4,16,35,54,54159,Avenue du Général Leclerc,48.61986,6.35104,Plein jour,En agglomération,Hors intersection,Normale,Autre collision,3,2,3,0,1,1,1,0,1,30,1,2,1,0,0,1,75.0,,voiture,,1,2,1,1,6
202400038831,2024-12-06 07:49:00,2024,12,6,7,49,56,56121,Pont des Indes,47.757419,-3.3548997,Nuit avec éclairage allumé,En agglomération,Hors intersection,Normale,Deux véhicules - arrière,4,2,2,0,2,1,1,2,1,50,2,2,1,0,0,1,40.0,48.0,voiture,voiture,5,2,1,1,2
202400038832,2024-11-01 08:55:00,2024,11,1,8,55,49,49099,RD 157,46.98538,-0.85591,Plein jour,Hors agglomération,Hors intersection,Brouillard / fumée,Deux véhicules - frontale,4,2,2,0,1,2,1,0,1,80,2,4,1,0,1,2,18.0,37.0,voiture,voiture,1,1,1,5,1
202400038833,2024-12-09 19:45:00,2024,12,9,19,45,54,54184,avenue de Brigachtal,48.70054658,6.22472718,Nuit avec éclairage allumé,En agglomération,Intersection en X,Normale,Autre collision,4,2,3,0,1,1,1,0,1,50,1,2,1,0,0,1,46.0,,utilitaire_camion,,5,2,2,1,6
202400038833,2024-12-09 19:45:00,2024,12,9,19,45,54,54184,avenue de Brigachtal,48.70054658,6.22472718,Nuit avec éclairage allumé,En agglomération,Intersection en X,Normale,Autre collision,4,3,4,0,1,1,1,0,1,50,1,2,1,0,0,1,46.0,,utilitaire_camion,,5,2,2,1,6
202400038834,2024-12-09 08:05:00,2024,12,9,8,5,54,54547,Rue du Doyen Jacques Parisot,48.65380936,6.15230352,Crépuscule ou aube,En agglomération,Intersection en X,Temps couvert,Autre collision,4,2,5,3,1,1,1,-1,1,50,1,2,1,0,0,1,23.0,,voiture,,2,2,2,8,6
202400038834,2024-12-09 08:05:00,2024,12,9,8,5,54,54547,Rue du Doyen Jacques Parisot,48.65380936,6.15230352,Crépuscule ou aube,En agglomération,Intersection en X,Temps couvert,Autre collision,4,2,3,0,1,1,1,0,1,50,1,2,1,0,0,1,23.0,,voiture,,2,2,2,8,6
202400038835,2024-12-10 15:45:00,2024,12,10,15,45,51,51454,CESAR (BOULEVARD JULES) COTE IMPAIR,49.264591,4.031248,Plein jour,En agglomération,Hors intersection,Normale,Deux véhicules - côté,4,4,3,0,1,1,1,0,4,20,2,2,1,0,0,1,,24.0,voiture,deux_roues,1,2,1,1,3
202400038836,2024-12-07 18:05:00,2024,12,7,18,5,51,51454,NICE (RUE DE),49.25973,4.06294,Crépuscule ou aube,En agglomération,Hors intersection,Pluie légère,Autre collision,4,2,2,0,1,1,2,0,1,50,1,2,1,0,0,1,20.0,,voiture,,2,2,1,2,6
202400038837,2024-12-06 15:50:00,2024,12,6,15,50,50,50129,FONTAINE (PLACE DE LA),49.63989,-1.62581,Plein jour,En agglomération,Hors intersection,Normale,Autre collision,4,2,2,0,1,1,1,0,1,30,1,2,1,0,0,1,69.0,,voiture,,1,2,1,1,6
202400038838,2024-12-09 17:40:00,2024,12,9,17,40,49,49328,FUSILLES (AVENUE DES) N 147,47.27854965,-0.05688429,Nuit avec éclairage non allumé,En agglomération,Intersection en X,Normale,Deux véhicules - côté,4,2,4,0,1,1,1,5,1,50,2,2,1,0,0,1,41.0,43.0,deux_roues,utilitaire_camion,4,2,2,1,3
202400038838,2024-12-09 17:40:00,2024,12,9,17,40,49,49328,FUSILLES (AVENUE DES) N 147,47.27854965,-0.05688429,Nuit avec éclairage non allumé,En agglomération,Intersection en X,Normale,Deux véhicules - côté,4,2,2,0,1,1,1,5,1,50,2,2,1,0,0,1,41.0,43.0,deux_roues,utilitaire_camion,4,2,2,1,3
202400038839,2024-12-09 10:20:00,2024,12,9,10,20,49,49246,EUROPE AVENUE,47.43705,-0.53127,Plein jour,En agglomération,Hors intersection,Normale,Deux véhicules - côté,4,2,2,0,1,1,1,0,1,50,2,2,1,0,0,1,42.0,52.0,voiture,deux_roues,1,2,1,1,3
202400038840,2024-12-10 17:50:00,2024,12,10,17,50,45,45234,162 Rue du Faubourg Bannier,47.9184,1.8985,Nuit avec éclairage allumé,En agglomération,Hors intersection,Pluie légère,Deux véhicules - côté,4,2,2,0,1,1,2,0,1,50,2,2,1,0,1,0,46.0,15.0,voiture,deux_roues,5,2,1,2,3
202400038841,2024-11-12 17:40:00,2024,11,12,17,40,42,42218,Boulevard Normandie Niemen,45.43609,4.41462,Nuit avec éclairage allumé,En agglomération,Hors intersection,Pluie légère,Autre collision,4,2,3,0,1,1,2,0,1,50,1,2,1,0,0,1,24.0,,voiture,,5,2,1,2,6
202400038842,2024-12-10 09:40:00,2024,12,10,9,40,35,35051,LA RIGOURDIERE,48.11429,-1.59308,Plein jour,En agglomération,Hors intersection,Normale,Autre collision,6,-1, -1,0,1,1,1,0,1,30,1,2,1,0,0,1,76.0,,voiture,,1,2,1,1,6
202400038843,2024-12-10 08:00:00,2024,12,10,8,0,35,35238,RN 12,48.125821,-1.718966,Crépuscule ou aube,Hors agglomération,Hors intersection,Normale,Deux véhicules - arrière,2,3,4,0,1,1,1,0,1,90,2,2,1,0,0,1,80.0,45.0,voiture,voiture,2,1,1,1,2
202400038844,2024-12-05 19:10:00,2024,12,5,19,10,30,30189,SAUVE (ROUTE),43.84014,4.3194,Nuit avec éclairage allumé,En agglomération,Intersection en X,Normale,Deux véhicules - frontale,2,1,2,0,1,1,1,0,1,50,2,2,0,0,1,1,50.0,77.0,deux_roues,voiture,5,2,2,1,1
202400038844,2024-12-05 19:10:00,2024,12,5,19,10,30,30189,SAUVE (ROUTE),43.84014,4.3194,Nuit avec éclairage allumé,En agglomération,Intersection en X,Normale,Deux véhicules - frontale,2,2,2,0,1,1,1,0,1,50,2,2,0,0,1,1,50.0,77.0,deux_roues,voiture,5,2,2,1,1
202400038845,2024-12-10 23:25:00,2024,12,10,23,25,23,23096,BERRY (AVENUE),46.17763892,1.87755541,Nuit avec éclairage allumé,En agglomération,Giratoire,Normale,Autre collision,4,-1,2,0,2,1,2,0,1,50,2,5,4,0,0,1,22.0,18.0,voiture,voiture,5,2,6,1,6
202400038845,2024-12-10 23:25:00,2024,12,10,23,25,23,23096,BERRY (AVENUE),46.17763892,1.87755541,Nuit avec éclairage allumé,En agglomération,Giratoire,Normale,Autre collision,4,-1,2,0,2,1,2,0,1,50,2,5,4,0,0,1,22.0,18.0,voiture,voiture,5,2,6,1,6
202400038846,2024-12-09 07:02:00,2024,12,9,7,2,18,18033,,47.08248,2.46066,Nuit sans éclairage public,Hors agglomération,Hors intersection,Normale,Trois véhicules et plus - collisions multiples,3,2,2,0,2,1,1,0,1,90,3,3,1,0,1,1,62.0,22.0,voiture,voiture,3,1,1,1,5
202400038847,2024-12-09 16:42:00,2024,12,9,16,42,16,16166,JUIN (AVENUE DU MARECHAL),45.66648,0.18092,Plein jour,En agglomération,Hors intersection,Normale,Autre collision,4,-1,2,0,1,1,1,0,1,30,1,2,1,0,1,0,36.0,,utilitaire_camion,,1,2,1,1,6
202400038848,2024-12-10 11:08:00,2024,12,10,11,8,13,13039,RN 268,43.46242,4.83834,Plein jour,Hors agglomération,Hors intersection,Normale,Deux véhicules - frontale,3,2,3,0,1,1,1,2,8,90,2,2,0,0,1,1,53.0,39.0,utilitaire_camion,utilitaire_camion,1,1,1,1,1
202400038849,2024-12-10 22:00:00,2024,12,10,22,0,13,13212,JEAN RAMEAU (RUE),43.308277,5.41864535,Nuit avec éclairage allumé,En agglomération,Hors intersection,Normale,Deux véhicules - arrière,4,2,2,0,1,1,1,0,1,50,2,2,1,0,0,1,38.0,33.0,deux_roues,voiture,5,2,1,1,2
202400038850,2024-12-09 16:45:00,2024,12,9,16,45,13,13001,LEDOUX CLAUDE NICOLAS (RUE),43.47191,5.40082,Plein jour,En agglomération,Hors intersection,Normale,Deux véhicules - côté,3,2,2,0,1,1,1,0,1,50,2,3,1,0,0,2,53.0,22.0,voiture,deux_roues,1,2,1,1,3
202400038851,2024-12-06 01:15:00,2024,12,6,1,15,07,07102,REPUBLIQUE (AV.DE LA) [DU N° AU N°],44.93916,4.86696,Nuit avec éclairage allumé,En agglomération,Hors intersection,Normale,Sans collision,4,3,2,1,1,1,1,0,1,50,1,1,0,0,0,1,50.0,,deux_roues,,5,2,1,1,7
202400038852,2024-12-10 16:33:00,2024,12,10,16,33,03,03190,Route de Lyon,46.5524,3.33756,Plein jour,En agglomération,Hors intersection,Normale,Deux véhicules - côté,3,2,5,0,1,1,1,0,1,50,2,2,1,0,0,1,36.0,,deux_roues,voiture,1,2,1,1,3
202400038853,2024-12-10 18:00:00,2024,12,10,18,0,75,75115,BD PERIPHERIQUE INTERIEUR,48.831053,2.284126,Nuit avec éclairage allumé,En agglomération,Hors intersection,Pluie légère,Deux véhicules - côté,4,1,4,0,1,1,2,0,1,50,2,2,1,0,0,1,51.0,19.0,deux_roues,voiture,5,2,1,2,3
202400038854,2024-12-10 18:30:00,2024,12,10,18,30,75,75112,BD PERIPHERIQUE INTERIEUR ,48.82911,2.399971,Nuit avec éclairage allumé,En agglomération,Hors intersection,Normale,Deux véhicules - côté,4,1,4,0,1,1,1,0,1,50,2,2,1,0,0,1,28.0,26.0,voiture,deux_roues,5,2,1,1,3
202400038855,2024-12-09 21:30:00,2024,12,9,21,30,75,75118,BD PERIPHERIQUE EXTERIEUR ,48.900887,2.362974,Nuit avec éclairage allumé,En agglomération,Hors intersection,Normale,Autre collision,4,-1,4,0,1,1,2,0,1,50,1,1,0,0,0,1,23.0,,voiture,,5,2,1,1,6
202400038856,2024-12-09 17:49:00,2024,12,9,17,49,75,75116,BD PERIPHERIQUE INTERIEUR,48.854539,2.254923,Nuit avec éclairage allumé,En agglomération,Hors intersection,Pluie légère,Deux véhicules - arrière,4,1,4,0,1,1,2,1,1,50,2,2,1,0,0,1,25.0,67.0,deux_roues,voiture,5,2,1,2,2
202400038857,2024-12-09 15:29:00,2024,12,9,15,29,75,75109,RUE SAINT LAZARE,48.875499,2.326613,Plein jour,En agglomération,Intersection en T,Temps couvert,Autre collision,4,1, -1,-1,1,1,2,0,1,30,1,2,1,0,1,0,26.0,,deux_roues,,1,2,3,8,6
202400038857,2024-12-09 15:29:00,2024,12,9,15,29,75,75109,RUE SAINT LAZARE,48.875499,2.326613,Plein jour,En agglomération,Intersection en T,Temps couvert,Autre collision,4,2,3,3,1,1,2,0,1,30,1,2,1,0,1,0,26.0,,deux_roues,,1,2,3,8,6
202400038858,2024-12-10 22:00:00,2024,12,10,22,0,75,75120,RUE DES PYRENEES,48.8527,2.406135,Nuit avec éclairage allumé,En agglomération,Intersection en X,Pluie légère,Deux véhicules - frontale,4,2,2,0,1,1,2,0,1,30,2,2,1,0,0,1,22.0,22.0,deux_roues,utilitaire_camion,5,2,2,2,1
202400038858,2024-12-10 22:00:00,2024,12,10,22,0,75,75120,RUE DES PYRENEES,48.8527,2.406135,Nuit avec éclairage allumé,En agglomération,Intersection en X,Pluie légère,Deux véhicules - frontale,4,2, -1,0,1,1,2,0,1,30,2,2,1,0,0,1,22.0,22.0,deux_roues,utilitaire_camion,5,2,2,2,1
202400038859,2024-12-10 18:15:00,2024,12,10,18,15,75,75120,RUE DES HAIES,48.85297,2.400821,Nuit avec éclairage allumé,En agglomération,Intersection en X,Pluie légère,Autre collision,4,1, -1,-1,1,1,2,0,1,30,1,2,1,0,0,1,46.0,,deux_roues,,5,2,2,2,6
202400038859,2024-12-10 18:15:00,2024,12,10,18,15,75,75120,RUE DES HAIES,48.85297,2.400821,Nuit avec éclairage allumé,En agglomération,Intersection en X,Pluie légère,Autre collision,4,4,1,1,1,1,2,0,1,30,1,2,1,0,0,1,46.0,,deux_roues,,5,2,2,2,6
202400038860,2024-12-10 16:30:00,2024,12,10,16,30,75,75120,RUE BELGRAND,48.86481,2.40131,Nuit avec éclairage allumé,En agglomération,Intersection en X,Pluie légère,Deux véhicules - côté,4,1,2,1,1,1,2,0,5,30,2,2,1,0,0,1,22.0,65.0,deux_roues,utilitaire_camion,5,2,2,2,3