accident_id,datetime,annee,mois,jour,heure,minute,departement,commune_insee,adresse,latitude,longitude,luminosite,agglomeration,intersection,meteo,collision,catr,circ,nbv,vosp,prof,plan,surf,infra,situ,vma,nb_vehicules,nb_usagers,nb_indemnes,nb_tues,nb_blesses_hosp,nb_blesses_legers,age_cond_1,age_cond_2,veh_type_cond_1,veh_type_cond_2,lum_code,agg_code,int_code,atm_code,col_code
202400038860,2024-12-10 16:30:00,2024,12,10,16,30,75,75120,RUE BELGRAND,48.86481,2.40131,Nuit avec éclairage allumé,En agglomération,Intersection en X,Pluie légère,Deux véhicules - côté,4,1,1,0,2,1,2,0,5,30,2,2,1,0,0,1,22.0,65.0,deux_roues,utilitaire_camion,5,2,2,2,3
202400038861,2024-12-10 12:47:00,2024,12,10,12,47,75,75119,RUE DE L OURCQ,48.889339,2.383747,Plein jour,En agglomération,Intersection en T,Normale,Autre collision,4,1, -1,-1,1,1,1,0,1,30,1,2,1,0,0,1,40.0,,transport_commun,,1,2,3,1,6
202400038861,2024-12-10 12:47:00,2024,12,10,12,47,75,75119,RUE DE L OURCQ,48.889339,2.383747,Plein jour,En agglomération,Intersection en T,Normale,Autre collision,4,2,2,0,1,1,1,0,1,30,1,2,1,0,0,1,40.0,,transport_commun,,1,2,3,1,6
202400038862,2024-12-10 18:00:00,2024,12,10,18,0,75,75118,RUE DES POISSONNIERS,48.893723,2.352788,Nuit avec éclairage allumé,En agglomération,Intersection en T,Pluie légère,Deux véhicules - arrière,4,1, -1,-1,1,1,2,0,1,30,2,2,1,0,0,1,21.0,57.0,utilitaire_camion,deux_roues,5,2,3,2,2
202400038862,2024-12-10 18:00:00,2024,12,10,18,0,75,75118,RUE DES POISSONNIERS,48.893723,2.352788,Nuit avec éclairage allumé,En agglomération,Intersection en T,Pluie légère,Deux véhicules - arrière,4,1,2,0,1,1,2,6,1,30,2,2,1,0,0,1,21.0,57.0,utilitaire_camion,deux_roues,5,2,3,2,2
202400038863,2024-12-09 14:00:00,2024,12,9,14,0,75,75118,RUE CAUCHOIS,48.88523,2.332881,Plein jour,En agglomération,Hors intersection,Normale,Autre collision,4,1,1,0,1,1,1,0,1,30,1,2,1,0,0,1,49.0,,utilitaire_camion,,1,2,1,1,6
202400038864,2024-12-06 05:00:00,2024,12,6,5,0,75,75117,ECHANGEUR CLICHY,48.896402,2.310326,Nuit avec éclairage allumé,En agglomération,Intersection en T,Normale,Deux véhicules - côté,4,1,3,0,1,1,2,0,1,30,2,2,1,0,0,1,24.0,49.0,deux_roues,voiture,5,2,3,1,3
202400038864,2024-12-06 05:00:00,2024,12,6,5,0,75,75117,ECHANGEUR CLICHY,48.896402,2.310326,Nuit avec éclairage allumé,En agglomération,Intersection en T,Normale,Deux véhicules - côté,4,1, -1,-1,1,1,2,0,1,30,2,2,1,0,0,1,24.0,49.0,deux_roues,voiture,5,2,3,1,3
202400038865,2024-12-09 17:00:00,2024,12,9,17,0,75,75115,QUAI ANDRE CITROEN,48.840086,2.270996,Crépuscule ou aube,En agglomération,Hors intersection,Pluie légère,Deux véhicules - arrière,4,2,3,0,1,2,2,0,1,50,2,2,1,0,0,1,22.0,38.0,deux_roues,utilitaire_camion,2,2,1,2,2
202400038866,2024-12-09 18:45:00,2024,12,9,18,45,75,75114,RUE D ALESIA,48.826898,2.338639,Nuit avec éclairage allumé,En agglomération,Intersection en T,Autre,Deux véhicules - côté,4,2, -1,-1,1,1,2,0,5,30,2,3,2,0,0,1,26.0,25.0,deux_roues,voiture,5,2,3,9,3
202400038866,2024-12-09 18:45:00,2024,12,9,18,45,75,75114,RUE D ALESIA,48.826898,2.338639,Nuit avec éclairage allumé,En agglomération,Intersection en T,Autre,Deux véhicules - côté,4,3,4,1,1,1,2,0,5,30,2,3,2,0,0,1,26.0,25.0,deux_roues,voiture,5,2,3,9,3
202400038867,2024-12-09 15:15:00,2024,12,9,15,15,75,75113,RUE DE TOLBIAC,48.825664,2.347219,Plein jour,En agglomération,Intersection en X,Normale,Deux véhicules - côté,4,1,1,0,4,1,1,0,1,30,2,2,1,0,0,1,45.0,25.0,deux_roues,utilitaire_camion,1,2,2,1,3
202400038867,2024-12-09 15:15:00,2024,12,9,15,15,75,75113,RUE DE TOLBIAC,48.825664,2.347219,Plein jour,En agglomération,Intersection en X,Normale,Deux véhicules - côté,4,2,3,3,1,1,1,0,1,30,2,2,1,0,0,1,45.0,25.0,deux_roues,utilitaire_camion,1,2,2,1,3
202400038868,2024-12-10 11:20:00,2024,12,10,11,20,75,75112,BOULEVARD DE REUILLY,48.839214,2.392437,Plein jour,En agglomération,Hors intersection,Normale,Autre collision,4,2,2,0,1,1,1,0,1,30,1,3,1,0,0,2,76.0,,voiture,,1,2,1,1,6
202400038869,2024-12-10 16:40:00,2024,12,10,16,40,75,75111,CITE DE LA ROQUETTE,48.855204,2.373775,Plein jour,En agglomération,Intersection en T,Pluie légère,Autre collision,4,1,1,0,1,1,2,0,1,30,1,2,1,0,1,0,73.0,,voiture,,1,2,3,2,6
202400038869,2024-12-10 16:40:00,2024,12,10,16,40,75,75111,CITE DE LA ROQUETTE,48.855204,2.373775,Plein jour,En agglomération,Intersection en T,Pluie légère,Autre collision,4,1, -1,-1,1,1,2,0,1,30,1,2,1,0,1,0,73.0,,voiture,,1,2,3,2,6
202400038870,2024-12-10 18:50:00,2024,12,10,18,50,75,75110,RUE DU FAUBOURG SAINT MARTIN,48.87849,2.362081,Nuit avec éclairage allumé,En agglomération,Hors intersection,Pluie légère,Deux véhicules - côté,4,2,2,0,1,1,2,0,1,30,2,2,1,0,0,1,56.0,34.0,voiture,deux_roues,5,2,1,2,3
202400038871,2024-12-10 12:10:00,2024,12,10,12,10,75,75110,RUE DU CHATEAU LANDON,48.88072187,2.36244375,Plein jour,En agglomération,Intersection en X,Temps couvert,Sans collision,4,2, -1,-1,1,1,2,0,1,30,1,1,0,0,0,1,68.0,,deux_roues,,1,2,2,8,7
202400038871,2024-12-10 12:10:00,2024,12,10,12,10,75,75110,RUE DU CHATEAU LANDON,48.88072187,2.36244375,Plein jour,En agglomération,Intersection en X,Temps couvert,Sans collision,4,1,2,1,1,1,2,9,1,30,1,1,0,0,0,1,68.0,,deux_roues,,1,2,2,8,7
202400038872,2024-12-10 19:20:00,2024,12,10,19,20,75,75109,BOULEVARD HAUSSMANN,48.872507,2.336649,Nuit avec éclairage allumé,En agglomération,Hors intersection,Pluie légère,Autre collision,4,1,3,1,1,1,2,0,5,30,1,2,1,0,0,1,24.0,,deux_roues,,5,2,1,2,6
202400038873,2024-12-10 08:26:00,2024,12,10,8,26,75,75109,RUE SAINT LAZARE,48.875737,2.327787,Plein jour,En agglomération,Intersection en T,Pluie légère,Deux véhicules - côté,4,1, -1,-1,1,1,2,0,6,30,2,2,1,0,0,1,26.0,41.0,deux_roues,voiture,1,2,3,2,3
202400038873,2024-12-10 08:26:00,2024,12,10,8,26,75,75109,RUE SAINT LAZARE,48.875737,2.327787,Plein jour,En agglomération,Intersection en T,Pluie légère,Deux véhicules - côté,4,2,3,3,1,1,2,9,6,30,2,2,1,0,0,1,26.0,41.0,deux_roues,voiture,1,2,3,2,3
202400038874,2024-12-10 12:30:00,2024,12,10,12,30,75,75108,BOULEVARD DE COURCELLES,48.880514,2.309743,Plein jour,En agglomération,Place,Normale,Deux véhicules - arrière,4,2,4,0,1,1,2,0,1,30,2,2,0,0,0,2,33.0,30.0,deux_roues,deux_roues,1,2,7,1,2
202400038874,2024-12-10 12:30:00,2024,12,10,12,30,75,75108,BOULEVARD DE COURCELLES,48.880514,2.309743,Plein jour,En agglomération,Place,Normale,Deux véhicules - arrière,4,2,2,0,1,1,2,0,1,50,2,2,0,0,0,2,33.0,30.0,deux_roues,deux_roues,1,2,7,1,2
202400038875,2024-12-10 08:40:00,2024,12,10,8,40,75,75108,COURS LA REINE,48.86494144,2.31071493,Plein jour,En agglomération,Place,Normale,Deux véhicules - côté,4,1, -1,1,1,1,1,9,5,30,2,2,1,0,0,1,24.0,34.0,deux_roues,deux_roues,1,2,7,1,3
202400038875,2024-12-10 08:40:00,2024,12,10,8,40,75,75108,COURS LA REINE,48.86494144,2.31071493,Plein jour,En agglomération,Place,Normale,Deux véhicules - côté,4,1, -1,-1,1,1,1,0,5,30,2,2,1,0,0,1,24.0,34.0,deux_roues,deux_roues,1,2,7,1,3
202400038876,2024-12-10 18:50:00,2024,12,10,18,50,75,75107,QUAI D ORSAY,48.862349,2.309644,Nuit avec éclairage allumé,En agglomération,Intersection en T,Pluie légère,Deux véhicules - arrière,4,1, -1,-1,1,1,2,0,1,30,2,2,1,0,0,1,27.0,31.0,deux_roues,deux_roues,5,2,3,2,2
202400038876,2024-12-10 18:50:00,2024,12,10,18,50,75,75107,QUAI D ORSAY,48.862349,2.309644,Nuit avec éclairage allumé,En agglomération,Intersection en T,Pluie légère,Deux véhicules - arrière,4,2,3,1,1,1,2,0,5,30,2,2,1,0,0,1,27.0,31.0,deux_roues,deux_roues,5,2,3,2,2
202400038877,2024-12-10 17:45:00,2024,12,10,17,45,75,75107,RUE DE GRENELLE,48.858084,2.311062,Plein jour,En agglomération,Place,Pluie légère,Autre collision,4,2, -1,-1,1,1,2,0,1,30,1,2,1,0,0,1,48.0,,voiture,,1,2,7,2,6
202400038877,2024-12-10 17:45:00,2024,12,10,17,45,75,75107,RUE DE GRENELLE,48.858084,2.311062,Plein jour,En agglomération,Place,Pluie légère,Autre collision,4,1,1,0,1,1,2,0,1,30,1,2,1,0,0,1,48.0,,voiture,,1,2,7,2,6
202400038878,2024-12-10 11:59:00,2024,12,10,11,59,75,75107,QUAI BRANLY,48.85877,2.29267,Plein jour,En agglomération,Hors intersection,Pluie légère,Autre collision,4,-1, -1,1,1,1,2,1,5,30,2,2,0,0,0,2,61.0,28.0,deux_roues,deux_roues,1,2,1,2,6
202400038879,2024-12-10 09:20:00,2024,12,10,9,20,94,94078,Av de l’Appel du 18 Juin 1940,48.75714,2.44378,Plein jour,En agglomération,Hors intersection,Normale,Deux véhicules - arrière,2,3,2,0,2,1,1,0,1,50,2,2,1,0,1,0,23.0,36.0,utilitaire_camion,voiture,1,2,1,1,2
202400038880,2024-11-18 16:20:00,2024,11,18,16,20,94,94042,Avenue du President Kennedy,48.815278,2.463806,Crépuscule ou aube,En agglomération,Hors intersection,Pluie légère,Autre collision,3,2,3,0,4,1,2,0,1,50,1,2,1,0,0,1,34.0,,voiture,,2,2,1,2,6
202400038881,2024-12-09 17:10:00,2024,12,9,17,10,94,94046,Avenue de la République,48.8078,2.448019,Nuit avec éclairage allumé,En agglomération,Intersection en X,Pluie légère,Deux véhicules - côté,3,2,2,0,1,1,2,5,1,50,2,3,2,0,0,1,81.0,46.0,voiture,deux_roues,5,2,2,2,3
202400038881,2024-12-09 17:10:00,2024,12,9,17,10,94,94046,Avenue de la République,48.8078,2.448019,Nuit avec éclairage allumé,En agglomération,Intersection en X,Pluie légère,Deux véhicules - côté,3,2,2,0,1,1,2,5,1,50,2,3,2,0,0,1,81.0,46.0,voiture,deux_roues,5,2,2,2,3
202400038882,2024-12-10 18:20:00,2024,12,10,18,20,94,94041,Avenue Georges Gosnat,48.81145,2.38405,Nuit avec éclairage allumé,En agglomération,Hors intersection,Pluie légère,Autre collision,3,2,5,3,1,1,2,0,1,50,1,2,1,0,0,1,,,deux_roues,,5,2,1,2,6
202400038883,2024-12-08 12:40:00,2024,12,8,12,40,94,94011,Avenue du Bicentenaire 1789 1989,48.765087,2.488727,Plein jour,En agglomération,Autre intersection,Pluie légère,Deux véhicules - côté,6,-1,0,0,1,1,2,9,8,30,2,3,2,0,0,1,37.0,36.0,voiture,voiture,1,2,9,2,3
202400038884,2024-12-10 18:40:00,2024,12,10,18,40,94,94018,Rue de l’Herault,48.82343,2.39882,Nuit avec éclairage allumé,En agglomération,Intersection en T,Temps couvert,Autre collision,4,1,1,0,1,1,2,0,1,30,1,2,1,0,0,1,29.0,,voiture,,5,2,3,8,6
202400038884,2024-12-10 18:40:00,2024,12,10,18,40,94,94018,Rue de l’Herault,48.82343,2.39882,Nuit avec éclairage allumé,En agglomération,Intersection en T,Temps couvert,Autre collision,4,2,2,0,1,1,2,0,1,30,1,2,1,0,0,1,29.0,,voiture,,5,2,3,8,6
202400038885,2024-12-10 09:00:00,2024,12,10,9,0,94,94071,Rue de Lesigny,48.76342731,2.53631964,Plein jour,En agglomération,Giratoire,Pluie légère,Deux véhicules - côté,3,2,2,0,1,1,2,9,1,50,2,2,1,0,0,1,17.0,30.0,deux_roues,voiture,1,2,6,2,3
202400038885,2024-12-10 09:00:00,2024,12,10,9,0,94,94071,Rue de Lesigny,48.76342731,2.53631964,Plein jour,En agglomération,Giratoire,Pluie légère,Deux véhicules - côté,3,3,2,2,1,1,2,9,1,50,2,2,1,0,0,1,17.0,30.0,deux_roues,voiture,1,2,6,2,3
202400038886,2024-12-10 16:45:00,2024,12,10,16,45,93,93072,JEAN DURAND (RUE) COTE DES N°2 AU 148,48.95301,2.37078,Crépuscule ou aube,En agglomération,Hors intersection,Normale,Autre collision,4,2,2,0,1,1,1,0,1,30,1,2,1,0,0,1,32.0,,voiture,,2,2,1,1,6
202400038887,2024-12-10 09:05:00,2024,12,10,9,5,93,93072,JEAN DURAND (RUE) COTE DES N°2 AU 148,48.95301,2.37082,Plein jour,En agglomération,Hors intersection,Normale,Autre collision,4,2,2,0,1,1,2,0,1,50,1,2,1,0,0,1,31.0,,voiture,,1,2,1,1,6
202400038888,2024-12-10 19:00:00,2024,12,10,19,0,93,93029,HENRI LANGLOIS,48.913384,2.450905,Nuit avec éclairage allumé,En agglomération,Hors intersection,Pluie légère,Deux véhicules - côté,4,1,0,0,1,1,2,0,1,50,2,3,1,0,0,2,31.0,40.0,deux_roues,autre,5,2,1,2,3
202400038889,2024-01-14 12:05:00,2024,1,14,12,5,94,94046,Avenue du Professeur Cadiot,48.8035,2.433,Plein jour,En agglomération,Hors intersection,Temps couvert,Autre collision,6,-1,0,0,1,3,1,9,8,10,1,2,1,0,0,1,38.0,,voiture,,1,2,1,8,6
202400038890,2024-01-14 06:30:00,2024,1,14,6,30,94,94076,Avenue de Paris,48.802748,2.364366,Nuit avec éclairage allumé,En agglomération,Intersection en Y,Normale,Deux véhicules - côté,3,1,1,0,1,1,1,0,1,-1,2,2,1,0,0,1,53.0,30.0,voiture,deux_roues,5,2,4,1,3
202400038890,2024-01-14 06:30:00,2024,1,14,6,30,94,94076,Avenue de Paris,48.802748,2.364366,Nuit avec éclairage allumé,En agglomération,Intersection en Y,Normale,Deux véhicules - côté,3,2,2,3,1,1,1,0,1,50,2,2,1,0,0,1,53.0,30.0,voiture,deux_roues,5,2,4,1,3
202400038891,2024-01-14 21:10:00,2024,1,14,21,10,94,94081,Avenue de l'Abbé Roger Derry / Avenue Youri Gagarine,48.78946,2.38911,Nuit avec éclairage allumé,En agglomération,Passage à niveau,Normale,Deux véhicules - côté,3,2,2,3,2,1,1,0,6,50,2,4,1,0,0,3,33.0,29.0,transport_commun,utilitaire_camion,5,2,8,1,3
202400038891,2024-01-14 21:10:00,2024,1,14,21,10,94,94081,Avenue de l'Abbé Roger Derry / Avenue Youri Gagarine,48.78946,2.38911,Nuit avec éclairage allumé,En agglomération,Passage à niveau,Normale,Deux véhicules - côté,3,3,4,3,1,1,1,4,6,50,2,4,1,0,0,3,33.0,29.0,transport_commun,utilitaire_camion,5,2,8,1,3
202400038892,2024-01-14 18:15:00,2024,1,14,18,15,94,94022,Avenue Anatole France / Quai Fernand Dupuy,48.764683,2.409849,Nuit avec éclairage allumé,En agglomération,Intersection en T,Normale,Deux véhicules - côté,4,2,2,-1,2,1,1,0,1,-1,2,2,1,0,0,1,51.0,31.0,deux_roues,voiture,5,2,3,1,3
202400038892,2024-01-14 18:15:00,2024,1,14,18,15,94,94022,Avenue Anatole France / Quai Fernand Dupuy,48.764683,2.409849,Nuit avec éclairage allumé,En agglomération,Intersection en T,Normale,Deux véhicules - côté,4,2,2,0,1,1,1,0,1,30,2,2,1,0,0,1,51.0,31.0,deux_roues,voiture,5,2,3,1,3
202400038893,2024-01-14 19:20:00,2024,1,14,19,20,93,93071,Allee de Villenaut / Allee des Peupliers,48.9308,2.51614,Nuit avec éclairage allumé,En agglomération,Intersection en X,Normale,Deux véhicules - arrière,3,2,2,0,1,1,2,0,1,50,2,2,1,0,0,1,41.0,,voiture,utilitaire_camion,5,2,2,1,2
202400038893,2024-01-14 19:20:00,2024,1,14,19,20,93,93071,Allee de Villenaut / Allee des Peupliers,48.9308,2.51614,Nuit avec éclairage allumé,En agglomération,Intersection en X,Normale,Deux véhicules - arrière,3,1,2,0,1,1,2,0,1,50,2,2,1,0,0,1,41.0,,voiture,utilitaire_camion,5,2,2,1,2
202400038894,2024-01-13 21:20:00,2024,1,13,21,20,93,93066,Quai de Seine / Rue Paul Éluard,48.94158972,2.34179109,Nuit avec éclairage allumé,En agglomération,Intersection en X,Temps couvert,Deux véhicules - côté,3,3,7,0,1,3,1,5,1,50,2,2,1,0,0,1,41.0,68.0,utilitaire_camion,voiture,5,2,2,8,3
202400038894,2024-01-13 21:20:00,2024,1,13,21,20,93,93066,Quai de Seine / Rue Paul Éluard,48.94158972,2.34179109,Nuit avec éclairage allumé,En agglomération,Intersection en X,Temps couvert,Deux véhicules - côté,3,2,2,0,1,1,1,5,1,-1,2,2,1,0,0,1,41.0,68.0,utilitaire_camion,voiture,5,2,2,8,3
202400038895,2024-01-14 18:30:00,2024,1,14,18,30,93,93050,Rue Paul Vaillant Couturier / Avenue Pascal,48.87028,2.55477,Nuit avec éclairage allumé,En agglomération,Intersection en T,Normale,Deux véhicules - côté,3,2,2,0,2,1,1,0,1,50,2,2,1,0,0,1,36.0,28.0,voiture,deux_roues,5,2,3,1,3
202400038895,2024-01-14 18:30:00,2024,1,14,18,30,93,93050,Rue Paul Vaillant Couturier / Avenue Pascal,48.87028,2.55477,Nuit avec éclairage allumé,En agglomération,Intersection en T,Normale,Deux véhicules - côté,3,1,2,0,1,1,1,0,1,50,2,2,1,0,0,1,36.0,28.0,voiture,deux_roues,5,2,3,1,3
202400038896,2024-01-14 16:10:00,2024,1,14,16,10,93,93048,Boulevard Henri Barbusse / Rue Ernest Savart,48.86841,2.44147,Plein jour,En agglomération,Intersection à plus de 4 branches,Temps couvert,Deux véhicules - côté,3,2,2,1,2,1,1,0,1,50,2,4,2,0,0,2,22.0,34.0,voiture,voiture,1,2,5,8,3
202400038896,2024-01-14 16:10:00,2024,1,14,16,10,93,93048,Boulevard Henri Barbusse / Rue Ernest Savart,48.86841,2.44147,Plein jour,En agglomération,Intersection à plus de 4 branches,Temps couvert,Deux véhicules - côté,3,2,2,0,2,1,1,0,1,50,2,4,2,0,0,2,22.0,34.0,voiture,voiture,1,2,5,8,3
202400038897,2024-01-14 01:00:00,2024,1,14,1,0,93,93005,Route de Mitry,48.945356,2.509396,Nuit avec éclairage allumé,En agglomération,Hors intersection,Normale,Sans collision,3,3,4,0,1,1,1,0,1,50,1,3,0,0,0,3,21.0,,voiture,,5,2,1,1,7
202400038898,2024-01-14 01:07:00,2024,1,14,1,7,92,92062,BOULEVARD CIRCULAIRE,48.88799,2.23508,Nuit avec éclairage allumé,En agglomération,Hors intersection,Normale,Deux véhicules - arrière,3,1,3,0,1,1,1,2,1,50,2,2,1,0,0,1,37.0,33.0,voiture,deux_roues,5,2,1,1,2
202400038899,2024-01-14 08:00:00,2024,1,14,8,0,92,92004,VOLTAIRE ( BD 16 A FIN ),48.91202026,2.29657698,Plein jour,En agglomération,Hors intersection,Temps couvert,Deux véhicules - arrière,3,2,2,0,1,1,1,0,1,50,2,2,1,0,0,1,37.0,50.0,transport_commun,voiture,1,2,1,8,2
202400038900,2024-01-12 08:50:00,2024,1,12,8,50,37,37260,La Chevalerie,47.05816161,0.39103746,Crépuscule ou aube,Hors agglomération,Hors intersection,Temps éblouissant,Autre collision,3,2,2,0,2,1,7,0,3,80,1,1,0,0,1,0,56.0,,voiture,,2,1,1,7,6
202400038901,2024-01-14 18:55:00,2024,1,14,18,55,35,35120,Rue de Dinan,48.224623,-1.794677,Nuit avec éclairage allumé,En agglomération,Intersection en T,Pluie légère,Deux véhicules - côté,7,2,2,0,1,2,2,0,1,50,2,2,1,0,1,0,45.0,41.0,deux_roues,voiture,5,2,3,2,3
202400038901,2024-01-14 18:55:00,2024,1,14,18,55,35,35120,Rue de Dinan,48.224623,-1.794677,Nuit avec éclairage allumé,En agglomération,Intersection en T,Pluie légère,Deux véhicules - côté,7,2,2,0,1,1,2,0,1,50,2,2,1,0,1,0,45.0,41.0,deux_roues,voiture,5,2,3,2,3
202400038902,2024-01-15 05:50:00,2024,1,15,5,50,45,45178,164 Rue du Capitaine de Bussière,48.002838,2.539081,Nuit avec éclairage allumé,En agglomération,Intersection en T,Normale,Deux véhicules - côté,3,2,2,0,1,1,1,0,1,50,2,2,1,0,0,1,57.0,23.0,voiture,utilitaire_camion,5,2,3,1,3
202400038902,2024-01-15 05:50:00,2024,1,15,5,50,45,45178,164 Rue du Capitaine de Bussière,48.002838,2.539081,Nuit avec éclairage allumé,En agglomération,Intersection en T,Normale,Deux véhicules - côté,3,2,2,0,1,1,1,0,1,30,2,2,1,0,0,1,57.0,23.0,voiture,utilitaire_camion,5,2,3,1,3
202400038903,2024-01-09 16:45:00,2024,1,9,16,45,77,77382,Autoroute A140 PK1.8 en direction de Meaux,48.895788,2.894211,Plein jour,Hors agglomération,Hors intersection,Temps couvert,Deux véhicules - arrière,1,3,2,0,3,1,1,0,1,110,2,2,1,0,0,1,23.0,48.0,voiture,utilitaire_camion,1,1,1,8,2
202400038904,2024-01-15 07:45:00,2024,1,15,7,45,83,83086,Dn7,43.470742,6.562937,Plein jour,En agglomération,Hors intersection,Normale,Autre collision,3,2,2,0,1,1,1,8,1,50,1,2,1,0,1,0,38.0,,voiture,,1,2,1,1,6
202400038905,2024-01-11 07:27:00,2024,1,11,7,27,57,57192,Rue de Rohrbach,49.02435078,7.33050095,Crépuscule ou aube,Hors agglomération,Hors intersection,Normale,Deux véhicules - côté,3,2,2,0,1,1,1,0,1,70,2,4,1,0,2,1,51.0,62.0,utilitaire_camion,utilitaire_camion,2,1,1,1,3
202400038906,2024-01-09 17:45:00,2024,1,9,17,45,57,57540,Route de Sarreguemines,48.775707,7.249818,Nuit sans éclairage public,Hors agglomération,Hors intersection,Normale,Autre collision,3,2,2,0,1,1,1,2,1,70,1,1,0,0,1,0,57.0,,utilitaire_camion,,3,1,1,1,6
202400038907,2024-01-14 08:45:00,2024,1,14,8,45,51,51342,D210,48.98643676,3.92763479,Crépuscule ou aube,Hors agglomération,Hors intersection,Autre,Sans collision,3,2,2,0,1,4,2,0,3,80,1,1,0,0,1,0,26.0,,deux_roues,,2,1,1,9,7
202400038908,2024-01-13 16:23:00,2024,1,13,16,23,82,82037,Boulevard Léonce Granié,44.161548,1.536013,Plein jour,En agglomération,Hors intersection,Normale,Autre collision,3,2,2,0,1,1,1,9,1,50,1,2,1,0,1,0,26.0,,voiture,,1,2,1,1,6
202400038909,2024-01-14 18:15:00,2024,1,14,18,15,61,61319,D296,48.334457,0.418767,Crépuscule ou aube,Hors agglomération,Hors intersection,Normale,Trois véhicules et plus - collisions multiples,3,2,2,0,3,1,1,0,1,80,3,4,2,0,0,2,21.0,22.0,voiture,voiture,2,1,1,1,5
202400038910,2024-01-14 22:00:00,2024,1,14,22,0,55,55338,D964,49.41864252,5.20140853,Nuit sans éclairage public,Hors agglomération,Hors intersection,Neige / grêle,Sans collision,3,2,2,0,1,1,5,0,3,90,1,1,0,1,0,0,36.0,,voiture,,3,1,1,4,7
202400038911,2024-01-12 11:00:00,2024,1,12,11,0,22,22221,16 Le Guindy,48.782946,-3.255258,Plein jour,Hors agglomération,Hors intersection,Normale,Deux véhicules - frontale,3,2,2,0,4,2,1,0,1,50,2,2,1,0,1,0,62.0,79.0,voiture,voiture,1,1,1,1,1
202400038912,2024-01-15 14:35:00,2024,1,15,14,35,29,29123,RN 164,48.20817182,-3.92269551,Plein jour,Hors agglomération,Hors intersection,Normale,Autre collision,2,3,2,0,1,1,1,0,3,110,1,2,0,0,0,2,27.0,,voiture,,1,1,1,1,6
202400038913,2024-01-14 19:30:00,2024,1,14,19,30,15,15260,Le Pont Vieillevie,44.64551,2.415989,Nuit sans éclairage public,En agglomération,Hors intersection,Normale,Autre collision,4,2,2,0,2,1,1,0,8,50,1,1,0,0,1,0,82.0,,voiture,,3,2,1,1,6
202400038914,2024-01-14 13:30:00,2024,1,14,13,30,43,43042,D49,44.904675,3.820968,Plein jour,Hors agglomération,Hors intersection,Normale,Autre collision,3,2,2,0,1,2,1,0,3,90,1,3,0,0,3,0,35.0,,voiture,,1,1,1,1,6
202400038915,2024-01-14 18:30:00,2024,1,14,18,30,43,43174,RN102,45.003257,3.812546,Nuit sans éclairage public,Hors agglomération,Intersection en Y,Normale,Deux véhicules - arrière,2,2,2,0,1,1,1,0,1,80,2,3,2,0,1,0,83.0,20.0,voiture,voiture,3,1,4,1,2
202400038915,2024-01-14 18:30:00,2024,1,14,18,30,43,43174,RN102,45.003257,3.812546,Nuit sans éclairage public,Hors agglomération,Intersection en Y,Normale,Deux véhicules - arrière,2,2, -1,-1,1,1,1,0,1,-1,2,3,2,0,1,0,83.0,20.0,voiture,voiture,3,1,4,1,2
202400038916,2024-01-14 09:34:00,2024,1,14,9,34,36,36016,,46.532532,1.141527,Plein jour,Hors agglomération,Hors intersection,Pluie légère,Autre collision,3,2,2,0,1,1,7,0,3,80,1,2,1,0,1,0,68.0,,voiture,,1,1,1,2,6
202400038917,2024-01-14 20:00:00,2024,1,14,20,0,36,36243,La Croix de la Barre,46.96833935,1.36989534,Nuit sans éclairage public,Hors agglomération,Hors intersection,Autre,Autre collision,3,2,2,0,2,2,1,0,1,80,1,1,0,1,0,0,34.0,,deux_roues,,3,1,1,9,6
202400038918,2024-01-14 21:10:00,2024,1,14,21,10,24,24340,Route des Junies,44.864185,0.39995,Nuit sans éclairage public,Hors agglomération,Hors intersection,Normale,Autre collision,4,2,2,2,1,1,1,9,8,50,1,1,0,0,1,0,55.0,,voiture,,3,1,1,1,6
202400038919,2024-01-13 02:00:00,2024,1,13,2,0,49,49002,A85 PK 42+200,47.28503,0.012671,Nuit sans éclairage public,Hors agglomération,Hors intersection,Normale,Autre collision,1,3,2,0,1,1,1,0,3,130,1,1,0,0,1,0,43.0,,utilitaire_camion,,3,1,1,1,6
202400038920,2024-01-15 10:30:00,2024,1,15,10,30,978,97801,"RN 7, la savane",18.094231,-63.065954,Plein jour,En agglomération,Hors intersection,Normale,Deux véhicules - côté,2,2,2,0,1,1,1,0,1,50,2,3,2,0,1,0,49.0,24.0,voiture,deux_roues,1,2,1,1,3
202400038921,2024-01-13 16:20:00,2024,1,13,16,20,978,97801,R QUARTIER D'ORLEANS,18.064592,-63.039336,Plein jour,En agglomération,Hors intersection,Normale,Trois véhicules et plus - collisions multiples,2,1,2,0,1,1,1,0,1,50,3,4,2,0,2,0,45.0,39.0,voiture,voiture,1,2,1,1,5
202400038922,2024-01-11 19:10:00,2024,1,11,19,10,13,13069,avenue général de gaulle,43.628838,5.15705,Nuit avec éclairage allumé,En agglomération,Intersection en T,Normale,Deux véhicules - côté,4,2,2,0,1,1,1,0,1,50,2,2,1,0,0,1,17.0,38.0,deux_roues,voiture,5,2,3,1,3