accident_id,datetime,annee,mois,jour,heure,minute,departement,commune_insee,adresse,latitude,longitude,luminosite,agglomeration,intersection,meteo,collision,catr,circ,nbv,vosp,prof,plan,surf,infra,situ,vma,nb_vehicules,nb_usagers,nb_indemnes,nb_tues,nb_blesses_hosp,nb_blesses_legers,age_cond_1,age_cond_2,veh_type_cond_1,veh_type_cond_2,lum_code,agg_code,int_code,atm_code,col_code
202400038922,2024-01-11 19:10:00,2024,1,11,19,10,13,13069,avenue général de gaulle,43.628838,5.15705,Nuit avec éclairage allumé,En agglomération,Intersection en T,Normale,Deux véhicules - côté,4,2, -1,-1,1,1,1,0,1,-1,2,2,1,0,0,1,17.0,38.0,deux_roues,voiture,5,2,3,1,3
202400038923,2024-01-15 05:55:00,2024,1,15,5,55,01,01038,A 39,46.33943,5.282509,Nuit sans éclairage public,Hors agglomération,Hors intersection,Normale,Deux véhicules - arrière,1,3,2,0,1,1,1,0,1,130,2,2,1,0,0,1,40.0,51.0,utilitaire_camion,utilitaire_camion,3,1,1,1,2
202400038924,2024-01-14 19:20:00,2024,1,14,19,20,973,97309,Route des Plages,4.893946,-52.258111,Crépuscule ou aube,En agglomération,Hors intersection,Normale,Deux véhicules - frontale,3,2,2,0,1,1,1,0,1,50,2,3,2,0,1,0,35.0,23.0,deux_roues,utilitaire_camion,2,2,1,1,1
202400038925,2024-01-15 13:40:00,2024,1,15,13,40,06,06088,Bretelle de sortie n°55 nord Nice centre,43.731879,7.291805,Plein jour,Hors agglomération,Hors intersection,Normale,Deux véhicules - frontale,1,1,2,0,2,4,1,3,1,50,2,3,0,0,2,1,51.0,38.0,voiture,voiture,1,1,1,1,1
202400038926,2024-01-15 09:38:00,2024,1,15,9,38,73,73117,D1006,45.190892,6.640165,Plein jour,Hors agglomération,Hors intersection,Neige / grêle,Deux véhicules - frontale,3,2,2,0,1,3,5,0,3,70,2,3,1,0,1,1,67.0,34.0,utilitaire_camion,utilitaire_camion,1,1,1,4,1
202400038927,2024-01-14 20:55:00,2024,1,14,20,55,38,38449,"A43, PK021+000",45.648218,5.121388,Nuit sans éclairage public,Hors agglomération,Hors intersection,Normale,Trois véhicules et plus - collisions multiples,1,-1,0,0,1,1,1,0,1,130,3,3,2,0,1,0,25.0,31.0,voiture,voiture,3,1,1,1,5
202400038928,2024-01-14 20:15:00,2024,1,14,20,15,38,38053,"A43, PK031+200",45.607718,5.235693,Nuit sans éclairage public,Hors agglomération,Hors intersection,Normale,Trois véhicules et plus - collisions multiples,1,3,3,0,1,3,1,0,6,130,3,5,3,0,0,2,51.0,31.0,voiture,voiture,3,1,1,1,5
202400038929,2024-01-12 19:30:00,2024,1,12,19,30,987,98714,nunue,-16.52477167,-151.73688769,Nuit sans éclairage public,Hors agglomération,Hors intersection,Normale,Deux véhicules - côté,2,2,2,0,1,1,1,0,1,40,2,2,1,0,1,0,18.0,34.0,deux_roues,deux_roues,3,1,1,1,3
202400038930,2024-01-15 10:45:00,2024,1,15,10,45,95,95142,D915,49.16903149,1.92025836,Plein jour,Hors agglomération,Hors intersection,Normale,Autre collision,3,2,2,0,2,1,2,0,3,80,1,1,0,0,1,0,43.0,,voiture,,1,1,1,1,6
202400038931,2024-01-14 19:00:00,2024,1,14,19,0,2B,2B087,D71,42.321985,9.517314,Nuit sans éclairage public,Hors agglomération,Hors intersection,Normale,Deux véhicules - frontale,3,2,2,0,1,1,1,0,1,70,2,3,1,0,0,2,59.0,27.0,voiture,utilitaire_camion,3,1,1,1,1
202400038932,2024-01-14 14:15:00,2024,1,14,14,15,03,03266,D125,46.261299,3.450909,Plein jour,Hors agglomération,Hors intersection,Normale,Autre collision,3,2,2,0,1,4,1,0,3,90,1,1,0,0,1,0,49.0,,voiture,,1,1,1,1,6
202400038933,2024-01-14 20:45:00,2024,1,14,20,45,26,26116,Route Nationale 7,44.41016888,4.71075296,Nuit sans éclairage public,Hors agglomération,Hors intersection,Normale,Deux véhicules - frontale,2,2,3,0,2,3,1,0,1,80,2,2,0,0,0,2,44.0,74.0,voiture,voiture,3,1,1,1,1
202400038934,2024-01-15 08:45:00,2024,1,15,8,45,69,69204,106 Avenue Georges Clémenceau,45.698621,4.794838,Plein jour,En agglomération,Hors intersection,Pluie légère,Autre collision,7,2,2,0,1,1,2,0,1,50,1,2,1,0,0,1,54.0,,utilitaire_camion,,1,2,1,2,6
202400038935,2024-01-14 18:00:00,2024,1,14,18,0,09,09282,D14,43.22771243,1.60368472,Nuit sans éclairage public,Hors agglomération,Hors intersection,Pluie légère,Deux véhicules - côté,3,2,2,0,1,1,2,5,1,80,2,3,2,0,1,0,56.0,60.0,voiture,voiture,3,1,1,2,3
202400038936,2024-01-13 12:55:00,2024,1,13,12,55,17,17086,D131,45.753737,-0.567381,Plein jour,Hors agglomération,Intersection en T,Normale,Deux véhicules - côté,3,2,2,0,2,1,1,0,1,80,2,2,1,0,1,0,17.0,34.0,deux_roues,voiture,1,1,3,1,3
202400038936,2024-01-13 12:55:00,2024,1,13,12,55,17,17086,D131,45.753737,-0.567381,Plein jour,Hors agglomération,Intersection en T,Normale,Deux véhicules - côté,3,2,2,-1,1,1,1,5,1,50,2,2,1,0,1,0,17.0,34.0,deux_roues,voiture,1,1,3,1,3
202400038937,2024-01-15 16:54:00,2024,1,15,16,54,86,86294,D7,46.652781,0.170328,Plein jour,Hors agglomération,Hors intersection,Normale,Sans collision,3,2,2,0,2,1,1,0,8,80,1,1,0,0,1,0,72.0,,voiture,,1,1,1,1,7
202400038938,2024-01-13 12:00:00,2024,1,13,12,0,33,33393,,44.971622,-0.165267,Plein jour,Hors agglomération,Hors intersection,Normale,Autre collision,4,-1,2,0,1,1,1,0,3,80,1,1,0,1,0,0,66.0,,voiture,,1,1,1,1,6
202400038939,2024-01-14 16:05:00,2024,1,14,16,5,44,44037,2 Chantegrolle,47.1353519,-1.44173294,Crépuscule ou aube,Hors agglomération,Hors intersection,Pluie légère,Autre collision,3,2,2,0,1,1,2,0,1,80,1,1,0,0,1,0,50.0,,voiture,,2,1,1,2,6
202400038940,2024-01-12 10:10:00,2024,1,12,10,10,59,59129,D19,50.515623,3.156102,Plein jour,Hors agglomération,Hors intersection,Normale,Deux véhicules - frontale,3,2,2,0,1,3,1,0,4,70,1,2,0,0,2,0,78.0,,voiture,,1,1,1,1,1
202400038941,2024-01-14 04:36:00,2024,1,14,4,36,13,13202,TVPCM-Sens Saint Victor vers Les Ports,43.28348349,5.40033281,Nuit avec éclairage allumé,Hors agglomération,Hors intersection,Normale,Autre collision,1,1,2,0,2,2,1,1,1,50,1,1,0,0,0,1,33.0,,voiture,,5,1,1,1,6
202400038942,2024-01-13 05:30:00,2024,1,13,5,30,67,67482,Autoroute A.351,48.58806,7.70844,Nuit sans éclairage public,Hors agglomération,Hors intersection,Autre,Deux véhicules - côté,7,3,3,0,1,1,7,0,1,90,2,4,3,0,1,0,49.0,40.0,voiture,voiture,3,1,1,9,3
202400038943,2024-01-14 00:04:00,2024,1,14,0,4,33,33487,AUTOROUTE A 10,44.952013,-0.46075,Nuit sans éclairage public,Hors agglomération,Giratoire,Brouillard / fumée,Autre collision,1,2,2,0,1,1,1,3,2,50,1,2,1,0,0,1,24.0,,voiture,,3,1,6,5,6
202400038943,2024-01-14 00:04:00,2024,1,14,0,4,33,33487,AUTOROUTE A 10,44.952013,-0.46075,Nuit sans éclairage public,Hors agglomération,Giratoire,Brouillard / fumée,Autre collision,1,2, -1,0,1,1,1,0,2,80,1,2,1,0,0,1,24.0,,voiture,,3,1,6,5,6
202400038944,2024-01-14 11:02:00,2024,1,14,11,2,91,91689,A6A,48.74938564,2.32794471,Plein jour,Hors agglomération,Hors intersection,Temps couvert,Trois véhicules et plus - en chaîne,1,-1,3,0,1,1,1,0,1,110,3,3,2,0,0,1,24.0,46.0,voiture,voiture,1,1,1,8,4
202400038945,2024-01-14 06:05:00,2024,1,14,6,5,94,94021,A6B,48.76021415,2.33890139,Nuit sans éclairage public,Hors agglomération,Hors intersection,Temps couvert,Autre collision,1,1,2,0,1,3,2,0,1,70,1,1,0,0,0,1,44.0,,voiture,,3,1,1,8,6
202400038946,2024-01-14 14:25:00,2024,1,14,14,25,92,92064,A13,48.83958871,2.2007699,Plein jour,Hors agglomération,Hors intersection,Normale,Deux véhicules - arrière,1,1,3,0,1,1,1,0,1,90,2,2,1,0,0,1,29.0,35.0,voiture,voiture,1,1,1,1,2
202400038947,2024-01-14 05:55:00,2024,1,14,5,55,92,92048,N118,48.7911923,2.2202633,Nuit sans éclairage public,Hors agglomération,Hors intersection,Normale,Deux véhicules - arrière,2,3,3,0,1,1,1,0,1,110,2,3,1,0,0,2,22.0,,deux_roues,autre,3,1,1,1,2
202400038948,2024-01-14 08:55:00,2024,1,14,8,55,93,93066,AUTOROUTE A86,48.9228,2.34502,Plein jour,Hors agglomération,Hors intersection,Normale,Sans collision,1,3,3,0,1,1,1,0,1,90,1,1,0,0,0,1,34.0,,voiture,,1,1,1,1,7
202400038949,2024-01-13 19:10:00,2024,1,13,19,10,95,95252,A115,48.98873778,2.24363721,Nuit sans éclairage public,Hors agglomération,Hors intersection,Normale,Deux véhicules - arrière,1,3,4,0,1,1,1,0,1,90,2,2,1,0,0,1,43.0,24.0,utilitaire_camion,deux_roues,3,1,1,1,2
202400038950,2024-01-13 11:45:00,2024,1,13,11,45,976,97611,kaweni-Centrale (rue),-12.775,45.223,Plein jour,En agglomération,Hors intersection,Normale,Deux véhicules - côté,4,2,2,0,1,1,1,0,1,50,2,3,2,0,0,1,22.0,32.0,deux_roues,voiture,1,2,1,1,3
202400038951,2024-01-13 08:10:00,2024,1,13,8,10,976,97611,m'tsapere-Nationale 2 (route),-12.80033,45.21565,Plein jour,Hors agglomération,Hors intersection,Normale,Deux véhicules - côté,2,2,2,0,1,1,1,0,1,50,2,3,1,0,0,2,45.0,32.0,deux_roues,voiture,1,1,1,1,3
202400038952,2024-01-13 14:15:00,2024,1,13,14,15,974,97416,RN3 (1),-21.30908,55.49807,Plein jour,Hors agglomération,Hors intersection,Pluie légère,Autre collision,2,2,4,0,2,3,2,0,1,90,1,2,1,0,0,1,41.0,,voiture,,1,1,1,2,6
202400038953,2024-01-13 20:30:00,2024,1,13,20,30,69,69383,Rue Garibaldi,45.76273,4.85175,Nuit avec éclairage allumé,En agglomération,Intersection en X,Normale,Trois véhicules et plus - collisions multiples,4,2,2,0,1,1,1,5,1,30,4,5,3,0,0,2,43.0,31.0,voiture,deux_roues,5,2,2,1,5
202400038953,2024-01-13 20:30:00,2024,1,13,20,30,69,69383,Rue Garibaldi,45.76273,4.85175,Nuit avec éclairage allumé,En agglomération,Intersection en X,Normale,Trois véhicules et plus - collisions multiples,4,1,3,3,1,1,1,5,1,50,4,5,3,0,0,2,43.0,31.0,voiture,deux_roues,5,2,2,1,5
202400038954,2024-01-13 18:20:00,2024,1,13,18,20,972,97213,BASSE GONDEAU (CHEMIN RURAL N°3 DE),14.6283,-61.02816,Nuit avec éclairage allumé,En agglomération,Hors intersection,Normale,Sans collision,4,2,1,0,2,1,1,0,1,30,1,2,1,0,1,0,51.0,,deux_roues,,5,2,1,1,7
202400038955,2024-01-13 13:40:00,2024,1,13,13,40,972,97213,ROUTE NATIONALE 1,14.61819,-61.02765,Plein jour,En agglomération,Hors intersection,Normale,Deux véhicules - côté,1,1,4,3,2,1,1,0,1,90,2,3,2,0,1,0,21.0,25.0,voiture,deux_roues,1,2,1,1,3
202400038956,2024-01-13 21:13:00,2024,1,13,21,13,2B,2B120,VILLAGE (Route du) D364,42.65512,9.43598,Nuit avec éclairage allumé,En agglomération,Intersection en T,Normale,,4,2,2,0,1,1,1,0,1,50,3,5,3,0,0,2,19.0,20.0,voiture,voiture,5,2,3,1,-1
202400038956,2024-01-13 21:13:00,2024,1,13,21,13,2B,2B120,VILLAGE (Route du) D364,42.65512,9.43598,Nuit avec éclairage allumé,En agglomération,Intersection en T,Normale,,4,2,2,0,1,1,1,0,1,50,3,5,3,0,0,2,19.0,20.0,voiture,voiture,5,2,3,1,-1
202400038957,2024-01-13 11:11:00,2024,1,13,11,11,2B,2B037,TOUTES RUES,42.61455,9.43757,Plein jour,En agglomération,Hors intersection,Normale,Deux véhicules - arrière,9,1,1,0,1,1,1,9,1,30,2,4,2,0,0,2,30.0,32.0,voiture,utilitaire_camion,1,2,1,1,2
202400038958,2024-01-13 05:40:00,2024,1,13,5,40,971,97113,BAS DU FORT,16.22033,-61.51743,Nuit avec éclairage allumé,Hors agglomération,Hors intersection,Pluie légère,Sans collision,4,2,0,0,1,1,2,5,1,50,1,1,0,0,1,0,23.0,,deux_roues,,5,1,1,2,7
202400038959,2024-01-12 16:45:00,2024,1,12,16,45,971,97113,SECTION MOREAU,16.24539,-61.45864,Plein jour,En agglomération,Hors intersection,Pluie légère,Autre collision,4,-1,1,0,2,3,2,0,1,50,1,1,0,0,0,1,23.0,,voiture,,1,2,1,2,6
202400038960,2024-01-12 14:00:00,2024,1,12,14,0,95,95277,FURMANEK (RUE),48.98548613,2.45070487,Plein jour,En agglomération,Intersection en T,Normale,Autre collision,4,2,1,0,1,1,1,0,1,30,1,2,1,0,0,1,32.0,,voiture,,1,2,3,1,6
202400038960,2024-01-12 14:00:00,2024,1,12,14,0,95,95277,FURMANEK (RUE),48.98548613,2.45070487,Plein jour,En agglomération,Intersection en T,Normale,Autre collision,4,1,1,0,1,1,1,0,1,30,1,2,1,0,0,1,32.0,,voiture,,1,2,3,1,6
202400038961,2024-01-11 09:15:00,2024,1,11,9,15,95,95476,GENERAL DE GAULLE (RUE DU),49.056269,2.065476,Plein jour,En agglomération,Hors intersection,Normale,Autre collision,4,2,2,2,2,1,1,0,1,30,1,2,1,0,1,0,31.0,,voiture,,1,2,1,1,6
202400038962,2024-01-13 11:52:00,2024,1,13,11,52,91,91228,MITTERAND (BD FRANCOIS),48.62478,2.4261,Plein jour,En agglomération,Hors intersection,Temps couvert,Deux véhicules - côté,3,2,2,0,1,1,2,0,1,50,2,2,1,0,0,1,58.0,33.0,voiture,deux_roues,1,2,1,8,3
202400038963,2024-01-13 11:45:00,2024,1,13,11,45,82,82033,LEON BRUN (AVENUE),44.04143,1.11009,Plein jour,En agglomération,Hors intersection,Normale,Deux véhicules - arrière,4,-1,0,0,1,1,1,0,8,50,2,2,1,0,0,1,63.0,75.0,utilitaire_camion,deux_roues,1,2,1,1,2
202400038964,2024-01-13 08:20:00,2024,1,13,8,20,78,78481,GENERAL LECLERC (AVENUE DU),48.8871,2.09762,Crépuscule ou aube,En agglomération,Intersection en T,Normale,Deux véhicules - côté,3,2,4,0,2,1,1,0,1,50,2,2,1,0,0,1,46.0,54.0,voiture,deux_roues,2,2,3,1,3
202400038964,2024-01-13 08:20:00,2024,1,13,8,20,78,78481,GENERAL LECLERC (AVENUE DU),48.8871,2.09762,Crépuscule ou aube,En agglomération,Intersection en T,Normale,Deux véhicules - côté,3,2, -1,-1,2,1,1,0,1,-1,2,2,1,0,0,1,46.0,54.0,voiture,deux_roues,2,2,3,1,3
202400038965,2024-01-14 22:10:00,2024,1,14,22,10,77,77083,NESLE (BOULEVARD DE),48.84899,2.58179,Nuit avec éclairage allumé,En agglomération,Hors intersection,Normale,Sans collision,4,2,3,0,2,1,1,0,1,50,1,1,0,0,0,1,33.0,,deux_roues,,5,2,1,1,7
202400038966,2024-01-13 10:50:00,2024,1,13,10,50,77,77479,AV HENRI BARBUSSE,48.87506,2.63924,Plein jour,En agglomération,Giratoire,Normale,Autre collision,4,2,2,0,1,1,1,2,1,50,1,2,1,0,0,1,85.0,,voiture,,1,2,6,1,6
202400038966,2024-01-13 10:50:00,2024,1,13,10,50,77,77479,AV HENRI BARBUSSE,48.87506,2.63924,Plein jour,En agglomération,Giratoire,Normale,Autre collision,4,1,1,0,1,2,1,9,1,50,1,2,1,0,0,1,85.0,,voiture,,1,2,6,1,6
202400038967,2024-01-13 04:40:00,2024,1,13,4,40,77,77320,MARECHAL LECLERC (AVENUE DU),48.81988,3.0496,Nuit sans éclairage public,En agglomération,Hors intersection,Brouillard / fumée,Autre collision,3,2,2,0,1,1,7,0,4,50,1,1,0,0,0,1,35.0,,utilitaire_camion,,3,2,1,5,6
202400038968,2024-01-13 11:10:00,2024,1,13,11,10,76,76575,Rue du Docteur Cotoni,49.36643,1.10595,Plein jour,En agglomération,Hors intersection,Normale,Deux véhicules - frontale,7,2,2,0,1,1,1,0,1,50,2,3,0,0,0,3,35.0,31.0,voiture,voiture,1,2,1,1,1
202400038969,2024-01-13 01:50:00,2024,1,13,1,50,76,76540,Rue Saint Vivien,49.44203,1.10268,Nuit avec éclairage allumé,En agglomération,Intersection en T,Normale,Deux véhicules - arrière,4,2,2,0,2,1,1,-1,1,30,2,2,1,0,0,1,32.0,22.0,voiture,deux_roues,5,2,3,1,2
202400038969,2024-01-13 01:50:00,2024,1,13,1,50,76,76540,Rue Saint Vivien,49.44203,1.10268,Nuit avec éclairage allumé,En agglomération,Intersection en T,Normale,Deux véhicules - arrière,4,2,2,0,1,1,1,0,1,30,2,2,1,0,0,1,32.0,22.0,voiture,deux_roues,5,2,3,1,2
202400038970,2024-01-13 18:45:00,2024,1,13,18,45,69,69266,45 Cours Tolstoï,45.76368,4.87495,Nuit avec éclairage allumé,En agglomération,Hors intersection,Normale,Autre collision,4,1,1,3,1,1,1,0,6,50,3,5,2,0,2,1,10.0,42.0,deux_roues,deux_roues,5,2,1,1,6
202400038971,2024-01-12 15:50:00,2024,1,12,15,50,69,69091,Rue Victor Hugo,45.58985626,4.77077918,Plein jour,En agglomération,Hors intersection,Normale,Deux véhicules - côté,4,2,6,0,1,1,1,0,1,50,2,2,1,0,0,1,80.0,14.0,voiture,deux_roues,1,2,1,1,3
202400038972,2024-05-13 12:30:00,2024,5,13,12,30,38,38185,COURS DE LA LIBÉRATION ET DU GÉNÉRAL DE,45.16983764,5.71278504,Plein jour,En agglomération,Hors intersection,Normale,Deux véhicules - côté,4,2,2,0,1,1,1,0,1,30,2,2,1,0,1,0,53.0,37.0,voiture,deux_roues,1,2,1,1,3
202400038973,2024-05-13 07:45:00,2024,5,13,7,45,37,37122,ROUTE DE SAVONNIERES,47.36724,0.65494,Plein jour,En agglomération,Giratoire,Normale,Sans collision,3,4,1,0,1,3,1,0,1,50,1,1,0,0,0,1,26.0,,deux_roues,,1,2,6,1,7
202400038974,2024-01-13 15:15:00,2024,1,13,15,15,67,67043,CHARLES BOCK (RUE),48.61281,7.76497,Plein jour,En agglomération,Intersection en T,Temps couvert,Autre collision,4,2,7,1,1,1,2,0,1,30,1,2,1,0,0,1,23.0,,voiture,,1,2,3,8,6
202400038974,2024-01-13 15:15:00,2024,1,13,15,15,67,67043,CHARLES BOCK (RUE),48.61281,7.76497,Plein jour,En agglomération,Intersection en T,Temps couvert,Autre collision,4,2,5,0,1,1,2,0,8,50,1,2,1,0,0,1,23.0,,voiture,,1,2,3,8,6
202400038975,2024-05-13 08:20:00,2024,5,13,8,20,35,35238,FREVILLE (AVENUE HENRI),48.08372,-1.67448,Plein jour,En agglomération,Intersection en X,Normale,Deux véhicules - côté,4,3,2,3,1,1,1,5,1,50,2,2,1,0,1,0,24.0,52.0,voiture,deux_roues,1,2,2,1,3
202400038975,2024-05-13 08:20:00,2024,5,13,8,20,35,35238,FREVILLE (AVENUE HENRI),48.08372,-1.67448,Plein jour,En agglomération,Intersection en X,Normale,Deux véhicules - côté,4,3,2,2,1,1,1,5,1,30,2,2,1,0,1,0,24.0,52.0,voiture,deux_roues,1,2,2,1,3
202400038976,2024-01-13 18:24:00,2024,1,13,18,24,64,64269,TARBES DE,43.29974053,-0.308757,Nuit avec éclairage allumé,En agglomération,Hors intersection,Normale,Trois véhicules et plus - en chaîne,4,3,3,0,1,1,1,0,1,50,3,5,4,0,0,1,63.0,73.0,voiture,voiture,5,2,1,1,4
202400038977,2024-05-10 12:05:00,2024,5,10,12,5,30,30189,BULLY MICHEL (PLACE),43.8471,4.3961,Plein jour,En agglomération,Hors intersection,Normale,Deux véhicules - côté,4,1,2,0,1,1,1,0,1,50,2,2,1,0,1,0,27.0,29.0,voiture,deux_roues,1,2,1,1,3
202400038978,2024-01-13 01:10:00,2024,1,13,1,10,63,63300,RD 2009 S/N juste avant bretelle Ennezat,45.88653301,3.1367147,Nuit sans éclairage public,Hors agglomération,Hors intersection,Brouillard / fumée,Deux véhicules - arrière,3,3,4,0,1,1,7,0,1,110,2,2,1,0,1,0,24.0,21.0,voiture,voiture,3,1,1,5,2
202400038979,2024-05-13 11:00:00,2024,5,13,11,0,29,29019,avenue de Tarente,48.403411,-4.506693,Plein jour,En agglomération,Intersection en T,Pluie forte,Deux véhicules - côté,4,1,1,0,1,1,2,9,1,30,2,2,1,0,0,1,68.0,20.0,voiture,utilitaire_camion,1,2,3,3,3
202400038979,2024-05-13 11:00:00,2024,5,13,11,0,29,29019,avenue de Tarente,48.403411,-4.506693,Plein jour,En agglomération,Intersection en T,Pluie forte,Deux véhicules - côté,4,2,4,0,2,1,2,5,1,30,2,2,1,0,0,1,68.0,20.0,voiture,utilitaire_camion,1,2,3,3,3
202400038980,2024-01-13 14:45:00,2024,1,13,14,45,63,63113,CARNOT (AVENUE),45.77627,3.09645,Plein jour,En agglomération,Hors intersection,Normale,Autre collision,4,2,2,0,1,1,1,0,1,30,1,2,1,0,0,1,28.0,,voiture,,1,2,1,1,6
202400038981,2024-04-26 19:20:00,2024,4,26,19,20,28,28085,CHASLES (BOULEVARD),48.443227,1.485252,Nuit avec éclairage allumé,En agglomération,Hors intersection,Normale,Deux véhicules - côté,4,-1,1,0,1,1,1,0,1,30,2,2,1,0,1,0,23.0,26.0,voiture,deux_roues,5,2,1,1,3
202400038982,2024-01-12 21:05:00,2024,1,12,21,5,62,62291,D58,50.41696018,2.8073037,Nuit avec éclairage allumé,Hors agglomération,Giratoire,Temps couvert,Autre collision,3,3,2,0,1,2,1,0,3,50,1,1,0,0,1,0,61.0,,voiture,,5,1,6,8,6
202400038982,2024-01-12 21:05:00,2024,1,12,21,5,62,62291,D58,50.41696018,2.8073037,Nuit avec éclairage allumé,Hors agglomération,Giratoire,Temps couvert,Autre collision,3,3,2,0,1,2,1,0,3,50,1,1,0,0,1,0,61.0,,voiture,,5,1,6,8,6
202400038983,2024-01-12 15:45:00,2024,1,12,15,45,62,62178,Rue Alfred Leroy,50.47641,2.54417,Plein jour,En agglomération,Hors intersection,Normale,Deux véhicules - frontale,4,2,2,0,2,1,1,0,1,50,2,2,1,0,0,1,34.0,17.0,voiture,deux_roues,1,2,1,1,1
202400038984,2024-05-13 15:55:00,2024,5,13,15,55,22,22278,PROMENADES (ET ALL. DES),48.51461,-2.75694,Plein jour,En agglomération,Hors intersection,Normale,Deux véhicules - arrière,4,2,2,0,1,1,1,0,1,30,2,3,1,0,0,2,31.0,53.0,voiture,voiture,1,2,1,1,2
202400038985,2024-01-13 15:35:00,2024,1,13,15,35,48,48095,CAPUCINS (BOULEVARD DES),44.52031,3.49799,Plein jour,En agglomération,Hors intersection,Temps éblouissant,Autre collision,4,2,2,0,1,1,1,0,1,50,1,4,3,0,1,0,53.0,,voiture,,1,2,1,7,6
202400038986,2024-05-13 12:05:00,2024,5,13,12,5,17,17306,CLEMENCEAU  GEORGES (BD),45.63144,-1.02971,Plein jour,En agglomération,Intersection en X,Normale,Deux véhicules - côté,4,2,2,1,1,1,1,0,1,50,2,2,1,0,0,1,74.0,23.0,deux_roues,utilitaire_camion,1,2,2,1,3
202400038986,2024-05-13 12:05:00,2024,5,13,12,5,17,17306,CLEMENCEAU  GEORGES (BD),45.63144,-1.02971,Plein jour,En agglomération,Intersection en X,Normale,Deux véhicules - côté,4,2,2,0,1,1,1,0,1,50,2,2,1,0,0,1,74.0,23.0,deux_roues,utilitaire_camion,1,2,2,1,3
202400038987,2024-01-12 07:40:00,2024,1,12,7,40,47,47323,ROLLAND (PLAINE DE),44.370568,0.736213,Nuit sans éclairage public,Hors agglomération,Autre intersection,Brouillard / fumée,Sans collision,4,2,2,0,1,1,2,0,1,80,1,1,0,0,0,1,36.0,,voiture,,3,1,9,5,7
202400038988,2024-05-12 21:40:00,2024,5,12,21,40,13,13210,CAPELETTE (AVENUE DE LA),43.28,5.4,Nuit avec éclairage allumé,En agglomération,Hors intersection,Normale,Deux véhicules - frontale,4,2,2,0,1,1,1,0,1,50,2,3,2,0,0,1,39.0,33.0,voiture,voiture,5,2,1,1,1
202400038989,2024-01-13 10:51:00,2024,1,13,10,51,47,47032,NOGUES (avenue du),44.1869,0.66062,Plein jour,En agglomération,Hors intersection,Temps couvert,Autre collision,3,2,2,0,1,1,1,0,5,50,1,2,1,0,0,1,64.0,,voiture,,1,2,1,8,6
202400038990,2024-05-13 22:13:00,2024,5,13,22,13,13,13005,GANTEAUME (BOULEVARD AMIRAL,43.28754,5.57377,Nuit avec éclairage allumé,En agglomération,Hors intersection,Normale,Deux véhicules - frontale,4,2,2,0,1,1,1,0,1,30,2,2,1,0,1,0,39.0,18.0,voiture,deux_roues,5,2,1,1,1
202400038991,2024-01-12 16:50:00,2024,1,12,16,50,47,47032,REPUBLIQUE (rue de la),44.18611,0.66868,Plein jour,En agglomération,Hors intersection,Normale,Autre collision,3,2,2,0,1,1,1,0,1,50,1,2,1,0,0,1,59.0,,voiture,,1,2,1,1,6
202400038992,2024-05-13 20:25:00,2024,5,13,20,25,09,09225,BELPECH ROUTE DE,43.12524,1.64727,Plein jour,En agglomération,Hors intersection,Normale,Autre collision,3,2,2,0,1,1,1,0,3,70,1,2,0,0,0,2,20.0,,voiture,,1,2,1,1,6
202400038993,2024-02-28 11:03:00,2024,2,28,11,3,45,45234,31 Avenue des Droits de l'Homme,47.92284286,1.93014818,Plein jour,En agglomération,Hors intersection,Normale,Autre collision,4,3,4,0,1,3,1,0,4,50,1,5,4,0,0,1,37.0,,utilitaire_camion,,1,2,1,1,6
202400038994,2024-01-13 13:55:00,2024,1,13,13,55,38,38185,RUE JEAN-BAPTISTE PRADEL,45.18486,5.72,Plein jour,En agglomération,Hors intersection,Normale,Autre collision,4,2,1,0,1,1,1,0,1,30,1,2,1,0,1,0,33.0,,voiture,,1,2,1,1,6
202400038995,2024-05-13 12:00:00,2024,5,13,12,0,01,01053,JOURDAN ( AVENUE LOUIS),46.20334,5.22047,Plein jour,En agglomération,Hors intersection,Normale,Autre collision,4,1,2,2,1,1,1,0,1,50,1,2,1,0,0,1,26.0,,voiture,,1,2,1,1,6
202400038996,2024-01-13 14:20:00,2024,1,13,14,20,37,37214,MAISONS BLANCHES (QUAI DES),47.39506,0.65393,Plein jour,En agglomération,Autre intersection,Temps couvert,Deux véhicules - arrière,4,3,1,0,1,1,1,9,8,50,2,4,3,0,0,1,20.0,29.0,deux_roues,voiture,1,2,9,8,2
202400038997,2024-02-25 23:20:00,2024,2,25,23,20,45,45234,46 Rue Royale,47.900497,1.90401,Nuit avec éclairage allumé,En agglomération,Intersection en X,Pluie légère,Autre collision,4,1,2,2,1,1,2,0,1,30,1,2,1,0,1,0,27.0,,utilitaire_camion,,5,2,2,2,6
202400038997,2024-02-25 23:20:00,2024,2,25,23,20,45,45234,46 Rue Royale,47.900497,1.90401,Nuit avec éclairage allumé,En agglomération,Intersection en X,Pluie légère,Autre collision,4,1,1,0,1,1,2,0,1,30,1,2,1,0,1,0,27.0,,utilitaire_camion,,5,2,2,2,6
202400038998,2024-05-12 15:30:00,2024,5,12,15,30,75,75106,RUE GUYNEMER,48.84515,2.332254,Plein jour,En agglomération,Intersection en Y,Normale,Autre collision,4,2, -1,-1,1,1,1,0,1,30,1,2,1,0,0,1,24.0,,deux_roues,,1,2,4,1,6
202400038998,2024-05-12 15:30:00,2024,5,12,15,30,75,75106,RUE GUYNEMER,48.84515,2.332254,Plein jour,En agglomération,Intersection en Y,Normale,Autre collision,4,2,2,0,1,1,1,0,1,30,1,2,1,0,0,1,24.0,,deux_roues,,1,2,4,1,6