accident_id,datetime,annee,mois,jour,heure,minute,departement,commune_insee,adresse,latitude,longitude,luminosite,agglomeration,intersection,meteo,collision,catr,circ,nbv,vosp,prof,plan,surf,infra,situ,vma,nb_vehicules,nb_usagers,nb_indemnes,nb_tues,nb_blesses_hosp,nb_blesses_legers,age_cond_1,age_cond_2,veh_type_cond_1,veh_type_cond_2,lum_code,agg_code,int_code,atm_code,col_code
202400039061,2024-01-12 21:45:00,2024,1,12,21,45,75,75112,BD PERIPHERIQUE EXTERIEUR,48.8267409,2.38998234,Nuit avec éclairage allumé,En agglomération,Intersection en Y,Normale,Trois véhicules et plus - en chaîne,4,1, -1,-1,1,1,1,0,1,-1,3,4,3,0,0,1,27.0,26.0,utilitaire_camion,voiture,5,2,4,1,4
202400039062,2024-02-25 23:20:00,2024,2,25,23,20,37,37195,RD 88,47.38985,0.64832,Nuit sans éclairage public,En agglomération,Hors intersection,Pluie légère,Autre collision,7,3,4,0,4,3,2,2,3,50,1,1,0,0,0,1,21.0,,voiture,,3,2,1,2,6
202400039063,2024-01-13 03:25:00,2024,1,13,3,25,75,75106,RUE DE SEINE,48.856273,2.33665,Nuit avec éclairage allumé,En agglomération,Intersection en T,Normale,Sans collision,4,1, -1,0,1,1,1,0,1,30,1,1,0,0,1,0,23.0,,deux_roues,,5,2,3,1,7
202400039063,2024-01-13 03:25:00,2024,1,13,3,25,75,75106,RUE DE SEINE,48.856273,2.33665,Nuit avec éclairage allumé,En agglomération,Intersection en T,Normale,Sans collision,4,1,1,0,1,1,1,0,1,30,1,1,0,0,1,0,23.0,,deux_roues,,5,2,3,1,7
202400039064,2024-04-05 17:50:00,2024,4,5,17,50,67,67482,JEAN JAURES (AVENUE),48.57081,7.75877,Plein jour,En agglomération,Passage à niveau,Normale,Deux véhicules - côté,4,2,2,3,1,2,1,4,6,40,2,2,1,0,0,1,56.0,51.0,voiture,transport_commun,1,2,8,1,3
202400039064,2024-04-05 17:50:00,2024,4,5,17,50,67,67482,JEAN JAURES (AVENUE),48.57081,7.75877,Plein jour,En agglomération,Passage à niveau,Normale,Deux véhicules - côté,4,3,8,3,1,2,1,4,6,50,2,2,1,0,0,1,56.0,51.0,voiture,transport_commun,1,2,8,1,3
202400039065,2024-05-12 01:30:00,2024,5,12,1,30,93,93010,PARIS (RUE DE),48.9,2.47,Nuit avec éclairage allumé,En agglomération,Intersection en X,Normale,Deux véhicules - côté,1,3,2,0,1,1,1,0,1,50,2,4,3,0,0,1,43.0,23.0,voiture,voiture,5,2,2,1,3
202400039065,2024-05-12 01:30:00,2024,5,12,1,30,93,93010,PARIS (RUE DE),48.9,2.47,Nuit avec éclairage allumé,En agglomération,Intersection en X,Normale,Deux véhicules - côté,1,4,2,0,1,1,1,0,1,50,2,4,3,0,0,1,43.0,23.0,voiture,voiture,5,2,2,1,3
202400039066,2024-01-13 14:57:00,2024,1,13,14,57,75,75119,BOULEVARD MACDONALD,48.896351,2.393353,Plein jour,En agglomération,Hors intersection,Normale,Deux véhicules - côté,4,2,4,1,1,1,1,1,1,50,2,2,1,0,0,1,28.0,24.0,voiture,deux_roues,1,2,1,1,3
202400039067,2024-02-24 10:50:00,2024,2,24,10,50,37,37214,MENARDIERE (RUE DE LA),47.41996,0.66392,Plein jour,En agglomération,Hors intersection,Normale,Deux véhicules - frontale,4,2,2,0,1,3,1,0,1,50,2,2,1,0,0,1,23.0,51.0,voiture,voiture,1,2,1,1,1
202400039068,2024-04-05 04:50:00,2024,4,5,4,50,66,66136,,42.70953976,2.87605762,Nuit sans éclairage public,Hors agglomération,Hors intersection,Normale,Autre collision,3,3,2,0,1,1,1,0,1,90,1,2,0,0,2,0,52.0,,deux_roues,,3,1,1,1,6
202400039069,2024-05-12 16:30:00,2024,5,12,16,30,93,93032,Avenue Paul de Kock / Avenue Guynemer,48.8779,2.569,Plein jour,En agglomération,Intersection en X,Normale,Deux véhicules - côté,4,1,1,0,1,1,1,0,1,50,2,3,0,0,0,3,30.0,32.0,voiture,voiture,1,2,2,1,3
202400039070,2024-02-23 23:40:00,2024,2,23,23,40,37,37261,ROOSEVELT (RUE FRANKLIN),47.37649,0.67863,Nuit avec éclairage allumé,En agglomération,Hors intersection,Pluie légère,Autre collision,4,2,2,0,1,1,2,0,4,50,1,2,0,0,0,2,28.0,,voiture,,5,2,1,2,6
202400039071,2024-04-05 10:50:00,2024,4,5,10,50,66,66136,Place Salvador Espriu,42.6673,2.883,Plein jour,En agglomération,Hors intersection,Normale,Autre collision,4,2,2,0,1,1,1,6,1,30,1,2,1,0,0,1,57.0,,voiture,,1,2,1,1,6
202400039072,2024-01-13 15:30:00,2024,1,13,15,30,75,75117,RUE NAVIER,48.89588,2.323022,Plein jour,En agglomération,Intersection en X,Temps couvert,Autre collision,4,1, -1,0,1,1,1,0,1,30,1,2,1,0,0,1,81.0,,voiture,,1,2,2,8,6
202400039072,2024-01-13 15:30:00,2024,1,13,15,30,75,75117,RUE NAVIER,48.89588,2.323022,Plein jour,En agglomération,Intersection en X,Temps couvert,Autre collision,4,2,3,0,1,1,1,0,1,30,1,2,1,0,0,1,81.0,,voiture,,1,2,2,8,6
202400039073,2024-05-13 14:30:00,2024,5,13,14,30,93,93001,Quai Lucien Lefranc,48.913271,2.372561,Plein jour,En agglomération,Hors intersection,Normale,Deux véhicules - côté,3,2,2,1,1,1,1,0,1,50,2,2,1,0,0,1,42.0,25.0,voiture,autre,1,2,1,1,3
202400039074,2024-04-05 09:14:00,2024,4,5,9,14,65,65440,RN21,43.22278404,0.04687595,Plein jour,En agglomération,Giratoire,Temps éblouissant,Deux véhicules - côté,2,1,2,0,1,3,1,0,1,50,2,2,1,0,0,1,79.0,27.0,voiture,deux_roues,1,2,6,7,3
202400039075,2024-02-23 12:35:00,2024,2,23,12,35,37,37261,SAINT ELOI (PLACE),47.38842,0.67573,Plein jour,En agglomération,Autre intersection,Normale,Autre collision,4,2,4,0,1,1,1,9,1,50,1,2,1,0,0,1,70.0,,deux_roues,,1,2,9,1,6
202400039076,2024-01-13 08:45:00,2024,1,13,8,45,75,75117,AVENUE DE SAINT OUEN,48.892572,2.32729,Plein jour,En agglomération,Intersection en X,Temps couvert,Deux véhicules - frontale,4,2,2,3,2,1,1,0,1,30,2,2,1,0,0,1,38.0,,deux_roues,voiture,1,2,2,8,1
202400039076,2024-01-13 08:45:00,2024,1,13,8,45,75,75117,AVENUE DE SAINT OUEN,48.892572,2.32729,Plein jour,En agglomération,Intersection en X,Temps couvert,Deux véhicules - frontale,4,-1, -1,0,1,1,1,0,1,30,2,2,1,0,0,1,38.0,,deux_roues,voiture,1,2,2,8,1
202400039077,2024-05-12 21:10:00,2024,5,12,21,10,92,92064,REPUBLIQUE,48.84939606,2.21376354,Crépuscule ou aube,En agglomération,Intersection en X,Normale,Deux véhicules - côté,3,1,2,0,2,1,1,0,1,50,2,3,2,0,0,1,38.0,25.0,voiture,voiture,2,2,2,1,3
202400039077,2024-05-12 21:10:00,2024,5,12,21,10,92,92064,REPUBLIQUE,48.84939606,2.21376354,Crépuscule ou aube,En agglomération,Intersection en X,Normale,Deux véhicules - côté,3,3,2,0,1,1,1,0,1,50,2,3,2,0,0,1,38.0,25.0,voiture,voiture,2,2,2,1,3
202400039078,2024-04-05 18:55:00,2024,4,5,18,55,64,64445,DOYEN ROBERT POPLAWSKI DU,43.31316212,-0.36868036,Plein jour,En agglomération,Autre intersection,Normale,Deux véhicules - côté,4,1,2,0,1,2,1,0,5,50,2,3,2,0,0,1,54.0,16.0,deux_roues,deux_roues,1,2,9,1,3
202400039079,2024-02-23 12:50:00,2024,2,23,12,50,37,37122,REPUBLIQUE (AVENUE DE LA),47.35387,0.66392,Plein jour,En agglomération,Passage à niveau,Temps couvert,Deux véhicules - côté,4,2,2,0,1,1,1,4,1,50,2,2,1,0,0,1,43.0,33.0,voiture,transport_commun,1,2,8,8,3
202400039079,2024-02-23 12:50:00,2024,2,23,12,50,37,37122,REPUBLIQUE (AVENUE DE LA),47.35387,0.66392,Plein jour,En agglomération,Passage à niveau,Temps couvert,Deux véhicules - côté,4,2,2,3,1,1,1,4,1,50,2,2,1,0,0,1,43.0,33.0,voiture,transport_commun,1,2,8,8,3
202400039080,2024-01-12 19:30:00,2024,1,12,19,30,75,75109,BOULEVARD HAUSSMANN,48.872356,2.337457,Nuit avec éclairage allumé,En agglomération,Intersection en T,Normale,Deux véhicules - arrière,4,1,3,0,1,1,1,0,1,30,2,2,1,0,0,1,52.0,24.0,deux_roues,deux_roues,5,2,3,1,2
202400039080,2024-01-12 19:30:00,2024,1,12,19,30,75,75109,BOULEVARD HAUSSMANN,48.872356,2.337457,Nuit avec éclairage allumé,En agglomération,Intersection en T,Normale,Deux véhicules - arrière,4,1, -1,-1,1,1,1,0,1,30,2,2,1,0,0,1,52.0,24.0,deux_roues,deux_roues,5,2,3,1,2
202400039081,2024-05-13 14:45:00,2024,5,13,14,45,92,92020,LIBERTE BOULEVARD DE LA N° PAIRS,48.80369602,2.28881818,Plein jour,En agglomération,Intersection en X,Normale,Autre collision,3,2,2,0,1,1,1,0,1,50,1,4,3,0,0,1,39.0,,voiture,,1,2,2,1,6
202400039081,2024-05-13 14:45:00,2024,5,13,14,45,92,92020,LIBERTE BOULEVARD DE LA N° PAIRS,48.80369602,2.28881818,Plein jour,En agglomération,Intersection en X,Normale,Autre collision,3,2,2,0,1,1,1,0,1,50,1,4,3,0,0,1,39.0,,voiture,,1,2,2,1,6
202400039082,2024-04-05 09:00:00,2024,4,5,9,0,64,64284,CHARLES TOUZET,43.28586,-0.39923,Plein jour,En agglomération,Giratoire,Normale,Deux véhicules - côté,3,-1,2,0,1,1,1,0,1,50,2,2,1,0,1,0,46.0,40.0,utilitaire_camion,deux_roues,1,2,6,1,3
202400039082,2024-04-05 09:00:00,2024,4,5,9,0,64,64284,CHARLES TOUZET,43.28586,-0.39923,Plein jour,En agglomération,Giratoire,Normale,Deux véhicules - côté,3,-1,2,0,1,1,1,0,1,50,2,2,1,0,1,0,46.0,40.0,utilitaire_camion,deux_roues,1,2,6,1,3
202400039083,2024-01-13 08:00:00,2024,1,13,8,0,75,75116,AVENUE DU PRESIDENT KENNEDY,48.857043,2.286755,Crépuscule ou aube,En agglomération,Hors intersection,Normale,Autre collision,4,1,3,3,1,1,1,9,1,30,1,1,0,0,0,1,36.0,,voiture,,2,2,1,1,6
202400039084,2024-05-13 18:35:00,2024,5,13,18,35,92,92019,JAURES JEAN (RUE),48.77040176,2.27499944,Plein jour,En agglomération,Hors intersection,Normale,Autre collision,4,2,2,0,1,1,1,0,4,30,1,1,0,0,0,1,18.0,,deux_roues,,1,2,1,1,6
202400039085,2024-02-22 17:15:00,2024,2,22,17,15,37,37261,DANIEL MAYER,47.4189,0.69969,Plein jour,En agglomération,Hors intersection,Pluie légère,Deux véhicules - côté,4,2,2,0,1,1,2,0,1,50,2,3,1,0,0,2,36.0,14.0,voiture,deux_roues,1,2,1,2,3
202400039086,2024-01-13 08:15:00,2024,1,13,8,15,75,75107,AVENUE DE LOWENDAL,48.85205,2.307629,Crépuscule ou aube,En agglomération,Hors intersection,Normale,Sans collision,4,2,2,0,1,1,1,0,1,30,1,1,0,0,0,1,31.0,,deux_roues,,2,2,1,1,7
202400039087,2024-04-04 18:15:00,2024,4,4,18,15,62,62498,D58E1,50.42749,2.81115,Plein jour,En agglomération,Hors intersection,Normale,Deux véhicules - frontale,3,1,1,0,1,1,1,0,1,20,2,2,1,0,0,1,42.0,15.0,voiture,deux_roues,1,2,1,1,1
202400039088,2024-05-13 17:00:00,2024,5,13,17,0,92,92012,GEORGES GORSE (QUAI),48.82606177,2.23311344,Plein jour,En agglomération,Intersection en T,Normale,Deux véhicules - côté,3,1,2,0,1,1,1,0,1,50,2,2,1,0,0,1,24.0,35.0,voiture,deux_roues,1,2,3,1,3
202400039088,2024-05-13 17:00:00,2024,5,13,17,0,92,92012,GEORGES GORSE (QUAI),48.82606177,2.23311344,Plein jour,En agglomération,Intersection en T,Normale,Deux véhicules - côté,3,2,4,0,1,1,1,0,1,50,2,2,1,0,0,1,24.0,35.0,voiture,deux_roues,1,2,3,1,3
202400039089,2024-02-22 14:06:00,2024,2,22,14,6,37,37233,DUCLOS (AVENUE JACQUES),47.3794,0.71575,Plein jour,En agglomération,Hors intersection,Pluie forte,Autre collision,6,-1, -1,0,1,1,2,9,8,20,1,2,1,0,0,1,51.0,,voiture,,1,2,1,3,6
202400039090,2024-01-13 19:15:00,2024,1,13,19,15,94,94081,Avenue Paul Vaillant Couturier,48.7926,2.39539,Nuit avec éclairage allumé,En agglomération,Hors intersection,Temps couvert,Autre collision,3,2,3,2,1,1,1,0,1,50,1,2,1,0,0,1,38.0,,voiture,,5,2,1,8,6
202400039091,2024-04-05 17:00:00,2024,4,5,17,0,61,61001,Voie Communale,48.440031,0.092894,Plein jour,En agglomération,Hors intersection,Pluie légère,Deux véhicules - frontale,4,2,2,0,1,3,2,0,1,30,2,4,0,0,0,4,52.0,36.0,voiture,voiture,1,2,1,2,1
202400039092,2024-05-13 17:01:00,2024,5,13,17,1,92,92002,DIVISION LECLERC (53 A 217 - 58 A 186),48.73830998,2.30197424,Plein jour,En agglomération,Intersection en T,Normale,Sans collision,3,1,1,1,1,1,1,9,5,10,1,1,0,0,0,1,40.0,,deux_roues,,1,2,3,1,7
202400039092,2024-05-13 17:01:00,2024,5,13,17,1,92,92002,DIVISION LECLERC (53 A 217 - 58 A 186),48.73830998,2.30197424,Plein jour,En agglomération,Intersection en T,Normale,Sans collision,3,1,1,0,1,2,1,0,4,50,1,1,0,0,0,1,40.0,,deux_roues,,1,2,3,1,7
202400039093,2024-02-22 10:40:00,2024,2,22,10,40,37,37261,PALISSY (RUE BERNARD),47.3928,0.69346,Plein jour,En agglomération,Hors intersection,Pluie forte,Deux véhicules - côté,4,1,1,0,1,1,2,0,1,30,2,2,1,0,0,1,41.0,22.0,voiture,deux_roues,1,2,1,3,3
202400039094,2024-04-05 19:00:00,2024,4,5,19,0,59,59599,Rue de l'Yser,50.74567,3.17559,Plein jour,En agglomération,Intersection en X,Normale,Deux véhicules - côté,4,2,2,0,1,1,1,5,1,50,2,2,1,0,0,1,40.0,19.0,deux_roues,voiture,1,2,2,1,3
202400039094,2024-04-05 19:00:00,2024,4,5,19,0,59,59599,Rue de l'Yser,50.74567,3.17559,Plein jour,En agglomération,Intersection en X,Normale,Deux véhicules - côté,4,2, -1,0,1,1,1,5,1,50,2,2,1,0,0,1,40.0,19.0,deux_roues,voiture,1,2,2,1,3
202400039095,2024-05-14 11:50:00,2024,5,14,11,50,60,60201,route départementale 587,49.592207,2.535042,Plein jour,Hors agglomération,Hors intersection,Pluie légère,Deux véhicules - frontale,3,2,2,0,1,3,2,0,1,80,2,2,0,0,0,2,19.0,46.0,utilitaire_camion,voiture,1,1,1,2,1
202400039096,2024-02-22 10:10:00,2024,2,22,10,10,37,37122,RD 127 ,47.32065781,0.66790223,Plein jour,Hors agglomération,Hors intersection,Pluie forte,Sans collision,3,2,2,0,1,2,2,0,3,70,1,2,1,0,0,1,24.0,,voiture,,1,1,1,3,7
202400039097,2024-01-13 15:05:00,2024,1,13,15,5,94,94052,Boulevard de Strasbourg / Grande Rue Charles de Gaulle,48.8357,2.47433,Plein jour,En agglomération,Intersection à plus de 4 branches,Normale,Trois véhicules et plus - en chaîne,3,2,6,0,1,3,1,5,1,50,4,6,3,0,0,3,32.0,48.0,voiture,voiture,1,2,5,1,4
202400039097,2024-01-13 15:05:00,2024,1,13,15,5,94,94052,Boulevard de Strasbourg / Grande Rue Charles de Gaulle,48.8357,2.47433,Plein jour,En agglomération,Intersection à plus de 4 branches,Normale,Trois véhicules et plus - en chaîne,3,2,2,0,1,1,1,5,1,-1,4,6,3,0,0,3,32.0,48.0,voiture,voiture,1,2,5,1,4
202400039098,2024-05-14 17:11:00,2024,5,14,17,11,62,62461,D928,50.386181,2.045131,Plein jour,Hors agglomération,Hors intersection,Pluie forte,Autre collision,3,2,2,0,2,2,2,0,8,50,1,1,0,0,1,0,50.0,,voiture,,1,1,1,3,6
202400039099,2024-05-11 10:05:00,2024,5,11,10,5,62,62661,D349,50.38693,1.978649,Plein jour,En agglomération,Hors intersection,Temps éblouissant,Sans collision,3,2,2,0,1,1,1,0,1,30,1,1,0,0,1,0,17.0,,deux_roues,,1,2,1,7,7
202400039100,2024-04-05 18:05:00,2024,4,5,18,5,59,59350,Rue de Marquillies,50.61484,3.05282,Plein jour,En agglomération,Intersection en X,Normale,Deux véhicules - côté,4,1,1,2,1,1,1,0,1,50,2,4,3,0,0,1,22.0,44.0,voiture,voiture,1,2,2,1,3
202400039100,2024-04-05 18:05:00,2024,4,5,18,5,59,59350,Rue de Marquillies,50.61484,3.05282,Plein jour,En agglomération,Intersection en X,Normale,Deux véhicules - côté,4,2,2,0,1,1,1,5,1,50,2,4,3,0,0,1,22.0,44.0,voiture,voiture,1,2,2,1,3
202400039101,2024-02-23 11:35:00,2024,2,23,11,35,36,36044,,46.79188759,1.7001839,Plein jour,En agglomération,Autre intersection,Normale,Deux véhicules - côté,4,-1, -1,-1,1,1,1,0,1,-1,2,2,1,0,0,1,74.0,44.0,utilitaire_camion,voiture,1,2,9,1,3
202400039101,2024-02-23 11:35:00,2024,2,23,11,35,36,36044,,46.79188759,1.7001839,Plein jour,En agglomération,Autre intersection,Normale,Deux véhicules - côté,4,2,1,0,1,1,1,0,1,50,2,2,1,0,0,1,74.0,44.0,utilitaire_camion,voiture,1,2,9,1,3
202400039102,2024-01-13 02:29:00,2024,1,13,2,29,94,94034,Avenue de la Division Leclerc,48.75720658,2.32810754,Nuit avec éclairage allumé,En agglomération,Hors intersection,Normale,Autre collision,4,1,1,3,1,1,1,0,6,50,1,2,0,0,2,0,25.0,,voiture,,5,2,1,1,6
202400039103,2024-01-13 04:32:00,2024,1,13,4,32,94,94073,Rue des Alouettes,48.752903,2.378275,Nuit avec éclairage allumé,En agglomération,Hors intersection,Pluie légère,Autre collision,3,2,2,3,1,1,2,0,1,50,1,2,0,0,0,2,21.0,,voiture,,5,2,1,2,6
202400039104,2024-02-27 19:50:00,2024,2,27,19,50,35,35238,GUILLOUX (LOUIS),48.11019165,-1.69918746,Nuit avec éclairage allumé,En agglomération,Intersection en T,Normale,Deux véhicules - côté,4,1,1,2,3,1,1,0,1,30,2,2,1,0,1,0,20.0,56.0,deux_roues,voiture,5,2,3,1,3
202400039104,2024-02-27 19:50:00,2024,2,27,19,50,35,35238,GUILLOUX (LOUIS),48.11019165,-1.69918746,Nuit avec éclairage allumé,En agglomération,Intersection en T,Normale,Deux véhicules - côté,4,2,2,3,2,1,1,0,1,30,2,2,1,0,1,0,20.0,56.0,deux_roues,voiture,5,2,3,1,3
202400039105,2024-05-13 22:35:00,2024,5,13,22,35,51,51649,1 Rue Neuve,48.724035,4.581728,Nuit avec éclairage allumé,En agglomération,Intersection en X,Normale,Deux véhicules - côté,4,1,#VALEURMULTI,0,1,1,1,5,1,50,2,3,1,0,0,2,28.0,44.0,voiture,voiture,5,2,2,1,3
202400039106,2024-04-05 11:05:00,2024,4,5,11,5,54,54439,Avenue Charles de Gaulle,48.7050404,6.25721544,Plein jour,En agglomération,Intersection en T,Normale,Trois véhicules et plus - en chaîne,4,2, -1,0,1,1,1,0,1,30,3,3,2,0,0,1,61.0,56.0,autre,voiture,1,2,3,1,4
202400039106,2024-04-05 11:05:00,2024,4,5,11,5,54,54439,Avenue Charles de Gaulle,48.7050404,6.25721544,Plein jour,En agglomération,Intersection en T,Normale,Trois véhicules et plus - en chaîne,4,2,2,0,1,1,1,0,1,50,3,3,2,0,0,1,61.0,56.0,autre,voiture,1,2,3,1,4
202400039107,2024-01-13 18:20:00,2024,1,13,18,20,94,94046,Avenue de la République / Rue Pasteur,48.80061,2.43064,Nuit avec éclairage allumé,En agglomération,Intersection en T,Temps couvert,Deux véhicules - côté,3,2,2,0,1,1,2,0,1,50,2,2,1,0,0,1,31.0,41.0,deux_roues,voiture,5,2,3,8,3
202400039107,2024-01-13 18:20:00,2024,1,13,18,20,94,94046,Avenue de la République / Rue Pasteur,48.80061,2.43064,Nuit avec éclairage allumé,En agglomération,Intersection en T,Temps couvert,Deux véhicules - côté,3,2,2,0,2,2,2,0,1,50,2,2,1,0,0,1,31.0,41.0,deux_roues,voiture,5,2,3,8,3
202400039108,2024-05-13 08:00:00,2024,5,13,8,0,71,71007,D981,46.53558,4.683944,Plein jour,Hors agglomération,Intersection en Y,Normale,Deux véhicules - côté,3,2,2,0,1,3,2,5,8,50,2,2,1,0,0,1,18.0,57.0,deux_roues,voiture,1,1,4,1,3
202400039108,2024-05-13 08:00:00,2024,5,13,8,0,71,71007,D981,46.53558,4.683944,Plein jour,Hors agglomération,Intersection en Y,Normale,Deux véhicules - côté,3,2,2,0,1,3,2,0,1,80,2,2,1,0,0,1,18.0,57.0,deux_roues,voiture,1,1,4,1,3
202400039109,2024-04-04 23:45:00,2024,4,4,23,45,54,54304,Boulevard du Maréchal Foch,48.68324,6.15118,Nuit avec éclairage allumé,En agglomération,Hors intersection,Pluie légère,Autre collision,4,2,2,2,2,1,2,-1,1,50,2,2,1,0,0,1,18.0,,deux_roues,autre,5,2,1,2,6
202400039110,2024-02-27 16:40:00,2024,2,27,16,40,35,35278,RD 137,48.17428418,-1.71655744,Plein jour,Hors agglomération,Hors intersection,Normale,Deux véhicules - arrière,7,3,4,0,1,1,1,8,1,90,2,5,3,0,0,2,55.0,24.0,utilitaire_camion,voiture,1,1,1,1,2
202400039111,2024-01-13 19:10:00,2024,1,13,19,10,93,93048,THEOPHILE SUEUR (BOULEVARD),48.86334,2.46663,Nuit avec éclairage allumé,En agglomération,Intersection en X,Normale,Deux véhicules - côté,3,2,2,0,1,1,1,0,1,50,2,3,2,0,0,1,55.0,28.0,deux_roues,voiture,5,2,2,1,3
202400039111,2024-01-13 19:10:00,2024,1,13,19,10,93,93048,THEOPHILE SUEUR (BOULEVARD),48.86334,2.46663,Nuit avec éclairage allumé,En agglomération,Intersection en X,Normale,Deux véhicules - côté,3,1,2,0,1,1,1,0,1,50,2,3,2,0,0,1,55.0,28.0,deux_roues,voiture,5,2,2,1,3
202400039112,2024-05-14 07:15:00,2024,5,14,7,15,31,31116,Route de Bessiéres,43.69561,1.45071,Plein jour,En agglomération,Giratoire,Pluie forte,Deux véhicules - côté,7,2,2,0,1,1,2,0,1,50,2,2,1,0,1,0,37.0,63.0,deux_roues,utilitaire_camion,1,2,6,3,3
202400039113,2024-02-26 20:45:00,2024,2,26,20,45,35,35051,NORMANDIE (PORTE DE),48.15172,-1.60452,Nuit sans éclairage public,Hors agglomération,Hors intersection,Vent fort / tempête,Autre collision,1,1,2,0,2,3,1,0,3,90,1,1,0,0,0,1,22.0,,voiture,,3,1,1,6,6
202400039114,2024-04-04 16:10:00,2024,4,4,16,10,54,54395,Rue Aristide Briand,48.682104,6.164907,Plein jour,En agglomération,Intersection en X,Pluie légère,Autre collision,4,1,1,3,1,1,2,-1,1,30,1,2,1,0,0,1,65.0,,voiture,,1,2,2,2,6
202400039114,2024-04-04 16:10:00,2024,4,4,16,10,54,54395,Rue Aristide Briand,48.682104,6.164907,Plein jour,En agglomération,Intersection en X,Pluie légère,Autre collision,4,1, -1,-1,1,1,2,0,1,50,1,2,1,0,0,1,65.0,,voiture,,1,2,2,2,6
202400039115,2024-01-13 14:30:00,2024,1,13,14,30,93,93031,Avenue du 18 Juin 1940 / Rue des Alliés,48.952615,2.307364,Plein jour,En agglomération,Intersection en T,Normale,Deux véhicules - arrière,3,2,3,0,1,1,1,2,1,50,2,2,1,0,0,1,36.0,29.0,voiture,voiture,1,2,3,1,2
202400039115,2024-01-13 14:30:00,2024,1,13,14,30,93,93031,Avenue du 18 Juin 1940 / Rue des Alliés,48.952615,2.307364,Plein jour,En agglomération,Intersection en T,Normale,Deux véhicules - arrière,3,1,1,0,1,1,1,0,1,-1,2,2,1,0,0,1,36.0,29.0,voiture,voiture,1,2,3,1,2
202400039116,2024-04-05 06:30:00,2024,4,5,6,30,54,54099,D138,49.24712,6.01839,Crépuscule ou aube,Hors agglomération,Hors intersection,Pluie légère,Sans collision,3,2,2,0,4,2,2,0,1,80,1,1,0,0,0,1,56.0,,voiture,,2,1,1,2,7
202400039117,2024-02-26 06:45:00,2024,2,26,6,45,35,35238,METZ (BD DE),48.11495559,-1.65733732,Nuit avec éclairage allumé,En agglomération,Hors intersection,Pluie légère,Autre collision,4,2,2,2,1,1,2,0,1,30,1,1,0,0,0,1,32.0,,voiture,,5,2,1,2,6
202400039118,2024-05-13 00:30:00,2024,5,13,0,30,84,84137,d938,44.230441,5.08594,Nuit sans éclairage public,Hors agglomération,Intersection en T,Normale,Autre collision,3,2,2,0,2,2,1,0,3,80,1,1,0,0,1,0,25.0,,voiture,,3,1,3,1,6
202400039118,2024-05-13 00:30:00,2024,5,13,0,30,84,84137,d938,44.230441,5.08594,Nuit sans éclairage public,Hors agglomération,Intersection en T,Normale,Autre collision,3,2,2,-1,1,1,1,0,1,-1,1,1,0,0,1,0,25.0,,voiture,,3,1,3,1,6
202400039119,2024-05-13 15:10:00,2024,5,13,15,10,21,21599,A31,47.559002,5.198418,Plein jour,Hors agglomération,Hors intersection,Normale,Deux véhicules - arrière,1,1,3,0,1,1,1,0,1,130,2,3,1,0,0,2,44.0,25.0,utilitaire_camion,utilitaire_camion,1,1,1,1,2
202400039120,2024-01-13 22:50:00,2024,1,13,22,50,93,93057,Avenue Aristide Briand / Allée des Archers,48.909764,2.507187,Nuit avec éclairage allumé,En agglomération,Intersection en X,Normale,Trois véhicules et plus - en chaîne,3,3,4,3,1,1,1,0,1,50,3,4,3,0,0,1,40.0,37.0,utilitaire_camion,voiture,5,2,2,1,4
202400039120,2024-01-13 22:50:00,2024,1,13,22,50,93,93057,Avenue Aristide Briand / Allée des Archers,48.909764,2.507187,Nuit avec éclairage allumé,En agglomération,Intersection en X,Normale,Trois véhicules et plus - en chaîne,3,1,1,0,1,1,1,0,1,-1,3,4,3,0,0,1,40.0,37.0,utilitaire_camion,voiture,5,2,2,1,4
202400039121,2024-02-23 12:05:00,2024,2,23,12,5,35,35238,GUILLAUDOT ( DU GENERAL MAURICE),48.11453145,-1.67446688,Plein jour,En agglomération,Intersection en T,Normale,Deux véhicules - côté,4,2,2,2,2,1,1,0,1,30,2,2,1,0,0,1,18.0,52.0,deux_roues,voiture,1,2,3,1,3
202400039121,2024-02-23 12:05:00,2024,2,23,12,5,35,35238,GUILLAUDOT ( DU GENERAL MAURICE),48.11453145,-1.67446688,Plein jour,En agglomération,Intersection en T,Normale,Deux véhicules - côté,4,1, -1,0,1,1,1,0,1,30,2,2,1,0,0,1,18.0,52.0,deux_roues,voiture,1,2,3,1,3
202400039122,2024-05-12 18:00:00,2024,5,12,18,0,28,28073,A11,48.476847,1.623745,Plein jour,Hors agglomération,Hors intersection,Normale,Deux véhicules - côté,1,3,3,0,1,1,1,0,1,130,2,3,2,0,1,0,59.0,77.0,deux_roues,voiture,1,1,1,1,3
202400039123,2024-04-05 08:30:00,2024,4,5,8,30,51,51454,ALBERT 1ER (BOULEVARD),49.27005,4.01084,Plein jour,En agglomération,Intersection en T,Normale,Deux véhicules - arrière,4,2,3,0,1,1,1,0,1,50,2,2,0,0,0,2,52.0,51.0,deux_roues,deux_roues,1,2,3,1,2
202400039123,2024-04-05 08:30:00,2024,4,5,8,30,51,51454,ALBERT 1ER (BOULEVARD),49.27005,4.01084,Plein jour,En agglomération,Intersection en T,Normale,Deux véhicules - arrière,4,2, -1,-1,1,1,1,-1,1,-1,2,2,0,0,0,2,52.0,51.0,deux_roues,deux_roues,1,2,3,1,2
202400039124,2024-01-12 18:00:00,2024,1,12,18,0,35,35094,La Mare Durand,48.3412801,-1.71815336,Nuit sans éclairage public,Hors agglomération,Hors intersection,Normale,Deux véhicules - arrière,3,2,2,0,1,1,1,0,1,80,2,2,1,0,1,0,19.0,39.0,deux_roues,voiture,3,1,1,1,2