accident_id,datetime,annee,mois,jour,heure,minute,departement,commune_insee,adresse,latitude,longitude,luminosite,agglomeration,intersection,meteo,collision,catr,circ,nbv,vosp,prof,plan,surf,infra,situ,vma,nb_vehicules,nb_usagers,nb_indemnes,nb_tues,nb_blesses_hosp,nb_blesses_legers,age_cond_1,age_cond_2,veh_type_cond_1,veh_type_cond_2,lum_code,agg_code,int_code,atm_code,col_code
202400039125,2024-02-23 01:55:00,2024,2,23,1,55,35,35238,LORIENT (DE),48.10935,-1.70731,Nuit avec éclairage allumé,En agglomération,Intersection en Y,Pluie légère,Autre collision,4,2,3,0,1,3,2,0,1,30,1,1,0,0,1,0,26.0,,deux_roues,,5,2,4,2,6
202400039125,2024-02-23 01:55:00,2024,2,23,1,55,35,35238,LORIENT (DE),48.10935,-1.70731,Nuit avec éclairage allumé,En agglomération,Intersection en Y,Pluie légère,Autre collision,4,2,2,0,1,1,2,0,1,30,1,1,0,0,1,0,26.0,,deux_roues,,5,2,4,2,6
202400039126,2024-01-09 13:40:00,2024,1,9,13,40,31,31484,Route de Bessières,43.68743586,1.48769528,Plein jour,En agglomération,Giratoire,Normale,Autre collision,3,2,2,0,1,2,1,0,8,50,1,1,0,0,1,0,78.0,,voiture,,1,2,6,1,6
202400039127,2024-05-13 14:50:00,2024,5,13,14,50,01,01180,D15,46.326076,6.112862,Plein jour,Hors agglomération,Hors intersection,Normale,Deux véhicules - frontale,3,2,2,0,1,1,1,0,1,80,2,2,1,0,0,1,32.0,45.0,utilitaire_camion,voiture,1,1,1,1,1
202400039128,2024-04-04 15:23:00,2024,4,4,15,23,49,49007,ROI RENE BOULEVARD,47.46782,-0.55618,Plein jour,En agglomération,Hors intersection,Normale,Deux véhicules - côté,4,2,4,0,1,1,1,0,1,50,2,2,1,0,0,1,20.0,21.0,deux_roues,utilitaire_camion,1,2,1,1,3
202400039129,2024-02-21 12:55:00,2024,2,21,12,55,35,35238,NANTES (DE),48.09733,-1.68887,Plein jour,En agglomération,Intersection en X,Pluie légère,Deux véhicules - côté,4,2,4,2,1,3,2,5,1,30,2,2,0,0,0,2,40.0,41.0,voiture,voiture,1,2,2,2,3
202400039129,2024-02-21 12:55:00,2024,2,21,12,55,35,35238,NANTES (DE),48.09733,-1.68887,Plein jour,En agglomération,Intersection en X,Pluie légère,Deux véhicules - côté,4,2,4,2,2,1,2,5,1,30,2,2,0,0,0,2,40.0,41.0,voiture,voiture,1,2,2,2,3
202400039130,2024-01-13 15:50:00,2024,1,13,15,50,31,31184,Avenue de la Digue,43.594795,1.562365,Plein jour,En agglomération,Intersection en T,Normale,Deux véhicules - côté,4,2,2,0,1,1,1,0,8,30,2,2,1,0,1,0,19.0,46.0,deux_roues,voiture,1,2,3,1,3
202400039130,2024-01-13 15:50:00,2024,1,13,15,50,31,31184,Avenue de la Digue,43.594795,1.562365,Plein jour,En agglomération,Intersection en T,Normale,Deux véhicules - côté,4,2,2,0,2,1,1,0,1,30,2,2,1,0,1,0,19.0,46.0,deux_roues,voiture,1,2,3,1,3
202400039131,2024-05-13 18:45:00,2024,5,13,18,45,01,01033,route de la plaine,46.128233,5.811912,Plein jour,En agglomération,Giratoire,Normale,Deux véhicules - côté,3,2,2,0,2,1,1,0,1,50,2,2,1,0,0,1,16.0,35.0,deux_roues,utilitaire_camion,1,2,6,1,3
202400039131,2024-05-13 18:45:00,2024,5,13,18,45,01,01033,route de la plaine,46.128233,5.811912,Plein jour,En agglomération,Giratoire,Normale,Deux véhicules - côté,3,2,2,0,2,1,1,0,1,50,2,2,1,0,0,1,16.0,35.0,deux_roues,utilitaire_camion,1,2,6,1,3
202400039132,2024-01-13 16:20:00,2024,1,13,16,20,54,54581,D952,49.1226535,5.88902593,Plein jour,Hors agglomération,Hors intersection,Normale,Autre collision,3,2,2,0,1,1,1,0,3,80,1,1,0,1,0,0,55.0,,voiture,,1,1,1,1,6
202400039133,2024-04-04 07:28:00,2024,4,4,7,28,49,49007,TARDAT,47.448793,-0.552467,Nuit avec éclairage allumé,En agglomération,Hors intersection,Pluie forte,Autre collision,4,2,2,0,1,1,2,0,1,50,2,3,2,0,1,0,57.0,29.0,voiture,voiture,5,2,1,3,6
202400039134,2024-02-20 11:30:00,2024,2,20,11,30,35,35278,RD 137,48.16924832,-1.71298333,Plein jour,Hors agglomération,Hors intersection,Normale,Trois véhicules et plus - en chaîne,7,3,4,0,1,1,1,8,1,110,3,3,2,0,0,1,34.0,31.0,utilitaire_camion,utilitaire_camion,1,1,1,1,4
202400039135,2024-05-14 10:05:00,2024,5,14,10,5,34,34253,A75,43.840306,3.312261,Plein jour,Hors agglomération,Hors intersection,Pluie forte,Sans collision,1,3,3,3,2,3,2,1,1,80,2,3,2,1,0,0,49.0,74.0,utilitaire_camion,voiture,1,1,1,3,7
202400039136,2024-01-13 16:10:00,2024,1,13,16,10,83,83019,Route du Baguier,43.151644,6.344857,Plein jour,En agglomération,Hors intersection,Normale,Autre collision,3,2,2,0,2,3,1,0,1,30,1,2,0,0,0,2,58.0,,deux_roues,,1,2,1,1,6
202400039137,2024-05-10 22:30:00,2024,5,10,22,30,37,37027,A85,47.29449101,0.94453257,Nuit sans éclairage public,Hors agglomération,Hors intersection,Normale,Deux véhicules - côté,1,3,2,0,1,1,1,0,1,130,2,3,1,0,1,1,52.0,35.0,voiture,utilitaire_camion,3,1,1,1,3
202400039138,2024-02-19 18:25:00,2024,2,19,18,25,35,35238,ROCADE 10-11,48.115,-1.719,Crépuscule ou aube,Hors agglomération,Hors intersection,Pluie légère,Trois véhicules et plus - en chaîne,2,3,6,0,1,1,2,0,1,90,4,4,3,0,0,1,31.0,29.0,voiture,voiture,2,1,1,2,4
202400039139,2024-04-06 00:12:00,2024,4,6,0,12,45,45285,111 Rue du 11 Octobre,47.91935,1.88255,Nuit avec éclairage allumé,En agglomération,Intersection en T,Normale,Deux véhicules - côté,4,2,2,0,1,1,1,0,1,50,2,7,2,1,1,3,30.0,18.0,voiture,voiture,5,2,3,1,3
202400039139,2024-04-06 00:12:00,2024,4,6,0,12,45,45285,111 Rue du 11 Octobre,47.91935,1.88255,Nuit avec éclairage allumé,En agglomération,Intersection en T,Normale,Deux véhicules - côté,4,2,2,0,1,1,1,0,1,50,2,7,2,1,1,3,30.0,18.0,voiture,voiture,5,2,3,1,3
202400039139,2024-04-06 00:12:00,2024,4,6,0,12,45,45285,111 Rue du 11 Octobre,47.91935,1.88255,Nuit avec éclairage allumé,En agglomération,Intersection en T,Normale,Deux véhicules - côté,4,2,2,-1,1,1,1,0,1,50,2,7,2,1,1,3,30.0,18.0,voiture,voiture,5,2,3,1,3
202400039140,2024-01-14 15:50:00,2024,1,14,15,50,63,63290,"A89, PK 337+650",45.87159916,2.90138901,Plein jour,Hors agglomération,Hors intersection,Temps couvert,Sans collision,1,3,5,3,2,1,1,0,3,130,1,4,2,1,1,0,46.0,,voiture,,1,1,1,8,7
202400039141,2024-05-13 07:45:00,2024,5,13,7,45,34,34014,D68,43.726514,3.88135,Crépuscule ou aube,Hors agglomération,Hors intersection,Temps éblouissant,Trois véhicules et plus - collisions multiples,3,2,2,0,1,1,1,0,1,80,3,5,4,0,0,1,25.0,40.0,voiture,utilitaire_camion,2,1,1,7,5
202400039142,2024-04-05 14:45:00,2024,4,5,14,45,45,45004,196 Rue du Maréchal Juin,47.973985,2.776399,Plein jour,En agglomération,Hors intersection,Normale,Deux véhicules - côté,4,2,2,0,1,1,1,0,1,50,2,2,1,0,0,1,52.0,39.0,voiture,voiture,1,2,1,1,3
202400039143,2024-02-24 20:15:00,2024,2,24,20,15,34,34172,CASTELNAU (AVENUE DE),43.62703,3.87298,Nuit avec éclairage allumé,En agglomération,Intersection en T,Normale,Deux véhicules - côté,4,2,4,3,1,1,1,0,1,50,2,2,1,0,0,1,26.0,41.0,voiture,deux_roues,5,2,3,1,3
202400039143,2024-02-24 20:15:00,2024,2,24,20,15,34,34172,CASTELNAU (AVENUE DE),43.62703,3.87298,Nuit avec éclairage allumé,En agglomération,Intersection en T,Normale,Deux véhicules - côté,4,2,2,0,1,1,1,0,8,50,2,2,1,0,0,1,26.0,41.0,voiture,deux_roues,5,2,3,1,3
202400039144,2024-05-07 06:55:00,2024,5,7,6,55,51,51627,32 Rue Pierre Renault,48.920071,4.065886,Crépuscule ou aube,En agglomération,Hors intersection,Normale,Autre collision,3,2,2,0,1,1,1,0,1,50,1,1,0,0,0,1,44.0,,deux_roues,,2,2,1,1,6
202400039145,2024-01-13 14:19:00,2024,1,13,14,19,51,51329,D 944 PK 8+100,49.331855,3.963629,Plein jour,Hors agglomération,Hors intersection,Normale,Deux véhicules - frontale,3,2,1,0,1,1,1,0,1,80,2,3,1,0,2,0,40.0,53.0,voiture,voiture,1,1,1,1,1
202400039146,2024-04-05 01:00:00,2024,4,5,1,0,44,44184,Rond point Océanis,47.2570332,-2.26972959,Nuit avec éclairage allumé,En agglomération,Giratoire,Normale,Autre collision,4,1,3,0,1,3,1,5,8,50,1,4,0,1,2,1,29.0,,voiture,,5,2,6,1,6
202400039146,2024-04-05 01:00:00,2024,4,5,1,0,44,44184,Rond point Océanis,47.2570332,-2.26972959,Nuit avec éclairage allumé,En agglomération,Giratoire,Normale,Autre collision,4,3,4,0,1,3,1,5,4,50,1,4,0,1,2,1,29.0,,voiture,,5,2,6,1,6
202400039147,2024-05-13 19:45:00,2024,5,13,19,45,77,77187,17 Rue Nonat,48.411599,3.391305,Plein jour,En agglomération,Hors intersection,Normale,Autre collision,3,2,2,0,2,3,1,0,3,50,1,6,3,0,2,1,24.0,,voiture,,1,2,1,1,6
202400039148,2024-02-24 01:55:00,2024,2,24,1,55,34,34198,D21  ROUTE DE CARNON,43.57592,3.93986,Nuit avec éclairage allumé,En agglomération,Hors intersection,Normale,Deux véhicules - arrière,4,3,4,0,1,1,1,0,1,70,2,8,4,0,0,4,23.0,33.0,voiture,voiture,5,2,1,1,2
202400039149,2024-04-05 20:15:00,2024,4,5,20,15,43,43046,26 Avenue des Champs Élysées,45.0522,3.89725,Plein jour,En agglomération,Hors intersection,Normale,Deux véhicules - arrière,3,2,2,0,1,1,1,0,1,50,2,3,2,0,0,1,20.0,58.0,deux_roues,voiture,1,2,1,1,2
202400039150,2024-05-09 16:30:00,2024,5,9,16,30,2A,2A098,D155,41.79862567,8.74180554,Plein jour,En agglomération,Autre intersection,Normale,Sans collision,3,2,2,0,2,1,1,0,1,50,1,1,0,1,0,0,63.0,,deux_roues,,1,2,9,1,7
202400039151,2024-01-13 21:10:00,2024,1,13,21,10,76,76367,D121,49.490204,1.09314,Nuit sans éclairage public,Hors agglomération,Hors intersection,Normale,Autre collision,7,2,2,0,1,1,1,0,1,80,1,1,0,1,0,0,40.0,,voiture,,3,1,1,1,6
202400039152,2024-02-23 20:00:00,2024,2,23,20,0,34,34172,JOUHAUX (AVENUE LEON),43.59419,3.82051,Nuit sans éclairage public,Hors agglomération,Hors intersection,Normale,Deux véhicules - arrière,7,2,2,0,1,1,1,0,1,90,2,2,1,0,0,1,42.0,43.0,voiture,deux_roues,3,1,1,1,2
202400039153,2024-03-22 15:20:00,2024,3,22,15,20,42,42218,Rue des Francs Macons,45.43085,4.39426,Plein jour,En agglomération,Intersection en X,Normale,Deux véhicules - côté,4,1,1,0,1,1,1,0,1,50,2,2,1,0,0,1,58.0,40.0,deux_roues,voiture,1,2,2,1,3
202400039153,2024-03-22 15:20:00,2024,3,22,15,20,42,42218,Rue des Francs Macons,45.43085,4.39426,Plein jour,En agglomération,Intersection en X,Normale,Deux véhicules - côté,4,1,0,0,1,1,1,0,1,50,2,2,1,0,0,1,58.0,40.0,deux_roues,voiture,1,2,2,1,3
202400039154,2024-01-13 16:25:00,2024,1,13,16,25,82,82112,98 Avenue du Chasselas,44.11355949,1.10996962,Plein jour,En agglomération,Hors intersection,Normale,Deux véhicules - côté,3,2,2,0,1,1,1,0,1,50,2,2,1,0,1,0,50.0,65.0,deux_roues,voiture,1,2,1,1,3
202400039155,2024-02-23 19:00:00,2024,2,23,19,0,34,34172,PAVELET (AVENUE DU COLONEL),43.58502,3.86015,Nuit avec éclairage allumé,En agglomération,Hors intersection,Normale,Deux véhicules - côté,4,2,4,0,1,1,1,9,1,50,2,2,1,0,0,1,60.0,49.0,voiture,deux_roues,5,2,1,1,3
202400039156,2024-05-14 15:45:00,2024,5,14,15,45,81,81185,D36 PK 8+100,43.858715,1.565509,Plein jour,Hors agglomération,Hors intersection,Normale,Autre collision,3,2,2,0,1,1,2,0,3,80,1,1,0,0,1,0,19.0,,voiture,,1,1,1,1,6
202400039157,2024-01-13 17:10:00,2024,1,13,17,10,33,33026,,44.452623,-0.410657,Plein jour,Hors agglomération,Hors intersection,Normale,Autre collision,3,2,2,0,1,1,1,0,1,80,1,1,0,1,0,0,24.0,,deux_roues,,1,1,1,1,6
202400039158,2024-04-05 23:45:00,2024,4,5,23,45,42,42127,Rue Jean de la Fontaine,46.06773,4.05989,Nuit avec éclairage non allumé,En agglomération,Place,Normale,Deux véhicules - frontale,4,2,2,0,1,1,1,0,1,50,2,5,4,0,1,0,18.0,24.0,deux_roues,voiture,4,2,7,1,1
202400039159,2024-05-13 18:30:00,2024,5,13,18,30,89,89297,D958,47.43459,3.777859,Plein jour,Hors agglomération,Hors intersection,Normale,Autre collision,3,2,2,0,1,1,9,0,3,90,1,1,0,0,1,0,84.0,,voiture,,1,1,1,1,6
202400039160,2024-01-14 06:50:00,2024,1,14,6,50,89,89136,D606,48.262241,3.237126,Nuit sans éclairage public,Hors agglomération,Hors intersection,Normale,Autre collision,3,2,3,0,1,1,1,0,1,90,1,2,1,1,0,0,66.0,,voiture,,3,1,1,1,6
202400039161,2024-02-23 19:12:00,2024,2,23,19,12,34,34172,TELEMAQUE (BOULEVARD),43.60584,3.92561,Nuit avec éclairage allumé,En agglomération,Hors intersection,Normale,Autre collision,4,3,4,0,1,1,1,0,1,30,1,3,2,0,0,1,31.0,,voiture,,5,2,1,1,6
202400039162,2024-04-05 18:50:00,2024,4,5,18,50,42,42184,Rue Jules Faron,46.04075158,4.03804779,Plein jour,En agglomération,Autre intersection,Normale,Deux véhicules - frontale,4,2,2,0,1,1,1,0,1,50,2,3,1,0,1,1,19.0,76.0,deux_roues,voiture,1,2,9,1,1
202400039163,2024-05-13 18:00:00,2024,5,13,18,0,63,63368,Départementale D310,45.68129726,3.31367037,Plein jour,Hors agglomération,Hors intersection,Normale,Sans collision,3,2,2,0,2,2,1,0,3,90,1,1,0,0,1,0,64.0,,deux_roues,,1,1,1,1,7
202400039164,2024-01-14 19:00:00,2024,1,14,19,0,63,63317,D12,45.94449835,3.32468604,Nuit sans éclairage public,Hors agglomération,Hors intersection,Normale,Autre collision,3,2,2,0,1,1,2,0,3,90,1,1,0,0,1,0,56.0,,voiture,,3,1,1,1,6
202400039165,2024-02-27 16:10:00,2024,2,27,16,10,34,34003,JANIN (G15 A K16,43.30699,3.47715,Plein jour,En agglomération,Hors intersection,Pluie légère,Autre collision,4,1,1,0,1,1,2,0,1,50,1,2,1,0,1,0,12.0,,deux_roues,,1,2,1,2,6
202400039166,2024-04-05 13:15:00,2024,4,5,13,15,37,37261,WAGNER (BOULEVARD RICHARD),47.37605,0.71036,Plein jour,En agglomération,Hors intersection,Temps couvert,Autre collision,4,3,4,0,1,1,1,0,1,50,1,2,1,0,0,1,,,deux_roues,,1,2,1,8,6
202400039167,2024-05-13 23:00:00,2024,5,13,23,0,42,42134,Route de Boën,45.697977,4.036736,Nuit sans éclairage public,Hors agglomération,Hors intersection,Pluie légère,Autre collision,3,2,2,0,1,1,2,0,1,70,1,1,0,0,0,1,22.0,,voiture,,3,1,1,2,6
202400039168,2024-04-05 10:00:00,2024,4,5,10,0,34,34129,D116,43.55814,3.8522,Plein jour,En agglomération,Hors intersection,Normale,Deux véhicules - côté,7,2,2,0,2,2,1,0,1,50,2,2,1,0,1,0,44.0,62.0,deux_roues,voiture,1,2,1,1,3
202400039169,2024-05-14 19:15:00,2024,5,14,19,15,68,68062,D16,47.60164237,7.1617931,Plein jour,Hors agglomération,Hors intersection,Normale,Deux véhicules - arrière,3,2,2,0,1,1,1,0,1,80,2,2,1,0,1,0,60.0,56.0,deux_roues,voiture,1,1,1,1,2
202400039170,2024-01-13 14:30:00,2024,1,13,14,30,12,12185,La Lande,44.288319,2.715755,Plein jour,En agglomération,Hors intersection,Autre,Sans collision,6,-1, -1,0,1,1,7,0,1,50,1,2,1,0,1,0,16.0,,deux_roues,,1,2,1,9,7
202400039171,2024-02-28 09:00:00,2024,2,28,9,0,33,33200,,44.85934,-0.68497,Plein jour,Hors agglomération,Giratoire,Normale,Deux véhicules - arrière,4,2, -1,-1,1,1,1,9,1,50,2,5,3,0,0,2,30.0,45.0,voiture,voiture,1,1,6,1,2
202400039171,2024-02-28 09:00:00,2024,2,28,9,0,33,33200,,44.85934,-0.68497,Plein jour,Hors agglomération,Giratoire,Normale,Deux véhicules - arrière,4,3,2,2,1,1,1,-1,1,50,2,5,3,0,0,2,30.0,45.0,voiture,voiture,1,1,6,1,2
202400039172,2024-04-03 08:00:00,2024,4,3,8,0,34,34032,KENNEDY PRESIDENT (BD DU),43.35303,3.23949,Plein jour,En agglomération,Hors intersection,Normale,Deux véhicules - côté,4,2,3,0,1,1,1,0,1,50,2,2,1,0,1,0,91.0,44.0,voiture,deux_roues,1,2,1,1,3
202400039173,2024-05-14 04:55:00,2024,5,14,4,55,29,29175,Pont Kerhoaden,48.29924095,-3.83505802,Nuit sans éclairage public,Hors agglomération,Intersection en T,Temps couvert,Deux véhicules - frontale,3,2,2,0,4,1,1,0,1,80,2,2,1,0,0,1,62.0,20.0,voiture,voiture,3,1,3,8,1
202400039173,2024-05-14 04:55:00,2024,5,14,4,55,29,29175,Pont Kerhoaden,48.29924095,-3.83505802,Nuit sans éclairage public,Hors agglomération,Intersection en T,Temps couvert,Deux véhicules - frontale,3,2,2,0,2,1,2,0,8,80,2,2,1,0,0,1,62.0,20.0,voiture,voiture,3,1,3,8,1
202400039174,2024-01-12 21:30:00,2024,1,12,21,30,42,42135,D1082,45.660169,4.230221,Nuit sans éclairage public,Hors agglomération,Hors intersection,Normale,Autre collision,3,2,2,0,1,1,1,0,3,80,1,2,0,0,2,0,19.0,,voiture,,3,1,1,1,6
202400039175,2024-04-05 21:00:00,2024,4,5,21,0,33,33063,,44.84025,-0.59816,Nuit avec éclairage allumé,En agglomération,Hors intersection,Normale,Autre collision,4,1,3,0,1,1,1,0,1,30,1,1,0,0,0,1,78.0,,voiture,,5,2,1,1,6
202400039176,2024-02-26 21:00:00,2024,2,26,21,0,33,33063,CRS JULES LADOUMEGUE,44.89772,-0.57459,Nuit avec éclairage allumé,En agglomération,Hors intersection,Pluie légère,Autre collision,4,2,4,0,1,3,2,9,8,50,1,4,1,0,0,3,20.0,,voiture,,5,2,1,2,6
202400039177,2024-01-14 06:03:00,2024,1,14,6,3,68,68091,départementale 3 bis,47.91816731,7.48303092,Nuit sans éclairage public,Hors agglomération,Hors intersection,Brouillard / fumée,Sans collision,3,2,2,0,1,1,1,0,3,80,1,2,0,0,2,0,20.0,,voiture,,3,1,1,5,7
202400039178,2024-04-05 16:15:00,2024,4,5,16,15,33,33249,,44.873364,-0.513749,Plein jour,En agglomération,Hors intersection,Normale,Deux véhicules - côté,4,2,2,0,1,1,1,0,1,30,2,2,1,0,1,0,12.0,24.0,deux_roues,voiture,1,2,1,1,3
202400039179,2024-04-27 17:10:00,2024,4,27,17,10,29,29056,D159,48.44288248,-4.32470839,Plein jour,Hors agglomération,Intersection en X,Normale,Deux véhicules - côté,3,2,2,0,2,1,1,0,1,80,2,2,1,0,1,0,29.0,39.0,utilitaire_camion,deux_roues,1,1,2,1,3
202400039179,2024-04-27 17:10:00,2024,4,27,17,10,29,29056,D159,48.44288248,-4.32470839,Plein jour,Hors agglomération,Intersection en X,Normale,Deux véhicules - côté,3,2,1,0,1,1,1,0,1,80,2,2,1,0,1,0,29.0,39.0,utilitaire_camion,deux_roues,1,1,2,1,3
202400039180,2024-01-07 20:35:00,2024,1,7,20,35,01,01029,100 Rue Principale,46.411377,5.267928,Nuit avec éclairage non allumé,En agglomération,Hors intersection,Temps couvert,Deux véhicules - frontale,3,2,2,0,2,3,2,0,1,50,2,3,2,0,0,1,25.0,45.0,voiture,voiture,4,2,1,8,1
202400039181,2024-04-05 10:30:00,2024,4,5,10,30,33,33063,,44.86222,-0.584914,Plein jour,En agglomération,Hors intersection,Normale,Autre collision,4,3,5,3,1,1,1,0,1,50,1,2,1,0,0,1,19.0,,voiture,,1,2,1,1,6
202400039182,2024-02-24 19:50:00,2024,2,24,19,50,33,33063,,44.86818708,-0.57042271,Nuit avec éclairage allumé,En agglomération,Intersection en T,Pluie légère,Deux véhicules - arrière,4,2,5,0,1,1,2,0,1,50,2,2,0,0,0,2,26.0,58.0,voiture,voiture,5,2,3,2,2
202400039182,2024-02-24 19:50:00,2024,2,24,19,50,33,33063,,44.86818708,-0.57042271,Nuit avec éclairage allumé,En agglomération,Intersection en T,Pluie légère,Deux véhicules - arrière,4,2,2,0,1,1,2,0,1,30,2,2,0,0,0,2,26.0,58.0,voiture,voiture,5,2,3,2,2
202400039183,2024-05-13 19:00:00,2024,5,13,19,0,29,29173,Route de Douarnenez,48.00627283,-4.17005417,Plein jour,Hors agglomération,Hors intersection,Autre,Deux véhicules - frontale,3,2,2,0,2,3,8,0,1,80,2,4,0,0,2,2,34.0,43.0,voiture,voiture,1,1,1,9,1
202400039184,2024-04-05 11:00:00,2024,4,5,11,0,33,33529,,44.63321,-1.15057,Plein jour,En agglomération,Hors intersection,Normale,Autre collision,3,3,2,0,1,1,1,0,1,50,1,2,1,0,0,1,78.0,,utilitaire_camion,,1,2,1,1,6
202400039185,2024-05-13 19:10:00,2024,5,13,19,10,18,18018,,47.033068,2.635324,Plein jour,Hors agglomération,Hors intersection,Normale,Deux véhicules - arrière,3,2,2,0,1,1,1,0,1,90,2,3,2,0,1,0,24.0,53.0,voiture,utilitaire_camion,1,1,1,1,2
202400039186,2024-03-15 22:15:00,2024,3,15,22,15,30,30189,POMPIDOU GEORGES (AVENUE),43.83218,4.34993,Nuit sans éclairage public,En agglomération,Intersection en T,Normale,Deux véhicules - côté,4,-1,#VALEURMULTI,0,1,1,1,0,1,50,2,3,0,0,1,2,19.0,54.0,voiture,deux_roues,3,2,3,1,3
202400039187,2024-01-13 18:50:00,2024,1,13,18,50,06,06129,PK 21+800 RM 2205,44.06669,7.114763,Nuit sans éclairage public,En agglomération,Hors intersection,Normale,Trois véhicules et plus - collisions multiples,7,2,2,0,1,4,1,0,1,80,4,13,10,0,0,3,52.0,26.0,voiture,voiture,3,2,1,1,5
202400039188,2024-05-12 18:20:00,2024,5,12,18,20,10,10153,D374,48.44001089,3.50538969,Plein jour,Hors agglomération,Hors intersection,Pluie forte,Autre collision,3,2,2,0,1,1,4,0,3,80,1,2,1,0,1,0,23.0,,voiture,,1,1,1,3,6
202400039189,2024-01-13 15:20:00,2024,1,13,15,20,50,50082,Route de Carteret. (Le Vrétot),49.444412,-1.708159,Plein jour,Hors agglomération,Hors intersection,Normale,Sans collision,3,2,2,0,1,1,1,0,3,80,1,1,0,1,0,0,70.0,,voiture,,1,1,1,1,7
202400039190,2024-05-13 16:30:00,2024,5,13,16,30,36,36088,Avenue du Colombier,46.94877301,2.00747875,Plein jour,En agglomération,Hors intersection,Normale,Autre collision,2,2,2,0,1,1,1,0,1,50,1,2,1,0,1,0,92.0,,voiture,,1,2,1,1,6
202400039191,2024-02-24 19:06:00,2024,2,24,19,6,33,33318,,44.79083,-0.63373,Nuit avec éclairage allumé,En agglomération,Giratoire,Pluie légère,Autre collision,4,2,2,2,1,1,2,-1,1,30,1,3,1,0,1,1,,,voiture,,5,2,6,2,6
202400039191,2024-02-24 19:06:00,2024,2,24,19,6,33,33318,,44.79083,-0.63373,Nuit avec éclairage allumé,En agglomération,Giratoire,Pluie légère,Autre collision,4,2, -1,-1,1,1,2,0,1,50,1,3,1,0,1,1,,,voiture,,5,2,6,2,6
202400039192,2024-04-05 08:55:00,2024,4,5,8,55,29,29019,rue Jean Macé,48.388921,-4.491475,Plein jour,En agglomération,Giratoire,Normale,Autre collision,4,2,2,0,1,1,1,0,1,50,1,2,1,0,0,1,64.0,,voiture,,1,2,6,1,6
202400039192,2024-04-05 08:55:00,2024,4,5,8,55,29,29019,rue Jean Macé,48.388921,-4.491475,Plein jour,En agglomération,Giratoire,Normale,Autre collision,4,-1,2,0,2,1,1,0,1,50,1,2,1,0,0,1,64.0,,voiture,,1,2,6,1,6
202400039193,2024-05-14 10:15:00,2024,5,14,10,15,16,16064,,45.970134,0.942861,Plein jour,Hors agglomération,Intersection en X,Normale,Deux véhicules - côté,3,2,2,0,1,1,1,0,1,80,2,2,1,1,0,0,93.0,81.0,voiture,voiture,1,1,2,1,3
202400039193,2024-05-14 10:15:00,2024,5,14,10,15,16,16064,,45.970134,0.942861,Plein jour,Hors agglomération,Intersection en X,Normale,Deux véhicules - côté,3,2, -1,-1,1,1,1,0,8,80,2,2,1,1,0,0,93.0,81.0,voiture,voiture,1,1,2,1,3
202400039194,2024-01-13 19:20:00,2024,1,13,19,20,36,36018,Rue de la Trimouille,46.62263217,1.05278536,Nuit sans éclairage public,En agglomération,Intersection en Y,Autre,Deux véhicules - côté,3,2,2,0,1,2,1,0,1,50,2,5,0,0,0,5,59.0,41.0,voiture,voiture,3,2,4,9,3
202400039194,2024-01-13 19:20:00,2024,1,13,19,20,36,36018,Rue de la Trimouille,46.62263217,1.05278536,Nuit sans éclairage public,En agglomération,Intersection en Y,Autre,Deux véhicules - côté,3,2,2,-1,1,2,1,5,1,50,2,5,0,0,0,5,59.0,41.0,voiture,voiture,3,2,4,9,3
202400039195,2024-02-23 14:10:00,2024,2,23,14,10,33,33063,,44.862065,-0.555886,Plein jour,En agglomération,Intersection en T,Pluie légère,Deux véhicules - côté,4,1, -1,-1,1,1,2,9,1,20,2,2,1,0,1,0,34.0,34.0,deux_roues,transport_commun,1,2,3,2,3
202400039195,2024-02-23 14:10:00,2024,2,23,14,10,33,33063,,44.862065,-0.555886,Plein jour,En agglomération,Intersection en T,Pluie légère,Deux véhicules - côté,4,3,6,3,1,1,2,5,1,50,2,2,1,0,1,0,34.0,34.0,deux_roues,transport_commun,1,2,3,2,3
202400039196,2024-04-04 19:55:00,2024,4,4,19,55,29,29019,rue du Carpon,48.389336,-4.500322,Plein jour,En agglomération,Intersection en T,Normale,Autre collision,4,2,2,2,1,1,1,0,1,30,1,2,1,0,0,1,22.0,,voiture,,1,2,3,1,6
202400039196,2024-04-04 19:55:00,2024,4,4,19,55,29,29019,rue du Carpon,48.389336,-4.500322,Plein jour,En agglomération,Intersection en T,Normale,Autre collision,4,2, -1,3,1,1,1,0,1,-1,1,2,1,0,0,1,22.0,,voiture,,1,2,3,1,6
202400039197,2024-01-13 22:30:00,2024,1,13,22,30,24,24286,Route des Coteaux,45.272663,0.473426,Nuit sans éclairage public,Hors agglomération,Hors intersection,Brouillard / fumée,Autre collision,3,-1,2,0,1,3,7,0,3,80,1,2,0,1,0,1,23.0,,voiture,,3,1,1,5,6
202400039198,2024-05-12 16:11:00,2024,5,12,16,11,17,17224,Départementale 121,45.862281,-0.31193,Plein jour,En agglomération,Intersection en X,Temps éblouissant,Deux véhicules - frontale,3,2,2,0,1,1,2,0,1,80,2,2,1,0,0,1,36.0,15.0,utilitaire_camion,deux_roues,1,2,2,7,1