accident_id,datetime,annee,mois,jour,heure,minute,departement,commune_insee,adresse,latitude,longitude,luminosite,agglomeration,intersection,meteo,collision,catr,circ,nbv,vosp,prof,plan,surf,infra,situ,vma,nb_vehicules,nb_usagers,nb_indemnes,nb_tues,nb_blesses_hosp,nb_blesses_legers,age_cond_1,age_cond_2,veh_type_cond_1,veh_type_cond_2,lum_code,agg_code,int_code,atm_code,col_code
202400039401,2024-02-26 13:10:00,2024,2,26,13,10,15,15014,Rue Robert Garric,44.91611,2.43777,Plein jour,En agglomération,Intersection à plus de 4 branches,Pluie légère,Deux véhicules - frontale,4,2,2,0,1,1,2,0,1,50,2,2,1,0,0,1,23.0,24.0,voiture,voiture,1,2,5,2,1
202400039401,2024-02-26 13:10:00,2024,2,26,13,10,15,15014,Rue Robert Garric,44.91611,2.43777,Plein jour,En agglomération,Intersection à plus de 4 branches,Pluie légère,Deux véhicules - frontale,4,2,2,0,1,1,2,0,1,50,2,2,1,0,0,1,23.0,24.0,voiture,voiture,1,2,5,2,1
202400039401,2024-02-26 13:10:00,2024,2,26,13,10,15,15014,Rue Robert Garric,44.91611,2.43777,Plein jour,En agglomération,Intersection à plus de 4 branches,Pluie légère,Deux véhicules - frontale,4,1,1,0,1,1,2,0,8,50,2,2,1,0,0,1,23.0,24.0,voiture,voiture,1,2,5,2,1
202400039401,2024-02-26 13:10:00,2024,2,26,13,10,15,15014,Rue Robert Garric,44.91611,2.43777,Plein jour,En agglomération,Intersection à plus de 4 branches,Pluie légère,Deux véhicules - frontale,4,2,2,0,1,1,2,0,1,50,2,2,1,0,0,1,23.0,24.0,voiture,voiture,1,2,5,2,1
202400039402,2024-03-27 17:44:00,2024,3,27,17,44,34,34332,D612,43.308254,3.435153,Plein jour,Hors agglomération,Intersection en Y,Normale,Deux véhicules - côté,3,1,1,0,1,1,1,3,1,80,2,2,1,0,1,0,,40.0,voiture,deux_roues,1,1,4,1,3
202400039402,2024-03-27 17:44:00,2024,3,27,17,44,34,34332,D612,43.308254,3.435153,Plein jour,Hors agglomération,Intersection en Y,Normale,Deux véhicules - côté,3,2, -1,-1,1,1,1,0,1,-1,2,2,1,0,1,0,,40.0,voiture,deux_roues,1,1,4,1,3
202400039403,2024-05-12 13:10:00,2024,5,12,13,10,54,54254,Rue de la Seine,49.509868,5.8077,Plein jour,En agglomération,Hors intersection,Normale,Deux véhicules - côté,4,1,2,0,1,1,1,0,1,50,2,2,1,0,0,1,33.0,68.0,deux_roues,voiture,1,2,1,1,3
202400039404,2024-04-06 05:50:00,2024,4,6,5,50,39,39478,28 Rue Saint-blaise,46.381851,5.853642,Crépuscule ou aube,En agglomération,Hors intersection,Normale,Autre collision,4,2,2,0,2,1,1,0,3,50,1,1,0,0,1,0,24.0,,deux_roues,,2,2,1,1,6
202400039405,2024-02-24 08:55:00,2024,2,24,8,55,14,14366,64 Avenue Victor Hugo,49.144472,0.228204,Plein jour,En agglomération,Hors intersection,Normale,Sans collision,4,2,2,0,1,1,1,0,1,30,1,2,1,0,0,1,64.0,,voiture,,1,2,1,1,7
202400039406,2024-04-06 15:00:00,2024,4,6,15,0,25,25161,D39,47.16751,6.60222,Plein jour,Hors agglomération,Intersection en T,Normale,Deux véhicules - côté,3,2,2,0,2,3,1,5,1,80,2,2,1,0,1,0,65.0,73.0,voiture,deux_roues,1,1,3,1,3
202400039406,2024-04-06 15:00:00,2024,4,6,15,0,25,25161,D39,47.16751,6.60222,Plein jour,Hors agglomération,Intersection en T,Normale,Deux véhicules - côté,3,2, -1,-1,1,1,1,5,1,80,2,2,1,0,1,0,65.0,73.0,voiture,deux_roues,1,1,3,1,3
202400039407,2024-02-22 16:16:00,2024,2,22,16,16,14,14366,1 Avenue du Président René Coty,49.142609,0.240605,Plein jour,En agglomération,Hors intersection,Pluie légère,Deux véhicules - côté,4,3,2,0,1,1,2,0,1,50,2,2,1,0,1,0,41.0,23.0,transport_commun,deux_roues,1,2,1,2,3
202400039408,2024-05-12 00:13:00,2024,5,12,0,13,54,54367,RN 52,49.50085,5.7983,Nuit sans éclairage public,Hors agglomération,Hors intersection,Normale,Deux véhicules - côté,2,3,2,0,1,3,1,0,1,110,2,2,0,0,1,1,31.0,31.0,voiture,voiture,3,1,1,1,3
202400039409,2024-04-05 15:05:00,2024,4,5,15,5,29,29274,Lieu Dit Celeriou,47.97293929,-3.70908832,Plein jour,Hors agglomération,Hors intersection,Pluie légère,Trois véhicules et plus - collisions multiples,3,2,2,0,2,1,2,0,1,80,3,3,2,0,1,0,54.0,53.0,utilitaire_camion,deux_roues,1,1,1,2,5
202400039410,2024-05-12 11:42:00,2024,5,12,11,42,54,54028,Rue de Metz,49.211442,5.979278,Plein jour,En agglomération,Hors intersection,Normale,Deux véhicules - frontale,3,2,2,0,2,3,1,0,1,50,2,2,1,0,0,1,74.0,60.0,voiture,voiture,1,2,1,1,1
202400039411,2024-02-27 08:39:00,2024,2,27,8,39,14,14118,Boulevard Maréchal Juin,49.19665,-0.39656,Plein jour,En agglomération,Intersection en T,Temps couvert,Deux véhicules - côté,2,2,2,0,1,1,1,3,1,50,2,2,1,0,0,1,34.0,44.0,voiture,voiture,1,2,3,8,3
202400039411,2024-02-27 08:39:00,2024,2,27,8,39,14,14118,Boulevard Maréchal Juin,49.19665,-0.39656,Plein jour,En agglomération,Intersection en T,Temps couvert,Deux véhicules - côté,2,1,1,0,1,1,1,3,1,50,2,2,1,0,0,1,34.0,44.0,voiture,voiture,1,2,3,8,3
202400039412,2024-05-11 18:25:00,2024,5,11,18,25,51,51663,ALFRED ANATOLE THEVENET (AVENUE),49.04768,3.96487,Plein jour,En agglomération,Hors intersection,Normale,Autre collision,4,2,2,0,1,1,1,0,1,50,1,2,1,0,0,1,63.0,,voiture,,1,2,1,1,6
202400039413,2024-04-06 15:15:00,2024,4,6,15,15,31,31040,D125,42.895165,0.622396,Plein jour,Hors agglomération,Hors intersection,Normale,Deux véhicules - côté,3,2,2,0,2,1,1,0,1,80,2,2,1,0,0,1,67.0,49.0,voiture,deux_roues,1,1,1,1,3
202400039414,2024-02-24 19:41:00,2024,2,24,19,41,14,14566,11 Route de Rosel,49.20429978,-0.41310579,Nuit sans éclairage public,Hors agglomération,Intersection en T,Temps couvert,Deux véhicules - côté,3,2,2,0,1,1,2,0,1,50,2,3,2,0,1,0,64.0,18.0,voiture,voiture,3,1,3,8,3
202400039414,2024-02-24 19:41:00,2024,2,24,19,41,14,14566,11 Route de Rosel,49.20429978,-0.41310579,Nuit sans éclairage public,Hors agglomération,Intersection en T,Temps couvert,Deux véhicules - côté,3,2,2,0,1,1,2,0,1,50,2,3,2,0,1,0,64.0,18.0,voiture,voiture,3,1,3,8,3
202400039415,2024-04-06 14:30:00,2024,4,6,14,30,38,38108,D531,45.07776,5.452952,Plein jour,Hors agglomération,Hors intersection,Normale,Deux véhicules - frontale,3,2,2,0,1,3,1,1,1,80,2,3,1,0,2,0,48.0,21.0,deux_roues,voiture,1,1,1,1,1
202400039416,2024-02-22 14:50:00,2024,2,22,14,50,14,14118,4 Rue d'Auge,49.17474,-0.3535,Plein jour,En agglomération,Giratoire,Pluie légère,Deux véhicules - côté,4,1,1,0,1,3,2,5,1,50,2,2,1,0,0,1,48.0,48.0,deux_roues,utilitaire_camion,1,2,6,2,3
202400039416,2024-02-22 14:50:00,2024,2,22,14,50,14,14118,4 Rue d'Auge,49.17474,-0.3535,Plein jour,En agglomération,Giratoire,Pluie légère,Deux véhicules - côté,4,1,2,0,1,2,2,5,1,50,2,2,1,0,0,1,48.0,48.0,deux_roues,utilitaire_camion,1,2,6,2,3
202400039417,2024-05-12 19:26:00,2024,5,12,19,26,45,45234,41 Boulevard Guy-Marie Riobé,47.91296,1.91194,Crépuscule ou aube,En agglomération,Hors intersection,Temps éblouissant,Autre collision,4,2,3,1,1,1,1,0,1,50,1,2,1,0,1,0,21.0,,voiture,,2,2,1,7,6
202400039418,2024-04-06 21:15:00,2024,4,6,21,15,02,02111,1 Rue de la Croix Blanche,49.509634,3.42164,Nuit sans éclairage public,Hors agglomération,Hors intersection,Normale,Autre collision,3,2,2,0,1,1,1,0,3,80,1,2,1,0,1,0,,,autre,,3,1,1,1,6
202400039419,2024-02-27 17:45:00,2024,2,27,17,45,13,13117,ROUTE NATIONALE 113 - AGNEAU,43.46616949,5.23199255,Plein jour,En agglomération,Hors intersection,Normale,Deux véhicules - côté,3,1,1,0,1,1,1,0,1,50,2,2,1,0,0,1,,38.0,voiture,deux_roues,1,2,1,1,3
202400039420,2024-04-05 12:05:00,2024,4,5,12,5,72,72219,Rue de Neuvy,48.073885,-0.059835,Plein jour,En agglomération,Autre intersection,Normale,Deux véhicules - côté,6,-1, -1,0,1,1,1,9,8,50,2,2,1,0,1,0,70.0,67.0,voiture,voiture,1,2,9,1,3
202400039421,2024-05-12 17:00:00,2024,5,12,17,0,45,45234,D2020 PR 36 + 6870,47.88458,1.89774,Plein jour,En agglomération,Hors intersection,Normale,Deux véhicules - arrière,7,2,0,0,1,1,1,0,1,50,2,3,2,0,0,1,26.0,28.0,voiture,voiture,1,2,1,1,2
202400039422,2024-04-06 14:45:00,2024,4,6,14,45,14,14326,Route de Cormeilles,49.174872,0.299528,Plein jour,Hors agglomération,Hors intersection,Normale,Deux véhicules - frontale,3,2,2,0,2,4,1,0,1,70,2,3,1,0,2,0,25.0,52.0,voiture,deux_roues,1,1,1,1,1
202400039423,2024-02-27 08:15:00,2024,2,27,8,15,13,13054,FIGUERES (RUE DES ),43.41657,5.20978,Plein jour,En agglomération,Intersection en X,Normale,Deux véhicules - côté,4,2,2,0,1,1,2,0,1,50,2,2,0,0,0,2,43.0,41.0,voiture,voiture,1,2,2,1,3
202400039423,2024-02-27 08:15:00,2024,2,27,8,15,13,13054,FIGUERES (RUE DES ),43.41657,5.20978,Plein jour,En agglomération,Intersection en X,Normale,Deux véhicules - côté,4,2,2,0,1,1,2,0,1,50,2,2,0,0,0,2,43.0,41.0,voiture,voiture,1,2,2,1,3
202400039424,2024-05-12 18:06:00,2024,5,12,18,6,38,38185,COURS JEAN JAURÈS,45.18141,5.71671,Plein jour,En agglomération,Hors intersection,Normale,Deux véhicules - côté,4,1,2,0,1,1,1,0,1,30,2,3,1,0,0,2,39.0,29.0,voiture,deux_roues,1,2,1,1,3
202400039425,2024-03-30 14:30:00,2024,3,30,14,30,64,64191,Route de Bénéjacq,43.1840687,-0.24321131,Plein jour,En agglomération,Intersection en Y,Normale,Deux véhicules - côté,3,2,2,0,2,1,1,5,1,50,2,2,1,0,0,1,54.0,69.0,voiture,deux_roues,1,2,4,1,3
202400039425,2024-03-30 14:30:00,2024,3,30,14,30,64,64191,Route de Bénéjacq,43.1840687,-0.24321131,Plein jour,En agglomération,Intersection en Y,Normale,Deux véhicules - côté,3,2, -1,0,1,1,1,0,1,50,2,2,1,0,0,1,54.0,69.0,voiture,deux_roues,1,2,4,1,3
202400039426,2024-02-24 18:40:00,2024,2,24,18,40,13,13054,D9 (BRETELLE),43.41307853,5.22076969,Plein jour,En agglomération,Hors intersection,Normale,Deux véhicules - frontale,3,2,2,0,2,1,1,0,1,50,2,3,1,0,0,2,,50.0,voiture,voiture,1,2,1,1,1
202400039427,2024-04-06 18:10:00,2024,4,6,18,10,07,07307,D203,44.512031,4.202099,Plein jour,Hors agglomération,Hors intersection,Normale,Sans collision,3,2,2,0,1,2,1,0,1,80,1,2,1,0,0,1,60.0,,deux_roues,,1,1,1,1,7
202400039428,2024-05-11 09:40:00,2024,5,11,9,40,38,38053,ISLE D'ABEAU (ROUTE DE),45.60191,5.26703,Plein jour,En agglomération,Giratoire,Normale,Deux véhicules - côté,3,2,1,2,1,1,1,5,5,10,2,2,1,0,0,1,79.0,54.0,voiture,deux_roues,1,2,6,1,3
202400039429,2024-02-27 21:45:00,2024,2,27,21,45,13,13103,RN 113,43.60119,5.1017,Nuit sans éclairage public,Hors agglomération,Intersection en X,Pluie légère,Deux véhicules - côté,3,2, -1,-1,1,1,2,0,1,-1,2,3,0,0,0,3,50.0,44.0,utilitaire_camion,voiture,3,1,2,2,3
202400039429,2024-02-27 21:45:00,2024,2,27,21,45,13,13103,RN 113,43.60119,5.1017,Nuit sans éclairage public,Hors agglomération,Intersection en X,Pluie légère,Deux véhicules - côté,3,2,2,0,1,1,2,0,1,80,2,3,0,0,0,3,50.0,44.0,utilitaire_camion,voiture,3,1,2,2,3
202400039430,2024-04-03 17:05:00,2024,4,3,17,5,40,40217,Route de Parentis,44.369798,-1.116164,Plein jour,Hors agglomération,Hors intersection,Normale,Trois véhicules et plus - collisions multiples,3,2,2,0,1,1,1,0,1,80,3,3,2,0,0,1,25.0,61.0,deux_roues,voiture,1,1,1,1,5
202400039431,2024-05-12 10:05:00,2024,5,12,10,5,34,34172,MAS ARGELLIERS (AVENUE DU),43.58553,3.88845,Plein jour,En agglomération,Hors intersection,Normale,Sans collision,4,3,4,0,1,1,1,5,4,50,1,1,0,0,0,1,40.0,,deux_roues,,1,2,1,1,7
202400039432,2024-02-22 13:45:00,2024,2,22,13,45,13,13103,BOULEVARD LEDRU ROLLIN,43.64608412,5.09376027,Plein jour,En agglomération,Hors intersection,Normale,Deux véhicules - côté,4,2,2,0,1,1,1,0,1,50,2,2,1,0,1,0,23.0,36.0,voiture,deux_roues,1,2,1,1,3
202400039433,2024-04-05 19:35:00,2024,4,5,19,35,17,17324,Le Pérou,45.398797,-0.563028,Crépuscule ou aube,Hors agglomération,Intersection en X,Normale,Deux véhicules - côté,3,2,2,0,1,1,1,5,1,70,2,3,2,0,1,0,25.0,38.0,voiture,utilitaire_camion,2,1,2,1,3
202400039433,2024-04-05 19:35:00,2024,4,5,19,35,17,17324,Le Pérou,45.398797,-0.563028,Crépuscule ou aube,Hors agglomération,Intersection en X,Normale,Deux véhicules - côté,3,2,2,-1,1,1,1,5,1,80,2,3,2,0,1,0,25.0,38.0,voiture,utilitaire_camion,2,1,2,1,3
202400039434,2024-05-12 23:05:00,2024,5,12,23,5,33,33063,,44.82111513,-0.55007547,Nuit avec éclairage allumé,En agglomération,Intersection en X,Normale,Deux véhicules - côté,4,2, -1,-1,1,1,1,5,1,50,2,2,1,0,1,0,52.0,33.0,voiture,deux_roues,5,2,2,1,3
202400039434,2024-05-12 23:05:00,2024,5,12,23,5,33,33063,,44.82111513,-0.55007547,Nuit avec éclairage allumé,En agglomération,Intersection en X,Normale,Deux véhicules - côté,4,2,2,2,1,1,1,8,1,50,2,2,1,0,1,0,52.0,33.0,voiture,deux_roues,5,2,2,1,3
202400039435,2024-02-21 10:00:00,2024,2,21,10,0,13,13103,BOULEVARD LEDRU ROLLIN,43.64561251,5.0937835,Plein jour,En agglomération,Hors intersection,Normale,Deux véhicules - frontale,4,2,2,0,1,1,1,0,1,50,1,2,1,0,1,0,73.0,,voiture,,1,2,1,1,1
202400039436,2024-02-16 09:10:00,2024,2,16,9,10,13,13056,RN 568,43.41330613,5.0115065,Plein jour,Hors agglomération,Hors intersection,Normale,Autre collision,2,1,2,0,1,1,1,0,1,90,1,1,0,1,0,0,27.0,,voiture,,1,1,1,1,6
202400039437,2024-05-12 21:30:00,2024,5,12,21,30,33,33063,,44.87054,-0.55466,Nuit avec éclairage allumé,En agglomération,Giratoire,Normale,Deux véhicules - côté,4,2,2,0,1,2,1,8,1,50,2,2,1,0,0,1,,50.0,deux_roues,deux_roues,5,2,6,1,3
202400039438,2024-04-06 14:10:00,2024,4,6,14,10,09,09239,Le Capelier,42.694233,2.140253,Plein jour,Hors agglomération,Hors intersection,Normale,Autre collision,3,2,2,0,2,2,1,0,3,80,1,1,0,0,1,0,62.0,,deux_roues,,1,1,1,1,6
202400039439,2024-05-11 15:00:00,2024,5,11,15,0,33,33063,,44.83549,-0.56932,Plein jour,En agglomération,Hors intersection,Normale,Deux véhicules - côté,4,2,2,3,1,1,1,0,1,30,2,2,1,0,0,1,15.0,51.0,deux_roues,deux_roues,1,2,1,1,3
202400039440,2024-02-27 20:00:00,2024,2,27,20,0,13,13205,BAILLE (BOULEVARD),43.28989,5.39847,Nuit avec éclairage allumé,En agglomération,Hors intersection,Pluie légère,Deux véhicules - frontale,4,2,4,3,1,1,2,0,1,50,1,2,1,1,0,0,56.0,,utilitaire_camion,,5,2,1,2,1
202400039441,2024-04-04 10:30:00,2024,4,4,10,30,976,97603,N3 Nyambadao,-12.891559,45.2083,Plein jour,Hors agglomération,Hors intersection,Normale,Trois véhicules et plus - collisions multiples,3,-1,2,0,4,4,1,9,1,70,3,3,2,0,1,0,,33.0,voiture,deux_roues,1,1,1,1,5
202400039442,2024-05-12 07:30:00,2024,5,12,7,30,31,31555,AV PIERRE G LATECOERE,43.55514,1.48097,Plein jour,En agglomération,Hors intersection,Normale,Deux véhicules - frontale,7,2,3,0,1,1,1,2,1,50,2,2,0,0,0,2,28.0,24.0,voiture,voiture,1,2,1,1,1
202400039443,2024-02-26 23:52:00,2024,2,26,23,52,13,13205,JEAN MOULIN (BOULEVARD),43.29031,5.39971,Nuit avec éclairage allumé,En agglomération,Intersection en T,Pluie légère,Autre collision,4,2,4,0,1,1,2,5,8,50,1,2,1,0,0,1,24.0,,voiture,,5,2,3,2,6
202400039443,2024-02-26 23:52:00,2024,2,26,23,52,13,13205,JEAN MOULIN (BOULEVARD),43.29031,5.39971,Nuit avec éclairage allumé,En agglomération,Intersection en T,Pluie légère,Autre collision,4,2,5,0,1,1,2,5,8,50,1,2,1,0,0,1,24.0,,voiture,,5,2,3,2,6
202400039444,2024-04-06 03:00:00,2024,4,6,3,0,34,34172,autoroute A709 pk 014+100 direction Nîmes,43.588892,3.896305,Nuit sans éclairage public,Hors agglomération,Hors intersection,Normale,Autre collision,1,1,3,0,1,1,1,3,6,90,1,2,0,0,2,0,20.0,,voiture,,3,1,1,1,6
202400039445,2024-05-12 07:30:00,2024,5,12,7,30,31,31555,ECHANGEUR BORDELONGUE (A64/A620),43.56871,1.421,Plein jour,En agglomération,Intersection en Y,Normale,Deux véhicules - côté,1,1,2,0,3,3,1,3,1,70,2,2,1,0,0,1,20.0,25.0,voiture,voiture,1,2,4,1,3
202400039445,2024-05-12 07:30:00,2024,5,12,7,30,31,31555,ECHANGEUR BORDELONGUE (A64/A620),43.56871,1.421,Plein jour,En agglomération,Intersection en Y,Normale,Deux véhicules - côté,1,3,2,0,1,2,1,3,1,90,2,2,1,0,0,1,20.0,25.0,voiture,voiture,1,2,4,1,3
202400039446,2024-02-24 14:50:00,2024,2,24,14,50,13,13207,CORDERIE (BOULEVARD DE LA),43.29068,5.37131,Plein jour,En agglomération,Autre intersection,Normale,Deux véhicules - côté,4,2,4,3,1,1,1,0,1,50,2,2,1,0,0,1,67.0,20.0,deux_roues,voiture,1,2,9,1,3
202400039447,2024-05-12 02:10:00,2024,5,12,2,10,31,31555,AV DE REYNERIE,43.56799056,1.40770376,Nuit sans éclairage public,En agglomération,Hors intersection,Normale,Deux véhicules - côté,4,1,0,0,1,1,1,0,1,50,2,2,1,0,0,1,54.0,21.0,voiture,deux_roues,3,2,1,1,3
202400039448,2024-02-24 00:01:00,2024,2,24,0,1,13,13205,JEAN MOULIN (BOULEVARD),43.29226,5.40105,Nuit avec éclairage allumé,En agglomération,Autre intersection,Normale,Deux véhicules - arrière,4,2,6,3,1,1,1,0,1,50,2,2,1,0,0,1,29.0,27.0,voiture,voiture,5,2,9,1,2
202400039449,2024-05-11 17:00:00,2024,5,11,17,0,31,31149,Bd VICTOR HUGO,43.617092,1.313441,Plein jour,En agglomération,Hors intersection,Normale,Deux véhicules - arrière,4,2,2,0,1,1,1,0,1,50,2,3,2,0,1,0,38.0,28.0,deux_roues,voiture,1,2,1,1,2
202400039450,2024-02-22 19:00:00,2024,2,22,19,0,13,13212,GASTON FLOTTE (RUE),43.2989191,5.42978619,Nuit avec éclairage allumé,En agglomération,Intersection en X,Pluie légère,Deux véhicules - côté,4,2,2,0,2,1,2,9,1,50,2,2,1,0,0,1,59.0,31.0,voiture,deux_roues,5,2,2,2,3
202400039450,2024-02-22 19:00:00,2024,2,22,19,0,13,13212,GASTON FLOTTE (RUE),43.2989191,5.42978619,Nuit avec éclairage allumé,En agglomération,Intersection en X,Pluie légère,Deux véhicules - côté,4,2, -1,-1,1,1,2,5,1,-1,2,2,1,0,0,1,59.0,31.0,voiture,deux_roues,5,2,2,2,3
202400039451,2024-04-06 05:30:00,2024,4,6,5,30,988,98814,Thuahaik (Tribu),-20.99225,167.29186,Crépuscule ou aube,Hors agglomération,Hors intersection,Normale,Sans collision,4,2,2,0,1,1,1,0,1,90,1,13,0,2,7,4,25.0,,utilitaire_camion,,2,1,1,1,7
202400039452,2024-05-12 02:15:00,2024,5,12,2,15,30,30007,DE GAULLE (AVE DU GENERAL),44.12719,4.08278,Nuit avec éclairage allumé,En agglomération,Hors intersection,Normale,Autre collision,4,1,1,3,1,1,1,9,1,50,1,2,1,0,0,1,,,voiture,,5,2,1,1,6
202400039453,2024-02-19 18:30:00,2024,2,19,18,30,13,13209,JULES ISAAC (RUE),43.25198486,5.40061047,Nuit avec éclairage allumé,En agglomération,Giratoire,Normale,Deux véhicules - côté,4,1,1,0,1,1,1,5,1,50,2,3,0,0,0,3,48.0,47.0,deux_roues,deux_roues,5,2,6,1,3
202400039453,2024-02-19 18:30:00,2024,2,19,18,30,13,13209,JULES ISAAC (RUE),43.25198486,5.40061047,Nuit avec éclairage allumé,En agglomération,Giratoire,Normale,Deux véhicules - côté,4,2,2,0,1,1,1,5,1,50,2,3,0,0,0,3,48.0,47.0,deux_roues,deux_roues,5,2,6,1,3
202400039454,2024-05-11 07:35:00,2024,5,11,7,35,28,28134,D152.4,48.75832,1.33073,Plein jour,Hors agglomération,Hors intersection,Normale,Sans collision,3,2,2,0,2,3,1,0,3,90,1,3,0,1,0,2,25.0,,voiture,,1,1,1,1,7
202400039455,2024-04-05 03:30:00,2024,4,5,3,30,971,97128,Route Cambourg - Grands-Fonds,16.264747,-61.423906,Nuit sans éclairage public,Hors agglomération,Hors intersection,Normale,Sans collision,3,2,2,0,2,3,1,0,8,80,1,2,0,1,1,0,34.0,,utilitaire_camion,,3,1,1,1,7
202400039456,2024-02-23 14:10:00,2024,2,23,14,10,13,13047,RAYMOND FILIPPI AVENUE,43.49593,4.98116,Plein jour,En agglomération,Autre intersection,Normale,Deux véhicules - côté,4,1,1,0,1,2,1,0,1,50,2,4,1,0,0,3,57.0,21.0,voiture,voiture,1,2,9,1,3
202400039457,2024-04-05 23:20:00,2024,4,5,23,20,91,91654,D153,48.461795,2.41063,Nuit sans éclairage public,Hors agglomération,Hors intersection,Normale,Autre collision,3,-1,2,0,1,1,1,0,1,80,1,1,0,0,1,0,40.0,,voiture,,3,1,1,1,6
202400039458,2024-05-10 18:20:00,2024,5,10,18,20,22,22113,TROROZEC (RUE DE),48.72463,-3.46256,Plein jour,En agglomération,Hors intersection,Normale,Sans collision,4,2,2,0,2,2,1,0,1,50,1,1,0,0,0,1,16.0,,deux_roues,,1,2,1,1,7
202400039459,2024-02-22 20:30:00,2024,2,22,20,30,13,13047,R.N 569,43.4823,4.96192,Nuit sans éclairage public,Hors agglomération,Hors intersection,Normale,Deux véhicules - frontale,2,2,2,0,2,1,1,0,1,80,2,2,0,0,2,0,27.0,31.0,voiture,voiture,3,1,1,1,1
202400039460,2024-04-05 19:30:00,2024,4,5,19,30,78,78443,Route de Thoiry,48.815273,1.863966,Plein jour,En agglomération,Hors intersection,Normale,Autre collision,3,2,2,0,1,2,1,0,4,45,1,1,0,1,0,0,42.0,,voiture,,1,2,1,1,6
202400039461,2024-05-12 11:11:00,2024,5,12,11,11,13,13206,DRAGON (RUE),43.28827,5.38034,Plein jour,En agglomération,Intersection en X,Normale,Deux véhicules - côté,4,1,1,0,1,1,1,0,1,50,2,3,1,0,0,2,20.0,23.0,deux_roues,voiture,1,2,2,1,3
202400039461,2024-05-12 11:11:00,2024,5,12,11,11,13,13206,DRAGON (RUE),43.28827,5.38034,Plein jour,En agglomération,Intersection en X,Normale,Deux véhicules - côté,4,1,1,0,1,1,1,0,1,50,2,3,1,0,0,2,20.0,23.0,deux_roues,voiture,1,2,2,1,3
202400039462,2024-02-26 15:47:00,2024,2,26,15,47,13,13005,LAGUNAS (AVENUE SIMON),43.29429,5.56393,Plein jour,En agglomération,Hors intersection,Normale,Trois véhicules et plus - en chaîne,4,2,2,0,1,1,1,0,1,50,3,5,2,1,0,2,60.0,52.0,voiture,utilitaire_camion,1,2,1,1,4
202400039463,2024-04-06 13:25:00,2024,4,6,13,25,34,34327,Rn 113,43.648948,3.956097,Plein jour,Hors agglomération,Hors intersection,Normale,Deux véhicules - frontale,7,2,2,0,1,1,1,9,1,80,2,3,0,0,1,2,73.0,28.0,voiture,voiture,1,1,1,1,1
202400039464,2024-02-23 07:45:00,2024,2,23,7,45,13,13005,CANIERS (AVENUE DES),43.289011,5.59392,Plein jour,En agglomération,Hors intersection,Normale,Deux véhicules - côté,4,2,2,0,1,1,1,0,1,50,2,2,1,0,0,1,21.0,30.0,utilitaire_camion,deux_roues,1,2,1,1,3
202400039465,2024-05-12 23:00:00,2024,5,12,23,0,13,13001,BROSSOLETTE PIERRE (AV),43.51316,5.44229,Nuit avec éclairage allumé,En agglomération,Giratoire,Normale,Deux véhicules - côté,4,1,1,0,2,2,1,0,1,50,2,2,1,0,0,1,76.0,26.0,voiture,deux_roues,5,2,6,1,3
202400039465,2024-05-12 23:00:00,2024,5,12,23,0,13,13001,BROSSOLETTE PIERRE (AV),43.51316,5.44229,Nuit avec éclairage allumé,En agglomération,Giratoire,Normale,Deux véhicules - côté,4,2,2,0,1,1,1,0,1,50,2,2,1,0,0,1,76.0,26.0,voiture,deux_roues,5,2,6,1,3
202400039466,2024-04-05 16:07:00,2024,4,5,16,7,84,84122,Route de Vacqueyras,44.087098,4.970723,Plein jour,En agglomération,Passage à niveau,Normale,Deux véhicules - frontale,3,2,2,1,1,1,1,4,1,50,2,2,1,0,1,0,35.0,73.0,utilitaire_camion,deux_roues,1,2,8,1,1
202400039467,2024-02-20 13:40:00,2024,2,20,13,40,13,13005,CAMP DE SARLIER ROUTE DE GEMENOS,43.29826,5.59787,Plein jour,En agglomération,Autre intersection,Normale,Deux véhicules - arrière,3,2,2,0,1,1,1,0,1,50,2,2,1,0,0,1,16.0,37.0,deux_roues,voiture,1,2,9,1,2
202400039468,2024-07-19 22:45:00,2024,7,19,22,45,08,08145,,49.676545,5.029794,Nuit sans éclairage public,En agglomération,Hors intersection,Normale,Autre collision,4,-1,2,0,1,3,1,0,3,50,1,3,0,1,0,2,22.0,,voiture,,3,2,1,1,6
202400039469,2024-05-12 03:01:00,2024,5,12,3,1,08,08409,GARE (PLACE DE LA),49.69541,4.93108,Nuit avec éclairage non allumé,En agglomération,Giratoire,Normale,Autre collision,4,1,2,0,1,3,1,0,8,50,1,3,0,0,0,3,27.0,,voiture,,4,2,6,1,6
202400039469,2024-05-12 03:01:00,2024,5,12,3,1,08,08409,GARE (PLACE DE LA),49.69541,4.93108,Nuit avec éclairage non allumé,En agglomération,Giratoire,Normale,Autre collision,4,-1,1,0,1,1,1,0,1,50,1,3,0,0,0,3,27.0,,voiture,,4,2,6,1,6
202400039470,2024-02-26 23:00:00,2024,2,26,23,0,13,13004,BD DES LICES,43.67506,4.63237,Nuit avec éclairage allumé,En agglomération,Intersection en X,Normale,Deux véhicules - frontale,4,2,2,0,1,1,1,0,1,50,2,2,1,0,0,1,31.0,41.0,voiture,deux_roues,5,2,2,1,1
202400039470,2024-02-26 23:00:00,2024,2,26,23,0,13,13004,BD DES LICES,43.67506,4.63237,Nuit avec éclairage allumé,En agglomération,Intersection en X,Normale,Deux véhicules - frontale,4,2,2,0,1,1,1,0,1,50,2,2,1,0,0,1,31.0,41.0,voiture,deux_roues,5,2,2,1,1