accident_id,datetime,annee,mois,jour,heure,minute,departement,commune_insee,adresse,latitude,longitude,luminosite,agglomeration,intersection,meteo,collision,catr,circ,nbv,vosp,prof,plan,surf,infra,situ,vma,nb_vehicules,nb_usagers,nb_indemnes,nb_tues,nb_blesses_hosp,nb_blesses_legers,age_cond_1,age_cond_2,veh_type_cond_1,veh_type_cond_2,lum_code,agg_code,int_code,atm_code,col_code
202400039611,2024-02-28 07:20:00,2024,2,28,7,20,94,94075,Av du Mal de Lattre de Tassigny / Rue du Lieutenant Dagorno,48.72741642,2.53113292,Crépuscule ou aube,En agglomération,Intersection en T,Temps couvert,Deux véhicules - côté,2,3,4,0,1,1,1,0,1,70,2,2,1,0,0,1,51.0,35.0,utilitaire_camion,deux_roues,2,2,3,8,3
202400039611,2024-02-28 07:20:00,2024,2,28,7,20,94,94075,Av du Mal de Lattre de Tassigny / Rue du Lieutenant Dagorno,48.72741642,2.53113292,Crépuscule ou aube,En agglomération,Intersection en T,Temps couvert,Deux véhicules - côté,2,2,2,0,1,1,1,0,1,50,2,2,1,0,0,1,51.0,35.0,utilitaire_camion,deux_roues,2,2,3,8,3
202400039612,2024-04-04 08:30:00,2024,4,4,8,30,93,93063,A3,48.87391673,2.43718835,Plein jour,Hors agglomération,Hors intersection,Pluie forte,Sans collision,1,3,9,0,4,1,2,0,1,90,1,1,0,0,0,1,26.0,,deux_roues,,1,1,1,3,7
202400039613,2024-07-20 13:00:00,2024,7,20,13,0,42,42262,M105,45.42356523,4.17152521,Plein jour,Hors agglomération,Hors intersection,Normale,Deux véhicules - frontale,3,2,2,0,2,4,1,0,1,80,2,2,1,1,0,0,65.0,28.0,deux_roues,voiture,1,1,1,1,1
202400039614,2024-02-28 07:50:00,2024,2,28,7,50,93,93053,Allée du Canada,48.8915,2.468439,Plein jour,En agglomération,Hors intersection,Normale,Autre collision,4,2,1,0,1,1,1,0,1,20,1,2,1,0,0,1,34.0,,voiture,,1,2,1,1,6
202400039615,2024-04-25 16:45:00,2024,4,25,16,45,66,66164,D900,42.77685,2.902751,Plein jour,Hors agglomération,Hors intersection,Normale,Deux véhicules - arrière,3,1,2,0,1,3,1,0,1,50,2,2,1,0,0,1,25.0,28.0,deux_roues,voiture,1,1,1,1,2
202400039616,2024-02-04 01:20:00,2024,2,4,1,20,64,64445,RONSARD,43.31832,-0.35701,Nuit avec éclairage allumé,En agglomération,Hors intersection,Normale,Sans collision,4,2,2,1,1,1,1,0,4,50,1,1,0,0,0,1,23.0,,voiture,,5,2,1,1,7
202400039617,2024-08-26 18:15:00,2024,8,26,18,15,09,09265,Avenue des Pyrénées,43.090226,1.62706,Plein jour,En agglomération,Hors intersection,Normale,Deux véhicules - arrière,3,2,2,0,1,1,1,0,1,50,2,3,1,0,1,1,15.0,44.0,deux_roues,voiture,1,2,1,1,2
202400039618,2024-07-20 09:00:00,2024,7,20,9,0,46,46268,rivière basse,44.467907,1.603017,Plein jour,Hors agglomération,Intersection en Y,Normale,Autre collision,3,2,2,0,1,1,1,2,1,80,1,1,0,1,0,0,79.0,,voiture,,1,1,4,1,6
202400039618,2024-07-20 09:00:00,2024,7,20,9,0,46,46268,rivière basse,44.467907,1.603017,Plein jour,Hors agglomération,Intersection en Y,Normale,Autre collision,3,2,2,0,2,1,1,0,1,80,1,1,0,1,0,0,79.0,,voiture,,1,1,4,1,6
202400039619,2024-02-28 16:18:00,2024,2,28,16,18,93,93008,Rue Rene Camier,48.91014,2.453321,Plein jour,En agglomération,Hors intersection,Normale,Autre collision,4,1,1,0,1,1,1,0,1,50,1,2,1,0,0,1,30.0,,voiture,,1,2,1,1,6
202400039620,2024-05-03 11:15:00,2024,5,3,11,15,56,56130,Lieu Dit la Madeleine,47.739244,-3.226279,Plein jour,En agglomération,Giratoire,Normale,Deux véhicules - côté,3,2,2,0,1,2,1,5,1,50,2,2,1,0,1,0,59.0,66.0,voiture,deux_roues,1,2,6,1,3
202400039621,2024-08-26 22:10:00,2024,8,26,22,10,07,07058,1525 Route de Valgorge,44.561136,4.286327,Nuit avec éclairage allumé,Hors agglomération,Intersection en T,Normale,Deux véhicules - arrière,3,2,2,0,1,1,1,3,1,90,2,2,1,0,1,0,24.0,16.0,voiture,deux_roues,5,1,3,1,2
202400039621,2024-08-26 22:10:00,2024,8,26,22,10,07,07058,1525 Route de Valgorge,44.561136,4.286327,Nuit avec éclairage allumé,Hors agglomération,Intersection en T,Normale,Deux véhicules - arrière,3,2,2,0,1,1,1,0,8,10,2,2,1,0,1,0,24.0,16.0,voiture,deux_roues,5,1,3,1,2
202400039622,2024-04-04 11:50:00,2024,4,4,11,50,988,98818,RUE ROGER GERVOLINO/RUE JEAN-FRANCOIS CHERRIER,-22.25363,166.47143,Plein jour,En agglomération,Giratoire,Pluie légère,Autre collision,4,2,2,0,1,1,2,5,1,50,1,2,1,0,0,1,56.0,,voiture,,1,2,6,2,6
202400039622,2024-04-04 11:50:00,2024,4,4,11,50,988,98818,RUE ROGER GERVOLINO/RUE JEAN-FRANCOIS CHERRIER,-22.25363,166.47143,Plein jour,En agglomération,Giratoire,Pluie légère,Autre collision,4,3,1,0,1,1,2,5,1,50,1,2,1,0,0,1,56.0,,voiture,,1,2,6,2,6
202400039623,2024-05-13 07:00:00,2024,5,13,7,0,89,89409,D957,47.475121,3.809407,Crépuscule ou aube,Hors agglomération,Hors intersection,Pluie légère,Autre collision,3,2,2,0,2,3,2,0,1,90,1,1,0,0,0,1,60.0,,voiture,,2,1,1,2,6
202400039624,2024-02-28 13:45:00,2024,2,28,13,45,93,93005,Rue Jacques Chirac,48.92780505,2.48985708,Plein jour,En agglomération,Hors intersection,Normale,Deux véhicules - côté,4,1,1,0,1,1,1,9,1,50,2,4,2,0,0,2,13.0,70.0,deux_roues,voiture,1,2,1,1,3
202400039625,2024-08-27 01:00:00,2024,8,27,1,0,40,40236,cd 107,43.677886,-0.873043,Nuit sans éclairage public,Hors agglomération,Hors intersection,Normale,Autre collision,3,2,2,0,1,1,1,0,3,80,1,2,0,0,1,1,53.0,,voiture,,3,1,1,1,6
202400039626,2024-07-20 04:00:00,2024,7,20,4,0,47,47086,Route de Marmande,44.668767,0.187175,Nuit sans éclairage public,Hors agglomération,Giratoire,Normale,Autre collision,3,2,2,0,4,1,1,5,1,80,1,8,0,0,2,6,20.0,,voiture,,3,1,6,1,6
202400039627,2024-05-11 19:20:00,2024,5,11,19,20,49,49367,la croix robert,47.568708,-0.796123,Plein jour,Hors agglomération,Intersection en T,Normale,Deux véhicules - côté,3,1,2,0,1,1,1,0,1,80,2,2,1,0,1,0,36.0,24.0,utilitaire_camion,deux_roues,1,1,3,1,3
202400039627,2024-05-11 19:20:00,2024,5,11,19,20,49,49367,la croix robert,47.568708,-0.796123,Plein jour,Hors agglomération,Intersection en T,Normale,Deux véhicules - côté,3,2,2,0,1,1,1,0,1,80,2,2,1,0,1,0,36.0,24.0,utilitaire_camion,deux_roues,1,1,3,1,3
202400039628,2024-04-04 10:15:00,2024,4,4,10,15,974,97416,GAGARINE (RUE YOURI),-21.32973,55.4791,Plein jour,En agglomération,Intersection en Y,Normale,Deux véhicules - côté,4,2,2,0,1,1,1,9,1,50,2,2,1,0,0,1,41.0,6.0,voiture,deux_roues,1,2,4,1,3
202400039628,2024-04-04 10:15:00,2024,4,4,10,15,974,97416,GAGARINE (RUE YOURI),-21.32973,55.4791,Plein jour,En agglomération,Intersection en Y,Normale,Deux véhicules - côté,4,2,2,0,1,1,1,0,1,50,2,2,1,0,0,1,41.0,6.0,voiture,deux_roues,1,2,4,1,3
202400039629,2024-02-28 21:20:00,2024,2,28,21,20,92,92063,ESTIENNE D'ORVES (RUE D'),48.88709749,2.17952371,Nuit avec éclairage allumé,En agglomération,Intersection en X,Normale,Deux véhicules - côté,3,2,0,0,1,1,1,5,1,50,2,2,1,0,0,1,34.0,21.0,voiture,voiture,5,2,2,1,3
202400039629,2024-02-28 21:20:00,2024,2,28,21,20,92,92063,ESTIENNE D'ORVES (RUE D'),48.88709749,2.17952371,Nuit avec éclairage allumé,En agglomération,Intersection en X,Normale,Deux véhicules - côté,3,2, -1,-1,1,1,1,5,1,-1,2,2,1,0,0,1,34.0,21.0,voiture,voiture,5,2,2,1,3
202400039630,2024-05-11 13:30:00,2024,5,11,13,30,49,49224,Route de la Ronde,47.313425,-0.022652,Plein jour,Hors agglomération,Giratoire,Temps éblouissant,Sans collision,3,-1,1,0,1,1,1,0,1,80,1,1,0,0,1,0,63.0,,deux_roues,,1,1,6,7,7
202400039631,2024-07-20 16:45:00,2024,7,20,16,45,41,41241,RD724 - Rue de Bourgogne,47.387537,1.933224,Plein jour,Hors agglomération,Hors intersection,Normale,Deux véhicules - frontale,3,2,2,0,1,1,1,0,1,80,2,3,0,1,2,0,36.0,73.0,voiture,voiture,1,1,1,1,1
202400039632,2024-08-27 08:30:00,2024,8,27,8,30,24,24311,Route de Piégut,45.544692,0.670477,Plein jour,En agglomération,Intersection en T,Normale,Deux véhicules - frontale,3,2,2,0,3,2,1,0,1,50,2,2,1,1,0,0,60.0,21.0,utilitaire_camion,deux_roues,1,2,3,1,1
202400039632,2024-08-27 08:30:00,2024,8,27,8,30,24,24311,Route de Piégut,45.544692,0.670477,Plein jour,En agglomération,Intersection en T,Normale,Deux véhicules - frontale,3,2, -1,-1,3,1,1,0,1,50,2,2,1,1,0,0,60.0,21.0,utilitaire_camion,deux_roues,1,2,3,1,1
202400039633,2024-04-03 12:05:00,2024,4,3,12,5,974,97407,ROUTE DU SACRE COEUR,-20.9553,55.31181,Plein jour,En agglomération,Autre intersection,Normale,Deux véhicules - côté,2,-1,0,0,1,1,1,0,8,50,2,2,1,0,0,1,54.0,16.0,voiture,deux_roues,1,2,9,1,3
202400039634,2024-05-12 23:00:00,2024,5,12,23,0,68,68201,8 Rue du Général de Gaulle,47.773386,7.000635,Nuit avec éclairage allumé,En agglomération,Hors intersection,Pluie forte,Autre collision,3,2,2,3,1,2,2,0,3,50,1,1,0,1,0,0,26.0,,voiture,,5,2,1,3,6
202400039635,2024-02-28 09:01:00,2024,2,28,9,1,92,92063,HUGO (AVENUE VICTOR),48.88429722,2.17833737,Plein jour,En agglomération,Intersection en T,Normale,Deux véhicules - côté,3,2,4,0,1,3,1,0,1,50,2,3,2,0,0,1,23.0,59.0,deux_roues,voiture,1,2,3,1,3
202400039635,2024-02-28 09:01:00,2024,2,28,9,1,92,92063,HUGO (AVENUE VICTOR),48.88429722,2.17833737,Plein jour,En agglomération,Intersection en T,Normale,Deux véhicules - côté,3,1,1,0,1,1,1,0,1,50,2,3,2,0,0,1,23.0,59.0,deux_roues,voiture,1,2,3,1,3
202400039636,2024-08-25 12:00:00,2024,8,25,12,0,04,04135,D957 pont du galetas,43.801797,6.249483,Plein jour,Hors agglomération,Hors intersection,Normale,Autre collision,3,2,2,0,1,1,1,2,1,50,1,2,1,0,0,1,40.0,,voiture,,1,1,1,1,6
202400039637,2024-02-28 17:15:00,2024,2,28,17,15,92,92050,PEUPLIERS RUE DES,48.91227,2.21605,Plein jour,En agglomération,Autre intersection,Normale,Deux véhicules - frontale,4,3,2,0,1,1,1,0,1,50,2,2,1,0,0,1,44.0,27.0,voiture,deux_roues,1,2,9,1,1
202400039638,2024-07-15 12:25:00,2024,7,15,12,25,44,44212,la haute bourdeliere,47.149122,-1.244025,Plein jour,Hors agglomération,Intersection en T,Normale,Deux véhicules - frontale,3,2,2,0,2,3,1,0,1,80,2,3,2,0,1,0,22.0,60.0,voiture,utilitaire_camion,1,1,3,1,1
202400039638,2024-07-15 12:25:00,2024,7,15,12,25,44,44212,la haute bourdeliere,47.149122,-1.244025,Plein jour,Hors agglomération,Intersection en T,Normale,Deux véhicules - frontale,3,2,2,0,1,1,1,0,1,80,2,3,2,0,1,0,22.0,60.0,voiture,utilitaire_camion,1,1,3,1,1
202400039639,2024-04-03 23:15:00,2024,4,3,23,15,973,97302,CESAIRE (CITE),4.93050202,-52.32233271,Nuit avec éclairage non allumé,En agglomération,Intersection en X,Normale,Deux véhicules - côté,4,3,2,1,1,1,1,0,1,50,2,2,1,0,0,1,44.0,16.0,voiture,deux_roues,4,2,2,1,3
202400039639,2024-04-03 23:15:00,2024,4,3,23,15,973,97302,CESAIRE (CITE),4.93050202,-52.32233271,Nuit avec éclairage non allumé,En agglomération,Intersection en X,Normale,Deux véhicules - côté,4,3,2,0,1,1,1,0,1,50,2,2,1,0,0,1,44.0,16.0,voiture,deux_roues,4,2,2,1,3
202400039640,2024-05-11 19:40:00,2024,5,11,19,40,22,22216,Kermoyec Bihan,48.49828,-3.398075,Plein jour,Hors agglomération,Intersection en T,Normale,Deux véhicules - côté,4,2,2,0,1,1,1,0,1,80,2,2,1,0,0,1,20.0,61.0,voiture,voiture,1,1,3,1,3
202400039640,2024-05-11 19:40:00,2024,5,11,19,40,22,22216,Kermoyec Bihan,48.49828,-3.398075,Plein jour,Hors agglomération,Intersection en T,Normale,Deux véhicules - côté,4,2,2,0,1,1,1,9,1,-1,2,2,1,0,0,1,20.0,61.0,voiture,voiture,1,1,3,1,3
202400039641,2024-02-28 11:10:00,2024,2,28,11,10,92,92050,HAVRE BOULEVARD DU,48.91982818,2.22135812,Plein jour,En agglomération,Autre intersection,Normale,Deux véhicules - côté,3,1,3,1,1,1,1,0,5,50,2,2,1,0,0,1,25.0,30.0,utilitaire_camion,deux_roues,1,2,9,1,3
202400039642,2024-08-26 20:15:00,2024,8,26,20,15,85,85246,RD7,46.744029,-1.193304,Crépuscule ou aube,Hors agglomération,Hors intersection,Normale,Deux véhicules - frontale,3,2,2,0,1,2,1,0,1,80,2,2,1,0,1,0,50.0,36.0,voiture,deux_roues,2,1,1,1,1
202400039643,2024-05-12 20:05:00,2024,5,12,20,5,29,29130,Route de Trégana,48.357055,-4.647056,Plein jour,Hors agglomération,Hors intersection,Normale,Autre collision,4,2,2,1,1,2,1,0,3,50,1,1,0,0,1,0,54.0,,deux_roues,,1,1,1,1,6
202400039644,2024-07-19 23:55:00,2024,7,19,23,55,38,38394,1024 Route de Saint Marcellin,45.107394,5.256835,Nuit sans éclairage public,Hors agglomération,Hors intersection,Normale,Deux véhicules - arrière,3,2,2,0,1,1,1,0,1,90,2,2,1,0,1,0,,18.0,voiture,deux_roues,3,1,1,1,2
202400039645,2024-04-03 13:40:00,2024,4,3,13,40,973,97302,BADUEL (ROND POINT DE),4.93330791,-52.30939507,Plein jour,En agglomération,Giratoire,Normale,Deux véhicules - côté,3,1,2,0,1,3,1,0,1,50,2,3,2,0,0,1,19.0,43.0,voiture,deux_roues,1,2,6,1,3
202400039646,2024-05-13 01:00:00,2024,5,13,1,0,38,38275,D22,45.252867,5.383172,Nuit sans éclairage public,Hors agglomération,Hors intersection,Normale,Autre collision,3,2,2,0,1,1,1,0,8,80,1,2,0,0,2,0,20.0,,voiture,,3,1,1,1,6
202400039647,2024-02-28 18:00:00,2024,2,28,18,0,92,92048,VAUGIRARD (ROUTE DE),48.82006102,2.24101281,Plein jour,En agglomération,Hors intersection,Normale,Deux véhicules - côté,3,1,2,0,1,1,1,0,1,50,2,3,2,0,0,1,26.0,24.0,deux_roues,voiture,1,2,1,1,3
202400039648,2024-07-19 20:10:00,2024,7,19,20,10,84,84017,D974,44.126316,5.278416,Plein jour,Hors agglomération,Hors intersection,Normale,Sans collision,3,2,2,0,2,3,1,0,1,80,1,1,0,1,0,0,57.0,,deux_roues,,1,1,1,1,7
202400039649,2024-02-28 14:15:00,2024,2,28,14,15,92,92004,BOURGUIGNONS ( RUE 33 A FIN ),48.91515782,2.27536851,Plein jour,En agglomération,Hors intersection,Normale,Autre collision,3,1,1,0,1,1,1,0,1,50,1,2,1,0,0,1,,,deux_roues,,1,2,1,1,6
202400039650,2024-07-20 16:30:00,2024,7,20,16,30,15,15255,RD 990 ,44.893363,2.532801,Plein jour,Hors agglomération,Hors intersection,Normale,Autre collision,3,2,2,0,1,1,1,0,3,90,1,2,0,0,1,1,50.0,,deux_roues,,1,1,1,1,6
202400039651,2024-04-04 18:30:00,2024,4,4,18,30,69,69388,Boulevard des Etats-Unis,45.72690191,4.86965567,Plein jour,En agglomération,Passage à niveau,Normale,Deux véhicules - côté,4,2,4,2,1,1,1,4,6,50,2,3,2,0,0,1,58.0,34.0,voiture,transport_commun,1,2,8,1,3
202400039651,2024-04-04 18:30:00,2024,4,4,18,30,69,69388,Boulevard des Etats-Unis,45.72690191,4.86965567,Plein jour,En agglomération,Passage à niveau,Normale,Deux véhicules - côté,4,2,2,0,1,1,1,4,6,30,2,3,2,0,0,1,58.0,34.0,voiture,transport_commun,1,2,8,1,3
202400039652,2024-08-24 00:47:00,2024,8,24,0,47,30,30326,A9,44.01255998,4.71699779,Nuit sans éclairage public,Hors agglomération,Hors intersection,Normale,Trois véhicules et plus - en chaîne,1,3,3,0,1,1,1,0,1,130,3,6,3,0,1,2,20.0,29.0,voiture,voiture,3,1,1,1,4
202400039653,2024-05-13 11:45:00,2024,5,13,11,45,01,01196,217 Route de la Vavre,46.365275,5.124382,Plein jour,En agglomération,Autre intersection,Normale,Deux véhicules - côté,4,2,2,1,4,1,1,9,1,50,2,2,1,0,1,0,55.0,60.0,deux_roues,voiture,1,2,9,1,3
202400039653,2024-05-13 11:45:00,2024,5,13,11,45,01,01196,217 Route de la Vavre,46.365275,5.124382,Plein jour,En agglomération,Autre intersection,Normale,Deux véhicules - côté,4,-1, -1,-1,1,1,1,-1,1,-1,2,2,1,0,1,0,55.0,60.0,deux_roues,voiture,1,2,9,1,3
202400039654,2024-07-19 12:50:00,2024,7,19,12,50,26,26025,D340,44.661368,5.374146,Plein jour,Hors agglomération,Hors intersection,Normale,Sans collision,3,2,2,0,1,1,1,0,1,80,1,1,0,0,1,0,74.0,,voiture,,1,1,1,1,7
202400039655,2024-02-28 17:45:00,2024,2,28,17,45,47,47146,Route du Cendrous,44.4527,0.650157,Plein jour,Hors agglomération,Intersection en T,Normale,Deux véhicules - côté,4,2,2,0,1,1,1,0,1,80,2,3,1,0,1,1,18.0,53.0,deux_roues,voiture,1,1,3,1,3
202400039655,2024-02-28 17:45:00,2024,2,28,17,45,47,47146,Route du Cendrous,44.4527,0.650157,Plein jour,Hors agglomération,Intersection en T,Normale,Deux véhicules - côté,4,2,2,0,1,3,1,0,1,80,2,3,1,0,1,1,18.0,53.0,deux_roues,voiture,1,1,3,1,3
202400039656,2024-04-04 17:40:00,2024,4,4,17,40,69,69385,30 Chemin de Choulans,45.75286,4.8204,Plein jour,En agglomération,Hors intersection,Normale,Autre collision,4,1,1,3,2,3,1,0,1,30,1,1,0,0,0,1,36.0,,deux_roues,,1,2,1,1,6
202400039657,2024-08-25 23:00:00,2024,8,25,23,0,987,98725,RT.2 à hauteur du PK11+800,-17.506728,-149.472388,Nuit avec éclairage allumé,Hors agglomération,Hors intersection,Normale,Deux véhicules - frontale,2,2,2,0,1,3,1,0,1,60,2,2,1,0,1,0,27.0,25.0,deux_roues,voiture,5,1,1,1,1
202400039658,2024-02-27 14:25:00,2024,2,27,14,25,51,51446,chemin,48.77705,4.476564,Plein jour,Hors agglomération,Hors intersection,Normale,Autre collision,9,2,1,0,1,1,1,0,1,-1,1,2,1,0,1,0,14.0,,utilitaire_camion,,1,1,1,1,6
202400039659,2024-04-03 11:49:00,2024,4,3,11,49,2B,2B033,TOUTES RUES,42.6855,9.4464,Plein jour,En agglomération,Hors intersection,Normale,Deux véhicules - arrière,2,2,1,0,2,3,1,5,1,50,2,2,1,0,0,1,25.0,61.0,voiture,voiture,1,2,1,1,2
202400039660,2024-05-11 05:00:00,2024,5,11,5,0,70,70311,Avenue Labienus,47.818889,6.374838,Nuit sans éclairage public,En agglomération,Intersection en T,Normale,Autre collision,4,2,2,0,1,2,1,0,4,50,1,2,1,0,0,1,21.0,,voiture,,3,2,3,1,6
202400039660,2024-05-11 05:00:00,2024,5,11,5,0,70,70311,Avenue Labienus,47.818889,6.374838,Nuit sans éclairage public,En agglomération,Intersection en T,Normale,Autre collision,4,2, -1,-1,1,1,1,0,1,-1,1,2,1,0,0,1,21.0,,voiture,,3,2,3,1,6
202400039661,2024-07-19 14:30:00,2024,7,19,14,30,72,72183,lieu dit les petits bournais,47.71674934,0.56842446,Plein jour,Hors agglomération,Autre intersection,Normale,Deux véhicules - côté,3,2,2,0,1,1,1,0,1,80,2,3,0,0,1,2,15.0,64.0,deux_roues,voiture,1,1,9,1,3
202400039662,2024-05-13 19:15:00,2024,5,13,19,15,66,66053,,42.5295843,3.0764991,Crépuscule ou aube,En agglomération,Hors intersection,Normale,Autre collision,3,2,2,0,4,1,1,0,1,50,1,2,1,0,0,1,70.0,,voiture,,2,2,1,1,6
202400039663,2024-08-25 14:05:00,2024,8,25,14,5,77,77443,2 Rue de Meaux,48.887928,2.957398,Plein jour,En agglomération,Hors intersection,Normale,Autre collision,3,2,2,0,1,1,1,0,1,50,1,1,0,0,1,0,20.0,,deux_roues,,1,2,1,1,6
202400039664,2024-02-28 17:09:00,2024,2,28,17,9,18,18233,93 Avenue de Fontenay,47.339095,2.839478,Plein jour,En agglomération,Intersection en T,Temps couvert,Deux véhicules - côté,3,2,2,0,1,1,1,9,1,50,2,2,1,0,1,0,17.0,84.0,deux_roues,voiture,1,2,3,8,3
202400039664,2024-02-28 17:09:00,2024,2,28,17,9,18,18233,93 Avenue de Fontenay,47.339095,2.839478,Plein jour,En agglomération,Intersection en T,Temps couvert,Deux véhicules - côté,3,2, -1,-1,1,1,1,0,1,-1,2,2,1,0,1,0,17.0,84.0,deux_roues,voiture,1,2,3,8,3
202400039665,2024-04-04 15:05:00,2024,4,4,15,5,2A,2A004,FREDIANI RUE LOUIS,41.92498,8.73817,Plein jour,En agglomération,Hors intersection,Normale,Deux véhicules - côté,4,1,2,0,2,1,1,0,1,50,2,2,1,0,0,1,50.0,59.0,voiture,deux_roues,1,2,1,1,3
202400039666,2024-07-17 19:20:00,2024,7,17,19,20,72,72275,D20,48.06504798,0.35313244,Plein jour,Hors agglomération,Hors intersection,Normale,Deux véhicules - frontale,3,2,2,0,1,4,1,0,1,90,2,2,1,0,1,0,44.0,32.0,deux_roues,voiture,1,1,1,1,1
202400039667,2024-05-13 10:45:00,2024,5,13,10,45,54,54029,Rue de Verdun,49.36275275,5.88205218,Plein jour,En agglomération,Hors intersection,Normale,Deux véhicules - frontale,3,2,2,0,2,1,1,0,3,50,2,2,0,0,0,2,74.0,20.0,voiture,utilitaire_camion,1,2,1,1,1
202400039668,2024-08-26 09:55:00,2024,8,26,9,55,11,11076,D103,43.319901,1.97461,Plein jour,Hors agglomération,Hors intersection,Normale,Autre collision,3,2,2,0,1,1,1,0,3,80,1,2,0,0,2,0,79.0,,voiture,,1,1,1,1,6
202400039669,2024-02-27 07:08:00,2024,2,27,7,8,972,97210,N6,14.579281,-60.864464,Plein jour,Hors agglomération,Hors intersection,Normale,Deux véhicules - côté,2,2,2,0,2,1,1,0,1,80,2,3,2,0,1,0,68.0,49.0,voiture,deux_roues,1,1,1,1,3
202400039670,2024-07-19 18:20:00,2024,7,19,18,20,06,06009,Route Métropolitaine 2205,44.012278,7.131597,Plein jour,Hors agglomération,Hors intersection,Normale,Autre collision,7,3,4,0,2,1,1,0,1,110,1,1,0,0,1,0,62.0,,deux_roues,,1,1,1,1,6
202400039671,2024-04-04 07:05:00,2024,4,4,7,5,2A,2A004,#ROUTE DU STILETTO#,41.94498,8.75929,Plein jour,En agglomération,Giratoire,Normale,Deux véhicules - côté,3,2,2,0,4,1,1,0,1,50,2,2,1,0,1,0,34.0,69.0,deux_roues,utilitaire_camion,1,2,6,1,3
202400039672,2024-02-28 22:20:00,2024,2,28,22,20,44,44149,,47.473736,-1.638465,Nuit sans éclairage public,Hors agglomération,Hors intersection,Pluie légère,Autre collision,3,2,2,0,1,1,2,0,3,80,1,1,0,0,1,0,53.0,,voiture,,3,1,1,2,6
202400039673,2024-05-12 18:00:00,2024,5,12,18,0,54,54084,D952,49.31544316,5.82927704,Plein jour,Hors agglomération,Hors intersection,Temps éblouissant,Sans collision,3,2,2,0,2,3,1,0,8,80,3,3,2,0,1,0,19.0,19.0,deux_roues,deux_roues,1,1,1,7,7
202400039674,2024-04-04 14:20:00,2024,4,4,14,20,95,95252,GENERAL LECLERC (RUE DU),48.99064,2.20596,Plein jour,En agglomération,Autre intersection,Normale,Deux véhicules - côté,6,-1,0,0,1,1,2,1,8,10,2,2,1,0,0,1,27.0,46.0,voiture,utilitaire_camion,1,2,9,1,3
202400039675,2024-08-26 19:00:00,2024,8,26,19,0,04,04152,Chemin de Sainte Tulle,43.795749,5.745614,Plein jour,Hors agglomération,Hors intersection,Normale,Deux véhicules - frontale,4,2,2,0,1,1,1,0,1,80,2,4,2,0,1,1,17.0,46.0,deux_roues,voiture,1,1,1,1,1
202400039676,2024-07-19 16:10:00,2024,7,19,16,10,14,14326,D510,49.156241,0.271482,Plein jour,Hors agglomération,Intersection en T,Normale,Deux véhicules - frontale,3,2,2,0,3,3,1,0,1,80,2,2,1,0,0,1,54.0,37.0,deux_roues,voiture,1,1,3,1,1
202400039676,2024-07-19 16:10:00,2024,7,19,16,10,14,14326,D510,49.156241,0.271482,Plein jour,Hors agglomération,Intersection en T,Normale,Deux véhicules - frontale,3,2,2,0,1,3,1,0,1,80,2,2,1,0,0,1,54.0,37.0,deux_roues,voiture,1,1,3,1,1
202400039677,2024-02-28 08:35:00,2024,2,28,8,35,51,51351,Marigny,48.66987968,3.86690867,Plein jour,Hors agglomération,Hors intersection,Normale,Deux véhicules - arrière,3,2,2,0,1,1,1,0,1,80,2,3,1,0,1,1,28.0,54.0,voiture,utilitaire_camion,1,1,1,1,2
202400039678,2024-05-13 00:10:00,2024,5,13,0,10,50,50058,Les Landelles,49.066728,-1.594493,Nuit sans éclairage public,En agglomération,Hors intersection,Normale,Sans collision,3,2,2,0,1,1,1,0,1,50,1,1,0,0,1,0,35.0,,deux_roues,,3,2,1,1,7
202400039679,2024-07-20 03:30:00,2024,7,20,3,30,50,50603,Rue du Val,49.047995,-1.554008,Nuit sans éclairage public,Hors agglomération,Hors intersection,Normale,Sans collision,4,2,2,0,1,1,1,0,3,80,1,1,0,0,1,0,39.0,,deux_roues,,3,1,1,1,7
202400039680,2024-04-03 08:40:00,2024,4,3,8,40,95,95197,D928,48.96602654,2.31880604,Plein jour,En agglomération,Intersection en T,Pluie légère,Deux véhicules - côté,3,2,1,0,1,1,2,0,1,50,2,2,1,0,0,1,38.0,43.0,deux_roues,voiture,1,2,3,2,3
202400039680,2024-04-03 08:40:00,2024,4,3,8,40,95,95197,D928,48.96602654,2.31880604,Plein jour,En agglomération,Intersection en T,Pluie légère,Deux véhicules - côté,3,1,2,0,1,1,2,0,1,50,2,2,1,0,0,1,38.0,43.0,deux_roues,voiture,1,2,3,2,3
202400039681,2024-08-26 14:40:00,2024,8,26,14,40,26,26156,A7,45.091762,4.879389,Plein jour,Hors agglomération,Hors intersection,Normale,Deux véhicules - arrière,1,1,3,0,1,1,1,0,1,130,2,4,3,0,0,1,53.0,53.0,voiture,utilitaire_camion,1,1,1,1,2
202400039682,2024-05-09 12:50:00,2024,5,9,12,50,45,45281,route de Préau,48.06130281,3.0342865,Plein jour,Hors agglomération,Hors intersection,Normale,Sans collision,4,-1,2,0,1,1,1,0,1,80,2,5,3,1,1,0,52.0,51.0,voiture,deux_roues,1,1,1,1,7
202400039683,2024-02-28 12:10:00,2024,2,28,12,10,67,67434,4 Rue Vincent d'Indy,48.935934,7.088639,Plein jour,En agglomération,Intersection en Y,Normale,Deux véhicules - frontale,4,2,2,0,1,3,1,5,1,50,2,2,1,0,1,0,56.0,41.0,voiture,deux_roues,1,2,4,1,1