accident_id,datetime,annee,mois,jour,heure,minute,departement,commune_insee,adresse,latitude,longitude,luminosite,agglomeration,intersection,meteo,collision,catr,circ,nbv,vosp,prof,plan,surf,infra,situ,vma,nb_vehicules,nb_usagers,nb_indemnes,nb_tues,nb_blesses_hosp,nb_blesses_legers,age_cond_1,age_cond_2,veh_type_cond_1,veh_type_cond_2,lum_code,agg_code,int_code,atm_code,col_code
202400039683,2024-02-28 12:10:00,2024,2,28,12,10,67,67434,4 Rue Vincent d'Indy,48.935934,7.088639,Plein jour,En agglomération,Intersection en Y,Normale,Deux véhicules - frontale,4,2, -1,-1,1,1,1,5,1,-1,2,2,1,0,1,0,56.0,41.0,voiture,deux_roues,1,2,4,1,1
202400039684,2024-07-19 17:30:00,2024,7,19,17,30,64,64238,CD817,43.248344,-0.082743,Plein jour,Hors agglomération,Intersection en X,Normale,Deux véhicules - côté,3,2,2,0,1,1,1,5,1,80,2,2,1,0,1,0,40.0,20.0,voiture,deux_roues,1,1,2,1,3
202400039684,2024-07-19 17:30:00,2024,7,19,17,30,64,64238,CD817,43.248344,-0.082743,Plein jour,Hors agglomération,Intersection en X,Normale,Deux véhicules - côté,3,4,2,3,3,1,1,5,1,80,2,2,1,0,1,0,40.0,20.0,voiture,deux_roues,1,1,2,1,3
202400039685,2024-05-11 22:15:00,2024,5,11,22,15,16,16182,,46.032894,0.773532,Nuit avec éclairage non allumé,Hors agglomération,Intersection en T,Normale,Autre collision,3,2,2,0,2,3,1,0,8,80,1,1,0,0,1,0,30.0,,voiture,,4,1,3,1,6
202400039685,2024-05-11 22:15:00,2024,5,11,22,15,16,16182,,46.032894,0.773532,Nuit avec éclairage non allumé,Hors agglomération,Intersection en T,Normale,Autre collision,3,2, -1,-1,2,2,1,0,1,80,1,1,0,0,1,0,30.0,,voiture,,4,1,3,1,6
202400039686,2024-08-26 11:00:00,2024,8,26,11,0,07,07130,RN102,44.74985,3.988198,Plein jour,Hors agglomération,Hors intersection,Normale,Autre collision,2,2,2,0,1,1,1,0,3,-1,1,1,0,0,0,1,41.0,,voiture,,1,1,1,1,6
202400039687,2024-04-04 23:15:00,2024,4,4,23,15,91,91549,REPUBLIQUE (AVENUE DE LA),48.63938,2.3213,Nuit avec éclairage allumé,En agglomération,Intersection en X,Normale,Deux véhicules - côté,4,-1,0,0,1,1,1,0,1,50,2,2,0,0,0,2,25.0,18.0,deux_roues,voiture,5,2,2,1,3
202400039687,2024-04-04 23:15:00,2024,4,4,23,15,91,91549,REPUBLIQUE (AVENUE DE LA),48.63938,2.3213,Nuit avec éclairage allumé,En agglomération,Intersection en X,Normale,Deux véhicules - côté,4,2,0,0,1,1,1,0,1,50,2,2,0,0,0,2,25.0,18.0,deux_roues,voiture,5,2,2,1,3
202400039688,2024-02-28 11:30:00,2024,2,28,11,30,71,71154,Rue Paul Sabatier,46.832554,4.871101,Plein jour,En agglomération,Intersection en X,Normale,Deux véhicules - côté,3,2,2,0,1,1,1,0,1,50,2,2,1,0,0,1,36.0,51.0,deux_roues,voiture,1,2,2,1,3
202400039688,2024-02-28 11:30:00,2024,2,28,11,30,71,71154,Rue Paul Sabatier,46.832554,4.871101,Plein jour,En agglomération,Intersection en X,Normale,Deux véhicules - côté,3,2,2,0,1,1,1,0,1,50,2,2,1,0,0,1,36.0,51.0,deux_roues,voiture,1,2,2,1,3
202400039689,2024-07-19 20:35:00,2024,7,19,20,35,07,07005,D107,44.562584,4.595595,Crépuscule ou aube,Hors agglomération,Giratoire,Temps éblouissant,Autre collision,3,2,1,0,1,3,1,0,1,50,1,2,1,0,0,1,39.0,,voiture,,2,1,6,7,6
202400039690,2024-02-29 15:50:00,2024,2,29,15,50,71,71295,64 Route de Chalon,46.808028,5.142466,Plein jour,Hors agglomération,Hors intersection,Normale,Deux véhicules - côté,3,2,2,0,1,1,1,0,1,80,2,2,1,0,0,1,42.0,82.0,voiture,deux_roues,1,1,1,1,3
202400039691,2024-07-12 16:38:00,2024,7,12,16,38,21,21567,D 36,47.106318,4.491391,Plein jour,Hors agglomération,Hors intersection,Normale,Sans collision,3,2,2,0,1,2,1,0,1,80,1,1,0,0,0,1,22.0,,deux_roues,,1,1,1,1,7
202400039692,2024-05-11 15:50:00,2024,5,11,15,50,27,27622,D31,49.117591,0.685371,Plein jour,Hors agglomération,Intersection en X,Normale,Autre collision,3,2,2,0,1,1,1,0,1,80,4,4,1,0,3,0,73.0,77.0,deux_roues,deux_roues,1,1,2,1,6
202400039692,2024-05-11 15:50:00,2024,5,11,15,50,27,27622,D31,49.117591,0.685371,Plein jour,Hors agglomération,Intersection en X,Normale,Autre collision,3,2,2,-1,1,1,1,0,1,50,4,4,1,0,3,0,73.0,77.0,deux_roues,deux_roues,1,1,2,1,6
202400039693,2024-04-04 14:20:00,2024,4,4,14,20,91,91347,RTE DE MONTLHERY,48.63529,2.28541,Plein jour,En agglomération,Intersection en T,Normale,Trois véhicules et plus - en chaîne,3,2,2,0,1,1,1,0,1,50,3,5,1,0,0,4,31.0,30.0,voiture,voiture,1,2,3,1,4
202400039693,2024-04-04 14:20:00,2024,4,4,14,20,91,91347,RTE DE MONTLHERY,48.63529,2.28541,Plein jour,En agglomération,Intersection en T,Normale,Trois véhicules et plus - en chaîne,3,2,2,0,1,1,1,0,1,50,3,5,1,0,0,4,31.0,30.0,voiture,voiture,1,2,3,1,4
202400039694,2024-07-19 18:05:00,2024,7,19,18,5,21,21360,Route de Montceau,47.081929,4.670777,Plein jour,Hors agglomération,Hors intersection,Normale,Sans collision,3,2,2,0,2,2,1,0,3,80,2,2,1,0,0,1,,28.0,voiture,deux_roues,1,1,1,1,7
202400039695,2024-07-19 17:35:00,2024,7,19,17,35,85,85051,Avenue monseigneur batiot,46.68931,-1.05176,Plein jour,En agglomération,Autre intersection,Temps éblouissant,Deux véhicules - côté,3,2,2,0,1,1,1,0,1,50,2,2,1,0,0,1,23.0,17.0,voiture,deux_roues,1,2,9,7,3
202400039696,2024-02-28 18:00:00,2024,2,28,18,0,63,63081,lieu dit pradelles,45.520661,3.676584,Plein jour,Hors agglomération,Hors intersection,Normale,Sans collision,4,2,2,0,1,1,1,0,3,80,1,1,0,0,1,0,84.0,,voiture,,1,1,1,1,7
202400039697,2024-08-27 06:15:00,2024,8,27,6,15,69,69117,Route Départementale 306,45.86203,4.742151,Crépuscule ou aube,Hors agglomération,Hors intersection,Normale,Deux véhicules - côté,7,2,2,1,1,1,1,0,1,80,2,2,1,0,1,0,46.0,25.0,utilitaire_camion,deux_roues,2,1,1,1,3
202400039698,2024-05-12 16:45:00,2024,5,12,16,45,17,17457,D114,46.044051,-0.763483,Plein jour,Hors agglomération,Hors intersection,Normale,Sans collision,3,2,2,0,1,3,1,0,8,80,1,1,0,0,1,0,18.0,,voiture,,1,1,1,1,7
202400039699,2024-07-19 14:00:00,2024,7,19,14,0,27,27208,D613,49.147265,0.491984,Plein jour,Hors agglomération,Hors intersection,Normale,Autre collision,3,3,3,0,1,1,1,0,3,80,1,6,3,0,2,1,46.0,,voiture,,1,1,1,1,6
202400039700,2024-04-04 07:43:00,2024,4,4,7,43,91,91692,BERRY (AVENUE DU),48.68249,2.17082,Plein jour,En agglomération,Intersection en T,Pluie forte,Autre collision,4,2,2,0,1,1,3,0,1,30,1,2,1,0,0,1,49.0,,voiture,,1,2,3,3,6
202400039700,2024-04-04 07:43:00,2024,4,4,7,43,91,91692,BERRY (AVENUE DU),48.68249,2.17082,Plein jour,En agglomération,Intersection en T,Pluie forte,Autre collision,4,2,2,0,1,1,3,0,1,30,1,2,1,0,0,1,49.0,,voiture,,1,2,3,3,6
202400039701,2024-02-28 08:10:00,2024,2,28,8,10,61,61293,D912,48.522744,0.542573,Plein jour,En agglomération,Autre intersection,Normale,Deux véhicules - côté,3,2,2,0,1,1,1,0,1,30,2,2,1,0,0,1,39.0,58.0,deux_roues,voiture,1,2,9,1,3
202400039701,2024-02-28 08:10:00,2024,2,28,8,10,61,61293,D912,48.522744,0.542573,Plein jour,En agglomération,Autre intersection,Normale,Deux véhicules - côté,3,1, -1,0,1,1,1,0,1,30,2,2,1,0,0,1,39.0,58.0,deux_roues,voiture,1,2,9,1,3
202400039702,2024-08-27 11:15:00,2024,8,27,11,15,65,65295,4 Route de Gavarnie,42.86693,-0.009618,Plein jour,En agglomération,Hors intersection,Normale,Deux véhicules - côté,3,2,2,0,4,1,1,0,1,30,2,2,1,0,1,0,66.0,50.0,deux_roues,utilitaire_camion,1,2,1,1,3
202400039703,2024-05-11 12:15:00,2024,5,11,12,15,17,17174,D114,46.021686,-0.751727,Plein jour,Hors agglomération,Hors intersection,Normale,Deux véhicules - frontale,3,2,2,0,1,2,1,0,1,80,2,4,1,0,1,2,20.0,44.0,voiture,utilitaire_camion,1,1,1,1,1
202400039704,2024-07-19 18:05:00,2024,7,19,18,5,30,30249,Avenue de la Gare,43.807406,4.22684,Plein jour,En agglomération,Autre intersection,Normale,Autre collision,3,2,2,1,1,1,1,9,1,30,2,2,1,0,1,0,71.0,65.0,deux_roues,voiture,1,2,9,1,6
202400039704,2024-07-19 18:05:00,2024,7,19,18,5,30,30249,Avenue de la Gare,43.807406,4.22684,Plein jour,En agglomération,Autre intersection,Normale,Autre collision,3,2, -1,1,1,1,1,0,1,-1,2,2,1,0,1,0,71.0,65.0,deux_roues,voiture,1,2,9,1,6
202400039705,2024-04-04 08:27:00,2024,4,4,8,27,91,91174,AV CARNOT,48.61048,2.47617,Plein jour,En agglomération,Intersection en T,Pluie forte,Deux véhicules - frontale,4,1,0,0,1,1,2,0,1,50,2,2,1,0,1,0,42.0,18.0,voiture,deux_roues,1,2,3,3,1
202400039705,2024-04-04 08:27:00,2024,4,4,8,27,91,91174,AV CARNOT,48.61048,2.47617,Plein jour,En agglomération,Intersection en T,Pluie forte,Deux véhicules - frontale,4,2,0,0,1,1,2,0,1,50,2,2,1,0,1,0,42.0,18.0,voiture,deux_roues,1,2,3,3,1
202400039706,2024-08-27 08:40:00,2024,8,27,8,40,09,09188,Route nationale RN 20,42.884203,1.623445,Plein jour,Hors agglomération,Hors intersection,Normale,Autre collision,2,3,2,0,1,3,1,0,1,110,1,1,0,0,1,0,57.0,,deux_roues,,1,1,1,1,6
202400039707,2024-05-13 09:00:00,2024,5,13,9,0,30,30234,Place Saint Benoit,43.993228,4.136053,Plein jour,En agglomération,Autre intersection,Normale,Sans collision,3,2,2,0,2,1,1,0,1,50,1,1,0,0,0,1,44.0,,deux_roues,,1,2,9,1,7
202400039708,2024-02-28 20:05:00,2024,2,28,20,5,47,47252,rd911,44.388587,0.589566,Nuit sans éclairage public,Hors agglomération,Autre intersection,Normale,Deux véhicules - côté,3,2,2,0,1,1,1,5,1,80,2,3,0,0,2,1,83.0,20.0,voiture,voiture,3,1,9,1,3
202400039708,2024-02-28 20:05:00,2024,2,28,20,5,47,47252,rd911,44.388587,0.589566,Nuit sans éclairage public,Hors agglomération,Autre intersection,Normale,Deux véhicules - côté,3,2,2,0,1,2,1,5,1,50,2,3,0,0,2,1,83.0,20.0,voiture,voiture,3,1,9,1,3
202400039709,2024-02-27 13:00:00,2024,2,27,13,0,90,90033,Faubourg de Belfort,47.519465,7.001279,Plein jour,En agglomération,Giratoire,Normale,Deux véhicules - côté,3,2,2,1,1,2,1,0,1,50,2,2,1,0,1,0,17.0,22.0,deux_roues,voiture,1,2,6,1,3
202400039710,2024-04-03 17:22:00,2024,4,3,17,22,87,87085,RESISTANCE LIMOUSINE (RUE DE LA),45.83518,1.25007,Plein jour,En agglomération,Hors intersection,Normale,Autre collision,4,2,2,0,1,1,1,0,1,30,2,3,2,0,0,1,50.0,30.0,deux_roues,voiture,1,2,1,1,6
202400039711,2024-08-27 19:30:00,2024,8,27,19,30,87,87156,9 Route de Chabassiéras,45.867769,1.400188,Crépuscule ou aube,Hors agglomération,Hors intersection,Temps éblouissant,Deux véhicules - frontale,3,2,2,0,2,1,1,0,1,80,2,2,1,0,1,0,76.0,62.0,deux_roues,deux_roues,2,1,1,7,1
202400039712,2024-02-29 14:10:00,2024,2,29,14,10,07,07010,Petite Rue de Faya,45.242645,4.672868,Plein jour,En agglomération,Hors intersection,Normale,Deux véhicules - côté,4,2,2,0,2,1,1,0,4,50,2,2,1,0,0,1,13.0,25.0,deux_roues,voiture,1,2,1,1,3
202400039713,2024-04-03 09:25:00,2024,4,3,9,25,87,87085,DUTREIX (RUE ARMAND),45.83277567,1.23251617,Plein jour,En agglomération,Hors intersection,Pluie légère,Autre collision,4,2,2,0,1,1,2,0,1,50,1,2,1,0,0,1,52.0,,voiture,,1,2,1,2,6
202400039714,2024-07-20 16:41:00,2024,7,20,16,41,08,08367,Route départementale 1,49.93270258,4.61374754,Plein jour,Hors agglomération,Hors intersection,Temps éblouissant,Deux véhicules - frontale,3,3,3,0,2,3,1,0,1,90,2,3,0,0,1,2,29.0,47.0,voiture,voiture,1,1,1,7,1
202400039715,2024-08-27 12:56:00,2024,8,27,12,56,17,17337,220 Route des Figerasses,45.962394,-1.374739,Plein jour,En agglomération,Hors intersection,Normale,Deux véhicules - côté,4,2,2,0,1,1,1,0,1,50,2,2,1,0,1,0,37.0,70.0,deux_roues,voiture,1,2,1,1,3
202400039716,2024-02-29 06:06:00,2024,2,29,6,6,85,85058,Zone industrielle Les Loges,46.466269,-1.2306618,Nuit avec éclairage non allumé,En agglomération,Intersection en T,Pluie légère,Deux véhicules - côté,4,2, -1,-1,1,1,2,0,1,-1,2,2,1,0,0,1,29.0,21.0,voiture,deux_roues,4,2,3,2,3
202400039716,2024-02-29 06:06:00,2024,2,29,6,6,85,85058,Zone industrielle Les Loges,46.466269,-1.2306618,Nuit avec éclairage non allumé,En agglomération,Intersection en T,Pluie légère,Deux véhicules - côté,4,2,2,0,1,1,2,0,1,50,2,2,1,0,0,1,29.0,21.0,voiture,deux_roues,4,2,3,2,3
202400039717,2024-04-02 17:50:00,2024,4,2,17,50,87,87114,COROT (AVENUE JEAN-BAPTISTE-),45.835,1.29449,Plein jour,En agglomération,Hors intersection,Normale,Autre collision,4,2,2,0,2,1,1,0,1,50,1,2,1,0,0,1,38.0,,voiture,,1,2,1,1,6
202400039718,2024-07-20 12:30:00,2024,7,20,12,30,35,35238,173 Route de Lorient,48.10521,-1.73481,Plein jour,Hors agglomération,Hors intersection,Normale,Deux véhicules - côté,2,3,5,3,1,1,1,0,1,50,2,2,1,0,1,0,51.0,21.0,voiture,deux_roues,1,1,1,1,3
202400039719,2024-02-28 14:10:00,2024,2,28,14,10,28,28280,la cheneliere,48.298822,0.791166,Plein jour,Hors agglomération,Hors intersection,Normale,Autre collision,3,2,2,0,1,2,6,0,8,80,1,2,0,0,0,2,48.0,,voiture,,1,1,1,1,6
202400039720,2024-08-27 03:00:00,2024,8,27,3,0,17,17385,Rue des Pigniers,45.938565,-1.327771,Nuit sans éclairage public,En agglomération,Hors intersection,Normale,Sans collision,4,2,2,0,3,3,1,0,3,80,1,2,1,0,1,0,38.0,,voiture,,3,2,1,1,7
202400039721,2024-02-26 17:15:00,2024,2,26,17,15,37,37145,les tufaux,47.02920316,0.6451972,Crépuscule ou aube,Hors agglomération,Hors intersection,Normale,Autre collision,3,2,1,0,1,1,2,0,8,80,1,1,0,1,0,0,63.0,,voiture,,2,1,1,1,6
202400039722,2024-04-04 11:00:00,2024,4,4,11,0,84,84007,FELONS (Chemin des)-MONTFAVET,43.9122,4.89309,Plein jour,En agglomération,Intersection en T,Normale,Deux véhicules - côté,4,2,2,0,1,1,1,0,1,50,2,2,1,0,0,1,58.0,43.0,voiture,deux_roues,1,2,3,1,3
202400039722,2024-04-04 11:00:00,2024,4,4,11,0,84,84007,FELONS (Chemin des)-MONTFAVET,43.9122,4.89309,Plein jour,En agglomération,Intersection en T,Normale,Deux véhicules - côté,4,-1,2,0,1,1,1,0,1,50,2,2,1,0,0,1,58.0,43.0,voiture,deux_roues,1,2,3,1,3
202400039723,2024-07-20 18:31:00,2024,7,20,18,31,06,06088,Autoroute A8 dite La Provençale,43.676827,7.195385,Plein jour,Hors agglomération,Hors intersection,Normale,Deux véhicules - arrière,1,3,5,0,1,1,1,0,1,90,2,2,1,0,0,1,30.0,72.0,deux_roues,voiture,1,1,1,1,2
202400039724,2024-08-26 23:55:00,2024,8,26,23,55,33,33519,,44.902069,-0.6848,Nuit sans éclairage public,Hors agglomération,Hors intersection,Normale,Deux véhicules - arrière,4,2,2,0,1,1,1,0,1,80,2,2,1,0,1,0,30.0,19.0,deux_roues,voiture,3,1,1,1,2
202400039725,2024-07-20 04:02:00,2024,7,20,4,2,06,06088,"A8, PK186+80 sens nice-cannes",43.672419,7.200701,Nuit avec éclairage non allumé,Hors agglomération,Hors intersection,Normale,Autre collision,1,3,6,0,1,3,1,0,1,90,1,1,0,0,1,0,29.0,,deux_roues,,4,1,1,1,6
202400039726,2024-02-25 21:13:00,2024,2,25,21,13,04,04063,A51,43.749397,5.766106,Nuit sans éclairage public,Hors agglomération,Hors intersection,Pluie forte,Trois véhicules et plus - en chaîne,1,3,2,0,1,1,2,0,1,110,4,6,5,0,0,1,24.0,19.0,voiture,voiture,3,1,1,3,4
202400039727,2024-04-03 18:15:00,2024,4,3,18,15,83,83126,JAURES (BD JEAN),43.09532,5.88395,Plein jour,En agglomération,Intersection en X,Normale,Deux véhicules - côté,4,2,2,0,1,1,1,0,1,50,2,3,0,0,1,2,58.0,17.0,voiture,deux_roues,1,2,2,1,3
202400039727,2024-04-03 18:15:00,2024,4,3,18,15,83,83126,JAURES (BD JEAN),43.09532,5.88395,Plein jour,En agglomération,Intersection en X,Normale,Deux véhicules - côté,4,1,1,0,1,1,1,5,1,50,2,3,0,0,1,2,58.0,17.0,voiture,deux_roues,1,2,2,1,3
202400039728,2024-02-24 16:35:00,2024,2,24,16,35,57,57155,A4,49.1392913,6.39678533,Plein jour,Hors agglomération,Hors intersection,Normale,Deux véhicules - côté,1,1,2,0,1,2,1,0,1,130,2,3,2,0,1,0,36.0,26.0,voiture,utilitaire_camion,1,1,1,1,3
202400039729,2024-08-12 12:00:00,2024,8,12,12,0,85,85243,Route des sables,46.598624,-1.831192,Plein jour,En agglomération,Giratoire,Normale,Trois véhicules et plus - en chaîne,4,2,2,0,1,1,1,0,1,30,3,4,2,0,0,2,33.0,50.0,voiture,deux_roues,1,2,6,1,4
202400039730,2024-07-17 15:10:00,2024,7,17,15,10,976,97616,D5,-12.876467,45.122631,Plein jour,Hors agglomération,Hors intersection,Normale,Trois véhicules et plus - collisions multiples,3,2,2,0,1,1,1,0,1,70,3,3,2,0,1,0,62.0,29.0,utilitaire_camion,voiture,1,1,1,1,5
202400039731,2024-04-04 06:40:00,2024,4,4,6,40,77,77305,GENERAL DE GAULLE (AVENUE DU),48.38168,2.95125,Nuit sans éclairage public,En agglomération,Hors intersection,Pluie forte,Autre collision,4,2,2,0,1,1,2,9,1,50,1,2,1,0,1,0,68.0,,voiture,,3,2,1,3,6
202400039732,2024-02-29 08:37:00,2024,2,29,8,37,11,11188,Autoroute A9 - PK 215.938 - Sens FRANCE / ESPAGNE,42.971057,2.970171,Plein jour,Hors agglomération,Autre intersection,Normale,Deux véhicules - arrière,1,3,3,0,1,1,1,0,1,130,2,2,1,1,0,0,34.0,50.0,voiture,utilitaire_camion,1,1,9,1,2
202400039733,2024-08-25 05:30:00,2024,8,25,5,30,22,22268,La mare,48.575116,-2.335845,Nuit sans éclairage public,Hors agglomération,Hors intersection,Normale,Autre collision,3,2,2,0,1,1,1,0,1,-1,1,2,1,0,1,0,33.0,,voiture,,3,1,1,1,6
202400039734,2024-04-03 15:30:00,2024,4,3,15,30,77,77053,RD 319,48.70264,2.59734,Plein jour,En agglomération,Giratoire,Pluie légère,Sans collision,2,2,2,0,1,1,2,0,1,50,1,1,0,0,1,0,15.0,,deux_roues,,1,2,6,2,7
202400039734,2024-04-03 15:30:00,2024,4,3,15,30,77,77053,RD 319,48.70264,2.59734,Plein jour,En agglomération,Giratoire,Pluie légère,Sans collision,2,1,2,0,1,2,2,0,1,50,1,1,0,0,1,0,15.0,,deux_roues,,1,2,6,2,7
202400039735,2024-07-19 15:45:00,2024,7,19,15,45,69,69097,Route de Pelussin,45.51537,4.72172,Plein jour,En agglomération,Intersection en X,Normale,Deux véhicules - côté,3,2,2,0,2,2,1,0,1,70,2,2,1,0,0,1,21.0,28.0,deux_roues,utilitaire_camion,1,2,2,1,3
202400039735,2024-07-19 15:45:00,2024,7,19,15,45,69,69097,Route de Pelussin,45.51537,4.72172,Plein jour,En agglomération,Intersection en X,Normale,Deux véhicules - côté,3,2,2,0,1,1,1,0,1,-1,2,2,1,0,0,1,21.0,28.0,deux_roues,utilitaire_camion,1,2,2,1,3
202400039736,2024-02-28 17:30:00,2024,2,28,17,30,77,77001,Aire de repos d'achères la foret direction PARIS,48.362209,2.574202,Plein jour,Hors agglomération,Autre intersection,Normale,Autre collision,1,2,3,0,1,1,1,9,8,30,1,3,2,0,1,0,25.0,,utilitaire_camion,,1,1,9,1,6
202400039737,2024-04-04 06:45:00,2024,4,4,6,45,77,77209,D217BIS,48.85059,2.68512,Nuit sans éclairage public,Hors agglomération,Hors intersection,Pluie forte,Autre collision,3,2,2,0,2,2,2,0,1,50,1,1,0,0,0,1,25.0,,voiture,,3,1,1,3,6
202400039738,2024-08-26 17:00:00,2024,8,26,17,0,76,76303,rue du jardin 76430,49.561597,0.350833,Plein jour,Hors agglomération,Hors intersection,Normale,Sans collision,3,2,2,0,1,2,1,0,3,70,1,1,0,0,0,1,70.0,,deux_roues,,1,1,1,1,7
202400039739,2024-02-28 17:30:00,2024,2,28,17,30,28,28375,route nationale 12,48.758861,1.492464,Crépuscule ou aube,Hors agglomération,Hors intersection,Temps couvert,Autre collision,2,3,2,3,1,1,1,0,3,110,1,1,0,0,1,0,59.0,,voiture,,2,1,1,8,6
202400039740,2024-07-18 19:00:00,2024,7,18,19,0,987,98733,"Pk 21.900, Vallée Orofero",-17.69117,-149.580778,Nuit avec éclairage allumé,En agglomération,Intersection en T,Normale,Deux véhicules - côté,4,2,2,-1,1,1,1,0,1,-1,2,2,1,0,1,0,32.0,43.0,deux_roues,voiture,5,2,3,1,3
202400039740,2024-07-18 19:00:00,2024,7,18,19,0,987,98733,"Pk 21.900, Vallée Orofero",-17.69117,-149.580778,Nuit avec éclairage allumé,En agglomération,Intersection en T,Normale,Deux véhicules - côté,4,2,2,0,1,1,1,0,1,30,2,2,1,0,1,0,32.0,43.0,deux_roues,voiture,5,2,3,1,3
202400039741,2024-04-04 08:05:00,2024,4,4,8,5,76,76540,Quai Jean Moulin,49.43587,1.09047,Plein jour,En agglomération,Intersection en X,Normale,Autre collision,4,1,2,0,1,1,2,-1,1,50,1,2,1,0,1,0,27.0,,utilitaire_camion,,1,2,2,1,6
202400039741,2024-04-04 08:05:00,2024,4,4,8,5,76,76540,Quai Jean Moulin,49.43587,1.09047,Plein jour,En agglomération,Intersection en X,Normale,Autre collision,4,2,4,0,1,1,2,-1,1,50,1,2,1,0,1,0,27.0,,utilitaire_camion,,1,2,2,1,6
202400039742,2024-08-25 12:20:00,2024,8,25,12,20,80,80415,Rue de la Tour,49.752873,2.606919,Plein jour,En agglomération,Intersection en T,Normale,Deux véhicules - côté,4,2,2,0,1,1,1,0,1,50,2,2,1,0,1,0,52.0,74.0,voiture,deux_roues,1,2,3,1,3
202400039742,2024-08-25 12:20:00,2024,8,25,12,20,80,80415,Rue de la Tour,49.752873,2.606919,Plein jour,En agglomération,Intersection en T,Normale,Deux véhicules - côté,4,2,2,0,1,1,1,0,1,50,2,2,1,0,1,0,52.0,74.0,voiture,deux_roues,1,2,3,1,3
202400039743,2024-08-27 06:15:00,2024,8,27,6,15,80,80521,A1,49.96733,2.860125,Crépuscule ou aube,Hors agglomération,Hors intersection,Normale,Sans collision,1,3,3,0,1,1,1,3,3,130,1,2,1,0,0,1,25.0,,voiture,,2,1,1,1,7
202400039744,2024-04-03 19:20:00,2024,4,3,19,20,76,76351,ALBERT LE CLAINCHE  (RUE),49.51866,0.11573,Plein jour,En agglomération,Hors intersection,Normale,Autre collision,4,-1,0,3,1,1,1,6,4,50,1,2,0,0,0,2,19.0,,deux_roues,,1,2,1,1,6
202400039745,2024-04-04 06:15:00,2024,4,4,6,15,74,74012,EUROPE (AVENUE DE L'),46.17788,6.23767,Plein jour,En agglomération,Hors intersection,Normale,Deux véhicules - côté,3,2,2,0,2,1,1,0,1,50,2,2,1,0,0,1,40.0,44.0,voiture,deux_roues,1,2,1,1,3
202400039746,2024-07-20 05:40:00,2024,7,20,5,40,34,34226,D37E3,43.356374,2.994504,Nuit sans éclairage public,Hors agglomération,Hors intersection,Normale,Sans collision,3,2,2,0,1,3,1,0,3,80,1,1,0,0,1,0,20.0,,voiture,,3,1,1,1,7
202400039747,2024-08-26 10:00:00,2024,8,26,10,0,59,59010,D630,50.159271,3.12428,Plein jour,Hors agglomération,Hors intersection,Normale,Deux véhicules - côté,3,2,2,0,1,1,1,0,1,80,2,2,1,1,0,0,58.0,54.0,deux_roues,utilitaire_camion,1,1,1,1,3
202400039748,2024-07-19 08:30:00,2024,7,19,8,30,04,04096,Route de Restefond la Bonette,44.397455,6.767535,Plein jour,Hors agglomération,Hors intersection,Normale,Deux véhicules - frontale,4,2,2,1,2,2,1,0,1,80,2,2,1,0,1,0,55.0,29.0,autre,deux_roues,1,1,1,1,1
202400039749,2024-04-04 11:00:00,2024,4,4,11,0,74,74298,SERVETTE (CHEMIN DE),46.1854,6.25007,Plein jour,En agglomération,Intersection en T,Normale,Sans collision,4,2,2,0,2,1,1,0,1,50,1,2,1,0,0,1,17.0,,voiture,,1,2,3,1,7
202400039749,2024-04-04 11:00:00,2024,4,4,11,0,74,74298,SERVETTE (CHEMIN DE),46.1854,6.25007,Plein jour,En agglomération,Intersection en T,Normale,Sans collision,4,2,2,0,1,1,1,0,1,30,1,2,1,0,0,1,17.0,,voiture,,1,2,3,1,7
202400039750,2024-08-26 03:15:00,2024,8,26,3,15,69,69250,Autoroute 89,45.81999,4.71025,Nuit sans éclairage public,Hors agglomération,Hors intersection,Normale,Autre collision,1,3,4,0,1,1,1,0,1,110,1,2,1,1,0,0,56.0,,utilitaire_camion,,3,1,1,1,6
202400039751,2024-07-20 12:31:00,2024,7,20,12,31,13,13072,Chemin Departemental 6,43.460722,5.623605,Plein jour,Hors agglomération,Hors intersection,Normale,Deux véhicules - frontale,3,2,2,0,1,3,1,0,1,80,2,2,1,0,1,0,30.0,45.0,voiture,transport_commun,1,1,1,1,1
202400039752,2024-07-20 13:18:00,2024,7,20,13,18,89,89053,Route de Fleury,47.845656,3.484964,Plein jour,Hors agglomération,Hors intersection,Temps éblouissant,Sans collision,3,2,2,0,1,1,1,0,8,70,1,1,0,0,1,0,53.0,,deux_roues,,1,1,1,7,7
202400039753,2024-08-23 05:50:00,2024,8,23,5,50,59,59564,AUTOROUTE A23,50.34609654,3.48183807,Nuit sans éclairage public,Hors agglomération,Hors intersection,Normale,Deux véhicules - arrière,1,-1,2,0,1,1,1,0,1,90,2,2,1,0,1,0,56.0,54.0,voiture,deux_roues,3,1,1,1,2
202400039754,2024-07-19 23:00:00,2024,7,19,23,0,21,21292,D109j,47.249716,5.217331,Nuit avec éclairage allumé,En agglomération,Hors intersection,Normale,Autre collision,3,2,2,0,2,3,1,2,4,50,1,1,0,0,1,0,61.0,,deux_roues,,5,2,1,1,6
202400039755,2024-04-03 22:20:00,2024,4,3,22,20,71,71270,MISTRAL (RUE FREDERIC),46.29227,4.81106,Nuit avec éclairage allumé,En agglomération,Hors intersection,Pluie légère,Autre collision,4,2,2,0,2,1,2,9,1,30,1,2,1,0,0,1,46.0,,utilitaire_camion,,5,2,1,2,6