accident_id,datetime,annee,mois,jour,heure,minute,departement,commune_insee,adresse,latitude,longitude,luminosite,agglomeration,intersection,meteo,collision,catr,circ,nbv,vosp,prof,plan,surf,infra,situ,vma,nb_vehicules,nb_usagers,nb_indemnes,nb_tues,nb_blesses_hosp,nb_blesses_legers,age_cond_1,age_cond_2,veh_type_cond_1,veh_type_cond_2,lum_code,agg_code,int_code,atm_code,col_code
202400039756,2024-07-19 17:50:00,2024,7,19,17,50,52,52271,D1,48.080588,5.349634,Plein jour,Hors agglomération,Hors intersection,Normale,Sans collision,3,2,2,0,1,1,1,0,1,90,1,1,0,0,0,1,20.0,,deux_roues,,1,1,1,1,7
202400039757,2024-08-26 18:50:00,2024,8,26,18,50,94,94065,A86,48.75462573,2.34701377,Plein jour,Hors agglomération,Hors intersection,Normale,Deux véhicules - arrière,2,2,0,0,1,1,1,0,1,90,2,2,1,0,1,0,33.0,31.0,voiture,voiture,1,1,1,1,2
202400039758,2024-04-04 08:20:00,2024,4,4,8,20,69,69286,Route de Strasbourg,45.81070381,4.88507705,Plein jour,En agglomération,Intersection en X,Normale,Deux véhicules - côté,4,2,2,0,2,2,1,8,1,50,2,2,1,0,0,1,60.0,48.0,voiture,deux_roues,1,2,2,1,3
202400039758,2024-04-04 08:20:00,2024,4,4,8,20,69,69286,Route de Strasbourg,45.81070381,4.88507705,Plein jour,En agglomération,Intersection en X,Normale,Deux véhicules - côté,4,2,2,0,2,1,1,8,1,50,2,2,1,0,0,1,60.0,48.0,voiture,deux_roues,1,2,2,1,3
202400039759,2024-08-26 11:20:00,2024,8,26,11,20,75,75114,A6A,48.81710442,2.33469325,Plein jour,Hors agglomération,Hors intersection,Normale,Sans collision,1,1,3,0,1,3,1,1,1,70,1,1,0,0,0,1,37.0,,deux_roues,,1,1,1,1,7
202400039760,2024-07-19 19:05:00,2024,7,19,19,5,88,88206,Rue De Mirecourt,48.31018,5.935922,Plein jour,En agglomération,Intersection en X,Normale,Deux véhicules - côté,3,1,2,0,2,1,1,0,1,50,2,2,1,0,1,0,9.0,36.0,deux_roues,voiture,1,2,2,1,3
202400039760,2024-07-19 19:05:00,2024,7,19,19,5,88,88206,Rue De Mirecourt,48.31018,5.935922,Plein jour,En agglomération,Intersection en X,Normale,Deux véhicules - côté,3,2,2,0,1,3,1,0,1,50,2,2,1,0,1,0,9.0,36.0,deux_roues,voiture,1,2,2,1,3
202400039761,2024-07-19 17:42:00,2024,7,19,17,42,73,73098,D912 - 1041 Route des bauges,45.62551779,6.00710034,Plein jour,Hors agglomération,Hors intersection,Normale,Sans collision,3,2,2,0,2,4,9,0,1,80,1,1,0,0,1,0,37.0,,deux_roues,,1,1,1,1,7
202400039762,2024-04-04 06:10:00,2024,4,4,6,10,69,69259,Rue Joannès Vallet,45.70958,4.88512,Nuit avec éclairage allumé,En agglomération,Intersection en T,Normale,Deux véhicules - côté,7,2,4,2,1,1,1,0,1,50,2,2,1,0,0,1,59.0,55.0,deux_roues,voiture,5,2,3,1,3
202400039762,2024-04-04 06:10:00,2024,4,4,6,10,69,69259,Rue Joannès Vallet,45.70958,4.88512,Nuit avec éclairage allumé,En agglomération,Intersection en T,Normale,Deux véhicules - côté,7,2,2,0,1,1,1,0,1,50,2,2,1,0,0,1,59.0,55.0,deux_roues,voiture,5,2,3,1,3
202400039763,2024-08-26 08:55:00,2024,8,26,8,55,92,92062,RN1014 W,48.88898724,2.24665537,Plein jour,Hors agglomération,Hors intersection,Normale,Deux véhicules - arrière,2,1,2,0,1,1,1,1,1,70,2,2,1,0,1,0,38.0,39.0,utilitaire_camion,deux_roues,1,1,1,1,2
202400039764,2024-07-20 08:45:00,2024,7,20,8,45,38,38349,D1082,45.316681,4.791455,Plein jour,En agglomération,Hors intersection,Normale,Autre collision,3,2,2,3,2,1,1,0,6,50,1,2,1,0,0,1,50.0,,voiture,,1,2,1,1,6
202400039765,2024-04-03 17:50:00,2024,4,3,17,50,69,69276,Rue du Sauzai,45.68459,4.85399,Plein jour,En agglomération,Hors intersection,Temps couvert,Deux véhicules - frontale,4,2,2,0,1,1,2,0,1,30,2,2,0,0,2,0,18.0,17.0,deux_roues,deux_roues,1,2,1,8,1
202400039766,2024-08-25 01:15:00,2024,8,25,1,15,78,78646,RN12,48.79081,2.108037,Nuit sans éclairage public,Hors agglomération,Hors intersection,Normale,Autre collision,2,-1,3,0,1,1,1,0,1,110,1,1,0,0,0,1,21.0,,voiture,,3,1,1,1,6
202400039767,2024-08-26 17:55:00,2024,8,26,17,55,94,94073,A86,48.77011469,2.38223272,Plein jour,Hors agglomération,Hors intersection,Normale,Deux véhicules - côté,1,1,3,0,1,1,1,0,1,90,2,2,1,0,0,1,42.0,28.0,deux_roues,voiture,1,1,1,1,3
202400039768,2024-07-19 16:40:00,2024,7,19,16,40,38,38054,D1075,45.777944,5.400982,Plein jour,Hors agglomération,Hors intersection,Normale,Trois véhicules et plus - collisions multiples,3,2,2,2,1,1,1,0,1,90,3,4,1,0,2,1,37.0,47.0,voiture,voiture,1,1,1,1,5
202400039769,2024-07-20 18:53:00,2024,7,20,18,53,69,69225,2160 Route de Feurs,45.870017,4.416423,Plein jour,Hors agglomération,Hors intersection,Pluie légère,Sans collision,3,2,2,0,2,1,2,0,1,70,1,2,0,0,0,2,45.0,,deux_roues,,1,1,1,2,7
202400039770,2024-06-10 11:00:00,2024,6,10,11,0,74,74081,19 Rue marcellin berthelot,46.060494,6.578579,Plein jour,En agglomération,Intersection en T,Normale,Deux véhicules - côté,4,2,2,0,1,1,1,0,1,50,2,2,1,0,1,0,25.0,61.0,deux_roues,voiture,1,2,3,1,3
202400039770,2024-06-10 11:00:00,2024,6,10,11,0,74,74081,19 Rue marcellin berthelot,46.060494,6.578579,Plein jour,En agglomération,Intersection en T,Normale,Deux véhicules - côté,4,2, -1,-1,1,1,1,0,1,-1,2,2,1,0,1,0,25.0,61.0,deux_roues,voiture,1,2,3,1,3
202400039771,2024-07-19 22:05:00,2024,7,19,22,5,69,69111,Route du Pont de Nizy,45.901936,4.584131,Nuit sans éclairage public,Hors agglomération,Intersection en Y,Normale,Deux véhicules - côté,3,2,2,2,1,1,1,0,1,70,2,3,1,0,2,0,63.0,16.0,voiture,deux_roues,3,1,4,1,3
202400039771,2024-07-19 22:05:00,2024,7,19,22,5,69,69111,Route du Pont de Nizy,45.901936,4.584131,Nuit sans éclairage public,Hors agglomération,Intersection en Y,Normale,Deux véhicules - côté,3,2,4,0,1,1,1,0,1,-1,2,3,1,0,2,0,63.0,16.0,voiture,deux_roues,3,1,4,1,3
202400039772,2024-05-10 06:15:00,2024,5,10,6,15,74,74195,D1508,46.006803,5.955673,Plein jour,En agglomération,Intersection en T,Normale,Deux véhicules - arrière,3,2,2,0,1,1,1,0,1,-1,2,2,1,0,1,0,36.0,26.0,deux_roues,voiture,1,2,3,1,2
202400039772,2024-05-10 06:15:00,2024,5,10,6,15,74,74195,D1508,46.006803,5.955673,Plein jour,En agglomération,Intersection en T,Normale,Deux véhicules - arrière,3,2, -1,-1,1,1,1,0,1,-1,2,2,1,0,1,0,36.0,26.0,deux_roues,voiture,1,2,3,1,2
202400039773,2024-07-20 01:11:00,2024,7,20,1,11,69,69021,8 Passage de la Rochette,45.78773959,4.58350567,Nuit avec éclairage allumé,Hors agglomération,Hors intersection,Normale,Deux véhicules - frontale,3,2,2,2,1,3,1,0,1,80,2,4,0,0,0,4,23.0,44.0,voiture,voiture,5,1,1,1,1
202400039774,2024-07-20 02:30:00,2024,7,20,2,30,69,69040,565 Avenue d'Ecully,45.789724,4.79307,Nuit avec éclairage allumé,En agglomération,Hors intersection,Normale,Autre collision,4,2,2,2,1,1,1,0,8,50,1,4,0,1,3,0,19.0,,voiture,,5,2,1,1,6
202400039775,2024-04-14 14:40:00,2024,4,14,14,40,74,74128,Route des vallées,46.152113,6.332465,Plein jour,Hors agglomération,Hors intersection,Normale,Deux véhicules - frontale,3,2,2,0,3,3,1,0,1,80,2,6,0,0,1,5,32.0,25.0,voiture,voiture,1,1,1,1,1
202400039776,2024-06-08 10:45:00,2024,6,8,10,45,74,74010,Rue du capitaine baud,45.915004,6.150767,Plein jour,En agglomération,Hors intersection,Normale,Deux véhicules - frontale,4,2,2,0,2,3,1,0,1,50,2,2,0,0,0,2,74.0,37.0,voiture,voiture,1,2,1,1,1
202400039777,2024-07-20 06:25:00,2024,7,20,6,25,81,81219,N126,43.569917,1.969079,Crépuscule ou aube,Hors agglomération,Hors intersection,Normale,Deux véhicules - frontale,2,2,2,0,1,1,1,0,1,80,2,4,0,0,2,2,33.0,50.0,voiture,voiture,2,1,1,1,1
202400039778,2024-07-15 04:30:00,2024,7,15,4,30,32,32029,Route départementale 939,43.652767,0.404327,Nuit sans éclairage public,Hors agglomération,Hors intersection,Normale,Autre collision,3,2,2,0,1,1,1,0,3,80,1,1,0,0,1,0,19.0,,voiture,,3,1,1,1,6
202400039779,2024-05-20 12:10:00,2024,5,20,12,10,74,74236,Avenue du mont paccard,45.90247,6.711498,Plein jour,En agglomération,Hors intersection,Normale,Deux véhicules - frontale,3,2,2,0,2,3,1,0,1,50,2,2,1,0,1,0,16.0,72.0,deux_roues,voiture,1,2,1,1,1
202400039780,2024-07-16 18:00:00,2024,7,16,18,0,31,31327,Route de Roquefort,43.188499,1.019001,Plein jour,Hors agglomération,Hors intersection,Normale,Deux véhicules - arrière,3,2,2,0,1,1,1,0,1,80,2,2,1,0,1,0,74.0,72.0,deux_roues,deux_roues,1,1,1,1,2
202400039781,2024-05-26 22:00:00,2024,5,26,22,0,74,74068,D1508,46.060554,5.866088,Nuit sans éclairage public,Hors agglomération,Hors intersection,Normale,Autre collision,3,2,2,0,1,1,1,0,3,80,1,3,0,0,3,0,22.0,,utilitaire_camion,,3,1,1,1,6
202400039782,2024-07-20 09:40:00,2024,7,20,9,40,31,31395,"Route d'Eaunes, intersection Rue Gaston Bonheur",43.456649,1.329303,Plein jour,En agglomération,Intersection en T,Normale,Deux véhicules - côté,3,2,2,0,1,1,1,0,1,50,2,3,2,0,1,0,65.0,37.0,voiture,deux_roues,1,2,3,1,3
202400039782,2024-07-20 09:40:00,2024,7,20,9,40,31,31395,"Route d'Eaunes, intersection Rue Gaston Bonheur",43.456649,1.329303,Plein jour,En agglomération,Intersection en T,Normale,Deux véhicules - côté,3,2,2,0,1,1,1,0,1,50,2,3,2,0,1,0,65.0,37.0,voiture,deux_roues,1,2,3,1,3
202400039783,2024-07-19 22:45:00,2024,7,19,22,45,24,24273,Route des Quatre Communes,44.81308,0.806808,Nuit sans éclairage public,Hors agglomération,Hors intersection,Normale,Autre collision,4,2,2,0,2,2,1,0,3,80,1,1,0,1,0,0,46.0,,utilitaire_camion,,3,1,1,1,6
202400039784,2024-05-30 19:40:00,2024,5,30,19,40,74,74147,D180,45.783378,6.208434,Plein jour,Hors agglomération,Hors intersection,Temps couvert,Autre collision,3,2,2,0,1,1,2,0,3,-1,1,1,0,0,0,1,27.0,,utilitaire_camion,,1,1,1,8,6
202400039785,2024-07-08 16:30:00,2024,7,8,16,30,33,33473,,45.139843,-0.46013305,Plein jour,Hors agglomération,Autre intersection,Normale,Deux véhicules - arrière,3,2,2,0,1,1,1,0,1,80,2,3,2,0,1,0,53.0,68.0,deux_roues,voiture,1,1,9,1,2
202400039786,2024-07-08 15:48:00,2024,7,8,15,48,33,33382,,45.161626,-0.50491,Plein jour,Hors agglomération,Hors intersection,Normale,Deux véhicules - arrière,3,2,2,0,1,1,1,0,1,80,2,3,2,0,1,0,29.0,40.0,deux_roues,voiture,1,1,1,1,2
202400039787,2024-07-20 01:30:00,2024,7,20,1,30,33,33051,,44.650746,-0.953751,Nuit sans éclairage public,En agglomération,Hors intersection,Normale,Sans collision,4,2,2,0,1,2,1,0,1,50,1,2,1,0,1,0,37.0,,deux_roues,,3,2,1,1,7
202400039788,2024-04-30 18:20:00,2024,4,30,18,20,74,74042,Route de cluses,46.072092,6.419567,Plein jour,En agglomération,Hors intersection,Normale,Trois véhicules et plus - en chaîne,3,3,0,0,1,1,1,2,1,70,3,5,4,0,0,1,29.0,26.0,voiture,voiture,1,2,1,1,4
202400039789,2024-07-20 15:50:00,2024,7,20,15,50,76,76203,route departementale 6015,49.602947,0.855238,Plein jour,En agglomération,Hors intersection,Normale,Sans collision,3,3,2,0,1,4,1,0,3,50,1,2,1,0,1,0,57.0,,deux_roues,,1,2,1,1,7
202400039790,2024-06-09 17:40:00,2024,6,9,17,40,74,74121,81 Rue des écoles,46.354581,6.352699,Plein jour,En agglomération,Hors intersection,Pluie légère,Deux véhicules - arrière,4,1,2,0,1,1,2,0,1,50,2,3,2,0,0,1,32.0,26.0,voiture,deux_roues,1,2,1,2,2
202400039791,2024-07-19 13:45:00,2024,7,19,13,45,76,76057,Rue Pierre et Marie Curie,49.53635,0.95993,Plein jour,En agglomération,Intersection en X,Normale,Deux véhicules - côté,3,2,2,0,2,1,1,0,1,50,2,3,1,0,1,1,37.0,37.0,voiture,deux_roues,1,2,2,1,3
202400039791,2024-07-19 13:45:00,2024,7,19,13,45,76,76057,Rue Pierre et Marie Curie,49.53635,0.95993,Plein jour,En agglomération,Intersection en X,Normale,Deux véhicules - côté,3,2, -1,-1,2,1,1,0,1,-1,2,3,1,0,1,1,37.0,37.0,voiture,deux_roues,1,2,2,1,3
202400039792,2024-07-19 09:20:00,2024,7,19,9,20,76,76285,D42,49.411518,1.297594,Plein jour,En agglomération,Intersection en T,Normale,Deux véhicules - côté,3,2,2,0,1,1,1,0,1,-1,2,2,1,0,0,1,30.0,42.0,deux_roues,voiture,1,2,3,1,3
202400039792,2024-07-19 09:20:00,2024,7,19,9,20,76,76285,D42,49.411518,1.297594,Plein jour,En agglomération,Intersection en T,Normale,Deux véhicules - côté,3,2,2,0,1,1,1,0,1,50,2,2,1,0,0,1,30.0,42.0,deux_roues,voiture,1,2,3,1,3
202400039793,2024-07-20 14:03:00,2024,7,20,14,3,60,60500,Rue de Verdun,49.096685,2.761071,Plein jour,En agglomération,Hors intersection,Normale,Sans collision,9,2,2,0,1,1,1,0,1,-1,1,1,0,0,0,1,17.0,,deux_roues,,1,2,1,1,7
202400039794,2024-07-19 20:15:00,2024,7,19,20,15,62,62711,Rue du Buisson,50.801924,1.727225,Plein jour,En agglomération,Hors intersection,Normale,Sans collision,4,2,2,0,1,1,1,0,3,30,1,1,0,0,1,0,46.0,,deux_roues,,1,2,1,1,7
202400039795,2024-05-18 16:45:00,2024,5,18,16,45,74,74175,rd 1005,46.403906,6.743808,Plein jour,Hors agglomération,Autre intersection,Normale,Deux véhicules - frontale,3,2,2,0,1,4,2,0,1,50,2,4,2,0,2,0,30.0,27.0,voiture,utilitaire_camion,1,1,9,1,1
202400039796,2024-07-17 03:45:00,2024,7,17,3,45,13,13211,A50-Sens Aubagne vers Marseille,43.28703,5.4354,Nuit sans éclairage public,Hors agglomération,Hors intersection,Normale,Autre collision,1,1,3,0,1,1,1,0,1,70,1,2,1,0,1,0,50.0,,voiture,,3,1,1,1,6
202400039797,2024-05-27 10:50:00,2024,5,27,10,50,74,74221,116 Route de la colombière,46.013263,6.534891,Plein jour,En agglomération,Hors intersection,Normale,Autre collision,3,2,2,0,2,2,1,0,1,50,1,2,1,0,1,0,60.0,,utilitaire_camion,,1,2,1,1,6
202400039798,2024-07-19 08:25:00,2024,7,19,8,25,57,57096,Autoroute A30,49.38181873,5.97586953,Plein jour,Hors agglomération,Hors intersection,Normale,Autre collision,1,3,4,0,1,1,1,0,1,110,2,2,1,0,0,1,33.0,,deux_roues,utilitaire_camion,1,1,1,1,6
202400039799,2024-07-19 15:40:00,2024,7,19,15,40,33,33039,,44.807195,-0.528102,Plein jour,Hors agglomération,Hors intersection,Normale,Trois véhicules et plus - en chaîne,2,3,6,0,1,1,1,2,1,90,3,5,0,0,0,5,43.0,36.0,voiture,utilitaire_camion,1,1,1,1,4
202400039800,2024-03-28 14:20:00,2024,3,28,14,20,74,74056,RN 205,45.90624,6.84372,Plein jour,Hors agglomération,Autre intersection,Normale,Deux véhicules - arrière,2,1,1,0,2,1,1,0,1,90,2,2,1,0,1,0,28.0,33.0,utilitaire_camion,utilitaire_camion,1,1,9,1,2
202400039801,2024-07-19 13:10:00,2024,7,19,13,10,33,33249,,44.88118,-0.52376,Plein jour,Hors agglomération,Hors intersection,Normale,Trois véhicules et plus - en chaîne,1,3,6,0,1,1,1,0,1,90,3,8,7,0,0,1,67.0,43.0,voiture,voiture,1,1,1,1,4
202400039802,2024-03-25 10:30:00,2024,3,25,10,30,74,74208,Route nationale 205,45.92872,6.74308,Plein jour,Hors agglomération,Hors intersection,Normale,Autre collision,2,1,2,0,2,1,1,0,1,90,1,2,0,0,0,2,19.0,,voiture,,1,1,1,1,6
202400039803,2024-07-15 18:07:00,2024,7,15,18,7,59,59544,AUTOROUTE A2,50.36255,3.59079,Plein jour,Hors agglomération,Hors intersection,Normale,Deux véhicules - arrière,1,3,2,0,1,1,1,0,1,130,2,3,0,0,2,1,21.0,55.0,voiture,voiture,1,1,1,1,2
202400039804,2024-07-19 16:10:00,2024,7,19,16,10,91,91645,RN 385 Extèrieure,48.75989,2.25908,Plein jour,Hors agglomération,Hors intersection,Normale,Deux véhicules - côté,2,1,2,0,1,1,1,0,1,90,2,2,1,0,0,1,51.0,31.0,deux_roues,voiture,1,1,1,1,3
202400039805,2024-08-25 12:10:00,2024,8,25,12,10,59,59220,DUNKERQUE RUE DE,50.59904,3.07317,Plein jour,En agglomération,Intersection en T,Normale,Deux véhicules - frontale,4,-1,1,0,1,1,1,0,1,30,2,2,1,0,0,1,20.0,55.0,deux_roues,voiture,1,2,3,1,1
202400039805,2024-08-25 12:10:00,2024,8,25,12,10,59,59220,DUNKERQUE RUE DE,50.59904,3.07317,Plein jour,En agglomération,Intersection en T,Normale,Deux véhicules - frontale,4,2,2,0,1,3,1,0,1,30,2,2,1,0,0,1,20.0,55.0,deux_roues,voiture,1,2,3,1,1
202400039806,2024-07-19 13:45:00,2024,7,19,13,45,91,91136,A10 PROVINCE / RD188 PROVINCE,48.71732,2.26706,Plein jour,Hors agglomération,Hors intersection,Normale,Deux véhicules - arrière,1,1,2,0,1,3,1,0,1,50,2,2,1,0,0,1,35.0,57.0,utilitaire_camion,voiture,1,1,1,1,2
202400039807,2024-07-19 18:35:00,2024,7,19,18,35,78,78423,RN12,48.79639,2.032991,Plein jour,Hors agglomération,Hors intersection,Normale,Autre collision,2,1,2,0,1,1,1,0,1,110,2,2,1,0,0,1,22.0,45.0,voiture,deux_roues,1,1,1,1,6
202400039808,2024-08-26 07:22:00,2024,8,26,7,22,988,98818,RUE DU DOCTEUR LE SCOUR/RUE EUGENE PORCHERON,-22.27523,166.44562,Plein jour,En agglomération,Intersection en X,Normale,Deux véhicules - côté,4,2,2,0,1,1,1,0,1,30,2,2,1,0,0,1,48.0,64.0,deux_roues,voiture,1,2,2,1,3
202400039808,2024-08-26 07:22:00,2024,8,26,7,22,988,98818,RUE DU DOCTEUR LE SCOUR/RUE EUGENE PORCHERON,-22.27523,166.44562,Plein jour,En agglomération,Intersection en X,Normale,Deux véhicules - côté,4,2,2,0,1,1,1,0,1,30,2,2,1,0,0,1,48.0,64.0,deux_roues,voiture,1,2,2,1,3
202400039809,2024-07-19 17:30:00,2024,7,19,17,30,78,78133,A13,48.891171,2.009467,Plein jour,Hors agglomération,Hors intersection,Normale,Trois véhicules et plus - en chaîne,1,1,2,0,1,1,1,0,1,110,4,6,2,0,0,4,54.0,33.0,voiture,voiture,1,1,1,1,4
202400039810,2024-08-24 06:45:00,2024,8,24,6,45,974,97416,RN03,-21.3229,55.4847,Plein jour,Hors agglomération,Hors intersection,Pluie légère,Deux véhicules - arrière,2,3,4,0,1,2,2,0,1,110,2,4,2,0,0,2,24.0,56.0,voiture,voiture,1,1,1,2,2
202400039811,2024-07-19 20:00:00,2024,7,19,20,0,95,95306,A15,49.00106114,2.17299486,Plein jour,Hors agglomération,Hors intersection,Normale,Deux véhicules - côté,1,3,3,0,1,1,1,0,1,110,2,4,1,0,0,3,43.0,63.0,voiture,voiture,1,1,1,1,3
202400039812,2024-08-25 19:50:00,2024,8,25,19,50,974,97407,PERI GABRIEL(RUE),-20.93738,55.30782,Nuit avec éclairage allumé,En agglomération,Hors intersection,Normale,Autre collision,4,-1,0,0,1,1,1,0,1,50,1,2,1,0,0,1,59.0,,voiture,,5,2,1,1,6
202400039813,2024-07-19 13:50:00,2024,7,19,13,50,93,93064,AUTOROUTE A103,48.88497135,2.48991679,Plein jour,Hors agglomération,Hors intersection,Normale,Deux véhicules - frontale,1,3,2,0,1,1,1,0,1,90,2,2,1,0,0,1,23.0,30.0,deux_roues,deux_roues,1,1,1,1,1
202400039814,2024-07-19 09:55:00,2024,7,19,9,55,93,93008,AUTOROUTE A86,48.90615841,2.46109169,Plein jour,Hors agglomération,Hors intersection,Normale,Autre collision,1,-1,2,0,1,2,1,0,1,60,1,2,0,0,0,2,21.0,,deux_roues,,1,1,1,1,6
202400039815,2024-08-25 17:00:00,2024,8,25,17,0,973,97302,EBOUE (ROCADE FELIX),4.93233,-52.31113,Plein jour,En agglomération,Hors intersection,Normale,Deux véhicules - frontale,3,2,2,1,1,1,1,0,1,50,2,3,1,0,0,2,44.0,35.0,voiture,voiture,1,2,1,1,1
202400039816,2024-07-19 07:45:00,2024,7,19,7,45,94,94079,A4,48.82799527,2.52620846,Plein jour,Hors agglomération,Hors intersection,Normale,Deux véhicules - arrière,1,1,4,0,1,3,1,0,1,110,2,2,1,0,0,1,29.0,56.0,voiture,utilitaire_camion,1,1,1,1,2
202400039817,2024-07-18 08:35:00,2024,7,18,8,35,976,97611,m'tsapere-Nationale 2 (route),-12.7905,45.22317,Plein jour,Hors agglomération,Autre intersection,Normale,Trois véhicules et plus - collisions multiples,4,-1,2,0,1,1,1,0,1,50,3,3,2,0,0,1,30.0,33.0,deux_roues,voiture,1,1,9,1,5
202400039818,2024-08-24 15:07:00,2024,8,24,15,7,95,95572,D922,49.05536192,2.13621318,Plein jour,En agglomération,Intersection en T,Normale,Deux véhicules - frontale,3,2,2,0,1,1,1,0,1,50,2,5,3,0,2,0,14.0,49.0,deux_roues,voiture,1,2,3,1,1
202400039818,2024-08-24 15:07:00,2024,8,24,15,7,95,95572,D922,49.05536192,2.13621318,Plein jour,En agglomération,Intersection en T,Normale,Deux véhicules - frontale,3,2,2,0,1,1,1,0,1,50,2,5,3,0,2,0,14.0,49.0,deux_roues,voiture,1,2,3,1,1
202400039819,2024-07-18 17:30:00,2024,7,18,17,30,974,97411,LECONTE DE LISLE (AVENUE),-20.89278,55.48356,Plein jour,En agglomération,Intersection en X,Normale,Deux véhicules - côté,4,2,2,0,1,1,1,0,1,50,2,2,1,0,0,1,34.0,38.0,voiture,utilitaire_camion,1,2,2,1,3
202400039819,2024-07-18 17:30:00,2024,7,18,17,30,974,97411,LECONTE DE LISLE (AVENUE),-20.89278,55.48356,Plein jour,En agglomération,Intersection en X,Normale,Deux véhicules - côté,4,2,2,3,1,1,1,0,1,50,2,2,1,0,0,1,34.0,38.0,voiture,utilitaire_camion,1,2,2,1,3
202400039820,2024-07-18 14:57:00,2024,7,18,14,57,974,97409,BOIS ROUGE (chemin du),-20.9227,55.64351,Plein jour,Hors agglomération,Hors intersection,Normale,Autre collision,4,2,1,0,1,1,1,0,8,50,1,1,0,0,0,1,19.0,,voiture,,1,1,1,1,6
202400039821,2024-08-25 14:15:00,2024,8,25,14,15,91,91600,RTE NATIONALE 6,48.67877,2.49547,Plein jour,En agglomération,Autre intersection,Normale,Trois véhicules et plus - en chaîne,2,1,0,0,1,1,1,0,1,50,3,4,2,0,0,2,28.0,69.0,voiture,voiture,1,2,9,1,4
202400039822,2024-07-18 11:34:00,2024,7,18,11,34,973,97302,MADELEINE (ROUTE DE LA),4.90978,-52.32151,Plein jour,En agglomération,Hors intersection,Normale,Autre collision,3,2,2,0,1,1,1,0,1,50,2,2,1,0,0,1,38.0,58.0,deux_roues,voiture,1,2,1,1,6
202400039823,2024-07-18 10:40:00,2024,7,18,10,40,972,97213,AUTOROUTE A1,14.61803,-61.03267,Plein jour,Hors agglomération,Hors intersection,Normale,Trois véhicules et plus - en chaîne,1,1,2,0,2,1,1,0,1,90,4,6,2,0,0,4,49.0,47.0,voiture,voiture,1,1,1,1,4
202400039824,2024-08-25 03:25:00,2024,8,25,3,25,88,88413,RN 59,48.31253,6.91904,Nuit avec éclairage non allumé,Hors agglomération,Hors intersection,Pluie forte,Deux véhicules - arrière,2,1,2,0,1,1,2,0,1,90,2,4,2,0,0,2,40.0,,utilitaire_camion,utilitaire_camion,4,1,1,3,2
202400039825,2024-07-18 14:00:00,2024,7,18,14,0,972,97209,GENERAL DE GAULLE (BLD DU),14.60654,-61.06677,Plein jour,En agglomération,Intersection en T,Normale,Deux véhicules - côté,4,-1,1,0,1,1,1,0,1,50,2,2,0,0,0,2,56.0,21.0,voiture,voiture,1,2,3,1,3
202400039825,2024-07-18 14:00:00,2024,7,18,14,0,972,97209,GENERAL DE GAULLE (BLD DU),14.60654,-61.06677,Plein jour,En agglomération,Intersection en T,Normale,Deux véhicules - côté,4,-1,2,0,1,1,1,0,1,50,2,2,0,0,0,2,56.0,21.0,voiture,voiture,1,2,3,1,3
202400039826,2024-07-17 13:25:00,2024,7,17,13,25,972,97209,BOUGAINVILLIERS (RUE DES),14.6087,-61.08038,Plein jour,Hors agglomération,Intersection en T,Normale,Deux véhicules - côté,3,2,2,0,1,3,1,0,1,50,2,2,0,0,0,2,33.0,54.0,voiture,voiture,1,1,3,1,3
202400039826,2024-07-17 13:25:00,2024,7,17,13,25,972,97209,BOUGAINVILLIERS (RUE DES),14.6087,-61.08038,Plein jour,Hors agglomération,Intersection en T,Normale,Deux véhicules - côté,3,2,2,0,1,1,1,0,1,50,2,2,0,0,0,2,33.0,54.0,voiture,voiture,1,1,3,1,3
202400039827,2024-08-25 20:30:00,2024,8,25,20,30,85,85191,COTE DE LUMIERE ROND-POINT,46.66239,-1.46234,Plein jour,Hors agglomération,Hors intersection,Normale,Deux véhicules - côté,3,-1,2,0,1,2,1,0,1,50,2,2,1,0,0,1,82.0,43.0,voiture,deux_roues,1,1,1,1,3
202400039828,2024-07-18 14:49:00,2024,7,18,14,49,2A,2A004,ROSSI TINO BD,41.90935,8.69174,Plein jour,En agglomération,Hors intersection,Normale,Deux véhicules - côté,4,2,2,0,1,1,1,0,1,50,2,2,1,0,0,1,77.0,53.0,voiture,deux_roues,1,2,1,1,3
202400039829,2024-07-17 16:16:00,2024,7,17,16,16,95,95476,N14,49.05729244,2.03951092,Plein jour,Hors agglomération,Autre intersection,Normale,Trois véhicules et plus - en chaîne,2,1,2,0,1,1,1,0,1,110,3,5,4,0,0,1,31.0,33.0,voiture,voiture,1,1,9,1,4
202400039830,2024-08-25 16:00:00,2024,8,25,16,0,84,84007,MORIERES (Route de ),43.94992,4.86632,Plein jour,En agglomération,Hors intersection,Normale,Autre collision,3,2,2,0,1,2,1,0,3,50,1,2,0,0,0,2,45.0,,voiture,,1,2,1,1,6
202400039831,2024-07-18 19:00:00,2024,7,18,19,0,91,91521,AV PAUL LANGEVIN,48.64,2.399,Plein jour,En agglomération,Hors intersection,Normale,Deux véhicules - frontale,4,1,2,0,1,1,1,0,1,50,2,2,1,0,0,1,21.0,67.0,deux_roues,voiture,1,2,1,1,1