accident_id,datetime,annee,mois,jour,heure,minute,departement,commune_insee,adresse,latitude,longitude,luminosite,agglomeration,intersection,meteo,collision,catr,circ,nbv,vosp,prof,plan,surf,infra,situ,vma,nb_vehicules,nb_usagers,nb_indemnes,nb_tues,nb_blesses_hosp,nb_blesses_legers,age_cond_1,age_cond_2,veh_type_cond_1,veh_type_cond_2,lum_code,agg_code,int_code,atm_code,col_code
202400039832,2024-07-16 12:41:00,2024,7,16,12,41,87,87065,RD 704A,45.7941601,1.29534245,Plein jour,Hors agglomération,Intersection en X,Normale,Deux véhicules - côté,3,2,2,0,1,1,1,5,1,50,2,3,1,0,0,2,76.0,23.0,voiture,voiture,1,1,2,1,3
202400039832,2024-07-16 12:41:00,2024,7,16,12,41,87,87065,RD 704A,45.7941601,1.29534245,Plein jour,Hors agglomération,Intersection en X,Normale,Deux véhicules - côté,3,3,3,0,2,2,1,5,1,70,2,3,1,0,0,2,76.0,23.0,voiture,voiture,1,1,2,1,3
202400039833,2024-08-25 10:45:00,2024,8,25,10,45,83,83137,RESISTANCE (AVE / IMP DE LA),43.11441,5.95054,Plein jour,En agglomération,Hors intersection,Normale,Sans collision,3,2,2,0,1,1,1,0,1,50,1,2,1,0,0,1,69.0,,voiture,,1,2,1,1,7
202400039834,2024-07-17 21:00:00,2024,7,17,21,0,85,85194,Route du tour de france,46.48413,-1.75598,Plein jour,En agglomération,Hors intersection,Normale,Autre collision,4,1,1,0,2,2,1,0,1,30,1,1,0,0,0,1,46.0,,deux_roues,,1,2,1,1,6
202400039835,2024-07-18 00:50:00,2024,7,18,0,50,80,80021,Rue du Général Leclerc,49.89667,2.29434,Nuit avec éclairage allumé,En agglomération,Intersection en X,Normale,Deux véhicules - côté,4,2,#VALEURMULTI,0,1,1,1,0,1,30,2,2,1,0,0,1,48.0,28.0,deux_roues,utilitaire_camion,5,2,2,1,3
202400039836,2024-06-12 08:41:00,2024,6,12,8,41,78,78624,DOUMER RUE PAUL,48.979687,2.003922,Plein jour,En agglomération,Hors intersection,Normale,Autre collision,3,2,3,0,1,1,1,0,1,50,1,2,1,1,0,0,22.0,,voiture,,1,2,1,1,6
202400039837,2024-08-24 03:40:00,2024,8,24,3,40,78,78358,VERDUN (AVENUE DE),48.94526,2.1576,Nuit avec éclairage allumé,En agglomération,Hors intersection,Normale,Deux véhicules - côté,3,2,2,1,1,1,1,2,1,30,2,3,2,0,1,0,28.0,23.0,voiture,deux_roues,5,2,1,1,3
202400039838,2024-06-15 19:20:00,2024,6,15,19,20,77,77251,RD 50,48.61457,2.55305,Plein jour,En agglomération,Giratoire,Normale,Deux véhicules - côté,3,2,2,0,1,1,1,0,1,50,2,6,4,0,0,2,47.0,59.0,transport_commun,voiture,1,2,6,1,3
202400039838,2024-06-15 19:20:00,2024,6,15,19,20,77,77251,RD 50,48.61457,2.55305,Plein jour,En agglomération,Giratoire,Normale,Deux véhicules - côté,3,1,2,0,1,2,1,0,1,50,2,6,4,0,0,2,47.0,59.0,transport_commun,voiture,1,2,6,1,3
202400039839,2024-08-25 02:50:00,2024,8,25,2,50,77,77284,VICTOIRE (AV.DE LA),48.957402,2.936293,Nuit avec éclairage allumé,En agglomération,Intersection en T,Normale,Deux véhicules - arrière,3,2,0,0,1,1,1,0,1,50,2,6,3,0,1,2,39.0,,voiture,voiture,5,2,3,1,2
202400039839,2024-08-25 02:50:00,2024,8,25,2,50,77,77284,VICTOIRE (AV.DE LA),48.957402,2.936293,Nuit avec éclairage allumé,En agglomération,Intersection en T,Normale,Deux véhicules - arrière,3,2,0,0,1,1,1,0,1,50,2,6,3,0,1,2,39.0,,voiture,voiture,5,2,3,1,2
202400039840,2024-07-17 10:30:00,2024,7,17,10,30,77,77326,CHAMPIGNONS (DES),48.580536,2.55932,Plein jour,En agglomération,Hors intersection,Normale,Autre collision,4,2,2,0,1,1,1,0,1,30,1,2,1,0,0,1,48.0,,voiture,,1,2,1,1,6
202400039841,2024-08-25 21:00:00,2024,8,25,21,0,71,71306,JULES CHAGOT (QUAI),46.67692,4.3632,Crépuscule ou aube,En agglomération,Hors intersection,Normale,Autre collision,4,-1,2,0,1,1,1,0,1,50,1,2,1,0,0,1,19.0,,voiture,,2,2,1,1,6
202400039842,2024-07-17 07:30:00,2024,7,17,7,30,77,77296,RUE DENIS PAPIN,48.618195,2.580867,Plein jour,En agglomération,Giratoire,Normale,Deux véhicules - côté,4,2,2,0,1,3,8,0,1,30,2,2,1,0,0,1,50.0,49.0,voiture,utilitaire_camion,1,2,6,1,3
202400039842,2024-07-17 07:30:00,2024,7,17,7,30,77,77296,RUE DENIS PAPIN,48.618195,2.580867,Plein jour,En agglomération,Giratoire,Normale,Deux véhicules - côté,4,2,2,0,1,1,1,0,1,50,2,2,1,0,0,1,50.0,49.0,voiture,utilitaire_camion,1,2,6,1,3
202400039843,2024-07-18 18:55:00,2024,7,18,18,55,76,76498,N338 - Sud 3,49.4263,1.05522,Plein jour,Hors agglomération,Hors intersection,Normale,Sans collision,2,3,4,0,1,1,1,0,1,90,1,1,0,0,0,1,34.0,,deux_roues,,1,1,1,1,7
202400039844,2024-08-25 05:30:00,2024,8,25,5,30,65,65440,Boulevard Henri IV,43.232954,0.061061,Crépuscule ou aube,En agglomération,Giratoire,Pluie légère,Autre collision,4,1,2,0,1,2,2,5,1,50,1,2,1,0,0,1,26.0,,voiture,,2,2,6,2,6
202400039845,2024-07-17 23:00:00,2024,7,17,23,0,72,72181,COURBOULAY PAUL (RUE),48.00355,0.19155,Nuit avec éclairage allumé,En agglomération,Hors intersection,Normale,Deux véhicules - arrière,4,2,1,0,1,1,1,0,1,50,2,2,1,0,0,1,50.0,38.0,voiture,voiture,5,2,1,1,2
202400039846,2024-07-18 04:00:00,2024,7,18,4,0,69,69266,Rue Victor Jara,45.76696424,4.9181044,Nuit sans éclairage public,En agglomération,Intersection en T,Normale,Deux véhicules - arrière,4,2,2,0,1,1,1,0,1,30,2,2,1,0,1,0,19.0,,deux_roues,voiture,3,2,3,1,2
202400039846,2024-07-18 04:00:00,2024,7,18,4,0,69,69266,Rue Victor Jara,45.76696424,4.9181044,Nuit sans éclairage public,En agglomération,Intersection en T,Normale,Deux véhicules - arrière,4,1,1,2,1,1,1,0,1,20,2,2,1,0,1,0,19.0,,deux_roues,voiture,3,2,3,1,2
202400039847,2024-08-25 18:09:00,2024,8,25,18,9,64,64348,DIDIER DAURAT,43.33279,-0.37977,Plein jour,En agglomération,Intersection en T,Pluie légère,Deux véhicules - côté,4,-1,2,0,1,1,2,0,1,50,2,2,1,0,0,1,83.0,20.0,voiture,deux_roues,1,2,3,2,3
202400039847,2024-08-25 18:09:00,2024,8,25,18,9,64,64348,DIDIER DAURAT,43.33279,-0.37977,Plein jour,En agglomération,Intersection en T,Pluie légère,Deux véhicules - côté,4,2, -1,-1,1,1,2,0,1,-1,2,2,1,0,0,1,83.0,20.0,voiture,deux_roues,1,2,3,2,3
202400039848,2024-07-18 10:20:00,2024,7,18,10,20,69,69259,Boulevard Irène Joliot Curie,45.72121,4.87377,Plein jour,En agglomération,Hors intersection,Normale,Autre collision,4,2,4,1,1,1,1,6,4,50,1,1,0,0,0,1,50.0,,voiture,,1,2,1,1,6
202400039849,2024-08-24 15:30:00,2024,8,24,15,30,62,62239,D304,50.93127447,1.838552,Plein jour,En agglomération,Hors intersection,Pluie forte,Deux véhicules - frontale,3,2,2,0,1,1,2,0,1,50,2,3,1,0,0,2,45.0,28.0,voiture,voiture,1,2,1,3,1
202400039850,2024-07-17 18:30:00,2024,7,17,18,30,69,69259,Boulevard Ambroise Croizat,45.70471,4.88745,Plein jour,En agglomération,Hors intersection,Normale,Autre collision,7,2,4,1,1,1,1,8,1,30,1,3,2,0,0,1,23.0,,voiture,,1,2,1,1,6
202400039851,2024-07-18 07:30:00,2024,7,18,7,30,64,64445,ALFRED NOBEL,43.31583,-0.31397,Plein jour,En agglomération,Intersection en T,Normale,Autre collision,4,2,2,0,1,1,1,0,1,50,2,2,1,0,0,1,39.0,33.0,deux_roues,voiture,1,2,3,1,6
202400039851,2024-07-18 07:30:00,2024,7,18,7,30,64,64445,ALFRED NOBEL,43.31583,-0.31397,Plein jour,En agglomération,Intersection en T,Normale,Autre collision,4,2, -1,-1,1,1,1,0,1,-1,2,2,1,0,0,1,39.0,33.0,deux_roues,voiture,1,2,3,1,6
202400039852,2024-08-25 05:30:00,2024,8,25,5,30,60,60057,Avenue Salvador Allendé,49.43906,2.10873,Nuit avec éclairage allumé,En agglomération,Hors intersection,Normale,Autre collision,4,-1,2,0,1,1,1,0,3,50,1,4,0,0,0,4,22.0,,voiture,,5,2,1,1,6
202400039853,2024-08-25 02:30:00,2024,8,25,2,30,59,59352,QUESNOY (RUE),50.73121,3.06155,Nuit sans éclairage public,Hors agglomération,Hors intersection,Pluie légère,Sans collision,4,2,1,0,1,1,2,0,8,80,1,1,0,0,0,1,22.0,,voiture,,3,1,1,2,7
202400039854,2024-07-17 12:45:00,2024,7,17,12,45,64,64445,CHATEAU D'ESTE DU,43.30789,-0.37748,Plein jour,En agglomération,Intersection en T,Normale,Deux véhicules - côté,4,2,2,0,1,1,1,0,1,50,2,2,1,0,0,1,47.0,18.0,deux_roues,utilitaire_camion,1,2,3,1,3
202400039854,2024-07-17 12:45:00,2024,7,17,12,45,64,64445,CHATEAU D'ESTE DU,43.30789,-0.37748,Plein jour,En agglomération,Intersection en T,Normale,Deux véhicules - côté,4,1,1,0,1,1,1,0,1,50,2,2,1,0,0,1,47.0,18.0,deux_roues,utilitaire_camion,1,2,3,1,3
202400039855,2024-08-24 17:10:00,2024,8,24,17,10,59,59033,HOTEL DE VILLE (RUE DE L'),50.201041,3.830143,Plein jour,En agglomération,Hors intersection,Pluie légère,Sans collision,3,2,2,0,2,2,2,0,1,50,1,1,0,0,1,0,47.0,,deux_roues,,1,2,1,2,7
202400039856,2024-07-18 16:34:00,2024,7,18,16,34,63,63113,BENNETT (RUE GORDON),45.78695,3.07995,Plein jour,En agglomération,Hors intersection,Normale,Deux véhicules - côté,7,3,4,0,1,1,1,0,1,50,2,2,1,0,0,1,26.0,23.0,voiture,utilitaire_camion,1,2,1,1,3
202400039857,2024-07-17 17:20:00,2024,7,17,17,20,63,63113,COUTHON (AVENUE GEORGES),45.78173,3.09294,Plein jour,En agglomération,Hors intersection,Normale,Autre collision,9,-1,0,3,2,1,1,0,6,30,1,1,0,0,1,0,19.0,,deux_roues,,1,2,1,1,6
202400039858,2024-08-24 17:50:00,2024,8,24,17,50,59,59360,DOUMER PAUL RUE,50.596293,3.037631,Plein jour,En agglomération,Intersection en T,Pluie forte,Deux véhicules - côté,7,-1,1,0,1,1,2,0,8,30,2,2,1,0,0,1,28.0,21.0,voiture,transport_commun,1,2,3,3,3
202400039858,2024-08-24 17:50:00,2024,8,24,17,50,59,59360,DOUMER PAUL RUE,50.596293,3.037631,Plein jour,En agglomération,Intersection en T,Pluie forte,Deux véhicules - côté,7,-1,1,0,1,1,2,0,8,50,2,2,1,0,0,1,28.0,21.0,voiture,transport_commun,1,2,3,3,3
202400039859,2024-07-18 19:00:00,2024,7,18,19,0,62,62193,Rue du Duc de Guise,50.95775,1.85193,Plein jour,En agglomération,Intersection en X,Normale,Deux véhicules - côté,4,1,1,0,1,1,1,0,1,30,2,2,1,0,0,1,46.0,32.0,voiture,deux_roues,1,2,2,1,3
202400039859,2024-07-18 19:00:00,2024,7,18,19,0,62,62193,Rue du Duc de Guise,50.95775,1.85193,Plein jour,En agglomération,Intersection en X,Normale,Deux véhicules - côté,4,2,2,0,1,1,1,0,1,30,2,2,1,0,0,1,46.0,32.0,voiture,deux_roues,1,2,2,1,3
202400039860,2024-08-25 19:15:00,2024,8,25,19,15,57,57227,NATIONALE (RUE)DU C. SCHOENECK /LIMITE C,49.18899,6.90578,Plein jour,En agglomération,Intersection à plus de 4 branches,Normale,Deux véhicules - côté,3,1,3,0,1,1,1,5,1,50,2,2,1,0,0,1,45.0,,deux_roues,voiture,1,2,5,1,3
202400039860,2024-08-25 19:15:00,2024,8,25,19,15,57,57227,NATIONALE (RUE)DU C. SCHOENECK /LIMITE C,49.18899,6.90578,Plein jour,En agglomération,Intersection à plus de 4 branches,Normale,Deux véhicules - côté,3,1,3,0,1,1,1,5,1,50,2,2,1,0,0,1,45.0,,deux_roues,voiture,1,2,5,1,3
202400039861,2024-08-25 16:25:00,2024,8,25,16,25,56,56162,Kerlin Bastard,47.75588,-3.42219,Plein jour,Hors agglomération,Hors intersection,Normale,Autre collision,3,2,2,0,1,1,1,0,1,80,1,1,0,0,0,1,19.0,,voiture,,1,1,1,1,6
202400039862,2024-07-18 10:30:00,2024,7,18,10,30,62,62774,Place du General de Gaulle,50.95876394,1.82783961,Plein jour,En agglomération,Giratoire,Normale,Deux véhicules - côté,3,2,2,0,1,1,1,0,1,50,2,2,1,0,0,1,57.0,76.0,deux_roues,voiture,1,2,6,1,3
202400039862,2024-07-18 10:30:00,2024,7,18,10,30,62,62774,Place du General de Gaulle,50.95876394,1.82783961,Plein jour,En agglomération,Giratoire,Normale,Deux véhicules - côté,3,-1,2,0,1,1,1,0,1,50,2,2,1,0,0,1,57.0,76.0,deux_roues,voiture,1,2,6,1,3
202400039863,2024-08-24 12:41:00,2024,8,24,12,41,47,47001,DOCTEUR NOGUES (AV DU),44.19429,0.64376,Plein jour,Hors agglomération,Hors intersection,Normale,Deux véhicules - côté,3,3,4,0,2,3,1,0,1,50,2,2,1,0,0,1,57.0,69.0,voiture,deux_roues,1,1,1,1,3
202400039864,2024-07-18 01:50:00,2024,7,18,1,50,59,59426,RACCORDEMENT (VOIE DE),50.7478,3.14544,Nuit avec éclairage allumé,Hors agglomération,Intersection en T,Normale,Deux véhicules - côté,7,3,0,0,1,1,1,0,1,70,2,3,2,0,0,1,44.0,20.0,voiture,voiture,5,1,3,1,3
202400039864,2024-07-18 01:50:00,2024,7,18,1,50,59,59426,RACCORDEMENT (VOIE DE),50.7478,3.14544,Nuit avec éclairage allumé,Hors agglomération,Intersection en T,Normale,Deux véhicules - côté,7,2,0,0,1,1,1,5,1,50,2,3,2,0,0,1,44.0,20.0,voiture,voiture,5,1,3,1,3
202400039865,2024-06-19 15:30:00,2024,6,19,15,30,42,42218,Rue du Midi,45.444596,4.381263,Plein jour,En agglomération,Hors intersection,Normale,Autre collision,4,1,1,0,1,1,1,0,1,50,1,2,1,0,0,1,,,voiture,,1,2,1,1,6
202400039866,2024-07-18 01:35:00,2024,7,18,1,35,59,59378,MAGNOLIAS AVENUE DES,50.68225,3.10742,Nuit avec éclairage allumé,En agglomération,Hors intersection,Normale,Sans collision,4,2,2,0,1,3,1,0,1,30,1,2,1,0,1,0,17.0,,voiture,,5,2,1,1,7
202400039867,2024-08-25 16:24:00,2024,8,25,16,24,36,36044,Avenue de Blois,46.82819332,1.68045223,Plein jour,Hors agglomération,Hors intersection,Normale,Trois véhicules et plus - en chaîne,4,-1,2,0,1,1,1,0,1,70,3,4,2,0,0,2,28.0,57.0,voiture,deux_roues,1,1,1,1,4
202400039868,2024-07-17 18:00:00,2024,7,17,18,0,57,57672,KONACKER (Route),49.36454,6.08987,Plein jour,En agglomération,Hors intersection,Normale,Deux véhicules - arrière,3,2,1,0,1,1,1,0,1,50,2,3,1,0,0,2,38.0,31.0,voiture,deux_roues,1,2,1,1,2
202400039869,2024-08-25 12:55:00,2024,8,25,12,55,36,36044,POIRIER (DU GRAND),46.79614352,1.71836525,Plein jour,En agglomération,Hors intersection,Normale,Autre collision,4,2,2,0,1,1,1,0,1,50,1,1,0,0,0,1,32.0,,deux_roues,,1,2,1,1,6
202400039870,2024-07-18 17:10:00,2024,7,18,17,10,54,54339,Avenue du General Leclerc,48.71812969,6.18319988,Plein jour,En agglomération,Hors intersection,Normale,Deux véhicules - côté,4,2,2,0,1,1,1,0,1,30,2,2,1,0,0,1,55.0,47.0,deux_roues,voiture,1,2,1,1,3
202400039871,2024-08-26 01:00:00,2024,8,26,1,0,35,35238,ROCADE 10-11,48.11776,-1.71873,Nuit sans éclairage public,Hors agglomération,Hors intersection,Normale,Autre collision,2,1,1,0,1,3,1,3,1,70,1,1,0,0,0,1,32.0,,voiture,,3,1,1,1,6
202400039872,2024-07-18 08:05:00,2024,7,18,8,5,54,54184,Av du 69e Regiment d’Infanterie,48.70988544,6.24117315,Plein jour,En agglomération,Intersection en X,Normale,Deux véhicules - côté,4,1,2,0,1,1,1,0,1,50,2,2,1,0,0,1,18.0,62.0,deux_roues,voiture,1,2,2,1,3
202400039872,2024-07-18 08:05:00,2024,7,18,8,5,54,54184,Av du 69e Regiment d’Infanterie,48.70988544,6.24117315,Plein jour,En agglomération,Intersection en X,Normale,Deux véhicules - côté,4,3,2,0,1,1,1,0,1,50,2,2,1,0,0,1,18.0,62.0,deux_roues,voiture,1,2,2,1,3
202400039873,2024-08-25 09:30:00,2024,8,25,9,30,34,34172,MOULARES (CHEMIN DE,43.60018,3.89458,Plein jour,En agglomération,Intersection en X,Normale,Deux véhicules - côté,4,2,2,0,1,1,1,0,1,30,2,2,1,0,0,1,82.0,25.0,deux_roues,voiture,1,2,2,1,3
202400039873,2024-08-25 09:30:00,2024,8,25,9,30,34,34172,MOULARES (CHEMIN DE,43.60018,3.89458,Plein jour,En agglomération,Intersection en X,Normale,Deux véhicules - côté,4,2,2,0,1,1,1,0,1,30,2,2,1,0,0,1,82.0,25.0,deux_roues,voiture,1,2,2,1,3
202400039874,2024-07-18 17:50:00,2024,7,18,17,50,54,54382,Rue des Tilleuls,49.53932,5.76457,Plein jour,En agglomération,Hors intersection,Normale,Sans collision,4,2, -1,0,2,3,9,0,8,50,1,1,0,0,0,1,21.0,,deux_roues,,1,2,1,1,7
202400039875,2024-07-17 22:40:00,2024,7,17,22,40,51,51454,MIDOL (RUE HENRI),49.26301,4.00398,Nuit avec éclairage allumé,En agglomération,Hors intersection,Normale,Autre collision,4,2,2,0,1,1,1,4,1,50,1,1,0,0,1,0,42.0,,deux_roues,,5,2,1,1,6
202400039876,2024-08-25 00:30:00,2024,8,25,0,30,31,31555,CHE DE FENOUILLET,43.6597,1.40868,Nuit avec éclairage allumé,En agglomération,Hors intersection,Normale,Autre collision,4,2,2,0,1,1,1,0,3,50,1,4,0,0,2,2,30.0,,voiture,,5,2,1,1,6
202400039877,2024-07-18 18:00:00,2024,7,18,18,0,50,50218,MATIGNON (AV DES),48.83795,-1.56967,Plein jour,En agglomération,Hors intersection,Normale,Autre collision,3,2,2,2,1,1,1,0,1,50,1,2,1,0,1,0,72.0,,voiture,,1,2,1,1,6
202400039878,2024-08-25 15:17:00,2024,8,25,15,17,27,27229,GRENOBLE (RUE DE),49.02626,1.14985,Plein jour,En agglomération,Hors intersection,Normale,Autre collision,4,1,1,0,1,1,1,0,4,30,1,2,1,0,0,1,,,deux_roues,,1,2,1,1,6
202400039879,2024-07-18 14:00:00,2024,7,18,14,0,50,50165,,48.85122,-1.55547,Plein jour,En agglomération,Hors intersection,Normale,Sans collision,3,2,1,0,1,1,1,0,3,50,1,1,0,0,1,0,18.0,,deux_roues,,1,2,1,1,7
202400039880,2024-08-24 17:35:00,2024,8,24,17,35,27,27306,CONCORDE (RUE),49.0063459,1.1723659,Plein jour,En agglomération,Hors intersection,Pluie forte,Sans collision,4,2,2,0,1,3,2,0,1,50,1,1,0,0,0,1,66.0,,deux_roues,,1,2,1,3,7
202400039881,2024-08-24 19:05:00,2024,8,24,19,5,26,26362,Rue des Freres Montgolfier,44.92271774,4.90558863,Plein jour,En agglomération,Hors intersection,Normale,Autre collision,4,2,2,0,1,1,1,0,1,50,1,2,1,0,0,1,57.0,,voiture,,1,2,1,1,6
202400039882,2024-07-17 19:30:00,2024,7,17,19,30,50,50129,COUTURIERES (RUE DES ),49.64162,-1.59325,Plein jour,En agglomération,Intersection en X,Normale,Deux véhicules - côté,4,2,2,1,1,1,1,5,1,50,2,2,1,0,0,1,27.0,37.0,deux_roues,voiture,1,2,2,1,3
202400039882,2024-07-17 19:30:00,2024,7,17,19,30,50,50129,COUTURIERES (RUE DES ),49.64162,-1.59325,Plein jour,En agglomération,Intersection en X,Normale,Deux véhicules - côté,4,1,1,0,1,1,1,5,1,50,2,2,1,0,0,1,27.0,37.0,deux_roues,voiture,1,2,2,1,3
202400039883,2024-08-25 04:50:00,2024,8,25,4,50,14,14220,30 Avenue de la République,49.35976,0.08047,Nuit avec éclairage allumé,En agglomération,Hors intersection,Normale,Sans collision,3,2,2,0,1,1,1,0,1,50,1,1,0,0,1,0,19.0,,deux_roues,,5,2,1,1,7
202400039884,2024-08-25 06:05:00,2024,8,25,6,5,13,13202,HOZIER (RUE D'),43.30429,5.36985,Nuit avec éclairage allumé,En agglomération,Hors intersection,Normale,Deux véhicules - frontale,9,2,1,0,3,1,1,9,8,50,1,2,1,0,1,0,51.0,,voiture,,5,2,1,1,1
202400039885,2024-07-17 18:30:00,2024,7,17,18,30,50,50129,ALEXANDRE III (QUAI),49.63554,-1.62199,Plein jour,En agglomération,Intersection en X,Normale,Deux véhicules - côté,4,2,3,3,1,1,1,0,1,50,2,3,1,0,0,2,49.0,24.0,transport_commun,deux_roues,1,2,2,1,3
202400039885,2024-07-17 18:30:00,2024,7,17,18,30,50,50129,ALEXANDRE III (QUAI),49.63554,-1.62199,Plein jour,En agglomération,Intersection en X,Normale,Deux véhicules - côté,4,2,3,0,1,1,1,0,1,50,2,3,1,0,0,2,49.0,24.0,transport_commun,deux_roues,1,2,2,1,3
202400039886,2024-08-24 16:15:00,2024,8,24,16,15,13,13212,WILLIAM BOOTH (AVENUE),43.29423531,5.4418776,Plein jour,En agglomération,Hors intersection,Normale,Deux véhicules - arrière,4,2,2,0,1,1,1,0,1,50,2,3,1,0,0,2,19.0,63.0,deux_roues,voiture,1,2,1,1,2
202400039887,2024-07-17 19:35:00,2024,7,17,19,35,49,49007,DAVID D'ANGERS,47.44288,-0.5352,Plein jour,En agglomération,Hors intersection,Normale,Deux véhicules - côté,4,2,2,0,1,3,1,0,1,50,2,2,1,0,0,1,59.0,22.0,voiture,voiture,1,2,1,1,3
202400039888,2024-07-17 06:20:00,2024,7,17,6,20,42,42186,Chemin de Sainte-barbe,45.52092201,4.60684649,Crépuscule ou aube,En agglomération,Hors intersection,Normale,Deux véhicules - côté,4,2,2,0,1,1,1,0,1,50,2,2,1,0,0,1,23.0,36.0,voiture,deux_roues,2,2,1,1,3
202400039889,2024-07-17 15:20:00,2024,7,17,15,20,42,42218,Boulevard de la Palle,45.42783,4.417,Plein jour,En agglomération,Hors intersection,Normale,Deux véhicules - côté,4,2,2,0,2,1,1,0,1,50,2,2,1,0,0,1,60.0,20.0,voiture,deux_roues,1,2,1,1,3
202400039890,2024-08-24 12:05:00,2024,8,24,12,5,13,13211,AUDIENCE (RUE DE L'),43.29616461,5.48647591,Plein jour,En agglomération,Hors intersection,Normale,Trois véhicules et plus - collisions multiples,7,-1,0,0,1,1,1,0,1,50,3,7,3,0,0,4,,66.0,voiture,voiture,1,2,1,1,5
202400039891,2024-07-17 21:20:00,2024,7,17,21,20,38,38185,RUE ABBÉ DE LA SALLE,45.18972,5.73149,Crépuscule ou aube,En agglomération,Intersection en X,Normale,Deux véhicules - frontale,4,1,1,0,1,1,1,0,1,30,2,2,1,0,0,1,62.0,36.0,voiture,deux_roues,2,2,2,1,1
202400039891,2024-07-17 21:20:00,2024,7,17,21,20,38,38185,RUE ABBÉ DE LA SALLE,45.18972,5.73149,Crépuscule ou aube,En agglomération,Intersection en X,Normale,Deux véhicules - frontale,4,2,2,3,1,2,1,0,6,20,2,2,1,0,0,1,62.0,36.0,voiture,deux_roues,2,2,2,1,1
202400039892,2024-08-25 17:45:00,2024,8,25,17,45,10,10387,Chaussee du Vouldy,48.2909,4.0883,Plein jour,En agglomération,Autre intersection,Normale,Deux véhicules - côté,4,1,2,0,1,1,1,0,1,50,2,2,1,0,0,1,30.0,23.0,deux_roues,voiture,1,2,9,1,3
202400039892,2024-08-25 17:45:00,2024,8,25,17,45,10,10387,Chaussee du Vouldy,48.2909,4.0883,Plein jour,En agglomération,Autre intersection,Normale,Deux véhicules - côté,4,2,2,0,1,1,1,0,1,50,2,2,1,0,0,1,30.0,23.0,deux_roues,voiture,1,2,9,1,3
202400039893,2024-06-14 17:00:00,2024,6,14,17,0,21,21231,Rue Coubertin,47.306383,5.089924,Plein jour,Hors agglomération,Hors intersection,Normale,Deux véhicules - frontale,7,2,2,0,1,1,1,0,1,70,2,20,0,0,0,20,28.0,35.0,transport_commun,voiture,1,1,1,1,1
202400039894,2024-08-24 08:44:00,2024,8,24,8,44,01,01451,LOUHANS (ROND POINT),46.22808,5.229,Plein jour,En agglomération,Giratoire,Temps éblouissant,Deux véhicules - côté,3,2,2,0,1,1,1,3,1,50,2,2,1,0,1,0,31.0,62.0,voiture,deux_roues,1,2,6,7,3
202400039895,2024-07-18 16:30:00,2024,7,18,16,30,37,37261,MAGINOT (AV. ANDRE),47.41879834,0.69261718,Plein jour,En agglomération,Giratoire,Temps éblouissant,Deux véhicules - côté,4,2,2,2,1,3,1,0,5,50,2,2,1,0,0,1,23.0,32.0,deux_roues,voiture,1,2,6,7,3
202400039895,2024-07-18 16:30:00,2024,7,18,16,30,37,37261,MAGINOT (AV. ANDRE),47.41879834,0.69261718,Plein jour,En agglomération,Giratoire,Temps éblouissant,Deux véhicules - côté,4,2,2,2,1,2,1,0,5,50,2,2,1,0,0,1,23.0,32.0,deux_roues,voiture,1,2,6,7,3
202400039896,2024-08-25 13:50:00,2024,8,25,13,50,75,75116,BD PERIPHERIQUE INTERIEUR,48.825623,2.300965,Plein jour,En agglomération,Hors intersection,Normale,Deux véhicules - arrière,4,1,4,0,1,1,1,0,1,70,2,2,1,0,0,1,55.0,22.0,voiture,voiture,1,2,1,1,2
202400039897,2024-05-29 14:08:00,2024,5,29,14,8,19,19275,BLUM (BOULEVARD LEON),45.55271184,2.31597151,Plein jour,En agglomération,Autre intersection,Temps couvert,Autre collision,4,2,2,0,1,1,1,5,1,50,1,2,1,0,1,0,41.0,,voiture,,1,2,9,8,6
202400039898,2024-07-18 12:53:00,2024,7,18,12,53,37,37261,STRASBOURG (PLACE DE),47.38043,0.68119,Plein jour,En agglomération,Hors intersection,Normale,Autre collision,4,-1,0,0,1,1,1,0,1,10,1,2,1,0,0,1,28.0,,voiture,,1,2,1,1,6
202400039899,2024-06-17 14:20:00,2024,6,17,14,20,19,19031,LAGRANGE (AVENUE LEO),45.16072,1.55028,Plein jour,En agglomération,Hors intersection,Normale,Deux véhicules - côté,4,2,2,1,1,1,1,0,1,50,2,2,1,0,0,1,47.0,15.0,voiture,deux_roues,1,2,1,1,3
202400039900,2024-06-16 15:25:00,2024,6,16,15,25,14,14333,32 Rue du Dauphin,49.42015721,0.23219079,Plein jour,En agglomération,Hors intersection,Normale,Autre collision,4,1,1,0,2,1,1,9,1,30,1,2,1,0,0,1,66.0,,voiture,,1,2,1,1,6
202400039901,2024-07-18 18:30:00,2024,7,18,18,30,35,35278,RN136,48.14104,-1.68131,Plein jour,Hors agglomération,Hors intersection,Normale,Deux véhicules - arrière,2,3,4,0,1,1,1,0,1,90,2,5,0,0,0,5,49.0,42.0,transport_commun,voiture,1,1,1,1,2
202400039902,2024-08-24 16:20:00,2024,8,24,16,20,75,75120,BD PERIPHERIQUE INTERIEUR,48.85993,2.413982,Plein jour,En agglomération,Hors intersection,Normale,Trois véhicules et plus - collisions multiples,4,1,4,0,1,1,1,0,1,70,4,7,5,0,0,2,30.0,25.0,voiture,voiture,1,2,1,1,5
202400039903,2024-06-17 07:30:00,2024,6,17,7,30,13,13054,D9 (BRETELLE),43.42405,5.2365,Plein jour,Hors agglomération,Hors intersection,Normale,Deux véhicules - arrière,3,2,2,0,1,1,1,0,1,90,2,2,0,0,1,1,42.0,33.0,voiture,voiture,1,1,1,1,2
202400039904,2024-08-23 16:10:00,2024,8,23,16,10,75,75112,Boulevard Périphérique Extérieur ,48.846484,2.414571,Plein jour,En agglomération,Hors intersection,Normale,Trois véhicules et plus - en chaîne,4,1,4,0,1,1,1,0,1,70,3,3,2,0,0,1,58.0,35.0,voiture,voiture,1,2,1,1,4