accident_id,datetime,annee,mois,jour,heure,minute,departement,commune_insee,adresse,latitude,longitude,luminosite,agglomeration,intersection,meteo,collision,catr,circ,nbv,vosp,prof,plan,surf,infra,situ,vma,nb_vehicules,nb_usagers,nb_indemnes,nb_tues,nb_blesses_hosp,nb_blesses_legers,age_cond_1,age_cond_2,veh_type_cond_1,veh_type_cond_2,lum_code,agg_code,int_code,atm_code,col_code
202400039905,2024-07-18 11:45:00,2024,7,18,11,45,35,35238,CLEMENCEAU (BD GEORGES),48.09427873,-1.6818282,Plein jour,En agglomération,Intersection en X,Normale,Deux véhicules - côté,4,2,2,0,1,1,1,0,1,50,2,4,2,0,0,2,21.0,60.0,voiture,transport_commun,1,2,2,1,3
202400039905,2024-07-18 11:45:00,2024,7,18,11,45,35,35238,CLEMENCEAU (BD GEORGES),48.09427873,-1.6818282,Plein jour,En agglomération,Intersection en X,Normale,Deux véhicules - côté,4,2,2,0,1,1,1,0,1,30,2,4,2,0,0,2,21.0,60.0,voiture,transport_commun,1,2,2,1,3
202400039906,2024-06-17 19:31:00,2024,6,17,19,31,13,13209,COL DE LA GINESTE D559,43.21303,5.45075,Plein jour,Hors agglomération,Hors intersection,Normale,Sans collision,3,2,2,0,3,3,1,9,1,70,1,1,0,0,1,0,37.0,,deux_roues,,1,1,1,1,7
202400039907,2024-08-23 11:30:00,2024,8,23,11,30,75,75112,BD PERIPHERIQUE EXTERIEUR,48.846484,2.414571,Plein jour,En agglomération,Hors intersection,Normale,Deux véhicules - arrière,4,-1,4,0,1,1,1,0,1,70,2,4,0,0,0,4,40.0,44.0,voiture,voiture,1,2,1,1,2
202400039908,2024-06-17 08:30:00,2024,6,17,8,30,13,13213,JEAN PAUL SARTRE (AVENUE),43.32898,5.43057,Plein jour,En agglomération,Hors intersection,Normale,Deux véhicules - frontale,4,2,2,0,1,1,1,0,1,50,2,4,0,0,0,4,50.0,55.0,deux_roues,deux_roues,1,2,1,1,1
202400039909,2024-07-18 08:10:00,2024,7,18,8,10,34,34172,APOTHICAIRES (AVENUE DES),43.64294,3.83674,Plein jour,En agglomération,Intersection en X,Normale,Deux véhicules - côté,4,2,0,3,2,3,1,0,1,50,2,2,1,0,1,0,54.0,59.0,deux_roues,voiture,1,2,2,1,3
202400039909,2024-07-18 08:10:00,2024,7,18,8,10,34,34172,APOTHICAIRES (AVENUE DES),43.64294,3.83674,Plein jour,En agglomération,Intersection en X,Normale,Deux véhicules - côté,4,2,2,1,2,2,1,0,1,50,2,2,1,0,1,0,54.0,59.0,deux_roues,voiture,1,2,2,1,3
202400039910,2024-06-13 18:00:00,2024,6,13,18,0,13,13204,ALEX. FLEMING (BOULEVARD),43.31662259,5.39537166,Plein jour,En agglomération,Hors intersection,Normale,Sans collision,4,1,2,0,2,1,1,0,1,50,1,1,0,0,1,0,28.0,,voiture,,1,2,1,1,7
202400039911,2024-08-23 09:00:00,2024,8,23,9,0,75,75112,BD PERIPHERIQUE EXTERIEUR,48.827141,2.39103,Plein jour,En agglomération,Hors intersection,Normale,Deux véhicules - côté,4,1,4,0,1,1,1,0,1,70,2,2,1,0,0,1,51.0,54.0,utilitaire_camion,voiture,1,2,1,1,3
202400039912,2024-07-18 19:00:00,2024,7,18,19,0,33,33063,,44.85177,-0.59048,Plein jour,En agglomération,Intersection en Y,Normale,Deux véhicules - arrière,4,1,1,0,1,2,1,5,1,50,2,2,1,0,0,1,58.0,46.0,voiture,deux_roues,1,2,4,1,2
202400039912,2024-07-18 19:00:00,2024,7,18,19,0,33,33063,,44.85177,-0.59048,Plein jour,En agglomération,Intersection en Y,Normale,Deux véhicules - arrière,4,-1,1,0,1,1,1,0,1,50,2,2,1,0,0,1,58.0,46.0,voiture,deux_roues,1,2,4,1,2
202400039913,2024-06-17 01:47:00,2024,6,17,1,47,13,13208,MENDES FRANCE (AVENUE),43.25939,5.37572,Nuit avec éclairage allumé,En agglomération,Hors intersection,Normale,Deux véhicules - arrière,4,1,2,3,1,1,1,0,1,50,2,3,1,0,0,2,23.0,18.0,voiture,voiture,5,2,1,1,2
202400039914,2024-08-24 15:30:00,2024,8,24,15,30,75,75113,ECHANGEUR ITALIE,48.816245,2.356117,Plein jour,En agglomération,Hors intersection,Normale,Deux véhicules - arrière,4,1,2,0,1,2,1,0,6,50,2,2,1,1,0,0,37.0,23.0,deux_roues,voiture,1,2,1,1,2
202400039915,2024-06-12 10:30:00,2024,6,12,10,30,06,06027,2 Avenue de l'Hôtel des Postes,43.66277,7.15054,Plein jour,En agglomération,Hors intersection,Normale,Autre collision,4,1,2,0,1,1,1,0,1,50,1,2,1,0,0,1,32.0,,voiture,,1,2,1,1,6
202400039916,2024-08-25 11:00:00,2024,8,25,11,0,75,75116,AVENUE FELIX D HERELLE,48.834784,2.256062,Plein jour,En agglomération,Hors intersection,Normale,Autre collision,4,2,2,0,1,1,1,0,1,30,1,2,1,0,1,0,90.0,,voiture,,1,2,1,1,6
202400039917,2024-06-17 10:20:00,2024,6,17,10,20,02,02738,,49.66821,3.28202,Plein jour,En agglomération,Place,Normale,Deux véhicules - côté,4,2,3,0,1,1,1,0,1,50,2,2,1,0,1,0,73.0,61.0,voiture,deux_roues,1,2,7,1,3
202400039918,2024-07-18 17:50:00,2024,7,18,17,50,33,33063,,44.851,-0.59547,Plein jour,En agglomération,Intersection en T,Normale,Trois véhicules et plus - en chaîne,4,2,2,2,1,1,1,-1,1,50,3,3,2,0,0,1,27.0,29.0,deux_roues,voiture,1,2,3,1,4
202400039918,2024-07-18 17:50:00,2024,7,18,17,50,33,33063,,44.851,-0.59547,Plein jour,En agglomération,Intersection en T,Normale,Trois véhicules et plus - en chaîne,4,3,2,2,1,1,1,-1,1,50,3,3,2,0,0,1,27.0,29.0,deux_roues,voiture,1,2,3,1,4
202400039919,2024-08-25 10:30:00,2024,8,25,10,30,75,75116,AVENUE DE LA PORTE D AUTEUIL,48.848072,2.253102,Plein jour,En agglomération,Intersection en X,Normale,Deux véhicules - côté,4,3,4,0,1,2,1,0,1,30,2,2,1,0,0,1,70.0,48.0,voiture,deux_roues,1,2,2,1,3
202400039919,2024-08-25 10:30:00,2024,8,25,10,30,75,75116,AVENUE DE LA PORTE D AUTEUIL,48.848072,2.253102,Plein jour,En agglomération,Intersection en X,Normale,Deux véhicules - côté,4,3,0,0,1,2,1,0,1,30,2,2,1,0,0,1,70.0,48.0,voiture,deux_roues,1,2,2,1,3
202400039920,2024-06-17 11:50:00,2024,6,17,11,50,01,01053,LEVRIER (BD ANDRE) PAIR,46.20975,5.23017,Plein jour,En agglomération,Intersection en X,Normale,Deux véhicules - arrière,3,2,4,0,1,1,1,0,1,50,2,2,0,0,0,2,18.0,18.0,deux_roues,voiture,1,2,2,1,2
202400039920,2024-06-17 11:50:00,2024,6,17,11,50,01,01053,LEVRIER (BD ANDRE) PAIR,46.20975,5.23017,Plein jour,En agglomération,Intersection en X,Normale,Deux véhicules - arrière,3,2,2,0,1,1,1,0,1,50,2,2,0,0,0,2,18.0,18.0,deux_roues,voiture,1,2,2,1,2
202400039921,2024-08-24 17:30:00,2024,8,24,17,30,75,75112,AVENUE DE SAINT MAURICE,48.82856,2.419545,Plein jour,En agglomération,Intersection en Y,Normale,Autre collision,4,2,2,0,1,1,1,0,1,30,1,2,1,0,0,1,29.0,,voiture,,1,2,4,1,6
202400039921,2024-08-24 17:30:00,2024,8,24,17,30,75,75112,AVENUE DE SAINT MAURICE,48.82856,2.419545,Plein jour,En agglomération,Intersection en Y,Normale,Autre collision,4,2, -1,0,1,1,1,0,1,30,1,2,1,0,0,1,29.0,,voiture,,1,2,4,1,6
202400039922,2024-07-18 11:30:00,2024,7,18,11,30,33,33522,,44.81534,-0.59406,Plein jour,En agglomération,Intersection en X,Normale,Autre collision,4,-1,1,0,1,1,1,0,1,50,2,3,1,0,0,2,54.0,32.0,voiture,utilitaire_camion,1,2,2,1,6
202400039922,2024-07-18 11:30:00,2024,7,18,11,30,33,33522,,44.81534,-0.59406,Plein jour,En agglomération,Intersection en X,Normale,Autre collision,4,2,2,0,1,1,1,0,1,50,2,3,1,0,0,2,54.0,32.0,voiture,utilitaire_camion,1,2,2,1,6
202400039923,2024-08-25 04:30:00,2024,8,25,4,30,75,75111,RUE DES TAILLANDIERS,48.854665,2.375047,Nuit avec éclairage allumé,En agglomération,Hors intersection,Normale,Autre collision,4,1,1,0,1,1,1,0,1,30,1,3,2,0,0,1,28.0,,voiture,,5,2,1,1,6
202400039924,2024-06-17 18:20:00,2024,6,17,18,20,75,75113,BD PERIPHERIQUE EXTERIEUR,48.816707,2.365107,Plein jour,En agglomération,Hors intersection,Normale,Trois véhicules et plus - en chaîne,4,1,4,0,1,1,1,0,1,70,5,5,3,0,0,2,47.0,39.0,deux_roues,voiture,1,2,1,1,4
202400039925,2024-07-17 18:05:00,2024,7,17,18,5,33,33009,,44.658984,-1.19278,Plein jour,En agglomération,Hors intersection,Normale,Autre collision,4,1,1,1,2,1,1,-1,1,50,1,2,1,0,0,1,74.0,,deux_roues,,1,2,1,1,6
202400039926,2024-08-25 22:10:00,2024,8,25,22,10,75,75110,BOULEVARD DE MAGENTA,48.87318,2.358843,Nuit avec éclairage allumé,En agglomération,Intersection en T,Normale,Deux véhicules - côté,4,2,4,1,2,1,1,0,4,30,2,2,1,0,0,1,24.0,41.0,deux_roues,voiture,5,2,3,1,3
202400039926,2024-08-25 22:10:00,2024,8,25,22,10,75,75110,BOULEVARD DE MAGENTA,48.87318,2.358843,Nuit avec éclairage allumé,En agglomération,Intersection en T,Normale,Deux véhicules - côté,4,1,1,0,1,1,1,0,1,30,2,2,1,0,0,1,24.0,41.0,deux_roues,voiture,5,2,3,1,3
202400039927,2024-06-17 11:55:00,2024,6,17,11,55,75,75119,RUE SIGMUND FREUD,48.884684,2.398837,Plein jour,En agglomération,Intersection en T,Normale,Trois véhicules et plus - en chaîne,4,1,1,0,1,1,1,0,1,30,4,4,3,0,0,1,37.0,23.0,deux_roues,deux_roues,1,2,3,1,4
202400039927,2024-06-17 11:55:00,2024,6,17,11,55,75,75119,RUE SIGMUND FREUD,48.884684,2.398837,Plein jour,En agglomération,Intersection en T,Normale,Trois véhicules et plus - en chaîne,4,2,1,2,2,1,1,0,1,30,4,4,3,0,0,1,37.0,23.0,deux_roues,deux_roues,1,2,3,1,4
202400039928,2024-07-18 15:10:00,2024,7,18,15,10,31,31555,RUE DE LA VENDEE,43.57226,1.41407,Plein jour,En agglomération,Intersection en T,Normale,Deux véhicules - côté,4,2,2,0,1,1,1,0,1,30,2,2,1,0,1,0,32.0,24.0,deux_roues,voiture,1,2,3,1,3
202400039928,2024-07-18 15:10:00,2024,7,18,15,10,31,31555,RUE DE LA VENDEE,43.57226,1.41407,Plein jour,En agglomération,Intersection en T,Normale,Deux véhicules - côté,4,2,2,0,1,1,1,0,1,30,2,2,1,0,1,0,32.0,24.0,deux_roues,voiture,1,2,3,1,3
202400039929,2024-06-17 10:20:00,2024,6,17,10,20,75,75105,QUAI SAINT BERNARD,48.84722,2.36042,Plein jour,En agglomération,Hors intersection,Normale,Deux véhicules - côté,4,2,3,0,1,1,1,9,1,30,2,2,0,0,0,2,20.0,39.0,deux_roues,deux_roues,1,2,1,1,3
202400039930,2024-08-25 19:00:00,2024,8,25,19,0,93,93005,Rue Paul Cézanne / Rue Eugène Delacroix,48.95284477,2.49895179,Crépuscule ou aube,En agglomération,Intersection en X,Normale,Trois véhicules et plus - collisions multiples,3,3,4,0,1,1,1,0,1,50,3,6,2,0,0,4,40.0,23.0,voiture,voiture,2,2,2,1,5
202400039930,2024-08-25 19:00:00,2024,8,25,19,0,93,93005,Rue Paul Cézanne / Rue Eugène Delacroix,48.95284477,2.49895179,Crépuscule ou aube,En agglomération,Intersection en X,Normale,Trois véhicules et plus - collisions multiples,3,2,2,0,1,1,1,0,1,50,3,6,2,0,0,4,40.0,23.0,voiture,voiture,2,2,2,1,5
202400039931,2024-07-18 09:55:00,2024,7,18,9,55,29,29232,Rue de Stang Bihan,48.010275,-4.104088,Plein jour,En agglomération,Hors intersection,Normale,Autre collision,4,2,2,0,1,1,1,0,4,50,1,2,1,0,0,1,59.0,,voiture,,1,2,1,1,6
202400039932,2024-08-24 17:20:00,2024,8,24,17,20,93,93051,Rue du Marnois,48.84144536,2.56480626,Plein jour,En agglomération,Hors intersection,Normale,Autre collision,4,2,2,0,1,1,1,0,1,50,1,2,1,0,0,1,44.0,,voiture,,1,2,1,1,6
202400039933,2024-06-17 08:10:00,2024,6,17,8,10,75,75117,RUE FLOREAL,48.900474,2.320692,Plein jour,En agglomération,Intersection en X,Normale,Deux véhicules - côté,4,2,2,0,1,1,1,0,1,30,2,2,1,0,0,1,53.0,24.0,deux_roues,voiture,1,2,2,1,3
202400039933,2024-06-17 08:10:00,2024,6,17,8,10,75,75117,RUE FLOREAL,48.900474,2.320692,Plein jour,En agglomération,Intersection en X,Normale,Deux véhicules - côté,4,2,2,0,1,1,1,0,1,30,2,2,1,0,0,1,53.0,24.0,deux_roues,voiture,1,2,2,1,3
202400039934,2024-07-17 13:35:00,2024,7,17,13,35,29,29232,Rue Theodore le Hars,47.994461,-4.099738,Plein jour,En agglomération,Hors intersection,Normale,Deux véhicules - arrière,4,2,2,0,1,1,1,0,1,50,2,2,1,0,0,1,25.0,14.0,voiture,deux_roues,1,2,1,1,2
202400039935,2024-06-17 08:01:00,2024,6,17,8,1,75,75110,RUE LA FAYETTE,48.881615,2.365813,Plein jour,En agglomération,Intersection en X,Normale,Deux véhicules - côté,4,2,3,3,1,1,1,8,5,30,2,2,1,0,0,1,33.0,56.0,deux_roues,voiture,1,2,2,1,3
202400039935,2024-06-17 08:01:00,2024,6,17,8,1,75,75110,RUE LA FAYETTE,48.881615,2.365813,Plein jour,En agglomération,Intersection en X,Normale,Deux véhicules - côté,4,2,4,1,1,1,1,8,5,30,2,2,1,0,0,1,33.0,56.0,deux_roues,voiture,1,2,2,1,3
202400039936,2024-07-17 10:20:00,2024,7,17,10,20,29,29151,Rampe Saint Nicolas,48.582057,-3.826864,Plein jour,En agglomération,Hors intersection,Normale,Autre collision,4,2,0,0,1,1,1,6,1,50,1,2,1,0,1,0,74.0,,voiture,,1,2,1,1,6
202400039937,2024-08-24 17:00:00,2024,8,24,17,0,93,93032,Avenue Charles / Avenue Maurice,48.89086667,2.52072662,Plein jour,En agglomération,Intersection en X,Normale,Deux véhicules - côté,4,2,2,0,1,1,1,0,1,50,2,4,1,0,0,3,62.0,21.0,voiture,voiture,1,2,2,1,3
202400039938,2024-06-17 09:15:00,2024,6,17,9,15,75,75115,RUE DE LA CROIX NIVERT,48.842344,2.294174,Plein jour,En agglomération,Intersection en X,Normale,Deux véhicules - côté,4,1, -1,0,1,1,1,0,1,30,2,2,1,0,0,1,28.0,46.0,voiture,utilitaire_camion,1,2,2,1,3
202400039938,2024-06-17 09:15:00,2024,6,17,9,15,75,75115,RUE DE LA CROIX NIVERT,48.842344,2.294174,Plein jour,En agglomération,Intersection en X,Normale,Deux véhicules - côté,4,2,2,0,1,1,1,0,1,30,2,2,1,0,0,1,28.0,46.0,voiture,utilitaire_camion,1,2,2,1,3
202400039939,2024-07-18 21:09:00,2024,7,18,21,9,27,27229,CITES UNIES (BOULEVARD DES),49.01492,1.14413,Plein jour,En agglomération,Hors intersection,Normale,Deux véhicules - arrière,4,2,3,0,4,2,1,8,1,50,2,2,1,0,0,1,25.0,27.0,voiture,voiture,1,2,1,1,2
202400039940,2024-08-24 21:15:00,2024,8,24,21,15,93,93031,Avenue Joffre / Route d'Argenteuil,48.96174,2.29519,Nuit avec éclairage allumé,En agglomération,Intersection en X,Normale,Deux véhicules - côté,3,2,2,0,2,1,1,0,1,50,2,2,1,0,0,1,33.0,56.0,voiture,deux_roues,5,2,2,1,3
202400039940,2024-08-24 21:15:00,2024,8,24,21,15,93,93031,Avenue Joffre / Route d'Argenteuil,48.96174,2.29519,Nuit avec éclairage allumé,En agglomération,Intersection en X,Normale,Deux véhicules - côté,3,3,4,0,1,1,1,0,1,50,2,2,1,0,0,1,33.0,56.0,voiture,deux_roues,5,2,2,1,3
202400039941,2024-06-17 13:35:00,2024,6,17,13,35,75,75101,RUE SAINT HONORE,48.862497,2.338102,Plein jour,En agglomération,Intersection en T,Normale,Deux véhicules - côté,4,1,2,0,1,1,1,0,1,30,2,3,2,0,0,1,39.0,55.0,voiture,deux_roues,1,2,3,1,3
202400039941,2024-06-17 13:35:00,2024,6,17,13,35,75,75101,RUE SAINT HONORE,48.862497,2.338102,Plein jour,En agglomération,Intersection en T,Normale,Deux véhicules - côté,4,1,3,3,1,1,1,0,6,30,2,3,2,0,0,1,39.0,55.0,voiture,deux_roues,1,2,3,1,3
202400039942,2024-07-17 21:22:00,2024,7,17,21,22,26,26252,Rue Ambroise Croizat,44.871718,4.879725,Crépuscule ou aube,En agglomération,Hors intersection,Normale,Deux véhicules - frontale,4,1,1,0,1,3,1,0,1,30,2,2,1,0,0,1,13.0,41.0,deux_roues,voiture,2,2,1,1,1
202400039943,2024-08-25 03:40:00,2024,8,25,3,40,93,93013,Carrefour Charles Lindbergh / Route nationale 2,48.94274,2.42995,Nuit avec éclairage allumé,En agglomération,Giratoire,Normale,Autre collision,3,2,2,0,1,1,1,0,3,50,1,3,0,0,0,3,20.0,,voiture,,5,2,6,1,6
202400039943,2024-08-25 03:40:00,2024,8,25,3,40,93,93013,Carrefour Charles Lindbergh / Route nationale 2,48.94274,2.42995,Nuit avec éclairage allumé,En agglomération,Giratoire,Normale,Autre collision,3,2,2,0,1,1,1,0,3,-1,1,3,0,0,0,3,20.0,,voiture,,5,2,6,1,6
202400039944,2024-06-17 11:45:00,2024,6,17,11,45,94,94044,Avenue de Verdun,48.75034869,2.48304226,Plein jour,En agglomération,Hors intersection,Normale,Autre collision,4,2,2,0,1,1,1,9,1,50,1,2,1,0,0,1,42.0,,voiture,,1,2,1,1,6
202400039945,2024-08-26 08:15:00,2024,8,26,8,15,34,34242,Mas de Mounel,43.767824,3.981026,Plein jour,Hors agglomération,Hors intersection,Normale,Sans collision,3,2,2,0,1,1,1,0,3,70,1,1,0,1,0,0,54.0,,voiture,,1,1,1,1,7
202400039946,2024-08-25 18:50:00,2024,8,25,18,50,47,47015,RN 21,44.055372,0.651369,Plein jour,Hors agglomération,Hors intersection,Normale,Autre collision,2,2,2,0,2,1,1,0,3,80,1,1,0,1,0,0,74.0,,deux_roues,,1,1,1,1,6
202400039947,2024-06-17 19:00:00,2024,6,17,19,0,94,94046,12 Avenue Gambetta,48.809999,2.436122,Plein jour,En agglomération,Hors intersection,Normale,Autre collision,6,-1,0,0,1,1,1,9,8,30,1,2,1,0,1,0,76.0,,voiture,,1,2,1,1,6
202400039948,2024-07-18 13:10:00,2024,7,18,13,10,17,17415,COTE DE BEAUTE RUE DE LA,45.748137,-0.668822,Plein jour,En agglomération,Intersection en T,Normale,Trois véhicules et plus - en chaîne,4,2,2,0,1,1,1,0,1,50,3,3,2,0,0,1,73.0,46.0,voiture,voiture,1,2,3,1,4
202400039948,2024-07-18 13:10:00,2024,7,18,13,10,17,17415,COTE DE BEAUTE RUE DE LA,45.748137,-0.668822,Plein jour,En agglomération,Intersection en T,Normale,Trois véhicules et plus - en chaîne,4,2,2,0,1,1,1,5,1,50,3,3,2,0,0,1,73.0,46.0,voiture,voiture,1,2,3,1,4
202400039949,2024-06-17 14:00:00,2024,6,17,14,0,94,94041,78 Avenue Maurice Thorez,48.8141,2.37928,Plein jour,En agglomération,Hors intersection,Normale,Deux véhicules - côté,3,1,1,2,1,1,1,8,5,30,2,2,1,0,0,1,23.0,47.0,deux_roues,voiture,1,2,1,1,3
202400039950,2024-08-26 14:20:00,2024,8,26,14,20,62,62723,D119,50.367413,1.777398,Plein jour,En agglomération,Intersection en T,Normale,Deux véhicules - côté,3,2,2,0,1,1,1,0,1,50,2,2,1,0,1,0,11.0,53.0,deux_roues,utilitaire_camion,1,2,3,1,3
202400039950,2024-08-26 14:20:00,2024,8,26,14,20,62,62723,D119,50.367413,1.777398,Plein jour,En agglomération,Intersection en T,Normale,Deux véhicules - côté,3,2,2,0,2,1,1,0,1,50,2,2,1,0,1,0,11.0,53.0,deux_roues,utilitaire_camion,1,2,3,1,3
202400039951,2024-07-17 15:37:00,2024,7,17,15,37,14,14366,D613,49.13374,0.24611,Plein jour,Hors agglomération,Autre intersection,Normale,Deux véhicules - arrière,3,1,2,0,3,1,1,0,1,90,2,2,1,0,0,1,63.0,25.0,deux_roues,voiture,1,1,9,1,2
202400039952,2024-08-26 16:25:00,2024,8,26,16,25,28,28161,Autoroute A11 PK 095+500 dans le sens LE MANS vers PARIS,48.251427,1.123266,Plein jour,Hors agglomération,Hors intersection,Normale,Autre collision,1,3,3,0,1,1,1,0,3,130,1,2,0,0,1,1,27.0,,voiture,,1,1,1,1,6
202400039953,2024-08-24 06:00:00,2024,8,24,6,0,972,97220,N8,14.491164,-60.896423,Crépuscule ou aube,Hors agglomération,Hors intersection,Pluie légère,Sans collision,2,2,2,0,1,4,2,0,1,80,1,2,0,0,1,1,28.0,,deux_roues,,2,1,1,2,7
202400039954,2024-07-17 10:35:00,2024,7,17,10,35,14,14338,1 Boulevard des Belges,49.30066,-0.07508,Plein jour,En agglomération,Giratoire,Temps éblouissant,Deux véhicules - côté,3,2,2,0,2,1,1,5,1,50,2,2,1,0,0,1,78.0,80.0,voiture,deux_roues,1,2,6,7,3
202400039954,2024-07-17 10:35:00,2024,7,17,10,35,14,14338,1 Boulevard des Belges,49.30066,-0.07508,Plein jour,En agglomération,Giratoire,Temps éblouissant,Deux véhicules - côté,3,-1,2,0,1,2,1,5,8,50,2,2,1,0,0,1,78.0,80.0,voiture,deux_roues,1,2,6,7,3
202400039955,2024-06-16 02:00:00,2024,6,16,2,0,93,93053,Rue de Brément / Rue Elsa Triolet,48.887255,2.466368,Nuit avec éclairage allumé,En agglomération,Intersection en T,Normale,Trois véhicules et plus - collisions multiples,3,2,2,0,1,1,1,0,1,50,3,6,5,0,0,1,,20.0,voiture,voiture,5,2,3,1,5
202400039955,2024-06-16 02:00:00,2024,6,16,2,0,93,93053,Rue de Brément / Rue Elsa Triolet,48.887255,2.466368,Nuit avec éclairage allumé,En agglomération,Intersection en T,Normale,Trois véhicules et plus - collisions multiples,3,2,2,0,1,1,1,0,1,50,3,6,5,0,0,1,,20.0,voiture,voiture,5,2,3,1,5
202400039956,2024-08-23 03:00:00,2024,8,23,3,0,972,97217,morne sulpice,14.492733,-60.86194,Nuit sans éclairage public,En agglomération,Hors intersection,Normale,Autre collision,4,2,2,0,1,1,1,0,3,-1,1,2,1,0,1,0,21.0,,autre,,3,2,1,1,6
202400039957,2024-07-17 17:30:00,2024,7,17,17,30,13,13117,CD20 E,43.44964,5.23071,Plein jour,Hors agglomération,Hors intersection,Normale,Deux véhicules - côté,3,2,2,0,1,1,1,0,1,80,2,2,1,0,1,0,25.0,49.0,voiture,deux_roues,1,1,1,1,3
202400039958,2024-06-17 11:20:00,2024,6,17,11,20,93,93031,Avenue de la République / Boulevard Foch,48.94967,2.32944,Plein jour,En agglomération,Intersection à plus de 4 branches,Normale,Autre collision,3,3,4,3,1,1,1,0,1,50,1,2,1,0,0,1,37.0,,voiture,,1,2,5,1,6
202400039958,2024-06-17 11:20:00,2024,6,17,11,20,93,93031,Avenue de la République / Boulevard Foch,48.94967,2.32944,Plein jour,En agglomération,Intersection à plus de 4 branches,Normale,Autre collision,3,2,2,0,1,1,1,0,1,-1,1,2,1,0,0,1,37.0,,voiture,,1,2,5,1,6
202400039959,2024-08-26 09:55:00,2024,8,26,9,55,26,26324,,44.327901,4.738884,Plein jour,Hors agglomération,Autre intersection,Normale,Sans collision,1,3,3,3,1,1,1,0,1,110,1,2,0,0,0,2,86.0,,voiture,,1,1,9,1,7
202400039960,2024-06-17 16:45:00,2024,6,17,16,45,92,92046,JULES FERRY (AVENUE),48.81996977,2.29864204,Plein jour,En agglomération,Hors intersection,Normale,Sans collision,4,2,4,0,1,1,1,0,1,30,1,2,0,0,0,2,71.0,,deux_roues,,1,2,1,1,7
202400039961,2024-07-18 14:06:00,2024,7,18,14,6,13,13208,PRADO (AVENUE DU),43.26876388,5.3855051,Plein jour,En agglomération,Hors intersection,Normale,Deux véhicules - frontale,4,2,0,0,1,1,1,0,1,50,2,2,1,0,1,0,60.0,31.0,voiture,deux_roues,1,2,1,1,1
202400039962,2024-08-26 18:15:00,2024,8,26,18,15,01,01075,Lieu Dit Villette,46.028184,4.782127,Plein jour,En agglomération,Hors intersection,Normale,Deux véhicules - arrière,3,2,2,0,2,1,1,0,1,50,2,2,1,1,0,0,21.0,64.0,deux_roues,voiture,1,2,1,1,2
202400039963,2024-06-17 15:35:00,2024,6,17,15,35,92,92063,POMPIDOU (AVENUE DU PRESIDENT),48.86664646,2.20087266,Plein jour,En agglomération,Intersection en Y,Normale,Deux véhicules - frontale,3,2,2,0,2,1,1,0,1,50,2,2,1,0,0,1,38.0,23.0,voiture,deux_roues,1,2,4,1,1
202400039963,2024-06-17 15:35:00,2024,6,17,15,35,92,92063,POMPIDOU (AVENUE DU PRESIDENT),48.86664646,2.20087266,Plein jour,En agglomération,Intersection en Y,Normale,Deux véhicules - frontale,3,2,2,0,1,1,1,0,1,50,2,2,1,0,0,1,38.0,23.0,voiture,deux_roues,1,2,4,1,1
202400039964,2024-06-17 20:26:00,2024,6,17,20,26,92,92062,DE DION BOUTON (QUAI) DU 1 AU 28,48.88535612,2.25096524,Plein jour,En agglomération,Intersection en T,Normale,Deux véhicules - côté,3,3,2,0,1,1,1,0,1,50,2,3,2,0,0,1,27.0,44.0,voiture,deux_roues,1,2,3,1,3
202400039964,2024-06-17 20:26:00,2024,6,17,20,26,92,92062,DE DION BOUTON (QUAI) DU 1 AU 28,48.88535612,2.25096524,Plein jour,En agglomération,Intersection en T,Normale,Deux véhicules - côté,3,1,1,0,1,1,1,0,1,50,2,3,2,0,0,1,27.0,44.0,voiture,deux_roues,1,2,3,1,3
202400039965,2024-07-14 18:40:00,2024,7,14,18,40,13,13005,VERDUN (AVENUE DE),43.28754,5.58252,Plein jour,En agglomération,Hors intersection,Normale,Deux véhicules - frontale,3,2,2,0,1,1,1,1,1,50,3,5,4,0,0,1,20.0,34.0,voiture,autre,1,2,1,1,1
202400039966,2024-08-25 17:30:00,2024,8,25,17,30,86,86070,D951,46.57305,0.709192,Plein jour,Hors agglomération,Intersection en X,Temps éblouissant,Deux véhicules - côté,3,2,2,0,1,1,1,0,1,90,2,6,2,0,0,4,52.0,21.0,voiture,voiture,1,1,2,7,3
202400039966,2024-08-25 17:30:00,2024,8,25,17,30,86,86070,D951,46.57305,0.709192,Plein jour,Hors agglomération,Intersection en X,Temps éblouissant,Deux véhicules - côté,3,2, -1,-1,1,1,1,5,1,80,2,6,2,0,0,4,52.0,21.0,voiture,voiture,1,1,2,7,3
202400039967,2024-06-17 18:10:00,2024,6,17,18,10,92,92044,RASPAIL(RUE) 41A65 ET 32A58,48.89829,2.29153,Plein jour,En agglomération,Hors intersection,Normale,Deux véhicules - côté,4,1,1,0,1,1,1,0,1,50,2,2,1,0,0,1,36.0,55.0,deux_roues,voiture,1,2,1,1,3
202400039968,2024-06-17 13:00:00,2024,6,17,13,0,92,92040,VERDUN (AVENUE DE) DU 83 AU 113 BIS,48.82011812,2.25788033,Plein jour,En agglomération,Hors intersection,Normale,Autre collision,3,2,0,1,1,1,1,0,5,30,1,1,0,0,0,1,47.0,,deux_roues,,1,2,1,1,6
202400039969,2024-08-25 19:14:00,2024,8,25,19,14,971,97109,RN1 - blanchet,15.99549,-61.707062,Nuit avec éclairage allumé,Hors agglomération,Hors intersection,Normale,Deux véhicules - frontale,2,-1,2,0,2,1,1,0,1,80,2,5,1,1,0,3,24.0,47.0,voiture,voiture,5,1,1,1,1