accident_id,datetime,annee,mois,jour,heure,minute,departement,commune_insee,adresse,latitude,longitude,luminosite,agglomeration,intersection,meteo,collision,catr,circ,nbv,vosp,prof,plan,surf,infra,situ,vma,nb_vehicules,nb_usagers,nb_indemnes,nb_tues,nb_blesses_hosp,nb_blesses_legers,age_cond_1,age_cond_2,veh_type_cond_1,veh_type_cond_2,lum_code,agg_code,int_code,atm_code,col_code
202400039970,2024-06-17 11:30:00,2024,6,17,11,30,92,92024,GENERAL LECLERC (RUE DU) DE (59 ET PLUS),48.90515506,2.31050402,Plein jour,En agglomération,Hors intersection,Normale,Autre collision,3,2,2,1,1,1,1,0,1,50,1,2,1,0,1,0,44.0,,deux_roues,,1,2,1,1,6
202400039971,2024-07-17 23:00:00,2024,7,17,23,0,13,13004,RTE N113 MARSEILLE A BORBEAUX,43.65256,4.66736,Nuit sans éclairage public,Hors agglomération,Hors intersection,Normale,Deux véhicules - arrière,2,1,2,0,1,1,1,9,1,110,4,7,2,0,2,3,50.0,51.0,utilitaire_camion,voiture,3,1,1,1,2
202400039972,2024-08-24 22:00:00,2024,8,24,22,0,84,84027,D237,44.092239,4.734721,Nuit sans éclairage public,Hors agglomération,Hors intersection,Normale,Autre collision,3,3,2,0,1,2,1,0,8,80,1,2,0,0,0,2,22.0,,voiture,,3,1,1,1,6
202400039973,2024-06-17 10:30:00,2024,6,17,10,30,92,92032,REPUBLIQUE (BOULEVARD DE LA),48.78969378,2.28674716,Plein jour,En agglomération,Intersection en T,Normale,Sans collision,4,1,1,0,1,2,1,0,8,50,1,1,0,0,0,1,35.0,,deux_roues,,1,2,3,1,7
202400039973,2024-06-17 10:30:00,2024,6,17,10,30,92,92032,REPUBLIQUE (BOULEVARD DE LA),48.78969378,2.28674716,Plein jour,En agglomération,Intersection en T,Normale,Sans collision,4,1,1,1,2,1,1,0,5,50,1,1,0,0,0,1,35.0,,deux_roues,,1,2,3,1,7
202400039974,2024-07-18 03:30:00,2024,7,18,3,30,11,11069,Rue du President Fallieres,43.21255,2.3645,Nuit avec éclairage non allumé,En agglomération,Hors intersection,Normale,Autre collision,4,2,2,0,1,1,1,0,1,50,1,2,1,0,1,0,17.0,,voiture,,4,2,1,1,6
202400039975,2024-08-25 11:25:00,2024,8,25,11,25,2A,2A085,6 route départementale 55,41.91172,8.82681,Plein jour,Hors agglomération,Giratoire,Normale,Deux véhicules - arrière,2,1,1,0,1,2,1,0,1,70,2,2,1,0,1,0,58.0,61.0,deux_roues,utilitaire_camion,1,1,6,1,2
202400039976,2024-06-17 12:25:00,2024,6,17,12,25,92,92012,GALLIENI (RUE) 159/FIN,48.83556018,2.23190725,Plein jour,En agglomération,Hors intersection,Normale,Deux véhicules - arrière,4,2,2,0,1,1,1,0,1,30,2,2,1,0,0,1,34.0,32.0,utilitaire_camion,deux_roues,1,2,1,1,2
202400039977,2024-08-23 21:26:00,2024,8,23,21,26,82,82112,13 Rue Sainte-Catherine,44.10344,1.084116,Nuit avec éclairage allumé,En agglomération,Hors intersection,Normale,Autre collision,4,1,1,0,1,1,1,6,3,30,1,2,1,0,1,0,59.0,,voiture,,5,2,1,1,6
202400039978,2024-06-17 16:10:00,2024,6,17,16,10,92,92007,VAILLANT-COUTURIER (AVENU PAUL),48.79273476,2.31565744,Plein jour,En agglomération,Hors intersection,Normale,Deux véhicules - côté,3,2,2,2,1,1,1,0,1,50,2,2,0,0,0,2,17.0,51.0,deux_roues,deux_roues,1,2,1,1,3
202400039979,2024-07-17 18:43:00,2024,7,17,18,43,10,10265,Rue Lamartine,48.3006,4.0408,Plein jour,En agglomération,Hors intersection,Normale,Deux véhicules - arrière,4,2,2,0,1,1,1,0,1,50,2,2,1,0,0,1,21.0,31.0,deux_roues,voiture,1,2,1,1,2
202400039980,2024-08-26 07:50:00,2024,8,26,7,50,65,65408,Route des Nestes rd 929,42.98404013,0.37578821,Plein jour,Hors agglomération,Hors intersection,Temps couvert,Deux véhicules - arrière,3,2,2,0,1,1,2,0,1,90,2,3,1,0,0,2,37.0,37.0,voiture,voiture,1,1,1,8,2
202400039981,2024-06-16 22:39:00,2024,6,16,22,39,92,92002,NOYER DORE (AVENUE),48.7354925,2.28490341,Nuit avec éclairage allumé,En agglomération,Autre intersection,Normale,Autre collision,4,2,2,0,2,1,1,0,1,50,1,2,1,0,1,0,,,deux_roues,,5,2,9,1,6
202400039982,2024-06-18 00:20:00,2024,6,18,0,20,95,95116,BEAUMONT (RUE DE),49.15430055,2.32363522,Nuit sans éclairage public,En agglomération,Hors intersection,Pluie légère,Autre collision,4,2,2,0,1,1,2,9,1,50,1,1,0,0,0,1,29.0,,voiture,,3,2,1,2,6
202400039983,2024-08-26 09:15:00,2024,8,26,9,15,33,33296,,44.849971,-0.023466,Plein jour,En agglomération,Hors intersection,Normale,Deux véhicules - frontale,3,2,2,0,1,1,1,0,1,50,2,2,1,0,1,0,83.0,18.0,voiture,deux_roues,1,2,1,1,1
202400039984,2024-07-17 10:50:00,2024,7,17,10,50,10,10081,Avenue du Général Sarrail,48.30327,4.0301,Plein jour,En agglomération,Hors intersection,Normale,Deux véhicules - arrière,4,2,2,0,1,1,1,0,1,50,2,3,2,0,0,1,38.0,29.0,voiture,voiture,1,2,1,1,2
202400039985,2024-05-30 09:30:00,2024,5,30,9,30,40,40036,1064 Route de Bayonne,43.628028,-1.37179,Plein jour,En agglomération,Intersection en T,Pluie légère,Deux véhicules - côté,3,2,2,0,1,1,2,0,1,50,2,2,1,0,1,0,82.0,41.0,voiture,voiture,1,2,3,2,3
202400039985,2024-05-30 09:30:00,2024,5,30,9,30,40,40036,1064 Route de Bayonne,43.628028,-1.37179,Plein jour,En agglomération,Intersection en T,Pluie légère,Deux véhicules - côté,3,2, -1,-1,1,1,2,0,1,50,2,2,1,0,1,0,82.0,41.0,voiture,voiture,1,2,3,2,3
202400039986,2024-06-17 08:15:00,2024,6,17,8,15,05,05174,D994G,44.959621,6.678175,Plein jour,Hors agglomération,Hors intersection,Normale,Sans collision,3,2,2,0,1,2,1,0,1,80,1,1,0,0,1,0,62.0,,deux_roues,,1,1,1,1,7
202400039987,2024-07-18 07:20:00,2024,7,18,7,20,06,06069,18 Boulevard Carnot,43.6544402,6.9209851,Plein jour,En agglomération,Place,Normale,Deux véhicules - côté,3,2,2,0,2,1,1,5,1,50,2,2,1,0,0,1,50.0,54.0,deux_roues,voiture,1,2,7,1,3
202400039988,2024-08-26 16:00:00,2024,8,26,16,0,69,69162,Route Départementale 337,46.13904949,4.60837841,Plein jour,Hors agglomération,Intersection en X,Normale,Deux véhicules - côté,3,2,2,0,2,1,1,0,1,80,2,2,1,1,0,0,71.0,33.0,deux_roues,utilitaire_camion,1,1,2,1,3
202400039988,2024-08-26 16:00:00,2024,8,26,16,0,69,69162,Route Départementale 337,46.13904949,4.60837841,Plein jour,Hors agglomération,Intersection en X,Normale,Deux véhicules - côté,3,2,2,0,2,1,1,0,1,-1,2,2,1,1,0,0,71.0,33.0,deux_roues,utilitaire_camion,1,1,2,1,3
202400039989,2024-08-25 23:20:00,2024,8,25,23,20,86,86068,La Brousse Bazin,46.21819,0.196374,Nuit sans éclairage public,Hors agglomération,Hors intersection,Normale,Autre collision,3,2,2,0,1,1,1,0,8,80,1,1,0,1,0,0,22.0,,voiture,,3,1,1,1,6
202400039990,2024-06-18 16:15:00,2024,6,18,16,15,974,97410,22 Route Nationale 2,-21.064663,55.732275,Plein jour,En agglomération,Hors intersection,Normale,Deux véhicules - frontale,2,2,2,0,1,1,1,0,1,50,2,4,0,0,2,2,24.0,52.0,voiture,voiture,1,2,1,1,1
202400039991,2024-07-18 15:00:00,2024,7,18,15,0,06,06030,6 Avenue de Lyon,43.564982,7.01924,Plein jour,En agglomération,Intersection en T,Normale,Deux véhicules - côté,4,1,1,0,1,1,1,0,1,50,2,3,0,0,0,3,76.0,42.0,deux_roues,deux_roues,1,2,3,1,3
202400039991,2024-07-18 15:00:00,2024,7,18,15,0,06,06030,6 Avenue de Lyon,43.564982,7.01924,Plein jour,En agglomération,Intersection en T,Normale,Deux véhicules - côté,4,2,2,0,1,1,1,0,1,50,2,3,0,0,0,3,76.0,42.0,deux_roues,deux_roues,1,2,3,1,3
202400039992,2024-08-25 20:00:00,2024,8,25,20,0,34,34239,Avenue de Clermont l'Herault,43.649887,3.50039,Plein jour,En agglomération,Intersection en X,Normale,Deux véhicules - côté,3,2,2,0,1,1,1,0,1,50,2,2,1,1,0,0,26.0,18.0,voiture,deux_roues,1,2,2,1,3
202400039992,2024-08-25 20:00:00,2024,8,25,20,0,34,34239,Avenue de Clermont l'Herault,43.649887,3.50039,Plein jour,En agglomération,Intersection en X,Normale,Deux véhicules - côté,3,2, -1,-1,1,1,1,0,1,-1,2,2,1,1,0,0,26.0,18.0,voiture,deux_roues,1,2,2,1,3
202400039993,2024-06-18 19:10:00,2024,6,18,19,10,51,51147,rd977 PK 46+050,49.08226666,4.48117259,Plein jour,Hors agglomération,Hors intersection,Normale,Deux véhicules - arrière,3,2,2,0,1,1,1,0,1,90,2,2,1,0,1,0,31.0,52.0,voiture,deux_roues,1,1,1,1,2
202400039994,2024-07-18 12:30:00,2024,7,18,12,30,01,01289,AMPERE (RUE),46.17076,5.19814,Plein jour,En agglomération,Intersection en T,Normale,Deux véhicules - côté,4,2,2,0,1,1,1,0,1,50,2,2,1,0,1,0,25.0,22.0,deux_roues,voiture,1,2,3,1,3
202400039994,2024-07-18 12:30:00,2024,7,18,12,30,01,01289,AMPERE (RUE),46.17076,5.19814,Plein jour,En agglomération,Intersection en T,Normale,Deux véhicules - côté,4,2,2,0,1,1,1,0,1,50,2,2,1,0,1,0,25.0,22.0,deux_roues,voiture,1,2,3,1,3
202400039995,2024-06-16 11:50:00,2024,6,16,11,50,62,62141,Rue de Montbus,50.625995,2.342915,Plein jour,Hors agglomération,Hors intersection,Pluie légère,Autre collision,4,2,2,0,1,3,2,0,3,80,1,1,0,0,1,0,20.0,,voiture,,1,1,1,2,6
202400039996,2024-08-25 19:30:00,2024,8,25,19,30,34,34235,D13,43.63875,3.055709,Crépuscule ou aube,Hors agglomération,Hors intersection,Temps éblouissant,Deux véhicules - frontale,3,2,2,0,1,3,1,0,1,-1,2,4,2,0,1,1,52.0,40.0,deux_roues,voiture,2,1,1,7,1
202400039997,2024-06-14 16:25:00,2024,6,14,16,25,80,80308,Rue Ferdinand Buisson,50.060731,1.608231,Plein jour,En agglomération,Hors intersection,Pluie légère,Autre collision,4,2,2,0,1,3,2,0,4,50,1,1,0,0,1,0,66.0,,voiture,,1,2,1,2,6
202400039998,2024-07-18 20:00:00,2024,7,18,20,0,75,75120,BD PERIPHERIQUE INTERIEUR,48.859033,2.41411,Plein jour,En agglomération,Hors intersection,Normale,Deux véhicules - arrière,4,1,4,0,1,1,1,0,1,70,2,2,1,0,0,1,40.0,39.0,deux_roues,utilitaire_camion,1,2,1,1,2
202400039999,2024-08-23 07:45:00,2024,8,23,7,45,68,68270,34 Rue Principale,47.778087,7.286776,Plein jour,En agglomération,Hors intersection,Normale,Deux véhicules - côté,3,2,2,2,1,1,1,0,1,50,2,2,1,0,0,1,53.0,31.0,transport_commun,deux_roues,1,2,1,1,3
202400040000,2024-06-18 06:59:00,2024,6,18,6,59,80,80704,D919,49.965604,2.395363,Plein jour,Hors agglomération,Hors intersection,Normale,Deux véhicules - frontale,3,2,2,0,2,4,1,0,1,-1,2,2,0,0,1,1,20.0,40.0,voiture,voiture,1,1,1,1,1
202400040001,2024-07-18 14:30:00,2024,7,18,14,30,75,75117,BD PERIPHERIQUE EXTERIEUR,48.900188,2.320781,Plein jour,En agglomération,Hors intersection,Normale,Deux véhicules - côté,4,1,4,0,1,1,1,0,1,70,2,2,1,0,0,1,22.0,25.0,deux_roues,voiture,1,2,1,1,3
202400040002,2024-08-19 18:45:00,2024,8,19,18,45,68,68129,Rue de Belfort,47.732685,7.240178,Crépuscule ou aube,Hors agglomération,Hors intersection,Temps éblouissant,Deux véhicules - arrière,3,2,2,0,1,1,1,0,1,80,2,2,1,0,1,0,63.0,43.0,deux_roues,voiture,2,1,1,7,2
202400040003,2024-06-05 07:50:00,2024,6,5,7,50,69,69006,Rue Maurice Perrodon,45.976346,4.33445,Crépuscule ou aube,En agglomération,Giratoire,Temps éblouissant,Autre collision,3,2,2,0,1,3,1,0,1,50,1,2,1,0,0,1,30.0,,voiture,,2,2,6,7,6
202400040003,2024-06-05 07:50:00,2024,6,5,7,50,69,69006,Rue Maurice Perrodon,45.976346,4.33445,Crépuscule ou aube,En agglomération,Giratoire,Temps éblouissant,Autre collision,3,1,2,0,1,2,1,0,1,50,1,2,1,0,0,1,30.0,,voiture,,2,2,6,7,6
202400040004,2024-07-18 13:10:00,2024,7,18,13,10,75,75112,BD PERIPHERIQUE EXTERIEUR,48.827646,2.393653,Plein jour,En agglomération,Hors intersection,Normale,Deux véhicules - arrière,4,1,4,0,2,1,1,0,1,70,2,2,1,0,0,1,39.0,54.0,utilitaire_camion,voiture,1,2,1,1,2
202400040005,2024-09-19 19:50:00,2024,9,19,19,50,24,24007,Route de Saint Severin,45.29592676,0.28705359,Crépuscule ou aube,Hors agglomération,Hors intersection,Normale,Sans collision,3,2,2,0,1,1,1,0,3,90,1,1,0,0,1,0,75.0,,voiture,,2,1,1,1,7
202400040006,2024-08-24 17:25:00,2024,8,24,17,25,39,39106,,46.46609,5.715321,Plein jour,Hors agglomération,Intersection en X,Normale,Deux véhicules - côté,3,2,2,0,1,1,1,5,1,90,2,4,2,0,0,2,57.0,36.0,utilitaire_camion,voiture,1,1,2,1,3
202400040006,2024-08-24 17:25:00,2024,8,24,17,25,39,39106,,46.46609,5.715321,Plein jour,Hors agglomération,Intersection en X,Normale,Deux véhicules - côté,3,2,2,-1,2,3,1,5,8,80,2,4,2,0,0,2,57.0,36.0,utilitaire_camion,voiture,1,1,2,1,3
202400040007,2024-08-18 13:57:00,2024,8,18,13,57,01,01451,Viriat,46.255194,5.250392,Plein jour,Hors agglomération,Hors intersection,Pluie forte,Autre collision,1,1,2,0,1,2,2,2,1,80,1,1,0,0,0,1,21.0,,voiture,,1,1,1,3,6
202400040008,2024-07-18 10:44:00,2024,7,18,10,44,75,75119,BD PERIPHERIQUE EXTERIEUR,48.900359,2.376642,Plein jour,En agglomération,Hors intersection,Normale,Deux véhicules - côté,4,1,4,0,1,1,1,0,1,70,2,2,1,0,0,1,21.0,43.0,voiture,voiture,1,2,1,1,3
202400040009,2024-06-17 12:30:00,2024,6,17,12,30,11,11397,RD 6113,43.206134,2.431444,Plein jour,En agglomération,Hors intersection,Normale,Deux véhicules - arrière,3,2,2,0,1,1,1,5,1,50,2,3,1,0,1,1,16.0,58.0,deux_roues,voiture,1,2,1,1,2
202400040010,2024-08-24 11:50:00,2024,8,24,11,50,39,39501,8 Rue de Dole,47.126819,5.454556,Plein jour,En agglomération,Hors intersection,Normale,Autre collision,3,2,2,0,2,1,1,0,1,50,1,3,2,0,0,1,86.0,,voiture,,1,2,1,1,6
202400040011,2024-06-17 20:55:00,2024,6,17,20,55,89,89086,Les Debats,47.867178,3.192161,Plein jour,Hors agglomération,Hors intersection,Normale,Autre collision,3,2,2,0,1,1,1,0,1,90,1,1,0,0,1,0,48.0,,voiture,,1,1,1,1,6
202400040012,2024-07-17 20:25:00,2024,7,17,20,25,75,75117,PORTE DE CLICHY,48.89736,2.312431,Plein jour,En agglomération,Hors intersection,Normale,Deux véhicules - côté,4,1,4,0,1,1,1,0,1,70,2,2,1,0,0,1,42.0,36.0,deux_roues,utilitaire_camion,1,2,1,1,3
202400040013,2024-09-30 17:05:00,2024,9,30,17,5,06,06088,A8 194.100 NORD,43.722544,7.223232,Plein jour,Hors agglomération,Hors intersection,Normale,Trois véhicules et plus - en chaîne,1,3,2,0,2,1,1,2,1,90,3,3,2,0,1,0,39.0,70.0,utilitaire_camion,deux_roues,1,1,1,1,4
202400040014,2024-06-17 19:40:00,2024,6,17,19,40,42,42027,Route de Pailleux,45.926409,3.989083,Plein jour,Hors agglomération,Hors intersection,Temps éblouissant,Deux véhicules - frontale,4,2,2,0,2,2,1,0,1,80,2,2,0,0,1,1,20.0,45.0,voiture,voiture,1,1,1,7,1
202400040015,2024-08-26 15:42:00,2024,8,26,15,42,39,39443,,46.565057,5.590324,Plein jour,Hors agglomération,Hors intersection,Normale,Sans collision,4,2,2,0,1,1,1,0,8,80,2,3,1,1,0,1,67.0,57.0,voiture,deux_roues,1,1,1,1,7
202400040016,2024-07-17 20:45:00,2024,7,17,20,45,75,75115,PORTE DE SEVRES,48.833408,2.278343,Plein jour,En agglomération,Hors intersection,Normale,Trois véhicules et plus - en chaîne,4,1,3,0,1,1,1,0,1,70,3,4,3,0,0,1,26.0,63.0,voiture,voiture,1,2,1,1,4
202400040017,2024-08-25 11:30:00,2024,8,25,11,30,29,29031,Route de la forêt,47.78081552,-3.54569917,Plein jour,Hors agglomération,Hors intersection,Normale,Sans collision,3,2,2,0,2,1,1,0,3,70,1,1,0,1,0,0,53.0,,deux_roues,,1,1,1,1,7
202400040018,2024-06-18 14:00:00,2024,6,18,14,0,46,46024,Route Départementale 803,44.87177,1.867322,Plein jour,Hors agglomération,Hors intersection,Normale,Deux véhicules - frontale,3,-1,2,0,1,2,1,0,1,80,2,2,0,0,1,1,18.0,42.0,voiture,voiture,1,1,1,1,1
202400040019,2024-10-01 06:17:00,2024,10,1,6,17,34,34129,AUTOROUTE A9 _  PK 99 _ SENS 2,43.589713,3.909609,Nuit sans éclairage public,Hors agglomération,Hors intersection,Normale,Deux véhicules - arrière,1,3,3,0,1,1,1,0,1,110,2,3,2,1,0,0,49.0,21.0,utilitaire_camion,voiture,3,1,1,1,2
202400040020,2024-08-26 10:05:00,2024,8,26,10,5,29,29160,Place Général de Gaulle,48.502032,-4.42709,Plein jour,En agglomération,Hors intersection,Normale,Autre collision,4,3,2,3,1,1,1,0,1,30,1,1,0,1,0,0,67.0,,voiture,,1,2,1,1,6
202400040021,2024-06-16 14:00:00,2024,6,16,14,0,41,41185,Route de Blois,47.37272,1.698281,Plein jour,Hors agglomération,Intersection en T,Pluie forte,Deux véhicules - arrière,3,2,2,0,1,1,2,0,1,-1,2,3,0,0,0,3,23.0,36.0,utilitaire_camion,utilitaire_camion,1,1,3,3,2
202400040021,2024-06-16 14:00:00,2024,6,16,14,0,41,41185,Route de Blois,47.37272,1.698281,Plein jour,Hors agglomération,Intersection en T,Pluie forte,Deux véhicules - arrière,3,2, -1,-1,1,1,2,0,-1,-1,2,3,0,0,0,3,23.0,36.0,utilitaire_camion,utilitaire_camion,1,1,3,3,2
202400040022,2024-07-05 11:10:00,2024,7,5,11,10,03,03206,D915,46.177483,2.561059,Plein jour,Hors agglomération,Hors intersection,Normale,Sans collision,3,2,2,0,1,4,1,0,1,90,1,1,0,0,1,0,78.0,,deux_roues,,1,1,1,1,7
202400040023,2024-10-01 13:15:00,2024,10,1,13,15,973,97311,Rue du Port,5.49338,-54.032332,Plein jour,En agglomération,Hors intersection,Normale,Autre collision,4,2,2,0,1,1,1,0,1,50,1,2,1,0,0,1,47.0,,voiture,,1,2,1,1,6
202400040024,2024-07-17 19:35:00,2024,7,17,19,35,75,75120,AVENUE DU PERE LACHAISE,48.863783,2.397502,Plein jour,En agglomération,Intersection en Y,Normale,Autre collision,4,-1,0,0,1,2,1,0,4,30,1,9,1,1,6,1,24.0,,voiture,,1,2,4,1,6
202400040024,2024-07-17 19:35:00,2024,7,17,19,35,75,75120,AVENUE DU PERE LACHAISE,48.863783,2.397502,Plein jour,En agglomération,Intersection en Y,Normale,Autre collision,4,2,2,0,1,1,1,0,4,50,1,9,1,1,6,1,24.0,,voiture,,1,2,4,1,6
202400040025,2024-08-25 15:45:00,2024,8,25,15,45,01,01351,Route de Valeins,46.139359,4.868842,Plein jour,En agglomération,Hors intersection,Normale,Deux véhicules - côté,3,2,2,0,2,3,1,0,1,50,2,2,1,0,0,1,36.0,70.0,voiture,deux_roues,1,2,1,1,3
202400040026,2024-06-18 13:15:00,2024,6,18,13,15,34,34091,D9,43.853531,3.348105,Plein jour,Hors agglomération,Hors intersection,Normale,Sans collision,3,2,2,0,1,1,1,0,1,80,2,3,1,0,2,0,45.0,51.0,utilitaire_camion,deux_roues,1,1,1,1,7
202400040027,2024-08-24 14:50:00,2024,8,24,14,50,70,70342,D13,47.516469,5.722032,Plein jour,Hors agglomération,Hors intersection,Temps éblouissant,Sans collision,3,2,2,0,1,1,1,0,3,80,1,1,0,0,1,0,43.0,,voiture,,1,1,1,7,7
202400040028,2024-09-22 22:05:00,2024,9,22,22,5,971,97107,Kassaverie (Restauration rapide),16.052789,-61.568761,Nuit avec éclairage allumé,En agglomération,Giratoire,Pluie légère,Sans collision,2,3,2,0,1,1,2,9,1,110,1,1,0,0,1,0,49.0,,voiture,,5,2,6,2,7
202400040028,2024-09-22 22:05:00,2024,9,22,22,5,971,97107,Kassaverie (Restauration rapide),16.052789,-61.568761,Nuit avec éclairage allumé,En agglomération,Giratoire,Pluie légère,Sans collision,2,2, -1,-1,1,1,2,0,1,-1,1,1,0,0,1,0,49.0,,voiture,,5,2,6,2,7
202400040029,2024-07-18 09:00:00,2024,7,18,9,0,75,75117,AVENUE DE WAGRAM,48.876732,2.297203,Plein jour,En agglomération,Intersection en T,Normale,Trois véhicules et plus - en chaîne,4,1, -1,1,2,1,1,0,5,30,3,3,2,0,0,1,24.0,,deux_roues,voiture,1,2,3,1,4
202400040029,2024-07-18 09:00:00,2024,7,18,9,0,75,75117,AVENUE DE WAGRAM,48.876732,2.297203,Plein jour,En agglomération,Intersection en T,Normale,Trois véhicules et plus - en chaîne,4,1, -1,-1,1,1,1,0,5,30,3,3,2,0,0,1,24.0,,deux_roues,voiture,1,2,3,1,4
202400040030,2024-08-25 18:30:00,2024,8,25,18,30,26,26349,Route de Romans,45.223826,5.028348,Plein jour,Hors agglomération,Hors intersection,Normale,Deux véhicules - frontale,3,2,2,0,2,3,1,0,1,80,2,2,1,0,1,0,37.0,39.0,deux_roues,voiture,1,1,1,1,1
202400040031,2024-06-17 21:25:00,2024,6,17,21,25,68,68237,D11.2,48.099178,7.282208,Crépuscule ou aube,Hors agglomération,Hors intersection,Normale,Deux véhicules - frontale,3,2,2,0,2,2,1,0,1,80,2,3,0,0,3,0,33.0,42.0,voiture,voiture,2,1,1,1,1
202400040032,2024-09-30 15:55:00,2024,9,30,15,55,77,77176,16 Rue Robert Martin,48.801879,2.985837,Plein jour,En agglomération,Autre intersection,Normale,Deux véhicules - arrière,3,2,2,0,1,1,1,0,1,50,2,2,1,0,0,1,14.0,42.0,deux_roues,voiture,1,2,9,1,2
202400040033,2024-07-17 12:55:00,2024,7,17,12,55,75,75116,AVENUE DE NEW YORK,48.86322,2.296197,Plein jour,En agglomération,Intersection en T,Normale,Deux véhicules - côté,4,2,4,3,1,1,1,0,1,30,2,2,1,0,0,1,53.0,24.0,deux_roues,deux_roues,1,2,3,1,3
202400040033,2024-07-17 12:55:00,2024,7,17,12,55,75,75116,AVENUE DE NEW YORK,48.86322,2.296197,Plein jour,En agglomération,Intersection en T,Normale,Deux véhicules - côté,4,2, -1,-1,1,1,1,0,1,-1,2,2,1,0,0,1,53.0,24.0,deux_roues,deux_roues,1,2,3,1,3
202400040034,2024-08-25 18:00:00,2024,8,25,18,0,26,26329,RD64,44.324309,5.385479,Plein jour,Hors agglomération,Hors intersection,Normale,Sans collision,3,2,2,0,2,2,1,0,1,-1,1,2,0,0,1,1,71.0,,deux_roues,,1,1,1,1,7
202400040035,2024-06-13 14:10:00,2024,6,13,14,10,29,29068,Le Rest,48.549525,-3.997741,Plein jour,Hors agglomération,Intersection en X,Pluie légère,Deux véhicules - côté,4,2,2,0,1,1,2,0,1,80,2,2,1,0,1,0,74.0,28.0,voiture,utilitaire_camion,1,1,2,2,3
202400040035,2024-06-13 14:10:00,2024,6,13,14,10,29,29068,Le Rest,48.549525,-3.997741,Plein jour,Hors agglomération,Intersection en X,Pluie légère,Deux véhicules - côté,4,2,2,0,1,1,2,0,1,80,2,2,1,0,1,0,74.0,28.0,voiture,utilitaire_camion,1,1,2,2,3
202400040036,2024-07-18 17:30:00,2024,7,18,17,30,75,75115,BOULEVARD LEFEBVRE,48.831782,2.290149,Plein jour,En agglomération,Hors intersection,Normale,Sans collision,4,1,2,1,1,1,1,0,1,30,1,1,0,0,0,1,40.0,,deux_roues,,1,2,1,1,7
202400040037,2024-08-26 17:50:00,2024,8,26,17,50,66,66053,18 Avenue General de Gaulle,42.524309,3.082706,Plein jour,En agglomération,Autre intersection,Normale,Autre collision,3,-1,2,0,2,1,1,6,1,30,1,2,1,0,1,0,49.0,,voiture,,1,2,9,1,6
202400040038,2024-09-30 16:30:00,2024,9,30,16,30,26,26064,Route de Crest,44.884652,5.014519,Plein jour,Hors agglomération,Hors intersection,Normale,Deux véhicules - frontale,3,2,2,0,1,1,1,0,1,80,2,2,0,2,0,0,32.0,35.0,voiture,utilitaire_camion,1,1,1,1,1
202400040039,2024-06-18 14:00:00,2024,6,18,14,0,29,29176,Keryequel,48.112517,-4.24245,Plein jour,Hors agglomération,Intersection en T,Temps couvert,Autre collision,4,2,2,0,4,1,2,0,3,70,1,2,0,0,1,1,27.0,,voiture,,1,1,3,8,6
202400040039,2024-06-18 14:00:00,2024,6,18,14,0,29,29176,Keryequel,48.112517,-4.24245,Plein jour,Hors agglomération,Intersection en T,Temps couvert,Autre collision,4,2, -1,-1,1,1,1,0,1,-1,1,2,0,0,1,1,27.0,,voiture,,1,1,3,8,6
202400040040,2024-07-17 11:00:00,2024,7,17,11,0,75,75114,RUE DELAMBRE,48.841912,2.329557,Plein jour,En agglomération,Intersection en X,Normale,Autre collision,4,2,6,3,1,1,1,0,1,30,1,2,1,0,0,1,,,voiture,,1,2,2,1,6
202400040040,2024-07-17 11:00:00,2024,7,17,11,0,75,75114,RUE DELAMBRE,48.841912,2.329557,Plein jour,En agglomération,Intersection en X,Normale,Autre collision,4,1,1,0,1,1,1,0,1,30,1,2,1,0,0,1,,,voiture,,1,2,2,1,6
202400040041,2024-08-25 15:35:00,2024,8,25,15,35,06,06120,M2205 PR 48 + 2635,44.238212,6.941246,Plein jour,Hors agglomération,Hors intersection,Normale,Deux véhicules - frontale,7,2,2,0,3,3,1,0,1,-1,2,2,1,0,0,1,23.0,26.0,deux_roues,voiture,1,1,1,1,1
202400040042,2024-06-18 15:15:00,2024,6,18,15,15,38,38134,D538,45.437437,5.006289,Plein jour,Hors agglomération,Hors intersection,Normale,Autre collision,3,2,2,0,2,2,1,0,3,80,1,4,0,1,3,0,79.0,,voiture,,1,1,1,1,6
202400040043,2024-09-29 17:05:00,2024,9,29,17,5,69,69113,Route de la Vallée,45.95471746,4.52488117,Plein jour,Hors agglomération,Hors intersection,Normale,Deux véhicules - côté,3,2,2,0,1,1,1,0,1,80,2,2,1,0,1,0,21.0,67.0,voiture,voiture,1,1,1,1,3
202400040044,2024-07-18 15:00:00,2024,7,18,15,0,75,75113,QUAI D AUSTERLITZ,48.841861,2.367854,Plein jour,En agglomération,Intersection en X,Normale,Deux véhicules - côté,4,2,4,0,2,1,1,0,5,30,2,2,1,0,0,1,55.0,49.0,deux_roues,deux_roues,1,2,2,1,3
202400040044,2024-07-18 15:00:00,2024,7,18,15,0,75,75113,QUAI D AUSTERLITZ,48.841861,2.367854,Plein jour,En agglomération,Intersection en X,Normale,Deux véhicules - côté,4,2,4,1,2,1,1,0,5,30,2,2,1,0,0,1,55.0,49.0,deux_roues,deux_roues,1,2,2,1,3