accident_id,datetime,annee,mois,jour,heure,minute,departement,commune_insee,adresse,latitude,longitude,luminosite,agglomeration,intersection,meteo,collision,catr,circ,nbv,vosp,prof,plan,surf,infra,situ,vma,nb_vehicules,nb_usagers,nb_indemnes,nb_tues,nb_blesses_hosp,nb_blesses_legers,age_cond_1,age_cond_2,veh_type_cond_1,veh_type_cond_2,lum_code,agg_code,int_code,atm_code,col_code
202400040125,2024-06-17 17:00:00,2024,6,17,17,0,59,59053,Rue du Maréchal Juin,50.293233,3.802723,Plein jour,En agglomération,Hors intersection,Normale,Autre collision,4,2,2,0,1,2,1,0,1,50,1,2,1,0,1,0,48.0,,voiture,,1,2,1,1,6
202400040126,2024-06-17 16:20:00,2024,6,17,16,20,13,13215,A7-Sens Lyon vers Marseille,43.38249668,5.35142,Plein jour,Hors agglomération,Hors intersection,Normale,Deux véhicules - arrière,1,1,3,0,1,1,1,0,1,90,2,2,1,0,0,1,47.0,55.0,deux_roues,utilitaire_camion,1,1,1,1,2
202400040127,2024-09-29 06:00:00,2024,9,29,6,0,93,93078,AUTOROUTE A104,48.95912175,2.53661523,Nuit sans éclairage public,Hors agglomération,Hors intersection,Normale,Deux véhicules - arrière,1,3,3,0,1,1,1,0,2,90,2,4,2,0,2,0,33.0,25.0,voiture,voiture,3,1,1,1,2
202400040128,2024-08-24 20:48:00,2024,8,24,20,48,03,03235,D906e,46.24244,3.517932,Nuit sans éclairage public,Hors agglomération,Hors intersection,Pluie légère,Deux véhicules - frontale,3,2,2,0,1,1,2,0,1,90,2,5,4,0,1,0,53.0,24.0,deux_roues,voiture,3,1,1,2,1
202400040129,2024-06-16 06:50:00,2024,6,16,6,50,59,59009,,50.61670835,3.13566686,Plein jour,Hors agglomération,Hors intersection,Normale,Autre collision,2,3,4,0,1,1,2,0,1,70,1,1,0,0,1,0,26.0,,voiture,,1,1,1,1,6
202400040130,2024-08-26 09:40:00,2024,8,26,9,40,73,73050,D1504 Tunnel du Chat,45.687235,5.844727,Nuit avec éclairage allumé,Hors agglomération,Hors intersection,Normale,Deux véhicules - frontale,3,2,2,0,1,1,1,1,1,50,2,4,0,0,0,4,69.0,31.0,voiture,utilitaire_camion,5,1,1,1,1
202400040131,2024-06-17 13:00:00,2024,6,17,13,0,91,91689,AUTOROUTE A6,48.72847,2.31412,Plein jour,Hors agglomération,Hors intersection,Normale,Trois véhicules et plus - en chaîne,1,3,3,0,1,1,1,0,1,110,3,3,1,0,0,2,28.0,29.0,voiture,voiture,1,1,1,1,4
202400040132,2024-09-29 00:50:00,2024,9,29,0,50,93,93005,AUTOROUTE A1,48.96577048,2.47591738,Nuit sans éclairage public,Hors agglomération,Hors intersection,Normale,Deux véhicules - arrière,1,3,4,0,1,1,1,0,1,90,2,3,2,0,0,1,24.0,26.0,voiture,utilitaire_camion,3,1,1,1,2
202400040133,2024-08-17 09:15:00,2024,8,17,9,15,73,73160,D6 Route de montagnole,45.54058125,5.91150597,Plein jour,Hors agglomération,Hors intersection,Normale,Autre collision,3,2,2,0,2,3,2,0,3,50,1,2,0,1,0,1,39.0,,deux_roues,,1,1,1,1,6
202400040134,2024-06-17 11:08:00,2024,6,17,11,8,91,91689,AUTOROUTE A6,48.728,2.314,Plein jour,Hors agglomération,Hors intersection,Normale,Deux véhicules - arrière,1,-1,3,0,1,1,1,0,1,90,2,4,2,0,0,2,43.0,32.0,voiture,voiture,1,1,1,1,2
202400040135,2024-08-25 13:30:00,2024,8,25,13,30,01,01049,1086 Route Nationale,45.844691,5.034576,Plein jour,En agglomération,Intersection en X,Normale,Deux véhicules - côté,3,2,2,0,1,1,1,0,1,50,2,4,2,0,0,2,63.0,54.0,utilitaire_camion,voiture,1,2,2,1,3
202400040135,2024-08-25 13:30:00,2024,8,25,13,30,01,01049,1086 Route Nationale,45.844691,5.034576,Plein jour,En agglomération,Intersection en X,Normale,Deux véhicules - côté,3,2,2,0,2,1,1,0,1,50,2,4,2,0,0,2,63.0,54.0,utilitaire_camion,voiture,1,2,2,1,3
202400040136,2024-09-28 13:44:00,2024,9,28,13,44,93,93005,AUTOROUTE A3,48.96688397,2.47596934,Plein jour,Hors agglomération,Hors intersection,Normale,Deux véhicules - côté,1,3,3,0,1,2,1,2,1,90,2,6,1,0,0,5,33.0,44.0,utilitaire_camion,voiture,1,1,1,1,3
202400040137,2024-06-16 14:10:00,2024,6,16,14,10,78,78043,A12 Y,48.838972,2.092776,Plein jour,Hors agglomération,Hors intersection,Normale,Trois véhicules et plus - en chaîne,1,2,3,3,1,1,2,0,1,110,3,7,3,0,0,4,26.0,27.0,voiture,voiture,1,1,1,1,4
202400040138,2024-08-25 17:30:00,2024,8,25,17,30,01,01249,27 Avenue Henri Deschamps,45.827569,4.961722,Plein jour,En agglomération,Hors intersection,Normale,Deux véhicules - frontale,4,2,2,1,1,2,1,0,5,-1,2,2,1,0,0,1,65.0,16.0,deux_roues,deux_roues,1,2,1,1,1
202400040139,2024-06-16 03:30:00,2024,6,16,3,30,78,78321,RN12 INT,48.7986,1.9235,Nuit sans éclairage public,Hors agglomération,Hors intersection,Normale,Autre collision,2,-1,3,0,2,1,1,0,1,110,1,1,0,0,0,1,52.0,,voiture,,3,1,1,1,6
202400040140,2024-09-30 20:10:00,2024,9,30,20,10,94,94046,86,48.81292733,2.44895577,Nuit avec éclairage allumé,Hors agglomération,Hors intersection,Normale,Sans collision,1,3,0,0,1,1,1,0,1,90,1,2,1,0,0,1,38.0,,deux_roues,,5,1,1,1,7
202400040141,2024-06-15 00:13:00,2024,6,15,0,13,78,78646,RN12,48.791178,2.10515,Nuit sans éclairage public,Hors agglomération,Hors intersection,Normale,Deux véhicules - arrière,2,3,3,0,1,3,1,0,8,90,2,3,2,0,0,1,32.0,35.0,voiture,voiture,3,1,1,1,2
202400040142,2024-08-23 13:05:00,2024,8,23,13,5,22,22208,traveneuc,48.313234,-2.039756,Plein jour,Hors agglomération,Hors intersection,Pluie légère,Sans collision,4,2,2,0,1,3,2,0,3,80,1,1,0,0,1,0,87.0,,voiture,,1,1,1,2,7
202400040143,2024-09-30 12:15:00,2024,9,30,12,15,94,94073,A86,48.7542676,2.38140831,Plein jour,Hors agglomération,Hors intersection,Normale,Deux véhicules - côté,1,3,3,0,1,1,1,0,1,90,2,2,1,0,0,1,43.0,39.0,utilitaire_camion,voiture,1,1,1,1,3
202400040144,2024-08-26 14:47:00,2024,8,26,14,47,22,22277,Le Coudray,48.367398,-2.837766,Plein jour,Hors agglomération,Hors intersection,Normale,Deux véhicules - arrière,3,2,2,0,2,1,1,0,1,70,2,2,1,0,1,0,30.0,35.0,utilitaire_camion,voiture,1,1,1,1,2
202400040145,2024-06-17 12:25:00,2024,6,17,12,25,93,93008,A86,48.90795832,2.45209157,Plein jour,Hors agglomération,Hors intersection,Normale,Trois véhicules et plus - en chaîne,1,3,6,0,1,1,1,1,1,90,3,3,2,0,0,1,23.0,22.0,utilitaire_camion,voiture,1,1,1,1,4
202400040146,2024-05-25 15:05:00,2024,5,25,15,5,91,91174,RUE DE LA REPUBLIQUE,48.6141,2.47955,Plein jour,En agglomération,Giratoire,Normale,Autre collision,4,-1,0,0,1,3,1,0,1,50,1,3,2,0,0,1,23.0,,utilitaire_camion,,1,2,6,1,6
202400040146,2024-05-25 15:05:00,2024,5,25,15,5,91,91174,RUE DE LA REPUBLIQUE,48.6141,2.47955,Plein jour,En agglomération,Giratoire,Normale,Autre collision,4,-1,2,0,1,3,1,0,1,50,1,3,2,0,0,1,23.0,,utilitaire_camion,,1,2,6,1,6
202400040147,2024-06-17 11:20:00,2024,6,17,11,20,93,93064,A103,48.8864869,2.48369694,Plein jour,Hors agglomération,Hors intersection,Normale,Deux véhicules - arrière,1,1,2,0,1,1,1,0,1,70,2,2,0,1,0,1,56.0,26.0,deux_roues,voiture,1,1,1,1,2
202400040148,2024-08-26 15:00:00,2024,8,26,15,0,02,02020,,49.8640207,4.23625946,Plein jour,Hors agglomération,Hors intersection,Normale,Trois véhicules et plus - en chaîne,3,2,2,0,2,1,1,0,1,50,3,4,2,0,1,1,54.0,62.0,utilitaire_camion,voiture,1,1,1,1,4
202400040149,2024-06-17 07:00:00,2024,6,17,7,0,95,95572,N184,49.03152404,2.10610813,Plein jour,Hors agglomération,Hors intersection,Normale,Autre collision,2,4,1,0,4,3,2,9,1,70,1,1,0,1,0,0,57.0,,deux_roues,,1,1,1,1,6
202400040150,2024-08-25 07:10:00,2024,8,25,7,10,02,02495,36 Avenue de Verdun,49.965704,4.053794,Plein jour,En agglomération,Hors intersection,Normale,Autre collision,3,2,2,0,1,1,1,0,1,50,1,2,1,0,0,1,83.0,,voiture,,1,2,1,1,6
202400040151,2024-05-13 18:41:00,2024,5,13,18,41,91,91521,RN 104,48.626,2.396,Plein jour,Hors agglomération,Hors intersection,Normale,Trois véhicules et plus - en chaîne,2,3,3,0,1,1,1,0,1,70,3,3,2,0,0,1,49.0,27.0,voiture,voiture,1,1,1,1,4
202400040152,2024-03-28 18:10:00,2024,3,28,18,10,29,29230,Lieu Dit Kergristien,47.965517,-3.577048,Plein jour,Hors agglomération,Hors intersection,Pluie légère,Sans collision,4,2,2,0,1,1,2,0,3,80,1,1,0,0,0,1,44.0,,deux_roues,,1,1,1,2,7
202400040153,2024-08-24 02:20:00,2024,8,24,2,20,59,59181,Route Nationale 2,50.169394,3.953447,Nuit sans éclairage public,En agglomération,Hors intersection,Normale,Deux véhicules - arrière,2,2,2,0,2,1,2,0,1,50,2,4,1,0,0,3,24.0,38.0,voiture,voiture,3,2,1,1,2
202400040154,2024-03-10 17:05:00,2024,3,10,17,5,14,14712,118 Route de Rouen,49.17943991,-0.19301341,Plein jour,En agglomération,Hors intersection,Normale,Deux véhicules - arrière,3,-1,2,0,1,1,1,0,1,50,2,2,1,0,0,1,33.0,51.0,deux_roues,voiture,1,2,1,1,2
202400040155,2024-05-11 13:25:00,2024,5,11,13,25,28,28005,,48.24661741,1.4099732,Plein jour,En agglomération,Hors intersection,Temps éblouissant,Deux véhicules - frontale,2,2,2,0,1,1,1,0,1,-1,2,3,1,1,1,0,67.0,75.0,voiture,voiture,1,2,1,7,1
202400040156,2024-08-26 00:35:00,2024,8,26,0,35,59,59559,10 Rue d'Eth,50.332896,3.656598,Nuit avec éclairage allumé,En agglomération,Hors intersection,Normale,Trois véhicules et plus - collisions multiples,3,2,2,0,1,1,1,0,4,50,1,1,0,0,1,0,19.0,,voiture,,5,2,1,1,5
202400040157,2024-06-15 12:25:00,2024,6,15,12,25,987,98736,ARIIPAEA POMARE (AV),-17.53421,-149.54872,Plein jour,En agglomération,Autre intersection,Normale,Deux véhicules - côté,4,1,2,0,1,2,1,9,1,60,2,2,1,0,1,0,39.0,43.0,deux_roues,voiture,1,2,9,1,3
202400040158,2024-06-16 21:20:00,2024,6,16,21,20,974,97416,RECHERCHANT(RUE ADRIEN),-21.28241717,55.47471964,Nuit sans éclairage public,En agglomération,Hors intersection,Normale,Sans collision,3,2,2,0,1,2,1,0,1,50,1,1,0,0,0,1,44.0,,deux_roues,,3,2,1,1,7
202400040159,2024-02-07 09:40:00,2024,2,7,9,40,93,93072,Avenue de Stalingrad / Avenue Paul Vaillant Couturier,48.948762,2.380822,Plein jour,En agglomération,Intersection en T,Pluie légère,Deux véhicules - côté,3,3,2,1,1,1,2,0,1,50,2,2,1,0,0,1,36.0,27.0,deux_roues,utilitaire_camion,1,2,3,2,3
202400040159,2024-02-07 09:40:00,2024,2,7,9,40,93,93072,Avenue de Stalingrad / Avenue Paul Vaillant Couturier,48.948762,2.380822,Plein jour,En agglomération,Intersection en T,Pluie légère,Deux véhicules - côté,3,3,3,-1,1,1,2,0,1,-1,2,2,1,0,0,1,36.0,27.0,deux_roues,utilitaire_camion,1,2,3,2,3
202400040160,2024-06-16 06:23:00,2024,6,16,6,23,972,97213,ROUTE DEPARTEMENTALE 3,14.63417,-60.99193,Plein jour,Hors agglomération,Autre intersection,Normale,Sans collision,3,2,2,0,1,2,1,0,1,70,1,1,0,0,0,1,33.0,,deux_roues,,1,1,9,1,7
202400040161,2024-06-16 20:45:00,2024,6,16,20,45,13,13026,A55-Sens Marseille vers Martigues,43.40012173,5.09963791,Crépuscule ou aube,Hors agglomération,Hors intersection,Normale,Sans collision,1,1,2,0,1,1,1,0,3,110,1,2,0,0,0,2,45.0,,voiture,,2,1,1,1,7
202400040162,2024-07-26 17:50:00,2024,7,26,17,50,57,57206,13 Avenue de Metz,49.306651,6.115662,Plein jour,En agglomération,Hors intersection,Normale,Autre collision,4,2,2,0,1,1,1,9,8,15,1,2,1,0,0,1,44.0,,voiture,,1,2,1,1,6
202400040163,2024-06-16 16:15:00,2024,6,16,16,15,971,97120,DARBOUSSIER,16.23129799,-61.53344214,Plein jour,En agglomération,Autre intersection,Normale,Deux véhicules - côté,4,2,1,0,1,1,1,0,1,30,2,2,1,0,1,0,32.0,26.0,voiture,deux_roues,1,2,9,1,3
202400040164,2024-09-28 15:00:00,2024,9,28,15,0,974,97411,LITTORAL (ROUTE 1 DU),-20.87495,55.43433,Plein jour,Hors agglomération,Hors intersection,Normale,Autre collision,2,1,2,0,1,1,1,0,1,90,1,2,0,0,0,2,63.0,,voiture,,1,1,1,1,6
202400040165,2024-06-16 10:54:00,2024,6,16,10,54,95,95203,D928,48.99662128,2.27116303,Plein jour,En agglomération,Hors intersection,Normale,Autre collision,3,2,2,0,1,1,2,0,1,50,1,2,1,0,0,1,40.0,,voiture,,1,2,1,1,6
202400040166,2024-09-29 10:30:00,2024,9,29,10,30,69,69149,Avenue de Haute Roche,45.70283,4.82799,Plein jour,En agglomération,Hors intersection,Normale,Autre collision,4,2,2,0,1,1,1,0,1,50,1,2,1,0,0,1,67.0,,voiture,,1,2,1,1,6
202400040167,2024-08-25 13:45:00,2024,8,25,13,45,33,33096,,44.89454,-0.49839,Plein jour,Hors agglomération,Hors intersection,Normale,Trois véhicules et plus - en chaîne,1,3,6,0,1,1,1,0,1,90,3,9,8,0,0,1,34.0,30.0,voiture,voiture,1,1,1,1,4
202400040168,2024-09-29 10:30:00,2024,9,29,10,30,69,69149,Rue de la République,45.70327308,4.82784495,Plein jour,En agglomération,Hors intersection,Normale,Deux véhicules - côté,4,2,2,0,1,1,1,0,1,50,2,2,1,0,0,1,74.0,67.0,voiture,deux_roues,1,2,1,1,3
202400040169,2024-06-16 14:20:00,2024,6,16,14,20,91,91657,AV HENRI BARBUSSE,48.70075,2.42208,Plein jour,En agglomération,Hors intersection,Pluie légère,Deux véhicules - arrière,4,2,2,0,1,1,2,0,1,50,2,3,2,0,0,1,56.0,60.0,voiture,voiture,1,2,1,2,2
202400040170,2024-08-25 16:20:00,2024,8,25,16,20,91,91689,AUTOROUTE A6,48.72538,2.31308,Plein jour,Hors agglomération,Hors intersection,Normale,Trois véhicules et plus - en chaîne,1,1,3,0,1,1,1,0,1,110,3,6,3,0,0,3,48.0,56.0,voiture,utilitaire_camion,1,1,1,1,4
202400040171,2024-06-16 15:50:00,2024,6,16,15,50,88,88160,ALSACE (RUE D'),48.16445,6.44898,Plein jour,En agglomération,Giratoire,Temps couvert,Deux véhicules - arrière,4,1,1,0,1,2,1,0,1,50,2,2,1,0,0,1,49.0,41.0,deux_roues,voiture,1,2,6,8,2
202400040171,2024-06-16 15:50:00,2024,6,16,15,50,88,88160,ALSACE (RUE D'),48.16445,6.44898,Plein jour,En agglomération,Giratoire,Temps couvert,Deux véhicules - arrière,4,2,2,0,1,1,1,0,1,50,2,2,1,0,0,1,49.0,41.0,deux_roues,voiture,1,2,6,8,2
202400040172,2024-09-29 16:30:00,2024,9,29,16,30,95,95680,D970,49.01334167,2.41483158,Plein jour,Hors agglomération,Hors intersection,Normale,Deux véhicules - frontale,3,2,2,0,1,1,1,0,1,80,2,4,0,0,0,4,73.0,34.0,voiture,voiture,1,1,1,1,1
202400040173,2024-08-24 23:40:00,2024,8,24,23,40,91,91689,AUTOROUTE A6B,48.73875,2.31948,Nuit sans éclairage public,Hors agglomération,Hors intersection,Normale,Autre collision,1,2,4,0,2,1,1,0,1,90,1,3,2,0,0,1,19.0,,voiture,,3,1,1,1,6
202400040174,2024-06-11 17:30:00,2024,6,11,17,30,86,86066,RD 749 - ROUTE DE RICHELIEU,46.83333,0.519707,Plein jour,Hors agglomération,Intersection en T,Normale,Deux véhicules - côté,3,2,2,0,1,1,1,0,1,70,2,2,1,0,0,1,55.0,55.0,voiture,voiture,1,1,3,1,3
202400040174,2024-06-11 17:30:00,2024,6,11,17,30,86,86066,RD 749 - ROUTE DE RICHELIEU,46.83333,0.519707,Plein jour,Hors agglomération,Intersection en T,Normale,Deux véhicules - côté,3,2,2,0,1,1,1,0,1,70,2,2,1,0,0,1,55.0,55.0,voiture,voiture,1,1,3,1,3
202400040175,2024-08-25 18:05:00,2024,8,25,18,5,92,92047,A13,48.83211998,2.15311333,Plein jour,Hors agglomération,Hors intersection,Normale,Deux véhicules - arrière,1,1,3,0,1,1,1,0,1,110,2,3,2,0,0,1,39.0,20.0,voiture,deux_roues,1,1,1,1,2
202400040176,2024-09-27 16:45:00,2024,9,27,16,45,95,95277,GEORGES POMPIDOU (AVENUE),48.99007183,2.42962897,Plein jour,En agglomération,Intersection en T,Normale,Deux véhicules - côté,4,-1,0,0,1,1,1,0,8,30,2,2,1,0,0,1,62.0,85.0,deux_roues,voiture,1,2,3,1,3
202400040176,2024-09-27 16:45:00,2024,9,27,16,45,95,95277,GEORGES POMPIDOU (AVENUE),48.99007183,2.42962897,Plein jour,En agglomération,Intersection en T,Normale,Deux véhicules - côté,4,2,2,0,1,1,1,0,1,30,2,2,1,0,0,1,62.0,85.0,deux_roues,voiture,1,2,3,1,3
202400040177,2024-06-16 19:30:00,2024,6,16,19,30,84,84031,SAINT ROCH AVENUE,44.099,5.077,Plein jour,Hors agglomération,Hors intersection,Normale,Autre collision,3,2,2,0,1,2,1,0,1,80,1,4,1,0,0,3,35.0,,voiture,,1,1,1,1,6
202400040178,2024-08-25 08:58:00,2024,8,25,8,58,78,78133,A13,48.890249,2.009842,Plein jour,Hors agglomération,Hors intersection,Normale,Autre collision,1,1,2,0,1,1,1,0,1,110,1,1,0,0,0,1,28.0,,deux_roues,,1,1,1,1,6
202400040179,2024-06-16 15:00:00,2024,6,16,15,0,77,77373,RUE DES PRES SAINT MARTIN,48.79293,2.61215,Plein jour,En agglomération,Intersection en T,Normale,Deux véhicules - côté,4,2,0,0,1,1,1,0,1,30,2,2,1,0,0,1,38.0,43.0,deux_roues,voiture,1,2,3,1,3
202400040179,2024-06-16 15:00:00,2024,6,16,15,0,77,77373,RUE DES PRES SAINT MARTIN,48.79293,2.61215,Plein jour,En agglomération,Intersection en T,Normale,Deux véhicules - côté,4,2,2,0,1,1,1,5,1,30,2,2,1,0,0,1,38.0,43.0,deux_roues,voiture,1,2,3,1,3
202400040180,2024-08-25 07:50:00,2024,8,25,7,50,92,92072,N118,48.82602589,2.22262601,Plein jour,Hors agglomération,Hors intersection,Normale,Sans collision,2,1,3,0,2,1,1,0,1,90,1,1,0,0,0,1,33.0,,deux_roues,,1,1,1,1,7
202400040181,2024-09-29 15:35:00,2024,9,29,15,35,91,91312,FERRONNERIE (RUE DE LA),48.73521,2.21769,Plein jour,En agglomération,Intersection en X,Normale,Deux véhicules - côté,4,1,1,0,1,1,1,0,1,30,2,2,1,0,0,1,50.0,51.0,voiture,deux_roues,1,2,2,1,3
202400040181,2024-09-29 15:35:00,2024,9,29,15,35,91,91312,FERRONNERIE (RUE DE LA),48.73521,2.21769,Plein jour,En agglomération,Intersection en X,Normale,Deux véhicules - côté,4,1,1,0,1,1,1,0,1,30,2,2,1,0,0,1,50.0,51.0,voiture,deux_roues,1,2,2,1,3
202400040182,2024-09-28 16:10:00,2024,9,28,16,10,83,83137,Avenue de la Tour Royale,43.10371,5.92776,Plein jour,En agglomération,Hors intersection,Normale,Autre collision,4,2,2,0,2,3,1,9,1,30,1,1,0,0,1,0,22.0,,deux_roues,,1,2,1,1,6
202400040183,2024-08-25 17:15:00,2024,8,25,17,15,94,94065,A86,48.75356897,2.35662818,Plein jour,Hors agglomération,Hors intersection,Normale,Trois véhicules et plus - collisions multiples,2,3,8,0,1,1,1,0,1,90,3,4,2,0,0,2,55.0,27.0,voiture,voiture,1,1,1,1,5
202400040184,2024-06-15 17:40:00,2024,6,15,17,40,77,77400,MOUROUX (ROUTE DE),48.79857251,3.03098565,Plein jour,Hors agglomération,Hors intersection,Pluie légère,Deux véhicules - frontale,4,2,2,0,2,2,2,0,1,80,2,4,1,0,0,3,96.0,21.0,voiture,voiture,1,1,1,2,1
202400040185,2024-09-29 00:01:00,2024,9,29,0,1,83,83137,COLBERT (AVE),43.12541,5.93291,Nuit avec éclairage allumé,En agglomération,Intersection en T,Normale,Deux véhicules - côté,4,1,1,0,1,1,1,0,1,50,2,2,1,0,0,1,51.0,19.0,voiture,deux_roues,5,2,3,1,3
202400040185,2024-09-29 00:01:00,2024,9,29,0,1,83,83137,COLBERT (AVE),43.12541,5.93291,Nuit avec éclairage allumé,En agglomération,Intersection en T,Normale,Deux véhicules - côté,4,1,1,0,1,1,1,0,1,30,2,2,1,0,0,1,51.0,19.0,voiture,deux_roues,5,2,3,1,3
202400040186,2024-08-23 17:43:00,2024,8,23,17,43,976,97611,m'tsapere-M'tsapéré- M'tsangani ( rue ),-12.78903,45.22131,Crépuscule ou aube,En agglomération,Intersection en Y,Normale,Deux véhicules - côté,4,-1,2,0,1,1,1,0,1,50,2,2,1,0,0,1,17.0,35.0,deux_roues,voiture,2,2,4,1,3
202400040186,2024-08-23 17:43:00,2024,8,23,17,43,976,97611,m'tsapere-M'tsapéré- M'tsangani ( rue ),-12.78903,45.22131,Crépuscule ou aube,En agglomération,Intersection en Y,Normale,Deux véhicules - côté,4,2,2,0,1,1,1,0,1,50,2,2,1,0,0,1,17.0,35.0,deux_roues,voiture,2,2,4,1,3
202400040187,2024-08-24 18:35:00,2024,8,24,18,35,973,97302,14 ET 22 JUIN 1962,4.93564579,-52.32753485,Crépuscule ou aube,En agglomération,Hors intersection,Normale,Sans collision,4,2,2,0,1,1,1,0,1,50,1,1,0,0,0,1,47.0,,deux_roues,,2,2,1,1,7
202400040188,2024-09-29 14:15:00,2024,9,29,14,15,83,83069,COUBERTIN (AVENUE PIERRE DE) ,43.11943,6.14461,Plein jour,En agglomération,Hors intersection,Normale,Deux véhicules - frontale,4,2,2,0,1,1,1,0,1,30,2,2,1,0,0,1,56.0,43.0,utilitaire_camion,voiture,1,2,1,1,1
202400040189,2024-06-16 18:31:00,2024,6,16,18,31,74,74012,GARE (AVENUE DE LA),46.19755,6.23584,Plein jour,En agglomération,Intersection en T,Normale,Deux véhicules - frontale,4,1,1,0,1,1,1,0,1,30,2,3,2,0,0,1,54.0,24.0,voiture,deux_roues,1,2,3,1,1
202400040189,2024-06-16 18:31:00,2024,6,16,18,31,74,74012,GARE (AVENUE DE LA),46.19755,6.23584,Plein jour,En agglomération,Intersection en T,Normale,Deux véhicules - frontale,4,2,2,0,1,1,1,0,1,30,2,3,2,0,0,1,54.0,24.0,voiture,deux_roues,1,2,3,1,1
202400040190,2024-08-24 21:00:00,2024,8,24,21,0,69,69384,74 Grande Rue de la Croix-Rousse,45.77984,4.83224,Nuit avec éclairage allumé,En agglomération,Hors intersection,Normale,Autre collision,4,1,1,0,1,1,1,0,1,30,1,2,1,0,1,0,46.0,,voiture,,5,2,1,1,6
202400040191,2024-08-24 01:30:00,2024,8,24,1,30,972,97209,RD 41 (ROCADE),14.60619,-61.08773,Nuit sans éclairage public,Hors agglomération,Hors intersection,Pluie légère,Autre collision,3,1,0,0,1,2,2,0,1,60,1,1,0,0,0,1,43.0,,voiture,,3,1,1,2,6
202400040192,2024-09-27 13:06:00,2024,9,27,13,6,83,83069,COUBERTIN (AVENUE PIERRE DE),43.11948,6.14388,Plein jour,En agglomération,Intersection en T,Normale,Deux véhicules - côté,4,-1,4,0,1,1,1,9,1,50,2,3,2,0,0,1,34.0,19.0,voiture,utilitaire_camion,1,2,3,1,3
202400040192,2024-09-27 13:06:00,2024,9,27,13,6,83,83069,COUBERTIN (AVENUE PIERRE DE),43.11948,6.14388,Plein jour,En agglomération,Intersection en T,Normale,Deux véhicules - côté,4,2,2,0,1,1,1,0,1,30,2,3,2,0,0,1,34.0,19.0,voiture,utilitaire_camion,1,2,3,1,3
202400040193,2024-06-16 16:05:00,2024,6,16,16,5,74,74012,DE GAULLE (AVENUE CHARLES),46.18406,6.24684,Plein jour,En agglomération,Intersection en T,Normale,Deux véhicules - côté,3,2,1,0,1,1,1,5,1,50,2,5,3,1,1,0,24.0,22.0,voiture,deux_roues,1,2,3,1,3
202400040193,2024-06-16 16:05:00,2024,6,16,16,5,74,74012,DE GAULLE (AVENUE CHARLES),46.18406,6.24684,Plein jour,En agglomération,Intersection en T,Normale,Deux véhicules - côté,3,2,1,0,1,1,1,0,8,50,2,5,3,1,1,0,24.0,22.0,voiture,deux_roues,1,2,3,1,3
202400040194,2024-06-15 17:20:00,2024,6,15,17,20,74,74133,INDUSTRIE (RUE DE L'),46.18515,6.21907,Plein jour,Hors agglomération,Hors intersection,Normale,Deux véhicules - arrière,4,1,1,0,2,1,1,0,1,70,2,2,1,0,0,1,66.0,53.0,deux_roues,voiture,1,1,1,1,2
202400040195,2024-08-24 11:50:00,2024,8,24,11,50,69,69384,Montée de la Boucle,45.77989,4.84073,Plein jour,En agglomération,Hors intersection,Normale,Trois véhicules et plus - en chaîne,4,3, -1,0,2,1,1,0,1,50,4,9,8,0,0,1,21.0,26.0,voiture,voiture,1,2,1,1,4
202400040196,2024-06-15 16:00:00,2024,6,15,16,0,69,69264,Rue de Vauxrenard,45.99799,4.71357,Plein jour,En agglomération,Hors intersection,Normale,Autre collision,4,1,1,0,1,1,1,0,1,50,1,2,1,0,0,1,,,voiture,,1,2,1,1,6
202400040197,2024-08-24 11:15:00,2024,8,24,11,15,971,97113,L'HOUEZEL (ROUTE DE),16.20473,-61.47999,Plein jour,Hors agglomération,Hors intersection,Normale,Autre collision,4,2,2,0,1,1,1,0,1,50,1,2,1,0,0,1,24.0,,voiture,,1,1,1,1,6
202400040198,2024-09-29 17:29:00,2024,9,29,17,29,77,77284,ROOSEVELT (AV.DU PDT),48.95702517,2.8995465,Plein jour,En agglomération,Hors intersection,Normale,Autre collision,3,3,4,0,1,1,1,9,1,50,1,1,0,0,0,1,16.0,,deux_roues,,1,2,1,1,6
202400040199,2024-06-16 10:20:00,2024,6,16,10,20,66,66136,Avenue Maréchal Joffre,42.70439946,2.89271951,Plein jour,En agglomération,Intersection en X,Normale,Deux véhicules - frontale,4,-1,2,0,1,1,1,0,1,50,2,5,1,0,0,4,34.0,47.0,voiture,voiture,1,2,2,1,1
202400040199,2024-06-16 10:20:00,2024,6,16,10,20,66,66136,Avenue Maréchal Joffre,42.70439946,2.89271951,Plein jour,En agglomération,Intersection en X,Normale,Deux véhicules - frontale,4,2,3,0,1,1,1,0,1,50,2,5,1,0,0,4,34.0,47.0,voiture,voiture,1,2,2,1,1
202400040200,2024-09-29 18:00:00,2024,9,29,18,0,74,74012,GARE (AVENUE DE LA),46.197931,6.236084,Plein jour,En agglomération,Intersection en X,Normale,Deux véhicules - côté,4,2,1,0,1,1,1,0,1,50,2,2,1,0,0,1,29.0,27.0,voiture,deux_roues,1,2,2,1,3
202400040200,2024-09-29 18:00:00,2024,9,29,18,0,74,74012,GARE (AVENUE DE LA),46.197931,6.236084,Plein jour,En agglomération,Intersection en X,Normale,Deux véhicules - côté,4,2,1,0,1,1,1,0,1,50,2,2,1,0,0,1,29.0,27.0,voiture,deux_roues,1,2,2,1,3
202400040201,2024-08-23 17:19:00,2024,8,23,17,19,971,97101,ROUTE DE BOISVINS,16.2613,-61.4625,Plein jour,Hors agglomération,Hors intersection,Normale,Deux véhicules - frontale,3,2,2,0,1,1,1,0,1,70,2,4,0,0,1,3,55.0,63.0,voiture,voiture,1,1,1,1,1