accident_id,datetime,annee,mois,jour,heure,minute,departement,commune_insee,adresse,latitude,longitude,luminosite,agglomeration,intersection,meteo,collision,catr,circ,nbv,vosp,prof,plan,surf,infra,situ,vma,nb_vehicules,nb_usagers,nb_indemnes,nb_tues,nb_blesses_hosp,nb_blesses_legers,age_cond_1,age_cond_2,veh_type_cond_1,veh_type_cond_2,lum_code,agg_code,int_code,atm_code,col_code
202400040202,2024-06-16 15:50:00,2024,6,16,15,50,65,65440,Avenue de la Marne,43.23215575,0.08743575,Plein jour,En agglomération,Intersection en Y,Normale,Deux véhicules - côté,3,2,2,0,1,1,1,0,1,50,2,3,2,0,0,1,32.0,30.0,deux_roues,voiture,1,2,4,1,3
202400040202,2024-06-16 15:50:00,2024,6,16,15,50,65,65440,Avenue de la Marne,43.23215575,0.08743575,Plein jour,En agglomération,Intersection en Y,Normale,Deux véhicules - côté,3,-1,2,0,1,1,1,0,1,50,2,3,2,0,0,1,32.0,30.0,deux_roues,voiture,1,2,4,1,3
202400040203,2024-08-24 19:30:00,2024,8,24,19,30,2A,2A004,T22,41.95251083,8.78444575,Plein jour,En agglomération,Intersection en T,Normale,Deux véhicules - côté,2,2,2,0,2,1,1,0,1,50,2,2,1,0,0,1,61.0,47.0,deux_roues,utilitaire_camion,1,2,3,1,3
202400040203,2024-08-24 19:30:00,2024,8,24,19,30,2A,2A004,T22,41.95251083,8.78444575,Plein jour,En agglomération,Intersection en T,Normale,Deux véhicules - côté,2,2,2,0,1,1,1,0,1,50,2,2,1,0,0,1,61.0,47.0,deux_roues,utilitaire_camion,1,2,3,1,3
202400040204,2024-09-29 14:35:00,2024,9,29,14,35,71,71306,RN 70 (ROUTE EXPRESS),46.6635,4.33484,Plein jour,Hors agglomération,Hors intersection,Normale,Deux véhicules - arrière,2,2,4,0,1,1,1,0,2,110,2,5,1,0,0,4,22.0,45.0,voiture,voiture,1,1,1,1,2
202400040205,2024-06-16 14:50:00,2024,6,16,14,50,65,65286,ROND POINT DE L EUROPE,43.107,-0.03939,Plein jour,En agglomération,Giratoire,Normale,Trois véhicules et plus - collisions multiples,2,1,2,0,1,4,1,0,1,50,3,4,1,0,0,3,79.0,40.0,voiture,voiture,1,2,6,1,5
202400040206,2024-09-29 15:40:00,2024,9,29,15,40,71,71306,MARECHAL LECLERC (AVENUE DU),46.67903995,4.36570823,Plein jour,En agglomération,Intersection en X,Normale,Deux véhicules - côté,4,3,5,-1,1,1,1,5,1,-1,2,3,2,0,0,1,65.0,73.0,voiture,voiture,1,2,2,1,3
202400040206,2024-09-29 15:40:00,2024,9,29,15,40,71,71306,MARECHAL LECLERC (AVENUE DU),46.67903995,4.36570823,Plein jour,En agglomération,Intersection en X,Normale,Deux véhicules - côté,4,-1,4,0,1,1,1,5,1,50,2,3,2,0,0,1,65.0,73.0,voiture,voiture,1,2,2,1,3
202400040207,2024-08-24 12:50:00,2024,8,24,12,50,91,91114,RUE TALMA,48.69302,2.5025,Plein jour,En agglomération,Intersection en T,Normale,Deux véhicules - côté,4,-1,2,0,2,1,1,0,1,50,2,2,1,0,1,0,,63.0,voiture,deux_roues,1,2,3,1,3
202400040207,2024-08-24 12:50:00,2024,8,24,12,50,91,91114,RUE TALMA,48.69302,2.5025,Plein jour,En agglomération,Intersection en T,Normale,Deux véhicules - côté,4,2,3,0,4,1,1,0,1,50,2,2,1,0,1,0,,63.0,voiture,deux_roues,1,2,3,1,3
202400040208,2024-06-16 14:05:00,2024,6,16,14,5,63,63300,CHAMP D'OJARDIAS (AVENUE),45.89342697,3.09942394,Plein jour,En agglomération,Hors intersection,Normale,Deux véhicules - côté,4,2,2,0,1,1,1,0,1,50,2,2,1,0,0,1,7.0,64.0,deux_roues,voiture,1,2,1,1,3
202400040209,2024-09-28 09:50:00,2024,9,28,9,50,69,69091,Avenue Youri Gagarine,45.60007,4.76958,Plein jour,En agglomération,Intersection en T,Temps couvert,Deux véhicules - côté,7,2,2,2,1,1,2,0,5,50,2,2,1,0,0,1,34.0,19.0,deux_roues,voiture,1,2,3,8,3
202400040209,2024-09-28 09:50:00,2024,9,28,9,50,69,69091,Avenue Youri Gagarine,45.60007,4.76958,Plein jour,En agglomération,Intersection en T,Temps couvert,Deux véhicules - côté,7,2,2,0,1,1,2,0,1,50,2,2,1,0,0,1,34.0,19.0,deux_roues,voiture,1,2,3,8,3
202400040210,2024-08-24 19:45:00,2024,8,24,19,45,91,91521,AV I ET F JOLIOT CURIE,48.62991,2.39727,Plein jour,Hors agglomération,Hors intersection,Temps couvert,Autre collision,3,1,2,0,1,3,2,0,3,70,1,1,0,0,0,1,24.0,,voiture,,1,1,1,8,6
202400040211,2024-06-16 08:30:00,2024,6,16,8,30,62,62464,D947,50.48855644,2.80891385,Plein jour,En agglomération,Hors intersection,Normale,Autre collision,3,2,1,0,1,1,1,0,1,50,1,1,0,0,1,0,25.0,,voiture,,1,2,1,1,6
202400040212,2024-09-29 18:20:00,2024,9,29,18,20,66,66136,Rue Jean Vielledent,42.69507961,2.90076613,Plein jour,En agglomération,Hors intersection,Temps couvert,Autre collision,4,-1,2,0,1,1,1,0,1,50,1,2,1,0,0,1,70.0,,voiture,,1,2,1,8,6
202400040213,2024-06-15 21:25:00,2024,6,15,21,25,59,59392,KENNEDY (RUE),50.266683,3.940562,Plein jour,En agglomération,Intersection en X,Temps couvert,Deux véhicules - côté,4,1,1,0,1,1,1,0,1,50,2,2,1,0,1,0,33.0,22.0,voiture,voiture,1,2,2,8,3
202400040213,2024-06-15 21:25:00,2024,6,15,21,25,59,59392,KENNEDY (RUE),50.266683,3.940562,Plein jour,En agglomération,Intersection en X,Temps couvert,Deux véhicules - côté,4,2,2,0,2,1,1,0,1,50,2,2,1,0,1,0,33.0,22.0,voiture,voiture,1,2,2,8,3
202400040214,2024-08-24 11:10:00,2024,8,24,11,10,91,91223,HOTEL DE VILLE (PLACE DE L'),48.43426,2.1619,Plein jour,En agglomération,Hors intersection,Normale,Autre collision,4,2,2,0,1,1,1,0,1,50,1,2,1,0,0,1,36.0,,voiture,,1,2,1,1,6
202400040215,2024-06-11 08:30:00,2024,6,11,8,30,59,59017,LEBLEU (RUE JULES ),50.68415,2.86509,Plein jour,En agglomération,Hors intersection,Normale,Autre collision,4,2,2,0,1,1,1,0,1,50,1,2,1,0,1,0,52.0,,voiture,,1,2,1,1,6
202400040216,2024-09-29 11:00:00,2024,9,29,11,0,63,63113,COTE BLATIN (BD),45.77034,3.0918,Plein jour,En agglomération,Hors intersection,Normale,Autre collision,4,2,2,0,1,1,1,0,1,50,1,2,1,0,1,0,29.0,,voiture,,1,2,1,1,6
202400040217,2024-08-24 05:40:00,2024,8,24,5,40,91,91223,MAI 1945 (AVENUE DU 8),48.44,2.155,Nuit avec éclairage allumé,En agglomération,Hors intersection,Normale,Deux véhicules - frontale,3,2,2,0,2,1,1,2,1,50,2,2,0,0,1,1,41.0,23.0,voiture,voiture,5,2,1,1,1
202400040218,2024-09-29 10:50:00,2024,9,29,10,50,63,63113,CHANELLES (RUE DES),45.78896771,3.08125734,Plein jour,En agglomération,Hors intersection,Normale,Autre collision,4,2,2,0,1,1,1,0,1,30,1,2,1,0,1,0,78.0,,voiture,,1,2,1,1,6
202400040219,2024-06-15 19:00:00,2024,6,15,19,0,57,57672,GENERAL MANGIN (RUE),49.35682,6.16063,Plein jour,En agglomération,Intersection en X,Normale,Deux véhicules - côté,4,4,3,0,1,1,1,0,1,50,2,4,0,0,0,4,47.0,47.0,voiture,voiture,1,2,2,1,3
202400040219,2024-06-15 19:00:00,2024,6,15,19,0,57,57672,GENERAL MANGIN (RUE),49.35682,6.16063,Plein jour,En agglomération,Intersection en X,Normale,Deux véhicules - côté,4,4,3,0,1,1,1,0,1,50,2,4,0,0,0,4,47.0,47.0,voiture,voiture,1,2,2,1,3
202400040220,2024-09-28 17:50:00,2024,9,28,17,50,62,62186,D166E1,50.45007912,2.71979034,Plein jour,En agglomération,Hors intersection,Normale,Autre collision,3,-1,0,0,1,1,1,9,8,20,1,2,1,0,1,0,24.0,,voiture,,1,2,1,1,6
202400040221,2024-06-16 04:00:00,2024,6,16,4,0,51,51454,ROULIERS (RUE DES),49.2403,4.06871,Nuit sans éclairage public,En agglomération,Hors intersection,Normale,Autre collision,4,1,1,0,2,1,1,0,3,50,1,1,0,0,0,1,42.0,,utilitaire_camion,,3,2,1,1,6
202400040222,2024-08-24 01:20:00,2024,8,24,1,20,83,83129,LAENNEC (AVENUE DE) N° PAIRS,43.08992148,5.83048535,Nuit avec éclairage allumé,En agglomération,Intersection en T,Normale,Trois véhicules et plus - collisions multiples,3,2,3,0,1,1,1,0,1,50,3,3,1,0,0,2,19.0,30.0,voiture,deux_roues,5,2,3,1,5
202400040222,2024-08-24 01:20:00,2024,8,24,1,20,83,83129,LAENNEC (AVENUE DE) N° PAIRS,43.08992148,5.83048535,Nuit avec éclairage allumé,En agglomération,Intersection en T,Normale,Trois véhicules et plus - collisions multiples,3,2, -1,-1,1,1,1,0,1,-1,3,3,1,0,0,2,19.0,30.0,voiture,deux_roues,5,2,3,1,5
202400040223,2024-06-15 18:05:00,2024,6,15,18,5,51,51454,LANSON (RUE),49.24636,4.06152,Plein jour,En agglomération,Giratoire,Normale,Deux véhicules - frontale,4,1,1,0,1,2,1,0,1,50,2,2,1,0,0,1,42.0,31.0,voiture,transport_commun,1,2,6,1,1
202400040223,2024-06-15 18:05:00,2024,6,15,18,5,51,51454,LANSON (RUE),49.24636,4.06152,Plein jour,En agglomération,Giratoire,Normale,Deux véhicules - frontale,4,2,2,0,2,1,1,0,1,50,2,2,1,0,0,1,42.0,31.0,voiture,transport_commun,1,2,6,1,1
202400040224,2024-09-29 22:54:00,2024,9,29,22,54,59,59512,ALGER  (RUE D'),50.70775,3.18659,Nuit avec éclairage allumé,En agglomération,Intersection en X,Normale,Deux véhicules - côté,7,1,5,1,1,1,1,0,1,50,2,4,0,0,0,4,58.0,25.0,voiture,voiture,5,2,2,1,3
202400040224,2024-09-29 22:54:00,2024,9,29,22,54,59,59512,ALGER  (RUE D'),50.70775,3.18659,Nuit avec éclairage allumé,En agglomération,Intersection en X,Normale,Deux véhicules - côté,7,2,0,1,1,1,1,0,1,50,2,4,0,0,0,4,58.0,25.0,voiture,voiture,5,2,2,1,3
202400040225,2024-06-16 15:30:00,2024,6,16,15,30,49,49007,PATTON AVENUE,47.47314,-0.59992,Plein jour,En agglomération,Hors intersection,Pluie légère,Deux véhicules - côté,4,2,2,0,1,1,2,0,1,50,2,5,4,0,0,1,19.0,19.0,voiture,voiture,1,2,1,2,3
202400040226,2024-08-23 17:33:00,2024,8,23,17,33,78,78498,CHAMBOURCY RUE DE,48.918806,2.039207,Plein jour,En agglomération,Hors intersection,Normale,Trois véhicules et plus - collisions multiples,4,2,2,0,1,1,1,0,1,30,3,4,2,0,0,2,53.0,87.0,voiture,voiture,1,2,1,1,5
202400040227,2024-09-29 06:45:00,2024,9,29,6,45,59,59437,MONT DE TEMPLEMARS RUE DU,50.57547,3.02934,Crépuscule ou aube,Hors agglomération,Hors intersection,Normale,Deux véhicules - côté,7,2,2,0,1,1,1,0,1,50,2,2,1,0,0,1,22.0,64.0,utilitaire_camion,voiture,2,1,1,1,3
202400040228,2024-06-15 16:25:00,2024,6,15,16,25,47,47001,CUVIER (AV. GEORGES),44.19592,0.63346,Plein jour,En agglomération,Hors intersection,Normale,Sans collision,9,1,1,0,1,1,1,9,1,30,1,2,1,0,1,0,20.0,,deux_roues,,1,2,1,1,7
202400040229,2024-06-15 17:50:00,2024,6,15,17,50,42,42186,Rue de Tochissonne,45.5299,4.60477,Plein jour,En agglomération,Intersection en X,Normale,Deux véhicules - côté,4,2,2,0,1,1,1,5,1,50,2,3,1,0,0,2,22.0,24.0,voiture,deux_roues,1,2,2,1,3
202400040229,2024-06-15 17:50:00,2024,6,15,17,50,42,42186,Rue de Tochissonne,45.5299,4.60477,Plein jour,En agglomération,Intersection en X,Normale,Deux véhicules - côté,4,2,2,0,1,1,1,5,1,50,2,3,1,0,0,2,22.0,24.0,voiture,deux_roues,1,2,2,1,3
202400040230,2024-09-27 20:13:00,2024,9,27,20,13,51,51230,MIDDELKERKE (AVENUE),49.0374,3.97096,Crépuscule ou aube,En agglomération,Intersection en T,Pluie légère,Autre collision,4,2,2,0,3,2,2,9,1,5,1,2,1,0,0,1,48.0,,voiture,,2,2,3,2,6
202400040230,2024-09-27 20:13:00,2024,9,27,20,13,51,51230,MIDDELKERKE (AVENUE),49.0374,3.97096,Crépuscule ou aube,En agglomération,Intersection en T,Pluie légère,Autre collision,4,2, -1,-1,1,1,2,0,1,-1,1,2,1,0,0,1,48.0,,voiture,,2,2,3,2,6
202400040231,2024-06-14 17:25:00,2024,6,14,17,25,41,41018,CHATEAU-RENAULT (ROUTE DE),47.5837,1.31116,Plein jour,En agglomération,Hors intersection,Normale,Autre collision,4,2,2,0,1,1,1,0,1,50,1,2,1,0,0,1,46.0,,voiture,,1,2,1,1,6
202400040232,2024-06-16 22:55:00,2024,6,16,22,55,38,38111,A 480,45.11851906,5.68625003,Nuit sans éclairage public,Hors agglomération,Autre intersection,Normale,Deux véhicules - frontale,1,3,4,0,2,1,1,3,8,70,2,2,1,0,0,1,50.0,48.0,voiture,utilitaire_camion,3,1,9,1,1
202400040233,2024-09-29 19:30:00,2024,9,29,19,30,45,45284,97 Boulevard Jean Rostand,47.91414,1.96959,Crépuscule ou aube,En agglomération,Intersection en T,Normale,Deux véhicules - côté,4,2,2,0,1,1,1,0,1,50,2,3,1,0,0,2,32.0,31.0,voiture,voiture,2,2,3,1,3
202400040233,2024-09-29 19:30:00,2024,9,29,19,30,45,45284,97 Boulevard Jean Rostand,47.91414,1.96959,Crépuscule ou aube,En agglomération,Intersection en T,Normale,Deux véhicules - côté,4,2,2,2,1,1,1,0,1,50,2,3,1,0,0,2,32.0,31.0,voiture,voiture,2,2,3,1,3
202400040234,2024-06-16 03:00:00,2024,6,16,3,0,38,38421,AVENUE POTIE,45.17242,5.75663,Nuit avec éclairage allumé,En agglomération,Intersection en X,Normale,Deux véhicules - côté,4,2,2,0,1,1,1,0,1,50,2,2,1,0,1,0,19.0,29.0,deux_roues,voiture,5,2,2,1,3
202400040234,2024-06-16 03:00:00,2024,6,16,3,0,38,38421,AVENUE POTIE,45.17242,5.75663,Nuit avec éclairage allumé,En agglomération,Intersection en X,Normale,Deux véhicules - côté,4,1,1,0,1,1,1,0,1,30,2,2,1,0,1,0,19.0,29.0,deux_roues,voiture,5,2,2,1,3
202400040235,2024-09-28 16:40:00,2024,9,28,16,40,37,37261,MAINE (RUE DU),47.42564,0.67968,Plein jour,En agglomération,Hors intersection,Normale,Autre collision,4,2,4,0,1,1,1,0,1,50,1,2,1,0,0,1,25.0,,voiture,,1,2,1,1,6
202400040236,2024-06-16 00:20:00,2024,6,16,0,20,37,37261,COPPEE (RUE FRANCOIS),47.42564,0.69058,Nuit avec éclairage allumé,En agglomération,Intersection en T,Pluie légère,Deux véhicules - côté,4,2,2,0,1,1,2,0,1,50,2,4,2,0,0,2,55.0,19.0,transport_commun,voiture,5,2,3,2,3
202400040236,2024-06-16 00:20:00,2024,6,16,0,20,37,37261,COPPEE (RUE FRANCOIS),47.42564,0.69058,Nuit avec éclairage allumé,En agglomération,Intersection en T,Pluie légère,Deux véhicules - côté,4,4,1,0,1,1,2,0,1,50,2,4,2,0,0,2,55.0,19.0,transport_commun,voiture,5,2,3,2,3
202400040237,2024-09-29 12:00:00,2024,9,29,12,0,34,34301,VERDUN (BOULEVARD DE),43.41101,3.67899,Plein jour,En agglomération,Intersection en X,Normale,Deux véhicules - côté,4,2,1,0,1,1,1,0,1,50,2,2,0,0,0,2,55.0,27.0,voiture,utilitaire_camion,1,2,2,1,3
202400040237,2024-09-29 12:00:00,2024,9,29,12,0,34,34301,VERDUN (BOULEVARD DE),43.41101,3.67899,Plein jour,En agglomération,Intersection en X,Normale,Deux véhicules - côté,4,2,3,0,1,1,1,0,1,50,2,2,0,0,0,2,55.0,27.0,voiture,utilitaire_camion,1,2,2,1,3
202400040238,2024-06-16 21:42:00,2024,6,16,21,42,33,33192,,44.79057,-0.60539,Nuit avec éclairage allumé,En agglomération,Autre intersection,Normale,Deux véhicules - côté,4,2,4,0,1,1,1,5,1,50,2,3,2,0,0,1,39.0,69.0,voiture,voiture,5,2,9,1,3
202400040239,2024-09-27 14:40:00,2024,9,27,14,40,34,34172,LIBERTE (AVENUE DE LA,43.61207,3.82412,Plein jour,En agglomération,Hors intersection,Normale,Deux véhicules - arrière,4,2,2,0,1,2,1,0,1,50,2,4,3,0,0,1,25.0,21.0,deux_roues,voiture,1,2,1,1,2
202400040240,2024-09-29 11:45:00,2024,9,29,11,45,31,31149,GLENANS (ALLEE DES),43.6166,1.32494,Plein jour,En agglomération,Hors intersection,Normale,Autre collision,4,2,0,0,1,2,1,0,4,50,1,1,0,0,1,0,24.0,,deux_roues,,1,2,1,1,6
202400040241,2024-06-15 16:25:00,2024,6,15,16,25,25,25388,PARDONNET ( RUE LOUIS),47.51151,6.78765,Plein jour,En agglomération,Hors intersection,Normale,Deux véhicules - frontale,4,3,2,0,2,3,1,0,1,50,2,4,2,0,0,2,58.0,44.0,voiture,utilitaire_camion,1,2,1,1,1
202400040242,2024-09-29 16:25:00,2024,9,29,16,25,29,29232,Boulevard d'Ergue-Armel,47.986956,-4.074021,Plein jour,En agglomération,Autre intersection,Pluie légère,Sans collision,3,3,4,0,2,1,2,0,3,50,1,1,0,0,0,1,29.0,,voiture,,1,2,9,2,7
202400040243,2024-06-14 19:40:00,2024,6,14,19,40,19,19275,,45.5526,2.31418,Plein jour,En agglomération,Hors intersection,Pluie forte,Autre collision,3,2,2,0,1,1,2,9,1,50,1,3,2,0,1,0,31.0,,voiture,,1,2,1,3,6
202400040244,2024-06-16 13:30:00,2024,6,16,13,30,13,13207,GEORGES ESTRANGIN (BOULEVARD),43.27773745,5.3690511,Plein jour,En agglomération,Hors intersection,Normale,Sans collision,4,2,2,0,2,1,1,0,1,30,1,1,0,0,0,1,83.0,,voiture,,1,2,1,1,7
202400040245,2024-09-29 05:45:00,2024,9,29,5,45,25,25056,PERGAUD RUE LOUIS,47.23983,6.00509,Nuit avec éclairage allumé,En agglomération,Intersection en T,Normale,Autre collision,4,2,2,0,1,1,1,0,1,50,1,2,0,0,0,2,27.0,,voiture,,5,2,3,1,6
202400040245,2024-09-29 05:45:00,2024,9,29,5,45,25,25056,PERGAUD RUE LOUIS,47.23983,6.00509,Nuit avec éclairage allumé,En agglomération,Intersection en T,Normale,Autre collision,4,2,2,1,1,2,1,0,1,50,1,2,0,0,0,2,27.0,,voiture,,5,2,3,1,6
202400040246,2024-06-15 23:30:00,2024,6,15,23,30,13,13005,CIOTAT (ROUTE DE LA RN559),43.26713,5.58789,Nuit sans éclairage public,Hors agglomération,Autre intersection,Normale,Deux véhicules - côté,3,2,2,0,2,2,1,9,1,80,2,4,2,0,1,1,28.0,16.0,voiture,deux_roues,3,1,9,1,3
202400040247,2024-06-16 11:25:00,2024,6,16,11,25,09,09225,MIREPOIX ROUTE DE,43.10208,1.6342,Plein jour,Hors agglomération,Autre intersection,Normale,Deux véhicules - côté,3,2,0,0,1,1,1,3,1,70,2,2,1,0,0,1,32.0,59.0,voiture,deux_roues,1,1,9,1,3
202400040248,2024-09-29 11:15:00,2024,9,29,11,15,17,17306,CHEVREUILS (DES),45.6407,-1.0439,Plein jour,En agglomération,Hors intersection,Normale,Deux véhicules - frontale,4,2,2,2,2,1,1,0,5,50,2,2,0,0,2,0,65.0,68.0,voiture,deux_roues,1,2,1,1,1
202400040249,2024-06-14 16:30:00,2024,6,14,16,30,09,09122,RD 919,42.99173,1.615968,Plein jour,En agglomération,Autre intersection,Normale,Autre collision,3,2,2,0,1,1,1,6,1,70,1,2,1,0,0,1,17.0,,deux_roues,,1,2,9,1,6
202400040250,2024-09-28 14:41:00,2024,9,28,14,41,14,14001,Route de Genneville,49.37629,0.2757,Plein jour,Hors agglomération,Intersection en X,Normale,Deux véhicules - côté,3,2,2,0,1,1,1,5,1,70,2,4,3,0,0,1,38.0,18.0,voiture,deux_roues,1,1,2,1,3
202400040250,2024-09-28 14:41:00,2024,9,28,14,41,14,14001,Route de Genneville,49.37629,0.2757,Plein jour,Hors agglomération,Intersection en X,Normale,Deux véhicules - côté,3,2,2,0,1,1,1,5,1,80,2,4,3,0,0,1,38.0,18.0,voiture,deux_roues,1,1,2,1,3
202400040251,2024-06-15 09:50:00,2024,6,15,9,50,07,07072,RD 104,44.73573,4.61869,Plein jour,Hors agglomération,Hors intersection,Temps couvert,Deux véhicules - frontale,3,2,2,0,2,1,2,0,1,50,2,4,0,0,0,4,74.0,54.0,voiture,voiture,1,1,1,8,1
202400040252,2024-06-16 16:20:00,2024,6,16,16,20,06,06088,3 Rue Pierre Devoluy,43.70353,7.27438,Plein jour,En agglomération,Intersection en X,Normale,Deux véhicules - côté,4,1,1,0,1,1,1,8,1,50,2,2,0,0,2,0,21.0,19.0,deux_roues,deux_roues,1,2,2,1,3
202400040252,2024-06-16 16:20:00,2024,6,16,16,20,06,06088,3 Rue Pierre Devoluy,43.70353,7.27438,Plein jour,En agglomération,Intersection en X,Normale,Deux véhicules - côté,4,1,1,0,1,1,1,0,1,50,2,2,0,0,2,0,21.0,19.0,deux_roues,deux_roues,1,2,2,1,3
202400040253,2024-09-29 22:10:00,2024,9,29,22,10,13,13212,SAINT BARNABE (AVENUE DE),43.30424,5.41312,Nuit avec éclairage allumé,En agglomération,Intersection en X,Normale,Deux véhicules - côté,4,2,3,0,1,1,1,0,1,50,2,3,1,0,0,2,21.0,21.0,voiture,voiture,5,2,2,1,3
202400040253,2024-09-29 22:10:00,2024,9,29,22,10,13,13212,SAINT BARNABE (AVENUE DE),43.30424,5.41312,Nuit avec éclairage allumé,En agglomération,Intersection en X,Normale,Deux véhicules - côté,4,2,2,0,1,1,1,0,1,50,2,3,1,0,0,2,21.0,21.0,voiture,voiture,5,2,2,1,3
202400040254,2024-06-16 10:30:00,2024,6,16,10,30,06,06088,Promenade Général Edouard Corniglion-Molinier,43.6657439,7.2070007,Plein jour,En agglomération,Hors intersection,Normale,Deux véhicules - côté,7,3,6,0,1,1,1,9,1,70,2,2,1,0,0,1,44.0,48.0,deux_roues,voiture,1,2,1,1,3
202400040255,2024-09-29 15:40:00,2024,9,29,15,40,13,13208,MAZARGUES (AVENUE DE),43.26021,5.39393,Plein jour,En agglomération,Hors intersection,Normale,Deux véhicules - côté,4,2,2,0,1,1,1,0,1,50,2,2,0,0,0,2,40.0,25.0,voiture,deux_roues,1,2,1,1,3
202400040256,2024-06-16 09:47:00,2024,6,16,9,47,06,06088,Bretelle Sortie Promenade des Anglais-Terminal 1,43.666255,7.211302,Plein jour,En agglomération,Hors intersection,Normale,Autre collision,7,3,6,3,1,1,1,0,1,50,1,2,0,1,1,0,54.0,,deux_roues,,1,2,1,1,6
202400040257,2024-09-27 07:45:00,2024,9,27,7,45,12,12145,DE GAULLE CHARLES (AVENUE),44.11088807,3.07194471,Plein jour,En agglomération,Intersection en X,Normale,Deux véhicules - côté,4,2,2,0,2,1,1,5,1,30,2,2,0,0,0,2,51.0,68.0,voiture,deux_roues,1,2,2,1,3
202400040257,2024-09-27 07:45:00,2024,9,27,7,45,12,12145,DE GAULLE CHARLES (AVENUE),44.11088807,3.07194471,Plein jour,En agglomération,Intersection en X,Normale,Deux véhicules - côté,4,2,2,0,4,1,1,5,1,30,2,2,0,0,0,2,51.0,68.0,voiture,deux_roues,1,2,2,1,3
202400040258,2024-06-02 10:07:00,2024,6,2,10,7,05,05061,Route de la Luye,44.53461,6.06198,Plein jour,En agglomération,Hors intersection,Normale,Autre collision,3,2,2,0,1,1,1,0,1,50,1,2,1,0,1,0,24.0,,voiture,,1,2,1,1,6
202400040259,2024-09-28 18:05:00,2024,9,28,18,5,07,07186,CHOMERAC (ROUTE DE),44.71927,4.60369,Plein jour,Hors agglomération,Autre intersection,Normale,Deux véhicules - arrière,3,-1,2,0,1,1,1,0,1,90,2,2,1,0,1,0,33.0,17.0,voiture,deux_roues,1,1,9,1,2
202400040260,2024-06-16 16:05:00,2024,6,16,16,5,75,75120,BD PERIPHERIQUE INTERIEUR,48.865153,2.413215,Plein jour,En agglomération,Hors intersection,Pluie légère,Deux véhicules - côté,4,1,4,0,1,1,2,0,1,70,2,2,1,0,0,1,67.0,22.0,voiture,deux_roues,1,2,1,2,3
202400040261,2024-09-28 16:16:00,2024,9,28,16,16,75,75102,BOULEVARD MONTMARTRE,48.871668,2.341648,Plein jour,En agglomération,Intersection en T,Normale,Deux véhicules - arrière,4,2,3,1,1,1,1,0,5,30,2,2,1,0,0,1,24.0,31.0,deux_roues,deux_roues,1,2,3,1,2
202400040261,2024-09-28 16:16:00,2024,9,28,16,16,75,75102,BOULEVARD MONTMARTRE,48.871668,2.341648,Plein jour,En agglomération,Intersection en T,Normale,Deux véhicules - arrière,4,2, -1,-1,1,1,1,0,5,30,2,2,1,0,0,1,24.0,31.0,deux_roues,deux_roues,1,2,3,1,2
202400040262,2024-06-16 00:25:00,2024,6,16,0,25,75,75117,BD PERIPHERIQUE INTERIEUR,48.895562,2.307691,Nuit avec éclairage allumé,En agglomération,Hors intersection,Normale,Deux véhicules - arrière,4,1,4,0,1,1,1,0,1,70,2,2,1,0,0,1,41.0,40.0,deux_roues,voiture,5,2,1,1,2
202400040263,2024-06-15 23:50:00,2024,6,15,23,50,75,75119,RUE BOTZARIS,48.87889,2.382701,Nuit avec éclairage allumé,En agglomération,Hors intersection,Normale,Autre collision,4,2,2,0,1,3,1,0,1,30,1,1,0,0,0,1,71.0,,utilitaire_camion,,5,2,1,1,6
202400040264,2024-09-29 16:00:00,2024,9,29,16,0,75,75118,RUE DES FILLETTES,48.893901,2.363916,Plein jour,En agglomération,Hors intersection,Normale,Autre collision,4,1,1,0,1,1,1,0,1,30,1,2,1,0,0,1,26.0,,deux_roues,,1,2,1,1,6
202400040265,2024-06-16 16:30:00,2024,6,16,16,30,75,75116,ROUTE DES TRIBUNES,48.855017,2.228805,Plein jour,En agglomération,Hors intersection,Normale,Deux véhicules - arrière,4,2,3,1,1,1,1,0,1,30,2,2,1,0,0,1,24.0,28.0,voiture,deux_roues,1,2,1,1,2
202400040266,2024-09-29 21:35:00,2024,9,29,21,35,75,75117,AVENUE DE LA GRANDE ARMEE,48.876975,2.285566,Nuit avec éclairage allumé,En agglomération,Intersection en X,Normale,Deux véhicules - côté,4,2,6,3,2,1,1,0,1,50,2,3,2,0,0,1,43.0,22.0,utilitaire_camion,deux_roues,5,2,2,1,3
202400040266,2024-09-29 21:35:00,2024,9,29,21,35,75,75117,AVENUE DE LA GRANDE ARMEE,48.876975,2.285566,Nuit avec éclairage allumé,En agglomération,Intersection en X,Normale,Deux véhicules - côté,4,1,1,0,2,1,1,0,1,30,2,3,2,0,0,1,43.0,22.0,utilitaire_camion,deux_roues,5,2,2,1,3
202400040267,2024-06-15 17:10:00,2024,6,15,17,10,75,75116,QUAI LOUIS BLERIOT,48.84021,2.267687,Plein jour,En agglomération,Hors intersection,Normale,Deux véhicules - côté,4,2,1,1,1,1,1,0,1,30,2,2,1,0,0,1,27.0,23.0,deux_roues,voiture,1,2,1,1,3
202400040268,2024-09-29 19:10:00,2024,9,29,19,10,75,75117,BOULEVARD PEREIRE,48.881568,2.29134,Crépuscule ou aube,En agglomération,Intersection en X,Normale,Deux véhicules - côté,4,1,1,0,1,1,1,0,1,30,2,4,3,0,0,1,25.0,19.0,voiture,voiture,2,2,2,1,3
202400040268,2024-09-29 19:10:00,2024,9,29,19,10,75,75117,BOULEVARD PEREIRE,48.881568,2.29134,Crépuscule ou aube,En agglomération,Intersection en X,Normale,Deux véhicules - côté,4,1,1,0,1,1,1,0,1,30,2,4,3,0,0,1,25.0,19.0,voiture,voiture,2,2,2,1,3