accident_id,datetime,annee,mois,jour,heure,minute,departement,commune_insee,adresse,latitude,longitude,luminosite,agglomeration,intersection,meteo,collision,catr,circ,nbv,vosp,prof,plan,surf,infra,situ,vma,nb_vehicules,nb_usagers,nb_indemnes,nb_tues,nb_blesses_hosp,nb_blesses_legers,age_cond_1,age_cond_2,veh_type_cond_1,veh_type_cond_2,lum_code,agg_code,int_code,atm_code,col_code
202400040269,2024-06-16 16:20:00,2024,6,16,16,20,75,75115,BOULEVARD PASTEUR,48.842969,2.31282,Plein jour,En agglomération,Intersection en T,Pluie légère,Deux véhicules - côté,4,1,1,1,2,1,2,0,1,30,2,3,2,0,0,1,22.0,38.0,utilitaire_camion,deux_roues,1,2,3,2,3
202400040269,2024-06-16 16:20:00,2024,6,16,16,20,75,75115,BOULEVARD PASTEUR,48.842969,2.31282,Plein jour,En agglomération,Intersection en T,Pluie légère,Deux véhicules - côté,4,1,0,0,1,1,2,0,1,30,2,3,2,0,0,1,22.0,38.0,utilitaire_camion,deux_roues,1,2,3,2,3
202400040270,2024-09-29 10:50:00,2024,9,29,10,50,75,75116,RUE FREYCINET,48.86510879,2.29890794,Plein jour,En agglomération,Intersection en X,Normale,Sans collision,4,1, -1,-1,1,1,1,0,1,30,1,1,0,0,1,0,43.0,,deux_roues,,1,2,2,1,7
202400040270,2024-09-29 10:50:00,2024,9,29,10,50,75,75116,RUE FREYCINET,48.86510879,2.29890794,Plein jour,En agglomération,Intersection en X,Normale,Sans collision,4,-1,1,0,1,1,1,0,1,30,1,1,0,0,1,0,43.0,,deux_roues,,1,2,2,1,7
202400040271,2024-06-16 12:30:00,2024,6,16,12,30,75,75115,RUE BRANCION,48.830211,2.301941,Plein jour,En agglomération,Intersection en T,Normale,Autre collision,4,-1, -1,-1,1,1,1,0,8,30,2,2,1,0,0,1,62.0,80.0,deux_roues,voiture,1,2,3,1,6
202400040271,2024-06-16 12:30:00,2024,6,16,12,30,75,75115,RUE BRANCION,48.830211,2.301941,Plein jour,En agglomération,Intersection en T,Normale,Autre collision,4,1,1,0,1,1,1,0,8,30,2,2,1,0,0,1,62.0,80.0,deux_roues,voiture,1,2,3,1,6
202400040272,2024-09-28 15:50:00,2024,9,28,15,50,75,75116,ROUTE DE SEVRES A NEUILLY,48.860433,2.237218,Plein jour,En agglomération,Hors intersection,Normale,Trois véhicules et plus - en chaîne,4,2,1,2,1,1,1,0,5,30,3,3,2,0,0,1,59.0,16.0,deux_roues,deux_roues,1,2,1,1,4
202400040273,2024-06-16 18:50:00,2024,6,16,18,50,75,75114,RUE DE L AMIRAL MOUCHEZ,48.824023,2.341471,Plein jour,En agglomération,Hors intersection,Normale,Autre collision,4,1,2,3,1,1,1,0,4,30,1,3,0,0,0,3,82.0,,voiture,,1,2,1,1,6
202400040274,2024-09-28 17:15:00,2024,9,28,17,15,75,75116,ROUTE DE LA SEINE A LA BUTTE MORTEMART,48.852016,2.232029,Plein jour,En agglomération,Hors intersection,Normale,Trois véhicules et plus - collisions multiples,4,1,2,1,1,3,1,0,5,30,4,4,1,0,1,2,35.0,31.0,deux_roues,deux_roues,1,2,1,1,5
202400040275,2024-06-16 13:15:00,2024,6,16,13,15,75,75108,BOULEVARD HAUSSMANN,48.874133,2.323922,Plein jour,En agglomération,Intersection en T,Normale,Deux véhicules - côté,4,1,3,1,1,1,1,0,1,30,2,4,3,0,0,1,56.0,27.0,voiture,voiture,1,2,3,1,3
202400040275,2024-06-16 13:15:00,2024,6,16,13,15,75,75108,BOULEVARD HAUSSMANN,48.874133,2.323922,Plein jour,En agglomération,Intersection en T,Normale,Deux véhicules - côté,4,1,1,0,1,1,1,0,1,30,2,4,3,0,0,1,56.0,27.0,voiture,voiture,1,2,3,1,3
202400040276,2024-09-29 08:30:00,2024,9,29,8,30,75,75113,RUE DE TOLBIAC,48.826498,2.362522,Plein jour,En agglomération,Hors intersection,Normale,Deux véhicules - frontale,4,2,3,3,1,1,1,0,1,30,2,3,2,0,0,1,56.0,32.0,voiture,deux_roues,1,2,1,1,1
202400040277,2024-06-16 03:00:00,2024,6,16,3,0,75,75108,AVENUE GEORGE V,48.866878,2.301414,Nuit avec éclairage allumé,En agglomération,Intersection en Y,Pluie légère,Deux véhicules - arrière,4,2,2,0,1,1,2,0,1,30,2,3,1,0,0,2,23.0,43.0,voiture,voiture,5,2,4,2,2
202400040277,2024-06-16 03:00:00,2024,6,16,3,0,75,75108,AVENUE GEORGE V,48.866878,2.301414,Nuit avec éclairage allumé,En agglomération,Intersection en Y,Pluie légère,Deux véhicules - arrière,4,1, -1,-1,1,1,2,0,1,30,2,3,1,0,0,2,23.0,43.0,voiture,voiture,5,2,4,2,2
202400040278,2024-09-28 14:35:00,2024,9,28,14,35,75,75113,BOULEVARD ARAGO,48.834898,2.343458,Plein jour,En agglomération,Hors intersection,Normale,Deux véhicules - côté,4,2,4,1,2,1,1,0,5,30,2,2,1,0,0,1,59.0,49.0,deux_roues,deux_roues,1,2,1,1,3
202400040279,2024-06-16 00:30:00,2024,6,16,0,30,75,75104,RUE DE RIVOLI,48.85832094,2.34915823,Nuit avec éclairage allumé,En agglomération,Intersection en T,Pluie légère,Autre collision,4,2, -1,-1,1,1,2,0,1,30,1,2,1,0,0,1,,,voiture,,5,2,3,2,6
202400040279,2024-06-16 00:30:00,2024,6,16,0,30,75,75104,RUE DE RIVOLI,48.85832094,2.34915823,Nuit avec éclairage allumé,En agglomération,Intersection en T,Pluie légère,Autre collision,4,1,1,0,1,1,2,0,1,30,1,2,1,0,0,1,,,voiture,,5,2,3,2,6
202400040280,2024-09-29 18:25:00,2024,9,29,18,25,75,75112,ROUTE DE LA PYRAMIDE,48.83036,2.44987,Plein jour,En agglomération,Hors intersection,Normale,Deux véhicules - frontale,4,2,2,0,1,1,1,0,1,30,2,2,1,0,0,1,48.0,22.0,voiture,deux_roues,1,2,1,1,1
202400040281,2024-06-16 12:10:00,2024,6,16,12,10,94,94052,Grande Rue Charles de Gaulle / Boulevard de la Republique,48.8382,2.49183,Plein jour,En agglomération,Intersection en T,Pluie légère,Deux véhicules - arrière,4,2,2,0,1,1,2,0,1,-1,2,4,3,0,0,1,31.0,32.0,voiture,voiture,1,2,3,2,2
202400040281,2024-06-16 12:10:00,2024,6,16,12,10,94,94052,Grande Rue Charles de Gaulle / Boulevard de la Republique,48.8382,2.49183,Plein jour,En agglomération,Intersection en T,Pluie légère,Deux véhicules - arrière,4,2,2,0,1,1,2,0,1,50,2,4,3,0,0,1,31.0,32.0,voiture,voiture,1,2,3,2,2
202400040282,2024-09-29 16:00:00,2024,9,29,16,0,94,94004,Rue de Sucy,48.75566,2.52625,Plein jour,En agglomération,Hors intersection,Normale,Deux véhicules - côté,3,2,3,0,1,1,1,0,1,50,2,2,1,0,0,1,18.0,27.0,voiture,deux_roues,1,2,1,1,3
202400040283,2024-06-16 00:35:00,2024,6,16,0,35,94,94046,Rue Pierre et Marie Curie / Avenue du Général de Gaulle,48.81032,2.42372,Nuit avec éclairage allumé,En agglomération,Intersection en T,Normale,Deux véhicules - côté,3,2,4,1,1,1,1,0,1,-1,2,2,1,0,1,0,38.0,57.0,voiture,deux_roues,5,2,3,1,3
202400040283,2024-06-16 00:35:00,2024,6,16,0,35,94,94046,Rue Pierre et Marie Curie / Avenue du Général de Gaulle,48.81032,2.42372,Nuit avec éclairage allumé,En agglomération,Intersection en T,Normale,Deux véhicules - côté,3,3,2,0,1,1,1,0,1,50,2,2,1,0,1,0,38.0,57.0,voiture,deux_roues,5,2,3,1,3
202400040284,2024-09-28 23:05:00,2024,9,28,23,5,94,94002,Rue Emile Zola / Rue Paul Vaillant Couturier,48.79885,2.42342,Nuit avec éclairage allumé,En agglomération,Intersection en X,Normale,Deux véhicules - frontale,3,2,2,0,1,1,1,0,1,50,2,2,1,0,0,1,26.0,21.0,utilitaire_camion,deux_roues,5,2,2,1,1
202400040284,2024-09-28 23:05:00,2024,9,28,23,5,94,94002,Rue Emile Zola / Rue Paul Vaillant Couturier,48.79885,2.42342,Nuit avec éclairage allumé,En agglomération,Intersection en X,Normale,Deux véhicules - frontale,3,2,2,0,1,1,1,0,1,50,2,2,1,0,0,1,26.0,21.0,utilitaire_camion,deux_roues,5,2,2,1,1
202400040285,2024-06-16 11:15:00,2024,6,16,11,15,94,94081,Boulevard de Stalingrad / Rue Ludwig Van Beethoven,48.798375,2.38175118,Plein jour,En agglomération,Intersection en X,Pluie légère,Autre collision,3,3,4,0,1,1,2,9,1,50,1,2,1,0,0,1,59.0,,voiture,,1,2,2,2,6
202400040285,2024-06-16 11:15:00,2024,6,16,11,15,94,94081,Boulevard de Stalingrad / Rue Ludwig Van Beethoven,48.798375,2.38175118,Plein jour,En agglomération,Intersection en X,Pluie légère,Autre collision,3,2,2,0,1,1,2,0,1,-1,1,2,1,0,0,1,59.0,,voiture,,1,2,2,2,6
202400040286,2024-09-29 18:35:00,2024,9,29,18,35,93,93029,ROGER SALENGRO N° 02-92,48.91896797,2.43695413,Plein jour,En agglomération,Intersection en T,Normale,Deux véhicules - côté,4,1,#VALEURMULTI,0,1,1,1,0,1,50,2,2,1,0,0,1,35.0,25.0,deux_roues,voiture,1,2,3,1,3
202400040287,2024-09-29 04:30:00,2024,9,29,4,30,93,93010,AULNAY (ROUTE) COTE PAIRE DE 2 A FIN,48.90989525,2.48014497,Nuit avec éclairage allumé,En agglomération,Intersection en X,Normale,Deux véhicules - côté,4,1,1,0,1,1,1,5,1,50,2,2,1,0,0,1,49.0,,voiture,voiture,5,2,2,1,3
202400040287,2024-09-29 04:30:00,2024,9,29,4,30,93,93010,AULNAY (ROUTE) COTE PAIRE DE 2 A FIN,48.90989525,2.48014497,Nuit avec éclairage allumé,En agglomération,Intersection en X,Normale,Deux véhicules - côté,4,2,2,0,1,1,1,5,1,50,2,2,1,0,0,1,49.0,,voiture,voiture,5,2,2,1,3
202400040288,2024-06-16 10:30:00,2024,6,16,10,30,93,93073,Avenue Henri Barbusse / Rue Claude Debussy,48.95872,2.57285,Plein jour,En agglomération,Intersection en T,Pluie légère,Deux véhicules - côté,4,2,2,0,1,1,2,0,1,50,2,4,2,0,0,2,46.0,32.0,voiture,utilitaire_camion,1,2,3,2,3
202400040288,2024-06-16 10:30:00,2024,6,16,10,30,93,93073,Avenue Henri Barbusse / Rue Claude Debussy,48.95872,2.57285,Plein jour,En agglomération,Intersection en T,Pluie légère,Deux véhicules - côté,4,1,1,0,1,1,2,0,1,500,2,4,2,0,0,2,46.0,32.0,voiture,utilitaire_camion,1,2,3,2,3
202400040289,2024-09-29 17:30:00,2024,9,29,17,30,93,93001,WALDECK ROCHET (RUE),48.91274,2.3678,Plein jour,En agglomération,Intersection en X,Normale,Deux véhicules - frontale,4,-1,2,0,1,1,1,0,1,50,2,2,1,0,0,1,47.0,24.0,voiture,deux_roues,1,2,2,1,1
202400040290,2024-06-15 10:30:00,2024,6,15,10,30,93,93008,Avenue Paul Vaillant-Couturier / A86,48.9098,2.4445,Plein jour,En agglomération,Intersection en Y,Normale,Trois véhicules et plus - en chaîne,1,1,2,0,1,1,1,3,1,50,5,7,4,0,0,3,34.0,36.0,voiture,voiture,1,2,4,1,4
202400040290,2024-06-15 10:30:00,2024,6,15,10,30,93,93008,Avenue Paul Vaillant-Couturier / A86,48.9098,2.4445,Plein jour,En agglomération,Intersection en Y,Normale,Trois véhicules et plus - en chaîne,1,1,2,0,2,1,1,3,1,-1,5,7,4,0,0,3,34.0,36.0,voiture,voiture,1,2,4,1,4
202400040291,2024-09-29 18:45:00,2024,9,29,18,45,92,92073,PONT DE SURESNES,48.86704997,2.22877711,Crépuscule ou aube,En agglomération,Hors intersection,Normale,Trois véhicules et plus - en chaîne,3,-1,0,0,2,1,1,0,1,50,3,4,1,0,0,3,44.0,37.0,voiture,voiture,2,2,1,1,4
202400040292,2024-09-29 20:50:00,2024,9,29,20,50,92,92050,FOCH MARECHAL PLACE DU,48.88839188,2.19408285,Nuit avec éclairage allumé,En agglomération,Place,Pluie légère,Deux véhicules - arrière,3,1,4,0,1,1,2,0,1,50,2,4,3,0,0,1,24.0,41.0,deux_roues,voiture,5,2,7,2,2
202400040293,2024-06-16 09:55:00,2024,6,16,9,55,92,92051,"CHARLES DE GAULLE (AVENUE, N°27 A 129)",48.87997,2.27643,Plein jour,En agglomération,Hors intersection,Pluie légère,Trois véhicules et plus - en chaîne,4,1,3,0,1,1,2,0,1,50,3,6,3,0,0,3,38.0,30.0,voiture,utilitaire_camion,1,2,1,2,4
202400040294,2024-06-16 16:20:00,2024,6,16,16,20,92,92020,VERDUN AVENUE DE AUTRES N°,48.80162846,2.28478718,Plein jour,En agglomération,Hors intersection,Pluie légère,Autre collision,3,1,2,2,2,1,2,0,1,50,1,2,1,0,0,1,30.0,,deux_roues,,1,2,1,2,6
202400040295,2024-06-16 22:55:00,2024,6,16,22,55,72,72226,Lieu Dit la Piece de l?Air,47.79935736,0.09178278,Nuit sans éclairage public,Hors agglomération,Hors intersection,Pluie légère,Autre collision,3,2,2,0,1,1,2,0,1,90,1,1,0,0,1,0,25.0,,voiture,,3,1,1,2,6
202400040296,2024-09-29 17:23:00,2024,9,29,17,23,92,92024,ASNIERES (PONT D'),48.90343,2.28967,Plein jour,En agglomération,Giratoire,Normale,Deux véhicules - arrière,3,2,1,0,1,1,1,9,1,30,2,2,1,0,0,1,36.0,32.0,utilitaire_camion,deux_roues,1,2,6,1,2
202400040296,2024-09-29 17:23:00,2024,9,29,17,23,92,92024,ASNIERES (PONT D'),48.90343,2.28967,Plein jour,En agglomération,Giratoire,Normale,Deux véhicules - arrière,3,2,2,0,1,1,1,0,1,50,2,2,1,0,0,1,36.0,32.0,utilitaire_camion,deux_roues,1,2,6,1,2
202400040296,2024-09-29 17:23:00,2024,9,29,17,23,92,92024,ASNIERES (PONT D'),48.90343,2.28967,Plein jour,En agglomération,Giratoire,Normale,Deux véhicules - arrière,3,2,4,0,2,1,1,5,1,30,2,2,1,0,0,1,36.0,32.0,utilitaire_camion,deux_roues,1,2,6,1,2
202400040297,2024-09-27 23:39:00,2024,9,27,23,39,95,95353,A16,49.088951,2.311072,Nuit sans éclairage public,Hors agglomération,Hors intersection,Pluie légère,Deux véhicules - arrière,1,2,2,0,1,1,2,0,1,100,2,2,1,0,1,0,45.0,34.0,voiture,utilitaire_camion,3,1,1,2,2
202400040298,2024-06-17 11:50:00,2024,6,17,11,50,63,63425,Giratoire carrefour RD96-rue des 9 fontaines/rue des Forts,45.66782,3.12376,Plein jour,En agglomération,Giratoire,Normale,Deux véhicules - côté,3,2,2,0,4,3,2,5,1,50,2,3,2,0,0,1,50.0,63.0,voiture,deux_roues,1,2,6,1,3
202400040298,2024-06-17 11:50:00,2024,6,17,11,50,63,63425,Giratoire carrefour RD96-rue des 9 fontaines/rue des Forts,45.66782,3.12376,Plein jour,En agglomération,Giratoire,Normale,Deux véhicules - côté,3,1,1,-1,1,2,2,5,1,50,2,3,2,0,0,1,50.0,63.0,voiture,deux_roues,1,2,6,1,3
202400040299,2024-09-26 10:36:00,2024,9,26,10,36,2A,2A211,Penta Mezzana,41.764714,8.946186,Plein jour,Hors agglomération,Hors intersection,Normale,Sans collision,2,2,2,0,2,3,1,0,3,80,1,1,0,0,1,0,36.0,,utilitaire_camion,,1,1,1,1,7
202400040300,2024-06-16 17:15:00,2024,6,16,17,15,63,63396,Rue du Vigna,45.67427265,3.08130562,Plein jour,En agglomération,Hors intersection,Normale,Sans collision,3,2,2,0,2,2,1,0,1,50,1,1,0,0,1,0,61.0,,deux_roues,,1,2,1,1,7
202400040301,2024-09-22 00:01:00,2024,9,22,0,1,31,31169,avenue de toulouse,43.5183071,1.546133,Nuit sans éclairage public,En agglomération,Hors intersection,Normale,Autre collision,3,1,2,0,1,1,1,8,1,50,1,1,0,0,1,0,19.0,,deux_roues,,3,2,1,1,6
202400040302,2024-06-13 08:00:00,2024,6,13,8,0,95,95480,D4,49.11436297,2.20947409,Plein jour,En agglomération,Hors intersection,Normale,Deux véhicules - côté,3,2,2,2,1,1,1,0,8,50,2,2,1,0,0,1,15.0,19.0,deux_roues,voiture,1,2,1,1,3
202400040303,2024-09-26 15:15:00,2024,9,26,15,15,81,81299,Route de Viterbe,43.66217184,1.93214321,Plein jour,Hors agglomération,Hors intersection,Normale,Autre collision,3,2,2,0,1,1,1,0,3,80,1,2,0,0,2,0,24.0,,utilitaire_camion,,1,1,1,1,6
202400040304,2024-09-29 12:20:00,2024,9,29,12,20,62,62706,D166,50.578952,2.738919,Plein jour,En agglomération,Hors intersection,Normale,Autre collision,3,2,2,0,1,1,1,0,1,50,1,2,1,0,0,1,53.0,,voiture,,1,2,1,1,6
202400040305,2024-06-15 16:15:00,2024,6,15,16,15,77,77047,A4,48.881369,2.887688,Plein jour,Hors agglomération,Hors intersection,Temps couvert,Deux véhicules - arrière,1,3,2,0,1,1,1,3,1,130,2,5,1,0,0,4,39.0,38.0,voiture,voiture,1,1,1,8,2
202400040306,2024-12-10 16:00:00,2024,12,10,16,0,93,93029,PAUL VAILLANT COUTURIER (BD),48.92226,2.44777,Plein jour,En agglomération,Hors intersection,Temps couvert,Deux véhicules - côté,3,3,4,0,1,1,2,0,1,50,2,3,2,0,0,1,58.0,43.0,voiture,deux_roues,1,2,1,8,3
202400040307,2024-09-29 14:35:00,2024,9,29,14,35,54,54067,D643,49.43265,5.675914,Plein jour,Hors agglomération,Hors intersection,Normale,Autre collision,3,-1,2,0,2,2,1,0,8,80,1,1,0,0,1,0,60.0,,voiture,,1,1,1,1,6
202400040308,2024-06-17 16:45:00,2024,6,17,16,45,23,23247,N145,46.214467,1.735969,Plein jour,Hors agglomération,Hors intersection,Normale,Deux véhicules - arrière,2,3,2,0,1,1,1,0,2,110,2,2,1,0,1,0,45.0,60.0,utilitaire_camion,utilitaire_camion,1,1,1,1,2
202400040309,2024-12-10 17:47:00,2024,12,10,17,47,92,92078,GALLIENI (BD) (153 ET 225),48.92795,2.33113,Nuit avec éclairage allumé,Hors agglomération,Hors intersection,Pluie légère,Autre collision,3,2,2,0,1,1,2,0,1,50,1,2,0,0,0,2,13.0,,deux_roues,,5,1,1,2,6
202400040310,2024-12-08 18:25:00,2024,12,8,18,25,92,92078,GALLIENI (BD) (1 A 79 ET 22 A 102),48.92501814,2.32557222,Nuit avec éclairage allumé,En agglomération,Hors intersection,Pluie légère,Autre collision,3,1,2,0,1,3,2,5,1,50,1,2,1,0,0,1,23.0,,voiture,,5,2,1,2,6
202400040311,2024-06-17 10:05:00,2024,6,17,10,5,12,12157,D888,44.399418,2.745509,Plein jour,Hors agglomération,Hors intersection,Normale,Deux véhicules - frontale,3,2,2,0,1,1,1,0,1,80,2,3,1,0,1,1,60.0,32.0,utilitaire_camion,voiture,1,1,1,1,1
202400040312,2024-09-29 14:40:00,2024,9,29,14,40,68,68032,Route Départementale 51,47.834419,7.222459,Plein jour,Hors agglomération,Intersection en T,Normale,Deux véhicules - côté,3,2,2,0,1,1,1,0,1,90,2,4,2,0,0,2,74.0,22.0,voiture,voiture,1,1,3,1,3
202400040312,2024-09-29 14:40:00,2024,9,29,14,40,68,68032,Route Départementale 51,47.834419,7.222459,Plein jour,Hors agglomération,Intersection en T,Normale,Deux véhicules - côté,3,1,1,-1,1,1,1,3,1,-1,2,4,2,0,0,2,74.0,22.0,voiture,voiture,1,1,3,1,3
202400040313,2024-12-10 08:45:00,2024,12,10,8,45,92,92064,PASTEUR,48.84188999,2.203026,Crépuscule ou aube,En agglomération,Hors intersection,Temps couvert,Autre collision,4,2,2,0,1,1,1,0,1,50,1,3,2,0,0,1,51.0,,deux_roues,,2,2,1,8,6
202400040314,2024-06-16 16:25:00,2024,6,16,16,25,22,22093,RN 12 PR 41 SENS BREST RENNES,48.470766,-2.554429,Plein jour,Hors agglomération,Hors intersection,Normale,Autre collision,2,3,2,0,1,1,1,0,3,110,1,2,0,0,0,2,53.0,,voiture,,1,1,1,1,6
202400040315,2024-09-29 18:50:00,2024,9,29,18,50,36,36200,,46.61074888,1.51769511,Plein jour,Hors agglomération,Hors intersection,Normale,Autre collision,1,3,4,0,1,2,1,0,8,130,1,1,0,0,1,0,34.0,,voiture,,1,1,1,1,6
202400040316,2024-11-27 18:10:00,2024,11,27,18,10,92,92063,FOUILLEUSE (AVENUE DE),48.86254428,2.19486706,Nuit avec éclairage allumé,En agglomération,Hors intersection,Normale,Autre collision,4,2,2,0,1,1,1,0,1,50,1,2,1,0,0,1,28.0,,voiture,,5,2,1,1,6
202400040317,2024-12-09 18:30:00,2024,12,9,18,30,92,92050,FUSILLES DE LA RESISTANCE RUE DES,48.88022804,2.21966051,Nuit avec éclairage allumé,En agglomération,Autre intersection,Pluie légère,Trois véhicules et plus - en chaîne,3,2,0,0,2,1,2,9,1,50,3,4,2,0,0,2,88.0,49.0,utilitaire_camion,utilitaire_camion,5,2,9,2,4
202400040318,2024-06-16 06:57:00,2024,6,16,6,57,30,30290,D256,44.26761,4.600439,Plein jour,Hors agglomération,Hors intersection,Normale,Sans collision,3,2,2,0,1,1,1,0,3,80,1,2,1,0,1,0,24.0,,voiture,,1,1,1,1,7
202400040319,2024-09-29 20:35:00,2024,9,29,20,35,30,30221,D6580,44.017856,4.741352,Nuit sans éclairage public,Hors agglomération,Hors intersection,Normale,Deux véhicules - frontale,3,2,2,0,1,2,1,0,1,80,2,2,0,0,2,0,35.0,23.0,voiture,voiture,3,1,1,1,1
202400040320,2024-12-09 08:20:00,2024,12,9,8,20,92,92044,BAUDIN (RUE) 1A25 ET 2A34,48.89537833,2.27896415,Crépuscule ou aube,En agglomération,Intersection en X,Pluie légère,Autre collision,4,1,1,0,1,1,2,0,1,50,1,2,1,0,0,1,45.0,,voiture,,2,2,2,2,6
202400040320,2024-12-09 08:20:00,2024,12,9,8,20,92,92044,BAUDIN (RUE) 1A25 ET 2A34,48.89537833,2.27896415,Crépuscule ou aube,En agglomération,Intersection en X,Pluie légère,Autre collision,4,1,1,1,1,1,2,0,1,50,1,2,1,0,0,1,45.0,,voiture,,2,2,2,2,6
202400040321,2024-09-30 16:10:00,2024,9,30,16,10,22,22053,La Ville Bedel,48.277463,-2.360945,Plein jour,Hors agglomération,Hors intersection,Temps couvert,Autre collision,3,2,2,0,2,2,1,0,3,80,1,1,0,0,0,1,37.0,,utilitaire_camion,,1,1,1,8,6
202400040322,2024-12-10 17:20:00,2024,12,10,17,20,92,92040,PDT ROOSEVELT (QUAI DU),48.82970324,2.26081453,Nuit avec éclairage allumé,En agglomération,Intersection en X,Pluie légère,Deux véhicules - frontale,3,3,1,0,2,1,2,2,1,50,2,2,1,0,0,1,48.0,41.0,voiture,deux_roues,5,2,2,2,1
202400040322,2024-12-10 17:20:00,2024,12,10,17,20,92,92040,PDT ROOSEVELT (QUAI DU),48.82970324,2.26081453,Nuit avec éclairage allumé,En agglomération,Intersection en X,Pluie légère,Deux véhicules - frontale,3,-1,1,0,2,1,2,0,1,50,2,2,1,0,0,1,48.0,41.0,voiture,deux_roues,5,2,2,2,1
202400040323,2024-09-26 22:10:00,2024,9,26,22,10,51,51488,D951,49.107567,3.982949,Nuit sans éclairage public,Hors agglomération,Giratoire,Pluie légère,Autre collision,3,2,2,0,1,2,2,0,3,90,1,1,0,0,1,0,59.0,,voiture,,3,1,6,2,6
202400040324,2024-06-17 07:50:00,2024,6,17,7,50,44,44087,42 Rue  marcel brunelière,46.983107,-1.810735,Plein jour,En agglomération,Hors intersection,Pluie légère,Trois véhicules et plus - collisions multiples,4,2,2,0,1,3,2,0,1,50,4,8,5,0,0,3,50.0,67.0,voiture,transport_commun,1,2,1,2,5
202400040325,2024-12-10 18:30:00,2024,12,10,18,30,92,92026,VERDUN (DE 62 A FIN),48.90109706,2.26021738,Nuit avec éclairage allumé,En agglomération,Hors intersection,Normale,Sans collision,4,2,4,0,1,1,1,0,1,30,1,1,0,0,0,1,55.0,,deux_roues,,5,2,1,1,7
202400040326,2024-09-27 19:30:00,2024,9,27,19,30,59,59261,Rue de la Minière,50.038637,4.057426,Crépuscule ou aube,En agglomération,Hors intersection,Pluie forte,Deux véhicules - frontale,3,2,2,0,1,3,2,0,1,50,2,2,1,0,1,0,49.0,44.0,voiture,deux_roues,2,2,1,3,1
202400040327,2024-12-10 07:20:00,2024,12,10,7,20,92,92023,PORTE DE TRIVAUX (RUE DE) N°57 A 197 ET,48.79110895,2.260167,Nuit avec éclairage allumé,En agglomération,Autre intersection,Brouillard / fumée,Deux véhicules - côté,4,-1,1,0,1,1,2,0,1,30,2,2,1,0,0,1,37.0,60.0,utilitaire_camion,deux_roues,5,2,9,5,3
202400040328,2024-06-17 07:40:00,2024,6,17,7,40,41,41228,Rue de Planchebrault,47.769474,0.916361,Plein jour,Hors agglomération,Hors intersection,Temps couvert,Deux véhicules - frontale,3,2,2,0,2,2,2,9,1,80,2,2,1,0,1,0,45.0,60.0,utilitaire_camion,voiture,1,1,1,8,1
202400040329,2024-12-09 17:40:00,2024,12,9,17,40,92,92012,EDOUARD VAILLANT (AVENUE) 57/FIN - 58/FI,48.83499769,2.24781543,Nuit avec éclairage allumé,En agglomération,Hors intersection,Pluie légère,Sans collision,3,3,4,0,1,1,2,0,1,50,1,1,0,0,0,1,45.0,,deux_roues,,5,2,1,2,7
202400040330,2024-09-29 14:00:00,2024,9,29,14,0,59,59647,Rue de la Montagne,50.831041,2.217371,Plein jour,Hors agglomération,Hors intersection,Normale,Deux véhicules - frontale,3,2,2,0,1,3,1,0,1,80,2,3,2,0,1,0,20.0,31.0,voiture,voiture,1,1,1,1,1
202400040331,2024-06-17 18:45:00,2024,6,17,18,45,51,51092,D39,48.75836341,3.761327,Plein jour,Hors agglomération,Hors intersection,Normale,Autre collision,3,2,2,0,1,1,1,0,3,70,1,2,1,0,0,1,47.0,,voiture,,1,1,1,1,6
202400040332,2024-11-28 13:30:00,2024,11,28,13,30,92,92009,PASTEUR  ( RUE ),48.90872,2.26546,Plein jour,En agglomération,Intersection en T,Normale,Autre collision,4,2,2,0,1,1,1,0,1,50,1,2,1,0,0,1,35.0,,voiture,,1,2,3,1,6
202400040332,2024-11-28 13:30:00,2024,11,28,13,30,92,92009,PASTEUR  ( RUE ),48.90872,2.26546,Plein jour,En agglomération,Intersection en T,Normale,Autre collision,4,2,2,0,1,1,1,0,1,30,1,2,1,0,0,1,35.0,,voiture,,1,2,3,1,6
202400040333,2024-06-11 21:25:00,2024,6,11,21,25,59,59631,Rue Faidherbe,50.069446,3.335643,Plein jour,En agglomération,Autre intersection,Normale,Sans collision,3,2,2,0,1,3,1,5,1,50,2,2,1,0,1,0,32.0,28.0,deux_roues,voiture,1,2,9,1,7
202400040334,2024-11-24 22:40:00,2024,11,24,22,40,92,92004,GRANDE RUE CHARLES DE GAULLE,48.90725799,2.28589006,Nuit avec éclairage allumé,En agglomération,Intersection en T,Normale,Deux véhicules - côté,3,2,2,0,1,1,1,0,1,50,2,2,1,0,0,1,,50.0,deux_roues,deux_roues,5,2,3,1,3
202400040334,2024-11-24 22:40:00,2024,11,24,22,40,92,92004,GRANDE RUE CHARLES DE GAULLE,48.90725799,2.28589006,Nuit avec éclairage allumé,En agglomération,Intersection en T,Normale,Deux véhicules - côté,3,1,1,0,1,1,1,0,1,30,2,2,1,0,0,1,,50.0,deux_roues,deux_roues,5,2,3,1,3
202400040335,2024-09-28 12:35:00,2024,9,28,12,35,76,76619,Route du Viaduc,49.993174,1.354322,Plein jour,Hors agglomération,Intersection en X,Normale,Deux véhicules - côté,3,2,2,0,1,1,1,0,1,80,2,6,5,0,1,0,62.0,47.0,voiture,voiture,1,1,2,1,3