accident_id,datetime,annee,mois,jour,heure,minute,departement,commune_insee,adresse,latitude,longitude,luminosite,agglomeration,intersection,meteo,collision,catr,circ,nbv,vosp,prof,plan,surf,infra,situ,vma,nb_vehicules,nb_usagers,nb_indemnes,nb_tues,nb_blesses_hosp,nb_blesses_legers,age_cond_1,age_cond_2,veh_type_cond_1,veh_type_cond_2,lum_code,agg_code,int_code,atm_code,col_code
202400040335,2024-09-28 12:35:00,2024,9,28,12,35,76,76619,Route du Viaduc,49.993174,1.354322,Plein jour,Hors agglomération,Intersection en X,Normale,Deux véhicules - côté,3,2,2,0,4,1,1,0,1,70,2,6,5,0,1,0,62.0,47.0,voiture,voiture,1,1,2,1,3
202400040336,2024-06-16 12:00:00,2024,6,16,12,0,19,19091,la broue,45.08697495,1.96867852,Plein jour,Hors agglomération,Hors intersection,Normale,Sans collision,3,2,2,0,2,3,1,0,1,90,1,1,0,0,0,1,63.0,,deux_roues,,1,1,1,1,7
202400040337,2024-12-11 17:40:00,2024,12,11,17,40,22,22116,CD 712,48.536357,-3.044908,Crépuscule ou aube,Hors agglomération,Intersection en T,Normale,Deux véhicules - côté,3,2,2,0,1,1,1,5,1,80,2,2,1,0,1,0,52.0,22.0,voiture,voiture,2,1,3,1,3
202400040337,2024-12-11 17:40:00,2024,12,11,17,40,22,22116,CD 712,48.536357,-3.044908,Crépuscule ou aube,Hors agglomération,Intersection en T,Normale,Deux véhicules - côté,3,2,2,0,1,1,1,0,8,80,2,2,1,0,1,0,52.0,22.0,voiture,voiture,2,1,3,1,3
202400040338,2024-06-08 09:45:00,2024,6,8,9,45,2B,2B281,Poraja,42.813206,9.464239,Plein jour,Hors agglomération,Hors intersection,Normale,Deux véhicules - arrière,3,2,2,0,1,1,1,0,1,80,2,2,1,0,1,0,40.0,57.0,deux_roues,voiture,1,1,1,1,2
202400040339,2024-12-11 07:12:00,2024,12,11,7,12,33,33081,,44.636798,-0.321736,Crépuscule ou aube,En agglomération,Giratoire,Normale,Deux véhicules - côté,3,2,2,0,1,2,1,5,1,30,2,2,1,0,0,1,16.0,50.0,deux_roues,voiture,2,2,6,1,3
202400040340,2024-09-29 13:40:00,2024,9,29,13,40,12,12223,D921,44.764942,2.88287,Plein jour,Hors agglomération,Intersection en T,Normale,Deux véhicules - côté,3,2,2,0,1,1,1,0,1,90,2,5,4,0,1,0,27.0,24.0,voiture,utilitaire_camion,1,1,3,1,3
202400040340,2024-09-29 13:40:00,2024,9,29,13,40,12,12223,D921,44.764942,2.88287,Plein jour,Hors agglomération,Intersection en T,Normale,Deux véhicules - côté,3,2,2,0,1,1,1,0,1,90,2,5,4,0,1,0,27.0,24.0,voiture,utilitaire_camion,1,1,3,1,3
202400040341,2024-06-16 14:45:00,2024,6,16,14,45,82,82026,1223 Route de Gaillac,44.045945,1.673849,Plein jour,Hors agglomération,Hors intersection,Normale,Sans collision,3,2,2,0,2,3,9,0,1,70,1,2,1,0,0,1,66.0,,deux_roues,,1,1,1,1,7
202400040342,2024-12-11 00:30:00,2024,12,11,0,30,974,97422,Rue des Poinsetias,-21.244087,55.527273,Nuit avec éclairage non allumé,En agglomération,Hors intersection,Normale,Autre collision,2,2,2,0,2,3,1,0,1,-1,1,3,2,1,0,0,25.0,,voiture,,4,2,1,1,6
202400040343,2024-06-16 16:46:00,2024,6,16,16,46,65,65025,ROUTE DEPARTEMENTALE 821A,43.009778,-0.085809,Plein jour,Hors agglomération,Hors intersection,Normale,Deux véhicules - frontale,3,2,2,0,1,1,1,0,1,80,2,2,0,0,0,2,40.0,38.0,voiture,utilitaire_camion,1,1,1,1,1
202400040344,2024-09-29 21:00:00,2024,9,29,21,0,86,86075,D18,46.786198,0.125555,Nuit sans éclairage public,Hors agglomération,Hors intersection,Normale,Trois véhicules et plus - collisions multiples,3,2,2,0,1,1,1,0,1,80,3,4,1,0,2,1,79.0,22.0,voiture,voiture,3,1,1,1,5
202400040345,2024-12-11 12:12:00,2024,12,11,12,12,11,11203,,43.191002,2.75465,Plein jour,En agglomération,Hors intersection,Temps couvert,Deux véhicules - côté,3,2,2,0,1,1,2,0,1,50,2,2,1,0,1,0,57.0,28.0,deux_roues,voiture,1,2,1,8,3
202400040346,2024-12-10 17:00:00,2024,12,10,17,0,34,34077,380 Avenue Georges Freche,43.652461,3.894873,Crépuscule ou aube,En agglomération,Hors intersection,Normale,Sans collision,4,2,2,0,1,1,1,0,1,50,1,1,0,0,1,0,16.0,,deux_roues,,2,2,1,1,7
202400040347,2024-06-16 18:40:00,2024,6,16,18,40,81,81305,Route de Lacaune,43.699038,2.432495,Plein jour,Hors agglomération,Hors intersection,Normale,Sans collision,3,2,2,0,2,1,1,0,1,80,1,1,0,0,1,0,61.0,,deux_roues,,1,1,1,1,7
202400040348,2024-09-29 11:30:00,2024,9,29,11,30,22,22245,Le Loc'H,48.629111,-3.357938,Plein jour,Hors agglomération,Intersection en X,Normale,Deux véhicules - côté,3,2,2,0,1,1,9,0,1,50,2,2,1,0,1,0,50.0,78.0,deux_roues,voiture,1,1,2,1,3
202400040348,2024-09-29 11:30:00,2024,9,29,11,30,22,22245,Le Loc'H,48.629111,-3.357938,Plein jour,Hors agglomération,Intersection en X,Normale,Deux véhicules - côté,3,2,2,0,2,1,1,0,1,50,2,2,1,0,1,0,50.0,78.0,deux_roues,voiture,1,1,2,1,3
202400040349,2024-06-16 23:30:00,2024,6,16,23,30,11,11302,Route départementale 117,42.813505,2.326612,Nuit sans éclairage public,Hors agglomération,Hors intersection,Normale,Autre collision,3,2,2,0,1,3,1,0,3,80,1,1,0,0,1,0,32.0,,voiture,,3,1,1,1,6
202400040350,2024-12-11 08:45:00,2024,12,11,8,45,24,24030,A89,45.16343825,1.22687563,Plein jour,Hors agglomération,Hors intersection,Normale,Deux véhicules - arrière,1,3,2,0,3,3,1,0,1,130,2,3,1,0,0,2,44.0,49.0,voiture,voiture,1,1,1,1,2
202400040351,2024-12-10 18:50:00,2024,12,10,18,50,82,82117,Lieu Dit Las Brugues,44.336787,0.963181,Nuit sans éclairage public,Hors agglomération,Hors intersection,Normale,Sans collision,3,2,2,0,2,2,2,0,3,80,1,1,0,0,0,1,42.0,,voiture,,3,1,1,1,7
202400040352,2024-06-17 12:19:00,2024,6,17,12,19,71,71014,Route d'Arnay,46.960423,4.304988,Plein jour,En agglomération,Autre intersection,Pluie légère,Deux véhicules - côté,3,2,1,0,1,3,2,0,1,50,2,2,1,0,1,0,19.0,53.0,deux_roues,utilitaire_camion,1,2,9,2,3
202400040352,2024-06-17 12:19:00,2024,6,17,12,19,71,71014,Route d'Arnay,46.960423,4.304988,Plein jour,En agglomération,Autre intersection,Pluie légère,Deux véhicules - côté,3,-1,1,0,1,1,2,0,8,-1,2,2,1,0,1,0,19.0,53.0,deux_roues,utilitaire_camion,1,2,9,2,3
202400040353,2024-12-11 18:30:00,2024,12,11,18,30,65,65401,intersection D8 et D16,43.182176,0.102088,Nuit avec éclairage allumé,En agglomération,Intersection en X,Normale,Deux véhicules - côté,3,2,2,0,1,1,1,0,1,50,2,3,1,0,2,0,67.0,16.0,voiture,deux_roues,5,2,2,1,3
202400040353,2024-12-11 18:30:00,2024,12,11,18,30,65,65401,intersection D8 et D16,43.182176,0.102088,Nuit avec éclairage allumé,En agglomération,Intersection en X,Normale,Deux véhicules - côté,3,2, -1,-1,1,1,1,0,1,50,2,3,1,0,2,0,67.0,16.0,voiture,deux_roues,5,2,2,1,3
202400040354,2024-06-17 12:20:00,2024,6,17,12,20,63,63430,,45.83933303,3.50203961,Plein jour,En agglomération,Hors intersection,Normale,Autre collision,3,2,2,0,1,1,1,0,1,50,1,2,1,0,1,0,48.0,,voiture,,1,2,1,1,6
202400040355,2024-12-11 15:44:00,2024,12,11,15,44,65,65366,D940,43.110054,-0.070488,Crépuscule ou aube,Hors agglomération,Hors intersection,Pluie légère,Deux véhicules - frontale,3,2,2,0,2,2,2,0,1,80,2,2,0,0,1,1,23.0,19.0,voiture,voiture,2,1,1,2,1
202400040356,2024-09-27 17:50:00,2024,9,27,17,50,29,29216,Chemin / Hent Kernaveno,47.99327625,-4.2294841,Plein jour,Hors agglomération,Intersection en X,Normale,Deux véhicules - arrière,3,2,2,0,1,1,1,0,1,80,2,3,1,0,0,2,33.0,23.0,voiture,voiture,1,1,2,1,2
202400040356,2024-09-27 17:50:00,2024,9,27,17,50,29,29216,Chemin / Hent Kernaveno,47.99327625,-4.2294841,Plein jour,Hors agglomération,Intersection en X,Normale,Deux véhicules - arrière,3,2,2,0,1,1,1,0,1,80,2,3,1,0,0,2,33.0,23.0,voiture,voiture,1,1,2,1,2
202400040357,2024-12-10 15:15:00,2024,12,10,15,15,81,81114,Chemin du Pouzabis,44.025035,2.126144,Plein jour,Hors agglomération,Hors intersection,Normale,Deux véhicules - arrière,4,2,2,0,1,1,1,0,1,80,2,2,1,0,1,0,87.0,58.0,voiture,utilitaire_camion,1,1,1,1,2
202400040358,2024-06-16 16:15:00,2024,6,16,16,15,63,63332,route du puy de dome,45.993921,3.282552,Plein jour,Hors agglomération,Hors intersection,Normale,Autre collision,3,2,2,0,1,1,1,0,3,90,1,2,0,0,2,0,60.0,,voiture,,1,1,1,1,6
202400040359,2024-09-27 06:45:00,2024,9,27,6,45,01,01036,route d'hauteville,45.866988,5.66298,Crépuscule ou aube,Hors agglomération,Hors intersection,Pluie légère,Deux véhicules - frontale,3,2,2,0,2,4,2,0,1,80,2,2,1,0,0,1,37.0,44.0,voiture,voiture,2,1,1,2,1
202400040360,2024-12-11 08:30:00,2024,12,11,8,30,55,55286,Voie Sacree,49.058486,5.287836,Plein jour,Hors agglomération,Hors intersection,Normale,Deux véhicules - frontale,3,2,2,0,4,1,1,0,1,90,2,3,0,1,0,2,57.0,62.0,voiture,utilitaire_camion,1,1,1,1,1
202400040361,2024-09-29 20:22:00,2024,9,29,20,22,70,70530,cd 9,47.541165,6.548238,Nuit sans éclairage public,Hors agglomération,Hors intersection,Normale,Autre collision,3,2,2,0,1,1,1,0,1,90,1,1,0,0,0,1,59.0,,deux_roues,,3,1,1,1,6
202400040362,2024-06-16 20:30:00,2024,6,16,20,30,39,39477,,46.978827,5.433722,Plein jour,En agglomération,Hors intersection,Temps couvert,Deux véhicules - frontale,4,2,2,0,2,2,1,0,1,80,2,2,1,0,1,0,63.0,15.0,voiture,deux_roues,1,2,1,8,1
202400040363,2024-12-11 12:30:00,2024,12,11,12,30,46,46194,route des cent écus,44.80320713,1.35116816,Plein jour,Hors agglomération,Intersection en X,Normale,Deux véhicules - côté,3,2,2,0,1,1,1,0,1,80,2,4,3,0,1,0,55.0,49.0,voiture,voiture,1,1,2,1,3
202400040363,2024-12-11 12:30:00,2024,12,11,12,30,46,46194,route des cent écus,44.80320713,1.35116816,Plein jour,Hors agglomération,Intersection en X,Normale,Deux véhicules - côté,3,2,2,0,1,1,1,0,1,90,2,4,3,0,1,0,55.0,49.0,voiture,voiture,1,1,2,1,3
202400040364,2024-09-03 09:39:00,2024,9,3,9,39,26,26083,Route de Mantailles,45.2568,4.947375,Plein jour,Hors agglomération,Hors intersection,Normale,Deux véhicules - frontale,3,2,2,0,2,1,1,0,1,80,2,3,2,0,1,0,32.0,64.0,voiture,voiture,1,1,1,1,1
202400040365,2024-06-16 05:45:00,2024,6,16,5,45,25,25240,les Lavottes,47.089315,6.63343,Nuit sans éclairage public,En agglomération,Hors intersection,Normale,Deux véhicules - frontale,3,-1,2,0,3,3,1,0,1,50,2,2,1,0,1,0,26.0,66.0,voiture,voiture,3,2,1,1,1
202400040366,2024-11-20 18:45:00,2024,11,20,18,45,47,47188,Au Cournut,44.548246,0.461383,Nuit sans éclairage public,Hors agglomération,Hors intersection,Pluie légère,Autre collision,3,2,2,0,2,1,2,0,1,80,2,5,3,0,1,1,61.0,75.0,utilitaire_camion,voiture,3,1,1,2,6
202400040367,2024-09-28 13:10:00,2024,9,28,13,10,06,06020,M70 PR 0 + 265,43.990763,7.323085,Plein jour,En agglomération,Hors intersection,Normale,Deux véhicules - frontale,7,2,2,0,2,2,1,0,1,50,2,3,2,0,0,1,56.0,26.0,voiture,deux_roues,1,2,1,1,1
202400040368,2024-12-11 08:00:00,2024,12,11,8,0,44,44161,Route de Quilly,47.5128385,-2.0384698,Crépuscule ou aube,En agglomération,Hors intersection,Temps couvert,Deux véhicules - côté,3,2,2,0,2,3,2,0,1,50,2,2,1,0,1,0,29.0,14.0,voiture,deux_roues,2,2,1,8,3
202400040369,2024-06-15 12:38:00,2024,6,15,12,38,31,31126,Route d'Encausse,43.70601069,1.07855514,Plein jour,Hors agglomération,Hors intersection,Normale,Autre collision,3,2,2,0,2,2,1,0,3,80,1,2,0,0,2,0,32.0,,voiture,,1,1,1,1,6
202400040370,2024-09-26 14:10:00,2024,9,26,14,10,06,06103,"Route M2565, quartier gordolon",43.998904,7.315183,Plein jour,En agglomération,Hors intersection,Pluie légère,Deux véhicules - frontale,7,2,2,0,1,1,2,0,1,-1,2,3,1,0,1,1,80.0,59.0,voiture,voiture,1,2,1,2,1
202400040371,2024-12-10 09:51:00,2024,12,10,9,51,29,29210,Lanorgant,48.58041612,-4.02313914,Plein jour,Hors agglomération,Intersection en T,Pluie légère,Deux véhicules - arrière,3,2,2,0,4,1,2,0,1,80,2,2,1,0,1,0,59.0,15.0,voiture,deux_roues,1,1,3,2,2
202400040371,2024-12-10 09:51:00,2024,12,10,9,51,29,29210,Lanorgant,48.58041612,-4.02313914,Plein jour,Hors agglomération,Intersection en T,Pluie légère,Deux véhicules - arrière,3,2,2,0,1,1,2,0,8,80,2,2,1,0,1,0,59.0,15.0,voiture,deux_roues,1,1,3,2,2
202400040372,2024-09-29 10:45:00,2024,9,29,10,45,06,06073,M97,44.206512,7.114162,Plein jour,Hors agglomération,Hors intersection,Temps éblouissant,Autre collision,7,2,2,0,4,1,1,0,3,80,1,1,0,0,1,0,33.0,,deux_roues,,1,1,1,7,6
202400040373,2024-12-10 18:00:00,2024,12,10,18,0,29,29171,Route du Guilvinec,47.81934257,-4.28738109,Nuit avec éclairage allumé,En agglomération,Hors intersection,Normale,Deux véhicules - frontale,3,2,1,0,1,1,1,0,1,50,2,2,1,0,1,0,76.0,28.0,voiture,deux_roues,5,2,1,1,1
202400040374,2024-06-15 17:30:00,2024,6,15,17,30,14,14520,Route de la Bosquetterie,49.134883,0.14838,Plein jour,Hors agglomération,Intersection en T,Normale,Deux véhicules - côté,3,2,0,0,1,1,1,0,1,80,2,4,3,0,0,1,23.0,82.0,voiture,voiture,1,1,3,1,3
202400040374,2024-06-15 17:30:00,2024,6,15,17,30,14,14520,Route de la Bosquetterie,49.134883,0.14838,Plein jour,Hors agglomération,Intersection en T,Normale,Deux véhicules - côté,3,2,0,0,1,1,1,0,1,90,2,4,3,0,0,1,23.0,82.0,voiture,voiture,1,1,3,1,3
202400040375,2024-12-07 10:10:00,2024,12,7,10,10,31,31045,D26,43.038379,0.635346,Plein jour,Hors agglomération,Hors intersection,Pluie forte,Deux véhicules - côté,3,2,2,0,1,4,2,0,1,80,2,5,4,0,0,1,26.0,52.0,voiture,voiture,1,1,1,3,3
202400040376,2024-06-16 17:00:00,2024,6,16,17,0,05,05075,Route de Céüze,44.544052,5.952026,Plein jour,Hors agglomération,Hors intersection,Normale,Autre collision,3,2,2,0,2,2,1,0,3,80,1,3,0,3,0,0,22.0,,voiture,,1,1,1,1,6
202400040377,2024-12-10 19:55:00,2024,12,10,19,55,84,84107,RD 30,44.0293,5.4913,Nuit sans éclairage public,Hors agglomération,Hors intersection,Normale,Deux véhicules - frontale,3,2,2,0,1,1,1,0,1,80,2,3,1,0,1,1,68.0,55.0,voiture,voiture,3,1,1,1,1
202400040378,2024-09-30 09:28:00,2024,9,30,9,28,05,05017,N94,44.570813,6.179552,Plein jour,Hors agglomération,Hors intersection,Pluie légère,Trois véhicules et plus - collisions multiples,2,2,2,0,1,1,2,0,1,80,3,4,3,0,0,1,27.0,27.0,voiture,utilitaire_camion,1,1,1,2,5
202400040379,2024-06-17 12:17:00,2024,6,17,12,17,64,64327,d301,43.049408,-1.104115,Plein jour,Hors agglomération,Hors intersection,Normale,Sans collision,3,2,2,0,2,4,1,0,1,80,1,1,0,0,1,0,62.0,,deux_roues,,1,1,1,1,7
202400040380,2024-06-17 17:30:00,2024,6,17,17,30,36,36198,Saint-Lactencin,46.9238117,1.54276371,Plein jour,Hors agglomération,Hors intersection,Normale,Autre collision,4,2,2,0,1,3,1,0,3,80,1,1,0,0,1,0,37.0,,voiture,,1,1,1,1,6
202400040381,2024-09-29 18:25:00,2024,9,29,18,25,04,04013,D951,44.116014,5.951135,Plein jour,Hors agglomération,Hors intersection,Normale,Sans collision,3,-1,2,0,3,2,1,0,3,80,1,1,0,0,1,0,16.0,,deux_roues,,1,1,1,1,7
202400040382,2024-12-10 23:50:00,2024,12,10,23,50,66,66053,D914,42.518713,3.069684,Nuit sans éclairage public,Hors agglomération,Hors intersection,Normale,Autre collision,3,1,2,0,2,3,1,8,3,50,1,1,0,0,1,0,63.0,,deux_roues,,3,1,1,1,6
202400040383,2024-09-30 18:15:00,2024,9,30,18,15,23,23162,Vieilleville,46.260528,1.993836,Plein jour,Hors agglomération,Hors intersection,Normale,Deux véhicules - frontale,4,2,2,0,2,1,1,0,1,90,2,2,1,0,1,0,19.0,74.0,voiture,voiture,1,1,1,1,1
202400040384,2024-06-17 13:39:00,2024,6,17,13,39,07,07227,D182,45.253021,4.726841,Plein jour,En agglomération,Hors intersection,Normale,Trois véhicules et plus - en chaîne,3,2,2,0,1,1,1,0,1,50,3,3,2,0,0,1,40.0,44.0,voiture,voiture,1,2,1,1,4
202400040385,2024-12-09 07:18:00,2024,12,9,7,18,90,90081,rue de la vie de norday,47.525337,7.120568,Crépuscule ou aube,Hors agglomération,Intersection en T,Pluie légère,Deux véhicules - côté,3,2,2,0,4,1,2,0,3,80,2,2,0,0,1,1,51.0,37.0,voiture,voiture,2,1,3,2,3
202400040385,2024-12-09 07:18:00,2024,12,9,7,18,90,90081,rue de la vie de norday,47.525337,7.120568,Crépuscule ou aube,Hors agglomération,Intersection en T,Pluie légère,Deux véhicules - côté,3,2, -1,-1,1,1,2,0,8,-1,2,2,0,0,1,1,51.0,37.0,voiture,voiture,2,1,3,2,3
202400040386,2024-09-29 14:30:00,2024,9,29,14,30,37,37250,Les Champs Meunier,47.19126786,0.66539955,Plein jour,Hors agglomération,Hors intersection,Normale,Autre collision,3,2,3,0,1,1,1,0,3,90,1,1,0,0,1,0,18.0,,voiture,,1,1,1,1,6
202400040387,2024-06-16 18:37:00,2024,6,16,18,37,07,07011,Le terret,44.737905,4.343529,Plein jour,Hors agglomération,Hors intersection,Normale,Sans collision,3,2,2,0,2,2,1,0,1,80,1,1,0,0,0,1,61.0,,deux_roues,,1,1,1,1,7
202400040388,2024-09-30 18:40:00,2024,9,30,18,40,30,30255,Chemin des Fontaines,43.944053,4.206347,Plein jour,En agglomération,Hors intersection,Normale,Sans collision,4,2,1,0,2,1,1,0,1,-1,1,2,1,0,0,1,44.0,,voiture,,1,2,1,1,7
202400040389,2024-06-17 14:30:00,2024,6,17,14,30,53,53051,5 Rue de la Libération,48.367026,-0.5171,Plein jour,En agglomération,Hors intersection,Normale,Autre collision,3,2,2,0,2,1,1,0,1,30,1,2,1,1,0,0,39.0,,voiture,,1,2,1,1,6
202400040390,2024-11-15 16:45:00,2024,11,15,16,45,45,45098,Route d'Orléans,47.83022,1.768692,Plein jour,En agglomération,Intersection en T,Normale,Deux véhicules - côté,3,2,2,0,1,1,1,0,1,50,2,2,1,0,0,1,33.0,21.0,deux_roues,voiture,1,2,3,1,3
202400040390,2024-11-15 16:45:00,2024,11,15,16,45,45,45098,Route d'Orléans,47.83022,1.768692,Plein jour,En agglomération,Intersection en T,Normale,Deux véhicules - côté,3,2,2,0,1,1,1,5,1,50,2,2,1,0,0,1,33.0,21.0,deux_roues,voiture,1,2,3,1,3
202400040391,2024-06-15 01:50:00,2024,6,15,1,50,08,08067,,49.620306,5.189565,Nuit avec éclairage allumé,En agglomération,Hors intersection,Pluie légère,Autre collision,3,2,2,0,1,1,2,0,1,50,1,2,1,1,0,0,24.0,,voiture,,5,2,1,2,6
202400040392,2024-09-29 19:30:00,2024,9,29,19,30,65,65226,"Autoroute A64 PK132,9",43.232822,-0.036907,Crépuscule ou aube,Hors agglomération,Hors intersection,Normale,Trois véhicules et plus - en chaîne,1,3,2,0,2,1,1,0,1,130,4,4,3,0,0,1,,22.0,autre,voiture,2,1,1,1,4
202400040393,2024-12-11 10:15:00,2024,12,11,10,15,18,18174,,47.066752,2.506681,Plein jour,Hors agglomération,Hors intersection,Normale,Deux véhicules - arrière,3,2,2,0,4,1,1,0,1,90,2,2,1,0,0,1,43.0,18.0,voiture,voiture,1,1,1,1,2
202400040394,2024-09-29 22:35:00,2024,9,29,22,35,01,01301,"A40, pk 177.600",46.263265,5.151472,Nuit sans éclairage public,Hors agglomération,Hors intersection,Normale,Autre collision,1,3,2,0,1,1,1,0,1,130,1,1,0,0,0,1,20.0,,voiture,,3,1,1,1,6
202400040395,2024-06-17 11:10:00,2024,6,17,11,10,24,24523,Route de la Gardonnette,44.81119965,0.32439172,Plein jour,Hors agglomération,Intersection en X,Normale,Deux véhicules - côté,3,2,2,0,1,1,1,0,1,70,2,2,1,0,1,0,41.0,80.0,voiture,voiture,1,1,2,1,3
202400040395,2024-06-17 11:10:00,2024,6,17,11,10,24,24523,Route de la Gardonnette,44.81119965,0.32439172,Plein jour,Hors agglomération,Intersection en X,Normale,Deux véhicules - côté,3,2,2,0,4,2,1,0,1,80,2,2,1,0,1,0,41.0,80.0,voiture,voiture,1,1,2,1,3
202400040396,2024-09-25 16:10:00,2024,9,25,16,10,66,66172,"8, Rue des Cigales",42.712304,2.840333,Plein jour,En agglomération,Hors intersection,Normale,Autre collision,4,2,2,0,1,1,1,0,1,50,1,2,1,0,1,0,,,voiture,,1,2,1,1,6
202400040397,2024-12-11 15:00:00,2024,12,11,15,0,53,53062,Grande Rue,47.82849,-0.70349,Plein jour,En agglomération,Intersection en X,Normale,Deux véhicules - frontale,4,-1, -1,-1,-1,-1,-1,-1,-1,-1,2,2,1,0,1,0,16.0,63.0,deux_roues,voiture,1,2,2,1,1
202400040397,2024-12-11 15:00:00,2024,12,11,15,0,53,53062,Grande Rue,47.82849,-0.70349,Plein jour,En agglomération,Intersection en X,Normale,Deux véhicules - frontale,4,1,1,0,2,1,1,0,1,50,2,2,1,0,1,0,16.0,63.0,deux_roues,voiture,1,2,2,1,1
202400040398,2024-06-16 19:40:00,2024,6,16,19,40,77,77453,Autoroute A5 PK 012.700 VERS PARIS,48.547204,2.781413,Plein jour,Hors agglomération,Hors intersection,Pluie légère,Autre collision,1,1,3,0,1,1,2,0,1,110,1,3,2,0,0,1,54.0,,voiture,,1,1,1,2,6
202400040399,2024-12-11 17:50:00,2024,12,11,17,50,85,85157,RD7,46.54738,-1.16066,Nuit sans éclairage public,Hors agglomération,Hors intersection,Normale,Autre collision,3,2,2,0,1,1,1,0,1,80,1,2,0,0,1,1,25.0,,deux_roues,,3,1,1,1,6
202400040400,2024-09-30 08:40:00,2024,9,30,8,40,13,13013,A52,43.417779,5.576098,Plein jour,Hors agglomération,Hors intersection,Normale,Deux véhicules - frontale,1,3,2,0,3,1,1,0,1,130,2,2,1,0,1,0,24.0,32.0,deux_roues,voiture,1,1,1,1,1
202400040401,2024-06-13 17:30:00,2024,6,13,17,30,35,35275,,48.16174576,-1.855992,Plein jour,Hors agglomération,Hors intersection,Pluie légère,Deux véhicules - arrière,2,3,4,0,1,1,2,0,2,110,2,2,1,1,0,0,67.0,63.0,voiture,utilitaire_camion,1,1,1,2,2
202400040402,2024-12-10 22:30:00,2024,12,10,22,30,27,27056,RD 438,49.094342,0.57483,Nuit sans éclairage public,Hors agglomération,Hors intersection,Normale,Deux véhicules - arrière,3,2,2,0,1,1,1,0,1,80,2,2,1,0,1,0,20.0,53.0,voiture,utilitaire_camion,3,1,1,1,2
202400040403,2024-09-22 09:10:00,2024,9,22,9,10,11,11262,,43.152855,3.158054,Plein jour,En agglomération,Intersection en Y,Normale,Deux véhicules - arrière,3,2,2,0,1,2,1,5,1,80,2,2,1,0,1,0,16.0,24.0,deux_roues,voiture,1,2,4,1,2
202400040403,2024-09-22 09:10:00,2024,9,22,9,10,11,11262,,43.152855,3.158054,Plein jour,En agglomération,Intersection en Y,Normale,Deux véhicules - arrière,3,2, -1,-1,1,1,1,5,1,-1,2,2,1,0,1,0,16.0,24.0,deux_roues,voiture,1,2,4,1,2
202400040404,2024-06-15 21:08:00,2024,6,15,21,8,07,07272,d579,44.52127,4.39878,Plein jour,En agglomération,Hors intersection,Normale,Autre collision,3,2,2,0,1,2,1,9,3,50,1,1,0,0,1,0,41.0,,voiture,,1,2,1,1,6
202400040405,2024-09-29 07:15:00,2024,9,29,7,15,38,38046,A48,45.45029996,5.39943889,Crépuscule ou aube,Hors agglomération,Hors intersection,Normale,Autre collision,1,3,2,0,2,2,1,0,2,130,1,1,0,0,1,0,30.0,,voiture,,2,1,1,1,6
202400040406,2024-06-14 17:10:00,2024,6,14,17,10,31,31254,L?Occitane,43.550111,1.501608,Plein jour,En agglomération,Hors intersection,Normale,Autre collision,4,3,1,0,1,1,1,0,1,30,1,2,1,0,0,1,21.0,,voiture,,1,2,1,1,6
202400040407,2024-12-10 19:30:00,2024,12,10,19,30,37,37266,D50,47.29264247,0.73254848,Nuit sans éclairage public,En agglomération,Hors intersection,Normale,Autre collision,3,2,2,0,2,1,1,0,1,50,1,1,0,0,1,0,44.0,,voiture,,3,2,1,1,6
202400040408,2024-09-30 08:38:00,2024,9,30,8,38,38,38109,D18,45.701538,5.200609,Plein jour,Hors agglomération,Hors intersection,Normale,Deux véhicules - frontale,3,2,2,0,1,1,1,0,1,80,2,2,1,0,0,1,42.0,18.0,utilitaire_camion,voiture,1,1,1,1,1
202400040409,2024-06-11 07:45:00,2024,6,11,7,45,33,33199,,44.621067,-1.073055,Plein jour,En agglomération,Hors intersection,Normale,Deux véhicules - côté,4,2,2,1,1,1,1,5,1,30,2,2,1,0,1,0,51.0,45.0,voiture,deux_roues,1,2,1,1,3
202400040410,2024-12-11 15:40:00,2024,12,11,15,40,30,30241,D114,43.955815,4.270077,Plein jour,Hors agglomération,Hors intersection,Normale,Sans collision,3,2,2,0,1,1,1,0,1,80,1,1,0,0,1,0,75.0,,voiture,,1,1,1,1,7
202400040411,2024-11-01 16:50:00,2024,11,1,16,50,49,49099,GIRARDIERE (RUE DE LA),47.04288,-0.90611,Plein jour,En agglomération,Intersection en T,Temps couvert,Autre collision,4,2,2,0,1,2,1,0,1,50,1,1,0,0,1,0,32.0,,deux_roues,,1,2,3,8,6
202400040411,2024-11-01 16:50:00,2024,11,1,16,50,49,49099,GIRARDIERE (RUE DE LA),47.04288,-0.90611,Plein jour,En agglomération,Intersection en T,Temps couvert,Autre collision,4,2,2,0,1,1,1,0,1,50,1,1,0,0,1,0,32.0,,deux_roues,,1,2,3,8,6
202400040412,2024-09-28 10:30:00,2024,9,28,10,30,987,98714,Faanui,-16.473796,-151.762218,Plein jour,Hors agglomération,Hors intersection,Normale,Sans collision,9,-1,1,0,2,2,1,0,8,-1,1,5,1,0,0,4,52.0,,utilitaire_camion,,1,1,1,1,7