accident_id,datetime,annee,mois,jour,heure,minute,departement,commune_insee,adresse,latitude,longitude,luminosite,agglomeration,intersection,meteo,collision,catr,circ,nbv,vosp,prof,plan,surf,infra,situ,vma,nb_vehicules,nb_usagers,nb_indemnes,nb_tues,nb_blesses_hosp,nb_blesses_legers,age_cond_1,age_cond_2,veh_type_cond_1,veh_type_cond_2,lum_code,agg_code,int_code,atm_code,col_code
202400040560,2024-11-03 16:10:00,2024,11,3,16,10,40,40320,D 834,43.942156,-0.57735,Plein jour,Hors agglomération,Hors intersection,Normale,Deux véhicules - frontale,3,-1,2,0,1,1,1,0,1,80,2,2,0,0,1,1,19.0,39.0,voiture,voiture,1,1,1,1,1
202400040561,2024-12-08 19:30:00,2024,12,8,19,30,77,77251,ALL DE L'AIR DU TEMPS,48.61724,2.55045,Nuit avec éclairage allumé,Hors agglomération,Hors intersection,Pluie légère,Autre collision,4,2,4,0,1,1,2,0,1,50,1,2,1,0,0,1,29.0,,voiture,,5,1,1,2,6
202400040562,2024-09-28 15:00:00,2024,9,28,15,0,77,77268,RUE DU PRE DE BRAY,48.86036017,2.8100583,Plein jour,En agglomération,Hors intersection,Normale,Trois véhicules et plus - en chaîne,3,-1,2,0,1,1,1,0,1,50,3,6,3,0,0,3,25.0,28.0,voiture,voiture,1,2,1,1,4
202400040563,2024-11-04 16:33:00,2024,11,4,16,33,04,04209,21 Place du Tivoli,44.196419,5.941742,Plein jour,En agglomération,Intersection en T,Normale,Autre collision,4,2,2,0,4,1,1,5,8,50,1,1,0,0,1,0,74.0,,voiture,,1,2,3,1,6
202400040563,2024-11-04 16:33:00,2024,11,4,16,33,04,04209,21 Place du Tivoli,44.196419,5.941742,Plein jour,En agglomération,Intersection en T,Normale,Autre collision,4,1,1,0,2,1,1,5,8,50,1,1,0,0,1,0,74.0,,voiture,,1,2,3,1,6
202400040564,2024-12-09 18:35:00,2024,12,9,18,35,77,77042,CHARLES DE GAULLE (AVENUE),48.82275,3.1372,Nuit avec éclairage allumé,En agglomération,Intersection en X,Normale,Deux véhicules - côté,3,2,2,0,1,1,1,9,1,50,2,4,2,0,0,2,59.0,58.0,voiture,utilitaire_camion,5,2,2,1,3
202400040564,2024-12-09 18:35:00,2024,12,9,18,35,77,77042,CHARLES DE GAULLE (AVENUE),48.82275,3.1372,Nuit avec éclairage allumé,En agglomération,Intersection en X,Normale,Deux véhicules - côté,3,2,2,0,1,1,1,0,1,50,2,4,2,0,0,2,59.0,58.0,voiture,utilitaire_camion,5,2,2,1,3
202400040565,2024-09-28 15:07:00,2024,9,28,15,7,77,77333,RUE DE PARIS,48.2672,2.69405,Plein jour,En agglomération,Hors intersection,Normale,Deux véhicules - côté,3,2,2,0,1,1,1,0,1,50,2,2,1,0,0,1,58.0,39.0,deux_roues,voiture,1,2,1,1,3
202400040566,2024-11-04 14:06:00,2024,11,4,14,6,04,04049,Avenue du General de Gaulle,44.094478,6.010012,Plein jour,En agglomération,Hors intersection,Normale,Autre collision,2,2,2,0,1,1,1,0,1,50,1,2,1,0,1,0,40.0,,utilitaire_camion,,1,2,1,1,6
202400040567,2024-12-09 20:45:00,2024,12,9,20,45,76,76410,Avenue du Val aux Dames,49.47833,1.03554,Nuit avec éclairage allumé,En agglomération,Hors intersection,Pluie légère,Deux véhicules - frontale,7,2,2,0,2,2,2,0,1,50,2,2,1,0,0,1,29.0,,voiture,voiture,5,2,1,2,1
202400040568,2024-09-27 17:30:00,2024,9,27,17,30,77,77333,AV DU ROCHER VERT,48.26661,2.70361,Plein jour,En agglomération,Hors intersection,Pluie légère,Deux véhicules - côté,4,2,1,0,2,1,2,0,1,30,2,2,1,0,0,1,29.0,12.0,voiture,deux_roues,1,2,1,2,3
202400040569,2024-12-09 08:40:00,2024,12,9,8,40,76,76429,Route de Paris,49.41255,1.13885,Crépuscule ou aube,En agglomération,Hors intersection,Temps couvert,Autre collision,7,2,2,0,1,1,1,0,1,50,1,2,1,0,0,1,36.0,,utilitaire_camion,,2,2,1,8,6
202400040570,2024-09-28 08:15:00,2024,9,28,8,15,77,77070,CD 37,48.79762,3.12413,Plein jour,En agglomération,Hors intersection,Normale,Sans collision,3,2,2,0,2,2,1,0,1,70,1,1,0,0,0,1,48.0,,voiture,,1,2,1,1,7
202400040571,2024-11-04 14:45:00,2024,11,4,14,45,85,85111,RD938t,46.344561,-0.88721,Plein jour,Hors agglomération,Intersection en T,Normale,Deux véhicules - côté,3,2,2,0,1,1,1,0,1,80,2,3,1,1,0,1,91.0,47.0,voiture,utilitaire_camion,1,1,3,1,3
202400040571,2024-11-04 14:45:00,2024,11,4,14,45,85,85111,RD938t,46.344561,-0.88721,Plein jour,Hors agglomération,Intersection en T,Normale,Deux véhicules - côté,3,2, -1,-1,1,1,1,0,1,-1,2,3,1,1,0,1,91.0,47.0,voiture,utilitaire_camion,1,1,3,1,3
202400040572,2024-10-30 18:45:00,2024,10,30,18,45,87,87140,Route des Séguines,45.894474,0.958289,Nuit sans éclairage public,Hors agglomération,Hors intersection,Normale,Deux véhicules - frontale,4,2,2,0,1,1,1,0,1,80,2,2,1,0,1,0,17.0,36.0,deux_roues,utilitaire_camion,3,1,1,1,1
202400040573,2024-09-28 11:20:00,2024,9,28,11,20,69,69282,Avenue de Verdun,45.78374555,5.01350508,Plein jour,En agglomération,Hors intersection,Temps couvert,Deux véhicules - frontale,4,2,2,2,1,1,1,9,5,50,2,3,2,0,1,0,17.0,79.0,voiture,deux_roues,1,2,1,8,1
202400040574,2024-12-08 20:47:00,2024,12,8,20,47,72,72181,DURAND GEORGES (AV) N° PAIRS 112 AU 164,47.97818,0.21366,Nuit avec éclairage allumé,En agglomération,Hors intersection,Pluie forte,Deux véhicules - arrière,4,3,1,0,2,1,2,5,1,30,2,3,1,0,0,2,,33.0,voiture,voiture,5,2,1,3,2
202400040575,2024-11-05 11:00:00,2024,11,5,11,0,11,11198,,43.303297,2.529441,Plein jour,Hors agglomération,Hors intersection,Temps couvert,Autre collision,3,2,2,0,1,1,1,0,3,80,1,2,0,1,1,0,76.0,,voiture,,1,1,1,8,6
202400040576,2024-09-28 11:18:00,2024,9,28,11,18,68,68066,Grand'Rue,48.07526,7.35781,Plein jour,En agglomération,Hors intersection,Pluie légère,Autre collision,4,1,1,0,1,1,2,0,3,30,2,2,1,0,1,0,87.0,,voiture,,1,2,1,2,6
202400040577,2024-12-09 13:35:00,2024,12,9,13,35,71,71040,CHASSAGNE (RUE DE LA),46.69722564,4.38668311,Plein jour,En agglomération,Intersection en T,Temps couvert,Deux véhicules - côté,4,2,2,0,1,1,1,0,1,30,2,2,1,0,0,1,17.0,25.0,deux_roues,voiture,1,2,3,8,3
202400040577,2024-12-09 13:35:00,2024,12,9,13,35,71,71040,CHASSAGNE (RUE DE LA),46.69722564,4.38668311,Plein jour,En agglomération,Intersection en T,Temps couvert,Deux véhicules - côté,4,-1, -1,0,1,1,1,0,1,50,2,2,1,0,0,1,17.0,25.0,deux_roues,voiture,1,2,3,8,3
202400040578,2024-11-05 09:30:00,2024,11,5,9,30,34,34058,Avenue de Montpellier,43.677748,3.983794,Plein jour,En agglomération,Hors intersection,Normale,Autre collision,4,2,2,0,1,1,1,0,1,-1,1,2,1,0,1,0,45.0,,utilitaire_camion,,1,2,1,1,6
202400040579,2024-11-05 14:30:00,2024,11,5,14,30,83,83047,Rue Renaude,43.148526,6.072291,Plein jour,En agglomération,Hors intersection,Normale,Autre collision,4,1,1,0,1,1,1,0,1,50,1,2,1,0,0,1,38.0,,voiture,,1,2,1,1,6
202400040580,2024-12-09 06:53:00,2024,12,9,6,53,69,69029,Avenue Pierre Brossolette,45.74198,4.9199,Nuit avec éclairage allumé,En agglomération,Intersection en T,Temps couvert,Autre collision,4,2,2,0,1,1,1,0,3,50,1,2,0,0,1,1,33.0,,voiture,,5,2,3,8,6
202400040581,2024-09-28 18:35:00,2024,9,28,18,35,65,65100,9 Route de Bordeaux,43.26435562,0.07135291,Plein jour,Hors agglomération,Intersection en T,Normale,Deux véhicules - côté,3,2,2,0,1,1,1,0,1,70,2,2,1,0,0,1,17.0,14.0,voiture,deux_roues,1,1,3,1,3
202400040581,2024-09-28 18:35:00,2024,9,28,18,35,65,65100,9 Route de Bordeaux,43.26435562,0.07135291,Plein jour,Hors agglomération,Intersection en T,Normale,Deux véhicules - côté,3,-1, -1,-1,1,1,1,0,1,30,2,2,1,0,0,1,17.0,14.0,voiture,deux_roues,1,1,3,1,3
202400040582,2024-10-26 13:55:00,2024,10,26,13,55,13,13067,Chemin de Bazarde,43.800713,5.039034,Plein jour,Hors agglomération,Hors intersection,Normale,Deux véhicules - frontale,4,2,2,0,1,3,1,0,1,80,2,2,1,0,1,0,45.0,33.0,voiture,utilitaire_camion,1,1,1,1,1
202400040583,2024-12-09 08:45:00,2024,12,9,8,45,64,64189,JAURES JEAN  (AVENUE),43.38178,-1.66767,Crépuscule ou aube,En agglomération,Intersection en Y,Pluie légère,Deux véhicules - côté,3,2,2,0,1,1,2,0,1,30,2,2,1,0,1,0,21.0,54.0,deux_roues,voiture,2,2,4,2,3
202400040583,2024-12-09 08:45:00,2024,12,9,8,45,64,64189,JAURES JEAN  (AVENUE),43.38178,-1.66767,Crépuscule ou aube,En agglomération,Intersection en Y,Pluie légère,Deux véhicules - côté,3,2,2,0,1,1,2,0,1,30,2,2,1,0,1,0,21.0,54.0,deux_roues,voiture,2,2,4,2,3
202400040584,2024-09-28 11:00:00,2024,9,28,11,0,64,64445,GENERAL DE GAULLE DU,43.30175,-0.35622,Plein jour,En agglomération,Giratoire,Normale,Deux véhicules - côté,4,2,2,0,1,2,1,0,1,50,2,2,1,0,0,1,98.0,82.0,voiture,deux_roues,1,2,6,1,3
202400040584,2024-09-28 11:00:00,2024,9,28,11,0,64,64445,GENERAL DE GAULLE DU,43.30175,-0.35622,Plein jour,En agglomération,Giratoire,Normale,Deux véhicules - côté,4,1,1,1,1,3,1,0,1,50,2,2,1,0,0,1,98.0,82.0,voiture,deux_roues,1,2,6,1,3
202400040585,2024-11-04 18:20:00,2024,11,4,18,20,13,13086,Avenue du Repos,43.342115,5.603399,Nuit avec éclairage allumé,En agglomération,Intersection en T,Normale,Deux véhicules - frontale,3,2,2,0,1,1,1,5,1,50,2,3,1,0,1,1,19.0,51.0,deux_roues,voiture,5,2,3,1,1
202400040585,2024-11-04 18:20:00,2024,11,4,18,20,13,13086,Avenue du Repos,43.342115,5.603399,Nuit avec éclairage allumé,En agglomération,Intersection en T,Normale,Deux véhicules - frontale,3,2, -1,-1,1,1,1,0,1,-1,2,3,1,0,1,1,19.0,51.0,deux_roues,voiture,5,2,3,1,1
202400040586,2024-09-28 02:15:00,2024,9,28,2,15,64,64445,CATHERINE DE BOURBON,43.32024,-0.3594,Nuit avec éclairage allumé,En agglomération,Hors intersection,Pluie forte,Autre collision,4,1,2,0,1,1,2,9,1,50,1,2,0,0,0,2,21.0,,voiture,,5,2,1,3,6
202400040587,2024-12-09 10:12:00,2024,12,9,10,12,64,64348,TONKIN DU,43.31687,-0.39475,Plein jour,En agglomération,Hors intersection,Pluie légère,Deux véhicules - côté,4,1,2,0,1,2,2,9,1,50,2,2,1,0,0,1,26.0,89.0,voiture,voiture,1,2,1,2,3
202400040588,2024-11-04 15:50:00,2024,11,4,15,50,21,21390,Route des Grands Crus,47.2727,4.989831,Plein jour,En agglomération,Intersection en X,Normale,Deux véhicules - frontale,7,2,2,0,1,1,1,0,1,30,2,2,1,0,0,1,26.0,18.0,voiture,deux_roues,1,2,2,1,1
202400040588,2024-11-04 15:50:00,2024,11,4,15,50,21,21390,Route des Grands Crus,47.2727,4.989831,Plein jour,En agglomération,Intersection en X,Normale,Deux véhicules - frontale,7,2,2,0,1,1,1,0,1,30,2,2,1,0,0,1,26.0,18.0,voiture,deux_roues,1,2,2,1,1
202400040589,2024-09-28 21:22:00,2024,9,28,21,22,63,63113,Jaurès / Dormoy,45.76780981,3.08186889,Nuit avec éclairage allumé,En agglomération,Intersection en X,Normale,Deux véhicules - côté,4,1,2,1,1,1,1,0,1,50,2,2,1,0,0,1,20.0,36.0,voiture,deux_roues,5,2,2,1,3
202400040589,2024-09-28 21:22:00,2024,9,28,21,22,63,63113,Jaurès / Dormoy,45.76780981,3.08186889,Nuit avec éclairage allumé,En agglomération,Intersection en X,Normale,Deux véhicules - côté,4,2,3,1,1,1,1,0,1,50,2,2,1,0,0,1,20.0,36.0,voiture,deux_roues,5,2,2,1,3
202400040590,2024-12-09 09:40:00,2024,12,9,9,40,59,59599,HAVRE (RUE D'),50.71988,3.16115,Plein jour,En agglomération,Intersection en T,Normale,Autre collision,4,2,3,0,1,3,1,0,1,30,1,2,1,0,0,1,,,voiture,,1,2,3,1,6
202400040590,2024-12-09 09:40:00,2024,12,9,9,40,59,59599,HAVRE (RUE D'),50.71988,3.16115,Plein jour,En agglomération,Intersection en T,Normale,Autre collision,4,2,3,0,1,1,1,0,1,30,1,2,1,0,0,1,,,voiture,,1,2,3,1,6
202400040591,2024-11-01 17:10:00,2024,11,1,17,10,68,68315,D431,47.891622,7.112607,Crépuscule ou aube,Hors agglomération,Hors intersection,Normale,Autre collision,3,2,2,0,2,3,1,0,3,70,1,1,0,0,0,1,23.0,,deux_roues,,2,1,1,1,6
202400040592,2024-09-19 11:00:00,2024,9,19,11,0,62,62525,Rue de Lumbres,50.7329806,2.25137007,Plein jour,En agglomération,Hors intersection,Normale,Autre collision,4,2,2,0,2,1,1,0,1,50,1,2,1,0,0,1,,,autre,,1,2,1,1,6
202400040593,2024-11-05 10:20:00,2024,11,5,10,20,38,38565,D3,45.279424,5.624619,Plein jour,Hors agglomération,Hors intersection,Normale,Sans collision,3,2,2,0,1,3,3,0,8,90,1,1,0,0,1,0,71.0,,deux_roues,,1,1,1,1,7
202400040594,2024-09-27 16:30:00,2024,9,27,16,30,60,60159,Rue Saint-Lazare,49.41444,2.82902,Plein jour,En agglomération,Hors intersection,Normale,Autre collision,4,2,2,0,1,1,1,0,1,50,1,2,0,0,0,2,20.0,,deux_roues,,1,2,1,1,6
202400040595,2024-10-31 10:15:00,2024,10,31,10,15,33,33055,,45.313786,-0.916178,Plein jour,Hors agglomération,Intersection en Y,Normale,Deux véhicules - arrière,3,2,2,0,1,1,1,0,1,80,2,2,1,0,0,1,42.0,59.0,utilitaire_camion,utilitaire_camion,1,1,4,1,2
202400040595,2024-10-31 10:15:00,2024,10,31,10,15,33,33055,,45.313786,-0.916178,Plein jour,Hors agglomération,Intersection en Y,Normale,Deux véhicules - arrière,3,2,2,0,1,1,1,0,1,80,2,2,1,0,0,1,42.0,59.0,utilitaire_camion,utilitaire_camion,1,1,4,1,2
202400040596,2024-12-09 07:54:00,2024,12,9,7,54,51,51454,VASNIER (BOULEVARD HENRI) COTE IMPAIR,49.247947,4.043941,Crépuscule ou aube,En agglomération,Giratoire,Normale,Deux véhicules - côté,4,1,1,1,1,2,2,0,1,50,2,3,2,0,0,1,65.0,24.0,voiture,voiture,2,2,6,1,3
202400040596,2024-12-09 07:54:00,2024,12,9,7,54,51,51454,VASNIER (BOULEVARD HENRI) COTE IMPAIR,49.247947,4.043941,Crépuscule ou aube,En agglomération,Giratoire,Normale,Deux véhicules - côté,4,1,1,1,1,1,2,0,1,50,2,3,2,0,0,1,65.0,24.0,voiture,voiture,2,2,6,1,3
202400040597,2024-09-28 08:25:00,2024,9,28,8,25,59,59299,CD 700,50.6509,3.20687,Plein jour,Hors agglomération,Hors intersection,Normale,Sans collision,7,3,4,0,1,2,1,0,3,90,1,4,1,0,3,0,22.0,,voiture,,1,1,1,1,7
202400040598,2024-12-08 16:10:00,2024,12,8,16,10,51,51454,LECLERC (BOULEVARD DU GENERAL),49.25375,4.02221,Crépuscule ou aube,En agglomération,Hors intersection,Pluie légère,Sans collision,4,2,2,0,1,1,2,0,1,30,1,1,0,0,0,1,63.0,,deux_roues,,2,2,1,2,7
202400040599,2024-11-04 18:30:00,2024,11,4,18,30,33,33130,,44.513806,-0.229028,Nuit sans éclairage public,En agglomération,Hors intersection,Normale,Deux véhicules - frontale,4,2,2,0,1,1,1,0,1,50,2,2,1,1,0,0,59.0,56.0,voiture,voiture,3,2,1,1,1
202400040600,2024-09-28 19:00:00,2024,9,28,19,0,54,54395,Rue de Malzéville,48.70474,6.18335,Plein jour,En agglomération,Intersection en Y,Normale,Deux véhicules - côté,4,2,2,0,3,1,1,0,1,30,2,2,1,0,1,0,29.0,45.0,deux_roues,voiture,1,2,4,1,3
202400040600,2024-09-28 19:00:00,2024,9,28,19,0,54,54395,Rue de Malzéville,48.70474,6.18335,Plein jour,En agglomération,Intersection en Y,Normale,Deux véhicules - côté,4,2,2,0,1,1,1,0,1,50,2,2,1,0,1,0,29.0,45.0,deux_roues,voiture,1,2,4,1,3
202400040601,2024-10-14 18:10:00,2024,10,14,18,10,33,33056,,44.92758,-0.635128,Plein jour,En agglomération,Intersection en X,Normale,Deux véhicules - côté,4,2,2,0,1,1,1,5,1,50,2,2,1,0,0,1,39.0,16.0,voiture,deux_roues,1,2,2,1,3
202400040601,2024-10-14 18:10:00,2024,10,14,18,10,33,33056,,44.92758,-0.635128,Plein jour,En agglomération,Intersection en X,Normale,Deux véhicules - côté,4,2,2,0,1,1,1,5,8,50,2,2,1,0,0,1,39.0,16.0,voiture,deux_roues,1,2,2,1,3
202400040602,2024-12-09 10:20:00,2024,12,9,10,20,51,51108,SAINTE MENEHOULD (AVE DE),48.96275,4.38768,Plein jour,En agglomération,Intersection en T,Temps couvert,Deux véhicules - côté,4,-1, -1,-1,3,1,1,0,1,-1,2,2,1,0,0,1,31.0,24.0,utilitaire_camion,deux_roues,1,2,3,8,3
202400040602,2024-12-09 10:20:00,2024,12,9,10,20,51,51108,SAINTE MENEHOULD (AVE DE),48.96275,4.38768,Plein jour,En agglomération,Intersection en T,Temps couvert,Deux véhicules - côté,4,2,2,0,2,1,1,0,1,50,2,2,1,0,0,1,31.0,24.0,utilitaire_camion,deux_roues,1,2,3,8,3
202400040603,2024-09-28 12:50:00,2024,9,28,12,50,51,51454,PAIX (BOULEVARD DE LA),49.25358,4.04084,Plein jour,En agglomération,Intersection en T,Temps éblouissant,Deux véhicules - côté,4,2,2,0,1,1,1,0,1,30,2,2,0,0,0,2,31.0,22.0,voiture,voiture,1,2,3,7,3
202400040603,2024-09-28 12:50:00,2024,9,28,12,50,51,51454,PAIX (BOULEVARD DE LA),49.25358,4.04084,Plein jour,En agglomération,Intersection en T,Temps éblouissant,Deux véhicules - côté,4,2,3,0,1,1,1,0,1,50,2,2,0,0,0,2,31.0,22.0,voiture,voiture,1,2,3,7,3
202400040604,2024-12-06 07:34:00,2024,12,6,7,34,49,49007,CAMUS BOULEVARD,47.48384,-0.57591,Nuit avec éclairage allumé,En agglomération,Hors intersection,Normale,Sans collision,4,2,2,0,1,1,1,0,1,50,1,1,0,0,0,1,25.0,,deux_roues,,5,2,1,1,7
202400040605,2024-09-27 12:15:00,2024,9,27,12,15,51,51454,VAL DE VESLE (BOULEVARD),49.23007,4.06046,Plein jour,En agglomération,Hors intersection,Normale,Sans collision,4,2,2,1,1,1,2,0,5,50,1,1,0,0,0,1,30.0,,deux_roues,,1,2,1,1,7
202400040606,2024-11-03 18:15:00,2024,11,3,18,15,35,35347,la Grande Haie d'Izé,48.174307,-1.296027,Nuit sans éclairage public,Hors agglomération,Intersection en X,Normale,Trois véhicules et plus - collisions multiples,3,2,2,0,2,1,1,0,1,50,3,7,1,2,4,0,19.0,31.0,voiture,voiture,3,1,2,1,5
202400040606,2024-11-03 18:15:00,2024,11,3,18,15,35,35347,la Grande Haie d'Izé,48.174307,-1.296027,Nuit sans éclairage public,Hors agglomération,Intersection en X,Normale,Trois véhicules et plus - collisions multiples,3,2,2,0,2,1,1,0,1,50,3,7,1,2,4,0,19.0,31.0,voiture,voiture,3,1,2,1,5
202400040607,2024-12-08 14:20:00,2024,12,8,14,20,47,47027,BORDEAUX (avenue de),44.40316,0.67932,Plein jour,En agglomération,Hors intersection,Pluie légère,Deux véhicules - côté,3,2,2,0,1,1,2,0,1,50,2,3,2,0,0,1,67.0,15.0,voiture,deux_roues,1,2,1,2,3
202400040608,2024-09-29 00:30:00,2024,9,29,0,30,50,50218,MATIGNON (AV DES),48.83799,-1.57812,Nuit avec éclairage allumé,En agglomération,Intersection en T,Normale,Deux véhicules - côté,4,2,3,2,1,1,1,0,1,50,2,2,1,0,0,1,16.0,23.0,voiture,voiture,5,2,3,1,3
202400040608,2024-09-29 00:30:00,2024,9,29,0,30,50,50218,MATIGNON (AV DES),48.83799,-1.57812,Nuit avec éclairage allumé,En agglomération,Intersection en T,Normale,Deux véhicules - côté,4,2,2,0,1,1,1,0,1,50,2,2,1,0,0,1,16.0,23.0,voiture,voiture,5,2,3,1,3
202400040609,2024-11-04 02:20:00,2024,11,4,2,20,13,13215,A7-Sens Lyon vers Marseille,43.36326,5.36113,Nuit sans éclairage public,Hors agglomération,Hors intersection,Normale,Sans collision,1,-1,3,0,1,1,1,0,1,90,1,1,0,0,0,1,23.0,,voiture,,3,1,1,1,7
202400040610,2024-12-09 11:15:00,2024,12,9,11,15,43,43157,Chemin des Gardes,45.02370462,3.90976884,Plein jour,Hors agglomération,Hors intersection,Pluie forte,Deux véhicules - côté,4,2,2,0,4,1,2,0,1,80,2,2,0,0,0,2,58.0,41.0,voiture,utilitaire_camion,1,1,1,3,3
202400040611,2024-09-27 15:30:00,2024,9,27,15,30,47,47001,STALINGRAD (AVENUE DE ),44.2163695,0.639709,Plein jour,Hors agglomération,Hors intersection,Pluie légère,Deux véhicules - frontale,3,-1,2,0,2,4,2,0,1,80,2,2,0,0,1,1,53.0,17.0,voiture,voiture,1,1,1,2,1
202400040612,2024-11-04 18:10:00,2024,11,4,18,10,91,91174,RN 104,48.62454,2.47046,Nuit sans éclairage public,Hors agglomération,Hors intersection,Normale,Deux véhicules - arrière,2,3,4,0,2,1,1,0,1,90,2,2,1,0,0,1,29.0,19.0,voiture,deux_roues,3,1,1,1,2
202400040613,2024-12-09 20:15:00,2024,12,9,20,15,42,42123,Rue Adèle Bourdon,45.51333,4.57555,Nuit avec éclairage allumé,En agglomération,Hors intersection,Normale,Deux véhicules - frontale,4,2,2,0,1,3,1,0,1,50,2,2,0,0,0,2,25.0,50.0,voiture,voiture,5,2,1,1,1
202400040614,2024-09-28 04:15:00,2024,9,28,4,15,44,44109,19 Boulevard de Stalingrad,47.21839,-1.5398,Nuit avec éclairage allumé,En agglomération,Hors intersection,Normale,Autre collision,4,2,3,2,3,1,1,0,1,50,1,2,1,1,0,0,43.0,,utilitaire_camion,,5,2,1,1,6
202400040615,2024-11-04 12:10:00,2024,11,4,12,10,94,94003,A6B,48.7999444,2.34360832,Plein jour,Hors agglomération,Hors intersection,Normale,Deux véhicules - arrière,1,3,2,0,1,1,1,0,1,90,2,3,2,0,0,1,53.0,51.0,voiture,voiture,1,1,1,1,2
202400040616,2024-09-28 03:30:00,2024,9,28,3,30,36,36044,route de velles,46.78029739,1.68924408,Nuit sans éclairage public,Hors agglomération,Hors intersection,Pluie forte,Autre collision,3,2,2,0,1,3,2,0,3,80,1,1,0,0,0,1,21.0,,voiture,,3,1,1,3,6
202400040617,2024-11-04 04:27:00,2024,11,4,4,27,91,91589,AUTOROUTE A6,48.67731,2.33828,Nuit sans éclairage public,Hors agglomération,Hors intersection,Normale,Sans collision,1,1,3,0,1,1,1,2,1,110,1,1,0,0,0,1,55.0,,voiture,,3,1,1,1,7
202400040618,2024-12-09 21:35:00,2024,12,9,21,35,37,37261,PASCAL (RUE BLAISE),47.38604,0.69467,Nuit avec éclairage allumé,En agglomération,Intersection en T,Normale,Deux véhicules - côté,4,1,1,0,1,1,2,0,1,30,2,4,3,0,0,1,19.0,36.0,voiture,voiture,5,2,3,1,3
202400040618,2024-12-09 21:35:00,2024,12,9,21,35,37,37261,PASCAL (RUE BLAISE),47.38604,0.69467,Nuit avec éclairage allumé,En agglomération,Intersection en T,Normale,Deux véhicules - côté,4,1,1,0,1,1,2,0,1,30,2,4,3,0,0,1,19.0,36.0,voiture,voiture,5,2,3,1,3
202400040619,2024-04-27 00:30:00,2024,4,27,0,30,32,32191,D931,43.748508,-0.107967,Nuit sans éclairage public,Hors agglomération,Hors intersection,Pluie légère,Sans collision,3,2,2,0,2,1,2,0,1,80,1,2,1,0,1,0,25.0,,deux_roues,,3,1,1,2,7
202400040620,2024-09-28 13:45:00,2024,9,28,13,45,35,35238,ROCADE,48.08281,-1.697593,Plein jour,Hors agglomération,Hors intersection,Normale,Deux véhicules - arrière,2,3,4,0,1,1,1,0,1,90,2,3,2,0,0,1,31.0,22.0,voiture,voiture,1,1,1,1,2
202400040621,2024-12-08 12:00:00,2024,12,8,12,0,37,37261,MALRAUX (QUAI ANDRE),47.3975,0.70075,Plein jour,En agglomération,Hors intersection,Normale,Deux véhicules - arrière,4,2,4,2,1,1,2,0,1,50,2,2,1,0,0,1,26.0,,deux_roues,voiture,1,2,1,1,2
202400040622,2024-02-25 03:00:00,2024,2,25,3,0,73,73227,Rue des Tovets / Rue de la Croisette,45.41521767,6.63384207,Nuit sans éclairage public,En agglomération,Intersection en Y,Normale,Autre collision,4,1,1,0,2,1,2,5,1,50,1,2,1,0,0,1,34.0,,voiture,,3,2,4,1,6
202400040622,2024-02-25 03:00:00,2024,2,25,3,0,73,73227,Rue des Tovets / Rue de la Croisette,45.41521767,6.63384207,Nuit sans éclairage public,En agglomération,Intersection en Y,Normale,Autre collision,4,1,1,0,2,2,2,5,1,50,1,2,1,0,0,1,34.0,,voiture,,3,2,4,1,6
202400040623,2024-12-09 05:30:00,2024,12,9,5,30,34,34172,MOULINS (AVENUE DES,43.63379,3.8431,Nuit avec éclairage allumé,En agglomération,Intersection en X,Normale,Deux véhicules - côté,7,3,5,0,1,1,1,0,1,50,2,2,1,0,0,1,60.0,25.0,deux_roues,voiture,5,2,2,1,3
202400040623,2024-12-09 05:30:00,2024,12,9,5,30,34,34172,MOULINS (AVENUE DES,43.63379,3.8431,Nuit avec éclairage allumé,En agglomération,Intersection en X,Normale,Deux véhicules - côté,7,2,4,0,1,1,1,0,1,50,2,2,1,0,0,1,60.0,25.0,deux_roues,voiture,5,2,2,1,3
202400040624,2024-11-03 13:10:00,2024,11,3,13,10,973,97302,11 NOVEMBRE,4.93497,-52.32952,Plein jour,En agglomération,Intersection en X,Normale,Deux véhicules - côté,4,1,1,0,1,1,1,0,1,50,2,2,1,0,1,0,64.0,50.0,utilitaire_camion,deux_roues,1,2,2,1,3
202400040624,2024-11-03 13:10:00,2024,11,3,13,10,973,97302,11 NOVEMBRE,4.93497,-52.32952,Plein jour,En agglomération,Intersection en X,Normale,Deux véhicules - côté,4,2,2,0,1,1,1,0,1,50,2,2,1,0,1,0,64.0,50.0,utilitaire_camion,deux_roues,1,2,2,1,3
202400040625,2024-09-28 22:10:00,2024,9,28,22,10,34,34108,DE GAULE GENERAL (AVENUE DU),43.446804,3.753838,Nuit avec éclairage allumé,En agglomération,Giratoire,Normale,Deux véhicules - côté,4,2,2,0,1,3,1,9,1,50,2,5,1,0,0,4,20.0,23.0,voiture,voiture,5,2,6,1,3
202400040625,2024-09-28 22:10:00,2024,9,28,22,10,34,34108,DE GAULE GENERAL (AVENUE DU),43.446804,3.753838,Nuit avec éclairage allumé,En agglomération,Giratoire,Normale,Deux véhicules - côté,4,1,2,0,1,1,1,9,1,50,2,5,1,0,0,4,20.0,23.0,voiture,voiture,5,2,6,1,3
202400040626,2024-12-08 07:10:00,2024,12,8,7,10,34,34198,MAUGUIO (ROUTE DE),43.577726,3.9357421,Nuit avec éclairage allumé,En agglomération,Intersection en X,Normale,Deux véhicules - côté,7,2,4,3,1,1,1,5,1,-1,2,2,1,0,1,0,25.0,30.0,transport_commun,voiture,5,2,2,1,3