accident_id,datetime,annee,mois,jour,heure,minute,departement,commune_insee,adresse,latitude,longitude,luminosite,agglomeration,intersection,meteo,collision,catr,circ,nbv,vosp,prof,plan,surf,infra,situ,vma,nb_vehicules,nb_usagers,nb_indemnes,nb_tues,nb_blesses_hosp,nb_blesses_legers,age_cond_1,age_cond_2,veh_type_cond_1,veh_type_cond_2,lum_code,agg_code,int_code,atm_code,col_code
202400040695,2024-11-03 12:05:00,2024,11,3,12,5,75,75118,BOULEVARD NEY,48.897751,2.329791,Plein jour,En agglomération,Hors intersection,Temps couvert,Deux véhicules - arrière,4,1,3,1,1,1,1,0,1,30,2,2,1,0,0,1,70.0,58.0,voiture,utilitaire_camion,1,2,1,8,2
202400040696,2024-12-09 16:19:00,2024,12,9,16,19,93,93005,ANDRE CITROEN (BOULEVARD),48.95828479,2.48516321,Crépuscule ou aube,En agglomération,Place,Pluie légère,Autre collision,3,1,1,0,1,1,2,9,1,30,1,2,1,0,1,0,,,voiture,,2,2,7,2,6
202400040697,2024-11-03 04:30:00,2024,11,3,4,30,75,75118,BOULEVARD NEY,48.897731,2.337496,Nuit avec éclairage allumé,En agglomération,Intersection en X,Normale,Autre collision,4,-1,1,0,1,1,1,0,1,30,1,2,1,0,1,0,,,voiture,,5,2,2,1,6
202400040697,2024-11-03 04:30:00,2024,11,3,4,30,75,75118,BOULEVARD NEY,48.897731,2.337496,Nuit avec éclairage allumé,En agglomération,Intersection en X,Normale,Autre collision,4,-1,1,0,1,1,1,0,1,30,1,2,1,0,1,0,,,voiture,,5,2,2,1,6
202400040698,2024-12-09 18:45:00,2024,12,9,18,45,92,92036,LUCIEN LANTERNIER (AVENUE) (19/65),48.93243658,2.2914353,Nuit avec éclairage allumé,En agglomération,Autre intersection,Pluie légère,Autre collision,3,2,2,0,1,1,2,0,1,50,1,2,1,0,0,1,64.0,,voiture,,5,2,9,2,6
202400040699,2024-11-02 05:10:00,2024,11,2,5,10,75,75114,RUE DU DEPART,48.841418,2.322037,Nuit avec éclairage allumé,En agglomération,Hors intersection,Normale,Autre collision,4,1,3,3,1,1,1,0,1,30,1,1,0,0,0,1,31.0,,deux_roues,,5,2,1,1,6
202400040700,2024-11-02 08:50:00,2024,11,2,8,50,75,75109,RUE DE MAUBEUGE,48.876858,2.341906,Plein jour,En agglomération,Intersection en Y,Normale,Autre collision,4,1,2,3,2,1,1,0,1,30,1,1,0,0,0,1,19.0,,voiture,,1,2,4,1,6
202400040700,2024-11-02 08:50:00,2024,11,2,8,50,75,75109,RUE DE MAUBEUGE,48.876858,2.341906,Plein jour,En agglomération,Intersection en Y,Normale,Autre collision,4,1,2,0,2,1,1,0,1,30,1,1,0,0,0,1,19.0,,voiture,,1,2,4,1,6
202400040701,2024-12-09 21:03:00,2024,12,9,21,3,92,92012,GENERAL LECLERC (AVENUE DU) 1/33 - 2/58,48.83264127,2.24020556,Nuit sans éclairage public,En agglomération,Intersection en T,Normale,Deux véhicules - côté,3,2,4,0,1,3,2,0,1,30,2,3,2,0,0,1,35.0,43.0,deux_roues,voiture,3,2,3,1,3
202400040701,2024-12-09 21:03:00,2024,12,9,21,3,92,92012,GENERAL LECLERC (AVENUE DU) 1/33 - 2/58,48.83264127,2.24020556,Nuit sans éclairage public,En agglomération,Intersection en T,Normale,Deux véhicules - côté,3,2,2,1,1,1,1,0,1,50,2,3,2,0,0,1,35.0,43.0,deux_roues,voiture,3,2,3,1,3
202400040702,2024-11-02 23:20:00,2024,11,2,23,20,94,94038,52 Bd Paul Vaillant Couturier,48.78094731,2.34114527,Nuit avec éclairage allumé,En agglomération,Hors intersection,Normale,Deux véhicules - côté,3,-1,2,0,1,1,1,0,1,50,2,2,1,0,0,1,20.0,47.0,deux_roues,transport_commun,5,2,1,1,3
202400040703,2024-12-09 10:25:00,2024,12,9,10,25,92,92012,GALLIENI (RUE) 159/FIN,48.83614644,2.2366257,Plein jour,En agglomération,Intersection en X,Temps couvert,Deux véhicules - côté,4,2,2,0,1,1,1,0,1,50,2,2,1,0,0,1,55.0,24.0,voiture,deux_roues,1,2,2,8,3
202400040703,2024-12-09 10:25:00,2024,12,9,10,25,92,92012,GALLIENI (RUE) 159/FIN,48.83614644,2.2366257,Plein jour,En agglomération,Intersection en X,Temps couvert,Deux véhicules - côté,4,1,2,0,1,1,1,0,1,50,2,2,1,0,0,1,55.0,24.0,voiture,deux_roues,1,2,2,8,3
202400040704,2024-11-03 19:35:00,2024,11,3,19,35,93,93073,CHAPIT RE ( RUE DU),48.9871,2.54495,Nuit sans éclairage public,Hors agglomération,Hors intersection,Normale,Sans collision,3,1,2,0,1,1,1,0,1,50,1,2,0,0,0,2,39.0,,voiture,,3,1,1,1,7
202400040705,2024-12-09 17:10:00,2024,12,9,17,10,09,09164,D117 PK 075.000,42.99582,1.250406,Nuit sans éclairage public,Hors agglomération,Hors intersection,Pluie forte,Autre collision,3,2,2,0,1,2,2,9,3,80,1,4,2,0,0,2,18.0,,voiture,,3,1,1,3,6
202400040706,2024-11-03 16:00:00,2024,11,3,16,0,93,93070,DOCTEUR BAUER(RUE DU) :N° 1 AU 73,48.91076,2.3375,Plein jour,En agglomération,Hors intersection,Normale,Deux véhicules - côté,3,2,2,0,1,1,1,0,1,50,2,3,1,0,0,2,21.0,27.0,utilitaire_camion,deux_roues,1,2,1,1,3
202400040707,2024-12-10 11:15:00,2024,12,10,11,15,60,60646,D901,49.47663,2.06882,Plein jour,Hors agglomération,Hors intersection,Temps couvert,Deux véhicules - arrière,3,3,0,0,2,2,1,0,1,90,2,2,0,0,1,1,38.0,24.0,voiture,voiture,1,1,1,8,2
202400040708,2024-11-03 17:40:00,2024,11,3,17,40,93,93066,VOLTAIRE,48.93466086,2.37739563,Nuit avec éclairage allumé,En agglomération,Hors intersection,Normale,Deux véhicules - côté,4,1,1,0,1,1,1,0,1,50,2,5,1,0,0,4,53.0,44.0,voiture,utilitaire_camion,5,2,1,1,3
202400040709,2024-12-08 10:40:00,2024,12,8,10,40,06,06161,2841 Route de Grasse,43.657355,7.090248,Plein jour,Hors agglomération,Hors intersection,Normale,Sans collision,3,2,2,0,2,1,2,9,1,70,2,2,1,0,1,0,75.0,29.0,deux_roues,voiture,1,1,1,1,7
202400040710,2024-11-03 10:10:00,2024,11,3,10,10,93,93031,DE LATTRE DE TASSIGNY (1 A 51),48.95506527,2.31219829,Plein jour,En agglomération,Intersection en T,Normale,Deux véhicules - frontale,3,1,2,0,1,1,1,0,6,50,2,3,2,0,0,1,51.0,47.0,voiture,transport_commun,1,2,3,1,1
202400040710,2024-11-03 10:10:00,2024,11,3,10,10,93,93031,DE LATTRE DE TASSIGNY (1 A 51),48.95506527,2.31219829,Plein jour,En agglomération,Intersection en T,Normale,Deux véhicules - frontale,3,2, -1,-1,1,1,1,0,1,-1,2,3,2,0,0,1,51.0,47.0,voiture,transport_commun,1,2,3,1,1
202400040711,2024-11-03 08:20:00,2024,11,3,8,20,92,92051,"CHARLES DE GAULLE (AVENUE, N°27 A 129)",48.87915627,2.27762416,Plein jour,En agglomération,Hors intersection,Normale,Autre collision,2,1,3,0,1,1,1,0,1,50,1,1,0,0,0,1,26.0,,voiture,,1,2,1,1,6
202400040712,2024-11-02 21:50:00,2024,11,2,21,50,92,92040,GENERAL LECLERC,48.82677651,2.27894694,Nuit avec éclairage allumé,En agglomération,Hors intersection,Normale,Autre collision,3,1,1,0,1,1,1,0,1,30,1,2,1,0,1,0,23.0,,voiture,,5,2,1,1,6
202400040713,2024-11-03 22:00:00,2024,11,3,22,0,92,92024,GENERAL LECLERC (BD DU) (9 A 59)   (4 A,48.90295192,2.31326848,Nuit avec éclairage allumé,En agglomération,Giratoire,Normale,Autre collision,4,2,2,0,1,1,1,8,8,30,1,2,1,0,0,1,56.0,,utilitaire_camion,,5,2,6,1,6
202400040713,2024-11-03 22:00:00,2024,11,3,22,0,92,92024,GENERAL LECLERC (BD DU) (9 A 59)   (4 A,48.90295192,2.31326848,Nuit avec éclairage allumé,En agglomération,Giratoire,Normale,Autre collision,4,1,2,0,1,1,1,0,8,30,1,2,1,0,0,1,56.0,,utilitaire_camion,,5,2,6,1,6
202400040714,2024-11-03 07:30:00,2024,11,3,7,30,92,92024,GENERAL LECLERC (BD DU) (9 A 59)   (4 A,48.90209756,2.31425283,Crépuscule ou aube,En agglomération,Intersection en X,Normale,Deux véhicules - côté,4,2,2,0,1,1,1,0,1,30,2,2,1,0,0,1,34.0,36.0,voiture,voiture,2,2,2,1,3
202400040714,2024-11-03 07:30:00,2024,11,3,7,30,92,92024,GENERAL LECLERC (BD DU) (9 A 59)   (4 A,48.90209756,2.31425283,Crépuscule ou aube,En agglomération,Intersection en X,Normale,Deux véhicules - côté,4,1,1,0,1,1,1,0,1,30,2,2,1,0,0,1,34.0,36.0,voiture,voiture,2,2,2,1,3
202400040715,2024-11-09 17:35:00,2024,11,9,17,35,72,72231,la ceverie,47.907324,0.39422,Crépuscule ou aube,Hors agglomération,Hors intersection,Pluie légère,Deux véhicules - frontale,3,2,2,0,1,1,2,0,1,90,2,3,2,0,1,0,60.0,49.0,deux_roues,utilitaire_camion,2,1,1,2,1
202400040716,2024-11-03 06:45:00,2024,11,3,6,45,35,35236,Rue Jacques Cartier,47.647227,-2.094478,Nuit avec éclairage allumé,En agglomération,Intersection en X,Temps couvert,Autre collision,4,1,1,0,1,1,1,0,1,30,1,3,1,0,1,1,,,voiture,,5,2,2,8,6
202400040716,2024-11-03 06:45:00,2024,11,3,6,45,35,35236,Rue Jacques Cartier,47.647227,-2.094478,Nuit avec éclairage allumé,En agglomération,Intersection en X,Temps couvert,Autre collision,4,1,1,2,1,1,1,0,1,30,1,3,1,0,1,1,,,voiture,,5,2,2,8,6
202400040717,2024-12-10 16:02:00,2024,12,10,16,2,51,51568,D944,49.321438,3.973292,Plein jour,Hors agglomération,Hors intersection,Temps couvert,Deux véhicules - frontale,3,2,2,0,1,1,1,0,1,90,2,2,0,1,1,0,72.0,22.0,voiture,utilitaire_camion,1,1,1,8,1
202400040718,2024-11-04 07:00:00,2024,11,4,7,0,47,47048,Lamandigue,44.554798,0.626612,Crépuscule ou aube,Hors agglomération,Hors intersection,Normale,Deux véhicules - frontale,2,2,2,0,3,1,1,0,1,80,2,2,0,0,0,2,26.0,42.0,voiture,utilitaire_camion,2,1,1,1,1
202400040719,2024-12-10 07:45:00,2024,12,10,7,45,51,51597,D3,49.056932,3.891542,Nuit sans éclairage public,Hors agglomération,Intersection en T,Normale,Trois véhicules et plus - collisions multiples,3,2,2,0,4,2,1,0,1,-1,3,3,2,0,1,0,59.0,14.0,utilitaire_camion,deux_roues,3,1,3,1,5
202400040719,2024-12-10 07:45:00,2024,12,10,7,45,51,51597,D3,49.056932,3.891542,Nuit sans éclairage public,Hors agglomération,Intersection en T,Normale,Trois véhicules et plus - collisions multiples,3,2,2,0,1,1,1,0,1,90,3,3,2,0,1,0,59.0,14.0,utilitaire_camion,deux_roues,3,1,3,1,5
202400040720,2024-11-02 19:50:00,2024,11,2,19,50,972,97207,D5,14.571154,-60.959903,Nuit sans éclairage public,Hors agglomération,Hors intersection,Normale,Autre collision,3,2,2,0,4,1,2,0,3,80,1,2,1,1,0,0,59.0,,voiture,,3,1,1,1,6
202400040721,2024-12-10 13:30:00,2024,12,10,13,30,56,56040,Rue Anne de Bretagne,47.855754,-3.377738,Plein jour,En agglomération,Giratoire,Normale,Sans collision,3,2,2,0,1,1,1,0,1,50,1,1,0,0,0,1,53.0,,deux_roues,,1,2,6,1,7
202400040722,2024-11-03 17:10:00,2024,11,3,17,10,972,97210,N6,14.582774,-60.87003,Plein jour,Hors agglomération,Intersection en T,Normale,Deux véhicules - frontale,2,2,2,0,1,1,1,0,1,80,2,2,0,0,2,0,24.0,22.0,deux_roues,deux_roues,1,1,3,1,1
202400040722,2024-11-03 17:10:00,2024,11,3,17,10,972,97210,N6,14.582774,-60.87003,Plein jour,Hors agglomération,Intersection en T,Normale,Deux véhicules - frontale,2,-1, -1,-1,-1,-1,-1,-1,-1,-1,2,2,0,0,2,0,24.0,22.0,deux_roues,deux_roues,1,1,3,1,1
202400040723,2024-11-04 01:50:00,2024,11,4,1,50,86,86223,D5,46.580749,0.879686,Nuit sans éclairage public,Hors agglomération,Hors intersection,Normale,Autre collision,3,-1,2,0,1,2,1,1,1,50,1,1,0,0,1,0,38.0,,voiture,,3,1,1,1,6
202400040724,2024-12-09 18:45:00,2024,12,9,18,45,56,56185,le Vieux Moulin,47.771738,-3.385892,Nuit sans éclairage public,Hors agglomération,Hors intersection,Normale,Trois véhicules et plus - en chaîne,2,3,4,0,1,2,1,0,1,110,3,3,2,0,1,0,27.0,41.0,voiture,voiture,3,1,1,1,4
202400040725,2024-12-10 18:00:00,2024,12,10,18,0,56,56240,Rue Adrien Regent,47.527579,-2.765046,Nuit avec éclairage allumé,En agglomération,Hors intersection,Normale,Autre collision,4,2,2,0,1,1,1,0,1,50,1,3,2,0,1,0,77.0,,voiture,,5,2,1,1,6
202400040726,2024-12-10 07:40:00,2024,12,10,7,40,77,77109,Départementale 75,48.605801,3.180993,Crépuscule ou aube,Hors agglomération,Hors intersection,Normale,Sans collision,3,2,2,0,1,2,6,0,1,80,1,1,0,0,0,1,56.0,,voiture,,2,1,1,1,7
202400040727,2024-11-04 14:20:00,2024,11,4,14,20,50,50535,A84,48.72645914,-1.3035306,Plein jour,Hors agglomération,Hors intersection,Brouillard / fumée,Autre collision,1,3,2,0,1,1,1,0,3,-1,1,1,0,0,0,1,84.0,,voiture,,1,1,1,5,6
202400040728,2024-11-02 14:42:00,2024,11,2,14,42,62,62036,D94,50.44830713,2.23735632,Plein jour,Hors agglomération,Hors intersection,Normale,Autre collision,3,2,2,0,2,2,1,0,8,80,1,1,0,0,0,1,49.0,,voiture,,1,1,1,1,6
202400040729,2024-12-10 18:00:00,2024,12,10,18,0,76,76367,Route des longs Vallons,49.498214,1.071586,Nuit sans éclairage public,Hors agglomération,Hors intersection,Pluie légère,Autre collision,7,2,2,0,1,1,2,0,1,70,1,2,1,0,0,1,52.0,,utilitaire_camion,,3,1,1,2,6
202400040730,2024-12-09 19:20:00,2024,12,9,19,20,65,65373,Route des Pyrenees,43.300978,0.454259,Nuit sans éclairage public,Hors agglomération,Hors intersection,Pluie forte,Autre collision,3,2,2,0,1,1,2,0,3,70,1,1,0,0,1,0,53.0,,voiture,,3,1,1,3,6
202400040731,2024-11-03 17:15:00,2024,11,3,17,15,35,35024,Bel Air,48.16109278,-1.64692193,Plein jour,Hors agglomération,Hors intersection,Normale,Deux véhicules - frontale,4,2,2,0,1,1,1,0,1,50,2,3,1,0,2,0,34.0,77.0,voiture,voiture,1,1,1,1,1
202400040732,2024-11-03 02:15:00,2024,11,3,2,15,56,56165,Bd Yves Carof,47.928726,-2.382746,Nuit avec éclairage non allumé,En agglomération,Giratoire,Normale,Autre collision,3,2,2,0,2,3,1,5,8,50,1,3,1,0,2,0,50.0,,voiture,,4,2,6,1,6
202400040733,2024-11-14 18:00:00,2024,11,14,18,0,11,11049,,43.240404,2.096704,Nuit sans éclairage public,En agglomération,Hors intersection,Normale,Deux véhicules - frontale,3,2,2,0,1,1,1,0,1,50,2,3,1,0,2,0,17.0,71.0,utilitaire_camion,voiture,3,2,1,1,1
202400040734,2024-11-03 06:40:00,2024,11,3,6,40,56,56148,Lieu Dit Kerguinio,47.766965,-3.175188,Nuit sans éclairage public,Hors agglomération,Hors intersection,Normale,Autre collision,4,2,2,0,1,3,1,0,3,80,1,2,0,0,1,1,53.0,,utilitaire_camion,,3,1,1,1,6
202400040735,2024-12-09 19:27:00,2024,12,9,19,27,71,71490,N70,46.516646,4.163325,Nuit sans éclairage public,Hors agglomération,Hors intersection,Normale,Deux véhicules - arrière,2,3,4,0,1,1,2,3,1,110,2,2,1,0,1,0,56.0,35.0,voiture,voiture,3,1,1,1,2
202400040736,2024-11-03 17:05:00,2024,11,3,17,5,56,56008,Kerihhuel,47.620884,-2.94789,Plein jour,Hors agglomération,Hors intersection,Normale,Sans collision,4,2,2,0,1,1,1,0,3,50,1,1,0,0,1,0,18.0,,deux_roues,,1,1,1,1,7
202400040737,2024-12-09 20:20:00,2024,12,9,20,20,49,49029,D751,47.373847,-0.370059,Nuit sans éclairage public,Hors agglomération,Intersection en X,Pluie légère,Deux véhicules - frontale,3,2,2,0,1,1,2,5,1,80,2,2,1,1,0,0,69.0,41.0,voiture,voiture,3,1,2,2,1
202400040737,2024-12-09 20:20:00,2024,12,9,20,20,49,49029,D751,47.373847,-0.370059,Nuit sans éclairage public,Hors agglomération,Intersection en X,Pluie légère,Deux véhicules - frontale,3,2,2,0,1,1,2,5,1,80,2,2,1,1,0,0,69.0,41.0,voiture,voiture,3,1,2,2,1
202400040738,2024-12-09 15:10:00,2024,12,9,15,10,22,22241,Porcollois,48.127053,-2.626483,Plein jour,Hors agglomération,Hors intersection,Pluie légère,Deux véhicules - côté,3,2,2,0,1,1,2,0,1,80,2,2,0,0,1,1,78.0,21.0,voiture,utilitaire_camion,1,1,1,2,3
202400040739,2024-11-04 08:40:00,2024,11,4,8,40,76,76199,Le Vergenet,49.69357312,1.67384505,Crépuscule ou aube,Hors agglomération,Intersection en T,Brouillard / fumée,Deux véhicules - côté,3,2,2,0,1,1,1,0,1,80,2,2,1,0,0,1,21.0,43.0,voiture,voiture,2,1,3,5,3
202400040739,2024-11-04 08:40:00,2024,11,4,8,40,76,76199,Le Vergenet,49.69357312,1.67384505,Crépuscule ou aube,Hors agglomération,Intersection en T,Brouillard / fumée,Deux véhicules - côté,3,2, -1,-1,1,1,1,0,1,-1,2,2,1,0,0,1,21.0,43.0,voiture,voiture,2,1,3,5,3
202400040740,2024-12-10 06:50:00,2024,12,10,6,50,35,35027,La Cloture,48.17352458,-2.0519489,Nuit sans éclairage public,Hors agglomération,Hors intersection,Normale,Deux véhicules - côté,3,2,2,0,1,1,1,0,1,80,2,2,1,0,1,0,23.0,17.0,voiture,deux_roues,3,1,1,1,3
202400040741,2024-11-03 12:00:00,2024,11,3,12,0,80,80815,D1001,50.325688,1.749886,Plein jour,Hors agglomération,Hors intersection,Normale,Deux véhicules - frontale,3,-1,2,0,1,1,1,0,1,-1,1,2,0,0,0,2,24.0,,deux_roues,,1,1,1,1,1
202400040742,2024-12-09 08:00:00,2024,12,9,8,0,29,29293,Route de Lambell,47.85593,-3.876862,Crépuscule ou aube,En agglomération,Hors intersection,Temps couvert,Autre collision,4,1,1,1,1,1,1,6,5,50,1,2,1,0,1,0,52.0,,deux_roues,,2,2,1,8,6
202400040743,2024-11-03 19:50:00,2024,11,3,19,50,61,61440,24 Lieu Dit Blondeliere,48.730917,0.62519,Nuit sans éclairage public,Hors agglomération,Hors intersection,Brouillard / fumée,Autre collision,3,2,2,0,1,1,1,0,3,90,1,1,0,0,1,0,18.0,,voiture,,3,1,1,5,6
202400040744,2024-12-09 15:00:00,2024,12,9,15,0,29,29279,D58,48.61621138,-3.89394617,Plein jour,Hors agglomération,Hors intersection,Pluie forte,Autre collision,3,1,2,0,1,1,2,0,3,110,1,3,0,0,1,2,55.0,,voiture,,1,1,1,3,6
202400040745,2024-11-04 18:00:00,2024,11,4,18,0,42,42181,Route de Lyon,45.991558,4.224093,Crépuscule ou aube,En agglomération,Autre intersection,Normale,Autre collision,3,2,2,0,1,2,1,0,3,50,1,1,0,1,0,0,50.0,,deux_roues,,2,2,9,1,6
202400040745,2024-11-04 18:00:00,2024,11,4,18,0,42,42181,Route de Lyon,45.991558,4.224093,Crépuscule ou aube,En agglomération,Autre intersection,Normale,Autre collision,3,2,2,-1,2,1,1,0,3,-1,1,1,0,1,0,0,50.0,,deux_roues,,2,2,9,1,6
202400040746,2024-12-09 17:45:00,2024,12,9,17,45,31,31246,Chemin la Lanne,43.116683,0.828301,Nuit avec éclairage allumé,En agglomération,Intersection en X,Pluie légère,Deux véhicules - côté,3,3,2,0,3,1,2,0,1,50,2,4,0,0,0,4,21.0,35.0,voiture,voiture,5,2,2,2,3
202400040746,2024-12-09 17:45:00,2024,12,9,17,45,31,31246,Chemin la Lanne,43.116683,0.828301,Nuit avec éclairage allumé,En agglomération,Intersection en X,Pluie légère,Deux véhicules - côté,3,2,2,0,1,1,2,0,1,50,2,4,0,0,0,4,21.0,35.0,voiture,voiture,5,2,2,2,3
202400040747,2024-11-02 16:39:00,2024,11,2,16,39,42,42289,Route de Lyon,45.942794,4.263082,Plein jour,Hors agglomération,Intersection en Y,Brouillard / fumée,Deux véhicules - côté,2,2,3,0,1,2,9,0,1,80,2,2,1,0,1,0,73.0,89.0,deux_roues,utilitaire_camion,1,1,4,5,3
202400040747,2024-11-02 16:39:00,2024,11,2,16,39,42,42289,Route de Lyon,45.942794,4.263082,Plein jour,Hors agglomération,Intersection en Y,Brouillard / fumée,Deux véhicules - côté,2,2,2,-1,1,1,9,0,1,-1,2,2,1,0,1,0,73.0,89.0,deux_roues,utilitaire_camion,1,1,4,5,3
202400040748,2024-11-16 02:35:00,2024,11,16,2,35,02,02086,D56,49.57497,3.211817,Nuit sans éclairage public,Hors agglomération,Hors intersection,Normale,Autre collision,3,2,2,0,2,4,1,0,3,80,1,2,1,0,0,1,36.0,,voiture,,3,1,1,1,6
202400040749,2024-10-28 16:20:00,2024,10,28,16,20,42,42249,Avenue de Bellevue,45.892121,4.235895,Plein jour,En agglomération,Intersection en Y,Temps éblouissant,Deux véhicules - frontale,3,2,2,0,1,1,1,0,1,50,2,2,1,0,1,0,72.0,62.0,deux_roues,voiture,1,2,4,7,1
202400040749,2024-10-28 16:20:00,2024,10,28,16,20,42,42249,Avenue de Bellevue,45.892121,4.235895,Plein jour,En agglomération,Intersection en Y,Temps éblouissant,Deux véhicules - frontale,3,2,2,-1,1,3,1,0,1,-1,2,2,1,0,1,0,72.0,62.0,deux_roues,voiture,1,2,4,7,1
202400040750,2024-12-09 12:05:00,2024,12,9,12,5,84,84089,Route de la Bonde,43.719831,5.504193,Plein jour,Hors agglomération,Hors intersection,Normale,Sans collision,3,2,2,0,1,1,1,0,3,80,1,1,0,1,0,0,88.0,,voiture,,1,1,1,1,7
202400040751,2024-11-04 08:20:00,2024,11,4,8,20,34,34142,Avenue Joseph Vallot,43.732151,3.311469,Plein jour,En agglomération,Hors intersection,Normale,Autre collision,3,2,2,0,1,1,1,0,1,50,1,2,1,0,0,1,38.0,,voiture,,1,2,1,1,6
202400040752,2024-12-09 12:45:00,2024,12,9,12,45,26,26304,Chemin du vignal,44.435404,5.238794,Plein jour,Hors agglomération,Hors intersection,Normale,Sans collision,4,-1,1,0,3,2,6,0,8,-1,1,2,1,0,0,1,25.0,,utilitaire_camion,,1,1,1,1,7
202400040753,2024-10-22 11:40:00,2024,10,22,11,40,22,22158,N164,48.212034,-2.984698,Plein jour,Hors agglomération,Hors intersection,Brouillard / fumée,Deux véhicules - arrière,2,2,2,0,1,1,2,0,1,80,2,3,2,0,1,0,86.0,56.0,voiture,utilitaire_camion,1,1,1,5,2
202400040754,2024-12-09 17:55:00,2024,12,9,17,55,06,06079,145 boulevard de la libération,43.565933,6.941557,Nuit avec éclairage allumé,En agglomération,Hors intersection,Normale,Deux véhicules - arrière,3,2,2,0,1,1,1,0,1,50,2,2,1,0,0,1,21.0,40.0,voiture,voiture,5,2,1,1,2
202400040755,2024-11-04 15:57:00,2024,11,4,15,57,38,38027,Route de la Gache,45.429662,5.984479,Plein jour,Hors agglomération,Hors intersection,Normale,Deux véhicules - arrière,3,2,2,0,2,2,1,0,1,80,2,2,1,0,1,0,38.0,69.0,voiture,deux_roues,1,1,1,1,2
202400040756,2024-12-09 16:45:00,2024,12,9,16,45,14,14326,Route de Cormeilles,49.152854,0.264106,Plein jour,En agglomération,Hors intersection,Temps couvert,Deux véhicules - arrière,3,2,2,0,1,1,2,0,1,80,2,2,1,0,1,0,,65.0,voiture,deux_roues,1,2,1,8,2
202400040757,2024-11-02 17:00:00,2024,11,2,17,0,15,15215,Chemin des Melicomps,44.97964,2.510054,Crépuscule ou aube,Hors agglomération,Hors intersection,Normale,Autre collision,4,2,2,0,2,3,1,0,3,90,1,1,0,0,1,0,82.0,,voiture,,2,1,1,1,6
202400040758,2024-11-04 14:45:00,2024,11,4,14,45,01,01113,D26,46.162333,5.07799,Plein jour,En agglomération,Hors intersection,Normale,Autre collision,3,2,2,0,1,1,1,9,1,50,1,3,0,0,3,0,55.0,,voiture,,1,2,1,1,6
202400040759,2024-12-10 16:10:00,2024,12,10,16,10,50,50562,La Bijude,49.603973,-1.259399,Plein jour,Hors agglomération,Hors intersection,Vent fort / tempête,Autre collision,3,2,2,0,1,1,2,0,3,80,1,1,0,0,1,0,78.0,,voiture,,1,1,1,6,6
202400040760,2024-11-03 12:15:00,2024,11,3,12,15,66,66148,Paulilles RD 914,42.503396,3.121367,Plein jour,Hors agglomération,Hors intersection,Normale,Autre collision,3,2,2,0,1,3,2,0,1,80,1,2,0,0,1,1,27.0,,deux_roues,,1,1,1,1,6
202400040761,2024-12-10 14:00:00,2024,12,10,14,0,16,16404,La Grande Petoulle,46.02965448,0.38364037,Plein jour,Hors agglomération,Autre intersection,Normale,Deux véhicules - côté,3,2,2,0,1,1,1,0,1,80,2,2,1,1,0,0,56.0,26.0,voiture,voiture,1,1,9,1,3
202400040761,2024-12-10 14:00:00,2024,12,10,14,0,16,16404,La Grande Petoulle,46.02965448,0.38364037,Plein jour,Hors agglomération,Autre intersection,Normale,Deux véhicules - côté,3,2,2,0,1,1,1,0,1,80,2,2,1,1,0,0,56.0,26.0,voiture,voiture,1,1,9,1,3
202400040762,2024-11-03 16:55:00,2024,11,3,16,55,50,50030,Rue Alfred Rossel,49.669253,-1.263455,Crépuscule ou aube,En agglomération,Hors intersection,Normale,Deux véhicules - côté,4,2,2,0,1,1,1,0,1,50,2,3,1,0,1,1,55.0,24.0,voiture,deux_roues,2,2,1,1,3
202400040763,2024-11-03 14:50:00,2024,11,3,14,50,90,90052,Faubourg de France,47.740844,6.815936,Plein jour,En agglomération,Hors intersection,Normale,Sans collision,3,2,2,0,2,2,1,9,1,30,1,1,0,0,0,1,68.0,,deux_roues,,1,2,1,1,7
202400040764,2024-12-09 18:25:00,2024,12,9,18,25,53,53096,La Petite Grange,48.29958542,-0.9609219,Nuit sans éclairage public,Hors agglomération,Hors intersection,Normale,Deux véhicules - frontale,2,2,2,0,1,1,2,0,1,80,2,3,0,0,0,3,24.0,24.0,voiture,voiture,3,1,1,1,1
202400040765,2024-11-01 15:14:00,2024,11,1,15,14,43,43051,Route de la Suchère,45.03737558,4.29564103,Plein jour,Hors agglomération,Hors intersection,Normale,Deux véhicules - côté,3,2,2,0,1,3,1,0,1,80,2,2,1,0,1,0,70.0,77.0,deux_roues,voiture,1,1,1,1,3
202400040766,2024-12-07 10:40:00,2024,12,7,10,40,40,40264,Route de Houndouban,43.59916278,-1.27156697,Plein jour,Hors agglomération,Hors intersection,Pluie légère,Deux véhicules - frontale,3,2,2,0,3,1,2,0,1,80,2,6,3,0,2,1,53.0,44.0,utilitaire_camion,voiture,1,1,1,2,1
202400040767,2024-11-04 15:10:00,2024,11,4,15,10,07,07329,Route de Saint-Martin,44.59041455,4.1194396,Plein jour,Hors agglomération,Hors intersection,Normale,Sans collision,3,2,2,0,1,3,1,0,3,50,1,1,0,0,1,0,48.0,,voiture,,1,1,1,1,7
202400040768,2024-12-07 14:15:00,2024,12,7,14,15,85,85026,D12,46.55759,-1.44297,Plein jour,Hors agglomération,Hors intersection,Normale,Autre collision,3,2,2,0,1,1,1,0,3,80,1,1,0,0,1,0,42.0,,voiture,,1,1,1,1,6