accident_id,datetime,annee,mois,jour,heure,minute,departement,commune_insee,adresse,latitude,longitude,luminosite,agglomeration,intersection,meteo,collision,catr,circ,nbv,vosp,prof,plan,surf,infra,situ,vma,nb_vehicules,nb_usagers,nb_indemnes,nb_tues,nb_blesses_hosp,nb_blesses_legers,age_cond_1,age_cond_2,veh_type_cond_1,veh_type_cond_2,lum_code,agg_code,int_code,atm_code,col_code
202400040843,2024-01-12 16:10:00,2024,1,12,16,10,44,44109,24 Rue Racine,47.21440634,-1.56546708,Plein jour,En agglomération,Intersection en X,Normale,Autre collision,4,2,2,0,1,1,1,5,1,50,1,2,1,0,1,0,52.0,,voiture,,1,2,2,1,6
202400040843,2024-01-12 16:10:00,2024,1,12,16,10,44,44109,24 Rue Racine,47.21440634,-1.56546708,Plein jour,En agglomération,Intersection en X,Normale,Autre collision,4,1,1,0,2,2,1,0,1,30,1,2,1,0,1,0,52.0,,voiture,,1,2,2,1,6
202400040844,2024-01-12 13:50:00,2024,1,12,13,50,37,37261,DE GAULLE (AVENUE DU GENERAL),47.38068,0.69876,Plein jour,En agglomération,Hors intersection,Normale,Deux véhicules - côté,4,2,1,0,1,1,1,0,1,50,2,2,1,0,0,1,56.0,78.0,deux_roues,voiture,1,2,1,1,3
202400040845,2024-01-12 07:35:00,2024,1,12,7,35,37,37261,GANCE (BOULEVARD ABEL),47.4269,0.70979,Nuit avec éclairage allumé,En agglomération,Hors intersection,Normale,Deux véhicules - arrière,7,2,4,1,1,1,1,0,1,50,2,2,1,0,0,1,32.0,60.0,voiture,deux_roues,5,2,1,1,2
202400040846,2024-01-09 18:20:00,2024,1,9,18,20,35,35238,JANVIER (AVENUE JEAN),48.10988,-1.6742,Nuit avec éclairage allumé,En agglomération,Intersection en X,Normale,Autre collision,4,2,2,2,1,1,1,0,1,30,1,2,1,0,0,1,54.0,,transport_commun,,5,2,2,1,6
202400040846,2024-01-09 18:20:00,2024,1,9,18,20,35,35238,JANVIER (AVENUE JEAN),48.10988,-1.6742,Nuit avec éclairage allumé,En agglomération,Intersection en X,Normale,Autre collision,4,1,1,3,1,1,1,0,1,30,1,2,1,0,0,1,54.0,,transport_commun,,5,2,2,1,6
202400040847,2024-01-12 08:35:00,2024,1,12,8,35,34,34301,BLANC CAMILLE (BOULEVARD),43.40555,3.66371,Plein jour,En agglomération,Hors intersection,Normale,Deux véhicules - côté,4,2,2,0,1,1,2,0,4,50,2,2,0,0,1,1,86.0,50.0,voiture,voiture,1,2,1,1,3
202400040848,2024-01-12 19:30:00,2024,1,12,19,30,33,33039,,44.81926,-0.53856,Nuit avec éclairage allumé,En agglomération,Intersection en T,Normale,Deux véhicules - côté,4,3,4,0,1,1,1,5,1,50,2,3,1,0,0,2,48.0,27.0,voiture,voiture,5,2,3,1,3
202400040848,2024-01-12 19:30:00,2024,1,12,19,30,33,33039,,44.81926,-0.53856,Nuit avec éclairage allumé,En agglomération,Intersection en T,Normale,Deux véhicules - côté,4,1,1,0,1,1,1,0,1,30,2,3,1,0,0,2,48.0,27.0,voiture,voiture,5,2,3,1,3
202400040849,2024-01-12 08:20:00,2024,1,12,8,20,33,33167,,44.8252,-0.53368,Plein jour,En agglomération,Hors intersection,Temps couvert,Autre collision,4,2,2,0,1,1,1,0,1,50,1,2,1,0,0,1,41.0,,voiture,,1,2,1,8,6
202400040850,2024-01-10 16:46:00,2024,1,10,16,46,33,33281,Rue de Beaudesert,44.84289,-0.6929,Plein jour,En agglomération,Hors intersection,Pluie légère,Deux véhicules - frontale,4,2,2,1,1,1,8,0,1,50,2,2,0,0,0,2,30.0,18.0,voiture,voiture,1,2,1,2,1
202400040851,2024-01-12 16:40:00,2024,1,12,16,40,31,31555,VA007379 BAYLAC  A624 Sortie 1,43.60503,1.39734,Plein jour,Hors agglomération,Hors intersection,Temps couvert,Trois véhicules et plus - collisions multiples,1,1,4,0,1,1,1,0,1,90,3,3,1,0,1,1,38.0,20.0,voiture,voiture,1,1,1,8,5
202400040852,2024-01-12 11:00:00,2024,1,12,11,0,30,30007,AVEJAN (RUE D'),44.12389,4.07957,Plein jour,En agglomération,Hors intersection,Normale,Sans collision,4,1,1,0,1,1,1,6,1,20,1,2,1,0,0,1,79.0,,voiture,,1,2,1,1,7
202400040853,2024-01-12 23:25:00,2024,1,12,23,25,29,29019,,48.41513015,-4.47982818,Nuit avec éclairage allumé,En agglomération,Giratoire,Normale,Autre collision,3,2,2,0,1,2,1,5,8,50,1,4,0,0,1,3,20.0,,voiture,,5,2,6,1,6
202400040854,2024-01-12 07:50:00,2024,1,12,7,50,29,29019,rue Anatole France,48.381523,-4.527406,Nuit avec éclairage allumé,En agglomération,Giratoire,Normale,Deux véhicules - côté,4,2,2,0,1,1,1,0,1,30,2,2,1,0,0,1,44.0,19.0,deux_roues,voiture,5,2,6,1,3
202400040854,2024-01-12 07:50:00,2024,1,12,7,50,29,29019,rue Anatole France,48.381523,-4.527406,Nuit avec éclairage allumé,En agglomération,Giratoire,Normale,Deux véhicules - côté,4,2,2,0,1,1,1,0,1,30,2,2,1,0,0,1,44.0,19.0,deux_roues,voiture,5,2,6,1,3
202400040855,2024-01-12 07:50:00,2024,1,12,7,50,29,29019,avenue Maréchal Foch,48.394347,-4.48803,Nuit avec éclairage allumé,En agglomération,Hors intersection,Normale,Autre collision,4,2,2,0,1,1,1,8,1,50,3,4,2,0,0,2,25.0,37.0,voiture,voiture,5,2,1,1,6
202400040856,2024-01-11 20:00:00,2024,1,11,20,0,29,29019,rue de la Villeneuve,48.409084,-4.468101,Nuit avec éclairage allumé,En agglomération,Intersection en X,Normale,Autre collision,4,2, -1,0,1,1,1,0,1,-1,1,2,1,0,0,1,47.0,,voiture,,5,2,2,1,6
202400040856,2024-01-11 20:00:00,2024,1,11,20,0,29,29019,rue de la Villeneuve,48.409084,-4.468101,Nuit avec éclairage allumé,En agglomération,Intersection en X,Normale,Autre collision,4,2,2,0,1,1,1,0,1,50,1,2,1,0,0,1,47.0,,voiture,,5,2,2,1,6
202400040857,2024-01-11 19:00:00,2024,1,11,19,0,29,29019,PLYMOUTH (ENTRE POINT DU JOUR ET 19 MARS,48.3875,-4.52267,Nuit avec éclairage allumé,En agglomération,Intersection en T,Normale,Deux véhicules - côté,4,2,3,0,2,1,1,0,1,30,2,2,1,0,0,1,59.0,22.0,voiture,deux_roues,5,2,3,1,3
202400040857,2024-01-11 19:00:00,2024,1,11,19,0,29,29019,PLYMOUTH (ENTRE POINT DU JOUR ET 19 MARS,48.3875,-4.52267,Nuit avec éclairage allumé,En agglomération,Intersection en T,Normale,Deux véhicules - côté,4,2,2,0,1,1,1,0,1,30,2,2,1,0,0,1,59.0,22.0,voiture,deux_roues,5,2,3,1,3
202400040858,2024-01-12 05:55:00,2024,1,12,5,55,27,27562,PRES (RUE DES),49.10469,1.45572,Nuit avec éclairage allumé,En agglomération,Hors intersection,Normale,Deux véhicules - côté,4,2,2,0,1,1,1,0,1,30,2,2,1,0,0,1,18.0,31.0,deux_roues,voiture,5,2,1,1,3
202400040859,2024-01-12 12:45:00,2024,1,12,12,45,27,27229,BRIAND (AVENUE ARISTIDE),49.01615,1.12213,Plein jour,En agglomération,Hors intersection,Normale,Deux véhicules - côté,4,2,2,0,1,1,1,0,1,50,2,2,1,0,0,1,28.0,27.0,voiture,deux_roues,1,2,1,1,3
202400040860,2024-01-12 10:20:00,2024,1,12,10,20,26,26198,Avenue du Marechal Juin,44.55979,4.76015,Plein jour,En agglomération,Hors intersection,Normale,Deux véhicules - frontale,3,2,2,0,1,1,1,0,1,50,2,2,0,0,0,2,30.0,56.0,voiture,utilitaire_camion,1,2,1,1,1
202400040861,2024-01-12 22:50:00,2024,1,12,22,50,25,25056,RN 1057 (CH. EPITAPHE-CH. MONTBOUCONS),47.2543,5.991537,Nuit sans éclairage public,En agglomération,Hors intersection,Normale,Autre collision,2,3,4,0,1,1,1,3,1,90,1,1,0,0,0,1,22.0,,voiture,,3,2,1,1,6
202400040862,2024-01-12 01:10:00,2024,1,12,1,10,23,23096,LEROUX (AVENUE PIERRE),46.17282,1.88126,Nuit avec éclairage non allumé,En agglomération,Hors intersection,Normale,Autre collision,4,2,2,0,1,1,2,0,1,50,1,2,1,0,0,1,19.0,,voiture,,4,2,1,1,6
202400040863,2024-01-10 16:05:00,2024,1,10,16,5,19,19031,Avenue Jean Charles Rivet,45.15101,1.49983,Plein jour,En agglomération,Hors intersection,Neige / grêle,Deux véhicules - arrière,4,2,2,0,1,1,2,0,1,50,2,2,1,0,0,1,20.0,70.0,deux_roues,voiture,1,2,1,4,2
202400040864,2024-01-12 18:50:00,2024,1,12,18,50,17,17380,VIOLETTES (DES),45.6626,-1.06301,Nuit sans éclairage public,En agglomération,Intersection en T,Temps couvert,Deux véhicules - côté,4,2,2,0,1,1,1,0,1,50,2,2,1,0,0,1,31.0,30.0,voiture,deux_roues,3,2,3,8,3
202400040864,2024-01-12 18:50:00,2024,1,12,18,50,17,17380,VIOLETTES (DES),45.6626,-1.06301,Nuit sans éclairage public,En agglomération,Intersection en T,Temps couvert,Deux véhicules - côté,4,2,2,0,1,1,1,0,1,50,2,2,1,0,0,1,31.0,30.0,voiture,deux_roues,3,2,3,8,3
202400040865,2024-01-12 13:00:00,2024,1,12,13,0,13,13215,LITTORAL (CHEMIN DU),43.34328,5.34767,Plein jour,En agglomération,Hors intersection,Normale,Trois véhicules et plus - collisions multiples,3,1,2,0,1,1,1,0,1,50,3,3,2,0,1,0,45.0,45.0,deux_roues,voiture,1,2,1,1,5
202400040866,2024-01-12 08:05:00,2024,1,12,8,5,13,13005,CAMP DE SARLIER ROUTE DE GEMENOS,43.29788,5.58964,Plein jour,En agglomération,Hors intersection,Temps couvert,Deux véhicules - côté,3,2,2,1,1,1,2,2,1,50,2,2,1,0,0,1,19.0,35.0,deux_roues,voiture,1,2,1,8,3
202400040867,2024-01-13 01:40:00,2024,1,13,1,40,11,11069,,43.23784,2.37318,Nuit sans éclairage public,En agglomération,Hors intersection,Normale,Autre collision,3,2,2,0,1,1,1,0,1,80,1,1,0,0,0,1,28.0,,voiture,,3,2,1,1,6
202400040868,2024-01-12 14:45:00,2024,1,12,14,45,11,11069,,43.22647,2.33947,Plein jour,En agglomération,Hors intersection,Normale,Autre collision,4,2,2,0,2,2,1,0,1,50,1,2,1,0,0,1,72.0,,voiture,,1,2,1,1,6
202400040869,2024-01-12 09:42:00,2024,1,12,9,42,10,10387,ST DOMINIQUE (MAIL),48.29474,4.08247,Plein jour,En agglomération,Giratoire,Normale,Deux véhicules - côté,4,1,2,0,1,1,1,0,1,50,2,3,2,0,0,1,23.0,44.0,voiture,voiture,1,2,6,1,3
202400040869,2024-01-12 09:42:00,2024,1,12,9,42,10,10387,ST DOMINIQUE (MAIL),48.29474,4.08247,Plein jour,En agglomération,Giratoire,Normale,Deux véhicules - côté,4,-1,2,0,1,1,1,0,1,50,2,3,2,0,0,1,23.0,44.0,voiture,voiture,1,2,6,1,3
202400040870,2024-01-11 09:59:00,2024,1,11,9,59,10,10343,boulevard de Dijon,48.2751,4.084,Plein jour,En agglomération,Intersection en X,Temps éblouissant,Deux véhicules - côté,4,2,4,0,1,1,1,0,1,50,2,2,1,0,0,1,35.0,23.0,deux_roues,voiture,1,2,2,7,3
202400040870,2024-01-11 09:59:00,2024,1,11,9,59,10,10343,boulevard de Dijon,48.2751,4.084,Plein jour,En agglomération,Intersection en X,Temps éblouissant,Deux véhicules - côté,4,2,0,0,1,1,1,0,1,50,2,2,1,0,0,1,35.0,23.0,deux_roues,voiture,1,2,2,7,3
202400040871,2024-01-11 00:35:00,2024,1,11,0,35,75,75118,BD PERIPHERIQUE INTERIEUR,48.900728,2.362969,Nuit avec éclairage allumé,En agglomération,Hors intersection,Normale,Deux véhicules - arrière,4,1,2,0,1,1,1,0,1,30,2,2,1,0,0,1,25.0,,voiture,voiture,5,2,1,1,2
202400040872,2024-01-12 17:00:00,2024,1,12,17,0,75,75119,RUE DE LA HAIE COQ,48.90115,2.371922,Crépuscule ou aube,En agglomération,Intersection en X,Normale,Deux véhicules - côté,4,2,2,0,1,1,1,0,1,30,2,2,1,0,0,1,85.0,74.0,deux_roues,voiture,2,2,2,1,3
202400040872,2024-01-12 17:00:00,2024,1,12,17,0,75,75119,RUE DE LA HAIE COQ,48.90115,2.371922,Crépuscule ou aube,En agglomération,Intersection en X,Normale,Deux véhicules - côté,4,1,2,1,1,1,1,0,1,30,2,2,1,0,0,1,85.0,74.0,deux_roues,voiture,2,2,2,1,3
202400040873,2024-01-12 09:30:00,2024,1,12,9,30,75,75117,RUE GALVANI,48.88399,2.290881,Plein jour,En agglomération,Intersection en T,Normale,Autre collision,4,1, -1,-1,1,1,1,0,1,30,1,2,1,0,0,1,48.0,,voiture,,1,2,3,1,6
202400040873,2024-01-12 09:30:00,2024,1,12,9,30,75,75117,RUE GALVANI,48.88399,2.290881,Plein jour,En agglomération,Intersection en T,Normale,Autre collision,4,1,1,0,1,1,1,0,1,30,1,2,1,0,0,1,48.0,,voiture,,1,2,3,1,6
202400040874,2024-01-12 07:00:00,2024,1,12,7,0,75,75117,AVENUE DE LA PORTE DE CHAMPERRET,48.88607,2.287918,Nuit avec éclairage allumé,En agglomération,Intersection en T,Normale,Deux véhicules - côté,4,2,4,3,1,1,1,0,1,30,2,2,1,0,0,1,46.0,31.0,utilitaire_camion,deux_roues,5,2,3,1,3
202400040874,2024-01-12 07:00:00,2024,1,12,7,0,75,75117,AVENUE DE LA PORTE DE CHAMPERRET,48.88607,2.287918,Nuit avec éclairage allumé,En agglomération,Intersection en T,Normale,Deux véhicules - côté,4,1, -1,-1,1,1,1,0,1,30,2,2,1,0,0,1,46.0,31.0,utilitaire_camion,deux_roues,5,2,3,1,3
202400040875,2024-01-12 07:30:00,2024,1,12,7,30,75,75112,PONT DE TOLBIAC,48.833484,2.382071,Nuit avec éclairage allumé,En agglomération,Intersection en T,Normale,Sans collision,4,2,3,0,1,1,1,2,1,50,2,2,1,0,0,1,53.0,,deux_roues,deux_roues,5,2,3,1,7
202400040875,2024-01-12 07:30:00,2024,1,12,7,30,75,75112,PONT DE TOLBIAC,48.833484,2.382071,Nuit avec éclairage allumé,En agglomération,Intersection en T,Normale,Sans collision,4,1,1,1,1,1,1,0,1,50,2,2,1,0,0,1,53.0,,deux_roues,deux_roues,5,2,3,1,7
202400040876,2024-01-12 03:45:00,2024,1,12,3,45,75,75112,AVENUE LEDRU ROLLIN,48.845869,2.367657,Nuit avec éclairage allumé,En agglomération,Intersection en X,Normale,Autre collision,4,1,2,1,1,1,1,0,8,50,1,2,1,0,0,1,52.0,,deux_roues,,5,2,2,1,6
202400040876,2024-01-12 03:45:00,2024,1,12,3,45,75,75112,AVENUE LEDRU ROLLIN,48.845869,2.367657,Nuit avec éclairage allumé,En agglomération,Intersection en X,Normale,Autre collision,4,1,2,0,1,1,1,0,8,50,1,2,1,0,0,1,52.0,,deux_roues,,5,2,2,1,6
202400040877,2024-01-12 10:45:00,2024,1,12,10,45,75,75110,BOULEVARD SAINT MARTIN,48.868958,2.356008,Plein jour,En agglomération,Intersection en T,Temps couvert,Autre collision,4,2,4,3,1,1,1,0,1,30,1,1,0,0,0,1,30.0,,deux_roues,,1,2,3,8,6
202400040877,2024-01-12 10:45:00,2024,1,12,10,45,75,75110,BOULEVARD SAINT MARTIN,48.868958,2.356008,Plein jour,En agglomération,Intersection en T,Temps couvert,Autre collision,4,1, -1,-1,1,1,1,0,1,30,1,1,0,0,0,1,30.0,,deux_roues,,1,2,3,8,6
202400040878,2024-01-11 20:12:00,2024,1,11,20,12,75,75110,BOULEVARD DE MAGENTA,48.87317747,2.35883528,Nuit avec éclairage allumé,En agglomération,Intersection en X,Normale,Autre collision,4,2,4,3,1,1,1,0,1,30,1,2,0,0,1,1,33.0,,deux_roues,,5,2,2,1,6
202400040878,2024-01-11 20:12:00,2024,1,11,20,12,75,75110,BOULEVARD DE MAGENTA,48.87317747,2.35883528,Nuit avec éclairage allumé,En agglomération,Intersection en X,Normale,Autre collision,4,1, -1,-1,1,1,1,0,1,30,1,2,0,0,1,1,33.0,,deux_roues,,5,2,2,1,6
202400040879,2024-01-12 19:20:00,2024,1,12,19,20,75,75108,BOULEVARD MALESHERBES,48.875655,2.318806,Nuit avec éclairage allumé,En agglomération,Intersection en T,Normale,Deux véhicules - côté,4,2,2,1,1,1,1,0,1,30,2,2,0,0,0,2,60.0,26.0,deux_roues,deux_roues,5,2,3,1,3
202400040879,2024-01-12 19:20:00,2024,1,12,19,20,75,75108,BOULEVARD MALESHERBES,48.875655,2.318806,Nuit avec éclairage allumé,En agglomération,Intersection en T,Normale,Deux véhicules - côté,4,-1,1,0,1,1,1,0,1,30,2,2,0,0,0,2,60.0,26.0,deux_roues,deux_roues,5,2,3,1,3
202400040880,2024-01-12 01:12:00,2024,1,12,1,12,75,75114,RUE VERCINGETORIX,48.829132,2.306451,Nuit avec éclairage allumé,En agglomération,Intersection en T,Temps couvert,Deux véhicules - côté,4,1, -1,-1,1,1,1,0,5,30,2,2,1,0,0,1,24.0,31.0,voiture,deux_roues,5,2,3,8,3
202400040880,2024-01-12 01:12:00,2024,1,12,1,12,75,75114,RUE VERCINGETORIX,48.829132,2.306451,Nuit avec éclairage allumé,En agglomération,Intersection en T,Temps couvert,Deux véhicules - côté,4,1,2,1,1,1,1,0,5,30,2,2,1,0,0,1,24.0,31.0,voiture,deux_roues,5,2,3,8,3
202400040881,2024-01-12 16:33:00,2024,1,12,16,33,94,94078,11 Rue de Crosne,48.724374,2.447154,Plein jour,En agglomération,Hors intersection,Normale,Autre collision,3,2,2,0,1,3,1,0,4,50,1,6,5,0,0,1,44.0,,voiture,,1,2,1,1,6
202400040882,2024-01-12 09:05:00,2024,1,12,9,5,94,94022,Boulevard de Stalingrad / Bretelle A86,48.77285264,2.40026861,Plein jour,En agglomération,Intersection en T,Temps couvert,Autre collision,1,3,4,0,1,1,1,5,3,50,1,1,0,0,0,1,25.0,,voiture,,1,2,3,8,6
202400040882,2024-01-12 09:05:00,2024,1,12,9,5,94,94022,Boulevard de Stalingrad / Bretelle A86,48.77285264,2.40026861,Plein jour,En agglomération,Intersection en T,Temps couvert,Autre collision,1,1,3,-1,2,1,1,3,3,-1,1,1,0,0,0,1,25.0,,voiture,,1,2,3,8,6
202400040883,2024-01-11 14:50:00,2024,1,11,14,50,94,94079,Boulevard de Friedberg / Boulevard Jean Monnet,48.835023,2.547194,Plein jour,En agglomération,Autre intersection,Normale,Deux véhicules - côté,3,3,4,0,1,1,1,0,1,50,2,2,1,0,0,1,45.0,51.0,deux_roues,voiture,1,2,9,1,3
202400040883,2024-01-11 14:50:00,2024,1,11,14,50,94,94079,Boulevard de Friedberg / Boulevard Jean Monnet,48.835023,2.547194,Plein jour,En agglomération,Autre intersection,Normale,Deux véhicules - côté,3,3,3,-1,1,1,1,0,1,-1,2,2,1,0,0,1,45.0,51.0,deux_roues,voiture,1,2,9,1,3
202400040884,2024-01-12 16:30:00,2024,1,12,16,30,93,93039,Rue Méchin / Rue du Bocage,48.93568921,2.33898076,Crépuscule ou aube,En agglomération,Intersection en X,Normale,Deux véhicules - côté,3,3,2,0,1,1,1,0,6,30,2,2,1,0,0,1,26.0,,voiture,voiture,2,2,2,1,3
202400040884,2024-01-12 16:30:00,2024,1,12,16,30,93,93039,Rue Méchin / Rue du Bocage,48.93568921,2.33898076,Crépuscule ou aube,En agglomération,Intersection en X,Normale,Deux véhicules - côté,3,1,1,0,1,1,1,0,6,-1,2,2,1,0,0,1,26.0,,voiture,voiture,2,2,2,1,3
202400040885,2024-01-12 09:00:00,2024,1,12,9,0,93,93050,Avenue Jean Jaurès / Avenue Jean Stéphan,48.864905,2.555573,Plein jour,En agglomération,Intersection en T,Normale,Autre collision,3,3,4,0,1,1,1,9,8,20,1,2,1,0,0,1,63.0,,voiture,,1,2,3,1,6
202400040885,2024-01-12 09:00:00,2024,1,12,9,0,93,93050,Avenue Jean Jaurès / Avenue Jean Stéphan,48.864905,2.555573,Plein jour,En agglomération,Intersection en T,Normale,Autre collision,3,2,2,0,1,1,1,0,8,-1,1,2,1,0,0,1,63.0,,voiture,,1,2,3,1,6
202400040886,2024-01-12 22:25:00,2024,1,12,22,25,93,93048,Rue de Rosny / Avenue Walwein,48.86183,2.44656,Nuit avec éclairage allumé,En agglomération,Intersection en X,Normale,Deux véhicules - côté,4,1,2,3,2,1,1,0,1,50,2,2,1,0,0,1,19.0,65.0,voiture,deux_roues,5,2,2,1,3
202400040886,2024-01-12 22:25:00,2024,1,12,22,25,93,93048,Rue de Rosny / Avenue Walwein,48.86183,2.44656,Nuit avec éclairage allumé,En agglomération,Intersection en X,Normale,Deux véhicules - côté,4,1,2,3,2,1,1,0,1,50,2,2,1,0,0,1,19.0,65.0,voiture,deux_roues,5,2,2,1,3
202400040887,2024-01-12 14:11:00,2024,1,12,14,11,93,93079,Avenue de la Division Leclerc,48.9520176,2.34326228,Plein jour,En agglomération,Autre intersection,Normale,Deux véhicules - côté,3,2,2,0,1,1,1,6,4,50,2,2,1,0,0,1,18.0,53.0,deux_roues,voiture,1,2,9,1,3
202400040888,2024-01-12 08:00:00,2024,1,12,8,0,93,93031,Avenue de la République,48.949016,2.332934,Nuit avec éclairage allumé,En agglomération,Hors intersection,Normale,Autre collision,3,3,4,1,1,1,1,0,1,50,1,2,1,0,0,1,24.0,,voiture,,5,2,1,1,6
202400040889,2024-01-12 11:26:00,2024,1,12,11,26,93,93014,Allée Jules Vallès,48.9135,2.55402,Plein jour,En agglomération,Hors intersection,Normale,Deux véhicules - frontale,4,2,2,0,1,1,2,0,1,50,2,2,1,0,0,1,38.0,38.0,voiture,voiture,1,2,1,1,1
202400040890,2024-01-10 23:24:00,2024,1,10,23,24,92,92072,MANUFACTURE NATIONALE (PLACE DE LA),48.82918,2.22411,Nuit avec éclairage allumé,En agglomération,Autre intersection,Normale,Deux véhicules - côté,3,3,5,0,1,1,1,5,1,50,2,2,1,0,0,1,36.0,63.0,deux_roues,voiture,5,2,9,1,3
202400040891,2024-01-11 21:35:00,2024,1,11,21,35,92,92063,BONS RAISINS (RUE DES),48.87306957,2.19316862,Nuit avec éclairage allumé,En agglomération,Hors intersection,Normale,Sans collision,4,2,2,0,1,3,1,0,1,30,1,1,0,1,0,0,40.0,,deux_roues,,5,2,1,1,7
202400040892,2024-01-12 16:45:00,2024,1,12,16,45,92,92062,GENERAL DE GAULLE (AV) DU 44 AU 106,48.88767538,2.23282331,Plein jour,En agglomération,Intersection en X,Temps couvert,Autre collision,4,2,0,0,1,1,1,0,4,30,1,2,1,0,0,1,36.0,,deux_roues,,1,2,2,8,6
202400040892,2024-01-12 16:45:00,2024,1,12,16,45,92,92062,GENERAL DE GAULLE (AV) DU 44 AU 106,48.88767538,2.23282331,Plein jour,En agglomération,Intersection en X,Temps couvert,Autre collision,4,1,0,0,1,1,1,0,4,30,1,2,1,0,0,1,36.0,,deux_roues,,1,2,2,8,6
202400040893,2024-01-12 07:50:00,2024,1,12,7,50,92,92051,"PERRONET (RUE, N° 93 A 149 ET 112 A 182)",48.89055746,2.26508188,Nuit avec éclairage allumé,En agglomération,Intersection en X,Normale,Deux véhicules - côté,4,1,1,0,1,1,1,0,1,30,2,2,1,0,0,1,41.0,48.0,voiture,voiture,5,2,2,1,3
202400040893,2024-01-12 07:50:00,2024,1,12,7,50,92,92051,"PERRONET (RUE, N° 93 A 149 ET 112 A 182)",48.89055746,2.26508188,Nuit avec éclairage allumé,En agglomération,Intersection en X,Normale,Deux véhicules - côté,4,2,2,0,1,1,1,0,1,30,2,2,1,0,0,1,41.0,48.0,voiture,voiture,5,2,2,1,3
202400040894,2024-01-12 15:20:00,2024,1,12,15,20,92,92036,GRESILLONS (AVENUE DES) (47/101),48.91564,2.30301,Plein jour,En agglomération,Hors intersection,Normale,Deux véhicules - arrière,3,2,2,0,1,1,1,0,1,50,2,2,1,0,0,1,24.0,63.0,voiture,voiture,1,2,1,1,2
202400040895,2024-01-12 18:20:00,2024,1,12,18,20,92,92025,GARE CENTRALE,48.92362059,2.259745,Nuit avec éclairage allumé,En agglomération,Place,Normale,Autre collision,3,2,4,3,1,2,1,0,1,30,1,2,1,0,0,1,66.0,,utilitaire_camion,,5,2,7,1,6
202400040896,2024-01-11 21:25:00,2024,1,11,21,25,92,92024,CLICHY (QUAI DE) DE (8 A 60),48.90313044,2.28921399,Nuit avec éclairage allumé,En agglomération,Hors intersection,Normale,Autre collision,3,2,2,0,1,1,1,1,1,50,1,1,0,0,0,1,29.0,,voiture,,5,2,1,1,6
202400040897,2024-01-12 15:45:00,2024,1,12,15,45,92,92007,PETIT (AVENUE ALBERT) N° 28 A FIN,48.79595,2.31798,Plein jour,En agglomération,Hors intersection,Temps couvert,Autre collision,3,2,0,0,1,1,1,0,1,50,1,2,1,0,0,1,,,deux_roues,,1,2,1,8,6
202400040898,2024-01-12 09:51:00,2024,1,12,9,51,39,39232,,46.626976,5.952846,Plein jour,Hors agglomération,Hors intersection,Normale,Deux véhicules - frontale,2,2,2,0,2,4,1,0,1,80,2,3,1,0,2,0,72.0,40.0,voiture,utilitaire_camion,1,1,1,1,1
202400040899,2024-01-13 16:00:00,2024,1,13,16,0,26,26334,D179 - chemin des dames,44.555356,4.96273,Plein jour,Hors agglomération,Hors intersection,Normale,Deux véhicules - côté,3,2,2,0,1,1,1,0,1,80,2,2,1,1,0,0,75.0,68.0,voiture,deux_roues,1,1,1,1,3
202400040900,2024-01-13 18:05:00,2024,1,13,18,5,86,86174,D161,46.781019,0.530391,Nuit avec éclairage allumé,Hors agglomération,Giratoire,Temps couvert,Deux véhicules - côté,3,1,1,0,1,3,1,0,1,80,2,2,1,0,0,1,31.0,77.0,deux_roues,voiture,5,1,6,8,3
202400040901,2024-04-04 15:15:00,2024,4,4,15,15,67,67043,PERIGUEUX (AVENUE DE),48.61404,7.75128,Plein jour,En agglomération,Intersection en T,Pluie légère,Deux véhicules - côté,7,2,2,0,1,1,2,0,1,30,2,4,3,0,0,1,22.0,35.0,voiture,voiture,1,2,3,2,3
202400040901,2024-04-04 15:15:00,2024,4,4,15,15,67,67043,PERIGUEUX (AVENUE DE),48.61404,7.75128,Plein jour,En agglomération,Intersection en T,Pluie légère,Deux véhicules - côté,7,2,2,0,1,1,2,0,1,40,2,4,3,0,0,1,22.0,35.0,voiture,voiture,1,2,3,2,3
202400040902,2024-01-13 11:45:00,2024,1,13,11,45,41,41167,D1,47.505696,1.142894,Plein jour,Hors agglomération,Autre intersection,Temps couvert,Deux véhicules - côté,3,-1,2,0,1,1,1,0,1,80,2,3,2,0,0,1,18.0,47.0,deux_roues,voiture,1,1,9,8,3
202400040903,2024-01-13 11:50:00,2024,1,13,11,50,28,28073,autoroute A11 PK 045+000,48.48743,1.66239,Plein jour,Hors agglomération,Hors intersection,Brouillard / fumée,Autre collision,1,3,3,0,1,1,2,9,3,110,1,3,2,0,1,0,21.0,,utilitaire_camion,,1,1,1,5,6
202400040904,2024-04-04 14:45:00,2024,4,4,14,45,67,67482,PLAINE DES BOUCHERS (RUE DE LA),48.569,7.739,Plein jour,En agglomération,Autre intersection,Pluie légère,Deux véhicules - côté,4,2,3,1,1,1,2,5,1,50,2,2,1,0,0,1,43.0,34.0,voiture,deux_roues,1,2,9,2,3
202400040905,2024-01-13 08:25:00,2024,1,13,8,25,86,86165,Route de Lussac,46.417623,0.846214,Crépuscule ou aube,En agglomération,Hors intersection,Temps couvert,Deux véhicules - frontale,3,2,2,0,1,1,1,0,1,50,2,2,0,0,1,1,35.0,22.0,voiture,voiture,2,2,1,8,1
202400040906,2024-04-04 17:02:00,2024,4,4,17,2,65,65440,Avenue de la Marne,43.23214401,0.08704719,Plein jour,En agglomération,Hors intersection,Normale,Autre collision,4,-1,2,0,1,1,1,0,4,50,1,3,2,0,1,0,33.0,,voiture,,1,2,1,1,6