accident_id,datetime,annee,mois,jour,heure,minute,departement,commune_insee,adresse,latitude,longitude,luminosite,agglomeration,intersection,meteo,collision,catr,circ,nbv,vosp,prof,plan,surf,infra,situ,vma,nb_vehicules,nb_usagers,nb_indemnes,nb_tues,nb_blesses_hosp,nb_blesses_legers,age_cond_1,age_cond_2,veh_type_cond_1,veh_type_cond_2,lum_code,agg_code,int_code,atm_code,col_code
202400040907,2024-01-12 12:50:00,2024,1,12,12,50,21,21652,Autoroute A6,47.2068244,4.62863301,Plein jour,Hors agglomération,Hors intersection,Normale,Deux véhicules - arrière,1,3,2,0,1,1,1,0,1,130,2,4,3,0,0,1,73.0,29.0,utilitaire_camion,utilitaire_camion,1,1,1,1,2
202400040908,2024-01-11 20:15:00,2024,1,11,20,15,62,62529,D72,50.56617576,2.78256084,Nuit avec éclairage allumé,Hors agglomération,Intersection en X,Temps couvert,Deux véhicules - côté,3,2,2,0,1,1,1,0,1,70,2,2,1,0,1,0,45.0,61.0,voiture,voiture,5,1,2,8,3
202400040908,2024-01-11 20:15:00,2024,1,11,20,15,62,62529,D72,50.56617576,2.78256084,Nuit avec éclairage allumé,Hors agglomération,Intersection en X,Temps couvert,Deux véhicules - côté,3,2,2,0,1,1,1,0,1,70,2,2,1,0,1,0,45.0,61.0,voiture,voiture,5,1,2,8,3
202400040909,2024-04-03 17:00:00,2024,4,3,17,0,65,65286,Avenue Eugène Duviau,43.10225,-0.0394,Plein jour,En agglomération,Intersection en T,Normale,Deux véhicules - côté,4,2,2,0,1,1,1,0,1,30,2,3,0,0,0,3,18.0,16.0,deux_roues,deux_roues,1,2,3,1,3
202400040909,2024-04-03 17:00:00,2024,4,3,17,0,65,65286,Avenue Eugène Duviau,43.10225,-0.0394,Plein jour,En agglomération,Intersection en T,Normale,Deux véhicules - côté,4,2,2,0,1,1,1,0,1,30,2,3,0,0,0,3,18.0,16.0,deux_roues,deux_roues,1,2,3,1,3
202400040910,2024-01-13 01:20:00,2024,1,13,1,20,971,97132,rn1,15.987317,-61.635066,Nuit avec éclairage allumé,Hors agglomération,Hors intersection,Pluie légère,Deux véhicules - côté,2,3,2,0,2,1,2,0,8,80,2,4,1,1,0,2,30.0,29.0,voiture,voiture,5,1,1,2,3
202400040911,2024-04-03 18:35:00,2024,4,3,18,35,64,64102,MAIGNON (ROUTE DE),43.47795,-1.50454,Plein jour,En agglomération,Hors intersection,Normale,Deux véhicules - arrière,4,2,2,0,1,1,1,0,1,50,2,2,1,0,0,1,19.0,53.0,deux_roues,voiture,1,2,1,1,2
202400040912,2024-01-13 15:15:00,2024,1,13,15,15,59,59653,Rue Anatole France,50.582589,2.939283,Plein jour,Hors agglomération,Hors intersection,Normale,Deux véhicules - frontale,7,2,1,0,1,2,1,0,1,70,2,2,0,0,1,1,52.0,20.0,transport_commun,voiture,1,1,1,1,1
202400040913,2024-04-03 11:43:00,2024,4,3,11,43,64,64102,SOULT (AVENUE MARECHAL),43.48576,-1.49106,Plein jour,En agglomération,Hors intersection,Normale,Deux véhicules - arrière,3,3,4,3,1,1,1,0,1,50,2,2,1,0,0,1,20.0,63.0,voiture,deux_roues,1,2,1,1,2
202400040914,2024-01-11 16:40:00,2024,1,11,16,40,44,44009,Rue Kerguélen,47.187212,-1.468037,Plein jour,En agglomération,Hors intersection,Normale,Autre collision,6,-1,0,0,1,1,1,0,1,30,1,2,1,0,1,0,34.0,,voiture,,1,2,1,1,6
202400040915,2024-04-03 08:00:00,2024,4,3,8,0,64,64024,LOUILLOT (RUE DE),43.48231,-1.52064,Plein jour,En agglomération,Hors intersection,Normale,Deux véhicules - côté,4,2,2,0,1,1,1,9,1,50,2,2,1,0,0,1,25.0,17.0,utilitaire_camion,deux_roues,1,2,1,1,3
202400040916,2024-01-12 03:05:00,2024,1,12,3,5,51,51030,Départementale 9,49.047172,4.055285,Nuit avec éclairage non allumé,Hors agglomération,Hors intersection,Normale,Sans collision,3,2,1,0,1,3,2,0,1,90,1,3,1,0,0,2,22.0,,voiture,,4,1,1,1,7
202400040917,2024-01-12 09:00:00,2024,1,12,9,0,65,65299,D53,43.33483907,0.08235702,Plein jour,Hors agglomération,Hors intersection,Normale,Deux véhicules - frontale,3,2,2,0,1,2,1,0,1,80,2,2,1,0,0,1,38.0,31.0,voiture,voiture,1,1,1,1,1
202400040918,2024-05-12 14:50:00,2024,5,12,14,50,80,80632,"A29, PK 183.940",49.874048,2.198198,Plein jour,Hors agglomération,Hors intersection,Normale,Trois véhicules et plus - en chaîne,1,1,2,3,2,1,1,2,1,110,4,12,9,0,0,3,68.0,42.0,voiture,voiture,1,1,1,1,4
202400040919,2024-04-03 16:00:00,2024,4,3,16,0,61,61001,Place Point du Jour,48.43512,0.1058,Plein jour,En agglomération,Hors intersection,Normale,Deux véhicules - arrière,6,-1, -1,0,1,1,1,0,8,30,2,3,2,0,0,1,19.0,77.0,deux_roues,voiture,1,2,1,1,2
202400040920,2024-01-11 16:40:00,2024,1,11,16,40,42,42173,Route des Treyves,45.841725,4.053419,Plein jour,Hors agglomération,Intersection en X,Temps couvert,Deux véhicules - côté,3,2,2,0,1,1,7,0,1,90,2,4,2,0,1,1,77.0,66.0,voiture,voiture,1,1,2,8,3
202400040920,2024-01-11 16:40:00,2024,1,11,16,40,42,42173,Route des Treyves,45.841725,4.053419,Plein jour,Hors agglomération,Intersection en X,Temps couvert,Deux véhicules - côté,3,2,2,0,1,1,7,0,1,80,2,4,2,0,1,1,77.0,66.0,voiture,voiture,1,1,2,8,3
202400040921,2024-05-12 17:46:00,2024,5,12,17,46,47,47191,A62 PK67.000,44.45172538,0.0903709,Plein jour,Hors agglomération,Hors intersection,Temps couvert,Sans collision,1,3,2,0,1,1,1,0,1,130,1,4,2,0,2,0,75.0,,voiture,,1,1,1,8,7
202400040922,2024-04-03 16:25:00,2024,4,3,16,25,58,58194,GONZAGUE,46.98649,3.15131,Plein jour,En agglomération,Intersection en T,Pluie légère,Autre collision,4,2,2,0,1,1,2,0,1,50,1,2,1,0,1,0,23.0,,voiture,,1,2,3,2,6
202400040922,2024-04-03 16:25:00,2024,4,3,16,25,58,58194,GONZAGUE,46.98649,3.15131,Plein jour,En agglomération,Intersection en T,Pluie légère,Autre collision,4,1,2,0,3,1,2,0,1,50,1,2,1,0,1,0,23.0,,voiture,,1,2,3,2,6
202400040923,2024-05-12 21:20:00,2024,5,12,21,20,13,13087,autoroute a8 point kilométrique 033.150,43.478242,5.61131,Nuit sans éclairage public,Hors agglomération,Hors intersection,Normale,Autre collision,1,2,3,0,1,1,1,0,1,130,1,1,0,1,0,0,43.0,,voiture,,3,1,1,1,6
202400040924,2024-01-13 18:25:00,2024,1,13,18,25,44,44146,10 Rue du Haut Beauvais,47.78333,-1.448495,Nuit avec éclairage allumé,En agglomération,Hors intersection,Normale,Deux véhicules - frontale,3,2,2,0,2,1,1,0,1,30,2,3,2,0,0,1,37.0,46.0,utilitaire_camion,voiture,5,2,1,1,1
202400040925,2024-01-12 21:00:00,2024,1,12,21,0,03,03019,Lieu Dit les Communes,46.599945,3.649328,Nuit sans éclairage public,Hors agglomération,Hors intersection,Normale,Autre collision,3,2,2,0,1,1,1,0,8,90,1,1,0,0,1,0,60.0,,voiture,,3,1,1,1,6
202400040926,2024-02-18 11:07:00,2024,2,18,11,7,57,57221,D13,49.34437,6.11531,Plein jour,Hors agglomération,Hors intersection,Temps couvert,Deux véhicules - côté,3,1,2,0,3,3,1,0,1,50,2,2,1,0,1,0,48.0,33.0,voiture,deux_roues,1,1,1,8,3
202400040927,2024-05-13 06:50:00,2024,5,13,6,50,987,98750,"PK 14,300 faaroa",-16.82088855,-151.42082477,Plein jour,Hors agglomération,Hors intersection,Normale,Deux véhicules - frontale,2,2,2,0,1,1,1,0,1,60,2,2,1,0,1,0,20.0,42.0,autre,deux_roues,1,1,1,1,1
202400040928,2024-01-13 03:25:00,2024,1,13,3,25,72,72172,Rue Louis Fernand Courcier,48.071552,0.587526,Nuit sans éclairage public,En agglomération,Autre intersection,Normale,Autre collision,4,2,2,0,1,2,1,0,8,50,1,1,0,0,1,0,28.0,,voiture,,3,2,9,1,6
202400040929,2024-04-04 12:25:00,2024,4,4,12,25,56,56260,MANAC'H(RUE CHARLES),47.65564,-2.77576,Plein jour,En agglomération,Hors intersection,Normale,Autre collision,4,2,2,0,1,1,1,0,1,50,1,1,0,0,0,1,68.0,,utilitaire_camion,,1,2,1,1,6
202400040930,2024-01-13 00:30:00,2024,1,13,0,30,06,06153,M2565 au PKR 45+700 (ST DALMAS),44.06652,7.202429,Nuit avec éclairage allumé,En agglomération,Hors intersection,Normale,Autre collision,7,2,2,0,1,1,1,0,4,50,1,1,0,0,0,1,31.0,,voiture,,5,2,1,1,6
202400040931,2024-01-13 02:35:00,2024,1,13,2,35,05,05017,route de Briançon,44.57707445,6.16136938,Nuit sans éclairage public,Hors agglomération,Hors intersection,Normale,Autre collision,2,2,2,0,1,2,1,0,3,80,1,1,0,0,0,1,21.0,,utilitaire_camion,,3,1,1,1,6
202400040932,2024-05-12 19:09:00,2024,5,12,19,9,973,97305,pk 28 route nationale 1,5.018208,-52.479029,Nuit avec éclairage allumé,En agglomération,Hors intersection,Normale,Deux véhicules - arrière,2,2,2,0,1,1,1,0,1,50,2,4,2,1,0,1,42.0,54.0,utilitaire_camion,deux_roues,5,2,1,1,2
202400040933,2024-04-03 18:10:00,2024,4,3,18,10,51,51454,NICE (RUE DE),49.26022,4.06326,Plein jour,En agglomération,Hors intersection,Normale,Autre collision,4,2,2,0,1,4,2,0,1,50,1,2,1,0,0,1,24.0,,voiture,,1,2,1,1,6
202400040934,2024-05-13 09:50:00,2024,5,13,9,50,2B,2B193,RT20,42.403337,9.19487,Plein jour,Hors agglomération,Hors intersection,Normale,Autre collision,2,3,2,0,1,2,1,0,1,80,1,1,0,0,0,1,70.0,,deux_roues,,1,1,1,1,6
202400040935,2024-01-11 11:30:00,2024,1,11,11,30,90,90005,,47.732185,6.768954,Plein jour,En agglomération,Intersection en X,Normale,Deux véhicules - frontale,3,2,2,0,2,1,1,5,1,50,2,2,1,0,0,1,75.0,22.0,voiture,voiture,1,2,2,1,1
202400040935,2024-01-11 11:30:00,2024,1,11,11,30,90,90005,,47.732185,6.768954,Plein jour,En agglomération,Intersection en X,Normale,Deux véhicules - frontale,3,2,2,0,3,1,1,5,1,50,2,2,1,0,0,1,75.0,22.0,voiture,voiture,1,2,2,1,1
202400040936,2024-04-03 09:25:00,2024,4,3,9,25,51,51454,MURS (RUE),49.25215,4.03944,Plein jour,En agglomération,Hors intersection,Normale,Autre collision,4,2,1,0,1,1,2,0,1,30,1,2,1,0,1,0,76.0,,utilitaire_camion,,1,2,1,1,6
202400040937,2024-01-13 05:10:00,2024,1,13,5,10,64,64202,D11,43.325478,-0.9714,Nuit sans éclairage public,En agglomération,Hors intersection,Normale,Sans collision,3,2,2,0,1,1,7,0,3,50,1,1,0,0,1,0,22.0,,voiture,,3,2,1,1,7
202400040938,2024-01-13 03:50:00,2024,1,13,3,50,10,10367,Route d’Orleans,48.541946,3.503761,Nuit avec éclairage allumé,En agglomération,Hors intersection,Brouillard / fumée,Autre collision,4,2,2,0,2,3,1,0,4,-1,1,2,0,0,0,2,28.0,,voiture,,5,2,1,5,6
202400040939,2024-05-12 16:44:00,2024,5,12,16,44,30,30145,départementale 500,43.890047,4.534944,Plein jour,Hors agglomération,Hors intersection,Normale,Sans collision,3,2,2,0,1,2,1,0,3,80,1,3,0,0,3,0,47.0,,voiture,,1,1,1,1,7
202400040940,2024-05-12 18:00:00,2024,5,12,18,0,34,34135,Route de Fleury,43.268073,3.166777,Plein jour,Hors agglomération,Autre intersection,Normale,Autre collision,3,2,2,0,1,3,1,0,3,80,1,1,0,0,1,0,70.0,,deux_roues,,1,1,9,1,6
202400040941,2024-01-12 12:20:00,2024,1,12,12,20,36,36018,,46.631441,1.130578,Plein jour,Hors agglomération,Intersection en T,Temps couvert,Deux véhicules - côté,3,2,2,0,1,1,1,0,1,90,2,2,1,0,0,1,24.0,22.0,voiture,voiture,1,1,3,8,3
202400040941,2024-01-12 12:20:00,2024,1,12,12,20,36,36018,,46.631441,1.130578,Plein jour,Hors agglomération,Intersection en T,Temps couvert,Deux véhicules - côté,3,2,2,-1,2,1,1,0,1,80,2,2,1,0,0,1,24.0,22.0,voiture,voiture,1,1,3,8,3
202400040942,2024-04-03 16:49:00,2024,4,3,16,49,49,49007,BERANGER,47.47403,-0.53749,Plein jour,En agglomération,Hors intersection,Normale,Deux véhicules - côté,4,2,2,0,1,1,1,0,1,50,2,2,1,0,0,1,22.0,30.0,voiture,deux_roues,1,2,1,1,3
202400040943,2024-01-12 19:45:00,2024,1,12,19,45,16,16230,,45.416919,0.144818,Nuit sans éclairage public,Hors agglomération,Hors intersection,Autre,Deux véhicules - frontale,3,2,2,0,1,1,1,0,8,90,2,5,3,0,2,0,20.0,17.0,voiture,deux_roues,3,1,1,9,1
202400040944,2024-04-04 15:55:00,2024,4,4,15,55,45,45284,D2152 PR 68 + 902,47.91071,1.952668,Plein jour,En agglomération,Giratoire,Pluie légère,Deux véhicules - côté,7,1,2,0,1,2,2,0,1,50,2,2,1,0,0,1,69.0,41.0,voiture,deux_roues,1,2,6,2,3
202400040945,2024-05-12 12:15:00,2024,5,12,12,15,84,84078,Route de Pont Saint Esprit,44.242449,4.705456,Plein jour,En agglomération,Intersection en T,Normale,Deux véhicules - côté,3,2,2,0,1,1,1,0,1,50,2,4,3,0,0,1,26.0,32.0,voiture,utilitaire_camion,1,2,3,1,3
202400040945,2024-05-12 12:15:00,2024,5,12,12,15,84,84078,Route de Pont Saint Esprit,44.242449,4.705456,Plein jour,En agglomération,Intersection en T,Normale,Deux véhicules - côté,3,-1, -1,-1,1,1,1,0,1,-1,2,4,3,0,0,1,26.0,32.0,voiture,utilitaire_camion,1,2,3,1,3
202400040946,2024-01-12 13:50:00,2024,1,12,13,50,53,53040,la brecinière,48.139895,-1.055954,Plein jour,Hors agglomération,Intersection en X,Temps couvert,Trois véhicules et plus - collisions multiples,3,2,2,0,1,1,1,0,1,80,3,4,3,0,1,0,87.0,58.0,voiture,voiture,1,1,2,8,5
202400040946,2024-01-12 13:50:00,2024,1,12,13,50,53,53040,la brecinière,48.139895,-1.055954,Plein jour,Hors agglomération,Intersection en X,Temps couvert,Trois véhicules et plus - collisions multiples,3,2,2,0,1,1,1,5,1,70,3,4,3,0,1,0,87.0,58.0,voiture,voiture,1,1,2,8,5
202400040947,2024-04-04 14:10:00,2024,4,4,14,10,42,42275,Rue de la Piot,45.47847,4.36762,Plein jour,En agglomération,Hors intersection,Normale,Autre collision,4,2,2,0,1,1,1,0,4,50,1,2,1,0,1,0,84.0,,voiture,,1,2,1,1,6
202400040948,2024-05-13 03:15:00,2024,5,13,3,15,89,89053,autoroute A6,47.874836,3.478159,Nuit sans éclairage public,Hors agglomération,Hors intersection,Normale,Autre collision,1,2,3,0,1,1,1,0,1,130,1,4,0,0,1,3,22.0,,voiture,,3,1,1,1,6
202400040949,2024-01-13 12:45:00,2024,1,13,12,45,04,04001,N85,44.066119,6.17246,Plein jour,Hors agglomération,Giratoire,Temps éblouissant,Deux véhicules - côté,2,1,2,0,1,2,1,5,1,80,2,2,1,0,1,0,36.0,57.0,voiture,deux_roues,1,1,6,7,3
202400040950,2024-03-25 17:40:00,2024,3,25,17,40,42,42218,Rue Charles Cholat,45.46488,4.39872,Plein jour,En agglomération,Hors intersection,Normale,Deux véhicules - côté,4,2,2,0,2,1,1,0,1,50,2,2,1,0,0,1,75.0,36.0,voiture,voiture,1,2,1,1,3
202400040951,2024-01-13 17:50:00,2024,1,13,17,50,13,13069,Route de Lambesc,43.634231,5.168016,Nuit avec éclairage allumé,En agglomération,Intersection en T,Normale,Deux véhicules - côté,3,-1,1,0,1,2,1,0,1,50,2,2,1,0,0,1,35.0,40.0,voiture,voiture,5,2,3,1,3
202400040951,2024-01-13 17:50:00,2024,1,13,17,50,13,13069,Route de Lambesc,43.634231,5.168016,Nuit avec éclairage allumé,En agglomération,Intersection en T,Normale,Deux véhicules - côté,3,2, -1,-1,1,2,1,0,1,-1,2,2,1,0,0,1,35.0,40.0,voiture,voiture,5,2,3,1,3
202400040952,2024-05-11 18:15:00,2024,5,11,18,15,71,71583,2127 route des allemands,46.272899,4.778752,Plein jour,En agglomération,Giratoire,Normale,Deux véhicules - arrière,3,2,2,0,1,1,1,5,1,50,2,4,2,0,1,1,30.0,52.0,voiture,deux_roues,1,2,6,1,2
202400040953,2024-04-04 08:55:00,2024,4,4,8,55,35,35238,LORIENT (DE),48.10856011,-1.69935308,Plein jour,En agglomération,Hors intersection,Normale,Deux véhicules - frontale,4,2,2,1,1,1,2,0,5,30,2,2,1,0,0,1,28.0,59.0,deux_roues,deux_roues,1,2,1,1,1
202400040954,2024-01-12 10:15:00,2024,1,12,10,15,68,68300,A36,47.776542,7.391213,Plein jour,Hors agglomération,Hors intersection,Neige / grêle,Deux véhicules - arrière,1,3,3,0,1,1,2,0,1,110,2,5,3,0,0,2,66.0,49.0,utilitaire_camion,voiture,1,1,1,4,2
202400040955,2024-05-11 22:45:00,2024,5,11,22,45,44,44027,,47.390302,-1.524932,Nuit sans éclairage public,Hors agglomération,Hors intersection,Normale,Sans collision,3,2,2,0,1,1,1,0,1,80,1,2,0,0,1,1,46.0,,deux_roues,,3,1,1,1,7
202400040956,2024-04-04 13:10:00,2024,4,4,13,10,34,34108,CALMETTE (AVENUE DES),43.45241,3.75077,Plein jour,En agglomération,Hors intersection,Normale,Autre collision,4,2,2,0,1,1,1,0,1,50,1,2,1,0,0,1,23.0,,utilitaire_camion,,1,2,1,1,6
202400040957,2024-05-12 04:50:00,2024,5,12,4,50,07,07136,D906,44.61314,3.903676,Nuit sans éclairage public,Hors agglomération,Hors intersection,Normale,Autre collision,3,2,2,0,1,1,1,0,3,90,1,1,0,0,1,0,34.0,,voiture,,3,1,1,1,6
202400040958,2024-04-04 07:50:00,2024,4,4,7,50,34,34301,MASSAULT PAUL (ECHANGEUR),43.41374,3.68246,Plein jour,En agglomération,Autre intersection,Normale,Deux véhicules - frontale,4,2,2,0,2,3,1,0,1,50,2,2,1,0,1,0,16.0,52.0,deux_roues,voiture,1,2,9,1,1
202400040959,2024-05-12 22:30:00,2024,5,12,22,30,69,69289,Route Départementale 153,45.658026,5.05506,Nuit sans éclairage public,Hors agglomération,Intersection en Y,Normale,Deux véhicules - frontale,3,2,2,0,1,3,1,0,1,70,2,3,0,1,0,2,33.0,44.0,utilitaire_camion,voiture,3,1,4,1,1
202400040959,2024-05-12 22:30:00,2024,5,12,22,30,69,69289,Route Départementale 153,45.658026,5.05506,Nuit sans éclairage public,Hors agglomération,Intersection en Y,Normale,Deux véhicules - frontale,3,2,2,0,1,1,1,0,1,-1,2,3,0,1,0,2,33.0,44.0,utilitaire_camion,voiture,3,1,4,1,1
202400040960,2024-01-13 16:40:00,2024,1,13,16,40,38,38516,D1090,45.200698,5.758992,Plein jour,En agglomération,Intersection en X,Normale,Trois véhicules et plus - collisions multiples,1,1,3,0,1,1,1,9,1,50,3,6,2,0,1,3,41.0,54.0,voiture,transport_commun,1,2,2,1,5
202400040960,2024-01-13 16:40:00,2024,1,13,16,40,38,38516,D1090,45.200698,5.758992,Plein jour,En agglomération,Intersection en X,Normale,Trois véhicules et plus - collisions multiples,1,1,3,0,1,1,1,9,1,70,3,6,2,0,1,3,41.0,54.0,voiture,transport_commun,1,2,2,1,5
202400040961,2024-05-13 11:05:00,2024,5,13,11,5,31,31084,,43.171723,0.9675,Plein jour,Hors agglomération,Hors intersection,Normale,Autre collision,3,2,2,0,2,1,1,2,3,80,1,1,0,1,0,0,19.0,,voiture,,1,1,1,1,6
202400040962,2024-01-13 10:10:00,2024,1,13,10,10,77,77185,"Autoroute A6, au point kilométrique 048.700 dans le sens PARIS vers LYON",48.447152,2.529151,Plein jour,Hors agglomération,Hors intersection,Brouillard / fumée,Deux véhicules - arrière,1,-1,3,0,1,1,2,0,1,130,2,2,1,0,0,1,21.0,53.0,voiture,voiture,1,1,1,5,2
202400040963,2024-05-11 17:00:00,2024,5,11,17,0,17,17375,Rue de Fontpourry,45.932345,-1.040842,Plein jour,En agglomération,Hors intersection,Normale,Sans collision,3,2,2,0,1,3,1,0,1,50,1,1,0,0,1,0,66.0,,deux_roues,,1,2,1,1,7
202400040964,2024-04-04 14:15:00,2024,4,4,14,15,34,34198,ROND-POINT DE LA CAPITELLE,43.57041,3.9406,Plein jour,En agglomération,Giratoire,Normale,Deux véhicules - côté,4,1,2,0,1,1,1,0,1,50,2,3,2,0,0,1,72.0,53.0,deux_roues,voiture,1,2,6,1,3
202400040964,2024-04-04 14:15:00,2024,4,4,14,15,34,34198,ROND-POINT DE LA CAPITELLE,43.57041,3.9406,Plein jour,En agglomération,Giratoire,Normale,Deux véhicules - côté,4,1,2,0,2,3,1,0,1,50,2,3,2,0,0,1,72.0,53.0,deux_roues,voiture,1,2,6,1,3
202400040965,2024-01-12 21:30:00,2024,1,12,21,30,988,98817,RPS1,-22.238543,166.587769,Nuit sans éclairage public,Hors agglomération,Hors intersection,Normale,Autre collision,3,2,2,0,1,1,1,0,1,50,1,2,1,0,1,0,48.0,,voiture,,3,1,1,1,6
202400040966,2024-04-03 14:40:00,2024,4,3,14,40,34,34172,MOULIN DE SEMALEN (RUE DU),43.61242,3.89181,Plein jour,En agglomération,Hors intersection,Normale,Autre collision,4,2,2,0,1,1,1,0,1,50,1,2,1,0,0,1,63.0,,voiture,,1,2,1,1,6
202400040967,2024-05-12 11:30:00,2024,5,12,11,30,64,64551,rue des pyrénées,43.22796,-0.643129,Plein jour,En agglomération,Intersection en X,Temps couvert,Sans collision,3,2,2,0,1,1,2,0,4,50,2,2,1,0,1,0,54.0,45.0,deux_roues,utilitaire_camion,1,2,2,8,7
202400040967,2024-05-12 11:30:00,2024,5,12,11,30,64,64551,rue des pyrénées,43.22796,-0.643129,Plein jour,En agglomération,Intersection en X,Temps couvert,Sans collision,3,2, -1,-1,1,1,2,0,1,50,2,2,1,0,1,0,54.0,45.0,deux_roues,utilitaire_camion,1,2,2,8,7
202400040968,2024-01-13 00:35:00,2024,1,13,0,35,971,97129,N2,16.34556,-61.718595,Nuit sans éclairage public,Hors agglomération,Hors intersection,Pluie légère,Autre collision,2,2,2,0,4,3,2,0,3,80,1,1,0,1,0,0,32.0,,voiture,,3,1,1,2,6
202400040969,2024-05-11 20:00:00,2024,5,11,20,0,49,49023,,47.155755,-1.069209,Plein jour,Hors agglomération,Hors intersection,Normale,Deux véhicules - arrière,3,-1,2,0,1,1,1,0,1,80,2,2,1,0,0,1,15.0,20.0,deux_roues,voiture,1,1,1,1,2
202400040970,2024-01-13 03:00:00,2024,1,13,3,0,84,84034,D900,43.888901,4.924364,Nuit sans éclairage public,Hors agglomération,Hors intersection,Normale,Deux véhicules - arrière,3,2,2,0,1,1,1,0,3,80,2,3,2,0,0,1,21.0,39.0,voiture,voiture,3,1,1,1,2
202400040971,2024-05-10 18:45:00,2024,5,10,18,45,27,27644,Route de Gisors,49.162016,1.550931,Plein jour,En agglomération,Hors intersection,Normale,Autre collision,3,2,2,0,1,1,1,0,1,70,2,2,0,0,1,1,74.0,47.0,voiture,voiture,1,2,1,1,6
202400040972,2024-04-03 14:05:00,2024,4,3,14,5,34,34003,SAINT CHRIST (M7 A H11,43.30065,3.46482,Plein jour,En agglomération,Hors intersection,Normale,Deux véhicules - arrière,4,2,2,0,1,1,1,0,1,30,2,5,1,0,0,4,53.0,28.0,voiture,voiture,1,2,1,1,2
202400040973,2024-01-11 10:50:00,2024,1,11,10,50,21,21464,51 Rue Caumont Bréon,47.142318,4.94506,Plein jour,En agglomération,Hors intersection,Temps éblouissant,Autre collision,4,2,2,0,1,1,1,0,1,50,1,2,1,0,0,1,75.0,,voiture,,1,2,1,7,6
202400040974,2024-04-05 00:40:00,2024,4,5,0,40,33,33063,,44.82304,-0.59327,Nuit sans éclairage public,En agglomération,Hors intersection,Normale,Autre collision,4,2,2,0,1,2,1,0,1,50,1,1,0,0,1,0,50.0,,deux_roues,,3,2,1,1,6
202400040975,2024-01-12 12:45:00,2024,1,12,12,45,68,68226,29 Rue du Gal de Lattre de Tassigny,48.039866,7.146676,Plein jour,En agglomération,Hors intersection,Neige / grêle,Autre collision,3,2,2,0,1,1,5,0,1,50,1,2,1,0,0,1,57.0,,utilitaire_camion,,1,2,1,4,6
202400040976,2024-05-12 19:13:00,2024,5,12,19,13,62,62705,D191,50.80938902,1.77884814,Plein jour,Hors agglomération,Intersection en X,Normale,Deux véhicules - côté,3,2,1,0,1,1,1,5,1,80,2,3,1,0,1,1,48.0,49.0,deux_roues,utilitaire_camion,1,1,2,1,3
202400040976,2024-05-12 19:13:00,2024,5,12,19,13,62,62705,D191,50.80938902,1.77884814,Plein jour,Hors agglomération,Intersection en X,Normale,Deux véhicules - côté,3,2,2,0,1,1,1,0,1,80,2,3,1,0,1,1,48.0,49.0,deux_roues,utilitaire_camion,1,1,2,1,3
202400040977,2024-04-04 19:50:00,2024,4,4,19,50,33,33119,,44.85654,-0.532221,Plein jour,En agglomération,Intersection en T,Normale,Deux véhicules - côté,4,2,2,2,1,1,1,0,1,30,2,2,1,0,1,0,35.0,32.0,deux_roues,deux_roues,1,2,3,1,3
202400040977,2024-04-04 19:50:00,2024,4,4,19,50,33,33119,,44.85654,-0.532221,Plein jour,En agglomération,Intersection en T,Normale,Deux véhicules - côté,4,2, -1,0,1,1,1,0,1,30,2,2,1,0,1,0,35.0,32.0,deux_roues,deux_roues,1,2,3,1,3
202400040978,2024-01-12 17:26:00,2024,1,12,17,26,29,29119,Le Guilly,48.463989,-4.650055,Crépuscule ou aube,Hors agglomération,Intersection en T,Normale,Deux véhicules - côté,4,2,2,0,2,1,1,0,1,80,2,8,1,0,7,0,27.0,51.0,voiture,transport_commun,2,1,3,1,3
202400040978,2024-01-12 17:26:00,2024,1,12,17,26,29,29119,Le Guilly,48.463989,-4.650055,Crépuscule ou aube,Hors agglomération,Intersection en T,Normale,Deux véhicules - côté,4,2,2,0,2,1,1,9,1,80,2,8,1,0,7,0,27.0,51.0,voiture,transport_commun,2,1,3,1,3
202400040979,2024-04-04 06:35:00,2024,4,4,6,35,33,33063,,44.85991,-0.56875,Nuit avec éclairage allumé,En agglomération,Intersection en X,Normale,Deux véhicules - côté,4,1,1,0,1,1,1,0,1,50,2,2,1,0,0,1,31.0,36.0,deux_roues,transport_commun,5,2,2,1,3
202400040979,2024-04-04 06:35:00,2024,4,4,6,35,33,33063,,44.85991,-0.56875,Nuit avec éclairage allumé,En agglomération,Intersection en X,Normale,Deux véhicules - côté,4,2,2,0,1,1,1,0,1,50,2,2,1,0,0,1,31.0,36.0,deux_roues,transport_commun,5,2,2,1,3
202400040980,2024-05-11 20:00:00,2024,5,11,20,0,13,13214,A7-Sens Marseille vers Lyon,43.334083,5.377272,Plein jour,Hors agglomération,Hors intersection,Normale,Deux véhicules - arrière,1,3,3,3,1,1,1,0,1,70,3,3,0,1,0,2,44.0,37.0,voiture,deux_roues,1,1,1,1,2
202400040981,2024-01-12 17:42:00,2024,1,12,17,42,22,22093,D768,48.449984,-2.546511,Crépuscule ou aube,Hors agglomération,Hors intersection,Normale,Deux véhicules - frontale,3,2,2,0,1,3,1,0,1,80,2,2,0,1,0,1,59.0,55.0,deux_roues,voiture,2,1,1,1,1