accident_id,datetime,annee,mois,jour,heure,minute,departement,commune_insee,adresse,latitude,longitude,luminosite,agglomeration,intersection,meteo,collision,catr,circ,nbv,vosp,prof,plan,surf,infra,situ,vma,nb_vehicules,nb_usagers,nb_indemnes,nb_tues,nb_blesses_hosp,nb_blesses_legers,age_cond_1,age_cond_2,veh_type_cond_1,veh_type_cond_2,lum_code,agg_code,int_code,atm_code,col_code
202400041130,2024-05-11 09:20:00,2024,5,11,9,20,64,64373,GENERAL DE GAULLE DU,43.28137,-0.35959,Plein jour,En agglomération,Hors intersection,Normale,Autre collision,3,3,2,0,1,1,1,0,8,50,1,2,1,0,0,1,88.0,,voiture,,1,2,1,1,6
202400041131,2024-01-11 09:10:00,2024,1,11,9,10,76,76681,Rue Leon Salva,49.42048,1.09195,Plein jour,En agglomération,Intersection en X,Temps couvert,Autre collision,4,1,1,0,1,1,1,-1,1,30,1,2,1,0,1,0,23.0,,voiture,,1,2,2,8,6
202400041131,2024-01-11 09:10:00,2024,1,11,9,10,76,76681,Rue Leon Salva,49.42048,1.09195,Plein jour,En agglomération,Intersection en X,Temps couvert,Autre collision,4,2,2,0,1,1,1,0,8,30,1,2,1,0,1,0,23.0,,voiture,,1,2,2,8,6
202400041132,2024-04-04 17:00:00,2024,4,4,17,0,75,75108,BOULEVARD MALESHERBES,48.87840806,2.31553888,Plein jour,En agglomération,Intersection en X,Normale,Autre collision,4,2,1,1,1,1,1,0,5,50,2,3,2,0,0,1,55.0,35.0,deux_roues,voiture,1,2,2,1,6
202400041132,2024-04-04 17:00:00,2024,4,4,17,0,75,75108,BOULEVARD MALESHERBES,48.87840806,2.31553888,Plein jour,En agglomération,Intersection en X,Normale,Autre collision,4,1, -1,-1,1,1,1,0,5,50,2,3,2,0,0,1,55.0,35.0,deux_roues,voiture,1,2,2,1,6
202400041133,2024-02-27 19:22:00,2024,2,27,19,22,75,75107,AVENUE EMILE POUVILLON,48.857523,2.299072,Nuit avec éclairage allumé,En agglomération,Intersection en X,Normale,Deux véhicules - arrière,4,-1,2,0,1,1,1,0,1,30,2,2,1,0,0,1,,43.0,voiture,deux_roues,5,2,2,1,2
202400041133,2024-02-27 19:22:00,2024,2,27,19,22,75,75107,AVENUE EMILE POUVILLON,48.857523,2.299072,Nuit avec éclairage allumé,En agglomération,Intersection en X,Normale,Deux véhicules - arrière,4,-1, -1,0,1,1,1,0,1,30,2,2,1,0,0,1,,43.0,voiture,deux_roues,5,2,2,1,2
202400041134,2024-01-11 08:40:00,2024,1,11,8,40,76,76216,Rue du Président Roosevelt,49.46946,1.04535,Plein jour,En agglomération,Intersection en T,Normale,Autre collision,4,2,2,0,2,1,1,0,1,50,1,2,1,0,0,1,,,voiture,,1,2,3,1,6
202400041134,2024-01-11 08:40:00,2024,1,11,8,40,76,76216,Rue du Président Roosevelt,49.46946,1.04535,Plein jour,En agglomération,Intersection en T,Normale,Autre collision,4,2,2,0,1,1,1,0,1,50,1,2,1,0,0,1,,,voiture,,1,2,3,1,6
202400041135,2024-05-11 06:00:00,2024,5,11,6,0,54,54395,Avenue Raymond Pinchard,48.70119,6.14796,Plein jour,En agglomération,Hors intersection,Normale,Autre collision,4,3,4,3,1,1,1,0,3,50,1,2,0,0,0,2,22.0,,voiture,,1,2,1,1,6
202400041136,2024-02-20 16:45:00,2024,2,20,16,45,75,75107,AVENUE CHARLES FLOQUET,48.853487,2.298542,Plein jour,En agglomération,Intersection en X,Normale,Autre collision,4,1,1,0,1,1,1,0,1,30,1,2,1,0,0,1,56.0,,voiture,,1,2,2,1,6
202400041136,2024-02-20 16:45:00,2024,2,20,16,45,75,75107,AVENUE CHARLES FLOQUET,48.853487,2.298542,Plein jour,En agglomération,Intersection en X,Normale,Autre collision,4,2,1,0,1,1,1,0,1,30,1,2,1,0,0,1,56.0,,voiture,,1,2,2,1,6
202400041137,2024-01-11 10:20:00,2024,1,11,10,20,76,76351,STRASBOURG (BD),49.49248,0.11791,Plein jour,En agglomération,Intersection en T,Normale,Deux véhicules - côté,4,2, -1,-1,1,1,1,0,1,-1,2,2,0,0,0,2,40.0,74.0,deux_roues,deux_roues,1,2,3,1,3
202400041137,2024-01-11 10:20:00,2024,1,11,10,20,76,76351,STRASBOURG (BD),49.49248,0.11791,Plein jour,En agglomération,Intersection en T,Normale,Deux véhicules - côté,4,2,2,0,1,1,1,0,1,50,2,2,0,0,0,2,40.0,74.0,deux_roues,deux_roues,1,2,3,1,3
202400041138,2024-04-04 09:30:00,2024,4,4,9,30,75,75108,BOULEVARD MALESHERBES,48.88008263,2.31347001,Plein jour,En agglomération,Intersection en T,Pluie forte,Autre collision,4,2,2,1,1,1,2,0,1,30,1,2,1,0,0,1,61.0,,utilitaire_camion,,1,2,3,3,6
202400041138,2024-04-04 09:30:00,2024,4,4,9,30,75,75108,BOULEVARD MALESHERBES,48.88008263,2.31347001,Plein jour,En agglomération,Intersection en T,Pluie forte,Autre collision,4,2, -1,-1,1,1,2,0,1,30,1,2,1,0,0,1,61.0,,utilitaire_camion,,1,2,3,3,6
202400041139,2024-02-27 21:30:00,2024,2,27,21,30,75,75102,RUE VIVIENNE,48.86637,2.33867,Nuit avec éclairage allumé,En agglomération,Intersection en X,Normale,Sans collision,4,1,1,3,1,1,1,0,1,30,1,1,0,0,0,1,27.0,,deux_roues,,5,2,2,1,7
202400041139,2024-02-27 21:30:00,2024,2,27,21,30,75,75102,RUE VIVIENNE,48.86637,2.33867,Nuit avec éclairage allumé,En agglomération,Intersection en X,Normale,Sans collision,4,1,1,0,1,1,1,0,1,30,1,1,0,0,0,1,27.0,,deux_roues,,5,2,2,1,7
202400041140,2024-01-10 13:25:00,2024,1,10,13,25,76,76351,Avenue du Mont Le Comte,49.510318,0.17734,Plein jour,En agglomération,Hors intersection,Normale,Deux véhicules - arrière,4,3,2,0,1,1,1,4,1,30,2,3,1,0,0,2,45.0,20.0,voiture,voiture,1,2,1,1,2
202400041141,2024-04-04 01:20:00,2024,4,4,1,20,75,75107,QUAI BRANLY,48.85850818,2.29233921,Nuit avec éclairage allumé,En agglomération,Hors intersection,Normale,Sans collision,4,1,1,1,2,1,1,1,5,30,1,1,0,0,0,1,23.0,,deux_roues,,5,2,1,1,7
202400041142,2024-01-10 17:55:00,2024,1,10,17,55,76,76351,PIERRE MENDES FRANCE,49.51131,0.14449,Nuit avec éclairage allumé,En agglomération,Hors intersection,Normale,Sans collision,4,1,2,0,1,1,1,0,1,50,1,1,0,0,0,1,46.0,,voiture,,5,2,1,1,7
202400041143,2024-02-27 17:30:00,2024,2,27,17,30,94,94073,avenue Franklin Roosevelt,48.76609135,2.39930349,Plein jour,En agglomération,Hors intersection,Normale,Deux véhicules - arrière,4,2,2,0,2,1,1,0,1,50,2,2,1,0,0,1,36.0,54.0,deux_roues,voiture,1,2,1,1,2
202400041144,2024-05-11 18:20:00,2024,5,11,18,20,54,54197,Route de Lupcourt,48.62616,6.21832,Plein jour,Hors agglomération,Intersection en X,Normale,Deux véhicules - côté,7,2,2,0,4,1,1,2,1,70,2,2,1,0,0,1,18.0,74.0,deux_roues,voiture,1,1,2,1,3
202400041144,2024-05-11 18:20:00,2024,5,11,18,20,54,54197,Route de Lupcourt,48.62616,6.21832,Plein jour,Hors agglomération,Intersection en X,Normale,Deux véhicules - côté,7,2, -1,1,1,1,1,-1,1,-1,2,2,1,0,0,1,18.0,74.0,deux_roues,voiture,1,1,2,1,3
202400041145,2024-04-04 08:50:00,2024,4,4,8,50,75,75104,QUAI DE L HOTEL DE VILLE,48.854445,2.354991,Plein jour,En agglomération,Intersection en X,Pluie légère,Autre collision,4,2,4,0,1,1,2,0,1,30,1,1,0,0,0,1,58.0,,deux_roues,,1,2,2,2,6
202400041145,2024-04-04 08:50:00,2024,4,4,8,50,75,75104,QUAI DE L HOTEL DE VILLE,48.854445,2.354991,Plein jour,En agglomération,Intersection en X,Pluie légère,Autre collision,4,1,1,0,1,1,2,0,1,30,1,1,0,0,0,1,58.0,,deux_roues,,1,2,2,2,6
202400041146,2024-01-11 07:45:00,2024,1,11,7,45,73,73008,D1201 - ROOSEVELT FRANKLIN AVENUE,45.70888888,5.91184209,Plein jour,Hors agglomération,Intersection en T,Normale,Deux véhicules - côté,3,2,2,0,1,3,1,0,1,30,2,2,1,0,0,1,17.0,37.0,deux_roues,voiture,1,1,3,1,3
202400041146,2024-01-11 07:45:00,2024,1,11,7,45,73,73008,D1201 - ROOSEVELT FRANKLIN AVENUE,45.70888888,5.91184209,Plein jour,Hors agglomération,Intersection en T,Normale,Deux véhicules - côté,3,2,2,0,1,3,1,0,1,70,2,2,1,0,0,1,17.0,37.0,deux_roues,voiture,1,1,3,1,3
202400041147,2024-04-04 12:30:00,2024,4,4,12,30,94,94081,Avenue Jean Jaurès,48.79395,2.39983,Plein jour,En agglomération,Hors intersection,Pluie légère,Trois véhicules et plus - en chaîne,3,2,2,0,1,1,2,0,1,50,3,3,2,0,0,1,25.0,21.0,voiture,voiture,1,2,1,2,4
202400041148,2024-02-26 11:00:00,2024,2,26,11,0,94,94011,Route de Stains / Route de l’Ile Barbiere,48.7826,2.49441,Plein jour,En agglomération,Intersection en X,Pluie légère,Deux véhicules - côté,3,3,2,1,2,2,2,0,5,30,2,2,1,0,0,1,63.0,26.0,deux_roues,voiture,1,2,2,2,3
202400041148,2024-02-26 11:00:00,2024,2,26,11,0,94,94011,Route de Stains / Route de l’Ile Barbiere,48.7826,2.49441,Plein jour,En agglomération,Intersection en X,Pluie légère,Deux véhicules - côté,3,2,2,0,1,1,2,0,5,-1,2,2,1,0,0,1,63.0,26.0,deux_roues,voiture,1,2,2,2,3
202400041149,2024-01-10 19:25:00,2024,1,10,19,25,72,72181,CUGNOT NICOLAS (BD),47.98424,0.22251,Nuit avec éclairage allumé,En agglomération,Hors intersection,Normale,Deux véhicules - côté,4,1,2,0,1,1,1,0,1,70,2,2,1,0,0,1,43.0,22.0,voiture,deux_roues,5,2,1,1,3
202400041150,2024-04-03 15:25:00,2024,4,3,15,25,94,94081,Avenue Paul Vaillant Couturier,48.79532965,2.39757863,Plein jour,En agglomération,Hors intersection,Pluie légère,Autre collision,3,2,2,0,1,1,2,0,4,5,1,2,1,0,1,0,21.0,,deux_roues,,1,2,1,2,6
202400041151,2024-05-11 18:15:00,2024,5,11,18,15,45,45286,7 Rue de Rosette,47.8917,1.93102,Plein jour,En agglomération,Intersection en X,Normale,Deux véhicules - côté,4,2,2,1,1,1,1,0,1,50,2,3,1,0,0,2,17.0,13.0,voiture,deux_roues,1,2,2,1,3
202400041151,2024-05-11 18:15:00,2024,5,11,18,15,45,45286,7 Rue de Rosette,47.8917,1.93102,Plein jour,En agglomération,Intersection en X,Normale,Deux véhicules - côté,4,2,1,2,1,1,1,0,1,50,2,3,1,0,0,2,17.0,13.0,voiture,deux_roues,1,2,2,1,3
202400041152,2024-01-10 18:20:00,2024,1,10,18,20,71,71306,LOGE (RUE DE LA),46.6807445,4.3818233,Nuit sans éclairage public,En agglomération,Hors intersection,Normale,Autre collision,4,2,2,0,1,1,2,0,1,50,1,2,1,0,0,1,76.0,,utilitaire_camion,,3,2,1,1,6
202400041153,2024-02-26 08:50:00,2024,2,26,8,50,94,94060,Route du Pont Banneret,48.7872,2.5749,Plein jour,En agglomération,Hors intersection,Pluie légère,Trois véhicules et plus - en chaîne,4,1,1,0,1,1,2,0,1,30,3,3,2,0,0,1,47.0,36.0,voiture,voiture,1,2,1,2,4
202400041154,2024-04-04 14:30:00,2024,4,4,14,30,94,94041,Rue Lénine / Rue Molière,48.81564939,2.39342201,Plein jour,En agglomération,Intersection à plus de 4 branches,Normale,Autre collision,3,1,2,0,1,1,1,0,1,50,1,2,1,0,0,1,,,deux_roues,,1,2,5,1,6
202400041154,2024-04-04 14:30:00,2024,4,4,14,30,94,94041,Rue Lénine / Rue Molière,48.81564939,2.39342201,Plein jour,En agglomération,Intersection à plus de 4 branches,Normale,Autre collision,3,2,2,0,1,1,1,0,1,-1,1,2,1,0,0,1,,,deux_roues,,1,2,5,1,6
202400041155,2024-01-11 20:15:00,2024,1,11,20,15,69,69266,Rue Gabriel Péri,45.77072,4.86347,Nuit avec éclairage allumé,En agglomération,Intersection en X,Pluie légère,Autre collision,4,2,2,2,1,1,2,0,1,30,1,2,1,0,0,1,26.0,,utilitaire_camion,,5,2,2,2,6
202400041155,2024-01-11 20:15:00,2024,1,11,20,15,69,69266,Rue Gabriel Péri,45.77072,4.86347,Nuit avec éclairage allumé,En agglomération,Intersection en X,Pluie légère,Autre collision,4,2,3,2,1,1,2,0,1,30,1,2,1,0,0,1,26.0,,utilitaire_camion,,5,2,2,2,6
202400041156,2024-02-26 15:50:00,2024,2,26,15,50,93,93073,Rue du Chapitre,49.00185565,2.53702104,Plein jour,Hors agglomération,Hors intersection,Pluie légère,Autre collision,4,2,2,0,1,1,2,6,1,50,1,2,1,0,1,0,30.0,,voiture,,1,1,1,2,6
202400041157,2024-01-10 18:30:00,2024,1,10,18,30,69,69266,119 Rue Alexis Perroncel,45.77561107,4.88206105,Nuit avec éclairage allumé,En agglomération,Intersection en T,Pluie légère,Deux véhicules - côté,4,1,1,2,1,1,2,0,5,30,2,2,1,0,1,0,33.0,59.0,voiture,deux_roues,5,2,3,2,3
202400041157,2024-01-10 18:30:00,2024,1,10,18,30,69,69266,119 Rue Alexis Perroncel,45.77561107,4.88206105,Nuit avec éclairage allumé,En agglomération,Intersection en T,Pluie légère,Deux véhicules - côté,4,2,2,0,1,1,2,0,5,30,2,2,1,0,1,0,33.0,59.0,voiture,deux_roues,5,2,3,2,3
202400041158,2024-04-04 07:40:00,2024,4,4,7,40,94,94038,Avenue Flouquet / Avenue Larroumes,48.77538879,2.3265493,Crépuscule ou aube,En agglomération,Intersection en X,Pluie forte,Autre collision,3,2,2,2,1,1,2,0,1,50,1,2,1,0,0,1,49.0,,voiture,,2,2,2,3,6
202400041158,2024-04-04 07:40:00,2024,4,4,7,40,94,94038,Avenue Flouquet / Avenue Larroumes,48.77538879,2.3265493,Crépuscule ou aube,En agglomération,Intersection en X,Pluie forte,Autre collision,3,2,2,0,2,1,2,0,1,50,1,2,1,0,0,1,49.0,,voiture,,2,2,2,3,6
202400041159,2024-05-11 13:40:00,2024,5,11,13,40,33,33522,,44.82064,-0.58416,Plein jour,En agglomération,Intersection en X,Normale,Deux véhicules - côté,4,1,1,0,1,1,1,0,1,30,2,2,1,0,0,1,57.0,,deux_roues,voiture,1,2,2,1,3
202400041159,2024-05-11 13:40:00,2024,5,11,13,40,33,33522,,44.82064,-0.58416,Plein jour,En agglomération,Intersection en X,Normale,Deux véhicules - côté,4,1,1,0,1,1,1,0,1,30,2,2,1,0,0,1,57.0,,deux_roues,voiture,1,2,2,1,3
202400041160,2024-01-10 18:05:00,2024,1,10,18,5,69,69264,Avenue de l’Europe,45.98925016,4.74338432,Nuit avec éclairage allumé,En agglomération,Giratoire,Pluie légère,Deux véhicules - côté,3,1,2,0,1,2,2,5,1,50,2,2,1,0,0,1,30.0,20.0,voiture,deux_roues,5,2,6,2,3
202400041160,2024-01-10 18:05:00,2024,1,10,18,5,69,69264,Avenue de l’Europe,45.98925016,4.74338432,Nuit avec éclairage allumé,En agglomération,Giratoire,Pluie légère,Deux véhicules - côté,3,2,2,0,1,1,2,5,1,50,2,2,1,0,0,1,30.0,20.0,voiture,deux_roues,5,2,6,2,3
202400041161,2024-04-04 15:30:00,2024,4,4,15,30,94,94077,Chemin de la Butte,48.73853748,2.40490589,Plein jour,En agglomération,Hors intersection,Normale,Autre collision,4,2,2,0,2,1,1,0,1,50,1,2,1,0,0,1,24.0,,utilitaire_camion,,1,2,1,1,6
202400041162,2024-02-27 14:00:00,2024,2,27,14,0,93,93055,Avenue Jean Lolive / Route de Noisy,48.895499,2.426297,Plein jour,En agglomération,Intersection en T,Normale,Deux véhicules - côté,3,3,4,2,1,1,1,8,1,30,2,3,2,0,0,1,60.0,23.0,deux_roues,voiture,1,2,3,1,3
202400041162,2024-02-27 14:00:00,2024,2,27,14,0,93,93055,Avenue Jean Lolive / Route de Noisy,48.895499,2.426297,Plein jour,En agglomération,Intersection en T,Normale,Deux véhicules - côté,3,2,2,0,1,1,1,0,1,30,2,3,2,0,0,1,60.0,23.0,deux_roues,voiture,1,2,3,1,3
202400041163,2024-05-11 10:15:00,2024,5,11,10,15,33,33281,,44.84775,-0.67865,Plein jour,En agglomération,Hors intersection,Normale,Autre collision,4,3,2,2,1,1,1,-1,1,50,2,2,1,0,0,1,49.0,41.0,voiture,voiture,1,2,1,1,6
202400041164,2024-01-11 18:00:00,2024,1,11,18,0,65,65417,Rue du Docteur Guinier,43.22450808,0.09404454,Crépuscule ou aube,En agglomération,Hors intersection,Normale,Autre collision,3,2,2,0,1,1,1,0,4,50,1,1,0,0,0,1,24.0,,voiture,,2,2,1,1,6
202400041165,2024-04-04 14:20:00,2024,4,4,14,20,94,94018,146 Rue de Paris,48.827157,2.405064,Plein jour,En agglomération,Hors intersection,Normale,Deux véhicules - côté,3,2,2,2,1,1,1,0,1,30,2,2,1,0,0,1,45.0,24.0,voiture,deux_roues,1,2,1,1,3
202400041166,2024-02-27 07:00:00,2024,2,27,7,0,93,93048,Rue Lenain de Tillemont,48.85935521,2.46118963,Crépuscule ou aube,En agglomération,Hors intersection,Normale,Autre collision,4,-1,1,1,1,1,1,0,4,30,1,2,1,0,0,1,23.0,,transport_commun,,2,2,1,1,6
202400041167,2024-05-11 03:15:00,2024,5,11,3,15,31,31555,30 PONTS JUMEAUX  (PERIPH OUEST A620),43.60401,1.40336,Nuit sans éclairage public,Hors agglomération,Autre intersection,Normale,Deux véhicules - arrière,1,1,1,0,3,2,1,3,1,50,2,3,2,0,1,0,59.0,44.0,deux_roues,voiture,3,1,9,1,2
202400041168,2024-01-11 20:20:00,2024,1,11,20,20,64,64102,FORGUES FERNAND (AVENUE),43.48668,-1.47969,Nuit avec éclairage allumé,En agglomération,Hors intersection,Pluie légère,Sans collision,3,3,4,0,1,3,2,0,1,50,1,1,0,0,0,1,19.0,,voiture,,5,2,1,2,7
202400041169,2024-01-05 17:35:00,2024,1,5,17,35,62,62523,Rue de l'Abbaye,50.43841411,2.86904526,Nuit avec éclairage allumé,En agglomération,Hors intersection,Pluie légère,Autre collision,4,2,2,0,2,1,2,0,1,30,1,2,1,0,0,1,72.0,,voiture,,5,2,1,2,6
202400041170,2024-05-11 15:20:00,2024,5,11,15,20,29,29232,RN 165,48.00960758,-4.06732504,Plein jour,Hors agglomération,Hors intersection,Normale,Autre collision,2,1,4,0,1,1,1,0,1,110,1,1,0,0,0,1,28.0,,voiture,,1,1,1,1,6
202400041171,2024-04-04 13:25:00,2024,4,4,13,25,93,93073,Avenue du Parc / Rue du 8 Mai 1945,48.95440245,2.5692746,Plein jour,En agglomération,Giratoire,Normale,Sans collision,4,2,2,0,1,1,1,0,1,-1,1,1,0,0,0,1,28.0,,utilitaire_camion,,1,2,6,1,7
202400041171,2024-04-04 13:25:00,2024,4,4,13,25,93,93073,Avenue du Parc / Rue du 8 Mai 1945,48.95440245,2.5692746,Plein jour,En agglomération,Giratoire,Normale,Sans collision,4,2,2,0,1,1,1,0,1,50,1,1,0,0,0,1,28.0,,utilitaire_camion,,1,2,6,1,7
202400041172,2024-02-26 16:01:00,2024,2,26,16,1,93,93027,Rue de la Convention / Avenue de la République,48.92787,2.39061,Plein jour,En agglomération,Intersection en X,Pluie légère,Autre collision,3,3,4,3,1,1,2,5,1,50,1,2,1,0,0,1,40.0,,voiture,,1,2,2,2,6
202400041172,2024-02-26 16:01:00,2024,2,26,16,1,93,93027,Rue de la Convention / Avenue de la République,48.92787,2.39061,Plein jour,En agglomération,Intersection en X,Pluie légère,Autre collision,3,1,1,0,1,1,2,0,1,50,1,2,1,0,0,1,40.0,,voiture,,1,2,2,2,6
202400041173,2024-01-10 15:45:00,2024,1,10,15,45,60,60057,Avenue Montaigne,49.41068607,2.10869801,Plein jour,En agglomération,Hors intersection,Normale,Deux véhicules - côté,4,-1,1,0,1,1,1,0,8,30,2,3,1,0,0,2,68.0,32.0,voiture,voiture,1,2,1,1,3
202400041174,2024-04-04 17:35:00,2024,4,4,17,35,93,93066,Rue de la Montjoie / Rue Jeumont,48.91074369,2.36012936,Plein jour,En agglomération,Intersection en T,Normale,Deux véhicules - côté,4,1,1,0,1,1,1,9,1,50,2,2,1,0,0,1,13.0,40.0,deux_roues,voiture,1,2,3,1,3
202400041175,2024-02-26 14:30:00,2024,2,26,14,30,93,93027,Avenue Henri Barbusse,48.9321,2.3945,Plein jour,En agglomération,Hors intersection,Pluie légère,Deux véhicules - côté,3,2,2,2,1,1,2,0,1,50,2,2,1,0,0,1,36.0,32.0,deux_roues,voiture,1,2,1,2,3
202400041176,2024-05-11 02:40:00,2024,5,11,2,40,29,29232,Chemin de Kerequellou,47.96093,-4.06325,Nuit sans éclairage public,Hors agglomération,Hors intersection,Normale,Deux véhicules - côté,4,2, -1,0,1,1,1,0,1,80,2,6,5,0,0,1,64.0,25.0,voiture,voiture,3,1,1,1,3
202400041177,2024-01-11 08:10:00,2024,1,11,8,10,59,59350,Rue Henri Lestienne,50.64861,3.09443,Crépuscule ou aube,En agglomération,Hors intersection,Normale,Autre collision,4,2,1,0,1,1,1,0,1,30,1,2,1,0,0,1,20.0,,voiture,,2,2,1,1,6
202400041178,2024-05-11 16:20:00,2024,5,11,16,20,29,29039,Rue du Poteau Vert,47.89584,-3.91179,Plein jour,En agglomération,Hors intersection,Normale,Autre collision,4,2,2,0,2,1,1,0,1,50,1,1,0,0,0,1,74.0,,voiture,,1,2,1,1,6
202400041179,2024-04-03 22:40:00,2024,4,3,22,40,93,93066,Boulevard Anatole France,48.924602,2.349437,Nuit avec éclairage allumé,En agglomération,Hors intersection,Normale,Deux véhicules - côté,3,3,4,1,1,1,1,0,1,50,2,2,1,0,0,1,34.0,40.0,voiture,deux_roues,5,2,1,1,3
202400041180,2024-01-11 08:18:00,2024,1,11,8,18,57,57463,MOULIN (RUE DU ),49.07944,6.18462,Crépuscule ou aube,En agglomération,Hors intersection,Normale,Autre collision,4,2,2,0,1,1,1,0,1,50,1,2,1,0,1,0,38.0,,voiture,,2,2,1,1,6
202400041181,2024-02-27 17:45:00,2024,2,27,17,45,93,93005,Boulevard Georges Braque / D932,48.95241,2.48454,Plein jour,En agglomération,Intersection en Y,Normale,Deux véhicules - arrière,3,3,6,0,1,3,1,0,1,50,2,2,1,0,0,1,57.0,42.0,voiture,voiture,1,2,4,1,2
202400041181,2024-02-27 17:45:00,2024,2,27,17,45,93,93005,Boulevard Georges Braque / D932,48.95241,2.48454,Plein jour,En agglomération,Intersection en Y,Normale,Deux véhicules - arrière,3,1,1,0,1,3,1,5,1,-1,2,2,1,0,0,1,57.0,42.0,voiture,voiture,1,2,4,1,2
202400041182,2024-05-11 18:25:00,2024,5,11,18,25,29,29019,rue Fréminville,48.387936,-4.503226,Plein jour,En agglomération,Intersection en T,Normale,Deux véhicules - côté,4,2,2,0,1,1,1,0,1,50,2,2,1,0,1,0,25.0,20.0,deux_roues,voiture,1,2,3,1,3
202400041182,2024-05-11 18:25:00,2024,5,11,18,25,29,29019,rue Fréminville,48.387936,-4.503226,Plein jour,En agglomération,Intersection en T,Normale,Deux véhicules - côté,4,2,2,0,2,1,1,0,1,50,2,2,1,0,1,0,25.0,20.0,deux_roues,voiture,1,2,3,1,3
202400041183,2024-04-04 06:50:00,2024,4,4,6,50,93,93005,Rue Jean Charcot,48.935144,2.492856,Nuit avec éclairage non allumé,En agglomération,Hors intersection,Pluie forte,Autre collision,3,2,2,0,1,1,2,0,8,50,1,2,1,0,0,1,34.0,,utilitaire_camion,,4,2,1,3,6
202400041184,2024-01-11 08:35:00,2024,1,11,8,35,54,54526,Boulevard Jean Jaures,48.69270704,6.21158838,Plein jour,En agglomération,Hors intersection,Normale,Deux véhicules - arrière,4,2,2,0,1,1,1,0,1,50,2,2,1,0,0,1,28.0,35.0,voiture,voiture,1,2,1,1,2
202400041185,2024-02-27 16:50:00,2024,2,27,16,50,92,92022,SALENGRO (AVENUE ROGER),48.81633407,2.19456553,Plein jour,En agglomération,Autre intersection,Normale,Deux véhicules - côté,3,2,3,1,1,1,1,0,1,50,2,2,1,0,0,1,30.0,69.0,voiture,deux_roues,1,2,9,1,3
202400041186,2024-01-11 16:57:00,2024,1,11,16,57,54,54099,Avenue Marguerite Puhl Demange,49.255149,5.946027,Crépuscule ou aube,En agglomération,Autre intersection,Normale,Sans collision,6,-1, -1,0,1,1,1,9,1,10,1,1,0,0,0,1,40.0,,deux_roues,,2,2,9,1,7
202400041187,2024-04-04 09:40:00,2024,4,4,9,40,92,92051,"GENERAL LECLERC (BOULEVARD DU, N° 1 A 27",48.88986014,2.26014036,Plein jour,En agglomération,Hors intersection,Pluie légère,Deux véhicules - arrière,3,-1,2,0,1,1,2,0,1,50,2,2,1,0,0,1,48.0,29.0,utilitaire_camion,deux_roues,1,2,1,2,2
202400041188,2024-02-27 20:36:00,2024,2,27,20,36,92,92026,COEUR DEFENSE,48.89010223,2.24414184,Nuit avec éclairage allumé,En agglomération,Hors intersection,Normale,Sans collision,9,-1,1,0,1,1,1,6,8,30,1,1,0,0,0,1,33.0,,deux_roues,,5,2,1,1,7
202400041189,2024-05-11 05:10:00,2024,5,11,5,10,25,25056,KENNEDY  BOULEVARD J.F.,47.234469,5.984319,Nuit avec éclairage allumé,En agglomération,Intersection en T,Normale,Deux véhicules - côté,4,3,4,0,2,1,1,5,1,50,2,2,1,0,0,1,55.0,,voiture,voiture,5,2,3,1,3
202400041189,2024-05-11 05:10:00,2024,5,11,5,10,25,25056,KENNEDY  BOULEVARD J.F.,47.234469,5.984319,Nuit avec éclairage allumé,En agglomération,Intersection en T,Normale,Deux véhicules - côté,4,2,2,0,4,1,1,5,1,50,2,2,1,0,0,1,55.0,,voiture,voiture,5,2,3,1,3
202400041190,2024-04-03 18:45:00,2024,4,3,18,45,92,92050,HAVRE BOULEVARD DU,48.91989,2.2213,Plein jour,En agglomération,Hors intersection,Normale,Deux véhicules - côté,3,1,3,0,1,1,1,0,1,50,2,2,1,0,0,1,24.0,54.0,voiture,deux_roues,1,2,1,1,3
202400041191,2024-01-11 07:00:00,2024,1,11,7,0,52,52121,R.D. 65,48.11066794,5.11830801,Nuit sans éclairage public,Hors agglomération,Hors intersection,Normale,Deux véhicules - côté,3,3,0,0,2,1,1,0,1,70,2,2,1,0,1,0,25.0,60.0,deux_roues,voiture,3,1,1,1,3
202400041192,2024-02-26 18:00:00,2024,2,26,18,0,92,92051,"BINEAU (BOULEVARD, N°133 A 217 ET 134 A",48.89067926,2.2704066,Nuit avec éclairage allumé,En agglomération,Intersection en X,Temps couvert,Autre collision,3,3,5,2,1,1,2,0,1,50,1,2,1,0,0,1,85.0,,voiture,,5,2,2,8,6
202400041192,2024-02-26 18:00:00,2024,2,26,18,0,92,92051,"BINEAU (BOULEVARD, N°133 A 217 ET 134 A",48.89067926,2.2704066,Nuit avec éclairage allumé,En agglomération,Intersection en X,Temps couvert,Autre collision,3,2, -1,-1,1,1,1,5,1,-1,1,2,1,0,0,1,85.0,,voiture,,5,2,2,8,6
202400041193,2024-05-11 22:55:00,2024,5,11,22,55,19,19031,LYAUTEY (BOULEVARD MARECHAL),45.15672476,1.53245258,Nuit avec éclairage allumé,En agglomération,Hors intersection,Normale,Deux véhicules - côté,4,1,2,0,1,1,1,0,1,30,2,2,1,0,0,1,46.0,55.0,deux_roues,voiture,5,2,1,1,3
202400041194,2024-04-02 16:30:00,2024,4,2,16,30,92,92050,VAILLANT COUTURIER PAUL RUE,48.88678,2.20091,Plein jour,En agglomération,Autre intersection,Normale,Autre collision,3,2,3,0,1,1,1,0,1,50,1,2,1,0,0,1,67.0,,voiture,,1,2,9,1,6