accident_id,datetime,annee,mois,jour,heure,minute,departement,commune_insee,adresse,latitude,longitude,luminosite,agglomeration,intersection,meteo,collision,catr,circ,nbv,vosp,prof,plan,surf,infra,situ,vma,nb_vehicules,nb_usagers,nb_indemnes,nb_tues,nb_blesses_hosp,nb_blesses_legers,age_cond_1,age_cond_2,veh_type_cond_1,veh_type_cond_2,lum_code,agg_code,int_code,atm_code,col_code
202400041269,2024-07-18 20:03:00,2024,7,18,20,3,93,93046,Avenue Aristide Briand / Boulevard Jean Moulin,48.9106,2.51227,Plein jour,En agglomération,Intersection à plus de 4 branches,Normale,Deux véhicules - côté,3,2,2,0,1,1,1,0,1,50,2,2,1,0,0,1,23.0,33.0,voiture,voiture,1,2,5,1,3
202400041270,2024-05-10 14:45:00,2024,5,10,14,45,01,01344,DOMBES (AVENUE DE LA),46.19844,5.19812,Plein jour,Hors agglomération,Hors intersection,Normale,Sans collision,3,2,2,0,1,1,1,0,3,80,1,1,0,0,1,0,65.0,,deux_roues,,1,1,1,1,7
202400041271,2024-01-11 15:35:00,2024,1,11,15,35,29,29232,CONCARNEAU ROUTE DE,47.9664017,-4.06111179,Plein jour,Hors agglomération,Hors intersection,Normale,Deux véhicules - arrière,3,2,4,0,1,1,1,0,1,90,2,2,1,0,1,0,17.0,33.0,deux_roues,utilitaire_camion,1,1,1,1,2
202400041272,2024-02-27 22:00:00,2024,2,27,22,0,21,21515,Avenue de Bourgogne,47.310678,5.102988,Nuit avec éclairage allumé,En agglomération,Hors intersection,Normale,Sans collision,6,-1, -1,0,1,1,1,1,1,50,1,5,4,1,0,0,19.0,,voiture,,5,2,1,1,7
202400041273,2024-04-05 10:45:00,2024,4,5,10,45,22,22013,Rue Pont Jilez,48.475112,-3.185949,Plein jour,En agglomération,Intersection en X,Normale,Deux véhicules - côté,4,2,2,0,1,1,1,0,1,30,2,2,1,0,1,0,82.0,47.0,voiture,utilitaire_camion,1,2,2,1,3
202400041274,2024-07-18 08:40:00,2024,7,18,8,40,93,93045,Boulevard Eugène Decros / Rue de la Convention,48.88258,2.41533,Plein jour,En agglomération,Intersection à plus de 4 branches,Normale,Deux véhicules - côté,3,1,1,0,1,1,1,5,1,30,2,2,1,0,0,1,59.0,32.0,deux_roues,voiture,1,2,5,1,3
202400041274,2024-07-18 08:40:00,2024,7,18,8,40,93,93045,Boulevard Eugène Decros / Rue de la Convention,48.88258,2.41533,Plein jour,En agglomération,Intersection à plus de 4 branches,Normale,Deux véhicules - côté,3,2,2,0,1,1,1,5,1,30,2,2,1,0,0,1,59.0,32.0,deux_roues,voiture,1,2,5,1,3
202400041275,2024-05-11 12:15:00,2024,5,11,12,15,75,75112,BD PERIPHERIQUE EXTERIEUR,48.829525,2.401228,Plein jour,En agglomération,Hors intersection,Normale,Deux véhicules - côté,4,1,4,0,1,1,1,0,1,70,2,2,1,0,0,1,23.0,28.0,voiture,deux_roues,1,2,1,1,3
202400041276,2024-02-28 09:15:00,2024,2,28,9,15,78,78615,D30,48.839838,1.959923,Plein jour,Hors agglomération,Hors intersection,Normale,Deux véhicules - côté,3,2,2,0,1,1,1,0,1,70,2,2,0,1,0,1,50.0,28.0,voiture,deux_roues,1,1,1,1,3
202400041277,2024-05-11 20:30:00,2024,5,11,20,30,75,75120,COURS DE VINCENNES,48.847287,2.408879,Plein jour,En agglomération,Hors intersection,Normale,Autre collision,4,2,1,0,1,1,1,9,8,50,1,2,1,0,0,1,24.0,,deux_roues,,1,2,1,1,6
202400041278,2024-04-02 07:55:00,2024,4,2,7,55,38,38394,D21,45.095625,5.250344,Plein jour,Hors agglomération,Intersection en T,Temps éblouissant,Deux véhicules - arrière,3,2,2,0,1,1,1,0,1,30,2,2,1,0,0,1,16.0,48.0,deux_roues,voiture,1,1,3,7,2
202400041278,2024-04-02 07:55:00,2024,4,2,7,55,38,38394,D21,45.095625,5.250344,Plein jour,Hors agglomération,Intersection en T,Temps éblouissant,Deux véhicules - arrière,3,2,2,0,1,1,1,0,1,80,2,2,1,0,0,1,16.0,48.0,deux_roues,voiture,1,1,3,7,2
202400041279,2024-07-18 07:50:00,2024,7,18,7,50,93,93010,Route d'Aulnay,48.90719576,2.48030501,Plein jour,En agglomération,Hors intersection,Normale,Autre collision,3,2,2,2,1,1,1,2,3,10,1,2,1,0,1,0,36.0,,autre,,1,2,1,1,6
202400041280,2024-05-10 16:15:00,2024,5,10,16,15,75,75119,RUE DE BELLEVILLE,48.874925,2.388949,Plein jour,En agglomération,Intersection en T,Normale,Autre collision,4,1, -1,-1,1,1,1,0,1,30,1,2,1,0,0,1,50.0,,deux_roues,,1,2,3,1,6
202400041280,2024-05-10 16:15:00,2024,5,10,16,15,75,75119,RUE DE BELLEVILLE,48.874925,2.388949,Plein jour,En agglomération,Intersection en T,Normale,Autre collision,4,2,2,0,1,1,1,0,1,30,1,2,1,0,0,1,50.0,,deux_roues,,1,2,3,1,6
202400041281,2024-02-02 11:20:00,2024,2,2,11,20,34,34157,Rue Calendal,43.428357,3.600018,Plein jour,En agglomération,Intersection en Y,Normale,Autre collision,4,-1, -1,-1,1,1,1,0,1,-1,1,2,1,0,0,1,86.0,,voiture,,1,2,4,1,6
202400041281,2024-02-02 11:20:00,2024,2,2,11,20,34,34157,Rue Calendal,43.428357,3.600018,Plein jour,En agglomération,Intersection en Y,Normale,Autre collision,4,2,2,0,2,3,1,0,1,50,1,2,1,0,0,1,86.0,,voiture,,1,2,4,1,6
202400041282,2024-01-10 16:47:00,2024,1,10,16,47,16,16102,GROIE (RUE DE LA),45.68739,-0.35481,Plein jour,En agglomération,Hors intersection,Temps couvert,Deux véhicules - frontale,4,2,2,0,1,1,1,0,1,50,2,4,1,0,1,2,56.0,40.0,utilitaire_camion,voiture,1,2,1,8,1
202400041283,2024-04-05 18:30:00,2024,4,5,18,30,03,03043,Rue des 3 Ormeaux,46.190697,3.273861,Plein jour,En agglomération,Intersection en Y,Normale,Deux véhicules - côté,3,2,2,0,1,1,1,0,1,50,2,3,2,0,1,0,74.0,16.0,voiture,deux_roues,1,2,4,1,3
202400041283,2024-04-05 18:30:00,2024,4,5,18,30,03,03043,Rue des 3 Ormeaux,46.190697,3.273861,Plein jour,En agglomération,Intersection en Y,Normale,Deux véhicules - côté,3,2,2,1,1,1,1,0,1,50,2,3,2,0,1,0,74.0,16.0,voiture,deux_roues,1,2,4,1,3
202400041284,2024-07-18 09:23:00,2024,7,18,9,23,93,93005,Rue Joseph-marie Jacquard,48.94873839,2.48811616,Plein jour,En agglomération,Hors intersection,Normale,Deux véhicules - arrière,4,2,2,0,1,1,1,0,1,50,2,2,1,0,0,1,22.0,28.0,deux_roues,utilitaire_camion,1,2,1,1,2
202400041285,2024-05-10 14:45:00,2024,5,10,14,45,75,75118,RUE ANDROUET,48.885568,2.338523,Plein jour,En agglomération,Intersection en T,Normale,Autre collision,4,1,1,0,2,1,1,0,1,30,1,3,2,0,0,1,24.0,,utilitaire_camion,,1,2,3,1,6
202400041285,2024-05-10 14:45:00,2024,5,10,14,45,75,75118,RUE ANDROUET,48.885568,2.338523,Plein jour,En agglomération,Intersection en T,Normale,Autre collision,4,1,1,0,2,1,1,0,1,30,1,3,2,0,0,1,24.0,,utilitaire_camion,,1,2,3,1,6
202400041286,2024-04-01 19:10:00,2024,4,1,19,10,58,58010,Les Pasquelins,47.045337,4.041392,Crépuscule ou aube,Hors agglomération,Hors intersection,Pluie forte,Autre collision,3,2,2,0,2,3,2,0,3,80,1,2,0,0,0,2,27.0,,voiture,,2,1,1,3,6
202400041287,2024-02-27 15:10:00,2024,2,27,15,10,67,67339,D344,48.88386981,7.92066469,Plein jour,Hors agglomération,Hors intersection,Normale,Deux véhicules - côté,3,2,2,0,1,3,1,0,1,70,2,2,1,0,0,1,24.0,26.0,voiture,voiture,1,1,1,1,3
202400041288,2024-01-11 11:00:00,2024,1,11,11,0,14,14220,Route des Createurs,49.35992,0.08295,Plein jour,En agglomération,Giratoire,Temps éblouissant,Sans collision,3,1,1,0,1,3,1,5,1,50,1,2,1,0,1,0,37.0,,voiture,,1,2,6,7,7
202400041288,2024-01-11 11:00:00,2024,1,11,11,0,14,14220,Route des Createurs,49.35992,0.08295,Plein jour,En agglomération,Giratoire,Temps éblouissant,Sans collision,3,1,2,0,1,1,1,5,8,50,1,2,1,0,1,0,37.0,,voiture,,1,2,6,7,7
202400041289,2024-07-17 16:00:00,2024,7,17,16,0,92,92073,LIBERTE (RUE DE LA),48.87969239,2.21891132,Plein jour,En agglomération,Intersection à plus de 4 branches,Normale,Deux véhicules - côté,3,-1,2,0,2,1,1,0,1,50,2,2,1,0,0,1,39.0,34.0,voiture,deux_roues,1,2,5,1,3
202400041289,2024-07-17 16:00:00,2024,7,17,16,0,92,92073,LIBERTE (RUE DE LA),48.87969239,2.21891132,Plein jour,En agglomération,Intersection à plus de 4 branches,Normale,Deux véhicules - côté,3,-1,2,0,1,1,1,0,1,50,2,2,1,0,0,1,39.0,34.0,voiture,deux_roues,1,2,5,1,3
202400041290,2024-04-05 15:30:00,2024,4,5,15,30,72,72344,route du parc,47.941546,0.165911,Plein jour,Hors agglomération,Intersection en T,Normale,Deux véhicules - côté,3,1,1,0,2,2,1,5,1,70,2,2,1,0,1,0,23.0,47.0,voiture,deux_roues,1,1,3,1,3
202400041290,2024-04-05 15:30:00,2024,4,5,15,30,72,72344,route du parc,47.941546,0.165911,Plein jour,Hors agglomération,Intersection en T,Normale,Deux véhicules - côté,3,-1, -1,-1,1,1,1,0,1,-1,2,2,1,0,1,0,23.0,47.0,voiture,deux_roues,1,1,3,1,3
202400041291,2024-05-11 20:30:00,2024,5,11,20,30,75,75116,RUE DE BOULAINVILLIERS,48.854236,2.275514,Plein jour,En agglomération,Intersection en X,Normale,Sans collision,4,1, -1,-1,1,1,1,0,1,30,1,1,0,0,0,1,65.0,,deux_roues,,1,2,2,1,7
202400041291,2024-05-11 20:30:00,2024,5,11,20,30,75,75116,RUE DE BOULAINVILLIERS,48.854236,2.275514,Plein jour,En agglomération,Intersection en X,Normale,Sans collision,4,1,0,0,1,1,1,0,1,30,1,1,0,0,0,1,65.0,,deux_roues,,1,2,2,1,7
202400041292,2024-01-12 00:02:00,2024,1,12,0,2,13,13208,ROUET (RUE DU),43.28106,5.38936,Nuit avec éclairage allumé,En agglomération,Intersection en X,Normale,Deux véhicules - côté,4,2,4,0,2,1,1,5,1,50,2,2,1,0,0,1,21.0,22.0,deux_roues,voiture,5,2,2,1,3
202400041292,2024-01-12 00:02:00,2024,1,12,0,2,13,13208,ROUET (RUE DU),43.28106,5.38936,Nuit avec éclairage allumé,En agglomération,Intersection en X,Normale,Deux véhicules - côté,4,1,1,0,1,1,1,5,1,50,2,2,1,0,0,1,21.0,22.0,deux_roues,voiture,5,2,2,1,3
202400041293,2024-02-26 16:55:00,2024,2,26,16,55,57,57596,Rue Nationale,49.164058,6.85973,Plein jour,En agglomération,Hors intersection,Normale,Deux véhicules - côté,3,2,2,0,2,1,1,0,1,50,2,3,1,0,1,1,77.0,15.0,voiture,deux_roues,1,2,1,1,3
202400041294,2024-04-04 16:45:00,2024,4,4,16,45,09,09265,Rue du 14 Juillet,43.081066,1.624019,Plein jour,En agglomération,Intersection en X,Normale,Deux véhicules - arrière,3,2,2,0,4,1,1,5,1,50,2,2,1,0,0,1,79.0,22.0,voiture,deux_roues,1,2,2,1,2
202400041294,2024-04-04 16:45:00,2024,4,4,16,45,09,09265,Rue du 14 Juillet,43.081066,1.624019,Plein jour,En agglomération,Intersection en X,Normale,Deux véhicules - arrière,3,2, -1,-1,1,1,1,0,1,50,2,2,1,0,0,1,79.0,22.0,voiture,deux_roues,1,2,2,1,2
202400041295,2024-05-11 13:00:00,2024,5,11,13,0,75,75115,RUE SAINT CHARLES,48.838489,2.278375,Plein jour,En agglomération,Intersection en X,Normale,Deux véhicules - côté,4,2,2,0,1,1,1,0,1,50,2,2,1,0,0,1,25.0,75.0,deux_roues,voiture,1,2,2,1,3
202400041295,2024-05-11 13:00:00,2024,5,11,13,0,75,75115,RUE SAINT CHARLES,48.838489,2.278375,Plein jour,En agglomération,Intersection en X,Normale,Deux véhicules - côté,4,1,1,1,1,1,1,0,1,50,2,2,1,0,0,1,25.0,75.0,deux_roues,voiture,1,2,2,1,3
202400041296,2024-02-27 16:10:00,2024,2,27,16,10,69,69204,76 Rue des Collonges,45.692527,4.805768,Plein jour,En agglomération,Hors intersection,Normale,Autre collision,4,2,2,1,2,1,1,0,1,30,1,2,1,0,0,1,57.0,,voiture,,1,2,1,1,6
202400041297,2024-04-04 14:00:00,2024,4,4,14,0,45,45333,D8 PR 5 + 877,47.938068,2.050173,Plein jour,Hors agglomération,Hors intersection,Temps couvert,Deux véhicules - arrière,3,2,2,0,1,1,1,0,1,50,2,2,0,0,1,1,54.0,28.0,utilitaire_camion,voiture,1,1,1,8,2
202400041298,2024-05-11 16:20:00,2024,5,11,16,20,75,75113,BOULEVARD ARAGO,48.836589,2.351149,Plein jour,En agglomération,Intersection en T,Normale,Autre collision,4,2,3,1,1,1,1,0,1,30,1,2,1,0,0,1,20.0,,deux_roues,,1,2,3,1,6
202400041298,2024-05-11 16:20:00,2024,5,11,16,20,75,75113,BOULEVARD ARAGO,48.836589,2.351149,Plein jour,En agglomération,Intersection en T,Normale,Autre collision,4,1, -1,-1,1,1,1,0,1,30,1,2,1,0,0,1,20.0,,deux_roues,,1,2,3,1,6
202400041299,2024-07-18 18:07:00,2024,7,18,18,7,92,92051,"CHARLES DE GAULLE (AVENUE, N° 18 A 116)",48.88244917,2.26755023,Plein jour,En agglomération,Intersection en T,Normale,Deux véhicules - côté,2,1,0,3,1,1,1,0,1,50,2,2,0,0,0,2,31.0,46.0,deux_roues,voiture,1,2,3,1,3
202400041299,2024-07-18 18:07:00,2024,7,18,18,7,92,92051,"CHARLES DE GAULLE (AVENUE, N° 18 A 116)",48.88244917,2.26755023,Plein jour,En agglomération,Intersection en T,Normale,Deux véhicules - côté,2,2,0,0,1,1,1,0,1,50,2,2,0,0,0,2,31.0,46.0,deux_roues,voiture,1,2,3,1,3
202400041300,2024-02-27 09:50:00,2024,2,27,9,50,35,35240,route nationale 24,48.09404226,-1.76540583,Plein jour,Hors agglomération,Hors intersection,Normale,Autre collision,2,3,4,0,1,1,1,0,1,110,1,1,0,0,0,1,25.0,,deux_roues,,1,1,1,1,6
202400041301,2024-04-05 17:20:00,2024,4,5,17,20,64,64037,D2,43.337397,-0.499835,Plein jour,Hors agglomération,Intersection en X,Normale,Deux véhicules - arrière,3,2,2,0,1,2,1,0,1,80,2,2,1,1,0,0,78.0,19.0,voiture,deux_roues,1,1,2,1,2
202400041301,2024-04-05 17:20:00,2024,4,5,17,20,64,64037,D2,43.337397,-0.499835,Plein jour,Hors agglomération,Intersection en X,Normale,Deux véhicules - arrière,3,2, -1,-1,1,1,1,0,1,80,2,2,1,1,0,0,78.0,19.0,voiture,deux_roues,1,1,2,1,2
202400041302,2024-01-11 17:10:00,2024,1,11,17,10,13,13211,SAINT MENET (MONTEE),43.294,5.49,Nuit avec éclairage allumé,En agglomération,Hors intersection,Normale,Deux véhicules - frontale,4,-1,2,0,2,1,1,0,1,50,2,2,1,0,0,1,43.0,52.0,voiture,deux_roues,5,2,1,1,1
202400041303,2024-05-11 15:25:00,2024,5,11,15,25,94,94078,Av du Pdt J Fitzgerald Kennedy / Rue des Acacias,48.733376,2.462034,Plein jour,En agglomération,Intersection en T,Normale,Deux véhicules - côté,3,3,2,0,1,1,1,0,1,50,2,2,1,0,0,1,73.0,24.0,voiture,deux_roues,1,2,3,1,3
202400041303,2024-05-11 15:25:00,2024,5,11,15,25,94,94078,Av du Pdt J Fitzgerald Kennedy / Rue des Acacias,48.733376,2.462034,Plein jour,En agglomération,Intersection en T,Normale,Deux véhicules - côté,3,2,2,0,1,1,1,0,1,-1,2,2,1,0,0,1,73.0,24.0,voiture,deux_roues,1,2,3,1,3
202400041304,2024-04-05 09:12:00,2024,4,5,9,12,64,64198,11 Route de Pau,43.360594,-0.50374,Nuit sans éclairage public,Hors agglomération,Hors intersection,Normale,Sans collision,3,2,2,3,1,1,1,0,1,80,1,1,0,0,1,0,22.0,,deux_roues,,3,1,1,1,7
202400041305,2024-02-27 15:24:00,2024,2,27,15,24,76,76759,Route des Sablons,49.41415174,0.89202744,Plein jour,Hors agglomération,Intersection en T,Normale,Sans collision,7,2,2,0,2,1,1,0,4,70,1,1,0,0,1,0,65.0,,deux_roues,,1,1,3,1,7
202400041305,2024-02-27 15:24:00,2024,2,27,15,24,76,76759,Route des Sablons,49.41415174,0.89202744,Plein jour,Hors agglomération,Intersection en T,Normale,Sans collision,7,2, -1,0,2,1,1,0,4,70,1,1,0,0,1,0,65.0,,deux_roues,,1,1,3,1,7
202400041306,2024-07-18 10:10:00,2024,7,18,10,10,92,92049,PERI RUE GABRIEL N°2 A 36,48.81801402,2.32230002,Plein jour,En agglomération,Intersection en X,Normale,Deux véhicules - arrière,3,1,3,1,1,1,1,0,1,50,2,3,1,0,0,2,39.0,58.0,voiture,voiture,1,2,2,1,2
202400041306,2024-07-18 10:10:00,2024,7,18,10,10,92,92049,PERI RUE GABRIEL N°2 A 36,48.81801402,2.32230002,Plein jour,En agglomération,Intersection en X,Normale,Deux véhicules - arrière,3,2,3,1,1,1,1,0,1,50,2,3,1,0,0,2,39.0,58.0,voiture,voiture,1,2,2,1,2
202400041307,2024-05-11 19:00:00,2024,5,11,19,0,94,94076,49 Avenue de Paris,48.80489569,2.36392014,Plein jour,En agglomération,Hors intersection,Normale,Autre collision,3,3,2,3,1,1,1,-1,1,50,1,3,0,0,0,3,48.0,,deux_roues,,1,2,1,1,6
202400041308,2024-01-11 16:10:00,2024,1,11,16,10,13,13203,PLOMBIERES (BOULEVARD DES),43.3194,5.37791,Plein jour,En agglomération,Hors intersection,Normale,Deux véhicules - frontale,1,1,2,0,1,1,2,3,1,50,1,2,0,0,1,1,22.0,,voiture,,1,2,1,1,1
202400041309,2024-02-27 16:40:00,2024,2,27,16,40,33,33281,ROCADE A 630,44.83643,-0.6763,Plein jour,Hors agglomération,Hors intersection,Normale,Sans collision,1,3,6,0,1,1,1,3,1,90,1,1,0,0,0,1,73.0,,deux_roues,,1,1,1,1,7
202400041310,2024-07-18 20:16:00,2024,7,18,20,16,92,92040,ABBE GREGOIRE (DE L'),48.8227435,2.27617389,Plein jour,En agglomération,Autre intersection,Normale,Autre collision,4,1,1,0,1,1,1,0,8,30,1,2,1,0,0,1,68.0,,voiture,,1,2,9,1,6
202400041311,2024-04-05 06:35:00,2024,4,5,6,35,18,18221,,46.838207,2.338693,Crépuscule ou aube,Hors agglomération,Hors intersection,Normale,Deux véhicules - frontale,3,2,2,0,2,3,1,0,1,70,2,3,2,0,1,0,37.0,72.0,voiture,voiture,2,1,1,1,1
202400041312,2024-02-26 23:45:00,2024,2,26,23,45,59,59328,ROUTE METROPOLITAINE 652,50.65570185,3.01288969,Nuit sans éclairage public,Hors agglomération,Hors intersection,Temps couvert,Autre collision,7,3,4,0,1,1,2,0,1,90,1,1,0,0,0,1,52.0,,voiture,,3,1,1,8,6
202400041313,2024-05-11 14:10:00,2024,5,11,14,10,94,94017,Avenue du Parc / Avenue Paul Venzac,48.81177,2.55687,Plein jour,En agglomération,Intersection en X,Normale,Deux véhicules - côté,4,2,2,0,1,1,1,0,1,50,2,2,0,0,0,2,51.0,67.0,utilitaire_camion,voiture,1,2,2,1,3
202400041314,2024-04-04 11:24:00,2024,4,4,11,24,36,36088,55 Route de Bourges,46.951437,2.003234,Plein jour,En agglomération,Autre intersection,Normale,Deux véhicules - arrière,4,2,2,1,1,1,1,0,1,50,2,2,1,0,1,0,32.0,17.0,voiture,deux_roues,1,2,9,1,2
202400041315,2024-07-18 08:10:00,2024,7,18,8,10,92,92026,PRÉSIDENT PAUL DOUMER (QUAI DU),48.89008262,2.25620694,Plein jour,En agglomération,Hors intersection,Normale,Deux véhicules - côté,3,2,2,0,1,1,1,0,1,50,2,3,2,0,0,1,38.0,22.0,utilitaire_camion,deux_roues,1,2,1,1,3
202400041316,2024-01-11 14:35:00,2024,1,11,14,35,13,13206,ROME (RUE DE),43.2912,5.38078,Plein jour,En agglomération,Intersection en T,Pluie légère,Deux véhicules - côté,4,1,2,0,2,1,2,0,6,50,2,2,1,0,0,1,16.0,,deux_roues,autre,1,2,3,2,3
202400041316,2024-01-11 14:35:00,2024,1,11,14,35,13,13206,ROME (RUE DE),43.2912,5.38078,Plein jour,En agglomération,Intersection en T,Pluie légère,Deux véhicules - côté,4,2,2,3,1,1,2,0,6,50,2,2,1,0,0,1,16.0,,deux_roues,autre,1,2,3,2,3
202400041317,2024-02-26 20:00:00,2024,2,26,20,0,92,92047,A13,48.83335317,2.16131084,Nuit sans éclairage public,Hors agglomération,Hors intersection,Pluie légère,Deux véhicules - arrière,1,3,3,0,1,1,2,0,1,110,2,2,1,0,0,1,35.0,37.0,voiture,voiture,3,1,1,2,2
202400041318,2024-05-10 22:30:00,2024,5,10,22,30,94,94017,Avenue Salvador Allendé,48.80849,2.55195,Nuit sans éclairage public,En agglomération,Hors intersection,Normale,Deux véhicules - arrière,3,3,2,2,1,1,1,0,1,50,2,5,4,0,0,1,37.0,38.0,voiture,voiture,3,2,1,1,2
202400041319,2024-07-17 19:45:00,2024,7,17,19,45,92,92025,GABRIEL PERI (RUE),48.91823614,2.23892422,Plein jour,En agglomération,Hors intersection,Normale,Deux véhicules - arrière,3,2,0,0,1,1,1,0,1,30,2,2,1,0,0,1,20.0,18.0,voiture,deux_roues,1,2,1,1,2
202400041320,2024-04-05 13:30:00,2024,4,5,13,30,07,07048,rue du Temple,44.880192,4.577163,Plein jour,En agglomération,Hors intersection,Normale,Autre collision,4,2,2,0,2,1,1,9,8,50,1,1,0,0,0,1,39.0,,voiture,,1,2,1,1,6
202400041321,2024-02-26 09:30:00,2024,2,26,9,30,92,92063,A86,48.89039593,2.1710504,Plein jour,Hors agglomération,Hors intersection,Normale,Autre collision,1,-1,3,0,1,2,2,0,1,90,1,1,0,0,0,1,49.0,,voiture,,1,1,1,1,6
202400041322,2024-01-11 13:20:00,2024,1,11,13,20,13,13001,PREMIERE DIV FRANCAISE LIB (AV),43.55678531,5.4448976,Plein jour,Hors agglomération,Hors intersection,Normale,Autre collision,2,3,5,0,2,3,2,3,3,50,1,2,1,0,0,1,58.0,,utilitaire_camion,,1,1,1,1,6
202400041323,2024-05-10 20:30:00,2024,5,10,20,30,93,93078,Boulevard Robert Ballanger,48.95345,2.53283,Plein jour,En agglomération,Hors intersection,Normale,Deux véhicules - côté,3,2,2,0,1,1,1,0,1,50,2,2,1,0,0,1,31.0,23.0,voiture,deux_roues,1,2,1,1,3
202400041324,2024-07-18 03:15:00,2024,7,18,3,15,92,92012,GENERAL LECLERC (AVENUE DU) 35/FIN - 60/,48.83034348,2.2327162,Nuit avec éclairage allumé,En agglomération,Hors intersection,Normale,Autre collision,3,3,0,0,1,1,1,0,8,50,1,2,1,0,1,0,24.0,,utilitaire_camion,,5,2,1,1,6
202400041325,2024-04-03 17:15:00,2024,4,3,17,15,40,40224,Chemin de la Plaine,43.547137,-1.120348,Plein jour,En agglomération,Hors intersection,Normale,Deux véhicules - côté,4,2,2,0,2,2,1,0,1,50,2,3,1,0,2,0,31.0,18.0,voiture,deux_roues,1,2,1,1,3
202400041326,2024-02-27 15:00:00,2024,2,27,15,0,95,95277,A3,48.96803561,2.47785819,Plein jour,Hors agglomération,Hors intersection,Normale,Trois véhicules et plus - en chaîne,1,3,10,0,1,1,1,0,1,90,3,3,1,0,0,2,42.0,26.0,utilitaire_camion,voiture,1,1,1,1,4
202400041327,2024-01-11 14:40:00,2024,1,11,14,40,11,11262,,43.1871,2.98304,Plein jour,En agglomération,Intersection en X,Pluie légère,Autre collision,4,1,2,0,1,1,2,9,1,50,1,2,1,0,0,1,37.0,,utilitaire_camion,,1,2,2,2,6
202400041327,2024-01-11 14:40:00,2024,1,11,14,40,11,11262,,43.1871,2.98304,Plein jour,En agglomération,Intersection en X,Pluie légère,Autre collision,4,2,2,0,1,1,2,0,1,50,1,2,1,0,0,1,37.0,,utilitaire_camion,,1,2,2,2,6
202400041328,2024-05-11 19:56:00,2024,5,11,19,56,93,93066,Avenue de Stalingrad / Avenue Roger Sémat,48.944334,2.357105,Plein jour,En agglomération,Intersection en X,Normale,Deux véhicules - arrière,3,3,4,0,1,1,1,0,1,50,2,3,2,0,0,1,21.0,38.0,deux_roues,deux_roues,1,2,2,1,2
202400041328,2024-05-11 19:56:00,2024,5,11,19,56,93,93066,Avenue de Stalingrad / Avenue Roger Sémat,48.944334,2.357105,Plein jour,En agglomération,Intersection en X,Normale,Deux véhicules - arrière,3,2,2,2,1,1,1,0,8,50,2,3,2,0,0,1,21.0,38.0,deux_roues,deux_roues,1,2,2,1,2
202400041329,2024-04-03 17:02:00,2024,4,3,17,2,67,67506,Rue de la Gare,48.66668579,7.71738321,Plein jour,En agglomération,Hors intersection,Normale,Autre collision,4,2,2,0,1,2,1,0,1,50,1,2,1,0,1,0,67.0,,voiture,,1,2,1,1,6
202400041330,2024-07-19 14:36:00,2024,7,19,14,36,60,60587,Rue de Paris,49.342307,2.606362,Plein jour,En agglomération,Intersection en X,Normale,Deux véhicules - frontale,3,2,2,0,1,1,1,5,1,50,2,2,0,0,0,2,46.0,71.0,deux_roues,voiture,1,2,2,1,1
202400041330,2024-07-19 14:36:00,2024,7,19,14,36,60,60587,Rue de Paris,49.342307,2.606362,Plein jour,En agglomération,Intersection en X,Normale,Deux véhicules - frontale,3,2, -1,-1,1,1,1,5,1,-1,2,2,0,0,0,2,46.0,71.0,deux_roues,voiture,1,2,2,1,1
202400041331,2024-01-11 08:40:00,2024,1,11,8,40,11,11262,Rue Ancienne Porte de Béziers,43.18656,3.00669,Plein jour,En agglomération,Hors intersection,Pluie légère,Autre collision,4,1,1,0,1,1,2,0,1,30,1,2,1,0,0,1,,,autre,,1,2,1,2,6
202400041332,2024-05-11 18:55:00,2024,5,11,18,55,93,93064,Avenue du Général de Gaulle,48.877182,2.480153,Plein jour,En agglomération,Hors intersection,Normale,Autre collision,3,2,2,3,1,1,1,9,6,30,1,2,1,0,0,1,31.0,,deux_roues,,1,2,1,1,6
202400041333,2024-02-27 09:40:00,2024,2,27,9,40,93,93063,A3,48.87835874,2.44648683,Plein jour,Hors agglomération,Hors intersection,Normale,Trois véhicules et plus - collisions multiples,1,3,4,0,1,1,1,0,1,90,4,4,3,0,0,1,29.0,22.0,utilitaire_camion,utilitaire_camion,1,1,1,1,5
202400041334,2024-05-10 23:50:00,2024,5,10,23,50,93,93031,Avenue Joffre,48.95823172,2.3016082,Nuit avec éclairage allumé,En agglomération,Hors intersection,Normale,Sans collision,3,3,4,0,1,1,1,0,1,15,1,1,0,0,1,0,20.0,,deux_roues,,5,2,1,1,7
202400041335,2024-07-18 09:15:00,2024,7,18,9,15,37,37010,la grande épinière,47.530908,0.946659,Plein jour,Hors agglomération,Intersection en X,Normale,Deux véhicules - côté,4,2,2,0,1,1,1,0,1,80,2,2,1,0,1,0,75.0,76.0,deux_roues,voiture,1,1,2,1,3
202400041336,2024-01-10 16:30:00,2024,1,10,16,30,11,11069,,43.20318,2.31454,Plein jour,En agglomération,Hors intersection,Pluie légère,Deux véhicules - arrière,3,1,3,0,1,3,2,0,1,30,2,4,3,0,0,1,68.0,65.0,voiture,voiture,1,2,1,2,2
202400041337,2024-02-26 09:00:00,2024,2,26,9,0,92,92036,AUTOROUTE A86,48.93811425,2.2989428,Plein jour,Hors agglomération,Hors intersection,Pluie légère,Deux véhicules - arrière,1,3,2,0,1,1,2,0,1,90,2,2,1,0,0,1,24.0,43.0,voiture,voiture,1,1,1,2,2