accident_id,datetime,annee,mois,jour,heure,minute,departement,commune_insee,adresse,latitude,longitude,luminosite,agglomeration,intersection,meteo,collision,catr,circ,nbv,vosp,prof,plan,surf,infra,situ,vma,nb_vehicules,nb_usagers,nb_indemnes,nb_tues,nb_blesses_hosp,nb_blesses_legers,age_cond_1,age_cond_2,veh_type_cond_1,veh_type_cond_2,lum_code,agg_code,int_code,atm_code,col_code
202400041474,2024-02-26 09:15:00,2024,2,26,9,15,92,92019,JUSTICE (CHEMIN),48.76650035,2.26303518,Plein jour,En agglomération,Intersection en T,Pluie légère,Deux véhicules - côté,4,1,1,0,2,1,2,0,1,50,2,2,1,0,0,1,26.0,42.0,deux_roues,voiture,1,2,3,2,3
202400041475,2024-07-18 19:45:00,2024,7,18,19,45,83,83082,Route Departementale 955,43.63703894,6.4786324,Plein jour,Hors agglomération,Hors intersection,Normale,Autre collision,3,2,2,0,2,4,1,0,1,-1,1,1,0,0,1,0,23.0,,deux_roues,,1,1,1,1,6
202400041476,2024-05-10 13:55:00,2024,5,10,13,55,73,73204,D1006,45.53104233,5.68221509,Plein jour,En agglomération,Hors intersection,Normale,Deux véhicules - arrière,3,3,2,0,1,1,1,0,1,50,3,3,1,0,0,2,36.0,41.0,voiture,voiture,1,2,1,1,2
202400041477,2024-04-02 09:40:00,2024,4,2,9,40,95,95678,N104,49.06943199,2.24863293,Plein jour,Hors agglomération,Hors intersection,Normale,Deux véhicules - arrière,2,3,2,0,1,1,1,0,1,110,2,2,0,0,0,2,30.0,28.0,voiture,utilitaire_camion,1,1,1,1,2
202400041478,2024-07-19 13:20:00,2024,7,19,13,20,73,73010,D911 Route des Bauges,45.74063844,5.9714778,Plein jour,Hors agglomération,Hors intersection,Normale,Autre collision,3,2,2,2,1,2,1,0,1,50,1,1,0,1,0,0,53.0,,deux_roues,,1,1,1,1,6
202400041479,2024-02-27 15:55:00,2024,2,27,15,55,974,97415,Chemin de la Poudriere,-21.015762,55.277228,Plein jour,En agglomération,Hors intersection,Normale,Deux véhicules - côté,3,2,2,0,2,3,1,0,1,50,2,4,3,0,1,0,52.0,19.0,deux_roues,voiture,1,2,1,1,3
202400041480,2024-05-11 15:05:00,2024,5,11,15,5,40,40094,D63,44.168582,-1.030354,Plein jour,En agglomération,Autre intersection,Normale,Deux véhicules - côté,3,2,2,0,2,4,1,2,1,50,2,5,4,0,0,1,24.0,58.0,deux_roues,voiture,1,2,9,1,3
202400041481,2024-04-03 11:30:00,2024,4,3,11,30,94,94052,A86,48.84320967,2.49265332,Plein jour,Hors agglomération,Hors intersection,Pluie forte,Deux véhicules - côté,1,1,3,0,1,1,2,1,1,90,2,2,1,0,0,1,61.0,48.0,utilitaire_camion,utilitaire_camion,1,1,1,3,3
202400041482,2024-02-26 10:35:00,2024,2,26,10,35,43,43080,D9,45.33333819,3.83783362,Plein jour,En agglomération,Hors intersection,Normale,Deux véhicules - côté,3,2,2,0,1,1,1,0,1,50,2,3,2,0,1,0,64.0,72.0,voiture,voiture,1,2,1,1,3
202400041483,2024-05-12 07:00:00,2024,5,12,7,0,24,24094,la tuilière,45.100199,0.695572,Plein jour,Hors agglomération,Hors intersection,Pluie légère,Autre collision,2,2,2,0,1,3,2,0,3,80,1,1,0,0,1,0,21.0,,voiture,,1,1,1,2,6
202400041484,2024-07-17 17:10:00,2024,7,17,17,10,36,36018,Rue Saint Lazare,46.634148,1.0612,Plein jour,En agglomération,Hors intersection,Normale,Deux véhicules - côté,4,1,1,0,1,1,1,6,1,30,2,4,2,0,0,2,16.0,34.0,deux_roues,voiture,1,2,1,1,3
202400041485,2024-05-09 08:30:00,2024,5,9,8,30,85,85127,963 Avenue du Docteur Mathevet,46.40449,-1.504204,Plein jour,En agglomération,Hors intersection,Normale,Autre collision,4,1,1,0,4,1,1,0,1,50,1,2,0,0,2,0,46.0,,deux_roues,,1,2,1,1,6
202400041486,2024-02-27 07:05:00,2024,2,27,7,5,974,97422,Avenue de l'Europe,-21.274114,55.506272,Plein jour,En agglomération,Giratoire,Normale,Autre collision,4,2,2,0,2,1,2,0,1,50,1,2,1,1,0,0,60.0,,utilitaire_camion,,1,2,6,1,6
202400041487,2024-04-03 18:38:00,2024,4,3,18,38,988,98818,VE1 sens Sud/Nord,-22.25747,166.44746,Nuit avec éclairage allumé,En agglomération,Hors intersection,Normale,Autre collision,3,3,4,0,1,1,1,0,1,70,1,3,2,0,1,0,25.0,,voiture,,5,2,1,1,6
202400041488,2024-05-10 19:10:00,2024,5,10,19,10,85,85128,Rue du président de gaulle,46.457055,-1.180252,Plein jour,En agglomération,Intersection en T,Temps éblouissant,Deux véhicules - frontale,4,2,2,0,1,1,1,0,1,50,2,2,1,0,0,1,36.0,21.0,voiture,voiture,1,2,3,7,1
202400041488,2024-05-10 19:10:00,2024,5,10,19,10,85,85128,Rue du président de gaulle,46.457055,-1.180252,Plein jour,En agglomération,Intersection en T,Temps éblouissant,Deux véhicules - frontale,4,2, -1,-1,1,1,1,0,1,-1,2,2,1,0,0,1,36.0,21.0,voiture,voiture,1,2,3,7,1
202400041489,2024-03-28 13:35:00,2024,3,28,13,35,974,97411,CHAUDRON  (BLD 1 DU),-20.89488,55.49424,Plein jour,En agglomération,Autre intersection,Normale,Deux véhicules - côté,2,3,3,0,1,1,1,0,1,50,2,2,0,0,0,2,53.0,34.0,voiture,voiture,1,2,9,1,3
202400041490,2024-07-19 17:30:00,2024,7,19,17,30,07,07330,Route des Gorges,44.390666,4.404957,Plein jour,En agglomération,Intersection en T,Normale,Deux véhicules - côté,3,2,2,0,2,1,1,0,1,50,2,2,1,0,1,0,19.0,46.0,voiture,deux_roues,1,2,3,1,3
202400041490,2024-07-19 17:30:00,2024,7,19,17,30,07,07330,Route des Gorges,44.390666,4.404957,Plein jour,En agglomération,Intersection en T,Normale,Deux véhicules - côté,3,2,2,0,1,1,1,0,1,50,2,2,1,0,1,0,19.0,46.0,voiture,deux_roues,1,2,3,1,3
202400041491,2024-02-26 19:25:00,2024,2,26,19,25,21,21501,Auroroute A6 Pk 263+766,47.253529,4.548512,Nuit sans éclairage public,Hors agglomération,Hors intersection,Normale,Trois véhicules et plus - en chaîne,1,3,2,0,1,1,2,0,1,130,4,5,3,0,2,0,73.0,25.0,voiture,autre,3,1,1,1,4
202400041492,2024-04-03 19:05:00,2024,4,3,19,5,973,97302,NEGRES MARONS (RUE DES) CITE BONHOMME,4.92376115,-52.31951639,Plein jour,En agglomération,Intersection en T,Normale,Deux véhicules - frontale,4,2,2,0,1,1,1,0,1,50,2,2,1,0,0,1,36.0,26.0,voiture,deux_roues,1,2,3,1,1
202400041492,2024-04-03 19:05:00,2024,4,3,19,5,973,97302,NEGRES MARONS (RUE DES) CITE BONHOMME,4.92376115,-52.31951639,Plein jour,En agglomération,Intersection en T,Normale,Deux véhicules - frontale,4,2,2,0,1,1,1,0,1,50,2,2,1,0,0,1,36.0,26.0,voiture,deux_roues,1,2,3,1,1
202400041493,2024-07-18 23:33:00,2024,7,18,23,33,53,53163,D140,48.1614,-0.472632,Nuit sans éclairage public,Hors agglomération,Hors intersection,Normale,Sans collision,3,2,2,0,1,3,1,0,3,50,1,1,0,0,1,0,31.0,,deux_roues,,3,1,1,1,7
202400041494,2024-05-12 07:20:00,2024,5,12,7,20,27,27074,D613,49.154847,0.643478,Plein jour,Hors agglomération,Hors intersection,Normale,Trois véhicules et plus - collisions multiples,3,2,3,0,1,1,1,0,1,80,3,11,4,0,1,6,52.0,34.0,utilitaire_camion,voiture,1,1,1,1,5
202400041495,2024-02-27 11:50:00,2024,2,27,11,50,62,62261,Boulevard de Berck,50.478081,1.594402,Plein jour,En agglomération,Hors intersection,Normale,Autre collision,4,2,2,0,1,1,1,0,1,50,1,2,1,0,1,0,48.0,,voiture,,1,2,1,1,6
202400041496,2024-04-03 08:27:00,2024,4,3,8,27,973,97302,CATAYEE (JUSTIN),4.92432367,-52.32422769,Plein jour,Hors agglomération,Giratoire,Normale,Deux véhicules - arrière,3,1,2,0,1,1,2,9,1,50,2,2,1,0,0,1,24.0,65.0,deux_roues,voiture,1,1,6,1,2
202400041497,2024-05-10 20:20:00,2024,5,10,20,20,28,28227,D906,48.596204,1.601233,Plein jour,Hors agglomération,Hors intersection,Normale,Autre collision,3,2,2,0,1,1,1,0,3,80,1,4,0,0,0,4,43.0,,voiture,,1,1,1,1,6
202400041498,2024-07-18 17:20:00,2024,7,18,17,20,24,24218,la Jarousse,45.503595,1.117449,Plein jour,Hors agglomération,Intersection en T,Normale,Deux véhicules - frontale,3,2, -1,-1,1,1,1,0,1,80,2,3,2,0,1,0,75.0,78.0,utilitaire_camion,voiture,1,1,3,1,1
202400041498,2024-07-18 17:20:00,2024,7,18,17,20,24,24218,la Jarousse,45.503595,1.117449,Plein jour,Hors agglomération,Intersection en T,Normale,Deux véhicules - frontale,3,2,2,0,1,1,1,0,1,80,2,3,2,0,1,0,75.0,78.0,utilitaire_camion,voiture,1,1,3,1,1
202400041499,2024-02-26 17:00:00,2024,2,26,17,0,30,30334,1 Place des Cordeliers,44.01266,4.416185,Plein jour,En agglomération,Hors intersection,Normale,Sans collision,6,-1, -1,0,1,1,1,0,1,30,1,2,1,0,0,1,77.0,,voiture,,1,2,1,1,7
202400041500,2024-04-02 13:30:00,2024,4,2,13,30,973,97302,COLLERY (ZONE INDUSTRIELLE),4.90160688,-52.32631981,Plein jour,Hors agglomération,Intersection en T,Normale,Deux véhicules - côté,4,2,2,0,1,1,1,0,1,50,2,3,1,0,0,2,66.0,45.0,utilitaire_camion,deux_roues,1,1,3,1,3
202400041501,2024-05-12 11:46:00,2024,5,12,11,46,87,87116,pk 39 N147,46.13831,1.056625,Plein jour,Hors agglomération,Giratoire,Pluie légère,Deux véhicules - côté,2,2,2,0,1,1,2,5,1,80,2,2,1,0,1,0,67.0,72.0,deux_roues,voiture,1,1,6,2,3
202400041501,2024-05-12 11:46:00,2024,5,12,11,46,87,87116,pk 39 N147,46.13831,1.056625,Plein jour,Hors agglomération,Giratoire,Pluie légère,Deux véhicules - côté,2,2, -1,-1,1,1,2,5,1,80,2,2,1,0,1,0,67.0,72.0,deux_roues,voiture,1,1,6,2,3
202400041502,2024-07-18 14:30:00,2024,7,18,14,30,04,04055,N85,43.967515,6.313893,Plein jour,Hors agglomération,Hors intersection,Normale,Deux véhicules - côté,2,2,2,0,1,2,1,0,1,80,2,3,2,0,0,1,30.0,81.0,deux_roues,voiture,1,1,1,1,3
202400041503,2024-04-03 07:50:00,2024,4,3,7,50,971,97105,BOLOGNE (ROUTE DE),16.00757,-61.73047,Plein jour,En agglomération,Hors intersection,Temps éblouissant,Autre collision,3,2,2,0,2,1,1,0,1,50,1,1,0,0,0,1,44.0,,voiture,,1,2,1,7,6
202400041504,2024-05-12 10:30:00,2024,5,12,10,30,37,37134,Rue des Jardins,47.178293,0.735848,Plein jour,Hors agglomération,Hors intersection,Pluie légère,Sans collision,4,2,2,0,1,1,2,0,1,80,1,1,0,1,0,0,84.0,,deux_roues,,1,1,1,2,7
202400041505,2024-05-11 18:20:00,2024,5,11,18,20,88,88128,Chemin de Chenaux,48.334029,6.962349,Plein jour,En agglomération,Hors intersection,Normale,Autre collision,4,2,2,0,2,3,9,0,3,50,1,1,0,0,0,1,60.0,,deux_roues,,1,2,1,1,6
202400041506,2024-08-24 19:30:00,2024,8,24,19,30,77,77284,GALLIENI (AVENUE),48.95861,2.87256,Plein jour,En agglomération,Hors intersection,Pluie légère,Deux véhicules - frontale,3,2,4,0,1,2,2,0,1,50,2,3,2,0,0,1,53.0,64.0,voiture,voiture,1,2,1,2,1
202400041507,2024-07-18 23:20:00,2024,7,18,23,20,85,85234,D38b,46.801367,-2.066331,Nuit sans éclairage public,Hors agglomération,Hors intersection,Normale,Deux véhicules - frontale,3,2,2,0,1,2,1,0,1,50,2,2,1,0,1,0,18.0,26.0,voiture,deux_roues,3,1,1,1,1
202400041508,2024-02-25 07:30:00,2024,2,25,7,30,91,91225,N6,48.663534,2.514164,Crépuscule ou aube,Hors agglomération,Hors intersection,Pluie légère,Deux véhicules - arrière,2,1,0,0,1,1,2,0,5,90,2,6,4,0,0,2,22.0,61.0,voiture,voiture,2,1,1,2,2
202400041509,2024-04-03 16:49:00,2024,4,3,16,49,84,84080,CARPENTRAS ROUTE DE,44.036,5.00687,Plein jour,En agglomération,Intersection en X,Normale,Deux véhicules - côté,4,2,0,0,2,1,1,0,1,50,2,2,1,0,1,0,17.0,,deux_roues,voiture,1,2,2,1,3
202400041509,2024-04-03 16:49:00,2024,4,3,16,49,84,84080,CARPENTRAS ROUTE DE,44.036,5.00687,Plein jour,En agglomération,Intersection en X,Normale,Deux véhicules - côté,4,2,2,0,2,1,1,0,1,50,2,2,1,0,1,0,17.0,,deux_roues,voiture,1,2,2,1,3
202400041510,2024-05-12 00:30:00,2024,5,12,0,30,88,88124,Rue Lecomte,48.086655,6.039627,Nuit avec éclairage non allumé,En agglomération,Hors intersection,Normale,Deux véhicules - frontale,3,3,2,0,2,1,1,9,1,50,1,1,0,1,0,0,59.0,,voiture,,4,2,1,1,1
202400041511,2024-08-24 10:00:00,2024,8,24,10,0,71,71105,DAVAYE (ROUTE DE),46.30254,4.79458,Plein jour,En agglomération,Hors intersection,Normale,Autre collision,3,2,1,0,2,1,1,0,1,50,1,2,1,0,0,1,68.0,,voiture,,1,2,1,1,6
202400041512,2024-02-23 16:15:00,2024,2,23,16,15,51,51152,"Chemin rural N°12 dit ""de Ludes au Moulin""",49.15544,4.067549,Plein jour,Hors agglomération,Hors intersection,Pluie légère,Autre collision,9,-1,2,0,1,1,2,0,3,50,1,1,0,1,0,0,27.0,,deux_roues,,1,1,1,2,6
202400041513,2024-07-19 08:00:00,2024,7,19,8,0,17,17396,D115,46.203374,-0.873102,Plein jour,Hors agglomération,Hors intersection,Normale,Deux véhicules - frontale,3,2,2,0,1,1,1,0,1,80,2,3,1,1,0,1,30.0,30.0,voiture,deux_roues,1,1,1,1,1
202400041514,2024-02-27 01:30:00,2024,2,27,1,30,51,51231,D3,48.97260515,4.44363534,Nuit sans éclairage public,Hors agglomération,Hors intersection,Pluie légère,Autre collision,3,2,2,0,1,1,2,0,3,90,1,1,0,1,0,0,35.0,,voiture,,3,1,1,2,6
202400041515,2024-07-19 07:00:00,2024,7,19,7,0,23,23013,2 Rue du Moulin Pointu,46.024464,2.503105,Plein jour,Hors agglomération,Hors intersection,Normale,Autre collision,3,2,2,0,1,1,9,0,3,90,1,1,0,0,1,0,44.0,,voiture,,1,1,1,1,6
202400041516,2024-05-11 21:45:00,2024,5,11,21,45,01,01265,A 404 PK 007+700 direction Oyonnax,46.18988,5.573978,Nuit sans éclairage public,Hors agglomération,Hors intersection,Normale,Autre collision,1,3,2,0,1,2,1,2,1,90,2,4,0,0,1,3,61.0,47.0,voiture,voiture,3,1,1,1,6
202400041517,2024-07-18 13:15:00,2024,7,18,13,15,48,48094,RD 32,44.34598,3.233886,Plein jour,Hors agglomération,Hors intersection,Normale,Sans collision,3,2,2,0,1,2,1,0,3,90,1,1,0,0,1,0,28.0,,deux_roues,,1,1,1,1,7
202400041518,2024-02-26 16:50:00,2024,2,26,16,50,56,56177,Les Quatre Chemins,47.800991,-2.934723,Plein jour,Hors agglomération,Intersection en X,Normale,Deux véhicules - côté,3,2,2,-1,1,1,2,0,1,50,2,2,1,0,0,1,31.0,46.0,voiture,voiture,1,1,2,1,3
202400041518,2024-02-26 16:50:00,2024,2,26,16,50,56,56177,Les Quatre Chemins,47.800991,-2.934723,Plein jour,Hors agglomération,Intersection en X,Normale,Deux véhicules - côté,3,2,2,0,1,1,2,0,1,50,2,2,1,0,0,1,31.0,46.0,voiture,voiture,1,1,2,1,3
202400041519,2024-05-10 10:30:00,2024,5,10,10,30,78,78455,30 Residence de l?Oree de Marly,48.843173,2.06852,Plein jour,En agglomération,Hors intersection,Normale,Autre collision,9,2,2,0,1,1,1,0,1,20,1,2,1,0,1,0,23.0,,utilitaire_camion,,1,2,1,1,6
202400041520,2024-08-24 00:30:00,2024,8,24,0,30,67,67447,GENERAL DE GAULLE (ROUTE DU),48.60814,7.73511,Nuit avec éclairage allumé,En agglomération,Intersection en T,Normale,Deux véhicules - côté,4,2,3,1,1,1,1,0,1,50,2,7,5,0,0,2,20.0,22.0,voiture,voiture,5,2,3,1,3
202400041520,2024-08-24 00:30:00,2024,8,24,0,30,67,67447,GENERAL DE GAULLE (ROUTE DU),48.60814,7.73511,Nuit avec éclairage allumé,En agglomération,Intersection en T,Normale,Deux véhicules - côté,4,2,3,0,1,1,1,0,1,50,2,7,5,0,0,2,20.0,22.0,voiture,voiture,5,2,3,1,3
202400041521,2024-07-17 11:50:00,2024,7,17,11,50,48,48193,D49,44.251724,3.587186,Plein jour,Hors agglomération,Hors intersection,Normale,Sans collision,3,2,1,0,2,3,1,0,1,80,1,2,1,0,0,1,71.0,,deux_roues,,1,1,1,1,7
202400041522,2024-02-27 11:50:00,2024,2,27,11,50,76,76560,Route du Parc Languet,49.419904,1.190482,Plein jour,En agglomération,Hors intersection,Normale,Sans collision,4,2,2,0,2,2,9,0,1,5,1,2,1,0,1,0,18.0,,deux_roues,,1,2,1,1,7
202400041523,2024-07-18 12:30:00,2024,7,18,12,30,48,48043,Route nationale 88,44.620021,3.675415,Plein jour,Hors agglomération,Hors intersection,Normale,Autre collision,2,2,2,0,1,1,1,0,8,80,1,3,1,0,2,0,71.0,,voiture,,1,1,1,1,6
202400041524,2024-05-11 12:50:00,2024,5,11,12,50,63,63236,D983,45.594477,2.821813,Plein jour,Hors agglomération,Hors intersection,Normale,Autre collision,3,2,2,0,2,2,1,0,1,90,1,1,0,0,0,1,23.0,,deux_roues,,1,1,1,1,6
202400041525,2024-02-27 19:00:00,2024,2,27,19,0,63,63430,Rue du Ruisseau,45.84565358,3.52989435,Nuit avec éclairage allumé,En agglomération,Intersection en T,Pluie légère,Deux véhicules - frontale,4,2,2,0,1,1,2,0,1,50,2,2,1,0,1,0,22.0,56.0,deux_roues,voiture,5,2,3,2,1
202400041525,2024-02-27 19:00:00,2024,2,27,19,0,63,63430,Rue du Ruisseau,45.84565358,3.52989435,Nuit avec éclairage allumé,En agglomération,Intersection en T,Pluie légère,Deux véhicules - frontale,4,2,2,-1,1,1,2,0,1,50,2,2,1,0,1,0,22.0,56.0,deux_roues,voiture,5,2,3,2,1
202400041526,2024-08-24 03:50:00,2024,8,24,3,50,64,64445,boulevard du Cami Salie,43.33267,-0.36763,Nuit avec éclairage allumé,En agglomération,Autre intersection,Normale,Autre collision,4,2,2,1,1,1,1,0,8,50,1,4,3,0,0,1,22.0,,voiture,,5,2,9,1,6
202400041527,2024-04-03 01:05:00,2024,4,3,1,5,74,74118,18 AOUT (RUE DU),46.17093,6.21021,Nuit sans éclairage public,En agglomération,Hors intersection,Normale,Autre collision,3,1,0,0,1,2,1,0,3,50,1,3,1,0,0,2,22.0,,voiture,,3,2,1,1,6
202400041528,2024-02-27 15:52:00,2024,2,27,15,52,61,61007,D229 PR6+900,48.796178,-0.446469,Plein jour,Hors agglomération,Hors intersection,Normale,Autre collision,3,2,2,0,1,2,1,0,3,80,1,2,1,0,1,0,95.0,,voiture,,1,1,1,1,6
202400041529,2024-07-19 12:00:00,2024,7,19,12,0,88,88165,Avenue Charles de Gaulle,48.373013,6.877326,Plein jour,En agglomération,Hors intersection,Temps éblouissant,Deux véhicules - côté,3,2,2,0,1,1,1,0,6,50,2,2,1,0,0,1,13.0,64.0,deux_roues,utilitaire_camion,1,2,1,7,3
202400041530,2024-05-10 14:30:00,2024,5,10,14,30,13,13067,A7 - PK 216+100 - SNES N/S,43.78125912,5.05419166,Plein jour,Hors agglomération,Hors intersection,Normale,Trois véhicules et plus - en chaîne,1,2,2,0,1,1,1,0,1,130,3,4,2,0,0,2,23.0,44.0,voiture,voiture,1,1,1,1,4
202400041531,2024-02-23 19:50:00,2024,2,23,19,50,49,49178,La Porterie,47.614727,-0.939326,Nuit sans éclairage public,Hors agglomération,Hors intersection,Pluie légère,Autre collision,3,2,2,0,1,2,2,0,3,80,1,1,0,0,1,0,27.0,,voiture,,3,1,1,2,6
202400041532,2024-07-19 15:00:00,2024,7,19,15,0,24,24331,1772 Route de Cyrano,44.794772,0.431235,Plein jour,Hors agglomération,Hors intersection,Normale,Autre collision,3,2,2,0,1,1,1,0,1,80,1,1,0,0,1,0,20.0,,voiture,,1,1,1,1,6
202400041533,2024-05-10 19:45:00,2024,5,10,19,45,66,66008,D618,42.551136,3.007411,Plein jour,En agglomération,Giratoire,Normale,Deux véhicules - côté,3,-1,1,0,1,2,1,0,1,50,2,2,1,0,0,1,18.0,26.0,deux_roues,utilitaire_camion,1,2,6,1,3
202400041534,2024-08-24 02:10:00,2024,8,24,2,10,63,63300,RD 2009,45.91786,3.13507,Nuit sans éclairage public,Hors agglomération,Hors intersection,Normale,Autre collision,3,2,2,0,1,1,1,0,8,90,1,1,0,0,0,1,19.0,,voiture,,3,1,1,1,6
202400041535,2024-02-05 03:25:00,2024,2,5,3,25,978,97801,RN7 belle plaine,18.058559,-63.044078,Nuit sans éclairage public,Hors agglomération,Hors intersection,Normale,Sans collision,2,2,2,0,1,2,1,0,1,90,1,1,0,0,1,0,31.0,,deux_roues,,3,1,1,1,7
202400041536,2024-02-26 15:30:00,2024,2,26,15,30,46,46090,lieu dit le Cornouiller RD 802,44.677478,1.735805,Plein jour,Hors agglomération,Intersection en X,Pluie légère,Deux véhicules - côté,3,2,2,0,1,1,2,5,1,80,2,6,5,0,0,1,24.0,38.0,voiture,voiture,1,1,2,2,3
202400041536,2024-02-26 15:30:00,2024,2,26,15,30,46,46090,lieu dit le Cornouiller RD 802,44.677478,1.735805,Plein jour,Hors agglomération,Intersection en X,Pluie légère,Deux véhicules - côté,3,2,2,0,1,1,2,5,1,80,2,6,5,0,0,1,24.0,38.0,voiture,voiture,1,1,2,2,3
202400041537,2024-05-11 21:00:00,2024,5,11,21,0,84,84034,D25,43.896826,4.983362,Nuit sans éclairage public,Hors agglomération,Hors intersection,Normale,Autre collision,3,2,2,0,1,1,1,0,3,80,1,3,0,3,0,0,19.0,,voiture,,3,1,1,1,6
202400041538,2024-05-11 15:15:00,2024,5,11,15,15,68,68294,10 Rue Maurice Burrus,48.264477,7.233086,Plein jour,En agglomération,Hors intersection,Normale,Autre collision,3,2,2,0,1,1,1,0,1,50,1,1,0,0,1,0,85.0,,voiture,,1,2,1,1,6
202400041539,2024-04-02 09:50:00,2024,4,2,9,50,71,71076,DELIRY (RUE PIERRE),46.79782365,4.84957002,Plein jour,En agglomération,Intersection en T,Normale,Deux véhicules - côté,4,2,2,0,1,1,1,0,1,50,2,2,1,0,0,1,63.0,90.0,voiture,deux_roues,1,2,3,1,3
202400041539,2024-04-02 09:50:00,2024,4,2,9,50,71,71076,DELIRY (RUE PIERRE),46.79782365,4.84957002,Plein jour,En agglomération,Intersection en T,Normale,Deux véhicules - côté,4,2,2,0,1,1,1,0,1,50,2,2,1,0,0,1,63.0,90.0,voiture,deux_roues,1,2,3,1,3
202400041540,2024-07-19 13:46:00,2024,7,19,13,46,77,77360,D 231,48.735347,2.979784,Plein jour,Hors agglomération,Hors intersection,Normale,Deux véhicules - frontale,3,2,2,0,1,3,1,0,1,80,2,2,0,0,1,1,27.0,54.0,voiture,transport_commun,1,1,1,1,1
202400041541,2024-02-26 17:45:00,2024,2,26,17,45,86,86139,D150,46.419214,0.101449,Plein jour,Hors agglomération,Hors intersection,Pluie légère,Trois véhicules et plus - collisions multiples,3,2,2,0,1,1,2,0,1,90,3,6,1,2,2,1,38.0,47.0,voiture,utilitaire_camion,1,1,1,2,5
202400041542,2024-05-10 18:02:00,2024,5,10,18,2,67,67400,D264,48.985688,7.943416,Plein jour,Hors agglomération,Hors intersection,Normale,Sans collision,3,2,2,0,3,1,1,0,3,80,1,2,0,0,2,0,29.0,,deux_roues,,1,1,1,1,7
202400041543,2024-08-22 12:15:00,2024,8,22,12,15,63,63300, Parking magasin Aldi,45.9043,3.1017,Plein jour,En agglomération,Hors intersection,Normale,Autre collision,6,-1,1,0,1,1,1,0,8,30,1,2,1,0,1,0,66.0,,voiture,,1,2,1,1,6
202400041544,2024-05-10 16:27:00,2024,5,10,16,27,88,88324,Rue de la Chouée,48.290335,5.88018,Plein jour,Hors agglomération,Autre intersection,Normale,Sans collision,4,2,2,0,1,1,1,0,8,50,1,1,0,0,1,0,70.0,,voiture,,1,1,9,1,7
202400041545,2024-07-18 22:46:00,2024,7,18,22,46,69,69086,Autoroute 89,45.853532,4.654545,Nuit sans éclairage public,Hors agglomération,Hors intersection,Normale,Autre collision,1,3,5,0,2,3,1,3,1,90,1,1,0,0,1,0,43.0,,voiture,,3,1,1,1,6
202400041546,2024-02-27 10:58:00,2024,2,27,10,58,35,35299,Departementale 76,48.64352,-1.889002,Plein jour,Hors agglomération,Intersection en T,Normale,Deux véhicules - côté,3,2,2,0,2,4,1,0,1,80,2,3,2,1,0,0,18.0,59.0,deux_roues,voiture,1,1,3,1,3
202400041546,2024-02-27 10:58:00,2024,2,27,10,58,35,35299,Departementale 76,48.64352,-1.889002,Plein jour,Hors agglomération,Intersection en T,Normale,Deux véhicules - côté,3,2,3,0,1,1,1,0,1,50,2,3,2,1,0,0,18.0,59.0,deux_roues,voiture,1,1,3,1,3
202400041547,2024-05-12 16:50:00,2024,5,12,16,50,55,55553,D958,48.789619,5.627661,Plein jour,Hors agglomération,Hors intersection,Normale,Sans collision,3,2,2,0,2,2,1,0,3,90,1,1,0,0,0,1,16.0,,deux_roues,,1,1,1,1,7
202400041548,2024-02-26 21:10:00,2024,2,26,21,10,29,29163,Route de Morlaix,48.5178446,-3.86822981,Nuit avec éclairage non allumé,En agglomération,Giratoire,Normale,Autre collision,3,2,1,0,1,1,1,5,3,50,1,1,0,0,1,0,53.0,,voiture,,4,2,6,1,6
202400041549,2024-04-03 09:10:00,2024,4,3,9,10,69,69256,Avenue Salvador Allende,45.78071,4.92337,Plein jour,En agglomération,Intersection en X,Pluie forte,Deux véhicules - frontale,4,2,2,1,1,1,2,0,1,50,2,2,1,0,0,1,39.0,20.0,voiture,voiture,1,2,2,3,1
202400041549,2024-04-03 09:10:00,2024,4,3,9,10,69,69256,Avenue Salvador Allende,45.78071,4.92337,Plein jour,En agglomération,Intersection en X,Pluie forte,Deux véhicules - frontale,4,2,2,0,1,1,2,0,1,50,2,2,1,0,0,1,39.0,20.0,voiture,voiture,1,2,2,3,1
202400041550,2024-02-27 03:50:00,2024,2,27,3,50,29,29123,N164,48.20530861,-3.90566981,Nuit sans éclairage public,Hors agglomération,Hors intersection,Normale,Autre collision,2,3,2,0,1,1,1,0,1,110,1,1,0,0,1,0,34.0,,voiture,,3,1,1,1,6
202400041551,2024-05-11 10:30:00,2024,5,11,10,30,63,63247,route départementale 5,45.584161,2.935334,Plein jour,Hors agglomération,Intersection en T,Normale,Deux véhicules - arrière,3,2,2,0,2,1,1,0,1,90,2,4,3,0,1,0,44.0,29.0,voiture,deux_roues,1,1,3,1,2
202400041551,2024-05-11 10:30:00,2024,5,11,10,30,63,63247,route départementale 5,45.584161,2.935334,Plein jour,Hors agglomération,Intersection en T,Normale,Deux véhicules - arrière,3,2,2,-1,2,1,1,0,1,90,2,4,3,0,1,0,44.0,29.0,voiture,deux_roues,1,1,3,1,2