accident_id,datetime,annee,mois,jour,heure,minute,departement,commune_insee,adresse,latitude,longitude,luminosite,agglomeration,intersection,meteo,collision,catr,circ,nbv,vosp,prof,plan,surf,infra,situ,vma,nb_vehicules,nb_usagers,nb_indemnes,nb_tues,nb_blesses_hosp,nb_blesses_legers,age_cond_1,age_cond_2,veh_type_cond_1,veh_type_cond_2,lum_code,agg_code,int_code,atm_code,col_code
202400041552,2024-07-18 07:00:00,2024,7,18,7,0,987,98747,"route du belvedere, intersection CFPA",-17.738886,-149.30008,Plein jour,Hors agglomération,Intersection en T,Normale,Deux véhicules - arrière,2,2,2,0,2,1,1,0,1,30,2,2,1,0,0,1,37.0,26.0,voiture,deux_roues,1,1,3,1,2
202400041552,2024-07-18 07:00:00,2024,7,18,7,0,987,98747,"route du belvedere, intersection CFPA",-17.738886,-149.30008,Plein jour,Hors agglomération,Intersection en T,Normale,Deux véhicules - arrière,2,2,2,-1,1,1,1,0,1,-1,2,2,1,0,0,1,37.0,26.0,voiture,deux_roues,1,1,3,1,2
202400041553,2024-08-24 14:50:00,2024,8,24,14,50,63,63308,JAURES (AVENUE JEAN),45.76453,3.05481,Plein jour,En agglomération,Giratoire,Normale,Deux véhicules - côté,7,-1,2,0,1,1,1,5,1,30,2,2,1,0,0,1,30.0,47.0,voiture,deux_roues,1,2,6,1,3
202400041553,2024-08-24 14:50:00,2024,8,24,14,50,63,63308,JAURES (AVENUE JEAN),45.76453,3.05481,Plein jour,En agglomération,Giratoire,Normale,Deux véhicules - côté,7,-1,2,0,1,1,1,5,1,30,2,2,1,0,0,1,30.0,47.0,voiture,deux_roues,1,2,6,1,3
202400041554,2024-02-27 18:50:00,2024,2,27,18,50,72,72375,Route Departementale 323,48.1478965,0.6329155,Nuit sans éclairage public,Hors agglomération,Hors intersection,Normale,Sans collision,3,2,2,0,3,3,1,0,1,90,1,1,0,0,1,0,65.0,,voiture,,3,1,1,1,7
202400041555,2024-04-03 01:05:00,2024,4,3,1,5,69,69259,Boulevard Ambroise Croizat,45.70315213,4.88759269,Nuit avec éclairage allumé,En agglomération,Intersection en X,Normale,Deux véhicules - frontale,7,2,5,0,1,1,1,0,1,50,2,2,1,0,0,1,21.0,23.0,utilitaire_camion,voiture,5,2,2,1,1
202400041555,2024-04-03 01:05:00,2024,4,3,1,5,69,69259,Boulevard Ambroise Croizat,45.70315213,4.88759269,Nuit avec éclairage allumé,En agglomération,Intersection en X,Normale,Deux véhicules - frontale,7,2,3,0,1,1,1,0,1,50,2,2,1,0,0,1,21.0,23.0,utilitaire_camion,voiture,5,2,2,1,1
202400041556,2024-08-24 09:30:00,2024,8,24,9,30,63,63113,BESSE (RUE GEORGES),45.7806,3.13625,Plein jour,En agglomération,Hors intersection,Normale,Autre collision,4,2,1,0,1,3,1,9,1,30,1,1,0,0,0,1,73.0,,voiture,,1,2,1,1,6
202400041557,2024-04-02 23:15:00,2024,4,2,23,15,69,69259,Boulevard Laurent Bonnevay,45.71956,4.87762,Nuit avec éclairage allumé,Hors agglomération,Autre intersection,Normale,Autre collision,7,1,1,0,1,3,1,0,1,50,1,1,0,0,0,1,21.0,,voiture,,5,1,9,1,6
202400041558,2024-08-24 04:50:00,2024,8,24,4,50,62,62126,D72,50.54006,2.70915,Nuit sans éclairage public,En agglomération,Hors intersection,Pluie légère,Sans collision,3,2,2,0,1,2,2,0,3,50,1,1,0,0,1,0,67.0,,voiture,,3,2,1,2,7
202400041559,2024-02-27 08:45:00,2024,2,27,8,45,50,50181,le marais,49.163719,-1.296945,Crépuscule ou aube,Hors agglomération,Hors intersection,Temps éblouissant,Deux véhicules - arrière,3,2,2,0,1,1,1,0,1,80,2,2,1,0,0,1,21.0,36.0,voiture,utilitaire_camion,2,1,1,7,2
202400041560,2024-04-03 00:10:00,2024,4,3,0,10,64,64024,LAPORTE (AVENUE JEAN LEON),43.48816,-1.50019,Nuit avec éclairage allumé,En agglomération,Hors intersection,Normale,Sans collision,4,2,4,0,1,1,2,0,4,50,1,1,0,0,0,1,21.0,,deux_roues,,5,2,1,1,7
202400041561,2024-05-12 12:30:00,2024,5,12,12,30,42,42065,Route de Roanne,45.760525,4.218493,Plein jour,Hors agglomération,Hors intersection,Normale,Deux véhicules - arrière,3,2,2,0,1,1,1,9,1,80,2,3,2,0,0,1,59.0,29.0,voiture,voiture,1,1,1,1,2
202400041562,2024-07-02 21:40:00,2024,7,2,21,40,988,98831,lieu dit bébé polo fatanaoué,-20.889447,164.691378,Nuit sans éclairage public,Hors agglomération,Hors intersection,Normale,Sans collision,4,2,2,0,1,1,1,0,3,-1,1,2,1,0,1,0,,,voiture,,3,1,1,1,7
202400041563,2024-08-24 05:40:00,2024,8,24,5,40,59,59512,Boulevard de Fourmies,50.67651,3.17972,Crépuscule ou aube,En agglomération,Autre intersection,Normale,Deux véhicules - côté,4,2,2,0,1,1,1,0,1,50,2,2,1,0,0,1,30.0,,voiture,voiture,2,2,9,1,3
202400041564,2024-02-27 16:45:00,2024,2,27,16,45,64,64096,PK 072+500 - RD 936,43.383468,-0.887784,Plein jour,Hors agglomération,Hors intersection,Pluie légère,Deux véhicules - côté,3,2,2,0,1,1,2,0,1,80,2,2,1,1,0,0,28.0,56.0,voiture,utilitaire_camion,1,1,1,2,3
202400041565,2024-03-02 19:45:00,2024,3,2,19,45,62,62217,D341,50.4976869,2.45406488,Nuit sans éclairage public,Hors agglomération,Hors intersection,Pluie forte,Autre collision,3,2,2,0,1,1,2,0,1,80,1,2,1,0,1,0,23.0,,voiture,,3,1,1,3,6
202400041566,2024-05-10 14:20:00,2024,5,10,14,20,26,26064,D68,44.907046,4.985905,Plein jour,Hors agglomération,Hors intersection,Normale,Deux véhicules - frontale,3,2,2,0,1,1,1,0,1,80,2,3,1,0,1,1,32.0,49.0,voiture,voiture,1,1,1,1,1
202400041567,2024-02-27 05:30:00,2024,2,27,5,30,10,10358,D671,48.171,4.2161,Nuit avec éclairage allumé,En agglomération,Intersection en T,Normale,Deux véhicules - frontale,4,2,2,0,1,1,1,0,1,50,2,2,1,0,0,1,61.0,54.0,utilitaire_camion,utilitaire_camion,5,2,3,1,1
202400041567,2024-02-27 05:30:00,2024,2,27,5,30,10,10358,D671,48.171,4.2161,Nuit avec éclairage allumé,En agglomération,Intersection en T,Normale,Deux véhicules - frontale,4,2,2,0,1,1,1,0,4,50,2,2,1,0,0,1,61.0,54.0,utilitaire_camion,utilitaire_camion,5,2,3,1,1
202400041568,2024-08-23 15:30:00,2024,8,23,15,30,59,59041,EDMOND HAVRET (RUE),50.213731,3.863157,Plein jour,En agglomération,Autre intersection,Normale,Deux véhicules - arrière,4,2,2,0,2,2,2,0,1,50,2,3,2,0,0,1,19.0,85.0,voiture,voiture,1,2,9,1,2
202400041569,2024-05-12 12:00:00,2024,5,12,12,0,50,50041,Route de Sainte-croix,49.667225,-1.718802,Plein jour,Hors agglomération,Hors intersection,Normale,Autre collision,3,2,2,0,2,2,1,0,1,50,3,3,2,0,1,0,67.0,64.0,deux_roues,deux_roues,1,1,1,1,6
202400041570,2024-04-03 10:38:00,2024,4,3,10,38,56,56260,MONSABERT(BOULEVARD DU GENERAL DE),47.6644,-2.7806,Plein jour,En agglomération,Giratoire,Normale,Autre collision,4,2,3,0,1,3,1,5,1,50,1,3,2,0,0,1,35.0,,voiture,,1,2,6,1,6
202400041571,2024-04-28 14:10:00,2024,4,28,14,10,22,22389,Avenue de Saint-Brieuc,48.471387,-2.71847,Plein jour,Hors agglomération,Intersection en X,Pluie légère,Deux véhicules - côté,3,2,2,0,2,1,2,0,1,80,2,2,1,0,1,0,60.0,90.0,voiture,voiture,1,1,2,2,3
202400041571,2024-04-28 14:10:00,2024,4,28,14,10,22,22389,Avenue de Saint-Brieuc,48.471387,-2.71847,Plein jour,Hors agglomération,Intersection en X,Pluie légère,Deux véhicules - côté,3,2,2,0,1,1,2,0,1,50,2,2,1,0,1,0,60.0,90.0,voiture,voiture,1,1,2,2,3
202400041572,2024-02-27 15:58:00,2024,2,27,15,58,07,07010,Viaduc Daniel Aimé (Pont),45.248395,4.676158,Plein jour,En agglomération,Hors intersection,Temps couvert,Sans collision,3,2,2,0,1,1,2,0,1,50,1,1,0,0,0,1,15.0,,deux_roues,,1,2,1,8,7
202400041573,2024-07-18 23:40:00,2024,7,18,23,40,13,13104,Avenue Albert Camus,43.331437,5.106406,Nuit sans éclairage public,En agglomération,Hors intersection,Normale,Deux véhicules - côté,3,2,2,0,2,1,1,6,6,30,1,3,0,0,1,2,18.0,,deux_roues,,3,2,1,1,3
202400041574,2024-05-11 20:15:00,2024,5,11,20,15,76,76250,Route d'Etretat,49.556551,0.327042,Plein jour,Hors agglomération,Autre intersection,Normale,Deux véhicules - côté,3,2, -1,-1,2,1,1,0,1,-1,2,2,1,0,1,0,44.0,19.0,deux_roues,voiture,1,1,9,1,3
202400041574,2024-05-11 20:15:00,2024,5,11,20,15,76,76250,Route d'Etretat,49.556551,0.327042,Plein jour,Hors agglomération,Autre intersection,Normale,Deux véhicules - côté,3,3,2,0,2,1,1,0,1,80,2,2,1,0,1,0,44.0,19.0,deux_roues,voiture,1,1,9,1,3
202400041575,2024-04-02 18:33:00,2024,4,2,18,33,56,56121,D465 Desserte Portuaire,47.73657,-3.37664,Plein jour,En agglomération,Hors intersection,Pluie légère,Trois véhicules et plus - en chaîne,3,2,2,0,1,1,2,0,1,70,3,4,3,0,0,1,38.0,53.0,voiture,voiture,1,2,1,2,4
202400041576,2024-07-16 11:48:00,2024,7,16,11,48,91,91179,Rue du Bois de l'Ecu,48.567442,2.477285,Plein jour,En agglomération,Autre intersection,Normale,Deux véhicules - côté,4,2,2,0,1,1,1,9,8,-1,2,2,1,0,0,1,25.0,66.0,deux_roues,voiture,1,2,9,1,3
202400041577,2024-02-26 20:05:00,2024,2,26,20,5,85,85146,RD23,46.9575,-1.23373,Nuit sans éclairage public,Hors agglomération,Hors intersection,Pluie forte,Deux véhicules - frontale,3,2,2,0,1,1,2,0,1,80,2,3,0,1,2,0,25.0,48.0,voiture,voiture,3,1,1,3,1
202400041578,2024-08-24 06:45:00,2024,8,24,6,45,59,59350,Avenue de Dunkerque (Lomme),50.64573,2.98691,Plein jour,En agglomération,Hors intersection,Normale,Deux véhicules - côté,7,2,2,0,1,1,1,0,1,50,2,2,1,0,1,0,28.0,47.0,deux_roues,utilitaire_camion,1,2,1,1,3
202400041579,2024-02-27 11:30:00,2024,2,27,11,30,03,03256,A 71 PK 310+800,46.338541,2.883775,Plein jour,Hors agglomération,Hors intersection,Temps couvert,Autre collision,1,3,2,0,1,2,2,0,2,130,1,1,0,0,1,0,55.0,,voiture,,1,1,1,8,6
202400041580,2024-05-10 13:30:00,2024,5,10,13,30,80,80212,Rempart des Poissonniers,49.905723,2.511197,Plein jour,En agglomération,Hors intersection,Normale,Deux véhicules - côté,4,1,1,0,1,1,1,0,1,50,2,2,1,0,1,0,65.0,68.0,voiture,deux_roues,1,2,1,1,3
202400041581,2024-07-19 12:50:00,2024,7,19,12,50,30,30080,D52,44.283845,3.987415,Plein jour,Hors agglomération,Hors intersection,Normale,Deux véhicules - frontale,3,2,2,0,1,4,1,0,1,80,2,4,3,0,0,1,44.0,32.0,voiture,voiture,1,1,1,1,1
202400041582,2024-04-02 15:15:00,2024,4,2,15,15,54,54395,Rue des Brice,48.67933928,6.18195266,Plein jour,En agglomération,Intersection en T,Normale,Autre collision,4,2,2,0,1,1,1,0,1,30,1,1,0,0,0,1,51.0,,voiture,,1,2,3,1,6
202400041582,2024-04-02 15:15:00,2024,4,2,15,15,54,54395,Rue des Brice,48.67933928,6.18195266,Plein jour,En agglomération,Intersection en T,Normale,Autre collision,4,1, -1,2,1,1,1,-1,1,30,1,1,0,0,0,1,51.0,,voiture,,1,2,3,1,6
202400041583,2024-05-09 17:10:00,2024,5,9,17,10,59,59212,Rue de Merville,50.642769,2.70673,Plein jour,En agglomération,Giratoire,Normale,Deux véhicules - arrière,4,2,2,0,1,1,1,0,1,50,2,2,1,0,0,1,21.0,24.0,deux_roues,voiture,1,2,6,1,2
202400041584,2024-08-24 17:00:00,2024,8,24,17,0,54,54395,Rue de Tomblaine,48.6876587,6.20552927,Plein jour,En agglomération,Intersection en X,Normale,Deux véhicules - côté,4,1,3,0,1,1,1,1,1,50,2,2,1,0,0,1,22.0,40.0,voiture,deux_roues,1,2,2,1,3
202400041584,2024-08-24 17:00:00,2024,8,24,17,0,54,54395,Rue de Tomblaine,48.6876587,6.20552927,Plein jour,En agglomération,Intersection en X,Normale,Deux véhicules - côté,4,2,3,0,1,1,1,0,1,50,2,2,1,0,0,1,22.0,40.0,voiture,deux_roues,1,2,2,1,3
202400041585,2024-07-19 11:30:00,2024,7,19,11,30,84,84105,Route Departementale 900,43.870995,5.451812,Plein jour,Hors agglomération,Hors intersection,Normale,Deux véhicules - frontale,3,2,2,0,1,1,1,0,1,80,2,2,0,0,1,1,45.0,57.0,voiture,utilitaire_camion,1,1,1,1,1
202400041586,2024-05-10 18:35:00,2024,5,10,18,35,13,13070,A50-Sens Aubagne vers Marseille,43.28581626,5.51152327,Plein jour,Hors agglomération,Hors intersection,Normale,Deux véhicules - arrière,1,-1,3,0,1,1,1,0,1,90,2,3,1,0,0,2,26.0,20.0,voiture,voiture,1,1,1,1,2
202400041587,2024-04-02 11:15:00,2024,4,2,11,15,54,54395,Rue Charles Sadoul,48.67902111,6.18515119,Plein jour,En agglomération,Intersection en X,Normale,Deux véhicules - côté,4,1,2,2,1,1,1,-1,1,30,2,2,1,0,0,1,18.0,50.0,deux_roues,utilitaire_camion,1,2,2,1,3
202400041587,2024-04-02 11:15:00,2024,4,2,11,15,54,54395,Rue Charles Sadoul,48.67902111,6.18515119,Plein jour,En agglomération,Intersection en X,Normale,Deux véhicules - côté,4,2,2,0,2,1,1,0,1,30,2,2,1,0,0,1,18.0,50.0,deux_roues,utilitaire_camion,1,2,2,1,3
202400041588,2024-07-19 18:40:00,2024,7,19,18,40,83,83064,Route Departementale 64,43.331796,6.022525,Plein jour,Hors agglomération,Hors intersection,Normale,Deux véhicules - frontale,3,2,2,0,1,3,1,0,1,90,2,2,0,0,1,1,31.0,44.0,voiture,voiture,1,1,1,1,1
202400041589,2024-05-10 18:20:00,2024,5,10,18,20,13,13211,A50-Sens Aubagne vers Marseille,43.28694005,5.4357114,Plein jour,Hors agglomération,Hors intersection,Normale,Deux véhicules - arrière,1,1,1,0,1,1,1,3,1,50,2,2,1,0,0,1,70.0,42.0,voiture,deux_roues,1,1,1,1,2
202400041590,2024-08-24 16:32:00,2024,8,24,16,32,51,51454,CHAMPAGNE   (  AVENUE DE),49.22051,4.02153,Plein jour,En agglomération,Giratoire,Normale,Deux véhicules - côté,4,2,2,1,1,1,1,0,5,50,2,2,1,0,0,1,3.0,56.0,deux_roues,voiture,1,2,6,1,3
202400041590,2024-08-24 16:32:00,2024,8,24,16,32,51,51454,CHAMPAGNE   (  AVENUE DE),49.22051,4.02153,Plein jour,En agglomération,Giratoire,Normale,Deux véhicules - côté,4,1,2,0,1,2,1,0,1,50,2,2,1,0,0,1,3.0,56.0,deux_roues,voiture,1,2,6,1,3
202400041591,2024-03-29 08:53:00,2024,3,29,8,53,49,49007,CHAUMIN BOULEVARD,47.45024,-0.55782,Plein jour,En agglomération,Hors intersection,Normale,Deux véhicules - arrière,4,3,4,0,1,1,1,0,1,50,2,2,1,0,0,1,25.0,52.0,deux_roues,voiture,1,2,1,1,2
202400041592,2024-07-18 15:12:00,2024,7,18,15,12,13,13082,D543,43.689474,5.342225,Plein jour,Hors agglomération,Hors intersection,Normale,Sans collision,3,2,2,0,1,1,1,0,3,90,1,2,0,1,0,1,70.0,,voiture,,1,1,1,1,7
202400041593,2024-08-24 14:00:00,2024,8,24,14,0,50,50218,ANTILLES (BOULEVARD DES),48.83381,-1.57098,Plein jour,En agglomération,Hors intersection,Pluie forte,Sans collision,3,2,2,0,1,1,2,0,1,50,1,1,0,0,0,1,61.0,,deux_roues,,1,2,1,3,7
202400041594,2024-04-03 13:40:00,2024,4,3,13,40,43,43157,Rue Burel,45.04093407,3.88626069,Plein jour,En agglomération,Intersection en T,Normale,Deux véhicules - frontale,4,2,2,0,1,1,1,0,1,50,2,2,1,0,0,1,15.0,25.0,deux_roues,voiture,1,2,3,1,1
202400041594,2024-04-03 13:40:00,2024,4,3,13,40,43,43157,Rue Burel,45.04093407,3.88626069,Plein jour,En agglomération,Intersection en T,Normale,Deux véhicules - frontale,4,2,2,0,1,1,1,0,8,50,2,2,1,0,0,1,15.0,25.0,deux_roues,voiture,1,2,3,1,1
202400041595,2024-05-11 22:25:00,2024,5,11,22,25,33,33090,,44.773,-0.655,Nuit sans éclairage public,Hors agglomération,Hors intersection,Normale,Trois véhicules et plus - en chaîne,1,3,4,0,1,1,1,0,1,70,3,5,3,0,0,2,,28.0,autre,voiture,3,1,1,1,4
202400041596,2024-07-18 17:47:00,2024,7,18,17,47,70,70046,Route de Vy-les-lure,47.628727,6.453695,Plein jour,Hors agglomération,Hors intersection,Normale,Trois véhicules et plus - collisions multiples,3,2,2,0,2,1,1,0,1,-1,3,3,2,0,1,0,53.0,36.0,voiture,voiture,1,1,1,1,5
202400041597,2024-08-23 21:55:00,2024,8,23,21,55,42,42305,Rue Jean Rostand,45.46713,4.43137,Nuit sans éclairage public,Hors agglomération,Hors intersection,Normale,Autre collision,4,2,2,0,2,1,1,0,1,50,1,3,2,0,0,1,25.0,,voiture,,3,1,1,1,6
202400041598,2024-05-11 19:55:00,2024,5,11,19,55,75,75113,A6B,48.81645485,2.3582861,Plein jour,Hors agglomération,Hors intersection,Normale,Autre collision,1,-1,2,0,1,2,1,1,1,50,1,1,0,0,0,1,28.0,,deux_roues,,1,1,1,1,6
202400041599,2024-07-19 00:10:00,2024,7,19,0,10,63,63417,Sayat,45.84676184,3.023936,Nuit sans éclairage public,Hors agglomération,Hors intersection,Normale,Sans collision,3,2,2,0,2,3,1,0,3,90,1,1,0,0,0,1,56.0,,deux_roues,,3,1,1,1,7
202400041600,2024-02-23 08:20:00,2024,2,23,8,20,55,55097,rue principale / Rue de l'eglise,48.602652,5.681241,Plein jour,En agglomération,Intersection en X,Normale,Deux véhicules - côté,3,2,2,0,2,3,1,0,1,50,2,48,45,0,0,3,43.0,59.0,transport_commun,utilitaire_camion,1,2,2,1,3
202400041600,2024-02-23 08:20:00,2024,2,23,8,20,55,55097,rue principale / Rue de l'eglise,48.602652,5.681241,Plein jour,En agglomération,Intersection en X,Normale,Deux véhicules - côté,3,2,2,0,2,1,1,0,1,50,2,48,45,0,0,3,43.0,59.0,transport_commun,utilitaire_camion,1,2,2,1,3
202400041601,2024-02-27 11:00:00,2024,2,27,11,0,51,51278,A26 pk299+500,49.054677,4.28673,Plein jour,Hors agglomération,Hors intersection,Pluie légère,Autre collision,1,1,1,0,1,2,2,2,1,50,1,1,0,0,0,1,61.0,,voiture,,1,1,1,2,6
202400041602,2024-07-18 15:00:00,2024,7,18,15,0,73,73051,D42 Route du Relais,45.65418145,5.84725794,Plein jour,Hors agglomération,Hors intersection,Normale,Autre collision,3,2,2,0,2,4,1,0,3,80,1,1,0,1,0,0,21.0,,deux_roues,,1,1,1,1,6
202400041603,2024-05-11 08:45:00,2024,5,11,8,45,91,91692,AUTOROUTE A10,48.67651,2.20169,Plein jour,Hors agglomération,Hors intersection,Normale,Sans collision,1,3,4,0,1,1,1,0,1,90,1,1,0,0,0,1,36.0,,deux_roues,,1,1,1,1,7
202400041604,2024-04-02 15:35:00,2024,4,2,15,35,38,38185,RUE ABBÉ GRÉGOIRE,45.18792,5.71248,Plein jour,En agglomération,Hors intersection,Normale,Autre collision,4,1,1,0,1,1,1,0,1,50,1,2,1,0,0,1,48.0,,deux_roues,,1,2,1,1,6
202400041605,2024-05-11 07:00:00,2024,5,11,7,0,91,91377,RD 188,48.7266,2.2843,Plein jour,Hors agglomération,Hors intersection,Normale,Deux véhicules - côté,2,3,4,0,1,1,1,0,1,70,2,2,0,0,0,2,35.0,24.0,utilitaire_camion,utilitaire_camion,1,1,1,1,3
202400041606,2024-07-14 10:30:00,2024,7,14,10,30,42,42168,Rue du Stade,45.419685,4.676238,Plein jour,En agglomération,Hors intersection,Normale,Deux véhicules - côté,3,2,2,0,1,1,1,0,1,50,2,2,1,0,1,0,51.0,65.0,voiture,deux_roues,1,2,1,1,3
202400041607,2024-02-26 17:55:00,2024,2,26,17,55,73,73257,D117,45.41541744,6.48764076,Crépuscule ou aube,Hors agglomération,Intersection en T,Normale,Deux véhicules - côté,3,2,2,0,2,3,1,0,1,50,2,7,5,0,1,1,23.0,45.0,voiture,voiture,2,1,3,1,3
202400041607,2024-02-26 17:55:00,2024,2,26,17,55,73,73257,D117,45.41541744,6.48764076,Crépuscule ou aube,Hors agglomération,Intersection en T,Normale,Deux véhicules - côté,3,2,2,0,2,1,1,0,1,-1,2,7,5,0,1,1,23.0,45.0,voiture,voiture,2,1,3,1,3
202400041608,2024-04-03 19:20:00,2024,4,3,19,20,34,34172,MAURIN (AVENUE DE,43.598385,3.875779,Plein jour,En agglomération,Hors intersection,Normale,Deux véhicules - arrière,4,1,1,0,1,1,1,0,1,50,2,2,1,0,0,1,30.0,23.0,deux_roues,voiture,1,2,1,1,2
202400041609,2024-05-11 15:21:00,2024,5,11,15,21,92,92048,N118,48.79727463,2.21701222,Plein jour,Hors agglomération,Hors intersection,Normale,Deux véhicules - arrière,2,-1,2,0,1,1,1,0,1,90,2,3,1,0,0,2,83.0,22.0,voiture,utilitaire_camion,1,1,1,1,2
202400041610,2024-02-26 19:45:00,2024,2,26,19,45,33,33199,26 Cours de Verdun,44.636134,-1.075263,Nuit avec éclairage allumé,En agglomération,Hors intersection,Normale,Deux véhicules - côté,3,2,2,0,1,1,1,0,1,50,2,2,1,0,0,1,20.0,24.0,deux_roues,voiture,5,2,1,1,3
202400041611,2024-07-19 16:10:00,2024,7,19,16,10,07,07297,D219,44.98576368,4.75989894,Plein jour,Hors agglomération,Hors intersection,Normale,Deux véhicules - frontale,3,2,2,0,1,4,1,0,1,90,2,2,1,0,1,0,17.0,45.0,deux_roues,voiture,1,1,1,1,1
202400041612,2024-05-11 19:10:00,2024,5,11,19,10,93,93006,A3,48.86562694,2.41958736,Plein jour,Hors agglomération,Hors intersection,Normale,Deux véhicules - côté,1,3,12,0,1,1,1,0,1,90,2,3,2,0,0,1,46.0,53.0,voiture,utilitaire_camion,1,1,1,1,3
202400041613,2024-03-29 17:00:00,2024,3,29,17,0,29,29232,Rue Paul Borrossi,47.9887,-4.1303,Plein jour,En agglomération,Hors intersection,Normale,Autre collision,4,2,2,0,1,1,1,0,1,50,1,2,1,0,0,1,49.0,,voiture,,1,2,1,1,6
202400041614,2024-02-26 19:00:00,2024,2,26,19,0,77,77437,11 Rue du Maréchal Galliéni,49.034013,2.804325,Nuit avec éclairage allumé,En agglomération,Hors intersection,Pluie légère,Autre collision,2,2,2,0,1,1,2,0,1,50,1,2,1,0,0,1,60.0,,voiture,,5,2,1,2,6
202400041615,2024-02-23 14:45:00,2024,2,23,14,45,77,77273,D41,49.048855,2.76311,Plein jour,Hors agglomération,Hors intersection,Pluie légère,Autre collision,3,2,2,0,1,3,2,0,8,80,1,2,1,0,0,1,19.0,,voiture,,1,1,1,2,6
202400041616,2024-07-13 16:55:00,2024,7,13,16,55,07,07322,370 Avenue des Platanes,44.673605,4.214271,Plein jour,En agglomération,Hors intersection,Normale,Deux véhicules - frontale,2,2,2,0,1,1,1,0,1,50,2,4,3,0,0,1,71.0,74.0,voiture,voiture,1,2,1,1,1
202400041617,2024-08-24 09:10:00,2024,8,24,9,10,31,31555,RTE DE NARBONNE,43.57,1.45547,Plein jour,En agglomération,Intersection en T,Normale,Deux véhicules - côté,7,2,3,0,1,1,1,0,1,50,2,2,1,0,0,1,42.0,27.0,voiture,voiture,1,2,3,1,3
202400041617,2024-08-24 09:10:00,2024,8,24,9,10,31,31555,RTE DE NARBONNE,43.57,1.45547,Plein jour,En agglomération,Intersection en T,Normale,Deux véhicules - côté,7,2,2,0,1,1,1,0,1,30,2,2,1,0,0,1,42.0,27.0,voiture,voiture,1,2,3,1,3
202400041618,2024-05-11 00:15:00,2024,5,11,0,15,93,93006,A3,48.86576613,2.42064352,Nuit avec éclairage allumé,Hors agglomération,Hors intersection,Normale,Trois véhicules et plus - collisions multiples,1,3,4,0,2,1,1,0,1,90,3,4,3,0,0,1,25.0,23.0,voiture,voiture,5,1,1,1,5
202400041619,2024-08-24 06:16:00,2024,8,24,6,16,31,31555,RUE CAUSSADE,43.64683758,1.46942005,Plein jour,Hors agglomération,Autre intersection,Normale,Autre collision,6,-1, -1,0,1,1,1,0,1,30,1,1,0,1,0,0,29.0,,deux_roues,,1,1,9,1,6
202400041620,2024-07-18 23:05:00,2024,7,18,23,5,69,69197,Route du Terrier,46.053235,4.674457,Nuit sans éclairage public,Hors agglomération,Hors intersection,Normale,Deux véhicules - frontale,3,2,2,0,1,1,1,0,1,-1,2,2,1,0,1,0,30.0,17.0,voiture,deux_roues,3,1,1,1,1
202400041621,2024-05-11 15:20:00,2024,5,11,15,20,94,94018,A4,48.82253799,2.39690691,Plein jour,Hors agglomération,Hors intersection,Normale,Deux véhicules - arrière,1,-1,5,0,1,1,1,0,1,90,2,2,1,0,0,1,20.0,28.0,deux_roues,voiture,1,1,1,1,2
202400041622,2024-02-27 15:15:00,2024,2,27,15,15,2B,2B350,RT 20,42.52251,9.424129,Plein jour,Hors agglomération,Hors intersection,Pluie légère,Deux véhicules - frontale,2,2,2,0,2,1,8,0,1,80,2,4,0,1,1,2,40.0,47.0,voiture,utilitaire_camion,1,1,1,2,1
202400041623,2024-04-03 19:15:00,2024,4,3,19,15,27,27681,FOCH (AVENUE DU MARECHAL),49.0961,1.48304,Plein jour,En agglomération,Hors intersection,Normale,Deux véhicules - arrière,3,2,2,0,1,1,1,0,1,50,2,3,2,0,0,1,20.0,28.0,utilitaire_camion,utilitaire_camion,1,2,1,1,2
202400041624,2024-07-18 14:50:00,2024,7,18,14,50,69,69116,Route du Mont Verdun,45.840569,4.778516,Plein jour,Hors agglomération,Hors intersection,Temps éblouissant,Sans collision,7,2,2,0,2,1,1,0,1,50,1,1,0,0,1,0,73.0,,deux_roues,,1,1,1,7,7
202400041625,2024-02-26 07:50:00,2024,2,26,7,50,42,42165,Chemin de chez paradis,45.780675,4.315213,Plein jour,Hors agglomération,Hors intersection,Temps couvert,Deux véhicules - frontale,4,2,2,0,2,3,1,0,1,80,2,2,0,0,0,2,27.0,36.0,utilitaire_camion,voiture,1,1,1,8,1
202400041626,2024-08-24 11:00:00,2024,8,24,11,0,17,17415,route nationale 141,45.7273,-0.63458,Plein jour,Hors agglomération,Hors intersection,Normale,Deux véhicules - arrière,2,2,2,0,1,1,1,0,1,90,2,2,1,0,0,1,63.0,34.0,deux_roues,voiture,1,1,1,1,2
202400041627,2024-05-11 13:20:00,2024,5,11,13,20,77,77249,RN104,48.75684101,2.61553866,Plein jour,Hors agglomération,Hors intersection,Normale,Trois véhicules et plus - en chaîne,2,-1,2,0,1,1,1,0,1,90,4,4,3,0,0,1,59.0,33.0,voiture,voiture,1,1,1,1,4
202400041628,2024-04-02 09:04:00,2024,4,2,9,4,21,21231,Rue Jean Moulin,47.327339,5.071795,Plein jour,En agglomération,Hors intersection,Normale,Autre collision,4,3,4,0,1,1,1,0,1,50,1,2,1,0,1,0,21.0,,voiture,,1,2,1,1,6
202400041629,2024-06-10 17:15:00,2024,6,10,17,15,09,09160,Place du 19 Mars 1962,42.928108,1.841153,Plein jour,En agglomération,Hors intersection,Normale,Autre collision,6,-1, -1,0,1,1,1,0,1,50,1,2,1,0,1,0,72.0,,voiture,,1,2,1,1,6