accident_id,datetime,annee,mois,jour,heure,minute,departement,commune_insee,adresse,latitude,longitude,luminosite,agglomeration,intersection,meteo,collision,catr,circ,nbv,vosp,prof,plan,surf,infra,situ,vma,nb_vehicules,nb_usagers,nb_indemnes,nb_tues,nb_blesses_hosp,nb_blesses_legers,age_cond_1,age_cond_2,veh_type_cond_1,veh_type_cond_2,lum_code,agg_code,int_code,atm_code,col_code
202400041630,2024-02-22 14:00:00,2024,2,22,14,0,81,81150,D630,43.741957,1.736355,Plein jour,Hors agglomération,Autre intersection,Normale,Deux véhicules - côté,3,2, -1,-1,1,3,1,9,1,80,2,2,1,0,0,1,18.0,71.0,deux_roues,voiture,1,1,9,1,3
202400041630,2024-02-22 14:00:00,2024,2,22,14,0,81,81150,D630,43.741957,1.736355,Plein jour,Hors agglomération,Autre intersection,Normale,Deux véhicules - côté,3,2,2,0,1,1,1,0,1,90,2,2,1,0,0,1,18.0,71.0,deux_roues,voiture,1,1,9,1,3
202400041631,2024-05-11 13:03:00,2024,5,11,13,3,94,94033,A86,48.85214228,2.49027409,Plein jour,Hors agglomération,Hors intersection,Normale,Trois véhicules et plus - en chaîne,1,-1,3,0,1,1,1,0,1,90,3,3,2,0,0,1,23.0,25.0,voiture,voiture,1,1,1,1,4
202400041632,2024-08-24 11:15:00,2024,8,24,11,15,17,17333,FOCH (DU MARECHAL),45.60423,-0.99793,Plein jour,En agglomération,Hors intersection,Normale,Autre collision,4,1,1,0,1,1,1,0,1,30,1,5,2,0,1,2,86.0,,voiture,,1,2,1,1,6
202400041633,2024-07-18 16:50:00,2024,7,18,16,50,31,31187,Avenue du Château d'eau,43.532932,1.227652,Plein jour,En agglomération,Hors intersection,Normale,Autre collision,4,2,2,0,1,1,1,0,4,50,1,1,0,0,1,0,50.0,,deux_roues,,1,2,1,1,6
202400041634,2024-04-02 17:18:00,2024,4,2,17,18,18,18279,63 Rue Jules Louis Breton,47.22017,2.08278,Plein jour,En agglomération,Hors intersection,Normale,Deux véhicules - côté,4,2,2,0,1,1,1,0,1,50,2,2,1,0,0,1,16.0,15.0,deux_roues,deux_roues,1,2,1,1,3
202400041635,2024-02-26 17:20:00,2024,2,26,17,20,85,85151,RD149,46.97162,-0.90375,Plein jour,En agglomération,Autre intersection,Pluie légère,Trois véhicules et plus - en chaîne,3,2,2,0,1,1,2,0,1,50,3,3,2,0,1,0,40.0,69.0,voiture,voiture,1,2,9,2,4
202400041636,2024-05-08 18:30:00,2024,5,8,18,30,987,98736,HAMUTA (CHEMIN)-PIRAE,-17.54037,-149.54419,Nuit sans éclairage public,Hors agglomération,Hors intersection,Normale,Autre collision,4,2,2,0,2,4,1,0,3,20,1,2,1,0,0,1,20.0,,deux_roues,,3,1,1,1,6
202400041637,2024-02-24 22:15:00,2024,2,24,22,15,72,72016,Lieu Dit La Gravetiere,47.907346,-0.333259,Nuit sans éclairage public,Hors agglomération,Hors intersection,Pluie légère,Sans collision,3,2,2,0,1,1,2,0,3,90,1,1,0,0,0,1,16.0,,voiture,,3,1,1,2,7
202400041638,2024-08-23 16:45:00,2024,8,23,16,45,14,14220,43 Avenue Strassburger,49.35158,0.07654,Plein jour,En agglomération,Hors intersection,Pluie légère,Sans collision,3,2,2,0,1,2,2,0,1,50,1,1,0,0,0,1,25.0,,deux_roues,,1,2,1,2,7
202400041639,2024-07-19 09:50:00,2024,7,19,9,50,64,64315,d217,43.291853,-0.436111,Plein jour,Hors agglomération,Hors intersection,Normale,Deux véhicules - frontale,3,2,2,0,1,3,1,0,1,70,2,2,1,0,1,0,77.0,54.0,voiture,deux_roues,1,1,1,1,1
202400041640,2024-04-02 16:40:00,2024,4,2,16,40,18,18279,84 Avenue Edouard Vaillant,47.23584,2.0612,Plein jour,En agglomération,Hors intersection,Normale,Deux véhicules - côté,3,2,2,0,1,1,1,0,1,50,2,3,1,0,1,1,21.0,35.0,utilitaire_camion,utilitaire_camion,1,2,1,1,3
202400041641,2024-05-10 10:40:00,2024,5,10,10,40,974,97411,CHATEL (JEAN),-20.8789,55.45,Plein jour,En agglomération,Intersection en X,Normale,Autre collision,4,1,1,0,1,1,1,0,1,30,1,2,1,0,0,1,64.0,,voiture,,1,2,2,1,6
202400041641,2024-05-10 10:40:00,2024,5,10,10,40,974,97411,CHATEL (JEAN),-20.8789,55.45,Plein jour,En agglomération,Intersection en X,Normale,Autre collision,4,1,1,0,1,1,1,0,1,30,1,2,1,0,0,1,64.0,,voiture,,1,2,2,1,6
202400041642,2024-08-24 22:50:00,2024,8,24,22,50,14,14117,21 Avenue des Tulipes,49.28437389,-0.12510896,Nuit avec éclairage allumé,En agglomération,Hors intersection,Normale,Autre collision,4,1,1,0,1,1,1,0,1,30,1,1,0,0,0,1,71.0,,voiture,,5,2,1,1,6
202400041643,2024-04-13 18:00:00,2024,4,13,18,0,974,97411,PALMIERS (ROUTE DES),-20.88907,55.42434,Nuit avec éclairage allumé,En agglomération,Hors intersection,Normale,Autre collision,3,2,1,0,1,1,1,0,1,50,1,2,1,0,1,0,29.0,,deux_roues,,5,2,1,1,6
202400041644,2024-07-19 04:10:00,2024,7,19,4,10,33,33279,,44.505627,-0.259646,Nuit sans éclairage public,Hors agglomération,Intersection en Y,Normale,Autre collision,4,2,2,0,1,2,1,0,3,80,1,1,0,0,1,0,42.0,,voiture,,3,1,4,1,6
202400041644,2024-07-19 04:10:00,2024,7,19,4,10,33,33279,,44.505627,-0.259646,Nuit sans éclairage public,Hors agglomération,Intersection en Y,Normale,Autre collision,4,1,1,-1,1,1,1,0,1,80,1,1,0,0,1,0,42.0,,voiture,,3,1,4,1,6
202400041645,2024-02-27 13:30:00,2024,2,27,13,30,59,59419,19 Route de Douai,50.511578,3.272547,Plein jour,Hors agglomération,Hors intersection,Normale,Deux véhicules - côté,3,2,2,1,1,1,1,0,1,80,2,2,1,0,0,1,40.0,37.0,deux_roues,voiture,1,1,1,1,3
202400041646,2024-05-10 17:20:00,2024,5,10,17,20,974,97407,ROND POINT CITE RN4,-20.95432,55.30859,Plein jour,En agglomération,Hors intersection,Normale,Autre collision,2,1,2,0,1,1,1,0,1,20,1,1,0,0,0,1,52.0,,deux_roues,,1,2,1,1,6
202400041647,2024-04-02 08:48:00,2024,4,2,8,48,14,14574,30 Route de la Pommeraye,49.16017,0.19313,Plein jour,Hors agglomération,Intersection en T,Normale,Deux véhicules - côté,3,3,1,0,1,1,1,0,1,80,2,2,0,0,0,2,28.0,26.0,voiture,utilitaire_camion,1,1,3,1,3
202400041647,2024-04-02 08:48:00,2024,4,2,8,48,14,14574,30 Route de la Pommeraye,49.16017,0.19313,Plein jour,Hors agglomération,Intersection en T,Normale,Deux véhicules - côté,3,3,1,0,1,1,1,0,1,80,2,2,0,0,0,2,28.0,26.0,voiture,utilitaire_camion,1,1,3,1,3
202400041648,2024-07-16 12:50:00,2024,7,16,12,50,72,72154,Boulevard du Québec,47.704973,-0.088502,Plein jour,En agglomération,Giratoire,Normale,Deux véhicules - côté,4,1,1,0,1,1,1,0,1,50,2,2,1,0,1,0,34.0,30.0,deux_roues,voiture,1,2,6,1,3
202400041649,2024-08-24 10:45:00,2024,8,24,10,45,13,13202,SAINTE BARBE (RUE),43.30088425,5.37419438,Plein jour,En agglomération,Hors intersection,Normale,Deux véhicules - côté,4,2,2,0,2,3,1,0,1,50,2,2,1,0,0,1,46.0,17.0,voiture,deux_roues,1,2,1,1,3
202400041650,2024-02-26 00:30:00,2024,2,26,0,30,13,13214,A507 sens Marseille - Aubagne,43.3317,5.38692,Nuit avec éclairage allumé,Hors agglomération,Hors intersection,Pluie légère,Deux véhicules - arrière,1,1,2,0,1,1,2,1,1,70,2,2,1,0,0,1,21.0,34.0,voiture,utilitaire_camion,5,1,1,2,2
202400041651,2024-05-10 06:10:00,2024,5,10,6,10,974,97407,ROUTE NATIONALE N° 1,-20.94925,55.3206,Crépuscule ou aube,Hors agglomération,Hors intersection,Normale,Deux véhicules - côté,2,1,2,0,1,1,1,0,1,110,2,3,2,0,0,1,27.0,50.0,voiture,utilitaire_camion,2,1,1,1,3
202400041652,2024-04-02 20:15:00,2024,4,2,20,15,07,07281,COUBERTIN (RUE PIERRE DE),44.9473,4.8521,Plein jour,En agglomération,Hors intersection,Normale,Sans collision,4,2,2,0,1,1,1,0,1,50,1,1,0,0,1,0,13.0,,deux_roues,,1,2,1,1,7
202400041653,2024-02-26 12:30:00,2024,2,26,12,30,91,91161,AUTOROUTE A6,48.70415067,2.30629206,Plein jour,Hors agglomération,Hors intersection,Pluie légère,Deux véhicules - arrière,1,1,3,0,1,1,2,0,1,110,2,2,1,0,0,1,28.0,20.0,voiture,utilitaire_camion,1,1,1,2,2
202400041654,2024-07-19 11:10:00,2024,7,19,11,10,50,50444,La Croix au Coq,49.048072,-0.971421,Plein jour,Hors agglomération,Autre intersection,Normale,Deux véhicules - côté,3,2,2,0,1,1,1,0,1,80,2,2,1,1,0,0,83.0,46.0,voiture,utilitaire_camion,1,1,9,1,3
202400041654,2024-07-19 11:10:00,2024,7,19,11,10,50,50444,La Croix au Coq,49.048072,-0.971421,Plein jour,Hors agglomération,Autre intersection,Normale,Deux véhicules - côté,3,2,2,0,1,1,1,5,1,80,2,2,1,1,0,0,83.0,46.0,voiture,utilitaire_camion,1,1,9,1,3
202400041655,2024-05-09 05:20:00,2024,5,9,5,20,973,97302,MERE THERESA (rue),4.9176,-52.3128,Nuit avec éclairage allumé,En agglomération,Intersection en T,Pluie légère,Autre collision,3,2,2,0,1,1,2,5,1,50,1,2,1,0,0,1,,,voiture,,5,2,3,2,6
202400041655,2024-05-09 05:20:00,2024,5,9,5,20,973,97302,MERE THERESA (rue),4.9176,-52.3128,Nuit avec éclairage allumé,En agglomération,Intersection en T,Pluie légère,Autre collision,3,2, -1,-1,1,1,2,0,1,-1,1,2,1,0,0,1,,,voiture,,5,2,3,2,6
202400041656,2024-02-26 08:00:00,2024,2,26,8,0,92,92050,A86,48.89654272,2.19617162,Plein jour,Hors agglomération,Hors intersection,Pluie légère,Deux véhicules - côté,1,3,3,0,1,1,2,1,1,90,2,2,1,0,0,1,41.0,26.0,deux_roues,voiture,1,1,1,2,3
202400041657,2024-07-19 18:30:00,2024,7,19,18,30,22,22214,Route du Petit Train,48.743343,-2.974417,Plein jour,Hors agglomération,Hors intersection,Normale,Sans collision,4,2,2,0,1,1,1,0,1,80,1,1,0,0,0,1,33.0,,deux_roues,,1,1,1,1,7
202400041658,2024-08-24 10:33:00,2024,8,24,10,33,13,13005,CHARREL A FENESTRELLE CHEMIN DU,43.27485,5.55945,Plein jour,En agglomération,Hors intersection,Normale,Trois véhicules et plus - collisions multiples,4,2,2,0,2,1,1,0,1,50,4,4,3,0,0,1,,47.0,voiture,voiture,1,2,1,1,5
202400041659,2024-02-25 13:05:00,2024,2,25,13,5,95,95212,A1,49.02591989,2.53649592,Plein jour,Hors agglomération,Hors intersection,Normale,Trois véhicules et plus - en chaîne,1,-1,1,0,1,1,1,0,1,70,3,3,2,0,0,1,43.0,51.0,voiture,voiture,1,1,1,1,4
202400041660,2024-07-18 18:05:00,2024,7,18,18,5,27,27568,D140,48.96697,0.887414,Plein jour,En agglomération,Hors intersection,Normale,Sans collision,3,2,2,0,1,1,1,0,1,50,1,1,0,0,1,0,32.0,,deux_roues,,1,2,1,1,7
202400041661,2024-02-25 09:50:00,2024,2,25,9,50,95,95212,ARPENTEUR (ROUTE DE L'),49.024092,2.535262,Plein jour,Hors agglomération,Hors intersection,Temps couvert,Sans collision,4,1,1,0,1,3,2,0,1,70,1,1,0,0,0,1,24.0,,deux_roues,,1,1,1,8,7
202400041662,2024-02-24 21:58:00,2024,2,24,21,58,94,94015,A4,48.82928864,2.52841632,Nuit sans éclairage public,Hors agglomération,Hors intersection,Pluie légère,Deux véhicules - arrière,1,-1,4,0,1,1,2,0,2,110,2,5,3,0,0,2,28.0,50.0,voiture,voiture,3,1,1,2,2
202400041663,2024-07-18 16:10:00,2024,7,18,16,10,80,80156,D1,49.901746,2.420511,Plein jour,Hors agglomération,Intersection en X,Temps éblouissant,Deux véhicules - côté,3,2,2,0,1,1,1,0,1,-1,2,2,1,0,0,1,20.0,87.0,voiture,voiture,1,1,2,7,3
202400041663,2024-07-18 16:10:00,2024,7,18,16,10,80,80156,D1,49.901746,2.420511,Plein jour,Hors agglomération,Intersection en X,Temps éblouissant,Deux véhicules - côté,3,2,2,0,1,1,1,0,1,80,2,2,1,0,0,1,20.0,87.0,voiture,voiture,1,1,2,7,3
202400041664,2024-07-17 02:36:00,2024,7,17,2,36,13,13211,A50-Sens Aubagne vers Marseille,43.28841,5.49951,Nuit sans éclairage public,Hors agglomération,Hors intersection,Normale,Deux véhicules - arrière,1,-1,3,0,1,1,1,0,1,90,2,2,0,0,0,2,35.0,52.0,voiture,voiture,3,1,1,1,2
202400041665,2024-02-24 04:00:00,2024,2,24,4,0,94,94017,A4,48.83020089,2.495767,Nuit sans éclairage public,Hors agglomération,Hors intersection,Pluie légère,Deux véhicules - arrière,1,1,2,0,2,1,2,9,1,50,2,4,2,0,0,2,46.0,24.0,voiture,voiture,3,1,1,2,2
202400041666,2024-08-21 16:45:00,2024,8,21,16,45,12,12176,D888,44.373013,2.634903,Plein jour,Hors agglomération,Hors intersection,Normale,Trois véhicules et plus - collisions multiples,3,2,2,0,1,2,1,0,1,80,3,8,4,1,2,1,70.0,19.0,voiture,voiture,1,1,1,1,5
202400041667,2024-02-25 06:25:00,2024,2,25,6,25,75,75118,BD PERIPHERIQUE INTERIEUR,48.900815,2.339917,Crépuscule ou aube,En agglomération,Hors intersection,Normale,Autre collision,4,1,4,0,1,1,1,0,1,70,3,4,3,0,0,1,28.0,22.0,voiture,utilitaire_camion,2,2,1,1,6
202400041668,2024-07-09 16:45:00,2024,7,9,16,45,54,54123,Autoroute A 33,48.64544,6.14394,Plein jour,Hors agglomération,Hors intersection,Normale,Trois véhicules et plus - en chaîne,1,3,2,0,1,1,1,0,1,90,3,3,1,0,0,2,42.0,22.0,voiture,voiture,1,1,1,1,4
202400041669,2024-02-25 06:45:00,2024,2,25,6,45,75,75117,BD PERIPHERIQUE INTERIEUR,48.90053,2.326254,Nuit avec éclairage allumé,En agglomération,Hors intersection,Normale,Deux véhicules - arrière,4,1,4,0,1,1,1,0,1,70,2,2,1,0,0,1,47.0,,deux_roues,autre,5,2,1,1,2
202400041670,2024-02-25 00:15:00,2024,2,25,0,15,75,75116,ECHANGEUR MAILLOT,48.87786651,2.27971137,Nuit avec éclairage allumé,En agglomération,Hors intersection,Pluie légère,Sans collision,4,1,3,0,1,3,2,1,1,70,1,1,0,0,0,1,27.0,,deux_roues,,5,2,1,2,7
202400041671,2024-07-18 07:55:00,2024,7,18,7,55,33,33119,,44.853407,-0.50596,Plein jour,Hors agglomération,Intersection à plus de 4 branches,Normale,Deux véhicules - arrière,2,2, -1,-1,1,1,1,5,1,-1,2,2,1,0,0,1,37.0,75.0,deux_roues,voiture,1,1,5,1,2
202400041671,2024-07-18 07:55:00,2024,7,18,7,55,33,33119,,44.853407,-0.50596,Plein jour,Hors agglomération,Intersection à plus de 4 branches,Normale,Deux véhicules - arrière,2,1,1,0,3,1,1,3,1,50,2,2,1,0,0,1,37.0,75.0,deux_roues,voiture,1,1,5,1,2
202400041672,2024-02-25 20:45:00,2024,2,25,20,45,75,75116,BOULEVARD EXELMANS,48.841512,2.263658,Nuit avec éclairage allumé,En agglomération,Autre intersection,Pluie légère,Autre collision,4,2,4,0,2,1,2,1,1,30,1,1,0,0,0,1,30.0,,deux_roues,,5,2,9,2,6
202400041673,2024-02-25 17:00:00,2024,2,25,17,0,75,75116,BOULEVARD DE MONTMORENCY,48.848937,2.260756,Plein jour,En agglomération,Intersection en Y,Pluie forte,Deux véhicules - côté,4,1,1,0,2,1,2,0,1,30,2,2,1,0,0,1,56.0,38.0,deux_roues,deux_roues,1,2,4,3,3
202400041673,2024-02-25 17:00:00,2024,2,25,17,0,75,75116,BOULEVARD DE MONTMORENCY,48.848937,2.260756,Plein jour,En agglomération,Intersection en Y,Pluie forte,Deux véhicules - côté,4,2, -1,0,1,1,2,0,1,30,2,2,1,0,0,1,56.0,38.0,deux_roues,deux_roues,1,2,4,3,3
202400041674,2024-07-14 04:30:00,2024,7,14,4,30,62,62186,A21,50.43498145,2.72218361,Crépuscule ou aube,Hors agglomération,Hors intersection,Normale,Deux véhicules - arrière,1,3,2,0,1,1,1,0,1,110,2,3,2,0,0,1,31.0,21.0,voiture,voiture,2,1,1,1,2
202400041675,2024-08-23 15:59:00,2024,8,23,15,59,10,10357,Avenue du General de Gaulle,48.29847,4.11753,Plein jour,En agglomération,Hors intersection,Normale,Trois véhicules et plus - en chaîne,4,2,2,0,1,1,1,0,1,50,3,10,8,0,0,2,63.0,28.0,voiture,voiture,1,2,1,1,4
202400041676,2024-02-24 20:00:00,2024,2,24,20,0,75,75115,BOULEVARD VICTOR,48.833952,2.285349,Nuit avec éclairage allumé,En agglomération,Intersection en T,Temps couvert,Sans collision,4,3,2,1,1,1,2,9,5,30,1,1,0,0,0,1,26.0,,deux_roues,,5,2,3,8,7
202400041676,2024-02-24 20:00:00,2024,2,24,20,0,75,75115,BOULEVARD VICTOR,48.833952,2.285349,Nuit avec éclairage allumé,En agglomération,Intersection en T,Temps couvert,Sans collision,4,1, -1,-1,1,1,2,0,5,30,1,1,0,0,0,1,26.0,,deux_roues,,5,2,3,8,7
202400041677,2024-07-18 18:50:00,2024,7,18,18,50,91,91340,RN 104,48.6089,2.4384,Plein jour,Hors agglomération,Hors intersection,Normale,Trois véhicules et plus - en chaîne,2,3,4,0,2,1,1,3,1,90,3,4,2,0,0,2,22.0,48.0,voiture,voiture,1,1,1,1,4
202400041678,2024-08-24 04:00:00,2024,8,24,4,0,07,07102,REPUBLIQUE (AV. DE LA) [DU N° AU N°],44.93695,4.86812,Nuit avec éclairage allumé,En agglomération,Hors intersection,Normale,Sans collision,6,-1,0,0,1,1,1,0,1,50,1,1,0,0,0,1,50.0,,deux_roues,,5,2,1,1,7
202400041679,2024-02-25 02:20:00,2024,2,25,2,20,75,75113,QUAI D AUSTERLITZ,48.838645,2.372312,Nuit avec éclairage allumé,En agglomération,Intersection en T,Normale,Trois véhicules et plus - collisions multiples,4,2,4,0,1,1,1,0,1,30,3,6,2,0,0,4,22.0,34.0,voiture,voiture,5,2,3,1,5
202400041679,2024-02-25 02:20:00,2024,2,25,2,20,75,75113,QUAI D AUSTERLITZ,48.838645,2.372312,Nuit avec éclairage allumé,En agglomération,Intersection en T,Normale,Trois véhicules et plus - collisions multiples,4,2,2,0,1,1,1,0,1,30,3,6,2,0,0,4,22.0,34.0,voiture,voiture,5,2,3,1,5
202400041680,2024-07-18 11:31:00,2024,7,18,11,31,91,91174,RN 104,48.62032,2.4606,Plein jour,Hors agglomération,Hors intersection,Normale,Deux véhicules - côté,2,3,4,0,1,1,1,0,1,90,2,2,1,0,0,1,30.0,68.0,utilitaire_camion,voiture,1,1,1,1,3
202400041681,2024-02-25 13:10:00,2024,2,25,13,10,75,75111,RUE FAIDHERBE,48.853345,2.382742,Plein jour,En agglomération,Intersection en T,Temps couvert,Deux véhicules - côté,4,1, -1,-1,1,1,2,0,1,30,2,2,1,0,0,1,20.0,43.0,deux_roues,voiture,1,2,3,8,3
202400041681,2024-02-25 13:10:00,2024,2,25,13,10,75,75111,RUE FAIDHERBE,48.853345,2.382742,Plein jour,En agglomération,Intersection en T,Temps couvert,Deux véhicules - côté,4,2,1,0,1,1,2,0,1,30,2,2,1,0,0,1,20.0,43.0,deux_roues,voiture,1,2,3,8,3
202400041682,2024-07-17 09:45:00,2024,7,17,9,45,75,75114,A6A,48.81698567,2.33487904,Plein jour,Hors agglomération,Hors intersection,Normale,Sans collision,1,1,2,0,1,4,1,1,1,50,1,1,0,0,0,1,37.0,,utilitaire_camion,,1,1,1,1,7
202400041683,2024-02-25 14:45:00,2024,2,25,14,45,75,75108,PLACE DE LA CONCORDE,48.866505,2.32204,Plein jour,En agglomération,Place,Pluie légère,Deux véhicules - frontale,4,2,3,0,1,1,2,0,1,30,2,2,1,0,0,1,29.0,29.0,deux_roues,voiture,1,2,7,2,1
202400041684,2024-08-24 19:15:00,2024,8,24,19,15,01,01053,DE GAULLE ( BD GAL) IMPAIR,46.19863,5.23997,Plein jour,En agglomération,Hors intersection,Normale,Deux véhicules - arrière,3,3,4,0,1,1,1,0,1,50,2,2,1,0,0,1,65.0,29.0,voiture,deux_roues,1,2,1,1,2
202400041685,2024-07-18 11:45:00,2024,7,18,11,45,93,93007,AUTOROUTE A1,48.94774549,2.44391968,Plein jour,Hors agglomération,Hors intersection,Normale,Trois véhicules et plus - en chaîne,1,3,4,0,1,1,1,1,1,110,3,3,2,0,0,1,20.0,77.0,voiture,voiture,1,1,1,1,4
202400041686,2024-02-25 14:30:00,2024,2,25,14,30,93,93077,Avenue du Général Galliéni,48.8930266,2.50321019,Plein jour,En agglomération,Hors intersection,Pluie légère,Deux véhicules - côté,4,2,2,2,1,1,2,0,1,30,2,2,1,0,0,1,29.0,18.0,utilitaire_camion,deux_roues,1,2,1,2,3
202400041687,2024-02-25 20:25:00,2024,2,25,20,25,93,93055,Rue Sainte Marguerite / Rue Henri Martin,48.90186348,2.39237219,Nuit avec éclairage allumé,En agglomération,Intersection en T,Pluie légère,Autre collision,4,1,1,2,1,1,2,0,1,-1,1,2,1,0,0,1,40.0,,voiture,,5,2,3,2,6
202400041687,2024-02-25 20:25:00,2024,2,25,20,25,93,93055,Rue Sainte Marguerite / Rue Henri Martin,48.90186348,2.39237219,Nuit avec éclairage allumé,En agglomération,Intersection en T,Pluie légère,Autre collision,4,1,1,0,1,1,2,0,1,50,1,2,1,0,0,1,40.0,,voiture,,5,2,3,2,6
202400041688,2024-07-17 14:05:00,2024,7,17,14,5,93,93066,AUTOROUTE A1,48.93338949,2.37872257,Plein jour,Hors agglomération,Hors intersection,Normale,Deux véhicules - arrière,1,3,6,0,1,1,1,0,1,90,2,2,1,0,0,1,59.0,43.0,deux_roues,voiture,1,1,1,1,2
202400041689,2024-08-23 18:30:00,2024,8,23,18,30,75,75118,BD PERIPHERIQUE EXTERIEUR ,48.900909,2.337168,Plein jour,En agglomération,Hors intersection,Normale,Trois véhicules et plus - en chaîne,4,1,4,0,1,1,1,0,1,70,3,3,1,0,0,2,30.0,48.0,voiture,voiture,1,2,1,1,4
202400041690,2024-02-25 03:30:00,2024,2,25,3,30,93,93008,Avenue Paul Vaillant - Couturier / Pont de Bondy,48.905507,2.469756,Nuit avec éclairage allumé,En agglomération,Place,Pluie forte,Sans collision,3,1,3,0,1,2,2,0,4,50,1,2,1,0,0,1,,,voiture,,5,2,7,3,7
202400041690,2024-02-25 03:30:00,2024,2,25,3,30,93,93008,Avenue Paul Vaillant - Couturier / Pont de Bondy,48.905507,2.469756,Nuit avec éclairage allumé,En agglomération,Place,Pluie forte,Sans collision,3,3,4,0,1,2,2,0,4,50,1,2,1,0,0,1,,,voiture,,5,2,7,3,7
202400041691,2024-07-17 17:15:00,2024,7,17,17,15,77,77121,A4,48.8321,2.670487,Plein jour,Hors agglomération,Hors intersection,Normale,Trois véhicules et plus - en chaîne,1,-1,4,0,1,1,1,0,1,110,3,3,1,0,0,2,55.0,50.0,voiture,voiture,1,1,1,1,4
202400041692,2024-04-27 10:55:00,2024,4,27,10,55,29,29232,Avenue de la France Libre,48.004429,-4.098137,Plein jour,En agglomération,Hors intersection,Normale,Autre collision,4,2,2,0,1,1,1,0,8,50,1,2,1,0,0,1,84.0,,voiture,,1,2,1,1,6
202400041693,2024-07-09 12:20:00,2024,7,9,12,20,44,44009,,47.22594657,-1.47029896,Plein jour,Hors agglomération,Hors intersection,Temps couvert,Autre collision,2,1,1,0,2,2,1,3,1,70,1,1,0,0,0,1,47.0,,voiture,,1,1,1,8,6
202400041694,2024-07-09 07:55:00,2024,7,9,7,55,44,44162,22 Boulevard du Massacre,47.23480951,-1.58866687,Plein jour,En agglomération,Giratoire,Normale,Deux véhicules - côté,4,2,2,2,2,1,1,5,1,50,2,2,1,0,0,1,26.0,44.0,voiture,voiture,1,2,6,1,3
202400041695,2024-07-09 23:10:00,2024,7,9,23,10,44,44109,Rue Gaston Michel,47.21005401,-1.56169638,Nuit avec éclairage allumé,En agglomération,Giratoire,Temps couvert,Autre collision,4,3,3,2,1,2,1,5,1,50,1,2,1,0,0,1,,,deux_roues,,5,2,6,8,6
202400041696,2024-02-25 14:00:00,2024,2,25,14,0,92,92046,JULE FERRY,48.81924558,2.29786795,Plein jour,En agglomération,Intersection en X,Pluie légère,Deux véhicules - côté,3,-1,0,0,1,1,2,0,1,30,2,2,1,0,0,1,23.0,38.0,voiture,deux_roues,1,2,2,2,3
202400041696,2024-02-25 14:00:00,2024,2,25,14,0,92,92046,JULE FERRY,48.81924558,2.29786795,Plein jour,En agglomération,Intersection en X,Pluie légère,Deux véhicules - côté,3,1, -1,-1,1,1,2,5,1,-1,2,2,1,0,0,1,23.0,38.0,voiture,deux_roues,1,2,2,2,3
202400041697,2024-02-25 12:15:00,2024,2,25,12,15,92,92077,VERSAILLES (RUE DE),48.82209,2.18299,Plein jour,En agglomération,Hors intersection,Pluie légère,Deux véhicules - côté,3,2,2,0,1,1,2,0,1,50,2,2,1,0,0,1,20.0,38.0,voiture,voiture,1,2,1,2,3
202400041698,2024-08-24 15:10:00,2024,8,24,15,10,75,75120,RUE DES PYRENEES,48.864068,2.399138,Plein jour,En agglomération,Intersection en X,Normale,Deux véhicules - arrière,4,1, -1,0,1,1,1,0,1,30,2,2,1,0,0,1,51.0,44.0,voiture,deux_roues,1,2,2,1,2
202400041698,2024-08-24 15:10:00,2024,8,24,15,10,75,75120,RUE DES PYRENEES,48.864068,2.399138,Plein jour,En agglomération,Intersection en X,Normale,Deux véhicules - arrière,4,2,2,1,1,1,1,0,1,30,2,2,1,0,0,1,51.0,44.0,voiture,deux_roues,1,2,2,1,2
202400041699,2024-05-04 10:15:00,2024,5,4,10,15,74,74123,Route d'annecy,45.755336,6.273024,Plein jour,Hors agglomération,Intersection en Y,Normale,Deux véhicules - arrière,4,2,2,0,1,1,1,0,1,70,2,2,1,0,0,1,53.0,58.0,deux_roues,utilitaire_camion,1,1,4,1,2
202400041699,2024-05-04 10:15:00,2024,5,4,10,15,74,74123,Route d'annecy,45.755336,6.273024,Plein jour,Hors agglomération,Intersection en Y,Normale,Deux véhicules - arrière,4,2, -1,-1,1,1,1,0,1,-1,2,2,1,0,0,1,53.0,58.0,deux_roues,utilitaire_camion,1,1,4,1,2
202400041700,2024-02-25 17:35:00,2024,2,25,17,35,92,92063,DIX-HUIT JUIN 1940 (AVENUE DU) EST,48.86549524,2.2033816,Crépuscule ou aube,En agglomération,Hors intersection,Pluie légère,Deux véhicules - côté,3,2,2,0,1,1,2,0,4,50,2,2,1,0,0,1,31.0,,transport_commun,,2,2,1,2,3
202400041701,2024-04-30 23:10:00,2024,4,30,23,10,74,74116,1133 Route de Cruseilles,46.051525,6.248581,Nuit sans éclairage public,Hors agglomération,Hors intersection,Normale,Sans collision,3,2,2,0,2,1,1,0,3,80,1,4,0,0,1,3,22.0,,voiture,,3,1,1,1,7
202400041702,2024-02-25 16:30:00,2024,2,25,16,30,92,92048,MAL DE LATTRE DE TASSIGNY (AVENUE),48.78451702,2.2259396,Plein jour,En agglomération,Hors intersection,Pluie forte,Deux véhicules - côté,4,2,2,0,1,1,2,0,1,50,2,3,1,0,0,2,29.0,27.0,deux_roues,voiture,1,2,1,3,3
202400041703,2024-06-26 17:00:00,2024,6,26,17,0,44,44190,63 Rue de la Fontaine,47.2049373,-1.48959495,Plein jour,En agglomération,Hors intersection,Normale,Autre collision,4,2,2,2,1,1,1,-1,1,30,1,1,0,0,0,1,38.0,,deux_roues,,1,2,1,1,6