accident_id,datetime,annee,mois,jour,heure,minute,departement,commune_insee,adresse,latitude,longitude,luminosite,agglomeration,intersection,meteo,collision,catr,circ,nbv,vosp,prof,plan,surf,infra,situ,vma,nb_vehicules,nb_usagers,nb_indemnes,nb_tues,nb_blesses_hosp,nb_blesses_legers,age_cond_1,age_cond_2,veh_type_cond_1,veh_type_cond_2,lum_code,agg_code,int_code,atm_code,col_code
202400041768,2024-08-24 02:45:00,2024,8,24,2,45,85,85245,RD66,46.555408,-0.906758,Nuit sans éclairage public,Hors agglomération,Hors intersection,Normale,Autre collision,3,2,2,0,1,3,1,0,1,80,1,1,0,0,1,0,22.0,,voiture,,3,1,1,1,6
202400041769,2024-07-17 06:45:00,2024,7,17,6,45,66,66136,,42.723831,2.87633,Plein jour,Hors agglomération,Hors intersection,Normale,Deux véhicules - arrière,3,2,4,0,1,1,1,0,1,110,2,2,1,0,0,1,56.0,45.0,voiture,voiture,1,1,1,1,2
202400041770,2024-08-25 15:25:00,2024,8,25,15,25,23,23245,N145,46.19294,1.801447,Plein jour,Hors agglomération,Hors intersection,Normale,Autre collision,2,3,2,0,1,1,1,0,2,110,1,1,0,1,0,0,66.0,,deux_roues,,1,1,1,1,6
202400041771,2024-07-17 20:15:00,2024,7,17,20,15,64,64260,BAIE DE CHINGUDY (AVENUE DE LA),43.36514,-1.76978,Plein jour,En agglomération,Giratoire,Normale,Autre collision,4,2,3,0,1,1,1,5,1,50,2,2,1,0,1,0,50.0,36.0,deux_roues,voiture,1,2,6,1,6
202400041771,2024-07-17 20:15:00,2024,7,17,20,15,64,64260,BAIE DE CHINGUDY (AVENUE DE LA),43.36514,-1.76978,Plein jour,En agglomération,Giratoire,Normale,Autre collision,4,2,2,0,1,1,1,5,1,50,2,2,1,0,1,0,50.0,36.0,deux_roues,voiture,1,2,6,1,6
202400041772,2024-07-17 18:45:00,2024,7,17,18,45,64,64041,LABIELLE DE,43.276,-0.324,Plein jour,En agglomération,Hors intersection,Normale,Deux véhicules - côté,4,2,2,0,1,1,1,0,1,30,2,3,2,0,0,1,16.0,25.0,deux_roues,voiture,1,2,1,1,3
202400041773,2024-08-24 16:45:00,2024,8,24,16,45,01,01322,D6,45.93937,4.801028,Plein jour,Hors agglomération,Intersection en Y,Normale,Deux véhicules - côté,3,2,2,0,2,3,1,0,1,80,2,3,1,0,0,2,53.0,77.0,deux_roues,voiture,1,1,4,1,3
202400041773,2024-08-24 16:45:00,2024,8,24,16,45,01,01322,D6,45.93937,4.801028,Plein jour,Hors agglomération,Intersection en Y,Normale,Deux véhicules - côté,3,2,2,0,2,2,1,0,1,70,2,3,1,0,0,2,53.0,77.0,deux_roues,voiture,1,1,4,1,3
202400041774,2024-07-16 10:20:00,2024,7,16,10,20,64,64024,JORLIS (ROND POINT DE),43.49809,-1.49467,Plein jour,En agglomération,Giratoire,Normale,Deux véhicules - arrière,4,1,2,0,1,3,1,0,1,50,2,2,1,0,0,1,59.0,45.0,voiture,deux_roues,1,2,6,1,2
202400041775,2024-07-17 09:30:00,2024,7,17,9,30,63,63113,LIONDARDS (RUE DES),45.76431463,3.09224635,Plein jour,En agglomération,Hors intersection,Normale,Deux véhicules - côté,4,2,2,2,1,1,1,0,5,30,2,3,2,0,0,1,57.0,54.0,deux_roues,voiture,1,2,1,1,3
202400041776,2024-08-25 06:00:00,2024,8,25,6,0,12,12131,RD 1088,44.41527,2.63477,Nuit sans éclairage public,Hors agglomération,Hors intersection,Normale,Deux véhicules - côté,3,2,2,0,2,2,2,0,1,90,2,7,1,0,2,4,19.0,24.0,voiture,voiture,3,1,1,1,3
202400041777,2024-07-14 23:30:00,2024,7,14,23,30,62,62133,Rue Jules Mathieu,50.41282,2.8939,Nuit avec éclairage non allumé,En agglomération,Autre intersection,Normale,Autre collision,4,1,1,0,1,1,1,9,1,50,1,2,1,0,0,1,19.0,,voiture,,4,2,9,1,6
202400041778,2024-07-17 19:10:00,2024,7,17,19,10,59,59350,Boulevard Montebello,50.62101,3.04644,Plein jour,En agglomération,Hors intersection,Normale,Deux véhicules - frontale,4,3,4,3,1,1,1,0,1,50,2,2,1,0,1,0,17.0,47.0,deux_roues,voiture,1,2,1,1,1
202400041779,2024-08-25 12:35:00,2024,8,25,12,35,01,01173,D1005,46.367809,6.0223,Plein jour,Hors agglomération,Hors intersection,Temps couvert,Deux véhicules - frontale,3,2,2,0,2,3,1,0,1,80,2,2,1,0,1,0,32.0,39.0,deux_roues,voiture,1,1,1,8,1
202400041780,2024-07-12 17:15:00,2024,7,12,17,15,59,59637,NAVIE(RUE DE LA),50.39443,3.318,Plein jour,En agglomération,Hors intersection,Normale,Autre collision,4,2,2,0,1,1,1,0,3,50,1,2,1,0,1,0,32.0,,voiture,,1,2,1,1,6
202400041781,2024-08-24 17:45:00,2024,8,24,17,45,34,34014,D68,43.726731,3.899632,Plein jour,Hors agglomération,Hors intersection,Normale,Deux véhicules - frontale,3,2,2,0,2,1,1,0,1,90,2,5,0,0,3,2,56.0,53.0,voiture,utilitaire_camion,1,1,1,1,1
202400041782,2024-07-17 14:50:00,2024,7,17,14,50,54,54099,D346,49.2599,5.93494,Plein jour,En agglomération,Giratoire,Normale,Autre collision,3,1,2,0,1,2,1,9,1,50,1,2,0,0,0,2,20.0,,voiture,,1,2,6,1,6
202400041783,2024-08-25 09:40:00,2024,8,25,9,40,30,30047,Rue Joseph d'Arbaud,43.806233,4.434164,Plein jour,En agglomération,Hors intersection,Normale,Sans collision,4,2,2,0,1,3,1,0,8,50,1,1,0,0,0,1,23.0,,voiture,,1,2,1,1,7
202400041784,2024-08-25 14:15:00,2024,8,25,14,15,51,51128,Bievre,48.90727,3.708572,Plein jour,Hors agglomération,Hors intersection,Normale,Autre collision,4,2,2,0,1,1,1,0,1,80,1,1,0,0,1,0,43.0,,deux_roues,,1,1,1,1,6
202400041785,2024-07-16 18:45:00,2024,7,16,18,45,51,51454,FABIEN (RUE DU COLONNEL),49.24921,4.01665,Plein jour,En agglomération,Intersection en T,Normale,Deux véhicules - côté,4,3,4,0,1,1,1,0,1,50,2,3,2,0,0,1,35.0,25.0,voiture,voiture,1,2,3,1,3
202400041786,2024-06-16 19:45:00,2024,6,16,19,45,83,83107,avenue Gabriel Peri,43.444962,6.638934,Plein jour,En agglomération,Hors intersection,Normale,Autre collision,3,2,2,0,1,1,1,0,1,50,1,2,1,0,1,0,38.0,,voiture,,1,2,1,1,6
202400041787,2024-02-02 20:40:00,2024,2,2,20,40,2A,2A017,24 Strada di San Ghjuvanni,41.990852,8.768528,Nuit sans éclairage public,Hors agglomération,Intersection en T,Normale,Deux véhicules - côté,3,2,2,0,2,1,1,0,1,-1,2,2,0,0,0,2,49.0,19.0,voiture,voiture,3,1,3,1,3
202400041787,2024-02-02 20:40:00,2024,2,2,20,40,2A,2A017,24 Strada di San Ghjuvanni,41.990852,8.768528,Nuit sans éclairage public,Hors agglomération,Intersection en T,Normale,Deux véhicules - côté,3,2, -1,-1,1,2,1,0,1,-1,2,2,0,0,0,2,49.0,19.0,voiture,voiture,3,1,3,1,3
202400041788,2024-06-15 23:45:00,2024,6,15,23,45,08,08237,,49.826693,4.78204072,Nuit sans éclairage public,Hors agglomération,Hors intersection,Normale,Autre collision,3,2,2,0,2,3,1,0,3,80,1,3,2,0,1,0,25.0,,voiture,,3,1,1,1,6
202400041789,2024-06-15 15:30:00,2024,6,15,15,30,68,68063,18 Rue Raymond Poincare,47.807744,7.175554,Plein jour,En agglomération,Hors intersection,Normale,Deux véhicules - côté,4,1,1,0,1,1,1,0,5,-1,2,2,1,0,0,1,56.0,54.0,deux_roues,voiture,1,2,1,1,3
202400041790,2024-08-25 17:40:00,2024,8,25,17,40,80,80714,Route de Saint Valery,50.075008,1.434912,Plein jour,En agglomération,Hors intersection,Normale,Deux véhicules - frontale,3,2,2,0,1,1,1,0,1,50,2,5,4,0,1,0,22.0,63.0,voiture,voiture,1,2,1,1,1
202400041791,2024-07-16 18:41:00,2024,7,16,18,41,51,51454,MARCHANDEAU (AVENUE PAUL),49.24401,4.02759,Plein jour,En agglomération,Intersection en X,Normale,Trois véhicules et plus - en chaîne,4,2,2,0,1,1,1,0,1,50,3,3,1,0,0,2,30.0,47.0,voiture,voiture,1,2,2,1,4
202400041791,2024-07-16 18:41:00,2024,7,16,18,41,51,51454,MARCHANDEAU (AVENUE PAUL),49.24401,4.02759,Plein jour,En agglomération,Intersection en X,Normale,Trois véhicules et plus - en chaîne,4,2,6,3,1,1,1,0,1,50,3,3,1,0,0,2,30.0,47.0,voiture,voiture,1,2,2,1,4
202400041792,2024-08-24 19:05:00,2024,8,24,19,5,81,81220,  6609B Avenue de l'Hermitage,43.828561,1.734389,Plein jour,En agglomération,Hors intersection,Pluie légère,Deux véhicules - côté,3,2,2,0,1,1,2,0,1,50,2,2,1,0,0,1,21.0,48.0,voiture,deux_roues,1,2,1,2,3
202400041793,2024-06-16 17:15:00,2024,6,16,17,15,68,68269,D106,48.188714,7.362149,Plein jour,Hors agglomération,Hors intersection,Normale,Deux véhicules - frontale,3,2,2,0,1,1,1,0,1,80,2,5,0,1,3,1,81.0,39.0,voiture,voiture,1,1,1,1,1
202400041794,2024-06-13 14:14:00,2024,6,13,14,14,73,73099,D925,45.45263655,6.10293031,Plein jour,Hors agglomération,Giratoire,Normale,Deux véhicules - côté,3,2,2,2,1,2,1,5,1,70,2,2,1,0,1,0,56.0,83.0,voiture,deux_roues,1,1,6,1,3
202400041795,2024-07-17 03:40:00,2024,7,17,3,40,47,47031,DOCTEUR NOGUES (AV DU),44.19014,0.6535,Nuit sans éclairage public,En agglomération,Hors intersection,Normale,Deux véhicules - arrière,3,3,4,0,1,1,1,2,1,50,2,2,0,0,1,1,26.0,29.0,deux_roues,voiture,3,2,1,1,2
202400041796,2024-06-14 15:00:00,2024,6,14,15,0,38,38455,235 Chemin du Mollard,45.615519,5.315635,Plein jour,En agglomération,Hors intersection,Normale,Autre collision,4,2,2,0,1,1,1,0,3,50,1,1,0,0,1,0,32.0,,deux_roues,,1,2,1,1,6
202400041797,2024-08-24 23:10:00,2024,8,24,23,10,89,89382,1 Rue d'Auxerre,47.902521,3.599349,Nuit sans éclairage public,En agglomération,Hors intersection,Normale,Trois véhicules et plus - collisions multiples,3,2,2,0,2,3,1,0,1,50,3,7,0,0,0,7,23.0,19.0,voiture,voiture,3,2,1,1,5
202400041798,2024-07-15 14:52:00,2024,7,15,14,52,38,38151,A.480,45.15931,5.70138,Plein jour,Hors agglomération,Hors intersection,Normale,Deux véhicules - côté,1,3,2,0,1,3,1,0,1,70,2,3,2,0,1,0,39.0,21.0,utilitaire_camion,voiture,1,1,1,1,3
202400041799,2024-06-17 14:20:00,2024,6,17,14,20,38,38205,65 Route de Villard,45.13009,5.580626,Plein jour,En agglomération,Hors intersection,Normale,Deux véhicules - côté,3,2,2,3,1,1,1,0,1,50,2,2,1,0,0,1,25.0,37.0,deux_roues,voiture,1,2,1,1,3
202400041800,2024-08-23 23:00:00,2024,8,23,23,0,63,63380,Route de Sapchat,45.58039897,2.9872102,Nuit sans éclairage public,Hors agglomération,Hors intersection,Normale,Deux véhicules - frontale,3,2,2,0,2,4,1,0,1,80,2,2,0,0,1,1,19.0,56.0,voiture,voiture,3,1,1,1,1
202400041801,2024-07-17 08:15:00,2024,7,17,8,15,34,34172,JUSSIEU (RUE ANTOINE-LAURENT),43.63629,3.87543,Plein jour,En agglomération,Hors intersection,Normale,Autre collision,4,2,2,0,2,3,1,0,1,50,1,3,1,0,1,1,26.0,,voiture,,1,2,1,1,6
202400041802,2024-06-16 18:25:00,2024,6,16,18,25,26,26347,Place du Taurobole,45.070854,4.836811,Plein jour,En agglomération,Hors intersection,Normale,Deux véhicules - frontale,4,2,2,0,1,1,1,0,1,50,2,2,1,0,1,0,48.0,21.0,voiture,deux_roues,1,2,1,1,1
202400041803,2024-07-14 03:40:00,2024,7,14,3,40,27,27229,VERNON (RUE DE),49.03212,1.15726,Nuit avec éclairage non allumé,En agglomération,Hors intersection,Normale,Autre collision,4,2,2,0,2,1,1,0,4,50,1,1,0,0,0,1,30.0,,voiture,,4,2,1,1,6
202400041804,2024-06-17 17:00:00,2024,6,17,17,0,26,26074,route de vassieux,44.951068,5.400268,Plein jour,Hors agglomération,Hors intersection,Normale,Sans collision,3,3,2,0,2,1,1,0,3,80,1,1,0,0,1,0,60.0,,deux_roues,,1,1,1,1,7
202400041805,2024-07-17 13:25:00,2024,7,17,13,25,25,25056,faubourg tarragnoz,47.22673,6.03266,Plein jour,En agglomération,Hors intersection,Normale,Autre collision,3,2,2,2,1,3,1,0,1,50,1,1,0,0,0,1,23.0,,voiture,,1,2,1,1,6
202400041806,2024-06-13 08:20:00,2024,6,13,8,20,07,07042,D4,44.384602,4.624262,Plein jour,Hors agglomération,Intersection en T,Normale,Deux véhicules - côté,3,2,2,0,1,1,1,5,1,70,2,2,1,0,1,0,33.0,19.0,deux_roues,voiture,1,1,3,1,3
202400041806,2024-06-13 08:20:00,2024,6,13,8,20,07,07042,D4,44.384602,4.624262,Plein jour,Hors agglomération,Intersection en T,Normale,Deux véhicules - côté,3,2,2,0,1,1,1,0,8,30,2,2,1,0,1,0,33.0,19.0,deux_roues,voiture,1,1,3,1,3
202400041807,2024-08-25 06:00:00,2024,8,25,6,0,49,49364,D347,47.13087,-0.168566,Nuit sans éclairage public,Hors agglomération,Intersection en Y,Normale,Trois véhicules et plus - en chaîne,3,2,2,0,2,3,1,3,1,90,3,9,1,1,4,3,18.0,21.0,voiture,voiture,3,1,4,1,4
202400041807,2024-08-25 06:00:00,2024,8,25,6,0,49,49364,D347,47.13087,-0.168566,Nuit sans éclairage public,Hors agglomération,Intersection en Y,Normale,Trois véhicules et plus - en chaîne,3,2,2,0,2,3,1,3,1,80,3,9,1,1,4,3,18.0,21.0,voiture,voiture,3,1,4,1,4
202400041808,2024-07-17 23:45:00,2024,7,17,23,45,17,17300,REPUBLIQUE   BOULEVARD DE LA,46.13872,-1.14833,Nuit avec éclairage allumé,En agglomération,Hors intersection,Normale,Deux véhicules - arrière,4,2,3,3,1,1,1,0,1,30,2,2,1,0,0,1,26.0,21.0,voiture,voiture,5,2,1,1,2
202400041809,2024-06-16 23:10:00,2024,6,16,23,10,65,65059,Rue Georges Lassalle,43.064048,0.151674,Nuit avec éclairage allumé,En agglomération,Hors intersection,Normale,Autre collision,4,1,1,0,1,1,1,0,1,50,1,1,0,0,1,0,76.0,,voiture,,5,2,1,1,6
202400041810,2024-06-16 23:35:00,2024,6,16,23,35,65,65059,Route de Toulouse,43.080831,0.164291,Nuit sans éclairage public,En agglomération,Hors intersection,Normale,Autre collision,3,2,2,0,2,2,1,0,3,50,1,1,0,0,0,1,25.0,,voiture,,3,2,1,1,6
202400041811,2024-08-25 11:05:00,2024,8,25,11,5,49,49180,D79 PR9+340,47.370825,-0.116046,Plein jour,Hors agglomération,Intersection en Y,Normale,Deux véhicules - frontale,3,2,2,0,1,1,1,0,1,80,2,4,0,0,0,4,34.0,64.0,voiture,voiture,1,1,4,1,1
202400041811,2024-08-25 11:05:00,2024,8,25,11,5,49,49180,D79 PR9+340,47.370825,-0.116046,Plein jour,Hors agglomération,Intersection en Y,Normale,Deux véhicules - frontale,3,2, -1,-1,1,1,1,0,1,-1,2,4,0,0,0,4,34.0,64.0,voiture,voiture,1,1,4,1,1
202400041812,2024-06-05 19:30:00,2024,6,5,19,30,31,31395,55 Avenue des Pyrénées,43.453877,1.321836,Plein jour,En agglomération,Hors intersection,Normale,Autre collision,4,2,2,0,1,1,1,0,3,50,1,1,0,0,1,0,45.0,,voiture,,1,2,1,1,6
202400041813,2024-07-17 00:40:00,2024,7,17,0,40,13,13211,VICINAL DE LA MILLIERE (CHEMIN),43.28914198,5.49701481,Nuit avec éclairage allumé,En agglomération,Intersection en X,Normale,Deux véhicules - frontale,4,2,4,0,1,1,1,0,1,50,2,3,1,0,1,1,38.0,21.0,voiture,deux_roues,5,2,2,1,1
202400041813,2024-07-17 00:40:00,2024,7,17,0,40,13,13211,VICINAL DE LA MILLIERE (CHEMIN),43.28914198,5.49701481,Nuit avec éclairage allumé,En agglomération,Intersection en X,Normale,Deux véhicules - frontale,4,2,3,0,1,1,1,0,1,50,2,3,1,0,1,1,38.0,21.0,voiture,deux_roues,5,2,2,1,1
202400041814,2024-08-24 18:10:00,2024,8,24,18,10,47,47086,770 Route de Miramont,44.666244,0.19637,Plein jour,Hors agglomération,Hors intersection,Normale,Autre collision,3,2,2,0,1,1,1,0,3,80,1,5,0,0,1,4,36.0,,voiture,,1,1,1,1,6
202400041815,2024-06-17 08:20:00,2024,6,17,8,20,64,64304,Route de l'Adour,43.491246,-1.382958,Plein jour,Hors agglomération,Intersection en T,Normale,Deux véhicules - frontale,3,2,2,0,1,1,1,0,1,70,2,2,1,0,1,0,35.0,50.0,voiture,deux_roues,1,1,3,1,1
202400041815,2024-06-17 08:20:00,2024,6,17,8,20,64,64304,Route de l'Adour,43.491246,-1.382958,Plein jour,Hors agglomération,Intersection en T,Normale,Deux véhicules - frontale,3,2, -1,-1,1,1,1,0,1,-1,2,2,1,0,1,0,35.0,50.0,voiture,deux_roues,1,1,3,1,1
202400041816,2024-07-17 20:25:00,2024,7,17,20,25,11,11262,,43.17157,2.97749,Plein jour,En agglomération,Hors intersection,Normale,Deux véhicules - arrière,4,-1,0,0,1,1,1,0,8,1,2,2,1,0,0,1,25.0,5.0,voiture,deux_roues,1,2,1,1,2
202400041817,2024-06-16 19:20:00,2024,6,16,19,20,33,33498,,44.548644,-0.883777,Plein jour,Hors agglomération,Hors intersection,Normale,Deux véhicules - frontale,3,2,2,0,1,1,1,0,1,80,2,2,0,0,1,1,42.0,36.0,deux_roues,deux_roues,1,1,1,1,1
202400041818,2024-08-25 15:50:00,2024,8,25,15,50,68,68018,10 Rue du 27 Novembre,47.664311,7.164862,Plein jour,En agglomération,Hors intersection,Normale,Deux véhicules - frontale,3,2,2,0,1,2,1,0,1,50,2,2,1,0,0,1,58.0,24.0,voiture,voiture,1,2,1,1,1
202400041819,2024-07-17 13:30:00,2024,7,17,13,30,11,11262,,43.19906,2.97145,Plein jour,En agglomération,Hors intersection,Normale,Trois véhicules et plus - collisions multiples,3,2,2,0,1,1,1,0,1,70,3,8,5,0,0,3,43.0,50.0,voiture,voiture,1,2,1,1,5
202400041820,2024-06-16 19:15:00,2024,6,16,19,15,72,72378,Le Petit Gruau,47.830206,-0.283987,Plein jour,Hors agglomération,Intersection en X,Normale,Deux véhicules - côté,3,2,2,0,1,1,1,0,1,90,2,6,2,0,1,3,21.0,22.0,voiture,voiture,1,1,2,1,3
202400041820,2024-06-16 19:15:00,2024,6,16,19,15,72,72378,Le Petit Gruau,47.830206,-0.283987,Plein jour,Hors agglomération,Intersection en X,Normale,Deux véhicules - côté,3,2,2,0,1,1,1,0,1,90,2,6,2,0,1,3,21.0,22.0,voiture,voiture,1,1,2,1,3
202400041821,2024-08-24 21:30:00,2024,8,24,21,30,44,44082,Le Chapeau Rouge,47.37906844,-1.3972425,Nuit sans éclairage public,Hors agglomération,Hors intersection,Normale,Deux véhicules - frontale,3,2,2,0,1,1,1,0,1,80,2,2,1,0,1,0,47.0,59.0,voiture,utilitaire_camion,3,1,1,1,1
202400041822,2024-06-16 02:00:00,2024,6,16,2,0,14,14258,D511,48.913327,-0.197378,Nuit sans éclairage public,Hors agglomération,Hors intersection,Pluie légère,Autre collision,3,2,2,0,1,1,2,0,1,90,1,3,2,0,0,1,57.0,,voiture,,3,1,1,2,6
202400041823,2024-07-17 11:40:00,2024,7,17,11,40,11,11069,34 Avenue du Général Leclerc,43.21011,2.36435,Plein jour,En agglomération,Hors intersection,Normale,Deux véhicules - arrière,4,-1,2,0,2,1,1,0,1,50,2,2,1,0,0,1,86.0,52.0,voiture,voiture,1,2,1,1,2
202400041824,2024-08-24 15:45:00,2024,8,24,15,45,29,29163,Rue Pasteur,48.508513,-3.877817,Plein jour,En agglomération,Hors intersection,Normale,Sans collision,4,1,1,0,1,1,1,9,1,30,1,1,0,0,0,1,15.0,,deux_roues,,1,2,1,1,7
202400041825,2024-07-16 10:00:00,2024,7,16,10,0,11,11069,,43.22321,2.36024,Plein jour,Hors agglomération,Hors intersection,Normale,Deux véhicules - côté,3,2,2,0,1,1,1,0,1,80,2,2,1,0,0,1,64.0,67.0,voiture,voiture,1,1,1,1,3
202400041826,2024-06-17 17:00:00,2024,6,17,17,0,60,60700,D1001,49.388376,2.144378,Plein jour,En agglomération,Hors intersection,Normale,Trois véhicules et plus - en chaîne,3,2,2,0,1,1,1,0,1,50,3,4,3,0,0,1,22.0,50.0,voiture,voiture,1,2,1,1,4
202400041827,2024-08-24 03:05:00,2024,8,24,3,5,38,38144,D518,45.609399,5.083129,Nuit sans éclairage public,Hors agglomération,Hors intersection,Normale,Autre collision,3,2,2,0,2,1,1,0,1,80,1,2,0,0,1,1,31.0,,voiture,,3,1,1,1,6
202400041828,2024-07-17 22:45:00,2024,7,17,22,45,07,07102,REPUBLIQUE (AV. DE LA) [DU N° AU N°],44.93266,4.88108,Nuit avec éclairage allumé,En agglomération,Hors intersection,Normale,Sans collision,3,2,1,0,1,1,1,2,1,50,1,1,0,0,0,1,19.0,,deux_roues,,5,2,1,1,7
202400041829,2024-08-25 06:00:00,2024,8,25,6,0,26,26342,RD 341,44.339822,4.829484,Nuit sans éclairage public,Hors agglomération,Hors intersection,Pluie légère,Sans collision,3,2,2,0,1,3,2,0,3,80,1,1,0,0,1,0,19.0,,voiture,,3,1,1,2,7
202400041830,2024-07-16 21:20:00,2024,7,16,21,20,75,75118,BD PERIPHERIQUE INTERIEUR,48.900787,2.338559,Plein jour,En agglomération,Hors intersection,Normale,Deux véhicules - arrière,4,1,4,0,1,1,1,0,1,70,2,2,1,0,0,1,,41.0,voiture,deux_roues,1,2,1,1,2
202400041831,2024-06-17 14:40:00,2024,6,17,14,40,80,80317,D100,49.737323,2.099719,Plein jour,Hors agglomération,Hors intersection,Normale,Sans collision,3,2,2,0,1,1,1,0,1,80,1,1,0,0,1,0,32.0,,deux_roues,,1,1,1,1,7
202400041832,2024-07-17 16:10:00,2024,7,17,16,10,75,75119,RUE SIGMUND FREUD,48.884165,2.399456,Plein jour,En agglomération,Hors intersection,Normale,Sans collision,4,2,4,1,2,1,1,0,1,30,1,1,0,0,0,1,21.0,,deux_roues,,1,2,1,1,7
202400041833,2024-08-25 03:30:00,2024,8,25,3,30,58,58142,C3 LIMANTON,47.02047,3.766401,Nuit sans éclairage public,Hors agglomération,Intersection en X,Normale,Deux véhicules - côté,3,2,2,0,1,1,2,0,1,80,2,5,2,0,3,0,58.0,21.0,voiture,voiture,3,1,2,1,3
202400041833,2024-08-25 03:30:00,2024,8,25,3,30,58,58142,C3 LIMANTON,47.02047,3.766401,Nuit sans éclairage public,Hors agglomération,Intersection en X,Normale,Deux véhicules - côté,3,2,2,0,2,1,2,0,1,70,2,5,2,0,3,0,58.0,21.0,voiture,voiture,3,1,2,1,3
202400041834,2024-06-14 04:45:00,2024,6,14,4,45,13,13043,A55-Sens Marseille vers Martigues,43.38385055,5.23250187,Nuit sans éclairage public,Hors agglomération,Hors intersection,Normale,Deux véhicules - côté,1,1,2,0,1,1,1,0,1,110,2,2,1,0,0,1,19.0,52.0,voiture,voiture,3,1,1,1,3
202400041835,2024-07-17 20:55:00,2024,7,17,20,55,75,75115,RUE DE LA CONVENTION,48.844749,2.279874,Plein jour,En agglomération,Intersection en X,Normale,Deux véhicules - côté,4,1, -1,-1,1,1,1,0,1,-1,2,2,1,0,0,1,22.0,51.0,deux_roues,voiture,1,2,2,1,3
202400041835,2024-07-17 20:55:00,2024,7,17,20,55,75,75115,RUE DE LA CONVENTION,48.844749,2.279874,Plein jour,En agglomération,Intersection en X,Normale,Deux véhicules - côté,4,2,2,0,1,1,1,0,1,30,2,2,1,0,0,1,22.0,51.0,deux_roues,voiture,1,2,2,1,3
202400041836,2024-08-24 10:20:00,2024,8,24,10,20,66,66016,D914,42.45939156,3.14848423,Plein jour,Hors agglomération,Hors intersection,Normale,Autre collision,3,2,2,0,2,2,1,0,3,80,1,1,0,0,1,0,30.0,,deux_roues,,1,1,1,1,6
202400041837,2024-06-16 00:01:00,2024,6,16,0,1,83,83090,A50,43.12562777,5.87700866,Nuit avec éclairage allumé,Hors agglomération,Autre intersection,Normale,Deux véhicules - arrière,1,1,2,0,2,3,1,9,1,50,2,3,2,0,0,1,35.0,38.0,voiture,voiture,5,1,9,1,2
202400041838,2024-08-25 11:30:00,2024,8,25,11,30,50,50407,Lentille,48.625266,-1.336652,Plein jour,Hors agglomération,Hors intersection,Normale,Autre collision,4,2,2,0,1,2,1,0,3,80,1,1,0,0,0,1,46.0,,deux_roues,,1,1,1,1,6
202400041839,2024-07-17 19:00:00,2024,7,17,19,0,75,75107,QUAI BRANLY,48.862295,2.301947,Plein jour,En agglomération,Intersection en X,Normale,Trois véhicules et plus - collisions multiples,4,2, -1,-1,1,1,1,0,1,-1,3,3,2,0,0,1,60.0,27.0,voiture,voiture,1,2,2,1,5
202400041839,2024-07-17 19:00:00,2024,7,17,19,0,75,75107,QUAI BRANLY,48.862295,2.301947,Plein jour,En agglomération,Intersection en X,Normale,Trois véhicules et plus - collisions multiples,4,1,3,0,1,2,1,0,1,30,3,3,2,0,0,1,60.0,27.0,voiture,voiture,1,2,2,1,5
202400041840,2024-06-15 18:00:00,2024,6,15,18,0,69,69389,Route de Métropole 6,45.76205,4.8057,Plein jour,Hors agglomération,Hors intersection,Normale,Trois véhicules et plus - en chaîne,7,3,4,0,1,1,1,1,1,70,3,2,1,0,0,1,43.0,20.0,voiture,utilitaire_camion,1,1,1,1,4
202400041841,2024-08-24 04:30:00,2024,8,24,4,30,73,73128,D1201 - 25 Route de l'Albanais,45.709103,5.91194,Nuit avec éclairage allumé,Hors agglomération,Intersection en T,Normale,Autre collision,3,2,2,1,1,3,1,0,8,-1,1,1,0,0,1,0,33.0,,voiture,,5,1,3,1,6
202400041841,2024-08-24 04:30:00,2024,8,24,4,30,73,73128,D1201 - 25 Route de l'Albanais,45.709103,5.91194,Nuit avec éclairage allumé,Hors agglomération,Intersection en T,Normale,Autre collision,3,2,2,-1,2,1,1,0,8,-1,1,1,0,0,1,0,33.0,,voiture,,5,1,3,1,6
202400041842,2024-07-17 16:35:00,2024,7,17,16,35,75,75114,AVENUE DENFERT ROCHEREAU,48.834546,2.332611,Plein jour,En agglomération,Place,Normale,Deux véhicules - arrière,4,1,4,0,1,1,1,-1,1,30,2,2,1,0,0,1,30.0,33.0,utilitaire_camion,deux_roues,1,2,7,1,2
202400041842,2024-07-17 16:35:00,2024,7,17,16,35,75,75114,AVENUE DENFERT ROCHEREAU,48.834546,2.332611,Plein jour,En agglomération,Place,Normale,Deux véhicules - arrière,4,4,8,0,1,3,1,0,1,30,2,2,1,0,0,1,30.0,33.0,utilitaire_camion,deux_roues,1,2,7,1,2
202400041843,2024-06-16 16:45:00,2024,6,16,16,45,91,91235,RN 104,48.62582,2.3553,Plein jour,Hors agglomération,Hors intersection,Pluie légère,Sans collision,2,3,2,0,1,3,2,0,1,50,1,4,0,0,0,4,27.0,,voiture,,1,1,1,2,7
202400041844,2024-08-24 14:30:00,2024,8,24,14,30,43,43241,Concis,44.937904,3.864012,Plein jour,Hors agglomération,Intersection en T,Normale,Deux véhicules - côté,3,2,2,0,1,1,1,0,1,80,2,2,1,0,1,0,66.0,15.0,voiture,deux_roues,1,1,3,1,3
202400041844,2024-08-24 14:30:00,2024,8,24,14,30,43,43241,Concis,44.937904,3.864012,Plein jour,Hors agglomération,Intersection en T,Normale,Deux véhicules - côté,3,-1, -1,-1,1,1,1,0,1,-1,2,2,1,0,1,0,66.0,15.0,voiture,deux_roues,1,1,3,1,3