accident_id,datetime,annee,mois,jour,heure,minute,departement,commune_insee,adresse,latitude,longitude,luminosite,agglomeration,intersection,meteo,collision,catr,circ,nbv,vosp,prof,plan,surf,infra,situ,vma,nb_vehicules,nb_usagers,nb_indemnes,nb_tues,nb_blesses_hosp,nb_blesses_legers,age_cond_1,age_cond_2,veh_type_cond_1,veh_type_cond_2,lum_code,agg_code,int_code,atm_code,col_code
202400041845,2024-06-16 02:53:00,2024,6,16,2,53,94,94076,AUTOROUTE A6A,48.79721145,2.34426549,Nuit sans éclairage public,Hors agglomération,Hors intersection,Normale,Deux véhicules - côté,1,1,3,0,1,2,1,0,1,90,2,2,1,0,0,1,42.0,,deux_roues,utilitaire_camion,3,1,1,1,3
202400041846,2024-07-17 09:30:00,2024,7,17,9,30,75,75111,AVENUE PARMENTIER,48.866876,2.373355,Plein jour,En agglomération,Intersection en X,Normale,Deux véhicules - côté,4,2,2,0,1,1,1,0,1,30,2,2,0,0,0,2,46.0,32.0,voiture,deux_roues,1,2,2,1,3
202400041846,2024-07-17 09:30:00,2024,7,17,9,30,75,75111,AVENUE PARMENTIER,48.866876,2.373355,Plein jour,En agglomération,Intersection en X,Normale,Deux véhicules - côté,4,1,0,0,1,1,1,0,1,30,2,2,0,0,0,2,46.0,32.0,voiture,deux_roues,1,2,2,1,3
202400041847,2024-08-21 03:30:00,2024,8,21,3,30,04,04021,D17,44.083501,6.112518,Nuit sans éclairage public,Hors agglomération,Hors intersection,Normale,Sans collision,3,2,2,0,2,2,1,0,8,80,1,1,0,1,0,0,59.0,,deux_roues,,3,1,1,1,7
202400041848,2024-06-16 01:43:00,2024,6,16,1,43,91,91216,AUTOROUTE A6,48.68306,2.32908,Nuit sans éclairage public,Hors agglomération,Hors intersection,Normale,Sans collision,1,3,3,0,1,1,1,0,1,110,1,3,2,0,0,1,26.0,,voiture,,3,1,1,1,7
202400041849,2024-08-25 06:50:00,2024,8,25,6,50,28,28367,D954,48.155494,1.842957,Crépuscule ou aube,Hors agglomération,Hors intersection,Normale,Autre collision,3,2,2,0,1,1,1,0,3,80,1,4,0,0,2,2,18.0,,voiture,,2,1,1,1,6
202400041850,2024-07-17 09:30:00,2024,7,17,9,30,75,75111,AVENUE DE LA REPUBLIQUE,48.863293,2.384946,Plein jour,En agglomération,Intersection en T,Normale,Deux véhicules - côté,4,2,0,1,2,1,1,-1,5,30,2,2,1,0,0,1,70.0,28.0,deux_roues,deux_roues,1,2,3,1,3
202400041850,2024-07-17 09:30:00,2024,7,17,9,30,75,75111,AVENUE DE LA REPUBLIQUE,48.863293,2.384946,Plein jour,En agglomération,Intersection en T,Normale,Deux véhicules - côté,4,2, -1,-1,1,1,1,-1,5,-1,2,2,1,0,0,1,70.0,28.0,deux_roues,deux_roues,1,2,3,1,3
202400041851,2024-06-15 16:40:00,2024,6,15,16,40,91,91689,AUTOROUTE A6,48.7263,2.3133,Plein jour,Hors agglomération,Hors intersection,Normale,Trois véhicules et plus - en chaîne,1,3,3,0,1,1,1,0,1,110,3,3,2,0,0,1,28.0,73.0,voiture,voiture,1,1,1,1,4
202400041852,2024-08-25 11:50:00,2024,8,25,11,50,88,88275,Fouillaupré,48.321132,7.181668,Plein jour,Hors agglomération,Hors intersection,Normale,Sans collision,3,2,2,0,1,4,9,0,1,80,1,1,0,0,1,0,49.0,,deux_roues,,1,1,1,1,7
202400041853,2024-07-17 16:04:00,2024,7,17,16,4,75,75110,BOULEVARD DE MAGENTA,48.881968,2.350959,Plein jour,En agglomération,Intersection en T,Normale,Autre collision,4,2,4,1,1,1,1,-1,5,30,1,2,1,0,0,1,40.0,,deux_roues,,1,2,3,1,6
202400041853,2024-07-17 16:04:00,2024,7,17,16,4,75,75110,BOULEVARD DE MAGENTA,48.881968,2.350959,Plein jour,En agglomération,Intersection en T,Normale,Autre collision,4,1, -1,-1,1,1,1,-1,5,-1,1,2,1,0,0,1,40.0,,deux_roues,,1,2,3,1,6
202400041854,2024-06-16 16:50:00,2024,6,16,16,50,92,92025,A86,48.92201331,2.22672771,Plein jour,Hors agglomération,Hors intersection,Normale,Trois véhicules et plus - collisions multiples,1,1,0,0,1,1,1,0,1,90,4,9,5,0,0,4,19.0,33.0,voiture,voiture,1,1,1,1,5
202400041855,2024-08-25 18:20:00,2024,8,25,18,20,45,45032,Autoroute A6 PK 95+200,48.134977,2.926376,Plein jour,Hors agglomération,Hors intersection,Normale,Deux véhicules - arrière,1,3,4,0,1,1,1,0,1,130,2,3,0,0,2,1,36.0,54.0,voiture,utilitaire_camion,1,1,1,1,2
202400041856,2024-07-17 16:30:00,2024,7,17,16,30,75,75104,QUAI DE L HOTEL DE VILLE,48.855835,2.350846,Plein jour,En agglomération,Intersection en X,Normale,Deux véhicules - arrière,4,2,2,0,1,1,1,0,1,30,2,2,1,0,0,1,59.0,24.0,utilitaire_camion,deux_roues,1,2,2,1,2
202400041856,2024-07-17 16:30:00,2024,7,17,16,30,75,75104,QUAI DE L HOTEL DE VILLE,48.855835,2.350846,Plein jour,En agglomération,Intersection en X,Normale,Deux véhicules - arrière,4,2,4,0,1,1,1,0,1,30,2,2,1,0,0,1,59.0,24.0,utilitaire_camion,deux_roues,1,2,2,1,2
202400041857,2024-06-16 06:54:00,2024,6,16,6,54,92,92050,A86,48.89167542,2.17700421,Plein jour,Hors agglomération,Hors intersection,Pluie légère,Deux véhicules - arrière,1,1,2,0,1,2,2,1,1,90,2,2,1,0,0,1,66.0,41.0,voiture,voiture,1,1,1,2,2
202400041858,2024-08-24 12:55:00,2024,8,24,12,55,971,97119,Les Mangles,16.392336,-61.461071,Plein jour,En agglomération,Hors intersection,Normale,Deux véhicules - côté,2,2,2,0,1,1,1,5,1,50,2,2,1,0,1,0,54.0,29.0,voiture,deux_roues,1,2,1,1,3
202400041859,2024-07-17 14:45:00,2024,7,17,14,45,75,75102,RUE ETIENNE MARCEL,48.86386311,2.34900087,Plein jour,En agglomération,Intersection en X,Normale,Deux véhicules - côté,4,2,4,0,1,1,1,0,1,30,2,2,1,0,0,1,51.0,32.0,deux_roues,deux_roues,1,2,2,1,3
202400041859,2024-07-17 14:45:00,2024,7,17,14,45,75,75102,RUE ETIENNE MARCEL,48.86386311,2.34900087,Plein jour,En agglomération,Intersection en X,Normale,Deux véhicules - côté,4,2,3,0,1,1,1,0,1,30,2,2,1,0,0,1,51.0,32.0,deux_roues,deux_roues,1,2,2,1,3
202400041860,2024-06-16 19:00:00,2024,6,16,19,0,92,92036,AUTOROUTE A15,48.94917898,2.28036318,Plein jour,En agglomération,Autre intersection,Normale,Autre collision,1,3,8,0,1,1,1,0,1,110,1,1,0,0,0,1,21.0,,voiture,,1,2,9,1,6
202400041861,2024-08-24 18:20:00,2024,8,24,18,20,971,97129,Vinty,16.352591,-61.728745,Crépuscule ou aube,Hors agglomération,Hors intersection,Normale,Deux véhicules - arrière,2,2,2,0,4,1,1,0,8,90,2,2,1,0,0,1,33.0,21.0,voiture,autre,2,1,1,1,2
202400041862,2024-06-16 18:30:00,2024,6,16,18,30,93,93078,A104,48.96204339,2.54633608,Plein jour,Hors agglomération,Hors intersection,Normale,Deux véhicules - arrière,1,3,3,0,1,1,1,0,1,90,2,3,2,0,0,1,20.0,65.0,voiture,voiture,1,1,1,1,2
202400041863,2024-07-17 14:35:00,2024,7,17,14,35,75,75104,RUE DE LOBAU,48.856905,2.35379,Plein jour,En agglomération,Intersection en X,Normale,Autre collision,4,2,4,2,1,1,1,0,1,30,1,3,0,0,0,3,44.0,,deux_roues,,1,2,2,1,6
202400041863,2024-07-17 14:35:00,2024,7,17,14,35,75,75104,RUE DE LOBAU,48.856905,2.35379,Plein jour,En agglomération,Intersection en X,Normale,Autre collision,4,2,4,1,1,1,1,0,1,30,1,3,0,0,0,3,44.0,,deux_roues,,1,2,2,1,6
202400041864,2024-08-25 11:55:00,2024,8,25,11,55,2B,2B307,Départementale 109,42.382609,9.523679,Plein jour,En agglomération,Intersection en X,Normale,Deux véhicules - côté,4,2,2,-1,1,1,1,0,1,-1,2,2,1,0,1,0,28.0,43.0,deux_roues,voiture,1,2,2,1,3
202400041864,2024-08-25 11:55:00,2024,8,25,11,55,2B,2B307,Départementale 109,42.382609,9.523679,Plein jour,En agglomération,Intersection en X,Normale,Deux véhicules - côté,4,2,2,0,1,1,1,0,1,50,2,2,1,0,1,0,28.0,43.0,deux_roues,voiture,1,2,2,1,3
202400041865,2024-06-16 14:00:00,2024,6,16,14,0,93,93078,A104,48.95883814,2.53476623,Plein jour,Hors agglomération,Hors intersection,Temps couvert,Deux véhicules - côté,1,3,3,0,1,1,2,0,1,90,2,2,0,0,0,2,22.0,24.0,voiture,voiture,1,1,1,8,3
202400041866,2024-07-17 12:25:00,2024,7,17,12,25,94,94080,Avenue de la République,48.84968,2.43413,Plein jour,En agglomération,Hors intersection,Normale,Autre collision,4,2,2,0,2,1,1,0,1,50,1,2,1,0,0,1,31.0,,voiture,,1,2,1,1,6
202400041867,2024-06-16 13:45:00,2024,6,16,13,45,95,95061,N104,49.06799174,2.25449202,Plein jour,Hors agglomération,Hors intersection,Normale,Autre collision,2,3,2,0,1,2,1,0,1,110,1,1,0,0,0,1,22.0,,voiture,,1,1,1,1,6
202400041868,2024-08-25 03:45:00,2024,8,25,3,45,34,34199,D13e5,43.478771,3.396084,Nuit sans éclairage public,Hors agglomération,Hors intersection,Temps couvert,Autre collision,3,2,2,0,1,1,1,0,3,80,1,1,0,1,0,0,33.0,,voiture,,3,1,1,8,6
202400041869,2024-06-16 09:40:00,2024,6,16,9,40,95,95218,A15,49.03512876,2.09846616,Plein jour,Hors agglomération,Hors intersection,Pluie légère,Autre collision,1,1,1,0,1,2,2,0,1,70,1,1,0,0,0,1,43.0,,voiture,,1,1,1,2,6
202400041870,2024-08-25 02:06:00,2024,8,25,2,6,34,34135,D14,43.254025,3.155793,Nuit sans éclairage public,Hors agglomération,Hors intersection,Temps couvert,Autre collision,3,2,2,0,1,3,1,0,3,80,1,1,0,0,1,0,24.0,,voiture,,3,1,1,8,6
202400041871,2024-07-17 19:35:00,2024,7,17,19,35,94,94076,114 Boulevard Maxime Gorki,48.792251,2.369506,Plein jour,En agglomération,Hors intersection,Normale,Deux véhicules - arrière,3,2,2,0,1,1,1,0,1,50,2,3,2,0,0,1,64.0,22.0,voiture,voiture,1,2,1,1,2
202400041872,2024-07-15 19:00:00,2024,7,15,19,0,94,94003,"20, avenue Laplace",48.8077,2.33441,Plein jour,En agglomération,Autre intersection,Normale,Autre collision,3,2,4,1,2,1,1,0,5,50,1,1,0,1,0,0,39.0,,deux_roues,,1,2,9,1,6
202400041873,2024-06-16 01:00:00,2024,6,16,1,0,93,93066,A1,48.91936344,2.35754643,Nuit sans éclairage public,Hors agglomération,Hors intersection,Temps couvert,Deux véhicules - arrière,1,3,4,0,1,1,2,0,1,90,2,2,1,0,0,1,31.0,37.0,deux_roues,voiture,3,1,1,8,2
202400041874,2024-08-24 23:30:00,2024,8,24,23,30,83,83068,Route de Cogolin,43.266372,6.528689,Nuit sans éclairage public,Hors agglomération,Hors intersection,Normale,Autre collision,3,2,2,0,2,3,1,0,1,70,1,2,0,0,2,0,22.0,,voiture,,3,1,1,1,6
202400041875,2024-06-15 22:10:00,2024,6,15,22,10,75,75120,ECHANGEUR BAGNOLET,48.86633561,2.41391838,Crépuscule ou aube,En agglomération,Hors intersection,Normale,Sans collision,4,3,2,0,1,1,1,0,1,90,1,1,0,0,0,1,23.0,,deux_roues,,2,2,1,1,7
202400041876,2024-08-24 18:45:00,2024,8,24,18,45,83,83068,Chemin du Camp Marin,43.263644,6.531852,Plein jour,Hors agglomération,Hors intersection,Normale,Sans collision,4,2,2,0,1,1,1,0,1,50,1,1,0,0,1,0,70.0,,deux_roues,,1,1,1,1,7
202400041877,2024-07-17 19:50:00,2024,7,17,19,50,94,94074,Rue Gabriel Péri,48.7488,2.47098,Plein jour,En agglomération,Hors intersection,Normale,Deux véhicules - arrière,4,2,2,0,1,1,1,0,1,50,2,2,1,0,0,1,34.0,15.0,voiture,deux_roues,1,2,1,1,2
202400041878,2024-06-15 15:10:00,2024,6,15,15,10,95,95277,D170,48.97596217,2.48227551,Plein jour,Hors agglomération,Hors intersection,Normale,Deux véhicules - arrière,3,1,1,0,1,3,1,0,1,70,2,2,0,0,0,2,24.0,51.0,deux_roues,voiture,1,1,1,1,2
202400041879,2024-07-17 14:15:00,2024,7,17,14,15,94,94017,Boulevard de Stalingrad,48.82759,2.49406,Plein jour,En agglomération,Hors intersection,Normale,Deux véhicules - frontale,3,2,0,0,1,1,1,0,1,50,2,2,1,0,0,1,29.0,30.0,voiture,deux_roues,1,2,1,1,1
202400041880,2024-08-25 07:40:00,2024,8,25,7,40,83,83107,D559,43.360545,6.71674,Plein jour,En agglomération,Intersection en X,Normale,Deux véhicules - arrière,3,2,2,0,1,3,1,0,1,50,2,2,1,0,1,0,26.0,43.0,utilitaire_camion,deux_roues,1,2,2,1,2
202400041880,2024-08-25 07:40:00,2024,8,25,7,40,83,83107,D559,43.360545,6.71674,Plein jour,En agglomération,Intersection en X,Normale,Deux véhicules - arrière,3,2, -1,-1,1,1,1,0,1,-1,2,2,1,0,1,0,26.0,43.0,utilitaire_camion,deux_roues,1,2,2,1,2
202400041881,2024-06-16 20:15:00,2024,6,16,20,15,77,77053,RN104,48.684965,2.598546,Plein jour,Hors agglomération,Hors intersection,Pluie légère,Autre collision,2,3,2,0,1,3,2,0,1,90,1,1,0,0,0,1,52.0,,voiture,,1,1,1,2,6
202400041882,2024-08-25 13:15:00,2024,8,25,13,15,05,05065,route du Guil,44.677991,6.694794,Plein jour,Hors agglomération,Hors intersection,Normale,Autre collision,3,2,2,0,1,2,1,0,3,90,1,1,0,0,1,0,42.0,,deux_roues,,1,1,1,1,6
202400041883,2024-06-15 05:30:00,2024,6,15,5,30,77,77053,RN104,48.682027,2.602894,Crépuscule ou aube,Hors agglomération,Hors intersection,Normale,Sans collision,2,3,4,0,1,1,1,0,1,90,1,2,0,0,1,1,24.0,,voiture,,2,1,1,1,7
202400041884,2024-07-17 07:00:00,2024,7,17,7,0,93,93051,Avenue Emile Cossonneau,48.8494,2.56271,Plein jour,En agglomération,Hors intersection,Normale,Deux véhicules - côté,3,3,4,0,1,1,1,0,1,50,2,2,1,0,0,1,36.0,40.0,deux_roues,voiture,1,2,1,1,3
202400041885,2024-06-14 13:40:00,2024,6,14,13,40,976,97611,mamoudzou centre-RP Passot quai colas (R,-12.7786,45.2319,Plein jour,En agglomération,Autre intersection,Normale,Deux véhicules - côté,2,2,0,0,1,1,1,0,1,50,2,2,0,0,0,2,37.0,79.0,deux_roues,deux_roues,1,2,9,1,3
202400041886,2024-08-25 04:15:00,2024,8,25,4,15,67,67261,2 Route de Mothern,48.959458,8.18261,Nuit sans éclairage public,Hors agglomération,Hors intersection,Pluie forte,Sans collision,3,2,2,0,1,2,2,0,1,80,1,1,0,1,0,0,31.0,,voiture,,3,1,1,3,7
202400041887,2024-06-11 19:05:00,2024,6,11,19,5,92,92040,GALLIENI (BOULEVARD),48.83439306,2.26696908,Plein jour,En agglomération,Hors intersection,Normale,Deux véhicules - arrière,3,1,1,0,1,1,1,0,1,30,2,2,1,0,0,1,47.0,41.0,deux_roues,voiture,1,2,1,1,2
202400041888,2024-07-17 15:35:00,2024,7,17,15,35,93,93050,Rue Paul et Camille Thomoux / Avenue du General de Gaulle,48.85715,2.53135,Plein jour,En agglomération,Intersection en X,Normale,Deux véhicules - côté,3,3,4,0,1,1,1,5,1,50,2,3,1,0,2,0,37.0,24.0,voiture,deux_roues,1,2,2,1,3
202400041888,2024-07-17 15:35:00,2024,7,17,15,35,93,93050,Rue Paul et Camille Thomoux / Avenue du General de Gaulle,48.85715,2.53135,Plein jour,En agglomération,Intersection en X,Normale,Deux véhicules - côté,3,3,4,0,1,1,1,5,1,50,2,3,1,0,2,0,37.0,24.0,voiture,deux_roues,1,2,2,1,3
202400041889,2024-08-25 10:59:00,2024,8,25,10,59,73,73306,D902 Route du Télégraphe,45.19455578,6.45557776,Plein jour,Hors agglomération,Hors intersection,Normale,Autre collision,3,2,2,0,2,2,1,0,1,80,2,2,1,0,1,0,67.0,35.0,voiture,deux_roues,1,1,1,1,6
202400041890,2024-06-05 17:20:00,2024,6,5,17,20,15,15014,VC Déviation Aurillac,44.89406,2.4408,Plein jour,Hors agglomération,Hors intersection,Normale,Deux véhicules - arrière,4,2,2,0,1,1,1,0,1,80,2,3,2,0,0,1,41.0,20.0,voiture,voiture,1,1,1,1,2
202400041891,2024-08-23 20:15:00,2024,8,23,20,15,38,38515,Route de Bourgoin,45.676479,5.316449,Crépuscule ou aube,En agglomération,Hors intersection,Normale,Sans collision,3,2,2,0,1,1,1,0,8,80,1,1,0,0,1,0,38.0,,voiture,,2,2,1,1,7
202400041892,2024-06-04 09:40:00,2024,6,4,9,40,44,44162,Rue de la Maison Neuve,47.2318852,-1.64607346,Plein jour,En agglomération,Hors intersection,Normale,Deux véhicules - arrière,4,2,2,0,1,1,1,0,1,50,2,2,0,0,0,2,45.0,23.0,voiture,utilitaire_camion,1,2,1,1,2
202400041893,2024-07-06 19:00:00,2024,7,6,19,0,93,93047,GENERAL LECLERC  (RUE DU),48.89842,2.57484,Plein jour,En agglomération,Intersection en X,Pluie légère,Deux véhicules - frontale,4,2,2,0,1,1,2,0,1,-1,2,4,0,0,0,4,52.0,30.0,utilitaire_camion,voiture,1,2,2,2,1
202400041893,2024-07-06 19:00:00,2024,7,6,19,0,93,93047,GENERAL LECLERC  (RUE DU),48.89842,2.57484,Plein jour,En agglomération,Intersection en X,Pluie légère,Deux véhicules - frontale,4,2,2,0,2,4,2,0,2,50,2,4,0,0,0,4,52.0,30.0,utilitaire_camion,voiture,1,2,2,2,1
202400041894,2024-08-24 19:50:00,2024,8,24,19,50,69,69121,Route de la Tour de Salvagny,45.841866,4.689295,Plein jour,Hors agglomération,Hors intersection,Normale,Autre collision,3,2,2,0,2,2,1,0,1,80,1,1,0,0,1,0,29.0,,deux_roues,,1,1,1,1,6
202400041895,2024-02-22 18:30:00,2024,2,22,18,30,84,84129,Boulevard Salvador Allende,44.00323372,4.87968385,Nuit sans éclairage public,En agglomération,Hors intersection,Pluie légère,Autre collision,4,2,2,2,1,1,2,0,1,50,1,2,1,0,1,0,25.0,,voiture,,3,2,1,2,6
202400041896,2024-08-25 04:35:00,2024,8,25,4,35,81,81151,AL GRAND,43.614702,1.916503,Nuit sans éclairage public,Hors agglomération,Hors intersection,Normale,Autre collision,4,2,2,0,1,1,2,0,3,80,1,2,1,0,1,0,19.0,,voiture,,3,1,1,1,6
202400041897,2024-07-17 02:15:00,2024,7,17,2,15,93,93029,Avenue Jean Jaures / Avenue Garibaldi,48.92069,2.44967,Nuit avec éclairage allumé,En agglomération,Intersection en T,Normale,Deux véhicules - côté,3,1,1,0,1,1,1,0,1,-1,2,2,1,0,0,1,36.0,20.0,deux_roues,voiture,5,2,3,1,3
202400041897,2024-07-17 02:15:00,2024,7,17,2,15,93,93029,Avenue Jean Jaures / Avenue Garibaldi,48.92069,2.44967,Nuit avec éclairage allumé,En agglomération,Intersection en T,Normale,Deux véhicules - côté,3,2,2,0,1,1,1,0,1,50,2,2,1,0,0,1,36.0,20.0,deux_roues,voiture,5,2,3,1,3
202400041898,2024-08-24 20:30:00,2024,8,24,20,30,56,56241,Borderune,47.354165,-3.243751,Plein jour,Hors agglomération,Hors intersection,Normale,Sans collision,4,2,2,0,1,1,1,0,3,80,1,1,0,0,1,0,54.0,,voiture,,1,1,1,1,7
202400041899,2024-02-17 16:55:00,2024,2,17,16,55,84,84132,Chemin des Estourans,43.929287,4.998962,Plein jour,En agglomération,Intersection en T,Normale,Deux véhicules - côté,4,2,2,0,1,1,1,0,1,50,2,2,1,0,1,0,55.0,58.0,deux_roues,voiture,1,2,3,1,3
202400041899,2024-02-17 16:55:00,2024,2,17,16,55,84,84132,Chemin des Estourans,43.929287,4.998962,Plein jour,En agglomération,Intersection en T,Normale,Deux véhicules - côté,4,2,2,-1,1,1,1,0,1,-1,2,2,1,0,1,0,55.0,58.0,deux_roues,voiture,1,2,3,1,3
202400041900,2024-07-17 15:15:00,2024,7,17,15,15,93,93001,Rue Danielle Casanova / Rue Charles Tillon,48.9185,2.39315,Plein jour,En agglomération,Intersection à plus de 4 branches,Normale,Deux véhicules - frontale,3,3,2,2,1,1,1,0,1,-1,2,2,1,0,0,1,23.0,22.0,deux_roues,voiture,1,2,5,1,1
202400041900,2024-07-17 15:15:00,2024,7,17,15,15,93,93001,Rue Danielle Casanova / Rue Charles Tillon,48.9185,2.39315,Plein jour,En agglomération,Intersection à plus de 4 branches,Normale,Deux véhicules - frontale,3,2,2,1,1,1,1,0,1,50,2,2,1,0,0,1,23.0,22.0,deux_roues,voiture,1,2,5,1,1
202400041901,2024-08-25 15:50:00,2024,8,25,15,50,29,29104,Kerveleyen,48.266305,-4.338114,Plein jour,Hors agglomération,Intersection en X,Normale,Deux véhicules - côté,4,2,2,0,1,1,1,0,1,80,2,2,1,0,1,0,73.0,73.0,voiture,deux_roues,1,1,2,1,3
202400041901,2024-08-25 15:50:00,2024,8,25,15,50,29,29104,Kerveleyen,48.266305,-4.338114,Plein jour,Hors agglomération,Intersection en X,Normale,Deux véhicules - côté,4,3,2,0,1,1,1,0,1,80,2,2,1,0,1,0,73.0,73.0,voiture,deux_roues,1,1,2,1,3
202400041902,2024-02-03 14:25:00,2024,2,3,14,25,84,84092,Rue Alphonse Daudet,43.953908,4.855978,Plein jour,En agglomération,Intersection à plus de 4 branches,Normale,Deux véhicules - frontale,4,2,2,0,1,1,1,0,1,50,2,3,1,0,0,2,77.0,21.0,voiture,voiture,1,2,5,1,1
202400041902,2024-02-03 14:25:00,2024,2,3,14,25,84,84092,Rue Alphonse Daudet,43.953908,4.855978,Plein jour,En agglomération,Intersection à plus de 4 branches,Normale,Deux véhicules - frontale,4,2,2,-1,1,1,1,0,1,-1,2,3,1,0,0,2,77.0,21.0,voiture,voiture,1,2,5,1,1
202400041903,2024-08-25 00:30:00,2024,8,25,0,30,60,60341,N2,49.086133,2.731797,Nuit sans éclairage public,Hors agglomération,Hors intersection,Normale,Deux véhicules - arrière,2,3,2,0,1,1,1,0,1,110,2,2,1,0,1,0,19.0,51.0,voiture,deux_roues,3,1,1,1,2
202400041904,2024-07-16 08:10:00,2024,7,16,8,10,93,93027,Rue Wangari Muta Maathi / Rue de Saint-Denis,48.93173,2.37765,Plein jour,En agglomération,Intersection en T,Normale,Deux véhicules - côté,3,3,2,2,1,1,1,0,5,20,2,2,1,0,0,1,60.0,28.0,voiture,deux_roues,1,2,3,1,3
202400041904,2024-07-16 08:10:00,2024,7,16,8,10,93,93027,Rue Wangari Muta Maathi / Rue de Saint-Denis,48.93173,2.37765,Plein jour,En agglomération,Intersection en T,Normale,Deux véhicules - côté,3,2,2,0,1,1,1,0,5,20,2,2,1,0,0,1,60.0,28.0,voiture,deux_roues,1,2,3,1,3
202400041905,2024-06-15 20:13:00,2024,6,15,20,13,973,97302,BADUEL (ROUTE DE),4.93687,-52.31486,Nuit avec éclairage allumé,En agglomération,Hors intersection,Normale,Deux véhicules - côté,3,2,2,0,1,1,1,0,1,50,2,2,1,0,0,1,34.0,58.0,deux_roues,voiture,5,2,1,1,3
202400041906,2024-07-17 09:30:00,2024,7,17,9,30,92,92075,LYCEE (BOULEVARD DU),48.82375056,2.28317399,Plein jour,En agglomération,Hors intersection,Normale,Autre collision,3,2,2,0,1,1,1,0,1,50,1,2,1,0,0,1,27.0,,deux_roues,,1,2,1,1,6
202400041907,2024-08-25 15:25:00,2024,8,25,15,25,59,59011,Rue Roger Salengro,50.531472,2.941697,Plein jour,En agglomération,Hors intersection,Normale,Deux véhicules - côté,7,2,2,1,1,1,1,0,1,50,2,2,1,0,1,0,90.0,33.0,voiture,deux_roues,1,2,1,1,3
202400041908,2024-06-15 18:18:00,2024,6,15,18,18,973,97302,CABASSOU (ROUTE DE),4.91747362,-52.31282938,Nuit avec éclairage allumé,En agglomération,Intersection en T,Normale,Deux véhicules - côté,3,2,2,0,1,1,1,0,1,50,2,2,1,0,0,1,24.0,71.0,deux_roues,voiture,5,2,3,1,3
202400041908,2024-06-15 18:18:00,2024,6,15,18,18,973,97302,CABASSOU (ROUTE DE),4.91747362,-52.31282938,Nuit avec éclairage allumé,En agglomération,Intersection en T,Normale,Deux véhicules - côté,3,2,2,0,1,1,1,0,1,50,2,2,1,0,0,1,24.0,71.0,deux_roues,voiture,5,2,3,1,3
202400041909,2024-07-16 15:15:00,2024,7,16,15,15,92,92064,BEARN,48.84755325,2.22130072,Plein jour,En agglomération,Hors intersection,Normale,Autre collision,4,1,1,0,1,4,1,0,1,30,1,1,0,0,0,1,53.0,,voiture,,1,2,1,1,6
202400041910,2024-06-15 08:05:00,2024,6,15,8,5,972,97209,CHATEAUBOEUF (ROUTE DE),14.61409,-61.05129,Plein jour,Hors agglomération,Autre intersection,Normale,Autre collision,9,-1,0,0,1,1,1,9,8,10,1,2,1,0,1,0,69.0,,voiture,,1,1,9,1,6
202400041911,2024-08-23 21:58:00,2024,8,23,21,58,13,13202,TVPCD-Sens Les Ports vers Saint Victor,43.29765025,5.36426926,Nuit avec éclairage allumé,Hors agglomération,Hors intersection,Normale,Deux véhicules - arrière,1,1,2,0,1,1,1,1,1,50,2,5,4,0,1,0,23.0,44.0,voiture,deux_roues,5,1,1,1,2
202400041912,2024-06-14 17:10:00,2024,6,14,17,10,972,97209,ARAWAKS (AVENUE DES),14.61793,-61.04219,Plein jour,En agglomération,Hors intersection,Normale,Sans collision,4,2,2,0,2,1,1,0,1,30,1,3,1,0,0,2,49.0,,deux_roues,,1,2,1,1,7
202400041913,2024-07-17 07:23:00,2024,7,17,7,23,92,92063,CASANOVA (RUE DANIELLE),48.87661611,2.17667565,Plein jour,En agglomération,Hors intersection,Normale,Autre collision,4,1,1,0,1,1,1,0,4,50,1,3,0,0,0,3,25.0,,voiture,,1,2,1,1,6
202400041914,2024-06-15 23:15:00,2024,6,15,23,15,69,69142,27 Quai Pierre Sémard,45.71956,4.81821,Nuit sans éclairage public,En agglomération,Hors intersection,Autre,Autre collision,7,2,2,1,1,1,1,0,1,50,1,2,1,0,1,0,18.0,,voiture,,3,2,1,9,6
202400041915,2024-08-22 22:27:00,2024,8,22,22,27,13,13214,A7-Sens Lyon vers Marseille,43.33424,5.37717,Nuit sans éclairage public,Hors agglomération,Hors intersection,Normale,Deux véhicules - arrière,1,1,3,0,1,1,1,0,1,70,2,2,1,0,0,1,36.0,34.0,voiture,deux_roues,3,1,1,1,2
202400041916,2024-07-17 00:45:00,2024,7,17,0,45,92,92062,BELLINI (RUE),48.88614228,2.25033157,Nuit avec éclairage allumé,En agglomération,Hors intersection,Normale,Deux véhicules - arrière,4,1,3,1,1,1,1,0,1,30,2,2,1,0,0,1,57.0,51.0,utilitaire_camion,voiture,5,2,1,1,2
202400041917,2024-08-23 14:20:00,2024,8,23,14,20,67,67447,M35,48.60544,7.72813,Plein jour,Hors agglomération,Hors intersection,Normale,Deux véhicules - côté,7,-1,3,0,1,3,1,0,1,70,2,2,1,0,0,1,46.0,,deux_roues,voiture,1,1,1,1,3
202400041918,2024-07-17 17:22:00,2024,7,17,17,22,92,92051,"CHARLES DE GAULLE (AVENUE, N°27 A 129)",48.88036162,2.27346003,Plein jour,En agglomération,Hors intersection,Normale,Autre collision,4,2,2,1,1,2,1,0,5,30,1,2,1,0,0,1,46.0,,deux_roues,,1,2,1,1,6