accident_id,datetime,annee,mois,jour,heure,minute,departement,commune_insee,adresse,latitude,longitude,luminosite,agglomeration,intersection,meteo,collision,catr,circ,nbv,vosp,prof,plan,surf,infra,situ,vma,nb_vehicules,nb_usagers,nb_indemnes,nb_tues,nb_blesses_hosp,nb_blesses_legers,age_cond_1,age_cond_2,veh_type_cond_1,veh_type_cond_2,lum_code,agg_code,int_code,atm_code,col_code
202400041987,2024-09-28 07:20:00,2024,9,28,7,20,13,13203,PLOMBIERES (BOULEVARD DES),43.32071,5.37882,Crépuscule ou aube,En agglomération,Intersection en T,Normale,Deux véhicules - côté,4,2,2,0,1,1,1,0,1,50,2,2,1,0,0,1,,25.0,voiture,voiture,2,2,3,1,3
202400041988,2024-06-15 08:20:00,2024,6,15,8,20,59,59344,MARCEL RINGEVAL (RUE),50.18323,3.83547,Plein jour,En agglomération,Hors intersection,Normale,Deux véhicules - frontale,3,2,2,0,1,1,1,0,1,50,2,3,0,0,2,1,23.0,57.0,utilitaire_camion,voiture,1,2,1,1,1
202400041989,2024-07-17 18:05:00,2024,7,17,18,5,76,76735,D925,49.864,0.771757,Plein jour,Hors agglomération,Intersection en X,Normale,Deux véhicules - frontale,3,2,2,0,1,1,1,0,1,80,2,3,1,2,0,0,34.0,70.0,voiture,voiture,1,1,2,1,1
202400041989,2024-07-17 18:05:00,2024,7,17,18,5,76,76735,D925,49.864,0.771757,Plein jour,Hors agglomération,Intersection en X,Normale,Deux véhicules - frontale,3,2, -1,-1,1,1,1,0,1,-1,2,3,1,2,0,0,34.0,70.0,voiture,voiture,1,1,2,1,1
202400041990,2024-08-23 10:40:00,2024,8,23,10,40,91,91228,RUE PAUL SABATIER,48.625,2.43213,Plein jour,En agglomération,Intersection en T,Normale,Deux véhicules - côté,3,3,4,0,1,1,1,0,1,50,2,2,1,0,0,1,30.0,53.0,deux_roues,voiture,1,2,3,1,3
202400041990,2024-08-23 10:40:00,2024,8,23,10,40,91,91228,RUE PAUL SABATIER,48.625,2.43213,Plein jour,En agglomération,Intersection en T,Normale,Deux véhicules - côté,3,2,2,0,1,1,1,0,1,30,2,2,1,0,0,1,30.0,53.0,deux_roues,voiture,1,2,3,1,3
202400041991,2024-06-15 01:00:00,2024,6,15,1,0,59,59350,Avenue Denis Cordonnier,50.6239,3.0805,Nuit avec éclairage allumé,En agglomération,Giratoire,Pluie légère,Deux véhicules - côté,7,2,0,2,1,2,2,0,1,50,2,3,2,0,1,0,31.0,36.0,deux_roues,voiture,5,2,6,2,3
202400041992,2024-07-18 09:58:00,2024,7,18,9,58,82,82087,Route de Moissac,44.134005,1.190869,Plein jour,Hors agglomération,Hors intersection,Normale,Deux véhicules - frontale,3,2,2,0,1,1,1,0,1,80,2,2,0,0,2,0,78.0,53.0,voiture,voiture,1,1,1,1,1
202400041993,2024-09-27 23:35:00,2024,9,27,23,35,13,13005,AVELANEDE (CHEMIN DE L'),43.29755,5.59061,Nuit avec éclairage non allumé,En agglomération,Hors intersection,Normale,Deux véhicules - frontale,3,3,0,0,1,1,1,0,1,50,2,3,2,0,0,1,25.0,46.0,voiture,deux_roues,4,2,1,1,1
202400041994,2024-06-14 17:25:00,2024,6,14,17,25,59,59009,FLANDRE AVENUEE DE,50.66318,3.13899,Plein jour,En agglomération,Passage à niveau,Normale,Deux véhicules - frontale,7,2,2,0,1,1,1,9,1,50,2,2,1,0,0,1,66.0,32.0,voiture,deux_roues,1,2,8,1,1
202400041995,2024-08-20 11:00:00,2024,8,20,11,0,89,89024,VAUX (ROUTE DE),47.78677,3.58751,Plein jour,En agglomération,Hors intersection,Normale,Autre collision,6,-1,0,0,1,1,1,9,8,50,1,3,1,0,0,2,28.0,,utilitaire_camion,,1,2,1,1,6
202400041996,2024-06-15 14:35:00,2024,6,15,14,35,59,59350,Rue Faidherbe,50.63395,3.11433,Plein jour,En agglomération,Hors intersection,Normale,Autre collision,4,1,2,0,1,1,1,0,8,50,1,2,1,0,0,1,52.0,,voiture,,1,2,1,1,6
202400041997,2024-08-23 11:16:00,2024,8,23,11,16,87,87085,BEAUBREUIL (PLACE DE),45.8798,1.29284,Plein jour,En agglomération,Hors intersection,Normale,Autre collision,6,-1, -1,0,1,1,1,0,1,10,1,2,1,0,0,1,59.0,,voiture,,1,2,1,1,6
202400041998,2024-06-15 08:45:00,2024,6,15,8,45,54,54483,Avenue Jolain,48.62832,6.29671,Plein jour,En agglomération,Hors intersection,Normale,Autre collision,3,2,2,0,2,1,1,0,1,50,1,1,0,0,0,1,71.0,,voiture,,1,2,1,1,6
202400041999,2024-08-18 14:02:00,2024,8,18,14,2,87,87085,APPERT (RUE NICOLAS),45.88329,1.28414,Plein jour,En agglomération,Hors intersection,Normale,Sans collision,4,2,2,0,1,1,1,0,5,50,1,1,0,0,0,1,19.0,,deux_roues,,1,2,1,1,7
202400042000,2024-06-15 12:25:00,2024,6,15,12,25,47,47001,BRU (AVENUE DU DOCTEUR JEAN),44.19393,0.62826,Plein jour,En agglomération,Hors intersection,Normale,Autre collision,4,2,2,1,1,1,1,0,1,50,1,2,1,0,0,1,56.0,,voiture,,1,2,1,1,6
202400042001,2024-08-23 11:45:00,2024,8,23,11,45,83,83090,BRIAND (AVE ARISTIDE),43.11868,5.88487,Plein jour,En agglomération,Hors intersection,Normale,Deux véhicules - arrière,3,-1,2,0,1,1,1,9,1,50,2,3,2,0,0,1,35.0,55.0,voiture,voiture,1,2,1,1,2
202400042002,2024-06-14 23:45:00,2024,6,14,23,45,47,47001,PONT DE PIERRE,44.19498887,0.61085272,Nuit avec éclairage allumé,En agglomération,Hors intersection,Pluie légère,Deux véhicules - arrière,3,2,6,3,1,1,2,2,1,50,2,2,1,0,1,0,73.0,36.0,voiture,deux_roues,5,2,1,2,2
202400042003,2024-09-28 14:18:00,2024,9,28,14,18,10,10387,GEORGES POMPIDOU (RUE),48.2914,4.088,Plein jour,En agglomération,Giratoire,Normale,Deux véhicules - arrière,4,1,2,0,1,1,1,0,1,50,2,2,1,0,0,1,48.0,81.0,voiture,deux_roues,1,2,6,1,2
202400042003,2024-09-28 14:18:00,2024,9,28,14,18,10,10387,GEORGES POMPIDOU (RUE),48.2914,4.088,Plein jour,En agglomération,Giratoire,Normale,Deux véhicules - arrière,4,1,3,2,1,2,1,0,1,50,2,2,1,0,0,1,48.0,81.0,voiture,deux_roues,1,2,6,1,2
202400042004,2024-09-28 01:58:00,2024,9,28,1,58,10,10387,Rue William et Catherine Booth,48.30992,4.08538,Nuit avec éclairage allumé,En agglomération,Hors intersection,Pluie légère,Autre collision,4,2,2,0,1,1,2,0,1,50,1,1,0,0,0,1,46.0,,voiture,,5,2,1,2,6
202400042005,2024-09-28 11:30:00,2024,9,28,11,30,06,06027,32 Avenue Cyrille Besset,43.66269,7.15491,Plein jour,En agglomération,Hors intersection,Normale,Autre collision,7,2,2,0,1,1,1,6,1,50,1,2,1,0,0,1,59.0,,voiture,,1,2,1,1,6
202400042006,2024-06-15 18:00:00,2024,6,15,18,0,45,45338,7 Rue Jean Mermoz,47.98067,2.72535,Plein jour,En agglomération,Hors intersection,Normale,Trois véhicules et plus - en chaîne,4,2,2,0,1,1,1,0,1,50,4,12,5,0,0,7,32.0,58.0,voiture,voiture,1,2,1,1,4
202400042007,2024-08-20 17:35:00,2024,8,20,17,35,83,83069,MILLET (AVENUE ERNEST),43.11760575,6.12780797,Plein jour,En agglomération,Intersection en X,Temps éblouissant,Deux véhicules - côté,4,1,1,0,1,1,1,0,1,50,2,2,1,0,1,0,78.0,70.0,utilitaire_camion,deux_roues,1,2,2,7,3
202400042007,2024-08-20 17:35:00,2024,8,20,17,35,83,83069,MILLET (AVENUE ERNEST),43.11760575,6.12780797,Plein jour,En agglomération,Intersection en X,Temps éblouissant,Deux véhicules - côté,4,2,1,0,1,1,1,0,1,50,2,2,1,0,1,0,78.0,70.0,utilitaire_camion,deux_roues,1,2,2,7,3
202400042008,2024-08-20 14:53:00,2024,8,20,14,53,83,83069,AEROPORT (AVENUE DE L'),43.10123,6.13095,Plein jour,En agglomération,Hors intersection,Normale,Deux véhicules - côté,3,2,2,0,1,1,1,0,1,50,2,2,1,0,1,0,45.0,66.0,voiture,deux_roues,1,2,1,1,3
202400042009,2024-06-15 11:10:00,2024,6,15,11,10,45,45068,1 Rue Charles Péguy,48.014551,2.736673,Plein jour,En agglomération,Intersection en X,Normale,Deux véhicules - côté,4,-1,2,0,1,1,1,0,1,50,2,3,2,0,0,1,19.0,48.0,voiture,voiture,1,2,2,1,3
202400042009,2024-06-15 11:10:00,2024,6,15,11,10,45,45068,1 Rue Charles Péguy,48.014551,2.736673,Plein jour,En agglomération,Intersection en X,Normale,Deux véhicules - côté,4,-1,2,0,1,1,1,0,1,50,2,3,2,0,0,1,19.0,48.0,voiture,voiture,1,2,2,1,3
202400042010,2024-09-27 08:10:00,2024,9,27,8,10,05,05061,Avenue Bernard Givaudan,44.54016,6.06401,Crépuscule ou aube,En agglomération,Intersection en T,Temps couvert,Deux véhicules - côté,3,2,3,0,1,1,2,0,5,50,2,2,1,0,0,1,31.0,36.0,deux_roues,utilitaire_camion,2,2,3,8,3
202400042010,2024-09-27 08:10:00,2024,9,27,8,10,05,05061,Avenue Bernard Givaudan,44.54016,6.06401,Crépuscule ou aube,En agglomération,Intersection en T,Temps couvert,Deux véhicules - côté,3,2,1,0,1,1,2,0,1,20,2,2,1,0,0,1,31.0,36.0,deux_roues,utilitaire_camion,2,2,3,8,3
202400042011,2024-08-23 18:40:00,2024,8,23,18,40,78,78481,JEAN JAURES (AVENUE),48.89791,2.11179,Plein jour,En agglomération,Hors intersection,Normale,Trois véhicules et plus - en chaîne,3,-1,2,0,1,1,1,0,1,50,3,4,2,0,0,2,48.0,30.0,voiture,voiture,1,2,1,1,4
202400042012,2024-06-15 19:40:00,2024,6,15,19,40,44,44109,299 Route de Sainte Luce,47.24406,-1.5048,Plein jour,En agglomération,Giratoire,Temps couvert,Deux véhicules - côté,4,2,2,0,1,1,1,5,1,50,2,3,2,0,0,1,,43.0,voiture,voiture,1,2,6,8,3
202400042012,2024-06-15 19:40:00,2024,6,15,19,40,44,44109,299 Route de Sainte Luce,47.24406,-1.5048,Plein jour,En agglomération,Giratoire,Temps couvert,Deux véhicules - côté,4,2,2,0,4,1,1,5,1,50,2,3,2,0,0,1,,43.0,voiture,voiture,1,2,6,8,3
202400042013,2024-08-23 21:20:00,2024,8,23,21,20,77,77350,AV DU GENERAL LECLERC,48.775345,2.677827,Nuit avec éclairage allumé,En agglomération,Hors intersection,Normale,Autre collision,3,2,2,0,1,1,1,0,1,50,1,3,1,0,0,2,52.0,,voiture,,5,2,1,1,6
202400042014,2024-09-27 16:50:00,2024,9,27,16,50,03,03098,Rue de Stalingrad,46.36407,2.62082,Plein jour,En agglomération,Hors intersection,Temps couvert,Autre collision,3,2,0,0,3,1,1,0,1,50,1,2,1,0,1,0,20.0,,utilitaire_camion,,1,2,1,8,6
202400042015,2024-06-15 22:55:00,2024,6,15,22,55,44,44109,Rue Paul Bellamy,47.221152,-1.5555481,Nuit avec éclairage allumé,En agglomération,Giratoire,Normale,Deux véhicules - côté,4,2,4,3,1,1,2,-1,1,30,2,2,1,0,0,1,34.0,36.0,voiture,deux_roues,5,2,6,1,3
202400042015,2024-06-15 22:55:00,2024,6,15,22,55,44,44109,Rue Paul Bellamy,47.221152,-1.5555481,Nuit avec éclairage allumé,En agglomération,Giratoire,Normale,Deux véhicules - côté,4,2,2,2,1,1,2,-1,1,30,2,2,1,0,0,1,34.0,36.0,voiture,deux_roues,5,2,6,1,3
202400042016,2024-08-23 18:30:00,2024,8,23,18,30,77,77058,MARIE CURIE  (AVENUE),48.836129,2.730673,Plein jour,En agglomération,Hors intersection,Normale,Deux véhicules - arrière,3,2,2,0,1,1,1,0,1,50,2,2,0,0,0,2,47.0,35.0,voiture,transport_commun,1,2,1,1,2
202400042017,2024-06-14 02:25:00,2024,6,14,2,25,42,42305,Rue Jean Perrin,45.46702,4.42299,Nuit sans éclairage public,En agglomération,Hors intersection,Normale,Deux véhicules - côté,4,2,2,0,1,1,1,0,1,50,2,3,2,0,1,0,21.0,26.0,voiture,utilitaire_camion,3,2,1,1,3
202400042018,2024-08-22 07:55:00,2024,8,22,7,55,71,71486,MAX DORMOY (AVENUE),46.64401,4.32996,Plein jour,En agglomération,Intersection en X,Temps éblouissant,Deux véhicules - frontale,4,2,3,0,1,1,1,5,1,50,2,2,1,0,1,0,41.0,79.0,deux_roues,utilitaire_camion,1,2,2,7,1
202400042018,2024-08-22 07:55:00,2024,8,22,7,55,71,71486,MAX DORMOY (AVENUE),46.64401,4.32996,Plein jour,En agglomération,Intersection en X,Temps éblouissant,Deux véhicules - frontale,4,3,3,-1,2,2,1,5,1,-1,2,2,1,0,1,0,41.0,79.0,deux_roues,utilitaire_camion,1,2,2,7,1
202400042019,2024-09-24 14:55:00,2024,9,24,14,55,02,02659,,49.8501,3.32857,Plein jour,Hors agglomération,Hors intersection,Pluie légère,Trois véhicules et plus - collisions multiples,3,4,2,0,3,4,2,0,1,70,3,3,2,0,1,0,47.0,44.0,utilitaire_camion,voiture,1,1,1,2,5
202400042020,2024-06-15 19:10:00,2024,6,15,19,10,35,35238,ROCADE 14-15,48.14189,-1.64413,Plein jour,Hors agglomération,Hors intersection,Normale,Autre collision,2,3,4,0,1,1,1,0,3,90,1,4,0,0,0,4,22.0,,voiture,,1,1,1,1,6
202400042021,2024-08-23 17:20:00,2024,8,23,17,20,69,69275,Avenue Jean Jaurès,45.77086419,4.95976421,Plein jour,En agglomération,Hors intersection,Normale,Autre collision,7,2,2,0,2,1,1,0,1,30,1,5,4,0,0,1,52.0,,voiture,,1,2,1,1,6
202400042022,2024-06-15 12:30:00,2024,6,15,12,30,35,35238,SAINT-HELIER,48.10697508,-1.67077214,Plein jour,En agglomération,Intersection en X,Normale,Deux véhicules - arrière,4,2,2,0,1,1,1,0,1,30,2,2,1,0,0,1,50.0,33.0,deux_roues,voiture,1,2,2,1,2
202400042022,2024-06-15 12:30:00,2024,6,15,12,30,35,35238,SAINT-HELIER,48.10697508,-1.67077214,Plein jour,En agglomération,Intersection en X,Normale,Deux véhicules - arrière,4,2,2,2,1,1,1,0,1,30,2,2,1,0,0,1,50.0,33.0,deux_roues,voiture,1,2,2,1,2
202400042023,2024-09-27 21:15:00,2024,9,27,21,15,75,75120,BD PERIPHERIQUE INTERIEUR  ,48.855447,2.413826,Nuit avec éclairage allumé,En agglomération,Hors intersection,Pluie légère,Trois véhicules et plus - collisions multiples,4,1,4,0,1,1,2,0,1,70,3,3,1,0,0,2,43.0,49.0,voiture,deux_roues,5,2,1,2,5
202400042024,2024-06-15 03:45:00,2024,6,15,3,45,35,35238,ROOSEVELT (BD FRANKLIN),48.09811472,-1.6555506,Nuit avec éclairage allumé,En agglomération,Intersection en X,Normale,Deux véhicules - frontale,4,2,3,2,1,1,1,5,4,30,2,5,4,0,0,1,20.0,,voiture,voiture,5,2,2,1,1
202400042024,2024-06-15 03:45:00,2024,6,15,3,45,35,35238,ROOSEVELT (BD FRANKLIN),48.09811472,-1.6555506,Nuit avec éclairage allumé,En agglomération,Intersection en X,Normale,Deux véhicules - frontale,4,2,2,2,1,1,1,0,4,30,2,5,4,0,0,1,20.0,,voiture,voiture,5,2,2,1,1
202400042025,2024-08-22 09:00:00,2024,8,22,9,0,69,69271,28 Route de Lyon,45.73902816,4.95794207,Plein jour,Hors agglomération,Hors intersection,Normale,Deux véhicules - frontale,4,2,2,0,1,1,1,0,1,50,2,2,1,0,0,1,24.0,34.0,voiture,deux_roues,1,1,1,1,1
202400042026,2024-06-15 18:15:00,2024,6,15,18,15,33,33063,,44.83884009,-0.5992189,Plein jour,En agglomération,Hors intersection,Normale,Deux véhicules - arrière,4,2,4,3,1,1,1,0,6,50,2,2,1,0,0,1,14.0,63.0,deux_roues,transport_commun,1,2,1,1,2
202400042027,2024-09-27 14:02:00,2024,9,27,14,2,75,75117,BOULEVARD GOUVION SAINT CYR,48.882999,2.287579,Plein jour,En agglomération,Intersection en T,Normale,Autre collision,4,3,2,3,1,1,1,0,6,30,1,2,1,0,1,0,51.0,,transport_commun,,1,2,3,1,6
202400042027,2024-09-27 14:02:00,2024,9,27,14,2,75,75117,BOULEVARD GOUVION SAINT CYR,48.882999,2.287579,Plein jour,En agglomération,Intersection en T,Normale,Autre collision,4,1, -1,-1,1,1,1,0,6,30,1,2,1,0,1,0,51.0,,transport_commun,,1,2,3,1,6
202400042028,2024-06-15 02:00:00,2024,6,15,2,0,33,33009,,44.64466,-1.19537,Nuit sans éclairage public,En agglomération,Hors intersection,Normale,Autre collision,4,2,2,1,1,1,1,-1,1,50,1,1,0,0,0,1,64.0,,voiture,,3,2,1,1,6
202400042029,2024-08-23 14:55:00,2024,8,23,14,55,67,67482,MONTAGNE VERTE (RUE DE LA),48.56973,7.73371,Plein jour,En agglomération,Intersection en T,Temps éblouissant,Deux véhicules - côté,7,1,3,0,3,1,1,3,1,50,2,2,1,0,1,0,55.0,51.0,utilitaire_camion,deux_roues,1,2,3,7,3
202400042029,2024-08-23 14:55:00,2024,8,23,14,55,67,67482,MONTAGNE VERTE (RUE DE LA),48.56973,7.73371,Plein jour,En agglomération,Intersection en T,Temps éblouissant,Deux véhicules - côté,7,2,3,0,1,1,1,9,1,50,2,2,1,0,1,0,55.0,51.0,utilitaire_camion,deux_roues,1,2,3,7,3
202400042030,2024-06-15 10:50:00,2024,6,15,10,50,30,30007,TORTUGUE (CHEMIN DE LA),44.1203,4.10929,Plein jour,En agglomération,Hors intersection,Normale,Deux véhicules - côté,4,-1,2,0,1,1,1,0,1,50,2,2,1,0,0,1,83.0,43.0,deux_roues,utilitaire_camion,1,2,1,1,3
202400042031,2024-08-22 14:30:00,2024,8,22,14,30,64,64269,BIGORRE,43.29643,-0.31437,Plein jour,Hors agglomération,Hors intersection,Normale,Deux véhicules - frontale,3,-1,2,0,1,1,1,0,1,70,2,2,0,0,0,2,76.0,21.0,voiture,voiture,1,1,1,1,1
202400042032,2024-09-28 13:43:00,2024,9,28,13,43,75,75119,AVENUE DE LA PORTE DE LA VILLETTE,48.898694,2.386076,Plein jour,En agglomération,Hors intersection,Normale,Deux véhicules - côté,4,1,2,2,1,1,1,0,1,10,2,2,0,0,0,2,52.0,23.0,deux_roues,autre,1,2,1,1,3
202400042033,2024-06-15 14:20:00,2024,6,15,14,20,27,27299,RN 154,49.054519,1.176476,Plein jour,Hors agglomération,Hors intersection,Normale,Deux véhicules - arrière,2,3,4,0,1,1,1,0,1,110,2,2,1,0,0,1,34.0,24.0,voiture,voiture,1,1,1,1,2
202400042034,2024-08-23 12:07:00,2024,8,23,12,7,63,63113,CUGNOT (RUE NICOLAS-JOSEPH),45.78769,3.12537,Plein jour,En agglomération,Hors intersection,Normale,Deux véhicules - côté,4,-1,2,0,1,1,1,0,1,30,2,2,1,0,0,1,20.0,38.0,voiture,deux_roues,1,2,1,1,3
202400042035,2024-06-14 17:51:00,2024,6,14,17,51,27,27229,HARROUARD (RUE D'),49.020532,1.123609,Plein jour,En agglomération,Hors intersection,Pluie forte,Autre collision,4,2,2,0,1,1,2,0,1,50,1,1,0,0,0,1,12.0,,deux_roues,,1,2,1,3,6
202400042036,2024-08-26 10:20:00,2024,8,26,10,20,62,62498,Rue Jean Letienne,50.42861,2.82552,Plein jour,En agglomération,Hors intersection,Normale,Autre collision,4,2,2,0,1,1,1,6,1,50,1,5,2,0,0,3,61.0,,voiture,,1,2,1,1,6
202400042037,2024-06-15 14:20:00,2024,6,15,14,20,26,26008,Route de Rochemaure,44.57783,4.7109,Plein jour,Hors agglomération,Hors intersection,Normale,Deux véhicules - arrière,3,2,2,0,1,1,1,0,1,80,2,2,0,0,0,2,28.0,69.0,voiture,voiture,1,1,1,1,2
202400042038,2024-09-28 14:45:00,2024,9,28,14,45,75,75117,BOULEVARD DE REIMS,48.889061,2.297173,Plein jour,En agglomération,Hors intersection,Normale,Deux véhicules - côté,4,1,1,0,1,1,1,0,1,30,2,3,2,0,0,1,48.0,41.0,voiture,deux_roues,1,2,1,1,3
202400042039,2024-08-23 23:25:00,2024,8,23,23,25,59,59599,Boulevard d'Halluin,50.733447,3.134451,Nuit avec éclairage allumé,En agglomération,Intersection en T,Normale,Deux véhicules - côté,4,2,5,1,1,1,1,0,1,50,2,3,0,0,0,3,32.0,35.0,voiture,voiture,5,2,3,1,3
202400042039,2024-08-23 23:25:00,2024,8,23,23,25,59,59599,Boulevard d'Halluin,50.733447,3.134451,Nuit avec éclairage allumé,En agglomération,Intersection en T,Normale,Deux véhicules - côté,4,1,1,0,1,1,1,0,1,30,2,3,0,0,0,3,32.0,35.0,voiture,voiture,5,2,3,1,3
202400042040,2024-06-14 17:00:00,2024,6,14,17,0,25,25204,R-N 57.,46.92473,6.33819,Plein jour,Hors agglomération,Giratoire,Normale,Trois véhicules et plus - collisions multiples,2,2,1,0,1,1,1,0,1,50,3,5,2,0,0,3,71.0,20.0,voiture,voiture,1,1,6,1,5
202400042040,2024-06-14 17:00:00,2024,6,14,17,0,25,25204,R-N 57.,46.92473,6.33819,Plein jour,Hors agglomération,Giratoire,Normale,Trois véhicules et plus - collisions multiples,2,3,1,0,1,1,1,5,1,50,3,5,2,0,0,3,71.0,20.0,voiture,voiture,1,1,6,1,5
202400042041,2024-09-28 03:40:00,2024,9,28,3,40,75,75117,AVENUE DE CLICHY,48.894432,2.3134,Nuit avec éclairage allumé,En agglomération,Intersection en Y,Normale,Deux véhicules - côté,4,1, -1,0,1,1,1,0,1,15,2,2,1,0,0,1,22.0,29.0,deux_roues,voiture,5,2,4,1,3
202400042041,2024-09-28 03:40:00,2024,9,28,3,40,75,75117,AVENUE DE CLICHY,48.894432,2.3134,Nuit avec éclairage allumé,En agglomération,Intersection en Y,Normale,Deux véhicules - côté,4,1,1,0,1,1,1,0,1,15,2,2,1,0,0,1,22.0,29.0,deux_roues,voiture,5,2,4,1,3
202400042042,2024-06-15 11:20:00,2024,6,15,11,20,14,14271,Route d'Harcourt,49.13288,-0.37749,Plein jour,Hors agglomération,Giratoire,Normale,Deux véhicules - côté,3,1,1,0,1,2,1,5,1,50,2,4,1,1,0,2,49.0,43.0,utilitaire_camion,deux_roues,1,1,6,1,3
202400042042,2024-06-15 11:20:00,2024,6,15,11,20,14,14271,Route d'Harcourt,49.13288,-0.37749,Plein jour,Hors agglomération,Giratoire,Normale,Deux véhicules - côté,3,2,1,1,3,3,1,5,1,80,2,4,1,1,0,2,49.0,43.0,utilitaire_camion,deux_roues,1,1,6,1,3
202400042043,2024-08-23 22:25:00,2024,8,23,22,25,59,59426,VERTUQUET (RUE DU),50.759355,3.15243244,Nuit avec éclairage allumé,En agglomération,Autre intersection,Normale,Deux véhicules - côté,7,2,0,0,2,1,1,0,1,50,2,8,5,0,0,3,27.0,42.0,voiture,voiture,5,2,9,1,3
202400042044,2024-06-15 20:40:00,2024,6,15,20,40,13,13205,JEAN MOULIN (BOULEVARD),43.2832,5.39,Plein jour,En agglomération,Hors intersection,Normale,Deux véhicules - frontale,4,2,4,0,2,3,1,0,1,50,2,2,0,0,0,2,33.0,17.0,deux_roues,deux_roues,1,2,1,1,1
202400042045,2024-08-23 18:57:00,2024,8,23,18,57,59,59367,FRESNOY (RUE DU),50.67403,3.226822,Plein jour,En agglomération,Intersection en X,Pluie légère,Deux véhicules - côté,7,1, -1,-1,1,1,2,0,1,-1,2,2,1,0,0,1,34.0,22.0,voiture,autre,1,2,2,2,3
202400042045,2024-08-23 18:57:00,2024,8,23,18,57,59,59367,FRESNOY (RUE DU),50.67403,3.226822,Plein jour,En agglomération,Intersection en X,Pluie légère,Deux véhicules - côté,7,-1,2,0,1,1,2,0,1,50,2,2,1,0,0,1,34.0,22.0,voiture,autre,1,2,2,2,3
202400042046,2024-09-28 22:15:00,2024,9,28,22,15,75,75113,AVENUE D ITALIE,48.820413,2.359077,Nuit avec éclairage allumé,En agglomération,Intersection en T,Normale,Deux véhicules - côté,4,2,6,1,1,1,1,0,1,30,2,2,1,0,0,1,72.0,20.0,voiture,deux_roues,5,2,3,1,3
202400042046,2024-09-28 22:15:00,2024,9,28,22,15,75,75113,AVENUE D ITALIE,48.820413,2.359077,Nuit avec éclairage allumé,En agglomération,Intersection en T,Normale,Deux véhicules - côté,4,1, -1,-1,1,1,1,0,1,30,2,2,1,0,0,1,72.0,20.0,voiture,deux_roues,5,2,3,1,3
202400042047,2024-06-15 20:55:00,2024,6,15,20,55,13,13206,BAILLE (BOULEVARD),43.28734,5.38902,Plein jour,En agglomération,Intersection en X,Normale,Deux véhicules - côté,4,2,0,3,1,1,1,0,1,50,2,2,0,0,0,2,68.0,38.0,deux_roues,deux_roues,1,2,2,1,3
202400042047,2024-06-15 20:55:00,2024,6,15,20,55,13,13206,BAILLE (BOULEVARD),43.28734,5.38902,Plein jour,En agglomération,Intersection en X,Normale,Deux véhicules - côté,4,2,0,0,1,1,1,0,1,50,2,2,0,0,0,2,68.0,38.0,deux_roues,deux_roues,1,2,2,1,3
202400042048,2024-08-23 07:20:00,2024,8,23,7,20,59,59650,VALLON (RUE),50.70356,3.22681,Plein jour,En agglomération,Hors intersection,Normale,Autre collision,7,2,2,1,1,1,1,0,4,50,1,2,1,0,1,0,,,voiture,,1,2,1,1,6
202400042049,2024-06-15 20:00:00,2024,6,15,20,0,13,13203,PLOMBIERES (BOULEVARD DES),43.3195,5.38406,Plein jour,En agglomération,Autre intersection,Normale,Deux véhicules - côté,4,2,2,0,1,1,1,2,1,50,2,3,2,0,0,1,47.0,20.0,voiture,voiture,1,2,9,1,3
202400042050,2024-09-28 11:00:00,2024,9,28,11,0,75,75109,BOULEVARD HAUSSMANN,48.873801,2.328375,Plein jour,En agglomération,Intersection en X,Normale,Autre collision,4,1,2,3,1,1,1,0,1,50,1,2,1,0,0,1,,,autre,,1,2,2,1,6
202400042050,2024-09-28 11:00:00,2024,9,28,11,0,75,75109,BOULEVARD HAUSSMANN,48.873801,2.328375,Plein jour,En agglomération,Intersection en X,Normale,Autre collision,4,2, -1,-1,1,1,1,0,1,50,1,2,1,0,0,1,,,autre,,1,2,2,1,6
202400042051,2024-08-23 16:35:00,2024,8,23,16,35,57,57631,Rue Allmend,49.11449,7.08669,Plein jour,En agglomération,Hors intersection,Normale,Autre collision,4,2,2,0,1,1,1,0,1,50,1,2,1,0,0,1,57.0,,voiture,,1,2,1,1,6
202400042052,2024-06-14 20:13:00,2024,6,14,20,13,13,13204,SAKAKINI (BOULEVARD),43.2997,5.40097,Plein jour,En agglomération,Passage à niveau,Normale,Deux véhicules - côté,4,3,0,3,1,1,1,4,6,50,2,2,1,0,1,0,21.0,38.0,deux_roues,transport_commun,1,2,8,1,3
202400042052,2024-06-14 20:13:00,2024,6,14,20,13,13,13204,SAKAKINI (BOULEVARD),43.2997,5.40097,Plein jour,En agglomération,Passage à niveau,Normale,Deux véhicules - côté,4,3,0,3,1,1,1,4,6,50,2,2,1,0,1,0,21.0,38.0,deux_roues,transport_commun,1,2,8,1,3
202400042053,2024-08-21 18:57:00,2024,8,21,18,57,56,56098,Rue Jacques Solomon,47.77344,-3.3457,Crépuscule ou aube,En agglomération,Intersection en T,Normale,Deux véhicules - côté,4,2,2,0,1,1,1,0,1,50,2,2,1,0,0,1,72.0,23.0,voiture,deux_roues,2,2,3,1,3
202400042054,2024-06-15 07:30:00,2024,6,15,7,30,06,06088,359 Promenade des Anglais,43.671343,7.22423,Plein jour,En agglomération,Intersection en X,Normale,Deux véhicules - côté,7,3,6,0,1,1,1,0,1,50,2,2,0,0,2,0,54.0,28.0,deux_roues,deux_roues,1,2,2,1,3
202400042054,2024-06-15 07:30:00,2024,6,15,7,30,06,06088,359 Promenade des Anglais,43.671343,7.22423,Plein jour,En agglomération,Intersection en X,Normale,Deux véhicules - côté,7,1,1,0,1,1,1,0,1,50,2,2,0,0,2,0,54.0,28.0,deux_roues,deux_roues,1,2,2,1,3