accident_id,datetime,annee,mois,jour,heure,minute,departement,commune_insee,adresse,latitude,longitude,luminosite,agglomeration,intersection,meteo,collision,catr,circ,nbv,vosp,prof,plan,surf,infra,situ,vma,nb_vehicules,nb_usagers,nb_indemnes,nb_tues,nb_blesses_hosp,nb_blesses_legers,age_cond_1,age_cond_2,veh_type_cond_1,veh_type_cond_2,lum_code,agg_code,int_code,atm_code,col_code
202400042122,2024-06-16 07:30:00,2024,6,16,7,30,60,60402,Rue du Général de Gaulle,49.3595345,2.75348926,Crépuscule ou aube,En agglomération,Passage à niveau,Pluie légère,Sans collision,3,2,2,0,1,1,2,4,4,50,1,1,0,1,0,0,65.0,,deux_roues,,2,2,8,2,7
202400042123,2024-08-24 01:10:00,2024,8,24,1,10,13,13207,Corniche John Fitzgérald Kennedy,43.269,5.36838,Nuit avec éclairage allumé,En agglomération,Hors intersection,Normale,Deux véhicules - frontale,4,2,2,0,2,2,1,0,1,50,2,4,2,0,0,2,25.0,20.0,voiture,voiture,5,2,1,1,1
202400042124,2024-08-23 08:30:00,2024,8,23,8,30,13,13209,Boulevard lei roure,43.26250073,5.40808874,Plein jour,En agglomération,Hors intersection,Normale,Sans collision,4,1,0,0,1,1,1,0,1,30,1,1,0,0,0,1,33.0,,deux_roues,,1,2,1,1,7
202400042125,2024-06-09 01:00:00,2024,6,9,1,0,35,35236,Rue de la Châtaigneraie,47.661215,-2.076395,Nuit avec éclairage allumé,En agglomération,Intersection en T,Normale,Deux véhicules - arrière,3,2,2,2,1,1,1,0,1,50,2,3,2,0,0,1,29.0,23.0,voiture,voiture,5,2,3,1,2
202400042125,2024-06-09 01:00:00,2024,6,9,1,0,35,35236,Rue de la Châtaigneraie,47.661215,-2.076395,Nuit avec éclairage allumé,En agglomération,Intersection en T,Normale,Deux véhicules - arrière,3,2,2,0,1,1,1,0,1,50,2,3,2,0,0,1,29.0,23.0,voiture,voiture,5,2,3,1,2
202400042126,2024-09-26 06:15:00,2024,9,26,6,15,93,93029,HENRI BARBUSSE (AVE) N°126-280,48.92017751,2.45190382,Nuit avec éclairage allumé,En agglomération,Autre intersection,Normale,Autre collision,3,2,2,0,1,1,1,6,1,50,1,2,1,0,0,1,,,utilitaire_camion,,5,2,9,1,6
202400042127,2024-06-16 16:30:00,2024,6,16,16,30,28,28041,A11 PK082+400 - Vers Paris,48.299026,1.288319,Plein jour,Hors agglomération,Hors intersection,Pluie légère,Autre collision,1,3,3,0,1,1,2,0,3,110,1,2,0,0,1,1,74.0,,voiture,,1,1,1,2,6
202400042128,2024-08-22 22:47:00,2024,8,22,22,47,13,13206,LAFON (RUE),43.29119,5.38074,Nuit avec éclairage allumé,En agglomération,Intersection en X,Normale,Deux véhicules - côté,4,1,2,0,1,1,1,0,1,50,2,4,2,0,0,2,17.0,39.0,deux_roues,voiture,5,2,2,1,3
202400042128,2024-08-22 22:47:00,2024,8,22,22,47,13,13206,LAFON (RUE),43.29119,5.38074,Nuit avec éclairage allumé,En agglomération,Intersection en X,Normale,Deux véhicules - côté,4,2,2,3,1,1,1,-1,8,50,2,4,2,0,0,2,17.0,39.0,deux_roues,voiture,5,2,2,1,3
202400042129,2024-09-28 20:00:00,2024,9,28,20,0,93,93014,MONTFERMEIL (ALLEE DE),48.89932,2.53984,Crépuscule ou aube,En agglomération,Hors intersection,Normale,Deux véhicules - côté,3,2,2,0,1,1,1,0,1,50,2,2,1,0,0,1,56.0,26.0,voiture,deux_roues,2,2,1,1,3
202400042130,2024-06-14 20:00:00,2024,6,14,20,0,972,97232,RN 6,14.546377,-60.843511,Nuit sans éclairage public,En agglomération,Autre intersection,Normale,Deux véhicules - côté,2,2,1,0,1,1,1,0,1,50,2,2,1,0,1,0,21.0,38.0,deux_roues,voiture,3,2,9,1,3
202400042131,2024-08-21 12:10:00,2024,8,21,12,10,11,11069,,43.225757,2.330314,Plein jour,En agglomération,Hors intersection,Normale,Deux véhicules - arrière,3,1,2,0,1,1,1,0,1,50,2,3,2,0,0,1,37.0,76.0,utilitaire_camion,voiture,1,2,1,1,2
202400042132,2024-06-16 11:35:00,2024,6,16,11,35,83,83036,Avenue de Saint-raphaël,43.183866,6.542305,Plein jour,Hors agglomération,Intersection en T,Normale,Deux véhicules - côté,3,2,2,0,1,1,1,0,1,50,2,2,1,0,1,0,46.0,87.0,deux_roues,voiture,1,1,3,1,3
202400042132,2024-06-16 11:35:00,2024,6,16,11,35,83,83036,Avenue de Saint-raphaël,43.183866,6.542305,Plein jour,Hors agglomération,Intersection en T,Normale,Deux véhicules - côté,3,2, -1,-1,1,1,1,0,1,-1,2,2,1,0,1,0,46.0,87.0,deux_roues,voiture,1,1,3,1,3
202400042133,2024-08-24 00:25:00,2024,8,24,0,25,06,06069,88 Route de Draguignan,43.64328,6.90485,Nuit avec éclairage allumé,Hors agglomération,Hors intersection,Normale,Deux véhicules - frontale,3,2,2,0,1,3,1,0,3,50,2,2,1,0,0,1,40.0,41.0,deux_roues,voiture,5,1,1,1,1
202400042134,2024-09-27 16:06:00,2024,9,27,16,6,93,93008,STALINGRAD (RUE DE) A10,48.91384562,2.43237707,Plein jour,En agglomération,Hors intersection,Temps couvert,Trois véhicules et plus - en chaîne,3,1,2,0,1,1,1,0,1,50,3,4,3,0,0,1,28.0,43.0,voiture,voiture,1,2,1,8,4
202400042135,2024-08-23 15:30:00,2024,8,23,15,30,75,75113,BD PERIPHERIQUE EXTERIEUR,48.82158,2.379131,Plein jour,En agglomération,Hors intersection,Normale,Deux véhicules - côté,4,1,4,0,1,1,1,0,1,70,2,2,1,0,0,1,20.0,30.0,voiture,deux_roues,1,2,1,1,3
202400042136,2024-09-28 16:15:00,2024,9,28,16,15,93,93005,EUGENE DELACROIX (RUE),48.9532,2.49907,Plein jour,En agglomération,Autre intersection,Normale,Autre collision,4,2,1,0,1,1,1,0,1,30,1,2,1,0,0,1,21.0,,voiture,,1,2,9,1,6
202400042137,2024-06-16 06:10:00,2024,6,16,6,10,22,22020,N 12 P.R 10+300,48.31552557,-2.24527203,Crépuscule ou aube,Hors agglomération,Hors intersection,Normale,Autre collision,2,3,2,0,1,1,1,0,3,110,1,6,0,0,1,5,20.0,,voiture,,2,1,1,1,6
202400042138,2024-08-23 12:30:00,2024,8,23,12,30,75,75116,BD PERIPHERIQUE EXTERIEUR,48.850605,2.252006,Plein jour,En agglomération,Hors intersection,Normale,Deux véhicules - arrière,4,1,4,0,1,1,1,0,1,70,2,2,1,0,0,1,51.0,31.0,utilitaire_camion,voiture,1,2,1,1,2
202400042139,2024-09-28 16:50:00,2024,9,28,16,50,92,92075,ERNEST LAVAL (RUE),48.81993,2.29257,Plein jour,En agglomération,Hors intersection,Normale,Deux véhicules - côté,3,1,3,2,1,1,1,0,1,50,2,2,1,0,0,1,47.0,63.0,deux_roues,voiture,1,2,1,1,3
202400042140,2024-06-05 17:50:00,2024,6,5,17,50,14,14061,30 Impasse de la Ferronnière (Le Bény-Bocage),48.931064,-0.80772,Plein jour,Hors agglomération,Hors intersection,Normale,Deux véhicules - côté,4,2,2,0,1,3,1,0,1,80,2,2,0,0,1,1,53.0,56.0,utilitaire_camion,voiture,1,1,1,1,3
202400042141,2024-12-10 06:10:00,2024,12,10,6,10,74,74087,Route d'annemasse / Route de Pouilly,46.142801,6.327513,Nuit sans éclairage public,Hors agglomération,Hors intersection,Pluie légère,Deux véhicules - frontale,3,2,2,0,1,1,2,0,1,80,2,2,1,0,1,0,30.0,33.0,utilitaire_camion,deux_roues,3,1,1,2,1
202400042142,2024-06-16 11:45:00,2024,6,16,11,45,41,41101,A10 PK 162.000,47.616979,1.174498,Plein jour,Hors agglomération,Hors intersection,Vent fort / tempête,Deux véhicules - arrière,1,3,3,0,1,1,2,0,1,130,2,2,1,0,1,0,63.0,28.0,deux_roues,voiture,1,1,1,6,2
202400042143,2024-12-10 17:15:00,2024,12,10,17,15,42,42147,Avenue d'Allard,45.60726,4.058853,Nuit avec éclairage allumé,En agglomération,Hors intersection,Normale,Deux véhicules - frontale,3,2,2,0,1,1,1,0,1,50,2,2,1,0,0,1,16.0,54.0,deux_roues,voiture,5,2,1,1,1
202400042144,2024-09-27 22:45:00,2024,9,27,22,45,92,92046,PAUL BERT (RUE),48.81724352,2.2946915,Nuit avec éclairage allumé,En agglomération,Intersection en X,Pluie légère,Deux véhicules - côté,3,1,1,0,1,1,2,2,1,50,2,2,1,0,0,1,52.0,17.0,voiture,deux_roues,5,2,2,2,3
202400042144,2024-09-27 22:45:00,2024,9,27,22,45,92,92046,PAUL BERT (RUE),48.81724352,2.2946915,Nuit avec éclairage allumé,En agglomération,Intersection en X,Pluie légère,Deux véhicules - côté,3,2,1,1,1,1,2,0,1,50,2,2,1,0,0,1,52.0,17.0,voiture,deux_roues,5,2,2,2,3
202400042145,2024-08-23 00:45:00,2024,8,23,0,45,75,75112,Bd Périphérique Exterieur,48.82674789,2.38997161,Nuit avec éclairage allumé,En agglomération,Intersection en Y,Normale,Trois véhicules et plus - en chaîne,4,1,5,0,1,1,1,0,1,70,3,5,4,0,0,1,25.0,32.0,voiture,voiture,5,2,4,1,4
202400042145,2024-08-23 00:45:00,2024,8,23,0,45,75,75112,Bd Périphérique Exterieur,48.82674789,2.38997161,Nuit avec éclairage allumé,En agglomération,Intersection en Y,Normale,Trois véhicules et plus - en chaîne,4,1,2,0,1,3,1,0,1,50,3,5,4,0,0,1,25.0,32.0,voiture,voiture,5,2,4,1,4
202400042146,2024-12-08 18:15:00,2024,12,8,18,15,38,38565,D3,45.289403,5.624032,Nuit sans éclairage public,En agglomération,Giratoire,Pluie forte,Autre collision,3,2,2,0,1,3,2,5,1,90,1,2,1,0,0,1,18.0,,voiture,,3,2,6,3,6
202400042147,2024-06-15 14:35:00,2024,6,15,14,35,06,06033,pont de la manda,43.7656883,7.2022275,Plein jour,En agglomération,Hors intersection,Normale,Deux véhicules - frontale,7,4,3,0,1,1,1,2,1,50,2,3,1,0,1,1,67.0,23.0,voiture,deux_roues,1,2,1,1,1
202400042148,2024-12-10 17:35:00,2024,12,10,17,35,69,69255,14 Avenue Docteur Sérullaz,45.735577,4.661395,Nuit avec éclairage allumé,En agglomération,Hors intersection,Normale,Autre collision,3,2,2,0,2,1,1,0,1,50,1,2,1,1,0,0,40.0,,voiture,,5,2,1,1,6
202400042149,2024-09-28 13:30:00,2024,9,28,13,30,92,92063,FOUILLEUSE (AVENUE DE),48.86236878,2.1950214,Plein jour,En agglomération,Autre intersection,Normale,Autre collision,6,-1, -1,0,1,1,1,1,8,15,1,2,1,0,0,1,73.0,,voiture,,1,2,9,1,6
202400042150,2024-08-22 17:12:00,2024,8,22,17,12,75,75120,BD PERIPHERIQUE INTERIEUR,48.860823,2.413832,Plein jour,En agglomération,Hors intersection,Normale,Trois véhicules et plus - en chaîne,4,1,4,3,1,1,1,0,1,70,3,5,4,0,0,1,53.0,49.0,voiture,utilitaire_camion,1,2,1,1,4
202400042151,2024-06-15 12:10:00,2024,6,15,12,10,83,83049,82 Rue Charles Gounod,43.22990674,6.06929702,Plein jour,En agglomération,Hors intersection,Normale,Autre collision,4,-1,2,0,1,1,1,0,1,50,1,2,1,0,1,0,31.0,,voiture,,1,2,1,1,6
202400042152,2024-12-10 07:45:00,2024,12,10,7,45,31,31004,Route de Ticaille,43.441747,1.599661,Nuit sans éclairage public,En agglomération,Hors intersection,Normale,Autre collision,3,2,2,0,2,1,1,0,1,50,1,2,1,0,1,0,40.0,,voiture,,3,2,1,1,6
202400042153,2024-12-10 17:20:00,2024,12,10,17,20,79,79049,,46.838822,-0.48426,Nuit avec éclairage non allumé,En agglomération,Autre intersection,Pluie légère,Sans collision,6,-1, -1,0,1,1,2,8,8,50,1,2,1,0,1,0,17.0,,utilitaire_camion,,4,2,9,2,7
202400042154,2024-09-28 19:05:00,2024,9,28,19,5,92,92012,SILLY (RUE DE) 1/87 - 2/88,48.83809106,2.23220542,Crépuscule ou aube,En agglomération,Hors intersection,Normale,Deux véhicules - côté,4,2,2,2,1,1,1,0,1,30,2,3,2,0,0,1,52.0,39.0,voiture,deux_roues,2,2,1,1,3
202400042155,2024-08-23 02:15:00,2024,8,23,2,15,75,75117,AVENUE DE LA PORTE D ASNIERES,48.891839,2.30163,Nuit avec éclairage allumé,En agglomération,Intersection en X,Normale,Deux véhicules - frontale,4,2,4,0,1,1,1,5,1,50,2,3,2,0,0,1,54.0,32.0,voiture,deux_roues,5,2,2,1,1
202400042155,2024-08-23 02:15:00,2024,8,23,2,15,75,75117,AVENUE DE LA PORTE D ASNIERES,48.891839,2.30163,Nuit avec éclairage allumé,En agglomération,Intersection en X,Normale,Deux véhicules - frontale,4,1,2,0,1,1,1,0,1,30,2,3,2,0,0,1,54.0,32.0,voiture,deux_roues,5,2,2,1,1
202400042156,2024-08-23 01:55:00,2024,8,23,1,55,75,75108,COURS LA REINE,48.864918,2.311971,Nuit avec éclairage allumé,En agglomération,Hors intersection,Normale,Sans collision,4,2,2,1,1,1,1,0,5,30,1,1,0,0,0,1,29.0,,deux_roues,,5,2,1,1,7
202400042157,2024-12-09 14:29:00,2024,12,9,14,29,44,44198,48 Rue du Champ Fleuri,47.141563,-1.522577,Plein jour,En agglomération,Hors intersection,Normale,Deux véhicules - frontale,4,2,2,0,1,1,1,0,1,50,2,2,1,0,1,0,75.0,77.0,deux_roues,voiture,1,2,1,1,1
202400042158,2024-08-23 10:30:00,2024,8,23,10,30,75,75116,AVENUE PRUDHON,48.859078,2.269322,Plein jour,En agglomération,Hors intersection,Normale,Deux véhicules - côté,4,2,2,0,1,1,1,0,1,30,2,2,1,0,0,1,68.0,26.0,utilitaire_camion,deux_roues,1,2,1,1,3
202400042159,2024-09-25 12:30:00,2024,9,25,12,30,78,78575,"rue de Versailles, D 938",48.709447,2.083067,Plein jour,En agglomération,Hors intersection,Pluie légère,Deux véhicules - frontale,3,3,2,0,2,2,2,0,1,50,2,2,1,0,1,0,22.0,61.0,transport_commun,utilitaire_camion,1,2,1,2,1
202400042160,2024-12-07 09:45:00,2024,12,7,9,45,44,44215,Boulevard de Vendée,47.176427,-1.51577,Plein jour,Hors agglomération,Hors intersection,Normale,Deux véhicules - frontale,1,3,5,0,1,1,2,3,1,70,2,3,1,0,1,1,75.0,20.0,voiture,voiture,1,1,1,1,1
202400042161,2024-06-15 05:20:00,2024,6,15,5,20,26,26325,59 Rue de Marseille,45.2865323,4.81675386,Nuit sans éclairage public,En agglomération,Intersection en T,Pluie forte,Deux véhicules - côté,3,2,2,0,1,1,2,0,1,50,2,3,2,0,0,1,20.0,26.0,voiture,voiture,3,2,3,3,3
202400042161,2024-06-15 05:20:00,2024,6,15,5,20,26,26325,59 Rue de Marseille,45.2865323,4.81675386,Nuit sans éclairage public,En agglomération,Intersection en T,Pluie forte,Deux véhicules - côté,3,2, -1,-1,1,1,2,0,1,-1,2,3,2,0,0,1,20.0,26.0,voiture,voiture,3,2,3,3,3
202400042162,2024-08-23 18:30:00,2024,8,23,18,30,75,75110,QUAI DE VALMY,48.876753,2.364565,Plein jour,En agglomération,Intersection en T,Normale,Autre collision,4,1, -1,-1,1,1,1,0,1,30,1,2,1,0,0,1,26.0,,deux_roues,,1,2,3,1,6
202400042162,2024-08-23 18:30:00,2024,8,23,18,30,75,75110,QUAI DE VALMY,48.876753,2.364565,Plein jour,En agglomération,Intersection en T,Normale,Autre collision,4,2,2,1,4,1,1,0,1,30,1,2,1,0,0,1,26.0,,deux_roues,,1,2,3,1,6
202400042163,2024-06-16 02:25:00,2024,6,16,2,25,974,97413,Route Nationale 1,-21.236102,55.304977,Nuit sans éclairage public,Hors agglomération,Autre intersection,Pluie forte,Autre collision,2,3,2,0,1,3,2,0,3,110,1,2,1,0,1,0,24.0,,voiture,,3,1,9,3,6
202400042164,2024-08-23 00:45:00,2024,8,23,0,45,75,75109,RUE D AMSTERDAM,48.879631,2.327031,Nuit avec éclairage allumé,En agglomération,Intersection en X,Normale,Deux véhicules - côté,4,1,2,1,2,1,1,0,1,30,2,2,1,0,0,1,32.0,,deux_roues,voiture,5,2,2,1,3
202400042164,2024-08-23 00:45:00,2024,8,23,0,45,75,75109,RUE D AMSTERDAM,48.879631,2.327031,Nuit avec éclairage allumé,En agglomération,Intersection en X,Normale,Deux véhicules - côté,4,1, -1,0,1,1,1,0,8,30,2,2,1,0,0,1,32.0,,deux_roues,voiture,5,2,2,1,3
202400042165,2024-12-10 18:14:00,2024,12,10,18,14,35,35012,RD 777,47.849743,-1.699791,Crépuscule ou aube,Hors agglomération,Hors intersection,Normale,Deux véhicules - frontale,3,2,2,0,2,1,1,0,1,80,2,4,0,1,0,3,55.0,64.0,voiture,voiture,2,1,1,1,1
202400042166,2024-06-15 22:35:00,2024,6,15,22,35,2B,2B143,T10,42.227914,9.543686,Nuit sans éclairage public,Hors agglomération,Hors intersection,Normale,Autre collision,2,2,2,0,4,2,1,0,3,80,1,1,0,0,1,0,22.0,,deux_roues,,3,1,1,1,6
202400042167,2024-12-09 22:00:00,2024,12,9,22,0,35,35047,"D177, PK 29+800, SENS RENNES VERS REDON",48.047767,-1.752089,Nuit sans éclairage public,Hors agglomération,Hors intersection,Pluie légère,Autre collision,7,3,4,0,1,2,2,0,3,110,1,1,0,1,0,0,23.0,,voiture,,3,1,1,2,6
202400042168,2024-06-15 20:30:00,2024,6,15,20,30,30,30117,La fabrique,43.691029,4.610562,Crépuscule ou aube,En agglomération,Hors intersection,Normale,Sans collision,4,2,2,1,3,1,1,0,1,50,1,1,0,0,1,0,18.0,,deux_roues,,2,2,1,1,7
202400042169,2024-08-23 19:20:00,2024,8,23,19,20,94,94081,Boulevard de Stalingrad,48.79846811,2.3820194,Plein jour,En agglomération,Autre intersection,Normale,Autre collision,3,1,2,0,1,1,1,0,1,50,1,2,1,0,0,1,34.0,,deux_roues,,1,2,9,1,6
202400042169,2024-08-23 19:20:00,2024,8,23,19,20,94,94081,Boulevard de Stalingrad,48.79846811,2.3820194,Plein jour,En agglomération,Autre intersection,Normale,Autre collision,3,2, -1,-1,1,1,1,0,1,-1,1,2,1,0,0,1,34.0,,deux_roues,,1,2,9,1,6
202400042170,2024-09-27 23:20:00,2024,9,27,23,20,95,95353,A16,49.089466,2.309897,Nuit sans éclairage public,Hors agglomération,Hors intersection,Pluie légère,Deux véhicules - côté,1,2,2,0,2,3,2,0,1,100,2,2,1,0,1,0,33.0,22.0,voiture,voiture,3,1,1,2,3
202400042171,2024-12-09 17:20:00,2024,12,9,17,20,76,76758,2 Avenue du Marechal Foch,49.618516,0.749565,Nuit avec éclairage allumé,En agglomération,Hors intersection,Pluie légère,Autre collision,3,2,2,0,1,1,2,0,1,50,1,2,1,0,0,1,56.0,,voiture,,5,2,1,2,6
202400042172,2024-08-23 16:25:00,2024,8,23,16,25,94,94074,Avenue Julien Duranton,48.76689,2.44723,Plein jour,En agglomération,Hors intersection,Normale,Deux véhicules - côté,3,2,2,0,1,1,1,0,1,50,2,2,1,0,0,1,40.0,44.0,voiture,deux_roues,1,2,1,1,3
202400042173,2024-09-29 13:45:00,2024,9,29,13,45,62,62254,D157,50.61092205,2.18946085,Plein jour,Hors agglomération,Hors intersection,Normale,Autre collision,3,2,2,0,1,1,1,0,3,80,1,1,0,0,1,0,19.0,,voiture,,1,1,1,1,6
202400042174,2024-12-10 05:45:00,2024,12,10,5,45,60,60473,Route de Nanteuil,49.103077,2.822869,Nuit sans éclairage public,Hors agglomération,Hors intersection,Temps couvert,Sans collision,4,2,2,0,1,1,2,0,1,80,1,1,0,0,0,1,21.0,,voiture,,3,1,1,8,7
202400042175,2024-06-15 15:00:00,2024,6,15,15,0,57,57742,D96,48.644238,7.15446,Plein jour,Hors agglomération,Hors intersection,Normale,Trois véhicules et plus - collisions multiples,3,2,2,0,2,2,1,0,1,80,4,4,0,1,1,2,21.0,63.0,voiture,deux_roues,1,1,1,1,5
202400042176,2024-08-22 15:00:00,2024,8,22,15,0,94,94068,Rue Delerue,48.7958,2.48698,Plein jour,En agglomération,Intersection en X,Normale,Deux véhicules - côté,4,1,1,0,1,1,1,0,1,30,2,2,1,0,0,1,39.0,27.0,voiture,deux_roues,1,2,2,1,3
202400042177,2024-12-09 09:10:00,2024,12,9,9,10,33,33013,,44.845466,-0.502068,Plein jour,Hors agglomération,Hors intersection,Normale,Trois véhicules et plus - collisions multiples,2,3,6,0,1,1,1,0,1,90,3,4,3,0,0,1,25.0,45.0,deux_roues,utilitaire_camion,1,1,1,1,5
202400042178,2024-06-16 13:30:00,2024,6,16,13,30,56,56123,la ville clero,47.692353,-2.33261,Plein jour,Hors agglomération,Hors intersection,Normale,Deux véhicules - frontale,4,2,2,0,1,1,1,0,1,80,2,5,0,0,2,3,18.0,60.0,voiture,autre,1,1,1,1,1
202400042179,2024-08-23 13:50:00,2024,8,23,13,50,94,94073,Rdpt d'Espagne,48.75428,2.3751,Plein jour,En agglomération,Intersection en X,Temps couvert,Deux véhicules - côté,4,-1, -1,-1,1,1,1,-1,6,-1,2,4,1,0,0,3,37.0,74.0,transport_commun,voiture,1,2,2,8,3
202400042179,2024-08-23 13:50:00,2024,8,23,13,50,94,94073,Rdpt d'Espagne,48.75428,2.3751,Plein jour,En agglomération,Intersection en X,Temps couvert,Deux véhicules - côté,4,1,0,3,1,1,1,-1,6,50,2,4,1,0,0,3,37.0,74.0,transport_commun,voiture,1,2,2,8,3
202400042180,2024-06-15 18:25:00,2024,6,15,18,25,56,56154,Le Pont d'Oust,47.728517,-2.214497,Plein jour,Hors agglomération,Hors intersection,Normale,Deux véhicules - frontale,3,2,2,0,1,3,2,2,1,50,2,2,1,0,0,1,34.0,16.0,voiture,deux_roues,1,1,1,1,1
202400042181,2024-09-28 21:00:00,2024,9,28,21,0,95,95205,D316,49.02294999,2.38654423,Nuit avec éclairage allumé,Hors agglomération,Hors intersection,Normale,Deux véhicules - côté,3,2,3,0,2,1,1,0,1,80,2,7,0,0,2,5,42.0,38.0,voiture,voiture,5,1,1,1,3
202400042182,2024-11-30 02:40:00,2024,11,30,2,40,59,59544,AUTOROUTE A2,50.3633,3.59211,Nuit sans éclairage public,Hors agglomération,Hors intersection,Normale,Deux véhicules - arrière,1,-1,2,0,1,1,1,0,1,130,2,5,4,0,1,0,22.0,39.0,voiture,utilitaire_camion,3,1,1,1,2
202400042183,2024-08-22 10:15:00,2024,8,22,10,15,94,94017,63 Avenue Marx Dormoy,48.808056,2.525154,Plein jour,En agglomération,Hors intersection,Normale,Trois véhicules et plus - en chaîne,3,3,3,0,2,1,1,0,1,50,3,3,1,0,0,2,26.0,50.0,deux_roues,deux_roues,1,2,1,1,4
202400042184,2024-06-15 15:20:00,2024,6,15,15,20,82,82113,Route Départementale 20,44.203912,1.400414,Plein jour,Hors agglomération,Hors intersection,Normale,Deux véhicules - côté,3,2,2,1,1,2,1,0,1,70,2,2,1,0,1,0,15.0,42.0,deux_roues,voiture,1,1,1,1,3
202400042185,2024-09-29 10:45:00,2024,9,29,10,45,86,86236,Lieu Dit la Rabateliere,46.685894,0.838167,Plein jour,Hors agglomération,Hors intersection,Normale,Sans collision,3,-1,2,0,2,3,1,0,1,80,2,2,1,0,1,0,36.0,69.0,utilitaire_camion,utilitaire_camion,1,1,1,1,7
202400042186,2024-12-09 18:47:00,2024,12,9,18,47,91,91432,AUTOROUTE A6,48.69301,2.32088,Nuit sans éclairage public,Hors agglomération,Hors intersection,Pluie légère,Deux véhicules - côté,1,3,3,0,1,1,2,0,1,110,2,2,1,0,0,1,57.0,28.0,utilitaire_camion,deux_roues,3,1,1,2,3
202400042187,2024-06-10 19:35:00,2024,6,10,19,35,81,81055,RD 629,43.4282838,2.0562181,Crépuscule ou aube,Hors agglomération,Hors intersection,Normale,Autre collision,3,2,2,0,2,2,1,0,3,80,1,1,0,0,1,0,66.0,,voiture,,2,1,1,1,6
202400042188,2024-08-23 00:35:00,2024,8,23,0,35,93,93013,Rue Albert Thomas / Avenue de la Division Leclerc,48.93711486,2.42813094,Nuit avec éclairage allumé,En agglomération,Intersection en T,Normale,Sans collision,3,2,2,1,1,1,1,0,5,25,2,2,1,0,0,1,51.0,32.0,utilitaire_camion,deux_roues,5,2,3,1,7
202400042188,2024-08-23 00:35:00,2024,8,23,0,35,93,93013,Rue Albert Thomas / Avenue de la Division Leclerc,48.93711486,2.42813094,Nuit avec éclairage allumé,En agglomération,Intersection en T,Normale,Sans collision,3,1,1,0,1,1,1,0,5,30,2,2,1,0,0,1,51.0,32.0,utilitaire_camion,deux_roues,5,2,3,1,7
202400042189,2024-12-08 22:20:00,2024,12,8,22,20,91,91661,AUTOROUTE A10,48.69697655,2.23896943,Nuit sans éclairage public,Hors agglomération,Hors intersection,Pluie légère,Deux véhicules - arrière,1,-1,3,0,2,1,2,0,1,110,2,2,1,0,0,1,32.0,32.0,voiture,voiture,3,1,1,2,2
202400042190,2024-09-29 19:30:00,2024,9,29,19,30,83,83049,Avenue des Bousquets,43.223109,6.07159,Nuit sans éclairage public,En agglomération,Hors intersection,Normale,Autre collision,4,2,2,0,1,2,1,0,3,30,1,1,0,0,0,1,27.0,,voiture,,3,2,1,1,6
202400042191,2024-06-15 12:10:00,2024,6,15,12,10,32,32462,Rue des Moulins à Vent,43.756372,0.314022,Plein jour,En agglomération,Hors intersection,Normale,Sans collision,4,2,2,0,2,1,1,0,1,30,1,1,0,0,1,0,62.0,,deux_roues,,1,2,1,1,7
202400042192,2024-08-23 12:30:00,2024,8,23,12,30,93,93014,Boulevard Emile Zola,48.90612954,2.55290687,Plein jour,En agglomération,Hors intersection,Temps couvert,Deux véhicules - côté,4,2,2,0,1,1,1,0,1,50,2,2,1,0,0,1,32.0,38.0,voiture,deux_roues,1,2,1,8,3
202400042193,2024-12-08 13:15:00,2024,12,8,13,15,92,92072,N118,48.82701466,2.2242259,Plein jour,En agglomération,Hors intersection,Autre,Autre collision,2,1,2,0,4,2,2,0,1,50,1,1,0,0,0,1,41.0,,voiture,,1,2,1,9,6
202400042194,2024-09-28 22:45:00,2024,9,28,22,45,42,42322,Route de la Croix de Chaubouret,45.41084,4.526007,Nuit sans éclairage public,Hors agglomération,Hors intersection,Normale,Autre collision,7,2,2,0,2,3,1,0,3,80,1,1,0,0,1,0,20.0,,voiture,,3,1,1,1,6
202400042195,2024-08-23 00:40:00,2024,8,23,0,40,93,93057,Avenue Aristide Briand,48.90856345,2.49828333,Nuit avec éclairage allumé,En agglomération,Hors intersection,Normale,Deux véhicules - côté,3,3,4,3,1,1,1,0,1,50,2,2,1,0,0,1,46.0,24.0,voiture,deux_roues,5,2,1,1,3
202400042196,2024-06-15 13:00:00,2024,6,15,13,0,11,11289,,43.082446,2.224774,Plein jour,Hors agglomération,Hors intersection,Normale,Trois véhicules et plus - collisions multiples,3,2,2,0,1,1,1,0,1,80,4,4,2,0,2,0,37.0,69.0,voiture,voiture,1,1,1,1,5
202400042197,2024-12-08 10:55:00,2024,12,8,10,55,78,78551,A14,48.911179,2.090008,Plein jour,Hors agglomération,Hors intersection,Normale,Deux véhicules - arrière,1,1,2,0,1,1,1,1,1,90,2,5,2,0,0,3,63.0,21.0,voiture,voiture,1,1,1,1,2
202400042198,2024-08-23 08:37:00,2024,8,23,8,37,93,93008,Avenue Karl Marx,48.90517281,2.44200647,Crépuscule ou aube,En agglomération,Hors intersection,Normale,Autre collision,4,2,2,0,1,1,1,0,1,50,1,2,1,0,0,1,36.0,,voiture,,2,2,1,1,6