accident_id,datetime,annee,mois,jour,heure,minute,departement,commune_insee,adresse,latitude,longitude,luminosite,agglomeration,intersection,meteo,collision,catr,circ,nbv,vosp,prof,plan,surf,infra,situ,vma,nb_vehicules,nb_usagers,nb_indemnes,nb_tues,nb_blesses_hosp,nb_blesses_legers,age_cond_1,age_cond_2,veh_type_cond_1,veh_type_cond_2,lum_code,agg_code,int_code,atm_code,col_code
202400042199,2024-09-28 10:30:00,2024,9,28,10,30,51,51535,Route de Troyes,48.712047,3.731639,Plein jour,En agglomération,Hors intersection,Normale,Autre collision,6,-1, -1,0,1,1,1,9,8,30,1,3,0,0,0,3,74.0,,voiture,,1,2,1,1,6
202400042200,2024-06-16 00:50:00,2024,6,16,0,50,61,61301,D438,48.553439,0.172369,Nuit sans éclairage public,Hors agglomération,Hors intersection,Pluie légère,Autre collision,3,3,2,0,2,2,2,0,8,90,1,6,0,2,0,4,21.0,,voiture,,3,1,1,2,6
202400042201,2024-08-23 18:30:00,2024,8,23,18,30,92,92036,MOULIN CAGE (QUAI),48.92267,2.32735,Plein jour,En agglomération,Hors intersection,Pluie légère,Deux véhicules - côté,3,1,0,0,1,1,2,2,1,70,2,2,1,0,0,1,39.0,46.0,deux_roues,voiture,1,2,1,2,3
202400042202,2024-12-08 09:08:00,2024,12,8,9,8,92,92047,A13,48.83397544,2.16646875,Plein jour,Hors agglomération,Hors intersection,Pluie légère,Deux véhicules - côté,1,1,3,0,1,1,2,0,1,90,2,2,1,0,0,1,40.0,60.0,voiture,voiture,1,1,1,2,3
202400042203,2024-09-27 06:30:00,2024,9,27,6,30,19,19288,Les hagats,45.295675,1.439123,Nuit sans éclairage public,Hors agglomération,Hors intersection,Pluie légère,Autre collision,3,2,2,0,2,1,2,0,1,90,1,1,0,0,1,0,42.0,,voiture,,3,1,1,2,6
202400042204,2024-06-15 11:34:00,2024,6,15,11,34,22,22015,la ville marque,48.394369,-2.590638,Plein jour,Hors agglomération,Hors intersection,Temps couvert,Deux véhicules - arrière,3,2,2,0,1,1,1,0,1,-1,2,2,1,0,1,0,19.0,42.0,deux_roues,voiture,1,1,1,8,2
202400042205,2024-08-22 09:20:00,2024,8,22,9,20,92,92025,BOURNARD (RUE DU),48.92349,2.25951,Plein jour,En agglomération,Hors intersection,Normale,Autre collision,3,1,2,0,1,1,1,0,1,30,1,2,1,0,0,1,39.0,,deux_roues,,1,2,1,1,6
202400042206,2024-12-07 18:35:00,2024,12,7,18,35,78,78498,A13,48.91604,2.005657,Nuit sans éclairage public,Hors agglomération,Hors intersection,Pluie légère,Sans collision,1,1,3,0,2,1,2,0,1,110,1,1,0,0,0,1,22.0,,voiture,,3,1,1,2,7
202400042207,2024-12-09 01:00:00,2024,12,9,1,0,95,95582,A15,48.96346787,2.26421667,Nuit avec éclairage allumé,Hors agglomération,Hors intersection,Normale,Sans collision,1,1,4,0,2,3,1,3,1,50,1,1,0,0,0,1,37.0,,voiture,,5,1,1,1,7
202400042208,2024-08-23 19:28:00,2024,8,23,19,28,92,92023,GENERAL DE GAULLE (AV DU) N°440 A 544 ET,48.77704,2.23036,Plein jour,En agglomération,Giratoire,Normale,Deux véhicules - côté,3,1,4,0,1,2,1,5,1,50,2,2,1,0,0,1,24.0,53.0,deux_roues,voiture,1,2,6,1,3
202400042209,2024-06-16 11:40:00,2024,6,16,11,40,39,39478,,46.402899,5.872305,Plein jour,Hors agglomération,Hors intersection,Normale,Deux véhicules - côté,3,2,2,0,2,1,1,0,1,80,2,2,1,0,0,1,67.0,61.0,deux_roues,deux_roues,1,1,1,1,3
202400042210,2024-08-23 10:20:00,2024,8,23,10,20,60,60553,D1017,49.463547,2.658731,Plein jour,Hors agglomération,Hors intersection,Normale,Sans collision,3,-1,2,1,1,1,1,0,5,-1,1,1,0,0,0,1,29.0,,deux_roues,,1,1,1,1,7
202400042211,2024-09-28 14:20:00,2024,9,28,14,20,56,56240,Route de Kerlevenan,47.542233,-2.728858,Plein jour,Hors agglomération,Intersection en T,Normale,Autre collision,3,3,3,0,1,1,1,0,3,80,1,3,2,0,1,0,20.0,,voiture,,1,1,3,1,6
202400042211,2024-09-28 14:20:00,2024,9,28,14,20,56,56240,Route de Kerlevenan,47.542233,-2.728858,Plein jour,Hors agglomération,Intersection en T,Normale,Autre collision,3,2,2,-1,1,1,1,0,1,-1,1,3,2,0,1,0,20.0,,voiture,,1,1,3,1,6
202400042212,2024-12-08 22:30:00,2024,12,8,22,30,92,92036,AUTOROUTE A15,48.93956676,2.29464773,Nuit sans éclairage public,Hors agglomération,Hors intersection,Pluie légère,Deux véhicules - côté,1,1,8,0,2,2,2,3,1,70,2,2,1,0,0,1,32.0,21.0,voiture,voiture,3,1,1,2,3
202400042213,2024-06-16 02:40:00,2024,6,16,2,40,25,25262,Mont de Fuans,47.125867,6.584616,Nuit sans éclairage public,Hors agglomération,Hors intersection,Normale,Autre collision,3,2,2,0,2,1,2,0,3,70,1,2,1,0,1,0,27.0,,voiture,,3,1,1,1,6
202400042214,2024-08-23 12:15:00,2024,8,23,12,15,05,05161,2 Chemin de Rivo,44.943987,6.574255,Plein jour,En agglomération,Hors intersection,Normale,Autre collision,4,2,2,0,2,3,1,0,3,50,1,1,0,0,0,1,55.0,,utilitaire_camion,,1,2,1,1,6
202400042215,2024-12-08 15:30:00,2024,12,8,15,30,95,95572,A15,49.0328605,2.10794605,Plein jour,Hors agglomération,Hors intersection,Pluie légère,Autre collision,1,-1,4,0,2,2,2,3,1,50,1,2,0,0,0,2,40.0,,voiture,,1,1,1,2,6
202400042216,2024-09-29 16:55:00,2024,9,29,16,55,76,76363,D7,49.870646,1.683547,Plein jour,Hors agglomération,Hors intersection,Normale,Sans collision,3,2,2,0,2,4,1,0,3,80,1,1,0,1,0,0,74.0,,deux_roues,,1,1,1,1,7
202400042217,2024-08-24 02:50:00,2024,8,24,2,50,972,97214,RD1,14.842449,-61.081077,Nuit sans éclairage public,Hors agglomération,Intersection en Y,Normale,Autre collision,3,2,2,0,2,1,2,9,3,80,1,1,0,0,1,0,30.0,,voiture,,3,1,4,1,6
202400042217,2024-08-24 02:50:00,2024,8,24,2,50,972,97214,RD1,14.842449,-61.081077,Nuit sans éclairage public,Hors agglomération,Intersection en Y,Normale,Autre collision,3,2,2,0,1,1,1,0,1,80,1,1,0,0,1,0,30.0,,voiture,,3,1,4,1,6
202400042218,2024-06-16 18:20:00,2024,6,16,18,20,25,25315,voie communale n°7,47.432377,6.592162,Plein jour,Hors agglomération,Hors intersection,Normale,Deux véhicules - côté,4,2,2,0,2,1,1,0,1,80,2,4,3,0,1,0,63.0,68.0,deux_roues,utilitaire_camion,1,1,1,1,3
202400042219,2024-12-08 13:05:00,2024,12,8,13,5,92,92036,AUTOROUTE A15,48.94364712,2.28775617,Plein jour,Hors agglomération,Hors intersection,Pluie forte,Deux véhicules - côté,1,3,8,0,1,1,2,2,1,90,2,2,1,0,0,1,26.0,42.0,voiture,voiture,1,1,1,3,3
202400042220,2024-08-23 07:00:00,2024,8,23,7,0,972,97231,"Route nationale 5, château gaillard",14.528582,-61.001828,Plein jour,Hors agglomération,Hors intersection,Normale,Deux véhicules - frontale,3,2,2,0,1,1,1,0,1,80,2,3,0,0,0,3,32.0,41.0,voiture,voiture,1,1,1,1,1
202400042221,2024-09-29 17:30:00,2024,9,29,17,30,76,76443,D3,49.562188,1.116915,Plein jour,Hors agglomération,Hors intersection,Temps couvert,Autre collision,3,2,2,0,2,1,1,0,3,80,1,2,0,1,1,0,39.0,,utilitaire_camion,,1,1,1,8,6
202400042222,2024-06-15 21:00:00,2024,6,15,21,0,44,44188,,47.026639,-1.641834,Plein jour,Hors agglomération,Hors intersection,Pluie légère,Deux véhicules - frontale,3,2,2,0,1,1,2,0,1,80,2,3,1,0,1,1,20.0,45.0,voiture,voiture,1,1,1,2,1
202400042223,2024-12-08 14:30:00,2024,12,8,14,30,93,93078,AUTOROUTE A104,48.96300436,2.52239723,Plein jour,Hors agglomération,Hors intersection,Pluie forte,Autre collision,1,3,3,0,1,1,2,0,1,110,1,1,0,0,0,1,24.0,,voiture,,1,1,1,3,6
202400042224,2024-09-29 02:40:00,2024,9,29,2,40,2B,2B283,RT 10,41.878361,9.395607,Nuit sans éclairage public,Hors agglomération,Hors intersection,Normale,Autre collision,2,2,2,0,1,1,1,0,1,80,1,1,0,0,1,0,22.0,,utilitaire_camion,,3,1,1,1,6
202400042225,2024-06-15 16:40:00,2024,6,15,16,40,44,44120,72 Rue de la Jaunaie,47.200211,-1.771363,Plein jour,En agglomération,Giratoire,Pluie légère,Autre collision,7,2,2,0,1,3,2,0,1,30,1,1,0,0,1,0,30.0,,deux_roues,,1,2,6,2,6
202400042226,2024-12-08 08:45:00,2024,12,8,8,45,95,95028,N104,49.06003257,2.35477455,Plein jour,Hors agglomération,Hors intersection,Pluie forte,Autre collision,2,3,1,0,1,3,2,0,1,110,1,3,1,0,0,2,22.0,,voiture,,1,1,1,3,6
202400042227,2024-06-15 18:20:00,2024,6,15,18,20,02,02571,,49.889648,3.314266,Plein jour,Hors agglomération,Hors intersection,Normale,Trois véhicules et plus - collisions multiples,3,2,2,0,2,3,1,0,1,80,3,3,1,0,0,2,37.0,44.0,voiture,voiture,1,1,1,1,5
202400042228,2024-09-28 09:30:00,2024,9,28,9,30,80,80443,Rue de la Place à TRONCHOY,49.82689545,1.86392337,Plein jour,En agglomération,Intersection en X,Temps éblouissant,Deux véhicules - côté,3,2,2,0,1,2,2,5,1,50,2,2,1,0,0,1,49.0,42.0,utilitaire_camion,deux_roues,1,2,2,7,3
202400042228,2024-09-28 09:30:00,2024,9,28,9,30,80,80443,Rue de la Place à TRONCHOY,49.82689545,1.86392337,Plein jour,En agglomération,Intersection en X,Temps éblouissant,Deux véhicules - côté,3,2, -1,-1,1,3,2,0,1,-1,2,2,1,0,0,1,49.0,42.0,utilitaire_camion,deux_roues,1,2,2,7,3
202400042229,2024-12-08 10:30:00,2024,12,8,10,30,95,95678,N184,49.07298501,2.23433912,Plein jour,Hors agglomération,Hors intersection,Pluie forte,Autre collision,2,3,1,0,1,3,2,0,3,110,1,2,0,0,0,2,62.0,,voiture,,1,1,1,3,6
202400042230,2024-06-15 12:20:00,2024,6,15,12,20,03,03236,rue Pierre Semard,46.205318,3.432552,Plein jour,En agglomération,Hors intersection,Normale,Deux véhicules - côté,3,2,2,0,2,1,1,0,1,50,2,2,1,0,0,1,18.0,52.0,deux_roues,voiture,1,2,1,1,3
202400042231,2024-12-07 17:10:00,2024,12,7,17,10,95,95572,N184,49.03497711,2.11470009,Nuit sans éclairage public,Hors agglomération,Hors intersection,Normale,Deux véhicules - arrière,2,3,2,0,1,1,2,0,1,90,2,2,1,0,0,1,58.0,47.0,voiture,voiture,3,1,1,1,2
202400042232,2024-09-29 16:00:00,2024,9,29,16,0,32,32237,département 924,43.64835,0.700861,Plein jour,Hors agglomération,Hors intersection,Normale,Autre collision,3,2,2,1,2,1,1,0,5,80,1,1,0,0,1,0,34.0,,voiture,,1,1,1,1,6
202400042233,2024-06-15 16:50:00,2024,6,15,16,50,83,83013,Route du logis du Pin - RD 21,43.76541584,6.64100495,Plein jour,Hors agglomération,Hors intersection,Normale,Deux véhicules - arrière,3,2,2,0,1,1,1,0,1,80,2,3,2,0,1,0,34.0,20.0,voiture,deux_roues,1,1,1,1,2
202400042234,2024-12-07 14:30:00,2024,12,7,14,30,93,93007,AUTOROUTE A1,48.95432105,2.45616375,Plein jour,Hors agglomération,Hors intersection,Normale,Deux véhicules - côté,1,3,8,0,1,1,1,0,1,110,2,2,1,0,0,1,23.0,38.0,deux_roues,voiture,1,1,1,1,3
202400042235,2024-09-28 22:01:00,2024,9,28,22,1,61,61043,D955,48.340786,0.758984,Nuit sans éclairage public,Hors agglomération,Hors intersection,Normale,Deux véhicules - arrière,3,2,2,0,2,1,1,0,1,90,2,2,1,0,0,1,41.0,15.0,voiture,deux_roues,3,1,1,1,2
202400042236,2024-06-16 03:05:00,2024,6,16,3,5,83,83032,535 Route de Lorgues,43.479923,6.197834,Nuit sans éclairage public,Hors agglomération,Hors intersection,Normale,Autre collision,3,2,2,0,1,1,1,0,3,80,1,2,0,1,1,0,29.0,,voiture,,3,1,1,1,6
202400042237,2024-12-07 13:05:00,2024,12,7,13,5,93,93008,AUTOROUTE A86,48.90615841,2.46109169,Plein jour,Hors agglomération,Hors intersection,Normale,Autre collision,1,2,2,0,1,1,1,0,1,50,1,1,0,0,0,1,34.0,,utilitaire_camion,,1,1,1,1,6
202400042238,2024-06-16 00:01:00,2024,6,16,0,1,83,83095,585 Route de Draguignan,43.560507,6.02952,Nuit sans éclairage public,Hors agglomération,Hors intersection,Normale,Autre collision,3,2,2,0,1,2,1,0,3,80,1,4,1,0,1,2,34.0,,voiture,,3,1,1,1,6
202400042239,2024-12-06 17:40:00,2024,12,6,17,40,95,95394,N184,49.05142883,2.15170383,Nuit sans éclairage public,Hors agglomération,Hors intersection,Normale,Deux véhicules - arrière,2,3,4,0,1,1,1,0,1,90,2,2,1,0,1,0,19.0,22.0,deux_roues,voiture,3,1,1,1,2
202400042240,2024-09-29 02:15:00,2024,9,29,2,15,61,61243,D241,48.537465,-0.310589,Nuit sans éclairage public,Hors agglomération,Hors intersection,Normale,Autre collision,3,2,2,0,1,2,1,0,3,80,1,4,3,0,0,1,19.0,,voiture,,3,1,1,1,6
202400042241,2024-06-15 16:45:00,2024,6,15,16,45,09,09032,N20- pk 83+600,42.691481,1.825275,Plein jour,Hors agglomération,Hors intersection,Normale,Autre collision,2,2,2,0,2,4,1,2,1,80,2,2,1,0,1,0,27.0,48.0,voiture,deux_roues,1,1,1,1,6
202400042242,2024-12-06 12:30:00,2024,12,6,12,30,95,95678,N184,49.05868713,2.20997393,Plein jour,Hors agglomération,Hors intersection,Normale,Trois véhicules et plus - en chaîne,2,3,4,0,1,2,1,0,1,90,3,3,2,0,0,1,28.0,33.0,voiture,voiture,1,1,1,1,4
202400042243,2024-06-16 06:15:00,2024,6,16,6,15,18,18028,,47.108961,2.296304,Crépuscule ou aube,Hors agglomération,Hors intersection,Normale,Sans collision,3,2,2,0,2,3,1,0,3,80,1,4,0,0,4,0,24.0,,voiture,,2,1,1,1,7
202400042244,2024-09-28 17:24:00,2024,9,28,17,24,86,86082,Rue Marcel Renault,46.36953595,0.20766377,Plein jour,Hors agglomération,Autre intersection,Normale,Deux véhicules - côté,3,2,2,0,1,1,1,0,1,80,2,3,2,0,1,0,45.0,29.0,voiture,deux_roues,1,1,9,1,3
202400042245,2024-12-09 17:15:00,2024,12,9,17,15,94,94028,A86,48.77664685,2.43805833,Nuit sans éclairage public,Hors agglomération,Hors intersection,Pluie légère,Deux véhicules - côté,1,3,3,0,1,1,2,0,1,90,2,2,1,0,0,1,20.0,60.0,deux_roues,voiture,3,1,1,2,3
202400042246,2024-06-16 15:45:00,2024,6,16,15,45,07,07009,D370b,45.21125,4.798536,Plein jour,Hors agglomération,Hors intersection,Temps éblouissant,Autre collision,3,2,2,0,2,1,1,0,4,90,1,1,0,0,0,1,38.0,,deux_roues,,1,1,1,7,6
202400042247,2024-12-09 16:00:00,2024,12,9,16,0,94,94042,A4,48.82611345,2.46569708,Plein jour,Hors agglomération,Hors intersection,Normale,Deux véhicules - arrière,1,3,4,0,1,4,1,0,1,90,2,2,1,0,0,1,43.0,24.0,voiture,utilitaire_camion,1,1,1,1,2
202400042248,2024-12-09 09:00:00,2024,12,9,9,0,94,94028,N406,48.77146602,2.44722292,Plein jour,Hors agglomération,Hors intersection,Pluie légère,Deux véhicules - arrière,2,3,4,0,1,1,2,0,1,90,2,2,1,0,0,1,44.0,33.0,voiture,voiture,1,1,1,2,2
202400042249,2024-09-28 04:45:00,2024,9,28,4,45,86,86097,Lieu Dit la Lande,46.330514,0.417255,Nuit sans éclairage public,Hors agglomération,Hors intersection,Normale,Autre collision,3,2,2,0,1,1,1,0,3,80,1,2,1,0,1,0,23.0,,utilitaire_camion,,3,1,1,1,6
202400042250,2024-06-15 13:50:00,2024,6,15,13,50,07,07055,D11/RUE DU PLAN D'EAU,44.854637,4.838254,Plein jour,En agglomération,Giratoire,Normale,Deux véhicules - côté,3,1,1,0,1,2,1,0,1,70,2,2,1,0,1,0,66.0,20.0,deux_roues,voiture,1,2,6,1,3
202400042250,2024-06-15 13:50:00,2024,6,15,13,50,07,07055,D11/RUE DU PLAN D'EAU,44.854637,4.838254,Plein jour,En agglomération,Giratoire,Normale,Deux véhicules - côté,3,2,1,0,2,2,1,0,8,50,2,2,1,0,1,0,66.0,20.0,deux_roues,voiture,1,2,6,1,3
202400042251,2024-07-10 15:25:00,2024,7,10,15,25,972,97213,AEROPORT (ROND POINT DE L'),14.59809,-61.00093,Plein jour,En agglomération,Autre intersection,Normale,Deux véhicules - côté,9,2,2,3,1,1,1,5,6,50,2,4,3,0,1,0,50.0,49.0,voiture,utilitaire_camion,1,2,9,1,3
202400042252,2024-06-16 15:30:00,2024,6,16,15,30,85,85234,RD38,46.767336,-2.002134,Plein jour,En agglomération,Hors intersection,Normale,Deux véhicules - frontale,3,2,2,0,1,1,1,0,1,50,2,3,0,1,0,2,71.0,59.0,voiture,voiture,1,2,1,1,1
202400042253,2024-06-15 16:40:00,2024,6,15,16,40,85,85042,RD137 - 65 Rue nationale,46.377306,-1.011386,Plein jour,Hors agglomération,Hors intersection,Normale,Deux véhicules - côté,3,2,2,0,1,1,1,0,1,80,2,2,1,0,1,0,15.0,71.0,deux_roues,voiture,1,1,1,1,3
202400042254,2024-07-04 12:35:00,2024,7,4,12,35,972,97213,AUTOROUTE A1,14.60837,-61.00505,Plein jour,Hors agglomération,Hors intersection,Normale,Trois véhicules et plus - en chaîne,1,3,2,0,1,1,1,0,1,90,3,3,2,0,1,0,24.0,20.0,voiture,voiture,1,1,1,1,4
202400042255,2024-07-01 19:55:00,2024,7,1,19,55,972,97213,ROUTE NATIONALE 5,14.59428,-60.98264,Nuit sans éclairage public,Hors agglomération,Hors intersection,Pluie légère,Autre collision,2,3,4,0,1,3,2,0,1,90,1,1,0,0,0,1,28.0,,voiture,,3,1,1,2,6
202400042256,2024-09-28 03:00:00,2024,9,28,3,0,44,44041,,47.08678,-1.561003,Nuit sans éclairage public,Hors agglomération,Hors intersection,Normale,Deux véhicules - frontale,3,2,2,0,1,1,1,0,1,80,2,3,0,1,2,0,21.0,40.0,voiture,voiture,3,1,1,1,1
202400042257,2024-06-15 12:17:00,2024,6,15,12,17,87,87154,route nationale 141,45.90441144,0.85800648,Plein jour,Hors agglomération,Hors intersection,Pluie légère,Deux véhicules - côté,2,1,2,0,1,1,2,0,1,110,2,3,2,0,0,1,77.0,63.0,voiture,voiture,1,1,1,2,3
202400042258,2024-05-01 18:20:00,2024,5,1,18,20,75,75106,RUE DE L ECOLE DE MEDECINE,48.850379,2.342604,Plein jour,En agglomération,Intersection en T,Normale,Autre collision,4,2, -1,-1,1,1,1,0,1,30,1,2,1,0,0,1,64.0,,voiture,,1,2,3,1,6
202400042258,2024-05-01 18:20:00,2024,5,1,18,20,75,75106,RUE DE L ECOLE DE MEDECINE,48.850379,2.342604,Plein jour,En agglomération,Intersection en T,Normale,Autre collision,4,1,1,0,1,1,1,1,1,30,1,2,1,0,0,1,64.0,,voiture,,1,2,3,1,6
202400042259,2024-06-15 10:00:00,2024,6,15,10,0,67,67460,Autoroute A4 - P 456+000,48.769683,7.602185,Plein jour,Hors agglomération,Hors intersection,Normale,Autre collision,1,3,0,0,1,1,1,7,1,70,1,1,0,0,0,1,31.0,,voiture,,1,1,1,1,6
202400042260,2024-10-17 23:45:00,2024,10,17,23,45,44,44109,62 Rue des Hauts Pavés,47.22544772,-1.56712219,Nuit avec éclairage allumé,En agglomération,Giratoire,Normale,Autre collision,4,2,2,2,1,1,1,5,1,30,1,1,0,1,0,0,42.0,,deux_roues,,5,2,6,1,6
202400042261,2024-06-15 08:11:00,2024,6,15,8,11,33,33452,,44.639346,-0.425892,Plein jour,Hors agglomération,Hors intersection,Normale,Deux véhicules - arrière,1,3,4,0,1,1,1,0,1,130,2,2,1,0,0,1,30.0,66.0,voiture,voiture,1,1,1,1,2
202400042262,2024-09-28 17:53:00,2024,9,28,17,53,29,29059,Lieu Dit Kerjean,48.62038008,-3.77204128,Plein jour,Hors agglomération,Intersection en X,Normale,Deux véhicules - côté,3,2,2,0,1,1,1,0,1,80,2,2,1,1,0,0,36.0,47.0,utilitaire_camion,deux_roues,1,1,2,1,3
202400042262,2024-09-28 17:53:00,2024,9,28,17,53,29,29059,Lieu Dit Kerjean,48.62038008,-3.77204128,Plein jour,Hors agglomération,Intersection en X,Normale,Deux véhicules - côté,3,2, -1,0,1,1,1,0,1,-1,2,2,1,1,0,0,36.0,47.0,utilitaire_camion,deux_roues,1,1,2,1,3
202400042263,2024-09-21 14:10:00,2024,9,21,14,10,74,74010,Route des creuses (Seynod),45.893488,6.109428,Plein jour,En agglomération,Intersection en X,Normale,Deux véhicules - côté,3,2,0,2,2,1,1,0,1,50,2,2,1,0,0,1,62.0,24.0,deux_roues,voiture,1,2,2,1,3
202400042263,2024-09-21 14:10:00,2024,9,21,14,10,74,74010,Route des creuses (Seynod),45.893488,6.109428,Plein jour,En agglomération,Intersection en X,Normale,Deux véhicules - côté,3,2, -1,-1,2,1,1,0,1,-1,2,2,1,0,0,1,62.0,24.0,deux_roues,voiture,1,2,2,1,3
202400042264,2024-09-29 15:15:00,2024,9,29,15,15,29,29211,Kerseach,48.30924182,-3.74674951,Plein jour,Hors agglomération,Hors intersection,Pluie légère,Autre collision,3,2,2,0,2,2,2,0,3,80,1,1,0,0,1,0,62.0,,deux_roues,,1,1,1,2,6
202400042265,2024-06-16 12:30:00,2024,6,16,12,30,69,69115,Autoroute 6,45.97329872,4.73241595,Plein jour,Hors agglomération,Hors intersection,Normale,Autre collision,1,3, -1,0,1,1,1,7,1,90,1,3,0,0,2,1,51.0,,voiture,,1,1,1,1,6
202400042266,2024-10-07 08:45:00,2024,10,7,8,45,74,74105,14 Rue des vignes de bachelard,46.309678,6.311694,Plein jour,En agglomération,Intersection en T,Normale,Deux véhicules - côté,4,-1, -1,0,1,1,2,0,1,10,2,2,0,0,0,2,32.0,39.0,voiture,voiture,1,2,3,1,3
202400042266,2024-10-07 08:45:00,2024,10,7,8,45,74,74105,14 Rue des vignes de bachelard,46.309678,6.311694,Plein jour,En agglomération,Intersection en T,Normale,Deux véhicules - côté,4,2,2,0,1,1,2,0,1,50,2,2,0,0,0,2,32.0,39.0,voiture,voiture,1,2,3,1,3
202400042267,2024-09-29 11:20:00,2024,9,29,11,20,38,38278,D201,45.230128,5.404029,Plein jour,Hors agglomération,Hors intersection,Normale,Deux véhicules - frontale,3,2,2,0,2,2,1,0,1,80,2,2,1,0,1,0,54.0,52.0,deux_roues,voiture,1,1,1,1,1
202400042268,2024-06-16 17:30:00,2024,6,16,17,30,988,98803,RT1,-21.60871,165.55174,Crépuscule ou aube,Hors agglomération,Hors intersection,Normale,Autre collision,2,2,2,0,4,2,1,0,3,110,1,3,2,0,0,1,26.0,,utilitaire_camion,,2,1,1,1,6
202400042269,2024-09-26 21:15:00,2024,9,26,21,15,70,70433,D76,47.566037,6.230074,Nuit sans éclairage public,Hors agglomération,Hors intersection,Autre,Autre collision,3,2,2,0,1,3,2,0,8,80,1,1,0,0,1,0,27.0,,voiture,,3,1,1,9,6
202400042270,2024-09-06 22:40:00,2024,9,6,22,40,74,74086,52 Route du chef lieu,46.023083,5.986181,Nuit sans éclairage public,En agglomération,Hors intersection,Normale,Deux véhicules - frontale,3,2,2,0,2,2,1,0,1,50,2,2,1,0,1,0,29.0,23.0,deux_roues,voiture,3,2,1,1,1
202400042271,2024-06-16 02:30:00,2024,6,16,2,30,973,97304,25 Rue Justin Catayée,5.16002073,-52.6449278,Nuit avec éclairage allumé,En agglomération,Hors intersection,Normale,Deux véhicules - frontale,4,2,2,0,1,1,1,0,1,50,2,2,1,0,1,0,29.0,31.0,deux_roues,voiture,5,2,1,1,1
202400042272,2024-09-28 19:15:00,2024,9,28,19,15,26,26345,Route de St Paul,44.303474,4.832397,Crépuscule ou aube,Hors agglomération,Hors intersection,Normale,Sans collision,3,2,2,0,1,1,1,0,3,80,1,1,0,1,0,0,28.0,,deux_roues,,2,1,1,1,7
202400042273,2024-07-23 17:00:00,2024,7,23,17,0,74,74241,Route de Marignier,46.131395,6.483189,Plein jour,En agglomération,Hors intersection,Normale,Deux véhicules - frontale,3,2,2,0,1,1,1,0,1,70,2,2,0,0,1,1,47.0,29.0,voiture,deux_roues,1,2,1,1,1
202400042274,2024-06-16 01:14:00,2024,6,16,1,14,66,66225,D61a,42.539667,2.899725,Nuit sans éclairage public,Hors agglomération,Hors intersection,Normale,Deux véhicules - frontale,3,2,2,0,2,2,1,0,1,80,2,2,0,0,0,2,29.0,29.0,voiture,voiture,3,1,1,1,1
202400042275,2024-09-28 16:30:00,2024,9,28,16,30,26,26365,"RD 538, Route de chabeuil, quartier  les massonnes",44.793344,5.020478,Plein jour,Hors agglomération,Hors intersection,Normale,Deux véhicules - frontale,3,2,2,0,1,1,1,0,1,80,2,3,0,1,2,0,45.0,20.0,voiture,voiture,1,1,1,1,1
202400042276,2024-06-06 03:00:00,2024,6,6,3,0,77,77534,D619,48.636241,2.762997,Nuit sans éclairage public,Hors agglomération,Hors intersection,Normale,Deux véhicules - frontale,3,2,2,0,2,3,1,0,1,-1,2,2,1,0,1,0,37.0,53.0,voiture,utilitaire_camion,3,1,1,1,1
202400042277,2024-06-15 09:25:00,2024,6,15,9,25,34,34146,Route Nationale 113,43.67516,4.074528,Plein jour,Hors agglomération,Hors intersection,Normale,Deux véhicules - côté,2,2,2,0,1,1,1,0,1,80,2,2,1,0,1,0,82.0,22.0,deux_roues,voiture,1,1,1,1,3
202400042278,2024-06-16 15:30:00,2024,6,16,15,30,84,84054,1020 Route de Fontaine-de-vaucluse,43.921695,5.073731,Plein jour,Hors agglomération,Hors intersection,Normale,Autre collision,3,2,2,0,1,1,1,0,3,80,1,1,0,0,1,0,23.0,,deux_roues,,1,1,1,1,6
202400042279,2024-09-28 23:45:00,2024,9,28,23,45,72,72138,lieu dit le sablon,48.29920896,0.09008467,Nuit avec éclairage allumé,Hors agglomération,Hors intersection,Normale,Deux véhicules - arrière,3,2,2,0,1,1,2,0,1,50,2,6,0,1,3,2,51.0,39.0,voiture,voiture,5,1,1,1,2
202400042280,2024-07-30 16:00:00,2024,7,30,16,0,13,13066,D28,43.88631,4.910309,Plein jour,Hors agglomération,Hors intersection,Normale,Deux véhicules - frontale,3,2,2,0,1,1,1,0,1,80,2,3,0,1,0,2,45.0,69.0,voiture,voiture,1,1,1,1,1
202400042281,2024-10-15 09:45:00,2024,10,15,9,45,44,44109,Boulevard Emile Gabory,47.1932983,-1.52791283,Plein jour,En agglomération,Hors intersection,Normale,Deux véhicules - côté,4,2,2,2,1,1,1,-1,1,50,2,2,1,0,0,1,17.0,33.0,deux_roues,voiture,1,2,1,1,3
202400042282,2024-06-15 06:00:00,2024,6,15,6,0,83,83019,D98,43.200237,6.408575,Plein jour,Hors agglomération,Hors intersection,Normale,Autre collision,3,2,2,0,1,1,1,0,3,80,1,3,0,0,1,2,20.0,,voiture,,1,1,1,1,6
202400042283,2024-12-07 03:09:00,2024,12,7,3,9,987,98735,POMARE (BVD),-17.540804,-149.568736,Nuit avec éclairage allumé,En agglomération,Hors intersection,Normale,Deux véhicules - frontale,9,-1,0,3,1,1,1,6,8,30,2,2,1,0,0,1,33.0,38.0,voiture,deux_roues,5,2,1,1,1