accident_id,datetime,annee,mois,jour,heure,minute,departement,commune_insee,adresse,latitude,longitude,luminosite,agglomeration,intersection,meteo,collision,catr,circ,nbv,vosp,prof,plan,surf,infra,situ,vma,nb_vehicules,nb_usagers,nb_indemnes,nb_tues,nb_blesses_hosp,nb_blesses_legers,age_cond_1,age_cond_2,veh_type_cond_1,veh_type_cond_2,lum_code,agg_code,int_code,atm_code,col_code
202400042284,2024-06-30 15:00:00,2024,6,30,15,0,14,14658,1 Rue de la Basinière,48.821354,-0.970021,Plein jour,Hors agglomération,Hors intersection,Normale,Deux véhicules - frontale,3,2,2,0,2,1,1,0,3,80,2,2,1,1,0,0,23.0,61.0,utilitaire_camion,deux_roues,1,1,1,1,1
202400042285,2024-06-15 16:52:00,2024,6,15,16,52,13,13030,Route Nationale 8,43.267534,5.737481,Plein jour,Hors agglomération,Hors intersection,Normale,Autre collision,3,2,2,2,2,3,1,0,1,80,1,1,0,0,1,0,51.0,,deux_roues,,1,1,1,1,6
202400042286,2024-09-28 20:30:00,2024,9,28,20,30,72,72201,Lieu Dit La Grande Croix,48.27502,0.376877,Crépuscule ou aube,Hors agglomération,Intersection en X,Normale,Deux véhicules - côté,3,2,2,0,1,1,1,0,1,90,2,4,2,0,0,2,17.0,58.0,voiture,voiture,2,1,2,1,3
202400042286,2024-09-28 20:30:00,2024,9,28,20,30,72,72201,Lieu Dit La Grande Croix,48.27502,0.376877,Crépuscule ou aube,Hors agglomération,Intersection en X,Normale,Deux véhicules - côté,3,2,2,0,1,1,1,0,1,90,2,4,2,0,0,2,17.0,58.0,voiture,voiture,2,1,2,1,3
202400042287,2024-12-07 23:30:00,2024,12,7,23,30,974,97416,PISCINE (ALLEE DE LA),-21.3311,55.4712,Nuit avec éclairage allumé,En agglomération,Autre intersection,Normale,Deux véhicules - côté,4,2,2,0,4,1,1,9,6,50,2,2,0,0,0,2,26.0,31.0,voiture,deux_roues,5,2,9,1,3
202400042288,2024-10-31 12:35:00,2024,10,31,12,35,69,69382,Rue de la Charité,45.74941,4.82989,Plein jour,En agglomération,Intersection en T,Normale,Autre collision,4,1,1,0,1,1,1,6,8,30,1,1,0,0,0,1,47.0,,deux_roues,,1,2,3,1,6
202400042288,2024-10-31 12:35:00,2024,10,31,12,35,69,69382,Rue de la Charité,45.74941,4.82989,Plein jour,En agglomération,Intersection en T,Normale,Autre collision,4,1,1,3,1,1,1,0,8,30,1,1,0,0,0,1,47.0,,deux_roues,,1,2,3,1,6
202400042289,2024-06-16 00:01:00,2024,6,16,0,1,13,13080,Route Rd 561,43.662765,5.447808,Nuit sans éclairage public,Hors agglomération,Intersection en T,Normale,Deux véhicules - côté,3,2,2,0,1,1,1,0,1,80,2,2,1,0,0,1,40.0,65.0,voiture,voiture,3,1,3,1,3
202400042289,2024-06-16 00:01:00,2024,6,16,0,1,13,13080,Route Rd 561,43.662765,5.447808,Nuit sans éclairage public,Hors agglomération,Intersection en T,Normale,Deux véhicules - côté,3,2, -1,-1,1,1,1,0,1,-1,2,2,1,0,0,1,40.0,65.0,voiture,voiture,3,1,3,1,3
202400042290,2024-12-08 16:50:00,2024,12,8,16,50,974,97411,MONTAGNE (ROUTE DE LA),-20.8889,55.43648,Plein jour,Hors agglomération,Hors intersection,Pluie forte,Deux véhicules - côté,3,2,2,3,2,4,2,0,1,70,2,4,3,0,0,1,26.0,52.0,voiture,voiture,1,1,1,3,3
202400042291,2024-08-08 17:15:00,2024,8,8,17,15,74,74010,ALERY (AVENUE D'),45.90063,6.12059,Plein jour,En agglomération,Intersection en T,Normale,Deux véhicules - côté,4,2,2,0,1,1,1,0,1,30,2,2,1,0,0,1,30.0,25.0,voiture,autre,1,2,3,1,3
202400042291,2024-08-08 17:15:00,2024,8,8,17,15,74,74010,ALERY (AVENUE D'),45.90063,6.12059,Plein jour,En agglomération,Intersection en T,Normale,Deux véhicules - côté,4,2, -1,-1,1,1,1,0,1,-1,2,2,1,0,0,1,30.0,25.0,voiture,autre,1,2,3,1,3
202400042292,2024-06-15 18:30:00,2024,6,15,18,30,13,13048,"CD 11, plateau de Bèdes",43.650547,5.665383,Plein jour,Hors agglomération,Hors intersection,Normale,Sans collision,3,2,2,0,1,1,1,0,3,80,1,2,0,0,1,1,52.0,,deux_roues,,1,1,1,1,7
202400042293,2024-09-29 09:30:00,2024,9,29,9,30,72,72103,D177,47.83320139,0.53381852,Plein jour,Hors agglomération,Intersection en X,Normale,Deux véhicules - côté,3,2,2,0,1,1,1,0,1,90,2,11,0,0,0,11,35.0,22.0,voiture,voiture,1,1,2,1,3
202400042293,2024-09-29 09:30:00,2024,9,29,9,30,72,72103,D177,47.83320139,0.53381852,Plein jour,Hors agglomération,Intersection en X,Normale,Deux véhicules - côté,3,2, -1,-1,1,1,1,0,1,-1,2,11,0,0,0,11,35.0,22.0,voiture,voiture,1,1,2,1,3
202400042294,2024-12-08 13:00:00,2024,12,8,13,0,69,69386,Rue de Sèze,45.76872,4.85247,Plein jour,En agglomération,Intersection en X,Pluie légère,Deux véhicules - côté,4,1,1,2,1,1,2,0,1,30,2,2,1,0,0,1,56.0,35.0,utilitaire_camion,deux_roues,1,2,2,2,3
202400042294,2024-12-08 13:00:00,2024,12,8,13,0,69,69386,Rue de Sèze,45.76872,4.85247,Plein jour,En agglomération,Intersection en X,Pluie légère,Deux véhicules - côté,4,1,1,2,1,1,2,0,1,30,2,2,1,0,0,1,56.0,35.0,utilitaire_camion,deux_roues,1,2,2,2,3
202400042295,2024-11-02 11:10:00,2024,11,2,11,10,987,98735,PIERRE LOTI (ALLEE),-17.5533,-149.54905,Plein jour,Hors agglomération,Hors intersection,Normale,Deux véhicules - côté,2,2,2,2,1,1,1,9,8,30,2,2,1,0,0,1,40.0,63.0,deux_roues,utilitaire_camion,1,1,1,1,3
202400042296,2024-06-13 19:10:00,2024,6,13,19,10,68,68012,23 Route de Thann,47.778988,7.132473,Plein jour,En agglomération,Hors intersection,Normale,Deux véhicules - côté,3,-1,2,0,1,1,1,0,1,30,2,3,2,0,0,1,21.0,10.0,voiture,deux_roues,1,2,1,1,3
202400042297,2024-09-28 18:00:00,2024,9,28,18,0,90,90041,Rue d'Eloie,47.709999,6.921634,Plein jour,En agglomération,Hors intersection,Normale,Sans collision,3,2,2,0,1,1,1,9,1,30,1,1,0,0,0,1,22.0,,deux_roues,,1,2,1,1,7
202400042298,2024-12-08 11:55:00,2024,12,8,11,55,69,69386,Rue Garibaldi,45.77302,4.84984,Plein jour,En agglomération,Intersection en X,Pluie légère,Autre collision,4,2,2,3,1,1,2,0,1,30,1,2,1,0,0,1,37.0,,utilitaire_camion,,1,2,2,2,6
202400042298,2024-12-08 11:55:00,2024,12,8,11,55,69,69386,Rue Garibaldi,45.77302,4.84984,Plein jour,En agglomération,Intersection en X,Pluie légère,Autre collision,4,1,3,0,1,1,2,0,1,50,1,2,1,0,0,1,37.0,,utilitaire_camion,,1,2,2,2,6
202400042299,2024-06-15 17:20:00,2024,6,15,17,20,68,68334,Place de la Halle des Sports,47.80409,7.106808,Plein jour,En agglomération,Hors intersection,Normale,Deux véhicules - frontale,4,2,2,0,1,2,1,0,1,50,2,2,1,0,1,0,14.0,63.0,deux_roues,voiture,1,2,1,1,1
202400042300,2024-09-15 06:30:00,2024,9,15,6,30,64,64160,Chemin Hardoya,43.365625,-1.366832,Nuit sans éclairage public,Hors agglomération,Hors intersection,Normale,Sans collision,3,2,2,0,1,1,1,0,3,80,1,1,0,0,1,0,27.0,,voiture,,3,1,1,1,7
202400042301,2024-11-02 20:15:00,2024,11,2,20,15,974,97411,MAZAGRAN (RUE),-20.88876,55.45502,Nuit avec éclairage allumé,En agglomération,Intersection en Y,Normale,Sans collision,4,1,2,0,1,1,1,0,1,50,1,1,0,0,1,0,20.0,,deux_roues,,5,2,4,1,7
202400042301,2024-11-02 20:15:00,2024,11,2,20,15,974,97411,MAZAGRAN (RUE),-20.88876,55.45502,Nuit avec éclairage allumé,En agglomération,Intersection en Y,Normale,Sans collision,4,1,2,0,1,1,1,0,1,50,1,1,0,0,1,0,20.0,,deux_roues,,5,2,4,1,7
202400042302,2024-12-07 04:30:00,2024,12,7,4,30,972,97213,ROUTE NATIONALE 5,14.5969,-60.99791,Nuit sans éclairage public,Hors agglomération,Hors intersection,Normale,Autre collision,2,2,4,0,1,2,1,0,1,70,1,1,0,0,0,1,21.0,,voiture,,3,1,1,1,6
202400042303,2024-06-15 19:20:00,2024,6,15,19,20,68,68379,2 Rue de la Gare,48.028642,7.502436,Plein jour,En agglomération,Hors intersection,Normale,Sans collision,4,2,2,0,1,1,1,0,1,30,1,1,0,0,1,0,26.0,,deux_roues,,1,2,1,1,7
202400042304,2024-09-10 17:40:00,2024,9,10,17,40,87,87046,la lande du dolmen,45.83048629,0.95850706,Plein jour,Hors agglomération,Hors intersection,Normale,Sans collision,3,2,2,0,1,3,1,0,1,80,1,1,0,0,1,0,30.0,,voiture,,1,1,1,1,7
202400042305,2024-11-02 09:10:00,2024,11,2,9,10,974,97409,Lefaguyes (chemin),-20.96035,55.65824,Plein jour,En agglomération,Hors intersection,Normale,Deux véhicules - côté,4,2,2,0,1,3,1,9,1,30,2,2,1,0,0,1,27.0,63.0,deux_roues,voiture,1,2,1,1,3
202400042306,2024-09-28 02:04:00,2024,9,28,2,4,37,37015,Route de la Gare,47.35965589,0.85934329,Nuit sans éclairage public,Hors agglomération,Hors intersection,Pluie légère,Autre collision,3,2,2,0,1,2,2,0,3,80,1,1,0,0,1,0,18.0,,voiture,,3,1,1,2,6
202400042307,2024-11-01 15:00:00,2024,11,1,15,0,974,97407,ROND POINT BUTTE CITRONNELLE,-20.93151,55.29775,Plein jour,En agglomération,Hors intersection,Pluie légère,Autre collision,4,1,2,0,1,2,2,0,3,50,1,2,1,0,0,1,57.0,,voiture,,1,2,1,2,6
202400042308,2024-06-15 20:45:00,2024,6,15,20,45,67,67137,M83,48.496346,7.686964,Crépuscule ou aube,En agglomération,Intersection en Y,Normale,Deux véhicules - arrière,7,3,0,0,1,2,1,5,1,-1,2,3,0,0,0,3,58.0,72.0,voiture,voiture,2,2,4,1,2
202400042308,2024-06-15 20:45:00,2024,6,15,20,45,67,67137,M83,48.496346,7.686964,Crépuscule ou aube,En agglomération,Intersection en Y,Normale,Deux véhicules - arrière,7,1, -1,-1,1,1,1,5,1,-1,2,3,0,0,0,3,58.0,72.0,voiture,voiture,2,2,4,1,2
202400042309,2024-12-08 17:20:00,2024,12,8,17,20,972,97209,RD 41 (ROCADE),14.61373,-61.06434,Crépuscule ou aube,En agglomération,Hors intersection,Normale,Deux véhicules - côté,3,1,3,0,2,1,1,3,1,60,2,8,1,0,0,7,45.0,66.0,voiture,voiture,2,2,1,1,3
202400042310,2024-09-28 16:40:00,2024,9,28,16,40,48,48178,RN 106,44.27763,3.831383,Plein jour,En agglomération,Hors intersection,Normale,Autre collision,2,2,2,0,1,2,1,0,3,50,1,1,0,0,1,0,29.0,,deux_roues,,1,2,1,1,6
202400042311,2024-12-08 21:00:00,2024,12,8,21,0,2B,2B033,PAOLI DU NR 21 AU 45 -BLD,42.69956,9.4498,Nuit sans éclairage public,En agglomération,Hors intersection,Pluie légère,Autre collision,9,2,2,0,1,1,2,6,1,50,1,2,1,0,0,1,76.0,,voiture,,3,2,1,2,6
202400042312,2024-11-02 19:35:00,2024,11,2,19,35,973,97302,TROUBIRAN (CHEMIN DE),4.92704203,-52.30348268,Nuit avec éclairage allumé,En agglomération,Intersection en T,Normale,Deux véhicules - côté,4,2,2,0,1,1,1,0,1,50,2,3,1,0,0,2,47.0,40.0,voiture,deux_roues,5,2,3,1,3
202400042313,2024-06-16 00:52:00,2024,6,16,0,52,57,57701,D6,49.091869,6.094097,Nuit sans éclairage public,En agglomération,Hors intersection,Normale,Deux véhicules - arrière,7,3,2,0,1,1,1,0,1,50,2,6,5,0,1,0,35.0,29.0,voiture,voiture,3,2,1,1,2
202400042314,2024-11-02 14:30:00,2024,11,2,14,30,971,97101,BLANCHARD,16.22589,-61.52413,Plein jour,Hors agglomération,Hors intersection,Pluie forte,Sans collision,3,1,1,0,4,2,2,3,3,50,1,1,0,0,0,1,21.0,,voiture,,1,1,1,3,7
202400042315,2024-09-28 16:30:00,2024,9,28,16,30,48,48082,Route nationale 88 lieu dit la pierre plantée,44.590142,3.66872,Plein jour,Hors agglomération,Hors intersection,Normale,Deux véhicules - frontale,2,2,2,0,2,1,1,0,1,80,2,5,0,0,1,4,28.0,78.0,voiture,voiture,1,1,1,1,1
202400042316,2024-12-08 11:15:00,2024,12,8,11,15,971,97101,RN1 ROCADE DE CHAUVEL,16.24042,-61.52263,Plein jour,En agglomération,Hors intersection,Normale,Deux véhicules - arrière,2,3,3,0,3,1,1,3,1,90,2,2,1,0,0,1,33.0,33.0,deux_roues,voiture,1,2,1,1,2
202400042317,2024-06-14 11:30:00,2024,6,14,11,30,03,03034,10 route du stade,46.307117,3.485477,Plein jour,En agglomération,Hors intersection,Normale,Autre collision,4,2,2,0,1,1,1,2,3,30,1,3,1,0,1,1,18.0,,voiture,,1,2,1,1,6
202400042318,2024-11-02 22:45:00,2024,11,2,22,45,2A,2A004,#1 Cours du Prince Imperial#,41.93402,8.75268,Nuit avec éclairage allumé,En agglomération,Autre intersection,Normale,Deux véhicules - côté,2,-1,2,0,1,1,1,5,1,50,2,2,1,0,0,1,55.0,71.0,voiture,deux_roues,5,2,9,1,3
202400042319,2024-12-08 13:15:00,2024,12,8,13,15,95,95277,D170,48.97805631,2.43738361,Plein jour,En agglomération,Hors intersection,Pluie forte,Deux véhicules - côté,3,-1,0,0,1,1,2,0,4,50,2,2,1,0,0,1,50.0,19.0,utilitaire_camion,utilitaire_camion,1,2,1,3,3
202400042320,2024-09-29 05:55:00,2024,9,29,5,55,10,10295,Route Departementale 452,48.073007,4.383725,Nuit avec éclairage allumé,Hors agglomération,Autre intersection,Brouillard / fumée,Autre collision,3,2,2,0,1,2,2,5,3,80,1,3,2,0,1,0,23.0,,voiture,,5,1,9,5,6
202400042321,2024-12-08 19:15:00,2024,12,8,19,15,95,95582,7 CHARLES DE GAULLE (BOULEVARD),48.9695,2.26374,Nuit avec éclairage allumé,En agglomération,Hors intersection,Pluie légère,Autre collision,4,2,2,0,1,1,2,0,1,50,1,2,1,0,0,1,23.0,,voiture,,5,2,1,2,6
202400042322,2024-11-01 15:05:00,2024,11,1,15,5,95,95539,LUAT (CHEMIN DU),49.01307256,2.3565942,Plein jour,En agglomération,Hors intersection,Normale,Deux véhicules - frontale,4,2,1,0,1,1,1,0,1,50,2,2,0,0,2,0,91.0,66.0,voiture,voiture,1,2,1,1,1
202400042323,2024-06-16 05:30:00,2024,6,16,5,30,73,73150,N90,45.55777676,6.66279656,Crépuscule ou aube,Hors agglomération,Hors intersection,Temps couvert,Trois véhicules et plus - collisions multiples,2,2,2,0,2,1,1,0,1,80,3,3,2,0,1,0,26.0,46.0,utilitaire_camion,voiture,2,1,1,8,5
202400042324,2024-09-10 15:50:00,2024,9,10,15,50,31,31424,Rue des Fauvettes,43.562948,1.291725,Plein jour,En agglomération,Hors intersection,Normale,Trois véhicules et plus - collisions multiples,4,2,2,0,1,1,1,0,1,50,3,3,2,0,1,0,62.0,74.0,voiture,voiture,1,2,1,1,5
202400042325,2024-12-08 20:10:00,2024,12,8,20,10,91,91339,RTE NATIONALE 20,48.61896,2.25822,Nuit sans éclairage public,Hors agglomération,Hors intersection,Temps couvert,Sans collision,3,1,2,0,2,1,2,0,3,70,1,1,0,0,0,1,23.0,,voiture,,3,1,1,8,7
202400042326,2024-11-01 09:10:00,2024,11,1,9,10,91,91425,RTE D ORLEANS RN 20,48.6489,2.2723,Plein jour,En agglomération,Hors intersection,Normale,Deux véhicules - arrière,3,-1,2,0,1,1,1,0,1,50,2,2,1,0,0,1,21.0,27.0,voiture,voiture,1,2,1,1,2
202400042327,2024-12-08 21:20:00,2024,12,8,21,20,91,91691,MARECHAL JUINI(RUE),48.711027,2.486929,Nuit avec éclairage allumé,En agglomération,Hors intersection,Autre,Autre collision,3,3,2,0,1,1,2,0,1,30,1,1,0,0,0,1,36.0,,voiture,,5,2,1,9,6
202400042328,2024-11-02 16:00:00,2024,11,2,16,0,91,91286,CORBEIL (ROUTE DE),48.65294,2.39519,Plein jour,En agglomération,Hors intersection,Temps couvert,Autre collision,4,2,2,0,1,1,1,0,1,50,1,2,1,0,0,1,43.0,,voiture,,1,2,1,8,6
202400042329,2024-06-16 16:20:00,2024,6,16,16,20,38,38557,D517,45.7663,5.08735,Plein jour,Hors agglomération,Hors intersection,Normale,Sans collision,3,2,0,0,1,1,8,0,1,90,1,1,0,0,0,1,50.0,,deux_roues,,1,1,1,1,7
202400042330,2024-12-08 23:30:00,2024,12,8,23,30,91,91687,VICTOR SCHOELCHER (AVENUE),48.649315,2.36832,Nuit avec éclairage allumé,En agglomération,Hors intersection,Pluie légère,Sans collision,3,1,2,0,1,1,2,0,1,50,1,2,0,0,0,2,23.0,,voiture,,5,2,1,2,7
202400042331,2024-06-16 01:00:00,2024,6,16,1,0,26,26315,D103,45.006261,5.440979,Nuit sans éclairage public,Hors agglomération,Hors intersection,Normale,Sans collision,3,2,2,0,2,1,1,0,3,80,1,1,0,1,0,0,24.0,,utilitaire_camion,,3,1,1,1,7
202400042332,2024-09-28 01:55:00,2024,9,28,1,55,67,67506,Autoroute A4 - PK 472.750 - Sens STRASBOURG vers PARIS,48.66967824,7.73669243,Nuit sans éclairage public,Hors agglomération,Hors intersection,Pluie légère,Deux véhicules - arrière,1,3,2,0,1,1,2,9,1,110,2,2,1,1,0,0,24.0,22.0,utilitaire_camion,utilitaire_camion,3,1,1,2,2
202400042333,2024-11-02 12:43:00,2024,11,2,12,43,91,91521,AV DE L AUNETTE,48.63973,2.40893,Plein jour,En agglomération,Intersection en X,Normale,Deux véhicules - frontale,4,2,2,0,1,1,1,0,1,30,2,2,1,0,0,1,50.0,24.0,deux_roues,utilitaire_camion,1,2,2,1,1
202400042333,2024-11-02 12:43:00,2024,11,2,12,43,91,91521,AV DE L AUNETTE,48.63973,2.40893,Plein jour,En agglomération,Intersection en X,Normale,Deux véhicules - frontale,4,2,2,0,1,1,1,0,1,50,2,2,1,0,0,1,50.0,24.0,deux_roues,utilitaire_camion,1,2,2,1,1
202400042334,2024-12-07 16:45:00,2024,12,7,16,45,88,88383,JONCHERIE,48.01885,6.59323,Crépuscule ou aube,En agglomération,Hors intersection,Pluie forte,Deux véhicules - frontale,3,-1,2,0,1,1,2,0,1,50,1,3,2,0,1,0,77.0,,voiture,,2,2,1,3,1
202400042335,2024-06-15 10:05:00,2024,6,15,10,5,07,07232,D19,44.63917,4.030985,Plein jour,Hors agglomération,Hors intersection,Temps couvert,Deux véhicules - frontale,3,2,2,0,1,2,1,0,1,-1,2,2,1,0,1,0,46.0,54.0,voiture,deux_roues,1,1,1,8,1
202400042336,2024-09-29 07:40:00,2024,9,29,7,40,77,77508,pk 45 D231,48.822888,2.811795,Crépuscule ou aube,Hors agglomération,Hors intersection,Normale,Deux véhicules - frontale,3,2,2,0,1,1,1,0,1,80,2,3,1,0,0,2,39.0,25.0,voiture,voiture,2,1,1,1,1
202400042337,2024-10-29 17:15:00,2024,10,29,17,15,84,84031,ROGIER BOULEVARD ALFRED,44.05782,5.05043,Plein jour,En agglomération,Place,Normale,Trois véhicules et plus - en chaîne,4,1,2,0,2,1,1,0,1,50,3,3,2,0,0,1,37.0,82.0,voiture,voiture,1,2,7,1,4
202400042338,2024-12-09 00:05:00,2024,12,9,0,5,84,84072,ROUTE DE BEDOIN,44.07336,5.08706,Nuit sans éclairage public,Hors agglomération,Hors intersection,Normale,Deux véhicules - frontale,3,2,2,0,1,1,1,0,1,80,2,3,0,0,1,2,53.0,21.0,voiture,voiture,3,1,1,1,1
202400042339,2024-06-15 17:20:00,2024,6,15,17,20,07,07279,1045 les baraques,44.437154,4.66206,Plein jour,Hors agglomération,Hors intersection,Normale,Deux véhicules - côté,3,2,2,0,1,1,1,0,1,90,2,4,3,0,0,1,35.0,34.0,deux_roues,voiture,1,1,1,1,3
202400042340,2024-09-28 01:39:00,2024,9,28,1,39,77,77177,D21,48.797604,2.728587,Nuit sans éclairage public,Hors agglomération,Hors intersection,Normale,Autre collision,3,2,2,0,1,1,1,9,3,80,1,1,0,0,1,0,66.0,,voiture,,3,1,1,1,6
202400042341,2024-11-02 22:55:00,2024,11,2,22,55,78,78208,HELSINKI (BOULEVARD),48.79516,1.9729,Nuit avec éclairage allumé,En agglomération,Intersection en Y,Normale,Autre collision,4,-1,1,0,1,1,1,0,1,50,1,1,0,0,0,1,29.0,,voiture,,5,2,4,1,6
202400042341,2024-11-02 22:55:00,2024,11,2,22,55,78,78208,HELSINKI (BOULEVARD),48.79516,1.9729,Nuit avec éclairage allumé,En agglomération,Intersection en Y,Normale,Autre collision,4,1,1,0,1,3,1,0,1,50,1,1,0,0,0,1,29.0,,voiture,,5,2,4,1,6
202400042342,2024-12-06 11:10:00,2024,12,6,11,10,80,80001,Rue Jean Mennesson,50.11666,1.82829,Plein jour,En agglomération,Hors intersection,Normale,Deux véhicules - côté,3,-1,2,0,2,1,1,0,1,50,2,2,1,0,0,1,34.0,55.0,voiture,deux_roues,1,2,1,1,3
202400042343,2024-06-16 14:30:00,2024,6,16,14,30,01,01275,chemin de la baraka,45.807751,4.936278,Plein jour,Hors agglomération,Hors intersection,Normale,Autre collision,6,-1, -1,0,1,2,1,0,1,50,1,2,1,0,0,1,55.0,,voiture,,1,1,1,1,6
202400042344,2024-09-28 11:00:00,2024,9,28,11,0,2B,2B298,Route de Fornali,42.690093,9.271259,Plein jour,Hors agglomération,Hors intersection,Normale,Sans collision,4,2,2,0,2,1,1,0,1,80,1,2,1,0,0,1,28.0,,deux_roues,,1,1,1,1,7
202400042345,2024-09-29 02:00:00,2024,9,29,2,0,66,66176,,42.77816239,2.96272516,Nuit sans éclairage public,Hors agglomération,Hors intersection,Normale,Autre collision,3,3,4,0,1,1,1,0,3,110,1,2,1,0,1,0,34.0,,voiture,,3,1,1,1,6
202400042346,2024-09-28 22:41:00,2024,9,28,22,41,84,84078,N7,44.240645,4.711365,Nuit avec éclairage allumé,Hors agglomération,Intersection en X,Normale,Trois véhicules et plus - collisions multiples,2,3,0,0,1,1,1,0,1,80,4,7,1,0,3,3,33.0,64.0,voiture,voiture,5,1,2,1,5
202400042346,2024-09-28 22:41:00,2024,9,28,22,41,84,84078,N7,44.240645,4.711365,Nuit avec éclairage allumé,Hors agglomération,Intersection en X,Normale,Trois véhicules et plus - collisions multiples,2,2,2,-1,1,1,1,0,1,-1,4,7,1,0,3,3,33.0,64.0,voiture,voiture,5,1,2,1,5
202400042347,2024-11-02 12:20:00,2024,11,2,12,20,77,77276,COTE DE LA JUSTICE (ROUTE),48.93876172,2.87944442,Plein jour,En agglomération,Hors intersection,Normale,Deux véhicules - côté,3,1,2,0,1,2,1,0,1,50,2,3,2,0,0,1,19.0,72.0,voiture,deux_roues,1,2,1,1,3
202400042348,2024-09-28 21:00:00,2024,9,28,21,0,84,84129,2105 Avenue d'Orange,44.026212,4.873235,Nuit avec éclairage allumé,En agglomération,Hors intersection,Normale,Autre collision,3,2,2,0,1,1,1,0,3,80,1,1,0,0,1,0,48.0,,voiture,,5,2,1,1,6
202400042349,2024-06-15 17:05:00,2024,6,15,17,5,01,01064,Route du Pont,45.785231,5.452681,Plein jour,En agglomération,Intersection en T,Normale,Deux véhicules - côté,3,2,1,0,1,1,1,0,1,50,2,3,1,0,0,2,33.0,24.0,utilitaire_camion,deux_roues,1,2,3,1,3
202400042349,2024-06-15 17:05:00,2024,6,15,17,5,01,01064,Route du Pont,45.785231,5.452681,Plein jour,En agglomération,Intersection en T,Normale,Deux véhicules - côté,3,2,1,0,1,1,1,0,8,50,2,3,1,0,0,2,33.0,24.0,utilitaire_camion,deux_roues,1,2,3,1,3
202400042350,2024-09-29 10:05:00,2024,9,29,10,5,89,89206,Rue de la Porte Percy,47.982637,3.404823,Plein jour,En agglomération,Intersection en X,Normale,Deux véhicules - arrière,3,2, -1,-1,2,1,1,0,1,-1,2,2,1,0,1,0,64.0,56.0,deux_roues,voiture,1,2,2,1,2
202400042350,2024-09-29 10:05:00,2024,9,29,10,5,89,89206,Rue de la Porte Percy,47.982637,3.404823,Plein jour,En agglomération,Intersection en X,Normale,Deux véhicules - arrière,3,2,2,0,1,1,1,0,1,50,2,2,1,0,1,0,64.0,56.0,deux_roues,voiture,1,2,2,1,2
202400042351,2024-06-16 03:45:00,2024,6,16,3,45,85,85238,6 Rue sainte-anne,46.951218,-0.893605,Nuit sans éclairage public,En agglomération,Hors intersection,Pluie forte,Autre collision,4,2,2,0,1,1,2,0,3,50,1,1,0,0,1,0,17.0,,deux_roues,,3,2,1,3,6
202400042352,2024-11-01 13:05:00,2024,11,1,13,5,73,73065,BOISSE (AVENUE DE LA),45.5836508,5.90961546,Plein jour,Hors agglomération,Intersection en Y,Normale,Deux véhicules - côté,3,3,4,0,1,1,1,5,1,80,2,6,0,0,0,6,34.0,24.0,voiture,utilitaire_camion,1,1,4,1,3
202400042352,2024-11-01 13:05:00,2024,11,1,13,5,73,73065,BOISSE (AVENUE DE LA),45.5836508,5.90961546,Plein jour,Hors agglomération,Intersection en Y,Normale,Deux véhicules - côté,3,2,3,0,2,2,1,5,1,80,2,6,0,0,0,6,34.0,24.0,voiture,utilitaire_camion,1,1,4,1,3
202400042353,2024-09-29 12:00:00,2024,9,29,12,0,42,42296,Route de Lyon,45.735272,4.275012,Plein jour,Hors agglomération,Hors intersection,Normale,Autre collision,3,2,2,0,1,1,1,0,3,80,1,1,0,0,1,0,73.0,,voiture,,1,1,1,1,6
202400042354,2024-11-02 08:34:00,2024,11,2,8,34,72,72181,MOULIN JEAN (BD) N° IMP,47.9776,0.2083,Plein jour,En agglomération,Intersection en X,Normale,Autre collision,4,2,2,0,1,1,2,8,1,50,1,1,0,1,0,0,67.0,,voiture,,1,2,2,1,6
202400042354,2024-11-02 08:34:00,2024,11,2,8,34,72,72181,MOULIN JEAN (BD) N° IMP,47.9776,0.2083,Plein jour,En agglomération,Intersection en X,Normale,Autre collision,4,3,0,0,1,1,2,0,1,50,1,1,0,1,0,0,67.0,,voiture,,1,2,2,1,6
202400042355,2024-06-08 05:35:00,2024,6,8,5,35,76,76041,Route des Tôts,49.657551,0.71969,Crépuscule ou aube,En agglomération,Hors intersection,Normale,Deux véhicules - frontale,3,-1,2,0,1,1,1,0,1,50,2,3,1,0,1,1,20.0,21.0,voiture,voiture,2,2,1,1,1
202400042356,2024-11-02 03:40:00,2024,11,2,3,40,72,72003,RATERIE (CHE DE LA),47.97664577,0.15660882,Nuit avec éclairage allumé,En agglomération,Hors intersection,Pluie légère,Autre collision,4,3,2,0,1,3,2,0,8,50,1,5,0,0,1,4,18.0,,voiture,,5,2,1,2,6
202400042357,2024-09-29 14:50:00,2024,9,29,14,50,42,42147,Rue de Saint Anthème,45.585422,4.073927,Plein jour,Hors agglomération,Intersection en Y,Normale,Deux véhicules - côté,4,2,2,-1,1,2,1,5,1,-1,2,2,1,0,0,1,26.0,58.0,voiture,deux_roues,1,1,4,1,3
202400042357,2024-09-29 14:50:00,2024,9,29,14,50,42,42147,Rue de Saint Anthème,45.585422,4.073927,Plein jour,Hors agglomération,Intersection en Y,Normale,Deux véhicules - côté,4,4,2,0,1,1,1,5,1,50,2,2,1,0,0,1,26.0,58.0,voiture,deux_roues,1,1,4,1,3
202400042358,2024-06-14 07:52:00,2024,6,14,7,52,13,13117,A7-Sens Lyon vers Marseille,43.43203191,5.25786355,Plein jour,Hors agglomération,Hors intersection,Temps couvert,Deux véhicules - arrière,1,1,2,0,1,1,1,0,1,90,2,2,1,0,0,1,23.0,48.0,deux_roues,voiture,1,1,1,8,2