accident_id,datetime,annee,mois,jour,heure,minute,departement,commune_insee,adresse,latitude,longitude,luminosite,agglomeration,intersection,meteo,collision,catr,circ,nbv,vosp,prof,plan,surf,infra,situ,vma,nb_vehicules,nb_usagers,nb_indemnes,nb_tues,nb_blesses_hosp,nb_blesses_legers,age_cond_1,age_cond_2,veh_type_cond_1,veh_type_cond_2,lum_code,agg_code,int_code,atm_code,col_code
202400042359,2024-09-28 12:50:00,2024,9,28,12,50,38,38565,Route de l'Isère (Pont),45.27258,5.626137,Plein jour,Hors agglomération,Giratoire,Pluie légère,Autre collision,3,2,3,0,1,3,2,2,4,50,1,1,0,0,1,0,24.0,,voiture,,1,1,6,2,6
202400042360,2024-12-08 18:50:00,2024,12,8,18,50,77,77369,D405,48.97506,2.90404,Nuit sans éclairage public,Hors agglomération,Giratoire,Normale,Deux véhicules - côté,3,1,1,0,1,2,2,0,1,50,2,2,1,0,0,1,58.0,22.0,voiture,voiture,3,1,6,1,3
202400042361,2024-11-02 19:00:00,2024,11,2,19,0,69,69286,Route de Fontaines,45.8255,4.88183,Nuit avec éclairage allumé,Hors agglomération,Hors intersection,Pluie légère,Deux véhicules - côté,4,2,2,0,2,2,2,0,1,50,2,6,4,0,0,2,,35.0,voiture,voiture,5,1,1,2,3
202400042362,2024-12-08 18:39:00,2024,12,8,18,39,76,76498,Avenue des Allies,49.42475,1.05583,Nuit avec éclairage allumé,En agglomération,Intersection en X,Temps couvert,Autre collision,7,2,2,0,1,3,2,-1,8,50,1,2,1,0,1,0,58.0,,voiture,,5,2,2,8,6
202400042362,2024-12-08 18:39:00,2024,12,8,18,39,76,76498,Avenue des Allies,49.42475,1.05583,Nuit avec éclairage allumé,En agglomération,Intersection en X,Temps couvert,Autre collision,7,2,2,0,1,3,2,0,8,50,1,2,1,0,1,0,58.0,,voiture,,5,2,2,8,6
202400042363,2024-09-29 17:20:00,2024,9,29,17,20,69,69106,Route Départementale 76,45.927013,4.656529,Plein jour,Hors agglomération,Intersection en X,Normale,Deux véhicules - côté,3,2,2,0,1,1,1,0,1,70,2,2,1,0,0,1,27.0,14.0,voiture,deux_roues,1,1,2,1,3
202400042363,2024-09-29 17:20:00,2024,9,29,17,20,69,69106,Route Départementale 76,45.927013,4.656529,Plein jour,Hors agglomération,Intersection en X,Normale,Deux véhicules - côté,3,2,2,0,1,1,1,0,1,70,2,2,1,0,0,1,27.0,14.0,voiture,deux_roues,1,1,2,1,3
202400042364,2024-04-12 16:00:00,2024,4,12,16,0,69,69290,Autoroute 43,45.70568,4.95985,Plein jour,Hors agglomération,Hors intersection,Normale,Trois véhicules et plus - en chaîne,1,3,8,0,1,1,1,0,1,90,3,4,2,0,0,2,,20.0,voiture,voiture,1,1,1,1,4
202400042365,2024-11-02 12:00:00,2024,11,2,12,0,67,67482,SCHIRMECK (ROUTE DE),48.565973,7.707705,Plein jour,En agglomération,Hors intersection,Normale,Trois véhicules et plus - en chaîne,7,4,3,1,1,1,1,2,1,50,3,4,3,0,0,1,54.0,23.0,voiture,voiture,1,2,1,1,4
202400042366,2024-12-08 18:30:00,2024,12,8,18,30,69,69266,Place Wilson,45.77397,4.86766,Nuit avec éclairage allumé,En agglomération,Hors intersection,Pluie forte,Deux véhicules - frontale,4,2,2,2,1,1,2,0,1,30,2,2,1,0,0,1,23.0,,deux_roues,voiture,5,2,1,3,1
202400042367,2024-09-27 18:35:00,2024,9,27,18,35,33,33535,,44.827432,-0.476709,Plein jour,Hors agglomération,Hors intersection,Pluie légère,Deux véhicules - frontale,3,2,2,0,1,3,2,0,1,70,2,3,2,0,1,0,36.0,49.0,utilitaire_camion,voiture,1,1,1,2,1
202400042368,2024-11-02 11:19:00,2024,11,2,11,19,64,64483,ITHURRALDE ANDRE (AVENUE),43.39394,-1.65026,Plein jour,En agglomération,Hors intersection,Temps éblouissant,Deux véhicules - côté,3,2,2,0,1,1,1,0,1,500,2,2,1,0,1,0,80.0,42.0,voiture,deux_roues,1,2,1,7,3
202400042369,2024-09-27 22:15:00,2024,9,27,22,15,53,53082,131 route des pommiers,47.98476359,-0.88803922,Nuit sans éclairage public,Hors agglomération,Hors intersection,Normale,Autre collision,3,2,2,0,1,3,1,9,3,80,1,1,0,0,1,0,36.0,,utilitaire_camion,,3,1,1,1,6
202400042370,2024-12-08 04:20:00,2024,12,8,4,20,69,69266,Allée du Frère Benoit,45.78705,4.8864,Nuit avec éclairage allumé,En agglomération,Giratoire,Pluie forte,Deux véhicules - côté,4,1,1,0,1,2,2,0,1,30,2,3,2,0,0,1,18.0,33.0,voiture,voiture,5,2,6,3,3
202400042371,2024-09-27 16:50:00,2024,9,27,16,50,59,59256,Rue Calmette Guerin,50.558147,3.13635,Plein jour,En agglomération,Hors intersection,Pluie légère,Autre collision,4,2,2,0,1,1,2,9,1,-1,1,2,1,0,1,0,79.0,,voiture,,1,2,1,2,6
202400042372,2024-11-03 00:45:00,2024,11,3,0,45,59,59350,Rue du Maréchal de Lattre de Tassigny,50.63528493,3.05538895,Nuit avec éclairage allumé,En agglomération,Intersection en X,Normale,Deux véhicules - côté,4,1,1,2,1,1,1,0,5,30,2,3,2,0,0,1,17.0,16.0,deux_roues,voiture,5,2,2,1,3
202400042372,2024-11-03 00:45:00,2024,11,3,0,45,59,59350,Rue du Maréchal de Lattre de Tassigny,50.63528493,3.05538895,Nuit avec éclairage allumé,En agglomération,Intersection en X,Normale,Deux véhicules - côté,4,2,2,3,1,1,1,0,5,50,2,3,2,0,0,1,17.0,16.0,deux_roues,voiture,5,2,2,1,3
202400042373,2024-09-28 15:05:00,2024,9,28,15,5,13,13106,A7-Sens Marseille vers Lyon,43.38780006,5.3510726,Plein jour,Hors agglomération,Hors intersection,Normale,Deux véhicules - côté,1,1,3,0,1,1,1,0,1,70,1,1,0,0,0,1,38.0,,voiture,,1,1,1,1,3
202400042374,2024-12-07 18:15:00,2024,12,7,18,15,69,69013,Avenue de Joux,46.00397,4.7322,Nuit avec éclairage allumé,Hors agglomération,Intersection en T,Pluie légère,Deux véhicules - côté,3,2,2,0,1,1,2,0,1,80,2,4,0,0,0,4,24.0,69.0,voiture,voiture,5,1,3,2,3
202400042374,2024-12-07 18:15:00,2024,12,7,18,15,69,69013,Avenue de Joux,46.00397,4.7322,Nuit avec éclairage allumé,Hors agglomération,Intersection en T,Pluie légère,Deux véhicules - côté,3,2,2,0,1,1,2,0,1,80,2,4,0,0,0,4,24.0,69.0,voiture,voiture,5,1,3,2,3
202400042375,2024-10-31 18:38:00,2024,10,31,18,38,56,56083,Avenue de la République,47.80086,-3.28444,Plein jour,En agglomération,Hors intersection,Normale,Deux véhicules - côté,3,2,2,0,2,1,1,0,1,50,2,2,1,0,0,1,35.0,17.0,voiture,deux_roues,1,2,1,1,3
202400042376,2024-09-27 14:35:00,2024,9,27,14,35,13,13212,A507 sens Aubagne- Marseille,43.30317709,5.42537105,Plein jour,Hors agglomération,Hors intersection,Normale,Deux véhicules - arrière,1,1,2,0,1,1,1,0,1,50,2,4,2,0,0,2,29.0,29.0,voiture,voiture,1,1,1,1,2
202400042377,2024-12-08 18:55:00,2024,12,8,18,55,66,66136,Avenue Maréchal Juin,42.68751,2.90059536,Nuit avec éclairage allumé,En agglomération,Intersection en X,Normale,Deux véhicules - côté,4,-1,3,0,1,1,1,0,8,50,2,2,1,0,0,1,62.0,29.0,voiture,voiture,5,2,2,1,3
202400042377,2024-12-08 18:55:00,2024,12,8,18,55,66,66136,Avenue Maréchal Juin,42.68751,2.90059536,Nuit avec éclairage allumé,En agglomération,Intersection en X,Normale,Deux véhicules - côté,4,2,2,0,1,1,1,0,1,50,2,2,1,0,0,1,62.0,29.0,voiture,voiture,5,2,2,1,3
202400042378,2024-11-02 19:05:00,2024,11,2,19,5,51,51454,VAILLANT COUTURIER (RUE PAUL) N°1 A 103,49.2662,4.02498,Nuit avec éclairage allumé,En agglomération,Intersection en T,Normale,Autre collision,4,2, -1,-1,1,1,1,0,1,50,1,1,0,0,0,1,16.0,,deux_roues,,5,2,3,1,6
202400042378,2024-11-02 19:05:00,2024,11,2,19,5,51,51454,VAILLANT COUTURIER (RUE PAUL) N°1 A 103,49.2662,4.02498,Nuit avec éclairage allumé,En agglomération,Intersection en T,Normale,Autre collision,4,1,1,0,1,1,1,0,1,50,1,1,0,0,0,1,16.0,,deux_roues,,5,2,3,1,6
202400042379,2024-10-29 10:40:00,2024,10,29,10,40,51,51663,ALFRED ANATOLE THEVENET (AVENUE),49.04717,3.964959,Plein jour,En agglomération,Hors intersection,Normale,Deux véhicules - côté,4,2,4,0,1,3,1,0,1,50,2,3,2,0,0,1,59.0,74.0,utilitaire_camion,voiture,1,2,1,1,3
202400042380,2024-12-08 13:35:00,2024,12,8,13,35,64,64129,SAINT EXUPERY,43.31337,-0.38018,Plein jour,En agglomération,Intersection en T,Pluie légère,Deux véhicules - côté,4,1,1,0,1,1,2,0,1,50,2,2,1,0,0,1,34.0,49.0,deux_roues,voiture,1,2,3,2,3
202400042380,2024-12-08 13:35:00,2024,12,8,13,35,64,64129,SAINT EXUPERY,43.31337,-0.38018,Plein jour,En agglomération,Intersection en T,Pluie légère,Deux véhicules - côté,4,2,2,0,1,1,2,0,1,50,2,2,1,0,0,1,34.0,49.0,deux_roues,voiture,1,2,3,2,3
202400042381,2024-09-28 01:35:00,2024,9,28,1,35,33,33550,,44.779878,-0.574589,Nuit avec éclairage allumé,Hors agglomération,Autre intersection,Normale,Autre collision,1,3,6,0,1,1,1,0,1,90,3,6,5,0,0,1,19.0,30.0,voiture,voiture,5,1,9,1,6
202400042382,2024-11-02 18:41:00,2024,11,2,18,41,45,45004,D2060 PR 26 + 337,47.985569,2.770079,Nuit avec éclairage allumé,Hors agglomération,Hors intersection,Normale,Deux véhicules - arrière,3,1,1,0,3,3,2,9,1,50,2,2,1,0,0,1,50.0,32.0,voiture,voiture,5,1,1,1,2
202400042383,2024-12-08 13:00:00,2024,12,8,13,0,64,64132,COMMANDANT RENE MOUCHOTTE DU,43.30536816,-0.32925457,Plein jour,En agglomération,Hors intersection,Pluie légère,Autre collision,4,2,3,0,1,1,2,0,1,50,1,2,1,0,0,1,55.0,,voiture,,1,2,1,2,6
202400042384,2024-09-28 14:20:00,2024,9,28,14,20,94,94021,A6B,48.77129754,2.34584423,Plein jour,Hors agglomération,Hors intersection,Normale,Deux véhicules - côté,1,1,3,0,1,1,1,0,1,90,2,3,1,0,0,2,39.0,20.0,deux_roues,voiture,1,1,1,1,3
202400042385,2024-11-02 15:30:00,2024,11,2,15,30,44,44143,Rue Victor Fortun,47.1812,-1.55644,Crépuscule ou aube,En agglomération,Intersection en T,Normale,Autre collision,4,2,2,0,1,1,1,0,8,30,1,1,0,0,0,1,70.0,,deux_roues,,2,2,3,1,6
202400042385,2024-11-02 15:30:00,2024,11,2,15,30,44,44143,Rue Victor Fortun,47.1812,-1.55644,Crépuscule ou aube,En agglomération,Intersection en T,Normale,Autre collision,4,3,2,0,2,1,1,0,1,30,1,1,0,0,0,1,70.0,,deux_roues,,2,2,3,1,6
202400042386,2024-12-07 18:00:00,2024,12,7,18,0,62,62119,Rue Copernic,50.51463067,2.64831054,Nuit avec éclairage allumé,En agglomération,Hors intersection,Pluie forte,Deux véhicules - frontale,4,2,2,0,1,1,2,0,1,50,2,2,1,0,1,0,18.0,21.0,deux_roues,voiture,5,2,1,3,1
202400042387,2024-11-02 23:32:00,2024,11,2,23,32,42,42187,Rue Lucien Sampaix,46.03057814,4.05852556,Nuit avec éclairage allumé,En agglomération,Autre intersection,Normale,Autre collision,4,2,2,0,1,1,1,0,1,50,1,1,0,0,0,1,43.0,,deux_roues,,5,2,9,1,6
202400042388,2024-09-28 01:20:00,2024,9,28,1,20,91,91553,RN 104,48.63129,2.48908,Nuit sans éclairage public,Hors agglomération,Hors intersection,Temps couvert,Autre collision,2,1,4,0,1,1,2,0,1,110,2,3,2,0,0,1,29.0,24.0,voiture,voiture,3,1,1,8,6
202400042389,2024-11-02 20:11:00,2024,11,2,20,11,42,42187,Rue Mulsant,46.038105,4.06006565,Nuit avec éclairage allumé,En agglomération,Intersection en T,Normale,Deux véhicules - côté,4,2,2,0,1,1,1,0,1,50,2,3,2,0,0,1,29.0,20.0,voiture,deux_roues,5,2,3,1,3
202400042389,2024-11-02 20:11:00,2024,11,2,20,11,42,42187,Rue Mulsant,46.038105,4.06006565,Nuit avec éclairage allumé,En agglomération,Intersection en T,Normale,Deux véhicules - côté,4,1,1,-1,1,1,1,0,1,-1,2,3,2,0,0,1,29.0,20.0,voiture,deux_roues,5,2,3,1,3
202400042390,2024-12-07 12:15:00,2024,12,7,12,15,51,51453,RN 44,48.99988804,4.33865007,Plein jour,Hors agglomération,Hors intersection,Temps couvert,Deux véhicules - arrière,2,3,2,0,1,1,2,0,1,110,2,7,0,0,1,6,49.0,30.0,voiture,voiture,1,1,1,8,2
202400042391,2024-09-27 16:45:00,2024,9,27,16,45,95,95277,A3,48.96848031,2.47881515,Plein jour,Hors agglomération,Hors intersection,Normale,Deux véhicules - arrière,1,3,3,0,4,2,1,0,1,90,2,2,1,0,0,1,26.0,33.0,utilitaire_camion,voiture,1,1,1,1,2
202400042392,2024-11-02 16:30:00,2024,11,2,16,30,42,42044,Rue Grenette,45.39727,4.32711,Plein jour,En agglomération,Intersection en Y,Normale,Autre collision,7,2,2,-1,1,3,1,0,1,-1,1,2,1,0,0,1,22.0,,voiture,,1,2,4,1,6
202400042392,2024-11-02 16:30:00,2024,11,2,16,30,42,42044,Rue Grenette,45.39727,4.32711,Plein jour,En agglomération,Intersection en Y,Normale,Autre collision,7,1,1,0,1,1,1,0,1,30,1,2,1,0,0,1,22.0,,voiture,,1,2,4,1,6
202400042393,2024-09-28 15:35:00,2024,9,28,15,35,93,93051,A4,48.83504617,2.57475935,Plein jour,Hors agglomération,Hors intersection,Normale,Deux véhicules - arrière,1,1,4,0,1,1,1,0,1,110,2,2,1,0,0,1,24.0,23.0,voiture,voiture,1,1,1,1,2
202400042394,2024-12-06 15:00:00,2024,12,6,15,0,47,47323,CAYREL JEAN-CLAUDE (AVENUE),44.42299,0.70038,Plein jour,En agglomération,Giratoire,Normale,Deux véhicules - côté,3,2,2,0,1,1,1,5,1,50,2,3,1,0,0,2,23.0,34.0,voiture,voiture,1,2,6,1,3
202400042394,2024-12-06 15:00:00,2024,12,6,15,0,47,47323,CAYREL JEAN-CLAUDE (AVENUE),44.42299,0.70038,Plein jour,En agglomération,Giratoire,Normale,Deux véhicules - côté,3,2,2,0,1,1,1,5,1,50,2,3,1,0,0,2,23.0,34.0,voiture,voiture,1,2,6,1,3
202400042395,2024-09-28 01:15:00,2024,9,28,1,15,77,77249,RN104,48.757647,2.615364,Nuit sans éclairage public,Hors agglomération,Hors intersection,Pluie légère,Sans collision,2,3,2,0,1,1,2,0,3,90,1,2,0,0,0,2,21.0,,voiture,,3,1,1,2,7
202400042396,2024-11-02 04:20:00,2024,11,2,4,20,37,37261,HEURTELOUP (BOULEVARD),47.39214,0.70041,Nuit avec éclairage allumé,En agglomération,Intersection en X,Pluie légère,Deux véhicules - côté,4,3,5,0,1,1,2,0,1,50,2,6,0,0,0,6,29.0,23.0,voiture,voiture,5,2,2,2,3
202400042396,2024-11-02 04:20:00,2024,11,2,4,20,37,37261,HEURTELOUP (BOULEVARD),47.39214,0.70041,Nuit avec éclairage allumé,En agglomération,Intersection en X,Pluie légère,Deux véhicules - côté,4,1,4,0,1,1,2,0,1,50,2,6,0,0,0,6,29.0,23.0,voiture,voiture,5,2,2,2,3
202400042397,2024-12-06 16:05:00,2024,12,6,16,5,45,45068,10 Rue du Gué aux Biches,48.02126,2.72338,Plein jour,En agglomération,Hors intersection,Normale,Deux véhicules - côté,4,2,2,0,1,1,1,2,4,50,2,6,4,0,0,2,18.0,33.0,voiture,voiture,1,2,1,1,3
202400042398,2024-11-02 12:50:00,2024,11,2,12,50,35,35238,GROS MALHON (AVENUE),48.13234,-1.68481,Plein jour,En agglomération,Hors intersection,Normale,Deux véhicules - côté,4,3,2,3,1,1,1,0,6,50,2,4,3,0,1,0,19.0,51.0,voiture,transport_commun,1,2,1,1,3
202400042399,2024-09-27 23:20:00,2024,9,27,23,20,94,94065,A86,48.75377489,2.36789548,Nuit sans éclairage public,Hors agglomération,Hors intersection,Pluie légère,Trois véhicules et plus - en chaîne,2,3,3,0,1,1,2,0,1,90,5,5,4,0,0,1,28.0,41.0,voiture,utilitaire_camion,3,1,1,2,4
202400042400,2024-12-08 18:55:00,2024,12,8,18,55,41,41018,BESNARD (QUAI ULYSSE),47.57818,1.32107,Nuit avec éclairage allumé,En agglomération,Hors intersection,Pluie légère,Deux véhicules - côté,4,2,4,1,1,1,2,0,1,50,2,7,6,0,1,0,20.0,49.0,voiture,voiture,5,2,1,2,3
202400042401,2024-11-02 19:25:00,2024,11,2,19,25,34,34172,LIBERTE (AVENUE DE LA,43.6113,3.82878,Nuit avec éclairage allumé,En agglomération,Intersection en X,Normale,Deux véhicules - côté,4,2,0,0,1,1,1,5,1,50,2,2,1,0,0,1,23.0,24.0,deux_roues,voiture,5,2,2,1,3
202400042401,2024-11-02 19:25:00,2024,11,2,19,25,34,34172,LIBERTE (AVENUE DE LA,43.6113,3.82878,Nuit avec éclairage allumé,En agglomération,Intersection en X,Normale,Deux véhicules - côté,4,2,4,0,1,1,1,5,1,50,2,2,1,0,0,1,23.0,24.0,deux_roues,voiture,5,2,2,1,3
202400042402,2024-09-27 15:50:00,2024,9,27,15,50,77,77337,A4,48.82967,2.61664,Plein jour,Hors agglomération,Hors intersection,Pluie légère,Deux véhicules - côté,1,3,3,0,1,1,2,0,1,90,2,2,1,0,0,1,39.0,22.0,deux_roues,voiture,1,1,1,2,3
202400042403,2024-12-08 16:55:00,2024,12,8,16,55,34,34172,MAURIN (AVENUE DE,43.60139,3.87512,Plein jour,En agglomération,Hors intersection,Normale,Deux véhicules - frontale,4,1,5,1,1,1,1,0,5,30,2,2,1,0,1,0,55.0,53.0,deux_roues,deux_roues,1,2,1,1,1
202400042404,2024-11-02 21:20:00,2024,11,2,21,20,33,33063,Place de la Ferme de Richemont,44.83602,-0.57214,Nuit avec éclairage allumé,En agglomération,Intersection en T,Normale,Autre collision,4,1,1,0,1,1,1,0,1,30,1,2,1,0,1,0,,,deux_roues,,5,2,3,1,6
202400042404,2024-11-02 21:20:00,2024,11,2,21,20,33,33063,Place de la Ferme de Richemont,44.83602,-0.57214,Nuit avec éclairage allumé,En agglomération,Intersection en T,Normale,Autre collision,4,1,1,0,1,1,1,0,1,50,1,2,1,0,1,0,,,deux_roues,,5,2,3,1,6
202400042405,2024-12-07 17:25:00,2024,12,7,17,25,34,34172,VALERY (BOULEVARD PAUL,43.59121,3.85432,Nuit avec éclairage allumé,En agglomération,Hors intersection,Normale,Sans collision,4,3,4,0,1,1,1,0,1,50,1,1,0,0,1,0,14.0,,deux_roues,,5,2,1,1,7
202400042406,2024-09-28 09:30:00,2024,9,28,9,30,988,98818,RUE ARMAND OHLEN,-22.26295,166.46341,Plein jour,En agglomération,Hors intersection,Normale,Autre collision,4,2,2,0,1,1,1,0,1,50,1,2,1,0,0,1,72.0,,utilitaire_camion,,1,2,1,1,6
202400042407,2024-11-02 06:15:00,2024,11,2,6,15,31,31149,3 COLOMIERS EST (A624),43.60522,1.34475,Nuit avec éclairage allumé,Hors agglomération,Hors intersection,Normale,Deux véhicules - arrière,2,1,2,0,2,1,1,0,2,90,2,2,0,0,0,2,25.0,53.0,voiture,voiture,5,1,1,1,2
202400042408,2024-09-27 18:05:00,2024,9,27,18,5,974,97416,RN 01,-21.3308,55.45545,Crépuscule ou aube,Hors agglomération,Autre intersection,Normale,Autre collision,2,3,4,0,4,3,1,0,1,110,1,2,0,0,0,2,57.0,,voiture,,2,1,9,1,6
202400042409,2024-11-02 18:10:00,2024,11,2,18,10,13,13213,ALPHONSE DAUDET (RUE),43.32209,5.41222,Crépuscule ou aube,En agglomération,Intersection en T,Normale,Deux véhicules - côté,4,2,2,0,1,1,1,0,1,50,2,3,2,0,0,1,44.0,12.0,voiture,deux_roues,2,2,3,1,3
202400042409,2024-11-02 18:10:00,2024,11,2,18,10,13,13213,ALPHONSE DAUDET (RUE),43.32209,5.41222,Crépuscule ou aube,En agglomération,Intersection en T,Normale,Deux véhicules - côté,4,2,2,0,2,1,1,0,8,50,2,3,2,0,0,1,44.0,12.0,voiture,deux_roues,2,2,3,1,3
202400042410,2024-12-08 20:00:00,2024,12,8,20,0,25,25031,SELONCOURT (RUE DE),47.47159,6.8514,Nuit avec éclairage allumé,En agglomération,Hors intersection,Normale,Deux véhicules - frontale,3,2,2,0,1,1,1,0,1,50,2,3,2,0,1,0,,17.0,voiture,voiture,5,2,1,1,1
202400042411,2024-09-27 12:40:00,2024,9,27,12,40,974,97416,ANCIENNE RN 1,-21.33251,55.45631,Plein jour,Hors agglomération,Hors intersection,Normale,Deux véhicules - côté,4,2,3,3,2,1,1,0,1,50,2,2,1,0,0,1,28.0,45.0,deux_roues,voiture,1,1,1,1,3
202400042412,2024-11-02 09:23:00,2024,11,2,9,23,06,06088,2 Boulevard Pierre Sola,43.7078982,7.2841867,Plein jour,En agglomération,Intersection en Y,Normale,Autre collision,4,2,2,0,1,2,1,5,1,50,1,2,1,0,0,1,40.0,,transport_commun,,1,2,4,1,6
202400042412,2024-11-02 09:23:00,2024,11,2,9,23,06,06088,2 Boulevard Pierre Sola,43.7078982,7.2841867,Plein jour,En agglomération,Intersection en Y,Normale,Autre collision,4,1,3,0,1,1,1,0,1,50,1,2,1,0,0,1,40.0,,transport_commun,,1,2,4,1,6
202400042413,2024-12-07 21:15:00,2024,12,7,21,15,18,18279,Rue Jeanne Labourbe,47.232044,2.061047,Nuit avec éclairage allumé,En agglomération,Intersection en X,Pluie forte,Deux véhicules - frontale,3,2,2,0,2,2,2,0,1,50,2,2,1,0,0,1,37.0,45.0,voiture,deux_roues,5,2,2,3,1
202400042413,2024-12-07 21:15:00,2024,12,7,21,15,18,18279,Rue Jeanne Labourbe,47.232044,2.061047,Nuit avec éclairage allumé,En agglomération,Intersection en X,Pluie forte,Deux véhicules - frontale,3,2, -1,-1,2,1,2,0,1,50,2,2,1,0,0,1,37.0,45.0,voiture,deux_roues,5,2,2,3,1
202400042414,2024-09-27 08:00:00,2024,9,27,8,0,974,97416,RN3 (2),-21.31708,55.49071,Plein jour,Hors agglomération,Hors intersection,Normale,Trois véhicules et plus - collisions multiples,2,1,2,0,2,1,1,0,1,110,3,3,2,0,0,1,26.0,59.0,deux_roues,voiture,1,1,1,1,5
202400042415,2024-11-02 12:45:00,2024,11,2,12,45,04,04112,SAINT LAZARE (AV.),43.83193,5.78922,Plein jour,En agglomération,Intersection en T,Normale,Deux véhicules - côté,4,1,1,0,2,1,1,0,1,50,2,3,2,0,0,1,50.0,91.0,voiture,voiture,1,2,3,1,3
202400042415,2024-11-02 12:45:00,2024,11,2,12,45,04,04112,SAINT LAZARE (AV.),43.83193,5.78922,Plein jour,En agglomération,Intersection en T,Normale,Deux véhicules - côté,4,2,2,0,1,1,1,0,1,50,2,3,2,0,0,1,50.0,91.0,voiture,voiture,1,2,3,1,3
202400042416,2024-11-01 16:00:00,2024,11,1,16,0,75,75113,BOULEVARD PERIPHERIQUE INTERIEUR SUD,48.821718,2.379015,Plein jour,En agglomération,Hors intersection,Normale,Deux véhicules - arrière,4,1,4,0,1,1,1,0,1,50,2,2,1,0,0,1,46.0,66.0,deux_roues,voiture,1,2,1,1,2
202400042417,2024-09-26 11:53:00,2024,9,26,11,53,973,97302,MONTABO (ROUTE DE) 1,4.9436,-52.31883,Plein jour,En agglomération,Hors intersection,Normale,Deux véhicules - côté,3,2,2,0,1,1,1,0,1,50,2,2,1,0,0,1,26.0,19.0,voiture,deux_roues,1,2,1,1,3
202400042418,2024-12-08 02:30:00,2024,12,8,2,30,13,13019,D9,43.47896,5.35557,Nuit sans éclairage public,Hors agglomération,Hors intersection,Normale,Trois véhicules et plus - collisions multiples,3,1,2,0,1,3,1,0,1,110,4,4,1,1,0,2,35.0,42.0,voiture,voiture,3,1,1,1,5
202400042419,2024-09-27 07:50:00,2024,9,27,7,50,973,97302,,4.90781,-52.32244,Plein jour,Hors agglomération,Giratoire,Normale,Deux véhicules - arrière,2,3,2,0,1,1,1,0,1,50,2,2,1,0,0,1,28.0,24.0,deux_roues,voiture,1,1,6,1,2
202400042420,2024-11-01 12:20:00,2024,11,1,12,20,75,75117,PLACE DE VERDUN,48.878689,2.280079,Plein jour,En agglomération,Place,Normale,Deux véhicules - côté,4,2, -1,-1,1,1,1,0,1,-1,2,2,1,0,0,1,35.0,83.0,deux_roues,voiture,1,2,7,1,3
202400042420,2024-11-01 12:20:00,2024,11,1,12,20,75,75117,PLACE DE VERDUN,48.878689,2.280079,Plein jour,En agglomération,Place,Normale,Deux véhicules - côté,4,1,3,0,1,1,1,0,1,30,2,2,1,0,0,1,35.0,83.0,deux_roues,voiture,1,2,7,1,3
202400042421,2024-12-08 05:00:00,2024,12,8,5,0,13,13209,LÉON LACHAMP (ROUTE),43.24880244,5.44162683,Nuit avec éclairage allumé,En agglomération,Hors intersection,Normale,Autre collision,4,2,2,1,2,1,1,0,4,50,1,1,0,0,0,1,23.0,,voiture,,5,2,1,1,6
202400042422,2024-11-02 18:40:00,2024,11,2,18,40,75,75111,RUE JEAN PIERRE TIMBAUD,48.866424,2.372554,Nuit avec éclairage allumé,En agglomération,Hors intersection,Normale,Autre collision,4,1,1,2,1,1,1,0,1,30,1,2,1,0,0,1,,,deux_roues,,5,2,1,1,6
202400042423,2024-09-26 20:40:00,2024,9,26,20,40,973,97302,MADELEINE (ROUTE DE LA),4.92856,-52.32527,Nuit sans éclairage public,En agglomération,Hors intersection,Normale,Deux véhicules - arrière,3,3,2,0,1,1,1,0,1,50,2,2,1,0,0,1,,30.0,voiture,deux_roues,3,2,1,1,2
202400042424,2024-12-08 13:20:00,2024,12,8,13,20,13,13211,LÉON BANCAL (RUE),43.288,5.48,Plein jour,En agglomération,Hors intersection,Normale,Trois véhicules et plus - collisions multiples,4,2,2,0,1,1,1,0,1,50,3,3,2,0,0,1,33.0,21.0,voiture,voiture,1,2,1,1,5
202400042425,2024-11-02 17:56:00,2024,11,2,17,56,75,75110,RUE DE SAMBRE ET MEUSE,48.87526,2.369914,Crépuscule ou aube,En agglomération,Hors intersection,Normale,Autre collision,4,1,1,0,2,1,1,0,1,30,1,3,2,0,0,1,23.0,,utilitaire_camion,,2,2,1,1,6
202400042426,2024-09-26 12:30:00,2024,9,26,12,30,973,97302,BECKER (LIEUTENANT),4.93853,-52.32742,Plein jour,En agglomération,Hors intersection,Normale,Deux véhicules - frontale,4,1,1,0,1,1,1,0,1,50,2,2,1,0,0,1,22.0,28.0,deux_roues,voiture,1,2,1,1,1
202400042427,2024-11-02 18:20:00,2024,11,2,18,20,75,75101,RUE DE RIVOLI,48.862935,2.334654,Nuit avec éclairage allumé,En agglomération,Hors intersection,Normale,Autre collision,4,2,3,1,1,1,1,-1,5,30,1,2,1,0,0,1,32.0,,deux_roues,,5,2,1,1,6
202400042428,2024-12-08 13:30:00,2024,12,8,13,30,13,13004,BD EMILE COMBES,43.6748,4.63135,Plein jour,En agglomération,Hors intersection,Normale,Deux véhicules - frontale,4,2,3,0,1,1,1,0,1,50,1,2,0,0,1,1,42.0,,deux_roues,,1,2,1,1,1
202400042429,2024-09-25 20:20:00,2024,9,25,20,20,973,97302,MONTABO (ROUTE DE) 1,4.94298361,-52.30634701,Nuit avec éclairage allumé,En agglomération,Hors intersection,Normale,Deux véhicules - arrière,3,2,2,0,1,1,1,0,1,50,2,2,1,0,0,1,48.0,28.0,voiture,deux_roues,5,2,1,1,2