accident_id,datetime,annee,mois,jour,heure,minute,departement,commune_insee,adresse,latitude,longitude,luminosite,agglomeration,intersection,meteo,collision,catr,circ,nbv,vosp,prof,plan,surf,infra,situ,vma,nb_vehicules,nb_usagers,nb_indemnes,nb_tues,nb_blesses_hosp,nb_blesses_legers,age_cond_1,age_cond_2,veh_type_cond_1,veh_type_cond_2,lum_code,agg_code,int_code,atm_code,col_code
202400042430,2024-11-27 08:30:00,2024,11,27,8,30,06,06104,86 Avenue Jean Jaurès,43.75862,7.45077,Plein jour,En agglomération,Hors intersection,Normale,Deux véhicules - côté,3,2,2,0,1,1,1,0,1,50,2,2,1,0,0,1,,54.0,deux_roues,deux_roues,1,2,1,1,3
202400042431,2024-11-01 04:05:00,2024,11,1,4,5,75,75101,RUE DE RIVOLI,48.860083,2.343413,Nuit avec éclairage allumé,En agglomération,Intersection en X,Normale,Deux véhicules - côté,4,1,3,0,1,1,1,0,1,30,2,2,1,0,0,1,30.0,27.0,utilitaire_camion,deux_roues,5,2,2,1,3
202400042431,2024-11-01 04:05:00,2024,11,1,4,5,75,75101,RUE DE RIVOLI,48.860083,2.343413,Nuit avec éclairage allumé,En agglomération,Intersection en X,Normale,Deux véhicules - côté,4,1,1,0,1,1,1,0,1,30,2,2,1,0,0,1,30.0,27.0,utilitaire_camion,deux_roues,5,2,2,1,3
202400042432,2024-09-27 10:55:00,2024,9,27,10,55,69,69383,Cours Lafayette,45.76360287,4.85702738,Plein jour,En agglomération,Intersection en T,Temps éblouissant,Autre collision,4,1,3,3,1,1,2,5,6,30,1,2,1,0,0,1,60.0,,transport_commun,,1,2,3,7,6
202400042432,2024-09-27 10:55:00,2024,9,27,10,55,69,69383,Cours Lafayette,45.76360287,4.85702738,Plein jour,En agglomération,Intersection en T,Temps éblouissant,Autre collision,4,1,1,3,1,1,1,0,6,-1,1,2,1,0,0,1,60.0,,transport_commun,,1,2,3,7,6
202400042433,2024-11-02 11:30:00,2024,11,2,11,30,93,93066,BRICHE NR 69 A 77,48.9421,2.34122,Plein jour,En agglomération,Hors intersection,Normale,Deux véhicules - côté,3,1,0,0,1,1,1,0,1,50,2,2,1,0,0,1,35.0,31.0,deux_roues,voiture,1,2,1,1,3
202400042434,2024-12-08 16:40:00,2024,12,8,16,40,06,06029,34 Boulevard du Midi Louise Moreau,43.543549,6.965228,Nuit avec éclairage allumé,En agglomération,Hors intersection,Normale,Deux véhicules - frontale,4,2,2,0,1,1,1,0,1,50,2,3,0,0,0,3,35.0,48.0,voiture,voiture,5,2,1,1,1
202400042435,2024-09-25 11:21:00,2024,9,25,11,21,69,69387,Avenue Berthelot,45.74193,4.85193,Plein jour,En agglomération,Intersection en T,Normale,Autre collision,4,1,2,3,1,1,1,5,1,50,1,2,1,0,0,1,24.0,,voiture,,1,2,3,1,6
202400042435,2024-09-25 11:21:00,2024,9,25,11,21,69,69387,Avenue Berthelot,45.74193,4.85193,Plein jour,En agglomération,Intersection en T,Normale,Autre collision,4,1,1,2,1,1,1,0,1,30,1,2,1,0,0,1,24.0,,voiture,,1,2,3,1,6
202400042436,2024-11-02 07:50:00,2024,11,2,7,50,93,93046,PRESIDENT FITZERALD KENNEDY (AV DU),48.91596,2.53272,Crépuscule ou aube,En agglomération,Hors intersection,Temps couvert,Autre collision,3,2,2,0,1,1,2,0,8,50,1,1,0,0,0,1,28.0,,voiture,,2,2,1,8,6
202400042437,2024-12-08 15:00:00,2024,12,8,15,0,06,06030,275 Chemin Saint - Joseph,43.56478,6.97774,Plein jour,En agglomération,Hors intersection,Temps éblouissant,Autre collision,4,2,2,0,1,1,1,0,1,50,1,3,1,0,0,2,35.0,,voiture,,1,2,1,7,6
202400042438,2024-09-26 08:55:00,2024,9,26,8,55,69,69384,Cours d'Herbouville,45.77526,4.83901,Plein jour,En agglomération,Hors intersection,Pluie forte,Autre collision,4,1,2,3,1,1,2,0,8,50,1,2,1,0,1,0,23.0,,voiture,,1,2,1,3,6
202400042439,2024-12-07 17:30:00,2024,12,7,17,30,06,06123,1307 Chemin des Iscles,43.71253,7.18253,Nuit sans éclairage public,En agglomération,Hors intersection,Normale,Deux véhicules - frontale,4,2,1,0,1,1,1,0,1,50,2,4,2,0,0,2,20.0,40.0,voiture,voiture,3,2,1,1,1
202400042440,2024-09-27 11:23:00,2024,9,27,11,23,971,97101,ALBERT LEOGANE - TERRASSON (RUE),16.24536,-61.50697,Plein jour,Hors agglomération,Intersection en Y,Normale,Deux véhicules - frontale,4,2,1,0,1,2,1,0,1,50,2,2,1,0,1,0,50.0,36.0,voiture,deux_roues,1,1,4,1,1
202400042440,2024-09-27 11:23:00,2024,9,27,11,23,971,97101,ALBERT LEOGANE - TERRASSON (RUE),16.24536,-61.50697,Plein jour,Hors agglomération,Intersection en Y,Normale,Deux véhicules - frontale,4,2,1,0,2,3,1,0,1,50,2,2,1,0,1,0,50.0,36.0,voiture,deux_roues,1,1,4,1,1
202400042441,2024-11-02 18:20:00,2024,11,2,18,20,93,93006,PASTEUR AV.,48.87603192,2.41826355,Nuit avec éclairage allumé,En agglomération,Hors intersection,Normale,Autre collision,3,2,2,0,1,1,1,0,1,50,1,2,1,0,0,1,,,deux_roues,,5,2,1,1,6
202400042442,2024-12-07 01:15:00,2024,12,7,1,15,02,02168,,49.06392,3.39384,Nuit avec éclairage allumé,En agglomération,Hors intersection,Pluie légère,Deux véhicules - frontale,4,2,2,0,2,3,2,0,1,50,2,4,1,0,0,3,38.0,22.0,voiture,voiture,5,2,1,2,1
202400042443,2024-09-27 16:45:00,2024,9,27,16,45,2A,2A004,6 Boulevard Lantivy,41.91658,8.73785,Plein jour,En agglomération,Hors intersection,Normale,Deux véhicules - frontale,4,1,1,0,1,1,1,0,1,20,2,3,2,0,0,1,29.0,53.0,voiture,deux_roues,1,2,1,1,1
202400042444,2024-12-08 16:52:00,2024,12,8,16,52,01,01053,BARBEROT Paul  (avenue),46.20903,5.22988,Crépuscule ou aube,En agglomération,Autre intersection,Pluie légère,Autre collision,6,-1, -1,0,1,1,2,9,8,50,1,2,1,0,1,0,33.0,,voiture,,2,2,9,2,6
202400042445,2024-11-02 18:20:00,2024,11,2,18,20,93,93063,NORMANDIE-NIEMEN RUE,48.88320761,2.42696464,Nuit avec éclairage allumé,En agglomération,Intersection en T,Normale,Deux véhicules - côté,3,2,2,0,1,1,1,0,1,30,2,4,3,0,0,1,21.0,33.0,deux_roues,voiture,5,2,3,1,3
202400042445,2024-11-02 18:20:00,2024,11,2,18,20,93,93063,NORMANDIE-NIEMEN RUE,48.88320761,2.42696464,Nuit avec éclairage allumé,En agglomération,Intersection en T,Normale,Deux véhicules - côté,3,2,2,0,1,1,1,0,1,30,2,4,3,0,0,1,21.0,33.0,deux_roues,voiture,5,2,3,1,3
202400042446,2024-09-27 11:00:00,2024,9,27,11,0,95,95563,D502,49.0030574,2.25096549,Plein jour,En agglomération,Intersection en X,Normale,Deux véhicules - côté,3,-1,1,0,1,1,1,0,1,50,2,2,1,0,0,1,62.0,19.0,utilitaire_camion,deux_roues,1,2,2,1,3
202400042446,2024-09-27 11:00:00,2024,9,27,11,0,95,95563,D502,49.0030574,2.25096549,Plein jour,En agglomération,Intersection en X,Normale,Deux véhicules - côté,3,-1,0,0,1,1,1,0,1,50,2,2,1,0,0,1,62.0,19.0,utilitaire_camion,deux_roues,1,2,2,1,3
202400042447,2024-12-07 02:37:00,2024,12,7,2,37,75,75109,RUE DES MARTYRS,48.876799,2.339226,Nuit avec éclairage allumé,En agglomération,Intersection en X,Pluie forte,Autre collision,4,1, -1,-1,2,1,2,5,1,30,1,2,1,0,0,1,40.0,,voiture,,5,2,2,3,6
202400042447,2024-12-07 02:37:00,2024,12,7,2,37,75,75109,RUE DES MARTYRS,48.876799,2.339226,Nuit avec éclairage allumé,En agglomération,Intersection en X,Pluie forte,Autre collision,4,2,2,3,2,1,2,5,1,30,1,2,1,0,0,1,40.0,,voiture,,5,2,2,3,6
202400042448,2024-11-02 17:35:00,2024,11,2,17,35,92,92036,GABRIEL PERI (AVENUE) (101/129),48.92017742,2.29519641,Nuit avec éclairage allumé,En agglomération,Hors intersection,Normale,Autre collision,3,-1,1,0,1,1,1,0,1,30,1,2,1,0,0,1,39.0,,voiture,,5,2,1,1,6
202400042449,2024-09-27 06:27:00,2024,9,27,6,27,95,95018,D392,48.94138589,2.20676834,Nuit avec éclairage allumé,En agglomération,Intersection en X,Autre,Deux véhicules - côté,3,2,0,0,1,1,2,0,1,50,2,4,1,0,2,1,51.0,31.0,transport_commun,utilitaire_camion,5,2,2,9,3
202400042449,2024-09-27 06:27:00,2024,9,27,6,27,95,95018,D392,48.94138589,2.20676834,Nuit avec éclairage allumé,En agglomération,Intersection en X,Autre,Deux véhicules - côté,3,3,0,0,2,1,2,0,1,50,2,4,1,0,2,1,51.0,31.0,transport_commun,utilitaire_camion,5,2,2,9,3
202400042450,2024-12-08 19:10:00,2024,12,8,19,10,75,75116,PLACE DE LA PORTE MAILLOT,48.87812053,2.2810632,Nuit avec éclairage allumé,En agglomération,Place,Pluie légère,Autre collision,4,1,3,3,1,1,2,0,1,30,1,2,1,0,0,1,40.0,,voiture,,5,2,7,2,6
202400042450,2024-12-08 19:10:00,2024,12,8,19,10,75,75116,PLACE DE LA PORTE MAILLOT,48.87812053,2.2810632,Nuit avec éclairage allumé,En agglomération,Place,Pluie légère,Autre collision,4,2,6,3,1,1,2,0,1,30,1,2,1,0,0,1,40.0,,voiture,,5,2,7,2,6
202400042451,2024-11-01 23:25:00,2024,11,1,23,25,92,92036,GABRIEL PERI (AVENUE) (2/58),48.91275901,2.29634061,Nuit avec éclairage allumé,En agglomération,Intersection en T,Normale,Deux véhicules - côté,3,1,2,0,1,1,1,5,1,30,2,3,2,0,0,1,,36.0,deux_roues,deux_roues,5,2,3,1,3
202400042451,2024-11-01 23:25:00,2024,11,1,23,25,92,92036,GABRIEL PERI (AVENUE) (2/58),48.91275901,2.29634061,Nuit avec éclairage allumé,En agglomération,Intersection en T,Normale,Deux véhicules - côté,3,2, -1,-1,1,1,1,5,1,-1,2,3,2,0,0,1,,36.0,deux_roues,deux_roues,5,2,3,1,3
202400042452,2024-12-07 13:30:00,2024,12,7,13,30,75,75115,RUE LINOIS,48.846814,2.285631,Plein jour,En agglomération,Place,Normale,Autre collision,4,-1,2,1,1,1,1,0,1,30,1,2,1,0,0,1,30.0,,deux_roues,,1,2,7,1,6
202400042453,2024-11-02 13:15:00,2024,11,2,13,15,92,92025,CHARLES DE GAULLE (BD),48.91453379,2.22920112,Plein jour,En agglomération,Intersection en X,Temps couvert,Sans collision,3,-1,0,1,1,1,1,6,4,50,1,2,1,0,0,1,34.0,,deux_roues,,1,2,2,8,7
202400042453,2024-11-02 13:15:00,2024,11,2,13,15,92,92025,CHARLES DE GAULLE (BD),48.91453379,2.22920112,Plein jour,En agglomération,Intersection en X,Temps couvert,Sans collision,3,2,0,0,1,1,1,0,1,30,1,2,1,0,0,1,34.0,,deux_roues,,1,2,2,8,7
202400042454,2024-09-27 04:55:00,2024,9,27,4,55,91,91161,RTE DE LONGJUMEAU,48.71448,2.29815,Nuit avec éclairage allumé,En agglomération,Autre intersection,Temps couvert,Trois véhicules et plus - collisions multiples,3,1,2,0,1,1,2,0,1,50,3,4,1,0,1,2,47.0,28.0,voiture,voiture,5,2,9,8,5
202400042455,2024-11-01 20:35:00,2024,11,1,20,35,92,92025,PAUL BERT (RUE),48.93003071,2.24574566,Nuit avec éclairage allumé,En agglomération,Hors intersection,Normale,Deux véhicules - côté,3,2,2,2,1,1,1,5,5,30,2,2,1,0,0,1,46.0,38.0,deux_roues,voiture,5,2,1,1,3
202400042456,2024-12-07 23:50:00,2024,12,7,23,50,75,75114,AVENUE DU GENERAL LECLERC,48.829582,2.328379,Nuit avec éclairage allumé,En agglomération,Intersection en T,Pluie légère,Deux véhicules - côté,4,2,4,3,1,1,2,0,1,50,2,2,1,0,1,0,50.0,30.0,voiture,deux_roues,5,2,3,2,3
202400042456,2024-12-07 23:50:00,2024,12,7,23,50,75,75114,AVENUE DU GENERAL LECLERC,48.829582,2.328379,Nuit avec éclairage allumé,En agglomération,Intersection en T,Pluie légère,Deux véhicules - côté,4,1,1,0,1,1,2,0,1,30,2,2,1,0,1,0,50.0,30.0,voiture,deux_roues,5,2,3,2,3
202400042457,2024-09-27 21:42:00,2024,9,27,21,42,91,91514,RUE DE BOISSY ST LEGER,48.67504,2.53545,Nuit avec éclairage allumé,En agglomération,Hors intersection,Normale,Autre collision,3,2,1,0,1,1,1,0,8,50,1,2,1,0,0,1,53.0,,voiture,,5,2,1,1,6
202400042458,2024-11-02 14:52:00,2024,11,2,14,52,92,92007,PLUCHET (RUE ALPHONSE),48.79716002,2.2990758,Plein jour,En agglomération,Hors intersection,Normale,Autre collision,4,1,2,0,1,1,1,0,1,50,1,2,1,0,0,1,57.0,,utilitaire_camion,,1,2,1,1,6
202400042459,2024-09-26 14:30:00,2024,9,26,14,30,91,91691,RAYMOND POINCARE(RUE),48.7188,2.5002,Plein jour,En agglomération,Hors intersection,Pluie forte,Deux véhicules - arrière,3,2,1,0,1,1,2,5,1,50,2,3,2,0,0,1,19.0,25.0,voiture,voiture,1,2,1,3,2
202400042460,2024-12-08 04:00:00,2024,12,8,4,0,94,94042,Avenue du Général Galliéni,48.82,2.47932,Nuit avec éclairage allumé,En agglomération,Intersection en X,Pluie légère,Deux véhicules - arrière,3,2,4,1,1,1,2,0,1,50,2,4,2,0,0,2,81.0,,voiture,voiture,5,2,2,2,2
202400042460,2024-12-08 04:00:00,2024,12,8,4,0,94,94042,Avenue du Général Galliéni,48.82,2.47932,Nuit avec éclairage allumé,En agglomération,Intersection en X,Pluie légère,Deux véhicules - arrière,3,1,1,0,1,1,2,0,1,50,2,4,2,0,0,2,81.0,,voiture,voiture,5,2,2,2,2
202400042461,2024-11-02 18:20:00,2024,11,2,18,20,47,47069,rond point de camelat,44.2197,0.578982,Crépuscule ou aube,Hors agglomération,Giratoire,Normale,Deux véhicules - côté,2,2,2,-1,1,2,1,5,1,-1,2,2,1,0,0,1,60.0,34.0,deux_roues,voiture,2,1,6,1,3
202400042461,2024-11-02 18:20:00,2024,11,2,18,20,47,47069,rond point de camelat,44.2197,0.578982,Crépuscule ou aube,Hors agglomération,Giratoire,Normale,Deux véhicules - côté,2,2,2,0,1,2,1,5,1,50,2,2,1,0,0,1,60.0,34.0,deux_roues,voiture,2,1,6,1,3
202400042462,2024-10-31 20:20:00,2024,10,31,20,20,14,14409,30 Avenue Alexandre de Lavergne,49.272264,-0.196096,Nuit avec éclairage allumé,En agglomération,Hors intersection,Normale,Deux véhicules - côté,4,2,2,0,1,1,1,0,1,50,2,2,1,0,0,1,18.0,79.0,voiture,voiture,5,2,1,1,3
202400042463,2024-09-27 23:00:00,2024,9,27,23,0,91,91687,GENERAL DE GAULLE (AVENUE DU),48.68168,2.3785,Nuit avec éclairage allumé,En agglomération,Hors intersection,Pluie forte,Deux véhicules - côté,3,2,5,0,1,1,2,1,1,50,2,4,2,0,0,2,19.0,43.0,voiture,voiture,5,2,1,3,3
202400042464,2024-12-08 18:20:00,2024,12,8,18,20,94,94043,Rue de l'Avenir,48.806091,2.345993,Nuit avec éclairage allumé,En agglomération,Intersection en T,Pluie légère,Autre collision,1,1,2,0,1,1,2,0,1,50,1,3,1,0,0,2,32.0,,voiture,,5,2,3,2,6
202400042464,2024-12-08 18:20:00,2024,12,8,18,20,94,94043,Rue de l'Avenir,48.806091,2.345993,Nuit avec éclairage allumé,En agglomération,Intersection en T,Pluie légère,Autre collision,1,1,2,0,2,1,2,0,1,50,1,3,1,0,0,2,32.0,,voiture,,5,2,3,2,6
202400042465,2024-11-02 14:50:00,2024,11,2,14,50,63,63307,Chemin sans nom longeant la D785,45.724999,3.092595,Plein jour,Hors agglomération,Hors intersection,Normale,Sans collision,4,2,1,0,1,1,1,0,8,90,1,2,1,0,0,1,35.0,,deux_roues,,1,1,1,1,7
202400042466,2024-12-08 03:20:00,2024,12,8,3,20,94,94028,Av du Mal de Lattre de Tassigny,48.7992,2.45349,Nuit avec éclairage allumé,En agglomération,Hors intersection,Pluie légère,Deux véhicules - côté,3,1,3,0,1,1,2,0,1,70,2,2,1,0,1,0,30.0,25.0,deux_roues,voiture,5,2,1,2,3
202400042467,2024-10-29 13:20:00,2024,10,29,13,20,62,62495,D341,50.64426876,1.95803031,Plein jour,Hors agglomération,Hors intersection,Normale,Autre collision,3,2,2,0,1,1,1,0,3,80,1,1,0,0,0,1,51.0,,voiture,,1,1,1,1,6
202400042468,2024-09-25 17:25:00,2024,9,25,17,25,87,87085,MONTJOVIS (AVENUE),45.83996,1.2467,Plein jour,En agglomération,Intersection en T,Pluie légère,Autre collision,4,2,2,0,1,1,2,0,1,50,1,4,1,0,1,2,19.0,,voiture,,1,2,3,2,6
202400042468,2024-09-25 17:25:00,2024,9,25,17,25,87,87085,MONTJOVIS (AVENUE),45.83996,1.2467,Plein jour,En agglomération,Intersection en T,Pluie légère,Autre collision,4,2,2,0,1,1,2,0,1,30,1,4,1,0,1,2,19.0,,voiture,,1,2,3,2,6
202400042469,2024-10-31 23:10:00,2024,10,31,23,10,52,52088,58 Hameau la Greve,48.453328,4.767938,Nuit avec éclairage allumé,En agglomération,Hors intersection,Normale,Autre collision,3,2,2,0,1,1,1,0,3,70,1,1,0,0,1,0,37.0,,voiture,,5,2,1,1,6
202400042470,2024-12-07 18:51:00,2024,12,7,18,51,94,94071,Avenue Winston Churchill,48.77109,2.52145,Nuit avec éclairage allumé,En agglomération,Hors intersection,Pluie forte,Autre collision,3,2,3,0,1,1,2,0,1,30,1,2,1,0,0,1,57.0,,voiture,,5,2,1,3,6
202400042471,2024-09-27 09:50:00,2024,9,27,9,50,84,84035,EUROPE (BOULEVARD DE L'),43.84391,5.04464,Plein jour,En agglomération,Giratoire,Normale,Deux véhicules - côté,4,-1,2,0,1,3,1,0,8,30,2,2,1,0,0,1,45.0,56.0,deux_roues,voiture,1,2,6,1,3
202400042472,2024-11-02 14:00:00,2024,11,2,14,0,76,76624,Chemin de la Chasse,49.864169,1.253605,Plein jour,En agglomération,Hors intersection,Normale,Autre collision,5,-1,1,0,2,1,1,0,8,50,1,2,0,0,2,0,41.0,,deux_roues,,1,2,1,1,6
202400042473,2024-12-07 21:30:00,2024,12,7,21,30,94,94028,Boulevard John Kennedy / Impasse François Rude,48.77632199,2.46405731,Nuit avec éclairage allumé,En agglomération,Intersection en T,Pluie légère,Autre collision,4,2,2,0,1,1,2,0,1,-1,1,2,1,0,0,1,50.0,,voiture,,5,2,3,2,6
202400042473,2024-12-07 21:30:00,2024,12,7,21,30,94,94028,Boulevard John Kennedy / Impasse François Rude,48.77632199,2.46405731,Nuit avec éclairage allumé,En agglomération,Intersection en T,Pluie légère,Autre collision,4,2,2,0,1,2,2,0,1,30,1,2,1,0,0,1,50.0,,voiture,,5,2,3,2,6
202400042474,2024-11-03 12:25:00,2024,11,3,12,25,974,97412,47 Route de la Grande Corniche,-21.373773,55.596595,Plein jour,En agglomération,Hors intersection,Normale,Deux véhicules - côté,2,2,2,0,1,1,1,0,1,50,2,2,1,0,1,0,23.0,18.0,deux_roues,deux_roues,1,2,1,1,3
202400042475,2024-09-24 17:43:00,2024,9,24,17,43,84,84031,GLAIEULS DES,44.05236,5.03792,Plein jour,En agglomération,Intersection en T,Normale,Deux véhicules - côté,4,2,2,1,1,1,1,0,1,50,2,2,1,0,0,1,61.0,61.0,deux_roues,voiture,1,2,3,1,3
202400042475,2024-09-24 17:43:00,2024,9,24,17,43,84,84031,GLAIEULS DES,44.05236,5.03792,Plein jour,En agglomération,Intersection en T,Normale,Deux véhicules - côté,4,1,2,1,1,1,1,0,1,50,2,2,1,0,0,1,61.0,61.0,deux_roues,voiture,1,2,3,1,3
202400042476,2024-12-08 13:47:00,2024,12,8,13,47,93,93005,MARC CHAGALL (BOULEVARD),48.95317707,2.50164724,Plein jour,En agglomération,Autre intersection,Pluie légère,Autre collision,3,1,2,0,1,1,2,6,1,50,1,3,2,0,0,1,49.0,,voiture,,1,2,9,2,6
202400042477,2024-11-03 15:30:00,2024,11,3,15,30,83,83070,Avenue Paul Valéry,43.139258,6.360945,Plein jour,En agglomération,Intersection en T,Normale,Deux véhicules - frontale,4,-1,2,0,1,1,1,0,1,50,2,2,1,0,0,1,68.0,57.0,voiture,deux_roues,1,2,3,1,1
202400042477,2024-11-03 15:30:00,2024,11,3,15,30,83,83070,Avenue Paul Valéry,43.139258,6.360945,Plein jour,En agglomération,Intersection en T,Normale,Deux véhicules - frontale,4,2, -1,-1,1,1,1,0,1,-1,2,2,1,0,0,1,68.0,57.0,voiture,deux_roues,1,2,3,1,1
202400042478,2024-09-27 17:04:00,2024,9,27,17,4,84,84007,PAUL PAMARD (RUE),43.91885,4.87259,Plein jour,En agglomération,Hors intersection,Normale,Autre collision,4,1,1,2,1,1,1,0,1,50,1,2,1,0,0,1,,,voiture,,1,2,1,1,6
202400042479,2024-12-07 21:00:00,2024,12,7,21,0,93,93005,FERME (CARREFOUR DE LA),48.9444331,2.49572754,Nuit avec éclairage allumé,En agglomération,Autre intersection,Pluie légère,Autre collision,3,1,2,0,1,2,2,9,8,50,1,2,1,0,0,1,39.0,,utilitaire_camion,,5,2,9,2,6
202400042480,2024-11-03 07:10:00,2024,11,3,7,10,44,44113,,47.598177,-1.628036,Nuit sans éclairage public,Hors agglomération,Hors intersection,Normale,Deux véhicules - arrière,2,3,4,0,1,1,1,0,5,110,2,5,1,0,0,4,23.0,41.0,voiture,voiture,3,1,1,1,2
202400042481,2024-06-22 15:50:00,2024,6,22,15,50,83,83034,AVENUE VALERANE,43.08551,6.0981,Plein jour,En agglomération,Intersection en T,Normale,Deux véhicules - arrière,3,2,2,0,1,1,1,0,1,50,2,2,1,0,1,0,34.0,61.0,deux_roues,voiture,1,2,3,1,2
202400042481,2024-06-22 15:50:00,2024,6,22,15,50,83,83034,AVENUE VALERANE,43.08551,6.0981,Plein jour,En agglomération,Intersection en T,Normale,Deux véhicules - arrière,3,2, -1,-1,1,1,1,0,1,-1,2,2,1,0,1,0,34.0,61.0,deux_roues,voiture,1,2,3,1,2
202400042482,2024-12-07 21:20:00,2024,12,7,21,20,93,93046,GAMBETTA AVENUE,48.9193,2.51904,Nuit avec éclairage allumé,En agglomération,Intersection en X,Normale,Deux véhicules - côté,4,2,2,0,1,1,2,5,1,50,2,2,1,0,0,1,,40.0,voiture,voiture,5,2,2,1,3
202400042483,2024-11-02 16:40:00,2024,11,2,16,40,56,56002,Lande de Corbouin,47.564104,-2.552712,Plein jour,Hors agglomération,Hors intersection,Temps couvert,Sans collision,3,2,2,0,2,3,1,0,1,80,1,1,0,1,0,0,22.0,,deux_roues,,1,1,1,8,7
202400042484,2024-09-27 16:35:00,2024,9,27,16,35,83,83069,VICTORIA (AVENUE),43.11685,6.12602,Plein jour,En agglomération,Autre intersection,Normale,Autre collision,4,-1,2,0,1,1,1,0,8,50,1,2,0,0,0,2,17.0,,deux_roues,,1,2,9,1,6
202400042485,2024-12-07 21:00:00,2024,12,7,21,0,93,93031,ALLENDE (AVENUE SALVADOR),48.95569,2.30836,Nuit avec éclairage allumé,En agglomération,Hors intersection,Pluie légère,Autre collision,3,2,4,1,1,1,2,0,4,50,1,2,1,0,0,1,22.0,,voiture,,5,2,1,2,6
202400042486,2024-11-02 18:40:00,2024,11,2,18,40,79,79179,,46.671258,-0.585655,Nuit sans éclairage public,Hors agglomération,Hors intersection,Brouillard / fumée,Sans collision,4,2,2,0,1,1,2,0,1,80,1,1,0,0,1,0,63.0,,utilitaire_camion,,3,1,1,5,7
202400042487,2024-09-27 12:22:00,2024,9,27,12,22,81,81065,ALBI (RD612 - RTE D'),43.65676,2.21865,Plein jour,Hors agglomération,Hors intersection,Pluie légère,Trois véhicules et plus - collisions multiples,3,2,2,0,1,2,2,0,1,90,3,5,3,0,0,2,60.0,53.0,voiture,utilitaire_camion,1,1,1,2,5
202400042488,2024-12-08 17:00:00,2024,12,8,17,0,93,93057,ROME (AV.),48.9154191,2.50009147,Nuit avec éclairage allumé,En agglomération,Autre intersection,Pluie légère,Trois véhicules et plus - en chaîne,3,2,0,0,1,1,2,0,1,50,3,3,2,0,0,1,20.0,49.0,voiture,voiture,5,2,9,2,4
202400042489,2024-11-02 15:50:00,2024,11,2,15,50,63,63322,D210,45.857783,3.183224,Plein jour,Hors agglomération,Hors intersection,Normale,Trois véhicules et plus - collisions multiples,3,2,2,2,1,1,1,0,5,90,3,3,1,0,1,1,46.0,15.0,voiture,deux_roues,1,1,1,1,5
202400042490,2024-09-27 19:00:00,2024,9,27,19,0,80,80021,QUATORZE JUILLET 1789 (AVENUE DU),49.878838,2.283167,Plein jour,En agglomération,Hors intersection,Pluie légère,Sans collision,4,2,2,0,1,1,2,0,1,50,1,2,1,0,0,1,76.0,,utilitaire_camion,,1,2,1,2,7
202400042491,2024-11-02 10:30:00,2024,11,2,10,30,63,63313,,45.392468,3.007481,Plein jour,Hors agglomération,Hors intersection,Normale,Autre collision,3,2,2,0,2,2,2,0,3,90,1,1,0,0,1,0,62.0,,voiture,,1,1,1,1,6
202400042492,2024-12-07 23:25:00,2024,12,7,23,25,93,93008,SEMARD (RUE PIERRE),48.91290676,2.4462955,Nuit avec éclairage allumé,En agglomération,Intersection en T,Pluie légère,Sans collision,3,-1,0,0,1,1,2,0,1,50,1,1,0,0,0,1,25.0,,voiture,,5,2,3,2,7
202400042492,2024-12-07 23:25:00,2024,12,7,23,25,93,93008,SEMARD (RUE PIERRE),48.91290676,2.4462955,Nuit avec éclairage allumé,En agglomération,Intersection en T,Pluie légère,Sans collision,3,-1,0,0,1,1,2,0,1,50,1,1,0,0,0,1,25.0,,voiture,,5,2,3,2,7
202400042493,2024-09-27 16:25:00,2024,9,27,16,25,78,78551,BERLIOZ (BD HECTOR),48.89369,2.067,Plein jour,En agglomération,Intersection en X,Normale,Deux véhicules - côté,4,2,2,0,2,1,2,0,1,30,2,2,1,0,0,1,65.0,15.0,voiture,deux_roues,1,2,2,1,3
202400042493,2024-09-27 16:25:00,2024,9,27,16,25,78,78551,BERLIOZ (BD HECTOR),48.89369,2.067,Plein jour,En agglomération,Intersection en X,Normale,Deux véhicules - côté,4,2,2,0,2,3,2,0,1,50,2,2,1,0,0,1,65.0,15.0,voiture,deux_roues,1,2,2,1,3
202400042494,2024-11-03 13:00:00,2024,11,3,13,0,63,63353,RD300,45.45182834,3.57857106,Plein jour,Hors agglomération,Intersection en Y,Normale,Deux véhicules - frontale,3,2,2,0,1,2,1,0,1,90,2,2,1,0,1,0,30.0,56.0,voiture,deux_roues,1,1,4,1,1
202400042494,2024-11-03 13:00:00,2024,11,3,13,0,63,63353,RD300,45.45182834,3.57857106,Plein jour,Hors agglomération,Intersection en Y,Normale,Deux véhicules - frontale,3,2,2,-1,1,1,2,0,1,90,2,2,1,0,1,0,30.0,56.0,voiture,deux_roues,1,1,4,1,1
202400042495,2024-12-08 06:30:00,2024,12,8,6,30,92,92026,JOFFRE ( DE 52 A FIN ET DE 61 A FIN ),48.90259011,2.2458981,Nuit avec éclairage allumé,En agglomération,Hors intersection,Pluie légère,Deux véhicules - arrière,4,3,4,0,1,1,2,0,1,70,2,2,1,0,0,1,40.0,41.0,voiture,deux_roues,5,2,1,2,2
202400042496,2024-11-02 21:30:00,2024,11,2,21,30,61,61375,D958,48.670941,0.014784,Nuit sans éclairage public,Hors agglomération,Hors intersection,Normale,Deux véhicules - arrière,3,2,2,0,1,1,1,0,1,90,2,2,1,0,1,0,25.0,,deux_roues,voiture,3,1,1,1,2