accident_id,datetime,annee,mois,jour,heure,minute,departement,commune_insee,adresse,latitude,longitude,luminosite,agglomeration,intersection,meteo,collision,catr,circ,nbv,vosp,prof,plan,surf,infra,situ,vma,nb_vehicules,nb_usagers,nb_indemnes,nb_tues,nb_blesses_hosp,nb_blesses_legers,age_cond_1,age_cond_2,veh_type_cond_1,veh_type_cond_2,lum_code,agg_code,int_code,atm_code,col_code
202400042497,2024-09-27 13:25:00,2024,9,27,13,25,78,78440,ILE DE FRANCE (ALLEE DE L'),48.985925,1.914681,Plein jour,En agglomération,Intersection en X,Normale,Deux véhicules - côté,4,2,2,0,1,1,1,0,1,50,2,2,1,0,0,1,57.0,71.0,deux_roues,voiture,1,2,2,1,3
202400042497,2024-09-27 13:25:00,2024,9,27,13,25,78,78440,ILE DE FRANCE (ALLEE DE L'),48.985925,1.914681,Plein jour,En agglomération,Intersection en X,Normale,Deux véhicules - côté,4,2, -1,-1,1,1,1,0,1,-1,2,2,1,0,0,1,57.0,71.0,deux_roues,voiture,1,2,2,1,3
202400042498,2024-09-26 12:10:00,2024,9,26,12,10,77,77487,14 JUILLET (PLACE DU),48.53077,2.6734,Plein jour,En agglomération,Hors intersection,Pluie légère,Autre collision,4,1,1,0,1,1,2,0,1,50,1,2,1,0,0,1,62.0,,voiture,,1,2,1,2,6
202400042499,2024-11-02 15:40:00,2024,11,2,15,40,35,35027,26 Rue Théodore Botrel,48.166517,-2.067433,Plein jour,En agglomération,Hors intersection,Normale,Deux véhicules - arrière,3,2,2,0,1,1,1,0,1,30,2,2,1,0,0,1,25.0,78.0,voiture,deux_roues,1,2,1,1,2
202400042500,2024-10-08 18:15:00,2024,10,8,18,15,66,66009,Avenue Alsina Rodona,42.46909,2.661036,Plein jour,En agglomération,Hors intersection,Normale,Deux véhicules - frontale,3,2,2,0,1,3,1,0,1,80,2,5,4,0,0,1,23.0,40.0,voiture,voiture,1,2,1,1,1
202400042501,2024-09-24 19:25:00,2024,9,24,19,25,77,77268,RUE DES LABOURS,48.87327,2.8147,Nuit avec éclairage allumé,En agglomération,Hors intersection,Pluie forte,Autre collision,4,2,2,0,2,1,2,9,1,50,1,2,1,0,0,1,51.0,,voiture,,5,2,1,3,6
202400042502,2024-11-02 18:40:00,2024,11,2,18,40,29,29037,D44,47.88422492,-4.16880508,Nuit sans éclairage public,Hors agglomération,Giratoire,Normale,Deux véhicules - côté,3,1,2,0,1,1,1,5,1,70,2,3,2,0,0,1,39.0,56.0,voiture,voiture,3,1,6,1,3
202400042502,2024-11-02 18:40:00,2024,11,2,18,40,29,29037,D44,47.88422492,-4.16880508,Nuit sans éclairage public,Hors agglomération,Giratoire,Normale,Deux véhicules - côté,3,1,2,0,1,1,1,5,1,70,2,3,2,0,0,1,39.0,56.0,voiture,voiture,3,1,6,1,3
202400042503,2024-12-08 01:45:00,2024,12,8,1,45,971,97114,La Rose,16.147798,-61.583589,Nuit avec éclairage allumé,Hors agglomération,Intersection en T,Pluie légère,Deux véhicules - côté,2,4,2,3,1,1,2,5,1,90,2,4,2,1,1,0,63.0,75.0,voiture,voiture,5,1,3,2,3
202400042503,2024-12-08 01:45:00,2024,12,8,1,45,971,97114,La Rose,16.147798,-61.583589,Nuit avec éclairage allumé,Hors agglomération,Intersection en T,Pluie légère,Deux véhicules - côté,2,-1,1,0,1,2,2,5,6,70,2,4,2,1,1,0,63.0,75.0,voiture,voiture,5,1,3,2,3
202400042504,2024-09-27 13:40:00,2024,9,27,13,40,76,76681,Place Voltaire,49.42356,1.08897,Plein jour,En agglomération,Giratoire,Temps couvert,Deux véhicules - frontale,4,2,2,0,1,1,1,0,1,50,2,2,1,0,0,1,35.0,44.0,deux_roues,utilitaire_camion,1,2,6,8,1
202400042504,2024-09-27 13:40:00,2024,9,27,13,40,76,76681,Place Voltaire,49.42356,1.08897,Plein jour,En agglomération,Giratoire,Temps couvert,Deux véhicules - frontale,4,2,2,0,1,1,1,0,1,50,2,2,1,0,0,1,35.0,44.0,deux_roues,utilitaire_camion,1,2,6,8,1
202400042504,2024-09-27 13:40:00,2024,9,27,13,40,76,76681,Place Voltaire,49.42356,1.08897,Plein jour,En agglomération,Giratoire,Temps couvert,Deux véhicules - frontale,4,2,2,3,1,1,1,0,1,50,2,2,1,0,0,1,35.0,44.0,deux_roues,utilitaire_camion,1,2,6,8,1
202400042505,2024-10-24 17:00:00,2024,10,24,17,0,31,31183,D26,43.079068,0.892864,Plein jour,Hors agglomération,Hors intersection,Normale,Deux véhicules - côté,3,1,1,0,1,1,1,0,1,80,2,2,1,0,1,0,52.0,29.0,deux_roues,utilitaire_camion,1,1,1,1,3
202400042506,2024-12-01 14:30:00,2024,12,1,14,30,22,22206,Kerbouillen (Embranchement d'autoroute),48.533285,-3.007877,Plein jour,Hors agglomération,Autre intersection,Normale,Autre collision,3,2,2,0,1,1,1,0,3,80,1,1,0,0,1,0,58.0,,voiture,,1,1,9,1,6
202400042507,2024-09-27 13:30:00,2024,9,27,13,30,73,73065,N201,45.57189649,5.93610719,Plein jour,Hors agglomération,Hors intersection,Normale,Autre collision,2,3,6,0,1,1,1,0,1,90,1,3,2,0,1,0,54.0,,utilitaire_camion,,1,1,1,1,6
202400042508,2024-11-03 00:25:00,2024,11,3,0,25,38,38413,N85,44.8761264,5.83513138,Nuit avec éclairage non allumé,En agglomération,Hors intersection,Normale,Autre collision,2,2,0,0,1,2,1,0,3,50,1,3,0,0,2,1,26.0,,voiture,,4,2,1,1,6
202400042509,2024-12-08 19:30:00,2024,12,8,19,30,974,97412,Rue Marcel Pagnol,-21.377968,55.660847,Nuit avec éclairage allumé,En agglomération,Intersection en T,Normale,Trois véhicules et plus - collisions multiples,2,2,2,0,1,1,1,0,1,70,3,3,2,0,1,0,20.0,21.0,deux_roues,voiture,5,2,3,1,5
202400042509,2024-12-08 19:30:00,2024,12,8,19,30,974,97412,Rue Marcel Pagnol,-21.377968,55.660847,Nuit avec éclairage allumé,En agglomération,Intersection en T,Normale,Trois véhicules et plus - collisions multiples,2,2, -1,-1,1,1,1,0,1,-1,3,3,2,0,1,0,20.0,21.0,deux_roues,voiture,5,2,3,1,5
202400042510,2024-09-27 21:38:00,2024,9,27,21,38,73,73011,HOTEL DE VILLE (COURS DE),45.67542,6.39297,Nuit avec éclairage allumé,En agglomération,Hors intersection,Temps couvert,Autre collision,4,2,2,2,1,1,2,0,1,50,1,3,2,0,1,0,15.0,,voiture,,5,2,1,8,6
202400042511,2024-11-03 19:20:00,2024,11,3,19,20,02,02011,N31,49.392101,3.207697,Nuit sans éclairage public,Hors agglomération,Hors intersection,Brouillard / fumée,Autre collision,2,3,0,0,2,1,1,0,1,110,1,1,0,0,1,0,45.0,,deux_roues,,3,1,1,5,6
202400042512,2024-09-27 03:25:00,2024,9,27,3,25,72,72181,BOURG BELE (RUE DU)  N° IMP 1 A 59,47.99788,0.19823,Nuit avec éclairage allumé,En agglomération,Hors intersection,Temps couvert,Autre collision,4,2,2,0,1,1,1,0,1,50,1,1,0,0,1,0,26.0,,voiture,,5,2,1,8,6
202400042513,2024-11-02 23:47:00,2024,11,2,23,47,02,02551,,49.444217,3.393402,Nuit sans éclairage public,Hors agglomération,Hors intersection,Normale,Autre collision,3,2,2,0,2,2,1,0,8,80,1,1,0,1,0,0,25.0,,voiture,,3,1,1,1,6
202400042514,2024-10-30 13:35:00,2024,10,30,13,35,15,15096,RD 60,45.022207,2.565984,Plein jour,Hors agglomération,Hors intersection,Normale,Autre collision,3,2,2,0,2,2,1,0,3,90,1,1,0,0,0,1,50.0,,deux_roues,,1,1,1,1,6
202400042515,2024-12-08 23:10:00,2024,12,8,23,10,57,57620,Autoroute A4 PK 303.3 sens Paris vers Metz,49.181774,6.019177,Nuit sans éclairage public,Hors agglomération,Hors intersection,Normale,Sans collision,1,3,2,0,1,1,1,0,3,130,1,8,2,0,0,6,28.0,,utilitaire_camion,,3,1,1,1,7
202400042516,2024-09-27 23:30:00,2024,9,27,23,30,69,69282,Avenue de Verdun,45.78194,5.00548,Nuit avec éclairage allumé,En agglomération,Intersection en X,Normale,Deux véhicules - côté,7,2,2,0,1,1,1,0,1,30,2,2,0,0,0,2,54.0,42.0,voiture,voiture,5,2,2,1,3
202400042516,2024-09-27 23:30:00,2024,9,27,23,30,69,69282,Avenue de Verdun,45.78194,5.00548,Nuit avec éclairage allumé,En agglomération,Intersection en X,Normale,Deux véhicules - côté,7,2,2,2,1,1,1,0,1,30,2,2,0,0,0,2,54.0,42.0,voiture,voiture,5,2,2,1,3
202400042517,2024-11-03 02:00:00,2024,11,3,2,0,01,01348,Rue de Crénans,46.176677,4.810901,Nuit sans éclairage public,En agglomération,Hors intersection,Normale,Autre collision,3,2,2,0,1,1,1,0,1,50,1,1,0,0,1,0,18.0,,deux_roues,,3,2,1,1,6
202400042518,2024-11-02 21:00:00,2024,11,2,21,0,70,70317,D486,47.533629,6.418573,Nuit sans éclairage public,Hors agglomération,Intersection en X,Normale,Autre collision,3,2,2,0,2,1,1,0,1,80,1,1,0,0,1,0,44.0,,deux_roues,,3,1,2,1,6
202400042518,2024-11-02 21:00:00,2024,11,2,21,0,70,70317,D486,47.533629,6.418573,Nuit sans éclairage public,Hors agglomération,Intersection en X,Normale,Autre collision,3,2, -1,0,2,1,1,3,1,-1,1,1,0,0,1,0,44.0,,deux_roues,,3,1,2,1,6
202400042519,2024-12-08 04:00:00,2024,12,8,4,0,01,01189,Hameau le Poteau,46.065147,5.781287,Nuit sans éclairage public,En agglomération,Hors intersection,Neige / grêle,Deux véhicules - arrière,3,2,2,0,2,1,5,0,1,50,2,4,2,1,1,0,22.0,21.0,voiture,deux_roues,3,2,1,4,2
202400042520,2024-09-27 18:10:00,2024,9,27,18,10,69,69271,Route de Lyon,45.7387,4.96491,Crépuscule ou aube,En agglomération,Intersection en T,Temps éblouissant,Deux véhicules - frontale,4,2,2,0,1,1,1,0,1,50,2,2,1,0,0,1,26.0,16.0,voiture,deux_roues,2,2,3,7,1
202400042520,2024-09-27 18:10:00,2024,9,27,18,10,69,69271,Route de Lyon,45.7387,4.96491,Crépuscule ou aube,En agglomération,Intersection en T,Temps éblouissant,Deux véhicules - frontale,4,2,2,0,1,1,1,0,1,50,2,2,1,0,0,1,26.0,16.0,voiture,deux_roues,2,2,3,7,1
202400042521,2024-11-02 21:45:00,2024,11,2,21,45,70,70482,2 Rue Armand Paulmard,47.664705,5.971431,Nuit avec éclairage allumé,En agglomération,Giratoire,Normale,Autre collision,3,2,2,0,1,3,1,5,4,50,1,1,0,0,1,0,42.0,,voiture,,5,2,6,1,6
202400042521,2024-11-02 21:45:00,2024,11,2,21,45,70,70482,2 Rue Armand Paulmard,47.664705,5.971431,Nuit avec éclairage allumé,En agglomération,Giratoire,Normale,Autre collision,3,2, -1,-1,1,1,1,5,4,-1,1,1,0,0,1,0,42.0,,voiture,,5,2,6,1,6
202400042521,2024-11-02 21:45:00,2024,11,2,21,45,70,70482,2 Rue Armand Paulmard,47.664705,5.971431,Nuit avec éclairage allumé,En agglomération,Giratoire,Normale,Autre collision,3,2, -1,-1,1,1,1,5,4,-1,1,1,0,0,1,0,42.0,,voiture,,5,2,6,1,6
202400042522,2024-09-27 10:50:00,2024,9,27,10,50,69,69290,Rue Colette,45.69007,4.94215,Plein jour,En agglomération,Hors intersection,Normale,Deux véhicules - frontale,4,2,2,0,2,2,1,0,1,50,2,2,1,0,0,1,67.0,49.0,voiture,deux_roues,1,2,1,1,1
202400042523,2024-11-03 10:30:00,2024,11,3,10,30,06,06073,M97,44.19199,7.136436,Plein jour,Hors agglomération,Hors intersection,Normale,Sans collision,7,2,2,0,2,4,7,2,1,-1,1,2,0,0,0,2,30.0,,deux_roues,,1,1,1,1,7
202400042524,2024-12-08 18:25:00,2024,12,8,18,25,34,34118,D109,43.721009,3.909894,Nuit sans éclairage public,Hors agglomération,Intersection à plus de 4 branches,Normale,Deux véhicules - côté,3,2,2,0,1,1,1,5,1,70,2,2,1,0,0,1,28.0,72.0,deux_roues,voiture,3,1,5,1,3
202400042524,2024-12-08 18:25:00,2024,12,8,18,25,34,34118,D109,43.721009,3.909894,Nuit sans éclairage public,Hors agglomération,Intersection à plus de 4 branches,Normale,Deux véhicules - côté,3,3, -1,-1,2,3,1,3,1,-1,2,2,1,0,0,1,28.0,72.0,deux_roues,voiture,3,1,5,1,3
202400042525,2024-09-27 10:00:00,2024,9,27,10,0,69,69290,Chemin de Saint Bonnet de Mure,45.69195,4.96691,Plein jour,Hors agglomération,Hors intersection,Normale,Deux véhicules - frontale,4,2,2,0,2,2,1,0,1,30,2,3,1,0,0,2,66.0,78.0,voiture,voiture,1,1,1,1,1
202400042526,2024-12-09 10:20:00,2024,12,9,10,20,57,57544,D96c,48.684997,7.126951,Plein jour,Hors agglomération,Hors intersection,Temps couvert,Autre collision,3,2,2,0,2,2,2,0,3,80,1,3,0,0,0,3,17.0,,voiture,,1,1,1,8,6
202400042527,2024-11-02 22:15:00,2024,11,2,22,15,14,14516,17 Rue du Général Leclerc,48.973737,-0.244231,Nuit sans éclairage public,En agglomération,Intersection en X,Normale,Deux véhicules - côté,3,2,2,0,2,3,1,0,1,50,2,4,3,0,1,0,24.0,25.0,deux_roues,voiture,3,2,2,1,3
202400042527,2024-11-02 22:15:00,2024,11,2,22,15,14,14516,17 Rue du Général Leclerc,48.973737,-0.244231,Nuit sans éclairage public,En agglomération,Intersection en X,Normale,Deux véhicules - côté,3,2,2,0,1,2,1,0,1,50,2,4,3,0,1,0,24.0,25.0,deux_roues,voiture,3,2,2,1,3
202400042528,2024-09-26 14:45:00,2024,9,26,14,45,69,69259,Avenue Francis de Pressensé,45.71182,4.87495,Plein jour,En agglomération,Intersection en T,Pluie forte,Trois véhicules et plus - collisions multiples,4,2,3,0,1,1,3,0,1,50,3,3,2,0,0,1,20.0,,voiture,voiture,1,2,3,3,5
202400042528,2024-09-26 14:45:00,2024,9,26,14,45,69,69259,Avenue Francis de Pressensé,45.71182,4.87495,Plein jour,En agglomération,Intersection en T,Pluie forte,Trois véhicules et plus - collisions multiples,4,2,3,0,2,1,3,0,1,50,3,3,2,0,0,1,20.0,,voiture,voiture,1,2,3,3,5
202400042529,2024-12-08 19:22:00,2024,12,8,19,22,59,59164,Rue de Solesmes,50.157958,3.57856,Nuit avec éclairage allumé,Hors agglomération,Intersection en T,Pluie légère,Deux véhicules - côté,3,2,2,0,1,1,2,0,1,70,2,2,0,0,1,1,73.0,40.0,voiture,voiture,5,1,3,2,3
202400042529,2024-12-08 19:22:00,2024,12,8,19,22,59,59164,Rue de Solesmes,50.157958,3.57856,Nuit avec éclairage allumé,Hors agglomération,Intersection en T,Pluie légère,Deux véhicules - côté,3,2, -1,-1,1,1,2,0,-1,-1,2,2,0,0,1,1,73.0,40.0,voiture,voiture,5,1,3,2,3
202400042530,2024-11-03 00:45:00,2024,11,3,0,45,14,14601,Route de Lisieux,49.284516,0.208563,Nuit sans éclairage public,Hors agglomération,Hors intersection,Normale,Deux véhicules - frontale,3,2,2,0,2,1,1,0,1,80,2,3,2,0,1,0,22.0,19.0,voiture,voiture,3,1,1,1,1
202400042531,2024-09-27 09:00:00,2024,9,27,9,0,68,68224,Rue du Fil,47.747359,7.320198,Plein jour,En agglomération,Intersection en X,Pluie légère,Autre collision,4,2,2,0,1,1,2,0,1,50,1,2,1,1,0,0,22.0,,utilitaire_camion,,1,2,2,2,6
202400042531,2024-09-27 09:00:00,2024,9,27,9,0,68,68224,Rue du Fil,47.747359,7.320198,Plein jour,En agglomération,Intersection en X,Pluie légère,Autre collision,4,1,1,0,1,1,2,9,6,30,1,2,1,1,0,0,22.0,,utilitaire_camion,,1,2,2,2,6
202400042532,2024-11-02 07:45:00,2024,11,2,7,45,50,50359,Rue de l'Abbaye Blanche,48.655947,-0.943993,Plein jour,Hors agglomération,Hors intersection,Temps couvert,Sans collision,3,2,2,0,1,2,1,0,3,70,1,1,0,0,1,0,16.0,,utilitaire_camion,,1,1,1,8,7
202400042533,2024-12-04 20:00:00,2024,12,4,20,0,56,56078,les Cinq Chemins,47.799932,-3.476593,Nuit sans éclairage public,En agglomération,Hors intersection,Normale,Deux véhicules - frontale,4,2,2,0,1,3,1,0,1,50,2,2,1,0,0,1,42.0,47.0,voiture,voiture,3,2,1,1,1
202400042534,2024-09-27 20:10:00,2024,9,27,20,10,61,61006,D958,48.748795,-0.027584,Nuit avec éclairage allumé,En agglomération,Hors intersection,Pluie légère,Autre collision,3,3,3,0,1,1,2,0,1,50,1,2,0,0,1,1,20.0,,voiture,,5,2,1,2,6
202400042535,2024-11-02 06:00:00,2024,11,2,6,0,40,40055,D824,43.852231,-0.479708,Nuit sans éclairage public,Hors agglomération,Hors intersection,Normale,Deux véhicules - côté,3,2,2,0,1,1,1,0,1,80,2,2,0,0,1,1,54.0,24.0,voiture,deux_roues,3,1,1,1,3
202400042536,2024-12-08 20:00:00,2024,12,8,20,0,80,80191,D39,49.79502,2.773447,Nuit sans éclairage public,Hors agglomération,Hors intersection,Pluie légère,Sans collision,3,2,2,0,1,1,2,0,3,-1,1,1,0,0,0,1,21.0,,utilitaire_camion,,3,1,1,2,7
202400042537,2024-06-19 10:00:00,2024,6,19,10,0,61,61038,Voie Communale,48.374448,0.564514,Plein jour,En agglomération,Hors intersection,Normale,Autre collision,4,1,1,0,1,1,1,0,1,50,1,2,1,0,0,1,53.0,,voiture,,1,2,1,1,6
202400042538,2024-11-02 20:00:00,2024,11,2,20,0,17,17043,RD 939,46.048246,-0.632014,Nuit sans éclairage public,Hors agglomération,Hors intersection,Normale,Deux véhicules - frontale,3,2,2,0,1,1,1,0,1,80,2,2,1,0,0,1,27.0,,deux_roues,voiture,3,1,1,1,1
202400042539,2024-09-27 14:55:00,2024,9,27,14,55,61,61001,Voie Communale,48.432079,0.079551,Plein jour,En agglomération,Giratoire,Pluie légère,Deux véhicules - côté,4,2,2,0,1,1,2,0,1,30,2,2,1,0,0,1,59.0,34.0,utilitaire_camion,deux_roues,1,2,6,2,3
202400042539,2024-09-27 14:55:00,2024,9,27,14,55,61,61001,Voie Communale,48.432079,0.079551,Plein jour,En agglomération,Giratoire,Pluie légère,Deux véhicules - côté,4,2,2,0,1,1,2,0,1,30,2,2,1,0,0,1,59.0,34.0,utilitaire_camion,deux_roues,1,2,6,2,3
202400042540,2024-11-02 13:45:00,2024,11,2,13,45,87,87089,D942,46.213383,1.148243,Plein jour,Hors agglomération,Hors intersection,Normale,Sans collision,3,2,2,0,3,2,1,0,3,90,1,1,0,0,1,0,56.0,,deux_roues,,1,1,1,1,7
202400042541,2024-12-09 12:00:00,2024,12,9,12,0,12,12266,"D95, Lieu-dit Montels Cance",44.282991,2.819431,Plein jour,Hors agglomération,Hors intersection,Normale,Deux véhicules - côté,3,2,2,0,2,2,1,0,1,90,2,2,1,0,0,1,43.0,28.0,utilitaire_camion,voiture,1,1,1,1,3
202400042542,2024-11-02 11:50:00,2024,11,2,11,50,24,24348,d25,44.680623,0.452113,Plein jour,Hors agglomération,Hors intersection,Normale,Autre collision,3,2,2,0,1,2,1,0,1,80,1,1,0,0,1,0,48.0,,deux_roues,,1,1,1,1,6
202400042543,2024-09-27 08:50:00,2024,9,27,8,50,51,51454,BOYER (Rue Gaston),49.26033,4.02242,Plein jour,En agglomération,Intersection en X,Normale,Deux véhicules - côté,4,2,2,0,1,1,1,0,1,50,2,2,1,0,0,1,21.0,29.0,deux_roues,voiture,1,2,2,1,3
202400042543,2024-09-27 08:50:00,2024,9,27,8,50,51,51454,BOYER (Rue Gaston),49.26033,4.02242,Plein jour,En agglomération,Intersection en X,Normale,Deux véhicules - côté,4,2,2,1,1,1,1,0,1,50,2,2,1,0,0,1,21.0,29.0,deux_roues,voiture,1,2,2,1,3
202400042544,2024-12-07 08:20:00,2024,12,7,8,20,44,44169,53quater Route du fleuve,47.246997,-1.400323,Plein jour,Hors agglomération,Hors intersection,Normale,Deux véhicules - frontale,3,2,2,0,1,1,1,0,1,80,2,2,0,0,2,0,59.0,32.0,voiture,voiture,1,1,1,1,1
202400042545,2024-11-03 05:15:00,2024,11,3,5,15,13,13044,D69,43.622817,5.045278,Nuit sans éclairage public,Hors agglomération,Hors intersection,Normale,Deux véhicules - frontale,3,2,2,0,2,1,1,3,1,70,2,2,1,0,0,1,28.0,31.0,voiture,voiture,3,1,1,1,1
202400042546,2024-09-26 13:21:00,2024,9,26,13,21,49,49007,BERANGER,47.47403,-0.53746,Plein jour,En agglomération,Hors intersection,Normale,Deux véhicules - côté,4,2,1,0,1,1,1,0,1,30,2,2,1,0,0,1,45.0,51.0,deux_roues,deux_roues,1,2,1,1,3
202400042547,2024-12-07 22:20:00,2024,12,7,22,20,29,29212,route du Mengant,48.35503,-4.590558,Nuit sans éclairage public,Hors agglomération,Hors intersection,Vent fort / tempête,Autre collision,4,2,2,0,2,2,2,0,3,80,1,4,2,0,2,0,22.0,,voiture,,3,1,1,6,6
202400042548,2024-09-27 18:10:00,2024,9,27,18,10,44,44184,Rue du Maine,47.27758,-2.21096,Plein jour,En agglomération,Intersection en X,Normale,Deux véhicules - côté,4,1,1,0,1,1,1,0,1,30,2,2,1,0,0,1,78.0,18.0,voiture,deux_roues,1,2,2,1,3
202400042548,2024-09-27 18:10:00,2024,9,27,18,10,44,44184,Rue du Maine,47.27758,-2.21096,Plein jour,En agglomération,Intersection en X,Normale,Deux véhicules - côté,4,2,2,0,2,1,1,0,1,30,2,2,1,0,0,1,78.0,18.0,voiture,deux_roues,1,2,2,1,3
202400042549,2024-11-03 00:55:00,2024,11,3,0,55,06,06149,"A8, PK205+550, chaussé nord",43.744065,7.347579,Nuit sans éclairage public,Hors agglomération,Hors intersection,Normale,Trois véhicules et plus - collisions multiples,1,3,6,0,2,2,1,0,1,90,4,7,2,0,1,4,27.0,19.0,voiture,voiture,3,1,1,1,5
202400042550,2024-11-02 13:20:00,2024,11,2,13,20,988,98822,Tribu de Wagap,-20.8858,165.27595,Plein jour,Hors agglomération,Hors intersection,Normale,Autre collision,2,2,2,0,1,1,1,0,3,90,1,3,0,0,1,2,32.0,,voiture,,1,1,1,1,6
202400042551,2024-12-07 16:00:00,2024,12,7,16,0,29,29215,D784,47.99668115,-4.37612321,Plein jour,Hors agglomération,Hors intersection,Vent fort / tempête,Deux véhicules - frontale,3,2,2,0,1,1,2,0,1,80,2,7,6,0,0,1,43.0,31.0,voiture,utilitaire_camion,1,1,1,6,1
202400042552,2024-09-27 12:55:00,2024,9,27,12,55,44,44162,Rue du Moulin de la Rousselière,47.2320916,-1.6447502,Plein jour,En agglomération,Hors intersection,Pluie forte,Deux véhicules - côté,4,2,2,0,1,1,2,9,1,50,2,4,2,0,2,0,32.0,26.0,voiture,voiture,1,2,1,3,3
202400042553,2024-11-01 19:00:00,2024,11,1,19,0,988,98821,VE2 sens Sud/Nord,-22.151428,166.371636,Nuit sans éclairage public,Hors agglomération,Hors intersection,Normale,Deux véhicules - côté,1,3,4,0,1,1,1,0,1,110,2,2,0,0,1,1,53.0,27.0,voiture,voiture,3,1,1,1,3
202400042554,2024-12-09 00:01:00,2024,12,9,0,1,15,15142,RD 56,44.922842,2.93519,Nuit sans éclairage public,Hors agglomération,Hors intersection,Normale,Autre collision,3,2,2,0,1,1,2,0,3,80,1,2,0,0,1,1,30.0,,voiture,,3,1,1,1,6
202400042555,2024-09-23 14:00:00,2024,9,23,14,0,42,42218,Rue Francisque Voytier,45.42429,4.40175,Plein jour,En agglomération,Intersection en X,Normale,Autre collision,4,2,2,-1,1,1,1,0,1,-1,1,2,1,0,0,1,59.0,,voiture,,1,2,2,1,6
202400042555,2024-09-23 14:00:00,2024,9,23,14,0,42,42218,Rue Francisque Voytier,45.42429,4.40175,Plein jour,En agglomération,Intersection en X,Normale,Autre collision,4,2,2,0,2,1,1,0,1,50,1,2,1,0,0,1,59.0,,voiture,,1,2,2,1,6
202400042556,2024-12-08 21:25:00,2024,12,8,21,25,58,58172,D979,46.73896,3.658898,Nuit sans éclairage public,Hors agglomération,Hors intersection,Pluie légère,Sans collision,3,3,2,0,1,2,2,0,3,90,1,1,0,0,0,1,28.0,,voiture,,3,1,1,2,7
202400042557,2024-11-03 11:40:00,2024,11,3,11,40,971,97117,Route de Bories,16.302841,-61.406944,Plein jour,Hors agglomération,Hors intersection,Normale,Sans collision,3,2,2,0,1,1,1,0,1,70,1,1,0,0,0,1,35.0,,deux_roues,,1,1,1,1,7
202400042558,2024-09-25 12:55:00,2024,9,25,12,55,41,41047,PASTEUR (RUE LOUIS),47.614,1.35419,Plein jour,En agglomération,Hors intersection,Pluie légère,Sans collision,4,2,2,0,1,1,2,0,1,50,1,1,0,0,1,0,39.0,,deux_roues,,1,2,1,2,7
202400042559,2024-11-03 03:50:00,2024,11,3,3,50,95,95446,D79,49.124444,2.169671,Nuit avec éclairage non allumé,En agglomération,Hors intersection,Normale,Autre collision,3,2,2,0,2,2,1,0,1,50,1,1,0,1,0,0,24.0,,voiture,,4,2,1,1,6
202400042560,2024-12-09 11:10:00,2024,12,9,11,10,14,14622,Route de Tournières,49.230266,-0.958831,Plein jour,Hors agglomération,Hors intersection,Pluie légère,Autre collision,3,2,2,0,2,2,2,0,3,80,1,2,1,0,0,1,60.0,,voiture,,1,1,1,2,6
202400042561,2024-12-05 07:15:00,2024,12,5,7,15,50,50215,RD650,49.120161,-1.589541,Nuit sans éclairage public,Hors agglomération,Hors intersection,Pluie légère,Sans collision,3,2,2,0,1,1,2,0,3,80,1,1,0,0,0,1,60.0,,voiture,,3,1,1,2,7
202400042562,2024-11-01 08:15:00,2024,11,1,8,15,78,78597,Soindres,48.951366,1.649795,Crépuscule ou aube,Hors agglomération,Hors intersection,Brouillard / fumée,Deux véhicules - frontale,3,2,2,0,2,2,2,0,1,80,2,2,0,0,0,2,41.0,24.0,voiture,voiture,2,1,1,5,1
202400042563,2024-09-27 17:55:00,2024,9,27,17,55,38,38185,QUAI CLAUDE BERNARD,45.19289651,5.71743831,Plein jour,En agglomération,Intersection en Y,Pluie légère,Deux véhicules - frontale,4,2,2,0,1,1,2,0,1,50,2,2,1,0,1,0,24.0,28.0,voiture,deux_roues,1,2,4,2,1
202400042563,2024-09-27 17:55:00,2024,9,27,17,55,38,38185,QUAI CLAUDE BERNARD,45.19289651,5.71743831,Plein jour,En agglomération,Intersection en Y,Pluie légère,Deux véhicules - frontale,4,1,2,0,1,1,2,0,8,50,2,2,1,0,1,0,24.0,28.0,voiture,deux_roues,1,2,4,2,1
202400042564,2024-12-06 11:15:00,2024,12,6,11,15,50,50615,42 Rue de Poterie,49.510757,-1.469429,Plein jour,En agglomération,Hors intersection,Normale,Deux véhicules - arrière,3,2,2,0,1,1,1,0,1,30,2,2,1,0,0,1,21.0,67.0,deux_roues,voiture,1,2,1,1,2
202400042565,2024-11-03 15:00:00,2024,11,3,15,0,83,83016,Route Nationale 8,43.21506,5.810523,Plein jour,Hors agglomération,Hors intersection,Normale,Deux véhicules - frontale,3,2,2,0,2,3,1,0,1,80,2,2,1,1,0,0,18.0,55.0,voiture,deux_roues,1,1,1,1,1
202400042566,2024-09-27 01:09:00,2024,9,27,1,9,37,37233,DUCLOS (AVENUE JACQUES),47.3802,0.7265,Nuit avec éclairage non allumé,En agglomération,Giratoire,Normale,Autre collision,4,2,2,0,1,1,1,0,1,50,1,2,1,0,0,1,22.0,,voiture,,4,2,6,1,6