accident_id,datetime,annee,mois,jour,heure,minute,departement,commune_insee,adresse,latitude,longitude,luminosite,agglomeration,intersection,meteo,collision,catr,circ,nbv,vosp,prof,plan,surf,infra,situ,vma,nb_vehicules,nb_usagers,nb_indemnes,nb_tues,nb_blesses_hosp,nb_blesses_legers,age_cond_1,age_cond_2,veh_type_cond_1,veh_type_cond_2,lum_code,agg_code,int_code,atm_code,col_code
202400042706,2024-12-07 18:55:00,2024,12,7,18,55,2B,2B033,AGLIANI - CHEMIN D',42.66521,9.43691,Nuit sans éclairage public,En agglomération,Hors intersection,Pluie forte,Trois véhicules et plus - collisions multiples,4,2,2,0,2,3,2,0,1,70,3,7,2,0,0,5,54.0,48.0,voiture,voiture,3,2,1,3,5
202400042707,2024-11-01 06:20:00,2024,11,1,6,20,31,31555,CHE DE LA SAUDRUNE,43.54245,1.38933,Nuit avec éclairage allumé,En agglomération,Hors intersection,Normale,Autre collision,4,2,2,0,2,2,1,0,1,50,1,2,0,0,0,2,21.0,,voiture,,5,2,1,1,6
202400042708,2024-11-01 21:00:00,2024,11,1,21,0,25,25056,CORBUSIER I,47.26568,6.03194,Nuit avec éclairage allumé,En agglomération,Hors intersection,Normale,Autre collision,4,2,2,0,1,1,1,0,1,30,1,2,1,0,0,1,20.0,,deux_roues,,5,2,1,1,6
202400042709,2024-12-07 17:15:00,2024,12,7,17,15,2B,2B120,11 - RT,42.66031,9.44199,Crépuscule ou aube,En agglomération,Hors intersection,Normale,Deux véhicules - arrière,2,-1,4,0,1,1,1,0,1,70,2,3,2,0,0,1,29.0,68.0,utilitaire_camion,voiture,2,2,1,1,2
202400042710,2024-11-01 18:35:00,2024,11,1,18,35,13,13054,SAINTE ANNE (AV ),43.4121,5.21869,Crépuscule ou aube,En agglomération,Hors intersection,Normale,Deux véhicules - arrière,4,2,2,0,1,1,1,0,1,50,2,2,1,0,0,1,36.0,32.0,voiture,voiture,2,2,1,1,2
202400042711,2024-12-07 09:15:00,2024,12,7,9,15,971,97113,BAS DU FORT,16.21864,-61.51389,Plein jour,Hors agglomération,Hors intersection,Normale,Deux véhicules - côté,2,-1,1,0,1,1,1,0,1,90,2,5,4,0,0,1,30.0,53.0,voiture,voiture,1,1,1,1,3
202400042712,2024-11-01 21:50:00,2024,11,1,21,50,13,13071,PLAN DE CAMPAGNE (AVE. DE ),43.41769,5.35998,Nuit avec éclairage allumé,En agglomération,Hors intersection,Normale,Deux véhicules - côté,4,1,1,0,1,1,1,0,1,30,2,3,0,0,0,3,18.0,18.0,deux_roues,voiture,5,2,1,1,3
202400042713,2024-12-06 19:05:00,2024,12,6,19,5,971,97101,Frédéric JALTON,16.2774,-61.5001,Nuit sans éclairage public,Hors agglomération,Hors intersection,Autre,Autre collision,3,-1,2,0,1,1,2,0,1,50,1,2,1,0,0,1,21.0,,voiture,,3,1,1,9,6
202400042714,2024-11-01 23:00:00,2024,11,1,23,0,13,13208,PRADO (AVENUE DU),43.26792,5.38349,Nuit avec éclairage allumé,En agglomération,Autre intersection,Normale,Deux véhicules - côté,4,2,6,0,1,1,1,0,1,50,2,2,1,0,0,1,,41.0,deux_roues,deux_roues,5,2,9,1,3
202400042715,2024-12-06 16:50:00,2024,12,6,16,50,2A,2A004,9a Rue Colonel Colonna d’Ornano,41.92836,8.73738,Nuit avec éclairage allumé,En agglomération,Intersection en X,Pluie légère,Autre collision,4,2,1,0,4,1,2,0,1,50,1,2,1,0,0,1,63.0,,utilitaire_camion,,5,2,2,2,6
202400042715,2024-12-06 16:50:00,2024,12,6,16,50,2A,2A004,9a Rue Colonel Colonna d’Ornano,41.92836,8.73738,Nuit avec éclairage allumé,En agglomération,Intersection en X,Pluie légère,Autre collision,4,-1,1,0,1,1,2,0,1,50,1,2,1,0,0,1,63.0,,utilitaire_camion,,5,2,2,2,6
202400042716,2024-11-01 06:40:00,2024,11,1,6,40,13,13213,BOUGE (BOULEVARD),43.32609,5.41036,Crépuscule ou aube,En agglomération,Intersection en Y,Normale,Deux véhicules - côté,4,2,2,0,1,1,1,0,1,50,2,3,1,0,0,2,49.0,23.0,utilitaire_camion,deux_roues,2,2,4,1,3
202400042716,2024-11-01 06:40:00,2024,11,1,6,40,13,13213,BOUGE (BOULEVARD),43.32609,5.41036,Crépuscule ou aube,En agglomération,Intersection en Y,Normale,Deux véhicules - côté,4,2,2,0,1,1,1,0,8,30,2,3,1,0,0,2,49.0,23.0,utilitaire_camion,deux_roues,2,2,4,1,3
202400042717,2024-12-07 16:18:00,2024,12,7,16,18,95,95427,8 MAI 1945 (AVENUE DU),48.9627597,2.3339054,Plein jour,En agglomération,Intersection en X,Pluie légère,Autre collision,3,-1,0,0,1,1,2,5,1,50,1,2,1,0,1,0,50.0,,voiture,,1,2,2,2,6
202400042717,2024-12-07 16:18:00,2024,12,7,16,18,95,95427,8 MAI 1945 (AVENUE DU),48.9627597,2.3339054,Plein jour,En agglomération,Intersection en X,Pluie légère,Autre collision,3,2,1,0,1,1,2,0,1,50,1,2,1,0,1,0,50.0,,voiture,,1,2,2,2,6
202400042718,2024-12-06 16:10:00,2024,12,6,16,10,91,91103,RUE DU POITOU,48.585892,2.293698,Plein jour,En agglomération,Intersection en T,Normale,Deux véhicules - frontale,4,2,2,0,1,1,1,0,1,50,2,2,1,0,0,1,63.0,69.0,transport_commun,voiture,1,2,3,1,1
202400042718,2024-12-06 16:10:00,2024,12,6,16,10,91,91103,RUE DU POITOU,48.585892,2.293698,Plein jour,En agglomération,Intersection en T,Normale,Deux véhicules - frontale,4,2,2,0,1,2,1,0,1,50,2,2,1,0,0,1,63.0,69.0,transport_commun,voiture,1,2,3,1,1
202400042719,2024-11-01 02:25:00,2024,11,1,2,25,13,13001,JUVENAL MAX (AV),43.52605,5.44112,Nuit avec éclairage allumé,En agglomération,Intersection en X,Normale,Deux véhicules - côté,4,3,0,0,1,1,1,0,1,30,2,4,1,0,0,3,23.0,,voiture,voiture,5,2,2,1,3
202400042719,2024-11-01 02:25:00,2024,11,1,2,25,13,13001,JUVENAL MAX (AV),43.52605,5.44112,Nuit avec éclairage allumé,En agglomération,Intersection en X,Normale,Deux véhicules - côté,4,1,0,0,1,1,1,0,1,30,2,4,1,0,0,3,23.0,,voiture,voiture,5,2,2,1,3
202400042720,2024-12-07 20:35:00,2024,12,7,20,35,91,91421,JEAN JAURES (AVENUE),48.71452,2.44772,Nuit avec éclairage allumé,En agglomération,Hors intersection,Pluie forte,Autre collision,3,1,1,0,1,1,2,0,1,50,1,2,1,0,1,0,23.0,,voiture,,5,2,1,3,6
202400042721,2024-11-01 17:50:00,2024,11,1,17,50,11,11069,PYRENEES -DES-,43.208,2.33489,Crépuscule ou aube,En agglomération,Hors intersection,Normale,Deux véhicules - côté,4,1,2,0,1,1,1,0,1,50,2,2,1,0,0,1,16.0,59.0,autre,deux_roues,2,2,1,1,3
202400042722,2024-12-06 14:06:00,2024,12,6,14,6,91,91201,RUE DU BOUT DES CREUSES,48.680641,2.429084,Plein jour,En agglomération,Hors intersection,Normale,Autre collision,4,2,0,0,1,1,1,0,1,50,2,2,1,0,0,1,21.0,32.0,voiture,deux_roues,1,2,1,1,6
202400042723,2024-11-01 03:00:00,2024,11,1,3,0,02,02738,58 Chaussée Brunehaut (Vouël),49.66804,3.27897,Nuit avec éclairage allumé,En agglomération,Hors intersection,Pluie légère,Autre collision,3,2,2,0,2,1,2,0,8,50,1,3,0,1,0,2,14.0,,utilitaire_camion,,5,2,1,2,6
202400042724,2024-11-01 21:00:00,2024,11,1,21,0,01,01053,MERCIER (AVENUE AMEDEE DU 45 AU FIN),46.20358,5.24227,Nuit avec éclairage allumé,En agglomération,Intersection en X,Brouillard / fumée,Deux véhicules - côté,3,2,2,0,1,1,2,5,1,50,2,3,2,0,0,1,31.0,68.0,voiture,voiture,5,2,2,5,3
202400042724,2024-11-01 21:00:00,2024,11,1,21,0,01,01053,MERCIER (AVENUE AMEDEE DU 45 AU FIN),46.20358,5.24227,Nuit avec éclairage allumé,En agglomération,Intersection en X,Brouillard / fumée,Deux véhicules - côté,3,2,4,0,1,1,2,5,1,50,2,3,2,0,0,1,31.0,68.0,voiture,voiture,5,2,2,5,3
202400042725,2024-11-01 01:00:00,2024,11,1,1,0,75,75116,ECHANGEUR AUTEUIL,48.849689,2.252663,Nuit sans éclairage public,En agglomération,Hors intersection,Pluie légère,Sans collision,4,1,2,0,2,2,2,0,1,50,1,1,0,0,0,1,31.0,,deux_roues,,3,2,1,2,7
202400042726,2024-11-01 03:30:00,2024,11,1,3,30,75,75116,AVENUE DE LA GRANDE ARMEE,48.874822,2.291725,Nuit avec éclairage allumé,En agglomération,Intersection en T,Normale,Deux véhicules - côté,4,2,6,3,2,1,1,0,1,30,2,4,2,0,1,1,22.0,56.0,deux_roues,voiture,5,2,3,1,3
202400042726,2024-11-01 03:30:00,2024,11,1,3,30,75,75116,AVENUE DE LA GRANDE ARMEE,48.874822,2.291725,Nuit avec éclairage allumé,En agglomération,Intersection en T,Normale,Deux véhicules - côté,4,1,1,0,2,1,1,0,1,30,2,4,2,0,1,1,22.0,56.0,deux_roues,voiture,5,2,3,1,3
202400042727,2024-11-01 08:30:00,2024,11,1,8,30,75,75116,AVENUE FERDINAND BUISSON,48.836725,2.253662,Plein jour,En agglomération,Intersection en X,Normale,Deux véhicules - côté,4,1,1,0,1,1,1,0,1,30,2,2,1,0,0,1,45.0,56.0,utilitaire_camion,deux_roues,1,2,2,1,3
202400042727,2024-11-01 08:30:00,2024,11,1,8,30,75,75116,AVENUE FERDINAND BUISSON,48.836725,2.253662,Plein jour,En agglomération,Intersection en X,Normale,Deux véhicules - côté,4,2, -1,-1,1,1,1,0,1,-1,2,2,1,0,0,1,45.0,56.0,utilitaire_camion,deux_roues,1,2,2,1,3
202400042728,2024-11-01 01:00:00,2024,11,1,1,0,75,75116,ALLEE DE LA REINE MARGUERITE,48.861177,2.24662,Nuit avec éclairage allumé,En agglomération,Hors intersection,Normale,Deux véhicules - côté,4,2,2,0,1,1,1,0,1,30,2,2,1,0,0,1,33.0,36.0,deux_roues,voiture,5,2,1,1,3
202400042729,2024-10-31 22:01:00,2024,10,31,22,1,75,75114,AVENUE DU MAINE,48.837671,2.3227,Nuit avec éclairage allumé,En agglomération,Intersection en X,Normale,Deux véhicules - côté,4,2,5,1,1,1,1,0,1,30,2,3,1,0,0,2,20.0,26.0,voiture,deux_roues,5,2,2,1,3
202400042729,2024-10-31 22:01:00,2024,10,31,22,1,75,75114,AVENUE DU MAINE,48.837671,2.3227,Nuit avec éclairage allumé,En agglomération,Intersection en X,Normale,Deux véhicules - côté,4,2, -1,1,1,1,1,0,1,30,2,3,1,0,0,2,20.0,26.0,voiture,deux_roues,5,2,2,1,3
202400042730,2024-11-01 13:50:00,2024,11,1,13,50,75,75111,RUE DU FAUBOURG SAINT ANTOINE,48.84919,2.390534,Plein jour,En agglomération,Hors intersection,Normale,Deux véhicules - arrière,4,2,0,1,1,1,1,0,1,30,2,2,1,0,0,1,59.0,39.0,deux_roues,utilitaire_camion,1,2,1,1,2
202400042731,2024-11-01 06:00:00,2024,11,1,6,0,75,75107,QUAI D ORSAY,48.862902,2.313461,Nuit avec éclairage allumé,En agglomération,Intersection en X,Normale,Deux véhicules - arrière,4,2,4,1,1,1,1,2,1,30,2,3,2,0,0,1,27.0,,voiture,voiture,5,2,2,1,2
202400042731,2024-11-01 06:00:00,2024,11,1,6,0,75,75107,QUAI D ORSAY,48.862902,2.313461,Nuit avec éclairage allumé,En agglomération,Intersection en X,Normale,Deux véhicules - arrière,4,-1,2,0,1,1,1,0,1,30,2,3,2,0,0,1,27.0,,voiture,voiture,5,2,2,1,2
202400042732,2024-11-01 03:55:00,2024,11,1,3,55,94,94081,Quai Jules Guesde,48.79603,2.41722,Nuit avec éclairage allumé,En agglomération,Giratoire,Normale,Autre collision,3,1,2,0,1,1,1,9,1,50,1,4,0,0,0,4,23.0,,voiture,,5,2,6,1,6
202400042732,2024-11-01 03:55:00,2024,11,1,3,55,94,94081,Quai Jules Guesde,48.79603,2.41722,Nuit avec éclairage allumé,En agglomération,Giratoire,Normale,Autre collision,3,1,2,0,1,1,1,9,1,50,1,4,0,0,0,4,23.0,,voiture,,5,2,6,1,6
202400042733,2024-11-01 13:45:00,2024,11,1,13,45,94,94041,Boulevard Paul Vaillant Couturier,48.81783,2.39824,Plein jour,En agglomération,Hors intersection,Normale,Autre collision,3,2,3,3,1,1,1,0,1,50,1,2,1,0,0,1,38.0,,transport_commun,,1,2,1,1,6
202400042734,2024-11-01 14:12:00,2024,11,1,14,12,93,93072,STALINGRAD (AVENUE DE) DES N° 126 A 156,48.94751797,2.37431943,Plein jour,En agglomération,Hors intersection,Normale,Deux véhicules - arrière,3,1,2,0,1,1,1,0,1,50,2,3,2,0,0,1,66.0,,voiture,voiture,1,2,1,1,2
202400042735,2024-11-01 18:30:00,2024,11,1,18,30,93,93064,PERI (BOULEVARD GABRIEL) 39 / 44 - FIN,48.87733,2.47777,Nuit avec éclairage allumé,En agglomération,Hors intersection,Normale,Trois véhicules et plus - en chaîne,3,2,6,0,1,1,1,0,1,50,4,6,5,0,0,1,40.0,39.0,voiture,voiture,5,2,1,1,4
202400042736,2024-11-01 20:30:00,2024,11,1,20,30,93,93005,PIERRE JOUHET (AVENUE),48.92177549,2.50538707,Nuit avec éclairage allumé,En agglomération,Autre intersection,Normale,Deux véhicules - côté,4,-1,1,0,1,1,1,0,8,40,2,2,1,0,0,1,24.0,,voiture,voiture,5,2,9,1,3
202400042737,2024-11-01 14:15:00,2024,11,1,14,15,92,92049,BRIAND AVENUE ARISTIDE N°1 A 129,48.81769109,2.3256395,Plein jour,En agglomération,Hors intersection,Temps couvert,Autre collision,3,1,0,3,1,1,1,0,1,50,1,2,1,0,0,1,,,deux_roues,,1,2,1,8,6
202400042738,2024-11-01 11:12:00,2024,11,1,11,12,92,92049,JAURES AVENUE JEAN N°53 A FIN,48.81498194,2.30924115,Plein jour,En agglomération,Intersection en X,Normale,Deux véhicules - côté,4,2,1,0,1,1,1,0,1,50,2,2,1,0,0,1,25.0,48.0,deux_roues,voiture,1,2,2,1,3
202400042738,2024-11-01 11:12:00,2024,11,1,11,12,92,92049,JAURES AVENUE JEAN N°53 A FIN,48.81498194,2.30924115,Plein jour,En agglomération,Intersection en X,Normale,Deux véhicules - côté,4,2,2,0,1,1,1,0,1,50,2,2,1,0,0,1,25.0,48.0,deux_roues,voiture,1,2,2,1,3
202400042739,2024-11-01 20:50:00,2024,11,1,20,50,92,92025,CHARLES DE GAULLE (BD),48.91423226,2.22955982,Nuit avec éclairage allumé,En agglomération,Giratoire,Normale,Autre collision,3,1,2,0,1,1,1,6,1,30,1,2,1,0,0,1,,,voiture,,5,2,6,1,6
202400042740,2024-11-01 10:47:00,2024,11,1,10,47,92,92019,GALILEE (AVENUE),48.77224076,2.24483684,Plein jour,En agglomération,Autre intersection,Temps couvert,Deux véhicules - frontale,4,3,2,0,1,3,1,5,8,50,2,3,2,0,0,1,50.0,20.0,voiture,voiture,1,2,9,8,1
202400042741,2024-11-01 02:15:00,2024,11,1,2,15,92,92023,GENERAL EISENHOWER (AVENUE),48.77686,2.22868,Nuit sans éclairage public,Hors agglomération,Hors intersection,Brouillard / fumée,Autre collision,4,1,3,0,1,1,9,0,1,50,1,1,0,0,0,1,27.0,,voiture,,3,1,1,5,6
202400042742,2024-11-02 09:58:00,2024,11,2,9,58,54,54125,D590,48.50998747,6.64696455,Plein jour,Hors agglomération,Hors intersection,Normale,Sans collision,3,2,2,0,1,1,1,0,3,80,1,1,0,1,0,0,74.0,,deux_roues,,1,1,1,1,7
202400042743,2024-11-01 18:40:00,2024,11,1,18,40,33,33392,,44.590116,-0.255003,Nuit sans éclairage public,Hors agglomération,Intersection en T,Normale,Sans collision,3,2,2,0,2,2,1,0,3,80,1,1,0,0,1,0,13.0,,deux_roues,,3,1,3,1,7
202400042743,2024-11-01 18:40:00,2024,11,1,18,40,33,33392,,44.590116,-0.255003,Nuit sans éclairage public,Hors agglomération,Intersection en T,Normale,Sans collision,3,2,2,-1,1,1,1,0,1,-1,1,1,0,0,1,0,13.0,,deux_roues,,3,1,3,1,7
202400042744,2024-11-02 14:15:00,2024,11,2,14,15,84,84069,D974,44.160834,5.146859,Plein jour,Hors agglomération,Hors intersection,Normale,Deux véhicules - frontale,3,2,2,2,2,4,1,0,1,80,2,2,1,1,0,0,44.0,70.0,voiture,deux_roues,1,1,1,1,1
202400042745,2024-10-30 12:10:00,2024,10,30,12,10,31,31446,6 Rue Hermes,43.550595,1.484622,Plein jour,En agglomération,Hors intersection,Normale,Autre collision,4,1,1,0,1,1,1,0,1,30,1,3,1,1,0,1,44.0,,utilitaire_camion,,1,2,1,1,6
202400042746,2024-11-01 17:05:00,2024,11,1,17,5,83,83004,Rue Carnot - Boulevard Marcel Audibert,43.463543,6.480544,Plein jour,En agglomération,Intersection en T,Normale,Autre collision,4,1,1,0,2,1,1,0,1,50,1,2,1,0,0,1,61.0,,voiture,,1,2,3,1,6
202400042746,2024-11-01 17:05:00,2024,11,1,17,5,83,83004,Rue Carnot - Boulevard Marcel Audibert,43.463543,6.480544,Plein jour,En agglomération,Intersection en T,Normale,Autre collision,4,2, -1,-1,1,1,1,0,1,-1,1,2,1,0,0,1,61.0,,voiture,,1,2,3,1,6
202400042747,2024-11-01 18:55:00,2024,11,1,18,55,26,26160,Avenue de Champblain,45.211983,4.815539,Nuit sans éclairage public,Hors agglomération,Intersection en T,Temps couvert,Deux véhicules - côté,2,2,2,0,1,1,1,0,1,80,2,2,0,0,1,1,51.0,84.0,deux_roues,voiture,3,1,3,8,3
202400042747,2024-11-01 18:55:00,2024,11,1,18,55,26,26160,Avenue de Champblain,45.211983,4.815539,Nuit sans éclairage public,Hors agglomération,Intersection en T,Temps couvert,Deux véhicules - côté,2,-1,2,0,1,3,1,0,1,50,2,2,0,0,1,1,51.0,84.0,deux_roues,voiture,3,1,3,8,3
202400042748,2024-11-01 12:50:00,2024,11,1,12,50,30,30030,D981,44.050275,4.289319,Plein jour,Hors agglomération,Hors intersection,Normale,Deux véhicules - arrière,3,2,2,0,1,1,1,0,1,70,2,5,3,0,0,2,30.0,15.0,voiture,deux_roues,1,1,1,1,2
202400042749,2024-11-01 22:50:00,2024,11,1,22,50,34,34270,ZI de la Lauze,43.564814,3.840322,Nuit sans éclairage public,En agglomération,Hors intersection,Normale,Deux véhicules - côté,4,2,2,0,2,1,1,0,1,-1,2,2,1,0,1,0,20.0,35.0,deux_roues,voiture,3,2,1,1,3
202400042750,2024-11-02 17:00:00,2024,11,2,17,0,82,82030,Chemin de Peyrole,44.004465,1.071843,Plein jour,Hors agglomération,Hors intersection,Normale,Autre collision,4,2,2,0,2,4,1,0,3,80,1,1,0,0,1,0,14.0,,deux_roues,,1,1,1,1,6
202400042751,2024-11-01 18:15:00,2024,11,1,18,15,82,82075,Route d’Agen,43.839985,1.291309,Crépuscule ou aube,Hors agglomération,Intersection en T,Normale,Trois véhicules et plus - collisions multiples,3,2,1,0,2,1,1,5,1,50,4,5,3,0,2,0,48.0,37.0,voiture,deux_roues,2,1,3,1,5
202400042751,2024-11-01 18:15:00,2024,11,1,18,15,82,82075,Route d’Agen,43.839985,1.291309,Crépuscule ou aube,Hors agglomération,Intersection en T,Normale,Trois véhicules et plus - collisions multiples,3,4,1,0,1,1,1,5,6,80,4,5,3,0,2,0,48.0,37.0,voiture,deux_roues,2,1,3,1,5
202400042752,2024-11-01 15:20:00,2024,11,1,15,20,69,69217,Route Départementale 98,45.997588,4.4294,Plein jour,Hors agglomération,Hors intersection,Normale,Deux véhicules - côté,3,2,2,0,2,3,1,0,1,80,2,3,0,0,0,3,41.0,48.0,voiture,voiture,1,1,1,1,3
202400042753,2024-11-02 12:45:00,2024,11,2,12,45,63,63328,103 route des deux ponts,45.451611,3.459653,Plein jour,Hors agglomération,Hors intersection,Normale,Deux véhicules - frontale,3,2,2,0,2,3,1,0,1,90,2,5,2,0,1,2,71.0,36.0,utilitaire_camion,voiture,1,1,1,1,1
202400042754,2024-11-01 20:45:00,2024,11,1,20,45,55,55497,,49.09529723,5.22871987,Nuit sans éclairage public,Hors agglomération,Hors intersection,Brouillard / fumée,Sans collision,3,2,2,0,1,1,1,0,1,90,1,3,2,0,1,0,62.0,,voiture,,3,1,1,5,7
202400042755,2024-11-02 00:24:00,2024,11,2,0,24,55,55138,route departementale 6,48.756843,5.267456,Nuit sans éclairage public,Hors agglomération,Hors intersection,Brouillard / fumée,Autre collision,3,2,2,0,2,3,1,0,1,80,1,2,0,0,1,1,35.0,,voiture,,3,1,1,5,6
202400042756,2024-11-02 02:30:00,2024,11,2,2,30,41,41175,Allée des Bouleaux,47.856679,1.148382,Nuit sans éclairage public,Hors agglomération,Hors intersection,Brouillard / fumée,Autre collision,3,2,2,0,2,2,1,0,3,80,1,2,0,2,0,0,21.0,,voiture,,3,1,1,5,6
202400042757,2024-10-30 17:30:00,2024,10,30,17,30,41,41159,D922,47.515686,1.814203,Nuit sans éclairage public,Hors agglomération,Hors intersection,Brouillard / fumée,Autre collision,3,2,2,0,1,1,1,2,3,80,1,1,0,0,1,0,60.0,,voiture,,3,1,1,5,6
202400042758,2024-10-25 17:34:00,2024,10,25,17,34,39,39526,182 Avenue de la République,47.042531,5.412746,Plein jour,En agglomération,Intersection en T,Normale,Deux véhicules - côté,4,2,2,0,1,1,1,5,1,50,2,2,1,0,1,0,81.0,15.0,voiture,deux_roues,1,2,3,1,3
202400042758,2024-10-25 17:34:00,2024,10,25,17,34,39,39526,182 Avenue de la République,47.042531,5.412746,Plein jour,En agglomération,Intersection en T,Normale,Deux véhicules - côté,4,2,2,-1,1,1,1,5,8,-1,2,2,1,0,1,0,81.0,15.0,voiture,deux_roues,1,2,3,1,3
202400042759,2024-11-02 15:50:00,2024,11,2,15,50,25,25578,Place Roger Arnoux,47.149473,6.342226,Plein jour,En agglomération,Hors intersection,Normale,Autre collision,6,-1, -1,0,1,1,1,0,8,50,1,2,1,0,0,1,83.0,,voiture,,1,2,1,1,6
202400042760,2024-11-02 04:00:00,2024,11,2,4,0,29,29293,50 Rue de Pont-Aven,47.85497679,-3.84724414,Nuit sans éclairage public,En agglomération,Hors intersection,Normale,Autre collision,3,2,2,0,1,2,1,9,4,50,1,1,0,0,1,0,45.0,,voiture,,3,2,1,1,6
202400042761,2024-11-02 08:56:00,2024,11,2,8,56,84,84133,Chemin des Belouzes,43.733957,5.545462,Plein jour,En agglomération,Intersection en T,Normale,Deux véhicules - côté,4,2,2,0,1,1,1,0,1,50,2,3,2,0,0,1,60.0,17.0,voiture,deux_roues,1,2,3,1,3
202400042761,2024-11-02 08:56:00,2024,11,2,8,56,84,84133,Chemin des Belouzes,43.733957,5.545462,Plein jour,En agglomération,Intersection en T,Normale,Deux véhicules - côté,4,2,2,-1,1,1,1,0,1,-1,2,3,2,0,0,1,60.0,17.0,voiture,deux_roues,1,2,3,1,3
202400042762,2024-11-01 16:10:00,2024,11,1,16,10,03,03145,D993,46.281616,2.538668,Plein jour,Hors agglomération,Hors intersection,Normale,Deux véhicules - arrière,3,2,2,0,2,3,1,0,1,90,2,2,1,0,1,0,78.0,,deux_roues,voiture,1,1,1,1,2
202400042763,2024-01-10 22:55:00,2024,1,10,22,55,75,75113,BD PERIPHERIQUE EXTERIEUR,48.820674,2.376784,Nuit avec éclairage allumé,En agglomération,Hors intersection,Normale,Deux véhicules - côté,4,1,4,0,1,1,1,0,1,70,2,2,1,0,0,1,32.0,37.0,voiture,utilitaire_camion,5,2,1,1,3
202400042764,2024-01-11 09:25:00,2024,1,11,9,25,75,75120,RUE PELLEPORT,48.864719,2.404092,Plein jour,En agglomération,Intersection en T,Normale,Deux véhicules - côté,4,1,1,0,2,1,1,8,1,30,2,2,1,0,0,1,44.0,52.0,deux_roues,voiture,1,2,3,1,3
202400042764,2024-01-11 09:25:00,2024,1,11,9,25,75,75120,RUE PELLEPORT,48.864719,2.404092,Plein jour,En agglomération,Intersection en T,Normale,Deux véhicules - côté,4,2,2,0,2,1,1,0,1,30,2,2,1,0,0,1,44.0,52.0,deux_roues,voiture,1,2,3,1,3
202400042765,2024-01-11 20:30:00,2024,1,11,20,30,75,75115,RUE DE LA CONVENTION,48.840675,2.288857,Nuit avec éclairage allumé,En agglomération,Intersection en T,Normale,Autre collision,4,1, -1,-1,1,1,1,0,1,30,1,2,1,1,0,0,50.0,,voiture,,5,2,3,1,6
202400042765,2024-01-11 20:30:00,2024,1,11,20,30,75,75115,RUE DE LA CONVENTION,48.840675,2.288857,Nuit avec éclairage allumé,En agglomération,Intersection en T,Normale,Autre collision,4,2,3,0,1,1,1,0,1,30,1,2,1,1,0,0,50.0,,voiture,,5,2,3,1,6
202400042766,2024-01-11 09:30:00,2024,1,11,9,30,75,75112,AVENUE DU TREMBLAY,48.83409433,2.45489448,Plein jour,En agglomération,Hors intersection,Normale,Autre collision,4,2,2,0,1,1,1,0,1,50,1,2,1,0,1,0,21.0,,deux_roues,,1,2,1,1,6
202400042767,2024-01-11 07:35:00,2024,1,11,7,35,75,75111,RUE JEAN PIERRE TIMBAUD,48.868053,2.378389,Nuit avec éclairage allumé,En agglomération,Intersection en T,Normale,Autre collision,4,1, -1,-1,1,1,1,0,1,30,1,2,0,0,0,2,44.0,,deux_roues,,5,2,3,1,6
202400042767,2024-01-11 07:35:00,2024,1,11,7,35,75,75111,RUE JEAN PIERRE TIMBAUD,48.868053,2.378389,Nuit avec éclairage allumé,En agglomération,Intersection en T,Normale,Autre collision,4,1,1,0,2,1,1,0,1,30,1,2,0,0,0,2,44.0,,deux_roues,,5,2,3,1,6
202400042768,2024-01-10 17:30:00,2024,1,10,17,30,75,75110,AVENUE PARMENTIER,48.870784,2.370495,Nuit avec éclairage allumé,En agglomération,Intersection en T,Normale,Autre collision,4,2,2,0,1,1,1,0,1,30,1,2,1,0,0,1,,,deux_roues,,5,2,3,1,6
202400042768,2024-01-10 17:30:00,2024,1,10,17,30,75,75110,AVENUE PARMENTIER,48.870784,2.370495,Nuit avec éclairage allumé,En agglomération,Intersection en T,Normale,Autre collision,4,1, -1,-1,1,1,1,0,1,30,1,2,1,0,0,1,,,deux_roues,,5,2,3,1,6
202400042769,2024-01-11 16:11:00,2024,1,11,16,11,75,75108,RUE TRONCHET,48.87089611,2.32489836,Plein jour,En agglomération,Place,Normale,Autre collision,4,1, -1,-1,1,1,1,0,1,30,1,2,1,0,0,1,27.0,,voiture,,1,2,7,1,6
202400042769,2024-01-11 16:11:00,2024,1,11,16,11,75,75108,RUE TRONCHET,48.87089611,2.32489836,Plein jour,En agglomération,Place,Normale,Autre collision,4,1,2,0,1,3,1,0,1,30,1,2,1,0,0,1,27.0,,voiture,,1,2,7,1,6
202400042770,2024-01-11 08:30:00,2024,1,11,8,30,94,94081,Avenue Anatole France / Rue Pierre Sémard,48.80131363,2.40238168,Plein jour,En agglomération,Intersection en X,Normale,Autre collision,3,2,2,0,1,2,1,0,1,30,1,2,1,0,0,1,,,utilitaire_camion,,1,2,2,1,6
202400042770,2024-01-11 08:30:00,2024,1,11,8,30,94,94081,Avenue Anatole France / Rue Pierre Sémard,48.80131363,2.40238168,Plein jour,En agglomération,Intersection en X,Normale,Autre collision,3,1,2,0,1,2,1,0,1,30,1,2,1,0,0,1,,,utilitaire_camion,,1,2,2,1,6
202400042771,2024-01-11 12:00:00,2024,1,11,12,0,94,94076,Rue Pasteur / Rue André Bru,48.80611992,2.36529974,Plein jour,En agglomération,Intersection en X,Normale,Autre collision,4,1,1,0,1,1,1,0,1,-1,1,2,1,0,0,1,34.0,,utilitaire_camion,,1,2,2,1,6