accident_id,datetime,annee,mois,jour,heure,minute,departement,commune_insee,adresse,latitude,longitude,luminosite,agglomeration,intersection,meteo,collision,catr,circ,nbv,vosp,prof,plan,surf,infra,situ,vma,nb_vehicules,nb_usagers,nb_indemnes,nb_tues,nb_blesses_hosp,nb_blesses_legers,age_cond_1,age_cond_2,veh_type_cond_1,veh_type_cond_2,lum_code,agg_code,int_code,atm_code,col_code
202400042771,2024-01-11 12:00:00,2024,1,11,12,0,94,94076,Rue Pasteur / Rue André Bru,48.80611992,2.36529974,Plein jour,En agglomération,Intersection en X,Normale,Autre collision,4,1,1,0,1,1,1,0,1,50,1,2,1,0,0,1,34.0,,utilitaire_camion,,1,2,2,1,6
202400042772,2024-01-11 13:55:00,2024,1,11,13,55,94,94073,N186B,48.75379,2.37297,Plein jour,Hors agglomération,Hors intersection,Normale,Deux véhicules - côté,2,3,6,0,1,1,1,0,1,70,2,3,2,0,0,1,22.0,27.0,utilitaire_camion,voiture,1,1,1,1,3
202400042773,2024-01-10 04:56:00,2024,1,10,4,56,94,94028,Rue des Emouleuses / Avenue Georges Duhamel,48.77716968,2.47217515,Nuit avec éclairage allumé,En agglomération,Intersection en T,Normale,Deux véhicules - frontale,4,2,2,0,1,1,1,0,1,50,2,4,1,0,0,3,24.0,50.0,voiture,utilitaire_camion,5,2,3,1,1
202400042774,2024-01-11 22:50:00,2024,1,11,22,50,94,94073,Carrefour des Trois Communes / Avenue de la République,48.773131,2.398594,Nuit sans éclairage public,En agglomération,Intersection en X,Normale,Deux véhicules - arrière,4,2,2,-1,1,1,1,0,1,-1,2,3,0,0,0,3,23.0,41.0,voiture,voiture,3,2,2,1,2
202400042774,2024-01-11 22:50:00,2024,1,11,22,50,94,94073,Carrefour des Trois Communes / Avenue de la République,48.773131,2.398594,Nuit sans éclairage public,En agglomération,Intersection en X,Normale,Deux véhicules - arrière,4,1,1,0,1,1,1,0,1,50,2,3,0,0,0,3,23.0,41.0,voiture,voiture,3,2,2,1,2
202400042775,2024-01-11 01:40:00,2024,1,11,1,40,94,94002,Quai Blanqui / Pont du Port à l'Anglais,48.79821,2.42039,Nuit avec éclairage allumé,En agglomération,Intersection en X,Normale,Deux véhicules - côté,3,3,4,0,1,1,1,0,1,50,2,2,1,0,0,1,43.0,,deux_roues,voiture,5,2,2,1,3
202400042775,2024-01-11 01:40:00,2024,1,11,1,40,94,94002,Quai Blanqui / Pont du Port à l'Anglais,48.79821,2.42039,Nuit avec éclairage allumé,En agglomération,Intersection en X,Normale,Deux véhicules - côté,3,-1,3,0,1,1,1,2,1,-1,2,2,1,0,0,1,43.0,,deux_roues,voiture,5,2,2,1,3
202400042776,2024-01-11 08:00:00,2024,1,11,8,0,95,95527,L'ARPENTEUR (ROUTE DE),49.01207269,2.51735306,Plein jour,Hors agglomération,Hors intersection,Normale,Deux véhicules - arrière,4,2,2,0,1,1,1,0,1,50,2,2,1,0,0,1,32.0,33.0,transport_commun,transport_commun,1,1,1,1,2
202400042777,2024-01-11 06:40:00,2024,1,11,6,40,95,95527,D902A,48.99341726,2.5171664,Nuit avec éclairage non allumé,Hors agglomération,Hors intersection,Normale,Autre collision,3,1,0,0,1,3,7,9,1,50,1,2,1,0,0,1,33.0,,voiture,,4,1,1,1,6
202400042778,2024-01-11 21:37:00,2024,1,11,21,37,93,93049,Rue Médéric / Avenue du Maréchal Joffre,48.868,2.50336,Nuit avec éclairage allumé,En agglomération,Intersection en X,Normale,Deux véhicules - côté,4,1,1,0,1,1,1,0,1,50,2,2,1,0,0,1,22.0,,voiture,utilitaire_camion,5,2,2,1,3
202400042778,2024-01-11 21:37:00,2024,1,11,21,37,93,93049,Rue Médéric / Avenue du Maréchal Joffre,48.868,2.50336,Nuit avec éclairage allumé,En agglomération,Intersection en X,Normale,Deux véhicules - côté,4,2,2,0,1,1,1,0,1,50,2,2,1,0,0,1,22.0,,voiture,utilitaire_camion,5,2,2,1,3
202400042779,2024-01-11 08:45:00,2024,1,11,8,45,93,93049,Avenue du Président Kennedy / Allée Pierre Craon,48.86455735,2.51209222,Plein jour,En agglomération,Intersection en T,Normale,Deux véhicules - arrière,4,2,2,-1,1,1,1,0,1,-1,2,2,1,0,0,1,60.0,,deux_roues,deux_roues,1,2,3,1,2
202400042779,2024-01-11 08:45:00,2024,1,11,8,45,93,93049,Avenue du Président Kennedy / Allée Pierre Craon,48.86455735,2.51209222,Plein jour,En agglomération,Intersection en T,Normale,Deux véhicules - arrière,4,2,2,0,1,1,1,0,1,50,2,2,1,0,0,1,60.0,,deux_roues,deux_roues,1,2,3,1,2
202400042780,2024-01-11 18:10:00,2024,1,11,18,10,93,93048,Rue de Paris,48.855538,2.422017,Nuit avec éclairage allumé,En agglomération,Autre intersection,Normale,Autre collision,3,2,2,0,1,1,1,9,1,50,1,2,1,0,0,1,32.0,,deux_roues,,5,2,9,1,6
202400042781,2024-01-11 09:00:00,2024,1,11,9,0,93,93074,Rue de Meaux / Rue de Verdun,48.93684568,2.58585334,Plein jour,En agglomération,Intersection en T,Normale,Deux véhicules - côté,3,2,2,2,1,1,1,0,1,50,2,2,1,0,0,1,37.0,28.0,voiture,voiture,1,2,3,1,3
202400042781,2024-01-11 09:00:00,2024,1,11,9,0,93,93074,Rue de Meaux / Rue de Verdun,48.93684568,2.58585334,Plein jour,En agglomération,Intersection en T,Normale,Deux véhicules - côté,3,2,2,0,1,1,1,0,1,50,2,2,1,0,0,1,37.0,28.0,voiture,voiture,1,2,3,1,3
202400042782,2024-01-11 18:36:00,2024,1,11,18,36,93,93063,Rue des Oseraies / Avenue de Berlioz,48.871838,2.442279,Nuit avec éclairage allumé,En agglomération,Giratoire,Normale,Deux véhicules - côté,4,2,2,0,1,1,1,0,1,50,2,2,1,0,0,1,54.0,,deux_roues,voiture,5,2,6,1,3
202400042782,2024-01-11 18:36:00,2024,1,11,18,36,93,93063,Rue des Oseraies / Avenue de Berlioz,48.871838,2.442279,Nuit avec éclairage allumé,En agglomération,Giratoire,Normale,Deux véhicules - côté,4,2,2,2,2,1,1,5,1,30,2,2,1,0,0,1,54.0,,deux_roues,voiture,5,2,6,1,3
202400042783,2024-01-11 14:42:00,2024,1,11,14,42,93,93007,Rond Point Pablo Neruda / Avenue Albert Einstein,48.94967314,2.46655226,Plein jour,En agglomération,Giratoire,Normale,Deux véhicules - côté,4,3,2,0,1,1,1,0,1,50,2,4,3,0,0,1,68.0,24.0,voiture,voiture,1,2,6,1,3
202400042783,2024-01-11 14:42:00,2024,1,11,14,42,93,93007,Rond Point Pablo Neruda / Avenue Albert Einstein,48.94967314,2.46655226,Plein jour,En agglomération,Giratoire,Normale,Deux véhicules - côté,4,1,2,0,1,1,1,0,1,50,2,4,3,0,0,1,68.0,24.0,voiture,voiture,1,2,6,1,3
202400042784,2024-01-10 17:00:00,2024,1,10,17,0,93,93005,Avenue de Savigny,48.951754,2.509539,Nuit avec éclairage allumé,En agglomération,Hors intersection,Normale,Autre collision,4,2,2,0,1,1,1,0,1,30,1,2,0,0,0,2,62.0,,deux_roues,,5,2,1,1,6
202400042785,2024-01-11 13:00:00,2024,1,11,13,0,92,92078,PROMENADE (VOIE) (90 A 114),48.93229612,2.32937224,Plein jour,En agglomération,Hors intersection,Normale,Deux véhicules - côté,4,3,2,0,1,1,1,0,1,50,2,2,1,0,0,1,28.0,37.0,voiture,deux_roues,1,2,1,1,3
202400042786,2024-01-11 10:05:00,2024,1,11,10,5,92,92035,National ( boulevard ),48.90405709,2.23923415,Plein jour,En agglomération,Hors intersection,Normale,Deux véhicules - côté,3,-1,4,1,1,1,1,0,5,50,2,2,1,0,0,1,17.0,23.0,deux_roues,deux_roues,1,2,1,1,3
202400042787,2024-01-11 17:45:00,2024,1,11,17,45,92,92026,MISSION MARCHAND (COTE IMPAIR),48.89768569,2.2400009,Nuit avec éclairage allumé,En agglomération,Intersection en X,Normale,Deux véhicules - côté,3,2,2,0,1,1,1,5,1,50,2,2,1,0,0,1,39.0,22.0,deux_roues,deux_roues,5,2,2,1,3
202400042787,2024-01-11 17:45:00,2024,1,11,17,45,92,92026,MISSION MARCHAND (COTE IMPAIR),48.89768569,2.2400009,Nuit avec éclairage allumé,En agglomération,Intersection en X,Normale,Deux véhicules - côté,3,2,2,0,1,1,1,5,1,50,2,2,1,0,0,1,39.0,22.0,deux_roues,deux_roues,5,2,2,1,3
202400042788,2024-01-11 20:45:00,2024,1,11,20,45,92,92012,ANDRE MORIZET (AVENUE) - 49/FIN - 54/FIN,48.83536,2.24067,Nuit avec éclairage allumé,En agglomération,Hors intersection,Normale,Deux véhicules - arrière,3,3,6,2,1,1,1,0,1,50,2,2,1,0,0,1,88.0,32.0,voiture,deux_roues,5,2,1,1,2
202400042789,2024-01-11 22:20:00,2024,1,11,22,20,27,27230,D68,48.866677,1.386638,Nuit sans éclairage public,Hors agglomération,Hors intersection,Normale,Autre collision,3,2,2,0,1,1,7,0,1,80,3,8,3,1,3,1,19.0,21.0,voiture,voiture,3,1,1,1,6
202400042790,2024-01-11 10:10:00,2024,1,11,10,10,62,62261,Boulevard de Berck,50.478263,1.594546,Plein jour,En agglomération,Giratoire,Temps éblouissant,Autre collision,4,2,2,0,1,1,1,0,8,50,1,2,1,0,1,0,80.0,,voiture,,1,2,6,7,6
202400042790,2024-01-11 10:10:00,2024,1,11,10,10,62,62261,Boulevard de Berck,50.478263,1.594546,Plein jour,En agglomération,Giratoire,Temps éblouissant,Autre collision,4,2,2,0,1,3,1,0,1,50,1,2,1,0,1,0,80.0,,voiture,,1,2,6,7,6
202400042791,2024-01-11 16:50:00,2024,1,11,16,50,83,83019,d 98,43.149728,6.292183,Plein jour,Hors agglomération,Hors intersection,Normale,Trois véhicules et plus - collisions multiples,3,-1,2,0,2,1,2,0,1,80,3,4,2,0,0,2,43.0,58.0,voiture,voiture,1,1,1,1,5
202400042792,2024-01-11 06:50:00,2024,1,11,6,50,62,62770,D937,50.617974,2.547836,Nuit avec éclairage allumé,En agglomération,Giratoire,Autre,Deux véhicules - frontale,3,2,1,0,1,2,1,0,1,70,2,2,1,0,1,0,51.0,36.0,voiture,voiture,5,2,6,9,1
202400042792,2024-01-11 06:50:00,2024,1,11,6,50,62,62770,D937,50.617974,2.547836,Nuit avec éclairage allumé,En agglomération,Giratoire,Autre,Deux véhicules - frontale,3,2,1,0,1,1,1,0,1,-1,2,2,1,0,1,0,51.0,36.0,voiture,voiture,5,2,6,9,1
202400042792,2024-01-11 06:50:00,2024,1,11,6,50,62,62770,D937,50.617974,2.547836,Nuit avec éclairage allumé,En agglomération,Giratoire,Autre,Deux véhicules - frontale,3,2,1,0,1,1,1,0,1,70,2,2,1,0,1,0,51.0,36.0,voiture,voiture,5,2,6,9,1
202400042793,2024-01-12 05:20:00,2024,1,12,5,20,62,62874,D7,50.27208624,2.62147802,Nuit sans éclairage public,Hors agglomération,Hors intersection,Autre,Deux véhicules - frontale,3,2,2,0,1,2,2,0,1,80,2,2,0,0,0,2,42.0,19.0,voiture,voiture,3,1,1,9,1
202400042794,2024-01-03 15:34:00,2024,1,3,15,34,27,27056,"intersection rue du ravin, rue de la concorde",49.093352,0.602051,Plein jour,En agglomération,Intersection en X,Pluie légère,Deux véhicules - côté,4,-1,2,0,2,1,2,5,1,50,2,4,2,0,0,2,39.0,30.0,voiture,voiture,1,2,2,2,3
202400042794,2024-01-03 15:34:00,2024,1,3,15,34,27,27056,"intersection rue du ravin, rue de la concorde",49.093352,0.602051,Plein jour,En agglomération,Intersection en X,Pluie légère,Deux véhicules - côté,4,3,4,-1,2,1,2,0,1,50,2,4,2,0,0,2,39.0,30.0,voiture,voiture,1,2,2,2,3
202400042795,2024-01-11 18:57:00,2024,1,11,18,57,24,24372,RD 6089,45.12841,0.531592,Nuit sans éclairage public,Hors agglomération,Hors intersection,Normale,Deux véhicules - frontale,3,2,2,0,1,1,1,0,1,80,2,3,1,1,1,0,36.0,54.0,voiture,utilitaire_camion,3,1,1,1,1
202400042796,2024-01-10 18:00:00,2024,1,10,18,0,91,91617,D33,48.651822,2.507029,Nuit avec éclairage non allumé,Hors agglomération,Hors intersection,Normale,Deux véhicules - frontale,3,2,2,0,1,1,1,0,1,80,2,2,0,0,1,1,49.0,32.0,voiture,voiture,4,1,1,1,1
202400042797,2024-01-12 10:20:00,2024,1,12,10,20,80,80557,15 route nationale,49.877506,2.991444,Plein jour,En agglomération,Hors intersection,Normale,Autre collision,3,2,2,0,1,1,1,0,1,50,1,2,1,0,1,0,28.0,,utilitaire_camion,,1,2,1,1,6
202400042798,2024-01-12 08:05:00,2024,1,12,8,5,71,71292,648 Rue de la Libération,46.809768,4.753325,Plein jour,En agglomération,Hors intersection,Normale,Autre collision,3,2,2,0,1,1,1,0,1,50,1,2,1,0,1,0,31.0,,utilitaire_camion,,1,2,1,1,6
202400042799,2024-01-11 22:20:00,2024,1,11,22,20,49,49069,La Clergerie (St Laurent-des-Autels),47.297408,-1.16925,Nuit sans éclairage public,Hors agglomération,Hors intersection,Normale,Sans collision,3,2,2,0,4,4,1,0,3,80,1,2,1,1,0,0,35.0,,voiture,,3,1,1,1,7
202400042800,2024-01-11 09:20:00,2024,1,11,9,20,49,49307,Route Départementale N°952 d'Angers à Saumur,47.418578,-0.443723,Plein jour,Hors agglomération,Hors intersection,Autre,Deux véhicules - frontale,3,2,2,0,1,1,7,0,1,80,2,2,1,0,0,1,26.0,38.0,voiture,voiture,1,1,1,9,1
202400042801,2024-01-12 07:35:00,2024,1,12,7,35,47,47069,N1021,44.2397651,0.59678972,Crépuscule ou aube,Hors agglomération,Hors intersection,Normale,Deux véhicules - frontale,2,2,2,0,1,1,1,0,1,80,2,3,0,1,0,2,25.0,57.0,voiture,utilitaire_camion,2,1,1,1,1
202400042802,2024-01-12 02:30:00,2024,1,12,2,30,14,14504,D51,49.217667,0.321758,Nuit sans éclairage public,Hors agglomération,Hors intersection,Normale,Autre collision,3,2,2,0,2,4,1,0,3,80,1,4,0,0,4,0,21.0,,voiture,,3,1,1,1,6
202400042803,2024-01-11 13:20:00,2024,1,11,13,20,40,40313,RD 7,43.818985,-0.817709,Plein jour,Hors agglomération,Hors intersection,Normale,Sans collision,3,2,2,0,1,3,1,0,3,80,1,2,0,0,1,1,56.0,,voiture,,1,1,1,1,7
202400042804,2024-01-12 17:00:00,2024,1,12,17,0,17,17218,D137,46.302032,-0.990036,Plein jour,En agglomération,Hors intersection,Normale,Deux véhicules - frontale,3,2,2,0,1,1,1,0,1,50,2,5,1,0,0,4,47.0,33.0,voiture,voiture,1,2,1,1,1
202400042805,2024-01-11 22:30:00,2024,1,11,22,30,23,23093,Voueize,46.17028133,2.2209549,Nuit sans éclairage public,Hors agglomération,Hors intersection,Normale,Sans collision,3,2,2,0,1,1,1,0,3,90,1,2,1,0,1,0,24.0,,voiture,,3,1,1,1,7
202400042806,2024-01-12 13:45:00,2024,1,12,13,45,01,01445,A 39,46.356821,5.287192,Plein jour,Hors agglomération,Hors intersection,Normale,Sans collision,1,3,2,0,1,1,1,0,2,130,1,1,0,0,1,0,42.0,,utilitaire_camion,,1,1,1,1,7
202400042807,2024-01-05 08:05:00,2024,1,5,8,5,69,69268,Avenue du General Brosset,45.652508,4.751083,Crépuscule ou aube,En agglomération,Hors intersection,Pluie légère,Deux véhicules - côté,3,1,2,0,1,1,2,0,1,50,2,2,1,0,0,1,24.0,,voiture,autre,2,2,1,2,3
202400042808,2024-01-11 18:40:00,2024,1,11,18,40,14,14301,A13,49.16697613,-0.28606955,Nuit sans éclairage public,Hors agglomération,Hors intersection,Normale,Trois véhicules et plus - collisions multiples,1,1,2,0,1,1,1,0,1,130,4,5,4,0,1,0,58.0,58.0,utilitaire_camion,utilitaire_camion,3,1,1,1,5
202400042809,2024-01-11 17:45:00,2024,1,11,17,45,38,38030,Route du Bain,45.3441,5.480053,Nuit avec éclairage allumé,Hors agglomération,Hors intersection,Temps couvert,Sans collision,3,2,2,0,1,1,1,0,3,50,1,7,5,0,0,2,49.0,,transport_commun,,5,1,1,8,7
202400042810,2024-01-01 02:10:00,2024,1,1,2,10,45,45067,A10 PK 105+140 ,47.892079,1.763992,Nuit sans éclairage public,Hors agglomération,Hors intersection,Brouillard / fumée,Sans collision,1,3,6,0,1,1,2,0,8,110,1,1,0,0,0,1,21.0,,voiture,,3,1,1,5,7
202400042811,2024-01-02 23:25:00,2024,1,2,23,25,17,17044,Autoroute A 10 PK 454.500 sens Bordeaux/Paris,45.623312,-0.609505,Nuit sans éclairage public,Hors agglomération,Hors intersection,Temps couvert,Sans collision,1,3,4,0,1,1,2,0,1,130,1,3,2,0,0,1,59.0,,voiture,,3,1,1,8,7
202400042812,2024-01-12 10:30:00,2024,1,12,10,30,971,97128,IMPASSE LOTISSEMENT DORE - DURIVAGE,16.223297,-61.396851,Plein jour,Hors agglomération,Hors intersection,Normale,Autre collision,4,2,2,0,1,1,1,0,1,80,1,2,1,0,0,1,,,utilitaire_camion,,1,1,1,1,6
202400042813,2024-01-08 06:30:00,2024,1,8,6,30,78,78520,D983,48.833086,1.641068,Nuit sans éclairage public,Hors agglomération,Hors intersection,Normale,Deux véhicules - frontale,3,2,2,0,2,3,1,0,1,70,2,3,0,0,2,1,32.0,60.0,voiture,voiture,3,1,1,1,1
202400042814,2024-01-12 17:30:00,2024,1,12,17,30,2B,2B042,rte des marines de borgo,42.573602,9.517733,Crépuscule ou aube,Hors agglomération,Autre intersection,Normale,Autre collision,3,2,2,1,1,1,1,0,1,70,1,2,1,0,1,0,81.0,,voiture,,2,1,9,1,6
202400042815,2024-01-09 09:45:00,2024,1,9,9,45,66,66008,,42.545802,3.022324,Plein jour,En agglomération,Intersection en T,Temps éblouissant,Autre collision,3,-1, -1,-1,1,1,1,6,8,50,1,2,1,0,1,0,71.0,,voiture,,1,2,3,7,6
202400042815,2024-01-09 09:45:00,2024,1,9,9,45,66,66008,,42.545802,3.022324,Plein jour,En agglomération,Intersection en T,Temps éblouissant,Autre collision,3,1,1,0,1,1,1,0,1,30,1,2,1,0,1,0,71.0,,voiture,,1,2,3,7,6
202400042816,2024-01-11 15:50:00,2024,1,11,15,50,06,06158,D6202,43.935935,7.075855,Plein jour,Hors agglomération,Hors intersection,Normale,Autre collision,3,3,2,0,1,1,2,0,8,80,1,2,0,0,2,0,62.0,,voiture,,1,1,1,1,6
202400042817,2024-01-11 17:25:00,2024,1,11,17,25,52,52106,N19,47.924611,5.291226,Crépuscule ou aube,Hors agglomération,Hors intersection,Normale,Trois véhicules et plus - collisions multiples,2,2,2,0,2,1,1,0,1,-1,3,10,4,0,4,2,53.0,61.0,voiture,utilitaire_camion,2,1,1,1,5
202400042818,2024-01-12 06:35:00,2024,1,12,6,35,68,68255,RD83,47.980292,7.294117,Nuit sans éclairage public,Hors agglomération,Hors intersection,Autre,Deux véhicules - arrière,3,3,2,0,2,1,1,0,1,110,2,2,1,0,1,0,64.0,33.0,utilitaire_camion,utilitaire_camion,3,1,1,9,2
202400042819,2024-01-11 19:50:00,2024,1,11,19,50,33,33198,,45.042876,-0.178083,Nuit sans éclairage public,Hors agglomération,Hors intersection,Normale,Autre collision,3,2,2,0,1,3,1,0,3,80,1,1,0,0,1,0,35.0,,voiture,,3,1,1,1,6
202400042820,2024-01-12 20:30:00,2024,1,12,20,30,35,35054,Lieu Dit Morihan,47.942883,-1.627007,Nuit sans éclairage public,Hors agglomération,Hors intersection,Autre,Autre collision,3,2,2,0,2,2,1,0,3,80,1,1,0,0,1,0,22.0,,voiture,,3,1,1,9,6
202400042821,2024-01-12 13:50:00,2024,1,12,13,50,35,35212,La Potine,47.874969,-1.647434,Plein jour,Hors agglomération,Intersection en X,Temps couvert,Deux véhicules - côté,3,2,2,0,1,1,1,0,1,70,2,2,1,0,1,0,42.0,17.0,voiture,deux_roues,1,1,2,8,3
202400042821,2024-01-12 13:50:00,2024,1,12,13,50,35,35212,La Potine,47.874969,-1.647434,Plein jour,Hors agglomération,Intersection en X,Temps couvert,Deux véhicules - côté,3,2,2,0,1,3,1,0,1,50,2,2,1,0,1,0,42.0,17.0,voiture,deux_roues,1,1,2,8,3
202400042822,2024-01-12 10:00:00,2024,1,12,10,0,27,27408,D117,49.161642,1.505921,Plein jour,Hors agglomération,Hors intersection,Normale,Autre collision,3,2,2,0,1,2,1,0,3,80,1,1,0,0,1,0,20.0,,voiture,,1,1,1,1,6
202400042823,2024-01-11 18:15:00,2024,1,11,18,15,83,83069,RN98,43.11323181,6.1225934,Nuit sans éclairage public,Hors agglomération,Hors intersection,Normale,Trois véhicules et plus - en chaîne,2,3,2,0,1,1,1,0,1,70,3,3,1,0,0,2,83.0,35.0,voiture,voiture,3,1,1,1,4
202400042824,2024-01-11 06:20:00,2024,1,11,6,20,69,69285,Route Départementale 302 ,45.76654341,5.06647285,Nuit sans éclairage public,Hors agglomération,Hors intersection,Brouillard / fumée,Trois véhicules et plus - en chaîne,3,3,4,0,1,1,2,0,1,90,3,3,2,0,0,1,36.0,57.0,voiture,voiture,3,1,1,5,4
202400042825,2024-01-10 01:10:00,2024,1,10,1,10,54,54091,Autoroute A 31,48.94617123,6.11172438,Nuit sans éclairage public,Hors agglomération,Hors intersection,Normale,Deux véhicules - arrière,1,3,2,0,1,1,1,0,1,110,2,2,1,0,1,0,21.0,49.0,voiture,utilitaire_camion,3,1,1,1,2
202400042826,2024-01-07 12:05:00,2024,1,7,12,5,67,67049,M35,48.52345,7.62015,Plein jour,Hors agglomération,Hors intersection,Normale,Deux véhicules - arrière,7,1,2,0,1,1,1,9,1,110,2,5,3,0,0,2,30.0,19.0,voiture,voiture,1,1,1,1,2
202400042827,2024-01-11 02:45:00,2024,1,11,2,45,93,93006,A3,48.8667928,2.42555663,Nuit sans éclairage public,En agglomération,Hors intersection,Normale,Deux véhicules - arrière,1,1,8,0,1,1,1,0,1,70,2,2,0,0,0,2,45.0,70.0,voiture,voiture,3,2,1,1,2
202400042828,2024-01-11 16:30:00,2024,1,11,16,30,94,94069,A4,48.81725883,2.43097186,Crépuscule ou aube,Hors agglomération,Hors intersection,Normale,Deux véhicules - arrière,1,1,5,0,1,1,1,0,1,90,2,2,1,0,0,1,39.0,39.0,deux_roues,voiture,2,1,1,1,2
202400042829,2024-01-10 19:45:00,2024,1,10,19,45,974,97416,BOISSY(CHEMIN),-21.34084,55.50875,Nuit avec éclairage allumé,En agglomération,Hors intersection,Normale,Autre collision,4,-1,2,0,1,1,1,0,1,50,1,3,2,0,1,0,49.0,,voiture,,5,2,1,1,6
202400042830,2024-01-10 14:00:00,2024,1,10,14,0,974,97411,TOURETTE (RUE),-20.88766,55.44656,Plein jour,En agglomération,Hors intersection,Normale,Autre collision,4,1,2,0,1,1,1,0,4,50,1,1,0,0,0,1,78.0,,voiture,,1,2,1,1,6
202400042831,2024-01-10 17:33:00,2024,1,10,17,33,973,97302,SOURCE DE BADUEL (CHEMIN DE LA),4.92545,-52.30846,Plein jour,En agglomération,Intersection en T,Normale,Deux véhicules - côté,4,2,2,0,1,3,1,0,1,50,2,2,1,0,0,1,43.0,70.0,voiture,deux_roues,1,2,3,1,3
202400042831,2024-01-10 17:33:00,2024,1,10,17,33,973,97302,SOURCE DE BADUEL (CHEMIN DE LA),4.92545,-52.30846,Plein jour,En agglomération,Intersection en T,Normale,Deux véhicules - côté,4,2,2,0,1,1,1,0,1,50,2,2,1,0,0,1,43.0,70.0,voiture,deux_roues,1,2,3,1,3
202400042832,2024-01-10 08:15:00,2024,1,10,8,15,973,97302,MADELEINE (ROUTE DE LA),4.92452,-52.32431,Plein jour,En agglomération,Hors intersection,Pluie légère,Deux véhicules - côté,3,2,2,0,1,3,2,0,1,50,2,2,1,0,0,1,27.0,19.0,deux_roues,voiture,1,2,1,2,3
202400042833,2024-01-10 18:05:00,2024,1,10,18,5,69,69383,Rue Maurice Flandin,45.75908,4.86296,Nuit avec éclairage allumé,En agglomération,Intersection en X,Pluie légère,Deux véhicules - côté,4,1,1,1,1,1,2,0,5,30,2,4,3,0,0,1,27.0,51.0,deux_roues,voiture,5,2,2,2,3
202400042833,2024-01-10 18:05:00,2024,1,10,18,5,69,69383,Rue Maurice Flandin,45.75908,4.86296,Nuit avec éclairage allumé,En agglomération,Intersection en X,Pluie légère,Deux véhicules - côté,4,2,3,0,1,1,2,0,5,30,2,4,3,0,0,1,27.0,51.0,deux_roues,voiture,5,2,2,2,3
202400042834,2024-01-10 00:53:00,2024,1,10,0,53,972,97209,BALATA (ROUTE DE),14.63572,-61.07208,Nuit avec éclairage allumé,Hors agglomération,Hors intersection,Normale,Autre collision,2,2,2,0,2,3,1,0,1,50,1,1,0,0,0,1,21.0,,voiture,,5,1,1,1,6
202400042835,2024-01-10 23:50:00,2024,1,10,23,50,69,69034,159 Rue Pasteur,45.79770708,4.85095107,Nuit avec éclairage allumé,En agglomération,Hors intersection,Pluie légère,Autre collision,4,2,2,3,2,2,2,0,4,50,1,3,0,0,1,2,30.0,,voiture,,5,2,1,2,6
202400042836,2024-01-09 16:50:00,2024,1,9,16,50,91,91433,RD 207,48.45903,2.16764,Plein jour,Hors agglomération,Hors intersection,Neige / grêle,Deux véhicules - frontale,3,2,2,0,1,2,7,0,1,70,2,2,0,0,2,0,50.0,30.0,voiture,voiture,1,1,1,4,1
202400042837,2024-01-10 08:57:00,2024,1,10,8,57,87,87085,LEGENDRE (RUE CHARLES),45.81444616,1.2445271,Plein jour,En agglomération,Hors intersection,Temps couvert,Deux véhicules - côté,4,2,1,0,1,1,1,0,1,50,2,2,1,0,0,1,23.0,52.0,voiture,voiture,1,2,1,8,3
202400042838,2024-01-10 09:00:00,2024,1,10,9,0,84,84087,DALADIER (BD EDOUARD),44.13369,4.81256,Plein jour,En agglomération,Intersection en X,Normale,Deux véhicules - frontale,3,1,1,0,1,2,1,8,8,50,2,3,1,0,1,1,48.0,27.0,transport_commun,autre,1,2,2,1,1
202400042838,2024-01-10 09:00:00,2024,1,10,9,0,84,84087,DALADIER (BD EDOUARD),44.13369,4.81256,Plein jour,En agglomération,Intersection en X,Normale,Deux véhicules - frontale,3,1,1,0,1,3,1,8,8,50,2,3,1,0,1,1,48.0,27.0,transport_commun,autre,1,2,2,1,1
202400042839,2024-01-07 20:45:00,2024,1,7,20,45,80,80489,Avenue Henri Barbusse,49.87113,2.35587,Nuit avec éclairage allumé,En agglomération,Hors intersection,Normale,Sans collision,4,2,2,0,1,1,1,0,8,50,1,1,0,0,0,1,31.0,,deux_roues,,5,2,1,1,7
202400042840,2024-01-10 20:35:00,2024,1,10,20,35,78,78401,RHIN ET DANUBE (PONT),49.00375,1.90688,Nuit avec éclairage allumé,En agglomération,Hors intersection,Normale,Deux véhicules - frontale,3,2,2,0,2,1,1,0,1,50,2,2,1,0,0,1,32.0,19.0,voiture,voiture,5,2,1,1,1
202400042841,2024-01-10 14:00:00,2024,1,10,14,0,77,77243,SAINT DENIS  (RUE   ),48.87926,2.71047,Plein jour,En agglomération,Intersection en T,Normale,Deux véhicules - côté,4,1,1,0,2,1,1,0,1,50,2,2,1,0,0,1,54.0,17.0,voiture,deux_roues,1,2,3,1,3
202400042841,2024-01-10 14:00:00,2024,1,10,14,0,77,77243,SAINT DENIS  (RUE   ),48.87926,2.71047,Plein jour,En agglomération,Intersection en T,Normale,Deux véhicules - côté,4,2,2,0,1,1,1,0,1,50,2,2,1,0,0,1,54.0,17.0,voiture,deux_roues,1,2,3,1,3