accident_id,datetime,annee,mois,jour,heure,minute,departement,commune_insee,adresse,latitude,longitude,luminosite,agglomeration,intersection,meteo,collision,catr,circ,nbv,vosp,prof,plan,surf,infra,situ,vma,nb_vehicules,nb_usagers,nb_indemnes,nb_tues,nb_blesses_hosp,nb_blesses_legers,age_cond_1,age_cond_2,veh_type_cond_1,veh_type_cond_2,lum_code,agg_code,int_code,atm_code,col_code
202400042976,2024-01-09 07:15:00,2024,1,9,7,15,92,92050,BOULE PLACE DE LA,48.88695968,2.20066868,Crépuscule ou aube,En agglomération,Place,Normale,Deux véhicules - côté,3,2,3,0,2,1,2,0,1,30,2,2,1,0,0,1,58.0,54.0,voiture,deux_roues,2,2,7,1,3
202400042977,2024-04-03 18:30:00,2024,4,3,18,30,50,50402,RD23,49.517206,-1.802144,Plein jour,Hors agglomération,Intersection en X,Normale,Sans collision,3,-1,2,0,1,1,1,0,1,80,1,1,0,0,1,0,57.0,,deux_roues,,1,1,2,1,7
202400042977,2024-04-03 18:30:00,2024,4,3,18,30,50,50402,RD23,49.517206,-1.802144,Plein jour,Hors agglomération,Intersection en X,Normale,Sans collision,3,-1,2,0,1,1,1,0,1,80,1,1,0,0,1,0,57.0,,deux_roues,,1,1,2,1,7
202400042978,2024-05-10 20:00:00,2024,5,10,20,0,13,13215,MADRAGUE VILLE (chemin de la),43.33963593,5.35502404,Plein jour,En agglomération,Hors intersection,Normale,Deux véhicules - côté,4,2,2,0,1,1,1,0,1,50,1,2,1,0,0,1,32.0,,voiture,,1,2,1,1,3
202400042979,2024-05-10 12:35:00,2024,5,10,12,35,13,13213,JEAN PAUL SARTRE (AVENUE),43.31533,5.40855,Plein jour,En agglomération,Hors intersection,Normale,Deux véhicules - côté,4,1,1,0,1,1,1,0,1,50,2,2,1,1,0,0,38.0,44.0,voiture,deux_roues,1,2,1,1,3
202400042980,2024-01-08 09:30:00,2024,1,8,9,30,92,92050,JOLIOT CURIE F. ET IRENE AVENUE  N°PAIRS,48.89261,2.21003,Plein jour,En agglomération,Hors intersection,Temps couvert,Autre collision,3,1,2,1,1,1,1,0,1,50,1,2,1,0,0,1,57.0,,deux_roues,,1,2,1,8,6
202400042981,2024-04-03 17:30:00,2024,4,3,17,30,43,43137,Les Bruyères de Gournier,45.2917446,4.14727888,Plein jour,Hors agglomération,Hors intersection,Normale,Deux véhicules - arrière,3,2,2,0,2,1,1,0,1,70,2,2,1,0,0,1,48.0,15.0,voiture,deux_roues,1,1,1,1,2
202400042982,2024-01-11 18:55:00,2024,1,11,18,55,974,97415,N1a,-21.019708,55.242975,Crépuscule ou aube,Hors agglomération,Hors intersection,Normale,Autre collision,2,2,2,1,1,1,1,0,3,50,1,1,0,0,1,0,31.0,,deux_roues,,2,1,1,1,6
202400042983,2024-05-10 03:12:00,2024,5,10,3,12,13,13202,LAZARET (QUAI DU),43.30689,5.3659,Nuit avec éclairage allumé,En agglomération,Hors intersection,Normale,Deux véhicules - arrière,4,1,1,0,1,1,1,0,1,50,2,3,2,0,0,1,32.0,,voiture,voiture,5,2,1,1,2
202400042984,2024-04-03 11:05:00,2024,4,3,11,5,21,21288,R.D. 06,47.536767,4.685126,Plein jour,Hors agglomération,Hors intersection,Pluie légère,Autre collision,3,2,2,0,2,1,2,0,3,80,1,1,0,1,0,0,53.0,,utilitaire_camion,,1,1,1,2,6
202400042985,2024-01-11 07:30:00,2024,1,11,7,30,21,21638,AUTOROUTE A 31 PK 065.600,47.500733,5.190547,Crépuscule ou aube,Hors agglomération,Hors intersection,Normale,Deux véhicules - arrière,1,3,3,0,1,1,1,0,1,130,2,3,1,1,1,0,42.0,34.0,utilitaire_camion,utilitaire_camion,2,1,1,1,2
202400042986,2024-05-10 08:13:00,2024,5,10,8,13,06,06088,83 Avenue Joseph Raybaud,43.73051,7.282785,Plein jour,En agglomération,Hors intersection,Normale,Deux véhicules - côté,7,2,2,0,1,1,1,0,1,50,2,2,1,0,1,0,21.0,36.0,deux_roues,utilitaire_camion,1,2,1,1,3
202400042987,2024-05-06 17:50:00,2024,5,6,17,50,06,06069,13 Boulevard Carnot,43.655865,6.922237,Plein jour,En agglomération,Hors intersection,Normale,Autre collision,3,2,1,0,1,1,1,0,1,50,1,2,1,0,0,1,24.0,,deux_roues,,1,2,1,1,6
202400042988,2024-01-11 06:00:00,2024,1,11,6,0,81,81115,183 Boulevard Carnot,43.474061,2.648047,Nuit sans éclairage public,En agglomération,Hors intersection,Neige / grêle,Autre collision,3,2,2,0,2,3,5,0,8,30,1,1,0,0,1,0,54.0,,utilitaire_camion,,3,2,1,4,6
202400042989,2024-05-07 17:00:00,2024,5,7,17,0,02,02168,,49.05074,3.38561,Plein jour,Hors agglomération,Hors intersection,Normale,Deux véhicules - arrière,3,2,2,0,1,1,1,0,1,70,2,2,1,0,1,0,52.0,16.0,voiture,deux_roues,1,1,1,1,2
202400042990,2024-04-04 15:30:00,2024,4,4,15,30,40,40006,Route de Villenave (Pont),43.981551,-0.799105,Plein jour,Hors agglomération,Hors intersection,Normale,Autre collision,3,2,2,0,4,3,1,0,3,80,1,1,0,1,0,0,22.0,,voiture,,1,1,1,1,6
202400042991,2024-05-09 00:30:00,2024,5,9,0,30,75,75119,RUE MANIN,48.885168,2.392894,Nuit avec éclairage allumé,En agglomération,Hors intersection,Normale,Autre collision,4,2,2,0,1,2,1,0,1,30,1,1,0,1,0,0,22.0,,deux_roues,,5,2,1,1,6
202400042992,2024-01-11 16:35:00,2024,1,11,16,35,974,97422,62 Rue Frédéric Badré,-21.271724,55.519093,Plein jour,En agglomération,Hors intersection,Normale,Deux véhicules - frontale,4,2,2,0,2,1,1,0,1,50,2,2,1,0,1,0,19.0,24.0,deux_roues,voiture,1,2,1,1,1
202400042993,2024-05-10 13:30:00,2024,5,10,13,30,75,75119,RUE DE CRIMEE,48.890161,2.377397,Plein jour,En agglomération,Intersection en T,Normale,Deux véhicules - côté,4,1, -1,-1,1,1,1,0,1,30,2,2,1,0,0,1,45.0,46.0,voiture,deux_roues,1,2,3,1,3
202400042993,2024-05-10 13:30:00,2024,5,10,13,30,75,75119,RUE DE CRIMEE,48.890161,2.377397,Plein jour,En agglomération,Intersection en T,Normale,Deux véhicules - côté,4,1,1,2,1,1,1,0,1,30,2,2,1,0,0,1,45.0,46.0,voiture,deux_roues,1,2,3,1,3
202400042994,2024-04-03 08:00:00,2024,4,3,8,0,85,85284,Rue des tilleuls,46.793508,-1.898773,Crépuscule ou aube,En agglomération,Hors intersection,Pluie légère,Sans collision,4,2,2,0,2,1,2,0,1,50,1,1,0,0,1,0,15.0,,deux_roues,,2,2,1,2,7
202400042995,2024-01-11 10:05:00,2024,1,11,10,5,51,51085,D23,48.976941,3.64807,Plein jour,En agglomération,Hors intersection,Temps couvert,Autre collision,3,3,2,0,1,3,7,0,1,50,1,1,0,0,0,1,61.0,,voiture,,1,2,1,8,6
202400042996,2024-05-10 01:15:00,2024,5,10,1,15,75,75119,ECHANGEUR VILLETTE,48.90010911,2.38837302,Nuit avec éclairage allumé,En agglomération,Place,Normale,Deux véhicules - côté,4,1, -1,-1,1,1,1,0,1,-1,2,2,1,0,0,1,24.0,24.0,deux_roues,deux_roues,5,2,7,1,3
202400042996,2024-05-10 01:15:00,2024,5,10,1,15,75,75119,ECHANGEUR VILLETTE,48.90010911,2.38837302,Nuit avec éclairage allumé,En agglomération,Place,Normale,Deux véhicules - côté,4,1,1,0,1,1,1,9,1,50,2,2,1,0,0,1,24.0,24.0,deux_roues,deux_roues,5,2,7,1,3
202400042997,2024-05-10 06:20:00,2024,5,10,6,20,75,75117,PLACE DE CLICHY,48.88356,2.326836,Plein jour,En agglomération,Place,Normale,Deux véhicules - côté,4,1, -1,-1,1,1,1,0,1,30,2,2,1,0,0,1,34.0,56.0,deux_roues,utilitaire_camion,1,2,7,1,3
202400042997,2024-05-10 06:20:00,2024,5,10,6,20,75,75117,PLACE DE CLICHY,48.88356,2.326836,Plein jour,En agglomération,Place,Normale,Deux véhicules - côté,4,1,3,3,1,1,1,0,1,30,2,2,1,0,0,1,34.0,56.0,deux_roues,utilitaire_camion,1,2,7,1,3
202400042998,2024-04-03 09:45:00,2024,4,3,9,45,85,85128,6 Chemin de chanté-loup,46.457217,-1.184029,Plein jour,En agglomération,Hors intersection,Pluie légère,Sans collision,4,2,2,0,1,1,2,0,1,50,1,2,1,1,0,0,36.0,,utilitaire_camion,,1,2,1,2,7
202400042999,2024-01-09 11:30:00,2024,1,9,11,30,52,52147,A31 pk 107+500,47.854185,5.227904,Plein jour,Hors agglomération,Hors intersection,Normale,Sans collision,1,3,6,0,1,1,2,0,1,130,1,1,0,0,1,0,61.0,,voiture,,1,1,1,1,7
202400043000,2024-05-09 23:05:00,2024,5,9,23,5,75,75114,AVENUE PAUL APPELL,48.821823,2.32672,Nuit avec éclairage allumé,En agglomération,Intersection en T,Normale,Deux véhicules - côté,4,-1,2,0,1,1,1,0,1,30,2,4,3,0,0,1,54.0,39.0,transport_commun,voiture,5,2,3,1,3
202400043000,2024-05-09 23:05:00,2024,5,9,23,5,75,75114,AVENUE PAUL APPELL,48.821823,2.32672,Nuit avec éclairage allumé,En agglomération,Intersection en T,Normale,Deux véhicules - côté,4,-1,2,0,1,1,1,0,8,30,2,4,3,0,0,1,54.0,39.0,transport_commun,voiture,5,2,3,1,3
202400043001,2024-01-11 17:15:00,2024,1,11,17,15,42,42307,Route de Givors,45.545891,4.666325,Crépuscule ou aube,Hors agglomération,Hors intersection,Temps couvert,Deux véhicules - frontale,3,2,2,0,1,2,1,0,1,80,2,3,0,0,0,3,43.0,68.0,utilitaire_camion,voiture,2,1,1,8,1
202400043002,2024-04-04 17:45:00,2024,4,4,17,45,85,85197,Rue du val de loire,46.936576,-1.406722,Plein jour,Hors agglomération,Intersection en X,Normale,Deux véhicules - côté,3,-1,1,0,1,1,1,0,1,80,2,2,1,0,1,0,26.0,20.0,voiture,deux_roues,1,1,2,1,3
202400043002,2024-04-04 17:45:00,2024,4,4,17,45,85,85197,Rue du val de loire,46.936576,-1.406722,Plein jour,Hors agglomération,Intersection en X,Normale,Deux véhicules - côté,3,2, -1,-1,1,1,1,0,1,-1,2,2,1,0,1,0,26.0,20.0,voiture,deux_roues,1,1,2,1,3
202400043003,2024-01-10 14:30:00,2024,1,10,14,30,42,42210,Route du Barrage,45.482837,4.637368,Plein jour,Hors agglomération,Hors intersection,Neige / grêle,Sans collision,7,2,2,0,1,1,2,0,1,80,1,1,0,0,0,1,85.0,,voiture,,1,1,1,4,7
202400043004,2024-05-10 18:30:00,2024,5,10,18,30,75,75104,RUE DU TEMPLE,48.857625,2.352697,Plein jour,En agglomération,Hors intersection,Normale,Autre collision,4,1,1,0,2,1,1,0,1,30,1,2,1,0,0,1,21.0,,deux_roues,,1,2,1,1,6
202400043005,2024-01-09 20:00:00,2024,1,9,20,0,83,83026,D13,43.445286,6.200972,Nuit sans éclairage public,Hors agglomération,Hors intersection,Pluie légère,Autre collision,3,2,2,0,1,3,2,0,8,70,1,1,0,0,1,0,65.0,,voiture,,3,1,1,2,6
202400043006,2024-04-04 07:30:00,2024,4,4,7,30,27,27208,Route de Paris,49.1496,0.518779,Crépuscule ou aube,Hors agglomération,Hors intersection,Normale,Deux véhicules - frontale,3,2,2,0,1,1,2,0,1,70,2,2,0,0,2,0,43.0,33.0,voiture,voiture,2,1,1,1,1
202400043007,2024-01-11 19:38:00,2024,1,11,19,38,67,67342,28 Rue du Nideck,48.550194,7.329447,Nuit avec éclairage allumé,En agglomération,Hors intersection,Normale,Autre collision,4,2,2,0,1,1,1,0,3,30,1,2,1,0,1,0,34.0,,voiture,,5,2,1,1,6
202400043008,2024-05-10 12:10:00,2024,5,10,12,10,75,75104,RUE DE RIVOLI,48.857317,2.352404,Plein jour,En agglomération,Intersection en T,Normale,Autre collision,4,1, -1,-1,1,1,1,0,5,30,1,3,1,0,0,2,34.0,,deux_roues,,1,2,3,1,6
202400043008,2024-05-10 12:10:00,2024,5,10,12,10,75,75104,RUE DE RIVOLI,48.857317,2.352404,Plein jour,En agglomération,Intersection en T,Normale,Autre collision,4,2,3,1,1,1,1,6,6,30,1,3,1,0,0,2,34.0,,deux_roues,,1,2,3,1,6
202400043009,2024-03-08 17:50:00,2024,3,8,17,50,68,68375,Rue de Reiningue,47.79307283,7.22887516,Plein jour,En agglomération,Intersection en T,Normale,Deux véhicules - côté,3,2,2,0,1,1,1,0,1,50,2,2,1,0,1,0,38.0,17.0,voiture,deux_roues,1,2,3,1,3
202400043009,2024-03-08 17:50:00,2024,3,8,17,50,68,68375,Rue de Reiningue,47.79307283,7.22887516,Plein jour,En agglomération,Intersection en T,Normale,Deux véhicules - côté,3,2,2,0,1,1,1,0,1,50,2,2,1,0,1,0,38.0,17.0,voiture,deux_roues,1,2,3,1,3
202400043010,2024-01-11 09:07:00,2024,1,11,9,7,80,80327,D928,50.239163,1.948464,Crépuscule ou aube,Hors agglomération,Hors intersection,Normale,Deux véhicules - frontale,3,2,2,0,1,1,1,0,1,80,2,3,1,1,1,0,25.0,81.0,utilitaire_camion,voiture,2,1,1,1,1
202400043011,2024-01-10 18:38:00,2024,1,10,18,38,44,44022,4 l'Eraudiere,47.0559,-1.169046,Nuit sans éclairage public,Hors agglomération,Hors intersection,Temps couvert,Deux véhicules - frontale,4,2,2,0,1,1,1,0,1,80,2,2,1,0,1,0,28.0,58.0,utilitaire_camion,utilitaire_camion,3,1,1,8,1
202400043012,2024-05-10 10:15:00,2024,5,10,10,15,75,75101,RUE CAMBON,48.86745,2.326218,Plein jour,En agglomération,Intersection en T,Normale,Autre collision,4,1,1,0,1,1,1,0,1,30,1,2,1,0,0,1,,,deux_roues,,1,2,3,1,6
202400043012,2024-05-10 10:15:00,2024,5,10,10,15,75,75101,RUE CAMBON,48.86745,2.326218,Plein jour,En agglomération,Intersection en T,Normale,Autre collision,4,1,1,0,1,1,1,0,1,30,1,2,1,0,0,1,,,deux_roues,,1,2,3,1,6
202400043013,2024-04-03 20:20:00,2024,4,3,20,20,31,31117,"A68, PK 007.800",43.666847,1.555499,Nuit sans éclairage public,Hors agglomération,Hors intersection,Normale,Autre collision,1,3,2,0,1,1,1,0,1,130,1,3,2,0,0,1,39.0,,voiture,,3,1,1,1,6
202400043014,2024-01-11 16:50:00,2024,1,11,16,50,02,02095,Rue Victor Hugo,49.982851,3.458097,Crépuscule ou aube,En agglomération,Hors intersection,Normale,Autre collision,4,2,2,0,1,1,1,6,1,50,1,2,1,0,0,1,70.0,,voiture,,2,2,1,1,6
202400043015,2024-05-09 17:00:00,2024,5,9,17,0,94,94068,Avenue Victor Hugo / Avenue du Bois Guimier,48.8035,2.48038,Plein jour,En agglomération,Intersection en X,Normale,Autre collision,4,1,1,0,1,1,1,0,1,30,1,1,0,0,0,1,68.0,,deux_roues,,1,2,2,1,6
202400043016,2024-01-11 15:45:00,2024,1,11,15,45,15,15243,D678,45.241604,2.503933,Plein jour,Hors agglomération,Hors intersection,Normale,Sans collision,3,2,2,0,4,2,2,0,3,90,1,1,0,0,1,0,62.0,,utilitaire_camion,,1,1,1,1,7
202400043017,2024-04-03 07:23:00,2024,4,3,7,23,978,97801,"boulevard de grand case,",18.099498,-63.054984,Plein jour,En agglomération,Hors intersection,Normale,Deux véhicules - côté,2,1,2,0,1,1,1,0,3,50,2,3,2,0,1,0,37.0,,deux_roues,voiture,1,2,1,1,3
202400043018,2024-05-10 22:00:00,2024,5,10,22,0,94,94004,Place Charles-louis,48.74997253,2.5051906,Nuit avec éclairage allumé,En agglomération,Hors intersection,Normale,Autre collision,4,2,2,0,1,1,1,0,1,50,1,2,1,0,0,1,,,voiture,,5,2,1,1,6
202400043019,2024-04-03 15:20:00,2024,4,3,15,20,40,40156,A63 - PK064.500,44.29789759,-0.88618236,Plein jour,Hors agglomération,Hors intersection,Normale,Deux véhicules - arrière,1,3,3,0,1,1,1,0,1,130,2,2,1,0,1,0,44.0,48.0,voiture,utilitaire_camion,1,1,1,1,2
202400043020,2024-01-11 13:40:00,2024,1,11,13,40,05,05164,RN 94,44.535697,6.381973,Plein jour,Hors agglomération,Hors intersection,Normale,Trois véhicules et plus - collisions multiples,2,2,2,0,1,1,1,0,1,80,3,3,2,0,0,1,69.0,55.0,voiture,utilitaire_camion,1,1,1,1,5
202400043021,2024-04-04 10:00:00,2024,4,4,10,0,13,13051,Chemin de Grans,43.593244,5.118486,Plein jour,En agglomération,Giratoire,Normale,Deux véhicules - côté,3,1,2,0,2,2,1,5,1,50,2,2,1,0,0,1,73.0,76.0,deux_roues,voiture,1,2,6,1,3
202400043022,2024-05-10 18:25:00,2024,5,10,18,25,93,93071,Rue Gabriel Péri,48.93911,2.53106,Plein jour,En agglomération,Hors intersection,Normale,Autre collision,4,2,2,0,1,1,1,0,1,50,2,5,3,0,0,2,23.0,29.0,deux_roues,voiture,1,2,1,1,6
202400043023,2024-04-03 14:50:00,2024,4,3,14,50,973,97309,1741 Route de Montjoly,4.92336,-52.283037,Plein jour,En agglomération,Hors intersection,Normale,Trois véhicules et plus - collisions multiples,3,2,2,0,1,1,1,0,1,50,4,4,1,0,2,1,41.0,12.0,voiture,deux_roues,1,2,1,1,5
202400043024,2024-05-10 20:45:00,2024,5,10,20,45,93,93045,Rue de Noisy-le-sec / Rue des Bruyères,48.875143,2.41595,Plein jour,En agglomération,Intersection en X,Normale,Autre collision,4,1,1,0,1,1,1,0,1,-1,1,2,0,0,0,2,54.0,,deux_roues,,1,2,2,1,6
202400043024,2024-05-10 20:45:00,2024,5,10,20,45,93,93045,Rue de Noisy-le-sec / Rue des Bruyères,48.875143,2.41595,Plein jour,En agglomération,Intersection en X,Normale,Autre collision,4,1,1,0,1,1,1,0,1,50,1,2,0,0,0,2,54.0,,deux_roues,,1,2,2,1,6
202400043025,2024-01-11 16:10:00,2024,1,11,16,10,83,83028,Carrefour des quatre chemins RD 25 - RD 562,43.573069,6.56152,Plein jour,Hors agglomération,Intersection en X,Normale,Deux véhicules - côté,3,2,1,0,1,1,1,5,1,80,2,3,1,0,0,2,77.0,25.0,voiture,voiture,1,1,2,1,3
202400043025,2024-01-11 16:10:00,2024,1,11,16,10,83,83028,Carrefour des quatre chemins RD 25 - RD 562,43.573069,6.56152,Plein jour,Hors agglomération,Intersection en X,Normale,Deux véhicules - côté,3,2,1,0,2,1,1,5,1,80,2,3,1,0,0,2,77.0,25.0,voiture,voiture,1,1,2,1,3
202400043026,2024-05-10 07:30:00,2024,5,10,7,30,93,93031,Rue Félix Merlin,48.95566,2.29868,Plein jour,En agglomération,Hors intersection,Normale,Deux véhicules - arrière,4,3,2,3,1,1,1,0,1,50,2,2,1,0,0,1,33.0,27.0,voiture,utilitaire_camion,1,2,1,1,2
202400043027,2024-01-11 08:45:00,2024,1,11,8,45,83,83082,Les domigons - RD955,43.656136,6.478221,Plein jour,Hors agglomération,Hors intersection,Pluie légère,Deux véhicules - côté,3,2,2,0,1,1,2,0,1,80,2,2,1,0,0,1,32.0,41.0,voiture,voiture,1,1,1,2,3
202400043028,2024-05-10 16:30:00,2024,5,10,16,30,92,92026,MARECHAL JOFFRE (QUAI DU),48.89834522,2.26892763,Plein jour,En agglomération,Hors intersection,Normale,Deux véhicules - arrière,3,2,4,0,1,1,1,0,1,50,2,2,1,0,0,1,40.0,40.0,deux_roues,voiture,1,2,1,1,2
202400043029,2024-04-04 00:15:00,2024,4,4,0,15,67,67180,D1340,48.792001,7.747778,Nuit sans éclairage public,Hors agglomération,Hors intersection,Normale,Sans collision,3,3,2,0,1,3,1,3,3,70,2,5,4,0,0,1,20.0,18.0,voiture,voiture,3,1,1,1,7
202400043030,2024-01-10 12:15:00,2024,1,10,12,15,64,64306,Chemin de Vergez,43.358336,-0.635759,Plein jour,Hors agglomération,Hors intersection,Normale,Autre collision,4,2,2,0,2,4,2,0,3,80,1,1,0,1,0,0,,,,,1,1,1,1,6
202400043031,2024-05-09 20:05:00,2024,5,9,20,5,92,92025,PAUL BERT (RUE),48.93048541,2.24522468,Plein jour,En agglomération,Hors intersection,Normale,Deux véhicules - côté,3,2,2,2,1,1,1,6,1,30,2,3,1,0,0,2,23.0,22.0,voiture,voiture,1,2,1,1,3
202400043032,2024-05-10 14:50:00,2024,5,10,14,50,92,92007,BRIAND (AVENUE ARISTIDE) N° 162 A 300,48.792242,2.32025313,Plein jour,En agglomération,Hors intersection,Normale,Sans collision,3,3,4,2,1,1,1,0,5,50,1,1,0,0,0,1,52.0,,deux_roues,,1,2,1,1,7
202400043033,2024-01-08 15:25:00,2024,1,8,15,25,53,53185,"zone artisanale du pré vert, 53140",48.461792,-0.191773,Plein jour,En agglomération,Hors intersection,Normale,Autre collision,9,-1,5,1,1,1,1,9,6,-1,1,2,1,0,0,1,82.0,,utilitaire_camion,,1,2,1,1,6
202400043034,2024-05-09 23:29:00,2024,5,9,23,29,92,92007,BRIAND (AVENUE ARISTIDE) N° 162 A 300,48.79469,2.32122,Nuit avec éclairage allumé,En agglomération,Autre intersection,Normale,Autre collision,3,1,2,1,1,1,1,0,1,50,1,2,1,0,0,1,30.0,,voiture,,5,2,9,1,6
202400043035,2024-03-28 22:58:00,2024,3,28,22,58,76,76705,A13,49.329062,1.087807,Nuit sans éclairage public,Hors agglomération,Hors intersection,Normale,Autre collision,1,3,6,0,1,1,1,0,1,110,1,1,0,0,1,0,51.0,,voiture,,3,1,1,1,6
202400043036,2024-05-10 16:25:00,2024,5,10,16,25,92,92004,NANTERRE ( DE 01 A 45 ),48.91014667,2.28583449,Plein jour,En agglomération,Hors intersection,Normale,Deux véhicules - côté,4,1,1,0,1,1,1,0,1,50,2,2,1,0,0,1,84.0,,deux_roues,autre,1,2,1,1,3
202400043037,2024-01-08 06:30:00,2024,1,8,6,30,85,85277,Rue des Sources,46.527558,-1.395109,Nuit sans éclairage public,Hors agglomération,Hors intersection,Normale,Sans collision,4,2,2,0,1,1,1,0,3,-1,1,2,1,0,1,0,,,utilitaire_camion,,3,1,1,1,7
202400043038,2024-05-10 23:35:00,2024,5,10,23,35,41,41167,42 Rue d'Asnières,47.503006,1.192001,Nuit sans éclairage public,En agglomération,Hors intersection,Normale,Sans collision,3,2,2,0,1,1,1,0,1,50,1,1,0,0,1,0,19.0,,deux_roues,,3,2,1,1,7
202400043039,2024-04-04 15:00:00,2024,4,4,15,0,60,60142,629bis Rue de Paris,49.125403,2.533438,Plein jour,En agglomération,Intersection en T,Normale,Autre collision,3,2,2,0,1,1,1,0,4,50,2,3,2,0,1,0,42.0,32.0,voiture,voiture,1,2,3,1,6
202400043039,2024-04-04 15:00:00,2024,4,4,15,0,60,60142,629bis Rue de Paris,49.125403,2.533438,Plein jour,En agglomération,Intersection en T,Normale,Autre collision,3,-1,2,0,1,1,1,0,1,50,2,3,2,0,1,0,42.0,32.0,voiture,voiture,1,2,3,1,6
202400043040,2024-05-11 12:50:00,2024,5,11,12,50,84,84137,75 Route d?Avignon,44.23975,5.048234,Plein jour,Hors agglomération,Hors intersection,Normale,Deux véhicules - arrière,3,2,2,0,1,1,1,0,1,50,2,4,3,0,0,1,50.0,43.0,deux_roues,deux_roues,1,1,1,1,2
202400043041,2024-04-03 16:00:00,2024,4,3,16,0,33,33118,,44.783678,-0.461447,Plein jour,En agglomération,Hors intersection,Pluie légère,Deux véhicules - frontale,4,2,2,0,2,4,2,0,1,50,2,2,0,0,1,1,17.0,49.0,deux_roues,deux_roues,1,2,1,2,1
202400043042,2024-01-10 15:10:00,2024,1,10,15,10,27,27640,D32,49.013636,0.894672,Plein jour,Hors agglomération,Intersection en X,Normale,Deux véhicules - côté,3,2,2,0,1,1,7,0,1,80,2,4,3,0,1,0,37.0,78.0,voiture,voiture,1,1,2,1,3
202400043042,2024-01-10 15:10:00,2024,1,10,15,10,27,27640,D32,49.013636,0.894672,Plein jour,Hors agglomération,Intersection en X,Normale,Deux véhicules - côté,3,2,2,0,1,1,7,0,1,80,2,4,3,0,1,0,37.0,78.0,voiture,voiture,1,1,2,1,3
202400043043,2024-05-10 06:50:00,2024,5,10,6,50,71,71270,A6 pk 381.144,46.367475,4.834568,Plein jour,Hors agglomération,Hors intersection,Normale,Deux véhicules - arrière,1,3,5,0,1,1,1,3,1,130,2,6,5,0,1,0,24.0,42.0,voiture,voiture,1,1,1,1,2
202400043044,2024-04-03 09:07:00,2024,4,3,9,7,77,77270,Intersection D228 / rue de la bordé,48.868353,2.994794,Plein jour,Hors agglomération,Intersection en X,Pluie légère,Deux véhicules - côté,3,2,2,0,1,1,2,0,1,80,2,2,1,0,0,1,29.0,22.0,voiture,utilitaire_camion,1,1,2,2,3
202400043044,2024-04-03 09:07:00,2024,4,3,9,7,77,77270,Intersection D228 / rue de la bordé,48.868353,2.994794,Plein jour,Hors agglomération,Intersection en X,Pluie légère,Deux véhicules - côté,3,2,2,0,1,1,2,0,1,80,2,2,1,0,0,1,29.0,22.0,voiture,utilitaire_camion,1,1,2,2,3
202400043045,2024-05-10 09:25:00,2024,5,10,9,25,11,11203,,43.189056,2.754618,Plein jour,En agglomération,Hors intersection,Normale,Autre collision,6,-1, -1,0,1,1,1,0,8,-1,1,2,1,0,1,0,61.0,,utilitaire_camion,,1,2,1,1,6
202400043046,2024-05-10 17:35:00,2024,5,10,17,35,88,88181,Rue Eugène Mathis,48.184952,6.993774,Plein jour,En agglomération,Hors intersection,Normale,Deux véhicules - frontale,3,2,2,0,1,3,1,0,1,50,2,2,0,0,1,1,82.0,29.0,voiture,deux_roues,1,2,1,1,1
202400043047,2024-04-04 12:45:00,2024,4,4,12,45,77,77195,D57,48.585628,2.761731,Plein jour,Hors agglomération,Intersection en T,Normale,Deux véhicules - frontale,3,2,2,0,1,1,1,5,1,90,2,2,0,0,0,2,50.0,40.0,voiture,voiture,1,1,3,1,1
202400043047,2024-04-04 12:45:00,2024,4,4,12,45,77,77195,D57,48.585628,2.761731,Plein jour,Hors agglomération,Intersection en T,Normale,Deux véhicules - frontale,3,2,2,0,1,3,1,5,1,90,2,2,0,0,0,2,50.0,40.0,voiture,voiture,1,1,3,1,1
202400043048,2024-05-11 06:00:00,2024,5,11,6,0,12,12096,RD 920 - PK 004+300,44.499704,2.734383,Crépuscule ou aube,Hors agglomération,Hors intersection,Normale,Deux véhicules - frontale,3,2,2,0,2,2,1,0,1,90,2,3,0,0,2,1,33.0,56.0,utilitaire_camion,utilitaire_camion,2,1,1,1,1
202400043049,2024-01-10 09:40:00,2024,1,10,9,40,37,37211,D 50,47.245605,0.755439,Plein jour,Hors agglomération,Intersection en X,Normale,Deux véhicules - côté,3,2,2,0,1,1,1,0,1,80,2,2,1,0,1,0,52.0,21.0,voiture,utilitaire_camion,1,1,2,1,3
202400043049,2024-01-10 09:40:00,2024,1,10,9,40,37,37211,D 50,47.245605,0.755439,Plein jour,Hors agglomération,Intersection en X,Normale,Deux véhicules - côté,3,2,2,0,1,1,1,0,1,80,2,2,1,0,1,0,52.0,21.0,voiture,utilitaire_camion,1,1,2,1,3
202400043050,2024-05-11 12:30:00,2024,5,11,12,30,65,65256,D817,43.165029,0.271719,Plein jour,En agglomération,Hors intersection,Normale,Autre collision,3,2,2,0,1,1,1,0,8,50,1,1,0,0,1,0,81.0,,voiture,,1,2,1,1,6
202400043051,2024-04-03 20:00:00,2024,4,3,20,0,34,34154,D24,43.616543,3.946635,Crépuscule ou aube,Hors agglomération,Intersection en X,Normale,Deux véhicules - côté,3,2,0,0,2,2,1,0,1,70,2,2,1,0,1,0,83.0,57.0,voiture,deux_roues,2,1,2,1,3
202400043051,2024-04-03 20:00:00,2024,4,3,20,0,34,34154,D24,43.616543,3.946635,Crépuscule ou aube,Hors agglomération,Intersection en X,Normale,Deux véhicules - côté,3,2, -1,0,1,1,1,0,1,-1,2,2,1,0,1,0,83.0,57.0,voiture,deux_roues,2,1,2,1,3