accident_id,datetime,annee,mois,jour,heure,minute,departement,commune_insee,adresse,latitude,longitude,luminosite,agglomeration,intersection,meteo,collision,catr,circ,nbv,vosp,prof,plan,surf,infra,situ,vma,nb_vehicules,nb_usagers,nb_indemnes,nb_tues,nb_blesses_hosp,nb_blesses_legers,age_cond_1,age_cond_2,veh_type_cond_1,veh_type_cond_2,lum_code,agg_code,int_code,atm_code,col_code
202400043276,2024-02-24 10:45:00,2024,2,24,10,45,38,38378,Place Charles de Gaulle,45.438755,4.770781,Plein jour,En agglomération,Hors intersection,Normale,Autre collision,4,1,1,0,1,1,1,8,1,30,1,2,1,0,1,0,60.0,,voiture,,1,2,1,1,6
202400043277,2024-05-09 20:45:00,2024,5,9,20,45,61,61001,D955,48.42791,0.07507,Crépuscule ou aube,En agglomération,Intersection en X,Normale,Deux véhicules - côté,3,2,2,0,2,1,1,0,1,30,2,2,1,0,0,1,28.0,16.0,voiture,deux_roues,2,2,2,1,3
202400043277,2024-05-09 20:45:00,2024,5,9,20,45,61,61001,D955,48.42791,0.07507,Crépuscule ou aube,En agglomération,Intersection en X,Normale,Deux véhicules - côté,3,2,3,2,1,1,1,5,5,50,2,2,1,0,0,1,28.0,16.0,voiture,deux_roues,2,2,2,1,3
202400043278,2024-07-17 17:15:00,2024,7,17,17,15,87,87122,Santrop,46.03162,1.307293,Plein jour,Hors agglomération,Intersection en T,Normale,Deux véhicules - côté,3,2,2,0,1,1,1,0,1,80,2,4,2,0,1,1,25.0,24.0,voiture,voiture,1,1,3,1,3
202400043278,2024-07-17 17:15:00,2024,7,17,17,15,87,87122,Santrop,46.03162,1.307293,Plein jour,Hors agglomération,Intersection en T,Normale,Deux véhicules - côté,3,2, -1,-1,1,1,1,0,1,80,2,4,2,0,1,1,25.0,24.0,voiture,voiture,1,1,3,1,3
202400043279,2024-03-31 03:30:00,2024,3,31,3,30,76,76351,FRISSARD (QUAI),49.49116,0.13076,Nuit avec éclairage allumé,En agglomération,Hors intersection,Normale,Sans collision,4,2,2,0,1,1,1,0,1,50,1,1,0,0,0,1,36.0,,deux_roues,,5,2,1,1,7
202400043280,2024-02-24 10:15:00,2024,2,24,10,15,62,62049,D341,50.54996,2.381297,Plein jour,Hors agglomération,Intersection en X,Normale,Deux véhicules - côté,3,2,2,0,1,1,1,0,1,80,2,2,1,0,0,1,61.0,18.0,voiture,deux_roues,1,1,2,1,3
202400043280,2024-02-24 10:15:00,2024,2,24,10,15,62,62049,D341,50.54996,2.381297,Plein jour,Hors agglomération,Intersection en X,Normale,Deux véhicules - côté,3,2,2,0,1,1,1,0,1,80,2,2,1,0,0,1,61.0,18.0,voiture,deux_roues,1,1,2,1,3
202400043280,2024-02-24 10:15:00,2024,2,24,10,15,62,62049,D341,50.54996,2.381297,Plein jour,Hors agglomération,Intersection en X,Normale,Deux véhicules - côté,3,2,2,0,1,1,1,0,1,80,2,2,1,0,0,1,61.0,18.0,voiture,deux_roues,1,1,2,1,3
202400043281,2024-05-08 19:25:00,2024,5,8,19,25,59,59512,NATIONS UNIES (AVENUE DES),50.69436,3.1725,Plein jour,En agglomération,Intersection en X,Normale,Deux véhicules - frontale,4,2,3,0,1,1,1,0,1,50,2,2,1,0,0,1,56.0,40.0,utilitaire_camion,deux_roues,1,2,2,1,1
202400043281,2024-05-08 19:25:00,2024,5,8,19,25,59,59512,NATIONS UNIES (AVENUE DES),50.69436,3.1725,Plein jour,En agglomération,Intersection en X,Normale,Deux véhicules - frontale,4,2,4,0,1,1,1,0,1,50,2,2,1,0,0,1,56.0,40.0,utilitaire_camion,deux_roues,1,2,2,1,1
202400043282,2024-07-17 11:20:00,2024,7,17,11,20,52,52377,D139,48.06004981,5.66904322,Plein jour,Hors agglomération,Hors intersection,Normale,Sans collision,3,2,2,0,2,2,1,0,3,70,1,1,0,0,0,1,15.0,,deux_roues,,1,1,1,1,7
202400043283,2024-05-09 19:10:00,2024,5,9,19,10,59,59350,Rue de Marquillies,50.61447,3.05706,Plein jour,En agglomération,Intersection en T,Normale,Deux véhicules - côté,4,1,0,0,1,1,1,0,1,50,2,2,0,0,0,2,27.0,42.0,deux_roues,voiture,1,2,3,1,3
202400043283,2024-05-09 19:10:00,2024,5,9,19,10,59,59350,Rue de Marquillies,50.61447,3.05706,Plein jour,En agglomération,Intersection en T,Normale,Deux véhicules - côté,4,2,2,0,1,1,1,0,1,50,2,2,0,0,0,2,27.0,42.0,deux_roues,voiture,1,2,3,1,3
202400043284,2024-03-30 20:30:00,2024,3,30,20,30,76,76351,BOIS AU COQ (AVENUE),49.51799,0.1177,Nuit avec éclairage allumé,En agglomération,Intersection en T,Normale,Deux véhicules - côté,4,1,6,1,1,1,1,0,1,50,2,2,1,0,0,1,21.0,47.0,deux_roues,voiture,5,2,3,1,3
202400043284,2024-03-30 20:30:00,2024,3,30,20,30,76,76351,BOIS AU COQ (AVENUE),49.51799,0.1177,Nuit avec éclairage allumé,En agglomération,Intersection en T,Normale,Deux véhicules - côté,4,2,0,0,1,1,1,0,1,50,2,2,1,0,0,1,21.0,47.0,deux_roues,voiture,5,2,3,1,3
202400043285,2024-02-25 12:35:00,2024,2,25,12,35,69,69133,21 Rue de Guénas,45.628624,4.770801,Plein jour,Hors agglomération,Intersection en T,Temps couvert,Deux véhicules - côté,3,2,2,0,2,1,1,0,1,70,2,2,0,0,0,2,48.0,48.0,voiture,voiture,1,1,3,8,3
202400043285,2024-02-25 12:35:00,2024,2,25,12,35,69,69133,21 Rue de Guénas,45.628624,4.770801,Plein jour,Hors agglomération,Intersection en T,Temps couvert,Deux véhicules - côté,3,2,2,0,1,2,1,0,1,-1,2,2,0,0,0,2,48.0,48.0,voiture,voiture,1,1,3,8,3
202400043286,2024-07-19 06:15:00,2024,7,19,6,15,988,98805,VE1 sens Nord/Sud,-22.224932,166.46493,Plein jour,En agglomération,Hors intersection,Normale,Trois véhicules et plus - en chaîne,3,3,4,0,2,1,1,0,1,70,3,4,3,0,0,1,51.0,22.0,voiture,voiture,1,2,1,1,4
202400043287,2024-05-09 15:20:00,2024,5,9,15,20,57,57463,THIONVILLE (ROUTE DE ),49.13464,6.17002,Plein jour,En agglomération,Autre intersection,Normale,Deux véhicules - côté,7,2,2,0,1,1,1,0,1,50,2,4,0,0,1,3,38.0,34.0,voiture,voiture,1,2,9,1,3
202400043288,2024-07-18 09:20:00,2024,7,18,9,20,06,06084,10 Avenue Marcel Journet,43.620741,6.97193,Plein jour,En agglomération,Hors intersection,Normale,Autre collision,3,2,2,0,1,4,1,0,4,30,1,2,1,0,0,1,55.0,,deux_roues,,1,2,1,1,6
202400043289,2024-04-01 07:55:00,2024,4,1,7,55,71,71269,RD673,46.75645791,4.85885579,Plein jour,Hors agglomération,Hors intersection,Temps couvert,Deux véhicules - frontale,3,2,2,0,1,2,2,0,1,80,2,2,1,0,0,1,36.0,21.0,utilitaire_camion,voiture,1,1,1,8,1
202400043290,2024-05-09 02:30:00,2024,5,9,2,30,56,56260,ALBERT 1ER (RUE),47.65272,-2.76458,Nuit avec éclairage allumé,En agglomération,Hors intersection,Normale,Autre collision,4,1,1,0,2,1,1,0,1,30,1,2,0,0,0,2,43.0,,voiture,,5,2,1,1,6
202400043291,2024-02-24 23:19:00,2024,2,24,23,19,77,77006,"RD 409 - PK 1,3",48.401134,2.55127,Nuit sans éclairage public,Hors agglomération,Hors intersection,Normale,Autre collision,3,2,2,0,1,2,1,0,3,90,1,1,0,0,1,0,20.0,,voiture,,3,1,1,1,6
202400043292,2024-07-14 22:00:00,2024,7,14,22,0,67,67067,Autoroute A4 - PK 466+000,48.721756,7.694134,Nuit sans éclairage public,Hors agglomération,Hors intersection,Normale,Deux véhicules - arrière,1,3,2,0,1,1,1,0,1,130,2,3,1,0,0,2,25.0,27.0,voiture,voiture,3,1,1,1,2
202400043293,2024-02-22 09:35:00,2024,2,22,9,35,51,51549,D994,48.945666,4.734056,Plein jour,Hors agglomération,Hors intersection,Vent fort / tempête,Sans collision,3,2,2,0,1,1,2,0,8,80,1,1,0,0,0,1,35.0,,utilitaire_camion,,1,1,1,6,7
202400043294,2024-05-09 14:12:00,2024,5,9,14,12,50,50647,LANDE (CHEMIN DE LA),48.83927,-1.55299,Plein jour,Hors agglomération,Autre intersection,Normale,Deux véhicules - côté,4,2,2,0,1,1,1,0,1,20,2,2,1,0,1,0,13.0,20.0,deux_roues,voiture,1,1,9,1,3
202400043295,2024-04-02 13:00:00,2024,4,2,13,0,69,69264,Route de Riottier,45.9763752,4.74226459,Plein jour,En agglomération,Hors intersection,Normale,Deux véhicules - arrière,4,2,2,1,1,1,1,0,1,50,2,2,1,0,0,1,26.0,56.0,voiture,voiture,1,2,1,1,2
202400043296,2024-07-18 06:38:00,2024,7,18,6,38,974,97403,cd 26,-21.258876,55.46452,Plein jour,Hors agglomération,Hors intersection,Normale,Deux véhicules - frontale,3,2,2,0,2,1,1,0,1,70,2,2,1,0,0,1,31.0,21.0,voiture,voiture,1,1,1,1,1
202400043297,2024-05-09 13:30:00,2024,5,9,13,30,47,47001,LACOUR (BD EDOUARD),44.199175,0.626324,Plein jour,En agglomération,Intersection en X,Normale,Deux véhicules - côté,3,2,2,2,1,1,1,0,1,50,2,2,1,0,0,1,33.0,21.0,voiture,deux_roues,1,2,2,1,3
202400043297,2024-05-09 13:30:00,2024,5,9,13,30,47,47001,LACOUR (BD EDOUARD),44.199175,0.626324,Plein jour,En agglomération,Intersection en X,Normale,Deux véhicules - côté,3,2,2,0,1,1,1,0,1,50,2,2,1,0,0,1,33.0,21.0,voiture,deux_roues,1,2,2,1,3
202400043298,2024-04-02 16:30:00,2024,4,2,16,30,64,64024,JARDINS D'ARCADIE (ALLEE DES),43.47602,-1.53267,Plein jour,En agglomération,Hors intersection,Pluie légère,Deux véhicules - arrière,5,1,1,0,1,1,2,0,8,30,2,3,2,0,0,1,46.0,65.0,voiture,deux_roues,1,2,1,2,2
202400043299,2024-07-16 13:00:00,2024,7,16,13,0,77,77318,RD231 PK038+000,48.78301,2.885669,Plein jour,Hors agglomération,Hors intersection,Normale,Deux véhicules - côté,3,2,2,0,1,1,1,0,1,-1,2,2,1,0,0,1,42.0,55.0,voiture,deux_roues,1,1,1,1,3
202400043300,2024-05-09 16:45:00,2024,5,9,16,45,38,38421,AVENUE PIERRE SÉMARD,45.18203,5.75751,Plein jour,En agglomération,Intersection en T,Normale,Autre collision,4,2,2,0,1,1,1,0,4,30,1,3,0,0,1,2,22.0,,deux_roues,,1,2,3,1,6
202400043300,2024-05-09 16:45:00,2024,5,9,16,45,38,38421,AVENUE PIERRE SÉMARD,45.18203,5.75751,Plein jour,En agglomération,Intersection en T,Normale,Autre collision,4,-1,0,0,1,1,1,0,8,30,1,3,0,0,1,2,22.0,,deux_roues,,1,2,3,1,6
202400043301,2024-02-24 19:40:00,2024,2,24,19,40,24,24020,A89,45.151159,1.167126,Nuit avec éclairage allumé,Hors agglomération,Hors intersection,Pluie légère,Autre collision,1,1,0,0,1,1,2,7,3,70,1,2,0,0,1,1,29.0,,voiture,,5,1,1,2,6
202400043302,2024-07-13 16:25:00,2024,7,13,16,25,48,48119,D.906,44.51384,3.913059,Plein jour,Hors agglomération,Hors intersection,Normale,Autre collision,3,2,2,0,1,2,1,0,1,90,1,1,0,0,0,1,25.0,,deux_roues,,1,1,1,1,6
202400043303,2024-04-02 11:31:00,2024,4,2,11,31,63,63032,ROMAGNAT (ROUTE DE),45.75015,3.09209,Plein jour,En agglomération,Autre intersection,Normale,Deux véhicules - arrière,7,2,2,-1,1,1,1,0,1,-1,2,2,0,0,0,2,39.0,25.0,voiture,voiture,1,2,9,1,2
202400043303,2024-04-02 11:31:00,2024,4,2,11,31,63,63032,ROMAGNAT (ROUTE DE),45.75015,3.09209,Plein jour,En agglomération,Autre intersection,Normale,Deux véhicules - arrière,7,2,2,0,2,3,1,0,1,30,2,2,0,0,0,2,39.0,25.0,voiture,voiture,1,2,9,1,2
202400043304,2024-05-09 21:35:00,2024,5,9,21,35,37,37122,VERDUN (RUE DE),47.34931,0.6669,Crépuscule ou aube,En agglomération,Giratoire,Normale,Deux véhicules - côté,4,3,2,0,1,1,1,0,1,30,2,2,1,0,0,1,36.0,23.0,voiture,deux_roues,2,2,6,1,3
202400043304,2024-05-09 21:35:00,2024,5,9,21,35,37,37122,VERDUN (RUE DE),47.34931,0.6669,Crépuscule ou aube,En agglomération,Giratoire,Normale,Deux véhicules - côté,4,2,2,0,1,1,1,0,1,30,2,2,1,0,0,1,36.0,23.0,voiture,deux_roues,2,2,6,1,3
202400043305,2024-07-17 17:20:00,2024,7,17,17,20,34,34289,D13e15,43.389425,3.420213,Plein jour,En agglomération,Hors intersection,Normale,Deux véhicules - frontale,3,2,2,0,1,3,1,0,1,50,2,3,1,0,1,1,53.0,44.0,voiture,voiture,1,2,1,1,1
202400043306,2024-05-09 14:35:00,2024,5,9,14,35,37,37122,LAVOISIER (RUE),47.34663,0.65775,Plein jour,En agglomération,Hors intersection,Temps éblouissant,Autre collision,4,1,1,0,1,3,1,9,8,50,1,2,1,0,0,1,49.0,,voiture,,1,2,1,7,6
202400043307,2024-04-02 09:46:00,2024,4,2,9,46,63,63113,REPUBLIQUE (AVENUE DE LA),45.790711,3.112715,Plein jour,En agglomération,Hors intersection,Normale,Autre collision,4,2,2,0,1,1,1,0,1,30,1,2,1,0,1,0,76.0,,voiture,,1,2,1,1,6
202400043308,2024-02-24 23:30:00,2024,2,24,23,30,42,42268,Route des Roches,45.873233,4.039321,Nuit sans éclairage public,Hors agglomération,Intersection en X,Normale,Deux véhicules - côté,3,2,2,0,1,1,1,5,1,80,2,6,4,0,2,0,16.0,35.0,deux_roues,voiture,3,1,2,1,3
202400043308,2024-02-24 23:30:00,2024,2,24,23,30,42,42268,Route des Roches,45.873233,4.039321,Nuit sans éclairage public,Hors agglomération,Intersection en X,Normale,Deux véhicules - côté,3,2,2,-1,4,1,1,0,1,-1,2,6,4,0,2,0,16.0,35.0,deux_roues,voiture,3,1,2,1,3
202400043309,2024-05-08 16:20:00,2024,5,8,16,20,37,37261,MIRABEAU (PONT),47.40268,0.702,Plein jour,En agglomération,Hors intersection,Normale,Deux véhicules - arrière,4,2,4,3,4,1,1,2,1,50,2,3,1,0,0,2,34.0,,deux_roues,utilitaire_camion,1,2,1,1,2
202400043310,2024-07-17 23:30:00,2024,7,17,23,30,34,34022,M106e3 chemin du pont,43.661678,4.02915,Nuit sans éclairage public,En agglomération,Intersection en T,Normale,Autre collision,2,2,2,0,2,1,1,0,8,50,1,2,0,0,1,1,16.0,,deux_roues,,3,2,3,1,6
202400043310,2024-07-17 23:30:00,2024,7,17,23,30,34,34022,M106e3 chemin du pont,43.661678,4.02915,Nuit sans éclairage public,En agglomération,Intersection en T,Normale,Autre collision,2,2, -1,-1,1,1,1,0,1,-1,1,2,0,0,1,1,16.0,,deux_roues,,3,2,3,1,6
202400043311,2024-05-09 20:50:00,2024,5,9,20,50,36,36202,Route de Châteauroux,46.81762,1.67139,Plein jour,En agglomération,Hors intersection,Normale,Autre collision,4,2,2,0,2,1,1,0,4,50,1,1,0,0,0,1,20.0,,deux_roues,,1,2,1,1,6
202400043312,2024-04-02 09:18:00,2024,4,2,9,18,63,63075,ROYAT (AVENUE DE),45.77574,3.06761,Plein jour,En agglomération,Hors intersection,Normale,Deux véhicules - côté,7,2,2,0,2,1,1,0,1,30,2,2,1,0,0,1,75.0,43.0,voiture,deux_roues,1,2,1,1,3
202400043313,2024-02-24 19:15:00,2024,2,24,19,15,34,34328,D131,43.564503,3.548155,Nuit sans éclairage public,Hors agglomération,Hors intersection,Normale,Deux véhicules - frontale,3,2,2,0,1,1,1,0,1,-1,2,3,2,0,0,1,61.0,45.0,voiture,voiture,3,1,1,1,1
202400043314,2024-07-05 09:45:00,2024,7,5,9,45,88,88308,D674,48.336727,5.650374,Plein jour,Hors agglomération,Hors intersection,Normale,Deux véhicules - frontale,3,2,2,0,1,1,1,8,1,50,1,2,1,0,0,1,63.0,,voiture,,1,1,1,1,1
202400043315,2024-05-09 10:10:00,2024,5,9,10,10,36,36202,Rue des Echarbeaux,46.79667113,1.6359973,Plein jour,En agglomération,Giratoire,Normale,Deux véhicules - côté,3,2,2,0,1,2,1,0,1,50,2,2,1,0,0,1,84.0,60.0,voiture,voiture,1,2,6,1,3
202400043315,2024-05-09 10:10:00,2024,5,9,10,10,36,36202,Rue des Echarbeaux,46.79667113,1.6359973,Plein jour,En agglomération,Giratoire,Normale,Deux véhicules - côté,3,-1,0,0,1,2,1,0,1,50,2,2,1,0,0,1,84.0,60.0,voiture,voiture,1,2,6,1,3
202400043316,2024-02-25 07:15:00,2024,2,25,7,15,34,34237,D13,43.499157,3.324416,Crépuscule ou aube,Hors agglomération,Hors intersection,Normale,Autre collision,3,2,2,0,1,1,1,0,1,80,1,1,0,0,1,0,24.0,,voiture,,2,1,1,1,6
202400043317,2024-07-17 15:50:00,2024,7,17,15,50,65,65059,D918,42.913661,0.186607,Plein jour,Hors agglomération,Hors intersection,Normale,Autre collision,3,2,2,0,2,2,1,9,1,80,1,1,0,0,1,0,48.0,,deux_roues,,1,1,1,1,6
202400043318,2024-05-09 23:20:00,2024,5,9,23,20,35,35238,CHATEAU (AVENUE FRANCOIS),48.1122,-1.64359,Nuit avec éclairage allumé,En agglomération,Intersection en X,Normale,Deux véhicules - côté,4,3,2,0,1,1,1,0,1,50,2,2,1,0,1,0,31.0,21.0,voiture,voiture,5,2,2,1,3
202400043318,2024-05-09 23:20:00,2024,5,9,23,20,35,35238,CHATEAU (AVENUE FRANCOIS),48.1122,-1.64359,Nuit avec éclairage allumé,En agglomération,Intersection en X,Normale,Deux véhicules - côté,4,2,2,0,1,1,1,2,1,30,2,2,1,0,1,0,31.0,21.0,voiture,voiture,5,2,2,1,3
202400043319,2024-07-16 15:10:00,2024,7,16,15,10,65,65059,col du tourmalet,42.908934,0.150831,Plein jour,Hors agglomération,Hors intersection,Normale,Sans collision,3,2,2,0,2,1,1,0,1,90,1,1,0,0,1,0,30.0,,deux_roues,,1,1,1,1,7
202400043320,2024-02-25 08:45:00,2024,2,25,8,45,38,38198,D519f,45.338504,4.953783,Plein jour,Hors agglomération,Intersection en X,Normale,Deux véhicules - côté,3,2,2,0,1,1,1,5,1,80,2,2,0,0,0,2,85.0,39.0,voiture,voiture,1,1,2,1,3
202400043320,2024-02-25 08:45:00,2024,2,25,8,45,38,38198,D519f,45.338504,4.953783,Plein jour,Hors agglomération,Intersection en X,Normale,Deux véhicules - côté,3,2,2,0,1,1,1,0,8,80,2,2,0,0,0,2,85.0,39.0,voiture,voiture,1,1,2,1,3
202400043321,2024-04-02 11:30:00,2024,4,2,11,30,60,60159,Avenue Marigny,49.40561243,2.83777379,Plein jour,En agglomération,Giratoire,Normale,Deux véhicules - côté,4,2,3,0,1,3,1,5,1,50,2,2,1,0,0,1,13.0,,deux_roues,voiture,1,2,6,1,3
202400043321,2024-04-02 11:30:00,2024,4,2,11,30,60,60159,Avenue Marigny,49.40561243,2.83777379,Plein jour,En agglomération,Giratoire,Normale,Deux véhicules - côté,4,1,2,0,1,2,1,5,1,30,2,2,1,0,0,1,13.0,,deux_roues,voiture,1,2,6,1,3
202400043322,2024-05-09 04:45:00,2024,5,9,4,45,34,34172,GREZES (RUE DES),43.59475,3.8215,Nuit sans éclairage public,En agglomération,Intersection en Y,Normale,Sans collision,4,2,2,0,1,1,1,0,1,50,1,2,0,0,2,0,23.0,,voiture,,3,2,4,1,7
202400043322,2024-05-09 04:45:00,2024,5,9,4,45,34,34172,GREZES (RUE DES),43.59475,3.8215,Nuit sans éclairage public,En agglomération,Intersection en Y,Normale,Sans collision,4,2,2,0,1,1,1,0,1,50,1,2,0,0,2,0,23.0,,voiture,,3,2,4,1,7
202400043323,2024-05-09 17:00:00,2024,5,9,17,0,33,33063,,44.88127,-0.56763,Plein jour,En agglomération,Hors intersection,Normale,Autre collision,4,2,3,0,1,1,1,6,8,50,1,2,1,0,1,0,47.0,,voiture,,1,2,1,1,6
202400043324,2024-02-24 04:00:00,2024,2,24,4,0,38,38034,Chemin de Revel,45.350057,5.049055,Nuit sans éclairage public,Hors agglomération,Hors intersection,Normale,Sans collision,4,2,2,0,1,1,1,0,8,80,1,1,0,0,1,0,32.0,,voiture,,3,1,1,1,7
202400043325,2024-07-10 10:00:00,2024,7,10,10,0,09,09076,D27,43.260493,1.53035,Plein jour,Hors agglomération,Intersection en X,Normale,Deux véhicules - côté,3,2,2,0,1,1,1,0,1,80,2,2,1,0,0,1,22.0,52.0,voiture,voiture,1,1,2,1,3
202400043325,2024-07-10 10:00:00,2024,7,10,10,0,09,09076,D27,43.260493,1.53035,Plein jour,Hors agglomération,Intersection en X,Normale,Deux véhicules - côté,3,2, -1,-1,1,1,1,0,1,80,2,2,1,0,0,1,22.0,52.0,voiture,voiture,1,1,2,1,3
202400043326,2024-05-09 17:15:00,2024,5,9,17,15,33,33529,,44.609981,-1.148645,Plein jour,En agglomération,Hors intersection,Normale,Sans collision,4,1,1,0,1,2,1,0,4,50,1,1,0,0,0,1,46.0,,deux_roues,,1,2,1,1,7
202400043327,2024-04-02 23:33:00,2024,4,2,23,33,59,59650,LIBERTE (BOULEVARD DE LA),50.70987,3.19352,Nuit avec éclairage allumé,En agglomération,Intersection en X,Pluie forte,Deux véhicules - côté,7,2,4,0,1,1,2,0,1,50,2,3,2,0,0,1,34.0,45.0,voiture,voiture,5,2,2,3,3
202400043327,2024-04-02 23:33:00,2024,4,2,23,33,59,59650,LIBERTE (BOULEVARD DE LA),50.70987,3.19352,Nuit avec éclairage allumé,En agglomération,Intersection en X,Pluie forte,Deux véhicules - côté,7,2,2,1,1,1,2,5,1,50,2,3,2,0,0,1,34.0,45.0,voiture,voiture,5,2,2,3,3
202400043328,2024-02-25 14:20:00,2024,2,25,14,20,84,84070,Route de Mazan,44.026447,5.154085,Plein jour,Hors agglomération,Hors intersection,Pluie légère,Deux véhicules - frontale,3,2,2,0,1,3,2,0,1,80,2,4,0,0,1,3,22.0,62.0,voiture,voiture,1,1,1,2,1
202400043329,2024-05-09 09:30:00,2024,5,9,9,30,31,31555,AV DE L URSS,43.58433,1.4479,Plein jour,En agglomération,Autre intersection,Normale,Deux véhicules - côté,4,2,2,0,1,1,1,0,1,50,2,2,1,0,1,0,35.0,79.0,voiture,deux_roues,1,2,9,1,3
202400043330,2024-04-02 05:01:00,2024,4,2,5,1,59,59350,Place Vanhoenacker,50.61957,3.06374,Nuit avec éclairage allumé,En agglomération,Intersection en X,Temps couvert,Autre collision,4,1,1,2,1,1,1,0,1,30,1,2,1,0,0,1,,,voiture,,5,2,2,8,6
202400043330,2024-04-02 05:01:00,2024,4,2,5,1,59,59350,Place Vanhoenacker,50.61957,3.06374,Nuit avec éclairage allumé,En agglomération,Intersection en X,Temps couvert,Autre collision,4,1,1,2,1,1,2,0,1,30,1,2,1,0,0,1,,,voiture,,5,2,2,8,6
202400043331,2024-07-17 19:00:00,2024,7,17,19,0,09,09282,Route de Calmont,43.240748,1.585711,Plein jour,Hors agglomération,Intersection en X,Normale,Deux véhicules - côté,3,2,2,0,1,1,1,0,1,80,2,2,1,0,1,0,21.0,30.0,deux_roues,voiture,1,1,2,1,3
202400043331,2024-07-17 19:00:00,2024,7,17,19,0,09,09282,Route de Calmont,43.240748,1.585711,Plein jour,Hors agglomération,Intersection en X,Normale,Deux véhicules - côté,3,2,2,0,1,1,1,0,1,80,2,2,1,0,1,0,21.0,30.0,deux_roues,voiture,1,1,2,1,3
202400043332,2024-05-09 18:00:00,2024,5,9,18,0,29,29232,Rue du Tregor,47.98069,-4.106004,Plein jour,En agglomération,Hors intersection,Normale,Autre collision,4,2,1,0,1,2,1,0,1,30,1,2,1,0,1,0,42.0,,utilitaire_camion,,1,2,1,1,6
202400043333,2024-02-25 08:18:00,2024,2,25,8,18,15,15204,RD 120,44.944701,2.311152,Plein jour,En agglomération,Autre intersection,Pluie légère,Deux véhicules - frontale,3,2,2,0,2,1,2,0,1,50,2,2,0,0,0,2,22.0,27.0,voiture,voiture,1,2,9,2,1
202400043334,2024-03-29 08:26:00,2024,3,29,8,26,59,59574,WILSON PROLONGEE(RUE),50.3382,3.28095,Plein jour,En agglomération,Hors intersection,Normale,Autre collision,3,2,2,0,1,1,1,0,1,50,1,2,1,0,1,0,65.0,,voiture,,1,2,1,1,6
202400043335,2024-05-08 18:15:00,2024,5,8,18,15,27,27229,QUATORZE JUILLET (BOULEVARD),49.00686,1.16355,Plein jour,En agglomération,Hors intersection,Normale,Deux véhicules - côté,4,2,4,0,1,1,1,0,1,70,2,2,1,0,0,1,37.0,22.0,utilitaire_camion,deux_roues,1,2,1,1,3
202400043336,2024-07-17 18:00:00,2024,7,17,18,0,87,87190,D941,45.910839,1.617093,Plein jour,Hors agglomération,Intersection en T,Normale,Deux véhicules - côté,3,2,2,0,2,1,1,0,1,90,2,3,2,0,1,0,51.0,64.0,deux_roues,voiture,1,1,3,1,3
202400043336,2024-07-17 18:00:00,2024,7,17,18,0,87,87190,D941,45.910839,1.617093,Plein jour,Hors agglomération,Intersection en T,Normale,Deux véhicules - côté,3,2, -1,-1,2,1,1,5,1,90,2,3,2,0,1,0,51.0,64.0,deux_roues,voiture,1,1,3,1,3
202400043337,2024-02-25 11:10:00,2024,2,25,11,10,70,70056,D20,47.777002,6.021709,Plein jour,Hors agglomération,Hors intersection,Normale,Sans collision,3,2,2,0,1,4,1,0,1,80,1,1,0,0,1,0,9.0,,deux_roues,,1,1,1,1,7
202400043338,2024-05-08 15:45:00,2024,5,8,15,45,17,17306,D25,45.62829,-1.00182,Plein jour,Hors agglomération,Hors intersection,Normale,Deux véhicules - côté,3,2,2,0,1,1,1,0,1,80,2,3,1,0,1,1,47.0,26.0,deux_roues,voiture,1,1,1,1,3
202400043339,2024-04-02 17:52:00,2024,4,2,17,52,51,51108,DE GAULLE (AVE GENERAL),48.9486,4.37132,Plein jour,En agglomération,Autre intersection,Normale,Autre collision,4,2,2,0,1,1,1,0,1,50,1,2,1,0,0,1,21.0,,utilitaire_camion,,1,2,9,1,6
202400043340,2024-07-17 16:25:00,2024,7,17,16,25,85,85035,Allée des bruyères,46.608786,-1.853413,Plein jour,En agglomération,Hors intersection,Normale,Autre collision,4,1,1,1,1,1,1,0,1,50,1,3,1,0,1,1,15.0,,deux_roues,,1,2,1,1,6
202400043341,2024-02-24 14:45:00,2024,2,24,14,45,26,26118,330 Route de Lapeyrouse,45.310979,4.936203,Plein jour,Hors agglomération,Hors intersection,Pluie légère,Deux véhicules - frontale,3,2,2,0,1,1,2,0,1,70,2,2,1,0,0,1,25.0,56.0,voiture,voiture,1,1,1,2,1
202400043342,2024-05-08 11:12:00,2024,5,8,11,12,17,17300,07 PK RN237 MOULIN JUSTICE RE,46.17400327,-1.20274983,Plein jour,Hors agglomération,Hors intersection,Normale,Autre collision,2,3,4,0,1,1,1,0,1,90,2,3,2,0,1,0,53.0,54.0,voiture,voiture,1,1,1,1,6
202400043343,2024-05-09 05:45:00,2024,5,9,5,45,16,16358,,45.683712,0.1129961,Nuit avec éclairage non allumé,En agglomération,Hors intersection,Normale,Sans collision,3,2,2,0,1,1,1,0,1,50,1,2,0,0,0,2,21.0,,voiture,,4,2,1,1,7
202400043344,2024-07-17 13:15:00,2024,7,17,13,15,72,72154,Avenue d'Obernkirchen,47.699054,-0.059223,Plein jour,En agglomération,Hors intersection,Normale,Autre collision,3,2,2,0,1,1,1,6,1,70,2,2,1,0,0,1,21.0,48.0,voiture,deux_roues,1,2,1,1,6
202400043345,2024-03-24 14:43:00,2024,3,24,14,43,49,49099,MANCEAU (AVENUE ANATOLE),47.05526,-0.87917,Plein jour,En agglomération,Intersection à plus de 4 branches,Normale,Trois véhicules et plus - collisions multiples,4,-1,2,0,1,1,1,0,1,50,3,3,2,0,1,0,16.0,75.0,deux_roues,voiture,1,2,5,1,5