accident_id,datetime,annee,mois,jour,heure,minute,departement,commune_insee,adresse,latitude,longitude,luminosite,agglomeration,intersection,meteo,collision,catr,circ,nbv,vosp,prof,plan,surf,infra,situ,vma,nb_vehicules,nb_usagers,nb_indemnes,nb_tues,nb_blesses_hosp,nb_blesses_legers,age_cond_1,age_cond_2,veh_type_cond_1,veh_type_cond_2,lum_code,agg_code,int_code,atm_code,col_code
202400043421,2024-02-24 22:50:00,2024,2,24,22,50,35,35037,Le Grand Tertre,48.035081,-1.82843,Nuit sans éclairage public,Hors agglomération,Hors intersection,Normale,Autre collision,3,2,2,0,1,1,1,0,1,80,1,1,0,0,1,0,23.0,,voiture,,3,1,1,1,6
202400043422,2024-05-09 16:10:00,2024,5,9,16,10,92,92024,CLICHY (QUAI DE) DE (8 A 60),48.90846,2.30022,Plein jour,En agglomération,Intersection en X,Normale,Deux véhicules - côté,3,3,3,0,1,1,1,0,1,50,2,2,1,0,0,1,51.0,38.0,deux_roues,voiture,1,2,2,1,3
202400043422,2024-05-09 16:10:00,2024,5,9,16,10,92,92024,CLICHY (QUAI DE) DE (8 A 60),48.90846,2.30022,Plein jour,En agglomération,Intersection en X,Normale,Deux véhicules - côté,3,1,2,0,1,1,1,0,1,50,2,2,1,0,0,1,51.0,38.0,deux_roues,voiture,1,2,2,1,3
202400043423,2024-04-02 17:30:00,2024,4,2,17,30,29,29019,rue Chevreul,48.407251,-4.491071,Plein jour,En agglomération,Hors intersection,Pluie forte,Autre collision,4,2,2,0,1,1,2,0,1,30,1,2,1,0,0,1,35.0,,voiture,,1,2,1,3,6
202400043424,2024-08-22 09:45:00,2024,8,22,9,45,17,17264,19 rue de l'Estran,46.201171,-1.168835,Plein jour,En agglomération,Hors intersection,Normale,Deux véhicules - frontale,4,2,2,0,1,1,1,0,1,30,2,2,1,0,0,1,48.0,74.0,voiture,deux_roues,1,2,1,1,1
202400043425,2024-02-25 05:20:00,2024,2,25,5,20,76,76345,Rue de l’Epte,49.580896,1.6581,Nuit sans éclairage public,Hors agglomération,Hors intersection,Normale,Autre collision,3,2,2,0,1,1,2,0,1,80,1,1,0,0,0,1,51.0,,voiture,,3,1,1,1,6
202400043426,2024-06-06 06:15:00,2024,6,6,6,15,44,44184,25 Rue Albert Thomas,47.29386736,-2.19565763,Crépuscule ou aube,En agglomération,Intersection en X,Normale,Deux véhicules - côté,4,2,2,0,1,1,1,5,1,50,2,2,1,0,0,1,38.0,31.0,voiture,voiture,2,2,2,1,3
202400043427,2024-05-09 12:40:00,2024,5,9,12,40,92,92012,JEAN JAURES (BOULEVARD) 63/215 - 70/208,48.83680072,2.24171412,Plein jour,En agglomération,Intersection en X,Normale,Deux véhicules - côté,3,2,2,0,1,1,1,0,1,50,2,2,1,0,0,1,19.0,63.0,utilitaire_camion,utilitaire_camion,1,2,2,1,3
202400043427,2024-05-09 12:40:00,2024,5,9,12,40,92,92012,JEAN JAURES (BOULEVARD) 63/215 - 70/208,48.83680072,2.24171412,Plein jour,En agglomération,Intersection en X,Normale,Deux véhicules - côté,3,2,2,0,1,1,1,0,1,50,2,2,1,0,0,1,19.0,63.0,utilitaire_camion,utilitaire_camion,1,2,2,1,3
202400043428,2024-02-24 18:45:00,2024,2,24,18,45,60,60097,la haute borne D981,49.32750877,1.90159392,Crépuscule ou aube,Hors agglomération,Hors intersection,Pluie légère,Autre collision,3,2,2,0,1,1,2,0,8,-1,1,1,0,1,0,0,41.0,,voiture,,2,1,1,2,6
202400043429,2024-04-01 12:00:00,2024,4,1,12,0,29,29019,boulevard de l'Europe,48.412926,-4.508818,Plein jour,En agglomération,Giratoire,Normale,Deux véhicules - côté,4,2,2,1,1,2,1,0,5,50,2,2,1,0,1,0,57.0,19.0,deux_roues,voiture,1,2,6,1,3
202400043430,2024-05-10 12:56:00,2024,5,10,12,56,37,37242,D7,47.23196269,0.13216925,Plein jour,Hors agglomération,Hors intersection,Normale,Autre collision,3,2,2,0,1,1,1,0,8,80,1,1,0,1,0,0,19.0,,voiture,,1,1,1,1,6
202400043431,2024-05-10 16:33:00,2024,5,10,16,33,62,62081,D14,50.21778775,3.0695226,Plein jour,Hors agglomération,Hors intersection,Normale,Sans collision,3,2,2,0,1,1,1,0,3,80,1,1,0,1,0,0,46.0,,deux_roues,,1,1,1,1,7
202400043432,2024-02-23 19:30:00,2024,2,23,19,30,95,95582,A15,48.96831366,2.25202133,Crépuscule ou aube,Hors agglomération,Hors intersection,Normale,Deux véhicules - arrière,1,3,4,0,1,1,1,0,1,110,2,2,1,0,0,1,38.0,,voiture,autre,2,1,1,1,2
202400043433,2024-08-23 19:00:00,2024,8,23,19,0,59,59576,Route de Bourbourg,50.991657,2.309124,Plein jour,Hors agglomération,Intersection en T,Temps éblouissant,Trois véhicules et plus - en chaîne,3,2,2,0,1,1,1,0,1,80,3,5,2,0,1,2,23.0,16.0,voiture,voiture,1,1,3,7,4
202400043433,2024-08-23 19:00:00,2024,8,23,19,0,59,59576,Route de Bourbourg,50.991657,2.309124,Plein jour,Hors agglomération,Intersection en T,Temps éblouissant,Trois véhicules et plus - en chaîne,3,2, -1,-1,1,1,9,0,1,-1,3,5,2,0,1,2,23.0,16.0,voiture,voiture,1,1,3,7,4
202400043434,2024-05-09 16:20:00,2024,5,9,16,20,54,54023,D914,48.75043797,6.540277,Plein jour,Hors agglomération,Hors intersection,Normale,Sans collision,3,2,2,0,1,3,1,0,3,80,1,1,0,0,1,0,23.0,,deux_roues,,1,1,1,1,7
202400043435,2024-04-02 19:05:00,2024,4,2,19,5,27,27681,MENDES FRANCE (AVENUE PIERRE),49.08947,1.48232,Plein jour,En agglomération,Intersection en X,Pluie légère,Deux véhicules - frontale,4,2,2,0,2,1,2,0,1,50,2,3,2,0,0,1,58.0,53.0,utilitaire_camion,utilitaire_camion,1,2,2,2,1
202400043435,2024-04-02 19:05:00,2024,4,2,19,5,27,27681,MENDES FRANCE (AVENUE PIERRE),49.08947,1.48232,Plein jour,En agglomération,Intersection en X,Pluie légère,Deux véhicules - frontale,4,2,2,0,2,1,2,0,1,50,2,3,2,0,0,1,58.0,53.0,utilitaire_camion,utilitaire_camion,1,2,2,2,1
202400043436,2024-02-20 17:45:00,2024,2,20,17,45,75,75120,RUE DES PYRENEES,48.873787,2.388318,Plein jour,En agglomération,Intersection en T,Normale,Deux véhicules - frontale,4,1, -1,0,1,1,1,0,1,30,2,2,1,0,0,1,29.0,62.0,voiture,deux_roues,1,2,3,1,1
202400043436,2024-02-20 17:45:00,2024,2,20,17,45,75,75120,RUE DES PYRENEES,48.873787,2.388318,Plein jour,En agglomération,Intersection en T,Normale,Deux véhicules - frontale,4,2,2,0,1,1,1,0,1,30,2,2,1,0,0,1,29.0,62.0,voiture,deux_roues,1,2,3,1,1
202400043437,2024-05-10 19:00:00,2024,5,10,19,0,60,60040,rd152,49.424779,2.589769,Plein jour,Hors agglomération,Hors intersection,Normale,Sans collision,3,2,2,0,2,2,1,0,3,80,1,1,0,0,0,1,44.0,,deux_roues,,1,1,1,1,7
202400043438,2024-08-18 23:40:00,2024,8,18,23,40,84,84099,5828 Route de Gordes,43.866752,5.11803,Nuit sans éclairage public,Hors agglomération,Hors intersection,Normale,Deux véhicules - arrière,3,2,2,0,1,1,1,0,1,80,2,2,1,0,0,1,51.0,49.0,voiture,deux_roues,3,1,1,1,2
202400043439,2024-03-16 13:15:00,2024,3,16,13,15,29,29232,Rond-Point de Kermoysan,47.98694,-4.12749,Plein jour,En agglomération,Giratoire,Temps couvert,Deux véhicules - frontale,4,2,2,0,1,3,1,5,1,30,2,2,1,0,0,1,30.0,60.0,deux_roues,voiture,1,2,6,8,1
202400043439,2024-03-16 13:15:00,2024,3,16,13,15,29,29232,Rond-Point de Kermoysan,47.98694,-4.12749,Plein jour,En agglomération,Giratoire,Temps couvert,Deux véhicules - frontale,4,1,2,0,1,2,1,0,1,50,2,2,1,0,0,1,30.0,60.0,deux_roues,voiture,1,2,6,8,1
202400043440,2024-05-10 20:10:00,2024,5,10,20,10,80,80523,D329,49.974558,2.695282,Plein jour,Hors agglomération,Hors intersection,Normale,Deux véhicules - côté,3,2,2,0,1,1,1,0,1,80,2,2,1,0,1,0,19.0,24.0,utilitaire_camion,deux_roues,1,1,1,1,3
202400043441,2024-04-01 18:05:00,2024,4,1,18,5,27,27554,ROUEN (AVENUE DE),49.11239,1.45029,Plein jour,En agglomération,Giratoire,Normale,Deux véhicules - côté,3,1,0,0,1,2,1,0,1,50,2,2,1,0,0,1,53.0,21.0,deux_roues,voiture,1,2,6,1,3
202400043441,2024-04-01 18:05:00,2024,4,1,18,5,27,27554,ROUEN (AVENUE DE),49.11239,1.45029,Plein jour,En agglomération,Giratoire,Normale,Deux véhicules - côté,3,1,0,0,1,2,1,0,1,50,2,2,1,0,0,1,53.0,21.0,deux_roues,voiture,1,2,6,1,3
202400043442,2024-02-22 19:25:00,2024,2,22,19,25,75,75120,RUE LEON FRAPIE,48.873322,2.410305,Nuit avec éclairage allumé,En agglomération,Intersection en T,Temps couvert,Autre collision,4,1, -1,-1,1,1,2,0,1,30,1,2,1,0,0,1,49.0,,voiture,,5,2,3,8,6
202400043442,2024-02-22 19:25:00,2024,2,22,19,25,75,75120,RUE LEON FRAPIE,48.873322,2.410305,Nuit avec éclairage allumé,En agglomération,Intersection en T,Temps couvert,Autre collision,4,-1, -1,0,1,1,2,0,1,30,1,2,1,0,0,1,49.0,,voiture,,5,2,3,8,6
202400043443,2024-05-10 15:25:00,2024,5,10,15,25,2A,2A200,D69,41.9869286,9.18795182,Plein jour,Hors agglomération,Hors intersection,Normale,Sans collision,3,2,2,0,1,1,1,0,1,80,1,2,0,1,1,0,65.0,,deux_roues,,1,1,1,1,7
202400043444,2024-08-23 20:30:00,2024,8,23,20,30,85,85109,RD755,46.889073,-1.036148,Nuit avec éclairage allumé,Hors agglomération,Giratoire,Normale,Deux véhicules - arrière,3,2,1,0,1,1,1,0,1,80,2,5,3,0,1,1,44.0,35.0,voiture,voiture,5,1,6,1,2
202400043445,2024-04-02 02:30:00,2024,4,2,2,30,27,27701,PARC (CH. DU) FALAISES A LACS,49.26847,1.21513,Nuit avec éclairage allumé,En agglomération,Hors intersection,Normale,Deux véhicules - côté,4,2,1,0,1,1,2,0,1,50,2,4,1,0,0,3,21.0,26.0,voiture,autre,5,2,1,1,3
202400043446,2024-02-23 00:06:00,2024,2,23,0,6,75,75116,AVENUE D IENA,48.867964,2.295908,Nuit avec éclairage allumé,En agglomération,Intersection à plus de 4 branches,Normale,Deux véhicules - côté,4,2,4,0,2,2,1,0,1,50,2,2,1,0,0,1,21.0,32.0,voiture,deux_roues,5,2,5,1,3
202400043446,2024-02-23 00:06:00,2024,2,23,0,6,75,75116,AVENUE D IENA,48.867964,2.295908,Nuit avec éclairage allumé,En agglomération,Intersection à plus de 4 branches,Normale,Deux véhicules - côté,4,1, -1,0,2,1,1,0,1,50,2,2,1,0,0,1,21.0,32.0,voiture,deux_roues,5,2,5,1,3
202400043447,2024-05-08 17:40:00,2024,5,8,17,40,01,01002,D63,45.986123,5.430079,Plein jour,Hors agglomération,Hors intersection,Normale,Autre collision,3,2,2,0,2,3,1,0,3,80,1,1,0,0,0,1,30.0,,deux_roues,,1,1,1,1,6
202400043448,2024-04-02 17:30:00,2024,4,2,17,30,27,27229,CALVAIRE (RUE DU),49.00734,1.15112,Plein jour,En agglomération,Hors intersection,Pluie légère,Autre collision,4,2,2,0,1,1,2,0,1,50,1,2,1,0,0,1,71.0,,voiture,,1,2,1,2,6
202400043449,2024-08-24 08:25:00,2024,8,24,8,25,36,36200,,46.61611843,1.5405066,Plein jour,Hors agglomération,Hors intersection,Normale,Sans collision,3,2,0,0,1,3,1,5,1,90,1,1,0,0,1,0,64.0,,deux_roues,,1,1,1,1,7
202400043450,2024-05-10 15:00:00,2024,5,10,15,0,974,97422,Rue du Paille En Queue,-21.304549,55.534108,Plein jour,Hors agglomération,Hors intersection,Normale,Autre collision,3,2,2,0,2,3,1,0,1,-1,2,2,1,0,1,0,44.0,16.0,utilitaire_camion,deux_roues,1,1,1,1,6
202400043451,2024-02-22 01:45:00,2024,2,22,1,45,75,75111,RUE DU FAUBOURG SAINT ANTOINE,48.851593,2.374861,Nuit avec éclairage allumé,En agglomération,Intersection en T,Pluie légère,Deux véhicules - côté,4,1, -1,0,1,1,2,0,8,30,2,2,1,0,0,1,28.0,44.0,voiture,deux_roues,5,2,3,2,3
202400043451,2024-02-22 01:45:00,2024,2,22,1,45,75,75111,RUE DU FAUBOURG SAINT ANTOINE,48.851593,2.374861,Nuit avec éclairage allumé,En agglomération,Intersection en T,Pluie légère,Deux véhicules - côté,4,2,2,3,1,1,2,0,8,30,2,2,1,0,0,1,28.0,44.0,voiture,deux_roues,5,2,3,2,3
202400043452,2024-08-24 01:45:00,2024,8,24,1,45,62,62289,D138,50.44641539,1.78342053,Nuit sans éclairage public,Hors agglomération,Hors intersection,Pluie légère,Autre collision,3,2,2,0,1,1,2,0,1,80,1,1,0,0,1,0,27.0,,voiture,,3,1,1,2,6
202400043453,2024-07-15 16:15:00,2024,7,15,16,15,987,98736,CHARLES DE GAULLE (AV),-17.52805,-149.5481,Plein jour,En agglomération,Giratoire,Normale,Deux véhicules - côté,3,1,2,0,1,3,1,0,1,50,2,2,1,0,0,1,62.0,64.0,voiture,deux_roues,1,2,6,1,3
202400043453,2024-07-15 16:15:00,2024,7,15,16,15,987,98736,CHARLES DE GAULLE (AV),-17.52805,-149.5481,Plein jour,En agglomération,Giratoire,Normale,Deux véhicules - côté,3,2,2,0,1,3,1,0,8,50,2,2,1,0,0,1,62.0,64.0,voiture,deux_roues,1,2,6,1,3
202400043454,2024-05-10 13:00:00,2024,5,10,13,0,972,97210,N6,14.579077,-60.863936,Plein jour,Hors agglomération,Autre intersection,Normale,Deux véhicules - frontale,2,2,2,0,3,3,1,0,1,70,2,2,0,0,1,1,20.0,58.0,voiture,voiture,1,1,9,1,1
202400043455,2024-04-02 17:20:00,2024,4,2,17,20,25,25056,MAROT RUE CLEMENT,47.21924,5.95605,Plein jour,En agglomération,Giratoire,Normale,Autre collision,3,3,2,0,1,1,1,5,1,50,1,2,1,0,0,1,40.0,,voiture,,1,2,6,1,6
202400043455,2024-04-02 17:20:00,2024,4,2,17,20,25,25056,MAROT RUE CLEMENT,47.21924,5.95605,Plein jour,En agglomération,Giratoire,Normale,Autre collision,3,1,2,0,1,3,1,0,1,50,1,2,1,0,0,1,40.0,,voiture,,1,2,6,1,6
202400043456,2024-02-23 19:40:00,2024,2,23,19,40,94,94046,Avenue Gambetta / Rue de Bordeaux,48.80982,2.45003,Nuit avec éclairage allumé,En agglomération,Intersection en T,Temps couvert,Autre collision,4,2,2,0,1,1,2,0,1,-1,1,1,0,0,0,1,69.0,,voiture,,5,2,3,8,6
202400043456,2024-02-23 19:40:00,2024,2,23,19,40,94,94046,Avenue Gambetta / Rue de Bordeaux,48.80982,2.45003,Nuit avec éclairage allumé,En agglomération,Intersection en T,Temps couvert,Autre collision,4,2,2,0,1,1,2,0,1,30,1,1,0,0,0,1,69.0,,voiture,,5,2,3,8,6
202400043457,2024-04-02 08:30:00,2024,4,2,8,30,25,25056,KENNEDY  BOULEVARD J.F.,47.23513,5.98465,Plein jour,En agglomération,Hors intersection,Pluie légère,Autre collision,4,3,4,0,1,1,2,9,1,50,1,2,1,0,0,1,82.0,,voiture,,1,2,1,2,6
202400043458,2024-08-05 14:45:00,2024,8,5,14,45,62,62165,D254,50.7054489,1.8274777,Plein jour,Hors agglomération,Hors intersection,Normale,Autre collision,3,2,1,0,1,1,1,0,1,80,1,2,1,0,0,1,94.0,,voiture,,1,1,1,1,6
202400043459,2024-05-08 09:10:00,2024,5,8,9,10,12,12169,22 Avenue de Rodez,44.199047,2.343319,Plein jour,En agglomération,Intersection en T,Normale,Deux véhicules - côté,3,2,2,0,1,1,1,0,1,50,2,2,1,0,1,0,77.0,62.0,deux_roues,voiture,1,2,3,1,3
202400043459,2024-05-08 09:10:00,2024,5,8,9,10,12,12169,22 Avenue de Rodez,44.199047,2.343319,Plein jour,En agglomération,Intersection en T,Normale,Deux véhicules - côté,3,2, -1,0,1,1,1,0,1,50,2,2,1,0,1,0,77.0,62.0,deux_roues,voiture,1,2,3,1,3
202400043460,2024-07-16 20:40:00,2024,7,16,20,40,974,97411,NONGE (AVENUE EUDOXIE),-20.89631149,55.49200952,Nuit avec éclairage allumé,En agglomération,Intersection en X,Normale,Deux véhicules - côté,4,2,0,0,4,1,1,0,1,50,2,2,1,0,0,1,36.0,32.0,deux_roues,voiture,5,2,2,1,3
202400043460,2024-07-16 20:40:00,2024,7,16,20,40,974,97411,NONGE (AVENUE EUDOXIE),-20.89631149,55.49200952,Nuit avec éclairage allumé,En agglomération,Intersection en X,Normale,Deux véhicules - côté,4,3,2,0,4,1,1,0,1,50,2,2,1,0,0,1,36.0,32.0,deux_roues,voiture,5,2,2,1,3
202400043461,2024-02-23 19:15:00,2024,2,23,19,15,94,94046,Rue de Joinville / Rue Condorcet,48.81047,2.45272,Nuit avec éclairage allumé,En agglomération,Intersection en X,Normale,Deux véhicules - côté,4,2,2,0,1,1,1,0,1,50,2,2,1,0,0,1,26.0,21.0,utilitaire_camion,deux_roues,5,2,2,1,3
202400043462,2024-04-02 19:56:00,2024,4,2,19,56,17,17300,CARNOT   AVENUE,46.164614,-1.181807,Plein jour,En agglomération,Giratoire,Normale,Deux véhicules - côté,4,1,1,2,1,1,1,9,1,30,2,2,1,0,0,1,22.0,,deux_roues,autre,1,2,6,1,3
202400043462,2024-04-02 19:56:00,2024,4,2,19,56,17,17300,CARNOT   AVENUE,46.164614,-1.181807,Plein jour,En agglomération,Giratoire,Normale,Deux véhicules - côté,4,1,2,2,1,1,1,0,1,30,2,2,1,0,0,1,22.0,,deux_roues,autre,1,2,6,1,3
202400043463,2024-08-23 16:35:00,2024,8,23,16,35,19,19019,carcanne,44.969018,1.843579,Plein jour,Hors agglomération,Hors intersection,Normale,Deux véhicules - côté,3,2,2,0,2,1,1,2,3,90,2,2,0,0,1,1,14.0,14.0,deux_roues,deux_roues,1,1,1,1,3
202400043464,2024-07-16 16:50:00,2024,7,16,16,50,974,97411,JAURES (BOULEVARD JEAN),-20.90255,55.50154,Crépuscule ou aube,Hors agglomération,Hors intersection,Normale,Deux véhicules - arrière,2,1,4,3,1,1,1,0,1,70,2,2,1,0,0,1,58.0,49.0,voiture,deux_roues,2,1,1,1,2
202400043465,2024-05-10 10:55:00,2024,5,10,10,55,29,29235,N165,48.39111959,-4.40173093,Plein jour,Hors agglomération,Hors intersection,Normale,Trois véhicules et plus - en chaîne,2,3,2,0,1,1,1,0,1,90,3,12,9,0,0,3,58.0,45.0,voiture,voiture,1,1,1,1,4
202400043466,2024-02-22 09:29:00,2024,2,22,9,29,94,94028,Rue du Général Sarrail,48.793153,2.452214,Plein jour,En agglomération,Hors intersection,Pluie légère,Trois véhicules et plus - collisions multiples,4,1,1,0,1,1,2,0,1,50,3,3,2,0,0,1,37.0,20.0,utilitaire_camion,voiture,1,2,1,2,5
202400043467,2024-04-01 11:45:00,2024,4,1,11,45,14,14118,Boulevard Henri Becquerel,49.210976,-0.36323,Plein jour,En agglomération,Intersection en X,Normale,Deux véhicules - côté,3,2,5,0,1,1,1,5,1,50,2,2,1,0,1,0,36.0,65.0,voiture,voiture,1,2,2,1,3
202400043467,2024-04-01 11:45:00,2024,4,1,11,45,14,14118,Boulevard Henri Becquerel,49.210976,-0.36323,Plein jour,En agglomération,Intersection en X,Normale,Deux véhicules - côté,3,-1,6,0,1,1,1,5,1,50,2,2,1,0,1,0,36.0,65.0,voiture,voiture,1,2,2,1,3
202400043468,2024-07-16 19:10:00,2024,7,16,19,10,973,97302,,4.93331183,-52.30959642,Crépuscule ou aube,En agglomération,Giratoire,Normale,Deux véhicules - côté,3,2,2,0,1,1,1,0,1,50,2,2,1,0,0,1,40.0,33.0,voiture,deux_roues,2,2,6,1,3
202400043469,2024-05-09 09:00:00,2024,5,9,9,0,59,59107,43 Rue Auguste Coolen,51.071491,2.527762,Plein jour,En agglomération,Hors intersection,Temps couvert,Deux véhicules - côté,3,2,2,0,1,1,1,0,1,50,1,2,1,0,0,1,84.0,,voiture,,1,2,1,8,3
202400043470,2024-08-24 11:00:00,2024,8,24,11,0,56,56094,Lieu Dit Lumelen,47.749885,-3.270578,Plein jour,Hors agglomération,Hors intersection,Pluie forte,Deux véhicules - côté,3,2,2,0,2,3,2,0,1,80,2,4,3,1,0,0,23.0,49.0,voiture,voiture,1,1,1,3,3
202400043471,2024-04-02 21:00:00,2024,4,2,21,0,13,13203,CAMILLE PELLETAN (AVENUE),43.30596618,5.37336389,Nuit avec éclairage allumé,En agglomération,Autre intersection,Normale,Deux véhicules - frontale,9,1,1,3,1,1,1,9,6,30,1,2,1,0,0,1,23.0,,deux_roues,,5,2,9,1,1
202400043472,2024-02-23 18:28:00,2024,2,23,18,28,94,94059,avenue maurice berteaux / avenue georges foureau,48.81200163,2.56727931,Nuit avec éclairage allumé,En agglomération,Intersection en T,Pluie légère,Autre collision,3,2,2,0,1,1,2,0,1,50,1,2,1,0,0,1,31.0,,voiture,,5,2,3,2,6
202400043472,2024-02-23 18:28:00,2024,2,23,18,28,94,94059,avenue maurice berteaux / avenue georges foureau,48.81200163,2.56727931,Nuit avec éclairage allumé,En agglomération,Intersection en T,Pluie légère,Autre collision,3,1,1,0,1,1,2,0,1,-1,1,2,1,0,0,1,31.0,,voiture,,5,2,3,2,6
202400043473,2024-05-09 17:47:00,2024,5,9,17,47,65,65104,D632,43.252033,0.134647,Plein jour,Hors agglomération,Hors intersection,Normale,Autre collision,3,2,2,0,2,4,1,0,1,70,1,1,0,0,1,0,32.0,,deux_roues,,1,1,1,1,6
202400043474,2024-07-16 16:40:00,2024,7,16,16,40,972,97213,AUTOROUTE A1,14.61764,-61.02512,Plein jour,Hors agglomération,Hors intersection,Normale,Deux véhicules - arrière,1,3,6,0,1,1,1,0,1,90,2,2,1,0,0,1,34.0,25.0,voiture,deux_roues,1,1,1,1,2
202400043475,2024-05-09 18:30:00,2024,5,9,18,30,51,51287,Route de Fismes,49.085391,3.941844,Plein jour,En agglomération,Hors intersection,Normale,Deux véhicules - arrière,3,2,2,0,2,1,1,0,1,50,2,2,1,0,1,0,21.0,20.0,deux_roues,deux_roues,1,2,1,1,2
202400043476,2024-07-15 08:35:00,2024,7,15,8,35,972,97209,CARLOS FINLAY (RUE),14.61145,-61.07452,Plein jour,En agglomération,Autre intersection,Pluie légère,Autre collision,4,1,1,0,2,1,2,0,1,50,1,2,1,0,0,1,50.0,,voiture,,1,2,9,2,6
202400043477,2024-04-02 10:10:00,2024,4,2,10,10,13,13215,DE SAINT LOUIS AU ROVE (chemin),43.35,5.35,Plein jour,En agglomération,Hors intersection,Normale,Deux véhicules - arrière,4,1,2,0,2,3,1,0,1,50,2,5,1,0,0,4,34.0,21.0,voiture,utilitaire_camion,1,2,1,1,2
202400043478,2024-02-23 18:02:00,2024,2,23,18,2,92,92073,BLUM (QUAI LEON),48.8650803,2.22684968,Crépuscule ou aube,En agglomération,Autre intersection,Temps couvert,Autre collision,3,2,3,0,1,1,2,0,1,50,1,5,4,0,1,0,67.0,,voiture,,2,2,9,8,6
202400043479,2024-08-24 10:10:00,2024,8,24,10,10,69,69169,Route du Pilon,45.97972976,4.39244758,Plein jour,Hors agglomération,Hors intersection,Normale,Trois véhicules et plus - en chaîne,3,2,2,0,2,3,1,0,1,80,5,5,0,2,1,2,62.0,59.0,deux_roues,deux_roues,1,1,1,1,4
202400043480,2024-04-01 17:30:00,2024,4,1,17,30,13,13201,FLAMMARION (BOULEVARD)     1 A 65,43.3,5.4,Plein jour,En agglomération,Hors intersection,Normale,Deux véhicules - côté,4,-1,2,0,1,1,1,0,1,50,2,2,1,0,1,0,26.0,34.0,voiture,deux_roues,1,2,1,1,3
202400043481,2024-07-17 01:05:00,2024,7,17,1,5,69,69382,Quai Maréchal Joffre,45.75214,4.82435,Nuit avec éclairage allumé,En agglomération,Hors intersection,Normale,Deux véhicules - frontale,4,1,2,2,1,1,1,0,1,30,2,3,1,0,1,1,24.0,21.0,deux_roues,deux_roues,5,2,1,1,1
202400043482,2024-02-23 02:50:00,2024,2,23,2,50,92,92073,PEPINIERE (ALLEE DE LA),48.86747313,2.21185005,Nuit avec éclairage allumé,En agglomération,Hors intersection,Normale,Autre collision,4,1,1,0,1,1,1,0,1,50,1,2,0,0,2,0,19.0,,voiture,,5,2,1,1,6
202400043483,2024-08-20 18:35:00,2024,8,20,18,35,69,69063,Quai de la Jonchère,45.81484534,4.84616967,Crépuscule ou aube,En agglomération,Giratoire,Normale,Deux véhicules - arrière,7,1,1,2,1,1,1,0,1,50,2,2,1,0,0,1,51.0,73.0,deux_roues,voiture,2,2,6,1,2
202400043483,2024-08-20 18:35:00,2024,8,20,18,35,69,69063,Quai de la Jonchère,45.81484534,4.84616967,Crépuscule ou aube,En agglomération,Giratoire,Normale,Deux véhicules - arrière,7,2,2,0,1,1,1,2,1,50,2,2,1,0,0,1,51.0,73.0,deux_roues,voiture,2,2,6,1,2
202400043484,2024-07-15 21:50:00,2024,7,15,21,50,69,69382,Pont de l'Université,45.753,4.83411,Crépuscule ou aube,En agglomération,Intersection en T,Normale,Deux véhicules - arrière,4,2,5,3,1,1,1,0,1,50,2,2,1,0,0,1,21.0,33.0,voiture,voiture,2,2,3,1,2
202400043484,2024-07-15 21:50:00,2024,7,15,21,50,69,69382,Pont de l'Université,45.753,4.83411,Crépuscule ou aube,En agglomération,Intersection en T,Normale,Deux véhicules - arrière,4,1,4,0,1,1,1,2,1,50,2,2,1,0,0,1,21.0,33.0,voiture,voiture,2,2,3,1,2
202400043485,2024-05-09 15:15:00,2024,5,9,15,15,81,81146,Route de Souel,44.038553,2.007344,Plein jour,Hors agglomération,Intersection en X,Normale,Trois véhicules et plus - collisions multiples,3,2,2,0,1,1,1,5,1,80,3,8,5,0,2,1,53.0,82.0,voiture,voiture,1,1,2,1,5
202400043485,2024-05-09 15:15:00,2024,5,9,15,15,81,81146,Route de Souel,44.038553,2.007344,Plein jour,Hors agglomération,Intersection en X,Normale,Trois véhicules et plus - collisions multiples,3,3,2,0,1,1,1,5,1,90,3,8,5,0,2,1,53.0,82.0,voiture,voiture,1,1,2,1,5
202400043486,2024-02-23 12:40:00,2024,2,23,12,40,92,92063,HOPITAL STELL (BOULEVARD DE L'),48.87949407,2.18580918,Plein jour,En agglomération,Hors intersection,Normale,Deux véhicules - côté,3,2,4,0,2,1,1,9,1,50,2,2,1,0,0,1,21.0,36.0,deux_roues,voiture,1,2,1,1,3
202400043487,2024-04-14 13:05:00,2024,4,14,13,5,971,97120,RASPAIL,16.23019,-61.53129,Plein jour,En agglomération,Hors intersection,Normale,Autre collision,3,2,2,0,1,2,1,0,1,30,2,2,1,0,0,1,,21.0,autre,autre,1,2,1,1,6
202400043488,2024-08-23 22:05:00,2024,8,23,22,5,46,46267,2855 route de septfons,44.622961,1.458097,Nuit sans éclairage public,Hors agglomération,Hors intersection,Normale,Autre collision,4,2,2,0,2,4,1,0,3,80,1,2,0,0,1,1,21.0,,voiture,,3,1,1,1,6
202400043489,2024-04-01 17:50:00,2024,4,1,17,50,13,13063,HUIT MAI 1945 AVENUE DU,43.59237,5.004,Plein jour,En agglomération,Hors intersection,Normale,Deux véhicules - arrière,4,4,0,0,1,1,1,0,1,50,3,5,2,0,0,3,43.0,31.0,utilitaire_camion,voiture,1,2,1,1,2
202400043490,2024-07-16 08:00:00,2024,7,16,8,0,971,97120,PAUL LACAVE,16.24352,-61.53256,Plein jour,En agglomération,Intersection en X,Pluie légère,Autre collision,4,2,2,0,1,1,2,0,1,50,1,2,1,0,1,0,65.0,,utilitaire_camion,,1,2,2,2,6