accident_id,datetime,annee,mois,jour,heure,minute,departement,commune_insee,adresse,latitude,longitude,luminosite,agglomeration,intersection,meteo,collision,catr,circ,nbv,vosp,prof,plan,surf,infra,situ,vma,nb_vehicules,nb_usagers,nb_indemnes,nb_tues,nb_blesses_hosp,nb_blesses_legers,age_cond_1,age_cond_2,veh_type_cond_1,veh_type_cond_2,lum_code,agg_code,int_code,atm_code,col_code
202400043490,2024-07-16 08:00:00,2024,7,16,8,0,971,97120,PAUL LACAVE,16.24352,-61.53256,Plein jour,En agglomération,Intersection en X,Pluie légère,Autre collision,4,1,1,0,1,1,2,0,1,50,1,2,1,0,1,0,65.0,,utilitaire_camion,,1,2,2,2,6
202400043491,2024-04-01 16:45:00,2024,4,1,16,45,13,13028,CD 559 (CHEMIN DEPARTEMENTAL°,43.20648,5.5857,Plein jour,Hors agglomération,Hors intersection,Normale,Deux véhicules - frontale,3,2,2,0,1,1,1,0,1,80,2,4,0,0,3,1,25.0,57.0,deux_roues,deux_roues,1,1,1,1,1
202400043492,2024-02-22 19:26:00,2024,2,22,19,26,92,92050,PONS NOEL RUE,48.90428952,2.21966945,Crépuscule ou aube,En agglomération,Autre intersection,Normale,Trois véhicules et plus - en chaîne,4,1,2,0,2,1,1,0,1,50,3,4,3,0,0,1,29.0,25.0,voiture,voiture,2,2,9,1,4
202400043493,2024-08-23 21:15:00,2024,8,23,21,15,68,68152,Route d'Altkirch,47.665402,7.26531,Nuit sans éclairage public,En agglomération,Intersection en T,Normale,Deux véhicules - côté,3,2,2,0,1,1,1,0,1,50,2,3,1,0,1,1,16.0,19.0,deux_roues,voiture,3,2,3,1,3
202400043493,2024-08-23 21:15:00,2024,8,23,21,15,68,68152,Route d'Altkirch,47.665402,7.26531,Nuit sans éclairage public,En agglomération,Intersection en T,Normale,Deux véhicules - côté,3,2, -1,-1,1,1,1,0,1,-1,2,3,1,0,1,1,16.0,19.0,deux_roues,voiture,3,2,3,1,3
202400043494,2024-07-16 19:22:00,2024,7,16,19,22,2A,2A004,ROSSINI PASCAL BD,41.91631,8.73137,Crépuscule ou aube,En agglomération,Giratoire,Normale,Deux véhicules - côté,3,2,2,0,1,3,1,9,1,30,2,2,1,0,0,1,51.0,45.0,deux_roues,voiture,2,2,6,1,3
202400043495,2024-04-02 18:00:00,2024,4,2,18,0,13,13005,RN 8,43.28508,5.59147,Plein jour,En agglomération,Hors intersection,Normale,Deux véhicules - côté,3,2,2,0,4,1,1,0,1,50,1,2,0,0,0,2,34.0,,deux_roues,,1,2,1,1,3
202400043496,2024-02-22 18:45:00,2024,2,22,18,45,92,92048,VILLACOUBLAY (AVENUE DE),48.78331,2.23004,Nuit avec éclairage allumé,En agglomération,Hors intersection,Pluie légère,Autre collision,3,1,0,0,1,1,2,0,1,50,1,2,1,0,0,1,20.0,,voiture,,5,2,1,2,6
202400043497,2024-07-16 11:30:00,2024,7,16,11,30,84,84031,COUBERTIN AVENUE PIERRE DE,44.03449,5.05794,Plein jour,En agglomération,Hors intersection,Normale,Autre collision,4,2,2,0,1,2,1,0,1,50,1,1,0,0,0,1,64.0,,voiture,,1,2,1,1,6
202400043498,2024-02-23 10:25:00,2024,2,23,10,25,92,92023,BOURCILLIERE (RUE DE LA),48.7809855,2.2353512,Plein jour,En agglomération,Hors intersection,Normale,Deux véhicules - côté,4,1,1,0,1,1,1,0,1,30,2,2,1,0,0,1,44.0,37.0,voiture,deux_roues,1,2,1,1,3
202400043499,2024-03-28 14:30:00,2024,3,28,14,30,12,12100,RUE FRANÇOIS MITTERAND,44.54011,2.30703,Plein jour,En agglomération,Autre intersection,Normale,Deux véhicules - côté,4,-1, -1,-1,1,1,1,0,1,50,2,2,1,0,1,0,85.0,62.0,voiture,deux_roues,1,2,9,1,3
202400043499,2024-03-28 14:30:00,2024,3,28,14,30,12,12100,RUE FRANÇOIS MITTERAND,44.54011,2.30703,Plein jour,En agglomération,Autre intersection,Normale,Deux véhicules - côté,4,2,2,0,2,1,1,0,1,50,2,2,1,0,1,0,85.0,62.0,voiture,deux_roues,1,2,9,1,3
202400043500,2024-08-22 18:45:00,2024,8,22,18,45,39,39421,,46.707941,5.579939,Plein jour,Hors agglomération,Hors intersection,Normale,Deux véhicules - frontale,3,2,2,0,2,1,1,0,1,80,2,3,2,0,0,1,27.0,33.0,voiture,voiture,1,1,1,1,1
202400043501,2024-02-24 16:10:00,2024,2,24,16,10,59,59238,Route d'Hergnies,50.50790429,3.48888874,Plein jour,En agglomération,Hors intersection,Normale,Deux véhicules - frontale,3,2,2,0,1,3,1,0,1,50,1,1,0,0,1,0,23.0,,deux_roues,,1,2,1,1,1
202400043502,2024-04-01 16:39:00,2024,4,1,16,39,11,11069,ROCADE NORD - RD 6113,43.23316,2.35849,Plein jour,Hors agglomération,Autre intersection,Normale,Deux véhicules - frontale,3,2,2,0,1,1,1,0,1,80,2,2,0,0,0,2,78.0,43.0,voiture,voiture,1,1,9,1,1
202400043503,2024-07-16 11:10:00,2024,7,16,11,10,84,84031,SAINT ROCH AVENUE,44.06835,5.05241,Plein jour,En agglomération,Giratoire,Normale,Sans collision,3,1,2,0,1,1,1,0,1,50,1,2,0,0,1,1,74.0,,deux_roues,,1,2,6,1,7
202400043503,2024-07-16 11:10:00,2024,7,16,11,10,84,84031,SAINT ROCH AVENUE,44.06835,5.05241,Plein jour,En agglomération,Giratoire,Normale,Sans collision,3,1,2,0,1,2,8,0,1,50,1,2,0,0,1,1,74.0,,deux_roues,,1,2,6,1,7
202400043504,2024-02-23 19:00:00,2024,2,23,19,0,37,37040,Route Principale,47.10117825,0.40270078,Crépuscule ou aube,En agglomération,Hors intersection,Pluie légère,Autre collision,3,2,2,0,1,1,2,0,3,50,1,1,0,1,0,0,29.0,,voiture,,2,2,1,2,6
202400043505,2024-08-23 20:17:00,2024,8,23,20,17,44,44169,,47.228964,-1.410794,Plein jour,Hors agglomération,Hors intersection,Normale,Deux véhicules - arrière,3,2,2,0,1,1,1,5,1,70,2,2,1,0,0,1,53.0,34.0,voiture,voiture,1,1,1,1,2
202400043506,2024-04-01 11:45:00,2024,4,1,11,45,06,06027,Promenade de l'Hippodrome,43.647282,7.148124,Plein jour,En agglomération,Hors intersection,Normale,Deux véhicules - frontale,9,2,2,2,1,1,1,-1,5,10,2,2,0,0,0,2,19.0,51.0,deux_roues,deux_roues,1,2,1,1,1
202400043507,2024-07-16 19:15:00,2024,7,16,19,15,30,30011,Avenue de Verdun,43.95818,4.7743,Plein jour,En agglomération,Hors intersection,Normale,Sans collision,3,2,2,0,2,1,1,0,1,50,1,2,1,0,1,0,31.0,,voiture,,1,2,1,1,7
202400043508,2024-02-23 14:55:00,2024,2,23,14,55,01,01004,Avenue de Verdun,45.961185,5.355272,Plein jour,En agglomération,Intersection en Y,Temps couvert,Deux véhicules - côté,4,1,1,0,2,1,1,0,8,50,2,2,1,0,1,0,17.0,73.0,deux_roues,voiture,1,2,4,8,3
202400043508,2024-02-23 14:55:00,2024,2,23,14,55,01,01004,Avenue de Verdun,45.961185,5.355272,Plein jour,En agglomération,Intersection en Y,Temps couvert,Deux véhicules - côté,4,2,4,0,3,1,1,0,1,50,2,2,1,0,1,0,17.0,73.0,deux_roues,voiture,1,2,4,8,3
202400043509,2024-08-24 13:20:00,2024,8,24,13,20,44,44127,42 Rue de nantes,47.017036,-1.435851,Plein jour,En agglomération,Hors intersection,Normale,Sans collision,3,-1,2,0,1,1,1,0,3,50,1,1,0,0,0,1,18.0,,deux_roues,,1,2,1,1,7
202400043510,2024-07-16 17:50:00,2024,7,16,17,50,30,30351,Avenue de Rheimbach,43.98021,4.7853,Plein jour,Hors agglomération,Hors intersection,Normale,Deux véhicules - frontale,3,2,2,0,1,1,1,0,1,50,2,2,1,0,0,1,34.0,19.0,voiture,voiture,1,1,1,1,1
202400043511,2024-04-02 19:45:00,2024,4,2,19,45,06,06155,Rue Sicard,43.57787,7.05432,Nuit avec éclairage allumé,En agglomération,Intersection en X,Normale,Deux véhicules - côté,4,1,1,0,1,1,1,0,1,50,2,2,1,0,0,1,24.0,24.0,utilitaire_camion,deux_roues,5,2,2,1,3
202400043511,2024-04-02 19:45:00,2024,4,2,19,45,06,06155,Rue Sicard,43.57787,7.05432,Nuit avec éclairage allumé,En agglomération,Intersection en X,Normale,Deux véhicules - côté,4,1,1,0,1,1,1,0,1,50,2,2,1,0,0,1,24.0,24.0,utilitaire_camion,deux_roues,5,2,2,1,3
202400043512,2024-02-24 07:45:00,2024,2,24,7,45,28,28041,autoroute oceane - A11 - PK 081+050,48.303579,1.29688,Crépuscule ou aube,Hors agglomération,Hors intersection,Temps couvert,Autre collision,1,1,3,0,1,1,1,0,1,110,1,2,0,0,2,0,37.0,,voiture,,2,1,1,8,6
202400043513,2024-04-01 12:34:00,2024,4,1,12,34,75,75120,BD PERIPHERIQUE EXTERIEUR,48.870563,2.413456,Plein jour,En agglomération,Hors intersection,Normale,Deux véhicules - côté,4,1,5,0,1,1,1,0,1,70,2,2,1,0,1,0,25.0,28.0,deux_roues,utilitaire_camion,1,2,1,1,3
202400043514,2024-07-16 17:15:00,2024,7,16,17,15,84,84007,LYON (route de ),43.9502,4.82252,Plein jour,En agglomération,Intersection en T,Normale,Deux véhicules - côté,4,2,2,2,1,1,1,5,1,50,2,2,1,0,0,1,36.0,38.0,voiture,deux_roues,1,2,3,1,3
202400043514,2024-07-16 17:15:00,2024,7,16,17,15,84,84007,LYON (route de ),43.9502,4.82252,Plein jour,En agglomération,Intersection en T,Normale,Deux véhicules - côté,4,2,2,0,1,1,1,5,1,50,2,2,1,0,0,1,36.0,38.0,voiture,deux_roues,1,2,3,1,3
202400043515,2024-08-21 17:50:00,2024,8,21,17,50,44,44131,,47.09949219,-1.992155,Plein jour,Hors agglomération,Hors intersection,Temps éblouissant,Autre collision,3,2,2,0,1,3,2,0,1,80,1,3,2,0,1,0,45.0,,voiture,,1,1,1,7,6
202400043516,2024-04-02 10:25:00,2024,4,2,10,25,75,75120,PASSAGE GAMBETTA,48.873293,2.401289,Plein jour,En agglomération,Hors intersection,Normale,Autre collision,4,1, -1,0,2,1,1,0,1,30,1,2,1,0,0,1,48.0,,utilitaire_camion,,1,2,1,1,6
202400043517,2024-02-23 17:35:00,2024,2,23,17,35,51,51136,Rue de la Fontinette,49.094778,3.755093,Plein jour,Hors agglomération,Intersection en T,Pluie légère,Deux véhicules - côté,3,2,2,0,1,1,2,0,3,80,2,2,0,0,2,0,29.0,56.0,voiture,voiture,1,1,3,2,3
202400043517,2024-02-23 17:35:00,2024,2,23,17,35,51,51136,Rue de la Fontinette,49.094778,3.755093,Plein jour,Hors agglomération,Intersection en T,Pluie légère,Deux véhicules - côté,3,2,2,0,1,1,2,0,1,80,2,2,0,0,2,0,29.0,56.0,voiture,voiture,1,1,3,2,3
202400043518,2024-07-16 12:40:00,2024,7,16,12,40,84,84007,OULLE (Boulevard de l'),43.94964,4.80178,Plein jour,En agglomération,Autre intersection,Normale,Deux véhicules - côté,4,4,1,3,1,1,1,9,5,50,2,2,1,0,0,1,68.0,64.0,voiture,deux_roues,1,2,9,1,3
202400043519,2024-07-16 01:00:00,2024,7,16,1,0,83,83137,RIVIERE (QUAI COMMANDANT),43.13992,5.90996,Nuit avec éclairage allumé,En agglomération,Hors intersection,Normale,Autre collision,4,2,3,0,1,1,1,0,1,50,1,2,1,0,1,0,42.0,,voiture,,5,2,1,1,6
202400043520,2024-02-21 18:50:00,2024,2,21,18,50,30,30334,26-28 Avenue de la Gare,44.011232,4.413087,Nuit avec éclairage allumé,En agglomération,Hors intersection,Normale,Deux véhicules - frontale,3,2,2,0,1,1,1,0,1,50,2,2,1,0,0,1,19.0,25.0,deux_roues,voiture,5,2,1,1,1
202400043521,2024-08-23 08:15:00,2024,8,23,8,15,29,29025,D7,48.15087194,-4.14407239,Crépuscule ou aube,Hors agglomération,Intersection en Y,Pluie légère,Deux véhicules - arrière,3,2,2,0,1,1,2,0,1,80,2,2,1,0,0,1,53.0,58.0,voiture,utilitaire_camion,2,1,4,2,2
202400043521,2024-08-23 08:15:00,2024,8,23,8,15,29,29025,D7,48.15087194,-4.14407239,Crépuscule ou aube,Hors agglomération,Intersection en Y,Pluie légère,Deux véhicules - arrière,3,2, -1,-1,1,1,2,0,1,-1,2,2,1,0,0,1,53.0,58.0,voiture,utilitaire_camion,2,1,4,2,2
202400043522,2024-02-23 12:15:00,2024,2,23,12,15,51,51529,RD 980,49.29171114,4.28117505,Plein jour,Hors agglomération,Hors intersection,Normale,Autre collision,3,2,2,0,1,1,1,0,3,90,1,1,0,0,1,0,58.0,,voiture,,1,1,1,1,6
202400043523,2024-08-24 11:30:00,2024,8,24,11,30,84,84005,Route de Montbrun les Bains,44.133058,5.425186,Plein jour,Hors agglomération,Hors intersection,Normale,Trois véhicules et plus - collisions multiples,3,2,2,0,2,3,1,0,1,80,3,3,1,1,1,0,60.0,58.0,deux_roues,deux_roues,1,1,1,1,5
202400043524,2024-02-24 03:34:00,2024,2,24,3,34,79,79299,,46.895789,-0.192862,Nuit sans éclairage public,Hors agglomération,Hors intersection,Normale,Deux véhicules - arrière,3,2,3,0,1,1,2,0,1,90,2,3,1,2,0,0,22.0,21.0,deux_roues,voiture,3,1,1,1,2
202400043525,2024-07-15 16:15:00,2024,7,15,16,15,83,83137,STRASBOURG (BD DE ),43.12486,5.93274,Plein jour,En agglomération,Intersection en T,Normale,Deux véhicules - côté,4,1,6,0,1,1,1,0,1,50,2,6,2,0,1,3,26.0,65.0,transport_commun,voiture,1,2,3,1,3
202400043525,2024-07-15 16:15:00,2024,7,15,16,15,83,83137,STRASBOURG (BD DE ),43.12486,5.93274,Plein jour,En agglomération,Intersection en T,Normale,Deux véhicules - côté,4,2,6,3,1,1,1,0,6,50,2,6,2,0,1,3,26.0,65.0,transport_commun,voiture,1,2,3,1,3
202400043526,2024-02-24 02:30:00,2024,2,24,2,30,65,65317,,42.810247,0.427067,Nuit sans éclairage public,Hors agglomération,Hors intersection,Neige / grêle,Autre collision,3,2,2,0,2,4,5,0,3,80,1,1,0,0,0,1,37.0,,voiture,,3,1,1,4,6
202400043527,2024-07-09 17:45:00,2024,7,9,17,45,83,83009,LIBERATION (AVENUE DE LA),43.13822584,5.76345563,Plein jour,En agglomération,Hors intersection,Normale,Autre collision,4,2,2,0,1,1,1,0,1,50,1,2,1,0,1,0,22.0,,voiture,,1,2,1,1,6
202400043528,2024-04-02 17:15:00,2024,4,2,17,15,75,75115,RUE LOUIS ARMAND,48.833443,2.277029,Plein jour,En agglomération,Intersection en X,Pluie forte,Deux véhicules - côté,4,2, -1,-1,1,1,2,0,5,30,2,2,1,0,0,1,43.0,33.0,deux_roues,voiture,1,2,2,3,3
202400043528,2024-04-02 17:15:00,2024,4,2,17,15,75,75115,RUE LOUIS ARMAND,48.833443,2.277029,Plein jour,En agglomération,Intersection en X,Pluie forte,Deux véhicules - côté,4,2,2,1,1,1,2,0,5,30,2,2,1,0,0,1,43.0,33.0,deux_roues,voiture,1,2,2,3,3
202400043529,2024-08-23 15:30:00,2024,8,23,15,30,09,09265,Avenue des Pyrénées,43.09003,1.627108,Plein jour,En agglomération,Hors intersection,Normale,Deux véhicules - côté,3,2,2,0,1,1,1,0,1,50,2,2,1,0,1,0,31.0,68.0,voiture,deux_roues,1,2,1,1,3
202400043530,2024-07-15 08:30:00,2024,7,15,8,30,83,83123,ESTIENNE D'ORVES (BD),43.11603537,5.80664456,Plein jour,En agglomération,Hors intersection,Normale,Autre collision,3,3,2,0,1,1,1,0,1,50,1,2,1,0,1,0,53.0,,voiture,,1,2,1,1,6
202400043531,2024-02-23 16:00:00,2024,2,23,16,0,49,49200,Les Guerrières,47.540955,-0.66411,Plein jour,Hors agglomération,Hors intersection,Pluie forte,Sans collision,4,2,2,0,1,1,4,0,1,80,1,1,0,0,0,1,55.0,,deux_roues,,1,1,1,3,7
202400043532,2024-04-02 08:10:00,2024,4,2,8,10,75,75115,RUE DE LA CONVENTION,48.84313,2.283516,Plein jour,En agglomération,Intersection en X,Normale,Autre collision,4,2,3,3,1,1,1,0,1,30,1,2,1,0,0,1,34.0,,utilitaire_camion,,1,2,2,1,6
202400043532,2024-04-02 08:10:00,2024,4,2,8,10,75,75115,RUE DE LA CONVENTION,48.84313,2.283516,Plein jour,En agglomération,Intersection en X,Normale,Autre collision,4,1,1,0,1,1,1,0,1,30,1,2,1,0,0,1,34.0,,utilitaire_camion,,1,2,2,1,6
202400043533,2024-08-23 18:10:00,2024,8,23,18,10,60,60064,Rue Marcel Rinn,49.412835,3.008523,Plein jour,En agglomération,Hors intersection,Normale,Deux véhicules - frontale,3,2,2,0,1,1,1,0,1,50,2,3,2,0,0,1,55.0,37.0,voiture,voiture,1,2,1,1,1
202400043534,2024-02-24 08:15:00,2024,2,24,8,15,12,12257,Les Cazalous,44.550876,2.020776,Plein jour,Hors agglomération,Hors intersection,Pluie légère,Autre collision,3,2,2,0,2,1,2,0,3,90,1,1,0,0,1,0,19.0,,voiture,,1,1,1,2,6
202400043535,2024-07-15 18:10:00,2024,7,15,18,10,80,80489,Avenue Henri Barbusse,49.8748,2.34886,Plein jour,En agglomération,Hors intersection,Normale,Deux véhicules - arrière,4,2,2,0,1,1,1,0,1,50,2,3,2,0,0,1,34.0,28.0,utilitaire_camion,voiture,1,2,1,1,2
202400043536,2024-04-01 17:50:00,2024,4,1,17,50,75,75114,RUE DIDOT,48.82876,2.316581,Plein jour,En agglomération,Intersection en T,Normale,Deux véhicules - côté,4,2,2,1,1,1,1,0,5,30,2,2,1,0,0,1,51.0,25.0,voiture,deux_roues,1,2,3,1,3
202400043536,2024-04-01 17:50:00,2024,4,1,17,50,75,75114,RUE DIDOT,48.82876,2.316581,Plein jour,En agglomération,Intersection en T,Normale,Deux véhicules - côté,4,1,1,0,1,1,1,0,5,30,2,2,1,0,0,1,51.0,25.0,voiture,deux_roues,1,2,3,1,3
202400043537,2024-08-23 19:00:00,2024,8,23,19,0,60,60155,D929,49.268137,2.350847,Plein jour,Hors agglomération,Hors intersection,Normale,Autre collision,3,2,2,0,3,3,2,0,3,80,1,3,2,0,1,0,21.0,,voiture,,1,1,1,1,6
202400043538,2024-02-24 17:50:00,2024,2,24,17,50,12,12208,Rue Gaston Delure,43.958328,2.885284,Crépuscule ou aube,En agglomération,Intersection en T,Temps éblouissant,Autre collision,3,1,1,0,1,1,1,2,1,50,1,2,1,0,1,0,75.0,,voiture,,2,2,3,7,6
202400043538,2024-02-24 17:50:00,2024,2,24,17,50,12,12208,Rue Gaston Delure,43.958328,2.885284,Crépuscule ou aube,En agglomération,Intersection en T,Temps éblouissant,Autre collision,3,2,1,0,1,1,1,0,1,50,1,2,1,0,1,0,75.0,,voiture,,2,2,3,7,6
202400043539,2024-08-24 11:50:00,2024,8,24,11,50,64,64180,24 Route de Garlin,43.559462,-0.231288,Plein jour,Hors agglomération,Hors intersection,Normale,Autre collision,3,2,2,0,2,2,1,0,3,80,1,1,0,0,1,0,53.0,,deux_roues,,1,1,1,1,6
202400043540,2024-07-16 18:55:00,2024,7,16,18,55,78,78140,EUROPE (AVENUE DE L'),48.967879,1.921909,Plein jour,En agglomération,Hors intersection,Normale,Deux véhicules - arrière,3,3,4,0,1,1,1,0,8,80,2,3,1,0,0,2,39.0,38.0,utilitaire_camion,voiture,1,2,1,1,2
202400043541,2024-04-02 16:45:00,2024,4,2,16,45,75,75111,RUE PETION,48.859769,2.380709,Plein jour,En agglomération,Intersection en T,Temps couvert,Deux véhicules - côté,4,1, -1,-1,1,1,1,0,1,30,2,2,1,0,0,1,22.0,36.0,deux_roues,voiture,1,2,3,8,3
202400043541,2024-04-02 16:45:00,2024,4,2,16,45,75,75111,RUE PETION,48.859769,2.380709,Plein jour,En agglomération,Intersection en T,Temps couvert,Deux véhicules - côté,4,1,2,2,1,1,1,0,1,30,2,2,1,0,0,1,22.0,36.0,deux_roues,voiture,1,2,3,8,3
202400043542,2024-02-23 15:35:00,2024,2,23,15,35,34,34268,Route de Rabieux,43.709032,3.438082,Plein jour,Hors agglomération,Hors intersection,Normale,Deux véhicules - frontale,3,2,2,0,3,4,1,0,1,90,2,5,1,0,0,4,58.0,56.0,voiture,voiture,1,1,1,1,1
202400043543,2024-07-16 19:45:00,2024,7,16,19,45,77,77390,AV JEAN MONNET,48.78887,2.63966,Plein jour,En agglomération,Hors intersection,Normale,Autre collision,6,-1, -1,0,1,1,1,9,8,20,1,2,1,0,0,1,18.0,,voiture,,1,2,1,1,6
202400043544,2024-08-24 14:33:00,2024,8,24,14,33,43,43111,Bargettes,44.87713602,3.84689709,Plein jour,Hors agglomération,Hors intersection,Normale,Deux véhicules - frontale,2,2,2,0,2,1,1,0,1,80,2,4,0,0,1,3,77.0,26.0,voiture,voiture,1,1,1,1,1
202400043545,2024-04-02 14:19:00,2024,4,2,14,19,75,75110,BOULEVARD DE MAGENTA,48.869141,2.36228,Plein jour,En agglomération,Intersection en Y,Normale,Trois véhicules et plus - collisions multiples,4,2,4,1,1,1,1,0,1,30,3,3,2,0,0,1,39.0,26.0,deux_roues,voiture,1,2,4,1,5
202400043545,2024-04-02 14:19:00,2024,4,2,14,19,75,75110,BOULEVARD DE MAGENTA,48.869141,2.36228,Plein jour,En agglomération,Intersection en Y,Normale,Trois véhicules et plus - collisions multiples,4,2, -1,-1,1,1,1,0,1,30,3,3,2,0,0,1,39.0,26.0,deux_roues,voiture,1,2,4,1,5
202400043546,2024-02-24 13:55:00,2024,2,24,13,55,44,44139,2 le Clos Pabois,47.457442,-1.923267,Plein jour,Hors agglomération,Intersection en X,Pluie légère,Autre collision,3,2,2,0,1,3,2,5,8,70,1,3,0,0,0,3,26.0,,voiture,,1,1,2,2,6
202400043546,2024-02-24 13:55:00,2024,2,24,13,55,44,44139,2 le Clos Pabois,47.457442,-1.923267,Plein jour,Hors agglomération,Intersection en X,Pluie légère,Autre collision,3,2,2,0,1,1,2,5,1,70,1,3,0,0,0,3,26.0,,voiture,,1,1,2,2,6
202400043547,2024-08-23 14:15:00,2024,8,23,14,15,10,10209,Route du Lac,48.254145,4.272233,Plein jour,En agglomération,Place,Normale,Deux véhicules - côté,4,-1, -1,0,1,2,1,0,6,50,2,2,1,0,1,0,54.0,61.0,deux_roues,deux_roues,1,2,7,1,3
202400043548,2024-07-15 16:20:00,2024,7,15,16,20,77,77284,ROOSEVELT (AV.DU PDT),48.957087,2.89894,Plein jour,En agglomération,Hors intersection,Pluie légère,Autre collision,3,3,4,0,2,1,2,0,1,50,1,2,1,0,1,0,33.0,,voiture,,1,2,1,2,6
202400043549,2024-04-02 16:44:00,2024,4,2,16,44,75,75107,QUAI BRANLY,48.860551,2.295617,Plein jour,En agglomération,Intersection en X,Pluie légère,Deux véhicules - côté,4,2, -1,-1,1,1,2,0,1,30,2,2,1,0,0,1,40.0,54.0,deux_roues,voiture,1,2,2,2,3
202400043549,2024-04-02 16:44:00,2024,4,2,16,44,75,75107,QUAI BRANLY,48.860551,2.295617,Plein jour,En agglomération,Intersection en X,Pluie légère,Deux véhicules - côté,4,2,4,1,1,3,2,0,1,30,2,2,1,0,0,1,40.0,54.0,deux_roues,voiture,1,2,2,2,3
202400043550,2024-08-23 15:35:00,2024,8,23,15,35,16,16086,,45.864717,0.802624,Plein jour,Hors agglomération,Hors intersection,Normale,Sans collision,3,2,2,0,1,1,1,0,3,80,1,1,0,0,1,0,68.0,,deux_roues,,1,1,1,1,7
202400043551,2024-02-24 07:00:00,2024,2,24,7,0,44,44198,,47.120735,-1.531128,Crépuscule ou aube,Hors agglomération,Hors intersection,Pluie légère,Deux véhicules - frontale,3,2,2,0,1,1,2,0,1,80,2,5,0,0,0,5,22.0,17.0,voiture,voiture,2,1,1,2,1
202400043552,2024-07-16 19:30:00,2024,7,16,19,30,77,77186,D301,48.376578,2.739534,Plein jour,Hors agglomération,Intersection en X,Normale,Deux véhicules - côté,3,2,1,0,1,1,1,5,1,70,2,2,1,1,0,0,55.0,34.0,voiture,deux_roues,1,1,2,1,3
202400043552,2024-07-16 19:30:00,2024,7,16,19,30,77,77186,D301,48.376578,2.739534,Plein jour,Hors agglomération,Intersection en X,Normale,Deux véhicules - côté,3,2,1,0,1,1,1,5,1,70,2,2,1,1,0,0,55.0,34.0,voiture,deux_roues,1,1,2,1,3
202400043553,2024-04-02 12:00:00,2024,4,2,12,0,94,94073,Avenue du Général de Gaulle,48.76849,2.37015,Plein jour,En agglomération,Hors intersection,Normale,Deux véhicules - arrière,3,2,2,0,1,1,1,0,1,50,2,3,1,0,0,2,40.0,,voiture,utilitaire_camion,1,2,1,1,2
202400043554,2024-02-23 15:15:00,2024,2,23,15,15,01,01295,Grande Rue,46.127735,4.816926,Plein jour,En agglomération,Intersection en X,Normale,Deux véhicules - côté,3,-1,2,0,1,1,1,0,1,50,2,3,1,0,1,1,34.0,21.0,voiture,deux_roues,1,2,2,1,3
202400043554,2024-02-23 15:15:00,2024,2,23,15,15,01,01295,Grande Rue,46.127735,4.816926,Plein jour,En agglomération,Intersection en X,Normale,Deux véhicules - côté,3,2,2,0,1,1,1,0,1,50,2,3,1,0,1,1,34.0,21.0,voiture,deux_roues,1,2,2,1,3
202400043555,2024-08-23 14:38:00,2024,8,23,14,38,04,04108,Avenue de la Haute Provence,44.04626534,6.03303993,Plein jour,En agglomération,Hors intersection,Normale,Deux véhicules - frontale,2,-1,2,0,1,1,1,0,1,50,2,4,0,1,3,0,66.0,62.0,voiture,voiture,1,2,1,1,1
202400043556,2024-07-05 12:35:00,2024,7,5,12,35,73,73065,Rue Commandant Bulle,45.60136,5.91286,Plein jour,En agglomération,Intersection en T,Normale,Autre collision,4,2,2,0,2,1,1,0,1,50,1,2,1,0,0,1,63.0,,voiture,,1,2,3,1,6
202400043556,2024-07-05 12:35:00,2024,7,5,12,35,73,73065,Rue Commandant Bulle,45.60136,5.91286,Plein jour,En agglomération,Intersection en T,Normale,Autre collision,4,2,2,0,1,1,1,0,1,30,1,2,1,0,0,1,63.0,,voiture,,1,2,3,1,6
202400043557,2024-04-02 16:00:00,2024,4,2,16,0,93,93070,Avenue Gabriel Péri,48.90528103,2.3315767,Plein jour,En agglomération,Hors intersection,Normale,Deux véhicules - arrière,3,2,2,2,1,1,1,0,1,50,2,2,1,0,0,1,41.0,39.0,autre,voiture,1,2,1,1,2
202400043558,2024-02-23 18:15:00,2024,2,23,18,15,54,54449,3 Route des Vosges,48.571261,6.477787,Crépuscule ou aube,En agglomération,Hors intersection,Pluie légère,Autre collision,3,2,2,0,1,1,2,0,3,50,1,2,1,0,0,1,54.0,,voiture,,2,2,1,2,6
202400043559,2024-08-22 19:00:00,2024,8,22,19,0,04,04094,Route Départementale 4,43.752489,5.804531,Plein jour,Hors agglomération,Autre intersection,Normale,Deux véhicules - arrière,3,2,2,0,1,1,1,0,1,80,2,2,1,0,1,0,71.0,48.0,deux_roues,voiture,1,1,9,1,2
202400043560,2024-07-15 17:50:00,2024,7,15,17,50,72,72181,GLONNIERES (BD) N° PAIRS,47.97139,0.21375,Plein jour,En agglomération,Intersection en T,Normale,Autre collision,4,2,2,0,1,1,1,0,1,50,1,2,1,0,0,1,33.0,,deux_roues,,1,2,3,1,6
202400043560,2024-07-15 17:50:00,2024,7,15,17,50,72,72181,GLONNIERES (BD) N° PAIRS,47.97139,0.21375,Plein jour,En agglomération,Intersection en T,Normale,Autre collision,4,2,2,0,1,1,1,0,1,50,1,2,1,0,0,1,33.0,,deux_roues,,1,2,3,1,6
202400043561,2024-04-02 07:17:00,2024,4,2,7,17,93,93005,Rue Charles Dordain / Avenue Anatole France,48.93368,2.49361,Plein jour,En agglomération,Intersection en T,Normale,Autre collision,4,1,1,0,1,1,1,0,1,50,1,5,4,0,0,1,32.0,,voiture,,1,2,3,1,6