accident_id,datetime,annee,mois,jour,heure,minute,departement,commune_insee,adresse,latitude,longitude,luminosite,agglomeration,intersection,meteo,collision,catr,circ,nbv,vosp,prof,plan,surf,infra,situ,vma,nb_vehicules,nb_usagers,nb_indemnes,nb_tues,nb_blesses_hosp,nb_blesses_legers,age_cond_1,age_cond_2,veh_type_cond_1,veh_type_cond_2,lum_code,agg_code,int_code,atm_code,col_code
202400043561,2024-04-02 07:17:00,2024,4,2,7,17,93,93005,Rue Charles Dordain / Avenue Anatole France,48.93368,2.49361,Plein jour,En agglomération,Intersection en T,Normale,Autre collision,4,1,1,0,1,2,1,0,1,50,1,5,4,0,0,1,32.0,,voiture,,1,2,3,1,6
202400043562,2024-02-24 06:15:00,2024,2,24,6,15,50,50569,Route de la Carriere,49.074948,-1.329238,Nuit sans éclairage public,Hors agglomération,Hors intersection,Pluie légère,Trois véhicules et plus - collisions multiples,3,2,2,0,1,2,2,0,1,80,3,5,3,0,2,0,60.0,25.0,voiture,voiture,3,1,1,2,5
202400043563,2024-08-24 09:30:00,2024,8,24,9,30,85,85050,saint-hubert,46.531908,-1.351098,Plein jour,Hors agglomération,Hors intersection,Normale,Deux véhicules - frontale,4,2,2,0,1,2,1,0,1,80,2,2,1,0,1,0,33.0,28.0,voiture,deux_roues,1,1,1,1,1
202400043564,2024-07-16 09:55:00,2024,7,16,9,55,67,67482,RHIN TORTU (RUE DU),48.542588,7.75849,Plein jour,En agglomération,Hors intersection,Normale,Autre collision,4,3,2,2,1,1,1,0,1,50,1,2,1,0,0,1,37.0,,voiture,,1,2,1,1,6
202400043565,2024-02-23 09:05:00,2024,2,23,9,5,50,50589,D200,48.591824,-1.447728,Plein jour,Hors agglomération,Hors intersection,Temps éblouissant,Autre collision,3,2,2,0,1,1,1,0,1,80,1,2,1,1,0,0,25.0,,voiture,,1,1,1,7,6
202400043566,2024-04-01 19:30:00,2024,4,1,19,30,93,93006,Avenue Gambetta,48.8704554,2.41698593,Plein jour,En agglomération,Hors intersection,Normale,Deux véhicules - côté,3,2,2,0,1,1,1,8,1,50,2,2,1,0,0,1,41.0,29.0,voiture,deux_roues,1,2,1,1,3
202400043567,2024-06-06 20:00:00,2024,6,6,20,0,69,69290,Rocade Est,45.72005,4.97229,Plein jour,Hors agglomération,Hors intersection,Normale,Trois véhicules et plus - en chaîne,2,3,4,0,2,1,1,0,1,90,3,3,2,0,0,1,30.0,30.0,utilitaire_camion,voiture,1,1,1,1,4
202400043568,2024-07-16 11:30:00,2024,7,16,11,30,64,64445,PYRENEES DES,43.29380681,-0.36497891,Plein jour,En agglomération,Hors intersection,Normale,Deux véhicules - côté,4,1,1,2,1,1,1,0,1,30,2,3,1,0,0,2,37.0,21.0,voiture,deux_roues,1,2,1,1,3
202400043569,2024-08-23 07:50:00,2024,8,23,7,50,27,27210,D613 PK52+750,49.130622,0.813222,Plein jour,Hors agglomération,Intersection en T,Normale,Deux véhicules - côté,3,2,1,0,1,4,1,5,1,80,2,2,0,0,1,1,55.0,19.0,voiture,voiture,1,1,3,1,3
202400043569,2024-08-23 07:50:00,2024,8,23,7,50,27,27210,D613 PK52+750,49.130622,0.813222,Plein jour,Hors agglomération,Intersection en T,Normale,Deux véhicules - côté,3,2,1,0,1,1,1,5,1,80,2,2,0,0,1,1,55.0,19.0,voiture,voiture,1,1,3,1,3
202400043570,2024-06-15 08:25:00,2024,6,15,8,25,33,33550,,44.77977,-0.574927,Plein jour,Hors agglomération,Hors intersection,Normale,Autre collision,1,3,6,0,1,1,1,3,1,90,1,3,0,0,1,2,28.0,,voiture,,1,1,1,1,6
202400043571,2024-02-23 18:40:00,2024,2,23,18,40,10,10262,D971,48.039,4.4156,Nuit avec éclairage allumé,En agglomération,Intersection en X,Pluie légère,Deux véhicules - côté,4,2,2,0,1,1,2,0,1,50,2,2,1,0,0,1,16.0,75.0,deux_roues,voiture,5,2,2,2,3
202400043572,2024-04-02 09:45:00,2024,4,2,9,45,92,92064,MARCEL DASSAULT,48.8545989,2.22270155,Plein jour,En agglomération,Hors intersection,Normale,Deux véhicules - côté,3,-1,3,0,1,1,1,0,1,50,2,2,1,0,0,1,34.0,50.0,deux_roues,voiture,1,2,1,1,3
202400043573,2024-08-23 23:30:00,2024,8,23,23,30,17,17325,Route de Port Maubert,45.421814,-0.714422,Nuit sans éclairage public,Hors agglomération,Hors intersection,Normale,Sans collision,3,2,2,0,1,2,1,0,3,80,1,1,0,0,1,0,26.0,,voiture,,3,1,1,1,7
202400043574,2024-07-16 07:15:00,2024,7,16,7,15,64,64445,RESISTANCE,43.3024,-0.37555,Plein jour,En agglomération,Intersection en X,Normale,Sans collision,4,1, -1,-1,1,1,1,0,1,-1,1,1,0,0,0,1,16.0,,deux_roues,,1,2,2,1,7
202400043574,2024-07-16 07:15:00,2024,7,16,7,15,64,64445,RESISTANCE,43.3024,-0.37555,Plein jour,En agglomération,Intersection en X,Normale,Sans collision,4,-1,4,0,1,1,1,0,1,50,1,1,0,0,0,1,16.0,,deux_roues,,1,2,2,1,7
202400043574,2024-07-16 07:15:00,2024,7,16,7,15,64,64445,RESISTANCE,43.3024,-0.37555,Plein jour,En agglomération,Intersection en X,Normale,Sans collision,4,2,2,0,1,1,1,0,1,50,1,1,0,0,0,1,16.0,,deux_roues,,1,2,2,1,7
202400043575,2024-08-24 07:15:00,2024,8,24,7,15,23,23131,pk 4 D941,45.894966,2.459071,Crépuscule ou aube,Hors agglomération,Hors intersection,Normale,Autre collision,3,2,2,0,3,2,1,0,3,90,1,1,0,0,1,0,31.0,,utilitaire_camion,,2,1,1,1,6
202400043576,2024-06-15 05:25:00,2024,6,15,5,25,33,33249,,44.88448,-0.51682,Nuit avec éclairage allumé,Hors agglomération,Hors intersection,Normale,Deux véhicules - arrière,1,3,6,0,1,2,1,0,1,90,2,2,1,0,0,1,30.0,21.0,voiture,voiture,5,1,1,1,2
202400043577,2024-02-23 21:45:00,2024,2,23,21,45,23,23102,3 Folbeix,46.272691,2.045764,Nuit sans éclairage public,Hors agglomération,Hors intersection,Pluie légère,Autre collision,3,2,2,0,4,3,2,0,3,70,1,1,0,0,0,1,46.0,,voiture,,3,1,1,2,6
202400043578,2024-04-02 17:50:00,2024,4,2,17,50,92,92063,VERSAILLES (AVENUE DE),48.86386252,2.16579768,Plein jour,En agglomération,Intersection en T,Pluie légère,Deux véhicules - côté,4,2,2,0,2,1,2,0,1,30,2,2,1,0,0,1,39.0,44.0,deux_roues,voiture,1,2,3,2,3
202400043578,2024-04-02 17:50:00,2024,4,2,17,50,92,92063,VERSAILLES (AVENUE DE),48.86386252,2.16579768,Plein jour,En agglomération,Intersection en T,Pluie légère,Deux véhicules - côté,4,2,2,0,2,1,2,0,1,50,2,2,1,0,0,1,39.0,44.0,deux_roues,voiture,1,2,3,2,3
202400043579,2024-07-15 23:50:00,2024,7,15,23,50,64,64348,REBEQUE DE,43.31694553,-0.42354494,Nuit avec éclairage allumé,Hors agglomération,Intersection en T,Normale,Autre collision,4,2,3,1,1,1,1,5,8,50,1,1,0,0,0,1,45.0,,voiture,,5,1,3,1,6
202400043579,2024-07-15 23:50:00,2024,7,15,23,50,64,64348,REBEQUE DE,43.31694553,-0.42354494,Nuit avec éclairage allumé,Hors agglomération,Intersection en T,Normale,Autre collision,4,2,2,0,1,3,1,5,8,50,1,1,0,0,0,1,45.0,,voiture,,5,1,3,1,6
202400043580,2024-06-15 00:26:00,2024,6,15,0,26,91,91179,AUTOROUTE A6,48.57066352,2.46972148,Nuit sans éclairage public,Hors agglomération,Hors intersection,Normale,Autre collision,1,1,3,0,3,1,1,0,1,110,1,1,0,0,0,1,20.0,,voiture,,3,1,1,1,6
202400043581,2024-08-24 10:30:00,2024,8,24,10,30,24,24282,,44.74112472,0.58948517,Plein jour,Hors agglomération,Hors intersection,Normale,Deux véhicules - côté,3,2,2,0,1,1,1,0,1,80,2,2,0,0,1,1,19.0,65.0,deux_roues,voiture,1,1,1,1,3
202400043582,2024-06-15 03:40:00,2024,6,15,3,40,78,78646,RN12 INT,48.782325,2.161858,Nuit sans éclairage public,Hors agglomération,Hors intersection,Normale,Autre collision,2,-1,2,0,3,2,2,0,1,90,1,2,1,0,0,1,38.0,,voiture,,3,1,1,1,6
202400043583,2024-04-02 15:35:00,2024,4,2,15,35,92,92050,LIBERTE AVENUE DE LA,48.88862386,2.20906806,Plein jour,En agglomération,Hors intersection,Normale,Deux véhicules - côté,4,2,2,0,1,1,1,0,1,50,2,2,1,0,0,1,18.0,,deux_roues,utilitaire_camion,1,2,1,1,3
202400043584,2024-02-24 07:45:00,2024,2,24,7,45,40,40152,A63 - PK 101.900,43.987504,-1.043658,Plein jour,Hors agglomération,Hors intersection,Neige / grêle,Trois véhicules et plus - en chaîne,1,3,3,0,1,1,2,0,1,110,5,5,4,0,1,0,49.0,55.0,utilitaire_camion,voiture,1,1,1,4,4
202400043585,2024-07-14 14:15:00,2024,7,14,14,15,64,64445,NITOT,43.29625,-0.35352,Plein jour,En agglomération,Intersection en T,Normale,Deux véhicules - côté,4,2, -1,-1,1,1,1,0,1,-1,2,2,1,0,0,1,41.0,42.0,voiture,voiture,1,2,3,1,3
202400043585,2024-07-14 14:15:00,2024,7,14,14,15,64,64445,NITOT,43.29625,-0.35352,Plein jour,En agglomération,Intersection en T,Normale,Deux véhicules - côté,4,2,2,0,2,4,1,0,1,50,2,2,1,0,0,1,41.0,42.0,voiture,voiture,1,2,3,1,3
202400043586,2024-08-23 19:30:00,2024,8,23,19,30,05,05162,A51,44.44010701,6.02901935,Plein jour,Hors agglomération,Hors intersection,Normale,Autre collision,1,1,2,0,3,2,1,0,2,70,1,4,3,0,1,0,35.0,,voiture,,1,1,1,1,6
202400043587,2024-06-14 16:25:00,2024,6,14,16,25,95,95572,N184,49.03791744,2.12330895,Plein jour,Hors agglomération,Hors intersection,Normale,Deux véhicules - côté,2,3,2,0,1,1,1,0,1,90,2,2,1,0,0,1,31.0,58.0,voiture,deux_roues,1,1,1,1,3
202400043588,2024-04-01 18:10:00,2024,4,1,18,10,92,92040,DOCTEUR LOMBARD (DU),48.82046356,2.25068879,Plein jour,En agglomération,Hors intersection,Normale,Autre collision,4,1,2,0,1,1,1,0,1,30,1,2,1,0,0,1,44.0,,voiture,,1,2,1,1,6
202400043589,2024-07-15 19:15:00,2024,7,15,19,15,64,64125,PLATEAU (AVENUE DU),43.44511,-1.5838,Plein jour,En agglomération,Hors intersection,Normale,Deux véhicules - côté,3,2,2,0,1,1,1,0,1,50,2,2,1,0,0,1,39.0,60.0,voiture,deux_roues,1,2,1,1,3
202400043590,2024-06-14 17:45:00,2024,6,14,17,45,92,92036,AUTOROUTE A15,48.94364712,2.28775617,Plein jour,Hors agglomération,Hors intersection,Normale,Deux véhicules - frontale,1,3,4,0,1,1,1,0,1,90,2,2,1,0,0,1,27.0,28.0,deux_roues,voiture,1,1,1,1,1
202400043591,2024-02-24 03:50:00,2024,2,24,3,50,49,49007,"A11, PK 261.450, sens PARIS-NANTES",47.492037,-0.531034,Nuit sans éclairage public,Hors agglomération,Autre intersection,Normale,Deux véhicules - frontale,1,2,3,0,1,1,1,0,1,90,2,7,6,0,1,0,24.0,37.0,voiture,voiture,3,1,9,1,1
202400043592,2024-04-02 09:40:00,2024,4,2,9,40,92,92025,GABRIEL PERI (RUE),48.91723327,2.23626646,Plein jour,En agglomération,Hors intersection,Normale,Deux véhicules - frontale,3,2,2,0,1,1,1,0,1,50,2,3,1,0,0,2,21.0,62.0,deux_roues,voiture,1,2,1,1,1
202400043593,2024-08-23 14:30:00,2024,8,23,14,30,973,97305,322 RN1,4.927431,-52.393016,Plein jour,Hors agglomération,Hors intersection,Normale,Trois véhicules et plus - collisions multiples,2,2,2,0,1,1,1,0,1,80,3,5,1,0,1,3,26.0,44.0,voiture,voiture,1,1,1,1,5
202400043594,2024-06-14 17:40:00,2024,6,14,17,40,95,95500,A15,49.03827684,2.08827086,Plein jour,Hors agglomération,Hors intersection,Pluie légère,Deux véhicules - arrière,1,3,3,0,1,1,2,0,1,90,2,2,1,0,0,1,,20.0,voiture,deux_roues,1,1,1,2,2
202400043595,2024-07-15 06:52:00,2024,7,15,6,52,64,64122,,43.480287,-1.546605,Plein jour,En agglomération,Intersection en X,Normale,Deux véhicules - côté,4,1,1,0,2,1,1,9,1,30,2,2,1,0,0,1,57.0,23.0,voiture,deux_roues,1,2,2,1,3
202400043595,2024-07-15 06:52:00,2024,7,15,6,52,64,64122,,43.480287,-1.546605,Plein jour,En agglomération,Intersection en X,Normale,Deux véhicules - côté,4,2, -1,-1,1,1,1,0,1,-1,2,2,1,0,0,1,57.0,23.0,voiture,deux_roues,1,2,2,1,3
202400043596,2024-04-02 17:25:00,2024,4,2,17,25,92,92024,GENERAL LECLERC (BD DU) DE (61 A 9),48.90218,2.31419,Plein jour,En agglomération,Hors intersection,Pluie légère,Autre collision,3,2,2,1,1,1,2,0,6,50,1,2,1,0,0,1,28.0,,deux_roues,,1,2,1,2,6
202400043597,2024-01-26 18:50:00,2024,1,26,18,50,17,17299,A837,45.965358,-0.971593,Nuit sans éclairage public,Hors agglomération,Hors intersection,Pluie légère,Trois véhicules et plus - en chaîne,1,3,4,0,1,1,2,0,1,110,4,4,3,0,0,1,22.0,35.0,voiture,voiture,3,1,1,2,4
202400043598,2024-08-24 10:30:00,2024,8,24,10,30,971,97125,Belle Allée,16.257084,-61.308603,Plein jour,Hors agglomération,Hors intersection,Normale,Deux véhicules - côté,2,2,2,0,1,1,1,0,1,80,2,2,1,1,0,0,57.0,36.0,voiture,deux_roues,1,1,1,1,3
202400043599,2024-06-27 12:05:00,2024,6,27,12,5,62,62464,D947,50.49232,2.80924,Plein jour,En agglomération,Hors intersection,Normale,Deux véhicules - côté,3,2,2,0,1,1,1,0,1,30,2,2,1,0,0,1,21.0,41.0,voiture,deux_roues,1,2,1,1,3
202400043600,2024-06-14 19:25:00,2024,6,14,19,25,93,93078,A104,48.96165006,2.5451386,Plein jour,Hors agglomération,Hors intersection,Normale,Trois véhicules et plus - en chaîne,1,3,3,0,1,1,1,0,1,90,3,5,1,0,0,4,61.0,34.0,voiture,voiture,1,1,1,1,4
202400043601,2024-02-24 18:25:00,2024,2,24,18,25,60,60142,La Chapelle-en-Serval,49.12182825,2.53314257,Nuit sans éclairage public,Hors agglomération,Autre intersection,Pluie légère,Deux véhicules - frontale,3,2,2,0,1,1,2,0,1,80,2,3,2,0,1,0,38.0,61.0,voiture,voiture,3,1,9,2,1
202400043602,2024-08-24 09:40:00,2024,8,24,9,40,84,84078,RN7,44.22642,4.713929,Plein jour,Hors agglomération,Hors intersection,Normale,Autre collision,2,2,2,0,1,1,1,0,3,80,1,2,1,0,1,0,22.0,,voiture,,1,1,1,1,6
202400043603,2024-04-02 12:30:00,2024,4,2,12,30,92,92019,DIVISION LECLERC (AVENUE DE LA),48.76552586,2.26033205,Plein jour,En agglomération,Intersection en T,Normale,Deux véhicules - côté,3,1,1,0,2,1,1,0,1,50,2,2,1,0,0,1,51.0,58.0,utilitaire_camion,voiture,1,2,3,1,3
202400043603,2024-04-02 12:30:00,2024,4,2,12,30,92,92019,DIVISION LECLERC (AVENUE DE LA),48.76552586,2.26033205,Plein jour,En agglomération,Intersection en T,Normale,Deux véhicules - côté,3,2,1,0,1,1,1,9,1,50,2,2,1,0,0,1,51.0,58.0,utilitaire_camion,voiture,1,2,3,1,3
202400043604,2024-02-23 23:08:00,2024,2,23,23,8,28,28026,PK 52+500 Autoroute A10 vers PARIS,48.309973,1.86244,Nuit sans éclairage public,Hors agglomération,Hors intersection,Normale,Autre collision,1,3,3,0,1,1,1,0,1,130,1,2,1,0,1,0,62.0,,utilitaire_camion,,3,1,1,1,6
202400043605,2024-07-15 22:50:00,2024,7,15,22,50,62,62193,Rue d’Asfeld,50.95936,1.83291,Nuit avec éclairage allumé,En agglomération,Hors intersection,Normale,Deux véhicules - arrière,4,2,2,0,1,1,1,0,1,50,2,2,1,0,0,1,17.0,,deux_roues,voiture,5,2,1,1,2
202400043606,2024-08-24 14:35:00,2024,8,24,14,35,13,13096,D570,43.469366,4.41453,Plein jour,Hors agglomération,Autre intersection,Normale,Deux véhicules - côté,3,2,2,0,1,1,1,0,1,70,2,2,1,0,1,0,26.0,55.0,voiture,deux_roues,1,1,9,1,3
202400043607,2024-04-02 12:10:00,2024,4,2,12,10,92,92012,PARCHAMP (RUE DU) 1/7 - 2/6,48.84690135,2.23483872,Plein jour,En agglomération,Hors intersection,Normale,Autre collision,4,1,1,0,1,1,1,0,1,30,1,2,1,0,0,1,83.0,,voiture,,1,2,1,1,6
202400043608,2024-02-23 07:00:00,2024,2,23,7,0,987,98724,district de TEFARERII,-16.75110892,-150.99614739,Plein jour,Hors agglomération,Hors intersection,Normale,Autre collision,2,2,2,0,1,1,1,0,3,60,1,2,1,1,0,0,21.0,,utilitaire_camion,,1,1,1,1,6
202400043609,2024-08-24 07:00:00,2024,8,24,7,0,21,21021,D961,47.339019,5.235597,Plein jour,Hors agglomération,Hors intersection,Normale,Deux véhicules - frontale,3,2,2,0,1,1,1,0,1,80,2,4,1,0,2,1,44.0,55.0,voiture,voiture,1,1,1,1,1
202400043610,2024-06-14 15:05:00,2024,6,14,15,5,93,93007,A1,48.94674096,2.44241883,Plein jour,Hors agglomération,Hors intersection,Normale,Trois véhicules et plus - en chaîne,1,3,4,0,1,1,1,1,1,110,4,7,4,0,0,3,51.0,37.0,utilitaire_camion,utilitaire_camion,1,1,1,1,4
202400043611,2024-08-24 13:00:00,2024,8,24,13,0,68,68292,D431,47.90987353,7.05032956,Plein jour,Hors agglomération,Hors intersection,Normale,Deux véhicules - frontale,3,2,2,0,1,3,1,0,1,70,2,2,0,1,1,0,23.0,46.0,deux_roues,deux_roues,1,1,1,1,1
202400043612,2024-02-23 07:02:00,2024,2,23,7,2,974,97408,149 CD NORD 41,-20.928209,55.360644,Plein jour,Hors agglomération,Autre intersection,Normale,Deux véhicules - côté,3,2,2,0,1,2,1,0,1,80,2,2,1,0,1,0,35.0,17.0,utilitaire_camion,deux_roues,1,1,9,1,3
202400043613,2024-07-13 23:45:00,2024,7,13,23,45,61,61001,D438,48.427314,0.093059,Nuit avec éclairage allumé,En agglomération,Intersection en X,Normale,Autre collision,3,2,3,0,2,1,1,0,1,30,1,5,3,0,1,1,23.0,,deux_roues,,5,2,2,1,6
202400043613,2024-07-13 23:45:00,2024,7,13,23,45,61,61001,D438,48.427314,0.093059,Nuit avec éclairage allumé,En agglomération,Intersection en X,Normale,Autre collision,3,2,3,2,4,1,1,0,1,50,1,5,3,0,1,1,23.0,,deux_roues,,5,2,2,1,6
202400043614,2024-06-14 10:45:00,2024,6,14,10,45,95,95042,N104,49.0573232,2.29626596,Plein jour,Hors agglomération,Hors intersection,Normale,Sans collision,2,3,2,0,1,1,2,0,1,110,1,1,0,0,1,0,49.0,,voiture,,1,1,1,1,7
202400043615,2024-04-02 17:42:00,2024,4,2,17,42,92,92004,DOCTEUR DERVAUX  ( QUAI DU ),48.90394407,2.2853803,Plein jour,En agglomération,Hors intersection,Pluie légère,Trois véhicules et plus - en chaîne,3,1,5,0,1,1,2,0,1,70,3,3,2,0,0,1,55.0,37.0,voiture,voiture,1,2,1,2,4
202400043616,2024-08-23 17:40:00,2024,8,23,17,40,68,68370,D5biii,48.007503,6.972805,Plein jour,Hors agglomération,Hors intersection,Normale,Deux véhicules - frontale,3,2,2,0,2,2,1,0,1,80,2,2,0,0,1,1,24.0,59.0,voiture,deux_roues,1,1,1,1,1
202400043617,2024-02-23 17:10:00,2024,2,23,17,10,45,45212,D117 PR 4 + 373,47.906404,2.789648,Plein jour,Hors agglomération,Hors intersection,Pluie légère,Sans collision,3,2,2,0,1,1,2,0,3,80,1,4,0,0,3,1,42.0,,voiture,,1,1,1,2,7
202400043618,2024-04-02 09:30:00,2024,4,2,9,30,92,92004,DOCTEUR DERVAUX  ( QUAI DU ),48.91059796,2.29676682,Plein jour,En agglomération,Autre intersection,Normale,Deux véhicules - côté,3,2,2,0,1,1,1,0,1,50,2,2,1,0,0,1,55.0,28.0,voiture,deux_roues,1,2,9,1,3
202400043619,2024-06-15 06:50:00,2024,6,15,6,50,77,77169,A4.Y,48.832553,2.597018,Plein jour,Hors agglomération,Hors intersection,Normale,Trois véhicules et plus - en chaîne,1,3,6,0,1,1,1,0,1,110,4,4,3,0,0,1,52.0,33.0,utilitaire_camion,voiture,1,1,1,1,4
202400043620,2024-04-02 16:45:00,2024,4,2,16,45,09,09209,Audinac les Bains,43.006193,1.181996,Nuit sans éclairage public,En agglomération,Hors intersection,Normale,Autre collision,3,2,2,0,1,3,1,0,3,50,1,1,0,0,1,0,31.0,,deux_roues,,3,2,1,1,6
202400043621,2024-07-16 18:30:00,2024,7,16,18,30,60,60057,Rue du Moulin de Bracheux,49.4279,2.1177,Plein jour,En agglomération,Hors intersection,Normale,Deux véhicules - arrière,4,-1,2,0,2,1,1,0,1,50,2,4,1,0,0,3,45.0,44.0,voiture,voiture,1,2,1,1,2
202400043622,2024-02-22 17:20:00,2024,2,22,17,20,78,78296,Route de Brueil,49.01289,1.783336,Plein jour,Hors agglomération,Hors intersection,Vent fort / tempête,Autre collision,4,2,2,0,1,3,2,0,3,80,1,1,0,0,1,0,82.0,,voiture,,1,1,1,6,6
202400043623,2024-08-24 13:50:00,2024,8,24,13,50,68,68329,D417,48.069118,7.04854,Plein jour,Hors agglomération,Hors intersection,Normale,Trois véhicules et plus - en chaîne,3,2,2,0,1,1,1,0,1,80,3,3,2,0,1,0,35.0,25.0,deux_roues,voiture,1,1,1,1,4
202400043624,2024-06-14 17:30:00,2024,6,14,17,30,77,77121,A104,48.838514,2.664469,Plein jour,Hors agglomération,Hors intersection,Normale,Deux véhicules - arrière,1,3,2,0,1,1,1,0,1,90,2,3,2,0,0,1,54.0,30.0,voiture,voiture,1,1,1,1,2
202400043625,2024-07-15 16:40:00,2024,7,15,16,40,59,59599,Rue du Château,50.722628,3.165644,Plein jour,En agglomération,Hors intersection,Pluie légère,Autre collision,4,1,2,0,1,1,2,0,4,50,1,2,1,0,1,0,46.0,,voiture,,1,2,1,2,6
202400043626,2024-03-30 01:01:00,2024,3,30,1,1,95,95504,A16,49.10957559,2.25623667,Nuit sans éclairage public,Hors agglomération,Hors intersection,Pluie forte,Deux véhicules - côté,1,1,4,0,1,1,2,0,1,110,2,2,1,0,0,1,31.0,52.0,voiture,utilitaire_camion,3,1,1,3,3
202400043627,2024-08-23 22:40:00,2024,8,23,22,40,67,67052,D35,48.466541,7.43282,Nuit sans éclairage public,Hors agglomération,Hors intersection,Normale,Sans collision,3,2,2,0,1,1,1,0,3,80,1,1,0,0,1,0,46.0,,voiture,,3,1,1,1,7
202400043628,2024-02-21 09:10:00,2024,2,21,9,10,26,26124,,44.827782,4.860635,Plein jour,Hors agglomération,Hors intersection,Normale,Trois véhicules et plus - en chaîne,1,1,3,3,1,1,1,0,1,130,3,3,1,0,0,2,35.0,19.0,voiture,voiture,1,1,1,1,4
202400043629,2024-03-26 20:22:00,2024,3,26,20,22,19,19005,Rue des Sorbiers,45.225583,1.42635,Nuit avec éclairage non allumé,Hors agglomération,Intersection en X,Pluie légère,Deux véhicules - côté,4,2, -1,-1,1,1,2,0,1,-1,2,2,1,0,1,0,32.0,40.0,voiture,voiture,4,1,2,2,3
202400043629,2024-03-26 20:22:00,2024,3,26,20,22,19,19005,Rue des Sorbiers,45.225583,1.42635,Nuit avec éclairage non allumé,Hors agglomération,Intersection en X,Pluie légère,Deux véhicules - côté,4,2,2,0,1,1,2,0,1,50,2,2,1,0,1,0,32.0,40.0,voiture,voiture,4,1,2,2,3
202400043630,2024-08-24 00:03:00,2024,8,24,0,3,03,03235,Départementale 60,46.266447,3.539089,Nuit sans éclairage public,Hors agglomération,Hors intersection,Normale,Autre collision,3,2,2,0,1,3,1,0,3,-1,1,1,0,1,0,0,31.0,,utilitaire_camion,,3,1,1,1,6
202400043631,2024-07-15 20:25:00,2024,7,15,20,25,59,59375,ORCHIES CD 957 (ROUTE D'),50.41136,3.27333,Plein jour,En agglomération,Hors intersection,Normale,Autre collision,3,2,2,0,1,1,1,0,3,50,1,2,1,0,1,0,53.0,,voiture,,1,2,1,1,6
202400043632,2024-04-03 16:00:00,2024,4,3,16,0,68,68019,D468,48.095627,7.533424,Plein jour,Hors agglomération,Intersection en Y,Normale,Deux véhicules - côté,3,2,2,0,1,3,1,0,1,80,2,2,1,0,1,0,15.0,44.0,deux_roues,voiture,1,1,4,1,3
202400043632,2024-04-03 16:00:00,2024,4,3,16,0,68,68019,D468,48.095627,7.533424,Plein jour,Hors agglomération,Intersection en Y,Normale,Deux véhicules - côté,3,2, -1,-1,1,1,1,0,1,-1,2,2,1,0,1,0,15.0,44.0,deux_roues,voiture,1,1,4,1,3
202400043633,2024-02-23 18:10:00,2024,2,23,18,10,38,38146,pk 999 D140e,45.701436,5.289375,Crépuscule ou aube,Hors agglomération,Intersection en T,Normale,Deux véhicules - côté,3,2,1,0,2,1,1,0,8,80,2,2,1,0,1,0,18.0,42.0,voiture,deux_roues,2,1,3,1,3
202400043633,2024-02-23 18:10:00,2024,2,23,18,10,38,38146,pk 999 D140e,45.701436,5.289375,Crépuscule ou aube,Hors agglomération,Intersection en T,Normale,Deux véhicules - côté,3,3,1,0,1,3,1,5,1,80,2,2,1,0,1,0,18.0,42.0,voiture,deux_roues,2,1,3,1,3
202400043634,2024-06-13 06:41:00,2024,6,13,6,41,987,98735,DUMONT D'URVILLE (RUE QTIER VILLIERME),-17.54226,-149.56743,Plein jour,En agglomération,Intersection en Y,Normale,Deux véhicules - côté,4,1,2,0,1,1,1,0,1,50,2,2,1,0,1,0,53.0,23.0,voiture,deux_roues,1,2,4,1,3
202400043634,2024-06-13 06:41:00,2024,6,13,6,41,987,98735,DUMONT D'URVILLE (RUE QTIER VILLIERME),-17.54226,-149.56743,Plein jour,En agglomération,Intersection en Y,Normale,Deux véhicules - côté,4,2,2,0,1,1,1,0,1,50,2,2,1,0,1,0,53.0,23.0,voiture,deux_roues,1,2,4,1,3
202400043635,2024-08-23 18:40:00,2024,8,23,18,40,73,73061,D118,45.69829977,6.40892615,Plein jour,Hors agglomération,Hors intersection,Normale,Deux véhicules - frontale,3,2,2,0,2,3,1,0,1,80,2,2,1,0,0,1,31.0,54.0,voiture,voiture,1,1,1,1,1
202400043636,2024-06-22 15:43:00,2024,6,22,15,43,56,56260,Boulevard des Îles,47.65189,-2.78751,Plein jour,En agglomération,Hors intersection,Normale,Sans collision,4,2,2,0,1,1,1,0,1,50,1,1,0,0,0,1,19.0,,deux_roues,,1,2,1,1,7
202400043637,2024-04-03 08:30:00,2024,4,3,8,30,46,46197,RD 820,44.371907,1.452341,Plein jour,Hors agglomération,Hors intersection,Normale,Deux véhicules - arrière,3,3,0,0,2,3,1,0,1,110,2,2,1,1,0,0,26.0,67.0,utilitaire_camion,deux_roues,1,1,1,1,2
202400043638,2024-08-23 20:50:00,2024,8,23,20,50,73,73081,D59 Villaret rouge,45.688811,6.11071,Crépuscule ou aube,Hors agglomération,Hors intersection,Normale,Sans collision,3,2,2,0,1,3,1,0,3,80,1,2,0,0,0,2,20.0,,voiture,,2,1,1,1,7
202400043639,2024-06-14 16:00:00,2024,6,14,16,0,974,97411,LANCASTEL (BOULEVARD),-20.87683,55.45585,Plein jour,En agglomération,Hors intersection,Normale,Deux véhicules - arrière,2,2,4,0,1,1,1,0,1,70,2,2,1,0,1,0,24.0,40.0,deux_roues,voiture,1,2,1,1,2
202400043640,2024-04-02 17:25:00,2024,4,2,17,25,46,46010,pk 35 D911,44.447361,1.526998,Plein jour,Hors agglomération,Hors intersection,Normale,Autre collision,3,2,2,0,1,2,1,0,3,80,1,1,0,1,0,0,91.0,,voiture,,1,1,1,1,6