accident_id,datetime,annee,mois,jour,heure,minute,departement,commune_insee,adresse,latitude,longitude,luminosite,agglomeration,intersection,meteo,collision,catr,circ,nbv,vosp,prof,plan,surf,infra,situ,vma,nb_vehicules,nb_usagers,nb_indemnes,nb_tues,nb_blesses_hosp,nb_blesses_legers,age_cond_1,age_cond_2,veh_type_cond_1,veh_type_cond_2,lum_code,agg_code,int_code,atm_code,col_code
202400043778,2024-02-22 17:30:00,2024,2,22,17,30,92,92062,GENERAL DE GAULLE (AV) DU 44 AU 106,48.88787232,2.23406553,Crépuscule ou aube,En agglomération,Hors intersection,Pluie légère,Autre collision,3,1,3,3,1,1,2,0,1,50,1,2,1,0,1,0,41.0,,voiture,,2,2,1,2,6
202400043779,2024-08-21 16:30:00,2024,8,21,16,30,91,91103,RUE DU BOIS DE CHATRES,48.60141,2.29361,Plein jour,En agglomération,Hors intersection,Normale,Deux véhicules - arrière,4,2,0,0,1,1,1,0,1,50,2,2,1,0,0,1,32.0,19.0,deux_roues,deux_roues,1,2,1,1,2
202400043780,2024-07-16 08:30:00,2024,7,16,8,30,13,13001,RN 296,43.52986509,5.42829413,Plein jour,Hors agglomération,Hors intersection,Normale,Deux véhicules - côté,2,1,3,0,1,1,1,0,1,90,2,2,1,0,0,1,44.0,21.0,utilitaire_camion,deux_roues,1,1,1,1,3
202400043781,2024-02-22 15:45:00,2024,2,22,15,45,92,92062,EICHENBERGER (RUE),48.88248256,2.23884237,Plein jour,En agglomération,Autre intersection,Vent fort / tempête,Deux véhicules - côté,4,1,2,2,1,1,2,0,1,50,2,2,1,0,0,1,59.0,52.0,deux_roues,voiture,1,2,9,6,3
202400043782,2024-06-14 19:30:00,2024,6,14,19,30,69,69096,Avenue Jacques Chirac,45.60725684,4.77249523,Plein jour,En agglomération,Intersection en T,Normale,Deux véhicules - arrière,7,2,2,0,1,1,1,0,1,50,2,2,1,0,0,1,52.0,37.0,voiture,voiture,1,2,3,1,2
202400043782,2024-06-14 19:30:00,2024,6,14,19,30,69,69096,Avenue Jacques Chirac,45.60725684,4.77249523,Plein jour,En agglomération,Intersection en T,Normale,Deux véhicules - arrière,7,2,2,0,2,1,1,0,1,50,2,2,1,0,0,1,52.0,37.0,voiture,voiture,1,2,3,1,2
202400043783,2024-08-22 12:15:00,2024,8,22,12,15,91,91114,RTE NATIONALE 6,48.68313,2.49051,Plein jour,En agglomération,Intersection en X,Temps éblouissant,Deux véhicules - côté,2,1,0,0,1,2,1,5,1,50,2,2,1,0,0,1,31.0,47.0,voiture,voiture,1,2,2,7,3
202400043783,2024-08-22 12:15:00,2024,8,22,12,15,91,91114,RTE NATIONALE 6,48.68313,2.49051,Plein jour,En agglomération,Intersection en X,Temps éblouissant,Deux véhicules - côté,2,3,0,0,1,1,1,5,1,50,2,2,1,0,0,1,31.0,47.0,voiture,voiture,1,2,2,7,3
202400043784,2024-07-15 17:40:00,2024,7,15,17,40,11,11069,55 Rue Auguste Rodin,43.21506,2.33714,Plein jour,En agglomération,Hors intersection,Normale,Autre collision,4,2,1,0,1,1,1,0,1,30,1,3,2,0,0,1,30.0,,voiture,,1,2,1,1,6
202400043785,2024-02-21 18:45:00,2024,2,21,18,45,92,92048,CELLE (AVENUE DE),48.7875629,2.2278564,Nuit avec éclairage allumé,En agglomération,Hors intersection,Pluie forte,Autre collision,4,-1,2,0,1,1,2,0,8,50,1,2,1,0,0,1,51.0,,voiture,,5,2,1,3,6
202400043786,2024-06-14 06:01:00,2024,6,14,6,1,66,66136,Départementale  617,42.71204143,2.95804739,Nuit sans éclairage public,Hors agglomération,Hors intersection,Normale,Deux véhicules - arrière,3,3,4,0,1,1,1,0,1,110,2,3,2,1,0,0,35.0,77.0,voiture,voiture,3,1,1,1,2
202400043787,2024-02-21 21:15:00,2024,2,21,21,15,92,92048,GEORGES MILLANDY (RUE),48.78474729,2.2313363,Nuit avec éclairage allumé,En agglomération,Intersection en T,Pluie légère,Autre collision,4,2,2,0,1,3,2,0,1,50,1,2,1,0,0,1,44.0,,voiture,,5,2,3,2,6
202400043787,2024-02-21 21:15:00,2024,2,21,21,15,92,92048,GEORGES MILLANDY (RUE),48.78474729,2.2313363,Nuit avec éclairage allumé,En agglomération,Intersection en T,Pluie légère,Autre collision,4,2,0,0,1,1,2,0,1,50,1,2,1,0,0,1,44.0,,voiture,,5,2,3,2,6
202400043788,2024-07-16 17:40:00,2024,7,16,17,40,08,08105,,49.756044,4.718248,Plein jour,En agglomération,Hors intersection,Temps couvert,Autre collision,4,1,2,0,1,1,1,0,1,50,1,2,1,0,1,0,36.0,,transport_commun,,1,2,1,8,6
202400043789,2024-08-21 16:45:00,2024,8,21,16,45,91,91215,AV DU HUIT MAI 1945,48.69761,2.51907,Plein jour,En agglomération,Giratoire,Normale,Deux véhicules - frontale,3,3,2,0,2,1,1,9,8,30,2,4,2,0,0,2,19.0,36.0,deux_roues,voiture,1,2,6,1,1
202400043789,2024-08-21 16:45:00,2024,8,21,16,45,91,91215,AV DU HUIT MAI 1945,48.69761,2.51907,Plein jour,En agglomération,Giratoire,Normale,Deux véhicules - frontale,3,1,1,0,1,1,1,0,1,30,2,4,2,0,0,2,19.0,36.0,deux_roues,voiture,1,2,6,1,1
202400043790,2024-06-14 17:00:00,2024,6,14,17,0,66,66136,Boulevard Félix Mercader,42.69463277,2.88918436,Plein jour,En agglomération,Hors intersection,Normale,Autre collision,4,2,4,0,2,1,1,0,1,50,1,2,1,0,1,0,24.0,,voiture,,1,2,1,1,6
202400043791,2024-07-16 19:05:00,2024,7,16,19,5,04,04070,BARLES (ROUTE DE),44.144,6.2383,Plein jour,Hors agglomération,Hors intersection,Normale,Sans collision,3,2,2,0,1,1,1,2,8,80,1,1,0,0,1,0,75.0,,voiture,,1,1,1,1,7
202400043792,2024-02-20 08:20:00,2024,2,20,8,20,92,92035,Léon Maurice Nordmann ( rue ),48.90412696,2.24089104,Plein jour,En agglomération,Hors intersection,Normale,Autre collision,4,2,2,0,1,1,1,0,1,50,2,2,1,0,0,1,42.0,59.0,utilitaire_camion,deux_roues,1,2,1,1,6
202400043793,2024-08-21 17:41:00,2024,8,21,17,41,87,87085,RN520,45.86165,1.16352,Plein jour,Hors agglomération,Hors intersection,Normale,Deux véhicules - arrière,2,2,2,0,1,1,1,0,1,80,2,2,1,0,0,1,58.0,53.0,utilitaire_camion,voiture,1,1,1,1,2
202400043794,2024-06-14 13:10:00,2024,6,14,13,10,66,66136,Boulevard Frédéric Mistral,42.69815879,2.90556461,Plein jour,En agglomération,Hors intersection,Normale,Autre collision,4,1,1,0,2,1,1,0,1,50,1,2,1,0,0,1,56.0,,utilitaire_camion,,1,2,1,1,6
202400043795,2024-02-21 18:20:00,2024,2,21,18,20,92,92025,BOURNARD (RUE DU),48.92288923,2.25568128,Nuit avec éclairage allumé,En agglomération,Hors intersection,Pluie légère,Autre collision,3,2,3,3,1,1,2,9,1,30,1,2,1,0,0,1,33.0,,voiture,,5,2,1,2,6
202400043796,2024-07-16 15:40:00,2024,7,16,15,40,75,75113,BD PERIPHERIQUE INTERIEUR,48.816114,2.362523,Plein jour,En agglomération,Hors intersection,Normale,Trois véhicules et plus - en chaîne,4,1,4,0,1,1,1,0,1,70,3,3,2,0,0,1,57.0,34.0,voiture,voiture,1,2,1,1,4
202400043797,2024-02-23 00:50:00,2024,2,23,0,50,39,39481,,46.779844,5.929978,Nuit sans éclairage public,Hors agglomération,Hors intersection,Normale,Autre collision,3,2,2,0,1,3,2,0,3,80,1,1,0,1,0,0,52.0,,voiture,,3,1,1,1,6
202400043798,2024-08-20 08:35:00,2024,8,20,8,35,86,86194,Boulevard des Rocs,46.5924,0.33444,Plein jour,En agglomération,Intersection en T,Normale,Deux véhicules - arrière,4,-1,2,0,1,1,1,0,1,50,2,2,1,0,0,1,54.0,20.0,utilitaire_camion,deux_roues,1,2,3,1,2
202400043798,2024-08-20 08:35:00,2024,8,20,8,35,86,86194,Boulevard des Rocs,46.5924,0.33444,Plein jour,En agglomération,Intersection en T,Normale,Deux véhicules - arrière,4,2,2,0,1,1,1,9,1,50,2,2,1,0,0,1,54.0,20.0,utilitaire_camion,deux_roues,1,2,3,1,2
202400043799,2024-06-12 17:20:00,2024,6,12,17,20,64,64445,OLOF PALME,43.33136,-0.35822,Plein jour,En agglomération,Intersection en T,Pluie légère,Sans collision,3,2,2,0,1,1,2,0,1,50,2,2,1,0,0,1,20.0,59.0,deux_roues,voiture,1,2,3,2,7
202400043799,2024-06-12 17:20:00,2024,6,12,17,20,64,64445,OLOF PALME,43.33136,-0.35822,Plein jour,En agglomération,Intersection en T,Pluie légère,Sans collision,3,2,2,0,1,1,2,0,1,50,2,2,1,0,0,1,20.0,59.0,deux_roues,voiture,1,2,3,2,7
202400043800,2024-06-14 11:18:00,2024,6,14,11,18,64,64122,LAHOUZE (AVENUE),43.48043,-1.54552,Plein jour,En agglomération,Hors intersection,Normale,Sans collision,4,2,2,0,2,1,9,0,1,30,1,1,0,0,1,0,62.0,,deux_roues,,1,2,1,1,7
202400043801,2024-08-22 10:00:00,2024,8,22,10,0,86,86194,Rue du Faubourg Saint Cyprien,46.56864,0.343588,Plein jour,Hors agglomération,Hors intersection,Normale,Autre collision,4,3,3,0,1,3,1,0,1,30,1,2,1,1,0,0,91.0,,voiture,,1,1,1,1,6
202400043802,2024-07-16 13:30:00,2024,7,16,13,30,75,75116,BD PERIPHERIQUE INTERIEUR ,48.861934,2.2646,Plein jour,En agglomération,Hors intersection,Normale,Trois véhicules et plus - en chaîne,4,1,4,0,1,1,1,1,1,70,3,3,2,0,0,1,55.0,38.0,voiture,voiture,1,2,1,1,4
202400043803,2024-02-15 20:10:00,2024,2,15,20,10,56,56139,La Ville Briend,47.884359,-2.415804,Nuit sans éclairage public,Hors agglomération,Hors intersection,Normale,Deux véhicules - arrière,2,3,4,0,1,1,1,0,1,110,2,4,3,0,0,1,40.0,45.0,voiture,voiture,3,1,1,1,2
202400043804,2024-06-14 19:14:00,2024,6,14,19,14,64,64024,SAINT PEE (ROUTE DE),43.45711,-1.50358,Plein jour,En agglomération,Hors intersection,Pluie légère,Deux véhicules - arrière,4,2,2,0,1,1,2,0,1,50,2,2,1,0,0,1,21.0,45.0,voiture,voiture,1,2,1,2,2
202400043805,2024-02-22 15:40:00,2024,2,22,15,40,86,86162,D22,46.936838,0.493063,Plein jour,Hors agglomération,Hors intersection,Pluie forte,Autre collision,3,2,2,0,2,1,3,0,3,80,1,2,1,0,1,0,37.0,,voiture,,1,1,1,3,6
202400043806,2024-08-22 15:30:00,2024,8,22,15,30,30,30351,VERDUN (AVENUE DE),43.96799,4.79894,Plein jour,En agglomération,Intersection en X,Normale,Deux véhicules - côté,3,2,2,0,1,1,1,0,1,20,2,3,2,0,0,1,,17.0,voiture,deux_roues,1,2,2,1,3
202400043806,2024-08-22 15:30:00,2024,8,22,15,30,30,30351,VERDUN (AVENUE DE),43.96799,4.79894,Plein jour,En agglomération,Intersection en X,Normale,Deux véhicules - côté,3,2,2,0,1,1,1,5,1,50,2,3,2,0,0,1,,17.0,voiture,deux_roues,1,2,2,1,3
202400043807,2024-07-16 11:30:00,2024,7,16,11,30,75,75115,BD PERIPHERIQUE INTERIEUR,48.8351111,2.268165,Plein jour,En agglomération,Hors intersection,Normale,Trois véhicules et plus - en chaîne,4,1,4,0,1,1,1,0,1,70,3,3,2,0,0,1,47.0,23.0,utilitaire_camion,voiture,1,2,1,1,4
202400043808,2024-06-14 07:00:00,2024,6,14,7,0,64,64024,BAB (BOULEVARD DU),43.49636,-1.51085,Crépuscule ou aube,En agglomération,Hors intersection,Normale,Trois véhicules et plus - en chaîne,4,3,4,0,1,1,1,9,1,50,3,3,2,0,0,1,41.0,42.0,voiture,voiture,2,2,1,1,4
202400043809,2024-02-23 05:20:00,2024,2,23,5,20,06,06149,M2204b,43.745661,7.314888,Nuit avec éclairage allumé,Hors agglomération,Hors intersection,Pluie légère,Autre collision,7,1,2,0,1,2,2,2,8,50,1,3,0,0,1,2,23.0,,voiture,,5,1,1,2,6
202400043810,2024-07-15 20:30:00,2024,7,15,20,30,75,75118,PORTE DE CLIGNANCOURT,48.900787,2.338559,Plein jour,En agglomération,Hors intersection,Normale,Deux véhicules - arrière,4,1,4,0,1,1,1,0,1,70,2,2,1,0,0,1,23.0,65.0,voiture,deux_roues,1,2,1,1,2
202400043811,2024-08-22 11:15:00,2024,8,22,11,15,78,78440,19 MARS 1962 (RUE DU),48.982035,1.908859,Plein jour,En agglomération,Intersection en T,Normale,Deux véhicules - côté,4,2,1,2,1,1,1,0,5,30,2,3,1,0,0,2,11.0,56.0,deux_roues,voiture,1,2,3,1,3
202400043811,2024-08-22 11:15:00,2024,8,22,11,15,78,78440,19 MARS 1962 (RUE DU),48.982035,1.908859,Plein jour,En agglomération,Intersection en T,Normale,Deux véhicules - côté,4,2, -1,-1,1,1,1,0,1,-1,2,3,1,0,0,2,11.0,56.0,deux_roues,voiture,1,2,3,1,3
202400043812,2024-06-14 15:50:00,2024,6,14,15,50,63,63300,ZOLA EMILE (AVENUE),45.88194,3.10972,Plein jour,En agglomération,Hors intersection,Normale,Autre collision,6,1,1,0,1,1,1,9,1,10,1,2,1,0,0,1,46.0,,voiture,,1,2,1,1,6
202400043813,2024-02-22 18:30:00,2024,2,22,18,30,974,97414,RN 1,-21.291874,55.411284,Crépuscule ou aube,Hors agglomération,Hors intersection,Pluie légère,Deux véhicules - côté,2,3,2,0,1,2,2,0,1,110,2,2,1,0,0,1,56.0,31.0,voiture,voiture,2,1,1,2,3
202400043814,2024-02-21 11:20:00,2024,2,21,11,20,58,58102,Route départementale 2,47.377294,3.113488,Plein jour,Hors agglomération,Hors intersection,Normale,Autre collision,3,2,2,0,1,2,1,0,1,80,1,2,1,0,1,0,68.0,,voiture,,1,1,1,1,6
202400043815,2024-08-22 20:17:00,2024,8,22,20,17,78,78423,CENTRE (AVENUE DU),48.78471,2.04499,Plein jour,En agglomération,Intersection en X,Normale,Deux véhicules - côté,4,3,4,0,1,1,1,0,1,500,2,2,1,0,0,1,39.0,24.0,voiture,deux_roues,1,2,2,1,3
202400043815,2024-08-22 20:17:00,2024,8,22,20,17,78,78423,CENTRE (AVENUE DU),48.78471,2.04499,Plein jour,En agglomération,Intersection en X,Normale,Deux véhicules - côté,4,2,4,0,1,1,1,0,1,50,2,2,1,0,0,1,39.0,24.0,voiture,deux_roues,1,2,2,1,3
202400043816,2024-06-14 14:38:00,2024,6,14,14,38,63,63113,RECLUS (AVENUE ELISEE),45.78233,3.14528,Plein jour,En agglomération,Hors intersection,Normale,Deux véhicules - côté,7,2,3,0,1,1,1,0,1,50,2,2,1,0,0,1,23.0,76.0,deux_roues,voiture,1,2,1,1,3
202400043817,2024-07-15 18:05:00,2024,7,15,18,5,75,75112,PORTE DE CHARENTON,48.841353,2.413788,Plein jour,En agglomération,Hors intersection,Normale,Trois véhicules et plus - collisions multiples,4,1,4,0,1,1,1,1,1,70,3,3,2,0,0,1,44.0,41.0,voiture,deux_roues,1,2,1,1,5
202400043818,2024-01-17 12:40:00,2024,1,17,12,40,83,83116,Chemin de l?Auvière,43.466789,5.883613,Plein jour,En agglomération,Intersection en T,Normale,Deux véhicules - côté,4,2,2,0,2,1,1,0,1,50,2,2,1,0,0,1,40.0,24.0,voiture,utilitaire_camion,1,2,3,1,3
202400043818,2024-01-17 12:40:00,2024,1,17,12,40,83,83116,Chemin de l?Auvière,43.466789,5.883613,Plein jour,En agglomération,Intersection en T,Normale,Deux véhicules - côté,4,2, -1,-1,1,1,1,0,1,-1,2,2,1,0,0,1,40.0,24.0,voiture,utilitaire_camion,1,2,3,1,3
202400043819,2024-06-06 17:25:00,2024,6,6,17,25,62,62133,Rue Roger Salengro,50.42108,2.91853,Plein jour,En agglomération,Intersection en X,Normale,Deux véhicules - frontale,4,1,1,0,1,1,1,0,1,50,2,2,1,0,0,1,20.0,48.0,deux_roues,voiture,1,2,2,1,1
202400043819,2024-06-06 17:25:00,2024,6,6,17,25,62,62133,Rue Roger Salengro,50.42108,2.91853,Plein jour,En agglomération,Intersection en X,Normale,Deux véhicules - frontale,4,1,1,0,1,1,1,0,1,50,2,2,1,0,0,1,20.0,48.0,deux_roues,voiture,1,2,2,1,1
202400043820,2024-07-16 01:47:00,2024,7,16,1,47,75,75106,QUAI DE CONTI,48.856437,2.339883,Nuit avec éclairage allumé,En agglomération,Intersection en T,Normale,Deux véhicules - arrière,4,1,2,1,1,1,1,8,1,30,2,2,1,0,0,1,49.0,34.0,voiture,deux_roues,5,2,3,1,2
202400043820,2024-07-16 01:47:00,2024,7,16,1,47,75,75106,QUAI DE CONTI,48.856437,2.339883,Nuit avec éclairage allumé,En agglomération,Intersection en T,Normale,Deux véhicules - arrière,4,1,1,0,1,1,1,0,8,30,2,2,1,0,0,1,49.0,34.0,voiture,deux_roues,5,2,3,1,2
202400043821,2024-02-23 10:00:00,2024,2,23,10,0,62,62853,Rue du Centre,50.673312,1.912254,Plein jour,En agglomération,Hors intersection,Pluie forte,Sans collision,4,2,2,0,2,1,2,0,3,50,1,1,0,0,1,0,48.0,,deux_roues,,1,2,1,3,7
202400043822,2024-06-13 10:20:00,2024,6,13,10,20,62,62498,Rue de la Paix,50.42931,2.82925,Plein jour,En agglomération,Intersection en T,Normale,Autre collision,4,2,2,0,1,1,1,0,1,-1,1,2,1,0,1,0,23.0,,utilitaire_camion,,1,2,3,1,6
202400043822,2024-06-13 10:20:00,2024,6,13,10,20,62,62498,Rue de la Paix,50.42931,2.82925,Plein jour,En agglomération,Intersection en T,Normale,Autre collision,4,-1,0,0,1,1,1,0,1,30,1,2,1,0,1,0,23.0,,utilitaire_camion,,1,2,3,1,6
202400043823,2024-08-22 14:10:00,2024,8,22,14,10,78,78005,RN 184,48.978775,2.087446,Plein jour,Hors agglomération,Autre intersection,Normale,Deux véhicules - côté,2,1,2,0,1,1,1,9,1,90,2,2,1,0,0,1,75.0,32.0,deux_roues,voiture,1,1,9,1,3
202400043824,2024-02-23 08:40:00,2024,2,23,8,40,56,56034,Rue du Ménec,47.5900645,-3.0849284,Plein jour,En agglomération,Intersection en T,Pluie légère,Deux véhicules - côté,4,2,2,0,1,1,2,0,1,30,2,2,1,0,1,0,73.0,37.0,deux_roues,voiture,1,2,3,2,3
202400043824,2024-02-23 08:40:00,2024,2,23,8,40,56,56034,Rue du Ménec,47.5900645,-3.0849284,Plein jour,En agglomération,Intersection en T,Pluie légère,Deux véhicules - côté,4,2,2,-1,1,1,2,0,1,-1,2,2,1,0,1,0,73.0,37.0,deux_roues,voiture,1,2,3,2,3
202400043825,2024-07-15 20:55:00,2024,7,15,20,55,75,75120,RUE PELLEPORT,48.864666,2.404151,Plein jour,En agglomération,Intersection en X,Normale,Autre collision,4,2,2,2,1,3,1,0,1,30,1,2,1,0,0,1,24.0,,voiture,,1,2,2,1,6
202400043825,2024-07-15 20:55:00,2024,7,15,20,55,75,75120,RUE PELLEPORT,48.864666,2.404151,Plein jour,En agglomération,Intersection en X,Normale,Autre collision,4,2,2,1,1,1,1,0,1,30,1,2,1,0,0,1,24.0,,voiture,,1,2,2,1,6
202400043826,2024-02-21 10:50:00,2024,2,21,10,50,76,76605,D75,49.907751,0.959791,Plein jour,En agglomération,Hors intersection,Pluie légère,Autre collision,3,2,2,0,2,2,2,0,1,50,1,1,0,0,1,0,20.0,,voiture,,1,2,1,2,6
202400043827,2024-07-16 12:05:00,2024,7,16,12,5,75,75119,AVENUE SIMON BOLIVAR,48.874981,2.382623,Plein jour,En agglomération,Intersection en T,Normale,Autre collision,4,2,3,1,1,1,1,0,1,30,1,2,1,0,1,0,91.0,,voiture,,1,2,3,1,6
202400043827,2024-07-16 12:05:00,2024,7,16,12,5,75,75119,AVENUE SIMON BOLIVAR,48.874981,2.382623,Plein jour,En agglomération,Intersection en T,Normale,Autre collision,4,1, -1,-1,1,1,1,0,1,30,1,2,1,0,1,0,91.0,,voiture,,1,2,3,1,6
202400043828,2024-08-21 10:10:00,2024,8,21,10,10,77,77053,RUE DE L'INDUSTRIE,48.69851918,2.61216374,Plein jour,En agglomération,Hors intersection,Normale,Deux véhicules - arrière,4,2,2,0,1,1,1,0,1,50,2,2,1,0,1,0,55.0,25.0,deux_roues,utilitaire_camion,1,2,1,1,2
202400043829,2024-02-22 12:10:00,2024,2,22,12,10,79,79253,,46.508295,-0.23876,Plein jour,Hors agglomération,Hors intersection,Pluie forte,Sans collision,4,2,2,0,1,1,2,2,8,50,1,1,0,1,0,0,52.0,,voiture,,1,1,1,3,7
202400043830,2024-06-14 00:35:00,2024,6,14,0,35,60,60382,Rue Louis Barthou,49.42673,2.81701,Nuit sans éclairage public,En agglomération,Intersection en X,Pluie légère,Deux véhicules - côté,4,2,2,0,1,1,2,5,1,50,2,2,1,0,0,1,53.0,,voiture,voiture,3,2,2,2,3
202400043830,2024-06-14 00:35:00,2024,6,14,0,35,60,60382,Rue Louis Barthou,49.42673,2.81701,Nuit sans éclairage public,En agglomération,Intersection en X,Pluie légère,Deux véhicules - côté,4,2,2,0,1,1,2,5,1,50,2,2,1,0,0,1,53.0,,voiture,voiture,3,2,2,2,3
202400043831,2024-08-22 19:10:00,2024,8,22,19,10,77,77111,RUE PASTEUR,48.88252,2.76588,Plein jour,En agglomération,Hors intersection,Normale,Sans collision,4,-1,2,0,2,1,1,0,1,50,1,1,0,0,1,0,12.0,,deux_roues,,1,2,1,1,7
202400043832,2024-07-15 18:00:00,2024,7,15,18,0,75,75119,BOULEVARD SERURIER,48.89278536,2.3949793,Plein jour,En agglomération,Intersection en Y,Normale,Autre collision,4,1,1,0,1,2,1,1,1,50,1,1,0,0,0,1,27.0,,deux_roues,,1,2,4,1,6
202400043832,2024-07-15 18:00:00,2024,7,15,18,0,75,75119,BOULEVARD SERURIER,48.89278536,2.3949793,Plein jour,En agglomération,Intersection en Y,Normale,Autre collision,4,1, -1,-1,1,1,1,0,1,-1,1,1,0,0,0,1,27.0,,deux_roues,,1,2,4,1,6
202400043833,2024-02-22 14:05:00,2024,2,22,14,5,79,79195,,46.952386,-0.590848,Plein jour,En agglomération,Intersection en T,Pluie légère,Deux véhicules - côté,3,2,2,0,2,1,2,0,1,50,2,2,1,0,0,1,24.0,63.0,voiture,voiture,1,2,3,2,3
202400043833,2024-02-22 14:05:00,2024,2,22,14,5,79,79195,,46.952386,-0.590848,Plein jour,En agglomération,Intersection en T,Pluie légère,Deux véhicules - côté,3,2, -1,-1,1,1,2,0,1,50,2,2,1,0,0,1,24.0,63.0,voiture,voiture,1,2,3,2,3
202400043834,2024-06-13 07:45:00,2024,6,13,7,45,60,60159,Rue Lavoisier,49.39711,2.79551,Plein jour,En agglomération,Hors intersection,Normale,Autre collision,4,2,2,0,1,1,1,0,1,50,1,2,1,0,0,1,,,voiture,,1,2,1,1,6
202400043835,2024-02-23 12:55:00,2024,2,23,12,55,79,79298,,46.27958,-0.522065,Plein jour,Hors agglomération,Hors intersection,Pluie légère,Sans collision,3,2,2,0,1,1,2,0,1,80,1,2,1,0,1,0,43.0,,voiture,,1,1,1,2,7
202400043836,2024-07-16 08:45:00,2024,7,16,8,45,75,75117,Place Paul Léautaud,48.887071,2.297919,Plein jour,En agglomération,Place,Normale,Autre collision,4,1,1,0,1,1,1,0,1,30,1,2,1,0,0,1,,,deux_roues,,1,2,7,1,6
202400043837,2024-08-22 18:30:00,2024,8,22,18,30,77,77449,RD 231,48.83,2.80188,Plein jour,En agglomération,Hors intersection,Normale,Deux véhicules - frontale,3,3,2,0,1,1,1,0,1,70,2,2,1,0,0,1,60.0,22.0,voiture,voiture,1,2,1,1,1
202400043838,2024-06-14 15:50:00,2024,6,14,15,50,59,59599,Chaussée Denis Papin,50.72965,3.13871,Plein jour,En agglomération,Hors intersection,Pluie légère,Deux véhicules - côté,7,3,4,2,1,1,2,0,1,50,2,2,1,0,0,1,75.0,24.0,voiture,voiture,1,2,1,2,3
202400043839,2024-02-21 19:10:00,2024,2,21,19,10,31,31056,M924,43.671868,1.359344,Nuit sans éclairage public,Hors agglomération,Hors intersection,Pluie légère,Autre collision,7,3,4,0,1,3,2,0,8,70,1,1,0,1,0,0,41.0,,deux_roues,,3,1,1,2,6
202400043840,2024-08-21 14:25:00,2024,8,21,14,25,76,76351,STRASBOURG (BD),49.493055,0.113009,Plein jour,En agglomération,Hors intersection,Normale,Autre collision,4,1,1,3,1,1,1,4,6,50,1,2,1,0,0,1,60.0,,transport_commun,,1,2,1,1,6
202400043841,2024-07-16 12:30:00,2024,7,16,12,30,75,75115,QUAI D ISSY LES MOULINEAUX,48.836633,2.267662,Plein jour,En agglomération,Hors intersection,Normale,Deux véhicules - côté,4,2,3,1,2,1,1,0,1,50,2,2,1,0,0,1,31.0,49.0,deux_roues,voiture,1,2,1,1,3
202400043842,2024-06-14 16:10:00,2024,6,14,16,10,59,59512,Boulevard de Metz,50.70222,3.18301,Plein jour,En agglomération,Hors intersection,Pluie légère,Deux véhicules - arrière,7,1,2,0,2,1,2,0,1,50,2,2,1,0,0,1,39.0,50.0,deux_roues,voiture,1,2,1,2,2
202400043843,2024-02-02 20:35:00,2024,2,2,20,35,47,47283,Avenue Gay -lussac,44.474442,0.941922,Nuit sans éclairage public,En agglomération,Intersection en T,Normale,Deux véhicules - côté,3,2,2,0,1,1,1,0,1,50,2,2,1,0,0,1,26.0,35.0,voiture,voiture,3,2,3,1,3
202400043843,2024-02-02 20:35:00,2024,2,2,20,35,47,47283,Avenue Gay -lussac,44.474442,0.941922,Nuit sans éclairage public,En agglomération,Intersection en T,Normale,Deux véhicules - côté,3,2,2,-1,2,1,1,5,1,50,2,2,1,0,0,1,26.0,35.0,voiture,voiture,3,2,3,1,3
202400043844,2024-07-16 10:50:00,2024,7,16,10,50,75,75114,Place Victor et Hélène Basch,48.827929,2.327123,Plein jour,En agglomération,Place,Pluie légère,Autre collision,4,2,3,3,1,1,2,0,1,30,2,3,2,0,0,1,49.0,57.0,voiture,deux_roues,1,2,7,2,6
202400043845,2024-08-21 13:30:00,2024,8,21,13,30,72,72003,GAULLE CHARLES DE (AV),47.97196,0.15912,Plein jour,En agglomération,Hors intersection,Normale,Deux véhicules - arrière,4,2,2,0,1,1,1,0,1,30,2,5,1,0,0,4,46.0,48.0,voiture,voiture,1,2,1,1,2
202400043846,2024-06-14 09:30:00,2024,6,14,9,30,59,59560,AVELIN ROUTE D,50.54444,3.06091,Plein jour,Hors agglomération,Hors intersection,Pluie légère,Deux véhicules - frontale,4,2,2,0,1,2,2,0,1,50,2,2,0,0,0,2,50.0,24.0,utilitaire_camion,voiture,1,1,1,2,1
202400043847,2024-02-21 22:44:00,2024,2,21,22,44,01,01072,Avenue du Revermont,46.180679,5.316643,Nuit avec éclairage allumé,En agglomération,Hors intersection,Temps couvert,Trois véhicules et plus - collisions multiples,3,2,2,0,1,1,2,8,1,50,3,4,3,0,0,1,29.0,35.0,voiture,utilitaire_camion,5,2,1,8,5
202400043848,2024-06-13 13:40:00,2024,6,13,13,40,57,57306,TOURNEUR (RUE) ,49.3286,6.06422,Plein jour,En agglomération,Hors intersection,Normale,Autre collision,3,2,2,0,1,1,1,0,1,50,1,2,1,0,1,0,64.0,,voiture,,1,2,1,1,6
202400043849,2024-08-22 09:00:00,2024,8,22,9,0,67,67482,BALDNER (RUE),48.56893,7.76237,Plein jour,En agglomération,Hors intersection,Normale,Deux véhicules - frontale,4,1,2,1,1,2,1,0,1,30,2,2,1,0,0,1,34.0,48.0,voiture,deux_roues,1,2,1,1,1
202400043850,2024-07-16 14:10:00,2024,7,16,14,10,75,75102,BOULEVARD DES CAPUCINES,48.870275,2.330019,Plein jour,En agglomération,Intersection en X,Normale,Autre collision,4,2,4,3,1,1,1,0,1,30,1,1,0,0,0,1,29.0,,voiture,,1,2,2,1,6