accident_id,datetime,annee,mois,jour,heure,minute,departement,commune_insee,adresse,latitude,longitude,luminosite,agglomeration,intersection,meteo,collision,catr,circ,nbv,vosp,prof,plan,surf,infra,situ,vma,nb_vehicules,nb_usagers,nb_indemnes,nb_tues,nb_blesses_hosp,nb_blesses_legers,age_cond_1,age_cond_2,veh_type_cond_1,veh_type_cond_2,lum_code,agg_code,int_code,atm_code,col_code
202400043850,2024-07-16 14:10:00,2024,7,16,14,10,75,75102,BOULEVARD DES CAPUCINES,48.870275,2.330019,Plein jour,En agglomération,Intersection en X,Normale,Autre collision,4,2, -1,-1,1,1,1,0,1,30,1,1,0,0,0,1,29.0,,voiture,,1,2,2,1,6
202400043851,2024-02-23 15:35:00,2024,2,23,15,35,58,58095,allée marcel merle,46.831539,3.460736,Plein jour,En agglomération,Hors intersection,Normale,Deux véhicules - côté,4,2,2,0,1,1,1,0,1,30,2,2,1,0,0,1,64.0,18.0,voiture,deux_roues,1,2,1,1,3
202400043852,2024-06-14 11:48:00,2024,6,14,11,48,56,56260,Boulevard du Général de Monsabert,47.666182,-2.770932,Plein jour,En agglomération,Giratoire,Pluie légère,Deux véhicules - côté,4,2,3,1,2,1,2,0,1,50,2,2,1,0,0,1,62.0,58.0,deux_roues,voiture,1,2,6,2,3
202400043853,2024-08-21 21:25:00,2024,8,21,21,25,64,64348,PERLIC DU,43.32986,-0.39207,Nuit avec éclairage allumé,En agglomération,Hors intersection,Normale,Deux véhicules - frontale,4,1,2,1,1,2,1,0,1,50,2,2,1,0,0,1,15.0,57.0,deux_roues,voiture,5,2,1,1,1
202400043854,2024-07-15 15:41:00,2024,7,15,15,41,75,75108,BOULEVARD HAUSSMANN,48.873791,2.327007,Plein jour,En agglomération,Intersection en X,Normale,Deux véhicules - côté,4,1,3,3,1,1,1,0,1,30,2,2,0,0,0,2,22.0,46.0,deux_roues,deux_roues,1,2,2,1,3
202400043854,2024-07-15 15:41:00,2024,7,15,15,41,75,75108,BOULEVARD HAUSSMANN,48.873791,2.327007,Plein jour,En agglomération,Intersection en X,Normale,Deux véhicules - côté,4,1,2,3,1,1,1,0,1,30,2,2,0,0,0,2,22.0,46.0,deux_roues,deux_roues,1,2,2,1,3
202400043855,2024-06-14 10:50:00,2024,6,14,10,50,54,54395,Rue de l'Armée Patton,48.69218022,6.1685459,Plein jour,En agglomération,Hors intersection,Normale,Autre collision,4,1,2,2,1,1,1,-1,1,50,1,2,1,0,0,1,,,autre,,1,2,1,1,6
202400043856,2024-08-22 07:45:00,2024,8,22,7,45,64,64122,BAB(BOULEVARD),43.48179,-1.54055,Plein jour,En agglomération,Hors intersection,Normale,Deux véhicules - arrière,4,2,4,0,1,1,1,0,1,50,2,2,1,0,0,1,40.0,48.0,deux_roues,utilitaire_camion,1,2,1,1,2
202400043857,2024-07-15 15:53:00,2024,7,15,15,53,75,75108,PONT DE L ALMA,48.864116,2.301578,Plein jour,En agglomération,Intersection en X,Normale,Sans collision,4,2, -1,-1,1,1,1,-1,6,-1,1,1,0,0,0,1,34.0,,deux_roues,,1,2,2,1,7
202400043857,2024-07-15 15:53:00,2024,7,15,15,53,75,75108,PONT DE L ALMA,48.864116,2.301578,Plein jour,En agglomération,Intersection en X,Normale,Sans collision,4,2,6,3,1,1,1,2,6,30,1,1,0,0,0,1,34.0,,deux_roues,,1,2,2,1,7
202400043858,2024-06-13 12:20:00,2024,6,13,12,20,54,54395,Boulevard Lobau,48.68683949,6.19522288,Plein jour,En agglomération,Intersection en X,Normale,Autre collision,4,1,2,2,1,1,1,-1,1,30,1,2,1,0,0,1,36.0,,voiture,,1,2,2,1,6
202400043858,2024-06-13 12:20:00,2024,6,13,12,20,54,54395,Boulevard Lobau,48.68683949,6.19522288,Plein jour,En agglomération,Intersection en X,Normale,Autre collision,4,2,4,0,1,1,1,2,1,50,1,2,1,0,0,1,36.0,,voiture,,1,2,2,1,6
202400043859,2024-06-15 00:30:00,2024,6,15,0,30,51,51454,LUNDY (BOULEVARD),49.2614,4.03052,Nuit avec éclairage allumé,En agglomération,Hors intersection,Pluie légère,Sans collision,4,2,2,0,2,3,2,0,1,50,1,1,0,0,0,1,19.0,,deux_roues,,5,2,1,2,7
202400043860,2024-08-20 19:55:00,2024,8,20,19,55,64,64102,,43.48352,-1.50174,Plein jour,En agglomération,Hors intersection,Normale,Deux véhicules - arrière,3,1,2,3,2,1,1,0,6,50,2,4,2,0,0,2,48.0,33.0,voiture,transport_commun,1,2,1,1,2
202400043861,2024-07-16 13:00:00,2024,7,16,13,0,75,75107,AVENUE DE VILLARS,48.851757,2.313869,Plein jour,En agglomération,Intersection en X,Normale,Deux véhicules - frontale,4,2,2,0,1,1,1,0,1,30,2,2,1,0,0,1,24.0,42.0,deux_roues,voiture,1,2,2,1,1
202400043861,2024-07-16 13:00:00,2024,7,16,13,0,75,75107,AVENUE DE VILLARS,48.851757,2.313869,Plein jour,En agglomération,Intersection en X,Normale,Deux véhicules - frontale,4,1, -1,-1,1,1,1,0,1,30,2,2,1,0,0,1,24.0,42.0,deux_roues,voiture,1,2,2,1,1
202400043862,2024-06-14 13:15:00,2024,6,14,13,15,51,51454,WITRY (ROUTE DE),49.26754,4.06665,Plein jour,En agglomération,Hors intersection,Normale,Sans collision,4,2,4,0,1,1,1,0,1,50,1,1,0,0,0,1,15.0,,deux_roues,,1,2,1,1,7
202400043863,2024-07-16 14:05:00,2024,7,16,14,5,94,94081,Avenue Rouget de Lisle,48.77871,2.39545,Plein jour,En agglomération,Autre intersection,Temps éblouissant,Autre collision,3,1,0,1,1,1,1,6,4,50,1,2,1,0,0,1,22.0,,voiture,,1,2,9,7,6
202400043864,2024-08-17 16:15:00,2024,8,17,16,15,62,62215,D919,50.47228851,2.94085076,Plein jour,En agglomération,Hors intersection,Normale,Deux véhicules - arrière,3,2,2,0,1,1,1,0,1,50,2,2,1,0,0,1,34.0,20.0,voiture,voiture,1,2,1,1,2
202400043865,2024-06-14 13:00:00,2024,6,14,13,0,51,51454,JOLIOT-CURIE (RUE),49.23113,4.00364,Plein jour,En agglomération,Hors intersection,Normale,Autre collision,4,2,2,0,1,1,1,0,1,30,1,2,1,0,0,1,27.0,,voiture,,1,2,1,1,6
202400043866,2024-08-21 09:10:00,2024,8,21,9,10,59,59360,PAINLEVE PAUL RUE,50.60416,3.01223,Plein jour,En agglomération,Hors intersection,Temps éblouissant,Autre collision,4,2,2,0,1,1,1,0,3,30,1,2,0,0,0,2,30.0,,voiture,,1,2,1,7,6
202400043867,2024-07-15 22:20:00,2024,7,15,22,20,94,94067,Avenue de Paris,48.84614,2.42116,Nuit avec éclairage allumé,En agglomération,Hors intersection,Normale,Deux véhicules - côté,3,2,4,1,1,1,1,0,5,50,2,2,1,0,0,1,29.0,19.0,deux_roues,voiture,5,2,1,1,3
202400043868,2024-06-14 09:15:00,2024,6,14,9,15,51,51454,LAMBERT (BOULEVARD VICTOR),49.24213,4.04525,Plein jour,En agglomération,Hors intersection,Normale,Deux véhicules - arrière,4,2,3,0,1,1,1,0,1,30,2,2,1,0,0,1,38.0,44.0,voiture,voiture,1,2,1,1,2
202400043869,2024-08-20 23:10:00,2024,8,20,23,10,57,57672,ALLIES (PONT DES),49.3567584,6.16905928,Nuit avec éclairage allumé,En agglomération,Hors intersection,Pluie forte,Deux véhicules - frontale,4,3,3,0,2,1,2,0,1,50,2,2,1,0,0,1,28.0,18.0,voiture,voiture,5,2,1,3,1
202400043870,2024-07-15 14:38:00,2024,7,15,14,38,94,94068,Avenue Foch,48.804697,2.48567,Plein jour,En agglomération,Place,Normale,Deux véhicules - côté,3,-1,4,0,1,1,1,0,1,30,2,2,1,0,0,1,63.0,57.0,deux_roues,voiture,1,2,7,1,3
202400043870,2024-07-15 14:38:00,2024,7,15,14,38,94,94068,Avenue Foch,48.804697,2.48567,Plein jour,En agglomération,Place,Normale,Deux véhicules - côté,3,1,1,-1,1,1,1,5,1,-1,2,2,1,0,0,1,63.0,57.0,deux_roues,voiture,1,2,7,1,3
202400043871,2024-06-14 08:45:00,2024,6,14,8,45,51,51108,SAINTE MENEHOULD (AVE DE),48.963107,4.376989,Plein jour,En agglomération,Hors intersection,Normale,Deux véhicules - frontale,4,2,2,0,1,1,2,0,1,50,2,2,0,0,0,2,36.0,28.0,voiture,voiture,1,2,1,1,1
202400043872,2024-08-22 13:00:00,2024,8,22,13,0,57,57227,MARIENAU(RUE DE),49.1803,6.8811,Plein jour,En agglomération,Autre intersection,Normale,Deux véhicules - arrière,4,1,3,0,1,3,1,0,1,50,2,4,1,0,0,3,58.0,61.0,utilitaire_camion,transport_commun,1,2,9,1,2
202400043873,2024-06-14 13:30:00,2024,6,14,13,30,49,49007,PARMENTIER,47.452,-0.51224,Plein jour,En agglomération,Hors intersection,Normale,Autre collision,4,2,2,0,1,1,1,0,1,50,1,3,2,0,0,1,43.0,,voiture,,1,2,1,1,6
202400043874,2024-06-14 10:20:00,2024,6,14,10,20,49,49007,BEDIER BOULEVARD,47.45213,-0.54302,Plein jour,En agglomération,Hors intersection,Normale,Deux véhicules - côté,4,3,4,0,1,1,1,0,1,50,2,2,1,0,1,0,16.0,70.0,deux_roues,utilitaire_camion,1,2,1,1,3
202400043875,2024-08-21 17:09:00,2024,8,21,17,9,50,50129,ABBAYE (RUE DE L'),49.64622,-1.64135,Plein jour,En agglomération,Hors intersection,Normale,Deux véhicules - arrière,3,3,0,1,3,1,1,1,1,45,2,4,2,0,0,2,30.0,40.0,voiture,voiture,1,2,1,1,2
202400043876,2024-07-14 13:05:00,2024,7,14,13,5,94,94068,Avenue du Bac,48.79478,2.51067,Plein jour,En agglomération,Hors intersection,Normale,Trois véhicules et plus - en chaîne,3,2,2,0,1,1,1,0,1,30,4,10,7,0,0,3,75.0,75.0,voiture,voiture,1,2,1,1,4
202400043877,2024-08-21 09:30:00,2024,8,21,9,30,50,50129,EST (BOULEVARD DE L'),49.63614,-1.5939,Plein jour,En agglomération,Hors intersection,Normale,Autre collision,3,3,4,0,1,1,1,0,1,50,1,2,1,0,0,1,27.0,,utilitaire_camion,,1,2,1,1,6
202400043878,2024-06-13 20:00:00,2024,6,13,20,0,49,49007,BEDIER BOULEVARD,47.45185,-0.54485,Plein jour,En agglomération,Hors intersection,Normale,Deux véhicules - côté,4,3,4,0,1,1,1,0,1,50,2,2,1,0,0,1,29.0,22.0,voiture,deux_roues,1,2,1,1,3
202400043879,2024-08-21 17:05:00,2024,8,21,17,5,49,49328,POMPIDOU (AVENUE GEORGES),47.264895,-0.099106,Plein jour,En agglomération,Hors intersection,Normale,Autre collision,4,2,2,0,1,1,1,0,1,50,1,2,1,0,0,1,38.0,,voiture,,1,2,1,1,6
202400043880,2024-07-16 18:30:00,2024,7,16,18,30,94,94052,Boulevard de Strasbourg,48.83663,2.47596,Plein jour,En agglomération,Hors intersection,Temps couvert,Trois véhicules et plus - collisions multiples,3,2,2,0,1,1,1,0,1,50,3,3,2,0,0,1,64.0,50.0,voiture,deux_roues,1,2,1,8,5
202400043881,2024-06-14 09:05:00,2024,6,14,9,5,45,45338,D961 PR 0 + 3311,47.98918,2.6961,Plein jour,En agglomération,Hors intersection,Temps couvert,Deux véhicules - frontale,3,2,2,0,2,2,1,0,1,50,2,3,2,0,0,1,43.0,27.0,voiture,voiture,1,2,1,8,1
202400043882,2024-08-22 08:57:00,2024,8,22,8,57,49,49015,BOUGUELIERES LIEU DIT LES,47.51112,-0.61926,Plein jour,Hors agglomération,Hors intersection,Normale,Sans collision,4,2,2,0,1,3,1,0,1,50,1,1,0,0,0,1,18.0,,deux_roues,,1,1,1,1,7
202400043883,2024-07-16 17:05:00,2024,7,16,17,5,94,94021,Av du Pdt Franklin Roosevelt,48.770658,2.363027,Plein jour,En agglomération,Hors intersection,Normale,Deux véhicules - arrière,3,2,2,0,1,1,1,0,1,50,2,2,1,0,0,1,49.0,47.0,utilitaire_camion,deux_roues,1,2,1,1,2
202400043884,2024-06-14 22:15:00,2024,6,14,22,15,43,43041,Avenue de la Gare,45.04507048,3.92603027,Nuit avec éclairage allumé,En agglomération,Giratoire,Pluie légère,Sans collision,3,2,0,0,1,1,2,0,1,50,1,1,0,0,0,1,15.0,,deux_roues,,5,2,6,2,7
202400043884,2024-06-14 22:15:00,2024,6,14,22,15,43,43041,Avenue de la Gare,45.04507048,3.92603027,Nuit avec éclairage allumé,En agglomération,Giratoire,Pluie légère,Sans collision,3,2,2,0,1,1,2,9,1,50,1,1,0,0,0,1,15.0,,deux_roues,,5,2,6,2,7
202400043885,2024-08-22 08:45:00,2024,8,22,8,45,45,45284,11 Rue de la Gare,47.90929,1.97664,Plein jour,En agglomération,Intersection en T,Normale,Deux véhicules - arrière,4,2,2,0,1,1,1,0,1,50,2,2,1,0,0,1,32.0,54.0,utilitaire_camion,voiture,1,2,3,1,2
202400043885,2024-08-22 08:45:00,2024,8,22,8,45,45,45284,11 Rue de la Gare,47.90929,1.97664,Plein jour,En agglomération,Intersection en T,Normale,Deux véhicules - arrière,4,2,2,0,1,1,1,0,1,50,2,2,1,0,0,1,32.0,54.0,utilitaire_camion,voiture,1,2,3,1,2
202400043886,2024-07-16 09:30:00,2024,7,16,9,30,94,94022,Avenue du Général Leclerc,48.76202,2.40597,Plein jour,En agglomération,Hors intersection,Pluie légère,Autre collision,3,1,2,0,1,1,2,0,1,50,1,2,1,0,0,1,20.0,,deux_roues,,1,2,1,2,6
202400043887,2024-06-14 11:45:00,2024,6,14,11,45,43,43157,Boulevard Carnot,45.04699,3.87935,Plein jour,En agglomération,Intersection en T,Normale,Autre collision,3,2,3,0,1,1,1,0,1,50,1,2,1,0,1,0,62.0,,voiture,,1,2,3,1,6
202400043887,2024-06-14 11:45:00,2024,6,14,11,45,43,43157,Boulevard Carnot,45.04699,3.87935,Plein jour,En agglomération,Intersection en T,Normale,Autre collision,3,2,3,0,4,2,1,0,1,50,1,2,1,0,1,0,62.0,,voiture,,1,2,3,1,6
202400043888,2024-08-22 17:10:00,2024,8,22,17,10,42,42187,Place de l'Hotel de Ville,46.03457,4.07328,Plein jour,En agglomération,Hors intersection,Normale,Autre collision,6,-1,0,0,1,1,1,9,1,30,1,3,2,0,1,0,37.0,,voiture,,1,2,1,1,6
202400043889,2024-07-16 13:05:00,2024,7,16,13,5,94,94017,Boulevard de Stalingrad,48.82044799,2.50040643,Plein jour,En agglomération,Hors intersection,Normale,Deux véhicules - arrière,3,3,4,0,1,1,1,0,1,50,2,2,1,0,1,0,26.0,39.0,deux_roues,voiture,1,2,1,1,2
202400043890,2024-06-14 20:17:00,2024,6,14,20,17,42,42187,Rue Albert Thomas,46.04371851,4.07393441,Plein jour,En agglomération,Hors intersection,Normale,Sans collision,4,2,2,0,1,1,1,0,1,50,1,1,0,0,0,1,41.0,,deux_roues,,1,2,1,1,7
202400043891,2024-08-22 19:40:00,2024,8,22,19,40,38,38151,RUE NORMANDIE-NIEMEN,45.14797,5.72,Plein jour,En agglomération,Hors intersection,Normale,Autre collision,4,1,1,0,1,1,1,0,1,50,1,2,1,0,0,1,26.0,,voiture,,1,2,1,1,6
202400043892,2024-08-22 08:15:00,2024,8,22,8,15,37,37233,LANGEVIN (BOULEVARD PAUL),47.3918,0.73434,Plein jour,En agglomération,Hors intersection,Normale,Autre collision,4,2,2,0,1,1,1,0,1,50,1,1,0,0,0,1,84.0,,voiture,,1,2,1,1,6
202400043893,2024-02-20 17:25:00,2024,2,20,17,25,39,39300,26 Avenue Camille Prost,46.671195,5.568954,Plein jour,En agglomération,Intersection en X,Temps éblouissant,Deux véhicules - côté,4,2,2,-1,1,1,1,0,8,50,2,2,1,0,1,0,29.0,22.0,deux_roues,utilitaire_camion,1,2,2,7,3
202400043893,2024-02-20 17:25:00,2024,2,20,17,25,39,39300,26 Avenue Camille Prost,46.671195,5.568954,Plein jour,En agglomération,Intersection en X,Temps éblouissant,Deux véhicules - côté,4,2,2,0,1,1,1,0,8,50,2,2,1,0,1,0,29.0,22.0,deux_roues,utilitaire_camion,1,2,2,7,3
202400043893,2024-02-20 17:25:00,2024,2,20,17,25,39,39300,26 Avenue Camille Prost,46.671195,5.568954,Plein jour,En agglomération,Intersection en X,Temps éblouissant,Deux véhicules - côté,4,2,2,0,1,1,1,0,1,50,2,2,1,0,1,0,29.0,22.0,deux_roues,utilitaire_camion,1,2,2,7,3
202400043894,2024-07-16 12:40:00,2024,7,16,12,40,94,94075,Rue de Mandres,48.71594,2.537332,Plein jour,En agglomération,Intersection en T,Normale,Deux véhicules - arrière,3,2,0,0,2,1,1,0,1,50,2,2,1,0,0,1,51.0,,utilitaire_camion,voiture,1,2,3,1,2
202400043894,2024-07-16 12:40:00,2024,7,16,12,40,94,94075,Rue de Mandres,48.71594,2.537332,Plein jour,En agglomération,Intersection en T,Normale,Deux véhicules - arrière,3,-1, -1,-1,1,1,1,0,1,-1,2,2,1,0,0,1,51.0,,utilitaire_camion,voiture,1,2,3,1,2
202400043895,2024-06-14 11:39:00,2024,6,14,11,39,38,38563,VERDIN (MONTEE DU),45.39695,5.56973,Plein jour,Hors agglomération,Autre intersection,Normale,Autre collision,3,2,2,0,3,1,1,0,1,70,1,2,1,0,1,0,60.0,,voiture,,1,1,9,1,6
202400043896,2024-08-20 16:32:00,2024,8,20,16,32,34,34032,MARNE (AV DE LA),43.33749,3.21542,Plein jour,En agglomération,Intersection en T,Normale,Autre collision,4,2,2,0,2,1,1,0,1,50,2,2,1,0,0,1,23.0,37.0,voiture,deux_roues,1,2,3,1,6
202400043896,2024-08-20 16:32:00,2024,8,20,16,32,34,34032,MARNE (AV DE LA),43.33749,3.21542,Plein jour,En agglomération,Intersection en T,Normale,Autre collision,4,1,1,0,3,1,1,0,1,50,2,2,1,0,0,1,23.0,37.0,voiture,deux_roues,1,2,3,1,6
202400043897,2024-07-15 17:34:00,2024,7,15,17,34,94,94075,Rue de la Bourgogne,48.72137,2.529143,Plein jour,En agglomération,Intersection en T,Normale,Deux véhicules - arrière,4,2, -1,-1,1,1,1,5,1,-1,2,2,1,0,0,1,77.0,23.0,voiture,voiture,1,2,3,1,2
202400043897,2024-07-15 17:34:00,2024,7,15,17,34,94,94075,Rue de la Bourgogne,48.72137,2.529143,Plein jour,En agglomération,Intersection en T,Normale,Deux véhicules - arrière,4,2,2,0,1,1,1,5,1,50,2,2,1,0,0,1,77.0,23.0,voiture,voiture,1,2,3,1,2
202400043898,2024-06-14 12:50:00,2024,6,14,12,50,37,37261,EUROPE (AVENUE DE L'),47.42353,0.69233,Plein jour,En agglomération,Intersection en X,Temps couvert,Autre collision,4,2,2,2,1,1,1,0,1,50,1,2,1,0,0,1,75.0,,voiture,,1,2,2,8,6
202400043898,2024-06-14 12:50:00,2024,6,14,12,50,37,37261,EUROPE (AVENUE DE L'),47.42353,0.69233,Plein jour,En agglomération,Intersection en X,Temps couvert,Autre collision,4,2,2,0,1,1,1,0,1,50,1,2,1,0,0,1,75.0,,voiture,,1,2,2,8,6
202400043899,2024-08-22 16:30:00,2024,8,22,16,30,33,33249,,44.87257,-0.52027,Plein jour,En agglomération,Giratoire,Normale,Autre collision,4,3,2,3,1,1,1,5,1,30,1,2,1,0,0,1,,,voiture,,1,2,6,1,6
202400043899,2024-08-22 16:30:00,2024,8,22,16,30,33,33249,,44.87257,-0.52027,Plein jour,En agglomération,Giratoire,Normale,Autre collision,4,2,2,3,1,1,1,5,1,30,1,2,1,0,0,1,,,voiture,,1,2,6,1,6
202400043900,2024-07-16 17:20:00,2024,7,16,17,20,93,93078,Avenue des Nations,48.97347504,2.50980818,Plein jour,En agglomération,Hors intersection,Normale,Deux véhicules - arrière,4,3,4,2,1,1,1,0,1,50,2,2,1,0,0,1,33.0,56.0,deux_roues,utilitaire_camion,1,2,1,1,2
202400043901,2024-06-14 07:40:00,2024,6,14,7,40,37,37233,MOULIN (PONT JEAN),47.38609,0.72835,Plein jour,En agglomération,Hors intersection,Temps couvert,Deux véhicules - arrière,4,2,2,0,1,1,1,2,1,50,2,2,1,0,0,1,50.0,24.0,voiture,voiture,1,2,1,8,2
202400043902,2024-08-21 19:45:00,2024,8,21,19,45,33,33032,,44.89884,-0.52585,Plein jour,En agglomération,Giratoire,Normale,Deux véhicules - côté,4,2,2,0,2,3,1,5,1,50,2,2,0,0,0,2,23.0,22.0,utilitaire_camion,utilitaire_camion,1,2,6,1,3
202400043902,2024-08-21 19:45:00,2024,8,21,19,45,33,33032,,44.89884,-0.52585,Plein jour,En agglomération,Giratoire,Normale,Deux véhicules - côté,4,2,2,0,1,3,1,5,1,50,2,2,0,0,0,2,23.0,22.0,utilitaire_camion,utilitaire_camion,1,2,6,1,3
202400043903,2024-07-16 12:00:00,2024,7,16,12,0,93,93066,Avenue du Président Wilson,48.91454176,2.35812783,Plein jour,En agglomération,Hors intersection,Normale,Deux véhicules - arrière,3,3,2,3,1,1,1,9,1,50,2,2,1,0,1,0,39.0,29.0,deux_roues,deux_roues,1,2,1,1,2
202400043904,2024-06-14 01:19:00,2024,6,14,1,19,37,37261,BERANGER (BOULEVARD),47.38951,0.68269,Nuit avec éclairage allumé,En agglomération,Intersection en X,Normale,Deux véhicules - côté,4,2,4,0,1,1,1,0,1,50,2,4,3,0,0,1,28.0,28.0,voiture,utilitaire_camion,5,2,2,1,3
202400043904,2024-06-14 01:19:00,2024,6,14,1,19,37,37261,BERANGER (BOULEVARD),47.38951,0.68269,Nuit avec éclairage allumé,En agglomération,Intersection en X,Normale,Deux véhicules - côté,4,1,2,3,2,1,1,0,1,50,2,4,3,0,0,1,28.0,28.0,voiture,utilitaire_camion,5,2,2,1,3
202400043905,2024-08-20 22:20:00,2024,8,20,22,20,31,31555,AV LOUIS BAZERQUE,43.57479342,1.39574379,Nuit sans éclairage public,En agglomération,Autre intersection,Normale,Deux véhicules - arrière,4,1,1,0,1,1,1,0,1,30,2,3,2,0,0,1,27.0,24.0,voiture,deux_roues,3,2,9,1,2
202400043906,2024-07-16 20:50:00,2024,7,16,20,50,93,93051,Boulevard du Ru de Nesles / Avenue Médéric,48.83034,2.58483,Crépuscule ou aube,En agglomération,Intersection en X,Normale,Deux véhicules - côté,3,2,2,0,1,1,1,5,1,50,2,2,1,0,0,1,46.0,35.0,voiture,voiture,2,2,2,1,3
202400043906,2024-07-16 20:50:00,2024,7,16,20,50,93,93051,Boulevard du Ru de Nesles / Avenue Médéric,48.83034,2.58483,Crépuscule ou aube,En agglomération,Intersection en X,Normale,Deux véhicules - côté,3,2,3,0,1,1,1,5,1,50,2,2,1,0,0,1,46.0,35.0,voiture,voiture,2,2,2,1,3
202400043907,2024-06-14 02:50:00,2024,6,14,2,50,31,31555,RUE DU POLE,43.64738,1.42019,Nuit avec éclairage allumé,En agglomération,Autre intersection,Normale,Deux véhicules - côté,4,2,3,0,1,2,1,2,1,50,2,3,0,0,0,3,20.0,41.0,voiture,utilitaire_camion,5,2,9,1,3
202400043908,2024-08-21 18:05:00,2024,8,21,18,5,27,27229,FOCH (AVENUE DU MARECHAL),49.0234288,1.1347148,Plein jour,En agglomération,Hors intersection,Normale,Deux véhicules - arrière,4,2,2,0,1,1,1,0,1,50,2,3,1,0,0,2,49.0,64.0,utilitaire_camion,voiture,1,2,1,1,2
202400043909,2024-06-14 20:47:00,2024,6,14,20,47,29,29232,Rue de Kerlerec,48.000155,-4.112198,Plein jour,En agglomération,Intersection en X,Normale,Deux véhicules - côté,4,2,3,0,2,1,2,5,1,50,2,2,1,0,0,1,19.0,52.0,deux_roues,voiture,1,2,2,1,3
202400043909,2024-06-14 20:47:00,2024,6,14,20,47,29,29232,Rue de Kerlerec,48.000155,-4.112198,Plein jour,En agglomération,Intersection en X,Normale,Deux véhicules - côté,4,1,1,0,2,1,2,5,1,30,2,2,1,0,0,1,19.0,52.0,deux_roues,voiture,1,2,2,1,3
202400043910,2024-08-21 18:00:00,2024,8,21,18,0,26,26198,Avenue du Meyrol,44.57492,4.74395,Plein jour,Hors agglomération,Hors intersection,Normale,Autre collision,4,-1,2,0,1,1,1,0,1,50,1,1,0,1,0,0,57.0,,utilitaire_camion,,1,1,1,1,6
202400043911,2024-07-16 11:30:00,2024,7,16,11,30,93,93048,Avenue de la Résistance / Rue Ernest Savart,48.86745,2.43418,Plein jour,En agglomération,Intersection à plus de 4 branches,Normale,Deux véhicules - arrière,3,3,2,1,1,1,1,0,1,30,2,3,2,0,0,1,61.0,34.0,voiture,voiture,1,2,5,1,2
202400043911,2024-07-16 11:30:00,2024,7,16,11,30,93,93048,Avenue de la Résistance / Rue Ernest Savart,48.86745,2.43418,Plein jour,En agglomération,Intersection à plus de 4 branches,Normale,Deux véhicules - arrière,3,2,2,0,1,2,1,0,1,30,2,3,2,0,0,1,61.0,34.0,voiture,voiture,1,2,5,1,2
202400043912,2024-06-11 18:25:00,2024,6,11,18,25,29,29232,Route de Coray,47.99421057,-4.06948736,Plein jour,En agglomération,Hors intersection,Normale,Deux véhicules - côté,3,1,2,0,2,1,1,0,1,50,2,2,1,0,1,0,47.0,64.0,utilitaire_camion,deux_roues,1,2,1,1,3
202400043913,2024-07-16 16:45:00,2024,7,16,16,45,93,93045,Boulevard Gen Leclerc de Hauteclocqu,48.88092111,2.42475605,Plein jour,En agglomération,Hors intersection,Normale,Deux véhicules - frontale,4,2,2,0,1,1,1,0,1,30,2,2,1,0,0,1,23.0,31.0,voiture,deux_roues,1,2,1,1,1
202400043914,2024-08-22 18:30:00,2024,8,22,18,30,25,25462,REPUBLIQUE DE LA,46.90227,6.35818,Plein jour,En agglomération,Intersection en T,Normale,Deux véhicules - côté,4,-1,2,0,1,1,1,0,1,50,2,2,1,0,0,1,34.0,31.0,deux_roues,voiture,1,2,3,1,3
202400043914,2024-08-22 18:30:00,2024,8,22,18,30,25,25462,REPUBLIQUE DE LA,46.90227,6.35818,Plein jour,En agglomération,Intersection en T,Normale,Deux véhicules - côté,4,1,1,0,1,1,1,0,1,50,2,2,1,0,0,1,34.0,31.0,deux_roues,voiture,1,2,3,1,3
202400043915,2024-06-12 12:20:00,2024,6,12,12,20,29,29039,RD 783,47.89298475,-3.9148788,Plein jour,En agglomération,Hors intersection,Normale,Sans collision,3,2,2,0,1,1,1,0,1,70,1,1,0,0,0,1,17.0,,deux_roues,,1,2,1,1,7
202400043916,2024-08-22 03:50:00,2024,8,22,3,50,25,25462,MOULIN PARNET DU,46.907416,6.353183,Nuit avec éclairage allumé,En agglomération,Hors intersection,Normale,Autre collision,4,2,2,0,1,1,1,0,4,50,1,3,0,0,0,3,21.0,,voiture,,5,2,1,1,6
202400043917,2024-06-13 02:00:00,2024,6,13,2,0,27,27072,MOULIN (CHEMIN DU),49.10537,1.53332,Nuit avec éclairage non allumé,En agglomération,Intersection en X,Normale,Autre collision,4,2,2,0,1,1,1,5,1,50,1,2,0,0,0,2,17.0,,voiture,,4,2,2,1,6
202400043917,2024-06-13 02:00:00,2024,6,13,2,0,27,27072,MOULIN (CHEMIN DU),49.10537,1.53332,Nuit avec éclairage non allumé,En agglomération,Intersection en X,Normale,Autre collision,4,2,2,0,1,1,1,5,1,50,1,2,0,0,0,2,17.0,,voiture,,4,2,2,1,6
202400043918,2024-07-15 08:45:00,2024,7,15,8,45,92,92075,ERNEST LAVAL (RUE),48.82021561,2.29113901,Plein jour,En agglomération,Hors intersection,Normale,Autre collision,3,-1,1,1,1,1,1,0,6,30,1,2,1,0,0,1,24.0,,deux_roues,,1,2,1,1,6
202400043919,2024-08-22 11:07:00,2024,8,22,11,7,25,25056,HELVETIE AVENUE D',47.242758,6.025808,Plein jour,En agglomération,Intersection à plus de 4 branches,Normale,Deux véhicules - côté,4,2,3,0,1,1,1,5,1,50,2,2,1,0,0,1,54.0,37.0,voiture,deux_roues,1,2,5,1,3