accident_id,datetime,annee,mois,jour,heure,minute,departement,commune_insee,adresse,latitude,longitude,luminosite,agglomeration,intersection,meteo,collision,catr,circ,nbv,vosp,prof,plan,surf,infra,situ,vma,nb_vehicules,nb_usagers,nb_indemnes,nb_tues,nb_blesses_hosp,nb_blesses_legers,age_cond_1,age_cond_2,veh_type_cond_1,veh_type_cond_2,lum_code,agg_code,int_code,atm_code,col_code
202400043986,2024-09-27 12:00:00,2024,9,27,12,0,93,93005,HENRI MATISSE (RUE),48.95595539,2.5015361,Plein jour,En agglomération,Hors intersection,Pluie légère,Autre collision,4,2,2,0,1,1,2,0,1,50,1,2,1,0,0,1,,,voiture,,1,2,1,2,6
202400043987,2024-07-16 17:20:00,2024,7,16,17,20,63,63338,place des équipages,46.164072,2.833523,Plein jour,En agglomération,Place,Normale,Autre collision,6,-1, -1,0,1,1,1,0,6,30,1,3,2,0,1,0,19.0,,voiture,,1,2,7,1,6
202400043988,2024-08-22 09:10:00,2024,8,22,9,10,75,75107,RUE DE BELLECHASSE,48.85779,2.322388,Plein jour,En agglomération,Intersection en X,Normale,Deux véhicules - côté,4,1, -1,-1,1,1,1,0,1,30,2,2,1,0,0,1,33.0,45.0,deux_roues,voiture,1,2,2,1,3
202400043988,2024-08-22 09:10:00,2024,8,22,9,10,75,75107,RUE DE BELLECHASSE,48.85779,2.322388,Plein jour,En agglomération,Intersection en X,Normale,Deux véhicules - côté,4,1, -1,2,1,1,1,0,1,30,2,2,1,0,0,1,33.0,45.0,deux_roues,voiture,1,2,2,1,3
202400043989,2024-07-17 20:15:00,2024,7,17,20,15,63,63250,D978,45.59700409,3.15646112,Plein jour,Hors agglomération,Hors intersection,Normale,Autre collision,3,2,2,0,1,3,1,0,3,90,1,1,0,0,1,0,39.0,,deux_roues,,1,1,1,1,6
202400043990,2024-09-26 21:55:00,2024,9,26,21,55,92,92050,18 OCTOBRE 1961 RUE,48.89830809,2.21598016,Nuit avec éclairage allumé,En agglomération,Hors intersection,Pluie légère,Deux véhicules - côté,4,2,1,0,1,1,2,5,1,50,2,2,1,0,0,1,33.0,27.0,deux_roues,voiture,5,2,1,2,3
202400043991,2024-08-22 09:50:00,2024,8,22,9,50,75,75103,RUE DES GRAVILLIERS,48.864819,2.363404,Plein jour,En agglomération,Intersection en T,Normale,Autre collision,4,2,2,2,1,1,1,0,5,30,1,2,0,0,0,2,43.0,,deux_roues,,1,2,3,1,6
202400043991,2024-08-22 09:50:00,2024,8,22,9,50,75,75103,RUE DES GRAVILLIERS,48.864819,2.363404,Plein jour,En agglomération,Intersection en T,Normale,Autre collision,4,1,4,1,1,1,1,0,1,30,1,2,0,0,0,2,43.0,,deux_roues,,1,2,3,1,6
202400043992,2024-09-27 01:05:00,2024,9,27,1,5,92,92049,BROSSOLETTE AVENUE PIERRE,48.81814027,2.30851851,Nuit avec éclairage allumé,En agglomération,Intersection en X,Normale,Autre collision,3,2,4,2,1,1,2,5,3,50,1,1,0,0,0,1,33.0,,utilitaire_camion,,5,2,2,1,6
202400043992,2024-09-27 01:05:00,2024,9,27,1,5,92,92049,BROSSOLETTE AVENUE PIERRE,48.81814027,2.30851851,Nuit avec éclairage allumé,En agglomération,Intersection en X,Normale,Autre collision,3,2,2,0,1,1,2,5,8,50,1,1,0,0,0,1,33.0,,utilitaire_camion,,5,2,2,1,6
202400043993,2024-08-21 17:50:00,2024,8,21,17,50,75,75102,BOULEVARD DES ITALIENS,48.871222,2.335962,Plein jour,En agglomération,Intersection en T,Normale,Sans collision,4,2,4,0,1,1,1,0,1,30,1,1,0,0,0,1,18.0,,deux_roues,,1,2,3,1,7
202400043993,2024-08-21 17:50:00,2024,8,21,17,50,75,75102,BOULEVARD DES ITALIENS,48.871222,2.335962,Plein jour,En agglomération,Intersection en T,Normale,Sans collision,4,1, -1,-1,1,1,1,0,1,30,1,1,0,0,0,1,18.0,,deux_roues,,1,2,3,1,7
202400043994,2024-09-27 16:55:00,2024,9,27,16,55,92,92012,ANDRE MORIZET (AVENUE) 1/47 - 2/52,48.83397575,2.24294856,Plein jour,En agglomération,Hors intersection,Normale,Autre collision,3,2,2,0,1,1,2,0,1,50,1,2,1,0,0,1,22.0,,voiture,,1,2,1,1,6
202400043995,2024-08-22 19:15:00,2024,8,22,19,15,94,94080,Avenue de Paris,48.84616,2.42205,Plein jour,En agglomération,Hors intersection,Normale,Deux véhicules - côté,3,3,4,2,1,1,1,0,5,50,2,2,1,0,0,1,78.0,26.0,voiture,deux_roues,1,2,1,1,3
202400043996,2024-08-22 17:45:00,2024,8,22,17,45,94,94065,Rue Notre-dame,48.74855,2.35104,Plein jour,En agglomération,Hors intersection,Normale,Autre collision,4,1,1,0,1,1,1,0,1,30,1,2,1,0,0,1,25.0,,voiture,,1,2,1,1,6
202400043997,2024-09-26 11:45:00,2024,9,26,11,45,92,92012,REINE (ROUTE DE LA) 82/FIN - 107TER/FIN,48.84022259,2.23402485,Plein jour,En agglomération,Hors intersection,Temps couvert,Autre collision,3,2,4,1,1,1,2,0,1,50,1,2,1,0,0,1,51.0,,deux_roues,,1,2,1,8,6
202400043998,2024-06-13 22:50:00,2024,6,13,22,50,75,75101,BOULEVARD DE SEBASTOPOL,48.861981,2.350177,Nuit avec éclairage allumé,En agglomération,Intersection en X,Normale,Deux véhicules - côté,4,1,5,0,1,1,1,-1,5,30,2,3,2,0,0,1,22.0,,deux_roues,utilitaire_camion,5,2,2,1,3
202400043998,2024-06-13 22:50:00,2024,6,13,22,50,75,75101,BOULEVARD DE SEBASTOPOL,48.861981,2.350177,Nuit avec éclairage allumé,En agglomération,Intersection en X,Normale,Deux véhicules - côté,4,1, -1,-1,1,1,1,-1,5,30,2,3,2,0,0,1,22.0,,deux_roues,utilitaire_camion,5,2,2,1,3
202400043999,2024-08-22 10:20:00,2024,8,22,10,20,93,93005,Route de Mitry,48.94602795,2.51030356,Plein jour,En agglomération,Hors intersection,Normale,Deux véhicules - arrière,3,3,4,1,1,1,1,0,1,50,2,3,1,0,0,2,51.0,25.0,deux_roues,voiture,1,2,1,1,2
202400044000,2024-09-27 16:30:00,2024,9,27,16,30,38,38160,Montee de Chez Voisin,45.485769,4.969347,Plein jour,Hors agglomération,Intersection en X,Normale,Deux véhicules - côté,3,2,2,0,1,1,1,0,1,70,2,2,1,1,0,0,83.0,67.0,voiture,deux_roues,1,1,2,1,3
202400044000,2024-09-27 16:30:00,2024,9,27,16,30,38,38160,Montee de Chez Voisin,45.485769,4.969347,Plein jour,Hors agglomération,Intersection en X,Normale,Deux véhicules - côté,3,2,2,0,1,1,1,0,1,70,2,2,1,1,0,0,83.0,67.0,voiture,deux_roues,1,1,2,1,3
202400044001,2024-06-12 15:46:00,2024,6,12,15,46,75,75103,RUE BEAUBOURG,48.864261,2.355157,Plein jour,En agglomération,Intersection en X,Normale,Autre collision,4,1,3,3,1,1,1,0,1,30,1,2,0,0,1,1,68.0,,deux_roues,,1,2,2,1,6
202400044001,2024-06-12 15:46:00,2024,6,12,15,46,75,75103,RUE BEAUBOURG,48.864261,2.355157,Plein jour,En agglomération,Intersection en X,Normale,Autre collision,4,1,1,1,1,1,1,0,1,30,1,2,0,0,1,1,68.0,,deux_roues,,1,2,2,1,6
202400044002,2024-09-28 12:15:00,2024,9,28,12,15,973,97362,rue prosper AIATE,3.81394322,-54.14770281,Plein jour,En agglomération,Hors intersection,Normale,Sans collision,4,-1,2,0,2,1,9,0,1,30,1,1,0,1,0,0,41.0,,utilitaire_camion,,1,2,1,1,7
202400044003,2024-08-22 11:28:00,2024,8,22,11,28,93,93077,Avenue du Raincy / Rue Rene et Pierre Charton,48.88570487,2.50814795,Plein jour,En agglomération,Intersection en X,Normale,Deux véhicules - arrière,3,1,2,0,1,1,1,0,1,50,2,2,1,0,1,0,53.0,37.0,voiture,deux_roues,1,2,2,1,2
202400044003,2024-08-22 11:28:00,2024,8,22,11,28,93,93077,Avenue du Raincy / Rue Rene et Pierre Charton,48.88570487,2.50814795,Plein jour,En agglomération,Intersection en X,Normale,Deux véhicules - arrière,3,2,2,0,1,1,1,0,1,-1,2,2,1,0,1,0,53.0,37.0,voiture,deux_roues,1,2,2,1,2
202400044004,2024-08-22 14:00:00,2024,8,22,14,0,93,93010,Route de Villemomble,48.89361283,2.47993109,Plein jour,En agglomération,Hors intersection,Normale,Deux véhicules - frontale,4,2,2,0,1,1,1,0,1,30,2,2,1,0,0,1,24.0,49.0,deux_roues,voiture,1,2,1,1,1
202400044005,2024-09-27 21:20:00,2024,9,27,21,20,02,02370,,49.965639,3.19714,Nuit sans éclairage public,Hors agglomération,Hors intersection,Pluie légère,Sans collision,1,3,2,0,1,1,2,0,2,110,1,3,2,0,0,1,46.0,,voiture,,3,1,1,2,7
202400044006,2024-09-28 03:15:00,2024,9,28,3,15,71,71589,D979,46.690222,3.700569,Nuit sans éclairage public,Hors agglomération,Hors intersection,Pluie légère,Autre collision,3,2,2,0,3,3,2,0,3,80,1,1,0,1,0,0,29.0,,voiture,,3,1,1,2,6
202400044007,2024-06-14 21:06:00,2024,6,14,21,6,94,94081,Rue du Colonel Moll / Rue de l’Argonne,48.79636,2.40444,Plein jour,En agglomération,Intersection en T,Pluie légère,Trois véhicules et plus - collisions multiples,4,1,1,0,1,1,2,0,1,30,3,9,8,0,0,1,47.0,28.0,voiture,voiture,1,2,3,2,5
202400044007,2024-06-14 21:06:00,2024,6,14,21,6,94,94081,Rue du Colonel Moll / Rue de l’Argonne,48.79636,2.40444,Plein jour,En agglomération,Intersection en T,Pluie légère,Trois véhicules et plus - collisions multiples,4,2,2,0,1,1,2,0,1,30,3,9,8,0,0,1,47.0,28.0,voiture,voiture,1,2,3,2,5
202400044008,2024-08-22 14:00:00,2024,8,22,14,0,93,93008,Avenue Henri Barbusse,48.91101,2.43284,Plein jour,En agglomération,Intersection en X,Normale,Deux véhicules - côté,3,2,2,2,1,1,1,0,1,50,2,3,2,0,1,0,27.0,33.0,deux_roues,voiture,1,2,2,1,3
202400044008,2024-08-22 14:00:00,2024,8,22,14,0,93,93008,Avenue Henri Barbusse,48.91101,2.43284,Plein jour,En agglomération,Intersection en X,Normale,Deux véhicules - côté,3,-1,0,0,1,1,1,0,1,50,2,3,2,0,1,0,27.0,33.0,deux_roues,voiture,1,2,2,1,3
202400044009,2024-09-28 18:48:00,2024,9,28,18,48,76,76624,2 Rue des Sorbiers,49.874269,1.210458,Plein jour,En agglomération,Hors intersection,Normale,Sans collision,4,2,2,0,1,1,1,0,4,50,1,1,0,0,1,0,21.0,,deux_roues,,1,2,1,1,7
202400044010,2024-08-22 01:45:00,2024,8,22,1,45,92,92026,MISSION MARCHAND (COTE PAIR),48.89850858,2.24012414,Nuit avec éclairage allumé,En agglomération,Hors intersection,Normale,Deux véhicules - arrière,3,1,2,0,1,1,1,0,1,50,2,2,1,0,1,0,18.0,18.0,deux_roues,voiture,5,2,1,1,2
202400044011,2024-06-13 15:45:00,2024,6,13,15,45,94,94016,Rue des Saussaies / Allee des Lours,48.787124,2.335741,Plein jour,En agglomération,Intersection en T,Normale,Deux véhicules - côté,3,2,2,0,2,1,1,0,4,50,2,2,1,0,1,0,29.0,61.0,deux_roues,voiture,1,2,3,1,3
202400044011,2024-06-13 15:45:00,2024,6,13,15,45,94,94016,Rue des Saussaies / Allee des Lours,48.787124,2.335741,Plein jour,En agglomération,Intersection en T,Normale,Deux véhicules - côté,3,2,1,0,1,1,1,0,4,50,2,2,1,0,1,0,29.0,61.0,deux_roues,voiture,1,2,3,1,3
202400044012,2024-09-27 15:30:00,2024,9,27,15,30,84,84137,Route d?Orange,44.238831,5.05083,Plein jour,En agglomération,Hors intersection,Normale,Deux véhicules - côté,3,2,2,0,1,3,1,0,1,50,2,2,1,0,0,1,76.0,67.0,voiture,deux_roues,1,2,1,1,3
202400044013,2024-08-21 16:15:00,2024,8,21,16,15,92,92025,PONT DE BEZONS,48.92004,2.22137,Plein jour,En agglomération,Hors intersection,Normale,Deux véhicules - côté,3,2,8,3,2,1,1,0,1,50,2,2,1,0,0,1,27.0,42.0,voiture,deux_roues,1,2,1,1,3
202400044014,2024-06-14 08:50:00,2024,6,14,8,50,94,94038,Rue Paul Hochart / Rue de Picardie,48.77579,2.35727,Plein jour,En agglomération,Intersection en T,Pluie légère,Deux véhicules - frontale,4,2,2,0,1,1,2,0,1,30,2,2,1,0,0,1,51.0,26.0,voiture,deux_roues,1,2,3,2,1
202400044014,2024-06-14 08:50:00,2024,6,14,8,50,94,94038,Rue Paul Hochart / Rue de Picardie,48.77579,2.35727,Plein jour,En agglomération,Intersection en T,Pluie légère,Deux véhicules - frontale,4,2,2,0,1,1,2,0,1,50,2,2,1,0,0,1,51.0,26.0,voiture,deux_roues,1,2,3,2,1
202400044015,2024-09-27 03:00:00,2024,9,27,3,0,52,52282,A5 PK216.800 sens Troyes vers Dijon,47.98081753,5.13264267,Nuit sans éclairage public,Hors agglomération,Hors intersection,Normale,Sans collision,1,1,4,0,1,2,1,0,3,130,1,1,0,0,0,1,19.0,,utilitaire_camion,,3,1,1,1,7
202400044016,2024-08-22 17:20:00,2024,8,22,17,20,37,37216,route de sainte catherine,47.159468,0.574371,Plein jour,En agglomération,Intersection en X,Normale,Deux véhicules - côté,3,2,2,0,2,2,1,0,1,70,2,3,0,0,1,2,62.0,38.0,voiture,voiture,1,2,2,1,3
202400044016,2024-08-22 17:20:00,2024,8,22,17,20,37,37216,route de sainte catherine,47.159468,0.574371,Plein jour,En agglomération,Intersection en X,Normale,Deux véhicules - côté,3,2, -1,-1,1,1,1,0,1,-1,2,3,0,0,1,2,62.0,38.0,voiture,voiture,1,2,2,1,3
202400044017,2024-09-27 23:00:00,2024,9,27,23,0,84,84037,ROUTE D'ORANGE,44.081605,4.831045,Nuit sans éclairage public,Hors agglomération,Hors intersection,Normale,Autre collision,3,3,2,0,2,3,1,0,3,80,1,2,0,0,1,1,19.0,,voiture,,3,1,1,1,6
202400044018,2024-06-14 02:30:00,2024,6,14,2,30,94,94021,Avenue Georges Guynemer / Rue du Pont des Halles,48.76059,2.34177,Nuit avec éclairage allumé,En agglomération,Giratoire,Pluie légère,Deux véhicules - côté,3,2,4,0,1,1,2,0,1,50,2,2,1,1,0,0,38.0,42.0,utilitaire_camion,deux_roues,5,2,6,2,3
202400044018,2024-06-14 02:30:00,2024,6,14,2,30,94,94021,Avenue Georges Guynemer / Rue du Pont des Halles,48.76059,2.34177,Nuit avec éclairage allumé,En agglomération,Giratoire,Pluie légère,Deux véhicules - côté,3,1,2,0,1,1,2,0,1,-1,2,2,1,1,0,0,38.0,42.0,utilitaire_camion,deux_roues,5,2,6,2,3
202400044019,2024-08-23 18:45:00,2024,8,23,18,45,37,37058,19 Rue des Gravets,47.253514,0.221234,Plein jour,Hors agglomération,Hors intersection,Normale,Autre collision,4,2,2,0,1,3,1,0,3,70,1,1,0,1,0,0,28.0,,voiture,,1,1,1,1,6
202400044020,2024-09-28 06:15:00,2024,9,28,6,15,50,50616,N175,48.65565,-1.355524,Nuit sans éclairage public,Hors agglomération,Hors intersection,Temps couvert,Autre collision,2,2,2,0,1,2,2,8,1,50,1,2,0,0,0,2,23.0,,voiture,,3,1,1,8,6
202400044021,2024-08-23 12:40:00,2024,8,23,12,40,54,54345,D112,48.598891,6.259696,Plein jour,Hors agglomération,Hors intersection,Vent fort / tempête,Sans collision,3,2, -1,0,1,1,1,0,1,80,1,1,0,0,0,1,52.0,,deux_roues,,1,1,1,6,7
202400044022,2024-06-14 05:50:00,2024,6,14,5,50,94,94001,Avenue Gambetta / Route de Villeneuve,48.72474,2.43035,Crépuscule ou aube,En agglomération,Intersection en X,Normale,Deux véhicules - arrière,3,1,1,0,1,1,1,0,1,-1,2,2,1,0,0,1,,54.0,voiture,voiture,2,2,2,1,2
202400044022,2024-06-14 05:50:00,2024,6,14,5,50,94,94001,Avenue Gambetta / Route de Villeneuve,48.72474,2.43035,Crépuscule ou aube,En agglomération,Intersection en X,Normale,Deux véhicules - arrière,3,2,2,0,1,1,1,0,1,50,2,2,1,0,0,1,,54.0,voiture,voiture,2,2,2,1,2
202400044023,2024-08-23 18:30:00,2024,8,23,18,30,86,86001,Lieu Dit la Gigardeau,46.277004,0.805455,Plein jour,Hors agglomération,Hors intersection,Normale,Autre collision,3,2,2,0,1,1,1,0,3,80,1,1,0,0,1,0,24.0,,voiture,,1,1,1,1,6
202400044024,2024-09-28 04:00:00,2024,9,28,4,0,89,89411,D660,48.210633,3.478911,Nuit sans éclairage public,Hors agglomération,Hors intersection,Pluie légère,Deux véhicules - côté,3,2,2,0,1,1,2,0,1,90,2,2,1,0,1,0,33.0,46.0,voiture,utilitaire_camion,3,1,1,2,3
202400044025,2024-08-23 10:30:00,2024,8,23,10,30,43,43080,Route d'Usson,45.34673802,3.89353864,Plein jour,Hors agglomération,Hors intersection,Normale,Sans collision,3,2,2,0,2,2,1,0,1,90,1,1,0,0,1,0,79.0,,voiture,,1,1,1,1,7
202400044026,2024-06-13 18:15:00,2024,6,13,18,15,94,94022,Avenue Victor Hugo / Rue d'Alsace-lorraine,48.7687615,2.42071107,Plein jour,En agglomération,Intersection en X,Normale,Deux véhicules - côté,3,3,4,3,1,1,1,-1,1,50,2,3,1,0,0,2,55.0,26.0,deux_roues,transport_commun,1,2,2,1,3
202400044026,2024-06-13 18:15:00,2024,6,13,18,15,94,94022,Avenue Victor Hugo / Rue d'Alsace-lorraine,48.7687615,2.42071107,Plein jour,En agglomération,Intersection en X,Normale,Deux véhicules - côté,3,2,2,0,1,1,1,5,1,-1,2,3,1,0,0,2,55.0,26.0,deux_roues,transport_commun,1,2,2,1,3
202400044027,2024-08-21 16:30:00,2024,8,21,16,30,988,98812,Lieu-dit Karembé,-20.64078,164.34914,Plein jour,Hors agglomération,Hors intersection,Normale,Autre collision,2,2,2,0,1,1,1,0,3,110,1,2,1,0,0,1,19.0,,voiture,,1,1,1,1,6
202400044028,2024-09-26 15:28:00,2024,9,26,15,28,51,51560,2 Route de Maucreux,48.956982,3.73418,Plein jour,Hors agglomération,Hors intersection,Pluie légère,Trois véhicules et plus - en chaîne,3,2,2,0,1,1,2,8,1,-1,3,3,2,0,0,1,51.0,,utilitaire_camion,voiture,1,1,1,2,4
202400044029,2024-06-14 08:15:00,2024,6,14,8,15,94,94002,45 Quai Blanqui,48.80297,2.41355,Plein jour,En agglomération,Hors intersection,Normale,Sans collision,3,3,2,1,1,1,1,0,5,30,1,1,0,0,0,1,35.0,,deux_roues,,1,2,1,1,7
202400044030,2024-08-23 19:10:00,2024,8,23,19,10,57,57469,Rue de Berthelming,48.857974,6.944776,Plein jour,En agglomération,Hors intersection,Normale,Deux véhicules - côté,4,2,2,0,1,1,1,0,1,50,2,2,1,0,1,0,47.0,,autre,voiture,1,2,1,1,3
202400044031,2024-09-27 19:05:00,2024,9,27,19,5,56,56140,Kerrozet,47.902286,-2.809845,Plein jour,Hors agglomération,Hors intersection,Normale,Deux véhicules - côté,3,3,4,0,1,3,1,0,1,110,2,2,1,0,1,0,46.0,39.0,deux_roues,utilitaire_camion,1,1,1,1,3
202400044032,2024-06-14 09:00:00,2024,6,14,9,0,93,93066,Avenue du Docteur Lamaze / Route de la Courneuve,48.9334,2.37287,Plein jour,En agglomération,Intersection en X,Normale,Deux véhicules - arrière,3,1,4,0,2,1,1,5,1,50,2,2,1,0,0,1,48.0,,voiture,voiture,1,2,2,1,2
202400044032,2024-06-14 09:00:00,2024,6,14,9,0,93,93066,Avenue du Docteur Lamaze / Route de la Courneuve,48.9334,2.37287,Plein jour,En agglomération,Intersection en X,Normale,Deux véhicules - arrière,3,1,2,0,1,3,1,0,1,-1,2,2,1,0,0,1,48.0,,voiture,voiture,1,2,2,1,2
202400044033,2024-08-23 17:50:00,2024,8,23,17,50,28,28139,A11,48.315235,1.324529,Plein jour,Hors agglomération,Hors intersection,Normale,Autre collision,1,3,3,0,1,1,1,0,8,130,1,4,0,0,4,0,51.0,,voiture,,1,1,1,1,6
202400044034,2024-09-28 12:55:00,2024,9,28,12,55,11,11441,Rue du 1er Mai,43.20361,3.074485,Plein jour,En agglomération,Intersection en X,Normale,Autre collision,4,-1,2,0,1,1,1,0,1,50,2,3,1,0,0,2,42.0,45.0,voiture,voiture,1,2,2,1,6
202400044034,2024-09-28 12:55:00,2024,9,28,12,55,11,11441,Rue du 1er Mai,43.20361,3.074485,Plein jour,En agglomération,Intersection en X,Normale,Autre collision,4,1,1,0,2,1,1,0,1,50,2,3,1,0,0,2,42.0,45.0,voiture,voiture,1,2,2,1,6
202400044035,2024-06-12 11:35:00,2024,6,12,11,35,93,93066,Rue Ambroise Croizat,48.92931,2.3512,Plein jour,En agglomération,Hors intersection,Normale,Deux véhicules - arrière,3,2,2,0,1,1,1,0,1,50,2,2,1,0,0,1,20.0,39.0,deux_roues,utilitaire_camion,1,2,1,1,2
202400044036,2024-09-27 23:25:00,2024,9,27,23,25,11,11068,,43.195791,2.543721,Nuit sans éclairage public,Hors agglomération,Hors intersection,Vent fort / tempête,Autre collision,3,2,2,0,1,2,1,0,3,-1,1,4,0,0,3,1,18.0,,voiture,,3,1,1,6,6
202400044037,2024-06-13 01:45:00,2024,6,13,1,45,93,93064,Avenue du Président John Kennedy,48.87881,2.49023,Nuit avec éclairage allumé,En agglomération,Hors intersection,Normale,Autre collision,3,2,2,2,1,1,1,0,1,50,1,3,2,0,1,0,23.0,,voiture,,5,2,1,1,6
202400044038,2024-08-23 06:00:00,2024,8,23,6,0,35,35119,Lieu Dit L'Euche,48.026675,-1.139256,Nuit sans éclairage public,Hors agglomération,Intersection en T,Pluie légère,Deux véhicules - côté,3,2,2,0,1,1,2,0,1,80,2,2,0,1,0,1,81.0,47.0,voiture,voiture,3,1,3,2,3
202400044038,2024-08-23 06:00:00,2024,8,23,6,0,35,35119,Lieu Dit L'Euche,48.026675,-1.139256,Nuit sans éclairage public,Hors agglomération,Intersection en T,Pluie légère,Deux véhicules - côté,3,2,2,0,1,1,2,0,1,80,2,2,0,1,0,1,81.0,47.0,voiture,voiture,3,1,3,2,3
202400044039,2024-09-25 19:30:00,2024,9,25,19,30,63,63170,Ballot,45.84300523,2.71127472,Crépuscule ou aube,Hors agglomération,Hors intersection,Normale,Autre collision,3,-1,2,0,1,2,1,0,3,90,1,1,0,0,1,0,50.0,,voiture,,2,1,1,1,6
202400044040,2024-12-07 19:15:00,2024,12,7,19,15,91,91174,BD JEAN JAURES,48.61158,2.46166,Nuit avec éclairage allumé,En agglomération,Giratoire,Pluie légère,Deux véhicules - côté,3,4,0,0,1,3,2,0,1,30,2,2,1,0,0,1,,34.0,autre,deux_roues,5,2,6,2,3
202400044040,2024-12-07 19:15:00,2024,12,7,19,15,91,91174,BD JEAN JAURES,48.61158,2.46166,Nuit avec éclairage allumé,En agglomération,Giratoire,Pluie légère,Deux véhicules - côté,3,1,0,0,3,3,2,9,1,30,2,2,1,0,0,1,,34.0,autre,deux_roues,5,2,6,2,3
202400044041,2024-08-23 15:15:00,2024,8,23,15,15,01,01109,D984,46.122551,5.896775,Plein jour,Hors agglomération,Hors intersection,Normale,Autre collision,3,2,2,0,2,2,1,0,1,70,1,2,1,0,0,1,35.0,,utilitaire_camion,,1,1,1,1,6
202400044042,2024-09-27 11:15:00,2024,9,27,11,15,61,61211,D976,48.547175,-0.505135,Plein jour,En agglomération,Hors intersection,Pluie légère,Autre collision,3,2,2,0,2,1,2,0,1,50,1,2,1,0,1,0,70.0,,voiture,,1,2,1,2,6
202400044043,2024-06-14 13:38:00,2024,6,14,13,38,93,93032,Avenue Ronsard,48.87457,2.56444,Plein jour,En agglomération,Hors intersection,Normale,Deux véhicules - côté,4,1,1,0,1,1,1,0,1,30,2,2,1,0,0,1,48.0,19.0,deux_roues,voiture,1,2,1,1,3
202400044044,2024-12-07 20:20:00,2024,12,7,20,20,83,83137,MALON (AVE BENOIT),43.123914,5.95385251,Nuit avec éclairage allumé,En agglomération,Intersection en T,Vent fort / tempête,Deux véhicules - frontale,3,2,2,0,1,1,1,0,1,50,2,3,1,0,1,1,18.0,20.0,deux_roues,voiture,5,2,3,6,1
202400044044,2024-12-07 20:20:00,2024,12,7,20,20,83,83137,MALON (AVE BENOIT),43.123914,5.95385251,Nuit avec éclairage allumé,En agglomération,Intersection en T,Vent fort / tempête,Deux véhicules - frontale,3,2,2,0,1,1,1,0,1,50,2,3,1,0,1,1,18.0,20.0,deux_roues,voiture,5,2,3,6,1
202400044045,2024-08-23 13:00:00,2024,8,23,13,0,22,22213,RN176 PK 001+400,48.537004,-1.99157,Plein jour,Hors agglomération,Hors intersection,Pluie légère,Trois véhicules et plus - en chaîne,2,3,2,0,2,1,2,0,1,110,3,5,1,0,0,4,38.0,48.0,voiture,voiture,1,1,1,2,4
202400044046,2024-06-14 08:35:00,2024,6,14,8,35,93,93027,Avenue Roger Salengro,48.9331,2.3875,Plein jour,En agglomération,Hors intersection,Normale,Autre collision,4,1,1,0,1,1,1,0,1,50,1,2,1,0,0,1,29.0,,voiture,,1,2,1,1,6
202400044047,2024-09-27 09:10:00,2024,9,27,9,10,49,49018,Rue des Docteurs Thuau,47.537887,-0.103694,Plein jour,En agglomération,Intersection en T,Temps éblouissant,Autre collision,3,2,2,0,1,1,1,9,1,50,1,2,1,0,1,0,51.0,,voiture,,1,2,3,7,6
202400044047,2024-09-27 09:10:00,2024,9,27,9,10,49,49018,Rue des Docteurs Thuau,47.537887,-0.103694,Plein jour,En agglomération,Intersection en T,Temps éblouissant,Autre collision,3,2, -1,-1,1,1,1,0,1,-1,1,2,1,0,1,0,51.0,,voiture,,1,2,3,7,6
202400044048,2024-12-07 11:00:00,2024,12,7,11,0,78,78440,ALBERT THOMAS (RUE),48.978079,1.921221,Plein jour,En agglomération,Intersection en T,Vent fort / tempête,Deux véhicules - côté,4,2,2,0,2,1,2,0,1,50,2,2,1,0,0,1,22.0,39.0,deux_roues,voiture,1,2,3,6,3
202400044048,2024-12-07 11:00:00,2024,12,7,11,0,78,78440,ALBERT THOMAS (RUE),48.978079,1.921221,Plein jour,En agglomération,Intersection en T,Vent fort / tempête,Deux véhicules - côté,4,1,1,0,1,1,2,0,1,50,2,2,1,0,0,1,22.0,39.0,deux_roues,voiture,1,2,3,6,3
202400044049,2024-08-23 14:30:00,2024,8,23,14,30,42,42242,9 Rue du Bourg,45.55386418,4.61963274,Plein jour,En agglomération,Hors intersection,Normale,Deux véhicules - arrière,7,2,2,0,1,1,1,0,3,50,2,3,1,0,1,1,78.0,53.0,voiture,voiture,1,2,1,1,2
202400044050,2024-06-14 17:15:00,2024,6,14,17,15,93,93014,Allée Maurice Audin,48.908423,2.538369,Plein jour,En agglomération,Hors intersection,Normale,Deux véhicules - côté,4,3,2,3,2,1,1,9,5,50,2,2,1,0,0,1,32.0,59.0,deux_roues,voiture,1,2,1,1,3
202400044051,2024-12-07 14:10:00,2024,12,7,14,10,78,78423,LECLERC (AVENUE DU  GENERAL),48.77386,2.04518,Plein jour,En agglomération,Hors intersection,Normale,Deux véhicules - arrière,4,1,2,0,1,1,1,0,1,50,2,2,1,0,0,1,52.0,50.0,voiture,voiture,1,2,1,1,2
202400044052,2024-09-28 11:50:00,2024,9,28,11,50,25,25074,les fourgs,47.183588,6.703634,Plein jour,Hors agglomération,Hors intersection,Pluie forte,Deux véhicules - arrière,3,2,2,0,1,2,2,0,1,90,2,4,2,1,1,0,80.0,53.0,voiture,utilitaire_camion,1,1,1,3,2