accident_id,datetime,annee,mois,jour,heure,minute,departement,commune_insee,adresse,latitude,longitude,luminosite,agglomeration,intersection,meteo,collision,catr,circ,nbv,vosp,prof,plan,surf,infra,situ,vma,nb_vehicules,nb_usagers,nb_indemnes,nb_tues,nb_blesses_hosp,nb_blesses_legers,age_cond_1,age_cond_2,veh_type_cond_1,veh_type_cond_2,lum_code,agg_code,int_code,atm_code,col_code
202400044131,2024-11-01 22:20:00,2024,11,1,22,20,60,60181,D932,49.620927,3.028241,Nuit sans éclairage public,Hors agglomération,Hors intersection,Normale,Autre collision,3,2,2,0,2,1,1,0,8,80,1,1,0,0,0,1,46.0,,voiture,,3,1,1,1,6
202400044132,2024-08-23 14:30:00,2024,8,23,14,30,23,23008,35 Rue Jean Jaurés,45.955594,2.170292,Plein jour,En agglomération,Hors intersection,Normale,Autre collision,4,2,2,0,1,3,1,0,1,50,1,2,1,0,1,0,72.0,,voiture,,1,2,1,1,6
202400044133,2024-12-06 16:20:00,2024,12,6,16,20,59,59350,Rue Bayard,50.619513,3.054292,Plein jour,En agglomération,Intersection en T,Normale,Deux véhicules - côté,4,-1,0,0,1,1,1,0,1,30,2,2,1,0,0,1,26.0,55.0,deux_roues,voiture,1,2,3,1,3
202400044133,2024-12-06 16:20:00,2024,12,6,16,20,59,59350,Rue Bayard,50.619513,3.054292,Plein jour,En agglomération,Intersection en T,Normale,Deux véhicules - côté,4,-1,1,0,1,1,1,0,1,30,2,2,1,0,0,1,26.0,55.0,deux_roues,voiture,1,2,3,1,3
202400044134,2024-06-15 06:30:00,2024,6,15,6,30,974,97404,N2001,-21.271204,55.383239,Crépuscule ou aube,Hors agglomération,Hors intersection,Pluie légère,Deux véhicules - arrière,2,2,2,0,1,1,2,0,1,80,2,2,1,0,1,0,27.0,38.0,voiture,deux_roues,2,1,1,2,2
202400044135,2024-09-28 08:30:00,2024,9,28,8,30,83,83006,Route de Rians,43.6009755,5.80286407,Plein jour,Hors agglomération,Hors intersection,Normale,Deux véhicules - côté,3,2,2,0,1,1,1,0,1,80,2,2,1,1,0,0,51.0,34.0,deux_roues,utilitaire_camion,1,1,1,1,3
202400044136,2024-08-22 23:05:00,2024,8,22,23,5,87,87018,RD5 PK14,46.04488,0.996151,Nuit sans éclairage public,Hors agglomération,Hors intersection,Normale,Sans collision,3,2,2,0,1,1,1,0,3,90,1,2,1,0,1,0,49.0,,voiture,,3,1,1,1,7
202400044137,2024-09-27 16:20:00,2024,9,27,16,20,05,05181,D1091,45.035807,6.367993,Plein jour,Hors agglomération,Hors intersection,Normale,Autre collision,3,2,2,0,2,2,1,0,3,90,1,1,0,0,1,0,30.0,,deux_roues,,1,1,1,1,6
202400044138,2024-12-07 18:42:00,2024,12,7,18,42,56,56260,Rue Francis Decker,47.65728,-2.75494,Nuit avec éclairage allumé,En agglomération,Hors intersection,Pluie légère,Deux véhicules - côté,4,2,2,0,1,1,2,0,1,50,2,2,1,0,0,1,38.0,43.0,deux_roues,voiture,5,2,1,2,3
202400044139,2024-06-12 16:43:00,2024,6,12,16,43,79,79338,,46.220853,0.12624,Plein jour,Hors agglomération,Intersection en X,Normale,Deux véhicules - côté,3,2,2,0,1,1,1,0,1,80,2,2,1,0,1,0,77.0,60.0,voiture,voiture,1,1,2,1,3
202400044139,2024-06-12 16:43:00,2024,6,12,16,43,79,79338,,46.220853,0.12624,Plein jour,Hors agglomération,Intersection en X,Normale,Deux véhicules - côté,3,2,2,-1,1,1,1,0,1,80,2,2,1,0,1,0,77.0,60.0,voiture,voiture,1,1,2,1,3
202400044140,2024-11-02 17:30:00,2024,11,2,17,30,45,45097,D35 PR 4 + 386,47.976008,3.00497,Crépuscule ou aube,Hors agglomération,Intersection en X,Temps couvert,Deux véhicules - côté,3,2,2,0,1,1,1,0,1,80,2,5,1,1,0,3,42.0,49.0,voiture,voiture,2,1,2,8,3
202400044140,2024-11-02 17:30:00,2024,11,2,17,30,45,45097,D35 PR 4 + 386,47.976008,3.00497,Crépuscule ou aube,Hors agglomération,Intersection en X,Temps couvert,Deux véhicules - côté,3,2,2,0,1,1,1,0,1,80,2,5,1,1,0,3,42.0,49.0,voiture,voiture,2,1,2,8,3
202400044141,2024-12-07 07:50:00,2024,12,7,7,50,54,54493,Rue de Longwy,49.53096,5.82049,Nuit avec éclairage allumé,En agglomération,Hors intersection,Normale,Autre collision,3,2,1,0,1,1,1,0,1,50,1,1,0,0,0,1,51.0,,voiture,,5,2,1,1,6
202400044142,2024-08-22 16:15:00,2024,8,22,16,15,30,30003,départementale 61,43.580018,4.102278,Plein jour,Hors agglomération,Hors intersection,Normale,Deux véhicules - arrière,3,3,0,0,2,1,1,0,1,90,2,2,1,0,1,0,63.0,65.0,deux_roues,voiture,1,1,1,1,2
202400044143,2024-06-06 07:18:00,2024,6,6,7,18,26,26010,645 Route de Châteauneuf,45.25107394,4.92893457,Plein jour,Hors agglomération,Hors intersection,Normale,Deux véhicules - frontale,3,2,2,0,1,2,1,0,1,80,2,2,1,0,0,1,42.0,60.0,voiture,voiture,1,1,1,1,1
202400044144,2024-11-01 18:30:00,2024,11,1,18,30,64,64228,D29,43.388793,-1.019958,Nuit sans éclairage public,Hors agglomération,Hors intersection,Normale,Sans collision,3,2,2,0,2,2,1,0,3,80,1,3,0,0,2,1,20.0,,voiture,,3,1,1,1,7
202400044145,2024-12-07 18:30:00,2024,12,7,18,30,51,51454,LAMBERT (BOULEVARD VICTOR),49.243546,4.045611,Nuit avec éclairage allumé,En agglomération,Hors intersection,Pluie forte,Autre collision,4,2,2,0,1,1,2,0,1,50,1,2,1,0,0,1,49.0,,deux_roues,,5,2,1,3,6
202400044146,2024-08-22 11:10:00,2024,8,22,11,10,30,30003,D979,43.54931,4.164419,Plein jour,Hors agglomération,Hors intersection,Normale,Deux véhicules - côté,3,2,2,0,1,1,1,0,1,80,2,3,1,0,2,0,26.0,57.0,voiture,deux_roues,1,1,1,1,3
202400044147,2024-09-27 17:05:00,2024,9,27,17,5,71,71433,D985,46.3694249,4.25541312,Plein jour,Hors agglomération,Intersection en X,Normale,Trois véhicules et plus - en chaîne,3,2,2,0,1,1,1,0,1,80,4,6,4,0,1,1,54.0,53.0,voiture,voiture,1,1,2,1,4
202400044147,2024-09-27 17:05:00,2024,9,27,17,5,71,71433,D985,46.3694249,4.25541312,Plein jour,Hors agglomération,Intersection en X,Normale,Trois véhicules et plus - en chaîne,3,2,2,0,2,1,1,0,1,80,4,6,4,0,1,1,54.0,53.0,voiture,voiture,1,1,2,1,4
202400044148,2024-06-14 20:25:00,2024,6,14,20,25,72,72058,lieu dit le grand verger,47.96539347,0.27991019,Plein jour,Hors agglomération,Hors intersection,Pluie légère,Sans collision,3,2,2,0,1,1,2,0,1,90,1,3,0,0,1,2,19.0,,voiture,,1,1,1,2,7
202400044149,2024-11-01 10:30:00,2024,11,1,10,30,07,07201,9 Route de Pradons,44.4603,4.342754,Plein jour,En agglomération,Hors intersection,Normale,Autre collision,6,-1, -1,0,1,1,1,0,8,-1,1,2,1,0,1,0,33.0,,voiture,,1,2,1,1,6
202400044150,2024-09-27 15:45:00,2024,9,27,15,45,57,57195,D34,49.10799886,7.30006367,Plein jour,Hors agglomération,Hors intersection,Vent fort / tempête,Deux véhicules - côté,3,2,2,0,2,1,1,0,1,80,2,2,1,0,1,0,47.0,46.0,voiture,voiture,1,1,1,6,3
202400044151,2024-12-07 10:45:00,2024,12,7,10,45,43,43157,BUREL (RUE),45.04086,3.88722,Plein jour,En agglomération,Intersection en T,Pluie légère,Autre collision,4,2,2,0,1,1,2,0,1,50,1,2,1,0,0,1,23.0,,voiture,,1,2,3,2,6
202400044151,2024-12-07 10:45:00,2024,12,7,10,45,43,43157,BUREL (RUE),45.04086,3.88722,Plein jour,En agglomération,Intersection en T,Pluie légère,Autre collision,4,2,2,0,1,1,2,0,1,50,1,2,1,0,0,1,23.0,,voiture,,1,2,3,2,6
202400044152,2024-06-15 11:25:00,2024,6,15,11,25,30,30117,Rue de la Rompie,43.691753,4.610806,Plein jour,En agglomération,Intersection en X,Normale,Deux véhicules - côté,4,-1,1,3,2,1,1,0,1,50,2,2,1,0,0,1,66.0,30.0,voiture,deux_roues,1,2,2,1,3
202400044152,2024-06-15 11:25:00,2024,6,15,11,25,30,30117,Rue de la Rompie,43.691753,4.610806,Plein jour,En agglomération,Intersection en X,Normale,Deux véhicules - côté,4,2,1,0,1,2,1,0,1,50,2,2,1,0,0,1,66.0,30.0,voiture,deux_roues,1,2,2,1,3
202400044153,2024-08-23 19:25:00,2024,8,23,19,25,48,48128,intersection D806 et D987,44.773046,3.325982,Plein jour,Hors agglomération,Intersection en T,Normale,Autre collision,3,2,1,0,2,3,1,0,1,90,1,1,0,0,1,0,61.0,,deux_roues,,1,1,3,1,6
202400044153,2024-08-23 19:25:00,2024,8,23,19,25,48,48128,intersection D806 et D987,44.773046,3.325982,Plein jour,Hors agglomération,Intersection en T,Normale,Autre collision,3,2,1,0,2,3,1,0,1,90,1,1,0,0,1,0,61.0,,deux_roues,,1,1,3,1,6
202400044154,2024-11-02 14:30:00,2024,11,2,14,30,07,07343,Route de la Vernade,44.555433,4.324086,Plein jour,En agglomération,Intersection en T,Normale,Deux véhicules - frontale,3,2,2,0,1,1,1,9,1,70,2,3,1,0,1,1,46.0,39.0,voiture,deux_roues,1,2,3,1,1
202400044154,2024-11-02 14:30:00,2024,11,2,14,30,07,07343,Route de la Vernade,44.555433,4.324086,Plein jour,En agglomération,Intersection en T,Normale,Deux véhicules - frontale,3,2,2,0,1,1,1,0,1,-1,2,3,1,0,1,1,46.0,39.0,voiture,deux_roues,1,2,3,1,1
202400044155,2024-09-27 12:00:00,2024,9,27,12,0,57,57443,D52,49.211503,6.126562,Plein jour,Hors agglomération,Hors intersection,Normale,Deux véhicules - frontale,3,2,2,0,1,1,2,0,1,80,2,2,0,0,1,1,68.0,36.0,voiture,voiture,1,1,1,1,1
202400044156,2024-12-07 13:30:00,2024,12,7,13,30,42,42270,Route des Gorges,45.39703,4.23573,Plein jour,Hors agglomération,Hors intersection,Pluie légère,Autre collision,7,2,2,0,2,2,2,0,1,50,1,2,1,0,0,1,17.0,,voiture,,1,1,1,2,6
202400044157,2024-06-15 01:25:00,2024,6,15,1,25,30,30125,Route de Bouillargues,43.790757,4.43014,Nuit sans éclairage public,Hors agglomération,Hors intersection,Temps couvert,Deux véhicules - côté,3,2,2,0,1,4,1,0,1,80,2,2,1,0,1,0,43.0,23.0,deux_roues,voiture,3,1,1,8,3
202400044158,2024-06-14 19:15:00,2024,6,14,19,15,19,19125,1 Tremoulet,45.260072,2.055752,Plein jour,Hors agglomération,Hors intersection,Temps couvert,Sans collision,4,2,2,0,2,3,2,0,1,90,1,1,0,0,1,0,61.0,,deux_roues,,1,1,1,8,7
202400044159,2024-11-01 14:30:00,2024,11,1,14,30,53,53040,D 106 PK 09+200,48.13498093,-1.05219241,Plein jour,Hors agglomération,Hors intersection,Normale,Deux véhicules - frontale,3,-1,2,0,2,3,1,0,1,80,2,3,1,0,1,1,66.0,18.0,voiture,voiture,1,1,1,1,1
202400044160,2024-09-19 19:30:00,2024,9,19,19,30,69,69289,Route d’Heyrieux,45.643988,5.03279,Plein jour,Hors agglomération,Hors intersection,Normale,Deux véhicules - côté,3,2,2,2,1,1,1,0,1,80,2,2,1,0,1,0,47.0,40.0,utilitaire_camion,voiture,1,1,1,1,3
202400044161,2024-12-07 11:10:00,2024,12,7,11,10,38,38053,Rue Edouard Marion,45.5854,5.2709,Plein jour,En agglomération,Intersection en X,Pluie légère,Deux véhicules - côté,4,3,4,0,1,1,2,9,1,50,2,4,2,0,0,2,30.0,30.0,voiture,voiture,1,2,2,2,3
202400044161,2024-12-07 11:10:00,2024,12,7,11,10,38,38053,Rue Edouard Marion,45.5854,5.2709,Plein jour,En agglomération,Intersection en X,Pluie légère,Deux véhicules - côté,4,2,2,0,1,1,2,0,1,50,2,4,2,0,0,2,30.0,30.0,voiture,voiture,1,2,2,2,3
202400044162,2024-11-01 16:15:00,2024,11,1,16,15,21,21399,D981,47.212805,4.55924,Plein jour,Hors agglomération,Hors intersection,Normale,Autre collision,3,2,2,0,1,1,1,0,3,90,1,1,0,0,1,0,38.0,,voiture,,1,1,1,1,6
202400044163,2024-08-22 12:10:00,2024,8,22,12,10,31,31430,"A64, PK 193.750",43.10677987,0.60750535,Plein jour,Hors agglomération,Hors intersection,Normale,Trois véhicules et plus - en chaîne,1,3,2,0,2,1,1,0,1,130,3,7,2,0,1,4,51.0,21.0,utilitaire_camion,voiture,1,1,1,1,4
202400044164,2024-06-14 10:50:00,2024,6,14,10,50,79,79100,,46.337958,-0.549284,Plein jour,Hors agglomération,Intersection en X,Normale,Deux véhicules - frontale,3,2,2,0,1,1,1,0,1,80,2,2,1,0,1,0,19.0,78.0,voiture,voiture,1,1,2,1,1
202400044164,2024-06-14 10:50:00,2024,6,14,10,50,79,79100,,46.337958,-0.549284,Plein jour,Hors agglomération,Intersection en X,Normale,Deux véhicules - frontale,3,2,2,-1,1,1,1,0,1,-1,2,2,1,0,1,0,19.0,78.0,voiture,voiture,1,1,2,1,1
202400044165,2024-11-02 17:30:00,2024,11,2,17,30,40,40090,D58,43.65803,-0.811915,Plein jour,Hors agglomération,Hors intersection,Normale,Autre collision,3,2,2,0,1,1,1,0,1,80,1,4,2,0,2,0,79.0,,voiture,,1,1,1,1,6
202400044166,2024-08-23 09:50:00,2024,8,23,9,50,04,04112,A51,43.80559185,5.81657244,Plein jour,Hors agglomération,Hors intersection,Normale,Deux véhicules - arrière,1,1,1,0,1,1,1,0,1,50,2,2,1,0,1,0,48.0,42.0,deux_roues,utilitaire_camion,1,1,1,1,2
202400044167,2024-06-09 00:45:00,2024,6,9,0,45,32,32078,Route de la Pétarde,43.89245,0.667076,Nuit sans éclairage public,Hors agglomération,Hors intersection,Normale,Sans collision,4,2,2,0,2,4,1,0,1,80,1,3,2,0,1,0,17.0,,voiture,,3,1,1,1,7
202400044168,2024-09-27 17:50:00,2024,9,27,17,50,24,24022,Route des Cygnes,44.84018922,0.78063548,Plein jour,Hors agglomération,Hors intersection,Normale,Deux véhicules - frontale,3,2,2,0,1,3,1,0,1,70,2,2,1,0,1,0,86.0,48.0,voiture,voiture,1,1,1,1,1
202400044169,2024-11-01 22:45:00,2024,11,1,22,45,30,30165,Route de Mons,44.104228,4.154479,Nuit sans éclairage public,Hors agglomération,Hors intersection,Normale,Sans collision,3,2,2,0,2,4,2,0,8,80,1,1,0,0,1,0,16.0,,deux_roues,,3,1,1,1,7
202400044170,2024-12-07 16:25:00,2024,12,7,16,25,35,35238,LIBERTE (BD DE LA),48.10750163,-1.67544991,Crépuscule ou aube,En agglomération,Intersection en T,Pluie légère,Trois véhicules et plus - collisions multiples,4,3,2,3,1,1,2,0,1,30,3,7,3,0,0,4,28.0,28.0,voiture,voiture,2,2,3,2,5
202400044170,2024-12-07 16:25:00,2024,12,7,16,25,35,35238,LIBERTE (BD DE LA),48.10750163,-1.67544991,Crépuscule ou aube,En agglomération,Intersection en T,Pluie légère,Trois véhicules et plus - collisions multiples,4,1,1,2,1,1,2,6,1,20,3,7,3,0,0,4,28.0,28.0,voiture,voiture,2,2,3,2,5
202400044171,2024-07-28 16:50:00,2024,7,28,16,50,47,47159,D6,44.380897,0.182462,Plein jour,Hors agglomération,Hors intersection,Normale,Autre collision,3,2,2,0,3,3,1,0,1,80,1,4,3,0,0,1,19.0,,voiture,,1,1,1,1,6
202400044172,2024-06-14 11:50:00,2024,6,14,11,50,63,63415,rue dela croix du salut,45.550422,3.370488,Plein jour,En agglomération,Hors intersection,Pluie légère,Deux véhicules - frontale,3,2,2,0,2,3,2,0,1,50,2,2,1,0,1,0,33.0,47.0,utilitaire_camion,deux_roues,1,2,1,2,1
202400044173,2024-09-27 17:00:00,2024,9,27,17,0,76,76506,D915,49.741344,1.303521,Plein jour,En agglomération,Hors intersection,Pluie légère,Deux véhicules - frontale,3,2,2,0,1,2,2,0,1,70,2,2,0,0,1,1,39.0,59.0,voiture,voiture,1,2,1,2,1
202400044174,2024-11-02 12:50:00,2024,11,2,12,50,30,30223,321 Route de Saint-Ambroix,44.215286,4.153122,Plein jour,Hors agglomération,Hors intersection,Normale,Deux véhicules - côté,3,2,3,0,2,1,1,0,1,80,2,2,1,0,1,0,42.0,51.0,voiture,deux_roues,1,1,1,1,3
202400044175,2024-08-23 15:40:00,2024,8,23,15,40,67,67033,A4,48.743816,7.686696,Plein jour,Hors agglomération,Hors intersection,Normale,Sans collision,1,3,2,0,1,1,1,0,1,130,1,1,0,1,0,0,50.0,,utilitaire_camion,,1,1,1,1,7
202400044176,2024-12-07 17:10:00,2024,12,7,17,10,35,35238,POMPIDOU ( BD GEORGES),48.10172,-1.68418,Crépuscule ou aube,En agglomération,Intersection en X,Pluie légère,Deux véhicules - côté,4,2,2,1,1,1,2,5,1,30,2,3,2,0,0,1,20.0,34.0,deux_roues,voiture,2,2,2,2,3
202400044176,2024-12-07 17:10:00,2024,12,7,17,10,35,35238,POMPIDOU ( BD GEORGES),48.10172,-1.68418,Crépuscule ou aube,En agglomération,Intersection en X,Pluie légère,Deux véhicules - côté,4,2,2,0,1,1,2,5,1,30,2,3,2,0,0,1,20.0,34.0,deux_roues,voiture,2,2,2,2,3
202400044176,2024-12-07 17:10:00,2024,12,7,17,10,35,35238,POMPIDOU ( BD GEORGES),48.10172,-1.68418,Crépuscule ou aube,En agglomération,Intersection en X,Pluie légère,Deux véhicules - côté,4,3,2,3,1,1,2,2,1,30,2,3,2,0,0,1,20.0,34.0,deux_roues,voiture,2,2,2,2,3
202400044177,2024-09-28 11:12:00,2024,9,28,11,12,60,60446,Route nationale 2,49.132335,2.796782,Plein jour,Hors agglomération,Hors intersection,Normale,Autre collision,2,3,0,0,1,3,1,0,1,110,1,1,0,0,1,0,32.0,,voiture,,1,1,1,1,6
202400044178,2024-06-15 13:40:00,2024,6,15,13,40,55,55222,D908,49.179978,5.654472,Plein jour,Hors agglomération,Intersection en T,Normale,Deux véhicules - frontale,3,2,2,0,2,1,1,0,1,90,2,2,0,0,0,2,21.0,24.0,voiture,voiture,1,1,3,1,1
202400044178,2024-06-15 13:40:00,2024,6,15,13,40,55,55222,D908,49.179978,5.654472,Plein jour,Hors agglomération,Intersection en T,Normale,Deux véhicules - frontale,3,2, -1,-1,1,1,1,0,1,-1,2,2,0,0,0,2,21.0,24.0,voiture,voiture,1,1,3,1,1
202400044179,2024-11-01 21:00:00,2024,11,1,21,0,973,97307,D24 / Avenue felix eboue,4.848182,-52.316085,Nuit sans éclairage public,Hors agglomération,Intersection en T,Normale,Deux véhicules - côté,3,2,2,0,1,1,1,0,1,-1,2,2,1,1,0,0,31.0,19.0,deux_roues,voiture,3,1,3,1,3
202400044179,2024-11-01 21:00:00,2024,11,1,21,0,973,97307,D24 / Avenue felix eboue,4.848182,-52.316085,Nuit sans éclairage public,Hors agglomération,Intersection en T,Normale,Deux véhicules - côté,3,2, -1,-1,1,1,1,0,1,-1,2,2,1,1,0,0,31.0,19.0,deux_roues,voiture,3,1,3,1,3
202400044180,2024-12-06 18:20:00,2024,12,6,18,20,35,35238,LECLERC (AVENUE DU GENERAL),48.11399,-1.64807,Nuit avec éclairage allumé,En agglomération,Intersection en X,Pluie légère,Autre collision,4,2,2,2,1,1,2,0,1,30,1,2,1,0,0,1,51.0,,voiture,,5,2,2,2,6
202400044180,2024-12-06 18:20:00,2024,12,6,18,20,35,35238,LECLERC (AVENUE DU GENERAL),48.11399,-1.64807,Nuit avec éclairage allumé,En agglomération,Intersection en X,Pluie légère,Autre collision,4,2,2,2,2,1,2,0,1,30,1,2,1,0,0,1,51.0,,voiture,,5,2,2,2,6
202400044181,2024-08-23 08:11:00,2024,8,23,8,11,45,45067,A10 PR 104 + 582,47.894169,1.771749,Plein jour,Hors agglomération,Hors intersection,Normale,Deux véhicules - arrière,1,3,6,0,1,1,1,0,1,130,2,5,1,0,1,3,37.0,30.0,voiture,utilitaire_camion,1,1,1,1,2
202400044182,2024-06-14 17:55:00,2024,6,14,17,55,41,41080,Rond-point Montparnasse,47.333635,1.186768,Plein jour,Hors agglomération,Giratoire,Normale,Autre collision,3,1,2,0,1,2,1,9,1,80,2,2,1,0,0,1,48.0,32.0,voiture,deux_roues,1,1,6,1,6
202400044183,2024-09-27 09:34:00,2024,9,27,9,34,60,60341,Route de Paris,49.09167712,2.74341917,Plein jour,En agglomération,Hors intersection,Normale,Trois véhicules et plus - en chaîne,4,2,2,0,1,1,1,0,1,50,3,3,2,0,0,1,33.0,61.0,voiture,voiture,1,2,1,1,4
202400044184,2024-08-22 05:44:00,2024,8,22,5,44,974,97415,N1A,-21.055757,55.226973,Nuit sans éclairage public,Hors agglomération,Hors intersection,Normale,Autre collision,2,2,2,0,3,2,1,0,1,80,1,1,0,0,1,0,22.0,,voiture,,3,1,1,1,6
202400044185,2024-06-13 14:45:00,2024,6,13,14,45,68,68240,9 Rue Principale (Henflingen),47.571467,7.289921,Plein jour,En agglomération,Hors intersection,Normale,Autre collision,3,3,2,0,1,1,1,0,4,50,1,1,0,0,1,0,77.0,,voiture,,1,2,1,1,6
202400044186,2024-11-28 17:30:00,2024,11,28,17,30,34,34129,MONTOUZERES (AVENUE DES),43.571225,3.891528,Crépuscule ou aube,En agglomération,Hors intersection,Normale,Deux véhicules - côté,4,-1,2,0,1,1,1,0,1,50,2,2,1,0,1,0,60.0,63.0,utilitaire_camion,deux_roues,2,2,1,1,3
202400044187,2024-11-01 19:40:00,2024,11,1,19,40,63,63082,"Aire des volcans d'Auvergne, A71",46.057807,3.111405,Nuit avec éclairage allumé,Hors agglomération,Hors intersection,Normale,Deux véhicules - côté,1,1,1,0,1,2,1,9,1,50,2,4,3,0,1,0,55.0,39.0,deux_roues,voiture,5,1,1,1,3
202400044188,2024-06-15 05:45:00,2024,6,15,5,45,68,68374,180 route de Colmar,48.074451,7.276905,Crépuscule ou aube,En agglomération,Hors intersection,Pluie légère,Sans collision,4,2,2,1,1,1,2,0,4,50,1,1,0,0,0,1,37.0,,deux_roues,,2,2,1,2,7
202400044189,2024-08-23 02:02:00,2024,8,23,2,2,974,97418,N2,-20.899265,55.522971,Nuit avec éclairage non allumé,Hors agglomération,Hors intersection,Normale,Autre collision,2,-1,4,0,1,1,1,0,1,90,1,2,0,0,1,1,22.0,,voiture,,4,1,1,1,6
202400044190,2024-09-28 09:50:00,2024,9,28,9,50,80,80618,33 Rue des Ecoles,50.173253,1.587836,Plein jour,En agglomération,Hors intersection,Temps éblouissant,Deux véhicules - côté,4,2,2,0,1,3,2,0,1,50,2,3,2,0,1,0,14.0,63.0,deux_roues,utilitaire_camion,1,2,1,7,3
202400044191,2024-12-06 07:30:00,2024,12,6,7,30,34,34172,SAINT LAZARE (AVENUE DE),43.62154,3.8876,Nuit avec éclairage allumé,En agglomération,Hors intersection,Normale,Deux véhicules - arrière,4,2,2,0,1,1,1,0,1,50,2,2,1,0,0,1,20.0,59.0,voiture,deux_roues,5,2,1,1,2
202400044192,2024-08-23 00:25:00,2024,8,23,0,25,973,97312,Piste de Saint-Élie (Chemin),5.384199,-52.993755,Nuit sans éclairage public,Hors agglomération,Hors intersection,Normale,Sans collision,4,2,2,0,1,1,1,0,1,80,1,2,0,0,2,0,19.0,,utilitaire_camion,,3,1,1,1,7
202400044193,2024-11-01 21:40:00,2024,11,1,21,40,973,97309,Route de la Matourienne,4.881909,-52.292513,Nuit avec éclairage non allumé,Hors agglomération,Hors intersection,Normale,Deux véhicules - côté,3,2,2,0,1,1,1,0,1,80,2,2,1,0,0,1,21.0,66.0,voiture,voiture,4,1,1,1,3
202400044194,2024-09-27 23:05:00,2024,9,27,23,5,59,59076,5 Route de Mons,50.340277,3.97166,Nuit avec éclairage allumé,En agglomération,Hors intersection,Normale,Deux véhicules - frontale,2,2,2,0,1,1,2,9,1,50,1,2,1,0,0,1,41.0,,voiture,,5,2,1,1,1
202400044195,2024-06-15 11:50:00,2024,6,15,11,50,15,15054,RD 678,45.360808,2.793607,Plein jour,Hors agglomération,Hors intersection,Normale,Autre collision,3,2,2,0,1,3,9,8,1,90,2,4,3,1,0,0,47.0,28.0,deux_roues,utilitaire_camion,1,1,1,1,6
202400044196,2024-12-07 18:00:00,2024,12,7,18,0,33,33063,,44.89184,-0.56531,Nuit avec éclairage allumé,En agglomération,Intersection en T,Pluie légère,Autre collision,4,2,4,0,1,1,2,5,1,50,1,3,1,0,0,2,59.0,,voiture,,5,2,3,2,6
202400044196,2024-12-07 18:00:00,2024,12,7,18,0,33,33063,,44.89184,-0.56531,Nuit avec éclairage allumé,En agglomération,Intersection en T,Pluie légère,Autre collision,4,2,2,0,1,1,2,5,1,50,1,3,1,0,0,2,59.0,,voiture,,5,2,3,2,6
202400044197,2024-11-02 15:25:00,2024,11,2,15,25,17,17116,A10,45.417853,-0.603014,Plein jour,Hors agglomération,Hors intersection,Normale,Deux véhicules - côté,1,3,4,0,2,1,1,0,1,130,2,3,1,0,2,0,74.0,58.0,voiture,voiture,1,1,1,1,3
202400044198,2024-06-15 08:39:00,2024,6,15,8,39,01,01305,Rue Andre,46.433413,4.938381,Plein jour,En agglomération,Intersection en T,Normale,Autre collision,3,2,2,0,1,1,1,0,1,50,1,2,1,0,1,0,74.0,,utilitaire_camion,,1,2,3,1,6
202400044198,2024-06-15 08:39:00,2024,6,15,8,39,01,01305,Rue Andre,46.433413,4.938381,Plein jour,En agglomération,Intersection en T,Normale,Autre collision,3,2,2,0,1,1,1,0,1,50,1,2,1,0,1,0,74.0,,utilitaire_camion,,1,2,3,1,6
202400044199,2024-12-07 16:50:00,2024,12,7,16,50,31,31555,AV D ATLANTA,43.62905,1.47638,Crépuscule ou aube,En agglomération,Intersection en T,Pluie forte,Deux véhicules - côté,4,2,3,3,1,1,2,0,1,50,2,2,1,0,0,1,28.0,63.0,deux_roues,voiture,2,2,3,3,3
202400044199,2024-12-07 16:50:00,2024,12,7,16,50,31,31555,AV D ATLANTA,43.62905,1.47638,Crépuscule ou aube,En agglomération,Intersection en T,Pluie forte,Deux véhicules - côté,4,2,3,0,2,1,2,0,8,50,2,2,1,0,0,1,28.0,63.0,deux_roues,voiture,2,2,3,3,3
202400044200,2024-09-27 16:00:00,2024,9,27,16,0,13,13214,A7-Sens Marseille vers Lyon,43.3333,5.37765,Plein jour,Hors agglomération,Hors intersection,Normale,Deux véhicules - côté,1,1,3,0,1,1,1,0,1,90,2,2,0,0,0,2,22.0,59.0,voiture,voiture,1,1,1,1,3
202400044201,2024-11-02 04:45:00,2024,11,2,4,45,68,68301,A35 pk110.000 sens BALE-MULHOUSE,47.692584,7.44666,Nuit sans éclairage public,Hors agglomération,Hors intersection,Normale,Sans collision,1,3,2,0,1,1,2,0,3,130,1,1,0,0,0,1,47.0,,voiture,,3,1,1,1,7
202400044202,2024-06-15 18:40:00,2024,6,15,18,40,58,58038,D143,47.430087,3.43819,Plein jour,Hors agglomération,Hors intersection,Normale,Deux véhicules - côté,3,2,2,0,1,1,1,0,1,80,2,2,1,0,0,1,23.0,56.0,autre,deux_roues,1,1,1,1,3
202400044203,2024-11-02 03:40:00,2024,11,2,3,40,57,57695,"Autoroute A4, PK 344.300, sens Strasbourg vers Paris",49.14060225,6.46133346,Nuit sans éclairage public,Hors agglomération,Hors intersection,Normale,Autre collision,1,3,3,0,1,2,1,0,1,130,1,2,1,1,0,0,36.0,,utilitaire_camion,,3,1,1,1,6