accident_id,datetime,annee,mois,jour,heure,minute,departement,commune_insee,adresse,latitude,longitude,luminosite,agglomeration,intersection,meteo,collision,catr,circ,nbv,vosp,prof,plan,surf,infra,situ,vma,nb_vehicules,nb_usagers,nb_indemnes,nb_tues,nb_blesses_hosp,nb_blesses_legers,age_cond_1,age_cond_2,veh_type_cond_1,veh_type_cond_2,lum_code,agg_code,int_code,atm_code,col_code
202400044276,2024-12-06 08:30:00,2024,12,6,8,30,75,75104,RUE DE RIVOLI,48.857533,2.351409,Plein jour,En agglomération,Intersection en X,Normale,Deux véhicules - côté,4,1,3,0,1,1,1,0,1,30,2,2,1,0,0,1,28.0,31.0,utilitaire_camion,deux_roues,1,2,2,1,3
202400044276,2024-12-06 08:30:00,2024,12,6,8,30,75,75104,RUE DE RIVOLI,48.857533,2.351409,Plein jour,En agglomération,Intersection en X,Normale,Deux véhicules - côté,4,1,3,0,1,1,1,0,1,30,2,2,1,0,0,1,28.0,31.0,utilitaire_camion,deux_roues,1,2,2,1,3
202400044277,2024-06-15 00:10:00,2024,6,15,0,10,13,13082,Chemin de la Tuilière,43.665913,5.347033,Nuit sans éclairage public,Hors agglomération,Hors intersection,Normale,Deux véhicules - frontale,4,2,2,0,1,3,1,0,8,80,1,2,1,0,1,0,24.0,,voiture,,3,1,1,1,1
202400044278,2024-09-26 18:20:00,2024,9,26,18,20,93,93007,AUTOROUTE A3,48.94277535,2.47810334,Plein jour,Hors agglomération,Hors intersection,Pluie légère,Deux véhicules - arrière,1,3,3,0,1,1,2,0,1,90,2,2,1,0,0,1,31.0,30.0,utilitaire_camion,voiture,1,1,1,2,2
202400044279,2024-10-31 18:10:00,2024,10,31,18,10,69,69383,Rue Paul Bert,45.75709,4.85747,Crépuscule ou aube,En agglomération,Intersection en T,Normale,Deux véhicules - côté,4,1,1,2,1,1,1,0,1,30,2,2,1,0,0,1,44.0,30.0,deux_roues,voiture,2,2,3,1,3
202400044279,2024-10-31 18:10:00,2024,10,31,18,10,69,69383,Rue Paul Bert,45.75709,4.85747,Crépuscule ou aube,En agglomération,Intersection en T,Normale,Deux véhicules - côté,4,2,3,2,1,1,1,0,1,30,2,2,1,0,0,1,44.0,30.0,deux_roues,voiture,2,2,3,1,3
202400044280,2024-12-07 07:00:00,2024,12,7,7,0,94,94078,Rue de Paris,48.73536,2.44694,Nuit avec éclairage allumé,En agglomération,Hors intersection,Pluie légère,Autre collision,2,2,0,0,1,1,2,0,1,50,1,2,1,0,0,1,54.0,,deux_roues,,5,2,1,2,6
202400044281,2024-06-14 16:30:00,2024,6,14,16,30,13,13014,"Boulevard Henri Wallon, intersection avec bd Barbusse",43.495503,5.163161,Plein jour,En agglomération,Intersection en T,Normale,Deux véhicules - arrière,4,4,2,0,1,1,1,0,1,50,2,2,1,0,0,1,31.0,38.0,voiture,voiture,1,2,3,1,2
202400044281,2024-06-14 16:30:00,2024,6,14,16,30,13,13014,"Boulevard Henri Wallon, intersection avec bd Barbusse",43.495503,5.163161,Plein jour,En agglomération,Intersection en T,Normale,Deux véhicules - arrière,4,2, -1,-1,1,1,1,0,1,-1,2,2,1,0,0,1,31.0,38.0,voiture,voiture,1,2,3,1,2
202400044282,2024-10-31 14:17:00,2024,10,31,14,17,69,69383,Rue Saint Isidore,45.75058,4.88295,Plein jour,En agglomération,Intersection en X,Normale,Deux véhicules - côté,4,1,1,0,1,1,1,0,1,30,2,2,0,0,0,2,47.0,80.0,deux_roues,voiture,1,2,2,1,3
202400044282,2024-10-31 14:17:00,2024,10,31,14,17,69,69383,Rue Saint Isidore,45.75058,4.88295,Plein jour,En agglomération,Intersection en X,Normale,Deux véhicules - côté,4,1,1,2,1,1,1,0,1,30,2,2,0,0,0,2,47.0,80.0,deux_roues,voiture,1,2,2,1,3
202400044283,2024-09-26 08:30:00,2024,9,26,8,30,93,93066,AUTOROUTE A1,48.91977,2.35723243,Plein jour,Hors agglomération,Hors intersection,Normale,Deux véhicules - côté,1,3,4,0,1,1,2,0,1,90,2,2,1,0,0,1,20.0,32.0,deux_roues,voiture,1,1,1,1,3
202400044284,2024-12-07 15:25:00,2024,12,7,15,25,94,94003,Avenue Aristide Briand,48.80575,2.3256,Crépuscule ou aube,En agglomération,Intersection en T,Temps couvert,Deux véhicules - côté,3,3,6,3,1,1,2,5,1,50,2,2,1,0,0,1,31.0,34.0,deux_roues,voiture,2,2,3,8,3
202400044284,2024-12-07 15:25:00,2024,12,7,15,25,94,94003,Avenue Aristide Briand,48.80575,2.3256,Crépuscule ou aube,En agglomération,Intersection en T,Temps couvert,Deux véhicules - côté,3,2,2,-1,1,1,2,5,1,-1,2,2,1,0,0,1,31.0,34.0,deux_roues,voiture,2,2,3,8,3
202400044285,2024-10-31 12:45:00,2024,10,31,12,45,69,69034,32 Montée des Soldats,45.79546,4.85865,Plein jour,En agglomération,Hors intersection,Normale,Autre collision,7,2,2,3,2,1,1,0,1,50,2,3,1,0,0,2,30.0,25.0,voiture,utilitaire_camion,1,2,1,1,6
202400044286,2024-12-06 17:25:00,2024,12,6,17,25,94,94028,24 Rue des Mèches,48.79229,2.457783,Nuit avec éclairage allumé,En agglomération,Hors intersection,Normale,Autre collision,3,-1,5,0,1,1,1,0,1,50,1,2,1,0,0,1,,,utilitaire_camion,,5,2,1,1,6
202400044287,2024-06-15 00:15:00,2024,6,15,0,15,74,74280,Route des aravis,45.899245,6.348976,Nuit sans éclairage public,Hors agglomération,Hors intersection,Pluie légère,Deux véhicules - arrière,3,2,2,0,2,1,2,0,1,80,2,4,2,0,2,0,28.0,48.0,voiture,voiture,3,1,1,2,2
202400044288,2024-09-25 19:30:00,2024,9,25,19,30,93,93029,AUTOROUTE A86,48.91434761,2.43222044,Crépuscule ou aube,En agglomération,Hors intersection,Pluie forte,Trois véhicules et plus - en chaîne,1,3,3,0,1,1,2,1,1,90,3,5,0,0,0,5,53.0,25.0,voiture,voiture,2,2,1,3,4
202400044289,2024-06-14 20:50:00,2024,6,14,20,50,38,38061,D1075,45.339598,5.615441,Nuit sans éclairage public,Hors agglomération,Hors intersection,Normale,Deux véhicules - arrière,3,2,0,0,1,1,1,0,1,90,2,2,1,0,1,0,26.0,32.0,utilitaire_camion,deux_roues,3,1,1,1,2
202400044290,2024-12-06 15:15:00,2024,12,6,15,15,94,94022,Boulevard de Stalingrad,48.77286611,2.40030563,Plein jour,En agglomération,Intersection en X,Normale,Deux véhicules - côté,3,1,2,0,1,3,1,5,1,50,2,2,1,0,0,1,36.0,25.0,voiture,deux_roues,1,2,2,1,3
202400044290,2024-12-06 15:15:00,2024,12,6,15,15,94,94022,Boulevard de Stalingrad,48.77286611,2.40030563,Plein jour,En agglomération,Intersection en X,Normale,Deux véhicules - côté,3,-1, -1,-1,4,1,1,5,1,-1,2,2,1,0,0,1,36.0,25.0,voiture,deux_roues,1,2,2,1,3
202400044291,2024-10-30 22:00:00,2024,10,30,22,0,971,97105,COURS NOLIVOS ( RUE DU),15.99658681,-61.73164666,Nuit avec éclairage allumé,En agglomération,Intersection en T,Normale,Deux véhicules - côté,4,1,1,0,1,1,1,0,1,50,2,5,0,0,0,5,31.0,41.0,voiture,voiture,5,2,3,1,3
202400044291,2024-10-30 22:00:00,2024,10,30,22,0,971,97105,COURS NOLIVOS ( RUE DU),15.99658681,-61.73164666,Nuit avec éclairage allumé,En agglomération,Intersection en T,Normale,Deux véhicules - côté,4,1,1,0,1,1,1,0,1,50,2,5,0,0,0,5,31.0,41.0,voiture,voiture,5,2,3,1,3
202400044292,2024-12-06 15:40:00,2024,12,6,15,40,94,94002,Rue Etienne Dolet / Rue de Choisy,48.78971012,2.42572814,Plein jour,En agglomération,Intersection en T,Normale,Autre collision,4,1,1,0,1,1,1,0,1,-1,1,2,1,0,0,1,25.0,,voiture,,1,2,3,1,6
202400044292,2024-12-06 15:40:00,2024,12,6,15,40,94,94002,Rue Etienne Dolet / Rue de Choisy,48.78971012,2.42572814,Plein jour,En agglomération,Intersection en T,Normale,Autre collision,4,2,2,0,1,1,1,0,1,50,1,2,1,0,0,1,25.0,,voiture,,1,2,3,1,6
202400044293,2024-06-15 05:20:00,2024,6,15,5,20,86,86036,D39,47.084838,0.061967,Crépuscule ou aube,Hors agglomération,Hors intersection,Normale,Deux véhicules - côté,3,2,2,0,1,1,1,0,1,80,2,6,5,0,1,0,33.0,34.0,voiture,voiture,2,1,1,1,3
202400044294,2024-09-27 18:25:00,2024,9,27,18,25,77,77121,A4,48.83196795,2.6729114,Plein jour,Hors agglomération,Hors intersection,Pluie forte,Autre collision,1,1,3,0,1,1,2,3,1,110,3,3,2,0,0,1,51.0,38.0,voiture,voiture,1,1,1,3,6
202400044295,2024-10-31 20:05:00,2024,10,31,20,5,2A,2A004,2 Avenue du Docteur Noel Franchini,41.93401,8.75305,Nuit avec éclairage allumé,En agglomération,Hors intersection,Normale,Deux véhicules - côté,2,2,2,0,1,1,1,0,1,50,2,3,1,0,0,2,26.0,18.0,deux_roues,voiture,5,2,1,1,3
202400044296,2024-12-07 18:08:00,2024,12,7,18,8,93,93064,LAENNEC (RUE),48.87749536,2.49895579,Crépuscule ou aube,En agglomération,Autre intersection,Pluie forte,Autre collision,4,2,2,0,2,1,2,0,1,30,1,2,1,0,0,1,25.0,,voiture,,2,2,9,3,6
202400044297,2024-10-31 10:00:00,2024,10,31,10,0,2A,2A004,#Route de St Antoine#,41.93283,8.67728,Plein jour,Hors agglomération,Hors intersection,Normale,Sans collision,3,2,2,0,2,1,9,0,1,50,1,1,0,1,0,0,54.0,,deux_roues,,1,1,1,1,7
202400044298,2024-06-14 19:40:00,2024,6,14,19,40,35,35221,RD 84 - PK 163 + 800,47.879124,-1.707494,Plein jour,Hors agglomération,Hors intersection,Pluie forte,Autre collision,3,2,2,0,2,2,2,0,1,80,1,2,1,0,0,1,18.0,,voiture,,1,1,1,3,6
202400044299,2024-09-27 18:30:00,2024,9,27,18,30,94,94079,A4,48.83525111,2.53871581,Plein jour,Hors agglomération,Hors intersection,Pluie légère,Deux véhicules - côté,1,1,4,0,1,1,2,0,1,90,2,2,1,0,0,1,57.0,51.0,deux_roues,voiture,1,1,1,2,3
202400044300,2024-10-30 16:20:00,2024,10,30,16,20,91,91377,RUE DES CANADIENS,48.73329,2.288,Plein jour,En agglomération,Hors intersection,Temps couvert,Autre collision,4,1,1,0,1,1,1,0,8,40,1,2,1,0,0,1,21.0,,deux_roues,,1,2,1,8,6
202400044301,2024-12-06 19:35:00,2024,12,6,19,35,93,93014,CHENE POINTU (ALLEE DU),48.90500943,2.54225546,Nuit avec éclairage allumé,En agglomération,Intersection en X,Normale,Deux véhicules - côté,3,3,8,1,1,1,1,0,1,50,2,2,1,0,0,1,39.0,27.0,voiture,deux_roues,5,2,2,1,3
202400044301,2024-12-06 19:35:00,2024,12,6,19,35,93,93014,CHENE POINTU (ALLEE DU),48.90500943,2.54225546,Nuit avec éclairage allumé,En agglomération,Intersection en X,Normale,Deux véhicules - côté,3,3,4,1,1,1,1,0,1,50,2,2,1,0,0,1,39.0,27.0,voiture,deux_roues,5,2,2,1,3
202400044302,2024-06-08 17:15:00,2024,6,8,17,15,27,27469,RD 6015,49.294089,1.15659,Plein jour,Hors agglomération,Hors intersection,Normale,Deux véhicules - côté,3,2,2,0,2,1,1,0,1,80,2,2,1,0,1,0,88.0,55.0,voiture,deux_roues,1,1,1,1,3
202400044303,2024-09-26 09:45:00,2024,9,26,9,45,988,98818,RUE LEON COURSIN,-22.27567,166.44833,Plein jour,En agglomération,Hors intersection,Normale,Deux véhicules - arrière,4,1,3,0,1,1,1,0,1,50,2,3,2,0,0,1,58.0,62.0,voiture,voiture,1,2,1,1,2
202400044304,2024-12-06 20:20:00,2024,12,6,20,20,93,93007,"""PIERRE SEMARD (RUE """"COTE IMPAIRS"""")""",48.93557409,2.47568285,Nuit avec éclairage allumé,En agglomération,Intersection en T,Normale,Autre collision,3,2, -1,-1,1,1,1,0,8,-1,1,2,1,0,0,1,47.0,,voiture,,5,2,3,1,6
202400044304,2024-12-06 20:20:00,2024,12,6,20,20,93,93007,"""PIERRE SEMARD (RUE """"COTE IMPAIRS"""")""",48.93557409,2.47568285,Nuit avec éclairage allumé,En agglomération,Intersection en T,Normale,Autre collision,3,2,2,0,1,2,1,0,8,50,1,2,1,0,0,1,47.0,,voiture,,5,2,3,1,6
202400044305,2024-10-31 14:55:00,2024,10,31,14,55,91,91589,BD ARISTIDE BRIAND,48.68603,2.34893,Plein jour,En agglomération,Intersection en T,Normale,Deux véhicules - côté,3,2,2,0,1,1,1,0,1,50,2,2,1,0,1,0,40.0,57.0,voiture,deux_roues,1,2,3,1,3
202400044305,2024-10-31 14:55:00,2024,10,31,14,55,91,91589,BD ARISTIDE BRIAND,48.68603,2.34893,Plein jour,En agglomération,Intersection en T,Normale,Deux véhicules - côté,3,2,2,0,1,1,1,0,1,50,2,2,1,0,1,0,40.0,57.0,voiture,deux_roues,1,2,3,1,3
202400044306,2024-06-14 23:00:00,2024,6,14,23,0,76,76503,Route d'Eslettes,49.544464,1.020602,Nuit sans éclairage public,Hors agglomération,Intersection en X,Temps couvert,Deux véhicules - côté,3,2,2,0,1,1,2,0,1,70,2,5,4,0,0,1,36.0,43.0,voiture,voiture,3,1,2,8,3
202400044306,2024-06-14 23:00:00,2024,6,14,23,0,76,76503,Route d'Eslettes,49.544464,1.020602,Nuit sans éclairage public,Hors agglomération,Intersection en X,Temps couvert,Deux véhicules - côté,3,2,2,0,1,1,2,0,1,70,2,5,4,0,0,1,36.0,43.0,voiture,voiture,3,1,2,8,3
202400044307,2024-12-07 20:05:00,2024,12,7,20,5,92,92078,GALLIENI (BD) (1 A 79 ET 22 A 102),48.92673,2.32918,Nuit avec éclairage allumé,En agglomération,Autre intersection,Pluie légère,Deux véhicules - côté,3,2,0,0,1,1,2,0,1,30,2,2,1,0,0,1,26.0,25.0,deux_roues,voiture,5,2,9,2,3
202400044308,2024-10-31 12:00:00,2024,10,31,12,0,91,91228,BD DES COQUIBUS,48.622,2.4483,Plein jour,En agglomération,Hors intersection,Normale,Deux véhicules - arrière,3,1,2,0,4,1,1,0,1,50,2,2,1,0,0,1,23.0,40.0,voiture,voiture,1,2,1,1,2
202400044309,2024-09-26 20:00:00,2024,9,26,20,0,69,69387,Avenue Debourg,45.73079,4.83525,Nuit avec éclairage allumé,En agglomération,Intersection en X,Pluie légère,Deux véhicules - côté,4,2,2,2,1,1,2,0,1,30,2,2,1,0,1,0,32.0,44.0,voiture,voiture,5,2,2,2,3
202400044309,2024-09-26 20:00:00,2024,9,26,20,0,69,69387,Avenue Debourg,45.73079,4.83525,Nuit avec éclairage allumé,En agglomération,Intersection en X,Pluie légère,Deux véhicules - côté,4,2,2,0,1,1,2,0,1,30,2,2,1,0,1,0,32.0,44.0,voiture,voiture,5,2,2,2,3
202400044310,2024-12-07 11:41:00,2024,12,7,11,41,92,92063,JONCHERE (CHEMIN DE LA),48.86800346,2.15627231,Plein jour,En agglomération,Hors intersection,Temps couvert,Deux véhicules - arrière,3,3,0,0,2,1,2,0,1,50,2,4,2,0,0,2,31.0,30.0,voiture,utilitaire_camion,1,2,1,8,2
202400044311,2024-06-15 11:50:00,2024,6,15,11,50,80,80302,D930,49.647372,2.627631,Plein jour,Hors agglomération,Intersection en X,Normale,Deux véhicules - côté,3,-1,1,0,1,1,1,0,1,80,2,5,0,0,0,5,27.0,25.0,voiture,voiture,1,1,2,1,3
202400044311,2024-06-15 11:50:00,2024,6,15,11,50,80,80302,D930,49.647372,2.627631,Plein jour,Hors agglomération,Intersection en X,Normale,Deux véhicules - côté,3,2,2,0,1,1,1,0,1,80,2,5,0,0,0,5,27.0,25.0,voiture,voiture,1,1,2,1,3
202400044312,2024-10-31 13:50:00,2024,10,31,13,50,91,91469,VAUVERT (ROUTE DE) CD49,48.40443,2.14057,Plein jour,En agglomération,Intersection en T,Temps couvert,Deux véhicules - côté,3,2,1,0,2,1,1,0,1,50,2,2,1,0,0,1,54.0,19.0,voiture,deux_roues,1,2,3,8,3
202400044312,2024-10-31 13:50:00,2024,10,31,13,50,91,91469,VAUVERT (ROUTE DE) CD49,48.40443,2.14057,Plein jour,En agglomération,Intersection en T,Temps couvert,Deux véhicules - côté,3,2,2,0,1,1,1,0,1,50,2,2,1,0,0,1,54.0,19.0,voiture,deux_roues,1,2,3,8,3
202400044313,2024-12-07 02:20:00,2024,12,7,2,20,92,92051,GENERAL LECLERC (BOULEVARD DU N° 29 A 65,48.89234038,2.26527706,Nuit avec éclairage allumé,En agglomération,Autre intersection,Normale,Sans collision,3,3,2,0,1,1,1,0,1,50,1,1,0,0,0,1,23.0,,deux_roues,,5,2,9,1,7
202400044314,2024-09-26 18:25:00,2024,9,26,18,25,972,97213,ROUTE DEPARTEMENTALE 15 A,14.63388,-61.0106,Nuit avec éclairage allumé,Hors agglomération,Hors intersection,Normale,Autre collision,3,2,1,0,3,1,1,0,1,50,3,4,3,0,0,1,58.0,69.0,voiture,voiture,5,1,1,1,6
202400044315,2024-06-15 08:35:00,2024,6,15,8,35,62,62329,D231,50.82546069,1.7432387,Plein jour,Hors agglomération,Hors intersection,Normale,Deux véhicules - frontale,3,2,2,0,1,1,2,0,1,80,2,4,0,1,3,0,64.0,27.0,utilitaire_camion,voiture,1,1,1,1,1
202400044316,2024-12-06 20:20:00,2024,12,6,20,20,92,92025,CHARLES DE GAULLE (BD),48.91489882,2.22864479,Nuit avec éclairage allumé,En agglomération,Hors intersection,Normale,Autre collision,3,1,2,0,1,1,1,0,8,50,1,3,2,0,1,0,29.0,,voiture,,5,2,1,1,6
202400044317,2024-06-14 18:17:00,2024,6,14,18,17,13,13071,A7-Sens Lyon vers Marseille,43.4079,5.3273,Plein jour,Hors agglomération,Hors intersection,Normale,Deux véhicules - côté,1,1,3,0,1,1,1,0,1,90,2,2,1,0,0,1,19.0,44.0,voiture,deux_roues,1,1,1,1,3
202400044318,2024-10-30 19:00:00,2024,10,30,19,0,87,87085,MAS-GIGOU (RUE DU),45.86103,1.25778,Plein jour,En agglomération,Hors intersection,Normale,Trois véhicules et plus - en chaîne,4,2,2,0,1,1,1,0,1,30,4,4,3,0,0,1,34.0,54.0,voiture,voiture,1,2,1,1,4
202400044319,2024-09-24 09:20:00,2024,9,24,9,20,971,97107,PAUL LACAVE ( AVENUE ),16.04274,-61.56502,Plein jour,En agglomération,Intersection en T,Normale,Deux véhicules - côté,3,1,1,0,1,1,1,0,1,50,2,2,1,0,0,1,70.0,16.0,voiture,deux_roues,1,2,3,1,3
202400044319,2024-09-24 09:20:00,2024,9,24,9,20,971,97107,PAUL LACAVE ( AVENUE ),16.04274,-61.56502,Plein jour,En agglomération,Intersection en T,Normale,Deux véhicules - côté,3,1,1,0,1,1,1,0,1,50,2,2,1,0,0,1,70.0,16.0,voiture,deux_roues,1,2,3,1,3
202400044320,2024-12-07 23:35:00,2024,12,7,23,35,92,92024,MARTRE (RUE) DE (59 A 109)   (58 A 120),48.90202,2.30709,Nuit avec éclairage allumé,En agglomération,Hors intersection,Pluie légère,Deux véhicules - frontale,3,1,3,1,1,1,2,0,1,50,2,2,1,0,0,1,53.0,61.0,deux_roues,deux_roues,5,2,1,2,1
202400044321,2024-09-25 07:20:00,2024,9,25,7,20,91,91345,RUE PDT FRANCOIS MITTERRAND,48.69956,2.29619,Crépuscule ou aube,En agglomération,Intersection en T,Temps couvert,Autre collision,3,1,2,0,1,1,1,5,1,50,1,2,1,0,0,1,58.0,,utilitaire_camion,,2,2,3,8,6
202400044321,2024-09-25 07:20:00,2024,9,25,7,20,91,91345,RUE PDT FRANCOIS MITTERRAND,48.69956,2.29619,Crépuscule ou aube,En agglomération,Intersection en T,Temps couvert,Autre collision,3,2,0,0,2,1,1,5,1,50,1,2,1,0,0,1,58.0,,utilitaire_camion,,2,2,3,8,6
202400044322,2024-10-30 13:05:00,2024,10,30,13,5,87,87114,CROIX-FINOR (AVENUE),45.83571,1.31689,Plein jour,En agglomération,Hors intersection,Normale,Trois véhicules et plus - en chaîne,3,2,2,0,1,1,1,8,1,50,3,3,2,0,0,1,51.0,39.0,voiture,voiture,1,2,1,1,4
202400044323,2024-12-07 17:55:00,2024,12,7,17,55,92,92023,CLAUDE TREBIGNAUD (AVENUE) BOIS S102,48.79742,2.25293,Nuit sans éclairage public,En agglomération,Hors intersection,Pluie légère,Deux véhicules - arrière,3,1,2,0,2,1,2,9,1,50,2,2,1,0,0,1,89.0,62.0,voiture,voiture,3,2,1,2,2
202400044324,2024-09-25 16:35:00,2024,9,25,16,35,91,91589,AV ROBERT LEUTHREAU,48.69312,2.34579,Plein jour,En agglomération,Intersection en X,Pluie légère,Autre collision,4,2,2,0,1,1,2,0,8,50,1,2,1,1,0,0,60.0,,voiture,,1,2,2,2,6
202400044324,2024-09-25 16:35:00,2024,9,25,16,35,91,91589,AV ROBERT LEUTHREAU,48.69312,2.34579,Plein jour,En agglomération,Intersection en X,Pluie légère,Autre collision,4,2,2,0,1,1,2,0,1,50,1,2,1,1,0,0,60.0,,voiture,,1,2,2,2,6
202400044325,2024-12-07 11:50:00,2024,12,7,11,50,92,92019,VIGNES (GRANDE VOIE DES),48.76596378,2.28604004,Plein jour,En agglomération,Hors intersection,Normale,Deux véhicules - côté,4,2,2,1,1,1,1,0,5,30,2,2,1,0,0,1,29.0,74.0,deux_roues,voiture,1,2,1,1,3
202400044326,2024-10-30 10:45:00,2024,10,30,10,45,87,87050,LIMOGES (AVENUE DE),45.87874,1.2383,Plein jour,En agglomération,Intersection en T,Normale,Deux véhicules - côté,3,1,1,0,1,1,1,0,1,30,2,2,1,0,0,1,86.0,78.0,deux_roues,voiture,1,2,3,1,3
202400044326,2024-10-30 10:45:00,2024,10,30,10,45,87,87050,LIMOGES (AVENUE DE),45.87874,1.2383,Plein jour,En agglomération,Intersection en T,Normale,Deux véhicules - côté,3,2,2,0,1,1,1,0,1,50,2,2,1,0,0,1,86.0,78.0,deux_roues,voiture,1,2,3,1,3
202400044327,2024-09-26 16:20:00,2024,9,26,16,20,91,91174,RUE PABLO PICASSO,48.61501,2.461137,Plein jour,En agglomération,Intersection en T,Pluie forte,Autre collision,4,2, -1,-1,1,1,2,0,1,-1,1,2,1,0,0,1,58.0,,voiture,,1,2,3,3,6
202400044327,2024-09-26 16:20:00,2024,9,26,16,20,91,91174,RUE PABLO PICASSO,48.61501,2.461137,Plein jour,En agglomération,Intersection en T,Pluie forte,Autre collision,4,2,2,0,2,1,2,0,1,20,1,2,1,0,0,1,58.0,,voiture,,1,2,3,3,6
202400044328,2024-12-07 20:15:00,2024,12,7,20,15,92,92007,VERDUN (RUE DE) N° PAIRS,48.80180336,2.31610402,Nuit avec éclairage allumé,En agglomération,Hors intersection,Pluie légère,Autre collision,3,3,4,0,1,1,2,6,6,20,1,2,1,0,0,1,48.0,,voiture,,5,2,1,2,6
202400044329,2024-10-31 10:30:00,2024,10,31,10,30,84,84007,MARSEILLE (ROUTE DE ),43.91005,4.8847,Plein jour,En agglomération,Hors intersection,Normale,Trois véhicules et plus - en chaîne,3,3,4,0,1,1,1,0,1,50,3,3,1,0,0,2,19.0,73.0,voiture,utilitaire_camion,1,2,1,1,4
202400044330,2024-09-26 08:26:00,2024,9,26,8,26,87,87065,GROSSE PIERRE ( RUE DE LA  ),45.79251,1.28216,Plein jour,Hors agglomération,Intersection en T,Pluie forte,Deux véhicules - côté,3,2,2,0,1,1,2,0,1,70,2,2,1,0,0,1,41.0,21.0,voiture,voiture,1,1,3,3,3
202400044330,2024-09-26 08:26:00,2024,9,26,8,26,87,87065,GROSSE PIERRE ( RUE DE LA  ),45.79251,1.28216,Plein jour,Hors agglomération,Intersection en T,Pluie forte,Deux véhicules - côté,3,2,2,0,1,1,2,0,1,70,2,2,1,0,0,1,41.0,21.0,voiture,voiture,1,1,3,3,3
202400044331,2024-12-07 19:45:00,2024,12,7,19,45,60,60493,Rue de Juvignies,49.53601,2.059789,Nuit avec éclairage allumé,En agglomération,Intersection en X,Pluie forte,Deux véhicules - frontale,3,2,2,0,1,1,2,0,1,50,2,4,3,0,0,1,24.0,43.0,voiture,voiture,5,2,2,3,1
202400044331,2024-12-07 19:45:00,2024,12,7,19,45,60,60493,Rue de Juvignies,49.53601,2.059789,Nuit avec éclairage allumé,En agglomération,Intersection en X,Pluie forte,Deux véhicules - frontale,3,2, -1,-1,1,1,2,0,1,-1,2,4,3,0,0,1,24.0,43.0,voiture,voiture,5,2,2,3,1
202400044332,2024-10-30 14:00:00,2024,10,30,14,0,84,84007,DALADIER (PONT),43.95211,4.79782,Plein jour,En agglomération,Autre intersection,Normale,Trois véhicules et plus - collisions multiples,3,2,3,1,1,1,1,2,1,50,3,3,2,0,0,1,69.0,,voiture,voiture,1,2,9,1,5
202400044333,2024-09-25 08:45:00,2024,9,25,8,45,84,84035,DAUDET (RUE ALPHONSE),43.830857,5.028444,Plein jour,En agglomération,Autre intersection,Normale,Sans collision,4,1,2,0,1,2,1,0,1,50,1,2,0,0,2,0,16.0,,voiture,,1,2,9,1,7
202400044334,2024-12-04 18:00:00,2024,12,4,18,0,18,18257,,47.474461,2.829001,Nuit sans éclairage public,Hors agglomération,Hors intersection,Normale,Deux véhicules - côté,3,2,2,0,1,1,1,0,1,80,2,3,2,0,1,0,20.0,63.0,deux_roues,voiture,3,1,1,1,3
202400044335,2024-09-26 12:45:00,2024,9,26,12,45,83,83062,NEOULIERS (CHEMIN DES),43.12367,6.04228,Plein jour,Hors agglomération,Intersection en X,Normale,Deux véhicules - côté,4,2, -1,-1,1,1,1,0,1,-1,2,4,1,0,0,3,43.0,26.0,voiture,voiture,1,1,2,1,3
202400044335,2024-09-26 12:45:00,2024,9,26,12,45,83,83062,NEOULIERS (CHEMIN DES),43.12367,6.04228,Plein jour,Hors agglomération,Intersection en X,Normale,Deux véhicules - côté,4,2,1,0,1,1,1,0,1,30,2,4,1,0,0,3,43.0,26.0,voiture,voiture,1,1,2,1,3
202400044336,2024-11-01 01:25:00,2024,11,1,1,25,80,80021,ABBEVILLE (RUE D'),49.90987,2.25938,Nuit avec éclairage allumé,En agglomération,Hors intersection,Normale,Deux véhicules - arrière,3,2,3,0,1,1,1,9,1,30,1,1,0,0,0,1,26.0,,deux_roues,,5,2,1,1,2
202400044337,2024-10-28 18:20:00,2024,10,28,18,20,31,31467,Rue du Huit Mai 1945,43.688172,1.412095,Nuit sans éclairage public,En agglomération,Hors intersection,Pluie légère,Deux véhicules - frontale,7,1,2,1,2,1,2,2,5,50,2,2,1,0,1,0,54.0,36.0,deux_roues,deux_roues,3,2,1,2,1
202400044338,2024-09-26 07:40:00,2024,9,26,7,40,82,82033,Place Anne Frank,44.03457,1.11684,Plein jour,En agglomération,Hors intersection,Pluie forte,Autre collision,4,1,2,0,1,1,2,0,1,30,1,2,1,0,1,0,51.0,,utilitaire_camion,,1,2,1,3,6
202400044339,2024-10-30 12:30:00,2024,10,30,12,30,80,80021,Rue Rembault,49.89587,2.28002,Plein jour,En agglomération,Intersection en X,Normale,Deux véhicules - côté,4,2,2,0,1,1,1,0,1,30,2,3,1,0,0,2,21.0,41.0,voiture,voiture,1,2,2,1,3
202400044339,2024-10-30 12:30:00,2024,10,30,12,30,80,80021,Rue Rembault,49.89587,2.28002,Plein jour,En agglomération,Intersection en X,Normale,Deux véhicules - côté,4,2,2,0,1,1,1,0,1,30,2,3,1,0,0,2,21.0,41.0,voiture,voiture,1,2,2,1,3
202400044340,2024-12-06 22:00:00,2024,12,6,22,0,974,97405,Rue Paul Démange,-21.33789,55.564245,Nuit avec éclairage non allumé,En agglomération,Intersection en X,Normale,Deux véhicules - frontale,3,2,2,0,2,1,1,0,1,50,2,2,0,0,0,2,39.0,18.0,deux_roues,deux_roues,4,2,2,1,1