accident_id,datetime,annee,mois,jour,heure,minute,departement,commune_insee,adresse,latitude,longitude,luminosite,agglomeration,intersection,meteo,collision,catr,circ,nbv,vosp,prof,plan,surf,infra,situ,vma,nb_vehicules,nb_usagers,nb_indemnes,nb_tues,nb_blesses_hosp,nb_blesses_legers,age_cond_1,age_cond_2,veh_type_cond_1,veh_type_cond_2,lum_code,agg_code,int_code,atm_code,col_code
202400044544,2024-09-26 18:45:00,2024,9,26,18,45,94,94076,20 Avenue de Paris,48.80534,2.36365,Plein jour,En agglomération,Hors intersection,Normale,Autre collision,3,2,4,0,1,1,1,0,1,50,2,3,1,0,0,2,60.0,46.0,deux_roues,voiture,1,2,1,1,6
202400044545,2024-10-31 08:25:00,2024,10,31,8,25,75,75112,AVENUE DAUMESNIL,48.847348,2.375252,Plein jour,En agglomération,Intersection en X,Normale,Deux véhicules - côté,4,1,3,1,1,1,1,0,1,30,2,2,1,0,0,1,27.0,,deux_roues,voiture,1,2,2,1,3
202400044545,2024-10-31 08:25:00,2024,10,31,8,25,75,75112,AVENUE DAUMESNIL,48.847348,2.375252,Plein jour,En agglomération,Intersection en X,Normale,Deux véhicules - côté,4,1,1,0,1,1,1,0,1,30,2,2,1,0,0,1,27.0,,deux_roues,voiture,1,2,2,1,3
202400044546,2024-09-26 13:35:00,2024,9,26,13,35,94,94073,176 Avenue de Versailles,48.75754,2.38974,Plein jour,En agglomération,Hors intersection,Pluie légère,Trois véhicules et plus - collisions multiples,3,1,0,0,2,1,2,0,1,50,3,3,2,0,1,0,17.0,22.0,voiture,voiture,1,2,1,2,5
202400044547,2024-09-26 13:30:00,2024,9,26,13,30,94,94054,Rue des Hautes Bornes,48.74994,2.41025,Plein jour,En agglomération,Intersection en T,Pluie forte,Deux véhicules - côté,4,2,2,0,1,1,2,0,1,30,2,2,1,0,0,1,23.0,,deux_roues,voiture,1,2,3,3,3
202400044548,2024-09-26 20:50:00,2024,9,26,20,50,93,93048,ROSNY (RUE DE),48.86898693,2.46214986,Nuit avec éclairage allumé,En agglomération,Hors intersection,Pluie légère,Autre collision,3,-1,2,0,1,1,2,9,1,30,1,1,0,0,0,1,49.0,,voiture,,5,2,1,2,6
202400044549,2024-09-26 16:50:00,2024,9,26,16,50,93,93051,PAVE NEUF (AVENUE),48.83673198,2.56284177,Plein jour,En agglomération,Intersection en Y,Pluie forte,Deux véhicules - côté,3,1,2,0,2,1,2,2,1,50,2,2,1,0,0,1,23.0,53.0,deux_roues,voiture,1,2,4,3,3
202400044549,2024-09-26 16:50:00,2024,9,26,16,50,93,93051,PAVE NEUF (AVENUE),48.83673198,2.56284177,Plein jour,En agglomération,Intersection en Y,Pluie forte,Deux véhicules - côté,3,-1,3,0,2,1,2,0,1,50,2,2,1,0,0,1,23.0,53.0,deux_roues,voiture,1,2,4,3,3
202400044550,2024-10-31 13:05:00,2024,10,31,13,5,75,75103,BOULEVARD SAINT MARTIN,48.867956,2.362387,Plein jour,En agglomération,Place,Normale,Deux véhicules - côté,4,2,5,1,1,1,1,0,1,30,2,2,1,0,1,0,64.0,56.0,voiture,deux_roues,1,2,7,1,3
202400044550,2024-10-31 13:05:00,2024,10,31,13,5,75,75103,BOULEVARD SAINT MARTIN,48.867956,2.362387,Plein jour,En agglomération,Place,Normale,Deux véhicules - côté,4,2,7,2,1,1,1,0,1,30,2,2,1,0,1,0,64.0,56.0,voiture,deux_roues,1,2,7,1,3
202400044551,2024-09-26 10:30:00,2024,9,26,10,30,93,93047,GENERAL DE GAULLE (RUE DU),48.89938187,2.55953493,Plein jour,En agglomération,Intersection en X,Pluie légère,Deux véhicules - côté,4,2,2,0,1,1,2,0,1,50,2,2,1,0,1,0,37.0,27.0,deux_roues,utilitaire_camion,1,2,2,2,3
202400044551,2024-09-26 10:30:00,2024,9,26,10,30,93,93047,GENERAL DE GAULLE (RUE DU),48.89938187,2.55953493,Plein jour,En agglomération,Intersection en X,Pluie légère,Deux véhicules - côté,4,2,2,0,1,1,2,0,1,50,2,2,1,0,1,0,37.0,27.0,deux_roues,utilitaire_camion,1,2,2,2,3
202400044552,2024-12-06 12:00:00,2024,12,6,12,0,84,84007,C.DE GAULLE (ROCADE),43.93189,4.82913,Plein jour,En agglomération,Intersection en X,Normale,Deux véhicules - arrière,4,3,4,0,1,1,1,5,1,50,2,2,1,0,0,1,35.0,34.0,voiture,utilitaire_camion,1,2,2,1,2
202400044552,2024-12-06 12:00:00,2024,12,6,12,0,84,84007,C.DE GAULLE (ROCADE),43.93189,4.82913,Plein jour,En agglomération,Intersection en X,Normale,Deux véhicules - arrière,4,2,2,0,1,1,1,5,1,50,2,2,1,0,0,1,35.0,34.0,voiture,utilitaire_camion,1,2,2,1,2
202400044553,2024-09-26 12:17:00,2024,9,26,12,17,93,93001,ANDRE KARMAN (RUE)  => 136/143,48.90827233,2.38490135,Plein jour,En agglomération,Hors intersection,Temps couvert,Deux véhicules - côté,4,1,1,1,1,1,2,0,1,50,2,2,1,0,0,1,53.0,55.0,voiture,deux_roues,1,2,1,8,3
202400044554,2024-12-05 13:00:00,2024,12,5,13,0,84,84007,AMANDIER (AVENUE DE L'),43.9378,4.84943,Plein jour,En agglomération,Intersection en X,Normale,Deux véhicules - frontale,4,2,2,2,1,1,1,5,1,50,2,2,1,0,0,1,32.0,53.0,voiture,deux_roues,1,2,2,1,1
202400044554,2024-12-05 13:00:00,2024,12,5,13,0,84,84007,AMANDIER (AVENUE DE L'),43.9378,4.84943,Plein jour,En agglomération,Intersection en X,Normale,Deux véhicules - frontale,4,2,2,0,1,1,1,5,1,50,2,2,1,0,0,1,32.0,53.0,voiture,deux_roues,1,2,2,1,1
202400044555,2024-09-25 12:35:00,2024,9,25,12,35,93,93001,SADI CARNOT (RUE)  =>8/9,48.90764805,2.38355577,Plein jour,En agglomération,Place,Pluie légère,Deux véhicules - côté,4,-1,2,0,1,1,2,0,1,50,2,2,1,0,0,1,22.0,31.0,deux_roues,voiture,1,2,7,2,3
202400044556,2024-10-31 17:35:00,2024,10,31,17,35,94,94046,Rue de Vincennes,48.80728,2.44794,Nuit avec éclairage allumé,En agglomération,Intersection en X,Normale,Deux véhicules - côté,4,2,2,0,1,1,1,0,1,50,2,4,3,0,0,1,38.0,44.0,voiture,voiture,5,2,2,1,3
202400044557,2024-12-06 17:30:00,2024,12,6,17,30,81,81065,DE GAULLE RD 612 (AV. CHARLES),43.602105,2.250265,Crépuscule ou aube,En agglomération,Intersection en T,Normale,Deux véhicules - côté,4,2,4,0,1,1,1,0,1,50,2,2,1,0,1,0,,21.0,voiture,deux_roues,2,2,3,1,3
202400044557,2024-12-06 17:30:00,2024,12,6,17,30,81,81065,DE GAULLE RD 612 (AV. CHARLES),43.602105,2.250265,Crépuscule ou aube,En agglomération,Intersection en T,Normale,Deux véhicules - côté,4,2,2,-1,1,1,1,5,1,-1,2,2,1,0,1,0,,21.0,voiture,deux_roues,2,2,3,1,3
202400044558,2024-09-26 07:50:00,2024,9,26,7,50,92,92076,REPUBLIQUE,48.83781184,2.15714604,Plein jour,En agglomération,Hors intersection,Normale,Deux véhicules - côté,3,2,0,0,1,1,1,0,1,50,2,2,1,0,0,1,13.0,51.0,deux_roues,utilitaire_camion,1,2,1,1,3
202400044559,2024-10-30 18:30:00,2024,10,30,18,30,94,94033,Rue Dalayrac,48.84915359,2.4591604,Nuit avec éclairage allumé,En agglomération,Hors intersection,Temps couvert,Deux véhicules - côté,3,2,2,0,1,1,1,0,1,30,2,2,1,0,0,1,34.0,62.0,deux_roues,voiture,5,2,1,8,3
202400044560,2024-12-06 14:35:00,2024,12,6,14,35,80,80021,STRASBOURG (BOULEVARD DE),49.89091,2.27722,Plein jour,En agglomération,Hors intersection,Normale,Sans collision,4,2,2,0,1,1,1,0,1,50,1,2,1,0,0,1,23.0,,utilitaire_camion,,1,2,1,1,7
202400044561,2024-10-31 09:45:00,2024,10,31,9,45,94,94028,Av du Mal de Lattre de Tassigny,48.80006,2.45089,Plein jour,En agglomération,Hors intersection,Normale,Deux véhicules - côté,3,2,3,0,1,1,1,0,1,50,2,2,1,0,1,0,25.0,28.0,deux_roues,voiture,1,2,1,1,3
202400044562,2024-09-26 14:25:00,2024,9,26,14,25,92,92063,FILLIETTE (RUE NICOLAS-PHILIBERT),48.87032132,2.18937423,Plein jour,En agglomération,Intersection en T,Pluie forte,Autre collision,4,2,1,0,1,1,2,0,1,30,1,2,1,0,0,1,22.0,,voiture,,1,2,3,3,6
202400044562,2024-09-26 14:25:00,2024,9,26,14,25,92,92063,FILLIETTE (RUE NICOLAS-PHILIBERT),48.87032132,2.18937423,Plein jour,En agglomération,Intersection en T,Pluie forte,Autre collision,4,2,1,0,3,1,2,0,1,30,1,2,1,0,0,1,22.0,,voiture,,1,2,3,3,6
202400044563,2024-10-31 11:20:00,2024,10,31,11,20,93,93078,VILLEPINTE (ROUTE DE),48.97120684,2.54954701,Plein jour,Hors agglomération,Giratoire,Normale,Deux véhicules - côté,3,1,0,0,1,2,1,9,1,50,2,2,1,0,0,1,39.0,47.0,deux_roues,voiture,1,1,6,1,3
202400044563,2024-10-31 11:20:00,2024,10,31,11,20,93,93078,VILLEPINTE (ROUTE DE),48.97120684,2.54954701,Plein jour,Hors agglomération,Giratoire,Normale,Deux véhicules - côté,3,2,2,0,1,1,1,9,1,50,2,2,1,0,0,1,39.0,47.0,deux_roues,voiture,1,1,6,1,3
202400044564,2024-10-31 09:00:00,2024,10,31,9,0,95,95527,NOYER AU CHAT (ROUTE DU),48.99783,2.52145,Plein jour,Hors agglomération,Autre intersection,Normale,Autre collision,4,1,4,0,1,1,1,0,1,70,1,2,1,0,0,1,66.0,,voiture,,1,1,9,1,6
202400044565,2024-10-30 19:40:00,2024,10,30,19,40,93,93053,MOULIN HARVY (ALLEE DU),48.89285869,2.4694297,Crépuscule ou aube,En agglomération,Hors intersection,Normale,Autre collision,4,2,1,0,1,1,1,0,1,50,1,2,1,0,1,0,51.0,,voiture,,2,2,1,1,6
202400044566,2024-12-06 13:40:00,2024,12,6,13,40,78,78401,ALOUETTES (ALLEE),49.011458,1.921113,Plein jour,En agglomération,Intersection en X,Temps éblouissant,Deux véhicules - côté,4,2,0,0,1,1,1,0,1,50,2,3,1,0,0,2,24.0,26.0,utilitaire_camion,voiture,1,2,2,7,3
202400044566,2024-12-06 13:40:00,2024,12,6,13,40,78,78401,ALOUETTES (ALLEE),49.011458,1.921113,Plein jour,En agglomération,Intersection en X,Temps éblouissant,Deux véhicules - côté,4,2,2,0,1,1,1,0,1,50,2,3,1,0,0,2,24.0,26.0,utilitaire_camion,voiture,1,2,2,7,3
202400044567,2024-09-25 16:20:00,2024,9,25,16,20,92,92012,SILLY (RUE DE) 1/87 - 2/88,48.83823063,2.23217652,Crépuscule ou aube,En agglomération,Hors intersection,Pluie légère,Autre collision,4,2,2,1,1,1,2,0,1,50,1,2,1,0,0,1,64.0,,voiture,,2,2,1,2,6
202400044568,2024-11-28 00:40:00,2024,11,28,0,40,78,78168,Route nationale 10,48.749829,1.927604,Nuit sans éclairage public,En agglomération,Hors intersection,Normale,Autre collision,2,3,4,0,1,1,1,0,1,70,1,2,1,0,1,0,25.0,,voiture,,3,2,1,1,6
202400044569,2024-10-31 12:15:00,2024,10,31,12,15,93,93006,LEGER FERNAND RUE,48.87116992,2.42628872,Plein jour,En agglomération,Intersection en T,Temps couvert,Deux véhicules - côté,4,2,2,0,1,1,1,0,1,30,2,2,1,0,0,1,40.0,48.0,voiture,voiture,1,2,3,8,3
202400044569,2024-10-31 12:15:00,2024,10,31,12,15,93,93006,LEGER FERNAND RUE,48.87116992,2.42628872,Plein jour,En agglomération,Intersection en T,Temps couvert,Deux véhicules - côté,4,2,2,0,1,1,1,0,1,30,2,2,1,0,0,1,40.0,48.0,voiture,voiture,1,2,3,8,3
202400044570,2024-09-26 17:15:00,2024,9,26,17,15,47,47100,Route de Laugnac,44.26226731,0.63410933,Plein jour,Hors agglomération,Hors intersection,Pluie légère,Deux véhicules - frontale,3,2,2,0,3,2,2,0,1,80,2,3,2,0,0,1,47.0,50.0,utilitaire_camion,utilitaire_camion,1,1,1,2,1
202400044571,2024-10-31 11:30:00,2024,10,31,11,30,93,93032,GABRIEL   (AVENUE),48.89020004,2.52220184,Plein jour,En agglomération,Intersection en X,Normale,Deux véhicules - côté,4,2,1,0,1,1,1,0,1,50,2,2,0,0,0,2,25.0,24.0,voiture,voiture,1,2,2,1,3
202400044571,2024-10-31 11:30:00,2024,10,31,11,30,93,93032,GABRIEL   (AVENUE),48.89020004,2.52220184,Plein jour,En agglomération,Intersection en X,Normale,Deux véhicules - côté,4,2,2,0,2,1,1,0,1,50,2,2,0,0,0,2,25.0,24.0,voiture,voiture,1,2,2,1,3
202400044572,2024-12-06 08:45:00,2024,12,6,8,45,77,77085,FERME DU PAVILLON (ROUTE DE LA ),48.855847,2.749275,Plein jour,En agglomération,Hors intersection,Normale,Deux véhicules - frontale,4,2,0,0,1,1,1,0,1,50,2,2,1,0,0,1,29.0,29.0,voiture,deux_roues,1,2,1,1,1
202400044573,2024-10-31 15:45:00,2024,10,31,15,45,93,93059,EMILE ZOLA (AVENUE),48.94993,2.36538,Plein jour,En agglomération,Hors intersection,Temps couvert,Autre collision,3,3,3,0,1,1,1,0,1,50,1,3,2,0,0,1,26.0,,voiture,,1,2,1,8,6
202400044574,2024-09-27 06:50:00,2024,9,27,6,50,40,40133,A63,43.588761,-1.419146,Nuit sans éclairage public,Hors agglomération,Hors intersection,Normale,Deux véhicules - arrière,1,1,3,0,1,1,2,0,1,130,2,2,1,0,1,0,32.0,26.0,voiture,voiture,3,1,1,1,2
202400044575,2024-12-07 00:35:00,2024,12,7,0,35,76,76681,Rue Commandant l’Herminier,49.4244,1.08751,Nuit avec éclairage allumé,En agglomération,Hors intersection,Pluie légère,Autre collision,4,1,1,0,1,1,2,-1,5,50,1,4,3,0,1,0,,,voiture,,5,2,1,2,6
202400044576,2024-10-28 16:30:00,2024,10,28,16,30,93,93013,LECLERC (AVENU DE LA DIVISION),48.93140811,2.42227167,Plein jour,En agglomération,Autre intersection,Normale,Deux véhicules - côté,3,2,0,1,4,1,1,2,5,50,2,2,1,0,1,0,37.0,53.0,deux_roues,voiture,1,2,9,1,3
202400044577,2024-09-27 13:00:00,2024,9,27,13,0,08,08145,,49.658138,5.047265,Plein jour,Hors agglomération,Hors intersection,Normale,Deux véhicules - frontale,3,2,2,0,1,2,1,0,3,80,2,2,0,0,0,2,51.0,61.0,voiture,voiture,1,1,1,1,1
202400044578,2024-12-05 15:40:00,2024,12,5,15,40,76,76212,Boulevard de la Paix,49.44053,1.15083,Plein jour,En agglomération,Hors intersection,Pluie légère,Deux véhicules - côté,2,2,4,0,2,1,2,0,1,50,2,2,1,1,0,0,37.0,58.0,voiture,transport_commun,1,2,1,2,3
202400044579,2024-10-31 02:50:00,2024,10,31,2,50,93,93014,EMILE ZOLA (BOULEVARD),48.90569,2.55152,Nuit avec éclairage allumé,En agglomération,Hors intersection,Normale,Deux véhicules - côté,4,2,2,0,1,1,1,0,1,50,2,2,1,0,1,0,34.0,,deux_roues,voiture,5,2,1,1,3
202400044580,2024-09-27 10:15:00,2024,9,27,10,15,51,51649,Boulevard Carnot,48.72361,4.588514,Plein jour,En agglomération,Giratoire,Temps couvert,Autre collision,4,1,2,3,1,1,1,0,1,50,1,2,1,0,1,0,68.0,,voiture,,1,2,6,8,6
202400044581,2024-12-06 06:20:00,2024,12,6,6,20,76,76351,JEAN JAURES (AVENUE),49.49829,0.14806,Nuit avec éclairage allumé,En agglomération,Intersection en T,Normale,Deux véhicules - côté,4,2,5,1,1,1,1,0,1,50,2,2,1,0,0,1,41.0,27.0,deux_roues,voiture,5,2,3,1,3
202400044581,2024-12-06 06:20:00,2024,12,6,6,20,76,76351,JEAN JAURES (AVENUE),49.49829,0.14806,Nuit avec éclairage allumé,En agglomération,Intersection en T,Normale,Deux véhicules - côté,4,2,4,1,2,3,1,2,1,50,2,2,1,0,0,1,41.0,27.0,deux_roues,voiture,5,2,3,1,3
202400044582,2024-10-31 17:39:00,2024,10,31,17,39,93,93007,PIERRE MONTAUFIER (AVENUE),48.92392577,2.47586202,Nuit avec éclairage allumé,En agglomération,Intersection en T,Normale,Deux véhicules - côté,4,1,1,0,1,1,1,0,1,50,2,3,2,0,0,1,17.0,33.0,deux_roues,voiture,5,2,3,1,3
202400044582,2024-10-31 17:39:00,2024,10,31,17,39,93,93007,PIERRE MONTAUFIER (AVENUE),48.92392577,2.47586202,Nuit avec éclairage allumé,En agglomération,Intersection en T,Normale,Deux véhicules - côté,4,1,1,0,1,1,1,0,1,50,2,3,2,0,0,1,17.0,33.0,deux_roues,voiture,5,2,3,1,3
202400044583,2024-09-26 11:40:00,2024,9,26,11,40,51,51649,Boulevard Carnot,48.723529,4.588434,Plein jour,En agglomération,Giratoire,Pluie forte,Deux véhicules - côté,4,1,2,0,1,2,2,5,1,50,2,2,1,0,1,0,48.0,47.0,deux_roues,voiture,1,2,6,3,3
202400044584,2024-10-26 08:30:00,2024,10,26,8,30,92,92075,DE GAULLE (AVENUE DU GENERAL),48.82211547,2.28210121,Crépuscule ou aube,En agglomération,Hors intersection,Normale,Autre collision,3,2,2,0,1,1,1,0,4,50,1,1,0,0,0,1,20.0,,voiture,,2,2,1,1,6
202400044585,2024-12-06 14:45:00,2024,12,6,14,45,71,71306,RN 70 (ROUTE EXPRESS),46.662,4.33331,Plein jour,Hors agglomération,Hors intersection,Normale,Deux véhicules - arrière,2,3,4,0,1,1,1,0,1,110,2,2,1,0,0,1,56.0,56.0,utilitaire_camion,voiture,1,1,1,1,2
202400044586,2024-10-31 11:00:00,2024,10,31,11,0,92,92033,JOFFRE,48.83920664,2.18614385,Plein jour,En agglomération,Hors intersection,Normale,Autre collision,4,1,1,0,2,1,1,8,1,30,1,2,1,0,0,1,45.0,,utilitaire_camion,,1,2,1,1,6
202400044587,2024-12-06 09:00:00,2024,12,6,9,0,69,69266,80 Rue Magenta,45.76476,4.87165,Plein jour,En agglomération,Hors intersection,Pluie légère,Autre collision,4,1,1,2,1,1,2,0,1,50,1,2,1,0,1,0,27.0,,utilitaire_camion,,1,2,1,2,6
202400044588,2024-09-26 16:40:00,2024,9,26,16,40,83,83058,790 Route de Salernes,43.536586,6.389866,Plein jour,En agglomération,Hors intersection,Normale,Autre collision,3,2,2,0,1,1,2,0,1,50,1,3,2,1,0,0,69.0,,voiture,,1,2,1,1,6
202400044589,2024-10-31 19:30:00,2024,10,31,19,30,92,92040,GENERAL DE GAULLE (AVE DU) 32 A 62,48.82011341,2.27972031,Nuit avec éclairage allumé,En agglomération,Hors intersection,Normale,Autre collision,3,2,2,0,1,1,1,0,4,50,1,1,0,0,0,1,16.0,,deux_roues,,5,2,1,1,6
202400044590,2024-12-06 13:00:00,2024,12,6,13,0,69,69259,179 Avenue Francis de Pressensé,45.71655,4.87086,Plein jour,En agglomération,Hors intersection,Normale,Deux véhicules - côté,4,2,2,2,1,1,1,0,5,50,2,2,1,0,0,1,63.0,64.0,utilitaire_camion,deux_roues,1,2,1,1,3
202400044591,2024-10-31 11:50:00,2024,10,31,11,50,92,92062,PERRONET NORD ET SUD,48.8909782,2.23949479,Plein jour,En agglomération,Hors intersection,Normale,Autre collision,4,2,2,3,1,1,1,1,1,30,1,2,1,0,0,1,34.0,,utilitaire_camion,,1,2,1,1,6
202400044592,2024-12-05 19:50:00,2024,12,5,19,50,67,67482,ABBE DE L'EPEE,48.54576,7.76303,Nuit avec éclairage allumé,En agglomération,Hors intersection,Normale,Deux véhicules - côté,4,2,2,2,1,1,2,0,1,50,2,2,1,0,0,1,27.0,34.0,deux_roues,voiture,5,2,1,1,3
202400044593,2024-09-27 00:30:00,2024,9,27,0,30,974,97422,Rue Marius et Ary Leblond,-21.27600202,55.52489358,Nuit sans éclairage public,En agglomération,Giratoire,Normale,Deux véhicules - frontale,2,2,2,0,1,3,1,0,1,50,2,3,2,0,1,0,30.0,44.0,voiture,utilitaire_camion,3,2,6,1,1
202400044594,2024-10-31 19:53:00,2024,10,31,19,53,92,92025,STALINGRAD (AV DE),48.93080047,2.26726189,Nuit avec éclairage allumé,En agglomération,Hors intersection,Normale,Deux véhicules - côté,3,2,2,0,1,1,1,0,1,30,2,2,1,0,0,1,14.0,32.0,deux_roues,voiture,5,2,1,1,3
202400044595,2024-09-22 23:25:00,2024,9,22,23,25,972,97221,N5,14.50305,-60.98077,Nuit sans éclairage public,Hors agglomération,Hors intersection,Normale,Sans collision,2,3,4,0,1,1,1,0,1,80,1,1,0,0,1,0,52.0,,deux_roues,,3,1,1,1,7
202400044596,2024-10-31 21:33:00,2024,10,31,21,33,92,92023,GENERAL DE GAULLE (AV DU) N°130 A 340 ET,48.78745587,2.25664705,Nuit avec éclairage allumé,En agglomération,Autre intersection,Brouillard / fumée,Autre collision,4,-1,1,3,1,1,2,9,4,20,1,1,0,0,1,0,53.0,,deux_roues,,5,2,9,5,6
202400044597,2024-12-05 14:50:00,2024,12,5,14,50,67,67482,FRANÇOIS MITTERRAND (AVENUE),48.58417,7.69325,Plein jour,En agglomération,Intersection en X,Pluie légère,Deux véhicules - côté,4,3,6,1,1,1,2,0,1,50,2,2,1,0,0,1,71.0,17.0,voiture,deux_roues,1,2,2,2,3
202400044597,2024-12-05 14:50:00,2024,12,5,14,50,67,67482,FRANÇOIS MITTERRAND (AVENUE),48.58417,7.69325,Plein jour,En agglomération,Intersection en X,Pluie légère,Deux véhicules - côté,4,2,2,0,1,1,2,0,1,50,2,2,1,0,0,1,71.0,17.0,voiture,deux_roues,1,2,2,2,3
202400044598,2024-10-31 12:40:00,2024,10,31,12,40,92,92019,DIVISION LECLERC (AVENUE DE LA),48.76472871,2.26528868,Plein jour,En agglomération,Passage à niveau,Normale,Deux véhicules - côté,3,2,5,2,2,1,1,4,1,50,2,2,1,0,0,1,46.0,39.0,voiture,deux_roues,1,2,8,1,3
202400044599,2024-09-26 16:42:00,2024,9,26,16,42,27,27368,Route de Saint Laurent,48.84485,1.285057,Plein jour,Hors agglomération,Intersection en X,Normale,Deux véhicules - côté,4,2,2,0,1,1,1,0,1,80,2,2,1,0,1,0,64.0,31.0,voiture,utilitaire_camion,1,1,2,1,3
202400044600,2024-12-05 12:25:00,2024,12,5,12,25,67,67482,LANGUEDOC (RUE DU),48.54817,7.74359,Plein jour,En agglomération,Intersection en T,Normale,Deux véhicules - côté,4,2,2,2,1,1,1,0,5,50,2,2,1,0,0,1,34.0,62.0,voiture,deux_roues,1,2,3,1,3
202400044600,2024-12-05 12:25:00,2024,12,5,12,25,67,67482,LANGUEDOC (RUE DU),48.54817,7.74359,Plein jour,En agglomération,Intersection en T,Normale,Deux véhicules - côté,4,2,2,2,1,1,1,0,5,30,2,2,1,0,0,1,34.0,62.0,voiture,deux_roues,1,2,3,1,3
202400044601,2024-10-31 20:45:00,2024,10,31,20,45,92,92012,JEAN JAURES (BOULEVARD) 1/61 - COTE IMPA,48.84528662,2.23717421,Nuit avec éclairage allumé,En agglomération,Hors intersection,Normale,Deux véhicules - côté,4,-1,2,0,1,1,1,0,1,50,2,2,1,0,0,1,32.0,24.0,utilitaire_camion,deux_roues,5,2,1,1,3
202400044602,2024-09-15 08:45:00,2024,9,15,8,45,83,83036,Boulevard de la Roseraie,43.173284,6.521662,Plein jour,En agglomération,Autre intersection,Normale,Deux véhicules - frontale,4,2,2,0,2,2,1,0,1,50,2,2,1,0,1,0,22.0,70.0,voiture,deux_roues,1,2,9,1,1
202400044603,2024-10-30 17:58:00,2024,10,30,17,58,92,92009,VERDUN ( AVENUE DE ),48.91505908,2.27075368,Plein jour,En agglomération,Intersection en T,Normale,Autre collision,4,1,0,0,1,1,1,0,1,30,1,2,1,0,0,1,33.0,,utilitaire_camion,,1,2,3,1,6
202400044603,2024-10-30 17:58:00,2024,10,30,17,58,92,92009,VERDUN ( AVENUE DE ),48.91505908,2.27075368,Plein jour,En agglomération,Intersection en T,Normale,Autre collision,4,1,1,0,1,1,1,0,1,30,1,2,1,0,0,1,33.0,,utilitaire_camion,,1,2,3,1,6
202400044604,2024-12-06 03:00:00,2024,12,6,3,0,66,66136,ESCARGUEL (COURS LAZARE),42.69852,2.88737,Nuit avec éclairage allumé,En agglomération,Intersection en T,Normale,Deux véhicules - côté,4,1,3,0,1,1,1,0,1,30,2,3,1,0,2,0,40.0,24.0,voiture,voiture,5,2,3,1,3
202400044604,2024-12-06 03:00:00,2024,12,6,3,0,66,66136,ESCARGUEL (COURS LAZARE),42.69852,2.88737,Nuit avec éclairage allumé,En agglomération,Intersection en T,Normale,Deux véhicules - côté,4,2,4,3,1,1,1,5,1,50,2,3,1,0,2,0,40.0,24.0,voiture,voiture,5,2,3,1,3
202400044605,2024-09-26 19:15:00,2024,9,26,19,15,71,71081,Autoroute A6 - PK 328.900 Sens PARIS LYON,46.805435,4.824221,Crépuscule ou aube,Hors agglomération,Hors intersection,Temps couvert,Deux véhicules - côté,1,3,2,0,2,2,2,3,1,50,2,2,1,0,0,1,,51.0,utilitaire_camion,voiture,2,1,1,8,3
202400044606,2024-09-27 09:45:00,2024,9,27,9,45,58,58002,Chemin du bégat,47.450605,3.067642,Plein jour,En agglomération,Hors intersection,Normale,Autre collision,4,2,2,0,1,3,2,0,1,50,1,1,0,0,1,0,35.0,,utilitaire_camion,,1,2,1,1,6
202400044607,2024-12-05 20:00:00,2024,12,5,20,0,66,66136,Avenue du Palais-des-Expositions,42.70651,2.90002,Nuit avec éclairage allumé,En agglomération,Intersection en X,Normale,Deux véhicules - côté,4,2,3,3,1,1,1,2,1,50,2,2,1,0,0,1,47.0,40.0,deux_roues,deux_roues,5,2,2,1,3
202400044607,2024-12-05 20:00:00,2024,12,5,20,0,66,66136,Avenue du Palais-des-Expositions,42.70651,2.90002,Nuit avec éclairage allumé,En agglomération,Intersection en X,Normale,Deux véhicules - côté,4,2,2,0,1,1,1,5,1,50,2,2,1,0,0,1,47.0,40.0,deux_roues,deux_roues,5,2,2,1,3
202400044608,2024-10-29 19:00:00,2024,10,29,19,0,92,92004,VOLTAIRE ( BD ),48.9162915,2.29000676,Nuit avec éclairage allumé,En agglomération,Autre intersection,Normale,Trois véhicules et plus - en chaîne,3,2,2,0,1,1,1,0,8,50,3,3,2,0,0,1,42.0,32.0,voiture,deux_roues,5,2,9,1,4
202400044609,2024-09-22 01:15:00,2024,9,22,1,15,47,47244,D6,44.352942,0.153932,Nuit sans éclairage public,Hors agglomération,Hors intersection,Pluie forte,Autre collision,3,2,2,0,2,1,2,0,3,80,1,1,0,0,1,0,37.0,,voiture,,3,1,1,3,6
202400044610,2024-12-06 08:20:00,2024,12,6,8,20,64,64024,HARDOY (RUE DE),43.49363,-1.50996,Crépuscule ou aube,En agglomération,Hors intersection,Pluie légère,Autre collision,4,1,1,0,1,1,2,9,6,50,1,2,1,0,0,1,78.0,,voiture,,2,2,1,2,6
202400044611,2024-10-31 15:20:00,2024,10,31,15,20,92,92002,RAYMON ARON (AVENUE),48.77009322,2.31161714,Plein jour,En agglomération,Autre intersection,Normale,Trois véhicules et plus - en chaîne,3,2,2,0,1,1,1,0,1,50,3,3,2,0,0,1,25.0,46.0,voiture,voiture,1,2,9,1,4
202400044612,2024-09-26 17:00:00,2024,9,26,17,0,19,19023,Route d?Argentat,45.12418503,1.73010801,Plein jour,En agglomération,Hors intersection,Pluie légère,Sans collision,3,2,2,0,1,1,2,0,3,50,1,1,0,0,0,1,54.0,,deux_roues,,1,2,1,2,7
202400044613,2024-12-05 12:50:00,2024,12,5,12,50,64,64024,BAYONNE (AVENUE DE),43.48219522,-1.50754899,Plein jour,En agglomération,Hors intersection,Normale,Deux véhicules - côté,3,3,4,0,1,1,1,0,1,50,2,3,1,0,0,2,46.0,16.0,voiture,deux_roues,1,2,1,1,3