accident_id,datetime,annee,mois,jour,heure,minute,departement,commune_insee,adresse,latitude,longitude,luminosite,agglomeration,intersection,meteo,collision,catr,circ,nbv,vosp,prof,plan,surf,infra,situ,vma,nb_vehicules,nb_usagers,nb_indemnes,nb_tues,nb_blesses_hosp,nb_blesses_legers,age_cond_1,age_cond_2,veh_type_cond_1,veh_type_cond_2,lum_code,agg_code,int_code,atm_code,col_code
202400044614,2024-10-31 21:45:00,2024,10,31,21,45,31,31527,D20 PK46+760,43.545298,1.801211,Nuit sans éclairage public,Hors agglomération,Hors intersection,Normale,Autre collision,3,2,2,0,1,1,1,0,3,80,1,3,0,0,1,2,33.0,,voiture,,3,1,1,1,6
202400044615,2024-12-06 18:50:00,2024,12,6,18,50,62,62178,D841,50.49421532,2.57440182,Nuit avec éclairage allumé,En agglomération,Giratoire,Normale,Autre collision,3,2,2,0,1,1,1,5,1,50,1,2,1,0,0,1,73.0,,voiture,,5,2,6,1,6
202400044616,2024-09-27 13:40:00,2024,9,27,13,40,77,77310,déparmentale 412,48.370769,3.233382,Plein jour,Hors agglomération,Hors intersection,Normale,Trois véhicules et plus - collisions multiples,3,2,2,0,1,1,2,0,1,90,3,3,2,0,1,0,21.0,61.0,voiture,utilitaire_camion,1,1,1,1,5
202400044617,2024-10-31 18:05:00,2024,10,31,18,5,80,80572,D1,49.936078,2.62731,Nuit sans éclairage public,Hors agglomération,Intersection en X,Brouillard / fumée,Sans collision,3,3,2,0,1,1,2,0,1,80,1,3,0,1,0,2,52.0,,voiture,,3,1,2,5,7
202400044617,2024-10-31 18:05:00,2024,10,31,18,5,80,80572,D1,49.936078,2.62731,Nuit sans éclairage public,Hors agglomération,Intersection en X,Brouillard / fumée,Sans collision,3,3,1,0,1,1,2,0,1,80,1,3,0,1,0,2,52.0,,voiture,,3,1,2,5,7
202400044618,2024-12-06 08:09:00,2024,12,6,8,9,62,62160,Boulevard Antoine Eurvin,50.72651635,1.61689818,Crépuscule ou aube,En agglomération,Hors intersection,Vent fort / tempête,Sans collision,4,2,2,0,1,2,1,0,1,50,1,2,1,0,1,0,51.0,,voiture,,2,2,1,6,7
202400044619,2024-09-26 18:25:00,2024,9,26,18,25,76,76091,D50,49.716208,0.604548,Plein jour,Hors agglomération,Intersection en X,Temps couvert,Deux véhicules - frontale,3,2,2,0,1,1,1,5,1,80,2,2,1,0,0,1,24.0,37.0,utilitaire_camion,voiture,1,1,2,8,1
202400044619,2024-09-26 18:25:00,2024,9,26,18,25,76,76091,D50,49.716208,0.604548,Plein jour,Hors agglomération,Intersection en X,Temps couvert,Deux véhicules - frontale,3,2, -1,-1,1,1,1,5,1,-1,2,2,1,0,0,1,24.0,37.0,utilitaire_camion,voiture,1,1,2,8,1
202400044620,2024-10-29 18:02:00,2024,10,29,18,2,26,26305,Avenue de Fourège,44.601931,4.906857,Crépuscule ou aube,Hors agglomération,Hors intersection,Normale,Deux véhicules - arrière,3,2,2,0,1,1,1,0,1,80,2,2,1,0,1,0,25.0,50.0,voiture,deux_roues,2,1,1,1,2
202400044621,2024-11-28 17:15:00,2024,11,28,17,15,62,62037,D341,50.31307,2.74604,Nuit avec éclairage allumé,En agglomération,Hors intersection,Temps couvert,Deux véhicules - arrière,3,2,2,0,1,1,1,0,1,50,2,2,1,0,1,0,84.0,59.0,voiture,voiture,5,2,1,8,2
202400044622,2024-09-27 10:45:00,2024,9,27,10,45,65,65388,Route du Pla d’Adet,42.829134,0.292103,Plein jour,Hors agglomération,Hors intersection,Normale,Autre collision,3,2,2,0,2,1,1,0,1,80,1,1,0,0,1,0,54.0,,deux_roues,,1,1,1,1,6
202400044623,2024-11-01 09:34:00,2024,11,1,9,34,95,95487,8 EDMOND BOURGOIS (RUE),49.143661,2.273258,Plein jour,En agglomération,Hors intersection,Normale,Autre collision,4,2,2,0,2,1,1,0,1,30,1,1,0,0,1,0,80.0,,voiture,,1,2,1,1,6
202400044624,2024-12-05 17:55:00,2024,12,5,17,55,62,62041,Rue Dambrine,50.29254,2.75525,Nuit avec éclairage allumé,En agglomération,Hors intersection,Pluie légère,Autre collision,4,2,2,0,1,1,2,9,1,50,1,2,1,0,0,1,32.0,,voiture,,5,2,1,2,6
202400044625,2024-11-01 17:16:00,2024,11,1,17,16,31,31184,Chemin du Pastel,43.60210303,1.55240948,Crépuscule ou aube,Hors agglomération,Hors intersection,Normale,Deux véhicules - arrière,7,2,2,0,3,2,1,0,1,70,2,2,1,1,0,0,28.0,39.0,deux_roues,voiture,2,1,1,1,2
202400044626,2024-09-26 17:30:00,2024,9,26,17,30,69,69217,Route Départementale 98,45.997618,4.429421,Plein jour,Hors agglomération,Hors intersection,Normale,Deux véhicules - frontale,3,2,2,0,2,3,2,0,1,80,2,2,1,0,0,1,48.0,18.0,voiture,utilitaire_camion,1,1,1,1,1
202400044627,2024-12-05 17:20:00,2024,12,5,17,20,62,62041,Rue de Cambrai,50.2830265,2.80204725,Nuit avec éclairage allumé,En agglomération,Giratoire,Pluie légère,Deux véhicules - côté,4,3,1,0,1,3,2,9,8,50,2,3,1,0,1,1,16.0,41.0,deux_roues,utilitaire_camion,5,2,6,2,3
202400044628,2024-11-01 09:30:00,2024,11,1,9,30,22,22116,"RN12, PR 80+600, SENS BREST-RENNES",48.535448,-3.039522,Plein jour,Hors agglomération,Hors intersection,Brouillard / fumée,Autre collision,2,3,2,0,1,2,1,0,3,110,1,2,0,0,0,2,46.0,,voiture,,1,1,1,5,6
202400044629,2024-12-06 22:30:00,2024,12,6,22,30,60,60057,Avenue de Flandres Dunkerque 40,49.43544,2.09885,Nuit avec éclairage allumé,En agglomération,Intersection en X,Pluie légère,Autre collision,4,2,2,0,2,3,2,0,1,50,1,1,0,0,0,1,36.0,,deux_roues,,5,2,2,2,6
202400044629,2024-12-06 22:30:00,2024,12,6,22,30,60,60057,Avenue de Flandres Dunkerque 40,49.43544,2.09885,Nuit avec éclairage allumé,En agglomération,Intersection en X,Pluie légère,Autre collision,4,2, -1,-1,1,1,2,0,1,-1,1,1,0,0,0,1,36.0,,deux_roues,,5,2,2,2,6
202400044630,2024-09-26 16:00:00,2024,9,26,16,0,63,63381,Route de Porte,45.838241,2.866809,Plein jour,Hors agglomération,Hors intersection,Normale,Autre collision,3,2,2,0,1,3,2,0,1,70,3,3,2,0,0,1,22.0,45.0,deux_roues,voiture,1,1,1,1,6
202400044631,2024-10-30 20:00:00,2024,10,30,20,0,06,06033,420 Route des Plans,43.77797,7.201936,Nuit avec éclairage allumé,En agglomération,Hors intersection,Normale,Deux véhicules - côté,4,2,2,0,1,1,1,0,1,50,2,2,1,0,0,1,22.0,24.0,voiture,voiture,5,2,1,1,3
202400044632,2024-10-31 09:44:00,2024,10,31,9,44,83,83021,3 Place du 14 Juillet,43.472126,5.953648,Plein jour,En agglomération,Place,Temps éblouissant,Autre collision,3,2,2,0,3,1,1,0,1,50,1,2,1,1,0,0,49.0,,voiture,,1,2,7,7,6
202400044633,2024-12-05 19:35:00,2024,12,5,19,35,59,59648,HUGO VICTOR RUE,50.58619,3.03423,Nuit sans éclairage public,En agglomération,Hors intersection,Pluie légère,Deux véhicules - frontale,7,2,2,0,1,1,2,0,1,50,2,2,1,0,0,1,61.0,32.0,voiture,voiture,3,2,1,2,1
202400044634,2024-09-26 18:33:00,2024,9,26,18,33,12,12288,D840,44.432447,2.442967,Nuit sans éclairage public,Hors agglomération,Hors intersection,Pluie légère,Deux véhicules - frontale,3,2,2,0,2,4,2,0,1,70,2,2,1,0,0,1,36.0,48.0,voiture,voiture,3,1,1,2,1
202400044635,2024-11-01 09:00:00,2024,11,1,9,0,2A,2A017,#D81#,42.010004,8.738433,Plein jour,Hors agglomération,Hors intersection,Normale,Autre collision,3,2,2,0,4,4,1,0,3,80,1,1,0,1,0,0,31.0,,voiture,,1,1,1,1,6
202400044636,2024-12-06 17:50:00,2024,12,6,17,50,59,59122,PARIS (AVENUE DE),50.14898,3.2198,Nuit sans éclairage public,Hors agglomération,Hors intersection,Normale,Trois véhicules et plus - collisions multiples,3,2,2,0,2,1,1,0,1,80,3,5,1,0,0,4,36.0,21.0,voiture,voiture,3,1,1,1,5
202400044637,2024-11-01 06:00:00,2024,11,1,6,0,80,80585,D337,49.7622,2.903747,Nuit sans éclairage public,Hors agglomération,Hors intersection,Normale,Autre collision,3,2,2,0,1,1,1,0,3,-1,1,1,0,0,1,0,30.0,,voiture,,3,1,1,1,6
202400044638,2024-09-26 18:40:00,2024,9,26,18,40,42,42097,M1082,45.498301,4.317412,Plein jour,En agglomération,Intersection en X,Normale,Deux véhicules - arrière,7,2,2,0,1,1,1,0,1,50,2,3,2,0,0,1,26.0,30.0,voiture,utilitaire_camion,1,2,2,1,2
202400044638,2024-09-26 18:40:00,2024,9,26,18,40,42,42097,M1082,45.498301,4.317412,Plein jour,En agglomération,Intersection en X,Normale,Deux véhicules - arrière,7,2,2,-1,1,1,1,0,1,-1,2,3,2,0,0,1,26.0,30.0,voiture,utilitaire_camion,1,2,2,1,2
202400044639,2024-10-31 18:53:00,2024,10,31,18,53,65,65025,Avenue de Montjoie,43.004824,-0.091546,Nuit avec éclairage non allumé,En agglomération,Hors intersection,Normale,Sans collision,4,1,1,0,3,1,1,0,4,50,1,1,0,1,0,0,79.0,,deux_roues,,4,2,1,1,7
202400044640,2024-12-06 17:45:00,2024,12,6,17,45,56,56260,Giratoire du Prat,47.6596907,-2.719159,Nuit avec éclairage allumé,En agglomération,Giratoire,Pluie légère,Deux véhicules - côté,4,1,2,0,1,2,2,5,1,50,2,2,1,0,0,1,53.0,46.0,deux_roues,voiture,5,2,6,2,3
202400044640,2024-12-06 17:45:00,2024,12,6,17,45,56,56260,Giratoire du Prat,47.6596907,-2.719159,Nuit avec éclairage allumé,En agglomération,Giratoire,Pluie légère,Deux véhicules - côté,4,2,2,0,1,3,2,5,1,50,2,2,1,0,0,1,53.0,46.0,deux_roues,voiture,5,2,6,2,3
202400044641,2024-11-01 04:16:00,2024,11,1,4,16,11,11332,,43.127735,2.84442,Nuit sans éclairage public,Hors agglomération,Hors intersection,Normale,Autre collision,3,2,2,0,1,1,1,0,1,80,1,1,0,1,0,0,25.0,,voiture,,3,1,1,1,6
202400044642,2024-12-05 13:25:00,2024,12,5,13,25,56,56162,Rue du Fort Bloqué,47.73659,-3.43266,Plein jour,En agglomération,Giratoire,Pluie légère,Deux véhicules - côté,3,1,2,0,1,3,2,5,1,50,2,2,1,0,0,1,26.0,14.0,utilitaire_camion,deux_roues,1,2,6,2,3
202400044643,2024-11-01 08:00:00,2024,11,1,8,0,25,25222,N57,47.157885,6.252422,Crépuscule ou aube,Hors agglomération,Giratoire,Normale,Autre collision,2,1,1,0,1,2,1,0,3,70,1,2,0,0,1,1,27.0,,voiture,,2,1,6,1,6
202400044643,2024-11-01 08:00:00,2024,11,1,8,0,25,25222,N57,47.157885,6.252422,Crépuscule ou aube,Hors agglomération,Giratoire,Normale,Autre collision,2,2, -1,-1,1,1,1,5,1,80,1,2,0,0,1,1,27.0,,voiture,,2,1,6,1,6
202400044644,2024-12-06 11:35:00,2024,12,6,11,35,54,54395,Cours Léopold,48.69658,6.17435,Plein jour,En agglomération,Intersection en X,Normale,Autre collision,4,2,2,0,1,1,1,0,1,30,1,2,1,0,0,1,44.0,,utilitaire_camion,,1,2,2,1,6
202400044644,2024-12-06 11:35:00,2024,12,6,11,35,54,54395,Cours Léopold,48.69658,6.17435,Plein jour,En agglomération,Intersection en X,Normale,Autre collision,4,1,2,0,1,1,1,0,1,30,1,2,1,0,0,1,44.0,,utilitaire_camion,,1,2,2,1,6
202400044645,2024-11-01 02:20:00,2024,11,1,2,20,29,29210,Route de St Pol de Leon,48.58485129,-4.04982488,Nuit sans éclairage public,En agglomération,Hors intersection,Brouillard / fumée,Autre collision,3,3,2,0,1,1,2,0,1,50,1,1,0,0,1,0,34.0,,voiture,,3,2,1,5,6
202400044646,2024-11-01 16:10:00,2024,11,1,16,10,31,31546,D622,43.366846,1.65208,Plein jour,Hors agglomération,Hors intersection,Temps éblouissant,Autre collision,3,2,2,0,1,2,1,9,8,80,1,1,0,1,0,0,58.0,,deux_roues,,1,1,1,7,6
202400044647,2024-12-05 19:00:00,2024,12,5,19,0,54,54357,Rue de la République,48.71266,6.16273,Nuit avec éclairage allumé,En agglomération,Autre intersection,Pluie légère,Autre collision,4,2,2,0,1,1,2,0,1,30,1,2,1,0,0,1,22.0,,voiture,,5,2,9,2,6
202400044647,2024-12-05 19:00:00,2024,12,5,19,0,54,54357,Rue de la République,48.71266,6.16273,Nuit avec éclairage allumé,En agglomération,Autre intersection,Pluie légère,Autre collision,4,2,2,2,2,2,2,-1,1,50,1,2,1,0,0,1,22.0,,voiture,,5,2,9,2,6
202400044648,2024-11-01 14:08:00,2024,11,1,14,8,31,31052,D4 route de toulouse,43.393074,1.355438,Plein jour,Hors agglomération,Hors intersection,Normale,Deux véhicules - arrière,3,2,2,0,1,1,1,0,5,80,2,2,1,0,1,0,71.0,83.0,deux_roues,voiture,1,1,1,1,2
202400044649,2024-12-06 22:40:00,2024,12,6,22,40,51,51454,NEUFCHATEL (RUE DE) DU N° 123 A FIN (IMP,49.28216,4.02724,Nuit avec éclairage allumé,En agglomération,Hors intersection,Normale,Trois véhicules et plus - collisions multiples,4,2,2,0,1,1,1,0,1,50,3,3,2,0,0,1,,32.0,voiture,voiture,5,2,1,1,5
202400044650,2024-10-30 18:05:00,2024,10,30,18,5,38,38501,Avenue du Gresivaudan,45.301475,5.951307,Nuit avec éclairage allumé,Hors agglomération,Hors intersection,Normale,Autre collision,3,3,2,0,1,1,1,0,1,70,1,2,1,0,0,1,76.0,,voiture,,5,1,1,1,6
202400044651,2024-12-06 18:40:00,2024,12,6,18,40,51,51454,MATHIEU (RUE LEON) DU N°51 A FIN ET DU N,49.24517,4.01247,Nuit avec éclairage allumé,En agglomération,Intersection en T,Normale,Autre collision,4,1,1,0,1,1,1,0,1,30,1,2,1,0,0,1,72.0,,voiture,,5,2,3,1,6
202400044651,2024-12-06 18:40:00,2024,12,6,18,40,51,51454,MATHIEU (RUE LEON) DU N°51 A FIN ET DU N,49.24517,4.01247,Nuit avec éclairage allumé,En agglomération,Intersection en T,Normale,Autre collision,4,2, -1,-1,1,1,1,0,1,-1,1,2,1,0,0,1,72.0,,voiture,,5,2,3,1,6
202400044652,2024-10-29 14:00:00,2024,10,29,14,0,38,38150,D11k,45.210252,5.834609,Plein jour,Hors agglomération,Giratoire,Normale,Deux véhicules - côté,7,2,2,0,1,1,1,0,1,80,2,2,1,0,0,1,62.0,46.0,voiture,deux_roues,1,1,6,1,3
202400044653,2024-10-31 07:30:00,2024,10,31,7,30,01,01025,Chemin de la Glaine,46.312907,4.92971,Crépuscule ou aube,En agglomération,Intersection en T,Pluie légère,Deux véhicules - frontale,4,2,2,0,1,1,2,0,1,50,2,2,1,0,1,0,15.0,54.0,deux_roues,voiture,2,2,3,2,1
202400044653,2024-10-31 07:30:00,2024,10,31,7,30,01,01025,Chemin de la Glaine,46.312907,4.92971,Crépuscule ou aube,En agglomération,Intersection en T,Pluie légère,Deux véhicules - frontale,4,2,2,0,1,1,2,0,8,50,2,2,1,0,1,0,15.0,54.0,deux_roues,voiture,2,2,3,2,1
202400044654,2024-12-05 17:55:00,2024,12,5,17,55,51,51454,SAINT MARCEAUX (BOULEVARD DU N°70 A FIN),49.25521,4.04626,Nuit avec éclairage allumé,En agglomération,Intersection en X,Pluie légère,Deux véhicules - côté,4,2,3,0,1,3,2,5,1,50,2,2,1,0,0,1,,20.0,voiture,voiture,5,2,2,2,3
202400044654,2024-12-05 17:55:00,2024,12,5,17,55,51,51454,SAINT MARCEAUX (BOULEVARD DU N°70 A FIN),49.25521,4.04626,Nuit avec éclairage allumé,En agglomération,Intersection en X,Pluie légère,Deux véhicules - côté,4,2,4,0,1,1,2,0,1,50,2,2,1,0,0,1,,20.0,voiture,voiture,5,2,2,2,3
202400044655,2024-10-24 13:21:00,2024,10,24,13,21,72,72023,lieu dit guidri,48.160611,0.235337,Plein jour,Hors agglomération,Hors intersection,Normale,Deux véhicules - frontale,4,2,2,0,1,3,1,0,1,70,2,2,1,0,0,1,77.0,16.0,voiture,deux_roues,1,1,1,1,1
202400044656,2024-12-05 16:45:00,2024,12,5,16,45,51,51454,ARNOULD (BOULEVARD CHARLES),49.27,4.022,Crépuscule ou aube,En agglomération,Hors intersection,Temps couvert,Autre collision,4,2,2,0,1,1,2,0,1,50,1,2,1,0,0,1,,,autre,,2,2,1,8,6
202400044657,2024-12-05 17:00:00,2024,12,5,17,0,51,51454,CHAMPAGNE   (  AVENUE DE),49.22065,4.02169,Plein jour,En agglomération,Hors intersection,Normale,Deux véhicules - arrière,4,1,2,0,1,1,2,0,1,50,2,3,2,0,0,1,37.0,63.0,voiture,voiture,1,2,1,1,2
202400044658,2024-11-01 00:01:00,2024,11,1,0,1,14,14714,D73,49.210182,-0.795372,Nuit sans éclairage public,Hors agglomération,Hors intersection,Temps couvert,Sans collision,3,2,2,0,2,3,2,0,3,80,1,4,0,2,2,0,18.0,,voiture,,3,1,1,8,7
202400044659,2024-10-13 17:00:00,2024,10,13,17,0,64,64066,D15,43.168069,-1.258321,Plein jour,En agglomération,Intersection en X,Pluie légère,Deux véhicules - côté,3,2,2,0,2,1,2,0,1,50,2,3,1,0,0,2,16.0,48.0,utilitaire_camion,deux_roues,1,2,2,2,3
202400044659,2024-10-13 17:00:00,2024,10,13,17,0,64,64066,D15,43.168069,-1.258321,Plein jour,En agglomération,Intersection en X,Pluie légère,Deux véhicules - côté,3,2, -1,-1,1,1,2,0,1,-1,2,3,1,0,0,2,16.0,48.0,utilitaire_camion,deux_roues,1,2,2,2,3
202400044660,2024-12-05 08:04:00,2024,12,5,8,4,51,51454,MAURIAC  AVENUE FRANCOIS,49.23926978,3.9959898,Crépuscule ou aube,En agglomération,Giratoire,Normale,Deux véhicules - côté,4,1,2,0,1,1,1,0,1,50,2,2,1,0,0,1,31.0,58.0,deux_roues,voiture,2,2,6,1,3
202400044660,2024-12-05 08:04:00,2024,12,5,8,4,51,51454,MAURIAC  AVENUE FRANCOIS,49.23926978,3.9959898,Crépuscule ou aube,En agglomération,Giratoire,Normale,Deux véhicules - côté,4,1,2,0,1,1,1,0,1,50,2,2,1,0,0,1,31.0,58.0,deux_roues,voiture,2,2,6,1,3
202400044661,2024-10-31 20:40:00,2024,10,31,20,40,17,17218,D938ter,46.324364,-0.963401,Nuit sans éclairage public,Hors agglomération,Hors intersection,Normale,Sans collision,3,2,2,0,1,1,1,0,3,80,1,1,0,0,1,0,38.0,,voiture,,3,1,1,1,7
202400044662,2024-12-05 16:15:00,2024,12,5,16,15,50,50129,Rd Point de bellevue,49.61973,-1.61259,Nuit avec éclairage non allumé,En agglomération,Giratoire,Pluie forte,Deux véhicules - arrière,4,2,0,0,2,1,2,0,1,50,2,2,1,0,0,1,,40.0,voiture,deux_roues,4,2,6,3,2
202400044662,2024-12-05 16:15:00,2024,12,5,16,15,50,50129,Rd Point de bellevue,49.61973,-1.61259,Nuit avec éclairage non allumé,En agglomération,Giratoire,Pluie forte,Deux véhicules - arrière,4,1,1,0,2,2,2,0,1,50,2,2,1,0,0,1,,40.0,voiture,deux_roues,4,2,6,3,2
202400044662,2024-12-05 16:15:00,2024,12,5,16,15,50,50129,Rd Point de bellevue,49.61973,-1.61259,Nuit avec éclairage non allumé,En agglomération,Giratoire,Pluie forte,Deux véhicules - arrière,4,2,2,0,2,1,2,0,1,50,2,2,1,0,0,1,,40.0,voiture,deux_roues,4,2,6,3,2
202400044663,2024-10-21 11:29:00,2024,10,21,11,29,30,30354,D907,43.945094,4.141502,Plein jour,Hors agglomération,Intersection en X,Normale,Deux véhicules - côté,3,2,2,0,1,1,1,0,1,80,2,3,1,0,1,1,27.0,63.0,voiture,voiture,1,1,2,1,3
202400044663,2024-10-21 11:29:00,2024,10,21,11,29,30,30354,D907,43.945094,4.141502,Plein jour,Hors agglomération,Intersection en X,Normale,Deux véhicules - côté,3,2,2,0,2,1,1,0,1,80,2,3,1,0,1,1,27.0,63.0,voiture,voiture,1,1,2,1,3
202400044664,2024-12-05 20:10:00,2024,12,5,20,10,50,50129,BOIS (RUE DU),49.6377,-1.6045,Nuit avec éclairage allumé,En agglomération,Intersection en T,Pluie forte,Deux véhicules - côté,4,1,1,0,1,1,2,5,1,50,2,2,1,0,0,1,24.0,21.0,voiture,voiture,5,2,3,3,3
202400044664,2024-12-05 20:10:00,2024,12,5,20,10,50,50129,BOIS (RUE DU),49.6377,-1.6045,Nuit avec éclairage allumé,En agglomération,Intersection en T,Pluie forte,Deux véhicules - côté,4,-1,1,0,1,1,2,5,1,50,2,2,1,0,0,1,24.0,21.0,voiture,voiture,5,2,3,3,3
202400044665,2024-11-01 05:10:00,2024,11,1,5,10,48,48140,Boulevard Guerin d'Apcher,44.798333,3.275833,Nuit avec éclairage allumé,En agglomération,Giratoire,Normale,Autre collision,3,2,1,0,1,1,1,0,1,50,1,2,1,0,0,1,35.0,,voiture,,5,2,6,1,6
202400044666,2024-12-03 18:25:00,2024,12,3,18,25,50,50129,VIEUX PONT (RUE DU),49.63463,-1.62323,Nuit avec éclairage allumé,En agglomération,Intersection en T,Normale,Autre collision,4,1,1,0,1,1,2,0,1,30,1,2,1,0,0,1,52.0,,voiture,,5,2,3,1,6
202400044666,2024-12-03 18:25:00,2024,12,3,18,25,50,50129,VIEUX PONT (RUE DU),49.63463,-1.62323,Nuit avec éclairage allumé,En agglomération,Intersection en T,Normale,Autre collision,4,2,2,0,1,1,2,0,1,30,1,2,1,0,0,1,52.0,,voiture,,5,2,3,1,6
202400044667,2024-10-31 14:45:00,2024,10,31,14,45,88,88516,D165,48.193871,5.929356,Plein jour,Hors agglomération,Giratoire,Normale,Deux véhicules - frontale,3,2,0,0,1,2,1,5,8,90,1,1,0,1,0,0,48.0,,voiture,,1,1,6,1,1
202400044668,2024-11-01 11:00:00,2024,11,1,11,0,988,98805,ROUTE DE LA NONDOUE,-22.142807,166.448803,Plein jour,Hors agglomération,Hors intersection,Normale,Autre collision,4,2,2,0,1,2,1,0,3,70,1,2,0,0,2,0,21.0,,voiture,,1,1,1,1,6
202400044669,2024-12-06 18:50:00,2024,12,6,18,50,49,49007,DE LATTRE DE TASSIGNY,47.45167,-0.54019,Nuit avec éclairage allumé,En agglomération,Hors intersection,Normale,Trois véhicules et plus - en chaîne,4,2,2,0,1,1,1,0,1,50,4,5,3,0,0,2,66.0,73.0,voiture,voiture,5,2,1,1,4
202400044670,2024-11-01 11:30:00,2024,11,1,11,30,13,13069,Route d?Eguilles,43.604542,5.189366,Plein jour,Hors agglomération,Hors intersection,Normale,Deux véhicules - frontale,3,2,2,0,1,1,1,0,1,80,3,3,1,0,2,0,71.0,35.0,voiture,deux_roues,1,1,1,1,1
202400044671,2024-12-05 18:35:00,2024,12,5,18,35,49,49007,BOUCHEMAINE ROUTE,47.45294,-0.56988,Nuit avec éclairage allumé,En agglomération,Hors intersection,Normale,Deux véhicules - arrière,4,3,2,0,1,1,1,0,1,50,2,4,3,0,0,1,51.0,50.0,voiture,voiture,5,2,1,1,2
202400044672,2024-10-31 10:15:00,2024,10,31,10,15,69,69244,Chemin Finat Duclos,45.758298,4.751823,Plein jour,En agglomération,Intersection en X,Temps couvert,Deux véhicules - frontale,4,2,2,0,1,2,1,0,1,50,2,2,1,0,0,1,22.0,52.0,voiture,voiture,1,2,2,8,1
202400044672,2024-10-31 10:15:00,2024,10,31,10,15,69,69244,Chemin Finat Duclos,45.758298,4.751823,Plein jour,En agglomération,Intersection en X,Temps couvert,Deux véhicules - frontale,4,2,2,0,2,2,1,2,1,-1,2,2,1,0,0,1,22.0,52.0,voiture,voiture,1,2,2,8,1
202400044673,2024-12-06 11:13:00,2024,12,6,11,13,47,47027,BROVAL (lieu-dit),44.40139701,0.67097041,Plein jour,Hors agglomération,Autre intersection,Normale,Autre collision,4,2,2,0,1,3,1,6,1,80,1,2,1,0,1,0,44.0,,utilitaire_camion,,1,1,9,1,6
202400044673,2024-12-06 11:13:00,2024,12,6,11,13,47,47027,BROVAL (lieu-dit),44.40139701,0.67097041,Plein jour,Hors agglomération,Autre intersection,Normale,Autre collision,4,2,2,1,1,1,1,5,1,50,1,2,1,0,1,0,44.0,,utilitaire_camion,,1,1,9,1,6
202400044674,2024-11-01 06:29:00,2024,11,1,6,29,27,27332,A13,49.19157,1.232153,Nuit avec éclairage allumé,Hors agglomération,Autre intersection,Brouillard / fumée,Autre collision,1,3,0,0,1,1,1,7,1,50,1,3,0,3,0,0,33.0,,voiture,,5,1,9,5,6
202400044675,2024-12-06 11:00:00,2024,12,6,11,0,45,45338,37 Rue Alphonse Daudet,47.99074,2.71231,Plein jour,En agglomération,Hors intersection,Normale,Autre collision,4,2,2,0,1,1,1,0,1,50,1,3,1,0,0,2,75.0,,voiture,,1,2,1,1,6
202400044676,2024-12-04 18:20:00,2024,12,4,18,20,45,45208,24 Rue du Faubourg de la Chaussee,47.99797,2.739581,Nuit avec éclairage allumé,En agglomération,Hors intersection,Normale,Autre collision,4,2,1,0,1,2,2,0,1,50,1,2,1,0,0,1,49.0,,transport_commun,,5,2,1,1,6
202400044677,2024-10-31 20:40:00,2024,10,31,20,40,29,29147,Lieu Dit Kerfeles,47.89483099,-3.56155348,Nuit sans éclairage public,Hors agglomération,Hors intersection,Brouillard / fumée,Autre collision,3,2,2,0,1,1,1,0,1,70,1,2,1,0,1,0,19.0,,voiture,,3,1,1,5,6
202400044678,2024-12-05 19:20:00,2024,12,5,19,20,44,44109,1 Boulevard Léon Jouhaux,47.20877,-1.58732,Nuit avec éclairage allumé,En agglomération,Giratoire,Pluie forte,Deux véhicules - arrière,4,2,2,0,1,1,2,4,1,30,2,2,1,0,0,1,22.0,,deux_roues,voiture,5,2,6,3,2
202400044679,2024-10-30 21:25:00,2024,10,30,21,25,77,77211,D201,48.581888,2.988882,Nuit avec éclairage allumé,En agglomération,Hors intersection,Normale,Autre collision,3,2,2,0,1,1,1,0,3,50,1,1,0,0,1,0,27.0,,voiture,,5,2,1,1,6
202400044680,2024-12-06 07:45:00,2024,12,6,7,45,41,41018,DETROYAT (RUE MICHEL) N° PAIRS- IMPAIRS,47.59826,1.31109,Crépuscule ou aube,En agglomération,Hors intersection,Normale,Autre collision,4,2,2,0,1,1,1,0,1,50,1,2,1,0,0,1,34.0,,voiture,,2,2,1,1,6
202400044681,2024-10-31 19:50:00,2024,10,31,19,50,34,34022,N113,43.65410421,3.99629816,Nuit sans éclairage public,Hors agglomération,Hors intersection,Normale,Deux véhicules - arrière,2,2,2,0,1,1,1,0,1,80,2,2,1,0,0,1,44.0,37.0,utilitaire_camion,voiture,3,1,1,1,2
202400044682,2024-10-31 17:00:00,2024,10,31,17,0,13,13042,Route Nationale 8,43.274268,5.637102,Plein jour,Hors agglomération,Intersection à plus de 4 branches,Normale,Deux véhicules - côté,3,2,2,0,1,1,1,0,1,80,2,2,1,0,1,0,49.0,25.0,deux_roues,voiture,1,1,5,1,3
202400044682,2024-10-31 17:00:00,2024,10,31,17,0,13,13042,Route Nationale 8,43.274268,5.637102,Plein jour,Hors agglomération,Intersection à plus de 4 branches,Normale,Deux véhicules - côté,3,2, -1,-1,1,1,1,0,1,-1,2,2,1,0,1,0,49.0,25.0,deux_roues,voiture,1,1,5,1,3
202400044683,2024-10-27 22:00:00,2024,10,27,22,0,13,13027,Boulevard Ernest Genevet,43.887907,4.852186,Nuit avec éclairage allumé,En agglomération,Intersection en T,Pluie légère,Deux véhicules - côté,3,2,2,0,1,1,2,0,1,50,2,3,2,0,0,1,28.0,33.0,voiture,deux_roues,5,2,3,2,3