accident_id,datetime,annee,mois,jour,heure,minute,departement,commune_insee,adresse,latitude,longitude,luminosite,agglomeration,intersection,meteo,collision,catr,circ,nbv,vosp,prof,plan,surf,infra,situ,vma,nb_vehicules,nb_usagers,nb_indemnes,nb_tues,nb_blesses_hosp,nb_blesses_legers,age_cond_1,age_cond_2,veh_type_cond_1,veh_type_cond_2,lum_code,agg_code,int_code,atm_code,col_code
202400044683,2024-10-27 22:00:00,2024,10,27,22,0,13,13027,Boulevard Ernest Genevet,43.887907,4.852186,Nuit avec éclairage allumé,En agglomération,Intersection en T,Pluie légère,Deux véhicules - côté,3,2, -1,-1,1,1,2,0,1,-1,2,3,2,0,0,1,28.0,33.0,voiture,deux_roues,5,2,3,2,3
202400044684,2024-12-06 17:45:00,2024,12,6,17,45,38,38516,VERDUN (AV. DE)OUEST PASSAGE RICOU,45.19642,5.75216,Nuit avec éclairage allumé,En agglomération,Hors intersection,Normale,Trois véhicules et plus - collisions multiples,7,1,3,3,1,1,1,0,1,70,3,4,3,0,0,1,29.0,43.0,voiture,voiture,5,2,1,1,5
202400044685,2024-11-01 02:45:00,2024,11,1,2,45,67,67203,D519,48.77901,7.678828,Nuit sans éclairage public,En agglomération,Hors intersection,Brouillard / fumée,Sans collision,3,2,2,0,2,4,2,9,3,50,1,1,0,1,0,0,34.0,,voiture,,3,2,1,5,7
202400044686,2024-12-06 10:15:00,2024,12,6,10,15,38,38421,RUE PAUL GUEYMARD,45.18284,5.76368,Plein jour,En agglomération,Hors intersection,Pluie légère,Deux véhicules - frontale,4,2,2,0,1,1,2,0,1,20,2,2,1,0,0,1,50.0,33.0,voiture,voiture,1,2,1,2,1
202400044687,2024-11-01 15:45:00,2024,11,1,15,45,17,17115,D136,45.642818,-0.564744,Plein jour,Hors agglomération,Hors intersection,Temps éblouissant,Deux véhicules - frontale,3,2,2,0,1,3,1,0,1,80,2,2,0,0,2,0,20.0,29.0,voiture,voiture,1,1,1,7,1
202400044688,2024-10-31 18:00:00,2024,10,31,18,0,16,16138,2 Avenue des Plantes,45.665223,0.091713,Nuit avec éclairage allumé,En agglomération,Autre intersection,Normale,Autre collision,6,-1, -1,0,1,1,1,9,8,50,1,2,1,0,1,0,24.0,,voiture,,5,2,9,1,6
202400044689,2024-12-06 10:55:00,2024,12,6,10,55,35,35238,LE CHAPELIER (ISAAC),48.10048,-1.67218,Plein jour,En agglomération,Intersection en T,Normale,Deux véhicules - frontale,4,1, -1,2,1,1,1,0,1,30,2,2,1,0,0,1,27.0,87.0,utilitaire_camion,deux_roues,1,2,3,1,1
202400044689,2024-12-06 10:55:00,2024,12,6,10,55,35,35238,LE CHAPELIER (ISAAC),48.10048,-1.67218,Plein jour,En agglomération,Intersection en T,Normale,Deux véhicules - frontale,4,1,1,2,1,1,1,0,1,30,2,2,1,0,0,1,27.0,87.0,utilitaire_camion,deux_roues,1,2,3,1,1
202400044690,2024-10-29 15:45:00,2024,10,29,15,45,33,33056,,44.909128,-0.631016,Plein jour,En agglomération,Hors intersection,Normale,Deux véhicules - arrière,4,2,2,0,1,2,1,0,1,30,2,2,1,0,1,0,66.0,,deux_roues,autre,1,2,1,1,2
202400044691,2024-11-01 04:10:00,2024,11,1,4,10,56,56023,Kerberluet,47.691082,-3.007443,Nuit sans éclairage public,Hors agglomération,Hors intersection,Normale,Autre collision,3,2,2,0,1,2,1,0,1,80,1,2,1,0,1,0,50.0,,voiture,,3,1,1,1,6
202400044692,2024-10-27 00:10:00,2024,10,27,0,10,60,60045,RD1324,49.21752,2.685674,Nuit sans éclairage public,Hors agglomération,Hors intersection,Normale,Deux véhicules - arrière,3,3,2,0,1,1,1,0,1,110,2,3,2,0,1,0,55.0,23.0,utilitaire_camion,voiture,3,1,1,1,2
202400044693,2024-10-31 17:22:00,2024,10,31,17,22,13,13015,A515CD-Gardanne vers A51-Marseille,43.42926433,5.38907648,Plein jour,Hors agglomération,Hors intersection,Normale,Deux véhicules - côté,1,-1,1,0,1,2,1,0,1,90,2,2,1,0,0,1,27.0,50.0,deux_roues,voiture,1,1,1,1,3
202400044694,2024-10-30 08:50:00,2024,10,30,8,50,13,13216,A55-Sens Marseille vers Martigues,43.35557748,5.34706133,Plein jour,Hors agglomération,Hors intersection,Normale,Deux véhicules - arrière,1,-1,2,0,1,2,1,0,1,90,2,5,3,0,0,2,71.0,21.0,voiture,voiture,1,1,1,1,2
202400044695,2024-10-30 07:45:00,2024,10,30,7,45,33,33550,,44.778162,-0.556477,Plein jour,Hors agglomération,Hors intersection,Normale,Deux véhicules - arrière,1,3,6,0,1,1,1,0,1,90,2,2,1,0,0,1,46.0,42.0,utilitaire_camion,utilitaire_camion,1,1,1,1,2
202400044696,2024-01-09 15:30:00,2024,1,9,15,30,91,91223,PONT SAINT JEAN (RUE DU),48.43562,2.15227,Plein jour,En agglomération,Autre intersection,Neige / grêle,Autre collision,4,2,2,0,2,1,5,6,1,50,1,2,1,0,0,1,34.0,,voiture,,1,2,9,4,6
202400044697,2024-01-09 11:10:00,2024,1,9,11,10,84,84080,D942,44.01871,4.96148,Plein jour,Hors agglomération,Hors intersection,Temps couvert,Sans collision,3,1,2,0,1,1,1,0,1,110,1,1,0,0,0,1,76.0,,utilitaire_camion,,1,1,1,8,7
202400044698,2024-01-09 11:40:00,2024,1,9,11,40,84,84007,LYON (route de ),43.95364,4.83404,Plein jour,En agglomération,Hors intersection,Temps couvert,Deux véhicules - arrière,4,2,2,2,1,1,1,5,1,50,2,2,1,0,0,1,66.0,32.0,voiture,voiture,1,2,1,8,2
202400044699,2024-01-09 07:42:00,2024,1,9,7,42,80,80021,Quai de la Somme,49.90126088,2.28816837,Nuit avec éclairage allumé,En agglomération,Intersection en Y,Temps couvert,Autre collision,4,1,1,0,1,1,1,0,1,50,2,2,1,1,0,0,52.0,61.0,utilitaire_camion,deux_roues,5,2,4,8,6
202400044699,2024-01-09 07:42:00,2024,1,9,7,42,80,80021,Quai de la Somme,49.90126088,2.28816837,Nuit avec éclairage allumé,En agglomération,Intersection en Y,Temps couvert,Autre collision,4,2,2,0,1,1,1,9,1,50,2,2,1,1,0,0,52.0,61.0,utilitaire_camion,deux_roues,5,2,4,8,6
202400044700,2024-01-09 11:20:00,2024,1,9,11,20,78,78401,ALBERT JOZON (RUE),49.00582,1.90639,Plein jour,En agglomération,Intersection en T,Normale,Autre collision,3,2,2,0,1,1,1,0,1,50,1,2,1,0,0,1,35.0,,utilitaire_camion,,1,2,3,1,6
202400044700,2024-01-09 11:20:00,2024,1,9,11,20,78,78401,ALBERT JOZON (RUE),49.00582,1.90639,Plein jour,En agglomération,Intersection en T,Normale,Autre collision,3,-1,2,0,1,1,1,0,1,50,1,2,1,0,0,1,35.0,,utilitaire_camion,,1,2,3,1,6
202400044701,2024-01-09 18:20:00,2024,1,9,18,20,76,76165,Rue Emile Zola,49.27819,1.02994,Crépuscule ou aube,En agglomération,Hors intersection,Normale,Deux véhicules - côté,4,2,2,0,1,1,1,0,1,50,2,3,1,0,0,2,22.0,57.0,voiture,voiture,2,2,1,1,3
202400044702,2024-01-08 07:25:00,2024,1,8,7,25,76,76305,PONT VII (BIS),49.4975,0.19693,Nuit sans éclairage public,En agglomération,Hors intersection,Normale,Sans collision,4,2,2,0,1,1,7,2,1,50,1,1,0,0,1,0,54.0,,deux_roues,,3,2,1,1,7
202400044703,2024-01-07 21:52:00,2024,1,7,21,52,76,76351,VAUBAN,49.48988,0.11943,Nuit avec éclairage allumé,En agglomération,Intersection en X,Pluie légère,Deux véhicules - côté,4,2, -1,-1,1,1,2,0,1,-1,2,2,1,0,0,1,23.0,32.0,voiture,deux_roues,5,2,2,2,3
202400044703,2024-01-07 21:52:00,2024,1,7,21,52,76,76351,VAUBAN,49.48988,0.11943,Nuit avec éclairage allumé,En agglomération,Intersection en X,Pluie légère,Deux véhicules - côté,4,2,2,0,1,1,2,0,1,50,2,2,1,0,0,1,23.0,32.0,voiture,deux_roues,5,2,2,2,3
202400044704,2024-01-08 18:50:00,2024,1,8,18,50,72,72181,VOLTAIRE (RUE) N° IMP 1 A 113,47.99611,0.208,Nuit avec éclairage allumé,En agglomération,Hors intersection,Normale,Trois véhicules et plus - en chaîne,4,2,3,1,1,1,1,0,1,30,3,3,2,0,0,1,55.0,60.0,voiture,voiture,5,2,1,1,4
202400044705,2024-01-08 18:30:00,2024,1,8,18,30,72,72181,ISAAC (RUE) N° IMP 241 ET >,48.01721,0.24278,Nuit sans éclairage public,Hors agglomération,Intersection en Y,Normale,Deux véhicules - arrière,4,2,2,0,1,1,1,0,1,90,2,2,1,0,0,1,28.0,21.0,utilitaire_camion,voiture,3,1,4,1,2
202400044705,2024-01-08 18:30:00,2024,1,8,18,30,72,72181,ISAAC (RUE) N° IMP 241 ET >,48.01721,0.24278,Nuit sans éclairage public,Hors agglomération,Intersection en Y,Normale,Deux véhicules - arrière,4,2,2,0,1,2,1,0,1,90,2,2,1,0,0,1,28.0,21.0,utilitaire_camion,voiture,3,1,4,1,2
202400044706,2024-01-08 09:00:00,2024,1,8,9,0,72,72181,BART JEAN (RUE) N° IMP DE 1 A 53,47.97719,0.22344,Plein jour,En agglomération,Autre intersection,Normale,Autre collision,4,2,2,0,1,1,1,0,1,50,1,4,3,0,0,1,89.0,,utilitaire_camion,,1,2,9,1,6
202400044707,2024-01-08 14:50:00,2024,1,8,14,50,69,69115,Route d’Anse,45.96551,4.71632,Plein jour,En agglomération,Giratoire,Normale,Deux véhicules - côté,3,2,2,2,1,1,1,0,1,50,2,2,1,0,0,1,34.0,20.0,voiture,deux_roues,1,2,6,1,3
202400044708,2024-01-08 09:15:00,2024,1,8,9,15,67,67482,PRESIDENT WILSON (BOULEVARD),48.58882,7.73997,Plein jour,En agglomération,Intersection en T,Temps couvert,Deux véhicules - côté,4,3,2,0,1,1,1,0,8,50,2,2,1,0,0,1,31.0,55.0,deux_roues,utilitaire_camion,1,2,3,8,3
202400044708,2024-01-08 09:15:00,2024,1,8,9,15,67,67482,PRESIDENT WILSON (BOULEVARD),48.58882,7.73997,Plein jour,En agglomération,Intersection en T,Temps couvert,Deux véhicules - côté,4,3,6,0,1,1,1,5,1,50,2,2,1,0,0,1,31.0,55.0,deux_roues,utilitaire_camion,1,2,3,8,3
202400044709,2024-01-09 16:20:00,2024,1,9,16,20,64,64129,CHARLES DE GAULLE,43.30584051,-0.40302068,Plein jour,En agglomération,Hors intersection,Normale,Sans collision,4,-1,2,0,1,1,1,0,1,50,1,1,0,0,0,1,57.0,,deux_roues,,1,2,1,1,7
202400044710,2024-01-08 19:06:00,2024,1,8,19,6,64,64102,BARTHES (CHEMIN DES),43.49286,-1.49525,Nuit avec éclairage allumé,En agglomération,Hors intersection,Normale,Autre collision,4,2,2,0,1,1,1,5,1,50,1,2,1,0,0,1,25.0,,voiture,,5,2,1,1,6
202400044711,2024-01-08 12:14:00,2024,1,8,12,14,63,63300,Rue de l'Hôtel de ville / Bd Desaix,45.8943,3.11787,Plein jour,En agglomération,Intersection à plus de 4 branches,Neige / grêle,Autre collision,3,1,1,1,1,1,7,0,1,30,1,3,2,0,0,1,44.0,,utilitaire_camion,,1,2,5,4,6
202400044711,2024-01-08 12:14:00,2024,1,8,12,14,63,63300,Rue de l'Hôtel de ville / Bd Desaix,45.8943,3.11787,Plein jour,En agglomération,Intersection à plus de 4 branches,Neige / grêle,Autre collision,3,2,3,0,1,1,7,9,1,50,1,3,2,0,0,1,44.0,,utilitaire_camion,,1,2,5,4,6
202400044712,2024-01-08 07:40:00,2024,1,8,7,40,62,62041,Place de Tchécoslovaquie,50.29699747,2.76917732,Nuit avec éclairage allumé,En agglomération,Giratoire,Normale,Deux véhicules - arrière,4,1,0,0,1,1,1,0,1,50,2,2,1,0,0,1,26.0,44.0,voiture,deux_roues,5,2,6,1,2
202400044712,2024-01-08 07:40:00,2024,1,8,7,40,62,62041,Place de Tchécoslovaquie,50.29699747,2.76917732,Nuit avec éclairage allumé,En agglomération,Giratoire,Normale,Deux véhicules - arrière,4,1,2,0,1,3,1,0,1,50,2,2,1,0,0,1,26.0,44.0,voiture,deux_roues,5,2,6,1,2
202400044713,2024-01-09 16:45:00,2024,1,9,16,45,59,59599,Rue Nationale,50.7246,3.1531,Plein jour,En agglomération,Hors intersection,Normale,Autre collision,4,2,2,0,1,1,1,0,4,50,1,2,1,0,0,1,54.0,,voiture,,1,2,1,1,6
202400044714,2024-01-09 11:40:00,2024,1,9,11,40,59,59017,BLUM  (AVENUE LEON),50.69986,2.88831,Plein jour,En agglomération,Hors intersection,Temps éblouissant,Autre collision,4,2,2,0,1,1,1,0,1,50,1,2,1,0,1,0,40.0,,voiture,,1,2,1,7,6
202400044715,2024-01-08 21:40:00,2024,1,8,21,40,54,54304,Rue de la Sapinière,48.68971975,6.13025576,Nuit avec éclairage non allumé,En agglomération,Hors intersection,Normale,Autre collision,4,2,1,0,1,1,1,0,1,50,1,4,3,0,0,1,19.0,,voiture,,4,2,1,1,6
202400044716,2024-01-08 07:45:00,2024,1,8,7,45,54,54578,Avenue Paul Muller,48.66965,6.15556,Nuit sans éclairage public,En agglomération,Hors intersection,Normale,Deux véhicules - arrière,4,2,2,0,1,1,1,0,1,50,2,2,0,0,0,2,49.0,41.0,voiture,voiture,3,2,1,1,2
202400044717,2024-01-08 09:09:00,2024,1,8,9,9,54,54328,Rue de la Gare,48.62106,6.16811,Plein jour,En agglomération,Hors intersection,Temps couvert,Autre collision,4,2,2,0,1,1,1,9,1,50,1,2,1,0,0,1,57.0,,voiture,,1,2,1,8,6
202400044718,2024-01-08 16:55:00,2024,1,8,16,55,49,49267,Rue des Levrauderies,47.46665,-0.46861,Plein jour,Hors agglomération,Intersection en X,Temps couvert,Deux véhicules - côté,4,2,2,0,1,1,1,0,1,50,2,2,0,0,0,2,45.0,38.0,utilitaire_camion,voiture,1,1,2,8,3
202400044718,2024-01-08 16:55:00,2024,1,8,16,55,49,49267,Rue des Levrauderies,47.46665,-0.46861,Plein jour,Hors agglomération,Intersection en X,Temps couvert,Deux véhicules - côté,4,2,2,0,1,1,1,0,1,50,2,2,0,0,0,2,45.0,38.0,utilitaire_camion,voiture,1,1,2,8,3
202400044719,2024-01-08 19:48:00,2024,1,8,19,48,49,49007,PAUL BERT,47.4653,-0.55035,Nuit avec éclairage allumé,En agglomération,Hors intersection,Normale,Deux véhicules - côté,4,3,3,0,1,1,1,0,1,50,2,3,1,0,0,2,22.0,50.0,voiture,deux_roues,5,2,1,1,3
202400044720,2024-01-09 18:30:00,2024,1,9,18,30,45,45274,392 Rue des Cordelles,47.88198,1.9522,Nuit avec éclairage allumé,En agglomération,Intersection en T,Normale,Deux véhicules - côté,4,2,2,0,1,1,1,0,1,50,2,5,3,0,0,2,38.0,25.0,voiture,voiture,5,2,3,1,3
202400044720,2024-01-09 18:30:00,2024,1,9,18,30,45,45274,392 Rue des Cordelles,47.88198,1.9522,Nuit avec éclairage allumé,En agglomération,Intersection en T,Normale,Deux véhicules - côté,4,2,2,0,1,1,1,0,1,50,2,5,3,0,0,2,38.0,25.0,voiture,voiture,5,2,3,1,3
202400044721,2024-01-09 18:55:00,2024,1,9,18,55,41,41018,PICARDIERE (RUE),47.58901,1.28751,Nuit sans éclairage public,En agglomération,Hors intersection,Neige / grêle,Autre collision,4,2,2,0,1,1,5,0,1,50,1,2,1,0,0,1,34.0,,voiture,,3,2,1,4,6
202400044722,2024-01-09 12:55:00,2024,1,9,12,55,35,35238,BOIS LABBE (AVENUE DU),48.12612,-1.70298,Plein jour,En agglomération,Hors intersection,Normale,Deux véhicules - côté,4,2,2,1,1,1,1,0,5,30,2,2,1,0,0,1,51.0,29.0,voiture,deux_roues,1,2,1,1,3
202400044723,2024-01-09 19:40:00,2024,1,9,19,40,34,34172,LIBERTE (AVENUE DE LA,43.60884,3.84259,Nuit avec éclairage allumé,En agglomération,Hors intersection,Normale,Deux véhicules - frontale,4,2,2,0,1,1,1,0,1,50,2,2,1,0,0,1,63.0,,voiture,voiture,5,2,1,1,1
202400044724,2024-01-09 19:07:00,2024,1,9,19,7,33,33281,Avenue François Mitterrand,44.825718,-0.628116,Nuit avec éclairage allumé,En agglomération,Intersection en X,Normale,Deux véhicules - côté,4,2,2,0,2,1,1,5,1,50,2,3,1,0,0,2,33.0,35.0,voiture,deux_roues,5,2,2,1,3
202400044724,2024-01-09 19:07:00,2024,1,9,19,7,33,33281,Avenue François Mitterrand,44.825718,-0.628116,Nuit avec éclairage allumé,En agglomération,Intersection en X,Normale,Deux véhicules - côté,4,2,2,1,1,1,1,5,1,50,2,3,1,0,0,2,33.0,35.0,voiture,deux_roues,5,2,2,1,3
202400044725,2024-01-09 08:27:00,2024,1,9,8,27,33,33281,,44.828062,-0.648766,Crépuscule ou aube,En agglomération,Giratoire,Normale,Autre collision,4,2, -1,-1,1,1,1,0,8,30,1,2,1,0,0,1,31.0,,voiture,,2,2,6,1,6
202400044725,2024-01-09 08:27:00,2024,1,9,8,27,33,33281,,44.828062,-0.648766,Crépuscule ou aube,En agglomération,Giratoire,Normale,Autre collision,4,2,2,1,1,1,1,5,1,30,1,2,1,0,0,1,31.0,,voiture,,2,2,6,1,6
202400044726,2024-01-08 19:11:00,2024,1,8,19,11,33,33281,,44.81738,-0.6742,Nuit avec éclairage allumé,En agglomération,Giratoire,Normale,Deux véhicules - arrière,4,2,4,0,1,1,1,2,1,50,2,3,2,0,0,1,27.0,42.0,voiture,voiture,5,2,6,1,2
202400044727,2024-01-09 23:45:00,2024,1,9,23,45,31,31555,R-PT DU GENERAL EISENHOWER,43.57875611,1.36567891,Nuit avec éclairage allumé,En agglomération,Autre intersection,Normale,Deux véhicules - arrière,7,1,2,0,1,1,1,9,1,50,2,2,1,0,0,1,,28.0,voiture,voiture,5,2,9,1,2
202400044728,2024-01-09 20:06:00,2024,1,9,20,6,31,31555,NARBONNE (ROUTE DE),43.56906721,1.45642474,Nuit avec éclairage allumé,En agglomération,Autre intersection,Autre,Deux véhicules - côté,7,2,3,3,1,1,1,9,4,30,2,3,1,0,0,2,22.0,50.0,utilitaire_camion,deux_roues,5,2,9,9,3
202400044729,2024-01-09 15:40:00,2024,1,9,15,40,31,31555,PL JEANNE D ARC,43.60928,1.44619,Plein jour,En agglomération,Hors intersection,Normale,Deux véhicules - côté,4,1,3,0,1,1,1,0,1,50,2,2,1,0,0,1,55.0,24.0,deux_roues,utilitaire_camion,1,2,1,1,3
202400044730,2024-01-09 07:53:00,2024,1,9,7,53,31,31022,AV DE FRONTON,43.66019,1.43156,Crépuscule ou aube,En agglomération,Hors intersection,Normale,Deux véhicules - côté,7,2,3,3,1,1,1,0,1,50,2,2,1,0,1,0,44.0,58.0,voiture,deux_roues,2,2,1,1,3
202400044731,2024-01-08 18:30:00,2024,1,8,18,30,29,29019,rue de Guilers,48.388684,-4.516905,Nuit avec éclairage allumé,En agglomération,Intersection en T,Normale,Deux véhicules - côté,4,2,2,0,1,1,1,0,1,50,2,2,1,0,1,0,42.0,30.0,deux_roues,voiture,5,2,3,1,3
202400044731,2024-01-08 18:30:00,2024,1,8,18,30,29,29019,rue de Guilers,48.388684,-4.516905,Nuit avec éclairage allumé,En agglomération,Intersection en T,Normale,Deux véhicules - côté,4,2,2,0,1,1,1,0,1,50,2,2,1,0,1,0,42.0,30.0,deux_roues,voiture,5,2,3,1,3
202400044732,2024-01-10 01:30:00,2024,1,10,1,30,22,22187,SURCOUF (RUE),48.53817,-2.72283,Nuit sans éclairage public,En agglomération,Hors intersection,Normale,Autre collision,4,2,2,0,2,1,1,0,1,30,1,1,0,1,0,0,26.0,,voiture,,3,2,1,1,6
202400044733,2024-04-02 09:24:00,2024,4,2,9,24,01,01157,2644-2708 D933,46.012943,4.752628,Plein jour,Hors agglomération,Intersection en Y,Normale,Deux véhicules - frontale,3,2,2,0,4,1,1,0,8,80,2,2,0,0,1,1,31.0,38.0,voiture,voiture,1,1,4,1,1
202400044733,2024-04-02 09:24:00,2024,4,2,9,24,01,01157,2644-2708 D933,46.012943,4.752628,Plein jour,Hors agglomération,Intersection en Y,Normale,Deux véhicules - frontale,3,2,2,0,1,1,1,0,1,80,2,2,0,0,1,1,31.0,38.0,voiture,voiture,1,1,4,1,1
202400044734,2024-01-09 07:50:00,2024,1,9,7,50,22,22215,MAUPASSANT (Rue Guy de),48.4971,-2.7689,Nuit avec éclairage non allumé,En agglomération,Hors intersection,Normale,Trois véhicules et plus - en chaîne,3,1,0,0,2,1,1,3,1,70,4,5,1,0,0,4,49.0,42.0,voiture,voiture,4,2,1,1,4
202400044735,2024-04-02 08:20:00,2024,4,2,8,20,22,22044,RN 12 PR 43+500,48.476236,-2.585392,Plein jour,Hors agglomération,Hors intersection,Temps couvert,Deux véhicules - arrière,2,2,2,0,2,1,1,0,1,110,2,2,1,0,0,1,59.0,24.0,voiture,voiture,1,1,1,8,2
202400044736,2024-01-09 02:30:00,2024,1,9,2,30,14,14574,Route de Caen,49.137273,0.171761,Nuit avec éclairage allumé,Hors agglomération,Giratoire,Neige / grêle,Sans collision,3,-1,2,0,1,1,5,5,8,50,1,1,0,0,0,1,40.0,,voiture,,5,1,6,4,7
202400044736,2024-01-09 02:30:00,2024,1,9,2,30,14,14574,Route de Caen,49.137273,0.171761,Nuit avec éclairage allumé,Hors agglomération,Giratoire,Neige / grêle,Sans collision,3,1,2,0,1,1,5,5,3,50,1,1,0,0,0,1,40.0,,voiture,,5,1,6,4,7
202400044737,2024-04-02 19:45:00,2024,4,2,19,45,974,97413,Rue Georges Pompidou,-21.141764,55.290343,Nuit sans éclairage public,Hors agglomération,Hors intersection,Pluie légère,Autre collision,3,2,2,0,2,1,2,0,1,80,1,2,0,0,2,0,31.0,,voiture,,3,1,1,2,6
202400044738,2024-01-08 09:57:00,2024,1,8,9,57,14,14118,21 Avenue du 43ème Régiment d'Artillerie,49.16753,-0.34635,Plein jour,En agglomération,Hors intersection,Normale,Sans collision,4,2,2,0,1,1,1,0,1,50,1,2,1,0,0,1,56.0,,voiture,,1,2,1,1,7
202400044739,2024-01-09 12:30:00,2024,1,9,12,30,13,13103,AVENUE DU 22 AOUT 1944,43.63566093,5.08003842,Plein jour,En agglomération,Autre intersection,Normale,Deux véhicules - côté,4,2,2,1,1,1,1,0,8,50,2,2,0,0,0,2,55.0,43.0,voiture,voiture,1,2,9,1,3
202400044740,2024-01-08 15:42:00,2024,1,8,15,42,13,13204,FRANÇOISE DUPARC (BOULEVARD),43.30145,5.40059,Plein jour,En agglomération,Hors intersection,Normale,Autre collision,4,1,3,3,1,1,1,0,1,50,1,2,1,0,0,1,50.0,,deux_roues,,1,2,1,1,6
202400044741,2024-04-02 12:20:00,2024,4,2,12,20,62,62118,D77e1,50.370766,2.551124,Plein jour,Hors agglomération,Intersection en X,Pluie légère,Deux véhicules - côté,3,2,2,0,1,1,2,0,1,80,2,2,1,0,1,0,60.0,59.0,utilitaire_camion,voiture,1,1,2,2,3
202400044741,2024-04-02 12:20:00,2024,4,2,12,20,62,62118,D77e1,50.370766,2.551124,Plein jour,Hors agglomération,Intersection en X,Pluie légère,Deux véhicules - côté,3,2,2,0,1,1,2,0,1,80,2,2,1,0,1,0,60.0,59.0,utilitaire_camion,voiture,1,1,2,2,3
202400044742,2024-04-02 18:40:00,2024,4,2,18,40,74,74267,1457 Route d'albertville,45.870174,6.14061,Plein jour,En agglomération,Hors intersection,Normale,Deux véhicules - côté,3,-1,2,0,1,1,1,9,1,50,2,2,1,0,0,1,57.0,16.0,voiture,deux_roues,1,2,1,1,3
202400044743,2024-01-04 05:02:00,2024,1,4,5,2,10,10081,ROCADE OUEST (RD 610),48.3195,4.0219,Nuit sans éclairage public,Hors agglomération,Autre intersection,Normale,Trois véhicules et plus - collisions multiples,3,1,4,0,1,3,1,0,1,110,5,5,3,0,0,2,47.0,21.0,voiture,voiture,3,1,9,1,5
202400044744,2024-04-03 07:05:00,2024,4,3,7,5,80,80368,D925,50.073516,1.542506,Crépuscule ou aube,Hors agglomération,Giratoire,Normale,Deux véhicules - côté,3,1,1,1,1,1,1,5,1,50,2,2,1,0,0,1,30.0,23.0,utilitaire_camion,deux_roues,2,1,6,1,3
202400044745,2024-01-08 17:55:00,2024,1,8,17,55,10,10357,ROCADE EST (RD 610),48.294,4.1384,Nuit sans éclairage public,Hors agglomération,Hors intersection,Normale,Deux véhicules - arrière,3,2,2,0,1,1,2,0,1,90,2,4,0,0,0,4,36.0,31.0,voiture,utilitaire_camion,3,1,1,1,2
202400044746,2024-01-09 18:30:00,2024,1,9,18,30,04,04070,HONNORAT (R. DU DR),44.09295,6.23473,Nuit avec éclairage allumé,En agglomération,Hors intersection,Pluie légère,Autre collision,3,1,2,0,1,1,2,0,1,30,1,2,1,0,1,0,33.0,,voiture,,5,2,1,2,6
202400044747,2024-04-03 13:30:00,2024,4,3,13,30,61,61163,D18 PR13+830,48.663788,-0.5144321,Plein jour,En agglomération,Hors intersection,Normale,Deux véhicules - arrière,3,2,2,0,2,1,1,0,1,70,2,2,1,0,1,0,19.0,18.0,voiture,deux_roues,1,2,1,1,2
202400044748,2024-01-04 19:50:00,2024,1,4,19,50,02,02722,,49.36313,3.32569,Nuit avec éclairage allumé,En agglomération,Intersection en T,Normale,Autre collision,4,2,2,0,1,1,1,0,1,50,1,2,1,0,0,1,66.0,,voiture,,5,2,3,1,6
202400044748,2024-01-04 19:50:00,2024,1,4,19,50,02,02722,,49.36313,3.32569,Nuit avec éclairage allumé,En agglomération,Intersection en T,Normale,Autre collision,4,2,2,0,1,1,1,0,1,30,1,2,1,0,0,1,66.0,,voiture,,5,2,3,1,6
202400044749,2024-04-03 20:00:00,2024,4,3,20,0,42,42267,Route de Pouilly,46.150836,4.152896,Crépuscule ou aube,Hors agglomération,Intersection en T,Normale,Deux véhicules - côté,3,2,2,0,1,1,1,0,1,70,2,2,1,0,1,0,26.0,24.0,deux_roues,voiture,2,1,3,1,3
202400044749,2024-04-03 20:00:00,2024,4,3,20,0,42,42267,Route de Pouilly,46.150836,4.152896,Crépuscule ou aube,Hors agglomération,Intersection en T,Normale,Deux véhicules - côté,3,2,2,-1,2,1,1,0,1,-1,2,2,1,0,1,0,26.0,24.0,deux_roues,voiture,2,1,3,1,3
202400044750,2024-01-09 09:25:00,2024,1,9,9,25,01,01451,MARBOZ RD 996 ( ROUTE DE ) PAIR,46.26018,5.23258,Plein jour,En agglomération,Hors intersection,Neige / grêle,Autre collision,3,2,2,0,2,1,5,0,3,70,1,1,0,0,0,1,37.0,,voiture,,1,2,1,4,6
202400044751,2024-03-31 15:30:00,2024,3,31,15,30,34,34031,D137,43.347184,3.428271,Plein jour,Hors agglomération,Hors intersection,Temps éblouissant,Sans collision,3,2,2,0,2,3,1,0,8,80,1,1,0,0,1,0,15.0,,deux_roues,,1,1,1,7,7
202400044752,2024-01-09 17:45:00,2024,1,9,17,45,75,75113,BD PERIPHERIQUE EXTERIEUR,48.820273,2.37556,Nuit avec éclairage allumé,En agglomération,Hors intersection,Normale,Trois véhicules et plus - en chaîne,4,1,3,0,1,1,1,0,1,50,3,3,2,0,0,1,58.0,67.0,deux_roues,deux_roues,5,2,1,1,4
202400044753,2024-04-03 09:10:00,2024,4,3,9,10,34,34237,D13,43.494775,3.336094,Plein jour,Hors agglomération,Hors intersection,Normale,Autre collision,3,2,2,0,1,1,1,0,3,80,1,2,0,0,0,2,31.0,,voiture,,1,1,1,1,6
202400044754,2024-01-08 17:15:00,2024,1,8,17,15,75,75117,PORTE D ASNIERES,48.893777,2.304534,Nuit avec éclairage allumé,En agglomération,Hors intersection,Normale,Trois véhicules et plus - en chaîne,4,1,4,0,1,1,1,1,1,70,3,3,2,0,0,1,61.0,59.0,utilitaire_camion,utilitaire_camion,5,2,1,1,4