accident_id,datetime,annee,mois,jour,heure,minute,departement,commune_insee,adresse,latitude,longitude,luminosite,agglomeration,intersection,meteo,collision,catr,circ,nbv,vosp,prof,plan,surf,infra,situ,vma,nb_vehicules,nb_usagers,nb_indemnes,nb_tues,nb_blesses_hosp,nb_blesses_legers,age_cond_1,age_cond_2,veh_type_cond_1,veh_type_cond_2,lum_code,agg_code,int_code,atm_code,col_code
202400044824,2024-01-09 19:40:00,2024,1,9,19,40,92,92026,BEZONS (DE 23 A FIN),48.89449,2.25084,Nuit avec éclairage allumé,En agglomération,Hors intersection,Normale,Autre collision,3,3,1,1,1,1,1,0,1,50,1,2,1,0,0,1,40.0,,voiture,,5,2,1,1,6
202400044825,2024-04-03 07:20:00,2024,4,3,7,20,60,60589,D1016,49.231219,2.470465,Plein jour,Hors agglomération,Hors intersection,Pluie légère,Deux véhicules - frontale,3,3,0,0,1,1,2,0,1,90,2,2,0,1,0,1,27.0,45.0,voiture,utilitaire_camion,1,1,1,2,1
202400044826,2024-05-09 14:45:00,2024,5,9,14,45,14,14191,D79,49.312436,-0.445354,Plein jour,Hors agglomération,Hors intersection,Normale,Autre collision,3,2,2,0,1,1,1,0,3,80,1,1,0,0,1,0,35.0,,voiture,,1,1,1,1,6
202400044827,2024-01-09 19:40:00,2024,1,9,19,40,92,92026,BEZONS  (DE 01 A 22),48.89449,2.25084,Nuit avec éclairage allumé,En agglomération,Hors intersection,Normale,Autre collision,3,3,1,1,1,1,1,9,1,50,1,1,0,0,0,1,40.0,,voiture,,5,2,1,1,6
202400044828,2024-04-02 15:30:00,2024,4,2,15,30,13,13081,A7-Sens Marseille vers Lyon,43.494,5.24,Plein jour,Hors agglomération,Hors intersection,Normale,Autre collision,1,1,2,0,2,2,1,9,1,70,1,1,0,0,0,1,46.0,,utilitaire_camion,,1,1,1,1,6
202400044829,2024-05-10 02:18:00,2024,5,10,2,18,50,50369,Route du Pont Rilly,49.513591,-1.550961,Nuit sans éclairage public,Hors agglomération,Hors intersection,Normale,Autre collision,3,2,2,0,2,1,1,0,3,80,1,1,0,1,0,0,23.0,,voiture,,3,1,1,1,6
202400044830,2024-01-09 00:45:00,2024,1,9,0,45,92,92026,COURBEVOIE (PONT DE),48.89641175,2.26489055,Nuit sans éclairage public,En agglomération,Hors intersection,Neige / grêle,Deux véhicules - arrière,4,2,2,0,1,1,7,2,1,50,2,2,1,0,0,1,46.0,29.0,transport_commun,deux_roues,3,2,1,4,2
202400044831,2024-03-31 23:30:00,2024,3,31,23,30,13,13215,A55-Sens Marseille vers Martigues,43.33527425,5.35328598,Nuit sans éclairage public,Hors agglomération,Hors intersection,Pluie forte,Deux véhicules - frontale,1,1,3,0,1,2,4,0,1,90,1,2,0,0,0,2,40.0,,voiture,,3,1,1,3,1
202400044832,2024-01-09 13:20:00,2024,1,9,13,20,92,92024,GENERAL ROGUET (RUE DU) DE (1 A 57)   (2,48.90354065,2.31290929,Plein jour,En agglomération,Hors intersection,Normale,Autre collision,3,2,2,0,1,1,1,0,1,50,1,2,1,0,0,1,55.0,,deux_roues,,1,2,1,1,6
202400044833,2024-01-09 01:00:00,2024,1,9,1,0,92,92024,GENNEVILLIERS (PONT DE),48.91300492,2.31100962,Nuit avec éclairage allumé,En agglomération,Hors intersection,Neige / grêle,Deux véhicules - frontale,3,2,3,0,1,1,7,2,1,50,2,3,0,0,0,3,22.0,46.0,voiture,voiture,5,2,1,4,1
202400044834,2024-04-01 05:45:00,2024,4,1,5,45,83,83047,A570,43.13357431,6.05180516,Nuit sans éclairage public,Hors agglomération,Hors intersection,Normale,Deux véhicules - arrière,1,1,4,0,1,1,2,0,1,110,2,2,1,0,0,1,19.0,51.0,voiture,voiture,3,1,1,1,2
202400044835,2024-05-10 10:20:00,2024,5,10,10,20,45,45059,D2157 PR 12 + 6,47.932332,1.750667,Plein jour,Hors agglomération,Hors intersection,Normale,Sans collision,3,2,2,0,3,1,1,0,1,90,1,2,1,0,1,0,34.0,,deux_roues,,1,1,1,1,7
202400044836,2024-01-09 07:47:00,2024,1,9,7,47,92,92007,DE GAULLE (AVENUE CHARLES),48.79770626,2.29683548,Nuit avec éclairage allumé,En agglomération,Intersection en T,Neige / grêle,Autre collision,3,2,2,0,1,1,7,0,8,50,1,2,1,0,0,1,44.0,,utilitaire_camion,,5,2,3,4,6
202400044836,2024-01-09 07:47:00,2024,1,9,7,47,92,92007,DE GAULLE (AVENUE CHARLES),48.79770626,2.29683548,Nuit avec éclairage allumé,En agglomération,Intersection en T,Neige / grêle,Autre collision,3,2,0,0,1,1,7,0,8,50,1,2,1,0,0,1,44.0,,utilitaire_camion,,5,2,3,4,6
202400044837,2024-03-10 20:20:00,2024,3,10,20,20,01,01275,A42   4.353 A 5.760   GEN/LYON,45.8102,4.93517,Nuit sans éclairage public,Hors agglomération,Hors intersection,Normale,Deux véhicules - arrière,1,1,3,0,1,1,1,0,1,90,2,2,1,0,0,1,52.0,,voiture,utilitaire_camion,3,1,1,1,2
202400044838,2024-05-09 18:00:00,2024,5,9,18,0,43,43020,Route de Beauzac,45.293853,4.115045,Plein jour,Hors agglomération,Intersection en Y,Normale,Deux véhicules - frontale,3,2,2,0,2,4,1,0,1,70,2,4,0,0,1,3,20.0,23.0,voiture,voiture,1,1,4,1,1
202400044838,2024-05-09 18:00:00,2024,5,9,18,0,43,43020,Route de Beauzac,45.293853,4.115045,Plein jour,Hors agglomération,Intersection en Y,Normale,Deux véhicules - frontale,3,2, -1,-1,2,4,1,5,1,-1,2,4,0,0,1,3,20.0,23.0,voiture,voiture,1,1,4,1,1
202400044839,2024-01-09 17:27:00,2024,1,9,17,27,92,92009,CHARLES-DE-GAULLE ( AVENUE ),48.91832288,2.27507293,Nuit avec éclairage allumé,En agglomération,Intersection en X,Autre,Deux véhicules - frontale,3,1,1,0,1,1,2,0,1,50,2,2,1,0,1,0,43.0,49.0,deux_roues,voiture,5,2,2,9,1
202400044839,2024-01-09 17:27:00,2024,1,9,17,27,92,92009,CHARLES-DE-GAULLE ( AVENUE ),48.91832288,2.27507293,Nuit avec éclairage allumé,En agglomération,Intersection en X,Autre,Deux véhicules - frontale,3,2,2,0,2,1,2,0,1,50,2,2,1,0,1,0,43.0,49.0,deux_roues,voiture,5,2,2,9,1
202400044840,2024-05-09 15:10:00,2024,5,9,15,10,43,43078,Rue des Jardins,44.995242,3.917924,Plein jour,En agglomération,Hors intersection,Normale,Autre collision,4,2,2,0,2,1,1,9,1,50,1,2,1,0,1,0,26.0,,voiture,,1,2,1,1,6
202400044841,2024-01-15 15:20:00,2024,1,15,15,20,92,92002,LAVOISIER (AVENUE),48.74846636,2.31333643,Plein jour,En agglomération,Hors intersection,Normale,Sans collision,4,2,2,0,2,1,1,9,1,30,2,2,1,0,0,1,13.0,,deux_roues,voiture,1,2,1,1,7
202400044842,2024-05-09 22:25:00,2024,5,9,22,25,07,07058,D5,44.552038,4.289453,Nuit sans éclairage public,Hors agglomération,Hors intersection,Normale,Autre collision,3,2,2,0,1,4,1,0,3,90,1,1,0,0,1,0,71.0,,voiture,,3,1,1,1,6
202400044843,2024-01-10 08:30:00,2024,1,10,8,30,54,54462,Rue du Colonel Thiébaut,48.59675545,6.33497536,Crépuscule ou aube,En agglomération,Hors intersection,Normale,Autre collision,3,2,2,0,1,1,2,0,1,30,1,3,2,0,0,1,26.0,,utilitaire_camion,,2,2,1,1,6
202400044844,2024-04-02 11:35:00,2024,4,2,11,35,33,33397,,44.91727513,-0.47712759,Plein jour,Hors agglomération,Hors intersection,Normale,Trois véhicules et plus - en chaîne,1,3,6,0,1,1,1,0,1,110,3,5,3,0,0,2,43.0,24.0,utilitaire_camion,voiture,1,1,1,1,4
202400044845,2024-05-07 15:45:00,2024,5,7,15,45,40,40118,Route de l'Océan,43.542893,-0.950918,Plein jour,Hors agglomération,Hors intersection,Pluie légère,Deux véhicules - frontale,3,2,2,0,2,1,9,0,1,80,2,4,1,1,1,1,45.0,36.0,voiture,voiture,1,1,1,2,1
202400044846,2024-01-08 14:30:00,2024,1,8,14,30,14,14223,D511,48.879111,-0.349224,Plein jour,Hors agglomération,Intersection en X,Autre,Deux véhicules - frontale,3,2,2,0,1,1,7,0,1,80,2,2,0,0,0,2,35.0,83.0,voiture,voiture,1,1,2,9,1
202400044846,2024-01-08 14:30:00,2024,1,8,14,30,14,14223,D511,48.879111,-0.349224,Plein jour,Hors agglomération,Intersection en X,Autre,Deux véhicules - frontale,3,2,2,0,1,1,7,8,1,70,2,2,0,0,0,2,35.0,83.0,voiture,voiture,1,1,2,9,1
202400044847,2024-05-10 06:00:00,2024,5,10,6,0,85,85004,Canal de Ceinture (Rivière),46.354233,-1.368157,Nuit sans éclairage public,En agglomération,Intersection en Y,Normale,Autre collision,4,2,2,0,1,2,1,2,8,50,1,1,0,1,0,0,47.0,,voiture,,3,2,4,1,6
202400044847,2024-05-10 06:00:00,2024,5,10,6,0,85,85004,Canal de Ceinture (Rivière),46.354233,-1.368157,Nuit sans éclairage public,En agglomération,Intersection en Y,Normale,Autre collision,4,2, -1,-1,1,2,1,0,8,-1,1,1,0,1,0,0,47.0,,voiture,,3,2,4,1,6
202400044848,2024-04-02 08:55:00,2024,4,2,8,55,33,33550,,44.77977,-0.54914,Plein jour,Hors agglomération,Hors intersection,Normale,Trois véhicules et plus - en chaîne,1,3,6,0,1,1,1,0,1,90,3,4,3,0,0,1,45.0,26.0,voiture,voiture,1,1,1,1,4
202400044849,2024-01-10 18:40:00,2024,1,10,18,40,02,02330,"Autoroute A26, PK 167+430",49.859961,3.235538,Nuit sans éclairage public,Hors agglomération,Hors intersection,Normale,Deux véhicules - arrière,1,1,2,0,1,1,1,0,1,130,2,3,0,0,1,2,32.0,63.0,utilitaire_camion,voiture,3,1,1,1,2
202400044850,2024-04-02 19:09:00,2024,4,2,19,9,91,91521,RN 449,48.63567,2.40157,Plein jour,Hors agglomération,Hors intersection,Pluie légère,Sans collision,2,1,2,0,1,3,2,0,1,50,1,2,0,0,0,2,19.0,,voiture,,1,1,1,2,7
202400044851,2024-05-10 11:10:00,2024,5,10,11,10,85,85005,D938t,46.6399,-0.7534,Plein jour,Hors agglomération,Intersection en T,Normale,Deux véhicules - côté,3,2,2,0,1,1,1,0,1,80,2,3,1,0,2,0,17.0,86.0,deux_roues,voiture,1,1,3,1,3
202400044851,2024-05-10 11:10:00,2024,5,10,11,10,85,85005,D938t,46.6399,-0.7534,Plein jour,Hors agglomération,Intersection en T,Normale,Deux véhicules - côté,3,2,2,0,1,1,1,0,1,80,2,3,1,0,2,0,17.0,86.0,deux_roues,voiture,1,1,3,1,3
202400044852,2024-01-07 17:45:00,2024,1,7,17,45,34,34095,departementale 114,43.522702,3.762249,Crépuscule ou aube,Hors agglomération,Hors intersection,Normale,Trois véhicules et plus - collisions multiples,7,2,2,0,1,1,1,0,1,70,4,6,1,0,1,4,46.0,60.0,voiture,voiture,2,1,1,1,5
202400044853,2024-05-10 17:40:00,2024,5,10,17,40,85,85232,RD7,46.689115,-1.18323,Plein jour,Hors agglomération,Intersection en X,Normale,Deux véhicules - côté,3,2,2,0,1,1,1,0,1,70,2,2,1,1,0,0,79.0,25.0,voiture,voiture,1,1,2,1,3
202400044853,2024-05-10 17:40:00,2024,5,10,17,40,85,85232,RD7,46.689115,-1.18323,Plein jour,Hors agglomération,Intersection en X,Normale,Deux véhicules - côté,3,2, -1,-1,1,1,1,0,1,-1,2,2,1,1,0,0,79.0,25.0,voiture,voiture,1,1,2,1,3
202400044854,2024-04-02 10:50:00,2024,4,2,10,50,91,91161,AUTOROUTE A6,48.72027,2.31108,Plein jour,Hors agglomération,Hors intersection,Normale,Trois véhicules et plus - collisions multiples,1,3,3,0,1,1,1,0,1,110,3,3,2,0,0,1,42.0,66.0,voiture,voiture,1,1,1,1,5
202400044855,2024-04-17 19:15:00,2024,4,17,19,15,28,28324,D24,48.500245,1.247391,Plein jour,Hors agglomération,Hors intersection,Normale,Autre collision,3,2,2,0,1,2,1,0,3,90,1,1,0,0,0,1,36.0,,deux_roues,,1,1,1,1,6
202400044856,2024-04-02 14:00:00,2024,4,2,14,0,92,92002,AUTOROUTE A86,48.76344108,2.30932312,Plein jour,Hors agglomération,Hors intersection,Normale,Autre collision,1,-1,2,0,1,1,1,1,1,70,1,1,0,0,0,1,26.0,,utilitaire_camion,,1,1,1,1,6
202400044857,2024-01-09 08:30:00,2024,1,9,8,30,56,56251,ZA Atlantheix,47.64592,-2.70013,Plein jour,Hors agglomération,Hors intersection,Normale,Trois véhicules et plus - en chaîne,2,1,1,0,1,1,1,3,1,70,4,5,3,0,0,2,40.0,77.0,voiture,voiture,1,1,1,1,4
202400044858,2024-05-10 00:15:00,2024,5,10,0,15,17,17235,CD 131,45.793221,-0.402219,Nuit sans éclairage public,Hors agglomération,Hors intersection,Normale,Sans collision,3,2,2,0,1,2,1,0,3,80,1,1,0,0,1,0,26.0,,deux_roues,,3,1,1,1,7
202400044859,2024-04-02 07:47:00,2024,4,2,7,47,91,91689,AUTOROUTE A6B,48.7462,2.3257,Crépuscule ou aube,Hors agglomération,Hors intersection,Normale,Trois véhicules et plus - collisions multiples,1,3,3,0,1,1,1,1,1,110,3,3,2,0,0,1,40.0,55.0,voiture,deux_roues,2,1,1,1,5
202400044860,2024-01-09 07:25:00,2024,1,9,7,25,2A,2A085,T40,41.914445,8.885053,Nuit sans éclairage public,Hors agglomération,Hors intersection,Pluie légère,Deux véhicules - frontale,2,2,3,0,2,2,2,0,1,90,2,2,1,1,0,0,36.0,31.0,voiture,utilitaire_camion,3,1,1,2,1
202400044861,2024-05-10 07:45:00,2024,5,10,7,45,30,30188,D936,44.018412,4.15612,Plein jour,Hors agglomération,Hors intersection,Normale,Deux véhicules - côté,3,2,2,0,1,3,1,2,1,80,2,2,0,0,1,1,25.0,45.0,voiture,voiture,1,1,1,1,3
202400044862,2024-01-04 14:00:00,2024,1,4,14,0,82,82093,349 Route de Castelsarrasin,43.93458018,1.08704549,Plein jour,En agglomération,Hors intersection,Normale,Sans collision,3,2,2,0,1,3,1,0,3,50,1,1,0,1,0,0,66.0,,deux_roues,,1,2,1,1,7
202400044863,2024-04-01 23:55:00,2024,4,1,23,55,94,94038,A6B,48.77196197,2.34520358,Nuit sans éclairage public,Hors agglomération,Hors intersection,Pluie légère,Deux véhicules - arrière,1,2,2,0,1,1,2,0,1,90,2,3,1,0,0,2,30.0,22.0,voiture,voiture,3,1,1,2,2
202400044864,2024-05-09 16:30:00,2024,5,9,16,30,48,48166,D983,44.284786,3.597481,Plein jour,Hors agglomération,Hors intersection,Normale,Deux véhicules - côté,3,2,2,0,2,3,1,0,1,80,2,2,1,0,1,0,69.0,58.0,deux_roues,deux_roues,1,1,1,1,3
202400044865,2024-01-10 07:20:00,2024,1,10,7,20,29,29162,Place Charles de Gaulle,48.2258658,-3.97004406,Nuit avec éclairage allumé,En agglomération,Hors intersection,Normale,Autre collision,3,2,2,0,1,1,1,0,1,50,1,2,1,0,0,1,29.0,,voiture,,5,2,1,1,6
202400044866,2024-04-01 17:28:00,2024,4,1,17,28,95,95277,A3,48.96829077,2.47840727,Plein jour,Hors agglomération,Hors intersection,Normale,Deux véhicules - côté,1,3,10,0,2,2,2,0,1,90,2,2,1,0,0,1,28.0,47.0,deux_roues,voiture,1,1,1,1,3
202400044867,2024-01-09 17:55:00,2024,1,9,17,55,01,01195,90 Rue Charles Robin,46.211879,5.323203,Nuit avec éclairage allumé,En agglomération,Intersection en Y,Neige / grêle,Autre collision,3,2,2,0,1,1,2,0,1,50,1,2,1,0,1,0,,,voiture,,5,2,4,4,6
202400044867,2024-01-09 17:55:00,2024,1,9,17,55,01,01195,90 Rue Charles Robin,46.211879,5.323203,Nuit avec éclairage allumé,En agglomération,Intersection en Y,Neige / grêle,Autre collision,3,2,2,0,1,1,2,0,1,50,1,2,1,0,1,0,,,voiture,,5,2,4,4,6
202400044868,2024-05-05 14:25:00,2024,5,5,14,25,31,31424,Rue des Lavandes,43.561504,1.305695,Plein jour,En agglomération,Hors intersection,Normale,Deux véhicules - côté,4,2,2,0,1,1,1,0,1,50,2,2,0,0,0,2,37.0,36.0,voiture,voiture,1,2,1,1,3
202400044869,2024-04-01 15:08:00,2024,4,1,15,8,95,95212,N104,49.02850624,2.52640482,Plein jour,Hors agglomération,Hors intersection,Pluie légère,Autre collision,2,1,1,0,1,2,2,0,1,70,1,1,0,0,0,1,23.0,,voiture,,1,1,1,2,6
202400044870,2024-01-08 22:40:00,2024,1,8,22,40,26,26238,rd 94,44.379423,5.181556,Nuit sans éclairage public,Hors agglomération,Hors intersection,Normale,Sans collision,3,2,2,0,1,3,1,0,3,80,1,2,0,0,1,1,67.0,,voiture,,3,1,1,1,7
202400044871,2024-05-08 13:05:00,2024,5,8,13,5,35,35352,9 Rue du Champ Martin,48.060776,-1.615253,Plein jour,En agglomération,Hors intersection,Normale,Autre collision,4,2,2,0,1,2,1,0,1,50,1,1,0,0,1,0,25.0,,deux_roues,,1,2,1,1,6
202400044872,2024-04-01 10:28:00,2024,4,1,10,28,95,95582,A15,48.9685214,2.2516783,Plein jour,En agglomération,Hors intersection,Normale,Deux véhicules - arrière,1,3,8,0,1,1,1,8,1,90,2,3,1,0,0,2,76.0,26.0,voiture,voiture,1,2,1,1,2
202400044873,2024-01-10 16:20:00,2024,1,10,16,20,58,58004,Rue l?Huy Morlot,47.034036,3.638411,Plein jour,En agglomération,Hors intersection,Normale,Deux véhicules - frontale,4,2,2,0,1,1,1,0,1,50,2,3,2,0,0,1,74.0,38.0,deux_roues,voiture,1,2,1,1,1
202400044874,2024-05-09 04:50:00,2024,5,9,4,50,67,67343,Rue de la Victoire,48.609373,7.690929,Nuit avec éclairage allumé,En agglomération,Hors intersection,Normale,Deux véhicules - frontale,4,2,2,0,1,1,1,0,1,30,2,2,1,0,0,1,,20.0,voiture,deux_roues,5,2,1,1,1
202400044875,2024-04-01 01:00:00,2024,4,1,1,0,95,95277,A3,48.97874264,2.49592219,Nuit sans éclairage public,Hors agglomération,Autre intersection,Normale,Deux véhicules - arrière,1,3,4,0,1,1,1,0,1,110,2,2,1,0,0,1,47.0,28.0,voiture,voiture,3,1,9,1,2
202400044876,2024-05-06 11:01:00,2024,5,6,11,1,68,68021,A 35 PK 119.800,47.643143,7.496281,Plein jour,Hors agglomération,Hors intersection,Pluie légère,Autre collision,1,3,4,0,2,1,2,0,1,130,1,1,0,0,1,0,23.0,,voiture,,1,1,1,2,6
202400044877,2024-01-10 17:15:00,2024,1,10,17,15,27,27061,rd613,49.154541,0.595365,Plein jour,Hors agglomération,Hors intersection,Normale,Autre collision,3,2,3,0,1,1,1,0,1,-1,4,4,3,1,0,0,57.0,41.0,utilitaire_camion,utilitaire_camion,1,1,1,1,6
202400044878,2024-04-01 00:15:00,2024,4,1,0,15,93,93066,A1,48.93021039,2.36537062,Nuit sans éclairage public,Hors agglomération,Autre intersection,Normale,Deux véhicules - côté,1,3,5,0,1,1,1,0,1,110,2,2,1,0,0,1,51.0,,deux_roues,utilitaire_camion,3,1,9,1,3
202400044879,2024-01-10 10:25:00,2024,1,10,10,25,30,30062,D1,43.80248524,4.19502711,Plein jour,Hors agglomération,Hors intersection,Normale,Deux véhicules - frontale,3,2,2,0,1,1,1,0,3,80,2,2,1,1,0,0,60.0,70.0,utilitaire_camion,voiture,1,1,1,1,1
202400044880,2024-05-09 12:15:00,2024,5,9,12,15,11,11262,,43.163166,3.058255,Plein jour,Hors agglomération,Hors intersection,Normale,Deux véhicules - côté,3,2,2,0,1,1,1,0,1,80,2,6,5,0,1,0,41.0,55.0,voiture,deux_roues,1,1,1,1,3
202400044881,2024-04-01 11:10:00,2024,4,1,11,10,77,77249,RN104,48.72828524,2.60506736,Plein jour,Hors agglomération,Hors intersection,Normale,Autre collision,2,3,2,0,1,3,1,0,1,70,1,1,0,0,0,1,35.0,,voiture,,1,1,1,1,6
202400044882,2024-01-10 14:15:00,2024,1,10,14,15,30,30068,1425 Route des Cévennes,44.023457,4.09149,Plein jour,Hors agglomération,Hors intersection,Pluie légère,Sans collision,3,2,2,0,1,1,2,0,3,70,1,1,0,0,1,0,57.0,,utilitaire_camion,,1,1,1,2,7
202400044883,2024-05-09 14:00:00,2024,5,9,14,0,69,69064,Montee du Rozay,45.473953,4.771312,Plein jour,Hors agglomération,Hors intersection,Normale,Autre collision,3,2,2,0,2,3,1,0,1,80,1,3,2,0,0,1,77.0,,voiture,,1,1,1,1,6
202400044884,2024-01-10 08:05:00,2024,1,10,8,5,973,97309,Route de Montjoly (rd1),4.91729101,-52.27683038,Plein jour,En agglomération,Intersection en T,Normale,Deux véhicules - frontale,3,2,2,0,1,1,1,0,1,50,2,3,1,0,0,2,35.0,44.0,voiture,deux_roues,1,2,3,1,1
202400044884,2024-01-10 08:05:00,2024,1,10,8,5,973,97309,Route de Montjoly (rd1),4.91729101,-52.27683038,Plein jour,En agglomération,Intersection en T,Normale,Deux véhicules - frontale,3,2, -1,-1,1,1,1,0,1,-1,2,3,1,0,0,2,35.0,44.0,voiture,deux_roues,1,2,3,1,1
202400044885,2024-05-09 16:10:00,2024,5,9,16,10,987,98715,PK 40,-17.568338,-149.611734,Plein jour,Hors agglomération,Hors intersection,Normale,Deux véhicules - arrière,3,2,2,0,1,2,1,0,8,60,2,2,1,0,1,0,40.0,17.0,voiture,deux_roues,1,1,1,1,2
202400044886,2024-01-09 16:00:00,2024,1,9,16,0,06,06085,Chemin de Carimaï,43.575475,6.978448,Plein jour,En agglomération,Hors intersection,Normale,Deux véhicules - frontale,3,2,2,0,2,3,2,2,1,50,2,2,1,0,1,0,39.0,37.0,deux_roues,voiture,1,2,1,1,1
202400044887,2024-03-31 22:20:00,2024,3,31,22,20,94,94058,A86,48.8472805,2.49196502,Nuit sans éclairage public,Hors agglomération,Hors intersection,Normale,Trois véhicules et plus - en chaîne,1,1,2,0,1,1,1,1,1,90,4,7,4,0,0,3,27.0,28.0,utilitaire_camion,voiture,3,1,1,1,4
202400044888,2024-01-09 17:00:00,2024,1,9,17,0,31,31374,A66 PK 2+700,43.405125,1.645997,Plein jour,Hors agglomération,Hors intersection,Normale,Autre collision,1,3,2,0,2,1,1,0,8,130,1,3,0,0,1,2,31.0,,utilitaire_camion,,1,1,1,1,6
202400044889,2024-05-09 21:27:00,2024,5,9,21,27,66,66037,Promenade de la Côte Radieuse,42.680976,3.034187,Nuit avec éclairage allumé,En agglomération,Autre intersection,Normale,Deux véhicules - côté,4,3,2,0,1,1,1,0,1,30,2,2,1,0,1,0,31.0,66.0,voiture,deux_roues,5,2,9,1,3
202400044890,2024-01-08 16:50:00,2024,1,8,16,50,971,97103,N10,16.240881,-61.583111,Plein jour,En agglomération,Giratoire,Normale,Autre collision,2,2,1,0,2,3,1,0,1,50,1,2,1,0,1,0,43.0,,voiture,,1,2,6,1,6
202400044891,2024-01-10 12:00:00,2024,1,10,12,0,84,84019,autorute A7,44.27003656,4.72540415,Plein jour,Hors agglomération,Hors intersection,Temps couvert,Deux véhicules - arrière,1,1,3,0,1,1,2,0,1,130,2,2,1,0,1,0,77.0,46.0,voiture,utilitaire_camion,1,1,1,8,2
202400044892,2024-01-28 19:40:00,2024,1,28,19,40,44,44073,Rue  Anne de Bretagne,47.41437531,-1.65226674,Plein jour,Hors agglomération,Intersection en X,Temps couvert,Deux véhicules - côté,3,2,2,0,1,1,1,5,1,70,2,3,1,0,2,0,20.0,16.0,voiture,deux_roues,1,1,2,8,3
202400044892,2024-01-28 19:40:00,2024,1,28,19,40,44,44073,Rue  Anne de Bretagne,47.41437531,-1.65226674,Plein jour,Hors agglomération,Intersection en X,Temps couvert,Deux véhicules - côté,3,2,2,2,1,1,1,-1,1,50,2,3,1,0,2,0,20.0,16.0,voiture,deux_roues,1,1,2,8,3
202400044893,2024-01-09 05:40:00,2024,1,9,5,40,987,98733,Grottes de Maraa,-17.7452,-149.566994,Crépuscule ou aube,Hors agglomération,Hors intersection,Normale,Deux véhicules - côté,2,2,2,0,1,1,1,0,5,60,2,2,1,0,1,0,26.0,48.0,voiture,deux_roues,2,1,1,1,3
202400044894,2024-05-10 19:15:00,2024,5,10,19,15,84,84138,Route de Baume-de-transit,44.372264,4.965468,Plein jour,Hors agglomération,Hors intersection,Normale,Trois véhicules et plus - collisions multiples,3,2,2,0,1,1,1,0,1,80,3,4,1,0,0,3,38.0,52.0,voiture,voiture,1,1,1,1,5
202400044895,2024-01-10 00:01:00,2024,1,10,0,1,988,98823,Göyéta (Tribu),-21.088815,165.362649,Nuit sans éclairage public,Hors agglomération,Hors intersection,Normale,Sans collision,4,2,2,0,1,1,1,0,3,-1,1,3,0,0,1,2,30.0,,voiture,,3,1,1,1,7
202400044896,2024-05-08 15:40:00,2024,5,8,15,40,83,83107,RD 559,43.341129,6.684301,Plein jour,En agglomération,Intersection en T,Normale,Deux véhicules - côté,3,2,2,0,1,1,1,0,1,-1,2,3,1,0,2,0,43.0,57.0,voiture,deux_roues,1,2,3,1,3
202400044896,2024-05-08 15:40:00,2024,5,8,15,40,83,83107,RD 559,43.341129,6.684301,Plein jour,En agglomération,Intersection en T,Normale,Deux véhicules - côté,3,2,2,0,1,1,1,0,8,30,2,3,1,0,2,0,43.0,57.0,voiture,deux_roues,1,2,3,1,3
202400044897,2024-01-09 18:30:00,2024,1,9,18,30,78,78009,D291,48.456076,1.911923,Nuit sans éclairage public,Hors agglomération,Hors intersection,Autre,Deux véhicules - frontale,3,2,2,0,2,1,7,2,1,80,2,2,1,0,1,0,42.0,24.0,utilitaire_camion,voiture,3,1,1,9,1
202400044898,2024-03-30 00:37:00,2024,3,30,0,37,91,91228,BD DECAUVILLE,48.63637,2.43939,Nuit avec éclairage allumé,En agglomération,Intersection en X,Pluie légère,Sans collision,4,2,8,0,1,1,2,5,1,50,1,5,4,0,0,1,55.0,,transport_commun,,5,2,2,2,7
202400044898,2024-03-30 00:37:00,2024,3,30,0,37,91,91228,BD DECAUVILLE,48.63637,2.43939,Nuit avec éclairage allumé,En agglomération,Intersection en X,Pluie légère,Sans collision,4,2,8,0,1,1,2,5,1,50,1,5,4,0,0,1,55.0,,transport_commun,,5,2,2,2,7
202400044899,2024-05-09 22:30:00,2024,5,9,22,30,13,13095,D10f,43.547817,5.534878,Nuit sans éclairage public,Hors agglomération,Hors intersection,Normale,Autre collision,3,2,2,0,2,2,1,0,8,80,1,5,0,0,2,3,18.0,,voiture,,3,1,1,1,6
202400044900,2024-05-10 08:30:00,2024,5,10,8,30,68,68063,Rue Raymond Poincaré,47.806688,7.175521,Plein jour,En agglomération,Intersection en X,Normale,Autre collision,3,1,2,-1,1,1,1,0,1,50,1,2,1,0,0,1,84.0,,voiture,,1,2,2,1,6
202400044900,2024-05-10 08:30:00,2024,5,10,8,30,68,68063,Rue Raymond Poincaré,47.806688,7.175521,Plein jour,En agglomération,Intersection en X,Normale,Autre collision,3,2,2,0,1,1,1,0,1,50,1,2,1,0,0,1,84.0,,voiture,,1,2,2,1,6
202400044901,2024-01-10 07:54:00,2024,1,10,7,54,13,13107,route de mimet,43.429179,5.437514,Crépuscule ou aube,En agglomération,Intersection en Y,Pluie légère,Deux véhicules - côté,3,1,1,0,1,2,2,0,1,30,1,2,1,0,0,1,58.0,,voiture,,2,2,4,2,3
202400044901,2024-01-10 07:54:00,2024,1,10,7,54,13,13107,route de mimet,43.429179,5.437514,Crépuscule ou aube,En agglomération,Intersection en Y,Pluie légère,Deux véhicules - côté,3,2, -1,-1,1,1,2,0,1,-1,1,2,1,0,0,1,58.0,,voiture,,2,2,4,2,3