accident_id,datetime,annee,mois,jour,heure,minute,departement,commune_insee,adresse,latitude,longitude,luminosite,agglomeration,intersection,meteo,collision,catr,circ,nbv,vosp,prof,plan,surf,infra,situ,vma,nb_vehicules,nb_usagers,nb_indemnes,nb_tues,nb_blesses_hosp,nb_blesses_legers,age_cond_1,age_cond_2,veh_type_cond_1,veh_type_cond_2,lum_code,agg_code,int_code,atm_code,col_code
202400044902,2024-03-25 15:45:00,2024,3,25,15,45,44,44184,71 Boulevard Louis Antoine de Bougainville,47.28742222,-2.22077002,Plein jour,En agglomération,Hors intersection,Temps couvert,Deux véhicules - arrière,4,2,2,2,1,1,1,-1,1,50,2,2,1,0,0,1,55.0,45.0,deux_roues,voiture,1,2,1,8,2
202400044903,2024-05-04 15:30:00,2024,5,4,15,30,73,73006,Route des iles,45.55159144,6.6444035,Plein jour,En agglomération,Hors intersection,Temps couvert,Deux véhicules - côté,4,2,2,0,1,1,1,0,1,50,2,2,1,0,0,1,25.0,18.0,deux_roues,deux_roues,1,2,1,8,3
202400044904,2024-01-08 07:40:00,2024,1,8,7,40,67,67155,Route de Strasbourg,48.412044,7.472366,Crépuscule ou aube,En agglomération,Hors intersection,Normale,Autre collision,3,2,2,0,1,1,1,0,1,40,1,2,1,0,1,0,43.0,,voiture,,2,2,1,1,6
202400044905,2024-05-01 12:10:00,2024,5,1,12,10,69,69112,Route de Sain-Bel,45.80073,4.67419,Plein jour,Hors agglomération,Hors intersection,Normale,Deux véhicules - frontale,3,2,2,0,1,4,1,0,1,80,2,2,1,0,1,0,67.0,82.0,voiture,voiture,1,1,1,1,1
202400044906,2024-03-24 12:35:00,2024,3,24,12,35,44,44184,71 Rue de Stalingrad,47.277587,-2.211077,Plein jour,En agglomération,Hors intersection,Normale,Deux véhicules - côté,4,1,1,0,1,1,1,0,1,50,2,2,1,0,0,1,43.0,28.0,deux_roues,voiture,1,2,1,1,3
202400044907,2024-01-09 12:30:00,2024,1,9,12,30,38,38085,Route de Lyon,45.75241349,5.15243082,Plein jour,En agglomération,Hors intersection,Neige / grêle,Deux véhicules - frontale,3,2,2,0,2,2,2,0,1,50,2,2,1,0,0,1,35.0,28.0,voiture,voiture,1,2,1,4,1
202400044908,2024-05-10 15:30:00,2024,5,10,15,30,65,65451,2 Route d’Astugue,43.087931,0.092289,Plein jour,Hors agglomération,Intersection en Y,Normale,Sans collision,3,2,2,0,2,2,1,0,1,80,2,2,1,1,0,0,49.0,62.0,deux_roues,deux_roues,1,1,4,1,7
202400044908,2024-05-10 15:30:00,2024,5,10,15,30,65,65451,2 Route d’Astugue,43.087931,0.092289,Plein jour,Hors agglomération,Intersection en Y,Normale,Sans collision,3,2,2,-1,2,3,1,0,1,80,2,2,1,1,0,0,49.0,62.0,deux_roues,deux_roues,1,1,4,1,7
202400044909,2024-03-23 10:20:00,2024,3,23,10,20,44,44109,44 Boulevard Robert Schuman,47.23602975,-1.56812399,Plein jour,En agglomération,Giratoire,Temps couvert,Autre collision,4,2,2,2,1,1,1,-1,1,50,1,2,1,0,0,1,78.0,,voiture,,1,2,6,8,6
202400044910,2024-05-10 02:00:00,2024,5,10,2,0,09,09074,Camp Del Pount,43.022627,1.959708,Nuit sans éclairage public,Hors agglomération,Hors intersection,Brouillard / fumée,Autre collision,3,2,2,0,1,1,1,0,3,80,1,2,1,0,1,0,34.0,,voiture,,3,1,1,5,6
202400044911,2024-01-10 10:25:00,2024,1,10,10,25,26,26235,Route de Saint Paul,44.375335,4.705013,Plein jour,En agglomération,Intersection en T,Normale,Deux véhicules - côté,4,2,2,0,1,1,1,9,1,30,2,3,0,0,0,3,75.0,36.0,voiture,voiture,1,2,3,1,3
202400044911,2024-01-10 10:25:00,2024,1,10,10,25,26,26235,Route de Saint Paul,44.375335,4.705013,Plein jour,En agglomération,Intersection en T,Normale,Deux véhicules - côté,4,2,2,0,1,1,1,9,1,50,2,3,0,0,0,3,75.0,36.0,voiture,voiture,1,2,3,1,3
202400044912,2024-05-09 23:35:00,2024,5,9,23,35,33,33248,,45.083332,-0.752252,Nuit sans éclairage public,En agglomération,Hors intersection,Normale,Deux véhicules - frontale,3,2,2,0,1,1,1,0,1,50,2,2,1,0,1,0,21.0,53.0,deux_roues,utilitaire_camion,3,2,1,1,1
202400044913,2024-04-01 15:00:00,2024,4,1,15,0,976,97611,tsoundzou-SIM ( rue de la ),-12.81326,45.20185,Plein jour,En agglomération,Hors intersection,Normale,Deux véhicules - arrière,2,2,2,0,1,1,1,0,1,50,2,3,2,0,0,1,31.0,37.0,voiture,utilitaire_camion,1,2,1,1,2
202400044914,2024-01-10 09:50:00,2024,1,10,9,50,26,26235,D59,44.367045,4.664906,Plein jour,Hors agglomération,Intersection en Y,Normale,Deux véhicules - côté,3,2,2,0,1,1,1,0,1,80,2,3,0,0,1,2,66.0,87.0,voiture,voiture,1,1,4,1,3
202400044914,2024-01-10 09:50:00,2024,1,10,9,50,26,26235,D59,44.367045,4.664906,Plein jour,Hors agglomération,Intersection en Y,Normale,Deux véhicules - côté,3,2,2,0,1,1,1,5,1,80,2,3,0,0,1,2,66.0,87.0,voiture,voiture,1,1,4,1,3
202400044915,2024-05-10 17:45:00,2024,5,10,17,45,85,85019,7 Rue du maréchal de lattre de tassigny,46.784414,-1.4317,Plein jour,En agglomération,Hors intersection,Normale,Autre collision,4,-1,2,0,1,1,1,0,4,-1,1,2,1,0,0,1,11.0,,deux_roues,,1,2,1,1,6
202400044916,2024-03-31 19:25:00,2024,3,31,19,25,973,97302,ROUTE NATIONALE 3,4.90499725,-52.3192817,Nuit sans éclairage public,Hors agglomération,Hors intersection,Normale,Autre collision,3,-1,2,0,1,1,1,0,1,50,1,2,1,0,0,1,35.0,,utilitaire_camion,,3,1,1,1,6
202400044917,2024-05-10 07:25:00,2024,5,10,7,25,50,50444,D59,49.058113,-0.969543,Crépuscule ou aube,Hors agglomération,Hors intersection,Normale,Autre collision,3,2,2,0,2,1,1,0,1,70,1,2,1,0,1,0,47.0,,deux_roues,,2,1,1,1,6
202400044918,2024-01-06 10:15:00,2024,1,6,10,15,17,17283,RD 137,45.5879,-0.549574,Plein jour,En agglomération,Hors intersection,Normale,Deux véhicules - frontale,3,2,2,0,2,2,1,0,1,80,2,3,0,0,2,1,55.0,24.0,voiture,voiture,1,2,1,1,1
202400044919,2024-04-01 21:10:00,2024,4,1,21,10,69,69383,Avenue Lacassagne,45.75281,4.86958,Nuit avec éclairage allumé,En agglomération,Intersection en X,Normale,Deux véhicules - côté,4,2,2,0,1,1,2,0,1,30,2,2,1,0,0,1,38.0,30.0,voiture,deux_roues,5,2,2,1,3
202400044919,2024-04-01 21:10:00,2024,4,1,21,10,69,69383,Avenue Lacassagne,45.75281,4.86958,Nuit avec éclairage allumé,En agglomération,Intersection en X,Normale,Deux véhicules - côté,4,1,3,3,1,1,2,0,1,30,2,2,1,0,0,1,38.0,30.0,voiture,deux_roues,5,2,2,1,3
202400044920,2024-05-09 20:55:00,2024,5,9,20,55,50,50032,Route de Saint-jean,49.109543,-1.026878,Plein jour,En agglomération,Hors intersection,Normale,Deux véhicules - côté,3,2,2,1,1,1,1,0,1,50,2,2,1,0,1,0,70.0,15.0,voiture,deux_roues,1,2,1,1,3
202400044921,2024-01-09 06:55:00,2024,1,9,6,55,27,27332,D135,49.19344,1.2691,Nuit sans éclairage public,Hors agglomération,Hors intersection,Temps couvert,Deux véhicules - côté,3,1,2,0,1,3,7,0,1,80,2,2,1,0,1,0,21.0,26.0,voiture,voiture,3,1,1,8,3
202400044922,2024-03-31 16:45:00,2024,3,31,16,45,972,97213,AUTOROUTE A1,14.61819,-61.03304,Plein jour,Hors agglomération,Hors intersection,Normale,Deux véhicules - arrière,1,1,3,0,1,1,1,0,1,90,2,3,1,0,0,2,57.0,67.0,deux_roues,deux_roues,1,1,1,1,2
202400044923,2024-01-08 17:21:00,2024,1,8,17,21,13,13019,A51-Sens Marseille vers Aix en Provence,43.423,5.3732,Plein jour,Hors agglomération,Hors intersection,Normale,Deux véhicules - arrière,1,1,3,0,1,1,1,0,1,90,2,2,1,0,0,1,35.0,35.0,voiture,voiture,1,1,1,1,2
202400044924,2024-05-09 17:00:00,2024,5,9,17,0,29,29179,Kerven,48.54495084,-4.31763483,Plein jour,Hors agglomération,Hors intersection,Normale,Trois véhicules et plus - collisions multiples,3,2,2,0,1,1,1,0,1,80,4,9,5,0,0,4,51.0,67.0,voiture,voiture,1,1,1,1,5
202400044925,2024-04-30 18:54:00,2024,4,30,18,54,13,13215,A7-Sens Lyon vers Marseille,43.37560356,5.35988144,Plein jour,Hors agglomération,Hors intersection,Normale,Autre collision,1,1,2,0,1,1,1,8,1,70,1,2,0,0,0,2,34.0,,voiture,,1,1,1,1,6
202400044926,2024-01-08 13:45:00,2024,1,8,13,45,13,13203,A7-Sens Marseille vers Lyon,43.30765,5.37573,Plein jour,Hors agglomération,Hors intersection,Normale,Deux véhicules - arrière,1,1,2,0,1,1,1,2,1,90,2,4,1,0,0,3,25.0,36.0,voiture,utilitaire_camion,1,1,1,1,2
202400044927,2024-04-01 03:52:00,2024,4,1,3,52,77,77358,RN 330,48.977938,2.861226,Nuit sans éclairage public,Hors agglomération,Hors intersection,Normale,Autre collision,2,2,2,0,1,2,1,0,1,80,1,2,0,0,1,1,18.0,,voiture,,3,1,1,1,6
202400044928,2024-05-08 16:30:00,2024,5,8,16,30,83,83137,,43.12021581,5.94973344,Plein jour,Hors agglomération,Hors intersection,Normale,Deux véhicules - côté,1,3,8,0,2,1,1,0,1,70,2,3,1,0,0,2,48.0,28.0,deux_roues,voiture,1,1,1,1,3
202400044929,2024-01-08 17:55:00,2024,1,8,17,55,69,69266,Route Départementale 383,45.75627,4.90874,Nuit sans éclairage public,Hors agglomération,Hors intersection,Pluie légère,Trois véhicules et plus - en chaîne,7,3,8,0,1,1,2,0,1,70,3,3,2,0,0,1,35.0,32.0,voiture,voiture,3,1,1,2,4
202400044930,2024-04-01 15:25:00,2024,4,1,15,25,74,74012,GIFFRE (AVENUE DU),46.19599,6.23928,Plein jour,En agglomération,Hors intersection,Normale,Deux véhicules - côté,4,1,1,0,1,1,1,0,1,50,2,2,1,0,0,1,44.0,53.0,voiture,deux_roues,1,2,1,1,3
202400044931,2024-01-08 17:40:00,2024,1,8,17,40,38,38336,A7   32.870 A 35.680,45.49801908,4.83923502,Nuit avec éclairage allumé,Hors agglomération,Hors intersection,Neige / grêle,Deux véhicules - frontale,1,1,3,0,2,3,2,0,1,110,2,2,0,1,1,0,58.0,47.0,voiture,voiture,5,1,1,4,1
202400044932,2024-05-04 12:30:00,2024,5,4,12,30,69,69029,Autoroute 43  ,45.72796001,4.9051087,Plein jour,Hors agglomération,Hors intersection,Normale,Trois véhicules et plus - en chaîne,1,3,6,0,1,1,1,0,1,70,3,3,2,0,0,1,51.0,24.0,voiture,utilitaire_camion,1,1,1,1,4
202400044933,2024-04-01 15:00:00,2024,4,1,15,0,69,69013,Avenue de Joux,46.02022,4.72095,Plein jour,En agglomération,Giratoire,Normale,Deux véhicules - côté,3,2,2,2,1,3,1,5,1,50,2,2,1,0,1,0,65.0,78.0,voiture,deux_roues,1,2,6,1,3
202400044933,2024-04-01 15:00:00,2024,4,1,15,0,69,69013,Avenue de Joux,46.02022,4.72095,Plein jour,En agglomération,Giratoire,Normale,Deux véhicules - côté,3,1,2,2,1,2,1,5,1,50,2,2,1,0,1,0,65.0,78.0,voiture,deux_roues,1,2,6,1,3
202400044934,2024-01-08 19:06:00,2024,1,8,19,6,67,67482,Autoroute A.35,48.58878,7.72985,Nuit avec éclairage allumé,Hors agglomération,Hors intersection,Normale,Trois véhicules et plus - en chaîne,7,3,4,0,1,1,1,0,1,70,3,3,1,0,0,2,59.0,26.0,voiture,voiture,5,1,1,1,4
202400044935,2024-04-01 19:20:00,2024,4,1,19,20,45,45338,7 Rue des Frères Lumière,47.974,2.719,Plein jour,En agglomération,Hors intersection,Pluie légère,Autre collision,4,2,2,0,1,2,2,0,1,50,1,1,0,0,0,1,26.0,,voiture,,1,2,1,2,6
202400044936,2024-05-08 05:05:00,2024,5,8,5,5,69,69294,Autoroute 7 ,45.62770483,4.81648234,Nuit sans éclairage public,Hors agglomération,Hors intersection,Normale,Autre collision,1,3,6,0,1,1,2,0,3,110,1,2,0,0,0,2,44.0,,voiture,,3,1,1,1,6
202400044937,2024-01-09 13:45:00,2024,1,9,13,45,91,91471,RN 118,48.715559,2.173329,Plein jour,Hors agglomération,Hors intersection,Normale,Deux véhicules - arrière,2,3,2,0,1,1,2,0,1,90,2,2,1,0,0,1,25.0,80.0,voiture,voiture,1,1,1,1,2
202400044938,2024-04-01 21:20:00,2024,4,1,21,20,37,37122,CHINON (BOULEVARD DE),47.35186,0.68631,Nuit avec éclairage allumé,En agglomération,Giratoire,Pluie légère,Deux véhicules - côté,4,2,2,1,1,2,2,5,1,50,2,2,1,0,0,1,77.0,20.0,voiture,deux_roues,5,2,6,2,3
202400044938,2024-04-01 21:20:00,2024,4,1,21,20,37,37122,CHINON (BOULEVARD DE),47.35186,0.68631,Nuit avec éclairage allumé,En agglomération,Giratoire,Pluie légère,Deux véhicules - côté,4,-1,2,0,1,1,2,5,1,50,2,2,1,0,0,1,77.0,20.0,voiture,deux_roues,5,2,6,2,3
202400044939,2024-01-09 13:43:00,2024,1,9,13,43,91,91661,AUTOROUTE A10,48.6864,2.2135,Plein jour,Hors agglomération,Hors intersection,Neige / grêle,Sans collision,1,1,1,0,3,3,2,5,1,50,1,1,0,0,1,0,28.0,,deux_roues,,1,1,1,4,7
202400044940,2024-05-09 20:54:00,2024,5,9,20,54,33,33003,,44.926967,-0.471715,Plein jour,Hors agglomération,Hors intersection,Normale,Deux véhicules - arrière,1,3,3,0,1,1,1,0,1,130,2,3,2,0,0,1,72.0,50.0,voiture,voiture,1,1,1,1,2
202400044941,2024-04-01 19:30:00,2024,4,1,19,30,34,34172,MENDE (ROUTE DE),43.64509,3.86187,Plein jour,En agglomération,Intersection en T,Normale,Deux véhicules - arrière,4,2,2,0,1,1,1,0,1,50,2,2,1,0,0,1,47.0,54.0,deux_roues,deux_roues,1,2,3,1,2
202400044941,2024-04-01 19:30:00,2024,4,1,19,30,34,34172,MENDE (ROUTE DE),43.64509,3.86187,Plein jour,En agglomération,Intersection en T,Normale,Deux véhicules - arrière,4,1,2,0,1,1,1,0,1,50,2,2,1,0,0,1,47.0,54.0,deux_roues,deux_roues,1,2,3,1,2
202400044942,2024-01-09 10:10:00,2024,1,9,10,10,91,91161,AUTOROUTE A126,48.71093,2.29795,Plein jour,Hors agglomération,Hors intersection,Neige / grêle,Trois véhicules et plus - en chaîne,1,1,2,0,1,1,7,0,1,90,3,3,0,0,0,3,35.0,27.0,utilitaire_camion,voiture,1,1,1,4,4
202400044943,2024-05-09 19:25:00,2024,5,9,19,25,92,92019,AUTOROUTE A86,48.76058399,2.28766078,Plein jour,Hors agglomération,Hors intersection,Normale,Trois véhicules et plus - collisions multiples,2,1,2,0,2,1,1,0,1,90,4,4,3,0,0,1,77.0,22.0,voiture,utilitaire_camion,1,1,1,1,5
202400044944,2024-01-09 04:30:00,2024,1,9,4,30,91,91689,AUTOROUTE A10,48.74016,2.32001,Nuit sans éclairage public,Hors agglomération,Hors intersection,Neige / grêle,Deux véhicules - côté,1,1,2,0,2,1,7,0,1,90,2,2,1,0,0,1,36.0,51.0,voiture,utilitaire_camion,3,1,1,4,3
202400044945,2024-04-01 19:00:00,2024,4,1,19,0,33,33063,,44.8432,-0.57105,Plein jour,En agglomération,Intersection en X,Normale,Deux véhicules - côté,4,2,2,0,1,1,1,5,8,50,2,2,1,0,0,1,25.0,17.0,deux_roues,voiture,1,2,2,1,3
202400044945,2024-04-01 19:00:00,2024,4,1,19,0,33,33063,,44.8432,-0.57105,Plein jour,En agglomération,Intersection en X,Normale,Deux véhicules - côté,4,2,2,2,1,1,1,5,1,50,2,2,1,0,0,1,25.0,17.0,deux_roues,voiture,1,2,2,1,3
202400044946,2024-05-09 17:28:00,2024,5,9,17,28,91,91174,RN 104,48.62274,2.4645,Plein jour,Hors agglomération,Hors intersection,Normale,Deux véhicules - côté,2,3,3,0,1,1,1,0,1,110,2,2,1,0,0,1,55.0,55.0,voiture,voiture,1,1,1,1,3
202400044947,2024-01-09 03:45:00,2024,1,9,3,45,92,92002,AUTOROUTE A10,48.73289858,2.31220633,Nuit sans éclairage public,Hors agglomération,Hors intersection,Neige / grêle,Deux véhicules - arrière,1,1,6,0,1,1,7,0,1,90,2,2,1,0,0,1,27.0,48.0,voiture,utilitaire_camion,3,1,1,4,2
202400044948,2024-03-31 21:10:00,2024,3,31,21,10,25,25462,BAUMONT,46.89574,6.34464,Nuit avec éclairage allumé,En agglomération,Intersection en X,Pluie forte,Deux véhicules - côté,4,2,2,0,1,1,2,0,1,50,2,2,0,0,0,2,19.0,18.0,voiture,voiture,5,2,2,3,3
202400044948,2024-03-31 21:10:00,2024,3,31,21,10,25,25462,BAUMONT,46.89574,6.34464,Nuit avec éclairage allumé,En agglomération,Intersection en X,Pluie forte,Deux véhicules - côté,4,2,2,0,1,1,2,0,1,50,2,2,0,0,0,2,19.0,18.0,voiture,voiture,5,2,2,3,3
202400044949,2024-05-09 16:24:00,2024,5,9,16,24,91,91689,AUTOROUTE A6B,48.7491,2.3283,Plein jour,Hors agglomération,Hors intersection,Normale,Deux véhicules - arrière,1,1,3,0,2,1,1,0,1,90,2,5,1,0,0,4,26.0,36.0,voiture,voiture,1,1,1,1,2
202400044950,2024-01-08 22:30:00,2024,1,8,22,30,91,91570,RN 104,48.624905,2.327232,Nuit sans éclairage public,Hors agglomération,Hors intersection,Neige / grêle,Autre collision,2,1,2,0,1,1,5,0,1,110,1,1,0,0,0,1,47.0,,voiture,,3,1,1,4,6
202400044951,2024-04-01 14:00:00,2024,4,1,14,0,17,17306,REUTIN (BD FELIX),45.63799,-1.03289,Plein jour,En agglomération,Intersection en T,Pluie forte,Deux véhicules - côté,4,2,2,0,1,1,2,0,1,30,2,2,1,0,0,1,15.0,57.0,deux_roues,voiture,1,2,3,3,3
202400044951,2024-04-01 14:00:00,2024,4,1,14,0,17,17306,REUTIN (BD FELIX),45.63799,-1.03289,Plein jour,En agglomération,Intersection en T,Pluie forte,Deux véhicules - côté,4,2,2,0,1,1,2,0,1,50,2,2,1,0,0,1,15.0,57.0,deux_roues,voiture,1,2,3,3,3
202400044952,2024-05-09 06:15:00,2024,5,9,6,15,93,93010,A3,48.90534444,2.47202414,Plein jour,Hors agglomération,Hors intersection,Normale,Deux véhicules - côté,1,-1,3,0,1,1,1,0,1,70,2,2,1,0,0,1,44.0,32.0,voiture,voiture,1,1,1,1,3
202400044953,2024-01-08 23:45:00,2024,1,8,23,45,91,91589,AUTOROUTE A6,48.67145,2.346418,Nuit sans éclairage public,Hors agglomération,Hors intersection,Neige / grêle,Sans collision,1,1,3,0,2,1,7,0,1,110,1,1,0,0,0,1,46.0,,deux_roues,,3,1,1,4,7
202400044954,2024-01-08 21:40:00,2024,1,8,21,40,91,91161,AUTOROUTE A6,48.694953,2.318892,Nuit sans éclairage public,Hors agglomération,Hors intersection,Neige / grêle,Autre collision,1,3,3,0,2,1,5,0,3,110,1,3,0,0,0,3,38.0,,utilitaire_camion,,3,1,1,4,6
202400044955,2024-04-01 12:55:00,2024,4,1,12,55,14,14715,Promenade des Planches,49.36673,0.07787,Plein jour,En agglomération,Hors intersection,Normale,Autre collision,4,-1,1,0,1,1,1,0,8,50,1,4,2,0,0,2,,,autre,,1,2,1,1,6
202400044956,2024-05-08 22:05:00,2024,5,8,22,5,93,93066,A1,48.92528227,2.35705575,Nuit sans éclairage public,Hors agglomération,Hors intersection,Normale,Deux véhicules - arrière,1,3,4,0,2,3,1,0,1,90,2,5,2,0,0,3,24.0,29.0,voiture,utilitaire_camion,3,1,1,1,2
202400044957,2024-01-08 07:45:00,2024,1,8,7,45,92,92076,A13,48.83172991,2.15053217,Nuit avec éclairage allumé,Hors agglomération,Hors intersection,Normale,Deux véhicules - côté,1,1,3,0,1,1,1,0,1,110,2,2,1,0,0,1,59.0,27.0,deux_roues,voiture,5,1,1,1,3
202400044958,2024-05-09 16:05:00,2024,5,9,16,5,94,94017,A4,48.8303229,2.48934965,Plein jour,Hors agglomération,Hors intersection,Normale,Trois véhicules et plus - en chaîne,1,3,5,0,1,1,1,0,1,90,3,3,2,0,0,1,70.0,52.0,voiture,deux_roues,1,1,1,1,4
202400044959,2024-02-23 16:05:00,2024,2,23,16,5,72,72021,Lieu Dit La Haute Daviere,47.8545014,-0.19381352,Plein jour,Hors agglomération,Hors intersection,Normale,Deux véhicules - côté,3,2,2,0,2,1,1,0,1,90,2,2,1,0,1,0,28.0,56.0,deux_roues,voiture,1,1,1,1,3
202400044960,2024-01-08 06:03:00,2024,1,8,6,3,78,78217,A13,48.966359,1.811492,Nuit avec éclairage allumé,Hors agglomération,Hors intersection,Normale,Autre collision,1,1,1,0,1,4,1,3,3,50,1,1,0,0,0,1,29.0,,utilitaire_camion,,5,1,1,1,6
202400044961,2024-05-06 17:10:00,2024,5,6,17,10,987,98736,PAUL BERNIERE (RUE),-17.54,-149.552,Plein jour,En agglomération,Intersection en Y,Normale,Deux véhicules - côté,4,2,2,0,1,1,1,0,1,30,2,2,1,0,0,1,18.0,42.0,deux_roues,voiture,1,2,4,1,3
202400044961,2024-05-06 17:10:00,2024,5,6,17,10,987,98736,PAUL BERNIERE (RUE),-17.54,-149.552,Plein jour,En agglomération,Intersection en Y,Normale,Deux véhicules - côté,4,1,1,0,1,3,1,0,1,30,2,2,1,0,0,1,18.0,42.0,deux_roues,voiture,1,2,4,1,3
202400044962,2024-04-01 21:25:00,2024,4,1,21,25,11,11262,113 Avenue de Bordeaux,43.181548,2.978775,Nuit avec éclairage allumé,En agglomération,Intersection en Y,Pluie légère,Deux véhicules - frontale,4,2,5,2,1,1,2,0,1,50,2,2,1,0,0,1,24.0,31.0,voiture,utilitaire_camion,5,2,4,2,1
202400044962,2024-04-01 21:25:00,2024,4,1,21,25,11,11262,113 Avenue de Bordeaux,43.181548,2.978775,Nuit avec éclairage allumé,En agglomération,Intersection en Y,Pluie légère,Deux véhicules - frontale,4,2,2,-1,1,1,2,0,1,50,2,2,1,0,0,1,24.0,31.0,voiture,utilitaire_camion,5,2,4,2,1
202400044963,2024-05-08 06:35:00,2024,5,8,6,35,976,97611,vahibe-Departementale 3 ( route ),-12.78968,45.17872,Plein jour,En agglomération,Hors intersection,Normale,Sans collision,3,2,2,0,1,1,1,0,1,50,1,1,0,0,1,0,25.0,,deux_roues,,1,2,1,1,7
202400044964,2024-01-09 06:15:00,2024,1,9,6,15,95,95604,A1,49.12303031,2.55678356,Nuit sans éclairage public,Hors agglomération,Hors intersection,Normale,Autre collision,1,3,3,0,1,1,1,0,1,130,1,2,1,1,0,0,28.0,,voiture,,3,1,1,1,6
202400044965,2024-02-21 16:30:00,2024,2,21,16,30,73,73104,D38,45.549122,5.751536,Plein jour,Hors agglomération,Hors intersection,Normale,Deux véhicules - frontale,3,2,2,0,2,2,1,0,1,80,2,3,0,0,3,0,63.0,22.0,voiture,voiture,1,1,1,1,1
202400044966,2024-05-08 23:10:00,2024,5,8,23,10,974,97416,RN3 (3),-21.30331,55.50049,Nuit avec éclairage allumé,Hors agglomération,Autre intersection,Normale,Sans collision,2,1,2,0,2,1,1,9,1,110,1,1,0,0,0,1,29.0,,voiture,,5,1,9,1,7
202400044967,2024-04-01 16:30:00,2024,4,1,16,30,75,75117,AVENUE DE LA PORTE DE CLICHY,48.895348,2.312132,Plein jour,En agglomération,Intersection en X,Temps couvert,Deux véhicules - côté,4,1,3,0,1,1,1,0,1,30,2,2,1,0,0,1,21.0,46.0,deux_roues,voiture,1,2,2,8,3
202400044967,2024-04-01 16:30:00,2024,4,1,16,30,75,75117,AVENUE DE LA PORTE DE CLICHY,48.895348,2.312132,Plein jour,En agglomération,Intersection en X,Temps couvert,Deux véhicules - côté,4,2, -1,-1,1,1,1,0,1,30,2,2,1,0,0,1,21.0,46.0,deux_roues,voiture,1,2,2,8,3
202400044968,2024-01-08 23:00:00,2024,1,8,23,0,93,93066,A86,48.92195408,2.36015081,Nuit sans éclairage public,Hors agglomération,Hors intersection,Neige / grêle,Deux véhicules - côté,1,3,4,0,1,1,2,0,1,90,2,2,1,0,0,1,23.0,42.0,voiture,voiture,3,1,1,4,3
202400044969,2024-02-23 17:10:00,2024,2,23,17,10,16,16237,departementale 185,45.895217,0.232944,Plein jour,Hors agglomération,Hors intersection,Pluie légère,Deux véhicules - frontale,3,2,2,0,2,3,2,0,1,80,2,3,1,0,2,0,36.0,59.0,voiture,utilitaire_camion,1,1,1,2,1
202400044970,2024-05-08 21:53:00,2024,5,8,21,53,69,69383,Rue André Philip,45.75977,4.8507,Nuit avec éclairage allumé,En agglomération,Intersection en X,Normale,Autre collision,4,1,1,1,1,1,1,0,5,30,1,2,1,0,0,1,,,voiture,,5,2,2,1,6
202400044970,2024-05-08 21:53:00,2024,5,8,21,53,69,69383,Rue André Philip,45.75977,4.8507,Nuit avec éclairage allumé,En agglomération,Intersection en X,Normale,Autre collision,4,1,1,2,1,1,1,0,5,30,1,2,1,0,0,1,,,voiture,,5,2,2,1,6
202400044971,2024-01-08 23:00:00,2024,1,8,23,0,93,93007,A3,48.93268802,2.48098902,Nuit sans éclairage public,Hors agglomération,Hors intersection,Neige / grêle,Autre collision,1,3,3,0,1,1,5,0,1,90,1,1,0,0,0,1,23.0,,voiture,,3,1,1,4,6
202400044972,2024-02-22 16:30:00,2024,2,22,16,30,28,28071,D923,48.398654,1.056063,Plein jour,Hors agglomération,Intersection en Y,Pluie légère,Deux véhicules - côté,3,2,2,0,1,1,2,5,1,80,2,3,0,0,3,0,50.0,76.0,voiture,voiture,1,1,4,2,3
202400044972,2024-02-22 16:30:00,2024,2,22,16,30,28,28071,D923,48.398654,1.056063,Plein jour,Hors agglomération,Intersection en Y,Pluie légère,Deux véhicules - côté,3,2,3,0,1,1,2,0,1,90,2,3,0,0,3,0,50.0,76.0,voiture,voiture,1,1,4,2,3
202400044973,2024-01-08 19:12:00,2024,1,8,19,12,94,94017,A4,48.829277,2.48195396,Nuit sans éclairage public,Hors agglomération,Hors intersection,Normale,Autre collision,1,3,4,0,1,1,1,0,1,90,1,1,0,0,0,1,56.0,,voiture,,3,1,1,1,6
202400044974,2024-04-01 16:26:00,2024,4,1,16,26,75,75116,AVENUE DE LA PORTE D AUTEUIL,48.847965,2.251255,Plein jour,En agglomération,Intersection en T,Pluie légère,Deux véhicules - côté,4,2,4,0,1,1,2,0,1,50,2,6,4,0,0,2,82.0,50.0,voiture,voiture,1,2,3,2,3
202400044974,2024-04-01 16:26:00,2024,4,1,16,26,75,75116,AVENUE DE LA PORTE D AUTEUIL,48.847965,2.251255,Plein jour,En agglomération,Intersection en T,Pluie légère,Deux véhicules - côté,4,2,3,0,1,1,2,0,1,50,2,6,4,0,0,2,82.0,50.0,voiture,voiture,1,2,3,2,3
202400044975,2024-05-08 20:45:00,2024,5,8,20,45,69,69388,Boulevard des Etats-Unis,45.72698,4.86927,Nuit avec éclairage allumé,En agglomération,Intersection en T,Normale,Deux véhicules - côté,4,2,2,3,1,1,1,0,1,50,2,2,1,0,0,1,49.0,20.0,voiture,voiture,5,2,3,1,3
202400044975,2024-05-08 20:45:00,2024,5,8,20,45,69,69388,Boulevard des Etats-Unis,45.72698,4.86927,Nuit avec éclairage allumé,En agglomération,Intersection en T,Normale,Deux véhicules - côté,4,2,2,0,1,1,1,0,1,30,2,2,1,0,0,1,49.0,20.0,voiture,voiture,5,2,3,1,3