accident_id,datetime,annee,mois,jour,heure,minute,departement,commune_insee,adresse,latitude,longitude,luminosite,agglomeration,intersection,meteo,collision,catr,circ,nbv,vosp,prof,plan,surf,infra,situ,vma,nb_vehicules,nb_usagers,nb_indemnes,nb_tues,nb_blesses_hosp,nb_blesses_legers,age_cond_1,age_cond_2,veh_type_cond_1,veh_type_cond_2,lum_code,agg_code,int_code,atm_code,col_code
202400044976,2024-02-22 17:05:00,2024,2,22,17,5,06,06018,Route des Colles,43.62003,7.098119,Crépuscule ou aube,Hors agglomération,Hors intersection,Pluie forte,Autre collision,3,2,2,0,2,3,2,0,1,50,1,1,0,1,0,0,41.0,,deux_roues,,2,1,1,3,6
202400044977,2024-01-08 07:50:00,2024,1,8,7,50,974,97411,RAMBAUD (LEOPOLD),-20.88587,55.4761,Plein jour,En agglomération,Hors intersection,Normale,Autre collision,2,-1,3,0,1,1,1,0,4,70,1,1,0,0,0,1,21.0,,voiture,,1,2,1,1,6
202400044978,2024-03-31 23:20:00,2024,3,31,23,20,75,75108,PLACE DE LA CONCORDE,48.865871,2.319907,Nuit avec éclairage allumé,En agglomération,Intersection en X,Normale,Deux véhicules - côté,4,3,3,0,1,1,1,0,1,50,2,2,1,0,0,1,35.0,58.0,voiture,voiture,5,2,2,1,3
202400044978,2024-03-31 23:20:00,2024,3,31,23,20,75,75108,PLACE DE LA CONCORDE,48.865871,2.319907,Nuit avec éclairage allumé,En agglomération,Intersection en X,Normale,Deux véhicules - côté,4,-1,3,0,1,1,1,5,1,50,2,2,1,0,0,1,35.0,58.0,voiture,voiture,5,2,2,1,3
202400044979,2024-05-08 20:10:00,2024,5,8,20,10,69,69388,Rue Marius Berliet,45.73893941,4.86665159,Plein jour,En agglomération,Intersection en X,Normale,Deux véhicules - côté,4,1,1,3,1,1,1,0,1,30,2,3,2,0,0,1,55.0,22.0,deux_roues,voiture,1,2,2,1,3
202400044979,2024-05-08 20:10:00,2024,5,8,20,10,69,69388,Rue Marius Berliet,45.73893941,4.86665159,Plein jour,En agglomération,Intersection en X,Normale,Deux véhicules - côté,4,2,2,3,1,1,1,0,1,30,2,3,2,0,0,1,55.0,22.0,deux_roues,voiture,1,2,2,1,3
202400044980,2024-01-08 13:14:00,2024,1,8,13,14,973,97302,VOLTAIRE(AVENUE),4.9424,-52.32241,Plein jour,En agglomération,Intersection en T,Normale,Deux véhicules - côté,4,2,2,0,1,1,1,0,1,50,2,3,2,0,0,1,24.0,44.0,deux_roues,voiture,1,2,3,1,3
202400044980,2024-01-08 13:14:00,2024,1,8,13,14,973,97302,VOLTAIRE(AVENUE),4.9424,-52.32241,Plein jour,En agglomération,Intersection en T,Normale,Deux véhicules - côté,4,1,2,0,1,1,1,0,1,50,2,3,2,0,0,1,24.0,44.0,deux_roues,voiture,1,2,3,1,3
202400044981,2024-05-08 04:05:00,2024,5,8,4,5,972,97213,ROUTE DEPARTEMENTALE 13,14.63237,-61.02775,Nuit avec éclairage allumé,Hors agglomération,Hors intersection,Normale,Autre collision,3,2,2,0,2,3,1,0,1,70,1,2,0,0,0,2,29.0,,voiture,,5,1,1,1,6
202400044982,2024-03-30 04:10:00,2024,3,30,4,10,75,75104,RUE DE RIVOLI,48.856683,2.355005,Nuit avec éclairage allumé,En agglomération,Intersection en T,Pluie légère,Deux véhicules - frontale,4,1, -1,-1,1,1,2,0,5,30,2,2,0,0,1,1,45.0,46.0,deux_roues,deux_roues,5,2,3,2,1
202400044982,2024-03-30 04:10:00,2024,3,30,4,10,75,75104,RUE DE RIVOLI,48.856683,2.355005,Nuit avec éclairage allumé,En agglomération,Intersection en T,Pluie légère,Deux véhicules - frontale,4,3,3,1,1,1,2,0,5,30,2,2,0,0,1,1,45.0,46.0,deux_roues,deux_roues,5,2,3,2,1
202400044983,2024-02-22 20:10:00,2024,2,22,20,10,69,69102,Autoroute 89,45.87954,4.39678,Nuit sans éclairage public,Hors agglomération,Hors intersection,Pluie légère,Trois véhicules et plus - collisions multiples,1,3,6,0,2,3,2,0,1,-1,4,5,2,0,0,3,22.0,29.0,voiture,voiture,3,1,1,2,5
202400044984,2024-05-08 03:40:00,2024,5,8,3,40,971,97101,PERRIN,16.27528,-61.50927,Nuit avec éclairage allumé,En agglomération,Hors intersection,Pluie légère,Sans collision,2,3,3,0,1,1,2,1,1,50,1,1,0,0,0,1,43.0,,voiture,,5,2,1,2,7
202400044985,2024-04-01 13:35:00,2024,4,1,13,35,94,94041,Boulevard de Stalingrad,48.80212466,2.37885305,Plein jour,En agglomération,Hors intersection,Normale,Deux véhicules - côté,3,3,4,0,1,1,1,0,1,50,2,2,1,0,0,1,69.0,43.0,voiture,voiture,1,2,1,1,3
202400044986,2024-01-08 11:26:00,2024,1,8,11,26,973,97302,MADELEINE (ROUTE DE LA),4.91492,-52.32095,Plein jour,En agglomération,Intersection en T,Normale,Deux véhicules - côté,3,2,2,0,1,1,1,0,1,50,2,2,1,0,0,1,62.0,60.0,deux_roues,voiture,1,2,3,1,3
202400044986,2024-01-08 11:26:00,2024,1,8,11,26,973,97302,MADELEINE (ROUTE DE LA),4.91492,-52.32095,Plein jour,En agglomération,Intersection en T,Normale,Deux véhicules - côté,3,2,2,0,1,1,1,0,1,50,2,2,1,0,0,1,62.0,60.0,deux_roues,voiture,1,2,3,1,3
202400044987,2024-05-08 13:45:00,2024,5,8,13,45,971,97107,DUMANOIR ( ALLEE ),16.03985369,-61.56646013,Plein jour,En agglomération,Hors intersection,Normale,Deux véhicules - arrière,3,2,2,0,1,2,1,0,1,50,2,2,1,0,0,1,28.0,20.0,deux_roues,voiture,1,2,1,1,2
202400044988,2024-02-23 13:00:00,2024,2,23,13,0,30,30116,Autoroute A9 Pk 027.500,43.945712,4.618034,Plein jour,Hors agglomération,Hors intersection,Normale,Deux véhicules - arrière,1,3,3,0,2,1,1,0,1,130,2,3,0,0,1,2,62.0,53.0,utilitaire_camion,utilitaire_camion,1,1,1,1,2
202400044989,2024-05-08 18:50:00,2024,5,8,18,50,83,83009,BEAUSSET (ROUTE DU),43.14982456,5.76016259,Plein jour,Hors agglomération,Hors intersection,Normale,Deux véhicules - arrière,3,2,2,0,2,4,1,0,1,70,2,3,1,0,1,1,24.0,47.0,deux_roues,voiture,1,1,1,1,2
202400044990,2024-02-22 14:50:00,2024,2,22,14,50,971,97107,RN1 Changy,16.04988276,-61.57270432,Plein jour,Hors agglomération,Hors intersection,Normale,Deux véhicules - côté,2,2,2,0,1,1,1,0,1,80,2,3,1,0,1,1,25.0,27.0,utilitaire_camion,deux_roues,1,1,1,1,3
202400044991,2024-05-08 18:55:00,2024,5,8,18,55,83,83061,RN7,43.47028,6.76484,Plein jour,Hors agglomération,Hors intersection,Normale,Deux véhicules - frontale,3,2,2,0,2,3,1,0,1,80,2,2,0,0,1,1,20.0,75.0,deux_roues,voiture,1,1,1,1,1
202400044992,2024-01-02 19:50:00,2024,1,2,19,50,973,97302,Route de Troubiran,4.92304453,-52.30387509,Nuit sans éclairage public,En agglomération,Hors intersection,Normale,Sans collision,4,2,2,0,1,1,1,0,1,50,1,1,0,0,0,1,19.0,,deux_roues,,3,2,1,1,7
202400044993,2024-02-23 12:30:00,2024,2,23,12,30,21,21263,M108,47.257603,5.059167,Plein jour,Hors agglomération,Intersection en X,Normale,Deux véhicules - côté,7,2,1,0,1,1,1,0,1,80,2,3,0,1,0,2,62.0,61.0,utilitaire_camion,utilitaire_camion,1,1,2,1,3
202400044993,2024-02-23 12:30:00,2024,2,23,12,30,21,21263,M108,47.257603,5.059167,Plein jour,Hors agglomération,Intersection en X,Normale,Deux véhicules - côté,7,2,1,0,1,1,1,0,1,80,2,3,0,1,0,2,62.0,61.0,utilitaire_camion,utilitaire_camion,1,1,2,1,3
202400044994,2024-05-08 18:00:00,2024,5,8,18,0,81,81065,VIGARIE (LDT LA),43.63465,2.18473,Plein jour,Hors agglomération,Intersection en X,Normale,Deux véhicules - côté,3,2,2,0,1,1,1,0,1,50,2,2,0,0,0,2,65.0,60.0,voiture,voiture,1,1,2,1,3
202400044994,2024-05-08 18:00:00,2024,5,8,18,0,81,81065,VIGARIE (LDT LA),43.63465,2.18473,Plein jour,Hors agglomération,Intersection en X,Normale,Deux véhicules - côté,3,2,2,0,1,1,1,0,1,80,2,2,0,0,0,2,65.0,60.0,voiture,voiture,1,1,2,1,3
202400044995,2024-02-22 17:00:00,2024,2,22,17,0,77,77531,D22,48.284366,2.955938,Plein jour,Hors agglomération,Hors intersection,Vent fort / tempête,Autre collision,3,2,2,0,1,1,2,0,1,-1,1,1,0,0,1,0,56.0,,voiture,,1,1,1,6,6
202400044996,2024-04-01 18:32:00,2024,4,1,18,32,94,94018,Quai des Carrieres,48.81884468,2.40937525,Plein jour,En agglomération,Hors intersection,Normale,Autre collision,3,2,3,0,1,1,1,0,3,50,1,4,1,0,0,3,34.0,,voiture,,1,2,1,1,6
202400044997,2024-05-08 14:00:00,2024,5,8,14,0,78,78609,CD 28,49.028799,1.916766,Plein jour,Hors agglomération,Hors intersection,Normale,Deux véhicules - côté,3,2,3,0,2,1,1,0,1,70,2,3,1,0,0,2,47.0,59.0,voiture,voiture,1,1,1,1,3
202400044998,2024-01-04 17:42:00,2024,1,4,17,42,973,97302,MADELEINE (ROUTE DE LA),4.91834302,-52.32155085,Plein jour,En agglomération,Hors intersection,Normale,Trois véhicules et plus - collisions multiples,3,2,2,0,1,1,1,0,1,50,3,3,2,0,0,1,19.0,66.0,voiture,voiture,1,2,1,1,5
202400044999,2024-04-01 16:30:00,2024,4,1,16,30,93,93070,Rue des Bateliers,48.91488724,2.32480574,Plein jour,En agglomération,Hors intersection,Normale,Deux véhicules - côté,4,2,2,0,1,1,2,0,1,50,2,2,1,0,0,1,36.0,3.0,transport_commun,deux_roues,1,2,1,1,3
202400045000,2024-02-15 09:00:00,2024,2,15,9,0,77,77091,D216 PK 20+565,48.743251,2.81644,Plein jour,Hors agglomération,Intersection en X,Normale,Deux véhicules - côté,3,2,1,0,1,1,1,0,1,80,2,2,1,0,0,1,27.0,70.0,utilitaire_camion,deux_roues,1,1,2,1,3
202400045000,2024-02-15 09:00:00,2024,2,15,9,0,77,77091,D216 PK 20+565,48.743251,2.81644,Plein jour,Hors agglomération,Intersection en X,Normale,Deux véhicules - côté,3,2,1,0,1,1,1,0,1,80,2,2,1,0,0,1,27.0,70.0,utilitaire_camion,deux_roues,1,1,2,1,3
202400045001,2024-05-08 19:16:00,2024,5,8,19,16,77,77111,AV PAUL SERAMY,48.867074,2.783508,Plein jour,En agglomération,Hors intersection,Normale,Autre collision,4,2,0,3,1,1,1,9,6,30,1,2,1,0,1,0,54.0,,transport_commun,,1,2,1,1,6
202400045002,2024-01-08 13:20:00,2024,1,8,13,20,69,69387,Boulevard de l'Artillerie,45.73245,4.84251,Plein jour,En agglomération,Hors intersection,Pluie légère,Autre collision,4,2,2,0,1,1,2,0,1,30,1,1,0,0,0,1,66.0,,voiture,,1,2,1,2,6
202400045003,2024-02-05 12:00:00,2024,2,5,12,0,34,34299,Rue Paul Cezanne,43.271922,3.282513,Plein jour,En agglomération,Hors intersection,Normale,Autre collision,4,2,2,0,1,1,1,0,8,-1,1,2,1,0,1,0,52.0,,voiture,,1,2,1,1,6
202400045004,2024-05-05 17:30:00,2024,5,5,17,30,77,77058,LAGNY (BOULEVARD DE),48.83673,2.70581,Plein jour,En agglomération,Hors intersection,Temps couvert,Autre collision,3,2,2,0,1,1,2,0,3,50,1,3,2,0,0,1,21.0,,voiture,,1,2,1,8,6
202400045005,2024-04-01 20:10:00,2024,4,1,20,10,93,93066,Avenue Lénine,48.94559,2.35972,Plein jour,En agglomération,Hors intersection,Normale,Trois véhicules et plus - collisions multiples,3,2,4,0,1,1,1,0,1,50,3,3,2,0,0,1,65.0,42.0,voiture,voiture,1,2,1,1,5
202400045006,2024-01-08 10:50:00,2024,1,8,10,50,69,69388,Boulevard des Etats-Unis,45.72958,4.86759,Plein jour,En agglomération,Intersection en X,Normale,Autre collision,4,2,2,3,1,1,2,0,1,50,1,2,1,0,0,1,,,voiture,,1,2,2,1,6
202400045006,2024-01-08 10:50:00,2024,1,8,10,50,69,69388,Boulevard des Etats-Unis,45.72958,4.86759,Plein jour,En agglomération,Intersection en X,Normale,Autre collision,4,2,3,3,1,1,2,0,1,30,1,2,1,0,0,1,,,voiture,,1,2,2,1,6
202400045007,2024-05-03 18:55:00,2024,5,3,18,55,76,76108,Rue de la Haie,49.4871,1.129,Plein jour,Hors agglomération,Hors intersection,Normale,Sans collision,4,2,2,0,1,1,1,0,1,50,1,1,0,1,0,0,76.0,,deux_roues,,1,1,1,1,7
202400045008,2024-02-19 19:50:00,2024,2,19,19,50,68,68226,Rue Saint-Grégoire,48.040777,7.134022,Nuit avec éclairage allumé,En agglomération,Hors intersection,Temps couvert,Sans collision,4,1,1,0,1,1,2,0,4,50,1,2,0,0,2,0,73.0,,voiture,,5,2,1,8,7
202400045009,2024-01-08 12:35:00,2024,1,8,12,35,972,97213,ROUTE DEPARTEMENTALE 3,14.6751,-60.9906,Plein jour,Hors agglomération,Hors intersection,Normale,Autre collision,3,3,2,0,1,1,1,0,1,90,1,1,0,0,1,0,37.0,,voiture,,1,1,1,1,6
202400045010,2024-04-01 16:55:00,2024,4,1,16,55,93,93066,Rue du Général Joinville / Route de la Courneuve,48.934,2.37,Plein jour,En agglomération,Autre intersection,Normale,Trois véhicules et plus - collisions multiples,4,3,4,3,1,3,2,5,1,-1,3,3,2,0,0,1,50.0,48.0,voiture,voiture,1,2,9,1,5
202400045010,2024-04-01 16:55:00,2024,4,1,16,55,93,93066,Rue du Général Joinville / Route de la Courneuve,48.934,2.37,Plein jour,En agglomération,Autre intersection,Normale,Trois véhicules et plus - collisions multiples,4,3,2,3,1,1,2,5,1,50,3,3,2,0,0,1,50.0,48.0,voiture,voiture,1,2,9,1,5
202400045011,2024-05-08 15:45:00,2024,5,8,15,45,76,76259,LEBORGNE ( RUE CHARLES),49.754252,0.37301,Plein jour,En agglomération,Intersection en X,Normale,Deux véhicules - côté,4,2,0,0,2,1,1,0,1,30,2,4,3,0,0,1,25.0,20.0,voiture,voiture,1,2,2,1,3
202400045011,2024-05-08 15:45:00,2024,5,8,15,45,76,76259,LEBORGNE ( RUE CHARLES),49.754252,0.37301,Plein jour,En agglomération,Intersection en X,Normale,Deux véhicules - côté,4,2,3,0,1,1,1,0,1,50,2,4,3,0,0,1,25.0,20.0,voiture,voiture,1,2,2,1,3
202400045012,2024-02-21 14:20:00,2024,2,21,14,20,26,26037,D538a,44.898201,4.940844,Plein jour,Hors agglomération,Intersection en T,Normale,Deux véhicules - côté,3,2,3,0,1,2,1,5,1,80,2,2,1,0,0,1,38.0,88.0,voiture,voiture,1,1,3,1,3
202400045012,2024-02-21 14:20:00,2024,2,21,14,20,26,26037,D538a,44.898201,4.940844,Plein jour,Hors agglomération,Intersection en T,Normale,Deux véhicules - côté,3,-1,3,0,1,1,1,5,1,50,2,2,1,0,0,1,38.0,88.0,voiture,voiture,1,1,3,1,3
202400045013,2024-05-08 18:05:00,2024,5,8,18,5,76,76026,,49.875475,1.117507,Plein jour,Hors agglomération,Giratoire,Normale,Sans collision,2,2,2,0,1,3,1,0,1,90,1,1,0,0,0,1,28.0,,voiture,,1,1,6,1,7
202400045013,2024-05-08 18:05:00,2024,5,8,18,5,76,76026,,49.875475,1.117507,Plein jour,Hors agglomération,Giratoire,Normale,Sans collision,2,3,2,0,1,1,1,0,1,90,1,1,0,0,0,1,28.0,,voiture,,1,1,6,1,7
202400045014,2024-04-01 12:00:00,2024,4,1,12,0,93,93046,Avenue Lucie Aubrac,48.93049133,2.54716408,Plein jour,En agglomération,Hors intersection,Pluie légère,Deux véhicules - côté,3,2,2,1,1,1,2,9,1,50,2,2,1,0,0,1,50.0,73.0,deux_roues,voiture,1,2,1,2,3
202400045015,2024-02-19 19:35:00,2024,2,19,19,35,69,69273,Chemin des Romanettes,45.643853,4.900074,Nuit sans éclairage public,Hors agglomération,Intersection en T,Normale,Deux véhicules - frontale,7,2,2,0,1,1,1,0,1,50,2,3,0,0,1,2,16.0,27.0,deux_roues,voiture,3,1,3,1,1
202400045015,2024-02-19 19:35:00,2024,2,19,19,35,69,69273,Chemin des Romanettes,45.643853,4.900074,Nuit sans éclairage public,Hors agglomération,Intersection en T,Normale,Deux véhicules - frontale,7,2,2,2,1,1,1,0,1,80,2,3,0,0,1,2,16.0,27.0,deux_roues,voiture,3,1,3,1,1
202400045016,2024-01-07 07:10:00,2024,1,7,7,10,972,97213,ROUTE NATIONALE 1,14.62308,-60.98915,Plein jour,Hors agglomération,Giratoire,Normale,Deux véhicules - côté,2,4,2,0,1,3,1,0,1,70,2,2,1,0,1,0,69.0,52.0,voiture,deux_roues,1,1,6,1,3
202400045016,2024-01-07 07:10:00,2024,1,7,7,10,972,97213,ROUTE NATIONALE 1,14.62308,-60.98915,Plein jour,Hors agglomération,Giratoire,Normale,Deux véhicules - côté,2,4,2,0,1,3,1,9,1,70,2,2,1,0,1,0,69.0,52.0,voiture,deux_roues,1,1,6,1,3
202400045017,2024-04-01 13:04:00,2024,4,1,13,4,93,93046,Rue Jacob / Allée Violette,48.92716,2.54284,Plein jour,En agglomération,Intersection en T,Normale,Deux véhicules - côté,4,1,1,0,1,1,1,0,1,30,2,3,1,0,0,2,39.0,62.0,voiture,voiture,1,2,3,1,3
202400045017,2024-04-01 13:04:00,2024,4,1,13,4,93,93046,Rue Jacob / Allée Violette,48.92716,2.54284,Plein jour,En agglomération,Intersection en T,Normale,Deux véhicules - côté,4,2,2,0,1,1,1,0,1,30,2,3,1,0,0,2,39.0,62.0,voiture,voiture,1,2,3,1,3
202400045018,2024-02-23 12:19:00,2024,2,23,12,19,81,81294,D964,43.837204,1.939065,Plein jour,Hors agglomération,Hors intersection,Pluie légère,Autre collision,3,2,2,0,1,2,2,0,8,70,1,4,0,0,1,3,72.0,,voiture,,1,1,1,2,6
202400045019,2024-02-20 16:50:00,2024,2,20,16,50,17,17412,114 Route de Port la Pierre,45.819256,-0.638627,Plein jour,En agglomération,Hors intersection,Normale,Autre collision,3,2,2,0,1,4,1,9,1,50,1,2,1,0,0,1,63.0,,voiture,,1,2,1,1,6
202400045020,2024-04-01 20:55:00,2024,4,1,20,55,93,93057,Avenue Jean Jaurès / Boulevard Pasteur,48.9019,2.5109,Nuit avec éclairage allumé,En agglomération,Intersection en X,Normale,Deux véhicules - frontale,3,2,2,0,1,1,1,0,1,30,2,4,1,0,0,3,36.0,21.0,voiture,voiture,5,2,2,1,1
202400045020,2024-04-01 20:55:00,2024,4,1,20,55,93,93057,Avenue Jean Jaurès / Boulevard Pasteur,48.9019,2.5109,Nuit avec éclairage allumé,En agglomération,Intersection en X,Normale,Deux véhicules - frontale,3,1,1,0,1,1,1,0,1,30,2,4,1,0,0,3,36.0,21.0,voiture,voiture,5,2,2,1,1
202400045021,2024-01-07 05:55:00,2024,1,7,5,55,972,97213,BOIS D'INDE (CITE),14.62643,-61.01302,Nuit sans éclairage public,Hors agglomération,Autre intersection,Normale,Sans collision,4,2,2,0,2,1,2,0,3,50,1,1,0,0,0,1,21.0,,deux_roues,,3,1,9,1,7
202400045022,2024-05-08 18:30:00,2024,5,8,18,30,72,72181,LIBERTE (AV DE LA),47.96307,0.22364,Plein jour,Hors agglomération,Hors intersection,Normale,Trois véhicules et plus - collisions multiples,3,1,2,0,1,1,1,0,1,90,3,9,6,0,0,3,36.0,50.0,voiture,voiture,1,1,1,1,5
202400045023,2024-02-17 17:30:00,2024,2,17,17,30,33,33262,Avenue du General de Gaulle,45.007437,-0.617205,Plein jour,En agglomération,Intersection en Y,Temps éblouissant,Deux véhicules - côté,3,2,2,0,1,1,1,0,1,30,2,2,1,0,0,1,58.0,68.0,voiture,deux_roues,1,2,4,7,3
202400045023,2024-02-17 17:30:00,2024,2,17,17,30,33,33262,Avenue du General de Gaulle,45.007437,-0.617205,Plein jour,En agglomération,Intersection en Y,Temps éblouissant,Deux véhicules - côté,3,1, -1,0,1,1,1,0,1,30,2,2,1,0,0,1,58.0,68.0,voiture,deux_roues,1,2,4,7,3
202400045024,2024-04-01 01:53:00,2024,4,1,1,53,92,92026,RÉPUBLIQUE ( DE 54 A 80 ET DE 33 A 63 ),48.90169292,2.25184894,Nuit avec éclairage allumé,En agglomération,Hors intersection,Normale,Autre collision,3,2,2,0,1,1,1,0,1,50,1,1,0,0,0,1,30.0,,deux_roues,,5,2,1,1,6
202400045025,2024-05-08 11:15:00,2024,5,8,11,15,67,67482,VIEUX MARCHE AUX VINS (RUE DU),48.584,7.7426,Plein jour,En agglomération,Hors intersection,Temps couvert,Autre collision,4,2,2,3,1,1,1,6,4,30,1,2,1,0,0,1,27.0,,voiture,,1,2,1,8,6
202400045026,2024-02-20 11:52:00,2024,2,20,11,52,33,33003,,44.932509,-0.474045,Plein jour,En agglomération,Hors intersection,Normale,Autre collision,4,-1,1,0,2,1,1,0,8,50,1,1,0,1,0,0,21.0,,utilitaire_camion,,1,2,1,1,6
202400045027,2024-04-01 20:35:00,2024,4,1,20,35,92,92025,COLBERT  115 A 131   104 A 124 (RUE),48.91454939,2.23399007,Crépuscule ou aube,En agglomération,Hors intersection,Normale,Autre collision,4,1,1,0,1,1,1,0,1,30,1,2,1,0,0,1,22.0,,deux_roues,,2,2,1,1,6
202400045028,2024-05-08 19:50:00,2024,5,8,19,50,64,64129,BAYONNE DE,43.30043625,-0.39318502,Plein jour,En agglomération,Intersection en T,Normale,Deux véhicules - côté,4,2,2,2,1,1,1,0,1,50,2,2,1,0,0,1,68.0,16.0,voiture,deux_roues,1,2,3,1,3
202400045028,2024-05-08 19:50:00,2024,5,8,19,50,64,64129,BAYONNE DE,43.30043625,-0.39318502,Plein jour,En agglomération,Intersection en T,Normale,Deux véhicules - côté,4,2, -1,0,1,1,1,0,1,50,2,2,1,0,0,1,68.0,16.0,voiture,deux_roues,1,2,3,1,3
202400045029,2024-01-06 21:30:00,2024,1,6,21,30,971,97101,GRAND CAMP(SECTION),16.25402,-61.53863,Nuit avec éclairage allumé,Hors agglomération,Hors intersection,Normale,Autre collision,2,1,2,0,1,1,1,0,1,90,1,2,0,0,0,2,29.0,,voiture,,5,1,1,1,6
202400045030,2024-02-17 18:20:00,2024,2,17,18,20,33,33089,,45.168177,-0.572013,Plein jour,Hors agglomération,Intersection en Y,Normale,Deux véhicules - frontale,3,2,2,0,1,3,1,0,1,80,2,2,1,0,1,0,23.0,36.0,deux_roues,voiture,1,1,4,1,1
202400045030,2024-02-17 18:20:00,2024,2,17,18,20,33,33089,,45.168177,-0.572013,Plein jour,Hors agglomération,Intersection en Y,Normale,Deux véhicules - frontale,3,2, -1,-1,1,1,1,0,1,80,2,2,1,0,1,0,23.0,36.0,deux_roues,voiture,1,1,4,1,1
202400045031,2024-05-08 15:45:00,2024,5,8,15,45,64,64445,LYAUTEY,43.31092943,-0.36279023,Plein jour,En agglomération,Hors intersection,Normale,Deux véhicules - côté,4,1,2,0,1,1,1,0,1,50,2,2,1,0,0,1,21.0,68.0,voiture,deux_roues,1,2,1,1,3
202400045032,2024-03-31 23:15:00,2024,3,31,23,15,92,92023,HENRI BARBUSSE (AVENUE),48.81303897,2.25795162,Nuit avec éclairage allumé,En agglomération,Intersection en T,Normale,Deux véhicules - frontale,3,2,2,0,1,1,1,0,1,50,2,3,1,0,0,2,25.0,32.0,voiture,deux_roues,5,2,3,1,1
202400045032,2024-03-31 23:15:00,2024,3,31,23,15,92,92023,HENRI BARBUSSE (AVENUE),48.81303897,2.25795162,Nuit avec éclairage allumé,En agglomération,Intersection en T,Normale,Deux véhicules - frontale,3,2,2,0,1,1,1,0,1,50,2,3,1,0,0,2,25.0,32.0,voiture,deux_roues,5,2,3,1,1
202400045033,2024-01-07 01:15:00,2024,1,7,1,15,971,97120,RUE EUVREMONT GENE,16.24742,-61.53898,Nuit avec éclairage allumé,En agglomération,Hors intersection,Normale,Deux véhicules - côté,4,2,2,0,1,1,1,0,1,50,2,3,2,0,1,0,61.0,36.0,voiture,deux_roues,5,2,1,1,3
202400045034,2024-05-08 15:25:00,2024,5,8,15,25,64,64024,LAPORTE (AVENUE JEAN LEON),43.48366,-1.50345,Plein jour,En agglomération,Hors intersection,Normale,Deux véhicules - côté,4,2,2,0,1,1,1,0,1,30,2,2,1,0,0,1,30.0,16.0,voiture,deux_roues,1,2,1,1,3
202400045035,2024-02-23 12:54:00,2024,2,23,12,54,02,02134,D1043,49.905882,4.072092,Plein jour,Hors agglomération,Hors intersection,Normale,Deux véhicules - frontale,3,2,2,0,2,1,1,0,1,70,2,3,0,3,0,0,23.0,28.0,voiture,voiture,1,1,1,1,1
202400045036,2024-04-01 12:00:00,2024,4,1,12,0,92,92012,GENERAL LECLERC (AVENUE DU) 1/33 - 2/58,48.83201354,2.23845685,Plein jour,En agglomération,Hors intersection,Normale,Deux véhicules - arrière,3,1,2,0,1,1,1,0,1,50,2,3,2,0,0,1,23.0,65.0,voiture,voiture,1,2,1,1,2
202400045037,2024-05-09 00:05:00,2024,5,9,0,5,59,59646,FLANDRE (AVENUE DE),50.66441,3.1169,Nuit avec éclairage allumé,En agglomération,Hors intersection,Normale,Deux véhicules - arrière,7,2,6,0,1,1,1,0,1,50,2,4,2,0,0,2,30.0,,voiture,voiture,5,2,1,1,2
202400045038,2024-04-01 20:41:00,2024,4,1,20,41,92,92004,REDOUTE ( AVENUE DE LA  ),48.92900113,2.28023261,Crépuscule ou aube,En agglomération,Hors intersection,Normale,Autre collision,3,2,2,3,1,1,1,9,1,50,1,2,0,0,0,2,19.0,,deux_roues,,2,2,1,1,6
202400045039,2024-01-08 08:00:00,2024,1,8,8,0,2A,2A004,BIANCAMARIA COLONEL ET CAPITAINE AVE,41.93445365,8.73664375,Plein jour,En agglomération,Intersection en T,Normale,Deux véhicules - côté,4,2,2,0,1,2,1,0,1,50,2,2,1,0,0,1,37.0,17.0,voiture,deux_roues,1,2,3,1,3
202400045039,2024-01-08 08:00:00,2024,1,8,8,0,2A,2A004,BIANCAMARIA COLONEL ET CAPITAINE AVE,41.93445365,8.73664375,Plein jour,En agglomération,Intersection en T,Normale,Deux véhicules - côté,4,1,1,0,1,1,1,0,1,50,2,2,1,0,0,1,37.0,17.0,voiture,deux_roues,1,2,3,1,3
202400045040,2024-05-08 15:30:00,2024,5,8,15,30,59,59122,LIBERTE (BOULEVARD DE LA),50.1704,3.23062,Plein jour,En agglomération,Hors intersection,Normale,Deux véhicules - côté,3,-1,2,0,1,1,1,0,1,50,2,2,1,0,0,1,19.0,38.0,deux_roues,voiture,1,2,1,1,3
202400045041,2024-04-01 16:20:00,2024,4,1,16,20,83,83072,757 Route des Arcs,43.48398724,6.368415,Plein jour,Hors agglomération,Autre intersection,Normale,Deux véhicules - côté,3,2,2,0,1,1,1,0,1,-1,2,2,1,0,1,0,71.0,45.0,deux_roues,voiture,1,1,9,1,3
202400045042,2024-01-08 19:40:00,2024,1,8,19,40,95,95680,D10,49.01327581,2.4070377,Nuit sans éclairage public,Hors agglomération,Hors intersection,Temps couvert,Deux véhicules - frontale,3,2,2,0,1,1,2,0,1,80,2,5,1,0,2,2,26.0,64.0,voiture,voiture,3,1,1,8,1
202400045043,2024-02-21 18:41:00,2024,2,21,18,41,13,13106,A7-Sens Marseille vers Lyon,43.39441,5.35137,Nuit sans éclairage public,Hors agglomération,Hors intersection,Normale,Deux véhicules - côté,1,1,2,0,2,1,1,8,1,70,2,3,1,0,2,0,62.0,25.0,voiture,voiture,3,1,1,1,3
202400045044,2024-04-01 17:55:00,2024,4,1,17,55,31,31053,Route de Gragnague,43.656194,1.55478,Plein jour,Hors agglomération,Hors intersection,Normale,Autre collision,7,2,2,0,4,2,1,0,3,90,1,2,0,0,1,1,22.0,,deux_roues,,1,1,1,1,6