accident_id,datetime,annee,mois,jour,heure,minute,departement,commune_insee,adresse,latitude,longitude,luminosite,agglomeration,intersection,meteo,collision,catr,circ,nbv,vosp,prof,plan,surf,infra,situ,vma,nb_vehicules,nb_usagers,nb_indemnes,nb_tues,nb_blesses_hosp,nb_blesses_legers,age_cond_1,age_cond_2,veh_type_cond_1,veh_type_cond_2,lum_code,agg_code,int_code,atm_code,col_code
202400045115,2024-04-02 08:50:00,2024,4,2,8,50,31,31356,Route de Toulouse,43.68914,1.235082,Crépuscule ou aube,Hors agglomération,Intersection en T,Normale,Deux véhicules - arrière,2,2,2,0,2,2,2,0,1,70,2,2,1,0,1,0,18.0,47.0,deux_roues,voiture,2,1,3,1,2
202400045115,2024-04-02 08:50:00,2024,4,2,8,50,31,31356,Route de Toulouse,43.68914,1.235082,Crépuscule ou aube,Hors agglomération,Intersection en T,Normale,Deux véhicules - arrière,2,2,2,0,2,4,2,0,1,70,2,2,1,0,1,0,18.0,47.0,deux_roues,voiture,2,1,3,1,2
202400045116,2024-07-17 11:30:00,2024,7,17,11,30,07,07176,Route de Saint Laurent les Bains,44.486143,4.153111,Plein jour,En agglomération,Hors intersection,Normale,Deux véhicules - côté,3,2,2,0,2,2,1,0,1,50,2,2,1,1,0,0,71.0,30.0,deux_roues,utilitaire_camion,1,2,1,1,3
202400045117,2024-05-08 16:20:00,2024,5,8,16,20,75,75115,QUAI BRANLY,48.855848,2.289842,Plein jour,En agglomération,Hors intersection,Normale,Deux véhicules - frontale,4,2,2,1,1,1,1,0,5,30,2,2,1,0,0,1,20.0,32.0,deux_roues,deux_roues,1,2,1,1,1
202400045118,2024-01-08 08:30:00,2024,1,8,8,30,59,59271,PETITE-SYNTHE - AVENUE,51.01442,2.30837,Plein jour,En agglomération,Giratoire,Normale,Autre collision,4,2,2,0,1,1,1,5,8,50,1,2,1,0,1,0,68.0,,voiture,,1,2,6,1,6
202400045118,2024-01-08 08:30:00,2024,1,8,8,30,59,59271,PETITE-SYNTHE - AVENUE,51.01442,2.30837,Plein jour,En agglomération,Giratoire,Normale,Autre collision,4,2,2,0,1,1,1,5,1,50,1,2,1,0,1,0,68.0,,voiture,,1,2,6,1,6
202400045119,2024-02-21 06:20:00,2024,2,21,6,20,75,75113,Avenue de la Porte d'Italie,48.815906,2.360681,Nuit avec éclairage allumé,En agglomération,Intersection en X,Normale,Deux véhicules - côté,4,1, -1,-1,1,1,1,5,1,30,2,2,1,0,0,1,58.0,,deux_roues,voiture,5,2,2,1,3
202400045119,2024-02-21 06:20:00,2024,2,21,6,20,75,75113,Avenue de la Porte d'Italie,48.815906,2.360681,Nuit avec éclairage allumé,En agglomération,Intersection en X,Normale,Deux véhicules - côté,4,1,3,3,1,1,1,5,1,30,2,2,1,0,0,1,58.0,,deux_roues,voiture,5,2,2,1,3
202400045120,2024-03-30 21:13:00,2024,3,30,21,13,03,03118,18 Av de la 1ere Armee Francaise,46.098144,3.182693,Nuit avec éclairage allumé,En agglomération,Intersection en T,Pluie légère,Deux véhicules - arrière,3,2,2,0,2,1,2,0,1,50,2,4,1,0,0,3,27.0,24.0,voiture,voiture,5,2,3,2,2
202400045120,2024-03-30 21:13:00,2024,3,30,21,13,03,03118,18 Av de la 1ere Armee Francaise,46.098144,3.182693,Nuit avec éclairage allumé,En agglomération,Intersection en T,Pluie légère,Deux véhicules - arrière,3,2,2,0,1,1,2,0,1,50,2,4,1,0,0,3,27.0,24.0,voiture,voiture,5,2,3,2,2
202400045121,2024-01-05 10:30:00,2024,1,5,10,30,59,59569,RD 643,50.34413,3.0933,Plein jour,En agglomération,Giratoire,Pluie légère,Deux véhicules - côté,3,2,2,0,1,1,2,0,1,50,2,2,0,0,0,2,49.0,66.0,voiture,utilitaire_camion,1,2,6,2,3
202400045121,2024-01-05 10:30:00,2024,1,5,10,30,59,59569,RD 643,50.34413,3.0933,Plein jour,En agglomération,Giratoire,Pluie légère,Deux véhicules - côté,3,1,2,0,1,1,2,0,1,50,2,2,0,0,0,2,49.0,66.0,voiture,utilitaire_camion,1,2,6,2,3
202400045122,2024-05-08 17:47:00,2024,5,8,17,47,75,75113,BOULEVARD MASSENA,48.821605,2.369204,Plein jour,En agglomération,Intersection en X,Normale,Deux véhicules - côté,4,2,2,0,1,1,1,0,1,30,2,2,1,0,0,1,52.0,34.0,deux_roues,voiture,1,2,2,1,3
202400045122,2024-05-08 17:47:00,2024,5,8,17,47,75,75113,BOULEVARD MASSENA,48.821605,2.369204,Plein jour,En agglomération,Intersection en X,Normale,Deux véhicules - côté,4,2,2,0,1,1,1,0,1,50,2,2,1,0,0,1,52.0,34.0,deux_roues,voiture,1,2,2,1,3
202400045123,2024-07-16 06:30:00,2024,7,16,6,30,84,84039,Autoroute A7 Pk 176.000 direction Orange,44.088872,4.877136,Plein jour,Hors agglomération,Hors intersection,Normale,Autre collision,1,3,3,0,4,2,1,0,2,130,1,2,0,0,1,1,73.0,,voiture,,1,1,1,1,6
202400045124,2024-05-08 07:47:00,2024,5,8,7,47,75,75113,BOULEVARD DE L HOPITAL,48.842493,2.363708,Plein jour,En agglomération,Hors intersection,Normale,Sans collision,4,2,4,3,1,1,1,0,1,30,1,2,0,0,0,2,38.0,,voiture,,1,2,1,1,7
202400045125,2024-01-08 12:30:00,2024,1,8,12,30,56,56121,GUILLEMOT (RUE  ARMAND ),47.74566,-3.39052,Plein jour,En agglomération,Hors intersection,Normale,Autre collision,4,3,2,0,1,1,1,0,1,30,1,2,1,0,0,1,57.0,,deux_roues,,1,2,1,1,6
202400045126,2024-04-02 07:55:00,2024,4,2,7,55,15,15055,RD 909,45.063337,3.109517,Plein jour,Hors agglomération,Hors intersection,Temps couvert,Deux véhicules - frontale,3,2,2,0,1,1,2,0,1,90,2,2,1,0,1,0,58.0,23.0,voiture,voiture,1,1,1,8,1
202400045127,2024-02-21 15:10:00,2024,2,21,15,10,75,75112,AVENUE DAUMESNIL,48.835584,2.406495,Plein jour,En agglomération,Intersection en T,Pluie légère,Deux véhicules - arrière,4,-1,2,0,1,1,2,0,1,50,2,3,2,0,0,1,28.0,20.0,voiture,voiture,1,2,3,2,2
202400045127,2024-02-21 15:10:00,2024,2,21,15,10,75,75112,AVENUE DAUMESNIL,48.835584,2.406495,Plein jour,En agglomération,Intersection en T,Pluie légère,Deux véhicules - arrière,4,1, -1,0,1,1,2,0,1,50,2,3,2,0,0,1,28.0,20.0,voiture,voiture,1,2,3,2,2
202400045128,2024-05-08 20:47:00,2024,5,8,20,47,94,94046,Avenue de Verdun / Rue de Marne,48.809252,2.459609,Crépuscule ou aube,En agglomération,Intersection en T,Normale,Deux véhicules - côté,3,2,2,-1,1,1,1,0,1,-1,2,2,1,0,0,1,19.0,41.0,deux_roues,utilitaire_camion,2,2,3,1,3
202400045128,2024-05-08 20:47:00,2024,5,8,20,47,94,94046,Avenue de Verdun / Rue de Marne,48.809252,2.459609,Crépuscule ou aube,En agglomération,Intersection en T,Normale,Deux véhicules - côté,3,2,2,2,1,1,1,0,1,50,2,2,1,0,0,1,19.0,41.0,deux_roues,utilitaire_camion,2,2,3,1,3
202400045129,2024-04-01 20:30:00,2024,4,1,20,30,72,72222,lieu dit le grand chemin,48.230305,0.248668,Nuit sans éclairage public,Hors agglomération,Hors intersection,Pluie légère,Autre collision,3,2,2,0,1,1,2,0,3,90,1,1,0,0,0,1,21.0,,voiture,,3,1,1,2,6
202400045130,2024-06-11 17:00:00,2024,6,11,17,0,78,78590,D149,48.680959,1.982174,Plein jour,Hors agglomération,Hors intersection,Pluie légère,Trois véhicules et plus - collisions multiples,3,2,2,0,2,3,2,0,1,80,3,3,1,0,0,2,23.0,31.0,utilitaire_camion,voiture,1,1,1,2,5
202400045131,2024-01-07 02:55:00,2024,1,7,2,55,50,50218,CRETE  (RUE DE LA),48.822527,-1.5746343,Nuit sans éclairage public,Hors agglomération,Hors intersection,Pluie légère,Autre collision,3,1,2,0,2,4,2,6,1,50,1,3,0,0,1,2,24.0,,voiture,,3,1,1,2,6
202400045132,2024-02-21 11:10:00,2024,2,21,11,10,75,75111,AVENUE PARMENTIER,48.869018,2.371771,Plein jour,En agglomération,Intersection en T,Normale,Autre collision,4,2,2,2,1,1,1,0,1,30,1,2,1,0,0,1,30.0,,utilitaire_camion,,1,2,3,1,6
202400045132,2024-02-21 11:10:00,2024,2,21,11,10,75,75111,AVENUE PARMENTIER,48.869018,2.371771,Plein jour,En agglomération,Intersection en T,Normale,Autre collision,4,1, -1,0,1,1,1,0,1,30,1,2,1,0,0,1,30.0,,utilitaire_camion,,1,2,3,1,6
202400045133,2024-04-02 10:45:00,2024,4,2,10,45,43,43102,Route de Sainte-Sigolene,45.20829195,4.19882035,Plein jour,Hors agglomération,Hors intersection,Normale,Sans collision,3,2,2,0,2,3,1,0,1,80,1,1,0,0,0,1,28.0,,utilitaire_camion,,1,1,1,1,7
202400045134,2024-05-08 13:55:00,2024,5,8,13,55,93,93078,Avenue Georges Clémenceau / Boulevard Robert Ballanger,48.96157,2.55505,Plein jour,En agglomération,Giratoire,Normale,Deux véhicules - arrière,3,3,4,1,1,1,1,0,1,50,2,2,1,0,0,1,42.0,43.0,voiture,voiture,1,2,6,1,2
202400045134,2024-05-08 13:55:00,2024,5,8,13,55,93,93078,Avenue Georges Clémenceau / Boulevard Robert Ballanger,48.96157,2.55505,Plein jour,En agglomération,Giratoire,Normale,Deux véhicules - arrière,3,3,4,0,1,1,1,0,1,50,2,2,1,0,0,1,42.0,43.0,voiture,voiture,1,2,6,1,2
202400045135,2024-02-21 08:05:00,2024,2,21,8,5,75,75104,RUE DU PONT LOUIS PHILIPPE,48.85581479,2.3563621,Plein jour,En agglomération,Intersection en X,Normale,Sans collision,4,1,1,0,1,1,1,0,1,30,1,1,0,0,0,1,63.0,,deux_roues,,1,2,2,1,7
202400045135,2024-02-21 08:05:00,2024,2,21,8,5,75,75104,RUE DU PONT LOUIS PHILIPPE,48.85581479,2.3563621,Plein jour,En agglomération,Intersection en X,Normale,Sans collision,4,1,1,0,1,1,1,0,1,30,1,1,0,0,0,1,63.0,,deux_roues,,1,2,2,1,7
202400045136,2024-07-17 17:00:00,2024,7,17,17,0,66,66065,61 Avenue Paul Reig,42.595371,2.976139,Plein jour,En agglomération,Intersection en T,Normale,Deux véhicules - côté,4,2,2,1,1,1,1,5,1,50,2,2,1,0,0,1,,12.0,voiture,deux_roues,1,2,3,1,3
202400045136,2024-07-17 17:00:00,2024,7,17,17,0,66,66065,61 Avenue Paul Reig,42.595371,2.976139,Plein jour,En agglomération,Intersection en T,Normale,Deux véhicules - côté,4,2, -1,-1,1,1,1,0,8,50,2,2,1,0,0,1,,12.0,voiture,deux_roues,1,2,3,1,3
202400045137,2024-01-07 12:20:00,2024,1,7,12,20,50,50129,THEMIS (ROND POINT DE),49.63414,-1.61404,Plein jour,En agglomération,Giratoire,Normale,Deux véhicules - côté,3,1,1,0,1,2,1,0,1,50,2,2,1,0,0,1,47.0,65.0,deux_roues,voiture,1,2,6,1,3
202400045138,2024-05-08 07:30:00,2024,5,8,7,30,93,93059,Avenue Élisée Reclus / Rue Pierre Curie,48.952154,2.358054,Plein jour,En agglomération,Intersection en T,Normale,Deux véhicules - arrière,3,3,4,3,1,1,1,0,1,50,2,2,1,0,0,1,55.0,46.0,transport_commun,voiture,1,2,3,1,2
202400045138,2024-05-08 07:30:00,2024,5,8,7,30,93,93059,Avenue Élisée Reclus / Rue Pierre Curie,48.952154,2.358054,Plein jour,En agglomération,Intersection en T,Normale,Deux véhicules - arrière,3,1,1,0,1,3,1,0,1,-1,2,2,1,0,0,1,55.0,46.0,transport_commun,voiture,1,2,3,1,2
202400045139,2024-07-16 19:50:00,2024,7,16,19,50,34,34136,D609,43.499741,3.445008,Plein jour,Hors agglomération,Hors intersection,Normale,Sans collision,3,2,2,0,3,1,1,0,3,90,1,1,0,0,1,0,16.0,,deux_roues,,1,1,1,1,7
202400045140,2024-04-01 18:50:00,2024,4,1,18,50,07,07010,13 rue Léo lagrange,45.247772,4.683577,Plein jour,En agglomération,Intersection en T,Temps couvert,Deux véhicules - frontale,4,2,2,0,1,1,1,0,1,30,2,3,1,0,0,2,22.0,70.0,deux_roues,voiture,1,2,3,8,1
202400045140,2024-04-01 18:50:00,2024,4,1,18,50,07,07010,13 rue Léo lagrange,45.247772,4.683577,Plein jour,En agglomération,Intersection en T,Temps couvert,Deux véhicules - frontale,4,2,2,0,1,1,1,0,1,-1,2,3,1,0,0,2,22.0,70.0,deux_roues,voiture,1,2,3,8,1
202400045141,2024-02-21 07:40:00,2024,2,21,7,40,94,94068,Boulevard de Bellechasse,48.79381757,2.49388098,Plein jour,En agglomération,Hors intersection,Temps couvert,Deux véhicules - arrière,4,2,2,0,1,1,2,0,1,30,2,2,1,0,0,1,60.0,19.0,voiture,deux_roues,1,2,1,8,2
202400045142,2024-05-08 22:10:00,2024,5,8,22,10,93,93046,Avenue Gambetta,48.91723662,2.52396154,Nuit avec éclairage allumé,En agglomération,Hors intersection,Normale,Deux véhicules - arrière,4,2,2,0,1,1,1,0,1,50,2,3,2,0,0,1,21.0,22.0,voiture,deux_roues,5,2,1,1,2
202400045143,2024-04-01 18:15:00,2024,4,1,18,15,85,85280,RD948,46.8683,-1.932582,Plein jour,Hors agglomération,Hors intersection,Temps couvert,Autre collision,3,2,2,0,1,1,2,9,3,80,1,2,0,0,1,1,46.0,,voiture,,1,1,1,8,6
202400045144,2024-07-17 13:08:00,2024,7,17,13,8,83,83104,D23,43.615945,5.763681,Plein jour,Hors agglomération,Hors intersection,Normale,Deux véhicules - frontale,3,2,2,0,1,2,1,0,1,80,2,4,1,1,1,1,38.0,58.0,voiture,deux_roues,1,1,1,1,1
202400045145,2024-01-08 17:47:00,2024,1,8,17,47,45,45302,D702 PR 4 + 956,47.96952,1.8641,Nuit sans éclairage public,Hors agglomération,Hors intersection,Normale,Deux véhicules - frontale,3,2,2,0,1,1,1,0,1,70,2,2,0,0,1,1,32.0,42.0,deux_roues,voiture,3,1,1,1,1
202400045146,2024-05-08 13:30:00,2024,5,8,13,30,92,92072,TROYON (RUE),48.82477,2.22831,Plein jour,En agglomération,Hors intersection,Normale,Deux véhicules - côté,3,3,4,0,1,1,1,0,1,50,2,2,1,0,0,1,77.0,52.0,voiture,deux_roues,1,2,1,1,3
202400045147,2024-02-21 18:00:00,2024,2,21,18,0,94,94041,Avenue de Verdun / Rue du 19 Mars 1962,48.809144,2.373693,Crépuscule ou aube,En agglomération,Intersection en X,Pluie forte,Deux véhicules - côté,3,3,4,1,1,1,2,0,5,50,2,2,1,0,0,1,71.0,,deux_roues,deux_roues,2,2,2,3,3
202400045147,2024-02-21 18:00:00,2024,2,21,18,0,94,94041,Avenue de Verdun / Rue du 19 Mars 1962,48.809144,2.373693,Crépuscule ou aube,En agglomération,Intersection en X,Pluie forte,Deux véhicules - côté,3,2,2,0,1,1,2,0,5,30,2,2,1,0,0,1,71.0,,deux_roues,deux_roues,2,2,2,3,3
202400045148,2024-07-17 07:40:00,2024,7,17,7,40,83,83081,RD562,43.602759,6.776231,Plein jour,En agglomération,Autre intersection,Temps éblouissant,Deux véhicules - côté,3,2,2,0,1,1,1,9,1,70,2,2,1,0,1,0,30.0,67.0,deux_roues,voiture,1,2,9,7,3
202400045149,2024-03-31 17:15:00,2024,3,31,17,15,37,37272,D321,47.31385,0.495307,Plein jour,Hors agglomération,Intersection en T,Normale,Sans collision,3,2,2,0,1,1,1,0,3,80,1,2,1,0,1,0,41.0,,deux_roues,,1,1,3,1,7
202400045149,2024-03-31 17:15:00,2024,3,31,17,15,37,37272,D321,47.31385,0.495307,Plein jour,Hors agglomération,Intersection en T,Normale,Sans collision,3,2,2,0,3,1,1,0,3,80,1,2,1,0,1,0,41.0,,deux_roues,,1,1,3,1,7
202400045150,2024-01-08 08:30:00,2024,1,8,8,30,45,45232,1181 Rue du Général de Gaulle,47.86673,1.88599,Plein jour,En agglomération,Hors intersection,Normale,Autre collision,4,2,2,0,1,1,1,0,1,50,1,2,1,0,0,1,37.0,,voiture,,1,2,1,1,6
202400045151,2024-02-21 18:40:00,2024,2,21,18,40,94,94018,Rue de Paris / Rue Nocard,48.82390153,2.41006726,Nuit avec éclairage allumé,En agglomération,Intersection en T,Pluie légère,Autre collision,3,2,2,2,1,1,2,0,1,30,1,2,1,0,0,1,88.0,,voiture,,5,2,3,2,6
202400045151,2024-02-21 18:40:00,2024,2,21,18,40,94,94018,Rue de Paris / Rue Nocard,48.82390153,2.41006726,Nuit avec éclairage allumé,En agglomération,Intersection en T,Pluie légère,Autre collision,3,1,1,2,1,1,2,0,1,-1,1,2,1,0,0,1,88.0,,voiture,,5,2,3,2,6
202400045152,2024-04-02 09:00:00,2024,4,2,9,0,31,31516,Pk 212.600 A 62,43.761424,1.385436,Plein jour,Hors agglomération,Hors intersection,Normale,Deux véhicules - arrière,1,1,3,0,1,1,1,0,1,130,2,2,1,0,1,0,36.0,20.0,utilitaire_camion,utilitaire_camion,1,1,1,1,2
202400045153,2024-01-08 08:36:00,2024,1,8,8,36,37,37208,LAC (AVENUE DU),47.36742,0.72149,Plein jour,En agglomération,Hors intersection,Normale,Deux véhicules - côté,4,2,2,0,1,1,1,0,1,50,2,2,1,0,0,1,50.0,29.0,voiture,deux_roues,1,2,1,1,3
202400045154,2024-07-16 18:20:00,2024,7,16,18,20,70,70432,D134,47.732086,6.438214,Plein jour,Hors agglomération,Intersection en T,Normale,Deux véhicules - côté,3,2,2,0,1,3,1,0,1,80,2,6,4,0,1,1,39.0,59.0,voiture,deux_roues,1,1,3,1,3
202400045154,2024-07-16 18:20:00,2024,7,16,18,20,70,70432,D134,47.732086,6.438214,Plein jour,Hors agglomération,Intersection en T,Normale,Deux véhicules - côté,3,1, -1,-1,1,1,1,3,1,-1,2,6,4,0,1,1,39.0,59.0,voiture,deux_roues,1,1,3,1,3
202400045155,2024-05-08 15:48:00,2024,5,8,15,48,92,92064,REPUBLIQUE,48.8494,2.2138,Plein jour,En agglomération,Intersection en X,Normale,Autre collision,3,2,2,1,2,1,1,0,8,50,1,2,1,0,0,1,,,autre,,1,2,2,1,6
202400045155,2024-05-08 15:48:00,2024,5,8,15,48,92,92064,REPUBLIQUE,48.8494,2.2138,Plein jour,En agglomération,Intersection en X,Normale,Autre collision,3,1,2,0,1,1,1,0,1,50,1,2,1,0,0,1,,,autre,,1,2,2,1,6
202400045156,2024-01-02 18:15:00,2024,1,2,18,15,36,36044,Avenue des Marins,46.80977,1.68489,Nuit avec éclairage allumé,En agglomération,Hors intersection,Pluie légère,Autre collision,4,2,2,0,1,1,2,0,1,50,1,2,1,0,1,0,53.0,,voiture,,5,2,1,2,6
202400045157,2024-07-11 18:40:00,2024,7,11,18,40,68,68262,Rue de Mitzach,47.878912,7.012914,Plein jour,En agglomération,Hors intersection,Normale,Sans collision,4,2,2,0,1,1,1,0,1,50,1,1,0,0,1,0,70.0,,voiture,,1,2,1,1,7
202400045158,2024-05-08 14:40:00,2024,5,8,14,40,92,92036,GRESILLONS (AVENUE DES) (141/215),48.91758715,2.30816495,Plein jour,En agglomération,Intersection en X,Normale,Deux véhicules - frontale,3,2,3,0,1,1,1,0,1,50,2,2,1,0,0,1,55.0,52.0,voiture,deux_roues,1,2,2,1,1
202400045158,2024-05-08 14:40:00,2024,5,8,14,40,92,92036,GRESILLONS (AVENUE DES) (141/215),48.91758715,2.30816495,Plein jour,En agglomération,Intersection en X,Normale,Deux véhicules - frontale,3,1,1,0,1,1,1,0,1,50,2,2,1,0,0,1,55.0,52.0,voiture,deux_roues,1,2,2,1,1
202400045159,2024-02-21 20:08:00,2024,2,21,20,8,93,93066,Avenue Roger Sémat / Rue du 19 Mars 1962,48.94778,2.357271,Nuit avec éclairage allumé,En agglomération,Intersection en X,Pluie légère,Deux véhicules - côté,3,3,4,3,1,1,2,0,1,50,2,2,1,0,0,1,25.0,47.0,deux_roues,voiture,5,2,2,2,3
202400045159,2024-02-21 20:08:00,2024,2,21,20,8,93,93066,Avenue Roger Sémat / Rue du 19 Mars 1962,48.94778,2.357271,Nuit avec éclairage allumé,En agglomération,Intersection en X,Pluie légère,Deux véhicules - côté,3,2,2,1,1,1,2,0,1,50,2,2,1,0,0,1,25.0,47.0,deux_roues,voiture,5,2,2,2,3
202400045160,2024-03-28 17:00:00,2024,3,28,17,0,973,97309,N 3 (rn3),4.892807,-52.289869,Plein jour,Hors agglomération,Hors intersection,Normale,Deux véhicules - côté,3,2,1,0,1,1,1,0,1,50,2,3,1,0,2,0,41.0,36.0,voiture,deux_roues,1,1,1,1,3
202400045161,2024-07-16 20:20:00,2024,7,16,20,20,86,86123,PLACE DE L EGLISE,46.558391,0.072947,Plein jour,En agglomération,Intersection en Y,Normale,Autre collision,3,2,2,0,1,1,1,0,1,50,1,1,0,0,1,0,16.0,,deux_roues,,1,2,4,1,6
202400045161,2024-07-16 20:20:00,2024,7,16,20,20,86,86123,PLACE DE L EGLISE,46.558391,0.072947,Plein jour,En agglomération,Intersection en Y,Normale,Autre collision,3,2,2,-1,1,3,1,5,1,-1,1,1,0,0,1,0,16.0,,deux_roues,,1,2,4,1,6
202400045162,2024-01-08 18:40:00,2024,1,8,18,40,35,35051,BRAY (RUE DE),48.10778,-1.614815,Nuit avec éclairage allumé,En agglomération,Hors intersection,Normale,Deux véhicules - frontale,4,2,2,2,1,1,1,0,5,30,2,2,1,0,0,1,51.0,25.0,deux_roues,voiture,5,2,1,1,1
202400045163,2024-05-08 18:30:00,2024,5,8,18,30,92,92024,MARTRE (RUE) DE (59 A 109)   (58 A 120),48.90358158,2.30568302,Plein jour,En agglomération,Hors intersection,Normale,Deux véhicules - frontale,3,1,3,1,1,1,1,0,1,50,2,2,1,0,0,1,60.0,42.0,utilitaire_camion,deux_roues,1,2,1,1,1
202400045164,2024-05-08 14:50:00,2024,5,8,14,50,92,92012,GENERAL LECLERC (AVENUE DU) 1/33 - 2/58,48.83048614,2.2337333,Plein jour,En agglomération,Hors intersection,Normale,Deux véhicules - côté,3,3,6,0,1,1,1,9,1,50,2,2,1,0,0,1,54.0,24.0,deux_roues,voiture,1,2,1,1,3
202400045165,2024-07-16 08:15:00,2024,7,16,8,15,64,64430,Avenue Pierre Mendès-france,43.479966,-0.750182,Plein jour,En agglomération,Intersection en T,Normale,Deux véhicules - côté,3,2,2,0,1,1,1,0,1,70,2,2,1,0,1,0,18.0,79.0,deux_roues,voiture,1,2,3,1,3
202400045165,2024-07-16 08:15:00,2024,7,16,8,15,64,64430,Avenue Pierre Mendès-france,43.479966,-0.750182,Plein jour,En agglomération,Intersection en T,Normale,Deux véhicules - côté,3,2, -1,-1,1,1,1,0,1,-1,2,2,1,0,1,0,18.0,79.0,deux_roues,voiture,1,2,3,1,3
202400045166,2024-03-10 07:25:00,2024,3,10,7,25,91,91085,N20,48.541572,2.211578,Crépuscule ou aube,Hors agglomération,Hors intersection,Temps couvert,Deux véhicules - arrière,3,3,4,0,2,1,2,0,1,90,2,7,3,0,2,2,21.0,22.0,voiture,voiture,2,1,1,8,2
202400045167,2024-02-21 06:55:00,2024,2,21,6,55,93,93066,Rue Jules Saulnier,48.92527,2.35141,Crépuscule ou aube,En agglomération,Hors intersection,Normale,Trois véhicules et plus - en chaîne,3,3,4,0,1,1,1,0,1,50,4,5,4,0,0,1,62.0,,utilitaire_camion,voiture,2,2,1,1,4
202400045168,2024-01-08 19:25:00,2024,1,8,19,25,33,33162,Avenue du Médoc,44.888619,-0.645661,Nuit avec éclairage allumé,En agglomération,Hors intersection,Normale,Deux véhicules - arrière,4,2,2,2,1,1,1,-1,1,50,2,2,1,0,0,1,44.0,22.0,voiture,voiture,5,2,1,1,2
202400045169,2024-07-17 13:30:00,2024,7,17,13,30,44,44215,7Ter Rue de la Maladrie,47.185916,-1.493219,Plein jour,En agglomération,Hors intersection,Normale,Sans collision,4,2,2,0,1,1,1,9,3,50,1,1,0,0,1,0,58.0,,deux_roues,,1,2,1,1,7
202400045170,2024-05-08 16:05:00,2024,5,8,16,5,92,92009,CHARLES-DE-GAULLE ( AVENUE ),48.91833248,2.2750631,Plein jour,En agglomération,Intersection en X,Normale,Deux véhicules - côté,3,1,1,0,1,1,1,0,1,50,2,2,1,0,0,1,65.0,25.0,voiture,autre,1,2,2,1,3
202400045170,2024-05-08 16:05:00,2024,5,8,16,5,92,92009,CHARLES-DE-GAULLE ( AVENUE ),48.91833248,2.2750631,Plein jour,En agglomération,Intersection en X,Normale,Deux véhicules - côté,3,2,1,0,1,1,1,0,1,50,2,2,1,0,0,1,65.0,25.0,voiture,autre,1,2,2,1,3
202400045171,2024-02-21 09:50:00,2024,2,21,9,50,93,93031,Avenue du 18 Juin 1940 / Rue de Paris,48.95457,2.307969,Plein jour,En agglomération,Intersection en X,Temps couvert,Deux véhicules - côté,3,3,4,0,1,1,1,5,1,50,2,2,1,0,0,1,33.0,56.0,deux_roues,utilitaire_camion,1,2,2,8,3
202400045171,2024-02-21 09:50:00,2024,2,21,9,50,93,93031,Avenue du 18 Juin 1940 / Rue de Paris,48.95457,2.307969,Plein jour,En agglomération,Intersection en X,Temps couvert,Deux véhicules - côté,3,3,4,0,1,1,1,0,1,-1,2,2,1,0,0,1,33.0,56.0,deux_roues,utilitaire_camion,1,2,2,8,3
202400045172,2024-05-09 17:00:00,2024,5,9,17,0,15,15219,RD 680,45.144394,2.509341,Plein jour,Hors agglomération,Hors intersection,Normale,Autre collision,3,2,2,0,2,2,1,0,1,90,1,1,0,0,0,1,25.0,,deux_roues,,1,1,1,1,6
202400045173,2024-07-17 15:46:00,2024,7,17,15,46,29,29042,rue de Goulien,48.244975,-4.510832,Plein jour,En agglomération,Intersection en X,Normale,Sans collision,4,2,2,0,1,1,1,0,1,50,1,1,0,0,0,1,17.0,,deux_roues,,1,2,2,1,7
202400045173,2024-07-17 15:46:00,2024,7,17,15,46,29,29042,rue de Goulien,48.244975,-4.510832,Plein jour,En agglomération,Intersection en X,Normale,Sans collision,4,2, -1,-1,1,1,1,0,1,-1,1,1,0,0,0,1,17.0,,deux_roues,,1,2,2,1,7
202400045174,2024-04-02 08:45:00,2024,4,2,8,45,34,34172,A709,43.59009,3.897893,Plein jour,Hors agglomération,Hors intersection,Normale,Trois véhicules et plus - collisions multiples,1,2,3,0,1,1,1,3,1,90,5,5,4,0,1,0,43.0,37.0,utilitaire_camion,deux_roues,1,1,1,1,5
202400045175,2024-01-08 18:00:00,2024,1,8,18,0,33,33318,,44.78793,-0.65547,Nuit avec éclairage allumé,En agglomération,Autre intersection,Normale,Autre collision,4,2,2,3,1,1,1,4,6,10,1,2,1,0,0,1,58.0,,transport_commun,,5,2,9,1,6
202400045176,2024-05-07 16:55:00,2024,5,7,16,55,35,35236,Rue Louis Guilloux,47.673331,-2.064781,Plein jour,En agglomération,Hors intersection,Normale,Deux véhicules - frontale,4,2,2,2,1,1,1,0,5,50,2,2,1,0,0,1,58.0,69.0,deux_roues,voiture,1,2,1,1,1
202400045177,2024-02-21 16:00:00,2024,2,21,16,0,93,93010,Avenue Galliéni / Chemin du Pont,48.907166,2.48891,Plein jour,En agglomération,Intersection en X,Pluie légère,Deux véhicules - côté,3,3,7,0,1,1,2,5,1,50,2,3,1,0,0,2,89.0,,voiture,voiture,1,2,2,2,3
202400045177,2024-02-21 16:00:00,2024,2,21,16,0,93,93010,Avenue Galliéni / Chemin du Pont,48.907166,2.48891,Plein jour,En agglomération,Intersection en X,Pluie légère,Deux véhicules - côté,3,2,4,2,2,1,2,0,1,30,2,3,1,0,0,2,89.0,,voiture,voiture,1,2,2,2,3