accident_id,datetime,annee,mois,jour,heure,minute,departement,commune_insee,adresse,latitude,longitude,luminosite,agglomeration,intersection,meteo,collision,catr,circ,nbv,vosp,prof,plan,surf,infra,situ,vma,nb_vehicules,nb_usagers,nb_indemnes,nb_tues,nb_blesses_hosp,nb_blesses_legers,age_cond_1,age_cond_2,veh_type_cond_1,veh_type_cond_2,lum_code,agg_code,int_code,atm_code,col_code
202400045178,2024-04-02 14:15:00,2024,4,2,14,15,69,69071,Route des Monts d'Or,45.87535473,4.83008039,Plein jour,En agglomération,Intersection en X,Normale,Deux véhicules - frontale,7,2,2,0,2,1,1,0,1,50,2,2,1,0,1,0,43.0,44.0,utilitaire_camion,deux_roues,1,2,2,1,1
202400045178,2024-04-02 14:15:00,2024,4,2,14,15,69,69071,Route des Monts d'Or,45.87535473,4.83008039,Plein jour,En agglomération,Intersection en X,Normale,Deux véhicules - frontale,7,2,2,0,2,1,1,0,1,30,2,2,1,0,1,0,43.0,44.0,utilitaire_camion,deux_roues,1,2,2,1,1
202400045179,2024-01-09 01:20:00,2024,1,9,1,20,27,27229,SAINT ANDRE (ROUTE DE),49.016,1.162,Nuit avec éclairage allumé,En agglomération,Hors intersection,Neige / grêle,Deux véhicules - arrière,4,3,0,0,2,1,5,0,1,50,2,3,1,0,0,2,21.0,22.0,voiture,voiture,5,2,1,4,2
202400045180,2024-02-20 16:30:00,2024,2,20,16,30,93,93007,Avenue Descartes / Rue Suzanne Bouquin,48.95009566,2.45900889,Plein jour,En agglomération,Intersection en T,Normale,Autre collision,3,2,2,0,1,1,1,9,1,30,1,2,1,0,0,1,23.0,,voiture,,1,2,3,1,6
202400045180,2024-02-20 16:30:00,2024,2,20,16,30,93,93007,Avenue Descartes / Rue Suzanne Bouquin,48.95009566,2.45900889,Plein jour,En agglomération,Intersection en T,Normale,Autre collision,3,1,2,0,1,1,1,0,1,-1,1,2,1,0,0,1,23.0,,voiture,,1,2,3,1,6
202400045181,2024-05-07 22:10:00,2024,5,7,22,10,01,01381,D70,46.048391,5.143699,Nuit sans éclairage public,Hors agglomération,Intersection en Y,Normale,Autre collision,3,2,2,0,1,1,2,0,3,80,1,3,0,0,1,2,57.0,,voiture,,3,1,4,1,6
202400045181,2024-05-07 22:10:00,2024,5,7,22,10,01,01381,D70,46.048391,5.143699,Nuit sans éclairage public,Hors agglomération,Intersection en Y,Normale,Autre collision,3,1,2,0,1,1,2,0,8,-1,1,3,0,0,1,2,57.0,,voiture,,3,1,4,1,6
202400045182,2024-07-16 16:15:00,2024,7,16,16,15,60,60352,D915,49.24016502,1.80199385,Plein jour,Hors agglomération,Hors intersection,Normale,Trois véhicules et plus - collisions multiples,3,2,2,0,1,1,1,0,1,80,4,9,1,1,3,4,51.0,34.0,voiture,voiture,1,1,1,1,5
202400045183,2024-03-31 13:45:00,2024,3,31,13,45,972,97230,Tartane,14.756623,-60.927558,Plein jour,Hors agglomération,Hors intersection,Normale,Autre collision,3,2,2,0,1,2,1,0,3,80,1,1,0,0,1,0,28.0,,deux_roues,,1,1,1,1,6
202400045184,2024-02-21 15:32:00,2024,2,21,15,32,92,92046,PIERRE LAROUSSE (AVENUE),48.82134785,2.30451697,Plein jour,En agglomération,Hors intersection,Pluie légère,Autre collision,3,2,2,0,1,1,2,0,1,30,1,2,1,0,0,1,,,utilitaire_camion,,1,2,1,2,6
202400045185,2024-01-08 13:55:00,2024,1,8,13,55,27,27229,VERNON (RUE DE),49.0300541,1.1623796,Plein jour,En agglomération,Hors intersection,Normale,Deux véhicules - côté,4,-1,2,0,1,1,1,0,1,50,2,2,1,0,0,1,43.0,28.0,utilitaire_camion,voiture,1,2,1,1,3
202400045186,2024-07-17 15:40:00,2024,7,17,15,40,80,80685,Rue Lavacquerie,49.69958,2.785925,Plein jour,En agglomération,Intersection en X,Normale,Deux véhicules - côté,3,2,2,0,1,1,1,0,1,50,2,2,1,0,0,1,19.0,34.0,deux_roues,utilitaire_camion,1,2,2,1,3
202400045186,2024-07-17 15:40:00,2024,7,17,15,40,80,80685,Rue Lavacquerie,49.69958,2.785925,Plein jour,En agglomération,Intersection en X,Normale,Deux véhicules - côté,3,1, -1,-1,1,1,1,0,1,-1,2,2,1,0,0,1,19.0,34.0,deux_roues,utilitaire_camion,1,2,2,1,3
202400045187,2024-04-01 03:39:00,2024,4,1,3,39,77,77094,N3,48.951666,2.766573,Nuit avec éclairage non allumé,Hors agglomération,Hors intersection,Normale,Autre collision,2,3,0,0,4,3,1,0,8,90,1,1,0,1,0,0,33.0,,voiture,,4,1,1,1,6
202400045188,2024-05-08 19:43:00,2024,5,8,19,43,973,97353,Rue de l?Itany,3.640048,-54.028959,Nuit avec éclairage non allumé,En agglomération,Hors intersection,Normale,Deux véhicules - frontale,4,2,2,0,1,1,1,0,1,50,2,4,0,0,3,1,41.0,16.0,deux_roues,deux_roues,4,2,1,1,1
202400045189,2024-02-20 02:20:00,2024,2,20,2,20,92,92072,DESMOULINS (RUE CAMILLE),48.8116871,2.21142679,Nuit avec éclairage allumé,En agglomération,Hors intersection,Normale,Sans collision,4,1,1,0,1,1,9,0,1,50,1,1,0,0,0,1,19.0,,deux_roues,,5,2,1,1,7
202400045190,2024-05-08 19:45:00,2024,5,8,19,45,22,22200,la Rompardais,48.495734,-2.308331,Crépuscule ou aube,Hors agglomération,Hors intersection,Normale,Sans collision,3,2,2,0,2,4,1,0,3,80,1,1,0,0,0,1,49.0,,deux_roues,,2,1,1,1,7
202400045191,2024-03-18 16:00:00,2024,3,18,16,0,30,30080,,44.30729,3.97125,Plein jour,Hors agglomération,Hors intersection,Normale,Sans collision,3,2,2,0,1,1,9,2,1,80,1,1,0,0,1,0,40.0,,utilitaire_camion,,1,1,1,1,7
202400045192,2024-06-14 17:00:00,2024,6,14,17,0,13,13202,TVPCD-Sens Les Ports vers Saint Victor,43.3,5.36588,Plein jour,Hors agglomération,Hors intersection,Normale,Deux véhicules - côté,1,1,2,0,1,1,1,1,1,50,2,2,1,0,0,1,24.0,54.0,voiture,deux_roues,1,1,1,1,3
202400045193,2024-01-08 19:10:00,2024,1,8,19,10,25,25056,DOLE RUE DE (entre 82 et 185),47.2285,5.98632,Nuit avec éclairage allumé,En agglomération,Intersection en T,Normale,Autre collision,4,2,3,2,3,1,1,5,1,50,1,2,1,0,1,0,69.0,,voiture,,5,2,3,1,6
202400045193,2024-01-08 19:10:00,2024,1,8,19,10,25,25056,DOLE RUE DE (entre 82 et 185),47.2285,5.98632,Nuit avec éclairage allumé,En agglomération,Intersection en T,Normale,Autre collision,4,2,2,-1,4,1,1,5,1,-1,1,2,1,0,1,0,69.0,,voiture,,5,2,3,1,6
202400045194,2024-02-20 23:25:00,2024,2,20,23,25,92,92063,HOPITAL STELL (BOULEVARD DE L'),48.87864549,2.18641779,Nuit avec éclairage allumé,En agglomération,Intersection en T,Normale,Deux véhicules - côté,3,2,4,0,2,1,1,0,1,50,2,2,1,0,0,1,62.0,30.0,deux_roues,voiture,5,2,3,1,3
202400045194,2024-02-20 23:25:00,2024,2,20,23,25,92,92063,HOPITAL STELL (BOULEVARD DE L'),48.87864549,2.18641779,Nuit avec éclairage allumé,En agglomération,Intersection en T,Normale,Deux véhicules - côté,3,2,4,0,2,1,1,0,1,50,2,2,1,0,0,1,62.0,30.0,deux_roues,voiture,5,2,3,1,3
202400045195,2024-05-09 14:25:00,2024,5,9,14,25,85,85040,Rue des vallées,46.62282,-0.90561,Plein jour,En agglomération,Hors intersection,Normale,Autre collision,4,2,2,0,1,1,1,0,1,50,1,2,0,0,1,1,20.0,,deux_roues,,1,2,1,1,6
202400045196,2024-07-16 07:35:00,2024,7,16,7,35,13,13213,A507 sens Marseille - Aubagne,43.32598,5.42156,Plein jour,En agglomération,Hors intersection,Normale,Trois véhicules et plus - en chaîne,1,1,2,0,2,1,1,1,1,70,4,4,3,0,0,1,27.0,20.0,voiture,voiture,1,2,1,1,4
202400045197,2024-05-09 17:05:00,2024,5,9,17,5,67,67478,route départementale 816,48.764322,7.416909,Plein jour,En agglomération,Hors intersection,Normale,Sans collision,3,2,2,1,2,2,1,2,5,50,1,1,0,1,0,0,70.0,,deux_roues,,1,2,1,1,7
202400045198,2024-04-02 09:00:00,2024,4,2,9,0,83,83065,D559,43.254139,6.574405,Plein jour,En agglomération,Intersection en T,Normale,Deux véhicules - côté,3,2,2,1,1,3,1,0,1,70,2,2,1,0,1,0,24.0,23.0,voiture,deux_roues,1,2,3,1,3
202400045198,2024-04-02 09:00:00,2024,4,2,9,0,83,83065,D559,43.254139,6.574405,Plein jour,En agglomération,Intersection en T,Normale,Deux véhicules - côté,3,2, -1,-1,1,1,1,0,1,-1,2,2,1,0,1,0,24.0,23.0,voiture,deux_roues,1,2,3,1,3
202400045199,2024-01-08 19:20:00,2024,1,8,19,20,25,25056,RN 1057 (CH. EPITAPHE-CH. MONTBOUCONS),47.25953836,6.00328355,Nuit sans éclairage public,Hors agglomération,Hors intersection,Normale,Autre collision,2,3,4,0,1,3,2,3,1,90,1,2,0,0,0,2,19.0,,voiture,,3,1,1,1,6
202400045200,2024-02-21 22:25:00,2024,2,21,22,25,92,92050,SURESNES RUE DE,48.88093401,2.21831381,Nuit avec éclairage allumé,En agglomération,Hors intersection,Pluie légère,Deux véhicules - côté,4,2,2,0,2,1,2,0,1,50,2,2,1,0,0,1,22.0,49.0,deux_roues,voiture,5,2,1,2,3
202400045201,2024-06-14 15:50:00,2024,6,14,15,50,69,69199,Autoroute 7,45.686693,4.846692,Plein jour,Hors agglomération,Hors intersection,Normale,Trois véhicules et plus - en chaîne,1,3,6,0,1,1,1,0,1,70,4,5,3,0,0,2,32.0,38.0,voiture,voiture,1,1,1,1,4
202400045202,2024-06-14 18:10:00,2024,6,14,18,10,33,33249,,44.87118,-0.5054,Plein jour,Hors agglomération,Hors intersection,Pluie légère,Sans collision,2,3,8,0,1,1,2,0,1,90,1,1,0,0,0,1,24.0,,deux_roues,,1,1,1,2,7
202400045203,2024-07-15 18:25:00,2024,7,15,18,25,13,13117,A7-Sens Lyon vers Marseille,43.42468796,5.26516861,Plein jour,Hors agglomération,Hors intersection,Normale,Deux véhicules - arrière,1,1,2,0,1,1,1,0,1,90,4,5,4,0,0,1,24.0,46.0,voiture,voiture,1,1,1,1,2
202400045204,2024-05-09 17:26:00,2024,5,9,17,26,60,60224,Ferme de Saint Ouen,49.134367,2.979022,Plein jour,Hors agglomération,Intersection en Y,Normale,Deux véhicules - frontale,4,2,2,0,1,3,1,0,1,80,2,6,0,0,1,5,22.0,37.0,voiture,voiture,1,1,4,1,1
202400045204,2024-05-09 17:26:00,2024,5,9,17,26,60,60224,Ferme de Saint Ouen,49.134367,2.979022,Plein jour,Hors agglomération,Intersection en Y,Normale,Deux véhicules - frontale,4,2, -1,-1,1,1,1,0,1,-1,2,6,0,0,1,5,22.0,37.0,voiture,voiture,1,1,4,1,1
202400045205,2024-04-01 22:30:00,2024,4,1,22,30,83,83004,Route Departementale Dn7,43.45073,6.495312,Nuit sans éclairage public,Hors agglomération,Hors intersection,Normale,Autre collision,3,2,2,0,1,1,1,0,1,90,1,5,4,1,0,0,20.0,,voiture,,3,1,1,1,6
202400045206,2024-02-21 18:30:00,2024,2,21,18,30,92,92044,VIC. HUGO(RUE)091A113 ET 112A146,48.89752558,2.29503947,Nuit avec éclairage allumé,En agglomération,Intersection en T,Pluie légère,Deux véhicules - côté,3,1,2,0,1,1,2,0,8,50,2,2,1,0,0,1,19.0,50.0,deux_roues,voiture,5,2,3,2,3
202400045206,2024-02-21 18:30:00,2024,2,21,18,30,92,92044,VIC. HUGO(RUE)091A113 ET 112A146,48.89752558,2.29503947,Nuit avec éclairage allumé,En agglomération,Intersection en T,Pluie légère,Deux véhicules - côté,3,2,2,3,1,1,2,9,6,50,2,2,1,0,0,1,19.0,50.0,deux_roues,voiture,5,2,3,2,3
202400045207,2024-01-08 11:10:00,2024,1,8,11,10,15,15014,Rue Gutenberg,44.915804,2.424187,Plein jour,En agglomération,Hors intersection,Normale,Deux véhicules - côté,4,-1,1,0,1,1,1,0,1,50,2,2,1,0,0,1,25.0,71.0,voiture,voiture,1,2,1,1,3
202400045208,2024-05-09 00:20:00,2024,5,9,0,20,23,23219,a20 - PR135+615 - Sud/Nord,46.223152,1.389256,Nuit sans éclairage public,Hors agglomération,Hors intersection,Normale,Autre collision,1,3,2,0,1,2,1,0,3,90,1,1,0,0,0,1,38.0,,utilitaire_camion,,3,1,1,1,6
202400045209,2024-02-21 22:15:00,2024,2,21,22,15,92,92040,PAIX (AVENUE DE LA),48.81775355,2.27306289,Nuit avec éclairage allumé,En agglomération,Hors intersection,Pluie légère,Autre collision,3,2,2,0,2,1,2,0,1,50,1,1,0,0,0,1,21.0,,voiture,,5,2,1,2,6
202400045210,2024-04-02 09:50:00,2024,4,2,9,50,52,52269,Avenue de la Collinière,47.869452,5.332704,Plein jour,En agglomération,Hors intersection,Temps couvert,Sans collision,2,2,3,0,2,2,2,0,4,30,1,1,0,0,1,0,58.0,,voiture,,1,2,1,8,7
202400045211,2024-07-15 07:55:00,2024,7,15,7,55,13,13081,A7-Sens Lyon vers Marseille,43.48878852,5.24036488,Plein jour,En agglomération,Hors intersection,Normale,Deux véhicules - côté,1,3,2,0,3,1,1,0,1,90,2,2,1,0,0,1,33.0,20.0,deux_roues,voiture,1,2,1,1,3
202400045212,2024-03-31 19:35:00,2024,3,31,19,35,57,57498,D57,49.322973,6.037567,Nuit sans éclairage public,Hors agglomération,Hors intersection,Pluie forte,Autre collision,3,2,0,0,2,1,2,0,8,90,1,1,0,0,1,0,54.0,,voiture,,3,1,1,3,6
202400045213,2024-06-14 18:00:00,2024,6,14,18,0,33,33075,,44.883354,-0.622611,Plein jour,Hors agglomération,Hors intersection,Pluie légère,Deux véhicules - côté,1,3,6,0,1,1,2,0,1,90,2,5,4,0,0,1,55.0,27.0,deux_roues,voiture,1,1,1,2,3
202400045214,2024-02-21 21:45:00,2024,2,21,21,45,92,92012,REPUBLIQUE (BOULEVARD DE LA) 5/77BIS - 6,48.83085881,2.25804234,Nuit avec éclairage allumé,En agglomération,Intersection en X,Pluie légère,Autre collision,3,3,4,0,2,3,2,9,1,50,1,1,0,0,0,1,53.0,,deux_roues,,5,2,2,2,6
202400045214,2024-02-21 21:45:00,2024,2,21,21,45,92,92012,REPUBLIQUE (BOULEVARD DE LA) 5/77BIS - 6,48.83085881,2.25804234,Nuit avec éclairage allumé,En agglomération,Intersection en X,Pluie légère,Autre collision,3,3,3,0,1,3,2,9,1,50,1,1,0,0,0,1,53.0,,deux_roues,,5,2,2,2,6
202400045215,2024-05-09 17:20:00,2024,5,9,17,20,83,83054,Route de la Crau,43.157938,6.065907,Plein jour,Hors agglomération,Hors intersection,Normale,Autre collision,3,2,2,2,1,1,1,0,1,90,1,2,1,0,1,0,94.0,,voiture,,1,1,1,1,6
202400045216,2024-01-08 10:55:00,2024,1,8,10,55,15,15012,RD 920,44.86592,2.44796,Plein jour,Hors agglomération,Hors intersection,Normale,Deux véhicules - arrière,3,2,3,0,2,1,1,0,1,90,2,2,1,0,0,1,66.0,36.0,voiture,utilitaire_camion,1,1,1,1,2
202400045217,2024-07-15 20:40:00,2024,7,15,20,40,94,94034,A6B,48.75573207,2.33422362,Plein jour,Hors agglomération,Hors intersection,Normale,Deux véhicules - arrière,1,1,2,0,1,1,1,0,1,110,2,2,1,0,0,1,35.0,,utilitaire_camion,utilitaire_camion,1,1,1,1,2
202400045218,2024-06-12 16:30:00,2024,6,12,16,30,59,59646,ROUTE METROPOLITAINE 656,50.68858,3.13867,Plein jour,Hors agglomération,Hors intersection,Normale,Sans collision,7,3,4,0,1,3,1,0,1,70,1,1,0,0,0,1,54.0,,deux_roues,,1,1,1,1,7
202400045219,2024-03-23 15:55:00,2024,3,23,15,55,38,38474,D531,45.217829,5.640224,Plein jour,Hors agglomération,Hors intersection,Normale,Deux véhicules - frontale,7,2,2,0,2,1,1,0,1,80,2,3,2,0,1,0,56.0,64.0,voiture,voiture,1,1,1,1,1
202400045220,2024-05-08 16:45:00,2024,5,8,16,45,57,57241,D27,48.78470986,6.9338949,Plein jour,Hors agglomération,Autre intersection,Normale,Deux véhicules - côté,3,2,2,0,1,1,1,0,1,70,2,3,2,0,0,1,58.0,35.0,deux_roues,voiture,1,1,9,1,3
202400045221,2024-02-21 20:25:00,2024,2,21,20,25,92,92007,PASTEUR (RUE),48.80202961,2.31873393,Nuit avec éclairage allumé,En agglomération,Intersection en X,Pluie légère,Autre collision,4,2,2,2,1,1,2,0,1,50,1,2,1,0,0,1,30.0,,voiture,,5,2,2,2,6
202400045221,2024-02-21 20:25:00,2024,2,21,20,25,92,92007,PASTEUR (RUE),48.80202961,2.31873393,Nuit avec éclairage allumé,En agglomération,Intersection en X,Pluie légère,Autre collision,4,2,2,0,1,1,2,0,1,50,1,2,1,0,0,1,30.0,,voiture,,5,2,2,2,6
202400045222,2024-01-08 23:35:00,2024,1,8,23,35,13,13001,CHASTEL (RUE),43.52886,5.45176,Nuit avec éclairage allumé,En agglomération,Intersection en T,Normale,Deux véhicules - côté,4,1,1,0,1,1,1,0,1,30,2,2,1,0,0,1,38.0,31.0,deux_roues,voiture,5,2,3,1,3
202400045222,2024-01-08 23:35:00,2024,1,8,23,35,13,13001,CHASTEL (RUE),43.52886,5.45176,Nuit avec éclairage allumé,En agglomération,Intersection en T,Normale,Deux véhicules - côté,4,1,1,0,1,1,1,0,1,30,2,2,1,0,0,1,38.0,31.0,deux_roues,voiture,5,2,3,1,3
202400045223,2024-07-16 13:47:00,2024,7,16,13,47,92,92036,A86,48.93619323,2.28826548,Plein jour,Hors agglomération,Hors intersection,Normale,Deux véhicules - côté,1,1,4,0,1,1,1,0,1,90,2,2,1,0,0,1,38.0,32.0,deux_roues,utilitaire_camion,1,1,1,1,3
202400045224,2024-01-07 17:00:00,2024,1,7,17,0,11,11069,,43.23549,2.36609,Crépuscule ou aube,En agglomération,Autre intersection,Pluie légère,Sans collision,4,1,1,0,1,1,2,0,8,50,1,1,0,0,0,1,28.0,,voiture,,2,2,9,2,7
202400045225,2024-05-09 01:07:00,2024,5,9,1,7,51,51365,23 Rue de Reims,49.222424,3.963323,Nuit avec éclairage allumé,En agglomération,Hors intersection,Normale,Deux véhicules - arrière,4,2,2,0,1,1,1,0,1,50,2,2,1,0,0,1,43.0,,utilitaire_camion,,5,2,1,1,2
202400045226,2024-04-02 14:30:00,2024,4,2,14,30,26,26082,Chemin des Liotards,44.328532,5.161593,Plein jour,Hors agglomération,Hors intersection,Normale,Autre collision,4,2,2,0,2,1,1,0,1,50,2,2,1,0,1,0,43.0,52.0,utilitaire_camion,voiture,1,1,1,1,6
202400045227,2024-06-14 14:30:00,2024,6,14,14,30,91,91179,AUTOROUTE A6,48.5678723,2.47221746,Plein jour,Hors agglomération,Hors intersection,Normale,Trois véhicules et plus - en chaîne,1,3,3,0,1,1,1,0,1,110,3,3,1,0,0,2,50.0,22.0,voiture,voiture,1,1,1,1,4
202400045228,2024-02-20 09:10:00,2024,2,20,9,10,92,92036,BAS ( RUE DES ),48.92046,2.28842,Plein jour,En agglomération,Intersection en X,Normale,Deux véhicules - côté,3,3,5,0,1,1,1,0,1,50,2,2,1,0,0,1,80.0,23.0,voiture,deux_roues,1,2,2,1,3
202400045228,2024-02-20 09:10:00,2024,2,20,9,10,92,92036,BAS ( RUE DES ),48.92046,2.28842,Plein jour,En agglomération,Intersection en X,Normale,Deux véhicules - côté,3,1,1,0,1,1,1,0,1,50,2,2,1,0,0,1,80.0,23.0,voiture,deux_roues,1,2,2,1,3
202400045229,2024-01-04 18:20:00,2024,1,4,18,20,06,06155,Avenue du Général de Gaulle,43.5813846,7.0596724,Plein jour,En agglomération,Intersection en T,Normale,Deux véhicules - côté,3,2,2,0,2,1,1,0,1,50,2,2,1,0,1,0,83.0,75.0,voiture,deux_roues,1,2,3,1,3
202400045229,2024-01-04 18:20:00,2024,1,4,18,20,06,06155,Avenue du Général de Gaulle,43.5813846,7.0596724,Plein jour,En agglomération,Intersection en T,Normale,Deux véhicules - côté,3,2,2,0,1,1,1,0,1,50,2,2,1,0,1,0,83.0,75.0,voiture,deux_roues,1,2,3,1,3
202400045230,2024-07-16 09:00:00,2024,7,16,9,0,92,92025,A86,48.91903976,2.22360689,Plein jour,Hors agglomération,Hors intersection,Normale,Deux véhicules - côté,1,3,4,0,1,1,1,0,8,110,2,2,1,0,0,1,31.0,22.0,utilitaire_camion,deux_roues,1,1,1,1,3
202400045231,2024-03-28 17:40:00,2024,3,28,17,40,01,01249,Route de Strasbourg,45.866293,4.912541,Plein jour,En agglomération,Hors intersection,Normale,Sans collision,3,2,2,0,1,1,1,0,1,50,1,1,0,0,0,1,24.0,,deux_roues,,1,2,1,1,7
202400045232,2024-05-09 07:55:00,2024,5,9,7,55,19,19066,Route De La Dalbre,45.16006,1.273411,Plein jour,En agglomération,Hors intersection,Normale,Autre collision,4,2,2,0,1,3,1,0,3,50,1,3,2,0,1,0,18.0,,voiture,,1,2,1,1,6
202400045233,2024-06-14 07:48:00,2024,6,14,7,48,92,92019,RN 385,48.76065654,2.28429441,Plein jour,Hors agglomération,Hors intersection,Normale,Deux véhicules - arrière,2,1,4,0,1,1,1,0,1,90,2,2,1,0,0,1,23.0,42.0,deux_roues,utilitaire_camion,1,1,1,1,2
202400045234,2024-01-29 14:25:00,2024,1,29,14,25,60,60490,Rue de Beauvais,49.473018,1.979352,Plein jour,En agglomération,Intersection en X,Normale,Deux véhicules - côté,4,2,2,0,1,1,1,0,1,50,2,2,1,0,0,1,50.0,23.0,voiture,utilitaire_camion,1,2,2,1,3
202400045234,2024-01-29 14:25:00,2024,1,29,14,25,60,60490,Rue de Beauvais,49.473018,1.979352,Plein jour,En agglomération,Intersection en X,Normale,Deux véhicules - côté,4,2, -1,-1,1,1,1,0,1,-1,2,2,1,0,0,1,50.0,23.0,voiture,utilitaire_camion,1,2,2,1,3
202400045235,2024-03-31 17:30:00,2024,3,31,17,30,86,86269,D39,47.029353,-0.029363,Plein jour,Hors agglomération,Hors intersection,Normale,Autre collision,3,2,2,0,1,1,1,9,3,80,1,3,2,0,1,0,20.0,,voiture,,1,1,1,1,6
202400045236,2024-01-03 23:15:00,2024,1,3,23,15,04,04112,DELATTRE DE TASSIGNY (AV. MAL.),43.82373,5.79063,Nuit avec éclairage allumé,En agglomération,Intersection en T,Normale,Autre collision,4,2,2,0,2,1,1,0,4,50,1,3,1,0,1,1,23.0,,voiture,,5,2,3,1,6
202400045236,2024-01-03 23:15:00,2024,1,3,23,15,04,04112,DELATTRE DE TASSIGNY (AV. MAL.),43.82373,5.79063,Nuit avec éclairage allumé,En agglomération,Intersection en T,Normale,Autre collision,4,2,1,0,1,1,1,0,8,50,1,3,1,0,1,1,23.0,,voiture,,5,2,3,1,6
202400045237,2024-05-08 12:15:00,2024,5,8,12,15,56,56047,Le Salut,48.060048,-2.795098,Plein jour,Hors agglomération,Intersection en X,Normale,Deux véhicules - côté,3,2,2,0,1,1,1,0,1,80,2,4,2,0,0,2,74.0,39.0,voiture,deux_roues,1,1,2,1,3
202400045237,2024-05-08 12:15:00,2024,5,8,12,15,56,56047,Le Salut,48.060048,-2.795098,Plein jour,Hors agglomération,Intersection en X,Normale,Deux véhicules - côté,3,2,2,-1,1,1,1,0,1,-1,2,4,2,0,0,2,74.0,39.0,voiture,deux_roues,1,1,2,1,3
202400045238,2024-07-15 16:45:00,2024,7,15,16,45,92,92050,A86,48.90436768,2.20775199,Plein jour,Hors agglomération,Hors intersection,Normale,Trois véhicules et plus - en chaîne,1,2,4,0,1,1,1,0,1,70,3,3,2,0,0,1,23.0,25.0,voiture,deux_roues,1,1,1,1,4
202400045239,2024-02-22 13:05:00,2024,2,22,13,5,02,02370,A26,49.961367,3.199607,Plein jour,Hors agglomération,Hors intersection,Pluie légère,Sans collision,1,1,2,0,1,1,2,0,3,130,1,1,0,0,0,1,39.0,,utilitaire_camion,,1,1,1,2,7
202400045240,2024-06-14 08:43:00,2024,6,14,8,43,91,91235,RN 104,48.62511,2.36151,Plein jour,Hors agglomération,Hors intersection,Temps couvert,Deux véhicules - arrière,2,3,2,0,1,1,1,0,1,110,2,2,1,0,0,1,20.0,35.0,deux_roues,voiture,1,1,1,8,2
202400045241,2024-04-02 13:24:00,2024,4,2,13,24,72,72154,16 Boulevard de la Petite Vitesse,47.688994,-0.074294,Plein jour,En agglomération,Hors intersection,Normale,Autre collision,4,2,2,0,1,1,2,0,1,50,1,2,1,0,1,0,56.0,,voiture,,1,2,1,1,6
202400045242,2024-01-06 13:20:00,2024,1,6,13,20,02,02212,,49.644521,3.264924,Plein jour,Hors agglomération,Hors intersection,Pluie légère,Deux véhicules - côté,3,2,2,0,1,1,2,0,1,50,2,2,0,0,0,2,38.0,34.0,voiture,voiture,1,1,1,2,3
202400045243,2024-05-08 11:15:00,2024,5,8,11,15,76,76254,Route de Bénouville,49.709669,0.217248,Plein jour,Hors agglomération,Hors intersection,Normale,Deux véhicules - arrière,3,2,2,0,1,1,1,0,1,-1,2,2,1,0,1,0,21.0,61.0,voiture,deux_roues,1,1,1,1,2
202400045244,2024-05-14 01:20:00,2024,5,14,1,20,94,94038,A6B,48.78431731,2.34694866,Nuit sans éclairage public,Hors agglomération,Hors intersection,Pluie légère,Autre collision,1,3,2,0,1,2,2,0,1,90,1,1,0,0,0,1,38.0,,voiture,,3,1,1,2,6
202400045245,2024-07-16 17:25:00,2024,7,16,17,25,93,93005,AUTOROUTE A3,48.95598293,2.47342937,Plein jour,Hors agglomération,Hors intersection,Normale,Deux véhicules - arrière,1,-1,1,0,1,1,1,0,1,70,2,2,1,0,0,1,48.0,44.0,voiture,voiture,1,1,1,1,2
202400045246,2024-01-08 08:20:00,2024,1,8,8,20,75,75120,BOULEVARD DAVOUT,48.857757,2.409747,Plein jour,En agglomération,Hors intersection,Normale,Autre collision,4,1,2,0,1,1,1,0,1,30,1,2,1,0,0,1,33.0,,deux_roues,,1,2,1,1,6
202400045247,2024-05-08 11:15:00,2024,5,8,11,15,65,65258,Rue des Résistants,43.110942,0.385185,Plein jour,En agglomération,Hors intersection,Normale,Deux véhicules - arrière,3,2,2,0,1,1,1,0,1,50,2,2,0,0,0,2,40.0,22.0,voiture,voiture,1,2,1,1,2
202400045248,2024-02-21 17:50:00,2024,2,21,17,50,40,40065,Boulevard du Docteur Junqua,43.644057,-1.432986,Plein jour,En agglomération,Intersection en T,Normale,Deux véhicules - arrière,4,2,2,2,1,1,1,2,1,50,2,2,1,1,0,0,23.0,46.0,utilitaire_camion,deux_roues,1,2,3,1,2
202400045248,2024-02-21 17:50:00,2024,2,21,17,50,40,40065,Boulevard du Docteur Junqua,43.644057,-1.432986,Plein jour,En agglomération,Intersection en T,Normale,Deux véhicules - arrière,4,2, -1,-1,3,1,1,0,1,50,2,2,1,1,0,0,23.0,46.0,utilitaire_camion,deux_roues,1,2,3,1,2
202400045249,2024-06-14 12:30:00,2024,6,14,12,30,78,78551,A14,48.909946,2.080549,Plein jour,Hors agglomération,Hors intersection,Normale,Sans collision,1,1,2,0,1,1,1,1,1,90,1,1,0,0,0,1,41.0,,voiture,,1,1,1,1,7
202400045250,2024-04-01 08:20:00,2024,4,1,8,20,72,72154,Boulevard Gambetta,47.699004,-0.084522,Plein jour,En agglomération,Intersection en T,Normale,Autre collision,4,1,1,0,1,2,1,0,1,50,1,2,1,0,1,0,78.0,,voiture,,1,2,3,1,6
202400045250,2024-04-01 08:20:00,2024,4,1,8,20,72,72154,Boulevard Gambetta,47.699004,-0.084522,Plein jour,En agglomération,Intersection en T,Normale,Autre collision,4,2, -1,0,1,1,1,0,1,50,1,2,1,0,1,0,78.0,,voiture,,1,2,3,1,6