accident_id,datetime,annee,mois,jour,heure,minute,departement,commune_insee,adresse,latitude,longitude,luminosite,agglomeration,intersection,meteo,collision,catr,circ,nbv,vosp,prof,plan,surf,infra,situ,vma,nb_vehicules,nb_usagers,nb_indemnes,nb_tues,nb_blesses_hosp,nb_blesses_legers,age_cond_1,age_cond_2,veh_type_cond_1,veh_type_cond_2,lum_code,agg_code,int_code,atm_code,col_code
202400045251,2024-07-16 14:15:00,2024,7,16,14,15,95,95572,N184,49.04873929,2.13590766,Plein jour,Hors agglomération,Hors intersection,Normale,Deux véhicules - arrière,2,3,2,0,1,1,1,0,1,90,2,2,1,0,1,0,30.0,51.0,utilitaire_camion,transport_commun,1,1,1,1,2
202400045252,2024-05-08 15:30:00,2024,5,8,15,30,81,81253,1231 Route de Sérénac,43.9413632,2.2440339,Plein jour,En agglomération,Hors intersection,Normale,Autre collision,3,2,2,0,1,2,1,0,8,50,1,1,0,0,1,0,42.0,,voiture,,1,2,1,1,6
202400045253,2024-01-08 19:38:00,2024,1,8,19,38,75,75118,RUE VAUVENARGUES,48.895968,2.330882,Crépuscule ou aube,En agglomération,Intersection en X,Normale,Deux véhicules - frontale,4,1,2,0,1,1,1,0,1,30,2,2,1,0,0,1,21.0,51.0,voiture,deux_roues,2,2,2,1,1
202400045253,2024-01-08 19:38:00,2024,1,8,19,38,75,75118,RUE VAUVENARGUES,48.895968,2.330882,Crépuscule ou aube,En agglomération,Intersection en X,Normale,Deux véhicules - frontale,4,1,2,0,1,1,1,0,1,30,2,2,1,0,0,1,21.0,51.0,voiture,deux_roues,2,2,2,1,1
202400045254,2024-02-21 17:30:00,2024,2,21,17,30,33,33066,,44.573767,-0.008347,Plein jour,Hors agglomération,Hors intersection,Normale,Deux véhicules - côté,3,2,2,0,1,3,1,0,1,50,2,2,0,0,0,2,29.0,37.0,deux_roues,deux_roues,1,1,1,1,3
202400045255,2024-04-01 16:50:00,2024,4,1,16,50,60,60259,RD 49,49.204266,2.267926,Plein jour,Hors agglomération,Hors intersection,Normale,Deux véhicules - frontale,3,2,2,0,1,1,1,0,1,-1,2,3,1,0,2,0,19.0,30.0,voiture,voiture,1,1,1,1,1
202400045256,2024-08-23 12:35:00,2024,8,23,12,35,29,29233,Lieu Dit Faudelias,47.83335059,-3.58067408,Plein jour,Hors agglomération,Hors intersection,Pluie légère,Autre collision,3,2,2,0,1,2,2,0,1,80,1,2,0,0,0,2,24.0,,utilitaire_camion,,1,1,1,2,6
202400045257,2024-06-13 17:30:00,2024,6,13,17,30,78,78118,A13,48.985822,1.669898,Plein jour,Hors agglomération,Hors intersection,Normale,Trois véhicules et plus - en chaîne,1,1,3,0,1,1,1,0,1,110,3,3,1,0,0,2,27.0,32.0,voiture,voiture,1,1,1,1,4
202400045258,2024-07-16 09:35:00,2024,7,16,9,35,93,93066,AUTOROUTE A1,48.93169402,2.37001953,Plein jour,Hors agglomération,Hors intersection,Normale,Trois véhicules et plus - collisions multiples,1,3,4,0,1,1,1,0,1,90,3,3,2,0,0,1,45.0,47.0,deux_roues,voiture,1,1,1,1,5
202400045259,2024-01-08 22:15:00,2024,1,8,22,15,75,75117,AVENUE DE WAGRAM,48.87586018,2.29655564,Nuit avec éclairage allumé,En agglomération,Intersection en T,Neige / grêle,Deux véhicules - côté,4,2,6,2,2,1,2,0,5,30,2,2,1,0,0,1,,34.0,voiture,deux_roues,5,2,3,4,3
202400045259,2024-01-08 22:15:00,2024,1,8,22,15,75,75117,AVENUE DE WAGRAM,48.87586018,2.29655564,Nuit avec éclairage allumé,En agglomération,Intersection en T,Neige / grêle,Deux véhicules - côté,4,1, -1,-1,1,1,2,0,5,30,2,2,1,0,0,1,,34.0,voiture,deux_roues,5,2,3,4,3
202400045260,2024-04-01 01:50:00,2024,4,1,1,50,91,91617,RN6 PROVINCE / RN104 INT,48.63109,2.513751,Nuit sans éclairage public,Hors agglomération,Hors intersection,Normale,Autre collision,2,1,2,0,2,3,1,0,8,110,1,1,0,0,0,1,25.0,,voiture,,3,1,1,1,6
202400045261,2024-02-21 21:30:00,2024,2,21,21,30,49,49092,D160,47.172554,-0.750407,Nuit sans éclairage public,Hors agglomération,Hors intersection,Pluie forte,Deux véhicules - frontale,3,2,2,0,1,1,2,0,1,90,2,2,0,1,1,0,51.0,58.0,voiture,deux_roues,3,1,1,3,1
202400045262,2024-06-13 05:13:00,2024,6,13,5,13,92,92063,A86 DUPLEX,48.87145721,2.15725697,Plein jour,Hors agglomération,Hors intersection,Normale,Autre collision,1,1,2,0,1,3,1,1,1,50,1,1,0,0,0,1,21.0,,voiture,,1,1,1,1,6
202400045263,2024-05-08 10:50:00,2024,5,8,10,50,32,32285,Intersection D34 et D943,43.580313,0.321844,Plein jour,Hors agglomération,Intersection en X,Normale,Trois véhicules et plus - en chaîne,3,2,2,0,1,1,1,5,1,80,3,4,0,0,1,3,53.0,75.0,autre,voiture,1,1,2,1,4
202400045263,2024-05-08 10:50:00,2024,5,8,10,50,32,32285,Intersection D34 et D943,43.580313,0.321844,Plein jour,Hors agglomération,Intersection en X,Normale,Trois véhicules et plus - en chaîne,3,2, -1,-1,1,1,1,0,1,80,3,4,0,0,1,3,53.0,75.0,autre,voiture,1,1,2,1,4
202400045264,2024-07-16 08:45:00,2024,7,16,8,45,95,95241,N104,49.04659244,2.43907622,Plein jour,Hors agglomération,Hors intersection,Normale,Deux véhicules - arrière,2,3,2,0,1,1,1,0,1,110,2,2,1,0,0,1,68.0,24.0,voiture,voiture,1,1,1,1,2
202400045265,2024-08-23 13:30:00,2024,8,23,13,30,2B,2B223,T30,42.550871,9.176438,Plein jour,Hors agglomération,Hors intersection,Normale,Deux véhicules - frontale,2,2,2,0,2,1,1,0,1,80,2,3,0,0,3,0,32.0,20.0,voiture,voiture,1,1,1,1,1
202400045266,2024-04-01 08:50:00,2024,4,1,8,50,78,78043,A13W,48.850537,2.068444,Plein jour,Hors agglomération,Hors intersection,Normale,Autre collision,1,1,2,0,1,1,1,0,1,110,1,1,0,0,0,1,30.0,,voiture,,1,1,1,1,6
202400045267,2024-01-08 19:50:00,2024,1,8,19,50,75,75117,AVENUE PAUL ADAM,48.887307,2.297307,Nuit avec éclairage allumé,En agglomération,Intersection en X,Normale,Sans collision,4,1,1,1,1,1,1,0,5,30,1,1,0,0,0,1,31.0,,deux_roues,,5,2,2,1,7
202400045267,2024-01-08 19:50:00,2024,1,8,19,50,75,75117,AVENUE PAUL ADAM,48.887307,2.297307,Nuit avec éclairage allumé,En agglomération,Intersection en X,Normale,Sans collision,4,1, -1,0,1,1,1,0,1,30,1,1,0,0,0,1,31.0,,deux_roues,,5,2,2,1,7
202400045268,2024-06-13 03:15:00,2024,6,13,3,15,78,78043,A12 W,48.834244,2.086598,Nuit sans éclairage public,Hors agglomération,Hors intersection,Normale,Autre collision,1,1,4,3,1,1,1,0,1,110,1,1,0,0,0,1,33.0,,voiture,,3,1,1,1,6
202400045269,2024-02-21 14:30:00,2024,2,21,14,30,22,22225,"RN12, SENS RENNES-BREST, PR 86+600",48.551895,-3.116925,Plein jour,Hors agglomération,Hors intersection,Pluie forte,Deux véhicules - arrière,2,3,2,0,1,1,2,0,1,100,2,3,2,0,1,0,66.0,60.0,voiture,voiture,1,1,1,3,2
202400045270,2024-04-25 22:09:00,2024,4,25,22,9,71,71056,Route de Montret,46.649337,5.167356,Nuit avec éclairage allumé,Hors agglomération,Intersection en X,Normale,Deux véhicules - côté,3,2,2,0,1,1,1,0,1,90,2,2,1,0,0,1,76.0,31.0,voiture,voiture,5,1,2,1,3
202400045270,2024-04-25 22:09:00,2024,4,25,22,9,71,71056,Route de Montret,46.649337,5.167356,Nuit avec éclairage allumé,Hors agglomération,Intersection en X,Normale,Deux véhicules - côté,3,2,2,0,1,1,1,0,1,80,2,2,1,0,0,1,76.0,31.0,voiture,voiture,5,1,2,1,3
202400045271,2024-08-22 19:00:00,2024,8,22,19,0,05,05065,Rue de Torre Pellice,44.660755,6.650317,Plein jour,En agglomération,Intersection en T,Normale,Autre collision,4,2,2,0,2,1,1,0,1,30,1,2,1,0,0,1,61.0,,voiture,,1,2,3,1,6
202400045272,2024-07-15 22:35:00,2024,7,15,22,35,93,93029,AUTOROUTE A86,48.92596547,2.42335758,Nuit avec éclairage non allumé,Hors agglomération,Hors intersection,Normale,Autre collision,1,3,3,0,1,2,1,0,1,90,1,4,1,0,0,3,19.0,,voiture,,4,1,1,1,6
202400045273,2024-06-14 04:30:00,2024,6,14,4,30,93,93027,A16,48.92769196,2.40337584,Nuit sans éclairage public,Hors agglomération,Hors intersection,Normale,Autre collision,1,-1,4,0,2,2,2,0,1,70,1,1,0,0,0,1,25.0,,voiture,,3,1,1,1,6
202400045274,2024-04-01 01:40:00,2024,4,1,1,40,78,78206,A13,48.949173,1.945121,Nuit sans éclairage public,Hors agglomération,Hors intersection,Normale,Deux véhicules - arrière,1,1,2,0,1,1,1,0,1,110,2,4,0,0,0,4,34.0,52.0,voiture,voiture,3,1,1,1,2
202400045275,2024-01-08 14:20:00,2024,1,8,14,20,75,75117,AVENUE DE LA PORTE D ASNIERES,48.891066,2.302545,Plein jour,En agglomération,Intersection en X,Normale,Autre collision,4,2,6,0,1,1,1,0,1,30,1,2,1,0,1,0,27.0,,utilitaire_camion,,1,2,2,1,6
202400045275,2024-01-08 14:20:00,2024,1,8,14,20,75,75117,AVENUE DE LA PORTE D ASNIERES,48.891066,2.302545,Plein jour,En agglomération,Intersection en X,Normale,Autre collision,4,1, -1,0,1,1,1,0,1,30,1,2,1,0,1,0,27.0,,utilitaire_camion,,1,2,2,1,6
202400045276,2024-02-01 20:30:00,2024,2,1,20,30,44,44071,Route du pont de l’ouen,47.19214,-1.39815,Nuit sans éclairage public,Hors agglomération,Hors intersection,Normale,Deux véhicules - côté,3,2,2,0,1,3,1,0,1,-1,2,2,1,0,1,0,32.0,56.0,voiture,deux_roues,3,1,1,1,3
202400045277,2024-03-21 18:15:00,2024,3,21,18,15,44,44190,140 Rue de la Jaunaie,47.19414532,-1.49790918,Crépuscule ou aube,En agglomération,Hors intersection,Temps couvert,Autre collision,4,2,2,0,1,1,1,0,1,50,1,1,0,0,0,1,25.0,,voiture,,2,2,1,8,6
202400045278,2024-05-08 20:20:00,2024,5,8,20,20,63,63381,D941,45.83492814,2.865794,Plein jour,Hors agglomération,Hors intersection,Normale,Deux véhicules - côté,3,2,3,0,1,1,1,0,1,90,2,4,3,0,1,0,28.0,57.0,voiture,voiture,1,1,1,1,3
202400045279,2024-06-13 19:15:00,2024,6,13,19,15,93,93008,A86,48.90615841,2.46109169,Plein jour,Hors agglomération,Hors intersection,Normale,Deux véhicules - côté,1,1,2,0,2,3,1,0,1,60,2,2,1,0,1,0,,45.0,voiture,deux_roues,1,1,1,1,3
202400045280,2024-07-15 21:00:00,2024,7,15,21,0,95,95527,A1,49.02172295,2.53461784,Plein jour,Hors agglomération,Hors intersection,Normale,Deux véhicules - arrière,1,3,3,0,1,1,1,0,1,110,2,5,2,0,0,3,22.0,19.0,voiture,voiture,1,1,1,1,2
202400045281,2024-08-22 22:40:00,2024,8,22,22,40,68,68063,Rue Raymond Poincare,47.806641,7.175403,Nuit avec éclairage allumé,En agglomération,Intersection en X,Normale,Deux véhicules - frontale,3,2,2,0,1,1,1,5,1,50,2,2,1,0,0,1,23.0,18.0,voiture,deux_roues,5,2,2,1,1
202400045281,2024-08-22 22:40:00,2024,8,22,22,40,68,68063,Rue Raymond Poincare,47.806641,7.175403,Nuit avec éclairage allumé,En agglomération,Intersection en X,Normale,Deux véhicules - frontale,3,2,2,-1,1,1,1,0,1,-1,2,2,1,0,0,1,23.0,18.0,voiture,deux_roues,5,2,2,1,1
202400045282,2024-03-21 23:10:00,2024,3,21,23,10,44,44143,Place François Mitterrand,47.1845069,-1.55965079,Nuit avec éclairage allumé,En agglomération,Hors intersection,Temps couvert,Sans collision,4,1,1,0,1,1,1,0,1,30,1,1,0,0,0,1,22.0,,deux_roues,,5,2,1,8,7
202400045283,2024-01-08 18:20:00,2024,1,8,18,20,75,75116,AVENUE MARCEAU,48.866518,2.299536,Nuit avec éclairage allumé,En agglomération,Intersection en T,Normale,Deux véhicules - côté,4,2,3,3,1,1,1,0,1,30,2,2,1,0,0,1,42.0,33.0,voiture,deux_roues,5,2,3,1,3
202400045283,2024-01-08 18:20:00,2024,1,8,18,20,75,75116,AVENUE MARCEAU,48.866518,2.299536,Nuit avec éclairage allumé,En agglomération,Intersection en T,Normale,Deux véhicules - côté,4,1, -1,0,1,1,1,0,-1,30,2,2,1,0,0,1,42.0,33.0,voiture,deux_roues,5,2,3,1,3
202400045284,2024-05-08 21:37:00,2024,5,8,21,37,86,86020,Route des Mées,46.646026,0.594689,Nuit sans éclairage public,Hors agglomération,Hors intersection,Normale,Deux véhicules - frontale,4,2,2,0,2,1,1,0,1,50,2,3,1,0,1,1,20.0,66.0,deux_roues,voiture,3,1,1,1,1
202400045285,2024-02-22 13:40:00,2024,2,22,13,40,51,51391,rn31,49.273111,3.886843,Plein jour,Hors agglomération,Hors intersection,Pluie forte,Deux véhicules - frontale,2,2,2,0,1,1,2,0,1,70,2,3,2,0,1,0,21.0,40.0,utilitaire_camion,voiture,1,1,1,3,1
202400045286,2024-06-12 02:20:00,2024,6,12,2,20,974,97411,QUATRE VOIES GILLOT (ROUTE A),-20.8964,55.5046,Nuit avec éclairage non allumé,Hors agglomération,Hors intersection,Pluie légère,Autre collision,2,3,4,0,1,2,2,2,1,80,1,2,1,0,0,1,27.0,,voiture,,4,1,1,2,6
202400045287,2024-03-19 08:56:00,2024,3,19,8,56,44,44109,2 Rue de Madrid,47.21416308,-1.53212206,Plein jour,En agglomération,Hors intersection,Temps couvert,Autre collision,4,2,2,0,1,1,1,0,1,30,1,2,1,0,0,1,25.0,,voiture,,1,2,1,8,6
202400045288,2024-01-08 13:30:00,2024,1,8,13,30,75,75116,ALLEE DE LA REINE MARGUERITE,48.851556,2.241757,Plein jour,En agglomération,Hors intersection,Neige / grêle,Deux véhicules - arrière,4,2,2,0,1,1,2,0,1,30,2,2,1,0,0,1,54.0,58.0,utilitaire_camion,voiture,1,2,1,4,2
202400045289,2024-07-15 19:20:00,2024,7,15,19,20,93,93064,AUTOROUTE A86,48.88296254,2.47079958,Plein jour,Hors agglomération,Hors intersection,Normale,Deux véhicules - côté,1,1,2,0,2,2,1,0,1,70,2,2,1,0,0,1,28.0,23.0,deux_roues,voiture,1,1,1,1,3
202400045290,2024-05-09 15:00:00,2024,5,9,15,0,34,34284,D907 - PK 24+700,43.518338,2.737355,Plein jour,Hors agglomération,Hors intersection,Normale,Autre collision,3,2,2,0,2,3,1,0,8,90,2,2,0,0,1,1,71.0,40.0,deux_roues,deux_roues,1,1,1,1,6
202400045291,2024-02-18 00:01:00,2024,2,18,0,1,51,51183,RD966,49.32058729,4.02950498,Nuit sans éclairage public,Hors agglomération,Hors intersection,Normale,Sans collision,3,2,2,0,1,1,1,0,1,90,1,1,0,0,1,0,23.0,,voiture,,3,1,1,1,7
202400045292,2024-08-14 21:15:00,2024,8,14,21,15,68,68021,74 Rue de la Gare,47.63489203,7.48932239,Nuit avec éclairage allumé,En agglomération,Hors intersection,Normale,Autre collision,3,2,2,0,1,1,1,0,1,30,1,4,1,0,2,1,21.0,,voiture,,5,2,1,1,6
202400045293,2024-03-18 08:45:00,2024,3,18,8,45,44,44162,Rond-Point d'Armor,47.22565842,-1.62128001,Plein jour,En agglomération,Giratoire,Normale,Sans collision,4,1,3,0,1,2,1,0,1,50,1,1,0,0,0,1,25.0,,deux_roues,,1,2,6,1,7
202400045294,2024-06-12 19:35:00,2024,6,12,19,35,974,97409,ROCADE SUD(RUE),-20.97248,55.65193,Nuit avec éclairage allumé,En agglomération,Hors intersection,Pluie légère,Trois véhicules et plus - collisions multiples,3,2,2,0,4,1,2,0,1,50,3,3,2,0,1,0,28.0,34.0,voiture,voiture,5,2,1,2,5
202400045295,2024-07-15 17:50:00,2024,7,15,17,50,93,93008,AUTOROUTE A86,48.91199881,2.43838549,Plein jour,Hors agglomération,Hors intersection,Normale,Deux véhicules - côté,1,3,6,0,1,1,1,1,1,90,2,2,1,0,0,1,35.0,46.0,deux_roues,voiture,1,1,1,1,3
202400045296,2024-01-08 15:00:00,2024,1,8,15,0,75,75113,QUAI PANHARD ET LEVASSOR,48.831012,2.381164,Plein jour,En agglomération,Intersection en T,Normale,Deux véhicules - côté,4,1, -1,0,1,1,1,0,1,30,2,2,1,0,0,1,26.0,59.0,deux_roues,deux_roues,1,2,3,1,3
202400045296,2024-01-08 15:00:00,2024,1,8,15,0,75,75113,QUAI PANHARD ET LEVASSOR,48.831012,2.381164,Plein jour,En agglomération,Intersection en T,Normale,Deux véhicules - côté,4,2,5,3,1,1,1,0,1,30,2,2,1,0,0,1,26.0,59.0,deux_roues,deux_roues,1,2,3,1,3
202400045297,2024-03-18 08:50:00,2024,3,18,8,50,44,44109,36 Rue Général Buat,47.23237465,-1.53741629,Plein jour,En agglomération,Hors intersection,Normale,Autre collision,4,2,2,2,1,1,1,-1,1,50,1,1,0,0,0,1,47.0,,deux_roues,,1,2,1,1,6
202400045298,2024-02-21 18:45:00,2024,2,21,18,45,59,59337,2 Route de Bergues,50.819242,2.301716,Nuit avec éclairage allumé,En agglomération,Hors intersection,Pluie légère,Deux véhicules - frontale,3,2,2,0,1,1,2,0,1,50,1,2,1,0,1,0,34.0,,voiture,,5,2,1,2,1
202400045299,2024-04-15 10:45:00,2024,4,15,10,45,68,68267,Rue de Heimsbrunn,47.746845,7.232255,Plein jour,En agglomération,Intersection en T,Normale,Deux véhicules - frontale,3,2,2,0,1,2,1,0,1,50,2,2,1,0,1,0,78.0,44.0,deux_roues,voiture,1,2,3,1,1
202400045299,2024-04-15 10:45:00,2024,4,15,10,45,68,68267,Rue de Heimsbrunn,47.746845,7.232255,Plein jour,En agglomération,Intersection en T,Normale,Deux véhicules - frontale,3,2, -1,-1,1,1,1,0,1,-1,2,2,1,0,1,0,78.0,44.0,deux_roues,voiture,1,2,3,1,1
202400045300,2024-07-15 13:05:00,2024,7,15,13,5,95,95061,N104,49.06829106,2.25324381,Plein jour,Hors agglomération,Hors intersection,Normale,Sans collision,2,3,4,0,1,1,1,0,1,110,1,2,0,0,0,2,24.0,,voiture,,1,1,1,1,7
202400045301,2024-08-21 00:50:00,2024,8,21,0,50,57,57030,Impasse du Clos de Metz,48.994464,6.049261,Nuit sans éclairage public,En agglomération,Hors intersection,Normale,Autre collision,4,2,2,0,2,2,1,0,3,30,1,5,2,0,1,2,21.0,,voiture,,3,2,1,1,6
202400045302,2024-06-13 12:00:00,2024,6,13,12,0,974,97407,JACQUES DUCLOS (RUE) - RIVIERE DES GAL  ,-20.96063,55.31585,Plein jour,En agglomération,Intersection en X,Normale,Deux véhicules - côté,4,2,2,0,1,1,1,0,1,30,2,2,1,0,1,0,18.0,19.0,deux_roues,voiture,1,2,2,1,3
202400045302,2024-06-13 12:00:00,2024,6,13,12,0,974,97407,JACQUES DUCLOS (RUE) - RIVIERE DES GAL  ,-20.96063,55.31585,Plein jour,En agglomération,Intersection en X,Normale,Deux véhicules - côté,4,2,2,0,1,1,1,0,1,50,2,2,1,0,1,0,18.0,19.0,deux_roues,voiture,1,2,2,1,3
202400045303,2024-05-09 17:40:00,2024,5,9,17,40,39,39251,,46.644239,5.503481,Plein jour,Hors agglomération,Giratoire,Normale,Autre collision,3,2,2,0,1,1,1,0,1,90,1,1,0,1,0,0,61.0,,deux_roues,,1,1,6,1,6
202400045304,2024-01-08 20:45:00,2024,1,8,20,45,75,75112,AVENUE DU TREMBLAY,48.829851,2.461074,Nuit avec éclairage allumé,En agglomération,Intersection en T,Neige / grêle,Deux véhicules - arrière,4,2,2,0,1,1,2,0,1,50,2,2,1,0,0,1,22.0,44.0,voiture,voiture,5,2,3,4,2
202400045304,2024-01-08 20:45:00,2024,1,8,20,45,75,75112,AVENUE DU TREMBLAY,48.829851,2.461074,Nuit avec éclairage allumé,En agglomération,Intersection en T,Neige / grêle,Deux véhicules - arrière,4,-1, -1,0,1,1,2,0,1,50,2,2,1,0,0,1,22.0,44.0,voiture,voiture,5,2,3,4,2
202400045305,2024-01-24 15:40:00,2024,1,24,15,40,74,74105,90 Avenue de geneve,46.303793,6.29564,Plein jour,En agglomération,Hors intersection,Normale,Trois véhicules et plus - collisions multiples,3,3,2,0,1,1,1,0,1,50,3,3,2,0,1,0,48.0,49.0,voiture,voiture,1,2,1,1,5
202400045306,2024-02-21 14:00:00,2024,2,21,14,0,80,80265,2 Rue François Mitterrand,50.03048,1.544101,Plein jour,En agglomération,Intersection en X,Pluie légère,Deux véhicules - côté,3,2,2,0,2,1,2,0,1,50,2,2,0,0,0,2,63.0,46.0,voiture,voiture,1,2,2,2,3
202400045306,2024-02-21 14:00:00,2024,2,21,14,0,80,80265,2 Rue François Mitterrand,50.03048,1.544101,Plein jour,En agglomération,Intersection en X,Pluie légère,Deux véhicules - côté,3,2, -1,-1,2,1,2,0,1,-1,2,2,0,0,0,2,63.0,46.0,voiture,voiture,1,2,2,2,3
202400045307,2024-05-09 05:25:00,2024,5,9,5,25,25,25321,D461,47.058575,6.688356,Crépuscule ou aube,Hors agglomération,Autre intersection,Normale,Autre collision,3,2,3,0,2,3,1,0,3,-1,1,2,0,0,0,2,33.0,,voiture,,2,1,9,1,6
202400045308,2024-08-23 09:45:00,2024,8,23,9,45,85,85019,Boulevard de la vie,46.776956,-1.424628,Plein jour,En agglomération,Hors intersection,Temps couvert,Sans collision,4,2,2,0,1,3,2,0,1,50,1,2,1,0,1,0,44.0,,deux_roues,,1,2,1,8,7
202400045309,2024-06-13 11:45:00,2024,6,13,11,45,69,69386,Rue Tête d'Or,45.77099,4.85203,Plein jour,En agglomération,Intersection en X,Normale,Deux véhicules - côté,4,1,1,2,1,1,1,0,1,30,2,2,1,0,0,1,50.0,37.0,deux_roues,voiture,1,2,2,1,3
202400045309,2024-06-13 11:45:00,2024,6,13,11,45,69,69386,Rue Tête d'Or,45.77099,4.85203,Plein jour,En agglomération,Intersection en X,Normale,Deux véhicules - côté,4,1,1,2,1,1,1,9,1,30,2,2,1,0,0,1,50.0,37.0,deux_roues,voiture,1,2,2,1,3
202400045310,2024-07-15 11:30:00,2024,7,15,11,30,93,93010,A3,48.90975235,2.47442216,Plein jour,Hors agglomération,Hors intersection,Normale,Trois véhicules et plus - en chaîne,1,3,3,0,1,1,1,0,1,110,3,4,2,0,0,2,38.0,58.0,utilitaire_camion,voiture,1,1,1,1,4
202400045311,2024-02-22 14:15:00,2024,2,22,14,15,42,42235,D104,45.376749,4.031489,Plein jour,Hors agglomération,Hors intersection,Normale,Deux véhicules - frontale,3,2,2,0,1,3,1,0,1,90,2,2,0,0,1,1,33.0,77.0,utilitaire_camion,voiture,1,1,1,1,1
202400045312,2024-01-29 21:10:00,2024,1,29,21,10,74,74256,avenue du Mont Blanc,45.933183,6.632317,Nuit sans éclairage public,En agglomération,Intersection en X,Normale,Deux véhicules - côté,3,2,2,0,1,2,1,0,1,50,2,2,1,0,0,1,41.0,16.0,voiture,deux_roues,3,2,2,1,3
202400045312,2024-01-29 21:10:00,2024,1,29,21,10,74,74256,avenue du Mont Blanc,45.933183,6.632317,Nuit sans éclairage public,En agglomération,Intersection en X,Normale,Deux véhicules - côté,3,1, -1,-1,1,1,1,0,1,-1,2,2,1,0,0,1,41.0,16.0,voiture,deux_roues,3,2,2,1,3
202400045313,2024-08-21 20:33:00,2024,8,21,20,33,56,56152,rue de l'église,47.34699,-3.155029,Plein jour,En agglomération,Giratoire,Normale,Autre collision,4,1,1,0,1,1,1,5,1,30,1,2,1,0,0,1,68.0,,voiture,,1,2,6,1,6
202400045314,2024-05-09 00:40:00,2024,5,9,0,40,44,44164,,47.1293155,-1.8155554,Nuit sans éclairage public,Hors agglomération,Hors intersection,Normale,Sans collision,3,2,2,0,1,1,1,0,8,80,1,3,1,0,1,1,,,voiture,,3,1,1,1,7
202400045315,2024-07-15 09:00:00,2024,7,15,9,0,93,93010,A3,48.90895514,2.473747,Plein jour,Hors agglomération,Hors intersection,Normale,Deux véhicules - côté,1,3,6,0,1,1,1,0,1,90,2,2,1,0,0,1,41.0,46.0,deux_roues,voiture,1,1,1,1,3
202400045316,2024-06-11 10:00:00,2024,6,11,10,0,972,97209,RD 41 (ROCADE),14.61495,-61.06218,Plein jour,En agglomération,Autre intersection,Normale,Trois véhicules et plus - en chaîne,3,-1,4,0,1,1,1,1,1,60,3,3,1,0,0,2,63.0,61.0,utilitaire_camion,voiture,1,2,9,1,4
202400045317,2024-01-23 11:15:00,2024,1,23,11,15,74,74267,2216 Route d'albertville,45.863342,6.140413,Plein jour,En agglomération,Hors intersection,Normale,Autre collision,3,2,0,0,1,1,1,0,1,50,1,2,1,0,0,1,60.0,,voiture,,1,2,1,1,6
202400045318,2024-02-21 14:30:00,2024,2,21,14,30,47,47085,LIEU DIT Spargas,44.15219647,0.14417736,Plein jour,Hors agglomération,Hors intersection,Normale,Deux véhicules - frontale,3,2,2,0,1,1,1,0,1,80,2,2,1,0,1,0,41.0,67.0,voiture,utilitaire_camion,1,1,1,1,1
202400045319,2024-05-09 12:50:00,2024,5,9,12,50,44,44003,706 Rue Francois Rene Chateaubriand,47.379758,-1.182693,Plein jour,En agglomération,Hors intersection,Normale,Deux véhicules - côté,4,2,2,0,1,1,1,0,1,50,2,2,1,1,0,0,29.0,19.0,voiture,deux_roues,1,2,1,1,3
202400045320,2024-06-12 00:45:00,2024,6,12,0,45,972,97209,PAUL NARDAL (AVENUE),14.6143,-61.07286,Nuit sans éclairage public,En agglomération,Hors intersection,Normale,Autre collision,2,2,2,0,1,2,1,0,4,30,1,1,0,0,1,0,35.0,,voiture,,3,2,1,1,6
202400045321,2024-08-23 16:09:00,2024,8,23,16,9,76,76399,D 1314,49.771994,1.435025,Plein jour,Hors agglomération,Intersection en T,Temps couvert,Deux véhicules - côté,3,2,2,0,1,3,1,0,1,80,2,2,1,1,0,0,18.0,34.0,utilitaire_camion,deux_roues,1,1,3,8,3
202400045321,2024-08-23 16:09:00,2024,8,23,16,9,76,76399,D 1314,49.771994,1.435025,Plein jour,Hors agglomération,Intersection en T,Temps couvert,Deux véhicules - côté,3,2, -1,-1,1,3,1,0,1,-1,2,2,1,1,0,0,18.0,34.0,utilitaire_camion,deux_roues,1,1,3,8,3
202400045322,2024-01-26 15:57:00,2024,1,26,15,57,74,74148,route des bauges,45.768488,6.12711,Plein jour,Hors agglomération,Hors intersection,Pluie légère,Autre collision,3,2,2,0,2,2,2,0,1,-1,1,1,0,0,1,0,29.0,,deux_roues,,1,1,1,2,6
202400045323,2024-06-12 01:20:00,2024,6,12,1,20,69,69389,17 Rue des Rivières,45.79145625,4.80301337,Nuit avec éclairage allumé,En agglomération,Hors intersection,Normale,Autre collision,4,2,2,0,2,3,1,0,1,50,1,1,0,0,0,1,26.0,,voiture,,5,2,1,1,6
202400045324,2024-01-28 17:20:00,2024,1,28,17,20,74,74154,D1005,46.404919,6.654534,Crépuscule ou aube,En agglomération,Hors intersection,Normale,Autre collision,3,2,2,0,1,1,1,0,4,50,1,3,0,0,0,3,37.0,,voiture,,2,2,1,1,6
202400045325,2024-07-16 16:55:00,2024,7,16,16,55,94,94018,A4,48.8239729,2.39430684,Plein jour,Hors agglomération,Hors intersection,Normale,Trois véhicules et plus - en chaîne,1,-1,4,0,1,1,1,0,1,90,3,7,1,0,0,6,48.0,44.0,voiture,voiture,1,1,1,1,4
202400045326,2024-05-09 11:45:00,2024,5,9,11,45,35,35117,D258,48.138034,-2.248389,Plein jour,Hors agglomération,Intersection en X,Normale,Deux véhicules - côté,3,2,2,0,1,1,1,0,1,80,2,2,0,1,0,1,50.0,52.0,deux_roues,voiture,1,1,2,1,3