accident_id,datetime,annee,mois,jour,heure,minute,departement,commune_insee,adresse,latitude,longitude,luminosite,agglomeration,intersection,meteo,collision,catr,circ,nbv,vosp,prof,plan,surf,infra,situ,vma,nb_vehicules,nb_usagers,nb_indemnes,nb_tues,nb_blesses_hosp,nb_blesses_legers,age_cond_1,age_cond_2,veh_type_cond_1,veh_type_cond_2,lum_code,agg_code,int_code,atm_code,col_code
202400045406,2024-07-15 15:10:00,2024,7,15,15,10,973,97302,RABAN (ROUTE DE),4.92797404,-52.31386095,Plein jour,En agglomération,Intersection en T,Normale,Deux véhicules - côté,4,2,2,0,1,1,1,0,1,50,2,2,1,0,1,0,31.0,25.0,voiture,deux_roues,1,2,3,1,3
202400045406,2024-07-15 15:10:00,2024,7,15,15,10,973,97302,RABAN (ROUTE DE),4.92797404,-52.31386095,Plein jour,En agglomération,Intersection en T,Normale,Deux véhicules - côté,4,2,2,0,1,1,1,0,1,50,2,2,1,0,1,0,31.0,25.0,voiture,deux_roues,1,2,3,1,3
202400045407,2024-03-31 14:45:00,2024,3,31,14,45,91,91645,BAS PAYS (RUE DU),48.74507,2.27726,Plein jour,En agglomération,Hors intersection,Normale,Autre collision,4,2,1,0,1,1,1,0,1,30,1,2,1,0,0,1,23.0,,utilitaire_camion,,1,2,1,1,6
202400045408,2024-02-21 17:10:00,2024,2,21,17,10,63,63272,A75 PK 004.800,45.73498792,3.15282162,Plein jour,Hors agglomération,Hors intersection,Temps couvert,Deux véhicules - arrière,1,3,6,0,1,1,1,0,1,110,2,3,2,0,0,1,33.0,59.0,voiture,voiture,1,1,1,8,2
202400045409,2024-05-09 18:25:00,2024,5,9,18,25,88,88302,Route des Fenesses,47.922777,6.807747,Plein jour,Hors agglomération,Hors intersection,Normale,Deux véhicules - frontale,3,2,2,0,2,3,1,0,1,80,2,2,1,1,0,0,57.0,59.0,deux_roues,voiture,1,1,1,1,1
202400045410,2024-06-13 03:05:00,2024,6,13,3,5,76,76351,LOUIS LUMIERE,49.52742,0.127605,Nuit avec éclairage allumé,En agglomération,Intersection en T,Normale,Deux véhicules - côté,3,1,2,0,1,1,1,0,1,50,2,5,2,0,0,3,20.0,23.0,voiture,voiture,5,2,3,1,3
202400045410,2024-06-13 03:05:00,2024,6,13,3,5,76,76351,LOUIS LUMIERE,49.52742,0.127605,Nuit avec éclairage allumé,En agglomération,Intersection en T,Normale,Deux véhicules - côté,3,2,2,0,1,2,1,0,1,50,2,5,2,0,0,3,20.0,23.0,voiture,voiture,5,2,3,1,3
202400045411,2024-03-31 07:00:00,2024,3,31,7,0,91,91377,RUE AMPERE,48.71911,2.26886,Crépuscule ou aube,En agglomération,Hors intersection,Normale,Deux véhicules - frontale,4,2,2,0,1,1,1,0,1,50,2,2,0,0,0,2,46.0,30.0,voiture,voiture,2,2,1,1,1
202400045412,2024-07-15 23:00:00,2024,7,15,23,0,69,69388,Avenue Berthelot,45.73933,4.86001,Nuit avec éclairage allumé,En agglomération,Intersection en X,Normale,Deux véhicules - côté,4,1,2,3,1,1,1,0,1,50,2,2,1,0,0,1,38.0,22.0,voiture,deux_roues,5,2,2,1,3
202400045412,2024-07-15 23:00:00,2024,7,15,23,0,69,69388,Avenue Berthelot,45.73933,4.86001,Nuit avec éclairage allumé,En agglomération,Intersection en X,Normale,Deux véhicules - côté,4,1,2,3,1,1,1,0,1,50,2,2,1,0,0,1,38.0,22.0,voiture,deux_roues,5,2,2,1,3
202400045413,2024-05-26 11:40:00,2024,5,26,11,40,76,76540,Place Saint Clement,49.42678,1.07701,Plein jour,En agglomération,Giratoire,Normale,Deux véhicules - côté,4,2,2,0,1,1,1,0,5,50,2,2,1,0,0,1,11.0,,deux_roues,voiture,1,2,6,1,3
202400045413,2024-05-26 11:40:00,2024,5,26,11,40,76,76540,Place Saint Clement,49.42678,1.07701,Plein jour,En agglomération,Giratoire,Normale,Deux véhicules - côté,4,1,1,0,1,3,1,-1,5,30,2,2,1,0,0,1,11.0,,deux_roues,voiture,1,2,6,1,3
202400045414,2024-02-22 04:40:00,2024,2,22,4,40,45,45067,A10 PK100+000 sens Paris vers Province,47.8956,1.777318,Nuit sans éclairage public,Hors agglomération,Hors intersection,Vent fort / tempête,Sans collision,1,3,6,0,1,1,2,0,1,130,1,1,0,0,0,1,34.0,,utilitaire_camion,,3,1,1,6,7
202400045415,2024-05-09 16:50:00,2024,5,9,16,50,42,42256,Les Farges,45.511482,4.190565,Plein jour,Hors agglomération,Hors intersection,Normale,Autre collision,3,2,2,0,2,1,1,0,1,70,1,1,0,0,1,0,17.0,,deux_roues,,1,1,1,1,6
202400045416,2024-06-13 13:50:00,2024,6,13,13,50,73,73065,BERNARDINES,45.56678,5.91483,Plein jour,En agglomération,Intersection en T,Normale,Autre collision,4,2,2,0,1,1,1,0,1,30,1,2,1,0,0,1,90.0,,voiture,,1,2,3,1,6
202400045416,2024-06-13 13:50:00,2024,6,13,13,50,73,73065,BERNARDINES,45.56678,5.91483,Plein jour,En agglomération,Intersection en T,Normale,Autre collision,4,2,2,0,1,1,1,0,1,30,1,2,1,0,0,1,90.0,,voiture,,1,2,3,1,6
202400045417,2024-07-15 09:04:00,2024,7,15,9,4,69,69383,Avenue Félix Faure,45.75302434,4.85424952,Plein jour,En agglomération,Hors intersection,Normale,Deux véhicules - côté,4,1,1,2,1,1,1,0,5,30,2,2,1,0,0,1,,39.0,voiture,deux_roues,1,2,1,1,3
202400045418,2024-03-30 16:55:00,2024,3,30,16,55,91,91228,MOUSSEAU (AVENUE DU),48.63085,2.44903,Plein jour,En agglomération,Autre intersection,Normale,Deux véhicules - arrière,3,3,4,0,2,1,1,5,1,50,2,2,1,0,0,1,28.0,52.0,voiture,deux_roues,1,2,9,1,2
202400045419,2024-02-21 10:10:00,2024,2,21,10,10,38,38029,A43,45.570313,5.555563,Plein jour,Hors agglomération,Hors intersection,Normale,Autre collision,1,3,2,0,1,1,1,0,1,90,1,1,0,0,1,0,65.0,,utilitaire_camion,,1,1,1,1,6
202400045420,2024-05-08 23:20:00,2024,5,8,23,20,38,38511,A 41,45.34928,5.966842,Nuit sans éclairage public,Hors agglomération,Hors intersection,Normale,Deux véhicules - arrière,1,3,2,0,1,1,1,0,2,130,2,3,1,0,0,2,,29.0,voiture,voiture,3,1,1,1,2
202400045421,2024-05-26 10:45:00,2024,5,26,10,45,76,76216,Route de Dieppe,49.46489,1.05239,Plein jour,En agglomération,Intersection en T,Normale,Deux véhicules - côté,7,1,1,0,4,1,1,0,1,30,2,2,1,0,0,1,53.0,27.0,deux_roues,voiture,1,2,3,1,3
202400045421,2024-05-26 10:45:00,2024,5,26,10,45,76,76216,Route de Dieppe,49.46489,1.05239,Plein jour,En agglomération,Intersection en T,Normale,Deux véhicules - côté,7,2,2,3,1,1,1,0,6,50,2,2,1,0,0,1,53.0,27.0,deux_roues,voiture,1,2,3,1,3
202400045422,2024-02-22 10:40:00,2024,2,22,10,40,77,77071,Autoroute A6 PK 82 Direction PARIS,48.208235,2.790908,Plein jour,Hors agglomération,Hors intersection,Pluie légère,Autre collision,1,3,2,0,1,1,2,2,2,130,1,1,0,0,0,1,62.0,,utilitaire_camion,,1,1,1,2,6
202400045423,2024-06-13 16:34:00,2024,6,13,16,34,67,67482,FAUBOURG DE PIERRE (PONT DU),48.58694,7.746555,Plein jour,En agglomération,Hors intersection,Normale,Deux véhicules - arrière,4,3,2,0,1,1,1,2,1,30,2,2,1,0,0,1,24.0,43.0,deux_roues,voiture,1,2,1,1,2
202400045424,2024-07-15 21:20:00,2024,7,15,21,20,69,69382,Rue Gasparin,45.75947,4.83336,Crépuscule ou aube,En agglomération,Intersection en X,Normale,Deux véhicules - côté,4,1,1,2,1,1,1,0,1,30,2,2,1,0,0,1,33.0,38.0,voiture,deux_roues,2,2,2,1,3
202400045424,2024-07-15 21:20:00,2024,7,15,21,20,69,69382,Rue Gasparin,45.75947,4.83336,Crépuscule ou aube,En agglomération,Intersection en X,Normale,Deux véhicules - côté,4,1,1,3,1,1,1,0,1,30,2,2,1,0,0,1,33.0,38.0,voiture,deux_roues,2,2,2,1,3
202400045425,2024-03-31 20:45:00,2024,3,31,20,45,84,84007,MARSEILLE (Route)-MONTFAVET,43.91071,4.88388,Nuit avec éclairage allumé,En agglomération,Giratoire,Pluie forte,Deux véhicules - côté,2,2,2,0,1,1,3,5,1,50,2,2,1,0,0,1,20.0,44.0,voiture,voiture,5,2,6,3,3
202400045425,2024-03-31 20:45:00,2024,3,31,20,45,84,84007,MARSEILLE (Route)-MONTFAVET,43.91071,4.88388,Nuit avec éclairage allumé,En agglomération,Giratoire,Pluie forte,Deux véhicules - côté,2,3,4,0,1,1,3,5,1,80,2,2,1,0,0,1,20.0,44.0,voiture,voiture,5,2,6,3,3
202400045426,2024-05-09 06:05:00,2024,5,9,6,5,69,69032,Route de Lyon,45.84610999,4.58990916,Crépuscule ou aube,Hors agglomération,Hors intersection,Normale,Deux véhicules - frontale,2,2,2,0,2,3,1,0,1,70,2,4,2,0,2,0,20.0,41.0,voiture,utilitaire_camion,2,1,1,1,1
202400045427,2024-05-25 18:45:00,2024,5,25,18,45,76,76681,Rue Pierre Mendes-france,49.41235695,1.09249002,Plein jour,En agglomération,Intersection en X,Normale,Deux véhicules - arrière,4,2,2,0,1,1,1,0,8,50,2,2,1,0,0,1,60.0,27.0,deux_roues,voiture,1,2,2,1,2
202400045427,2024-05-25 18:45:00,2024,5,25,18,45,76,76681,Rue Pierre Mendes-france,49.41235695,1.09249002,Plein jour,En agglomération,Intersection en X,Normale,Deux véhicules - arrière,4,2,2,0,1,1,1,0,1,50,2,2,1,0,0,1,60.0,27.0,deux_roues,voiture,1,2,2,1,2
202400045428,2024-02-22 15:50:00,2024,2,22,15,50,77,77168,A6 PK 091+00,48.158437,2.886175,Plein jour,Hors agglomération,Hors intersection,Pluie forte,Deux véhicules - arrière,1,3,2,0,1,1,2,0,1,130,2,2,1,0,0,1,33.0,33.0,voiture,voiture,1,1,1,3,2
202400045429,2024-07-14 23:42:00,2024,7,14,23,42,2B,2B033,GAUDIN - BLD AUGUSTE,42.69497,9.44707,Nuit avec éclairage allumé,En agglomération,Hors intersection,Normale,Deux véhicules - frontale,4,2,2,0,1,2,1,0,1,50,2,3,1,0,0,2,23.0,38.0,voiture,voiture,5,2,1,1,1
202400045430,2024-06-13 09:15:00,2024,6,13,9,15,67,67482,LAVOISIER (RUE),48.60252,7.71963,Plein jour,En agglomération,Autre intersection,Normale,Deux véhicules - côté,4,3,4,1,1,1,1,0,1,50,2,2,1,0,1,0,54.0,22.0,utilitaire_camion,deux_roues,1,2,9,1,3
202400045431,2024-05-09 12:10:00,2024,5,9,12,10,68,68278,67 Rue de Habsheim,47.74344051,7.41343458,Plein jour,En agglomération,Hors intersection,Temps éblouissant,Deux véhicules - arrière,3,3,0,0,1,1,1,0,1,50,2,2,1,0,1,0,80.0,31.0,voiture,deux_roues,1,2,1,7,2
202400045432,2024-02-21 14:15:00,2024,2,21,14,15,987,98712,RT 2 PK 7+900,-17.516503,-149.504963,Plein jour,Hors agglomération,Hors intersection,Normale,Sans collision,2,3,4,0,2,2,8,0,1,60,1,3,0,0,0,3,36.0,,deux_roues,,1,1,1,1,7
202400045433,2024-03-30 12:23:00,2024,3,30,12,23,83,83090,NATIONALE 8 (ROUTE),43.1353,5.85748,Plein jour,En agglomération,Hors intersection,Temps couvert,Trois véhicules et plus - collisions multiples,3,2,2,0,3,3,1,0,1,70,3,3,2,1,0,0,27.0,37.0,deux_roues,voiture,1,2,1,8,5
202400045434,2024-05-19 21:00:00,2024,5,19,21,0,76,76540,Rue Giuseppe Verdi,49.44957,1.13655,Plein jour,En agglomération,Intersection en Y,Normale,Autre collision,4,1,1,0,1,2,2,0,1,50,1,2,1,0,0,1,25.0,,voiture,,1,2,4,1,6
202400045434,2024-05-19 21:00:00,2024,5,19,21,0,76,76540,Rue Giuseppe Verdi,49.44957,1.13655,Plein jour,En agglomération,Intersection en Y,Normale,Autre collision,4,2,2,0,1,2,2,0,1,50,1,2,1,0,0,1,25.0,,voiture,,1,2,4,1,6
202400045435,2024-07-12 18:18:00,2024,7,12,18,18,87,87085,BAUDIN ( AVENUE) (VC),45.8266,1.25933,Plein jour,En agglomération,Hors intersection,Normale,Deux véhicules - côté,4,3,6,3,1,1,1,0,1,30,2,3,1,0,0,2,27.0,20.0,deux_roues,voiture,1,2,1,1,3
202400045436,2024-06-12 16:25:00,2024,6,12,16,25,67,67482,LA ROCHELLE (RUE DE),48.552978,7.795691,Plein jour,En agglomération,Hors intersection,Normale,Deux véhicules - côté,4,2,4,0,1,1,1,0,1,70,2,2,1,1,0,0,49.0,81.0,voiture,deux_roues,1,2,1,1,3
202400045437,2024-05-07 04:15:00,2024,5,7,4,15,987,98714,Station anau,-16.511191,-151.722028,Nuit sans éclairage public,Hors agglomération,Hors intersection,Normale,Sans collision,2,2,2,0,1,1,1,0,3,50,1,2,0,0,1,1,21.0,,deux_roues,,3,1,1,1,7
202400045438,2024-02-22 13:00:00,2024,2,22,13,0,974,97422,16 Rue Jean de Fos du Rau,-21.228132,55.55122,Plein jour,En agglomération,Hors intersection,Pluie légère,Deux véhicules - frontale,2,2,2,0,2,2,2,0,1,50,2,2,1,0,1,0,36.0,58.0,utilitaire_camion,utilitaire_camion,1,2,1,2,1
202400045439,2024-05-17 12:00:00,2024,5,17,12,0,76,76497,Boulevard Maritime,49.3934,1.01886,Plein jour,Hors agglomération,Intersection en T,Normale,Deux véhicules - côté,4,2,2,0,1,1,1,0,1,30,2,2,1,1,0,0,57.0,41.0,utilitaire_camion,deux_roues,1,1,3,1,3
202400045439,2024-05-17 12:00:00,2024,5,17,12,0,76,76497,Boulevard Maritime,49.3934,1.01886,Plein jour,Hors agglomération,Intersection en T,Normale,Deux véhicules - côté,4,2,2,0,1,1,1,0,1,70,2,2,1,1,0,0,57.0,41.0,utilitaire_camion,deux_roues,1,1,3,1,3
202400045440,2024-07-12 15:54:00,2024,7,12,15,54,87,87050,LIMOGES (AVENUE DE),45.88417435,1.23867452,Plein jour,En agglomération,Hors intersection,Normale,Autre collision,4,2,2,0,1,3,1,0,1,50,1,2,1,0,1,0,20.0,,voiture,,1,2,1,1,6
202400045441,2024-06-13 16:40:00,2024,6,13,16,40,66,66136,Rue Pascal-Marie Agasse,42.69508,2.8643,Plein jour,En agglomération,Hors intersection,Normale,Autre collision,4,2,2,0,1,1,1,0,1,50,1,2,1,0,1,0,56.0,,utilitaire_camion,,1,2,1,1,6
202400045442,2024-03-30 17:30:00,2024,3,30,17,30,81,81004,TEYSSIER (AV DU COLONEL),43.920931,2.1685987,Plein jour,En agglomération,Giratoire,Normale,Deux véhicules - arrière,2,1,2,-1,1,1,1,5,1,50,2,4,0,0,0,4,34.0,58.0,voiture,voiture,1,2,6,1,2
202400045442,2024-03-30 17:30:00,2024,3,30,17,30,81,81004,TEYSSIER (AV DU COLONEL),43.920931,2.1685987,Plein jour,En agglomération,Giratoire,Normale,Deux véhicules - arrière,2,1,1,0,2,1,1,3,1,50,2,4,0,0,0,4,34.0,58.0,voiture,voiture,1,2,6,1,2
202400045443,2024-02-22 11:15:00,2024,2,22,11,15,974,97408,Rue Mahatma Gandhi,-20.942841,55.329208,Plein jour,En agglomération,Hors intersection,Normale,Autre collision,6,-1, -1,0,1,1,1,0,8,50,1,2,1,0,0,1,66.0,,voiture,,1,2,1,1,6
202400045444,2024-05-09 15:00:00,2024,5,9,15,0,30,30130,Pont de Rastel,44.317707,3.966354,Plein jour,Hors agglomération,Hors intersection,Normale,Sans collision,3,2,2,0,1,3,1,0,3,80,1,1,0,0,1,0,56.0,,deux_roues,,1,1,1,1,7
202400045445,2024-06-13 14:30:00,2024,6,13,14,30,66,66136,Boulevard Jean Bourrat,42.70049,2.90278,Plein jour,En agglomération,Intersection en X,Normale,Deux véhicules - frontale,4,2,4,0,4,1,1,5,1,50,2,2,1,0,0,1,62.0,31.0,voiture,deux_roues,1,2,2,1,1
202400045445,2024-06-13 14:30:00,2024,6,13,14,30,66,66136,Boulevard Jean Bourrat,42.70049,2.90278,Plein jour,En agglomération,Intersection en X,Normale,Deux véhicules - frontale,4,2, -1,-1,1,1,1,5,8,50,2,2,1,0,0,1,62.0,31.0,voiture,deux_roues,1,2,2,1,1
202400045446,2024-04-19 08:00:00,2024,4,19,8,0,84,84031,PONT DES FONTAINES AVENUE,44.06093,5.05156,Plein jour,En agglomération,Intersection en T,Temps éblouissant,Autre collision,4,2,2,-1,1,1,1,0,1,-1,1,2,1,0,1,0,50.0,,voiture,,1,2,3,7,6
202400045447,2024-07-13 11:56:00,2024,7,13,11,56,87,87113,CARNOT (AVENUE SADI),45.86802,1.32864,Plein jour,En agglomération,Intersection en T,Normale,Deux véhicules - côté,3,2,2,0,2,1,1,0,1,50,2,2,1,0,0,1,37.0,49.0,voiture,deux_roues,1,2,3,1,3
202400045447,2024-07-13 11:56:00,2024,7,13,11,56,87,87113,CARNOT (AVENUE SADI),45.86802,1.32864,Plein jour,En agglomération,Intersection en T,Normale,Deux véhicules - côté,3,2,2,0,1,1,1,0,1,70,2,2,1,0,0,1,37.0,49.0,voiture,deux_roues,1,2,3,1,3
202400045448,2024-05-07 07:40:00,2024,5,7,7,40,30,30258,D6572,43.671224,4.403801,Plein jour,Hors agglomération,Hors intersection,Normale,Deux véhicules - arrière,3,2,2,0,1,1,1,0,1,-1,2,2,1,0,0,1,53.0,53.0,voiture,voiture,1,1,1,1,2
202400045449,2024-06-12 17:20:00,2024,6,12,17,20,64,64129,JEAN MERMOZ,43.31902449,-0.37871316,Plein jour,En agglomération,Hors intersection,Pluie légère,Sans collision,4,2,2,0,1,1,2,0,1,50,1,1,0,0,0,1,28.0,,deux_roues,,1,2,1,2,7
202400045450,2024-02-22 08:30:00,2024,2,22,8,30,28,28343,D21,48.689289,1.538215,Plein jour,Hors agglomération,Hors intersection,Pluie légère,Deux véhicules - frontale,3,2,2,0,1,1,2,0,1,80,2,2,1,1,0,0,69.0,55.0,voiture,utilitaire_camion,1,1,1,2,1
202400045451,2024-07-15 17:35:00,2024,7,15,17,35,30,30011,ARAMON ROUTE D',43.93864,4.76326,Plein jour,Hors agglomération,Hors intersection,Normale,Sans collision,3,2,2,0,1,1,1,0,3,70,1,2,0,0,0,2,22.0,,voiture,,1,1,1,1,7
202400045452,2024-04-18 09:10:00,2024,4,18,9,10,84,84080,TREWEY BOULEVARD,44.03331,4.99601,Plein jour,En agglomération,Hors intersection,Normale,Autre collision,4,2,2,0,1,1,1,0,1,50,1,2,1,0,0,1,37.0,,voiture,,1,2,1,1,6
202400045453,2024-05-09 16:30:00,2024,5,9,16,30,71,71086,D985,46.409125,4.252755,Plein jour,Hors agglomération,Hors intersection,Normale,Trois véhicules et plus - collisions multiples,3,2,2,0,2,3,1,0,1,80,3,3,0,0,3,0,30.0,26.0,deux_roues,deux_roues,1,1,1,1,5
202400045454,2024-02-22 03:00:00,2024,2,22,3,0,2B,2B298,"D81, RÉSIDENCE MARE E VISTA",42.693173,9.324024,Nuit sans éclairage public,Hors agglomération,Hors intersection,Normale,Autre collision,3,2,2,0,1,1,1,0,3,50,1,1,0,0,1,0,45.0,,voiture,,3,1,1,1,6
202400045455,2024-03-30 22:25:00,2024,3,30,22,25,69,69264,Place du Capitaine Giraud,45.98686,4.71488,Nuit avec éclairage allumé,En agglomération,Place,Normale,Autre collision,4,2,3,2,1,1,2,0,1,30,1,2,1,0,0,1,22.0,,voiture,,5,2,7,1,6
202400045455,2024-03-30 22:25:00,2024,3,30,22,25,69,69264,Place du Capitaine Giraud,45.98686,4.71488,Nuit avec éclairage allumé,En agglomération,Place,Normale,Autre collision,4,1,3,0,1,1,2,0,1,30,1,2,1,0,0,1,22.0,,voiture,,5,2,7,1,6
202400045456,2024-06-13 21:47:00,2024,6,13,21,47,63,63113,DOLET (RUE ETIENNE),45.76443813,3.08661371,Crépuscule ou aube,En agglomération,Hors intersection,Normale,Deux véhicules - côté,4,2,2,0,2,1,1,9,1,50,2,2,1,0,0,1,52.0,56.0,voiture,deux_roues,2,2,1,1,3
202400045457,2024-07-15 09:20:00,2024,7,15,9,20,83,83144,LECLERC (BD MARECHAL),43.13619,5.98594,Plein jour,En agglomération,Hors intersection,Normale,Autre collision,4,2,4,0,1,1,1,0,1,50,1,2,1,0,1,0,21.0,,voiture,,1,2,1,1,6
202400045458,2024-05-08 16:00:00,2024,5,8,16,0,58,58121,Rue Julian Grimau,47.046913,3.090769,Plein jour,En agglomération,Giratoire,Normale,Deux véhicules - côté,4,1,1,0,1,2,1,0,1,50,2,2,1,0,0,1,15.0,15.0,deux_roues,deux_roues,1,2,6,1,3
202400045458,2024-05-08 16:00:00,2024,5,8,16,0,58,58121,Rue Julian Grimau,47.046913,3.090769,Plein jour,En agglomération,Giratoire,Normale,Deux véhicules - côté,4,1,1,0,1,3,1,0,1,50,2,2,1,0,0,1,15.0,15.0,deux_roues,deux_roues,1,2,6,1,3
202400045459,2024-03-31 18:45:00,2024,3,31,18,45,69,69276,Chemin Sous le Fort,45.67012,4.86449,Plein jour,En agglomération,Autre intersection,Temps couvert,Autre collision,4,2,2,0,1,2,1,0,1,30,1,2,1,0,1,0,40.0,,transport_commun,,1,2,9,8,6
202400045460,2024-04-16 18:00:00,2024,4,16,18,0,84,84080,D942,44.04592,4.99919,Plein jour,Hors agglomération,Hors intersection,Normale,Deux véhicules - arrière,3,3,4,0,1,1,1,0,1,110,2,3,0,0,0,3,76.0,48.0,utilitaire_camion,utilitaire_camion,1,1,1,1,2
202400045461,2024-06-12 14:00:00,2024,6,12,14,0,62,62457,Avenue des Aeronautes,50.46527,2.54717,Plein jour,En agglomération,Intersection en T,Normale,Deux véhicules - côté,4,2,2,0,1,1,1,0,1,50,2,2,1,0,0,1,26.0,15.0,utilitaire_camion,deux_roues,1,2,3,1,3
202400045461,2024-06-12 14:00:00,2024,6,12,14,0,62,62457,Avenue des Aeronautes,50.46527,2.54717,Plein jour,En agglomération,Intersection en T,Normale,Deux véhicules - côté,4,1,1,0,2,1,1,0,1,50,2,2,1,0,0,1,26.0,15.0,utilitaire_camion,deux_roues,1,2,3,1,3
202400045462,2024-07-15 11:00:00,2024,7,15,11,0,82,82121,:MONTRICOUX D 115 (ROUTE DE),44.03693595,1.4224585,Plein jour,Hors agglomération,Intersection en X,Normale,Deux véhicules - côté,3,2,2,0,1,1,1,0,1,80,2,2,1,0,1,0,81.0,26.0,voiture,deux_roues,1,1,2,1,3
202400045462,2024-07-15 11:00:00,2024,7,15,11,0,82,82121,:MONTRICOUX D 115 (ROUTE DE),44.03693595,1.4224585,Plein jour,Hors agglomération,Intersection en X,Normale,Deux véhicules - côté,3,2,2,0,1,1,1,0,1,80,2,2,1,0,1,0,81.0,26.0,voiture,deux_roues,1,1,2,1,3
202400045463,2024-02-21 15:05:00,2024,2,21,15,5,42,42094,32 Boulevard de l'Hippodrome,45.736388,4.223251,Plein jour,En agglomération,Hors intersection,Normale,Trois véhicules et plus - collisions multiples,3,2,2,0,1,1,1,9,1,50,3,3,2,0,1,0,65.0,28.0,voiture,voiture,1,2,1,1,5
202400045464,2024-03-30 23:15:00,2024,3,30,23,15,64,64260,LECLERC (BOULEVARD DU GENERAL),43.367237,-1.770335,Nuit avec éclairage allumé,En agglomération,Hors intersection,Normale,Deux véhicules - arrière,4,-1,2,0,1,1,1,0,1,50,2,2,1,0,0,1,18.0,23.0,deux_roues,voiture,5,2,1,1,2
202400045465,2024-06-12 17:20:00,2024,6,12,17,20,62,62119,D943,50.5277,2.62569,Plein jour,En agglomération,Hors intersection,Normale,Deux véhicules - frontale,3,1,2,1,1,1,1,0,5,50,2,2,1,0,0,1,37.0,33.0,voiture,deux_roues,1,2,1,1,1
202400045466,2024-02-18 12:50:00,2024,2,18,12,50,85,85097,la toucheauroux,46.95336,-1.058816,Plein jour,Hors agglomération,Hors intersection,Pluie forte,Sans collision,4,2,2,0,3,1,2,0,1,80,1,1,0,0,1,0,48.0,,deux_roues,,1,1,1,3,7
202400045467,2024-07-14 10:58:00,2024,7,14,10,58,80,80021,Rue de Rouen,49.88499,2.26512,Plein jour,En agglomération,Hors intersection,Normale,Autre collision,3,2,2,0,1,1,1,0,1,50,1,2,1,0,1,0,34.0,,voiture,,1,2,1,1,6
202400045468,2024-04-16 17:35:00,2024,4,16,17,35,84,84080,D942,44.04554,5.01915,Plein jour,Hors agglomération,Hors intersection,Normale,Deux véhicules - arrière,3,3,4,0,1,1,1,0,1,90,2,2,0,0,0,2,72.0,45.0,utilitaire_camion,utilitaire_camion,1,1,1,1,2
202400045469,2024-05-09 13:10:00,2024,5,9,13,10,63,63038,D149 / centre équestre berthaire,45.504234,2.903008,Plein jour,Hors agglomération,Autre intersection,Normale,Deux véhicules - côté,3,2,2,0,2,1,1,0,1,90,2,5,4,0,1,0,33.0,24.0,voiture,deux_roues,1,1,9,1,3
202400045469,2024-05-09 13:10:00,2024,5,9,13,10,63,63038,D149 / centre équestre berthaire,45.504234,2.903008,Plein jour,Hors agglomération,Autre intersection,Normale,Deux véhicules - côté,3,-1, -1,-1,1,1,1,0,1,10,2,5,4,0,1,0,33.0,24.0,voiture,deux_roues,1,1,9,1,3
202400045470,2024-03-31 11:40:00,2024,3,31,11,40,64,64445,CORPS FRANC POMMIES DU,43.3073,-0.33586,Plein jour,En agglomération,Hors intersection,Normale,Autre collision,4,3,2,1,1,1,1,0,1,50,1,2,1,0,0,1,83.0,,voiture,,1,2,1,1,6
202400045471,2024-07-15 16:35:00,2024,7,15,16,35,78,78208,DE GAULLE (PLACE DU GENERAL),48.76789,1.94885,Plein jour,En agglomération,Place,Normale,Autre collision,6,-1, -1,3,2,1,1,6,1,30,1,3,1,0,0,2,48.0,,utilitaire_camion,,1,2,7,1,6
202400045472,2024-02-22 08:00:00,2024,2,22,8,0,44,44194,1 La Guillocherie,47.256034,-1.689722,Plein jour,Hors agglomération,Hors intersection,Pluie forte,Deux véhicules - côté,7,2,2,0,2,1,2,0,1,80,2,2,1,1,0,0,87.0,56.0,voiture,voiture,1,1,1,3,3
202400045473,2024-06-12 15:25:00,2024,6,12,15,25,60,60057,Rue Jacques de Guehengnies,49.43209348,2.08807933,Plein jour,En agglomération,Hors intersection,Normale,Autre collision,4,-1,1,0,1,1,1,0,1,50,1,2,1,0,0,1,23.0,,voiture,,1,2,1,1,6
202400045474,2024-05-08 18:40:00,2024,5,8,18,40,26,26206,35 Avenue des Genceaux,44.830121,4.983576,Plein jour,En agglomération,Hors intersection,Normale,Autre collision,3,2,2,1,1,1,1,0,5,50,1,1,0,0,1,0,57.0,,deux_roues,,1,2,1,1,6
202400045475,2024-04-01 23:18:00,2024,4,1,23,18,63,63113,JOUHAUX (BD LEON),45.79464,3.11753,Nuit avec éclairage allumé,En agglomération,Hors intersection,Pluie forte,Autre collision,7,3,4,0,1,1,2,0,1,50,1,2,1,0,0,1,42.0,,voiture,,5,2,1,3,6
202400045476,2024-02-22 16:00:00,2024,2,22,16,0,60,60446,D19,49.130229,2.831726,Plein jour,Hors agglomération,Hors intersection,Normale,Autre collision,3,2,2,0,1,3,2,0,3,80,1,1,0,0,0,1,26.0,,voiture,,1,1,1,1,6
202400045477,2024-05-22 17:17:00,2024,5,22,17,17,84,84087,ROUTE DE CHATEAUNEUF,44.09632,4.82537,Plein jour,Hors agglomération,Giratoire,Normale,Deux véhicules - côté,3,2,2,0,1,1,1,5,1,30,2,3,1,0,0,2,50.0,78.0,deux_roues,voiture,1,1,6,1,3
202400045477,2024-05-22 17:17:00,2024,5,22,17,17,84,84087,ROUTE DE CHATEAUNEUF,44.09632,4.82537,Plein jour,Hors agglomération,Giratoire,Normale,Deux véhicules - côté,3,2,2,0,1,1,1,5,1,30,2,3,1,0,0,2,50.0,78.0,deux_roues,voiture,1,1,6,1,3