accident_id,datetime,annee,mois,jour,heure,minute,departement,commune_insee,adresse,latitude,longitude,luminosite,agglomeration,intersection,meteo,collision,catr,circ,nbv,vosp,prof,plan,surf,infra,situ,vma,nb_vehicules,nb_usagers,nb_indemnes,nb_tues,nb_blesses_hosp,nb_blesses_legers,age_cond_1,age_cond_2,veh_type_cond_1,veh_type_cond_2,lum_code,agg_code,int_code,atm_code,col_code
202400045550,2024-03-30 22:00:00,2024,3,30,22,0,33,33529,,44.63518,-1.1551,Nuit sans éclairage public,En agglomération,Hors intersection,Normale,Deux véhicules - arrière,3,2,2,0,1,1,1,0,1,90,2,3,2,0,0,1,39.0,32.0,voiture,voiture,3,2,1,1,2
202400045551,2024-02-19 23:55:00,2024,2,19,23,55,75,75119,AVENUE CORENTIN CARIOU,48.89969758,2.38790631,Nuit avec éclairage allumé,En agglomération,Intersection en Y,Normale,Deux véhicules - côté,4,-1,1,0,1,3,1,0,1,30,2,2,1,0,0,1,23.0,45.0,voiture,deux_roues,5,2,4,1,3
202400045551,2024-02-19 23:55:00,2024,2,19,23,55,75,75119,AVENUE CORENTIN CARIOU,48.89969758,2.38790631,Nuit avec éclairage allumé,En agglomération,Intersection en Y,Normale,Deux véhicules - côté,4,1,2,0,1,1,1,0,1,30,2,2,1,0,0,1,23.0,45.0,voiture,deux_roues,5,2,4,1,3
202400045552,2024-07-14 22:05:00,2024,7,14,22,5,68,68376,Rue de Soultz,47.798306,7.313399,Nuit avec éclairage allumé,En agglomération,Intersection en X,Normale,Deux véhicules - frontale,3,2, -1,-1,1,1,1,0,1,-1,2,3,2,0,0,1,27.0,58.0,voiture,voiture,5,2,2,1,1
202400045552,2024-07-14 22:05:00,2024,7,14,22,5,68,68376,Rue de Soultz,47.798306,7.313399,Nuit avec éclairage allumé,En agglomération,Intersection en X,Normale,Deux véhicules - frontale,3,-1,4,0,1,1,1,0,1,50,2,3,2,0,0,1,27.0,58.0,voiture,voiture,5,2,2,1,1
202400045553,2024-06-13 19:24:00,2024,6,13,19,24,47,47001,LAKANAL (RUE),44.20738,0.61559,Plein jour,En agglomération,Intersection en X,Normale,Autre collision,4,1,1,0,1,1,1,0,1,30,1,2,1,0,1,0,52.0,,voiture,,1,2,2,1,6
202400045553,2024-06-13 19:24:00,2024,6,13,19,24,47,47001,LAKANAL (RUE),44.20738,0.61559,Plein jour,En agglomération,Intersection en X,Normale,Autre collision,4,2,2,1,1,1,1,0,1,-1,1,2,1,0,1,0,52.0,,voiture,,1,2,2,1,6
202400045554,2024-03-31 20:15:00,2024,3,31,20,15,31,31555,BD DE LA MARQUETTE,43.61478531,1.43371046,Nuit avec éclairage allumé,En agglomération,Hors intersection,Pluie légère,Sans collision,4,1,3,1,1,1,2,0,5,50,1,1,0,0,1,0,49.0,,deux_roues,,5,2,1,2,7
202400045555,2024-08-17 16:45:00,2024,8,17,16,45,972,97209,DIDIER (ROUTE DE),14.627372,-61.078202,Plein jour,En agglomération,Hors intersection,Normale,Deux véhicules - frontale,3,2,2,0,2,3,1,0,1,50,2,3,2,0,1,0,,,deux_roues,voiture,1,2,1,1,1
202400045556,2024-02-20 14:00:00,2024,2,20,14,0,75,75117,BOULEVARD BESSIERES,48.896519,2.319082,Plein jour,En agglomération,Hors intersection,Normale,Deux véhicules - arrière,4,1,2,0,2,1,1,0,1,50,2,2,1,0,0,1,46.0,31.0,voiture,voiture,1,2,1,1,2
202400045557,2024-05-06 21:05:00,2024,5,6,21,5,972,97213,ROUTE NATIONALE 1,14.656725,-60.972757,Nuit sans éclairage public,Hors agglomération,Giratoire,Normale,Deux véhicules - côté,2,-1,2,0,1,2,1,0,1,50,2,7,2,0,0,5,59.0,34.0,voiture,voiture,3,1,6,1,3
202400045557,2024-05-06 21:05:00,2024,5,6,21,5,972,97213,ROUTE NATIONALE 1,14.656725,-60.972757,Nuit sans éclairage public,Hors agglomération,Giratoire,Normale,Deux véhicules - côté,2,-1,2,0,1,3,1,0,1,70,2,7,2,0,0,5,59.0,34.0,voiture,voiture,3,1,6,1,3
202400045558,2024-06-13 07:55:00,2024,6,13,7,55,47,47001,LIBERTE (BOULEVARD DE LA),44.19509,0.61309,Plein jour,En agglomération,Autre intersection,Normale,Trois véhicules et plus - en chaîne,3,2,3,0,2,3,1,5,1,50,3,3,2,0,0,1,42.0,38.0,voiture,voiture,1,2,9,1,4
202400045559,2024-07-15 08:20:00,2024,7,15,8,20,67,67482,FRITZ KIEFFER (RUE),48.59655,7.75006,Plein jour,En agglomération,Intersection en T,Normale,Deux véhicules - côté,4,2,5,0,1,1,1,0,1,50,2,2,1,0,0,1,20.0,49.0,deux_roues,voiture,1,2,3,1,3
202400045559,2024-07-15 08:20:00,2024,7,15,8,20,67,67482,FRITZ KIEFFER (RUE),48.59655,7.75006,Plein jour,En agglomération,Intersection en T,Normale,Deux véhicules - côté,4,2, -1,-1,1,1,1,-1,1,25,2,2,1,0,0,1,20.0,49.0,deux_roues,voiture,1,2,3,1,3
202400045560,2024-02-19 20:10:00,2024,2,19,20,10,94,94078,Avenue du 8 Mai 1945 / Pont de Villeneuve le Roi,48.72767,2.44558,Nuit avec éclairage allumé,En agglomération,Intersection en T,Normale,Deux véhicules - côté,2,2,3,0,1,1,1,2,1,50,2,2,0,0,0,2,52.0,23.0,deux_roues,deux_roues,5,2,3,1,3
202400045560,2024-02-19 20:10:00,2024,2,19,20,10,94,94078,Avenue du 8 Mai 1945 / Pont de Villeneuve le Roi,48.72767,2.44558,Nuit avec éclairage allumé,En agglomération,Intersection en T,Normale,Deux véhicules - côté,2,2,4,0,1,1,1,2,1,50,2,2,0,0,0,2,52.0,23.0,deux_roues,deux_roues,5,2,3,1,3
202400045561,2024-05-07 16:23:00,2024,5,7,16,23,972,97209,MOUTTE (ROUTE DE),14.61809,-61.05686,Plein jour,En agglomération,Hors intersection,Normale,Deux véhicules - côté,3,2,2,0,2,1,1,0,1,50,2,2,1,0,1,0,37.0,21.0,deux_roues,voiture,1,2,1,1,3
202400045562,2024-06-12 13:50:00,2024,6,12,13,50,45,45302,1401 Rue du Champ Rouge,47.96241,1.84706,Plein jour,En agglomération,Hors intersection,Normale,Autre collision,4,3,2,0,1,1,1,9,1,50,2,2,1,0,1,0,42.0,61.0,deux_roues,utilitaire_camion,1,2,1,1,6
202400045563,2024-08-21 20:00:00,2024,8,21,20,0,2B,2B033,VEZZANI - RUE CESAR,42.68942,9.44713,Plein jour,En agglomération,Hors intersection,Normale,Trois véhicules et plus - en chaîne,4,-1,2,0,1,2,1,0,1,50,3,4,3,0,0,1,64.0,35.0,voiture,utilitaire_camion,1,2,1,1,4
202400045564,2024-07-15 16:30:00,2024,7,15,16,30,64,64445,ETIGNY D',43.29666,-0.38579,Plein jour,En agglomération,Hors intersection,Normale,Deux véhicules - côté,4,2,2,0,1,1,1,0,1,30,2,2,1,0,0,1,22.0,45.0,voiture,deux_roues,1,2,1,1,3
202400045565,2024-02-19 21:10:00,2024,2,19,21,10,94,94068,Place de Rimini / Boulevard de Bellechasse,48.793938,2.495711,Nuit avec éclairage allumé,En agglomération,Place,Pluie légère,Deux véhicules - côté,4,2,2,0,1,1,2,0,1,-1,2,2,1,0,0,1,47.0,61.0,transport_commun,deux_roues,5,2,7,2,3
202400045565,2024-02-19 21:10:00,2024,2,19,21,10,94,94068,Place de Rimini / Boulevard de Bellechasse,48.793938,2.495711,Nuit avec éclairage allumé,En agglomération,Place,Pluie légère,Deux véhicules - côté,4,1,1,2,1,2,2,0,5,30,2,2,1,0,0,1,47.0,61.0,transport_commun,deux_roues,5,2,7,2,3
202400045566,2024-06-13 17:10:00,2024,6,13,17,10,44,44184,1 Rue Annie Girardot,47.26146,-2.26068,Plein jour,En agglomération,Hors intersection,Normale,Autre collision,4,2,2,0,1,1,1,0,1,50,1,2,1,0,0,1,53.0,,utilitaire_camion,,1,2,1,1,6
202400045567,2024-03-31 17:38:00,2024,3,31,17,38,31,31555,PONT SAINT PIERRE,43.60102,1.43397,Plein jour,En agglomération,Hors intersection,Normale,Autre collision,4,2,2,0,1,1,1,2,1,20,1,2,1,0,0,1,29.0,,deux_roues,,1,2,1,1,6
202400045568,2024-05-07 19:30:00,2024,5,7,19,30,69,69389,Rue de Saint-Cyr,45.78396,4.8082,Plein jour,En agglomération,Intersection en T,Pluie légère,Deux véhicules - côté,4,1,1,0,1,1,2,0,1,30,2,2,1,0,0,1,60.0,56.0,deux_roues,utilitaire_camion,1,2,3,2,3
202400045568,2024-05-07 19:30:00,2024,5,7,19,30,69,69389,Rue de Saint-Cyr,45.78396,4.8082,Plein jour,En agglomération,Intersection en T,Pluie légère,Deux véhicules - côté,4,2,4,2,1,1,2,0,5,50,2,2,1,0,0,1,60.0,56.0,deux_roues,utilitaire_camion,1,2,3,2,3
202400045569,2024-08-20 17:35:00,2024,8,20,17,35,95,95574,D401,49.00027196,2.26207316,Plein jour,En agglomération,Hors intersection,Normale,Autre collision,3,1,0,0,1,1,1,0,1,50,1,1,0,0,0,1,69.0,,voiture,,1,2,1,1,6
202400045570,2024-07-13 15:45:00,2024,7,13,15,45,64,64102,SOULT (AVENUE MARECHAL),43.48752,-1.48353,Plein jour,En agglomération,Hors intersection,Normale,Deux véhicules - côté,3,3,6,3,1,1,1,0,1,50,2,2,1,0,0,1,30.0,24.0,deux_roues,voiture,1,2,1,1,3
202400045571,2024-02-19 17:20:00,2024,2,19,17,20,94,94041,Avenue de Verdun,48.80856883,2.37368068,Plein jour,En agglomération,Hors intersection,Normale,Deux véhicules - frontale,3,3,4,1,1,1,1,0,5,30,2,2,1,0,0,1,39.0,30.0,deux_roues,deux_roues,1,2,1,1,1
202400045572,2024-06-13 16:40:00,2024,6,13,16,40,37,37261,PONT CHER (AVENUE DE),47.37163,0.67777,Plein jour,En agglomération,Autre intersection,Normale,Deux véhicules - côté,4,2,4,0,1,1,1,0,6,50,2,2,1,0,0,1,29.0,33.0,deux_roues,voiture,1,2,9,1,3
202400045573,2024-05-07 12:38:00,2024,5,7,12,38,2B,2B033,TOUTES RUES,42.4043,9.2345,Plein jour,Hors agglomération,Hors intersection,Brouillard / fumée,Deux véhicules - côté,3,-1,2,0,2,3,1,0,1,50,2,4,2,0,0,2,80.0,25.0,voiture,utilitaire_camion,1,1,1,5,3
202400045574,2024-03-30 18:30:00,2024,3,30,18,30,27,27681,CAPUCINS (AVENUE DES),49.08719,1.46529,Plein jour,En agglomération,Hors intersection,Normale,Sans collision,4,3,2,0,1,1,1,9,1,50,2,2,1,0,0,1,44.0,40.0,voiture,deux_roues,1,2,1,1,7
202400045575,2024-02-20 01:00:00,2024,2,20,1,0,94,94069,Pont de Charenton / Quai des Carrières,48.81782,2.41971,Nuit avec éclairage allumé,En agglomération,Intersection en X,Normale,Deux véhicules - côté,3,2,2,1,1,1,1,0,1,30,2,2,1,0,1,0,31.0,27.0,deux_roues,voiture,5,2,2,1,3
202400045575,2024-02-20 01:00:00,2024,2,20,1,0,94,94069,Pont de Charenton / Quai des Carrières,48.81782,2.41971,Nuit avec éclairage allumé,En agglomération,Intersection en X,Normale,Deux véhicules - côté,3,3,6,1,1,2,1,2,1,30,2,2,1,0,1,0,31.0,27.0,deux_roues,voiture,5,2,2,1,3
202400045576,2024-07-11 18:38:00,2024,7,11,18,38,62,62193,Quai de l’Escaut,50.95474,1.84997,Plein jour,En agglomération,Giratoire,Normale,Autre collision,4,2,2,0,1,1,1,0,3,30,1,1,0,1,0,0,73.0,,utilitaire_camion,,1,2,6,1,6
202400045576,2024-07-11 18:38:00,2024,7,11,18,38,62,62193,Quai de l’Escaut,50.95474,1.84997,Plein jour,En agglomération,Giratoire,Normale,Autre collision,4,1,2,0,1,2,1,5,3,30,1,1,0,1,0,0,73.0,,utilitaire_camion,,1,2,6,1,6
202400045577,2024-08-20 19:40:00,2024,8,20,19,40,91,91027,AV FRANCOIS MITTERRAND,48.7131904,2.37128071,Plein jour,En agglomération,Hors intersection,Pluie légère,Deux véhicules - côté,3,1,0,0,1,1,2,0,1,70,2,3,0,0,0,3,25.0,23.0,voiture,voiture,1,2,1,2,3
202400045578,2024-03-31 00:35:00,2024,3,31,0,35,13,13212,DOCTEUR GIRBAL (rue),43.27688,5.4328,Nuit avec éclairage allumé,En agglomération,Hors intersection,Pluie légère,Autre collision,4,2,2,0,2,1,2,0,1,50,2,2,1,0,1,0,26.0,20.0,voiture,deux_roues,5,2,1,2,6
202400045579,2024-05-06 18:20:00,2024,5,6,18,20,971,97101,PALAIS ROYAL,16.29373221,-61.49475396,Nuit avec éclairage allumé,En agglomération,Intersection en X,Normale,Deux véhicules - côté,3,2,2,0,1,1,1,0,1,50,2,4,1,0,0,3,61.0,35.0,voiture,voiture,5,2,2,1,3
202400045579,2024-05-06 18:20:00,2024,5,6,18,20,971,97101,PALAIS ROYAL,16.29373221,-61.49475396,Nuit avec éclairage allumé,En agglomération,Intersection en X,Normale,Deux véhicules - côté,3,2,2,0,1,1,1,0,1,50,2,4,1,0,0,3,61.0,35.0,voiture,voiture,5,2,2,1,3
202400045580,2024-06-13 17:20:00,2024,6,13,17,20,35,35238,TILLON (AVENUE CHARLES),48.12453127,-1.70975,Plein jour,En agglomération,Intersection en T,Pluie légère,Deux véhicules - côté,4,2,2,0,1,1,2,0,1,30,2,3,2,0,0,1,35.0,35.0,voiture,voiture,1,2,3,2,3
202400045580,2024-06-13 17:20:00,2024,6,13,17,20,35,35238,TILLON (AVENUE CHARLES),48.12453127,-1.70975,Plein jour,En agglomération,Intersection en T,Pluie légère,Deux véhicules - côté,4,3,4,0,1,1,2,0,1,50,2,3,2,0,0,1,35.0,35.0,voiture,voiture,1,2,3,2,3
202400045581,2024-02-19 16:50:00,2024,2,19,16,50,94,94028,Avenue de la Pompadour,48.77287,2.43446,Plein jour,En agglomération,Hors intersection,Normale,Autre collision,3,3,4,3,2,1,1,-1,6,50,1,3,2,0,0,1,27.0,,transport_commun,,1,2,1,1,6
202400045582,2024-05-07 17:15:00,2024,5,7,17,15,95,95585,PIERRE KOENIG (AVENUE),48.98112299,2.37882435,Plein jour,En agglomération,Hors intersection,Normale,Deux véhicules - arrière,4,2,2,0,1,1,1,0,1,50,2,2,1,0,0,1,48.0,18.0,voiture,deux_roues,1,2,1,1,2
202400045583,2024-02-19 17:45:00,2024,2,19,17,45,93,93077,Rue du Parc / Rue de la Prévoyance,48.88112,2.52621,Crépuscule ou aube,En agglomération,Intersection en X,Pluie légère,Deux véhicules - côté,4,1,1,0,1,1,2,0,1,50,2,2,1,0,0,1,65.0,53.0,voiture,utilitaire_camion,2,2,2,2,3
202400045584,2024-07-14 18:15:00,2024,7,14,18,15,62,62445,D181,50.49313166,2.59498824,Plein jour,Hors agglomération,Hors intersection,Normale,Trois véhicules et plus - collisions multiples,3,2,2,0,1,1,1,0,1,80,3,5,0,1,0,4,61.0,53.0,voiture,voiture,1,1,1,1,5
202400045585,2024-06-13 08:30:00,2024,6,13,8,30,33,33162,,44.8627,-0.64957,Plein jour,En agglomération,Intersection en T,Normale,Deux véhicules - côté,4,2,3,3,1,1,1,-1,1,50,2,2,1,0,0,1,22.0,45.0,deux_roues,voiture,1,2,3,1,3
202400045585,2024-06-13 08:30:00,2024,6,13,8,30,33,33162,,44.8627,-0.64957,Plein jour,En agglomération,Intersection en T,Normale,Deux véhicules - côté,4,1,1,0,1,1,1,0,1,30,2,2,1,0,0,1,22.0,45.0,deux_roues,voiture,1,2,3,1,3
202400045586,2024-05-07 18:05:00,2024,5,7,18,5,95,95607,D928,49.02306815,2.23316133,Plein jour,En agglomération,Hors intersection,Pluie légère,Autre collision,3,1,2,0,1,1,2,0,4,50,2,2,1,0,0,1,52.0,29.0,deux_roues,voiture,1,2,1,2,6
202400045587,2024-03-31 22:55:00,2024,3,31,22,55,11,11069,,43.19924,2.3272,Nuit sans éclairage public,En agglomération,Intersection en X,Pluie légère,Deux véhicules - côté,3,4,4,0,1,1,2,0,1,50,2,5,1,0,0,4,23.0,27.0,voiture,voiture,3,2,2,2,3
202400045587,2024-03-31 22:55:00,2024,3,31,22,55,11,11069,,43.19924,2.3272,Nuit sans éclairage public,En agglomération,Intersection en X,Pluie légère,Deux véhicules - côté,3,4,2,0,2,2,2,0,1,50,2,5,1,0,0,4,23.0,27.0,voiture,voiture,3,2,2,2,3
202400045588,2024-08-21 08:11:00,2024,8,21,8,11,91,91223,LYS (RUE DES),48.43676,2.13637,Plein jour,En agglomération,Hors intersection,Normale,Trois véhicules et plus - en chaîne,4,2,2,0,2,1,1,0,1,50,4,5,2,0,0,3,23.0,36.0,voiture,voiture,1,2,1,1,4
202400045589,2024-02-20 19:00:00,2024,2,20,19,0,92,92064,MARCEL DASSAULT,48.85682111,2.22335529,Nuit avec éclairage allumé,En agglomération,Hors intersection,Normale,Deux véhicules - arrière,3,2,3,0,1,1,1,0,1,50,2,2,1,0,0,1,52.0,52.0,voiture,voiture,5,2,1,1,2
202400045590,2024-06-13 00:15:00,2024,6,13,0,15,33,33119,,44.85382,-0.53791,Nuit avec éclairage allumé,En agglomération,Autre intersection,Normale,Autre collision,4,1,2,3,1,1,1,-1,5,30,1,1,0,1,0,0,22.0,,deux_roues,,5,2,9,1,6
202400045591,2024-05-07 20:30:00,2024,5,7,20,30,95,95427,D311,48.97669164,2.34815106,Plein jour,En agglomération,Hors intersection,Normale,Deux véhicules - côté,3,2,2,0,1,1,1,0,1,30,2,2,1,0,0,1,59.0,17.0,voiture,deux_roues,1,2,1,1,3
202400045592,2024-07-11 16:10:00,2024,7,11,16,10,61,61169,VC,48.745859,-0.557843,Plein jour,En agglomération,Intersection en T,Normale,Deux véhicules - côté,4,2,2,0,2,2,1,0,1,50,2,2,1,0,0,1,42.0,60.0,deux_roues,voiture,1,2,3,1,3
202400045592,2024-07-11 16:10:00,2024,7,11,16,10,61,61169,VC,48.745859,-0.557843,Plein jour,En agglomération,Intersection en T,Normale,Deux véhicules - côté,4,2,2,1,1,1,1,0,5,30,2,2,1,0,0,1,42.0,60.0,deux_roues,voiture,1,2,3,1,3
202400045593,2024-06-13 15:15:00,2024,6,13,15,15,31,31555,RUE COMBY,43.59659,1.46345,Plein jour,En agglomération,Hors intersection,Normale,Autre collision,4,1,1,0,1,2,1,0,1,30,1,2,1,0,0,1,21.0,,utilitaire_camion,,1,2,1,1,6
202400045594,2024-02-20 15:20:00,2024,2,20,15,20,92,92064,CARNOT,48.84583979,2.22383961,Plein jour,En agglomération,Autre intersection,Temps couvert,Deux véhicules - arrière,3,2,3,0,1,1,1,0,1,50,2,3,2,0,0,1,24.0,65.0,deux_roues,voiture,1,2,9,8,2
202400045595,2024-08-21 08:41:00,2024,8,21,8,41,87,87085,LATTRE-DE-TASSIGNY (AVENUE DU MARECHAL),45.825299,1.272431,Plein jour,En agglomération,Intersection en T,Normale,Autre collision,3,4,2,0,1,1,1,0,1,50,1,2,1,0,0,1,53.0,,utilitaire_camion,,1,2,3,1,6
202400045595,2024-08-21 08:41:00,2024,8,21,8,41,87,87085,LATTRE-DE-TASSIGNY (AVENUE DU MARECHAL),45.825299,1.272431,Plein jour,En agglomération,Intersection en T,Normale,Autre collision,3,1,2,0,2,2,1,0,1,30,1,2,1,0,0,1,53.0,,utilitaire_camion,,1,2,3,1,6
202400045596,2024-05-07 16:20:00,2024,5,7,16,20,95,95598,D109P,48.99538153,2.30252276,Plein jour,En agglomération,Giratoire,Normale,Deux véhicules - côté,3,-1,2,0,1,3,1,0,1,30,2,2,1,0,0,1,71.0,18.0,voiture,deux_roues,1,2,6,1,3
202400045596,2024-05-07 16:20:00,2024,5,7,16,20,95,95598,D109P,48.99538153,2.30252276,Plein jour,En agglomération,Giratoire,Normale,Deux véhicules - côté,3,2,2,0,1,1,1,0,1,30,2,2,1,0,0,1,71.0,18.0,voiture,deux_roues,1,2,6,1,3
202400045597,2024-03-31 20:54:00,2024,3,31,20,54,10,10387,VICTOR HUGO (RUE),48.2934,4.0687,Nuit avec éclairage allumé,En agglomération,Intersection en T,Normale,Deux véhicules - côté,4,1,2,0,2,1,1,0,1,50,2,3,1,0,0,2,18.0,58.0,deux_roues,voiture,5,2,3,1,3
202400045597,2024-03-31 20:54:00,2024,3,31,20,54,10,10387,VICTOR HUGO (RUE),48.2934,4.0687,Nuit avec éclairage allumé,En agglomération,Intersection en T,Normale,Deux véhicules - côté,4,3,4,0,2,1,1,0,1,50,2,3,1,0,0,2,18.0,58.0,deux_roues,voiture,5,2,3,1,3
202400045598,2024-03-30 18:20:00,2024,3,30,18,20,01,01053,GAMBETTA,46.205193,5.227127,Crépuscule ou aube,En agglomération,Place,Pluie forte,Autre collision,4,1,1,0,1,1,2,6,1,30,1,2,1,0,0,1,21.0,,voiture,,2,2,7,3,6
202400045599,2024-08-21 05:56:00,2024,8,21,5,56,86,86158,Rue de Saumur,46.63283,0.301721,Nuit sans éclairage public,En agglomération,Intersection en Y,Normale,Deux véhicules - côté,3,2,2,-1,1,3,1,0,1,50,2,2,1,0,1,0,28.0,35.0,voiture,deux_roues,3,2,4,1,3
202400045599,2024-08-21 05:56:00,2024,8,21,5,56,86,86158,Rue de Saumur,46.63283,0.301721,Nuit sans éclairage public,En agglomération,Intersection en Y,Normale,Deux véhicules - côté,3,2,2,0,1,1,1,0,1,50,2,2,1,0,1,0,28.0,35.0,voiture,deux_roues,3,2,4,1,3
202400045600,2024-05-07 07:10:00,2024,5,7,7,10,95,95427,D193E,48.97385572,2.34923959,Plein jour,En agglomération,Intersection en X,Normale,Deux véhicules - côté,3,2,2,0,1,1,1,0,1,50,2,2,1,0,0,1,36.0,33.0,deux_roues,utilitaire_camion,1,2,2,1,3
202400045600,2024-05-07 07:10:00,2024,5,7,7,10,95,95427,D193E,48.97385572,2.34923959,Plein jour,En agglomération,Intersection en X,Normale,Deux véhicules - côté,3,2,2,0,1,1,1,0,1,50,2,2,1,0,0,1,36.0,33.0,deux_roues,utilitaire_camion,1,2,2,1,3
202400045601,2024-06-12 17:55:00,2024,6,12,17,55,30,30028,ROUTE D'AVIGNON,44.14862,4.6544,Plein jour,Hors agglomération,Hors intersection,Normale,Trois véhicules et plus - en chaîne,2,2,2,0,1,1,1,0,1,80,3,4,3,0,1,0,57.0,81.0,voiture,voiture,1,1,1,1,4
202400045602,2024-02-20 12:55:00,2024,2,20,12,55,92,92050,ACACIAS RUE DES,48.89997276,2.19036564,Plein jour,En agglomération,Hors intersection,Normale,Deux véhicules - côté,4,2,1,0,1,1,1,0,1,50,2,6,4,0,0,2,22.0,35.0,voiture,voiture,1,2,1,1,3
202400045603,2024-07-15 05:05:00,2024,7,15,5,5,60,60175,Rue Henri Dunant,49.2504133,2.46706045,Crépuscule ou aube,En agglomération,Autre intersection,Normale,Trois véhicules et plus - collisions multiples,4,2,2,0,1,1,1,0,1,30,3,7,2,0,0,5,,77.0,voiture,voiture,2,2,9,1,5
202400045604,2024-05-06 11:30:00,2024,5,6,11,30,95,95427,D193,48.96247123,2.33341745,Plein jour,En agglomération,Hors intersection,Normale,Deux véhicules - côté,3,2,2,0,1,1,1,0,1,30,2,2,1,0,0,1,46.0,,deux_roues,voiture,1,2,1,1,3
202400045605,2024-06-12 17:40:00,2024,6,12,17,40,29,29173,Route d'Audierne,48.00114248,-4.15867275,Plein jour,Hors agglomération,Hors intersection,Normale,Autre collision,3,1,4,0,1,1,1,0,1,90,1,1,0,0,0,1,26.0,,voiture,,1,1,1,1,6
202400045606,2024-02-19 10:00:00,2024,2,19,10,0,92,92044,JEAN JAURES(RUE)101A+ ET 104A+,48.89606649,2.29762799,Plein jour,Hors agglomération,Intersection en T,Normale,Autre collision,4,-1,2,1,1,1,1,0,1,50,1,2,0,0,0,2,36.0,,deux_roues,,1,1,3,1,6
202400045606,2024-02-19 10:00:00,2024,2,19,10,0,92,92044,JEAN JAURES(RUE)101A+ ET 104A+,48.89606649,2.29762799,Plein jour,Hors agglomération,Intersection en T,Normale,Autre collision,4,-1,1,0,1,1,1,0,1,50,1,2,0,0,0,2,36.0,,deux_roues,,1,1,3,1,6
202400045607,2024-08-21 18:30:00,2024,8,21,18,30,84,84035,MARSEILLE-RD938 (ROUTE DE),43.82766,5.03266,Plein jour,En agglomération,Hors intersection,Normale,Deux véhicules - frontale,3,2,2,0,2,3,1,2,1,50,2,6,4,0,0,2,45.0,36.0,voiture,voiture,1,2,1,1,1
202400045608,2024-05-07 14:50:00,2024,5,7,14,50,91,91657, HENRI BARBUSSE (AVENUE),48.70084,2.42226,Plein jour,En agglomération,Hors intersection,Normale,Deux véhicules - côté,3,2,3,0,1,1,1,0,1,50,2,2,1,0,1,0,63.0,58.0,voiture,deux_roues,1,2,1,1,3
202400045609,2024-06-13 15:00:00,2024,6,13,15,0,26,26198,AURIOL ( Bd du président Vincent),44.537928,4.76512671,Plein jour,En agglomération,Hors intersection,Normale,Deux véhicules - arrière,3,2,2,0,1,1,1,0,1,50,2,2,0,0,0,2,65.0,36.0,voiture,voiture,1,2,1,1,2
202400045610,2024-07-15 12:45:00,2024,7,15,12,45,59,59648,CLEMENCEAU RUE,50.58757,3.05144,Plein jour,En agglomération,Intersection en X,Normale,Deux véhicules - côté,7,2,2,0,1,1,1,0,1,50,2,2,1,0,0,1,31.0,35.0,voiture,voiture,1,2,2,1,3
202400045610,2024-07-15 12:45:00,2024,7,15,12,45,59,59648,CLEMENCEAU RUE,50.58757,3.05144,Plein jour,En agglomération,Intersection en X,Normale,Deux véhicules - côté,7,1,2,0,1,1,1,0,1,50,2,2,1,0,0,1,31.0,35.0,voiture,voiture,1,2,2,1,3
202400045611,2024-08-02 19:00:00,2024,8,2,19,0,84,84007,BOMPAS (Chemin de)-MONTFAVET,43.89003,4.91616,Plein jour,Hors agglomération,Autre intersection,Normale,Sans collision,4,2,2,0,1,1,1,0,1,50,1,1,0,0,0,1,29.0,,deux_roues,,1,1,9,1,7
202400045612,2024-02-19 18:10:00,2024,2,19,18,10,92,92036,PIERRE DE COUBERTIN (BOULEVARD) (PORT ->,48.93582223,2.27971154,Nuit avec éclairage non allumé,Hors agglomération,Intersection en X,Pluie légère,Trois véhicules et plus - en chaîne,1,1,0,0,2,1,2,0,1,50,3,4,2,0,0,2,38.0,30.0,voiture,voiture,4,1,2,2,4
202400045612,2024-02-19 18:10:00,2024,2,19,18,10,92,92036,PIERRE DE COUBERTIN (BOULEVARD) (PORT ->,48.93582223,2.27971154,Nuit avec éclairage non allumé,Hors agglomération,Intersection en X,Pluie légère,Trois véhicules et plus - en chaîne,1,1,0,0,2,2,2,3,1,50,3,4,2,0,0,2,38.0,30.0,voiture,voiture,4,1,2,2,4
202400045613,2024-06-12 20:40:00,2024,6,12,20,40,22,22278,CITE (PL. DE LA),48.51427,-2.74082,Plein jour,En agglomération,Hors intersection,Normale,Autre collision,4,2,3,0,1,1,1,0,1,30,1,2,1,0,0,1,71.0,,voiture,,1,2,1,1,6
202400045614,2024-02-20 14:30:00,2024,2,20,14,30,92,92060,REPUBLIQUE (AVENUE DE LA) (RD 60),48.78198,2.27045,Plein jour,En agglomération,Hors intersection,Normale,Autre collision,4,2,2,0,1,3,1,9,1,50,1,2,1,0,1,0,25.0,,voiture,,1,2,1,1,6
202400045615,2024-08-21 20:30:00,2024,8,21,20,30,83,83090,FAVEYROLLES (ROUTE DE),43.13763065,5.87253678,Plein jour,En agglomération,Hors intersection,Normale,Autre collision,3,2,2,0,2,1,1,0,3,50,1,2,0,0,2,0,17.0,,deux_roues,,1,2,1,1,6
202400045616,2024-06-12 17:04:00,2024,6,12,17,4,19,19031,PUYBLANC (BOULEVARD DE),45.15672722,1.53392297,Plein jour,En agglomération,Hors intersection,Normale,Deux véhicules - côté,4,1,3,0,1,1,1,0,1,30,2,2,0,0,0,2,15.0,15.0,deux_roues,deux_roues,1,2,1,1,3
202400045617,2024-07-12 07:30:00,2024,7,12,7,30,59,59178,LILLE (PONT DE),50.37921,3.09035,Plein jour,En agglomération,Hors intersection,Normale,Deux véhicules - arrière,4,2,2,0,1,1,1,0,1,50,2,2,1,0,1,0,24.0,42.0,voiture,deux_roues,1,2,1,1,2