accident_id,datetime,annee,mois,jour,heure,minute,departement,commune_insee,adresse,latitude,longitude,luminosite,agglomeration,intersection,meteo,collision,catr,circ,nbv,vosp,prof,plan,surf,infra,situ,vma,nb_vehicules,nb_usagers,nb_indemnes,nb_tues,nb_blesses_hosp,nb_blesses_legers,age_cond_1,age_cond_2,veh_type_cond_1,veh_type_cond_2,lum_code,agg_code,int_code,atm_code,col_code
202400045618,2024-06-12 17:10:00,2024,6,12,17,10,17,17415,MONNET AVENUE JEAN,45.74478,-0.60481,Plein jour,En agglomération,Hors intersection,Normale,Deux véhicules - côté,4,2,2,0,2,1,1,0,1,30,2,2,1,0,0,1,50.0,49.0,deux_roues,voiture,1,2,1,1,3
202400045619,2024-02-20 15:50:00,2024,2,20,15,50,92,92004,AULAGNIER ( QUAI ),48.91242147,2.30305579,Plein jour,Hors agglomération,Hors intersection,Normale,Deux véhicules - côté,3,1,2,0,1,1,1,0,1,70,2,2,1,0,0,1,,29.0,voiture,deux_roues,1,1,1,1,3
202400045620,2024-08-21 19:50:00,2024,8,21,19,50,82,82121,rue de pater,44.032755,1.364311,Plein jour,En agglomération,Hors intersection,Normale,Deux véhicules - côté,4,2,2,0,1,1,1,0,1,50,2,2,1,0,0,1,38.0,32.0,deux_roues,voiture,1,2,1,1,3
202400045621,2024-06-13 08:15:00,2024,6,13,8,15,13,13117,RABIN ( AVENUE YITZHAK ),43.44854,5.24656,Plein jour,En agglomération,Intersection en X,Normale,Deux véhicules - côté,4,3,4,0,1,1,1,5,1,50,2,2,1,0,0,1,50.0,29.0,voiture,voiture,1,2,2,1,3
202400045621,2024-06-13 08:15:00,2024,6,13,8,15,13,13117,RABIN ( AVENUE YITZHAK ),43.44854,5.24656,Plein jour,En agglomération,Intersection en X,Normale,Deux véhicules - côté,4,3,4,0,1,1,1,5,1,50,2,2,1,0,0,1,50.0,29.0,voiture,voiture,1,2,2,1,3
202400045622,2024-02-12 18:25:00,2024,2,12,18,25,35,35195,Le Stand,48.304511,-1.682587,Nuit sans éclairage public,Hors agglomération,Hors intersection,Normale,Autre collision,3,2,2,0,1,4,1,0,3,50,1,1,0,0,0,1,36.0,,deux_roues,,3,1,1,1,6
202400045623,2024-07-14 17:35:00,2024,7,14,17,35,57,57283,METZ (RUE DE),49.25316,6.16986,Plein jour,En agglomération,Hors intersection,Normale,Deux véhicules - côté,3,2,2,0,1,1,1,0,1,50,2,2,1,0,1,0,24.0,28.0,voiture,deux_roues,1,2,1,1,3
202400045624,2024-08-20 14:10:00,2024,8,20,14,10,80,80131,Rue Manasses Barbier,49.85313,2.37924,Plein jour,En agglomération,Hors intersection,Pluie forte,Deux véhicules - frontale,4,2,2,0,1,1,2,0,1,50,2,2,1,0,0,1,70.0,85.0,voiture,voiture,1,2,1,3,1
202400045625,2024-06-12 16:00:00,2024,6,12,16,0,13,13117,CD 9 ESTROUBLANS,43.42499,5.24803,Plein jour,En agglomération,Hors intersection,Normale,Deux véhicules - arrière,3,1,2,0,1,1,1,0,1,90,2,2,1,0,0,1,52.0,30.0,voiture,voiture,1,2,1,1,2
202400045626,2024-02-20 15:25:00,2024,2,20,15,25,33,33393,54 Route de Guîtres,45.007624,-0.196318,Plein jour,Hors agglomération,Hors intersection,Normale,Autre collision,3,2,2,0,1,1,1,0,1,80,1,1,0,0,1,0,73.0,,voiture,,1,1,1,1,6
202400045627,2024-07-15 09:59:00,2024,7,15,9,59,56,56260,Giratoire de la Gare,47.66399,-2.75583,Plein jour,En agglomération,Giratoire,Normale,Deux véhicules - côté,4,1,2,0,2,2,2,5,1,50,2,2,1,0,0,1,17.0,86.0,deux_roues,voiture,1,2,6,1,3
202400045628,2024-06-14 01:25:00,2024,6,14,1,25,13,13047,FOS (ROUTE DE) - RN 569,43.48832,4.9636,Nuit sans éclairage public,Hors agglomération,Passage à niveau,Normale,Sans collision,2,2,2,0,1,1,1,4,8,80,1,2,1,0,0,1,,,voiture,,3,1,8,1,7
202400045628,2024-06-14 01:25:00,2024,6,14,1,25,13,13047,FOS (ROUTE DE) - RN 569,43.48832,4.9636,Nuit sans éclairage public,Hors agglomération,Passage à niveau,Normale,Sans collision,2,1,2,0,2,1,1,4,8,80,1,2,1,0,0,1,,,voiture,,3,1,8,1,7
202400045629,2024-02-20 22:15:00,2024,2,20,22,15,83,83148,D48,43.393443,6.437954,Nuit sans éclairage public,Hors agglomération,Hors intersection,Normale,Sans collision,3,2,2,0,1,2,1,0,3,80,1,1,0,0,0,1,28.0,,voiture,,3,1,1,1,7
202400045630,2024-02-20 23:00:00,2024,2,20,23,0,51,51559,D977,49.09397684,4.49265718,Nuit sans éclairage public,Hors agglomération,Hors intersection,Normale,Autre collision,3,2,2,0,1,1,1,0,8,90,1,1,0,0,1,0,22.0,,voiture,,3,1,1,1,6
202400045631,2024-06-12 19:25:00,2024,6,12,19,25,12,12089,ESTAQUES (LES),44.56869,2.24871,Plein jour,Hors agglomération,Hors intersection,Normale,Deux véhicules - côté,3,2,2,0,2,2,1,0,1,70,2,2,1,0,1,0,14.0,24.0,deux_roues,voiture,1,1,1,1,3
202400045632,2024-07-15 18:30:00,2024,7,15,18,30,54,54528,28 Rue Louis Majorelle,48.69125,5.89635,Plein jour,En agglomération,Hors intersection,Temps couvert,Deux véhicules - côté,4,1,1,0,2,1,1,0,1,30,2,2,1,0,0,1,42.0,16.0,voiture,deux_roues,1,2,1,8,3
202400045633,2024-02-20 17:20:00,2024,2,20,17,20,58,58227,73 Route de Cosne,47.528106,3.064035,Plein jour,En agglomération,Hors intersection,Normale,Deux véhicules - frontale,3,-1,2,0,1,1,1,0,1,50,1,1,0,0,1,0,89.0,,voiture,,1,2,1,1,1
202400045634,2024-06-13 07:40:00,2024,6,13,7,40,11,11069,,43.21278,2.35342,Plein jour,En agglomération,Hors intersection,Normale,Autre collision,4,1,1,0,1,1,1,0,1,30,1,2,1,0,0,1,,,voiture,,1,2,1,1,6
202400045635,2024-07-15 00:50:00,2024,7,15,0,50,54,54395,Rue du Docteur Achille Levy,48.67857,6.1972,Nuit avec éclairage allumé,En agglomération,Hors intersection,Normale,Deux véhicules - frontale,4,1,1,1,2,1,1,0,1,30,2,2,1,0,0,1,29.0,23.0,deux_roues,voiture,5,2,1,1,1
202400045636,2024-02-19 17:05:00,2024,2,19,17,5,57,57392,RD9999,49.03876132,6.35535857,Plein jour,Hors agglomération,Hors intersection,Normale,Deux véhicules - frontale,3,2,2,0,1,2,1,0,1,80,2,2,0,0,2,0,53.0,32.0,voiture,voiture,1,1,1,1,1
202400045637,2024-06-10 17:45:00,2024,6,10,17,45,11,11069,,43.23163,2.37431,Plein jour,Hors agglomération,Hors intersection,Normale,Deux véhicules - arrière,3,2,2,0,1,1,1,0,1,80,2,3,2,0,0,1,33.0,,voiture,voiture,1,1,1,1,2
202400045638,2024-06-27 07:40:00,2024,6,27,7,40,76,76322,Avenue du Gal Leclerc,49.41415,1.04465,Plein jour,En agglomération,Giratoire,Normale,Deux véhicules - arrière,7,1,2,0,1,2,1,-1,1,50,2,2,1,0,0,1,54.0,36.0,deux_roues,utilitaire_camion,1,2,6,1,2
202400045638,2024-06-27 07:40:00,2024,6,27,7,40,76,76322,Avenue du Gal Leclerc,49.41415,1.04465,Plein jour,En agglomération,Giratoire,Normale,Deux véhicules - arrière,7,2,4,0,1,1,1,-1,1,50,2,2,1,0,0,1,54.0,36.0,deux_roues,utilitaire_camion,1,2,6,1,2
202400045639,2024-02-12 18:30:00,2024,2,12,18,30,79,79208,,46.665372,-0.155445,Nuit avec éclairage allumé,Hors agglomération,Hors intersection,Normale,Sans collision,3,2,2,0,1,1,2,0,3,80,1,1,0,0,1,0,69.0,,voiture,,5,1,1,1,7
202400045640,2024-06-13 22:20:00,2024,6,13,22,20,09,09122,RD 919,42.996375,1.615247,Nuit sans éclairage public,En agglomération,Hors intersection,Normale,Deux véhicules - frontale,3,2,2,0,1,1,1,0,1,50,2,3,0,0,0,3,36.0,64.0,voiture,voiture,3,2,1,1,1
202400045641,2024-07-15 14:45:00,2024,7,15,14,45,51,51172,GOISSES,49.21602,4.05756,Plein jour,En agglomération,Giratoire,Normale,Autre collision,4,-1,0,0,1,2,1,0,8,50,1,2,1,0,0,1,54.0,,voiture,,1,2,6,1,6
202400045641,2024-07-15 14:45:00,2024,7,15,14,45,51,51172,GOISSES,49.21602,4.05756,Plein jour,En agglomération,Giratoire,Normale,Autre collision,4,3,0,0,1,3,1,0,1,50,1,2,1,0,0,1,54.0,,voiture,,1,2,6,1,6
202400045642,2024-02-20 17:40:00,2024,2,20,17,40,79,79185,,46.293504,-0.285387,Plein jour,En agglomération,Hors intersection,Normale,Deux véhicules - côté,4,2,2,0,1,1,1,0,4,30,2,2,1,0,0,1,13.0,59.0,deux_roues,voiture,1,2,1,1,3
202400045643,2024-08-21 10:10:00,2024,8,21,10,10,71,71499,JEAN LAVILLE (RUE),46.64653,4.29397,Plein jour,En agglomération,Intersection en X,Normale,Deux véhicules - côté,3,2,2,0,1,1,1,0,1,50,2,2,1,0,0,1,26.0,57.0,deux_roues,voiture,1,2,2,1,3
202400045643,2024-08-21 10:10:00,2024,8,21,10,10,71,71499,JEAN LAVILLE (RUE),46.64653,4.29397,Plein jour,En agglomération,Intersection en X,Normale,Deux véhicules - côté,3,2,2,0,1,1,1,0,1,50,2,2,1,0,0,1,26.0,57.0,deux_roues,voiture,1,2,2,1,3
202400045644,2024-06-13 18:25:00,2024,6,13,18,25,07,07316,LYON (ROUTE DE),44.90853,4.85369,Plein jour,Hors agglomération,Hors intersection,Normale,Deux véhicules - côté,3,2,2,0,1,1,1,0,1,90,2,2,0,0,0,2,44.0,46.0,voiture,voiture,1,1,1,1,3
202400045645,2024-02-21 18:30:00,2024,2,21,18,30,80,80500,,50.012855,1.609883,Nuit sans éclairage public,En agglomération,Hors intersection,Pluie légère,Deux véhicules - côté,3,2,2,0,2,2,2,0,1,50,2,2,1,1,0,0,47.0,49.0,deux_roues,utilitaire_camion,3,2,1,2,3
202400045646,2024-06-12 14:11:00,2024,6,12,14,11,06,06088,21 Rue Paganini,43.70313,7.26394,Plein jour,En agglomération,Hors intersection,Normale,Autre collision,4,1,1,0,1,1,1,0,4,30,1,2,1,0,1,0,,,deux_roues,,1,2,1,1,6
202400045647,2024-07-10 05:30:00,2024,7,10,5,30,51,51160,TROYES (RTE DE),48.9408949,4.3402219,Crépuscule ou aube,Hors agglomération,Hors intersection,Normale,Deux véhicules - arrière,3,2,3,0,1,1,1,0,1,50,2,2,1,0,1,0,51.0,34.0,deux_roues,voiture,2,1,1,1,2
202400045648,2024-08-20 19:38:00,2024,8,20,19,38,64,64102,LASSEGUETTE (CHEMIN DE),43.47994,-1.47839,Plein jour,En agglomération,Giratoire,Normale,Deux véhicules - frontale,4,2,2,0,1,2,1,0,1,50,2,2,1,0,0,1,21.0,39.0,deux_roues,utilitaire_camion,1,2,6,1,1
202400045649,2024-02-21 08:00:00,2024,2,21,8,0,71,71374,D981,46.73425708,4.71040714,Plein jour,Hors agglomération,Intersection en Y,Normale,Deux véhicules - frontale,3,2,2,0,2,3,1,0,1,80,2,2,1,1,0,0,33.0,75.0,deux_roues,voiture,1,1,4,1,1
202400045649,2024-02-21 08:00:00,2024,2,21,8,0,71,71374,D981,46.73425708,4.71040714,Plein jour,Hors agglomération,Intersection en Y,Normale,Deux véhicules - frontale,3,2,2,0,1,3,1,0,8,20,2,2,1,1,0,0,33.0,75.0,deux_roues,voiture,1,1,4,1,1
202400045650,2024-06-13 20:50:00,2024,6,13,20,50,06,06069,54 Chemin des Capucins,43.64979,6.93157,Plein jour,En agglomération,Giratoire,Normale,Deux véhicules - côté,4,4,2,0,1,1,1,9,1,50,2,2,1,0,0,1,44.0,19.0,utilitaire_camion,deux_roues,1,2,6,1,3
202400045650,2024-06-13 20:50:00,2024,6,13,20,50,06,06069,54 Chemin des Capucins,43.64979,6.93157,Plein jour,En agglomération,Giratoire,Normale,Deux véhicules - côté,4,4,2,0,1,1,1,9,8,50,2,2,1,0,0,1,44.0,19.0,utilitaire_camion,deux_roues,1,2,6,1,3
202400045651,2024-07-14 09:55:00,2024,7,14,9,55,49,49099,RD160,47.03628,-0.90566,Plein jour,Hors agglomération,Giratoire,Normale,Autre collision,3,2,0,0,1,1,1,0,3,70,1,2,1,0,1,0,24.0,,deux_roues,,1,1,6,1,6
202400045651,2024-07-14 09:55:00,2024,7,14,9,55,49,49099,RD160,47.03628,-0.90566,Plein jour,Hors agglomération,Giratoire,Normale,Autre collision,3,3,0,0,1,1,1,0,3,70,1,2,1,0,1,0,24.0,,deux_roues,,1,1,6,1,6
202400045652,2024-02-20 20:45:00,2024,2,20,20,45,63,63352,RD 909,45.45040888,3.24188354,Nuit sans éclairage public,Hors agglomération,Hors intersection,Normale,Autre collision,3,2,2,0,1,1,1,0,1,90,2,2,1,0,0,1,38.0,44.0,voiture,voiture,3,1,1,1,6
202400045653,2024-08-18 17:00:00,2024,8,18,17,0,62,62902,D211,50.71145,2.24374,Plein jour,En agglomération,Hors intersection,Normale,Autre collision,3,2,2,0,1,1,1,0,1,50,1,2,1,0,0,1,,,voiture,,1,2,1,1,6
202400045654,2024-02-19 17:40:00,2024,2,19,17,40,12,12138,RD 901 - avenue Gustave Bessières,44.47434118,2.46139097,Plein jour,En agglomération,Hors intersection,Temps couvert,Autre collision,3,2,2,0,1,1,1,0,1,30,1,2,1,0,0,1,76.0,,voiture,,1,2,1,8,6
202400045655,2024-06-13 17:10:00,2024,6,13,17,10,06,06069,36 Avenue Sidi Brahim,43.64977,6.93174,Plein jour,En agglomération,Giratoire,Normale,Deux véhicules - côté,4,2,1,0,1,1,1,0,1,50,2,2,1,0,0,1,58.0,25.0,voiture,deux_roues,1,2,6,1,3
202400045655,2024-06-13 17:10:00,2024,6,13,17,10,06,06069,36 Avenue Sidi Brahim,43.64977,6.93174,Plein jour,En agglomération,Giratoire,Normale,Deux véhicules - côté,4,2,1,0,1,2,1,0,1,50,2,2,1,0,0,1,58.0,25.0,voiture,deux_roues,1,2,6,1,3
202400045656,2024-02-21 03:01:00,2024,2,21,3,1,34,34284,D612 PK 119+200,43.485809,2.773983,Nuit avec éclairage allumé,En agglomération,Hors intersection,Normale,Autre collision,3,2,2,0,1,3,1,2,8,50,1,2,0,0,1,1,18.0,,voiture,,5,2,1,1,6
202400045657,2024-07-10 13:35:00,2024,7,10,13,35,49,49099,RD 753,47.05919,-0.91228,Plein jour,Hors agglomération,Hors intersection,Normale,Trois véhicules et plus - en chaîne,3,2,2,0,1,1,1,0,1,70,3,4,2,0,0,2,20.0,65.0,utilitaire_camion,voiture,1,1,1,1,4
202400045658,2024-06-13 07:40:00,2024,6,13,7,40,04,04112,DEPARTEMENTALE 4096,43.80968,5.78171,Plein jour,Hors agglomération,Hors intersection,Normale,Trois véhicules et plus - collisions multiples,3,2,2,0,1,1,1,0,1,70,3,3,0,0,0,3,24.0,38.0,voiture,utilitaire_camion,1,1,1,1,5
202400045659,2024-02-18 18:20:00,2024,2,18,18,20,22,22351,D49,48.284692,-3.519627,Nuit sans éclairage public,Hors agglomération,Hors intersection,Normale,Sans collision,3,2,2,0,1,1,9,0,1,80,1,1,0,0,0,1,37.0,,deux_roues,,3,1,1,1,7
202400045660,2024-08-21 06:10:00,2024,8,21,6,10,60,60159,Rue Solférino,49.41896,2.82433,Crépuscule ou aube,En agglomération,Intersection en T,Normale,Deux véhicules - côté,4,1,2,0,1,1,1,0,1,30,2,3,1,0,0,2,42.0,38.0,deux_roues,voiture,2,2,3,1,3
202400045660,2024-08-21 06:10:00,2024,8,21,6,10,60,60159,Rue Solférino,49.41896,2.82433,Crépuscule ou aube,En agglomération,Intersection en T,Normale,Deux véhicules - côté,4,2,2,0,2,1,1,0,1,30,2,3,1,0,0,2,42.0,38.0,deux_roues,voiture,2,2,3,1,3
202400045661,2024-02-21 19:00:00,2024,2,21,19,0,39,39367,,46.5570089,6.011724,Crépuscule ou aube,Hors agglomération,Hors intersection,Normale,Autre collision,2,2,3,0,2,1,1,0,1,80,1,2,1,1,0,0,38.0,,voiture,,2,1,1,1,6
202400045662,2024-07-12 18:47:00,2024,7,12,18,47,49,49007,ORMEAUX,47.48155,-0.51962,Plein jour,En agglomération,Hors intersection,Normale,Sans collision,4,2,2,0,1,1,1,0,1,30,1,1,0,0,0,1,12.0,,deux_roues,,1,2,1,1,7
202400045663,2024-06-13 12:10:00,2024,6,13,12,10,02,02691,37 Boulevard Roosevelt,49.85308,3.29017,Plein jour,En agglomération,Hors intersection,Normale,Autre collision,4,-1,2,0,1,1,1,0,1,50,1,3,2,0,1,0,56.0,,transport_commun,,1,2,1,1,6
202400045664,2024-02-19 12:45:00,2024,2,19,12,45,54,54315,D913,48.79158915,6.27767801,Plein jour,Hors agglomération,Hors intersection,Normale,Autre collision,3,2,2,0,1,2,1,0,3,80,1,1,0,0,1,0,47.0,,voiture,,1,1,1,1,6
202400045665,2024-08-21 21:00:00,2024,8,21,21,0,45,45234,197 Rue du Faubourg Bannier,47.9146,1.9165,Nuit avec éclairage allumé,En agglomération,Hors intersection,Normale,Deux véhicules - côté,4,2,2,0,1,1,1,0,1,50,2,3,2,0,0,1,24.0,20.0,voiture,utilitaire_camion,5,2,1,1,3
202400045666,2024-02-21 16:16:00,2024,2,21,16,16,73,73128,D1201,45.720922,5.918151,Plein jour,En agglomération,Hors intersection,Normale,Deux véhicules - frontale,3,2,2,2,1,1,1,0,1,50,2,2,0,1,1,0,62.0,81.0,voiture,voiture,1,2,1,1,1
202400045667,2024-06-13 14:20:00,2024,6,13,14,20,75,75115,PORTE DE VERSAILLES,48.827596,2.291888,Plein jour,En agglomération,Hors intersection,Normale,Deux véhicules - arrière,4,1,4,0,1,1,1,0,1,70,2,2,1,0,1,0,59.0,48.0,voiture,voiture,1,2,1,1,2
202400045668,2024-07-12 17:32:00,2024,7,12,17,32,49,49007,SAINT JULIEN RUE ET IMPASSE,47.46953,-0.55075,Plein jour,En agglomération,Hors intersection,Normale,Sans collision,4,1,1,1,1,1,1,0,1,50,1,2,1,0,0,1,88.0,,voiture,,1,2,1,1,7
202400045669,2024-08-21 11:45:00,2024,8,21,11,45,35,35238,RONCERAY (PLACE DU),48.09227,-1.6396,Plein jour,En agglomération,Hors intersection,Normale,Deux véhicules - arrière,4,1,1,0,1,3,1,0,1,20,2,2,1,0,0,1,69.0,69.0,voiture,deux_roues,1,2,1,1,2
202400045670,2024-02-21 16:30:00,2024,2,21,16,30,04,04188,D13,43.905631,5.787585,Plein jour,Hors agglomération,Hors intersection,Normale,Deux véhicules - côté,3,2,2,0,1,3,1,0,1,80,2,3,2,0,0,1,39.0,71.0,deux_roues,voiture,1,1,1,1,3
202400045671,2024-06-13 10:20:00,2024,6,13,10,20,75,75112,PORTE DE CHARENTON,48.828999,2.400134,Plein jour,En agglomération,Hors intersection,Normale,Deux véhicules - côté,4,-1,4,0,1,1,1,0,1,70,2,2,1,0,0,1,44.0,39.0,voiture,deux_roues,1,2,1,1,3
202400045672,2024-07-15 20:15:00,2024,7,15,20,15,44,44109,107 Route de la Chapelle Sur Erdre,47.26127,-1.57462,Plein jour,En agglomération,Hors intersection,Normale,Autre collision,4,3,2,2,1,1,1,-1,1,50,1,2,1,0,0,1,38.0,,voiture,,1,2,1,1,6
202400045673,2024-02-21 05:50:00,2024,2,21,5,50,85,85252,RD89,46.632648,-0.819169,Nuit sans éclairage public,Hors agglomération,Hors intersection,Normale,Sans collision,3,2,2,0,1,1,1,0,3,80,1,1,0,0,1,0,39.0,,voiture,,3,1,1,1,7
202400045674,2024-06-13 08:15:00,2024,6,13,8,15,75,75113,QUAI D IVRY,48.81629333,2.36415267,Plein jour,En agglomération,Intersection en Y,Normale,Sans collision,4,1,1,0,1,1,1,0,1,50,1,1,0,0,0,1,22.0,,deux_roues,,1,2,4,1,7
202400045674,2024-06-13 08:15:00,2024,6,13,8,15,75,75113,QUAI D IVRY,48.81629333,2.36415267,Plein jour,En agglomération,Intersection en Y,Normale,Sans collision,4,1,4,0,1,1,1,0,1,70,1,1,0,0,0,1,22.0,,deux_roues,,1,2,4,1,7
202400045675,2024-02-20 17:50:00,2024,2,20,17,50,85,85202,RD60,46.74756,-1.154522,Plein jour,Hors agglomération,Hors intersection,Normale,Autre collision,3,2,2,0,2,2,1,0,3,50,1,1,0,0,1,0,37.0,,voiture,,1,1,1,1,6
202400045676,2024-08-21 18:00:00,2024,8,21,18,0,34,34003,RD612,43.30646,3.44313,Crépuscule ou aube,Hors agglomération,Hors intersection,Normale,Deux véhicules - arrière,3,2,2,0,1,1,1,0,1,90,2,5,0,0,0,5,25.0,22.0,voiture,voiture,2,1,1,1,2
202400045677,2024-06-11 22:10:00,2024,6,11,22,10,75,75120,RUE DE LA REUNION,48.852833,2.403658,Plein jour,En agglomération,Hors intersection,Normale,Autre collision,4,1,1,2,1,1,1,0,1,30,1,3,1,0,1,1,22.0,,voiture,,1,2,1,1,6
202400045678,2024-02-18 10:05:00,2024,2,18,10,5,30,30003,Avenue de la Tour de Constance,43.570084,4.191885,Plein jour,En agglomération,Hors intersection,Normale,Sans collision,3,2,2,0,1,1,1,0,1,50,1,1,0,1,0,0,78.0,,deux_roues,,1,2,1,1,7
202400045679,2024-07-15 10:00:00,2024,7,15,10,0,44,44162,137 Route de Vannes,47.23777198,-1.58672199,Plein jour,En agglomération,Hors intersection,Normale,Trois véhicules et plus - en chaîne,4,3,2,0,1,1,1,0,1,30,3,3,2,1,0,0,93.0,41.0,voiture,voiture,1,2,1,1,4
202400045680,2024-08-21 21:45:00,2024,8,21,21,45,33,33063,,44.83913,-0.56772,Nuit avec éclairage allumé,En agglomération,Hors intersection,Normale,Autre collision,4,3,4,3,1,1,1,6,5,20,1,2,1,0,0,1,6.0,,deux_roues,,5,2,1,1,6
202400045681,2024-02-20 14:20:00,2024,2,20,14,20,48,48121,Château d'Apcher,44.819239,3.313771,Plein jour,Hors agglomération,Intersection en X,Normale,Sans collision,4,2,2,0,1,1,1,0,8,80,1,1,0,0,1,0,66.0,,deux_roues,,1,1,2,1,7
202400045681,2024-02-20 14:20:00,2024,2,20,14,20,48,48121,Château d'Apcher,44.819239,3.313771,Plein jour,Hors agglomération,Intersection en X,Normale,Sans collision,4,2,2,0,2,1,1,0,8,50,1,1,0,0,1,0,66.0,,deux_roues,,1,1,2,1,7
202400045682,2024-07-14 18:35:00,2024,7,14,18,35,41,41018,CURIE (RUE PIERRE ET MARIE),47.595,1.317,Plein jour,En agglomération,Hors intersection,Normale,Deux véhicules - côté,4,2,2,0,1,1,1,0,1,50,2,2,1,0,1,0,29.0,18.0,voiture,deux_roues,1,2,1,1,3
202400045683,2024-06-13 13:20:00,2024,6,13,13,20,75,75119,RUE D HAUTPOUL,48.885663,2.3869,Plein jour,En agglomération,Intersection en X,Normale,Deux véhicules - côté,4,1,1,2,1,1,1,0,1,30,2,2,1,0,0,1,42.0,,deux_roues,voiture,1,2,2,1,3
202400045683,2024-06-13 13:20:00,2024,6,13,13,20,75,75119,RUE D HAUTPOUL,48.885663,2.3869,Plein jour,En agglomération,Intersection en X,Normale,Deux véhicules - côté,4,1,1,2,1,1,1,0,1,30,2,2,1,0,0,1,42.0,,deux_roues,voiture,1,2,2,1,3
202400045684,2024-02-20 17:15:00,2024,2,20,17,15,08,08149,,49.78442563,4.47322869,Plein jour,Hors agglomération,Hors intersection,Normale,Deux véhicules - frontale,3,2,2,0,1,1,1,0,1,80,2,2,1,0,1,0,22.0,49.0,deux_roues,voiture,1,1,1,1,1
202400045685,2024-08-21 03:35:00,2024,8,21,3,35,33,33281,,44.83872,-0.65768,Nuit sans éclairage public,En agglomération,Hors intersection,Normale,Deux véhicules - frontale,4,4,2,0,1,1,1,9,1,30,2,2,0,0,1,1,,38.0,voiture,deux_roues,3,2,1,1,1
202400045686,2024-07-15 15:01:00,2024,7,15,15,1,38,38151,NORMANDIE NIEMEN RUE),45.14831,5.7201,Plein jour,En agglomération,Hors intersection,Normale,Autre collision,4,1,1,0,1,1,1,0,1,50,1,2,1,0,0,1,24.0,,voiture,,1,2,1,1,6
202400045687,2024-06-13 10:50:00,2024,6,13,10,50,75,75117,PLACE DU MARECHAL JUIN,48.885018,2.296628,Plein jour,En agglomération,Place,Normale,Deux véhicules - frontale,4,2, -1,-1,1,1,1,0,1,-1,2,2,1,0,0,1,44.0,45.0,deux_roues,deux_roues,1,2,7,1,1
202400045687,2024-06-13 10:50:00,2024,6,13,10,50,75,75117,PLACE DU MARECHAL JUIN,48.885018,2.296628,Plein jour,En agglomération,Place,Normale,Deux véhicules - frontale,4,1,0,0,1,1,1,0,1,30,2,2,1,0,0,1,44.0,45.0,deux_roues,deux_roues,1,2,7,1,1
202400045688,2024-08-21 10:45:00,2024,8,21,10,45,31,31555,GRANDE BRETAGNE (AV DE) DU 2AU 50,43.59738,1.42105,Plein jour,En agglomération,Hors intersection,Normale,Autre collision,4,2,4,1,1,1,1,0,5,50,2,2,1,0,1,0,61.0,42.0,voiture,deux_roues,1,2,1,1,6
202400045689,2024-02-21 12:25:00,2024,2,21,12,25,30,30169,N113,43.78337016,4.3119424,Plein jour,Hors agglomération,Hors intersection,Normale,Deux véhicules - frontale,2,2,2,0,1,1,1,0,1,80,2,2,0,1,0,1,70.0,76.0,voiture,voiture,1,1,1,1,1
202400045690,2024-07-15 13:45:00,2024,7,15,13,45,37,37261,PORTILLON (QUAI DE),47.3997,0.67562,Plein jour,En agglomération,Hors intersection,Pluie légère,Deux véhicules - arrière,4,2,3,0,1,1,2,0,1,50,2,2,1,0,0,1,25.0,28.0,voiture,voiture,1,2,1,2,2
202400045691,2024-06-13 18:30:00,2024,6,13,18,30,75,75116,PLACE D IENA,48.864583,2.2937,Plein jour,En agglomération,Place,Normale,Deux véhicules - côté,4,3, -1,-1,1,1,1,-1,6,-1,2,2,1,0,0,1,44.0,39.0,deux_roues,utilitaire_camion,1,2,7,1,3
202400045691,2024-06-13 18:30:00,2024,6,13,18,30,75,75116,PLACE D IENA,48.864583,2.2937,Plein jour,En agglomération,Place,Normale,Deux véhicules - côté,4,1,2,0,2,1,1,-1,6,30,2,2,1,0,0,1,44.0,39.0,deux_roues,utilitaire_camion,1,2,7,1,3
202400045692,2024-02-20 17:20:00,2024,2,20,17,20,977,97701,route de l'aéroport,17.90368521,-62.84657121,Plein jour,Hors agglomération,Hors intersection,Normale,Sans collision,3,2,2,0,2,3,1,0,1,50,1,1,0,0,1,0,32.0,,deux_roues,,1,1,1,1,7
202400045693,2024-06-13 20:52:00,2024,6,13,20,52,75,75115,RUE DE LOURMEL,48.850023,2.291789,Nuit avec éclairage allumé,En agglomération,Hors intersection,Pluie légère,Sans collision,4,1,1,1,1,1,2,0,1,30,1,1,0,0,0,1,21.0,,deux_roues,,5,2,1,2,7
202400045694,2024-07-14 21:30:00,2024,7,14,21,30,35,35115,GROSLAY (BD DE DU N°25 AU 43),48.3511,-1.18494,Crépuscule ou aube,En agglomération,Giratoire,Normale,Sans collision,4,2,2,0,1,2,1,0,1,50,1,2,1,0,0,1,17.0,,voiture,,2,2,6,1,7
202400045695,2024-02-20 09:07:00,2024,2,20,9,7,41,41008,D2152,47.731226,1.556879,Plein jour,Hors agglomération,Hors intersection,Brouillard / fumée,Deux véhicules - frontale,3,2,1,0,1,1,2,0,1,90,2,2,0,0,2,0,25.0,77.0,voiture,voiture,1,1,1,5,1
202400045696,2024-06-12 14:30:00,2024,6,12,14,30,75,75114,RUE FROIDEVAUX,48.83634358,2.32660174,Plein jour,En agglomération,Intersection en T,Normale,Autre collision,4,1,2,1,1,1,1,0,1,30,1,2,1,0,0,1,,,utilitaire_camion,,1,2,3,1,6
202400045696,2024-06-12 14:30:00,2024,6,12,14,30,75,75114,RUE FROIDEVAUX,48.83634358,2.32660174,Plein jour,En agglomération,Intersection en T,Normale,Autre collision,4,2,4,1,1,1,1,0,1,30,1,2,1,0,0,1,,,utilitaire_camion,,1,2,3,1,6