accident_id,datetime,annee,mois,jour,heure,minute,departement,commune_insee,adresse,latitude,longitude,luminosite,agglomeration,intersection,meteo,collision,catr,circ,nbv,vosp,prof,plan,surf,infra,situ,vma,nb_vehicules,nb_usagers,nb_indemnes,nb_tues,nb_blesses_hosp,nb_blesses_legers,age_cond_1,age_cond_2,veh_type_cond_1,veh_type_cond_2,lum_code,agg_code,int_code,atm_code,col_code
202400045763,2024-02-20 01:47:00,2024,2,20,1,47,33,33318,,44.788293,-0.631401,Nuit avec éclairage allumé,Hors agglomération,Hors intersection,Normale,Deux véhicules - arrière,1,3,6,0,1,1,1,0,1,90,2,2,1,0,0,1,22.0,44.0,voiture,voiture,5,1,1,1,2
202400045764,2024-06-13 10:40:00,2024,6,13,10,40,94,94022,Avenue Léon Gourdault / Avenue du Général Leclerc,48.76241,2.40669,Plein jour,En agglomération,Intersection en T,Normale,Deux véhicules - frontale,3,3,3,1,1,1,1,5,1,30,2,2,0,0,0,2,29.0,64.0,voiture,voiture,1,2,3,1,1
202400045764,2024-06-13 10:40:00,2024,6,13,10,40,94,94022,Avenue Léon Gourdault / Avenue du Général Leclerc,48.76241,2.40669,Plein jour,En agglomération,Intersection en T,Normale,Deux véhicules - frontale,3,3,4,0,1,1,1,5,1,-1,2,2,0,0,0,2,29.0,64.0,voiture,voiture,1,2,3,1,1
202400045765,2024-07-15 18:25:00,2024,7,15,18,25,75,75120,PORTE DE MONTREUIL,48.863502,2.413408,Plein jour,En agglomération,Hors intersection,Normale,Trois véhicules et plus - collisions multiples,4,1,4,0,1,1,1,0,1,70,3,3,2,0,0,1,59.0,51.0,voiture,utilitaire_camion,1,2,1,1,5
202400045766,2024-08-21 11:15:00,2024,8,21,11,15,93,93050,Rue d’Anjou / Allee Duperrey,48.867539,2.53733307,Plein jour,En agglomération,Giratoire,Normale,Deux véhicules - arrière,4,1,1,0,1,1,1,0,1,-1,2,2,1,0,0,1,34.0,37.0,transport_commun,transport_commun,1,2,6,1,2
202400045766,2024-08-21 11:15:00,2024,8,21,11,15,93,93050,Rue d’Anjou / Allee Duperrey,48.867539,2.53733307,Plein jour,En agglomération,Giratoire,Normale,Deux véhicules - arrière,4,1,1,0,1,1,1,0,1,50,2,2,1,0,0,1,34.0,37.0,transport_commun,transport_commun,1,2,6,1,2
202400045767,2024-09-26 12:25:00,2024,9,26,12,25,87,87028,Fressoneix,46.220168,0.923667,Plein jour,Hors agglomération,Hors intersection,Pluie légère,Deux véhicules - côté,4,2,2,0,1,2,2,0,1,80,2,2,0,0,1,1,66.0,85.0,voiture,voiture,1,1,1,2,3
202400045768,2024-06-13 16:30:00,2024,6,13,16,30,93,93073,Avenue Henri Barbusse / Rue Hector Berlioz,48.95942,2.57223,Plein jour,En agglomération,Intersection en X,Normale,Deux véhicules - côté,4,2,2,0,1,1,1,5,1,50,2,2,1,0,0,1,41.0,22.0,voiture,deux_roues,1,2,2,1,3
202400045768,2024-06-13 16:30:00,2024,6,13,16,30,93,93073,Avenue Henri Barbusse / Rue Hector Berlioz,48.95942,2.57223,Plein jour,En agglomération,Intersection en X,Normale,Deux véhicules - côté,4,2,2,0,1,1,1,5,1,50,2,2,1,0,0,1,41.0,22.0,voiture,deux_roues,1,2,2,1,3
202400045769,2024-02-19 11:45:00,2024,2,19,11,45,95,95527,A3,48.98246113,2.50247592,Plein jour,Hors agglomération,Hors intersection,Pluie légère,Deux véhicules - côté,1,3,4,0,1,1,2,0,1,90,2,2,1,0,0,1,41.0,49.0,voiture,utilitaire_camion,1,1,1,2,3
202400045770,2024-07-15 17:00:00,2024,7,15,17,0,75,75117,PORTE DE SAINT OUEN,48.900645,2.32473,Plein jour,En agglomération,Hors intersection,Normale,Trois véhicules et plus - collisions multiples,4,1,4,0,1,1,1,0,1,70,3,4,3,0,0,1,22.0,33.0,deux_roues,voiture,1,2,1,1,5
202400045771,2024-08-21 18:50:00,2024,8,21,18,50,93,93007,Avenue Aristide Briand / Avenue Vladimir Ilitch Lenine,48.94545,2.45149,Plein jour,En agglomération,Intersection en X,Normale,Deux véhicules - côté,3,2,2,0,1,2,1,0,1,-1,2,2,1,0,0,1,41.0,29.0,voiture,voiture,1,2,2,1,3
202400045771,2024-08-21 18:50:00,2024,8,21,18,50,93,93007,Avenue Aristide Briand / Avenue Vladimir Ilitch Lenine,48.94545,2.45149,Plein jour,En agglomération,Intersection en X,Normale,Deux véhicules - côté,3,2,2,0,1,1,1,0,1,50,2,2,1,0,0,1,41.0,29.0,voiture,voiture,1,2,2,1,3
202400045772,2024-09-26 10:31:00,2024,9,26,10,31,30,30339,Avenue des Cevennes,44.078872,3.646388,Plein jour,En agglomération,Hors intersection,Pluie légère,Deux véhicules - frontale,3,2,2,0,1,1,2,0,1,50,2,4,3,0,1,0,59.0,25.0,transport_commun,voiture,1,2,1,2,1
202400045773,2024-06-12 19:00:00,2024,6,12,19,0,93,93078,Avenue Georges Clémenceau / Avenue du Rêve,48.95344078,2.56258786,Plein jour,En agglomération,Intersection en X,Normale,Deux véhicules - côté,3,3,4,0,1,1,1,0,1,50,2,2,1,0,0,1,53.0,43.0,deux_roues,voiture,1,2,2,1,3
202400045773,2024-06-12 19:00:00,2024,6,12,19,0,93,93078,Avenue Georges Clémenceau / Avenue du Rêve,48.95344078,2.56258786,Plein jour,En agglomération,Intersection en X,Normale,Deux véhicules - côté,3,2,2,0,1,1,1,0,1,-1,2,2,1,0,0,1,53.0,43.0,deux_roues,voiture,1,2,2,1,3
202400045774,2024-07-15 14:10:00,2024,7,15,14,10,75,75115,PORTE DE SEVRES,48.833317,2.278216,Plein jour,En agglomération,Hors intersection,Normale,Deux véhicules - arrière,4,1,3,0,1,1,1,0,1,70,2,2,1,0,0,1,58.0,31.0,deux_roues,voiture,1,2,1,1,2
202400045775,2024-02-20 17:40:00,2024,2,20,17,40,77,77146,A4.Y,48.83188847,2.65003223,Plein jour,Hors agglomération,Hors intersection,Normale,Trois véhicules et plus - collisions multiples,1,1,4,0,1,1,1,0,1,110,3,3,1,0,0,2,49.0,22.0,voiture,voiture,1,1,1,1,5
202400045776,2024-08-21 16:50:00,2024,8,21,16,50,92,92077,RONCE (RUE DE LA),48.82267704,2.19055831,Plein jour,En agglomération,Hors intersection,Normale,Autre collision,4,-1,1,0,2,4,1,0,1,30,1,1,0,0,0,1,14.0,,deux_roues,,1,2,1,1,6
202400045777,2024-07-15 09:20:00,2024,7,15,9,20,75,75117,PORTE DE SAINT OUEN,48.899447,2.318284,Plein jour,En agglomération,Hors intersection,Normale,Deux véhicules - arrière,4,1,4,0,1,1,1,0,1,70,2,2,1,0,0,1,24.0,49.0,deux_roues,voiture,1,2,1,1,2
202400045778,2024-09-26 11:30:00,2024,9,26,11,30,987,98734,"Pk 32, RT1",-17.752651,-149.535921,Plein jour,Hors agglomération,Hors intersection,Normale,Deux véhicules - frontale,2,2,2,0,1,3,1,0,1,60,2,2,1,0,1,0,61.0,48.0,voiture,deux_roues,1,1,1,1,1
202400045779,2024-06-13 09:30:00,2024,6,13,9,30,93,93070,Rue des Rosiers / Rue Gambetta,48.905803,2.336534,Plein jour,En agglomération,Intersection en T,Normale,Autre collision,4,1,1,0,1,1,1,0,1,-1,1,2,1,0,0,1,20.0,,deux_roues,,1,2,3,1,6
202400045779,2024-06-13 09:30:00,2024,6,13,9,30,93,93070,Rue des Rosiers / Rue Gambetta,48.905803,2.336534,Plein jour,En agglomération,Intersection en T,Normale,Autre collision,4,2,2,0,1,1,1,6,1,50,1,2,1,0,0,1,20.0,,deux_roues,,1,2,3,1,6
202400045780,2024-08-21 15:00:00,2024,8,21,15,0,92,92026,SAINT DENIS BD (120 A 174 / 199 A 315),48.89799986,2.26362772,Plein jour,En agglomération,Hors intersection,Normale,Deux véhicules - côté,3,2,2,0,1,1,1,0,1,50,2,2,1,0,0,1,45.0,56.0,deux_roues,voiture,1,2,1,1,3
202400045781,2024-02-20 09:08:00,2024,2,20,9,8,94,94073,A86,48.77093879,2.38756083,Plein jour,Hors agglomération,Hors intersection,Normale,Trois véhicules et plus - en chaîne,1,3,3,0,1,1,1,0,1,90,3,3,2,0,0,1,53.0,36.0,voiture,voiture,1,1,1,1,4
202400045782,2024-07-15 02:20:00,2024,7,15,2,20,75,75112,ECHANGEUR BERCY,48.82723,2.392049,Nuit avec éclairage allumé,En agglomération,Hors intersection,Normale,Autre collision,4,1,2,0,2,1,1,0,1,70,1,2,0,0,1,1,31.0,,deux_roues,,5,2,1,1,6
202400045783,2024-06-13 15:00:00,2024,6,13,15,0,93,93050,Rue Jacques Cartier,48.86485,2.53899,Plein jour,En agglomération,Hors intersection,Normale,Sans collision,4,3,2,2,1,1,1,0,1,50,1,2,1,0,0,1,,,deux_roues,,1,2,1,1,7
202400045784,2024-06-13 08:30:00,2024,6,13,8,30,93,93008,Gare routière Bobigny-Pablo Picasso,48.907367,2.44925,Plein jour,En agglomération,Hors intersection,Normale,Autre collision,6,-1,0,0,1,1,1,0,8,30,1,2,1,0,0,1,24.0,,transport_commun,,1,2,1,1,6
202400045785,2024-02-18 23:30:00,2024,2,18,23,30,94,94017,A4,48.8296743,2.49827109,Nuit sans éclairage public,Hors agglomération,Hors intersection,Pluie légère,Deux véhicules - arrière,1,1,5,0,4,1,2,3,1,50,2,2,1,0,0,1,27.0,,voiture,autre,3,1,1,2,2
202400045786,2024-08-21 17:45:00,2024,8,21,17,45,92,92024,PUITS BERTIN (PASSAGE),48.90119333,2.29354665,Plein jour,En agglomération,Intersection en T,Normale,Deux véhicules - côté,4,2,2,0,1,1,1,0,1,30,2,2,1,0,0,1,,67.0,deux_roues,deux_roues,1,2,3,1,3
202400045786,2024-08-21 17:45:00,2024,8,21,17,45,92,92024,PUITS BERTIN (PASSAGE),48.90119333,2.29354665,Plein jour,En agglomération,Intersection en T,Normale,Deux véhicules - côté,4,1,1,0,1,1,1,0,1,30,2,2,1,0,0,1,,67.0,deux_roues,deux_roues,1,2,3,1,3
202400045787,2024-07-15 17:20:00,2024,7,15,17,20,75,75119,AVENUE DE LAUMIERE,48.884247,2.380175,Plein jour,En agglomération,Hors intersection,Normale,Deux véhicules - côté,4,2,2,0,2,1,1,0,1,30,2,2,1,0,0,1,39.0,38.0,voiture,deux_roues,1,2,1,1,3
202400045788,2024-09-19 07:15:00,2024,9,19,7,15,68,68118,D201,47.73451434,7.41711418,Crépuscule ou aube,En agglomération,Intersection en T,Normale,Deux véhicules - côté,3,2,2,2,1,1,1,0,1,30,2,2,1,0,1,0,38.0,24.0,voiture,deux_roues,2,2,3,1,3
202400045788,2024-09-19 07:15:00,2024,9,19,7,15,68,68118,D201,47.73451434,7.41711418,Crépuscule ou aube,En agglomération,Intersection en T,Normale,Deux véhicules - côté,3,2,2,0,1,1,1,0,1,-1,2,2,1,0,1,0,38.0,24.0,voiture,deux_roues,2,2,3,1,3
202400045789,2024-02-19 07:05:00,2024,2,19,7,5,93,93050,Avenue Jean Jaures / Avenue Antonin Artaud ,48.862608,2.544928,Nuit avec éclairage allumé,En agglomération,Intersection en T,Normale,Autre collision,3,3,4,0,1,1,1,0,1,50,1,2,1,0,0,1,67.0,,voiture,,5,2,3,1,6
202400045789,2024-02-19 07:05:00,2024,2,19,7,5,93,93050,Avenue Jean Jaures / Avenue Antonin Artaud ,48.862608,2.544928,Nuit avec éclairage allumé,En agglomération,Intersection en T,Normale,Autre collision,3,2,2,0,1,1,1,0,1,-1,1,2,1,0,0,1,67.0,,voiture,,5,2,3,1,6
202400045790,2024-06-12 22:20:00,2024,6,12,22,20,93,93005,Rue de Sevran / Rue Jules Princet,48.940251,2.502197,Nuit avec éclairage allumé,En agglomération,Intersection en X,Pluie légère,Deux véhicules - côté,3,2,2,0,1,1,2,0,1,50,2,2,1,0,0,1,25.0,42.0,voiture,autre,5,2,2,2,3
202400045790,2024-06-12 22:20:00,2024,6,12,22,20,93,93005,Rue de Sevran / Rue Jules Princet,48.940251,2.502197,Nuit avec éclairage allumé,En agglomération,Intersection en X,Pluie légère,Deux véhicules - côté,3,2,2,0,1,1,2,0,1,50,2,2,1,0,0,1,25.0,42.0,voiture,autre,5,2,2,2,3
202400045791,2024-08-21 18:05:00,2024,8,21,18,5,92,92014,MARECHAL JOFFRE (BD DU) (43 A 97 - 58 A,48.7830872,2.31520736,Plein jour,En agglomération,Intersection en X,Normale,Deux véhicules - frontale,3,-1,5,1,1,1,1,5,1,50,2,2,1,0,0,1,29.0,46.0,deux_roues,voiture,1,2,2,1,1
202400045791,2024-08-21 18:05:00,2024,8,21,18,5,92,92014,MARECHAL JOFFRE (BD DU) (43 A 97 - 58 A,48.7830872,2.31520736,Plein jour,En agglomération,Intersection en X,Normale,Deux véhicules - frontale,3,2,2,0,1,1,1,5,1,50,2,2,1,0,0,1,29.0,46.0,deux_roues,voiture,1,2,2,1,1
202400045792,2024-07-14 01:00:00,2024,7,14,1,0,75,75118,RUE GANNERON,48.888816,2.327858,Nuit avec éclairage allumé,En agglomération,Intersection en T,Normale,Deux véhicules - frontale,4,1, -1,-1,1,1,1,0,1,30,2,2,1,0,0,1,30.0,50.0,deux_roues,voiture,5,2,3,1,1
202400045792,2024-07-14 01:00:00,2024,7,14,1,0,75,75118,RUE GANNERON,48.888816,2.327858,Nuit avec éclairage allumé,En agglomération,Intersection en T,Normale,Deux véhicules - frontale,4,1,1,1,1,2,1,0,1,30,2,2,1,0,0,1,30.0,50.0,deux_roues,voiture,5,2,3,1,1
202400045793,2024-09-22 12:40:00,2024,9,22,12,40,13,13097,"A54 (direction NIMES), PK 50+435, Péage de ST-MARTIN-DE-CRAU",43.638234,4.857937,Plein jour,Hors agglomération,Hors intersection,Normale,Deux véhicules - arrière,1,1,0,0,1,1,1,7,8,70,2,3,2,0,0,1,75.0,73.0,voiture,voiture,1,1,1,1,2
202400045794,2024-02-19 11:25:00,2024,2,19,11,25,75,75120,RUE DES PYRENEES,48.859166,2.402147,Plein jour,En agglomération,Intersection en X,Temps couvert,Autre collision,4,1, -1,0,1,1,1,0,1,30,1,2,1,0,0,1,60.0,,utilitaire_camion,,1,2,2,8,6
202400045794,2024-02-19 11:25:00,2024,2,19,11,25,75,75120,RUE DES PYRENEES,48.859166,2.402147,Plein jour,En agglomération,Intersection en X,Temps couvert,Autre collision,4,2,2,2,2,1,1,0,1,30,1,2,1,0,0,1,60.0,,utilitaire_camion,,1,2,2,8,6
202400045795,2024-07-15 15:30:00,2024,7,15,15,30,75,75116,AVENUE VICTOR HUGO,48.871026,2.288537,Plein jour,En agglomération,Hors intersection,Normale,Deux véhicules - côté,4,2,0,0,1,1,1,0,1,30,2,3,2,0,0,1,43.0,46.0,voiture,voiture,1,2,1,1,3
202400045796,2024-06-13 13:50:00,2024,6,13,13,50,93,93001,Avenue de la République / Rue des Cités,48.90773044,2.38801534,Plein jour,En agglomération,Intersection en T,Normale,Deux véhicules - côté,3,2,2,3,1,1,1,0,1,50,2,2,1,0,0,1,44.0,38.0,utilitaire_camion,deux_roues,1,2,3,1,3
202400045796,2024-06-13 13:50:00,2024,6,13,13,50,93,93001,Avenue de la République / Rue des Cités,48.90773044,2.38801534,Plein jour,En agglomération,Intersection en T,Normale,Deux véhicules - côté,3,1,1,1,1,1,1,0,1,50,2,2,1,0,0,1,44.0,38.0,utilitaire_camion,deux_roues,1,2,3,1,3
202400045797,2024-09-26 07:43:00,2024,9,26,7,43,972,97224,Route nationale 4 - Pont Rivière Blanche - Quartier Chapelle,14.675082,-61.018538,Plein jour,Hors agglomération,Hors intersection,Pluie légère,Autre collision,2,2,2,0,1,1,2,2,1,80,1,1,0,0,1,0,47.0,,voiture,,1,1,1,2,6
202400045798,2024-08-17 17:15:00,2024,8,17,17,15,31,31022,9 Route de Paris,43.668512,1.411614,Plein jour,En agglomération,Giratoire,Normale,Deux véhicules - côté,4,1,2,2,1,3,1,6,1,50,2,2,1,0,0,1,50.0,67.0,voiture,deux_roues,1,2,6,1,3
202400045799,2024-07-15 00:55:00,2024,7,15,0,55,75,75116,AVENUE VICTOR HUGO,48.865866,2.276371,Nuit avec éclairage allumé,En agglomération,Hors intersection,Normale,Sans collision,4,2,2,0,1,1,1,0,1,30,1,1,0,0,0,1,69.0,,voiture,,5,2,1,1,7
202400045800,2024-02-19 11:15:00,2024,2,19,11,15,75,75118,RUE DE LA CHAPELLE,48.89664,2.359182,Plein jour,En agglomération,Hors intersection,Pluie légère,Autre collision,4,2,4,0,1,1,2,8,1,30,1,2,1,0,0,1,37.0,,utilitaire_camion,,1,2,1,2,6
202400045801,2024-06-12 23:10:00,2024,6,12,23,10,92,92063,CHATOU (PONT DE),48.8878511,2.16557005,Nuit avec éclairage allumé,En agglomération,Intersection en T,Normale,Deux véhicules - côté,1,1,1,0,3,3,1,3,1,50,2,2,1,0,0,1,69.0,59.0,voiture,deux_roues,5,2,3,1,3
202400045801,2024-06-12 23:10:00,2024,6,12,23,10,92,92063,CHATOU (PONT DE),48.8878511,2.16557005,Nuit avec éclairage allumé,En agglomération,Intersection en T,Normale,Deux véhicules - côté,1,2,1,0,1,1,1,2,1,50,2,2,1,0,0,1,69.0,59.0,voiture,deux_roues,5,2,3,1,3
202400045802,2024-09-26 13:00:00,2024,9,26,13,0,29,29233,1 Place Saint Michel,47.870843,-3.547896,Plein jour,En agglomération,Hors intersection,Pluie légère,Autre collision,4,1,1,0,2,2,2,9,1,30,1,1,0,1,0,0,83.0,,voiture,,1,2,1,2,6
202400045803,2024-07-15 14:44:00,2024,7,15,14,44,75,75111,BOULEVARD VOLTAIRE,48.866274,2.3659,Plein jour,En agglomération,Hors intersection,Normale,Deux véhicules - côté,4,2,2,1,2,1,1,-1,5,30,2,3,2,0,0,1,27.0,62.0,deux_roues,utilitaire_camion,1,2,1,1,3
202400045804,2024-02-19 07:10:00,2024,2,19,7,10,75,75116,BOULEVARD THIERRY DE MARTEL,48.87820602,2.28114116,Plein jour,En agglomération,Intersection en X,Normale,Deux véhicules - côté,4,1,1,0,1,1,1,0,1,30,2,2,1,0,0,1,36.0,35.0,utilitaire_camion,deux_roues,1,2,2,1,3
202400045804,2024-02-19 07:10:00,2024,2,19,7,10,75,75116,BOULEVARD THIERRY DE MARTEL,48.87820602,2.28114116,Plein jour,En agglomération,Intersection en X,Normale,Deux véhicules - côté,4,1,1,0,1,1,1,0,1,30,2,2,1,0,0,1,36.0,35.0,utilitaire_camion,deux_roues,1,2,2,1,3
202400045805,2024-06-13 09:30:00,2024,6,13,9,30,92,92062,DE DION BOUTON (QUAI) DU 29 AU 65,48.88554214,2.25140047,Plein jour,Hors agglomération,Intersection en T,Normale,Deux véhicules - arrière,3,3,0,0,1,1,1,0,1,50,2,2,1,0,0,1,52.0,32.0,voiture,deux_roues,1,1,3,1,2
202400045805,2024-06-13 09:30:00,2024,6,13,9,30,92,92062,DE DION BOUTON (QUAI) DU 29 AU 65,48.88554214,2.25140047,Plein jour,Hors agglomération,Intersection en T,Normale,Deux véhicules - arrière,3,1,0,0,1,3,1,0,1,50,2,2,1,0,0,1,52.0,32.0,voiture,deux_roues,1,1,3,1,2
202400045806,2024-09-24 18:00:00,2024,9,24,18,0,77,77126,D405,49.018762,2.952662,Crépuscule ou aube,Hors agglomération,Hors intersection,Pluie forte,Autre collision,3,2,2,0,2,1,2,0,1,90,1,2,1,0,1,0,20.0,,voiture,,2,1,1,3,6
202400045807,2024-07-15 22:00:00,2024,7,15,22,0,75,75107,QUAI ANATOLE FRANCE,48.859782,2.3285,Crépuscule ou aube,En agglomération,Hors intersection,Normale,Autre collision,4,2,1,1,1,1,1,-1,5,25,1,1,0,0,0,1,20.0,,deux_roues,,2,2,1,1,6
202400045808,2024-08-22 00:30:00,2024,8,22,0,30,988,98810,Lieu-dit Troulala,-20.647744,164.360125,Nuit sans éclairage public,Hors agglomération,Hors intersection,Normale,Autre collision,2,2,2,0,1,1,1,0,1,-1,2,8,7,1,0,0,22.0,32.0,voiture,voiture,3,1,1,1,6
202400045809,2024-02-17 12:16:00,2024,2,17,12,16,75,75116,ALLEE DU BORD DE L EAU,48.8679,2.234163,Plein jour,En agglomération,Hors intersection,Normale,Autre collision,4,2,2,0,2,2,2,0,2,50,2,3,2,0,0,1,,51.0,deux_roues,deux_roues,1,2,1,1,6
202400045810,2024-06-13 07:05:00,2024,6,13,7,5,92,92050,PREMIER MAI RUE DU,48.91825658,2.22227919,Plein jour,En agglomération,Autre intersection,Normale,Trois véhicules et plus - en chaîne,3,1,2,0,1,1,1,0,1,50,3,3,2,0,1,0,37.0,50.0,utilitaire_camion,deux_roues,1,2,9,1,4
202400045810,2024-06-13 07:05:00,2024,6,13,7,5,92,92050,PREMIER MAI RUE DU,48.91825658,2.22227919,Plein jour,En agglomération,Autre intersection,Normale,Trois véhicules et plus - en chaîne,3,1,1,0,1,2,1,0,1,50,3,3,2,0,1,0,37.0,50.0,utilitaire_camion,deux_roues,1,2,9,1,4
202400045811,2024-07-15 18:28:00,2024,7,15,18,28,75,75107,BOULEVARD RASPAIL,48.854434,2.325896,Plein jour,En agglomération,Intersection en X,Normale,Autre collision,4,1,2,1,1,1,1,-1,5,30,1,2,1,0,0,1,29.0,,deux_roues,,1,2,2,1,6
202400045811,2024-07-15 18:28:00,2024,7,15,18,28,75,75107,BOULEVARD RASPAIL,48.854434,2.325896,Plein jour,En agglomération,Intersection en X,Normale,Autre collision,4,1, -1,-1,1,1,1,-1,5,-1,1,2,1,0,0,1,29.0,,deux_roues,,1,2,2,1,6
202400045812,2024-08-21 17:45:00,2024,8,21,17,45,974,97422,Rue du Général de Gaulle,-21.274581,55.518323,Crépuscule ou aube,En agglomération,Hors intersection,Normale,Autre collision,4,-1,1,0,1,2,1,0,3,50,1,1,0,0,1,0,20.0,,deux_roues,,2,2,1,1,6
202400045813,2024-09-26 16:28:00,2024,9,26,16,28,77,77465,D123,48.274096,2.932298,Plein jour,Hors agglomération,Autre intersection,Pluie légère,Deux véhicules - côté,3,-1,2,0,1,1,2,0,1,-1,2,2,1,0,1,0,88.0,23.0,voiture,deux_roues,1,1,9,2,3
202400045814,2024-02-19 15:55:00,2024,2,19,15,55,75,75113,RUE NATIONALE,48.829204,2.365145,Plein jour,En agglomération,Intersection en T,Temps couvert,Autre collision,4,1,1,0,1,2,1,0,1,30,1,2,1,0,0,1,57.0,,voiture,,1,2,3,8,6
202400045814,2024-02-19 15:55:00,2024,2,19,15,55,75,75113,RUE NATIONALE,48.829204,2.365145,Plein jour,En agglomération,Intersection en T,Temps couvert,Autre collision,4,2,2,1,1,1,1,0,8,30,1,2,1,0,0,1,57.0,,voiture,,1,2,3,8,6
202400045815,2024-06-13 16:40:00,2024,6,13,16,40,92,92025,BOURNARD (RUE DU),48.92293784,2.25593605,Plein jour,En agglomération,Hors intersection,Normale,Deux véhicules - côté,3,2,4,1,1,1,1,0,1,30,2,2,1,0,0,1,62.0,13.0,utilitaire_camion,deux_roues,1,2,1,1,3
202400045816,2024-09-27 16:35:00,2024,9,27,16,35,77,77508,D21,48.816631,2.854048,Plein jour,Hors agglomération,Hors intersection,Pluie forte,Deux véhicules - frontale,3,2,2,0,1,1,2,0,1,80,2,2,0,0,0,2,56.0,23.0,voiture,voiture,1,1,1,3,1
202400045817,2024-02-19 18:25:00,2024,2,19,18,25,75,75112,RUE DE BERCY,48.843874,2.373158,Nuit avec éclairage allumé,En agglomération,Hors intersection,Pluie légère,Deux véhicules - côté,4,2,1,1,1,1,2,0,5,30,2,2,1,0,0,1,,36.0,voiture,deux_roues,5,2,1,2,3
202400045818,2024-07-14 21:30:00,2024,7,14,21,30,75,75107,QUAI D ORSAY,48.862406,2.310444,Crépuscule ou aube,En agglomération,Intersection en T,Normale,Deux véhicules - côté,4,1, -1,-1,1,1,1,0,1,30,2,3,1,0,0,2,27.0,23.0,voiture,deux_roues,2,2,3,1,3
202400045818,2024-07-14 21:30:00,2024,7,14,21,30,75,75107,QUAI D ORSAY,48.862406,2.310444,Crépuscule ou aube,En agglomération,Intersection en T,Normale,Deux véhicules - côté,4,2,2,0,1,1,1,0,1,30,2,3,1,0,0,2,27.0,23.0,voiture,deux_roues,2,2,3,1,3
202400045819,2024-08-21 21:10:00,2024,8,21,21,10,972,97210,D1,14.624282,-60.914211,Nuit avec éclairage non allumé,Hors agglomération,Hors intersection,Normale,Trois véhicules et plus - en chaîne,3,2,2,0,2,2,1,0,1,80,3,4,2,1,0,1,28.0,26.0,voiture,voiture,4,1,1,1,4
202400045820,2024-06-12 14:05:00,2024,6,12,14,5,92,92025,VALMY (BD DE),48.9308994,2.25520442,Plein jour,En agglomération,Hors intersection,Normale,Deux véhicules - frontale,3,2,2,0,1,1,1,0,1,30,2,2,1,0,0,1,37.0,28.0,voiture,transport_commun,1,2,1,1,1
202400045821,2024-09-26 18:35:00,2024,9,26,18,35,34,34157,Chemin de l?Etang,43.426337,3.610924,Plein jour,En agglomération,Hors intersection,Normale,Autre collision,4,2,2,0,1,1,1,0,1,30,1,2,1,0,1,0,75.0,,voiture,,1,2,1,1,6
202400045822,2024-02-19 09:29:00,2024,2,19,9,29,75,75112,RUE DE REUILLY,48.841643,2.393451,Plein jour,En agglomération,Hors intersection,Normale,Sans collision,4,2,2,0,1,1,1,0,1,30,2,2,1,0,0,1,55.0,45.0,utilitaire_camion,deux_roues,1,2,1,1,7
202400045823,2024-07-15 12:10:00,2024,7,15,12,10,75,75101,QUAI DE L HORLOGE,48.85619,2.346477,Plein jour,En agglomération,Intersection en X,Normale,Deux véhicules - côté,4,2,4,3,1,1,1,0,1,30,2,3,2,0,0,1,34.0,50.0,deux_roues,voiture,1,2,2,1,3
202400045823,2024-07-15 12:10:00,2024,7,15,12,10,75,75101,QUAI DE L HORLOGE,48.85619,2.346477,Plein jour,En agglomération,Intersection en X,Normale,Deux véhicules - côté,4,1,1,0,1,1,1,0,1,30,2,3,2,0,0,1,34.0,50.0,deux_roues,voiture,1,2,2,1,3
202400045824,2024-06-13 14:30:00,2024,6,13,14,30,92,92024,GENNEVILLIERS (PONT DE),48.91094,2.31241,Plein jour,En agglomération,Hors intersection,Normale,Deux véhicules - côté,3,2,3,0,1,1,1,0,1,50,2,2,1,0,0,1,29.0,58.0,deux_roues,voiture,1,2,1,1,3
202400045825,2024-08-21 15:33:00,2024,8,21,15,33,972,97225,Rue Bouille,14.744879,-61.176349,Plein jour,En agglomération,Hors intersection,Normale,Autre collision,2,1,1,0,1,1,1,0,4,50,1,8,7,0,1,0,46.0,,voiture,,1,2,1,1,6
202400045826,2024-07-15 16:00:00,2024,7,15,16,0,94,94052,Boulevard Gambetta,48.83577,2.47317,Plein jour,En agglomération,Hors intersection,Normale,Autre collision,4,1,1,0,1,1,1,0,1,50,1,1,0,0,0,1,74.0,,voiture,,1,2,1,1,6
202400045827,2024-09-27 09:50:00,2024,9,27,9,50,05,05053,Avenue Leon Trinquier,44.347967,5.769603,Plein jour,En agglomération,Hors intersection,Normale,Deux véhicules - frontale,3,2,2,0,1,1,1,0,1,50,2,3,0,0,2,1,66.0,67.0,voiture,voiture,1,2,1,1,1
202400045828,2024-02-19 11:11:00,2024,2,19,11,11,75,75111,RUE MERLIN,48.86099,2.385157,Plein jour,En agglomération,Intersection en X,Pluie légère,Deux véhicules - côté,4,1,2,2,1,1,2,0,1,30,2,2,1,0,0,1,63.0,28.0,deux_roues,utilitaire_camion,1,2,2,2,3
202400045828,2024-02-19 11:11:00,2024,2,19,11,11,75,75111,RUE MERLIN,48.86099,2.385157,Plein jour,En agglomération,Intersection en X,Pluie légère,Deux véhicules - côté,4,1,2,2,1,1,2,0,1,30,2,2,1,0,0,1,63.0,28.0,deux_roues,utilitaire_camion,1,2,2,2,3