accident_id,datetime,annee,mois,jour,heure,minute,departement,commune_insee,adresse,latitude,longitude,luminosite,agglomeration,intersection,meteo,collision,catr,circ,nbv,vosp,prof,plan,surf,infra,situ,vma,nb_vehicules,nb_usagers,nb_indemnes,nb_tues,nb_blesses_hosp,nb_blesses_legers,age_cond_1,age_cond_2,veh_type_cond_1,veh_type_cond_2,lum_code,agg_code,int_code,atm_code,col_code
202400046057,2024-07-16 06:00:00,2024,7,16,6,0,40,40273,Avenue du Quartier-neuf,43.525557,-1.396079,Crépuscule ou aube,En agglomération,Hors intersection,Normale,Autre collision,3,2,2,3,1,1,1,0,1,50,1,1,0,0,1,0,58.0,,deux_roues,,2,2,1,1,6
202400046058,2024-10-31 13:19:00,2024,10,31,13,19,05,05061,COMMANDANT DUMONT ( AVENUE),44.56342,6.08388,Plein jour,En agglomération,Hors intersection,Normale,Autre collision,2,2,2,0,2,1,1,0,1,50,1,2,1,0,0,1,78.0,,voiture,,1,2,1,1,6
202400046059,2024-06-14 01:04:00,2024,6,14,1,4,13,13074,D96,43.64578,5.569205,Nuit sans éclairage public,Hors agglomération,Hors intersection,Normale,Deux véhicules - frontale,3,2,2,0,1,1,1,0,8,-1,1,1,0,0,1,0,23.0,,deux_roues,,3,1,1,1,1
202400046060,2024-10-27 17:59:00,2024,10,27,17,59,80,80021,Rue de Cagny,49.87067,2.33326,Plein jour,Hors agglomération,Intersection en T,Normale,Deux véhicules - côté,4,2,2,0,1,1,1,0,1,30,2,3,1,0,0,2,22.0,43.0,deux_roues,voiture,1,1,3,1,3
202400046060,2024-10-27 17:59:00,2024,10,27,17,59,80,80021,Rue de Cagny,49.87067,2.33326,Plein jour,Hors agglomération,Intersection en T,Normale,Deux véhicules - côté,4,2,2,0,1,1,1,0,1,30,2,3,1,0,0,2,22.0,43.0,deux_roues,voiture,1,1,3,1,3
202400046061,2024-07-28 10:45:00,2024,7,28,10,45,57,57256,D11,49.1085455,6.03059292,Plein jour,Hors agglomération,Hors intersection,Normale,Deux véhicules - frontale,7,2,2,0,2,2,2,0,1,70,2,2,1,0,0,1,49.0,44.0,voiture,deux_roues,1,1,1,1,1
202400046062,2024-08-21 16:25:00,2024,8,21,16,25,68,68269,Route de Guémar,48.19233,7.325885,Plein jour,En agglomération,Giratoire,Normale,Deux véhicules - côté,3,1,1,0,1,2,1,0,1,50,2,2,1,0,1,0,57.0,46.0,deux_roues,voiture,1,2,6,1,3
202400046063,2024-12-04 01:20:00,2024,12,4,1,20,02,02691,Place du 8 Octobre,49.842,3.29507,Nuit avec éclairage allumé,En agglomération,Hors intersection,Normale,Autre collision,4,2,4,0,1,1,1,5,1,50,1,1,0,0,1,0,51.0,,utilitaire_camion,,5,2,1,1,6
202400046064,2024-07-16 18:15:00,2024,7,16,18,15,68,68317,D48,48.080602,7.112982,Plein jour,Hors agglomération,Hors intersection,Normale,Autre collision,3,2,2,0,2,3,6,0,1,70,1,1,0,0,1,0,62.0,,deux_roues,,1,1,1,1,6
202400046065,2024-09-24 18:41:00,2024,9,24,18,41,987,98735,CLEMENCEAU (RUE),-17.53539,-149.556305,Nuit avec éclairage allumé,En agglomération,Hors intersection,Normale,Sans collision,3,2,2,0,1,1,1,0,1,50,1,1,0,0,0,1,23.0,,deux_roues,,5,2,1,1,7
202400046066,2024-07-15 06:55:00,2024,7,15,6,55,04,04188,D13,43.902761,5.790476,Plein jour,En agglomération,Intersection en X,Normale,Deux véhicules - côté,3,2,2,0,1,1,1,0,1,50,2,2,1,0,1,0,30.0,26.0,utilitaire_camion,deux_roues,1,2,2,1,3
202400046066,2024-07-15 06:55:00,2024,7,15,6,55,04,04188,D13,43.902761,5.790476,Plein jour,En agglomération,Intersection en X,Normale,Deux véhicules - côté,3,2, -1,-1,1,1,1,0,1,-1,2,2,1,0,1,0,30.0,26.0,utilitaire_camion,deux_roues,1,2,2,1,3
202400046067,2024-06-10 17:25:00,2024,6,10,17,25,71,71210,beauregard,46.28754,4.74361,Plein jour,Hors agglomération,Intersection en X,Normale,Deux véhicules - côté,4,2,2,0,1,1,1,0,1,50,2,2,1,0,0,1,36.0,29.0,utilitaire_camion,voiture,1,1,2,1,3
202400046068,2024-08-22 11:11:00,2024,8,22,11,11,69,69054,Route de Monsols,46.17825504,4.50409107,Plein jour,Hors agglomération,Hors intersection,Normale,Sans collision,3,2,2,0,2,3,1,0,1,80,1,2,1,0,1,0,22.0,,deux_roues,,1,1,1,1,7
202400046069,2024-07-15 18:15:00,2024,7,15,18,15,04,04006,66 Chemin du Village,44.277272,6.578203,Plein jour,En agglomération,Hors intersection,Normale,Autre collision,3,2,2,0,2,3,1,9,1,30,1,1,0,0,1,0,42.0,,deux_roues,,1,2,1,1,6
202400046070,2024-06-14 09:30:00,2024,6,14,9,30,03,03298,D46,46.32479,3.380562,Plein jour,Hors agglomération,Giratoire,Pluie légère,Sans collision,3,1,1,0,1,2,2,0,1,50,1,1,0,0,0,1,16.0,,deux_roues,,1,1,6,2,7
202400046071,2024-12-05 22:00:00,2024,12,5,22,0,75,75116,BD PERIPHERIQUE EXTERIEUR,48.839633,2.254164,Nuit avec éclairage allumé,En agglomération,Hors intersection,Pluie légère,Deux véhicules - arrière,4,1,4,0,1,1,2,0,1,50,2,3,2,0,1,0,32.0,28.0,deux_roues,voiture,5,2,1,2,2
202400046072,2024-10-30 09:07:00,2024,10,30,9,7,78,78123,EUROPE (RN 190) AVENUE DE L',48.93785,2.03695,Plein jour,En agglomération,Hors intersection,Temps couvert,Deux véhicules - côté,3,1,0,0,1,1,1,0,8,50,2,2,1,0,0,1,47.0,53.0,voiture,utilitaire_camion,1,2,1,8,3
202400046073,2024-08-21 13:35:00,2024,8,21,13,35,87,87099,Lieu Dit Clair Bois,45.875392,1.541669,Plein jour,Hors agglomération,Hors intersection,Normale,Sans collision,3,2,2,0,1,1,1,0,3,90,1,1,0,0,1,0,20.0,,voiture,,1,1,1,1,7
202400046074,2024-09-25 12:00:00,2024,9,25,12,0,974,97416,LORION (RUE LUC),-21.33851,55.46971,Plein jour,En agglomération,Intersection en X,Normale,Deux véhicules - côté,4,2,2,3,1,1,1,5,1,50,2,2,1,0,0,1,44.0,47.0,deux_roues,utilitaire_camion,1,2,2,1,3
202400046074,2024-09-25 12:00:00,2024,9,25,12,0,974,97416,LORION (RUE LUC),-21.33851,55.46971,Plein jour,En agglomération,Intersection en X,Normale,Deux véhicules - côté,4,2,2,0,2,1,1,5,1,50,2,2,1,0,0,1,44.0,47.0,deux_roues,utilitaire_camion,1,2,2,1,3
202400046075,2024-08-21 17:35:00,2024,8,21,17,35,79,79270,,46.41109,-0.20477,Plein jour,En agglomération,Hors intersection,Normale,Sans collision,4,1,1,0,1,2,1,0,4,50,1,1,0,1,0,0,57.0,,voiture,,1,2,1,1,7
202400046076,2024-06-13 17:00:00,2024,6,13,17,0,38,38091,Route de Biol,45.52118,5.334895,Plein jour,Hors agglomération,Intersection en X,Normale,Deux véhicules - côté,3,2,2,0,1,1,1,0,1,70,2,2,0,0,1,1,34.0,18.0,voiture,voiture,1,1,2,1,3
202400046076,2024-06-13 17:00:00,2024,6,13,17,0,38,38091,Route de Biol,45.52118,5.334895,Plein jour,Hors agglomération,Intersection en X,Normale,Deux véhicules - côté,3,2,2,0,1,1,1,0,1,50,2,2,0,0,1,1,34.0,18.0,voiture,voiture,1,1,2,1,3
202400046077,2024-12-04 08:15:00,2024,12,4,8,15,75,75120,BOULEVARD PERIPHERIQUE INTERIEUR NORD  ,48.85993,2.413982,Plein jour,En agglomération,Hors intersection,Normale,Deux véhicules - arrière,4,1,4,0,1,1,1,0,1,50,2,2,1,0,1,0,20.0,58.0,deux_roues,deux_roues,1,2,1,1,2
202400046078,2024-10-30 16:00:00,2024,10,30,16,0,77,77284,BOUVIN (AV.JEAN),48.9540828,2.91144341,Plein jour,En agglomération,Hors intersection,Normale,Autre collision,4,1,1,0,1,1,1,0,1,30,1,2,1,0,0,1,55.0,,utilitaire_camion,,1,2,1,1,6
202400046079,2024-07-13 19:30:00,2024,7,13,19,30,85,85202,RD39,46.751605,-1.159412,Plein jour,Hors agglomération,Intersection en T,Normale,Trois véhicules et plus - collisions multiples,3,2,2,0,1,1,1,0,1,80,4,4,1,0,0,3,22.0,18.0,voiture,voiture,1,1,3,1,5
202400046079,2024-07-13 19:30:00,2024,7,13,19,30,85,85202,RD39,46.751605,-1.159412,Plein jour,Hors agglomération,Intersection en T,Normale,Trois véhicules et plus - collisions multiples,3,2, -1,-1,1,1,1,0,1,-1,4,4,1,0,0,3,22.0,18.0,voiture,voiture,1,1,3,1,5
202400046080,2024-06-10 17:16:00,2024,6,10,17,16,86,86062,Avenue du Tour de France,46.655961,0.362774,Plein jour,En agglomération,Hors intersection,Normale,Deux véhicules - côté,4,2,2,2,2,1,1,0,1,50,2,2,1,0,0,1,22.0,22.0,voiture,deux_roues,1,2,1,1,3
202400046081,2024-08-22 11:30:00,2024,8,22,11,30,61,61080,D908,48.569557,-0.104992,Plein jour,Hors agglomération,Hors intersection,Normale,Deux véhicules - frontale,3,2,2,0,2,4,1,0,1,90,2,2,1,1,0,0,55.0,58.0,utilitaire_camion,deux_roues,1,1,1,1,1
202400046082,2024-12-06 17:09:00,2024,12,6,17,9,75,75119,RUE DU MAROC,48.88711,2.36766,Plein jour,En agglomération,Intersection en T,Normale,Sans collision,4,1, -1,-1,1,1,1,0,1,30,1,1,0,0,0,1,35.0,,deux_roues,,1,2,3,1,7
202400046082,2024-12-06 17:09:00,2024,12,6,17,9,75,75119,RUE DU MAROC,48.88711,2.36766,Plein jour,En agglomération,Intersection en T,Normale,Sans collision,4,2,2,0,1,1,1,0,1,30,1,1,0,0,0,1,35.0,,deux_roues,,1,2,3,1,7
202400046083,2024-10-29 18:50:00,2024,10,29,18,50,76,76447,Rue Raoul Dufy,49.55594808,0.16705871,Nuit sans éclairage public,Hors agglomération,Hors intersection,Pluie légère,Autre collision,3,2,2,0,1,1,2,0,1,80,1,2,0,0,0,2,14.0,,deux_roues,,3,1,1,2,6
202400046084,2024-09-23 17:30:00,2024,9,23,17,30,974,97407,SACRE COEUR (RD POINT) -RIV. DES GALETS ,-20.95596774,55.31205136,Plein jour,En agglomération,Giratoire,Normale,Deux véhicules - côté,2,2,4,0,1,1,1,0,1,50,2,2,1,0,0,1,50.0,21.0,utilitaire_camion,voiture,1,2,6,1,3
202400046084,2024-09-23 17:30:00,2024,9,23,17,30,974,97407,SACRE COEUR (RD POINT) -RIV. DES GALETS ,-20.95596774,55.31205136,Plein jour,En agglomération,Giratoire,Normale,Deux véhicules - côté,2,1,2,0,1,2,1,3,1,50,2,2,1,0,0,1,50.0,21.0,utilitaire_camion,voiture,1,2,6,1,3
202400046085,2024-07-15 14:45:00,2024,7,15,14,45,28,28086,La Croix Blanche,48.295048,1.079919,Plein jour,Hors agglomération,Hors intersection,Pluie légère,Autre collision,3,2,2,0,1,2,2,0,3,80,1,2,1,0,0,1,42.0,,voiture,,1,1,1,2,6
202400046086,2024-08-15 15:25:00,2024,8,15,15,25,29,29103,Pont de l'Europe,48.44702425,-4.26270541,Plein jour,En agglomération,Giratoire,Pluie légère,Sans collision,3,1,2,0,1,2,2,5,1,50,1,1,0,0,1,0,52.0,,deux_roues,,1,2,6,2,7
202400046087,2024-12-05 22:05:00,2024,12,5,22,5,75,75118,RUE DOUDEAUVILLE,48.888301,2.351523,Nuit avec éclairage allumé,En agglomération,Intersection à plus de 4 branches,Pluie légère,Deux véhicules - côté,4,1, -1,-1,1,1,2,0,1,-1,2,2,1,0,0,1,21.0,18.0,utilitaire_camion,deux_roues,5,2,5,2,3
202400046087,2024-12-05 22:05:00,2024,12,5,22,5,75,75118,RUE DOUDEAUVILLE,48.888301,2.351523,Nuit avec éclairage allumé,En agglomération,Intersection à plus de 4 branches,Pluie légère,Deux véhicules - côté,4,1,1,2,1,1,2,0,1,30,2,2,1,0,0,1,21.0,18.0,utilitaire_camion,deux_roues,5,2,5,2,3
202400046088,2024-06-10 17:15:00,2024,6,10,17,15,33,33238,,44.729776,-0.606211,Plein jour,En agglomération,Intersection en X,Normale,Deux véhicules - côté,4,2,2,0,1,1,1,0,1,50,2,2,1,0,1,0,44.0,48.0,voiture,deux_roues,1,2,2,1,3
202400046088,2024-06-10 17:15:00,2024,6,10,17,15,33,33238,,44.729776,-0.606211,Plein jour,En agglomération,Intersection en X,Normale,Deux véhicules - côté,4,2,2,0,1,1,1,0,1,50,2,2,1,0,1,0,44.0,48.0,voiture,deux_roues,1,2,2,1,3
202400046089,2024-09-25 17:30:00,2024,9,25,17,30,973,97302,BADUEL (ROUTE DE),4.93367,-52.31012,Plein jour,En agglomération,Hors intersection,Normale,Deux véhicules - côté,3,1,2,0,2,3,1,9,1,50,2,2,1,0,0,1,14.0,,deux_roues,voiture,1,2,1,1,3
202400046090,2024-08-19 11:20:00,2024,8,19,11,20,29,29058,Rue de Bréhoulou,47.891145,-4.012397,Plein jour,En agglomération,Hors intersection,Normale,Autre collision,4,2,2,0,1,1,1,0,1,30,1,2,1,0,1,0,44.0,,voiture,,1,2,1,1,6
202400046091,2024-06-13 12:10:00,2024,6,13,12,10,50,50294,Chemin de l?Obelisque,49.584942,-1.655116,Plein jour,Hors agglomération,Hors intersection,Normale,Sans collision,4,2,2,0,2,1,1,0,3,-1,1,1,0,1,0,0,73.0,,voiture,,1,1,1,1,7
202400046092,2024-07-14 00:55:00,2024,7,14,0,55,28,28170,1 Grande Rue,48.698703,1.289311,Nuit sans éclairage public,Hors agglomération,Intersection en X,Normale,Deux véhicules - frontale,3,2,2,0,1,1,1,0,8,50,2,3,2,0,0,1,24.0,19.0,utilitaire_camion,voiture,3,1,2,1,1
202400046092,2024-07-14 00:55:00,2024,7,14,0,55,28,28170,1 Grande Rue,48.698703,1.289311,Nuit sans éclairage public,Hors agglomération,Intersection en X,Normale,Deux véhicules - frontale,3,2,2,0,1,1,1,0,1,80,2,3,2,0,0,1,24.0,19.0,utilitaire_camion,voiture,3,1,2,1,1
202400046093,2024-12-06 13:10:00,2024,12,6,13,10,75,75117,RUE LEGENDRE,48.883816,2.313622,Plein jour,En agglomération,Intersection en X,Normale,Deux véhicules - côté,4,1,1,0,1,1,1,0,1,30,2,2,1,0,0,1,43.0,29.0,deux_roues,utilitaire_camion,1,2,2,1,3
202400046093,2024-12-06 13:10:00,2024,12,6,13,10,75,75117,RUE LEGENDRE,48.883816,2.313622,Plein jour,En agglomération,Intersection en X,Normale,Deux véhicules - côté,4,1,1,0,1,1,1,0,1,30,2,2,1,0,0,1,43.0,29.0,deux_roues,utilitaire_camion,1,2,2,1,3
202400046094,2024-09-25 06:05:00,2024,9,25,6,5,69,69386,Quai Charles de Gaulle,45.78472,4.85109,Nuit avec éclairage allumé,En agglomération,Hors intersection,Normale,Autre collision,4,2,6,0,1,1,1,0,1,50,1,1,0,0,0,1,25.0,,utilitaire_camion,,5,2,1,1,6
202400046095,2024-10-30 15:22:00,2024,10,30,15,22,73,73222,GLIERES ( CHEMIN DES ),45.57299,5.95158,Plein jour,En agglomération,Intersection en Y,Normale,Deux véhicules - côté,4,2,2,2,1,2,1,9,5,50,2,2,1,0,0,1,17.0,28.0,deux_roues,voiture,1,2,4,1,3
202400046095,2024-10-30 15:22:00,2024,10,30,15,22,73,73222,GLIERES ( CHEMIN DES ),45.57299,5.95158,Plein jour,En agglomération,Intersection en Y,Normale,Deux véhicules - côté,4,2,2,2,1,2,1,0,5,50,2,2,1,0,0,1,17.0,28.0,deux_roues,voiture,1,2,4,1,3
202400046096,2024-08-20 16:15:00,2024,8,20,16,15,60,60134,D1016,49.317779,2.441432,Plein jour,Hors agglomération,Hors intersection,Pluie forte,Deux véhicules - arrière,3,3,2,0,4,1,2,0,1,110,2,2,1,0,0,1,35.0,24.0,utilitaire_camion,utilitaire_camion,1,1,1,3,2
202400046097,2024-06-07 13:40:00,2024,6,7,13,40,56,56151,Parc d'activité du Gohélève,48.05445,-2.93607,Plein jour,Hors agglomération,Giratoire,Normale,Deux véhicules - arrière,3,1,2,0,1,1,1,5,1,80,2,3,2,0,0,1,43.0,69.0,utilitaire_camion,voiture,1,1,6,1,2
202400046097,2024-06-07 13:40:00,2024,6,7,13,40,56,56151,Parc d'activité du Gohélève,48.05445,-2.93607,Plein jour,Hors agglomération,Giratoire,Normale,Deux véhicules - arrière,3,1,2,-1,1,2,1,5,1,-1,2,3,2,0,0,1,43.0,69.0,utilitaire_camion,voiture,1,1,6,1,2
202400046098,2024-10-30 12:45:00,2024,10,30,12,45,73,73065,BOISSE (AVENUE DE LA),45.57222913,5.91856248,Plein jour,En agglomération,Autre intersection,Normale,Deux véhicules - côté,4,2,2,1,1,1,1,0,5,30,2,2,1,0,0,1,50.0,58.0,voiture,deux_roues,1,2,9,1,3
202400046099,2024-12-04 22:15:00,2024,12,4,22,15,75,75115,RUE LECOURBE,48.836828,2.283628,Nuit avec éclairage allumé,En agglomération,Intersection en X,Normale,Deux véhicules - côté,4,1,1,0,1,1,1,0,1,30,2,2,1,0,0,1,19.0,,deux_roues,voiture,5,2,2,1,3
202400046099,2024-12-04 22:15:00,2024,12,4,22,15,75,75115,RUE LECOURBE,48.836828,2.283628,Nuit avec éclairage allumé,En agglomération,Intersection en X,Normale,Deux véhicules - côté,4,1,1,0,1,1,1,0,1,30,2,2,1,0,0,1,19.0,,deux_roues,voiture,5,2,2,1,3
202400046100,2024-09-25 10:20:00,2024,9,25,10,20,972,97209,AUTOROUTE (A1),14.61386,-61.05221,Plein jour,Hors agglomération,Hors intersection,Pluie légère,Trois véhicules et plus - en chaîne,1,1,3,0,2,1,2,9,1,90,3,3,2,0,0,1,35.0,21.0,voiture,voiture,1,1,1,2,4
202400046101,2024-08-22 13:27:00,2024,8,22,13,27,60,60211,D22,49.302237,1.797273,Plein jour,Hors agglomération,Hors intersection,Normale,Deux véhicules - côté,3,2,2,0,1,3,1,0,1,80,2,2,1,1,0,0,67.0,35.0,deux_roues,voiture,1,1,1,1,3
202400046102,2024-07-15 17:30:00,2024,7,15,17,30,17,17087,D739,45.970049,-0.636799,Plein jour,Hors agglomération,Hors intersection,Normale,Trois véhicules et plus - en chaîne,3,2,2,0,1,1,1,0,1,80,3,7,0,0,0,7,26.0,43.0,voiture,voiture,1,1,1,1,4
202400046103,2024-06-13 13:20:00,2024,6,13,13,20,35,35004,Intersection RD155/RD313,48.458523,-1.494291,Plein jour,Hors agglomération,Intersection en X,Normale,Deux véhicules - côté,3,2,4,0,4,1,1,5,1,70,2,2,1,0,1,0,61.0,72.0,voiture,voiture,1,1,2,1,3
202400046103,2024-06-13 13:20:00,2024,6,13,13,20,35,35004,Intersection RD155/RD313,48.458523,-1.494291,Plein jour,Hors agglomération,Intersection en X,Normale,Deux véhicules - côté,3,2,2,0,4,1,1,5,1,50,2,2,1,0,1,0,61.0,72.0,voiture,voiture,1,1,2,1,3
202400046104,2024-10-27 07:31:00,2024,10,27,7,31,72,72181,CLEMENCEAU GEORGES ( BD) N° IMP,47.97912,0.21491,Crépuscule ou aube,En agglomération,Hors intersection,Pluie légère,Autre collision,4,3,2,0,2,1,2,1,1,50,1,1,0,0,0,1,35.0,,voiture,,2,2,1,2,6
202400046105,2024-12-05 18:10:00,2024,12,5,18,10,75,75114,AVENUE DU GENERAL LECLERC,48.829358,2.328206,Nuit avec éclairage allumé,En agglomération,Hors intersection,Pluie légère,Deux véhicules - arrière,4,3,5,0,1,1,2,0,1,30,2,2,1,0,0,1,17.0,45.0,deux_roues,voiture,5,2,1,2,2
202400046106,2024-09-25 08:45:00,2024,9,25,8,45,69,69385,133 Rue Commandant Charcot,45.74749636,4.79068569,Plein jour,En agglomération,Hors intersection,Normale,Autre collision,4,2,2,0,1,1,1,0,1,30,1,2,1,0,1,0,80.0,,voiture,,1,2,1,1,6
202400046107,2024-07-22 16:05:00,2024,7,22,16,5,59,59002,CD 957,50.327844,3.280859,Plein jour,Hors agglomération,Hors intersection,Normale,Autre collision,3,2,2,1,1,1,1,0,1,70,2,4,1,0,0,3,24.0,46.0,voiture,voiture,1,1,1,1,6
202400046108,2024-10-27 17:30:00,2024,10,27,17,30,72,72181,POLOGNE (RUE DE),47.99308,0.23374,Plein jour,En agglomération,Hors intersection,Normale,Deux véhicules - côté,4,-1,2,0,1,1,1,0,1,50,2,2,1,0,0,1,25.0,7.0,voiture,deux_roues,1,2,1,1,3
202400046109,2024-07-11 12:10:00,2024,7,11,12,10,30,30336,D126,43.879954,4.628441,Plein jour,Hors agglomération,Intersection en X,Normale,Deux véhicules - arrière,3,2,2,0,1,1,1,0,1,80,2,2,1,0,1,0,35.0,22.0,utilitaire_camion,voiture,1,1,2,1,2
202400046109,2024-07-11 12:10:00,2024,7,11,12,10,30,30336,D126,43.879954,4.628441,Plein jour,Hors agglomération,Intersection en X,Normale,Deux véhicules - arrière,3,2, -1,-1,1,1,1,0,1,-1,2,2,1,0,1,0,35.0,22.0,utilitaire_camion,voiture,1,1,2,1,2
202400046110,2024-09-24 06:35:00,2024,9,24,6,35,971,97101,EDOUARD BOTINO (AVENUE),16.25917,-61.52407,Plein jour,Hors agglomération,Giratoire,Normale,Deux véhicules - côté,3,2,1,0,1,1,1,0,1,50,2,2,1,0,0,1,28.0,57.0,deux_roues,voiture,1,1,6,1,3
202400046110,2024-09-24 06:35:00,2024,9,24,6,35,971,97101,EDOUARD BOTINO (AVENUE),16.25917,-61.52407,Plein jour,Hors agglomération,Giratoire,Normale,Deux véhicules - côté,3,2,1,0,1,1,1,0,1,50,2,2,1,0,0,1,28.0,57.0,deux_roues,voiture,1,1,6,1,3
202400046111,2024-06-24 16:54:00,2024,6,24,16,54,33,33249,,44.884549,-0.517041,Plein jour,Hors agglomération,Hors intersection,Normale,Deux véhicules - arrière,1,3,6,0,2,3,1,3,1,90,2,2,1,0,0,1,20.0,31.0,voiture,voiture,1,1,1,1,2
202400046112,2024-06-14 10:40:00,2024,6,14,10,40,60,60157,Avenue des Déportés,49.384416,2.415158,Plein jour,En agglomération,Hors intersection,Temps couvert,Autre collision,3,2,2,1,1,1,1,0,1,50,1,2,1,0,1,0,62.0,,voiture,,1,2,1,8,6
202400046113,2024-07-15 22:00:00,2024,7,15,22,0,30,30089,,43.85997291,4.59213495,Nuit sans éclairage public,Hors agglomération,Hors intersection,Normale,Sans collision,3,2,2,0,1,1,1,0,3,80,1,1,0,0,1,0,50.0,,utilitaire_camion,,3,1,1,1,7
202400046114,2024-12-06 08:30:00,2024,12,6,8,30,75,75113,BOULEVARD DE L HOPITAL,48.835923,2.358718,Crépuscule ou aube,En agglomération,Intersection en Y,Temps couvert,Deux véhicules - arrière,4,2,4,0,1,1,1,0,1,30,2,2,1,0,0,1,28.0,50.0,utilitaire_camion,deux_roues,2,2,4,8,2
202400046114,2024-12-06 08:30:00,2024,12,6,8,30,75,75113,BOULEVARD DE L HOPITAL,48.835923,2.358718,Crépuscule ou aube,En agglomération,Intersection en Y,Temps couvert,Deux véhicules - arrière,4,2, -1,-1,1,1,1,0,1,30,2,2,1,0,0,1,28.0,50.0,utilitaire_camion,deux_roues,2,2,4,8,2
202400046115,2024-10-30 06:10:00,2024,10,30,6,10,69,69266,Cours Emile Zola,45.76862,4.88441,Nuit avec éclairage allumé,En agglomération,Intersection en X,Brouillard / fumée,Deux véhicules - côté,4,2,5,2,1,1,2,0,1,30,2,2,0,0,0,2,24.0,54.0,deux_roues,deux_roues,5,2,2,5,3
202400046115,2024-10-30 06:10:00,2024,10,30,6,10,69,69266,Cours Emile Zola,45.76862,4.88441,Nuit avec éclairage allumé,En agglomération,Intersection en X,Brouillard / fumée,Deux véhicules - côté,4,2,4,2,1,1,2,0,1,30,2,2,0,0,0,2,24.0,54.0,deux_roues,deux_roues,5,2,2,5,3
202400046116,2024-08-21 05:53:00,2024,8,21,5,53,91,91573,RN 104 EXT / RN 6 PARIS,48.63109,2.51714,Nuit sans éclairage public,Hors agglomération,Hors intersection,Autre,Deux véhicules - arrière,2,1,2,0,1,1,2,0,1,90,2,2,1,0,0,1,28.0,45.0,utilitaire_camion,voiture,3,1,1,9,2
202400046117,2024-06-13 08:50:00,2024,6,13,8,50,13,13215,A7-Sens Marseille vers Lyon,43.35994,5.3631,Plein jour,Hors agglomération,Hors intersection,Normale,Deux véhicules - côté,1,1,3,0,1,1,1,0,1,70,2,2,1,0,0,1,28.0,22.0,voiture,deux_roues,1,1,1,1,3
202400046118,2024-09-22 23:54:00,2024,9,22,23,54,971,97113,RN4-ROND POINT SAINT FELIX,16.20774,-61.46169,Nuit avec éclairage non allumé,En agglomération,Hors intersection,Normale,Deux véhicules - frontale,2,2,2,0,1,1,2,0,3,50,2,3,1,0,1,1,,32.0,voiture,deux_roues,4,2,1,1,1
202400046119,2024-12-06 14:55:00,2024,12,6,14,55,75,75110,RUE DU FAUBOURG SAINT MARTIN,48.877406,2.361456,Plein jour,En agglomération,Intersection en T,Normale,Deux véhicules - côté,4,-1, -1,-1,1,1,1,0,1,30,2,2,1,0,0,1,60.0,,deux_roues,deux_roues,1,2,3,1,3
202400046119,2024-12-06 14:55:00,2024,12,6,14,55,75,75110,RUE DU FAUBOURG SAINT MARTIN,48.877406,2.361456,Plein jour,En agglomération,Intersection en T,Normale,Deux véhicules - côté,4,2,5,2,1,1,1,0,1,30,2,2,1,0,0,1,60.0,,deux_roues,deux_roues,1,2,3,1,3
202400046120,2024-10-30 19:15:00,2024,10,30,19,15,69,69259,Avenue Francis de Pressensé,45.72563523,4.86334519,Nuit avec éclairage allumé,En agglomération,Hors intersection,Normale,Deux véhicules - côté,4,2,2,2,1,1,1,0,1,50,2,2,1,0,0,1,41.0,33.0,voiture,deux_roues,5,2,1,1,3
202400046121,2024-08-20 19:30:00,2024,8,20,19,30,93,93066,AUTOROUTE A1,48.91744438,2.35770709,Nuit avec éclairage allumé,Hors agglomération,Hors intersection,Pluie légère,Deux véhicules - arrière,1,3,4,0,1,1,2,1,1,90,2,4,2,0,0,2,29.0,42.0,voiture,voiture,5,1,1,2,2
202400046122,2024-06-12 16:42:00,2024,6,12,16,42,83,83062,A570,43.14358005,6.03320646,Plein jour,Hors agglomération,Hors intersection,Normale,Trois véhicules et plus - en chaîne,1,3,4,0,1,1,1,0,1,90,3,4,2,0,0,2,49.0,33.0,voiture,utilitaire_camion,1,1,1,1,4
202400046123,2024-09-25 11:35:00,2024,9,25,11,35,91,91544,RUE DE MARCOUSSIS,48.3517,2.1439,Plein jour,En agglomération,Hors intersection,Pluie légère,Deux véhicules - frontale,3,2,2,0,1,1,2,9,1,50,2,2,1,0,0,1,55.0,54.0,voiture,voiture,1,2,1,2,1
202400046124,2024-10-30 07:00:00,2024,10,30,7,0,69,69091,Route de Mornant,45.59359,4.72177,Crépuscule ou aube,Hors agglomération,Hors intersection,Brouillard / fumée,Deux véhicules - côté,7,2,2,0,1,1,2,0,1,80,2,2,1,0,1,0,17.0,53.0,voiture,deux_roues,2,1,1,5,3
202400046125,2024-12-06 12:10:00,2024,12,6,12,10,75,75108,AVENUE DES CHAMPS ELYSEES,48.869329,2.309216,Plein jour,En agglomération,Place,Normale,Deux véhicules - arrière,4,2,6,1,1,1,1,0,1,50,2,2,1,0,0,1,20.0,57.0,utilitaire_camion,deux_roues,1,2,7,1,2
202400046125,2024-12-06 12:10:00,2024,12,6,12,10,75,75108,AVENUE DES CHAMPS ELYSEES,48.869329,2.309216,Plein jour,En agglomération,Place,Normale,Deux véhicules - arrière,4,1, -1,-1,1,1,1,0,1,50,2,2,1,0,0,1,20.0,57.0,utilitaire_camion,deux_roues,1,2,7,1,2
202400046126,2024-08-20 19:50:00,2024,8,20,19,50,95,95527,A1,49.00211832,2.52380676,Crépuscule ou aube,Hors agglomération,Hors intersection,Pluie forte,Autre collision,1,3,3,0,1,1,2,0,1,110,1,4,0,0,0,4,42.0,,utilitaire_camion,,2,1,1,3,6