accident_id,datetime,annee,mois,jour,heure,minute,departement,commune_insee,adresse,latitude,longitude,luminosite,agglomeration,intersection,meteo,collision,catr,circ,nbv,vosp,prof,plan,surf,infra,situ,vma,nb_vehicules,nb_usagers,nb_indemnes,nb_tues,nb_blesses_hosp,nb_blesses_legers,age_cond_1,age_cond_2,veh_type_cond_1,veh_type_cond_2,lum_code,agg_code,int_code,atm_code,col_code
202400046264,2024-08-18 23:30:00,2024,8,18,23,30,62,62570,Rue de l'Yonne,50.41082,2.88971,Nuit avec éclairage allumé,En agglomération,Hors intersection,Normale,Autre collision,4,2,2,0,1,1,1,0,1,50,1,2,0,0,1,1,15.0,,deux_roues,,5,2,1,1,6
202400046265,2024-09-25 07:35:00,2024,9,25,7,35,13,13001,MONNET JEAN (AV),43.53,5.42,Plein jour,En agglomération,Autre intersection,Normale,Deux véhicules - côté,4,2,4,1,1,3,1,5,4,50,2,2,1,0,0,1,13.0,20.0,deux_roues,deux_roues,1,2,9,1,3
202400046266,2024-10-30 12:15:00,2024,10,30,12,15,75,75113,AVENUE D ITALIE,48.819769,2.359349,Plein jour,En agglomération,Intersection en T,Normale,Sans collision,4,2,6,1,1,1,1,0,1,30,2,2,0,0,0,2,22.0,23.0,deux_roues,deux_roues,1,2,3,1,7
202400046266,2024-10-30 12:15:00,2024,10,30,12,15,75,75113,AVENUE D ITALIE,48.819769,2.359349,Plein jour,En agglomération,Intersection en T,Normale,Sans collision,4,1, -1,-1,1,1,1,0,1,30,2,2,0,0,0,2,22.0,23.0,deux_roues,deux_roues,1,2,3,1,7
202400046267,2024-08-20 13:25:00,2024,8,20,13,25,59,59279,LEMIRE (RUE DE L'ABBE),50.78798,3.13826,Plein jour,En agglomération,Autre intersection,Pluie forte,Deux véhicules - côté,6,-1, -1,0,1,1,2,0,8,15,2,2,1,0,0,1,30.0,20.0,voiture,voiture,1,2,9,3,3
202400046268,2024-09-25 08:50:00,2024,9,25,8,50,09,09122,BOUYCHERES (COURS),42.964893,1.610767,Plein jour,En agglomération,Hors intersection,Normale,Deux véhicules - frontale,3,2,2,0,1,1,1,0,1,50,2,2,1,0,0,1,45.0,39.0,deux_roues,utilitaire_camion,1,2,1,1,1
202400046269,2024-10-30 10:38:00,2024,10,30,10,38,75,75111,BOULEVARD VOLTAIRE,48.855368,2.384338,Plein jour,En agglomération,Intersection en T,Normale,Deux véhicules - côté,4,2,2,1,1,1,1,0,5,30,2,2,1,0,0,1,51.0,28.0,deux_roues,utilitaire_camion,1,2,3,1,3
202400046269,2024-10-30 10:38:00,2024,10,30,10,38,75,75111,BOULEVARD VOLTAIRE,48.855368,2.384338,Plein jour,En agglomération,Intersection en T,Normale,Deux véhicules - côté,4,2,1,0,1,1,1,0,5,30,2,2,1,0,0,1,51.0,28.0,deux_roues,utilitaire_camion,1,2,3,1,3
202400046270,2024-12-06 21:50:00,2024,12,6,21,50,974,97413,N1,-21.231667,55.311522,Nuit sans éclairage public,Hors agglomération,Hors intersection,Normale,Trois véhicules et plus - collisions multiples,2,2,2,0,1,4,1,0,1,110,9,17,14,1,0,2,34.0,31.0,voiture,voiture,3,1,1,1,5
202400046271,2024-08-20 09:15:00,2024,8,20,9,15,56,56260,Avenue Édouard Herriot,47.65522,-2.73964,Plein jour,En agglomération,Giratoire,Pluie forte,Deux véhicules - côté,4,2,3,0,1,1,2,5,5,50,2,2,1,0,0,1,36.0,62.0,deux_roues,voiture,1,2,6,3,3
202400046271,2024-08-20 09:15:00,2024,8,20,9,15,56,56260,Avenue Édouard Herriot,47.65522,-2.73964,Plein jour,En agglomération,Giratoire,Pluie forte,Deux véhicules - côté,4,1,2,2,1,2,2,5,5,50,2,2,1,0,0,1,36.0,62.0,deux_roues,voiture,1,2,6,3,3
202400046272,2024-09-25 10:49:00,2024,9,25,10,49,06,06088,ANGLAIS PLAGE (DU 265 AU 350),43.67597,7.22817,Plein jour,En agglomération,Hors intersection,Normale,Deux véhicules - côté,7,3,4,0,1,1,1,0,1,50,2,3,2,0,1,0,82.0,53.0,voiture,deux_roues,1,2,1,1,3
202400046273,2024-10-30 08:25:00,2024,10,30,8,25,94,94068,Avenue Jean Jaurès,48.79071,2.47994,Plein jour,En agglomération,Hors intersection,Temps couvert,Autre collision,4,1,1,0,1,1,1,0,1,30,1,2,1,0,0,1,39.0,,transport_commun,,1,2,1,8,6
202400046274,2024-12-05 17:35:00,2024,12,5,17,35,89,89398,D34,48.102144,3.770864,Nuit sans éclairage public,Hors agglomération,Hors intersection,Pluie forte,Deux véhicules - frontale,3,2,2,0,2,4,2,0,1,80,2,3,0,0,0,3,83.0,43.0,voiture,voiture,3,1,1,3,1
202400046275,2024-08-20 15:20:00,2024,8,20,15,20,54,54395,Rue de Remenauville,48.68551612,6.2000683,Plein jour,En agglomération,Intersection en T,Normale,Deux véhicules - côté,4,1,1,2,1,1,1,-1,1,30,2,2,1,0,0,1,43.0,26.0,utilitaire_camion,deux_roues,1,2,3,1,3
202400046275,2024-08-20 15:20:00,2024,8,20,15,20,54,54395,Rue de Remenauville,48.68551612,6.2000683,Plein jour,En agglomération,Intersection en T,Normale,Deux véhicules - côté,4,2,2,0,1,1,1,9,1,30,2,2,1,0,0,1,43.0,26.0,utilitaire_camion,deux_roues,1,2,3,1,3
202400046276,2024-09-24 20:20:00,2024,9,24,20,20,06,06027,27 Boulevard du Maréchal Alphonse Juin,43.659411,7.150668,Nuit avec éclairage allumé,En agglomération,Hors intersection,Normale,Deux véhicules - côté,4,2,3,0,1,1,1,2,1,50,2,2,1,0,0,1,49.0,22.0,deux_roues,voiture,5,2,1,1,3
202400046277,2024-10-30 11:45:00,2024,10,30,11,45,94,94068,Rue du Pont de Créteil,48.80588,2.47125,Plein jour,En agglomération,Intersection en T,Normale,Deux véhicules - côté,3,2,5,3,1,1,1,0,1,30,2,2,1,0,0,1,54.0,37.0,deux_roues,voiture,1,2,3,1,3
202400046277,2024-10-30 11:45:00,2024,10,30,11,45,94,94068,Rue du Pont de Créteil,48.80588,2.47125,Plein jour,En agglomération,Intersection en T,Normale,Deux véhicules - côté,3,1,1,0,1,1,1,0,1,30,2,2,1,0,0,1,54.0,37.0,deux_roues,voiture,1,2,3,1,3
202400046278,2024-12-07 01:00:00,2024,12,7,1,0,63,63055,D941,45.833628,2.831876,Nuit sans éclairage public,Hors agglomération,Hors intersection,Pluie légère,Autre collision,3,2,2,0,2,2,2,0,3,90,1,4,2,0,1,1,19.0,,voiture,,3,1,1,2,6
202400046279,2024-08-20 01:09:00,2024,8,20,1,9,54,54025,Rue du Faubourg Saint-Phlin,48.65191924,6.27026975,Nuit avec éclairage allumé,En agglomération,Hors intersection,Normale,Autre collision,7,2,2,0,1,1,1,9,1,50,1,1,0,0,0,1,23.0,,voiture,,5,2,1,1,6
202400046280,2024-12-06 09:20:00,2024,12,6,9,20,61,61116,13 Place du Général de Gaulle,48.380081,0.850164,Plein jour,En agglomération,Hors intersection,Temps éblouissant,Autre collision,3,2,2,0,1,2,1,0,1,50,1,2,1,0,1,0,38.0,,voiture,,1,2,1,7,6
202400046281,2024-09-24 17:55:00,2024,9,24,17,55,01,01451,PARIS (ROUTE DE),46.22218,5.20893,Plein jour,En agglomération,Autre intersection,Normale,Deux véhicules - côté,3,1,3,0,1,1,1,5,1,50,2,2,1,0,0,1,47.0,,deux_roues,voiture,1,2,9,1,3
202400046282,2024-10-30 15:40:00,2024,10,30,15,40,93,93073,CHAPIT RE ( RUE DU),49.00354,2.56167,Plein jour,En agglomération,Intersection en X,Normale,Deux véhicules - côté,4,-1,0,0,1,1,1,0,1,50,2,2,1,0,0,1,21.0,25.0,voiture,voiture,1,2,2,1,3
202400046282,2024-10-30 15:40:00,2024,10,30,15,40,93,93073,CHAPIT RE ( RUE DU),49.00354,2.56167,Plein jour,En agglomération,Intersection en X,Normale,Deux véhicules - côté,4,1,1,0,1,1,1,0,1,50,2,2,1,0,0,1,21.0,25.0,voiture,voiture,1,2,2,1,3
202400046283,2024-12-06 10:45:00,2024,12,6,10,45,35,35018,La Ruedeveillais,48.424302,-1.125884,Plein jour,Hors agglomération,Hors intersection,Normale,Deux véhicules - côté,3,2,2,0,1,1,1,0,1,80,2,2,1,0,1,0,63.0,29.0,voiture,deux_roues,1,1,1,1,3
202400046284,2024-08-20 08:24:00,2024,8,20,8,24,51,51454,MIDOL (RUE HENRI),49.26289,4.00372,Plein jour,En agglomération,Intersection en Y,Normale,Sans collision,3,2, -1,-1,1,3,1,4,1,-1,1,1,0,0,0,1,24.0,,deux_roues,,1,2,4,1,7
202400046284,2024-08-20 08:24:00,2024,8,20,8,24,51,51454,MIDOL (RUE HENRI),49.26289,4.00372,Plein jour,En agglomération,Intersection en Y,Normale,Sans collision,3,2,2,0,1,1,1,4,1,50,1,1,0,0,0,1,24.0,,deux_roues,,1,2,4,1,7
202400046285,2024-09-24 18:30:00,2024,9,24,18,30,75,75119,BD PERIPHERIQUE INTERIEUR,48.90026,2.390219,Plein jour,En agglomération,Hors intersection,Pluie légère,Deux véhicules - côté,4,1,2,0,2,1,2,0,1,50,2,4,3,0,0,1,26.0,52.0,voiture,deux_roues,1,2,1,2,3
202400046286,2024-10-30 15:10:00,2024,10,30,15,10,93,93066,BASILIQUE (PROMENADE),48.94211295,2.38251177,Plein jour,En agglomération,Hors intersection,Normale,Autre collision,4,-1,0,3,1,1,1,0,1,50,1,2,1,0,0,1,59.0,,voiture,,1,2,1,1,6
202400046287,2024-11-26 09:50:00,2024,11,26,9,50,38,38399,D522,45.502941,5.15291,Plein jour,En agglomération,Intersection en X,Normale,Deux véhicules - côté,3,2,2,2,1,1,1,0,1,80,2,2,1,0,1,0,82.0,78.0,voiture,voiture,1,2,2,1,3
202400046287,2024-11-26 09:50:00,2024,11,26,9,50,38,38399,D522,45.502941,5.15291,Plein jour,En agglomération,Intersection en X,Normale,Deux véhicules - côté,3,1,2,0,2,2,1,0,8,30,2,2,1,0,1,0,82.0,78.0,voiture,voiture,1,2,2,1,3
202400046288,2024-08-19 22:00:00,2024,8,19,22,0,50,50129,BREMERHAVEN (AVENUE DE),49.63084,-1.60456,Nuit avec éclairage allumé,En agglomération,Intersection en T,Normale,Sans collision,4,2,2,0,1,2,1,5,1,50,1,1,0,0,0,1,19.0,,deux_roues,,5,2,3,1,7
202400046288,2024-08-19 22:00:00,2024,8,19,22,0,50,50129,BREMERHAVEN (AVENUE DE),49.63084,-1.60456,Nuit avec éclairage allumé,En agglomération,Intersection en T,Normale,Sans collision,4,2,2,0,1,1,1,5,1,50,1,1,0,0,0,1,19.0,,deux_roues,,5,2,3,1,7
202400046289,2024-09-24 10:30:00,2024,9,24,10,30,75,75120,BOULEVARD DE MENILMONTANT,48.858928,2.389522,Plein jour,En agglomération,Hors intersection,Pluie légère,Autre collision,4,3,6,1,1,1,2,0,5,30,1,2,0,0,0,2,24.0,,deux_roues,,1,2,1,2,6
202400046290,2024-12-07 11:39:00,2024,12,7,11,39,38,38171,Route de Saint Paul,45.295495,5.403034,Plein jour,Hors agglomération,Intersection en T,Pluie forte,Deux véhicules - côté,3,2,2,0,2,2,2,0,1,80,2,2,1,0,0,1,29.0,70.0,voiture,voiture,1,1,3,3,3
202400046290,2024-12-07 11:39:00,2024,12,7,11,39,38,38171,Route de Saint Paul,45.295495,5.403034,Plein jour,Hors agglomération,Intersection en T,Pluie forte,Deux véhicules - côté,3,2,2,0,2,2,2,0,1,80,2,2,1,0,0,1,29.0,70.0,voiture,voiture,1,1,3,3,3
202400046291,2024-08-20 10:40:00,2024,8,20,10,40,47,47001,BARBUSSE (AV. HENRI),44.2071,0.63984,Plein jour,En agglomération,Intersection en X,Normale,Deux véhicules - côté,3,2,3,0,2,1,1,5,1,50,2,2,1,0,0,1,59.0,25.0,voiture,deux_roues,1,2,2,1,3
202400046291,2024-08-20 10:40:00,2024,8,20,10,40,47,47001,BARBUSSE (AV. HENRI),44.2071,0.63984,Plein jour,En agglomération,Intersection en X,Normale,Deux véhicules - côté,3,-1,3,0,1,1,1,0,1,30,2,2,1,0,0,1,59.0,25.0,voiture,deux_roues,1,2,2,1,3
202400046292,2024-10-30 00:15:00,2024,10,30,0,15,93,93066,MECHIN,48.9359,2.342,Nuit avec éclairage allumé,En agglomération,Passage à niveau,Normale,Trois véhicules et plus - collisions multiples,3,2,2,3,1,1,1,4,6,50,3,3,1,0,0,2,20.0,40.0,voiture,transport_commun,5,2,8,1,5
202400046293,2024-12-07 13:45:00,2024,12,7,13,45,03,03239,D167,46.423171,3.953136,Plein jour,Hors agglomération,Hors intersection,Pluie légère,Sans collision,3,2,2,0,2,1,2,0,3,90,1,1,0,1,0,0,64.0,,voiture,,1,1,1,2,7
202400046294,2024-09-25 22:15:00,2024,9,25,22,15,75,75119,RUE DE L OURCQ,48.889361,2.383689,Nuit avec éclairage allumé,En agglomération,Intersection en X,Pluie forte,Autre collision,4,1, -1,0,1,1,2,0,1,30,1,2,1,0,0,1,,,deux_roues,,5,2,2,3,6
202400046294,2024-09-25 22:15:00,2024,9,25,22,15,75,75119,RUE DE L OURCQ,48.889361,2.383689,Nuit avec éclairage allumé,En agglomération,Intersection en X,Pluie forte,Autre collision,4,-1,2,0,1,1,2,0,1,30,1,2,1,0,0,1,,,deux_roues,,5,2,2,3,6
202400046295,2024-08-19 15:40:00,2024,8,19,15,40,47,47001,RIQUET (RUE PIERRE-PAUL DE),44.21254497,0.64475496,Plein jour,En agglomération,Hors intersection,Normale,Deux véhicules - frontale,4,2,2,0,1,2,1,0,1,30,2,2,0,0,0,2,60.0,43.0,voiture,utilitaire_camion,1,2,1,1,1
202400046296,2024-10-30 18:00:00,2024,10,30,18,0,93,93010,FOSSE AUX BERGERS (RUE DE LA),48.88933,2.49556,Nuit sans éclairage public,En agglomération,Intersection en X,Normale,Deux véhicules - côté,3,-1,2,0,1,1,1,0,1,50,2,2,1,0,0,1,37.0,26.0,voiture,deux_roues,3,2,2,1,3
202400046296,2024-10-30 18:00:00,2024,10,30,18,0,93,93010,FOSSE AUX BERGERS (RUE DE LA),48.88933,2.49556,Nuit sans éclairage public,En agglomération,Intersection en X,Normale,Deux véhicules - côté,3,1,1,0,1,1,1,0,1,50,2,2,1,0,0,1,37.0,26.0,voiture,deux_roues,3,2,2,1,3
202400046297,2024-12-06 17:30:00,2024,12,6,17,30,14,14348,23 Route de Caen,49.162416,-0.614888,Nuit avec éclairage allumé,Hors agglomération,Intersection en T,Normale,Deux véhicules - côté,3,2,2,0,2,1,1,0,1,70,2,2,1,0,1,0,60.0,24.0,voiture,voiture,5,1,3,1,3
202400046297,2024-12-06 17:30:00,2024,12,6,17,30,14,14348,23 Route de Caen,49.162416,-0.614888,Nuit avec éclairage allumé,Hors agglomération,Intersection en T,Normale,Deux véhicules - côté,3,2,2,0,2,1,1,0,1,70,2,2,1,0,1,0,60.0,24.0,voiture,voiture,5,1,3,1,3
202400046298,2024-09-25 12:40:00,2024,9,25,12,40,75,75119,RUE PETIT,48.884778,2.381259,Plein jour,En agglomération,Intersection en X,Pluie légère,Sans collision,4,1, -1,0,1,1,2,0,1,30,2,2,1,0,0,1,59.0,58.0,utilitaire_camion,deux_roues,1,2,2,2,7
202400046298,2024-09-25 12:40:00,2024,9,25,12,40,75,75119,RUE PETIT,48.884778,2.381259,Plein jour,En agglomération,Intersection en X,Pluie légère,Sans collision,4,1,1,0,1,1,2,0,1,30,2,2,1,0,0,1,59.0,58.0,utilitaire_camion,deux_roues,1,2,2,2,7
202400046299,2024-08-20 20:30:00,2024,8,20,20,30,42,42044,Rue James Jackson,45.39889,4.33992,Plein jour,En agglomération,Intersection en T,Normale,Deux véhicules - arrière,7,2,1,0,1,1,1,0,1,50,2,2,1,0,0,1,50.0,33.0,voiture,deux_roues,1,2,3,1,2
202400046299,2024-08-20 20:30:00,2024,8,20,20,30,42,42044,Rue James Jackson,45.39889,4.33992,Plein jour,En agglomération,Intersection en T,Normale,Deux véhicules - arrière,7,2,2,-1,1,1,1,0,1,-1,2,2,1,0,0,1,50.0,33.0,voiture,deux_roues,1,2,3,1,2
202400046300,2024-10-30 11:25:00,2024,10,30,11,25,93,93077,GRANDE RUE,48.88271783,2.51616461,Plein jour,En agglomération,Hors intersection,Normale,Deux véhicules - arrière,3,2,4,0,1,1,1,0,1,50,2,2,1,0,0,1,56.0,47.0,utilitaire_camion,utilitaire_camion,1,2,1,1,2
202400046301,2024-12-06 12:30:00,2024,12,6,12,30,50,50256,D976,48.609646,-1.222079,Plein jour,Hors agglomération,Intersection en X,Normale,Deux véhicules - arrière,3,2,2,0,1,1,1,0,1,-1,2,3,2,0,1,0,89.0,25.0,voiture,voiture,1,1,2,1,2
202400046301,2024-12-06 12:30:00,2024,12,6,12,30,50,50256,D976,48.609646,-1.222079,Plein jour,Hors agglomération,Intersection en X,Normale,Deux véhicules - arrière,3,2,2,0,3,1,1,0,1,80,2,3,2,0,1,0,89.0,25.0,voiture,voiture,1,1,2,1,2
202400046302,2024-08-09 13:30:00,2024,8,9,13,30,40,40279,RD 524,43.72599992,-1.035465,Plein jour,Hors agglomération,Hors intersection,Normale,Deux véhicules - frontale,3,2,2,0,1,3,1,0,1,70,2,3,0,0,1,2,27.0,27.0,voiture,voiture,1,1,1,1,1
202400046303,2024-09-25 15:15:00,2024,9,25,15,15,75,75118,RUE DU MONT CENIS,48.891831,2.343929,Plein jour,En agglomération,Intersection en X,Pluie légère,Deux véhicules - arrière,4,1,0,0,1,1,2,0,1,30,2,2,1,0,1,0,17.0,21.0,deux_roues,voiture,1,2,2,2,2
202400046303,2024-09-25 15:15:00,2024,9,25,15,15,75,75118,RUE DU MONT CENIS,48.891831,2.343929,Plein jour,En agglomération,Intersection en X,Pluie légère,Deux véhicules - arrière,4,1,0,0,2,1,2,0,1,30,2,2,1,0,1,0,17.0,21.0,deux_roues,voiture,1,2,2,2,2
202400046304,2024-12-06 12:00:00,2024,12,6,12,0,43,43268,14 Avenue Georges Clemenceau,45.14364589,4.12179669,Plein jour,En agglomération,Intersection en T,Normale,Autre collision,3,2,2,0,2,1,1,0,1,30,1,2,1,0,0,1,28.0,,voiture,,1,2,3,1,6
202400046304,2024-12-06 12:00:00,2024,12,6,12,0,43,43268,14 Avenue Georges Clemenceau,45.14364589,4.12179669,Plein jour,En agglomération,Intersection en T,Normale,Autre collision,3,2, -1,-1,3,1,1,0,1,-1,1,2,1,0,0,1,28.0,,voiture,,1,2,3,1,6
202400046305,2024-10-30 21:05:00,2024,10,30,21,5,93,93050,DUGUAY TROUIN (RUE),48.864,2.53738,Nuit avec éclairage allumé,En agglomération,Intersection en T,Normale,Deux véhicules - côté,4,1,1,0,1,1,1,6,1,30,2,2,1,0,0,1,31.0,21.0,deux_roues,voiture,5,2,3,1,3
202400046305,2024-10-30 21:05:00,2024,10,30,21,5,93,93050,DUGUAY TROUIN (RUE),48.864,2.53738,Nuit avec éclairage allumé,En agglomération,Intersection en T,Normale,Deux véhicules - côté,4,1,1,1,1,1,1,6,1,30,2,2,1,0,0,1,31.0,21.0,deux_roues,voiture,5,2,3,1,3
202400046306,2024-08-20 15:40:00,2024,8,20,15,40,37,37261,LOIRE (QUAI DE LA),47.39958389,0.67486779,Plein jour,En agglomération,Hors intersection,Normale,Deux véhicules - arrière,4,2,2,0,1,1,1,0,1,50,2,3,2,0,0,1,48.0,18.0,deux_roues,voiture,1,2,1,1,2
202400046307,2024-09-25 14:10:00,2024,9,25,14,10,75,75117,PLACE DU MARECHAL JUIN,48.885308,2.296912,Plein jour,En agglomération,Intersection en T,Pluie légère,Deux véhicules - côté,4,1,3,0,1,1,2,0,1,30,2,2,1,0,0,1,40.0,25.0,deux_roues,deux_roues,1,2,3,2,3
202400046307,2024-09-25 14:10:00,2024,9,25,14,10,75,75117,PLACE DU MARECHAL JUIN,48.885308,2.296912,Plein jour,En agglomération,Intersection en T,Pluie légère,Deux véhicules - côté,4,-1,1,0,1,1,2,0,1,30,2,2,1,0,0,1,40.0,25.0,deux_roues,deux_roues,1,2,3,2,3
202400046308,2024-12-06 12:25:00,2024,12,6,12,25,07,07308,Avenue du 8 Mai 1945,45.190922,4.798204,Plein jour,En agglomération,Intersection en T,Normale,Deux véhicules - arrière,3,2,2,0,1,1,1,0,1,50,2,2,1,0,1,0,19.0,36.0,deux_roues,voiture,1,2,3,1,2
202400046308,2024-12-06 12:25:00,2024,12,6,12,25,07,07308,Avenue du 8 Mai 1945,45.190922,4.798204,Plein jour,En agglomération,Intersection en T,Normale,Deux véhicules - arrière,3,2,2,-1,1,1,1,0,1,50,2,2,1,0,1,0,19.0,36.0,deux_roues,voiture,1,2,3,1,2
202400046309,2024-10-27 00:01:00,2024,10,27,0,1,93,93005,CHARLES DE GAULLE [CD115] (AVENUE),48.93008781,2.48188365,Nuit sans éclairage public,En agglomération,Giratoire,Normale,Deux véhicules - côté,3,-1,0,0,1,1,1,0,1,50,2,3,2,0,0,1,24.0,24.0,utilitaire_camion,voiture,3,2,6,1,3
202400046309,2024-10-27 00:01:00,2024,10,27,0,1,93,93005,CHARLES DE GAULLE [CD115] (AVENUE),48.93008781,2.48188365,Nuit sans éclairage public,En agglomération,Giratoire,Normale,Deux véhicules - côté,3,-1,0,0,1,1,1,0,1,50,2,3,2,0,0,1,24.0,24.0,utilitaire_camion,voiture,3,2,6,1,3
202400046310,2024-08-20 14:20:00,2024,8,20,14,20,37,37122,BERGEONNERIE (RUE DE LA),47.35993791,0.69055666,Plein jour,En agglomération,Intersection en X,Normale,Deux véhicules - côté,4,2,2,0,1,1,1,5,1,50,2,2,1,0,0,1,33.0,20.0,deux_roues,voiture,1,2,2,1,3
202400046310,2024-08-20 14:20:00,2024,8,20,14,20,37,37122,BERGEONNERIE (RUE DE LA),47.35993791,0.69055666,Plein jour,En agglomération,Intersection en X,Normale,Deux véhicules - côté,4,2,2,0,1,1,1,5,1,50,2,2,1,0,0,1,33.0,20.0,deux_roues,voiture,1,2,2,1,3
202400046311,2024-12-06 21:55:00,2024,12,6,21,55,52,52470,Rue Tournante,47.988353,5.738238,Nuit avec éclairage allumé,En agglomération,Hors intersection,Normale,Autre collision,3,2,2,0,1,2,1,0,3,50,1,2,1,0,0,1,39.0,,voiture,,5,2,1,1,6
202400046312,2024-09-25 18:50:00,2024,9,25,18,50,75,75108,AVENUE MARCEAU,48.873295,2.295548,Plein jour,En agglomération,Intersection en T,Pluie légère,Autre collision,4,2,2,0,1,1,2,0,1,30,1,2,1,0,0,1,,,deux_roues,,1,2,3,2,6
202400046312,2024-09-25 18:50:00,2024,9,25,18,50,75,75108,AVENUE MARCEAU,48.873295,2.295548,Plein jour,En agglomération,Intersection en T,Pluie légère,Autre collision,4,1, -1,-1,1,1,2,0,1,30,1,2,1,0,0,1,,,deux_roues,,1,2,3,2,6
202400046313,2024-10-30 15:45:00,2024,10,30,15,45,92,92064,MARECHAL JUIN,48.83085255,2.2227218,Plein jour,Hors agglomération,Hors intersection,Normale,Deux véhicules - arrière,3,3,0,0,1,1,1,0,1,50,2,2,1,0,0,1,20.0,43.0,deux_roues,voiture,1,1,1,1,2
202400046314,2024-08-20 21:00:00,2024,8,20,21,0,33,33281,,44.81267,-0.69514,Nuit sans éclairage public,En agglomération,Hors intersection,Normale,Deux véhicules - frontale,4,2,2,0,1,1,1,0,1,50,2,2,1,0,0,1,27.0,29.0,utilitaire_camion,voiture,3,2,1,1,1
202400046315,2024-12-06 19:15:00,2024,12,6,19,15,69,69050,Autoroute 89,45.85503816,4.64811802,Nuit sans éclairage public,Hors agglomération,Hors intersection,Normale,Deux véhicules - côté,1,3,4,3,2,2,2,0,1,110,2,2,1,1,0,0,36.0,47.0,voiture,voiture,3,1,1,1,3
202400046316,2024-09-25 14:20:00,2024,9,25,14,20,75,75116,BOULEVARD DE BEAUSEJOUR,48.858016,2.27259,Plein jour,En agglomération,Intersection en X,Pluie légère,Autre collision,4,1,1,0,2,1,2,0,1,30,1,2,1,0,0,1,78.0,,voiture,,1,2,2,2,6
202400046316,2024-09-25 14:20:00,2024,9,25,14,20,75,75116,BOULEVARD DE BEAUSEJOUR,48.858016,2.27259,Plein jour,En agglomération,Intersection en X,Pluie légère,Autre collision,4,2, -1,0,1,1,2,0,1,30,1,2,1,0,0,1,78.0,,voiture,,1,2,2,2,6
202400046317,2024-12-04 18:00:00,2024,12,4,18,0,67,67506,pk 473.000 autoroute A4,48.668951,7.736757,Nuit sans éclairage public,Hors agglomération,Hors intersection,Normale,Trois véhicules et plus - en chaîne,1,3,2,0,1,1,1,0,1,110,3,4,3,0,0,1,36.0,21.0,voiture,voiture,3,1,1,1,4
202400046318,2024-10-30 19:48:00,2024,10,30,19,48,92,92051,"CHARLES DE GAULLE (AVENUE, N°27 A 129)",48.88081495,2.27201588,Nuit avec éclairage allumé,En agglomération,Intersection en X,Normale,Trois véhicules et plus - en chaîne,2,2,0,0,1,1,1,0,1,50,3,4,2,0,0,2,,61.0,voiture,deux_roues,5,2,2,1,4
202400046318,2024-10-30 19:48:00,2024,10,30,19,48,92,92051,"CHARLES DE GAULLE (AVENUE, N°27 A 129)",48.88081495,2.27201588,Nuit avec éclairage allumé,En agglomération,Intersection en X,Normale,Trois véhicules et plus - en chaîne,2,2, -1,-1,1,1,1,5,1,-1,3,4,2,0,0,2,,61.0,voiture,deux_roues,5,2,2,1,4
202400046319,2024-09-25 15:40:00,2024,9,25,15,40,75,75115,RUE DE LOURMEL,48.850223,2.291958,Plein jour,En agglomération,Intersection en X,Temps couvert,Autre collision,4,2, -1,0,1,1,2,0,1,30,1,2,1,0,0,1,44.0,,voiture,,1,2,2,8,6
202400046319,2024-09-25 15:40:00,2024,9,25,15,40,75,75115,RUE DE LOURMEL,48.850223,2.291958,Plein jour,En agglomération,Intersection en X,Temps couvert,Autre collision,4,1,3,0,1,1,2,0,1,30,1,2,1,0,0,1,44.0,,voiture,,1,2,2,8,6
202400046320,2024-08-19 12:05:00,2024,8,19,12,5,30,30189,ALLENDE SALVADOR (RUE),43.8237,4.3686,Plein jour,En agglomération,Giratoire,Normale,Deux véhicules - côté,4,2,4,0,1,3,1,0,1,50,2,2,1,0,1,0,54.0,63.0,voiture,deux_roues,1,2,6,1,3
202400046320,2024-08-19 12:05:00,2024,8,19,12,5,30,30189,ALLENDE SALVADOR (RUE),43.8237,4.3686,Plein jour,En agglomération,Giratoire,Normale,Deux véhicules - côté,4,2,2,0,1,3,1,0,1,50,2,2,1,0,1,0,54.0,63.0,voiture,deux_roues,1,2,6,1,3
202400046321,2024-10-29 06:00:00,2024,10,29,6,0,54,54173,Route de Serres,48.67367656,6.42816067,Nuit sans éclairage public,Hors agglomération,Hors intersection,Brouillard / fumée,Sans collision,4,2,2,0,2,1,2,0,8,80,1,1,0,0,1,0,24.0,,voiture,,3,1,1,5,7
202400046322,2024-09-25 15:10:00,2024,9,25,15,10,75,75115,RUE DE LA CONVENTION,48.845344,2.278576,Plein jour,En agglomération,Intersection en X,Pluie légère,Autre collision,4,1,1,0,1,1,2,0,1,30,1,2,1,0,0,1,42.0,,voiture,,1,2,2,2,6
202400046322,2024-09-25 15:10:00,2024,9,25,15,10,75,75115,RUE DE LA CONVENTION,48.845344,2.278576,Plein jour,En agglomération,Intersection en X,Pluie légère,Autre collision,4,2,2,0,1,1,2,0,1,30,1,2,1,0,0,1,42.0,,voiture,,1,2,2,2,6
202400046323,2024-08-20 19:30:00,2024,8,20,19,30,30,30243,MONTEZE (ROUTE DE),44.06102,4.09033,Plein jour,Hors agglomération,Intersection en X,Normale,Deux véhicules - côté,3,2,2,0,1,1,1,0,1,70,2,3,2,0,0,1,37.0,41.0,voiture,voiture,1,1,2,1,3
202400046323,2024-08-20 19:30:00,2024,8,20,19,30,30,30243,MONTEZE (ROUTE DE),44.06102,4.09033,Plein jour,Hors agglomération,Intersection en X,Normale,Deux véhicules - côté,3,2,2,0,3,1,1,0,1,80,2,3,2,0,0,1,37.0,41.0,voiture,voiture,1,1,2,1,3