accident_id,datetime,annee,mois,jour,heure,minute,departement,commune_insee,adresse,latitude,longitude,luminosite,agglomeration,intersection,meteo,collision,catr,circ,nbv,vosp,prof,plan,surf,infra,situ,vma,nb_vehicules,nb_usagers,nb_indemnes,nb_tues,nb_blesses_hosp,nb_blesses_legers,age_cond_1,age_cond_2,veh_type_cond_1,veh_type_cond_2,lum_code,agg_code,int_code,atm_code,col_code
202400046393,2024-10-31 11:10:00,2024,10,31,11,10,72,72276,lieu dit la petite vallee,48.278573,0.43955,Plein jour,Hors agglomération,Hors intersection,Normale,Deux véhicules - frontale,3,2,2,0,1,1,1,0,1,90,2,2,1,0,1,0,43.0,83.0,voiture,voiture,1,1,1,1,1
202400046394,2024-09-25 13:50:00,2024,9,25,13,50,92,92063,EMPEREUR (ROUTE DE L') EST,48.8635255,2.18150049,Plein jour,En agglomération,Intersection en T,Pluie légère,Deux véhicules - côté,3,2,2,0,1,1,2,0,1,50,2,2,1,0,0,1,21.0,47.0,voiture,deux_roues,1,2,3,2,3
202400046394,2024-09-25 13:50:00,2024,9,25,13,50,92,92063,EMPEREUR (ROUTE DE L') EST,48.8635255,2.18150049,Plein jour,En agglomération,Intersection en T,Pluie légère,Deux véhicules - côté,3,-1,2,0,1,1,2,0,1,30,2,2,1,0,0,1,21.0,47.0,voiture,deux_roues,1,2,3,2,3
202400046395,2024-10-31 18:30:00,2024,10,31,18,30,60,60509,Avenue d’Auvelais,49.31327402,2.60448503,Nuit avec éclairage allumé,En agglomération,Hors intersection,Normale,Deux véhicules - arrière,3,2,2,0,1,1,1,0,1,50,2,4,3,0,0,1,22.0,31.0,voiture,voiture,5,2,1,1,2
202400046396,2024-12-06 00:20:00,2024,12,6,0,20,78,78545,A12 W,48.81603194,2.06292987,Nuit sans éclairage public,Hors agglomération,Hors intersection,Pluie légère,Deux véhicules - côté,1,1,5,0,1,1,2,0,1,110,2,3,2,0,0,1,39.0,64.0,voiture,voiture,3,1,1,2,3
202400046397,2024-09-25 09:35:00,2024,9,25,9,35,92,92051,RICHARD WALLACE (BOULEVARD),48.87425,2.25451,Plein jour,En agglomération,Hors intersection,Pluie légère,Deux véhicules - côté,4,2,4,0,1,1,2,0,1,50,2,2,1,0,0,1,45.0,42.0,deux_roues,voiture,1,2,1,2,3
202400046398,2024-10-30 17:55:00,2024,10,30,17,55,07,07201,RD 579 quartier Bevennes,44.437754,4.342405,Nuit avec éclairage allumé,En agglomération,Hors intersection,Normale,Deux véhicules - frontale,3,2,2,0,1,1,1,0,1,50,2,4,3,0,0,1,70.0,43.0,voiture,voiture,5,2,1,1,1
202400046399,2024-12-04 16:10:00,2024,12,4,16,10,78,78322,RN12 EXT,48.781717,2.163428,Plein jour,Hors agglomération,Hors intersection,Normale,Trois véhicules et plus - en chaîne,2,1,3,0,1,1,1,0,1,90,3,4,1,0,0,3,22.0,32.0,voiture,voiture,1,1,1,1,4
202400046400,2024-09-25 09:10:00,2024,9,25,9,10,92,92049,DORMOY AVENUE MARX N°102 A FIN,48.81020734,2.31363103,Plein jour,En agglomération,Hors intersection,Pluie légère,Sans collision,3,2,2,0,1,1,2,0,1,50,2,2,1,0,0,1,22.0,50.0,deux_roues,voiture,1,2,1,2,7
202400046401,2024-10-31 19:15:00,2024,10,31,19,15,21,21308,D119,47.559167,4.421723,Nuit sans éclairage public,Hors agglomération,Hors intersection,Normale,Autre collision,3,2,2,0,4,2,1,2,3,80,1,2,0,0,0,2,20.0,,voiture,,3,1,1,1,6
202400046402,2024-09-23 21:15:00,2024,9,23,21,15,92,92025,CHARLES DE GAULLE (BD),48.91107069,2.23381475,Nuit avec éclairage allumé,En agglomération,Hors intersection,Normale,Autre collision,3,1,2,0,1,1,1,0,1,50,1,2,1,0,0,1,35.0,,deux_roues,,5,2,1,1,6
202400046403,2024-12-06 11:00:00,2024,12,6,11,0,93,93066,AUTOROUTE A1,48.92409794,2.35714912,Plein jour,Hors agglomération,Hors intersection,Normale,Trois véhicules et plus - collisions multiples,1,3,4,0,1,1,1,0,1,90,3,3,1,0,0,2,32.0,44.0,utilitaire_camion,utilitaire_camion,1,1,1,1,5
202400046404,2024-10-30 15:15:00,2024,10,30,15,15,30,30062,D107 - BIZAC,43.782021,4.206144,Plein jour,En agglomération,Giratoire,Normale,Deux véhicules - arrière,3,1,2,0,1,2,1,0,1,30,2,2,1,0,0,1,53.0,52.0,deux_roues,voiture,1,2,6,1,2
202400046405,2024-12-06 06:15:00,2024,12,6,6,15,93,93027,AUTOROUTE A1,48.93857335,2.41640267,Nuit sans éclairage public,Hors agglomération,Hors intersection,Normale,Deux véhicules - côté,1,3,4,0,1,1,2,0,1,90,2,2,1,0,0,1,40.0,51.0,voiture,voiture,3,1,1,1,3
202400046406,2024-10-30 11:50:00,2024,10,30,11,50,52,52377,D139,48.02795826,5.67732902,Plein jour,Hors agglomération,Hors intersection,Normale,Autre collision,3,2,2,0,2,2,1,0,3,80,1,3,2,0,1,0,30.0,,voiture,,1,1,1,1,6
202400046407,2024-12-05 00:15:00,2024,12,5,0,15,95,95018,A15,48.95201228,2.27957378,Nuit sans éclairage public,Hors agglomération,Hors intersection,Normale,Autre collision,1,-1,8,0,2,3,1,0,1,70,1,1,0,0,0,1,25.0,,deux_roues,,3,1,1,1,6
202400046408,2024-09-25 22:31:00,2024,9,25,22,31,92,92023,MOULIN DE LA TOUR (BOULEVARD),48.7905,2.27166,Nuit avec éclairage allumé,En agglomération,Intersection en T,Pluie forte,Deux véhicules - côté,4,2,2,0,1,1,2,0,1,50,2,2,1,0,0,1,34.0,26.0,deux_roues,voiture,5,2,3,3,3
202400046408,2024-09-25 22:31:00,2024,9,25,22,31,92,92023,MOULIN DE LA TOUR (BOULEVARD),48.7905,2.27166,Nuit avec éclairage allumé,En agglomération,Intersection en T,Pluie forte,Deux véhicules - côté,4,2,2,0,2,1,2,0,1,50,2,2,1,0,0,1,34.0,26.0,deux_roues,voiture,5,2,3,3,3
202400046409,2024-10-30 16:07:00,2024,10,30,16,7,52,52107,Chantraines,48.221249,5.240843,Plein jour,Hors agglomération,Autre intersection,Normale,Autre collision,4,-1,1,0,1,1,1,0,8,50,1,1,0,0,1,0,14.0,,deux_roues,,1,1,9,1,6
202400046410,2024-12-04 18:20:00,2024,12,4,18,20,95,95491,A115,48.99915368,2.24653374,Crépuscule ou aube,Hors agglomération,Hors intersection,Normale,Trois véhicules et plus - en chaîne,1,3,2,0,1,1,1,0,1,90,3,3,1,0,0,2,24.0,62.0,voiture,voiture,2,1,1,1,4
202400046411,2024-10-31 09:32:00,2024,10,31,9,32,38,38242,A51n,44.918295,5.627086,Plein jour,Hors agglomération,Hors intersection,Normale,Autre collision,1,2,4,0,1,2,1,0,1,90,1,1,0,1,0,0,99.0,,voiture,,1,1,1,1,6
202400046412,2024-09-25 15:30:00,2024,9,25,15,30,92,92007,DE GAULLE (AVENUE CHARLES),48.79770302,2.29686767,Plein jour,En agglomération,Intersection en T,Pluie légère,Deux véhicules - côté,3,2,2,0,1,1,2,0,1,50,2,2,1,0,0,1,28.0,37.0,deux_roues,utilitaire_camion,1,2,3,2,3
202400046412,2024-09-25 15:30:00,2024,9,25,15,30,92,92007,DE GAULLE (AVENUE CHARLES),48.79770302,2.29686767,Plein jour,En agglomération,Intersection en T,Pluie légère,Deux véhicules - côté,3,2,2,0,1,1,2,0,1,50,2,2,1,0,0,1,28.0,37.0,deux_roues,utilitaire_camion,1,2,3,2,3
202400046413,2024-12-04 16:40:00,2024,12,4,16,40,93,93007,AUTOROUTE A1,48.94674096,2.44241883,Crépuscule ou aube,Hors agglomération,Hors intersection,Normale,Trois véhicules et plus - en chaîne,1,3,4,0,1,1,1,0,1,110,3,3,2,0,0,1,28.0,24.0,voiture,utilitaire_camion,2,1,1,1,4
202400046414,2024-10-31 09:30:00,2024,10,31,9,30,77,77100,A5,48.518168,2.822821,Plein jour,Hors agglomération,Hors intersection,Brouillard / fumée,Deux véhicules - côté,1,3,3,0,1,1,2,0,1,130,2,2,1,0,0,1,36.0,43.0,utilitaire_camion,voiture,1,1,1,5,3
202400046415,2024-12-04 13:50:00,2024,12,4,13,50,95,95527,A1,48.9988,2.52012,Plein jour,Hors agglomération,Hors intersection,Normale,Sans collision,1,3,3,0,1,1,1,0,1,110,1,1,0,0,0,1,28.0,,voiture,,1,1,1,1,7
202400046416,2024-09-25 17:25:00,2024,9,25,17,25,92,92004,CHAMPAGNE ( AVE DE ),48.90778012,2.2670082,Crépuscule ou aube,En agglomération,Intersection en T,Pluie légère,Deux véhicules - côté,3,1,1,2,1,1,2,0,1,50,2,2,1,0,0,1,38.0,39.0,voiture,deux_roues,2,2,3,2,3
202400046416,2024-09-25 17:25:00,2024,9,25,17,25,92,92004,CHAMPAGNE ( AVE DE ),48.90778012,2.2670082,Crépuscule ou aube,En agglomération,Intersection en T,Pluie légère,Deux véhicules - côté,3,2,2,0,1,1,2,0,1,50,2,2,1,0,0,1,38.0,39.0,voiture,deux_roues,2,2,3,2,3
202400046417,2024-10-29 12:14:00,2024,10,29,12,14,01,01049,A42 pk 014 sens GENÈVE/LYON,45.838127,5.042735,Plein jour,Hors agglomération,Hors intersection,Normale,Autre collision,1,1,3,0,1,1,1,0,3,110,1,2,0,0,0,2,20.0,,utilitaire_camion,,1,1,1,1,6
202400046418,2024-12-04 09:00:00,2024,12,4,9,0,95,95277,A104,48.9731902,2.4903971,Plein jour,Hors agglomération,Hors intersection,Normale,Trois véhicules et plus - en chaîne,1,3,3,0,1,1,1,0,1,90,3,3,0,0,0,3,27.0,53.0,voiture,voiture,1,1,1,1,4
202400046419,2024-10-23 08:50:00,2024,10,23,8,50,01,01032,A42,45.861702,5.172973,Plein jour,Hors agglomération,Hors intersection,Normale,Deux véhicules - arrière,1,3,3,0,1,1,1,0,1,130,2,2,1,0,0,1,52.0,36.0,voiture,voiture,1,1,1,1,2
202400046420,2024-09-21 11:30:00,2024,9,21,11,30,35,35250,D173,48.005617,-1.595448,Plein jour,Hors agglomération,Hors intersection,Normale,Autre collision,7,3,4,0,1,1,1,0,3,110,2,3,1,0,2,0,,28.0,voiture,voiture,1,1,1,1,6
202400046421,2024-07-18 11:30:00,2024,7,18,11,30,13,13110,1544 Chemin des Bonnets,43.426728,5.688354,Plein jour,En agglomération,Hors intersection,Normale,Deux véhicules - côté,4,2,2,0,2,3,1,0,1,50,1,1,0,0,0,1,76.0,,voiture,,1,2,1,1,3
202400046422,2024-09-25 07:34:00,2024,9,25,7,34,974,97415,Route de Savannah,-20.986399,55.298261,Plein jour,En agglomération,Hors intersection,Normale,Deux véhicules - côté,9,2,2,0,3,1,1,0,1,30,2,2,1,0,1,0,19.0,51.0,deux_roues,voiture,1,2,1,1,3
202400046423,2024-12-05 05:10:00,2024,12,5,5,10,976,97611,kaweni-Kaweni nord ( Z I ),-12.76559,45.22683,Crépuscule ou aube,En agglomération,Hors intersection,Pluie légère,Deux véhicules - frontale,2,3,2,0,1,1,2,0,1,50,2,3,2,0,0,1,25.0,20.0,voiture,voiture,2,2,1,2,1
202400046424,2024-10-30 21:30:00,2024,10,30,21,30,34,34032,A9,43.29968539,3.20694085,Nuit sans éclairage public,Hors agglomération,Hors intersection,Normale,Trois véhicules et plus - en chaîne,1,3,5,0,1,1,1,0,1,130,3,3,2,0,0,1,23.0,54.0,voiture,voiture,3,1,1,1,4
202400046425,2024-12-04 16:30:00,2024,12,4,16,30,974,97416,DU LYCEE(RUE),-21.34552,55.49181,Plein jour,Hors agglomération,Hors intersection,Normale,Deux véhicules - arrière,4,2,2,0,1,1,1,9,1,50,2,2,1,0,0,1,25.0,20.0,transport_commun,voiture,1,1,1,1,2
202400046426,2024-12-04 08:30:00,2024,12,4,8,30,974,97416,CHATEAU D'EAU (CHEMIN DU),-21.32502,55.47607,Plein jour,Hors agglomération,Hors intersection,Normale,Autre collision,4,3,2,0,2,1,1,9,1,50,1,2,1,0,0,1,87.0,,voiture,,1,1,1,1,6
202400046427,2024-09-26 07:23:00,2024,9,26,7,23,45,45312,D2007 PR 29 + 572,47.905855,2.732919,Nuit sans éclairage public,Hors agglomération,Intersection en X,Pluie légère,Deux véhicules - côté,3,2,2,0,1,1,2,0,8,80,2,2,1,0,1,0,35.0,21.0,voiture,deux_roues,3,1,2,2,3
202400046427,2024-09-26 07:23:00,2024,9,26,7,23,45,45312,D2007 PR 29 + 572,47.905855,2.732919,Nuit sans éclairage public,Hors agglomération,Intersection en X,Pluie légère,Deux véhicules - côté,3,2,3,0,1,1,2,5,1,90,2,2,1,0,1,0,35.0,21.0,voiture,deux_roues,3,1,2,2,3
202400046428,2024-10-31 15:45:00,2024,10,31,15,45,34,34294,A9,43.70555729,4.12017717,Plein jour,Hors agglomération,Hors intersection,Normale,Trois véhicules et plus - en chaîne,1,3,3,0,1,1,1,0,1,130,3,7,5,0,2,0,33.0,61.0,voiture,voiture,1,1,1,1,4
202400046429,2024-09-23 18:35:00,2024,9,23,18,35,33,33352,,44.57738523,-0.01392603,Crépuscule ou aube,Hors agglomération,Hors intersection,Pluie forte,Deux véhicules - frontale,3,2,2,0,2,4,2,0,1,50,2,2,1,0,1,0,24.0,53.0,voiture,voiture,2,1,1,3,1
202400046430,2024-10-31 07:00:00,2024,10,31,7,0,987,98735,fond de vallée,-9.799462,-139.04895,Plein jour,En agglomération,Autre intersection,Normale,Deux véhicules - arrière,4,2,2,-1,-1,-1,1,0,1,-1,1,2,1,1,0,0,45.0,,voiture,,1,2,9,1,2
202400046431,2024-12-04 13:10:00,2024,12,4,13,10,972,97209,SOLEIL COU COUPE (RUE),14.60053,-61.04303,Plein jour,Hors agglomération,Hors intersection,Normale,Autre collision,4,-1,1,0,2,2,1,0,1,50,3,3,2,0,0,1,30.0,,voiture,voiture,1,1,1,1,6
202400046432,2024-10-31 13:00:00,2024,10,31,13,0,971,97124,Rue de la Vieille Sucrerie,16.02021,-61.716664,Plein jour,En agglomération,Hors intersection,Normale,Autre collision,4,2,2,0,2,1,1,0,1,50,1,1,0,0,1,0,38.0,,deux_roues,,1,2,1,1,6
202400046433,2024-12-04 21:00:00,2024,12,4,21,0,972,97209,RAVINE VILAINE (CHEMIN DEPARTEMENTAL DE),14.6281,-61.06118,Nuit avec éclairage allumé,Hors agglomération,Hors intersection,Normale,Deux véhicules - côté,4,2,2,0,1,3,1,0,1,50,2,2,1,0,0,1,32.0,24.0,voiture,deux_roues,5,1,1,1,3
202400046434,2024-09-20 17:20:00,2024,9,20,17,20,68,68023,D300,48.161105,7.341356,Plein jour,Hors agglomération,Intersection en X,Normale,Deux véhicules - arrière,3,2,2,0,1,1,1,0,1,80,2,2,1,0,1,0,22.0,63.0,voiture,deux_roues,1,1,2,1,2
202400046434,2024-09-20 17:20:00,2024,9,20,17,20,68,68023,D300,48.161105,7.341356,Plein jour,Hors agglomération,Intersection en X,Normale,Deux véhicules - arrière,3,2,2,1,1,1,1,0,5,50,2,2,1,0,1,0,22.0,63.0,voiture,deux_roues,1,1,2,1,2
202400046435,2024-12-04 18:30:00,2024,12,4,18,30,972,97209,AUTOROUTE (A1),14.61675,-61.0423,Nuit avec éclairage allumé,Hors agglomération,Hors intersection,Normale,Deux véhicules - arrière,1,1,2,0,4,1,1,0,1,90,2,3,1,0,0,2,37.0,21.0,voiture,voiture,5,1,1,1,2
202400046436,2024-09-25 20:35:00,2024,9,25,20,35,68,68143,10 rue du Général De Gaulle,48.11049375,7.42320827,Nuit avec éclairage allumé,En agglomération,Hors intersection,Normale,Sans collision,3,2,2,0,1,1,1,0,1,50,1,1,0,1,0,0,35.0,,deux_roues,,5,2,1,1,7
202400046437,2024-03-19 00:20:00,2024,3,19,0,20,972,97230,intersection Nationale 1 et route de brin d'amour,14.734461,-60.975451,Nuit sans éclairage public,En agglomération,Intersection en T,Normale,Deux véhicules - frontale,2,3,2,0,1,3,1,0,1,70,2,2,1,0,1,0,23.0,24.0,voiture,deux_roues,3,2,3,1,1
202400046437,2024-03-19 00:20:00,2024,3,19,0,20,972,97230,intersection Nationale 1 et route de brin d'amour,14.734461,-60.975451,Nuit sans éclairage public,En agglomération,Intersection en T,Normale,Deux véhicules - frontale,2,2,2,0,1,3,1,0,1,70,2,2,1,0,1,0,23.0,24.0,voiture,deux_roues,3,2,3,1,1
202400046438,2024-12-05 08:00:00,2024,12,5,8,0,2A,2A004,#1 Boulevard Louis Campi#,41.942229,8.749902,Plein jour,En agglomération,Hors intersection,Normale,Deux véhicules - côté,4,3,2,3,1,1,1,0,6,50,2,2,1,0,0,1,22.0,26.0,deux_roues,voiture,1,2,1,1,3
202400046439,2024-10-31 05:50:00,2024,10,31,5,50,95,95535,D28,49.05522871,1.96114341,Nuit sans éclairage public,Hors agglomération,Hors intersection,Normale,Trois véhicules et plus - collisions multiples,3,2,3,0,2,1,1,0,1,90,3,3,1,1,1,0,31.0,70.0,voiture,voiture,3,1,1,1,5
202400046440,2024-09-26 15:10:00,2024,9,26,15,10,37,37179,,47.462244,0.76077747,Plein jour,Hors agglomération,Intersection en Y,Normale,Trois véhicules et plus - collisions multiples,1,3,3,0,1,1,2,0,1,130,3,3,1,0,1,1,40.0,53.0,voiture,utilitaire_camion,1,1,4,1,5
202400046440,2024-09-26 15:10:00,2024,9,26,15,10,37,37179,,47.462244,0.76077747,Plein jour,Hors agglomération,Intersection en Y,Normale,Trois véhicules et plus - collisions multiples,1,3,3,0,1,3,2,3,1,50,3,3,1,0,1,1,40.0,53.0,voiture,utilitaire_camion,1,1,4,1,5
202400046441,2024-12-04 18:55:00,2024,12,4,18,55,91,91345,RUE MICHEL DE GAILLARD,48.69747,2.29001,Nuit avec éclairage allumé,En agglomération,Hors intersection,Normale,Trois véhicules et plus - en chaîne,4,2,2,0,1,1,1,0,1,50,3,4,2,0,0,2,34.0,82.0,voiture,voiture,5,2,1,1,4
202400046442,2024-09-26 10:10:00,2024,9,26,10,10,83,83125,D560,43.498106,5.898778,Plein jour,Hors agglomération,Hors intersection,Pluie légère,Sans collision,3,2,2,0,1,1,2,0,8,-1,1,2,0,2,0,0,80.0,,voiture,,1,1,1,2,7
202400046443,2024-10-25 19:45:00,2024,10,25,19,45,06,06048,D15,43.791199,7.330139,Nuit avec éclairage allumé,En agglomération,Hors intersection,Normale,Deux véhicules - côté,3,2,2,0,1,4,1,0,1,50,2,7,6,0,0,1,47.0,17.0,voiture,voiture,5,2,1,1,3
202400046444,2024-12-05 22:45:00,2024,12,5,22,45,91,91687,MARMONT (AVENUE),48.66395,2.37555,Nuit avec éclairage allumé,En agglomération,Intersection en T,Pluie légère,Autre collision,3,1,2,0,1,1,2,0,1,50,1,3,2,0,0,1,19.0,,voiture,,5,2,3,2,6
202400046444,2024-12-05 22:45:00,2024,12,5,22,45,91,91687,MARMONT (AVENUE),48.66395,2.37555,Nuit avec éclairage allumé,En agglomération,Intersection en T,Pluie légère,Autre collision,3,1,1,0,1,1,2,9,8,50,1,3,2,0,0,1,19.0,,voiture,,5,2,3,2,6
202400046445,2024-09-24 09:00:00,2024,9,24,9,0,51,51079,Rue de Tours-sur-marne,49.076435,4.142565,Plein jour,En agglomération,Hors intersection,Pluie légère,Autre collision,4,2,2,0,1,1,2,0,3,50,1,1,0,0,1,0,58.0,,voiture,,1,2,1,2,6
202400046446,2024-09-22 22:00:00,2024,9,22,22,0,56,56101,Lieu-Dit Kerlavarec,47.834923,-3.170478,Nuit sans éclairage public,Hors agglomération,Hors intersection,Normale,Sans collision,2,3,4,0,1,1,1,0,3,110,1,1,0,0,0,1,30.0,,voiture,,3,1,1,1,7
202400046447,2024-10-30 15:00:00,2024,10,30,15,0,13,13027,Boulevard Joliot Curie,43.875217,4.863424,Plein jour,En agglomération,Giratoire,Temps éblouissant,Deux véhicules - côté,3,1,2,0,3,2,1,0,1,50,2,2,1,0,1,0,69.0,59.0,voiture,deux_roues,1,2,6,7,3
202400046448,2024-12-05 20:03:00,2024,12,5,20,3,91,91589,AV CARNOT,48.67686,2.34984,Nuit avec éclairage allumé,En agglomération,Intersection en X,Pluie légère,Deux véhicules - côté,3,2,2,0,2,1,2,5,1,50,2,2,1,0,0,1,42.0,31.0,transport_commun,deux_roues,5,2,2,2,3
202400046448,2024-12-05 20:03:00,2024,12,5,20,3,91,91589,AV CARNOT,48.67686,2.34984,Nuit avec éclairage allumé,En agglomération,Intersection en X,Pluie légère,Deux véhicules - côté,3,2,2,0,2,1,2,0,1,50,2,2,1,0,0,1,42.0,31.0,transport_commun,deux_roues,5,2,2,2,3
202400046449,2024-10-30 21:00:00,2024,10,30,21,0,26,26084,A7 k64+800,44.984167,4.882307,Nuit sans éclairage public,Hors agglomération,Hors intersection,Normale,Deux véhicules - côté,1,3,3,0,1,1,1,8,1,-1,2,2,1,0,0,1,57.0,35.0,voiture,utilitaire_camion,3,1,1,1,3
202400046450,2024-09-24 17:40:00,2024,9,24,17,40,76,76070,D154,49.714858,1.21518,Plein jour,Hors agglomération,Intersection en Y,Pluie légère,Deux véhicules - côté,3,2,2,0,1,1,2,0,8,80,2,2,1,0,0,1,60.0,36.0,deux_roues,voiture,1,1,4,2,3
202400046450,2024-09-24 17:40:00,2024,9,24,17,40,76,76070,D154,49.714858,1.21518,Plein jour,Hors agglomération,Intersection en Y,Pluie légère,Deux véhicules - côté,3,2, -1,-1,1,1,2,0,8,-1,2,2,1,0,0,1,60.0,36.0,deux_roues,voiture,1,1,4,2,3
202400046451,2024-12-04 17:31:00,2024,12,4,17,31,90,90010,BOHN (AVENUE CHARLES),47.64925,6.84644,Nuit avec éclairage allumé,En agglomération,Intersection en T,Normale,Autre collision,4,2,2,0,1,1,1,0,8,50,1,2,1,0,1,0,56.0,,voiture,,5,2,3,1,6
202400046451,2024-12-04 17:31:00,2024,12,4,17,31,90,90010,BOHN (AVENUE CHARLES),47.64925,6.84644,Nuit avec éclairage allumé,En agglomération,Intersection en T,Normale,Autre collision,4,2,2,0,1,1,1,0,1,50,1,2,1,0,1,0,56.0,,voiture,,5,2,3,1,6
202400046452,2024-10-31 08:45:00,2024,10,31,8,45,52,52037,54,47.910819,5.40169,Plein jour,Hors agglomération,Hors intersection,Brouillard / fumée,Autre collision,3,2,2,0,1,2,2,2,3,50,1,1,0,0,0,1,23.0,,voiture,,1,1,1,5,6
202400046453,2024-09-25 10:40:00,2024,9,25,10,40,65,65455,D938,43.080534,0.422829,Plein jour,Hors agglomération,Hors intersection,Normale,Autre collision,3,2,2,0,1,1,1,0,3,70,1,1,0,0,0,1,47.0,,voiture,,1,1,1,1,6
202400046454,2024-12-04 03:50:00,2024,12,4,3,50,88,88209,GERMAIN CREUSE (RUE),48.1902,6.42983,Nuit avec éclairage allumé,En agglomération,Hors intersection,Pluie légère,Autre collision,4,2,2,0,4,1,2,0,3,50,1,1,0,0,1,0,20.0,,voiture,,5,2,1,2,6
202400046455,2024-10-30 22:00:00,2024,10,30,22,0,68,68382,Chemin de Zaessingue,47.629428,7.365893,Nuit sans éclairage public,Hors agglomération,Hors intersection,Brouillard / fumée,Autre collision,4,2,2,0,1,2,2,0,3,30,1,1,0,0,0,1,19.0,,voiture,,3,1,1,5,6
202400046456,2024-09-26 16:45:00,2024,9,26,16,45,65,65446,5 Allee du Chateau,43.325295,0.109981,Plein jour,Hors agglomération,Hors intersection,Normale,Sans collision,3,2,2,0,1,1,1,0,1,80,1,1,0,0,1,0,56.0,,deux_roues,,1,1,1,1,7
202400046457,2024-10-31 09:30:00,2024,10,31,9,30,55,55039,D905,49.275743,5.414028,Plein jour,Hors agglomération,Hors intersection,Brouillard / fumée,Autre collision,3,2,2,0,2,1,1,0,1,90,1,1,0,0,1,0,41.0,,deux_roues,,1,1,1,5,6
202400046458,2024-12-05 05:43:00,2024,12,5,5,43,87,87085,BEL AIR (BOULEVARD DE),45.82154,1.24509,Nuit avec éclairage allumé,En agglomération,Hors intersection,Normale,Deux véhicules - côté,4,3,4,0,2,1,1,0,1,50,2,2,1,0,1,0,46.0,44.0,deux_roues,utilitaire_camion,5,2,1,1,3
202400046459,2024-09-26 12:40:00,2024,9,26,12,40,11,11262,,43.21407066,3.03327918,Plein jour,Hors agglomération,Hors intersection,Normale,Deux véhicules - côté,3,2,2,0,1,1,1,0,1,80,2,2,1,0,1,0,23.0,64.0,deux_roues,utilitaire_camion,1,1,1,1,3
202400046460,2024-12-04 17:12:00,2024,12,4,17,12,84,84007,LIMBERT (BOULEVARD),43.946547,4.817257,Plein jour,En agglomération,Hors intersection,Normale,Autre collision,4,2,4,3,1,1,1,0,4,50,1,2,1,0,0,1,18.0,,deux_roues,,1,2,1,1,6
202400046461,2024-09-20 16:15:00,2024,9,20,16,15,61,61481,D3,48.632451,0.393592,Plein jour,Hors agglomération,Hors intersection,Normale,Sans collision,3,2,2,0,2,3,1,0,1,90,1,1,0,0,0,1,28.0,,deux_roues,,1,1,1,1,7
202400046462,2024-10-31 17:40:00,2024,10,31,17,40,07,07247,Intersection D802  RN 102,44.591445,4.541801,Plein jour,Hors agglomération,Intersection en T,Normale,Deux véhicules - côté,2,2,1,0,1,1,1,0,1,80,2,3,1,0,0,2,50.0,38.0,voiture,voiture,1,1,3,1,3
202400046462,2024-10-31 17:40:00,2024,10,31,17,40,07,07247,Intersection D802  RN 102,44.591445,4.541801,Plein jour,Hors agglomération,Intersection en T,Normale,Deux véhicules - côté,2,2,1,0,1,1,1,0,1,50,2,3,1,0,0,2,50.0,38.0,voiture,voiture,1,1,3,1,3
202400046463,2024-09-26 18:15:00,2024,9,26,18,15,12,12243,D993,44.010472,2.93644,Crépuscule ou aube,Hors agglomération,Hors intersection,Pluie légère,Autre collision,3,2,2,0,2,2,2,0,3,90,1,1,0,0,0,1,49.0,,voiture,,2,1,1,2,6
202400046464,2024-09-26 14:00:00,2024,9,26,14,0,46,46307,D811,44.489296,1.033251,Plein jour,Hors agglomération,Hors intersection,Pluie forte,Autre collision,3,2,2,0,1,1,2,0,3,80,1,2,0,2,0,0,75.0,,voiture,,1,1,1,3,6
202400046465,2024-10-30 18:15:00,2024,10,30,18,15,69,69134,46 Route de Saint Paul,45.915516,4.594978,Nuit sans éclairage public,Hors agglomération,Intersection en T,Brouillard / fumée,Deux véhicules - frontale,3,2,2,0,2,2,1,0,1,80,2,2,1,0,1,0,21.0,63.0,deux_roues,voiture,3,1,3,5,1
202400046465,2024-10-30 18:15:00,2024,10,30,18,15,69,69134,46 Route de Saint Paul,45.915516,4.594978,Nuit sans éclairage public,Hors agglomération,Intersection en T,Brouillard / fumée,Deux véhicules - frontale,3,2,2,0,2,1,1,0,1,-1,2,2,1,0,1,0,21.0,63.0,deux_roues,voiture,3,1,3,5,1
202400046466,2024-10-30 18:30:00,2024,10,30,18,30,31,31187,D632,43.528148,1.211886,Nuit sans éclairage public,En agglomération,Hors intersection,Normale,Autre collision,3,2,2,0,1,1,1,0,1,50,1,2,1,1,0,0,41.0,,voiture,,3,2,1,1,6
202400046467,2024-09-25 09:20:00,2024,9,25,9,20,47,47185,Avenue de Fumel,44.485461,0.975552,Plein jour,En agglomération,Giratoire,Normale,Trois véhicules et plus - collisions multiples,3,2,2,0,1,1,1,5,1,50,3,3,2,0,0,1,63.0,,voiture,autre,1,2,6,1,5
202400046467,2024-09-25 09:20:00,2024,9,25,9,20,47,47185,Avenue de Fumel,44.485461,0.975552,Plein jour,En agglomération,Giratoire,Normale,Trois véhicules et plus - collisions multiples,3,2,2,-1,1,1,1,5,1,-1,3,3,2,0,0,1,63.0,,voiture,autre,1,2,6,1,5