accident_id,datetime,annee,mois,jour,heure,minute,departement,commune_insee,adresse,latitude,longitude,luminosite,agglomeration,intersection,meteo,collision,catr,circ,nbv,vosp,prof,plan,surf,infra,situ,vma,nb_vehicules,nb_usagers,nb_indemnes,nb_tues,nb_blesses_hosp,nb_blesses_legers,age_cond_1,age_cond_2,veh_type_cond_1,veh_type_cond_2,lum_code,agg_code,int_code,atm_code,col_code
202400046543,2024-06-26 03:10:00,2024,6,26,3,10,84,84069,Route départementale 938,44.181573,5.126796,Nuit sans éclairage public,En agglomération,Hors intersection,Normale,Autre collision,3,2,2,0,1,1,1,0,1,-1,1,1,0,0,1,0,63.0,,voiture,,3,2,1,1,6
202400046544,2024-09-24 12:03:00,2024,9,24,12,3,33,33063,,44.880644,-0.540893,Plein jour,Hors agglomération,Hors intersection,Pluie légère,Autre collision,1,3,6,0,4,1,2,2,1,70,1,1,0,0,0,1,51.0,,voiture,,1,1,1,2,6
202400046545,2024-12-02 07:50:00,2024,12,2,7,50,52,52448,LECLERC (PLACE DU MARECHAL),48.64265,4.94795,Plein jour,En agglomération,Hors intersection,Normale,Autre collision,4,1,1,0,1,1,1,0,1,50,1,1,0,1,0,0,55.0,,voiture,,1,2,1,1,6
202400046546,2024-06-25 16:25:00,2024,6,25,16,25,84,84146,Route de Mirabel,44.289978,5.037076,Plein jour,Hors agglomération,Hors intersection,Pluie légère,Autre collision,3,2,2,0,1,1,2,0,3,-1,1,2,0,0,1,1,34.0,,utilitaire_camion,,1,1,1,2,6
202400046547,2024-12-05 07:50:00,2024,12,5,7,50,51,51454,GUTENBERG (RUE),49.27752,4.00459,Crépuscule ou aube,En agglomération,Hors intersection,Pluie légère,Deux véhicules - côté,4,2,3,1,1,1,2,0,1,50,2,2,1,0,0,1,19.0,,deux_roues,voiture,2,2,1,2,3
202400046548,2024-09-24 23:30:00,2024,9,24,23,30,91,91477,AUTOROUTE A126,48.72406,2.2376,Nuit sans éclairage public,Hors agglomération,Hors intersection,Normale,Deux véhicules - frontale,1,2,3,0,2,2,1,0,1,90,2,2,1,1,0,0,30.0,71.0,deux_roues,utilitaire_camion,3,1,1,1,1
202400046549,2024-07-28 17:50:00,2024,7,28,17,50,84,84132,4025 Route des Vignères,43.892607,5.010218,Plein jour,Hors agglomération,Hors intersection,Normale,Autre collision,3,2,2,0,1,2,1,0,3,80,1,1,0,0,1,0,29.0,,voiture,,1,1,1,1,6
202400046550,2024-12-05 14:40:00,2024,12,5,14,40,50,50218,ARMATEURS (RUE DES),48.83627,-1.55083,Plein jour,En agglomération,Hors intersection,Normale,Autre collision,4,2,2,0,1,1,2,0,1,50,1,2,1,0,1,0,71.0,,voiture,,1,2,1,1,6
202400046551,2024-07-20 10:15:00,2024,7,20,10,15,84,84069,RD974,44.160488,5.147524,Plein jour,Hors agglomération,Hors intersection,Temps éblouissant,Sans collision,3,2,2,0,2,2,1,0,1,80,1,1,0,0,1,0,63.0,,deux_roues,,1,1,1,7,7
202400046552,2024-09-25 04:12:00,2024,9,25,4,12,78,78431,A13,48.93828,1.95734,Nuit sans éclairage public,Hors agglomération,Hors intersection,Pluie légère,Deux véhicules - côté,1,1,3,0,1,1,2,0,1,110,2,2,0,0,0,2,40.0,21.0,voiture,voiture,3,1,1,2,3
202400046553,2024-07-06 17:25:00,2024,7,6,17,25,84,84060,route des lavandes,43.987575,5.486699,Plein jour,Hors agglomération,Hors intersection,Pluie légère,Autre collision,4,2,2,0,2,2,2,0,3,-1,1,1,0,0,0,1,42.0,,deux_roues,,1,1,1,2,6
202400046554,2024-11-28 11:50:00,2024,11,28,11,50,49,49099,RIMET (RUE JULES),47.04819,-0.87762,Plein jour,En agglomération,Intersection en T,Temps couvert,Deux véhicules - côté,4,2,2,0,1,1,1,0,1,50,2,3,2,0,0,1,25.0,84.0,voiture,voiture,1,2,3,8,3
202400046554,2024-11-28 11:50:00,2024,11,28,11,50,49,49099,RIMET (RUE JULES),47.04819,-0.87762,Plein jour,En agglomération,Intersection en T,Temps couvert,Deux véhicules - côté,4,2,2,0,1,1,1,0,1,50,2,3,2,0,0,1,25.0,84.0,voiture,voiture,1,2,3,8,3
202400046555,2024-09-24 07:10:00,2024,9,24,7,10,78,78140,A13,48.961479,1.929338,Plein jour,Hors agglomération,Hors intersection,Pluie légère,Trois véhicules et plus - en chaîne,1,1,3,0,1,1,2,0,1,130,3,3,2,0,0,1,32.0,39.0,utilitaire_camion,voiture,1,1,1,2,4
202400046556,2024-09-24 08:45:00,2024,9,24,8,45,92,92050,A86,48.89347708,2.1888457,Plein jour,Hors agglomération,Hors intersection,Pluie légère,Sans collision,1,3,2,0,1,1,2,0,1,70,1,1,0,0,0,1,52.0,,deux_roues,,1,1,1,2,7
202400046557,2024-12-02 18:50:00,2024,12,2,18,50,49,49099,SAINT GILDAS (SQUARE),47.063268,-0.898211,Nuit avec éclairage allumé,En agglomération,Hors intersection,Normale,Autre collision,4,1,1,0,1,2,1,0,4,50,1,2,1,0,1,0,51.0,,voiture,,5,2,1,1,6
202400046558,2024-06-01 20:35:00,2024,6,1,20,35,74,74218,THONON (AVENUE DE),46.39029,6.52672,Plein jour,Hors agglomération,Hors intersection,Normale,Deux véhicules - côté,3,2,2,0,1,1,1,9,1,50,2,3,1,0,1,1,43.0,27.0,voiture,voiture,1,1,1,1,3
202400046559,2024-12-04 12:14:00,2024,12,4,12,14,49,49007,LETANDUERE,47.45503,-0.55364,Plein jour,En agglomération,Hors intersection,Normale,Sans collision,4,1,2,0,1,1,2,4,1,50,1,1,0,0,0,1,61.0,,deux_roues,,1,2,1,1,7
202400046560,2024-04-30 17:50:00,2024,4,30,17,50,32,32369,D 931,43.794845,0.031645,Plein jour,Hors agglomération,Autre intersection,Normale,Deux véhicules - côté,3,2,2,0,1,1,1,0,1,80,2,2,1,0,1,0,76.0,61.0,voiture,voiture,1,1,9,1,3
202400046561,2024-09-25 17:54:00,2024,9,25,17,54,77,77249,RN104,48.74023,2.61264,Plein jour,Hors agglomération,Hors intersection,Pluie légère,Autre collision,2,3,2,0,1,1,2,0,1,90,3,3,1,0,0,2,20.0,22.0,voiture,voiture,1,1,1,2,6
202400046562,2024-12-04 11:55:00,2024,12,4,11,55,43,43157,Avenue Andre Soulier,45.03611993,3.88377964,Plein jour,En agglomération,Intersection en T,Pluie légère,Deux véhicules - côté,4,2,2,0,1,1,2,5,1,30,2,2,1,0,0,1,4.0,56.0,deux_roues,voiture,1,2,3,2,3
202400046562,2024-12-04 11:55:00,2024,12,4,11,55,43,43157,Avenue Andre Soulier,45.03611993,3.88377964,Plein jour,En agglomération,Intersection en T,Pluie légère,Deux véhicules - côté,4,1,2,0,1,3,2,0,1,30,2,2,1,0,0,1,4.0,56.0,deux_roues,voiture,1,2,3,2,3
202400046563,2024-07-02 15:00:00,2024,7,2,15,0,91,91405,D372,48.427129,2.469274,Plein jour,Hors agglomération,Hors intersection,Normale,Deux véhicules - frontale,3,2,2,0,2,1,1,0,1,70,2,2,0,1,0,1,27.0,46.0,voiture,transport_commun,1,1,1,1,1
202400046564,2024-06-27 11:45:00,2024,6,27,11,45,28,28088,35 Rue Gambetta,48.069073,1.331105,Plein jour,En agglomération,Intersection en X,Normale,Deux véhicules - arrière,4,1,1,0,1,1,1,0,1,50,2,2,1,0,0,1,77.0,22.0,voiture,deux_roues,1,2,2,1,2
202400046564,2024-06-27 11:45:00,2024,6,27,11,45,28,28088,35 Rue Gambetta,48.069073,1.331105,Plein jour,En agglomération,Intersection en X,Normale,Deux véhicules - arrière,4,2,2,0,1,1,1,0,1,50,2,2,1,0,0,1,77.0,22.0,voiture,deux_roues,1,2,2,1,2
202400046565,2024-12-05 17:30:00,2024,12,5,17,30,41,41018,RIFFAULT (RUE EUGENE),47.5908,1.34092,Nuit avec éclairage allumé,En agglomération,Autre intersection,Pluie légère,Autre collision,4,2,1,0,1,1,2,0,1,50,1,2,1,0,1,0,21.0,,voiture,,5,2,9,2,6
202400046566,2024-10-30 06:44:00,2024,10,30,6,44,988,98818,RUE CHARLES PORCHERON/RUE DE LA VALBONNE,-22.27459,166.44737,Plein jour,En agglomération,Intersection à plus de 4 branches,Normale,Deux véhicules - côté,4,1,2,0,1,1,1,5,1,50,2,2,1,0,0,1,54.0,32.0,voiture,utilitaire_camion,1,2,5,1,3
202400046566,2024-10-30 06:44:00,2024,10,30,6,44,988,98818,RUE CHARLES PORCHERON/RUE DE LA VALBONNE,-22.27459,166.44737,Plein jour,En agglomération,Intersection à plus de 4 branches,Normale,Deux véhicules - côté,4,1,2,0,2,1,1,5,1,50,2,2,1,0,0,1,54.0,32.0,voiture,utilitaire_camion,1,2,5,1,3
202400046567,2024-10-29 08:00:00,2024,10,29,8,0,974,97416,RN3 (1),-21.31537,55.49282,Plein jour,Hors agglomération,Hors intersection,Normale,Autre collision,2,-1,4,0,2,1,1,0,1,110,1,1,0,0,1,0,24.0,,voiture,,1,1,1,1,6
202400046568,2024-06-18 18:20:00,2024,6,18,18,20,28,28021,Montançon,48.344456,1.296784,Plein jour,Hors agglomération,Hors intersection,Normale,Trois véhicules et plus - collisions multiples,3,2,2,0,1,1,1,0,1,90,3,9,0,7,1,1,85.0,21.0,voiture,voiture,1,1,1,1,5
202400046569,2024-12-05 00:20:00,2024,12,5,0,20,38,38151,COURS JEAN JAURÈS,45.14597,5.70497,Nuit avec éclairage allumé,En agglomération,Intersection en X,Normale,Deux véhicules - côté,4,3,2,0,2,1,1,5,1,50,2,4,2,0,2,0,17.0,20.0,deux_roues,voiture,5,2,2,1,3
202400046569,2024-12-05 00:20:00,2024,12,5,0,20,38,38151,COURS JEAN JAURÈS,45.14597,5.70497,Nuit avec éclairage allumé,En agglomération,Intersection en X,Normale,Deux véhicules - côté,4,1,5,3,1,1,1,5,1,50,2,4,2,0,2,0,17.0,20.0,deux_roues,voiture,5,2,2,1,3
202400046570,2024-10-29 09:00:00,2024,10,29,9,0,974,97411,LACAUSSADE (BOULEVARD),-20.88308,55.44758,Plein jour,En agglomération,Autre intersection,Normale,Deux véhicules - côté,4,1,2,0,1,1,1,0,1,50,2,2,1,0,0,1,23.0,22.0,utilitaire_camion,deux_roues,1,2,9,1,3
202400046571,2024-05-30 22:30:00,2024,5,30,22,30,28,28006,Route Départementale 923,48.435661,1.414179,Nuit sans éclairage public,Hors agglomération,Hors intersection,Normale,Deux véhicules - frontale,3,2,2,0,1,1,1,0,1,80,2,2,0,1,1,0,30.0,48.0,voiture,voiture,3,1,1,1,1
202400046572,2024-12-04 08:50:00,2024,12,4,8,50,38,38516,AVENUE DU RACHAIS,45.20027,5.74495,Plein jour,En agglomération,Autre intersection,Normale,Deux véhicules - côté,4,2,0,3,1,1,1,9,6,30,2,2,1,0,1,0,51.0,56.0,deux_roues,transport_commun,1,2,9,1,3
202400046573,2024-05-27 12:30:00,2024,5,27,12,30,28,28048,rd337,48.321796,1.412601,Plein jour,Hors agglomération,Hors intersection,Normale,Sans collision,3,2,2,0,1,1,1,0,3,-1,1,1,0,1,0,0,69.0,,utilitaire_camion,,1,1,1,1,7
202400046574,2024-10-28 08:15:00,2024,10,28,8,15,974,97411,SOURCE (RUE DE LA),-20.88878,55.44877,Plein jour,En agglomération,Intersection en X,Normale,Deux véhicules - côté,2,1,2,0,1,1,1,0,1,50,2,2,1,0,0,1,71.0,34.0,voiture,deux_roues,1,2,2,1,3
202400046574,2024-10-28 08:15:00,2024,10,28,8,15,974,97411,SOURCE (RUE DE LA),-20.88878,55.44877,Plein jour,En agglomération,Intersection en X,Normale,Deux véhicules - côté,2,2,2,0,1,1,1,0,1,50,2,2,1,0,0,1,71.0,34.0,voiture,deux_roues,1,2,2,1,3
202400046575,2024-12-05 08:50:00,2024,12,5,8,50,37,37261,DE GAULLE (AVENUE DU GENERAL),47.38122,0.70166,Plein jour,En agglomération,Intersection en T,Pluie légère,Deux véhicules - côté,4,2,2,0,1,1,2,0,1,50,2,2,1,0,1,0,30.0,39.0,voiture,deux_roues,1,2,3,2,3
202400046575,2024-12-05 08:50:00,2024,12,5,8,50,37,37261,DE GAULLE (AVENUE DU GENERAL),47.38122,0.70166,Plein jour,En agglomération,Intersection en T,Pluie légère,Deux véhicules - côté,4,2,2,0,1,1,2,0,1,50,2,2,1,0,1,0,30.0,39.0,voiture,deux_roues,1,2,3,2,3
202400046576,2024-09-24 07:05:00,2024,9,24,7,5,973,97302,MONTABO (ROUTE DE) 1,4.94431812,-52.30965346,Plein jour,En agglomération,Hors intersection,Normale,Deux véhicules - frontale,3,2,2,2,1,1,1,0,1,50,2,2,1,0,0,1,19.0,41.0,deux_roues,voiture,1,2,1,1,1
202400046577,2024-10-29 21:12:00,2024,10,29,21,12,973,97302,ZEPHIR (ROCADE),4.93822,-52.30634,Nuit avec éclairage allumé,En agglomération,Hors intersection,Normale,Deux véhicules - arrière,3,2,2,1,1,1,1,9,1,50,2,2,1,0,0,1,43.0,48.0,voiture,deux_roues,5,2,1,1,2
202400046578,2024-12-05 08:00:00,2024,12,5,8,0,35,35238,MAGINOT (AVENUE SERGENT),48.10997316,-1.66057974,Nuit avec éclairage allumé,En agglomération,Hors intersection,Pluie légère,Deux véhicules - côté,4,3,4,1,1,1,2,-1,5,50,2,2,1,0,0,1,35.0,18.0,voiture,deux_roues,5,2,1,2,3
202400046579,2024-09-24 23:00:00,2024,9,24,23,0,69,69386,Rue Michel Rambaud,45.76906,4.86065,Nuit avec éclairage allumé,En agglomération,Intersection en X,Pluie légère,Deux véhicules - côté,4,1,2,3,2,1,2,0,1,30,2,2,1,0,0,1,20.0,22.0,deux_roues,voiture,5,2,2,2,3
202400046579,2024-09-24 23:00:00,2024,9,24,23,0,69,69386,Rue Michel Rambaud,45.76906,4.86065,Nuit avec éclairage allumé,En agglomération,Intersection en X,Pluie légère,Deux véhicules - côté,4,2,2,0,1,1,2,5,1,30,2,2,1,0,0,1,20.0,22.0,deux_roues,voiture,5,2,2,2,3
202400046580,2024-10-29 17:45:00,2024,10,29,17,45,973,97302,MATOURY (RUE),4.93186,-52.32308,Plein jour,En agglomération,Intersection en T,Normale,Deux véhicules - côté,4,2,2,0,1,1,1,0,1,50,2,3,2,0,0,1,61.0,23.0,voiture,deux_roues,1,2,3,1,3
202400046580,2024-10-29 17:45:00,2024,10,29,17,45,973,97302,MATOURY (RUE),4.93186,-52.32308,Plein jour,En agglomération,Intersection en T,Normale,Deux véhicules - côté,4,2,2,0,1,1,1,0,1,50,2,3,2,0,0,1,61.0,23.0,voiture,deux_roues,1,2,3,1,3
202400046581,2024-09-24 12:10:00,2024,9,24,12,10,69,69383,Rue Baraban,45.76313,4.8686,Plein jour,En agglomération,Intersection en X,Normale,Deux véhicules - côté,4,2,2,0,1,1,1,0,1,30,2,2,1,0,0,1,67.0,41.0,deux_roues,voiture,1,2,2,1,3
202400046581,2024-09-24 12:10:00,2024,9,24,12,10,69,69383,Rue Baraban,45.76313,4.8686,Plein jour,En agglomération,Intersection en X,Normale,Deux véhicules - côté,4,1,1,2,1,1,1,0,1,30,2,2,1,0,0,1,67.0,41.0,deux_roues,voiture,1,2,2,1,3
202400046582,2024-10-27 21:50:00,2024,10,27,21,50,973,97302,ROUGET DE L ' ISLE,4.94242,-52.32795,Nuit avec éclairage allumé,En agglomération,Intersection en T,Normale,Trois véhicules et plus - collisions multiples,4,1,2,0,1,1,1,0,1,50,3,4,3,0,0,1,60.0,47.0,voiture,voiture,5,2,3,1,5
202400046582,2024-10-27 21:50:00,2024,10,27,21,50,973,97302,ROUGET DE L ' ISLE,4.94242,-52.32795,Nuit avec éclairage allumé,En agglomération,Intersection en T,Normale,Trois véhicules et plus - collisions multiples,4,1,1,0,1,1,1,0,1,50,3,4,3,0,0,1,60.0,47.0,voiture,voiture,5,2,3,1,5
202400046583,2024-12-05 20:10:00,2024,12,5,20,10,33,33063,,44.84147,-0.59946,Nuit avec éclairage allumé,En agglomération,Intersection en X,Pluie légère,Deux véhicules - frontale,4,1,5,2,1,2,2,5,1,50,2,3,1,0,2,0,25.0,18.0,deux_roues,voiture,5,2,2,2,1
202400046583,2024-12-05 20:10:00,2024,12,5,20,10,33,33063,,44.84147,-0.59946,Nuit avec éclairage allumé,En agglomération,Intersection en X,Pluie légère,Deux véhicules - frontale,4,3,4,2,1,1,2,5,1,50,2,3,1,0,2,0,25.0,18.0,deux_roues,voiture,5,2,2,2,1
202400046584,2024-12-05 08:49:00,2024,12,5,8,49,31,31555,AV DE CASTRES,43.59657,1.48358,Plein jour,En agglomération,Hors intersection,Normale,Deux véhicules - côté,7,2,2,0,1,1,1,0,1,50,2,2,1,0,1,0,26.0,55.0,deux_roues,voiture,1,2,1,1,3
202400046585,2024-10-28 17:56:00,2024,10,28,17,56,2A,2A004,T21,41.92796,8.77559,Nuit avec éclairage allumé,Hors agglomération,Hors intersection,Normale,Deux véhicules - arrière,2,3,4,0,1,1,1,0,1,70,2,3,2,0,0,1,66.0,67.0,deux_roues,voiture,5,1,1,1,2
202400046586,2024-10-29 15:40:00,2024,10,29,15,40,95,95277,ARISTIDE BRIAND (AVENUE),49.00163434,2.42160208,Plein jour,En agglomération,Place,Normale,Deux véhicules - côté,4,1,1,0,1,1,1,0,1,30,2,2,1,0,0,1,48.0,23.0,voiture,voiture,1,2,7,1,3
202400046587,2024-12-04 17:00:00,2024,12,4,17,0,31,31555,GUESDE (ALL JULES) DU 1AU 3,43.59361,1.44604,Plein jour,En agglomération,Hors intersection,Normale,Deux véhicules - côté,4,2,2,0,1,1,1,0,1,50,2,3,1,0,1,1,62.0,62.0,voiture,deux_roues,1,2,1,1,3
202400046588,2024-10-29 12:40:00,2024,10,29,12,40,91,91589,BD ARISTIDE BRIAND,48.687149,2.353898,Plein jour,En agglomération,Hors intersection,Normale,Autre collision,3,2,2,0,1,1,1,0,1,50,1,2,1,0,0,1,,,deux_roues,,1,2,1,1,6
202400046589,2024-12-04 09:00:00,2024,12,4,9,0,31,31555,CHE DE BASSO CAMBO,43.56259541,1.38571501,Plein jour,En agglomération,Hors intersection,Normale,Deux véhicules - frontale,4,2,2,0,1,1,1,0,1,50,2,2,0,0,0,2,61.0,44.0,voiture,voiture,1,2,1,1,1
202400046590,2024-10-25 19:20:00,2024,10,25,19,20,87,87085,KING (AVENUE MARTIN LUTHER),45.81938131,1.23409867,Nuit avec éclairage allumé,En agglomération,Intersection en X,Pluie légère,Deux véhicules - côté,4,3,6,0,1,1,2,5,1,50,2,2,1,0,0,1,14.0,29.0,deux_roues,voiture,5,2,2,2,3
202400046590,2024-10-25 19:20:00,2024,10,25,19,20,87,87085,KING (AVENUE MARTIN LUTHER),45.81938131,1.23409867,Nuit avec éclairage allumé,En agglomération,Intersection en X,Pluie légère,Deux véhicules - côté,4,3,6,0,1,1,2,5,1,50,2,2,1,0,0,1,14.0,29.0,deux_roues,voiture,5,2,2,2,3
202400046591,2024-12-05 22:34:00,2024,12,5,22,34,29,29232,RN 165,48.00974303,-4.06735642,Nuit sans éclairage public,Hors agglomération,Hors intersection,Normale,Sans collision,2,3,2,0,1,3,2,0,1,110,1,1,0,0,0,1,27.0,,voiture,,3,1,1,1,7
202400046592,2024-12-04 18:00:00,2024,12,4,18,0,29,29232,Rd 365 - Avenue du Morbihan,47.97806299,-4.02782488,Nuit sans éclairage public,Hors agglomération,Hors intersection,Pluie légère,Deux véhicules - arrière,3,3,4,0,1,1,2,0,1,110,2,2,1,0,0,1,59.0,50.0,voiture,voiture,3,1,1,2,2
202400046593,2024-10-27 15:43:00,2024,10,27,15,43,87,87085,GIFFARD (RUE HENRI),45.87463,1.26647,Plein jour,En agglomération,Intersection en T,Normale,Deux véhicules - arrière,4,2,2,0,1,1,1,0,1,50,2,3,2,0,0,1,17.0,27.0,deux_roues,voiture,1,2,3,1,2
202400046593,2024-10-27 15:43:00,2024,10,27,15,43,87,87085,GIFFARD (RUE HENRI),45.87463,1.26647,Plein jour,En agglomération,Intersection en T,Normale,Deux véhicules - arrière,4,2,2,0,1,1,1,0,1,50,2,3,2,0,0,1,17.0,27.0,deux_roues,voiture,1,2,3,1,2
202400046594,2024-12-04 17:25:00,2024,12,4,17,25,70,70285,JEAN JAURÈS(AVENUE),47.57109,6.76872,Nuit avec éclairage allumé,En agglomération,Hors intersection,Normale,Deux véhicules - côté,3,-1,2,0,1,1,1,0,1,50,2,3,2,0,1,0,29.0,67.0,voiture,voiture,5,2,1,1,3
202400046595,2024-10-29 22:20:00,2024,10,29,22,20,83,83137,BRIAND (AVE ARISTIDE DE 1221 A FIN,43.12564,5.89694,Nuit avec éclairage allumé,En agglomération,Intersection en X,Normale,Deux véhicules - côté,1,1,2,0,4,1,1,5,1,50,2,3,1,0,1,1,21.0,18.0,voiture,voiture,5,2,2,1,3
202400046595,2024-10-29 22:20:00,2024,10,29,22,20,83,83137,BRIAND (AVE ARISTIDE DE 1221 A FIN,43.12564,5.89694,Nuit avec éclairage allumé,En agglomération,Intersection en X,Normale,Deux véhicules - côté,1,2,4,0,1,1,1,5,1,50,2,3,1,0,1,1,21.0,18.0,voiture,voiture,5,2,2,1,3
202400046596,2024-12-05 14:47:00,2024,12,5,14,47,19,19031,KENNEDY (AVENUE JOHN),45.16776,1.55246,Plein jour,En agglomération,Autre intersection,Normale,Sans collision,4,2,2,0,1,1,1,0,1,10,1,2,1,0,0,1,60.0,,voiture,,1,2,9,1,7
202400046597,2024-10-29 21:40:00,2024,10,29,21,40,83,83009,LUCIEN ARTAUD (PLACE),43.13761,5.76095,Nuit avec éclairage allumé,En agglomération,Hors intersection,Normale,Deux véhicules - côté,4,2,2,0,1,1,1,0,1,50,2,3,2,0,1,0,55.0,27.0,voiture,deux_roues,5,2,1,1,3
202400046598,2024-12-04 07:40:00,2024,12,4,7,40,15,15014,Chemin de Conthe,44.91611,2.42985,Plein jour,En agglomération,Hors intersection,Normale,Autre collision,4,2,2,0,1,1,1,0,1,50,1,2,1,0,0,1,22.0,,voiture,,1,2,1,1,6
202400046599,2024-10-28 16:20:00,2024,10,28,16,20,81,81060,190 Avenue de Rodez,44.06249,2.17198,Plein jour,Hors agglomération,Hors intersection,Normale,Deux véhicules - arrière,3,2,2,0,2,2,1,9,1,70,2,2,1,0,1,0,16.0,58.0,deux_roues,utilitaire_camion,1,1,1,1,2
202400046600,2024-12-04 07:00:00,2024,12,4,7,0,14,14333,18 Avenue du Canteloup,49.40877,0.24698,Nuit avec éclairage allumé,En agglomération,Intersection en X,Pluie légère,Deux véhicules - frontale,4,-1,2,0,1,1,2,0,1,50,2,2,1,0,0,1,48.0,59.0,deux_roues,voiture,5,2,2,2,1
202400046600,2024-12-04 07:00:00,2024,12,4,7,0,14,14333,18 Avenue du Canteloup,49.40877,0.24698,Nuit avec éclairage allumé,En agglomération,Intersection en X,Pluie légère,Deux véhicules - frontale,4,2,2,0,2,1,2,0,1,50,2,2,1,0,0,1,48.0,59.0,deux_roues,voiture,5,2,2,2,1
202400046601,2024-10-29 13:15:00,2024,10,29,13,15,78,78551,ROUTE NATIONALE 13,48.89333,2.08243,Plein jour,Hors agglomération,Hors intersection,Normale,Deux véhicules - arrière,2,1,0,0,1,1,1,0,1,70,2,2,1,0,0,1,37.0,26.0,utilitaire_camion,voiture,1,1,1,1,2
202400046602,2024-12-05 10:30:00,2024,12,5,10,30,13,13203,NATIONAL (BOULEVARD),43.3078311,5.38164509,Plein jour,En agglomération,Intersection en T,Normale,Deux véhicules - côté,4,1, -1,0,2,1,1,0,1,50,2,3,0,0,0,3,46.0,42.0,voiture,voiture,1,2,3,1,3
202400046602,2024-12-05 10:30:00,2024,12,5,10,30,13,13203,NATIONAL (BOULEVARD),43.3078311,5.38164509,Plein jour,En agglomération,Intersection en T,Normale,Deux véhicules - côté,4,2,2,3,1,1,1,0,1,50,2,3,0,0,0,3,46.0,42.0,voiture,voiture,1,2,3,1,3
202400046603,2024-10-29 17:00:00,2024,10,29,17,0,78,78440,EUROPE (AVENUE DE L'),48.975538,1.915862,Plein jour,En agglomération,Hors intersection,Normale,Trois véhicules et plus - en chaîne,3,1,2,0,1,1,1,0,1,30,4,4,3,0,0,1,47.0,56.0,voiture,voiture,1,2,1,1,4
202400046604,2024-12-05 10:00:00,2024,12,5,10,0,13,13216,ANDRÉ ROUSSIN (AVENUE),43.36055,5.3384,Plein jour,En agglomération,Giratoire,Normale,Deux véhicules - frontale,4,1,2,0,1,2,1,9,1,50,1,2,1,0,0,1,24.0,,voiture,,1,2,6,1,1
202400046605,2024-12-04 12:15:00,2024,12,4,12,15,13,13001,GRAND VALLAT (AV),43.49149,5.34921,Plein jour,En agglomération,Autre intersection,Normale,Deux véhicules - frontale,4,2,2,0,2,4,1,0,1,50,2,3,0,1,0,2,50.0,18.0,voiture,voiture,1,2,9,1,1
202400046606,2024-10-29 11:15:00,2024,10,29,11,15,76,76561,Rue du Maréchal Leclerc,49.301879,1.012568,Plein jour,En agglomération,Giratoire,Normale,Autre collision,7,2, -1,0,1,1,1,-1,8,50,1,2,1,0,1,0,,,voiture,,1,2,6,1,6
202400046607,2024-11-27 14:40:00,2024,11,27,14,40,12,12202,PAUL RAMADIER (BOULEVARD),44.35975,2.57213,Plein jour,En agglomération,Intersection en T,Normale,Deux véhicules - côté,4,2,2,3,1,1,1,5,1,30,2,2,1,0,0,1,38.0,21.0,voiture,deux_roues,1,2,3,1,3
202400046607,2024-11-27 14:40:00,2024,11,27,14,40,12,12202,PAUL RAMADIER (BOULEVARD),44.35975,2.57213,Plein jour,En agglomération,Intersection en T,Normale,Deux véhicules - côté,4,2,2,0,1,1,1,5,1,30,2,2,1,0,0,1,38.0,21.0,voiture,deux_roues,1,2,3,1,3
202400046608,2024-10-29 16:15:00,2024,10,29,16,15,73,73031,TURIN (AVENUE DE),45.573145,5.946163,Plein jour,En agglomération,Giratoire,Normale,Autre collision,4,2,2,3,1,1,1,5,1,-1,1,2,1,0,0,1,84.0,,voiture,,1,2,6,1,6
202400046609,2024-11-24 07:45:00,2024,11,24,7,45,12,12146,BOUTONNET (LIEU DIT),44.31894,2.5864,Plein jour,Hors agglomération,Hors intersection,Normale,Autre collision,4,2,2,0,1,4,1,0,3,80,1,1,0,0,0,1,22.0,,voiture,,1,1,1,1,6
202400046610,2024-10-29 07:59:00,2024,10,29,7,59,73,73065,N201,45.57570973,5.92787862,Plein jour,Hors agglomération,Hors intersection,Normale,Trois véhicules et plus - en chaîne,2,3,6,0,1,1,1,1,1,90,4,5,4,0,0,1,28.0,27.0,utilitaire_camion,utilitaire_camion,1,1,1,1,4
202400046611,2024-11-15 13:45:00,2024,11,15,13,45,12,12202,BORDEAUX (AVENUE DE),44.3562,2.57574,Plein jour,En agglomération,Intersection en T,Normale,Autre collision,3,2,3,0,2,1,1,0,1,30,1,2,1,0,1,0,87.0,,voiture,,1,2,3,1,6
202400046611,2024-11-15 13:45:00,2024,11,15,13,45,12,12202,BORDEAUX (AVENUE DE),44.3562,2.57574,Plein jour,En agglomération,Intersection en T,Normale,Autre collision,3,1,1,0,4,1,1,0,1,30,1,2,1,0,1,0,87.0,,voiture,,1,2,3,1,6
202400046612,2024-10-29 14:30:00,2024,10,29,14,30,69,69259,Avenue Francis de Pressensé,45.72334547,4.8652321,Plein jour,En agglomération,Hors intersection,Normale,Deux véhicules - côté,4,2,2,2,1,1,1,0,5,50,2,2,1,0,0,1,65.0,33.0,voiture,deux_roues,1,2,1,1,3
202400046613,2024-10-24 08:55:00,2024,10,24,8,55,12,12202,GINESTE (AVENUE DE LA),44.36394,2.55314,Plein jour,En agglomération,Hors intersection,Normale,Autre collision,3,2,2,0,3,1,1,8,1,50,1,2,1,0,0,1,52.0,,voiture,,1,2,1,1,6