accident_id,datetime,annee,mois,jour,heure,minute,departement,commune_insee,adresse,latitude,longitude,luminosite,agglomeration,intersection,meteo,collision,catr,circ,nbv,vosp,prof,plan,surf,infra,situ,vma,nb_vehicules,nb_usagers,nb_indemnes,nb_tues,nb_blesses_hosp,nb_blesses_legers,age_cond_1,age_cond_2,veh_type_cond_1,veh_type_cond_2,lum_code,agg_code,int_code,atm_code,col_code
202400046614,2024-10-29 15:30:00,2024,10,29,15,30,67,67482,BECQUEREL (RUE),48.60604,7.71603,Plein jour,En agglomération,Hors intersection,Normale,Deux véhicules - côté,4,2,4,1,1,1,1,9,1,50,2,2,1,0,0,1,40.0,53.0,transport_commun,deux_roues,1,2,1,1,3
202400046615,2024-12-02 12:55:00,2024,12,2,12,55,12,12013,RD 840,44.55315,2.28737,Plein jour,Hors agglomération,Intersection en T,Pluie légère,Deux véhicules - côté,3,2,2,0,1,1,2,5,1,80,2,3,0,0,0,3,44.0,94.0,voiture,voiture,1,1,3,2,3
202400046615,2024-12-02 12:55:00,2024,12,2,12,55,12,12013,RD 840,44.55315,2.28737,Plein jour,Hors agglomération,Intersection en T,Pluie légère,Deux véhicules - côté,3,2,2,0,1,1,2,5,1,90,2,3,0,0,0,3,44.0,94.0,voiture,voiture,1,1,3,2,3
202400046616,2024-10-28 15:30:00,2024,10,28,15,30,67,67482,CHAMPS (RUE DES),48.5943,7.72335,Plein jour,En agglomération,Intersection en T,Normale,Deux véhicules - côté,4,1,2,1,1,1,1,0,1,50,2,2,1,0,0,1,38.0,45.0,deux_roues,voiture,1,2,3,1,3
202400046616,2024-10-28 15:30:00,2024,10,28,15,30,67,67482,CHAMPS (RUE DES),48.5943,7.72335,Plein jour,En agglomération,Intersection en T,Normale,Deux véhicules - côté,4,2,2,0,1,1,1,0,1,50,2,2,1,0,0,1,38.0,45.0,deux_roues,voiture,1,2,3,1,3
202400046617,2024-12-04 06:05:00,2024,12,4,6,5,10,10357,ROCADE EST (RD 610),48.29574,4.13727,Nuit avec éclairage non allumé,En agglomération,Giratoire,Brouillard / fumée,Sans collision,3,1,1,0,1,2,2,0,1,50,1,1,0,0,0,1,51.0,,voiture,,4,2,6,5,7
202400046618,2024-10-29 16:19:00,2024,10,29,16,19,64,64483,RD810,43.41344,-1.61443,Plein jour,Hors agglomération,Intersection en T,Normale,Deux véhicules - frontale,3,2,2,0,1,1,1,2,1,50,2,2,1,0,0,1,45.0,43.0,voiture,deux_roues,1,1,3,1,1
202400046618,2024-10-29 16:19:00,2024,10,29,16,19,64,64483,RD810,43.41344,-1.61443,Plein jour,Hors agglomération,Intersection en T,Normale,Deux véhicules - frontale,3,2,2,0,1,1,1,0,1,70,2,2,1,0,0,1,45.0,43.0,voiture,deux_roues,1,1,3,1,1
202400046619,2024-12-04 16:45:00,2024,12,4,16,45,07,07019,BELLANDE (AVENUE DE ),44.61477,4.4007,Plein jour,En agglomération,Hors intersection,Temps éblouissant,Deux véhicules - côté,4,2,2,0,1,1,1,0,1,50,2,2,1,0,1,0,16.0,62.0,deux_roues,voiture,1,2,1,7,3
202400046620,2024-10-28 15:50:00,2024,10,28,15,50,64,64335,EUROPE DE L',43.33176,-0.45039,Plein jour,En agglomération,Hors intersection,Normale,Deux véhicules - côté,4,-1,2,0,1,1,1,0,1,50,2,2,1,0,0,1,66.0,70.0,voiture,deux_roues,1,2,1,1,3
202400046621,2024-12-05 14:07:00,2024,12,5,14,7,06,06088,25 Pont René Coty,43.722977,7.289872,Plein jour,En agglomération,Intersection en X,Normale,Autre collision,4,3,4,3,1,1,1,2,1,50,1,2,1,0,0,1,24.0,,voiture,,1,2,2,1,6
202400046621,2024-12-05 14:07:00,2024,12,5,14,7,06,06088,25 Pont René Coty,43.722977,7.289872,Plein jour,En agglomération,Intersection en X,Normale,Autre collision,4,3,4,0,1,1,1,0,1,50,1,2,1,0,0,1,24.0,,voiture,,1,2,2,1,6
202400046622,2024-10-29 11:45:00,2024,10,29,11,45,63,63113,Rue Tourette / rue des Trioux,45.80200536,3.11724722,Plein jour,En agglomération,Intersection en T,Normale,Deux véhicules - arrière,4,2,2,0,1,1,1,0,1,30,2,2,1,0,0,1,85.0,44.0,deux_roues,utilitaire_camion,1,2,3,1,2
202400046622,2024-10-29 11:45:00,2024,10,29,11,45,63,63113,Rue Tourette / rue des Trioux,45.80200536,3.11724722,Plein jour,En agglomération,Intersection en T,Normale,Deux véhicules - arrière,4,2,2,0,1,1,1,5,1,30,2,2,1,0,0,1,85.0,44.0,deux_roues,utilitaire_camion,1,2,3,1,2
202400046623,2024-12-05 13:30:00,2024,12,5,13,30,06,06088,29 Rue Arson,43.70233,7.28755,Plein jour,En agglomération,Hors intersection,Temps éblouissant,Deux véhicules - arrière,4,1,2,0,1,1,1,0,1,50,2,2,1,0,0,1,85.0,57.0,deux_roues,voiture,1,2,1,7,2
202400046624,2024-10-29 08:30:00,2024,10,29,8,30,63,63113,LAFAYETTE (BD),45.77364,3.08803,Plein jour,En agglomération,Hors intersection,Normale,Deux véhicules - côté,4,2,3,0,2,1,1,0,1,30,2,2,1,0,0,1,29.0,18.0,voiture,deux_roues,1,2,1,1,3
202400046625,2024-11-29 19:10:00,2024,11,29,19,10,06,06104,212 Avenue Louis Pasteur,43.763609,7.480244,Nuit avec éclairage non allumé,En agglomération,Hors intersection,Normale,Autre collision,3,1,1,0,1,1,1,0,1,50,1,2,1,0,1,0,32.0,,deux_roues,,4,2,1,1,6
202400046626,2024-10-29 16:00:00,2024,10,29,16,0,62,62160,D96,50.71986365,1.61533459,Plein jour,En agglomération,Hors intersection,Temps couvert,Autre collision,3,2,2,0,1,1,2,0,1,30,1,2,1,0,1,0,83.0,,voiture,,1,2,1,8,6
202400046627,2024-12-05 22:50:00,2024,12,5,22,50,06,06123,497 Promenade Alain Gerbault,43.6565,7.1798,Nuit avec éclairage allumé,En agglomération,Intersection en X,Normale,Deux véhicules - côté,7,1,1,1,1,1,1,5,1,50,2,2,1,0,1,0,21.0,35.0,voiture,deux_roues,5,2,2,1,3
202400046627,2024-12-05 22:50:00,2024,12,5,22,50,06,06123,497 Promenade Alain Gerbault,43.6565,7.1798,Nuit avec éclairage allumé,En agglomération,Intersection en X,Normale,Deux véhicules - côté,7,3,2,1,1,4,1,5,1,10,2,2,1,0,1,0,21.0,35.0,voiture,deux_roues,5,2,2,1,3
202400046628,2024-01-08 16:05:00,2024,1,8,16,5,75,75111,AVENUE DE LA REPUBLIQUE,48.864009,2.381201,Plein jour,En agglomération,Intersection en X,Normale,Deux véhicules - côté,4,2,4,1,1,1,1,0,1,30,2,2,1,0,0,1,56.0,35.0,voiture,deux_roues,1,2,2,1,3
202400046628,2024-01-08 16:05:00,2024,1,8,16,5,75,75111,AVENUE DE LA REPUBLIQUE,48.864009,2.381201,Plein jour,En agglomération,Intersection en X,Normale,Deux véhicules - côté,4,1,1,0,1,1,1,0,1,30,2,2,1,0,0,1,56.0,35.0,voiture,deux_roues,1,2,2,1,3
202400046629,2024-01-08 13:31:00,2024,1,8,13,31,75,75110,QUAI DE VALMY,48.871794,2.364577,Plein jour,En agglomération,Intersection en Y,Normale,Autre collision,4,1, -1,-1,1,1,1,0,1,30,1,4,3,0,0,1,48.0,,voiture,,1,2,4,1,6
202400046629,2024-01-08 13:31:00,2024,1,8,13,31,75,75110,QUAI DE VALMY,48.871794,2.364577,Plein jour,En agglomération,Intersection en Y,Normale,Autre collision,4,1,1,0,1,1,1,0,1,30,1,4,3,0,0,1,48.0,,voiture,,1,2,4,1,6
202400046630,2024-01-08 18:22:00,2024,1,8,18,22,75,75108,PLACE DE L ALMA,48.86401368,2.30180204,Nuit avec éclairage allumé,En agglomération,Place,Normale,Deux véhicules - côté,4,2,3,3,2,1,1,0,5,30,2,2,0,0,0,2,57.0,30.0,deux_roues,deux_roues,5,2,7,1,3
202400046631,2024-01-08 22:50:00,2024,1,8,22,50,94,94046,Avenue de la République / Rue de Bordeaux,48.80833555,2.45012136,Nuit avec éclairage allumé,En agglomération,Intersection en X,Neige / grêle,Deux véhicules - arrière,3,2,2,0,1,1,5,0,1,50,2,4,2,0,0,2,45.0,39.0,voiture,voiture,5,2,2,4,2
202400046631,2024-01-08 22:50:00,2024,1,8,22,50,94,94046,Avenue de la République / Rue de Bordeaux,48.80833555,2.45012136,Nuit avec éclairage allumé,En agglomération,Intersection en X,Neige / grêle,Deux véhicules - arrière,3,2,2,0,1,1,5,0,1,-1,2,4,2,0,0,2,45.0,39.0,voiture,voiture,5,2,2,4,2
202400046632,2024-01-08 12:50:00,2024,1,8,12,50,94,94046,Avenue Léon Blum,48.80097417,2.43542878,Plein jour,En agglomération,Hors intersection,Temps couvert,Deux véhicules - côté,3,2,4,0,1,3,1,0,1,50,2,2,1,0,0,1,43.0,62.0,utilitaire_camion,deux_roues,1,2,1,8,3
202400046633,2024-01-08 18:40:00,2024,1,8,18,40,93,93070,Rue des Bateliers,48.91173,2.32817,Nuit avec éclairage allumé,En agglomération,Hors intersection,Normale,Sans collision,4,2,3,1,1,1,1,0,1,30,1,5,3,0,0,2,61.0,,utilitaire_camion,,5,2,1,1,7
202400046634,2024-01-08 22:10:00,2024,1,8,22,10,93,93048,Boulevard Paul Vaillant Couturier / Avenue Walwein,48.862624,2.441627,Nuit avec éclairage allumé,En agglomération,Intersection en X,Neige / grêle,Deux véhicules - côté,4,2,2,3,2,1,5,0,6,30,2,2,1,0,0,1,33.0,35.0,voiture,deux_roues,5,2,2,4,3
202400046634,2024-01-08 22:10:00,2024,1,8,22,10,93,93048,Boulevard Paul Vaillant Couturier / Avenue Walwein,48.862624,2.441627,Nuit avec éclairage allumé,En agglomération,Intersection en X,Neige / grêle,Deux véhicules - côté,4,2,2,3,1,1,5,0,1,30,2,2,1,0,0,1,33.0,35.0,voiture,deux_roues,5,2,2,4,3
202400046635,2024-01-08 16:19:00,2024,1,8,16,19,93,93066,Route de la Courneuve,48.93302,2.37276,Plein jour,En agglomération,Autre intersection,Normale,Deux véhicules - frontale,3,3,6,3,1,1,1,0,8,50,2,2,1,0,1,0,27.0,57.0,voiture,deux_roues,1,2,9,1,1
202400046636,2024-01-08 05:43:00,2024,1,8,5,43,93,93078,Avenue Georges Clémenceau,48.957218,2.559358,Nuit avec éclairage allumé,En agglomération,Hors intersection,Normale,Autre collision,3,3,4,0,1,1,1,0,1,50,1,2,1,0,1,0,24.0,,voiture,,5,2,1,1,6
202400046637,2024-01-08 10:15:00,2024,1,8,10,15,92,92046,CAMELINAT,48.81470641,2.29682878,Plein jour,En agglomération,Intersection en X,Temps couvert,Autre collision,3,2,3,2,1,1,1,0,1,50,1,2,1,0,0,1,52.0,,utilitaire_camion,,1,2,2,8,6
202400046637,2024-01-08 10:15:00,2024,1,8,10,15,92,92046,CAMELINAT,48.81470641,2.29682878,Plein jour,En agglomération,Intersection en X,Temps couvert,Autre collision,3,1,3,2,1,1,1,0,1,50,1,2,1,0,0,1,52.0,,utilitaire_camion,,1,2,2,8,6
202400046638,2024-01-08 08:20:00,2024,1,8,8,20,92,92046,PIERRE BROSSOLETTE (AVENUE),48.8217736,2.31325977,Crépuscule ou aube,En agglomération,Hors intersection,Temps couvert,Deux véhicules - arrière,3,3,3,2,1,1,1,0,5,50,2,2,1,0,0,1,38.0,37.0,deux_roues,utilitaire_camion,2,2,1,8,2
202400046639,2024-01-08 16:25:00,2024,1,8,16,25,92,92020,PANORAMA RUE DU,48.79937529,2.27840155,Plein jour,En agglomération,Hors intersection,Normale,Autre collision,4,2,2,0,2,1,2,0,1,30,1,4,3,0,0,1,33.0,,voiture,,1,2,1,1,6
202400046640,2024-01-08 07:08:00,2024,1,8,7,8,92,92048,GIRATOIRE,48.78664337,2.22392857,Nuit avec éclairage allumé,En agglomération,Giratoire,Normale,Deux véhicules - arrière,4,-1,1,0,2,1,1,0,1,50,2,2,1,0,0,1,26.0,37.0,voiture,deux_roues,5,2,6,1,2
202400046641,2024-01-07 19:55:00,2024,1,7,19,55,92,92044,PDT WILSON(RUE)77A105 ET 76A108,48.89294495,2.28958011,Nuit avec éclairage allumé,En agglomération,Intersection en X,Normale,Autre collision,4,1,2,1,1,1,1,0,1,50,1,2,1,0,0,1,89.0,,voiture,,5,2,2,1,6
202400046641,2024-01-07 19:55:00,2024,1,7,19,55,92,92044,PDT WILSON(RUE)77A105 ET 76A108,48.89294495,2.28958011,Nuit avec éclairage allumé,En agglomération,Intersection en X,Normale,Autre collision,4,1,2,0,1,1,1,0,1,50,1,2,1,0,0,1,89.0,,voiture,,5,2,2,1,6
202400046642,2024-01-08 18:55:00,2024,1,8,18,55,92,92036,AGNETTES (RUE DES) (1/9),48.92224782,2.2882542,Nuit avec éclairage allumé,En agglomération,Hors intersection,Pluie légère,Autre collision,4,2,2,0,1,1,2,0,1,50,1,3,1,0,0,2,29.0,,voiture,,5,2,1,2,6
202400046643,2024-01-09 16:45:00,2024,1,9,16,45,24,24196,4 Route de la Chapelle,45.324981,1.16711,Crépuscule ou aube,En agglomération,Hors intersection,Normale,Autre collision,3,2,2,0,2,2,1,0,3,50,1,2,1,0,1,0,55.0,,voiture,,2,2,1,1,6
202400046644,2024-01-08 16:35:00,2024,1,8,16,35,57,57204,D3,49.16583322,6.29818252,Crépuscule ou aube,Hors agglomération,Hors intersection,Temps couvert,Deux véhicules - frontale,3,2,2,0,1,1,1,0,1,-1,2,2,0,0,2,0,23.0,77.0,voiture,voiture,2,1,1,8,1
202400046645,2024-01-09 05:00:00,2024,1,9,5,0,47,47225,D656e,44.178173,0.571987,Nuit sans éclairage public,Hors agglomération,Hors intersection,Normale,Autre collision,3,2,2,0,1,3,1,0,3,70,1,1,0,1,0,0,69.0,,voiture,,3,1,1,1,6
202400046646,2024-05-07 13:00:00,2024,5,7,13,0,91,91228,BLAISE PASCAL (COURS),48.62679,2.43145,Plein jour,En agglomération,Hors intersection,Normale,Autre collision,4,2,2,0,1,3,1,0,4,30,1,2,1,0,0,1,20.0,,voiture,,1,2,1,1,6
202400046647,2024-03-29 15:10:00,2024,3,29,15,10,75,75112,BD PERIPHERIQUE EXTERIEUR,48.833569,2.408341,Plein jour,En agglomération,Hors intersection,Temps couvert,Deux véhicules - côté,4,1,4,0,1,1,1,1,1,70,2,2,1,0,0,1,47.0,,deux_roues,voiture,1,2,1,8,3
202400046648,2024-01-09 18:15:00,2024,1,9,18,15,01,01333,Route de Monthieux,45.930126,4.954302,Nuit avec éclairage non allumé,En agglomération,Intersection en X,Normale,Autre collision,3,2,2,0,1,1,2,0,1,50,1,2,1,0,1,0,36.0,,voiture,,4,2,2,1,6
202400046648,2024-01-09 18:15:00,2024,1,9,18,15,01,01333,Route de Monthieux,45.930126,4.954302,Nuit avec éclairage non allumé,En agglomération,Intersection en X,Normale,Autre collision,3,2,2,2,1,1,2,0,1,50,1,2,1,0,1,0,36.0,,voiture,,4,2,2,1,6
202400046649,2024-05-06 16:30:00,2024,5,6,16,30,87,87085,SABLARD (AVENUE DE),45.82817,1.28218,Plein jour,En agglomération,Intersection en X,Normale,Deux véhicules - côté,1,1,2,0,1,1,1,5,1,50,2,2,1,0,0,1,53.0,29.0,voiture,voiture,1,2,2,1,3
202400046649,2024-05-06 16:30:00,2024,5,6,16,30,87,87085,SABLARD (AVENUE DE),45.82817,1.28218,Plein jour,En agglomération,Intersection en X,Normale,Deux véhicules - côté,1,2,2,0,2,1,1,5,1,50,2,2,1,0,0,1,53.0,29.0,voiture,voiture,1,2,2,1,3
202400046650,2024-03-30 12:19:00,2024,3,30,12,19,75,75117,BD PERIPHERIQUE INTERIEUR,48.885809,2.288302,Plein jour,En agglomération,Hors intersection,Normale,Deux véhicules - arrière,4,1,4,0,1,1,1,0,1,70,2,3,2,0,1,0,38.0,60.0,voiture,deux_roues,1,2,1,1,2
202400046651,2024-05-07 19:15:00,2024,5,7,19,15,84,84031,MOULIN AVENUE DU,44.05513,5.03689,Plein jour,En agglomération,Intersection en Y,Normale,Autre collision,4,2,0,0,1,2,1,0,1,30,1,2,1,0,0,1,33.0,,autre,,1,2,4,1,6
202400046651,2024-05-07 19:15:00,2024,5,7,19,15,84,84031,MOULIN AVENUE DU,44.05513,5.03689,Plein jour,En agglomération,Intersection en Y,Normale,Autre collision,4,2,2,0,1,1,1,0,1,30,1,2,1,0,0,1,33.0,,autre,,1,2,4,1,6
202400046652,2024-01-09 14:00:00,2024,1,9,14,0,21,21105,A31 PK043.200,47.308374,5.173093,Plein jour,Hors agglomération,Hors intersection,Neige / grêle,Trois véhicules et plus - en chaîne,1,1,3,0,1,1,5,0,1,110,3,6,2,0,1,3,29.0,51.0,voiture,voiture,1,1,1,4,4
202400046653,2024-01-08 01:50:00,2024,1,8,1,50,972,97217,Rue Nelson Mandela,14.472102,-60.871902,Nuit avec éclairage allumé,En agglomération,Hors intersection,Normale,Sans collision,2,2,2,0,1,1,1,0,1,50,1,1,0,0,1,0,24.0,,autre,,5,2,1,1,7
202400046654,2024-05-07 09:52:00,2024,5,7,9,52,84,84031,PASTEUR BOULEVARD,44.04887,5.04504,Plein jour,En agglomération,Intersection en T,Normale,Autre collision,4,2,2,0,1,1,1,0,1,50,1,2,1,0,0,1,78.0,,voiture,,1,2,3,1,6
202400046654,2024-05-07 09:52:00,2024,5,7,9,52,84,84031,PASTEUR BOULEVARD,44.04887,5.04504,Plein jour,En agglomération,Intersection en T,Normale,Autre collision,4,2,2,0,1,1,1,0,1,30,1,2,1,0,0,1,78.0,,voiture,,1,2,3,1,6
202400046655,2024-03-30 21:10:00,2024,3,30,21,10,75,75118,BOULEVARD NEY,48.897711,2.337607,Nuit avec éclairage allumé,En agglomération,Intersection en T,Normale,Deux véhicules - côté,4,-1,2,0,1,1,1,0,1,30,2,3,2,0,0,1,32.0,39.0,voiture,deux_roues,5,2,3,1,3
202400046655,2024-03-30 21:10:00,2024,3,30,21,10,75,75118,BOULEVARD NEY,48.897711,2.337607,Nuit avec éclairage allumé,En agglomération,Intersection en T,Normale,Deux véhicules - côté,4,-1,0,0,1,1,1,0,1,30,2,3,2,0,0,1,32.0,39.0,voiture,deux_roues,5,2,3,1,3
202400046656,2024-01-08 18:10:00,2024,1,8,18,10,12,12230,Route departementale 903,44.03764334,2.51923536,Nuit avec éclairage allumé,Hors agglomération,Intersection en T,Normale,Deux véhicules - côté,3,2,2,0,1,1,1,0,1,70,2,2,1,0,1,0,66.0,66.0,voiture,voiture,5,1,3,1,3
202400046656,2024-01-08 18:10:00,2024,1,8,18,10,12,12230,Route departementale 903,44.03764334,2.51923536,Nuit avec éclairage allumé,Hors agglomération,Intersection en T,Normale,Deux véhicules - côté,3,2,2,0,1,1,1,0,1,80,2,2,1,0,1,0,66.0,66.0,voiture,voiture,5,1,3,1,3
202400046657,2024-05-07 15:53:00,2024,5,7,15,53,84,84007,C.De GAULLE (Rocade),43.93368,4.83171,Plein jour,En agglomération,Intersection en X,Normale,Trois véhicules et plus - en chaîne,3,3,0,0,1,1,1,5,1,50,3,3,2,0,0,1,71.0,62.0,voiture,voiture,1,2,2,1,4
202400046657,2024-05-07 15:53:00,2024,5,7,15,53,84,84007,C.De GAULLE (Rocade),43.93368,4.83171,Plein jour,En agglomération,Intersection en X,Normale,Trois véhicules et plus - en chaîne,3,3,0,0,1,1,1,5,1,50,3,3,2,0,0,1,71.0,62.0,voiture,voiture,1,2,2,1,4
202400046658,2024-03-31 21:45:00,2024,3,31,21,45,75,75117,AVENUE DE LA PORTE D ASNIERES,48.891859,2.301736,Nuit avec éclairage allumé,En agglomération,Intersection en T,Normale,Deux véhicules - côté,4,2,4,0,1,1,1,0,1,30,2,2,1,0,0,1,66.0,71.0,voiture,deux_roues,5,2,3,1,3
202400046658,2024-03-31 21:45:00,2024,3,31,21,45,75,75117,AVENUE DE LA PORTE D ASNIERES,48.891859,2.301736,Nuit avec éclairage allumé,En agglomération,Intersection en T,Normale,Deux véhicules - côté,4,1,1,0,1,1,1,0,1,30,2,2,1,0,0,1,66.0,71.0,voiture,deux_roues,5,2,3,1,3
202400046659,2024-05-07 15:45:00,2024,5,7,15,45,83,83137,ROOSEVELT (AVE FRANKLIN),43.1208,5.94038,Plein jour,En agglomération,Hors intersection,Normale,Deux véhicules - côté,4,1,2,0,1,1,1,0,1,50,2,3,2,0,1,0,50.0,51.0,deux_roues,voiture,1,2,1,1,3
202400046660,2024-01-08 15:30:00,2024,1,8,15,30,62,62742,D144,50.46191704,1.67603237,Plein jour,En agglomération,Hors intersection,Normale,Deux véhicules - frontale,3,-1,2,0,1,1,1,0,1,50,2,8,4,0,2,2,65.0,28.0,voiture,utilitaire_camion,1,2,1,1,1
202400046661,2024-05-02 17:30:00,2024,5,2,17,30,83,83129,DE GAULLE (PROMENADE CHARLES),43.10976979,5.81296062,Plein jour,En agglomération,Hors intersection,Normale,Autre collision,3,1,2,0,1,1,1,0,1,50,1,2,1,0,1,0,38.0,,voiture,,1,2,1,1,6
202400046662,2024-03-31 10:40:00,2024,3,31,10,40,75,75116,RUE DE LA POMPE,48.864128,2.277574,Plein jour,En agglomération,Intersection en X,Normale,Deux véhicules - frontale,4,-1,2,0,1,1,1,0,1,30,2,2,1,0,0,1,5.0,40.0,deux_roues,voiture,1,2,2,1,1
202400046662,2024-03-31 10:40:00,2024,3,31,10,40,75,75116,RUE DE LA POMPE,48.864128,2.277574,Plein jour,En agglomération,Intersection en X,Normale,Deux véhicules - frontale,4,2,2,0,1,1,1,0,1,30,2,2,1,0,0,1,5.0,40.0,deux_roues,voiture,1,2,2,1,1
202400046663,2024-05-07 18:00:00,2024,5,7,18,0,81,81065,1012 (ROUTE DEPARTEMENTALE),43.59703733,2.21912777,Plein jour,Hors agglomération,Hors intersection,Pluie légère,Autre collision,3,3,1,0,1,1,2,9,4,90,1,1,0,0,0,1,20.0,,voiture,,1,1,1,2,6
202400046664,2024-01-08 09:00:00,2024,1,8,9,0,56,56081,Rosquennec,48.046106,-3.621765,Plein jour,Hors agglomération,Hors intersection,Autre,Autre collision,4,2,2,0,1,3,7,0,1,80,1,1,0,0,1,0,27.0,,voiture,,1,1,1,9,6
202400046665,2024-05-06 12:50:00,2024,5,6,12,50,80,80021,Chemin de la Salle,49.90727,2.28966,Plein jour,En agglomération,Hors intersection,Normale,Deux véhicules - frontale,4,2,2,0,1,1,1,0,1,50,2,2,1,0,0,1,34.0,27.0,voiture,deux_roues,1,2,1,1,1
202400046666,2024-03-29 16:30:00,2024,3,29,16,30,75,75112,QUAI DE BERCY,48.83172,2.38463,Plein jour,En agglomération,Hors intersection,Pluie légère,Deux véhicules - côté,4,3,3,0,1,1,2,0,1,50,2,2,1,0,0,1,44.0,65.0,voiture,deux_roues,1,2,1,2,3
202400046667,2024-05-07 14:50:00,2024,5,7,14,50,78,78208,NATIONALE 10 (ROUTE),48.76335,1.96702,Plein jour,Hors agglomération,Hors intersection,Normale,Deux véhicules - frontale,2,1,0,0,1,3,1,3,1,50,2,2,1,0,0,1,51.0,60.0,voiture,voiture,1,1,1,1,1
202400046668,2024-01-08 08:00:00,2024,1,8,8,0,59,59054,Rue de la Longue Croix,50.783776,2.455176,Crépuscule ou aube,En agglomération,Intersection en T,Normale,Autre collision,3,2,2,0,1,1,1,0,8,50,1,2,1,0,1,0,,,voiture,,2,2,3,1,6
202400046668,2024-01-08 08:00:00,2024,1,8,8,0,59,59054,Rue de la Longue Croix,50.783776,2.455176,Crépuscule ou aube,En agglomération,Intersection en T,Normale,Autre collision,3,2, -1,-1,1,2,1,0,1,-1,1,2,1,0,1,0,,,voiture,,2,2,3,1,6
202400046669,2024-05-07 17:00:00,2024,5,7,17,0,77,77288,CHAPU   (PLACE),48.533163,2.658911,Plein jour,En agglomération,Autre intersection,Normale,Autre collision,3,1,1,0,1,2,1,0,1,50,1,2,1,0,1,0,86.0,,voiture,,1,2,9,1,6
202400046670,2024-01-09 00:45:00,2024,1,9,0,45,47,47159,D6,44.4109,0.220735,Nuit avec éclairage non allumé,En agglomération,Intersection en T,Normale,Autre collision,3,2,2,0,1,1,1,2,1,50,1,2,0,0,1,1,39.0,,voiture,,4,2,3,1,6
202400046670,2024-01-09 00:45:00,2024,1,9,0,45,47,47159,D6,44.4109,0.220735,Nuit avec éclairage non allumé,En agglomération,Intersection en T,Normale,Autre collision,3,2,2,-1,3,1,1,0,1,50,1,2,0,0,1,1,39.0,,voiture,,4,2,3,1,6
202400046671,2024-05-06 20:10:00,2024,5,6,20,10,72,72181,GAULLE GENERAL DE (AV DU),48.00424,0.20018,Plein jour,En agglomération,Hors intersection,Pluie légère,Deux véhicules - côté,4,2,3,3,1,1,2,0,1,50,2,2,1,0,1,0,38.0,30.0,voiture,deux_roues,1,2,1,2,3
202400046672,2024-03-31 06:15:00,2024,3,31,6,15,75,75109,RUE SAINT LAZARE,48.875936,2.329712,Nuit avec éclairage allumé,En agglomération,Intersection en T,Normale,Autre collision,4,1, -1,-1,1,1,1,0,1,30,1,2,1,0,0,1,34.0,,voiture,,5,2,3,1,6
202400046672,2024-03-31 06:15:00,2024,3,31,6,15,75,75109,RUE SAINT LAZARE,48.875936,2.329712,Nuit avec éclairage allumé,En agglomération,Intersection en T,Normale,Autre collision,4,2,2,3,1,1,1,0,1,30,1,2,1,0,0,1,34.0,,voiture,,5,2,3,1,6
202400046673,2024-01-08 17:20:00,2024,1,8,17,20,22,22135,Lieu Dit Pen Forest,48.529548,-3.286368,Plein jour,Hors agglomération,Hors intersection,Normale,Sans collision,4,2,2,0,2,3,1,0,1,80,1,1,0,0,1,0,67.0,,utilitaire_camion,,1,1,1,1,7
202400046674,2024-05-06 18:10:00,2024,5,6,18,10,72,72181,DURAND GEORGES (AV) N° IMP 199 AU N° 311,47.97381,0.216,Plein jour,En agglomération,Passage à niveau,Pluie légère,Deux véhicules - côté,4,1,1,0,1,1,2,4,8,50,2,2,1,0,0,1,42.0,34.0,transport_commun,voiture,1,2,8,2,3
202400046674,2024-05-06 18:10:00,2024,5,6,18,10,72,72181,DURAND GEORGES (AV) N° IMP 199 AU N° 311,47.97381,0.216,Plein jour,En agglomération,Passage à niveau,Pluie légère,Deux véhicules - côté,4,1,2,3,2,2,2,4,6,50,2,2,1,0,0,1,42.0,34.0,transport_commun,voiture,1,2,8,2,3
202400046675,2024-03-31 14:24:00,2024,3,31,14,24,75,75101,RUE CROIX DES PETITS CHAMPS,48.862257,2.339197,Plein jour,En agglomération,Intersection en T,Normale,Autre collision,4,2,2,0,1,1,1,6,8,30,1,2,1,0,0,1,26.0,,voiture,,1,2,3,1,6
202400046675,2024-03-31 14:24:00,2024,3,31,14,24,75,75101,RUE CROIX DES PETITS CHAMPS,48.862257,2.339197,Plein jour,En agglomération,Intersection en T,Normale,Autre collision,4,1,2,1,1,1,1,0,8,30,1,2,1,0,0,1,26.0,,voiture,,1,2,3,1,6
202400046676,2024-01-09 16:30:00,2024,1,9,16,30,38,38049,D51,45.406271,5.13514,Plein jour,Hors agglomération,Hors intersection,Normale,Deux véhicules - frontale,3,2,2,0,1,1,2,0,1,80,2,2,0,0,2,0,24.0,63.0,voiture,voiture,1,1,1,1,1
202400046677,2024-05-06 14:00:00,2024,5,6,14,0,72,72181,BROSSOLETTE PIERRE (BD) N° IMP,47.97885,0.20517,Plein jour,En agglomération,Hors intersection,Pluie légère,Trois véhicules et plus - en chaîne,4,-1,2,0,1,1,2,0,1,50,4,4,1,0,0,3,46.0,36.0,voiture,voiture,1,2,1,2,4
202400046678,2024-01-09 17:20:00,2024,1,9,17,20,02,02407,d65,49.550155,3.553423,Nuit sans éclairage public,Hors agglomération,Hors intersection,Normale,Autre collision,3,2,2,0,1,1,1,0,8,80,1,2,1,0,1,0,51.0,,voiture,,3,1,1,1,6
202400046679,2024-05-07 08:05:00,2024,5,7,8,5,69,69092,Rue de la Chapelle,46.00288,4.70751,Plein jour,En agglomération,Hors intersection,Normale,Deux véhicules - frontale,4,2,2,0,1,2,1,0,1,30,2,2,0,0,0,2,69.0,46.0,voiture,voiture,1,2,1,1,1