accident_id,datetime,annee,mois,jour,heure,minute,departement,commune_insee,adresse,latitude,longitude,luminosite,agglomeration,intersection,meteo,collision,catr,circ,nbv,vosp,prof,plan,surf,infra,situ,vma,nb_vehicules,nb_usagers,nb_indemnes,nb_tues,nb_blesses_hosp,nb_blesses_legers,age_cond_1,age_cond_2,veh_type_cond_1,veh_type_cond_2,lum_code,agg_code,int_code,atm_code,col_code
202400046680,2024-03-30 16:50:00,2024,3,30,16,50,75,75101,RUE DE ROHAN,48.862748,2.335283,Plein jour,En agglomération,Place,Temps couvert,Autre collision,4,1, -1,-1,1,1,1,0,1,30,2,2,1,0,0,1,61.0,61.0,deux_roues,voiture,1,2,7,8,6
202400046680,2024-03-30 16:50:00,2024,3,30,16,50,75,75101,RUE DE ROHAN,48.862748,2.335283,Plein jour,En agglomération,Place,Temps couvert,Autre collision,4,2,3,3,1,1,1,0,1,30,2,2,1,0,0,1,61.0,61.0,deux_roues,voiture,1,2,7,8,6
202400046681,2024-01-08 08:35:00,2024,1,8,8,35,03,03080,D2209,46.10931,3.315731,Plein jour,En agglomération,Hors intersection,Neige / grêle,Deux véhicules - frontale,3,3,2,0,1,1,7,0,1,50,2,2,1,0,1,0,17.0,66.0,deux_roues,transport_commun,1,2,1,4,1
202400046682,2024-02-19 15:00:00,2024,2,19,15,0,69,69264,Rue Andre Desthieux,45.99476,4.72561,Plein jour,En agglomération,Autre intersection,Normale,Deux véhicules - côté,4,2,2,0,1,1,1,0,1,50,2,6,0,0,0,6,56.0,34.0,voiture,voiture,1,2,9,1,3
202400046682,2024-02-19 15:00:00,2024,2,19,15,0,69,69264,Rue Andre Desthieux,45.99476,4.72561,Plein jour,En agglomération,Autre intersection,Normale,Deux véhicules - côté,4,2,2,0,1,1,1,0,1,50,2,6,0,0,0,6,56.0,34.0,voiture,voiture,1,2,9,1,3
202400046683,2024-03-30 15:30:00,2024,3,30,15,30,94,94044,Avenue de Valenton / Allée Van Gogh,48.74365763,2.5040007,Plein jour,En agglomération,Intersection en T,Normale,Deux véhicules - arrière,3,2,2,0,1,1,1,0,1,50,2,3,2,0,0,1,20.0,40.0,voiture,voiture,1,2,3,1,2
202400046683,2024-03-30 15:30:00,2024,3,30,15,30,94,94044,Avenue de Valenton / Allée Van Gogh,48.74365763,2.5040007,Plein jour,En agglomération,Intersection en T,Normale,Deux véhicules - arrière,3,2,2,-1,1,1,1,0,1,-1,2,3,2,0,0,1,20.0,40.0,voiture,voiture,1,2,3,1,2
202400046684,2024-05-06 20:30:00,2024,5,6,20,30,67,67482,LOUISE MICHEL (RUE),48.5839,7.70878,Plein jour,En agglomération,Hors intersection,Normale,Autre collision,5,1,1,0,1,1,1,9,6,5,1,2,1,1,0,0,28.0,,voiture,,1,2,1,1,6
202400046685,2024-01-09 07:55:00,2024,1,9,7,55,72,72112,Lieu Dit le Chene Vert,48.242792,0.254445,Crépuscule ou aube,Hors agglomération,Intersection en X,Temps couvert,Deux véhicules - côté,3,2,2,0,1,1,5,5,1,80,2,2,1,0,0,1,65.0,39.0,voiture,voiture,2,1,2,8,3
202400046685,2024-01-09 07:55:00,2024,1,9,7,55,72,72112,Lieu Dit le Chene Vert,48.242792,0.254445,Crépuscule ou aube,Hors agglomération,Intersection en X,Temps couvert,Deux véhicules - côté,3,2,2,0,2,1,5,5,1,90,2,2,1,0,0,1,65.0,39.0,voiture,voiture,2,1,2,8,3
202400046686,2024-01-09 15:30:00,2024,1,9,15,30,60,60319,D3,49.35279576,1.97831598,Plein jour,Hors agglomération,Hors intersection,Normale,Sans collision,3,2,2,0,3,3,7,0,8,80,1,1,0,1,0,0,25.0,,voiture,,1,1,1,1,7
202400046687,2024-05-07 08:15:00,2024,5,7,8,15,65,65440,Avenue Antoine de Saint-exupéry,43.24389,0.06466,Plein jour,En agglomération,Hors intersection,Pluie légère,Deux véhicules - côté,4,-1,1,0,1,1,2,9,4,50,2,2,1,0,0,1,35.0,16.0,voiture,deux_roues,1,2,1,2,3
202400046688,2024-03-30 11:25:00,2024,3,30,11,25,94,94068,Boulevard de la Marne / Avenue Louis Blanc,48.79342077,2.49748233,Plein jour,En agglomération,Intersection en X,Normale,Autre collision,3,2,2,0,1,1,1,0,1,-1,1,1,0,0,0,1,92.0,,voiture,,1,2,2,1,6
202400046688,2024-03-30 11:25:00,2024,3,30,11,25,94,94068,Boulevard de la Marne / Avenue Louis Blanc,48.79342077,2.49748233,Plein jour,En agglomération,Intersection en X,Normale,Autre collision,3,2,2,0,1,1,1,0,1,30,1,1,0,0,0,1,92.0,,voiture,,1,2,2,1,6
202400046689,2024-05-07 17:25:00,2024,5,7,17,25,64,64102,PIECE NOYEE (ROND POINT DE LA),43.49894,-1.48144,Plein jour,En agglomération,Giratoire,Normale,Sans collision,4,1,2,0,2,3,1,0,1,50,1,1,0,0,0,1,23.0,,deux_roues,,1,2,6,1,7
202400046689,2024-05-07 17:25:00,2024,5,7,17,25,64,64102,PIECE NOYEE (ROND POINT DE LA),43.49894,-1.48144,Plein jour,En agglomération,Giratoire,Normale,Sans collision,4,2,4,0,2,1,1,2,1,50,1,1,0,0,0,1,23.0,,deux_roues,,1,2,6,1,7
202400046690,2024-01-09 16:05:00,2024,1,9,16,5,07,07010,122 Avenue Ferdinand Janvier,45.260659,4.6683017,Plein jour,Hors agglomération,Hors intersection,Neige / grêle,Deux véhicules - frontale,3,2,1,0,1,2,5,0,1,80,2,2,0,0,0,2,23.0,48.0,voiture,voiture,1,1,1,4,1
202400046691,2024-03-31 16:30:00,2024,3,31,16,30,94,94079,Route de Bry / Rue du Commandant Louis Bouchet,48.831456,2.534427,Plein jour,En agglomération,Intersection en T,Normale,Autre collision,3,2,2,0,1,1,1,0,1,50,1,2,1,0,0,1,84.0,,voiture,,1,2,3,1,6
202400046691,2024-03-31 16:30:00,2024,3,31,16,30,94,94079,Route de Bry / Rue du Commandant Louis Bouchet,48.831456,2.534427,Plein jour,En agglomération,Intersection en T,Normale,Autre collision,3,2,2,0,1,1,1,0,1,-1,1,2,1,0,0,1,84.0,,voiture,,1,2,3,1,6
202400046692,2024-05-06 15:20:00,2024,5,6,15,20,62,62765,Rue de Calais,50.75180298,2.2518049,Plein jour,En agglomération,Place,Normale,Autre collision,4,1,1,0,2,1,1,0,4,50,1,2,1,0,1,0,73.0,,voiture,,1,2,7,1,6
202400046693,2024-05-02 15:30:00,2024,5,2,15,30,62,62400,Rue des Rossignols,50.48041542,2.58825338,Plein jour,En agglomération,Hors intersection,Normale,Autre collision,4,1,1,0,1,1,1,0,1,50,1,1,0,0,1,0,61.0,,deux_roues,,1,2,1,1,6
202400046694,2024-01-08 21:20:00,2024,1,8,21,20,85,85234,D205,46.796479,-2.018863,Nuit sans éclairage public,Hors agglomération,Hors intersection,Normale,Deux véhicules - frontale,3,2,2,0,1,3,1,0,1,80,2,2,0,0,2,0,63.0,22.0,voiture,voiture,3,1,1,1,1
202400046695,2024-01-09 08:00:00,2024,1,9,8,0,27,27486,route départementale 39,49.116306,0.981528,Crépuscule ou aube,Hors agglomération,Hors intersection,Neige / grêle,Deux véhicules - côté,3,2,2,0,1,1,7,0,1,80,2,2,0,0,1,1,25.0,32.0,voiture,utilitaire_camion,2,1,1,4,3
202400046696,2024-05-06 15:30:00,2024,5,6,15,30,59,59512,ALMA  (RUE DE L)',50.69708,3.16572,Plein jour,En agglomération,Intersection en X,Normale,Deux véhicules - côté,4,2,3,0,1,1,1,6,1,30,2,2,1,0,1,0,49.0,14.0,deux_roues,deux_roues,1,2,2,1,3
202400046696,2024-05-06 15:30:00,2024,5,6,15,30,59,59512,ALMA  (RUE DE L)',50.69708,3.16572,Plein jour,En agglomération,Intersection en X,Normale,Deux véhicules - côté,4,-1,0,0,1,1,1,0,1,30,2,2,1,0,1,0,49.0,14.0,deux_roues,deux_roues,1,2,2,1,3
202400046697,2024-03-31 20:10:00,2024,3,31,20,10,93,93073,Sixieme Avenue / Septieme Avenue,48.96219,2.56717,Plein jour,En agglomération,Intersection en X,Temps couvert,Deux véhicules - côté,4,2,2,0,1,1,2,0,1,50,2,3,2,0,0,1,25.0,28.0,voiture,voiture,1,2,2,8,3
202400046697,2024-03-31 20:10:00,2024,3,31,20,10,93,93073,Sixieme Avenue / Septieme Avenue,48.96219,2.56717,Plein jour,En agglomération,Intersection en X,Temps couvert,Deux véhicules - côté,4,2,2,0,1,1,2,0,1,50,2,3,2,0,0,1,25.0,28.0,voiture,voiture,1,2,2,8,3
202400046698,2024-01-08 15:30:00,2024,1,8,15,30,01,01451,,46.262931,5.186491,Plein jour,Hors agglomération,Hors intersection,Normale,Deux véhicules - arrière,1,3,2,0,1,1,1,0,1,130,2,2,1,0,1,0,60.0,28.0,utilitaire_camion,utilitaire_camion,1,1,1,1,2
202400046699,2024-05-07 21:10:00,2024,5,7,21,10,59,59350,Rue des Hortensias,50.65069,2.98933,Crépuscule ou aube,En agglomération,Hors intersection,Normale,Autre collision,4,2,2,0,1,1,1,0,8,30,1,2,1,0,0,1,27.0,,voiture,,2,2,1,1,6
202400046700,2024-05-07 19:00:00,2024,5,7,19,0,59,59527,DE LATTRE TASSIGNY.AV °1A205,50.65478,3.04651,Plein jour,En agglomération,Hors intersection,Normale,Deux véhicules - côté,7,1,2,0,1,2,1,0,1,50,2,2,1,0,0,1,24.0,32.0,voiture,deux_roues,1,2,1,1,3
202400046701,2024-01-05 12:00:00,2024,1,5,12,0,01,01099,A42 pk 033+800 sens Genève / Lyon,45.917285,5.256124,Plein jour,Hors agglomération,Hors intersection,Pluie légère,Deux véhicules - côté,1,3,2,0,1,1,2,0,1,130,2,3,2,0,0,1,57.0,36.0,utilitaire_camion,voiture,1,1,1,2,3
202400046702,2024-05-06 22:15:00,2024,5,6,22,15,59,59350,Boulevard Louis Pasteur,50.6351,3.08121,Nuit sans éclairage public,Hors agglomération,Hors intersection,Normale,Sans collision,7,1,2,0,2,2,1,0,1,70,1,2,0,0,0,2,21.0,,utilitaire_camion,,3,1,1,1,7
202400046703,2024-03-30 20:50:00,2024,3,30,20,50,93,93008,Rue Pierre Sémard / Rue de l'Indépendance,48.910476,2.446662,Nuit avec éclairage allumé,En agglomération,Intersection en T,Normale,Trois véhicules et plus - en chaîne,3,2,2,0,1,1,1,0,1,50,3,4,3,0,0,1,27.0,25.0,deux_roues,voiture,5,2,3,1,4
202400046703,2024-03-30 20:50:00,2024,3,30,20,50,93,93008,Rue Pierre Sémard / Rue de l'Indépendance,48.910476,2.446662,Nuit avec éclairage allumé,En agglomération,Intersection en T,Normale,Trois véhicules et plus - en chaîne,3,1,1,0,1,1,1,0,1,-1,3,4,3,0,0,1,27.0,25.0,deux_roues,voiture,5,2,3,1,4
202400046704,2024-05-05 06:10:00,2024,5,5,6,10,58,58194,MONTAPINS,46.9774,3.13554,Crépuscule ou aube,En agglomération,Hors intersection,Normale,Autre collision,4,2,2,0,1,1,1,0,1,30,1,2,1,0,0,1,23.0,,voiture,,2,2,1,1,6
202400046705,2024-03-30 18:25:00,2024,3,30,18,25,93,93008,Rue de Stalingrad,48.913189,2.435971,Plein jour,En agglomération,Hors intersection,Normale,Autre collision,3,1,2,0,1,1,1,0,1,50,1,1,0,0,0,1,23.0,,deux_roues,,1,2,1,1,6
202400046706,2024-01-08 17:50:00,2024,1,8,17,50,69,69027,2 Rue du Moulin,45.67181968,4.75344047,Nuit avec éclairage allumé,En agglomération,Intersection en T,Pluie légère,Autre collision,4,2,2,0,1,1,2,0,1,30,1,2,1,0,1,0,53.0,,utilitaire_camion,,5,2,3,2,6
202400046707,2024-05-07 17:55:00,2024,5,7,17,55,56,56260,Ménimur,47.668755,-2.770101,Plein jour,Hors agglomération,Hors intersection,Normale,Deux véhicules - arrière,2,3,4,0,2,1,1,0,1,90,2,2,1,0,0,1,31.0,67.0,voiture,voiture,1,1,1,1,2
202400046708,2024-03-31 03:30:00,2024,3,31,3,30,93,93005,Route des Petits Ponts,48.931833,2.490256,Nuit avec éclairage allumé,En agglomération,Hors intersection,Pluie légère,Deux véhicules - frontale,4,2,2,0,2,1,2,0,1,50,2,3,1,0,0,2,26.0,24.0,voiture,voiture,5,2,1,2,1
202400046709,2024-01-08 18:30:00,2024,1,8,18,30,28,28276,"A10, PK 055+300",48.288053,1.86027,Nuit sans éclairage public,Hors agglomération,Hors intersection,Normale,Deux véhicules - arrière,1,3,3,0,1,1,1,0,1,130,2,2,0,0,0,2,53.0,86.0,voiture,voiture,3,1,1,1,2
202400046710,2024-05-07 16:50:00,2024,5,7,16,50,54,54395,Avenue de Boufflers,48.69209,6.14801,Plein jour,En agglomération,Intersection en T,Normale,Deux véhicules - côté,4,2,2,0,2,1,1,0,1,50,2,2,1,0,1,0,59.0,67.0,deux_roues,voiture,1,2,3,1,3
202400046710,2024-05-07 16:50:00,2024,5,7,16,50,54,54395,Avenue de Boufflers,48.69209,6.14801,Plein jour,En agglomération,Intersection en T,Normale,Deux véhicules - côté,4,2, -1,2,1,3,1,-1,1,30,2,2,1,0,1,0,59.0,67.0,deux_roues,voiture,1,2,3,1,3
202400046711,2024-03-16 02:55:00,2024,3,16,2,55,92,92044,ALSACE (RUE) N°1 A 17 ET 2 A 18,48.89154692,2.29594606,Nuit avec éclairage allumé,En agglomération,Autre intersection,Normale,Autre collision,4,1,0,0,1,1,1,0,1,30,1,1,0,0,0,1,35.0,,deux_roues,,5,2,9,1,6
202400046712,2024-01-09 11:55:00,2024,1,9,11,55,976,97614,route déparmentale 1 - Près du Mon Pouleti,-12.827514,45.135205,Plein jour,Hors agglomération,Hors intersection,Pluie forte,Deux véhicules - frontale,3,2,2,0,2,2,2,0,1,-1,2,3,1,0,2,0,24.0,32.0,voiture,voiture,1,1,1,3,1
202400046713,2024-05-07 17:50:00,2024,5,7,17,50,51,51454,MUN (RUE BERTRAND DE),49.25188,4.06105,Plein jour,En agglomération,Hors intersection,Normale,Autre collision,4,-1,2,0,1,1,1,0,1,30,1,2,1,0,0,1,35.0,,voiture,,1,2,1,1,6
202400046714,2024-01-05 07:30:00,2024,1,5,7,30,973,97305,,5.066322,-52.537651,Plein jour,Hors agglomération,Hors intersection,Normale,Deux véhicules - côté,2,2,2,0,1,1,1,0,1,80,2,3,1,0,1,1,28.0,32.0,voiture,deux_roues,1,1,1,1,3
202400046715,2024-03-30 21:00:00,2024,3,30,21,0,92,92036,STALINGRAD (AV DE),48.93247241,2.28243917,Nuit avec éclairage non allumé,En agglomération,Intersection en T,Normale,Deux véhicules - arrière,1,-1,1,0,1,1,1,5,1,30,2,2,1,0,0,1,21.0,50.0,voiture,utilitaire_camion,4,2,3,1,2
202400046715,2024-03-30 21:00:00,2024,3,30,21,0,92,92036,STALINGRAD (AV DE),48.93247241,2.28243917,Nuit avec éclairage non allumé,En agglomération,Intersection en T,Normale,Deux véhicules - arrière,1,1,1,0,1,1,1,0,1,30,2,2,1,0,0,1,21.0,50.0,voiture,utilitaire_camion,4,2,3,1,2
202400046716,2024-05-07 16:10:00,2024,5,7,16,10,51,51454,EPERNAY (AVENUE D') COTE IMPAIR,49.23497,4.01435,Plein jour,En agglomération,Hors intersection,Normale,Sans collision,4,3,0,2,1,1,1,0,1,50,1,1,0,0,1,0,21.0,,deux_roues,,1,2,1,1,7
202400046717,2024-03-31 19:30:00,2024,3,31,19,30,86,86228,Lieu Dit Ransanne,46.383661,0.532511,Plein jour,Hors agglomération,Hors intersection,Normale,Autre collision,3,2,2,0,1,2,1,0,3,80,1,1,0,0,1,0,31.0,,voiture,,1,1,1,1,6
202400046718,2024-01-09 11:30:00,2024,1,9,11,30,971,97122,Lieu Dit Goguette,16.446906,-61.515454,Plein jour,Hors agglomération,Hors intersection,Normale,Deux véhicules - côté,2,2,2,0,2,1,1,0,1,70,2,2,1,0,0,1,27.0,37.0,voiture,deux_roues,1,1,1,1,3
202400046719,2024-05-07 11:15:00,2024,5,7,11,15,51,51172,LAPS (RUE DES),49.21487,4.05196,Plein jour,En agglomération,Hors intersection,Normale,Autre collision,6,-1, -1,0,1,1,1,0,1,30,1,2,1,0,0,1,25.0,,voiture,,1,2,1,1,6
202400046720,2024-01-07 18:00:00,2024,1,7,18,0,971,97126,Littoral,15.962056,-61.318222,Nuit avec éclairage non allumé,En agglomération,Hors intersection,Normale,Autre collision,3,2,2,0,1,1,1,9,1,50,1,1,0,0,1,0,37.0,,deux_roues,,4,2,1,1,6
202400046721,2024-03-31 20:20:00,2024,3,31,20,20,86,86092,D 22,46.944234,0.570168,Crépuscule ou aube,Hors agglomération,Hors intersection,Normale,Autre collision,3,2,2,0,1,1,1,0,3,80,1,1,0,0,1,0,33.0,,voiture,,2,1,1,1,6
202400046722,2024-05-07 15:58:00,2024,5,7,15,58,49,49328,AMY (RUE ROBERT),47.24666,-0.07589,Plein jour,Hors agglomération,Hors intersection,Normale,Deux véhicules - côté,4,2,2,2,1,3,1,0,1,50,2,2,1,0,0,1,42.0,77.0,voiture,deux_roues,1,1,1,1,3
202400046723,2024-01-08 14:15:00,2024,1,8,14,15,26,26072,,45.121249,4.895879,Plein jour,Hors agglomération,Hors intersection,Neige / grêle,Deux véhicules - arrière,1,3,3,0,2,1,2,0,1,130,2,2,1,0,0,1,60.0,46.0,voiture,utilitaire_camion,1,1,1,4,2
202400046724,2024-03-30 16:20:00,2024,3,30,16,20,41,41167,D1,47.485802,1.190257,Plein jour,Hors agglomération,Hors intersection,Normale,Autre collision,3,2,2,0,1,1,1,2,4,80,1,2,1,0,1,0,34.0,,voiture,,1,1,1,1,6
202400046725,2024-05-05 09:10:00,2024,5,5,9,10,47,47323,GRELOT(RUE DE),44.42174363,0.71280241,Plein jour,En agglomération,Intersection en X,Normale,Deux véhicules - côté,3,2,5,0,4,1,1,5,1,50,2,5,2,0,0,3,26.0,62.0,voiture,voiture,1,2,2,1,3
202400046725,2024-05-05 09:10:00,2024,5,5,9,10,47,47323,GRELOT(RUE DE),44.42174363,0.71280241,Plein jour,En agglomération,Intersection en X,Normale,Deux véhicules - côté,3,2,0,0,4,1,1,0,1,50,2,5,2,0,0,3,26.0,62.0,voiture,voiture,1,2,2,1,3
202400046726,2024-01-05 19:35:00,2024,1,5,19,35,63,63254,D943 / D775,45.805146,3.050366,Nuit sans éclairage public,Hors agglomération,Intersection en Y,Normale,Autre collision,3,2,2,0,4,1,1,0,1,80,1,2,1,0,1,0,49.0,,voiture,,3,1,4,1,6
202400046726,2024-01-05 19:35:00,2024,1,5,19,35,63,63254,D943 / D775,45.805146,3.050366,Nuit sans éclairage public,Hors agglomération,Intersection en Y,Normale,Autre collision,3,2,2,0,2,1,1,5,1,80,1,2,1,0,1,0,49.0,,voiture,,3,1,4,1,6
202400046727,2024-03-29 19:10:00,2024,3,29,19,10,01,01357,D1084,46.176958,5.73664,Crépuscule ou aube,Hors agglomération,Hors intersection,Normale,Sans collision,3,1,2,0,1,2,1,0,8,80,1,1,0,0,1,0,27.0,,deux_roues,,2,1,1,1,7
202400046728,2024-01-09 19:40:00,2024,1,9,19,40,60,60671,D330a,49.155219,2.765674,Nuit sans éclairage public,Hors agglomération,Hors intersection,Autre,Sans collision,3,2,2,0,1,1,7,0,1,80,1,1,0,0,0,1,26.0,,voiture,,3,1,1,9,7
202400046729,2024-03-31 12:20:00,2024,3,31,12,20,65,65045,D928,42.980022,-0.203134,Plein jour,Hors agglomération,Hors intersection,Normale,Sans collision,3,2,2,0,2,3,1,0,1,80,1,1,0,0,1,0,57.0,,deux_roues,,1,1,1,1,7
202400046730,2024-05-07 17:25:00,2024,5,7,17,25,37,37261,COLOMBIER (RUE),47.42302,0.7071,Plein jour,En agglomération,Passage à niveau,Normale,Deux véhicules - côté,4,2,2,0,1,1,1,4,1,50,2,3,1,0,0,2,80.0,38.0,voiture,transport_commun,1,2,8,1,3
202400046730,2024-05-07 17:25:00,2024,5,7,17,25,37,37261,COLOMBIER (RUE),47.42302,0.7071,Plein jour,En agglomération,Passage à niveau,Normale,Deux véhicules - côté,4,2,2,0,1,1,1,4,1,50,2,3,1,0,0,2,80.0,38.0,voiture,transport_commun,1,2,8,1,3
202400046731,2024-01-08 18:18:00,2024,1,8,18,18,83,83137,A57,43.12461178,5.9673203,Nuit avec éclairage allumé,Hors agglomération,Hors intersection,Normale,Deux véhicules - arrière,1,3,6,0,1,1,1,0,1,70,2,3,1,0,0,2,29.0,26.0,voiture,voiture,5,1,1,1,2
202400046732,2024-03-31 10:15:00,2024,3,31,10,15,49,49248,Rue de l’hotel de ville,47.70302278,-1.03087703,Plein jour,En agglomération,Hors intersection,Normale,Deux véhicules - côté,3,2,2,0,2,1,1,0,1,50,2,2,1,0,0,1,38.0,89.0,deux_roues,voiture,1,2,1,1,3
202400046733,2024-05-07 18:15:00,2024,5,7,18,15,34,34172,CARRE DU ROI (RUE DU),43.6132,3.87235,Plein jour,En agglomération,Hors intersection,Normale,Autre collision,4,1,1,0,2,1,1,0,1,30,1,2,1,0,0,1,22.0,,voiture,,1,2,1,1,6
202400046734,2024-05-07 13:10:00,2024,5,7,13,10,34,34172,BLAYAC (RUE DU PROFESSEUR),43.62306,3.83247,Plein jour,En agglomération,Hors intersection,Normale,Deux véhicules - côté,7,3,3,0,1,3,1,8,1,50,2,2,1,0,1,0,68.0,48.0,deux_roues,utilitaire_camion,1,2,1,1,3
202400046735,2024-05-07 11:13:00,2024,5,7,11,13,34,34172,LODEVE (AVENUE DE,43.61453,3.83563,Plein jour,En agglomération,Intersection en X,Normale,Deux véhicules - côté,4,2,2,0,1,1,1,0,1,50,2,3,2,0,0,1,20.0,50.0,voiture,deux_roues,1,2,2,1,3
202400046735,2024-05-07 11:13:00,2024,5,7,11,13,34,34172,LODEVE (AVENUE DE,43.61453,3.83563,Plein jour,En agglomération,Intersection en X,Normale,Deux véhicules - côté,4,2,2,0,1,1,1,0,1,50,2,3,2,0,0,1,20.0,50.0,voiture,deux_roues,1,2,2,1,3
202400046736,2024-01-08 07:35:00,2024,1,8,7,35,33,33122,,44.724713,-0.733172,Nuit sans éclairage public,Hors agglomération,Hors intersection,Normale,Trois véhicules et plus - en chaîne,1,3,4,0,1,1,1,0,1,130,5,8,4,0,0,4,50.0,40.0,voiture,voiture,3,1,1,1,4
202400046737,2024-03-30 01:30:00,2024,3,30,1,30,29,29260,Rue de Pontavenec,48.42634288,-4.60363682,Nuit sans éclairage public,En agglomération,Hors intersection,Pluie légère,Autre collision,3,2,2,1,1,1,2,0,1,50,1,2,1,0,1,0,,,autre,,3,2,1,2,6
202400046738,2024-05-06 16:00:00,2024,5,6,16,0,34,34172,TOULOUSE (AVENUE DE,43.59474,3.86128,Plein jour,En agglomération,Hors intersection,Pluie légère,Trois véhicules et plus - en chaîne,4,2,3,3,2,1,2,0,1,50,3,5,3,0,0,2,86.0,35.0,voiture,voiture,1,2,1,2,4
202400046739,2024-01-07 18:11:00,2024,1,7,18,11,62,62771,A211,50.42962849,2.8447731,Nuit sans éclairage public,Hors agglomération,Hors intersection,Normale,Trois véhicules et plus - collisions multiples,1,3,2,0,1,1,1,0,1,90,3,4,3,0,0,1,52.0,49.0,voiture,voiture,3,1,1,1,5
202400046740,2024-01-08 13:35:00,2024,1,8,13,35,91,91692,RN 118,48.689038,2.191249,Plein jour,Hors agglomération,Hors intersection,Neige / grêle,Sans collision,2,1,2,0,1,1,5,0,1,90,1,1,0,0,0,1,26.0,,deux_roues,,1,1,1,4,7
202400046741,2024-05-07 10:40:00,2024,5,7,10,40,33,33529,,44.63929,-1.15445,Plein jour,En agglomération,Hors intersection,Pluie légère,Deux véhicules - arrière,4,2,2,1,1,1,2,-1,1,50,2,2,1,0,0,1,82.0,72.0,voiture,deux_roues,1,2,1,2,2
202400046742,2024-03-31 18:20:00,2024,3,31,18,20,38,38500,D1092,45.180952,5.380769,Plein jour,Hors agglomération,Hors intersection,Normale,Deux véhicules - frontale,3,2,2,0,3,2,1,0,1,70,2,2,1,1,0,0,42.0,64.0,utilitaire_camion,deux_roues,1,1,1,1,1
202400046743,2024-01-06 19:40:00,2024,1,6,19,40,78,78640,A86 EXT,48.778062,2.213337,Nuit sans éclairage public,Hors agglomération,Hors intersection,Pluie légère,Deux véhicules - arrière,1,2,4,0,1,1,2,0,1,90,2,6,4,0,0,2,33.0,42.0,utilitaire_camion,voiture,3,1,1,2,2
202400046744,2024-05-07 19:55:00,2024,5,7,19,55,29,29019,rue Pierre Loti,48.382688,-4.505734,Plein jour,En agglomération,Intersection en T,Normale,Deux véhicules - côté,4,2,2,0,1,1,1,0,1,50,2,2,1,0,0,1,40.0,21.0,deux_roues,voiture,1,2,3,1,3
202400046744,2024-05-07 19:55:00,2024,5,7,19,55,29,29019,rue Pierre Loti,48.382688,-4.505734,Plein jour,En agglomération,Intersection en T,Normale,Deux véhicules - côté,4,2,2,0,4,1,1,0,1,50,2,2,1,0,0,1,40.0,21.0,deux_roues,voiture,1,2,3,1,3
202400046745,2024-04-01 11:50:00,2024,4,1,11,50,84,84051,304 avenue de la république,43.863195,5.243416,Plein jour,En agglomération,Intersection en T,Normale,Autre collision,4,-1, -1,-1,1,1,1,0,1,-1,1,2,1,0,0,1,55.0,,voiture,,1,2,3,1,6
202400046745,2024-04-01 11:50:00,2024,4,1,11,50,84,84051,304 avenue de la république,43.863195,5.243416,Plein jour,En agglomération,Intersection en T,Normale,Autre collision,4,2,2,0,1,2,1,0,1,30,1,2,1,0,0,1,55.0,,voiture,,1,2,3,1,6
202400046746,2024-01-08 18:34:00,2024,1,8,18,34,95,95306,A15,49.00334779,2.16911306,Nuit sans éclairage public,Hors agglomération,Hors intersection,Normale,Deux véhicules - arrière,1,3,3,0,1,1,1,0,1,110,2,2,0,0,0,2,39.0,22.0,voiture,voiture,3,1,1,1,2
202400046747,2024-01-08 02:35:00,2024,1,8,2,35,93,93066,AUTOROUTE A1,48.9310774,2.36767071,Nuit sans éclairage public,Hors agglomération,Hors intersection,Normale,Deux véhicules - arrière,1,3,4,0,1,1,1,0,1,110,2,2,1,0,0,1,33.0,,voiture,voiture,3,1,1,1,2
202400046748,2024-03-31 23:45:00,2024,3,31,23,45,72,72078,Rue de la 2e Division Blindée (Pont),48.284849,0.174183,Nuit sans éclairage public,En agglomération,Hors intersection,Normale,Deux véhicules - frontale,3,2,2,0,2,1,1,0,1,50,2,3,0,0,0,3,35.0,,voiture,,3,2,1,1,1
202400046749,2024-01-08 18:05:00,2024,1,8,18,5,94,94018,A4,48.81928867,2.40555525,Nuit sans éclairage public,Hors agglomération,Hors intersection,Normale,Deux véhicules - arrière,1,-1,5,0,1,1,1,0,1,90,2,2,1,0,0,1,24.0,23.0,autre,deux_roues,3,1,1,1,2
202400046750,2024-03-31 23:24:00,2024,3,31,23,24,72,72316,9 Rue du Tertre,48.310783,0.398716,Nuit sans éclairage public,Hors agglomération,Autre intersection,Normale,Autre collision,3,2,1,0,1,3,1,0,1,50,1,1,0,0,1,0,29.0,,voiture,,3,1,9,1,6
202400046750,2024-03-31 23:24:00,2024,3,31,23,24,72,72316,9 Rue du Tertre,48.310783,0.398716,Nuit sans éclairage public,Hors agglomération,Autre intersection,Normale,Autre collision,3,2,2,-1,1,2,1,0,1,-1,1,1,0,0,1,0,29.0,,voiture,,3,1,9,1,6
202400046751,2024-05-07 16:30:00,2024,5,7,16,30,25,25462,ROCADE G.POMPIDOU ( DE 0 A 6),46.900152,6.338334,Plein jour,En agglomération,Hors intersection,Pluie légère,Autre collision,2,2,2,1,2,1,2,0,3,50,1,1,0,0,0,1,52.0,,utilitaire_camion,,1,2,1,2,6