accident_id,datetime,annee,mois,jour,heure,minute,departement,commune_insee,adresse,latitude,longitude,luminosite,agglomeration,intersection,meteo,collision,catr,circ,nbv,vosp,prof,plan,surf,infra,situ,vma,nb_vehicules,nb_usagers,nb_indemnes,nb_tues,nb_blesses_hosp,nb_blesses_legers,age_cond_1,age_cond_2,veh_type_cond_1,veh_type_cond_2,lum_code,agg_code,int_code,atm_code,col_code
202400046752,2024-01-07 15:15:00,2024,1,7,15,15,974,97416,RN02,-21.34869,55.50199,Plein jour,Hors agglomération,Hors intersection,Normale,Deux véhicules - frontale,2,2,2,0,1,1,1,0,1,90,2,7,0,1,0,6,42.0,60.0,voiture,voiture,1,1,1,1,1
202400046753,2024-05-05 05:30:00,2024,5,5,5,30,22,22187,EUROPE (Rdp de l'),48.5338,-2.75952,Nuit avec éclairage allumé,En agglomération,Hors intersection,Normale,Autre collision,4,2,2,0,1,2,1,0,1,50,1,2,1,0,0,1,,,voiture,,5,2,1,1,6
202400046754,2024-04-01 10:30:00,2024,4,1,10,30,06,06059,2245 Avenue du Maréchal de Lattre de Tassigny,43.727987,7.381761,Plein jour,Hors agglomération,Hors intersection,Normale,Deux véhicules - frontale,7,2,2,0,2,1,1,8,1,30,2,2,1,0,1,0,28.0,28.0,deux_roues,deux_roues,1,1,1,1,1
202400046755,2024-05-07 15:01:00,2024,5,7,15,1,19,19031,Route De Meyssac,45.13295022,1.5524762,Plein jour,Hors agglomération,Hors intersection,Pluie légère,Autre collision,3,2,2,0,1,2,2,0,1,90,1,1,0,0,0,1,91.0,,voiture,,1,1,1,2,6
202400046756,2024-01-06 17:10:00,2024,1,6,17,10,974,97416,RN1,-21.30251,55.426,Plein jour,Hors agglomération,Hors intersection,Normale,Deux véhicules - arrière,2,3,4,0,1,1,1,0,1,110,2,2,1,0,0,1,50.0,33.0,voiture,deux_roues,1,1,1,1,2
202400046757,2024-03-29 12:50:00,2024,3,29,12,50,90,90027,Rue de Réchésy,47.5003,7.083982,Plein jour,Hors agglomération,Hors intersection,Normale,Sans collision,4,2,2,0,1,2,1,0,3,80,1,2,0,0,1,1,27.0,,deux_roues,,1,1,1,1,7
202400046758,2024-05-05 21:50:00,2024,5,5,21,50,15,15014,Rue de l'Egalité,44.934658,2.439961,Nuit avec éclairage allumé,En agglomération,Hors intersection,Pluie forte,Autre collision,4,2,2,0,2,3,2,0,1,30,1,1,0,0,0,1,31.0,,voiture,,5,2,1,3,6
202400046759,2024-01-07 18:30:00,2024,1,7,18,30,974,97411,LANCASTEL (BOULEVARD),-20.87368,55.45253,Nuit avec éclairage allumé,En agglomération,Intersection en X,Normale,Sans collision,2,2,0,0,1,1,1,0,1,50,1,2,1,0,0,1,21.0,,deux_roues,,5,2,2,1,7
202400046759,2024-01-07 18:30:00,2024,1,7,18,30,974,97411,LANCASTEL (BOULEVARD),-20.87368,55.45253,Nuit avec éclairage allumé,En agglomération,Intersection en X,Normale,Sans collision,2,1,0,0,1,1,1,0,1,50,1,2,1,0,0,1,21.0,,deux_roues,,5,2,2,1,7
202400046760,2024-03-31 13:15:00,2024,3,31,13,15,90,90012,D419,47.651975,6.95087,Plein jour,Hors agglomération,Hors intersection,Normale,Sans collision,3,2,2,0,2,1,1,0,3,70,1,2,1,0,0,1,53.0,,voiture,,1,1,1,1,7
202400046761,2024-05-07 13:25:00,2024,5,7,13,25,13,13117,CD20 E,43.42323,5.24107,Plein jour,En agglomération,Intersection en X,Normale,Deux véhicules - côté,3,1,1,0,1,1,1,0,1,70,2,3,1,0,0,2,24.0,45.0,voiture,voiture,1,2,2,1,3
202400046761,2024-05-07 13:25:00,2024,5,7,13,25,13,13117,CD20 E,43.42323,5.24107,Plein jour,En agglomération,Intersection en X,Normale,Deux véhicules - côté,3,2,1,0,1,1,1,0,1,50,2,3,1,0,0,2,24.0,45.0,voiture,voiture,1,2,2,1,3
202400046762,2024-01-07 06:50:00,2024,1,7,6,50,973,97302,MADELEINE (ROUTE DE LA),4.91303931,-52.32085615,Crépuscule ou aube,En agglomération,Hors intersection,Normale,Deux véhicules - frontale,3,2,2,0,1,1,1,0,1,50,2,2,1,0,0,1,47.0,41.0,voiture,deux_roues,2,2,1,1,1
202400046763,2024-04-01 01:00:00,2024,4,1,1,0,64,64316,QUARTIER ARBIDE,43.017388,-0.9477,Nuit sans éclairage public,Hors agglomération,Hors intersection,Normale,Sans collision,4,2,2,0,2,4,2,0,8,50,1,3,0,0,1,2,46.0,,voiture,,3,1,1,1,7
202400046764,2024-01-06 12:25:00,2024,1,6,12,25,973,97302,LEBLOND (ROND POINT),4.921,-52.33042,Plein jour,Hors agglomération,Giratoire,Normale,Deux véhicules - côté,2,4,2,0,1,3,1,0,1,50,2,2,1,0,0,1,26.0,20.0,voiture,deux_roues,1,1,6,1,3
202400046765,2024-05-07 10:25:00,2024,5,7,10,25,13,13103,ROUTE DE JEAN MOULIN-RN 538,43.6601,5.09651,Plein jour,Hors agglomération,Hors intersection,Normale,Deux véhicules - côté,3,2,2,0,1,1,1,0,1,80,2,2,1,0,0,1,36.0,29.0,deux_roues,voiture,1,1,1,1,3
202400046766,2024-01-07 21:55:00,2024,1,7,21,55,69,69386,Rue Garibaldi,45.76853,4.85054,Nuit avec éclairage allumé,En agglomération,Intersection en X,Normale,Deux véhicules - côté,4,1,1,2,1,1,1,0,1,30,2,2,1,0,0,1,20.0,30.0,deux_roues,voiture,5,2,2,1,3
202400046766,2024-01-07 21:55:00,2024,1,7,21,55,69,69386,Rue Garibaldi,45.76853,4.85054,Nuit avec éclairage allumé,En agglomération,Intersection en X,Normale,Deux véhicules - côté,4,1,2,3,1,1,1,0,1,50,2,2,1,0,0,1,20.0,30.0,deux_roues,voiture,5,2,2,1,3
202400046767,2024-05-07 17:50:00,2024,5,7,17,50,13,13212,LA FOURRAGERE (AVENUE),43.30057501,5.43089224,Plein jour,En agglomération,Hors intersection,Normale,Deux véhicules - côté,4,2,2,0,1,1,1,0,1,50,2,2,1,0,0,1,30.0,,voiture,deux_roues,1,2,1,1,3
202400046768,2024-01-07 15:25:00,2024,1,7,15,25,69,69388,Rue Saint Nestor,45.74353623,4.86486539,Plein jour,En agglomération,Hors intersection,Normale,Deux véhicules - côté,4,1,1,0,1,1,1,0,1,30,2,2,1,0,0,1,32.0,29.0,voiture,deux_roues,1,2,1,1,3
202400046769,2024-04-01 15:30:00,2024,4,1,15,30,16,16395,RD 66,45.7293982,-0.1047617,Plein jour,Hors agglomération,Hors intersection,Normale,Deux véhicules - frontale,3,2,2,0,1,1,2,0,1,80,2,2,0,0,0,2,30.0,29.0,voiture,voiture,1,1,1,1,1
202400046770,2024-05-06 14:15:00,2024,5,6,14,15,11,11262,21 Avenue de Bordeaux,43.182027,2.988902,Plein jour,En agglomération,Hors intersection,Normale,Autre collision,4,2,2,0,4,1,1,2,1,50,1,2,1,0,0,1,75.0,,voiture,,1,2,1,1,6
202400046771,2024-01-07 16:50:00,2024,1,7,16,50,69,69388,Rue Paul Cazeneuve,45.73861,4.86627,Crépuscule ou aube,En agglomération,Hors intersection,Normale,Deux véhicules - côté,4,1,2,3,1,1,1,0,1,30,2,2,1,0,0,1,53.0,43.0,voiture,deux_roues,2,2,1,1,3
202400046772,2024-05-07 10:34:00,2024,5,7,10,34,08,08105,77 Rue Ferroul,49.74401,4.72219,Plein jour,En agglomération,Hors intersection,Normale,Autre collision,4,-1,0,0,1,1,1,0,8,50,1,2,1,0,0,1,28.0,,voiture,,1,2,1,1,6
202400046773,2024-03-31 21:20:00,2024,3,31,21,20,85,85187,D8,46.7064351,-0.824362,Nuit sans éclairage public,Hors agglomération,Hors intersection,Normale,Deux véhicules - arrière,3,2,2,0,1,1,1,0,1,80,2,3,1,2,0,0,28.0,20.0,voiture,deux_roues,3,1,1,1,2
202400046774,2024-01-07 15:55:00,2024,1,7,15,55,972,97213,ROUTE DEPARTEMENTALE 15,14.62448,-61.00667,Plein jour,Hors agglomération,Hors intersection,Normale,Autre collision,3,2,2,0,2,1,1,0,8,50,1,1,0,0,0,1,34.0,,deux_roues,,1,1,1,1,6
202400046775,2024-05-07 14:15:00,2024,5,7,14,15,06,06123,1069 Avenue Pierre et Marie Curie,43.69145,7.18546,Plein jour,En agglomération,Hors intersection,Normale,Deux véhicules - côté,7,2,2,0,1,1,1,0,1,50,2,2,1,0,0,1,49.0,54.0,utilitaire_camion,deux_roues,1,2,1,1,3
202400046776,2024-03-30 16:10:00,2024,3,30,16,10,38,38193,Boulevard de l'Arbonnas,45.62312236,5.22584304,Plein jour,En agglomération,Autre intersection,Temps couvert,Autre collision,4,2,2,0,1,1,2,0,1,50,1,2,1,0,1,0,42.0,,voiture,,1,2,9,8,6
202400046777,2024-01-07 03:20:00,2024,1,7,3,20,972,97213,AUTOROUTE A1,14.61798,-61.01938,Nuit sans éclairage public,Hors agglomération,Hors intersection,Normale,Deux véhicules - arrière,1,-1,6,3,1,1,1,9,1,90,2,2,1,0,0,1,59.0,37.0,voiture,voiture,3,1,1,1,2
202400046778,2024-04-01 12:48:00,2024,4,1,12,48,34,34153,Route de Saint Gely,43.723901,3.812991,Plein jour,En agglomération,Hors intersection,Normale,Sans collision,3,3,2,0,1,1,1,0,3,50,1,1,0,1,0,0,17.0,,deux_roues,,1,2,1,1,7
202400046779,2024-05-07 22:17:00,2024,5,7,22,17,06,06004,Route du Bord de Mer,43.60524,7.12553,Nuit sans éclairage public,Hors agglomération,Hors intersection,Vent fort / tempête,Deux véhicules - arrière,3,2,2,0,1,1,1,0,1,50,2,2,1,0,1,0,29.0,44.0,utilitaire_camion,deux_roues,3,1,1,6,2
202400046780,2024-01-07 15:25:00,2024,1,7,15,25,2B,2B033,11 - RT,42.67109,9.44289,Plein jour,En agglomération,Giratoire,Pluie légère,Autre collision,3,3,4,0,1,2,2,5,1,50,1,1,0,0,0,1,67.0,,voiture,,1,2,6,2,6
202400046780,2024-01-07 15:25:00,2024,1,7,15,25,2B,2B033,11 - RT,42.67109,9.44289,Plein jour,En agglomération,Giratoire,Pluie légère,Autre collision,3,2,2,0,4,3,2,5,1,50,1,1,0,0,0,1,67.0,,voiture,,1,2,6,2,6
202400046781,2024-05-07 14:20:00,2024,5,7,14,20,04,04112,SAVELS (AV. DES),43.82449,5.78089,Plein jour,En agglomération,Hors intersection,Normale,Deux véhicules - côté,4,2,2,0,1,3,1,0,1,50,2,2,0,0,0,2,72.0,23.0,voiture,deux_roues,1,2,1,1,3
202400046782,2024-03-31 12:15:00,2024,3,31,12,15,976,97602,Route nationale 1,-12.707204,45.122867,Plein jour,En agglomération,Hors intersection,Normale,Deux véhicules - arrière,2,2,2,0,1,1,1,9,1,50,2,2,0,0,1,1,38.0,53.0,voiture,utilitaire_camion,1,2,1,1,2
202400046783,2024-01-06 05:30:00,2024,1,6,5,30,971,97101,LE RAIZET(SECTEUR),16.25783,-61.53227,Crépuscule ou aube,Hors agglomération,Hors intersection,Normale,Sans collision,4,2,2,0,2,3,1,2,1,50,1,2,0,0,2,0,29.0,,deux_roues,,2,1,1,1,7
202400046784,2024-05-07 14:10:00,2024,5,7,14,10,75,75120,BD PERIPHERIQUE INTERIEUR,48.847428,2.41456,Plein jour,En agglomération,Hors intersection,Normale,Deux véhicules - côté,4,-1,4,0,1,1,1,0,1,70,2,2,1,0,0,1,58.0,64.0,voiture,utilitaire_camion,1,2,1,1,3
202400046785,2024-05-07 09:40:00,2024,5,7,9,40,75,75120,BD PERIPHERIQUE INTERIEUR,48.85993,2.413982,Plein jour,En agglomération,Hors intersection,Normale,Deux véhicules - côté,4,1,4,0,1,1,1,0,1,70,2,2,1,0,0,1,56.0,37.0,deux_roues,voiture,1,2,1,1,3
202400046786,2024-01-07 20:54:00,2024,1,7,20,54,91,91339,ORLEANS (ROUTE D'),48.6205,2.25915,Nuit sans éclairage public,Hors agglomération,Hors intersection,Pluie légère,Trois véhicules et plus - en chaîne,3,1,0,0,1,1,2,0,1,70,4,5,4,0,1,0,35.0,53.0,voiture,voiture,3,1,1,2,4
202400046787,2024-05-07 07:40:00,2024,5,7,7,40,75,75118,BD PERIPHERIQUE EXTERIEUR,48.900909,2.337168,Plein jour,En agglomération,Hors intersection,Normale,Deux véhicules - côté,4,1,4,0,1,1,1,0,1,70,2,2,1,0,0,1,38.0,67.0,deux_roues,voiture,1,2,1,1,3
202400046788,2024-01-05 16:10:00,2024,1,5,16,10,90,90099,EHRET (RUE),47.67862,6.84978,Plein jour,En agglomération,Autre intersection,Normale,Deux véhicules - côté,4,-1,2,0,1,1,2,0,1,50,2,2,0,0,1,1,62.0,19.0,transport_commun,deux_roues,1,2,9,1,3
202400046789,2024-03-31 00:36:00,2024,3,31,0,36,971,97114,route nationale 1,16.131087,-61.579914,Nuit sans éclairage public,Hors agglomération,Hors intersection,Normale,Trois véhicules et plus - en chaîne,2,2,3,0,1,1,1,0,1,80,5,8,5,0,3,0,55.0,44.0,voiture,voiture,3,1,1,1,4
202400046790,2024-05-06 18:10:00,2024,5,6,18,10,75,75120,BD PERIPHERIQUE EXTERIEUR,48.859012,2.41433,Plein jour,En agglomération,Hors intersection,Normale,Deux véhicules - côté,4,1,5,0,1,1,1,0,1,70,2,2,1,0,0,1,38.0,24.0,deux_roues,voiture,1,2,1,1,3
202400046791,2024-05-07 10:15:00,2024,5,7,10,15,75,75106,RUE DE RENNES,48.849633,2.329333,Plein jour,En agglomération,Hors intersection,Normale,Deux véhicules - côté,4,2,3,3,1,1,1,0,1,30,2,2,1,0,0,1,25.0,48.0,deux_roues,utilitaire_camion,1,2,1,1,3
202400046792,2024-01-07 00:25:00,2024,1,7,0,25,77,77114,D1004,48.7403,2.69451,Nuit sans éclairage public,Hors agglomération,Hors intersection,Normale,Deux véhicules - arrière,3,1,0,0,1,1,2,0,1,90,2,2,1,0,1,0,27.0,22.0,voiture,voiture,3,1,1,1,2
202400046793,2024-01-07 20:10:00,2024,1,7,20,10,76,76157,Rue du Canal,49.45754,1.04421,Nuit avec éclairage allumé,En agglomération,Intersection en Y,Normale,Autre collision,7,2,2,0,1,3,1,0,1,50,1,2,1,0,0,1,64.0,,voiture,,5,2,4,1,6
202400046793,2024-01-07 20:10:00,2024,1,7,20,10,76,76157,Rue du Canal,49.45754,1.04421,Nuit avec éclairage allumé,En agglomération,Intersection en Y,Normale,Autre collision,7,1,1,0,1,1,1,0,1,50,1,2,1,0,0,1,64.0,,voiture,,5,2,4,1,6
202400046794,2024-05-07 18:20:00,2024,5,7,18,20,75,75120,RUE DES PYRENEES,48.853959,2.40573,Plein jour,En agglomération,Intersection en T,Normale,Trois véhicules et plus - collisions multiples,4,1, -1,-1,1,1,1,0,1,30,4,5,4,0,0,1,41.0,35.0,utilitaire_camion,voiture,1,2,3,1,5
202400046794,2024-05-07 18:20:00,2024,5,7,18,20,75,75120,RUE DES PYRENEES,48.853959,2.40573,Plein jour,En agglomération,Intersection en T,Normale,Trois véhicules et plus - collisions multiples,4,2,3,3,1,1,1,0,1,30,4,5,4,0,0,1,41.0,35.0,utilitaire_camion,voiture,1,2,3,1,5
202400046795,2024-03-31 14:52:00,2024,3,31,14,52,972,97224,Quartier Choco,14.668719,-61.020888,Plein jour,Hors agglomération,Hors intersection,Normale,Deux véhicules - arrière,3,2,2,0,2,1,1,0,1,-1,2,5,4,0,0,1,33.0,32.0,voiture,voiture,1,1,1,1,2
202400046796,2024-05-07 17:40:00,2024,5,7,17,40,75,75117,BOULEVARD PEREIRE,48.878544,2.285026,Plein jour,En agglomération,Hors intersection,Normale,Autre collision,4,1,1,0,1,1,1,0,1,30,1,1,0,0,0,1,23.0,,deux_roues,,1,2,1,1,6
202400046797,2024-01-07 06:45:00,2024,1,7,6,45,76,76540,Rue du Mail,49.42916,1.09192,Nuit avec éclairage allumé,En agglomération,Intersection en X,Pluie légère,Deux véhicules - côté,4,1,1,0,1,1,2,-1,1,30,2,5,1,0,0,4,,47.0,voiture,voiture,5,2,2,2,3
202400046797,2024-01-07 06:45:00,2024,1,7,6,45,76,76540,Rue du Mail,49.42916,1.09192,Nuit avec éclairage allumé,En agglomération,Intersection en X,Pluie légère,Deux véhicules - côté,4,2,2,0,1,1,2,0,1,30,2,5,1,0,0,4,,47.0,voiture,voiture,5,2,2,2,3
202400046798,2024-05-07 18:15:00,2024,5,7,18,15,75,75115,RUE DE LA CONVENTION,48.840795,2.288529,Plein jour,En agglomération,Intersection en T,Normale,Deux véhicules - arrière,4,2,2,0,1,1,1,0,1,30,2,2,1,0,0,1,25.0,,deux_roues,deux_roues,1,2,3,1,2
202400046798,2024-05-07 18:15:00,2024,5,7,18,15,75,75115,RUE DE LA CONVENTION,48.840795,2.288529,Plein jour,En agglomération,Intersection en T,Normale,Deux véhicules - arrière,4,1,1,0,1,1,1,0,1,30,2,2,1,0,0,1,25.0,,deux_roues,deux_roues,1,2,3,1,2
202400046799,2024-01-06 09:35:00,2024,1,6,9,35,70,70207,Avenue Pasteur,47.59879,6.1406,Plein jour,En agglomération,Intersection en Y,Normale,Deux véhicules - côté,2,2, -1,-1,2,3,1,5,1,30,2,2,0,0,0,2,74.0,19.0,voiture,voiture,1,2,4,1,3
202400046799,2024-01-06 09:35:00,2024,1,6,9,35,70,70207,Avenue Pasteur,47.59879,6.1406,Plein jour,En agglomération,Intersection en Y,Normale,Deux véhicules - côté,2,-1,2,0,2,1,1,5,1,50,2,2,0,0,0,2,74.0,19.0,voiture,voiture,1,2,4,1,3
202400046800,2024-03-28 09:00:00,2024,3,28,9,0,28,28247,la Chapelainerie,48.886759,1.518366,Plein jour,Hors agglomération,Hors intersection,Normale,Deux véhicules - arrière,3,2,2,0,1,1,1,0,1,80,2,3,1,0,1,1,32.0,43.0,voiture,voiture,1,1,1,1,2
202400046801,2024-05-06 14:45:00,2024,5,6,14,45,75,75114,PLACE DENFERT ROCHEREAU,48.83471,2.33126,Plein jour,En agglomération,Intersection en T,Normale,Deux véhicules - côté,4,2,4,0,1,1,9,0,1,30,2,2,1,0,0,1,57.0,38.0,utilitaire_camion,deux_roues,1,2,3,1,3
202400046801,2024-05-06 14:45:00,2024,5,6,14,45,75,75114,PLACE DENFERT ROCHEREAU,48.83471,2.33126,Plein jour,En agglomération,Intersection en T,Normale,Deux véhicules - côté,4,2,1,2,1,1,9,0,1,30,2,2,1,0,0,1,57.0,38.0,utilitaire_camion,deux_roues,1,2,3,1,3
202400046802,2024-01-07 19:15:00,2024,1,7,19,15,69,69290,Boulevard de la Porte des Alpes,45.71692,4.92812,Nuit avec éclairage allumé,En agglomération,Intersection en X,Pluie légère,Deux véhicules - côté,4,2,4,0,1,1,2,0,1,50,2,2,0,0,0,2,35.0,46.0,voiture,utilitaire_camion,5,2,2,2,3
202400046802,2024-01-07 19:15:00,2024,1,7,19,15,69,69290,Boulevard de la Porte des Alpes,45.71692,4.92812,Nuit avec éclairage allumé,En agglomération,Intersection en X,Pluie légère,Deux véhicules - côté,4,2,2,2,1,1,2,0,1,50,2,2,0,0,0,2,35.0,46.0,voiture,utilitaire_camion,5,2,2,2,3
202400046803,2024-04-01 14:20:00,2024,4,1,14,20,2A,2A041,D58 - Rte de Santa manza,41.39090705,9.22014332,Plein jour,Hors agglomération,Hors intersection,Normale,Deux véhicules - frontale,3,2,2,0,1,3,1,0,1,80,2,2,1,0,1,0,44.0,23.0,voiture,deux_roues,1,1,1,1,1
202400046804,2024-01-07 17:25:00,2024,1,7,17,25,59,59359,,51.000446,2.226476,Nuit sans éclairage public,Hors agglomération,Hors intersection,Temps couvert,Sans collision,3,1,2,0,1,3,2,0,8,90,1,1,0,0,1,0,20.0,,voiture,,3,1,1,8,7
202400046805,2024-05-07 16:45:00,2024,5,7,16,45,75,75111,AVENUE DE TAILLEBOURG,48.85033,2.39856,Plein jour,En agglomération,Intersection en X,Normale,Deux véhicules - côté,4,2,2,1,1,1,1,0,5,30,2,2,1,0,0,1,45.0,47.0,utilitaire_camion,deux_roues,1,2,2,1,3
202400046805,2024-05-07 16:45:00,2024,5,7,16,45,75,75111,AVENUE DE TAILLEBOURG,48.85033,2.39856,Plein jour,En agglomération,Intersection en X,Normale,Deux véhicules - côté,4,3,4,1,1,1,1,0,5,30,2,2,1,0,0,1,45.0,47.0,utilitaire_camion,deux_roues,1,2,2,1,3
202400046806,2024-05-07 11:30:00,2024,5,7,11,30,75,75109,BOULEVARD DE CLICHY,48.884114,2.330815,Plein jour,En agglomération,Intersection en T,Normale,Autre collision,4,1,2,3,1,1,1,0,1,30,1,2,1,0,0,1,60.0,,utilitaire_camion,,1,2,3,1,6
202400046806,2024-05-07 11:30:00,2024,5,7,11,30,75,75109,BOULEVARD DE CLICHY,48.884114,2.330815,Plein jour,En agglomération,Intersection en T,Normale,Autre collision,4,1, -1,0,1,1,1,0,1,30,1,2,1,0,0,1,60.0,,utilitaire_camion,,1,2,3,1,6
202400046807,2024-01-07 12:30:00,2024,1,7,12,30,53,53130,NANTES ( RUE DE ),48.07025,-0.78074,Plein jour,En agglomération,Hors intersection,Normale,Deux véhicules - frontale,4,2,1,1,1,1,1,0,1,50,2,3,2,0,1,0,35.0,50.0,voiture,deux_roues,1,2,1,1,1
202400046808,2024-04-01 17:50:00,2024,4,1,17,50,65,65123,RD935,43.022047,0.172927,Plein jour,Hors agglomération,Hors intersection,Normale,Trois véhicules et plus - collisions multiples,3,3,2,0,1,1,1,0,1,80,3,4,2,0,0,2,,22.0,voiture,voiture,1,1,1,1,5
202400046809,2024-03-30 05:30:00,2024,3,30,5,30,33,33384,,44.906788,-0.129551,Crépuscule ou aube,Hors agglomération,Hors intersection,Temps couvert,Autre collision,4,2,2,0,1,2,2,0,1,80,1,1,0,0,1,0,53.0,,voiture,,2,1,1,8,6
202400046810,2024-01-07 22:00:00,2024,1,7,22,0,49,49007,CARNOT,47.47395,-0.54583,Nuit avec éclairage allumé,En agglomération,Hors intersection,Normale,Autre collision,4,3,5,2,1,1,2,0,1,50,1,2,1,0,1,0,20.0,,voiture,,5,2,1,1,6
202400046811,2024-05-07 15:27:00,2024,5,7,15,27,75,75103,RUE DES QUATRE FILS,48.85994,2.360754,Plein jour,En agglomération,Intersection en X,Normale,Autre collision,4,1,1,0,1,1,1,6,6,30,1,2,1,1,0,0,68.0,,deux_roues,,1,2,2,1,6
202400046811,2024-05-07 15:27:00,2024,5,7,15,27,75,75103,RUE DES QUATRE FILS,48.85994,2.360754,Plein jour,En agglomération,Intersection en X,Normale,Autre collision,4,1,1,0,1,1,1,0,1,30,1,2,1,1,0,0,68.0,,deux_roues,,1,2,2,1,6
202400046812,2024-05-06 16:10:00,2024,5,6,16,10,75,75102,BOULEVARD DE SEBASTOPOL,48.867053,2.352927,Plein jour,En agglomération,Intersection en X,Normale,Autre collision,4,1,5,1,1,1,1,0,1,30,1,2,1,0,0,1,26.0,,deux_roues,,1,2,2,1,6
202400046812,2024-05-06 16:10:00,2024,5,6,16,10,75,75102,BOULEVARD DE SEBASTOPOL,48.867053,2.352927,Plein jour,En agglomération,Intersection en X,Normale,Autre collision,4,-1,1,3,1,1,1,0,1,30,1,2,1,0,0,1,26.0,,deux_roues,,1,2,2,1,6
202400046813,2024-01-07 16:15:00,2024,1,7,16,15,45,45234,D2020 PR 38 + 5110,47.88553848,1.89715764,Plein jour,En agglomération,Intersection en X,Normale,Deux véhicules - côté,7,2,2,-1,1,1,1,5,1,50,2,3,1,0,0,2,28.0,60.0,voiture,voiture,1,2,2,1,3
202400046813,2024-01-07 16:15:00,2024,1,7,16,15,45,45234,D2020 PR 38 + 5110,47.88553848,1.89715764,Plein jour,En agglomération,Intersection en X,Normale,Deux véhicules - côté,7,2,5,0,1,1,1,5,1,50,2,3,1,0,0,2,28.0,60.0,voiture,voiture,1,2,2,1,3
202400046814,2024-03-14 10:55:00,2024,3,14,10,55,22,22176,Les Landes,48.456893,-2.754253,Plein jour,Hors agglomération,Hors intersection,Normale,Trois véhicules et plus - en chaîne,3,2,2,0,2,1,1,0,1,80,3,4,3,0,1,0,68.0,64.0,voiture,voiture,1,1,1,1,4
202400046815,2024-01-07 18:00:00,2024,1,7,18,0,44,44184,31 Boulevard Emile Zola,47.29939,-2.192,Nuit avec éclairage allumé,En agglomération,Intersection en Y,Normale,Deux véhicules - frontale,4,2,2,0,1,1,1,5,1,50,2,3,2,0,1,0,16.0,73.0,deux_roues,voiture,5,2,4,1,1
202400046815,2024-01-07 18:00:00,2024,1,7,18,0,44,44184,31 Boulevard Emile Zola,47.29939,-2.192,Nuit avec éclairage allumé,En agglomération,Intersection en Y,Normale,Deux véhicules - frontale,4,2,2,0,1,1,1,0,1,50,2,3,2,0,1,0,16.0,73.0,deux_roues,voiture,5,2,4,1,1
202400046816,2024-03-30 17:15:00,2024,3,30,17,15,59,59221,Rue de Maing,50.314072,3.513426,Plein jour,Hors agglomération,Giratoire,Normale,Sans collision,3,2,1,0,1,1,1,0,1,70,1,2,1,0,1,0,17.0,,deux_roues,,1,1,6,1,7
202400046817,2024-05-06 12:40:00,2024,5,6,12,40,75,75103,RUE BEAUBOURG,48.864806,2.355446,Plein jour,En agglomération,Intersection en X,Normale,Deux véhicules - frontale,4,1,1,3,1,1,1,0,8,30,2,2,1,0,0,1,30.0,61.0,utilitaire_camion,deux_roues,1,2,2,1,1
202400046817,2024-05-06 12:40:00,2024,5,6,12,40,75,75103,RUE BEAUBOURG,48.864806,2.355446,Plein jour,En agglomération,Intersection en X,Normale,Deux véhicules - frontale,4,1,2,3,1,1,1,9,6,30,2,2,1,0,0,1,30.0,61.0,utilitaire_camion,deux_roues,1,2,2,1,1
202400046818,2024-01-07 13:40:00,2024,1,7,13,40,38,38185,RUE JULES FLANDRIN,45.18765,5.74539,Plein jour,En agglomération,Hors intersection,Pluie légère,Deux véhicules - côté,4,3,2,2,1,1,2,9,1,50,2,3,2,0,1,0,50.0,19.0,voiture,deux_roues,1,2,1,2,3
202400046819,2024-05-06 09:48:00,2024,5,6,9,48,94,94068,Quai du Petit Parc / Avenue Francis Berthier,48.81191,2.48725,Plein jour,En agglomération,Intersection en T,Normale,Deux véhicules - côté,4,2,2,0,1,1,1,0,1,-1,2,2,1,0,1,0,75.0,29.0,voiture,deux_roues,1,2,3,1,3
202400046819,2024-05-06 09:48:00,2024,5,6,9,48,94,94068,Quai du Petit Parc / Avenue Francis Berthier,48.81191,2.48725,Plein jour,En agglomération,Intersection en T,Normale,Deux véhicules - côté,4,1,1,0,1,1,1,0,1,30,2,2,1,0,1,0,75.0,29.0,voiture,deux_roues,1,2,3,1,3
202400046820,2024-01-07 00:20:00,2024,1,7,0,20,38,38185,AMPERE (RUE ),45.18743,5.70584,Nuit avec éclairage allumé,En agglomération,Hors intersection,Pluie légère,Deux véhicules - frontale,4,2,2,1,1,1,2,0,1,30,2,3,1,0,0,2,50.0,20.0,transport_commun,voiture,5,2,1,2,1
202400046821,2024-05-07 09:35:00,2024,5,7,9,35,94,94042,Boulevard du Maréchal Leclerc / Rue de la Liberté,48.81524,2.467869,Plein jour,En agglomération,Intersection en T,Normale,Deux véhicules - côté,3,3,2,2,1,1,1,0,5,50,2,2,1,0,0,1,48.0,29.0,deux_roues,voiture,1,2,3,1,3
202400046821,2024-05-07 09:35:00,2024,5,7,9,35,94,94042,Boulevard du Maréchal Leclerc / Rue de la Liberté,48.81524,2.467869,Plein jour,En agglomération,Intersection en T,Normale,Deux véhicules - côté,3,1,1,0,1,1,1,0,5,30,2,2,1,0,0,1,48.0,29.0,deux_roues,voiture,1,2,3,1,3
202400046822,2024-01-05 19:15:00,2024,1,5,19,15,30,30007,Avenue Carnot,44.12133,4.08437,Nuit avec éclairage allumé,En agglomération,Hors intersection,Normale,Sans collision,4,2,2,0,1,1,1,0,1,30,1,2,1,0,0,1,33.0,,voiture,,5,2,1,1,7
202400046823,2024-05-06 09:00:00,2024,5,6,9,0,94,94058,Quai de Champagne,48.84008,2.51232,Plein jour,En agglomération,Hors intersection,Normale,Deux véhicules - frontale,4,1,1,2,1,1,1,0,1,50,2,2,1,0,0,1,51.0,42.0,utilitaire_camion,deux_roues,1,2,1,1,1