accident_id,datetime,annee,mois,jour,heure,minute,departement,commune_insee,adresse,latitude,longitude,luminosite,agglomeration,intersection,meteo,collision,catr,circ,nbv,vosp,prof,plan,surf,infra,situ,vma,nb_vehicules,nb_usagers,nb_indemnes,nb_tues,nb_blesses_hosp,nb_blesses_legers,age_cond_1,age_cond_2,veh_type_cond_1,veh_type_cond_2,lum_code,agg_code,int_code,atm_code,col_code
202400046824,2024-01-06 15:30:00,2024,1,6,15,30,30,30007,FAUBOURG D'AUVERGNE (RUE DU),44.12699,4.07778,Plein jour,En agglomération,Hors intersection,Normale,Deux véhicules - côté,4,2,2,0,1,1,1,0,1,50,2,2,0,0,0,2,25.0,24.0,voiture,voiture,1,2,1,1,3
202400046825,2024-03-31 17:10:00,2024,3,31,17,10,13,13215,A7-Sens Lyon vers Marseille,43.38181453,5.3519974,Plein jour,Hors agglomération,Hors intersection,Temps couvert,Deux véhicules - arrière,1,-1,3,0,2,1,2,0,1,90,3,5,4,0,0,1,34.0,45.0,voiture,utilitaire_camion,1,1,1,8,2
202400046826,2024-01-07 06:50:00,2024,1,7,6,50,26,26198,Route de Sauzet,44.56481,4.7697,Nuit sans éclairage public,Hors agglomération,Hors intersection,Normale,Deux véhicules - arrière,3,2,2,0,1,1,1,0,1,70,2,2,0,0,0,2,60.0,49.0,voiture,voiture,3,1,1,1,2
202400046827,2024-05-07 10:20:00,2024,5,7,10,20,94,94076,112 Rue Jean Jaurès,48.789682,2.366892,Plein jour,En agglomération,Hors intersection,Normale,Deux véhicules - côté,3,3,2,0,1,1,1,0,1,30,2,2,1,0,0,1,39.0,51.0,deux_roues,voiture,1,2,1,1,3
202400046828,2024-01-07 19:00:00,2024,1,7,19,0,25,25056,CAUSSES RUE DES,47.21765,5.96609,Nuit avec éclairage allumé,En agglomération,Hors intersection,Normale,Autre collision,4,2,2,0,1,1,1,0,1,50,1,2,1,0,0,1,61.0,,voiture,,5,2,1,1,6
202400046829,2024-03-31 03:47:00,2024,3,31,3,47,13,13210,Tunnel Prado Carénage,43.28201716,5.39392667,Nuit avec éclairage allumé,Hors agglomération,Hors intersection,Pluie légère,Deux véhicules - arrière,1,1,2,0,1,1,2,1,1,60,2,3,2,0,0,1,22.0,26.0,voiture,voiture,5,1,1,2,2
202400046830,2024-01-07 05:07:00,2024,1,7,5,7,17,17306,GLACIERE (CHEMIN),45.64058,-1.04519,Nuit sans éclairage public,En agglomération,Hors intersection,Normale,Autre collision,4,1,1,0,2,1,1,0,1,30,1,1,0,0,0,1,41.0,,voiture,,3,2,1,1,6
202400046831,2024-05-06 06:15:00,2024,5,6,6,15,94,94016,170 Rue Gabriel Péri,48.78907311,2.3431436,Crépuscule ou aube,En agglomération,Hors intersection,Normale,Autre collision,3,3,2,0,1,3,1,0,1,50,1,1,0,0,0,1,40.0,,voiture,,2,2,1,1,6
202400046832,2024-01-05 16:25:00,2024,1,5,16,25,15,15014,Place du Square,44.92808,2.44464,Plein jour,En agglomération,Intersection en X,Temps couvert,Deux véhicules - côté,4,2,2,0,1,2,2,0,1,30,2,2,1,0,0,1,20.0,15.0,voiture,deux_roues,1,2,2,8,3
202400046832,2024-01-05 16:25:00,2024,1,5,16,25,15,15014,Place du Square,44.92808,2.44464,Plein jour,En agglomération,Intersection en X,Temps couvert,Deux véhicules - côté,4,1,1,3,1,1,2,9,1,20,2,2,1,0,0,1,20.0,15.0,voiture,deux_roues,1,2,2,8,3
202400046833,2024-03-30 14:00:00,2024,3,30,14,0,13,13211,A50-Sens Marseille vers Aubagne,43.294659,5.46429924,Plein jour,Hors agglomération,Hors intersection,Normale,Deux véhicules - arrière,1,3,3,0,1,1,1,0,1,90,4,5,4,0,0,1,30.0,74.0,voiture,voiture,1,1,1,1,2
202400046834,2024-05-07 19:10:00,2024,5,7,19,10,94,94069,Rue du Maréchal Leclerc,48.81602,2.45922,Plein jour,En agglomération,Hors intersection,Normale,Autre collision,3,1,2,0,1,1,1,0,1,50,1,2,1,0,0,1,57.0,,deux_roues,,1,2,1,1,6
202400046835,2024-01-07 19:00:00,2024,1,7,19,0,13,13019,CD6,43.42516925,5.38269447,Nuit avec éclairage non allumé,En agglomération,Autre intersection,Normale,Sans collision,3,1,1,0,1,1,1,0,4,50,1,2,1,0,0,1,24.0,,voiture,,4,2,9,1,7
202400046836,2024-05-03 18:20:00,2024,5,3,18,20,94,94017,Rue Pierre Curie,48.8126591,2.54567733,Plein jour,En agglomération,Hors intersection,Normale,Autre collision,4,1,1,0,1,1,1,9,1,30,1,2,1,0,1,0,39.0,,voiture,,1,2,1,1,6
202400046837,2024-03-31 17:30:00,2024,3,31,17,30,91,91037,AUTOROUTE A6,48.53635,2.4999,Plein jour,Hors agglomération,Hors intersection,Normale,Deux véhicules - arrière,1,3,3,0,1,1,1,0,1,130,2,3,2,0,0,1,,56.0,voiture,voiture,1,1,1,1,2
202400046838,2024-01-07 18:44:00,2024,1,7,18,44,13,13208,PRADO (AVENUE DU),43.26969,5.3865,Nuit avec éclairage allumé,En agglomération,Autre intersection,Normale,Autre collision,4,2,6,3,1,1,1,9,1,50,2,2,0,0,1,1,25.0,20.0,voiture,deux_roues,5,2,9,1,6
202400046839,2024-05-07 18:50:00,2024,5,7,18,50,93,93073,Avenue de la Resistance / Cours de la Republique,48.94954,2.56526,Plein jour,En agglomération,Intersection en X,Normale,Deux véhicules - côté,3,3,4,1,1,1,1,5,1,50,2,2,1,0,0,1,35.0,28.0,deux_roues,voiture,1,2,2,1,3
202400046839,2024-05-07 18:50:00,2024,5,7,18,50,93,93073,Avenue de la Resistance / Cours de la Republique,48.94954,2.56526,Plein jour,En agglomération,Intersection en X,Normale,Deux véhicules - côté,3,3,2,0,1,1,1,5,1,50,2,2,1,0,0,1,35.0,28.0,deux_roues,voiture,1,2,2,1,3
202400046840,2024-01-07 06:50:00,2024,1,7,6,50,13,13207,Corniche John Fitzgérald Kennedy,43.27528,5.36011,Nuit avec éclairage allumé,En agglomération,Hors intersection,Vent fort / tempête,Autre collision,4,2,3,0,1,4,1,0,1,50,1,2,1,0,0,1,,,voiture,,5,2,1,6,6
202400046841,2024-05-07 17:45:00,2024,5,7,17,45,93,93066,Rue Gabriel Péri / Rue Auguste Poullain,48.94065,2.35656,Plein jour,En agglomération,Intersection en T,Normale,Deux véhicules - côté,4,1,1,0,1,1,1,0,1,30,2,2,1,0,0,1,37.0,34.0,deux_roues,deux_roues,1,2,3,1,3
202400046841,2024-05-07 17:45:00,2024,5,7,17,45,93,93066,Rue Gabriel Péri / Rue Auguste Poullain,48.94065,2.35656,Plein jour,En agglomération,Intersection en T,Normale,Deux véhicules - côté,4,1,1,3,1,1,1,0,1,30,2,2,1,0,0,1,37.0,34.0,deux_roues,deux_roues,1,2,3,1,3
202400046842,2024-03-30 18:30:00,2024,3,30,18,30,93,93005,A3,48.93125801,2.48097635,Crépuscule ou aube,Hors agglomération,Hors intersection,Normale,Trois véhicules et plus - collisions multiples,1,3,3,0,1,1,1,0,1,90,4,4,3,0,0,1,62.0,36.0,voiture,voiture,2,1,1,1,5
202400046843,2024-01-07 00:20:00,2024,1,7,0,20,13,13005,RD 43 C,43.3088,5.59282,Nuit avec éclairage allumé,En agglomération,Hors intersection,Normale,Deux véhicules - frontale,3,2,2,0,1,1,1,0,1,70,2,2,1,0,0,1,35.0,21.0,voiture,voiture,5,2,1,1,1
202400046844,2024-01-07 19:15:00,2024,1,7,19,15,75,75120,RUE DES PYRENEES,48.85374,2.40595,Nuit avec éclairage allumé,En agglomération,Intersection en T,Pluie légère,Autre collision,4,1, -1,-1,1,1,2,0,1,30,1,2,1,0,0,1,67.0,,utilitaire_camion,,5,2,3,2,6
202400046844,2024-01-07 19:15:00,2024,1,7,19,15,75,75120,RUE DES PYRENEES,48.85374,2.40595,Nuit avec éclairage allumé,En agglomération,Intersection en T,Pluie légère,Autre collision,4,2,2,0,2,1,2,0,1,30,1,2,1,0,0,1,67.0,,utilitaire_camion,,5,2,3,2,6
202400046845,2024-05-07 07:30:00,2024,5,7,7,30,93,93066,Boulevard Anatole France / Route de la Révolte,48.92358,2.34829,Crépuscule ou aube,En agglomération,Intersection en T,Normale,Autre collision,3,3,3,0,2,1,1,0,1,50,1,2,1,0,1,0,,,autre,,2,2,3,1,6
202400046845,2024-05-07 07:30:00,2024,5,7,7,30,93,93066,Boulevard Anatole France / Route de la Révolte,48.92358,2.34829,Crépuscule ou aube,En agglomération,Intersection en T,Normale,Autre collision,3,2,4,0,1,1,1,5,1,50,1,2,1,0,1,0,,,autre,,2,2,3,1,6
202400046846,2024-03-30 18:40:00,2024,3,30,18,40,93,93053,A3,48.8837557,2.45953658,Plein jour,Hors agglomération,Hors intersection,Normale,Deux véhicules - arrière,1,3,3,0,2,1,1,0,1,90,2,2,1,0,0,1,23.0,32.0,voiture,deux_roues,1,1,1,1,2
202400046847,2024-01-07 09:30:00,2024,1,7,9,30,75,75116,VOIE GEORGES POMPIDOU,48.838324,2.265831,Crépuscule ou aube,En agglomération,Intersection en Y,Normale,Autre collision,4,1,1,0,1,1,1,0,1,50,1,1,0,0,0,1,22.0,,utilitaire_camion,,2,2,4,1,6
202400046847,2024-01-07 09:30:00,2024,1,7,9,30,75,75116,VOIE GEORGES POMPIDOU,48.838324,2.265831,Crépuscule ou aube,En agglomération,Intersection en Y,Normale,Autre collision,4,1,1,0,1,1,1,0,1,50,1,1,0,0,0,1,22.0,,utilitaire_camion,,2,2,4,1,6
202400046848,2024-05-07 17:30:00,2024,5,7,17,30,93,93049,Rue des 2 Communes / Rue Jean Bachelet,48.869467,2.500984,Plein jour,En agglomération,Intersection en X,Normale,Autre collision,4,2,2,0,1,1,1,0,1,-1,1,2,1,0,0,1,55.0,,voiture,,1,2,2,1,6
202400046848,2024-05-07 17:30:00,2024,5,7,17,30,93,93049,Rue des 2 Communes / Rue Jean Bachelet,48.869467,2.500984,Plein jour,En agglomération,Intersection en X,Normale,Autre collision,4,2,2,0,1,1,1,0,1,50,1,2,1,0,0,1,55.0,,voiture,,1,2,2,1,6
202400046849,2024-03-31 08:15:00,2024,3,31,8,15,95,95572,A15,49.03385066,2.10413892,Plein jour,Hors agglomération,Hors intersection,Normale,Autre collision,1,3,4,0,1,1,1,0,1,90,1,1,0,0,0,1,43.0,,voiture,,1,1,1,1,6
202400046850,2024-01-07 04:35:00,2024,1,7,4,35,75,75116,RUE FREYCINET,48.866323,2.297067,Nuit avec éclairage allumé,En agglomération,Intersection en X,Normale,Autre collision,4,1, -1,-1,1,1,1,0,1,50,1,3,0,0,0,3,23.0,,voiture,,5,2,2,1,6
202400046850,2024-01-07 04:35:00,2024,1,7,4,35,75,75116,RUE FREYCINET,48.866323,2.297067,Nuit avec éclairage allumé,En agglomération,Intersection en X,Normale,Autre collision,4,-1,1,0,2,1,1,0,1,50,1,3,0,0,0,3,23.0,,voiture,,5,2,2,1,6
202400046851,2024-05-07 20:20:00,2024,5,7,20,20,93,93055,Avenue Jean Lolive,48.89367943,2.41565019,Crépuscule ou aube,En agglomération,Hors intersection,Normale,Deux véhicules - côté,3,2,2,3,1,1,1,0,1,50,2,2,1,0,0,1,51.0,35.0,deux_roues,voiture,2,2,1,1,3
202400046852,2024-03-30 16:00:00,2024,3,30,16,0,93,93064,A86,48.87585497,2.47847672,Plein jour,Hors agglomération,Hors intersection,Normale,Deux véhicules - côté,1,3,3,0,1,1,1,0,1,90,2,2,1,0,0,1,23.0,34.0,deux_roues,voiture,1,1,1,1,3
202400046853,2024-01-07 00:05:00,2024,1,7,0,5,75,75116,PLACE DU TROCADERO ET DU 11 NOVEMBRE,48.86312084,2.28647867,Nuit avec éclairage allumé,En agglomération,Place,Pluie légère,Deux véhicules - arrière,4,2,4,0,1,1,2,0,1,30,2,2,1,0,0,1,42.0,30.0,voiture,deux_roues,5,2,7,2,2
202400046853,2024-01-07 00:05:00,2024,1,7,0,5,75,75116,PLACE DU TROCADERO ET DU 11 NOVEMBRE,48.86312084,2.28647867,Nuit avec éclairage allumé,En agglomération,Place,Pluie légère,Deux véhicules - arrière,4,1,4,0,1,2,2,0,1,30,2,2,1,0,0,1,42.0,30.0,voiture,deux_roues,5,2,7,2,2
202400046854,2024-03-30 11:00:00,2024,3,30,11,0,93,93027,A86,48.92645164,2.40208447,Plein jour,Hors agglomération,Hors intersection,Pluie légère,Autre collision,1,1,3,0,1,3,2,2,1,90,1,1,0,0,0,1,25.0,,voiture,,1,1,1,2,6
202400046855,2024-05-07 02:05:00,2024,5,7,2,5,93,93053,Rue Paul Vaillant Couturier,48.890266,2.452417,Nuit avec éclairage allumé,En agglomération,Hors intersection,Normale,Autre collision,3,3,4,0,1,1,1,0,8,15,1,2,1,0,0,1,23.0,,voiture,,5,2,1,1,6
202400046856,2024-01-07 16:59:00,2024,1,7,16,59,75,75116,PONT DE BIR HAKEIM,48.85624227,2.28716791,Crépuscule ou aube,En agglomération,Hors intersection,Normale,Autre collision,4,3,4,1,1,1,1,2,1,30,1,2,1,0,0,1,46.0,,voiture,,2,2,1,1,6
202400046857,2024-03-31 17:38:00,2024,3,31,17,38,94,94073,A86,48.75381944,2.37056959,Plein jour,Hors agglomération,Hors intersection,Normale,Trois véhicules et plus - en chaîne,2,-1,2,0,1,1,1,0,1,90,3,5,3,0,0,2,33.0,42.0,voiture,voiture,1,1,1,1,4
202400046858,2024-01-06 18:45:00,2024,1,6,18,45,75,75114,AVENUE DU MAINE,48.832328,2.324997,Nuit avec éclairage allumé,En agglomération,Intersection en T,Pluie légère,Sans collision,4,2,5,3,1,1,2,0,1,50,1,1,0,0,0,1,74.0,,voiture,,5,2,3,2,7
202400046858,2024-01-06 18:45:00,2024,1,6,18,45,75,75114,AVENUE DU MAINE,48.832328,2.324997,Nuit avec éclairage allumé,En agglomération,Intersection en T,Pluie légère,Sans collision,4,1, -1,-1,1,1,2,0,1,-1,1,1,0,0,0,1,74.0,,voiture,,5,2,3,2,7
202400046859,2024-05-07 13:12:00,2024,5,7,13,12,93,93046,Boulevard Maurice Berteaux,48.91279912,2.51631439,Plein jour,En agglomération,Hors intersection,Normale,Deux véhicules - arrière,4,3,2,0,1,1,1,0,1,50,2,2,1,0,0,1,69.0,26.0,voiture,deux_roues,1,2,1,1,2
202400046860,2024-03-30 10:20:00,2024,3,30,10,20,94,94017,A4,48.82844169,2.50273164,Plein jour,Hors agglomération,Hors intersection,Pluie légère,Trois véhicules et plus - en chaîne,1,1,5,0,1,1,2,1,1,90,3,3,2,0,0,1,22.0,23.0,voiture,deux_roues,1,1,1,2,4
202400046861,2024-01-07 01:30:00,2024,1,7,1,30,75,75109,RUE PAPILLON,48.87584,2.347903,Nuit avec éclairage allumé,En agglomération,Intersection en Y,Normale,Autre collision,4,1, -1,-1,1,1,1,0,1,30,1,2,1,0,0,1,34.0,,deux_roues,,5,2,4,1,6
202400046861,2024-01-07 01:30:00,2024,1,7,1,30,75,75109,RUE PAPILLON,48.87584,2.347903,Nuit avec éclairage allumé,En agglomération,Intersection en Y,Normale,Autre collision,4,1,1,0,1,1,1,0,1,30,1,2,1,0,0,1,34.0,,deux_roues,,5,2,4,1,6
202400046862,2024-03-30 15:45:00,2024,3,30,15,45,974,97416,RN1 (ROUTE NATIONALE),-21.32424,55.44725,Plein jour,Hors agglomération,Hors intersection,Normale,Sans collision,2,1,1,0,2,3,1,0,1,70,1,1,0,0,0,1,33.0,,deux_roues,,1,1,1,1,7
202400046863,2024-05-06 19:40:00,2024,5,6,19,40,92,92078,VIEUX CHEMIN DE ST DENIS (AVENUE),48.92969478,2.32633799,Plein jour,En agglomération,Intersection en T,Normale,Deux véhicules - côté,3,2,2,0,1,1,1,2,1,50,2,4,3,0,1,0,37.0,20.0,voiture,voiture,1,2,3,1,3
202400046863,2024-05-06 19:40:00,2024,5,6,19,40,92,92078,VIEUX CHEMIN DE ST DENIS (AVENUE),48.92969478,2.32633799,Plein jour,En agglomération,Intersection en T,Normale,Deux véhicules - côté,3,2,2,0,1,1,1,1,1,50,2,4,3,0,1,0,37.0,20.0,voiture,voiture,1,2,3,1,3
202400046864,2024-01-07 02:05:00,2024,1,7,2,5,75,75103,PLACE DE LA REPUBLIQUE,48.86682725,2.36427855,Nuit avec éclairage allumé,En agglomération,Place,Normale,Autre collision,4,1, -1,0,1,1,1,0,4,30,1,2,1,0,0,1,,,deux_roues,,5,2,7,1,6
202400046865,2024-01-06 21:50:00,2024,1,6,21,50,75,75101,RUE DE LA LINGERIE,48.860258,2.346479,Nuit avec éclairage allumé,En agglomération,Hors intersection,Normale,Autre collision,4,1,1,0,2,3,1,1,4,30,1,4,3,0,0,1,19.0,,voiture,,5,2,1,1,6
202400046866,2024-03-29 17:30:00,2024,3,29,17,30,974,97411,REYDELLET (RUE JULES),-20.93439,55.4923,Crépuscule ou aube,En agglomération,Hors intersection,Normale,Deux véhicules - frontale,4,2,2,0,2,1,1,0,1,50,2,4,3,0,1,0,79.0,40.0,voiture,voiture,2,2,1,1,1
202400046867,2024-05-04 20:45:00,2024,5,4,20,45,92,92072,TROYON (RUE),48.82462425,2.22855377,Plein jour,En agglomération,Hors intersection,Normale,Deux véhicules - arrière,3,3,4,0,1,1,1,0,1,50,2,2,1,0,0,1,35.0,31.0,voiture,deux_roues,1,2,1,1,2
202400046868,2024-03-30 19:50:00,2024,3,30,19,50,69,69387,Avenue Jean Jaurès,45.74245,4.84013,Nuit avec éclairage allumé,En agglomération,Intersection en X,Pluie légère,Deux véhicules - frontale,4,2,2,2,1,1,2,0,1,30,2,2,1,0,0,1,25.0,37.0,deux_roues,voiture,5,2,2,2,1
202400046868,2024-03-30 19:50:00,2024,3,30,19,50,69,69387,Avenue Jean Jaurès,45.74245,4.84013,Nuit avec éclairage allumé,En agglomération,Intersection en X,Pluie légère,Deux véhicules - frontale,4,2,2,0,1,1,2,0,1,30,2,2,1,0,0,1,25.0,37.0,deux_roues,voiture,5,2,2,2,1
202400046869,2024-01-07 01:30:00,2024,1,7,1,30,94,94058,Rue des Parclairs / Avenue Pierre Brossolette,48.83531,2.49863,Nuit avec éclairage allumé,En agglomération,Intersection en X,Temps couvert,Deux véhicules - côté,3,2,2,0,1,1,2,0,1,50,2,2,1,0,0,1,68.0,68.0,voiture,voiture,5,2,2,8,3
202400046869,2024-01-07 01:30:00,2024,1,7,1,30,94,94058,Rue des Parclairs / Avenue Pierre Brossolette,48.83531,2.49863,Nuit avec éclairage allumé,En agglomération,Intersection en X,Temps couvert,Deux véhicules - côté,3,1,1,0,1,1,2,0,1,50,2,2,1,0,0,1,68.0,68.0,voiture,voiture,5,2,2,8,3
202400046870,2024-05-07 17:55:00,2024,5,7,17,55,92,92051,GENERAL KOENIG (BOULEVARD DU),48.88084552,2.25166473,Plein jour,En agglomération,Hors intersection,Normale,Trois véhicules et plus - en chaîne,3,2,4,0,1,1,1,0,1,50,3,4,2,0,0,2,44.0,44.0,deux_roues,voiture,1,2,1,1,4
202400046871,2024-03-30 05:05:00,2024,3,30,5,5,972,97209,RD 41 (ROCADE),14.611,-61.06521,Nuit sans éclairage public,En agglomération,Hors intersection,Normale,Deux véhicules - frontale,3,3,5,0,2,3,1,0,1,60,2,2,1,0,0,1,32.0,57.0,voiture,voiture,3,2,1,1,1
202400046872,2024-01-07 06:40:00,2024,1,7,6,40,94,94018,Quai des Carrieres,48.81842,2.41141,Nuit avec éclairage allumé,En agglomération,Hors intersection,Normale,Deux véhicules - côté,3,3,3,1,1,3,1,9,1,50,2,3,2,0,0,1,48.0,34.0,voiture,utilitaire_camion,5,2,1,1,3
202400046873,2024-05-07 14:30:00,2024,5,7,14,30,92,92048,PARIS (RUE DE) N° 2 A 6,48.81666835,2.24760765,Plein jour,En agglomération,Hors intersection,Normale,Autre collision,4,1,1,0,1,1,1,0,4,30,1,2,1,0,0,1,18.0,,deux_roues,,1,2,1,1,6
202400046874,2024-03-30 09:30:00,2024,3,30,9,30,971,97113,SECTION MARE-GAILLARD,16.23312,-61.4414,Plein jour,Hors agglomération,Hors intersection,Normale,Sans collision,4,2,2,0,2,2,1,0,3,50,1,1,0,0,0,1,67.0,,voiture,,1,1,1,1,7
202400046875,2024-01-07 15:00:00,2024,1,7,15,0,93,93078,Boulevard Robert Ballanger / Avenue Georges Clemenceau,48.96068461,2.55535126,Plein jour,En agglomération,Giratoire,Normale,Deux véhicules - arrière,3,1,2,0,1,3,1,5,1,50,2,2,1,0,0,1,26.0,45.0,voiture,voiture,1,2,6,1,2
202400046875,2024-01-07 15:00:00,2024,1,7,15,0,93,93078,Boulevard Robert Ballanger / Avenue Georges Clemenceau,48.96068461,2.55535126,Plein jour,En agglomération,Giratoire,Normale,Deux véhicules - arrière,3,3,4,0,1,2,1,5,1,50,2,2,1,0,0,1,26.0,45.0,voiture,voiture,1,2,6,1,2
202400046876,2024-05-07 21:40:00,2024,5,7,21,40,92,92040,RODIN (BOULEVARD),48.82010811,2.26122057,Nuit avec éclairage allumé,En agglomération,Hors intersection,Normale,Autre collision,3,2,2,0,3,2,1,0,1,30,1,1,0,0,0,1,30.0,,deux_roues,,5,2,1,1,6
202400046877,2024-01-07 17:10:00,2024,1,7,17,10,92,92062,MOULIN (RUE),48.88781,2.24035,Nuit avec éclairage allumé,En agglomération,Hors intersection,Normale,Deux véhicules - côté,3,2,2,1,1,1,1,0,1,50,2,2,1,0,1,0,64.0,37.0,deux_roues,voiture,5,2,1,1,3
202400046878,2024-03-30 13:10:00,2024,3,30,13,10,91,91021,AV DIVISION LECLERC,48.59439,2.2465,Plein jour,En agglomération,Hors intersection,Normale,Deux véhicules - frontale,3,2,2,0,2,1,1,0,1,50,2,4,0,0,0,4,32.0,59.0,voiture,transport_commun,1,2,1,1,1
202400046879,2024-05-07 07:00:00,2024,5,7,7,0,92,92036,LUCIEN LANTERNIER (AVENUE) (19/65),48.93315392,2.29414022,Plein jour,En agglomération,Intersection en X,Normale,Deux véhicules - côté,3,2,2,0,1,1,1,0,1,50,2,2,1,0,0,1,56.0,24.0,voiture,deux_roues,1,2,2,1,3
202400046879,2024-05-07 07:00:00,2024,5,7,7,0,92,92036,LUCIEN LANTERNIER (AVENUE) (19/65),48.93315392,2.29414022,Plein jour,En agglomération,Intersection en X,Normale,Deux véhicules - côté,3,2,2,0,1,1,1,0,1,50,2,2,1,0,0,1,56.0,24.0,voiture,deux_roues,1,2,2,1,3
202400046880,2024-03-30 14:00:00,2024,3,30,14,0,91,91457,RTE DE MAROLLES,48.578,2.257,Plein jour,En agglomération,Autre intersection,Normale,Deux véhicules - côté,4,2,2,0,1,1,1,0,1,50,2,2,1,0,0,1,58.0,27.0,voiture,deux_roues,1,2,9,1,3
202400046881,2024-01-06 23:36:00,2024,1,6,23,36,92,92048,VAUGIRARD (ROUTE DE),48.82007503,2.2401529,Nuit avec éclairage allumé,En agglomération,Intersection en X,Pluie légère,Deux véhicules - arrière,3,2,4,0,1,1,2,0,1,50,2,2,1,0,0,1,45.0,44.0,voiture,voiture,5,2,2,2,2
202400046881,2024-01-06 23:36:00,2024,1,6,23,36,92,92048,VAUGIRARD (ROUTE DE),48.82007503,2.2401529,Nuit avec éclairage allumé,En agglomération,Intersection en X,Pluie légère,Deux véhicules - arrière,3,1, -1,-1,1,1,2,5,1,-1,2,2,1,0,0,1,45.0,44.0,voiture,voiture,5,2,2,2,2
202400046882,2024-05-07 17:16:00,2024,5,7,17,16,92,92026,SAINT-DENIS BD DE (01 A 197 / 02 A 118),48.89777362,2.26303822,Plein jour,En agglomération,Hors intersection,Normale,Autre collision,3,2,2,0,1,1,1,2,1,50,1,2,1,1,0,0,41.0,,voiture,,1,2,1,1,6
202400046883,2024-03-30 12:00:00,2024,3,30,12,0,91,91064,PARIS (RUE DE),48.769457,2.229208,Plein jour,En agglomération,Hors intersection,Temps couvert,Deux véhicules - arrière,3,1,1,0,2,1,2,0,1,50,2,6,1,0,0,5,49.0,58.0,voiture,transport_commun,1,2,1,8,2
202400046884,2024-01-07 19:00:00,2024,1,7,19,0,92,92009,EUROPE (AVENUE),48.90682504,2.26145737,Nuit avec éclairage allumé,En agglomération,Intersection en X,Normale,Deux véhicules - frontale,3,-1,2,0,1,1,1,0,1,50,2,2,1,0,0,1,59.0,29.0,voiture,deux_roues,5,2,2,1,1
202400046884,2024-01-07 19:00:00,2024,1,7,19,0,92,92009,EUROPE (AVENUE),48.90682504,2.26145737,Nuit avec éclairage allumé,En agglomération,Intersection en X,Normale,Deux véhicules - frontale,3,-1,2,0,1,1,1,0,1,50,2,2,1,0,0,1,59.0,29.0,voiture,deux_roues,5,2,2,1,1
202400046885,2024-05-07 07:15:00,2024,5,7,7,15,92,92025,PIERRE BADUEL (RUE),48.92129698,2.24058732,Plein jour,En agglomération,Intersection en T,Normale,Autre collision,4,1,1,0,1,1,1,0,1,50,1,3,2,0,0,1,,,voiture,,1,2,3,1,6
202400046885,2024-05-07 07:15:00,2024,5,7,7,15,92,92025,PIERRE BADUEL (RUE),48.92129698,2.24058732,Plein jour,En agglomération,Intersection en T,Normale,Autre collision,4,1,1,0,1,1,1,0,1,50,1,3,2,0,0,1,,,voiture,,1,2,3,1,6
202400046886,2024-03-30 11:00:00,2024,3,30,11,0,91,91692,bretelle de sortie RN 188,48.6935,2.16664,Plein jour,Hors agglomération,Hors intersection,Pluie légère,Deux véhicules - arrière,3,1,2,0,2,2,2,0,1,50,2,3,2,0,0,1,28.0,50.0,voiture,voiture,1,1,1,2,2
202400046887,2024-01-06 08:25:00,2024,1,6,8,25,35,35236,Avenue Gaston Sébilleau,47.658891,-2.078691,Crépuscule ou aube,En agglomération,Hors intersection,Normale,Autre collision,4,2,2,2,1,1,1,0,1,50,1,2,1,0,1,0,53.0,,voiture,,2,2,1,1,6
202400046888,2024-05-07 16:30:00,2024,5,7,16,30,92,92024,GENERAL ROGUET (RUE DU) DE (1 A 57)   (2,48.90482,2.31293,Plein jour,En agglomération,Autre intersection,Normale,Deux véhicules - arrière,3,3,2,0,1,1,8,0,1,50,2,2,1,0,0,1,42.0,47.0,deux_roues,voiture,1,2,9,1,2
202400046889,2024-01-06 09:00:00,2024,1,6,9,0,84,84044,departementale 13,44.221269,5.13745,Plein jour,Hors agglomération,Hors intersection,Normale,Autre collision,3,2,2,0,1,1,1,0,3,80,1,1,0,0,1,0,53.0,,voiture,,1,1,1,1,6
202400046890,2024-03-29 14:00:00,2024,3,29,14,0,89,89387,MAIL (RUE DU),48.20102,3.28706,Plein jour,En agglomération,Autre intersection,Pluie légère,Deux véhicules - côté,4,2,2,0,1,1,2,0,1,50,2,2,1,0,0,1,24.0,12.0,voiture,deux_roues,1,2,9,2,3
202400046891,2024-03-30 19:05:00,2024,3,30,19,5,86,86066,RD161,46.83813,0.54805,Plein jour,En agglomération,Hors intersection,Temps éblouissant,Autre collision,3,1,1,0,1,3,1,0,1,50,1,2,1,0,1,0,37.0,,voiture,,1,2,1,7,6
202400046892,2024-05-07 08:25:00,2024,5,7,8,25,92,92012,MARECHAL DE LATTRE DE TASSIGNY (AVENUE),48.84081659,2.22740757,Plein jour,En agglomération,Hors intersection,Normale,Autre collision,3,-1,0,0,1,1,1,6,4,1,1,3,2,0,0,1,44.0,,deux_roues,,1,2,1,1,6
202400046893,2024-01-06 17:30:00,2024,1,6,17,30,83,83049,A57 PK 020+000,43.23788476,6.08417903,Nuit sans éclairage public,Hors agglomération,Hors intersection,Vent fort / tempête,Autre collision,1,3,2,0,1,1,1,0,1,110,2,2,1,0,1,0,33.0,17.0,utilitaire_camion,deux_roues,3,1,1,6,6
202400046894,2024-03-12 08:37:00,2024,3,12,8,37,83,83126,LEDRU-ROLLIN (PLACE),43.10317117,5.8805142,Plein jour,En agglomération,Hors intersection,Normale,Autre collision,4,1,2,0,1,3,1,9,1,30,1,2,1,0,0,1,26.0,,voiture,,1,2,1,1,6