accident_id,datetime,annee,mois,jour,heure,minute,departement,commune_insee,adresse,latitude,longitude,luminosite,agglomeration,intersection,meteo,collision,catr,circ,nbv,vosp,prof,plan,surf,infra,situ,vma,nb_vehicules,nb_usagers,nb_indemnes,nb_tues,nb_blesses_hosp,nb_blesses_legers,age_cond_1,age_cond_2,veh_type_cond_1,veh_type_cond_2,lum_code,agg_code,int_code,atm_code,col_code
202400046895,2024-05-07 18:29:00,2024,5,7,18,29,54,54184,Chemin Strategique,48.71905284,6.22681126,Plein jour,Hors agglomération,Hors intersection,Temps couvert,Sans collision,7,2,2,0,2,3,9,0,8,30,1,3,0,1,0,2,20.0,,voiture,,1,1,1,8,7
202400046896,2024-02-20 08:40:00,2024,2,20,8,40,62,62156,D243E2,50.889803,1.775853,Plein jour,En agglomération,Intersection en Y,Normale,Autre collision,3,2,2,0,4,3,1,0,4,50,1,2,1,0,0,1,57.0,,voiture,,1,2,4,1,6
202400046896,2024-02-20 08:40:00,2024,2,20,8,40,62,62156,D243E2,50.889803,1.775853,Plein jour,En agglomération,Intersection en Y,Normale,Autre collision,3,2,2,0,1,1,1,0,1,50,1,2,1,0,0,1,57.0,,voiture,,1,2,4,1,6
202400046897,2024-01-07 15:00:00,2024,1,7,15,0,59,59189,RD 947,50.778788,2.595252,Plein jour,En agglomération,Intersection en X,Normale,Autre collision,3,2,2,0,1,1,1,0,1,50,1,1,0,0,1,0,27.0,,deux_roues,,1,2,2,1,6
202400046897,2024-01-07 15:00:00,2024,1,7,15,0,59,59189,RD 947,50.778788,2.595252,Plein jour,En agglomération,Intersection en X,Normale,Autre collision,3,2, -1,-1,1,1,1,0,1,-1,1,1,0,0,1,0,27.0,,deux_roues,,1,2,2,1,6
202400046898,2024-03-30 14:25:00,2024,3,30,14,25,81,81163,30 Avenue du Maréchal Juin,43.50634,2.37869,Plein jour,En agglomération,Intersection en T,Normale,Deux véhicules - frontale,3,2,3,0,1,1,1,0,1,50,2,4,3,0,0,1,51.0,34.0,deux_roues,voiture,1,2,3,1,1
202400046898,2024-03-30 14:25:00,2024,3,30,14,25,81,81163,30 Avenue du Maréchal Juin,43.50634,2.37869,Plein jour,En agglomération,Intersection en T,Normale,Deux véhicules - frontale,3,2,3,0,1,1,1,0,1,50,2,4,3,0,0,1,51.0,34.0,deux_roues,voiture,1,2,3,1,1
202400046899,2024-02-20 08:45:00,2024,2,20,8,45,41,41171,D12,47.840699,1.272311,Plein jour,Hors agglomération,Hors intersection,Brouillard / fumée,Autre collision,3,2,2,0,1,1,2,0,1,80,2,2,1,0,1,0,22.0,,utilitaire_camion,utilitaire_camion,1,1,1,5,6
202400046900,2024-05-08 00:30:00,2024,5,8,0,30,33,33014,,44.980443,-0.117037,Nuit sans éclairage public,En agglomération,Hors intersection,Normale,Autre collision,3,2,2,0,1,1,1,0,8,50,1,4,1,0,1,2,20.0,,voiture,,3,2,1,1,6
202400046901,2024-01-05 17:05:00,2024,1,5,17,5,76,76695,Route de la Flamme Olympique,49.660704,0.512034,Crépuscule ou aube,Hors agglomération,Intersection en X,Normale,Deux véhicules - côté,3,2,2,0,1,3,1,5,1,80,2,2,0,0,1,1,36.0,83.0,voiture,voiture,2,1,2,1,3
202400046901,2024-01-05 17:05:00,2024,1,5,17,5,76,76695,Route de la Flamme Olympique,49.660704,0.512034,Crépuscule ou aube,Hors agglomération,Intersection en X,Normale,Deux véhicules - côté,3,2, -1,-1,1,3,1,5,1,-1,2,2,0,0,1,1,36.0,83.0,voiture,voiture,2,1,2,1,3
202400046902,2024-02-19 11:40:00,2024,2,19,11,40,30,30174,D981,44.033616,4.365928,Plein jour,Hors agglomération,Hors intersection,Normale,Deux véhicules - arrière,3,2,2,0,1,1,1,0,1,80,2,4,2,0,1,1,73.0,78.0,voiture,voiture,1,1,1,1,2
202400046903,2024-03-30 15:05:00,2024,3,30,15,5,77,77284,ALLENDE (AV.SALVADOR),48.954669,2.893829,Plein jour,En agglomération,Hors intersection,Normale,Autre collision,4,1,2,0,2,1,1,0,1,50,3,4,3,0,0,1,43.0,33.0,voiture,voiture,1,2,1,1,6
202400046904,2024-01-08 15:30:00,2024,1,8,15,30,63,63457,D229 pk 27 - 100,45.63686135,3.22798531,Plein jour,Hors agglomération,Hors intersection,Neige / grêle,Deux véhicules - frontale,3,2,2,0,2,2,2,0,3,90,2,3,1,0,0,2,65.0,67.0,utilitaire_camion,voiture,1,1,1,4,1
202400046905,2024-05-07 07:55:00,2024,5,7,7,55,18,18020,,47.395183,2.855716,Plein jour,Hors agglomération,Intersection en X,Normale,Deux véhicules - côté,3,2,2,0,1,1,1,0,1,80,2,3,1,0,1,1,30.0,31.0,voiture,voiture,1,1,2,1,3
202400046905,2024-05-07 07:55:00,2024,5,7,7,55,18,18020,,47.395183,2.855716,Plein jour,Hors agglomération,Intersection en X,Normale,Deux véhicules - côté,3,2, -1,-1,1,2,1,0,1,80,2,3,1,0,1,1,30.0,31.0,voiture,voiture,1,1,2,1,3
202400046906,2024-02-19 09:44:00,2024,2,19,9,44,62,62473,Rue Léon Blum,50.614168,2.466463,Plein jour,En agglomération,Intersection en T,Pluie légère,Deux véhicules - côté,4,2,2,0,1,1,2,0,1,50,2,2,1,0,1,0,72.0,43.0,deux_roues,voiture,1,2,3,2,3
202400046907,2024-03-29 17:10:00,2024,3,29,17,10,77,77372,GENERAL LECLERC  (RUE   ),48.88143,2.69105,Plein jour,En agglomération,Hors intersection,Pluie forte,Autre collision,3,2,2,0,1,1,2,0,1,50,1,2,1,0,1,0,78.0,,voiture,,1,2,1,3,6
202400046908,2024-01-07 03:00:00,2024,1,7,3,0,25,25410,571,47.222548,6.061792,Nuit sans éclairage public,Hors agglomération,Hors intersection,Pluie légère,Autre collision,3,3,1,0,2,3,2,0,1,70,1,3,0,0,1,2,29.0,,voiture,,3,1,1,2,6
202400046909,2024-02-19 17:20:00,2024,2,19,17,20,56,56013,19 Rue Marchelan,47.677485,-3.195418,Plein jour,En agglomération,Hors intersection,Normale,Autre collision,4,2,2,0,1,2,1,0,3,30,1,1,0,0,0,1,35.0,,deux_roues,,1,2,1,1,6
202400046910,2024-05-08 11:15:00,2024,5,8,11,15,50,50291,,48.904942,-1.107656,Plein jour,Hors agglomération,Hors intersection,Normale,Trois véhicules et plus - en chaîne,1,3,4,0,1,1,1,0,1,130,3,5,2,0,0,3,35.0,76.0,voiture,voiture,1,1,1,1,4
202400046911,2024-03-30 17:25:00,2024,3,30,17,25,69,69266,Rue Nicolas Garnier,45.75397,4.91359,Plein jour,En agglomération,Intersection à plus de 4 branches,Pluie forte,Trois véhicules et plus - collisions multiples,4,2,2,0,1,1,2,0,1,50,3,3,2,0,0,1,33.0,22.0,voiture,voiture,1,2,5,3,5
202400046911,2024-03-30 17:25:00,2024,3,30,17,25,69,69266,Rue Nicolas Garnier,45.75397,4.91359,Plein jour,En agglomération,Intersection à plus de 4 branches,Pluie forte,Trois véhicules et plus - collisions multiples,4,2,2,2,1,1,2,0,1,50,3,3,2,0,0,1,33.0,22.0,voiture,voiture,1,2,5,3,5
202400046912,2024-01-07 19:55:00,2024,1,7,19,55,35,35068,Rue de Paris,48.109904,-1.398565,Nuit avec éclairage allumé,En agglomération,Hors intersection,Normale,Autre collision,3,2,2,0,1,1,1,0,4,50,1,2,0,0,0,2,28.0,,deux_roues,,5,2,1,1,6
202400046913,2024-01-30 08:30:00,2024,1,30,8,30,56,56240,Village le Duer,47.536761,-2.74169,Plein jour,En agglomération,Intersection en X,Normale,Deux véhicules - frontale,4,2,2,-1,1,1,1,0,1,-1,2,2,0,0,0,2,53.0,35.0,voiture,voiture,1,2,2,1,1
202400046913,2024-01-30 08:30:00,2024,1,30,8,30,56,56240,Village le Duer,47.536761,-2.74169,Plein jour,En agglomération,Intersection en X,Normale,Deux véhicules - frontale,4,2,2,0,1,2,1,0,1,70,2,2,0,0,0,2,53.0,35.0,voiture,voiture,1,2,2,1,1
202400046914,2024-05-07 12:45:00,2024,5,7,12,45,63,63110,"A89, PK 322+500",45.79199158,2.76033008,Plein jour,Hors agglomération,Hors intersection,Pluie forte,Autre collision,1,3,4,0,2,1,3,0,2,-1,1,1,0,0,0,1,24.0,,voiture,,1,1,1,3,6
202400046915,2024-03-30 11:35:00,2024,3,30,11,35,69,69256,Rue Lounès Matoub,45.78223201,4.91952001,Plein jour,En agglomération,Hors intersection,Pluie forte,Deux véhicules - côté,4,2,2,0,1,1,2,0,1,50,2,3,1,0,0,2,50.0,43.0,voiture,voiture,1,2,1,3,3
202400046916,2024-01-07 13:00:00,2024,1,7,13,0,03,03319,Route de Montmarault,46.318155,3.124473,Plein jour,Hors agglomération,Hors intersection,Neige / grêle,Autre collision,3,2,3,0,3,1,2,0,3,90,1,1,0,0,1,0,69.0,,voiture,,1,1,1,4,6
202400046917,2024-05-08 15:25:00,2024,5,8,15,25,04,04033,rd900c,44.435864,6.252508,Plein jour,Hors agglomération,Hors intersection,Normale,Deux véhicules - arrière,3,2,2,0,1,1,1,0,1,80,2,2,1,0,1,0,68.0,63.0,voiture,deux_roues,1,1,1,1,2
202400046918,2024-01-06 18:00:00,2024,1,6,18,0,58,58241,D 979 A - PK 1+400,46.772967,3.432755,Nuit sans éclairage public,Hors agglomération,Hors intersection,Pluie légère,Sans collision,3,2,2,0,1,2,2,0,3,90,1,1,0,0,1,0,84.0,,voiture,,3,1,1,2,7
202400046919,2024-02-20 16:40:00,2024,2,20,16,40,65,65223,11 rue du Pic du Midi,43.195278,0.080981,Plein jour,Hors agglomération,Hors intersection,Normale,Deux véhicules - côté,3,2,2,0,1,1,1,0,1,90,2,3,1,0,2,0,44.0,50.0,deux_roues,voiture,1,1,1,1,3
202400046920,2024-03-30 12:30:00,2024,3,30,12,30,69,69290,Rue de l'Aviation,45.72216,4.93469,Plein jour,En agglomération,Intersection en T,Pluie forte,Trois véhicules et plus - collisions multiples,1,1,1,0,2,2,2,0,1,50,3,7,5,0,0,2,24.0,23.0,voiture,voiture,1,2,3,3,5
202400046920,2024-03-30 12:30:00,2024,3,30,12,30,69,69290,Rue de l'Aviation,45.72216,4.93469,Plein jour,En agglomération,Intersection en T,Pluie forte,Trois véhicules et plus - collisions multiples,1,2,2,0,2,1,2,0,1,50,3,7,5,0,0,2,24.0,23.0,voiture,voiture,1,2,3,3,5
202400046921,2024-02-19 16:30:00,2024,2,19,16,30,71,71038,Rue des Simonots,46.748615,4.392171,Plein jour,En agglomération,Hors intersection,Normale,Sans collision,3,2,2,0,1,2,1,0,1,50,1,1,0,0,0,1,15.0,,deux_roues,,1,2,1,1,7
202400046922,2024-05-06 16:30:00,2024,5,6,16,30,56,56240,21 Rue de Ker An Poul,47.505854,-2.683906,Plein jour,En agglomération,Hors intersection,Normale,Autre collision,3,2,2,0,1,1,1,9,1,20,1,2,1,0,0,1,,,deux_roues,,1,2,1,1,6
202400046923,2024-01-08 01:40:00,2024,1,8,1,40,66,66003,Avenue Beau Soleil,42.477767,2.673787,Nuit sans éclairage public,En agglomération,Hors intersection,Normale,Sans collision,3,2,2,0,1,2,1,0,1,50,1,3,2,1,0,0,46.0,,voiture,,3,2,1,1,7
202400046924,2024-02-19 16:20:00,2024,2,19,16,20,35,35331,lieu dit la froardiere,48.08754,-1.914475,Plein jour,Hors agglomération,Hors intersection,Pluie légère,Autre collision,3,2,2,0,1,1,2,0,1,80,1,1,0,0,0,1,65.0,,deux_roues,,1,1,1,2,6
202400046925,2024-05-07 17:40:00,2024,5,7,17,40,76,76458,rd 22,49.75905111,1.18081141,Plein jour,Hors agglomération,Hors intersection,Normale,Autre collision,3,2,2,0,2,3,1,0,3,80,1,1,0,0,1,0,18.0,,voiture,,1,1,1,1,6
202400046926,2024-03-30 10:30:00,2024,3,30,10,30,67,67218,STRASBOURG (AVENUE DE),48.54487,7.73903,Plein jour,En agglomération,Hors intersection,Temps couvert,Deux véhicules - côté,6,-1, -1,0,1,1,1,9,8,30,2,2,1,0,0,1,35.0,60.0,voiture,voiture,1,2,1,8,3
202400046927,2024-01-07 15:10:00,2024,1,7,15,10,64,64499,D430,43.458153,-0.917501,Plein jour,Hors agglomération,Hors intersection,Temps couvert,Deux véhicules - arrière,3,3,2,0,2,1,2,0,1,70,2,2,0,0,1,1,53.0,30.0,deux_roues,deux_roues,1,1,1,8,2
202400046928,2024-03-30 12:55:00,2024,3,30,12,55,64,64249,GETARIA(AVENUE),43.42461,-1.60461,Plein jour,En agglomération,Hors intersection,Normale,Deux véhicules - arrière,3,2,2,0,1,1,1,0,1,50,2,2,1,0,0,1,52.0,39.0,deux_roues,voiture,1,2,1,1,2
202400046929,2024-02-20 07:45:00,2024,2,20,7,45,29,29236,11 Rue Alain Berthou,47.8461251,-3.69643785,Crépuscule ou aube,En agglomération,Hors intersection,Temps couvert,Deux véhicules - côté,3,2,2,0,2,3,1,0,1,50,2,2,1,0,1,0,52.0,59.0,voiture,utilitaire_camion,2,2,1,8,3
202400046930,2024-05-06 08:30:00,2024,5,6,8,30,2B,2B050,avenue christophe colomb,42.560912,8.755814,Plein jour,En agglomération,Giratoire,Normale,Autre collision,2,2,2,0,1,1,1,0,1,50,1,2,1,0,0,1,74.0,,utilitaire_camion,,1,2,6,1,6
202400046931,2024-01-03 16:40:00,2024,1,3,16,40,07,07317,Chemin du Lac de Vert,45.217255,4.761275,Plein jour,Hors agglomération,Hors intersection,Normale,Sans collision,9,-1,2,0,1,1,6,0,1,-1,1,1,0,0,0,1,16.0,,deux_roues,,1,1,1,1,7
202400046932,2024-03-29 16:50:00,2024,3,29,16,50,64,64348,NORD SUD VOIE,43.32612,-0.38711,Plein jour,Hors agglomération,Hors intersection,Pluie forte,Deux véhicules - arrière,3,1,2,0,1,3,2,0,1,30,2,3,2,0,0,1,44.0,44.0,voiture,voiture,1,1,1,3,2
202400046933,2024-05-07 20:10:00,2024,5,7,20,10,32,32054,RN 124,43.716279,0.421643,Crépuscule ou aube,Hors agglomération,Hors intersection,Pluie forte,Autre collision,2,2,2,0,1,1,2,0,3,80,1,1,0,0,1,0,36.0,,voiture,,2,1,1,3,6
202400046934,2024-02-19 16:30:00,2024,2,19,16,30,58,58063,Route de Lormes,47.082298,3.92865,Plein jour,Hors agglomération,Hors intersection,Temps couvert,Deux véhicules - côté,3,-1,2,0,2,1,2,5,1,70,2,2,1,0,1,0,69.0,58.0,voiture,deux_roues,1,1,1,8,3
202400046935,2024-01-06 09:15:00,2024,1,6,9,15,40,40089,D18,43.686227,-0.632293,Plein jour,Hors agglomération,Hors intersection,Normale,Sans collision,3,2,2,0,1,1,2,0,3,80,1,1,0,0,1,0,26.0,,voiture,,1,1,1,1,7
202400046936,2024-03-30 12:15:00,2024,3,30,12,15,59,59043,PHARAON DE WINTER (RUE),50.734849,2.726619,Plein jour,En agglomération,Hors intersection,Pluie forte,Autre collision,4,2,2,0,2,1,2,0,1,50,1,2,1,0,1,0,54.0,,voiture,,1,2,1,3,6
202400046937,2024-01-08 08:15:00,2024,1,8,8,15,40,40231,Pont de la marquèze,43.56225633,-1.20401978,Crépuscule ou aube,Hors agglomération,Hors intersection,Brouillard / fumée,Autre collision,3,2,2,0,2,3,2,2,3,80,1,1,0,0,0,1,27.0,,voiture,,2,1,1,5,6
202400046938,2024-05-08 13:50:00,2024,5,8,13,50,12,12148,26 Avenue du Planhol,44.470015,2.225445,Plein jour,En agglomération,Hors intersection,Normale,Autre collision,3,2,2,0,1,1,1,0,1,50,1,1,0,0,0,1,16.0,,deux_roues,,1,2,1,1,6
202400046939,2024-02-18 15:20:00,2024,2,18,15,20,66,66024,rue rouillé,42.52495,2.832896,Plein jour,En agglomération,Hors intersection,Normale,Deux véhicules - côté,4,1,1,0,1,1,1,0,1,50,2,3,2,0,1,0,35.0,58.0,voiture,deux_roues,1,2,1,1,3
202400046940,2024-05-08 15:15:00,2024,5,8,15,15,12,12270,17 Avenue des Résistants,44.319964,3.074749,Plein jour,En agglomération,Hors intersection,Normale,Autre collision,3,2,2,0,1,3,1,0,1,50,1,1,0,0,0,1,26.0,,deux_roues,,1,2,1,1,6
202400046941,2024-01-08 13:48:00,2024,1,8,13,48,88,88309,Col du Poirier (Col de montagne),48.18683269,6.03292702,Plein jour,Hors agglomération,Hors intersection,Temps couvert,Deux véhicules - frontale,3,1,2,0,4,4,1,0,1,90,2,2,0,1,1,0,79.0,61.0,voiture,voiture,1,1,1,8,1
202400046942,2024-02-18 18:45:00,2024,2,18,18,45,72,72021,Lieu Dit La Croix,47.868607,-0.173002,Nuit sans éclairage public,Hors agglomération,Hors intersection,Temps couvert,Sans collision,4,2,2,0,1,1,2,0,1,80,1,2,0,0,2,0,29.0,,voiture,,3,1,1,8,7
202400046943,2024-03-30 18:53:00,2024,3,30,18,53,54,54547,RM 674,48.67005,6.19251,Crépuscule ou aube,En agglomération,Hors intersection,Pluie légère,Trois véhicules et plus - en chaîne,7,3,3,0,1,1,2,9,1,70,5,6,5,0,0,1,41.0,37.0,voiture,voiture,2,2,1,2,4
202400046944,2024-05-07 15:45:00,2024,5,7,15,45,42,42289,Route de Neulise,45.92364,4.201208,Plein jour,Hors agglomération,Hors intersection,Normale,Sans collision,3,2,2,0,2,3,2,0,3,80,1,1,0,0,0,1,35.0,,deux_roues,,1,1,1,1,7
202400046945,2024-02-20 15:49:00,2024,2,20,15,49,14,14578,Route de Saint-Benoît-d'Hébertot,49.330726,0.239355,Plein jour,Hors agglomération,Hors intersection,Normale,Sans collision,3,2,2,0,1,1,1,0,1,90,1,1,0,0,1,0,71.0,,deux_roues,,1,1,1,1,7
202400046946,2024-01-08 17:50:00,2024,1,8,17,50,06,06004,"Autoroute A8, 171, 200 chaussée NORD",43.60451907,7.06799842,Nuit avec éclairage allumé,Hors agglomération,Hors intersection,Autre,Deux véhicules - côté,1,1,0,0,1,1,2,9,1,110,2,2,1,0,0,1,33.0,43.0,deux_roues,voiture,5,1,1,9,3
202400046947,2024-03-30 11:00:00,2024,3,30,11,0,54,54323,Avenue Hippolyte d’Huart,49.516139,5.777632,Plein jour,En agglomération,Intersection en T,Normale,Deux véhicules - côté,3,1,1,0,1,1,1,0,1,50,2,2,0,0,0,2,41.0,32.0,voiture,voiture,1,2,3,1,3
202400046947,2024-03-30 11:00:00,2024,3,30,11,0,54,54323,Avenue Hippolyte d’Huart,49.516139,5.777632,Plein jour,En agglomération,Intersection en T,Normale,Deux véhicules - côté,3,2, -1,0,2,2,1,0,1,50,2,2,0,0,0,2,41.0,32.0,voiture,voiture,1,2,3,1,3
202400046948,2024-05-07 20:50:00,2024,5,7,20,50,47,47077,D710,44.529923,0.948043,Crépuscule ou aube,Hors agglomération,Hors intersection,Temps couvert,Sans collision,3,2,3,0,4,2,2,9,1,80,1,2,0,0,1,1,29.0,,deux_roues,,2,1,1,8,7
202400046949,2024-02-20 08:00:00,2024,2,20,8,0,50,50371,30 Avenue de la Gare,48.661787,-0.944427,Crépuscule ou aube,Hors agglomération,Hors intersection,Normale,Autre collision,3,2,2,0,1,1,2,0,3,-1,1,1,0,0,1,0,49.0,,voiture,,2,1,1,1,6
202400046950,2024-03-30 16:30:00,2024,3,30,16,30,51,51454,Rue Françoise Dolto,49.234947,4.025843,Plein jour,En agglomération,Autre intersection,Normale,Deux véhicules - côté,4,2,1,0,1,1,1,0,1,30,2,2,1,0,0,1,43.0,14.0,voiture,deux_roues,1,2,9,1,3
202400046951,2024-01-07 11:48:00,2024,1,7,11,48,13,13011,D27,43.732716,4.800588,Plein jour,Hors agglomération,Hors intersection,Vent fort / tempête,Deux véhicules - frontale,3,2,2,0,2,4,1,0,1,80,2,3,2,0,0,1,27.0,60.0,voiture,deux_roues,1,1,1,6,1
202400046952,2024-05-08 01:00:00,2024,5,8,1,0,29,29218,Rue de la Liberté,48.04121426,-4.49684035,Nuit sans éclairage public,Hors agglomération,Hors intersection,Normale,Sans collision,3,2,2,0,1,2,1,0,3,80,1,1,0,1,0,0,49.0,,deux_roues,,3,1,1,1,7
202400046953,2024-03-30 04:40:00,2024,3,30,4,40,51,51058,SALMON (RUE PIERRE),49.2163,3.99146,Nuit sans éclairage public,En agglomération,Hors intersection,Pluie légère,Autre collision,4,2,2,0,1,2,2,0,3,50,1,2,1,0,0,1,18.0,,voiture,,3,2,1,2,6
202400046954,2024-02-16 18:05:00,2024,2,16,18,5,09,09104,Avenue de Varilhes,43.03901729,1.63578004,Nuit sans éclairage public,Hors agglomération,Hors intersection,Normale,Deux véhicules - côté,4,-1,1,0,1,1,1,0,1,50,2,2,1,0,0,1,35.0,23.0,voiture,utilitaire_camion,3,1,1,1,3
202400046955,2024-03-29 11:45:00,2024,3,29,11,45,50,50218,RUE DU CONILLOT,48.83971,-1.56597,Plein jour,En agglomération,Hors intersection,Normale,Deux véhicules - côté,4,2,2,0,1,1,1,0,1,50,2,2,1,0,1,0,58.0,32.0,deux_roues,voiture,1,2,1,1,3
202400046956,2024-02-20 08:30:00,2024,2,20,8,30,24,24026,Route de Hautefort (Bassillac),45.210101,0.897824,Plein jour,Hors agglomération,Intersection en T,Normale,Sans collision,3,2,2,0,1,1,1,0,3,70,1,1,0,0,1,0,43.0,,deux_roues,,1,1,3,1,7
202400046956,2024-02-20 08:30:00,2024,2,20,8,30,24,24026,Route de Hautefort (Bassillac),45.210101,0.897824,Plein jour,Hors agglomération,Intersection en T,Normale,Sans collision,3,2, -1,-1,1,1,1,0,1,70,1,1,0,0,1,0,43.0,,deux_roues,,1,1,3,1,7
202400046957,2024-03-05 08:30:00,2024,3,5,8,30,66,66015,D900,42.572772,2.850866,Plein jour,Hors agglomération,Giratoire,Normale,Sans collision,3,2,2,0,1,3,1,0,4,50,2,2,1,0,0,1,30.0,,deux_roues,utilitaire_camion,1,1,6,1,7
202400046958,2024-01-06 06:20:00,2024,1,6,6,20,45,45154,A10 PK 85 + 605,48.016396,1.843772,Nuit sans éclairage public,Hors agglomération,Hors intersection,Normale,Deux véhicules - arrière,1,3,6,0,1,1,1,0,1,130,2,4,2,0,0,2,63.0,29.0,utilitaire_camion,utilitaire_camion,3,1,1,1,2
202400046959,2024-03-26 16:23:00,2024,3,26,16,23,46,46191,DEPARTEMENTALE N°811 (ENTRE MERCUES ET C,44.49304255,1.4037628,Plein jour,Hors agglomération,Hors intersection,Pluie légère,Trois véhicules et plus - collisions multiples,3,2,2,0,2,1,2,0,1,80,3,3,2,0,0,1,69.0,52.0,voiture,voiture,1,1,1,2,5
202400046960,2024-02-19 17:20:00,2024,2,19,17,20,17,17203,D117,46.071355,-0.837235,Plein jour,Hors agglomération,Hors intersection,Temps couvert,Sans collision,3,2,2,0,2,2,1,0,3,80,1,1,0,0,1,0,45.0,,deux_roues,,1,1,1,8,7
202400046961,2024-05-07 21:00:00,2024,5,7,21,0,72,72067,D97,48.11082363,0.46809888,Crépuscule ou aube,Hors agglomération,Hors intersection,Normale,Autre collision,3,2,2,0,1,1,1,0,1,80,1,1,0,0,0,1,24.0,,voiture,,2,1,1,1,6
202400046962,2024-01-08 15:00:00,2024,1,8,15,0,988,98824,Tribu de Saint Raphael - RPN10,-20.34548,164.54832,Plein jour,Hors agglomération,Hors intersection,Pluie légère,Sans collision,3,2,2,0,1,1,2,0,3,110,1,5,0,0,1,4,48.0,,voiture,,1,1,1,2,7
202400046963,2024-03-29 19:50:00,2024,3,29,19,50,42,42218,Rue de la Talaudière,45.45434,4.41194,Nuit avec éclairage allumé,En agglomération,Intersection en X,Normale,Deux véhicules - frontale,4,2,2,0,1,1,1,0,1,50,2,6,0,0,1,5,21.0,36.0,voiture,voiture,5,2,2,1,1
202400046963,2024-03-29 19:50:00,2024,3,29,19,50,42,42218,Rue de la Talaudière,45.45434,4.41194,Nuit avec éclairage allumé,En agglomération,Intersection en X,Normale,Deux véhicules - frontale,4,3,2,0,1,1,1,5,1,50,2,6,0,0,1,5,21.0,36.0,voiture,voiture,5,2,2,1,1
202400046964,2024-02-20 05:30:00,2024,2,20,5,30,01,01235,rd1083,46.036614,5.065856,Nuit sans éclairage public,Hors agglomération,Intersection en X,Pluie légère,Deux véhicules - frontale,3,2,2,0,1,1,2,0,1,80,2,2,1,0,1,0,24.0,31.0,voiture,utilitaire_camion,3,1,2,2,1
202400046964,2024-02-20 05:30:00,2024,2,20,5,30,01,01235,rd1083,46.036614,5.065856,Nuit sans éclairage public,Hors agglomération,Intersection en X,Pluie légère,Deux véhicules - frontale,3,2,2,0,1,1,2,0,8,80,2,2,1,0,1,0,24.0,31.0,voiture,utilitaire_camion,3,1,2,2,1
202400046965,2024-01-08 03:45:00,2024,1,8,3,45,977,97701,Route de Lorient,17.90318,-62.832066,Nuit sans éclairage public,Hors agglomération,Hors intersection,Normale,Autre collision,3,2,2,0,3,2,1,0,3,50,1,1,0,0,1,0,34.0,,deux_roues,,3,1,1,1,6
202400046966,2024-05-08 01:50:00,2024,5,8,1,50,50,50151,D2,49.184798,-1.521299,Nuit sans éclairage public,Hors agglomération,Hors intersection,Normale,Autre collision,3,2,2,0,1,1,1,0,3,80,1,1,0,0,1,0,30.0,,voiture,,3,1,1,1,6
202400046967,2024-03-30 11:50:00,2024,3,30,11,50,35,35238,ROCADE 17-1,48.10569,-1.7168,Plein jour,Hors agglomération,Hors intersection,Normale,Deux véhicules - arrière,2,3,8,0,1,1,1,2,1,90,2,2,0,0,0,2,76.0,85.0,voiture,voiture,1,1,1,1,2
202400046968,2024-02-19 18:20:00,2024,2,19,18,20,30,30344,380 Avenue du Levant,43.745141,4.227231,Plein jour,En agglomération,Hors intersection,Normale,Deux véhicules - frontale,3,2,2,0,1,1,1,0,8,50,2,3,1,0,1,1,81.0,21.0,voiture,deux_roues,1,2,1,1,1
202400046969,2024-03-30 03:30:00,2024,3,30,3,30,35,35238,VERN (DE),48.09722,-1.654,Nuit avec éclairage allumé,En agglomération,Hors intersection,Normale,Autre collision,4,2,2,2,2,1,1,0,1,50,1,2,1,0,1,0,36.0,,voiture,,5,2,1,1,6
202400046970,2024-05-07 12:50:00,2024,5,7,12,50,83,83082,Route Departementale 955,43.63297932,6.48732601,Plein jour,Hors agglomération,Hors intersection,Normale,Sans collision,3,2,2,0,2,4,1,0,1,80,1,1,0,0,1,0,27.0,,deux_roues,,1,1,1,1,7
202400046971,2024-01-05 13:55:00,2024,1,5,13,55,45,45126,D2060 PR 84 + 1,47.905562,2.072006,Plein jour,Hors agglomération,Hors intersection,Normale,Deux véhicules - arrière,3,3,4,0,1,1,1,0,2,110,2,2,1,1,0,0,52.0,58.0,voiture,utilitaire_camion,1,1,1,1,2
202400046972,2024-03-30 10:50:00,2024,3,30,10,50,34,34301,HIRONDELLES (CHEMIN DES),43.41381,3.68297,Plein jour,En agglomération,Intersection en T,Normale,Deux véhicules - côté,4,3,2,0,1,3,1,5,1,50,2,2,1,0,0,1,69.0,46.0,deux_roues,voiture,1,2,3,1,3
202400046972,2024-03-30 10:50:00,2024,3,30,10,50,34,34301,HIRONDELLES (CHEMIN DES),43.41381,3.68297,Plein jour,En agglomération,Intersection en T,Normale,Deux véhicules - côté,4,1,2,0,1,1,1,5,1,50,2,2,1,0,0,1,69.0,46.0,deux_roues,voiture,1,2,3,1,3
202400046973,2024-05-08 16:00:00,2024,5,8,16,0,45,45245,Rue du Fourneau,47.671602,2.814768,Plein jour,En agglomération,Hors intersection,Normale,Autre collision,3,2,2,0,2,2,1,0,1,50,1,1,0,0,1,0,14.0,,deux_roues,,1,2,1,1,6