accident_id,datetime,annee,mois,jour,heure,minute,departement,commune_insee,adresse,latitude,longitude,luminosite,agglomeration,intersection,meteo,collision,catr,circ,nbv,vosp,prof,plan,surf,infra,situ,vma,nb_vehicules,nb_usagers,nb_indemnes,nb_tues,nb_blesses_hosp,nb_blesses_legers,age_cond_1,age_cond_2,veh_type_cond_1,veh_type_cond_2,lum_code,agg_code,int_code,atm_code,col_code
202400046974,2024-01-08 12:10:00,2024,1,8,12,10,84,84003,Avenue de Lançon,43.883643,5.380114,Plein jour,En agglomération,Hors intersection,Normale,Autre collision,3,2,2,0,2,1,1,0,1,30,1,3,1,0,1,1,66.0,,voiture,,1,2,1,1,6
202400046975,2024-02-13 16:35:00,2024,2,13,16,35,33,33029,,44.689556,-0.773013,Plein jour,Hors agglomération,Hors intersection,Normale,Deux véhicules - arrière,1,3,4,0,1,1,1,0,1,130,2,2,0,0,0,2,28.0,77.0,voiture,voiture,1,1,1,1,2
202400046976,2024-03-29 22:30:00,2024,3,29,22,30,34,34301,NEUBURG (CORNICHE DE),43.3941,3.6671,Nuit avec éclairage allumé,En agglomération,Hors intersection,Normale,Deux véhicules - côté,4,2,2,0,1,1,1,0,1,30,2,4,2,0,0,2,42.0,16.0,voiture,deux_roues,5,2,1,1,3
202400046977,2024-01-07 19:30:00,2024,1,7,19,30,63,63204,D2,45.7999487,3.20380294,Nuit sans éclairage public,Hors agglomération,Hors intersection,Pluie légère,Autre collision,3,2,2,0,1,1,2,0,1,90,1,2,1,0,0,1,86.0,,voiture,,3,1,1,2,6
202400046978,2024-05-07 19:20:00,2024,5,7,19,20,07,07349,Rue des Ecoles,44.809767,4.783913,Plein jour,En agglomération,Hors intersection,Pluie légère,Autre collision,4,2,2,0,2,1,2,0,1,50,1,2,1,0,0,1,20.0,,voiture,,1,2,1,2,6
202400046979,2024-02-20 04:30:00,2024,2,20,4,30,60,60369,A1,49.32024551,2.68725157,Nuit sans éclairage public,Hors agglomération,Autre intersection,Normale,Deux véhicules - arrière,1,1,3,0,1,1,2,0,1,130,2,2,1,0,1,0,48.0,63.0,voiture,utilitaire_camion,3,1,9,1,2
202400046980,2024-03-29 14:30:00,2024,3,29,14,30,34,34172,TOULOUSE (AVENUE DE,43.59737,3.86418,Plein jour,En agglomération,Intersection en X,Normale,Deux véhicules - côté,4,2,2,0,1,1,1,0,1,50,2,2,1,0,1,0,61.0,27.0,voiture,deux_roues,1,2,2,1,3
202400046980,2024-03-29 14:30:00,2024,3,29,14,30,34,34172,TOULOUSE (AVENUE DE,43.59737,3.86418,Plein jour,En agglomération,Intersection en X,Normale,Deux véhicules - côté,4,2,4,1,1,1,1,0,1,50,2,2,1,0,1,0,61.0,27.0,voiture,deux_roues,1,2,2,1,3
202400046981,2024-02-19 16:37:00,2024,2,19,16,37,44,44020,60 Rue de l'Aviation,47.162129,-1.586003,Plein jour,En agglomération,Hors intersection,Normale,Deux véhicules - côté,4,2,2,0,1,1,1,0,1,30,2,2,1,0,0,1,17.0,20.0,deux_roues,voiture,1,2,1,1,3
202400046982,2024-01-08 07:45:00,2024,1,8,7,45,60,60282,Rue de Chantilly,49.188215,2.425827,Plein jour,Hors agglomération,Hors intersection,Normale,Trois véhicules et plus - collisions multiples,3,2,2,0,1,1,1,0,1,50,3,3,2,0,0,1,30.0,21.0,voiture,voiture,1,1,1,1,5
202400046983,2024-03-30 10:30:00,2024,3,30,10,30,33,33063,,44.83247448,-0.57732875,Plein jour,En agglomération,Intersection en X,Normale,Deux véhicules - arrière,4,1,1,0,1,1,1,0,1,50,2,2,1,0,0,1,23.0,70.0,utilitaire_camion,deux_roues,1,2,2,1,2
202400046983,2024-03-30 10:30:00,2024,3,30,10,30,33,33063,,44.83247448,-0.57732875,Plein jour,En agglomération,Intersection en X,Normale,Deux véhicules - arrière,4,1,1,0,1,1,1,0,1,50,2,2,1,0,0,1,23.0,70.0,utilitaire_camion,deux_roues,1,2,2,1,2
202400046984,2024-05-04 13:10:00,2024,5,4,13,10,53,53228,D57,48.03757365,-0.39092496,Plein jour,Hors agglomération,Intersection en T,Pluie légère,Deux véhicules - côté,3,2,2,0,2,1,2,5,1,80,2,4,3,0,1,0,33.0,94.0,voiture,voiture,1,1,3,2,3
202400046984,2024-05-04 13:10:00,2024,5,4,13,10,53,53228,D57,48.03757365,-0.39092496,Plein jour,Hors agglomération,Intersection en T,Pluie légère,Deux véhicules - côté,3,2,2,0,2,2,2,5,1,90,2,4,3,0,1,0,33.0,94.0,voiture,voiture,1,1,3,2,3
202400046985,2024-02-19 18:30:00,2024,2,19,18,30,45,45316,D2060 PR 62 + 200,47.923518,2.32614,Nuit sans éclairage public,Hors agglomération,Hors intersection,Normale,Deux véhicules - frontale,3,2,2,0,1,1,1,0,1,90,2,2,1,0,1,0,21.0,54.0,voiture,utilitaire_camion,3,1,1,1,1
202400046986,2024-01-04 19:15:00,2024,1,4,19,15,80,80442,D930,49.741178,3.022699,Nuit sans éclairage public,Hors agglomération,Hors intersection,Pluie légère,Deux véhicules - arrière,3,2,2,0,1,1,2,0,1,70,2,2,1,0,1,0,62.0,45.0,deux_roues,voiture,3,1,1,2,2
202400046987,2024-02-20 11:30:00,2024,2,20,11,30,06,06070,Route de Cipières,43.793266,6.951199,Plein jour,Hors agglomération,Hors intersection,Normale,Autre collision,3,2,2,0,2,1,1,0,1,80,1,1,0,0,1,0,48.0,,deux_roues,,1,1,1,1,6
202400046988,2024-05-08 12:15:00,2024,5,8,12,15,40,40322,D41,44.035404,-1.19707,Plein jour,Hors agglomération,Hors intersection,Normale,Deux véhicules - frontale,3,2,2,0,1,1,1,0,1,80,2,2,1,0,1,0,50.0,71.0,autre,voiture,1,1,1,1,1
202400046989,2024-03-30 18:30:00,2024,3,30,18,30,33,33529,,44.63329502,-1.16391729,Plein jour,En agglomération,Intersection en T,Normale,Deux véhicules - côté,3,2,2,0,1,1,1,0,1,50,2,4,3,0,0,1,18.0,72.0,deux_roues,voiture,1,2,3,1,3
202400046989,2024-03-30 18:30:00,2024,3,30,18,30,33,33529,,44.63329502,-1.16391729,Plein jour,En agglomération,Intersection en T,Normale,Deux véhicules - côté,3,2,2,0,2,1,1,0,1,50,2,4,3,0,0,1,18.0,72.0,deux_roues,voiture,1,2,3,1,3
202400046990,2024-02-19 15:10:00,2024,2,19,15,10,04,04197,D4096,43.7774,5.768026,Plein jour,Hors agglomération,Intersection en T,Normale,Deux véhicules - côté,3,2,2,0,1,1,1,0,1,80,2,2,0,0,0,2,80.0,33.0,voiture,voiture,1,1,3,1,3
202400046990,2024-02-19 15:10:00,2024,2,19,15,10,04,04197,D4096,43.7774,5.768026,Plein jour,Hors agglomération,Intersection en T,Normale,Deux véhicules - côté,3,2,2,0,1,1,1,0,8,80,2,2,0,0,0,2,80.0,33.0,voiture,voiture,1,1,3,1,3
202400046991,2024-03-30 04:30:00,2024,3,30,4,30,31,31555,AV SALVADOR ALLENDE,43.65987233,1.42216891,Nuit avec éclairage allumé,En agglomération,Hors intersection,Normale,Sans collision,4,2,2,0,2,1,1,2,8,90,1,1,0,0,0,1,16.0,,voiture,,5,2,1,1,7
202400046992,2024-05-08 17:55:00,2024,5,8,17,55,24,24356,Route d'Aquitaine,45.061999,0.945076,Plein jour,Hors agglomération,Hors intersection,Normale,Autre collision,3,2,2,0,2,1,1,0,3,80,1,2,1,0,1,0,34.0,,voiture,,1,1,1,1,6
202400046993,2024-01-06 04:40:00,2024,1,6,4,40,13,13215,A7-Sens Lyon vers Marseille,43.35901,5.36228,Nuit sans éclairage public,Hors agglomération,Hors intersection,Normale,Deux véhicules - arrière,1,3,3,0,1,1,1,0,1,90,3,3,1,0,0,2,23.0,24.0,voiture,voiture,3,1,1,1,2
202400046994,2024-03-30 07:15:00,2024,3,30,7,15,31,31555,VA007342 LA CEPIERE  A620 Sortie 27,43.58989,1.3998,Plein jour,Hors agglomération,Hors intersection,Temps couvert,Autre collision,1,1,3,0,1,1,1,0,1,90,1,1,0,0,0,1,32.0,,voiture,,1,1,1,8,6
202400046995,2024-02-20 15:40:00,2024,2,20,15,40,13,13027,D34,43.887795,4.827236,Plein jour,Hors agglomération,Intersection en X,Normale,Deux véhicules - frontale,3,2,2,0,1,1,1,5,1,80,1,2,1,0,1,0,82.0,,voiture,,1,1,2,1,1
202400046995,2024-02-20 15:40:00,2024,2,20,15,40,13,13027,D34,43.887795,4.827236,Plein jour,Hors agglomération,Intersection en X,Normale,Deux véhicules - frontale,3,2, -1,-1,1,1,1,5,1,-1,1,2,1,0,1,0,82.0,,voiture,,1,1,2,1,1
202400046996,2024-01-07 21:00:00,2024,1,7,21,0,94,94038,A6B,48.78924029,2.34399216,Nuit sans éclairage public,Hors agglomération,Hors intersection,Pluie légère,Autre collision,1,1,2,0,1,1,2,0,1,90,1,1,0,0,0,1,22.0,,voiture,,3,1,1,2,6
202400046997,2024-05-01 10:30:00,2024,5,1,10,30,17,17483,le marouillet,46.040355,-1.046908,Plein jour,Hors agglomération,Autre intersection,Normale,Deux véhicules - arrière,3,3,4,0,1,3,1,0,1,110,2,2,1,0,0,1,82.0,76.0,voiture,voiture,1,1,9,1,2
202400046998,2024-02-19 09:42:00,2024,2,19,9,42,88,88251,D32,48.329233,6.777325,Plein jour,Hors agglomération,Hors intersection,Temps couvert,Autre collision,3,2,2,0,2,2,2,0,8,80,1,1,0,0,0,1,18.0,,voiture,,1,1,1,8,6
202400046999,2024-03-29 13:20:00,2024,3,29,13,20,30,30028,Avenue Alphonse Daudet,44.15221,4.61275,Plein jour,En agglomération,Hors intersection,Normale,Deux véhicules - frontale,3,2,2,0,1,3,1,0,1,50,2,3,0,0,1,2,37.0,44.0,voiture,voiture,1,2,1,1,1
202400047000,2024-02-19 20:00:00,2024,2,19,20,0,69,69116,Route Départementale 306,45.810525,4.778559,Nuit avec éclairage allumé,En agglomération,Hors intersection,Normale,Autre collision,7,2,2,3,1,1,1,0,1,50,1,2,1,0,1,0,43.0,,voiture,,5,2,1,1,6
202400047001,2024-05-08 15:50:00,2024,5,8,15,50,49,49138,A 85,47.4483771,-0.17704728,Plein jour,Hors agglomération,Hors intersection,Temps éblouissant,Sans collision,1,3,4,0,1,1,1,0,3,130,1,1,0,0,0,1,59.0,,voiture,,1,1,1,7,7
202400047002,2024-01-07 17:30:00,2024,1,7,17,30,91,91689,AUTOROUTE A6,48.726648,2.313536,Nuit sans éclairage public,Hors agglomération,Hors intersection,Normale,Deux véhicules - arrière,1,1,3,0,1,1,1,0,1,110,2,3,2,0,0,1,21.0,62.0,voiture,voiture,3,1,1,1,2
202400047003,2024-03-30 11:30:00,2024,3,30,11,30,29,29019,boulevard Montaigne,48.402541,-4.482212,Plein jour,En agglomération,Intersection en T,Normale,Autre collision,4,2,2,0,4,1,1,0,1,50,1,2,1,0,0,1,38.0,,voiture,,1,2,3,1,6
202400047003,2024-03-30 11:30:00,2024,3,30,11,30,29,29019,boulevard Montaigne,48.402541,-4.482212,Plein jour,En agglomération,Intersection en T,Normale,Autre collision,4,2,4,3,1,1,1,0,1,50,1,2,1,0,0,1,38.0,,voiture,,1,2,3,1,6
202400047004,2024-02-19 08:45:00,2024,2,19,8,45,81,81248,Route de Graulhet,43.7610864,1.8633789,Plein jour,Hors agglomération,Hors intersection,Normale,Deux véhicules - frontale,3,2,2,0,1,3,1,0,1,90,2,2,1,0,1,0,44.0,39.0,voiture,utilitaire_camion,1,1,1,1,1
202400047005,2024-02-10 19:00:00,2024,2,10,19,0,33,33322,,44.968646,-0.640039,Nuit sans éclairage public,Hors agglomération,Hors intersection,Pluie forte,Autre collision,4,2,2,0,1,1,2,0,1,80,1,2,1,0,1,0,73.0,,voiture,,3,1,1,3,6
202400047006,2024-01-07 06:20:00,2024,1,7,6,20,91,91340,RN 104,48.610066,2.443308,Nuit sans éclairage public,Hors agglomération,Hors intersection,Normale,Deux véhicules - arrière,2,1,2,0,1,1,1,0,1,90,2,2,0,0,0,2,29.0,46.0,voiture,voiture,3,1,1,1,2
202400047007,2024-05-07 08:25:00,2024,5,7,8,25,78,78233,D307,48.868861,1.963339,Plein jour,En agglomération,Giratoire,Normale,Deux véhicules - arrière,3,-1,2,0,1,1,1,5,1,80,2,3,2,0,0,1,33.0,25.0,deux_roues,voiture,1,2,6,1,2
202400047008,2024-03-30 15:50:00,2024,3,30,15,50,27,27229,ORLEANS (RUE D'),49.0007,1.1535,Plein jour,En agglomération,Hors intersection,Normale,Sans collision,4,-1,0,0,1,1,1,0,1,50,1,2,0,0,0,2,17.0,,deux_roues,,1,2,1,1,7
202400047009,2024-02-19 22:45:00,2024,2,19,22,45,76,76042,D929,49.749955,1.576463,Nuit sans éclairage public,Hors agglomération,Hors intersection,Normale,Autre collision,3,2,2,0,3,3,1,0,3,80,1,1,0,0,1,0,59.0,,voiture,,3,1,1,1,6
202400047010,2024-03-29 20:30:00,2024,3,29,20,30,19,19272,Duhamel (Rue),45.26826487,1.77401868,Nuit avec éclairage allumé,En agglomération,Hors intersection,Pluie légère,Deux véhicules - côté,4,2,2,0,1,1,2,0,1,50,2,1,0,0,0,1,32.0,,voiture,,5,2,1,2,3
202400047011,2024-01-06 19:45:00,2024,1,6,19,45,93,93053,AUTOROUTE A86,48.90248612,2.46764973,Nuit sans éclairage public,Hors agglomération,Hors intersection,Normale,Trois véhicules et plus - collisions multiples,1,1,2,0,1,1,1,0,1,70,3,3,2,0,0,1,53.0,45.0,voiture,voiture,3,1,1,1,5
202400047012,2024-02-15 16:00:00,2024,2,15,16,0,13,13211,A50-Sens Marseille vers Aubagne,43.29412401,5.45835278,Plein jour,Hors agglomération,Hors intersection,Normale,Deux véhicules - arrière,1,3,3,0,4,3,1,0,1,90,2,3,2,0,0,1,36.0,31.0,voiture,voiture,1,1,1,1,2
202400047013,2024-05-08 17:30:00,2024,5,8,17,30,42,42279,Avenue des Barques,45.501724,4.253098,Plein jour,En agglomération,Hors intersection,Normale,Deux véhicules - frontale,3,2,2,1,1,1,1,0,1,50,2,3,1,0,0,2,40.0,38.0,deux_roues,deux_roues,1,2,1,1,1
202400047014,2024-03-30 12:20:00,2024,3,30,12,20,13,13103,ALLEE  DE LA LIBERTE,43.63783641,5.09526288,Plein jour,En agglomération,Intersection en T,Normale,Deux véhicules - frontale,4,1,2,0,1,1,1,0,1,30,1,2,1,0,0,1,34.0,,voiture,,1,2,3,1,1
202400047014,2024-03-30 12:20:00,2024,3,30,12,20,13,13103,ALLEE  DE LA LIBERTE,43.63783641,5.09526288,Plein jour,En agglomération,Intersection en T,Normale,Deux véhicules - frontale,4,2,2,0,1,2,1,0,1,30,1,2,1,0,0,1,34.0,,voiture,,1,2,3,1,1
202400047015,2024-01-06 23:00:00,2024,1,6,23,0,92,92036,AUTOROUTE A15,48.93900272,2.29566479,Nuit sans éclairage public,Hors agglomération,Hors intersection,Pluie légère,Autre collision,1,1,2,0,1,2,2,3,1,50,1,1,0,0,0,1,21.0,,voiture,,3,1,1,2,6
202400047016,2024-02-19 14:45:00,2024,2,19,14,45,33,33162,,44.867127,-0.649311,Plein jour,Hors agglomération,Hors intersection,Normale,Autre collision,1,3,6,0,1,1,1,0,1,90,2,2,1,0,0,1,37.0,51.0,utilitaire_camion,deux_roues,1,1,1,1,6
202400047017,2024-05-08 06:45:00,2024,5,8,6,45,67,67411,D500,48.498237,7.504784,Plein jour,Hors agglomération,Hors intersection,Normale,Sans collision,3,3,2,0,1,1,1,0,2,110,1,1,0,0,1,0,35.0,,voiture,,1,1,1,1,7
202400047018,2024-03-30 23:23:00,2024,3,30,23,23,13,13210,L ARMEE D AFRIQUE (CHEMIN DE L'),43.28624,5.41756,Nuit sans éclairage public,En agglomération,Hors intersection,Temps couvert,Autre collision,4,2,2,0,2,3,2,0,1,50,1,3,1,0,1,1,,,voiture,,3,2,1,8,6
202400047019,2024-03-29 16:25:00,2024,3,29,16,25,13,13202,JOLIETTE (QUAI DE LA),43.30484,5.36522,Plein jour,En agglomération,Intersection en T,Normale,Deux véhicules - côté,4,1,1,0,1,1,1,0,1,50,2,3,2,0,0,1,35.0,31.0,voiture,voiture,1,2,3,1,3
202400047019,2024-03-29 16:25:00,2024,3,29,16,25,13,13202,JOLIETTE (QUAI DE LA),43.30484,5.36522,Plein jour,En agglomération,Intersection en T,Normale,Deux véhicules - côté,4,1,2,3,1,1,1,0,1,50,2,3,2,0,0,1,35.0,31.0,voiture,voiture,1,2,3,1,3
202400047020,2024-05-08 10:45:00,2024,5,8,10,45,82,82121,A20 PK 410.350,44.05896947,1.42099321,Plein jour,Hors agglomération,Hors intersection,Normale,Deux véhicules - côté,1,1,2,0,1,3,1,0,8,130,2,2,1,0,0,1,,43.0,autre,voiture,1,1,1,1,3
202400047021,2024-02-18 18:27:00,2024,2,18,18,27,33,33013,,44.86807,-0.494085,Plein jour,Hors agglomération,Hors intersection,Normale,Trois véhicules et plus - en chaîne,2,3,4,0,1,1,1,0,1,70,4,6,5,0,0,1,57.0,24.0,voiture,voiture,1,1,1,1,4
202400047022,2024-01-05 20:50:00,2024,1,5,20,50,974,97411,RN2/043,-20.8868,55.4907,Nuit sans éclairage public,Hors agglomération,Autre intersection,Normale,Deux véhicules - côté,2,3,5,0,1,3,1,3,1,70,2,6,2,0,0,4,29.0,44.0,utilitaire_camion,voiture,3,1,9,1,3
202400047023,2024-03-29 20:58:00,2024,3,29,20,58,13,13047,D.16,43.51907,5.00709,Nuit sans éclairage public,Hors agglomération,Hors intersection,Normale,Deux véhicules - frontale,7,2,2,0,1,2,1,0,1,70,2,5,0,0,3,2,26.0,22.0,voiture,voiture,3,1,1,1,1
202400047024,2024-02-19 08:30:00,2024,2,19,8,30,59,59523,AUTOROUTE A23,50.5954,3.1463,Plein jour,Hors agglomération,Hors intersection,Normale,Sans collision,1,3,6,0,1,1,1,0,1,70,1,1,0,0,0,1,23.0,,deux_roues,,1,1,1,1,7
202400047025,2024-05-07 08:30:00,2024,5,7,8,30,987,98757,Hakahau,-9.409022,-140.075236,Plein jour,En agglomération,Hors intersection,Normale,Deux véhicules - frontale,4,2,2,0,2,3,1,0,1,30,1,1,0,0,1,0,47.0,,deux_roues,,1,2,1,1,1
202400047026,2024-01-06 07:10:00,2024,1,6,7,10,974,97409,CAMBUSTON (rue de),-20.93238,55.64609,Plein jour,En agglomération,Giratoire,Normale,Deux véhicules - côté,3,2,2,0,1,1,1,9,8,50,2,2,1,0,0,1,67.0,68.0,voiture,deux_roues,1,2,6,1,3
202400047026,2024-01-06 07:10:00,2024,1,6,7,10,974,97409,CAMBUSTON (rue de),-20.93238,55.64609,Plein jour,En agglomération,Giratoire,Normale,Deux véhicules - côté,3,2,2,0,1,1,1,9,8,50,2,2,1,0,0,1,67.0,68.0,voiture,deux_roues,1,2,6,1,3
202400047027,2024-02-19 05:10:00,2024,2,19,5,10,92,92064,A13,48.83935719,2.21697208,Nuit avec éclairage allumé,Hors agglomération,Hors intersection,Normale,Autre collision,1,-1,2,0,1,3,1,1,1,70,1,4,0,3,1,0,27.0,,voiture,,5,1,1,1,6
202400047028,2024-03-29 19:30:00,2024,3,29,19,30,13,13047,D.5,43.59622,4.94133,Nuit sans éclairage public,Hors agglomération,Hors intersection,Normale,Trois véhicules et plus - collisions multiples,7,2,2,0,1,2,1,0,1,80,4,4,2,0,2,0,23.0,42.0,voiture,voiture,3,1,1,1,5
202400047029,2024-02-18 23:20:00,2024,2,18,23,20,93,93027,A16,48.92697436,2.40285895,Nuit sans éclairage public,Hors agglomération,Hors intersection,Pluie légère,Autre collision,1,1,2,0,1,3,2,0,1,50,1,2,1,0,0,1,52.0,,voiture,,3,1,1,2,6
202400047030,2024-05-07 19:14:00,2024,5,7,19,14,77,77060,33 Route de Puiseaux,48.282115,2.42579,Plein jour,En agglomération,Hors intersection,Normale,Deux véhicules - arrière,3,2,2,0,1,1,1,0,1,50,2,2,1,0,1,0,36.0,66.0,deux_roues,voiture,1,2,1,1,2
202400047031,2024-03-29 18:15:00,2024,3,29,18,15,11,11069,,43.21223,2.37109,Plein jour,En agglomération,Hors intersection,Normale,Deux véhicules - côté,4,2,1,0,1,1,1,0,1,50,2,2,1,0,0,1,19.0,70.0,deux_roues,voiture,1,2,1,1,3
202400047032,2024-01-07 01:15:00,2024,1,7,1,15,69,69387,Boulevard Yves Farge,45.74036,4.83171,Nuit avec éclairage allumé,En agglomération,Intersection en T,Pluie légère,Deux véhicules - côté,4,2,2,2,1,1,2,0,1,30,2,2,1,0,0,1,19.0,31.0,voiture,deux_roues,5,2,3,2,3
202400047032,2024-01-07 01:15:00,2024,1,7,1,15,69,69387,Boulevard Yves Farge,45.74036,4.83171,Nuit avec éclairage allumé,En agglomération,Intersection en T,Pluie légère,Deux véhicules - côté,4,2,2,2,1,1,2,0,1,30,2,2,1,0,0,1,19.0,31.0,voiture,deux_roues,5,2,3,2,3
202400047033,2024-02-18 18:18:00,2024,2,18,18,18,95,95277,A3,48.97610066,2.49089506,Nuit sans éclairage public,Hors agglomération,Hors intersection,Pluie légère,Autre collision,1,1,4,0,1,1,2,0,1,70,2,2,1,0,0,1,20.0,63.0,voiture,voiture,3,1,1,2,6
202400047034,2024-03-26 18:15:00,2024,3,26,18,15,10,10387,JULES GUESDE (RUE),48.28568,4.08339,Plein jour,En agglomération,Hors intersection,Pluie légère,Sans collision,4,2,2,0,1,1,2,0,1,50,1,1,0,0,0,1,19.0,,deux_roues,,1,2,1,2,7
202400047035,2024-05-08 07:13:00,2024,5,8,7,13,95,95446,D64,49.12379121,2.18211113,Plein jour,En agglomération,Giratoire,Normale,Autre collision,3,2,2,0,1,3,1,0,4,50,1,2,0,0,2,0,21.0,,voiture,,1,2,6,1,6
202400047036,2024-01-06 17:05:00,2024,1,6,17,5,69,69387,Avenue Félix Faure,45.75246,4.84951,Crépuscule ou aube,En agglomération,Hors intersection,Pluie légère,Deux véhicules - côté,4,1,1,2,1,1,2,0,1,30,2,2,1,0,0,1,26.0,13.0,voiture,deux_roues,2,2,1,2,3
202400047037,2024-03-30 06:22:00,2024,3,30,6,22,10,10387,AMBROISE COTTET (RUE),48.30211,4.06667,Crépuscule ou aube,En agglomération,Intersection en X,Temps couvert,Sans collision,4,-1,2,0,1,1,2,0,1,50,1,1,0,0,0,1,54.0,,deux_roues,,2,2,2,8,7
202400047037,2024-03-30 06:22:00,2024,3,30,6,22,10,10387,AMBROISE COTTET (RUE),48.30211,4.06667,Crépuscule ou aube,En agglomération,Intersection en X,Temps couvert,Sans collision,4,-1,2,0,1,1,2,0,1,50,1,1,0,0,0,1,54.0,,deux_roues,,2,2,2,8,7
202400047038,2024-02-18 16:25:00,2024,2,18,16,25,95,95241,N104,49.04616124,2.45345229,Plein jour,Hors agglomération,Hors intersection,Pluie légère,Deux véhicules - côté,2,3,4,0,1,1,2,0,1,110,2,2,1,0,0,1,67.0,58.0,voiture,voiture,1,1,1,2,3
202400047039,2024-05-08 19:15:00,2024,5,8,19,15,13,13007,D45a,43.327309,5.664275,Plein jour,En agglomération,Hors intersection,Normale,Deux véhicules - côté,3,2,2,0,1,3,1,0,1,80,2,2,1,0,1,0,51.0,63.0,deux_roues,voiture,1,2,1,1,3
202400047040,2024-01-06 12:13:00,2024,1,6,12,13,2B,2B033,AV DE LA LIBERATION,42.67939,9.44319,Plein jour,En agglomération,Autre intersection,Normale,Deux véhicules - côté,4,2,2,0,1,1,1,0,1,50,2,3,2,0,0,1,19.0,62.0,deux_roues,voiture,1,2,9,1,3
202400047041,2024-02-17 23:45:00,2024,2,17,23,45,93,93066,A1,48.92016565,2.35720106,Nuit avec éclairage allumé,Hors agglomération,Hors intersection,Normale,Deux véhicules - côté,1,3,4,0,1,1,1,0,1,90,2,3,2,0,0,1,37.0,40.0,voiture,voiture,5,1,1,1,3
202400047042,2024-03-30 21:00:00,2024,3,30,21,0,06,06027,Avenue de Nice,43.6593503,7.1658972,Nuit avec éclairage allumé,En agglomération,Hors intersection,Pluie légère,Deux véhicules - arrière,7,2,2,0,1,1,2,0,1,50,2,3,1,0,0,2,,40.0,utilitaire_camion,voiture,5,2,1,2,2
202400047043,2024-06-13 09:35:00,2024,6,13,9,35,94,94002,A86,48.7761544,2.42762751,Plein jour,Hors agglomération,Hors intersection,Normale,Deux véhicules - côté,1,-1,3,0,1,1,1,0,1,90,2,2,1,0,0,1,45.0,23.0,deux_roues,utilitaire_camion,1,1,1,1,3
202400047044,2024-07-13 11:00:00,2024,7,13,11,0,48,48166,D983,44.260538,3.622141,Plein jour,Hors agglomération,Hors intersection,Normale,Autre collision,3,2,2,0,2,2,9,0,3,90,1,1,0,0,1,0,53.0,,deux_roues,,1,1,1,1,6
202400047045,2024-05-07 15:50:00,2024,5,7,15,50,67,67131,M468,48.497313,7.73099,Plein jour,Hors agglomération,Hors intersection,Normale,Trois véhicules et plus - collisions multiples,7,-1,1,0,1,1,1,0,1,-1,3,3,2,0,0,1,18.0,83.0,voiture,voiture,1,1,1,1,5
202400047046,2024-02-17 16:46:00,2024,2,17,16,46,95,95277,A3,48.97463972,2.48962502,Plein jour,Hors agglomération,Autre intersection,Normale,Sans collision,1,1,1,0,1,1,1,3,1,50,1,2,0,0,0,2,24.0,,deux_roues,,1,1,9,1,7
202400047047,2024-01-06 01:35:00,2024,1,6,1,35,971,97113,RN4 - SECTION RIVIERA,16.21759,-61.49368,Nuit avec éclairage allumé,Hors agglomération,Hors intersection,Normale,Deux véhicules - frontale,2,2,0,0,1,1,1,0,1,70,2,2,1,0,0,1,41.0,66.0,voiture,utilitaire_camion,5,1,1,1,1
202400047048,2024-02-18 22:00:00,2024,2,18,22,0,77,77122,RN104,48.65222,2.613267,Nuit sans éclairage public,Hors agglomération,Hors intersection,Pluie légère,Autre collision,2,1,3,0,3,3,2,3,1,90,1,1,0,0,0,1,45.0,,voiture,,3,1,1,2,6
202400047049,2024-06-13 05:10:00,2024,6,13,5,10,94,94074,N406,48.76926495,2.44995079,Crépuscule ou aube,Hors agglomération,Hors intersection,Normale,Deux véhicules - arrière,2,1,2,0,1,1,1,0,1,90,2,2,1,0,0,1,49.0,38.0,deux_roues,voiture,2,1,1,1,2
202400047050,2024-07-15 16:55:00,2024,7,15,16,55,08,08469,,49.63865149,4.77155593,Plein jour,Hors agglomération,Hors intersection,Normale,Deux véhicules - frontale,3,-1,2,0,2,1,1,0,1,80,2,3,0,0,2,1,19.0,26.0,voiture,voiture,1,1,1,1,1
202400047051,2024-03-30 09:00:00,2024,3,30,9,0,01,01053,boulevard andré levrier,46.207989,5.236083,Plein jour,En agglomération,Intersection à plus de 4 branches,Temps couvert,Trois véhicules et plus - en chaîne,4,2,5,0,1,1,1,0,1,50,3,3,2,0,0,1,62.0,91.0,voiture,voiture,1,2,5,8,4
202400047051,2024-03-30 09:00:00,2024,3,30,9,0,01,01053,boulevard andré levrier,46.207989,5.236083,Plein jour,En agglomération,Intersection à plus de 4 branches,Temps couvert,Trois véhicules et plus - en chaîne,4,2, -1,-1,1,1,1,0,1,-1,3,3,2,0,0,1,62.0,91.0,voiture,voiture,1,2,5,8,4
202400047052,2024-05-07 15:07:00,2024,5,7,15,7,73,73213,D5 - 326 rue des Belledonnes,45.55928585,5.95319644,Plein jour,En agglomération,Giratoire,Pluie légère,Trois véhicules et plus - en chaîne,3,3,2,0,1,3,2,5,1,50,3,3,2,0,0,1,59.0,51.0,voiture,voiture,1,2,6,2,4
202400047053,2024-01-06 05:00:00,2024,1,6,5,0,95,95637,OISE (BOULEVARD DE L'),49.03241149,2.0209077,Nuit avec éclairage allumé,En agglomération,Autre intersection,Temps couvert,Deux véhicules - frontale,4,2,2,0,1,1,2,5,1,50,2,5,0,0,1,4,31.0,31.0,voiture,voiture,5,2,9,8,1