accident_id,datetime,annee,mois,jour,heure,minute,departement,commune_insee,adresse,latitude,longitude,luminosite,agglomeration,intersection,meteo,collision,catr,circ,nbv,vosp,prof,plan,surf,infra,situ,vma,nb_vehicules,nb_usagers,nb_indemnes,nb_tues,nb_blesses_hosp,nb_blesses_legers,age_cond_1,age_cond_2,veh_type_cond_1,veh_type_cond_2,lum_code,agg_code,int_code,atm_code,col_code
202400047179,2024-08-20 15:16:00,2024,8,20,15,16,75,75101,BOULEVARD DE SEBASTOPOL,48.857728,2.347782,Plein jour,En agglomération,Intersection en X,Normale,Deux véhicules - côté,4,1,3,1,1,1,1,0,1,30,2,2,1,0,0,1,30.0,60.0,deux_roues,voiture,1,2,2,1,3
202400047180,2024-06-11 16:52:00,2024,6,11,16,52,86,86194,Route de Parthenay,46.598841,0.323157,Plein jour,En agglomération,Giratoire,Normale,Autre collision,4,2,2,0,1,1,1,0,1,30,1,2,1,0,1,0,42.0,,voiture,,1,2,6,1,6
202400047181,2024-03-29 12:50:00,2024,3,29,12,50,75,75108,AVENUE FRANKLIN D ROOSEVELT,48.870548,2.310073,Plein jour,En agglomération,Intersection en Y,Normale,Deux véhicules - côté,4,4,3,1,1,1,1,0,1,30,2,2,1,0,0,1,33.0,56.0,transport_commun,deux_roues,1,2,4,1,3
202400047181,2024-03-29 12:50:00,2024,3,29,12,50,75,75108,AVENUE FRANKLIN D ROOSEVELT,48.870548,2.310073,Plein jour,En agglomération,Intersection en Y,Normale,Deux véhicules - côté,4,-1, -1,-1,1,1,1,0,1,30,2,2,1,0,0,1,33.0,56.0,transport_commun,deux_roues,1,2,4,1,3
202400047182,2024-07-15 19:00:00,2024,7,15,19,0,69,69117,7 Allée du Vieux Chêne,45.843383,4.743869,Plein jour,En agglomération,Hors intersection,Normale,Sans collision,4,2,2,0,2,1,2,0,4,50,1,1,0,0,1,0,59.0,,voiture,,1,2,1,1,7
202400047183,2024-05-07 11:30:00,2024,5,7,11,30,95,95212,N104,49.02916645,2.53030842,Plein jour,Hors agglomération,Hors intersection,Normale,Autre collision,2,3,4,0,1,1,1,0,1,90,1,1,0,0,0,1,25.0,,voiture,,1,1,1,1,6
202400047184,2024-02-19 09:35:00,2024,2,19,9,35,35,35139,rote nationale 137,47.98047,-1.695784,Plein jour,Hors agglomération,Hors intersection,Normale,Deux véhicules - arrière,2,3,4,0,2,1,1,0,1,110,2,3,2,0,1,0,42.0,33.0,utilitaire_camion,utilitaire_camion,1,1,1,1,2
202400047185,2024-01-06 16:10:00,2024,1,6,16,10,29,29019,rue des Farines,48.419739,-4.509078,Plein jour,En agglomération,Hors intersection,Normale,Trois véhicules et plus - en chaîne,4,2,1,1,2,2,1,9,5,30,3,3,1,0,0,2,13.0,47.0,deux_roues,deux_roues,1,2,1,1,4
202400047186,2024-03-29 08:15:00,2024,3,29,8,15,75,75114,AVENUE DE LA PORTE DE CHATILLON,48.822321,2.314,Plein jour,En agglomération,Intersection en X,Pluie légère,Deux véhicules - côté,4,2,2,0,1,1,2,5,1,30,2,2,1,0,0,1,49.0,58.0,voiture,deux_roues,1,2,2,2,3
202400047186,2024-03-29 08:15:00,2024,3,29,8,15,75,75114,AVENUE DE LA PORTE DE CHATILLON,48.822321,2.314,Plein jour,En agglomération,Intersection en X,Pluie légère,Deux véhicules - côté,4,2,2,0,1,1,2,5,1,30,2,2,1,0,0,1,49.0,58.0,voiture,deux_roues,1,2,2,2,3
202400047187,2024-01-06 06:00:00,2024,1,6,6,0,25,25024,Route Départementale 437,46.93918,6.37486,Nuit sans éclairage public,Hors agglomération,Hors intersection,Pluie légère,Autre collision,3,2,2,0,1,2,2,0,1,90,1,1,0,0,0,1,35.0,,utilitaire_camion,,3,1,1,2,6
202400047188,2024-07-12 05:15:00,2024,7,12,5,15,44,44074,,47.201493,-1.668978,Nuit sans éclairage public,En agglomération,Hors intersection,Normale,Sans collision,7,2,2,0,1,1,9,9,6,50,1,1,0,0,1,0,48.0,,deux_roues,,3,2,1,1,7
202400047189,2024-08-19 23:35:00,2024,8,19,23,35,94,94081,Boulevard de Stalingrad,48.80003,2.38078,Nuit avec éclairage allumé,En agglomération,Autre intersection,Normale,Deux véhicules - côté,3,1,4,0,1,1,1,0,1,50,2,5,4,0,0,1,19.0,22.0,voiture,voiture,5,2,9,1,3
202400047189,2024-08-19 23:35:00,2024,8,19,23,35,94,94081,Boulevard de Stalingrad,48.80003,2.38078,Nuit avec éclairage allumé,En agglomération,Autre intersection,Normale,Deux véhicules - côté,3,2,2,0,1,1,1,0,1,50,2,5,4,0,0,1,19.0,22.0,voiture,voiture,5,2,9,1,3
202400047190,2024-06-09 20:20:00,2024,6,9,20,20,84,84035,MARSEILLE-RD938 (ROUTE DE),43.82771,5.03277,Plein jour,En agglomération,Hors intersection,Pluie légère,Deux véhicules - frontale,4,2,3,0,2,3,2,0,1,50,2,5,2,0,0,3,25.0,30.0,voiture,utilitaire_camion,1,2,1,2,1
202400047191,2024-05-07 09:15:00,2024,5,7,9,15,93,93010,A3,48.88991925,2.47342572,Plein jour,Hors agglomération,Hors intersection,Normale,Deux véhicules - arrière,1,-1,4,0,1,1,1,0,1,70,2,2,1,0,0,1,46.0,53.0,deux_roues,utilitaire_camion,1,1,1,1,2
202400047192,2024-02-19 14:00:00,2024,2,19,14,0,26,26325,rn7,45.269209,4.823771,Plein jour,Hors agglomération,Hors intersection,Normale,Deux véhicules - frontale,2,2,2,0,1,1,1,0,1,80,2,2,0,0,1,1,49.0,38.0,utilitaire_camion,voiture,1,1,1,1,1
202400047193,2024-03-30 14:30:00,2024,3,30,14,30,75,75104,RUE SAINT ANTOINE,48.85425,2.363724,Plein jour,En agglomération,Intersection en T,Temps couvert,Sans collision,4,2,2,2,1,1,1,5,5,30,1,1,0,0,0,1,36.0,,deux_roues,,1,2,3,8,7
202400047193,2024-03-30 14:30:00,2024,3,30,14,30,75,75104,RUE SAINT ANTOINE,48.85425,2.363724,Plein jour,En agglomération,Intersection en T,Temps couvert,Sans collision,4,2,3,1,1,1,1,5,5,30,1,1,0,0,0,1,36.0,,deux_roues,,1,2,3,8,7
202400047194,2024-01-06 14:00:00,2024,1,6,14,0,13,13103,ALLEE  DE LA SOLOGNE,43.65063,5.09563,Plein jour,En agglomération,Hors intersection,Normale,Autre collision,4,2,1,0,1,1,1,0,1,30,1,2,1,0,1,0,,,voiture,,1,2,1,1,6
202400047195,2024-08-20 10:38:00,2024,8,20,10,38,94,94043,Avenue Eugène Thomas,48.80985665,2.35999337,Plein jour,En agglomération,Hors intersection,Normale,Autre collision,3,-1,0,0,1,1,1,0,8,50,1,2,1,0,0,1,29.0,,voiture,,1,2,1,1,6
202400047196,2024-05-07 03:40:00,2024,5,7,3,40,75,75120,A3,48.86633319,2.41376281,Nuit sans éclairage public,Hors agglomération,Hors intersection,Normale,Autre collision,1,3,2,0,2,3,1,0,1,110,1,1,0,0,0,1,31.0,,voiture,,3,1,1,1,6
202400047197,2024-06-12 16:40:00,2024,6,12,16,40,84,84007,FONTCOUVERTE(Avenue de),43.93988,4.83677,Plein jour,Hors agglomération,Giratoire,Normale,Autre collision,4,2,2,2,1,1,1,5,5,50,1,2,1,0,0,1,,,voiture,,1,1,6,1,6
202400047197,2024-06-12 16:40:00,2024,6,12,16,40,84,84007,FONTCOUVERTE(Avenue de),43.93988,4.83677,Plein jour,Hors agglomération,Giratoire,Normale,Autre collision,4,1,1,0,1,1,1,5,1,30,1,2,1,0,0,1,,,voiture,,1,1,6,1,6
202400047198,2024-02-18 18:40:00,2024,2,18,18,40,66,66141,,42.743183,2.917766,Nuit avec éclairage allumé,En agglomération,Intersection en X,Normale,Deux véhicules - frontale,4,2,2,0,1,1,1,0,1,30,2,2,1,0,0,1,24.0,15.0,voiture,deux_roues,5,2,2,1,1
202400047198,2024-02-18 18:40:00,2024,2,18,18,40,66,66141,,42.743183,2.917766,Nuit avec éclairage allumé,En agglomération,Intersection en X,Normale,Deux véhicules - frontale,4,2, -1,-1,1,1,1,0,1,50,2,2,1,0,0,1,24.0,15.0,voiture,deux_roues,5,2,2,1,1
202400047199,2024-01-06 20:05:00,2024,1,6,20,5,13,13203,DESPIEDS (RUE),43.31151,5.386,Nuit avec éclairage allumé,En agglomération,Hors intersection,Normale,Deux véhicules - côté,4,1,1,0,2,1,1,0,1,50,2,2,1,0,0,1,42.0,,voiture,voiture,5,2,1,1,3
202400047200,2024-03-30 11:45:00,2024,3,30,11,45,75,75104,PLACE DE LA BASTILLE,48.85286147,2.36840236,Plein jour,En agglomération,Place,Pluie légère,Autre collision,4,1, -1,-1,1,1,2,0,4,30,1,1,0,0,0,1,16.0,,deux_roues,,1,2,7,2,6
202400047200,2024-03-30 11:45:00,2024,3,30,11,45,75,75104,PLACE DE LA BASTILLE,48.85286147,2.36840236,Plein jour,En agglomération,Place,Pluie légère,Autre collision,4,1, -1,0,1,1,2,6,4,30,1,1,0,0,0,1,16.0,,deux_roues,,1,2,7,2,6
202400047201,2024-07-16 14:00:00,2024,7,16,14,0,22,22162,D786,48.775297,-3.099174,Plein jour,Hors agglomération,Hors intersection,Normale,Trois véhicules et plus - en chaîne,3,2,2,0,1,1,1,0,1,80,5,5,4,0,0,1,52.0,20.0,voiture,voiture,1,1,1,1,4
202400047202,2024-05-06 14:30:00,2024,5,6,14,30,93,93029,A86,48.92609879,2.42244591,Plein jour,Hors agglomération,Hors intersection,Normale,Deux véhicules - côté,1,3,3,0,1,1,1,0,1,90,2,2,1,0,0,1,35.0,34.0,voiture,utilitaire_camion,1,1,1,1,3
202400047203,2024-08-20 22:40:00,2024,8,20,22,40,94,94021,254 Avenue de Stalingrad,48.76759,2.36799,Nuit avec éclairage non allumé,En agglomération,Hors intersection,Pluie légère,Deux véhicules - arrière,3,-1,2,0,1,1,2,0,1,50,2,3,2,0,0,1,21.0,25.0,deux_roues,voiture,4,2,1,2,2
202400047204,2024-02-18 04:19:00,2024,2,18,4,19,69,69084,Route des Labourons,46.20726058,4.67943957,Nuit sans éclairage public,Hors agglomération,Hors intersection,Normale,Autre collision,3,2,2,0,1,1,1,0,3,50,1,1,0,0,0,1,30.0,,voiture,,3,1,1,1,6
202400047205,2024-01-06 05:35:00,2024,1,6,5,35,13,13211,BARASSE,43.28589,5.4796,Nuit avec éclairage allumé,En agglomération,Giratoire,Normale,Deux véhicules - frontale,4,1,1,0,1,3,1,0,1,50,1,3,0,0,0,3,21.0,,voiture,,5,2,6,1,1
202400047205,2024-01-06 05:35:00,2024,1,6,5,35,13,13211,BARASSE,43.28589,5.4796,Nuit avec éclairage allumé,En agglomération,Giratoire,Normale,Deux véhicules - frontale,4,2,2,0,1,1,1,0,1,50,1,3,0,0,0,3,21.0,,voiture,,5,2,6,1,1
202400047206,2024-06-11 16:15:00,2024,6,11,16,15,84,84007,EISENHOWER (Avenue),43.94287,4.79887,Plein jour,En agglomération,Hors intersection,Normale,Deux véhicules - côté,4,2,3,2,1,1,1,0,1,50,2,3,2,0,0,1,36.0,83.0,voiture,voiture,1,2,1,1,3
202400047207,2024-03-29 15:00:00,2024,3,29,15,0,75,75101,RUE DE RIVOLI,48.8623,2.33705,Plein jour,En agglomération,Intersection en T,Normale,Deux véhicules - côté,4,1, -1,-1,1,1,1,0,5,30,2,2,1,0,0,1,19.0,58.0,deux_roues,deux_roues,1,2,3,1,3
202400047207,2024-03-29 15:00:00,2024,3,29,15,0,75,75101,RUE DE RIVOLI,48.8623,2.33705,Plein jour,En agglomération,Intersection en T,Normale,Deux véhicules - côté,4,1,3,1,1,1,1,0,5,30,2,2,1,0,0,1,19.0,58.0,deux_roues,deux_roues,1,2,3,1,3
202400047208,2024-05-06 09:15:00,2024,5,6,9,15,93,93006,A3,48.86690246,2.42530059,Plein jour,Hors agglomération,Hors intersection,Normale,Autre collision,1,3,4,0,1,1,1,0,1,90,1,1,0,0,0,1,27.0,,deux_roues,,1,1,1,1,6
202400047209,2024-07-10 14:15:00,2024,7,10,14,15,54,54312,Autoroute A 31,48.92409717,6.11017942,Plein jour,Hors agglomération,Hors intersection,Normale,Deux véhicules - arrière,1,3,4,0,1,1,1,0,1,110,2,4,2,0,0,2,30.0,76.0,utilitaire_camion,voiture,1,1,1,1,2
202400047210,2024-08-20 12:50:00,2024,8,20,12,50,93,93066,Boulevard Jules Guesde,48.93458158,2.35014055,Plein jour,En agglomération,Hors intersection,Normale,Deux véhicules - côté,4,2,3,3,1,1,1,0,1,50,2,3,2,0,0,1,33.0,39.0,utilitaire_camion,transport_commun,1,2,1,1,3
202400047211,2024-02-18 18:45:00,2024,2,18,18,45,71,71416,Route des Patreux,46.45483943,4.76418167,Nuit sans éclairage public,Hors agglomération,Hors intersection,Pluie légère,Deux véhicules - frontale,3,-1,2,0,2,1,2,0,1,90,2,3,2,0,0,1,39.0,35.0,voiture,voiture,3,1,1,2,1
202400047212,2024-01-05 13:58:00,2024,1,5,13,58,10,10362,RD 660,48.2962,4.0058,Plein jour,Hors agglomération,Giratoire,Pluie légère,Autre collision,4,1,2,0,1,2,2,0,4,30,1,1,0,0,0,1,27.0,,utilitaire_camion,,1,1,6,2,6
202400047212,2024-01-05 13:58:00,2024,1,5,13,58,10,10362,RD 660,48.2962,4.0058,Plein jour,Hors agglomération,Giratoire,Pluie légère,Autre collision,4,2,2,0,1,1,2,0,4,30,1,1,0,0,0,1,27.0,,utilitaire_camion,,1,1,6,2,6
202400047213,2024-06-12 09:10:00,2024,6,12,9,10,84,84007,PIERRE SEMARD (avenue),43.94244,4.81639,Plein jour,En agglomération,Hors intersection,Normale,Deux véhicules - arrière,4,2,2,2,1,1,1,0,1,50,2,2,1,0,0,1,27.0,50.0,voiture,voiture,1,2,1,1,2
202400047214,2024-03-29 10:30:00,2024,3,29,10,30,75,75103,RUE DU FOREZ,48.863531,2.363316,Plein jour,En agglomération,Intersection en T,Normale,Autre collision,4,1,0,0,1,1,1,0,1,30,1,2,1,0,1,0,,,voiture,,1,2,3,1,6
202400047214,2024-03-29 10:30:00,2024,3,29,10,30,75,75103,RUE DU FOREZ,48.863531,2.363316,Plein jour,En agglomération,Intersection en T,Normale,Autre collision,4,1,0,0,1,1,1,0,1,30,1,2,1,0,1,0,,,voiture,,1,2,3,1,6
202400047215,2024-02-18 00:50:00,2024,2,18,0,50,89,89154,Rue des Ecoles,47.728976,3.471052,Nuit avec éclairage non allumé,En agglomération,Hors intersection,Normale,Autre collision,3,2,2,3,1,1,1,9,4,30,1,1,0,0,1,0,19.0,,deux_roues,,4,2,1,1,6
202400047216,2024-01-06 07:50:00,2024,1,6,7,50,08,08105,30 Rue de Flandre,49.77446,4.71717,Crépuscule ou aube,En agglomération,Autre intersection,Normale,Autre collision,4,2,2,0,1,1,1,0,1,50,1,2,1,0,0,1,63.0,,voiture,,2,2,9,1,6
202400047217,2024-07-15 12:00:00,2024,7,15,12,0,93,93027,AUTOROUTE A1,48.93637475,2.40695831,Plein jour,Hors agglomération,Hors intersection,Normale,Deux véhicules - arrière,1,3,3,0,1,1,1,0,1,90,2,2,1,0,0,1,42.0,54.0,voiture,deux_roues,1,1,1,1,2
202400047218,2024-05-06 19:30:00,2024,5,6,19,30,77,77122,A5b,48.6549656,2.61443581,Crépuscule ou aube,Hors agglomération,Hors intersection,Normale,Autre collision,1,1,3,0,1,3,1,0,1,110,3,4,2,0,0,2,22.0,25.0,voiture,voiture,2,1,1,1,6
202400047219,2024-06-12 08:00:00,2024,6,12,8,0,78,78688,PYRAMIDE (AVENUE DE LA),48.76211,2.04264,Plein jour,En agglomération,Hors intersection,Normale,Deux véhicules - arrière,3,1,0,0,1,1,1,0,1,50,2,2,1,0,0,1,19.0,31.0,deux_roues,voiture,1,2,1,1,2
202400047220,2024-08-19 01:30:00,2024,8,19,1,30,93,93053,Rue de Paris / Rue du Parc,48.89831866,2.44223258,Nuit sans éclairage public,En agglomération,Intersection en X,Normale,Deux véhicules - arrière,3,3,2,1,1,1,1,0,1,50,2,2,1,0,0,1,32.0,28.0,deux_roues,voiture,3,2,2,1,2
202400047220,2024-08-19 01:30:00,2024,8,19,1,30,93,93053,Rue de Paris / Rue du Parc,48.89831866,2.44223258,Nuit sans éclairage public,En agglomération,Intersection en X,Normale,Deux véhicules - arrière,3,3,4,0,1,1,1,8,1,-1,2,2,1,0,0,1,32.0,28.0,deux_roues,voiture,3,2,2,1,2
202400047221,2024-03-28 18:27:00,2024,3,28,18,27,94,94076,Rue François Billoux / Rue du 12 Fevrier,48.80219,2.35509,Plein jour,En agglomération,Intersection en X,Temps couvert,Autre collision,4,2,2,0,1,1,1,0,4,50,1,3,1,0,0,2,31.0,,voiture,,1,2,2,8,6
202400047222,2024-01-05 16:35:00,2024,1,5,16,35,02,02408,RD 1044,49.5508,3.59469,Plein jour,Hors agglomération,Intersection en T,Normale,Deux véhicules - arrière,3,2,2,0,1,1,1,0,1,50,2,3,2,0,1,0,76.0,49.0,deux_roues,voiture,1,1,3,1,2
202400047222,2024-01-05 16:35:00,2024,1,5,16,35,02,02408,RD 1044,49.5508,3.59469,Plein jour,Hors agglomération,Intersection en T,Normale,Deux véhicules - arrière,3,2,2,0,1,1,1,0,1,80,2,3,2,0,1,0,76.0,49.0,deux_roues,voiture,1,1,3,1,2
202400047223,2024-05-06 08:30:00,2024,5,6,8,30,94,94018,A4,48.82465601,2.39368239,Plein jour,Hors agglomération,Hors intersection,Normale,Deux véhicules - arrière,1,3,5,0,1,1,1,0,1,90,2,2,1,0,0,1,52.0,40.0,utilitaire_camion,deux_roues,1,1,1,1,2
202400047224,2024-01-31 14:00:00,2024,1,31,14,0,49,49132,Route du Porage,47.656087,-0.448079,Plein jour,Hors agglomération,Hors intersection,Normale,Trois véhicules et plus - collisions multiples,3,2,2,0,1,1,1,0,1,80,3,4,0,0,1,3,42.0,72.0,voiture,voiture,1,1,1,1,5
202400047225,2024-08-20 20:10:00,2024,8,20,20,10,92,92072,Pont de Sèvres,48.82816088,2.22606562,Plein jour,En agglomération,Hors intersection,Pluie légère,Autre collision,3,3,4,0,1,1,2,2,1,50,1,1,0,0,0,1,22.0,,voiture,,1,2,1,2,6
202400047226,2024-06-11 17:57:00,2024,6,11,17,57,78,78621,LAGRANGE (RUE LEO),48.77717,1.98188,Plein jour,En agglomération,Hors intersection,Normale,Deux véhicules - côté,4,2,2,0,1,1,1,0,1,50,2,2,1,0,0,1,30.0,38.0,deux_roues,voiture,1,2,1,1,3
202400047227,2024-03-29 20:18:00,2024,3,29,20,18,94,94044,Avenue de Verdun / Rue Emile Zola,48.749562,2.479782,Nuit avec éclairage allumé,En agglomération,Intersection en T,Pluie légère,Deux véhicules - frontale,3,2,2,0,1,1,2,5,1,50,2,2,1,0,1,0,69.0,36.0,voiture,deux_roues,5,2,3,2,1
202400047227,2024-03-29 20:18:00,2024,3,29,20,18,94,94044,Avenue de Verdun / Rue Emile Zola,48.749562,2.479782,Nuit avec éclairage allumé,En agglomération,Intersection en T,Pluie légère,Deux véhicules - frontale,3,2,2,-1,1,3,2,5,1,-1,2,2,1,0,1,0,69.0,36.0,voiture,deux_roues,5,2,3,2,1
202400047228,2024-01-05 12:20:00,2024,1,5,12,20,75,75112,PORTE DOREE,48.83687,2.412401,Plein jour,En agglomération,Hors intersection,Normale,Autre collision,4,1,4,0,1,1,1,0,1,70,3,3,2,0,0,1,57.0,29.0,deux_roues,voiture,1,2,1,1,6
202400047229,2024-05-02 10:25:00,2024,5,2,10,25,974,97407,CARPAYE(AVENUE),-20.9494,55.30105,Plein jour,En agglomération,Hors intersection,Normale,Deux véhicules - côté,2,2,2,1,1,1,1,9,1,50,2,2,1,1,0,0,34.0,66.0,utilitaire_camion,voiture,1,2,1,1,3
202400047230,2024-07-14 22:35:00,2024,7,14,22,35,93,93007,A1,48.94918034,2.44696197,Nuit sans éclairage public,Hors agglomération,Hors intersection,Normale,Trois véhicules et plus - collisions multiples,1,3,4,0,1,1,1,0,1,110,3,7,4,0,0,3,23.0,57.0,voiture,voiture,3,1,1,1,5
202400047231,2024-03-29 20:54:00,2024,3,29,20,54,94,94042,Avenue du Général Galliéni / Avenue du Parc,48.820144,2.475576,Nuit avec éclairage allumé,En agglomération,Intersection en T,Pluie légère,Deux véhicules - arrière,3,2,2,2,1,1,2,0,1,50,2,2,1,0,0,1,27.0,44.0,deux_roues,voiture,5,2,3,2,2
202400047231,2024-03-29 20:54:00,2024,3,29,20,54,94,94042,Avenue du Général Galliéni / Avenue du Parc,48.820144,2.475576,Nuit avec éclairage allumé,En agglomération,Intersection en T,Pluie légère,Deux véhicules - arrière,3,1,1,0,1,1,2,0,1,-1,2,2,1,0,0,1,27.0,44.0,deux_roues,voiture,5,2,3,2,2
202400047232,2024-08-20 16:50:00,2024,8,20,16,50,92,92036,LAURENT CELY (AVENUE) (2/152),48.93056117,2.30245712,Plein jour,En agglomération,Intersection en X,Pluie forte,Deux véhicules - arrière,3,2, -1,0,1,1,2,0,1,50,2,3,2,0,0,1,26.0,26.0,utilitaire_camion,voiture,1,2,2,3,2
202400047232,2024-08-20 16:50:00,2024,8,20,16,50,92,92036,LAURENT CELY (AVENUE) (2/152),48.93056117,2.30245712,Plein jour,En agglomération,Intersection en X,Pluie forte,Deux véhicules - arrière,3,2,0,0,1,1,2,0,1,50,2,3,2,0,0,1,26.0,26.0,utilitaire_camion,voiture,1,2,2,3,2
202400047233,2024-06-12 09:40:00,2024,6,12,9,40,77,77186,RD 142 ,48.480858,2.666937,Plein jour,Hors agglomération,Intersection en X,Normale,Deux véhicules - côté,3,2,2,0,1,1,1,0,1,70,2,2,0,1,0,1,38.0,40.0,voiture,utilitaire_camion,1,1,2,1,3
202400047233,2024-06-12 09:40:00,2024,6,12,9,40,77,77186,RD 142 ,48.480858,2.666937,Plein jour,Hors agglomération,Intersection en X,Normale,Deux véhicules - côté,3,2,2,0,1,1,1,0,1,70,2,2,0,1,0,1,38.0,40.0,voiture,utilitaire_camion,1,1,2,1,3
202400047234,2024-01-06 10:40:00,2024,1,6,10,40,75,75119,RUE DE CRIMEE,48.887173,2.380815,Plein jour,En agglomération,Intersection en X,Normale,Autre collision,4,1, -1,-1,1,1,1,0,5,30,1,2,1,0,0,1,,,deux_roues,,1,2,2,1,6
202400047234,2024-01-06 10:40:00,2024,1,6,10,40,75,75119,RUE DE CRIMEE,48.887173,2.380815,Plein jour,En agglomération,Intersection en X,Normale,Autre collision,4,1, -1,1,1,1,1,0,5,30,1,2,1,0,0,1,,,deux_roues,,1,2,2,1,6
202400047235,2024-02-19 10:30:00,2024,2,19,10,30,12,12291,"D29, PK 35.800",44.192113,3.02403,Plein jour,Hors agglomération,Hors intersection,Normale,Trois véhicules et plus - collisions multiples,3,2,2,0,1,1,1,0,1,90,4,7,3,0,0,4,22.0,17.0,voiture,voiture,1,1,1,1,5
202400047236,2024-05-06 13:00:00,2024,5,6,13,0,972,97213,ROUTE DEPARTEMENTALE 15,14.62623,-61.00785,Plein jour,Hors agglomération,Hors intersection,Normale,Deux véhicules - arrière,3,3,2,0,1,1,1,0,1,50,2,2,1,0,1,0,41.0,63.0,voiture,voiture,1,1,1,1,2
202400047237,2024-07-15 11:00:00,2024,7,15,11,0,77,77258,A4.W,48.830999,2.637122,Plein jour,Hors agglomération,Hors intersection,Normale,Deux véhicules - arrière,1,1,4,0,1,1,1,0,1,110,2,2,1,0,0,1,47.0,68.0,deux_roues,voiture,1,1,1,1,2
202400047238,2024-03-29 18:00:00,2024,3,29,18,0,94,94028,Avenue du Docteur Paul Casalis / Rue Maurice Utrillo,48.77998077,2.46020906,Plein jour,En agglomération,Intersection en T,Normale,Deux véhicules - côté,4,1,1,0,1,1,1,5,1,-1,2,2,1,0,0,1,37.0,39.0,utilitaire_camion,deux_roues,1,2,3,1,3
202400047238,2024-03-29 18:00:00,2024,3,29,18,0,94,94028,Avenue du Docteur Paul Casalis / Rue Maurice Utrillo,48.77998077,2.46020906,Plein jour,En agglomération,Intersection en T,Normale,Deux véhicules - côté,4,2,2,1,1,3,1,5,1,50,2,2,1,0,0,1,37.0,39.0,utilitaire_camion,deux_roues,1,2,3,1,3
202400047239,2024-01-06 18:36:00,2024,1,6,18,36,75,75118,BOULEVARD NEY,48.89872086,2.36937493,Nuit sans éclairage public,En agglomération,Hors intersection,Normale,Autre collision,4,2,2,3,1,1,2,-1,6,50,1,2,1,0,0,1,34.0,,transport_commun,,3,2,1,1,6
202400047240,2024-02-18 16:45:00,2024,2,18,16,45,42,42015,Route des Echarmeaux,46.170009,4.379296,Plein jour,Hors agglomération,Hors intersection,Normale,Sans collision,3,3,2,0,1,3,1,0,1,80,1,1,0,0,1,0,40.0,,deux_roues,,1,1,1,1,7
202400047241,2024-06-11 18:25:00,2024,6,11,18,25,77,77400,MOUROUX (ROUTE DE),48.81071,3.03794,Plein jour,Hors agglomération,Hors intersection,Temps couvert,Deux véhicules - frontale,4,2,2,0,2,2,2,0,8,80,2,3,1,0,2,0,51.0,50.0,voiture,voiture,1,1,1,8,1
202400047242,2024-08-20 16:00:00,2024,8,20,16,0,92,92035,Souvenir Français ( rond point du ),48.90648355,2.24868786,Plein jour,En agglomération,Giratoire,Pluie légère,Deux véhicules - côté,4,2,1,0,1,1,2,0,6,50,2,2,1,0,0,1,13.0,38.0,deux_roues,voiture,1,2,6,2,3
202400047242,2024-08-20 16:00:00,2024,8,20,16,0,92,92035,Souvenir Français ( rond point du ),48.90648355,2.24868786,Plein jour,En agglomération,Giratoire,Pluie légère,Deux véhicules - côté,4,4,4,0,1,1,2,0,6,50,2,2,1,0,0,1,13.0,38.0,deux_roues,voiture,1,2,6,2,3
202400047243,2024-05-06 14:20:00,2024,5,6,14,20,972,97213,ROUTE DEPARTEMENTALE 3,14.60018,-60.99732,Plein jour,Hors agglomération,Giratoire,Normale,Deux véhicules - arrière,3,1,2,0,1,2,1,0,1,2,2,2,1,0,0,1,52.0,42.0,deux_roues,utilitaire_camion,1,1,6,1,2
202400047244,2024-07-15 08:30:00,2024,7,15,8,30,77,77121,A104,48.837563,2.664575,Plein jour,Hors agglomération,Hors intersection,Normale,Deux véhicules - arrière,1,1,3,0,1,1,1,0,1,90,2,2,1,0,0,1,33.0,56.0,voiture,voiture,1,1,1,1,2
202400047245,2024-01-06 01:00:00,2024,1,6,1,0,75,75117,AVENUE DE VILLIERS,48.883319,2.307373,Nuit avec éclairage allumé,En agglomération,Intersection en X,Normale,Autre collision,4,2,1,1,1,1,1,0,1,30,1,2,1,0,0,1,,,deux_roues,,5,2,2,1,6
202400047245,2024-01-06 01:00:00,2024,1,6,1,0,75,75117,AVENUE DE VILLIERS,48.883319,2.307373,Nuit avec éclairage allumé,En agglomération,Intersection en X,Normale,Autre collision,4,2, -1,-1,1,1,1,0,1,30,1,2,1,0,0,1,,,deux_roues,,5,2,2,1,6
202400047246,2024-03-30 03:30:00,2024,3,30,3,30,94,94058,Rue Charles Ollier / Rue de Metz,48.84179,2.4963,Nuit avec éclairage allumé,En agglomération,Intersection en X,Pluie forte,Deux véhicules - côté,4,1,1,2,1,1,2,0,1,-1,2,3,2,0,0,1,,39.0,voiture,voiture,5,2,2,3,3
202400047246,2024-03-30 03:30:00,2024,3,30,3,30,94,94058,Rue Charles Ollier / Rue de Metz,48.84179,2.4963,Nuit avec éclairage allumé,En agglomération,Intersection en X,Pluie forte,Deux véhicules - côté,4,1,1,0,1,1,2,0,1,30,2,3,2,0,0,1,,39.0,voiture,voiture,5,2,2,3,3
202400047247,2024-02-16 10:08:00,2024,2,16,10,8,44,44216,10 Place de la Mairie,46.971508,-1.434306,Plein jour,En agglomération,Hors intersection,Normale,Autre collision,3,2,2,0,1,1,1,6,1,30,1,2,1,0,1,0,73.0,,voiture,,1,2,1,1,6