accident_id,datetime,annee,mois,jour,heure,minute,departement,commune_insee,adresse,latitude,longitude,luminosite,agglomeration,intersection,meteo,collision,catr,circ,nbv,vosp,prof,plan,surf,infra,situ,vma,nb_vehicules,nb_usagers,nb_indemnes,nb_tues,nb_blesses_hosp,nb_blesses_legers,age_cond_1,age_cond_2,veh_type_cond_1,veh_type_cond_2,lum_code,agg_code,int_code,atm_code,col_code
202400047379,2024-03-29 19:40:00,2024,3,29,19,40,93,93048,Avenue Ernest Renan / Rue Lenain de Tillemont,48.85660052,2.46655136,Nuit avec éclairage allumé,En agglomération,Intersection en T,Pluie forte,Deux véhicules - côté,3,1,1,2,1,1,2,0,1,30,2,2,1,0,0,1,21.0,41.0,voiture,deux_roues,5,2,3,3,3
202400047380,2024-02-18 11:00:00,2024,2,18,11,0,21,21038,1 Rue de Chevigny,47.193653,5.393761,Plein jour,En agglomération,Hors intersection,Normale,Sans collision,4,2,2,0,1,1,1,0,1,50,1,1,0,0,0,1,56.0,,deux_roues,,1,2,1,1,7
202400047381,2024-01-06 09:30:00,2024,1,6,9,30,87,87038,Rue Saint-eloi,45.908178,1.264903,Plein jour,Hors agglomération,Hors intersection,Pluie légère,Autre collision,3,2,2,0,1,2,2,0,3,80,1,1,0,0,0,1,23.0,,deux_roues,,1,1,1,2,6
202400047382,2024-06-11 17:50:00,2024,6,11,17,50,49,49007,CAPUCINS SQUARE ET RUE,47.48786,-0.55416,Plein jour,En agglomération,Hors intersection,Normale,Deux véhicules - côté,4,3,2,0,1,1,1,0,1,50,2,2,1,0,0,1,74.0,23.0,voiture,deux_roues,1,2,1,1,3
202400047383,2024-09-24 20:20:00,2024,9,24,20,20,83,83137,RIVIERE NEUVE (QUAI DE LA),43.13195,5.90409,Nuit avec éclairage allumé,En agglomération,Giratoire,Normale,Autre collision,4,3,1,0,1,1,2,0,8,50,1,2,1,0,0,1,,,utilitaire_camion,,5,2,6,1,6
202400047383,2024-09-24 20:20:00,2024,9,24,20,20,83,83137,RIVIERE NEUVE (QUAI DE LA),43.13195,5.90409,Nuit avec éclairage allumé,En agglomération,Giratoire,Normale,Autre collision,4,3,1,0,1,3,2,0,1,50,1,2,1,0,0,1,,,utilitaire_camion,,5,2,6,1,6
202400047384,2024-03-29 14:05:00,2024,3,29,14,5,93,93032,Rue Aristide Briand,48.87897429,2.53329992,Plein jour,En agglomération,Hors intersection,Normale,Deux véhicules - arrière,3,2,2,0,1,1,1,0,1,50,2,2,1,0,0,1,33.0,32.0,utilitaire_camion,deux_roues,1,2,1,1,2
202400047385,2024-05-03 17:06:00,2024,5,3,17,6,62,62035,D181E4,50.53117,2.60398,Plein jour,En agglomération,Giratoire,Normale,Deux véhicules - côté,3,2,1,0,1,3,1,0,1,50,2,2,1,0,0,1,55.0,19.0,deux_roues,voiture,1,2,6,1,3
202400047385,2024-05-03 17:06:00,2024,5,3,17,6,62,62035,D181E4,50.53117,2.60398,Plein jour,En agglomération,Giratoire,Normale,Deux véhicules - côté,3,3,1,0,1,2,1,5,1,50,2,2,1,0,0,1,55.0,19.0,deux_roues,voiture,1,2,6,1,3
202400047386,2024-07-13 13:58:00,2024,7,13,13,58,91,91339,RTE NATIONALE 20,48.631,2.271,Plein jour,Hors agglomération,Hors intersection,Normale,Deux véhicules - arrière,3,2,4,0,1,1,1,0,1,90,2,2,1,0,0,1,31.0,31.0,voiture,voiture,1,1,1,1,2
202400047387,2024-02-06 09:30:00,2024,2,6,9,30,07,07324,Avenue Helene de Tournon,45.054348,4.838458,Plein jour,En agglomération,Hors intersection,Normale,Deux véhicules - côté,6,-1, -1,0,1,1,1,0,1,10,2,2,1,0,0,1,75.0,,deux_roues,voiture,1,2,1,1,3
202400047388,2024-08-20 11:15:00,2024,8,20,11,15,63,63233,RD533,46.183966,2.817703,Plein jour,Hors agglomération,Intersection en X,Normale,Deux véhicules - côté,3,2,2,0,1,1,1,0,1,90,2,6,0,0,0,6,66.0,63.0,voiture,utilitaire_camion,1,1,2,1,3
202400047388,2024-08-20 11:15:00,2024,8,20,11,15,63,63233,RD533,46.183966,2.817703,Plein jour,Hors agglomération,Intersection en X,Normale,Deux véhicules - côté,3,2,2,-1,1,1,1,0,1,80,2,6,0,0,0,6,66.0,63.0,voiture,utilitaire_camion,1,1,2,1,3
202400047389,2024-05-06 20:11:00,2024,5,6,20,11,61,61006,Voie Communale,48.743581,-0.022096,Plein jour,En agglomération,Hors intersection,Pluie légère,Autre collision,4,1,1,0,1,1,2,0,4,50,1,1,0,0,0,1,27.0,,deux_roues,,1,2,1,2,6
202400047390,2024-02-18 03:30:00,2024,2,18,3,30,07,07182,Route de Jaujac,44.642674,4.315009,Nuit avec éclairage allumé,En agglomération,Hors intersection,Normale,Sans collision,3,2,2,0,1,1,1,0,1,50,1,1,0,0,1,0,18.0,,deux_roues,,5,2,1,1,7
202400047391,2024-03-30 17:00:00,2024,3,30,17,0,93,93047,Avenue Jean Jaurés,48.89885951,2.5488579,Plein jour,En agglomération,Autre intersection,Normale,Autre collision,6,-1,0,0,1,1,1,9,1,30,1,2,1,0,0,1,48.0,,voiture,,1,2,9,1,6
202400047392,2024-09-24 06:40:00,2024,9,24,6,40,83,83137,BRIAND (AVE ARISTIDE DE 1 A 1219,43.12376,5.89588,Crépuscule ou aube,Hors agglomération,Hors intersection,Normale,Deux véhicules - arrière,3,-1,3,0,1,1,1,9,1,50,2,2,0,0,1,1,42.0,47.0,voiture,deux_roues,2,1,1,1,2
202400047393,2024-07-14 11:15:00,2024,7,14,11,15,91,91514,RUE DE LA GARE,48.67915,2.53488,Plein jour,En agglomération,Autre intersection,Normale,Autre collision,6,-1, -1,0,1,1,1,0,4,30,1,2,1,0,1,0,25.0,,voiture,,1,2,9,1,6
202400047394,2024-06-12 12:45:00,2024,6,12,12,45,44,44184,52 Rue du Maine,47.27754456,-2.21096367,Plein jour,En agglomération,Intersection en X,Normale,Deux véhicules - côté,4,1,1,2,1,1,1,5,1,50,2,3,2,0,0,1,22.0,77.0,voiture,voiture,1,2,2,1,3
202400047394,2024-06-12 12:45:00,2024,6,12,12,45,44,44184,52 Rue du Maine,47.27754456,-2.21096367,Plein jour,En agglomération,Intersection en X,Normale,Deux véhicules - côté,4,2,2,0,1,1,1,0,1,50,2,3,2,0,0,1,22.0,77.0,voiture,voiture,1,2,2,1,3
202400047395,2024-05-06 08:35:00,2024,5,6,8,35,61,61001,D26,48.442991,0.087859,Plein jour,En agglomération,Intersection en X,Normale,Deux véhicules - côté,3,2,2,0,2,1,1,0,5,30,2,2,1,0,1,0,34.0,48.0,deux_roues,voiture,1,2,2,1,3
202400047395,2024-05-06 08:35:00,2024,5,6,8,35,61,61001,D26,48.442991,0.087859,Plein jour,En agglomération,Intersection en X,Normale,Deux véhicules - côté,3,2,3,2,1,1,1,5,5,50,2,2,1,0,1,0,34.0,48.0,deux_roues,voiture,1,2,2,1,3
202400047396,2024-02-19 10:00:00,2024,2,19,10,0,69,69099,Route de Clermont,45.724312,4.390191,Plein jour,Hors agglomération,Intersection en X,Normale,Deux véhicules - côté,3,2,2,0,2,1,1,0,1,80,2,2,0,0,0,2,30.0,58.0,voiture,voiture,1,1,2,1,3
202400047396,2024-02-19 10:00:00,2024,2,19,10,0,69,69099,Route de Clermont,45.724312,4.390191,Plein jour,Hors agglomération,Intersection en X,Normale,Deux véhicules - côté,3,2,2,0,1,1,1,0,1,80,2,2,0,0,0,2,30.0,58.0,voiture,voiture,1,1,2,1,3
202400047397,2024-03-30 20:20:00,2024,3,30,20,20,93,93005,Avenue Pierre Semard / Avenue Paul Vaillant Couturier,48.92940514,2.48005629,Nuit sans éclairage public,En agglomération,Intersection à plus de 4 branches,Normale,Deux véhicules - côté,3,2,2,0,1,2,1,0,1,-1,2,2,1,0,0,1,21.0,30.0,voiture,deux_roues,3,2,5,1,3
202400047397,2024-03-30 20:20:00,2024,3,30,20,20,93,93005,Avenue Pierre Semard / Avenue Paul Vaillant Couturier,48.92940514,2.48005629,Nuit sans éclairage public,En agglomération,Intersection à plus de 4 branches,Normale,Deux véhicules - côté,3,2,2,0,1,1,1,0,1,50,2,2,1,0,0,1,21.0,30.0,voiture,deux_roues,3,2,5,1,3
202400047398,2024-09-23 16:10:00,2024,9,23,16,10,82,82033,Route de Belleperche,44.01884,1.11869,Plein jour,Hors agglomération,Hors intersection,Normale,Deux véhicules - arrière,3,-1,2,0,1,1,1,0,1,80,2,3,0,0,0,3,32.0,19.0,utilitaire_camion,voiture,1,1,1,1,2
202400047399,2024-07-14 11:20:00,2024,7,14,11,20,91,91201,BD HENRI BARBUSSE,48.6954,2.4144,Plein jour,En agglomération,Hors intersection,Normale,Autre collision,3,2,2,0,1,1,1,0,1,50,1,2,1,0,0,1,29.0,,voiture,,1,2,1,1,6
202400047400,2024-08-19 15:35:00,2024,8,19,15,35,86,86113,rue du coteau,46.483703,0.30807,Plein jour,En agglomération,Intersection en T,Normale,Sans collision,4,2,2,0,2,2,1,0,1,50,1,1,0,0,1,0,23.0,,deux_roues,,1,2,3,1,7
202400047400,2024-08-19 15:35:00,2024,8,19,15,35,86,86113,rue du coteau,46.483703,0.30807,Plein jour,En agglomération,Intersection en T,Normale,Sans collision,4,2, -1,-1,2,1,1,0,1,-1,1,1,0,0,1,0,23.0,,deux_roues,,1,2,3,1,7
202400047401,2024-05-06 18:40:00,2024,5,6,18,40,59,59367,RD 700,50.67144,3.22349,Plein jour,Hors agglomération,Hors intersection,Normale,Deux véhicules - arrière,7,2,2,0,1,1,1,5,1,90,2,2,1,0,0,1,24.0,35.0,utilitaire_camion,utilitaire_camion,1,1,1,1,2
202400047402,2024-06-12 10:09:00,2024,6,12,10,9,38,38151,AVENUE DES F.T.P.F.,45.14803655,5.72420955,Plein jour,En agglomération,Intersection en T,Normale,Autre collision,4,2,3,0,1,1,1,0,1,50,1,1,0,0,1,0,63.0,,deux_roues,,1,2,3,1,6
202400047402,2024-06-12 10:09:00,2024,6,12,10,9,38,38151,AVENUE DES F.T.P.F.,45.14803655,5.72420955,Plein jour,En agglomération,Intersection en T,Normale,Autre collision,4,2,2,0,1,1,1,0,1,50,1,1,0,0,1,0,63.0,,deux_roues,,1,2,3,1,6
202400047403,2024-02-18 19:22:00,2024,2,18,19,22,09,09160,Avenue Général de Gaulle,42.929464,1.856791,Nuit avec éclairage allumé,En agglomération,Hors intersection,Normale,Sans collision,3,3,2,0,1,1,1,0,1,50,1,1,0,0,0,1,20.0,,deux_roues,,5,2,1,1,7
202400047404,2024-03-29 07:45:00,2024,3,29,7,45,92,92077,MARNES (ROUTE DE),48.8270465,2.18755031,Plein jour,En agglomération,Hors intersection,Normale,Autre collision,3,-1,2,0,4,1,1,0,1,50,1,2,1,0,0,1,55.0,,voiture,,1,2,1,1,6
202400047405,2024-02-18 19:45:00,2024,2,18,19,45,31,31229,Route de Rieumes,43.325654,1.126147,Nuit sans éclairage public,Hors agglomération,Hors intersection,Normale,Autre collision,3,2,2,0,2,4,1,0,3,80,1,1,0,0,1,0,62.0,,voiture,,3,1,1,1,6
202400047406,2024-07-14 06:20:00,2024,7,14,6,20,91,91027,AV FRANCOIS MITTERRAND,48.70855,2.37142,Plein jour,En agglomération,Hors intersection,Normale,Deux véhicules - côté,3,2,0,0,1,1,1,0,1,50,2,2,1,0,0,1,44.0,,voiture,voiture,1,2,1,1,3
202400047407,2024-05-06 09:55:00,2024,5,6,9,55,58,58194,JEAN MOULIN,46.98467,3.1779,Plein jour,En agglomération,Intersection en T,Normale,Deux véhicules - côté,4,2,2,0,1,1,1,0,1,30,2,2,1,0,0,1,32.0,53.0,voiture,utilitaire_camion,1,2,3,1,3
202400047407,2024-05-06 09:55:00,2024,5,6,9,55,58,58194,JEAN MOULIN,46.98467,3.1779,Plein jour,En agglomération,Intersection en T,Normale,Deux véhicules - côté,4,2,3,0,1,1,1,0,1,50,2,2,1,0,0,1,32.0,53.0,voiture,utilitaire_camion,1,2,3,1,3
202400047408,2024-09-23 17:05:00,2024,9,23,17,5,79,79081,,46.34195,-0.38448,Plein jour,En agglomération,Intersection en T,Temps couvert,Deux véhicules - côté,4,1,1,0,1,1,2,0,1,50,2,2,1,0,1,0,78.0,53.0,voiture,deux_roues,1,2,3,8,3
202400047408,2024-09-23 17:05:00,2024,9,23,17,5,79,79081,,46.34195,-0.38448,Plein jour,En agglomération,Intersection en T,Temps couvert,Deux véhicules - côté,4,1,1,0,1,1,2,0,1,50,2,2,1,0,1,0,78.0,53.0,voiture,deux_roues,1,2,3,8,3
202400047409,2024-06-12 19:20:00,2024,6,12,19,20,35,35238,GAUTIER (SQUARE GERMAIN),48.10194,-1.70616,Plein jour,En agglomération,Hors intersection,Normale,Autre collision,4,2,2,0,1,1,1,0,1,30,1,2,1,0,1,0,,,deux_roues,,1,2,1,1,6
202400047410,2024-02-19 13:45:00,2024,2,19,13,45,17,17092,Impasse de chez Fradin,45.336121,-0.418623,Plein jour,Hors agglomération,Hors intersection,Temps couvert,Sans collision,3,2,2,0,1,2,1,0,3,80,1,1,0,0,1,0,64.0,,deux_roues,,1,1,1,8,7
202400047411,2024-08-20 09:25:00,2024,8,20,9,25,22,22147,N164,48.194883,-2.375611,Plein jour,Hors agglomération,Hors intersection,Pluie forte,Trois véhicules et plus - collisions multiples,2,2,2,0,2,4,2,8,1,70,3,4,1,0,2,1,26.0,26.0,voiture,utilitaire_camion,1,1,1,3,5
202400047412,2024-05-05 05:24:00,2024,5,5,5,24,56,56083,ALLENDE ( AV. PRES. SALVADOR ),47.80862,-3.25585,Crépuscule ou aube,En agglomération,Giratoire,Normale,Sans collision,3,2,2,0,2,2,1,5,1,50,1,2,1,0,0,1,39.0,,voiture,,2,2,6,1,7
202400047413,2024-03-28 08:37:00,2024,3,28,8,37,92,92072,GRANDE RUE,48.82081523,2.20154679,Plein jour,En agglomération,Autre intersection,Normale,Deux véhicules - arrière,3,2,2,0,1,1,1,0,1,30,2,2,1,0,0,1,56.0,42.0,deux_roues,deux_roues,1,2,9,1,2
202400047414,2024-09-24 17:12:00,2024,9,24,17,12,78,78551,FOURQUEUX (ROUTE DE),48.89315,2.0869,Plein jour,En agglomération,Hors intersection,Pluie forte,Autre collision,4,2,2,0,2,1,2,0,4,30,1,2,1,0,0,1,32.0,,transport_commun,,1,2,1,3,6
202400047415,2024-02-17 16:15:00,2024,2,17,16,15,33,33018,65 Avenue de la République,45.016171,-0.38076,Plein jour,En agglomération,Intersection en T,Normale,Sans collision,3,2,2,0,1,1,1,0,1,50,1,1,0,1,0,0,72.0,,deux_roues,,1,2,3,1,7
202400047415,2024-02-17 16:15:00,2024,2,17,16,15,33,33018,65 Avenue de la République,45.016171,-0.38076,Plein jour,En agglomération,Intersection en T,Normale,Sans collision,3,2, -1,0,1,1,1,0,1,50,1,1,0,1,0,0,72.0,,deux_roues,,1,2,3,1,7
202400047416,2024-07-13 21:08:00,2024,7,13,21,8,90,90010,JAURES (AVENUE JEAN) A 150 ET 117,47.65221,6.85038,Plein jour,En agglomération,Intersection en T,Normale,Deux véhicules - côté,3,2,2,0,1,1,1,0,1,50,2,2,1,0,1,0,46.0,26.0,voiture,deux_roues,1,2,3,1,3
202400047416,2024-07-13 21:08:00,2024,7,13,21,8,90,90010,JAURES (AVENUE JEAN) A 150 ET 117,47.65221,6.85038,Plein jour,En agglomération,Intersection en T,Normale,Deux véhicules - côté,3,2,2,0,1,1,1,0,1,50,2,2,1,0,1,0,46.0,26.0,voiture,deux_roues,1,2,3,1,3
202400047417,2024-06-12 18:50:00,2024,6,12,18,50,35,35278,RD 137,48.16259563,-1.70805484,Plein jour,Hors agglomération,Hors intersection,Normale,Deux véhicules - arrière,7,3,4,0,1,1,1,0,1,110,2,2,0,0,0,2,62.0,32.0,voiture,voiture,1,1,1,1,2
202400047418,2024-03-29 01:53:00,2024,3,29,1,53,92,92064,SURESNES,48.85780053,2.22043329,Nuit sans éclairage public,En agglomération,Hors intersection,Normale,Autre collision,4,2,2,0,1,1,2,0,1,50,1,1,0,0,0,1,22.0,,deux_roues,,3,2,1,1,6
202400047419,2024-08-21 08:40:00,2024,8,21,8,40,44,44014,Beausejour,47.073892,-1.521553,Plein jour,Hors agglomération,Hors intersection,Normale,Autre collision,3,2,2,0,1,1,1,0,1,80,1,1,0,0,1,0,37.0,,deux_roues,,1,1,1,1,6
202400047420,2024-05-03 19:26:00,2024,5,3,19,26,56,56098,Avenue Kesler-Devillers,47.767197,-3.339703,Crépuscule ou aube,En agglomération,Giratoire,Normale,Deux véhicules - côté,3,2,2,3,1,1,1,0,1,50,2,2,1,0,0,1,70.0,25.0,deux_roues,voiture,2,2,6,1,3
202400047420,2024-05-03 19:26:00,2024,5,3,19,26,56,56098,Avenue Kesler-Devillers,47.767197,-3.339703,Crépuscule ou aube,En agglomération,Giratoire,Normale,Deux véhicules - côté,3,2,2,0,1,1,1,5,1,50,2,2,1,0,0,1,70.0,25.0,deux_roues,voiture,2,2,6,1,3
202400047421,2024-02-17 11:50:00,2024,2,17,11,50,44,44172,Rue du Pavillon,47.253478,-1.475505,Plein jour,En agglomération,Giratoire,Normale,Autre collision,4,2,2,0,1,1,1,5,4,50,1,1,0,0,1,0,90.0,,voiture,,1,2,6,1,6
202400047422,2024-06-12 14:50:00,2024,6,12,14,50,35,35051,ROCADE 2-3,48.10657,-1.59927,Plein jour,Hors agglomération,Hors intersection,Normale,Sans collision,2,3,4,0,1,1,1,0,2,90,1,1,0,0,0,1,49.0,,voiture,,1,1,1,1,7
202400047423,2024-02-18 08:15:00,2024,2,18,8,15,35,35257,Le Theil,48.407112,-1.338685,Crépuscule ou aube,Hors agglomération,Hors intersection,Pluie légère,Autre collision,4,2,2,0,2,3,2,0,3,80,1,2,1,0,1,0,57.0,,voiture,,2,1,1,2,6
202400047424,2024-03-30 18:15:00,2024,3,30,18,15,92,92040,RESISTANCE (PLACE DE LA),48.821392,2.2502709,Plein jour,En agglomération,Giratoire,Temps couvert,Autre collision,3,1,0,3,1,2,1,0,1,30,1,2,1,0,0,1,36.0,,transport_commun,,1,2,6,8,6
202400047425,2024-07-08 11:20:00,2024,7,8,11,20,88,88413,Rue du 10éme BCP,48.28079,6.95458,Plein jour,En agglomération,Intersection en X,Normale,Sans collision,4,-1,2,0,1,1,1,0,1,30,1,2,1,0,1,0,62.0,,voiture,,1,2,2,1,7
202400047425,2024-07-08 11:20:00,2024,7,8,11,20,88,88413,Rue du 10éme BCP,48.28079,6.95458,Plein jour,En agglomération,Intersection en X,Normale,Sans collision,4,-1,2,0,1,1,1,0,8,30,1,2,1,0,1,0,62.0,,voiture,,1,2,2,1,7
202400047426,2024-08-22 17:55:00,2024,8,22,17,55,44,44131,,47.10641956,-2.05683449,Nuit sans éclairage public,Hors agglomération,Hors intersection,Pluie légère,Autre collision,3,2,2,0,1,1,2,0,1,80,2,4,0,0,2,2,62.0,42.0,voiture,voiture,3,1,1,2,6
202400047427,2024-05-06 08:51:00,2024,5,6,8,51,54,54395,Rue des Tiercelins,48.69055434,6.18891299,Plein jour,En agglomération,Intersection en X,Pluie forte,Deux véhicules - côté,4,2,2,0,1,1,2,0,1,30,2,2,1,0,0,1,28.0,35.0,deux_roues,voiture,1,2,2,3,3
202400047427,2024-05-06 08:51:00,2024,5,6,8,51,54,54395,Rue des Tiercelins,48.69055434,6.18891299,Plein jour,En agglomération,Intersection en X,Pluie forte,Deux véhicules - côté,4,-1,1,2,1,1,2,-1,1,30,2,2,1,0,0,1,28.0,35.0,deux_roues,voiture,1,2,2,3,3
202400047428,2024-09-23 17:05:00,2024,9,23,17,5,77,77251,AV PIERRE POINT,48.62746,2.56029,Plein jour,En agglomération,Intersection en X,Pluie légère,Deux véhicules - côté,4,2,4,3,1,1,2,9,6,50,2,4,3,0,0,1,55.0,55.0,voiture,transport_commun,1,2,2,2,3
202400047428,2024-09-23 17:05:00,2024,9,23,17,5,77,77251,AV PIERRE POINT,48.62746,2.56029,Plein jour,En agglomération,Intersection en X,Pluie légère,Deux véhicules - côté,4,2,2,0,1,1,2,0,1,30,2,4,3,0,0,1,55.0,55.0,voiture,transport_commun,1,2,2,2,3
202400047429,2024-03-29 18:30:00,2024,3,29,18,30,92,92026,VIINGT DEUX SEPTEMBRE,48.90521366,2.27259814,Crépuscule ou aube,En agglomération,Hors intersection,Pluie légère,Autre collision,4,-1,2,0,1,1,2,0,1,30,1,2,1,0,0,1,43.0,,voiture,,2,2,1,2,6
202400047430,2024-02-18 16:40:00,2024,2,18,16,40,76,76020,D64,49.456733,0.911546,Plein jour,Hors agglomération,Intersection en X,Temps couvert,Deux véhicules - côté,7,2,2,0,1,1,2,0,1,70,2,3,2,0,1,0,33.0,56.0,utilitaire_camion,voiture,1,1,2,8,3
202400047430,2024-02-18 16:40:00,2024,2,18,16,40,76,76020,D64,49.456733,0.911546,Plein jour,Hors agglomération,Intersection en X,Temps couvert,Deux véhicules - côté,7,2,2,0,1,1,2,0,1,80,2,3,2,0,1,0,33.0,56.0,utilitaire_camion,voiture,1,1,2,8,3
202400047431,2024-06-12 09:00:00,2024,6,12,9,0,35,35281,POTTIER (RUE EUGENE),48.06752878,-1.72013015,Plein jour,En agglomération,Hors intersection,Normale,Deux véhicules - côté,4,2,2,2,1,1,1,0,5,30,2,2,1,0,0,1,42.0,37.0,voiture,deux_roues,1,2,1,1,3
202400047432,2024-04-21 01:35:00,2024,4,21,1,35,52,52121,VAL PONCE (RUE DU),48.0845,5.143,Nuit sans éclairage public,En agglomération,Intersection en T,Normale,Autre collision,4,2,2,0,1,1,1,0,1,50,1,2,1,0,1,0,21.0,,voiture,,3,2,3,1,6
202400047432,2024-04-21 01:35:00,2024,4,21,1,35,52,52121,VAL PONCE (RUE DU),48.0845,5.143,Nuit sans éclairage public,En agglomération,Intersection en T,Normale,Autre collision,4,2,2,0,1,3,1,0,1,50,1,2,1,0,1,0,21.0,,voiture,,3,2,3,1,6
202400047433,2024-07-14 01:00:00,2024,7,14,1,0,85,85194,Rue ernest landrieau,46.50726,-1.756522,Nuit sans éclairage public,En agglomération,Giratoire,Normale,Deux véhicules - frontale,4,2,2,0,1,1,1,0,1,50,2,3,1,0,2,0,25.0,25.0,voiture,deux_roues,3,2,6,1,1
202400047434,2024-03-30 09:55:00,2024,3,30,9,55,92,92025,JEANNE GLEUZER (RUE),48.91590823,2.22887546,Plein jour,En agglomération,Hors intersection,Temps couvert,Autre collision,4,1,1,0,1,1,1,0,1,30,1,2,1,0,0,1,45.0,,voiture,,1,2,1,8,6
202400047435,2024-02-19 11:27:00,2024,2,19,11,27,60,60241,D922,49.116917,2.647727,Plein jour,Hors agglomération,Hors intersection,Temps couvert,Sans collision,3,2,2,0,1,3,2,0,1,80,1,1,0,0,0,1,26.0,,deux_roues,,1,1,1,8,7
202400047436,2024-06-11 19:00:00,2024,6,11,19,0,33,33065,Parking Leroy Merlin,44.81807,-0.52272,Plein jour,En agglomération,Autre intersection,Normale,Deux véhicules - frontale,6,-1, -1,0,1,1,1,9,8,30,2,2,1,0,0,1,42.0,59.0,voiture,deux_roues,1,2,9,1,1
202400047437,2024-05-06 17:00:00,2024,5,6,17,0,51,51454,BRIAND (PLACE ARISTIDE),49.257156,4.039304,Plein jour,En agglomération,Giratoire,Normale,Deux véhicules - côté,4,1,2,2,1,2,1,0,5,50,2,2,1,0,0,1,48.0,22.0,voiture,deux_roues,1,2,6,1,3
202400047438,2024-09-24 20:16:00,2024,9,24,20,16,71,71270,JUIN (AVENUE DU MARECHAL),46.32473,4.8385,Nuit avec éclairage allumé,En agglomération,Giratoire,Pluie légère,Deux véhicules - côté,4,1,2,0,1,1,2,-1,1,50,2,2,1,0,0,1,49.0,40.0,voiture,deux_roues,5,2,6,2,3
202400047438,2024-09-24 20:16:00,2024,9,24,20,16,71,71270,JUIN (AVENUE DU MARECHAL),46.32473,4.8385,Nuit avec éclairage allumé,En agglomération,Giratoire,Pluie légère,Deux véhicules - côté,4,3,2,0,1,1,2,-1,1,50,2,2,1,0,0,1,49.0,40.0,voiture,deux_roues,5,2,6,2,3
202400047439,2024-03-30 13:46:00,2024,3,30,13,46,92,92024,JEAN JAURES (BD) DE 47 A 109)   (56 A 14,48.90098013,2.30543339,Plein jour,En agglomération,Hors intersection,Normale,Autre collision,3,1,3,1,1,1,1,0,1,50,1,3,2,0,0,1,50.0,,deux_roues,,1,2,1,1,6
202400047440,2024-02-18 02:27:00,2024,2,18,2,27,13,13212,A507 sens Marseille - Aubagne,43.30609,5.42538,Nuit avec éclairage allumé,Hors agglomération,Hors intersection,Normale,Deux véhicules - arrière,1,3,3,0,1,1,1,1,1,70,2,2,0,0,1,1,24.0,27.0,utilitaire_camion,voiture,5,1,1,1,2
202400047441,2024-08-14 19:55:00,2024,8,14,19,55,29,29284,Avenue du Port,47.79377077,-4.27765386,Plein jour,En agglomération,Intersection en T,Normale,Autre collision,3,2,2,0,1,1,1,0,1,50,1,2,0,0,1,1,17.0,,deux_roues,,1,2,3,1,6
202400047441,2024-08-14 19:55:00,2024,8,14,19,55,29,29284,Avenue du Port,47.79377077,-4.27765386,Plein jour,En agglomération,Intersection en T,Normale,Autre collision,3,2, -1,-1,1,1,1,0,1,-1,1,2,0,0,1,1,17.0,,deux_roues,,1,2,3,1,6
202400047442,2024-07-14 00:01:00,2024,7,14,0,1,85,85194,Rue du docteur laennec ,46.497453,-1.76517248,Nuit avec éclairage allumé,En agglomération,Hors intersection,Normale,Deux véhicules - arrière,4,2,2,0,1,1,1,0,1,30,2,4,2,0,0,2,63.0,19.0,voiture,deux_roues,5,2,1,1,2
202400047443,2024-06-08 11:15:00,2024,6,8,11,15,30,30189,JAURES JEAN (BOULEVARD),43.83265,4.35153,Plein jour,En agglomération,Hors intersection,Normale,Autre collision,4,1,2,0,1,1,1,0,1,50,1,2,1,0,0,1,30.0,,voiture,,1,2,1,1,6
202400047444,2024-05-06 11:13:00,2024,5,6,11,13,51,51454,Rue Hincmar,49.251965,4.031392,Plein jour,En agglomération,Hors intersection,Normale,Autre collision,4,1,1,0,1,1,1,0,1,50,1,3,2,0,0,1,28.0,,voiture,,1,2,1,1,6
202400047445,2024-03-30 20:25:00,2024,3,30,20,25,92,92012,POINT DU JOUR (QUAI DU),48.83105351,2.2581507,Nuit avec éclairage allumé,En agglomération,Hors intersection,Normale,Autre collision,3,2,4,1,1,1,1,0,1,50,1,2,1,0,0,1,35.0,,voiture,,5,2,1,1,6
202400047446,2024-08-20 15:15:00,2024,8,20,15,15,58,58140,Rue des Caves,46.877274,4.001802,Plein jour,En agglomération,Hors intersection,Normale,Sans collision,4,-1,2,0,2,1,9,0,1,50,1,1,0,0,1,0,52.0,,deux_roues,,1,2,1,1,7
202400047447,2024-09-23 21:00:00,2024,9,23,21,0,69,69259,Avenue d'Oschatz,45.6949,4.87997,Nuit avec éclairage allumé,En agglomération,Intersection en X,Normale,Deux véhicules - côté,4,2,2,0,2,1,1,0,1,50,2,2,1,0,0,1,34.0,51.0,autre,voiture,5,2,2,1,3
202400047447,2024-09-23 21:00:00,2024,9,23,21,0,69,69259,Avenue d'Oschatz,45.6949,4.87997,Nuit avec éclairage allumé,En agglomération,Intersection en X,Normale,Deux véhicules - côté,4,2,2,2,2,1,1,0,1,50,2,2,1,0,0,1,34.0,51.0,autre,voiture,5,2,2,1,3
202400047448,2024-06-12 08:05:00,2024,6,12,8,5,23,23096,GAMBETTA (AVENUE),46.17255,1.87721,Plein jour,En agglomération,Hors intersection,Normale,Autre collision,4,2,2,0,1,1,1,0,1,50,1,2,1,0,0,1,36.0,,voiture,,1,2,1,1,6
202400047449,2024-02-17 06:30:00,2024,2,17,6,30,13,13211,A50-Sens Aubagne vers Marseille,43.28926028,5.49417318,Nuit avec éclairage non allumé,Hors agglomération,Hors intersection,Normale,Deux véhicules - arrière,1,3,4,0,1,1,1,0,1,90,3,3,1,0,0,2,38.0,27.0,voiture,voiture,4,1,1,1,2