accident_id,datetime,annee,mois,jour,heure,minute,departement,commune_insee,adresse,latitude,longitude,luminosite,agglomeration,intersection,meteo,collision,catr,circ,nbv,vosp,prof,plan,surf,infra,situ,vma,nb_vehicules,nb_usagers,nb_indemnes,nb_tues,nb_blesses_hosp,nb_blesses_legers,age_cond_1,age_cond_2,veh_type_cond_1,veh_type_cond_2,lum_code,agg_code,int_code,atm_code,col_code
202400047796,2024-10-29 12:30:00,2024,10,29,12,30,42,42207,Rue du Pilat,45.47405285,4.51311529,Plein jour,En agglomération,Intersection à plus de 4 branches,Normale,Autre collision,4,4,3,-1,2,1,1,0,1,-1,1,2,1,1,0,0,29.0,,voiture,,1,2,5,1,6
202400047796,2024-10-29 12:30:00,2024,10,29,12,30,42,42207,Rue du Pilat,45.47405285,4.51311529,Plein jour,En agglomération,Intersection à plus de 4 branches,Normale,Autre collision,4,1,1,0,4,2,1,0,1,50,1,2,1,1,0,0,29.0,,voiture,,1,2,5,1,6
202400047797,2024-12-05 07:42:00,2024,12,5,7,42,75,75110,RUE DU FAUBOURG SAINT MARTIN,48.881105,2.365135,Nuit avec éclairage allumé,En agglomération,Intersection en X,Pluie légère,Autre collision,4,2,4,0,1,1,2,0,1,30,1,2,1,0,0,1,,,voiture,,5,2,2,2,6
202400047797,2024-12-05 07:42:00,2024,12,5,7,42,75,75110,RUE DU FAUBOURG SAINT MARTIN,48.881105,2.365135,Nuit avec éclairage allumé,En agglomération,Intersection en X,Pluie légère,Autre collision,4,1,1,0,1,1,2,0,1,30,1,2,1,0,0,1,,,voiture,,5,2,2,2,6
202400047798,2024-08-16 18:38:00,2024,8,16,18,38,87,87085,FOCH (RUE DU MARECHAL),45.847,1.23385,Plein jour,En agglomération,Intersection en T,Normale,Deux véhicules - côté,4,2,2,0,1,1,1,0,1,30,2,3,2,0,1,0,27.0,23.0,voiture,deux_roues,1,2,3,1,3
202400047798,2024-08-16 18:38:00,2024,8,16,18,38,87,87085,FOCH (RUE DU MARECHAL),45.847,1.23385,Plein jour,En agglomération,Intersection en T,Normale,Deux véhicules - côté,4,1,1,0,2,1,1,0,1,30,2,3,2,0,1,0,27.0,23.0,voiture,deux_roues,1,2,3,1,3
202400047799,2024-09-24 07:15:00,2024,9,24,7,15,75,75105,BOULEVARD DE PORT ROYAL,48.838259,2.34206,Nuit avec éclairage allumé,En agglomération,Intersection en T,Pluie légère,Deux véhicules - côté,4,2,4,3,2,1,2,5,1,30,2,2,1,0,0,1,23.0,51.0,deux_roues,deux_roues,5,2,3,2,3
202400047799,2024-09-24 07:15:00,2024,9,24,7,15,75,75105,BOULEVARD DE PORT ROYAL,48.838259,2.34206,Nuit avec éclairage allumé,En agglomération,Intersection en T,Pluie légère,Deux véhicules - côté,4,2, -1,3,2,1,2,5,1,30,2,2,1,0,0,1,23.0,51.0,deux_roues,deux_roues,5,2,3,2,3
202400047800,2024-06-13 17:25:00,2024,6,13,17,25,07,07010,31 Rue du Quebec,45.250842,4.681098,Plein jour,En agglomération,Hors intersection,Normale,Autre collision,3,1,2,0,2,2,1,0,1,50,1,1,0,0,1,0,25.0,,deux_roues,,1,2,1,1,6
202400047801,2024-02-17 13:05:00,2024,2,17,13,5,94,94071,Rue Charlotte et Roger Bouchard / Rue des Fontaines,48.77269,2.515648,Plein jour,En agglomération,Intersection en T,Normale,Autre collision,4,1,1,0,1,1,1,0,1,30,1,2,1,0,1,0,56.0,,voiture,,1,2,3,1,6
202400047801,2024-02-17 13:05:00,2024,2,17,13,5,94,94071,Rue Charlotte et Roger Bouchard / Rue des Fontaines,48.77269,2.515648,Plein jour,En agglomération,Intersection en T,Normale,Autre collision,4,2,2,0,1,1,1,0,1,30,1,2,1,0,1,0,56.0,,voiture,,1,2,3,1,6
202400047802,2024-07-14 18:50:00,2024,7,14,18,50,93,93059,Avenue Lénine,48.96224,2.35918,Plein jour,En agglomération,Hors intersection,Normale,Autre collision,3,3,4,3,1,1,1,0,1,50,1,2,1,0,0,1,40.0,,deux_roues,,1,2,1,1,6
202400047803,2024-10-29 18:50:00,2024,10,29,18,50,38,38185,Avenue Marie Reynoard,45.16125,5.72848,Nuit avec éclairage allumé,En agglomération,Hors intersection,Normale,Autre collision,4,2,2,2,1,1,1,0,5,50,1,2,1,0,0,1,22.0,,deux_roues,,5,2,1,1,6
202400047804,2024-12-05 18:20:00,2024,12,5,18,20,75,75108,RUE ROYALE,48.86837,2.32329,Nuit avec éclairage allumé,En agglomération,Intersection en X,Pluie légère,Deux véhicules - côté,4,2,6,3,1,1,2,0,1,30,2,2,1,0,0,1,32.0,32.0,voiture,deux_roues,5,2,2,2,3
202400047804,2024-12-05 18:20:00,2024,12,5,18,20,75,75108,RUE ROYALE,48.86837,2.32329,Nuit avec éclairage allumé,En agglomération,Intersection en X,Pluie légère,Deux véhicules - côté,4,1,1,0,1,1,2,0,1,30,2,2,1,0,0,1,32.0,32.0,voiture,deux_roues,5,2,2,2,3
202400047805,2024-06-13 17:00:00,2024,6,13,17,0,07,07010,D121,45.236459,4.640994,Plein jour,Hors agglomération,Hors intersection,Normale,Sans collision,3,2,2,0,1,2,1,0,1,80,1,1,0,0,0,1,39.0,,deux_roues,,1,1,1,1,7
202400047806,2024-02-17 12:01:00,2024,2,17,12,1,93,93031,,48.94774,2.34407,Nuit avec éclairage allumé,En agglomération,Hors intersection,Normale,Sans collision,3,2,2,2,1,1,1,0,1,50,1,1,0,0,0,1,35.0,,deux_roues,,5,2,1,1,7
202400047807,2024-09-24 11:35:00,2024,9,24,11,35,75,75112,QUAI DE LA RAPEE,48.846493,2.366948,Plein jour,En agglomération,Intersection en T,Autre,Deux véhicules - côté,4,1,1,0,1,1,2,0,8,50,2,2,1,0,0,1,41.0,63.0,deux_roues,voiture,1,2,3,9,3
202400047807,2024-09-24 11:35:00,2024,9,24,11,35,75,75112,QUAI DE LA RAPEE,48.846493,2.366948,Plein jour,En agglomération,Intersection en T,Autre,Deux véhicules - côté,4,1,8,0,1,1,2,0,8,50,2,2,1,0,0,1,41.0,63.0,deux_roues,voiture,1,2,3,9,3
202400047808,2024-07-14 20:34:00,2024,7,14,20,34,93,93066,SAULES (ALLEE DES ),48.944848,2.380686,Plein jour,En agglomération,Hors intersection,Normale,Autre collision,4,-1,0,0,1,1,1,6,8,1,1,2,1,0,0,1,23.0,,autre,,1,2,1,1,6
202400047809,2024-10-29 15:50:00,2024,10,29,15,50,34,34172,BON ACCUEIL (ALLEE DE),43.62816,3.87084,Plein jour,En agglomération,Hors intersection,Normale,Autre collision,4,1,1,0,1,1,1,0,1,30,1,2,1,0,0,1,61.0,,voiture,,1,2,1,1,6
202400047810,2024-12-05 19:05:00,2024,12,5,19,5,94,94015,Avenue Etienne de Silhouette,48.844304,2.525932,Nuit avec éclairage allumé,En agglomération,Place,Pluie légère,Deux véhicules - côté,4,2,2,0,1,1,2,0,1,50,2,2,1,0,0,1,51.0,37.0,voiture,deux_roues,5,2,7,2,3
202400047811,2024-08-19 13:56:00,2024,8,19,13,56,84,84035,PONT (AVENUE DU),43.830023,5.036855,Plein jour,En agglomération,Hors intersection,Normale,Trois véhicules et plus - collisions multiples,4,2,2,0,1,1,1,0,1,50,4,4,3,0,0,1,,58.0,utilitaire_camion,utilitaire_camion,1,2,1,1,5
202400047812,2024-06-13 10:20:00,2024,6,13,10,20,07,07010,D121,45.23687262,4.61958766,Plein jour,Hors agglomération,Hors intersection,Normale,Autre collision,3,2,2,0,2,2,1,0,1,90,1,2,0,0,0,2,70.0,,voiture,,1,1,1,1,6
202400047813,2024-10-28 16:50:00,2024,10,28,16,50,34,34172,RECATOUS (RUE DES),43.61538,3.91669,Plein jour,En agglomération,Hors intersection,Temps couvert,Autre collision,4,1,1,0,1,1,1,0,1,30,1,2,1,0,0,1,,,utilitaire_camion,,1,2,1,8,6
202400047814,2024-02-16 22:40:00,2024,2,16,22,40,93,93070,Boulevard Jean Jaurès / Rue du Docteur Léonce Basset,48.91463118,2.33708382,Nuit avec éclairage allumé,En agglomération,Intersection en T,Normale,Deux véhicules - côté,3,3,2,3,1,1,1,0,1,50,2,2,1,0,0,1,35.0,45.0,deux_roues,utilitaire_camion,5,2,3,1,3
202400047814,2024-02-16 22:40:00,2024,2,16,22,40,93,93070,Boulevard Jean Jaurès / Rue du Docteur Léonce Basset,48.91463118,2.33708382,Nuit avec éclairage allumé,En agglomération,Intersection en T,Normale,Deux véhicules - côté,3,1,1,0,1,1,1,0,1,-1,2,2,1,0,0,1,35.0,45.0,deux_roues,utilitaire_camion,5,2,3,1,3
202400047815,2024-07-14 06:00:00,2024,7,14,6,0,93,93077,GANTE (RUE BERNARD) JUSQU'AU 135 et 150,48.89033,2.50158,Crépuscule ou aube,En agglomération,Hors intersection,Normale,Autre collision,4,1,1,0,1,1,1,0,1,30,1,2,1,0,0,1,37.0,,voiture,,2,2,1,1,6
202400047816,2024-12-04 19:10:00,2024,12,4,19,10,94,94018,195 Rue de Paris,48.828851,2.40221,Nuit avec éclairage allumé,En agglomération,Hors intersection,Normale,Deux véhicules - côté,3,2,2,1,1,1,1,0,1,50,2,2,1,0,0,1,47.0,64.0,voiture,deux_roues,5,2,1,1,3
202400047817,2024-09-24 13:30:00,2024,9,24,13,30,75,75111,PLACE DE LA REPUBLIQUE,48.866488,2.364754,Plein jour,En agglomération,Intersection en Y,Temps couvert,Autre collision,4,2, -1,-1,1,1,1,0,6,30,1,2,1,0,0,1,42.0,,deux_roues,,1,2,4,8,6
202400047817,2024-09-24 13:30:00,2024,9,24,13,30,75,75111,PLACE DE LA REPUBLIQUE,48.866488,2.364754,Plein jour,En agglomération,Intersection en Y,Temps couvert,Autre collision,4,2,2,3,1,1,1,6,6,30,1,2,1,0,0,1,42.0,,deux_roues,,1,2,4,8,6
202400047818,2024-02-17 12:00:00,2024,2,17,12,0,93,93066,Rue Gabriel Péri / Rue Jules Joffrin,48.937169,2.356114,Plein jour,En agglomération,Intersection en T,Normale,Autre collision,4,2,2,0,1,1,1,6,1,-1,1,2,0,0,0,2,19.0,,deux_roues,,1,2,3,1,6
202400047818,2024-02-17 12:00:00,2024,2,17,12,0,93,93066,Rue Gabriel Péri / Rue Jules Joffrin,48.937169,2.356114,Plein jour,En agglomération,Intersection en T,Normale,Autre collision,4,1,1,0,1,1,1,6,1,30,1,2,0,0,0,2,19.0,,deux_roues,,1,2,3,1,6
202400047819,2024-08-19 12:15:00,2024,8,19,12,15,81,81004,THOMAS (AV ALBERT),43.9420645,2.1494501,Plein jour,En agglomération,Intersection en T,Normale,Deux véhicules - côté,3,2, -1,-1,1,1,1,0,1,-1,2,2,1,0,0,1,28.0,54.0,voiture,deux_roues,1,2,3,1,3
202400047819,2024-08-19 12:15:00,2024,8,19,12,15,81,81004,THOMAS (AV ALBERT),43.9420645,2.1494501,Plein jour,En agglomération,Intersection en T,Normale,Deux véhicules - côté,3,2,2,0,1,1,1,0,1,50,2,2,1,0,0,1,28.0,54.0,voiture,deux_roues,1,2,3,1,3
202400047820,2024-06-13 02:00:00,2024,6,13,2,0,21,21150,D974BIS,46.923967,4.737972,Nuit avec éclairage non allumé,Hors agglomération,Giratoire,Normale,Autre collision,3,2,2,0,2,1,1,0,3,80,1,4,0,1,1,2,25.0,,voiture,,4,1,6,1,6
202400047821,2024-10-29 16:30:00,2024,10,29,16,30,33,33167,,44.83005,-0.52744,Crépuscule ou aube,En agglomération,Intersection en X,Normale,Autre collision,4,2,2,0,1,1,1,0,1,30,1,2,1,0,1,0,27.0,,voiture,,2,2,2,1,6
202400047821,2024-10-29 16:30:00,2024,10,29,16,30,33,33167,,44.83005,-0.52744,Crépuscule ou aube,En agglomération,Intersection en X,Normale,Autre collision,4,2,2,0,1,1,1,0,1,30,1,2,1,0,1,0,27.0,,voiture,,2,2,2,1,6
202400047822,2024-07-14 16:40:00,2024,7,14,16,40,93,93001,VICTOR HUGO (AVE)  131 A 165,48.90950425,2.37843847,Plein jour,En agglomération,Hors intersection,Normale,Autre collision,3,2,2,0,1,1,1,0,1,50,1,2,1,0,0,1,37.0,,voiture,,1,2,1,1,6
202400047823,2024-12-05 10:45:00,2024,12,5,10,45,94,94028,Rue des Mèches,48.79272,2.45924,Plein jour,En agglomération,Intersection en T,Pluie légère,Deux véhicules - côté,3,2,6,3,2,1,2,0,1,50,2,2,1,0,0,1,40.0,58.0,transport_commun,voiture,1,2,3,2,3
202400047823,2024-12-05 10:45:00,2024,12,5,10,45,94,94028,Rue des Mèches,48.79272,2.45924,Plein jour,En agglomération,Intersection en T,Pluie légère,Deux véhicules - côté,3,2,2,0,1,1,2,0,1,50,2,2,1,0,0,1,40.0,58.0,transport_commun,voiture,1,2,3,2,3
202400047824,2024-09-23 17:40:00,2024,9,23,17,40,75,75108,BOULEVARD HAUSSMANN,48.87520551,2.31435406,Plein jour,En agglomération,Intersection en T,Pluie légère,Deux véhicules - côté,4,1,3,0,2,1,2,0,1,30,2,3,1,0,0,2,45.0,39.0,deux_roues,transport_commun,1,2,3,2,3
202400047824,2024-09-23 17:40:00,2024,9,23,17,40,75,75108,BOULEVARD HAUSSMANN,48.87520551,2.31435406,Plein jour,En agglomération,Intersection en T,Pluie légère,Deux véhicules - côté,4,2,4,0,1,1,2,0,1,30,2,3,1,0,0,2,45.0,39.0,deux_roues,transport_commun,1,2,3,2,3
202400047825,2024-08-18 02:30:00,2024,8,18,2,30,80,80021,Avenue de Londres,49.88599,2.32528,Nuit avec éclairage allumé,En agglomération,Intersection en X,Normale,Deux véhicules - côté,4,2,2,0,1,1,1,0,1,30,2,3,0,0,1,2,23.0,37.0,voiture,utilitaire_camion,5,2,2,1,3
202400047825,2024-08-18 02:30:00,2024,8,18,2,30,80,80021,Avenue de Londres,49.88599,2.32528,Nuit avec éclairage allumé,En agglomération,Intersection en X,Normale,Deux véhicules - côté,4,1,1,0,1,1,1,0,1,50,2,3,0,0,1,2,23.0,37.0,voiture,utilitaire_camion,5,2,2,1,3
202400047826,2024-07-14 12:15:00,2024,7,14,12,15,92,92064,REPUBLIQUE,48.85805983,2.21104503,Plein jour,En agglomération,Intersection en T,Normale,Deux véhicules - côté,3,-1,2,0,1,2,1,0,1,50,2,2,1,0,0,1,36.0,79.0,deux_roues,voiture,1,2,3,1,3
202400047826,2024-07-14 12:15:00,2024,7,14,12,15,92,92064,REPUBLIQUE,48.85805983,2.21104503,Plein jour,En agglomération,Intersection en T,Normale,Deux véhicules - côté,3,2,4,0,1,1,1,0,1,50,2,2,1,0,0,1,36.0,79.0,deux_roues,voiture,1,2,3,1,3
202400047827,2024-02-17 00:50:00,2024,2,17,0,50,93,93066,Avenue de Stalingrad / Rue Guynemer,48.945416,2.36347,Nuit avec éclairage allumé,En agglomération,Intersection en X,Normale,Deux véhicules - côté,3,2,2,1,1,1,1,0,1,50,2,5,3,0,1,1,24.0,34.0,deux_roues,voiture,5,2,2,1,3
202400047827,2024-02-17 00:50:00,2024,2,17,0,50,93,93066,Avenue de Stalingrad / Rue Guynemer,48.945416,2.36347,Nuit avec éclairage allumé,En agglomération,Intersection en X,Normale,Deux véhicules - côté,3,2,2,1,1,1,1,0,1,-1,2,5,3,0,1,1,24.0,34.0,deux_roues,voiture,5,2,2,1,3
202400047828,2024-12-05 16:55:00,2024,12,5,16,55,94,94041,Avenue de l’Industrie,48.81743,2.40262,Crépuscule ou aube,En agglomération,Hors intersection,Pluie légère,Deux véhicules - côté,4,2,2,0,1,1,2,0,1,30,2,2,1,0,0,1,26.0,25.0,utilitaire_camion,deux_roues,2,2,1,2,3
202400047829,2024-10-29 12:05:00,2024,10,29,12,5,33,33063,,44.84332,-0.57024,Plein jour,En agglomération,Intersection en X,Normale,Deux véhicules - côté,4,3,4,0,1,1,1,0,1,50,2,2,1,0,0,1,26.0,85.0,deux_roues,voiture,1,2,2,1,3
202400047829,2024-10-29 12:05:00,2024,10,29,12,5,33,33063,,44.84332,-0.57024,Plein jour,En agglomération,Intersection en X,Normale,Deux véhicules - côté,4,2,2,2,1,1,1,5,1,50,2,2,1,0,0,1,26.0,85.0,deux_roues,voiture,1,2,2,1,3
202400047830,2024-06-08 12:06:00,2024,6,8,12,6,17,17084,Route de la Foy,45.497138,-0.65517,Plein jour,Hors agglomération,Intersection en X,Normale,Deux véhicules - frontale,3,2,2,0,1,1,1,0,1,80,2,3,1,0,1,1,64.0,30.0,voiture,voiture,1,1,2,1,1
202400047830,2024-06-08 12:06:00,2024,6,8,12,6,17,17084,Route de la Foy,45.497138,-0.65517,Plein jour,Hors agglomération,Intersection en X,Normale,Deux véhicules - frontale,3,2,2,-1,1,1,1,0,1,80,2,3,1,0,1,1,64.0,30.0,voiture,voiture,1,1,2,1,1
202400047831,2024-12-05 07:50:00,2024,12,5,7,50,94,94041,Avenue de l’Industrie,48.81301828,2.40514684,Crépuscule ou aube,En agglomération,Hors intersection,Pluie légère,Autre collision,4,2,2,0,1,1,2,0,1,50,1,2,1,0,0,1,49.0,,voiture,,2,2,1,2,6
202400047832,2024-02-17 15:00:00,2024,2,17,15,0,93,93055,Rue Victor Hugo / Rue Etienne Marcel,48.89472,2.40378,Plein jour,En agglomération,Intersection en X,Normale,Autre collision,4,1,1,2,1,1,1,0,1,30,1,3,1,0,1,1,,,voiture,,1,2,2,1,6
202400047832,2024-02-17 15:00:00,2024,2,17,15,0,93,93055,Rue Victor Hugo / Rue Etienne Marcel,48.89472,2.40378,Plein jour,En agglomération,Intersection en X,Normale,Autre collision,4,2,2,0,1,1,1,0,1,30,1,3,1,0,1,1,,,voiture,,1,2,2,1,6
202400047833,2024-06-13 10:30:00,2024,6,13,10,30,30,30160,,44.010619,4.146137,Plein jour,Hors agglomération,Hors intersection,Normale,Deux véhicules - côté,3,2,2,0,1,1,1,0,1,80,2,2,0,1,0,1,27.0,54.0,deux_roues,utilitaire_camion,1,1,1,1,3
202400047834,2024-07-14 05:45:00,2024,7,14,5,45,92,92044,ARISTIDE BRIAND(RUE)1A49 ET 2A52,48.89212523,2.28769523,Plein jour,En agglomération,Intersection en X,Normale,Deux véhicules - côté,4,1,1,0,1,1,1,0,1,50,2,2,1,0,0,1,40.0,52.0,voiture,voiture,1,2,2,1,3
202400047834,2024-07-14 05:45:00,2024,7,14,5,45,92,92044,ARISTIDE BRIAND(RUE)1A49 ET 2A52,48.89212523,2.28769523,Plein jour,En agglomération,Intersection en X,Normale,Deux véhicules - côté,4,1,1,0,1,1,1,0,1,50,2,2,1,0,0,1,40.0,52.0,voiture,voiture,1,2,2,1,3
202400047835,2024-08-18 00:42:00,2024,8,18,0,42,80,80001,REPUBLIQUE (de la),50.113779,1.827475,Nuit avec éclairage allumé,En agglomération,Intersection en T,Normale,Deux véhicules - côté,3,2,2,0,1,1,1,0,1,50,2,4,3,0,1,0,25.0,48.0,deux_roues,voiture,5,2,3,1,3
202400047835,2024-08-18 00:42:00,2024,8,18,0,42,80,80001,REPUBLIQUE (de la),50.113779,1.827475,Nuit avec éclairage allumé,En agglomération,Intersection en T,Normale,Deux véhicules - côté,3,2,2,0,1,1,1,0,1,30,2,4,3,0,1,0,25.0,48.0,deux_roues,voiture,5,2,3,1,3
202400047836,2024-10-28 17:20:00,2024,10,28,17,20,30,30028,PONT SAINT ESPRIT (ROUTE DE),44.18286,4.62062,Crépuscule ou aube,Hors agglomération,Hors intersection,Normale,Deux véhicules - côté,2,2,2,0,1,1,1,0,1,80,2,4,3,0,1,0,69.0,45.0,deux_roues,voiture,2,1,1,1,3
202400047837,2024-09-23 20:45:00,2024,9,23,20,45,75,75108,AVENUE MONTAIGNE,48.865675,2.303457,Nuit avec éclairage allumé,En agglomération,Intersection en T,Pluie légère,Deux véhicules - côté,4,1,1,0,1,1,2,0,1,50,2,2,1,0,0,1,34.0,47.0,deux_roues,voiture,5,2,3,2,3
202400047837,2024-09-23 20:45:00,2024,9,23,20,45,75,75108,AVENUE MONTAIGNE,48.865675,2.303457,Nuit avec éclairage allumé,En agglomération,Intersection en T,Pluie légère,Deux véhicules - côté,4,1, -1,-1,1,1,2,0,1,50,2,2,1,0,0,1,34.0,47.0,deux_roues,voiture,5,2,3,2,3
202400047838,2024-12-04 08:43:00,2024,12,4,8,43,94,94073,Avenue de Fontainebleau,48.76301475,2.36845911,Plein jour,En agglomération,Hors intersection,Normale,Deux véhicules - côté,3,2,2,0,1,1,1,0,1,50,2,2,1,0,0,1,24.0,59.0,utilitaire_camion,voiture,1,2,1,1,3
202400047839,2024-02-17 19:15:00,2024,2,17,19,15,93,93005,Rue Louise Michel,48.931775,2.498873,Nuit avec éclairage allumé,En agglomération,Hors intersection,Normale,Deux véhicules - frontale,4,2,2,0,1,1,1,0,8,50,2,2,1,0,0,1,47.0,75.0,deux_roues,voiture,5,2,1,1,1
202400047840,2024-07-14 20:52:00,2024,7,14,20,52,92,92024,GENERAL LECLERC (BD DU) DE (61 A 9),48.90350448,2.31254303,Plein jour,En agglomération,Hors intersection,Normale,Deux véhicules - côté,3,1,2,0,1,1,1,0,1,50,2,2,1,0,0,1,36.0,,deux_roues,autre,1,2,1,1,3
202400047841,2024-06-12 05:10:00,2024,6,12,5,10,73,73278,A43 PR 152+700,45.375272,6.281884,Crépuscule ou aube,Hors agglomération,Hors intersection,Normale,Deux véhicules - arrière,1,3,4,0,1,1,1,0,1,130,2,8,2,0,4,2,22.0,49.0,utilitaire_camion,utilitaire_camion,2,1,1,1,2
202400047842,2024-12-05 19:15:00,2024,12,5,19,15,94,94022,Avenue Victor Hugo,48.769293,2.422377,Nuit avec éclairage allumé,En agglomération,Autre intersection,Pluie légère,Deux véhicules - côté,4,1,1,0,1,1,2,0,1,50,2,3,1,0,0,2,21.0,43.0,utilitaire_camion,transport_commun,5,2,9,2,3
202400047842,2024-12-05 19:15:00,2024,12,5,19,15,94,94022,Avenue Victor Hugo,48.769293,2.422377,Nuit avec éclairage allumé,En agglomération,Autre intersection,Pluie légère,Deux véhicules - côté,4,3,2,1,1,1,2,5,6,50,2,3,1,0,0,2,21.0,43.0,utilitaire_camion,transport_commun,5,2,9,2,3
202400047843,2024-02-17 11:00:00,2024,2,17,11,0,92,92076,REPUBLIQUE,48.83723,2.15145,Plein jour,En agglomération,Hors intersection,Temps éblouissant,Deux véhicules - arrière,3,2,3,0,1,1,1,0,1,50,2,2,1,0,0,1,36.0,32.0,voiture,deux_roues,1,2,1,7,2
202400047844,2024-10-29 16:45:00,2024,10,29,16,45,30,30007,ROUSSEAU (RUE JEAN-JACQUES),44.12576,4.09,Plein jour,En agglomération,Intersection en X,Normale,Deux véhicules - côté,4,-1,1,0,1,1,1,0,1,50,2,3,2,0,0,1,37.0,36.0,voiture,utilitaire_camion,1,2,2,1,3
202400047844,2024-10-29 16:45:00,2024,10,29,16,45,30,30007,ROUSSEAU (RUE JEAN-JACQUES),44.12576,4.09,Plein jour,En agglomération,Intersection en X,Normale,Deux véhicules - côté,4,1,1,0,1,1,1,0,1,50,2,3,2,0,0,1,37.0,36.0,voiture,utilitaire_camion,1,2,2,1,3
202400047845,2024-07-14 01:15:00,2024,7,14,1,15,92,92023,MARGUERITE RENAUDIN (AV) N°23 A 187 ET 2,48.81065917,2.27593482,Nuit avec éclairage allumé,En agglomération,Hors intersection,Normale,Autre collision,4,2,2,0,1,1,1,0,1,30,1,2,0,0,0,2,44.0,,voiture,,5,2,1,1,6
202400047846,2024-09-23 14:45:00,2024,9,23,14,45,75,75107,RUE SAINT DOMINIQUE,48.859965,2.314844,Plein jour,En agglomération,Intersection en X,Normale,Deux véhicules - frontale,4,1, -1,-1,1,1,1,0,5,30,2,2,1,0,0,1,64.0,28.0,voiture,deux_roues,1,2,2,1,1
202400047846,2024-09-23 14:45:00,2024,9,23,14,45,75,75107,RUE SAINT DOMINIQUE,48.859965,2.314844,Plein jour,En agglomération,Intersection en X,Normale,Deux véhicules - frontale,4,2,3,1,1,1,1,0,5,30,2,2,1,0,0,1,64.0,28.0,voiture,deux_roues,1,2,2,1,1
202400047847,2024-08-10 20:35:00,2024,8,10,20,35,77,77284,BRIAND (RUE ARISTIDE),48.956271,2.891096,Plein jour,En agglomération,Intersection en X,Normale,Deux véhicules - côté,4,1,3,0,1,3,1,0,1,50,2,5,1,0,0,4,27.0,45.0,voiture,voiture,1,2,2,1,3
202400047847,2024-08-10 20:35:00,2024,8,10,20,35,77,77284,BRIAND (RUE ARISTIDE),48.956271,2.891096,Plein jour,En agglomération,Intersection en X,Normale,Deux véhicules - côté,4,1,1,0,1,1,1,0,1,30,2,5,1,0,0,4,27.0,45.0,voiture,voiture,1,2,2,1,3
202400047848,2024-02-17 18:59:00,2024,2,17,18,59,92,92036,JEAN GRANDEL (PLACE),48.93280642,2.29665844,Nuit avec éclairage allumé,En agglomération,Hors intersection,Normale,Autre collision,4,1,1,0,1,1,1,0,1,30,1,1,0,0,0,1,49.0,,voiture,,5,2,1,1,6
202400047849,2024-12-04 08:45:00,2024,12,4,8,45,93,93070,MICHELET(AV):N°1AU 103,48.90558054,2.34419686,Plein jour,En agglomération,Hors intersection,Temps couvert,Deux véhicules - côté,4,2,1,0,1,1,1,0,1,50,2,2,1,0,0,1,53.0,36.0,deux_roues,voiture,1,2,1,8,3
202400047850,2024-10-29 16:35:00,2024,10,29,16,35,29,29232,Avenue Pierre Mendes-France,47.975257,-4.127914,Plein jour,En agglomération,Intersection en X,Normale,Deux véhicules - frontale,4,-1,2,0,2,1,1,0,1,50,2,2,1,0,1,0,39.0,29.0,deux_roues,voiture,1,2,2,1,1
202400047850,2024-10-29 16:35:00,2024,10,29,16,35,29,29232,Avenue Pierre Mendes-France,47.975257,-4.127914,Plein jour,En agglomération,Intersection en X,Normale,Deux véhicules - frontale,4,2,2,0,1,1,1,0,1,50,2,2,1,0,1,0,39.0,29.0,deux_roues,voiture,1,2,2,1,1
202400047851,2024-02-17 13:50:00,2024,2,17,13,50,92,92004,OLYMPE DE GOUGES (RUE),48.91841226,2.31818877,Plein jour,En agglomération,Autre intersection,Normale,Autre collision,4,3,2,0,1,1,1,0,1,50,1,2,0,0,0,2,27.0,,voiture,,1,2,9,1,6
202400047852,2024-06-12 11:20:00,2024,6,12,11,20,987,98724,Tefarerii,-16.782458,-150.958371,Plein jour,Hors agglomération,Hors intersection,Pluie légère,Sans collision,2,2,2,0,1,1,2,0,3,60,1,2,1,0,1,0,31.0,,deux_roues,,1,1,1,2,7
202400047853,2024-09-24 08:21:00,2024,9,24,8,21,94,94046,Avenue du Général de Gaulle,48.80758,2.42519,Plein jour,En agglomération,Hors intersection,Pluie légère,Autre collision,3,2,4,0,1,3,2,0,1,50,1,1,0,0,0,1,33.0,,deux_roues,,1,2,1,2,6
202400047854,2024-12-05 08:50:00,2024,12,5,8,50,93,93070,VICTOR-HUGO (BD),48.90903,2.32922,Plein jour,En agglomération,Hors intersection,Pluie légère,Deux véhicules - frontale,4,2,5,1,1,1,2,9,5,50,2,3,2,0,0,1,30.0,34.0,voiture,deux_roues,1,2,1,2,1
202400047855,2024-07-14 11:30:00,2024,7,14,11,30,92,92004,HENRI POINCARE,48.9315,2.28066,Plein jour,En agglomération,Intersection en T,Normale,Deux véhicules - côté,4,1,1,0,1,1,1,0,1,50,2,2,1,0,0,1,64.0,48.0,voiture,deux_roues,1,2,3,1,3
202400047855,2024-07-14 11:30:00,2024,7,14,11,30,92,92004,HENRI POINCARE,48.9315,2.28066,Plein jour,En agglomération,Intersection en T,Normale,Deux véhicules - côté,4,2,2,0,1,1,1,0,1,50,2,2,1,0,0,1,64.0,48.0,voiture,deux_roues,1,2,3,1,3
202400047856,2024-08-19 10:20:00,2024,8,19,10,20,71,71486,MAX DORMOY (AVENUE),46.64494,4.32123,Plein jour,En agglomération,Giratoire,Normale,Deux véhicules - côté,4,1,2,0,1,2,1,0,1,50,2,2,1,0,0,1,70.0,61.0,voiture,deux_roues,1,2,6,1,3