accident_id,datetime,annee,mois,jour,heure,minute,departement,commune_insee,adresse,latitude,longitude,luminosite,agglomeration,intersection,meteo,collision,catr,circ,nbv,vosp,prof,plan,surf,infra,situ,vma,nb_vehicules,nb_usagers,nb_indemnes,nb_tues,nb_blesses_hosp,nb_blesses_legers,age_cond_1,age_cond_2,veh_type_cond_1,veh_type_cond_2,lum_code,agg_code,int_code,atm_code,col_code
202400047923,2024-07-14 10:30:00,2024,7,14,10,30,974,97413,209 D13,-21.215775,55.317305,Plein jour,En agglomération,Hors intersection,Normale,Deux véhicules - frontale,3,2,2,0,1,4,1,0,1,50,2,2,1,0,1,0,35.0,22.0,voiture,deux_roues,1,2,1,1,1
202400047924,2024-06-13 08:00:00,2024,6,13,8,0,27,27412,D81,49.218648,1.105692,Plein jour,Hors agglomération,Hors intersection,Normale,Deux véhicules - frontale,3,2,2,0,1,3,1,0,1,80,2,2,0,0,0,2,24.0,57.0,voiture,voiture,1,1,1,1,1
202400047925,2024-07-14 04:09:00,2024,7,14,4,9,31,31157,100 Route de Toulouse,43.548008,1.350482,Nuit avec éclairage allumé,En agglomération,Hors intersection,Normale,Autre collision,7,3,4,3,1,1,1,0,3,50,1,2,0,0,2,0,21.0,,deux_roues,,5,2,1,1,6
202400047926,2024-10-29 18:50:00,2024,10,29,18,50,11,11069,,43.208,2.31,Nuit avec éclairage allumé,En agglomération,Hors intersection,Normale,Deux véhicules - côté,4,1,1,0,1,3,1,0,1,50,2,2,1,0,1,0,24.0,34.0,deux_roues,utilitaire_camion,5,2,1,1,3
202400047927,2024-12-05 18:00:00,2024,12,5,18,0,37,37077,D34,47.356938,0.443101,Nuit sans éclairage public,Hors agglomération,Hors intersection,Pluie forte,Trois véhicules et plus - collisions multiples,3,2,2,0,1,1,2,0,1,90,3,4,1,0,1,2,65.0,62.0,voiture,voiture,3,1,1,3,5
202400047928,2024-08-15 19:55:00,2024,8,15,19,55,49,49099,FOCH (AVENUE DU MARECHAL),47.06171,-0.88564,Plein jour,En agglomération,Intersection en Y,Normale,Deux véhicules - côté,4,2,2,0,1,1,1,0,1,50,2,3,1,0,0,2,23.0,29.0,voiture,voiture,1,2,4,1,3
202400047928,2024-08-15 19:55:00,2024,8,15,19,55,49,49099,FOCH (AVENUE DU MARECHAL),47.06171,-0.88564,Plein jour,En agglomération,Intersection en Y,Normale,Deux véhicules - côté,4,1,1,0,2,1,1,0,1,50,2,3,1,0,0,2,23.0,29.0,voiture,voiture,1,2,4,1,3
202400047929,2024-06-12 17:45:00,2024,6,12,17,45,60,60346,Chaussée de Bertinval,49.151261,2.429057,Plein jour,En agglomération,Hors intersection,Normale,Deux véhicules - côté,4,1,1,0,1,1,1,9,8,50,2,2,1,0,0,1,29.0,51.0,deux_roues,utilitaire_camion,1,2,1,1,3
202400047930,2024-07-13 18:00:00,2024,7,13,18,0,95,95612,ECOLES (RUE DES),48.99641,2.477446,Plein jour,En agglomération,Hors intersection,Normale,Deux véhicules - côté,4,2,2,0,3,3,1,0,1,50,2,3,1,0,1,1,67.0,48.0,utilitaire_camion,voiture,1,2,1,1,3
202400047931,2024-09-24 08:15:00,2024,9,24,8,15,92,92026,VERDUN (DE 62 A FIN),48.90285554,2.25834712,Plein jour,En agglomération,Hors intersection,Pluie légère,Autre collision,3,2,4,0,1,1,2,0,1,50,1,2,1,0,0,1,44.0,,deux_roues,,1,2,1,2,6
202400047932,2024-08-09 22:55:00,2024,8,9,22,55,49,49099,PLACE DE LA MUNICIPALITE REGIONALE  DU C,47.066885,-0.842707,Nuit avec éclairage allumé,En agglomération,Giratoire,Normale,Sans collision,3,3,2,0,1,1,1,0,1,50,1,1,0,0,0,1,20.0,,deux_roues,,5,2,6,1,7
202400047932,2024-08-09 22:55:00,2024,8,9,22,55,49,49099,PLACE DE LA MUNICIPALITE REGIONALE  DU C,47.066885,-0.842707,Nuit avec éclairage allumé,En agglomération,Giratoire,Normale,Sans collision,3,1,2,0,1,2,1,0,1,50,1,1,0,0,0,1,20.0,,deux_roues,,5,2,6,1,7
202400047933,2024-10-28 12:00:00,2024,10,28,12,0,10,10387,Rue aux Moines,48.30845,4.0871,Plein jour,En agglomération,Hors intersection,Normale,Autre collision,4,2,2,0,1,1,1,0,1,50,3,4,2,0,0,2,56.0,74.0,utilitaire_camion,voiture,1,2,1,1,6
202400047934,2024-12-05 20:35:00,2024,12,5,20,35,22,22190,D166,48.514856,-2.045345,Nuit sans éclairage public,Hors agglomération,Hors intersection,Normale,Deux véhicules - frontale,3,2,2,0,1,3,1,0,1,80,2,2,1,1,0,0,37.0,65.0,voiture,voiture,3,1,1,1,1
202400047935,2024-06-12 12:40:00,2024,6,12,12,40,33,33090,,44.774352,-0.652505,Plein jour,Hors agglomération,Hors intersection,Normale,Deux véhicules - arrière,1,3,4,0,1,1,1,0,1,90,2,5,3,0,0,2,21.0,36.0,utilitaire_camion,utilitaire_camion,1,1,1,1,2
202400047936,2024-07-15 12:05:00,2024,7,15,12,5,56,56166,Le Guerveur,47.936069,-3.367406,Plein jour,Hors agglomération,Hors intersection,Normale,Sans collision,3,2,2,0,1,1,2,0,3,80,1,4,0,0,1,3,25.0,,voiture,,1,1,1,1,7
202400047937,2024-09-24 18:30:00,2024,9,24,18,30,92,92024,GUSTAVE EIFFEL (RUE),48.90284319,2.29115009,Crépuscule ou aube,En agglomération,Hors intersection,Pluie légère,Autre collision,4,2,2,2,1,1,2,0,5,15,1,2,1,0,0,1,60.0,,deux_roues,,2,2,1,2,6
202400047938,2024-10-28 15:39:00,2024,10,28,15,39,10,10387,THENARD (RUE),48.26856,4.08617,Plein jour,En agglomération,Giratoire,Normale,Deux véhicules - côté,4,2,2,0,1,1,1,5,1,50,2,2,1,0,0,1,34.0,14.0,voiture,deux_roues,1,2,6,1,3
202400047938,2024-10-28 15:39:00,2024,10,28,15,39,10,10387,THENARD (RUE),48.26856,4.08617,Plein jour,En agglomération,Giratoire,Normale,Deux véhicules - côté,4,1,2,1,1,3,1,0,1,50,2,2,1,0,0,1,34.0,14.0,voiture,deux_roues,1,2,6,1,3
202400047939,2024-08-18 16:00:00,2024,8,18,16,0,49,49007,SAINT MICHEL BOULEVARD,47.47379,-0.53833,Plein jour,En agglomération,Intersection en Y,Normale,Deux véhicules - côté,4,2,2,2,1,1,1,0,1,50,2,2,1,0,0,1,,16.0,utilitaire_camion,deux_roues,1,2,4,1,3
202400047939,2024-08-18 16:00:00,2024,8,18,16,0,49,49007,SAINT MICHEL BOULEVARD,47.47379,-0.53833,Plein jour,En agglomération,Intersection en Y,Normale,Deux véhicules - côté,4,2,4,3,1,1,1,0,1,50,2,2,1,0,0,1,,16.0,utilitaire_camion,deux_roues,1,2,4,1,3
202400047940,2024-06-12 07:25:00,2024,6,12,7,25,33,33249,,44.87548,-0.50799,Plein jour,Hors agglomération,Hors intersection,Normale,Deux véhicules - côté,2,3,6,0,1,1,1,0,1,90,2,2,1,0,0,1,48.0,72.0,utilitaire_camion,voiture,1,1,1,1,3
202400047941,2024-07-14 20:25:00,2024,7,14,20,25,76,76520,D407,49.869055,1.606858,Plein jour,Hors agglomération,Hors intersection,Normale,Autre collision,3,2,2,0,3,1,1,0,3,80,1,3,0,0,2,1,24.0,,voiture,,1,1,1,1,6
202400047942,2024-08-15 16:00:00,2024,8,15,16,0,43,43251,Espace Richard Sainct - Camp d'Eycenac,45.00994317,3.86553204,Plein jour,Hors agglomération,Hors intersection,Normale,Sans collision,5,-1,1,0,4,1,9,0,8,50,1,1,0,0,1,0,19.0,,deux_roues,,1,1,1,1,7
202400047943,2024-09-17 07:55:00,2024,9,17,7,55,05,05061,EMILE ZOLA ( COURS ),44.5531,6.07372,Plein jour,En agglomération,Intersection en X,Normale,Deux véhicules - côté,4,2,2,0,1,1,1,0,1,30,2,2,1,0,0,1,19.0,39.0,deux_roues,voiture,1,2,2,1,3
202400047943,2024-09-17 07:55:00,2024,9,17,7,55,05,05061,EMILE ZOLA ( COURS ),44.5531,6.07372,Plein jour,En agglomération,Intersection en X,Normale,Deux véhicules - côté,4,2,2,0,2,1,1,0,1,50,2,2,1,0,0,1,19.0,39.0,deux_roues,voiture,1,2,2,1,3
202400047944,2024-06-11 12:55:00,2024,6,11,12,55,33,33281,,44.81497,-0.672791,Plein jour,Hors agglomération,Hors intersection,Normale,Deux véhicules - arrière,1,3,6,0,1,1,1,0,1,90,2,2,1,0,0,1,61.0,52.0,voiture,voiture,1,1,1,1,2
202400047945,2024-12-05 07:20:00,2024,12,5,7,20,11,11203,D6113 PK 18+000,43.205684,2.791182,Crépuscule ou aube,Hors agglomération,Hors intersection,Normale,Deux véhicules - arrière,3,2,2,0,1,1,1,9,8,70,2,2,1,0,1,0,58.0,31.0,voiture,deux_roues,2,1,1,1,2
202400047946,2024-07-13 04:00:00,2024,7,13,4,0,2B,2B050,Rue Clemenceau,42.567332,8.758799,Nuit avec éclairage allumé,En agglomération,Hors intersection,Normale,Sans collision,4,1,1,0,1,1,1,0,1,30,1,2,1,0,0,1,39.0,,utilitaire_camion,,5,2,1,1,7
202400047947,2024-09-21 23:25:00,2024,9,21,23,25,92,92024,ASNIERES (PONT D'),48.90343856,2.2896992,Nuit avec éclairage allumé,En agglomération,Giratoire,Pluie légère,Deux véhicules - côté,3,1,2,0,1,1,2,2,1,50,2,4,0,0,0,4,31.0,36.0,voiture,voiture,5,2,6,2,3
202400047947,2024-09-21 23:25:00,2024,9,21,23,25,92,92024,ASNIERES (PONT D'),48.90343856,2.2896992,Nuit avec éclairage allumé,En agglomération,Giratoire,Pluie légère,Deux véhicules - côté,3,2,4,0,1,1,2,0,1,50,2,4,0,0,0,4,31.0,36.0,voiture,voiture,5,2,6,2,3
202400047948,2024-08-19 14:45:00,2024,8,19,14,45,36,36159,Avenue de la Forêt,46.75717495,1.72159662,Plein jour,Hors agglomération,Hors intersection,Normale,Autre collision,3,2,2,0,1,1,1,0,3,80,1,1,0,0,0,1,50.0,,utilitaire_camion,,1,1,1,1,6
202400047949,2024-10-29 17:10:00,2024,10,29,17,10,75,75115,BD PERIPHERIQUE EXTERIEUR,48.828966,2.288562,Plein jour,En agglomération,Hors intersection,Normale,Deux véhicules - côté,4,1,4,0,1,1,1,0,1,50,2,2,1,0,0,1,66.0,51.0,voiture,deux_roues,1,2,1,1,3
202400047950,2024-12-03 10:50:00,2024,12,3,10,50,51,51030,Route de l’Ecluse,49.055501,3.997226,Plein jour,En agglomération,Giratoire,Normale,Autre collision,3,1,2,0,1,2,2,0,1,50,1,2,1,0,1,0,71.0,,voiture,,1,2,6,1,6
202400047951,2024-06-12 15:45:00,2024,6,12,15,45,91,91363,AUTOROUTE A10,48.59336217,2.04539993,Plein jour,Hors agglomération,Intersection en Y,Normale,Trois véhicules et plus - collisions multiples,1,1,2,0,1,1,1,0,1,90,3,3,2,0,0,1,25.0,40.0,deux_roues,utilitaire_camion,1,1,4,1,5
202400047951,2024-06-12 15:45:00,2024,6,12,15,45,91,91363,AUTOROUTE A10,48.59336217,2.04539993,Plein jour,Hors agglomération,Intersection en Y,Normale,Trois véhicules et plus - collisions multiples,1,1, -1,-1,1,1,1,0,1,-1,3,3,2,0,0,1,25.0,40.0,deux_roues,utilitaire_camion,1,1,4,1,5
202400047952,2024-09-24 06:40:00,2024,9,24,6,40,92,92012,EDOUARD VAILLANT (AVENUE) 57/FIN - 58/FI,48.83493914,2.24787846,Nuit avec éclairage allumé,En agglomération,Hors intersection,Pluie légère,Deux véhicules - arrière,3,1,2,0,1,1,2,0,1,50,2,2,1,0,0,1,26.0,40.0,utilitaire_camion,deux_roues,5,2,1,2,2
202400047953,2024-08-19 05:45:00,2024,8,19,5,45,35,35278,RN 136,48.14253,-1.65129,Crépuscule ou aube,Hors agglomération,Hors intersection,Normale,Deux véhicules - côté,2,3,4,0,1,1,1,0,1,90,2,2,1,0,0,1,58.0,25.0,voiture,utilitaire_camion,2,1,1,1,3
202400047954,2024-10-29 09:00:00,2024,10,29,9,0,75,75118,BD PERIPHERIQUE INTERIEUR,48.900954,2.346667,Plein jour,En agglomération,Hors intersection,Normale,Deux véhicules - côté,4,1,4,0,1,1,1,9,1,50,2,2,1,0,0,1,59.0,60.0,utilitaire_camion,voiture,1,2,1,1,3
202400047955,2024-12-05 16:20:00,2024,12,5,16,20,59,59384,Place Verte,50.13482624,3.76729599,Crépuscule ou aube,En agglomération,Place,Pluie légère,Deux véhicules - frontale,3,2,2,0,2,1,2,0,4,50,1,4,2,0,1,1,76.0,,voiture,,2,2,7,2,1
202400047956,2024-06-12 16:10:00,2024,6,12,16,10,77,77251,AUTOROUTE A5A,48.611382,2.571999,Plein jour,Hors agglomération,Hors intersection,Normale,Autre collision,1,2,3,0,1,1,1,0,1,110,1,1,0,0,0,1,46.0,,utilitaire_camion,,1,1,1,1,6
202400047957,2024-07-15 17:27:00,2024,7,15,17,27,65,65385,D26,43.038176,0.40224,Plein jour,Hors agglomération,Hors intersection,Normale,Deux véhicules - frontale,3,2,2,0,2,2,1,0,1,70,2,3,0,0,2,1,25.0,61.0,voiture,deux_roues,1,1,1,1,1
202400047958,2024-08-19 18:45:00,2024,8,19,18,45,33,33069,,44.86309,-0.60855,Plein jour,En agglomération,Hors intersection,Normale,Deux véhicules - frontale,4,2,2,0,1,1,1,0,1,30,2,2,0,0,0,2,78.0,57.0,voiture,voiture,1,2,1,1,1
202400047959,2024-10-28 19:00:00,2024,10,28,19,0,75,75114,BD PERIPHERIQUE EXTERIEUR,48.823425,2.310274,Nuit avec éclairage allumé,En agglomération,Hors intersection,Normale,Deux véhicules - côté,4,1,3,0,1,1,1,0,1,50,2,2,1,0,0,1,45.0,22.0,voiture,deux_roues,5,2,1,1,3
202400047960,2024-09-13 07:45:00,2024,9,13,7,45,40,40075,A63 PK 16+000 sens Espagne - France,43.883378,-1.131266,Crépuscule ou aube,Hors agglomération,Hors intersection,Normale,Deux véhicules - arrière,1,3,5,0,1,2,1,8,1,130,2,3,2,1,0,0,59.0,25.0,utilitaire_camion,voiture,2,1,1,1,2
202400047961,2024-06-12 06:00:00,2024,6,12,6,0,91,91521,AUTOROUTE A6,48.63739,2.39809,Plein jour,Hors agglomération,Hors intersection,Normale,Deux véhicules - côté,1,3,3,0,1,1,1,0,1,110,2,2,1,0,0,1,48.0,49.0,voiture,deux_roues,1,1,1,1,3
202400047962,2024-12-04 17:37:00,2024,12,4,17,37,82,82134,Route de Montricoux,44.07258446,1.53852332,Nuit avec éclairage allumé,Hors agglomération,Hors intersection,Normale,Deux véhicules - frontale,3,4,2,0,1,1,1,0,8,50,2,2,1,0,1,0,43.0,74.0,voiture,deux_roues,5,1,1,1,1
202400047963,2024-07-14 16:20:00,2024,7,14,16,20,33,33236,,44.726733,-1.199091,Plein jour,Hors agglomération,Hors intersection,Normale,Deux véhicules - frontale,3,2,2,0,1,3,1,0,1,80,2,2,1,0,1,0,71.0,46.0,voiture,deux_roues,1,1,1,1,1
202400047964,2024-10-28 16:30:00,2024,10,28,16,30,75,75113,BD PERIPHERIQUE INTERIEUR,48.816114,2.362523,Plein jour,En agglomération,Hors intersection,Normale,Deux véhicules - arrière,4,1,3,0,1,1,1,0,1,50,2,2,1,0,0,1,66.0,28.0,deux_roues,voiture,1,2,1,1,2
202400047965,2024-09-25 08:09:00,2024,9,25,8,9,24,24540,4149 AVENUE DE LIMOGES 24420,45.26522015,0.85699821,Crépuscule ou aube,Hors agglomération,Hors intersection,Normale,Autre collision,2,2,3,0,1,2,1,0,3,80,1,1,0,0,1,0,41.0,,voiture,,2,1,1,1,6
202400047966,2024-12-06 00:50:00,2024,12,6,0,50,65,65461,départementale 632,43.301587,0.347797,Nuit sans éclairage public,Hors agglomération,Hors intersection,Pluie légère,Autre collision,3,2,2,0,1,1,2,9,3,90,1,1,0,0,1,0,32.0,,voiture,,3,1,1,2,6
202400047967,2024-08-19 15:30:00,2024,8,19,15,30,33,33167,,44.825651,-0.535967,Plein jour,En agglomération,Intersection en T,Normale,Deux véhicules - côté,4,2,2,0,1,1,1,5,1,30,2,3,2,0,0,1,53.0,60.0,voiture,utilitaire_camion,1,2,3,1,3
202400047967,2024-08-19 15:30:00,2024,8,19,15,30,33,33167,,44.825651,-0.535967,Plein jour,En agglomération,Intersection en T,Normale,Deux véhicules - côté,4,3,2,0,1,1,1,5,1,50,2,3,2,0,0,1,53.0,60.0,voiture,utilitaire_camion,1,2,3,1,3
202400047968,2024-06-12 06:15:00,2024,6,12,6,15,92,92062,A14,48.89302103,2.2348168,Plein jour,Hors agglomération,Hors intersection,Normale,Trois véhicules et plus - en chaîne,1,1,1,0,1,1,1,1,1,50,3,5,3,0,1,1,50.0,21.0,utilitaire_camion,voiture,1,1,1,1,4
202400047969,2024-07-15 11:30:00,2024,7,15,11,30,63,63034,RD2089 / Route de Courcourt,45.80565787,3.31675027,Plein jour,Hors agglomération,Intersection en T,Normale,Deux véhicules - arrière,3,2,2,-1,1,1,1,0,1,80,2,2,1,0,0,1,53.0,23.0,voiture,deux_roues,1,1,3,1,2
202400047969,2024-07-15 11:30:00,2024,7,15,11,30,63,63034,RD2089 / Route de Courcourt,45.80565787,3.31675027,Plein jour,Hors agglomération,Intersection en T,Normale,Deux véhicules - arrière,3,2,2,0,1,1,1,0,1,90,2,2,1,0,0,1,53.0,23.0,voiture,deux_roues,1,1,3,1,2
202400047970,2024-09-24 14:00:00,2024,9,24,14,0,60,60152,Hameau de Froyères,49.400515,2.616034,Plein jour,Hors agglomération,Intersection en X,Pluie légère,Autre collision,2,2,2,0,1,1,2,5,1,90,2,2,0,0,2,0,19.0,56.0,utilitaire_camion,utilitaire_camion,1,1,2,2,6
202400047970,2024-09-24 14:00:00,2024,9,24,14,0,60,60152,Hameau de Froyères,49.400515,2.616034,Plein jour,Hors agglomération,Intersection en X,Pluie légère,Autre collision,2,2, -1,-1,1,1,2,5,1,80,2,2,0,0,2,0,19.0,56.0,utilitaire_camion,utilitaire_camion,1,1,2,2,6
202400047971,2024-10-29 07:30:00,2024,10,29,7,30,75,75119,AVENUE JEAN JAURES,48.886117,2.38308,Nuit avec éclairage allumé,En agglomération,Intersection en X,Normale,Autre collision,4,-1,4,0,1,1,1,0,1,30,1,2,1,0,0,1,,,deux_roues,,5,2,2,1,6
202400047971,2024-10-29 07:30:00,2024,10,29,7,30,75,75119,AVENUE JEAN JAURES,48.886117,2.38308,Nuit avec éclairage allumé,En agglomération,Intersection en X,Normale,Autre collision,4,1,1,0,1,1,1,0,8,30,1,2,1,0,0,1,,,deux_roues,,5,2,2,1,6
202400047972,2024-12-06 08:02:00,2024,12,6,8,2,69,69088,Montée Roy,45.822568,4.861976,Plein jour,En agglomération,Hors intersection,Pluie légère,Autre collision,7,2,2,0,2,1,2,0,1,50,1,2,1,0,0,1,,,voiture,,1,2,1,2,6
202400047973,2024-06-11 18:20:00,2024,6,11,18,20,92,92063,A86,48.8888888,2.16803002,Plein jour,Hors agglomération,Hors intersection,Normale,Deux véhicules - côté,1,1,3,0,2,1,1,0,1,70,2,2,1,0,0,1,24.0,22.0,deux_roues,voiture,1,1,1,1,3
202400047974,2024-08-19 12:05:00,2024,8,19,12,5,33,33529,,44.6147955,-1.1439799,Plein jour,Hors agglomération,Hors intersection,Normale,Deux véhicules - côté,2,2,2,0,1,1,1,0,1,80,2,3,0,0,1,2,57.0,50.0,utilitaire_camion,deux_roues,1,1,1,1,3
202400047975,2024-07-14 21:00:00,2024,7,14,21,0,49,49308,Chemin de la cartonnière,47.377164,-0.499985,Plein jour,En agglomération,Hors intersection,Normale,Sans collision,4,2,2,0,1,1,1,0,3,50,1,1,0,1,0,0,19.0,,deux_roues,,1,2,1,1,7
202400047976,2024-10-29 18:00:00,2024,10,29,18,0,75,75118,RUE ORDENER,48.890274,2.35833,Nuit avec éclairage allumé,En agglomération,Intersection en T,Normale,Autre collision,4,2, -1,0,1,1,1,0,1,30,1,2,1,0,0,1,58.0,,voiture,,5,2,3,1,6
202400047976,2024-10-29 18:00:00,2024,10,29,18,0,75,75118,RUE ORDENER,48.890274,2.35833,Nuit avec éclairage allumé,En agglomération,Intersection en T,Normale,Autre collision,4,2, -1,0,1,1,1,0,1,30,1,2,1,0,0,1,58.0,,voiture,,5,2,3,1,6
202400047977,2024-09-25 16:55:00,2024,9,25,16,55,31,31044,3 Avenue Victor Hugo,43.606115,1.492301,Plein jour,En agglomération,Hors intersection,Normale,Autre collision,7,3,2,0,1,1,1,0,6,50,1,2,1,0,0,1,86.0,,voiture,,1,2,1,1,6
202400047978,2024-11-30 18:30:00,2024,11,30,18,30,11,11084,,43.212211,2.25024,Nuit sans éclairage public,Hors agglomération,Autre intersection,Normale,Deux véhicules - frontale,3,2,2,0,1,1,1,0,1,80,2,2,1,0,1,0,47.0,59.0,voiture,voiture,3,1,9,1,1
202400047979,2024-06-10 16:05:00,2024,6,10,16,5,92,92064,A13,48.83850309,2.19236004,Plein jour,Hors agglomération,Hors intersection,Normale,Deux véhicules - côté,1,1,3,0,1,1,1,0,1,110,2,2,1,0,0,1,27.0,51.0,deux_roues,voiture,1,1,1,1,3
202400047980,2024-07-15 14:10:00,2024,7,15,14,10,22,22256,Moulin de Kerlouët,48.685811,-3.090044,Plein jour,Hors agglomération,Hors intersection,Normale,Sans collision,3,-1,1,0,4,3,1,0,3,80,1,1,0,0,0,1,16.0,,deux_roues,,1,1,1,1,7
202400047981,2024-12-04 11:45:00,2024,12,4,11,45,71,71543,2 Avenue du Clos Mouron,46.569578,4.904258,Plein jour,En agglomération,Hors intersection,Temps éblouissant,Autre collision,6,-1, -1,0,1,1,1,0,1,20,1,3,2,0,1,0,34.0,,voiture,,1,2,1,7,6
202400047982,2024-08-19 12:50:00,2024,8,19,12,50,30,30007,JUIN (AVE DU MARECHAL),44.1187,4.10881,Plein jour,En agglomération,Hors intersection,Normale,Deux véhicules - arrière,3,1,1,0,2,1,1,0,1,50,2,6,2,0,0,4,86.0,43.0,voiture,voiture,1,2,1,1,2
202400047983,2024-06-12 20:20:00,2024,6,12,20,20,95,95018,A15,48.9496723,2.2802208,Plein jour,Hors agglomération,Hors intersection,Normale,Deux véhicules - frontale,1,3,4,0,1,1,1,2,1,90,2,2,0,0,0,2,51.0,72.0,voiture,voiture,1,1,1,1,1
202400047984,2024-10-28 18:30:00,2024,10,28,18,30,75,75117,AVENUE DE CLICHY,48.88911,2.322681,Nuit avec éclairage allumé,En agglomération,Intersection en X,Normale,Deux véhicules - côté,4,2,3,2,2,1,1,0,1,30,2,3,2,0,0,1,48.0,44.0,utilitaire_camion,deux_roues,5,2,2,1,3
202400047984,2024-10-28 18:30:00,2024,10,28,18,30,75,75117,AVENUE DE CLICHY,48.88911,2.322681,Nuit avec éclairage allumé,En agglomération,Intersection en X,Normale,Deux véhicules - côté,4,1,2,0,1,1,1,0,1,30,2,3,2,0,0,1,48.0,44.0,utilitaire_camion,deux_roues,5,2,2,1,3
202400047985,2024-07-15 09:15:00,2024,7,15,9,15,39,39189,,47.076998,5.432149,Plein jour,Hors agglomération,Hors intersection,Normale,Deux véhicules - arrière,3,2,2,0,1,1,1,0,1,80,2,2,1,0,1,0,,58.0,voiture,deux_roues,1,1,1,1,2
202400047986,2024-09-25 12:45:00,2024,9,25,12,45,974,97422,Chemin Neuf,-21.248377,55.518816,Plein jour,En agglomération,Intersection en T,Normale,Deux véhicules - côté,3,2,2,0,2,3,1,0,8,50,2,2,1,0,1,0,17.0,45.0,deux_roues,voiture,1,2,3,1,3
202400047986,2024-09-25 12:45:00,2024,9,25,12,45,974,97422,Chemin Neuf,-21.248377,55.518816,Plein jour,En agglomération,Intersection en T,Normale,Deux véhicules - côté,3,2, -1,-1,2,1,1,0,1,-1,2,2,1,0,1,0,17.0,45.0,deux_roues,voiture,1,2,3,1,3
202400047987,2024-08-18 18:10:00,2024,8,18,18,10,29,29232,Rd 365 - Avenue du Morbihan,47.97857884,-4.04786871,Plein jour,En agglomération,Hors intersection,Normale,Autre collision,3,3,4,0,1,1,1,0,1,70,1,1,0,0,0,1,20.0,,voiture,,1,2,1,1,6
202400047988,2024-06-12 10:10:00,2024,6,12,10,10,95,95241,N104,49.04560195,2.44966673,Plein jour,Hors agglomération,Hors intersection,Normale,Deux véhicules - arrière,2,3,2,0,1,1,1,0,1,110,2,2,1,0,0,1,35.0,58.0,voiture,voiture,1,1,1,1,2
202400047989,2024-10-28 16:45:00,2024,10,28,16,45,75,75114,BOULEVARD JOURDAN,48.822686,2.327972,Plein jour,En agglomération,Intersection en T,Normale,Sans collision,4,3,6,0,2,1,1,0,1,50,1,1,0,0,0,1,17.0,,deux_roues,,1,2,3,1,7
202400047989,2024-10-28 16:45:00,2024,10,28,16,45,75,75114,BOULEVARD JOURDAN,48.822686,2.327972,Plein jour,En agglomération,Intersection en T,Normale,Sans collision,4,2, -1,0,1,1,1,0,1,50,1,1,0,0,0,1,17.0,,deux_roues,,1,2,3,1,7
202400047990,2024-07-15 17:15:00,2024,7,15,17,15,25,25228,Avenue Oehmichen,47.518139,6.879956,Plein jour,En agglomération,Autre intersection,Normale,Deux véhicules - frontale,4,2,2,0,1,1,1,0,1,50,2,2,1,0,1,0,54.0,40.0,voiture,deux_roues,1,2,9,1,1
202400047991,2024-12-06 08:08:00,2024,12,6,8,8,71,71543,Avenue de la Résistance,46.56604,4.901525,Crépuscule ou aube,En agglomération,Intersection en T,Normale,Deux véhicules - côté,3,2,2,0,1,1,2,5,1,50,2,3,2,0,0,1,72.0,57.0,voiture,deux_roues,2,2,3,1,3
202400047991,2024-12-06 08:08:00,2024,12,6,8,8,71,71543,Avenue de la Résistance,46.56604,4.901525,Crépuscule ou aube,En agglomération,Intersection en T,Normale,Deux véhicules - côté,3,2,2,0,1,1,2,5,1,50,2,3,2,0,0,1,72.0,57.0,voiture,deux_roues,2,2,3,1,3
202400047992,2024-09-24 15:10:00,2024,9,24,15,10,62,62866,D143,50.381539,1.652096,Plein jour,En agglomération,Hors intersection,Normale,Deux véhicules - arrière,3,-1,2,0,1,1,1,0,1,50,2,2,0,0,0,2,56.0,42.0,deux_roues,deux_roues,1,2,1,1,2
202400047993,2024-08-06 18:30:00,2024,8,6,18,30,15,15014,Giratoire Garric Tronquières,44.90397,2.42669,Plein jour,En agglomération,Giratoire,Normale,Deux véhicules - côté,4,1,2,0,1,1,1,0,1,50,2,2,1,0,0,1,44.0,48.0,voiture,deux_roues,1,2,6,1,3
202400047994,2024-10-28 21:42:00,2024,10,28,21,42,75,75109,RUE DU FAUBOURG MONTMARTRE,48.872012,2.343186,Nuit avec éclairage allumé,En agglomération,Hors intersection,Normale,Deux véhicules - arrière,4,1,2,0,2,2,1,0,8,30,2,2,1,0,0,1,37.0,39.0,voiture,voiture,5,2,1,1,2
202400047995,2024-02-28 16:40:00,2024,2,28,16,40,84,84031,SAINTE FAMILLE CHEMIN DE LA,44.04374,5.04594,Plein jour,En agglomération,Intersection en Y,Normale,Deux véhicules - frontale,4,2,2,0,1,2,1,0,1,50,2,2,1,0,0,1,45.0,58.0,utilitaire_camion,deux_roues,1,2,4,1,1
202400047995,2024-02-28 16:40:00,2024,2,28,16,40,84,84031,SAINTE FAMILLE CHEMIN DE LA,44.04374,5.04594,Plein jour,En agglomération,Intersection en Y,Normale,Deux véhicules - frontale,4,2,2,0,1,2,1,0,1,50,2,2,1,0,0,1,45.0,58.0,utilitaire_camion,deux_roues,1,2,4,1,1
202400047996,2024-07-09 18:15:00,2024,7,9,18,15,25,25601,D19,47.182144,6.418376,Plein jour,Hors agglomération,Hors intersection,Normale,Deux véhicules - frontale,3,2,2,0,2,2,1,0,1,80,2,2,1,0,1,0,43.0,69.0,voiture,deux_roues,1,1,1,1,1