accident_id,datetime,annee,mois,jour,heure,minute,departement,commune_insee,adresse,latitude,longitude,luminosite,agglomeration,intersection,meteo,collision,catr,circ,nbv,vosp,prof,plan,surf,infra,situ,vma,nb_vehicules,nb_usagers,nb_indemnes,nb_tues,nb_blesses_hosp,nb_blesses_legers,age_cond_1,age_cond_2,veh_type_cond_1,veh_type_cond_2,lum_code,agg_code,int_code,atm_code,col_code
202400047997,2024-12-04 23:30:00,2024,12,4,23,30,63,63050,Route de Megecoste,45.40157871,3.32834764,Nuit avec éclairage allumé,En agglomération,Hors intersection,Normale,Autre collision,3,2,2,0,1,3,1,0,1,-1,1,2,0,0,0,2,18.0,,voiture,,5,2,1,1,6
202400047998,2024-08-18 23:40:00,2024,8,18,23,40,13,13039,ROUTE NATIONALE 569,43.46236476,4.92229387,Nuit sans éclairage public,Hors agglomération,Hors intersection,Normale,Deux véhicules - arrière,2,1,1,0,1,1,1,0,1,50,1,1,0,0,0,1,39.0,,voiture,,3,1,1,1,2
202400047999,2024-02-21 20:20:00,2024,2,21,20,20,84,84031,MONTEUX CHEMIN DE,44.04496,5.02868,Nuit avec éclairage allumé,Hors agglomération,Giratoire,Normale,Sans collision,3,4,2,0,1,2,1,9,4,30,1,1,0,0,0,1,61.0,,voiture,,5,1,6,1,7
202400048000,2024-10-29 14:00:00,2024,10,29,14,0,75,75108,AVENUE DES CHAMPS ELYSEES,48.871709,2.301846,Plein jour,En agglomération,Hors intersection,Normale,Autre collision,4,1,3,1,2,1,1,0,1,30,1,2,0,0,0,2,51.0,,deux_roues,,1,2,1,1,6
202400048001,2024-07-14 19:50:00,2024,7,14,19,50,25,25105,D12,47.101887,5.841449,Plein jour,Hors agglomération,Passage à niveau,Normale,Sans collision,3,2,2,0,2,4,1,4,6,90,1,1,0,0,1,0,17.0,,deux_roues,,1,1,8,1,7
202400048002,2024-09-23 17:00:00,2024,9,23,17,0,63,63178,A75 -diff 13 - bretelle sortie sens 1 vers Issoire,45.54303798,3.266716,Plein jour,Hors agglomération,Hors intersection,Normale,Trois véhicules et plus - en chaîne,1,1,1,0,2,1,1,3,1,50,3,3,2,0,1,0,22.0,21.0,voiture,voiture,1,1,1,1,4
202400048003,2024-10-26 22:45:00,2024,10,26,22,45,61,61096,D848,48.533842,-0.459961,Nuit sans éclairage public,Hors agglomération,Hors intersection,Pluie légère,Deux véhicules - frontale,3,2,2,0,1,3,2,0,1,80,2,2,1,0,0,1,36.0,22.0,voiture,voiture,3,1,1,2,1
202400048004,2024-08-19 03:50:00,2024,8,19,3,50,13,13209,MICHELET (BOULEVARD),43.2632197,5.39658766,Nuit avec éclairage allumé,En agglomération,Intersection en X,Normale,Deux véhicules - côté,4,-1,1,0,1,1,1,0,1,50,2,2,1,0,1,0,24.0,,voiture,voiture,5,2,2,1,3
202400048004,2024-08-19 03:50:00,2024,8,19,3,50,13,13209,MICHELET (BOULEVARD),43.2632197,5.39658766,Nuit avec éclairage allumé,En agglomération,Intersection en X,Normale,Deux véhicules - côté,4,2,6,0,1,1,1,0,1,50,2,2,1,0,1,0,24.0,,voiture,voiture,5,2,2,1,3
202400048005,2024-10-29 16:35:00,2024,10,29,16,35,75,75101,BOULEVARD DU PALAIS,48.85618,2.346544,Plein jour,En agglomération,Intersection en X,Normale,Autre collision,4,2,4,1,1,1,1,0,1,30,1,2,1,0,0,1,34.0,,deux_roues,,1,2,2,1,6
202400048005,2024-10-29 16:35:00,2024,10,29,16,35,75,75101,BOULEVARD DU PALAIS,48.85618,2.346544,Plein jour,En agglomération,Intersection en X,Normale,Autre collision,4,2,2,2,1,1,1,0,1,30,1,2,1,0,0,1,34.0,,deux_roues,,1,2,2,1,6
202400048006,2024-07-14 21:30:00,2024,7,14,21,30,25,25119,D70,47.257723,5.916814,Nuit sans éclairage public,Hors agglomération,Hors intersection,Normale,Deux véhicules - arrière,3,3,2,0,1,1,1,0,1,70,2,2,1,0,0,1,28.0,22.0,voiture,voiture,3,1,1,1,2
202400048007,2024-02-17 16:30:00,2024,2,17,16,30,84,84036,route de saint saturnin les avignon,43.9278,4.948976,Plein jour,En agglomération,Intersection en T,Normale,Deux véhicules - côté,3,2,2,0,1,1,1,0,1,70,2,2,1,0,0,1,43.0,,voiture,voiture,1,2,3,1,3
202400048007,2024-02-17 16:30:00,2024,2,17,16,30,84,84036,route de saint saturnin les avignon,43.9278,4.948976,Plein jour,En agglomération,Intersection en T,Normale,Deux véhicules - côté,3,2,2,-1,1,1,1,0,1,-1,2,2,1,0,0,1,43.0,,voiture,voiture,1,2,3,1,3
202400048008,2024-12-06 07:05:00,2024,12,6,7,5,61,61145,5 Rue de la République,48.591716,-0.646016,Nuit avec éclairage allumé,En agglomération,Hors intersection,Normale,Autre collision,3,2,2,0,2,1,1,0,1,50,1,3,2,0,0,1,41.0,,voiture,,5,2,1,1,6
202400048009,2024-07-14 10:11:00,2024,7,14,10,11,29,29206,Départementale 29,48.6371339,-4.2147476,Plein jour,Hors agglomération,Hors intersection,Normale,Sans collision,3,2,2,0,4,1,1,0,1,80,1,1,0,0,1,0,53.0,,deux_roues,,1,1,1,1,7
202400048010,2024-09-22 19:00:00,2024,9,22,19,0,83,83092,Chemin du Carry,43.304643,6.234393,Plein jour,En agglomération,Intersection en X,Normale,Deux véhicules - côté,4,3,2,0,1,1,1,0,1,30,2,3,1,0,1,1,41.0,17.0,voiture,deux_roues,1,2,2,1,3
202400048010,2024-09-22 19:00:00,2024,9,22,19,0,83,83092,Chemin du Carry,43.304643,6.234393,Plein jour,En agglomération,Intersection en X,Normale,Deux véhicules - côté,4,3,2,0,1,3,1,0,1,30,2,3,1,0,1,1,41.0,17.0,voiture,deux_roues,1,2,2,1,3
202400048011,2024-02-17 02:00:00,2024,2,17,2,0,84,84138,D941,44.388864,4.970049,Nuit sans éclairage public,Hors agglomération,Hors intersection,Vent fort / tempête,Deux véhicules - frontale,3,2,2,0,1,1,1,0,1,80,2,2,0,0,1,1,19.0,32.0,deux_roues,voiture,3,1,1,6,1
202400048012,2024-10-29 00:52:00,2024,10,29,0,52,75,75103,BOULEVARD DE SEBASTOPOL,48.864461,2.351577,Nuit avec éclairage allumé,En agglomération,Intersection en X,Normale,Deux véhicules - frontale,4,1, -1,3,1,1,1,0,1,30,2,2,1,0,0,1,26.0,17.0,voiture,deux_roues,5,2,2,1,1
202400048012,2024-10-29 00:52:00,2024,10,29,0,52,75,75103,BOULEVARD DE SEBASTOPOL,48.864461,2.351577,Nuit avec éclairage allumé,En agglomération,Intersection en X,Normale,Deux véhicules - frontale,4,1, -1,1,1,1,1,0,1,30,2,2,1,0,0,1,26.0,17.0,voiture,deux_roues,5,2,2,1,1
202400048013,2024-12-06 07:07:00,2024,12,6,7,7,55,55492,D903,49.131015,5.454969,Nuit sans éclairage public,Hors agglomération,Hors intersection,Normale,Sans collision,3,2,2,0,1,1,1,0,3,90,2,2,1,0,0,1,35.0,,voiture,voiture,3,1,1,1,7
202400048014,2024-08-18 19:50:00,2024,8,18,19,50,13,13203,CARAVELLE (RUE),43.31738,5.37117,Plein jour,En agglomération,Hors intersection,Normale,Deux véhicules - frontale,4,-1,2,0,2,4,1,0,1,50,2,5,4,0,0,1,23.0,25.0,autre,voiture,1,2,1,1,1
202400048015,2024-07-15 13:50:00,2024,7,15,13,50,31,31042,66 Allees d'Etigny,42.78577821,0.59388667,Plein jour,En agglomération,Hors intersection,Normale,Autre collision,4,2,2,0,1,1,1,0,1,30,1,3,1,0,0,2,30.0,,voiture,,1,2,1,1,6
202400048016,2024-09-24 19:30:00,2024,9,24,19,30,51,51333,D33,49.17790812,4.09409214,Nuit sans éclairage public,Hors agglomération,Hors intersection,Pluie légère,Autre collision,3,2,2,0,1,1,2,0,3,80,1,1,0,0,1,0,21.0,,utilitaire_camion,,3,1,1,2,6
202400048017,2024-10-28 14:15:00,2024,10,28,14,15,75,75101,QUAI DES TUILERIES,48.860946,2.330101,Plein jour,En agglomération,Intersection en T,Normale,Autre collision,4,1,3,3,2,1,1,1,1,30,1,2,1,0,0,1,33.0,,utilitaire_camion,,1,2,3,1,6
202400048017,2024-10-28 14:15:00,2024,10,28,14,15,75,75101,QUAI DES TUILERIES,48.860946,2.330101,Plein jour,En agglomération,Intersection en T,Normale,Autre collision,4,1,4,3,1,1,1,0,8,30,1,2,1,0,0,1,33.0,,utilitaire_camion,,1,2,3,1,6
202400048018,2024-12-06 09:50:00,2024,12,6,9,50,55,55528,D908,48.88103555,5.66107265,Plein jour,Hors agglomération,Hors intersection,Normale,Deux véhicules - arrière,3,2,2,0,2,1,2,0,1,90,2,2,1,0,1,0,71.0,21.0,voiture,utilitaire_camion,1,1,1,1,2
202400048019,2024-02-02 10:45:00,2024,2,2,10,45,84,84031,HUGO AVENUE VICTOR,44.0472,5.04814,Plein jour,En agglomération,Intersection en T,Normale,Deux véhicules - côté,4,2,2,-1,1,1,1,0,1,-1,2,3,1,0,1,1,25.0,18.0,voiture,deux_roues,1,2,3,1,3
202400048019,2024-02-02 10:45:00,2024,2,2,10,45,84,84031,HUGO AVENUE VICTOR,44.0472,5.04814,Plein jour,En agglomération,Intersection en T,Normale,Deux véhicules - côté,4,2,2,-1,1,1,1,0,1,-1,2,3,1,0,1,1,25.0,18.0,voiture,deux_roues,1,2,3,1,3
202400048020,2024-07-15 07:20:00,2024,7,15,7,20,38,38249,628 Rue General de Gaulle,45.22641,5.802707,Crépuscule ou aube,En agglomération,Hors intersection,Temps éblouissant,Autre collision,3,1,2,0,1,1,1,0,1,30,1,2,1,0,0,1,34.0,,voiture,,2,2,1,7,6
202400048021,2024-08-18 15:40:00,2024,8,18,15,40,13,13216,LITTORAL (CHEMIN DU),43.35384,5.32999,Plein jour,En agglomération,Hors intersection,Normale,Deux véhicules - arrière,4,2,2,0,1,2,1,0,1,50,3,5,4,0,0,1,42.0,29.0,voiture,utilitaire_camion,1,2,1,1,2
202400048022,2024-10-28 09:35:00,2024,10,28,9,35,75,75102,BOULEVARD DE BONNE NOUVELLE,48.869654,2.352614,Plein jour,En agglomération,Intersection en X,Normale,Deux véhicules - côté,4,2,6,1,1,1,1,0,1,30,2,2,0,0,0,2,29.0,29.0,deux_roues,deux_roues,1,2,2,1,3
202400048022,2024-10-28 09:35:00,2024,10,28,9,35,75,75102,BOULEVARD DE BONNE NOUVELLE,48.869654,2.352614,Plein jour,En agglomération,Intersection en X,Normale,Deux véhicules - côté,4,2, -1,1,1,1,1,0,8,30,2,2,0,0,0,2,29.0,29.0,deux_roues,deux_roues,1,2,2,1,3
202400048023,2024-03-31 06:10:00,2024,3,31,6,10,74,74272,Route d'Epagny,45.942817,6.060719,Nuit sans éclairage public,En agglomération,Intersection en Y,Normale,Sans collision,3,2,1,0,4,3,1,9,4,50,1,1,0,0,1,0,31.0,,deux_roues,,3,2,4,1,7
202400048023,2024-03-31 06:10:00,2024,3,31,6,10,74,74272,Route d'Epagny,45.942817,6.060719,Nuit sans éclairage public,En agglomération,Intersection en Y,Normale,Sans collision,3,2, -1,-1,2,1,1,0,1,-1,1,1,0,0,1,0,31.0,,deux_roues,,3,2,4,1,7
202400048024,2024-09-25 18:00:00,2024,9,25,18,0,80,80754,Place de la Mairie,49.82654,1.941746,Crépuscule ou aube,Hors agglomération,Hors intersection,Pluie forte,Deux véhicules - frontale,4,2,2,0,1,2,2,0,1,80,2,3,2,0,1,0,17.0,27.0,deux_roues,voiture,2,1,1,3,1
202400048025,2024-12-05 16:50:00,2024,12,5,16,50,42,42267,Route de Charlieu,46.154389,4.150214,Crépuscule ou aube,Hors agglomération,Intersection en X,Pluie légère,Deux véhicules - frontale,3,2,2,0,1,1,2,0,1,70,2,2,1,0,0,1,91.0,39.0,voiture,voiture,2,1,2,2,1
202400048025,2024-12-05 16:50:00,2024,12,5,16,50,42,42267,Route de Charlieu,46.154389,4.150214,Crépuscule ou aube,Hors agglomération,Intersection en X,Pluie légère,Deux véhicules - frontale,3,2,2,0,1,1,2,0,1,80,2,2,1,0,0,1,91.0,39.0,voiture,voiture,2,1,2,2,1
202400048026,2024-07-15 08:10:00,2024,7,15,8,10,02,02504,Rue Paul Demoulin,49.734778,3.263521,Plein jour,En agglomération,Autre intersection,Normale,Deux véhicules - côté,3,-1,2,0,1,1,1,0,1,50,2,2,0,0,0,2,23.0,48.0,voiture,voiture,1,2,9,1,3
202400048027,2024-05-11 11:50:00,2024,5,11,11,50,76,76423,route de Haussez,49.571106,1.663681,Plein jour,Hors agglomération,Hors intersection,Normale,Sans collision,3,2, -1,-1,2,1,1,0,1,-1,1,1,0,1,0,0,61.0,,deux_roues,,1,1,1,1,7
202400048028,2024-12-05 14:22:00,2024,12,5,14,22,47,47203,Route du Lacay,44.39987,0.83141,Plein jour,En agglomération,Hors intersection,Normale,Deux véhicules - arrière,4,2,2,0,1,1,1,0,1,50,2,2,1,0,1,0,74.0,79.0,deux_roues,deux_roues,1,2,1,1,2
202400048029,2024-08-18 18:05:00,2024,8,18,18,5,11,11069,,43.18759,2.40278,Plein jour,Hors agglomération,Hors intersection,Normale,Autre collision,4,2,3,0,1,1,1,0,1,50,1,5,0,0,0,5,70.0,,voiture,,1,1,1,1,6
202400048030,2024-10-29 05:50:00,2024,10,29,5,50,94,94081,Boulevard de Stalingrad,48.79857,2.38196,Nuit avec éclairage allumé,En agglomération,Autre intersection,Normale,Deux véhicules - côté,3,2,4,0,1,1,1,5,1,50,2,4,2,0,1,1,20.0,51.0,voiture,utilitaire_camion,5,2,9,1,3
202400048030,2024-10-29 05:50:00,2024,10,29,5,50,94,94081,Boulevard de Stalingrad,48.79857,2.38196,Nuit avec éclairage allumé,En agglomération,Autre intersection,Normale,Deux véhicules - côté,3,2,2,0,1,1,1,5,1,50,2,4,2,0,1,1,20.0,51.0,voiture,utilitaire_camion,5,2,9,1,3
202400048031,2024-07-14 12:00:00,2024,7,14,12,0,03,03233,lieu dit Peuplat,46.256322,2.620186,Plein jour,Hors agglomération,Intersection en Y,Normale,Deux véhicules - frontale,4,-1,1,0,2,1,9,0,8,90,2,2,0,0,2,0,27.0,21.0,deux_roues,deux_roues,1,1,4,1,1
202400048031,2024-07-14 12:00:00,2024,7,14,12,0,03,03233,lieu dit Peuplat,46.256322,2.620186,Plein jour,Hors agglomération,Intersection en Y,Normale,Deux véhicules - frontale,4,-1,1,0,3,3,9,0,8,90,2,2,0,0,2,0,27.0,21.0,deux_roues,deux_roues,1,1,4,1,1
202400048032,2024-09-24 21:00:00,2024,9,24,21,0,41,41280,A85,47.32046727,1.77305057,Nuit sans éclairage public,Hors agglomération,Hors intersection,Normale,Autre collision,1,2,2,0,1,1,1,0,1,130,3,4,3,0,0,1,68.0,37.0,utilitaire_camion,utilitaire_camion,3,1,1,1,6
202400048033,2024-04-12 16:30:00,2024,4,12,16,30,67,67482,ELFTERRAIN (RUE DE L ),48.58393,7.7144,Plein jour,En agglomération,Hors intersection,Normale,Deux véhicules - côté,4,1,1,0,1,1,1,8,1,50,2,2,1,0,0,1,19.0,19.0,utilitaire_camion,deux_roues,1,2,1,1,3
202400048034,2024-08-18 02:45:00,2024,8,18,2,45,06,06088,31 Voie Pierre Mathis ,43.70523,7.26005,Nuit avec éclairage non allumé,Hors agglomération,Hors intersection,Normale,Autre collision,4,3,4,3,2,1,1,0,1,70,1,1,0,1,0,0,39.0,,deux_roues,,4,1,1,1,6
202400048035,2024-07-14 00:05:00,2024,7,14,0,5,03,03156,Zone Industrielle le Tureau,46.593449,3.509434,Nuit sans éclairage public,Hors agglomération,Hors intersection,Normale,Sans collision,3,2,2,0,1,3,1,0,3,90,1,1,0,0,0,1,46.0,,voiture,,3,1,1,1,7
202400048036,2024-12-05 18:45:00,2024,12,5,18,45,29,29090,Pont du Ry,48.09230356,-4.29563064,Nuit sans éclairage public,Hors agglomération,Hors intersection,Brouillard / fumée,Deux véhicules - frontale,3,2,2,0,4,2,1,0,1,50,2,3,2,0,0,1,65.0,29.0,voiture,voiture,3,1,1,5,1
202400048037,2024-09-25 14:30:00,2024,9,25,14,30,71,71353,330 Chemin du Revermy,46.532577,4.876994,Plein jour,Hors agglomération,Hors intersection,Normale,Sans collision,4,2,2,0,2,1,1,0,1,80,1,1,0,0,0,1,35.0,,deux_roues,,1,1,1,1,7
202400048038,2024-10-29 15:35:00,2024,10,29,15,35,94,94046,Avenue du Général de Gaulle,48.81549,2.42041,Plein jour,En agglomération,Autre intersection,Normale,Deux véhicules - côté,3,2,4,0,1,1,1,5,1,50,2,4,1,0,0,3,32.0,32.0,utilitaire_camion,voiture,1,2,9,1,3
202400048038,2024-10-29 15:35:00,2024,10,29,15,35,94,94046,Avenue du Général de Gaulle,48.81549,2.42041,Plein jour,En agglomération,Autre intersection,Normale,Deux véhicules - côté,3,3,4,0,2,2,1,5,1,50,2,4,1,0,0,3,32.0,32.0,utilitaire_camion,voiture,1,2,9,1,3
202400048039,2024-07-15 08:00:00,2024,7,15,8,0,03,03002,Rétifs,46.617927,3.18125,Plein jour,Hors agglomération,Hors intersection,Normale,Autre collision,3,2,2,0,1,3,1,0,3,90,1,1,0,0,0,1,21.0,,voiture,,1,1,1,1,6
202400048040,2024-03-30 16:18:00,2024,3,30,16,18,19,19031,MENDES FRANCE (AVENUE PIERRE),45.14348131,1.47169161,Plein jour,En agglomération,Hors intersection,Normale,Trois véhicules et plus - en chaîne,3,3,4,1,1,1,1,0,1,50,3,3,2,0,0,1,20.0,67.0,utilitaire_camion,voiture,1,2,1,1,4
202400048041,2024-08-14 14:23:00,2024,8,14,14,23,75,75101,RUE DU LOUVRE,48.863108,2.341953,Plein jour,En agglomération,Intersection en T,Normale,Deux véhicules - frontale,4,2, -1,-1,1,1,1,0,5,30,2,2,1,0,1,0,34.0,42.0,deux_roues,voiture,1,2,3,1,1
202400048041,2024-08-14 14:23:00,2024,8,14,14,23,75,75101,RUE DU LOUVRE,48.863108,2.341953,Plein jour,En agglomération,Intersection en T,Normale,Deux véhicules - frontale,4,2,4,1,1,1,1,0,5,30,2,2,1,0,1,0,34.0,42.0,deux_roues,voiture,1,2,3,1,1
202400048042,2024-09-21 16:20:00,2024,9,21,16,20,25,25036,Rue du Halage,47.198352,5.96004,Plein jour,En agglomération,Hors intersection,Normale,Deux véhicules - frontale,4,2,1,3,1,1,1,0,5,30,2,2,0,0,1,1,69.0,27.0,deux_roues,deux_roues,1,2,1,1,1
202400048043,2024-10-29 06:15:00,2024,10,29,6,15,94,94077,Avenue de la Carelle,48.734376,2.430455,Nuit avec éclairage allumé,En agglomération,Hors intersection,Normale,Deux véhicules - côté,4,2,2,0,1,1,1,0,1,50,2,2,1,0,0,1,56.0,48.0,deux_roues,utilitaire_camion,5,2,1,1,3
202400048044,2024-12-06 07:45:00,2024,12,6,7,45,03,03072,D40,46.460632,2.517527,Crépuscule ou aube,Hors agglomération,Hors intersection,Temps couvert,Trois véhicules et plus - collisions multiples,3,2,2,0,2,3,2,0,1,70,3,4,1,0,1,2,54.0,42.0,voiture,voiture,2,1,1,8,5
202400048045,2024-07-14 17:50:00,2024,7,14,17,50,01,01389,D27,46.068899,4.868252,Plein jour,Hors agglomération,Hors intersection,Normale,Deux véhicules - frontale,3,2,2,0,1,1,1,0,1,80,2,2,1,1,0,0,33.0,20.0,utilitaire_camion,deux_roues,1,1,1,1,1
202400048046,2024-06-11 06:45:00,2024,6,11,6,45,974,97416,LIGNE PARADIS(ROUTE DE LA),-21.30894,55.46859,Plein jour,Hors agglomération,Hors intersection,Normale,Deux véhicules - côté,3,2,2,0,1,1,1,0,1,50,2,2,1,0,1,0,27.0,30.0,deux_roues,voiture,1,1,1,1,3
202400048047,2024-10-29 11:45:00,2024,10,29,11,45,94,94017,Avenue Roger Salengro,48.81852131,2.49135375,Plein jour,En agglomération,Hors intersection,Normale,Deux véhicules - côté,3,-1,3,0,1,1,1,0,1,30,2,2,1,0,0,1,67.0,54.0,voiture,deux_roues,1,2,1,1,3
202400048048,2024-08-19 19:50:00,2024,8,19,19,50,75,75105,RUE MONGE,48.839741,2.351174,Plein jour,En agglomération,Intersection en Y,Normale,Deux véhicules - côté,4,1, -1,-1,1,1,1,0,1,30,2,4,2,0,0,2,59.0,51.0,deux_roues,deux_roues,1,2,4,1,3
202400048048,2024-08-19 19:50:00,2024,8,19,19,50,75,75105,RUE MONGE,48.839741,2.351174,Plein jour,En agglomération,Intersection en Y,Normale,Deux véhicules - côté,4,-1,2,0,1,1,1,0,1,30,2,4,2,0,0,2,59.0,51.0,deux_roues,deux_roues,1,2,4,1,3
202400048049,2024-09-25 07:00:00,2024,9,25,7,0,44,44129,,47.417159,-2.09097,Nuit sans éclairage public,Hors agglomération,Intersection en T,Pluie légère,Deux véhicules - côté,3,2,2,0,1,1,2,9,1,80,2,2,1,0,1,0,27.0,17.0,voiture,deux_roues,3,1,3,2,3
202400048049,2024-09-25 07:00:00,2024,9,25,7,0,44,44129,,47.417159,-2.09097,Nuit sans éclairage public,Hors agglomération,Intersection en T,Pluie légère,Deux véhicules - côté,3,2,2,0,1,1,2,0,1,80,2,2,1,0,1,0,27.0,17.0,voiture,deux_roues,3,1,3,2,3
202400048050,2024-07-15 17:05:00,2024,7,15,17,5,58,58267,D34,47.118442,3.514949,Plein jour,Hors agglomération,Hors intersection,Temps couvert,Deux véhicules - côté,3,3,2,0,1,3,2,0,1,80,2,3,2,0,0,1,23.0,27.0,voiture,voiture,1,1,1,8,3
202400048051,2024-06-11 18:05:00,2024,6,11,18,5,974,97411,DORET 1 (BOULEVARD),-20.88952,55.4614,Nuit sans éclairage public,En agglomération,Hors intersection,Normale,Autre collision,4,2,3,0,1,1,1,0,1,50,1,2,1,0,1,0,32.0,,transport_commun,,3,2,1,1,6
202400048052,2024-11-19 18:45:00,2024,11,19,18,45,01,01369,Rue de l’Ecole,46.191964,5.282755,Nuit avec éclairage allumé,En agglomération,Intersection en T,Normale,Deux véhicules - côté,4,2,2,0,1,1,1,0,1,50,2,2,1,0,1,0,77.0,36.0,voiture,deux_roues,5,2,3,1,3
202400048053,2024-10-29 13:10:00,2024,10,29,13,10,93,93071,ANDRE TOUTAIN (AVENUE),48.94471,2.5252,Plein jour,En agglomération,Intersection en X,Normale,Deux véhicules - frontale,4,2,0,0,1,1,1,0,1,50,2,2,1,0,0,1,73.0,36.0,voiture,deux_roues,1,2,2,1,1
202400048053,2024-10-29 13:10:00,2024,10,29,13,10,93,93071,ANDRE TOUTAIN (AVENUE),48.94471,2.5252,Plein jour,En agglomération,Intersection en X,Normale,Deux véhicules - frontale,4,2,2,0,2,1,1,0,1,50,2,2,1,0,0,1,73.0,36.0,voiture,deux_roues,1,2,2,1,1
202400048054,2024-09-25 11:50:00,2024,9,25,11,50,34,34192,D62e2,43.541468,3.95981,Plein jour,Hors agglomération,Hors intersection,Normale,Sans collision,3,2,2,1,1,1,1,0,5,-1,1,1,0,0,1,0,43.0,,deux_roues,,1,1,1,1,7
202400048055,2024-08-19 20:00:00,2024,8,19,20,0,75,75119,AVENUE DE FLANDRE,48.888391,2.37416,Plein jour,En agglomération,Intersection en X,Normale,Deux véhicules - côté,4,1,2,1,1,1,1,0,5,30,2,2,1,0,0,1,35.0,33.0,utilitaire_camion,deux_roues,1,2,2,1,3
202400048055,2024-08-19 20:00:00,2024,8,19,20,0,75,75119,AVENUE DE FLANDRE,48.888391,2.37416,Plein jour,En agglomération,Intersection en X,Normale,Deux véhicules - côté,4,1, -1,-1,1,1,1,0,5,30,2,2,1,0,0,1,35.0,33.0,utilitaire_camion,deux_roues,1,2,2,1,3
202400048056,2024-06-10 06:00:00,2024,6,10,6,0,974,97411,LANCASTEL (BOULEVARD),-20.88615,55.48311,Nuit avec éclairage allumé,En agglomération,Intersection en Y,Normale,Sans collision,2,1,3,0,1,1,1,0,1,70,1,1,0,0,0,1,34.0,,deux_roues,,5,2,4,1,7
202400048056,2024-06-10 06:00:00,2024,6,10,6,0,974,97411,LANCASTEL (BOULEVARD),-20.88615,55.48311,Nuit avec éclairage allumé,En agglomération,Intersection en Y,Normale,Sans collision,2,1,0,0,1,2,1,0,8,70,1,1,0,0,0,1,34.0,,deux_roues,,5,2,4,1,7
202400048057,2024-07-14 17:00:00,2024,7,14,17,0,72,72165,Rue de Montfort,48.078452,0.417947,Plein jour,En agglomération,Autre intersection,Normale,Deux véhicules - côté,3,2,2,0,4,1,1,0,1,30,2,4,3,0,0,1,15.0,68.0,deux_roues,voiture,1,2,9,1,3
202400048058,2024-12-02 16:35:00,2024,12,2,16,35,58,58303,Rue des Grands Jardins,47.000199,3.134344,Plein jour,En agglomération,Autre intersection,Normale,Deux véhicules - côté,3,2,2,0,1,1,2,0,1,50,2,4,2,0,1,1,25.0,60.0,voiture,voiture,1,2,9,1,3
202400048059,2024-09-24 09:30:00,2024,9,24,9,30,29,29105,Boulevard de la République,48.50472277,-4.07588102,Plein jour,En agglomération,Hors intersection,Normale,Sans collision,3,2,2,0,1,1,1,0,4,50,1,1,0,1,0,0,58.0,,voiture,,1,2,1,1,7
202400048060,2024-08-19 09:15:00,2024,8,19,9,15,75,75119,RUE DE BELLEVILLE,48.876509,2.404298,Plein jour,En agglomération,Hors intersection,Normale,Deux véhicules - frontale,4,2,2,0,2,1,1,0,1,30,2,2,1,0,0,1,63.0,30.0,deux_roues,voiture,1,2,1,1,1
202400048061,2024-10-28 11:20:00,2024,10,28,11,20,93,93055,QUARTIER AUBERVILLIERS,48.90607,2.39467,Plein jour,En agglomération,Hors intersection,Temps couvert,Deux véhicules - arrière,3,2,4,0,1,1,1,0,1,50,2,3,1,0,0,2,30.0,41.0,voiture,deux_roues,1,2,1,8,2
202400048062,2024-06-11 15:54:00,2024,6,11,15,54,974,97410,LECONTE DE LISLE(RUE),-21.03518,55.710331,Plein jour,En agglomération,Hors intersection,Normale,Autre collision,4,2,2,0,1,1,1,0,1,30,1,2,1,0,0,1,37.0,,voiture,,1,2,1,1,6
202400048063,2024-07-14 13:30:00,2024,7,14,13,30,90,90065,Route du Ballon d?Alsace,47.768345,6.826948,Plein jour,Hors agglomération,Autre intersection,Normale,Autre collision,3,2,2,0,2,4,9,0,8,70,1,1,0,0,1,0,46.0,,deux_roues,,1,1,9,1,6
202400048064,2024-12-05 16:30:00,2024,12,5,16,30,72,72295,Rue Bellemare,48.35297777,0.35455763,Plein jour,Hors agglomération,Giratoire,Normale,Deux véhicules - côté,3,1,2,0,1,3,2,5,1,50,2,2,1,0,1,0,16.0,12.0,voiture,deux_roues,1,1,6,1,3
202400048065,2024-09-22 22:35:00,2024,9,22,22,35,29,29133,Route de Plestin,48.68796261,-3.6526026,Nuit sans éclairage public,En agglomération,Hors intersection,Temps couvert,Autre collision,3,2,2,0,2,3,2,0,1,50,1,1,0,0,1,0,54.0,,voiture,,3,2,1,8,6
202400048066,2024-06-11 12:28:00,2024,6,11,12,28,973,97302,REPUBLIQUE (BD DE LA),4.93767,-52.32466,Plein jour,En agglomération,Hors intersection,Pluie légère,Autre collision,4,1,1,0,1,1,2,0,1,50,1,2,1,0,0,1,43.0,,voiture,,1,2,1,2,6
202400048067,2024-08-19 09:00:00,2024,8,19,9,0,75,75116,Place du Maréchal de Lattre de Tassigny,48.871568,2.27414,Plein jour,En agglomération,Place,Normale,Deux véhicules - côté,4,1,2,1,1,1,1,0,1,30,2,2,1,0,0,1,39.0,51.0,utilitaire_camion,deux_roues,1,2,7,1,3
202400048068,2024-10-29 16:50:00,2024,10,29,16,50,93,93048,PAUL VAILLANT COUTURIER (BOULEVARD),48.86613976,2.44452938,Nuit avec éclairage allumé,En agglomération,Hors intersection,Normale,Deux véhicules - côté,3,2,3,1,1,1,1,0,5,50,2,2,1,0,0,1,31.0,38.0,deux_roues,utilitaire_camion,5,2,1,1,3