accident_id,datetime,annee,mois,jour,heure,minute,departement,commune_insee,adresse,latitude,longitude,luminosite,agglomeration,intersection,meteo,collision,catr,circ,nbv,vosp,prof,plan,surf,infra,situ,vma,nb_vehicules,nb_usagers,nb_indemnes,nb_tues,nb_blesses_hosp,nb_blesses_legers,age_cond_1,age_cond_2,veh_type_cond_1,veh_type_cond_2,lum_code,agg_code,int_code,atm_code,col_code
202400048139,2024-06-11 09:27:00,2024,6,11,9,27,91,91570,PUTTLINGEN (PLACE),48.63627,2.31941,Plein jour,En agglomération,Autre intersection,Normale,Autre collision,4,-1,0,0,1,1,1,0,4,1,1,2,1,0,0,1,56.0,,utilitaire_camion,,1,2,9,1,6
202400048140,2024-07-15 11:15:00,2024,7,15,11,15,78,78089,Avenue de la République,49.037798,1.586993,Plein jour,En agglomération,Intersection en T,Normale,Autre collision,3,2,2,0,1,3,1,5,1,50,1,2,1,0,0,1,37.0,,voiture,,1,2,3,1,6
202400048140,2024-07-15 11:15:00,2024,7,15,11,15,78,78089,Avenue de la République,49.037798,1.586993,Plein jour,En agglomération,Intersection en T,Normale,Autre collision,3,2, -1,-1,1,1,1,0,1,-1,1,2,1,0,0,1,37.0,,voiture,,1,2,3,1,6
202400048141,2024-09-19 14:45:00,2024,9,19,14,45,65,65226,a64,43.221518,-0.003262,Plein jour,Hors agglomération,Hors intersection,Normale,Deux véhicules - arrière,1,3,2,0,1,3,1,0,1,130,2,2,1,0,0,1,28.0,19.0,utilitaire_camion,voiture,1,1,1,1,2
202400048142,2024-12-05 21:15:00,2024,12,5,21,15,971,97116,N5,16.316041,-61.480865,Nuit sans éclairage public,Hors agglomération,Hors intersection,Normale,Deux véhicules - frontale,2,2,2,0,1,1,1,0,1,80,2,3,0,0,2,1,23.0,69.0,voiture,voiture,3,1,1,1,1
202400048143,2024-07-14 19:30:00,2024,7,14,19,30,66,66129,Rue des Ecoles,42.579739,2.928063,Plein jour,En agglomération,Hors intersection,Normale,Deux véhicules - frontale,4,2,1,0,1,3,1,0,1,30,2,2,1,0,0,1,25.0,22.0,deux_roues,voiture,1,2,1,1,1
202400048144,2024-06-11 20:40:00,2024,6,11,20,40,91,91645,GEORGES POMPIDOU (AVENUE),48.75273,2.27715,Plein jour,En agglomération,Hors intersection,Normale,Deux véhicules - côté,3,3,2,0,1,2,1,0,1,50,2,3,2,0,1,0,20.0,22.0,voiture,deux_roues,1,2,1,1,3
202400048145,2024-08-19 18:50:00,2024,8,19,18,50,14,14211,1109 Rue du Pont,48.953487,-0.505067,Plein jour,En agglomération,Intersection en T,Normale,Deux véhicules - frontale,3,2,2,0,1,1,1,2,1,80,2,3,2,0,0,1,59.0,18.0,utilitaire_camion,deux_roues,1,2,3,1,1
202400048145,2024-08-19 18:50:00,2024,8,19,18,50,14,14211,1109 Rue du Pont,48.953487,-0.505067,Plein jour,En agglomération,Intersection en T,Normale,Deux véhicules - frontale,3,2,2,0,1,1,1,0,1,50,2,3,2,0,0,1,59.0,18.0,utilitaire_camion,deux_roues,1,2,3,1,1
202400048146,2024-12-04 18:35:00,2024,12,4,18,35,978,97801,R DE LA REPUBLIQUE,18.06908,-63.085545,Nuit avec éclairage allumé,En agglomération,Hors intersection,Normale,Deux véhicules - côté,4,2,2,0,1,1,1,0,1,50,2,2,1,0,1,0,59.0,19.0,voiture,deux_roues,5,2,1,1,3
202400048147,2024-08-19 11:00:00,2024,8,19,11,0,26,26295,Route de Saint Vallier,45.179163,4.840803,Plein jour,Hors agglomération,Hors intersection,Normale,Sans collision,3,2,2,0,2,2,2,1,1,70,1,1,0,0,1,0,18.0,,deux_roues,,1,1,1,1,7
202400048148,2024-09-14 15:00:00,2024,9,14,15,0,67,67309,6 Route de Brumath,48.635709,7.727578,Plein jour,En agglomération,Intersection à plus de 4 branches,Normale,Deux véhicules - arrière,7,2,2,0,1,3,1,0,1,50,2,4,3,0,0,1,21.0,39.0,voiture,voiture,1,2,5,1,2
202400048148,2024-09-14 15:00:00,2024,9,14,15,0,67,67309,6 Route de Brumath,48.635709,7.727578,Plein jour,En agglomération,Intersection à plus de 4 branches,Normale,Deux véhicules - arrière,7,2, -1,-1,1,1,1,5,1,-1,2,4,3,0,0,1,21.0,39.0,voiture,voiture,1,2,5,1,2
202400048149,2024-10-29 16:47:00,2024,10,29,16,47,92,92025,SOLFERINO (RUE   AV),48.92994143,2.26044148,Plein jour,En agglomération,Intersection en X,Normale,Autre collision,4,1,1,1,1,1,1,0,1,30,1,2,1,0,0,1,57.0,,voiture,,1,2,2,1,6
202400048149,2024-10-29 16:47:00,2024,10,29,16,47,92,92025,SOLFERINO (RUE   AV),48.92994143,2.26044148,Plein jour,En agglomération,Intersection en X,Normale,Autre collision,4,1,4,0,1,1,1,1,1,30,1,2,1,0,0,1,57.0,,voiture,,1,2,2,1,6
202400048150,2024-06-11 18:01:00,2024,6,11,18,1,91,91421,CHARLES DE GAULLE (AVENUE),48.695,2.45229,Plein jour,En agglomération,Hors intersection,Normale,Deux véhicules - frontale,4,1,1,0,1,2,1,9,1,30,2,3,1,0,0,2,34.0,12.0,voiture,deux_roues,1,2,1,1,1
202400048151,2024-07-14 17:00:00,2024,7,14,17,0,06,06154,Route Departementale 2,43.793712,6.679001,Plein jour,En agglomération,Hors intersection,Normale,Autre collision,3,2,2,0,1,2,1,0,8,50,1,1,0,1,0,0,34.0,,deux_roues,,1,2,1,1,6
202400048152,2024-12-06 01:30:00,2024,12,6,1,30,977,97701,R ADRIEN QUESTEL,17.895376,-62.848296,Nuit sans éclairage public,En agglomération,Intersection à plus de 4 branches,Normale,Deux véhicules - côté,2,1,1,0,1,1,1,0,1,30,2,3,2,0,1,0,31.0,48.0,voiture,voiture,3,2,5,1,3
202400048152,2024-12-06 01:30:00,2024,12,6,1,30,977,97701,R ADRIEN QUESTEL,17.895376,-62.848296,Nuit sans éclairage public,En agglomération,Intersection à plus de 4 branches,Normale,Deux véhicules - côté,2,2,2,-1,1,1,1,0,1,30,2,3,2,0,1,0,31.0,48.0,voiture,voiture,3,2,5,1,3
202400048153,2024-08-19 16:30:00,2024,8,19,16,30,48,48128,PK126+200 sens sud nord,44.780068,3.289783,Plein jour,Hors agglomération,Hors intersection,Normale,Deux véhicules - arrière,1,3,2,0,2,1,1,0,1,130,2,4,2,0,2,0,53.0,56.0,voiture,utilitaire_camion,1,1,1,1,2
202400048154,2024-06-11 21:35:00,2024,6,11,21,35,84,84087,MAZEAU (RUE),44.13592,4.8085,Nuit avec éclairage non allumé,En agglomération,Intersection en T,Normale,Deux véhicules - côté,4,1,1,0,1,1,1,0,1,50,2,2,1,0,0,1,32.0,16.0,voiture,deux_roues,4,2,3,1,3
202400048154,2024-06-11 21:35:00,2024,6,11,21,35,84,84087,MAZEAU (RUE),44.13592,4.8085,Nuit avec éclairage non allumé,En agglomération,Intersection en T,Normale,Deux véhicules - côté,4,-1,1,0,1,1,1,0,1,50,2,2,1,0,0,1,32.0,16.0,voiture,deux_roues,4,2,3,1,3
202400048155,2024-09-24 16:35:00,2024,9,24,16,35,11,11379,D6009,43.061363,2.939165,Plein jour,Hors agglomération,Hors intersection,Normale,Deux véhicules - frontale,3,2,2,0,1,1,1,0,1,80,2,3,0,1,0,2,41.0,28.0,voiture,utilitaire_camion,1,1,1,1,1
202400048156,2024-10-29 18:10:00,2024,10,29,18,10,60,60326,N31,49.402575,2.740268,Nuit sans éclairage public,Hors agglomération,Hors intersection,Normale,Deux véhicules - côté,2,2,3,0,1,1,1,0,1,80,2,3,1,0,2,0,61.0,56.0,voiture,deux_roues,3,1,1,1,3
202400048157,2024-12-05 17:40:00,2024,12,5,17,40,45,45348,D950 PR 3 + 0,48.147699,2.292792,Crépuscule ou aube,Hors agglomération,Hors intersection,Pluie légère,Deux véhicules - frontale,3,2,2,0,1,1,2,0,1,90,2,2,0,1,0,1,71.0,18.0,voiture,voiture,2,1,1,2,1
202400048158,2024-08-19 20:30:00,2024,8,19,20,30,83,83031,D558,43.365652,6.375906,Crépuscule ou aube,Hors agglomération,Hors intersection,Normale,Autre collision,3,2,2,0,1,1,1,0,3,80,1,1,0,1,0,0,28.0,,deux_roues,,2,1,1,1,6
202400048159,2024-10-30 06:45:00,2024,10,30,6,45,95,95492,D10,49.03275823,2.42631371,Nuit sans éclairage public,Hors agglomération,Hors intersection,Pluie légère,Autre collision,3,2,2,2,1,2,2,0,3,70,1,1,0,0,1,0,25.0,,voiture,,3,1,1,2,6
202400048160,2024-07-15 15:40:00,2024,7,15,15,40,04,04096,D900,44.406916,6.721466,Plein jour,Hors agglomération,Intersection en X,Normale,Deux véhicules - côté,3,2,2,0,1,1,1,0,1,80,2,3,2,0,1,0,60.0,77.0,deux_roues,voiture,1,1,2,1,3
202400048160,2024-07-15 15:40:00,2024,7,15,15,40,04,04096,D900,44.406916,6.721466,Plein jour,Hors agglomération,Intersection en X,Normale,Deux véhicules - côté,3,4,2,0,1,1,1,0,1,30,2,3,2,0,1,0,60.0,77.0,deux_roues,voiture,1,1,2,1,3
202400048161,2024-06-10 17:30:00,2024,6,10,17,30,83,83090,NATIONALE 8 (ROUTE),43.13330787,5.86308424,Plein jour,Hors agglomération,Intersection en T,Normale,Deux véhicules - frontale,3,-1,2,0,2,1,1,0,1,50,2,2,1,0,1,0,37.0,57.0,deux_roues,voiture,1,1,3,1,1
202400048161,2024-06-10 17:30:00,2024,6,10,17,30,83,83090,NATIONALE 8 (ROUTE),43.13330787,5.86308424,Plein jour,Hors agglomération,Intersection en T,Normale,Deux véhicules - frontale,3,-1,3,1,2,1,1,0,1,70,2,2,1,0,1,0,37.0,57.0,deux_roues,voiture,1,1,3,1,1
202400048162,2024-06-28 21:00:00,2024,6,28,21,0,978,97801,R DE HOLLANDE,18.05354,-63.085792,Nuit avec éclairage allumé,En agglomération,Hors intersection,Normale,Trois véhicules et plus - collisions multiples,2,2,2,0,1,1,1,0,1,70,3,4,1,0,1,2,18.0,19.0,voiture,voiture,5,2,1,1,5
202400048163,2024-10-30 11:40:00,2024,10,30,11,40,36,36244,Les Corbeillères (Faverolles-en-Berry),47.14576341,1.38163805,Plein jour,Hors agglomération,Hors intersection,Brouillard / fumée,Autre collision,4,2,2,0,1,1,2,0,1,80,1,1,0,1,0,0,86.0,,voiture,,1,1,1,5,6
202400048164,2024-12-05 08:40:00,2024,12,5,8,40,77,77453,D605,48.525672,2.759349,Plein jour,En agglomération,Hors intersection,Pluie légère,Trois véhicules et plus - en chaîne,3,2,2,0,1,1,2,0,1,50,3,3,2,0,1,0,47.0,43.0,voiture,utilitaire_camion,1,2,1,2,4
202400048165,2024-06-06 10:23:00,2024,6,6,10,23,83,83069,DIX HUIT JUIN  ( ROND POINT DU ),43.10632,6.1285,Plein jour,En agglomération,Hors intersection,Normale,Deux véhicules - arrière,3,1,2,0,1,3,1,0,1,50,2,2,1,0,0,1,57.0,44.0,autre,deux_roues,1,2,1,1,2
202400048166,2024-08-20 15:25:00,2024,8,20,15,25,76,76560,Route du Faulx,49.411155,1.207488,Plein jour,Hors agglomération,Hors intersection,Pluie légère,Deux véhicules - frontale,7,2,2,0,2,2,2,0,1,80,2,4,1,0,2,1,49.0,20.0,voiture,voiture,1,1,1,2,1
202400048167,2024-05-21 10:45:00,2024,5,21,10,45,978,97801,R DE CONCORDIA,18.065755,-63.079532,Plein jour,En agglomération,Hors intersection,Normale,Sans collision,4,2,2,0,1,1,1,0,1,50,1,1,0,0,1,0,40.0,,deux_roues,,1,2,1,1,7
202400048168,2024-07-14 19:15:00,2024,7,14,19,15,13,13030,Chemin Notre Dame,43.275553,5.698573,Plein jour,En agglomération,Intersection en T,Normale,Deux véhicules - frontale,3,2,2,0,1,1,1,0,1,50,2,3,1,0,1,1,63.0,29.0,voiture,deux_roues,1,2,3,1,1
202400048168,2024-07-14 19:15:00,2024,7,14,19,15,13,13030,Chemin Notre Dame,43.275553,5.698573,Plein jour,En agglomération,Intersection en T,Normale,Deux véhicules - frontale,3,2, -1,-1,1,1,1,0,1,-1,2,3,1,0,1,1,63.0,29.0,voiture,deux_roues,1,2,3,1,1
202400048169,2024-10-28 21:00:00,2024,10,28,21,0,42,42253,300 Rue de l’Eglise,46.038941,4.003492,Nuit avec éclairage allumé,En agglomération,Hors intersection,Normale,Autre collision,3,2,2,0,1,2,1,0,3,50,1,1,0,0,1,0,56.0,,voiture,,5,2,1,1,6
202400048170,2024-11-29 15:25:00,2024,11,29,15,25,78,78090,D44,48.969992,1.906525,Plein jour,Hors agglomération,Hors intersection,Normale,Autre collision,3,2,2,0,2,1,1,2,1,70,1,2,0,0,1,1,35.0,,deux_roues,,1,1,1,1,6
202400048171,2024-08-18 12:15:00,2024,8,18,12,15,61,61474,D13 PK 36,48.80475,0.158781,Plein jour,Hors agglomération,Hors intersection,Normale,Autre collision,3,2,2,0,1,3,1,0,3,90,1,1,0,0,0,1,19.0,,voiture,,1,1,1,1,6
202400048172,2024-06-11 08:05:00,2024,6,11,8,5,80,80021,Rue Octave Tierce,49.90218,2.29627,Plein jour,En agglomération,Hors intersection,Normale,Sans collision,4,-1,2,0,1,1,1,0,1,50,1,2,1,0,0,1,23.0,,utilitaire_camion,,1,2,1,1,7
202400048173,2024-07-14 15:00:00,2024,7,14,15,0,67,67334,D190,49.04566,7.713878,Plein jour,Hors agglomération,Hors intersection,Normale,Autre collision,3,2,2,0,2,4,1,0,3,80,1,1,0,0,1,0,26.0,,deux_roues,,1,1,1,1,6
202400048174,2024-10-29 18:15:00,2024,10,29,18,15,58,58089,La Maison Bleue,47.400201,3.218189,Nuit sans éclairage public,Hors agglomération,Hors intersection,Brouillard / fumée,Autre collision,3,2,2,0,1,3,1,0,1,80,2,6,4,0,1,1,44.0,87.0,voiture,voiture,3,1,1,5,6
202400048175,2024-12-05 16:45:00,2024,12,5,16,45,2B,2B303,Alistro,42.261456,9.547817,Crépuscule ou aube,Hors agglomération,Autre intersection,Normale,Deux véhicules - arrière,2,2,2,0,1,1,1,0,1,70,2,2,1,0,0,1,45.0,50.0,voiture,deux_roues,2,1,9,1,2
202400048176,2024-06-10 08:55:00,2024,6,10,8,55,80,80021,Avenue du 14 Juillet 1789,49.87723,2.28261,Plein jour,En agglomération,Hors intersection,Pluie légère,Autre collision,4,2,2,0,1,1,2,0,1,50,1,2,1,0,0,1,24.0,,voiture,,1,2,1,2,6
202400048177,2024-08-19 18:00:00,2024,8,19,18,0,44,44006,Route du Créneau,47.431455,-2.440338,Plein jour,Hors agglomération,Intersection en X,Normale,Deux véhicules - côté,3,2,2,0,1,1,1,0,1,80,2,2,1,0,1,0,79.0,44.0,deux_roues,voiture,1,1,2,1,3
202400048177,2024-08-19 18:00:00,2024,8,19,18,0,44,44006,Route du Créneau,47.431455,-2.440338,Plein jour,Hors agglomération,Intersection en X,Normale,Deux véhicules - côté,3,2,2,0,1,1,1,0,1,50,2,2,1,0,1,0,79.0,44.0,deux_roues,voiture,1,1,2,1,3
202400048178,2024-12-01 14:55:00,2024,12,1,14,55,06,06017,4921 Route de Coursegoules,43.811194,7.093765,Plein jour,Hors agglomération,Hors intersection,Autre,Sans collision,3,2,2,0,2,1,7,0,8,50,1,1,0,0,0,1,41.0,,deux_roues,,1,1,1,9,7
202400048179,2024-09-24 22:40:00,2024,9,24,22,40,21,21231,Rue de la Brot,47.343476,5.073527,Nuit avec éclairage allumé,En agglomération,Intersection en X,Normale,Deux véhicules - côté,4,2,2,0,1,1,2,0,1,50,2,5,3,0,0,2,28.0,32.0,voiture,voiture,5,2,2,1,3
202400048180,2024-10-29 16:15:00,2024,10,29,16,15,85,85109,Rue du Pouet,46.866789,-0.988542,Plein jour,En agglomération,Intersection en T,Normale,Autre collision,4,2,2,0,2,1,1,0,4,50,1,1,0,0,1,0,46.0,,deux_roues,,1,2,3,1,6
202400048180,2024-10-29 16:15:00,2024,10,29,16,15,85,85109,Rue du Pouet,46.866789,-0.988542,Plein jour,En agglomération,Intersection en T,Normale,Autre collision,4,2, -1,-1,1,1,1,0,1,-1,1,1,0,0,1,0,46.0,,deux_roues,,1,2,3,1,6
202400048181,2024-07-14 17:25:00,2024,7,14,17,25,88,88470,D11,48.094601,6.721007,Plein jour,Hors agglomération,Intersection en X,Normale,Deux véhicules - côté,3,2,2,0,2,3,1,0,1,80,2,2,1,0,1,0,63.0,72.0,deux_roues,voiture,1,1,2,1,3
202400048181,2024-07-14 17:25:00,2024,7,14,17,25,88,88470,D11,48.094601,6.721007,Plein jour,Hors agglomération,Intersection en X,Normale,Deux véhicules - côté,3,2, -1,-1,1,1,1,0,1,-1,2,2,1,0,1,0,63.0,72.0,deux_roues,voiture,1,1,2,1,3
202400048182,2024-05-08 15:03:00,2024,5,8,15,3,77,77294,JEAN BAPTISTE CLEMENT (AVENUE),48.95628,2.60238,Plein jour,En agglomération,Hors intersection,Normale,Sans collision,4,2,2,-1,1,1,1,0,1,-1,1,1,0,1,0,0,44.0,,deux_roues,,1,2,1,1,7
202400048183,2024-12-05 21:15:00,2024,12,5,21,15,21,21609,D905,47.206873,5.312662,Nuit sans éclairage public,Hors agglomération,Hors intersection,Pluie légère,Sans collision,3,2,2,0,1,2,2,0,3,90,1,1,0,0,1,0,27.0,,utilitaire_camion,,3,1,1,2,7
202400048184,2024-10-26 08:00:00,2024,10,26,8,0,33,33011,,44.767212,-1.139451,Crépuscule ou aube,En agglomération,Place,Pluie légère,Autre collision,3,1,2,0,1,2,2,0,1,50,1,2,1,0,1,0,55.0,,utilitaire_camion,,2,2,7,2,6
202400048185,2024-09-24 21:10:00,2024,9,24,21,10,37,37003,D751,47.42565425,1.01178896,Nuit avec éclairage allumé,Hors agglomération,Intersection en T,Pluie légère,Deux véhicules - frontale,3,2,2,0,1,1,2,3,1,50,2,2,1,0,1,0,18.0,21.0,deux_roues,voiture,5,1,3,2,1
202400048185,2024-09-24 21:10:00,2024,9,24,21,10,37,37003,D751,47.42565425,1.01178896,Nuit avec éclairage allumé,Hors agglomération,Intersection en T,Pluie légère,Deux véhicules - frontale,3,2,2,0,1,1,2,0,1,70,2,2,1,0,1,0,18.0,21.0,deux_roues,voiture,5,1,3,2,1
202400048186,2024-06-11 09:50:00,2024,6,11,9,50,77,77118,GABRIELLE (RUE DE LA),48.94211,2.68973,Plein jour,En agglomération,Hors intersection,Normale,Autre collision,4,3,0,0,1,1,1,0,1,30,1,2,1,0,1,0,32.0,,utilitaire_camion,,1,2,1,1,6
202400048187,2024-08-19 17:55:00,2024,8,19,17,55,29,29146,Rue des Chataigniers,47.887938,-3.846009,Plein jour,Hors agglomération,Intersection en X,Temps couvert,Deux véhicules - frontale,4,2,2,0,2,3,1,0,1,80,2,5,4,0,0,1,18.0,48.0,voiture,voiture,1,1,2,8,1
202400048187,2024-08-19 17:55:00,2024,8,19,17,55,29,29146,Rue des Chataigniers,47.887938,-3.846009,Plein jour,Hors agglomération,Intersection en X,Temps couvert,Deux véhicules - frontale,4,2, -1,-1,1,1,1,0,1,-1,2,5,4,0,0,1,18.0,48.0,voiture,voiture,1,1,2,8,1
202400048188,2024-07-14 11:30:00,2024,7,14,11,30,09,09185,Lieu Dit la Brunette,43.227808,1.680731,Plein jour,Hors agglomération,Intersection en X,Normale,Autre collision,3,2,2,0,1,3,1,0,3,80,1,3,1,0,1,1,25.0,,voiture,,1,1,2,1,6
202400048188,2024-07-14 11:30:00,2024,7,14,11,30,09,09185,Lieu Dit la Brunette,43.227808,1.680731,Plein jour,Hors agglomération,Intersection en X,Normale,Autre collision,3,2, -1,-1,1,1,1,0,1,-1,1,3,1,0,1,1,25.0,,voiture,,1,1,2,1,6
202400048189,2024-10-27 13:25:00,2024,10,27,13,25,33,33226,,44.714355,-0.392906,Plein jour,En agglomération,Intersection en T,Normale,Deux véhicules - côté,3,2,2,0,1,1,1,0,1,50,2,2,1,0,1,0,58.0,20.0,voiture,deux_roues,1,2,3,1,3
202400048189,2024-10-27 13:25:00,2024,10,27,13,25,33,33226,,44.714355,-0.392906,Plein jour,En agglomération,Intersection en T,Normale,Deux véhicules - côté,3,2, -1,-1,1,1,1,0,1,-1,2,2,1,0,1,0,58.0,20.0,voiture,deux_roues,1,2,3,1,3
202400048190,2024-08-19 11:46:00,2024,8,19,11,46,29,29205,Goaremou,48.28988753,-3.58474862,Plein jour,Hors agglomération,Hors intersection,Normale,Sans collision,3,2,2,0,1,1,1,0,3,80,1,1,0,0,1,0,37.0,,deux_roues,,1,1,1,1,7
202400048191,2024-06-10 08:55:00,2024,6,10,8,55,77,77445,DELESTRAINT (AVENUE DU GENERAL),48.58847,2.57612,Plein jour,En agglomération,Hors intersection,Normale,Autre collision,4,2,2,0,1,1,1,0,1,50,1,3,2,0,0,1,51.0,,voiture,,1,2,1,1,6
202400048192,2024-09-23 17:05:00,2024,9,23,17,5,45,45290,D952 PR 42 + 394,47.853537,2.283643,Plein jour,Hors agglomération,Hors intersection,Pluie légère,Deux véhicules - côté,3,2,2,0,1,1,2,0,1,90,2,2,1,0,1,0,62.0,53.0,voiture,utilitaire_camion,1,1,1,2,3
202400048193,2024-12-06 19:00:00,2024,12,6,19,0,42,42147,Avenue Thermale,45.600175,4.070606,Nuit avec éclairage allumé,En agglomération,Intersection en X,Normale,Deux véhicules - frontale,4,1,1,2,2,1,1,0,1,-1,2,2,1,0,1,0,56.0,18.0,voiture,deux_roues,5,2,2,1,1
202400048193,2024-12-06 19:00:00,2024,12,6,19,0,42,42147,Avenue Thermale,45.600175,4.070606,Nuit avec éclairage allumé,En agglomération,Intersection en X,Normale,Deux véhicules - frontale,4,2,2,0,1,1,1,0,1,50,2,2,1,0,1,0,56.0,18.0,voiture,deux_roues,5,2,2,1,1
202400048194,2024-07-13 10:20:00,2024,7,13,10,20,31,31421,Avenue de Saubens,43.477537,1.381914,Plein jour,En agglomération,Autre intersection,Normale,Autre collision,3,2,1,0,1,3,1,0,1,50,2,2,1,0,1,0,63.0,,deux_roues,voiture,1,2,9,1,6
202400048195,2024-10-23 16:45:00,2024,10,23,16,45,11,11106,,43.230774,3.053239,Plein jour,En agglomération,Hors intersection,Normale,Autre collision,3,2,2,0,1,1,1,9,1,50,1,2,1,0,1,0,83.0,,voiture,,1,2,1,1,6
202400048196,2024-06-10 12:10:00,2024,6,10,12,10,77,77407,PRES(RUE DES),48.53303372,2.54952172,Plein jour,En agglomération,Hors intersection,Normale,Deux véhicules - côté,4,1,1,0,1,2,1,0,1,50,2,2,1,0,0,1,32.0,35.0,voiture,deux_roues,1,2,1,1,3
202400048197,2024-09-25 01:05:00,2024,9,25,1,5,77,77107,5 Avenue du Général Leclerc,48.667488,2.842774,Nuit avec éclairage allumé,En agglomération,Hors intersection,Normale,Autre collision,3,2,2,0,2,2,1,0,8,50,1,1,0,0,0,1,31.0,,voiture,,5,2,1,1,6
202400048198,2024-08-20 15:06:00,2024,8,20,15,6,29,29037,D44,47.88096253,-4.1277268,Plein jour,Hors agglomération,Hors intersection,Normale,Autre collision,3,2,2,1,1,1,1,0,3,-1,1,4,0,0,4,0,74.0,,voiture,,1,1,1,1,6
202400048199,2024-12-05 20:11:00,2024,12,5,20,11,38,38557,D 517,45.76701,5.118902,Nuit sans éclairage public,Hors agglomération,Hors intersection,Pluie légère,Deux véhicules - frontale,3,2,2,0,2,2,2,0,1,80,2,3,0,0,2,1,35.0,18.0,voiture,voiture,3,1,1,2,1
202400048200,2024-09-25 09:00:00,2024,9,25,9,0,77,77534,D1036,48.631058,2.780094,Plein jour,Hors agglomération,Hors intersection,Pluie légère,Autre collision,3,2,2,0,1,1,2,0,1,-1,1,1,0,1,0,0,48.0,,voiture,,1,1,1,2,6
202400048201,2024-07-15 16:10:00,2024,7,15,16,10,33,33003,,44.931184,-0.470736,Plein jour,Hors agglomération,Giratoire,Normale,Autre collision,4,2,2,2,1,1,1,-1,5,80,2,4,1,0,2,1,23.0,31.0,voiture,voiture,1,1,6,1,6
202400048202,2024-08-19 12:15:00,2024,8,19,12,15,26,26166,Allee des crozes,44.75799942,4.83228922,Plein jour,Hors agglomération,Hors intersection,Normale,Deux véhicules - côté,4,1,1,0,3,3,1,0,1,50,2,2,1,0,1,0,64.0,20.0,deux_roues,utilitaire_camion,1,1,1,1,3
202400048203,2024-10-30 11:30:00,2024,10,30,11,30,71,71282,D680,46.80484,4.37811,Plein jour,Hors agglomération,Hors intersection,Temps éblouissant,Deux véhicules - frontale,3,2,2,0,1,2,1,0,1,80,2,6,0,0,1,5,57.0,71.0,voiture,voiture,1,1,1,7,1
202400048204,2024-06-11 18:05:00,2024,6,11,18,5,76,76451,Route de Maromme,49.47052,1.08262,Plein jour,En agglomération,Intersection en T,Normale,Deux véhicules - côté,4,1,1,0,1,1,1,0,1,50,2,2,1,0,1,0,64.0,18.0,voiture,deux_roues,1,2,3,1,3
202400048204,2024-06-11 18:05:00,2024,6,11,18,5,76,76451,Route de Maromme,49.47052,1.08262,Plein jour,En agglomération,Intersection en T,Normale,Deux véhicules - côté,4,2,2,0,1,1,1,0,1,50,2,2,1,0,1,0,64.0,18.0,voiture,deux_roues,1,2,3,1,3
202400048205,2024-07-15 07:48:00,2024,7,15,7,48,35,35106,Les Pierres Grises,47.821917,-1.602329,Plein jour,Hors agglomération,Hors intersection,Pluie légère,Autre collision,3,2,2,0,1,3,2,0,3,80,1,1,0,0,1,0,34.0,,utilitaire_camion,,1,1,1,2,6
202400048206,2024-08-20 18:30:00,2024,8,20,18,30,58,58150,D213,47.331352,3.585244,Plein jour,Hors agglomération,Hors intersection,Normale,Autre collision,3,2,2,0,2,3,1,0,1,80,1,1,0,0,1,0,55.0,,voiture,,1,1,1,1,6
202400048207,2024-06-11 12:00:00,2024,6,11,12,0,76,76231,Chemin de Rouen,49.29408,0.9808,Plein jour,Hors agglomération,Hors intersection,Normale,Autre collision,4,2,2,0,2,3,1,0,8,50,1,1,0,0,1,0,19.0,,voiture,,1,1,1,1,6
202400048208,2024-09-06 08:00:00,2024,9,6,8,0,30,30214,route de montpellier,44.032814,4.104724,Plein jour,En agglomération,Hors intersection,Normale,Deux véhicules - frontale,3,2,2,0,1,3,1,0,1,50,2,3,2,0,0,1,34.0,51.0,voiture,utilitaire_camion,1,2,1,1,1
202400048209,2024-12-04 07:50:00,2024,12,4,7,50,07,07138,100 Chemin des Plagnes,44.584886,4.461468,Plein jour,Hors agglomération,Hors intersection,Normale,Autre collision,3,3,2,0,1,1,1,0,8,80,1,1,0,0,1,0,79.0,,voiture,,1,1,1,1,6
202400048210,2024-07-14 15:30:00,2024,7,14,15,30,27,27280,D57,49.031003,1.262484,Plein jour,Hors agglomération,Hors intersection,Normale,Sans collision,3,2,2,0,1,2,1,0,8,80,1,1,0,0,0,1,26.0,,deux_roues,,1,1,1,1,7
202400048211,2024-10-30 18:00:00,2024,10,30,18,0,89,89351,D606,47.44977,4.075343,Nuit avec éclairage allumé,En agglomération,Hors intersection,Brouillard / fumée,Deux véhicules - côté,3,2,2,0,1,1,2,0,1,50,2,2,1,0,0,1,70.0,38.0,voiture,utilitaire_camion,5,2,1,5,3
202400048212,2024-08-20 10:20:00,2024,8,20,10,20,58,58238,83 Route de Bourgogne,46.969183,3.226597,Plein jour,En agglomération,Hors intersection,Normale,Deux véhicules - côté,3,2,2,0,1,1,1,9,1,50,2,2,1,1,0,0,31.0,57.0,utilitaire_camion,deux_roues,1,2,1,1,3
202400048213,2024-08-17 12:37:00,2024,8,17,12,37,06,06056,Pessa Longia,44.191474,6.74773,Plein jour,Hors agglomération,Hors intersection,Normale,Sans collision,3,2,2,0,3,2,1,0,8,80,1,1,0,0,1,0,57.0,,deux_roues,,1,1,1,1,7