accident_id,datetime,annee,mois,jour,heure,minute,departement,commune_insee,adresse,latitude,longitude,luminosite,agglomeration,intersection,meteo,collision,catr,circ,nbv,vosp,prof,plan,surf,infra,situ,vma,nb_vehicules,nb_usagers,nb_indemnes,nb_tues,nb_blesses_hosp,nb_blesses_legers,age_cond_1,age_cond_2,veh_type_cond_1,veh_type_cond_2,lum_code,agg_code,int_code,atm_code,col_code
202400048368,2024-10-29 12:00:00,2024,10,29,12,0,13,13085,A50-Sens Toulon vers Aubagne,43.24704235,5.59645431,Plein jour,Hors agglomération,Hors intersection,Normale,Deux véhicules - côté,1,-1,1,0,1,1,1,5,1,50,2,4,2,0,0,2,56.0,45.0,voiture,voiture,1,1,1,1,3
202400048369,2024-12-04 16:27:00,2024,12,4,16,27,69,69382,3 Quai Tilsitt,45.75885,4.82912,Plein jour,En agglomération,Hors intersection,Normale,Autre collision,4,1,2,3,1,1,1,0,1,30,2,3,2,0,1,0,48.0,81.0,utilitaire_camion,voiture,1,2,1,1,6
202400048370,2024-07-22 05:30:00,2024,7,22,5,30,57,57368,REPUBLIQUE (RUE DE LA ),49.33768657,6.04553958,Crépuscule ou aube,En agglomération,Intersection en T,Normale,Deux véhicules - côté,3,1,2,0,1,1,1,0,1,50,2,2,1,0,1,0,24.0,52.0,deux_roues,utilitaire_camion,2,2,3,1,3
202400048370,2024-07-22 05:30:00,2024,7,22,5,30,57,57368,REPUBLIQUE (RUE DE LA ),49.33768657,6.04553958,Crépuscule ou aube,En agglomération,Intersection en T,Normale,Deux véhicules - côté,3,2,2,0,1,1,1,0,1,50,2,2,1,0,1,0,24.0,52.0,deux_roues,utilitaire_camion,2,2,3,1,3
202400048371,2024-08-19 02:40:00,2024,8,19,2,40,69,69290,Autoroute 43 ,45.699,4.97478,Nuit sans éclairage public,Hors agglomération,Hors intersection,Normale,Deux véhicules - côté,1,3,6,0,1,1,1,0,1,70,2,5,1,0,0,4,,60.0,voiture,voiture,3,1,1,1,3
202400048372,2024-10-20 01:10:00,2024,10,20,1,10,13,13071,A55 - Sens Marseille vers Martigues,43.39330763,5.29952667,Nuit sans éclairage public,Hors agglomération,Hors intersection,Normale,Deux véhicules - arrière,1,3,2,0,2,1,1,0,1,90,3,4,1,0,1,2,51.0,38.0,voiture,voiture,3,1,1,1,2
202400048373,2024-12-03 03:30:00,2024,12,3,3,30,971,97101,RN5-BOISRIPEAUX,16.27983,-61.50781,Nuit avec éclairage allumé,Hors agglomération,Hors intersection,Pluie légère,Autre collision,2,1,2,0,1,1,2,1,8,80,1,1,0,0,0,1,24.0,,voiture,,5,1,1,2,6
202400048374,2024-05-20 14:00:00,2024,5,20,14,0,24,24037,RD 936 E1,44.8293477,0.50070418,Plein jour,Hors agglomération,Hors intersection,Temps couvert,Deux véhicules - frontale,3,2,2,0,1,1,1,0,1,70,2,2,0,1,0,1,61.0,55.0,voiture,voiture,1,1,1,8,1
202400048375,2024-08-17 17:25:00,2024,8,17,17,25,59,59178,AUTOROUTE A21,50.38919996,3.12816452,Plein jour,Hors agglomération,Hors intersection,Normale,Sans collision,1,-1,2,0,1,2,1,0,1,110,1,2,0,1,1,0,62.0,,deux_roues,,1,1,1,1,7
202400048376,2024-10-27 18:48:00,2024,10,27,18,48,59,59350,Autoroute A25,50.61685,3.08112,Nuit sans éclairage public,Hors agglomération,Hors intersection,Normale,Deux véhicules - frontale,1,-1,2,0,1,1,1,0,1,90,2,3,2,1,0,0,20.0,,voiture,utilitaire_camion,3,1,1,1,1
202400048377,2024-09-23 12:50:00,2024,9,23,12,50,974,97416,RN3 (ANCIENNE ROUTE),-21.3283,55.48167,Plein jour,Hors agglomération,Hors intersection,Temps éblouissant,Deux véhicules - arrière,2,2,2,0,1,1,1,6,1,50,2,2,1,0,0,1,44.0,,voiture,voiture,1,1,1,7,2
202400048378,2024-09-23 07:45:00,2024,9,23,7,45,974,97416,LENORMAND(CHEMIN),-21.280252,55.47357,Plein jour,En agglomération,Hors intersection,Normale,Autre collision,4,2,2,0,1,1,1,6,4,30,1,1,0,0,0,1,33.0,,voiture,,1,2,1,1,6
202400048379,2024-08-19 17:55:00,2024,8,19,17,55,91,91174,RN 104,48.62383,2.46842,Plein jour,Hors agglomération,Hors intersection,Normale,Deux véhicules - côté,2,1,3,0,2,1,1,0,1,90,2,2,1,0,0,1,41.0,42.0,deux_roues,voiture,1,1,1,1,3
202400048380,2024-12-04 05:37:00,2024,12,4,5,37,95,95219,TOULOUSE LAUTREC (RUE),48.99452844,2.25655394,Nuit avec éclairage allumé,En agglomération,Intersection en T,Normale,Deux véhicules - côté,3,-1,2,0,1,1,9,0,1,30,2,2,1,0,0,1,44.0,45.0,utilitaire_camion,autre,5,2,3,1,3
202400048380,2024-12-04 05:37:00,2024,12,4,5,37,95,95219,TOULOUSE LAUTREC (RUE),48.99452844,2.25655394,Nuit avec éclairage allumé,En agglomération,Intersection en T,Normale,Deux véhicules - côté,3,2,2,1,1,1,1,0,1,30,2,2,1,0,0,1,44.0,45.0,utilitaire_camion,autre,5,2,3,1,3
202400048381,2024-10-24 18:23:00,2024,10,24,18,23,59,59586,AUTOROUTE A23,50.5219936,3.20263059,Plein jour,Hors agglomération,Hors intersection,Normale,Sans collision,1,-1,2,0,1,1,1,0,1,130,2,2,1,1,0,0,51.0,41.0,voiture,deux_roues,1,1,1,1,7
202400048382,2024-12-04 07:55:00,2024,12,4,7,55,91,91201,BD HENRI BARBUSSE,48.68581,2.40853,Plein jour,En agglomération,Hors intersection,Temps couvert,Autre collision,3,2,2,0,1,1,1,5,8,50,1,2,1,0,0,1,,,utilitaire_camion,,1,2,1,8,6
202400048383,2024-09-23 12:35:00,2024,9,23,12,35,974,97411,JAURES (BOULEVARD JEAN),-20.9025,55.5029,Plein jour,En agglomération,Giratoire,Normale,Deux véhicules - côté,2,1,2,2,4,2,1,0,5,50,2,2,1,0,1,0,40.0,44.0,voiture,deux_roues,1,2,6,1,3
202400048383,2024-09-23 12:35:00,2024,9,23,12,35,974,97411,JAURES (BOULEVARD JEAN),-20.9025,55.5029,Plein jour,En agglomération,Giratoire,Normale,Deux véhicules - côté,2,1,2,0,2,3,1,0,5,50,2,2,1,0,1,0,40.0,44.0,voiture,deux_roues,1,2,6,1,3
202400048384,2024-08-19 15:39:00,2024,8,19,15,39,91,91689,AUTOROUTE A6B,48.74802334,2.32736886,Plein jour,Hors agglomération,Hors intersection,Normale,Trois véhicules et plus - en chaîne,1,3,3,0,2,1,1,0,1,110,4,4,3,0,0,1,27.0,36.0,voiture,voiture,1,1,1,1,4
202400048385,2024-10-29 18:40:00,2024,10,29,18,40,91,91534,RN 118,48.723,2.16772,Nuit sans éclairage public,Hors agglomération,Hors intersection,Normale,Trois véhicules et plus - en chaîne,2,1,2,0,1,1,1,0,1,90,4,4,3,0,0,1,61.0,22.0,voiture,voiture,3,1,1,1,4
202400048386,2024-12-03 16:40:00,2024,12,3,16,40,91,91201,AV DU GENERAL DE GAULLE,48.68608699,2.40701596,Nuit avec éclairage allumé,En agglomération,Hors intersection,Normale,Autre collision,3,2,3,0,1,1,1,0,1,50,1,3,2,0,0,1,71.0,,voiture,,5,2,1,1,6
202400048387,2024-08-19 09:30:00,2024,8,19,9,30,94,94034,A86,48.76090218,2.31821429,Plein jour,Hors agglomération,Hors intersection,Normale,Deux véhicules - arrière,1,1,2,0,2,2,1,3,1,50,2,2,1,0,0,1,28.0,46.0,voiture,voiture,1,1,1,1,2
202400048388,2024-10-29 17:00:00,2024,10,29,17,0,94,94038,A6B,48.7880127,2.34552605,Plein jour,Hors agglomération,Hors intersection,Normale,Deux véhicules - côté,1,1,3,0,1,1,1,0,1,90,2,2,1,0,0,1,49.0,38.0,utilitaire_camion,deux_roues,1,1,1,1,3
202400048389,2024-09-23 10:40:00,2024,9,23,10,40,69,69387,Route de Vienne,45.74520312,4.84889956,Plein jour,En agglomération,Intersection en X,Normale,Deux véhicules - côté,4,1,4,3,1,1,1,0,1,50,2,5,4,0,0,1,36.0,80.0,voiture,voiture,1,2,2,1,3
202400048389,2024-09-23 10:40:00,2024,9,23,10,40,69,69387,Route de Vienne,45.74520312,4.84889956,Plein jour,En agglomération,Intersection en X,Normale,Deux véhicules - côté,4,1,3,3,1,1,1,0,1,30,2,5,4,0,0,1,36.0,80.0,voiture,voiture,1,2,2,1,3
202400048390,2024-12-03 17:30:00,2024,12,3,17,30,91,91097,RUE DE ROCHOPT,48.69092,2.52599,Crépuscule ou aube,En agglomération,Hors intersection,Normale,Deux véhicules - frontale,3,2,2,0,2,1,2,0,1,30,2,3,1,0,0,2,76.0,14.0,voiture,deux_roues,2,2,1,1,1
202400048391,2024-10-28 08:43:00,2024,10,28,8,43,92,92048,N118,48.78772156,2.22217275,Plein jour,Hors agglomération,Hors intersection,Brouillard / fumée,Deux véhicules - arrière,2,1,2,0,1,1,1,0,1,90,2,2,1,0,0,1,45.0,21.0,voiture,deux_roues,1,1,1,5,2
202400048392,2024-09-23 07:40:00,2024,9,23,7,40,69,69383,Rue Bellecombe,45.76367109,4.86368536,Plein jour,En agglomération,Intersection en X,Pluie légère,Deux véhicules - côté,4,1,1,2,1,1,2,0,5,30,2,2,1,0,0,1,40.0,15.0,voiture,deux_roues,1,2,2,2,3
202400048392,2024-09-23 07:40:00,2024,9,23,7,40,69,69383,Rue Bellecombe,45.76367109,4.86368536,Plein jour,En agglomération,Intersection en X,Pluie légère,Deux véhicules - côté,4,1,1,2,1,1,2,0,5,50,2,2,1,0,0,1,40.0,15.0,voiture,deux_roues,1,2,2,2,3
202400048393,2024-12-04 07:55:00,2024,12,4,7,55,84,84031,SAINT ROCH AVENUE,44.06501,5.04954,Plein jour,En agglomération,Intersection à plus de 4 branches,Normale,Deux véhicules - côté,4,2,2,0,2,1,1,0,1,50,2,2,1,0,1,0,63.0,15.0,voiture,deux_roues,1,2,5,1,3
202400048393,2024-12-04 07:55:00,2024,12,4,7,55,84,84031,SAINT ROCH AVENUE,44.06501,5.04954,Plein jour,En agglomération,Intersection à plus de 4 branches,Normale,Deux véhicules - côté,4,3,2,0,1,1,1,0,1,50,2,2,1,0,1,0,63.0,15.0,voiture,deux_roues,1,2,5,1,3
202400048394,2024-10-29 18:30:00,2024,10,29,18,30,93,93007,AUTOROUTE A3,48.9233048,2.48049511,Nuit sans éclairage public,Hors agglomération,Hors intersection,Normale,Deux véhicules - arrière,1,1,3,0,1,1,1,0,1,90,2,2,1,0,0,1,20.0,69.0,deux_roues,voiture,3,1,1,1,2
202400048395,2024-09-23 08:10:00,2024,9,23,8,10,972,97213,AUTOROUTE A1,14.61817,-61.02952,Plein jour,En agglomération,Hors intersection,Normale,Deux véhicules - arrière,1,2,6,0,1,1,1,0,1,90,2,3,0,0,0,3,43.0,49.0,voiture,voiture,1,2,1,1,2
202400048396,2024-12-03 19:42:00,2024,12,3,19,42,84,84007,LIMBERT (BOULEVARD),43.94718,4.81775,Nuit avec éclairage allumé,En agglomération,Hors intersection,Normale,Autre collision,4,2,4,3,1,1,1,0,1,50,1,2,1,0,0,1,23.0,,voiture,,5,2,1,1,6
202400048397,2024-10-29 15:35:00,2024,10,29,15,35,77,77373,RN104,48.76417075,2.61545537,Plein jour,Hors agglomération,Hors intersection,Normale,Deux véhicules - arrière,2,3,2,0,1,1,1,0,1,90,2,2,1,0,1,0,24.0,35.0,deux_roues,utilitaire_camion,1,1,1,1,2
202400048398,2024-09-23 17:20:00,2024,9,23,17,20,2B,2B037,TOUTES RUES,42.61868,9.42456,Plein jour,En agglomération,Hors intersection,Normale,Autre collision,3,2,2,0,1,1,2,0,1,50,1,2,1,0,0,1,55.0,,voiture,,1,2,1,1,6
202400048399,2024-12-03 13:45:00,2024,12,3,13,45,84,84007,AMANDIER (AVENUE DE L'),43.94783,4.85616,Plein jour,En agglomération,Hors intersection,Normale,Autre collision,4,2,2,1,1,1,1,0,3,50,1,2,0,0,0,2,65.0,,voiture,,1,2,1,1,6
202400048400,2024-10-29 10:55:00,2024,10,29,10,55,94,94017,A4,48.82665078,2.51617424,Plein jour,Hors agglomération,Hors intersection,Normale,Trois véhicules et plus - en chaîne,1,3,4,0,1,1,1,1,1,90,3,4,1,0,0,3,43.0,36.0,voiture,voiture,1,1,1,1,4
202400048401,2024-12-04 07:50:00,2024,12,4,7,50,83,83137,3EME RGT DES TIRAILLEURS ALGERIENS (AVE),43.11824976,5.94529438,Plein jour,En agglomération,Autre intersection,Normale,Autre collision,4,2,4,0,1,1,1,0,1,50,1,2,1,0,0,1,55.0,,voiture,,1,2,9,1,6
202400048402,2024-09-22 11:50:00,2024,9,22,11,50,971,97113,SECTION BESSON,16.24082,-61.49593,Plein jour,Hors agglomération,Intersection en Y,Normale,Trois véhicules et plus - collisions multiples,3,2,1,0,2,2,1,0,1,50,3,3,2,0,0,1,26.0,60.0,voiture,voiture,1,1,4,1,5
202400048402,2024-09-22 11:50:00,2024,9,22,11,50,971,97113,SECTION BESSON,16.24082,-61.49593,Plein jour,Hors agglomération,Intersection en Y,Normale,Trois véhicules et plus - collisions multiples,3,2,1,0,1,1,1,0,1,70,3,3,2,0,0,1,26.0,60.0,voiture,voiture,1,1,4,1,5
202400048403,2024-05-25 16:30:00,2024,5,25,16,30,84,84014,Lotissement de la Colline,43.73696,5.692099,Plein jour,En agglomération,Hors intersection,Normale,Deux véhicules - frontale,4,2,2,0,1,3,1,0,1,-1,2,2,1,0,0,1,33.0,58.0,deux_roues,deux_roues,1,2,1,1,1
202400048404,2024-11-06 12:25:00,2024,11,6,12,25,78,78242,DEMENERIE (RUE DE LA),48.81215,2.03974,Plein jour,En agglomération,Hors intersection,Temps couvert,Deux véhicules - côté,4,2,2,0,1,1,1,0,1,30,2,2,1,0,0,1,28.0,59.0,deux_roues,voiture,1,2,1,8,3
202400048405,2024-09-21 03:00:00,2024,9,21,3,0,971,97101,COUR CHARNEAU,16.25172,-61.52953,Nuit avec éclairage non allumé,En agglomération,Hors intersection,Normale,Autre collision,4,2,2,0,1,1,1,0,1,50,2,3,1,0,1,1,,21.0,voiture,deux_roues,4,2,1,1,6
202400048406,2024-03-25 15:13:00,2024,3,25,15,13,84,84105,256 Route de Pierre-fiche,43.879954,5.43923,Plein jour,Hors agglomération,Hors intersection,Normale,Autre collision,3,2,2,0,1,1,1,0,3,80,2,3,1,0,1,1,65.0,53.0,voiture,voiture,1,1,1,1,6
202400048407,2024-09-23 04:30:00,2024,9,23,4,30,91,91347,RTE DE MONTLHERY,48.63542,2.28464,Nuit sans éclairage public,Hors agglomération,Hors intersection,Temps couvert,Deux véhicules - côté,3,2,0,0,1,1,2,0,1,50,2,2,1,0,0,1,27.0,41.0,deux_roues,transport_commun,3,1,1,8,3
202400048408,2024-12-04 19:05:00,2024,12,4,19,5,77,77284,VICTOIRE (AV.DE LA),48.95738,2.93619,Nuit avec éclairage allumé,En agglomération,Hors intersection,Normale,Sans collision,3,1,2,0,1,1,1,0,1,50,1,1,0,0,0,1,32.0,,deux_roues,,5,2,1,1,7
202400048409,2024-07-28 17:10:00,2024,7,28,17,10,84,84092,Route de Sorgues,43.969013,4.856735,Plein jour,En agglomération,Intersection en X,Normale,Deux véhicules - côté,3,2,2,0,1,1,1,5,1,50,2,4,3,0,1,0,29.0,50.0,deux_roues,voiture,1,2,2,1,3
202400048409,2024-07-28 17:10:00,2024,7,28,17,10,84,84092,Route de Sorgues,43.969013,4.856735,Plein jour,En agglomération,Intersection en X,Normale,Deux véhicules - côté,3,1, -1,-1,1,1,1,0,1,-1,2,4,3,0,1,0,29.0,50.0,deux_roues,voiture,1,2,2,1,3
202400048410,2024-12-02 18:00:00,2024,12,2,18,0,77,77186,RD606,48.481177,2.66923,Nuit sans éclairage public,Hors agglomération,Intersection en X,Pluie légère,Deux véhicules - côté,3,2,2,0,1,1,2,5,1,70,2,7,3,0,0,4,19.0,55.0,voiture,voiture,3,1,2,2,3
202400048410,2024-12-02 18:00:00,2024,12,2,18,0,77,77186,RD606,48.481177,2.66923,Nuit sans éclairage public,Hors agglomération,Intersection en X,Pluie légère,Deux véhicules - côté,3,2,3,0,2,1,2,0,1,70,2,7,3,0,0,4,19.0,55.0,voiture,voiture,3,1,2,2,3
202400048411,2024-08-15 21:00:00,2024,8,15,21,0,974,97413,Rue Alexandre Bègue,-21.151758,55.320728,Nuit avec éclairage non allumé,En agglomération,Hors intersection,Normale,Deux véhicules - frontale,3,2,2,0,1,2,1,0,1,50,2,2,1,0,1,0,29.0,42.0,deux_roues,voiture,4,2,1,1,1
202400048412,2024-12-03 17:10:00,2024,12,3,17,10,76,76351,BOIS AU COQ (RUE),49.51096,0.12925,Plein jour,En agglomération,Hors intersection,Normale,Deux véhicules - arrière,4,2,4,0,1,1,2,0,1,50,2,2,1,0,1,0,79.0,49.0,voiture,deux_roues,1,2,1,1,2
202400048413,2024-08-29 00:50:00,2024,8,29,0,50,74,74118,SAINT-JULIEN (ROUTE DE),46.17538,6.22163,Nuit avec éclairage non allumé,En agglomération,Hors intersection,Normale,Sans collision,3,2,2,0,1,1,1,0,6,50,1,3,0,0,1,2,19.0,,voiture,,4,2,1,1,7
202400048414,2024-12-03 19:00:00,2024,12,3,19,0,74,74118,DEPORTES (ROUTE DES ),46.18251,6.23012,Nuit avec éclairage allumé,En agglomération,Hors intersection,Normale,Deux véhicules - arrière,4,1,1,0,2,3,1,0,1,50,2,2,1,0,0,1,46.0,31.0,voiture,voiture,5,2,1,1,2
202400048415,2024-07-11 12:10:00,2024,7,11,12,10,74,74218,NOAILLES (AVENUE ANNA DE),46.395,6.553,Plein jour,En agglomération,Hors intersection,Normale,Deux véhicules - frontale,3,2,2,0,1,1,1,0,1,50,2,2,1,0,1,0,42.0,71.0,deux_roues,voiture,1,2,1,1,1
202400048416,2024-07-07 13:00:00,2024,7,7,13,0,85,85191,RD760,46.6667,-1.4427,Plein jour,En agglomération,Autre intersection,Normale,Deux véhicules - côté,3,2,0,2,1,1,1,0,5,50,2,2,1,0,0,1,31.0,51.0,voiture,deux_roues,1,2,9,1,3
202400048417,2024-12-02 08:30:00,2024,12,2,8,30,74,74012,ROMAGNY (RUE DE),46.197015,6.249741,Plein jour,En agglomération,Intersection en T,Temps couvert,Autre collision,4,-1, -1,-1,1,1,2,0,1,-1,1,2,1,0,0,1,10.0,,deux_roues,,1,2,3,8,6
202400048417,2024-12-02 08:30:00,2024,12,2,8,30,74,74012,ROMAGNY (RUE DE),46.197015,6.249741,Plein jour,En agglomération,Intersection en T,Temps couvert,Autre collision,4,-1,0,0,1,1,2,0,1,30,1,2,1,0,0,1,10.0,,deux_roues,,1,2,3,8,6
202400048418,2024-12-02 07:30:00,2024,12,2,7,30,74,74012,GLIERES (RUE DES),46.194987,6.245815,Nuit avec éclairage allumé,En agglomération,Autre intersection,Temps couvert,Deux véhicules - côté,4,2,2,0,1,1,2,0,1,50,2,2,1,0,0,1,54.0,40.0,voiture,voiture,5,2,9,8,3
202400048419,2024-09-22 20:10:00,2024,9,22,20,10,84,84007,LIBERTE ( RUE DE LA),43.9435,4.81982,Nuit avec éclairage allumé,En agglomération,Intersection en T,Pluie légère,Deux véhicules - frontale,4,1,1,0,1,1,2,0,5,50,2,2,1,0,0,1,35.0,35.0,voiture,deux_roues,5,2,3,2,1
202400048419,2024-09-22 20:10:00,2024,9,22,20,10,84,84007,LIBERTE ( RUE DE LA),43.9435,4.81982,Nuit avec éclairage allumé,En agglomération,Intersection en T,Pluie légère,Deux véhicules - frontale,4,2,2,2,1,1,2,0,5,50,2,2,1,0,0,1,35.0,35.0,voiture,deux_roues,5,2,3,2,1
202400048420,2024-12-03 19:25:00,2024,12,3,19,25,69,69259,Square Pernet-Ducher,45.71786187,4.88470658,Nuit avec éclairage allumé,En agglomération,Intersection en T,Normale,Deux véhicules - côté,4,2,3,0,1,1,1,0,1,50,2,2,1,0,0,1,25.0,28.0,voiture,deux_roues,5,2,3,1,3
202400048420,2024-12-03 19:25:00,2024,12,3,19,25,69,69259,Square Pernet-Ducher,45.71786187,4.88470658,Nuit avec éclairage allumé,En agglomération,Intersection en T,Normale,Deux véhicules - côté,4,2,2,2,1,1,1,0,1,50,2,2,1,0,0,1,25.0,28.0,voiture,deux_roues,5,2,3,1,3
202400048421,2024-09-23 05:55:00,2024,9,23,5,55,77,77358,RN 330 (ROUTE NATIONALE),48.97827,2.86172,Nuit sans éclairage public,Hors agglomération,Hors intersection,Normale,Autre collision,2,2,2,0,1,1,2,0,1,70,1,1,0,0,0,1,44.0,,utilitaire_camion,,3,1,1,1,6
202400048422,2024-07-27 17:55:00,2024,7,27,17,55,22,22106,FREYSSINET (RUE),48.4982,-2.7289,Plein jour,Hors agglomération,Hors intersection,Normale,Deux véhicules - côté,6,-1, -1,0,1,1,1,0,1,30,2,2,1,0,0,1,25.0,20.0,deux_roues,voiture,1,1,1,1,3
202400048423,2024-12-03 17:40:00,2024,12,3,17,40,67,67482,EUROPE (AVENUE DE L ),48.5945475,7.77313828,Nuit avec éclairage allumé,En agglomération,Hors intersection,Pluie légère,Autre collision,4,2,4,0,1,1,2,9,3,50,1,1,0,0,0,1,77.0,,voiture,,5,2,1,2,6
202400048424,2024-09-22 22:24:00,2024,9,22,22,24,69,69259,Avenue Marcel Paul,45.70067306,4.88137006,Nuit avec éclairage allumé,En agglomération,Autre intersection,Pluie légère,Autre collision,4,2,2,0,1,3,2,0,4,30,1,2,1,0,0,1,41.0,,voiture,,5,2,9,2,6
202400048425,2024-05-30 20:00:00,2024,5,30,20,0,32,32337,D103,43.780917,0.565281,Plein jour,Hors agglomération,Autre intersection,Normale,Autre collision,3,2,2,0,1,3,1,0,3,80,1,1,0,0,1,0,26.0,,utilitaire_camion,,1,1,9,1,6
202400048426,2024-08-27 04:45:00,2024,8,27,4,45,29,29003,Lieu Dit Suguensou,48.03705089,-4.53134874,Nuit sans éclairage public,Hors agglomération,Hors intersection,Normale,Autre collision,3,2,2,0,1,1,1,0,1,80,1,2,1,1,0,0,49.0,,voiture,,3,1,1,1,6
202400048427,2024-12-04 12:45:00,2024,12,4,12,45,66,66136,LLOSA (RUE DE LA PETITE),42.703,2.87979,Plein jour,En agglomération,Intersection en T,Normale,Deux véhicules - côté,4,1,1,0,1,1,1,0,1,30,2,2,1,0,0,1,17.0,,deux_roues,voiture,1,2,3,1,3
202400048427,2024-12-04 12:45:00,2024,12,4,12,45,66,66136,LLOSA (RUE DE LA PETITE),42.703,2.87979,Plein jour,En agglomération,Intersection en T,Normale,Deux véhicules - côté,4,3,2,0,1,1,1,0,1,30,2,2,1,0,0,1,17.0,,deux_roues,voiture,1,2,3,1,3
202400048428,2024-09-23 10:45:00,2024,9,23,10,45,67,67482,SOULTZ (RUE DE),48.564886,7.778434,Plein jour,En agglomération,Intersection en T,Normale,Deux véhicules - côté,4,1,1,0,1,1,1,0,1,50,2,2,1,0,0,1,28.0,56.0,voiture,deux_roues,1,2,3,1,3
202400048428,2024-09-23 10:45:00,2024,9,23,10,45,67,67482,SOULTZ (RUE DE),48.564886,7.778434,Plein jour,En agglomération,Intersection en T,Normale,Deux véhicules - côté,4,2,2,0,1,1,1,0,1,50,2,2,1,0,0,1,28.0,56.0,voiture,deux_roues,1,2,3,1,3
202400048429,2024-10-28 07:10:00,2024,10,28,7,10,987,98736,VETEA (ROUTE)-PIRAE,-17.54498,-149.54885,Plein jour,Hors agglomération,Autre intersection,Normale,Sans collision,4,2,2,0,2,3,1,0,3,30,1,1,0,0,0,1,80.0,,utilitaire_camion,,1,1,9,1,7
202400048430,2024-12-04 13:35:00,2024,12,4,13,35,64,64102,NAVARRE (AVENUE HENRI DE),43.50482,-1.44673,Plein jour,En agglomération,Intersection en X,Normale,Autre collision,3,2,2,3,1,1,1,5,1,30,1,2,1,0,0,1,64.0,,voiture,,1,2,2,1,6
202400048430,2024-12-04 13:35:00,2024,12,4,13,35,64,64102,NAVARRE (AVENUE HENRI DE),43.50482,-1.44673,Plein jour,En agglomération,Intersection en X,Normale,Autre collision,3,2,2,3,1,1,1,5,1,50,1,2,1,0,0,1,64.0,,voiture,,1,2,2,1,6
202400048431,2024-09-23 14:48:00,2024,9,23,14,48,64,64189,MITTERRAND FRANCOIS  (AVENUE),43.38260773,-1.66648328,Plein jour,En agglomération,Intersection en X,Normale,Deux véhicules - côté,4,2,2,0,1,1,1,0,1,50,2,2,1,0,1,0,51.0,22.0,deux_roues,voiture,1,2,2,1,3
202400048431,2024-09-23 14:48:00,2024,9,23,14,48,64,64189,MITTERRAND FRANCOIS  (AVENUE),43.38260773,-1.66648328,Plein jour,En agglomération,Intersection en X,Normale,Deux véhicules - côté,4,2,2,0,1,1,1,0,1,50,2,2,1,0,1,0,51.0,22.0,deux_roues,voiture,1,2,2,1,3
202400048432,2024-10-28 18:45:00,2024,10,28,18,45,974,97409,DU CENTRE(IMPASSE),-20.94786,55.65361,Crépuscule ou aube,En agglomération,Hors intersection,Normale,Deux véhicules - arrière,4,2,2,0,1,1,1,0,1,50,2,2,1,0,0,1,26.0,8.0,voiture,deux_roues,2,2,1,1,2
202400048433,2024-12-04 11:40:00,2024,12,4,11,40,64,64102,DE LA POTERNE (ALLEE),43.49103,-1.48122,Plein jour,En agglomération,Hors intersection,Normale,Deux véhicules - côté,4,1,2,0,1,1,1,0,1,30,2,2,1,0,0,1,43.0,53.0,voiture,voiture,1,2,1,1,3
202400048434,2024-09-23 18:05:00,2024,9,23,18,5,64,64024,BAYONNE (AVENUE DE),43.48305,-1.50364,Plein jour,En agglomération,Hors intersection,Normale,Deux véhicules - arrière,3,2,4,3,1,1,1,0,1,50,2,2,1,0,0,1,18.0,74.0,deux_roues,voiture,1,2,1,1,2
202400048435,2024-10-28 12:40:00,2024,10,28,12,40,974,97407,ROUTE NATIONALE N° 1,-20.94755,55.32258,Plein jour,Hors agglomération,Hors intersection,Normale,Deux véhicules - arrière,2,3,3,0,1,1,1,0,1,110,2,7,1,0,0,6,58.0,61.0,voiture,voiture,1,1,1,1,2
202400048436,2024-09-18 16:30:00,2024,9,18,16,30,62,62498,Route de la Bassée,50.44055,2.82085,Plein jour,En agglomération,Hors intersection,Normale,Autre collision,4,-1,1,0,1,1,1,9,1,30,1,2,1,0,1,0,52.0,,voiture,,1,2,1,1,6
202400048437,2024-12-04 12:15:00,2024,12,4,12,15,64,64102,NAVARRE (AVENUE HENRI DE),43.49795,-1.4487,Plein jour,En agglomération,Hors intersection,Normale,Trois véhicules et plus - en chaîne,3,2,2,0,1,1,1,0,1,50,3,4,3,0,0,1,16.0,51.0,voiture,voiture,1,2,1,1,4
202400048438,2024-10-28 17:45:00,2024,10,28,17,45,69,69149,Avenue Jean Jaurès,45.71159,4.81987,Crépuscule ou aube,En agglomération,Intersection en X,Normale,Deux véhicules - côté,7,2,2,0,1,2,1,0,1,50,2,2,1,0,0,1,61.0,39.0,voiture,deux_roues,2,2,2,1,3
202400048438,2024-10-28 17:45:00,2024,10,28,17,45,69,69149,Avenue Jean Jaurès,45.71159,4.81987,Crépuscule ou aube,En agglomération,Intersection en X,Normale,Deux véhicules - côté,7,2,2,1,1,1,1,0,1,50,2,2,1,0,0,1,61.0,39.0,voiture,deux_roues,2,2,2,1,3
202400048439,2024-12-01 11:00:00,2024,12,1,11,0,62,62498,Rue Arthur Fassiaux,50.42504,2.80716,Plein jour,En agglomération,Intersection en X,Normale,Deux véhicules - côté,4,2,2,0,1,1,1,5,1,50,2,2,1,0,1,0,42.0,18.0,utilitaire_camion,deux_roues,1,2,2,1,3
202400048439,2024-12-01 11:00:00,2024,12,1,11,0,62,62498,Rue Arthur Fassiaux,50.42504,2.80716,Plein jour,En agglomération,Intersection en X,Normale,Deux véhicules - côté,4,2,2,0,1,1,1,5,1,50,2,2,1,0,1,0,42.0,18.0,utilitaire_camion,deux_roues,1,2,2,1,3