accident_id,datetime,annee,mois,jour,heure,minute,departement,commune_insee,adresse,latitude,longitude,luminosite,agglomeration,intersection,meteo,collision,catr,circ,nbv,vosp,prof,plan,surf,infra,situ,vma,nb_vehicules,nb_usagers,nb_indemnes,nb_tues,nb_blesses_hosp,nb_blesses_legers,age_cond_1,age_cond_2,veh_type_cond_1,veh_type_cond_2,lum_code,agg_code,int_code,atm_code,col_code
202400048571,2024-10-27 18:15:00,2024,10,27,18,15,71,71130,D187,46.52645,4.744742,Crépuscule ou aube,Hors agglomération,Hors intersection,Normale,Autre collision,3,2,2,0,1,1,1,0,1,80,1,2,1,0,1,0,77.0,,voiture,,2,1,1,1,6
202400048572,2024-10-13 13:05:00,2024,10,13,13,5,33,33176,,44.620937,-0.252999,Plein jour,En agglomération,Hors intersection,Normale,Deux véhicules - arrière,4,2,2,0,1,1,1,0,1,70,2,2,1,0,1,0,36.0,48.0,deux_roues,utilitaire_camion,1,2,1,1,2
202400048573,2024-10-29 09:15:00,2024,10,29,9,15,07,07302,D2,44.657351,4.703629,Plein jour,Hors agglomération,Hors intersection,Brouillard / fumée,Trois véhicules et plus - collisions multiples,3,2,2,0,1,2,1,0,1,90,3,3,1,0,0,2,46.0,38.0,utilitaire_camion,utilitaire_camion,1,1,1,5,5
202400048574,2024-01-06 08:20:00,2024,1,6,8,20,63,63110,"A89, pk 323+000",45.79547154,2.76439187,Plein jour,Hors agglomération,Hors intersection,Neige / grêle,Sans collision,1,3,5,0,2,2,5,0,1,110,1,2,1,0,1,0,27.0,,voiture,,1,1,1,4,7
202400048575,2024-01-05 04:15:00,2024,1,5,4,15,30,30141,Route de Laudun,44.098434,4.686774,Nuit sans éclairage public,En agglomération,Hors intersection,Vent fort / tempête,Sans collision,3,2,2,0,1,1,1,0,1,50,1,1,0,0,1,0,37.0,,voiture,,3,2,1,6,7
202400048576,2024-01-07 15:30:00,2024,1,7,15,30,62,62080,D917,50.10234282,2.85273432,Plein jour,En agglomération,Hors intersection,Normale,Autre collision,3,2,2,0,2,1,1,0,1,30,1,2,1,1,0,0,81.0,,voiture,,1,2,1,1,6
202400048577,2024-01-06 18:10:00,2024,1,6,18,10,65,65460,D934,43.385176,0.092622,Crépuscule ou aube,Hors agglomération,Hors intersection,Normale,Autre collision,3,2,2,0,1,3,1,2,1,50,1,1,0,0,1,0,26.0,,utilitaire_camion,,2,1,1,1,6
202400048578,2024-01-07 15:00:00,2024,1,7,15,0,32,32410,26 Rue de la République,43.492351,0.930619,Plein jour,En agglomération,Hors intersection,Temps couvert,Sans collision,3,2,2,0,1,1,1,0,1,50,1,1,0,0,1,0,28.0,,deux_roues,,1,2,1,8,7
202400048579,2024-01-07 04:45:00,2024,1,7,4,45,71,71522,999 Route de Cuisery,46.603275,4.98687,Nuit avec éclairage allumé,Hors agglomération,Hors intersection,Pluie légère,Autre collision,3,2,2,0,1,1,2,0,3,80,1,2,0,0,0,2,27.0,,voiture,,5,1,1,2,6
202400048580,2024-01-06 18:00:00,2024,1,6,18,0,63,63223,RD2144 / Lieu Dit la Baraque Brûlée,46.129932,2.867281,Nuit avec éclairage allumé,Hors agglomération,Intersection en Y,Pluie légère,Deux véhicules - arrière,3,2,2,0,2,1,2,0,1,90,2,3,2,0,0,1,59.0,23.0,voiture,voiture,5,1,4,2,2
202400048580,2024-01-06 18:00:00,2024,1,6,18,0,63,63223,RD2144 / Lieu Dit la Baraque Brûlée,46.129932,2.867281,Nuit avec éclairage allumé,Hors agglomération,Intersection en Y,Pluie légère,Deux véhicules - arrière,3,2,2,-1,1,1,2,0,1,-1,2,3,2,0,0,1,59.0,23.0,voiture,voiture,5,1,4,2,2
202400048581,2024-01-06 20:55:00,2024,1,6,20,55,63,63290,D90,45.899558,2.924649,Nuit sans éclairage public,Hors agglomération,Hors intersection,Neige / grêle,Autre collision,3,2,2,0,3,3,2,0,3,90,1,2,0,1,1,0,27.0,,voiture,,3,1,1,4,6
202400048582,2024-01-07 05:40:00,2024,1,7,5,40,61,61394,D7,48.256746,0.610579,Nuit sans éclairage public,Hors agglomération,Hors intersection,Normale,Autre collision,3,2,2,0,1,1,1,0,3,90,1,3,0,2,1,0,19.0,,voiture,,3,1,1,1,6
202400048583,2024-01-06 23:50:00,2024,1,6,23,50,47,47195,1512 Route d'Espiens,44.140098,0.361056,Nuit sans éclairage public,Hors agglomération,Hors intersection,Normale,Autre collision,3,2,2,0,1,2,1,0,3,70,1,2,0,0,1,1,42.0,,utilitaire_camion,,3,1,1,1,6
202400048584,2024-01-06 15:25:00,2024,1,6,15,25,68,68129,départementale D166,47.727215,7.20922,Plein jour,Hors agglomération,Hors intersection,Autre,Autre collision,3,2,2,0,1,2,2,0,8,80,1,1,0,0,1,0,52.0,,voiture,,1,1,1,9,6
202400048585,2024-01-05 12:00:00,2024,1,5,12,0,22,22194,penn an ale,48.625573,-3.616358,Plein jour,Hors agglomération,Hors intersection,Pluie forte,Autre collision,3,2,2,0,1,1,2,0,3,80,1,1,0,0,1,0,70.0,,voiture,,1,1,1,3,6
202400048586,2024-01-07 04:00:00,2024,1,7,4,0,44,44031,,47.631272,-1.201093,Nuit sans éclairage public,Hors agglomération,Hors intersection,Normale,Autre collision,3,2,2,0,1,1,1,0,3,80,1,2,0,1,0,1,22.0,,voiture,,3,1,1,1,6
202400048587,2024-01-05 18:30:00,2024,1,5,18,30,29,29105,D30,48.50549726,-4.09493473,Nuit sans éclairage public,Hors agglomération,Intersection en Y,Pluie légère,Deux véhicules - frontale,3,2,2,0,2,2,2,0,1,80,2,3,2,0,0,1,68.0,21.0,voiture,voiture,3,1,4,2,1
202400048587,2024-01-05 18:30:00,2024,1,5,18,30,29,29105,D30,48.50549726,-4.09493473,Nuit sans éclairage public,Hors agglomération,Intersection en Y,Pluie légère,Deux véhicules - frontale,3,2,2,0,2,2,2,0,1,80,2,3,2,0,0,1,68.0,21.0,voiture,voiture,3,1,4,2,1
202400048588,2024-01-05 11:00:00,2024,1,5,11,0,29,29105,Le Drennec,48.52666036,-4.06687894,Plein jour,En agglomération,Giratoire,Pluie légère,Sans collision,3,1,2,0,1,2,2,5,1,80,1,1,0,0,1,0,60.0,,deux_roues,,1,2,6,2,7
202400048589,2024-01-06 17:45:00,2024,1,6,17,45,58,58055,D981,46.835815,3.558304,Nuit sans éclairage public,Hors agglomération,Hors intersection,Pluie légère,Deux véhicules - arrière,3,2,2,0,1,1,2,0,1,90,1,2,1,1,0,0,21.0,,voiture,,3,1,1,2,2
202400048590,2024-01-06 14:00:00,2024,1,6,14,0,53,53153,RD 07 PK 35+500 croissant,48.217582,-0.460095,Plein jour,Hors agglomération,Hors intersection,Pluie légère,Trois véhicules et plus - en chaîne,3,2,2,0,1,1,2,0,1,80,3,4,3,0,1,0,47.0,75.0,voiture,deux_roues,1,1,1,2,4
202400048591,2024-01-04 17:00:00,2024,1,4,17,0,24,24459,Impasse de Montargille,45.040333,0.663965,Nuit sans éclairage public,Hors agglomération,Intersection en T,Normale,Deux véhicules - côté,3,2,2,0,1,1,1,0,1,80,2,2,1,0,1,0,70.0,55.0,voiture,deux_roues,3,1,3,1,3
202400048591,2024-01-04 17:00:00,2024,1,4,17,0,24,24459,Impasse de Montargille,45.040333,0.663965,Nuit sans éclairage public,Hors agglomération,Intersection en T,Normale,Deux véhicules - côté,3,2, -1,-1,1,1,1,0,1,90,2,2,1,0,1,0,70.0,55.0,voiture,deux_roues,3,1,3,1,3
202400048592,2024-01-06 19:26:00,2024,1,6,19,26,17,17243,Route de Montendre,45.243345,-0.273387,Nuit avec éclairage allumé,Hors agglomération,Hors intersection,Normale,Deux véhicules - côté,3,2,2,0,1,1,1,5,1,70,2,2,1,0,1,0,45.0,16.0,voiture,deux_roues,5,1,1,1,3
202400048593,2024-01-07 16:30:00,2024,1,7,16,30,976,97602,RN1 Mtsahara,-12.67727,45.0948,Plein jour,Hors agglomération,Hors intersection,Normale,Deux véhicules - frontale,2,2,2,0,1,3,1,0,1,70,2,4,0,0,1,3,23.0,45.0,voiture,voiture,1,1,1,1,1
202400048594,2024-01-02 08:05:00,2024,1,2,8,5,89,89059,D77,48.062496,3.515962,Crépuscule ou aube,Hors agglomération,Hors intersection,Pluie forte,Deux véhicules - côté,3,2,2,0,1,1,3,0,1,80,2,2,1,0,0,1,89.0,34.0,voiture,voiture,2,1,1,3,3
202400048595,2024-01-06 17:30:00,2024,1,6,17,30,33,33240,,45.30194654,-0.93435287,Plein jour,En agglomération,Hors intersection,Normale,Deux véhicules - frontale,3,2,2,0,1,1,1,0,1,30,2,4,0,0,1,3,46.0,62.0,voiture,voiture,1,2,1,1,1
202400048596,2024-01-07 12:45:00,2024,1,7,12,45,85,85155,130 Rue de la croisée,46.718019,-1.424918,Plein jour,Hors agglomération,Hors intersection,Normale,Deux véhicules - arrière,4,2,2,0,1,2,1,0,4,50,2,3,2,1,0,0,29.0,28.0,deux_roues,voiture,1,1,1,1,2
202400048597,2024-01-06 17:10:00,2024,1,6,17,10,44,44176,107 Rue du Docteur René Laënnec,47.352947,-2.18372,Plein jour,En agglomération,Hors intersection,Normale,Autre collision,4,2,2,0,1,1,1,0,1,30,1,2,1,0,1,0,37.0,,utilitaire_camion,,1,2,1,1,6
202400048598,2024-01-06 18:10:00,2024,1,6,18,10,22,22225,Rue du Pavillon Bleu,48.544676,-3.143774,Nuit avec éclairage allumé,En agglomération,Hors intersection,Normale,Deux véhicules - arrière,3,2,2,0,1,1,1,0,1,50,2,2,1,0,0,1,17.0,54.0,deux_roues,voiture,5,2,1,1,2
202400048599,2024-01-05 15:00:00,2024,1,5,15,0,22,22136,Rue Arthur Enaud,48.157412,-2.756828,Plein jour,En agglomération,Giratoire,Pluie légère,Deux véhicules - arrière,3,2,2,0,1,1,2,0,1,50,2,2,1,0,1,0,60.0,76.0,voiture,deux_roues,1,2,6,2,2
202400048599,2024-01-05 15:00:00,2024,1,5,15,0,22,22136,Rue Arthur Enaud,48.157412,-2.756828,Plein jour,En agglomération,Giratoire,Pluie légère,Deux véhicules - arrière,3,2,2,0,2,3,2,0,1,50,2,2,1,0,1,0,60.0,76.0,voiture,deux_roues,1,2,6,2,2
202400048600,2024-01-06 14:45:00,2024,1,6,14,45,33,33013,,44.862337,-0.503829,Plein jour,Hors agglomération,Hors intersection,Normale,Trois véhicules et plus - en chaîne,2,3,6,0,1,1,1,0,1,90,3,6,5,0,0,1,41.0,33.0,voiture,voiture,1,1,1,1,4
202400048601,2024-01-06 17:10:00,2024,1,6,17,10,91,91471,RN 118,48.71064,2.18645,Nuit sans éclairage public,Hors agglomération,Hors intersection,Normale,Autre collision,2,1,2,0,2,3,1,0,1,90,1,1,0,0,0,1,27.0,,utilitaire_camion,,3,1,1,1,6
202400048602,2024-01-06 14:00:00,2024,1,6,14,0,94,94038,A6B,48.77794082,2.34667686,Plein jour,Hors agglomération,Hors intersection,Normale,Deux véhicules - arrière,1,3,3,0,1,1,1,0,1,90,2,3,2,0,0,1,33.0,36.0,utilitaire_camion,utilitaire_camion,1,1,1,1,2
202400048603,2024-05-05 23:00:00,2024,5,5,23,0,31,31555,RTE DE SEYSSES,43.551976,1.39551848,Nuit avec éclairage allumé,En agglomération,Hors intersection,Pluie forte,Autre collision,7,2,2,0,1,1,2,5,8,30,1,1,0,0,1,0,46.0,,deux_roues,,5,2,1,3,6
202400048604,2024-01-06 00:50:00,2024,1,6,0,50,78,78545,A12 W,48.810417,2.05597,Nuit sans éclairage public,Hors agglomération,Hors intersection,Normale,Deux véhicules - arrière,1,-1,4,0,1,1,2,0,1,110,2,6,2,0,0,4,20.0,44.0,voiture,voiture,3,1,1,1,2
202400048605,2024-05-06 01:25:00,2024,5,6,1,25,28,28209,RN 154,48.48966,1.47193,Nuit avec éclairage allumé,En agglomération,Hors intersection,Pluie légère,Sans collision,2,2,2,0,1,2,2,0,8,90,1,1,0,0,1,0,22.0,,voiture,,5,2,1,2,7
202400048606,2024-04-14 00:50:00,2024,4,14,0,50,27,27229,CITES UNIES (BOULEVARD DES),49.01121,1.14195,Nuit sans éclairage public,En agglomération,Hors intersection,Normale,Sans collision,4,2,2,1,1,2,1,0,1,50,1,1,0,0,0,1,42.0,,deux_roues,,3,2,1,1,7
202400048607,2024-01-06 16:00:00,2024,1,6,16,0,93,93064,AUTOROUTE A86,48.87109766,2.48225139,Plein jour,Hors agglomération,Hors intersection,Normale,Deux véhicules - arrière,1,1,3,0,1,1,1,1,1,90,2,3,1,0,0,2,80.0,52.0,voiture,voiture,1,1,1,1,2
202400048608,2024-05-06 20:15:00,2024,5,6,20,15,13,13001,FERRINI FORTUNE (AV),43.51037,5.4423,Plein jour,En agglomération,Intersection en X,Temps couvert,Autre collision,3,2,2,0,1,1,1,6,1,50,1,2,1,0,0,1,30.0,,transport_commun,,1,2,2,8,6
202400048608,2024-05-06 20:15:00,2024,5,6,20,15,13,13001,FERRINI FORTUNE (AV),43.51037,5.4423,Plein jour,En agglomération,Intersection en X,Temps couvert,Autre collision,3,2, -1,-1,1,1,1,6,1,-1,1,2,1,0,0,1,30.0,,transport_commun,,1,2,2,8,6
202400048609,2024-01-06 10:20:00,2024,1,6,10,20,95,95252,A15,48.98341557,2.21876294,Plein jour,Hors agglomération,Hors intersection,Normale,Trois véhicules et plus - collisions multiples,1,3,4,0,1,1,1,0,1,110,3,3,2,0,1,0,22.0,37.0,voiture,voiture,1,1,1,1,5
202400048610,2024-05-06 16:00:00,2024,5,6,16,0,06,06069,144 Avenue Pierre Sémard,43.65354,6.92521,Plein jour,En agglomération,Hors intersection,Normale,Deux véhicules - côté,3,2,2,0,1,1,1,0,1,50,2,2,1,0,0,1,77.0,24.0,voiture,voiture,1,2,1,1,3
202400048611,2024-01-05 20:30:00,2024,1,5,20,30,92,92036,AUTOROUTE A86,48.93838168,2.31330853,Nuit sans éclairage public,Hors agglomération,Hors intersection,Normale,Deux véhicules - arrière,1,3,3,0,1,1,1,0,1,90,2,2,1,0,0,1,21.0,45.0,utilitaire_camion,voiture,3,1,1,1,2
202400048612,2024-05-06 12:10:00,2024,5,6,12,10,06,06030,482 Avenue General de Gaulle,43.56976,6.99535,Plein jour,En agglomération,Hors intersection,Pluie légère,Deux véhicules - côté,4,3,5,0,1,1,2,0,1,50,2,2,1,1,0,0,31.0,29.0,voiture,deux_roues,1,2,1,2,3
202400048613,2024-01-06 00:15:00,2024,1,6,0,15,93,93048,AUTOROUTE A3,48.87140607,2.43234765,Nuit sans éclairage public,Hors agglomération,Hors intersection,Normale,Deux véhicules - arrière,1,1,5,0,1,1,1,0,1,70,2,2,1,0,0,1,22.0,51.0,voiture,utilitaire_camion,3,1,1,1,2
202400048614,2024-04-23 08:20:00,2024,4,23,8,20,05,05061,Route de Chabanas,44.56711,6.06762,Plein jour,En agglomération,Intersection en Y,Normale,Deux véhicules - frontale,4,2,2,0,1,1,1,0,1,50,2,3,1,0,0,2,31.0,43.0,voiture,transport_commun,1,2,4,1,1
202400048614,2024-04-23 08:20:00,2024,4,23,8,20,05,05061,Route de Chabanas,44.56711,6.06762,Plein jour,En agglomération,Intersection en Y,Normale,Deux véhicules - frontale,4,2,2,-1,1,1,1,0,1,50,2,3,1,0,0,2,31.0,43.0,voiture,transport_commun,1,2,4,1,1
202400048615,2024-01-05 21:30:00,2024,1,5,21,30,93,93066,AUTOROUTE A86,48.9229345,2.34504055,Nuit sans éclairage public,Hors agglomération,Hors intersection,Normale,Deux véhicules - arrière,1,3,3,0,1,1,1,0,1,90,2,5,4,0,0,1,,37.0,utilitaire_camion,voiture,3,1,1,1,2
202400048616,2024-05-05 05:30:00,2024,5,5,5,30,75,75115,BD PERIPHERIQUE EXTERIEUR,48.833786,2.277052,Nuit avec éclairage allumé,En agglomération,Hors intersection,Normale,Trois véhicules et plus - en chaîne,4,1,3,0,1,1,1,0,1,70,3,3,2,0,0,1,27.0,63.0,voiture,voiture,5,2,1,1,4
202400048617,2024-05-06 08:45:00,2024,5,6,8,45,75,75119,BD PERIPHERIQUE EXTERIEUR ,48.879032,2.408116,Plein jour,En agglomération,Hors intersection,Normale,Deux véhicules - arrière,4,3,4,0,2,3,1,1,1,70,2,2,0,0,1,1,28.0,20.0,voiture,deux_roues,1,2,1,1,2
202400048618,2024-01-05 13:50:00,2024,1,5,13,50,93,93005,AUTOROUTE A3,48.95280378,2.47375002,Plein jour,Hors agglomération,Hors intersection,Normale,Trois véhicules et plus - en chaîne,1,3,3,0,1,1,1,0,1,90,3,5,2,0,0,3,36.0,42.0,voiture,utilitaire_camion,1,1,1,1,4
202400048619,2024-05-06 18:10:00,2024,5,6,18,10,75,75120,BOULEVARD DE CHARONNE,48.849787,2.399176,Plein jour,En agglomération,Intersection en T,Normale,Autre collision,4,1,1,0,1,1,1,0,1,30,1,2,1,0,1,0,40.0,,deux_roues,,1,2,3,1,6
202400048619,2024-05-06 18:10:00,2024,5,6,18,10,75,75120,BOULEVARD DE CHARONNE,48.849787,2.399176,Plein jour,En agglomération,Intersection en T,Normale,Autre collision,4,1, -1,-1,1,1,1,0,1,30,1,2,1,0,1,0,40.0,,deux_roues,,1,2,3,1,6
202400048620,2024-05-06 17:20:00,2024,5,6,17,20,75,75120,COURS DE VINCENNES,48.847861,2.4026,Plein jour,En agglomération,Hors intersection,Normale,Deux véhicules - frontale,4,2,1,2,1,1,1,9,5,30,2,2,1,0,0,1,26.0,48.0,deux_roues,deux_roues,1,2,1,1,1
202400048621,2024-01-05 07:00:00,2024,1,5,7,0,974,97411,JAURES (BOULEVARD JEAN),-20.89076,55.45503,Plein jour,En agglomération,Intersection en X,Normale,Deux véhicules - côté,2,1,3,0,1,1,2,0,1,50,2,4,3,0,0,1,44.0,29.0,utilitaire_camion,transport_commun,1,2,2,1,3
202400048621,2024-01-05 07:00:00,2024,1,5,7,0,974,97411,JAURES (BOULEVARD JEAN),-20.89076,55.45503,Plein jour,En agglomération,Intersection en X,Normale,Deux véhicules - côté,2,1,2,0,1,1,2,0,1,50,2,4,3,0,0,1,44.0,29.0,utilitaire_camion,transport_commun,1,2,2,1,3
202400048622,2024-05-06 21:30:00,2024,5,6,21,30,75,75115,RUE DE LA CONVENTION,48.837223,2.296425,Nuit sans éclairage public,En agglomération,Intersection en X,Normale,Autre collision,4,1, -1,-1,1,1,1,0,1,30,1,2,1,0,0,1,74.0,,deux_roues,,3,2,2,1,6
202400048622,2024-05-06 21:30:00,2024,5,6,21,30,75,75115,RUE DE LA CONVENTION,48.837223,2.296425,Nuit sans éclairage public,En agglomération,Intersection en X,Normale,Autre collision,4,2,3,3,1,1,1,0,1,30,1,2,1,0,0,1,74.0,,deux_roues,,3,2,2,1,6
202400048623,2024-01-05 18:20:00,2024,1,5,18,20,974,97409,DE LA REPUBLIQUE(AVENUE),-20.96215,55.65558,Plein jour,En agglomération,Autre intersection,Pluie légère,Deux véhicules - côté,4,2,3,3,1,1,2,0,1,50,2,5,4,0,0,1,26.0,,voiture,transport_commun,1,2,9,2,3
202400048624,2024-01-05 07:55:00,2024,1,5,7,55,974,97407,ROUTE DU SACRE COEUR,-20.95737,55.3153,Plein jour,En agglomération,Hors intersection,Normale,Sans collision,2,2,2,1,1,1,1,0,5,50,1,1,0,0,0,1,31.0,,deux_roues,,1,2,1,1,7
202400048625,2024-05-05 14:10:00,2024,5,5,14,10,75,75112,AVENUE DAUMESNIL,48.848053,2.373895,Plein jour,En agglomération,Intersection en T,Normale,Deux véhicules - côté,4,2,2,0,1,1,2,0,1,30,2,7,5,0,0,2,36.0,31.0,voiture,deux_roues,1,2,3,1,3
202400048625,2024-05-05 14:10:00,2024,5,5,14,10,75,75112,AVENUE DAUMESNIL,48.848053,2.373895,Plein jour,En agglomération,Intersection en T,Normale,Deux véhicules - côté,4,1, -1,-1,1,1,2,0,1,30,2,7,5,0,0,2,36.0,31.0,voiture,deux_roues,1,2,3,1,3
202400048626,2024-01-05 08:30:00,2024,1,5,8,30,69,69383,Avenue Félix Faure,45.75429,4.86492,Crépuscule ou aube,En agglomération,Hors intersection,Pluie légère,Deux véhicules - frontale,4,2,2,2,1,1,2,0,5,50,2,2,1,0,1,0,30.0,22.0,deux_roues,deux_roues,2,2,1,2,1
202400048627,2024-05-06 17:00:00,2024,5,6,17,0,75,75110,BOULEVARD DE MAGENTA,48.882111,2.351067,Plein jour,En agglomération,Intersection en T,Normale,Deux véhicules - côté,4,2,6,1,1,1,1,9,5,30,2,2,1,0,0,1,26.0,41.0,deux_roues,deux_roues,1,2,3,1,3
202400048627,2024-05-06 17:00:00,2024,5,6,17,0,75,75110,BOULEVARD DE MAGENTA,48.882111,2.351067,Plein jour,En agglomération,Intersection en T,Normale,Deux véhicules - côté,4,2, -1,-1,1,1,1,0,1,30,2,2,1,0,0,1,26.0,41.0,deux_roues,deux_roues,1,2,3,1,3
202400048628,2024-01-04 16:09:00,2024,1,4,16,9,972,97207,,14.59973193,-60.96986175,Plein jour,Hors agglomération,Hors intersection,Normale,Deux véhicules - côté,2,2,3,0,1,1,1,0,1,70,2,2,1,0,0,1,32.0,58.0,voiture,utilitaire_camion,1,1,1,1,3
202400048629,2024-01-05 17:50:00,2024,1,5,17,50,69,69382,Route de Métropole 7,45.74880792,4.82808562,Nuit avec éclairage allumé,En agglomération,Autre intersection,Normale,Autre collision,7,1,3,0,3,2,2,1,1,30,1,2,1,0,0,1,20.0,,voiture,,5,2,9,1,6
202400048630,2024-05-06 11:50:00,2024,5,6,11,50,75,75107,QUAI D ORSAY,48.862505,2.310365,Plein jour,En agglomération,Intersection en T,Normale,Deux véhicules - côté,4,1,2,0,1,1,1,0,1,30,2,2,1,0,0,1,29.0,43.0,deux_roues,utilitaire_camion,1,2,3,1,3
202400048630,2024-05-06 11:50:00,2024,5,6,11,50,75,75107,QUAI D ORSAY,48.862505,2.310365,Plein jour,En agglomération,Intersection en T,Normale,Deux véhicules - côté,4,2,4,1,1,1,1,0,1,30,2,2,1,0,0,1,29.0,43.0,deux_roues,utilitaire_camion,1,2,3,1,3
202400048631,2024-05-06 04:45:00,2024,5,6,4,45,75,75107,BOULEVARD DES INVALIDES,48.850499,2.314447,Nuit avec éclairage allumé,En agglomération,Place,Pluie légère,Sans collision,4,2,4,3,1,1,2,0,1,30,1,1,0,0,0,1,22.0,,deux_roues,,5,2,7,2,7
202400048631,2024-05-06 04:45:00,2024,5,6,4,45,75,75107,BOULEVARD DES INVALIDES,48.850499,2.314447,Nuit avec éclairage allumé,En agglomération,Place,Pluie légère,Sans collision,4,1, -1,-1,1,1,2,0,1,30,1,1,0,0,0,1,22.0,,deux_roues,,5,2,7,2,7
202400048632,2024-01-05 13:50:00,2024,1,5,13,50,971,97120,HANNE (BOULEVARD),16.24041,-61.53301,Plein jour,En agglomération,Hors intersection,Normale,Deux véhicules - côté,3,4,2,0,1,2,1,0,1,50,2,3,1,0,2,0,27.0,25.0,voiture,deux_roues,1,2,1,1,3
202400048633,2024-05-02 15:45:00,2024,5,2,15,45,94,94081,Rue Julian Grimau,48.78044107,2.37351608,Plein jour,En agglomération,Hors intersection,Normale,Autre collision,4,2,2,0,1,1,1,0,1,30,1,2,1,0,0,1,66.0,,voiture,,1,2,1,1,6
202400048634,2024-01-05 08:40:00,2024,1,5,8,40,91,91161,LONGJUMEAU (ROUTE DE),48.70719,2.2971,Plein jour,En agglomération,Hors intersection,Normale,Deux véhicules - frontale,3,2,2,0,2,1,1,0,1,50,2,2,1,0,0,1,36.0,18.0,utilitaire_camion,deux_roues,1,2,1,1,1
202400048635,2024-01-05 14:55:00,2024,1,5,14,55,91,91421,LOUIS ARMAND (RUE),48.7076,2.46169,Plein jour,En agglomération,Hors intersection,Normale,Deux véhicules - frontale,4,1,1,0,2,1,1,0,1,50,2,2,1,0,0,1,29.0,24.0,voiture,deux_roues,1,2,1,1,1
202400048636,2024-05-05 09:20:00,2024,5,5,9,20,94,94080,Rue de Strasbourg,48.85157777,2.43833855,Plein jour,En agglomération,Hors intersection,Pluie légère,Deux véhicules - arrière,4,1,1,0,1,1,2,0,1,30,2,3,1,0,0,2,23.0,32.0,utilitaire_camion,voiture,1,2,1,2,2
202400048637,2024-03-30 21:35:00,2024,3,30,21,35,51,51572,A4 PK 192+700,49.03605072,4.6161237,Nuit sans éclairage public,Hors agglomération,Hors intersection,Normale,Deux véhicules - arrière,1,-1,2,0,1,1,1,0,2,130,2,5,2,2,1,0,40.0,31.0,voiture,voiture,3,1,1,1,2
202400048638,2024-05-06 19:56:00,2024,5,6,19,56,94,94079,Avenue Lamartine / Avenue André Rouy,48.82103477,2.55578238,Plein jour,En agglomération,Intersection en T,Normale,Deux véhicules - frontale,3,2,2,0,2,1,1,0,1,-1,2,3,2,0,0,1,44.0,28.0,transport_commun,voiture,1,2,3,1,1
202400048638,2024-05-06 19:56:00,2024,5,6,19,56,94,94079,Avenue Lamartine / Avenue André Rouy,48.82103477,2.55578238,Plein jour,En agglomération,Intersection en T,Normale,Deux véhicules - frontale,3,2,2,0,2,1,1,0,1,30,2,3,2,0,0,1,44.0,28.0,transport_commun,voiture,1,2,3,1,1
202400048639,2024-01-05 20:40:00,2024,1,5,20,40,84,84007,MARSEILLE (Route de ),43.92656,4.84489,Nuit avec éclairage non allumé,En agglomération,Giratoire,Temps couvert,Deux véhicules - côté,2,2,2,0,1,1,2,5,1,50,2,3,2,0,0,1,23.0,21.0,deux_roues,voiture,4,2,6,8,3
202400048639,2024-01-05 20:40:00,2024,1,5,20,40,84,84007,MARSEILLE (Route de ),43.92656,4.84489,Nuit avec éclairage non allumé,En agglomération,Giratoire,Temps couvert,Deux véhicules - côté,2,3,4,0,1,1,2,5,1,50,2,3,2,0,0,1,23.0,21.0,deux_roues,voiture,4,2,6,8,3
202400048640,2024-03-29 15:00:00,2024,3,29,15,0,11,11262,,43.166136,3.174362,Plein jour,En agglomération,Giratoire,Normale,Deux véhicules - côté,4,1,1,0,1,2,1,0,1,50,2,2,1,0,1,0,83.0,64.0,deux_roues,voiture,1,2,6,1,3
202400048641,2024-05-06 13:10:00,2024,5,6,13,10,94,94081,Boulevard de Stalingrad / Rue Germaine Tailleferre,48.8035,2.37754,Plein jour,En agglomération,Intersection en T,Normale,Autre collision,3,3,4,0,1,1,1,0,1,50,1,1,0,0,0,1,34.0,,deux_roues,,1,2,3,1,6
202400048641,2024-05-06 13:10:00,2024,5,6,13,10,94,94081,Boulevard de Stalingrad / Rue Germaine Tailleferre,48.8035,2.37754,Plein jour,En agglomération,Intersection en T,Normale,Autre collision,3,2,2,0,1,1,1,0,1,-1,1,1,0,0,0,1,34.0,,deux_roues,,1,2,3,1,6
202400048642,2024-01-05 17:15:00,2024,1,5,17,15,84,84007,AMANDIER (Avenue de l'),43.94463,4.85432,Plein jour,En agglomération,Hors intersection,Normale,Deux véhicules - côté,4,2,2,0,1,1,1,0,1,50,2,2,0,0,0,2,20.0,41.0,voiture,voiture,1,2,1,1,3
202400048643,2024-03-30 14:30:00,2024,3,30,14,30,78,78537,"Autoroute A10, PK 021+700 direction province",48.562891,1.960814,Plein jour,Hors agglomération,Hors intersection,Normale,Autre collision,1,1,4,0,1,1,2,0,3,130,1,2,0,0,1,1,26.0,,voiture,,1,1,1,1,6
202400048644,2024-05-06 17:00:00,2024,5,6,17,0,94,94065,N186B,48.75385,2.36554605,Plein jour,Hors agglomération,Hors intersection,Normale,Deux véhicules - côté,2,3,4,0,1,1,1,0,1,90,2,2,1,0,0,1,43.0,51.0,deux_roues,utilitaire_camion,1,1,1,1,3