accident_id,datetime,annee,mois,jour,heure,minute,departement,commune_insee,adresse,latitude,longitude,luminosite,agglomeration,intersection,meteo,collision,catr,circ,nbv,vosp,prof,plan,surf,infra,situ,vma,nb_vehicules,nb_usagers,nb_indemnes,nb_tues,nb_blesses_hosp,nb_blesses_legers,age_cond_1,age_cond_2,veh_type_cond_1,veh_type_cond_2,lum_code,agg_code,int_code,atm_code,col_code
202400048645,2024-01-05 15:15:00,2024,1,5,15,15,81,81004,SAINT JUERY (AV DE) DU N° 1 AU N° 48,43.9342516,2.1742416,Plein jour,En agglomération,Hors intersection,Normale,Autre collision,3,2,4,1,1,1,1,5,8,50,1,2,1,0,0,1,71.0,,voiture,,1,2,1,1,6
202400048646,2024-03-31 04:00:00,2024,3,31,4,0,987,98729,PK4.5 Maharepa,-17.48156001,-149.79879856,Nuit sans éclairage public,En agglomération,Hors intersection,Normale,Sans collision,2,2,2,1,1,1,1,0,3,40,1,2,0,1,1,0,24.0,,deux_roues,,3,2,1,1,7
202400048647,2024-05-05 19:02:00,2024,5,5,19,2,94,94011,Route de Stains,48.77860432,2.49154454,Plein jour,En agglomération,Hors intersection,Normale,Deux véhicules - frontale,3,2,2,1,4,1,1,0,1,50,2,2,0,0,0,2,69.0,47.0,voiture,voiture,1,2,1,1,1
202400048648,2024-01-06 00:55:00,2024,1,6,0,55,77,77288,MAINCY(BOULEVARD),48.54757,2.67686,Nuit avec éclairage allumé,Hors agglomération,Autre intersection,Normale,Deux véhicules - arrière,3,-1,3,0,1,1,1,0,1,80,2,3,1,0,0,2,,21.0,voiture,voiture,5,1,9,1,2
202400048649,2024-03-30 23:00:00,2024,3,30,23,0,971,97115,Route de Routa D2,16.256929,-61.637174,Nuit sans éclairage public,Hors agglomération,Hors intersection,Normale,Autre collision,3,2,2,0,1,2,1,0,3,80,1,1,0,1,0,0,29.0,,deux_roues,,3,1,1,1,6
202400048650,2024-01-04 19:25:00,2024,1,4,19,25,77,77394,TROIS MOULINS  (DES),48.558,2.68014,Nuit avec éclairage allumé,En agglomération,Hors intersection,Normale,Sans collision,4,2, -1,0,1,2,1,0,1,50,1,1,0,0,0,1,26.0,,deux_roues,,5,2,1,1,7
202400048651,2024-05-06 23:00:00,2024,5,6,23,0,93,93070,Rue Albert Dhalenne,48.915,2.33157,Nuit avec éclairage allumé,En agglomération,Hors intersection,Normale,Deux véhicules - côté,3,3,2,1,1,1,1,0,1,50,2,2,1,0,0,1,24.0,43.0,deux_roues,deux_roues,5,2,1,1,3
202400048652,2024-03-31 05:12:00,2024,3,31,5,12,91,91671,D191,48.45932,2.264471,Nuit sans éclairage public,Hors agglomération,Hors intersection,Brouillard / fumée,Autre collision,3,2,2,0,1,1,2,0,1,50,1,1,0,0,1,0,25.0,,voiture,,3,1,1,5,6
202400048653,2024-01-05 18:05:00,2024,1,5,18,5,72,72181,CD 139 (RTE DE LAIGNE),47.96947,0.21035,Nuit avec éclairage non allumé,En agglomération,Autre intersection,Normale,Deux véhicules - frontale,4,2,2,0,1,1,1,0,1,50,2,2,1,0,0,1,36.0,57.0,deux_roues,transport_commun,4,2,9,1,1
202400048654,2024-05-06 18:40:00,2024,5,6,18,40,93,93071,Avenue Lucie Aubrac / Avenue Henri Barbusse,48.93355,2.54284,Plein jour,En agglomération,Giratoire,Normale,Deux véhicules - frontale,3,2,2,0,1,1,1,0,1,50,2,2,1,0,0,1,43.0,71.0,deux_roues,voiture,1,2,6,1,1
202400048654,2024-05-06 18:40:00,2024,5,6,18,40,93,93071,Avenue Lucie Aubrac / Avenue Henri Barbusse,48.93355,2.54284,Plein jour,En agglomération,Giratoire,Normale,Deux véhicules - frontale,3,2,2,1,1,1,1,0,1,50,2,2,1,0,0,1,43.0,71.0,deux_roues,voiture,1,2,6,1,1
202400048655,2024-01-05 05:30:00,2024,1,5,5,30,69,69286,Route de Genève,45.80743,4.89429,Nuit avec éclairage allumé,En agglomération,Hors intersection,Normale,Sans collision,7,2,2,0,1,1,1,0,1,50,1,1,0,0,0,1,55.0,,deux_roues,,5,2,1,1,7
202400048656,2024-03-31 12:55:00,2024,3,31,12,55,34,34039,D613,43.448993,3.645358,Plein jour,Hors agglomération,Giratoire,Normale,Deux véhicules - arrière,3,1,2,0,1,2,1,5,1,80,2,7,5,0,1,1,53.0,87.0,voiture,voiture,1,1,6,1,2
202400048657,2024-05-06 16:38:00,2024,5,6,16,38,93,93046,Avenue du Consul General Nordling,48.917612,2.534192,Plein jour,En agglomération,Hors intersection,Normale,Deux véhicules - arrière,3,3,4,0,1,1,1,9,1,50,2,3,1,0,0,2,26.0,,voiture,voiture,1,2,1,1,2
202400048658,2024-01-05 07:50:00,2024,1,5,7,50,66,66136,Quai Sadi CARNOT,42.70043,2.8937,Nuit avec éclairage allumé,En agglomération,Intersection en T,Temps couvert,Deux véhicules - côté,4,1,1,0,1,1,2,0,8,30,2,2,1,0,0,1,59.0,75.0,voiture,deux_roues,5,2,3,8,3
202400048658,2024-01-05 07:50:00,2024,1,5,7,50,66,66136,Quai Sadi CARNOT,42.70043,2.8937,Nuit avec éclairage allumé,En agglomération,Intersection en T,Temps couvert,Deux véhicules - côté,4,1,2,3,1,1,2,0,1,30,2,2,1,0,0,1,59.0,75.0,voiture,deux_roues,5,2,3,8,3
202400048659,2024-05-05 22:15:00,2024,5,5,22,15,93,93013,Carrefour Charles Lindbergh / A1,48.94232,2.43003,Nuit sans éclairage public,En agglomération,Giratoire,Normale,Autre collision,1,1,1,0,1,2,1,0,1,50,1,1,0,0,0,1,35.0,,voiture,,3,2,6,1,6
202400048659,2024-05-05 22:15:00,2024,5,5,22,15,93,93013,Carrefour Charles Lindbergh / A1,48.94232,2.43003,Nuit sans éclairage public,En agglomération,Giratoire,Normale,Autre collision,1,1,1,0,2,1,1,3,1,-1,1,1,0,0,0,1,35.0,,voiture,,3,2,6,1,6
202400048660,2024-03-30 17:00:00,2024,3,30,17,0,33,33051,,44.6475,-0.974333,Plein jour,En agglomération,Intersection en T,Normale,Deux véhicules - côté,4,2,2,0,1,1,1,0,1,50,2,2,1,0,1,0,18.0,53.0,deux_roues,voiture,1,2,3,1,3
202400048660,2024-03-30 17:00:00,2024,3,30,17,0,33,33051,,44.6475,-0.974333,Plein jour,En agglomération,Intersection en T,Normale,Deux véhicules - côté,4,2,2,-1,1,1,1,0,1,50,2,2,1,0,1,0,18.0,53.0,deux_roues,voiture,1,2,3,1,3
202400048661,2024-01-05 11:55:00,2024,1,5,11,55,64,64483,,43.3973,-1.6431,Plein jour,En agglomération,Intersection en T,Pluie légère,Deux véhicules - côté,3,2,2,0,1,2,2,0,1,50,2,2,1,0,0,1,91.0,65.0,voiture,voiture,1,2,3,2,3
202400048661,2024-01-05 11:55:00,2024,1,5,11,55,64,64483,,43.3973,-1.6431,Plein jour,En agglomération,Intersection en T,Pluie légère,Deux véhicules - côté,3,2, -1,0,3,1,2,0,1,50,2,2,1,0,0,1,91.0,65.0,voiture,voiture,1,2,3,2,3
202400048662,2024-05-06 09:35:00,2024,5,6,9,35,92,92075,LARMEROUX (RUE),48.81517,2.27851,Plein jour,En agglomération,Hors intersection,Normale,Deux véhicules - côté,3,2,2,0,1,1,1,0,1,50,2,2,1,0,0,1,50.0,29.0,voiture,deux_roues,1,2,1,1,3
202400048663,2024-01-04 23:20:00,2024,1,4,23,20,64,64545,RD810,43.35998025,-1.72653526,Nuit sans éclairage public,Hors agglomération,Hors intersection,Pluie forte,Deux véhicules - arrière,3,2,3,0,2,1,2,0,1,90,2,2,1,0,1,0,18.0,47.0,deux_roues,voiture,3,1,1,3,2
202400048664,2024-03-31 07:30:00,2024,3,31,7,30,53,53094,RD 910,48.002156,-0.723435,Crépuscule ou aube,Hors agglomération,Giratoire,Normale,Sans collision,3,1,1,0,1,2,1,0,1,80,1,4,3,1,0,0,27.0,,voiture,,2,1,6,1,7
202400048665,2024-05-05 22:30:00,2024,5,5,22,30,92,92023,GENERAL DE GAULLE (AV DU) N°130 A 340 ET,48.78865,2.25913,Nuit avec éclairage allumé,En agglomération,Hors intersection,Normale,Sans collision,4,2,2,2,1,1,2,0,1,30,1,1,0,0,1,0,44.0,,deux_roues,,5,2,1,1,7
202400048666,2024-01-03 16:15:00,2024,1,3,16,15,62,62771,Rue Casimir Beugnet,50.41978043,2.87612486,Plein jour,En agglomération,Hors intersection,Pluie légère,Deux véhicules - arrière,4,2,2,0,1,1,2,0,1,50,2,2,1,0,0,1,26.0,18.0,voiture,deux_roues,1,2,1,2,2
202400048667,2024-01-05 19:50:00,2024,1,5,19,50,62,62178,D188,50.49493736,2.57400121,Nuit avec éclairage allumé,En agglomération,Hors intersection,Normale,Autre collision,3,1,1,0,1,1,2,0,6,50,1,2,1,0,0,1,,,voiture,,5,2,1,1,6
202400048668,2024-05-05 22:25:00,2024,5,5,22,25,92,92023,GENERAL DE GAULLE (AV DU) N°130 A 340 ET,48.78343224,2.24666825,Nuit avec éclairage allumé,En agglomération,Autre intersection,Normale,Deux véhicules - côté,3,2,4,0,1,1,2,0,1,50,2,2,1,0,0,1,21.0,25.0,voiture,deux_roues,5,2,9,1,3
202400048668,2024-05-05 22:25:00,2024,5,5,22,25,92,92023,GENERAL DE GAULLE (AV DU) N°130 A 340 ET,48.78343224,2.24666825,Nuit avec éclairage allumé,En agglomération,Autre intersection,Normale,Deux véhicules - côté,3,2,2,0,1,1,2,0,1,50,2,2,1,0,0,1,21.0,25.0,voiture,deux_roues,5,2,9,1,3
202400048669,2024-03-30 04:45:00,2024,3,30,4,45,49,49023,Le Château de la Gautrêche (La Jubaudière),47.172437,-0.884383,Nuit sans éclairage public,En agglomération,Hors intersection,Normale,Autre collision,4,2,1,0,1,1,2,0,3,50,1,5,3,0,0,2,23.0,,utilitaire_camion,,3,2,1,1,6
202400048670,2024-01-05 14:30:00,2024,1,5,14,30,62,62753,Rue des Rosati,50.29529373,2.79143572,Plein jour,En agglomération,Giratoire,Normale,Deux véhicules - côté,4,1,0,0,1,3,1,9,1,30,2,2,1,0,1,0,26.0,21.0,utilitaire_camion,deux_roues,1,2,6,1,3
202400048670,2024-01-05 14:30:00,2024,1,5,14,30,62,62753,Rue des Rosati,50.29529373,2.79143572,Plein jour,En agglomération,Giratoire,Normale,Deux véhicules - côté,4,2,0,0,1,3,1,0,1,30,2,2,1,0,1,0,26.0,21.0,utilitaire_camion,deux_roues,1,2,6,1,3
202400048671,2024-05-06 21:25:00,2024,5,6,21,25,60,60040,Intersection D152 / D101,49.41521935,2.6003259,Nuit sans éclairage public,Hors agglomération,Intersection en X,Normale,Deux véhicules - côté,3,2,2,0,1,1,1,0,1,80,2,2,0,0,2,0,20.0,59.0,voiture,voiture,3,1,2,1,3
202400048671,2024-05-06 21:25:00,2024,5,6,21,25,60,60040,Intersection D152 / D101,49.41521935,2.6003259,Nuit sans éclairage public,Hors agglomération,Intersection en X,Normale,Deux véhicules - côté,3,2, -1,-1,1,1,1,0,1,-1,2,2,0,0,2,0,20.0,59.0,voiture,voiture,3,1,2,1,3
202400048672,2024-03-30 18:00:00,2024,3,30,18,0,94,94034,A86,48.75762305,2.32812012,Plein jour,Hors agglomération,Hors intersection,Normale,Trois véhicules et plus - collisions multiples,1,3,2,0,1,1,1,1,1,70,3,3,2,0,0,1,24.0,31.0,voiture,voiture,1,1,1,1,5
202400048673,2024-01-05 19:00:00,2024,1,5,19,0,59,59284,CD 40,50.41963,3.407,Nuit sans éclairage public,Hors agglomération,Autre intersection,Pluie légère,Deux véhicules - côté,3,2,2,0,1,1,2,9,1,50,2,2,1,0,1,0,19.0,26.0,deux_roues,voiture,3,1,9,2,3
202400048674,2024-05-05 16:55:00,2024,5,5,16,55,35,35139,21 Rue du Point du Jour,47.978323,-1.716819,Plein jour,En agglomération,Hors intersection,Normale,Deux véhicules - côté,7,2,2,0,1,1,2,0,1,50,2,3,2,0,0,1,44.0,5.0,voiture,deux_roues,1,2,1,1,3
202400048675,2024-03-30 13:45:00,2024,3,30,13,45,94,94021,A6A,48.76219453,2.34079795,Plein jour,Hors agglomération,Hors intersection,Normale,Autre collision,1,1,10,0,1,1,1,0,1,110,1,1,0,0,0,1,53.0,,voiture,,1,1,1,1,6
202400048676,2024-01-05 16:25:00,2024,1,5,16,25,59,59426,TOURCOING (RUE DE),50.746068,3.157887,Plein jour,En agglomération,Hors intersection,Pluie légère,Autre collision,4,-1,1,0,1,1,2,0,1,50,3,3,2,0,0,1,35.0,69.0,voiture,voiture,1,2,1,2,6
202400048677,2024-04-29 10:30:00,2024,4,29,10,30,47,47080,2490 route de villeréal,44.608714,0.794824,Plein jour,Hors agglomération,Hors intersection,Normale,Deux véhicules - côté,4,2,2,0,1,3,1,0,1,80,2,2,1,0,1,0,94.0,56.0,voiture,deux_roues,1,1,1,1,3
202400048678,2024-05-06 08:15:00,2024,5,6,8,15,71,71227,15 Rue Pierre et Marie Curie,46.675683,3.9110834,Plein jour,En agglomération,Hors intersection,Pluie forte,Autre collision,3,2,2,0,2,1,2,0,4,50,1,1,0,1,0,0,,,,,1,2,1,3,6
202400048679,2024-03-30 02:14:00,2024,3,30,2,14,91,91689,AUTOROUTE A6B,48.74607787,2.32571661,Nuit sans éclairage public,Hors agglomération,Hors intersection,Pluie légère,Deux véhicules - arrière,1,2,3,0,1,1,2,0,1,100,2,3,1,0,0,2,,40.0,voiture,voiture,3,1,1,2,2
202400048680,2024-01-05 13:05:00,2024,1,5,13,5,59,59599,Boulevard Gambetta,50.711652,3.159233,Plein jour,En agglomération,Hors intersection,Pluie légère,Deux véhicules - côté,7,-1,1,0,1,1,2,0,1,50,2,2,1,0,0,1,58.0,22.0,voiture,deux_roues,1,2,1,2,3
202400048681,2024-05-07 00:20:00,2024,5,7,0,20,95,95487,D4Z,49.15198257,2.26888061,Nuit sans éclairage public,En agglomération,Hors intersection,Normale,Deux véhicules - frontale,3,2,2,0,1,1,1,0,1,50,2,5,3,0,1,1,20.0,31.0,voiture,voiture,3,2,1,1,1
202400048682,2024-03-29 16:45:00,2024,3,29,16,45,91,91161,AUTOROUTE A6,48.70061031,2.31006861,Plein jour,Hors agglomération,Hors intersection,Pluie légère,Deux véhicules - arrière,1,3,3,0,1,1,2,0,1,110,2,2,1,0,0,1,40.0,30.0,voiture,utilitaire_camion,1,1,1,2,2
202400048683,2024-01-03 13:00:00,2024,1,3,13,0,57,57630,BELLEVUE (DE),48.740811,7.074128,Plein jour,En agglomération,Intersection en X,Pluie forte,Autre collision,3,2,2,0,1,1,2,0,1,50,3,3,2,0,0,1,61.0,28.0,voiture,utilitaire_camion,1,2,2,3,6
202400048683,2024-01-03 13:00:00,2024,1,3,13,0,57,57630,BELLEVUE (DE),48.740811,7.074128,Plein jour,En agglomération,Intersection en X,Pluie forte,Autre collision,3,2,2,0,1,1,2,0,1,50,3,3,2,0,0,1,61.0,28.0,voiture,utilitaire_camion,1,2,2,3,6
202400048684,2024-05-04 11:20:00,2024,5,4,11,20,974,97422,8 Rue Jean de Fos du Rau,-21.226477,55.551242,Plein jour,En agglomération,Hors intersection,Normale,Autre collision,2,2,2,0,2,1,1,0,3,50,1,1,0,0,0,1,33.0,,deux_roues,,1,2,1,1,6
202400048685,2024-03-30 10:18:00,2024,3,30,10,18,78,78545,RN12,48.789613,2.069696,Plein jour,Hors agglomération,Hors intersection,Pluie légère,Deux véhicules - arrière,2,-1,3,0,1,1,2,0,1,110,2,4,3,0,0,1,30.0,43.0,voiture,voiture,1,1,1,2,2
202400048686,2024-05-05 14:40:00,2024,5,5,14,40,01,01173,Route de la Faucille,46.358598,6.052952,Plein jour,Hors agglomération,Hors intersection,Normale,Deux véhicules - arrière,3,2,2,0,2,2,1,0,1,80,2,3,2,0,0,1,30.0,57.0,deux_roues,voiture,1,1,1,1,2
202400048687,2024-01-05 15:40:00,2024,1,5,15,40,57,57751,FERDINAND SECHEHAYE (RUE ),49.14967618,6.16644144,Plein jour,En agglomération,Hors intersection,Normale,Deux véhicules - arrière,4,1,1,0,1,1,1,0,1,30,2,2,1,0,0,1,34.0,49.0,deux_roues,utilitaire_camion,1,2,1,1,2
202400048688,2024-05-06 18:55:00,2024,5,6,18,55,68,68315,Rue de la Marne,47.889183,7.229691,Plein jour,En agglomération,Hors intersection,Normale,Autre collision,4,2,2,0,1,3,1,0,4,50,1,4,0,0,0,4,47.0,,voiture,,1,2,1,1,6
202400048689,2024-03-30 10:28:00,2024,3,30,10,28,78,78206,A13,48.957461,1.93488,Plein jour,Hors agglomération,Hors intersection,Pluie légère,Deux véhicules - arrière,1,-1,3,0,2,1,2,0,1,110,2,2,1,0,0,1,23.0,62.0,deux_roues,voiture,1,1,1,2,2
202400048690,2024-01-04 12:25:00,2024,1,4,12,25,54,54395,Rue Raymond Poincaré,48.69103061,6.1751546,Plein jour,En agglomération,Intersection en X,Temps couvert,Autre collision,4,1,2,0,1,1,2,-1,1,30,2,2,1,0,0,1,20.0,21.0,voiture,deux_roues,1,2,2,8,6
202400048690,2024-01-04 12:25:00,2024,1,4,12,25,54,54395,Rue Raymond Poincaré,48.69103061,6.1751546,Plein jour,En agglomération,Intersection en X,Temps couvert,Autre collision,4,1,3,3,1,1,2,0,1,30,2,2,1,0,0,1,20.0,21.0,voiture,deux_roues,1,2,2,8,6
202400048691,2024-05-05 15:45:00,2024,5,5,15,45,76,76228,rue des frenes,49.658971,0.808192,Plein jour,Hors agglomération,Hors intersection,Normale,Sans collision,4,2,2,0,1,2,1,0,3,80,1,1,0,0,0,1,16.0,,deux_roues,,1,1,1,1,7
202400048692,2024-03-30 00:50:00,2024,3,30,0,50,95,95252,A15,48.98070131,2.22524483,Nuit sans éclairage public,Hors agglomération,Hors intersection,Pluie forte,Autre collision,1,3,6,0,1,1,2,0,1,110,1,1,0,0,0,1,38.0,,deux_roues,,3,1,1,3,6
202400048693,2024-01-05 14:40:00,2024,1,5,14,40,49,49007,MILLOT BOULEVARD JACQUES,47.45314,-0.53868,Plein jour,En agglomération,Hors intersection,Normale,Deux véhicules - côté,4,2,2,0,1,1,1,0,1,30,2,3,1,0,0,2,82.0,48.0,voiture,deux_roues,1,2,1,1,3
202400048694,2024-05-07 09:00:00,2024,5,7,9,0,12,12120,Les Planquettes,44.394715,2.827703,Plein jour,Hors agglomération,Hors intersection,Pluie forte,Deux véhicules - frontale,3,2,2,0,1,3,2,0,1,90,2,2,1,0,1,0,56.0,37.0,voiture,deux_roues,1,1,1,3,1
202400048695,2024-03-29 12:00:00,2024,3,29,12,0,92,92036,AUTOROUTE A15,48.94812669,2.28085243,Plein jour,Hors agglomération,Hors intersection,Normale,Trois véhicules et plus - en chaîne,1,3,8,0,1,1,1,2,1,90,3,3,2,0,0,1,36.0,57.0,voiture,voiture,1,1,1,1,4
202400048696,2024-05-06 17:50:00,2024,5,6,17,50,68,68338,Chemin du Boland,48.090971,7.286171,Plein jour,En agglomération,Hors intersection,Normale,Sans collision,4,2,2,0,4,1,1,0,1,30,1,1,0,0,1,0,38.0,,deux_roues,,1,2,1,1,7
202400048697,2024-01-05 04:55:00,2024,1,5,4,55,49,49007,FAURE QUAI,47.48281,-0.54929,Nuit avec éclairage allumé,En agglomération,Hors intersection,Normale,Autre collision,3,2,2,0,1,1,2,0,3,50,1,4,1,0,1,2,27.0,,voiture,,5,2,1,1,6
202400048698,2024-03-30 17:33:00,2024,3,30,17,33,77,77514,A104,48.94065417,2.62841122,Plein jour,Hors agglomération,Hors intersection,Normale,Deux véhicules - côté,1,-1,2,0,2,1,1,0,1,90,2,3,1,0,0,2,28.0,49.0,voiture,deux_roues,1,1,1,1,3
202400048699,2024-05-07 07:20:00,2024,5,7,7,20,03,03048,D953,46.630447,2.771164,Plein jour,Hors agglomération,Hors intersection,Temps couvert,Deux véhicules - arrière,3,2,2,0,2,3,2,0,1,90,2,2,1,0,1,0,53.0,80.0,voiture,voiture,1,1,1,8,2
202400048700,2024-01-05 14:55:00,2024,1,5,14,55,45,45208,D961 PR 0 + 60,47.994117,2.731601,Plein jour,En agglomération,Intersection en T,Normale,Deux véhicules - côté,3,2,2,0,1,1,1,0,1,50,2,2,1,0,0,1,25.0,42.0,voiture,voiture,1,2,3,1,3
202400048700,2024-01-05 14:55:00,2024,1,5,14,55,45,45208,D961 PR 0 + 60,47.994117,2.731601,Plein jour,En agglomération,Intersection en T,Normale,Deux véhicules - côté,3,2,2,-1,1,1,1,0,1,-1,2,2,1,0,0,1,25.0,42.0,voiture,voiture,1,2,3,1,3
202400048701,2024-01-05 10:45:00,2024,1,5,10,45,45,45208,104 Rue André Coquillet,47.989396,2.732386,Plein jour,En agglomération,Hors intersection,Normale,Autre collision,3,2,2,0,1,1,1,0,1,50,1,2,1,0,0,1,73.0,,voiture,,1,2,1,1,6
202400048702,2024-05-07 07:45:00,2024,5,7,7,45,01,01319,intersection route de Chapolard / RD 936,46.098884,4.930254,Plein jour,Hors agglomération,Intersection en X,Pluie légère,Deux véhicules - arrière,3,2,2,0,1,1,2,0,1,80,2,3,2,0,0,1,35.0,25.0,voiture,utilitaire_camion,1,1,2,2,2
202400048702,2024-05-07 07:45:00,2024,5,7,7,45,01,01319,intersection route de Chapolard / RD 936,46.098884,4.930254,Plein jour,Hors agglomération,Intersection en X,Pluie légère,Deux véhicules - arrière,3,2,2,0,1,1,2,0,1,80,2,3,2,0,0,1,35.0,25.0,voiture,utilitaire_camion,1,1,2,2,2
202400048703,2024-03-29 21:20:00,2024,3,29,21,20,974,97416,LEBLOND 1 (RUE MARIUS ET ARY),-21.33848,55.47721,Nuit avec éclairage allumé,En agglomération,Intersection en X,Normale,Deux véhicules - côté,4,1,2,0,1,1,1,0,1,50,2,4,2,0,0,2,30.0,27.0,voiture,voiture,5,2,2,1,3
202400048703,2024-03-29 21:20:00,2024,3,29,21,20,974,97416,LEBLOND 1 (RUE MARIUS ET ARY),-21.33848,55.47721,Nuit avec éclairage allumé,En agglomération,Intersection en X,Normale,Deux véhicules - côté,4,1,2,0,2,1,1,0,1,50,2,4,2,0,0,2,30.0,27.0,voiture,voiture,5,2,2,1,3
202400048704,2024-05-06 07:30:00,2024,5,6,7,30,14,14085,Route du Château Malou,49.253944,0.33165,Plein jour,En agglomération,Hors intersection,Pluie légère,Autre collision,3,2,1,0,1,2,2,0,3,70,1,1,0,0,1,0,19.0,,voiture,,1,2,1,2,6
202400048705,2024-05-06 19:00:00,2024,5,6,19,0,64,64405,4 Route de Lembeye,43.352746,-0.254708,Plein jour,Hors agglomération,Hors intersection,Normale,Deux véhicules - côté,3,2,2,0,2,1,1,0,1,80,2,2,0,1,0,1,73.0,56.0,voiture,deux_roues,1,1,1,1,3
202400048706,2024-03-29 22:05:00,2024,3,29,22,5,974,97411,CAMELIAS (RUE DES),-20.89701,55.46522,Nuit avec éclairage allumé,En agglomération,Hors intersection,Normale,Autre collision,4,1,1,0,2,2,1,0,1,50,1,3,2,0,0,1,23.0,,voiture,,5,2,1,1,6
202400048707,2024-05-07 16:55:00,2024,5,7,16,55,43,43012,Route de Firminy,45.37685092,4.2171511,Plein jour,Hors agglomération,Hors intersection,Normale,Deux véhicules - arrière,3,2,2,0,1,1,1,5,1,90,2,2,1,0,1,0,32.0,43.0,deux_roues,voiture,1,1,1,1,2
202400048708,2024-01-03 13:15:00,2024,1,3,13,15,39,39300,Route de Voiteur,46.688254,5.562962,Plein jour,En agglomération,Autre intersection,Normale,Deux véhicules - côté,3,2,2,0,1,2,2,5,8,50,2,2,1,0,0,1,84.0,62.0,voiture,voiture,1,2,9,1,3
202400048708,2024-01-03 13:15:00,2024,1,3,13,15,39,39300,Route de Voiteur,46.688254,5.562962,Plein jour,En agglomération,Autre intersection,Normale,Deux véhicules - côté,3,2,2,0,2,2,2,5,1,50,2,2,1,0,0,1,84.0,62.0,voiture,voiture,1,2,9,1,3
202400048709,2024-03-29 20:20:00,2024,3,29,20,20,973,97302,14 ET 22 JUIN 1962,4.93636053,-52.32771456,Nuit avec éclairage allumé,En agglomération,Hors intersection,Pluie légère,Deux véhicules - côté,4,2,2,0,1,1,2,0,1,50,2,2,1,0,0,1,71.0,22.0,voiture,deux_roues,5,2,1,2,3
202400048710,2024-05-03 19:50:00,2024,5,3,19,50,36,36146,La Rouillere,46.45948443,1.71754129,Plein jour,Hors agglomération,Hors intersection,Normale,Autre collision,3,2,2,0,1,1,1,0,1,80,1,1,0,0,1,0,50.0,,deux_roues,,1,1,1,1,6
202400048711,2024-01-02 15:10:00,2024,1,2,15,10,39,39300,445 Rue du Château d'Eau,46.678864,5.571128,Plein jour,En agglomération,Intersection en T,Normale,Deux véhicules - côté,4,2,2,0,1,1,1,0,1,50,2,2,1,0,0,1,60.0,41.0,voiture,deux_roues,1,2,3,1,3
202400048711,2024-01-02 15:10:00,2024,1,2,15,10,39,39300,445 Rue du Château d'Eau,46.678864,5.571128,Plein jour,En agglomération,Intersection en T,Normale,Deux véhicules - côté,4,2,2,0,1,3,1,0,1,50,2,2,1,0,0,1,60.0,41.0,voiture,deux_roues,1,2,3,1,3
202400048712,2024-03-29 09:55:00,2024,3,29,9,55,973,97302,MARINGOUINS (ROND-POINT),4.90772665,-52.32258081,Plein jour,Hors agglomération,Hors intersection,Pluie légère,Deux véhicules - côté,2,1,2,0,1,1,2,0,1,90,2,3,2,0,0,1,23.0,28.0,voiture,voiture,1,1,1,2,3
202400048713,2024-05-06 17:00:00,2024,5,6,17,0,24,24581,Place du 19 Mars 1962,45.022344,0.542262,Plein jour,En agglomération,Giratoire,Temps couvert,Deux véhicules - côté,3,1,2,0,1,2,2,0,1,50,2,2,1,0,1,0,90.0,74.0,voiture,deux_roues,1,2,6,8,3
202400048714,2024-03-29 07:35:00,2024,3,29,7,35,69,69383,Avenue Lacassagne,45.75277,4.86952,Plein jour,En agglomération,Intersection en X,Normale,Autre collision,4,2,2,0,1,1,1,0,1,30,1,2,1,0,0,1,19.0,,voiture,,1,2,2,1,6
202400048714,2024-03-29 07:35:00,2024,3,29,7,35,69,69383,Avenue Lacassagne,45.75277,4.86952,Plein jour,En agglomération,Intersection en X,Normale,Autre collision,4,2,3,3,1,1,1,0,1,30,1,2,1,0,0,1,19.0,,voiture,,1,2,2,1,6
202400048715,2024-01-05 20:45:00,2024,1,5,20,45,35,35238,LORIENT (DE),48.10705,-1.72658,Nuit avec éclairage allumé,En agglomération,Hors intersection,Normale,Trois véhicules et plus - collisions multiples,2,3,4,3,1,1,2,0,1,50,4,4,3,0,0,1,32.0,24.0,voiture,voiture,5,2,1,1,5
202400048716,2024-05-07 10:45:00,2024,5,7,10,45,04,04088,457 Route de Mane,43.948285,5.772285,Plein jour,En agglomération,Hors intersection,Normale,Autre collision,3,2,2,0,1,1,1,0,1,70,3,4,1,0,2,1,28.0,76.0,voiture,voiture,1,2,1,1,6
202400048717,2024-03-29 13:35:00,2024,3,29,13,35,972,97209,ARAWAKS (AVENUE DES),14.61912,-61.0407,Plein jour,En agglomération,Hors intersection,Normale,Deux véhicules - côté,3,2,2,0,3,2,1,0,1,30,2,2,1,0,1,0,37.0,36.0,deux_roues,voiture,1,2,1,1,3
202400048718,2024-01-04 17:58:00,2024,1,4,17,58,34,34172,RAVAZ (AVENUE DU PROFESSEUR LOUIS,43.6222,3.84582,Crépuscule ou aube,En agglomération,Hors intersection,Normale,Autre collision,4,2,2,0,1,1,1,0,1,50,1,2,1,0,0,1,29.0,,voiture,,2,2,1,1,6
202400048719,2024-03-29 11:00:00,2024,3,29,11,0,69,69382,4 Place des Jacobins,45.76026,4.83334,Plein jour,En agglomération,Hors intersection,Normale,Autre collision,4,1,2,0,1,1,1,0,1,30,1,3,2,0,0,1,74.0,,voiture,,1,2,1,1,6
202400048720,2024-05-06 16:08:00,2024,5,6,16,8,27,27630,D613,49.133204,0.801941,Plein jour,Hors agglomération,Hors intersection,Normale,Deux véhicules - frontale,3,4,3,0,1,1,1,0,1,80,2,5,1,2,2,0,70.0,65.0,utilitaire_camion,voiture,1,1,1,1,1