accident_id,datetime,annee,mois,jour,heure,minute,departement,commune_insee,adresse,latitude,longitude,luminosite,agglomeration,intersection,meteo,collision,catr,circ,nbv,vosp,prof,plan,surf,infra,situ,vma,nb_vehicules,nb_usagers,nb_indemnes,nb_tues,nb_blesses_hosp,nb_blesses_legers,age_cond_1,age_cond_2,veh_type_cond_1,veh_type_cond_2,lum_code,agg_code,int_code,atm_code,col_code
202400048721,2024-01-05 19:10:00,2024,1,5,19,10,33,33249,,44.86738,-0.50738,Nuit avec éclairage allumé,En agglomération,Hors intersection,Normale,Trois véhicules et plus - en chaîne,4,3,4,2,1,1,1,5,1,50,3,7,2,0,0,5,,37.0,voiture,voiture,5,2,1,1,4
202400048722,2024-05-07 14:00:00,2024,5,7,14,0,37,37272,D7,47.341484,0.514244,Plein jour,En agglomération,Hors intersection,Normale,Autre collision,3,2,2,0,1,1,1,0,1,50,1,2,1,0,1,0,64.0,,voiture,,1,2,1,1,6
202400048723,2024-03-29 20:27:00,2024,3,29,20,27,2B,2B037,TOUTES RUES,42.62769,9.43068,Nuit avec éclairage allumé,En agglomération,Intersection en X,Normale,Deux véhicules - côté,4,2,2,0,1,1,1,0,1,30,2,2,1,0,0,1,28.0,21.0,voiture,utilitaire_camion,5,2,2,1,3
202400048724,2024-05-07 09:50:00,2024,5,7,9,50,48,48016,D31,44.45533,3.465017,Plein jour,Hors agglomération,Hors intersection,Pluie légère,Autre collision,3,2,2,0,1,2,2,0,3,90,1,2,1,0,1,0,20.0,,voiture,,1,1,1,2,6
202400048725,2024-03-28 16:14:00,2024,3,28,16,14,2B,2B033,TOUTES RUES,42.4211,9.2648,Plein jour,En agglomération,Intersection en T,Normale,Autre collision,3,-1,1,0,2,1,1,9,8,50,1,2,1,0,0,1,56.0,,utilitaire_camion,,1,2,3,1,6
202400048725,2024-03-28 16:14:00,2024,3,28,16,14,2B,2B033,TOUTES RUES,42.4211,9.2648,Plein jour,En agglomération,Intersection en T,Normale,Autre collision,3,2,1,0,2,1,1,0,8,1,1,2,1,0,0,1,56.0,,utilitaire_camion,,1,2,3,1,6
202400048726,2024-01-05 18:15:00,2024,1,5,18,15,33,33200,,44.87322,-0.67807,Nuit avec éclairage allumé,En agglomération,Intersection en X,Normale,Deux véhicules - frontale,4,2,2,0,1,1,1,5,1,30,2,3,2,0,0,1,35.0,39.0,voiture,deux_roues,5,2,2,1,1
202400048726,2024-01-05 18:15:00,2024,1,5,18,15,33,33200,,44.87322,-0.67807,Nuit avec éclairage allumé,En agglomération,Intersection en X,Normale,Deux véhicules - frontale,4,2,2,0,1,1,1,5,1,30,2,3,2,0,0,1,35.0,39.0,voiture,deux_roues,5,2,2,1,1
202400048727,2024-05-07 11:09:00,2024,5,7,11,9,95,95394,D44,49.05479935,2.17663444,Plein jour,En agglomération,Hors intersection,Normale,Sans collision,3,2,2,0,1,2,1,0,3,50,1,1,0,0,0,1,23.0,,deux_roues,,1,2,1,1,7
202400048728,2024-03-28 21:30:00,2024,3,28,21,30,971,97101,LYCEE DE BAIMBRIDGE,16.2472,-61.52647,Nuit avec éclairage allumé,Hors agglomération,Hors intersection,Normale,Autre collision,2,2,2,0,2,2,1,2,1,50,1,1,0,0,0,1,44.0,,voiture,,5,1,1,1,6
202400048729,2024-01-05 14:35:00,2024,1,5,14,35,33,33119,,44.8604078,-0.51489025,Plein jour,En agglomération,Intersection en T,Normale,Deux véhicules - arrière,4,3,2,0,1,1,1,0,1,50,2,2,1,0,0,1,24.0,87.0,voiture,voiture,1,2,3,1,2
202400048729,2024-01-05 14:35:00,2024,1,5,14,35,33,33119,,44.8604078,-0.51489025,Plein jour,En agglomération,Intersection en T,Normale,Deux véhicules - arrière,4,1,1,0,1,1,1,0,1,50,2,2,1,0,0,1,24.0,87.0,voiture,voiture,1,2,3,1,2
202400048730,2024-05-04 09:00:00,2024,5,4,9,0,13,13069,D572,43.625902,5.15527,Plein jour,En agglomération,Giratoire,Normale,Deux véhicules - arrière,3,1,2,0,1,1,1,0,1,-1,2,2,1,0,1,0,48.0,92.0,voiture,autre,1,2,6,1,2
202400048731,2024-01-05 12:00:00,2024,1,5,12,0,33,33063,,44.82828,-0.557272,Plein jour,En agglomération,Passage à niveau,Normale,Autre collision,4,1,1,3,1,1,1,4,6,50,1,2,1,1,0,0,54.0,,transport_commun,,1,2,8,1,6
202400048731,2024-01-05 12:00:00,2024,1,5,12,0,33,33063,,44.82828,-0.557272,Plein jour,En agglomération,Passage à niveau,Normale,Autre collision,4,1,2,0,1,1,1,4,6,50,1,2,1,1,0,0,54.0,,transport_commun,,1,2,8,1,6
202400048732,2024-01-04 19:55:00,2024,1,4,19,55,30,30007,RENARD (RUE JULES),44.13263,4.09792,Nuit avec éclairage allumé,En agglomération,Intersection en T,Normale,Deux véhicules - côté,4,2,2,0,1,1,1,9,1,50,2,4,2,0,0,2,20.0,20.0,voiture,voiture,5,2,3,1,3
202400048732,2024-01-04 19:55:00,2024,1,4,19,55,30,30007,RENARD (RUE JULES),44.13263,4.09792,Nuit avec éclairage allumé,En agglomération,Intersection en T,Normale,Deux véhicules - côté,4,1,1,0,1,1,1,0,1,50,2,4,2,0,0,2,20.0,20.0,voiture,voiture,5,2,3,1,3
202400048733,2024-03-27 18:45:00,2024,3,27,18,45,91,91657,AV HENRI BARBUSSE,48.70247,2.42782,Plein jour,En agglomération,Intersection en X,Normale,Deux véhicules - côté,3,3,4,0,1,1,1,0,1,50,2,2,1,0,0,1,34.0,57.0,deux_roues,voiture,1,2,2,1,3
202400048733,2024-03-27 18:45:00,2024,3,27,18,45,91,91657,AV HENRI BARBUSSE,48.70247,2.42782,Plein jour,En agglomération,Intersection en X,Normale,Deux véhicules - côté,3,2,2,0,1,1,1,0,1,50,2,2,1,0,0,1,34.0,57.0,deux_roues,voiture,1,2,2,1,3
202400048734,2024-05-03 20:40:00,2024,5,3,20,40,06,06152,5157 Route du Parc,43.609482,7.052246,Nuit sans éclairage public,Hors agglomération,Hors intersection,Normale,Autre collision,3,1,2,0,2,3,9,8,1,50,1,1,0,0,1,0,59.0,,deux_roues,,3,1,1,1,6
202400048735,2024-05-07 12:30:00,2024,5,7,12,30,42,42279,Boulevard Jean Jaurès,45.514692,4.263403,Plein jour,En agglomération,Hors intersection,Pluie légère,Trois véhicules et plus - collisions multiples,3,2,2,0,1,1,2,0,1,50,3,3,0,1,0,2,27.0,48.0,voiture,deux_roues,1,2,1,2,5
202400048736,2024-01-04 12:00:00,2024,1,4,12,0,27,27229,MENDES FRANCE (RUE PIERRE),49.03071,1.15092,Plein jour,En agglomération,Hors intersection,Normale,Autre collision,4,2,2,0,1,1,1,0,1,50,1,2,1,0,0,1,52.0,,voiture,,1,2,1,1,6
202400048737,2024-03-29 20:57:00,2024,3,29,20,57,91,91228,RUE LEOPOLD SEDAR SENGHOR,48.62595,2.42546,Nuit avec éclairage allumé,En agglomération,Intersection en T,Pluie forte,Deux véhicules - côté,4,2,2,0,1,1,2,0,1,50,2,3,2,0,0,1,23.0,19.0,voiture,voiture,5,2,3,3,3
202400048737,2024-03-29 20:57:00,2024,3,29,20,57,91,91228,RUE LEOPOLD SEDAR SENGHOR,48.62595,2.42546,Nuit avec éclairage allumé,En agglomération,Intersection en T,Pluie forte,Deux véhicules - côté,4,2,2,0,1,1,2,0,1,50,2,3,2,0,0,1,23.0,19.0,voiture,voiture,5,2,3,3,3
202400048738,2024-05-07 13:45:00,2024,5,7,13,45,24,24291,Rd 704 PK055.696,45.060137,1.195471,Plein jour,Hors agglomération,Hors intersection,Normale,Deux véhicules - frontale,3,2,2,0,1,1,1,0,1,90,2,2,1,1,0,0,23.0,87.0,utilitaire_camion,voiture,1,1,1,1,1
202400048739,2024-03-28 13:30:00,2024,3,28,13,30,30,30351,Rue de la Monnaie,43.96039,4.79303,Plein jour,En agglomération,Hors intersection,Normale,Sans collision,4,-1,1,0,1,1,1,9,8,10,1,2,1,0,0,1,74.0,,voiture,,1,2,1,1,7
202400048740,2024-01-03 16:20:00,2024,1,3,16,20,21,21166,Avenue Roland Carraz,47.290103,5.014266,Plein jour,En agglomération,Hors intersection,Pluie légère,Deux véhicules - arrière,7,1,2,3,1,1,2,0,1,50,2,3,2,0,1,0,73.0,28.0,voiture,deux_roues,1,2,1,2,2
202400048741,2024-05-07 11:20:00,2024,5,7,11,20,38,38449,D76,45.639643,5.088011,Plein jour,Hors agglomération,Hors intersection,Normale,Trois véhicules et plus - collisions multiples,3,2,2,0,1,3,1,0,1,80,3,4,2,0,0,2,21.0,22.0,utilitaire_camion,utilitaire_camion,1,1,1,1,5
202400048742,2024-01-05 19:35:00,2024,1,5,19,35,17,17300,Avenue Carnot,46.164719,-1.182572,Nuit avec éclairage non allumé,En agglomération,Hors intersection,Normale,Autre collision,4,-1,2,0,1,1,1,0,1,30,1,2,1,0,1,0,61.0,,voiture,,4,2,1,1,6
202400048743,2024-03-29 13:25:00,2024,3,29,13,25,83,83126,LA SEYNE A OLLIOULES (CHEMIN DE),43.10976,5.85748,Plein jour,En agglomération,Giratoire,Normale,Deux véhicules - côté,3,3,4,0,1,1,1,0,1,70,2,2,1,0,1,0,64.0,44.0,voiture,deux_roues,1,2,6,1,3
202400048744,2024-01-05 13:12:00,2024,1,5,13,12,17,17300,COURBE   RUE DE LA PETITE,46.145244,-1.134675,Plein jour,En agglomération,Hors intersection,Normale,Sans collision,4,2,2,0,1,1,1,0,3,50,1,1,0,1,0,0,63.0,,utilitaire_camion,,1,2,1,1,7
202400048745,2024-03-27 19:50:00,2024,3,27,19,50,83,83034,CD559,43.108762,6.04697084,Nuit avec éclairage allumé,Hors agglomération,Giratoire,Normale,Autre collision,3,-1,2,0,1,3,1,5,1,50,1,2,1,0,1,0,24.0,,voiture,,5,1,6,1,6
202400048746,2024-02-13 13:30:00,2024,2,13,13,30,978,97801,R DU PORT,18.078438,-63.080052,Plein jour,En agglomération,Hors intersection,Normale,Deux véhicules - côté,4,2,2,0,1,1,1,0,8,50,2,2,1,0,0,1,32.0,54.0,voiture,deux_roues,1,2,1,1,3
202400048747,2024-01-05 14:18:00,2024,1,5,14,18,14,14366,24 Rue Roger Aini,49.14352,0.24684,Plein jour,En agglomération,Hors intersection,Normale,Deux véhicules - côté,4,2,2,0,1,1,1,0,1,50,2,2,1,0,1,0,33.0,84.0,utilitaire_camion,voiture,1,2,1,1,3
202400048748,2024-05-06 14:30:00,2024,5,6,14,30,971,97124,Route de Bologne,16.014796,-61.718965,Plein jour,Hors agglomération,Hors intersection,Normale,Autre collision,3,2,2,0,2,1,1,0,3,80,1,1,0,0,1,0,63.0,,voiture,,1,1,1,1,6
202400048749,2024-01-05 10:52:00,2024,1,5,10,52,14,14118,53 Rue de Vaucelles,49.17516,-0.35372,Plein jour,En agglomération,Giratoire,Normale,Deux véhicules - frontale,4,1,1,0,1,1,1,0,1,50,2,2,0,0,0,2,90.0,19.0,voiture,deux_roues,1,2,6,1,1
202400048749,2024-01-05 10:52:00,2024,1,5,10,52,14,14118,53 Rue de Vaucelles,49.17516,-0.35372,Plein jour,En agglomération,Giratoire,Normale,Deux véhicules - frontale,4,-1,2,0,1,1,1,0,1,50,2,2,0,0,0,2,90.0,19.0,voiture,deux_roues,1,2,6,1,1
202400048750,2024-05-07 11:50:00,2024,5,7,11,50,83,83027,85 chemin de la cadiere à Bandol,43.16824059,5.76981501,Plein jour,En agglomération,Hors intersection,Normale,Deux véhicules - côté,3,2,2,0,1,1,1,0,1,-1,2,2,1,0,0,1,57.0,72.0,deux_roues,voiture,1,2,1,1,3
202400048751,2024-03-29 09:25:00,2024,3,29,9,25,81,81163,FOCH,43.50019,2.3766,Plein jour,En agglomération,Autre intersection,Normale,Deux véhicules - frontale,3,2,2,0,1,1,1,9,1,50,2,3,1,0,0,2,15.0,61.0,deux_roues,utilitaire_camion,1,2,9,1,1
202400048751,2024-03-29 09:25:00,2024,3,29,9,25,81,81163,FOCH,43.50019,2.3766,Plein jour,En agglomération,Autre intersection,Normale,Deux véhicules - frontale,3,2, -1,-1,1,1,1,5,1,50,2,3,1,0,0,2,15.0,61.0,deux_roues,utilitaire_camion,1,2,9,1,1
202400048752,2024-02-17 18:30:00,2024,2,17,18,30,51,51217,Rue du Bac,49.082282,3.652015,Crépuscule ou aube,En agglomération,Hors intersection,Normale,Sans collision,4,2,2,0,2,1,1,0,1,50,1,1,0,0,1,0,51.0,,deux_roues,,2,2,1,1,7
202400048753,2024-05-06 09:50:00,2024,5,6,9,50,57,57701,Départementale 6,49.09440305,6.09608173,Plein jour,Hors agglomération,Hors intersection,Pluie forte,Deux véhicules - arrière,7,2,2,0,1,1,2,0,1,80,2,2,0,0,1,1,74.0,61.0,voiture,voiture,1,1,1,3,2
202400048754,2024-02-17 19:00:00,2024,2,17,19,0,972,97214,Rue Capitaine Laine,14.83241,-61.054518,Nuit avec éclairage allumé,En agglomération,Hors intersection,Normale,Deux véhicules - frontale,2,2,2,0,2,4,1,0,1,50,2,3,2,0,1,0,68.0,,voiture,deux_roues,5,2,1,1,1
202400048755,2024-05-06 18:00:00,2024,5,6,18,0,63,63038,D149,45.50799696,2.92492171,Plein jour,Hors agglomération,Hors intersection,Pluie légère,Sans collision,3,2,2,0,2,2,2,0,3,90,1,1,0,0,1,0,38.0,,deux_roues,,1,1,1,2,7
202400048756,2024-01-05 12:45:00,2024,1,5,12,45,13,13117,LONDRES (AVENUE DE),43.42719,5.23537,Plein jour,En agglomération,Intersection en X,Pluie légère,Deux véhicules - côté,3,1,1,0,3,1,2,5,1,50,2,2,1,0,0,1,38.0,29.0,voiture,voiture,1,2,2,2,3
202400048756,2024-01-05 12:45:00,2024,1,5,12,45,13,13117,LONDRES (AVENUE DE),43.42719,5.23537,Plein jour,En agglomération,Intersection en X,Pluie légère,Deux véhicules - côté,3,2,1,0,1,1,2,0,1,50,2,2,1,0,0,1,38.0,29.0,voiture,voiture,1,2,2,2,3
202400048757,2024-03-29 00:35:00,2024,3,29,0,35,81,81065,VITTOZ (BD.RAYMOND),43.60218,2.24365,Nuit avec éclairage allumé,En agglomération,Intersection en X,Normale,Deux véhicules - côté,4,1,1,0,1,1,1,0,1,50,2,3,1,0,0,2,21.0,25.0,voiture,voiture,5,2,2,1,3
202400048757,2024-03-29 00:35:00,2024,3,29,0,35,81,81065,VITTOZ (BD.RAYMOND),43.60218,2.24365,Nuit avec éclairage allumé,En agglomération,Intersection en X,Normale,Deux véhicules - côté,4,-1,2,0,4,1,1,0,1,50,2,3,1,0,0,2,21.0,25.0,voiture,voiture,5,2,2,1,3
202400048758,2024-02-18 09:00:00,2024,2,18,9,0,972,97221,Route Nationale Rn5 - Rond point PETIT BOURG,14.545204,-60.974808,Plein jour,Hors agglomération,Giratoire,Normale,Deux véhicules - côté,2,3,2,0,1,2,1,5,1,70,2,2,1,0,0,1,,62.0,voiture,deux_roues,1,1,6,1,3
202400048759,2024-05-06 16:00:00,2024,5,6,16,0,38,38381,RD 1006,45.548776,5.509268,Plein jour,Hors agglomération,Hors intersection,Pluie légère,Deux véhicules - côté,3,2,2,0,1,1,2,0,1,80,2,2,1,0,1,0,59.0,26.0,utilitaire_camion,utilitaire_camion,1,1,1,2,3
202400048760,2024-01-04 20:16:00,2024,1,4,20,16,13,13019,ROUTE D’APT,43.44203,5.36128,Nuit sans éclairage public,Hors agglomération,Intersection en T,Normale,Deux véhicules - côté,3,2, -1,-1,1,1,1,0,1,-1,2,2,0,0,0,2,36.0,28.0,voiture,voiture,3,1,3,1,3
202400048760,2024-01-04 20:16:00,2024,1,4,20,16,13,13019,ROUTE D’APT,43.44203,5.36128,Nuit sans éclairage public,Hors agglomération,Intersection en T,Normale,Deux véhicules - côté,3,-1,1,0,1,1,1,0,1,90,2,2,0,0,0,2,36.0,28.0,voiture,voiture,3,1,3,1,3
202400048761,2024-02-18 14:10:00,2024,2,18,14,10,51,51597,D22,49.047475,3.887122,Plein jour,Hors agglomération,Hors intersection,Pluie forte,Sans collision,3,2,2,0,1,2,2,0,8,80,1,1,0,0,0,1,78.0,,voiture,,1,1,1,3,7
202400048762,2024-03-28 13:50:00,2024,3,28,13,50,77,77152,D142,48.50982,2.59925,Plein jour,Hors agglomération,Hors intersection,Normale,Deux véhicules - arrière,3,2,2,0,1,1,1,0,1,50,2,2,1,0,0,1,19.0,35.0,voiture,voiture,1,1,1,1,2
202400048763,2024-05-07 17:05:00,2024,5,7,17,5,27,27448,Rue Edouard Isambard,49.014663,1.383972,Plein jour,En agglomération,Hors intersection,Normale,Autre collision,4,2,2,0,2,1,1,0,1,50,1,2,1,0,0,1,71.0,,voiture,,1,2,1,1,6
202400048764,2024-02-18 02:15:00,2024,2,18,2,15,59,59074,Rue Victor Hugo,50.090771,3.448209,Nuit avec éclairage allumé,En agglomération,Hors intersection,Normale,Deux véhicules - frontale,3,2,2,0,1,3,1,0,4,50,1,1,0,0,0,1,33.0,,voiture,,5,2,1,1,1
202400048765,2024-03-28 15:30:00,2024,3,28,15,30,77,77251,RUE DE PARIS,48.632042,2.551941,Plein jour,En agglomération,Hors intersection,Normale,Autre collision,4,3,1,0,1,1,1,0,4,50,1,2,1,0,0,1,85.0,,voiture,,1,2,1,1,6
202400048766,2024-01-05 13:30:00,2024,1,5,13,30,13,13215,SAINT ANTOINE A SAINT JOSEPH (CHEMIN DE),43.34,5.38,Plein jour,En agglomération,Hors intersection,Pluie forte,Trois véhicules et plus - collisions multiples,4,2,4,0,2,2,2,0,1,50,3,5,0,0,0,5,23.0,49.0,voiture,voiture,1,2,1,3,5
202400048767,2024-02-17 16:00:00,2024,2,17,16,0,19,19123,Rue Du Bac,45.170885,1.568556,Plein jour,En agglomération,Hors intersection,Normale,Sans collision,4,2,2,0,1,1,1,0,1,50,1,1,0,0,0,1,37.0,,deux_roues,,1,2,1,1,7
202400048768,2024-05-06 03:30:00,2024,5,6,3,30,13,13211,A50-Sens Aubagne vers Marseille,43.29428416,5.46912329,Nuit sans éclairage public,Hors agglomération,Hors intersection,Temps couvert,Sans collision,1,1,3,0,1,1,2,0,1,90,1,1,0,0,0,1,29.0,,deux_roues,,3,1,1,8,7
202400048769,2024-05-02 09:35:00,2024,5,2,9,35,13,13216,A55-Sens Marseille vers Martigues,43.33013,5.35577,Plein jour,Hors agglomération,Hors intersection,Pluie légère,Deux véhicules - frontale,1,3,3,0,1,1,2,0,1,90,1,1,0,0,0,1,23.0,,voiture,,1,1,1,2,1
202400048770,2024-01-04 12:28:00,2024,1,4,12,28,10,10081,Rue Jules Ferry,48.3143,4.0611,Plein jour,En agglomération,Intersection en X,Normale,Deux véhicules - côté,4,2,2,0,1,1,1,0,1,50,2,2,1,0,0,1,,22.0,autre,deux_roues,1,2,2,1,3
202400048770,2024-01-04 12:28:00,2024,1,4,12,28,10,10081,Rue Jules Ferry,48.3143,4.0611,Plein jour,En agglomération,Intersection en X,Normale,Deux véhicules - côté,4,2,2,0,1,1,1,0,1,50,2,2,1,0,0,1,,22.0,autre,deux_roues,1,2,2,1,3
202400048771,2024-02-18 01:25:00,2024,2,18,1,25,11,11018,Route départementale 119,43.210177,2.228272,Nuit sans éclairage public,Hors agglomération,Hors intersection,Normale,Autre collision,3,1,2,0,1,2,1,0,3,80,1,1,0,1,0,0,48.0,,voiture,,3,1,1,1,6
202400048772,2024-05-05 22:36:00,2024,5,5,22,36,13,13001,A51-Sens Aix en Provence vers Marseille,43.52815,5.4275,Nuit sans éclairage public,Hors agglomération,Hors intersection,Normale,Deux véhicules - frontale,1,1,2,0,1,1,1,0,1,90,1,2,0,0,1,1,25.0,,deux_roues,,3,1,1,1,1
202400048773,2024-02-18 00:45:00,2024,2,18,0,45,61,61501,D203,48.391394,0.758485,Nuit sans éclairage public,Hors agglomération,Hors intersection,Normale,Autre collision,3,2,2,0,2,1,1,0,3,80,1,1,0,1,0,0,37.0,,voiture,,3,1,1,1,6
202400048774,2024-01-05 09:40:00,2024,1,5,9,40,75,75120,AVENUE CARTELLIER,48.864553,2.412419,Plein jour,En agglomération,Hors intersection,Temps éblouissant,Deux véhicules - arrière,4,1,3,0,2,1,1,0,1,50,2,2,1,0,0,1,20.0,59.0,utilitaire_camion,transport_commun,1,2,1,7,2
202400048775,2024-02-17 14:45:00,2024,2,17,14,45,39,39353,,46.336099,5.455871,Plein jour,Hors agglomération,Hors intersection,Temps couvert,Autre collision,3,2,2,0,2,2,1,0,3,80,1,1,0,0,1,0,78.0,,voiture,,1,1,1,8,6
202400048776,2024-05-04 16:40:00,2024,5,4,16,40,83,83144,A57,43.14109384,6.00284963,Plein jour,Hors agglomération,Hors intersection,Normale,Trois véhicules et plus - collisions multiples,1,3,4,0,1,1,1,0,1,70,4,4,3,0,0,1,23.0,22.0,voiture,utilitaire_camion,1,1,1,1,5
202400048777,2024-01-05 13:25:00,2024,1,5,13,25,75,75118,RUE ORDENER,48.89268,2.343282,Plein jour,En agglomération,Intersection en T,Normale,Deux véhicules - côté,4,1, -1,0,1,1,1,0,1,30,2,3,2,0,0,1,51.0,21.0,deux_roues,deux_roues,1,2,3,1,3
202400048777,2024-01-05 13:25:00,2024,1,5,13,25,75,75118,RUE ORDENER,48.89268,2.343282,Plein jour,En agglomération,Intersection en T,Normale,Deux véhicules - côté,4,2,0,0,1,1,1,0,1,30,2,3,2,0,0,1,51.0,21.0,deux_roues,deux_roues,1,2,3,1,3
202400048778,2024-03-29 10:50:00,2024,3,29,10,50,76,76216,Route de Dieppe,49.47772,1.04744,Plein jour,En agglomération,Hors intersection,Normale,Deux véhicules - côté,7,2,2,3,1,1,1,0,1,50,2,2,0,0,0,2,47.0,23.0,voiture,deux_roues,1,2,1,1,3
202400048779,2024-01-05 10:20:00,2024,1,5,10,20,75,75116,ECHANGEUR MAILLOT,48.876405,2.279135,Plein jour,En agglomération,Hors intersection,Normale,Deux véhicules - côté,4,1,3,0,1,1,1,0,1,50,2,2,1,0,0,1,32.0,55.0,utilitaire_camion,deux_roues,1,2,1,1,3
202400048780,2024-05-03 11:58:00,2024,5,3,11,58,57,57162,RN 431,49.05143515,6.1496715,Plein jour,Hors agglomération,Hors intersection,Normale,Autre collision,2,2,2,0,1,3,1,0,1,90,1,4,3,0,1,0,58.0,,utilitaire_camion,,1,1,1,1,6
202400048781,2024-02-15 04:29:00,2024,2,15,4,29,25,25193,PK 004+900,47.24704,6.869068,Nuit sans éclairage public,Hors agglomération,Hors intersection,Normale,Deux véhicules - frontale,3,2,2,0,1,1,1,0,1,80,2,2,0,0,1,1,25.0,23.0,voiture,voiture,3,1,1,1,1
202400048782,2024-01-04 19:45:00,2024,1,4,19,45,75,75116,ALLEE DE LONGCHAMP,48.869014,2.2547,Nuit avec éclairage allumé,En agglomération,Hors intersection,Pluie légère,Autre collision,4,3,4,0,1,1,2,9,1,50,1,1,0,0,0,1,83.0,,voiture,,5,2,1,2,6
202400048783,2024-03-28 16:40:00,2024,3,28,16,40,76,76351,SAINTE ADRESSE (DE),49.49898,0.09465,Plein jour,En agglomération,Intersection en X,Normale,Autre collision,4,2,2,0,1,1,1,0,1,50,2,2,1,0,0,1,51.0,,deux_roues,deux_roues,1,2,2,1,6
202400048783,2024-03-28 16:40:00,2024,3,28,16,40,76,76351,SAINTE ADRESSE (DE),49.49898,0.09465,Plein jour,En agglomération,Intersection en X,Normale,Autre collision,4,2,2,0,1,1,1,0,1,50,2,2,1,0,0,1,51.0,,deux_roues,deux_roues,1,2,2,1,6
202400048784,2024-05-04 19:46:00,2024,5,4,19,46,33,33249,,44.88602123,-0.50739007,Plein jour,Hors agglomération,Hors intersection,Pluie forte,Autre collision,1,3,8,0,1,1,2,3,1,90,1,5,2,0,0,3,19.0,,voiture,,1,1,1,3,6
202400048785,2024-01-04 14:00:00,2024,1,4,14,0,75,75112,RUE SAINT NICOLAS,48.85008,2.373782,Plein jour,En agglomération,Intersection en T,Normale,Autre collision,4,1, -1,-1,1,1,1,0,1,30,1,2,1,0,0,1,55.0,,utilitaire_camion,,1,2,3,1,6
202400048785,2024-01-04 14:00:00,2024,1,4,14,0,75,75112,RUE SAINT NICOLAS,48.85008,2.373782,Plein jour,En agglomération,Intersection en T,Normale,Autre collision,4,1,1,0,1,1,1,0,1,30,1,2,1,0,0,1,55.0,,utilitaire_camion,,1,2,3,1,6
202400048786,2024-02-17 23:55:00,2024,2,17,23,55,29,29266,Markez,48.4990294,-3.94305435,Nuit sans éclairage public,Hors agglomération,Hors intersection,Normale,Autre collision,3,2,2,0,1,2,1,0,3,80,1,2,0,0,2,0,28.0,,voiture,,3,1,1,1,6
202400048787,2024-03-28 18:45:00,2024,3,28,18,45,76,76270,RD 6382,49.52606,0.15323,Plein jour,Hors agglomération,Hors intersection,Normale,Autre collision,3,3,2,0,1,3,1,0,1,90,1,1,0,0,0,1,23.0,,voiture,,1,1,1,1,6
202400048788,2024-05-06 03:50:00,2024,5,6,3,50,91,91468,AUTOROUTE A6,48.57582077,2.46518003,Nuit sans éclairage public,Hors agglomération,Hors intersection,Pluie forte,Autre collision,1,3,3,0,3,1,2,0,1,110,1,1,0,0,0,1,35.0,,voiture,,3,1,1,3,6
202400048789,2024-01-05 22:50:00,2024,1,5,22,50,75,75111,BOULEVARD RICHARD LENOIR,48.854504,2.37004,Nuit avec éclairage allumé,En agglomération,Hors intersection,Normale,Autre collision,4,1,3,1,1,1,1,0,5,30,1,2,1,0,0,1,27.0,,deux_roues,,5,2,1,1,6
202400048790,2024-02-18 00:30:00,2024,2,18,0,30,01,01232,Route de Louhans,46.359987,5.252559,Nuit sans éclairage public,Hors agglomération,Hors intersection,Normale,Sans collision,3,2,2,0,1,3,1,0,3,80,1,1,0,0,1,0,40.0,,deux_roues,,3,1,1,1,7
202400048791,2024-03-28 20:20:00,2024,3,28,20,20,76,76447,VICTOR LESUEUR,49.53885,0.18118,Nuit avec éclairage allumé,En agglomération,Hors intersection,Normale,Autre collision,4,2,2,0,1,1,1,0,4,30,1,1,0,0,0,1,22.0,,voiture,,5,2,1,1,6
202400048792,2024-05-05 22:25:00,2024,5,5,22,25,78,78322,A86 EXT,48.780917,2.172721,Nuit sans éclairage public,Hors agglomération,Hors intersection,Normale,Autre collision,1,1,4,0,1,1,2,0,1,110,2,2,1,0,0,1,37.0,53.0,utilitaire_camion,voiture,3,1,1,1,6
202400048793,2024-03-29 05:02:00,2024,3,29,5,2,72,72003,CHATELET (RUE DU),47.94257,0.15099,Crépuscule ou aube,Hors agglomération,Autre intersection,Pluie légère,Autre collision,4,2,2,0,1,1,2,0,1,50,1,1,0,0,0,1,39.0,,voiture,,2,1,9,2,6
202400048794,2024-01-05 18:00:00,2024,1,5,18,0,75,75108,PLACE DE LA CONCORDE,48.865857,2.319886,Nuit avec éclairage allumé,En agglomération,Place,Normale,Deux véhicules - frontale,4,2, -1,0,1,1,1,0,1,30,2,2,1,0,0,1,57.0,56.0,utilitaire_camion,deux_roues,5,2,7,1,1
202400048794,2024-01-05 18:00:00,2024,1,5,18,0,75,75108,PLACE DE LA CONCORDE,48.865857,2.319886,Nuit avec éclairage allumé,En agglomération,Place,Normale,Deux véhicules - frontale,4,2,4,3,1,1,1,0,1,30,2,2,1,0,0,1,57.0,56.0,utilitaire_camion,deux_roues,5,2,7,1,1
202400048795,2024-02-17 19:35:00,2024,2,17,19,35,66,66106,,42.495723,2.82413,Nuit sans éclairage public,Hors agglomération,Hors intersection,Normale,Deux véhicules - arrière,3,2,2,0,2,3,1,0,1,80,2,2,1,0,1,0,58.0,68.0,deux_roues,voiture,3,1,1,1,2
202400048796,2024-05-05 15:55:00,2024,5,5,15,55,78,78640,RN12 INT,48.78187,2.16525,Plein jour,Hors agglomération,Hors intersection,Pluie légère,Autre collision,2,1,3,0,1,1,2,1,1,90,1,1,0,1,0,0,67.0,,deux_roues,,1,1,1,2,6