accident_id,datetime,annee,mois,jour,heure,minute,departement,commune_insee,adresse,latitude,longitude,luminosite,agglomeration,intersection,meteo,collision,catr,circ,nbv,vosp,prof,plan,surf,infra,situ,vma,nb_vehicules,nb_usagers,nb_indemnes,nb_tues,nb_blesses_hosp,nb_blesses_legers,age_cond_1,age_cond_2,veh_type_cond_1,veh_type_cond_2,lum_code,agg_code,int_code,atm_code,col_code
202400048797,2024-01-05 13:10:00,2024,1,5,13,10,75,75108,RUE BAYARD,48.866961,2.307761,Plein jour,En agglomération,Hors intersection,Normale,Autre collision,4,1,1,0,1,1,1,0,1,30,1,2,1,0,0,1,24.0,,utilitaire_camion,,1,2,1,1,6
202400048798,2024-05-05 03:00:00,2024,5,5,3,0,78,78640,N118,48.780346,2.222654,Nuit sans éclairage public,Hors agglomération,Hors intersection,Normale,Autre collision,2,1,2,0,1,1,1,0,2,90,1,1,0,0,0,1,34.0,,voiture,,3,1,1,1,6
202400048799,2024-03-28 21:30:00,2024,3,28,21,30,72,72181,JAURES JEAN (AV) N° PAIRS 2 A 58,47.99522,0.2035,Nuit avec éclairage allumé,En agglomération,Autre intersection,Pluie légère,Deux véhicules - arrière,4,1,2,2,1,1,2,0,1,50,2,2,1,0,1,0,47.0,60.0,voiture,deux_roues,5,2,9,2,2
202400048800,2024-02-13 10:00:00,2024,2,13,10,0,10,10033,58 Rue Nationale,48.232559,4.707714,Plein jour,En agglomération,Hors intersection,Normale,Autre collision,4,1,1,0,1,1,1,0,1,30,1,2,1,0,1,0,50.0,,utilitaire_camion,,1,2,1,1,6
202400048801,2024-01-04 17:16:00,2024,1,4,17,16,75,75102,BOULEVARD DE SEBASTOPOL,48.86416,2.351399,Nuit avec éclairage allumé,En agglomération,Intersection en T,Normale,Autre collision,4,2,3,1,1,1,1,6,5,30,1,3,2,0,0,1,24.0,,deux_roues,,5,2,3,1,6
202400048801,2024-01-04 17:16:00,2024,1,4,17,16,75,75102,BOULEVARD DE SEBASTOPOL,48.86416,2.351399,Nuit avec éclairage allumé,En agglomération,Intersection en T,Normale,Autre collision,4,1, -1,0,1,1,1,0,8,30,1,3,2,0,0,1,24.0,,deux_roues,,5,2,3,1,6
202400048802,2024-02-17 22:55:00,2024,2,17,22,55,07,07053,D 208,44.40063904,4.25178409,Nuit sans éclairage public,En agglomération,Autre intersection,Normale,Sans collision,3,2,2,0,1,1,1,0,3,50,1,1,0,1,0,0,73.0,,deux_roues,,3,2,9,1,7
202400048803,2024-05-04 19:20:00,2024,5,4,19,20,92,92036,A86,48.93368348,2.27544143,Plein jour,Hors agglomération,Hors intersection,Normale,Deux véhicules - arrière,1,1,2,0,1,1,1,0,1,90,2,4,3,0,1,0,35.0,43.0,voiture,voiture,1,1,1,1,2
202400048804,2024-03-29 08:22:00,2024,3,29,8,22,69,69256,Avenue Roger Salengro,45.75534497,4.92827849,Plein jour,En agglomération,Hors intersection,Vent fort / tempête,Deux véhicules - côté,4,2,2,0,1,1,1,0,1,50,2,2,1,0,0,1,10.0,47.0,deux_roues,voiture,1,2,1,6,3
202400048805,2024-02-17 11:15:00,2024,2,17,11,15,07,07132,Avenue Félicien Blanc,44.540859,4.291663,Plein jour,En agglomération,Hors intersection,Normale,Sans collision,4,2,2,0,2,2,1,2,1,50,1,1,0,0,1,0,21.0,,deux_roues,,1,2,1,1,7
202400048806,2024-03-29 13:30:00,2024,3,29,13,30,69,69271,Boulevard des Expositions,45.72285,4.95634,Plein jour,Hors agglomération,Hors intersection,Normale,Autre collision,4,2,2,0,1,1,1,0,1,50,1,1,0,0,0,1,38.0,,voiture,,1,1,1,1,6
202400048807,2024-01-05 12:35:00,2024,1,5,12,35,94,94068,Avenue du Docteur Calmette / Avenue Faidherbe,48.80230868,2.48928984,Plein jour,En agglomération,Intersection en X,Normale,Autre collision,4,2,2,0,1,1,1,0,1,-1,1,1,0,0,0,1,72.0,,voiture,,1,2,2,1,6
202400048807,2024-01-05 12:35:00,2024,1,5,12,35,94,94068,Avenue du Docteur Calmette / Avenue Faidherbe,48.80230868,2.48928984,Plein jour,En agglomération,Intersection en X,Normale,Autre collision,4,2,2,0,1,1,1,0,1,30,1,1,0,0,0,1,72.0,,voiture,,1,2,2,1,6
202400048808,2024-05-04 14:10:00,2024,5,4,14,10,78,78242,A12 Y,48.807637,2.05287,Plein jour,Hors agglomération,Hors intersection,Pluie légère,Deux véhicules - arrière,1,1,2,0,1,1,2,1,1,90,2,2,1,0,0,1,32.0,29.0,voiture,voiture,1,1,1,2,2
202400048809,2024-02-12 12:15:00,2024,2,12,12,15,85,85090,RD64,46.834121,-0.858757,Plein jour,En agglomération,Intersection en X,Pluie légère,Sans collision,3,2, -1,-1,1,3,2,0,1,-1,1,1,0,0,0,1,18.0,,deux_roues,,1,2,2,2,7
202400048809,2024-02-12 12:15:00,2024,2,12,12,15,85,85090,RD64,46.834121,-0.858757,Plein jour,En agglomération,Intersection en X,Pluie légère,Sans collision,3,2,2,0,2,2,2,0,1,-1,1,1,0,0,0,1,18.0,,deux_roues,,1,2,2,2,7
202400048810,2024-02-18 19:00:00,2024,2,18,19,0,85,85197,le grand village,46.907972,-1.414951,Crépuscule ou aube,Hors agglomération,Hors intersection,Pluie légère,Autre collision,4,2,2,1,1,1,2,0,8,80,1,1,0,1,0,0,37.0,,voiture,,2,1,1,2,6
202400048811,2024-03-29 16:15:00,2024,3,29,16,15,64,64445,HENRI FAISANS,43.29993,-0.36109,Plein jour,En agglomération,Hors intersection,Pluie légère,Autre collision,4,3,2,0,1,1,2,6,1,30,1,2,1,0,0,1,24.0,,voiture,,1,2,1,2,6
202400048812,2024-01-05 11:25:00,2024,1,5,11,25,94,94068,Avenue Gambetta / Boulevard de Créteil,48.798,2.49128,Plein jour,En agglomération,Intersection en X,Normale,Deux véhicules - côté,3,2,2,0,1,1,1,0,1,30,2,2,1,0,0,1,79.0,64.0,voiture,deux_roues,1,2,2,1,3
202400048812,2024-01-05 11:25:00,2024,1,5,11,25,94,94068,Avenue Gambetta / Boulevard de Créteil,48.798,2.49128,Plein jour,En agglomération,Intersection en X,Normale,Deux véhicules - côté,3,2,2,0,1,1,1,0,1,30,2,2,1,0,0,1,79.0,64.0,voiture,deux_roues,1,2,2,1,3
202400048813,2024-05-06 11:00:00,2024,5,6,11,0,95,95277,A3,48.9683,2.4787,Crépuscule ou aube,Hors agglomération,Hors intersection,Normale,Trois véhicules et plus - collisions multiples,1,3,3,0,1,1,1,0,1,90,4,4,3,0,0,1,62.0,21.0,utilitaire_camion,voiture,2,1,1,1,5
202400048814,2024-03-29 09:35:00,2024,3,29,9,35,64,64445,GENERAL DE GAULLE DU,43.30168,-0.35732,Plein jour,En agglomération,Hors intersection,Temps couvert,Deux véhicules - côté,4,1,1,0,1,1,1,0,1,30,2,2,1,0,0,1,46.0,29.0,voiture,deux_roues,1,2,1,8,3
202400048815,2024-02-17 06:00:00,2024,2,17,6,0,27,27467,rue de la république,49.348034,0.526847,Nuit avec éclairage allumé,En agglomération,Intersection en T,Pluie légère,Deux véhicules - frontale,4,2,2,0,1,1,2,0,1,50,2,3,1,0,1,1,21.0,20.0,voiture,deux_roues,5,2,3,2,1
202400048816,2024-01-05 00:20:00,2024,1,5,0,20,94,94052,Boulevard Albert 1er / Grande Rue Charles de Gaulle,48.83800106,2.49382657,Nuit avec éclairage allumé,En agglomération,Autre intersection,Normale,Deux véhicules - frontale,3,3,4,0,4,3,1,5,1,-1,2,2,1,0,1,0,47.0,64.0,transport_commun,deux_roues,5,2,9,1,1
202400048816,2024-01-05 00:20:00,2024,1,5,0,20,94,94052,Boulevard Albert 1er / Grande Rue Charles de Gaulle,48.83800106,2.49382657,Nuit avec éclairage allumé,En agglomération,Autre intersection,Normale,Deux véhicules - frontale,3,3,4,0,1,1,1,5,1,50,2,2,1,0,1,0,47.0,64.0,transport_commun,deux_roues,5,2,9,1,1
202400048817,2024-03-27 16:00:00,2024,3,27,16,0,64,64024,BIARRITZ (AVENUE DE),43.497,-1.51014,Plein jour,En agglomération,Hors intersection,Normale,Deux véhicules - arrière,4,2,2,0,1,1,1,0,1,50,2,2,1,0,0,1,26.0,17.0,voiture,deux_roues,1,2,1,1,2
202400048818,2024-02-16 15:25:00,2024,2,16,15,25,17,17287,avenue du prunus,45.270524,-0.25058,Plein jour,En agglomération,Hors intersection,Normale,Autre collision,3,2,2,0,1,1,1,0,1,50,1,3,1,0,1,1,81.0,,voiture,,1,2,1,1,6
202400048819,2024-01-04 22:20:00,2024,1,4,22,20,94,94076,Avenue de la République / Rue de Verdun,48.787361,2.35419,Nuit avec éclairage allumé,En agglomération,Intersection en X,Normale,Deux véhicules - côté,3,2,2,0,1,1,1,0,1,50,2,2,0,0,1,1,30.0,21.0,deux_roues,voiture,5,2,2,1,3
202400048819,2024-01-04 22:20:00,2024,1,4,22,20,94,94076,Avenue de la République / Rue de Verdun,48.787361,2.35419,Nuit avec éclairage allumé,En agglomération,Intersection en X,Normale,Deux véhicules - côté,3,2,2,0,1,1,1,0,1,50,2,2,0,0,1,1,30.0,21.0,deux_roues,voiture,5,2,2,1,3
202400048820,2024-03-29 06:00:00,2024,3,29,6,0,63,63113,LAGARLAYE (RUE DE),45.77374,3.08494,Nuit avec éclairage allumé,En agglomération,Hors intersection,Pluie légère,Deux véhicules - côté,4,2,2,0,3,2,2,0,1,30,2,2,1,0,0,1,29.0,33.0,voiture,deux_roues,5,2,1,2,3
202400048821,2024-02-15 16:55:00,2024,2,15,16,55,37,37249,CD 959,47.50603113,0.45694113,Plein jour,Hors agglomération,Intersection en X,Normale,Deux véhicules - côté,3,2,2,2,1,1,1,0,1,90,2,2,1,0,1,0,71.0,52.0,voiture,deux_roues,1,1,2,1,3
202400048821,2024-02-15 16:55:00,2024,2,15,16,55,37,37249,CD 959,47.50603113,0.45694113,Plein jour,Hors agglomération,Intersection en X,Normale,Deux véhicules - côté,3,2,2,0,1,1,1,0,1,50,2,2,1,0,1,0,71.0,52.0,voiture,deux_roues,1,1,2,1,3
202400048822,2024-01-05 20:15:00,2024,1,5,20,15,94,94034,Avenue du Parc des Sports,48.751904,2.316564,Nuit sans éclairage public,En agglomération,Hors intersection,Pluie légère,Autre collision,4,2,2,0,1,1,2,0,1,50,1,2,1,0,0,1,57.0,,voiture,,3,2,1,2,6
202400048823,2024-05-06 08:55:00,2024,5,6,8,55,93,93005,A3,48.92846579,2.48132772,Plein jour,Hors agglomération,Hors intersection,Normale,Deux véhicules - côté,1,2,6,0,1,1,1,0,1,90,2,2,1,0,0,1,44.0,43.0,voiture,deux_roues,1,1,1,1,3
202400048824,2024-02-18 06:30:00,2024,2,18,6,30,08,08400,,49.649786,4.780195,Nuit sans éclairage public,Hors agglomération,Hors intersection,Normale,Autre collision,3,2,2,0,2,1,1,0,1,80,1,2,1,1,0,0,31.0,,utilitaire_camion,,3,1,1,1,6
202400048825,2024-03-14 09:15:00,2024,3,14,9,15,62,62413,D162E1,50.44438,2.90484,Plein jour,En agglomération,Hors intersection,Normale,Autre collision,3,2,2,0,1,1,1,0,8,50,1,2,1,0,0,1,35.0,,voiture,,1,2,1,1,6
202400048826,2024-01-05 09:00:00,2024,1,5,9,0,94,94053,Avenue Pierre Mendès France / Rue Condorcet,48.775588,2.548525,Plein jour,En agglomération,Intersection en X,Normale,Deux véhicules - côté,3,2,2,0,1,1,1,0,1,50,2,2,1,0,0,1,55.0,44.0,voiture,deux_roues,1,2,2,1,3
202400048826,2024-01-05 09:00:00,2024,1,5,9,0,94,94053,Avenue Pierre Mendès France / Rue Condorcet,48.775588,2.548525,Plein jour,En agglomération,Intersection en X,Normale,Deux véhicules - côté,3,2,2,0,1,1,1,0,1,50,2,2,1,0,0,1,55.0,44.0,voiture,deux_roues,1,2,2,1,3
202400048827,2024-05-06 18:12:00,2024,5,6,18,12,94,94074,N406,48.76331327,2.46521831,Plein jour,Hors agglomération,Hors intersection,Normale,Deux véhicules - arrière,2,3,2,0,1,1,1,0,1,90,2,3,0,0,0,3,48.0,42.0,voiture,voiture,1,1,1,1,2
202400048828,2024-02-17 11:00:00,2024,2,17,11,0,67,67324,16 Rue de la Republique,48.951857,7.641264,Plein jour,En agglomération,Hors intersection,Normale,Autre collision,3,1,1,0,1,1,1,0,1,50,1,3,2,0,1,0,53.0,,voiture,,1,2,1,1,6
202400048829,2024-01-04 07:25:00,2024,1,4,7,25,94,94017,Rue Carpeaux / Avenue Salvador Allendé,48.80824417,2.55271621,Nuit avec éclairage allumé,En agglomération,Giratoire,Pluie légère,Deux véhicules - côté,3,3,2,0,1,1,2,0,1,50,2,2,1,0,1,0,33.0,51.0,voiture,deux_roues,5,2,6,2,3
202400048829,2024-01-04 07:25:00,2024,1,4,7,25,94,94017,Rue Carpeaux / Avenue Salvador Allendé,48.80824417,2.55271621,Nuit avec éclairage allumé,En agglomération,Giratoire,Pluie légère,Deux véhicules - côté,3,2,2,0,1,1,2,0,1,50,2,2,1,0,1,0,33.0,51.0,voiture,deux_roues,5,2,6,2,3
202400048830,2024-03-29 18:49:00,2024,3,29,18,49,59,59599,Chaussée Gramme,50.73814,3.1625,Plein jour,En agglomération,Intersection en X,Normale,Deux véhicules - arrière,7,2,2,0,1,1,1,5,1,50,2,2,1,0,0,1,,27.0,voiture,voiture,1,2,2,1,2
202400048830,2024-03-29 18:49:00,2024,3,29,18,49,59,59599,Chaussée Gramme,50.73814,3.1625,Plein jour,En agglomération,Intersection en X,Normale,Deux véhicules - arrière,7,2,4,0,1,1,1,5,1,50,2,2,1,0,0,1,,27.0,voiture,voiture,1,2,2,1,2
202400048831,2024-05-04 17:30:00,2024,5,4,17,30,974,97411,BOIS DE NEFLES (ROUTE DE),-20.89392,55.47848,Plein jour,En agglomération,Intersection en X,Normale,Deux véhicules - frontale,4,2,2,0,1,1,1,0,1,50,2,2,1,0,0,1,74.0,3.0,voiture,deux_roues,1,2,2,1,1
202400048831,2024-05-04 17:30:00,2024,5,4,17,30,974,97411,BOIS DE NEFLES (ROUTE DE),-20.89392,55.47848,Plein jour,En agglomération,Intersection en X,Normale,Deux véhicules - frontale,4,2,2,0,1,1,1,0,1,50,2,2,1,0,0,1,74.0,3.0,voiture,deux_roues,1,2,2,1,1
202400048832,2024-01-05 17:00:00,2024,1,5,17,0,93,93078,Avenue Charles de Gaulle / Avenue Du General Leclerc,48.95602,2.5533,Nuit avec éclairage allumé,En agglomération,Intersection en T,Normale,Autre collision,4,2,2,0,1,1,1,0,1,50,1,2,1,0,0,1,82.0,,voiture,,5,2,3,1,6
202400048832,2024-01-05 17:00:00,2024,1,5,17,0,93,93078,Avenue Charles de Gaulle / Avenue Du General Leclerc,48.95602,2.5533,Nuit avec éclairage allumé,En agglomération,Intersection en T,Normale,Autre collision,4,2,2,2,1,2,1,0,1,50,1,2,1,0,0,1,82.0,,voiture,,5,2,3,1,6
202400048833,2024-05-05 11:20:00,2024,5,5,11,20,974,97409,ILE DE FRANCE(AVENUE),-20.94949136,55.64850032,Plein jour,En agglomération,Hors intersection,Normale,Deux véhicules - arrière,4,2,2,0,1,1,1,0,1,50,2,2,1,0,0,1,,20.0,voiture,deux_roues,1,2,1,1,2
202400048834,2024-02-18 12:00:00,2024,2,18,12,0,973,97302,Route de Montjoly,4.926736,-52.288839,Plein jour,En agglomération,Hors intersection,Normale,Deux véhicules - arrière,3,2,2,0,1,1,1,0,1,-1,2,2,1,0,1,0,23.0,41.0,voiture,deux_roues,1,2,1,1,2
202400048835,2024-01-05 19:00:00,2024,1,5,19,0,93,93072,Avenue de Stalingrad / Rue des Huleux,48.95788794,2.39659667,Nuit avec éclairage allumé,En agglomération,Intersection en T,Normale,Deux véhicules - côté,3,2,2,0,1,1,1,0,1,-1,2,2,1,0,0,1,,58.0,utilitaire_camion,deux_roues,5,2,3,1,3
202400048835,2024-01-05 19:00:00,2024,1,5,19,0,93,93072,Avenue de Stalingrad / Rue des Huleux,48.95788794,2.39659667,Nuit avec éclairage allumé,En agglomération,Intersection en T,Normale,Deux véhicules - côté,3,2,4,3,1,1,1,0,1,50,2,2,1,0,0,1,,58.0,utilitaire_camion,deux_roues,5,2,3,1,3
202400048836,2024-03-29 09:15:00,2024,3,29,9,15,59,59508,HALLUIN (BOULEVARD D'),50.740377,3.132138,Plein jour,En agglomération,Intersection en X,Normale,Autre collision,7,1,2,0,1,1,1,0,1,50,3,3,2,0,0,1,34.0,42.0,voiture,voiture,1,2,2,1,6
202400048836,2024-03-29 09:15:00,2024,3,29,9,15,59,59508,HALLUIN (BOULEVARD D'),50.740377,3.132138,Plein jour,En agglomération,Intersection en X,Normale,Autre collision,7,1,2,0,1,1,1,0,1,50,3,3,2,0,0,1,34.0,42.0,voiture,voiture,1,2,2,1,6
202400048837,2024-02-18 18:25:00,2024,2,18,18,25,82,82125,A62 PK 186+000,43.972125,1.26596,Nuit sans éclairage public,Hors agglomération,Hors intersection,Normale,Autre collision,1,3,2,0,1,1,1,0,8,130,1,1,0,0,1,0,36.0,,voiture,,3,1,1,1,6
202400048838,2024-05-05 20:05:00,2024,5,5,20,5,974,97407,CARPAYE(AVENUE),-20.94557765,55.29832149,Nuit avec éclairage allumé,En agglomération,Intersection en X,Normale,Deux véhicules - frontale,2,2,0,0,1,1,1,0,1,30,2,3,1,0,0,2,19.0,22.0,deux_roues,voiture,5,2,2,1,1
202400048838,2024-05-05 20:05:00,2024,5,5,20,5,974,97407,CARPAYE(AVENUE),-20.94557765,55.29832149,Nuit avec éclairage allumé,En agglomération,Intersection en X,Normale,Deux véhicules - frontale,2,2,0,0,1,1,1,0,1,30,2,3,1,0,0,2,19.0,22.0,deux_roues,voiture,5,2,2,1,1
202400048839,2024-03-29 17:00:00,2024,3,29,17,0,59,59350,Rue de la Cité,50.63779,3.08736,Plein jour,En agglomération,Autre intersection,Normale,Autre collision,4,1,1,0,1,1,1,6,1,50,1,2,1,0,0,1,,,voiture,,1,2,9,1,6
202400048840,2024-01-05 16:20:00,2024,1,5,16,20,93,93048,Avenue Ernest Savart / Rue Des Chantereines,48.86841,2.44476,Crépuscule ou aube,En agglomération,Intersection en X,Normale,Deux véhicules - côté,4,2,2,0,2,1,1,0,1,30,2,2,1,0,0,1,30.0,25.0,deux_roues,utilitaire_camion,2,2,2,1,3
202400048840,2024-01-05 16:20:00,2024,1,5,16,20,93,93048,Avenue Ernest Savart / Rue Des Chantereines,48.86841,2.44476,Crépuscule ou aube,En agglomération,Intersection en X,Normale,Deux véhicules - côté,4,2,2,0,2,1,1,0,1,30,2,2,1,0,0,1,30.0,25.0,deux_roues,utilitaire_camion,2,2,2,1,3
202400048841,2024-01-04 21:30:00,2024,1,4,21,30,93,93030,Rue Louise Michel,48.9495,2.413985,Nuit avec éclairage allumé,En agglomération,Hors intersection,Normale,Autre collision,4,1,1,0,1,1,1,0,8,10,1,2,1,0,0,1,21.0,,voiture,,5,2,1,1,6
202400048842,2024-03-28 17:30:00,2024,3,28,17,30,59,59024,DOUAI (RUE DE),50.33394,3.22681,Plein jour,En agglomération,Hors intersection,Normale,Deux véhicules - côté,3,2,4,3,1,1,1,0,6,50,2,3,1,0,1,1,60.0,28.0,voiture,deux_roues,1,2,1,1,3
202400048843,2024-05-05 20:40:00,2024,5,5,20,40,69,69383,Rue du Dauphiné,45.7529,4.87008,Nuit avec éclairage allumé,En agglomération,Hors intersection,Normale,Autre collision,4,2,2,0,1,1,1,0,1,30,1,3,2,0,0,1,24.0,,voiture,,5,2,1,1,6
202400048844,2024-02-17 15:08:00,2024,2,17,15,8,06,06085,"A8, PK 168.400 chaussée sud",43.581261,6.989536,Plein jour,Hors agglomération,Hors intersection,Temps éblouissant,Autre collision,1,1,3,0,1,1,1,0,1,110,3,6,5,0,0,1,30.0,29.0,utilitaire_camion,voiture,1,1,1,7,6
202400048845,2024-01-05 18:40:00,2024,1,5,18,40,92,92026,LEVALLOIS (PONT DE),48.90054991,2.27705312,Nuit avec éclairage allumé,En agglomération,Hors intersection,Normale,Deux véhicules - arrière,3,2,3,0,1,1,2,2,4,50,2,2,1,0,0,1,51.0,,deux_roues,deux_roues,5,2,1,1,2
202400048846,2024-01-05 08:30:00,2024,1,5,8,30,92,92025,STALINGRAD (AV DE),48.92778596,2.27177717,Plein jour,En agglomération,Intersection en T,Normale,Deux véhicules - côté,3,2,2,0,1,1,1,0,1,30,2,2,1,0,0,1,38.0,63.0,deux_roues,utilitaire_camion,1,2,3,1,3
202400048846,2024-01-05 08:30:00,2024,1,5,8,30,92,92025,STALINGRAD (AV DE),48.92778596,2.27177717,Plein jour,En agglomération,Intersection en T,Normale,Deux véhicules - côté,3,2,0,0,1,1,1,0,1,30,2,2,1,0,0,1,38.0,63.0,deux_roues,utilitaire_camion,1,2,3,1,3
202400048847,2024-02-17 17:45:00,2024,2,17,17,45,51,51562,"Autoroute A.34, barrière de péage de TAISSY, sens METZ PARIS",49.21168,4.078312,Plein jour,Hors agglomération,Hors intersection,Normale,Deux véhicules - arrière,1,3,0,0,1,1,1,0,1,90,2,5,2,0,0,3,65.0,35.0,voiture,utilitaire_camion,1,1,1,1,2
202400048848,2024-05-05 14:45:00,2024,5,5,14,45,69,69386,Rue des Emeraudes,45.76942,4.86103,Plein jour,En agglomération,Intersection en Y,Normale,Deux véhicules - côté,4,1,1,3,1,1,1,0,1,30,2,2,1,0,0,1,28.0,26.0,deux_roues,voiture,1,2,4,1,3
202400048848,2024-05-05 14:45:00,2024,5,5,14,45,69,69386,Rue des Emeraudes,45.76942,4.86103,Plein jour,En agglomération,Intersection en Y,Normale,Deux véhicules - côté,4,1,2,3,1,1,1,0,1,30,2,2,1,0,0,1,28.0,26.0,deux_roues,voiture,1,2,4,1,3
202400048849,2024-01-05 09:50:00,2024,1,5,9,50,92,92012,ALPHONSE LE GALLO (QUAI) 35/FIN,48.83707683,2.22422853,Plein jour,En agglomération,Autre intersection,Normale,Deux véhicules - côté,3,1,2,0,1,1,1,0,1,30,2,2,1,0,0,1,63.0,28.0,voiture,deux_roues,1,2,9,1,3
202400048850,2024-05-05 07:00:00,2024,5,5,7,0,69,69383,Cours Docteur Long,45.74928,4.88387,Plein jour,En agglomération,Intersection en T,Pluie légère,Deux véhicules - côté,4,1,1,0,1,1,2,0,1,30,2,2,1,0,0,1,43.0,27.0,utilitaire_camion,utilitaire_camion,1,2,3,2,3
202400048850,2024-05-05 07:00:00,2024,5,5,7,0,69,69383,Cours Docteur Long,45.74928,4.88387,Plein jour,En agglomération,Intersection en T,Pluie légère,Deux véhicules - côté,4,1,1,2,1,1,2,0,1,30,2,2,1,0,0,1,43.0,27.0,utilitaire_camion,utilitaire_camion,1,2,3,2,3
202400048851,2024-02-17 21:45:00,2024,2,17,21,45,973,97311,Route de St Jean,5.4071,-54.059858,Nuit sans éclairage public,Hors agglomération,Hors intersection,Normale,Deux véhicules - frontale,3,2,2,0,1,1,1,0,1,80,2,2,1,0,1,0,34.0,45.0,voiture,voiture,3,1,1,1,1
202400048852,2024-03-28 17:25:00,2024,3,28,17,25,54,54395,Rue de Laxou,48.68538851,6.16057277,Plein jour,En agglomération,Hors intersection,Normale,Deux véhicules - côté,4,1,1,0,1,1,1,-1,4,50,2,2,1,0,0,1,24.0,37.0,deux_roues,voiture,1,2,1,1,3
202400048853,2024-01-05 17:15:00,2024,1,5,17,15,85,85126,"RD 206, pk 007.500",46.4767805,-0.8722704,Plein jour,Hors agglomération,Intersection en T,Normale,Deux véhicules - côté,3,1,1,0,1,1,1,3,8,80,2,5,4,0,0,1,43.0,24.0,utilitaire_camion,voiture,1,1,3,1,3
202400048853,2024-01-05 17:15:00,2024,1,5,17,15,85,85126,"RD 206, pk 007.500",46.4767805,-0.8722704,Plein jour,Hors agglomération,Intersection en T,Normale,Deux véhicules - côté,3,2,2,0,1,1,1,0,1,80,2,5,4,0,0,1,43.0,24.0,utilitaire_camion,voiture,1,1,3,1,3
202400048854,2024-05-05 11:30:00,2024,5,5,11,30,972,97209,CHATEAUBOEUF (ROUTE DE),14.62061,-61.04338,Plein jour,En agglomération,Hors intersection,Normale,Deux véhicules - côté,3,2,2,0,2,1,1,0,1,50,2,2,1,0,1,0,39.0,50.0,deux_roues,voiture,1,2,1,1,3
202400048855,2024-02-17 17:00:00,2024,2,17,17,0,973,97305,Route Nationale 1,5.041432,-52.511269,Plein jour,Hors agglomération,Hors intersection,Normale,Deux véhicules - arrière,2,3,2,0,1,1,1,0,1,80,2,2,1,0,1,0,35.0,35.0,voiture,utilitaire_camion,1,1,1,1,2
202400048856,2024-05-04 19:05:00,2024,5,4,19,5,972,97209,BISHOP (Avenue Maurice),14.6119,-61.05362,Nuit sans éclairage public,En agglomération,Hors intersection,Normale,Autre collision,2,2,6,0,1,1,1,0,1,50,1,2,1,0,1,0,,,autre,,3,2,1,1,6
202400048857,2024-02-17 17:50:00,2024,2,17,17,50,91,91630,MALNUIT (4 CHEMIN DE),48.568684,2.061567,Plein jour,En agglomération,Hors intersection,Normale,Sans collision,4,-1,2,0,1,1,1,0,1,50,1,1,0,0,1,0,52.0,,deux_roues,,1,2,1,1,7
202400048858,2024-03-28 14:00:00,2024,3,28,14,0,54,54300,Rue Lucien Galtier,48.66147,6.22235,Plein jour,En agglomération,Hors intersection,Normale,Autre collision,4,2,2,0,1,1,1,0,1,50,1,2,1,0,0,1,59.0,,voiture,,1,2,1,1,6
202400048859,2024-01-05 17:30:00,2024,1,5,17,30,28,28158,D821,48.413607,1.432994,Crépuscule ou aube,Hors agglomération,Intersection en X,Normale,Deux véhicules - côté,3,2,2,0,1,1,1,0,1,80,2,2,1,0,0,1,23.0,78.0,voiture,voiture,2,1,2,1,3
202400048859,2024-01-05 17:30:00,2024,1,5,17,30,28,28158,D821,48.413607,1.432994,Crépuscule ou aube,Hors agglomération,Intersection en X,Normale,Deux véhicules - côté,3,2, -1,-1,1,1,1,-1,1,30,2,2,1,0,0,1,23.0,78.0,voiture,voiture,2,1,2,1,3
202400048860,2024-01-06 09:45:00,2024,1,6,9,45,29,29068,RN12,48.52614692,-3.96380165,Plein jour,Hors agglomération,Hors intersection,Neige / grêle,Autre collision,2,3,2,0,1,1,2,0,3,110,1,1,0,0,1,0,39.0,,voiture,,1,1,1,4,6
202400048861,2024-02-17 20:13:00,2024,2,17,20,13,78,78171,D936,48.731006,1.710541,Nuit sans éclairage public,Hors agglomération,Autre intersection,Normale,Autre collision,3,2,2,0,1,3,1,0,3,80,1,4,0,3,1,0,48.0,,voiture,,3,1,9,1,6
202400048862,2024-03-29 17:30:00,2024,3,29,17,30,54,54525,D125,49.45836,5.86396,Crépuscule ou aube,Hors agglomération,Hors intersection,Normale,Deux véhicules - arrière,3,2,1,0,2,2,1,0,1,80,2,2,1,0,0,1,60.0,33.0,voiture,voiture,2,1,1,1,2
202400048863,2024-01-05 10:34:00,2024,1,5,10,34,17,17142,Rue de l'Adjudant Galland,46.188357,-1.068086,Plein jour,En agglomération,Hors intersection,Temps éblouissant,Autre collision,3,2,2,0,1,1,2,0,1,30,1,2,1,0,1,0,43.0,,voiture,,1,2,1,7,6
202400048864,2024-03-27 12:20:00,2024,3,27,12,20,52,52121,FERRY (RUE JULES),48.09899,5.14443,Plein jour,En agglomération,Hors intersection,Normale,Deux véhicules - côté,4,2,2,0,1,1,1,0,1,50,2,2,1,0,0,1,52.0,20.0,voiture,deux_roues,1,2,1,1,3
202400048865,2024-02-18 13:10:00,2024,2,18,13,10,84,84106,D976,44.220523,4.878123,Plein jour,Hors agglomération,Hors intersection,Normale,Autre collision,3,2,2,0,1,2,1,0,3,-1,1,2,1,0,0,1,24.0,,deux_roues,,1,1,1,1,6