accident_id,datetime,annee,mois,jour,heure,minute,departement,commune_insee,adresse,latitude,longitude,luminosite,agglomeration,intersection,meteo,collision,catr,circ,nbv,vosp,prof,plan,surf,infra,situ,vma,nb_vehicules,nb_usagers,nb_indemnes,nb_tues,nb_blesses_hosp,nb_blesses_legers,age_cond_1,age_cond_2,veh_type_cond_1,veh_type_cond_2,lum_code,agg_code,int_code,atm_code,col_code
202400048866,2024-06-11 16:50:00,2024,6,11,16,50,64,64373,,43.28158,-0.36028,Plein jour,En agglomération,Giratoire,Pluie forte,Deux véhicules - côté,3,2,2,0,1,1,2,0,1,50,2,2,1,0,0,1,16.0,63.0,deux_roues,voiture,1,2,6,3,3
202400048866,2024-06-11 16:50:00,2024,6,11,16,50,64,64373,,43.28158,-0.36028,Plein jour,En agglomération,Giratoire,Pluie forte,Deux véhicules - côté,3,2,2,0,1,1,2,0,1,50,2,2,1,0,0,1,16.0,63.0,deux_roues,voiture,1,2,6,3,3
202400048867,2024-05-05 18:30:00,2024,5,5,18,30,2A,2A004,#MEZZAVIA ROUTE DE#,41.947,8.763,Plein jour,En agglomération,Autre intersection,Normale,Trois véhicules et plus - en chaîne,4,2,2,0,2,1,1,0,1,50,3,3,2,0,0,1,38.0,54.0,voiture,voiture,1,2,9,1,4
202400048868,2024-02-17 21:05:00,2024,2,17,21,5,84,84049,D7,44.1703,4.997857,Nuit sans éclairage public,Hors agglomération,Hors intersection,Normale,Autre collision,3,2,2,0,2,1,1,0,3,50,1,1,0,1,0,0,48.0,,voiture,,3,1,1,1,6
202400048869,2024-03-29 21:45:00,2024,3,29,21,45,51,51454,ROYAL (PLACE),49.25519,4.0339,Nuit avec éclairage allumé,En agglomération,Place,Pluie forte,Deux véhicules - frontale,4,1,1,0,1,1,2,0,1,30,2,3,2,0,0,1,56.0,38.0,voiture,deux_roues,5,2,7,3,1
202400048870,2024-01-05 14:45:00,2024,1,5,14,45,41,41278,Les Petits Perrets,47.66377197,0.96413515,Plein jour,Hors agglomération,Hors intersection,Normale,Sans collision,2,2,2,0,1,1,1,0,1,80,1,1,0,0,1,0,25.0,,utilitaire_camion,,1,1,1,1,7
202400048871,2024-06-10 17:47:00,2024,6,10,17,47,64,64125,BAYONNE (AVENUE DE),43.44973,-1.56938,Plein jour,En agglomération,Hors intersection,Normale,Deux véhicules - arrière,3,2,2,0,1,1,1,0,1,50,2,2,1,0,0,1,24.0,18.0,voiture,deux_roues,1,2,1,1,2
202400048872,2024-05-05 11:40:00,2024,5,5,11,40,2A,2A004,ROUTE DU STILETTO,41.94640592,8.7674439,Plein jour,En agglomération,Intersection en T,Normale,Deux véhicules - côté,4,2,2,0,2,1,1,0,1,50,2,2,1,0,0,1,27.0,39.0,voiture,deux_roues,1,2,3,1,3
202400048873,2024-03-26 18:05:00,2024,3,26,18,5,50,50129,ATLANTIQUE (BOULEVARD DE L'),49.62281,-1.63871,Plein jour,En agglomération,Intersection en X,Normale,Deux véhicules - côté,3,3,4,0,1,1,1,0,1,70,2,2,1,0,0,1,60.0,60.0,voiture,deux_roues,1,2,2,1,3
202400048873,2024-03-26 18:05:00,2024,3,26,18,5,50,50129,ATLANTIQUE (BOULEVARD DE L'),49.62281,-1.63871,Plein jour,En agglomération,Intersection en X,Normale,Deux véhicules - côté,3,2,2,0,1,1,1,0,1,50,2,2,1,0,0,1,60.0,60.0,voiture,deux_roues,1,2,2,1,3
202400048874,2024-05-05 12:30:00,2024,5,5,12,30,95,95582,D909,48.96635324,2.26191617,Plein jour,En agglomération,Autre intersection,Normale,Deux véhicules - frontale,3,2,1,0,1,1,1,0,1,50,2,2,1,0,0,1,45.0,27.0,voiture,deux_roues,1,2,9,1,1
202400048875,2024-01-05 14:20:00,2024,1,5,14,20,82,82037,Route de Puylaroque,44.2048414,1.58419168,Plein jour,Hors agglomération,Hors intersection,Normale,Autre collision,3,2,2,0,1,3,2,0,3,80,1,1,0,0,1,0,65.0,,voiture,,1,1,1,1,6
202400048876,2024-02-17 18:45:00,2024,2,17,18,45,54,54215,41 Rue de Metz,48.759874,6.133359,Nuit avec éclairage allumé,En agglomération,Intersection en T,Normale,Deux véhicules - côté,3,2,2,0,4,1,1,5,1,50,2,4,3,0,1,0,36.0,17.0,voiture,deux_roues,5,2,3,1,3
202400048876,2024-02-17 18:45:00,2024,2,17,18,45,54,54215,41 Rue de Metz,48.759874,6.133359,Nuit avec éclairage allumé,En agglomération,Intersection en T,Normale,Deux véhicules - côté,3,2, -1,0,2,1,1,0,1,50,2,4,3,0,1,0,36.0,17.0,voiture,deux_roues,5,2,3,1,3
202400048877,2024-06-11 10:14:00,2024,6,11,10,14,63,63014,COURNON (AVENUE DE),45.7556,3.14753,Plein jour,En agglomération,Hors intersection,Pluie légère,Deux véhicules - côté,7,2,3,0,1,1,2,0,1,50,2,2,1,0,0,1,58.0,53.0,deux_roues,voiture,1,2,1,2,3
202400048878,2024-03-29 12:30:00,2024,3,29,12,30,49,49007,SAINT LEONARD,47.45872,-0.51768,Plein jour,En agglomération,Hors intersection,Normale,Autre collision,4,2,2,0,1,1,1,0,1,50,1,2,1,0,1,0,90.0,,voiture,,1,2,1,1,6
202400048879,2024-05-03 17:05:00,2024,5,3,17,5,95,95127,OISE (BOULEVARD DE L'),49.03773,2.07892,Plein jour,En agglomération,Hors intersection,Pluie légère,Autre collision,4,2,2,0,1,1,2,1,1,30,1,2,0,0,1,1,17.0,,deux_roues,,1,2,1,2,6
202400048880,2024-01-01 00:50:00,2024,1,1,0,50,33,33208,,45.390799,-0.971469,Nuit sans éclairage public,Hors agglomération,Intersection en T,Pluie légère,Autre collision,3,2,2,0,1,1,2,0,3,80,1,1,0,0,1,0,42.0,,voiture,,3,1,3,2,6
202400048880,2024-01-01 00:50:00,2024,1,1,0,50,33,33208,,45.390799,-0.971469,Nuit sans éclairage public,Hors agglomération,Intersection en T,Pluie légère,Autre collision,3,2,2,0,1,1,2,0,3,80,1,1,0,0,1,0,42.0,,voiture,,3,1,3,2,6
202400048881,2024-06-11 15:10:00,2024,6,11,15,10,62,62193,Rue de l’Equateur,50.93439,1.85665,Plein jour,En agglomération,Hors intersection,Normale,Autre collision,4,2,1,0,1,3,1,0,4,30,1,1,0,0,1,0,18.0,,deux_roues,,1,2,1,1,6
202400048882,2024-02-18 15:32:00,2024,2,18,15,32,38,38320,intersection entre la D1075 et la D52N,45.852844,5.405016,Plein jour,Hors agglomération,Intersection en T,Normale,Deux véhicules - côté,3,3,1,0,1,1,1,0,1,90,2,2,1,0,0,1,24.0,25.0,deux_roues,voiture,1,1,3,1,3
202400048882,2024-02-18 15:32:00,2024,2,18,15,32,38,38320,intersection entre la D1075 et la D52N,45.852844,5.405016,Plein jour,Hors agglomération,Intersection en T,Normale,Deux véhicules - côté,3,2,1,0,1,1,1,0,8,80,2,2,1,0,0,1,24.0,25.0,deux_roues,voiture,1,1,3,1,3
202400048883,2024-03-29 12:20:00,2024,3,29,12,20,45,45234,47 Rue du Bourdon Blanc,47.902749,1.912811,Plein jour,En agglomération,Intersection en T,Pluie légère,Deux véhicules - côté,4,2,2,0,1,2,2,0,1,30,2,2,1,0,0,1,24.0,48.0,voiture,deux_roues,1,2,3,2,3
202400048883,2024-03-29 12:20:00,2024,3,29,12,20,45,45234,47 Rue du Bourdon Blanc,47.902749,1.912811,Plein jour,En agglomération,Intersection en T,Pluie légère,Deux véhicules - côté,4,2,2,0,1,1,2,0,1,30,2,2,1,0,0,1,24.0,48.0,voiture,deux_roues,1,2,3,2,3
202400048884,2024-02-18 14:15:00,2024,2,18,14,15,24,24068,Route de Bergerac,44.840998,0.856644,Plein jour,Hors agglomération,Hors intersection,Normale,Autre collision,3,2,2,0,1,3,1,0,3,80,1,1,0,0,1,0,24.0,,deux_roues,,1,1,1,1,6
202400048885,2024-01-03 12:00:00,2024,1,3,12,0,63,63457,Route d'Ambert,45.642087,3.262081,Plein jour,Hors agglomération,Hors intersection,Normale,Autre collision,3,2,2,0,2,3,1,2,3,90,1,2,0,0,1,1,60.0,,utilitaire_camion,,1,1,1,1,6
202400048886,2024-06-11 19:05:00,2024,6,11,19,5,59,59512,Avenue Jean Lebas,50.69189,3.17243,Plein jour,En agglomération,Hors intersection,Normale,Autre collision,4,3,2,2,1,1,1,0,6,50,2,3,1,0,0,2,48.0,,deux_roues,voiture,1,2,1,1,6
202400048887,2024-02-17 19:55:00,2024,2,17,19,55,76,76222,Avenue du Président Coty,49.480331,0.873295,Nuit avec éclairage allumé,En agglomération,Intersection en X,Normale,Deux véhicules - côté,7,2,2,0,1,1,1,0,1,50,2,2,1,0,0,1,17.0,55.0,deux_roues,voiture,5,2,2,1,3
202400048887,2024-02-17 19:55:00,2024,2,17,19,55,76,76222,Avenue du Président Coty,49.480331,0.873295,Nuit avec éclairage allumé,En agglomération,Intersection en X,Normale,Deux véhicules - côté,7,2,2,0,1,1,1,0,1,50,2,2,1,0,0,1,17.0,55.0,deux_roues,voiture,5,2,2,1,3
202400048888,2024-01-05 23:07:00,2024,1,5,23,7,54,54046,RD11,48.53428301,5.83970547,Nuit sans éclairage public,Hors agglomération,Hors intersection,Normale,Autre collision,3,2,2,0,2,2,1,0,3,80,1,4,0,0,0,4,21.0,,voiture,,3,1,1,1,6
202400048889,2024-03-28 18:10:00,2024,3,28,18,10,41,41018,BAUDET (RUE ETIENNE) 1,47.58749,1.31869,Plein jour,En agglomération,Intersection en T,Normale,Deux véhicules - côté,4,2,2,0,1,1,1,5,1,30,2,2,0,0,0,2,29.0,26.0,voiture,voiture,1,2,3,1,3
202400048889,2024-03-28 18:10:00,2024,3,28,18,10,41,41018,BAUDET (RUE ETIENNE) 1,47.58749,1.31869,Plein jour,En agglomération,Intersection en T,Normale,Deux véhicules - côté,4,-1,1,0,1,1,1,5,1,30,2,2,0,0,0,2,29.0,26.0,voiture,voiture,1,2,3,1,3
202400048890,2024-05-05 16:40:00,2024,5,5,16,40,84,84007,EUROPE (Pont de l'),43.94452,4.79473,Plein jour,Hors agglomération,Hors intersection,Normale,Trois véhicules et plus - en chaîne,3,3,4,0,1,1,1,2,1,70,3,5,3,0,0,2,32.0,38.0,voiture,voiture,1,1,1,1,4
202400048891,2024-01-06 12:20:00,2024,1,6,12,20,14,14090,D562,49.058507,-0.404016,Plein jour,Hors agglomération,Hors intersection,Pluie légère,Autre collision,3,2,3,0,1,2,2,0,3,80,1,1,0,0,1,0,19.0,,voiture,,1,1,1,2,6
202400048892,2024-06-10 17:10:00,2024,6,10,17,10,59,59041,GUSSIGNIES (RUE DE),50.19725,3.85608,Plein jour,En agglomération,Hors intersection,Normale,Deux véhicules - arrière,3,2,2,0,1,1,1,0,1,50,2,2,1,0,0,1,32.0,35.0,voiture,voiture,1,2,1,1,2
202400048893,2024-03-28 15:30:00,2024,3,28,15,30,41,41018,BRIAND (QUAI ARISTIDE),47.57799,1.33014,Plein jour,En agglomération,Hors intersection,Pluie légère,Deux véhicules - côté,4,1,2,0,1,1,2,0,1,50,2,2,1,0,0,1,63.0,60.0,voiture,voiture,1,2,1,2,3
202400048894,2024-05-05 01:15:00,2024,5,5,1,15,78,78227,CD 922,49.01579,1.94027,Nuit sans éclairage public,Hors agglomération,Hors intersection,Normale,Deux véhicules - frontale,3,3,2,0,2,2,1,0,1,50,2,3,0,0,0,3,26.0,20.0,voiture,voiture,3,1,1,1,1
202400048895,2024-02-17 05:15:00,2024,2,17,5,15,13,13106,A7-Sens Marseille vers Lyon,43.39107,5.35095,Nuit sans éclairage public,Hors agglomération,Hors intersection,Normale,Trois véhicules et plus - collisions multiples,1,-1,0,0,2,3,1,0,1,90,4,4,3,0,1,0,48.0,56.0,deux_roues,utilitaire_camion,3,1,1,1,5
202400048896,2024-01-06 13:27:00,2024,1,6,13,27,05,05068,D900b,44.479625,6.088705,Plein jour,Hors agglomération,Hors intersection,Normale,Deux véhicules - frontale,3,2,2,0,1,1,1,0,1,90,2,3,0,1,2,0,21.0,73.0,utilitaire_camion,voiture,1,1,1,1,1
202400048897,2024-06-10 16:52:00,2024,6,10,16,52,59,59009,Rue du Podium,50.65301,3.14316,Plein jour,En agglomération,Intersection en T,Normale,Autre collision,4,2, -1,0,1,1,1,5,1,50,1,2,1,0,0,1,,,autre,,1,2,3,1,6
202400048897,2024-06-10 16:52:00,2024,6,10,16,52,59,59009,Rue du Podium,50.65301,3.14316,Plein jour,En agglomération,Intersection en T,Normale,Autre collision,4,2,2,2,1,1,1,0,8,50,1,2,1,0,0,1,,,autre,,1,2,3,1,6
202400048898,2024-03-28 10:45:00,2024,3,28,10,45,41,41018,MERMOZ (RUE JEAN),47.59913,1.31854,Plein jour,En agglomération,Hors intersection,Normale,Autre collision,4,2,2,1,1,1,1,0,1,50,1,1,0,0,0,1,71.0,,voiture,,1,2,1,1,6
202400048899,2024-05-05 16:10:00,2024,5,5,16,10,78,78423,TILLEULS (MAIL DES),48.78687,2.04096,Plein jour,En agglomération,Hors intersection,Pluie légère,Deux véhicules - arrière,3,1,0,0,1,1,2,0,1,50,2,2,1,0,0,1,49.0,59.0,voiture,voiture,1,2,1,2,2
202400048900,2024-01-05 15:00:00,2024,1,5,15,0,45,45182,D15 PR 22 + 468,47.684531,1.782205,Plein jour,En agglomération,Hors intersection,Normale,Deux véhicules - arrière,3,2,2,0,1,2,2,0,1,50,2,2,1,1,0,0,76.0,58.0,deux_roues,voiture,1,2,1,1,2
202400048901,2024-05-05 18:55:00,2024,5,5,18,55,71,71153,ABATTOIRS (boulevard des),46.78882377,4.4464179,Plein jour,En agglomération,Hors intersection,Pluie forte,Autre collision,3,2,5,0,2,3,2,0,1,70,1,1,0,0,1,0,23.0,,voiture,,1,2,1,3,6
202400048902,2024-02-17 00:30:00,2024,2,17,0,30,13,13211,A50-Sens Aubagne vers Marseille,43.28807985,5.44165529,Nuit sans éclairage public,Hors agglomération,Hors intersection,Normale,Trois véhicules et plus - collisions multiples,1,1,3,0,1,1,1,0,1,90,3,3,1,0,0,2,43.0,34.0,voiture,voiture,3,1,1,1,5
202400048903,2024-06-10 09:35:00,2024,6,10,9,35,59,59286,LHERMITTE FIDELE RUE,50.60937,2.97576,Plein jour,En agglomération,Hors intersection,Pluie forte,Autre collision,4,-1,2,0,1,1,2,0,1,50,1,2,1,0,0,1,67.0,,voiture,,1,2,1,3,6
202400048904,2024-01-05 20:15:00,2024,1,5,20,15,18,18201,,46.969213,2.298009,Nuit sans éclairage public,Hors agglomération,Hors intersection,Brouillard / fumée,Sans collision,3,2,2,0,1,2,2,0,8,80,1,1,0,0,1,0,55.0,,voiture,,3,1,1,5,7
202400048905,2024-03-28 12:50:00,2024,3,28,12,50,40,40192,PEMEGNAN (CHEMIN DE),43.89757,-0.46223,Plein jour,En agglomération,Hors intersection,Normale,Deux véhicules - frontale,4,2,2,0,1,1,1,0,1,50,2,2,1,1,0,0,18.0,45.0,deux_roues,voiture,1,2,1,1,1
202400048906,2024-02-14 16:15:00,2024,2,14,16,15,57,57582,Autoroute A30,49.29376961,6.16787106,Plein jour,Hors agglomération,Hors intersection,Normale,Sans collision,1,1,4,0,1,2,1,3,1,110,1,1,0,0,0,1,27.0,,utilitaire_camion,,1,1,1,1,7
202400048907,2024-05-05 05:15:00,2024,5,5,5,15,69,69264,Boulevard Burdeau,45.9954602,4.72279744,Nuit avec éclairage allumé,En agglomération,Hors intersection,Pluie légère,Deux véhicules - côté,3,2,2,0,3,1,2,2,1,50,2,3,2,0,1,0,19.0,33.0,voiture,voiture,5,2,1,2,3
202400048908,2024-01-05 20:15:00,2024,1,5,20,15,21,21416,D701,47.390404,5.31705,Nuit sans éclairage public,Hors agglomération,Giratoire,Normale,Sans collision,3,2,2,0,1,1,1,0,1,90,1,2,1,0,1,0,45.0,,voiture,,3,1,6,1,7
202400048909,2024-03-29 13:45:00,2024,3,29,13,45,38,38185,RUE ÉMILE GUEYMARD,45.19197,5.71508,Plein jour,En agglomération,Hors intersection,Temps couvert,Deux véhicules - arrière,4,2,2,0,1,1,1,0,1,30,2,2,1,0,0,1,22.0,43.0,deux_roues,transport_commun,1,2,1,8,2
202400048910,2024-06-11 08:10:00,2024,6,11,8,10,56,56260,Rue du R.I.C.M,47.65957,-2.73793,Plein jour,En agglomération,Hors intersection,Normale,Deux véhicules - côté,4,2,2,0,1,1,1,0,1,20,2,2,1,0,0,1,38.0,11.0,voiture,deux_roues,1,2,1,1,3
202400048911,2024-05-05 06:10:00,2024,5,5,6,10,69,69092,Rue de Tarare,45.98064,4.69277,Crépuscule ou aube,Hors agglomération,Hors intersection,Pluie légère,Deux véhicules - côté,3,2,2,2,1,1,2,0,1,80,2,2,0,0,1,1,20.0,54.0,voiture,voiture,2,1,1,2,3
202400048912,2024-01-05 14:03:00,2024,1,5,14,3,27,27547,rue de la croix de fer,49.056939,0.391849,Plein jour,Hors agglomération,Hors intersection,Pluie légère,Deux véhicules - frontale,4,2,2,0,1,2,2,0,1,80,2,2,1,0,0,1,53.0,31.0,voiture,voiture,1,1,1,2,1
202400048913,2024-03-29 19:13:00,2024,3,29,19,13,36,36044,,46.79534,1.66534,Plein jour,En agglomération,Hors intersection,Pluie forte,Autre collision,4,2,2,0,1,2,2,2,1,30,1,2,1,0,0,1,20.0,,voiture,,1,2,1,3,6
202400048914,2024-02-17 15:45:00,2024,2,17,15,45,33,33063,,44.882016,-0.548258,Plein jour,Hors agglomération,Hors intersection,Normale,Trois véhicules et plus - en chaîne,1,3,6,1,2,1,1,2,1,70,3,5,4,0,0,1,25.0,42.0,voiture,utilitaire_camion,1,1,1,1,4
202400048915,2024-05-04 10:00:00,2024,5,4,10,0,69,69264,Rue Pierre Berthier,45.98699726,4.72211739,Plein jour,En agglomération,Hors intersection,Temps couvert,Deux véhicules - côté,3,2,3,0,1,1,1,0,5,30,2,2,1,0,0,1,50.0,66.0,voiture,deux_roues,1,2,1,8,3
202400048916,2024-06-11 11:20:00,2024,6,11,11,20,54,54329,Avenue de la Libération,48.58677,6.5099,Plein jour,En agglomération,Hors intersection,Normale,Deux véhicules - côté,3,2,3,2,1,1,1,-1,5,50,2,2,1,0,0,1,90.0,16.0,voiture,deux_roues,1,2,1,1,3
202400048917,2024-01-05 19:50:00,2024,1,5,19,50,37,37173,Rue des Acacias,47.134407,1.300973,Nuit avec éclairage allumé,En agglomération,Intersection en Y,Pluie légère,Deux véhicules - frontale,3,2,2,0,1,1,2,0,1,50,2,3,1,0,1,1,16.0,39.0,deux_roues,voiture,5,2,4,2,1
202400048917,2024-01-05 19:50:00,2024,1,5,19,50,37,37173,Rue des Acacias,47.134407,1.300973,Nuit avec éclairage allumé,En agglomération,Intersection en Y,Pluie légère,Deux véhicules - frontale,3,2,2,0,1,2,2,0,1,50,2,3,1,0,1,1,16.0,39.0,deux_roues,voiture,5,2,4,2,1
202400048918,2024-03-29 21:00:00,2024,3,29,21,0,35,35238,VERN (DE),48.09875,-1.6565,Nuit avec éclairage allumé,En agglomération,Hors intersection,Normale,Trois véhicules et plus - collisions multiples,4,2,2,3,1,1,1,0,1,30,3,3,2,0,0,1,59.0,23.0,voiture,voiture,5,2,1,1,5
202400048919,2024-01-06 10:15:00,2024,1,6,10,15,30,30259,2052 Route de Nîmes,44.090047,4.109262,Plein jour,En agglomération,Hors intersection,Normale,Deux véhicules - frontale,3,2,2,0,1,1,1,0,1,50,2,2,0,0,1,1,79.0,31.0,voiture,deux_roues,1,2,1,1,1
202400048920,2024-05-04 16:15:00,2024,5,4,16,15,62,62193,Avenue Roger Salengro,50.94443,1.82269,Plein jour,En agglomération,Hors intersection,Normale,Deux véhicules - arrière,4,1,2,0,1,1,1,0,1,50,2,3,1,0,0,2,23.0,37.0,voiture,voiture,1,2,1,1,2
202400048921,2024-02-17 12:40:00,2024,2,17,12,40,92,92002,RN 385,48.76012157,2.28083073,Plein jour,Hors agglomération,Hors intersection,Normale,Trois véhicules et plus - en chaîne,2,1,2,0,1,1,1,0,1,90,3,4,3,0,0,1,50.0,29.0,voiture,voiture,1,1,1,1,4
202400048922,2024-06-11 08:00:00,2024,6,11,8,0,54,54273,Rue Victor Hugo,49.16493,5.87519,Plein jour,En agglomération,Hors intersection,Temps éblouissant,Deux véhicules - frontale,3,2,2,0,1,1,1,0,1,50,2,2,1,0,1,0,17.0,44.0,deux_roues,utilitaire_camion,1,2,1,7,1
202400048923,2024-03-29 13:50:00,2024,3,29,13,50,34,34172,GRAND SAINT JEAN (RUE DU),43.60432,3.87777,Plein jour,En agglomération,Hors intersection,Normale,Autre collision,4,1,3,0,1,1,1,9,1,30,1,2,1,0,1,0,62.0,,voiture,,1,2,1,1,6
202400048924,2024-02-17 15:25:00,2024,2,17,15,25,92,92050,A14,48.89648239,2.22334855,Plein jour,Hors agglomération,Hors intersection,Normale,Deux véhicules - arrière,1,1,3,0,1,1,1,1,1,90,2,2,1,0,1,0,25.0,46.0,deux_roues,utilitaire_camion,1,1,1,1,2
202400048925,2024-01-06 01:30:00,2024,1,6,1,30,30,30284,N106,44.160403,4.059706,Nuit sans éclairage public,Hors agglomération,Hors intersection,Normale,Deux véhicules - côté,2,2,2,0,1,1,1,0,1,80,2,4,0,1,0,3,37.0,20.0,utilitaire_camion,voiture,3,1,1,1,3
202400048926,2024-05-05 17:25:00,2024,5,5,17,25,59,59350,Place Antoine Tacq,50.62092,3.03468,Plein jour,En agglomération,Intersection à plus de 4 branches,Normale,Deux véhicules - côté,7,1,1,0,1,1,1,0,1,50,2,2,1,0,0,1,28.0,38.0,voiture,voiture,1,2,5,1,3
202400048926,2024-05-05 17:25:00,2024,5,5,17,25,59,59350,Place Antoine Tacq,50.62092,3.03468,Plein jour,En agglomération,Intersection à plus de 4 branches,Normale,Deux véhicules - côté,7,1,2,1,1,1,1,0,1,50,2,2,1,0,0,1,28.0,38.0,voiture,voiture,1,2,5,1,3
202400048927,2024-01-06 11:30:00,2024,1,6,11,30,88,88099,1 Rue Nicolas Barry,48.216123,6.437688,Plein jour,En agglomération,Giratoire,Pluie légère,Autre collision,4,1,2,0,2,2,2,9,1,50,1,1,0,0,0,1,20.0,,deux_roues,,1,2,6,2,6
202400048928,2024-03-29 12:00:00,2024,3,29,12,0,34,34172,CROIX CAPITAINE (AVENUE DE LA),43.603215,3.862317,Plein jour,En agglomération,Hors intersection,Normale,Deux véhicules - côté,4,2,0,0,1,1,1,0,1,50,2,2,1,0,0,1,53.0,40.0,voiture,deux_roues,1,2,1,1,3
202400048929,2024-02-17 13:35:00,2024,2,17,13,35,92,92064,A13,48.83969235,2.21105474,Plein jour,Hors agglomération,Hors intersection,Normale,Trois véhicules et plus - en chaîne,1,1,1,0,1,1,1,0,1,90,3,3,2,0,0,1,30.0,39.0,voiture,voiture,1,1,1,1,4
202400048930,2024-06-10 15:25:00,2024,6,10,15,25,49,49246,GAULLE RUE CHARLES DE,47.42458,-0.52505,Plein jour,En agglomération,Hors intersection,Normale,Trois véhicules et plus - en chaîne,3,-1,2,0,1,1,1,0,1,50,3,4,2,0,0,2,44.0,24.0,voiture,voiture,1,2,1,1,4
202400048931,2024-05-04 17:20:00,2024,5,4,17,20,56,56260,Rue Jean Martin,47.65327,-2.74157,Plein jour,En agglomération,Giratoire,Normale,Deux véhicules - côté,4,2,2,1,1,3,1,-1,5,30,2,2,1,0,0,1,16.0,16.0,deux_roues,deux_roues,1,2,6,1,3
202400048932,2024-01-05 12:40:00,2024,1,5,12,40,68,68375,Rue d'Ensisheim,47.822005,7.275967,Plein jour,Hors agglomération,Autre intersection,Normale,Deux véhicules - côté,3,2,2,0,1,1,1,0,1,70,2,2,0,0,0,2,62.0,49.0,voiture,voiture,1,1,9,1,3
202400048933,2024-03-29 13:55:00,2024,3,29,13,55,34,34172,PONT DE LAVERUNE (RUE DU),43.60728,3.83829,Plein jour,En agglomération,Hors intersection,Temps éblouissant,Autre collision,4,2,3,0,1,1,1,9,1,20,1,2,1,0,0,1,27.0,,deux_roues,,1,2,1,7,6
202400048934,2024-05-04 19:30:00,2024,5,4,19,30,45,45004,D2007 PR 27 + 1261,47.984043,2.741428,Plein jour,Hors agglomération,Hors intersection,Pluie légère,Autre collision,3,3,1,0,3,2,2,3,1,50,1,1,0,0,0,1,20.0,,voiture,,1,1,1,2,6
202400048935,2024-02-17 02:25:00,2024,2,17,2,25,95,95277,D170,48.97812113,2.44278594,Nuit avec éclairage non allumé,Hors agglomération,Hors intersection,Normale,Deux véhicules - arrière,3,1,4,0,1,1,1,3,1,70,2,2,1,0,1,0,33.0,25.0,deux_roues,voiture,4,1,1,1,2
202400048936,2024-06-10 08:45:00,2024,6,10,8,45,49,49246,HUGO VICTOR RUE,47.42963,-0.52792,Plein jour,En agglomération,Hors intersection,Normale,Deux véhicules - côté,3,2,2,0,1,1,1,0,1,50,2,2,1,0,0,1,18.0,44.0,deux_roues,voiture,1,2,1,1,3
202400048937,2024-01-06 11:35:00,2024,1,6,11,35,01,01115,"A40, pk 185.000, direction GENEVE",46.270874,5.06223,Plein jour,Hors agglomération,Hors intersection,Normale,Deux véhicules - arrière,1,3,2,0,1,1,1,0,1,130,2,4,2,0,0,2,37.0,50.0,voiture,utilitaire_camion,1,1,1,1,2
202400048938,2024-05-05 09:00:00,2024,5,5,9,0,42,42218,Avenue de Rochetaillée,45.419348,4.399394,Plein jour,En agglomération,Hors intersection,Normale,Autre collision,4,2,2,0,1,3,1,0,1,50,1,2,0,0,1,1,24.0,,voiture,,1,2,1,1,6
202400048939,2024-03-29 16:50:00,2024,3,29,16,50,31,31555,ALL FORAIN FRANCOIS VERDIER,43.59855011,1.45251542,Plein jour,En agglomération,Intersection en T,Normale,Deux véhicules - côté,4,2,2,0,1,1,1,0,1,30,2,2,1,0,0,1,66.0,19.0,voiture,deux_roues,1,2,3,1,3
202400048939,2024-03-29 16:50:00,2024,3,29,16,50,31,31555,ALL FORAIN FRANCOIS VERDIER,43.59855011,1.45251542,Plein jour,En agglomération,Intersection en T,Normale,Deux véhicules - côté,4,1,1,0,1,1,1,0,8,30,2,2,1,0,0,1,66.0,19.0,voiture,deux_roues,1,2,3,1,3
202400048940,2024-01-05 20:30:00,2024,1,5,20,30,69,69268,Avenue du General Brosset,45.65743046,4.75125236,Nuit avec éclairage allumé,Hors agglomération,Hors intersection,Normale,Deux véhicules - arrière,3,2,3,0,1,1,1,0,1,70,2,3,2,0,0,1,30.0,19.0,voiture,voiture,5,1,1,1,2
202400048941,2024-06-11 17:25:00,2024,6,11,17,25,47,47031,Avenue de Bigorre,44.18035,0.63402,Plein jour,En agglomération,Hors intersection,Normale,Deux véhicules - côté,3,2,2,0,1,1,1,0,1,50,2,2,1,0,0,1,17.0,46.0,deux_roues,voiture,1,2,1,1,3
202400048942,2024-02-17 17:00:00,2024,2,17,17,0,94,94017,A4,48.82665078,2.51617424,Plein jour,Hors agglomération,Hors intersection,Normale,Trois véhicules et plus - en chaîne,1,1,4,0,1,1,1,1,1,90,6,6,5,0,0,1,22.0,74.0,utilitaire_camion,voiture,1,1,1,1,4
202400048943,2024-03-29 00:35:00,2024,3,29,0,35,31,31555,AV ETIENNE BILLIERES,43.59761774,1.42956108,Nuit avec éclairage allumé,En agglomération,Intersection en T,Normale,Deux véhicules - côté,4,2,2,0,1,1,1,0,1,30,2,3,1,0,0,2,20.0,42.0,voiture,deux_roues,5,2,3,1,3
202400048943,2024-03-29 00:35:00,2024,3,29,0,35,31,31555,AV ETIENNE BILLIERES,43.59761774,1.42956108,Nuit avec éclairage allumé,En agglomération,Intersection en T,Normale,Deux véhicules - côté,4,-1,1,1,1,1,1,0,1,30,2,3,1,0,0,2,20.0,42.0,voiture,deux_roues,5,2,3,1,3