accident_id,datetime,annee,mois,jour,heure,minute,departement,commune_insee,adresse,latitude,longitude,luminosite,agglomeration,intersection,meteo,collision,catr,circ,nbv,vosp,prof,plan,surf,infra,situ,vma,nb_vehicules,nb_usagers,nb_indemnes,nb_tues,nb_blesses_hosp,nb_blesses_legers,age_cond_1,age_cond_2,veh_type_cond_1,veh_type_cond_2,lum_code,agg_code,int_code,atm_code,col_code
202400048944,2024-06-11 08:30:00,2024,6,11,8,30,45,45004,43 Rue des Écoles,47.97429,2.74762,Plein jour,En agglomération,Hors intersection,Normale,Deux véhicules - côté,4,1,1,0,1,1,1,9,1,50,2,4,2,0,1,1,39.0,52.0,voiture,transport_commun,1,2,1,1,3
202400048945,2024-01-02 00:45:00,2024,1,2,0,45,28,28199,Autoroute A10,48.210919,1.847806,Nuit sans éclairage public,Hors agglomération,Hors intersection,Vent fort / tempête,Trois véhicules et plus - en chaîne,1,3,3,0,1,1,2,0,1,130,3,6,2,0,0,4,61.0,23.0,voiture,voiture,3,1,1,6,4
202400048946,2024-05-04 16:00:00,2024,5,4,16,0,37,37261,MALRAUX (QUAI ANDRE),47.39743,0.70164,Plein jour,En agglomération,Hors intersection,Pluie légère,Deux véhicules - arrière,4,2,4,0,1,1,2,9,1,50,2,8,7,0,0,1,28.0,24.0,voiture,voiture,1,2,1,2,2
202400048947,2024-02-17 06:45:00,2024,2,17,6,45,94,94075,N19,48.7314664,2.52344484,Nuit sans éclairage public,Hors agglomération,Hors intersection,Normale,Deux véhicules - côté,2,3,0,0,1,1,1,0,1,90,2,2,1,0,0,1,22.0,42.0,voiture,voiture,3,1,1,1,3
202400048948,2024-06-05 17:15:00,2024,6,5,17,15,42,42207,Route du Coin,45.46959696,4.52938266,Plein jour,En agglomération,Hors intersection,Normale,Autre collision,4,1,1,0,1,1,1,0,1,30,1,3,2,0,0,1,20.0,,voiture,,1,2,1,1,6
202400048949,2024-03-29 14:50:00,2024,3,29,14,50,29,29232,Rond-Point de Troyalac'h,47.9782103,-4.02114783,Plein jour,En agglomération,Giratoire,Pluie légère,Deux véhicules - arrière,3,3,4,0,1,1,2,5,1,50,2,2,0,0,0,2,20.0,41.0,voiture,utilitaire_camion,1,2,6,2,2
202400048950,2024-05-05 15:25:00,2024,5,5,15,25,33,33063,,44.83436,-0.56401,Plein jour,En agglomération,Hors intersection,Normale,Autre collision,4,1,1,0,1,1,1,0,1,50,1,2,1,0,1,0,78.0,,voiture,,1,2,1,1,6
202400048951,2024-01-05 22:50:00,2024,1,5,22,50,38,38029,A43,45.57057676,5.56350176,Nuit sans éclairage public,Hors agglomération,Hors intersection,Pluie légère,Deux véhicules - frontale,1,3,2,0,1,1,2,0,1,130,2,3,0,1,1,1,40.0,45.0,voiture,voiture,3,1,1,2,1
202400048952,2024-01-05 18:55:00,2024,1,5,18,55,76,76391,A13,49.341077,0.93519,Nuit sans éclairage public,Hors agglomération,Hors intersection,Temps couvert,Sans collision,1,3,9,0,1,1,2,0,1,130,1,1,0,0,0,1,42.0,,deux_roues,,3,1,1,8,7
202400048953,2024-03-29 17:45:00,2024,3,29,17,45,29,29019,QUELIVERZAN,48.391107,-4.50683,Plein jour,En agglomération,Intersection en T,Normale,Deux véhicules - côté,4,1,1,0,1,1,1,5,1,50,2,3,1,0,0,2,27.0,30.0,voiture,utilitaire_camion,1,2,3,1,3
202400048953,2024-03-29 17:45:00,2024,3,29,17,45,29,29019,QUELIVERZAN,48.391107,-4.50683,Plein jour,En agglomération,Intersection en T,Normale,Deux véhicules - côté,4,2,2,0,1,1,1,5,1,50,2,3,1,0,0,2,27.0,30.0,voiture,utilitaire_camion,1,2,3,1,3
202400048954,2024-05-05 06:34:00,2024,5,5,6,34,33,33063,,44.87417,-0.56487,Crépuscule ou aube,En agglomération,Hors intersection,Normale,Autre collision,4,3,4,0,1,1,1,0,1,50,1,1,0,0,0,1,25.0,,voiture,,2,2,1,1,6
202400048955,2024-03-29 14:00:00,2024,3,29,14,0,27,27229,MONNET (RUE JEAN),49.03401,1.18271,Plein jour,En agglomération,Hors intersection,Normale,Autre collision,4,1,2,0,1,2,1,0,1,50,1,1,0,0,0,1,27.0,,voiture,,1,2,1,1,6
202400048956,2024-01-06 05:40:00,2024,1,6,5,40,988,98821,Tribu de Bangou - Terre coutumière,-22.03597,166.27166,Plein jour,Hors agglomération,Intersection en X,Normale,Deux véhicules - frontale,5,2,2,0,1,1,1,0,1,50,2,5,2,1,2,0,22.0,48.0,deux_roues,voiture,1,1,2,1,1
202400048956,2024-01-06 05:40:00,2024,1,6,5,40,988,98821,Tribu de Bangou - Terre coutumière,-22.03597,166.27166,Plein jour,Hors agglomération,Intersection en X,Normale,Deux véhicules - frontale,5,2,2,-1,-1,1,1,-1,1,-1,2,5,2,1,2,0,22.0,48.0,deux_roues,voiture,1,1,2,1,1
202400048957,2024-02-16 10:15:00,2024,2,16,10,15,988,98818,RUE ANDRE DE BECHADE,-22.24564,166.46378,Plein jour,En agglomération,Hors intersection,Normale,Trois véhicules et plus - collisions multiples,4,2,2,0,1,4,1,0,1,50,4,13,10,0,0,3,23.0,47.0,voiture,voiture,1,2,1,1,5
202400048958,2024-01-05 16:00:00,2024,1,5,16,0,978,97801,R LADY FISH,18.059752,-63.099301,Plein jour,En agglomération,Hors intersection,Normale,Autre collision,4,2,2,0,1,1,1,0,1,30,1,2,0,0,1,1,19.0,,deux_roues,,1,2,1,1,6
202400048959,2024-03-29 19:00:00,2024,3,29,19,0,25,25056,LANGUEDOC RUE DU,47.219761,5.965558,Plein jour,En agglomération,Giratoire,Temps couvert,Autre collision,4,3, -1,2,1,1,1,5,1,-1,1,2,1,0,0,1,72.0,,voiture,,1,2,6,8,6
202400048959,2024-03-29 19:00:00,2024,3,29,19,0,25,25056,LANGUEDOC RUE DU,47.219761,5.965558,Plein jour,En agglomération,Giratoire,Temps couvert,Autre collision,4,2,2,0,1,1,1,6,8,50,1,2,1,0,0,1,72.0,,voiture,,1,2,6,8,6
202400048960,2024-05-22 17:35:00,2024,5,22,17,35,42,42218,Avenue de Rochetaillée,45.41838,4.3999,Plein jour,En agglomération,Intersection en T,Normale,Trois véhicules et plus - collisions multiples,4,1,1,0,1,1,1,0,1,50,3,3,2,0,0,1,17.0,53.0,deux_roues,voiture,1,2,3,1,5
202400048960,2024-05-22 17:35:00,2024,5,22,17,35,42,42218,Avenue de Rochetaillée,45.41838,4.3999,Plein jour,En agglomération,Intersection en T,Normale,Trois véhicules et plus - collisions multiples,4,2,2,0,1,1,1,0,1,50,3,3,2,0,0,1,17.0,53.0,deux_roues,voiture,1,2,3,1,5
202400048961,2024-02-14 12:10:00,2024,2,14,12,10,974,97411,ANNE (SAINTE-),-20.88278,55.44757,Plein jour,En agglomération,Intersection en T,Normale,Autre collision,4,1,1,0,1,1,1,0,1,30,1,2,1,0,0,1,51.0,,voiture,,1,2,3,1,6
202400048961,2024-02-14 12:10:00,2024,2,14,12,10,974,97411,ANNE (SAINTE-),-20.88278,55.44757,Plein jour,En agglomération,Intersection en T,Normale,Autre collision,4,1,1,0,2,1,1,0,1,30,1,2,1,0,0,1,51.0,,voiture,,1,2,3,1,6
202400048962,2024-01-05 23:55:00,2024,1,5,23,55,13,13104,Boulevard Neptune,43.331027,5.117483,Nuit avec éclairage allumé,En agglomération,Intersection en T,Pluie légère,Deux véhicules - côté,3,2,2,0,1,1,2,0,1,50,2,2,1,0,1,0,18.0,34.0,deux_roues,voiture,5,2,3,2,3
202400048962,2024-01-05 23:55:00,2024,1,5,23,55,13,13104,Boulevard Neptune,43.331027,5.117483,Nuit avec éclairage allumé,En agglomération,Intersection en T,Pluie légère,Deux véhicules - côté,3,2, -1,-1,1,1,2,0,1,-1,2,2,1,0,1,0,18.0,34.0,deux_roues,voiture,5,2,3,2,3
202400048963,2024-05-05 20:20:00,2024,5,5,20,20,26,26362,Avenue du Tricastin,44.9359344,4.88898039,Plein jour,En agglomération,Hors intersection,Normale,Sans collision,4,2,2,0,1,1,1,0,1,50,1,2,0,0,0,2,49.0,,voiture,,1,2,1,1,7
202400048964,2024-01-03 17:50:00,2024,1,3,17,50,77,77084,D3e,48.959172,3.040874,Nuit sans éclairage public,Hors agglomération,Autre intersection,Pluie forte,Sans collision,3,2,2,0,1,1,3,0,1,80,1,1,0,0,1,0,71.0,,deux_roues,,3,1,9,3,7
202400048965,2024-03-29 04:45:00,2024,3,29,4,45,13,13208,PRADO (AVENUE DU),43.30434,5.41544,Nuit avec éclairage allumé,En agglomération,Intersection en X,Normale,Deux véhicules - côté,4,2,3,3,1,1,1,0,6,50,2,2,0,0,0,2,32.0,44.0,voiture,utilitaire_camion,5,2,2,1,3
202400048965,2024-03-29 04:45:00,2024,3,29,4,45,13,13208,PRADO (AVENUE DU),43.30434,5.41544,Nuit avec éclairage allumé,En agglomération,Intersection en X,Normale,Deux véhicules - côté,4,2,4,0,1,1,1,0,8,50,2,2,0,0,0,2,32.0,44.0,voiture,utilitaire_camion,5,2,2,1,3
202400048966,2024-01-06 14:00:00,2024,1,6,14,0,52,52449,D17,47.82349176,5.39730352,Plein jour,Hors agglomération,Hors intersection,Pluie légère,Sans collision,3,2,2,0,1,3,2,0,3,80,1,1,0,0,0,1,56.0,,voiture,,1,1,1,2,7
202400048967,2024-02-16 20:50:00,2024,2,16,20,50,974,97407,ROUTE DU SACRE COEUR,-20.95885,55.32,Nuit sans éclairage public,En agglomération,Hors intersection,Normale,Trois véhicules et plus - collisions multiples,2,2,2,1,2,1,1,0,5,50,3,4,3,0,1,0,52.0,34.0,voiture,voiture,3,2,1,1,5
202400048968,2024-01-05 10:45:00,2024,1,5,10,45,68,68287,D83,47.946369,7.292379,Plein jour,Hors agglomération,Hors intersection,Normale,Autre collision,3,3,2,0,1,1,1,0,1,110,1,2,0,0,2,0,72.0,,voiture,,1,1,1,1,6
202400048969,2024-06-10 18:45:00,2024,6,10,18,45,42,42218,Place Louis Comte,45.43179,4.38785,Plein jour,En agglomération,Hors intersection,Normale,Autre collision,4,1,1,0,2,1,1,0,1,50,1,1,0,0,0,1,,,,,1,2,1,1,6
202400048970,2024-03-28 11:30:00,2024,3,28,11,30,13,13207,Corniche John Fitzgérald Kennedy,43.26858,5.37053,Plein jour,En agglomération,Intersection en X,Normale,Deux véhicules - côté,4,-1,2,0,2,1,1,0,1,50,2,2,1,0,0,1,40.0,34.0,deux_roues,voiture,1,2,2,1,3
202400048970,2024-03-28 11:30:00,2024,3,28,11,30,13,13207,Corniche John Fitzgérald Kennedy,43.26858,5.37053,Plein jour,En agglomération,Intersection en X,Normale,Deux véhicules - côté,4,2,4,1,1,3,1,0,1,50,2,2,1,0,0,1,40.0,34.0,deux_roues,voiture,1,2,2,1,3
202400048971,2024-02-16 21:20:00,2024,2,16,21,20,973,97302,MANDELA  (BOULEVARD),4.94063,-52.3268,Nuit avec éclairage allumé,En agglomération,Intersection en X,Normale,Deux véhicules - côté,4,2,2,0,1,1,1,0,1,50,2,2,1,0,0,1,23.0,61.0,deux_roues,utilitaire_camion,5,2,2,1,3
202400048971,2024-02-16 21:20:00,2024,2,16,21,20,973,97302,MANDELA  (BOULEVARD),4.94063,-52.3268,Nuit avec éclairage allumé,En agglomération,Intersection en X,Normale,Deux véhicules - côté,4,3,2,0,1,1,1,0,1,50,2,2,1,0,0,1,23.0,61.0,deux_roues,utilitaire_camion,5,2,2,1,3
202400048972,2024-01-06 11:00:00,2024,1,6,11,0,63,63226,D1,45.777109,3.24705,Plein jour,Hors agglomération,Hors intersection,Pluie légère,Deux véhicules - côté,3,2,2,0,2,2,2,0,1,70,2,2,1,0,0,1,37.0,30.0,voiture,voiture,1,1,1,2,3
202400048973,2024-04-25 05:54:00,2024,4,25,5,54,22,22113,R.D.767,48.7238,-3.43073,Crépuscule ou aube,En agglomération,Giratoire,Pluie légère,Autre collision,3,1,2,0,1,1,2,0,3,50,1,1,0,0,0,1,22.0,,voiture,,2,2,6,2,6
202400048973,2024-04-25 05:54:00,2024,4,25,5,54,22,22113,R.D.767,48.7238,-3.43073,Crépuscule ou aube,En agglomération,Giratoire,Pluie légère,Autre collision,3,1,2,0,1,1,2,5,3,50,1,1,0,0,0,1,22.0,,voiture,,2,2,6,2,6
202400048974,2024-01-05 17:40:00,2024,1,5,17,40,26,26038,D67,45.046587,4.932046,Crépuscule ou aube,Hors agglomération,Hors intersection,Pluie légère,Deux véhicules - frontale,3,2,2,0,1,1,2,0,1,80,2,2,0,0,1,1,31.0,48.0,voiture,voiture,2,1,1,2,1
202400048975,2024-02-16 15:26:00,2024,2,16,15,26,973,97302,ROUGET DE L ' ISLE,4.93861,-52.32701,Plein jour,En agglomération,Intersection en X,Normale,Deux véhicules - côté,4,1,1,0,1,1,1,0,1,50,2,2,1,0,0,1,23.0,51.0,deux_roues,voiture,1,2,2,1,3
202400048975,2024-02-16 15:26:00,2024,2,16,15,26,973,97302,ROUGET DE L ' ISLE,4.93861,-52.32701,Plein jour,En agglomération,Intersection en X,Normale,Deux véhicules - côté,4,1,1,0,1,1,1,0,1,50,2,2,1,0,0,1,23.0,51.0,deux_roues,voiture,1,2,2,1,3
202400048976,2024-06-11 13:15:00,2024,6,11,13,15,41,41018,MAUNOURY (AVENUE DE MARECHAL),47.59533,1.34084,Plein jour,En agglomération,Hors intersection,Normale,Deux véhicules - côté,4,1,4,0,1,1,1,0,1,50,2,2,0,0,0,2,74.0,18.0,voiture,deux_roues,1,2,1,1,3
202400048977,2024-01-06 18:26:00,2024,1,6,18,26,60,60009,Avenue Paul Greber,49.408268,2.121075,Nuit avec éclairage allumé,En agglomération,Hors intersection,Pluie légère,Autre collision,4,2,2,0,2,1,2,9,1,50,1,3,1,0,0,2,63.0,,voiture,,5,2,1,2,6
202400048978,2024-05-04 15:10:00,2024,5,4,15,10,22,22113,R.D.767,48.761782,-3.447333,Plein jour,Hors agglomération,Hors intersection,Normale,Deux véhicules - côté,3,2,1,0,1,1,1,0,1,80,2,2,0,0,0,2,30.0,77.0,voiture,voiture,1,1,1,1,3
202400048979,2024-02-16 19:45:00,2024,2,16,19,45,69,69387,Rue Michel Felizat,45.74004,4.83742,Nuit avec éclairage allumé,En agglomération,Autre intersection,Normale,Deux véhicules - côté,4,1,1,2,1,1,1,0,1,30,2,3,2,0,0,1,51.0,42.0,voiture,voiture,5,2,9,1,3
202400048980,2024-02-29 08:05:00,2024,2,29,8,5,13,13063,MARECHAL JUIN AVENUE,43.58234,4.99597,Plein jour,En agglomération,Hors intersection,Normale,Deux véhicules - arrière,4,2, -1,0,1,1,1,0,1,50,2,4,3,0,0,1,29.0,45.0,voiture,voiture,1,2,1,1,2
202400048981,2024-05-04 12:55:00,2024,5,4,12,55,16,16102,,45.68642594,-0.32353878,Plein jour,En agglomération,Hors intersection,Pluie légère,Deux véhicules - côté,3,2,2,0,2,1,2,0,1,50,2,2,0,0,1,1,22.0,58.0,voiture,voiture,1,2,1,2,3
202400048982,2024-06-11 10:15:00,2024,6,11,10,15,37,37122,JEAN JAURES,47.34912008,0.66574851,Plein jour,En agglomération,Hors intersection,Normale,Deux véhicules - arrière,4,2,2,0,1,1,1,0,1,50,2,2,1,0,0,1,29.0,74.0,voiture,voiture,1,2,1,1,2
202400048983,2024-01-04 19:37:00,2024,1,4,19,37,13,13117,A7-Sens Marseille vers Lyon,43.44617245,5.24263165,Nuit sans éclairage public,Hors agglomération,Hors intersection,Normale,Deux véhicules - arrière,1,1,2,0,1,1,1,0,1,110,2,3,1,0,0,2,33.0,26.0,voiture,utilitaire_camion,3,1,1,1,2
202400048984,2024-01-05 13:20:00,2024,1,5,13,20,83,83144,A57,43.14119016,6.0027409,Plein jour,Hors agglomération,Hors intersection,Pluie légère,Autre collision,1,1,2,0,1,3,2,9,1,50,1,3,1,0,0,2,19.0,,voiture,,1,1,1,2,6
202400048985,2024-03-29 13:45:00,2024,3,29,13,45,13,13063,ARISTIDE BRIAND BOULEVARD,43.58162,5.00345,Plein jour,En agglomération,Hors intersection,Normale,Deux véhicules - côté,4,2,2,0,2,1,1,0,1,50,2,2,1,0,0,1,24.0,25.0,deux_roues,voiture,1,2,1,1,3
202400048986,2024-02-16 15:15:00,2024,2,16,15,15,69,69386,Rue Bossuet,45.7682,4.85442,Plein jour,En agglomération,Intersection en X,Normale,Deux véhicules - côté,4,1,1,2,1,1,1,0,1,30,2,4,3,0,0,1,70.0,47.0,voiture,voiture,1,2,2,1,3
202400048986,2024-02-16 15:15:00,2024,2,16,15,15,69,69386,Rue Bossuet,45.7682,4.85442,Plein jour,En agglomération,Intersection en X,Normale,Deux véhicules - côté,4,1,1,2,1,1,1,0,1,30,2,4,3,0,0,1,70.0,47.0,voiture,voiture,1,2,2,1,3
202400048987,2024-05-05 05:40:00,2024,5,5,5,40,13,13043,FRANCOIS MITTERAND (AV ),43.39649,5.24337,Nuit sans éclairage public,En agglomération,Hors intersection,Normale,Trois véhicules et plus - en chaîne,3,3,2,0,1,1,1,0,1,50,3,7,6,0,0,1,30.0,23.0,voiture,voiture,3,2,1,1,4
202400048988,2024-01-03 18:30:00,2024,1,3,18,30,69,69297,Autoroute 7,45.59306096,4.79683731,Crépuscule ou aube,Hors agglomération,Hors intersection,Normale,Trois véhicules et plus - collisions multiples,1,3,6,0,1,1,1,0,1,110,3,3,2,0,0,1,,35.0,voiture,voiture,2,1,1,1,5
202400048989,2024-02-16 14:25:00,2024,2,16,14,25,69,69388,Avenue Rockefeller,45.74259453,4.8793593,Plein jour,En agglomération,Passage à niveau,Normale,Autre collision,4,2,4,3,1,1,1,4,4,30,1,2,1,0,0,1,47.0,,transport_commun,,1,2,8,1,6
202400048990,2024-03-29 15:40:00,2024,3,29,15,40,11,11069,,43.20337,2.37461,Plein jour,Hors agglomération,Autre intersection,Normale,Deux véhicules - côté,3,2,2,0,2,3,1,0,1,80,2,3,1,0,0,2,51.0,56.0,utilitaire_camion,voiture,1,1,9,1,3
202400048991,2024-05-04 23:40:00,2024,5,4,23,40,13,13214,EDOUARD CALVET (RUE),43.33197,5.3865,Nuit avec éclairage allumé,En agglomération,Intersection en T,Normale,Deux véhicules - côté,4,2,2,0,1,1,1,0,1,50,3,3,2,0,1,0,17.0,31.0,deux_roues,voiture,5,2,3,1,3
202400048991,2024-05-04 23:40:00,2024,5,4,23,40,13,13214,EDOUARD CALVET (RUE),43.33197,5.3865,Nuit avec éclairage allumé,En agglomération,Intersection en T,Normale,Deux véhicules - côté,4,2,2,0,1,3,1,0,1,50,3,3,2,0,1,0,17.0,31.0,deux_roues,voiture,5,2,3,1,3
202400048992,2024-01-04 19:20:00,2024,1,4,19,20,33,33281,,44.82892129,-0.67556933,Nuit sans éclairage public,Hors agglomération,Hors intersection,Temps couvert,Autre collision,1,2,6,0,1,1,1,3,1,50,1,1,0,0,0,1,38.0,,deux_roues,,3,1,1,8,6
202400048993,2024-05-05 09:35:00,2024,5,5,9,35,06,06030,21 Avenue des Ecoles,43.5704,7.00595,Plein jour,En agglomération,Hors intersection,Normale,Autre collision,4,2,2,0,4,1,1,9,1,50,1,2,1,0,0,1,77.0,,voiture,,1,2,1,1,6
202400048994,2024-07-12 18:13:00,2024,7,12,18,13,987,98735,POMARE (BVD),-17.53762564,-149.56813574,Nuit avec éclairage allumé,En agglomération,Hors intersection,Pluie légère,Trois véhicules et plus - en chaîne,2,1,3,0,1,1,2,0,1,50,3,4,2,0,0,2,49.0,,deux_roues,autre,5,2,1,2,4
202400048995,2024-05-04 18:55:00,2024,5,4,18,55,06,06155,1 Avenue de la Gare,43.567603,7.073742,Plein jour,En agglomération,Intersection en T,Normale,Deux véhicules - côté,4,1,1,0,2,1,1,0,1,50,2,2,1,0,1,0,25.0,53.0,voiture,deux_roues,1,2,3,1,3
202400048995,2024-05-04 18:55:00,2024,5,4,18,55,06,06155,1 Avenue de la Gare,43.567603,7.073742,Plein jour,En agglomération,Intersection en T,Normale,Deux véhicules - côté,4,1,1,0,1,1,1,0,8,50,2,2,1,0,1,0,25.0,53.0,voiture,deux_roues,1,2,3,1,3
202400048996,2024-02-16 15:49:00,2024,2,16,15,49,69,69385,140 Avenue Barthélémy Buyer,45.76360178,4.79891908,Plein jour,En agglomération,Hors intersection,Normale,Deux véhicules - côté,4,2,2,0,1,1,1,0,1,50,2,2,1,0,0,1,76.0,64.0,voiture,deux_roues,1,2,1,1,3
202400048997,2024-05-03 23:00:00,2024,5,3,23,0,01,01283,VERDUN (COURS DE DU 59-86 AU 151),46.256647,5.64457,Nuit avec éclairage allumé,En agglomération,Hors intersection,Normale,Autre collision,4,2,3,0,1,1,1,0,1,50,1,2,1,0,0,1,20.0,,voiture,,5,2,1,1,6
202400048998,2024-07-12 18:10:00,2024,7,12,18,10,987,98735,POMARE (BVD),-17.543563,-149.575384,Nuit avec éclairage allumé,En agglomération,Hors intersection,Pluie légère,Deux véhicules - arrière,4,1,3,0,1,1,2,0,1,60,2,3,2,0,1,0,69.0,54.0,deux_roues,utilitaire_camion,5,2,1,2,2
202400048999,2024-05-05 10:40:00,2024,5,5,10,40,75,75120,BD PERIPHERIQUE INTERIEUR,48.864257,2.413279,Plein jour,En agglomération,Hors intersection,Pluie légère,Autre collision,4,1,2,0,1,2,2,0,1,70,1,1,0,0,0,1,46.0,,voiture,,1,2,1,2,6
202400049000,2024-01-04 15:05:00,2024,1,4,15,5,33,33039,,44.79625,-0.5387,Plein jour,Hors agglomération,Hors intersection,Normale,Trois véhicules et plus - en chaîne,1,3,6,0,1,1,1,3,1,70,3,5,4,0,0,1,38.0,58.0,voiture,voiture,1,1,1,1,4
202400049001,2024-03-29 08:50:00,2024,3,29,8,50,11,11069,42 Rue Alexandre Guiraud,43.21297,2.36584,Plein jour,En agglomération,Autre intersection,Normale,Autre collision,4,2,2,0,1,1,1,0,1,50,1,2,1,0,0,1,41.0,,voiture,,1,2,9,1,6
202400049001,2024-03-29 08:50:00,2024,3,29,8,50,11,11069,42 Rue Alexandre Guiraud,43.21297,2.36584,Plein jour,En agglomération,Autre intersection,Normale,Autre collision,4,2,2,-1,1,1,1,0,1,-1,1,2,1,0,0,1,41.0,,voiture,,1,2,9,1,6
202400049002,2024-05-04 14:22:00,2024,5,4,14,22,75,75120,BOULEVARD DAVOUT,48.856332,2.410332,Plein jour,En agglomération,Intersection en T,Normale,Autre collision,4,1,4,0,1,1,1,6,1,30,1,2,1,0,0,1,35.0,,voiture,,1,2,3,1,6
202400049002,2024-05-04 14:22:00,2024,5,4,14,22,75,75120,BOULEVARD DAVOUT,48.856332,2.410332,Plein jour,En agglomération,Intersection en T,Normale,Autre collision,4,1, -1,-1,1,1,1,0,1,30,1,2,1,0,0,1,35.0,,voiture,,1,2,3,1,6
202400049003,2024-06-11 13:24:00,2024,6,11,13,24,36,36044,,46.81713,1.68784,Plein jour,En agglomération,Intersection en X,Normale,Deux véhicules - côté,4,2,1,0,1,1,1,0,1,50,2,2,1,0,0,1,52.0,21.0,deux_roues,voiture,1,2,2,1,3
202400049003,2024-06-11 13:24:00,2024,6,11,13,24,36,36044,,46.81713,1.68784,Plein jour,En agglomération,Intersection en X,Normale,Deux véhicules - côté,4,2,1,0,1,1,1,0,1,50,2,2,1,0,0,1,52.0,21.0,deux_roues,voiture,1,2,2,1,3
202400049004,2024-01-05 18:50:00,2024,1,5,18,50,91,91136,AUTOROUTE A10,48.71439,2.27388,Nuit sans éclairage public,Hors agglomération,Hors intersection,Normale,Deux véhicules - arrière,1,3,3,0,1,1,1,0,1,90,2,4,2,0,0,2,55.0,51.0,voiture,voiture,3,1,1,1,2
202400049005,2024-03-29 16:00:00,2024,3,29,16,0,08,08105,CARNOT AVENUE,49.746509,4.725447,Plein jour,En agglomération,Hors intersection,Normale,Autre collision,4,2,2,0,1,1,1,0,1,50,1,2,1,0,1,0,56.0,,voiture,,1,2,1,1,6
202400049006,2024-05-05 12:20:00,2024,5,5,12,20,75,75120,RUE DE BAGNOLET,48.859638,2.403127,Plein jour,En agglomération,Intersection en T,Normale,Deux véhicules - côté,4,1, -1,-1,1,1,1,0,1,30,2,2,1,0,0,1,30.0,45.0,deux_roues,voiture,1,2,3,1,3
202400049006,2024-05-05 12:20:00,2024,5,5,12,20,75,75120,RUE DE BAGNOLET,48.859638,2.403127,Plein jour,En agglomération,Intersection en T,Normale,Deux véhicules - côté,4,2,2,0,1,1,1,0,1,30,2,2,1,0,0,1,30.0,45.0,deux_roues,voiture,1,2,3,1,3
202400049007,2024-07-13 13:00:00,2024,7,13,13,0,976,97611,mgombani-Mahabou (rue de ),-12.78389,45.23069,Plein jour,En agglomération,Hors intersection,Normale,Deux véhicules - arrière,2,2,2,0,1,1,1,0,1,50,2,2,1,0,1,0,34.0,27.0,utilitaire_camion,deux_roues,1,2,1,1,2
202400049008,2024-01-05 17:25:00,2024,1,5,17,25,91,91549,RN 104,48.625495,2.337277,Nuit sans éclairage public,Hors agglomération,Hors intersection,Pluie légère,Trois véhicules et plus - en chaîne,2,1,2,0,1,1,2,0,1,110,3,3,2,0,0,1,24.0,38.0,voiture,voiture,3,1,1,2,4
202400049009,2024-05-05 20:50:00,2024,5,5,20,50,75,75115,BOULEVARD DE GRENELLE,48.849834,2.295011,Crépuscule ou aube,En agglomération,Intersection en T,Normale,Sans collision,4,1,0,0,1,1,1,0,1,50,1,2,1,0,0,1,25.0,,deux_roues,,2,2,3,1,7
202400049009,2024-05-05 20:50:00,2024,5,5,20,50,75,75115,BOULEVARD DE GRENELLE,48.849834,2.295011,Crépuscule ou aube,En agglomération,Intersection en T,Normale,Sans collision,4,1, -1,-1,1,1,1,0,1,50,1,2,1,0,0,1,25.0,,deux_roues,,2,2,3,1,7
202400049010,2024-02-16 13:50:00,2024,2,16,13,50,69,69382,Quai Docteur Gailleton,45.75318,4.834,Plein jour,En agglomération,Intersection en T,Normale,Deux véhicules - côté,4,1,4,1,1,1,1,2,1,30,2,2,1,0,0,1,25.0,38.0,deux_roues,voiture,1,2,3,1,3
202400049010,2024-02-16 13:50:00,2024,2,16,13,50,69,69382,Quai Docteur Gailleton,45.75318,4.834,Plein jour,En agglomération,Intersection en T,Normale,Deux véhicules - côté,4,3,6,2,1,1,1,0,1,50,2,2,1,0,0,1,25.0,38.0,deux_roues,voiture,1,2,3,1,3
202400049011,2024-03-29 09:50:00,2024,3,29,9,50,07,07102,CURIE (>RUE PIERRE)[N° AU N°],44.93311662,4.88096058,Plein jour,En agglomération,Intersection en X,Normale,Deux véhicules - côté,4,1,1,0,1,1,1,0,1,50,2,3,1,0,0,2,43.0,18.0,voiture,voiture,1,2,2,1,3
202400049011,2024-03-29 09:50:00,2024,3,29,9,50,07,07102,CURIE (>RUE PIERRE)[N° AU N°],44.93311662,4.88096058,Plein jour,En agglomération,Intersection en X,Normale,Deux véhicules - côté,4,1,1,0,1,1,1,0,1,50,2,3,1,0,0,2,43.0,18.0,voiture,voiture,1,2,2,1,3
202400049012,2024-05-05 07:50:00,2024,5,5,7,50,75,75113,RUE DU DESSOUS DES BERGES,48.827046,2.374313,Plein jour,En agglomération,Intersection en T,Pluie légère,Deux véhicules - arrière,4,1, -1,-1,1,1,2,0,1,30,2,2,1,0,0,1,38.0,54.0,deux_roues,voiture,1,2,3,2,2
202400049012,2024-05-05 07:50:00,2024,5,5,7,50,75,75113,RUE DU DESSOUS DES BERGES,48.827046,2.374313,Plein jour,En agglomération,Intersection en T,Pluie légère,Deux véhicules - arrière,4,1,1,0,1,1,2,0,1,30,2,2,1,0,0,1,38.0,54.0,deux_roues,voiture,1,2,3,2,2
202400049013,2024-06-11 20:10:00,2024,6,11,20,10,35,35238,VOLTAIRE (BD),48.10515178,-1.70055002,Plein jour,En agglomération,Intersection en T,Normale,Deux véhicules - côté,4,2,2,0,1,1,1,0,1,30,2,2,1,0,0,1,83.0,29.0,voiture,deux_roues,1,2,3,1,3