accident_id,datetime,annee,mois,jour,heure,minute,departement,commune_insee,adresse,latitude,longitude,luminosite,agglomeration,intersection,meteo,collision,catr,circ,nbv,vosp,prof,plan,surf,infra,situ,vma,nb_vehicules,nb_usagers,nb_indemnes,nb_tues,nb_blesses_hosp,nb_blesses_legers,age_cond_1,age_cond_2,veh_type_cond_1,veh_type_cond_2,lum_code,agg_code,int_code,atm_code,col_code
202400049504,2024-10-29 18:00:00,2024,10,29,18,0,34,34327,M65,43.659191,3.953201,Nuit sans éclairage public,Hors agglomération,Hors intersection,Normale,Deux véhicules - côté,7,2,2,0,1,1,1,0,1,70,2,2,1,0,1,0,41.0,38.0,voiture,deux_roues,3,1,1,1,3
202400049505,2024-03-26 08:45:00,2024,3,26,8,45,33,33550,,44.78517,-0.5419,Plein jour,Hors agglomération,Hors intersection,Pluie forte,Sans collision,1,3,6,0,1,1,2,0,1,90,1,1,0,0,0,1,25.0,,deux_roues,,1,1,1,3,7
202400049506,2024-07-13 19:30:00,2024,7,13,19,30,06,06069,28 Avenue Georges Pompidou,43.64844,6.93494,Plein jour,En agglomération,Hors intersection,Normale,Sans collision,4,2,2,0,2,3,1,0,1,50,1,1,0,0,1,0,38.0,,deux_roues,,1,2,1,1,7
202400049507,2024-08-18 12:04:00,2024,8,18,12,4,72,72146,Route de la Belle Etoile,47.90312398,0.15419841,Plein jour,Hors agglomération,Autre intersection,Normale,Deux véhicules - côté,4,2,2,0,1,1,1,0,1,80,2,2,1,0,0,1,18.0,62.0,deux_roues,voiture,1,1,9,1,3
202400049508,2024-06-10 18:30:00,2024,6,10,18,30,41,41045,RD 114,47.454102,1.217546,Plein jour,Hors agglomération,Intersection en T,Normale,Deux véhicules - côté,3,2,2,0,1,1,2,0,1,80,2,2,1,0,1,0,47.0,62.0,voiture,deux_roues,1,1,3,1,3
202400049508,2024-06-10 18:30:00,2024,6,10,18,30,41,41045,RD 114,47.454102,1.217546,Plein jour,Hors agglomération,Intersection en T,Normale,Deux véhicules - côté,3,2, -1,-1,1,1,-1,0,-1,-1,2,2,1,0,1,0,47.0,62.0,voiture,deux_roues,1,1,3,1,3
202400049509,2024-09-23 14:15:00,2024,9,23,14,15,38,38130,Chemin Saint Simeon,45.361795,5.255402,Plein jour,Hors agglomération,Intersection en X,Normale,Deux véhicules - côté,4,2,2,0,1,1,1,0,1,80,2,2,1,0,1,0,44.0,24.0,voiture,voiture,1,1,2,1,3
202400049510,2024-10-01 09:30:00,2024,10,1,9,30,34,34123,Route de Saint Georges d?Orques,43.613095,3.806967,Plein jour,En agglomération,Hors intersection,Normale,Autre collision,6,-1, -1,0,1,1,1,1,1,50,1,2,1,0,0,1,52.0,,voiture,,1,2,1,1,6
202400049511,2024-03-29 22:02:00,2024,3,29,22,2,75,75113,A6B,48.8164819,2.35779689,Nuit avec éclairage allumé,Hors agglomération,Hors intersection,Pluie légère,Sans collision,1,1,2,0,1,2,2,1,1,50,1,1,0,0,0,1,25.0,,deux_roues,,5,1,1,2,7
202400049512,2024-08-19 13:10:00,2024,8,19,13,10,24,24372,A89,45.13861082,0.5443946,Plein jour,Hors agglomération,Hors intersection,Normale,Autre collision,1,3,2,0,2,3,1,0,1,130,1,1,0,0,1,0,19.0,,voiture,,1,1,1,1,6
202400049513,2024-02-16 13:20:00,2024,2,16,13,20,75,75108,AVENUE DE MESSINE,48.877148,2.311328,Plein jour,En agglomération,Intersection en T,Normale,Deux véhicules - arrière,4,-1,2,0,2,1,2,0,1,30,2,2,1,0,0,1,44.0,43.0,utilitaire_camion,deux_roues,1,2,3,1,2
202400049513,2024-02-16 13:20:00,2024,2,16,13,20,75,75108,AVENUE DE MESSINE,48.877148,2.311328,Plein jour,En agglomération,Intersection en T,Normale,Deux véhicules - arrière,4,1, -1,0,1,1,2,0,1,30,2,2,1,0,0,1,44.0,43.0,utilitaire_camion,deux_roues,1,2,3,1,2
202400049514,2024-10-29 18:35:00,2024,10,29,18,35,84,84129,D907,44.013713,4.866664,Nuit sans éclairage public,En agglomération,Hors intersection,Normale,Deux véhicules - arrière,3,3,0,0,2,1,1,0,1,110,2,2,1,0,1,0,27.0,38.0,deux_roues,voiture,3,2,1,1,2
202400049515,2024-09-23 16:30:00,2024,9,23,16,30,38,38128,N85,44.806709,5.954064,Plein jour,Hors agglomération,Hors intersection,Normale,Autre collision,3,2,2,0,1,2,1,0,3,70,1,1,0,1,0,0,62.0,,deux_roues,,1,1,1,1,6
202400049516,2024-06-11 20:40:00,2024,6,11,20,40,31,31364,10 Avenue de Cendry,43.71510801,1.47881134,Crépuscule ou aube,En agglomération,Hors intersection,Normale,Deux véhicules - côté,3,2,2,0,2,1,1,0,1,50,2,2,1,0,0,1,18.0,66.0,deux_roues,voiture,2,2,1,1,3
202400049517,2024-12-04 20:15:00,2024,12,4,20,15,987,98714,amanahune,-16.46550666,-151.74818516,Nuit sans éclairage public,Hors agglomération,Hors intersection,Normale,Deux véhicules - côté,3,2,2,0,1,1,1,0,1,40,2,2,1,1,0,0,42.0,35.0,deux_roues,voiture,3,1,1,1,3
202400049518,2024-07-13 23:56:00,2024,7,13,23,56,06,06123,Route du Bord de Mer,43.656859,7.18072,Nuit avec éclairage allumé,En agglomération,Hors intersection,Normale,Deux véhicules - côté,7,3,5,0,1,1,1,0,1,50,2,5,3,0,0,2,22.0,19.0,voiture,deux_roues,5,2,1,1,3
202400049519,2024-06-08 15:40:00,2024,6,8,15,40,51,51346,D423 Mareuil-le-Port,49.072126,3.737438,Plein jour,Hors agglomération,Hors intersection,Normale,Sans collision,3,2,2,0,1,2,1,0,1,80,1,1,0,0,1,0,41.0,,deux_roues,,1,1,1,1,7
202400049520,2024-09-23 18:15:00,2024,9,23,18,15,03,03222,D3,46.539196,2.735682,Plein jour,Hors agglomération,Hors intersection,Pluie légère,Autre collision,3,2,2,0,2,1,2,0,3,90,1,1,0,0,1,0,39.0,,voiture,,1,1,1,2,6
202400049521,2024-03-29 09:00:00,2024,3,29,9,0,91,91521,AUTOROUTE A6,48.63956,2.39531,Plein jour,Hors agglomération,Hors intersection,Normale,Trois véhicules et plus - en chaîne,1,1,3,0,1,1,2,0,1,70,3,3,1,0,0,2,19.0,63.0,utilitaire_camion,utilitaire_camion,1,1,1,1,4
202400049522,2024-08-16 12:00:00,2024,8,16,12,0,89,89399,RD 939,48.236979,3.308644,Plein jour,Hors agglomération,Hors intersection,Normale,Trois véhicules et plus - collisions multiples,3,2,2,0,1,1,1,0,1,90,3,3,1,0,0,2,53.0,38.0,voiture,voiture,1,1,1,1,5
202400049523,2024-02-16 12:50:00,2024,2,16,12,50,94,94068,Avenue Carnot / Avenue Victor Hugo,48.80314,2.487325,Plein jour,En agglomération,Intersection en X,Temps couvert,Deux véhicules - côté,4,1,1,0,1,1,2,0,1,30,2,3,2,0,0,1,23.0,47.0,deux_roues,voiture,1,2,2,8,3
202400049524,2024-10-28 15:00:00,2024,10,28,15,0,13,13007,D560,43.367585,5.645535,Plein jour,En agglomération,Intersection en X,Normale,Deux véhicules - côté,3,1,0,0,1,1,1,0,1,50,2,6,5,0,1,0,62.0,24.0,voiture,voiture,1,2,2,1,3
202400049524,2024-10-28 15:00:00,2024,10,28,15,0,13,13007,D560,43.367585,5.645535,Plein jour,En agglomération,Intersection en X,Normale,Deux véhicules - côté,3,1, -1,-1,1,1,1,0,1,-1,2,6,5,0,1,0,62.0,24.0,voiture,voiture,1,2,2,1,3
202400049525,2024-07-13 11:50:00,2024,7,13,11,50,75,75119,PORTE DE PANTIN,48.890958,2.396033,Plein jour,En agglomération,Hors intersection,Normale,Deux véhicules - arrière,4,1,4,0,1,1,1,0,1,70,2,2,1,0,0,1,31.0,47.0,deux_roues,voiture,1,2,1,1,2
202400049526,2024-12-03 01:45:00,2024,12,3,1,45,988,98821,RT1,-22.07293,166.28424,Plein jour,Hors agglomération,Hors intersection,Normale,Deux véhicules - frontale,2,2,2,0,1,1,1,0,1,90,2,7,1,3,3,0,29.0,73.0,voiture,voiture,1,1,1,1,1
202400049527,2024-08-17 13:30:00,2024,8,17,13,30,76,76240,D925,49.708711,0.364953,Plein jour,Hors agglomération,Hors intersection,Normale,Sans collision,3,2,2,0,1,1,1,0,1,80,1,2,0,0,1,1,46.0,,deux_roues,,1,1,1,1,7
202400049528,2024-05-24 08:55:00,2024,5,24,8,55,62,62028,D69,50.537967,2.419224,Plein jour,En agglomération,Intersection en X,Normale,Deux véhicules - côté,3,2,2,0,2,1,1,0,1,50,2,2,0,0,1,1,57.0,40.0,voiture,utilitaire_camion,1,2,2,1,3
202400049528,2024-05-24 08:55:00,2024,5,24,8,55,62,62028,D69,50.537967,2.419224,Plein jour,En agglomération,Intersection en X,Normale,Deux véhicules - côté,3,2,2,0,1,1,1,0,1,50,2,2,0,0,1,1,57.0,40.0,voiture,utilitaire_camion,1,2,2,1,3
202400049529,2024-03-29 07:10:00,2024,3,29,7,10,91,91161,AUTOROUTE A6,48.70236636,2.30770826,Plein jour,Hors agglomération,Hors intersection,Normale,Deux véhicules - arrière,1,1,3,0,1,1,2,0,1,110,2,2,1,0,0,1,87.0,31.0,voiture,voiture,1,1,1,1,2
202400049530,2024-02-16 20:00:00,2024,2,16,20,0,94,94043,Rue de Verdun-Lazare-Ponticelli,48.80961009,2.35876903,Nuit avec éclairage allumé,En agglomération,Hors intersection,Normale,Deux véhicules - arrière,3,3,4,0,2,3,1,0,1,30,2,2,1,0,0,1,50.0,49.0,transport_commun,deux_roues,5,2,1,1,2
202400049531,2024-09-24 11:30:00,2024,9,24,11,30,15,15087,RD 601,44.777224,2.431417,Plein jour,Hors agglomération,Hors intersection,Pluie forte,Deux véhicules - frontale,3,2,2,0,1,2,2,0,1,80,2,2,0,0,1,1,56.0,24.0,voiture,voiture,1,1,1,3,1
202400049532,2024-09-15 19:15:00,2024,9,15,19,15,13,13096,D38c,43.545259,4.36286,Plein jour,Hors agglomération,Intersection en T,Temps éblouissant,Deux véhicules - côté,3,2,1,0,1,1,1,0,1,80,2,2,1,0,1,0,63.0,63.0,deux_roues,utilitaire_camion,1,1,3,7,3
202400049532,2024-09-15 19:15:00,2024,9,15,19,15,13,13096,D38c,43.545259,4.36286,Plein jour,Hors agglomération,Intersection en T,Temps éblouissant,Deux véhicules - côté,3,3, -1,-1,1,1,1,-1,1,-1,2,2,1,0,1,0,63.0,63.0,deux_roues,utilitaire_camion,1,1,3,7,3
202400049533,2024-08-06 09:00:00,2024,8,6,9,0,2B,2B043,Lavasina,42.755198,9.467002,Plein jour,Hors agglomération,Hors intersection,Normale,Deux véhicules - arrière,3,2,2,0,2,1,1,0,1,80,2,2,1,1,0,0,50.0,89.0,utilitaire_camion,voiture,1,1,1,1,2
202400049534,2024-12-05 06:05:00,2024,12,5,6,5,973,97312,N1,5.344228,-52.932043,Nuit sans éclairage public,Hors agglomération,Hors intersection,Normale,Deux véhicules - frontale,2,2,2,0,1,1,1,0,1,80,2,3,1,1,0,1,52.0,32.0,deux_roues,voiture,3,1,1,1,1
202400049535,2024-06-12 01:45:00,2024,6,12,1,45,83,83096,"Dn7, PR 008+050",43.465952,5.795755,Nuit sans éclairage public,Hors agglomération,Giratoire,Normale,Autre collision,3,2,1,0,2,1,1,0,1,90,1,2,1,0,1,0,18.0,,voiture,,3,1,6,1,6
202400049536,2024-03-29 01:18:00,2024,3,29,1,18,91,91179,AUTOROUTE A6,48.56287,2.47968,Nuit sans éclairage public,Hors agglomération,Hors intersection,Normale,Autre collision,1,2,8,0,1,1,1,0,1,110,1,1,0,0,0,1,34.0,,voiture,,3,1,1,1,6
202400049537,2024-07-12 18:40:00,2024,7,12,18,40,75,75114,PORTE D ORLEANS,48.81930986,2.32865632,Plein jour,En agglomération,Intersection en Y,Normale,Deux véhicules - côté,4,1,2,0,1,1,1,0,1,50,2,2,1,0,0,1,24.0,27.0,voiture,deux_roues,1,2,4,1,3
202400049537,2024-07-12 18:40:00,2024,7,12,18,40,75,75114,PORTE D ORLEANS,48.81930986,2.32865632,Plein jour,En agglomération,Intersection en Y,Normale,Deux véhicules - côté,4,1,3,0,1,1,1,0,1,70,2,2,1,0,0,1,24.0,27.0,voiture,deux_roues,1,2,4,1,3
202400049538,2024-08-19 09:30:00,2024,8,19,9,30,11,11397,,43.208664,2.440188,Plein jour,En agglomération,Hors intersection,Normale,Autre collision,3,2,2,0,2,1,1,2,1,50,1,1,0,0,1,0,50.0,,deux_roues,,1,2,1,1,6
202400049539,2024-02-16 14:40:00,2024,2,16,14,40,94,94017,Avenue Henri-Marie le Boursicaud,48.81478076,2.52462244,Plein jour,En agglomération,Hors intersection,Temps couvert,Deux véhicules - arrière,3,2,2,0,2,1,2,0,1,50,2,3,0,0,0,3,49.0,45.0,voiture,voiture,1,2,1,8,2
202400049540,2024-10-26 11:25:00,2024,10,26,11,25,57,57484,Rue Nationale,49.16857,6.868987,Plein jour,En agglomération,Giratoire,Normale,Deux véhicules - arrière,3,3,1,0,1,2,1,0,1,50,2,2,1,0,0,1,66.0,59.0,deux_roues,voiture,1,2,6,1,2
202400049541,2024-09-24 10:30:00,2024,9,24,10,30,66,66214,D40,42.56886,2.83726,Plein jour,Hors agglomération,Hors intersection,Normale,Autre collision,3,2,2,0,1,2,1,0,1,80,1,1,0,0,1,0,40.0,,deux_roues,,1,1,1,1,6
202400049542,2024-12-05 18:40:00,2024,12,5,18,40,29,29233,Rue Cornic Duchène,47.872611,-3.550443,Nuit avec éclairage allumé,En agglomération,Intersection en T,Pluie légère,Autre collision,4,1,1,0,2,1,2,0,1,30,1,2,1,0,0,1,48.0,,voiture,,5,2,3,2,6
202400049542,2024-12-05 18:40:00,2024,12,5,18,40,29,29233,Rue Cornic Duchène,47.872611,-3.550443,Nuit avec éclairage allumé,En agglomération,Intersection en T,Pluie légère,Autre collision,4,1,1,0,2,2,2,0,1,30,1,2,1,0,0,1,48.0,,voiture,,5,2,3,2,6
202400049543,2024-06-04 13:30:00,2024,6,4,13,30,32,32462,RN 124 / PK 092+500 LAGRAULAS,43.758061,0.217538,Plein jour,Hors agglomération,Hors intersection,Normale,Deux véhicules - frontale,3,2,2,0,3,1,1,0,1,80,2,3,0,1,0,2,54.0,61.0,voiture,voiture,1,1,1,1,1
202400049544,2024-03-29 19:00:00,2024,3,29,19,0,93,93078,A104,48.95857237,2.53354347,Nuit sans éclairage public,Hors agglomération,Hors intersection,Pluie forte,Deux véhicules - côté,1,3,6,0,1,1,2,0,1,110,2,2,1,0,0,1,24.0,32.0,voiture,deux_roues,3,1,1,3,3
202400049545,2024-08-19 14:30:00,2024,8,19,14,30,89,89163,D145 PK 12+900,47.893284,3.207922,Plein jour,Hors agglomération,Hors intersection,Normale,Deux véhicules - arrière,3,-1,2,0,1,1,1,0,3,80,2,2,1,0,1,0,32.0,55.0,utilitaire_camion,deux_roues,1,1,1,1,2
202400049546,2024-10-29 14:51:00,2024,10,29,14,51,42,42299,D204,45.612499,4.082601,Plein jour,Hors agglomération,Hors intersection,Normale,Deux véhicules - côté,3,1,1,0,1,1,1,0,1,50,2,2,1,0,0,1,55.0,68.0,deux_roues,voiture,1,1,1,1,3
202400049547,2024-07-13 14:35:00,2024,7,13,14,35,75,75120,RUE SAINT BLAISE,48.856676,2.409272,Plein jour,En agglomération,Intersection en T,Normale,Autre collision,4,1, -1,-1,1,1,1,0,1,-1,1,2,1,0,0,1,34.0,,voiture,,1,2,3,1,6
202400049547,2024-07-13 14:35:00,2024,7,13,14,35,75,75120,RUE SAINT BLAISE,48.856676,2.409272,Plein jour,En agglomération,Intersection en T,Normale,Autre collision,4,1,1,0,1,1,1,0,1,30,1,2,1,0,0,1,34.0,,voiture,,1,2,3,1,6
202400049548,2024-06-11 19:25:00,2024,6,11,19,25,49,49339,La Querrie,47.569331,-0.5685,Plein jour,Hors agglomération,Hors intersection,Normale,Autre collision,3,2,2,0,3,3,1,0,3,80,1,1,0,0,1,0,22.0,,deux_roues,,1,1,1,1,6
202400049549,2024-12-01 18:00:00,2024,12,1,18,0,28,28073,D19,48.501792,1.628423,Nuit sans éclairage public,Hors agglomération,Hors intersection,Normale,Autre collision,3,2,2,0,1,1,1,0,1,80,1,2,0,0,1,1,78.0,,voiture,,3,1,1,1,6
202400049550,2024-09-22 14:10:00,2024,9,22,14,10,83,83135,D32,43.594239,6.060258,Plein jour,Hors agglomération,Hors intersection,Normale,Sans collision,3,2,2,0,1,2,1,0,3,80,1,2,0,0,1,1,56.0,,deux_roues,,1,1,1,1,7
202400049551,2024-02-16 10:45:00,2024,2,16,10,45,93,93070,Boulevard Victor Hugo / Rue des Bateliers,48.90985,2.3303,Plein jour,En agglomération,Intersection en T,Normale,Deux véhicules - côté,3,2,2,3,1,1,1,0,6,50,2,2,1,0,0,1,54.0,33.0,deux_roues,deux_roues,1,2,3,1,3
202400049551,2024-02-16 10:45:00,2024,2,16,10,45,93,93070,Boulevard Victor Hugo / Rue des Bateliers,48.90985,2.3303,Plein jour,En agglomération,Intersection en T,Normale,Deux véhicules - côté,3,2,2,0,1,1,1,0,6,-1,2,2,1,0,0,1,54.0,33.0,deux_roues,deux_roues,1,2,3,1,3
202400049552,2024-03-28 20:30:00,2024,3,28,20,30,93,93063,A3,48.87528738,2.44004158,Nuit sans éclairage public,Hors agglomération,Hors intersection,Normale,Deux véhicules - arrière,1,1,3,0,1,1,1,0,1,70,2,2,1,0,0,1,34.0,48.0,voiture,voiture,3,1,1,1,2
202400049553,2024-12-03 15:35:00,2024,12,3,15,35,66,66175,Avenue Maréchal Joffre,42.54352961,2.92019069,Plein jour,En agglomération,Hors intersection,Normale,Autre collision,3,2,2,0,1,1,1,0,1,50,1,2,1,0,1,0,57.0,,utilitaire_camion,,1,2,1,1,6
202400049554,2024-07-13 09:45:00,2024,7,13,9,45,75,75116,AVENUE DE L HIPPODROME,48.858211,2.254711,Plein jour,En agglomération,Hors intersection,Normale,Autre collision,4,1,1,1,1,1,1,-1,5,50,1,2,1,0,0,1,63.0,,deux_roues,,1,2,1,1,6
202400049555,2024-06-12 16:10:00,2024,6,12,16,10,46,46132,D840,44.75564,1.777328,Plein jour,Hors agglomération,Hors intersection,Normale,Deux véhicules - frontale,3,2,2,0,1,1,1,0,1,80,2,2,0,0,2,0,63.0,32.0,voiture,voiture,1,1,1,1,1
202400049556,2024-09-24 18:30:00,2024,9,24,18,30,64,64327,Quartier Janits,43.136768,-1.133367,Plein jour,Hors agglomération,Hors intersection,Pluie forte,Autre collision,4,2,2,0,3,4,2,0,8,50,1,1,0,1,0,0,75.0,,voiture,,1,1,1,3,6
202400049557,2024-08-17 20:00:00,2024,8,17,20,0,89,89003,Rue de la Mothe,47.873331,3.34361,Plein jour,En agglomération,Autre intersection,Pluie légère,Autre collision,3,2,2,0,2,1,2,0,1,50,1,4,1,0,1,2,22.0,,voiture,,1,2,9,2,6
202400049558,2024-10-28 18:00:00,2024,10,28,18,0,38,38317,N85,45.118675,5.697956,Crépuscule ou aube,Hors agglomération,Hors intersection,Normale,Trois véhicules et plus - en chaîne,2,2,2,0,1,3,1,0,1,80,3,4,2,0,0,2,70.0,44.0,voiture,voiture,2,1,1,1,4
202400049559,2024-02-15 12:30:00,2024,2,15,12,30,93,93008,Avenue Louis Aragon,48.91388507,2.43876136,Crépuscule ou aube,En agglomération,Hors intersection,Normale,Deux véhicules - arrière,3,3,4,0,1,1,1,0,1,50,2,2,1,0,0,1,43.0,27.0,utilitaire_camion,deux_roues,2,2,1,1,2
202400049560,2024-06-11 10:30:00,2024,6,11,10,30,68,68068,11 Rue de Delle,47.628951,7.117655,Plein jour,En agglomération,Hors intersection,Normale,Autre collision,3,2,2,0,1,1,1,0,1,50,1,2,1,0,1,0,62.0,,voiture,,1,2,1,1,6
202400049561,2024-12-04 17:30:00,2024,12,4,17,30,34,34199,Route de Montpellier,43.470094,3.431731,Nuit sans éclairage public,Hors agglomération,Hors intersection,Normale,Deux véhicules - côté,3,2,2,0,1,1,1,0,1,70,2,2,1,0,1,0,77.0,17.0,voiture,deux_roues,3,1,1,1,3
202400049562,2024-03-28 16:10:00,2024,3,28,16,10,93,93029,A86,48.91640984,2.42960287,Plein jour,Hors agglomération,Hors intersection,Normale,Deux véhicules - côté,1,3,3,0,1,1,1,1,1,90,2,2,1,0,0,1,59.0,35.0,deux_roues,voiture,1,1,1,1,3
202400049563,2024-10-28 14:15:00,2024,10,28,14,15,01,01114,Le Bouant,46.159138,5.838525,Plein jour,Hors agglomération,Hors intersection,Normale,Sans collision,3,2,2,0,2,1,1,0,3,80,1,1,0,0,1,0,69.0,,deux_roues,,1,1,1,1,7
202400049564,2024-02-16 17:40:00,2024,2,16,17,40,93,93005,Rue Blaise Pascal,48.949433,2.479235,Crépuscule ou aube,En agglomération,Hors intersection,Normale,Sans collision,4,2,2,0,1,1,1,0,1,50,1,1,0,0,0,1,52.0,,deux_roues,,2,2,1,1,7
202400049565,2024-07-13 12:50:00,2024,7,13,12,50,75,75114,AVENUE PAUL APPELL,48.821913,2.325523,Plein jour,En agglomération,Intersection en T,Normale,Autre collision,4,1,3,0,1,1,1,0,1,30,1,2,1,0,0,1,77.0,,voiture,,1,2,3,1,6
202400049565,2024-07-13 12:50:00,2024,7,13,12,50,75,75114,AVENUE PAUL APPELL,48.821913,2.325523,Plein jour,En agglomération,Intersection en T,Normale,Autre collision,4,2,2,0,1,1,1,0,1,30,1,2,1,0,0,1,77.0,,voiture,,1,2,3,1,6
202400049566,2024-08-17 19:00:00,2024,8,17,19,0,63,63428,la chabassiere,46.09494992,2.83514321,Plein jour,Hors agglomération,Hors intersection,Normale,Sans collision,4,-1,1,0,1,3,9,0,1,50,1,1,0,0,0,1,39.0,,deux_roues,,1,1,1,1,7
202400049567,2024-09-24 17:45:00,2024,9,24,17,45,16,16003,,45.78234,0.33144,Plein jour,En agglomération,Giratoire,Pluie légère,Deux véhicules - arrière,3,2,2,0,1,2,2,0,1,50,2,2,1,0,1,0,36.0,19.0,voiture,deux_roues,1,2,6,2,2
202400049568,2024-06-12 16:00:00,2024,6,12,16,0,39,39283,,46.351341,5.692128,Plein jour,Hors agglomération,Hors intersection,Normale,Sans collision,3,2,3,0,1,2,1,0,1,90,1,1,0,0,1,0,43.0,,voiture,,1,1,1,1,7
202400049569,2024-12-03 18:20:00,2024,12,3,18,20,83,83029,Route de Fayence,43.623848,6.751112,Nuit avec éclairage allumé,En agglomération,Hors intersection,Normale,Deux véhicules - arrière,3,2,2,0,2,1,1,0,1,30,2,2,1,0,1,0,47.0,17.0,voiture,deux_roues,5,2,1,1,2
202400049570,2024-03-28 07:00:00,2024,3,28,7,0,95,95555,D170,48.97706367,2.2828852,Plein jour,Hors agglomération,Hors intersection,Pluie forte,Autre collision,3,3,0,0,1,3,4,0,1,90,1,1,0,0,0,1,56.0,,voiture,,1,1,1,3,6
202400049571,2024-10-29 12:30:00,2024,10,29,12,30,69,69116,Route Départementale 306,45.8089561,4.77939918,Plein jour,En agglomération,Autre intersection,Temps éblouissant,Autre collision,7,2,3,3,1,1,1,6,4,50,1,2,1,0,1,0,74.0,,voiture,,1,2,9,7,6
202400049572,2024-02-16 16:10:00,2024,2,16,16,10,93,93001,Boulevard Félix Faure,48.907657,2.379017,Plein jour,En agglomération,Hors intersection,Normale,Deux véhicules - côté,3,2,2,0,1,1,1,0,1,50,2,2,1,0,1,0,38.0,24.0,utilitaire_camion,deux_roues,1,2,1,1,3
202400049573,2024-08-19 05:15:00,2024,8,19,5,15,61,61089,D16 PK 45+590,48.846742,0.159242,Nuit sans éclairage public,Hors agglomération,Intersection en X,Brouillard / fumée,Deux véhicules - côté,3,2,2,0,1,1,1,0,1,90,2,2,0,0,1,1,24.0,22.0,autre,voiture,3,1,2,5,3
202400049573,2024-08-19 05:15:00,2024,8,19,5,15,61,61089,D16 PK 45+590,48.846742,0.159242,Nuit sans éclairage public,Hors agglomération,Intersection en X,Brouillard / fumée,Deux véhicules - côté,3,2,2,0,2,1,1,0,1,80,2,2,0,0,1,1,24.0,22.0,autre,voiture,3,1,2,5,3
202400049574,2024-07-12 21:57:00,2024,7,12,21,57,75,75112,QUAI DE BERCY,48.83386,2.38187,Plein jour,En agglomération,Hors intersection,Normale,Deux véhicules - arrière,4,1,3,0,2,1,1,0,1,50,2,2,1,0,1,0,77.0,,deux_roues,voiture,1,2,1,1,2
202400049575,2024-12-02 12:00:00,2024,12,2,12,0,06,06128,222 route des blaquières,43.675931,7.127257,Plein jour,Hors agglomération,Hors intersection,Normale,Deux véhicules - côté,3,2,2,0,2,1,1,0,1,70,2,2,0,0,1,1,29.0,74.0,deux_roues,deux_roues,1,1,1,1,3
202400049576,2024-06-11 14:45:00,2024,6,11,14,45,29,29097,Cosquer Bras,48.49600203,-4.07370577,Plein jour,Hors agglomération,Hors intersection,Normale,Trois véhicules et plus - en chaîne,3,2,2,0,2,1,1,0,1,80,3,6,3,0,1,2,34.0,39.0,autre,utilitaire_camion,1,1,1,1,4
202400049577,2024-08-18 04:00:00,2024,8,18,4,0,47,47065,2340 Route de Grateloup,44.380241,0.381839,Nuit sans éclairage public,Hors agglomération,Hors intersection,Normale,Sans collision,3,2,2,0,1,3,1,0,3,80,1,2,0,0,2,0,18.0,,voiture,,3,1,1,1,7
202400049578,2024-02-16 09:20:00,2024,2,16,9,20,93,93001,Rue Charles Tillon / Rue Léopold Réchossière,48.914626,2.391871,Plein jour,En agglomération,Giratoire,Normale,Deux véhicules - arrière,3,3,3,3,1,1,1,5,1,50,2,2,1,0,0,1,39.0,,voiture,voiture,1,2,6,1,2
202400049578,2024-02-16 09:20:00,2024,2,16,9,20,93,93001,Rue Charles Tillon / Rue Léopold Réchossière,48.914626,2.391871,Plein jour,En agglomération,Giratoire,Normale,Deux véhicules - arrière,3,1,1,0,1,1,1,5,1,-1,2,2,1,0,0,1,39.0,,voiture,voiture,1,2,6,1,2
202400049579,2024-09-23 07:55:00,2024,9,23,7,55,16,16120,,45.599075,0.268709,Plein jour,Hors agglomération,Intersection en X,Brouillard / fumée,Deux véhicules - côté,3,2,2,0,1,1,2,5,1,90,2,3,2,0,1,0,42.0,37.0,voiture,utilitaire_camion,1,1,2,5,3
202400049579,2024-09-23 07:55:00,2024,9,23,7,55,16,16120,,45.599075,0.268709,Plein jour,Hors agglomération,Intersection en X,Brouillard / fumée,Deux véhicules - côté,3,2,2,-1,1,1,2,5,1,80,2,3,2,0,1,0,42.0,37.0,voiture,utilitaire_camion,1,1,2,5,3
202400049580,2024-10-28 12:35:00,2024,10,28,12,35,35,35004,rue de Saint Ouen,48.462982,-1.475617,Plein jour,Hors agglomération,Hors intersection,Normale,Deux véhicules - frontale,3,2,2,0,3,2,1,0,1,80,2,3,1,0,0,2,52.0,27.0,voiture,voiture,1,1,1,1,1
202400049581,2024-07-12 18:55:00,2024,7,12,18,55,75,75112,BOULEVARD DIDEROT,48.847227,2.38582,Plein jour,En agglomération,Hors intersection,Normale,Deux véhicules - frontale,4,2,3,3,1,1,1,0,1,30,2,2,1,0,0,1,15.0,21.0,deux_roues,deux_roues,1,2,1,1,1
202400049582,2024-12-04 16:35:00,2024,12,4,16,35,13,13062,Portaou,43.416845,5.517315,Crépuscule ou aube,Hors agglomération,Autre intersection,Normale,Deux véhicules - côté,3,2,1,0,2,4,1,0,1,80,2,2,1,0,1,0,75.0,51.0,voiture,deux_roues,2,1,9,1,3
202400049583,2024-03-28 10:20:00,2024,3,28,10,20,987,98735,22 SEPTEMBRE (RUE),-17.53915,-149.56771,Plein jour,En agglomération,Hors intersection,Normale,Autre collision,4,1,1,0,1,1,1,0,1,20,1,2,1,0,0,1,53.0,,utilitaire_camion,,1,2,1,1,6