accident_id,datetime,annee,mois,jour,heure,minute,departement,commune_insee,adresse,latitude,longitude,luminosite,agglomeration,intersection,meteo,collision,catr,circ,nbv,vosp,prof,plan,surf,infra,situ,vma,nb_vehicules,nb_usagers,nb_indemnes,nb_tues,nb_blesses_hosp,nb_blesses_legers,age_cond_1,age_cond_2,veh_type_cond_1,veh_type_cond_2,lum_code,agg_code,int_code,atm_code,col_code
202400049661,2024-07-13 18:00:00,2024,7,13,18,0,84,84105,D900,43.878531,5.445507,Plein jour,Hors agglomération,Intersection en T,Normale,Deux véhicules - côté,3,2,2,-1,2,1,1,0,1,-1,2,2,1,0,1,0,74.0,24.0,deux_roues,voiture,1,1,3,1,3
202400049662,2024-09-24 05:00:00,2024,9,24,5,0,13,13091,D7n,43.633062,5.283737,Nuit sans éclairage public,Hors agglomération,Hors intersection,Normale,Deux véhicules - frontale,3,2,2,0,2,1,1,0,3,80,1,1,0,1,0,0,48.0,,voiture,,3,1,1,1,1
202400049663,2024-07-13 13:50:00,2024,7,13,13,50,94,94077,Rue Honoré Oursel,48.728749,2.443095,Plein jour,En agglomération,Hors intersection,Normale,Deux véhicules - côté,4,1,1,0,1,1,1,0,1,30,2,2,1,0,0,1,43.0,31.0,voiture,utilitaire_camion,1,2,1,1,3
202400049664,2024-03-28 17:07:00,2024,3,28,17,7,91,91377,VOIE DE LA VALLEE DE LA BIEVRE,48.73593,2.23898,Plein jour,En agglomération,Hors intersection,Normale,Deux véhicules - frontale,3,2,2,0,1,2,1,0,1,50,2,3,1,0,2,0,40.0,27.0,voiture,deux_roues,1,2,1,1,1
202400049665,2024-08-17 19:55:00,2024,8,17,19,55,21,21154,D971,47.847524,4.567343,Plein jour,Hors agglomération,Hors intersection,Pluie légère,Deux véhicules - côté,3,2,2,0,2,3,2,0,1,70,2,4,1,0,0,3,76.0,37.0,voiture,voiture,1,1,1,2,3
202400049666,2024-12-02 14:30:00,2024,12,2,14,30,59,59508,AUTOROUTE A22,50.74322,3.1389,Plein jour,Hors agglomération,Hors intersection,Normale,Autre collision,1,-1,2,0,1,1,1,0,1,110,1,1,0,1,0,0,46.0,,utilitaire_camion,,1,1,1,1,6
202400049667,2024-06-12 11:50:00,2024,6,12,11,50,79,79270,,46.412091,-0.215081,Plein jour,En agglomération,Intersection en X,Normale,Deux véhicules - frontale,4,2,2,0,2,1,1,0,1,50,2,2,1,0,0,1,71.0,,deux_roues,voiture,1,2,2,1,1
202400049667,2024-06-12 11:50:00,2024,6,12,11,50,79,79270,,46.412091,-0.215081,Plein jour,En agglomération,Intersection en X,Normale,Deux véhicules - frontale,4,2,2,-1,1,1,1,0,1,50,2,2,1,0,0,1,71.0,,deux_roues,voiture,1,2,2,1,1
202400049668,2024-09-23 00:35:00,2024,9,23,0,35,01,01228,A40,46.132806,5.522127,Nuit sans éclairage public,Hors agglomération,Hors intersection,Temps couvert,Autre collision,1,1,2,0,2,2,2,9,3,110,1,1,0,0,0,1,23.0,,voiture,,3,1,1,8,6
202400049669,2024-10-27 03:45:00,2024,10,27,3,45,974,97416,BABET (RUE),-21.3391,55.47941,Nuit avec éclairage allumé,En agglomération,Intersection en T,Normale,Autre collision,4,-1,2,0,1,1,1,0,1,50,1,2,1,0,0,1,30.0,,voiture,,5,2,3,1,6
202400049669,2024-10-27 03:45:00,2024,10,27,3,45,974,97416,BABET (RUE),-21.3391,55.47941,Nuit avec éclairage allumé,En agglomération,Intersection en T,Normale,Autre collision,4,1,1,0,1,1,1,0,1,50,1,2,1,0,0,1,30.0,,voiture,,5,2,3,1,6
202400049670,2024-12-04 16:45:00,2024,12,4,16,45,94,94034,A6A,48.75193469,2.33027052,Crépuscule ou aube,Hors agglomération,Hors intersection,Normale,Deux véhicules - côté,1,3,3,0,3,1,1,0,1,110,2,2,1,0,0,1,53.0,48.0,voiture,deux_roues,2,1,1,1,3
202400049671,2024-06-11 22:15:00,2024,6,11,22,15,17,17337,Rue de Chéray,45.983212,-1.370303,Nuit sans éclairage public,Hors agglomération,Hors intersection,Normale,Sans collision,4,2,2,0,1,1,1,0,8,80,1,1,0,0,1,0,33.0,,voiture,,3,1,1,1,7
202400049672,2024-08-18 13:09:00,2024,8,18,13,9,40,40270,D65,43.686945,-0.41158,Plein jour,Hors agglomération,Hors intersection,Normale,Deux véhicules - frontale,3,2,2,0,4,2,1,0,1,80,2,2,0,0,1,1,60.0,69.0,voiture,voiture,1,1,1,1,1
202400049673,2024-03-28 07:40:00,2024,3,28,7,40,91,91377,AV DU PRESIDENT J F KENNEDY,48.73551,2.28955,Plein jour,En agglomération,Intersection en X,Normale,Autre collision,3,2,2,0,1,1,2,0,8,50,1,5,2,0,1,2,67.0,,voiture,,1,2,2,1,6
202400049673,2024-03-28 07:40:00,2024,3,28,7,40,91,91377,AV DU PRESIDENT J F KENNEDY,48.73551,2.28955,Plein jour,En agglomération,Intersection en X,Normale,Autre collision,3,2,2,0,1,1,2,0,4,50,1,5,2,0,1,2,67.0,,voiture,,1,2,2,1,6
202400049674,2024-07-13 13:30:00,2024,7,13,13,30,93,93027,Avenue Roger Salengro / Avenue Romain Rolland,48.94147017,2.38754622,Plein jour,En agglomération,Intersection en T,Normale,Deux véhicules - arrière,3,3,4,3,1,1,1,5,1,50,2,2,1,0,0,1,39.0,38.0,deux_roues,voiture,1,2,3,1,2
202400049674,2024-07-13 13:30:00,2024,7,13,13,30,93,93027,Avenue Roger Salengro / Avenue Romain Rolland,48.94147017,2.38754622,Plein jour,En agglomération,Intersection en T,Normale,Deux véhicules - arrière,3,2,2,1,1,1,1,0,1,50,2,2,1,0,0,1,39.0,38.0,deux_roues,voiture,1,2,3,1,2
202400049675,2024-10-28 03:50:00,2024,10,28,3,50,974,97411,JAURES (BOULEVARD JEAN),-20.90239,55.50026,Nuit avec éclairage allumé,En agglomération,Hors intersection,Normale,Deux véhicules - arrière,2,1,1,0,1,1,1,0,3,50,2,2,1,0,0,1,64.0,22.0,voiture,voiture,5,2,1,1,2
202400049676,2024-12-04 08:08:00,2024,12,4,8,8,91,91161,AUTOROUTE A6,48.69646778,2.31635034,Crépuscule ou aube,Hors agglomération,Hors intersection,Normale,Deux véhicules - arrière,1,3,3,0,1,1,2,0,1,110,2,2,1,0,0,1,22.0,31.0,deux_roues,voiture,2,1,1,1,2
202400049677,2024-09-24 08:30:00,2024,9,24,8,30,34,34337,D 185 - Pk 11+200,43.54033,3.851666,Plein jour,Hors agglomération,Hors intersection,Normale,Deux véhicules - côté,7,2,2,0,1,1,1,0,1,80,2,2,1,0,1,0,34.0,21.0,utilitaire_camion,deux_roues,1,1,1,1,3
202400049678,2024-06-12 14:05:00,2024,6,12,14,5,86,86061,D148,46.137292,0.44249,Plein jour,Hors agglomération,Hors intersection,Normale,Autre collision,3,2,2,0,1,1,1,0,3,80,1,1,0,1,0,0,49.0,,voiture,,1,1,1,1,6
202400049679,2024-08-17 15:00:00,2024,8,17,15,0,40,40312,39 Boulevard Jacques Duclos,43.535864,-1.460951,Plein jour,En agglomération,Hors intersection,Normale,Deux véhicules - côté,3,2,2,1,1,1,1,0,1,50,2,2,1,0,0,1,17.0,24.0,deux_roues,voiture,1,2,1,1,3
202400049680,2024-02-13 12:00:00,2024,2,13,12,0,2B,2B354,rt 20,42.173638,9.169132,Plein jour,En agglomération,Hors intersection,Normale,Autre collision,2,2,2,0,2,3,1,0,1,50,2,3,1,0,0,2,46.0,32.0,voiture,autre,1,2,1,1,6
202400049681,2024-03-27 20:35:00,2024,3,27,20,35,91,91114,RUE DE LA REPUBLIQUE,48.69903,2.50594,Nuit avec éclairage allumé,En agglomération,Intersection en T,Normale,Autre collision,4,1,2,0,1,1,1,6,1,20,1,2,1,0,0,1,24.0,,voiture,,5,2,3,1,6
202400049681,2024-03-27 20:35:00,2024,3,27,20,35,91,91114,RUE DE LA REPUBLIQUE,48.69903,2.50594,Nuit avec éclairage allumé,En agglomération,Intersection en T,Normale,Autre collision,4,2,2,0,1,1,1,6,1,20,1,2,1,0,0,1,24.0,,voiture,,5,2,3,1,6
202400049682,2024-10-26 15:10:00,2024,10,26,15,10,95,95252,RHIN ET DU DANUBE (BOULEVARD DU),48.991015,2.226225,Plein jour,En agglomération,Hors intersection,Normale,Deux véhicules - arrière,4,-1,1,0,1,1,1,0,1,50,2,2,1,0,0,1,90.0,22.0,voiture,voiture,1,2,1,1,2
202400049683,2024-07-13 18:50:00,2024,7,13,18,50,93,93010,Avenue Galliéni,48.90565407,2.47737004,Plein jour,En agglomération,Autre intersection,Pluie légère,Autre collision,3,1,2,0,1,1,2,6,1,30,1,2,1,0,0,1,31.0,,voiture,,1,2,9,2,6
202400049684,2024-02-16 18:20:00,2024,2,16,18,20,33,33514,,45.48873444,-1.07159615,Plein jour,Hors agglomération,Hors intersection,Normale,Deux véhicules - côté,3,2,2,0,1,1,1,0,1,80,2,2,1,0,1,0,51.0,,deux_roues,voiture,1,1,1,1,3
202400049685,2024-06-11 17:30:00,2024,6,11,17,30,35,35047,Avenue Lavoisier,48.033773,-1.729177,Plein jour,En agglomération,Intersection en T,Normale,Deux véhicules - côté,4,2,2,0,1,1,1,0,1,50,2,2,1,0,0,1,19.0,34.0,deux_roues,voiture,1,2,3,1,3
202400049685,2024-06-11 17:30:00,2024,6,11,17,30,35,35047,Avenue Lavoisier,48.033773,-1.729177,Plein jour,En agglomération,Intersection en T,Normale,Deux véhicules - côté,4,2,2,0,1,1,1,0,1,50,2,2,1,0,0,1,19.0,34.0,deux_roues,voiture,1,2,3,1,3
202400049686,2024-06-08 23:30:00,2024,6,8,23,30,35,35353,15 Rue Lieutenant-Colonel Dubois,48.105822,-1.738915,Nuit avec éclairage allumé,En agglomération,Hors intersection,Normale,Deux véhicules - frontale,4,2,2,0,1,2,1,0,1,50,2,3,2,0,1,0,,29.0,voiture,voiture,5,2,1,1,1
202400049687,2024-12-04 08:45:00,2024,12,4,8,45,92,92050,A86,48.8989389,2.19902328,Plein jour,Hors agglomération,Hors intersection,Normale,Trois véhicules et plus - en chaîne,1,1,4,0,1,1,1,1,1,70,4,4,3,0,0,1,22.0,59.0,utilitaire_camion,deux_roues,1,1,1,1,4
202400049688,2024-10-27 11:20:00,2024,10,27,11,20,95,95563,CHAUVRY (RUE DE),49.02373,2.24532,Plein jour,En agglomération,Hors intersection,Temps couvert,Deux véhicules - frontale,4,2,2,0,2,4,2,0,1,50,2,3,1,0,0,2,49.0,56.0,voiture,voiture,1,2,1,8,1
202400049689,2024-08-18 18:00:00,2024,8,18,18,0,28,28386,D23,48.567643,1.255518,Plein jour,Hors agglomération,Intersection en X,Normale,Deux véhicules - côté,3,2,2,0,1,1,9,5,1,50,2,3,2,0,0,1,54.0,67.0,voiture,voiture,1,1,2,1,3
202400049689,2024-08-18 18:00:00,2024,8,18,18,0,28,28386,D23,48.567643,1.255518,Plein jour,Hors agglomération,Intersection en X,Normale,Deux véhicules - côté,3,2,2,0,1,1,1,5,1,50,2,3,2,0,0,1,54.0,67.0,voiture,voiture,1,1,2,1,3
202400049690,2024-02-16 10:50:00,2024,2,16,10,50,32,32455,D 286,43.46965707,0.21569598,Plein jour,Hors agglomération,Hors intersection,Pluie légère,Autre collision,3,2,2,0,2,1,2,0,8,80,1,1,0,0,0,1,44.0,,voiture,,1,1,1,2,6
202400049691,2024-12-04 09:30:00,2024,12,4,9,30,92,92050,A86,48.91427665,2.21944304,Plein jour,Hors agglomération,Hors intersection,Normale,Deux véhicules - côté,1,-1,2,0,1,1,1,0,1,110,2,2,1,0,0,1,26.0,37.0,deux_roues,voiture,1,1,1,1,3
202400049692,2024-06-12 05:20:00,2024,6,12,5,20,27,27386,D321,49.323545,1.198878,Crépuscule ou aube,Hors agglomération,Hors intersection,Brouillard / fumée,Autre collision,3,2,2,0,1,2,1,0,3,80,1,1,0,1,0,0,25.0,,voiture,,2,1,1,5,6
202400049693,2024-03-28 21:25:00,2024,3,28,21,25,86,86066,Av du Mal de Lattre de Tassigny,46.81904,0.52243,Nuit avec éclairage allumé,En agglomération,Intersection en T,Pluie légère,Trois véhicules et plus - en chaîne,3,2,2,0,1,1,2,5,1,50,3,4,2,0,0,2,31.0,34.0,voiture,voiture,5,2,3,2,4
202400049693,2024-03-28 21:25:00,2024,3,28,21,25,86,86066,Av du Mal de Lattre de Tassigny,46.81904,0.52243,Nuit avec éclairage allumé,En agglomération,Intersection en T,Pluie légère,Trois véhicules et plus - en chaîne,3,2,2,0,1,1,2,5,1,50,3,4,2,0,0,2,31.0,34.0,voiture,voiture,5,2,3,2,4
202400049694,2024-09-22 19:24:00,2024,9,22,19,24,01,01425,A40,46.104735,5.291108,Crépuscule ou aube,Hors agglomération,Hors intersection,Pluie forte,Autre collision,1,3,3,0,1,1,2,0,1,-1,1,2,0,0,0,2,29.0,,voiture,,2,1,1,3,6
202400049695,2024-07-12 18:20:00,2024,7,12,18,20,93,93010,Avenue Henri Barbusse / Rue Gaston Defferre,48.90182,2.48602,Plein jour,En agglomération,Giratoire,Normale,Deux véhicules - côté,3,3,2,0,1,1,1,0,1,30,2,2,1,0,0,1,36.0,13.0,voiture,deux_roues,1,2,6,1,3
202400049695,2024-07-12 18:20:00,2024,7,12,18,20,93,93010,Avenue Henri Barbusse / Rue Gaston Defferre,48.90182,2.48602,Plein jour,En agglomération,Giratoire,Normale,Deux véhicules - côté,3,2,2,0,1,1,1,0,1,-1,2,2,1,0,0,1,36.0,13.0,voiture,deux_roues,1,2,6,1,3
202400049696,2024-10-27 19:15:00,2024,10,27,19,15,95,95500,D915,49.04699441,2.08008591,Nuit avec éclairage allumé,En agglomération,Hors intersection,Pluie légère,Deux véhicules - arrière,3,1,1,0,1,1,2,0,6,70,2,2,1,0,0,1,69.0,31.0,voiture,voiture,5,2,1,2,2
202400049697,2024-08-18 00:27:00,2024,8,18,0,27,37,37104,Route de Sauquet,47.265514,0.798317,Nuit sans éclairage public,Hors agglomération,Hors intersection,Normale,Autre collision,4,2,2,0,1,3,1,0,3,70,1,3,1,0,1,1,26.0,,voiture,,3,1,1,1,6
202400049698,2024-03-24 20:20:00,2024,3,24,20,20,85,85194,RD 949,46.51501,-1.75865,Nuit avec éclairage allumé,En agglomération,Autre intersection,Normale,Autre collision,3,-1,0,0,1,2,1,9,8,50,1,1,0,0,0,1,34.0,,deux_roues,,5,2,9,1,6
202400049699,2024-06-11 17:00:00,2024,6,11,17,0,60,60612,Avenue du Poteau,49.217774,2.59478,Plein jour,En agglomération,Intersection en T,Normale,Deux véhicules - côté,4,2,2,0,1,1,1,0,1,50,2,2,1,0,0,1,66.0,75.0,deux_roues,voiture,1,2,3,1,3
202400049699,2024-06-11 17:00:00,2024,6,11,17,0,60,60612,Avenue du Poteau,49.217774,2.59478,Plein jour,En agglomération,Intersection en T,Normale,Deux véhicules - côté,4,2, -1,-1,1,1,1,0,1,-1,2,2,1,0,0,1,66.0,75.0,deux_roues,voiture,1,2,3,1,3
202400049700,2024-09-23 14:50:00,2024,9,23,14,50,06,06059,Autoroute A500 PR2 + 884,43.733121,7.38936,Plein jour,Hors agglomération,Hors intersection,Pluie légère,Sans collision,1,3,4,0,2,3,2,0,1,90,1,1,0,0,0,1,34.0,,deux_roues,,1,1,1,2,7
202400049701,2024-07-13 09:15:00,2024,7,13,9,15,93,93001,Avenue Jean Jaurès / Avenue de la République,48.9041536,2.39243863,Plein jour,En agglomération,Intersection en X,Pluie légère,Deux véhicules - côté,3,2,2,3,1,1,2,0,1,50,2,2,1,0,0,1,25.0,56.0,deux_roues,voiture,1,2,2,2,3
202400049701,2024-07-13 09:15:00,2024,7,13,9,15,93,93001,Avenue Jean Jaurès / Avenue de la République,48.9041536,2.39243863,Plein jour,En agglomération,Intersection en X,Pluie légère,Deux véhicules - côté,3,3,2,3,1,1,2,0,1,-1,2,2,1,0,0,1,25.0,56.0,deux_roues,voiture,1,2,2,2,3
202400049702,2024-02-17 16:55:00,2024,2,17,16,55,55,55079,Rue de Bar le Duc,48.713773,5.096146,Plein jour,En agglomération,Intersection en T,Normale,Deux véhicules - côté,3,2,2,0,1,1,1,0,1,50,2,4,3,0,1,0,60.0,22.0,voiture,deux_roues,1,2,3,1,3
202400049702,2024-02-17 16:55:00,2024,2,17,16,55,55,55079,Rue de Bar le Duc,48.713773,5.096146,Plein jour,En agglomération,Intersection en T,Normale,Deux véhicules - côté,3,2,2,0,1,1,1,0,1,50,2,4,3,0,1,0,60.0,22.0,voiture,deux_roues,1,2,3,1,3
202400049703,2024-08-17 10:45:00,2024,8,17,10,45,48,48038,D985,44.833782,3.618096,Plein jour,Hors agglomération,Hors intersection,Temps couvert,Autre collision,3,2,2,0,2,3,1,0,3,90,1,1,0,0,0,1,23.0,,deux_roues,,1,1,1,8,6
202400049704,2024-10-27 06:30:00,2024,10,27,6,30,88,88209,GRANDRUPT (RUE DE LA),48.18976,6.42923,Crépuscule ou aube,En agglomération,Giratoire,Normale,Deux véhicules - côté,4,2,1,0,1,1,1,0,1,50,2,2,1,0,0,1,76.0,25.0,voiture,voiture,2,2,6,1,3
202400049704,2024-10-27 06:30:00,2024,10,27,6,30,88,88209,GRANDRUPT (RUE DE LA),48.18976,6.42923,Crépuscule ou aube,En agglomération,Giratoire,Normale,Deux véhicules - côté,4,1,1,0,1,1,1,0,1,50,2,2,1,0,0,1,76.0,25.0,voiture,voiture,2,2,6,1,3
202400049705,2024-06-05 14:00:00,2024,6,5,14,0,59,59497,131 Rue de Therouanne,50.723416,2.385503,Plein jour,Hors agglomération,Hors intersection,Normale,Deux véhicules - arrière,3,2,2,0,1,1,1,0,1,80,2,2,1,0,1,0,52.0,84.0,voiture,deux_roues,1,1,1,1,2
202400049706,2024-09-22 10:25:00,2024,9,22,10,25,69,69043,32 Avenue Paul Doumer,45.712233,4.744428,Plein jour,En agglomération,Hors intersection,Pluie légère,Autre collision,3,2,2,0,1,1,2,0,4,50,1,2,1,0,0,1,78.0,,voiture,,1,2,1,2,6
202400049707,2024-12-03 18:44:00,2024,12,3,18,44,78,78490,RN12 INT,48.79877,1.9232,Nuit sans éclairage public,Hors agglomération,Hors intersection,Normale,Trois véhicules et plus - en chaîne,2,1,2,0,1,1,1,0,1,110,6,7,6,0,0,1,32.0,40.0,voiture,voiture,3,1,1,1,4
202400049708,2024-02-15 23:05:00,2024,2,15,23,5,49,49170,Route du Pressoir Blanvillain,47.669217,-0.499519,Nuit sans éclairage public,Hors agglomération,Hors intersection,Autre,Sans collision,4,1,1,0,1,2,2,0,3,50,1,1,0,0,1,0,24.0,,deux_roues,,3,1,1,9,7
202400049709,2024-12-03 21:50:00,2024,12,3,21,50,93,93078,AUTOROUTE A104,48.97113985,2.49844915,Nuit sans éclairage public,Hors agglomération,Hors intersection,Normale,Autre collision,1,1,3,0,1,1,1,0,1,70,1,1,0,0,0,1,25.0,,voiture,,3,1,1,1,6
202400049710,2024-10-27 19:05:00,2024,10,27,19,5,82,82033,Route de Lafrançaise,44.07340815,1.17442837,Nuit sans éclairage public,Hors agglomération,Intersection en X,Normale,Deux véhicules - côté,3,-1,2,0,1,1,1,0,1,70,2,5,1,0,0,4,33.0,21.0,voiture,voiture,3,1,2,1,3
202400049710,2024-10-27 19:05:00,2024,10,27,19,5,82,82033,Route de Lafrançaise,44.07340815,1.17442837,Nuit sans éclairage public,Hors agglomération,Intersection en X,Normale,Deux véhicules - côté,3,-1,2,0,1,1,1,0,1,80,2,5,1,0,0,4,33.0,21.0,voiture,voiture,3,1,2,1,3
202400049711,2024-07-13 20:30:00,2024,7,13,20,30,92,92078,GALLIENI (BD) (1 A 79 ET 22 A 102),48.93062596,2.33213639,Plein jour,En agglomération,Autre intersection,Pluie forte,Deux véhicules - côté,3,2,2,2,1,2,2,0,1,50,2,6,5,0,0,1,20.0,30.0,voiture,voiture,1,2,9,3,3
202400049712,2024-02-17 08:20:00,2024,2,17,8,20,35,35162,Rue de la Libération,48.481954,-1.134177,Crépuscule ou aube,En agglomération,Giratoire,Normale,Autre collision,3,2,2,0,1,3,1,0,1,50,1,1,0,0,1,0,40.0,,voiture,,2,2,6,1,6
202400049713,2024-08-19 13:15:00,2024,8,19,13,15,06,06152,Allee Pierre Ziller,43.625856,7.041732,Plein jour,Hors agglomération,Intersection en X,Normale,Deux véhicules - arrière,3,2,2,0,1,4,1,0,1,50,2,2,1,0,1,0,27.0,28.0,deux_roues,voiture,1,1,2,1,2
202400049713,2024-08-19 13:15:00,2024,8,19,13,15,06,06152,Allee Pierre Ziller,43.625856,7.041732,Plein jour,Hors agglomération,Intersection en X,Normale,Deux véhicules - arrière,3,2,2,0,2,1,1,0,1,-1,2,2,1,0,1,0,27.0,28.0,deux_roues,voiture,1,1,2,1,2
202400049714,2024-09-23 18:14:00,2024,9,23,18,14,30,30221,PK 14+800,44.021351,4.735778,Plein jour,Hors agglomération,Hors intersection,Normale,Sans collision,1,3,2,0,2,1,1,0,1,130,2,2,1,0,1,0,18.0,49.0,deux_roues,utilitaire_camion,1,1,1,1,7
202400049715,2024-06-11 09:45:00,2024,6,11,9,45,13,13015,A515CD-Gardanne vers A51-Marseille,43.42985,5.39764,Plein jour,Hors agglomération,Hors intersection,Normale,Trois véhicules et plus - en chaîne,1,1,2,0,1,1,1,0,1,90,3,5,4,0,0,1,38.0,31.0,voiture,voiture,1,1,1,1,4
202400049716,2024-12-03 08:30:00,2024,12,3,8,30,95,95572,N184,49.04914366,2.13825607,Crépuscule ou aube,Hors agglomération,Hors intersection,Pluie légère,Deux véhicules - arrière,2,3,3,0,1,1,2,0,1,90,2,2,1,0,0,1,19.0,18.0,voiture,deux_roues,2,1,1,2,2
202400049717,2024-02-15 20:45:00,2024,2,15,20,45,31,31050,D817,43.110524,0.878515,Nuit sans éclairage public,Hors agglomération,Hors intersection,Normale,Autre collision,3,2,3,0,1,1,1,0,3,80,1,1,0,0,1,0,55.0,,voiture,,3,1,1,1,6
202400049718,2024-07-13 03:20:00,2024,7,13,3,20,92,92046,CAMELINAT,48.81620079,2.29506934,Nuit avec éclairage allumé,En agglomération,Hors intersection,Normale,Autre collision,4,3,2,0,1,3,1,0,1,30,1,1,0,0,1,0,31.0,,deux_roues,,5,2,1,1,6
202400049719,2024-03-27 17:35:00,2024,3,27,17,35,83,83137,CASTIGNEAU (PORTE),43.12613,5.92226,Plein jour,En agglomération,Hors intersection,Normale,Deux véhicules - arrière,4,2,3,0,1,1,1,0,1,50,2,7,6,0,0,1,30.0,66.0,voiture,voiture,1,2,1,1,2
202400049720,2024-10-27 21:20:00,2024,10,27,21,20,78,78551,DESOYER (LEON),48.89965,2.08188,Nuit avec éclairage allumé,En agglomération,Intersection en Y,Autre,Deux véhicules - côté,9,2,2,0,1,1,1,0,8,45,2,2,1,0,0,1,67.0,26.0,voiture,deux_roues,5,2,4,9,3
202400049720,2024-10-27 21:20:00,2024,10,27,21,20,78,78551,DESOYER (LEON),48.89965,2.08188,Nuit avec éclairage allumé,En agglomération,Intersection en Y,Autre,Deux véhicules - côté,9,2,2,0,1,1,1,0,1,45,2,2,1,0,0,1,67.0,26.0,voiture,deux_roues,5,2,4,9,3
202400049721,2024-08-14 23:52:00,2024,8,14,23,52,987,98715,RDO,-17.55716418,-149.59608793,Nuit avec éclairage allumé,Hors agglomération,Hors intersection,Normale,Deux véhicules - frontale,2,3,2,0,1,1,1,0,1,-1,2,2,1,0,1,0,28.0,45.0,voiture,voiture,5,1,1,1,1
202400049722,2024-06-11 09:00:00,2024,6,11,9,0,13,13215,A7-Sens Marseille vers Lyon,43.32558,5.37865,Plein jour,Hors agglomération,Hors intersection,Normale,Deux véhicules - côté,1,1,3,0,1,1,1,0,1,70,2,2,1,0,0,1,29.0,65.0,voiture,deux_roues,1,1,1,1,3
202400049723,2024-12-03 09:09:00,2024,12,3,9,9,93,93066,AUTOROUTE A1,48.92985457,2.36307976,Plein jour,Hors agglomération,Hors intersection,Normale,Deux véhicules - arrière,1,1,8,0,1,1,1,0,1,50,2,2,1,0,0,1,21.0,38.0,deux_roues,voiture,1,1,1,1,2
202400049724,2024-09-24 17:35:00,2024,9,24,17,35,21,21452,D905B,47.268643,5.129371,Plein jour,Hors agglomération,Intersection en T,Normale,Deux véhicules - côté,7,2,1,0,1,2,1,5,1,80,2,2,0,0,1,1,17.0,39.0,voiture,deux_roues,1,1,3,1,3
202400049724,2024-09-24 17:35:00,2024,9,24,17,35,21,21452,D905B,47.268643,5.129371,Plein jour,Hors agglomération,Intersection en T,Normale,Deux véhicules - côté,7,2,1,0,1,2,1,5,1,80,2,2,0,0,1,1,17.0,39.0,voiture,deux_roues,1,1,3,1,3
202400049725,2024-02-16 18:00:00,2024,2,16,18,0,02,02035,D946,49.868281,3.631454,Crépuscule ou aube,Hors agglomération,Hors intersection,Normale,Deux véhicules - côté,3,2,2,0,2,1,1,0,1,80,2,2,1,0,1,0,82.0,42.0,voiture,voiture,2,1,1,1,3
202400049726,2024-06-10 02:37:00,2024,6,10,2,37,13,13043,A55-Sens Martigues vers Marseille,43.3832901,5.2298306,Nuit sans éclairage public,Hors agglomération,Hors intersection,Temps couvert,Autre collision,1,1,2,0,1,1,2,0,1,110,1,1,0,0,0,1,29.0,,voiture,,3,1,1,8,6
202400049727,2024-07-13 07:30:00,2024,7,13,7,30,92,92072,GRANDE RUE,48.82634,2.21905,Plein jour,En agglomération,Hors intersection,Normale,Deux véhicules - arrière,3,2,0,0,1,1,1,0,1,30,2,2,1,0,0,1,77.0,61.0,voiture,utilitaire_camion,1,2,1,1,2
202400049728,2024-10-27 12:45:00,2024,10,27,12,45,77,77438,COURTILLIERE  (SENTIER DE LA),48.87454995,2.66812447,Plein jour,En agglomération,Hors intersection,Normale,Autre collision,6,-1,0,0,1,1,1,0,6,50,2,2,1,0,0,1,58.0,41.0,voiture,voiture,1,2,1,1,6
202400049729,2024-03-27 10:15:00,2024,3,27,10,15,83,83137,CUZIN (AVE FRANCOIS),43.12226,5.944,Plein jour,En agglomération,Intersection en X,Normale,Deux véhicules - côté,3,2,2,0,1,1,2,0,1,50,2,2,1,0,0,1,34.0,28.0,deux_roues,voiture,1,2,2,1,3
202400049729,2024-03-27 10:15:00,2024,3,27,10,15,83,83137,CUZIN (AVE FRANCOIS),43.12226,5.944,Plein jour,En agglomération,Intersection en X,Normale,Deux véhicules - côté,3,1,1,0,1,1,2,0,1,50,2,2,1,0,0,1,34.0,28.0,deux_roues,voiture,1,2,2,1,3
202400049730,2024-02-17 13:50:00,2024,2,17,13,50,03,03079,D23,46.321934,3.527899,Plein jour,Hors agglomération,Hors intersection,Normale,Sans collision,3,2,2,0,1,1,1,0,1,90,1,1,0,0,0,1,17.0,,deux_roues,,1,1,1,1,7
202400049731,2024-08-17 17:20:00,2024,8,17,17,20,971,97103,Bd du Marquisat du Houelbourg,16.240057,-61.578927,Plein jour,En agglomération,Hors intersection,Pluie forte,Deux véhicules - arrière,2,3,4,0,4,1,3,0,1,70,2,5,3,0,0,2,32.0,20.0,voiture,voiture,1,2,1,3,2
202400049732,2024-12-03 07:45:00,2024,12,3,7,45,93,93078,AUTOROUTE A104,48.9661631,2.51563055,Plein jour,Hors agglomération,Hors intersection,Normale,Deux véhicules - arrière,1,3,3,0,1,1,1,0,1,110,2,4,1,0,0,3,,42.0,voiture,voiture,1,1,1,1,2
202400049733,2024-07-13 09:45:00,2024,7,13,9,45,92,92002,BOIS DE VERRIERES (AVENUE DU),48.75697205,2.27989554,Plein jour,En agglomération,Intersection en T,Normale,Autre collision,4,2,2,0,1,1,1,0,4,50,1,1,0,0,0,1,60.0,,voiture,,1,2,3,1,6
202400049733,2024-07-13 09:45:00,2024,7,13,9,45,92,92002,BOIS DE VERRIERES (AVENUE DU),48.75697205,2.27989554,Plein jour,En agglomération,Intersection en T,Normale,Autre collision,4,1,1,0,1,1,1,0,8,30,1,1,0,0,0,1,60.0,,voiture,,1,2,3,1,6