accident_id,datetime,annee,mois,jour,heure,minute,departement,commune_insee,adresse,latitude,longitude,luminosite,agglomeration,intersection,meteo,collision,catr,circ,nbv,vosp,prof,plan,surf,infra,situ,vma,nb_vehicules,nb_usagers,nb_indemnes,nb_tues,nb_blesses_hosp,nb_blesses_legers,age_cond_1,age_cond_2,veh_type_cond_1,veh_type_cond_2,lum_code,agg_code,int_code,atm_code,col_code
202400049734,2024-06-10 02:40:00,2024,6,10,2,40,13,13211,A50-Sens Marseille vers Aubagne,43.29036289,5.48944917,Nuit sans éclairage public,Hors agglomération,Hors intersection,Temps couvert,Autre collision,1,1,3,0,2,1,2,0,1,90,1,5,3,0,0,2,38.0,,voiture,,3,1,1,8,6
202400049735,2024-10-27 19:55:00,2024,10,27,19,55,76,76561,Rue de la République,49.29877,1.01149,Nuit avec éclairage allumé,En agglomération,Intersection en T,Normale,Deux véhicules - côté,7,2,2,0,1,1,2,0,8,50,2,2,1,0,0,1,,22.0,voiture,deux_roues,5,2,3,1,3
202400049735,2024-10-27 19:55:00,2024,10,27,19,55,76,76561,Rue de la République,49.29877,1.01149,Nuit avec éclairage allumé,En agglomération,Intersection en T,Normale,Deux véhicules - côté,7,2,2,0,1,1,2,-1,1,50,2,2,1,0,0,1,,22.0,voiture,deux_roues,5,2,3,1,3
202400049736,2024-09-22 09:15:00,2024,9,22,9,15,33,33496,,44.830955,-0.393255,Plein jour,Hors agglomération,Hors intersection,Pluie forte,Deux véhicules - frontale,3,2,2,0,1,1,2,0,1,70,2,5,1,0,3,1,19.0,75.0,voiture,voiture,1,1,1,3,1
202400049737,2024-03-27 18:10:00,2024,3,27,18,10,78,78350,VERSAILLES (ROUTE DE),48.85534,2.10729,Plein jour,En agglomération,Hors intersection,Normale,Trois véhicules et plus - collisions multiples,2,2,0,0,1,1,1,0,1,50,3,3,2,0,1,0,34.0,39.0,utilitaire_camion,deux_roues,1,2,1,1,5
202400049738,2024-12-02 08:00:00,2024,12,2,8,0,95,95277,A3,48.96893169,2.47975723,Plein jour,Hors agglomération,Hors intersection,Normale,Trois véhicules et plus - collisions multiples,1,3,3,0,1,1,2,0,1,90,3,3,2,0,0,1,53.0,53.0,voiture,utilitaire_camion,1,1,1,1,5
202400049739,2024-06-10 01:13:00,2024,6,10,1,13,13,13015,A515CD-Gardanne vers A51-Marseille,43.43088,5.39128,Nuit sans éclairage public,Hors agglomération,Hors intersection,Temps couvert,Autre collision,1,1,2,0,1,2,2,0,1,70,1,1,0,0,0,1,21.0,,voiture,,3,1,1,8,6
202400049740,2024-08-19 12:40:00,2024,8,19,12,40,38,38449,A43 - PK 22+000,45.64620602,5.13140038,Plein jour,Hors agglomération,Hors intersection,Normale,Trois véhicules et plus - en chaîne,1,3,3,0,1,1,1,0,1,130,3,4,2,0,0,2,22.0,71.0,utilitaire_camion,voiture,1,1,1,1,4
202400049741,2024-02-17 17:00:00,2024,2,17,17,0,45,45322,D2060 PR 16 + 332,48.01830514,2.88512421,Crépuscule ou aube,Hors agglomération,Hors intersection,Temps éblouissant,Deux véhicules - frontale,3,2,2,0,1,1,1,9,1,90,2,2,1,1,0,0,51.0,37.0,deux_roues,utilitaire_camion,2,1,1,7,1
202400049742,2024-07-13 17:20:00,2024,7,13,17,20,24,24442,Route de la Biscuiterie,45.121737,0.484772,Plein jour,Hors agglomération,Hors intersection,Normale,Deux véhicules - frontale,3,2,2,0,1,1,1,0,1,80,2,3,0,0,1,2,78.0,35.0,voiture,voiture,1,1,1,1,1
202400049743,2024-06-11 00:08:00,2024,6,11,0,8,57,57534,RN 431,49.08719,6.21815,Nuit sans éclairage public,Hors agglomération,Hors intersection,Normale,Autre collision,2,3,2,0,1,1,1,0,1,110,1,2,1,0,1,0,,,voiture,,3,1,1,1,6
202400049744,2024-09-24 14:20:00,2024,9,24,14,20,30,30145,D6086 - PK 48/49,43.898356,4.516304,Plein jour,Hors agglomération,Hors intersection,Normale,Deux véhicules - frontale,3,2,2,0,2,1,1,2,1,80,2,3,1,0,2,0,77.0,29.0,voiture,voiture,1,1,1,1,1
202400049745,2024-10-27 21:00:00,2024,10,27,21,0,74,74118,DEPORTES (ROUTE DES ),46.18042,6.22991,Nuit avec éclairage allumé,En agglomération,Giratoire,Normale,Trois véhicules et plus - collisions multiples,3,1,2,0,1,1,1,2,1,50,4,5,3,0,0,2,17.0,26.0,voiture,voiture,5,2,6,1,5
202400049745,2024-10-27 21:00:00,2024,10,27,21,0,74,74118,DEPORTES (ROUTE DES ),46.18042,6.22991,Nuit avec éclairage allumé,En agglomération,Giratoire,Normale,Trois véhicules et plus - collisions multiples,3,1,2,0,2,3,1,2,1,50,4,5,3,0,0,2,17.0,26.0,voiture,voiture,5,2,6,1,5
202400049746,2024-12-04 18:30:00,2024,12,4,18,30,94,94004,N19,48.74442239,2.51372874,Nuit sans éclairage public,Hors agglomération,Hors intersection,Normale,Trois véhicules et plus - en chaîne,2,3,2,0,1,1,1,0,1,90,3,4,1,0,0,3,21.0,20.0,voiture,voiture,3,1,1,1,4
202400049747,2024-08-18 15:35:00,2024,8,18,15,35,977,97701,"RT209, St Jean",17.903547,-62.840027,Plein jour,En agglomération,Hors intersection,Normale,Deux véhicules - côté,2,2,2,0,1,1,1,0,1,30,2,2,1,0,1,0,24.0,30.0,voiture,deux_roues,1,2,1,1,3
202400049748,2024-02-16 11:00:00,2024,2,16,11,0,64,64546,506 Avenue du Port,43.4979,-1.298583,Plein jour,En agglomération,Hors intersection,Normale,Deux véhicules - arrière,3,2,2,0,2,1,1,0,1,50,2,2,1,0,1,0,69.0,28.0,voiture,deux_roues,1,2,1,1,2
202400049749,2024-03-28 08:15:00,2024,3,28,8,15,77,77152,D372,48.52642,2.64661,Plein jour,En agglomération,Hors intersection,Normale,Autre collision,3,2,3,0,1,1,1,0,1,50,1,3,2,1,0,0,33.0,,voiture,,1,2,1,1,6
202400049750,2024-06-11 08:56:00,2024,6,11,8,56,33,33013,,44.867971,-0.494148,Plein jour,Hors agglomération,Hors intersection,Pluie légère,Deux véhicules - arrière,2,3,4,0,1,1,2,0,1,90,2,2,1,0,0,1,33.0,53.0,utilitaire_camion,voiture,1,1,1,2,2
202400049751,2024-07-14 16:00:00,2024,7,14,16,0,38,38238,D502,45.500812,5.011989,Plein jour,Hors agglomération,Hors intersection,Normale,Deux véhicules - côté,3,2,1,0,1,1,1,0,1,80,2,2,0,0,1,1,19.0,33.0,deux_roues,voiture,1,1,1,1,3
202400049752,2024-06-11 12:00:00,2024,6,11,12,0,91,91064,RN 118,48.7481,2.1977,Plein jour,Hors agglomération,Hors intersection,Normale,Autre collision,6,-1,0,0,1,1,1,9,1,30,1,1,0,0,0,1,58.0,,voiture,,1,1,1,1,6
202400049753,2024-03-27 17:45:00,2024,3,27,17,45,77,77449,CRS DU DANUBE,48.85651,2.7828,Plein jour,En agglomération,Intersection en T,Normale,Autre collision,4,2,2,0,1,1,1,0,1,50,1,1,0,0,0,1,53.0,,deux_roues,,1,2,3,1,6
202400049753,2024-03-27 17:45:00,2024,3,27,17,45,77,77449,CRS DU DANUBE,48.85651,2.7828,Plein jour,En agglomération,Intersection en T,Normale,Autre collision,4,2,2,0,1,1,1,0,1,50,1,1,0,0,0,1,53.0,,deux_roues,,1,2,3,1,6
202400049754,2024-12-02 17:10:00,2024,12,2,17,10,77,77146,RN104,48.80689279,2.62988208,Nuit sans éclairage public,Hors agglomération,Hors intersection,Pluie légère,Deux véhicules - arrière,2,3,3,0,1,1,2,0,1,90,2,3,1,0,0,2,25.0,44.0,deux_roues,voiture,3,1,1,2,2
202400049755,2024-02-16 21:00:00,2024,2,16,21,0,64,64519,route departementale 834,43.384714,-0.380497,Nuit avec éclairage allumé,En agglomération,Hors intersection,Pluie légère,Deux véhicules - côté,3,2,2,0,1,1,2,0,1,70,2,2,1,0,0,1,42.0,18.0,voiture,deux_roues,5,2,1,2,3
202400049756,2024-10-27 18:30:00,2024,10,27,18,30,71,71040,BIZOTS (ROUTE DES),46.71225801,4.39495236,Crépuscule ou aube,En agglomération,Intersection en X,Normale,Deux véhicules - côté,4,2,2,0,1,1,1,0,1,50,2,3,1,0,0,2,46.0,19.0,voiture,voiture,2,2,2,1,3
202400049756,2024-10-27 18:30:00,2024,10,27,18,30,71,71040,BIZOTS (ROUTE DES),46.71225801,4.39495236,Crépuscule ou aube,En agglomération,Intersection en X,Normale,Deux véhicules - côté,4,-1,2,0,1,1,1,0,1,50,2,3,1,0,0,2,46.0,19.0,voiture,voiture,2,2,2,1,3
202400049757,2024-08-17 22:59:00,2024,8,17,22,59,77,77470,D1004,48.73696,2.760701,Nuit sans éclairage public,Hors agglomération,Hors intersection,Pluie forte,Autre collision,3,3,2,0,1,2,3,2,3,90,1,4,0,0,2,2,36.0,,voiture,,3,1,1,3,6
202400049758,2024-09-24 12:15:00,2024,9,24,12,15,84,84132,D98,43.889279,5.009583,Plein jour,Hors agglomération,Hors intersection,Normale,Deux véhicules - frontale,3,2,2,0,1,3,1,0,1,80,2,5,0,0,3,2,40.0,83.0,voiture,voiture,1,1,1,1,1
202400049759,2024-06-11 07:40:00,2024,6,11,7,40,91,91377,AUTOROUTE A10,48.71716,2.29171,Plein jour,Hors agglomération,Hors intersection,Normale,Deux véhicules - côté,1,3,3,0,1,1,1,0,1,90,2,2,1,0,0,1,29.0,54.0,deux_roues,voiture,1,1,1,1,3
202400049760,2024-07-13 17:50:00,2024,7,13,17,50,86,86174,D910,46.77772,0.51789,Plein jour,Hors agglomération,Hors intersection,Normale,Deux véhicules - arrière,3,3,2,0,1,1,1,9,1,90,2,3,1,0,2,0,23.0,34.0,voiture,deux_roues,1,1,1,1,2
202400049761,2024-09-27 19:05:00,2024,9,27,19,5,88,88160,SAINT-MICHEL (RUE),48.17927,6.46155,Crépuscule ou aube,En agglomération,Hors intersection,Normale,Deux véhicules - côté,4,2,2,0,1,1,1,0,1,30,1,3,1,0,0,2,38.0,,voiture,,2,2,1,1,3
202400049762,2024-03-27 12:30:00,2024,3,27,12,30,77,77333,RUE D EGREVILLE,48.263479,2.716365,Plein jour,Hors agglomération,Hors intersection,Normale,Deux véhicules - côté,3,-1,2,0,1,1,1,0,1,50,2,2,1,0,0,1,58.0,38.0,voiture,deux_roues,1,1,1,1,3
202400049763,2024-08-19 18:20:00,2024,8,19,18,20,54,54215,72 Rue de l'Hôtel de Ville,48.760387,6.13206,Plein jour,En agglomération,Hors intersection,Normale,Autre collision,4,2,2,0,3,3,1,0,1,30,1,3,1,0,2,0,41.0,,voiture,,1,2,1,1,6
202400049764,2024-02-17 14:10:00,2024,2,17,14,10,18,18035,,47.120519,2.654786,Plein jour,Hors agglomération,Hors intersection,Normale,Deux véhicules - frontale,2,2,2,0,1,1,1,0,1,80,2,4,0,1,1,2,18.0,24.0,voiture,voiture,1,1,1,1,1
202400049765,2024-09-22 14:30:00,2024,9,22,14,30,83,83023,Route Nationale 7,43.404868,6.016409,Plein jour,Hors agglomération,Hors intersection,Normale,Autre collision,3,2,2,0,1,1,1,0,3,90,1,1,0,0,1,0,52.0,,voiture,,1,1,1,1,6
202400049766,2024-10-27 03:30:00,2024,10,27,3,30,69,69266,Boulevard Stalingrad,45.77964,4.8596,Nuit avec éclairage allumé,En agglomération,Intersection en T,Normale,Deux véhicules - arrière,4,2,3,3,1,1,1,0,1,50,2,2,0,0,0,2,27.0,43.0,voiture,voiture,5,2,3,1,2
202400049766,2024-10-27 03:30:00,2024,10,27,3,30,69,69266,Boulevard Stalingrad,45.77964,4.8596,Nuit avec éclairage allumé,En agglomération,Intersection en T,Normale,Deux véhicules - arrière,4,2,5,1,1,1,1,0,1,50,2,2,0,0,0,2,27.0,43.0,voiture,voiture,5,2,3,1,2
202400049767,2024-06-11 02:40:00,2024,6,11,2,40,75,75114,A6A,48.81738835,2.33491123,Nuit avec éclairage allumé,Hors agglomération,Hors intersection,Pluie légère,Deux véhicules - côté,1,1,3,0,2,2,2,0,1,50,2,3,0,0,0,3,25.0,34.0,voiture,voiture,5,1,1,2,3
202400049768,2024-03-28 16:10:00,2024,3,28,16,10,69,69115,66 Route d’Anse,45.97266,4.71694,Plein jour,En agglomération,Hors intersection,Normale,Sans collision,3,2,4,2,1,1,1,0,1,50,1,1,0,0,0,1,39.0,,deux_roues,,1,2,1,1,7
202400049769,2024-08-18 14:23:00,2024,8,18,14,23,01,01297,D22,45.899447,5.102828,Plein jour,Hors agglomération,Hors intersection,Pluie légère,Sans collision,3,2,2,0,1,1,2,0,1,80,1,2,1,0,1,0,44.0,,deux_roues,,1,1,1,2,7
202400049770,2024-07-14 07:45:00,2024,7,14,7,45,33,33204,,44.544304,0.000837,Plein jour,En agglomération,Hors intersection,Normale,Autre collision,4,2,2,0,1,1,1,0,3,30,1,6,1,0,1,4,19.0,,voiture,,1,2,1,1,6
202400049771,2024-10-27 18:10:00,2024,10,27,18,10,64,64445,JEAN MERMOZ,43.3086,-0.3768,Crépuscule ou aube,En agglomération,Hors intersection,Normale,Sans collision,4,2,2,0,1,1,1,0,1,50,1,1,0,0,0,1,43.0,,deux_roues,,2,2,1,1,7
202400049772,2024-02-16 12:53:00,2024,2,16,12,53,10,10270,D100,48.391573,4.289995,Plein jour,Hors agglomération,Hors intersection,Pluie légère,Deux véhicules - frontale,3,2,2,0,1,1,2,0,1,80,2,2,0,0,2,0,62.0,43.0,voiture,voiture,1,1,1,2,1
202400049773,2024-09-27 13:45:00,2024,9,27,13,45,88,88061,D2,48.06886,5.960748,Plein jour,Hors agglomération,Hors intersection,Temps couvert,Sans collision,3,2,2,0,1,4,2,0,8,80,1,1,0,0,1,0,19.0,,voiture,,1,1,1,8,7
202400049774,2024-06-10 23:00:00,2024,6,10,23,0,92,92064,A13,48.83887386,2.1936047,Nuit sans éclairage public,Hors agglomération,Hors intersection,Normale,Deux véhicules - arrière,1,1,3,0,1,3,1,0,1,90,2,7,5,0,0,2,21.0,33.0,voiture,voiture,3,1,1,1,2
202400049775,2024-07-14 12:25:00,2024,7,14,12,25,21,21231,Autoroute A39 PK 001.300,47.293581,5.084288,Plein jour,Hors agglomération,Hors intersection,Normale,Deux véhicules - côté,1,3,2,0,2,2,1,0,1,110,2,2,1,0,0,1,43.0,71.0,voiture,voiture,1,1,1,1,3
202400049776,2024-09-23 13:30:00,2024,9,23,13,30,25,25032,D50,47.380296,6.377757,Plein jour,Hors agglomération,Intersection en X,Pluie forte,Deux véhicules - côté,3,2,2,0,1,1,2,0,5,80,2,2,1,0,0,1,38.0,65.0,voiture,voiture,1,1,2,3,3
202400049776,2024-09-23 13:30:00,2024,9,23,13,30,25,25032,D50,47.380296,6.377757,Plein jour,Hors agglomération,Intersection en X,Pluie forte,Deux véhicules - côté,3,2,2,-1,1,1,2,0,1,-1,2,2,1,0,0,1,38.0,65.0,voiture,voiture,1,1,2,3,3
202400049777,2024-03-26 20:15:00,2024,3,26,20,15,69,69290,Rue de la Croix Rousse,45.69914474,4.94711787,Nuit avec éclairage allumé,En agglomération,Intersection en X,Pluie forte,Deux véhicules - côté,4,2,2,0,1,1,2,0,1,50,2,2,1,0,0,1,22.0,19.0,deux_roues,voiture,5,2,2,3,3
202400049777,2024-03-26 20:15:00,2024,3,26,20,15,69,69290,Rue de la Croix Rousse,45.69914474,4.94711787,Nuit avec éclairage allumé,En agglomération,Intersection en X,Pluie forte,Deux véhicules - côté,4,2,2,2,1,1,2,0,1,50,2,2,1,0,0,1,22.0,19.0,deux_roues,voiture,5,2,2,3,3
202400049778,2024-02-16 22:20:00,2024,2,16,22,20,07,07084,Route de la Patelle,45.15928,4.758169,Nuit sans éclairage public,Hors agglomération,Hors intersection,Normale,Sans collision,4,2,2,0,1,1,1,0,1,90,1,1,0,0,0,1,15.0,,deux_roues,,3,1,1,1,7
202400049779,2024-08-17 17:45:00,2024,8,17,17,45,65,65123,D935,42.994635,0.21109,Plein jour,Hors agglomération,Hors intersection,Normale,Trois véhicules et plus - en chaîne,3,2,2,0,2,1,1,0,3,70,3,3,2,0,0,1,68.0,28.0,voiture,deux_roues,1,1,1,1,4
202400049780,2024-09-08 02:00:00,2024,9,8,2,0,88,88398,D420,48.269055,6.821238,Nuit sans éclairage public,Hors agglomération,Hors intersection,Pluie légère,Sans collision,3,2,2,0,4,2,2,0,1,80,1,2,0,0,2,0,23.0,,voiture,,3,1,1,2,7
202400049781,2024-07-14 12:30:00,2024,7,14,12,30,51,51309,D224,49.151229,3.788073,Plein jour,Hors agglomération,Hors intersection,Normale,Sans collision,3,2,2,0,2,2,1,0,8,80,1,1,0,1,0,0,20.0,,utilitaire_camion,,1,1,1,1,7
202400049782,2024-10-27 15:30:00,2024,10,27,15,30,62,62178,Rue Victor Hugo,50.48314,2.5284,Plein jour,En agglomération,Intersection en X,Normale,Deux véhicules - côté,4,2,2,0,3,1,1,0,1,50,2,2,1,0,0,1,61.0,31.0,voiture,deux_roues,1,2,2,1,3
202400049782,2024-10-27 15:30:00,2024,10,27,15,30,62,62178,Rue Victor Hugo,50.48314,2.5284,Plein jour,En agglomération,Intersection en X,Normale,Deux véhicules - côté,4,2,2,0,1,1,1,0,1,50,2,2,1,0,0,1,61.0,31.0,voiture,deux_roues,1,2,2,1,3
202400049782,2024-10-27 15:30:00,2024,10,27,15,30,62,62178,Rue Victor Hugo,50.48314,2.5284,Plein jour,En agglomération,Intersection en X,Normale,Deux véhicules - côté,4,1,1,0,2,1,1,0,1,50,2,2,1,0,0,1,61.0,31.0,voiture,deux_roues,1,2,2,1,3
202400049782,2024-10-27 15:30:00,2024,10,27,15,30,62,62178,Rue Victor Hugo,50.48314,2.5284,Plein jour,En agglomération,Intersection en X,Normale,Deux véhicules - côté,4,2,4,0,3,1,1,5,1,50,2,2,1,0,0,1,61.0,31.0,voiture,deux_roues,1,2,2,1,3
202400049783,2024-09-17 17:00:00,2024,9,17,17,0,67,67067,3 Rue du Général Duport,48.731045,7.707721,Plein jour,En agglomération,Autre intersection,Normale,Autre collision,4,-1,2,0,1,1,1,0,4,50,1,2,1,0,1,0,27.0,,deux_roues,,1,2,9,1,6
202400049784,2024-06-11 17:20:00,2024,6,11,17,20,93,93008,A86,48.91199881,2.43838549,Plein jour,Hors agglomération,Hors intersection,Normale,Trois véhicules et plus - collisions multiples,1,3,6,0,1,1,1,1,1,90,3,3,2,0,0,1,26.0,,voiture,voiture,1,1,1,1,5
202400049785,2024-03-26 17:05:00,2024,3,26,17,5,69,69199,Boulevard Yves Farge,45.69543318,4.85900454,Plein jour,En agglomération,Intersection en X,Pluie légère,Deux véhicules - côté,7,2,2,0,1,1,2,0,1,50,2,2,1,0,0,1,38.0,61.0,voiture,voiture,1,2,2,2,3
202400049785,2024-03-26 17:05:00,2024,3,26,17,5,69,69199,Boulevard Yves Farge,45.69543318,4.85900454,Plein jour,En agglomération,Intersection en X,Pluie légère,Deux véhicules - côté,7,2,2,2,1,1,2,0,1,50,2,2,1,0,0,1,38.0,61.0,voiture,voiture,1,2,2,2,3
202400049786,2024-08-19 19:50:00,2024,8,19,19,50,85,85088,D32,46.72459,-1.86893,Plein jour,Hors agglomération,Hors intersection,Normale,Deux véhicules - côté,3,2,2,0,1,1,1,0,1,80,2,3,2,0,1,0,24.0,37.0,deux_roues,voiture,1,1,1,1,3
202400049787,2024-10-26 15:45:00,2024,10,26,15,45,51,51454,FABIEN (RUE DU COLONNEL),49.24915,4.01572,Plein jour,En agglomération,Hors intersection,Normale,Autre collision,4,3,4,0,1,1,1,0,1,50,1,1,0,0,0,1,29.0,,voiture,,1,2,1,1,6
202400049788,2024-02-17 02:45:00,2024,2,17,2,45,07,07240,Route Départementale 86,44.83794,4.814377,Nuit avec éclairage non allumé,Hors agglomération,Hors intersection,Normale,Deux véhicules - arrière,3,2,2,0,1,1,1,0,1,70,2,3,0,0,3,0,20.0,21.0,voiture,voiture,4,1,1,1,2
202400049789,2024-08-31 12:14:00,2024,8,31,12,14,88,88160,GERARDMER (route de),48.16712,6.53159,Plein jour,Hors agglomération,Intersection en X,Normale,Deux véhicules - côté,3,2,2,0,1,1,1,0,1,90,2,2,0,0,1,1,60.0,62.0,voiture,voiture,1,1,2,1,3
202400049789,2024-08-31 12:14:00,2024,8,31,12,14,88,88160,GERARDMER (route de),48.16712,6.53159,Plein jour,Hors agglomération,Intersection en X,Normale,Deux véhicules - côté,3,2,2,0,2,1,1,0,1,50,2,2,0,0,1,1,60.0,62.0,voiture,voiture,1,1,2,1,3
202400049790,2024-06-11 10:50:00,2024,6,11,10,50,95,95488,A15,49.01474752,2.14633743,Plein jour,Hors agglomération,Hors intersection,Normale,Autre collision,1,3,6,0,1,1,1,0,1,110,1,1,0,0,0,1,23.0,,utilitaire_camion,,1,1,1,1,6
202400049791,2024-07-13 16:35:00,2024,7,13,16,35,12,12124,D6,44.49075,2.858591,Plein jour,Hors agglomération,Hors intersection,Normale,Deux véhicules - côté,3,2,2,0,2,4,1,0,1,90,2,6,5,0,1,0,88.0,54.0,voiture,autre,1,1,1,1,3
202400049792,2024-09-16 17:00:00,2024,9,16,17,0,67,67101,Total (Carburant),48.529275,7.497479,Plein jour,En agglomération,Hors intersection,Temps couvert,Deux véhicules - côté,4,2,2,1,1,1,1,0,5,50,2,2,1,0,0,1,66.0,61.0,deux_roues,voiture,1,2,1,8,3
202400049793,2024-06-11 10:30:00,2024,6,11,10,30,93,93007,A3,48.93160457,2.48092891,Plein jour,Hors agglomération,Hors intersection,Normale,Deux véhicules - côté,1,3,6,0,1,1,1,0,1,110,2,2,1,0,0,1,25.0,28.0,deux_roues,utilitaire_camion,1,1,1,1,3
202400049794,2024-08-05 13:35:00,2024,8,5,13,35,22,22186,Rue de Lamballe,48.583939,-2.560861,Plein jour,En agglomération,Intersection en T,Normale,Deux véhicules - côté,4,2,2,0,1,1,1,0,1,30,2,2,1,0,1,0,49.0,63.0,deux_roues,voiture,1,2,3,1,3
202400049794,2024-08-05 13:35:00,2024,8,5,13,35,22,22186,Rue de Lamballe,48.583939,-2.560861,Plein jour,En agglomération,Intersection en T,Normale,Deux véhicules - côté,4,2,2,0,1,2,1,0,1,30,2,2,1,0,1,0,49.0,63.0,deux_roues,voiture,1,2,3,1,3
202400049795,2024-02-16 10:30:00,2024,2,16,10,30,21,21603,D970,47.486507,4.357233,Plein jour,Hors agglomération,Hors intersection,Pluie légère,Deux véhicules - arrière,3,2,2,0,1,1,2,0,1,70,2,2,1,0,1,0,76.0,74.0,voiture,deux_roues,1,1,1,2,2
202400049796,2024-08-28 12:10:00,2024,8,28,12,10,88,88209,LECLERC ( RUE GENERAL ),48.19091,6.43299,Plein jour,En agglomération,Intersection en X,Normale,Deux véhicules - côté,4,2,2,0,1,1,1,0,1,50,2,2,0,0,0,2,62.0,67.0,voiture,voiture,1,2,2,1,3
202400049796,2024-08-28 12:10:00,2024,8,28,12,10,88,88209,LECLERC ( RUE GENERAL ),48.19091,6.43299,Plein jour,En agglomération,Intersection en X,Normale,Deux véhicules - côté,4,2,2,0,2,1,1,0,1,50,2,2,0,0,0,2,62.0,67.0,voiture,voiture,1,2,2,1,3
202400049797,2024-03-28 18:03:00,2024,3,28,18,3,68,68224,THIERSTEIN (RUE),47.76043,7.32622,Plein jour,En agglomération,Intersection en X,Normale,Autre collision,4,2,2,0,1,1,1,0,1,50,2,3,2,0,1,0,20.0,6.0,voiture,deux_roues,1,2,2,1,6
202400049797,2024-03-28 18:03:00,2024,3,28,18,3,68,68224,THIERSTEIN (RUE),47.76043,7.32622,Plein jour,En agglomération,Intersection en X,Normale,Autre collision,4,2,2,0,1,1,1,0,1,50,2,3,2,0,1,0,20.0,6.0,voiture,deux_roues,1,2,2,1,6
202400049798,2024-06-10 08:50:00,2024,6,10,8,50,93,93029,A86,48.92634273,2.42216545,Plein jour,Hors agglomération,Hors intersection,Normale,Sans collision,1,3,3,0,1,1,1,1,1,90,1,1,0,0,0,1,56.0,,deux_roues,,1,1,1,1,7
202400049799,2024-12-03 07:15:00,2024,12,3,7,15,974,97416,MAURICE THOREZ(CHEMIN),-21.27951,55.48807,Plein jour,Hors agglomération,Hors intersection,Normale,Deux véhicules - côté,3,2,2,0,2,1,1,0,1,70,2,2,1,0,0,1,27.0,36.0,deux_roues,voiture,1,1,1,1,3
202400049800,2024-10-27 15:55:00,2024,10,27,15,55,47,47201,PYRENEES (AVENUE DES),44.1791,0.6053,Plein jour,En agglomération,Intersection en T,Normale,Deux véhicules - côté,3,2,2,0,1,1,1,0,1,50,2,2,1,0,1,0,23.0,55.0,deux_roues,voiture,1,2,3,1,3
202400049800,2024-10-27 15:55:00,2024,10,27,15,55,47,47201,PYRENEES (AVENUE DES),44.1791,0.6053,Plein jour,En agglomération,Intersection en T,Normale,Deux véhicules - côté,3,2,2,0,1,1,1,0,1,50,2,2,1,0,1,0,23.0,55.0,deux_roues,voiture,1,2,3,1,3
202400049801,2024-06-10 00:01:00,2024,6,10,0,1,95,95582,A15,48.96346787,2.26421667,Nuit sans éclairage public,Hors agglomération,Autre intersection,Normale,Sans collision,1,3,5,0,1,1,1,0,1,110,1,1,0,0,0,1,24.0,,voiture,,3,1,9,1,7
202400049802,2024-03-28 17:10:00,2024,3,28,17,10,67,67482,DUCS (RUE DES),48.58777,7.71389,Plein jour,En agglomération,Hors intersection,Normale,Deux véhicules - côté,4,2,4,1,1,3,1,0,1,50,2,2,1,0,0,1,52.0,,deux_roues,deux_roues,1,2,1,1,3
202400049803,2024-07-13 02:15:00,2024,7,13,2,15,35,35363,rn 137,48.025798,-1.690046,Nuit sans éclairage public,Hors agglomération,Hors intersection,Normale,Deux véhicules - arrière,2,3,5,0,1,1,1,0,1,110,2,5,4,1,0,0,27.0,51.0,voiture,deux_roues,3,1,1,1,2
202400049804,2024-02-16 14:30:00,2024,2,16,14,30,04,04094,D4,43.786834,5.823312,Plein jour,Hors agglomération,Hors intersection,Normale,Deux véhicules - frontale,3,2,2,0,1,1,1,0,1,80,2,2,0,0,2,0,52.0,88.0,voiture,voiture,1,1,1,1,1
202400049805,2024-09-24 19:00:00,2024,9,24,19,0,42,42304,Route de Saint Romain,45.535912,4.150123,Crépuscule ou aube,Hors agglomération,Intersection en X,Temps couvert,Deux véhicules - côté,3,2,2,0,1,1,1,0,1,80,2,2,1,0,1,0,22.0,24.0,deux_roues,voiture,2,1,2,8,3
202400049805,2024-09-24 19:00:00,2024,9,24,19,0,42,42304,Route de Saint Romain,45.535912,4.150123,Crépuscule ou aube,Hors agglomération,Intersection en X,Temps couvert,Deux véhicules - côté,3,2,2,0,1,1,1,0,1,80,2,2,1,0,1,0,22.0,24.0,deux_roues,voiture,2,1,2,8,3
202400049806,2024-08-17 22:30:00,2024,8,17,22,30,13,13117,A7-Sens Marseille vers Lyon,43.46292794,5.23481274,Nuit sans éclairage public,Hors agglomération,Hors intersection,Normale,Trois véhicules et plus - collisions multiples,1,3,2,0,1,1,1,0,1,90,3,4,3,0,0,1,27.0,62.0,voiture,voiture,3,1,1,1,5
202400049807,2024-07-14 11:20:00,2024,7,14,11,20,974,97414,Chemin des Aloés,-21.2647,55.457917,Plein jour,Hors agglomération,Hors intersection,Normale,Autre collision,2,2,2,0,2,3,1,0,3,70,1,1,0,0,1,0,27.0,,deux_roues,,1,1,1,1,6
202400049808,2024-10-27 12:45:00,2024,10,27,12,45,45,45169,4 Rue des Bas Champs,47.89939,1.84919,Plein jour,En agglomération,Hors intersection,Normale,Deux véhicules - frontale,4,2,2,0,1,1,1,0,1,50,2,2,1,0,0,1,,61.0,voiture,voiture,1,2,1,1,1