accident_id,datetime,annee,mois,jour,heure,minute,departement,commune_insee,adresse,latitude,longitude,luminosite,agglomeration,intersection,meteo,collision,catr,circ,nbv,vosp,prof,plan,surf,infra,situ,vma,nb_vehicules,nb_usagers,nb_indemnes,nb_tues,nb_blesses_hosp,nb_blesses_legers,age_cond_1,age_cond_2,veh_type_cond_1,veh_type_cond_2,lum_code,agg_code,int_code,atm_code,col_code
202400050239,2024-06-10 19:17:00,2024,6,10,19,17,35,35238,BOURGEOIS (BOULEVARD LEON),48.09868,-1.65425,Plein jour,En agglomération,Intersection en T,Temps éblouissant,Deux véhicules - frontale,4,2,2,0,1,1,1,0,1,30,2,2,1,0,0,1,22.0,23.0,voiture,deux_roues,1,2,3,7,1
202400050240,2024-10-28 19:05:00,2024,10,28,19,5,31,31561,1 Rue Damira Titonel,43.658796,1.468186,Crépuscule ou aube,En agglomération,Hors intersection,Pluie légère,Autre collision,4,2,2,0,1,1,2,0,1,30,1,2,1,0,0,1,31.0,,voiture,,2,2,1,2,6
202400050241,2024-07-11 23:30:00,2024,7,11,23,30,971,97113,GRAND BAIE ( RN4),16.21822,-61.50752,Nuit avec éclairage allumé,Hors agglomération,Autre intersection,Normale,Deux véhicules - arrière,2,1,2,0,1,1,1,0,8,70,2,2,1,0,1,0,19.0,30.0,deux_roues,voiture,5,1,9,1,2
202400050242,2024-08-17 22:45:00,2024,8,17,22,45,75,75115,QUAI D ISSY LES MOULINEAUX,48.836611,2.267634,Nuit avec éclairage allumé,En agglomération,Hors intersection,Pluie forte,Deux véhicules - côté,4,1,4,0,1,1,2,0,1,50,2,2,1,0,0,1,55.0,47.0,voiture,deux_roues,5,2,1,3,3
202400050243,2024-09-22 06:04:00,2024,9,22,6,4,13,13213,JEAN PAUL SARTRE (AVENUE),43.32777,5.42724,Nuit avec éclairage allumé,En agglomération,Hors intersection,Normale,Deux véhicules - frontale,4,2,2,0,2,2,1,0,1,50,2,4,0,1,0,3,29.0,21.0,deux_roues,voiture,5,2,1,1,1
202400050244,2024-10-24 07:50:00,2024,10,24,7,50,45,45186,6 le Bréau,48.04619,2.516373,Crépuscule ou aube,Hors agglomération,Hors intersection,Brouillard / fumée,Sans collision,4,2,2,0,1,1,6,0,3,80,1,1,0,0,1,0,54.0,,utilitaire_camion,,2,1,1,5,7
202400050245,2024-12-03 21:05:00,2024,12,3,21,5,13,13071,ROUTE NATIONALE 113 - RENARDIERE,43.41,5.3,Nuit avec éclairage allumé,En agglomération,Intersection en Y,Normale,Deux véhicules - frontale,3,2,2,0,2,2,1,0,1,50,2,2,1,0,0,1,23.0,23.0,deux_roues,voiture,5,2,4,1,1
202400050245,2024-12-03 21:05:00,2024,12,3,21,5,13,13071,ROUTE NATIONALE 113 - RENARDIERE,43.41,5.3,Nuit avec éclairage allumé,En agglomération,Intersection en Y,Normale,Deux véhicules - frontale,3,2,2,0,2,1,1,0,1,50,2,2,1,0,0,1,23.0,23.0,deux_roues,voiture,5,2,4,1,1
202400050246,2024-08-17 11:30:00,2024,8,17,11,30,75,75115,RUE GEORGE BERNARD SHAW,48.852021,2.29349,Plein jour,En agglomération,Hors intersection,Pluie légère,Sans collision,4,1, -1,0,1,1,2,0,4,30,1,1,0,0,0,1,42.0,,deux_roues,,1,2,1,2,7
202400050247,2024-10-27 20:20:00,2024,10,27,20,20,21,21545,Route de Montliot,47.875195,4.546173,Nuit sans éclairage public,Hors agglomération,Hors intersection,Normale,Autre collision,3,2,2,0,4,1,1,2,3,90,1,2,0,0,2,0,31.0,,voiture,,3,1,1,1,6
202400050248,2024-06-10 12:15:00,2024,6,10,12,15,35,35238,VILLEBOIS MAREUIL (BD),48.1089,-1.65426,Plein jour,En agglomération,Intersection en Y,Normale,Trois véhicules et plus - collisions multiples,4,2,2,0,1,1,1,0,1,30,3,3,1,0,0,2,38.0,53.0,voiture,voiture,1,2,4,1,5
202400050248,2024-06-10 12:15:00,2024,6,10,12,15,35,35238,VILLEBOIS MAREUIL (BD),48.1089,-1.65426,Plein jour,En agglomération,Intersection en Y,Normale,Trois véhicules et plus - collisions multiples,4,2,3,2,1,1,1,0,1,30,3,3,1,0,0,2,38.0,53.0,voiture,voiture,1,2,4,1,5
202400050249,2024-07-10 06:30:00,2024,7,10,6,30,971,97113,SECTION LABROUSSE,16.22748,-61.51364,Plein jour,Hors agglomération,Hors intersection,Normale,Deux véhicules - côté,4,2,2,0,1,3,1,0,1,70,2,5,4,0,0,1,33.0,24.0,transport_commun,voiture,1,1,1,1,3
202400050250,2024-09-17 12:26:00,2024,9,17,12,26,13,13210,RABATAU (BOULEVARD),43.27935,5.39929,Plein jour,En agglomération,Intersection en X,Normale,Deux véhicules - arrière,4,4,3,0,1,1,1,0,1,50,2,2,0,0,0,2,44.0,31.0,voiture,voiture,1,2,2,1,2
202400050250,2024-09-17 12:26:00,2024,9,17,12,26,13,13210,RABATAU (BOULEVARD),43.27935,5.39929,Plein jour,En agglomération,Intersection en X,Normale,Deux véhicules - arrière,4,2,4,0,1,1,1,0,1,50,2,2,0,0,0,2,44.0,31.0,voiture,voiture,1,2,2,1,2
202400050251,2024-11-23 15:00:00,2024,11,23,15,0,13,13005,BONNES NOUVELLES (CH.DES),43.2927,5.59109,Plein jour,En agglomération,Hors intersection,Normale,Deux véhicules - frontale,6,1,2,0,1,1,1,0,6,30,1,2,1,0,1,0,36.0,,voiture,,1,2,1,1,1
202400050252,2024-09-22 02:09:00,2024,9,22,2,9,13,13208,PRADO (AVENUE DU),43.2763,5.38882,Nuit avec éclairage allumé,En agglomération,Hors intersection,Normale,Deux véhicules - côté,4,2,6,3,1,1,1,0,1,50,2,2,1,0,0,1,17.0,,deux_roues,voiture,5,2,1,1,3
202400050253,2024-10-26 02:16:00,2024,10,26,2,16,33,33441,,45.131903,-0.64616,Nuit avec éclairage allumé,En agglomération,Hors intersection,Normale,Autre collision,4,2,2,0,2,2,1,0,3,30,1,3,0,0,1,2,23.0,,voiture,,5,2,1,1,6
202400050254,2024-12-02 07:35:00,2024,12,2,7,35,11,11069,Avenue du Marechal Foch,43.21718,2.35209,Crépuscule ou aube,En agglomération,Hors intersection,Normale,Sans collision,4,2,1,0,1,3,1,0,1,30,1,2,1,0,0,1,60.0,,utilitaire_camion,,2,2,1,1,7
202400050255,2024-08-16 11:40:00,2024,8,16,11,40,75,75114,BOULEVARD JOURDAN,48.8214,2.33437,Plein jour,En agglomération,Intersection en T,Normale,Deux véhicules - arrière,4,1,4,0,1,1,1,0,1,30,2,2,1,0,0,1,39.0,,deux_roues,voiture,1,2,3,1,2
202400050255,2024-08-16 11:40:00,2024,8,16,11,40,75,75114,BOULEVARD JOURDAN,48.8214,2.33437,Plein jour,En agglomération,Intersection en T,Normale,Deux véhicules - arrière,4,2, -1,-1,1,1,1,0,1,30,2,2,1,0,0,1,39.0,,deux_roues,voiture,1,2,3,1,2
202400050256,2024-06-10 10:00:00,2024,6,10,10,0,35,35238,BOURGEOIS (BOULEVARD LEON),48.10018,-1.65025,Plein jour,En agglomération,Hors intersection,Normale,Deux véhicules - arrière,4,2,3,2,1,1,1,0,1,50,2,3,2,0,0,1,50.0,30.0,voiture,voiture,1,2,1,1,2
202400050257,2024-07-12 19:00:00,2024,7,12,19,0,95,95218,SALVADOR ALLENDE (RUE),49.01672634,2.0986864,Plein jour,En agglomération,Giratoire,Normale,Deux véhicules - arrière,4,1,0,0,2,3,1,0,1,50,2,2,1,0,1,0,31.0,56.0,voiture,deux_roues,1,2,6,1,2
202400050257,2024-07-12 19:00:00,2024,7,12,19,0,95,95218,SALVADOR ALLENDE (RUE),49.01672634,2.0986864,Plein jour,En agglomération,Giratoire,Normale,Deux véhicules - arrière,4,1,1,0,2,2,1,0,1,50,2,2,1,0,1,0,31.0,56.0,voiture,deux_roues,1,2,6,1,2
202400050258,2024-10-27 17:45:00,2024,10,27,17,45,69,69086,Autoroute 89,45.85411284,4.65181259,Nuit sans éclairage public,Hors agglomération,Hors intersection,Normale,Autre collision,1,3,4,0,1,3,1,3,3,70,1,1,0,0,1,0,24.0,,deux_roues,,3,1,1,1,6
202400050259,2024-06-09 02:16:00,2024,6,9,2,16,31,31555,AV DES ETATS UNIS,43.65441943,1.42293066,Nuit avec éclairage non allumé,En agglomération,Autre intersection,Normale,Autre collision,7,-1,2,0,1,1,1,0,1,50,1,2,1,1,0,0,32.0,,voiture,,4,2,9,1,6
202400050260,2024-12-02 15:00:00,2024,12,2,15,0,10,10343,MOULIN LE ROI (RUE),48.28071,4.09682,Plein jour,En agglomération,Intersection en T,Normale,Deux véhicules - côté,4,-1,0,0,1,1,1,0,1,30,2,2,1,0,0,1,80.0,38.0,voiture,utilitaire_camion,1,2,3,1,3
202400050260,2024-12-02 15:00:00,2024,12,2,15,0,10,10343,MOULIN LE ROI (RUE),48.28071,4.09682,Plein jour,En agglomération,Intersection en T,Normale,Deux véhicules - côté,4,2,2,0,1,1,1,0,1,50,2,2,1,0,0,1,80.0,38.0,voiture,utilitaire_camion,1,2,3,1,3
202400050261,2024-07-01 19:00:00,2024,7,1,19,0,91,91161,RTE DE LONGJUMEAU,48.71317,2.29802,Plein jour,En agglomération,Hors intersection,Normale,Deux véhicules - frontale,3,2,2,0,1,1,1,0,1,50,2,2,1,0,0,1,17.0,19.0,voiture,deux_roues,1,2,1,1,1
202400050262,2024-08-17 17:25:00,2024,8,17,17,25,75,75110,RUE LA FAYETTE,48.87795,2.351584,Plein jour,En agglomération,Intersection en T,Pluie forte,Deux véhicules - côté,4,1, -1,-1,1,1,2,0,1,30,2,2,1,0,0,1,46.0,21.0,voiture,deux_roues,1,2,3,3,3
202400050262,2024-08-17 17:25:00,2024,8,17,17,25,75,75110,RUE LA FAYETTE,48.87795,2.351584,Plein jour,En agglomération,Intersection en T,Pluie forte,Deux véhicules - côté,4,4,5,1,1,1,2,0,1,30,2,2,1,0,0,1,46.0,21.0,voiture,deux_roues,1,2,3,3,3
202400050263,2024-09-22 20:20:00,2024,9,22,20,20,06,06088,Corniche André de Joly,43.70585,7.30114,Crépuscule ou aube,En agglomération,Intersection en T,Pluie légère,Deux véhicules - côté,7,1,1,0,2,2,2,0,1,50,2,4,1,0,1,2,54.0,36.0,deux_roues,voiture,2,2,3,2,3
202400050263,2024-09-22 20:20:00,2024,9,22,20,20,06,06088,Corniche André de Joly,43.70585,7.30114,Crépuscule ou aube,En agglomération,Intersection en T,Pluie légère,Deux véhicules - côté,7,-1,4,0,2,2,2,0,1,50,2,4,1,0,1,2,54.0,36.0,deux_roues,voiture,2,2,3,2,3
202400050264,2024-12-02 16:55:00,2024,12,2,16,55,06,06029,106 Avenue Maréchal Juin,43.54717,7.04578,Plein jour,En agglomération,Hors intersection,Normale,Autre collision,4,2,2,0,1,1,1,0,1,30,1,2,1,0,1,0,29.0,,deux_roues,,1,2,1,1,6
202400050265,2024-10-27 14:05:00,2024,10,27,14,5,45,45154,A10 PR 89 + 770,47.980111,1.859203,Plein jour,Hors agglomération,Hors intersection,Temps couvert,Deux véhicules - arrière,1,3,6,0,1,1,1,0,1,130,2,4,2,0,1,1,73.0,37.0,utilitaire_camion,utilitaire_camion,1,1,1,8,2
202400050266,2024-06-10 19:30:00,2024,6,10,19,30,30,30028,PONT SAINT ESPRIT (ROUTE DE),44.1748,4.62001,Plein jour,En agglomération,Hors intersection,Normale,Deux véhicules - côté,2,2,2,0,1,1,1,0,1,50,2,2,1,0,1,0,46.0,33.0,utilitaire_camion,deux_roues,1,2,1,1,3
202400050267,2024-07-09 17:30:00,2024,7,9,17,30,84,84087,TASSIGNY (AVENUE DE LATTRE DE),44.1523,4.8029,Plein jour,En agglomération,Intersection en X,Normale,Deux véhicules - côté,2,2,2,0,1,1,1,0,1,50,2,2,1,0,0,1,61.0,20.0,deux_roues,voiture,1,2,2,1,3
202400050267,2024-07-09 17:30:00,2024,7,9,17,30,84,84087,TASSIGNY (AVENUE DE LATTRE DE),44.1523,4.8029,Plein jour,En agglomération,Intersection en X,Normale,Deux véhicules - côté,2,2,2,0,1,1,1,0,1,50,2,2,1,0,0,1,61.0,20.0,deux_roues,voiture,1,2,2,1,3
202400050267,2024-07-09 17:30:00,2024,7,9,17,30,84,84087,TASSIGNY (AVENUE DE LATTRE DE),44.1523,4.8029,Plein jour,En agglomération,Intersection en X,Normale,Deux véhicules - côté,2,2,2,0,1,1,1,0,1,50,2,2,1,0,0,1,61.0,20.0,deux_roues,voiture,1,2,2,1,3
202400050268,2024-09-22 18:00:00,2024,9,22,18,0,06,06088,Boulevard de Cimiez,43.71507,7.27206,Plein jour,En agglomération,Intersection en T,Normale,Deux véhicules - côté,4,2,4,0,2,1,1,0,1,50,2,4,2,0,1,1,68.0,14.0,voiture,deux_roues,1,2,3,1,3
202400050268,2024-09-22 18:00:00,2024,9,22,18,0,06,06088,Boulevard de Cimiez,43.71507,7.27206,Plein jour,En agglomération,Intersection en T,Normale,Deux véhicules - côté,4,2,2,0,2,1,1,0,1,50,2,4,2,0,1,1,68.0,14.0,voiture,deux_roues,1,2,3,1,3
202400050269,2024-12-03 08:05:00,2024,12,3,8,5,03,03185,KENNEDY ( AVENUE JOHN ),46.32809,2.60873,Crépuscule ou aube,En agglomération,Intersection en X,Normale,Autre collision,3,1,2,0,1,1,1,0,1,50,1,2,1,0,1,0,64.0,,voiture,,2,2,2,1,6
202400050269,2024-12-03 08:05:00,2024,12,3,8,5,03,03185,KENNEDY ( AVENUE JOHN ),46.32809,2.60873,Crépuscule ou aube,En agglomération,Intersection en X,Normale,Autre collision,3,2,2,0,1,1,1,0,1,50,1,2,1,0,1,0,64.0,,voiture,,2,2,2,1,6
202400050270,2024-08-17 18:50:00,2024,8,17,18,50,94,94081,Quai Jules Guesde,48.794819,2.418612,Plein jour,En agglomération,Intersection en T,Pluie forte,Deux véhicules - côté,3,1,2,0,1,1,2,5,1,50,2,6,5,0,0,1,30.0,42.0,utilitaire_camion,utilitaire_camion,1,2,3,3,3
202400050270,2024-08-17 18:50:00,2024,8,17,18,50,94,94081,Quai Jules Guesde,48.794819,2.418612,Plein jour,En agglomération,Intersection en T,Pluie forte,Deux véhicules - côté,3,1,1,0,1,1,2,0,1,50,2,6,5,0,0,1,30.0,42.0,utilitaire_camion,utilitaire_camion,1,2,3,3,3
202400050271,2024-07-12 09:59:00,2024,7,12,9,59,84,84007,SAINT MICHEL (Boulevard),43.943,4.812,Plein jour,En agglomération,Hors intersection,Normale,Deux véhicules - côté,4,2,2,0,1,1,1,9,1,50,2,2,1,0,0,1,76.0,25.0,deux_roues,deux_roues,1,2,1,1,3
202400050272,2024-10-25 11:00:00,2024,10,25,11,0,13,13051,"Autoroute A7, pk 244+360, sens sud/nord",43.5736719,5.21358944,Plein jour,Hors agglomération,Hors intersection,Normale,Trois véhicules et plus - en chaîne,1,3,3,3,2,1,1,0,1,130,3,7,5,0,1,1,69.0,57.0,voiture,voiture,1,1,1,1,4
202400050273,2024-12-03 14:39:00,2024,12,3,14,39,01,01053,AV D AYLESBURY,46.22113,5.24413,Plein jour,En agglomération,Hors intersection,Normale,Autre collision,4,3,4,0,1,1,1,0,1,50,1,2,1,0,0,1,76.0,,voiture,,1,2,1,1,6
202400050274,2024-08-17 12:00:00,2024,8,17,12,0,94,94042,Avenue des Familles,48.818404,2.479074,Plein jour,En agglomération,Hors intersection,Pluie légère,Autre collision,4,1,1,0,1,1,2,0,1,50,1,2,1,0,0,1,36.0,,voiture,,1,2,1,2,6
202400050275,2024-09-21 10:11:00,2024,9,21,10,11,05,05023,FANTON (CHEMIN),44.90392,6.63028,Plein jour,En agglomération,Autre intersection,Temps couvert,Deux véhicules - côté,4,2,2,0,2,1,1,0,1,30,2,2,1,0,0,1,50.0,34.0,deux_roues,voiture,1,2,9,8,3
202400050275,2024-09-21 10:11:00,2024,9,21,10,11,05,05023,FANTON (CHEMIN),44.90392,6.63028,Plein jour,En agglomération,Autre intersection,Temps couvert,Deux véhicules - côté,4,2,2,-1,2,1,1,0,1,50,2,2,1,0,0,1,50.0,34.0,deux_roues,voiture,1,2,9,8,3
202400050276,2024-12-03 18:45:00,2024,12,3,18,45,75,75112,BD PERIPHERIQUE INTERIEUR,48.834557,2.410471,Nuit avec éclairage allumé,En agglomération,Hors intersection,Normale,Deux véhicules - arrière,4,1,4,0,1,1,2,0,1,50,2,2,1,0,0,1,29.0,23.0,deux_roues,voiture,5,2,1,1,2
202400050277,2024-07-11 11:20:00,2024,7,11,11,20,84,84007,PIERRE SEMARD (avenue),43.935632,4.829172,Plein jour,En agglomération,Autre intersection,Normale,Deux véhicules - côté,4,2,3,3,1,1,1,0,1,50,2,2,1,0,0,1,85.0,41.0,voiture,deux_roues,1,2,9,1,3
202400050278,2024-08-17 19:15:00,2024,8,17,19,15,94,94046,Avenue du Général Leclerc,48.80444,2.44355,Plein jour,En agglomération,Hors intersection,Pluie forte,Trois véhicules et plus - en chaîne,3,3,2,0,1,1,2,0,1,50,3,4,3,0,0,1,30.0,46.0,utilitaire_camion,voiture,1,2,1,3,4
202400050279,2024-09-21 13:30:00,2024,9,21,13,30,75,75117,BD PERIPHERIQUE INTERIEUR,48.8816766,2.28282273,Plein jour,En agglomération,Intersection en Y,Normale,Deux véhicules - côté,4,-1,4,0,1,1,1,0,1,70,2,2,1,0,0,1,24.0,35.0,voiture,deux_roues,1,2,4,1,3
202400050279,2024-09-21 13:30:00,2024,9,21,13,30,75,75117,BD PERIPHERIQUE INTERIEUR,48.8816766,2.28282273,Plein jour,En agglomération,Intersection en Y,Normale,Deux véhicules - côté,4,1,1,0,2,1,1,1,1,50,2,2,1,0,0,1,24.0,35.0,voiture,deux_roues,1,2,4,1,3
202400050280,2024-10-27 20:00:00,2024,10,27,20,0,971,97117,58 Rue Victor Hugo,16.331764,-61.345457,Nuit avec éclairage allumé,En agglomération,Hors intersection,Normale,Autre collision,4,1,1,0,1,1,1,0,1,50,2,4,3,0,1,0,,51.0,voiture,utilitaire_camion,5,2,1,1,6
202400050281,2024-09-20 02:38:00,2024,9,20,2,38,75,75113,BD PERIPHERIQUE EXTERIEUR,48.82081134,2.37724793,Nuit avec éclairage allumé,En agglomération,Hors intersection,Temps couvert,Sans collision,4,3,4,0,1,1,2,2,1,70,1,2,0,0,2,0,28.0,,deux_roues,,5,2,1,8,7
202400050282,2024-07-12 22:00:00,2024,7,12,22,0,83,83129,MER (AVENUE DE LA) N° PAIRS,43.10131,5.82302,Nuit avec éclairage allumé,En agglomération,Giratoire,Normale,Deux véhicules - côté,3,2,2,0,1,1,1,0,1,50,2,2,1,0,0,1,63.0,35.0,voiture,deux_roues,5,2,6,1,3
202400050282,2024-07-12 22:00:00,2024,7,12,22,0,83,83129,MER (AVENUE DE LA) N° PAIRS,43.10131,5.82302,Nuit avec éclairage allumé,En agglomération,Giratoire,Normale,Deux véhicules - côté,3,-1, -1,-1,1,1,1,0,1,-1,2,2,1,0,0,1,63.0,35.0,voiture,deux_roues,5,2,6,1,3
202400050283,2024-08-16 22:15:00,2024,8,16,22,15,93,93032,Rue du 19 Mars 1962,48.89381,2.54192,Nuit avec éclairage allumé,En agglomération,Hors intersection,Normale,Deux véhicules - côté,3,1,1,0,2,3,1,0,1,50,2,2,1,0,1,0,33.0,,deux_roues,voiture,5,2,1,1,3
202400050284,2024-12-03 13:58:00,2024,12,3,13,58,75,75119,AVENUE JEAN JAURES,48.887799,2.389287,Plein jour,En agglomération,Intersection en X,Pluie légère,Deux véhicules - côté,4,2,4,1,1,1,2,0,1,30,2,2,1,0,1,0,36.0,23.0,utilitaire_camion,deux_roues,1,2,2,2,3
202400050284,2024-12-03 13:58:00,2024,12,3,13,58,75,75119,AVENUE JEAN JAURES,48.887799,2.389287,Plein jour,En agglomération,Intersection en X,Pluie légère,Deux véhicules - côté,4,2,2,2,1,1,2,0,1,30,2,2,1,0,1,0,36.0,23.0,utilitaire_camion,deux_roues,1,2,2,2,3
202400050285,2024-10-15 20:10:00,2024,10,15,20,10,84,84065,Route départementale 973,43.746592,5.304615,Nuit avec éclairage allumé,Hors agglomération,Hors intersection,Normale,Autre collision,3,2,2,0,1,1,1,0,1,80,1,2,1,0,1,0,32.0,,utilitaire_camion,,5,1,1,1,6
202400050286,2024-08-17 15:30:00,2024,8,17,15,30,93,93029,Avenue Marceau,48.92809517,2.43676844,Plein jour,En agglomération,Hors intersection,Pluie légère,Autre collision,3,2,2,0,1,1,2,0,1,50,1,1,0,0,0,1,37.0,,deux_roues,,1,2,1,2,6
202400050287,2024-09-21 23:20:00,2024,9,21,23,20,75,75105,RUE GAY LUSSAC,48.841226,2.343633,Nuit avec éclairage allumé,En agglomération,Intersection en Y,Normale,Deux véhicules - côté,4,2, -1,-1,1,1,1,0,1,30,2,2,1,0,0,1,39.0,26.0,voiture,deux_roues,5,2,4,1,3
202400050287,2024-09-21 23:20:00,2024,9,21,23,20,75,75105,RUE GAY LUSSAC,48.841226,2.343633,Nuit avec éclairage allumé,En agglomération,Intersection en Y,Normale,Deux véhicules - côté,4,2,2,0,1,1,1,0,1,30,2,2,1,0,0,1,39.0,26.0,voiture,deux_roues,5,2,4,1,3
202400050288,2024-12-02 23:10:00,2024,12,2,23,10,75,75120,Avenue de la Porte des Lilas,48.877604,2.408457,Nuit avec éclairage allumé,En agglomération,Place,Temps couvert,Autre collision,4,1, -1,-1,1,1,1,0,1,30,1,2,0,0,1,1,20.0,,deux_roues,,5,2,7,8,6
202400050288,2024-12-02 23:10:00,2024,12,2,23,10,75,75120,Avenue de la Porte des Lilas,48.877604,2.408457,Nuit avec éclairage allumé,En agglomération,Place,Temps couvert,Autre collision,4,1,2,0,2,4,1,0,1,30,1,2,0,0,1,1,20.0,,deux_roues,,5,2,7,8,6
202400050289,2024-07-12 19:17:00,2024,7,12,19,17,80,80724,ERNEST CAUVIN (RUE),49.86,2.24,Plein jour,En agglomération,Autre intersection,Temps couvert,Deux véhicules - frontale,4,2,2,0,1,1,1,0,1,50,2,2,1,0,0,1,33.0,45.0,deux_roues,voiture,1,2,9,8,1
202400050290,2024-08-18 06:55:00,2024,8,18,6,55,974,97415,N1a,-21.017354,55.253935,Plein jour,Hors agglomération,Hors intersection,Normale,Deux véhicules - frontale,2,2,2,0,1,1,1,0,1,50,2,2,0,0,1,1,29.0,57.0,deux_roues,deux_roues,1,1,1,1,1
202400050291,2024-10-26 10:50:00,2024,10,26,10,50,71,71176,Avenue de l'Europe,46.472847,4.002725,Plein jour,En agglomération,Autre intersection,Normale,Trois véhicules et plus - en chaîne,3,2,2,1,2,1,1,5,1,70,3,5,2,0,0,3,35.0,59.0,voiture,voiture,1,2,9,1,4
202400050291,2024-10-26 10:50:00,2024,10,26,10,50,71,71176,Avenue de l'Europe,46.472847,4.002725,Plein jour,En agglomération,Autre intersection,Normale,Trois véhicules et plus - en chaîne,3,2,2,1,1,1,1,5,8,30,3,5,2,0,0,3,35.0,59.0,voiture,voiture,1,2,9,1,4
202400050292,2024-09-22 14:47:00,2024,9,22,14,47,75,75119,AVENUE JEAN JAURES,48.887801,2.389267,Plein jour,En agglomération,Intersection en T,Pluie légère,Deux véhicules - côté,4,2,0,0,1,1,2,9,1,30,2,3,2,0,0,1,38.0,49.0,deux_roues,voiture,1,2,3,2,3
202400050292,2024-09-22 14:47:00,2024,9,22,14,47,75,75119,AVENUE JEAN JAURES,48.887801,2.389267,Plein jour,En agglomération,Intersection en T,Pluie légère,Deux véhicules - côté,4,2, -1,-1,1,1,2,0,1,30,2,3,2,0,0,1,38.0,49.0,deux_roues,voiture,1,2,3,2,3
202400050293,2024-12-03 17:05:00,2024,12,3,17,5,75,75106,RUE DE VAUGIRARD,48.846257,2.324193,Nuit avec éclairage allumé,En agglomération,Intersection en T,Pluie légère,Autre collision,4,1, -1,0,1,1,2,0,1,30,1,2,0,0,0,2,17.0,,deux_roues,,5,2,3,2,6
202400050293,2024-12-03 17:05:00,2024,12,3,17,5,75,75106,RUE DE VAUGIRARD,48.846257,2.324193,Nuit avec éclairage allumé,En agglomération,Intersection en T,Pluie légère,Autre collision,4,2,2,0,1,1,2,0,1,30,1,2,0,0,0,2,17.0,,deux_roues,,5,2,3,2,6
202400050294,2024-10-18 18:40:00,2024,10,18,18,40,68,68132,RD16.1,47.601114,7.397195,Crépuscule ou aube,Hors agglomération,Hors intersection,Normale,Deux véhicules - frontale,3,2,2,0,1,4,1,0,1,80,2,2,1,0,1,0,24.0,76.0,voiture,voiture,2,1,1,1,1
202400050295,2024-08-17 19:15:00,2024,8,17,19,15,35,35126,Rue Louis Ampère,47.971063,-1.793969,Plein jour,En agglomération,Intersection en T,Normale,Deux véhicules - frontale,4,2,2,0,1,1,1,0,1,50,2,2,1,0,0,1,17.0,27.0,deux_roues,voiture,1,2,3,1,1
202400050295,2024-08-17 19:15:00,2024,8,17,19,15,35,35126,Rue Louis Ampère,47.971063,-1.793969,Plein jour,En agglomération,Intersection en T,Normale,Deux véhicules - frontale,4,-1, -1,0,2,1,1,0,1,20,2,2,1,0,0,1,17.0,27.0,deux_roues,voiture,1,2,3,1,1
202400050296,2024-07-11 17:20:00,2024,7,11,17,20,80,80379,Rue des Indes Noires,49.86623,2.37348,Plein jour,En agglomération,Hors intersection,Normale,Sans collision,4,2,2,0,1,3,1,0,1,50,1,1,0,0,0,1,35.0,,voiture,,1,2,1,1,7
202400050297,2024-09-22 04:50:00,2024,9,22,4,50,75,75110,RUE DU FAUBOURG SAINT MARTIN,48.88385,2.36862,Nuit avec éclairage allumé,En agglomération,Intersection en X,Pluie légère,Deux véhicules - côté,4,2,2,0,1,3,2,0,1,30,2,2,1,0,0,1,22.0,27.0,voiture,deux_roues,5,2,2,2,3
202400050297,2024-09-22 04:50:00,2024,9,22,4,50,75,75110,RUE DU FAUBOURG SAINT MARTIN,48.88385,2.36862,Nuit avec éclairage allumé,En agglomération,Intersection en X,Pluie légère,Deux véhicules - côté,4,2,2,0,1,3,2,0,1,30,2,2,1,0,0,1,22.0,27.0,voiture,deux_roues,5,2,2,2,3
202400050298,2024-10-27 17:00:00,2024,10,27,17,0,03,03113,D122,46.010354,3.63714,Plein jour,Hors agglomération,Hors intersection,Normale,Sans collision,3,2,2,0,1,3,1,0,1,90,1,1,0,0,1,0,28.0,,deux_roues,,1,1,1,1,7
202400050299,2024-07-11 16:05:00,2024,7,11,16,5,80,80021,Rue René Boileau,49.8771,2.33173,Plein jour,En agglomération,Hors intersection,Normale,Autre collision,4,1,1,0,1,1,1,0,5,50,1,2,1,0,0,1,74.0,,voiture,,1,2,1,1,6
202400050300,2024-12-03 16:45:00,2024,12,3,16,45,75,75116,ROUTE DE LA PTE DAUPHINE A LA PTE DES SA,48.876524,2.275198,Plein jour,En agglomération,Hors intersection,Normale,Deux véhicules - arrière,4,2,2,0,1,1,2,0,1,50,2,2,1,0,0,1,46.0,25.0,deux_roues,deux_roues,1,2,1,1,2
202400050301,2024-09-22 17:05:00,2024,9,22,17,5,75,75117,RUE CARDINET,48.88663264,2.31309611,Plein jour,En agglomération,Intersection en X,Normale,Deux véhicules - côté,4,1,1,0,1,1,1,0,1,50,2,2,1,0,0,1,,38.0,voiture,deux_roues,1,2,2,1,3
202400050301,2024-09-22 17:05:00,2024,9,22,17,5,75,75117,RUE CARDINET,48.88663264,2.31309611,Plein jour,En agglomération,Intersection en X,Normale,Deux véhicules - côté,4,1,1,0,1,1,1,0,1,50,2,2,1,0,0,1,,38.0,voiture,deux_roues,1,2,2,1,3
202400050302,2024-10-28 13:25:00,2024,10,28,13,25,42,42122,Route de Saint-Anthème,45.57515,4.049031,Plein jour,Hors agglomération,Hors intersection,Normale,Trois véhicules et plus - collisions multiples,3,2,2,0,2,3,1,0,1,80,3,5,2,0,0,3,49.0,30.0,voiture,voiture,1,1,1,1,5