accident_id,datetime,annee,mois,jour,heure,minute,departement,commune_insee,adresse,latitude,longitude,luminosite,agglomeration,intersection,meteo,collision,catr,circ,nbv,vosp,prof,plan,surf,infra,situ,vma,nb_vehicules,nb_usagers,nb_indemnes,nb_tues,nb_blesses_hosp,nb_blesses_legers,age_cond_1,age_cond_2,veh_type_cond_1,veh_type_cond_2,lum_code,agg_code,int_code,atm_code,col_code
202400050371,2024-12-03 06:15:00,2024,12,3,6,15,92,92064,SENARD,48.84972473,2.22110063,Nuit avec éclairage allumé,En agglomération,Intersection en T,Normale,Deux véhicules - frontale,4,2,2,0,2,2,1,0,1,50,2,2,1,0,0,1,33.0,33.0,voiture,voiture,5,2,3,1,1
202400050372,2024-09-22 20:00:00,2024,9,22,20,0,93,93078,BALLANGER (BD ROBERT),48.95648304,2.54162544,Nuit avec éclairage allumé,En agglomération,Hors intersection,Pluie légère,Deux véhicules - arrière,3,2,2,0,1,1,2,0,1,50,2,2,1,0,0,1,30.0,26.0,deux_roues,voiture,5,2,1,2,2
202400050373,2024-10-26 20:45:00,2024,10,26,20,45,93,93007,AUTOROUTE A3,48.93647421,2.48019188,Nuit sans éclairage public,Hors agglomération,Hors intersection,Normale,Deux véhicules - côté,1,1,3,0,1,1,1,0,1,90,2,3,1,0,0,2,32.0,28.0,voiture,deux_roues,3,1,1,1,3
202400050374,2024-12-02 08:15:00,2024,12,2,8,15,92,92050,HUGO VICTOR RUE,48.89481,2.19777,Plein jour,En agglomération,Hors intersection,Temps couvert,Sans collision,4,1,2,1,1,2,2,9,1,30,1,1,0,0,0,1,15.0,,deux_roues,,1,2,1,8,7
202400050375,2024-08-18 10:55:00,2024,8,18,10,55,05,05045,N94,44.53700521,6.47233128,Plein jour,Hors agglomération,Hors intersection,Normale,Deux véhicules - côté,2,2,2,0,1,1,1,0,1,80,2,4,2,0,1,1,36.0,74.0,deux_roues,voiture,1,1,1,1,3
202400050376,2024-07-12 08:20:00,2024,7,12,8,20,58,58194,JEROME TRESAGUET,46.99589,3.1485,Plein jour,En agglomération,Hors intersection,Normale,Deux véhicules - arrière,4,2,2,0,2,4,1,0,1,30,2,2,1,0,0,1,46.0,60.0,voiture,voiture,1,2,1,1,2
202400050377,2024-09-22 18:00:00,2024,9,22,18,0,93,93072,STALINGRAD (AVENUE DE) COTE DES N°51 AU,48.95721,2.39607,Plein jour,En agglomération,Hors intersection,Normale,Deux véhicules - frontale,3,1,4,3,1,1,1,0,1,50,2,2,1,0,1,0,37.0,25.0,voiture,deux_roues,1,2,1,1,1
202400050378,2024-10-26 06:00:00,2024,10,26,6,0,93,93005,AUTOROUTE A1,48.95709604,2.46168396,Nuit sans éclairage public,Hors agglomération,Hors intersection,Normale,Deux véhicules - côté,1,3,4,0,1,1,1,0,2,90,2,4,3,0,0,1,26.0,26.0,voiture,utilitaire_camion,3,1,1,1,3
202400050379,2024-08-18 16:15:00,2024,8,18,16,15,50,50342,1 Rue du Cap,49.649258,-1.244368,Plein jour,Hors agglomération,Hors intersection,Normale,Autre collision,3,2,2,0,2,4,1,0,1,80,1,1,0,0,1,0,30.0,,deux_roues,,1,1,1,1,6
202400050380,2024-12-02 18:30:00,2024,12,2,18,30,92,92036,LOUISE MICHEL (PAIRS),48.92253113,2.32042797,Nuit avec éclairage allumé,En agglomération,Hors intersection,Temps couvert,Deux véhicules - côté,3,2,2,0,1,1,1,0,1,50,2,2,1,0,0,1,28.0,33.0,voiture,deux_roues,5,2,1,8,3
202400050381,2024-07-10 16:55:00,2024,7,10,16,55,55,55043,DE GAULLE (GENERAL),49.17429,5.38093,Plein jour,En agglomération,Hors intersection,Normale,Deux véhicules - arrière,4,2,2,0,1,1,1,0,1,30,2,4,2,0,0,2,14.0,54.0,deux_roues,voiture,1,2,1,1,2
202400050382,2024-09-22 14:00:00,2024,9,22,14,0,93,93050,GENERAL DE GAULLE (AVENUE),48.85723092,2.53132405,Plein jour,En agglomération,Intersection en X,Normale,Deux véhicules - côté,3,2, -1,0,1,1,1,0,1,50,2,2,1,0,0,1,26.0,57.0,utilitaire_camion,utilitaire_camion,1,2,2,1,3
202400050382,2024-09-22 14:00:00,2024,9,22,14,0,93,93050,GENERAL DE GAULLE (AVENUE),48.85723092,2.53132405,Plein jour,En agglomération,Intersection en X,Normale,Deux véhicules - côté,3,2, -1,0,1,1,1,0,1,50,2,2,1,0,0,1,26.0,57.0,utilitaire_camion,utilitaire_camion,1,2,2,1,3
202400050383,2024-08-18 10:50:00,2024,8,18,10,50,50,50410,D975,48.558365,-1.490541,Plein jour,Hors agglomération,Intersection en T,Normale,Deux véhicules - côté,3,2,2,0,1,1,1,0,1,80,2,3,1,0,2,0,24.0,71.0,voiture,voiture,1,1,3,1,3
202400050383,2024-08-18 10:50:00,2024,8,18,10,50,50,50410,D975,48.558365,-1.490541,Plein jour,Hors agglomération,Intersection en T,Normale,Deux véhicules - côté,3,2,2,0,1,1,1,5,8,50,2,3,1,0,2,0,24.0,71.0,voiture,voiture,1,1,3,1,3
202400050384,2024-07-10 09:20:00,2024,7,10,9,20,55,55545,GAMBETTA (LEON),49.15813,5.38652,Plein jour,En agglomération,Intersection en T,Normale,Sans collision,4,1,2,0,1,1,1,0,1,30,1,2,1,0,0,1,57.0,,utilitaire_camion,,1,2,3,1,7
202400050384,2024-07-10 09:20:00,2024,7,10,9,20,55,55545,GAMBETTA (LEON),49.15813,5.38652,Plein jour,En agglomération,Intersection en T,Normale,Sans collision,4,1, -1,0,1,1,1,0,1,30,1,2,1,0,0,1,57.0,,utilitaire_camion,,1,2,3,1,7
202400050385,2024-10-26 15:10:00,2024,10,26,15,10,95,95277,A3,48.97380183,2.48838243,Plein jour,Hors agglomération,Hors intersection,Normale,Trois véhicules et plus - collisions multiples,1,3,2,0,1,3,1,0,1,90,3,3,2,0,1,0,42.0,43.0,voiture,deux_roues,1,1,1,1,5
202400050386,2024-09-22 20:20:00,2024,9,22,20,20,93,93048,PARIS (RUE DE),48.85565049,2.42268652,Nuit avec éclairage allumé,En agglomération,Hors intersection,Pluie légère,Autre collision,3,2,2,0,1,1,2,9,1,50,1,2,1,0,0,1,22.0,,voiture,,5,2,1,2,6
202400050387,2024-08-18 12:45:00,2024,8,18,12,45,50,50106,N174,49.183309,-1.141731,Plein jour,Hors agglomération,Hors intersection,Normale,Autre collision,2,3,2,0,1,1,1,0,3,110,1,1,0,1,0,0,33.0,,voiture,,1,1,1,1,6
202400050388,2024-12-01 16:00:00,2024,12,1,16,0,92,92024,MADAME DE SANZILLON (RUE),48.90368243,2.31884636,Plein jour,En agglomération,Intersection en T,Normale,Deux véhicules - côté,4,2,2,0,1,1,1,0,1,50,2,2,1,0,1,0,35.0,40.0,deux_roues,voiture,1,2,3,1,3
202400050388,2024-12-01 16:00:00,2024,12,1,16,0,92,92024,MADAME DE SANZILLON (RUE),48.90368243,2.31884636,Plein jour,En agglomération,Intersection en T,Normale,Deux véhicules - côté,4,2,2,0,1,1,1,0,1,50,2,2,1,0,1,0,35.0,40.0,deux_roues,voiture,1,2,3,1,3
202400050389,2024-09-22 12:30:00,2024,9,22,12,30,93,93074,Route Nationale 3,48.9346,2.60148,Plein jour,Hors agglomération,Hors intersection,Pluie légère,Autre collision,3,1,2,0,1,1,2,0,1,110,1,1,0,0,0,1,43.0,,voiture,,1,1,1,2,6
202400050390,2024-02-22 16:37:00,2024,2,22,16,37,55,55545,STRATEGIQUE ( BOULEVARD ),49.14679158,5.3843089,Plein jour,En agglomération,Hors intersection,Pluie légère,Deux véhicules - arrière,3,2,2,0,1,1,2,0,1,90,2,2,1,0,0,1,,15.0,deux_roues,deux_roues,1,2,1,2,2
202400050391,2024-10-26 05:25:00,2024,10,26,5,25,93,93005,AUTOROUTE A3,48.94047447,2.47890375,Nuit sans éclairage public,Hors agglomération,Hors intersection,Pluie légère,Autre collision,1,3,3,0,1,1,2,0,1,90,1,1,0,0,0,1,25.0,,voiture,,3,1,1,2,6
202400050392,2024-12-02 17:45:00,2024,12,2,17,45,92,92009,CAPITAINE GUYNEMER ( RUE ),48.90772912,2.26243494,Nuit avec éclairage allumé,En agglomération,Autre intersection,Autre,Deux véhicules - côté,4,3,2,0,1,1,2,0,1,50,2,2,1,0,0,1,17.0,37.0,deux_roues,voiture,5,2,9,9,3
202400050393,2024-09-21 17:20:00,2024,9,21,17,20,93,93027,ZOLA (RUE EMILE),48.92614,2.39331,Plein jour,Hors agglomération,Hors intersection,Normale,Deux véhicules - côté,4,2,0,0,1,1,1,0,1,50,2,3,1,0,0,2,32.0,48.0,voiture,voiture,1,1,1,1,3
202400050394,2024-08-16 08:30:00,2024,8,16,8,30,64,64546,chemin larroque,43.4933938,-1.282745,Plein jour,En agglomération,Hors intersection,Normale,Sans collision,4,2,1,0,1,1,1,0,1,50,1,4,3,0,1,0,24.0,,voiture,,1,2,1,1,7
202400050395,2024-07-12 21:05:00,2024,7,12,21,5,54,54526,17 Avenue de la Paix,48.68689,6.21202,Plein jour,En agglomération,Autre intersection,Normale,Deux véhicules - côté,4,2,2,0,1,1,1,0,1,50,2,2,1,0,0,1,21.0,23.0,voiture,utilitaire_camion,1,2,9,1,3
202400050396,2024-10-27 13:50:00,2024,10,27,13,50,94,94046,A86,48.8084579,2.44905207,Plein jour,Hors agglomération,Hors intersection,Normale,Deux véhicules - côté,1,1,2,0,1,1,1,0,1,90,2,2,1,0,1,0,25.0,62.0,deux_roues,voiture,1,1,1,1,3
202400050397,2024-08-18 06:20:00,2024,8,18,6,20,64,64386,597 Route de Lourdes,43.184687,-0.247257,Crépuscule ou aube,En agglomération,Hors intersection,Autre,Autre collision,3,2,2,0,1,1,9,0,3,50,1,1,0,1,0,0,41.0,,deux_roues,,2,2,1,9,6
202400050398,2024-12-03 17:45:00,2024,12,3,17,45,76,76342,Impasse du Manoir de Vertot,49.658787,0.561976,Nuit sans éclairage public,En agglomération,Intersection en Y,Normale,Sans collision,3,2,2,0,1,1,6,0,1,50,2,2,1,0,1,0,45.0,16.0,utilitaire_camion,deux_roues,3,2,4,1,7
202400050398,2024-12-03 17:45:00,2024,12,3,17,45,76,76342,Impasse du Manoir de Vertot,49.658787,0.561976,Nuit sans éclairage public,En agglomération,Intersection en Y,Normale,Sans collision,3,2, -1,-1,1,1,6,0,1,-1,2,2,1,0,1,0,45.0,16.0,utilitaire_camion,deux_roues,3,2,4,1,7
202400050399,2024-09-21 19:00:00,2024,9,21,19,0,93,93010,BUISSON (AV. SUZANNE),48.91415831,2.48104888,Plein jour,En agglomération,Hors intersection,Normale,Autre collision,4,-1,0,0,1,1,1,0,1,30,1,2,1,0,0,1,27.0,,voiture,,1,2,1,1,6
202400050400,2024-07-11 13:44:00,2024,7,11,13,44,51,51454,,49.293171,4.028248,Plein jour,Hors agglomération,Hors intersection,Normale,Deux véhicules - arrière,3,2,2,0,1,1,1,0,1,80,2,3,2,0,0,1,23.0,56.0,voiture,utilitaire_camion,1,1,1,1,2
202400050401,2024-10-25 18:10:00,2024,10,25,18,10,77,77514,A104,48.94447931,2.62865058,Plein jour,Hors agglomération,Hors intersection,Normale,Autre collision,1,1,2,0,2,1,1,0,1,90,3,3,2,0,0,1,52.0,23.0,deux_roues,voiture,1,1,1,1,6
202400050402,2024-12-03 18:15:00,2024,12,3,18,15,38,38336,CD131,45.462606,4.835916,Nuit sans éclairage public,Hors agglomération,Hors intersection,Normale,Sans collision,3,2,2,0,2,2,1,0,1,70,1,3,0,0,1,2,17.0,,voiture,,3,1,1,1,7
202400050403,2024-08-17 14:53:00,2024,8,17,14,53,64,64452,D202,43.283399,-0.065135,Plein jour,Hors agglomération,Hors intersection,Normale,Deux véhicules - arrière,3,2,2,0,1,1,1,0,1,80,2,2,1,0,1,0,17.0,53.0,utilitaire_camion,deux_roues,1,1,1,1,2
202400050404,2024-07-12 23:55:00,2024,7,12,23,55,49,49007,BOISNET RUE,47.47434,-0.55251,Nuit avec éclairage allumé,En agglomération,Hors intersection,Normale,Deux véhicules - côté,4,1,1,0,1,1,1,0,1,30,2,3,1,0,1,1,24.0,16.0,voiture,deux_roues,5,2,1,1,3
202400050405,2024-09-22 00:15:00,2024,9,22,0,15,93,93007,EDOUARD LUCY (AVENUE),48.92802,2.47967,Nuit avec éclairage allumé,En agglomération,Intersection en X,Pluie légère,Deux véhicules - côté,4,2,2,0,1,1,2,0,1,50,2,5,3,0,0,2,26.0,23.0,voiture,voiture,5,2,2,2,3
202400050406,2024-08-18 15:15:00,2024,8,18,15,15,10,10389,D443,48.31424,4.523685,Plein jour,Hors agglomération,Hors intersection,Pluie légère,Sans collision,3,2,2,0,1,2,2,0,1,80,1,2,0,0,0,2,43.0,,deux_roues,,1,1,1,2,7
202400050407,2024-10-25 13:20:00,2024,10,25,13,20,94,94028,A86,48.80016151,2.4465547,Plein jour,Hors agglomération,Hors intersection,Normale,Deux véhicules - côté,1,-1,4,0,1,1,1,0,1,90,2,2,1,0,0,1,40.0,56.0,deux_roues,voiture,1,1,1,1,3
202400050408,2024-09-22 10:43:00,2024,9,22,10,43,92,92035,Général Leclerc ( avenue du ),48.91295,2.25127,Plein jour,En agglomération,Hors intersection,Pluie légère,Sans collision,4,1,1,2,1,1,2,0,1,30,1,1,0,0,0,1,35.0,,deux_roues,,1,2,1,2,7
202400050409,2024-07-12 14:23:00,2024,7,12,14,23,49,49267,A87N,47.47075,-0.51097,Plein jour,Hors agglomération,Hors intersection,Normale,Deux véhicules - arrière,1,3,2,0,1,1,1,0,1,130,2,3,2,0,0,1,22.0,38.0,voiture,voiture,1,1,1,1,2
202400050410,2024-09-22 07:05:00,2024,9,22,7,5,92,92012,GENERAL LECLERC (AVENUE DU) 1/33 - 2/58,48.83337,2.24272,Nuit avec éclairage allumé,En agglomération,Hors intersection,Pluie légère,Autre collision,3,4,5,0,3,1,2,0,8,50,1,2,1,0,0,1,34.0,,voiture,,5,2,1,2,6
202400050411,2024-12-04 18:25:00,2024,12,4,18,25,01,01007,D36,46.010074,5.363688,Nuit avec éclairage non allumé,En agglomération,Intersection en T,Normale,Trois véhicules et plus - collisions multiples,3,2,2,0,1,1,1,0,1,50,3,5,4,0,1,0,32.0,68.0,voiture,voiture,4,2,3,1,5
202400050411,2024-12-04 18:25:00,2024,12,4,18,25,01,01007,D36,46.010074,5.363688,Nuit avec éclairage non allumé,En agglomération,Intersection en T,Normale,Trois véhicules et plus - collisions multiples,3,2, -1,-1,1,1,1,0,1,-1,3,5,4,0,1,0,32.0,68.0,voiture,voiture,4,2,3,1,5
202400050412,2024-07-31 08:31:00,2024,7,31,8,31,88,88383,ROUTE D'HERIVAL,48.00902995,6.58500016,Plein jour,En agglomération,Hors intersection,Normale,Deux véhicules - frontale,4,2,2,0,2,1,1,0,1,50,2,2,0,0,0,2,20.0,31.0,utilitaire_camion,voiture,1,2,1,1,1
202400050413,2024-08-17 14:10:00,2024,8,17,14,10,36,36165,Route de Blois,46.67887065,1.04403913,Plein jour,En agglomération,Intersection en X,Pluie légère,Deux véhicules - côté,3,2,1,0,1,1,2,5,1,70,2,2,1,0,0,1,77.0,48.0,voiture,utilitaire_camion,1,2,2,2,3
202400050413,2024-08-17 14:10:00,2024,8,17,14,10,36,36165,Route de Blois,46.67887065,1.04403913,Plein jour,En agglomération,Intersection en X,Pluie légère,Deux véhicules - côté,3,2, -1,-1,1,1,2,5,1,50,2,2,1,0,0,1,77.0,48.0,voiture,utilitaire_camion,1,2,2,2,3
202400050414,2024-07-12 14:05:00,2024,7,12,14,5,49,49353,D117,47.453926,-0.49988,Plein jour,Hors agglomération,Hors intersection,Normale,Deux véhicules - arrière,3,2,2,0,1,1,1,0,1,80,2,2,1,0,0,1,,28.0,voiture,deux_roues,1,1,1,1,2
202400050415,2024-09-21 23:50:00,2024,9,21,23,50,92,92012,GENERAL LECLERC (AVENUE DU) 1/33 - 2/58,48.83300586,2.24160366,Nuit avec éclairage allumé,En agglomération,Hors intersection,Pluie légère,Deux véhicules - côté,3,1,1,0,1,1,2,0,1,30,2,2,1,0,0,1,21.0,27.0,voiture,deux_roues,5,2,1,2,3
202400050416,2024-07-28 13:00:00,2024,7,28,13,0,88,88383,RD 57,47.99703,6.57727,Plein jour,Hors agglomération,Autre intersection,Normale,Sans collision,3,-1,2,0,2,2,1,0,8,80,1,1,0,0,1,0,42.0,,deux_roues,,1,1,9,1,7
202400050417,2024-07-11 17:00:00,2024,7,11,17,0,49,49007,Avenue Pasteur,47.471896,-0.542119,Plein jour,En agglomération,Hors intersection,Normale,Deux véhicules - arrière,4,2,2,1,1,1,1,0,1,50,2,2,1,0,0,1,38.0,19.0,utilitaire_camion,deux_roues,1,2,1,1,2
202400050418,2024-08-17 12:30:00,2024,8,17,12,30,87,87147,Église Saint-Gilles (Lieu de culte),45.628471,1.665909,Plein jour,En agglomération,Hors intersection,Pluie forte,Autre collision,3,2,2,0,4,1,2,0,1,50,1,2,1,0,1,0,78.0,,voiture,,1,2,1,3,6
202400050419,2024-12-04 10:27:00,2024,12,4,10,27,83,83019,Avenue Lou Mistraou,43.142808,6.336649,Plein jour,En agglomération,Giratoire,Normale,Autre collision,3,1,1,0,1,1,1,0,4,50,1,2,1,0,0,1,60.0,,utilitaire_camion,,1,2,6,1,6
202400050420,2024-09-22 17:30:00,2024,9,22,17,30,01,01207,D 904,45.988861,4.991508,Crépuscule ou aube,Hors agglomération,Hors intersection,Pluie forte,Deux véhicules - côté,3,2,2,0,1,2,2,0,1,80,2,2,0,0,0,2,70.0,18.0,voiture,voiture,2,1,1,3,3
202400050421,2024-08-26 10:30:00,2024,8,26,10,30,74,74012,ETOILE (PLACE DE L'),46.19406,6.2404,Plein jour,En agglomération,Giratoire,Normale,Deux véhicules - côté,4,2,2,0,1,1,1,8,1,30,2,2,1,0,0,1,40.0,58.0,voiture,utilitaire_camion,1,2,6,1,3
202400050421,2024-08-26 10:30:00,2024,8,26,10,30,74,74012,ETOILE (PLACE DE L'),46.19406,6.2404,Plein jour,En agglomération,Giratoire,Normale,Deux véhicules - côté,4,1,1,0,1,1,1,8,1,30,2,2,1,0,0,1,40.0,58.0,voiture,utilitaire_camion,1,2,6,1,3
202400050422,2024-08-15 07:40:00,2024,8,15,7,40,87,87064,RD992,45.735708,1.764459,Plein jour,Hors agglomération,Hors intersection,Temps couvert,Autre collision,3,2,2,0,2,3,2,0,3,80,1,1,0,0,1,0,23.0,,utilitaire_camion,,1,1,1,8,6
202400050423,2024-07-12 10:00:00,2024,7,12,10,0,45,45075,44bis Rue Nationale,47.889266,1.836245,Plein jour,En agglomération,Hors intersection,Temps couvert,Deux véhicules - côté,3,2,2,0,1,1,1,0,1,50,2,2,1,0,0,1,42.0,45.0,voiture,deux_roues,1,2,1,8,3
202400050424,2024-12-04 08:00:00,2024,12,4,8,0,19,19123,7 Rue Du Bessot,45.16364099,1.56876639,Crépuscule ou aube,En agglomération,Hors intersection,Brouillard / fumée,Deux véhicules - côté,4,2,2,0,1,1,1,0,1,30,2,2,1,0,0,1,49.0,23.0,voiture,deux_roues,2,2,1,5,3
202400050425,2024-09-23 08:11:00,2024,9,23,8,11,30,30217,Avenue de Provence,43.975947,4.680636,Plein jour,En agglomération,Autre intersection,Normale,Sans collision,4,2,2,0,1,1,2,0,1,30,1,2,1,0,0,1,43.0,,voiture,,1,2,9,1,7
202400050426,2024-07-12 19:48:00,2024,7,12,19,48,38,38151,COURS JEAN JAURÈS,45.1464,5.70495,Plein jour,En agglomération,Intersection en T,Normale,Autre collision,4,2,2,0,1,1,1,0,1,50,1,2,1,0,0,1,29.0,,voiture,,1,2,3,1,6
202400050426,2024-07-12 19:48:00,2024,7,12,19,48,38,38151,COURS JEAN JAURÈS,45.1464,5.70495,Plein jour,En agglomération,Intersection en T,Normale,Autre collision,4,3,2,3,1,1,1,0,1,50,1,2,1,0,0,1,29.0,,voiture,,1,2,3,1,6
202400050427,2024-08-16 08:40:00,2024,8,16,8,40,30,30294,Rue des Marronniers,44.159676,4.118333,Plein jour,En agglomération,Intersection en Y,Normale,Deux véhicules - côté,3,2, -1,-1,2,1,1,5,1,-1,2,2,1,0,1,0,75.0,74.0,deux_roues,deux_roues,1,2,4,1,3
202400050427,2024-08-16 08:40:00,2024,8,16,8,40,30,30294,Rue des Marronniers,44.159676,4.118333,Plein jour,En agglomération,Intersection en Y,Normale,Deux véhicules - côté,3,2,2,0,1,1,1,0,1,50,2,2,1,0,1,0,75.0,74.0,deux_roues,deux_roues,1,2,4,1,3
202400050428,2024-07-12 19:52:00,2024,7,12,19,52,37,37122,VIEILLE CARTE (ROUTE DE),47.33057,0.63712,Plein jour,En agglomération,Intersection en Y,Normale,Deux véhicules - côté,3,2,2,0,1,1,1,0,1,50,2,2,0,0,0,2,51.0,20.0,utilitaire_camion,voiture,1,2,4,1,3
202400050428,2024-07-12 19:52:00,2024,7,12,19,52,37,37122,VIEILLE CARTE (ROUTE DE),47.33057,0.63712,Plein jour,En agglomération,Intersection en Y,Normale,Deux véhicules - côté,3,2,2,0,1,1,1,0,1,50,2,2,0,0,0,2,51.0,20.0,utilitaire_camion,voiture,1,2,4,1,3
202400050429,2024-09-13 10:20:00,2024,9,13,10,20,41,41287,Route de Tours,47.77196827,1.05911015,Plein jour,Hors agglomération,Hors intersection,Normale,Trois véhicules et plus - en chaîne,2,2,2,0,1,1,1,0,1,80,4,4,1,0,0,3,41.0,91.0,utilitaire_camion,voiture,1,1,1,1,4
202400050430,2024-08-25 19:15:00,2024,8,25,19,15,74,74305,JUVIGNY (ROUTE DE),46.21468,6.27313,Plein jour,En agglomération,Intersection en T,Temps couvert,Trois véhicules et plus - collisions multiples,3,2,2,0,2,1,1,0,1,70,3,6,3,0,0,3,49.0,27.0,voiture,voiture,1,2,3,8,5
202400050430,2024-08-25 19:15:00,2024,8,25,19,15,74,74305,JUVIGNY (ROUTE DE),46.21468,6.27313,Plein jour,En agglomération,Intersection en T,Temps couvert,Trois véhicules et plus - collisions multiples,3,-1,2,0,1,1,1,0,1,50,3,6,3,0,0,3,49.0,27.0,voiture,voiture,1,2,3,8,5
202400050431,2024-12-04 14:30:00,2024,12,4,14,30,82,82147,D926,44.304272,1.879561,Plein jour,Hors agglomération,Hors intersection,Normale,Deux véhicules - côté,3,2,2,0,1,1,1,0,1,90,2,2,0,1,0,1,71.0,76.0,voiture,voiture,1,1,1,1,3
202400050432,2024-08-18 06:55:00,2024,8,18,6,55,52,52320,D33a,48.052586,5.592964,Crépuscule ou aube,En agglomération,Passage à niveau,Pluie légère,Deux véhicules - côté,3,2,2,0,1,1,2,4,6,50,2,2,1,0,0,1,59.0,79.0,transport_commun,utilitaire_camion,2,2,8,2,3
202400050433,2024-09-22 08:45:00,2024,9,22,8,45,2A,2A362,D168a,41.706209,9.332618,Plein jour,Hors agglomération,Hors intersection,Pluie légère,Autre collision,3,2,2,0,2,2,2,0,3,80,1,1,0,0,1,0,64.0,,voiture,,1,1,1,2,6
202400050434,2024-07-12 18:15:00,2024,7,12,18,15,35,35238,PAYS-BAS (AVENUE DES),48.08646,-1.66071,Plein jour,En agglomération,Giratoire,Normale,Deux véhicules - arrière,4,3,2,0,1,2,1,9,1,30,2,2,1,0,0,1,44.0,46.0,voiture,voiture,1,2,6,1,2
202400050435,2024-06-22 00:45:00,2024,6,22,0,45,974,97409,CLOVIS(RUELLE),-20.9443,55.64964,Nuit sans éclairage public,Hors agglomération,Hors intersection,Normale,Autre collision,4,1,4,0,1,1,1,0,1,90,1,2,0,0,1,1,28.0,,voiture,,3,1,1,1,6
202400050436,2024-09-22 19:15:00,2024,9,22,19,15,32,32335,D105,43.737709,0.764108,Plein jour,Hors agglomération,Hors intersection,Normale,Sans collision,3,2,2,0,2,1,1,0,3,80,1,1,0,1,0,0,47.0,,deux_roues,,1,1,1,1,7
202400050437,2024-05-25 16:30:00,2024,5,25,16,30,69,69267,Route d’Avenas,46.17954768,4.64170586,Plein jour,Hors agglomération,Intersection en Y,Normale,Deux véhicules - côté,3,2,2,0,1,1,1,0,1,-1,2,3,1,0,0,2,47.0,21.0,deux_roues,voiture,1,1,4,1,3
202400050437,2024-05-25 16:30:00,2024,5,25,16,30,69,69267,Route d’Avenas,46.17954768,4.64170586,Plein jour,Hors agglomération,Intersection en Y,Normale,Deux véhicules - côté,3,2,2,0,2,2,1,0,1,-1,2,3,1,0,0,2,47.0,21.0,deux_roues,voiture,1,1,4,1,3
202400050438,2024-08-18 11:40:00,2024,8,18,11,40,10,10053,Bouranton,48.314255,4.16399,Plein jour,Hors agglomération,Hors intersection,Normale,Deux véhicules - arrière,1,1,2,0,1,1,2,0,2,130,2,6,3,0,2,1,54.0,29.0,utilitaire_camion,voiture,1,1,1,1,2
202400050439,2024-06-16 04:50:00,2024,6,16,4,50,974,97409,RN2 DIRECTION ST BENT SORTIE PETIT BAZAR,-20.94449,55.6499,Nuit sans éclairage public,Hors agglomération,Hors intersection,Pluie forte,Sans collision,2,-1,4,0,1,1,2,0,1,110,1,1,0,0,0,1,27.0,,voiture,,3,1,1,3,7
202400050440,2024-07-12 08:45:00,2024,7,12,8,45,35,35238,LECLERC (AVENUE DU GENERAL),48.114,-1.63974,Plein jour,En agglomération,Autre intersection,Normale,Deux véhicules - côté,4,3,4,3,1,1,1,5,6,30,2,2,1,0,0,1,51.0,48.0,voiture,transport_commun,1,2,9,1,3
202400050440,2024-07-12 08:45:00,2024,7,12,8,45,35,35238,LECLERC (AVENUE DU GENERAL),48.114,-1.63974,Plein jour,En agglomération,Autre intersection,Normale,Deux véhicules - côté,4,2,3,0,2,4,1,5,6,30,2,2,1,0,0,1,51.0,48.0,voiture,transport_commun,1,2,9,1,3
202400050441,2024-12-03 21:40:00,2024,12,3,21,40,86,86082,D27,46.280738,0.254847,Nuit sans éclairage public,Hors agglomération,Hors intersection,Normale,Autre collision,3,2,2,0,1,1,1,0,1,80,1,3,2,0,1,0,71.0,,voiture,,3,1,1,1,6
202400050442,2024-08-17 18:25:00,2024,8,17,18,25,973,97307,carrefour route de la Distillerie / La Matourienne,4.866147,-52.31123,Crépuscule ou aube,Hors agglomération,Intersection en T,Normale,Deux véhicules - frontale,3,2,2,3,1,1,1,5,1,80,2,2,0,0,1,1,23.0,51.0,voiture,deux_roues,2,1,3,1,1
202400050442,2024-08-17 18:25:00,2024,8,17,18,25,973,97307,carrefour route de la Distillerie / La Matourienne,4.866147,-52.31123,Crépuscule ou aube,Hors agglomération,Intersection en T,Normale,Deux véhicules - frontale,3,2,2,0,1,1,1,5,1,70,2,2,0,0,1,1,23.0,51.0,voiture,deux_roues,2,1,3,1,1
202400050443,2024-09-22 13:23:00,2024,9,22,13,23,71,71410,1390 Route de Tronchy,46.716981,5.0603,Plein jour,Hors agglomération,Hors intersection,Pluie légère,Trois véhicules et plus - collisions multiples,3,2,2,0,1,1,2,0,1,80,3,9,4,0,2,3,59.0,32.0,voiture,voiture,1,1,1,2,5
202400050444,2024-06-11 15:50:00,2024,6,11,15,50,84,84043,Avenue de Bédarrides,44.019715,4.926124,Plein jour,Hors agglomération,Hors intersection,Normale,Autre collision,3,2,2,0,2,1,1,0,1,-1,1,3,1,0,1,1,33.0,,utilitaire_camion,,1,1,1,1,6
202400050445,2024-07-12 17:46:00,2024,7,12,17,46,34,34172,SORBES (RUE DE LAS,43.615605,3.856243,Plein jour,En agglomération,Intersection en X,Normale,Deux véhicules - côté,4,2,1,0,1,1,1,0,1,30,2,2,1,0,1,0,66.0,20.0,voiture,deux_roues,1,2,2,1,3