accident_id,datetime,annee,mois,jour,heure,minute,departement,commune_insee,adresse,latitude,longitude,luminosite,agglomeration,intersection,meteo,collision,catr,circ,nbv,vosp,prof,plan,surf,infra,situ,vma,nb_vehicules,nb_usagers,nb_indemnes,nb_tues,nb_blesses_hosp,nb_blesses_legers,age_cond_1,age_cond_2,veh_type_cond_1,veh_type_cond_2,lum_code,agg_code,int_code,atm_code,col_code
202400050722,2024-03-28 08:52:00,2024,3,28,8,52,93,93055,Rue Gutenberg,48.888311,2.406379,Plein jour,En agglomération,Hors intersection,Normale,Deux véhicules - côté,4,2,2,0,1,1,2,0,1,50,2,2,1,0,0,1,55.0,13.0,voiture,deux_roues,1,2,1,1,3
202400050723,2024-01-03 17:00:00,2024,1,3,17,0,52,52060,D26,47.93459914,5.72170138,Crépuscule ou aube,Hors agglomération,Hors intersection,Neige / grêle,Sans collision,3,2,2,0,1,2,2,0,3,80,1,1,0,1,0,0,85.0,,voiture,,2,1,1,4,7
202400050724,2024-05-04 00:30:00,2024,5,4,0,30,75,75107,PONT D IENA,48.85905993,2.29326457,Nuit avec éclairage allumé,En agglomération,Intersection en T,Normale,Deux véhicules - arrière,4,2, -1,-1,1,1,1,0,8,30,2,5,3,0,0,2,21.0,20.0,voiture,voiture,5,2,3,1,2
202400050724,2024-05-04 00:30:00,2024,5,4,0,30,75,75107,PONT D IENA,48.85905993,2.29326457,Nuit avec éclairage allumé,En agglomération,Intersection en T,Normale,Deux véhicules - arrière,4,2,2,2,1,1,1,2,8,30,2,5,3,0,0,2,21.0,20.0,voiture,voiture,5,2,3,1,2
202400050725,2024-02-15 18:50:00,2024,2,15,18,50,59,59367,Avenue de l'Europe,50.68143,3.21593,Nuit avec éclairage allumé,En agglomération,Hors intersection,Normale,Autre collision,6,-1, -1,0,1,1,1,9,1,30,1,2,1,0,1,0,91.0,,voiture,,5,2,1,1,6
202400050726,2024-07-09 07:45:00,2024,7,9,7,45,26,26362,Route de Montelier,44.94095,4.95746,Plein jour,Hors agglomération,Intersection en T,Normale,Deux véhicules - frontale,3,2,2,0,1,1,1,0,1,80,2,2,1,1,0,0,35.0,44.0,deux_roues,voiture,1,1,3,1,1
202400050726,2024-07-09 07:45:00,2024,7,9,7,45,26,26362,Route de Montelier,44.94095,4.95746,Plein jour,Hors agglomération,Intersection en T,Normale,Deux véhicules - frontale,3,2,2,0,1,1,1,0,1,80,2,2,1,1,0,0,35.0,44.0,deux_roues,voiture,1,1,3,1,1
202400050727,2024-08-18 05:15:00,2024,8,18,5,15,42,42211,29 Rue de l'Étang Nicolas,45.556789,4.23082,Nuit avec éclairage allumé,Hors agglomération,Hors intersection,Normale,Autre collision,3,2,2,0,1,1,2,0,1,70,1,7,5,0,1,1,21.0,,voiture,,5,1,1,1,6
202400050728,2024-09-23 07:10:00,2024,9,23,7,10,49,49228,intersection D767/ D207,47.44858,0.077934,Crépuscule ou aube,Hors agglomération,Intersection en X,Temps couvert,Trois véhicules et plus - en chaîne,3,2,2,0,1,1,2,0,1,80,3,3,2,1,0,0,25.0,64.0,voiture,voiture,2,1,2,8,4
202400050728,2024-09-23 07:10:00,2024,9,23,7,10,49,49228,intersection D767/ D207,47.44858,0.077934,Crépuscule ou aube,Hors agglomération,Intersection en X,Temps couvert,Trois véhicules et plus - en chaîne,3,2,2,0,1,1,2,0,1,90,3,3,2,1,0,0,25.0,64.0,voiture,voiture,2,1,2,8,4
202400050729,2024-01-02 05:00:00,2024,1,2,5,0,46,46086,Autoroute A20 Sens VIERZON vers MONTAUBAN PK297.500,44.96624,1.515341,Nuit sans éclairage public,Hors agglomération,Hors intersection,Pluie légère,Autre collision,1,3,2,0,2,2,2,0,1,130,2,2,0,1,0,1,36.0,70.0,utilitaire_camion,voiture,3,1,1,2,6
202400050730,2024-02-15 08:00:00,2024,2,15,8,0,59,59328,Rue Auguste Bonte,50.64585,3.01768,Crépuscule ou aube,En agglomération,Intersection en X,Pluie légère,Autre collision,7,2,2,0,1,1,2,5,1,50,1,2,1,0,0,1,41.0,,voiture,,2,2,2,2,6
202400050730,2024-02-15 08:00:00,2024,2,15,8,0,59,59328,Rue Auguste Bonte,50.64585,3.01768,Crépuscule ou aube,En agglomération,Intersection en X,Pluie légère,Autre collision,7,2,2,0,1,1,2,0,1,30,1,2,1,0,0,1,41.0,,voiture,,2,2,2,2,6
202400050731,2024-08-17 13:52:00,2024,8,17,13,52,38,38364,D113,45.04439,5.8269,Plein jour,Hors agglomération,Hors intersection,Normale,Sans collision,7,2,2,0,1,1,1,0,1,80,1,1,0,0,1,0,69.0,,deux_roues,,1,1,1,1,7
202400050732,2024-05-04 22:30:00,2024,5,4,22,30,75,75101,RUE DE RIVOLI,48.862229,2.337049,Nuit avec éclairage allumé,En agglomération,Intersection en T,Normale,Autre collision,4,1, -1,-1,1,1,1,0,5,30,1,1,0,0,0,1,25.0,,deux_roues,,5,2,3,1,6
202400050732,2024-05-04 22:30:00,2024,5,4,22,30,75,75101,RUE DE RIVOLI,48.862229,2.337049,Nuit avec éclairage allumé,En agglomération,Intersection en T,Normale,Autre collision,4,2,3,1,1,1,1,0,5,30,1,1,0,0,0,1,25.0,,deux_roues,,5,2,3,1,6
202400050733,2024-06-10 08:30:00,2024,6,10,8,30,27,27562,D 64,49.08726,1.43539,Plein jour,Hors agglomération,Intersection en X,Normale,Autre collision,3,2,2,0,1,1,1,0,1,50,3,3,1,0,0,2,40.0,29.0,voiture,utilitaire_camion,1,1,2,1,6
202400050733,2024-06-10 08:30:00,2024,6,10,8,30,27,27562,D 64,49.08726,1.43539,Plein jour,Hors agglomération,Intersection en X,Normale,Autre collision,3,2,2,0,1,1,1,0,1,80,3,3,1,0,0,2,40.0,29.0,voiture,utilitaire_camion,1,1,2,1,6
202400050734,2024-03-28 08:15:00,2024,3,28,8,15,93,93047,Avenue Jean Jaurés / Avenue des Oeillets,48.89819,2.55638,Plein jour,En agglomération,Intersection en T,Normale,Deux véhicules - côté,3,2,2,2,1,1,1,0,1,50,2,3,0,0,0,3,18.0,55.0,deux_roues,voiture,1,2,3,1,3
202400050734,2024-03-28 08:15:00,2024,3,28,8,15,93,93047,Avenue Jean Jaurés / Avenue des Oeillets,48.89819,2.55638,Plein jour,En agglomération,Intersection en T,Normale,Deux véhicules - côté,3,1,1,0,1,1,1,0,1,50,2,3,0,0,0,3,18.0,55.0,deux_roues,voiture,1,2,3,1,3
202400050735,2024-07-11 10:00:00,2024,7,11,10,0,23,23096,SENATORERIE (AVENUE DE LA),46.1676,1.8699,Plein jour,En agglomération,Hors intersection,Normale,Deux véhicules - côté,4,1,2,0,1,1,1,0,1,50,2,3,2,0,0,1,81.0,36.0,utilitaire_camion,utilitaire_camion,1,2,1,1,3
202400050736,2024-09-23 12:20:00,2024,9,23,12,20,973,97309,Route de Montjoly,4.925068,-52.28569,Plein jour,En agglomération,Hors intersection,Normale,Deux véhicules - côté,3,2,2,0,1,1,1,0,3,70,2,2,1,0,1,0,77.0,74.0,deux_roues,utilitaire_camion,1,2,1,1,3
202400050737,2024-02-15 08:10:00,2024,2,15,8,10,59,59648,Rue du Général De Gaulle,50.576932,3.049077,Plein jour,En agglomération,Hors intersection,Normale,Deux véhicules - côté,7,2,2,2,1,1,1,0,1,50,2,2,1,0,0,1,29.0,30.0,voiture,voiture,1,2,1,1,3
202400050738,2024-08-18 15:45:00,2024,8,18,15,45,07,07182,6 Chemin de Sausse,44.629092,4.308888,Plein jour,Hors agglomération,Hors intersection,Normale,Autre collision,3,2,2,0,2,2,1,2,8,80,1,1,0,1,0,0,44.0,,deux_roues,,1,1,1,1,6
202400050739,2024-01-04 12:15:00,2024,1,4,12,15,78,78010,Rue Sainte Gabrielle,48.913633,1.919485,Plein jour,En agglomération,Hors intersection,Normale,Autre collision,4,2,2,0,1,1,1,0,1,30,1,5,4,0,0,1,47.0,,voiture,,1,2,1,1,6
202400050740,2024-06-10 09:55:00,2024,6,10,9,55,25,25056,AMPERE RUE,47.23791,5.99448,Plein jour,En agglomération,Giratoire,Normale,Deux véhicules - côté,4,2, -1,1,1,1,1,5,1,-1,2,2,1,0,0,1,30.0,54.0,deux_roues,voiture,1,2,6,1,3
202400050740,2024-06-10 09:55:00,2024,6,10,9,55,25,25056,AMPERE RUE,47.23791,5.99448,Plein jour,En agglomération,Giratoire,Normale,Deux véhicules - côté,4,2,2,1,1,1,1,5,5,50,2,2,1,0,0,1,30.0,54.0,deux_roues,voiture,1,2,6,1,3
202400050741,2024-05-04 10:50:00,2024,5,4,10,50,75,75104,RUE DE RIVOLI,48.856972,2.353938,Plein jour,En agglomération,Intersection en T,Temps couvert,Autre collision,4,1,4,1,1,1,1,0,1,30,1,3,2,0,0,1,29.0,,deux_roues,,1,2,3,8,6
202400050741,2024-05-04 10:50:00,2024,5,4,10,50,75,75104,RUE DE RIVOLI,48.856972,2.353938,Plein jour,En agglomération,Intersection en T,Temps couvert,Autre collision,4,1,0,0,2,1,1,0,8,30,1,3,2,0,0,1,29.0,,deux_roues,,1,2,3,8,6
202400050742,2024-03-28 12:45:00,2024,3,28,12,45,93,93007,Avenue Marcel Alizard / Avenue Georges Guynemer,48.94545,2.44566,Plein jour,En agglomération,Intersection en X,Normale,Deux véhicules - côté,4,1,1,0,1,1,1,0,1,50,2,2,1,0,0,1,18.0,21.0,deux_roues,voiture,1,2,2,1,3
202400050742,2024-03-28 12:45:00,2024,3,28,12,45,93,93007,Avenue Marcel Alizard / Avenue Georges Guynemer,48.94545,2.44566,Plein jour,En agglomération,Intersection en X,Normale,Deux véhicules - côté,4,2,2,0,1,1,1,0,1,50,2,2,1,0,0,1,18.0,21.0,deux_roues,voiture,1,2,2,1,3
202400050743,2024-07-12 22:23:00,2024,7,12,22,23,17,17300,ADMYRAULT   RUE,46.159,-1.155,Nuit avec éclairage allumé,En agglomération,Hors intersection,Normale,Deux véhicules - frontale,4,1,1,0,1,1,1,0,1,30,2,4,2,0,0,2,46.0,37.0,voiture,deux_roues,5,2,1,1,1
202400050744,2024-01-03 14:50:00,2024,1,3,14,50,06,06004,"A,8 échangeur sophia, PK 172.200 chaussée sud",43.602549,7.078328,Plein jour,Hors agglomération,Intersection en Y,Normale,Autre collision,1,1,0,0,1,3,1,3,1,50,1,1,0,0,0,1,59.0,,deux_roues,,1,1,4,1,6
202400050744,2024-01-03 14:50:00,2024,1,3,14,50,06,06004,"A,8 échangeur sophia, PK 172.200 chaussée sud",43.602549,7.078328,Plein jour,Hors agglomération,Intersection en Y,Normale,Autre collision,1,1,0,-1,1,3,1,3,1,50,1,1,0,0,0,1,59.0,,deux_roues,,1,1,4,1,6
202400050745,2024-02-15 18:05:00,2024,2,15,18,5,54,54323,Avenue de la Paix,49.53226,5.76432,Crépuscule ou aube,En agglomération,Hors intersection,Normale,Deux véhicules - côté,4,2,2,0,1,1,1,0,1,50,2,2,0,0,0,2,26.0,22.0,voiture,deux_roues,2,2,1,1,3
202400050746,2024-08-16 18:15:00,2024,8,16,18,15,69,69296,Rue du Rhône,45.643666,4.824564,Plein jour,Hors agglomération,Hors intersection,Normale,Deux véhicules - frontale,7,2,2,0,1,1,1,2,1,-1,2,3,2,0,0,1,47.0,50.0,voiture,voiture,1,1,1,1,1
202400050747,2024-05-03 21:40:00,2024,5,3,21,40,75,75101,QUAI FRANCOIS MITTERRAND,48.859581,2.335607,Nuit avec éclairage allumé,En agglomération,Hors intersection,Normale,Deux véhicules - côté,4,1,4,3,1,1,1,0,1,50,2,2,1,0,0,1,42.0,34.0,deux_roues,voiture,5,2,1,1,3
202400050748,2024-03-28 09:20:00,2024,3,28,9,20,93,93007,Avenue Henri Barbusse,48.93675,2.45839,Plein jour,En agglomération,Hors intersection,Pluie légère,Autre collision,4,-1,2,0,1,1,2,0,1,50,1,2,1,0,0,1,,,deux_roues,,1,2,1,2,6
202400050749,2024-06-10 19:40:00,2024,6,10,19,40,13,13056,HUIT MAI QUARANTE CINQ PLACE DU,43.39941,5.05623,Plein jour,En agglomération,Hors intersection,Normale,Deux véhicules - frontale,3,1,1,0,1,1,1,0,1,50,2,2,1,0,1,0,28.0,44.0,voiture,deux_roues,1,2,1,1,1
202400050750,2024-02-15 11:00:00,2024,2,15,11,0,54,54036,D139,49.29219,6.00174,Plein jour,Hors agglomération,Hors intersection,Normale,Autre collision,3,2,2,0,1,3,2,0,3,80,1,1,0,0,0,1,27.0,,voiture,,1,1,1,1,6
202400050751,2024-09-22 06:45:00,2024,9,22,6,45,971,97103,Rue Sosthene Gendrey,16.257886,-61.615508,Plein jour,En agglomération,Hors intersection,Normale,Trois véhicules et plus - collisions multiples,4,2,2,0,1,1,1,0,1,50,3,3,1,0,1,1,66.0,21.0,deux_roues,voiture,1,2,1,1,5
202400050752,2024-01-05 09:10:00,2024,1,5,9,10,38,38397,A41,45.23225292,5.83261564,Plein jour,Hors agglomération,Hors intersection,Pluie forte,Autre collision,1,3,2,0,1,1,2,0,1,110,1,4,3,0,1,0,57.0,,voiture,,1,1,1,3,6
202400050753,2024-08-17 16:45:00,2024,8,17,16,45,69,69299,Rue de la République,45.73017804,5.10271773,Plein jour,Hors agglomération,Hors intersection,Temps couvert,Sans collision,3,2,2,0,1,3,1,0,3,-1,1,1,0,0,1,0,42.0,,voiture,,1,1,1,8,7
202400050754,2024-03-28 18:25:00,2024,3,28,18,25,92,92048,PEPINIERE (RUE DE LA),48.7844,2.22503,Plein jour,En agglomération,Autre intersection,Normale,Sans collision,3,1,2,0,1,1,1,0,1,50,1,1,0,0,0,1,56.0,,deux_roues,,1,2,9,1,7
202400050755,2024-07-12 19:00:00,2024,7,12,19,0,17,17299,LOTI RUE PIERRE,45.9362,-0.96227,Plein jour,En agglomération,Intersection en X,Normale,Deux véhicules - côté,4,2,2,0,1,1,1,0,1,30,2,2,0,0,0,2,44.0,44.0,voiture,deux_roues,1,2,2,1,3
202400050755,2024-07-12 19:00:00,2024,7,12,19,0,17,17299,LOTI RUE PIERRE,45.9362,-0.96227,Plein jour,En agglomération,Intersection en X,Normale,Deux véhicules - côté,4,2,2,0,1,1,1,0,1,30,2,2,0,0,0,2,44.0,44.0,voiture,deux_roues,1,2,2,1,3
202400050756,2024-05-03 16:40:00,2024,5,3,16,40,94,94076,50 Rue Pasteur,48.804712,2.366388,Plein jour,En agglomération,Hors intersection,Normale,Autre collision,4,1,1,0,1,1,1,0,1,30,1,2,1,0,0,1,21.0,,voiture,,1,2,1,1,6
202400050757,2024-09-22 18:30:00,2024,9,22,18,30,973,97357,Le Bourg,4.274523,-54.381364,Plein jour,En agglomération,Hors intersection,Normale,Autre collision,4,2,2,0,1,1,1,0,1,-1,1,2,0,0,0,2,17.0,,deux_roues,,1,2,1,1,6
202400050758,2024-06-10 17:15:00,2024,6,10,17,15,13,13209,CHALET (TRAVERSE DU),43.23424,5.40641,Plein jour,En agglomération,Hors intersection,Normale,Deux véhicules - côté,4,2,2,0,1,1,1,0,1,50,1,3,1,0,1,1,34.0,,deux_roues,,1,2,1,1,3
202400050759,2024-02-15 18:40:00,2024,2,15,18,40,51,51454,KOENIG (RUE DU GENERAL),49.22492,4.0185,Nuit avec éclairage allumé,En agglomération,Giratoire,Normale,Autre collision,4,2,0,0,1,1,1,0,8,50,1,2,1,0,0,1,33.0,,utilitaire_camion,,5,2,6,1,6
202400050759,2024-02-15 18:40:00,2024,2,15,18,40,51,51454,KOENIG (RUE DU GENERAL),49.22492,4.0185,Nuit avec éclairage allumé,En agglomération,Giratoire,Normale,Autre collision,4,2,2,0,1,1,1,0,1,50,1,2,1,0,0,1,33.0,,utilitaire_camion,,5,2,6,1,6
202400050760,2024-01-05 16:00:00,2024,1,5,16,0,34,34022,voie communale numéro 8 baillargues à saint-brès,43.667468,4.014594,Plein jour,En agglomération,Hors intersection,Normale,Deux véhicules - côté,4,2,1,0,1,3,1,0,1,30,2,2,1,0,0,1,25.0,30.0,deux_roues,voiture,1,2,1,1,3
202400050761,2024-08-18 15:30:00,2024,8,18,15,30,65,65031,D113 ,42.926899,0.293316,Plein jour,Hors agglomération,Hors intersection,Normale,Sans collision,3,2,2,0,2,3,1,0,3,80,1,1,0,0,0,1,19.0,,deux_roues,,1,1,1,1,7
202400050762,2024-05-04 10:50:00,2024,5,4,10,50,94,94041,Rue Marat,48.80744523,2.39035038,Plein jour,En agglomération,Hors intersection,Pluie légère,Deux véhicules - côté,4,1,1,0,1,1,2,0,1,50,2,2,1,0,0,1,46.0,45.0,deux_roues,voiture,1,2,1,2,3
202400050763,2024-03-27 18:40:00,2024,3,27,18,40,92,92044,VIC. HUGO(RUE)001A067 ET002A078,48.89694228,2.29555607,Plein jour,En agglomération,Hors intersection,Normale,Autre collision,3,1,1,1,1,1,1,0,1,50,2,3,2,0,0,1,41.0,52.0,voiture,deux_roues,1,2,1,1,6
202400050764,2024-01-04 08:10:00,2024,1,4,8,10,21,21609,D905,47.207259,5.303889,Plein jour,Hors agglomération,Giratoire,Normale,Sans collision,3,1,2,0,1,2,2,5,1,90,1,1,0,0,1,0,35.0,,deux_roues,,1,1,6,1,7
202400050765,2024-07-12 19:40:00,2024,7,12,19,40,13,13002,MARIUS MILON (CHEMIN),43.33441,5.4667,Crépuscule ou aube,En agglomération,Intersection en T,Normale,Deux véhicules - côté,4,2,2,0,1,1,1,0,1,50,2,2,1,0,0,1,70.0,50.0,voiture,voiture,2,2,3,1,3
202400050765,2024-07-12 19:40:00,2024,7,12,19,40,13,13002,MARIUS MILON (CHEMIN),43.33441,5.4667,Crépuscule ou aube,En agglomération,Intersection en T,Normale,Deux véhicules - côté,4,2,2,0,1,1,1,0,1,50,2,2,1,0,0,1,70.0,50.0,voiture,voiture,2,2,3,1,3
202400050766,2024-09-20 09:00:00,2024,9,20,9,0,34,34151,d 61 route de la mer,43.642411,4.138756,Plein jour,Hors agglomération,Hors intersection,Normale,Deux véhicules - frontale,3,2,2,0,1,1,1,0,1,80,2,2,0,0,1,1,32.0,63.0,voiture,voiture,1,1,1,1,1
202400050767,2024-06-10 19:18:00,2024,6,10,19,18,13,13210,TOULON (AVENUE DE),43.28342,5.39708,Plein jour,En agglomération,Hors intersection,Normale,Deux véhicules - arrière,4,2,2,0,1,3,1,0,8,50,1,2,1,0,0,1,,,autre,,1,2,1,1,2
202400050768,2024-08-17 17:30:00,2024,8,17,17,30,32,32029,D943,43.61711001,0.46009747,Plein jour,Hors agglomération,Hors intersection,Normale,Sans collision,3,2,2,0,2,1,1,0,1,80,1,1,0,1,0,0,66.0,,deux_roues,,1,1,1,1,7
202400050769,2024-03-28 09:20:00,2024,3,28,9,20,92,92075,PAIX (AVENUE DE LA),48.81650292,2.2752285,Plein jour,En agglomération,Hors intersection,Normale,Autre collision,3,2,2,0,2,1,1,0,1,30,1,1,0,0,0,1,23.0,,voiture,,1,2,1,1,6
202400050770,2024-01-05 11:05:00,2024,1,5,11,5,73,73034,Rte de la Picherie,45.69586969,6.55838703,Plein jour,Hors agglomération,Hors intersection,Neige / grêle,Sans collision,4,2,2,0,2,2,5,0,8,-1,1,2,1,0,1,0,28.0,,voiture,,1,1,1,4,7
202400050771,2024-02-15 08:35:00,2024,2,15,8,35,51,51454,GERBERT (RUE),49.251,4.04081,Plein jour,En agglomération,Intersection en X,Normale,Deux véhicules - côté,4,2,2,1,1,1,1,0,1,30,2,3,2,0,0,1,49.0,53.0,voiture,voiture,1,2,2,1,3
202400050771,2024-02-15 08:35:00,2024,2,15,8,35,51,51454,GERBERT (RUE),49.251,4.04081,Plein jour,En agglomération,Intersection en X,Normale,Deux véhicules - côté,4,1,1,1,1,1,1,0,1,30,2,3,2,0,0,1,49.0,53.0,voiture,voiture,1,2,2,1,3
202400050772,2024-08-17 05:30:00,2024,8,17,5,30,22,22324,Route Départementale 788,48.778437,-3.448249,Crépuscule ou aube,Hors agglomération,Hors intersection,Normale,Autre collision,3,2,0,0,1,1,1,0,3,90,1,1,0,0,1,0,19.0,,deux_roues,,2,1,1,1,6
202400050773,2024-07-12 17:56:00,2024,7,12,17,56,13,13205,MADON (RUE),43.29396,5.40008,Plein jour,En agglomération,Autre intersection,Normale,Deux véhicules - côté,4,2,2,0,1,1,1,0,1,30,1,3,2,0,0,1,31.0,,deux_roues,,1,2,9,1,3
202400050774,2024-03-28 14:35:00,2024,3,28,14,35,92,92036,PAUL VAILLANT COUTURIER (RUE) (1/89),48.92087734,2.30501121,Plein jour,En agglomération,Hors intersection,Normale,Autre collision,4,2,2,0,1,1,1,0,1,50,1,2,1,0,0,1,44.0,,voiture,,1,2,1,1,6
202400050775,2024-06-10 19:50:00,2024,6,10,19,50,10,10387,Route d'Auxerre,48.27834,4.06697,Plein jour,En agglomération,Giratoire,Normale,Sans collision,4,2,1,0,1,2,1,5,1,50,1,1,0,0,0,1,19.0,,deux_roues,,1,2,6,1,7
202400050775,2024-06-10 19:50:00,2024,6,10,19,50,10,10387,Route d'Auxerre,48.27834,4.06697,Plein jour,En agglomération,Giratoire,Normale,Sans collision,4,2,2,1,1,1,1,0,1,50,1,1,0,0,0,1,19.0,,deux_roues,,1,2,6,1,7
202400050776,2024-10-26 18:15:00,2024,10,26,18,15,17,17415,EUROPE COURS DE,45.73594,-0.65064,Plein jour,En agglomération,Intersection en X,Pluie légère,Deux véhicules - côté,4,2,2,0,1,1,2,0,1,30,2,3,2,0,0,1,,19.0,voiture,voiture,1,2,2,2,3
202400050776,2024-10-26 18:15:00,2024,10,26,18,15,17,17415,EUROPE COURS DE,45.73594,-0.65064,Plein jour,En agglomération,Intersection en X,Pluie légère,Deux véhicules - côté,4,2,2,0,2,1,2,0,1,30,2,3,2,0,0,1,,19.0,voiture,voiture,1,2,2,2,3
202400050777,2024-05-04 02:30:00,2024,5,4,2,30,94,94001,Quai Pasteur / Quai de la Baronnie,48.72391,2.42756,Nuit avec éclairage allumé,En agglomération,Intersection en T,Normale,Deux véhicules - frontale,3,2,2,0,1,1,1,0,1,-1,2,7,0,0,0,7,17.0,20.0,utilitaire_camion,voiture,5,2,3,1,1
202400050777,2024-05-04 02:30:00,2024,5,4,2,30,94,94001,Quai Pasteur / Quai de la Baronnie,48.72391,2.42756,Nuit avec éclairage allumé,En agglomération,Intersection en T,Normale,Deux véhicules - frontale,3,1,1,0,1,2,1,0,1,50,2,7,0,0,0,7,17.0,20.0,utilitaire_camion,voiture,5,2,3,1,1
202400050778,2024-01-04 17:20:00,2024,1,4,17,20,86,86024,D611,46.510504,0.222011,Crépuscule ou aube,Hors agglomération,Hors intersection,Temps couvert,Sans collision,3,2,2,0,2,2,2,0,3,80,1,1,0,0,1,0,23.0,,voiture,,2,1,1,8,7
202400050779,2024-10-26 07:00:00,2024,10,26,7,0,13,13215,MADRAGUE VILLE (chemin de la),43.33287588,5.35873149,Crépuscule ou aube,En agglomération,Hors intersection,Normale,Sans collision,4,2,4,0,1,1,1,0,1,50,1,1,0,0,1,0,30.0,,voiture,,2,2,1,1,7
202400050780,2024-08-18 00:20:00,2024,8,18,0,20,22,22193,RN 176 PR 37+100,48.41304,-2.376619,Nuit sans éclairage public,Hors agglomération,Hors intersection,Normale,Autre collision,2,3,2,0,1,1,1,0,3,110,1,1,0,1,0,0,29.0,,voiture,,3,1,1,1,6
202400050781,2024-03-28 18:20:00,2024,3,28,18,20,92,92025,PRESIDENT SALVADOR ALLENDE (RUE DU),48.92217932,2.23542792,Plein jour,En agglomération,Hors intersection,Normale,Autre collision,4,2,3,1,1,1,1,0,4,30,1,2,1,0,0,1,,,deux_roues,,1,2,1,1,6
202400050782,2024-07-09 15:30:00,2024,7,9,15,30,13,13001,BARTHELEMY VERA (CHEMIN),43.47452,5.39377,Plein jour,Hors agglomération,Hors intersection,Normale,Deux véhicules - frontale,9,2,2,0,1,1,1,0,1,50,2,2,0,0,1,1,45.0,34.0,deux_roues,voiture,1,1,1,1,1
202400050783,2024-09-21 11:10:00,2024,9,21,11,10,71,71150,129 Route des Bergers,46.252549,4.78225,Plein jour,En agglomération,Intersection en T,Normale,Trois véhicules et plus - collisions multiples,3,2,2,0,1,1,1,0,1,50,3,3,2,0,0,1,69.0,34.0,deux_roues,voiture,1,2,3,1,5
202400050783,2024-09-21 11:10:00,2024,9,21,11,10,71,71150,129 Route des Bergers,46.252549,4.78225,Plein jour,En agglomération,Intersection en T,Normale,Trois véhicules et plus - collisions multiples,3,-1, -1,0,1,1,1,0,8,20,3,3,2,0,0,1,69.0,34.0,deux_roues,voiture,1,2,3,1,5
202400050784,2024-12-03 23:15:00,2024,12,3,23,15,04,04166,D11,43.810298,6.102616,Nuit sans éclairage public,Hors agglomération,Hors intersection,Normale,Autre collision,3,2,2,0,1,1,1,0,3,80,1,2,1,0,1,0,24.0,,voiture,,3,1,1,1,6
202400050785,2024-02-15 09:45:00,2024,2,15,9,45,50,50218,PAUL POIRIER (RUE),48.83838,-1.59891,Plein jour,En agglomération,Hors intersection,Normale,Deux véhicules - arrière,3,1,1,0,1,1,1,0,1,30,2,3,1,1,0,1,75.0,50.0,voiture,utilitaire_camion,1,2,1,1,2
202400050786,2024-10-26 05:35:00,2024,10,26,5,35,13,13202,CHEMIN DU LITTORAL (CHEMIN DU),43.33143,5.35471,Nuit avec éclairage allumé,En agglomération,Autre intersection,Normale,Deux véhicules - côté,4,3,0,0,1,1,1,0,1,50,2,2,1,0,0,1,33.0,34.0,utilitaire_camion,voiture,5,2,9,1,3
202400050787,2024-01-05 10:15:00,2024,1,5,10,15,50,50288,1 Route de Granville,48.693634,-1.373999,Plein jour,En agglomération,Giratoire,Temps éblouissant,Deux véhicules - côté,3,2,2,0,1,1,2,5,1,50,2,2,1,0,1,0,26.0,24.0,voiture,deux_roues,1,2,6,7,3
202400050788,2024-06-10 22:30:00,2024,6,10,22,30,06,06159,2 Chemin de la Jeunesse,43.70378,7.30919,Nuit avec éclairage allumé,En agglomération,Hors intersection,Normale,Deux véhicules - côté,7,2,2,0,2,1,1,0,1,50,2,2,1,0,0,1,32.0,36.0,deux_roues,voiture,5,2,1,1,3
202400050789,2024-07-12 19:15:00,2024,7,12,19,15,11,11069,,43.184937,2.411727,Plein jour,En agglomération,Hors intersection,Normale,Autre collision,4,2,1,0,2,1,1,0,1,50,1,1,0,0,0,1,57.0,,voiture,,1,2,1,1,6
202400050790,2024-03-28 08:40:00,2024,3,28,8,40,92,92024,FERNAND PELLOUTIER (RUE),48.90394607,2.29959637,Plein jour,En agglomération,Hors intersection,Temps couvert,Sans collision,4,2,2,0,1,1,2,0,8,30,1,1,0,0,0,1,66.0,,deux_roues,,1,2,1,8,7
202400050791,2024-05-03 15:50:00,2024,5,3,15,50,94,94077,Avenue Pasteur / Rue Marcel Risser,48.73739698,2.41923308,Plein jour,En agglomération,Intersection en X,Normale,Deux véhicules - côté,4,2,2,0,1,1,1,0,1,50,2,3,2,0,0,1,44.0,21.0,voiture,voiture,1,2,2,1,3
202400050792,2024-01-04 07:50:00,2024,1,4,7,50,14,14719,N158,49.030454,-0.273306,Nuit sans éclairage public,Hors agglomération,Hors intersection,Pluie légère,Sans collision,2,3,2,0,1,1,2,0,3,110,1,1,0,0,0,1,52.0,,voiture,,3,1,1,2,7
202400050793,2024-12-03 15:50:00,2024,12,3,15,50,85,85131,rue du moulin,46.464303,-1.207717,Plein jour,Hors agglomération,Hors intersection,Normale,Autre collision,4,2,2,0,1,1,1,0,1,70,1,2,1,0,1,0,,,voiture,,1,1,1,1,6
202400050794,2024-09-20 07:30:00,2024,9,20,7,30,67,67075,D3,49.019958,7.856319,Crépuscule ou aube,Hors agglomération,Hors intersection,Normale,Deux véhicules - côté,3,2,2,0,3,4,1,0,1,80,2,2,1,0,1,0,17.0,36.0,deux_roues,voiture,2,1,1,1,3
202400050795,2024-10-26 04:44:00,2024,10,26,4,44,13,13201,GARIBALDI (BOULEVARD) N° IMPAIRS,43.29694,5.38112,Nuit avec éclairage allumé,En agglomération,Hors intersection,Normale,Sans collision,4,2,4,0,1,1,1,0,1,50,1,3,0,0,0,3,19.0,,voiture,,5,2,1,1,7