accident_id,datetime,annee,mois,jour,heure,minute,departement,commune_insee,adresse,latitude,longitude,luminosite,agglomeration,intersection,meteo,collision,catr,circ,nbv,vosp,prof,plan,surf,infra,situ,vma,nb_vehicules,nb_usagers,nb_indemnes,nb_tues,nb_blesses_hosp,nb_blesses_legers,age_cond_1,age_cond_2,veh_type_cond_1,veh_type_cond_2,lum_code,agg_code,int_code,atm_code,col_code
202400051003,2024-06-10 18:05:00,2024,6,10,18,5,92,92062,EICHENBERGER (RUE),48.88085,2.23679,Plein jour,En agglomération,Hors intersection,Normale,Autre collision,4,1,1,2,1,1,1,0,4,50,1,2,1,0,0,1,28.0,,deux_roues,,1,2,1,1,6
202400051004,2024-02-14 13:10:00,2024,2,14,13,10,75,75119,BD PERIPHERIQUE EXTERIEUR,48.900479,2.37528,Plein jour,En agglomération,Hors intersection,Normale,Deux véhicules - côté,4,1,4,0,1,1,2,0,1,70,2,2,0,0,0,2,60.0,27.0,voiture,deux_roues,1,2,1,1,3
202400051005,2024-07-12 01:35:00,2024,7,12,1,35,75,75109,RUE DE CHATEAUDUN,48.87584963,2.34036952,Nuit avec éclairage allumé,En agglomération,Intersection en X,Pluie forte,Autre collision,4,1, -1,-1,1,1,2,0,1,-1,1,1,0,0,0,1,31.0,,deux_roues,,5,2,2,3,6
202400051005,2024-07-12 01:35:00,2024,7,12,1,35,75,75109,RUE DE CHATEAUDUN,48.87584963,2.34036952,Nuit avec éclairage allumé,En agglomération,Intersection en X,Pluie forte,Autre collision,4,1,2,0,1,1,2,0,1,30,1,1,0,0,0,1,31.0,,deux_roues,,5,2,2,3,6
202400051006,2024-05-05 05:40:00,2024,5,5,5,40,06,06111,M2205 PR 32 + 63,44.146924,7.096739,Crépuscule ou aube,Hors agglomération,Hors intersection,Normale,Autre collision,7,2,2,0,4,3,2,0,1,80,1,1,0,0,0,1,21.0,,voiture,,2,1,1,1,6
202400051007,2024-12-03 16:50:00,2024,12,3,16,50,83,83137,A57,43.12209671,5.95587659,Plein jour,Hors agglomération,Hors intersection,Normale,Trois véhicules et plus - en chaîne,1,3,6,0,2,1,1,0,1,70,3,3,2,0,0,1,72.0,60.0,voiture,utilitaire_camion,1,1,1,1,4
202400051008,2024-03-28 20:30:00,2024,3,28,20,30,43,43267,D103,45.196751,3.914845,Nuit sans éclairage public,Hors agglomération,Hors intersection,Normale,Autre collision,3,2,2,0,1,3,1,0,3,80,1,1,0,0,1,0,21.0,,voiture,,3,1,1,1,6
202400051009,2024-01-03 06:45:00,2024,1,3,6,45,76,76351,CHANTIERS (DES),49.479,0.15998,Nuit sans éclairage public,En agglomération,Hors intersection,Normale,Autre collision,4,2,2,0,1,1,2,0,1,50,1,1,0,0,0,1,38.0,,voiture,,3,2,1,1,6
202400051010,2024-02-14 10:45:00,2024,2,14,10,45,75,75118,BD PERIPHERIQUE EXTERIEUR,48.90086,2.365712,Plein jour,En agglomération,Hors intersection,Pluie légère,Autre collision,4,1,6,0,1,1,2,0,1,70,1,1,0,0,0,1,52.0,,deux_roues,,1,2,1,2,6
202400051011,2024-05-09 06:20:00,2024,5,9,6,20,62,62040,D221,50.73106,2.2812,Crépuscule ou aube,En agglomération,Hors intersection,Brouillard / fumée,Deux véhicules - frontale,3,2,2,0,2,4,1,0,1,50,2,2,1,0,0,1,34.0,28.0,voiture,voiture,2,2,1,5,1
202400051012,2024-03-29 15:30:00,2024,3,29,15,30,16,16329,La lande claire,45.918901,0.511272,Plein jour,Hors agglomération,Hors intersection,Pluie forte,Autre collision,3,2,3,0,2,3,2,0,3,90,1,1,0,0,1,0,62.0,,voiture,,1,1,1,3,6
202400051013,2024-10-26 17:10:00,2024,10,26,17,10,94,94058,Quai de l'Artois,48.832454,2.496709,Plein jour,En agglomération,Autre intersection,Normale,Deux véhicules - frontale,4,2,2,1,1,4,1,2,5,30,2,2,1,0,0,1,22.0,35.0,deux_roues,deux_roues,1,2,9,1,1
202400051013,2024-10-26 17:10:00,2024,10,26,17,10,94,94058,Quai de l'Artois,48.832454,2.496709,Plein jour,En agglomération,Autre intersection,Normale,Deux véhicules - frontale,4,-1,1,1,4,4,1,2,5,-1,2,2,1,0,0,1,22.0,35.0,deux_roues,deux_roues,1,2,9,1,1
202400051014,2024-05-04 18:45:00,2024,5,4,18,45,06,06072,M59 PKR 11 +950,44.027492,7.089336,Crépuscule ou aube,Hors agglomération,Hors intersection,Normale,Sans collision,7,-1,2,0,2,3,1,0,8,50,1,4,0,0,1,3,24.0,,voiture,,2,1,1,1,7
202400051015,2024-12-02 13:05:00,2024,12,2,13,5,83,83137,A50,43.12657383,5.8890491,Plein jour,En agglomération,Hors intersection,Normale,Deux véhicules - arrière,1,1,3,0,1,1,1,0,1,110,2,2,1,0,0,1,24.0,64.0,utilitaire_camion,voiture,1,2,1,1,2
202400051016,2024-07-12 00:35:00,2024,7,12,0,35,75,75108,AVENUE DE MESSINE,48.875304,2.315712,Nuit avec éclairage allumé,En agglomération,Intersection à plus de 4 branches,Pluie forte,Sans collision,4,1,1,0,1,1,2,0,1,50,1,1,0,0,0,1,37.0,,deux_roues,,5,2,5,3,7
202400051016,2024-07-12 00:35:00,2024,7,12,0,35,75,75108,AVENUE DE MESSINE,48.875304,2.315712,Nuit avec éclairage allumé,En agglomération,Intersection à plus de 4 branches,Pluie forte,Sans collision,4,2, -1,-1,1,1,2,0,1,-1,1,1,0,0,0,1,37.0,,deux_roues,,5,2,5,3,7
202400051017,2024-06-10 12:30:00,2024,6,10,12,30,92,92062,DE DION BOUTON (QUAI) DU 29 AU 65,48.88053713,2.24511623,Plein jour,En agglomération,Intersection en Y,Normale,Deux véhicules - arrière,3,1,1,0,1,1,1,0,1,50,2,2,1,0,0,1,46.0,,voiture,utilitaire_camion,1,2,4,1,2
202400051018,2024-01-02 15:30:00,2024,1,2,15,30,72,72181,DURAND GEORGES (AV) N° IMP 313 ET plus,47.96,0.221,Plein jour,En agglomération,Autre intersection,Pluie légère,Deux véhicules - côté,4,2,3,1,2,1,2,0,1,50,2,2,1,0,1,0,17.0,52.0,deux_roues,utilitaire_camion,1,2,9,2,3
202400051019,2024-02-14 07:20:00,2024,2,14,7,20,75,75120,BD PERIPHERIQUE INTERIEUR,48.852713,2.414464,Nuit avec éclairage allumé,En agglomération,Hors intersection,Normale,Trois véhicules et plus - collisions multiples,4,1,4,0,1,1,1,0,1,70,3,3,2,0,0,1,34.0,30.0,utilitaire_camion,deux_roues,5,2,1,1,5
202400051020,2024-05-04 23:00:00,2024,5,4,23,0,18,18229,,47.252597,2.405727,Nuit sans éclairage public,Hors agglomération,Hors intersection,Pluie forte,Sans collision,3,2,2,0,1,1,2,0,1,80,1,2,0,0,1,1,50.0,,voiture,,3,1,1,3,7
202400051021,2024-08-15 19:56:00,2024,8,15,19,56,971,97101,ROUTE DE BOISVINS,16.2574,-61.46011,Nuit avec éclairage allumé,Hors agglomération,Hors intersection,Normale,Trois véhicules et plus - collisions multiples,3,2,1,0,2,2,1,0,1,50,3,6,4,0,0,2,38.0,71.0,voiture,voiture,5,1,1,1,5
202400051022,2024-07-11 22:00:00,2024,7,11,22,0,75,75101,RUE DE RIVOLI,48.85851,2.348218,Nuit avec éclairage allumé,En agglomération,Intersection en X,Normale,Autre collision,4,2,5,1,1,1,1,0,1,30,1,1,0,0,0,1,58.0,,deux_roues,,5,2,2,1,6
202400051022,2024-07-11 22:00:00,2024,7,11,22,0,75,75101,RUE DE RIVOLI,48.85851,2.348218,Nuit avec éclairage allumé,En agglomération,Intersection en X,Normale,Autre collision,4,2,3,1,1,1,1,0,1,30,1,1,0,0,0,1,58.0,,deux_roues,,5,2,2,1,6
202400051023,2024-05-24 09:00:00,2024,5,24,9,0,18,18033,45 Rue Jean Baffier,47.076796,2.403959,Plein jour,En agglomération,Intersection en T,Normale,Deux véhicules - côté,4,2,2,0,1,1,1,0,1,50,2,2,1,0,1,0,31.0,31.0,deux_roues,voiture,1,2,3,1,3
202400051023,2024-05-24 09:00:00,2024,5,24,9,0,18,18033,45 Rue Jean Baffier,47.076796,2.403959,Plein jour,En agglomération,Intersection en T,Normale,Deux véhicules - côté,4,-1,2,0,1,1,1,0,1,50,2,2,1,0,1,0,31.0,31.0,deux_roues,voiture,1,2,3,1,3
202400051024,2024-12-03 08:10:00,2024,12,3,8,10,67,67131,R.N. 353,48.49298,7.762,Plein jour,Hors agglomération,Hors intersection,Normale,Deux véhicules - arrière,7,3,2,0,1,1,2,0,1,90,2,2,1,0,0,1,28.0,31.0,voiture,utilitaire_camion,1,1,1,1,2
202400051025,2024-10-26 19:00:00,2024,10,26,19,0,94,94068,LEROUX (R),48.80599,2.47285,Nuit avec éclairage allumé,En agglomération,Intersection en X,Normale,Autre collision,3,1,2,0,1,1,1,0,6,30,1,2,1,0,1,0,,,deux_roues,,5,2,2,1,6
202400051025,2024-10-26 19:00:00,2024,10,26,19,0,94,94068,LEROUX (R),48.80599,2.47285,Nuit avec éclairage allumé,En agglomération,Intersection en X,Normale,Autre collision,3,3,2,3,1,1,1,0,6,30,1,2,1,0,1,0,,,deux_roues,,5,2,2,1,6
202400051026,2024-03-29 09:45:00,2024,3,29,9,45,07,07134,Quartier Prends Toi Garde,44.502157,4.295595,Plein jour,Hors agglomération,Hors intersection,Temps couvert,Deux véhicules - côté,3,2,2,0,1,1,1,0,1,90,2,3,1,0,1,1,78.0,58.0,voiture,utilitaire_camion,1,1,1,8,3
202400051027,2024-06-10 06:20:00,2024,6,10,6,20,92,92051,"CHARLES DE GAULLE (AVENUE,N°118 A 192 +",48.88545495,2.25908777,Crépuscule ou aube,En agglomération,Hors intersection,Normale,Sans collision,4,1,1,2,1,1,1,0,1,30,1,2,1,0,1,0,43.0,,transport_commun,,2,2,1,1,7
202400051028,2024-05-05 15:20:00,2024,5,5,15,20,07,07265,D306,45.294407,4.643955,Plein jour,Hors agglomération,Hors intersection,Normale,Sans collision,3,2,2,0,2,3,1,0,3,80,1,1,0,0,1,0,19.0,,deux_roues,,1,1,1,1,7
202400051029,2024-01-03 17:40:00,2024,1,3,17,40,69,69282,Avenue de Grenoble,45.76199,5.00659,Crépuscule ou aube,En agglomération,Intersection en X,Normale,Deux véhicules - frontale,4,2,2,0,1,1,1,0,1,30,2,2,1,0,0,1,54.0,33.0,voiture,deux_roues,2,2,2,1,1
202400051029,2024-01-03 17:40:00,2024,1,3,17,40,69,69282,Avenue de Grenoble,45.76199,5.00659,Crépuscule ou aube,En agglomération,Intersection en X,Normale,Deux véhicules - frontale,4,2,2,0,1,1,1,0,1,30,2,2,1,0,0,1,54.0,33.0,voiture,deux_roues,2,2,2,1,1
202400051030,2024-09-11 09:00:00,2024,9,11,9,0,44,44020,Rond-Point de Pornic,47.186785,-1.59771323,Plein jour,En agglomération,Giratoire,Normale,Sans collision,4,2,2,0,1,1,1,0,1,50,1,1,0,0,0,1,51.0,,deux_roues,,1,2,6,1,7
202400051031,2024-10-26 17:15:00,2024,10,26,17,15,94,94041,170 Boulevard de Stalingrad,48.8058,2.37615,Plein jour,En agglomération,Autre intersection,Normale,Deux véhicules - côté,3,1,2,1,1,1,1,0,5,50,2,2,1,0,0,1,56.0,16.0,voiture,deux_roues,1,2,9,1,3
202400051032,2024-02-14 19:10:00,2024,2,14,19,10,75,75109,RUE DE LA TOUR DES DAMES,48.877736,2.334295,Nuit avec éclairage allumé,En agglomération,Intersection en T,Normale,Autre collision,4,1,2,1,2,1,1,0,4,30,1,5,4,0,0,1,30.0,,voiture,,5,2,3,1,6
202400051032,2024-02-14 19:10:00,2024,2,14,19,10,75,75109,RUE DE LA TOUR DES DAMES,48.877736,2.334295,Nuit avec éclairage allumé,En agglomération,Intersection en T,Normale,Autre collision,4,1,2,1,1,1,1,0,8,30,1,5,4,0,0,1,30.0,,voiture,,5,2,3,1,6
202400051033,2024-06-10 09:00:00,2024,6,10,9,0,92,92048,GENERAL DE GAULLE (AVENUE DU),48.78878419,2.23156106,Plein jour,En agglomération,Autre intersection,Normale,Deux véhicules - côté,4,2,2,0,1,1,1,0,1,50,2,2,0,0,0,2,37.0,39.0,deux_roues,utilitaire_camion,1,2,9,1,3
202400051034,2024-08-14 10:40:00,2024,8,14,10,40,971,97113,ROUTE DE PERINET-RD 119,16.21297131,-61.47768974,Plein jour,Hors agglomération,Hors intersection,Normale,Deux véhicules - côté,3,1,2,0,1,1,1,9,1,50,2,4,3,0,0,1,,64.0,voiture,transport_commun,1,1,1,1,3
202400051035,2024-03-26 16:00:00,2024,3,26,16,0,23,23266,les roches,45.922722,2.319252,Plein jour,Hors agglomération,Hors intersection,Normale,Deux véhicules - frontale,3,2,2,0,1,1,2,0,1,90,2,3,0,0,3,0,26.0,61.0,voiture,voiture,1,1,1,1,1
202400051036,2024-05-05 04:55:00,2024,5,5,4,55,53,53051,La Petite Roderie,48.347643,-0.512956,Nuit sans éclairage public,Hors agglomération,Hors intersection,Normale,Deux véhicules - arrière,2,2,2,0,2,1,2,0,3,80,2,2,0,1,1,0,23.0,,voiture,,3,1,1,1,2
202400051037,2024-01-03 05:50:00,2024,1,3,5,50,69,69290,60 Rue Alfred de Vigny,45.69729827,4.93614487,Nuit avec éclairage non allumé,En agglomération,Intersection en X,Normale,Autre collision,4,2,2,3,1,1,1,0,1,50,1,2,1,1,0,0,50.0,,voiture,,4,2,2,1,6
202400051037,2024-01-03 05:50:00,2024,1,3,5,50,69,69290,60 Rue Alfred de Vigny,45.69729827,4.93614487,Nuit avec éclairage non allumé,En agglomération,Intersection en X,Normale,Autre collision,4,2,2,0,1,1,1,0,1,30,1,2,1,1,0,0,50.0,,voiture,,4,2,2,1,6
202400051038,2024-12-03 10:20:00,2024,12,3,10,20,33,33013,,44.868684,-0.498053,Plein jour,Hors agglomération,Hors intersection,Normale,Trois véhicules et plus - en chaîne,2,3,6,0,1,1,1,9,1,70,4,4,1,0,0,3,46.0,21.0,voiture,voiture,1,1,1,1,4
202400051039,2024-05-23 08:38:00,2024,5,23,8,38,92,92044,ED.VAILLANT(RUE)119A131 ET 98A108,48.89941522,2.28616869,Plein jour,En agglomération,Hors intersection,Normale,Sans collision,4,1,1,1,1,1,1,0,1,50,1,1,0,0,0,1,23.0,,deux_roues,,1,2,1,1,7
202400051040,2024-09-11 12:00:00,2024,9,11,12,0,44,44162,Rond-Point d'Armor,47.22501602,-1.62101358,Plein jour,En agglomération,Giratoire,Normale,Deux véhicules - arrière,4,1,3,0,1,2,1,0,1,50,2,2,1,0,0,1,51.0,52.0,utilitaire_camion,voiture,1,2,6,1,2
202400051041,2024-07-12 18:15:00,2024,7,12,18,15,94,94076,Rue Ambroise Croizat,48.801456,2.35952,Plein jour,En agglomération,Intersection en T,Normale,Deux véhicules - frontale,4,-1, -1,-1,1,1,1,0,1,-1,2,2,1,0,0,1,28.0,30.0,utilitaire_camion,deux_roues,1,2,3,1,1
202400051041,2024-07-12 18:15:00,2024,7,12,18,15,94,94076,Rue Ambroise Croizat,48.801456,2.35952,Plein jour,En agglomération,Intersection en T,Normale,Deux véhicules - frontale,4,2,2,0,2,1,1,0,1,50,2,2,1,0,0,1,28.0,30.0,utilitaire_camion,deux_roues,1,2,3,1,1
202400051042,2024-08-16 13:00:00,2024,8,16,13,0,80,80021,Avenue de la Paix,49.9116,2.29747,Plein jour,En agglomération,Hors intersection,Normale,Autre collision,4,2,2,0,1,1,1,0,4,30,1,2,1,0,0,1,30.0,,deux_roues,,1,2,1,1,6
202400051043,2024-05-04 06:56:00,2024,5,4,6,56,53,53237,23 Rue d'Oisseau,48.373854,-0.695613,Plein jour,En agglomération,Hors intersection,Normale,Autre collision,3,2,2,0,2,1,1,0,1,50,1,1,0,0,1,0,46.0,,voiture,,1,2,1,1,6
202400051044,2024-02-15 00:01:00,2024,2,15,0,1,75,75105,PONT DE LA TOURNELLE,48.850029,2.354932,Nuit avec éclairage allumé,En agglomération,Intersection en T,Normale,Deux véhicules - côté,4,1,1,0,1,1,1,2,5,30,2,2,1,0,0,1,55.0,47.0,voiture,deux_roues,5,2,3,1,3
202400051044,2024-02-15 00:01:00,2024,2,15,0,1,75,75105,PONT DE LA TOURNELLE,48.850029,2.354932,Nuit avec éclairage allumé,En agglomération,Intersection en T,Normale,Deux véhicules - côté,4,1,2,1,1,1,1,2,1,30,2,2,1,0,0,1,55.0,47.0,voiture,deux_roues,5,2,3,1,3
202400051045,2024-03-29 14:58:00,2024,3,29,14,58,974,97418,Rue Ylang Ylang,-20.917511,55.527869,Plein jour,En agglomération,Intersection en X,Temps couvert,Deux véhicules - côté,4,2,2,0,2,1,1,5,1,50,2,2,1,0,0,1,25.0,52.0,transport_commun,deux_roues,1,2,2,8,3
202400051045,2024-03-29 14:58:00,2024,3,29,14,58,974,97418,Rue Ylang Ylang,-20.917511,55.527869,Plein jour,En agglomération,Intersection en X,Temps couvert,Deux véhicules - côté,4,2, -1,3,2,1,1,5,1,-1,2,2,1,0,0,1,25.0,52.0,transport_commun,deux_roues,1,2,2,8,3
202400051046,2024-11-20 13:23:00,2024,11,20,13,23,59,59288,AUTOROUTE A2,50.31572,3.41011,Plein jour,Hors agglomération,Hors intersection,Normale,Deux véhicules - arrière,1,-1,2,0,1,1,1,0,1,110,2,2,1,0,0,1,26.0,37.0,deux_roues,utilitaire_camion,1,1,1,1,2
202400051047,2024-05-04 13:30:00,2024,5,4,13,30,28,28405,Route Nationale 12,48.741828,1.302567,Plein jour,Hors agglomération,Hors intersection,Normale,Sans collision,2,1,0,0,1,1,1,0,1,110,1,1,0,0,1,0,41.0,,voiture,,1,1,1,1,7
202400051048,2024-01-02 12:40:00,2024,1,2,12,40,67,67180,FOULON (RUE DU),48.8054,7.77947,Plein jour,En agglomération,Intersection en X,Pluie légère,Deux véhicules - arrière,4,2,2,0,1,1,2,0,1,50,2,3,0,0,0,3,40.0,75.0,voiture,voiture,1,2,2,2,2
202400051048,2024-01-02 12:40:00,2024,1,2,12,40,67,67180,FOULON (RUE DU),48.8054,7.77947,Plein jour,En agglomération,Intersection en X,Pluie légère,Deux véhicules - arrière,4,2,2,0,1,1,2,0,1,30,2,3,0,0,0,3,40.0,75.0,voiture,voiture,1,2,2,2,2
202400051049,2024-08-15 16:00:00,2024,8,15,16,0,80,80261,Route d'Amiens,49.87465,2.28165,Plein jour,En agglomération,Hors intersection,Normale,Sans collision,3,2,4,0,1,1,1,0,1,50,1,1,0,0,0,1,25.0,,deux_roues,,1,2,1,1,7
202400051050,2024-02-15 16:55:00,2024,2,15,16,55,75,75119,AVENUE DE FLANDRE,48.88481,2.369404,Plein jour,En agglomération,Hors intersection,Normale,Autre collision,4,1,1,0,1,1,1,6,4,30,1,2,1,0,1,0,,,deux_roues,,1,2,1,1,6
202400051051,2024-07-11 18:10:00,2024,7,11,18,10,94,94079,Rue Adrien Mentienne,48.8294,2.5401,Plein jour,En agglomération,Hors intersection,Normale,Deux véhicules - côté,4,2,1,0,1,1,1,6,1,30,2,2,0,0,0,2,71.0,58.0,voiture,voiture,1,2,1,1,3
202400051052,2024-06-10 17:09:00,2024,6,10,17,9,92,92026,MARECHAL JOFFRE (QUAI DU),48.89779,2.2675,Plein jour,En agglomération,Hors intersection,Normale,Trois véhicules et plus - en chaîne,3,3,2,0,1,1,1,0,1,50,3,4,3,0,0,1,21.0,23.0,deux_roues,deux_roues,1,2,1,1,4
202400051053,2024-09-09 19:00:00,2024,9,9,19,0,44,44109,Place de la Bourse,47.2126147,-1.55916959,Nuit avec éclairage allumé,En agglomération,Intersection en Y,Normale,Deux véhicules - côté,4,1,1,0,1,1,1,0,1,30,2,2,1,0,0,1,58.0,22.0,deux_roues,voiture,5,2,4,1,3
202400051053,2024-09-09 19:00:00,2024,9,9,19,0,44,44109,Place de la Bourse,47.2126147,-1.55916959,Nuit avec éclairage allumé,En agglomération,Intersection en Y,Normale,Deux véhicules - côté,4,2,2,3,1,1,1,0,1,30,2,2,1,0,0,1,58.0,22.0,deux_roues,voiture,5,2,4,1,3
202400051054,2024-10-26 09:45:00,2024,10,26,9,45,94,94081,Avenue Maximilien de Robespierre,48.79219,2.38666,Plein jour,En agglomération,Giratoire,Normale,Trois véhicules et plus - collisions multiples,3,1,2,0,1,2,2,9,1,50,4,8,1,0,0,7,47.0,38.0,voiture,voiture,1,2,6,1,5
202400051054,2024-10-26 09:45:00,2024,10,26,9,45,94,94081,Avenue Maximilien de Robespierre,48.79219,2.38666,Plein jour,En agglomération,Giratoire,Normale,Trois véhicules et plus - collisions multiples,3,1,2,0,1,2,2,9,1,50,4,8,1,0,0,7,47.0,38.0,voiture,voiture,1,2,6,1,5
202400051055,2024-03-29 01:45:00,2024,3,29,1,45,973,97311,Rue des Mouettes,5.48849,-54.03625,Nuit avec éclairage allumé,En agglomération,Hors intersection,Normale,Deux véhicules - arrière,4,2,2,0,1,1,1,0,1,50,2,2,1,1,0,0,38.0,,voiture,voiture,5,2,1,1,2
202400051056,2024-12-03 20:00:00,2024,12,3,20,0,94,94021,A6B,48.7698226,2.34561011,Nuit sans éclairage public,Hors agglomération,Hors intersection,Normale,Deux véhicules - arrière,1,3,2,0,1,1,1,0,1,90,2,2,1,0,0,1,33.0,61.0,utilitaire_camion,voiture,3,1,1,1,2
202400051057,2024-02-15 10:30:00,2024,2,15,10,30,75,75119,AVENUE JEAN JAURES,48.884854,2.378169,Plein jour,En agglomération,Hors intersection,Normale,Deux véhicules - côté,4,3,4,1,1,1,1,0,5,30,2,2,1,0,0,1,39.0,25.0,deux_roues,deux_roues,1,2,1,1,3
202400051058,2024-01-03 16:00:00,2024,1,3,16,0,08,08409,38 Boulevard Chanzy,49.703253,4.931043,Plein jour,En agglomération,Hors intersection,Normale,Autre collision,4,3,0,0,1,1,1,0,3,50,1,1,0,1,0,0,78.0,,utilitaire_camion,,1,2,1,1,6
202400051059,2024-01-03 12:15:00,2024,1,3,12,15,66,66136,,42.6810683,2.85925627,Plein jour,En agglomération,Intersection en T,Normale,Deux véhicules - côté,4,2,2,1,1,1,1,0,5,50,2,2,1,0,0,1,42.0,18.0,voiture,deux_roues,1,2,3,1,3
202400051059,2024-01-03 12:15:00,2024,1,3,12,15,66,66136,,42.6810683,2.85925627,Plein jour,En agglomération,Intersection en T,Normale,Deux véhicules - côté,4,2,2,0,1,1,1,0,1,50,2,2,1,0,0,1,42.0,18.0,voiture,deux_roues,1,2,3,1,3
202400051060,2024-06-09 12:30:00,2024,6,9,12,30,92,92025,HENRI BARBUSSE (AV),48.92154802,2.25264555,Plein jour,En agglomération,Hors intersection,Normale,Deux véhicules - côté,3,2,3,0,1,1,1,0,1,50,2,2,1,0,0,1,26.0,56.0,deux_roues,voiture,1,2,1,1,3
202400051061,2024-07-11 11:23:00,2024,7,11,11,23,93,93073,PASTEUR (AVENUE),48.941565,2.575527,Plein jour,En agglomération,Hors intersection,Normale,Deux véhicules - frontale,4,1,1,0,1,1,1,0,1,50,2,2,1,0,0,1,51.0,23.0,voiture,deux_roues,1,2,1,1,1
202400051062,2024-10-26 23:20:00,2024,10,26,23,20,94,94038,10 Rue Sainte Colombe,48.77733,2.358795,Nuit avec éclairage allumé,En agglomération,Hors intersection,Normale,Autre collision,4,2,2,0,1,1,1,0,1,50,1,2,1,0,0,1,25.0,,voiture,,5,2,1,1,6
202400051063,2024-05-03 17:35:00,2024,5,3,17,35,52,52421,Rue du Tertre,48.177036,5.161273,Plein jour,Hors agglomération,Hors intersection,Pluie forte,Autre collision,4,2,2,0,1,2,2,0,8,90,1,7,6,0,0,1,18.0,,voiture,,1,1,1,3,6
202400051064,2024-07-28 13:45:00,2024,7,28,13,45,78,78646,LOI (PLACE DE LA),48.81497,2.12872,Plein jour,En agglomération,Giratoire,Normale,Deux véhicules - côté,3,1,4,0,1,2,1,9,1,50,2,3,2,0,1,0,45.0,68.0,deux_roues,voiture,1,2,6,1,3
202400051064,2024-07-28 13:45:00,2024,7,28,13,45,78,78646,LOI (PLACE DE LA),48.81497,2.12872,Plein jour,En agglomération,Giratoire,Normale,Deux véhicules - côté,3,2, -1,-1,1,1,1,0,1,-1,2,3,2,0,1,0,45.0,68.0,deux_roues,voiture,1,2,6,1,3
202400051065,2024-12-03 18:15:00,2024,12,3,18,15,91,91037,AUTOROUTE A6,48.54011184,2.49841325,Nuit sans éclairage public,Hors agglomération,Hors intersection,Normale,Deux véhicules - côté,1,3,3,0,1,1,2,0,1,130,2,2,1,0,0,1,35.0,29.0,voiture,voiture,3,1,1,1,3
202400051066,2024-03-28 08:30:00,2024,3,28,8,30,91,91156,D449,48.551043,2.277198,Plein jour,Hors agglomération,Hors intersection,Temps couvert,Deux véhicules - côté,3,2,2,0,2,2,1,0,3,50,2,2,1,0,1,0,61.0,59.0,deux_roues,voiture,1,1,1,8,3
202400051067,2024-02-15 11:00:00,2024,2,15,11,0,75,75117,RUE JOUFFROY D ABBANS,48.882843,2.302968,Plein jour,En agglomération,Intersection en X,Normale,Autre collision,4,2, -1,-1,1,1,1,0,1,30,1,1,0,0,0,1,52.0,,voiture,,1,2,2,1,6
202400051067,2024-02-15 11:00:00,2024,2,15,11,0,75,75117,RUE JOUFFROY D ABBANS,48.882843,2.302968,Plein jour,En agglomération,Intersection en X,Normale,Autre collision,4,-1,2,0,1,1,1,0,1,30,1,1,0,0,0,1,52.0,,voiture,,1,2,2,1,6
202400051068,2024-01-03 20:42:00,2024,1,3,20,42,65,65440,Rue Georges Lassalle,43.2355,0.06528,Nuit avec éclairage allumé,En agglomération,Intersection en X,Normale,Deux véhicules - côté,4,2,2,0,1,1,1,0,1,50,2,2,1,0,0,1,,17.0,voiture,deux_roues,5,2,2,1,3
202400051068,2024-01-03 20:42:00,2024,1,3,20,42,65,65440,Rue Georges Lassalle,43.2355,0.06528,Nuit avec éclairage allumé,En agglomération,Intersection en X,Normale,Deux véhicules - côté,4,2,2,0,1,1,1,0,1,50,2,2,1,0,0,1,,17.0,voiture,deux_roues,5,2,2,1,3
202400051069,2024-05-05 09:40:00,2024,5,5,9,40,67,67388,Rue du General Koenig,48.931258,7.659622,Plein jour,En agglomération,Hors intersection,Pluie forte,Autre collision,4,2,2,0,1,1,2,0,1,50,1,2,1,0,0,1,62.0,,voiture,,1,2,1,3,6
202400051070,2024-07-06 20:45:00,2024,7,6,20,45,93,93051,RU DE NESLE (BOULEVARD),48.8356,2.58283,Crépuscule ou aube,Hors agglomération,Autre intersection,Normale,Sans collision,3,2,2,0,1,1,1,0,1,50,1,1,0,0,0,1,51.0,,deux_roues,,2,1,9,1,7
202400051071,2024-10-26 12:35:00,2024,10,26,12,35,94,94021,rue de la sécurité parisienne,48.76065043,2.36578146,Plein jour,En agglomération,Hors intersection,Normale,Autre collision,4,2,2,0,1,1,1,0,1,50,1,2,1,0,0,1,63.0,,voiture,,1,2,1,1,6
202400051072,2024-06-10 18:00:00,2024,6,10,18,0,92,92007,BRIAND (AVENUE ARISTIDE) N° 162 A 300,48.79603112,2.32167667,Plein jour,En agglomération,Autre intersection,Normale,Deux véhicules - arrière,3,3,0,0,1,1,1,0,1,50,2,2,1,0,0,1,31.0,42.0,voiture,deux_roues,1,2,9,1,2
202400051073,2024-12-03 11:10:00,2024,12,3,11,10,91,91645,N385,48.75998717,2.26095176,Plein jour,Hors agglomération,Hors intersection,Pluie légère,Deux véhicules - côté,2,3,4,0,2,1,2,0,1,90,2,2,1,0,0,1,21.0,31.0,deux_roues,utilitaire_camion,1,1,1,2,3
202400051074,2024-09-09 16:00:00,2024,9,9,16,0,44,44109,88 Boulevard Jules Verne,47.24086823,-1.53012424,Plein jour,En agglomération,Hors intersection,Normale,Autre collision,4,2,2,2,1,1,1,-1,1,50,1,2,1,0,0,1,81.0,,voiture,,1,2,1,1,6