accident_id,datetime,annee,mois,jour,heure,minute,departement,commune_insee,adresse,latitude,longitude,luminosite,agglomeration,intersection,meteo,collision,catr,circ,nbv,vosp,prof,plan,surf,infra,situ,vma,nb_vehicules,nb_usagers,nb_indemnes,nb_tues,nb_blesses_hosp,nb_blesses_legers,age_cond_1,age_cond_2,veh_type_cond_1,veh_type_cond_2,lum_code,agg_code,int_code,atm_code,col_code
202400051075,2024-08-16 08:30:00,2024,8,16,8,30,69,69275,409 Avenue Jean Jaurès,45.77104,4.9813,Plein jour,En agglomération,Hors intersection,Normale,Deux véhicules - côté,7,2,2,2,1,1,1,0,1,30,2,2,1,0,1,0,16.0,20.0,deux_roues,voiture,1,2,1,1,3
202400051076,2024-03-08 15:15:00,2024,3,8,15,15,67,67348,36 Rue de Selestat,48.460493,7.483572,Plein jour,En agglomération,Intersection en T,Normale,Deux véhicules - côté,4,1,1,0,1,1,1,0,1,30,2,2,1,0,0,1,61.0,30.0,deux_roues,voiture,1,2,3,1,3
202400051076,2024-03-08 15:15:00,2024,3,8,15,15,67,67348,36 Rue de Selestat,48.460493,7.483572,Plein jour,En agglomération,Intersection en T,Normale,Deux véhicules - côté,4,1,1,-1,1,1,1,0,1,-1,2,2,1,0,0,1,61.0,30.0,deux_roues,voiture,1,2,3,1,3
202400051077,2024-01-03 10:25:00,2024,1,3,10,25,64,64335,Parking CC carrefour Lescar,43.31691,-0.42725,Plein jour,En agglomération,Hors intersection,Normale,Autre collision,6,-1, -1,0,1,1,1,0,6,30,1,2,1,0,1,0,38.0,,voiture,,1,2,1,1,6
202400051078,2024-10-26 06:55:00,2024,10,26,6,55,94,94021,Rue du Pont des Halles,48.76116,2.34181,Nuit sans éclairage public,Hors agglomération,Hors intersection,Normale,Deux véhicules - frontale,4,1,3,0,1,2,2,0,1,50,2,2,1,0,0,1,41.0,,utilitaire_camion,voiture,3,1,1,1,1
202400051079,2024-05-05 13:40:00,2024,5,5,13,40,973,97309,Rue Bois d?Inde,4.89441265,-52.2862595,Plein jour,En agglomération,Intersection en X,Normale,Deux véhicules - côté,4,1, -1,-1,1,1,1,0,1,-1,2,2,1,0,0,1,38.0,51.0,deux_roues,utilitaire_camion,1,2,2,1,3
202400051079,2024-05-05 13:40:00,2024,5,5,13,40,973,97309,Rue Bois d?Inde,4.89441265,-52.2862595,Plein jour,En agglomération,Intersection en X,Normale,Deux véhicules - côté,4,2,2,0,1,1,1,0,1,50,2,2,1,0,0,1,38.0,51.0,deux_roues,utilitaire_camion,1,2,2,1,3
202400051080,2024-02-14 14:30:00,2024,2,14,14,30,75,75117,AVENUE DE LA PORTE DE CHAMPERRET,48.886441,2.285724,Plein jour,En agglomération,Hors intersection,Normale,Trois véhicules et plus - collisions multiples,4,2,5,1,1,1,1,0,1,30,4,5,3,0,0,2,37.0,26.0,voiture,utilitaire_camion,1,2,1,1,5
202400051081,2024-12-03 17:00:00,2024,12,3,17,0,94,94046,A86,48.80856288,2.44905786,Nuit sans éclairage public,Hors agglomération,Hors intersection,Normale,Deux véhicules - côté,1,1,8,0,1,1,1,0,1,90,2,2,1,0,0,1,23.0,28.0,voiture,voiture,3,1,1,1,3
202400051082,2024-07-12 09:04:00,2024,7,12,9,4,93,93063,Rue Mirabeau / Place Jean Moulin,48.87518325,2.44700795,Plein jour,En agglomération,Intersection en X,Pluie légère,Deux véhicules - côté,4,1,1,0,1,1,2,0,1,50,2,2,1,0,0,1,23.0,53.0,voiture,deux_roues,1,2,2,2,3
202400051083,2024-06-11 18:05:00,2024,6,11,18,5,60,60326,N31,49.402653,2.727208,Plein jour,Hors agglomération,Hors intersection,Normale,Trois véhicules et plus - collisions multiples,2,2,3,0,1,1,1,0,1,90,3,3,0,0,1,2,37.0,31.0,utilitaire_camion,voiture,1,1,1,1,5
202400051084,2024-01-03 19:48:00,2024,1,3,19,48,64,64102,RESPLANDY (AVENUE DU CAPITAINE),43.48729,-1.46317,Nuit avec éclairage allumé,En agglomération,Hors intersection,Normale,Deux véhicules - côté,4,2,2,0,1,3,1,0,1,30,2,2,1,0,0,1,17.0,25.0,deux_roues,voiture,5,2,1,1,3
202400051085,2024-08-16 21:15:00,2024,8,16,21,15,69,69276,1 Route de Lyon,45.67319,4.86031,Nuit avec éclairage allumé,En agglomération,Hors intersection,Normale,Deux véhicules - frontale,7,2,2,0,2,1,1,0,1,50,2,2,1,0,0,1,26.0,32.0,voiture,deux_roues,5,2,1,1,1
202400051086,2024-05-04 21:15:00,2024,5,4,21,15,36,36134,,46.37595245,1.44555218,Nuit sans éclairage public,Hors agglomération,Hors intersection,Pluie forte,Autre collision,1,3,4,0,2,1,2,0,1,110,1,3,1,0,0,2,32.0,,voiture,,3,1,1,3,6
202400051087,2024-05-23 17:10:00,2024,5,23,17,10,59,59324,BRIQUETERIE (RUE),50.30649,4.0931,Plein jour,En agglomération,Hors intersection,Pluie légère,Autre collision,4,2,2,0,1,1,2,0,1,50,1,2,1,0,0,1,20.0,,voiture,,1,2,1,2,6
202400051088,2024-10-25 14:30:00,2024,10,25,14,30,94,94073,2 Avenue du Luxembourg,48.75652591,2.3712573,Plein jour,Hors agglomération,Autre intersection,Normale,Deux véhicules - côté,6,-1, -1,0,1,1,1,9,8,30,2,2,1,0,0,1,54.0,25.0,voiture,voiture,1,1,9,1,3
202400051089,2024-12-03 09:07:00,2024,12,3,9,7,94,94034,A86,48.75979435,2.32184781,Plein jour,Hors agglomération,Hors intersection,Normale,Deux véhicules - côté,1,-1,3,0,1,1,1,0,1,90,2,2,1,0,0,1,22.0,21.0,voiture,deux_roues,1,1,1,1,3
202400051090,2024-07-12 07:16:00,2024,7,12,7,16,92,92051,"CHARLES DE GAULLE (AVENUE, N° 18 A 116)",48.88092,2.27238,Plein jour,En agglomération,Hors intersection,Pluie légère,Autre collision,2,3,0,0,1,1,2,0,1,50,1,2,1,0,0,1,,,utilitaire_camion,,1,2,1,2,6
202400051091,2024-01-02 20:15:00,2024,1,2,20,15,64,64102,LAHARIE (CHEMIN DE),43.50509,-1.46974,Nuit avec éclairage allumé,En agglomération,Hors intersection,Pluie légère,Sans collision,4,2,2,0,1,1,2,0,1,30,1,1,0,0,0,1,19.0,,deux_roues,,5,2,1,2,7
202400051092,2024-03-29 13:15:00,2024,3,29,13,15,88,88470,26 Route du Rain Brice,48.082761,6.774759,Plein jour,Hors agglomération,Intersection en T,Pluie légère,Trois véhicules et plus - collisions multiples,3,2,2,0,1,1,2,0,1,80,4,5,4,0,1,0,61.0,46.0,voiture,voiture,1,1,3,2,5
202400051092,2024-03-29 13:15:00,2024,3,29,13,15,88,88470,26 Route du Rain Brice,48.082761,6.774759,Plein jour,Hors agglomération,Intersection en T,Pluie légère,Trois véhicules et plus - collisions multiples,3,2,2,0,1,1,2,0,8,50,4,5,4,0,1,0,61.0,46.0,voiture,voiture,1,1,3,2,5
202400051093,2024-06-11 00:09:00,2024,6,11,0,9,60,60646,Rue de Dieppe,49.481946,2.041035,Nuit sans éclairage public,En agglomération,Hors intersection,Normale,Deux véhicules - frontale,3,2,2,0,1,1,2,0,1,50,2,2,1,0,0,1,25.0,,voiture,voiture,3,2,1,1,1
202400051094,2024-05-04 22:30:00,2024,5,4,22,30,45,45191,24 Avenue du Général de Gaulle,48.291374,2.405545,Nuit sans éclairage public,En agglomération,Hors intersection,Pluie légère,Autre collision,3,2,2,0,1,1,2,0,3,50,1,1,0,0,1,0,22.0,,voiture,,3,2,1,2,6
202400051095,2024-02-15 14:00:00,2024,2,15,14,0,75,75116,RUE ALFRED BRUNEAU,48.855422,2.276655,Plein jour,En agglomération,Intersection en T,Normale,Sans collision,4,2, -1,0,1,1,1,0,1,30,2,2,1,0,0,1,40.0,81.0,deux_roues,voiture,1,2,3,1,7
202400051095,2024-02-15 14:00:00,2024,2,15,14,0,75,75116,RUE ALFRED BRUNEAU,48.855422,2.276655,Plein jour,En agglomération,Intersection en T,Normale,Sans collision,4,2,2,0,1,1,1,0,1,30,2,2,1,0,0,1,40.0,81.0,deux_roues,voiture,1,2,3,1,7
202400051096,2024-10-26 21:00:00,2024,10,26,21,0,94,94011,Avenue de Paris,48.78067,2.47528,Nuit avec éclairage non allumé,En agglomération,Hors intersection,Normale,Autre collision,3,2,2,0,1,1,1,0,1,50,1,2,1,0,0,1,66.0,,voiture,,4,2,1,1,6
202400051097,2024-04-29 17:15:00,2024,4,29,17,15,59,59599,FAIDHERBE (RUE ),50.719,3.1602,Plein jour,En agglomération,Intersection en X,Normale,Deux véhicules - côté,4,2,2,1,1,1,1,0,5,50,2,2,1,0,0,1,15.0,37.0,deux_roues,voiture,1,2,2,1,3
202400051097,2024-04-29 17:15:00,2024,4,29,17,15,59,59599,FAIDHERBE (RUE ),50.719,3.1602,Plein jour,En agglomération,Intersection en X,Normale,Deux véhicules - côté,4,1,1,0,1,1,1,0,5,50,2,2,1,0,0,1,15.0,37.0,deux_roues,voiture,1,2,2,1,3
202400051098,2024-02-15 04:00:00,2024,2,15,4,0,75,75116,ROUTE DE LA MUETTE A NEUILLY,48.878462,2.259328,Nuit avec éclairage allumé,En agglomération,Hors intersection,Normale,Autre collision,4,2,2,0,1,3,1,0,1,50,1,1,0,0,1,0,22.0,,deux_roues,,5,2,1,1,6
202400051099,2024-03-28 17:20:00,2024,3,28,17,20,57,57443,Place de la Marjottee,49.223678,6.128008,Plein jour,En agglomération,Autre intersection,Temps éblouissant,Autre collision,3,2,2,0,2,1,1,0,1,30,1,2,1,0,0,1,49.0,,voiture,,1,2,9,7,6
202400051100,2024-12-03 08:00:00,2024,12,3,8,0,77,77258,A4.W,48.83079762,2.63464202,Crépuscule ou aube,Hors agglomération,Hors intersection,Normale,Deux véhicules - côté,1,3,5,0,1,1,1,0,1,110,2,2,1,0,0,1,21.0,32.0,voiture,deux_roues,2,1,1,1,3
202400051101,2024-01-03 15:50:00,2024,1,3,15,50,62,62263,Avenue de l'Hippodrome,50.29233,2.73174,Plein jour,En agglomération,Intersection en T,Pluie forte,Autre collision,4,2,2,0,1,1,2,0,1,30,1,2,1,0,0,1,61.0,,voiture,,1,2,3,3,6
202400051101,2024-01-03 15:50:00,2024,1,3,15,50,62,62263,Avenue de l'Hippodrome,50.29233,2.73174,Plein jour,En agglomération,Intersection en T,Pluie forte,Autre collision,4,2,2,0,1,1,2,0,8,30,1,2,1,0,0,1,61.0,,voiture,,1,2,3,3,6
202400051102,2024-08-16 20:15:00,2024,8,16,20,15,67,67482,VAUBAN (RUE),48.58074,7.7752,Nuit avec éclairage allumé,En agglomération,Intersection en T,Normale,Deux véhicules - côté,4,-1,2,3,1,1,1,6,8,5,2,2,1,0,0,1,33.0,17.0,voiture,deux_roues,5,2,3,1,3
202400051102,2024-08-16 20:15:00,2024,8,16,20,15,67,67482,VAUBAN (RUE),48.58074,7.7752,Nuit avec éclairage allumé,En agglomération,Intersection en T,Normale,Deux véhicules - côté,4,1,1,0,1,1,1,6,1,50,2,2,1,0,0,1,33.0,17.0,voiture,deux_roues,5,2,3,1,3
202400051103,2024-07-12 12:10:00,2024,7,12,12,10,92,92044,ARISTIDE BRIAND(RUE)51A83  54A96,48.89361704,2.29112247,Plein jour,En agglomération,Intersection en X,Temps couvert,Deux véhicules - côté,4,1,2,3,1,1,2,0,1,50,2,2,1,0,0,1,48.0,28.0,voiture,deux_roues,1,2,2,8,3
202400051103,2024-07-12 12:10:00,2024,7,12,12,10,92,92044,ARISTIDE BRIAND(RUE)51A83  54A96,48.89361704,2.29112247,Plein jour,En agglomération,Intersection en X,Temps couvert,Deux véhicules - côté,4,1,1,2,1,1,2,0,1,50,2,2,1,0,0,1,48.0,28.0,voiture,deux_roues,1,2,2,8,3
202400051104,2024-06-10 06:23:00,2024,6,10,6,23,2A,2A272,Sartène,41.624257,8.979907,Plein jour,Hors agglomération,Hors intersection,Temps couvert,Deux véhicules - frontale,3,2,2,0,1,2,2,0,1,80,2,3,2,0,1,0,52.0,57.0,utilitaire_camion,voiture,1,1,1,8,1
202400051105,2024-05-04 10:00:00,2024,5,4,10,0,78,78522,départementale 988,48.585664,1.981487,Plein jour,Hors agglomération,Intersection en X,Pluie légère,Deux véhicules - côté,3,3,1,0,1,1,2,0,1,80,2,2,0,0,1,1,36.0,85.0,voiture,voiture,1,1,2,2,3
202400051105,2024-05-04 10:00:00,2024,5,4,10,0,78,78522,départementale 988,48.585664,1.981487,Plein jour,Hors agglomération,Intersection en X,Pluie légère,Deux véhicules - côté,3,3,0,1,1,1,2,0,1,70,2,2,0,0,1,1,36.0,85.0,voiture,voiture,1,1,2,2,3
202400051106,2024-10-26 06:20:00,2024,10,26,6,20,94,94028,Rue Claude Nicolas Ledoux,48.766101,2.470445,Nuit avec éclairage allumé,En agglomération,Hors intersection,Normale,Autre collision,4,1,2,0,1,1,1,0,4,50,1,2,0,0,0,2,19.0,,voiture,,5,2,1,1,6
202400051107,2024-03-29 03:40:00,2024,3,29,3,40,63,63120,Route des Martres,45.67025625,3.19430575,Nuit sans éclairage public,Hors agglomération,Hors intersection,Pluie légère,Autre collision,3,2,2,0,2,1,2,0,1,80,1,1,0,0,0,1,20.0,,voiture,,3,1,1,2,6
202400051108,2024-09-16 12:50:00,2024,9,16,12,50,77,77031,place de la mairie,48.683169,2.923081,Plein jour,En agglomération,Hors intersection,Normale,Autre collision,4,2, -1,-1,2,1,1,0,1,-1,1,1,0,1,0,0,,,,,1,2,1,1,6
202400051109,2024-08-29 15:20:00,2024,8,29,15,20,38,38421,Avenue de la commune de Paris,45.18182,5.76815,Plein jour,En agglomération,Hors intersection,Normale,Deux véhicules - arrière,4,2, -1,1,1,1,1,0,1,-1,2,2,1,0,0,1,20.0,54.0,deux_roues,transport_commun,1,2,1,1,2
202400051110,2024-07-12 19:10:00,2024,7,12,19,10,92,92025,ROUGET DE L'ISLE (RUE),48.92058288,2.24976146,Plein jour,En agglomération,Hors intersection,Normale,Sans collision,4,1,2,1,1,1,1,0,1,30,1,1,0,0,1,0,76.0,,deux_roues,,1,2,1,1,7
202400051111,2024-02-15 17:35:00,2024,2,15,17,35,75,75115,AVENUE DE SUFFREN,48.849411,2.303767,Nuit avec éclairage allumé,En agglomération,Intersection en X,Normale,Deux véhicules - côté,4,2,4,2,1,1,1,0,1,30,2,2,1,0,0,1,76.0,76.0,voiture,deux_roues,5,2,2,1,3
202400051111,2024-02-15 17:35:00,2024,2,15,17,35,75,75115,AVENUE DE SUFFREN,48.849411,2.303767,Nuit avec éclairage allumé,En agglomération,Intersection en X,Normale,Deux véhicules - côté,4,2,4,2,1,1,1,0,1,30,2,2,1,0,0,1,76.0,76.0,voiture,deux_roues,5,2,2,1,3
202400051112,2024-08-16 20:32:00,2024,8,16,20,32,67,67482,AEROPOSTALE (RUE DE L ),48.551,7.772,Plein jour,En agglomération,Hors intersection,Normale,Deux véhicules - frontale,4,2,2,0,1,1,1,0,1,30,2,2,1,0,0,1,,16.0,deux_roues,deux_roues,1,2,1,1,1
202400051113,2024-05-05 16:00:00,2024,5,5,16,0,2B,2B199,RT 30,42.653294,9.035654,Plein jour,Hors agglomération,Hors intersection,Normale,Deux véhicules - côté,2,2,2,0,1,3,1,0,1,80,2,3,2,0,1,0,29.0,29.0,voiture,deux_roues,1,1,1,1,3
202400051114,2024-01-03 08:28:00,2024,1,3,8,28,60,60175,RD 201_PONT DE L'OISE_APLOMB PIERRE BLAN,49.24507,2.47702,Crépuscule ou aube,Hors agglomération,Hors intersection,Normale,Trois véhicules et plus - collisions multiples,3,2,0,0,1,1,1,0,1,80,3,3,0,1,0,2,71.0,20.0,voiture,voiture,2,1,1,1,5
202400051115,2024-06-10 17:08:00,2024,6,10,17,8,68,68315,Intersection rue du vieil armand et route de bollwiller,47.88222284,7.23373835,Plein jour,En agglomération,Intersection en T,Normale,Deux véhicules - côté,3,2,2,0,1,1,1,0,8,50,2,3,2,0,0,1,32.0,35.0,voiture,deux_roues,1,2,3,1,3
202400051115,2024-06-10 17:08:00,2024,6,10,17,8,68,68315,Intersection rue du vieil armand et route de bollwiller,47.88222284,7.23373835,Plein jour,En agglomération,Intersection en T,Normale,Deux véhicules - côté,3,2,2,0,1,1,1,0,1,50,2,3,2,0,0,1,32.0,35.0,voiture,deux_roues,1,2,3,1,3
202400051116,2024-03-28 08:45:00,2024,3,28,8,45,38,38200,239 Avenue Général Delestraint,45.096242,5.745973,Plein jour,En agglomération,Hors intersection,Normale,Deux véhicules - frontale,7,2,2,0,2,1,1,0,1,50,2,2,1,0,1,0,39.0,31.0,deux_roues,voiture,1,2,1,1,1
202400051117,2024-10-26 20:35:00,2024,10,26,20,35,93,93078,DAMBEL (AVENUE EMILE),48.95371,2.54922,Nuit avec éclairage allumé,En agglomération,Intersection en X,Normale,Deux véhicules - frontale,4,2,1,0,1,1,1,0,1,50,2,2,1,0,0,1,22.0,36.0,autre,voiture,5,2,2,1,1
202400051118,2024-09-20 23:56:00,2024,9,20,23,56,73,73179,D16a,45.59365139,5.88673729,Nuit sans éclairage public,Hors agglomération,Giratoire,Normale,Autre collision,3,3,2,1,1,1,1,0,3,50,1,1,0,0,1,0,44.0,,voiture,,3,1,6,1,6
202400051118,2024-09-20 23:56:00,2024,9,20,23,56,73,73179,D16a,45.59365139,5.88673729,Nuit sans éclairage public,Hors agglomération,Giratoire,Normale,Autre collision,3,3,2,0,1,1,1,5,8,70,1,1,0,0,1,0,44.0,,voiture,,3,1,6,1,6
202400051119,2024-07-22 12:50:00,2024,7,22,12,50,12,12145,LILAS,44.10436,3.07957,Plein jour,En agglomération,Intersection en X,Normale,Autre collision,4,1,1,0,1,1,1,0,1,30,1,2,1,0,0,1,38.0,,voiture,,1,2,2,1,6
202400051119,2024-07-22 12:50:00,2024,7,22,12,50,12,12145,LILAS,44.10436,3.07957,Plein jour,En agglomération,Intersection en X,Normale,Autre collision,4,2,2,0,1,1,1,0,1,30,1,2,1,0,0,1,38.0,,voiture,,1,2,2,1,6
202400051120,2024-02-15 14:55:00,2024,2,15,14,55,75,75114,RUE D ALESIA,48.829819,2.321189,Plein jour,En agglomération,Intersection en T,Normale,Sans collision,4,1, -1,-1,1,1,1,0,1,30,1,1,0,0,0,1,60.0,,deux_roues,,1,2,3,1,7
202400051120,2024-02-15 14:55:00,2024,2,15,14,55,75,75114,RUE D ALESIA,48.829819,2.321189,Plein jour,En agglomération,Intersection en T,Normale,Sans collision,4,2,3,2,1,1,1,0,1,30,1,1,0,0,0,1,60.0,,deux_roues,,1,2,3,1,7
202400051121,2024-07-12 17:25:00,2024,7,12,17,25,92,92004,DOCTEUR DERVAUX  ( QUAI DU ),48.91114456,2.29880315,Plein jour,En agglomération,Intersection en X,Normale,Deux véhicules - côté,3,4,4,0,1,1,1,5,1,50,2,2,1,0,0,1,22.0,51.0,deux_roues,voiture,1,2,2,1,3
202400051121,2024-07-12 17:25:00,2024,7,12,17,25,92,92004,DOCTEUR DERVAUX  ( QUAI DU ),48.91114456,2.29880315,Plein jour,En agglomération,Intersection en X,Normale,Deux véhicules - côté,3,4,4,0,1,1,1,5,1,50,2,2,1,0,0,1,22.0,51.0,deux_roues,voiture,1,2,2,1,3
202400051122,2024-06-11 16:00:00,2024,6,11,16,0,01,01379,131 Allee des Tilleuls,45.957587,5.274666,Plein jour,En agglomération,Hors intersection,Normale,Autre collision,4,2,2,0,1,1,1,0,3,50,1,1,0,0,0,1,15.0,,deux_roues,,1,2,1,1,6
202400051123,2024-01-01 04:35:00,2024,1,1,4,35,59,59178,Rue d’Aniche,50.36441,3.09596,Nuit avec éclairage allumé,En agglomération,Hors intersection,Temps couvert,Autre collision,3,2,2,0,1,1,2,0,4,50,1,2,0,0,2,0,27.0,,voiture,,5,2,1,8,6
202400051124,2024-08-16 08:45:00,2024,8,16,8,45,66,66136,,42.69431,2.85132,Plein jour,Hors agglomération,Giratoire,Normale,Deux véhicules - côté,3,2,2,0,1,1,1,0,1,50,2,2,1,0,1,0,45.0,77.0,utilitaire_camion,deux_roues,1,1,6,1,3
202400051124,2024-08-16 08:45:00,2024,8,16,8,45,66,66136,,42.69431,2.85132,Plein jour,Hors agglomération,Giratoire,Normale,Deux véhicules - côté,3,1,2,0,1,2,1,0,1,50,2,2,1,0,1,0,45.0,77.0,utilitaire_camion,deux_roues,1,1,6,1,3
202400051125,2024-03-28 06:51:00,2024,3,28,6,51,09,09269,d117,42.994021,1.546379,Crépuscule ou aube,Hors agglomération,Hors intersection,Normale,Autre collision,3,2,2,0,2,3,2,0,3,70,1,1,0,1,0,0,23.0,,voiture,,2,1,1,1,6
202400051126,2024-05-04 21:45:00,2024,5,4,21,45,2B,2B199,RT 30,42.65312,9.043508,Nuit sans éclairage public,Hors agglomération,Hors intersection,Normale,Deux véhicules - frontale,2,2,2,0,2,1,1,0,1,70,2,3,1,0,0,2,24.0,19.0,utilitaire_camion,voiture,3,1,1,1,1
202400051127,2024-12-03 08:59:00,2024,12,3,8,59,988,98818,ECHANGEUR BONAPARTE,-22.24204,166.45676,Plein jour,En agglomération,Hors intersection,Normale,Deux véhicules - frontale,4,2,2,0,2,1,1,0,1,50,2,3,0,0,0,3,27.0,62.0,utilitaire_camion,utilitaire_camion,1,2,1,1,1
202400051128,2024-10-26 20:00:00,2024,10,26,20,0,93,93066,PORTE DE PARIS (PLACE),48.92977402,2.35649765,Nuit sans éclairage public,En agglomération,Intersection en X,Normale,Deux véhicules - frontale,4,1, -1,-1,1,1,1,0,1,-1,2,2,1,0,0,1,33.0,27.0,deux_roues,voiture,3,2,2,1,1
202400051128,2024-10-26 20:00:00,2024,10,26,20,0,93,93066,PORTE DE PARIS (PLACE),48.92977402,2.35649765,Nuit sans éclairage public,En agglomération,Intersection en X,Normale,Deux véhicules - frontale,4,4,2,1,1,1,1,0,1,50,2,2,1,0,0,1,33.0,27.0,deux_roues,voiture,3,2,2,1,1
202400051129,2024-02-15 09:15:00,2024,2,15,9,15,75,75110,RUE DU FAUBOURG SAINT MARTIN,48.87667,2.360906,Plein jour,En agglomération,Hors intersection,Normale,Autre collision,4,2,3,1,1,1,1,0,1,30,1,2,1,0,0,1,60.0,,deux_roues,,1,2,1,1,6
202400051130,2024-09-06 09:00:00,2024,9,6,9,0,44,44109,118 Boulevard de Doulon,47.22723531,-1.52455803,Crépuscule ou aube,En agglomération,Hors intersection,Normale,Deux véhicules - côté,4,2,2,2,1,1,1,-1,1,50,2,2,1,0,0,1,71.0,49.0,voiture,deux_roues,2,2,1,1,3
202400051131,2024-06-08 22:10:00,2024,6,8,22,10,83,83031,Échangeur entre A8 et A 57 (Embranchement d'autoroute),43.398476,6.358289,Nuit sans éclairage public,Hors agglomération,Hors intersection,Normale,Autre collision,1,1,3,0,1,3,1,3,1,50,1,2,0,0,0,2,32.0,,voiture,,3,1,1,1,6
202400051132,2024-01-02 17:50:00,2024,1,2,17,50,57,57672,HORTICULTEURS (RUE DES),49.35317,6.14623,Nuit avec éclairage allumé,En agglomération,Hors intersection,Pluie forte,Autre collision,4,2,2,0,1,1,2,0,1,30,1,2,1,0,0,1,35.0,,utilitaire_camion,,5,2,1,3,6
202400051133,2024-08-16 07:20:00,2024,8,16,7,20,66,66136,Départementale  617,42.70816012,2.91104168,Plein jour,En agglomération,Hors intersection,Normale,Deux véhicules - arrière,3,1,1,0,1,1,1,0,1,90,2,2,1,0,0,1,26.0,76.0,voiture,voiture,1,2,1,1,2
202400051134,2024-07-12 00:19:00,2024,7,12,0,19,92,92004,ARGENTEUIL AV D',48.92197271,2.27750051,Nuit avec éclairage allumé,En agglomération,Hors intersection,Pluie légère,Autre collision,3,-1,2,0,1,1,2,0,1,50,1,5,0,0,5,0,18.0,,voiture,,5,2,1,2,6
202400051135,2024-05-04 14:23:00,2024,5,4,14,23,67,67520,Rue de Romanswiller,48.638531,7.431033,Plein jour,En agglomération,Giratoire,Normale,Sans collision,3,2,2,0,1,3,1,0,4,50,1,2,1,0,0,1,24.0,,voiture,,1,2,6,1,7
202400051136,2024-12-02 19:40:00,2024,12,2,19,40,973,97302,SUZINI (CARREFOUR),4.92729,-52.28996,Nuit avec éclairage allumé,En agglomération,Giratoire,Normale,Deux véhicules - côté,3,4,2,0,1,3,1,0,1,50,2,2,1,0,0,1,22.0,42.0,voiture,deux_roues,5,2,6,1,3
202400051137,2024-06-07 14:45:00,2024,6,7,14,45,972,97225,N2,14.748354,-61.171553,Plein jour,En agglomération,Hors intersection,Normale,Autre collision,2,2,2,0,2,2,1,0,1,50,1,1,0,0,1,0,56.0,,deux_roues,,1,2,1,1,6
202400051138,2024-10-25 23:45:00,2024,10,25,23,45,93,93045,EGALITE RUE DE L',48.88175,2.41289,Nuit avec éclairage allumé,En agglomération,Hors intersection,Normale,Autre collision,4,1,1,0,2,1,1,0,1,30,2,3,2,0,0,1,2.0,24.0,deux_roues,voiture,5,2,1,1,6
202400051139,2024-01-02 17:25:00,2024,1,2,17,25,57,57672,GENERAL DE CASTELNAU (RUE DU),49.35463,6.16287,Nuit avec éclairage allumé,En agglomération,Hors intersection,Pluie forte,Autre collision,4,2,2,0,1,1,2,0,1,50,1,2,1,0,1,0,52.0,,voiture,,5,2,1,3,6
202400051140,2024-08-16 16:45:00,2024,8,16,16,45,64,64122,ROND POINT DE L EUROPE,43.48091,-1.54119,Plein jour,En agglomération,Autre intersection,Normale,Sans collision,4,1,2,0,1,2,1,0,1,50,1,1,0,0,0,1,35.0,,deux_roues,,1,2,9,1,7
202400051141,2024-02-14 20:50:00,2024,2,14,20,50,75,75108,AVENUE MATIGNON,48.869436,2.31092,Nuit avec éclairage allumé,En agglomération,Place,Normale,Deux véhicules - côté,4,1,3,3,1,1,1,0,6,30,2,2,1,0,0,1,22.0,57.0,deux_roues,voiture,5,2,7,1,3
202400051141,2024-02-14 20:50:00,2024,2,14,20,50,75,75108,AVENUE MATIGNON,48.869436,2.31092,Nuit avec éclairage allumé,En agglomération,Place,Normale,Deux véhicules - côté,4,1, -1,-1,1,1,1,0,6,30,2,2,1,0,0,1,22.0,57.0,deux_roues,voiture,5,2,7,1,3
202400051142,2024-07-13 11:40:00,2024,7,13,11,40,14,14713,1124 Route de la Raite,49.027913,-0.467791,Plein jour,Hors agglomération,Hors intersection,Normale,Sans collision,4,2,2,0,1,2,1,0,1,80,1,1,0,1,0,0,61.0,,deux_roues,,1,1,1,1,7
202400051143,2024-07-22 18:28:00,2024,7,22,18,28,74,74012,DE GAULLE (AVENUE CHARLES),46.18379,6.24679,Plein jour,En agglomération,Hors intersection,Normale,Deux véhicules - arrière,4,2,2,1,1,1,1,0,1,50,2,2,1,0,0,1,51.0,19.0,utilitaire_camion,voiture,1,2,1,1,2
202400051144,2024-01-03 08:01:00,2024,1,3,8,1,57,57606,LORRAINE (BOULEVARD DE),49.10494588,6.70497537,Crépuscule ou aube,En agglomération,Hors intersection,Pluie légère,Sans collision,4,2,2,0,1,1,2,0,1,50,1,2,1,0,1,0,39.0,,utilitaire_camion,,2,2,1,2,7
202400051145,2024-06-09 08:13:00,2024,6,9,8,13,972,97205,N2,14.655423,-61.146491,Plein jour,Hors agglomération,Hors intersection,Normale,Autre collision,2,2,2,0,2,1,1,0,3,80,1,3,1,0,1,1,20.0,,voiture,,1,1,1,1,6
202400051146,2024-10-26 18:15:00,2024,10,26,18,15,93,93077,LAENNEC (RUE),48.88127,2.49512,Crépuscule ou aube,En agglomération,Hors intersection,Normale,Deux véhicules - arrière,3,1,0,0,1,1,1,0,1,50,2,3,2,0,0,1,38.0,28.0,voiture,voiture,2,2,1,1,2
202400051147,2024-03-29 15:20:00,2024,3,29,15,20,27,27123,RN 13 pk 012+900,49.012203,1.306858,Plein jour,Hors agglomération,Hors intersection,Normale,Autre collision,2,2,1,0,1,1,2,0,1,70,3,12,1,1,4,6,58.0,36.0,voiture,voiture,1,1,1,1,6