accident_id,datetime,annee,mois,jour,heure,minute,departement,commune_insee,adresse,latitude,longitude,luminosite,agglomeration,intersection,meteo,collision,catr,circ,nbv,vosp,prof,plan,surf,infra,situ,vma,nb_vehicules,nb_usagers,nb_indemnes,nb_tues,nb_blesses_hosp,nb_blesses_legers,age_cond_1,age_cond_2,veh_type_cond_1,veh_type_cond_2,lum_code,agg_code,int_code,atm_code,col_code
202400051299,2024-10-26 17:00:00,2024,10,26,17,0,63,63448,D999,45.47932644,3.48878853,Plein jour,Hors agglomération,Hors intersection,Pluie légère,Autre collision,3,2,2,0,2,3,2,0,3,90,1,2,1,0,0,1,70.0,,utilitaire_camion,,1,1,1,2,6
202400051300,2024-12-02 15:20:00,2024,12,2,15,20,64,64445,UNIVERSITE DE L',43.31154,-0.36528,Plein jour,En agglomération,Hors intersection,Pluie légère,Deux véhicules - arrière,4,3,4,0,1,1,2,0,1,50,2,2,1,0,0,1,92.0,21.0,voiture,voiture,1,2,1,2,2
202400051301,2024-06-11 08:30:00,2024,6,11,8,30,34,34074,D20,43.448664,3.016228,Plein jour,Hors agglomération,Hors intersection,Normale,Sans collision,3,-1,2,0,1,1,1,0,3,80,1,3,0,0,3,0,31.0,,voiture,,1,1,1,1,7
202400051302,2024-02-14 15:30:00,2024,2,14,15,30,92,92024,CLICHY (QUAI DE) DE (8 A 60),48.90825332,2.2998096,Plein jour,En agglomération,Hors intersection,Normale,Autre collision,3,2,5,0,1,1,1,0,1,50,1,2,1,1,0,0,24.0,,utilitaire_camion,,1,2,1,1,6
202400051303,2024-01-03 21:00:00,2024,1,3,21,0,75,75120,RUE DE BAGNOLET,48.863752,2.40767,Nuit avec éclairage allumé,En agglomération,Intersection en T,Pluie légère,Deux véhicules - côté,4,1, -1,-1,1,1,2,0,1,30,2,3,2,0,0,1,27.0,56.0,voiture,deux_roues,5,2,3,2,3
202400051303,2024-01-03 21:00:00,2024,1,3,21,0,75,75120,RUE DE BAGNOLET,48.863752,2.40767,Nuit avec éclairage allumé,En agglomération,Intersection en T,Pluie légère,Deux véhicules - côté,4,3,3,0,1,1,2,0,1,30,2,3,2,0,0,1,27.0,56.0,voiture,deux_roues,5,2,3,2,3
202400051304,2024-07-12 01:25:00,2024,7,12,1,25,89,89190,D606,47.526917,3.795433,Nuit sans éclairage public,Hors agglomération,Intersection en T,Pluie légère,Autre collision,3,2,2,0,1,3,2,5,1,90,1,1,0,0,1,0,31.0,,voiture,,3,1,3,2,6
202400051304,2024-07-12 01:25:00,2024,7,12,1,25,89,89190,D606,47.526917,3.795433,Nuit sans éclairage public,Hors agglomération,Intersection en T,Pluie légère,Autre collision,3,2,2,-1,1,1,2,5,1,90,1,1,0,0,1,0,31.0,,voiture,,3,1,3,2,6
202400051305,2024-08-15 20:55:00,2024,8,15,20,55,34,34172,TOULOUSE (AVENUE DE,43.59527,3.86197,Nuit avec éclairage allumé,En agglomération,Hors intersection,Pluie forte,Autre collision,4,2,4,3,2,1,2,0,1,50,1,2,0,1,0,1,26.0,,deux_roues,,5,2,1,3,6
202400051306,2024-01-18 21:05:00,2024,1,18,21,5,74,74133,LIBERATION (RUE DE LA),46.19,6.211,Nuit avec éclairage allumé,En agglomération,Intersection en X,Pluie forte,Deux véhicules - côté,4,2,2,0,1,1,2,5,1,50,2,2,1,0,0,1,17.0,25.0,deux_roues,voiture,5,2,2,3,3
202400051306,2024-01-18 21:05:00,2024,1,18,21,5,74,74133,LIBERATION (RUE DE LA),46.19,6.211,Nuit avec éclairage allumé,En agglomération,Intersection en X,Pluie forte,Deux véhicules - côté,4,2,2,0,1,1,2,5,1,50,2,2,1,0,0,1,17.0,25.0,deux_roues,voiture,5,2,2,3,3
202400051306,2024-01-18 21:05:00,2024,1,18,21,5,74,74133,LIBERATION (RUE DE LA),46.19,6.211,Nuit avec éclairage allumé,En agglomération,Intersection en X,Pluie forte,Deux véhicules - côté,4,2,2,0,1,1,2,5,1,50,2,2,1,0,0,1,17.0,25.0,deux_roues,voiture,5,2,2,3,3
202400051307,2024-09-20 18:25:00,2024,9,20,18,25,83,83137,CARNOT (AVE LAZARE),43.12752137,5.92495197,Plein jour,En agglomération,Hors intersection,Normale,Deux véhicules - côté,4,2,2,0,2,1,1,0,8,50,2,3,1,0,0,2,47.0,86.0,transport_commun,voiture,1,2,1,1,3
202400051308,2024-05-03 15:48:00,2024,5,3,15,48,973,97302,CATAYEE (JUSTIN),4.94225827,-52.33127654,Plein jour,En agglomération,Intersection en T,Normale,Deux véhicules - côté,4,1,1,0,1,1,1,0,1,50,2,3,1,0,0,2,42.0,10.0,voiture,deux_roues,1,2,3,1,3
202400051308,2024-05-03 15:48:00,2024,5,3,15,48,973,97302,CATAYEE (JUSTIN),4.94225827,-52.33127654,Plein jour,En agglomération,Intersection en T,Normale,Deux véhicules - côté,4,1,1,0,1,1,1,0,8,50,2,3,1,0,0,2,42.0,10.0,voiture,deux_roues,1,2,3,1,3
202400051309,2024-05-29 15:30:00,2024,5,29,15,30,22,22284,Pont Nezen,48.411001,-3.092737,Plein jour,Hors agglomération,Hors intersection,Normale,Autre collision,3,2,2,0,1,1,1,0,3,80,1,1,0,0,0,1,73.0,,voiture,,1,1,1,1,6
202400051310,2024-01-02 19:50:00,2024,1,2,19,50,75,75117,BOULEVARD GOUVION SAINT CYR,48.88128,2.285691,Nuit avec éclairage allumé,En agglomération,Intersection en Y,Pluie légère,Autre collision,4,-1,1,0,1,1,2,0,1,30,1,1,0,0,0,1,35.0,,deux_roues,,5,2,4,2,6
202400051310,2024-01-02 19:50:00,2024,1,2,19,50,75,75117,BOULEVARD GOUVION SAINT CYR,48.88128,2.285691,Nuit avec éclairage allumé,En agglomération,Intersection en Y,Pluie légère,Autre collision,4,1, -1,0,1,1,2,0,1,30,1,1,0,0,0,1,35.0,,deux_roues,,5,2,4,2,6
202400051311,2024-12-01 11:35:00,2024,12,1,11,35,64,64445,CARNOT,43.30149,-0.36921,Plein jour,En agglomération,Intersection en X,Normale,Deux véhicules - côté,4,2,2,1,1,1,1,0,5,50,2,2,1,0,0,1,59.0,18.0,voiture,deux_roues,1,2,2,1,3
202400051311,2024-12-01 11:35:00,2024,12,1,11,35,64,64445,CARNOT,43.30149,-0.36921,Plein jour,En agglomération,Intersection en X,Normale,Deux véhicules - côté,4,2,2,1,1,1,1,0,1,50,2,2,1,0,0,1,59.0,18.0,voiture,deux_roues,1,2,2,1,3
202400051311,2024-12-01 11:35:00,2024,12,1,11,35,64,64445,CARNOT,43.30149,-0.36921,Plein jour,En agglomération,Intersection en X,Normale,Deux véhicules - côté,4,2, -1,-1,1,1,1,0,1,-1,2,2,1,0,0,1,59.0,18.0,voiture,deux_roues,1,2,2,1,3
202400051312,2024-07-13 11:15:00,2024,7,13,11,15,63,63380,Rue Barberoux,45.589694,2.993093,Plein jour,En agglomération,Hors intersection,Normale,Autre collision,3,2,2,0,2,1,1,0,1,50,1,2,0,1,1,0,69.0,,voiture,,1,2,1,1,6
202400051313,2024-02-14 14:09:00,2024,2,14,14,9,92,92024,JEAN JAURES (BD) DE 47 A 109)   (56 A 14,48.90369718,2.30322415,Plein jour,En agglomération,Intersection en Y,Pluie légère,Deux véhicules - côté,3,1,3,0,1,1,2,0,5,30,2,2,1,0,0,1,28.0,,deux_roues,autre,1,2,4,2,3
202400051313,2024-02-14 14:09:00,2024,2,14,14,9,92,92024,JEAN JAURES (BD) DE 47 A 109)   (56 A 14,48.90369718,2.30322415,Plein jour,En agglomération,Intersection en Y,Pluie légère,Deux véhicules - côté,3,1,3,1,1,1,2,0,5,50,2,2,1,0,0,1,28.0,,deux_roues,autre,1,2,4,2,3
202400051314,2024-01-24 17:30:00,2024,1,24,17,30,74,74012,COURRIARD (RUE MARC),46.19127,6.23428,Plein jour,En agglomération,Hors intersection,Normale,Deux véhicules - côté,4,1,1,1,1,1,1,0,5,50,2,2,1,0,0,1,36.0,65.0,deux_roues,voiture,1,2,1,1,3
202400051315,2024-08-17 00:15:00,2024,8,17,0,15,33,33063,,44.8306,-0.55457,Nuit avec éclairage allumé,En agglomération,Autre intersection,Normale,Deux véhicules - côté,4,1,2,0,1,1,1,9,1,50,2,5,4,0,0,1,75.0,31.0,voiture,deux_roues,5,2,9,1,3
202400051316,2024-12-01 20:51:00,2024,12,1,20,51,64,64024,BAYONNE (AVENUE DE),43.48219,-1.5079,Nuit avec éclairage allumé,En agglomération,Hors intersection,Normale,Sans collision,3,3,4,3,1,1,1,0,6,30,1,1,0,0,0,1,53.0,,deux_roues,,5,2,1,1,7
202400051317,2024-09-17 10:40:00,2024,9,17,10,40,83,83129,FONT DE FILLOL (RC ET T),43.09782,5.82592,Plein jour,En agglomération,Giratoire,Normale,Autre collision,4,-1,2,0,1,1,1,5,1,50,2,2,1,0,0,1,89.0,39.0,voiture,deux_roues,1,2,6,1,6
202400051317,2024-09-17 10:40:00,2024,9,17,10,40,83,83129,FONT DE FILLOL (RC ET T),43.09782,5.82592,Plein jour,En agglomération,Giratoire,Normale,Autre collision,4,1,1,0,1,1,1,5,1,50,2,2,1,0,0,1,89.0,39.0,voiture,deux_roues,1,2,6,1,6
202400051318,2024-05-03 12:15:00,2024,5,3,12,15,973,97302,BADUEL (ROUTE DE),4.93552714,-52.31290269,Plein jour,En agglomération,Hors intersection,Pluie forte,Deux véhicules - côté,3,2,2,0,1,1,2,0,1,50,2,2,1,0,0,1,30.0,20.0,voiture,deux_roues,1,2,1,3,3
202400051319,2024-06-07 19:45:00,2024,6,7,19,45,44,44072,,47.447942,-2.280006,Crépuscule ou aube,Hors agglomération,Hors intersection,Normale,Deux véhicules - arrière,3,2,2,0,1,1,1,0,1,80,2,2,0,0,0,2,59.0,53.0,voiture,voiture,2,1,1,1,2
202400051320,2024-07-12 19:15:00,2024,7,12,19,15,55,55365,le haut-paquis,49.39531,5.256422,Plein jour,Hors agglomération,Hors intersection,Temps couvert,Sans collision,9,-1,1,0,2,1,6,0,8,30,1,1,0,0,1,0,18.0,,deux_roues,,1,1,1,8,7
202400051321,2024-01-03 10:30:00,2024,1,3,10,30,75,75115,RUE DE VAUGIRARD,48.840165,2.303405,Plein jour,En agglomération,Hors intersection,Pluie forte,Deux véhicules - côté,4,1,2,1,1,1,2,0,5,30,2,2,1,0,0,1,34.0,33.0,deux_roues,voiture,1,2,1,3,3
202400051322,2024-10-27 18:00:00,2024,10,27,18,0,68,68306,D10b,47.52410542,7.1770841,Nuit sans éclairage public,Hors agglomération,Hors intersection,Normale,Trois véhicules et plus - collisions multiples,3,2,2,0,1,1,1,0,1,80,5,5,1,0,1,3,15.0,29.0,deux_roues,voiture,3,1,1,1,5
202400051323,2024-01-23 07:30:00,2024,1,23,7,30,74,74131,60 route du grand pont,46.0197084,5.93292207,Nuit sans éclairage public,En agglomération,Hors intersection,Normale,Autre collision,3,2,2,0,1,1,1,9,1,30,1,2,1,0,1,0,41.0,,voiture,,3,2,1,1,6
202400051324,2024-02-15 09:20:00,2024,2,15,9,20,92,92023,PORTE DE TRIVAUX (RUE DE) N°57 A 197 ET,48.7866095,2.2446202,Plein jour,En agglomération,Hors intersection,Normale,Deux véhicules - côté,3,2,2,1,1,1,1,0,1,50,2,2,1,0,0,1,60.0,59.0,voiture,deux_roues,1,2,1,1,3
202400051325,2024-07-12 00:35:00,2024,7,12,0,35,12,12107,Route de rodez,44.363087,2.900133,Nuit sans éclairage public,Hors agglomération,Hors intersection,Normale,Autre collision,3,2,2,0,1,1,1,0,1,80,1,1,0,0,1,0,23.0,,voiture,,3,1,1,1,6
202400051326,2024-12-02 07:25:00,2024,12,2,7,25,59,59560,Rue Roger Bouvry,50.54906,3.02889,Nuit avec éclairage allumé,En agglomération,Intersection en X,Normale,Autre collision,7,2,2,0,1,1,1,0,1,50,1,2,1,0,0,1,26.0,,voiture,,5,2,2,1,6
202400051326,2024-12-02 07:25:00,2024,12,2,7,25,59,59560,Rue Roger Bouvry,50.54906,3.02889,Nuit avec éclairage allumé,En agglomération,Intersection en X,Normale,Autre collision,7,2,2,0,1,1,1,0,1,50,1,2,1,0,0,1,26.0,,voiture,,5,2,2,1,6
202400051327,2024-06-08 07:20:00,2024,6,8,7,20,29,29160,Route de Lesneven,48.51480462,-4.40793435,Plein jour,Hors agglomération,Hors intersection,Normale,Autre collision,3,2,2,0,2,1,1,0,1,80,1,2,0,0,0,2,26.0,,voiture,,1,1,1,1,6
202400051328,2024-10-27 15:25:00,2024,10,27,15,25,68,68155,D11ii,48.098196,7.296274,Plein jour,Hors agglomération,Hors intersection,Normale,Sans collision,3,2,2,0,1,1,1,0,1,80,1,1,0,0,1,0,16.0,,deux_roues,,1,1,1,1,7
202400051329,2024-01-17 14:50:00,2024,1,17,14,50,74,74019,Route de montava,45.941646,6.132839,Plein jour,En agglomération,Hors intersection,Pluie légère,Autre collision,4,2,2,0,1,1,2,0,1,50,1,1,0,0,0,1,88.0,,voiture,,1,2,1,2,6
202400051330,2024-01-03 08:20:00,2024,1,3,8,20,75,75115,BOULEVARD PASTEUR,48.84338724,2.31197298,Plein jour,En agglomération,Hors intersection,Pluie légère,Deux véhicules - côté,4,1,1,1,1,1,2,0,1,30,2,2,1,0,0,1,52.0,59.0,voiture,deux_roues,1,2,1,2,3
202400051331,2024-05-03 07:45:00,2024,5,3,7,45,973,97302,14 ET 22 JUIN 1962,4.93451,-52.32728,Plein jour,En agglomération,Hors intersection,Normale,Autre collision,4,2,2,0,1,1,1,0,1,50,1,2,1,0,0,1,24.0,,voiture,,1,2,1,1,6
202400051332,2024-08-16 19:45:00,2024,8,16,19,45,33,33522,,44.8029,-0.58932,Plein jour,En agglomération,Intersection en X,Normale,Sans collision,4,1,1,2,1,1,1,-1,1,30,2,2,1,0,0,1,41.0,19.0,deux_roues,autre,1,2,2,1,7
202400051332,2024-08-16 19:45:00,2024,8,16,19,45,33,33522,,44.8029,-0.58932,Plein jour,En agglomération,Intersection en X,Normale,Sans collision,4,2,2,1,1,1,1,0,1,30,2,2,1,0,0,1,41.0,19.0,deux_roues,autre,1,2,2,1,7
202400051333,2024-09-21 19:42:00,2024,9,21,19,42,80,80021,Rue des Vergeaux,49.8939755,2.29735628,Crépuscule ou aube,En agglomération,Hors intersection,Normale,Deux véhicules - côté,4,2,2,0,1,1,1,0,1,50,2,2,1,0,0,1,32.0,27.0,voiture,deux_roues,2,2,1,1,3
202400051334,2024-02-14 13:15:00,2024,2,14,13,15,92,92036,AULAGNIER ( QUAI ),48.91978153,2.32252336,Plein jour,En agglomération,Intersection à plus de 4 branches,Temps couvert,Deux véhicules - frontale,3,1,4,0,1,1,2,0,1,50,2,2,1,0,0,1,23.0,54.0,voiture,voiture,1,2,5,8,1
202400051334,2024-02-14 13:15:00,2024,2,14,13,15,92,92036,AULAGNIER ( QUAI ),48.91978153,2.32252336,Plein jour,En agglomération,Intersection à plus de 4 branches,Temps couvert,Deux véhicules - frontale,3,1,4,0,1,1,2,0,1,70,2,2,1,0,0,1,23.0,54.0,voiture,voiture,1,2,5,8,1
202400051335,2024-10-25 17:15:00,2024,10,25,17,15,39,39441,,46.474325,6.02922,Plein jour,Hors agglomération,Hors intersection,Normale,Sans collision,3,2,2,0,2,4,2,0,1,80,1,1,0,0,1,0,42.0,,deux_roues,,1,1,1,1,7
202400051336,2024-07-11 17:05:00,2024,7,11,17,5,68,68148,Rue Principale,47.602434,7.33368,Plein jour,En agglomération,Intersection en X,Normale,Deux véhicules - frontale,3,2,2,0,1,1,1,0,1,-1,2,2,1,0,1,0,56.0,25.0,deux_roues,voiture,1,2,2,1,1
202400051336,2024-07-11 17:05:00,2024,7,11,17,5,68,68148,Rue Principale,47.602434,7.33368,Plein jour,En agglomération,Intersection en X,Normale,Deux véhicules - frontale,3,2, -1,-1,1,1,1,0,1,-1,2,2,1,0,1,0,56.0,25.0,deux_roues,voiture,1,2,2,1,1
202400051337,2024-05-03 02:30:00,2024,5,3,2,30,973,97302,PREVOT (ERNEST),4.93260083,-52.33272099,Nuit avec éclairage allumé,En agglomération,Hors intersection,Normale,Sans collision,4,1,2,0,4,1,2,0,1,50,1,2,0,0,0,2,23.0,,deux_roues,,5,2,1,1,7
202400051338,2024-12-01 05:37:00,2024,12,1,5,37,59,59350,Place de Strasbourg,50.63371,3.05516,Nuit avec éclairage allumé,En agglomération,Intersection en X,Normale,Deux véhicules - côté,4,3,1,1,1,1,1,0,1,30,2,2,1,0,0,1,53.0,25.0,voiture,voiture,5,2,2,1,3
202400051338,2024-12-01 05:37:00,2024,12,1,5,37,59,59350,Place de Strasbourg,50.63371,3.05516,Nuit avec éclairage allumé,En agglomération,Intersection en X,Normale,Deux véhicules - côté,4,3,1,1,1,1,1,9,1,30,2,2,1,0,0,1,53.0,25.0,voiture,voiture,5,2,2,1,3
202400051339,2024-01-08 17:42:00,2024,1,8,17,42,74,74137,D1203,45.997029,6.176355,Nuit sans éclairage public,Hors agglomération,Hors intersection,Pluie légère,Deux véhicules - frontale,3,2,2,0,1,1,2,0,1,80,2,2,0,0,2,0,58.0,19.0,voiture,voiture,3,1,1,2,1
202400051340,2024-01-03 18:30:00,2024,1,3,18,30,75,75108,AVENUE GEORGE V,48.871015,2.300867,Nuit avec éclairage allumé,En agglomération,Intersection en X,Pluie légère,Autre collision,4,2,4,0,1,1,2,0,1,30,1,2,1,0,0,1,24.0,,deux_roues,,5,2,2,2,6
202400051340,2024-01-03 18:30:00,2024,1,3,18,30,75,75108,AVENUE GEORGE V,48.871015,2.300867,Nuit avec éclairage allumé,En agglomération,Intersection en X,Pluie légère,Autre collision,4,1, -1,-1,1,1,2,0,1,30,1,2,1,0,0,1,24.0,,deux_roues,,5,2,2,2,6
202400051341,2024-09-21 19:38:00,2024,9,21,19,38,79,79191,,46.33885,-0.40815,Plein jour,En agglomération,Giratoire,Pluie légère,Deux véhicules - arrière,3,3,4,0,1,1,2,0,1,50,2,2,1,0,0,1,65.0,33.0,deux_roues,voiture,1,2,6,2,2
202400051342,2024-06-11 07:40:00,2024,6,11,7,40,02,02744,D9,49.084035,3.278496,Plein jour,Hors agglomération,Intersection en X,Normale,Trois véhicules et plus - collisions multiples,3,2,2,0,1,1,1,0,1,80,3,3,2,0,0,1,69.0,30.0,voiture,voiture,1,1,2,1,5
202400051342,2024-06-11 07:40:00,2024,6,11,7,40,02,02744,D9,49.084035,3.278496,Plein jour,Hors agglomération,Intersection en X,Normale,Trois véhicules et plus - collisions multiples,3,2,2,0,1,1,1,0,1,-1,3,3,2,0,0,1,69.0,30.0,voiture,voiture,1,1,2,1,5
202400051343,2024-02-15 17:45:00,2024,2,15,17,45,92,92002,ARISTIDE BRIAND (AVENUE),48.7627218,2.30865383,Nuit avec éclairage allumé,En agglomération,Hors intersection,Normale,Deux véhicules - côté,3,2,4,1,1,1,1,0,5,50,2,2,1,0,0,1,77.0,28.0,utilitaire_camion,deux_roues,5,2,1,1,3
202400051344,2024-08-16 06:30:00,2024,8,16,6,30,33,33167,,44.82781,-0.53123,Nuit avec éclairage allumé,En agglomération,Intersection en X,Normale,Deux véhicules - côté,4,1,1,0,1,1,1,0,1,30,2,2,1,0,0,1,39.0,39.0,deux_roues,voiture,5,2,2,1,3
202400051344,2024-08-16 06:30:00,2024,8,16,6,30,33,33167,,44.82781,-0.53123,Nuit avec éclairage allumé,En agglomération,Intersection en X,Normale,Deux véhicules - côté,4,2,2,0,1,1,1,0,1,30,2,2,1,0,0,1,39.0,39.0,deux_roues,voiture,5,2,2,1,3
202400051345,2024-10-27 00:35:00,2024,10,27,0,35,39,39478,28 Avenue de la Libération,46.379715,5.851277,Nuit avec éclairage non allumé,En agglomération,Hors intersection,Normale,Autre collision,3,2,2,0,1,1,1,0,1,50,1,2,1,1,0,0,42.0,,utilitaire_camion,,4,2,1,1,6
202400051346,2024-07-12 11:30:00,2024,7,12,11,30,68,68374,D417,48.07226715,7.25413325,Plein jour,Hors agglomération,Hors intersection,Normale,Deux véhicules - côté,3,2,2,0,1,1,1,0,1,80,2,2,1,0,1,0,60.0,77.0,deux_roues,voiture,1,1,1,1,3
202400051347,2024-05-03 07:50:00,2024,5,3,7,50,972,97213,AUTOROUTE A1,14.61699,-61.01653,Plein jour,En agglomération,Hors intersection,Normale,Autre collision,1,2,6,0,1,1,1,0,1,90,2,2,0,0,0,2,39.0,44.0,voiture,utilitaire_camion,1,2,1,1,6
202400051348,2024-10-30 09:50:00,2024,10,30,9,50,59,59155,REPUBLIQUE - PLACE,51.01861,2.38151,Plein jour,En agglomération,Hors intersection,Normale,Autre collision,4,2,2,0,1,1,1,0,1,50,1,2,1,0,1,0,36.0,,voiture,,1,2,1,1,6
202400051349,2024-03-27 16:41:00,2024,3,27,16,41,988,98818,RUE JEAN FRANCOIS CHERRIER,-22.25381,166.47095,Plein jour,En agglomération,Hors intersection,Normale,Autre collision,4,2,2,1,2,1,1,0,1,50,1,2,1,0,1,0,47.0,,voiture,,1,2,1,1,6
202400051350,2024-06-11 08:20:00,2024,6,11,8,20,03,03311,Chemin des Carriaux,46.130208,3.096169,Plein jour,Hors agglomération,Hors intersection,Pluie forte,Sans collision,4,2,2,0,2,1,2,0,8,50,1,1,0,1,0,0,90.0,,voiture,,1,1,1,3,7
202400051351,2024-01-03 16:10:00,2024,1,3,16,10,75,75108,RUE DE LA PEPINIERE,48.875078,2.322072,Plein jour,En agglomération,Hors intersection,Normale,Deux véhicules - côté,4,2,2,1,1,1,1,0,5,30,2,2,1,0,0,1,44.0,60.0,voiture,deux_roues,1,2,1,1,3
202400051352,2024-07-12 21:06:00,2024,7,12,21,6,25,25240,Rue Principale,47.079385,6.625697,Crépuscule ou aube,En agglomération,Hors intersection,Pluie légère,Sans collision,3,2,2,0,1,1,2,0,8,30,1,1,0,0,0,1,53.0,,deux_roues,,2,2,1,2,7
202400051353,2024-02-16 17:55:00,2024,2,16,17,55,2A,2A189,#i mulineddi#,41.699849,8.9324,Plein jour,Hors agglomération,Hors intersection,Normale,Deux véhicules - côté,4,2,2,0,2,3,1,0,1,80,2,2,1,0,1,0,15.0,51.0,deux_roues,utilitaire_camion,1,1,1,1,3
202400051354,2024-11-29 23:20:00,2024,11,29,23,20,57,57672,MARCHAL (QUAI),49.35888,6.17044,Nuit avec éclairage allumé,En agglomération,Hors intersection,Normale,Autre collision,4,3,4,0,1,1,1,0,1,50,1,2,1,0,0,1,20.0,,voiture,,5,2,1,1,6
202400051355,2024-05-03 18:45:00,2024,5,3,18,45,2B,2B120,TOUTES RUES,42.6548,9.43961,Plein jour,Hors agglomération,Hors intersection,Normale,Deux véhicules - côté,6,-1,0,0,1,1,1,0,8,50,2,3,1,0,0,2,27.0,41.0,voiture,voiture,1,1,1,1,3
202400051356,2024-03-27 09:10:00,2024,3,27,9,10,976,97611,passamanty-Vahibé ( route ),-12.7976,45.20119,Plein jour,Hors agglomération,Hors intersection,Normale,Deux véhicules - frontale,3,2,2,0,2,1,1,0,1,50,2,2,0,0,2,0,50.0,23.0,deux_roues,voiture,1,1,1,1,1
202400051357,2024-10-27 03:05:00,2024,10,27,3,5,38,38480,chemin des Chevreuils,45.552666,4.986868,Nuit sans éclairage public,Hors agglomération,Hors intersection,Pluie légère,Deux véhicules - côté,4,3,1,0,1,1,2,0,1,80,2,2,0,0,0,2,19.0,20.0,voiture,voiture,3,1,1,2,3
202400051358,2024-07-12 21:15:00,2024,7,12,21,15,44,44013,La Davelais,47.380853,-2.070958,Crépuscule ou aube,Hors agglomération,Hors intersection,Normale,Autre collision,3,2,2,0,2,2,1,0,3,70,1,1,0,1,0,0,19.0,,voiture,,2,1,1,1,6
202400051359,2024-06-11 13:45:00,2024,6,11,13,45,03,03217,Cusséjat,46.341832,2.676061,Plein jour,Hors agglomération,Hors intersection,Normale,Deux véhicules - côté,3,2,2,0,1,1,1,0,1,90,2,2,1,0,1,0,35.0,67.0,voiture,deux_roues,1,1,1,1,3
202400051360,2024-01-03 16:50:00,2024,1,3,16,50,94,94065,Avenue Robert Schuman / Rue de Montlhéry,48.74620903,2.35493593,Nuit avec éclairage allumé,En agglomération,Intersection en X,Pluie légère,Deux véhicules - côté,4,2,2,0,1,1,2,0,1,-1,2,2,1,0,0,1,59.0,,deux_roues,voiture,5,2,2,2,3
202400051360,2024-01-03 16:50:00,2024,1,3,16,50,94,94065,Avenue Robert Schuman / Rue de Montlhéry,48.74620903,2.35493593,Nuit avec éclairage allumé,En agglomération,Intersection en X,Pluie légère,Deux véhicules - côté,4,2,2,2,1,1,2,0,1,50,2,2,1,0,0,1,59.0,,deux_roues,voiture,5,2,2,2,3
202400051361,2024-02-15 21:15:00,2024,2,15,21,15,51,51358,32 grande rue,48.748539,4.847859,Nuit avec éclairage allumé,En agglomération,Intersection en T,Normale,Autre collision,3,2,2,0,1,1,1,0,1,50,1,1,0,0,0,1,34.0,,voiture,,5,2,3,1,6
202400051361,2024-02-15 21:15:00,2024,2,15,21,15,51,51358,32 grande rue,48.748539,4.847859,Nuit avec éclairage allumé,En agglomération,Intersection en T,Normale,Autre collision,3,2,2,0,1,3,1,0,8,-1,1,1,0,0,0,1,34.0,,voiture,,5,2,3,1,6
202400051362,2024-12-02 14:51:00,2024,12,2,14,51,56,56260,Rue du Général Weygand,47.66165,-2.7255,Plein jour,En agglomération,Giratoire,Normale,Deux véhicules - côté,4,2,3,0,1,3,1,5,1,50,2,2,1,0,1,0,32.0,40.0,deux_roues,voiture,1,2,6,1,3
202400051363,2024-07-12 21:05:00,2024,7,12,21,5,44,44087,83 Rue sainte croix,46.999366,-1.826319,Plein jour,En agglomération,Hors intersection,Normale,Autre collision,4,2,2,0,1,1,1,0,4,50,1,1,0,0,1,0,18.0,,deux_roues,,1,2,1,1,6
202400051364,2024-05-02 22:42:00,2024,5,2,22,42,2B,2B033,VEZZANI - RUE CESAR,42.69039,9.44727,Nuit avec éclairage allumé,En agglomération,Hors intersection,Pluie forte,Autre collision,2,3,2,0,1,1,2,5,1,50,2,4,3,0,0,1,25.0,81.0,voiture,voiture,5,2,1,3,6
202400051365,2024-03-27 18:15:00,2024,3,27,18,15,974,97416,BADAMIER (CHEMIN),-21.32841,55.45905,Nuit sans éclairage public,Hors agglomération,Hors intersection,Normale,Deux véhicules - arrière,4,2,1,0,2,3,1,0,1,80,2,2,1,0,0,1,69.0,17.0,utilitaire_camion,deux_roues,3,1,1,1,2
202400051366,2024-10-27 16:20:00,2024,10,27,16,20,70,70117,D619,47.645861,6.779863,Plein jour,Hors agglomération,Intersection en T,Normale,Deux véhicules - côté,3,2,3,0,1,1,1,0,1,70,2,2,0,0,2,0,63.0,68.0,deux_roues,deux_roues,1,1,3,1,3
202400051366,2024-10-27 16:20:00,2024,10,27,16,20,70,70117,D619,47.645861,6.779863,Plein jour,Hors agglomération,Intersection en T,Normale,Deux véhicules - côté,3,2,2,0,2,1,1,0,1,50,2,2,0,0,2,0,63.0,68.0,deux_roues,deux_roues,1,1,3,1,3
202400051367,2024-06-11 09:40:00,2024,6,11,9,40,03,03019,la Noire,46.587639,3.667765,Plein jour,En agglomération,Intersection en X,Normale,Deux véhicules - côté,3,2,2,0,1,1,2,0,1,50,2,2,1,0,1,0,59.0,74.0,voiture,voiture,1,2,2,1,3
202400051367,2024-06-11 09:40:00,2024,6,11,9,40,03,03019,la Noire,46.587639,3.667765,Plein jour,En agglomération,Intersection en X,Normale,Deux véhicules - côté,3,2,2,0,1,1,2,0,1,50,2,2,1,0,1,0,59.0,74.0,voiture,voiture,1,2,2,1,3
202400051368,2024-08-16 15:15:00,2024,8,16,15,15,29,29232,Route de Benodet,47.96730509,-4.08440095,Plein jour,En agglomération,Hors intersection,Pluie légère,Deux véhicules - arrière,3,3,0,0,1,1,2,0,1,50,2,2,1,0,0,1,67.0,67.0,voiture,voiture,1,2,1,2,2