accident_id,datetime,annee,mois,jour,heure,minute,departement,commune_insee,adresse,latitude,longitude,luminosite,agglomeration,intersection,meteo,collision,catr,circ,nbv,vosp,prof,plan,surf,infra,situ,vma,nb_vehicules,nb_usagers,nb_indemnes,nb_tues,nb_blesses_hosp,nb_blesses_legers,age_cond_1,age_cond_2,veh_type_cond_1,veh_type_cond_2,lum_code,agg_code,int_code,atm_code,col_code
202400051443,2024-10-25 19:20:00,2024,10,25,19,20,85,85145,LES QUATRE MOULINS,46.724881,-0.942855,Nuit sans éclairage public,Hors agglomération,Hors intersection,Pluie légère,Sans collision,4,2,2,0,1,1,6,0,1,50,1,2,1,0,0,1,56.0,,deux_roues,,3,1,1,2,7
202400051444,2024-02-15 14:00:00,2024,2,15,14,0,19,19023,le moulin du prieur,45.13182873,1.67657112,Plein jour,Hors agglomération,Hors intersection,Normale,Sans collision,3,2,2,0,1,1,1,0,3,90,1,1,0,0,1,0,91.0,,voiture,,1,1,1,1,7
202400051445,2024-03-27 15:10:00,2024,3,27,15,10,69,69389,17 Place Abbé Pierre,45.78635967,4.79591279,Plein jour,En agglomération,Hors intersection,Normale,Autre collision,4,2,2,3,1,1,1,0,1,50,1,2,1,0,0,1,54.0,,voiture,,1,2,1,1,6
202400051446,2024-12-02 14:55:00,2024,12,2,14,55,35,35238,VOLTAIRE (BD),48.10509,-1.69772,Plein jour,En agglomération,Hors intersection,Normale,Autre collision,4,2,2,0,1,1,1,0,1,30,1,2,1,0,0,1,18.0,,voiture,,1,2,1,1,6
202400051447,2024-07-12 10:56:00,2024,7,12,10,56,10,10033,5 Rue Louis Desprez,48.227925,4.714948,Plein jour,En agglomération,Hors intersection,Normale,Autre collision,4,-1,2,0,1,1,1,9,8,50,1,2,1,0,1,0,24.0,,utilitaire_camion,,1,2,1,1,6
202400051448,2024-01-03 08:20:00,2024,1,3,8,20,92,92026,MARCEAU,48.90233829,2.24303976,Plein jour,En agglomération,Intersection en T,Pluie légère,Autre collision,4,2,0,0,1,1,2,0,1,50,2,3,2,0,0,1,46.0,29.0,deux_roues,voiture,1,2,3,2,6
202400051448,2024-01-03 08:20:00,2024,1,3,8,20,92,92026,MARCEAU,48.90233829,2.24303976,Plein jour,En agglomération,Intersection en T,Pluie légère,Autre collision,4,-1,0,0,1,1,2,0,1,50,2,3,2,0,0,1,46.0,29.0,deux_roues,voiture,1,2,3,2,6
202400051449,2024-08-14 09:05:00,2024,8,14,9,5,12,12176,QUATRE SAISONS (AVENUE DES ),44.37052297,2.5865069,Plein jour,En agglomération,Giratoire,Normale,Deux véhicules - côté,4,2,3,0,1,1,1,5,1,50,2,2,1,0,1,0,54.0,67.0,voiture,deux_roues,1,2,6,1,3
202400051449,2024-08-14 09:05:00,2024,8,14,9,5,12,12176,QUATRE SAISONS (AVENUE DES ),44.37052297,2.5865069,Plein jour,En agglomération,Giratoire,Normale,Deux véhicules - côté,4,2,2,0,1,2,1,5,1,50,2,2,1,0,1,0,54.0,67.0,voiture,deux_roues,1,2,6,1,3
202400051450,2024-10-26 07:38:00,2024,10,26,7,38,17,17187,Route de la Bergerie,45.438484,-0.518063,Nuit sans éclairage public,Hors agglomération,Hors intersection,Brouillard / fumée,Sans collision,3,2,2,0,1,1,1,0,3,80,1,3,1,0,2,0,21.0,,voiture,,3,1,1,5,7
202400051451,2024-09-22 23:45:00,2024,9,22,23,45,59,59650,UNION (RUE DE L'),50.71425,3.17923,Nuit avec éclairage allumé,En agglomération,Intersection en X,Normale,Deux véhicules - côté,7,4,2,0,1,1,1,0,1,50,2,3,2,0,1,0,20.0,57.0,voiture,voiture,5,2,2,1,3
202400051451,2024-09-22 23:45:00,2024,9,22,23,45,59,59650,UNION (RUE DE L'),50.71425,3.17923,Nuit avec éclairage allumé,En agglomération,Intersection en X,Normale,Deux véhicules - côté,7,3,2,0,1,1,1,0,1,50,2,3,2,0,1,0,20.0,57.0,voiture,voiture,5,2,2,1,3
202400051452,2024-06-11 16:00:00,2024,6,11,16,0,16,16081,3 Grand'Rue,45.83818,0.038379,Plein jour,En agglomération,Hors intersection,Normale,Deux véhicules - arrière,3,2,2,0,1,1,1,0,1,50,2,2,1,0,1,0,14.0,62.0,deux_roues,utilitaire_camion,1,2,1,1,2
202400051453,2024-12-02 12:45:00,2024,12,2,12,45,35,35238,MANOIR DE SERVIGNE (DU),48.10235,-1.72541,Plein jour,En agglomération,Hors intersection,Normale,Deux véhicules - côté,4,2,2,1,1,1,1,0,5,50,2,2,1,0,0,1,50.0,43.0,utilitaire_camion,deux_roues,1,2,1,1,3
202400051454,2024-02-15 14:30:00,2024,2,15,14,30,79,79100,,46.334732,-0.591679,Plein jour,Hors agglomération,Intersection en T,Normale,Deux véhicules - frontale,3,2,2,0,1,3,1,0,1,50,2,2,1,0,1,0,28.0,67.0,deux_roues,voiture,1,1,3,1,1
202400051454,2024-02-15 14:30:00,2024,2,15,14,30,79,79100,,46.334732,-0.591679,Plein jour,Hors agglomération,Intersection en T,Normale,Deux véhicules - frontale,3,2,2,-1,4,3,1,0,1,50,2,2,1,0,1,0,28.0,67.0,deux_roues,voiture,1,1,3,1,1
202400051455,2024-07-12 16:50:00,2024,7,12,16,50,21,21415,D112,47.672491,4.84391,Plein jour,Hors agglomération,Hors intersection,Normale,Deux véhicules - frontale,3,2,2,0,1,3,1,0,1,80,2,2,0,1,0,1,71.0,43.0,voiture,utilitaire_camion,1,1,1,1,1
202400051456,2024-05-03 15:15:00,2024,5,3,15,15,77,77390,AV DE LA MALIBRAN,48.7978,2.64,Plein jour,En agglomération,Hors intersection,Pluie légère,Autre collision,3,2,2,0,1,1,2,0,1,50,1,2,1,0,0,1,91.0,,voiture,,1,2,1,2,6
202400051457,2024-03-27 17:10:00,2024,3,27,17,10,971,97105,PERES DOMINICAINS(AVENUE DES),16.00971877,-61.73975766,Plein jour,Hors agglomération,Hors intersection,Normale,Trois véhicules et plus - collisions multiples,2,2,2,0,2,1,1,0,1,50,4,5,3,0,0,2,31.0,28.0,voiture,voiture,1,1,1,1,5
202400051458,2024-06-11 15:30:00,2024,6,11,15,30,07,07010,Rue du Quebec,45.2483471,4.6794112,Plein jour,En agglomération,Hors intersection,Temps couvert,Autre collision,3,2,2,0,2,2,1,0,1,50,1,2,1,0,0,1,50.0,,voiture,,1,2,1,8,6
202400051459,2024-08-16 08:35:00,2024,8,16,8,35,11,11262,23 Avenue de Bordeaux,43.1817,2.98845,Plein jour,En agglomération,Hors intersection,Normale,Deux véhicules - côté,4,-1,0,0,1,1,1,0,4,30,2,2,1,0,0,1,50.0,25.0,voiture,deux_roues,1,2,1,1,3
202400051460,2024-01-04 09:30:00,2024,1,4,9,30,974,97415,D6,-21.022582,55.27374,Plein jour,Hors agglomération,Hors intersection,Pluie légère,Deux véhicules - frontale,3,2,3,0,2,2,2,0,1,80,2,5,0,1,3,1,21.0,50.0,voiture,voiture,1,1,1,2,1
202400051461,2024-09-21 14:45:00,2024,9,21,14,45,59,59512,AVELGHEM (RUE D'),50.69445,3.19606,Plein jour,En agglomération,Hors intersection,Normale,Deux véhicules - côté,7,2,1,0,1,1,1,0,1,50,2,2,1,0,0,1,26.0,42.0,voiture,deux_roues,1,2,1,1,3
202400051462,2024-07-12 20:50:00,2024,7,12,20,50,21,21408,D7,47.422306,4.973335,Crépuscule ou aube,Hors agglomération,Hors intersection,Temps éblouissant,Sans collision,3,2,2,0,1,2,1,0,3,80,1,1,0,0,1,0,19.0,,deux_roues,,2,1,1,7,7
202400051463,2024-12-02 09:00:00,2024,12,2,9,0,35,35051,BEAULIEU (PORTE DE),48.09923369,-1.61418289,Plein jour,Hors agglomération,Hors intersection,Normale,Trois véhicules et plus - en chaîne,2,3,6,0,1,1,1,3,1,90,3,3,2,0,0,1,62.0,36.0,voiture,transport_commun,1,1,1,1,4
202400051464,2024-10-26 18:20:00,2024,10,26,18,20,08,08024,D18,49.495058,4.12219,Plein jour,Hors agglomération,Hors intersection,Normale,Deux véhicules - côté,3,2,2,0,1,3,1,0,1,80,2,2,0,0,1,1,37.0,36.0,deux_roues,voiture,1,1,1,1,3
202400051465,2024-02-15 14:32:00,2024,2,15,14,32,80,80288,D164,49.869235,2.816877,Plein jour,Hors agglomération,Intersection en X,Temps éblouissant,Deux véhicules - côté,3,2,2,0,1,1,1,0,1,80,2,2,1,0,1,0,26.0,66.0,utilitaire_camion,deux_roues,1,1,2,7,3
202400051465,2024-02-15 14:32:00,2024,2,15,14,32,80,80288,D164,49.869235,2.816877,Plein jour,Hors agglomération,Intersection en X,Temps éblouissant,Deux véhicules - côté,3,2,2,0,1,1,1,0,1,80,2,2,1,0,1,0,26.0,66.0,utilitaire_camion,deux_roues,1,1,2,7,3
202400051466,2024-05-03 11:05:00,2024,5,3,11,5,74,74305,FAVRE (RUE),46.20327,6.24913,Plein jour,En agglomération,Hors intersection,Normale,Deux véhicules - côté,4,1, -1,0,1,1,1,0,1,50,2,2,1,0,0,1,43.0,,autre,utilitaire_camion,1,2,1,1,3
202400051467,2024-03-27 09:30:00,2024,3,27,9,30,91,91161,AV PIERRE BROSSOLETTE,48.69974,2.31055,Plein jour,En agglomération,Hors intersection,Pluie légère,Deux véhicules - arrière,3,2,3,0,2,1,2,0,1,50,2,2,1,0,0,1,27.0,24.0,voiture,voiture,1,2,1,2,2
202400051468,2024-06-11 17:10:00,2024,6,11,17,10,53,53174,N12,48.3092533,-0.66521002,Plein jour,Hors agglomération,Hors intersection,Normale,Sans collision,2,2,2,0,1,1,1,0,3,90,1,2,0,0,1,1,65.0,,voiture,,1,1,1,1,7
202400051469,2024-01-04 13:07:00,2024,1,4,13,7,01,01194,D131,45.996421,4.756458,Plein jour,Hors agglomération,Hors intersection,Normale,Deux véhicules - frontale,3,2,2,0,2,4,1,0,1,80,2,2,0,0,0,2,39.0,35.0,utilitaire_camion,voiture,1,1,1,1,1
202400051470,2024-08-16 07:10:00,2024,8,16,7,10,11,11262,101 Avenue de Bordeaux,43.18155,2.97998,Plein jour,En agglomération,Hors intersection,Normale,Deux véhicules - arrière,4,2,2,0,1,1,1,2,1,50,2,2,1,0,0,1,55.0,22.0,voiture,deux_roues,1,2,1,1,2
202400051471,2024-10-27 10:15:00,2024,10,27,10,15,34,34337,RD 612,43.537583,3.823071,Plein jour,Hors agglomération,Hors intersection,Normale,Sans collision,7,3,0,0,1,1,1,0,3,110,1,1,0,0,1,0,48.0,,voiture,,1,1,1,1,7
202400051472,2024-09-21 20:31:00,2024,9,21,20,31,54,54099,Rue de la Filature,49.242983,5.942917,Nuit avec éclairage allumé,En agglomération,Giratoire,Normale,Deux véhicules - côté,3,2,2,0,2,3,1,0,1,50,2,2,1,0,0,1,25.0,70.0,deux_roues,voiture,5,2,6,1,3
202400051473,2024-12-02 09:45:00,2024,12,2,9,45,35,35238,CHATEAUGIRON (DE),48.09774,-1.64302,Plein jour,En agglomération,Hors intersection,Normale,Deux véhicules - frontale,4,2,2,3,1,1,1,0,5,50,2,2,1,0,0,1,62.0,35.0,voiture,deux_roues,1,2,1,1,1
202400051474,2024-07-12 14:00:00,2024,7,12,14,0,85,85288,D949,46.477037,-1.669117,Plein jour,Hors agglomération,Intersection en X,Normale,Trois véhicules et plus - collisions multiples,3,2,2,0,1,1,1,0,1,80,3,3,2,0,0,1,33.0,66.0,voiture,voiture,1,1,2,1,5
202400051474,2024-07-12 14:00:00,2024,7,12,14,0,85,85288,D949,46.477037,-1.669117,Plein jour,Hors agglomération,Intersection en X,Normale,Trois véhicules et plus - collisions multiples,3,2, -1,-1,1,2,1,0,1,-1,3,3,2,0,0,1,33.0,66.0,voiture,voiture,1,1,2,1,5
202400051475,2024-10-27 01:25:00,2024,10,27,1,25,973,97309,Route de Montjoly,4.919852,-52.279129,Nuit avec éclairage allumé,En agglomération,Giratoire,Normale,Sans collision,3,2,2,0,1,1,1,0,1,50,1,2,0,0,1,1,45.0,,deux_roues,,5,2,6,1,7
202400051476,2024-05-02 10:55:00,2024,5,2,10,55,72,72181,COLLET ROBERT (RUE),47.97562,0.22051,Plein jour,En agglomération,Hors intersection,Temps couvert,Autre collision,4,2,2,0,1,1,1,0,1,50,1,2,1,0,1,0,90.0,,voiture,,1,2,1,8,6
202400051477,2024-01-03 18:10:00,2024,1,3,18,10,17,17142,Rue Pierre Francois Parfaix,46.189435,-1.071516,Nuit sans éclairage public,En agglomération,Hors intersection,Pluie légère,Autre collision,4,2,2,0,1,1,2,0,1,50,1,2,1,0,1,0,69.0,,voiture,,3,2,1,2,6
202400051478,2024-06-10 16:00:00,2024,6,10,16,0,24,24217,RD710 / RD42,44.96227,0.887894,Plein jour,Hors agglomération,Intersection en T,Normale,Deux véhicules - côté,3,2,2,0,1,3,1,0,1,90,2,2,1,0,1,0,26.0,66.0,deux_roues,voiture,1,1,3,1,3
202400051478,2024-06-10 16:00:00,2024,6,10,16,0,24,24217,RD710 / RD42,44.96227,0.887894,Plein jour,Hors agglomération,Intersection en T,Normale,Deux véhicules - côté,3,2, -1,-1,1,3,1,0,1,80,2,2,1,0,1,0,26.0,66.0,deux_roues,voiture,1,1,3,1,3
202400051479,2024-02-02 07:30:00,2024,2,2,7,30,89,89277,route departementale 49,47.676557,3.848171,Nuit sans éclairage public,Hors agglomération,Hors intersection,Brouillard / fumée,Sans collision,3,2,2,0,1,2,2,0,1,70,1,1,0,0,1,0,60.0,,voiture,,3,1,1,5,7
202400051480,2024-08-16 03:31:00,2024,8,16,3,31,06,06088,174 Boulevard Carnot,43.68906,7.29552,Nuit avec éclairage allumé,En agglomération,Autre intersection,Normale,Autre collision,7,2,2,0,2,2,1,0,4,50,1,4,0,2,2,0,21.0,,voiture,,5,2,9,1,6
202400051481,2024-09-21 13:10:00,2024,9,21,13,10,51,51454,CHATELET (RUE DU),49.24288,4.03916,Plein jour,En agglomération,Hors intersection,Normale,Autre collision,4,1,2,2,2,1,1,0,1,30,1,2,1,0,0,1,65.0,,voiture,,1,2,1,1,6
202400051482,2024-03-22 11:25:00,2024,3,22,11,25,89,89024,11 NOVEMBRE (BOULEVARD DU) N° IMPAIRS,47.7956,3.5641,Plein jour,En agglomération,Intersection en X,Normale,Deux véhicules - côté,3,2,4,0,1,2,1,0,1,50,2,3,1,0,1,1,78.0,58.0,voiture,voiture,1,2,2,1,3
202400051482,2024-03-22 11:25:00,2024,3,22,11,25,89,89024,11 NOVEMBRE (BOULEVARD DU) N° IMPAIRS,47.7956,3.5641,Plein jour,En agglomération,Intersection en X,Normale,Deux véhicules - côté,3,1,0,0,2,1,1,0,1,30,2,3,1,0,1,1,78.0,58.0,voiture,voiture,1,2,2,1,3
202400051483,2024-07-12 21:35:00,2024,7,12,21,35,28,28184,D939,48.34575,1.823983,Crépuscule ou aube,Hors agglomération,Hors intersection,Normale,Deux véhicules - arrière,3,2,2,0,1,1,1,0,1,90,2,2,0,1,1,0,25.0,22.0,deux_roues,deux_roues,2,1,1,1,2
202400051484,2024-10-26 19:25:00,2024,10,26,19,25,69,69244,13 Avenue Victor Hugo,45.77213473,4.79092583,Nuit avec éclairage allumé,En agglomération,Hors intersection,Normale,Deux véhicules - côté,4,1,2,1,2,1,1,0,5,-1,2,2,1,0,0,1,45.0,57.0,deux_roues,voiture,5,2,1,1,3
202400051485,2024-12-02 17:27:00,2024,12,2,17,27,34,34172,VILLENEUVE-ANGOULEME (AVENUE DE,43.59329,3.86644,Crépuscule ou aube,En agglomération,Intersection en X,Pluie légère,Deux véhicules - côté,4,2,2,0,2,1,2,0,1,50,2,2,1,0,0,1,41.0,25.0,voiture,deux_roues,2,2,2,2,3
202400051485,2024-12-02 17:27:00,2024,12,2,17,27,34,34172,VILLENEUVE-ANGOULEME (AVENUE DE,43.59329,3.86644,Crépuscule ou aube,En agglomération,Intersection en X,Pluie légère,Deux véhicules - côté,4,2,1,0,2,4,2,5,1,50,2,2,1,0,0,1,41.0,25.0,voiture,deux_roues,2,2,2,2,3
202400051486,2024-01-03 11:40:00,2024,1,3,11,40,47,47114,D933,44.37737445,0.10533365,Plein jour,Hors agglomération,Hors intersection,Temps couvert,Autre collision,3,2,2,0,1,1,2,0,3,80,1,1,0,0,1,0,60.0,,voiture,,1,1,1,8,6
202400051487,2024-05-02 08:40:00,2024,5,2,8,40,71,71076,Avenue John Fitzgerald Kennedy,46.80016,4.86144,Plein jour,En agglomération,Hors intersection,Pluie légère,Autre collision,3,3,4,3,1,1,2,0,1,50,1,2,1,0,0,1,66.0,,voiture,,1,2,1,2,6
202400051488,2024-06-06 14:50:00,2024,6,6,14,50,85,85084,RD160,46.74887,-1.2618,Plein jour,Hors agglomération,Hors intersection,Normale,Autre collision,3,2,2,0,1,1,1,0,3,70,2,2,1,0,1,0,57.0,38.0,voiture,voiture,1,1,1,1,6
202400051489,2024-07-11 11:18:00,2024,7,11,11,18,37,37181,2 Les Jouannets,46.96832111,0.83197787,Plein jour,Hors agglomération,Hors intersection,Normale,Autre collision,3,2,2,0,1,1,1,0,3,80,1,1,0,0,1,0,66.0,,voiture,,1,1,1,1,6
202400051490,2024-09-21 18:04:00,2024,9,21,18,4,49,49007,MOLIERE PLACE,47.47391,-0.556,Plein jour,En agglomération,Hors intersection,Normale,Autre collision,4,1,1,0,1,1,1,0,1,30,1,3,1,0,0,2,31.0,,voiture,,1,2,1,1,6
202400051491,2024-02-15 16:30:00,2024,2,15,16,30,63,63187,RD13/Lieu Dit Bonnefond,46.216352,2.846918,Plein jour,Hors agglomération,Intersection en X,Normale,Autre collision,3,2,2,0,2,3,1,0,1,90,2,2,1,0,0,1,74.0,50.0,voiture,deux_roues,1,1,2,1,6
202400051491,2024-02-15 16:30:00,2024,2,15,16,30,63,63187,RD13/Lieu Dit Bonnefond,46.216352,2.846918,Plein jour,Hors agglomération,Intersection en X,Normale,Autre collision,3,2,2,0,3,1,1,0,1,70,2,2,1,0,0,1,74.0,50.0,voiture,deux_roues,1,1,2,1,6
202400051492,2024-03-26 20:18:00,2024,3,26,20,18,84,84007,MONCLAR (AVENUE),43.93282,4.80285,Nuit avec éclairage allumé,En agglomération,Autre intersection,Pluie légère,Deux véhicules - côté,4,2,2,0,1,1,2,0,1,50,2,2,1,0,1,0,28.0,24.0,utilitaire_camion,deux_roues,5,2,9,2,3
202400051493,2024-08-16 01:50:00,2024,8,16,1,50,75,75117,RUE LECHAPELAIS,48.885609,2.324966,Nuit avec éclairage allumé,En agglomération,Intersection en T,Normale,Deux véhicules - arrière,4,1, -1,-1,1,1,1,0,1,30,2,2,1,0,0,1,38.0,,deux_roues,voiture,5,2,3,1,2
202400051493,2024-08-16 01:50:00,2024,8,16,1,50,75,75117,RUE LECHAPELAIS,48.885609,2.324966,Nuit avec éclairage allumé,En agglomération,Intersection en T,Normale,Deux véhicules - arrière,4,1,1,0,1,1,1,0,1,30,2,2,1,0,0,1,38.0,,deux_roues,voiture,5,2,3,1,2
202400051494,2024-10-26 20:10:00,2024,10,26,20,10,33,33260,,44.49926,-0.84039,Nuit avec éclairage allumé,Hors agglomération,Hors intersection,Pluie légère,Deux véhicules - côté,1,3,3,0,1,1,2,0,1,130,2,3,1,0,1,1,53.0,29.0,voiture,utilitaire_camion,5,1,1,2,3
202400051495,2024-06-11 10:30:00,2024,6,11,10,30,88,88530,19 Route de Plombières,48.044048,6.407942,Plein jour,En agglomération,Hors intersection,Normale,Deux véhicules - frontale,3,2,2,0,2,1,1,0,1,50,1,2,1,1,0,0,77.0,,voiture,,1,2,1,1,1
202400051496,2024-12-02 07:00:00,2024,12,2,7,0,34,34032,MAUREILHAN (ROUTE DE),43.34629,3.16628,Crépuscule ou aube,Hors agglomération,Intersection en X,Normale,Deux véhicules - côté,3,2,2,0,1,1,1,0,1,70,2,2,1,0,1,0,33.0,36.0,voiture,deux_roues,2,1,2,1,3
202400051496,2024-12-02 07:00:00,2024,12,2,7,0,34,34032,MAUREILHAN (ROUTE DE),43.34629,3.16628,Crépuscule ou aube,Hors agglomération,Intersection en X,Normale,Deux véhicules - côté,3,2,2,0,1,1,1,0,1,70,2,2,1,0,1,0,33.0,36.0,voiture,deux_roues,2,1,2,1,3
202400051497,2024-04-21 12:15:00,2024,4,21,12,15,30,30068,Le Pont Troué (Café),44.019577,4.102197,Plein jour,Hors agglomération,Giratoire,Normale,Deux véhicules - arrière,3,2,2,0,1,2,1,5,1,80,2,2,1,0,0,1,45.0,21.0,voiture,voiture,1,1,6,1,2
202400051498,2024-05-03 20:10:00,2024,5,3,20,10,69,69275,Avenue Jean Macé,45.76402,4.95635,Plein jour,En agglomération,Intersection en X,Normale,Deux véhicules - côté,4,2,2,2,1,1,1,0,1,50,2,2,1,0,0,1,47.0,41.0,voiture,utilitaire_camion,1,2,2,1,3
202400051498,2024-05-03 20:10:00,2024,5,3,20,10,69,69275,Avenue Jean Macé,45.76402,4.95635,Plein jour,En agglomération,Intersection en X,Normale,Deux véhicules - côté,4,2,2,0,1,1,1,0,1,50,2,2,1,0,0,1,47.0,41.0,voiture,utilitaire_camion,1,2,2,1,3
202400051499,2024-01-03 06:05:00,2024,1,3,6,5,62,62298,D943,50.23171255,3.17404175,Nuit sans éclairage public,Hors agglomération,Intersection en X,Vent fort / tempête,Deux véhicules - frontale,3,2,2,0,1,1,2,0,1,80,2,2,0,0,0,2,23.0,21.0,voiture,voiture,3,1,2,6,1
202400051499,2024-01-03 06:05:00,2024,1,3,6,5,62,62298,D943,50.23171255,3.17404175,Nuit sans éclairage public,Hors agglomération,Intersection en X,Vent fort / tempête,Deux véhicules - frontale,3,2,2,0,1,1,2,0,1,80,2,2,0,0,0,2,23.0,21.0,voiture,voiture,3,1,2,6,1
202400051500,2024-02-15 09:15:00,2024,2,15,9,15,12,12109,D92,43.860643,2.942587,Crépuscule ou aube,Hors agglomération,Hors intersection,Brouillard / fumée,Autre collision,3,2,2,0,1,2,2,0,3,90,1,1,0,1,0,0,38.0,,utilitaire_camion,,2,1,1,5,6
202400051501,2024-10-27 14:40:00,2024,10,27,14,40,988,98817,Route de la corniche/Rue du Vallon Dore,-22.270809,166.569842,Plein jour,Hors agglomération,Intersection en T,Normale,Autre collision,3,2,2,0,2,2,1,0,3,70,1,1,0,1,0,0,27.0,,voiture,,1,1,3,1,6
202400051501,2024-10-27 14:40:00,2024,10,27,14,40,988,98817,Route de la corniche/Rue du Vallon Dore,-22.270809,166.569842,Plein jour,Hors agglomération,Intersection en T,Normale,Autre collision,3,2,2,-1,-1,3,1,-1,3,-1,1,1,0,1,0,0,27.0,,voiture,,1,1,3,1,6
202400051502,2024-03-26 14:30:00,2024,3,26,14,30,83,83153,MARIE FLICHE BERGIS (AV),43.07479449,5.90852613,Plein jour,En agglomération,Giratoire,Pluie forte,Autre collision,4,2,2,0,2,1,2,9,1,30,1,2,1,0,1,0,22.0,,voiture,,1,2,6,3,6
202400051502,2024-03-26 14:30:00,2024,3,26,14,30,83,83153,MARIE FLICHE BERGIS (AV),43.07479449,5.90852613,Plein jour,En agglomération,Giratoire,Pluie forte,Autre collision,4,2,2,0,1,1,2,9,1,30,1,2,1,0,1,0,22.0,,voiture,,1,2,6,3,6
202400051503,2024-09-21 14:55:00,2024,9,21,14,55,49,49007,RD 323,47.46942,-0.596,Plein jour,Hors agglomération,Hors intersection,Temps couvert,Deux véhicules - arrière,3,2,2,0,1,1,1,0,1,50,2,2,1,0,0,1,53.0,19.0,voiture,voiture,1,1,1,8,2
202400051504,2024-06-10 16:30:00,2024,6,10,16,30,978,97801,rd7 - Grand Case,18.098784,-63.049421,Plein jour,En agglomération,Hors intersection,Normale,Sans collision,2,2,2,0,1,2,1,0,3,70,1,1,0,0,1,0,53.0,,deux_roues,,1,2,1,1,7
202400051505,2024-07-12 15:41:00,2024,7,12,15,41,973,97307,N1,4.892957,-52.351377,Plein jour,Hors agglomération,Hors intersection,Normale,Deux véhicules - arrière,2,2,2,0,1,1,1,0,3,70,2,2,1,0,1,0,20.0,34.0,deux_roues,utilitaire_camion,1,1,1,1,2
202400051506,2024-02-14 12:50:00,2024,2,14,12,50,47,47252,D911l,44.39969,0.610044,Plein jour,Hors agglomération,Autre intersection,Normale,Deux véhicules - arrière,3,2,2,0,1,1,1,0,1,70,2,2,1,0,1,0,25.0,28.0,utilitaire_camion,deux_roues,1,1,9,1,2
202400051507,2024-01-04 12:00:00,2024,1,4,12,0,40,40307,Route de la Ville,44.332475,-0.593825,Plein jour,Hors agglomération,Hors intersection,Normale,Deux véhicules - frontale,3,2,2,0,1,1,1,0,1,80,2,2,1,1,0,0,68.0,33.0,utilitaire_camion,utilitaire_camion,1,1,1,1,1
202400051508,2024-12-02 13:50:00,2024,12,2,13,50,33,33063,,44.834215,-0.552112,Plein jour,En agglomération,Hors intersection,Pluie légère,Deux véhicules - côté,4,3,2,0,1,1,2,2,1,30,2,3,0,0,0,3,53.0,27.0,voiture,voiture,1,2,1,2,3
202400051509,2024-05-03 17:30:00,2024,5,3,17,30,69,69266,50 Cours Emile Zola,45.77085,4.86683,Plein jour,En agglomération,Intersection en X,Normale,Autre collision,4,1,1,2,1,1,1,0,1,30,1,2,1,0,0,1,45.0,,voiture,,1,2,2,1,6
202400051509,2024-05-03 17:30:00,2024,5,3,17,30,69,69266,50 Cours Emile Zola,45.77085,4.86683,Plein jour,En agglomération,Intersection en X,Normale,Autre collision,4,2,2,2,1,1,1,0,8,30,1,2,1,0,0,1,45.0,,voiture,,1,2,2,1,6
202400051510,2024-08-16 07:15:00,2024,8,16,7,15,75,75115,RUE DE VOUILLE,48.83474,2.305194,Plein jour,En agglomération,Intersection en X,Normale,Deux véhicules - côté,4,1,4,0,1,1,1,0,1,30,2,4,3,0,0,1,24.0,27.0,utilitaire_camion,voiture,1,2,2,1,3
202400051510,2024-08-16 07:15:00,2024,8,16,7,15,75,75115,RUE DE VOUILLE,48.83474,2.305194,Plein jour,En agglomération,Intersection en X,Normale,Deux véhicules - côté,4,2,4,0,1,1,1,0,1,30,2,4,3,0,0,1,24.0,27.0,utilitaire_camion,voiture,1,2,2,1,3
202400051511,2024-10-25 15:40:00,2024,10,25,15,40,988,98821,RT1,-22.13471,166.37367,Plein jour,En agglomération,Intersection en T,Normale,Autre collision,2,2,2,0,1,1,1,0,1,50,1,2,1,0,1,0,48.0,,voiture,,1,2,3,1,6
202400051511,2024-10-25 15:40:00,2024,10,25,15,40,988,98821,RT1,-22.13471,166.37367,Plein jour,En agglomération,Intersection en T,Normale,Autre collision,2,2,2,-1,-1,1,1,-1,1,-1,1,2,1,0,1,0,48.0,,voiture,,1,2,3,1,6
202400051512,2024-09-21 23:30:00,2024,9,21,23,30,47,47001,BLUM (AV. LEON),44.21384,0.65099,Nuit avec éclairage allumé,En agglomération,Giratoire,Normale,Autre collision,3,-1,2,0,2,3,1,0,1,50,1,3,2,0,0,1,32.0,,voiture,,5,2,6,1,6
202400051512,2024-09-21 23:30:00,2024,9,21,23,30,47,47001,BLUM (AV. LEON),44.21384,0.65099,Nuit avec éclairage allumé,En agglomération,Giratoire,Normale,Autre collision,3,-1,2,0,2,3,1,0,1,50,1,3,2,0,0,1,32.0,,voiture,,5,2,6,1,6
202400051513,2024-02-16 01:45:00,2024,2,16,1,45,86,86293,N10,46.402656,0.235144,Nuit sans éclairage public,Hors agglomération,Hors intersection,Normale,Deux véhicules - arrière,2,1,0,0,1,1,1,0,1,90,2,2,1,0,1,0,39.0,21.0,utilitaire_camion,utilitaire_camion,3,1,1,1,2
202400051514,2024-05-02 10:00:00,2024,5,2,10,0,69,69266,12 Cours Tolstoï,45.76379,4.87097,Plein jour,En agglomération,Hors intersection,Temps couvert,Autre collision,4,1,1,2,1,1,2,0,1,30,1,2,1,0,0,1,42.0,,utilitaire_camion,,1,2,1,8,6
202400051515,2024-01-04 08:50:00,2024,1,4,8,50,56,56035,Le Gueffro,47.842226,-2.316656,Plein jour,Hors agglomération,Hors intersection,Pluie légère,Deux véhicules - côté,3,2,2,0,1,3,2,0,1,70,2,2,0,1,0,1,23.0,54.0,voiture,utilitaire_camion,1,1,1,2,3