accident_id,datetime,annee,mois,jour,heure,minute,departement,commune_insee,adresse,latitude,longitude,luminosite,agglomeration,intersection,meteo,collision,catr,circ,nbv,vosp,prof,plan,surf,infra,situ,vma,nb_vehicules,nb_usagers,nb_indemnes,nb_tues,nb_blesses_hosp,nb_blesses_legers,age_cond_1,age_cond_2,veh_type_cond_1,veh_type_cond_2,lum_code,agg_code,int_code,atm_code,col_code
202400051516,2024-07-12 19:30:00,2024,7,12,19,30,13,13051,chemin départementale 10,43.547339,5.153845,Plein jour,Hors agglomération,Hors intersection,Normale,Trois véhicules et plus - collisions multiples,3,2,2,0,1,1,1,0,3,80,1,4,0,1,3,0,36.0,,voiture,,1,1,1,1,5
202400051517,2024-10-25 18:15:00,2024,10,25,18,15,972,97230,Bassignac,14.73401,-60.985413,Plein jour,Hors agglomération,Hors intersection,Pluie forte,Autre collision,3,2,2,0,1,2,2,0,8,80,1,1,0,1,0,0,69.0,,voiture,,1,1,1,3,6
202400051518,2024-06-10 16:00:00,2024,6,10,16,0,42,42231,N7,46.100655,3.978724,Plein jour,Hors agglomération,Hors intersection,Normale,Trois véhicules et plus - collisions multiples,2,2,2,0,1,1,1,0,1,80,4,4,2,1,0,1,36.0,65.0,voiture,utilitaire_camion,1,1,1,1,5
202400051519,2024-03-27 00:20:00,2024,3,27,0,20,78,78350,VOISINS (RUE DE),48.8665,2.11299,Nuit sans éclairage public,En agglomération,Intersection en X,Normale,Deux véhicules - côté,2,2,2,0,1,1,1,0,1,50,2,6,1,0,0,5,30.0,42.0,transport_commun,utilitaire_camion,3,2,2,1,3
202400051519,2024-03-27 00:20:00,2024,3,27,0,20,78,78350,VOISINS (RUE DE),48.8665,2.11299,Nuit sans éclairage public,En agglomération,Intersection en X,Normale,Deux véhicules - côté,2,2,3,0,2,1,1,0,1,50,2,6,1,0,0,5,30.0,42.0,transport_commun,utilitaire_camion,3,2,2,1,3
202400051520,2024-12-02 09:15:00,2024,12,2,9,15,33,33522,,44.82515,-0.58913,Plein jour,En agglomération,Intersection en X,Pluie légère,Deux véhicules - côté,4,3,7,2,1,1,2,9,1,50,2,2,1,0,0,1,51.0,19.0,deux_roues,deux_roues,1,2,2,2,3
202400051520,2024-12-02 09:15:00,2024,12,2,9,15,33,33522,,44.82515,-0.58913,Plein jour,En agglomération,Intersection en X,Pluie légère,Deux véhicules - côté,4,1,3,0,1,1,2,0,1,50,2,2,1,0,0,1,51.0,19.0,deux_roues,deux_roues,1,2,2,2,3
202400051521,2024-08-16 10:10:00,2024,8,16,10,10,75,75114,RUE RAYMOND LOSSERAND,48.833587,2.317484,Plein jour,En agglomération,Intersection en T,Normale,Deux véhicules - côté,4,-1, -1,-1,1,1,1,0,1,30,2,2,1,0,0,1,36.0,21.0,utilitaire_camion,deux_roues,1,2,3,1,3
202400051521,2024-08-16 10:10:00,2024,8,16,10,10,75,75114,RUE RAYMOND LOSSERAND,48.833587,2.317484,Plein jour,En agglomération,Intersection en T,Normale,Deux véhicules - côté,4,1,1,0,1,1,1,0,1,30,2,2,1,0,0,1,36.0,21.0,utilitaire_camion,deux_roues,1,2,3,1,3
202400051522,2024-02-06 18:20:00,2024,2,6,18,20,29,29216,Rue de l'Aéroport,47.9601633,-4.17120204,Crépuscule ou aube,Hors agglomération,Hors intersection,Temps couvert,Deux véhicules - arrière,3,2,1,0,1,1,1,0,1,80,2,2,0,0,0,2,39.0,54.0,voiture,voiture,2,1,1,8,2
202400051523,2024-09-21 10:30:00,2024,9,21,10,30,47,47032,ALBERT CAMUS (avenue),44.18630674,0.6679827,Plein jour,En agglomération,Hors intersection,Normale,Autre collision,4,2,2,0,1,1,1,0,1,30,1,2,1,0,0,1,87.0,,voiture,,1,2,1,1,6
202400051524,2024-01-03 19:20:00,2024,1,3,19,20,56,56042,Lieu Dit Toulran,47.828945,-2.814485,Nuit sans éclairage public,Hors agglomération,Hors intersection,Pluie légère,Deux véhicules - frontale,3,2,2,0,1,1,2,0,1,80,2,2,0,1,0,1,61.0,32.0,utilitaire_camion,voiture,3,1,1,2,1
202400051525,2024-12-02 08:05:00,2024,12,2,8,5,33,33318,,44.79739,-0.64159,Crépuscule ou aube,En agglomération,Autre intersection,Pluie forte,Autre collision,4,2,2,2,2,1,2,0,1,50,1,2,1,0,0,1,38.0,,utilitaire_camion,,2,2,9,3,6
202400051526,2024-06-10 11:15:00,2024,6,10,11,15,971,97116,Marieulle RN5,16.325329,-61.468506,Plein jour,En agglomération,Hors intersection,Normale,Autre collision,2,2,2,0,1,1,1,0,1,50,1,3,2,1,0,0,65.0,,utilitaire_camion,,1,2,1,1,6
202400051527,2024-05-03 12:55:00,2024,5,3,12,55,69,69264,Rue Bointon,45.99643743,4.7207828,Plein jour,En agglomération,Hors intersection,Normale,Deux véhicules - côté,4,2,2,0,1,1,1,0,1,30,2,4,3,0,0,1,77.0,18.0,voiture,voiture,1,2,1,1,3
202400051528,2024-03-27 14:20:00,2024,3,27,14,20,76,76217,CANADIENS (AVENUE DES)  RD925,49.91489,1.07494,Plein jour,En agglomération,Intersection en X,Normale,Deux véhicules - côté,3,2,0,0,1,1,1,5,1,50,2,2,1,0,0,1,26.0,51.0,voiture,deux_roues,1,2,2,1,3
202400051528,2024-03-27 14:20:00,2024,3,27,14,20,76,76217,CANADIENS (AVENUE DES)  RD925,49.91489,1.07494,Plein jour,En agglomération,Intersection en X,Normale,Deux véhicules - côté,3,2,4,0,1,1,1,5,1,50,2,2,1,0,0,1,26.0,51.0,voiture,deux_roues,1,2,2,1,3
202400051529,2024-07-12 17:15:00,2024,7,12,17,15,78,78571,D307,48.853264,2.039428,Plein jour,Hors agglomération,Hors intersection,Normale,Deux véhicules - arrière,3,3,0,0,2,1,1,0,1,70,2,3,1,0,1,1,55.0,39.0,deux_roues,voiture,1,1,1,1,2
202400051530,2024-10-27 04:15:00,2024,10,27,4,15,29,29233,pk 6 D62,47.86621127,-3.52363305,Nuit sans éclairage public,Hors agglomération,Hors intersection,Normale,Sans collision,3,2,2,0,2,2,1,0,3,80,1,5,0,0,4,1,25.0,,voiture,,3,1,1,1,7
202400051531,2024-08-15 18:30:00,2024,8,15,18,30,94,94081,Rue de Choisy,48.78485074,2.40026486,Plein jour,En agglomération,Intersection en T,Normale,Autre collision,4,2,2,0,1,1,1,0,1,50,1,1,0,0,0,1,54.0,,voiture,,1,2,3,1,6
202400051532,2024-02-15 16:30:00,2024,2,15,16,30,03,03107,Route de Chouvigny,46.103262,3.046989,Plein jour,Hors agglomération,Hors intersection,Normale,Autre collision,3,2,2,0,2,2,1,0,3,90,1,1,0,0,1,0,21.0,,deux_roues,,1,1,1,1,6
202400051533,2024-01-03 14:30:00,2024,1,3,14,30,65,65363,d24,43.118387,0.428102,Plein jour,Hors agglomération,Intersection en X,Pluie légère,Deux véhicules - côté,3,2,2,0,1,1,2,5,1,80,2,2,1,0,0,1,47.0,37.0,voiture,voiture,1,1,2,2,3
202400051533,2024-01-03 14:30:00,2024,1,3,14,30,65,65363,d24,43.118387,0.428102,Plein jour,Hors agglomération,Intersection en X,Pluie légère,Deux véhicules - côté,3,2, -1,-1,1,1,2,0,1,80,2,2,1,0,0,1,47.0,37.0,voiture,voiture,1,1,2,2,3
202400051534,2024-12-02 07:30:00,2024,12,2,7,30,29,29232,Rond-Point de l'Eau Blanche,47.99162801,-4.07356783,Nuit sans éclairage public,En agglomération,Giratoire,Pluie légère,Deux véhicules - côté,3,1,1,0,4,2,2,0,1,50,2,2,1,0,0,1,19.0,27.0,deux_roues,voiture,3,2,6,2,3
202400051535,2024-10-26 22:20:00,2024,10,26,22,20,66,66211,D615,42.571254,2.770926,Nuit sans éclairage public,Hors agglomération,Hors intersection,Normale,Autre collision,3,2,2,0,2,3,1,0,1,80,1,3,1,0,1,1,18.0,,voiture,,3,1,1,1,6
202400051536,2024-06-09 18:40:00,2024,6,9,18,40,28,28007,35 Rue Hubert Baraine,48.849197,1.434145,Plein jour,En agglomération,Hors intersection,Normale,Deux véhicules - arrière,3,-1,2,0,1,1,1,0,1,50,2,2,1,0,1,0,49.0,18.0,deux_roues,voiture,1,2,1,1,2
202400051537,2024-03-27 11:55:00,2024,3,27,11,55,73,73008,D991 MARLIOZ AVENUE DE,45.67634,5.90905,Plein jour,En agglomération,Giratoire,Pluie légère,Deux véhicules - côté,3,2,2,0,1,1,2,0,1,50,2,2,1,0,0,1,65.0,16.0,voiture,deux_roues,1,2,6,2,3
202400051537,2024-03-27 11:55:00,2024,3,27,11,55,73,73008,D991 MARLIOZ AVENUE DE,45.67634,5.90905,Plein jour,En agglomération,Giratoire,Pluie légère,Deux véhicules - côté,3,2,2,0,1,1,2,5,1,50,2,2,1,0,0,1,65.0,16.0,voiture,deux_roues,1,2,6,2,3
202400051538,2024-06-25 23:28:00,2024,6,25,23,28,33,33122,,44.720587,-0.743331,Nuit sans éclairage public,Hors agglomération,Autre intersection,Normale,Deux véhicules - côté,3,2,2,0,4,1,1,0,1,80,2,2,1,0,0,1,61.0,30.0,voiture,deux_roues,3,1,9,1,3
202400051539,2024-09-22 00:30:00,2024,9,22,0,30,45,45147,143bis Rue Marcellin Berthelot,47.92831,1.91613,Nuit avec éclairage allumé,En agglomération,Intersection en T,Pluie légère,Deux véhicules - côté,4,2,2,3,1,1,2,9,6,50,2,5,4,0,0,1,,35.0,voiture,voiture,5,2,3,2,3
202400051539,2024-09-22 00:30:00,2024,9,22,0,30,45,45147,143bis Rue Marcellin Berthelot,47.92831,1.91613,Nuit avec éclairage allumé,En agglomération,Intersection en T,Pluie légère,Deux véhicules - côté,4,2,2,0,1,1,2,9,6,50,2,5,4,0,0,1,,35.0,voiture,voiture,5,2,3,2,3
202400051540,2024-05-02 17:23:00,2024,5,2,17,23,67,67462,STRASBOURG (ROUTE DE),48.27172,7.45949,Plein jour,En agglomération,Hors intersection,Pluie légère,Deux véhicules - frontale,3,2,2,0,1,1,2,0,1,40,2,3,2,0,1,0,42.0,79.0,voiture,voiture,1,2,1,2,1
202400051541,2024-01-04 08:35:00,2024,1,4,8,35,71,71170,D19,46.91426938,4.84075091,Plein jour,Hors agglomération,Hors intersection,Pluie légère,Autre collision,3,2,2,0,1,1,2,0,3,80,1,1,0,0,1,0,19.0,,voiture,,1,1,1,2,6
202400051542,2024-08-16 14:50:00,2024,8,16,14,50,94,94068,Avenue Foch,48.79913,2.49974,Plein jour,En agglomération,Intersection en T,Temps couvert,Deux véhicules - côté,3,2,2,0,1,1,1,0,1,30,2,2,1,0,0,1,74.0,53.0,voiture,deux_roues,1,2,3,8,3
202400051542,2024-08-16 14:50:00,2024,8,16,14,50,94,94068,Avenue Foch,48.79913,2.49974,Plein jour,En agglomération,Intersection en T,Temps couvert,Deux véhicules - côté,3,1,1,0,1,1,1,0,1,30,2,2,1,0,0,1,74.0,53.0,voiture,deux_roues,1,2,3,8,3
202400051543,2024-12-02 17:15:00,2024,12,2,17,15,28,28134,ITALIE (PLACE D'),48.736967,1.34832,Plein jour,En agglomération,Autre intersection,Normale,Autre collision,9,1,2,3,1,1,1,9,8,30,1,2,1,0,0,1,57.0,,voiture,,1,2,9,1,6
202400051544,2024-05-03 12:20:00,2024,5,3,12,20,64,64269,PIERRE DE BELSUNCE,43.29218,-0.3093,Plein jour,En agglomération,Hors intersection,Normale,Sans collision,4,-1,2,0,2,2,1,0,1,50,1,1,0,0,0,1,75.0,,deux_roues,,1,2,1,1,7
202400051545,2024-07-08 12:15:00,2024,7,8,12,15,77,77333,"A6, PK 76+100, direction PARIS",48.251312,2.734995,Plein jour,Hors agglomération,Hors intersection,Normale,Autre collision,1,1,3,0,1,1,1,8,1,130,1,1,0,0,1,0,23.0,,voiture,,1,1,1,1,6
202400051546,2024-02-10 10:00:00,2024,2,10,10,0,01,01294,Route de Savoie,45.682446,5.684904,Plein jour,Hors agglomération,Hors intersection,Temps couvert,Deux véhicules - frontale,3,2,2,0,1,4,8,0,1,80,2,5,0,0,3,2,45.0,59.0,voiture,voiture,1,1,1,8,1
202400051547,2024-06-11 08:45:00,2024,6,11,8,45,77,77153,Route d'Eve,49.069318,2.690288,Plein jour,Hors agglomération,Hors intersection,Normale,Deux véhicules - frontale,4,2,2,0,1,1,1,0,1,50,2,2,1,0,0,1,45.0,29.0,voiture,voiture,1,1,1,1,1
202400051548,2024-10-26 21:30:00,2024,10,26,21,30,13,13049,D17d,43.706938,5.103369,Nuit sans éclairage public,Hors agglomération,Hors intersection,Temps couvert,Deux véhicules - frontale,3,2,2,0,1,3,2,0,1,80,2,3,2,0,1,0,42.0,19.0,voiture,voiture,3,1,1,8,1
202400051549,2024-01-04 17:20:00,2024,1,4,17,20,89,89464,Route de Beaudemont,48.078368,3.298446,Crépuscule ou aube,Hors agglomération,Hors intersection,Temps couvert,Deux véhicules - frontale,4,2,2,0,1,1,1,0,1,80,2,2,1,0,1,0,15.0,35.0,deux_roues,voiture,2,1,1,8,1
202400051550,2024-09-21 03:45:00,2024,9,21,3,45,44,44020,,47.17606,-1.59742,Nuit sans éclairage public,Hors agglomération,Hors intersection,Pluie légère,Deux véhicules - arrière,2,3,4,0,1,1,2,0,1,70,2,2,1,0,0,1,,30.0,utilitaire_camion,voiture,3,1,1,2,2
202400051551,2024-08-16 18:35:00,2024,8,16,18,35,94,94052,Grande Rue Charles de Gaulle,48.8384,2.49175,Plein jour,En agglomération,Hors intersection,Temps couvert,Autre collision,9,2,2,2,2,1,1,0,4,50,1,2,1,0,0,1,16.0,,deux_roues,,1,2,1,8,6
202400051552,2024-03-26 14:55:00,2024,3,26,14,55,72,72181,LECOUTEUX LIONEL (PL) N° 3,48.00558,0.20168,Plein jour,En agglomération,Giratoire,Pluie légère,Deux véhicules - côté,4,1,1,0,1,2,2,0,1,50,2,2,1,0,0,1,56.0,74.0,deux_roues,voiture,1,2,6,2,3
202400051552,2024-03-26 14:55:00,2024,3,26,14,55,72,72181,LECOUTEUX LIONEL (PL) N° 3,48.00558,0.20168,Plein jour,En agglomération,Giratoire,Pluie légère,Deux véhicules - côté,4,1,1,0,1,2,2,5,1,50,2,2,1,0,0,1,56.0,74.0,deux_roues,voiture,1,2,6,2,3
202400051553,2024-05-03 14:08:00,2024,5,3,14,8,64,64445,CHAMPETIER DE RIBES,43.30357,-0.37814,Plein jour,En agglomération,Hors intersection,Normale,Autre collision,4,2,2,0,1,1,1,0,1,50,1,2,1,0,0,1,44.0,,utilitaire_camion,,1,2,1,1,6
202400051554,2024-07-13 14:00:00,2024,7,13,14,0,971,97108,Boulogne,15.945154,-61.223792,Plein jour,Hors agglomération,Hors intersection,Normale,Autre collision,4,2,2,0,2,3,1,0,8,80,1,1,0,0,0,1,32.0,,deux_roues,,1,1,1,1,6
202400051555,2024-12-02 16:20:00,2024,12,2,16,20,28,28404,RN 154,48.70877619,1.36990851,Crépuscule ou aube,Hors agglomération,Hors intersection,Normale,Deux véhicules - frontale,2,1,1,0,1,1,1,0,1,90,2,2,1,0,0,1,48.0,57.0,voiture,utilitaire_camion,2,1,1,1,1
202400051556,2024-10-27 09:10:00,2024,10,27,9,10,88,88150,D79,48.337834,5.915499,Plein jour,Hors agglomération,Hors intersection,Normale,Autre collision,3,2,2,0,1,1,1,0,3,90,1,1,0,0,1,0,39.0,,voiture,,1,1,1,1,6
202400051557,2024-02-14 17:30:00,2024,2,14,17,30,58,58302,route départementale 1,47.214613,3.067074,Plein jour,Hors agglomération,Hors intersection,Normale,Deux véhicules - côté,3,2,2,0,1,1,1,0,1,80,2,3,0,0,2,1,83.0,23.0,voiture,voiture,1,1,1,1,3
202400051558,2024-06-10 08:13:00,2024,6,10,8,13,77,77183,D603,48.950769,3.126453,Crépuscule ou aube,En agglomération,Hors intersection,Normale,Autre collision,3,2,2,0,2,1,1,0,1,50,1,2,1,0,0,1,20.0,,voiture,,2,2,1,1,6
202400051559,2024-01-03 23:15:00,2024,1,3,23,15,34,34086,intersection D612/ D169 lieu dit Cabane,43.479763,2.680342,Nuit sans éclairage public,Hors agglomération,Intersection en Y,Normale,Autre collision,3,2,2,0,2,3,1,9,3,90,1,1,0,0,1,0,23.0,,voiture,,3,1,4,1,6
202400051559,2024-01-03 23:15:00,2024,1,3,23,15,34,34086,intersection D612/ D169 lieu dit Cabane,43.479763,2.680342,Nuit sans éclairage public,Hors agglomération,Intersection en Y,Normale,Autre collision,3,2, -1,-1,1,1,1,0,1,-1,1,1,0,0,1,0,23.0,,voiture,,3,1,4,1,6
202400051560,2024-09-21 17:20:00,2024,9,21,17,20,41,41018,LAIGRET (AVENUE DU DOCTEUR JEAN),47.58526,1.32443,Plein jour,En agglomération,Hors intersection,Normale,Deux véhicules - côté,4,2,2,0,1,1,1,6,1,30,2,2,1,0,0,1,49.0,58.0,voiture,transport_commun,1,2,1,1,3
202400051561,2024-08-16 21:55:00,2024,8,16,21,55,94,94054,Rue du Puits Dixme,48.74767,2.38847,Nuit avec éclairage allumé,En agglomération,Autre intersection,Normale,Deux véhicules - frontale,4,2,2,0,1,1,1,0,1,15,2,2,1,0,1,0,51.0,39.0,deux_roues,voiture,5,2,9,1,1
202400051562,2024-03-26 14:54:00,2024,3,26,14,54,72,72181,ZAMENHOF DOCTEUR (AV DU),48.01756,0.2185,Plein jour,En agglomération,Giratoire,Pluie légère,Deux véhicules - côté,4,1,2,0,1,2,2,0,1,50,2,2,1,0,0,1,32.0,84.0,deux_roues,voiture,1,2,6,2,3
202400051562,2024-03-26 14:54:00,2024,3,26,14,54,72,72181,ZAMENHOF DOCTEUR (AV DU),48.01756,0.2185,Plein jour,En agglomération,Giratoire,Pluie légère,Deux véhicules - côté,4,1,1,0,1,2,2,5,1,50,2,2,1,0,0,1,32.0,84.0,deux_roues,voiture,1,2,6,2,3
202400051563,2024-07-13 06:00:00,2024,7,13,6,0,971,97129,Nolivier,16.293809,-61.670632,Crépuscule ou aube,Hors agglomération,Hors intersection,Normale,Deux véhicules - frontale,2,2,2,0,2,1,2,0,1,80,2,3,0,0,2,1,32.0,72.0,voiture,voiture,2,1,1,1,1
202400051564,2024-02-15 22:25:00,2024,2,15,22,25,58,58273,"D981 PK 6,6",46.964059,3.234143,Nuit sans éclairage public,Hors agglomération,Hors intersection,Normale,Deux véhicules - frontale,3,2,2,0,1,1,1,0,8,90,1,1,0,0,1,0,36.0,,voiture,,3,1,1,1,1
202400051565,2024-05-03 07:45:00,2024,5,3,7,45,64,64445,HENRI FAISANS,43.30052,-0.36032,Plein jour,En agglomération,Intersection en T,Normale,Deux véhicules - côté,4,2,2,0,1,1,1,0,1,50,2,2,1,0,0,1,53.0,64.0,voiture,deux_roues,1,2,3,1,3
202400051565,2024-05-03 07:45:00,2024,5,3,7,45,64,64445,HENRI FAISANS,43.30052,-0.36032,Plein jour,En agglomération,Intersection en T,Normale,Deux véhicules - côté,4,2, -1,-1,1,1,1,0,1,50,2,2,1,0,0,1,53.0,64.0,voiture,deux_roues,1,2,3,1,3
202400051566,2024-12-02 10:38:00,2024,12,2,10,38,25,25056,CHURCHILL BD WINSTON (inf 12),47.246395,5.997937,Plein jour,En agglomération,Intersection en X,Pluie légère,Deux véhicules - arrière,4,2,3,2,3,1,2,5,1,50,2,2,1,0,0,1,29.0,30.0,voiture,deux_roues,1,2,2,2,2
202400051566,2024-12-02 10:38:00,2024,12,2,10,38,25,25056,CHURCHILL BD WINSTON (inf 12),47.246395,5.997937,Plein jour,En agglomération,Intersection en X,Pluie légère,Deux véhicules - arrière,4,3,4,0,2,1,2,0,1,50,2,2,1,0,0,1,29.0,30.0,voiture,deux_roues,1,2,2,2,2
202400051567,2024-10-27 05:50:00,2024,10,27,5,50,57,57589,D662 PK 34+570,49.054105,7.265257,Nuit avec éclairage allumé,En agglomération,Autre intersection,Brouillard / fumée,Autre collision,3,2,2,0,2,3,2,0,3,50,1,2,1,1,0,0,67.0,,voiture,,5,2,9,5,6
202400051568,2024-06-10 19:15:00,2024,6,10,19,15,34,34289,D125,43.380567,3.397694,Plein jour,Hors agglomération,Intersection en T,Normale,Deux véhicules - arrière,3,2,2,0,1,2,1,0,1,80,2,2,1,0,1,0,30.0,58.0,deux_roues,voiture,1,1,3,1,2
202400051568,2024-06-10 19:15:00,2024,6,10,19,15,34,34289,D125,43.380567,3.397694,Plein jour,Hors agglomération,Intersection en T,Normale,Deux véhicules - arrière,3,2, -1,-1,1,1,1,0,1,-1,2,2,1,0,1,0,30.0,58.0,deux_roues,voiture,1,1,3,1,2
202400051569,2024-03-27 12:10:00,2024,3,27,12,10,71,71486,Avenue Jean Jaurès,46.64419,4.35555,Plein jour,En agglomération,Hors intersection,Normale,Autre collision,4,2,2,0,1,1,1,0,3,50,1,1,0,0,0,1,16.0,,deux_roues,,1,2,1,1,6
202400051570,2024-09-21 14:15:00,2024,9,21,14,15,38,38179,RUE DE L'ÉTANG,45.18423,5.78106,Plein jour,En agglomération,Hors intersection,Normale,Deux véhicules - frontale,4,2,2,2,1,1,1,9,5,30,2,2,1,0,1,0,,42.0,deux_roues,deux_roues,1,2,1,1,1
202400051571,2024-01-04 20:30:00,2024,1,4,20,30,68,68068,pk 0 D14bv,47.63112,7.115246,Nuit avec éclairage allumé,En agglomération,Giratoire,Normale,Deux véhicules - côté,3,2,2,0,2,2,1,0,1,50,2,2,1,0,0,1,26.0,21.0,voiture,deux_roues,5,2,6,1,3
202400051571,2024-01-04 20:30:00,2024,1,4,20,30,68,68068,pk 0 D14bv,47.63112,7.115246,Nuit avec éclairage allumé,En agglomération,Giratoire,Normale,Deux véhicules - côté,3,2,1,0,2,3,1,9,1,50,2,2,1,0,0,1,26.0,21.0,voiture,deux_roues,5,2,6,1,3
202400051572,2024-08-16 13:40:00,2024,8,16,13,40,94,94022,Avenue Victor Hugo,48.76928,2.42196,Plein jour,En agglomération,Hors intersection,Normale,Deux véhicules - arrière,3,1,2,0,1,1,1,0,1,30,2,2,1,0,0,1,24.0,32.0,voiture,utilitaire_camion,1,2,1,1,2
202400051573,2024-07-12 11:40:00,2024,7,12,11,40,977,97701,RTE DE SAINT JEAN,17.902521,-62.836014,Plein jour,En agglomération,Hors intersection,Normale,Deux véhicules - frontale,2,2,2,0,1,2,1,9,1,30,2,2,1,0,1,0,35.0,55.0,deux_roues,deux_roues,1,2,1,1,1
202400051574,2024-05-03 16:40:00,2024,5,3,16,40,63,63300,LIBERTE (RUE DE LA),45.89499,3.11088,Plein jour,En agglomération,Hors intersection,Normale,Autre collision,4,1,1,0,2,1,1,0,8,30,1,2,1,0,0,1,81.0,,voiture,,1,2,1,1,6
202400051575,2024-06-11 04:31:00,2024,6,11,4,31,04,04245,RD 4096,43.855883,5.830135,Nuit sans éclairage public,Hors agglomération,Hors intersection,Normale,Deux véhicules - frontale,3,2,2,0,1,1,1,0,1,80,2,2,1,0,0,1,20.0,59.0,voiture,voiture,3,1,1,1,1
202400051576,2024-10-27 14:25:00,2024,10,27,14,25,38,38565,1328 Route de Veurey,45.273505,5.633492,Plein jour,Hors agglomération,Intersection en X,Normale,Deux véhicules - arrière,3,2,2,0,1,1,1,0,1,70,2,2,1,0,0,1,40.0,50.0,utilitaire_camion,deux_roues,1,1,2,1,2
202400051576,2024-10-27 14:25:00,2024,10,27,14,25,38,38565,1328 Route de Veurey,45.273505,5.633492,Plein jour,Hors agglomération,Intersection en X,Normale,Deux véhicules - arrière,3,2,2,0,1,1,1,0,1,50,2,2,1,0,0,1,40.0,50.0,utilitaire_camion,deux_roues,1,1,2,1,2
202400051577,2024-02-16 16:45:00,2024,2,16,16,45,73,73079,D1006,45.556582,6.176376,Plein jour,Hors agglomération,Intersection en T,Normale,Trois véhicules et plus - collisions multiples,3,2,2,0,1,1,1,0,1,80,3,3,2,0,0,1,58.0,74.0,voiture,utilitaire_camion,1,1,3,1,5
202400051577,2024-02-16 16:45:00,2024,2,16,16,45,73,73079,D1006,45.556582,6.176376,Plein jour,Hors agglomération,Intersection en T,Normale,Trois véhicules et plus - collisions multiples,3,2,2,0,1,1,1,0,1,80,3,3,2,0,0,1,58.0,74.0,voiture,utilitaire_camion,1,1,3,1,5
202400051578,2024-03-27 17:45:00,2024,3,27,17,45,71,71153,LAMINEURS (RUE DES),46.80443805,4.43719245,Plein jour,En agglomération,Hors intersection,Normale,Autre collision,4,2,2,0,1,1,1,0,1,50,1,2,1,0,0,1,68.0,,voiture,,1,2,1,1,6
202400051579,2024-01-03 07:50:00,2024,1,3,7,50,44,44003,590 Rue Francois Rene Chateaubriand,47.378451,-1.181792,Crépuscule ou aube,En agglomération,Hors intersection,Normale,Deux véhicules - côté,4,2,2,0,1,1,2,0,1,50,2,2,1,0,0,1,52.0,19.0,voiture,deux_roues,2,2,1,1,3
202400051580,2024-07-11 18:05:00,2024,7,11,18,5,972,97230,Route nationale 1,14.740248,-60.951503,Plein jour,Hors agglomération,Hors intersection,Pluie légère,Deux véhicules - frontale,2,2,3,0,2,2,2,0,1,80,2,2,1,0,1,0,62.0,44.0,voiture,voiture,1,1,1,2,1
202400051581,2024-11-30 22:28:00,2024,11,30,22,28,21,21054,Route de Savigny,47.038268,4.840549,Nuit avec éclairage allumé,En agglomération,Intersection en X,Brouillard / fumée,Deux véhicules - côté,4,2,2,0,1,1,1,0,1,50,2,3,1,0,0,2,19.0,54.0,deux_roues,voiture,5,2,2,5,3
202400051581,2024-11-30 22:28:00,2024,11,30,22,28,21,21054,Route de Savigny,47.038268,4.840549,Nuit avec éclairage allumé,En agglomération,Intersection en X,Brouillard / fumée,Deux véhicules - côté,4,2,2,0,1,1,1,0,1,50,2,3,1,0,0,2,19.0,54.0,deux_roues,voiture,5,2,2,5,3
202400051582,2024-08-15 19:15:00,2024,8,15,19,15,93,93010,Route de Villemomble,48.89120033,2.4906562,Plein jour,En agglomération,Intersection en T,Normale,Deux véhicules - frontale,4,2,2,0,1,1,1,0,1,30,2,2,1,0,1,0,9.0,17.0,deux_roues,voiture,1,2,3,1,1
202400051583,2024-10-26 18:15:00,2024,10,26,18,15,38,38236,1240 Chemin du Billard,45.446474,5.733549,Crépuscule ou aube,En agglomération,Hors intersection,Pluie légère,Sans collision,4,2,2,0,1,3,2,0,1,50,1,2,1,0,1,0,38.0,,deux_roues,,2,2,1,2,7
202400051584,2024-09-21 13:05:00,2024,9,21,13,5,35,35238,RN136,48.11132,-1.7182,Plein jour,Hors agglomération,Hors intersection,Normale,Trois véhicules et plus - en chaîne,2,3,6,0,1,1,1,0,1,90,4,6,3,0,0,3,31.0,26.0,voiture,voiture,1,1,1,1,4
202400051585,2024-06-09 20:00:00,2024,6,9,20,0,13,13004,RN 568,43.58373195,4.76573838,Crépuscule ou aube,Hors agglomération,Intersection en X,Normale,Deux véhicules - côté,2,3,0,0,1,2,1,0,1,90,2,4,1,0,0,3,32.0,44.0,voiture,utilitaire_camion,2,1,2,1,3
202400051585,2024-06-09 20:00:00,2024,6,9,20,0,13,13004,RN 568,43.58373195,4.76573838,Crépuscule ou aube,Hors agglomération,Intersection en X,Normale,Deux véhicules - côté,2,3, -1,-1,1,2,1,0,1,-1,2,4,1,0,0,3,32.0,44.0,voiture,utilitaire_camion,2,1,2,1,3
202400051586,2024-03-26 20:20:00,2024,3,26,20,20,67,67482,ROMAINS (ROUTE DES),48.57800786,7.70298243,Nuit avec éclairage allumé,En agglomération,Hors intersection,Normale,Sans collision,4,2,4,2,1,2,9,8,1,50,1,1,0,0,0,1,34.0,,deux_roues,,5,2,1,1,7
202400051587,2024-10-27 15:20:00,2024,10,27,15,20,07,07097,D86,45.00463,4.836059,Plein jour,Hors agglomération,Hors intersection,Normale,Sans collision,3,2,2,0,1,1,2,9,8,90,1,1,0,0,1,0,51.0,,deux_roues,,1,1,1,1,7