accident_id,datetime,annee,mois,jour,heure,minute,departement,commune_insee,adresse,latitude,longitude,luminosite,agglomeration,intersection,meteo,collision,catr,circ,nbv,vosp,prof,plan,surf,infra,situ,vma,nb_vehicules,nb_usagers,nb_indemnes,nb_tues,nb_blesses_hosp,nb_blesses_legers,age_cond_1,age_cond_2,veh_type_cond_1,veh_type_cond_2,lum_code,agg_code,int_code,atm_code,col_code
202400051588,2024-05-01 15:00:00,2024,5,1,15,0,63,63300,RD 2009,45.89569,3.14025,Plein jour,Hors agglomération,Giratoire,Pluie légère,Deux véhicules - arrière,3,2,2,-1,1,1,2,5,1,50,2,2,1,0,0,1,85.0,46.0,voiture,voiture,1,1,6,2,2
202400051588,2024-05-01 15:00:00,2024,5,1,15,0,63,63300,RD 2009,45.89569,3.14025,Plein jour,Hors agglomération,Giratoire,Pluie légère,Deux véhicules - arrière,3,1,2,0,1,2,2,0,1,90,2,2,1,0,0,1,85.0,46.0,voiture,voiture,1,1,6,2,2
202400051589,2024-02-15 17:10:00,2024,2,15,17,10,37,37250,D21,47.19920587,0.67221585,Plein jour,Hors agglomération,Hors intersection,Normale,Sans collision,3,2,2,0,1,1,1,0,1,80,1,1,0,0,1,0,26.0,,deux_roues,,1,1,1,1,7
202400051590,2024-01-04 07:30:00,2024,1,4,7,30,02,02361,,49.896397,3.628664,Nuit avec éclairage allumé,En agglomération,Intersection en X,Normale,Deux véhicules - côté,3,2,2,0,1,1,1,0,1,50,2,2,1,0,0,1,61.0,50.0,utilitaire_camion,voiture,5,2,2,1,3
202400051590,2024-01-04 07:30:00,2024,1,4,7,30,02,02361,,49.896397,3.628664,Nuit avec éclairage allumé,En agglomération,Intersection en X,Normale,Deux véhicules - côté,3,1, -1,-1,1,1,1,0,1,-1,2,2,1,0,0,1,61.0,50.0,utilitaire_camion,voiture,5,2,2,1,3
202400051591,2024-12-02 08:10:00,2024,12,2,8,10,17,17415,DICONCHE,45.724402,-0.639156,Plein jour,Hors agglomération,Giratoire,Pluie légère,Deux véhicules - arrière,2,1,2,0,1,3,2,9,1,50,2,2,1,0,0,1,49.0,30.0,utilitaire_camion,deux_roues,1,1,6,2,2
202400051591,2024-12-02 08:10:00,2024,12,2,8,10,17,17415,DICONCHE,45.724402,-0.639156,Plein jour,Hors agglomération,Giratoire,Pluie légère,Deux véhicules - arrière,2,2,2,0,1,3,2,9,1,50,2,2,1,0,0,1,49.0,30.0,utilitaire_camion,deux_roues,1,1,6,2,2
202400051592,2024-06-08 12:25:00,2024,6,8,12,25,08,08190,D949,50.131707,4.867941,Plein jour,Hors agglomération,Hors intersection,Normale,Sans collision,3,2,2,0,1,1,1,0,8,90,1,2,1,0,1,0,52.0,,voiture,,1,1,1,1,7
202400051593,2024-08-15 14:15:00,2024,8,15,14,15,93,93007,Avenue du Capitaine Fonck / Avenue Marcel Alizard,48.9465972,2.44614462,Plein jour,En agglomération,Intersection en X,Normale,Deux véhicules - côté,4,1,1,0,1,1,1,0,1,50,2,2,1,0,0,1,60.0,29.0,voiture,deux_roues,1,2,2,1,3
202400051593,2024-08-15 14:15:00,2024,8,15,14,15,93,93007,Avenue du Capitaine Fonck / Avenue Marcel Alizard,48.9465972,2.44614462,Plein jour,En agglomération,Intersection en X,Normale,Deux véhicules - côté,4,2,2,0,1,1,1,0,1,50,2,2,1,0,0,1,60.0,29.0,voiture,deux_roues,1,2,2,1,3
202400051594,2024-10-26 17:15:00,2024,10,26,17,15,07,07040,rue du belvédère,45.036512,4.681479,Plein jour,En agglomération,Hors intersection,Normale,Autre collision,4,2,2,0,2,1,1,0,1,50,1,1,0,0,0,1,78.0,,voiture,,1,2,1,1,6
202400051595,2024-09-20 17:15:00,2024,9,20,17,15,35,35281,DODIN (AVENUE ROGER),48.08841,-1.70685,Plein jour,En agglomération,Intersection en T,Normale,Deux véhicules - côté,7,3,4,1,1,1,1,0,1,50,2,2,1,0,0,1,26.0,24.0,utilitaire_camion,deux_roues,1,2,3,1,3
202400051595,2024-09-20 17:15:00,2024,9,20,17,15,35,35281,DODIN (AVENUE ROGER),48.08841,-1.70685,Plein jour,En agglomération,Intersection en T,Normale,Deux véhicules - côté,7,2,2,0,1,1,1,0,1,30,2,2,1,0,0,1,26.0,24.0,utilitaire_camion,deux_roues,1,2,3,1,3
202400051596,2024-01-04 11:30:00,2024,1,4,11,30,84,84050,D2 les imberts,43.891212,5.185955,Plein jour,Hors agglomération,Hors intersection,Normale,Sans collision,3,2,2,0,1,3,1,0,8,80,1,1,0,0,0,1,33.0,,voiture,,1,1,1,1,7
202400051597,2024-03-25 16:24:00,2024,3,25,16,24,67,67180,LATTRE DE TASSIGNY (BLD DE),48.8215,7.79092,Plein jour,En agglomération,Hors intersection,Normale,Trois véhicules et plus - en chaîne,4,-1,2,0,1,1,1,0,1,50,3,3,1,0,0,2,36.0,22.0,voiture,voiture,1,2,1,1,4
202400051598,2024-05-02 23:45:00,2024,5,2,23,45,59,59599,ROITELET (RUE DU),50.74085,3.17825,Nuit avec éclairage allumé,En agglomération,Hors intersection,Normale,Deux véhicules - frontale,4,2,2,0,1,1,1,0,1,50,2,3,1,0,2,0,19.0,54.0,deux_roues,voiture,5,2,1,1,1
202400051599,2024-02-15 13:25:00,2024,2,15,13,25,973,97309,Route de Montjoly,4.919392,-52.278673,Plein jour,En agglomération,Hors intersection,Normale,Deux véhicules - arrière,3,2,1,3,1,1,1,0,1,50,2,2,1,0,1,0,34.0,80.0,deux_roues,deux_roues,1,2,1,1,2
202400051600,2024-07-12 06:30:00,2024,7,12,6,30,66,66136,chemin des terres rousses,42.708362,2.976587,Plein jour,Hors agglomération,Intersection en T,Normale,Deux véhicules - côté,4,2,2,0,1,1,1,0,1,80,2,2,1,0,0,1,53.0,62.0,deux_roues,voiture,1,1,3,1,3
202400051600,2024-07-12 06:30:00,2024,7,12,6,30,66,66136,chemin des terres rousses,42.708362,2.976587,Plein jour,Hors agglomération,Intersection en T,Normale,Deux véhicules - côté,4,2, -1,-1,2,1,1,0,8,80,2,2,1,0,0,1,53.0,62.0,deux_roues,voiture,1,1,3,1,3
202400051601,2024-06-11 08:24:00,2024,6,11,8,24,01,01249,Rue Joseph Carre,45.826728,4.953026,Plein jour,En agglomération,Intersection en X,Normale,Deux véhicules - côté,3,2,2,0,2,2,1,0,1,50,2,2,1,0,0,1,56.0,34.0,deux_roues,voiture,1,2,2,1,3
202400051601,2024-06-11 08:24:00,2024,6,11,8,24,01,01249,Rue Joseph Carre,45.826728,4.953026,Plein jour,En agglomération,Intersection en X,Normale,Deux véhicules - côté,3,-1, -1,0,1,1,1,0,1,50,2,2,1,0,0,1,56.0,34.0,deux_roues,voiture,1,2,2,1,3
202400051602,2024-11-19 09:00:00,2024,11,19,9,0,14,14118,Boulevard Maréchal Juin,49.19735632,-0.39687051,Plein jour,En agglomération,Hors intersection,Normale,Deux véhicules - arrière,3,2,2,2,1,1,1,0,5,50,2,2,1,0,0,1,18.0,23.0,voiture,deux_roues,1,2,1,1,2
202400051603,2024-08-16 13:15:00,2024,8,16,13,15,92,92050,TRIAIRE PHILIPPE RUE,48.8812937,2.2133809,Plein jour,En agglomération,Intersection en T,Normale,Deux véhicules - côté,4,1,1,0,1,1,1,0,8,50,2,2,1,0,0,1,42.0,28.0,utilitaire_camion,deux_roues,1,2,3,1,3
202400051603,2024-08-16 13:15:00,2024,8,16,13,15,92,92050,TRIAIRE PHILIPPE RUE,48.8812937,2.2133809,Plein jour,En agglomération,Intersection en T,Normale,Deux véhicules - côté,4,1,1,0,2,1,1,0,8,50,2,2,1,0,0,1,42.0,28.0,utilitaire_camion,deux_roues,1,2,3,1,3
202400051604,2024-08-27 23:15:00,2024,8,27,23,15,69,69187,Chemin des Alouettes,45.766337,4.421219,Nuit sans éclairage public,Hors agglomération,Intersection en T,Normale,Sans collision,4,2,2,0,1,1,1,0,1,-1,1,2,1,0,1,0,18.0,,voiture,,3,1,3,1,7
202400051604,2024-08-27 23:15:00,2024,8,27,23,15,69,69187,Chemin des Alouettes,45.766337,4.421219,Nuit sans éclairage public,Hors agglomération,Intersection en T,Normale,Sans collision,4,2,2,0,2,1,1,0,1,50,1,2,1,0,1,0,18.0,,voiture,,3,1,3,1,7
202400051605,2024-05-03 20:55:00,2024,5,3,20,55,59,59043,BELLEKINDSTRAETE,50.73718,2.74739,Plein jour,Hors agglomération,Autre intersection,Normale,Sans collision,4,2,1,0,1,1,1,0,1,50,1,1,0,0,0,1,26.0,,voiture,,1,1,9,1,7
202400051606,2024-02-15 05:25:00,2024,2,15,5,25,973,97309,Route du Tigre,4.905876,-52.304851,Nuit avec éclairage allumé,En agglomération,Intersection en T,Normale,Deux véhicules - frontale,3,2,2,0,1,2,1,0,1,50,2,2,1,0,1,0,37.0,37.0,voiture,deux_roues,5,2,3,1,1
202400051606,2024-02-15 05:25:00,2024,2,15,5,25,973,97309,Route du Tigre,4.905876,-52.304851,Nuit avec éclairage allumé,En agglomération,Intersection en T,Normale,Deux véhicules - frontale,3,2, -1,-1,1,1,1,0,1,-1,2,2,1,0,1,0,37.0,37.0,voiture,deux_roues,5,2,3,1,1
202400051607,2024-07-12 17:45:00,2024,7,12,17,45,34,34213,D2,43.511452,3.657042,Plein jour,Hors agglomération,Intersection en T,Normale,Deux véhicules - côté,3,2,1,0,1,1,1,5,1,80,2,2,1,0,0,1,66.0,21.0,voiture,deux_roues,1,1,3,1,3
202400051607,2024-07-12 17:45:00,2024,7,12,17,45,34,34213,D2,43.511452,3.657042,Plein jour,Hors agglomération,Intersection en T,Normale,Deux véhicules - côté,3,2, -1,-1,1,1,1,0,1,-1,2,2,1,0,0,1,66.0,21.0,voiture,deux_roues,1,1,3,1,3
202400051608,2024-06-10 10:55:00,2024,6,10,10,55,56,56114,Kerdavid,47.300333,-3.1078005,Plein jour,Hors agglomération,Hors intersection,Normale,Deux véhicules - frontale,4,2,2,0,1,4,1,0,1,70,2,2,1,1,0,0,40.0,58.0,voiture,deux_roues,1,1,1,1,1
202400051609,2024-01-03 17:15:00,2024,1,3,17,15,01,01389,D936 ,46.048753,4.870688,Nuit sans éclairage public,Hors agglomération,Hors intersection,Normale,Trois véhicules et plus - collisions multiples,3,2,2,0,2,1,1,0,1,80,3,4,0,0,3,1,20.0,37.0,voiture,voiture,3,1,1,1,5
202400051610,2024-11-29 17:40:00,2024,11,29,17,40,14,14327,N 814,49.18792,-0.33089,Crépuscule ou aube,En agglomération,Hors intersection,Normale,Deux véhicules - arrière,2,3,2,0,4,1,1,0,1,70,2,2,1,0,0,1,39.0,46.0,voiture,utilitaire_camion,2,2,1,1,2
202400051611,2024-05-03 02:35:00,2024,5,3,2,35,56,56121,Quai Charles de Rohan,47.74559,-3.36243,Nuit avec éclairage allumé,En agglomération,Hors intersection,Normale,Autre collision,4,2,2,0,1,1,1,0,1,30,1,2,1,0,0,1,20.0,,deux_roues,,5,2,1,1,6
202400051612,2024-03-26 08:05:00,2024,3,26,8,5,66,66136,Boulevard Félix MERCADER,42.69375,2.89037,Plein jour,En agglomération,Intersection en X,Pluie légère,Deux véhicules - arrière,4,2, -1,-1,1,1,2,5,8,50,2,3,1,0,0,2,30.0,36.0,utilitaire_camion,transport_commun,1,2,2,2,2
202400051612,2024-03-26 08:05:00,2024,3,26,8,5,66,66136,Boulevard Félix MERCADER,42.69375,2.89037,Plein jour,En agglomération,Intersection en X,Pluie légère,Deux véhicules - arrière,4,2,4,0,2,1,2,0,1,50,2,3,1,0,0,2,30.0,36.0,utilitaire_camion,transport_commun,1,2,2,2,2
202400051613,2024-10-22 09:45:00,2024,10,22,9,45,17,17093,Place de la République,45.88664,-1.195187,Plein jour,En agglomération,Hors intersection,Temps éblouissant,Autre collision,6,-1, -1,0,1,1,1,0,1,30,1,2,1,0,1,0,55.0,,voiture,,1,2,1,7,6
202400051614,2024-09-21 19:30:00,2024,9,21,19,30,31,31555,33 B SESQUIERES  (PERIPH OUEST A620),43.62075,1.41826,Crépuscule ou aube,Hors agglomération,Hors intersection,Temps couvert,Deux véhicules - côté,1,2,3,0,1,1,1,0,1,90,2,8,7,0,1,0,49.0,62.0,utilitaire_camion,utilitaire_camion,2,1,1,8,3
202400051615,2024-08-16 05:45:00,2024,8,16,5,45,92,92024,HENRI BARBUSSE (RUE) DE (68 A 102),48.90090725,2.30805427,Nuit avec éclairage allumé,En agglomération,Intersection en X,Normale,Deux véhicules - côté,3,2,3,0,1,1,1,5,1,30,2,2,1,0,0,1,21.0,59.0,deux_roues,voiture,5,2,2,1,3
202400051615,2024-08-16 05:45:00,2024,8,16,5,45,92,92024,HENRI BARBUSSE (RUE) DE (68 A 102),48.90090725,2.30805427,Nuit avec éclairage allumé,En agglomération,Intersection en X,Normale,Deux véhicules - côté,3,1,3,1,1,1,1,5,1,30,2,2,1,0,0,1,21.0,59.0,deux_roues,voiture,5,2,2,1,3
202400051616,2024-01-03 14:40:00,2024,1,3,14,40,60,60471,D1032,49.568312,2.998323,Plein jour,Hors agglomération,Hors intersection,Pluie forte,Deux véhicules - frontale,3,2,2,0,1,1,2,0,1,80,2,2,0,0,1,1,36.0,56.0,utilitaire_camion,voiture,1,1,1,3,1
202400051617,2024-12-03 00:20:00,2024,12,3,0,20,13,13215,VISTE (AVENUE DE LA),43.35662,5.35755,Nuit avec éclairage allumé,En agglomération,Hors intersection,Normale,Sans collision,4,-1,2,0,2,1,1,0,1,50,1,2,1,0,1,0,,,utilitaire_camion,,5,2,1,1,7
202400051618,2024-06-11 08:00:00,2024,6,11,8,0,60,60342,D1016,49.31225003,2.44713163,Plein jour,Hors agglomération,Hors intersection,Normale,Deux véhicules - côté,3,3,2,0,1,1,1,0,1,110,2,2,1,0,0,1,44.0,49.0,voiture,deux_roues,1,1,1,1,3
202400051619,2024-10-27 17:50:00,2024,10,27,17,50,14,14424,Route de Pont-Farcy,48.888205,-0.981796,Crépuscule ou aube,Hors agglomération,Hors intersection,Normale,Autre collision,3,2,2,0,2,3,1,0,3,80,1,1,0,0,1,0,46.0,,deux_roues,,2,1,1,1,6
202400051620,2024-08-15 04:50:00,2024,8,15,4,50,78,78470,route départementale 150,48.579988,1.775603,Nuit avec éclairage non allumé,Hors agglomération,Hors intersection,Normale,Sans collision,3,2,2,0,1,1,1,0,3,70,1,1,0,0,0,1,27.0,,voiture,,4,1,1,1,7
202400051621,2024-07-12 21:30:00,2024,7,12,21,30,34,34090,M65,43.658884,3.935082,Nuit sans éclairage public,En agglomération,Giratoire,Normale,Trois véhicules et plus - collisions multiples,7,2,1,0,1,1,1,0,1,50,3,6,1,0,0,5,40.0,39.0,voiture,voiture,3,2,6,1,5
202400051622,2024-03-27 13:50:00,2024,3,27,13,50,64,64445,CAMI SALIE DU,43.33243,-0.36677,Plein jour,En agglomération,Hors intersection,Normale,Deux véhicules - arrière,4,3,2,0,1,1,1,0,1,50,2,3,1,0,0,2,60.0,46.0,voiture,voiture,1,2,1,1,2
202400051623,2024-05-03 14:50:00,2024,5,3,14,50,54,54395,Rue de la Ravinelle,48.69403,6.17365,Plein jour,En agglomération,Hors intersection,Normale,Deux véhicules - arrière,4,1,1,2,1,1,1,-1,1,30,2,4,2,0,0,2,25.0,73.0,utilitaire_camion,voiture,1,2,1,1,2
202400051624,2024-09-21 14:00:00,2024,9,21,14,0,31,31555,RUE HENRI DESBALS,43.58246855,1.4143315,Plein jour,En agglomération,Intersection en T,Normale,Autre collision,4,2,2,0,1,1,1,0,1,50,2,2,1,0,0,1,21.0,24.0,deux_roues,voiture,1,2,3,1,6
202400051624,2024-09-21 14:00:00,2024,9,21,14,0,31,31555,RUE HENRI DESBALS,43.58246855,1.4143315,Plein jour,En agglomération,Intersection en T,Normale,Autre collision,4,1,2,0,1,1,1,0,1,50,2,2,1,0,0,1,21.0,24.0,deux_roues,voiture,1,2,3,1,6
202400051625,2024-11-28 16:25:00,2024,11,28,16,25,13,13004,AV STALINGRAD,43.6937,4.63956,Plein jour,En agglomération,Autre intersection,Normale,Deux véhicules - frontale,4,2,2,0,1,1,1,0,1,50,1,2,1,0,1,0,63.0,,voiture,,1,2,9,1,1
202400051626,2024-02-15 15:51:00,2024,2,15,15,51,69,69206,Avenue Léon Foillard,46.060732,4.722533,Plein jour,En agglomération,Intersection en T,Normale,Deux véhicules - arrière,3,2,2,0,1,1,1,0,1,50,2,2,1,0,1,0,39.0,43.0,utilitaire_camion,deux_roues,1,2,3,1,2
202400051626,2024-02-15 15:51:00,2024,2,15,15,51,69,69206,Avenue Léon Foillard,46.060732,4.722533,Plein jour,En agglomération,Intersection en T,Normale,Deux véhicules - arrière,3,2,2,0,1,1,1,0,1,-1,2,2,1,0,1,0,39.0,43.0,utilitaire_camion,deux_roues,1,2,3,1,2
202400051627,2024-06-10 19:25:00,2024,6,10,19,25,60,60439,D137d,49.31003132,2.32720792,Plein jour,Hors agglomération,Hors intersection,Normale,Deux véhicules - arrière,3,2,2,0,4,1,1,0,1,80,2,2,1,0,0,1,22.0,25.0,voiture,voiture,1,1,1,1,2
202400051628,2024-01-01 06:46:00,2024,1,1,6,46,17,17065,D5,45.988233,-0.953579,Nuit sans éclairage public,Hors agglomération,Intersection en X,Autre,Deux véhicules - côté,3,2,2,0,1,1,2,0,1,80,2,2,1,0,1,0,,63.0,voiture,voiture,3,1,2,9,3
202400051628,2024-01-01 06:46:00,2024,1,1,6,46,17,17065,D5,45.988233,-0.953579,Nuit sans éclairage public,Hors agglomération,Intersection en X,Autre,Deux véhicules - côté,3,2,2,-1,1,1,2,5,1,80,2,2,1,0,1,0,,63.0,voiture,voiture,3,1,2,9,3
202400051629,2024-08-17 15:50:00,2024,8,17,15,50,86,86190,D11,46.316335,0.700664,Plein jour,Hors agglomération,Hors intersection,Pluie légère,Autre collision,3,2,2,0,2,3,2,0,3,80,1,2,0,1,0,1,75.0,,voiture,,1,1,1,2,6
202400051630,2024-07-13 01:25:00,2024,7,13,1,25,84,84132,1396 Route d'Avignon,43.924153,4.972494,Nuit sans éclairage public,Hors agglomération,Giratoire,Normale,Autre collision,3,2,2,0,1,1,1,5,1,80,1,1,0,1,0,0,51.0,,deux_roues,,3,1,6,1,6
202400051631,2024-05-03 23:45:00,2024,5,3,23,45,47,47323,PECH DE DURAND,44.43931,0.74117,Nuit sans éclairage public,Hors agglomération,Hors intersection,Normale,Autre collision,4,2,2,0,1,1,1,0,1,80,1,3,0,0,3,0,18.0,,voiture,,3,1,1,1,6
202400051632,2024-12-01 18:00:00,2024,12,1,18,0,11,11069,,43.210225,2.386263,Nuit sans éclairage public,En agglomération,Hors intersection,Normale,Autre collision,4,2,2,0,1,1,1,0,1,50,1,2,1,0,0,1,37.0,,voiture,,3,2,1,1,6
202400051633,2024-03-27 19:10:00,2024,3,27,19,10,62,62628,RUE SADI CARNOT,50.43071,2.87199,Crépuscule ou aube,En agglomération,Hors intersection,Normale,Autre collision,4,2,1,0,1,1,1,0,1,30,1,1,0,0,0,1,52.0,,voiture,,2,2,1,1,6
202400051634,2024-09-21 23:40:00,2024,9,21,23,40,30,30007,FAUBOURG DU SOLEIL (RUE DU),44.12016,4.07884,Nuit avec éclairage allumé,En agglomération,Intersection en X,Normale,Deux véhicules - côté,4,2,3,0,1,1,1,0,1,50,2,2,1,0,1,0,30.0,33.0,voiture,deux_roues,5,2,2,1,3
202400051634,2024-09-21 23:40:00,2024,9,21,23,40,30,30007,FAUBOURG DU SOLEIL (RUE DU),44.12016,4.07884,Nuit avec éclairage allumé,En agglomération,Intersection en X,Normale,Deux véhicules - côté,4,2,2,0,1,1,1,2,1,50,2,2,1,0,1,0,30.0,33.0,voiture,deux_roues,5,2,2,1,3
202400051635,2024-02-15 19:00:00,2024,2,15,19,0,27,27115,RN12,48.769979,1.085222,Nuit sans éclairage public,Hors agglomération,Hors intersection,Normale,Deux véhicules - côté,2,3,0,0,1,1,1,5,1,80,2,2,1,0,1,0,61.0,35.0,voiture,utilitaire_camion,3,1,1,1,3
202400051636,2024-01-03 14:00:00,2024,1,3,14,0,73,73213,Autoroute A43 - Bretelle de sortie n°20 - PK 99.150,45.53605201,5.96706122,Plein jour,Hors agglomération,Hors intersection,Normale,Autre collision,1,1,1,0,2,3,1,3,3,50,1,1,0,0,1,0,81.0,,voiture,,1,1,1,1,6
202400051637,2024-10-26 20:45:00,2024,10,26,20,45,14,14698,815 Route de Troarn,49.198092,-0.207437,Nuit sans éclairage public,Hors agglomération,Intersection en T,Normale,Deux véhicules - côté,3,2,2,0,1,1,1,0,1,80,2,4,2,0,0,2,70.0,57.0,voiture,voiture,3,1,3,1,3
202400051637,2024-10-26 20:45:00,2024,10,26,20,45,14,14698,815 Route de Troarn,49.198092,-0.207437,Nuit sans éclairage public,Hors agglomération,Intersection en T,Normale,Deux véhicules - côté,3,2,2,0,1,1,1,0,1,80,2,4,2,0,0,2,70.0,57.0,voiture,voiture,3,1,3,1,3
202400051638,2024-08-17 00:30:00,2024,8,17,0,30,01,01378,65 Route de Lyon,45.819925,5.176417,Nuit sans éclairage public,Hors agglomération,Hors intersection,Normale,Autre collision,3,2,2,0,1,2,1,0,1,80,1,1,0,1,0,0,28.0,,voiture,,3,1,1,1,6
202400051639,2024-05-04 00:04:00,2024,5,4,0,4,37,37261,VAILLANT (RUE EDOUARD),47.38702,0.69879,Nuit avec éclairage allumé,En agglomération,Hors intersection,Normale,Sans collision,4,2,2,0,1,1,2,0,1,30,1,1,0,0,0,1,36.0,,deux_roues,,5,2,1,1,7
202400051640,2024-06-05 09:12:00,2024,6,5,9,12,13,13211,A50-Sens Marseille vers Aubagne,43.29244,5.45356,Plein jour,Hors agglomération,Hors intersection,Normale,Deux véhicules - côté,1,1,3,0,2,1,1,0,1,90,2,2,1,0,0,1,26.0,57.0,voiture,deux_roues,1,1,1,1,3
202400051641,2024-12-02 12:49:00,2024,12,2,12,49,10,10387,AUDIFFRED (PLACE),48.2957,4.07193,Plein jour,En agglomération,Place,Normale,Sans collision,4,1,1,0,1,2,2,0,1,50,1,1,0,0,1,0,31.0,,deux_roues,,1,2,7,1,7
202400051642,2024-07-12 20:45:00,2024,7,12,20,45,83,83101,Route des Plages,43.251195,6.644473,Nuit sans éclairage public,Hors agglomération,Intersection en T,Normale,Deux véhicules - côté,3,3,1,1,2,2,1,0,1,70,2,2,1,0,1,0,36.0,40.0,deux_roues,voiture,3,1,3,1,3
202400051642,2024-07-12 20:45:00,2024,7,12,20,45,83,83101,Route des Plages,43.251195,6.644473,Nuit sans éclairage public,Hors agglomération,Intersection en T,Normale,Deux véhicules - côté,3,2,1,0,2,3,1,0,8,50,2,2,1,0,1,0,36.0,40.0,deux_roues,voiture,3,1,3,1,3
202400051643,2024-03-08 16:20:00,2024,3,8,16,20,59,59479,GLINEUR (RUE DU COLONEL),50.38924,3.62127,Plein jour,En agglomération,Hors intersection,Normale,Autre collision,3,2,2,0,1,1,1,0,1,50,1,2,1,1,0,0,53.0,,utilitaire_camion,,1,2,1,1,6
202400051644,2024-08-17 13:05:00,2024,8,17,13,5,06,06149,Boulevard Georges Buono,43.747634,7.313987,Plein jour,En agglomération,Hors intersection,Normale,Autre collision,7,2,2,0,2,4,1,0,1,50,1,1,0,0,0,1,26.0,,voiture,,1,2,1,1,6
202400051645,2024-02-16 07:15:00,2024,2,16,7,15,14,14308,A13,49.227337,-0.086517,Crépuscule ou aube,Hors agglomération,Hors intersection,Normale,Deux véhicules - arrière,1,2,2,0,1,1,1,0,1,130,2,2,1,0,1,0,85.0,35.0,voiture,utilitaire_camion,2,1,1,1,2
202400051646,2024-05-03 20:26:00,2024,5,3,20,26,37,37261,CHAMP JOLI (RUE DU),47.37983,0.70592,Plein jour,En agglomération,Hors intersection,Normale,Sans collision,4,2,2,0,1,1,1,0,4,30,1,1,0,0,0,1,21.0,,voiture,,1,2,1,1,7
202400051647,2024-06-10 01:15:00,2024,6,10,1,15,83,83069,A570,43.12490732,6.09316671,Nuit sans éclairage public,Hors agglomération,Hors intersection,Normale,Deux véhicules - côté,1,3,4,0,1,1,1,0,1,110,2,2,0,0,0,2,81.0,28.0,voiture,voiture,3,1,1,1,3
202400051648,2024-12-02 02:20:00,2024,12,2,2,20,06,06155,200 Avenue de la Liberté,43.570911,7.082455,Nuit avec éclairage allumé,En agglomération,Hors intersection,Normale,Sans collision,3,2,2,0,1,2,1,0,4,50,1,1,0,0,1,0,50.0,,deux_roues,,5,2,1,1,7
202400051649,2024-10-27 13:15:00,2024,10,27,13,15,80,80337,Route de Remiencourt,49.814284,2.415254,Plein jour,Hors agglomération,Hors intersection,Normale,Sans collision,4,2,2,0,2,3,2,0,1,80,2,2,1,0,1,0,21.0,69.0,deux_roues,voiture,1,1,1,1,7
202400051650,2024-07-13 14:00:00,2024,7,13,14,0,83,83023,140Avenue des Chênes Verts,43.395529,6.143863,Plein jour,Hors agglomération,Hors intersection,Normale,Sans collision,4,2,2,0,1,1,1,0,1,50,1,1,0,0,1,0,23.0,,deux_roues,,1,1,1,1,7
202400051651,2024-09-20 08:45:00,2024,9,20,8,45,29,29151,Rue Paul Sérusier,48.58395,-3.81622,Plein jour,En agglomération,Giratoire,Normale,Deux véhicules - côté,4,-1,2,0,1,2,1,9,8,50,2,2,1,0,0,1,14.0,36.0,deux_roues,voiture,1,2,6,1,3
202400051651,2024-09-20 08:45:00,2024,9,20,8,45,29,29151,Rue Paul Sérusier,48.58395,-3.81622,Plein jour,En agglomération,Giratoire,Normale,Deux véhicules - côté,4,2,2,0,1,2,1,9,8,50,2,2,1,0,0,1,14.0,36.0,deux_roues,voiture,1,2,6,1,3
202400051652,2024-03-26 22:55:00,2024,3,26,22,55,59,59143,NATIONALE  ( ROUTE),50.67449,2.89236,Nuit avec éclairage allumé,En agglomération,Hors intersection,Pluie légère,Deux véhicules - frontale,7,2,2,1,1,1,2,0,3,30,1,1,0,0,1,0,36.0,,voiture,,5,2,1,2,1
202400051653,2024-01-04 08:55:00,2024,1,4,8,55,79,79284,,46.42253944,-0.45249768,Plein jour,Hors agglomération,Hors intersection,Pluie légère,Deux véhicules - arrière,1,3,4,0,1,1,8,2,1,130,2,7,6,0,1,0,36.0,72.0,utilitaire_camion,voiture,1,1,1,2,2
202400051654,2024-08-17 03:00:00,2024,8,17,3,0,57,57086,D93,48.809928,6.927566,Nuit sans éclairage public,Hors agglomération,Autre intersection,Normale,Autre collision,3,2,2,0,1,3,1,0,1,80,1,1,0,0,1,0,16.0,,deux_roues,,3,1,9,1,6
202400051655,2024-02-15 08:50:00,2024,2,15,8,50,971,97103,n10,16.240413,-61.587596,Plein jour,Hors agglomération,Hors intersection,Normale,Autre collision,2,2,2,0,1,1,1,0,1,50,1,2,1,0,1,0,59.0,,utilitaire_camion,,1,1,1,1,6
202400051656,2024-05-03 19:48:00,2024,5,3,19,48,37,37122,CHINON (BOULEVARD DE),47.35475,0.69605,Plein jour,En agglomération,Hors intersection,Normale,Autre collision,4,2,3,0,1,1,1,0,1,50,1,1,0,0,0,1,37.0,,voiture,,1,2,1,1,6
202400051657,2024-12-02 12:05:00,2024,12,2,12,5,75,75116,BD PERIPHERIQUE INTERIEUR,48.825623,2.300965,Plein jour,En agglomération,Hors intersection,Normale,Deux véhicules - côté,4,1,4,0,2,1,2,0,1,50,2,2,1,0,0,1,37.0,31.0,deux_roues,utilitaire_camion,1,2,1,1,3
202400051658,2024-06-08 12:10:00,2024,6,8,12,10,13,13028,A50,43.1917936,5.65796611,Plein jour,Hors agglomération,Hors intersection,Normale,Deux véhicules - côté,1,1,3,0,2,1,1,0,1,130,2,3,1,0,0,2,61.0,28.0,voiture,voiture,1,1,1,1,3