accident_id,datetime,annee,mois,jour,heure,minute,departement,commune_insee,adresse,latitude,longitude,luminosite,agglomeration,intersection,meteo,collision,catr,circ,nbv,vosp,prof,plan,surf,infra,situ,vma,nb_vehicules,nb_usagers,nb_indemnes,nb_tues,nb_blesses_hosp,nb_blesses_legers,age_cond_1,age_cond_2,veh_type_cond_1,veh_type_cond_2,lum_code,agg_code,int_code,atm_code,col_code
202400051878,2024-09-20 14:15:00,2024,9,20,14,15,94,94077,Rue Paul Bert,48.732359,2.442178,Plein jour,En agglomération,Intersection en T,Normale,Deux véhicules - côté,4,2,2,-1,1,1,1,0,1,-1,2,2,1,0,0,1,49.0,36.0,voiture,deux_roues,1,2,3,1,3
202400051878,2024-09-20 14:15:00,2024,9,20,14,15,94,94077,Rue Paul Bert,48.732359,2.442178,Plein jour,En agglomération,Intersection en T,Normale,Deux véhicules - côté,4,-1,0,0,1,1,1,9,1,30,2,2,1,0,0,1,49.0,36.0,voiture,deux_roues,1,2,3,1,3
202400051879,2024-05-03 14:40:00,2024,5,3,14,40,11,11069,André Jean CAYATTE,43.23535,2.36625,Plein jour,En agglomération,Intersection en T,Normale,Deux véhicules - côté,4,1,1,0,3,1,1,0,1,50,2,2,1,0,0,1,67.0,33.0,voiture,deux_roues,1,2,3,1,3
202400051879,2024-05-03 14:40:00,2024,5,3,14,40,11,11069,André Jean CAYATTE,43.23535,2.36625,Plein jour,En agglomération,Intersection en T,Normale,Deux véhicules - côté,4,2,2,0,1,1,1,0,1,50,2,2,1,0,0,1,67.0,33.0,voiture,deux_roues,1,2,3,1,3
202400051880,2024-10-26 02:00:00,2024,10,26,2,0,69,69386,184 Cours Lafayette,45.76377,4.85813,Nuit avec éclairage allumé,En agglomération,Intersection en X,Normale,Deux véhicules - côté,4,1,2,2,1,1,1,9,1,50,2,2,1,0,0,1,36.0,35.0,voiture,deux_roues,5,2,2,1,3
202400051880,2024-10-26 02:00:00,2024,10,26,2,0,69,69386,184 Cours Lafayette,45.76377,4.85813,Nuit avec éclairage allumé,En agglomération,Intersection en X,Normale,Deux véhicules - côté,4,1,1,3,1,1,1,9,5,50,2,2,1,0,0,1,36.0,35.0,voiture,deux_roues,5,2,2,1,3
202400051881,2024-06-09 15:05:00,2024,6,9,15,5,77,77070,SAINT - BLAISE (RUE),48.78956,3.12412,Plein jour,En agglomération,Intersection en X,Normale,Deux véhicules - côté,3,2,2,0,1,1,1,5,1,20,2,3,2,0,0,1,21.0,35.0,voiture,voiture,1,2,2,1,3
202400051881,2024-06-09 15:05:00,2024,6,9,15,5,77,77070,SAINT - BLAISE (RUE),48.78956,3.12412,Plein jour,En agglomération,Intersection en X,Normale,Deux véhicules - côté,3,2,2,0,1,1,1,5,4,50,2,3,2,0,0,1,21.0,35.0,voiture,voiture,1,2,2,1,3
202400051882,2024-03-27 15:55:00,2024,3,27,15,55,13,13204,FRANCOISE DUPARC (BOULEVARD),43.30067,5.40078,Plein jour,En agglomération,Hors intersection,Normale,Deux véhicules - côté,4,2,4,0,1,1,1,0,1,50,1,2,1,0,1,0,,,deux_roues,,1,2,1,1,3
202400051883,2024-08-16 17:50:00,2024,8,16,17,50,05,05179,route deMontmaur,44.561747,5.85743,Plein jour,Hors agglomération,Hors intersection,Temps couvert,Sans collision,4,2,2,0,1,1,1,0,3,80,1,2,0,0,1,1,60.0,,deux_roues,,1,1,1,8,7
202400051884,2024-02-13 06:10:00,2024,2,13,6,10,973,97302,MADELEINE (ROUTE DE LA),4.90938,-52.32161,Crépuscule ou aube,En agglomération,Hors intersection,Normale,Autre collision,3,2,2,0,1,1,1,0,1,50,1,1,0,0,0,1,54.0,,deux_roues,,2,2,1,1,6
202400051885,2024-12-01 08:10:00,2024,12,1,8,10,83,83107,A8,43.46433834,6.62774231,Plein jour,Hors agglomération,Hors intersection,Normale,Deux véhicules - arrière,1,3,3,0,1,1,1,0,1,130,2,2,1,0,1,0,35.0,57.0,voiture,autre,1,1,1,1,2
202400051886,2024-05-03 08:19:00,2024,5,3,8,19,06,06088,Route de Turin,43.72342,7.29018,Plein jour,En agglomération,Hors intersection,Normale,Deux véhicules - arrière,4,3,4,0,1,1,1,0,1,50,2,2,1,0,1,0,25.0,62.0,voiture,deux_roues,1,2,1,1,2
202400051887,2024-03-27 03:50:00,2024,3,27,3,50,13,13203,LOUBON (RUE),43.31136,5.37823,Nuit avec éclairage allumé,En agglomération,Hors intersection,Pluie forte,Deux véhicules - frontale,4,2,0,0,1,1,2,0,4,30,1,3,0,0,0,3,25.0,,voiture,,5,2,1,3,1
202400051888,2024-10-24 18:45:00,2024,10,24,18,45,972,97209,ROND POINT DU VIET-NAM-HEROIQUE (ECHANGE,14.61213,-61.07884,Nuit avec éclairage allumé,En agglomération,Autre intersection,Normale,Deux véhicules - arrière,9,-1,2,0,2,3,1,9,1,50,2,2,1,0,0,1,,50.0,autre,deux_roues,5,2,9,1,2
202400051889,2024-02-12 20:27:00,2024,2,12,20,27,973,97302,BADUEL (ROUTE DE),4.93554,-52.31295,Nuit avec éclairage allumé,En agglomération,Hors intersection,Normale,Deux véhicules - frontale,3,2,2,0,1,1,1,0,1,50,2,2,1,0,0,1,59.0,18.0,voiture,deux_roues,5,2,1,1,1
202400051890,2024-06-07 17:10:00,2024,6,7,17,10,76,76707,RD 915,49.85901,1.11428,Plein jour,Hors agglomération,Hors intersection,Normale,Deux véhicules - arrière,3,2,2,0,2,1,1,0,1,70,2,4,2,0,0,2,27.0,77.0,voiture,voiture,1,1,1,1,2
202400051891,2024-09-21 19:00:00,2024,9,21,19,0,94,94070,route de paris,48.71555,2.57424,Crépuscule ou aube,En agglomération,Giratoire,Normale,Trois véhicules et plus - collisions multiples,2,-1,2,0,1,3,1,9,1,50,3,5,4,0,0,1,60.0,54.0,voiture,voiture,2,2,6,1,5
202400051891,2024-09-21 19:00:00,2024,9,21,19,0,94,94070,route de paris,48.71555,2.57424,Crépuscule ou aube,En agglomération,Giratoire,Normale,Trois véhicules et plus - collisions multiples,2,-1,2,0,1,1,1,9,1,30,3,5,4,0,0,1,60.0,54.0,voiture,voiture,2,2,6,1,5
202400051892,2024-07-11 18:20:00,2024,7,11,18,20,92,92050,A14,48.90003871,2.21071229,Plein jour,Hors agglomération,Hors intersection,Normale,Trois véhicules et plus - en chaîne,1,1,3,0,1,1,1,1,1,70,3,7,5,0,0,2,64.0,25.0,voiture,voiture,1,1,1,1,4
202400051893,2024-03-26 22:43:00,2024,3,26,22,43,13,13204,SAKAKINI (BOULEVARD),43.29879,5.4009,Nuit avec éclairage allumé,En agglomération,Hors intersection,Pluie légère,Deux véhicules - frontale,4,1,4,3,1,1,2,0,1,50,1,2,1,0,1,0,,,voiture,,5,2,1,2,1
202400051894,2024-10-25 11:55:00,2024,10,25,11,55,971,97101,CHAUVEL,16.23855,-61.52631,Plein jour,En agglomération,Autre intersection,Normale,Autre collision,6,-1,0,0,1,1,1,9,8,10,1,2,1,0,0,1,88.0,,voiture,,1,2,9,1,6
202400051895,2024-06-09 23:20:00,2024,6,9,23,20,76,76114,PASSAS JULES (BOULEVARD),49.5674,0.47261,Nuit sans éclairage public,En agglomération,Hors intersection,Normale,Autre collision,9,-1,2,0,2,2,1,0,1,50,1,1,0,0,0,1,56.0,,voiture,,3,2,1,1,6
202400051896,2024-02-13 22:00:00,2024,2,13,22,0,972,97209,FELIX EBOUE (RUE),14.60622,-61.06702,Nuit avec éclairage allumé,En agglomération,Hors intersection,Normale,Deux véhicules - frontale,4,2,4,0,1,1,1,0,1,30,2,2,0,0,2,0,31.0,42.0,deux_roues,deux_roues,5,2,1,1,1
202400051897,2024-05-02 14:30:00,2024,5,2,14,30,06,06088,6 Rue François Pellos,43.710878,7.264762,Plein jour,En agglomération,Intersection en X,Normale,Deux véhicules - frontale,4,2,2,0,1,1,1,0,1,50,2,2,0,0,0,2,34.0,29.0,deux_roues,deux_roues,1,2,2,1,1
202400051897,2024-05-02 14:30:00,2024,5,2,14,30,06,06088,6 Rue François Pellos,43.710878,7.264762,Plein jour,En agglomération,Intersection en X,Normale,Deux véhicules - frontale,4,2,2,0,1,1,1,0,1,50,2,2,0,0,0,2,34.0,29.0,deux_roues,deux_roues,1,2,2,1,1
202400051898,2024-11-22 07:10:00,2024,11,22,7,10,01,01322,le Pouilleux 01600,45.938523,4.853699,Crépuscule ou aube,Hors agglomération,Intersection en T,Autre,Trois véhicules et plus - collisions multiples,3,2,2,0,2,3,7,0,1,80,3,3,0,0,1,2,18.0,45.0,voiture,voiture,2,1,3,9,5
202400051898,2024-11-22 07:10:00,2024,11,22,7,10,01,01322,le Pouilleux 01600,45.938523,4.853699,Crépuscule ou aube,Hors agglomération,Intersection en T,Autre,Trois véhicules et plus - collisions multiples,3,-1,2,0,1,1,7,0,8,80,3,3,0,0,1,2,18.0,45.0,voiture,voiture,2,1,3,9,5
202400051899,2024-08-17 15:19:00,2024,8,17,15,19,64,64124,D918,43.266277,-1.335633,Plein jour,Hors agglomération,Hors intersection,Normale,Deux véhicules - frontale,3,2,2,0,1,1,1,0,1,80,2,5,0,0,2,3,70.0,48.0,voiture,voiture,1,1,1,1,1
202400051900,2024-03-26 07:04:00,2024,3,26,7,4,10,10362,Rue Paul Doumer,48.2906,4.0546,Plein jour,En agglomération,Hors intersection,Normale,Autre collision,4,1,1,0,1,2,1,0,4,30,1,1,0,0,0,1,35.0,,voiture,,1,2,1,1,6
202400051901,2024-10-23 11:00:00,2024,10,23,11,0,971,97113,RN4 - SECTION RIVIERA,16.2176,-61.49372,Plein jour,Hors agglomération,Hors intersection,Normale,Autre collision,2,2,0,0,1,1,1,0,1,70,1,1,0,0,0,1,74.0,,voiture,,1,1,1,1,6
202400051902,2024-07-11 18:35:00,2024,7,11,18,35,78,78466,A13,48.93205,1.97666,Plein jour,Hors agglomération,Hors intersection,Normale,Deux véhicules - arrière,1,-1,3,0,1,1,1,0,1,130,2,2,1,0,0,1,21.0,35.0,deux_roues,voiture,1,1,1,1,2
202400051903,2024-02-14 19:44:00,2024,2,14,19,44,2B,2B353,TOUTES RUES,42.70946,9.4341,Nuit avec éclairage allumé,Hors agglomération,Hors intersection,Normale,Autre collision,4,2,2,0,2,2,1,0,1,50,1,1,0,0,0,1,84.0,,voiture,,5,1,1,1,6
202400051904,2024-08-17 10:36:00,2024,8,17,10,36,10,10063,D396,48.380668,4.534178,Plein jour,Hors agglomération,Hors intersection,Pluie légère,Deux véhicules - arrière,3,2,2,0,1,1,2,0,1,80,2,3,2,0,0,1,30.0,21.0,voiture,deux_roues,1,1,1,2,2
202400051905,2024-07-12 18:15:00,2024,7,12,18,15,93,93006,A3,48.86713182,2.42654625,Plein jour,Hors agglomération,Hors intersection,Normale,Autre collision,1,1,2,0,3,2,1,0,1,50,1,1,0,0,1,0,25.0,,deux_roues,,1,1,1,1,6
202400051906,2024-03-27 14:20:00,2024,3,27,14,20,75,75112,BD PERIPHERIQUE INTERIEUR,48.82911,2.399971,Plein jour,En agglomération,Hors intersection,Normale,Deux véhicules - arrière,4,1,4,0,1,1,1,0,1,70,2,2,1,0,0,1,55.0,36.0,utilitaire_camion,deux_roues,1,2,1,1,2
202400051907,2024-05-03 15:15:00,2024,5,3,15,15,06,06123,474 Route du Bord de Mer,43.66158,7.19406,Plein jour,En agglomération,Intersection en Y,Normale,Deux véhicules - arrière,7,3,6,0,1,1,1,0,1,70,2,4,1,0,0,3,59.0,59.0,voiture,utilitaire_camion,1,2,4,1,2
202400051907,2024-05-03 15:15:00,2024,5,3,15,15,06,06123,474 Route du Bord de Mer,43.66158,7.19406,Plein jour,En agglomération,Intersection en Y,Normale,Deux véhicules - arrière,7,1,2,0,1,1,1,0,1,70,2,4,1,0,0,3,59.0,59.0,voiture,utilitaire_camion,1,2,4,1,2
202400051908,2024-10-25 13:05:00,2024,10,25,13,5,95,95582,D14,48.9722229,2.25612194,Plein jour,En agglomération,Intersection en T,Normale,Deux véhicules - côté,3,2,2,1,1,1,1,0,1,50,2,2,1,0,0,1,47.0,17.0,voiture,deux_roues,1,2,3,1,3
202400051908,2024-10-25 13:05:00,2024,10,25,13,5,95,95582,D14,48.9722229,2.25612194,Plein jour,En agglomération,Intersection en T,Normale,Deux véhicules - côté,3,1,1,0,1,1,1,0,1,50,2,2,1,0,0,1,47.0,17.0,voiture,deux_roues,1,2,3,1,3
202400051909,2024-12-02 18:34:00,2024,12,2,18,34,68,68300,D55,47.778761,7.437137,Nuit sans éclairage public,Hors agglomération,Hors intersection,Pluie forte,Trois véhicules et plus - collisions multiples,3,2,2,0,1,1,2,0,1,80,3,4,2,0,1,1,46.0,30.0,voiture,voiture,3,1,1,3,5
202400051910,2024-08-17 14:45:00,2024,8,17,14,45,10,10126,D619,48.261727,4.598722,Plein jour,Hors agglomération,Hors intersection,Pluie légère,Autre collision,3,2,2,0,1,1,2,0,3,90,1,1,0,0,1,0,47.0,,voiture,,1,1,1,2,6
202400051911,2024-02-14 14:14:00,2024,2,14,14,14,2B,2B037,MARANA (ROUTE),42.61611,9.47799,Plein jour,Hors agglomération,Hors intersection,Normale,Deux véhicules - frontale,3,-1,2,0,1,1,1,0,1,70,2,2,0,0,0,2,34.0,37.0,voiture,voiture,1,1,1,1,1
202400051912,2024-09-20 12:15:00,2024,9,20,12,15,94,94070,route de PARIS,48.71715,2.5713,Plein jour,Hors agglomération,Hors intersection,Normale,Trois véhicules et plus - collisions multiples,2,2,3,0,1,1,1,0,1,50,3,11,0,0,1,10,49.0,42.0,transport_commun,voiture,1,1,1,1,5
202400051913,2024-06-09 09:50:00,2024,6,9,9,50,64,64335,BILAA DU,43.325,-0.414,Plein jour,En agglomération,Autre intersection,Pluie légère,Autre collision,4,-1,1,0,1,1,2,2,8,30,1,2,0,0,0,2,89.0,,voiture,,1,2,9,2,6
202400051914,2024-07-12 09:20:00,2024,7,12,9,20,93,93066,A1,48.93046874,2.36537451,Plein jour,Hors agglomération,Hors intersection,Pluie légère,Deux véhicules - côté,1,-1,5,0,1,1,2,0,1,70,2,2,1,0,0,1,58.0,39.0,voiture,deux_roues,1,1,1,2,3
202400051915,2024-03-27 11:05:00,2024,3,27,11,5,75,75113,BD  PERIPHERIQUE INTERIEUR,48.816333,2.360385,Plein jour,En agglomération,Hors intersection,Normale,Deux véhicules - arrière,4,1,4,0,1,1,1,0,1,70,2,2,0,0,0,2,26.0,25.0,deux_roues,deux_roues,1,2,1,1,2
202400051916,2024-08-17 14:09:00,2024,8,17,14,9,16,16177,,45.527847,-0.064416,Plein jour,Hors agglomération,Hors intersection,Normale,Autre collision,2,3,2,0,1,1,1,0,3,110,1,2,0,1,0,1,48.0,,voiture,,1,1,1,1,6
202400051917,2024-12-03 11:40:00,2024,12,3,11,40,06,06109,9 Route de Grenoble,43.837344,7.194049,Plein jour,Hors agglomération,Hors intersection,Normale,Autre collision,7,3,3,0,1,1,1,0,1,70,1,2,1,0,0,1,64.0,,voiture,,1,1,1,1,6
202400051918,2024-05-03 19:00:00,2024,5,3,19,0,04,04112,CASSIN(AVENUE RENE),43.82202,5.78931,Plein jour,En agglomération,Intersection en X,Normale,Deux véhicules - côté,4,2,2,0,1,1,1,0,1,50,2,2,1,0,0,1,24.0,30.0,voiture,deux_roues,1,2,2,1,3
202400051918,2024-05-03 19:00:00,2024,5,3,19,0,04,04112,CASSIN(AVENUE RENE),43.82202,5.78931,Plein jour,En agglomération,Intersection en X,Normale,Deux véhicules - côté,4,2,2,0,2,1,1,0,1,50,2,2,1,0,0,1,24.0,30.0,voiture,deux_roues,1,2,2,1,3
202400051919,2024-10-25 08:50:00,2024,10,25,8,50,95,95323,ECANCOURT (BOULEVARD D'),49.01105293,2.05002218,Plein jour,En agglomération,Intersection en X,Pluie légère,Deux véhicules - côté,4,3,5,1,2,1,2,0,1,30,2,2,1,1,0,0,25.0,60.0,voiture,deux_roues,1,2,2,2,3
202400051919,2024-10-25 08:50:00,2024,10,25,8,50,95,95323,ECANCOURT (BOULEVARD D'),49.01105293,2.05002218,Plein jour,En agglomération,Intersection en X,Pluie légère,Deux véhicules - côté,4,2,2,0,1,1,2,0,8,30,2,2,1,1,0,0,25.0,60.0,voiture,deux_roues,1,2,2,2,3
202400051920,2024-02-14 01:40:00,2024,2,14,1,40,971,97120,NELSON MANDELA,16.24245,-61.53098,Nuit avec éclairage allumé,En agglomération,Autre intersection,Pluie légère,Autre collision,3,1,2,0,1,1,2,0,3,50,1,2,1,0,1,0,64.0,,voiture,,5,2,9,2,6
202400051921,2024-06-08 16:40:00,2024,6,8,16,40,64,64102,ALSACE LORRAINE (BOULEVARD),43.49505291,-1.46944821,Plein jour,En agglomération,Hors intersection,Normale,Deux véhicules - arrière,4,2,2,0,1,1,1,0,1,50,2,2,1,0,0,1,50.0,26.0,voiture,utilitaire_camion,1,2,1,1,2
202400051922,2024-09-20 23:45:00,2024,9,20,23,45,93,93077,FRANKLIN (AVENUE) 1-57; 77-107 et 2-104,48.89520361,2.50065431,Nuit avec éclairage allumé,En agglomération,Intersection en X,Normale,Deux véhicules - arrière,3,2,2,0,1,1,1,0,1,50,2,3,2,0,0,1,31.0,54.0,voiture,deux_roues,5,2,2,1,2
202400051922,2024-09-20 23:45:00,2024,9,20,23,45,93,93077,FRANKLIN (AVENUE) 1-57; 77-107 et 2-104,48.89520361,2.50065431,Nuit avec éclairage allumé,En agglomération,Intersection en X,Normale,Deux véhicules - arrière,3,1,1,0,1,1,1,0,1,50,2,3,2,0,0,1,31.0,54.0,voiture,deux_roues,5,2,2,1,2
202400051923,2024-07-12 03:55:00,2024,7,12,3,55,95,95277,A3,48.97628643,2.49117851,Nuit avec éclairage allumé,Hors agglomération,Hors intersection,Pluie légère,Deux véhicules - arrière,1,1,2,0,1,1,2,0,1,70,2,3,0,0,0,3,33.0,38.0,voiture,utilitaire_camion,5,1,1,2,2
202400051924,2024-03-27 21:10:00,2024,3,27,21,10,75,75118,BOULEVARD BARBES,48.886024,2.349542,Nuit avec éclairage allumé,En agglomération,Hors intersection,Normale,Autre collision,4,2,4,3,1,1,1,0,1,30,2,2,1,0,0,1,36.0,26.0,deux_roues,voiture,5,2,1,1,6
202400051925,2024-05-03 10:39:00,2024,5,3,10,39,03,03101,Place Bacchus,46.36068,2.53462,Plein jour,En agglomération,Hors intersection,Normale,Autre collision,4,2,2,0,1,1,1,0,1,50,1,2,0,0,0,2,68.0,,voiture,,1,2,1,1,6
202400051926,2024-02-14 10:40:00,2024,2,14,10,40,2A,2A004,T40,41.93144,8.80269,Plein jour,Hors agglomération,Hors intersection,Normale,Autre collision,2,2,2,0,1,3,1,1,1,50,2,2,1,0,0,1,68.0,69.0,utilitaire_camion,deux_roues,1,1,1,1,6
202400051927,2024-10-24 18:45:00,2024,10,24,18,45,91,91103,AV LUCIEN CLAUSE,48.607358,2.299005,Nuit avec éclairage allumé,En agglomération,Place,Normale,Deux véhicules - côté,4,2,1,0,1,1,1,0,1,50,2,2,1,0,0,1,28.0,40.0,deux_roues,voiture,5,2,7,1,3
202400051928,2024-12-02 07:30:00,2024,12,2,7,30,83,83049,Chemin des Vignes,43.227696,6.081399,Crépuscule ou aube,En agglomération,Intersection en T,Normale,Deux véhicules - côté,4,2,2,0,1,1,1,0,1,50,2,2,1,0,1,0,37.0,71.0,deux_roues,voiture,2,2,3,1,3
202400051928,2024-12-02 07:30:00,2024,12,2,7,30,83,83049,Chemin des Vignes,43.227696,6.081399,Crépuscule ou aube,En agglomération,Intersection en T,Normale,Deux véhicules - côté,4,2,2,0,1,1,1,0,1,80,2,2,1,0,1,0,37.0,71.0,deux_roues,voiture,2,2,3,1,3
202400051929,2024-02-27 15:30:00,2024,2,27,15,30,75,75117,AVENUE DE WAGRAM,48.878441,2.298419,Plein jour,En agglomération,Place,Normale,Autre collision,4,-1,2,0,2,1,1,5,1,30,1,2,1,0,1,0,,,utilitaire_camion,,1,2,7,1,6
202400051930,2024-05-02 19:45:00,2024,5,2,19,45,75,75117,BD PERIPHERIQUE EXTERIEUR,48.90019,2.3208,Plein jour,En agglomération,Hors intersection,Pluie légère,Deux véhicules - côté,4,1,4,0,1,1,2,0,1,70,2,2,1,0,0,1,57.0,78.0,deux_roues,voiture,1,2,1,2,3
202400051931,2024-09-21 19:15:00,2024,9,21,19,15,93,93055,JULES AUFFRET (1/49 ET 2/54),48.8892,2.41013,Plein jour,En agglomération,Intersection à plus de 4 branches,Normale,Deux véhicules - côté,3,1,2,0,1,1,1,0,1,30,2,2,1,0,0,1,28.0,28.0,voiture,deux_roues,1,2,5,1,3
202400051931,2024-09-21 19:15:00,2024,9,21,19,15,93,93055,JULES AUFFRET (1/49 ET 2/54),48.8892,2.41013,Plein jour,En agglomération,Intersection à plus de 4 branches,Normale,Deux véhicules - côté,3,-1,2,0,1,1,1,0,1,30,2,2,1,0,0,1,28.0,28.0,voiture,deux_roues,1,2,5,1,3
202400051932,2024-06-08 15:00:00,2024,6,8,15,0,62,62178,Rue de Calais,50.48466608,2.52968609,Plein jour,En agglomération,Intersection en T,Normale,Deux véhicules - côté,4,2,2,0,2,1,1,9,1,30,2,3,2,0,1,0,10.0,53.0,deux_roues,voiture,1,2,3,1,3
202400051932,2024-06-08 15:00:00,2024,6,8,15,0,62,62178,Rue de Calais,50.48466608,2.52968609,Plein jour,En agglomération,Intersection en T,Normale,Deux véhicules - côté,4,1,1,0,2,2,1,9,1,50,2,3,2,0,1,0,10.0,53.0,deux_roues,voiture,1,2,3,1,3
202400051933,2024-08-17 15:55:00,2024,8,17,15,55,21,21149,D971,47.951578,4.504244,Plein jour,Hors agglomération,Hors intersection,Pluie légère,Deux véhicules - frontale,3,2,2,0,1,1,2,0,1,90,2,4,0,0,1,3,18.0,62.0,voiture,utilitaire_camion,1,1,1,2,1
202400051934,2024-02-14 08:40:00,2024,2,14,8,40,2A,2A004,LENTISQUES CHEMIN DES,41.91008,8.68776,Plein jour,En agglomération,Hors intersection,Normale,Deux véhicules - frontale,4,2,2,0,2,4,1,0,1,50,2,2,1,0,0,1,63.0,62.0,deux_roues,voiture,1,2,1,1,1
202400051935,2024-02-16 07:50:00,2024,2,16,7,50,974,97409,RN2 DIRECTION ST BENT SORTIE PETIT BAZAR,-20.94359,55.64922,Plein jour,Hors agglomération,Hors intersection,Normale,Deux véhicules - côté,2,3,4,0,1,3,1,0,1,90,2,2,1,0,0,1,61.0,27.0,voiture,utilitaire_camion,1,1,1,1,3
202400051936,2024-12-01 20:30:00,2024,12,1,20,30,83,83049,RD14,43.252693,6.090873,Nuit avec éclairage non allumé,Hors agglomération,Hors intersection,Normale,Deux véhicules - frontale,3,3,2,0,1,2,1,9,1,70,2,2,1,0,0,1,35.0,27.0,voiture,voiture,4,1,1,1,1
202400051937,2024-10-25 05:20:00,2024,10,25,5,20,91,91103,CTRE ESSAIS EN VOL,48.60041,2.31978,Nuit avec éclairage allumé,En agglomération,Hors intersection,Normale,Deux véhicules - frontale,4,2,2,0,1,1,1,0,1,30,2,3,0,0,0,3,45.0,28.0,voiture,voiture,5,2,1,1,1
202400051938,2024-08-17 17:15:00,2024,8,17,17,15,40,40046,Avenue de Guyenne,44.406585,-1.157191,Plein jour,En agglomération,Hors intersection,Normale,Autre collision,3,2,2,0,1,4,1,0,1,50,1,1,0,1,0,0,24.0,,deux_roues,,1,2,1,1,6
202400051939,2024-09-21 13:35:00,2024,9,21,13,35,93,93053,DIX HUIT AVRIL 1944 (RUE DU),48.88426871,2.45890796,Plein jour,En agglomération,Hors intersection,Normale,Deux véhicules - frontale,4,2,4,0,1,1,1,0,1,50,2,2,0,0,0,2,31.0,33.0,deux_roues,deux_roues,1,2,1,1,1
202400051940,2024-06-09 14:00:00,2024,6,9,14,0,62,62108,Rue Henri Elby,50.40495,1.59444,Plein jour,En agglomération,Hors intersection,Normale,Autre collision,4,1,1,0,1,1,1,0,1,50,1,2,1,0,0,1,27.0,,voiture,,1,2,1,1,6
202400051941,2024-03-24 20:03:00,2024,3,24,20,3,75,75113,BOULEVARD KELLERMANN,48.820867,2.351864,Nuit avec éclairage allumé,En agglomération,Hors intersection,Normale,Deux véhicules - côté,4,2,8,0,1,1,1,5,1,50,2,2,1,0,0,1,53.0,46.0,deux_roues,voiture,5,2,1,1,3
202400051942,2024-05-03 04:45:00,2024,5,3,4,45,75,75119,PLACE AUGUSTE BARON,48.90067692,2.38697416,Nuit avec éclairage allumé,En agglomération,Place,Normale,Deux véhicules - côté,4,2, -1,-1,1,1,2,0,1,50,2,2,1,0,0,1,53.0,32.0,voiture,deux_roues,5,2,7,1,3
202400051942,2024-05-03 04:45:00,2024,5,3,4,45,75,75119,PLACE AUGUSTE BARON,48.90067692,2.38697416,Nuit avec éclairage allumé,En agglomération,Place,Normale,Deux véhicules - côté,4,1,4,0,1,2,2,0,1,50,2,2,1,0,0,1,53.0,32.0,voiture,deux_roues,5,2,7,1,3
202400051943,2024-02-14 00:45:00,2024,2,14,0,45,95,95277,D370,48.97137474,2.46269498,Nuit sans éclairage public,Hors agglomération,Hors intersection,Pluie légère,Autre collision,3,3,0,0,1,3,2,0,1,90,1,3,0,0,0,3,29.0,,voiture,,3,1,1,2,6
202400051944,2024-08-17 00:50:00,2024,8,17,0,50,85,85192,RD23,46.780863,-0.96674,Nuit sans éclairage public,Hors agglomération,Hors intersection,Pluie légère,Sans collision,3,2,2,0,1,2,2,0,3,80,1,2,0,0,1,1,21.0,,voiture,,3,1,1,2,7
202400051945,2024-11-23 12:25:00,2024,11,23,12,25,26,26325,Avenue de Lyon,45.300222,4.810928,Plein jour,En agglomération,Hors intersection,Normale,Deux véhicules - côté,4,2,2,0,2,1,1,0,1,50,2,2,1,0,1,0,22.0,12.0,voiture,deux_roues,1,2,1,1,3
202400051946,2024-07-11 18:15:00,2024,7,11,18,15,974,97416,RN1 (ROUTE NATIONALE),-21.33115,55.45622,Nuit sans éclairage public,Hors agglomération,Hors intersection,Normale,Deux véhicules - arrière,2,1,2,0,1,1,1,0,1,110,2,2,0,0,0,2,19.0,22.0,voiture,voiture,3,1,1,1,2
202400051947,2024-09-20 16:45:00,2024,9,20,16,45,93,93057,BRIAND (AV. ARISTIDE) 2 A 132,48.90748233,2.49182975,Plein jour,En agglomération,Hors intersection,Normale,Autre collision,3,1,0,3,1,1,1,6,1,50,1,3,1,0,0,2,54.0,,voiture,,1,2,1,1,6
202400051948,2024-06-09 21:12:00,2024,6,9,21,12,60,60414,Avenue Guy Moquet,49.25566,2.4326,Plein jour,En agglomération,Hors intersection,Normale,Deux véhicules - côté,3,2,2,0,1,1,1,0,1,50,2,2,1,0,0,1,32.0,25.0,voiture,deux_roues,1,2,1,1,3
202400051949,2024-03-27 09:00:00,2024,3,27,9,0,75,75111,AVENUE LEDRU ROLLIN,48.854485,2.377997,Plein jour,En agglomération,Intersection en Y,Normale,Autre collision,4,2,2,0,1,1,1,0,1,30,1,2,1,0,0,1,37.0,,deux_roues,,1,2,4,1,6
202400051949,2024-03-27 09:00:00,2024,3,27,9,0,75,75111,AVENUE LEDRU ROLLIN,48.854485,2.377997,Plein jour,En agglomération,Intersection en Y,Normale,Autre collision,4,1, -1,0,1,1,1,0,1,30,1,2,1,0,0,1,37.0,,deux_roues,,1,2,4,1,6
202400051950,2024-05-03 13:05:00,2024,5,3,13,5,75,75118,BOULEVARD NEY,48.8977286,2.32905114,Plein jour,En agglomération,Intersection en X,Normale,Deux véhicules - côté,4,2,2,0,1,1,1,0,1,30,2,2,1,0,0,1,21.0,43.0,deux_roues,utilitaire_camion,1,2,2,1,3
202400051950,2024-05-03 13:05:00,2024,5,3,13,5,75,75118,BOULEVARD NEY,48.8977286,2.32905114,Plein jour,En agglomération,Intersection en X,Normale,Deux véhicules - côté,4,2,4,0,1,1,1,0,1,50,2,2,1,0,0,1,21.0,43.0,deux_roues,utilitaire_camion,1,2,2,1,3