accident_id,datetime,annee,mois,jour,heure,minute,departement,commune_insee,adresse,latitude,longitude,luminosite,agglomeration,intersection,meteo,collision,catr,circ,nbv,vosp,prof,plan,surf,infra,situ,vma,nb_vehicules,nb_usagers,nb_indemnes,nb_tues,nb_blesses_hosp,nb_blesses_legers,age_cond_1,age_cond_2,veh_type_cond_1,veh_type_cond_2,lum_code,agg_code,int_code,atm_code,col_code
202400052088,2024-07-11 21:55:00,2024,7,11,21,55,88,88413,THIERS (RUE),48.28777,6.94976,Nuit avec éclairage allumé,En agglomération,Hors intersection,Normale,Deux véhicules - côté,4,2,1,0,1,1,1,0,1,30,2,3,2,0,0,1,17.0,48.0,deux_roues,deux_roues,5,2,1,1,3
202400052089,2024-06-09 20:15:00,2024,6,9,20,15,06,06088,23 Rue Guiglionda de Sainte-Agathe,43.737335,7.297397,Plein jour,En agglomération,Autre intersection,Normale,Autre collision,4,1,1,3,1,1,1,6,6,50,1,2,0,0,0,2,42.0,,voiture,,1,2,9,1,6
202400052090,2024-03-28 07:00:00,2024,3,28,7,0,972,97206,Route départementale 7,14.481691,-61.004358,Plein jour,Hors agglomération,Intersection en T,Normale,Autre collision,3,2,2,0,2,2,1,0,8,50,2,2,1,0,0,1,,53.0,autre,deux_roues,1,1,3,1,6
202400052090,2024-03-28 07:00:00,2024,3,28,7,0,972,97206,Route départementale 7,14.481691,-61.004358,Plein jour,Hors agglomération,Intersection en T,Normale,Autre collision,3,-1, -1,-1,-1,-1,-1,-1,-1,-1,2,2,1,0,0,1,,53.0,autre,deux_roues,1,1,3,1,6
202400052091,2024-02-14 19:30:00,2024,2,14,19,30,37,37261,BERANGER (BOULEVARD),47.38911,0.67923,Nuit avec éclairage allumé,En agglomération,Intersection en T,Normale,Deux véhicules - côté,4,3,4,0,1,1,1,0,1,50,2,2,1,0,0,1,31.0,29.0,voiture,deux_roues,5,2,3,1,3
202400052091,2024-02-14 19:30:00,2024,2,14,19,30,37,37261,BERANGER (BOULEVARD),47.38911,0.67923,Nuit avec éclairage allumé,En agglomération,Intersection en T,Normale,Deux véhicules - côté,4,-1,1,0,1,1,1,0,1,50,2,2,1,0,0,1,31.0,29.0,voiture,deux_roues,5,2,3,1,3
202400052092,2024-08-16 18:30:00,2024,8,16,18,30,17,17337,279 rue nationale,45.970417,-1.34954,Plein jour,En agglomération,Hors intersection,Normale,Autre collision,3,2,2,0,1,1,1,5,1,30,1,2,1,1,0,0,84.0,,voiture,,1,2,1,1,6
202400052093,2024-10-23 15:45:00,2024,10,23,15,45,72,72181,WASHINGTON GEORGES (PL),47.99585,0.20313,Plein jour,En agglomération,Hors intersection,Normale,Autre collision,4,-1,1,0,1,1,1,0,1,50,1,2,1,0,0,1,,,deux_roues,,1,2,1,1,6
202400052094,2024-07-11 14:00:00,2024,7,11,14,0,87,87048,CORNEILLE (RUE),45.8002,1.24218,Plein jour,En agglomération,Hors intersection,Normale,Sans collision,4,2,2,0,2,1,1,0,1,50,1,1,0,0,1,0,78.0,,voiture,,1,2,1,1,7
202400052095,2024-09-21 21:50:00,2024,9,21,21,50,89,89137,Rue de Molosmes,47.891956,3.963924,Nuit sans éclairage public,En agglomération,Hors intersection,Normale,Sans collision,4,2,2,0,1,3,1,0,1,50,1,2,1,0,1,0,15.0,,deux_roues,,3,2,1,1,7
202400052096,2024-12-03 16:30:00,2024,12,3,16,30,78,78349,A10 direction Paris PK 017.150,48.581189,2.014814,Plein jour,Hors agglomération,Hors intersection,Temps couvert,Deux véhicules - frontale,1,3,4,0,1,1,1,0,1,130,2,3,0,1,1,1,60.0,83.0,voiture,voiture,1,1,1,8,1
202400052097,2024-08-16 15:00:00,2024,8,16,15,0,49,49023,D201,47.229565,-0.996752,Plein jour,Hors agglomération,Hors intersection,Normale,Sans collision,3,2,2,0,1,1,1,0,1,80,1,2,1,0,0,1,52.0,,utilitaire_camion,,1,1,1,1,7
202400052098,2024-03-27 19:55:00,2024,3,27,19,55,59,59252,Rue d?Armentieres,50.70625,2.927594,Nuit avec éclairage allumé,En agglomération,Hors intersection,Normale,Sans collision,4,2,2,0,1,1,1,0,1,50,1,1,0,0,1,0,38.0,,deux_roues,,5,2,1,1,7
202400052099,2024-06-08 23:35:00,2024,6,8,23,35,04,04070,CHAMPTERCIER (RTE DE),44.08132,6.17641,Nuit avec éclairage non allumé,En agglomération,Hors intersection,Normale,Autre collision,3,2,2,0,1,3,1,0,1,50,1,1,0,0,0,1,19.0,,voiture,,4,2,1,1,6
202400052100,2024-02-14 22:10:00,2024,2,14,22,10,33,33063,,44.8528024,-0.59314638,Nuit avec éclairage allumé,En agglomération,Hors intersection,Normale,Autre collision,4,1,1,0,1,1,1,0,1,30,1,1,0,0,1,0,21.0,,voiture,,5,2,1,1,6
202400052101,2024-09-22 07:21:00,2024,9,22,7,21,63,63453,14 Avenue de la Gare,45.77219,3.290251,Nuit sans éclairage public,En agglomération,Hors intersection,Normale,Autre collision,3,2,2,0,2,1,1,0,8,50,1,3,1,0,1,1,51.0,,utilitaire_camion,,3,2,1,1,6
202400052102,2024-07-11 08:05:00,2024,7,11,8,5,86,86194,Rue Jean Jaures,46.580461,0.346235,Plein jour,En agglomération,Hors intersection,Temps couvert,Autre collision,4,2,2,0,2,3,1,0,1,30,1,2,1,0,0,1,36.0,,voiture,,1,2,1,8,6
202400052103,2024-12-03 18:00:00,2024,12,3,18,0,66,66230,RD 66,42.647352,2.524989,Nuit sans éclairage public,Hors agglomération,Hors intersection,Normale,Autre collision,3,2,3,0,2,1,1,0,8,80,3,3,2,0,0,1,30.0,51.0,voiture,deux_roues,3,1,1,1,6
202400052104,2024-10-24 05:40:00,2024,10,24,5,40,69,69259,Avenue Francis de Pressensé,45.72675035,4.86246304,Crépuscule ou aube,En agglomération,Intersection en X,Normale,Deux véhicules - côté,4,2,2,0,1,1,1,0,1,50,2,2,1,0,0,1,23.0,36.0,voiture,deux_roues,2,2,2,1,3
202400052104,2024-10-24 05:40:00,2024,10,24,5,40,69,69259,Avenue Francis de Pressensé,45.72675035,4.86246304,Crépuscule ou aube,En agglomération,Intersection en X,Normale,Deux véhicules - côté,4,2,3,2,1,1,1,0,1,50,2,2,1,0,0,1,23.0,36.0,voiture,deux_roues,2,2,2,1,3
202400052105,2024-06-07 17:15:00,2024,6,7,17,15,01,01283,LOTI (PIERRE),46.264215,5.644262,Plein jour,En agglomération,Autre intersection,Normale,Autre collision,6,-1, -1,0,1,1,1,9,1,30,1,3,1,0,0,2,18.0,,voiture,,1,2,9,1,6
202400052106,2024-08-16 17:00:00,2024,8,16,17,0,29,29057,rue Neuve,47.91700319,-3.97045224,Plein jour,Hors agglomération,Hors intersection,Pluie légère,Deux véhicules - frontale,3,2,2,0,2,2,2,0,1,50,2,6,5,0,1,0,52.0,52.0,voiture,voiture,1,1,1,2,1
202400052107,2024-09-20 16:20:00,2024,9,20,16,20,61,61476,D931,48.366656,0.39083,Plein jour,Hors agglomération,Hors intersection,Normale,Deux véhicules - côté,3,2,2,0,2,1,1,0,1,90,2,2,1,0,1,0,69.0,90.0,deux_roues,voiture,1,1,1,1,3
202400052108,2024-02-14 20:20:00,2024,2,14,20,20,33,33192,,44.775789,-0.642997,Nuit avec éclairage allumé,En agglomération,Giratoire,Normale,Autre collision,4,3,2,1,2,1,1,2,1,50,1,2,1,0,0,1,29.0,,voiture,,5,2,6,1,6
202400052108,2024-02-14 20:20:00,2024,2,14,20,20,33,33192,,44.775789,-0.642997,Nuit avec éclairage allumé,En agglomération,Giratoire,Normale,Autre collision,4,2,2,0,1,1,1,0,1,50,1,2,1,0,0,1,29.0,,voiture,,5,2,6,1,6
202400052109,2024-12-02 17:50:00,2024,12,2,17,50,83,83119,Route des Salins,43.265925,6.653252,Nuit avec éclairage allumé,En agglomération,Giratoire,Normale,Sans collision,4,2,2,0,2,3,1,0,1,50,1,1,0,0,1,0,79.0,,deux_roues,,5,2,6,1,7
202400052110,2024-07-08 06:00:00,2024,7,8,6,0,84,84080,VELLERON ROUTE DE,44.02114,5.00493,Plein jour,En agglomération,Autre intersection,Normale,Deux véhicules - côté,3,-1,2,0,1,1,1,0,1,80,2,2,1,0,0,1,50.0,37.0,voiture,utilitaire_camion,1,2,9,1,3
202400052111,2024-03-28 08:50:00,2024,3,28,8,50,34,34270,route de montpellier D613,43.581192,3.83954,Plein jour,En agglomération,Intersection en T,Normale,Trois véhicules et plus - en chaîne,7,2,2,0,1,1,1,0,1,50,3,3,0,1,1,1,23.0,35.0,deux_roues,deux_roues,1,2,3,1,4
202400052111,2024-03-28 08:50:00,2024,3,28,8,50,34,34270,route de montpellier D613,43.581192,3.83954,Plein jour,En agglomération,Intersection en T,Normale,Trois véhicules et plus - en chaîne,7,2, -1,-1,1,1,1,0,1,-1,3,3,0,1,1,1,23.0,35.0,deux_roues,deux_roues,1,2,3,1,4
202400052112,2024-10-23 13:45:00,2024,10,23,13,45,67,67482,SCHUTZENBERGER (AVENUE),48.595196,7.758347,Plein jour,En agglomération,Hors intersection,Normale,Autre collision,4,2,5,3,1,1,1,0,4,50,1,2,1,0,0,1,,,deux_roues,,1,2,1,1,6
202400052113,2024-08-17 14:30:00,2024,8,17,14,30,22,22068,D76,48.266848,-2.784755,Plein jour,Hors agglomération,Hors intersection,Normale,Autre collision,3,2,2,0,3,3,1,0,3,70,1,1,0,1,0,0,57.0,,voiture,,1,1,1,1,6
202400052114,2024-06-09 16:10:00,2024,6,9,16,10,75,75112,BD PERIPHERIQUE INTERIEUR,48.835991,2.412053,Plein jour,En agglomération,Hors intersection,Normale,Deux véhicules - arrière,4,1,4,0,1,1,1,0,1,70,2,2,1,0,0,1,76.0,57.0,voiture,voiture,1,2,1,1,2
202400052115,2024-09-22 05:00:00,2024,9,22,5,0,12,12047,D37,44.426586,3.092136,Nuit sans éclairage public,Hors agglomération,Hors intersection,Normale,Sans collision,3,2,2,0,2,1,1,0,3,90,1,2,0,0,2,0,67.0,,voiture,,3,1,1,1,7
202400052116,2024-12-02 16:20:00,2024,12,2,16,20,13,13085,D559a,43.2426,5.593286,Plein jour,Hors agglomération,Intersection en T,Normale,Deux véhicules - côté,3,1,2,0,1,1,1,3,1,80,2,2,1,0,1,0,74.0,33.0,deux_roues,voiture,1,1,3,1,3
202400052116,2024-12-02 16:20:00,2024,12,2,16,20,13,13085,D559a,43.2426,5.593286,Plein jour,Hors agglomération,Intersection en T,Normale,Deux véhicules - côté,3,2,2,0,1,1,1,0,1,80,2,2,1,0,1,0,74.0,33.0,deux_roues,voiture,1,1,3,1,3
202400052117,2024-03-28 08:15:00,2024,3,28,8,15,56,56061,L'Hippodrome,47.747692,-2.123516,Plein jour,Hors agglomération,Hors intersection,Pluie légère,Autre collision,3,2,2,0,1,1,2,0,3,80,1,1,0,1,0,0,52.0,,voiture,,1,1,1,2,6
202400052118,2024-10-21 15:00:00,2024,10,21,15,0,67,67482,LANGUEDOC (RUE DU),48.54885,7.74164,Plein jour,En agglomération,Intersection en T,Normale,Deux véhicules - côté,4,3,8,1,1,1,1,0,8,50,2,2,1,0,1,0,48.0,22.0,voiture,deux_roues,1,2,3,1,3
202400052118,2024-10-21 15:00:00,2024,10,21,15,0,67,67482,LANGUEDOC (RUE DU),48.54885,7.74164,Plein jour,En agglomération,Intersection en T,Normale,Deux véhicules - côté,4,2,5,1,1,1,1,5,1,50,2,2,1,0,1,0,48.0,22.0,voiture,deux_roues,1,2,3,1,3
202400052119,2024-07-11 22:05:00,2024,7,11,22,5,81,81065,1012 (ROUTE DEPARTEMENTALE),43.59764,2.21872,Nuit sans éclairage public,Hors agglomération,Hors intersection,Pluie légère,Deux véhicules - frontale,3,-1,1,0,1,1,2,0,1,50,2,2,0,0,0,2,23.0,23.0,voiture,voiture,3,1,1,2,1
202400052120,2024-02-14 18:35:00,2024,2,14,18,35,33,33063,,44.87207,-0.56584,Nuit avec éclairage allumé,En agglomération,Hors intersection,Normale,Deux véhicules - arrière,4,3, -1,0,1,1,1,0,1,50,2,5,1,0,0,4,33.0,50.0,voiture,voiture,5,2,1,1,2
202400052121,2024-09-21 20:15:00,2024,9,21,20,15,34,34300,Grand Rue,43.425349,3.305774,Nuit avec éclairage allumé,En agglomération,Intersection en X,Normale,Deux véhicules - côté,3,2, -1,-1,1,1,1,0,1,-1,2,2,1,0,0,1,31.0,15.0,voiture,deux_roues,5,2,2,1,3
202400052121,2024-09-21 20:15:00,2024,9,21,20,15,34,34300,Grand Rue,43.425349,3.305774,Nuit avec éclairage allumé,En agglomération,Intersection en X,Normale,Deux véhicules - côté,3,2,2,0,1,1,9,0,1,30,2,2,1,0,0,1,31.0,15.0,voiture,deux_roues,5,2,2,1,3
202400052122,2024-06-07 17:10:00,2024,6,7,17,10,75,75120,PORTE DE MONTREUIL,48.850935,2.415435,Plein jour,En agglomération,Hors intersection,Normale,Deux véhicules - arrière,4,1,4,0,1,1,1,0,1,70,2,2,1,0,0,1,41.0,25.0,voiture,deux_roues,1,2,1,1,2
202400052123,2024-03-28 03:59:00,2024,3,28,3,59,76,76009,300 Route d?Héricourt,49.696641,0.673261,Nuit sans éclairage public,Hors agglomération,Intersection en T,Normale,Autre collision,3,2,2,0,1,1,2,0,3,80,1,2,1,0,1,0,27.0,,voiture,,3,1,3,1,6
202400052123,2024-03-28 03:59:00,2024,3,28,3,59,76,76009,300 Route d?Héricourt,49.696641,0.673261,Nuit sans éclairage public,Hors agglomération,Intersection en T,Normale,Autre collision,3,2, -1,-1,1,1,2,0,1,-1,1,2,1,0,1,0,27.0,,voiture,,3,1,3,1,6
202400052124,2024-08-15 04:00:00,2024,8,15,4,0,59,59256,AUTOROUTE A23,50.57472923,3.15364439,Nuit sans éclairage public,Hors agglomération,Hors intersection,Normale,Deux véhicules - arrière,1,3,4,0,1,1,1,0,1,130,2,2,1,0,0,1,53.0,20.0,voiture,voiture,3,1,1,1,2
202400052125,2024-11-30 14:50:00,2024,11,30,14,50,42,42022,Avenue de la Mairie,45.52501716,4.22523648,Plein jour,En agglomération,Hors intersection,Normale,Trois véhicules et plus - collisions multiples,4,2,2,0,1,1,1,0,1,50,3,4,3,0,0,1,32.0,33.0,voiture,voiture,1,2,1,1,5
202400052126,2024-07-11 10:10:00,2024,7,11,10,10,79,79329,,46.977523,-0.20786,Plein jour,En agglomération,Intersection en Y,Normale,Deux véhicules - arrière,3,2,2,-1,1,1,1,5,1,50,2,2,1,0,0,1,28.0,33.0,voiture,voiture,1,2,4,1,2
202400052126,2024-07-11 10:10:00,2024,7,11,10,10,79,79329,,46.977523,-0.20786,Plein jour,En agglomération,Intersection en Y,Normale,Deux véhicules - arrière,3,1,1,0,1,1,1,0,1,50,2,2,1,0,0,1,28.0,33.0,voiture,voiture,1,2,4,1,2
202400052127,2024-10-25 17:25:00,2024,10,25,17,25,64,64445,LEON BERARD,43.3141,-0.37722,Crépuscule ou aube,En agglomération,Hors intersection,Pluie légère,Deux véhicules - arrière,4,2,2,0,1,1,2,0,1,50,2,3,1,0,0,2,32.0,22.0,voiture,voiture,2,2,1,2,2
202400052128,2024-02-12 17:30:00,2024,2,12,17,30,33,33065,,44.81746,-0.50688,Plein jour,En agglomération,Hors intersection,Temps couvert,Autre collision,4,2,2,0,2,4,2,0,1,50,1,2,1,0,0,1,22.0,,voiture,,1,2,1,8,6
202400052129,2024-09-20 19:10:00,2024,9,20,19,10,68,68120,Avenue de Souprosse,47.52523,7.478372,Plein jour,En agglomération,Intersection en X,Normale,Deux véhicules - côté,3,2,2,0,1,1,1,0,1,50,2,2,1,0,0,1,56.0,41.0,voiture,voiture,1,2,2,1,3
202400052129,2024-09-20 19:10:00,2024,9,20,19,10,68,68120,Avenue de Souprosse,47.52523,7.478372,Plein jour,En agglomération,Intersection en X,Normale,Deux véhicules - côté,3,2,2,0,2,1,1,0,8,50,2,2,1,0,0,1,56.0,41.0,voiture,voiture,1,2,2,1,3
202400052130,2024-06-07 19:24:00,2024,6,7,19,24,75,75119,RUE ADOLPHE MILLE,48.88893,2.388586,Plein jour,En agglomération,Intersection en X,Temps éblouissant,Autre collision,4,-1,2,0,1,1,1,0,1,30,1,2,1,1,0,0,39.0,,voiture,,1,2,2,7,6
202400052130,2024-06-07 19:24:00,2024,6,7,19,24,75,75119,RUE ADOLPHE MILLE,48.88893,2.388586,Plein jour,En agglomération,Intersection en X,Temps éblouissant,Autre collision,4,2,0,0,1,1,1,0,1,30,1,2,1,1,0,0,39.0,,voiture,,1,2,2,7,6
202400052131,2024-12-02 17:30:00,2024,12,2,17,30,26,26038,Route de Pont,45.024107,4.909902,Nuit sans éclairage public,Hors agglomération,Hors intersection,Pluie légère,Autre collision,3,2,2,0,1,1,2,0,1,80,1,2,1,1,0,0,58.0,,voiture,,3,1,1,2,6
202400052132,2024-03-27 17:30:00,2024,3,27,17,30,79,79174,,46.22218,-0.15403,Plein jour,En agglomération,Hors intersection,Normale,Deux véhicules - côté,4,2,2,0,1,1,1,0,1,50,2,3,2,0,1,0,38.0,23.0,voiture,deux_roues,1,2,1,1,3
202400052133,2024-08-16 18:15:00,2024,8,16,18,15,94,94043,A6B,48.81347209,2.35472471,Crépuscule ou aube,Hors agglomération,Hors intersection,Normale,Deux véhicules - arrière,1,3,2,0,1,1,1,1,1,70,2,4,3,0,0,1,26.0,35.0,voiture,voiture,2,1,1,1,2
202400052134,2024-10-25 09:10:00,2024,10,25,9,10,64,64445,MARECHAL LECLERC DU,43.30606368,-0.33503339,Plein jour,En agglomération,Hors intersection,Pluie légère,Autre collision,4,3,2,2,1,1,2,0,1,50,1,3,1,0,0,2,80.0,,voiture,,1,2,1,2,6
202400052135,2024-02-14 19:11:00,2024,2,14,19,11,31,31555,LYON (AV DE) DU 1AU 37,43.61516334,1.45215064,Nuit avec éclairage allumé,En agglomération,Autre intersection,Normale,Deux véhicules - frontale,4,2,2,1,1,1,1,5,1,30,2,2,1,0,0,1,27.0,23.0,voiture,deux_roues,5,2,9,1,1
202400052136,2024-07-10 08:35:00,2024,7,10,8,35,78,78517,ORPHIN (RUE D'),48.62871,1.82603,Plein jour,En agglomération,Giratoire,Normale,Deux véhicules - côté,3,2,2,0,1,1,1,5,1,30,2,2,1,0,1,0,32.0,60.0,voiture,deux_roues,1,2,6,1,3
202400052136,2024-07-10 08:35:00,2024,7,10,8,35,78,78517,ORPHIN (RUE D'),48.62871,1.82603,Plein jour,En agglomération,Giratoire,Normale,Deux véhicules - côté,3,2,2,0,1,1,1,5,1,30,2,2,1,0,1,0,32.0,60.0,voiture,deux_roues,1,2,6,1,3
202400052137,2024-03-27 21:45:00,2024,3,27,21,45,39,39547,,46.349534,5.751954,Nuit sans éclairage public,Hors agglomération,Hors intersection,Normale,Sans collision,3,2,2,0,1,2,1,0,1,90,1,1,0,0,1,0,24.0,,voiture,,3,1,1,1,7
202400052138,2024-08-16 05:55:00,2024,8,16,5,55,94,94038,A6B,48.78910809,2.34502386,Crépuscule ou aube,Hors agglomération,Hors intersection,Normale,Deux véhicules - côté,1,1,2,0,1,1,1,0,1,90,2,2,1,0,0,1,27.0,33.0,voiture,voiture,2,1,1,1,3
202400052139,2024-12-03 01:50:00,2024,12,3,1,50,69,69031,Chemin du Viaduc,45.738956,4.51331,Nuit sans éclairage public,Hors agglomération,Intersection en Y,Pluie légère,Autre collision,3,2,2,0,1,1,2,0,1,-1,1,2,0,1,1,0,34.0,,voiture,,3,1,4,2,6
202400052139,2024-12-03 01:50:00,2024,12,3,1,50,69,69031,Chemin du Viaduc,45.738956,4.51331,Nuit sans éclairage public,Hors agglomération,Intersection en Y,Pluie légère,Autre collision,3,2,2,0,2,1,2,0,1,30,1,2,0,1,1,0,34.0,,voiture,,3,1,4,2,6
202400052140,2024-10-24 17:46:00,2024,10,24,17,46,64,64024,Place du Général Leclerc,43.4942,-1.5285,Plein jour,En agglomération,Hors intersection,Normale,Autre collision,4,2,1,0,1,3,1,9,8,30,1,2,1,0,1,0,87.0,,voiture,,1,2,1,1,6
202400052141,2024-09-22 15:55:00,2024,9,22,15,55,44,44063,,47.085619,-1.26022,Plein jour,Hors agglomération,Hors intersection,Normale,Deux véhicules - frontale,3,2,2,0,1,1,1,0,1,80,2,5,1,0,0,4,29.0,47.0,voiture,utilitaire_camion,1,1,1,1,1
202400052142,2024-06-09 12:30:00,2024,6,9,12,30,75,75115,ALLEE DES FRERES VOISIN,48.827953,2.271177,Plein jour,En agglomération,Intersection en T,Normale,Deux véhicules - arrière,4,2,6,1,1,1,1,0,1,30,2,2,1,0,0,1,48.0,33.0,voiture,deux_roues,1,2,3,1,2
202400052142,2024-06-09 12:30:00,2024,6,9,12,30,75,75115,ALLEE DES FRERES VOISIN,48.827953,2.271177,Plein jour,En agglomération,Intersection en T,Normale,Deux véhicules - arrière,4,2, -1,-1,1,1,1,0,1,30,2,2,1,0,0,1,48.0,33.0,voiture,deux_roues,1,2,3,1,2
202400052143,2024-03-25 19:15:00,2024,3,25,19,15,29,29105,9 avenue Jeanne d'Arc,48.508815,-4.067329,Crépuscule ou aube,En agglomération,Intersection en T,Pluie légère,Deux véhicules - côté,4,2,2,0,1,1,2,0,1,50,2,2,0,0,1,1,26.0,30.0,voiture,voiture,2,2,3,2,3
202400052143,2024-03-25 19:15:00,2024,3,25,19,15,29,29105,9 avenue Jeanne d'Arc,48.508815,-4.067329,Crépuscule ou aube,En agglomération,Intersection en T,Pluie légère,Deux véhicules - côté,4,2, -1,-1,1,1,2,0,1,-1,2,2,0,0,1,1,26.0,30.0,voiture,voiture,2,2,3,2,3
202400052144,2024-08-16 15:40:00,2024,8,16,15,40,95,95256,N184,49.0565217,2.20567167,Plein jour,Hors agglomération,Hors intersection,Normale,Deux véhicules - côté,2,3,3,0,1,1,1,0,1,90,2,2,1,0,0,1,42.0,34.0,voiture,utilitaire_camion,1,1,1,1,3
202400052145,2024-12-03 12:20:00,2024,12,3,12,20,81,81311,RD612,43.721541,2.196871,Plein jour,Hors agglomération,Hors intersection,Normale,Deux véhicules - arrière,3,2,3,0,2,1,2,0,1,90,2,2,1,1,0,0,39.0,21.0,utilitaire_camion,voiture,1,1,1,1,2
202400052146,2024-09-19 15:15:00,2024,9,19,15,15,31,31160,N224,43.67772131,1.2679779,Plein jour,Hors agglomération,Hors intersection,Normale,Trois véhicules et plus - collisions multiples,2,2,2,0,1,1,1,0,1,80,3,4,3,0,1,0,65.0,40.0,voiture,voiture,1,1,1,1,5
202400052147,2024-06-09 19:40:00,2024,6,9,19,40,75,75113,AVENUE D ITALIE,48.819142,2.359578,Plein jour,En agglomération,Intersection en X,Normale,Deux véhicules - arrière,4,3,4,0,1,1,1,5,1,50,2,3,2,0,0,1,,37.0,voiture,deux_roues,1,2,2,1,2
202400052147,2024-06-09 19:40:00,2024,6,9,19,40,75,75113,AVENUE D ITALIE,48.819142,2.359578,Plein jour,En agglomération,Intersection en X,Normale,Deux véhicules - arrière,4,3,5,0,1,1,1,5,1,50,2,3,2,0,0,1,,37.0,voiture,deux_roues,1,2,2,1,2
202400052148,2024-10-24 14:10:00,2024,10,24,14,10,64,64024,BAHINOS (ROND POINT DE),43.49452,-1.51877,Plein jour,En agglomération,Giratoire,Normale,Trois véhicules et plus - en chaîne,4,1,2,0,1,1,1,5,1,50,3,4,2,0,0,2,38.0,48.0,voiture,utilitaire_camion,1,2,6,1,4
202400052148,2024-10-24 14:10:00,2024,10,24,14,10,64,64024,BAHINOS (ROND POINT DE),43.49452,-1.51877,Plein jour,En agglomération,Giratoire,Normale,Trois véhicules et plus - en chaîne,4,1,2,0,1,2,1,5,1,50,3,4,2,0,0,2,38.0,48.0,voiture,utilitaire_camion,1,2,6,1,4
202400052149,2024-03-25 01:55:00,2024,3,25,1,55,38,38399,D518,45.497677,5.139359,Nuit avec éclairage allumé,En agglomération,Hors intersection,Normale,Autre collision,3,2,2,0,1,1,1,0,1,50,1,2,0,0,2,0,16.0,,voiture,,5,2,1,1,6
202400052150,2024-08-16 22:15:00,2024,8,16,22,15,77,77438,A104,48.864413,2.669122,Nuit sans éclairage public,Hors agglomération,Autre intersection,Normale,Deux véhicules - arrière,1,1,1,0,1,3,1,0,1,50,2,2,1,0,0,1,59.0,39.0,voiture,voiture,3,1,9,1,2
202400052151,2024-07-11 17:45:00,2024,7,11,17,45,77,77215,RUE ALFRED DE VIGNY,48.741688,2.728033,Plein jour,En agglomération,Hors intersection,Normale,Autre collision,4,2,2,0,1,1,1,9,1,30,1,2,1,0,0,1,62.0,,voiture,,1,2,1,1,6
202400052152,2024-12-02 20:50:00,2024,12,2,20,50,86,86026,D759,47.079048,0.175009,Nuit sans éclairage public,Hors agglomération,Hors intersection,Normale,Deux véhicules - arrière,3,2,2,0,1,1,1,0,1,90,2,2,1,0,1,0,21.0,31.0,voiture,deux_roues,3,1,1,1,2
202400052153,2024-02-13 12:03:00,2024,2,13,12,3,14,14366,30 Avenue Georges Pompidou,49.132033,0.226126,Plein jour,En agglomération,Giratoire,Normale,Deux véhicules - côté,4,3,2,0,1,2,1,5,1,50,2,3,2,0,0,1,19.0,74.0,deux_roues,voiture,1,2,6,1,3
202400052153,2024-02-13 12:03:00,2024,2,13,12,3,14,14366,30 Avenue Georges Pompidou,49.132033,0.226126,Plein jour,En agglomération,Giratoire,Normale,Deux véhicules - côté,4,3,2,0,1,2,1,5,1,50,2,3,2,0,0,1,19.0,74.0,deux_roues,voiture,1,2,6,1,3
202400052154,2024-09-21 18:15:00,2024,9,21,18,15,31,31066,1690 Route de Montauban,43.808099,1.573609,Plein jour,Hors agglomération,Hors intersection,Pluie légère,Trois véhicules et plus - collisions multiples,3,2,2,0,1,1,2,0,1,80,3,3,0,0,0,3,41.0,39.0,voiture,voiture,1,1,1,2,5
202400052155,2024-11-26 07:40:00,2024,11,26,7,40,33,33165,,44.806199,-0.442586,Nuit sans éclairage public,Hors agglomération,Hors intersection,Normale,Sans collision,3,2,2,0,2,2,2,0,1,70,1,1,0,0,1,0,49.0,,deux_roues,,3,1,1,1,7
202400052156,2024-06-09 17:15:00,2024,6,9,17,15,75,75108,BOULEVARD HAUSSMANN,48.87486,2.318531,Plein jour,En agglomération,Intersection en T,Normale,Autre collision,4,1,3,1,1,1,1,0,4,30,1,2,1,0,0,1,20.0,,deux_roues,,1,2,3,1,6
202400052156,2024-06-09 17:15:00,2024,6,9,17,15,75,75108,BOULEVARD HAUSSMANN,48.87486,2.318531,Plein jour,En agglomération,Intersection en T,Normale,Autre collision,4,1, -1,0,1,1,1,0,4,30,1,2,1,0,0,1,20.0,,deux_roues,,1,2,3,1,6
202400052157,2024-10-25 21:25:00,2024,10,25,21,25,62,62051,D941,50.51689288,2.77446842,Nuit sans éclairage public,Hors agglomération,Autre intersection,Normale,Deux véhicules - côté,3,2, -1,0,1,1,1,9,1,80,2,2,0,0,1,1,45.0,36.0,voiture,deux_roues,3,1,9,1,3
202400052157,2024-10-25 21:25:00,2024,10,25,21,25,62,62051,D941,50.51689288,2.77446842,Nuit sans éclairage public,Hors agglomération,Autre intersection,Normale,Deux véhicules - côté,3,2, -1,0,1,1,1,9,1,-1,2,2,0,0,1,1,45.0,36.0,voiture,deux_roues,3,1,9,1,3
202400052158,2024-03-28 05:20:00,2024,3,28,5,20,02,02419,3 Route Nationale,49.950792,3.776014,Crépuscule ou aube,Hors agglomération,Intersection en X,Pluie légère,Deux véhicules - côté,3,2,1,0,1,2,2,0,1,70,2,2,1,0,1,0,29.0,43.0,voiture,utilitaire_camion,2,1,2,2,3
202400052158,2024-03-28 05:20:00,2024,3,28,5,20,02,02419,3 Route Nationale,49.950792,3.776014,Crépuscule ou aube,Hors agglomération,Intersection en X,Pluie légère,Deux véhicules - côté,3,2,1,0,1,2,2,5,1,80,2,2,1,0,1,0,29.0,43.0,voiture,utilitaire_camion,2,1,2,2,3