accident_id,datetime,annee,mois,jour,heure,minute,departement,commune_insee,adresse,latitude,longitude,luminosite,agglomeration,intersection,meteo,collision,catr,circ,nbv,vosp,prof,plan,surf,infra,situ,vma,nb_vehicules,nb_usagers,nb_indemnes,nb_tues,nb_blesses_hosp,nb_blesses_legers,age_cond_1,age_cond_2,veh_type_cond_1,veh_type_cond_2,lum_code,agg_code,int_code,atm_code,col_code
202400052159,2024-07-11 09:45:00,2024,7,11,9,45,76,76026,SAINT JULIEN (RUE),49.88241,1.12862,Plein jour,En agglomération,Hors intersection,Normale,Trois véhicules et plus - en chaîne,3,2,2,0,1,1,1,0,1,50,3,3,2,0,0,1,43.0,31.0,voiture,utilitaire_camion,1,2,1,1,4
202400052160,2024-09-21 22:30:00,2024,9,21,22,30,03,03254,RD277,46.270808,3.315897,Nuit sans éclairage public,Hors agglomération,Hors intersection,Normale,Sans collision,3,2,2,0,1,1,1,0,1,90,1,1,0,0,0,1,39.0,,deux_roues,,3,1,1,1,7
202400052161,2024-02-13 19:22:00,2024,2,13,19,22,14,14101,116 Route de Bretagne,49.16607,-0.41493,Nuit avec éclairage allumé,En agglomération,Intersection en T,Pluie légère,Deux véhicules - côté,4,3,2,0,1,1,2,0,1,30,2,2,1,0,0,1,50.0,34.0,voiture,deux_roues,5,2,3,2,3
202400052161,2024-02-13 19:22:00,2024,2,13,19,22,14,14101,116 Route de Bretagne,49.16607,-0.41493,Nuit avec éclairage allumé,En agglomération,Intersection en T,Pluie légère,Deux véhicules - côté,4,1,1,0,1,1,2,0,1,50,2,2,1,0,0,1,50.0,34.0,voiture,deux_roues,5,2,3,2,3
202400052162,2024-06-09 13:35:00,2024,6,9,13,35,75,75107,QUAI VOLTAIRE,48.858574,2.33217,Plein jour,En agglomération,Hors intersection,Normale,Deux véhicules - frontale,4,1,2,1,1,1,1,0,1,30,2,2,1,0,1,0,24.0,26.0,deux_roues,deux_roues,1,2,1,1,1
202400052163,2024-06-05 22:30:00,2024,6,5,22,30,42,42218,Rue de la Montat,45.443,4.413,Nuit avec éclairage allumé,En agglomération,Intersection en X,Normale,Deux véhicules - côté,4,-1,4,0,1,1,1,5,1,50,2,3,1,0,0,2,25.0,25.0,voiture,voiture,5,2,2,1,3
202400052163,2024-06-05 22:30:00,2024,6,5,22,30,42,42218,Rue de la Montat,45.443,4.413,Nuit avec éclairage allumé,En agglomération,Intersection en X,Normale,Deux véhicules - côté,4,2,4,0,1,1,1,5,1,50,2,3,1,0,0,2,25.0,25.0,voiture,voiture,5,2,2,1,3
202400052164,2024-03-27 18:14:00,2024,3,27,18,14,02,02601,D966,49.406645,4.041164,Plein jour,Hors agglomération,Intersection en T,Normale,Deux véhicules - frontale,3,2,2,0,3,1,1,0,1,80,2,2,1,0,0,1,72.0,24.0,voiture,voiture,1,1,3,1,1
202400052164,2024-03-27 18:14:00,2024,3,27,18,14,02,02601,D966,49.406645,4.041164,Plein jour,Hors agglomération,Intersection en T,Normale,Deux véhicules - frontale,3,2,2,0,3,1,1,0,1,80,2,2,1,0,0,1,72.0,24.0,voiture,voiture,1,1,3,1,1
202400052165,2024-07-11 17:24:00,2024,7,11,17,24,73,73011,N90,45.66109,6.3829,Plein jour,Hors agglomération,Hors intersection,Temps couvert,Deux véhicules - arrière,2,3,6,0,1,1,1,0,1,90,2,2,1,0,1,0,59.0,45.0,deux_roues,voiture,1,1,1,8,2
202400052166,2024-10-25 18:01:00,2024,10,25,18,1,61,61117,D529,48.43771,0.05793,Plein jour,Hors agglomération,Intersection en X,Pluie légère,Deux véhicules - côté,3,2,2,0,1,1,2,0,1,80,2,2,1,0,0,1,59.0,14.0,voiture,deux_roues,1,1,2,2,3
202400052166,2024-10-25 18:01:00,2024,10,25,18,1,61,61117,D529,48.43771,0.05793,Plein jour,Hors agglomération,Intersection en X,Pluie légère,Deux véhicules - côté,3,2,2,2,1,1,2,0,1,80,2,2,1,0,0,1,59.0,14.0,voiture,deux_roues,1,1,2,2,3
202400052167,2024-02-11 17:50:00,2024,2,11,17,50,13,13108,PROSPER MERIME (AVENUE),43.814385,4.664995,Crépuscule ou aube,En agglomération,Hors intersection,Normale,Deux véhicules - frontale,4,2,2,0,1,1,1,0,1,50,1,1,0,0,1,0,29.0,,deux_roues,,2,2,1,1,1
202400052168,2024-09-21 09:18:00,2024,9,21,9,18,54,54102,D904,48.71499,5.875623,Plein jour,Hors agglomération,Intersection en T,Brouillard / fumée,Deux véhicules - frontale,3,2,2,0,1,1,1,0,1,80,2,3,0,0,3,0,23.0,73.0,voiture,voiture,1,1,3,5,1
202400052168,2024-09-21 09:18:00,2024,9,21,9,18,54,54102,D904,48.71499,5.875623,Plein jour,Hors agglomération,Intersection en T,Brouillard / fumée,Deux véhicules - frontale,3,2, -1,0,1,1,1,0,1,80,2,3,0,0,3,0,23.0,73.0,voiture,voiture,1,1,3,5,1
202400052169,2024-06-09 22:00:00,2024,6,9,22,0,75,75104,RUE DU RENARD,48.86030776,2.35305083,Nuit avec éclairage allumé,En agglomération,Intersection en T,Normale,Autre collision,4,1, -1,-1,1,1,1,0,5,30,1,1,0,0,0,1,50.0,,deux_roues,,5,2,3,1,6
202400052169,2024-06-09 22:00:00,2024,6,9,22,0,75,75104,RUE DU RENARD,48.86030776,2.35305083,Nuit avec éclairage allumé,En agglomération,Intersection en T,Normale,Autre collision,4,1,4,1,1,1,1,0,5,30,1,1,0,0,0,1,50.0,,deux_roues,,5,2,3,1,6
202400052170,2024-08-15 02:12:00,2024,8,15,2,12,987,98736,CHARLES DE GAULLE (AV),-17.530057,-149.551612,Nuit avec éclairage allumé,Hors agglomération,Hors intersection,Normale,Sans collision,2,2,4,0,1,1,1,0,4,60,1,2,0,0,0,2,25.0,,deux_roues,,5,1,1,1,7
202400052171,2024-03-26 16:15:00,2024,3,26,16,15,14,14371,Avenue de Neuville,48.997508,0.163282,Plein jour,Hors agglomération,Hors intersection,Pluie légère,Autre collision,4,2,2,0,2,3,2,0,3,80,1,1,0,0,1,0,66.0,,voiture,,1,1,1,2,6
202400052172,2024-02-14 20:50:00,2024,2,14,20,50,13,13213,MAURELLE (RUE DE LA),43.32278813,5.44016866,Nuit avec éclairage allumé,En agglomération,Hors intersection,Normale,Deux véhicules - frontale,4,-1,2,0,1,1,1,0,1,50,1,3,0,0,0,3,26.0,,voiture,,5,2,1,1,1
202400052173,2024-10-22 22:55:00,2024,10,22,22,55,60,60159,Pont Neuf,49.41714,2.81772,Nuit avec éclairage allumé,En agglomération,Hors intersection,Normale,Deux véhicules - frontale,4,2,3,0,1,1,1,2,1,30,2,2,1,0,1,0,28.0,40.0,deux_roues,voiture,5,2,1,1,1
202400052174,2024-09-20 17:04:00,2024,9,20,17,4,14,14194,Route de Saint-Germain,49.079102,0.37625,Plein jour,Hors agglomération,Hors intersection,Normale,Autre collision,3,2,2,0,2,3,1,0,3,30,1,2,0,0,1,1,75.0,,voiture,,1,1,1,1,6
202400052175,2024-07-10 17:05:00,2024,7,10,17,5,72,72181,GENESLAY FELIX (AV) N° PAIRS 2 A 144,47.98126,0.20964,Plein jour,En agglomération,Intersection en X,Normale,Deux véhicules - côté,4,2,2,3,1,1,1,5,1,50,2,3,2,0,0,1,43.0,33.0,voiture,transport_commun,1,2,2,1,3
202400052175,2024-07-10 17:05:00,2024,7,10,17,5,72,72181,GENESLAY FELIX (AV) N° PAIRS 2 A 144,47.98126,0.20964,Plein jour,En agglomération,Intersection en X,Normale,Deux véhicules - côté,4,2,2,0,1,1,1,0,1,50,2,3,2,0,0,1,43.0,33.0,voiture,transport_commun,1,2,2,1,3
202400052176,2024-06-09 18:05:00,2024,6,9,18,5,75,75103,RUE DE TURBIGO,48.865489,2.356047,Plein jour,En agglomération,Intersection en X,Normale,Sans collision,4,1,2,1,1,1,1,6,6,30,1,1,0,0,1,0,34.0,,deux_roues,,1,2,2,1,7
202400052176,2024-06-09 18:05:00,2024,6,9,18,5,75,75103,RUE DE TURBIGO,48.865489,2.356047,Plein jour,En agglomération,Intersection en X,Normale,Sans collision,4,1,2,1,1,1,1,0,8,30,1,1,0,0,1,0,34.0,,deux_roues,,1,2,2,1,7
202400052177,2024-08-15 19:00:00,2024,8,15,19,0,974,97407,DOXILE(RUE),-20.94288,55.29495,Nuit avec éclairage allumé,En agglomération,Hors intersection,Normale,Autre collision,4,-1,2,0,1,1,1,0,1,50,2,2,1,0,0,1,,37.0,voiture,deux_roues,5,2,1,1,6
202400052178,2024-12-03 07:18:00,2024,12,3,7,18,60,60212,D 929,49.23617402,2.29566139,Nuit sans éclairage public,Hors agglomération,Hors intersection,Normale,Deux véhicules - frontale,3,2,2,0,2,1,2,0,1,80,3,5,2,0,1,2,25.0,26.0,voiture,voiture,3,1,1,1,1
202400052179,2024-03-19 18:10:00,2024,3,19,18,10,09,09264,Rd624 - Lotissement Beaurivage,43.024243,1.612623,Plein jour,En agglomération,Hors intersection,Temps éblouissant,Deux véhicules - frontale,3,2,2,0,1,1,1,0,1,50,2,2,1,0,1,0,29.0,57.0,deux_roues,voiture,1,2,1,7,1
202400052180,2024-09-21 19:25:00,2024,9,21,19,25,05,05009,RN 85 - PR 0 + 250,44.80559,5.955706,Crépuscule ou aube,Hors agglomération,Hors intersection,Normale,Sans collision,2,2,2,0,2,2,1,0,3,80,1,2,0,0,1,1,57.0,,deux_roues,,2,1,1,1,7
202400052181,2024-08-15 14:20:00,2024,8,15,14,20,974,97407,VERGES(AVENUE),-20.9395,55.3022,Plein jour,En agglomération,Hors intersection,Normale,Autre collision,4,-1,1,0,1,1,1,0,1,50,1,2,0,0,0,2,41.0,,voiture,,1,2,1,1,6
202400052182,2024-12-03 03:22:00,2024,12,3,3,22,60,60517,Rue d'Anserville,49.23028033,2.22456729,Nuit sans éclairage public,Hors agglomération,Giratoire,Normale,Autre collision,3,1,2,0,1,3,2,0,4,90,1,2,1,0,0,1,,,voiture,,3,1,6,1,6
202400052183,2024-02-14 18:28:00,2024,2,14,18,28,13,13207,RIVE NEUVE (QUAI),43.29311777,5.37010625,Nuit avec éclairage allumé,En agglomération,Hors intersection,Normale,Deux véhicules - frontale,4,2,3,0,1,1,1,0,1,50,2,4,3,0,0,1,35.0,32.0,voiture,deux_roues,5,2,1,1,1
202400052184,2024-07-11 19:00:00,2024,7,11,19,0,69,69282,5 Rue de la République,45.76975549,4.98689227,Plein jour,Hors agglomération,Hors intersection,Normale,Deux véhicules - frontale,4,2,2,2,1,1,1,0,1,50,2,2,1,0,0,1,42.0,48.0,voiture,deux_roues,1,1,1,1,1
202400052185,2024-09-22 03:30:00,2024,9,22,3,30,50,50487,1 la marionnais,48.467597,-1.377824,Nuit sans éclairage public,Hors agglomération,Hors intersection,Normale,Autre collision,4,2,2,0,1,2,2,0,3,80,1,1,0,0,0,1,45.0,,voiture,,3,1,1,1,6
202400052186,2024-08-14 11:29:00,2024,8,14,11,29,973,97302,MADELEINE (ROUTE DE LA),4.92087353,-52.32189846,Plein jour,En agglomération,Hors intersection,Normale,Deux véhicules - côté,3,2,2,0,1,1,1,0,1,50,2,2,1,0,0,1,18.0,26.0,deux_roues,voiture,1,2,1,1,3
202400052187,2024-10-25 09:50:00,2024,10,25,9,50,60,60057,Avenue Président J.F. Kennedy,49.40861746,2.11196494,Plein jour,En agglomération,Hors intersection,Normale,Trois véhicules et plus - en chaîne,4,1,5,0,1,1,1,0,1,50,5,8,5,0,0,3,82.0,65.0,voiture,voiture,1,2,1,1,4
202400052188,2024-06-09 06:15:00,2024,6,9,6,15,75,75104,AVENUE VICTORIA,48.857317,2.34925,Plein jour,En agglomération,Intersection en T,Normale,Deux véhicules - côté,4,1,3,3,1,1,1,0,1,30,2,2,1,0,0,1,24.0,49.0,deux_roues,voiture,1,2,3,1,3
202400052188,2024-06-09 06:15:00,2024,6,9,6,15,75,75104,AVENUE VICTORIA,48.857317,2.34925,Plein jour,En agglomération,Intersection en T,Normale,Deux véhicules - côté,4,1,2,1,1,1,1,0,1,30,2,2,1,0,0,1,24.0,49.0,deux_roues,voiture,1,2,3,1,3
202400052189,2024-11-29 23:25:00,2024,11,29,23,25,80,80571,D14,49.764295,2.469451,Nuit sans éclairage public,Hors agglomération,Hors intersection,Autre,Autre collision,3,2,2,0,2,2,7,0,8,80,1,1,0,0,1,0,21.0,,voiture,,3,1,1,9,6
202400052190,2024-09-22 13:00:00,2024,9,22,13,0,45,45138,D46 PR 6 + 870,47.723626,2.840298,Plein jour,Hors agglomération,Hors intersection,Pluie forte,Autre collision,3,2,2,0,1,2,2,0,3,80,1,1,0,1,0,0,68.0,,voiture,,1,1,1,3,6
202400052191,2024-08-14 00:15:00,2024,8,14,0,15,973,97302,MADELEINE (ROUTE DE LA),4.91085,-52.32146,Nuit sans éclairage public,En agglomération,Hors intersection,Normale,Sans collision,3,2,2,0,1,1,1,0,1,50,1,1,0,0,0,1,42.0,,deux_roues,,3,2,1,1,7
202400052192,2024-02-14 18:50:00,2024,2,14,18,50,13,13213,ROSE (AVENUE DE LA),43.32947,5.42827,Nuit avec éclairage allumé,En agglomération,Hors intersection,Normale,Deux véhicules - côté,4,2,2,0,1,1,1,0,1,50,2,3,2,0,0,1,48.0,,deux_roues,voiture,5,2,1,1,3
202400052193,2024-07-11 19:00:00,2024,7,11,19,0,69,69266,Impasse des Soeurs,45.78015,4.89157,Plein jour,En agglomération,Intersection en T,Pluie forte,Autre collision,4,2,2,2,1,1,2,0,4,50,1,3,0,0,0,3,20.0,,deux_roues,,1,2,3,3,6
202400052193,2024-07-11 19:00:00,2024,7,11,19,0,69,69266,Impasse des Soeurs,45.78015,4.89157,Plein jour,En agglomération,Intersection en T,Pluie forte,Autre collision,4,2,2,0,1,1,2,0,4,50,1,3,0,0,0,3,20.0,,deux_roues,,1,2,3,3,6
202400052194,2024-12-02 19:00:00,2024,12,2,19,0,80,80799,D1029,49.870881,2.533523,Nuit sans éclairage public,Hors agglomération,Giratoire,Pluie légère,Deux véhicules - côté,3,2,2,0,1,1,2,5,1,80,2,2,1,0,1,0,30.0,52.0,voiture,deux_roues,3,1,6,2,3
202400052195,2024-02-15 01:12:00,2024,2,15,1,12,10,10333,ANDRE RONGEOT (RUE),48.2795,4.0348,Nuit avec éclairage allumé,En agglomération,Hors intersection,Normale,Autre collision,4,2,1,0,1,2,1,0,8,50,1,2,1,0,1,0,19.0,,voiture,,5,2,1,1,6
202400052196,2024-10-25 18:50:00,2024,10,25,18,50,57,57630,STRASBOURG,48.74086,7.07405,Crépuscule ou aube,En agglomération,Intersection en X,Normale,Deux véhicules - côté,3,2,3,0,1,1,1,0,1,50,2,4,3,0,1,0,25.0,50.0,voiture,voiture,2,2,2,1,3
202400052196,2024-10-25 18:50:00,2024,10,25,18,50,57,57630,STRASBOURG,48.74086,7.07405,Crépuscule ou aube,En agglomération,Intersection en X,Normale,Deux véhicules - côté,3,2,3,0,1,1,1,0,1,50,2,4,3,0,1,0,25.0,50.0,voiture,voiture,2,2,2,1,3
202400052196,2024-10-25 18:50:00,2024,10,25,18,50,57,57630,STRASBOURG,48.74086,7.07405,Crépuscule ou aube,En agglomération,Intersection en X,Normale,Deux véhicules - côté,3,2,3,0,1,1,1,5,1,50,2,4,3,0,1,0,25.0,50.0,voiture,voiture,2,2,2,1,3
202400052197,2024-07-11 16:55:00,2024,7,11,16,55,67,67482,GRANDES ARCADES (RUE DES),48.582,7.747,Plein jour,En agglomération,Hors intersection,Normale,Autre collision,4,1,1,3,1,1,9,6,6,20,1,2,1,0,0,1,20.0,,deux_roues,,1,2,1,1,6
202400052198,2024-08-15 18:00:00,2024,8,15,18,0,69,69387,Pont de la Guillotière,45.75647536,4.83921751,Plein jour,En agglomération,Hors intersection,Normale,Deux véhicules - côté,4,2,5,2,1,1,1,0,1,30,2,2,1,0,0,1,30.0,17.0,deux_roues,deux_roues,1,2,1,1,3
202400052199,2024-09-22 06:30:00,2024,9,22,6,30,53,53262,2 Rue de la Roinée,48.060901,-0.570087,Nuit sans éclairage public,En agglomération,Intersection en T,Temps couvert,Autre collision,3,2,2,0,2,3,2,0,8,50,1,5,1,0,3,1,19.0,,voiture,,3,2,3,8,6
202400052199,2024-09-22 06:30:00,2024,9,22,6,30,53,53262,2 Rue de la Roinée,48.060901,-0.570087,Nuit sans éclairage public,En agglomération,Intersection en T,Temps couvert,Autre collision,3,2,2,0,1,1,2,0,8,50,1,5,1,0,3,1,19.0,,voiture,,3,2,3,8,6
202400052200,2024-12-03 11:32:00,2024,12,3,11,32,62,62361,D941,50.27591804,2.28332915,Plein jour,En agglomération,Hors intersection,Normale,Autre collision,3,2,2,0,1,1,1,0,1,50,1,2,1,0,1,0,58.0,,voiture,,1,2,1,1,6
202400052201,2024-06-09 11:20:00,2024,6,9,11,20,94,94081,Avenue Youri Gagarine / Rue de la Petite Saussaie,48.786003,2.391569,Plein jour,En agglomération,Intersection en X,Normale,Deux véhicules - côté,3,3,4,1,1,1,1,0,1,50,2,8,4,0,1,3,59.0,36.0,voiture,voiture,1,2,2,1,3
202400052201,2024-06-09 11:20:00,2024,6,9,11,20,94,94081,Avenue Youri Gagarine / Rue de la Petite Saussaie,48.786003,2.391569,Plein jour,En agglomération,Intersection en X,Normale,Deux véhicules - côté,3,2,2,0,1,1,1,0,1,50,2,8,4,0,1,3,59.0,36.0,voiture,voiture,1,2,2,1,3
202400052202,2024-02-13 18:00:00,2024,2,13,18,0,06,06069,Boulevard Fragonard,43.6573,6.92324,Nuit avec éclairage allumé,En agglomération,Autre intersection,Normale,Autre collision,3,2,2,0,2,1,1,0,1,50,1,3,2,0,0,1,37.0,,deux_roues,,5,2,9,1,6
202400052203,2024-10-25 08:22:00,2024,10,25,8,22,57,57480,JONCS (RUE DES ),49.0927,6.14802,Plein jour,En agglomération,Hors intersection,Normale,Deux véhicules - côté,4,2,2,0,1,1,1,0,1,50,2,2,1,0,1,0,22.0,58.0,voiture,deux_roues,1,2,1,1,3
202400052204,2024-08-14 17:44:00,2024,8,14,17,44,972,97209,PROFESSEUR RAYMOND GARCIN (RUE DU),14.61315,-61.07846,Plein jour,En agglomération,Hors intersection,Normale,Deux véhicules - côté,2,2,2,0,2,1,1,0,1,50,2,2,1,0,0,1,42.0,54.0,deux_roues,voiture,1,2,1,1,3
202400052205,2024-12-02 07:55:00,2024,12,2,7,55,83,83090,A50,43.12616683,5.88374932,Plein jour,Hors agglomération,Hors intersection,Normale,Autre collision,1,3,3,0,1,1,1,0,1,110,1,2,0,0,0,2,36.0,,voiture,,1,1,1,1,6
202400052206,2024-09-22 05:50:00,2024,9,22,5,50,85,85108,D7 PK 57+930,46.903677,-1.394556,Nuit sans éclairage public,Hors agglomération,Hors intersection,Brouillard / fumée,Autre collision,3,2,2,0,4,1,2,0,1,80,1,2,1,1,0,0,51.0,,utilitaire_camion,,3,1,1,5,6
202400052207,2024-07-10 13:30:00,2024,7,10,13,30,64,64260,BEHOBIE (RUE DE),43.34979,-1.77893,Plein jour,En agglomération,Hors intersection,Normale,Deux véhicules - côté,3,2,2,0,1,1,1,0,1,50,2,2,1,0,1,0,42.0,71.0,deux_roues,voiture,1,2,1,1,3
202400052208,2024-02-12 12:10:00,2024,2,12,12,10,06,06027,Avenue de Cannes,43.65321,7.1466,Plein jour,En agglomération,Hors intersection,Normale,Deux véhicules - côté,7,2,2,0,2,1,1,0,1,50,2,2,1,0,0,1,39.0,76.0,voiture,deux_roues,1,2,1,1,3
202400052209,2024-08-16 00:00:00,2024,8,16,0,0,69,69389,Quai Jayr,45.77980142,4.80868773,Nuit avec éclairage allumé,En agglomération,Hors intersection,Normale,Autre collision,4,2,2,1,1,1,1,0,1,30,1,1,0,0,0,1,41.0,,deux_roues,,5,2,1,1,6
202400052210,2024-12-02 13:40:00,2024,12,2,13,40,33,33550,,44.7783,-0.56568,Plein jour,Hors agglomération,Hors intersection,Pluie légère,Deux véhicules - arrière,1,3,3,0,1,1,2,3,1,90,2,3,1,0,0,2,76.0,51.0,voiture,utilitaire_camion,1,1,1,2,2
202400052211,2024-09-21 14:30:00,2024,9,21,14,30,27,27045,11 Rue de la Cote Rouge,49.327145,1.764296,Plein jour,Hors agglomération,Hors intersection,Normale,Deux véhicules - côté,3,2,2,0,3,2,1,0,1,70,2,2,0,0,1,1,49.0,50.0,voiture,voiture,1,1,1,1,3
202400052212,2024-07-11 12:09:00,2024,7,11,12,9,64,64129,BAYONNE DE,43.30513,-0.40196,Plein jour,En agglomération,Hors intersection,Normale,Sans collision,4,1,2,0,1,1,1,0,1,50,1,1,0,0,0,1,26.0,,deux_roues,,1,2,1,1,7
202400052213,2024-06-08 21:30:00,2024,6,8,21,30,94,94074,Avenue Henri Barbusse,48.76325312,2.44210035,Plein jour,En agglomération,Hors intersection,Normale,Deux véhicules - arrière,2,3,4,0,1,1,1,0,1,50,2,3,1,0,0,2,26.0,23.0,deux_roues,voiture,1,2,1,1,2
202400052214,2024-09-19 07:50:00,2024,9,19,7,50,27,27372,Route de Mainneville,49.364744,1.646731,Nuit sans éclairage public,Hors agglomération,Hors intersection,Normale,Sans collision,4,2,2,0,1,1,1,0,8,80,1,2,0,2,0,0,19.0,,voiture,,3,1,1,1,7
202400052215,2024-02-14 14:10:00,2024,2,14,14,10,75,75112,BD PERIPHERIQUE INTERIEUR,48.844051,2.413842,Plein jour,En agglomération,Hors intersection,Temps couvert,Sans collision,4,1,4,0,1,1,1,0,1,70,1,1,0,0,0,1,28.0,,deux_roues,,1,2,1,8,7
202400052216,2024-10-25 17:05:00,2024,10,25,17,5,54,54526,Rue Louis Pasteur,48.68376889,6.22104585,Plein jour,En agglomération,Intersection en X,Normale,Deux véhicules - côté,4,2,2,0,1,1,1,0,1,30,2,2,1,0,0,1,33.0,16.0,voiture,deux_roues,1,2,2,1,3
202400052216,2024-10-25 17:05:00,2024,10,25,17,5,54,54526,Rue Louis Pasteur,48.68376889,6.22104585,Plein jour,En agglomération,Intersection en X,Normale,Deux véhicules - côté,4,2,3,1,1,1,1,0,1,50,2,2,1,0,0,1,33.0,16.0,voiture,deux_roues,1,2,2,1,3
202400052217,2024-08-15 10:31:00,2024,8,15,10,31,2A,2A004,MASSERIA BD,41.92606,8.73711,Plein jour,En agglomération,Intersection en X,Normale,Deux véhicules - côté,4,2,2,0,1,1,1,0,1,50,2,4,3,0,0,1,48.0,34.0,voiture,deux_roues,1,2,2,1,3
202400052217,2024-08-15 10:31:00,2024,8,15,10,31,2A,2A004,MASSERIA BD,41.92606,8.73711,Plein jour,En agglomération,Intersection en X,Normale,Deux véhicules - côté,4,1,1,0,2,1,1,0,1,50,2,4,3,0,0,1,48.0,34.0,voiture,deux_roues,1,2,2,1,3
202400052218,2024-11-30 11:56:00,2024,11,30,11,56,59,59532,AUTOROUTE A16,50.95568,2.14414,Plein jour,Hors agglomération,Hors intersection,Normale,Autre collision,1,-1,4,0,1,1,1,0,1,130,1,2,1,0,0,1,27.0,,voiture,,1,1,1,1,6
202400052219,2024-07-11 09:40:00,2024,7,11,9,40,64,64445,ALSACE LORRAINE D',43.30429,-0.36671,Plein jour,En agglomération,Giratoire,Normale,Deux véhicules - côté,4,1,1,0,1,3,1,0,1,50,2,2,1,0,0,1,69.0,58.0,voiture,deux_roues,1,2,6,1,3
202400052219,2024-07-11 09:40:00,2024,7,11,9,40,64,64445,ALSACE LORRAINE D',43.30429,-0.36671,Plein jour,En agglomération,Giratoire,Normale,Deux véhicules - côté,4,1,1,0,1,1,1,5,1,30,2,2,1,0,0,1,69.0,58.0,voiture,deux_roues,1,2,6,1,3
202400052220,2024-06-09 20:35:00,2024,6,9,20,35,93,93066,Boulevard de la Libération / Rue du Docteur Poiré,48.922435,2.343377,Plein jour,En agglomération,Intersection en X,Normale,Deux véhicules - côté,3,3,3,0,1,1,1,0,1,50,2,2,1,0,0,1,29.0,53.0,deux_roues,voiture,1,2,2,1,3
202400052220,2024-06-09 20:35:00,2024,6,9,20,35,93,93066,Boulevard de la Libération / Rue du Docteur Poiré,48.922435,2.343377,Plein jour,En agglomération,Intersection en X,Normale,Deux véhicules - côté,3,1,1,0,1,1,1,0,1,-1,2,2,1,0,0,1,29.0,53.0,deux_roues,voiture,1,2,2,1,3
202400052221,2024-10-25 14:15:00,2024,10,25,14,15,54,54184,Rue Aristide Briand,48.7032,6.21781,Plein jour,En agglomération,Hors intersection,Normale,Autre collision,4,1,1,0,1,1,1,0,1,30,1,2,1,0,0,1,52.0,,voiture,,1,2,1,1,6
202400052222,2024-02-14 19:00:00,2024,2,14,19,0,75,75120,RUE DU CLOS,48.857721,2.407563,Nuit avec éclairage non allumé,En agglomération,Intersection en X,Normale,Autre collision,4,1, -1,2,1,1,9,0,5,30,1,2,1,0,0,1,23.0,,deux_roues,,4,2,2,1,6
202400052222,2024-02-14 19:00:00,2024,2,14,19,0,75,75120,RUE DU CLOS,48.857721,2.407563,Nuit avec éclairage non allumé,En agglomération,Intersection en X,Normale,Autre collision,4,1,2,2,2,1,9,8,5,30,1,2,1,0,0,1,23.0,,deux_roues,,4,2,2,1,6
202400052223,2024-12-02 17:40:00,2024,12,2,17,40,94,94043,A6B,48.80819879,2.3476257,Plein jour,Hors agglomération,Hors intersection,Normale,Deux véhicules - côté,1,3,2,0,1,1,1,1,1,70,2,2,1,0,0,1,48.0,36.0,utilitaire_camion,deux_roues,1,1,1,1,3
202400052224,2024-09-19 08:20:00,2024,9,19,8,20,27,27109,D133,49.107431,0.834465,Plein jour,Hors agglomération,Intersection en X,Normale,Trois véhicules et plus - en chaîne,3,2,2,0,1,1,1,0,1,80,3,4,1,0,1,2,29.0,26.0,voiture,voiture,1,1,2,1,4
202400052224,2024-09-19 08:20:00,2024,9,19,8,20,27,27109,D133,49.107431,0.834465,Plein jour,Hors agglomération,Intersection en X,Normale,Trois véhicules et plus - en chaîne,3,2,2,-1,1,1,1,0,1,80,3,4,1,0,1,2,29.0,26.0,voiture,voiture,1,1,2,1,4
202400052225,2024-06-09 00:30:00,2024,6,9,0,30,92,92012,DOME (RUE DU),48.83209,2.24854,Nuit avec éclairage allumé,En agglomération,Hors intersection,Normale,Sans collision,4,-1,2,0,1,1,1,0,1,30,1,1,0,0,0,1,39.0,,deux_roues,,5,2,1,1,7
202400052226,2024-08-15 19:58:00,2024,8,15,19,58,95,95680,D970,49.01352067,2.41435032,Plein jour,Hors agglomération,Hors intersection,Normale,Deux véhicules - côté,3,2,2,0,1,1,1,0,1,80,2,4,3,1,0,0,23.0,25.0,voiture,deux_roues,1,1,1,1,3
202400052227,2024-07-10 13:00:00,2024,7,10,13,0,64,64445,HENRI FAISANS,43.30091,-0.35974,Plein jour,En agglomération,Hors intersection,Normale,Deux véhicules - arrière,4,2,2,0,1,1,1,0,1,30,2,3,2,0,0,1,51.0,48.0,voiture,voiture,1,2,1,1,2
202400052228,2024-10-24 21:20:00,2024,10,24,21,20,54,54395,Rue de la Croix Gagnée,48.6997,6.15627,Nuit sans éclairage public,En agglomération,Hors intersection,Normale,Autre collision,4,-1, -1,0,2,1,1,9,8,15,1,2,1,0,1,0,76.0,,utilitaire_camion,,3,2,1,1,6
202400052229,2024-02-14 21:10:00,2024,2,14,21,10,75,75111,BOULEVARD RICHARD LENOIR,48.85551007,2.36987382,Nuit avec éclairage allumé,En agglomération,Intersection en T,Normale,Deux véhicules - arrière,4,1,1,0,1,3,1,0,1,30,2,2,1,0,0,1,57.0,45.0,voiture,deux_roues,5,2,3,1,2
202400052229,2024-02-14 21:10:00,2024,2,14,21,10,75,75111,BOULEVARD RICHARD LENOIR,48.85551007,2.36987382,Nuit avec éclairage allumé,En agglomération,Intersection en T,Normale,Deux véhicules - arrière,4,1,1,0,1,2,1,0,1,30,2,2,1,0,0,1,57.0,45.0,voiture,deux_roues,5,2,3,1,2