accident_id,datetime,annee,mois,jour,heure,minute,departement,commune_insee,adresse,latitude,longitude,luminosite,agglomeration,intersection,meteo,collision,catr,circ,nbv,vosp,prof,plan,surf,infra,situ,vma,nb_vehicules,nb_usagers,nb_indemnes,nb_tues,nb_blesses_hosp,nb_blesses_legers,age_cond_1,age_cond_2,veh_type_cond_1,veh_type_cond_2,lum_code,agg_code,int_code,atm_code,col_code
202400052230,2024-06-09 03:10:00,2024,6,9,3,10,92,92007,SUISSES (VOIE DES),48.80079823,2.30088007,Nuit avec éclairage allumé,En agglomération,Hors intersection,Normale,Sans collision,4,2,2,0,1,1,1,0,1,30,1,1,0,0,0,1,46.0,,deux_roues,,5,2,1,1,7
202400052231,2024-07-11 18:02:00,2024,7,11,18,2,64,64125,CHABADENIA (AVENUE),43.43971,-1.58713,Plein jour,En agglomération,Hors intersection,Normale,Deux véhicules - côté,3,2,2,3,2,3,1,0,6,30,2,2,1,0,1,0,23.0,36.0,voiture,deux_roues,1,2,1,1,3
202400052232,2024-10-25 15:40:00,2024,10,25,15,40,51,51454,CHAMPAGNE  (  AVENUE),49.22048,4.02152,Plein jour,En agglomération,Giratoire,Normale,Deux véhicules - côté,4,3,4,0,1,3,1,9,1,50,2,2,1,0,0,1,22.0,47.0,deux_roues,utilitaire_camion,1,2,6,1,3
202400052233,2024-02-14 08:43:00,2024,2,14,8,43,75,75110,BOULEVARD DE MAGENTA,48.874795,2.357409,Plein jour,En agglomération,Intersection en X,Autre,Sans collision,4,2,6,1,2,1,2,0,5,30,1,1,0,0,0,1,36.0,,deux_roues,,1,2,2,9,7
202400052233,2024-02-14 08:43:00,2024,2,14,8,43,75,75110,BOULEVARD DE MAGENTA,48.874795,2.357409,Plein jour,En agglomération,Intersection en X,Autre,Sans collision,4,1,4,1,2,1,2,0,8,30,1,1,0,0,0,1,36.0,,deux_roues,,1,2,2,9,7
202400052234,2024-12-01 16:58:00,2024,12,1,16,58,92,92050,A86,48.89667893,2.19603219,Crépuscule ou aube,Hors agglomération,Hors intersection,Normale,Trois véhicules et plus - en chaîne,1,1,2,0,1,1,1,1,1,70,5,6,4,0,0,2,56.0,45.0,voiture,voiture,2,1,1,1,4
202400052235,2024-08-15 13:52:00,2024,8,15,13,52,84,84007,PIERRE SEMARD (AVENUE),43.9339,4.83179,Plein jour,En agglomération,Intersection en X,Normale,Deux véhicules - côté,2,3,0,0,1,1,1,5,1,50,2,4,3,0,0,1,32.0,41.0,voiture,voiture,1,2,2,1,3
202400052235,2024-08-15 13:52:00,2024,8,15,13,52,84,84007,PIERRE SEMARD (AVENUE),43.9339,4.83179,Plein jour,En agglomération,Intersection en X,Normale,Deux véhicules - côté,2,3,0,0,1,1,1,5,1,50,2,4,3,0,0,1,32.0,41.0,voiture,voiture,1,2,2,1,3
202400052236,2024-06-09 14:46:00,2024,6,9,14,46,92,92009,ARGENTEUIL ( AVENUE D' ),48.92054622,2.27907059,Plein jour,En agglomération,Hors intersection,Normale,Autre collision,3,2,2,0,1,1,1,0,1,50,1,4,3,0,0,1,33.0,,voiture,,1,2,1,1,6
202400052237,2024-09-21 14:43:00,2024,9,21,14,43,973,97307,Rue Paul - Emile Bienvenu,4.849953,-52.330443,Plein jour,En agglomération,Hors intersection,Temps éblouissant,Deux véhicules - côté,4,2,2,0,1,1,1,0,1,50,2,2,1,1,0,0,30.0,32.0,voiture,utilitaire_camion,1,2,1,7,3
202400052238,2024-07-10 21:10:00,2024,7,10,21,10,64,64125,ESPAGNE (AVENUE D'),43.43031,-1.59932,Plein jour,En agglomération,Hors intersection,Normale,Deux véhicules - côté,3,2,2,0,2,1,1,0,1,50,2,2,1,0,1,0,29.0,56.0,voiture,deux_roues,1,2,1,1,3
202400052239,2024-10-25 14:18:00,2024,10,25,14,18,51,51573,FEMMES (CHEMIN DES),49.242975,3.989328,Plein jour,En agglomération,Hors intersection,Normale,Deux véhicules - arrière,4,2,2,0,1,1,1,0,1,50,2,2,1,0,0,1,77.0,55.0,voiture,deux_roues,1,2,1,1,2
202400052240,2024-02-13 19:15:00,2024,2,13,19,15,75,75104,RUE DU RENARD,48.858362,2.3519,Crépuscule ou aube,En agglomération,Intersection en T,Pluie légère,Autre collision,4,1,1,0,1,1,2,0,8,20,1,2,1,0,0,1,23.0,,deux_roues,,2,2,3,2,6
202400052240,2024-02-13 19:15:00,2024,2,13,19,15,75,75104,RUE DU RENARD,48.858362,2.3519,Crépuscule ou aube,En agglomération,Intersection en T,Pluie légère,Autre collision,4,2,4,1,1,1,2,0,5,30,1,2,1,0,0,1,23.0,,deux_roues,,2,2,3,2,6
202400052241,2024-11-30 21:40:00,2024,11,30,21,40,95,95256,N184,49.05818743,2.20902161,Nuit sans éclairage public,Hors agglomération,Hors intersection,Normale,Deux véhicules - arrière,2,3,2,0,1,1,1,0,1,90,2,2,1,0,0,1,35.0,21.0,utilitaire_camion,voiture,3,1,1,1,2
202400052242,2024-09-21 18:12:00,2024,9,21,18,12,978,97801,"RN7, Route de l'espérance, Hope Estate,",18.096362,-63.039234,Plein jour,En agglomération,Hors intersection,Normale,Deux véhicules - frontale,2,2,2,0,1,2,1,0,1,50,2,2,1,0,1,0,67.0,56.0,voiture,deux_roues,1,2,1,1,1
202400052243,2024-06-08 02:55:00,2024,6,8,2,55,974,97415,N1,-20.970907,55.298792,Nuit sans éclairage public,Hors agglomération,Hors intersection,Normale,Autre collision,2,3,4,0,1,1,1,0,1,90,1,3,2,1,0,0,36.0,,voiture,,3,1,1,1,6
202400052244,2024-08-14 14:10:00,2024,8,14,14,10,80,80001,ROUVROY (de),50.10538,1.79987,Plein jour,En agglomération,Hors intersection,Temps éblouissant,Deux véhicules - côté,3,2,4,0,1,1,1,0,1,30,2,4,3,0,1,0,66.0,56.0,voiture,deux_roues,1,2,1,7,3
202400052245,2024-07-11 09:56:00,2024,7,11,9,56,63,63164,CEBAZAT (RTE DE) ,45.82381751,3.13419342,Plein jour,Hors agglomération,Hors intersection,Normale,Deux véhicules - arrière,7,2,2,0,1,1,1,0,1,80,2,2,1,0,0,1,41.0,30.0,voiture,voiture,1,1,1,1,2
202400052246,2024-09-21 00:20:00,2024,9,21,0,20,73,73179,A43 PR 088.400,45.603745,5.882555,Nuit sans éclairage public,Hors agglomération,Intersection en Y,Normale,Autre collision,1,3,4,0,4,1,1,0,1,110,1,1,0,0,0,1,41.0,,voiture,,3,1,4,1,6
202400052246,2024-09-21 00:20:00,2024,9,21,0,20,73,73179,A43 PR 088.400,45.603745,5.882555,Nuit sans éclairage public,Hors agglomération,Intersection en Y,Normale,Autre collision,1,1,2,0,3,3,1,3,1,70,1,1,0,0,0,1,41.0,,voiture,,3,1,4,1,6
202400052247,2024-12-01 23:57:00,2024,12,1,23,57,94,94074,N406,48.7647343,2.4621159,Nuit sans éclairage public,Hors agglomération,Hors intersection,Normale,Autre collision,2,3,2,0,1,3,1,2,1,90,1,2,0,0,0,2,49.0,,voiture,,3,1,1,1,6
202400052248,2024-02-14 12:00:00,2024,2,14,12,0,94,94078,Rue Noblemaire / Rue de Paris,48.74276804,2.4470737,Plein jour,En agglomération,Intersection en T,Normale,Deux véhicules - arrière,2,3,4,0,1,1,1,0,1,-1,2,2,1,0,0,1,39.0,44.0,utilitaire_camion,voiture,1,2,3,1,2
202400052248,2024-02-14 12:00:00,2024,2,14,12,0,94,94078,Rue Noblemaire / Rue de Paris,48.74276804,2.4470737,Plein jour,En agglomération,Intersection en T,Normale,Deux véhicules - arrière,2,1,1,0,1,1,1,0,1,50,2,2,1,0,0,1,39.0,44.0,utilitaire_camion,voiture,1,2,3,1,2
202400052249,2024-06-04 11:30:00,2024,6,4,11,30,2A,2A189,78 Route Départementale 157,41.719717,8.836737,Plein jour,Hors agglomération,Hors intersection,Normale,Sans collision,3,2,2,0,1,2,1,0,1,80,1,1,0,0,1,0,68.0,,deux_roues,,1,1,1,1,7
202400052250,2024-10-25 10:25:00,2024,10,25,10,25,51,51454,MAURIAC (AVENUE FRANCOIS),49.23379,3.99941,Plein jour,En agglomération,Giratoire,Normale,Deux véhicules - côté,4,2,1,0,1,1,1,0,1,50,2,2,0,0,0,2,54.0,18.0,utilitaire_camion,voiture,1,2,6,1,3
202400052250,2024-10-25 10:25:00,2024,10,25,10,25,51,51454,MAURIAC (AVENUE FRANCOIS),49.23379,3.99941,Plein jour,En agglomération,Giratoire,Normale,Deux véhicules - côté,4,2,1,0,1,1,1,0,1,50,2,2,0,0,0,2,54.0,18.0,utilitaire_camion,voiture,1,2,6,1,3
202400052251,2024-08-15 14:20:00,2024,8,15,14,20,78,78551,POISSY (DE),48.93938,2.09566,Plein jour,Hors agglomération,Intersection en X,Normale,Deux véhicules - côté,2,2, -1,-1,1,1,1,0,1,80,2,2,0,0,0,2,44.0,45.0,voiture,voiture,1,1,2,1,3
202400052251,2024-08-15 14:20:00,2024,8,15,14,20,78,78551,POISSY (DE),48.93938,2.09566,Plein jour,Hors agglomération,Intersection en X,Normale,Deux véhicules - côté,2,1,2,0,1,1,1,0,1,70,2,2,0,0,0,2,44.0,45.0,voiture,voiture,1,1,2,1,3
202400052252,2024-09-20 11:30:00,2024,9,20,11,30,971,97103,Jarry - N10 - Rond point coeur de Jarry,16.240031,-61.570827,Plein jour,En agglomération,Giratoire,Normale,Deux véhicules - côté,2,1,2,0,1,2,1,0,1,50,2,3,1,0,0,2,17.0,67.0,voiture,voiture,1,2,6,1,3
202400052252,2024-09-20 11:30:00,2024,9,20,11,30,971,97103,Jarry - N10 - Rond point coeur de Jarry,16.240031,-61.570827,Plein jour,En agglomération,Giratoire,Normale,Deux véhicules - côté,2,1,2,-1,1,3,1,5,1,-1,2,3,1,0,0,2,17.0,67.0,voiture,voiture,1,2,6,1,3
202400052253,2024-07-06 20:00:00,2024,7,6,20,0,62,62510,Rue Phècle Carpentier,50.41466,2.77881,Plein jour,En agglomération,Intersection en X,Normale,Deux véhicules - côté,4,1,1,0,2,1,1,0,1,50,2,2,1,0,0,1,39.0,24.0,voiture,deux_roues,1,2,2,1,3
202400052253,2024-07-06 20:00:00,2024,7,6,20,0,62,62510,Rue Phècle Carpentier,50.41466,2.77881,Plein jour,En agglomération,Intersection en X,Normale,Deux véhicules - côté,4,2,2,0,1,1,1,0,1,50,2,2,1,0,0,1,39.0,24.0,voiture,deux_roues,1,2,2,1,3
202400052254,2024-02-13 22:10:00,2024,2,13,22,10,94,94068,Boulevard de la Marne / Avenue Louis Blanc,48.793308,2.497866,Nuit avec éclairage allumé,En agglomération,Intersection en X,Pluie légère,Deux véhicules - frontale,3,2,2,0,1,1,2,0,1,30,2,2,1,0,0,1,29.0,44.0,deux_roues,voiture,5,2,2,2,1
202400052254,2024-02-13 22:10:00,2024,2,13,22,10,94,94068,Boulevard de la Marne / Avenue Louis Blanc,48.793308,2.497866,Nuit avec éclairage allumé,En agglomération,Intersection en X,Pluie légère,Deux véhicules - frontale,3,2,2,0,1,1,2,0,1,30,2,2,1,0,0,1,29.0,44.0,deux_roues,voiture,5,2,2,2,1
202400052255,2024-10-25 07:30:00,2024,10,25,7,30,49,49007,BEDIER BOULEVARD,47.45099,-0.54901,Nuit avec éclairage allumé,En agglomération,Hors intersection,Normale,Autre collision,4,3,4,0,1,1,1,0,1,50,1,2,0,1,0,1,30.0,,utilitaire_camion,,5,2,1,1,6
202400052256,2024-06-10 13:30:00,2024,6,10,13,30,24,24108,D1,45.233483,0.604591,Plein jour,Hors agglomération,Hors intersection,Normale,Deux véhicules - frontale,3,2,2,0,1,3,1,0,1,80,2,2,0,0,1,1,57.0,30.0,voiture,voiture,1,1,1,1,1
202400052257,2024-08-08 17:05:00,2024,8,8,17,5,73,73297,D1090,45.64475572,6.33359402,Plein jour,Hors agglomération,Intersection en Y,Normale,Deux véhicules - côté,3,1,1,0,1,2,1,0,1,-1,2,4,1,0,0,3,34.0,39.0,voiture,utilitaire_camion,1,1,4,1,3
202400052257,2024-08-08 17:05:00,2024,8,8,17,5,73,73297,D1090,45.64475572,6.33359402,Plein jour,Hors agglomération,Intersection en Y,Normale,Deux véhicules - côté,3,1,1,0,1,1,1,0,1,80,2,4,1,0,0,3,34.0,39.0,voiture,utilitaire_camion,1,1,4,1,3
202400052258,2024-08-15 19:20:00,2024,8,15,19,20,77,77390,AV PANAS,48.79236156,2.65240513,Plein jour,En agglomération,Hors intersection,Normale,Autre collision,4,2,2,0,1,1,1,0,1,30,1,2,1,0,0,1,35.0,,voiture,,1,2,1,1,6
202400052259,2024-09-22 00:20:00,2024,9,22,0,20,13,13110,A8,43.470145,5.659246,Nuit sans éclairage public,Hors agglomération,Hors intersection,Normale,Autre collision,1,3,3,0,1,1,1,0,1,130,1,3,0,0,3,0,19.0,,voiture,,3,1,1,1,6
202400052260,2024-11-30 14:50:00,2024,11,30,14,50,988,98818,N°3 RUE CLAUDE BERNARD,-22.22957,166.44416,Plein jour,En agglomération,Hors intersection,Normale,Autre collision,4,2,2,0,4,2,1,0,4,50,1,1,0,1,0,0,59.0,,deux_roues,,1,2,1,1,6
202400052261,2024-07-11 08:25:00,2024,7,11,8,25,62,62178,D302,50.4788,2.5328,Plein jour,En agglomération,Intersection en Y,Temps éblouissant,Deux véhicules - côté,3,2,2,0,2,2,1,0,1,50,2,2,1,0,0,1,60.0,66.0,voiture,deux_roues,1,2,4,7,3
202400052261,2024-07-11 08:25:00,2024,7,11,8,25,62,62178,D302,50.4788,2.5328,Plein jour,En agglomération,Intersection en Y,Temps éblouissant,Deux véhicules - côté,3,2,2,0,1,3,1,0,1,50,2,2,1,0,0,1,60.0,66.0,voiture,deux_roues,1,2,4,7,3
202400052262,2024-10-25 08:05:00,2024,10,25,8,5,49,49007,MILLOT BOULEVARD JACQUES,47.45306,-0.53875,Crépuscule ou aube,En agglomération,Hors intersection,Pluie légère,Deux véhicules - côté,4,3,4,0,1,1,2,0,1,50,2,2,1,0,0,1,16.0,21.0,deux_roues,utilitaire_camion,2,2,1,2,3
202400052263,2024-08-30 14:00:00,2024,8,30,14,0,60,60138,A1,49.215411,2.625947,Plein jour,Hors agglomération,Hors intersection,Pluie légère,Deux véhicules - arrière,1,1,0,3,1,1,2,7,2,130,2,3,2,0,1,0,58.0,80.0,utilitaire_camion,voiture,1,1,1,2,2
202400052264,2024-12-01 14:50:00,2024,12,1,14,50,974,97411,RN2/043,-20.88639,55.49288,Plein jour,En agglomération,Hors intersection,Normale,Autre collision,2,3,4,0,1,1,1,0,1,90,1,2,1,0,0,1,55.0,,utilitaire_camion,,1,2,1,1,6
202400052265,2024-06-06 15:50:00,2024,6,6,15,50,43,43038,N102,45.348519,3.342365,Plein jour,Hors agglomération,Hors intersection,Normale,Trois véhicules et plus - en chaîne,2,2,2,0,2,1,1,0,1,80,3,3,0,0,1,2,73.0,29.0,voiture,voiture,1,1,1,1,4
202400052266,2024-07-10 16:40:00,2024,7,10,16,40,59,59599,YSER (RUE DE L'),50.745682,3.175654,Plein jour,En agglomération,Intersection en X,Normale,Autre collision,4,2,3,0,1,1,1,0,1,50,1,2,1,0,0,1,,,utilitaire_camion,,1,2,2,1,6
202400052266,2024-07-10 16:40:00,2024,7,10,16,40,59,59599,YSER (RUE DE L'),50.745682,3.175654,Plein jour,En agglomération,Intersection en X,Normale,Autre collision,4,2,3,0,1,1,1,0,1,50,1,2,1,0,0,1,,,utilitaire_camion,,1,2,2,1,6
202400052267,2024-06-08 04:20:00,2024,6,8,4,20,76,76235,Rue Abbé Cochet,49.895408,1.268186,Nuit sans éclairage public,En agglomération,Hors intersection,Normale,Autre collision,3,2,2,0,2,1,1,0,1,50,1,1,0,0,1,0,42.0,,voiture,,3,2,1,1,6
202400052268,2024-10-24 19:15:00,2024,10,24,19,15,49,49007,BIRGE BOULEVARD,47.47079,-0.51909,Nuit avec éclairage allumé,En agglomération,Intersection en X,Normale,Deux véhicules - côté,4,3,5,0,1,1,1,0,1,50,2,2,1,0,0,1,53.0,36.0,deux_roues,voiture,5,2,2,1,3
202400052268,2024-10-24 19:15:00,2024,10,24,19,15,49,49007,BIRGE BOULEVARD,47.47079,-0.51909,Nuit avec éclairage allumé,En agglomération,Intersection en X,Normale,Deux véhicules - côté,4,2,3,0,1,1,1,0,1,50,2,2,1,0,0,1,53.0,36.0,deux_roues,voiture,5,2,2,1,3
202400052269,2024-12-01 11:20:00,2024,12,1,11,20,973,97302,RABAN (ROUTE DE),4.91995532,-52.31267273,Plein jour,En agglomération,Hors intersection,Normale,Deux véhicules - côté,4,2,2,0,1,1,1,0,1,50,2,2,1,0,0,1,44.0,58.0,voiture,voiture,1,2,1,1,3
202400052270,2024-09-21 18:55:00,2024,9,21,18,55,973,97304,Route Nationale 1 Sud,5.105371,-52.779779,Nuit sans éclairage public,Hors agglomération,Hors intersection,Normale,Deux véhicules - frontale,2,2,2,0,1,1,1,0,1,80,2,5,0,0,5,0,30.0,24.0,voiture,voiture,3,1,1,1,1
202400052271,2024-08-15 17:10:00,2024,8,15,17,10,77,77186,RD606. de la rochette à l'obélisque,48.4811,2.66915,Plein jour,Hors agglomération,Intersection en X,Normale,Deux véhicules - côté,3,2,0,0,1,1,1,0,1,50,2,6,5,0,0,1,38.0,24.0,voiture,voiture,1,1,2,1,3
202400052271,2024-08-15 17:10:00,2024,8,15,17,10,77,77186,RD606. de la rochette à l'obélisque,48.4811,2.66915,Plein jour,Hors agglomération,Intersection en X,Normale,Deux véhicules - côté,3,3,0,0,1,1,1,0,1,70,2,6,5,0,0,1,38.0,24.0,voiture,voiture,1,1,2,1,3
202400052272,2024-06-10 05:00:00,2024,6,10,5,0,23,23128,Pouzaud,46.135572,1.961111,Crépuscule ou aube,Hors agglomération,Hors intersection,Brouillard / fumée,Autre collision,4,2,2,0,1,1,1,0,3,90,1,1,0,1,0,0,25.0,,deux_roues,,2,1,1,5,6
202400052273,2024-07-11 16:30:00,2024,7,11,16,30,59,59017,GAMBETTA  (RUE),50.68302,2.88128,Plein jour,En agglomération,Hors intersection,Normale,Autre collision,4,2,2,0,1,1,1,0,1,30,1,2,1,0,1,0,20.0,,voiture,,1,2,1,1,6
202400052274,2024-10-24 10:04:00,2024,10,24,10,4,49,49246,PYRAMIDE PLACE ET ROUTE,47.448814,-0.513103,Plein jour,En agglomération,Hors intersection,Temps éblouissant,Autre collision,4,2,2,0,1,1,1,0,1,50,1,2,1,0,0,1,66.0,,utilitaire_camion,,1,2,1,7,6
202400052275,2024-09-22 10:50:00,2024,9,22,10,50,972,97230,RN1,14.741662,-60.975645,Plein jour,Hors agglomération,Hors intersection,Normale,Deux véhicules - frontale,2,2,2,0,2,1,1,0,1,70,2,2,1,0,1,0,56.0,30.0,deux_roues,voiture,1,1,1,1,1
202400052276,2024-12-01 12:32:00,2024,12,1,12,32,69,69387,Rue Salomon Reinach,45.75238,4.83935,Plein jour,En agglomération,Intersection en X,Normale,Deux véhicules - côté,4,1,1,2,1,1,1,0,1,30,2,2,1,0,0,1,21.0,47.0,voiture,voiture,1,2,2,1,3
202400052276,2024-12-01 12:32:00,2024,12,1,12,32,69,69387,Rue Salomon Reinach,45.75238,4.83935,Plein jour,En agglomération,Intersection en X,Normale,Deux véhicules - côté,4,1,1,2,1,1,1,0,1,30,2,2,1,0,0,1,21.0,47.0,voiture,voiture,1,2,2,1,3
202400052277,2024-08-15 11:20:00,2024,8,15,11,20,76,76457,Rue du Lt Jacques Hergault,49.34074398,0.95648861,Plein jour,Hors agglomération,Intersection en Y,Temps éblouissant,Deux véhicules - frontale,7,2,2,0,1,1,1,0,1,70,2,2,1,0,1,0,36.0,22.0,deux_roues,voiture,1,1,4,7,1
202400052277,2024-08-15 11:20:00,2024,8,15,11,20,76,76457,Rue du Lt Jacques Hergault,49.34074398,0.95648861,Plein jour,Hors agglomération,Intersection en Y,Temps éblouissant,Deux véhicules - frontale,7,2,1,0,1,3,1,0,1,70,2,2,1,0,1,0,36.0,22.0,deux_roues,voiture,1,1,4,7,1
202400052278,2024-06-10 13:40:00,2024,6,10,13,40,54,54212,Fresnois-la-Montagne,49.49830508,5.65819502,Plein jour,Hors agglomération,Hors intersection,Normale,Deux véhicules - frontale,4,2,2,0,1,1,1,0,1,80,2,2,0,0,1,1,67.0,88.0,voiture,voiture,1,1,1,1,1
202400052279,2024-07-11 08:50:00,2024,7,11,8,50,59,59043,PETITE VERTE RUE (VOIE COMMUNALE),50.71624,2.740677,Plein jour,Hors agglomération,Hors intersection,Normale,Deux véhicules - arrière,4,2,1,0,1,1,1,0,1,50,2,2,1,0,1,0,45.0,44.0,deux_roues,voiture,1,1,1,1,2
202400052280,2024-10-25 08:20:00,2024,10,25,8,20,44,44184,19bis Avenue Ferdinand de Lesseps,47.27003,-2.21739,Crépuscule ou aube,En agglomération,Intersection en X,Pluie légère,Autre collision,4,2,2,0,1,1,2,0,1,50,1,2,1,0,1,0,66.0,,voiture,,2,2,2,2,6
202400052280,2024-10-25 08:20:00,2024,10,25,8,20,44,44184,19bis Avenue Ferdinand de Lesseps,47.27003,-2.21739,Crépuscule ou aube,En agglomération,Intersection en X,Pluie légère,Autre collision,4,2,2,0,1,1,2,0,1,50,1,2,1,0,1,0,66.0,,voiture,,2,2,2,2,6
202400052281,2024-09-21 21:10:00,2024,9,21,21,10,30,30042,D910a,44.059728,4.01634,Nuit sans éclairage public,Hors agglomération,Giratoire,Normale,Autre collision,3,2,2,0,2,1,1,5,3,80,1,1,0,0,0,1,39.0,,voiture,,3,1,6,1,6
202400052282,2024-08-15 10:40:00,2024,8,15,10,40,71,71270,PILLET (RUE CHARLES),46.29727,4.81666,Plein jour,En agglomération,Hors intersection,Normale,Deux véhicules - frontale,4,-1,2,0,1,1,1,0,1,50,2,2,1,0,0,1,69.0,26.0,voiture,voiture,1,2,1,1,1
202400052283,2024-06-09 11:07:00,2024,6,9,11,7,54,54138,29 Rue de Lorraine,49.527409,5.728669,Plein jour,En agglomération,Hors intersection,Normale,Autre collision,3,2,2,0,1,1,1,0,4,50,1,2,1,0,0,1,75.0,,voiture,,1,2,1,1,6
202400052284,2024-12-01 19:05:00,2024,12,1,19,5,95,95277,D317,48.98136971,2.46754192,Nuit sans éclairage public,Hors agglomération,Hors intersection,Normale,Deux véhicules - arrière,3,3,0,0,1,1,1,0,1,90,2,6,0,0,0,6,56.0,53.0,voiture,voiture,3,1,1,1,2
202400052285,2024-07-11 09:39:00,2024,7,11,9,39,59,59317,GUESDE  (RUE JULES),50.68997,2.90856,Plein jour,En agglomération,Autre intersection,Normale,Autre collision,4,2,1,0,1,1,1,0,8,20,1,2,1,0,1,0,55.0,,voiture,,1,2,9,1,6
202400052286,2024-09-22 02:55:00,2024,9,22,2,55,06,06028,plaine de caille,43.777559,6.742156,Nuit sans éclairage public,Hors agglomération,Autre intersection,Normale,Sans collision,9,-1,1,0,1,3,1,2,8,-1,1,2,0,1,0,1,35.0,,deux_roues,,3,1,9,1,7
202400052287,2024-08-15 06:15:00,2024,8,15,6,15,69,69259,Avenue Charles de Gaulle,45.71318,4.89886,Crépuscule ou aube,En agglomération,Hors intersection,Normale,Autre collision,7,2,4,3,1,1,1,0,1,50,1,1,0,0,0,1,72.0,,voiture,,2,2,1,1,6
202400052288,2024-10-25 15:50:00,2024,10,25,15,50,37,37261,GIRAUDEAU (RUE),47.38723,0.67654,Plein jour,En agglomération,Hors intersection,Pluie légère,Deux véhicules - côté,4,2,2,2,1,1,2,0,1,50,2,2,1,0,0,1,20.0,43.0,deux_roues,voiture,1,2,1,2,3
202400052289,2024-12-01 06:50:00,2024,12,1,6,50,91,91552,RTE NATIONALE 20,48.602,2.247,Nuit avec éclairage allumé,Hors agglomération,Hors intersection,Normale,Trois véhicules et plus - collisions multiples,3,2,4,0,1,1,2,0,1,70,3,3,2,0,0,1,,26.0,voiture,voiture,5,1,1,1,5
202400052290,2024-09-21 15:25:00,2024,9,21,15,25,67,67120,Calvaire,48.375708,7.438474,Plein jour,Hors agglomération,Intersection en X,Normale,Deux véhicules - côté,3,2,2,0,2,2,1,5,1,80,2,2,1,0,1,0,62.0,77.0,deux_roues,voiture,1,1,2,1,3
202400052290,2024-09-21 15:25:00,2024,9,21,15,25,67,67120,Calvaire,48.375708,7.438474,Plein jour,Hors agglomération,Intersection en X,Normale,Deux véhicules - côté,3,2,2,0,2,1,1,5,1,80,2,2,1,0,1,0,62.0,77.0,deux_roues,voiture,1,1,2,1,3
202400052291,2024-08-15 19:15:00,2024,8,15,19,15,67,67482,PRESIDENT POINCARE (BOULEVARD DU),48.58986282,7.74229825,Plein jour,En agglomération,Hors intersection,Normale,Deux véhicules - côté,4,3,5,3,1,1,1,9,1,50,2,2,1,0,0,1,41.0,45.0,deux_roues,voiture,1,2,1,1,3
202400052292,2024-07-11 02:06:00,2024,7,11,2,6,56,56121,Rond-point de la Cornouailles,47.73335,-3.38548,Nuit sans éclairage public,En agglomération,Giratoire,Pluie légère,Deux véhicules - côté,4,3,3,0,4,1,2,5,1,50,2,3,2,0,0,1,32.0,17.0,voiture,voiture,3,2,6,2,3
202400052292,2024-07-11 02:06:00,2024,7,11,2,6,56,56121,Rond-point de la Cornouailles,47.73335,-3.38548,Nuit sans éclairage public,En agglomération,Giratoire,Pluie légère,Deux véhicules - côté,4,1,2,0,1,1,2,5,1,50,2,3,2,0,0,1,32.0,17.0,voiture,voiture,3,2,6,2,3
202400052293,2024-10-25 12:55:00,2024,10,25,12,55,37,37233,ARC EN CIEL ( ROND POINT DE L'),47.392,0.725,Plein jour,En agglomération,Giratoire,Normale,Deux véhicules - côté,4,-1,4,0,1,1,1,0,1,50,2,2,1,0,1,0,51.0,29.0,voiture,deux_roues,1,2,6,1,3
202400052293,2024-10-25 12:55:00,2024,10,25,12,55,37,37233,ARC EN CIEL ( ROND POINT DE L'),47.392,0.725,Plein jour,En agglomération,Giratoire,Normale,Deux véhicules - côté,4,2,2,0,1,1,1,0,1,50,2,2,1,0,1,0,51.0,29.0,voiture,deux_roues,1,2,6,1,3
202400052294,2024-08-15 17:05:00,2024,8,15,17,5,67,67482,SINGRIST (RUE DE),48.56301,7.69971,Plein jour,En agglomération,Hors intersection,Normale,Autre collision,4,2,2,0,1,1,1,0,1,30,1,2,1,0,0,1,,,deux_roues,,1,2,1,1,6
202400052295,2024-11-30 16:11:00,2024,11,30,16,11,91,91432,AV CHARLES DE GAULLE,48.705,2.343,Plein jour,En agglomération,Hors intersection,Normale,Deux véhicules - arrière,3,2,3,0,1,1,1,0,1,50,2,2,1,0,0,1,45.0,24.0,deux_roues,voiture,1,2,1,1,2
202400052296,2024-05-31 19:30:00,2024,5,31,19,30,06,06026,725 Avenue Docteur Belletrud,43.660374,6.881036,Crépuscule ou aube,En agglomération,Giratoire,Normale,Autre collision,3,1,1,0,1,2,1,0,1,50,1,2,1,0,1,0,76.0,,voiture,,2,2,6,1,6
202400052297,2024-09-22 19:30:00,2024,9,22,19,30,38,38464,Rond Point D51 St Victor de Cessieu,45.542641,5.399582,Nuit avec éclairage allumé,En agglomération,Giratoire,Pluie forte,Deux véhicules - côté,3,2,2,0,1,1,2,0,1,50,2,2,1,0,0,1,15.0,23.0,deux_roues,voiture,5,2,6,3,3
202400052298,2024-08-14 09:26:00,2024,8,14,9,26,67,67180,,48.8151486,7.80922648,Plein jour,Hors agglomération,Hors intersection,Temps éblouissant,Sans collision,3,2,2,0,1,1,1,0,8,80,1,1,0,1,0,0,27.0,,voiture,,1,1,1,7,7
202400052299,2024-11-30 15:20:00,2024,11,30,15,20,86,86066,Avenue du Président Roosevelt,46.81478,0.53988,Plein jour,En agglomération,Giratoire,Normale,Deux véhicules - côté,3,1,1,0,1,2,1,0,1,30,2,2,1,0,0,1,57.0,78.0,deux_roues,voiture,1,2,6,1,3