accident_id,datetime,annee,mois,jour,heure,minute,departement,commune_insee,adresse,latitude,longitude,luminosite,agglomeration,intersection,meteo,collision,catr,circ,nbv,vosp,prof,plan,surf,infra,situ,vma,nb_vehicules,nb_usagers,nb_indemnes,nb_tues,nb_blesses_hosp,nb_blesses_legers,age_cond_1,age_cond_2,veh_type_cond_1,veh_type_cond_2,lum_code,agg_code,int_code,atm_code,col_code
202400052506,2024-08-15 14:45:00,2024,8,15,14,45,75,75113,RUE VERGNIAUD,48.825649,2.345115,Plein jour,En agglomération,Intersection en X,Normale,Deux véhicules - côté,4,2,2,0,1,1,1,0,1,30,2,2,1,0,0,1,35.0,27.0,voiture,deux_roues,1,2,2,1,3
202400052506,2024-08-15 14:45:00,2024,8,15,14,45,75,75113,RUE VERGNIAUD,48.825649,2.345115,Plein jour,En agglomération,Intersection en X,Normale,Deux véhicules - côté,4,2,2,0,1,1,1,0,1,30,2,2,1,0,0,1,35.0,27.0,voiture,deux_roues,1,2,2,1,3
202400052507,2024-09-20 09:55:00,2024,9,20,9,55,59,59350,Rue Gutenberg (Lille),50.63683,3.09226,Plein jour,En agglomération,Intersection en X,Normale,Deux véhicules - côté,4,2,1,0,1,1,1,0,1,50,2,2,1,0,0,1,40.0,42.0,deux_roues,utilitaire_camion,1,2,2,1,3
202400052507,2024-09-20 09:55:00,2024,9,20,9,55,59,59350,Rue Gutenberg (Lille),50.63683,3.09226,Plein jour,En agglomération,Intersection en X,Normale,Deux véhicules - côté,4,1,1,0,1,1,1,0,1,50,2,2,1,0,0,1,40.0,42.0,deux_roues,utilitaire_camion,1,2,2,1,3
202400052508,2024-01-02 19:20:00,2024,1,2,19,20,95,95063,EDOUARD VAILLANT (RUE),48.92460943,2.20925778,Nuit avec éclairage allumé,En agglomération,Autre intersection,Pluie forte,Autre collision,4,2,2,0,1,1,4,6,1,30,1,2,1,1,0,0,31.0,,voiture,,5,2,9,3,6
202400052509,2024-08-15 14:55:00,2024,8,15,14,55,75,75112,AVENUE DE NOGENT,48.842088,2.449107,Plein jour,En agglomération,Hors intersection,Normale,Deux véhicules - frontale,4,2,0,0,1,1,1,0,1,50,2,3,2,0,0,1,35.0,52.0,deux_roues,voiture,1,2,1,1,1
202400052510,2024-03-27 16:30:00,2024,3,27,16,30,88,88261,Rue Maurice Mougeot,48.19421331,6.70352429,Plein jour,En agglomération,Intersection en Y,Normale,Deux véhicules - frontale,4,2, -1,-1,1,1,1,0,1,-1,2,2,1,0,1,0,18.0,26.0,deux_roues,utilitaire_camion,1,2,4,1,1
202400052510,2024-03-27 16:30:00,2024,3,27,16,30,88,88261,Rue Maurice Mougeot,48.19421331,6.70352429,Plein jour,En agglomération,Intersection en Y,Normale,Deux véhicules - frontale,4,2,2,0,2,2,1,0,1,50,2,2,1,0,1,0,18.0,26.0,deux_roues,utilitaire_camion,1,2,4,1,1
202400052511,2024-01-02 20:10:00,2024,1,2,20,10,91,91027,18 AVRIL 1944 (AVENUE DU),48.700341,2.384449,Nuit avec éclairage allumé,En agglomération,Intersection en T,Pluie légère,Deux véhicules - côté,3,2,2,0,1,1,2,0,1,50,2,2,1,0,0,1,32.0,43.0,voiture,voiture,5,2,3,2,3
202400052511,2024-01-02 20:10:00,2024,1,2,20,10,91,91027,18 AVRIL 1944 (AVENUE DU),48.700341,2.384449,Nuit avec éclairage allumé,En agglomération,Intersection en T,Pluie légère,Deux véhicules - côté,3,2,2,0,1,1,2,0,1,50,2,2,1,0,0,1,32.0,43.0,voiture,voiture,5,2,3,2,3
202400052512,2024-03-02 17:05:00,2024,3,2,17,5,38,38565,Avenue du 11 Novembre,45.287409,5.642182,Plein jour,En agglomération,Hors intersection,Normale,Sans collision,3,-1,0,0,1,3,1,0,1,50,1,1,0,0,0,1,37.0,,deux_roues,,1,2,1,1,7
202400052513,2024-08-15 08:00:00,2024,8,15,8,0,75,75112,BOULEVARD PONIATOWSKI,48.829833,2.391095,Plein jour,En agglomération,Hors intersection,Normale,Sans collision,4,1,2,0,1,1,1,0,1,30,1,1,0,0,1,0,33.0,,deux_roues,,1,2,1,1,7
202400052514,2024-02-15 06:25:00,2024,2,15,6,25,2B,2B346,Vescovato,42.524732,9.457448,Crépuscule ou aube,Hors agglomération,Hors intersection,Normale,Deux véhicules - arrière,2,3,2,0,1,1,1,0,1,110,2,3,1,0,1,1,46.0,79.0,utilitaire_camion,voiture,2,1,1,1,2
202400052515,2024-01-02 08:45:00,2024,1,2,8,45,91,91027,FRANCOIS MITTERRAND (AVENUE),48.69838,2.37194,Crépuscule ou aube,En agglomération,Hors intersection,Pluie légère,Autre collision,3,3,3,0,1,1,2,5,3,50,1,2,1,0,0,1,54.0,,voiture,,2,2,1,2,6
202400052516,2024-01-02 09:01:00,2024,1,2,9,1,87,87048,RD 11,45.77200382,1.22369331,Plein jour,Hors agglomération,Hors intersection,Pluie légère,Autre collision,3,2,2,0,1,1,2,0,1,80,1,1,0,0,1,0,64.0,,voiture,,1,1,1,2,6
202400052517,2024-09-19 11:20:00,2024,9,19,11,20,59,59271,PAPIN DENIS,51.020072,2.29756,Plein jour,En agglomération,Intersection en X,Normale,Deux véhicules - côté,3,2,4,0,1,1,1,5,1,80,2,2,1,0,1,0,66.0,83.0,voiture,deux_roues,1,2,2,1,3
202400052517,2024-09-19 11:20:00,2024,9,19,11,20,59,59271,PAPIN DENIS,51.020072,2.29756,Plein jour,En agglomération,Intersection en X,Normale,Deux véhicules - côté,3,2,4,0,1,1,1,5,1,80,2,2,1,0,1,0,66.0,83.0,voiture,deux_roues,1,2,2,1,3
202400052518,2024-02-14 18:00:00,2024,2,14,18,0,11,11351,Route départementale 611 PK 24+800,43.095523,2.718655,Nuit sans éclairage public,Hors agglomération,Hors intersection,Normale,Deux véhicules - côté,3,2,2,0,1,1,1,0,1,80,2,4,3,0,1,0,64.0,43.0,voiture,voiture,3,1,1,1,3
202400052519,2024-03-27 22:30:00,2024,3,27,22,30,01,01062,Chemin du Ferrand,45.868867,5.102929,Nuit avec éclairage allumé,Hors agglomération,Hors intersection,Temps couvert,Autre collision,4,2,2,0,2,3,2,0,3,80,1,1,0,0,0,1,20.0,,voiture,,5,1,1,8,6
202400052520,2024-08-15 20:00:00,2024,8,15,20,0,75,75103,BOULEVARD DES FILLES DU CALVAIRE,48.863071,2.366746,Plein jour,En agglomération,Intersection en T,Normale,Sans collision,4,2,6,3,1,1,1,0,6,30,1,1,0,0,0,1,34.0,,deux_roues,,1,2,3,1,7
202400052520,2024-08-15 20:00:00,2024,8,15,20,0,75,75103,BOULEVARD DES FILLES DU CALVAIRE,48.863071,2.366746,Plein jour,En agglomération,Intersection en T,Normale,Sans collision,4,1, -1,0,1,1,1,-1,6,30,1,1,0,0,0,1,34.0,,deux_roues,,1,2,3,1,7
202400052521,2024-05-03 09:00:00,2024,5,3,9,0,94,94003,Avenue Aristide Briand,48.8049589,2.32537687,Plein jour,En agglomération,Hors intersection,Normale,Deux véhicules - côté,3,3,4,3,1,1,1,0,1,50,2,2,1,0,0,1,37.0,45.0,voiture,deux_roues,1,2,1,1,3
202400052522,2024-01-01 17:05:00,2024,1,1,17,5,82,82033,Route Quercy-Gascogne,44.06486,1.11165,Plein jour,Hors agglomération,Intersection en Y,Normale,Deux véhicules - frontale,3,2, -1,-1,1,1,1,0,1,-1,2,4,3,0,0,1,26.0,53.0,voiture,voiture,1,1,4,1,1
202400052522,2024-01-01 17:05:00,2024,1,1,17,5,82,82033,Route Quercy-Gascogne,44.06486,1.11165,Plein jour,Hors agglomération,Intersection en Y,Normale,Deux véhicules - frontale,3,2,2,0,1,1,1,0,1,80,2,4,3,0,0,1,26.0,53.0,voiture,voiture,1,1,4,1,1
202400052523,2024-02-14 17:20:00,2024,2,14,17,20,12,12264,30 Rue des Caussenus,44.399306,2.601522,Plein jour,En agglomération,Hors intersection,Normale,Autre collision,4,2,2,0,1,1,1,0,1,50,1,2,1,0,1,0,44.0,,transport_commun,,1,2,1,1,6
202400052524,2024-09-20 15:05:00,2024,9,20,15,5,56,56260,Avenue René de Kerviler,47.6401,-2.76102,Plein jour,En agglomération,Hors intersection,Normale,Sans collision,4,3,2,0,2,2,1,1,1,50,1,1,0,0,0,1,69.0,,deux_roues,,1,2,1,1,7
202400052525,2024-03-28 08:25:00,2024,3,28,8,25,69,69122,Chemin des Ecoliers,45.913702,4.705458,Plein jour,En agglomération,Intersection en T,Normale,Autre collision,4,1,1,0,2,1,2,0,4,-1,1,2,0,0,1,1,46.0,,deux_roues,,1,2,3,1,6
202400052525,2024-03-28 08:25:00,2024,3,28,8,25,69,69122,Chemin des Ecoliers,45.913702,4.705458,Plein jour,En agglomération,Intersection en T,Normale,Autre collision,4,2,2,0,1,1,2,0,4,30,1,2,0,0,1,1,46.0,,deux_roues,,1,2,3,1,6
202400052526,2024-05-03 09:15:00,2024,5,3,9,15,94,94041,Avenue Maurice Thorez / Rue Pierre et Marie Curie,48.81609,2.3771,Plein jour,En agglomération,Intersection en T,Normale,Deux véhicules - côté,3,1,1,2,1,1,1,0,1,50,2,2,1,0,0,1,35.0,38.0,deux_roues,deux_roues,1,2,3,1,3
202400052526,2024-05-03 09:15:00,2024,5,3,9,15,94,94041,Avenue Maurice Thorez / Rue Pierre et Marie Curie,48.81609,2.3771,Plein jour,En agglomération,Intersection en T,Normale,Deux véhicules - côté,3,2,2,0,2,1,1,0,1,50,2,2,1,0,0,1,35.0,38.0,deux_roues,deux_roues,1,2,3,1,3
202400052527,2024-01-02 19:05:00,2024,1,2,19,5,78,78498,VILLIERS RUE DE,48.92227,2.02427,Nuit avec éclairage allumé,En agglomération,Intersection en T,Pluie légère,Autre collision,4,2, -1,-1,1,2,2,0,1,-1,1,2,1,0,0,1,,,voiture,,5,2,3,2,6
202400052527,2024-01-02 19:05:00,2024,1,2,19,5,78,78498,VILLIERS RUE DE,48.92227,2.02427,Nuit avec éclairage allumé,En agglomération,Intersection en T,Pluie légère,Autre collision,4,2,2,0,1,1,2,0,1,30,1,2,1,0,0,1,,,voiture,,5,2,3,2,6
202400052528,2024-10-01 08:45:00,2024,10,1,8,45,75,75103,RUE BEAUBOURG,48.864264,2.355162,Plein jour,En agglomération,Intersection en X,Normale,Deux véhicules - arrière,4,2,3,2,1,1,1,0,1,30,2,2,1,0,0,1,38.0,59.0,deux_roues,utilitaire_camion,1,2,2,1,2
202400052528,2024-10-01 08:45:00,2024,10,1,8,45,75,75103,RUE BEAUBOURG,48.864264,2.355162,Plein jour,En agglomération,Intersection en X,Normale,Deux véhicules - arrière,4,2,1,3,1,1,1,6,1,20,2,2,1,0,0,1,38.0,59.0,deux_roues,utilitaire_camion,1,2,2,1,2
202400052529,2024-03-26 15:50:00,2024,3,26,15,50,14,14488,17 Place Albert Lemarignier,49.276583,-0.25864,Plein jour,En agglomération,Place,Pluie légère,Autre collision,4,1,1,0,1,1,2,0,1,30,1,2,1,0,1,0,29.0,,voiture,,1,2,7,2,6
202400052530,2024-02-15 07:00:00,2024,2,15,7,0,42,42260,Route de Saint Thurin,45.836925,3.915183,Nuit sans éclairage public,Hors agglomération,Intersection en T,Normale,Deux véhicules - côté,3,-1,2,0,1,1,1,0,1,80,2,2,1,0,1,0,17.0,23.0,deux_roues,voiture,3,1,3,1,3
202400052530,2024-02-15 07:00:00,2024,2,15,7,0,42,42260,Route de Saint Thurin,45.836925,3.915183,Nuit sans éclairage public,Hors agglomération,Intersection en T,Normale,Deux véhicules - côté,3,-1,2,0,1,1,1,0,1,80,2,2,1,0,1,0,17.0,23.0,deux_roues,voiture,3,1,3,1,3
202400052531,2024-05-03 07:00:00,2024,5,3,7,0,94,94073,Avenue de Fontainebleau / Avenue du Général de Gaulle,48.76921,2.36804,Plein jour,En agglomération,Giratoire,Normale,Deux véhicules - côté,3,3,4,3,1,1,1,0,1,50,2,2,1,0,0,1,49.0,38.0,utilitaire_camion,voiture,1,2,6,1,3
202400052531,2024-05-03 07:00:00,2024,5,3,7,0,94,94073,Avenue de Fontainebleau / Avenue du Général de Gaulle,48.76921,2.36804,Plein jour,En agglomération,Giratoire,Normale,Deux véhicules - côté,3,2,4,0,1,1,1,0,1,-1,2,2,1,0,0,1,49.0,38.0,utilitaire_camion,voiture,1,2,6,1,3
202400052532,2024-01-01 01:35:00,2024,1,1,1,35,77,77152,GAILLARD(RUE DU CHATEAU),48.5128752,2.62012073,Nuit avec éclairage allumé,En agglomération,Hors intersection,Normale,Autre collision,4,1,1,0,1,1,1,0,1,30,1,2,1,0,1,0,27.0,,voiture,,5,2,1,1,6
202400052533,2024-03-27 16:18:00,2024,3,27,16,18,59,59315,Chemin des Potiers,50.341168,3.797091,Plein jour,Hors agglomération,Hors intersection,Normale,Deux véhicules - côté,4,2,2,0,1,1,1,0,1,70,2,2,1,0,0,1,14.0,49.0,deux_roues,utilitaire_camion,1,1,1,1,3
202400052534,2024-09-20 13:05:00,2024,9,20,13,5,56,56121,Rue de Kermélo,47.7363,-3.38549,Plein jour,En agglomération,Intersection en X,Normale,Deux véhicules - côté,4,1,1,2,4,1,1,-1,1,20,2,2,1,0,0,1,14.0,31.0,deux_roues,voiture,1,2,2,1,3
202400052534,2024-09-20 13:05:00,2024,9,20,13,5,56,56121,Rue de Kermélo,47.7363,-3.38549,Plein jour,En agglomération,Intersection en X,Normale,Deux véhicules - côté,4,2,2,0,1,1,1,0,1,30,2,2,1,0,0,1,14.0,31.0,deux_roues,voiture,1,2,2,1,3
202400052535,2024-05-03 21:20:00,2024,5,3,21,20,94,94028,Rue Henri Koch,48.80320467,2.45451361,Nuit avec éclairage allumé,En agglomération,Hors intersection,Normale,Autre collision,4,2,2,0,1,1,1,0,1,50,1,2,1,0,0,1,32.0,,voiture,,5,2,1,1,6
202400052536,2024-02-14 17:45:00,2024,2,14,17,45,42,42235,D104,45.370132,4.076529,Crépuscule ou aube,Hors agglomération,Hors intersection,Normale,Sans collision,3,2,2,0,1,1,1,0,1,80,1,1,0,0,0,1,65.0,,deux_roues,,2,1,1,1,7
202400052537,2024-08-15 02:20:00,2024,8,15,2,20,94,94041,Rue d’Estienne d’Orves,48.81337,2.38219,Nuit avec éclairage allumé,En agglomération,Intersection en T,Normale,Deux véhicules - arrière,4,1,1,2,1,1,1,0,1,30,2,5,2,0,0,3,37.0,26.0,voiture,voiture,5,2,3,1,2
202400052537,2024-08-15 02:20:00,2024,8,15,2,20,94,94041,Rue d’Estienne d’Orves,48.81337,2.38219,Nuit avec éclairage allumé,En agglomération,Intersection en T,Normale,Deux véhicules - arrière,4,2,2,0,2,1,1,0,1,30,2,5,2,0,0,3,37.0,26.0,voiture,voiture,5,2,3,1,2
202400052538,2024-01-02 17:55:00,2024,1,2,17,55,77,77307,RTE DE PROVINS,48.8524,2.7625,Nuit avec éclairage allumé,Hors agglomération,Giratoire,Pluie légère,Autre collision,3,-1,0,0,1,1,2,0,1,50,1,3,2,0,0,1,56.0,,voiture,,5,1,6,2,6
202400052539,2024-05-02 18:15:00,2024,5,2,18,15,94,94028,Route de Choisy,48.78400194,2.44736552,Plein jour,En agglomération,Hors intersection,Pluie forte,Autre collision,3,3,4,3,1,1,2,-1,4,50,1,3,0,0,0,3,25.0,,voiture,,1,2,1,3,6
202400052540,2024-03-24 14:15:00,2024,3,24,14,15,54,54027,Autoroute A 31,48.89586,6.103368,Plein jour,Hors agglomération,Hors intersection,Pluie légère,Autre collision,1,3,4,0,1,1,2,0,3,110,1,4,0,0,2,2,34.0,,voiture,,1,1,1,2,6
202400052541,2024-08-15 12:00:00,2024,8,15,12,0,94,94078,Avenue Winston Churchill,48.75499,2.44445,Plein jour,En agglomération,Intersection en T,Normale,Deux véhicules - côté,2,2,2,0,1,1,1,0,1,50,2,2,1,0,0,1,45.0,27.0,voiture,voiture,1,2,3,1,3
202400052541,2024-08-15 12:00:00,2024,8,15,12,0,94,94078,Avenue Winston Churchill,48.75499,2.44445,Plein jour,En agglomération,Intersection en T,Normale,Deux véhicules - côté,2,3,4,-1,1,1,1,0,1,-1,2,2,1,0,0,1,45.0,27.0,voiture,voiture,1,2,3,1,3
202400052542,2024-09-19 21:17:00,2024,9,19,21,17,56,56162,Kerbérel,47.75278,-3.46058,Nuit avec éclairage non allumé,Hors agglomération,Hors intersection,Normale,Autre collision,4,2,2,0,1,3,1,0,3,50,1,1,0,0,0,1,20.0,,voiture,,4,1,1,1,6
202400052543,2024-01-02 12:10:00,2024,1,2,12,10,77,77058,EUROPE (AVENUE DE L' ),48.83226,2.71984,Plein jour,En agglomération,Hors intersection,Pluie forte,Deux véhicules - frontale,4,2,2,0,1,1,2,0,1,50,2,2,1,0,0,1,34.0,22.0,utilitaire_camion,utilitaire_camion,1,2,1,3,1
202400052544,2024-03-27 02:10:00,2024,3,27,2,10,91,91549,RN 104,48.626572,2.349439,Nuit sans éclairage public,Hors agglomération,Hors intersection,Normale,Deux véhicules - arrière,2,3,2,0,1,1,1,0,1,110,2,2,1,0,0,1,24.0,35.0,voiture,voiture,3,1,1,1,2
202400052545,2024-05-02 08:00:00,2024,5,2,8,0,94,94011,Avenue de Boissy / Avenue du Bicentenaire 1789 1989,48.76619,2.49019,Plein jour,En agglomération,Giratoire,Temps couvert,Deux véhicules - côté,3,3,4,0,1,2,2,5,1,50,2,2,1,0,0,1,23.0,39.0,voiture,deux_roues,1,2,6,8,3
202400052545,2024-05-02 08:00:00,2024,5,2,8,0,94,94011,Avenue de Boissy / Avenue du Bicentenaire 1789 1989,48.76619,2.49019,Plein jour,En agglomération,Giratoire,Temps couvert,Deux véhicules - côté,3,1,2,0,1,1,2,5,1,50,2,2,1,0,0,1,23.0,39.0,voiture,deux_roues,1,2,6,8,3
202400052546,2024-01-01 18:00:00,2024,1,1,18,0,77,77458,RUE DE MONTARGIS,48.17531249,2.74489361,Nuit avec éclairage allumé,Hors agglomération,Autre intersection,Pluie légère,Deux véhicules - côté,3,2,3,0,1,1,2,0,1,50,2,2,1,0,0,1,19.0,57.0,voiture,voiture,5,1,9,2,3
202400052546,2024-01-01 18:00:00,2024,1,1,18,0,77,77458,RUE DE MONTARGIS,48.17531249,2.74489361,Nuit avec éclairage allumé,Hors agglomération,Autre intersection,Pluie légère,Deux véhicules - côté,3,2,3,0,1,1,2,0,1,50,2,2,1,0,0,1,19.0,57.0,voiture,voiture,5,1,9,2,3
202400052547,2024-08-15 21:05:00,2024,8,15,21,5,94,94065,N186B,48.75342,2.36081,Crépuscule ou aube,Hors agglomération,Hors intersection,Normale,Trois véhicules et plus - collisions multiples,2,1,2,0,1,1,1,0,1,70,4,4,2,0,0,2,58.0,21.0,voiture,voiture,2,1,1,1,5
202400052548,2024-05-02 23:25:00,2024,5,2,23,25,94,94019,Rue du Général de Gaulle / Rue du Pont,48.79632635,2.53025043,Nuit avec éclairage allumé,En agglomération,Intersection en Y,Temps couvert,Autre collision,3,2,2,0,2,1,2,0,1,30,1,1,0,0,0,1,41.0,,deux_roues,,5,2,4,8,6
202400052548,2024-05-02 23:25:00,2024,5,2,23,25,94,94019,Rue du Général de Gaulle / Rue du Pont,48.79632635,2.53025043,Nuit avec éclairage allumé,En agglomération,Intersection en Y,Temps couvert,Autre collision,3,2,2,0,2,2,2,0,1,30,1,1,0,0,0,1,41.0,,deux_roues,,5,2,4,8,6
202400052549,2024-03-26 20:20:00,2024,3,26,20,20,95,95252,A115,48.98430558,2.24152258,Nuit avec éclairage allumé,Hors agglomération,Autre intersection,Pluie forte,Deux véhicules - côté,1,1,2,0,2,1,2,0,1,70,2,2,1,0,0,1,48.0,32.0,voiture,voiture,5,1,9,3,3
202400052550,2024-02-14 17:20:00,2024,2,14,17,20,46,46284,2485 croix blanche,44.88489356,1.86521351,Plein jour,Hors agglomération,Hors intersection,Normale,Trois véhicules et plus - collisions multiples,3,2,2,0,2,1,1,0,1,80,4,8,7,0,1,0,40.0,84.0,voiture,voiture,1,1,1,1,5
202400052551,2024-09-20 13:35:00,2024,9,20,13,35,54,54395,Rue du Manege,48.69218,6.18704,Plein jour,En agglomération,Intersection en X,Normale,Deux véhicules - côté,4,1,1,0,1,1,1,0,1,30,2,2,1,0,0,1,18.0,90.0,deux_roues,voiture,1,2,2,1,3
202400052551,2024-09-20 13:35:00,2024,9,20,13,35,54,54395,Rue du Manege,48.69218,6.18704,Plein jour,En agglomération,Intersection en X,Normale,Deux véhicules - côté,4,2,2,0,1,1,1,0,1,30,2,2,1,0,0,1,18.0,90.0,deux_roues,voiture,1,2,2,1,3
202400052552,2024-01-02 08:20:00,2024,1,2,8,20,76,76540,Rue de la Mare aux Planches,49.43504,1.07876,Crépuscule ou aube,En agglomération,Intersection en Y,Pluie forte,Autre collision,4,2,2,0,1,1,2,0,1,30,1,2,1,0,0,1,50.0,,voiture,,2,2,4,3,6
202400052552,2024-01-02 08:20:00,2024,1,2,8,20,76,76540,Rue de la Mare aux Planches,49.43504,1.07876,Crépuscule ou aube,En agglomération,Intersection en Y,Pluie forte,Autre collision,4,1,1,0,1,1,2,-1,1,30,1,2,1,0,0,1,50.0,,voiture,,2,2,4,3,6
202400052553,2024-02-14 23:50:00,2024,2,14,23,50,39,39299,6 Rue Corne d'Aury,46.962067,5.365194,Nuit avec éclairage non allumé,En agglomération,Hors intersection,Normale,Autre collision,3,2,2,0,1,1,1,0,1,50,1,2,1,0,1,0,26.0,,voiture,,4,2,1,1,6
202400052554,2024-05-02 09:20:00,2024,5,2,9,20,94,94060,Rue de Picardie,48.79028266,2.58140892,Plein jour,En agglomération,Hors intersection,Normale,Deux véhicules - frontale,4,2,2,0,1,1,1,0,1,50,2,3,2,0,0,1,40.0,29.0,voiture,voiture,1,2,1,1,1
202400052555,2024-08-15 15:22:00,2024,8,15,15,22,93,93073,Avenue Pierre Colongo,48.93964588,2.58732677,Plein jour,En agglomération,Hors intersection,Normale,Deux véhicules - frontale,4,2,2,0,1,1,1,0,1,50,2,2,1,0,0,1,41.0,21.0,voiture,deux_roues,1,2,1,1,1
202400052556,2024-03-27 16:50:00,2024,3,27,16,50,77,77294,A104,48.96826485,2.60209057,Plein jour,Hors agglomération,Hors intersection,Normale,Deux véhicules - arrière,1,3,2,0,1,1,1,0,1,90,2,2,1,0,0,1,28.0,27.0,voiture,deux_roues,1,1,1,1,2
202400052557,2024-09-20 17:15:00,2024,9,20,17,15,54,54382,rue Jean Jaurès,49.53765648,5.78899562,Plein jour,En agglomération,Hors intersection,Normale,Deux véhicules - côté,4,2,2,0,1,1,1,0,1,50,2,2,1,0,0,1,59.0,17.0,voiture,deux_roues,1,2,1,1,3
202400052558,2024-01-02 08:30:00,2024,1,2,8,30,76,76351,GRAVILLE (BD DE),49.49156,0.1489,Plein jour,En agglomération,Intersection en T,Pluie légère,Deux véhicules - côté,4,2,4,2,1,1,2,0,1,50,2,2,1,0,0,1,34.0,43.0,voiture,voiture,1,2,3,2,3
202400052558,2024-01-02 08:30:00,2024,1,2,8,30,76,76351,GRAVILLE (BD DE),49.49156,0.1489,Plein jour,En agglomération,Intersection en T,Pluie légère,Deux véhicules - côté,4,1,1,0,1,1,2,0,1,50,2,2,1,0,0,1,34.0,43.0,voiture,voiture,1,2,3,2,3
202400052559,2024-02-13 17:00:00,2024,2,13,17,0,25,25532,Rue de la Mairie,47.224567,6.117572,Crépuscule ou aube,En agglomération,Intersection en X,Normale,Autre collision,3,2,1,0,1,1,1,5,1,50,1,2,1,0,1,0,61.0,,utilitaire_camion,,2,2,2,1,6
202400052559,2024-02-13 17:00:00,2024,2,13,17,0,25,25532,Rue de la Mairie,47.224567,6.117572,Crépuscule ou aube,En agglomération,Intersection en X,Normale,Autre collision,3,2,2,-1,1,1,1,5,1,-1,1,2,1,0,1,0,61.0,,utilitaire_camion,,2,2,2,1,6
202400052560,2024-01-24 10:00:00,2024,1,24,10,0,11,11262,38 Avenue Pierre Semard,43.18798,3.00843,Plein jour,En agglomération,Giratoire,Normale,Deux véhicules - côté,4,1,3,0,1,2,1,9,1,50,2,2,1,0,0,1,42.0,32.0,deux_roues,voiture,1,2,6,1,3
202400052560,2024-01-24 10:00:00,2024,1,24,10,0,11,11262,38 Avenue Pierre Semard,43.18798,3.00843,Plein jour,En agglomération,Giratoire,Normale,Deux véhicules - côté,4,1,2,0,1,3,1,9,1,50,2,2,1,0,0,1,42.0,32.0,deux_roues,voiture,1,2,6,1,3
202400052561,2024-05-03 18:55:00,2024,5,3,18,55,93,93078,Boulevard Robert Ballanger / Avenue Georges Clémenceau,48.96161,2.55694,Plein jour,En agglomération,Giratoire,Normale,Deux véhicules - arrière,3,3,4,0,1,1,1,0,1,50,2,2,1,0,0,1,41.0,24.0,voiture,voiture,1,2,6,1,2
202400052561,2024-05-03 18:55:00,2024,5,3,18,55,93,93078,Boulevard Robert Ballanger / Avenue Georges Clémenceau,48.96161,2.55694,Plein jour,En agglomération,Giratoire,Normale,Deux véhicules - arrière,3,3,4,0,1,1,1,5,1,-1,2,2,1,0,0,1,41.0,24.0,voiture,voiture,1,2,6,1,2
202400052562,2024-01-01 12:20:00,2024,1,1,12,20,57,57283,METZ (RUE DE),49.24947765,6.16991758,Plein jour,En agglomération,Hors intersection,Normale,Autre collision,3,2,2,0,1,1,1,0,6,50,1,2,1,0,1,0,88.0,,voiture,,1,2,1,1,6
202400052563,2024-08-15 20:15:00,2024,8,15,20,15,93,93064,Boulevard d'Alsace-lorraine / Rue Jacques Offenbach,48.88496634,2.48159352,Crépuscule ou aube,En agglomération,Intersection en X,Normale,Deux véhicules - côté,4,2,4,0,1,1,1,5,1,90,2,2,1,0,0,1,23.0,56.0,deux_roues,voiture,2,2,2,1,3
202400052563,2024-08-15 20:15:00,2024,8,15,20,15,93,93064,Boulevard d'Alsace-lorraine / Rue Jacques Offenbach,48.88496634,2.48159352,Crépuscule ou aube,En agglomération,Intersection en X,Normale,Deux véhicules - côté,4,2,2,0,1,1,1,0,1,-1,2,2,1,0,0,1,23.0,56.0,deux_roues,voiture,2,2,2,1,3
202400052564,2024-01-02 16:30:00,2024,1,2,16,30,51,51454,BONAPARTE (AVENUE DU GENERAL),49.2272,4.01291,Plein jour,En agglomération,Hors intersection,Pluie légère,Autre collision,4,1,1,0,1,1,2,0,1,50,1,2,1,0,0,1,23.0,,deux_roues,,1,2,1,2,6
202400052565,2024-02-09 18:15:00,2024,2,9,18,15,44,44069,48 Route des Marais,47.329108,-2.475743,Plein jour,Hors agglomération,Hors intersection,Normale,Trois véhicules et plus - collisions multiples,3,2,2,0,1,3,1,0,1,50,3,3,1,0,0,2,39.0,58.0,voiture,voiture,1,1,1,1,5
202400052566,2024-01-01 20:28:00,2024,1,1,20,28,49,49007,LETANDUERE,47.4529,-0.55357,Nuit avec éclairage allumé,En agglomération,Hors intersection,Pluie légère,Autre collision,6,-1, -1,0,1,1,2,0,8,30,1,1,0,0,0,1,25.0,,voiture,,5,2,1,2,6
202400052567,2024-09-13 11:10:00,2024,9,13,11,10,52,52448,LACHATS (RUE DES),48.63567,4.96078,Plein jour,En agglomération,Autre intersection,Normale,Autre collision,3,2,2,0,1,1,1,0,1,50,1,2,1,0,1,0,62.0,,voiture,,1,2,9,1,6
202400052567,2024-09-13 11:10:00,2024,9,13,11,10,52,52448,LACHATS (RUE DES),48.63567,4.96078,Plein jour,En agglomération,Autre intersection,Normale,Autre collision,3,2, -1,-1,-1,-1,-1,-1,-1,50,1,2,1,0,1,0,62.0,,voiture,,1,2,9,1,6
202400052568,2024-01-27 20:30:00,2024,1,27,20,30,22,22282,Boulevard de l'Arguenon,48.578076,-2.214292,Nuit sans éclairage public,Hors agglomération,Hors intersection,Normale,Sans collision,3,2,2,0,3,3,1,9,1,50,1,1,0,0,1,0,31.0,,voiture,,3,1,1,1,7