accident_id,datetime,annee,mois,jour,heure,minute,departement,commune_insee,adresse,latitude,longitude,luminosite,agglomeration,intersection,meteo,collision,catr,circ,nbv,vosp,prof,plan,surf,infra,situ,vma,nb_vehicules,nb_usagers,nb_indemnes,nb_tues,nb_blesses_hosp,nb_blesses_legers,age_cond_1,age_cond_2,veh_type_cond_1,veh_type_cond_2,lum_code,agg_code,int_code,atm_code,col_code
202400052569,2024-02-13 19:00:00,2024,2,13,19,0,44,44087,34bis Route de saint meme le tenu ,47.007456,-1.815226,Nuit sans éclairage public,Hors agglomération,Hors intersection,Normale,Deux véhicules - frontale,3,2,2,0,1,1,2,0,1,80,2,2,1,0,0,1,41.0,21.0,voiture,voiture,3,1,1,1,1
202400052570,2024-01-02 17:10:00,2024,1,2,17,10,45,45298,65 Rue des Hautes Levées,47.89289,1.87664,Nuit avec éclairage allumé,En agglomération,Hors intersection,Pluie légère,Autre collision,4,2,2,0,1,1,2,0,1,50,1,2,1,0,0,1,24.0,,voiture,,5,2,1,2,6
202400052571,2024-05-01 14:00:00,2024,5,1,14,0,93,93070,Rue du Landy,48.91769,2.33157,Plein jour,En agglomération,Hors intersection,Normale,Sans collision,4,3,2,0,1,1,1,0,1,50,1,3,2,0,0,1,,,transport_commun,,1,2,1,1,7
202400052572,2024-08-15 09:00:00,2024,8,15,9,0,93,93064,Rue de Lisbonne,48.87982648,2.47435395,Plein jour,En agglomération,Hors intersection,Normale,Autre collision,4,2,3,0,1,1,1,9,1,15,1,2,0,0,1,1,23.0,,utilitaire_camion,,1,2,1,1,6
202400052573,2024-01-02 08:05:00,2024,1,2,8,5,45,45004,D2107 PR 1 + 840,47.97734,2.7333,Nuit avec éclairage allumé,En agglomération,Hors intersection,Pluie légère,Autre collision,3,2,2,0,1,1,2,0,1,50,1,2,1,0,0,1,53.0,,voiture,,5,2,1,2,6
202400052574,2024-03-26 18:55:00,2024,3,26,18,55,974,97416,AUBEPINES(ALLEE DES),-21.3275,55.4933,Nuit sans éclairage public,En agglomération,Hors intersection,Normale,Deux véhicules - arrière,4,2,2,0,1,3,1,9,8,50,2,3,2,0,0,1,22.0,34.0,voiture,voiture,3,2,1,1,2
202400052575,2024-09-19 17:35:00,2024,9,19,17,35,49,49007,BEAUREPAIRE,47.47443,-0.56023,Plein jour,En agglomération,Hors intersection,Normale,Deux véhicules - côté,4,2,2,0,1,1,1,0,1,50,2,2,1,0,1,0,42.0,32.0,transport_commun,deux_roues,1,2,1,1,3
202400052576,2024-02-14 22:30:00,2024,2,14,22,30,66,66148,D914,42.512032,3.096106,Nuit sans éclairage public,Hors agglomération,Hors intersection,Normale,Deux véhicules - frontale,3,2,3,0,2,3,1,0,1,90,2,2,1,0,1,0,55.0,59.0,voiture,deux_roues,3,1,1,1,1
202400052577,2024-08-15 01:00:00,2024,8,15,1,0,92,92048,TRIVAUX (AVENUE DE) N° 9,48.79889208,2.23311424,Nuit avec éclairage allumé,En agglomération,Hors intersection,Normale,Autre collision,3,1,2,0,3,1,1,0,3,50,1,1,0,0,0,1,55.0,,voiture,,5,2,1,1,6
202400052578,2024-02-15 13:10:00,2024,2,15,13,10,83,83142,RD 955 - STE ANNE,43.765422,6.449318,Plein jour,Hors agglomération,Hors intersection,Normale,Autre collision,3,2,2,0,1,1,1,0,1,-1,1,1,0,0,0,1,27.0,,deux_roues,,1,1,1,1,6
202400052579,2024-09-20 23:30:00,2024,9,20,23,30,44,44162,Place Océane,47.2252,-1.62751,Nuit avec éclairage allumé,En agglomération,Place,Normale,Deux véhicules - côté,6,-1,0,0,1,1,1,9,8,30,2,2,1,0,1,0,23.0,21.0,voiture,autre,5,2,7,1,3
202400052580,2024-05-02 14:00:00,2024,5,2,14,0,93,93032,Rue Paul Vaillant Couturier / Avenue des Marronniers,48.868279,2.556996,Plein jour,En agglomération,Intersection en X,Pluie légère,Deux véhicules - frontale,3,2,2,0,1,1,2,0,1,50,2,2,1,0,0,1,41.0,22.0,voiture,voiture,1,2,2,2,1
202400052580,2024-05-02 14:00:00,2024,5,2,14,0,93,93032,Rue Paul Vaillant Couturier / Avenue des Marronniers,48.868279,2.556996,Plein jour,En agglomération,Intersection en X,Pluie légère,Deux véhicules - frontale,3,2,2,0,1,1,2,0,1,50,2,2,1,0,0,1,41.0,22.0,voiture,voiture,1,2,2,2,1
202400052581,2024-01-02 06:48:00,2024,1,2,6,48,45,45068,33 Rue Kléber,48.01008,2.73832,Nuit avec éclairage allumé,En agglomération,Intersection en T,Pluie légère,Deux véhicules - frontale,4,2,2,0,1,1,2,0,1,50,2,3,2,0,0,1,,57.0,voiture,voiture,5,2,3,2,1
202400052581,2024-01-02 06:48:00,2024,1,2,6,48,45,45068,33 Rue Kléber,48.01008,2.73832,Nuit avec éclairage allumé,En agglomération,Intersection en T,Pluie légère,Deux véhicules - frontale,4,2,2,0,1,1,2,0,1,50,2,3,2,0,0,1,,57.0,voiture,voiture,5,2,3,2,1
202400052582,2024-03-26 17:25:00,2024,3,26,17,25,974,97416,LIGNE PARADIS(ROUTE DE LA),-21.30613,55.46421,Plein jour,Hors agglomération,Hors intersection,Normale,Deux véhicules - côté,3,2,2,0,1,1,1,0,1,30,2,2,1,0,0,1,28.0,48.0,voiture,deux_roues,1,1,1,1,3
202400052583,2024-02-13 17:45:00,2024,2,13,17,45,18,18082,L’Hopital,46.983286,3.045364,Plein jour,Hors agglomération,Hors intersection,Normale,Sans collision,3,2,2,0,1,1,1,0,3,50,1,1,0,0,1,0,44.0,,deux_roues,,1,1,1,1,7
202400052584,2024-08-15 17:00:00,2024,8,15,17,0,09,09062,D4,42.887953,1.024239,Plein jour,Hors agglomération,Hors intersection,Normale,Deux véhicules - frontale,3,2,2,0,2,4,1,0,1,80,2,2,1,0,1,0,25.0,60.0,voiture,deux_roues,1,1,1,1,1
202400052585,2024-05-03 13:50:00,2024,5,3,13,50,93,93057,Avenue du Quatorze Juillet,48.913047,2.491349,Plein jour,En agglomération,Hors intersection,Normale,Deux véhicules - frontale,4,2,2,0,1,1,1,0,1,50,2,2,1,0,0,1,25.0,44.0,deux_roues,voiture,1,2,1,1,1
202400052586,2024-09-20 19:10:00,2024,9,20,19,10,42,42183,GAMBETTA (RUE),45.40507,4.37089,Plein jour,En agglomération,Intersection en Y,Normale,Deux véhicules - côté,7,2,1,0,2,1,1,0,1,50,2,2,1,0,0,1,34.0,,voiture,deux_roues,1,2,4,1,3
202400052586,2024-09-20 19:10:00,2024,9,20,19,10,42,42183,GAMBETTA (RUE),45.40507,4.37089,Plein jour,En agglomération,Intersection en Y,Normale,Deux véhicules - côté,7,2,2,-1,2,3,1,0,1,-1,2,2,1,0,0,1,34.0,,voiture,deux_roues,1,2,4,1,3
202400052587,2024-01-01 15:45:00,2024,1,1,15,45,42,42207,Allée Jean le Rond d'Alembert,45.49336,4.52462,Plein jour,Hors agglomération,Autre intersection,Normale,Deux véhicules - frontale,4,4,1,0,1,1,1,1,1,30,2,2,1,0,0,1,19.0,89.0,voiture,voiture,1,1,9,1,1
202400052588,2024-02-15 08:45:00,2024,2,15,8,45,85,85018,la petite maladrie,46.901445,-2.033098,Plein jour,Hors agglomération,Hors intersection,Normale,Sans collision,4,2,2,0,1,2,1,0,3,50,1,1,0,1,0,0,42.0,,voiture,,1,1,1,1,7
202400052589,2024-03-26 16:40:00,2024,3,26,16,40,69,69387,Rue Lortet,45.7425,4.839,Plein jour,En agglomération,Intersection en T,Pluie légère,Deux véhicules - côté,4,2,2,0,1,1,2,0,1,30,2,2,1,0,0,1,47.0,44.0,deux_roues,voiture,1,2,3,2,3
202400052589,2024-03-26 16:40:00,2024,3,26,16,40,69,69387,Rue Lortet,45.7425,4.839,Plein jour,En agglomération,Intersection en T,Pluie légère,Deux véhicules - côté,4,1,1,2,1,1,2,0,1,30,2,2,1,0,0,1,47.0,44.0,deux_roues,voiture,1,2,3,2,3
202400052590,2024-10-25 20:30:00,2024,10,25,20,30,75,75115,RUE DE LA CONVENTION,48.837224,2.296424,Nuit avec éclairage allumé,En agglomération,Intersection en X,Autre,Deux véhicules - frontale,4,2, -1,-1,1,1,2,0,1,30,2,2,1,0,0,1,20.0,32.0,voiture,deux_roues,5,2,2,9,1
202400052590,2024-10-25 20:30:00,2024,10,25,20,30,75,75115,RUE DE LA CONVENTION,48.837224,2.296424,Nuit avec éclairage allumé,En agglomération,Intersection en X,Autre,Deux véhicules - frontale,4,1, -1,1,2,1,2,0,1,30,2,2,1,0,0,1,20.0,32.0,voiture,deux_roues,5,2,2,9,1
202400052591,2024-01-02 13:30:00,2024,1,2,13,30,42,42275,Rue de l'Artisanat,45.468,4.37073,Plein jour,En agglomération,Hors intersection,Pluie légère,Autre collision,4,2,2,0,1,1,2,0,1,50,1,2,1,0,1,0,40.0,,voiture,,1,2,1,2,6
202400052592,2024-02-14 14:30:00,2024,2,14,14,30,28,28120,D4,48.691102,1.107559,Plein jour,Hors agglomération,Hors intersection,Normale,Autre collision,3,2,2,0,1,2,1,0,3,90,1,1,0,0,1,0,33.0,,voiture,,1,1,1,1,6
202400052593,2024-05-03 12:00:00,2024,5,3,12,0,93,93008,Rue de la République / Rue Albert Einstein,48.90706,2.42944,Plein jour,En agglomération,Intersection en T,Normale,Deux véhicules - côté,3,3,2,2,1,1,1,9,1,50,2,2,1,0,0,1,42.0,33.0,utilitaire_camion,deux_roues,1,2,3,1,3
202400052593,2024-05-03 12:00:00,2024,5,3,12,0,93,93008,Rue de la République / Rue Albert Einstein,48.90706,2.42944,Plein jour,En agglomération,Intersection en T,Normale,Deux véhicules - côté,3,2,2,0,1,1,1,9,1,50,2,2,1,0,0,1,42.0,33.0,utilitaire_camion,deux_roues,1,2,3,1,3
202400052594,2024-08-14 21:00:00,2024,8,14,21,0,35,35176,La Perrais,47.825975,-1.77173,Crépuscule ou aube,Hors agglomération,Hors intersection,Normale,Deux véhicules - côté,3,2,2,0,1,1,1,0,1,80,2,6,1,0,3,2,63.0,21.0,voiture,voiture,2,1,1,1,3
202400052595,2024-03-26 10:15:00,2024,3,26,10,15,69,69388,Avenue Paul Santy,45.73461,4.87104,Plein jour,En agglomération,Intersection en T,Pluie légère,Autre collision,4,2,2,0,1,2,2,0,1,50,1,2,1,0,1,0,62.0,,voiture,,1,2,3,2,6
202400052595,2024-03-26 10:15:00,2024,3,26,10,15,69,69388,Avenue Paul Santy,45.73461,4.87104,Plein jour,En agglomération,Intersection en T,Pluie légère,Autre collision,4,1,2,3,1,1,2,0,1,50,1,2,1,0,1,0,62.0,,voiture,,1,2,3,2,6
202400052596,2024-09-19 17:25:00,2024,9,19,17,25,39,39198,20 Boulevard du President Wilson,47.096995,5.494645,Plein jour,En agglomération,Intersection en X,Normale,Deux véhicules - côté,4,1,2,0,1,1,1,0,1,30,2,2,1,0,1,0,16.0,32.0,deux_roues,voiture,1,2,2,1,3
202400052596,2024-09-19 17:25:00,2024,9,19,17,25,39,39198,20 Boulevard du President Wilson,47.096995,5.494645,Plein jour,En agglomération,Intersection en X,Normale,Deux véhicules - côté,4,2,2,0,1,1,1,0,1,30,2,2,1,0,1,0,16.0,32.0,deux_roues,voiture,1,2,2,1,3
202400052597,2024-10-25 02:05:00,2024,10,25,2,5,75,75115,RUE DE VAUGIRARD,48.844691,2.318828,Nuit avec éclairage allumé,En agglomération,Intersection en T,Normale,Deux véhicules - frontale,4,2, -1,-1,1,1,1,0,5,30,2,2,0,0,0,2,19.0,29.0,deux_roues,deux_roues,5,2,3,1,1
202400052597,2024-10-25 02:05:00,2024,10,25,2,5,75,75115,RUE DE VAUGIRARD,48.844691,2.318828,Nuit avec éclairage allumé,En agglomération,Intersection en T,Normale,Deux véhicules - frontale,4,1,2,1,1,1,1,0,5,30,2,2,0,0,0,2,19.0,29.0,deux_roues,deux_roues,5,2,3,1,1
202400052598,2024-05-03 17:25:00,2024,5,3,17,25,92,92064,PASTEUR,48.84167735,2.20058155,Plein jour,En agglomération,Hors intersection,Normale,Autre collision,3,2,2,1,1,1,1,0,1,50,1,2,0,0,0,2,56.0,,deux_roues,,1,2,1,1,6
202400052599,2024-08-16 05:40:00,2024,8,16,5,40,12,12300,Mas de Souyri,44.359267,1.985135,Nuit sans éclairage public,Hors agglomération,Giratoire,Brouillard / fumée,Autre collision,3,2,1,0,1,1,1,5,8,90,1,1,0,0,1,0,44.0,,voiture,,3,1,6,5,6
202400052600,2024-02-14 21:45:00,2024,2,14,21,45,28,28052,D26.1,48.567251,1.497381,Nuit sans éclairage public,Hors agglomération,Hors intersection,Pluie légère,Autre collision,3,2,2,0,1,1,2,0,3,80,1,2,0,0,1,1,22.0,,voiture,,3,1,1,2,6
202400052601,2024-07-11 07:20:00,2024,7,11,7,20,14,14366,140 Avenue du 6 Juin,49.14123,0.212571,Plein jour,En agglomération,Hors intersection,Normale,Autre collision,4,-1,2,0,1,1,1,0,1,50,1,2,1,0,0,1,52.0,,voiture,,1,2,1,1,6
202400052602,2024-01-02 16:00:00,2024,1,2,16,0,37,37261,MAGINOT (AV. ANDRE),47.4125,0.68535,Plein jour,En agglomération,Intersection en T,Pluie légère,Deux véhicules - côté,4,2,2,0,1,1,2,9,6,50,2,5,3,0,0,2,24.0,48.0,utilitaire_camion,utilitaire_camion,1,2,3,2,3
202400052602,2024-01-02 16:00:00,2024,1,2,16,0,37,37261,MAGINOT (AV. ANDRE),47.4125,0.68535,Plein jour,En agglomération,Intersection en T,Pluie légère,Deux véhicules - côté,4,1,1,0,1,1,2,0,1,50,2,5,3,0,0,2,24.0,48.0,utilitaire_camion,utilitaire_camion,1,2,3,2,3
202400052603,2024-10-25 15:10:00,2024,10,25,15,10,75,75114,BOULEVARD DU MONTPARNASSE,48.84325007,2.32551831,Plein jour,En agglomération,Intersection en T,Temps couvert,Autre collision,4,2,4,3,1,1,1,0,3,30,1,1,0,0,0,1,59.0,,deux_roues,,1,2,3,8,6
202400052603,2024-10-25 15:10:00,2024,10,25,15,10,75,75114,BOULEVARD DU MONTPARNASSE,48.84325007,2.32551831,Plein jour,En agglomération,Intersection en T,Temps couvert,Autre collision,4,2, -1,-1,1,1,1,0,3,30,1,1,0,0,0,1,59.0,,deux_roues,,1,2,3,8,6
202400052604,2024-07-11 14:15:00,2024,7,11,14,15,13,13103,Boulevard Nostradamus,43.64163882,5.09466367,Plein jour,En agglomération,Hors intersection,Normale,Deux véhicules - frontale,4,2,2,0,1,1,1,0,1,50,1,2,1,0,1,0,63.0,,utilitaire_camion,,1,2,1,1,1
202400052605,2024-09-19 08:15:00,2024,9,19,8,15,37,37122,CHINON (BOULEVARD DE),47.35107,0.67914,Plein jour,En agglomération,Giratoire,Normale,Deux véhicules - côté,4,1,1,2,1,2,1,5,1,50,2,2,1,0,0,1,54.0,31.0,deux_roues,voiture,1,2,6,1,3
202400052605,2024-09-19 08:15:00,2024,9,19,8,15,37,37122,CHINON (BOULEVARD DE),47.35107,0.67914,Plein jour,En agglomération,Giratoire,Normale,Deux véhicules - côté,4,2,2,0,1,2,1,5,1,50,2,2,1,0,0,1,54.0,31.0,deux_roues,voiture,1,2,6,1,3
202400052606,2024-10-24 13:15:00,2024,10,24,13,15,75,75114,RUE VERCINGETORIX,48.837522,2.320217,Plein jour,En agglomération,Intersection en Y,Normale,Autre collision,4,2, -1,-1,1,1,1,0,5,30,1,2,1,0,0,1,15.0,,deux_roues,,1,2,4,1,6
202400052606,2024-10-24 13:15:00,2024,10,24,13,15,75,75114,RUE VERCINGETORIX,48.837522,2.320217,Plein jour,En agglomération,Intersection en Y,Normale,Autre collision,4,2,4,1,1,1,1,0,5,30,1,2,1,0,0,1,15.0,,deux_roues,,1,2,4,1,6
202400052607,2024-02-15 01:35:00,2024,2,15,1,35,13,13091,D7N,43.634157,5.282364,Nuit sans éclairage public,Hors agglomération,Hors intersection,Normale,Deux véhicules - frontale,3,2,2,0,1,1,1,0,3,80,1,1,0,0,1,0,24.0,,voiture,,3,1,1,1,1
202400052608,2024-01-02 14:25:00,2024,1,2,14,25,37,37214,METTRAY (CHEMIN DE),47.43424,0.67217,Plein jour,Hors agglomération,Hors intersection,Pluie légère,Autre collision,4,2,2,0,1,1,2,0,1,80,1,5,3,0,0,2,32.0,,transport_commun,,1,1,1,2,6
202400052609,2024-05-03 08:50:00,2024,5,3,8,50,92,92064,CAMP CANADIEN,48.85289941,2.20587069,Plein jour,En agglomération,Intersection en T,Normale,Deux véhicules - côté,3,2,2,0,2,1,1,0,1,50,2,3,2,0,1,0,43.0,57.0,deux_roues,voiture,1,2,3,1,3
202400052609,2024-05-03 08:50:00,2024,5,3,8,50,92,92064,CAMP CANADIEN,48.85289941,2.20587069,Plein jour,En agglomération,Intersection en T,Normale,Deux véhicules - côté,3,2,2,0,1,1,1,0,1,50,2,3,2,0,1,0,43.0,57.0,deux_roues,voiture,1,2,3,1,3
202400052610,2024-07-11 19:00:00,2024,7,11,19,0,13,13208,MENDES FRANCE (AVENUE),43.25654,5.37672,Plein jour,En agglomération,Autre intersection,Normale,Deux véhicules - côté,4,3,5,1,1,1,1,6,5,15,2,2,1,0,0,1,26.0,26.0,voiture,deux_roues,1,2,9,1,3
202400052611,2024-08-16 12:27:00,2024,8,16,12,27,06,06149,boulevard riba roussa,43.734108,7.301531,Plein jour,En agglomération,Intersection en T,Normale,Autre collision,7,2,2,0,1,1,2,5,1,50,2,3,2,0,1,0,41.0,23.0,voiture,voiture,1,2,3,1,6
202400052611,2024-08-16 12:27:00,2024,8,16,12,27,06,06149,boulevard riba roussa,43.734108,7.301531,Plein jour,En agglomération,Intersection en T,Normale,Autre collision,7,2,2,0,1,1,2,0,1,-1,2,3,2,0,1,0,41.0,23.0,voiture,voiture,1,2,3,1,6
202400052612,2024-06-05 16:10:00,2024,6,5,16,10,27,27504,Rue du Bout Loriot,49.082116,1.074375,Plein jour,En agglomération,Autre intersection,Normale,Deux véhicules - côté,3,2,2,0,1,1,1,0,1,50,2,3,1,0,2,0,53.0,16.0,voiture,deux_roues,1,2,9,1,3
202400052613,2024-01-09 11:45:00,2024,1,9,11,45,51,51562,"A34, Aire de TAISSY (Péage de Taissy), sens METZ/PARIS",49.212796,4.07758,Plein jour,Hors agglomération,Hors intersection,Normale,Autre collision,1,-1, -1,0,1,3,1,0,1,50,1,1,0,0,0,1,53.0,,utilitaire_camion,,1,1,1,1,6
202400052614,2024-09-20 08:10:00,2024,9,20,8,10,35,35238,CHATEAU (AVENUE FRANCOIS),48.1117,-1.64658,Plein jour,En agglomération,Giratoire,Normale,Deux véhicules - côté,4,3,2,3,1,1,1,0,1,30,2,2,1,0,0,1,63.0,49.0,deux_roues,transport_commun,1,2,6,1,3
202400052615,2024-01-02 12:30:00,2024,1,2,12,30,37,37233,Rue de la Morinerie,47.39374663,0.74599439,Plein jour,En agglomération,Hors intersection,Pluie légère,Autre collision,4,2,2,0,1,1,2,0,1,50,1,2,0,0,0,2,22.0,,voiture,,1,2,1,2,6
202400052616,2024-10-25 05:45:00,2024,10,25,5,45,75,75112,RUE JOSEPH KESSEL,48.83372,2.382492,Nuit avec éclairage allumé,En agglomération,Intersection en X,Temps couvert,Deux véhicules - côté,4,1,3,0,1,1,1,0,1,50,2,2,1,1,0,0,71.0,36.0,voiture,deux_roues,5,2,2,8,3
202400052616,2024-10-25 05:45:00,2024,10,25,5,45,75,75112,RUE JOSEPH KESSEL,48.83372,2.382492,Nuit avec éclairage allumé,En agglomération,Intersection en X,Temps couvert,Deux véhicules - côté,4,2,4,0,1,1,1,0,1,30,2,2,1,1,0,0,71.0,36.0,voiture,deux_roues,5,2,2,8,3
202400052617,2024-05-03 13:00:00,2024,5,3,13,0,92,92049,MARNE AVENUE DE LA,48.81480314,2.3058461,Plein jour,En agglomération,Hors intersection,Normale,Deux véhicules - frontale,4,1,1,0,1,1,1,0,1,50,2,2,1,0,0,1,43.0,56.0,deux_roues,utilitaire_camion,1,2,1,1,1
202400052618,2024-06-09 03:45:00,2024,6,9,3,45,87,87127,D19,45.575848,1.294477,Nuit sans éclairage public,Hors agglomération,Hors intersection,Normale,Autre collision,3,2,2,0,1,2,1,0,8,80,1,1,0,0,1,0,24.0,,voiture,,3,1,1,1,6
202400052619,2024-07-11 08:40:00,2024,7,11,8,40,13,13215,BLD DE LETZ,43.347,5.36845,Plein jour,En agglomération,Intersection en T,Normale,Autre collision,7,2,2,0,1,1,1,0,1,30,1,2,1,0,1,0,50.0,,voiture,,1,2,3,1,6
202400052619,2024-07-11 08:40:00,2024,7,11,8,40,13,13215,BLD DE LETZ,43.347,5.36845,Plein jour,En agglomération,Intersection en T,Normale,Autre collision,7,2,2,0,1,1,1,0,1,50,1,2,1,0,1,0,50.0,,voiture,,1,2,3,1,6
202400052620,2024-03-26 15:48:00,2024,3,26,15,48,972,97209,RD 41 (ROCADE),14.61571,-61.05376,Plein jour,En agglomération,Hors intersection,Normale,Trois véhicules et plus - en chaîne,3,3,4,0,2,1,1,0,1,60,9,11,5,0,0,6,40.0,33.0,voiture,voiture,1,2,1,1,4
202400052621,2024-02-13 20:30:00,2024,2,13,20,30,95,95351,GARE (AVENUE DE LA),49.050258,2.501936,Nuit avec éclairage allumé,En agglomération,Hors intersection,Pluie légère,Autre collision,4,2,2,0,1,1,2,0,1,50,1,2,1,0,0,1,46.0,,utilitaire_camion,,5,2,1,2,6
202400052622,2024-08-14 17:30:00,2024,8,14,17,30,06,06060,Route de l'Aire Saint-Michel,43.750862,7.265171,Plein jour,Hors agglomération,Hors intersection,Normale,Deux véhicules - frontale,7,2,2,0,2,2,1,0,1,50,2,3,2,0,1,0,20.0,18.0,voiture,deux_roues,1,1,1,1,1
202400052623,2024-09-20 23:00:00,2024,9,20,23,0,33,33063,,44.8319,-0.55806,Nuit avec éclairage allumé,En agglomération,Hors intersection,Normale,Autre collision,4,1,2,0,3,2,1,1,1,50,1,1,0,1,0,0,20.0,,deux_roues,,5,2,1,1,6
202400052624,2024-06-09 17:25:00,2024,6,9,17,25,37,37167,AVENUE DES VALLÉES (ZA POLAXIS),47.55413926,0.59329806,Plein jour,En agglomération,Hors intersection,Normale,Sans collision,4,2,2,0,1,1,1,0,1,80,1,1,0,0,0,1,18.0,,deux_roues,,1,2,1,1,7
202400052625,2024-05-03 06:05:00,2024,5,3,6,5,92,92040,STALINGRAD (QUAI DE),48.82365271,2.25565597,Plein jour,En agglomération,Hors intersection,Normale,Deux véhicules - arrière,3,2,4,0,1,1,2,0,1,50,2,2,1,0,0,1,32.0,28.0,deux_roues,utilitaire_camion,1,2,1,1,2
202400052626,2024-10-25 09:30:00,2024,10,25,9,30,75,75102,RUE DU QUATRE SEPTEMBRE,48.869181,2.338696,Plein jour,En agglomération,Intersection en X,Normale,Autre collision,4,1,3,3,1,1,1,0,1,30,1,2,1,0,0,1,35.0,,utilitaire_camion,,1,2,2,1,6
202400052626,2024-10-25 09:30:00,2024,10,25,9,30,75,75102,RUE DU QUATRE SEPTEMBRE,48.869181,2.338696,Plein jour,En agglomération,Intersection en X,Normale,Autre collision,4,1,3,3,1,1,1,0,1,30,1,2,1,0,0,1,35.0,,utilitaire_camion,,1,2,2,1,6
202400052627,2024-03-26 18:45:00,2024,3,26,18,45,69,69381,Tunnel de la Croix-Rousse,45.77270442,4.83639185,Nuit avec éclairage allumé,En agglomération,Hors intersection,Normale,Deux véhicules - arrière,4,2,4,0,1,1,1,1,1,50,2,2,1,0,0,1,23.0,66.0,deux_roues,voiture,5,2,1,1,2
202400052628,2024-01-02 15:15:00,2024,1,2,15,15,33,33249,,44.86863,-0.52242,Plein jour,En agglomération,Intersection en Y,Pluie légère,Autre collision,4,2,2,3,1,1,2,0,1,30,1,3,1,0,0,2,17.0,,deux_roues,,1,2,4,2,6
202400052628,2024-01-02 15:15:00,2024,1,2,15,15,33,33249,,44.86863,-0.52242,Plein jour,En agglomération,Intersection en Y,Pluie légère,Autre collision,4,2,2,0,1,1,2,0,1,30,1,3,1,0,0,2,17.0,,deux_roues,,1,2,4,2,6
202400052629,2024-02-14 18:30:00,2024,2,14,18,30,83,83016,DN8,43.204435,5.808471,Nuit sans éclairage public,Hors agglomération,Intersection en T,Normale,Deux véhicules - côté,3,2,2,0,1,1,1,0,1,50,2,2,1,0,1,0,21.0,70.0,deux_roues,voiture,3,1,3,1,3
202400052629,2024-02-14 18:30:00,2024,2,14,18,30,83,83016,DN8,43.204435,5.808471,Nuit sans éclairage public,Hors agglomération,Intersection en T,Normale,Deux véhicules - côté,3,2, -1,-1,1,1,1,0,1,-1,2,2,1,0,1,0,21.0,70.0,deux_roues,voiture,3,1,3,1,3
202400052630,2024-07-11 16:10:00,2024,7,11,16,10,13,13063,QUENOUILLE RUE DE LA,43.58779,4.99438,Plein jour,En agglomération,Intersection en X,Normale,Deux véhicules - côté,4,2,4,0,1,1,1,0,1,50,2,2,1,0,1,0,74.0,60.0,deux_roues,utilitaire_camion,1,2,2,1,3
202400052630,2024-07-11 16:10:00,2024,7,11,16,10,13,13063,QUENOUILLE RUE DE LA,43.58779,4.99438,Plein jour,En agglomération,Intersection en X,Normale,Deux véhicules - côté,4,2,4,0,1,1,1,0,1,50,2,2,1,0,1,0,74.0,60.0,deux_roues,utilitaire_camion,1,2,2,1,3
202400052631,2024-06-09 17:40:00,2024,6,9,17,40,88,88445,Rue du Pair,48.256927,6.975074,Plein jour,Hors agglomération,Hors intersection,Normale,Deux véhicules - frontale,3,2,2,0,1,1,1,0,3,80,1,2,0,1,1,0,53.0,,voiture,,1,1,1,1,1
202400052632,2024-08-16 14:00:00,2024,8,16,14,0,81,81003,départementale 999,43.888081,2.441846,Plein jour,Hors agglomération,Intersection en T,Normale,Trois véhicules et plus - en chaîne,3,2,2,0,2,1,1,0,1,70,3,3,1,0,2,0,41.0,50.0,voiture,deux_roues,1,1,3,1,4
202400052632,2024-08-16 14:00:00,2024,8,16,14,0,81,81003,départementale 999,43.888081,2.441846,Plein jour,Hors agglomération,Intersection en T,Normale,Trois véhicules et plus - en chaîne,3,2, -1,-1,1,1,1,5,1,-1,3,3,1,0,2,0,41.0,50.0,voiture,deux_roues,1,1,3,1,4
202400052633,2024-10-25 08:15:00,2024,10,25,8,15,94,94081,84 Avenue Jean Jaurès,48.793453,2.397215,Plein jour,En agglomération,Hors intersection,Normale,Autre collision,3,2,4,0,1,1,1,0,1,50,1,2,1,0,0,1,,,voiture,,1,2,1,1,6
202400052634,2024-09-20 20:50:00,2024,9,20,20,50,33,33119,,44.85703,-0.53231,Nuit avec éclairage allumé,En agglomération,Intersection en X,Normale,Deux véhicules - côté,4,3,4,1,1,1,1,8,1,50,2,2,1,0,0,1,21.0,73.0,deux_roues,voiture,5,2,2,1,3
202400052634,2024-09-20 20:50:00,2024,9,20,20,50,33,33119,,44.85703,-0.53231,Nuit avec éclairage allumé,En agglomération,Intersection en X,Normale,Deux véhicules - côté,4,3, -1,-1,1,1,1,5,1,-1,2,2,1,0,0,1,21.0,73.0,deux_roues,voiture,5,2,2,1,3
202400052635,2024-05-03 14:25:00,2024,5,3,14,25,92,92025,STALINGRAD (AV DE),48.93104018,2.26711696,Plein jour,En agglomération,Hors intersection,Normale,Deux véhicules - arrière,3,2,2,0,1,1,1,0,1,50,2,2,1,0,0,1,37.0,42.0,voiture,utilitaire_camion,1,2,1,1,2
202400052636,2024-01-02 10:30:00,2024,1,2,10,30,32,32013,R N 21,43.62513703,0.57735512,Plein jour,Hors agglomération,Hors intersection,Temps couvert,Sans collision,3,2,2,0,1,3,1,0,3,50,1,1,0,1,0,0,71.0,,voiture,,1,1,1,8,7
202400052637,2024-03-25 12:05:00,2024,3,25,12,5,971,97120,GERTY ARCHIMEDE (RESIDENCE),16.24843,-61.53781,Plein jour,Hors agglomération,Giratoire,Normale,Deux véhicules - côté,4,1,2,0,1,2,1,5,1,50,2,3,2,0,0,1,58.0,26.0,voiture,voiture,1,1,6,1,3