accident_id,datetime,annee,mois,jour,heure,minute,departement,commune_insee,adresse,latitude,longitude,luminosite,agglomeration,intersection,meteo,collision,catr,circ,nbv,vosp,prof,plan,surf,infra,situ,vma,nb_vehicules,nb_usagers,nb_indemnes,nb_tues,nb_blesses_hosp,nb_blesses_legers,age_cond_1,age_cond_2,veh_type_cond_1,veh_type_cond_2,lum_code,agg_code,int_code,atm_code,col_code
202400052712,2024-09-20 12:37:00,2024,9,20,12,37,27,27229,JACQUARD (RUE),49.00187,1.13881,Plein jour,En agglomération,Hors intersection,Normale,Deux véhicules - arrière,4,2,2,0,1,1,1,0,1,50,2,2,1,0,0,1,29.0,36.0,deux_roues,voiture,1,2,1,1,2
202400052713,2024-02-18 19:40:00,2024,2,18,19,40,83,83137,JUIN (AVE ALPHONSE),43.11967,5.94736,Nuit avec éclairage allumé,En agglomération,Giratoire,Normale,Deux véhicules - côté,4,1,3,0,1,2,1,0,1,50,2,2,1,0,1,0,,68.0,utilitaire_camion,deux_roues,5,2,6,1,3
202400052713,2024-02-18 19:40:00,2024,2,18,19,40,83,83137,JUIN (AVE ALPHONSE),43.11967,5.94736,Nuit avec éclairage allumé,En agglomération,Giratoire,Normale,Deux véhicules - côté,4,1,2,0,1,1,1,0,1,50,2,2,1,0,1,0,,68.0,utilitaire_camion,deux_roues,5,2,6,1,3
202400052714,2024-11-30 16:45:00,2024,11,30,16,45,06,06088,20 Rue Delille,43.7017852,7.2755942,Crépuscule ou aube,En agglomération,Hors intersection,Normale,Autre collision,4,1,1,3,1,1,1,0,1,30,1,1,0,0,1,0,92.0,,deux_roues,,2,2,1,1,6
202400052715,2024-06-10 06:15:00,2024,6,10,6,15,88,88095,rue de lorraine,48.30253,5.833386,Crépuscule ou aube,En agglomération,Intersection en T,Normale,Autre collision,3,2,2,0,2,3,1,0,1,50,1,2,1,0,1,0,19.0,,voiture,,2,2,3,1,6
202400052715,2024-06-10 06:15:00,2024,6,10,6,15,88,88095,rue de lorraine,48.30253,5.833386,Crépuscule ou aube,En agglomération,Intersection en T,Normale,Autre collision,3,2, -1,-1,1,1,1,5,1,50,1,2,1,0,1,0,19.0,,voiture,,2,2,3,1,6
202400052716,2024-10-25 19:00:00,2024,10,25,19,0,93,93053,REPUBLIQUE (BLD DE LA) N°,48.894176,2.464026,Nuit avec éclairage allumé,En agglomération,Hors intersection,Normale,Autre collision,4,1,1,0,1,1,1,6,1,30,1,2,1,0,0,1,,,voiture,,5,2,1,1,6
202400052717,2024-05-04 00:10:00,2024,5,4,0,10,83,83097,1011 Route de Trets,43.49498,5.72703,Nuit sans éclairage public,Hors agglomération,Hors intersection,Normale,Sans collision,3,2,2,0,1,1,1,0,3,70,1,2,1,1,0,0,18.0,,voiture,,3,1,1,1,7
202400052718,2024-02-12 08:15:00,2024,2,12,8,15,78,78545,A12 Y,48.815569,2.061714,Plein jour,Hors agglomération,Hors intersection,Normale,Deux véhicules - arrière,1,1,4,0,1,1,1,0,1,110,2,2,1,0,0,1,33.0,26.0,voiture,voiture,1,1,1,1,2
202400052719,2024-01-02 15:10:00,2024,1,2,15,10,06,06027,10 Avenue de Cannes,43.654851,7.150108,Plein jour,En agglomération,Hors intersection,Normale,Deux véhicules - arrière,7,2,2,1,1,1,1,0,5,50,2,2,1,0,0,1,32.0,21.0,deux_roues,voiture,1,2,1,1,2
202400052720,2024-03-26 17:15:00,2024,3,26,17,15,78,78551,MERMOZ (JEAN),48.90216,2.08401,Plein jour,En agglomération,Autre intersection,Pluie légère,Autre collision,4,2,2,0,1,1,2,0,1,50,1,2,1,0,0,1,71.0,,voiture,,1,2,9,2,6
202400052721,2024-06-09 18:00:00,2024,6,9,18,0,55,55369,D116,48.805761,5.202112,Plein jour,Hors agglomération,Hors intersection,Normale,Sans collision,3,2,2,0,2,2,1,0,1,-1,1,1,0,0,1,0,31.0,,deux_roues,,1,1,1,1,7
202400052722,2024-07-11 07:50:00,2024,7,11,7,50,75,75118,BD PERIPHERIQUE INTERIEUR,48.901089,2.352132,Plein jour,En agglomération,Hors intersection,Normale,Deux véhicules - côté,4,1,4,0,1,1,1,0,1,70,2,2,1,0,0,1,40.0,26.0,deux_roues,voiture,1,2,1,1,3
202400052723,2024-12-01 21:10:00,2024,12,1,21,10,06,06069,21 Chemin de Sainte Brigitte,43.64544,6.91473,Nuit avec éclairage non allumé,En agglomération,Hors intersection,Normale,Deux véhicules - frontale,4,2,1,0,2,1,1,0,1,50,2,2,1,0,0,1,24.0,22.0,deux_roues,voiture,4,2,1,1,1
202400052724,2024-05-03 19:45:00,2024,5,3,19,45,76,76136,Route de Luneray,49.814699,0.950274,Plein jour,En agglomération,Hors intersection,Normale,Autre collision,3,2,2,0,2,2,9,0,3,50,1,1,0,0,1,0,26.0,,deux_roues,,1,2,1,1,6
202400052725,2024-02-13 21:45:00,2024,2,13,21,45,93,93027,A86,48.92719164,2.40624635,Nuit sans éclairage public,Hors agglomération,Hors intersection,Pluie légère,Autre collision,1,1,2,0,2,3,2,2,1,50,1,1,0,0,0,1,23.0,,voiture,,3,1,1,2,6
202400052726,2024-08-16 11:00:00,2024,8,16,11,0,77,77065,D372,48.456772,2.519905,Plein jour,En agglomération,Intersection en Y,Normale,Deux véhicules - frontale,1,2,2,0,1,1,1,2,1,70,2,3,1,0,1,1,30.0,22.0,voiture,voiture,1,2,4,1,1
202400052726,2024-08-16 11:00:00,2024,8,16,11,0,77,77065,D372,48.456772,2.519905,Plein jour,En agglomération,Intersection en Y,Normale,Deux véhicules - frontale,1,3,3,-1,1,1,1,5,1,-1,2,3,1,0,1,1,30.0,22.0,voiture,voiture,1,2,4,1,1
202400052727,2024-10-24 13:00:00,2024,10,24,13,0,93,93027,PASTEUR (BOULEVARD) DE 40 A +,48.92176767,2.3833971,Plein jour,En agglomération,Intersection en X,Normale,Deux véhicules - frontale,3,2,2,0,1,1,1,0,1,50,2,2,1,0,0,1,23.0,43.0,autre,voiture,1,2,2,1,1
202400052727,2024-10-24 13:00:00,2024,10,24,13,0,93,93027,PASTEUR (BOULEVARD) DE 40 A +,48.92176767,2.3833971,Plein jour,En agglomération,Intersection en X,Normale,Deux véhicules - frontale,3,1,2,0,1,1,1,0,1,50,2,2,1,0,0,1,23.0,43.0,autre,voiture,1,2,2,1,1
202400052728,2024-06-09 02:20:00,2024,6,9,2,20,57,57443,N52,49.230122,6.117351,Nuit sans éclairage public,Hors agglomération,Giratoire,Normale,Autre collision,2,2,2,0,1,1,1,0,1,80,1,4,0,0,3,1,22.0,,voiture,,3,1,6,1,6
202400052728,2024-06-09 02:20:00,2024,6,9,2,20,57,57443,N52,49.230122,6.117351,Nuit sans éclairage public,Hors agglomération,Giratoire,Normale,Autre collision,2,3,4,0,1,1,1,0,1,90,1,4,0,0,3,1,22.0,,voiture,,3,1,6,1,6
202400052729,2024-05-03 13:45:00,2024,5,3,13,45,2A,2A032,Route de Bottacina - Lieu-dit CARAGNE,41.93162353,8.83553172,Plein jour,En agglomération,Hors intersection,Normale,Deux véhicules - frontale,3,2,2,0,2,4,1,0,1,50,2,2,1,0,1,0,18.0,51.0,deux_roues,voiture,1,2,1,1,1
202400052730,2024-03-21 18:23:00,2024,3,21,18,23,78,78029,SOURCES (RUE DES),48.95655,1.85988,Plein jour,En agglomération,Intersection en T,Normale,Deux véhicules - frontale,4,2,2,0,2,1,1,0,8,50,2,2,1,0,0,1,55.0,8.0,voiture,deux_roues,1,2,3,1,1
202400052730,2024-03-21 18:23:00,2024,3,21,18,23,78,78029,SOURCES (RUE DES),48.95655,1.85988,Plein jour,En agglomération,Intersection en T,Normale,Deux véhicules - frontale,4,1,0,0,3,1,1,0,1,50,2,2,1,0,0,1,55.0,8.0,voiture,deux_roues,1,2,3,1,1
202400052731,2024-12-01 18:25:00,2024,12,1,18,25,06,06069,74 Avenue Pierre Sémard,43.65669,6.92931,Nuit avec éclairage allumé,En agglomération,Hors intersection,Normale,Deux véhicules - frontale,3,2,2,0,2,2,1,0,1,50,2,2,1,0,0,1,40.0,39.0,deux_roues,voiture,5,2,1,1,1
202400052732,2024-07-10 23:05:00,2024,7,10,23,5,75,75116,BD PERIPHERIQUE EXTERIEUR,48.846546,2.254682,Nuit sans éclairage public,En agglomération,Hors intersection,Normale,Deux véhicules - arrière,4,1,4,0,1,1,1,1,1,70,2,2,1,0,0,1,25.0,62.0,deux_roues,voiture,3,2,1,1,2
202400052733,2024-02-13 14:30:00,2024,2,13,14,30,95,95252,A15,48.9884078,2.20446579,Plein jour,Hors agglomération,Hors intersection,Normale,Deux véhicules - arrière,1,3,3,0,1,1,1,0,1,110,2,3,1,0,0,2,83.0,24.0,voiture,utilitaire_camion,1,1,1,1,2
202400052734,2024-09-21 01:20:00,2024,9,21,1,20,25,25056,DOLE RUE DE (inf 82),47.23405,6.00765,Nuit avec éclairage allumé,En agglomération,Hors intersection,Normale,Deux véhicules - côté,4,2,3,0,1,1,1,0,1,50,2,3,1,0,0,2,25.0,31.0,voiture,voiture,5,2,1,1,3
202400052735,2024-01-01 16:20:00,2024,1,1,16,20,03,03185,Avenue Marx Dormoy,46.33881,2.59899,Plein jour,En agglomération,Intersection en X,Normale,Deux véhicules - côté,4,2,3,0,1,2,1,0,1,50,2,5,2,0,1,2,23.0,45.0,utilitaire_camion,utilitaire_camion,1,2,2,1,3
202400052735,2024-01-01 16:20:00,2024,1,1,16,20,03,03185,Avenue Marx Dormoy,46.33881,2.59899,Plein jour,En agglomération,Intersection en X,Normale,Deux véhicules - côté,4,2,2,0,2,1,1,0,1,50,2,5,2,0,1,2,23.0,45.0,utilitaire_camion,utilitaire_camion,1,2,2,1,3
202400052736,2024-06-10 09:40:00,2024,6,10,9,40,03,03113,D995,46.02042,3.654735,Plein jour,Hors agglomération,Hors intersection,Temps éblouissant,Deux véhicules - frontale,3,2,2,0,2,2,1,0,1,90,2,2,0,0,1,1,55.0,59.0,utilitaire_camion,utilitaire_camion,1,1,1,7,1
202400052737,2024-08-16 16:42:00,2024,8,16,16,42,56,56161,Mont Salut,47.646836,-3.038074,Plein jour,Hors agglomération,Hors intersection,Pluie légère,Deux véhicules - côté,3,2,2,0,2,1,2,0,1,80,2,3,2,0,1,0,47.0,37.0,deux_roues,voiture,1,1,1,2,3
202400052738,2024-05-02 18:30:00,2024,5,2,18,30,65,65330,D56,43.429533,0.048532,Plein jour,En agglomération,Hors intersection,Normale,Deux véhicules - côté,3,2,2,0,1,1,1,0,1,50,2,2,1,0,1,0,61.0,65.0,deux_roues,utilitaire_camion,1,2,1,1,3
202400052739,2024-03-26 20:20:00,2024,3,26,20,20,77,77284,LAFAYETTE (PLACE),48.9584,2.87627,Nuit avec éclairage allumé,En agglomération,Hors intersection,Pluie légère,Autre collision,3,1,2,0,1,1,2,0,1,50,1,2,1,0,1,0,47.0,,voiture,,5,2,1,2,6
202400052740,2024-11-30 01:10:00,2024,11,30,1,10,75,75118,BD PERIPHERIQUE INTERIEUR ,48.900672,2.368433,Nuit avec éclairage allumé,En agglomération,Hors intersection,Normale,Deux véhicules - arrière,4,1,4,0,1,1,1,0,1,50,2,2,1,0,0,1,48.0,35.0,voiture,voiture,5,2,1,1,2
202400052741,2024-10-25 01:15:00,2024,10,25,1,15,93,93057,VAILLANT (AL. EDOUARD),48.90824423,2.50486507,Nuit avec éclairage allumé,En agglomération,Intersection en X,Normale,Deux véhicules - côté,4,1,#VALEURMULTI,0,1,1,1,0,1,50,2,3,2,0,0,1,36.0,27.0,deux_roues,voiture,5,2,2,1,3
202400052742,2024-01-02 17:45:00,2024,1,2,17,45,75,75117,PORTE DE CHAMPERRET,48.885193,2.287302,Nuit avec éclairage allumé,En agglomération,Hors intersection,Pluie légère,Deux véhicules - côté,4,1,4,0,1,1,2,0,1,70,2,2,1,0,0,1,24.0,45.0,utilitaire_camion,deux_roues,5,2,1,2,3
202400052743,2024-02-13 08:45:00,2024,2,13,8,45,95,95527,N104,49.02704648,2.5104206,Plein jour,Hors agglomération,Hors intersection,Normale,Deux véhicules - côté,2,3,4,0,1,1,1,0,1,90,2,3,2,0,0,1,61.0,56.0,voiture,utilitaire_camion,1,1,1,1,3
202400052744,2024-06-08 01:05:00,2024,6,8,1,5,63,63213,Route de Vichy,45.82600291,3.26468671,Nuit sans éclairage public,Hors agglomération,Hors intersection,Normale,Deux véhicules - frontale,3,2,2,0,1,1,1,0,1,90,2,2,1,0,1,0,57.0,37.0,voiture,utilitaire_camion,3,1,1,1,1
202400052745,2024-07-11 09:30:00,2024,7,11,9,30,75,75118,RUE CAULAINCOURT,48.88530115,2.33061415,Plein jour,En agglomération,Hors intersection,Normale,Trois véhicules et plus - collisions multiples,4,2,4,2,1,1,1,0,1,30,3,4,3,0,1,0,34.0,61.0,voiture,deux_roues,1,2,1,1,5
202400052746,2024-08-15 18:30:00,2024,8,15,18,30,82,82144,Route de Saint-Romain,44.156377,1.338487,Crépuscule ou aube,Hors agglomération,Hors intersection,Normale,Sans collision,4,2,2,0,1,2,1,0,1,80,1,2,0,0,1,1,63.0,,deux_roues,,2,1,1,1,7
202400052747,2024-10-25 15:40:00,2024,10,25,15,40,93,93005,RAOUL DUFY (AVENUE),48.96427817,2.49612715,Plein jour,En agglomération,Hors intersection,Normale,Deux véhicules - frontale,3,2,2,0,1,1,1,0,1,50,2,2,1,1,0,0,32.0,52.0,voiture,deux_roues,1,2,1,1,1
202400052748,2024-12-01 13:21:00,2024,12,1,13,21,75,75119,PLACE DU COLONEL FABIEN,48.878043,2.370727,Plein jour,En agglomération,Place,Normale,Deux véhicules - côté,4,1,1,0,1,1,1,0,1,30,2,2,1,0,0,1,37.0,30.0,deux_roues,voiture,1,2,7,1,3
202400052749,2024-09-18 16:15:00,2024,9,18,16,15,24,24557,LES GOURDOUX (LIEU DIT),45.23539,0.78508,Plein jour,Hors agglomération,Intersection en X,Normale,Trois véhicules et plus - collisions multiples,3,2,2,0,1,1,1,0,1,70,3,4,2,0,0,2,72.0,23.0,voiture,utilitaire_camion,1,1,2,1,5
202400052749,2024-09-18 16:15:00,2024,9,18,16,15,24,24557,LES GOURDOUX (LIEU DIT),45.23539,0.78508,Plein jour,Hors agglomération,Intersection en X,Normale,Trois véhicules et plus - collisions multiples,3,2,2,0,1,1,1,0,1,70,3,4,2,0,0,2,72.0,23.0,voiture,utilitaire_camion,1,1,2,1,5
202400052750,2024-02-14 19:00:00,2024,2,14,19,0,94,94018,A4,48.82465601,2.39368239,Nuit sans éclairage public,Hors agglomération,Hors intersection,Normale,Deux véhicules - côté,1,1,5,0,1,1,1,0,1,90,2,2,1,0,0,1,28.0,56.0,voiture,deux_roues,3,1,1,1,3
202400052751,2024-05-04 17:05:00,2024,5,4,17,5,61,61146,RD21,48.631333,-0.559248,Plein jour,Hors agglomération,Intersection en T,Normale,Deux véhicules - côté,3,2,2,0,1,1,1,0,1,90,2,3,1,1,0,1,65.0,39.0,deux_roues,utilitaire_camion,1,1,3,1,3
202400052751,2024-05-04 17:05:00,2024,5,4,17,5,61,61146,RD21,48.631333,-0.559248,Plein jour,Hors agglomération,Intersection en T,Normale,Deux véhicules - côté,3,2,2,0,1,1,1,0,1,80,2,3,1,1,0,1,65.0,39.0,deux_roues,utilitaire_camion,1,1,3,1,3
202400052752,2024-01-02 13:40:00,2024,1,2,13,40,75,75120,BOULEVARD DE CHARONNE,48.84887,2.399246,Plein jour,En agglomération,Intersection en T,Pluie légère,Deux véhicules - côté,4,2,2,0,1,1,2,0,1,30,2,2,1,0,0,1,22.0,47.0,deux_roues,voiture,1,2,3,2,3
202400052752,2024-01-02 13:40:00,2024,1,2,13,40,75,75120,BOULEVARD DE CHARONNE,48.84887,2.399246,Plein jour,En agglomération,Intersection en T,Pluie légère,Deux véhicules - côté,4,1,1,0,1,1,2,0,1,30,2,2,1,0,0,1,22.0,47.0,deux_roues,voiture,1,2,3,2,3
202400052753,2024-03-26 20:05:00,2024,3,26,20,5,77,77186,RD116 PanONF à rte Buttes aux aires,48.429684,2.711284,Nuit sans éclairage public,Hors agglomération,Hors intersection,Pluie légère,Deux véhicules - frontale,3,2,2,0,1,1,2,0,1,80,2,2,0,0,1,1,22.0,52.0,voiture,voiture,3,1,1,2,1
202400052754,2024-08-15 12:15:00,2024,8,15,12,15,63,63314,D996,45.56922,3.632103,Plein jour,Hors agglomération,Hors intersection,Normale,Sans collision,3,2,2,0,1,3,1,0,3,90,1,2,1,0,0,1,55.0,,deux_roues,,1,1,1,1,7
202400052755,2024-10-25 16:20:00,2024,10,25,16,20,92,92078,VERDUN (AVENUE) (N° PAIRS 40 A 90),48.93545492,2.33102471,Plein jour,En agglomération,Hors intersection,Normale,Sans collision,3,1,1,1,1,1,1,0,1,50,1,2,1,0,0,1,23.0,,deux_roues,,1,2,1,1,7
202400052756,2024-06-08 15:45:00,2024,6,8,15,45,73,73069,D27 Route des berres,45.54117183,6.22762612,Plein jour,Hors agglomération,Intersection en T,Temps couvert,Deux véhicules - côté,3,2,2,0,1,1,1,0,1,50,2,4,2,0,1,1,16.0,15.0,voiture,deux_roues,1,1,3,8,3
202400052756,2024-06-08 15:45:00,2024,6,8,15,45,73,73069,D27 Route des berres,45.54117183,6.22762612,Plein jour,Hors agglomération,Intersection en T,Temps couvert,Deux véhicules - côté,3,-1, -1,0,2,1,1,0,1,-1,2,4,2,0,1,1,16.0,15.0,voiture,deux_roues,1,1,3,8,3
202400052757,2024-07-10 18:00:00,2024,7,10,18,0,75,75116,AVENUE FOCH,48.872192,2.284692,Plein jour,En agglomération,Intersection en X,Normale,Deux véhicules - côté,4,1,3,0,1,1,1,0,1,30,2,2,1,0,0,1,22.0,23.0,voiture,deux_roues,1,2,2,1,3
202400052757,2024-07-10 18:00:00,2024,7,10,18,0,75,75116,AVENUE FOCH,48.872192,2.284692,Plein jour,En agglomération,Intersection en X,Normale,Deux véhicules - côté,4,2, -1,0,1,1,1,0,1,30,2,2,1,0,0,1,22.0,23.0,voiture,deux_roues,1,2,2,1,3
202400052758,2024-03-26 11:45:00,2024,3,26,11,45,74,74012,EUROPE (AVENUE DE L'),46.18141,6.23474,Plein jour,En agglomération,Hors intersection,Normale,Autre collision,3,2,2,0,1,1,1,0,1,50,1,1,0,0,0,1,75.0,,voiture,,1,2,1,1,6
202400052759,2024-05-04 11:20:00,2024,5,4,11,20,49,49041,D85,47.307506,0.068081,Plein jour,Hors agglomération,Hors intersection,Pluie légère,Sans collision,3,2,2,0,2,2,2,0,3,80,1,1,0,0,1,0,50.0,,deux_roues,,1,1,1,2,7
202400052760,2024-02-14 08:15:00,2024,2,14,8,15,93,93051,A4,48.83642668,2.55000186,Plein jour,Hors agglomération,Hors intersection,Pluie légère,Deux véhicules - côté,1,-1,3,0,1,1,2,0,1,110,2,2,1,0,0,1,21.0,28.0,deux_roues,utilitaire_camion,1,1,1,2,3
202400052761,2024-12-01 12:30:00,2024,12,1,12,30,75,75115,RUE DE LA CONVENTION,48.843836,2.281951,Plein jour,En agglomération,Intersection en X,Normale,Deux véhicules - côté,4,1, -1,0,1,1,1,0,1,30,2,3,2,0,0,1,36.0,45.0,deux_roues,voiture,1,2,2,1,3
202400052761,2024-12-01 12:30:00,2024,12,1,12,30,75,75115,RUE DE LA CONVENTION,48.843836,2.281951,Plein jour,En agglomération,Intersection en X,Normale,Deux véhicules - côté,4,2,3,3,1,1,1,0,1,30,2,3,2,0,0,1,36.0,45.0,deux_roues,voiture,1,2,2,1,3
202400052762,2024-08-16 16:38:00,2024,8,16,16,38,61,61463,D18 PR6+640,48.628306,-0.435998,Plein jour,Hors agglomération,Hors intersection,Pluie légère,Autre collision,3,2,2,0,3,1,2,0,1,70,1,1,0,1,0,0,25.0,,voiture,,1,1,1,2,6
202400052763,2024-06-09 22:10:00,2024,6,9,22,10,42,42151,Route de Montverdun,45.683623,4.105775,Nuit sans éclairage public,Hors agglomération,Hors intersection,Pluie légère,Autre collision,3,2,2,0,1,1,2,0,3,80,1,1,0,0,1,0,31.0,,voiture,,3,1,1,2,6
202400052764,2024-01-02 08:40:00,2024,1,2,8,40,75,75120,AVENUE GAMBETTA,48.865411,2.398913,Plein jour,En agglomération,Intersection en Y,Pluie légère,Autre collision,4,2,2,3,2,1,2,0,1,30,1,2,1,1,0,0,31.0,,utilitaire_camion,,1,2,4,2,6
202400052764,2024-01-02 08:40:00,2024,1,2,8,40,75,75120,AVENUE GAMBETTA,48.865411,2.398913,Plein jour,En agglomération,Intersection en Y,Pluie légère,Autre collision,4,1, -1,0,1,1,2,0,1,30,1,2,1,1,0,0,31.0,,utilitaire_camion,,1,2,4,2,6
202400052765,2024-10-25 00:10:00,2024,10,25,0,10,92,92073,SELLIER (BOULEVARD HENRI),48.86297968,2.21820429,Nuit avec éclairage allumé,En agglomération,Hors intersection,Normale,Autre collision,3,1,2,0,3,3,1,0,1,50,1,1,0,0,1,0,47.0,,deux_roues,,5,2,1,1,6
202400052766,2024-09-19 09:40:00,2024,9,19,9,40,23,23096,LAURE (AVENUE DE ),46.16727,1.87354,Plein jour,En agglomération,Autre intersection,Normale,Deux véhicules - côté,4,-1,1,0,4,3,1,9,1,50,2,2,1,0,0,1,58.0,24.0,voiture,voiture,1,2,9,1,3
202400052766,2024-09-19 09:40:00,2024,9,19,9,40,23,23096,LAURE (AVENUE DE ),46.16727,1.87354,Plein jour,En agglomération,Autre intersection,Normale,Deux véhicules - côté,4,2,2,0,1,1,1,0,1,50,2,2,1,0,0,1,58.0,24.0,voiture,voiture,1,2,9,1,3
202400052767,2024-05-03 16:30:00,2024,5,3,16,30,46,46147,Départementale 8,44.479361,1.174979,Plein jour,Hors agglomération,Hors intersection,Normale,Autre collision,3,2,2,0,1,1,1,0,3,80,1,1,0,0,1,0,35.0,,voiture,,1,1,1,1,6
202400052768,2024-07-11 19:55:00,2024,7,11,19,55,75,75115,BOULEVARD VICTOR,48.835975,2.278325,Plein jour,En agglomération,Intersection en X,Normale,Autre collision,4,-1,2,0,1,1,1,-1,6,30,1,2,1,0,0,1,50.0,,transport_commun,,1,2,2,1,6
202400052768,2024-07-11 19:55:00,2024,7,11,19,55,75,75115,BOULEVARD VICTOR,48.835975,2.278325,Plein jour,En agglomération,Intersection en X,Normale,Autre collision,4,1, -1,-1,1,1,1,-1,6,30,1,2,1,0,0,1,50.0,,transport_commun,,1,2,2,1,6
202400052769,2024-08-15 11:15:00,2024,8,15,11,15,49,49358,Route départementale 145,47.198753,-0.008969,Plein jour,Hors agglomération,Hors intersection,Normale,Sans collision,3,2,2,0,4,2,8,0,1,80,1,1,0,0,1,0,31.0,,deux_roues,,1,1,1,1,7
202400052770,2024-10-25 17:40:00,2024,10,25,17,40,92,92077,VERSAILLES (RUE DE),48.81893545,2.16753244,Plein jour,En agglomération,Hors intersection,Pluie légère,Sans collision,3,-1,2,0,1,1,2,0,1,50,1,1,0,0,0,1,27.0,,deux_roues,,1,2,1,2,7
202400052771,2024-02-13 16:50:00,2024,2,13,16,50,974,97416,RN1 (ROUTE NATIONALE),-21.30263,55.426,Plein jour,Hors agglomération,Hors intersection,Pluie légère,Deux véhicules - arrière,2,3,4,0,1,1,2,9,1,110,2,3,2,0,0,1,19.0,29.0,voiture,voiture,1,1,1,2,2
202400052772,2024-12-01 01:55:00,2024,12,1,1,55,75,75113,RUE DE TOLBIAC,48.825698,2.348464,Nuit avec éclairage allumé,En agglomération,Intersection en Y,Normale,Autre collision,4,1, -1,0,1,1,1,0,1,30,1,1,0,0,0,1,42.0,,voiture,,5,2,4,1,6
202400052772,2024-12-01 01:55:00,2024,12,1,1,55,75,75113,RUE DE TOLBIAC,48.825698,2.348464,Nuit avec éclairage allumé,En agglomération,Intersection en Y,Normale,Autre collision,4,2,3,0,1,1,1,0,1,30,1,1,0,0,0,1,42.0,,voiture,,5,2,4,1,6
202400052773,2024-01-02 08:55:00,2024,1,2,8,55,75,75116,PLACE DE LA PORTE DE PASSY,48.85785,2.262946,Plein jour,En agglomération,Intersection en T,Pluie légère,Deux véhicules - côté,4,2,2,1,1,1,2,0,1,30,2,2,1,0,0,1,58.0,28.0,voiture,deux_roues,1,2,3,2,3
202400052773,2024-01-02 08:55:00,2024,1,2,8,55,75,75116,PLACE DE LA PORTE DE PASSY,48.85785,2.262946,Plein jour,En agglomération,Intersection en T,Pluie légère,Deux véhicules - côté,4,2,2,0,1,1,2,0,1,50,2,2,1,0,0,1,58.0,28.0,voiture,deux_roues,1,2,3,2,3
202400052774,2024-06-07 19:45:00,2024,6,7,19,45,17,17429,D125,45.9159,-1.011708,Plein jour,Hors agglomération,Intersection en X,Normale,Deux véhicules - côté,3,2,2,0,1,1,1,5,1,80,2,2,1,1,0,0,20.0,48.0,deux_roues,voiture,1,1,2,1,3
202400052774,2024-06-07 19:45:00,2024,6,7,19,45,17,17429,D125,45.9159,-1.011708,Plein jour,Hors agglomération,Intersection en X,Normale,Deux véhicules - côté,3,2,2,0,1,1,1,5,1,50,2,2,1,1,0,0,20.0,48.0,deux_roues,voiture,1,1,2,1,3
202400052775,2024-03-25 16:40:00,2024,3,25,16,40,71,71306,ALOUETTES (AVENUE DES),46.6876,4.35833,Plein jour,En agglomération,Hors intersection,Normale,Trois véhicules et plus - en chaîne,4,-1,3,0,1,1,1,2,1,50,3,5,4,0,0,1,32.0,42.0,voiture,voiture,1,2,1,1,4
202400052776,2024-09-20 07:57:00,2024,9,20,7,57,19,19031,MICHELET (AVENUE EDMOND),45.14283203,1.52638865,Plein jour,Hors agglomération,Hors intersection,Normale,Deux véhicules - frontale,3,2,2,0,2,4,1,0,1,90,2,2,1,0,0,1,18.0,44.0,deux_roues,voiture,1,1,1,1,1
202400052777,2024-10-25 02:10:00,2024,10,25,2,10,92,92062,GENERAL DE GAULLE (AV) DU 44 AU 106,48.8887489,2.23545447,Nuit sans éclairage public,En agglomération,Hors intersection,Normale,Deux véhicules - frontale,2,1,0,0,1,1,1,0,1,50,2,2,1,0,0,1,18.0,21.0,deux_roues,voiture,3,2,1,1,1
202400052778,2024-08-16 14:30:00,2024,8,16,14,30,39,39485,,46.383638,5.445415,Plein jour,Hors agglomération,Hors intersection,Normale,Deux véhicules - côté,3,2,2,0,1,1,1,0,1,80,2,2,1,0,0,1,38.0,70.0,utilitaire_camion,deux_roues,1,1,1,1,3
202400052779,2024-05-04 14:51:00,2024,5,4,14,51,02,02160,D946,49.692316,3.988997,Plein jour,Hors agglomération,Intersection en X,Normale,Deux véhicules - frontale,3,1,2,0,1,1,1,0,1,80,2,2,1,0,1,0,21.0,56.0,voiture,voiture,1,1,2,1,1
202400052779,2024-05-04 14:51:00,2024,5,4,14,51,02,02160,D946,49.692316,3.988997,Plein jour,Hors agglomération,Intersection en X,Normale,Deux véhicules - frontale,3,2, -1,-1,1,1,1,0,1,-1,2,2,1,0,1,0,21.0,56.0,voiture,voiture,1,1,2,1,1
202400052780,2024-07-09 19:40:00,2024,7,9,19,40,75,75115,BOULEVARD DU MONTPARNASSE,48.844096,2.322864,Plein jour,En agglomération,Intersection en Y,Normale,Deux véhicules - côté,4,-1,0,0,1,1,1,0,1,30,2,2,1,0,0,1,29.0,27.0,transport_commun,deux_roues,1,2,4,1,3
202400052780,2024-07-09 19:40:00,2024,7,9,19,40,75,75115,BOULEVARD DU MONTPARNASSE,48.844096,2.322864,Plein jour,En agglomération,Intersection en Y,Normale,Deux véhicules - côté,4,1, -1,-1,1,1,1,0,1,30,2,2,1,0,0,1,29.0,27.0,transport_commun,deux_roues,1,2,4,1,3
202400052781,2024-11-30 20:30:00,2024,11,30,20,30,75,75113,BOULEVARD KELLERMANN,48.819931,2.356902,Nuit avec éclairage allumé,En agglomération,Hors intersection,Normale,Deux véhicules - côté,4,1,1,2,2,1,1,6,8,30,2,2,1,0,0,1,36.0,19.0,voiture,deux_roues,5,2,1,1,3