accident_id,datetime,annee,mois,jour,heure,minute,departement,commune_insee,adresse,latitude,longitude,luminosite,agglomeration,intersection,meteo,collision,catr,circ,nbv,vosp,prof,plan,surf,infra,situ,vma,nb_vehicules,nb_usagers,nb_indemnes,nb_tues,nb_blesses_hosp,nb_blesses_legers,age_cond_1,age_cond_2,veh_type_cond_1,veh_type_cond_2,lum_code,agg_code,int_code,atm_code,col_code
202400052842,2024-10-25 17:50:00,2024,10,25,17,50,71,71152,7567 Route de Luzy,46.721496,3.884677,Plein jour,Hors agglomération,Intersection en T,Temps couvert,Deux véhicules - arrière,3,2,2,0,1,3,1,0,1,80,2,2,1,0,1,0,48.0,23.0,utilitaire_camion,deux_roues,1,1,3,8,2
202400052842,2024-10-25 17:50:00,2024,10,25,17,50,71,71152,7567 Route de Luzy,46.721496,3.884677,Plein jour,Hors agglomération,Intersection en T,Temps couvert,Deux véhicules - arrière,3,2,2,0,1,4,1,0,8,80,2,2,1,0,1,0,48.0,23.0,utilitaire_camion,deux_roues,1,1,3,8,2
202400052843,2024-05-03 23:20:00,2024,5,3,23,20,16,16211,,45.626546,0.465288,Nuit sans éclairage public,Hors agglomération,Hors intersection,Pluie forte,Autre collision,3,2,2,0,1,3,2,0,3,80,1,2,1,0,0,1,20.0,,voiture,,3,1,1,3,6
202400052844,2024-03-25 13:50:00,2024,3,25,13,50,67,67482,BRUXELLES (RUE DE),48.58383,7.77533,Plein jour,En agglomération,Hors intersection,Normale,Autre collision,4,2,2,0,1,1,1,0,1,30,1,2,1,0,0,1,49.0,,voiture,,1,2,1,1,6
202400052845,2024-07-10 20:30:00,2024,7,10,20,30,94,94081,Avenue Lemerle Vetter,48.779211,2.384376,Plein jour,En agglomération,Hors intersection,Normale,Deux véhicules - arrière,4,3,0,0,1,1,1,0,1,50,2,2,1,0,0,1,40.0,47.0,voiture,deux_roues,1,2,1,1,2
202400052846,2024-06-05 21:10:00,2024,6,5,21,10,69,69275,Rocade Est,45.77934885,4.96106758,Crépuscule ou aube,Hors agglomération,Hors intersection,Normale,Deux véhicules - arrière,2,3,4,0,1,2,1,0,1,90,2,2,1,0,0,1,47.0,,voiture,utilitaire_camion,2,1,1,1,2
202400052847,2024-01-01 22:15:00,2024,1,1,22,15,94,94041,Rue Molière / Rue Lénine,48.81549,2.39336,Nuit avec éclairage allumé,En agglomération,Intersection à plus de 4 branches,Pluie forte,Autre collision,3,2,2,0,1,1,2,0,1,50,1,5,2,0,0,3,23.0,,voiture,,5,2,5,3,6
202400052847,2024-01-01 22:15:00,2024,1,1,22,15,94,94041,Rue Molière / Rue Lénine,48.81549,2.39336,Nuit avec éclairage allumé,En agglomération,Intersection à plus de 4 branches,Pluie forte,Autre collision,3,1,2,0,1,1,2,0,1,50,1,5,2,0,0,3,23.0,,voiture,,5,2,5,3,6
202400052848,2024-09-19 14:15:00,2024,9,19,14,15,10,10333,Avenue Charles de Refuge,48.2831,4.0525,Plein jour,En agglomération,Autre intersection,Normale,Autre collision,4,-1,0,0,1,1,1,9,8,50,1,2,1,0,0,1,63.0,,voiture,,1,2,9,1,6
202400052849,2024-05-03 21:00:00,2024,5,3,21,0,53,53062,Mon Désir - PK 5+300,47.818378,-0.774107,Plein jour,Hors agglomération,Hors intersection,Normale,Sans collision,3,2,2,0,1,2,1,0,8,90,1,2,1,0,1,0,24.0,,voiture,,1,1,1,1,7
202400052850,2024-11-30 09:15:00,2024,11,30,9,15,75,75107,QUAI D ORSAY,48.862589,2.310412,Plein jour,En agglomération,Intersection en T,Normale,Trois véhicules et plus - en chaîne,4,1, -1,-1,1,1,1,0,1,30,3,3,1,0,0,2,26.0,53.0,voiture,voiture,1,2,3,1,4
202400052850,2024-11-30 09:15:00,2024,11,30,9,15,75,75107,QUAI D ORSAY,48.862589,2.310412,Plein jour,En agglomération,Intersection en T,Normale,Trois véhicules et plus - en chaîne,4,2,3,1,1,1,1,0,1,30,3,3,1,0,0,2,26.0,53.0,voiture,voiture,1,2,3,1,4
202400052851,2024-10-25 16:30:00,2024,10,25,16,30,42,42069,Rue Jacques Offenbach,45.99947,4.063236,Plein jour,En agglomération,Intersection en Y,Pluie légère,Deux véhicules - côté,4,2,2,1,2,2,2,-1,5,50,2,2,1,0,0,1,54.0,77.0,voiture,deux_roues,1,2,4,2,3
202400052851,2024-10-25 16:30:00,2024,10,25,16,30,42,42069,Rue Jacques Offenbach,45.99947,4.063236,Plein jour,En agglomération,Intersection en Y,Pluie légère,Deux véhicules - côté,4,2,2,0,1,1,2,5,5,50,2,2,1,0,0,1,54.0,77.0,voiture,deux_roues,1,2,4,2,3
202400052852,2024-02-13 19:00:00,2024,2,13,19,0,69,69389,74 Rue de Saint-Cyr,45.78394,4.80818,Nuit avec éclairage allumé,En agglomération,Autre intersection,Normale,Deux véhicules - côté,4,1,1,0,1,1,1,0,6,30,2,2,1,0,0,1,43.0,67.0,voiture,deux_roues,5,2,9,1,3
202400052852,2024-02-13 19:00:00,2024,2,13,19,0,69,69389,74 Rue de Saint-Cyr,45.78394,4.80818,Nuit avec éclairage allumé,En agglomération,Autre intersection,Normale,Deux véhicules - côté,4,2,3,3,1,1,1,0,6,50,2,2,1,0,0,1,43.0,67.0,voiture,deux_roues,5,2,9,1,3
202400052853,2024-03-26 08:38:00,2024,3,26,8,38,63,63113,JULIEN (AVENUE),45.77366,3.07546,Plein jour,En agglomération,Giratoire,Pluie légère,Deux véhicules - côté,4,1,1,0,1,3,2,0,1,50,2,2,1,0,0,1,23.0,42.0,voiture,deux_roues,1,2,6,2,3
202400052854,2024-01-02 13:00:00,2024,1,2,13,0,94,94073,Avenue du Luxembourg,48.75735,2.37145,Plein jour,En agglomération,Hors intersection,Pluie légère,Autre collision,6,-1, -1,0,1,1,2,9,6,30,1,2,1,0,0,1,45.0,,voiture,,1,2,1,2,6
202400052855,2024-06-07 16:35:00,2024,6,7,16,35,67,67482,M353,48.4959,7.75396,Plein jour,Hors agglomération,Hors intersection,Normale,Deux véhicules - arrière,7,1,1,0,1,1,1,0,1,90,2,2,1,0,0,1,49.0,49.0,utilitaire_camion,voiture,1,1,1,1,2
202400052856,2024-07-09 13:10:00,2024,7,9,13,10,94,94068,Avenue Michelet,48.7936381,2.51088345,Plein jour,En agglomération,Hors intersection,Normale,Autre collision,4,1,1,0,1,1,1,0,1,30,1,3,2,0,0,1,57.0,,utilitaire_camion,,1,2,1,1,6
202400052857,2024-08-15 12:15:00,2024,8,15,12,15,06,06103,Route de Saint Martin Vesubie,44.038445,7.291301,Plein jour,Hors agglomération,Hors intersection,Normale,Autre collision,7,2,2,0,2,2,1,0,3,80,1,1,0,0,0,1,23.0,,utilitaire_camion,,1,1,1,1,6
202400052858,2024-12-01 21:30:00,2024,12,1,21,30,75,75103,RUE DE TURBIGO,48.865088,2.354469,Nuit avec éclairage allumé,En agglomération,Intersection en X,Normale,Sans collision,4,1, -1,0,1,1,1,0,1,30,1,2,1,0,0,1,25.0,,deux_roues,,5,2,2,1,7
202400052858,2024-12-01 21:30:00,2024,12,1,21,30,75,75103,RUE DE TURBIGO,48.865088,2.354469,Nuit avec éclairage allumé,En agglomération,Intersection en X,Normale,Sans collision,4,1,1,0,1,3,1,9,1,30,1,2,1,0,0,1,25.0,,deux_roues,,5,2,2,1,7
202400052859,2024-05-04 13:00:00,2024,5,4,13,0,21,21663,Rue Marcellin Berthelot,47.546553,4.456453,Plein jour,En agglomération,Hors intersection,Pluie légère,Deux véhicules - frontale,3,2,2,0,1,3,2,0,1,50,2,3,0,0,3,0,70.0,63.0,voiture,voiture,1,2,1,2,1
202400052860,2024-10-25 18:45:00,2024,10,25,18,45,31,31253,Route du Lherm,43.456128,1.242517,Crépuscule ou aube,En agglomération,Hors intersection,Normale,Deux véhicules - frontale,3,2,2,0,1,1,1,0,1,50,2,3,0,1,1,1,35.0,17.0,utilitaire_camion,voiture,2,2,1,1,1
202400052861,2024-03-26 18:00:00,2024,3,26,18,0,60,60414,,49.25429577,2.45495081,Plein jour,En agglomération,Hors intersection,Pluie forte,Deux véhicules - frontale,3,-1,2,0,1,1,2,0,1,40,2,3,2,0,0,1,47.0,,voiture,voiture,1,2,1,3,1
202400052862,2024-01-02 07:10:00,2024,1,2,7,10,94,94046,Boulevard Gallieni / Rue Jean Jaurès,48.797323,2.433176,Nuit avec éclairage allumé,En agglomération,Intersection en T,Pluie forte,Autre collision,3,2,4,1,1,1,2,0,1,50,1,2,1,0,0,1,,,voiture,,5,2,3,3,6
202400052862,2024-01-02 07:10:00,2024,1,2,7,10,94,94046,Boulevard Gallieni / Rue Jean Jaurès,48.797323,2.433176,Nuit avec éclairage allumé,En agglomération,Intersection en T,Pluie forte,Autre collision,3,2,2,0,1,1,2,0,1,50,1,2,1,0,0,1,,,voiture,,5,2,3,3,6
202400052863,2024-06-09 23:40:00,2024,6,9,23,40,33,33487,,44.94258,-0.46624,Nuit avec éclairage allumé,Hors agglomération,Autre intersection,Normale,Autre collision,1,3,6,0,1,1,1,0,1,130,1,1,0,0,0,1,24.0,,voiture,,5,1,9,1,6
202400052864,2024-09-20 22:30:00,2024,9,20,22,30,06,06088,29 Rue Barla,43.70146,7.2844,Nuit avec éclairage allumé,En agglomération,Intersection en T,Normale,Deux véhicules - côté,4,2,3,0,1,1,1,0,1,50,2,3,1,0,2,0,37.0,50.0,deux_roues,voiture,5,2,3,1,3
202400052864,2024-09-20 22:30:00,2024,9,20,22,30,06,06088,29 Rue Barla,43.70146,7.2844,Nuit avec éclairage allumé,En agglomération,Intersection en T,Normale,Deux véhicules - côté,4,1,2,0,1,1,1,0,1,50,2,3,1,0,2,0,37.0,50.0,deux_roues,voiture,5,2,3,1,3
202400052865,2024-02-13 17:00:00,2024,2,13,17,0,69,69382,Pont Wilson,45.7601,4.83815,Plein jour,En agglomération,Intersection en X,Normale,Deux véhicules - arrière,4,2,6,2,1,1,1,0,1,50,2,2,1,0,0,1,30.0,56.0,voiture,voiture,1,2,2,1,2
202400052865,2024-02-13 17:00:00,2024,2,13,17,0,69,69382,Pont Wilson,45.7601,4.83815,Plein jour,En agglomération,Intersection en X,Normale,Deux véhicules - arrière,4,1,3,1,1,1,1,0,1,30,2,2,1,0,0,1,30.0,56.0,voiture,voiture,1,2,2,1,2
202400052866,2024-08-15 06:45:00,2024,8,15,6,45,06,06080,M2205,44.016051,7.130921,Nuit sans éclairage public,Hors agglomération,Hors intersection,Pluie légère,Autre collision,7,3,4,0,1,1,2,0,1,110,1,1,0,1,0,0,73.0,,voiture,,3,1,1,2,6
202400052867,2024-05-01 07:30:00,2024,5,1,7,30,37,37250,L?Ocliniere,47.20015061,0.65999651,Crépuscule ou aube,Hors agglomération,Hors intersection,Pluie légère,Sans collision,3,2,2,0,1,3,2,0,8,80,1,2,1,0,1,0,25.0,,voiture,,2,1,1,2,7
202400052868,2024-07-06 00:30:00,2024,7,6,0,30,94,94015,Boulevard Pasteur,48.833161,2.525079,Nuit avec éclairage allumé,En agglomération,Hors intersection,Normale,Deux véhicules - arrière,3,2,2,0,1,1,1,0,1,50,2,3,2,0,0,1,33.0,33.0,voiture,voiture,5,2,1,1,2
202400052869,2024-01-30 15:40:00,2024,1,30,15,40,69,69382,60 Rue Denuzière,45.74497,4.81985,Nuit avec éclairage allumé,Hors agglomération,Hors intersection,Autre,Sans collision,4,2,2,0,1,1,1,9,8,30,1,1,0,0,1,0,32.0,,voiture,,5,1,1,9,7
202400052870,2024-01-01 09:30:00,2024,1,1,9,30,94,94017,Avenue de la République,48.81887,2.51147,Plein jour,En agglomération,Hors intersection,Normale,Deux véhicules - arrière,3,2,2,0,1,1,1,0,1,50,2,2,1,0,0,1,30.0,50.0,deux_roues,voiture,1,2,1,1,2
202400052871,2024-12-01 15:50:00,2024,12,1,15,50,75,75101,RUE DE CASTIGLIONE,48.865304,2.327275,Crépuscule ou aube,En agglomération,Intersection en T,Normale,Deux véhicules - côté,4,2,4,0,1,1,1,0,1,30,2,2,1,0,0,1,56.0,60.0,deux_roues,voiture,2,2,3,1,3
202400052871,2024-12-01 15:50:00,2024,12,1,15,50,75,75101,RUE DE CASTIGLIONE,48.865304,2.327275,Crépuscule ou aube,En agglomération,Intersection en T,Normale,Deux véhicules - côté,4,1,4,1,1,1,1,0,1,30,2,2,1,0,0,1,56.0,60.0,deux_roues,voiture,2,2,3,1,3
202400052872,2024-08-16 19:14:00,2024,8,16,19,14,60,60509,Rue Fould Stern,49.320671,2.621934,Plein jour,En agglomération,Hors intersection,Normale,Autre collision,4,2,2,0,1,1,1,0,8,50,1,1,0,0,0,1,53.0,,voiture,,1,2,1,1,6
202400052873,2024-06-09 19:45:00,2024,6,9,19,45,91,91339,RN 104,48.62491,2.26267,Plein jour,Hors agglomération,Autre intersection,Normale,Deux véhicules - arrière,2,1,2,0,1,1,1,3,1,110,2,2,1,0,0,1,26.0,36.0,deux_roues,voiture,1,1,9,1,2
202400052874,2024-05-04 12:00:00,2024,5,4,12,0,67,67388,D28,48.937513,7.683874,Plein jour,Hors agglomération,Hors intersection,Normale,Sans collision,3,2,2,0,1,3,1,5,3,-1,1,1,0,1,0,0,52.0,,deux_roues,,1,1,1,1,7
202400052875,2024-09-20 20:15:00,2024,9,20,20,15,75,75120,BD PERIPHERIQUE EXTERIEUR   ,48.859012,2.41433,Nuit avec éclairage allumé,En agglomération,Hors intersection,Normale,Deux véhicules - côté,4,1,5,0,1,1,1,0,1,70,2,2,1,0,0,1,24.0,57.0,utilitaire_camion,voiture,5,2,1,1,3
202400052876,2024-03-26 18:31:00,2024,3,26,18,31,60,60175,RD 201_SORTIE 201_ACCES BD S.ALLENDE,49.24523,2.47497,Plein jour,Hors agglomération,Hors intersection,Pluie légère,Trois véhicules et plus - en chaîne,3,2,2,0,1,1,2,0,1,80,4,4,2,0,0,2,52.0,24.0,voiture,voiture,1,1,1,2,4
202400052877,2024-08-15 20:30:00,2024,8,15,20,30,18,18171,Chemin de la Gonne,46.704395,2.390717,Crépuscule ou aube,Hors agglomération,Hors intersection,Normale,Sans collision,4,2,2,0,1,1,1,0,3,80,1,1,0,0,1,0,27.0,,voiture,,2,1,1,1,7
202400052878,2024-02-13 18:15:00,2024,2,13,18,15,971,97120,FREBAULT,16.2411,-61.5331,Crépuscule ou aube,En agglomération,Hors intersection,Normale,Autre collision,4,1,1,0,1,1,1,6,1,50,1,2,1,0,0,1,28.0,,deux_roues,,2,2,1,1,6
202400052879,2024-07-10 17:40:00,2024,7,10,17,40,94,94065,Avenue de Fontainebleau,48.74935,2.36872,Plein jour,Hors agglomération,Hors intersection,Normale,Deux véhicules - côté,3,3,0,0,1,1,1,0,1,50,2,2,1,0,0,1,24.0,61.0,deux_roues,voiture,1,1,1,1,3
202400052880,2024-11-30 17:30:00,2024,11,30,17,30,75,75104,RUE SAINT ANTOINE,48.853465,2.366515,Nuit avec éclairage allumé,En agglomération,Intersection en T,Normale,Autre collision,4,1,0,0,1,1,1,0,1,30,1,2,1,0,0,1,49.0,,voiture,,5,2,3,1,6
202400052880,2024-11-30 17:30:00,2024,11,30,17,30,75,75104,RUE SAINT ANTOINE,48.853465,2.366515,Nuit avec éclairage allumé,En agglomération,Intersection en T,Normale,Autre collision,4,2,4,1,1,1,1,0,1,30,1,2,1,0,0,1,49.0,,voiture,,5,2,3,1,6
202400052881,2024-01-02 18:15:00,2024,1,2,18,15,93,93073,Avenue Gilbert Berger / Rue Pierre Lescot,48.946185,2.569457,Nuit avec éclairage allumé,En agglomération,Intersection en T,Pluie légère,Autre collision,4,3,2,0,1,1,2,6,1,50,1,2,1,0,0,1,66.0,,voiture,,5,2,3,2,6
202400052881,2024-01-02 18:15:00,2024,1,2,18,15,93,93073,Avenue Gilbert Berger / Rue Pierre Lescot,48.946185,2.569457,Nuit avec éclairage allumé,En agglomération,Intersection en T,Pluie légère,Autre collision,4,2,2,-1,1,1,2,0,1,-1,1,2,1,0,0,1,66.0,,voiture,,5,2,3,2,6
202400052882,2024-06-09 16:20:00,2024,6,9,16,20,91,91468,AUTOROUTE A6,48.5733,2.46719,Plein jour,Hors agglomération,Hors intersection,Normale,Deux véhicules - arrière,1,1,3,0,2,1,1,0,1,110,2,2,1,0,0,1,17.0,37.0,deux_roues,voiture,1,1,1,1,2
202400052883,2024-09-20 18:00:00,2024,9,20,18,0,75,75112,BD PERIPHERIQUE INTERIEUR ,48.827927,2.394822,Plein jour,En agglomération,Hors intersection,Normale,Deux véhicules - côté,4,1,4,0,1,1,1,0,1,70,2,2,1,0,0,1,22.0,54.0,voiture,deux_roues,1,2,1,1,3
202400052884,2024-05-03 21:40:00,2024,5,3,21,40,42,42173,A89,45.836544,4.095798,Nuit sans éclairage public,Hors agglomération,Hors intersection,Normale,Deux véhicules - frontale,1,3,2,0,1,1,1,0,1,130,2,3,0,0,1,2,27.0,55.0,voiture,voiture,3,1,1,1,1
202400052885,2024-10-23 14:00:00,2024,10,23,14,0,974,97414,Chemin des Zinnias,-21.276243,55.443208,Plein jour,En agglomération,Intersection en X,Normale,Autre collision,3,2,2,0,4,1,1,0,1,50,1,2,1,0,1,0,,,voiture,,1,2,2,1,6
202400052885,2024-10-23 14:00:00,2024,10,23,14,0,974,97414,Chemin des Zinnias,-21.276243,55.443208,Plein jour,En agglomération,Intersection en X,Normale,Autre collision,3,2, -1,-1,1,1,1,0,1,-1,1,2,1,0,1,0,,,voiture,,1,2,2,1,6
202400052886,2024-02-12 19:05:00,2024,2,12,19,5,971,97120,NELSON MANDELA,16.24007,-61.5321,Nuit avec éclairage allumé,En agglomération,Hors intersection,Normale,Autre collision,3,1,0,0,1,1,1,0,1,50,1,2,1,0,0,1,,,voiture,,5,2,1,1,6
202400052887,2024-12-01 09:00:00,2024,12,1,9,0,94,94075,99 Av du Mal de Lattre de Tassigny,48.733617,2.520984,Plein jour,En agglomération,Hors intersection,Normale,Autre collision,2,2,4,0,1,1,1,0,1,70,1,1,0,0,0,1,57.0,,voiture,,1,2,1,1,6
202400052888,2024-03-26 21:35:00,2024,3,26,21,35,60,60057,Rue Pierre Jacoby,49.42845,2.08233,Nuit avec éclairage allumé,En agglomération,Autre intersection,Pluie légère,Deux véhicules - côté,4,2,2,0,1,1,2,0,1,50,2,2,1,0,0,1,22.0,43.0,voiture,voiture,5,2,9,2,3
202400052888,2024-03-26 21:35:00,2024,3,26,21,35,60,60057,Rue Pierre Jacoby,49.42845,2.08233,Nuit avec éclairage allumé,En agglomération,Autre intersection,Pluie légère,Deux véhicules - côté,4,2,2,0,1,1,2,0,1,50,2,2,1,0,0,1,22.0,43.0,voiture,voiture,5,2,9,2,3
202400052889,2024-06-09 06:30:00,2024,6,9,6,30,91,91228,AUTOROUTE A6,48.62193014,2.42306739,Crépuscule ou aube,Hors agglomération,Hors intersection,Normale,Autre collision,1,1,3,0,1,1,1,0,8,110,1,1,0,1,0,0,25.0,,voiture,,2,1,1,1,6
202400052890,2024-07-10 21:20:00,2024,7,10,21,20,94,94021,Rue du Huit Mai 1945,48.76981,2.35076,Crépuscule ou aube,En agglomération,Hors intersection,Normale,Deux véhicules - arrière,3,2,2,0,1,1,1,0,1,50,2,2,1,0,0,1,26.0,23.0,transport_commun,utilitaire_camion,2,2,1,1,2
202400052891,2024-05-04 02:20:00,2024,5,4,2,20,971,97103,RN2 velodrome,16.251274,-61.592097,Nuit avec éclairage allumé,En agglomération,Hors intersection,Normale,Autre collision,2,1,2,0,1,1,1,0,1,90,1,2,1,0,1,0,20.0,,voiture,,5,2,1,1,6
202400052892,2024-01-02 22:00:00,2024,1,2,22,0,93,93066,Boulevard Ornano,48.9188,2.34442,Nuit sans éclairage public,En agglomération,Hors intersection,Temps couvert,Deux véhicules - arrière,4,3,2,0,1,1,2,0,1,50,2,2,1,0,0,1,42.0,,voiture,voiture,3,2,1,8,2
202400052893,2024-09-19 21:55:00,2024,9,19,21,55,75,75113,BD PERIPHERIQUE INTERIEUR,48.824838,2.384286,Nuit avec éclairage allumé,En agglomération,Hors intersection,Normale,Deux véhicules - arrière,4,1,4,0,1,1,1,0,1,70,2,2,1,0,0,1,21.0,54.0,deux_roues,voiture,5,2,1,1,2
202400052894,2024-08-12 14:30:00,2024,8,12,14,30,40,40261,D17,43.711405,-1.243638,Plein jour,Hors agglomération,Hors intersection,Normale,Deux véhicules - frontale,3,2,2,0,1,1,1,0,1,90,2,5,0,0,1,4,32.0,31.0,voiture,utilitaire_camion,1,1,1,1,1
202400052895,2024-12-01 06:50:00,2024,12,1,6,50,95,95527,ARPENTEUR (RTE DE L'),49.0097989,2.51403454,Nuit avec éclairage allumé,Hors agglomération,Hors intersection,Normale,Deux véhicules - frontale,4,1,3,0,1,1,1,0,1,90,2,2,0,0,0,2,18.0,51.0,utilitaire_camion,voiture,5,1,1,1,1
202400052896,2024-02-12 15:40:00,2024,2,12,15,40,91,91027,FRANCOIS MITTERRAND (AVENUE),48.71619,2.37125,Plein jour,En agglomération,Intersection en X,Normale,Autre collision,2,2,4,1,1,1,1,9,5,50,1,2,1,0,0,1,23.0,,voiture,,1,2,2,1,6
202400052896,2024-02-12 15:40:00,2024,2,12,15,40,91,91027,FRANCOIS MITTERRAND (AVENUE),48.71619,2.37125,Plein jour,En agglomération,Intersection en X,Normale,Autre collision,2,2,4,0,1,1,1,0,1,50,1,2,1,0,0,1,23.0,,voiture,,1,2,2,1,6
202400052897,2024-10-25 21:44:00,2024,10,25,21,44,44,44113,Route d'Abbaretz,47.563398,-1.617662,Nuit sans éclairage public,En agglomération,Hors intersection,Normale,Deux véhicules - frontale,3,2,2,0,1,1,1,0,1,50,2,3,1,0,2,0,16.0,24.0,deux_roues,utilitaire_camion,3,2,1,1,1
202400052898,2024-06-09 18:11:00,2024,6,9,18,11,95,95488,A15,49.0104613,2.15450385,Plein jour,Hors agglomération,Hors intersection,Normale,Deux véhicules - arrière,1,3,3,0,1,1,1,0,1,110,2,3,2,0,0,1,25.0,41.0,voiture,voiture,1,1,1,1,2
202400052899,2024-05-04 00:59:00,2024,5,4,0,59,27,27258,A13 PK 164+300 vers CAEN,49.3341,0.407224,Nuit sans éclairage public,Hors agglomération,Hors intersection,Normale,Sans collision,1,3,2,0,3,3,1,0,1,130,1,4,3,0,1,0,24.0,,voiture,,3,1,1,1,7
202400052900,2024-07-10 14:00:00,2024,7,10,14,0,94,94033,Allée Albert Camus,48.850701,2.476254,Plein jour,En agglomération,Hors intersection,Normale,Autre collision,4,1,1,0,1,1,1,8,1,50,1,2,1,0,0,1,42.0,,utilitaire_camion,,1,2,1,1,6
202400052901,2024-08-11 10:15:00,2024,8,11,10,15,24,24050,Route de la Borrèze,44.96253195,1.37506664,Plein jour,Hors agglomération,Hors intersection,Normale,Sans collision,3,2,2,0,1,2,1,0,3,80,1,1,0,0,1,0,41.0,,deux_roues,,1,1,1,1,7
202400052902,2024-09-19 19:30:00,2024,9,19,19,30,75,75117,BD PERIPHERIQUE INTERIEUR,48.887651,2.291289,Plein jour,En agglomération,Hors intersection,Normale,Deux véhicules - côté,4,1,4,0,1,1,1,0,1,70,2,2,1,0,0,1,25.0,24.0,voiture,deux_roues,1,2,1,1,3
202400052903,2024-03-25 15:20:00,2024,3,25,15,20,59,59507,LESQUIN RUE DE,50.59897,3.09416,Plein jour,En agglomération,Hors intersection,Normale,Deux véhicules - côté,7,2,2,0,1,1,1,0,1,50,2,6,1,0,0,5,34.0,43.0,voiture,transport_commun,1,2,1,1,3
202400052904,2024-01-02 19:00:00,2024,1,2,19,0,93,93077,Boulevard d'Aulnay / Rue Jean Fallay,48.89355,2.50231,Nuit sans éclairage public,En agglomération,Intersection en X,Pluie légère,Deux véhicules - côté,4,3,1,0,1,1,2,0,1,50,2,2,1,0,1,0,32.0,47.0,voiture,voiture,3,2,2,2,3
202400052904,2024-01-02 19:00:00,2024,1,2,19,0,93,93077,Boulevard d'Aulnay / Rue Jean Fallay,48.89355,2.50231,Nuit sans éclairage public,En agglomération,Intersection en X,Pluie légère,Deux véhicules - côté,4,2,2,0,1,1,2,0,1,50,2,2,1,0,1,0,32.0,47.0,voiture,voiture,3,2,2,2,3
202400052905,2024-11-30 21:30:00,2024,11,30,21,30,93,93079,SAINT LEU (ROUTE),48.95463,2.33454,Nuit avec éclairage allumé,En agglomération,Hors intersection,Normale,Deux véhicules - côté,3,2,2,1,1,1,1,0,1,50,2,2,1,0,0,1,42.0,19.0,voiture,deux_roues,5,2,1,1,3
202400052906,2024-06-09 17:00:00,2024,6,9,17,0,93,93027,A1,48.93720852,2.40978107,Plein jour,Hors agglomération,Hors intersection,Normale,Deux véhicules - arrière,1,3,4,0,1,1,1,0,1,90,2,2,1,0,0,1,38.0,23.0,voiture,deux_roues,1,1,1,1,2
202400052907,2024-07-11 05:10:00,2024,7,11,5,10,94,94028,Rue Saint-simon,48.79482475,2.44507237,Nuit avec éclairage allumé,En agglomération,Hors intersection,Normale,Autre collision,4,3,2,0,1,1,1,0,1,50,1,2,1,0,0,1,21.0,,voiture,,5,2,1,1,6
202400052908,2024-02-12 16:30:00,2024,2,12,16,30,86,86066,Quai du Château,46.820335,0.542125,Plein jour,En agglomération,Intersection en T,Normale,Autre collision,4,2,2,0,1,1,1,0,1,30,1,2,1,0,0,1,25.0,,voiture,,1,2,3,1,6
202400052908,2024-02-12 16:30:00,2024,2,12,16,30,86,86066,Quai du Château,46.820335,0.542125,Plein jour,En agglomération,Intersection en T,Normale,Autre collision,4,2,2,0,2,1,1,0,8,30,1,2,1,0,0,1,25.0,,voiture,,1,2,3,1,6
202400052909,2024-10-25 19:00:00,2024,10,25,19,0,62,62763,D8,50.37688227,2.35619905,Plein jour,En agglomération,Intersection en X,Normale,Deux véhicules - côté,3,2,2,0,1,1,1,0,1,50,2,2,1,0,0,1,55.0,16.0,voiture,deux_roues,1,2,2,1,3
202400052909,2024-10-25 19:00:00,2024,10,25,19,0,62,62763,D8,50.37688227,2.35619905,Plein jour,En agglomération,Intersection en X,Normale,Deux véhicules - côté,3,2,2,0,1,1,1,0,1,50,2,2,1,0,0,1,55.0,16.0,voiture,deux_roues,1,2,2,1,3
202400052910,2024-05-03 18:30:00,2024,5,3,18,30,987,98740,Avatoru PK6+100,-14.94188239,-147.70625353,Nuit sans éclairage public,Hors agglomération,Hors intersection,Normale,Deux véhicules - arrière,3,2,2,0,1,1,1,0,1,60,2,4,3,0,1,0,41.0,42.0,deux_roues,voiture,3,1,1,1,2
202400052911,2024-04-01 21:30:00,2024,4,1,21,30,56,56121,BOIS-DU-CHATEAU (RUE  DU ),47.76706,-3.37727,Nuit avec éclairage allumé,En agglomération,Hors intersection,Pluie légère,Sans collision,4,2,2,0,1,1,2,0,1,30,1,1,0,0,0,1,36.0,,deux_roues,,5,2,1,2,7
202400052912,2024-08-16 15:50:00,2024,8,16,15,50,27,27384,route départementale 22,49.372063,0.316737,Plein jour,Hors agglomération,Hors intersection,Pluie forte,Deux véhicules - frontale,3,2,2,0,1,2,2,0,1,80,2,4,0,0,2,2,38.0,26.0,voiture,voiture,1,1,1,3,1
202400052913,2024-09-20 16:00:00,2024,9,20,16,0,75,75105,RUE MONGE,48.848128,2.35043,Plein jour,En agglomération,Intersection en X,Normale,Autre collision,4,2, -1,-1,1,1,1,0,1,30,1,2,1,0,0,1,66.0,,voiture,,1,2,2,1,6
202400052913,2024-09-20 16:00:00,2024,9,20,16,0,75,75105,RUE MONGE,48.848128,2.35043,Plein jour,En agglomération,Intersection en X,Normale,Autre collision,4,2,4,1,2,1,1,0,1,30,1,2,1,0,0,1,66.0,,voiture,,1,2,2,1,6
202400052914,2024-01-02 17:00:00,2024,1,2,17,0,93,93053,Rue Anatole France / Rue du Parc,48.88628,2.44562,Nuit avec éclairage allumé,En agglomération,Intersection en T,Pluie légère,Deux véhicules - côté,3,2,2,0,2,1,2,0,1,30,2,2,0,0,0,2,58.0,62.0,voiture,voiture,5,2,3,2,3