accident_id,datetime,annee,mois,jour,heure,minute,departement,commune_insee,adresse,latitude,longitude,luminosite,agglomeration,intersection,meteo,collision,catr,circ,nbv,vosp,prof,plan,surf,infra,situ,vma,nb_vehicules,nb_usagers,nb_indemnes,nb_tues,nb_blesses_hosp,nb_blesses_legers,age_cond_1,age_cond_2,veh_type_cond_1,veh_type_cond_2,lum_code,agg_code,int_code,atm_code,col_code
202400052914,2024-01-02 17:00:00,2024,1,2,17,0,93,93053,Rue Anatole France / Rue du Parc,48.88628,2.44562,Nuit avec éclairage allumé,En agglomération,Intersection en T,Pluie légère,Deux véhicules - côté,3,2,2,0,2,1,2,0,1,30,2,2,0,0,0,2,58.0,62.0,voiture,voiture,5,2,3,2,3
202400052915,2024-11-30 21:42:00,2024,11,30,21,42,93,93048,PARIS (RUE DE),48.8574983,2.43277931,Nuit avec éclairage allumé,En agglomération,Giratoire,Autre,Deux véhicules - côté,3,2,4,0,1,1,1,5,1,50,2,3,1,0,0,2,40.0,34.0,deux_roues,voiture,5,2,6,9,3
202400052916,2024-06-09 15:30:00,2024,6,9,15,30,93,93078,A104,48.96165006,2.5451386,Plein jour,Hors agglomération,Hors intersection,Normale,Deux véhicules - arrière,1,3,3,0,1,1,1,0,1,110,2,4,2,0,0,2,72.0,60.0,voiture,voiture,1,1,1,1,2
202400052917,2024-10-25 20:10:00,2024,10,25,20,10,62,62075,D240,50.707952,1.674546,Nuit sans éclairage public,En agglomération,Hors intersection,Pluie légère,Deux véhicules - frontale,3,2,2,0,2,1,2,0,1,50,2,2,0,0,2,0,24.0,60.0,voiture,voiture,3,2,1,2,1
202400052918,2024-02-12 20:33:00,2024,2,12,20,33,84,84007,SOUSPIROUS (Avenue des ) - MONTFAVET,43.93482,4.84781,Nuit avec éclairage allumé,En agglomération,Giratoire,Normale,Deux véhicules - arrière,4,2,2,2,1,1,1,5,1,50,2,2,1,0,0,1,21.0,28.0,deux_roues,utilitaire_camion,5,2,6,1,2
202400052918,2024-02-12 20:33:00,2024,2,12,20,33,84,84007,SOUSPIROUS (Avenue des ) - MONTFAVET,43.93482,4.84781,Nuit avec éclairage allumé,En agglomération,Giratoire,Normale,Deux véhicules - arrière,4,2,2,2,1,1,1,5,1,50,2,2,1,0,0,1,21.0,28.0,deux_roues,utilitaire_camion,5,2,6,1,2
202400052919,2024-07-11 15:45:00,2024,7,11,15,45,94,94015,Avenue du Général Leclerc,48.82934158,2.51774166,Plein jour,En agglomération,Intersection en T,Normale,Deux véhicules - frontale,3,2,2,0,2,1,1,5,1,50,2,2,1,0,0,1,58.0,39.0,voiture,deux_roues,1,2,3,1,1
202400052919,2024-07-11 15:45:00,2024,7,11,15,45,94,94015,Avenue du Général Leclerc,48.82934158,2.51774166,Plein jour,En agglomération,Intersection en T,Normale,Deux véhicules - frontale,3,2,2,0,2,1,1,5,1,50,2,2,1,0,0,1,58.0,39.0,voiture,deux_roues,1,2,3,1,1
202400052920,2024-08-14 14:35:00,2024,8,14,14,35,28,28033,57 Rue Marceau,48.511171,1.058048,Plein jour,En agglomération,Intersection en X,Normale,Deux véhicules - frontale,3,2,2,0,1,1,1,0,1,50,2,2,1,0,1,0,62.0,15.0,voiture,deux_roues,1,2,2,1,1
202400052920,2024-08-14 14:35:00,2024,8,14,14,35,28,28033,57 Rue Marceau,48.511171,1.058048,Plein jour,En agglomération,Intersection en X,Normale,Deux véhicules - frontale,3,2,2,0,1,1,1,0,1,50,2,2,1,0,1,0,62.0,15.0,voiture,deux_roues,1,2,2,1,1
202400052921,2024-01-02 14:30:00,2024,1,2,14,30,93,93027,A86,48.92801652,2.41754472,Plein jour,Hors agglomération,Hors intersection,Pluie légère,Autre collision,1,1,3,0,1,1,2,0,8,70,1,2,1,0,0,1,34.0,,voiture,,1,1,1,2,6
202400052922,2024-09-19 23:55:00,2024,9,19,23,55,75,75105,RUE SAINT JACQUES,48.851383,2.345888,Nuit avec éclairage allumé,En agglomération,Intersection en T,Normale,Deux véhicules - côté,4,2, -1,0,1,1,1,0,1,30,2,2,1,0,0,1,24.0,30.0,voiture,deux_roues,5,2,3,1,3
202400052922,2024-09-19 23:55:00,2024,9,19,23,55,75,75105,RUE SAINT JACQUES,48.851383,2.345888,Nuit avec éclairage allumé,En agglomération,Intersection en T,Normale,Deux véhicules - côté,4,1,2,0,1,1,1,0,1,30,2,2,1,0,0,1,24.0,30.0,voiture,deux_roues,5,2,3,1,3
202400052923,2024-03-23 17:15:00,2024,3,23,17,15,56,56098,Pendreff,47.77418,-3.36873,Plein jour,Hors agglomération,Hors intersection,Normale,Trois véhicules et plus - en chaîne,2,3,8,0,1,1,1,2,1,90,3,3,2,0,0,1,28.0,35.0,voiture,voiture,1,1,1,1,4
202400052924,2024-10-23 16:20:00,2024,10,23,16,20,56,56179,Voie Verte de Quéven à Pont-Scorff,47.829696,-3.406041,Plein jour,En agglomération,Hors intersection,Normale,Sans collision,9,2,2,3,1,1,1,-1,6,20,1,1,0,0,1,0,75.0,,deux_roues,,1,2,1,1,7
202400052925,2024-06-09 11:45:00,2024,6,9,11,45,93,93064,A86,48.872586,2.48047471,Plein jour,Hors agglomération,Hors intersection,Normale,Deux véhicules - arrière,1,3,3,0,1,1,1,0,1,90,2,2,1,0,0,1,22.0,61.0,deux_roues,voiture,1,1,1,1,2
202400052926,2024-11-30 23:20:00,2024,11,30,23,20,93,93046,ARISTIDE BRIAND AVENUE,48.91066048,2.51267767,Nuit avec éclairage allumé,En agglomération,Autre intersection,Normale,Deux véhicules - arrière,3,3,2,0,1,1,1,5,1,50,2,6,3,0,0,3,34.0,33.0,voiture,voiture,5,2,9,1,2
202400052927,2024-08-16 08:30:00,2024,8,16,8,30,28,28079,D30,48.147706,1.04486,Nuit sans éclairage public,Hors agglomération,Hors intersection,Normale,Autre collision,3,2,2,0,1,3,1,0,3,80,1,1,0,1,0,0,29.0,,voiture,,3,1,1,1,6
202400052928,2024-07-11 10:00:00,2024,7,11,10,0,93,93078,Avenue Vauban / A104,48.9648,2.5536,Plein jour,En agglomération,Giratoire,Normale,Autre collision,1,2,2,1,1,2,1,0,1,50,1,1,0,0,0,1,42.0,,voiture,,1,2,6,1,6
202400052928,2024-07-11 10:00:00,2024,7,11,10,0,93,93078,Avenue Vauban / A104,48.9648,2.5536,Plein jour,En agglomération,Giratoire,Normale,Autre collision,1,1,2,0,2,1,1,3,1,-1,1,1,0,0,0,1,42.0,,voiture,,1,2,6,1,6
202400052929,2024-02-13 22:05:00,2024,2,13,22,5,83,83137,BARON (RUE MARC),43.11510446,5.93598144,Nuit avec éclairage allumé,En agglomération,Autre intersection,Normale,Deux véhicules - frontale,4,2,2,0,1,1,1,0,1,20,2,3,2,0,0,1,28.0,25.0,voiture,deux_roues,5,2,9,1,1
202400052930,2024-03-23 10:22:00,2024,3,23,10,22,56,56185,Kerdual,47.77113,-3.3779,Plein jour,Hors agglomération,Hors intersection,Normale,Autre collision,2,1,2,0,2,3,1,3,3,70,1,1,0,0,0,1,21.0,,deux_roues,,1,1,1,1,6
202400052931,2024-06-08 21:20:00,2024,6,8,21,20,95,95572,N184,49.04851178,2.13475699,Plein jour,Hors agglomération,Hors intersection,Normale,Autre collision,2,3,2,0,1,2,1,0,3,90,1,2,1,0,0,1,,,voiture,,1,1,1,1,6
202400052932,2024-10-09 08:21:00,2024,10,9,8,21,56,56094,Lieu Dit Mane Trimen,47.796119,-3.227191,Nuit sans éclairage public,Hors agglomération,Hors intersection,Pluie forte,Deux véhicules - côté,3,2,2,0,2,1,2,0,1,80,2,2,1,0,1,0,89.0,17.0,voiture,deux_roues,3,1,1,3,3
202400052933,2024-05-03 16:09:00,2024,5,3,16,9,05,05070,D1075,44.321707,5.802702,Plein jour,Hors agglomération,Hors intersection,Normale,Deux véhicules - frontale,3,2,2,0,1,1,1,8,1,50,2,4,0,0,3,1,64.0,65.0,voiture,voiture,1,1,1,1,1
202400052934,2024-01-01 18:30:00,2024,1,1,18,30,93,93007,Avenue Danielle Casanova / Avenue Mathilde Emilie,48.92308,2.473532,Nuit avec éclairage allumé,En agglomération,Intersection en X,Normale,Deux véhicules - côté,4,2,2,0,1,1,1,0,1,50,2,2,1,0,0,1,19.0,42.0,deux_roues,voiture,5,2,2,1,3
202400052934,2024-01-01 18:30:00,2024,1,1,18,30,93,93007,Avenue Danielle Casanova / Avenue Mathilde Emilie,48.92308,2.473532,Nuit avec éclairage allumé,En agglomération,Intersection en X,Normale,Deux véhicules - côté,4,1,1,0,1,1,1,0,1,50,2,2,1,0,0,1,19.0,42.0,deux_roues,voiture,5,2,2,1,3
202400052935,2024-08-15 19:04:00,2024,8,15,19,4,37,37048,La Babiniere,46.84532893,0.80314323,Plein jour,Hors agglomération,Hors intersection,Normale,Sans collision,3,2,2,0,1,1,1,0,1,80,1,1,0,0,0,1,57.0,,deux_roues,,1,1,1,1,7
202400052936,2024-02-13 21:20:00,2024,2,13,21,20,83,83137,RAYNOUARD (BD),43.12499,5.94116,Nuit avec éclairage allumé,En agglomération,Hors intersection,Normale,Autre collision,4,1,1,0,1,1,1,8,1,50,1,1,0,0,1,0,31.0,,deux_roues,,5,2,1,1,6
202400052937,2024-07-10 16:55:00,2024,7,10,16,55,93,93070,ALBERT-DHALENNE (RUE),48.914074,2.332803,Plein jour,En agglomération,Hors intersection,Normale,Autre collision,3,1,1,3,1,1,1,0,1,50,1,2,0,0,0,2,24.0,,deux_roues,,1,2,1,1,6
202400052938,2024-12-01 00:50:00,2024,12,1,0,50,93,93063,METZ AVENUE DE,48.89642739,2.4308753,Nuit avec éclairage allumé,En agglomération,Hors intersection,Brouillard / fumée,Deux véhicules - côté,3,3,6,3,2,1,1,5,1,50,2,3,1,0,0,2,40.0,57.0,voiture,voiture,5,2,1,5,3
202400052939,2024-09-18 19:55:00,2024,9,18,19,55,75,75120,RUE EUGENE REISZ,48.856337,2.410251,Nuit avec éclairage allumé,En agglomération,Intersection en T,Normale,Deux véhicules - frontale,4,1, -1,-1,1,1,1,0,1,50,2,4,1,0,0,3,41.0,53.0,deux_roues,transport_commun,5,2,3,1,1
202400052939,2024-09-18 19:55:00,2024,9,18,19,55,75,75120,RUE EUGENE REISZ,48.856337,2.410251,Nuit avec éclairage allumé,En agglomération,Intersection en T,Normale,Deux véhicules - frontale,4,1,1,2,1,1,1,0,1,50,2,4,1,0,0,3,41.0,53.0,deux_roues,transport_commun,5,2,3,1,1
202400052940,2024-10-24 17:45:00,2024,10,24,17,45,76,76188,Route de la Sabliere,49.632934,1.222588,Plein jour,En agglomération,Autre intersection,Normale,Sans collision,3,2,2,0,1,1,1,0,8,50,1,1,0,0,1,0,22.0,,deux_roues,,1,2,9,1,7
202400052940,2024-10-24 17:45:00,2024,10,24,17,45,76,76188,Route de la Sabliere,49.632934,1.222588,Plein jour,En agglomération,Autre intersection,Normale,Sans collision,3,2, -1,-1,1,1,1,0,8,-1,1,1,0,0,1,0,22.0,,deux_roues,,1,2,9,1,7
202400052941,2024-05-02 20:05:00,2024,5,2,20,5,13,13089,D7n,43.830738,4.950736,Crépuscule ou aube,Hors agglomération,Hors intersection,Pluie légère,Autre collision,3,2,2,0,1,1,2,0,3,80,1,2,1,0,1,0,62.0,,voiture,,2,1,1,2,6
202400052942,2024-06-09 15:50:00,2024,6,9,15,50,94,94033,A86,48.85019301,2.49093752,Plein jour,Hors agglomération,Hors intersection,Normale,Deux véhicules - côté,1,1,3,0,1,1,1,0,1,90,2,2,1,0,0,1,32.0,38.0,voiture,deux_roues,1,1,1,1,3
202400052943,2024-12-01 17:10:00,2024,12,1,17,10,93,93008,BONS ENFANTS (RUE DES),48.90643,2.43809,Nuit avec éclairage allumé,En agglomération,Hors intersection,Normale,Autre collision,4,2,2,0,1,1,1,0,1,30,1,2,1,0,0,1,22.0,,utilitaire_camion,,5,2,1,1,6
202400052944,2024-03-22 16:40:00,2024,3,22,16,40,56,56098,Lann Sévelin,47.78206,-3.3443,Plein jour,En agglomération,Giratoire,Normale,Trois véhicules et plus - en chaîne,2,1,1,0,1,1,1,3,1,50,3,3,2,0,0,1,43.0,61.0,voiture,voiture,1,2,6,1,4
202400052945,2024-02-12 11:10:00,2024,2,12,11,10,83,83137,15EME CORPS (AVE DU),43.1279692,5.91742308,Plein jour,En agglomération,Intersection en T,Normale,Autre collision,4,2,2,0,1,1,1,0,1,50,1,2,1,0,1,0,82.0,,voiture,,1,2,3,1,6
202400052945,2024-02-12 11:10:00,2024,2,12,11,10,83,83137,15EME CORPS (AVE DU),43.1279692,5.91742308,Plein jour,En agglomération,Intersection en T,Normale,Autre collision,4,1, -1,-1,1,1,1,0,1,-1,1,2,1,0,1,0,82.0,,voiture,,1,2,3,1,6
202400052946,2024-01-02 10:00:00,2024,1,2,10,0,92,92050,BOUVETS BOULEVARD DES,48.89687792,2.22402468,Plein jour,En agglomération,Intersection en X,Pluie forte,Deux véhicules - côté,3,1,2,0,1,1,2,0,1,50,2,2,1,0,1,0,31.0,30.0,deux_roues,voiture,1,2,2,3,3
202400052946,2024-01-02 10:00:00,2024,1,2,10,0,92,92050,BOUVETS BOULEVARD DES,48.89687792,2.22402468,Plein jour,En agglomération,Intersection en X,Pluie forte,Deux véhicules - côté,3,2,2,0,1,1,2,0,1,50,2,2,1,0,1,0,31.0,30.0,deux_roues,voiture,1,2,2,3,3
202400052947,2024-08-15 16:30:00,2024,8,15,16,30,08,08185,,49.985605,4.691646,Plein jour,En agglomération,Hors intersection,Temps couvert,Autre collision,3,3,2,0,1,1,1,0,1,50,1,2,1,0,0,1,61.0,,voiture,,1,2,1,8,6
202400052948,2024-07-11 14:57:00,2024,7,11,14,57,93,93055,JEAN LOLIVE (AVENUE)(137/FIN ET 134/FIN),48.89266,2.41036,Plein jour,En agglomération,Hors intersection,Normale,Autre collision,3,2,4,3,1,1,1,0,1,50,1,2,0,0,1,1,36.0,,deux_roues,,1,2,1,1,6
202400052949,2024-10-25 19:40:00,2024,10,25,19,40,2B,2B148,D107a,42.541967,9.480407,Nuit avec éclairage allumé,Hors agglomération,Autre intersection,Normale,Deux véhicules - frontale,3,2,2,0,1,1,2,0,1,80,2,2,0,0,1,1,41.0,44.0,utilitaire_camion,utilitaire_camion,5,1,9,1,1
202400052950,2024-09-20 18:00:00,2024,9,20,18,0,75,75116,AVENUE DE NEUILLY,48.87856158,2.28026265,Plein jour,En agglomération,Intersection en T,Pluie légère,Deux véhicules - côté,4,1,4,0,1,1,2,0,1,30,2,2,1,0,0,1,57.0,61.0,utilitaire_camion,deux_roues,1,2,3,2,3
202400052950,2024-09-20 18:00:00,2024,9,20,18,0,75,75116,AVENUE DE NEUILLY,48.87856158,2.28026265,Plein jour,En agglomération,Intersection en T,Pluie légère,Deux véhicules - côté,4,1, -1,-1,1,1,2,0,1,30,2,2,1,0,0,1,57.0,61.0,utilitaire_camion,deux_roues,1,2,3,2,3
202400052951,2024-06-09 07:00:00,2024,6,9,7,0,94,94052,A86,48.83269694,2.49229299,Plein jour,Hors agglomération,Hors intersection,Pluie légère,Autre collision,1,1,3,0,1,3,3,1,1,90,1,3,1,0,0,2,22.0,,voiture,,1,1,1,2,6
202400052952,2024-05-03 18:30:00,2024,5,3,18,30,21,21295,12 Rue Vignes Romaines,47.231565,4.998217,Plein jour,En agglomération,Giratoire,Normale,Autre collision,4,3,1,0,1,2,1,5,1,50,2,2,1,0,1,0,36.0,13.0,voiture,deux_roues,1,2,6,1,6
202400052953,2024-02-02 08:50:00,2024,2,2,8,50,83,83050,PREMIERE ARMEE(AVENUE DE LA),43.53203653,6.47247,Plein jour,En agglomération,Hors intersection,Temps éblouissant,Autre collision,4,2,2,0,1,1,1,0,1,50,1,2,1,0,1,0,22.0,,utilitaire_camion,,1,2,1,7,6
202400052954,2024-11-30 22:00:00,2024,11,30,22,0,93,93007,GAMBETTA (AVENUE),48.93588,2.47842,Nuit avec éclairage allumé,En agglomération,Hors intersection,Normale,Deux véhicules - côté,4,2,2,0,1,1,1,9,1,50,2,2,0,0,1,1,18.0,25.0,deux_roues,voiture,5,2,1,1,3
202400052955,2024-03-26 10:10:00,2024,3,26,10,10,54,54528,Rue de la République,48.6735,5.8906,Plein jour,En agglomération,Giratoire,Temps couvert,Autre collision,4,2, -1,0,1,1,1,0,1,50,1,2,1,0,0,1,,,voiture,,1,2,6,8,6
202400052955,2024-03-26 10:10:00,2024,3,26,10,10,54,54528,Rue de la République,48.6735,5.8906,Plein jour,En agglomération,Giratoire,Temps couvert,Autre collision,4,2,2,0,1,2,1,0,1,50,1,2,1,0,0,1,,,voiture,,1,2,6,8,6
202400052956,2024-10-25 22:45:00,2024,10,25,22,45,81,81145,7 Rue des Rives,43.848452,1.80481,Nuit avec éclairage allumé,En agglomération,Hors intersection,Pluie forte,Autre collision,4,2,2,0,1,3,2,0,1,50,1,1,0,0,1,0,25.0,,deux_roues,,5,2,1,3,6
202400052957,2024-07-10 22:45:00,2024,7,10,22,45,93,93031,Place Charles Munch,48.95375326,2.32857177,Crépuscule ou aube,En agglomération,Hors intersection,Pluie légère,Autre collision,4,2,2,0,2,2,2,0,1,50,1,2,1,0,0,1,21.0,,voiture,,2,2,1,2,6
202400052958,2024-01-02 20:10:00,2024,1,2,20,10,92,92049,PERI RUE GABRIEL N°37 A 99,48.81945114,2.31417686,Nuit avec éclairage allumé,En agglomération,Hors intersection,Pluie légère,Deux véhicules - côté,3,2,3,0,1,1,2,0,1,50,2,3,1,0,0,2,45.0,16.0,voiture,deux_roues,5,2,1,2,3
202400052959,2024-06-08 19:44:00,2024,6,8,19,44,77,77121,A104,48.83382,2.6652,Plein jour,Hors agglomération,Hors intersection,Normale,Autre collision,1,1,3,0,1,1,1,3,3,70,1,1,0,1,0,0,28.0,,deux_roues,,1,1,1,1,6
202400052960,2024-12-01 00:30:00,2024,12,1,0,30,92,92075,LARMEROUX (RUE),48.81502447,2.27830499,Nuit avec éclairage allumé,En agglomération,Hors intersection,Normale,Autre collision,3,1,3,0,1,1,1,0,4,50,1,1,0,0,0,1,69.0,,voiture,,5,2,1,1,6
202400052961,2024-02-13 11:15:00,2024,2,13,11,15,81,81004,FINLANDE (DE),43.92597673,2.13089232,Plein jour,En agglomération,Hors intersection,Normale,Autre collision,4,2,2,0,1,2,1,0,1,50,1,2,1,0,1,0,95.0,,voiture,,1,2,1,1,6
202400052962,2024-04-11 08:00:00,2024,4,11,8,0,38,38425,Montée de Louze,45.393059,4.805832,Plein jour,Hors agglomération,Autre intersection,Normale,Deux véhicules - côté,2,2,1,0,1,1,1,0,1,80,2,2,1,0,1,0,47.0,33.0,deux_roues,voiture,1,1,9,1,3
202400052963,2024-09-20 01:49:00,2024,9,20,1,49,75,75116,RUE DU RANELAGH,48.85420087,2.27551067,Nuit avec éclairage allumé,En agglomération,Intersection en X,Normale,Deux véhicules - côté,4,2,2,0,2,1,1,0,1,30,2,2,1,0,0,1,48.0,21.0,voiture,deux_roues,5,2,2,1,3
202400052963,2024-09-20 01:49:00,2024,9,20,1,49,75,75116,RUE DU RANELAGH,48.85420087,2.27551067,Nuit avec éclairage allumé,En agglomération,Intersection en X,Normale,Deux véhicules - côté,4,1,1,0,2,1,1,0,1,30,2,2,1,0,0,1,48.0,21.0,voiture,deux_roues,5,2,2,1,3
202400052964,2024-08-15 22:30:00,2024,8,15,22,30,60,60010,A 16,49.20816257,2.16171455,Nuit sans éclairage public,Hors agglomération,Hors intersection,Normale,Deux véhicules - arrière,1,3,4,0,1,1,1,0,1,130,2,9,0,0,1,8,44.0,47.0,voiture,voiture,3,1,1,1,2
202400052965,2024-01-03 04:09:00,2024,1,3,4,9,01,01443,D1083,45.97048246,5.00843793,Nuit sans éclairage public,Hors agglomération,Hors intersection,Normale,Deux véhicules - frontale,3,2,3,0,4,1,1,0,1,80,2,2,0,0,0,2,43.0,32.0,voiture,voiture,3,1,1,1,1
202400052966,2024-03-26 21:26:00,2024,3,26,21,26,49,49007,CARNOT,47.47537266,-0.54859221,Nuit avec éclairage allumé,En agglomération,Hors intersection,Normale,Deux véhicules - côté,4,3,4,0,1,1,1,0,1,50,2,2,0,0,0,2,29.0,24.0,voiture,voiture,5,2,1,1,3
202400052967,2024-10-26 10:20:00,2024,10,26,10,20,89,89325,D965,47.659888,3.103905,Plein jour,Hors agglomération,Intersection en T,Normale,Deux véhicules - côté,3,-1,1,0,1,1,1,0,1,50,2,2,1,1,0,0,56.0,66.0,utilitaire_camion,voiture,1,1,3,1,3
202400052967,2024-10-26 10:20:00,2024,10,26,10,20,89,89325,D965,47.659888,3.103905,Plein jour,Hors agglomération,Intersection en T,Normale,Deux véhicules - côté,3,2,2,0,1,1,1,0,1,90,2,2,1,1,0,0,56.0,66.0,utilitaire_camion,voiture,1,1,3,1,3
202400052968,2024-05-04 10:00:00,2024,5,4,10,0,01,01424,D82,45.885851,4.96873856,Plein jour,Hors agglomération,Hors intersection,Pluie légère,Autre collision,3,2,2,0,1,2,2,0,3,80,1,1,0,0,1,0,18.0,,voiture,,1,1,1,2,6
202400052969,2024-07-10 00:16:00,2024,7,10,0,16,93,93014,Allée de Bellevue / Rue des Prés,48.91670173,2.54638106,Nuit avec éclairage allumé,En agglomération,Intersection en T,Normale,Deux véhicules - côté,4,2,2,0,1,1,1,0,1,50,2,2,1,0,0,1,32.0,55.0,voiture,voiture,5,2,3,1,3
202400052969,2024-07-10 00:16:00,2024,7,10,0,16,93,93014,Allée de Bellevue / Rue des Prés,48.91670173,2.54638106,Nuit avec éclairage allumé,En agglomération,Intersection en T,Normale,Deux véhicules - côté,4,2,2,0,2,1,1,0,1,50,2,2,1,0,0,1,32.0,55.0,voiture,voiture,5,2,3,1,3
202400052970,2024-02-13 12:30:00,2024,2,13,12,30,81,81004,JULIA (CAPITAINE),43.93732,2.13843,Plein jour,En agglomération,Autre intersection,Normale,Deux véhicules - côté,4,2,0,0,1,1,1,0,1,50,2,2,1,0,1,0,40.0,62.0,deux_roues,voiture,1,2,9,1,3
202400052971,2024-06-08 19:08:00,2024,6,8,19,8,94,94028,A86,48.79779151,2.44419658,Plein jour,Hors agglomération,Hors intersection,Normale,Trois véhicules et plus - collisions multiples,1,-1,4,0,1,1,1,0,1,90,4,4,3,0,0,1,69.0,36.0,utilitaire_camion,utilitaire_camion,1,1,1,1,5
202400052972,2024-11-30 05:08:00,2024,11,30,5,8,92,92040,DIDEROT,48.82398809,2.27284167,Nuit avec éclairage allumé,En agglomération,Intersection en X,Normale,Deux véhicules - côté,3,1,2,0,2,1,1,0,1,30,2,2,1,0,0,1,39.0,24.0,voiture,deux_roues,5,2,2,1,3
202400052972,2024-11-30 05:08:00,2024,11,30,5,8,92,92040,DIDEROT,48.82398809,2.27284167,Nuit avec éclairage allumé,En agglomération,Intersection en X,Normale,Deux véhicules - côté,3,1,2,0,1,1,1,0,1,30,2,2,1,0,0,1,39.0,24.0,voiture,deux_roues,5,2,2,1,3
202400052973,2024-08-16 16:45:00,2024,8,16,16,45,13,13038,Avenue des Moulins,43.724647,4.709012,Plein jour,En agglomération,Intersection en T,Normale,Deux véhicules - frontale,3,2,2,0,4,1,1,0,1,30,2,2,1,0,0,1,21.0,46.0,voiture,deux_roues,1,2,3,1,1
202400052973,2024-08-16 16:45:00,2024,8,16,16,45,13,13038,Avenue des Moulins,43.724647,4.709012,Plein jour,En agglomération,Intersection en T,Normale,Deux véhicules - frontale,3,2, -1,-1,4,1,1,0,1,-1,2,2,1,0,0,1,21.0,46.0,voiture,deux_roues,1,2,3,1,1
202400052974,2024-09-19 22:10:00,2024,9,19,22,10,75,75108,RUE BEAUJON,48.875015,2.300212,Nuit avec éclairage allumé,En agglomération,Intersection en T,Normale,Deux véhicules - frontale,4,1,1,0,1,1,1,0,1,30,2,2,1,0,0,1,28.0,19.0,deux_roues,voiture,5,2,3,1,1
202400052974,2024-09-19 22:10:00,2024,9,19,22,10,75,75108,RUE BEAUJON,48.875015,2.300212,Nuit avec éclairage allumé,En agglomération,Intersection en T,Normale,Deux véhicules - frontale,4,2,2,0,2,1,1,0,1,30,2,2,1,0,0,1,28.0,19.0,deux_roues,voiture,5,2,3,1,1
202400052975,2024-01-02 16:25:00,2024,1,2,16,25,05,05085,N94,44.92858206,6.71337605,Plein jour,En agglomération,Hors intersection,Pluie légère,Autre collision,2,2,2,0,2,1,2,0,3,50,1,4,2,0,2,0,42.0,,voiture,,1,2,1,2,6
202400052976,2024-04-30 14:15:00,2024,4,30,14,15,29,29103,route du Quinquis-Lec'h,48.464022,-4.263852,Plein jour,Hors agglomération,Hors intersection,Normale,Autre collision,6,-1, -1,0,1,1,1,0,1,30,1,2,1,0,1,0,64.0,,voiture,,1,1,1,1,6
202400052977,2024-07-11 07:20:00,2024,7,11,7,20,92,92073,ROOSVELT (AVENUE FRANKLIN),48.87431222,2.22077546,Plein jour,En agglomération,Hors intersection,Normale,Sans collision,3,2,2,0,3,1,1,0,1,50,1,1,0,0,0,1,62.0,,deux_roues,,1,2,1,1,7
202400052978,2024-03-26 19:05:00,2024,3,26,19,5,49,49007,Boulevard Charles Barangé,47.459,-0.57298,Plein jour,En agglomération,Hors intersection,Normale,Trois véhicules et plus - en chaîne,4,3,4,0,1,1,1,0,1,90,3,3,1,0,0,2,68.0,24.0,voiture,voiture,1,2,1,1,4
202400052979,2024-10-24 07:55:00,2024,10,24,7,55,61,61043,D955,48.345283,0.746024,Crépuscule ou aube,En agglomération,Intersection en X,Normale,Trois véhicules et plus - collisions multiples,3,2,2,0,2,1,1,8,1,50,3,3,1,0,0,2,32.0,28.0,voiture,utilitaire_camion,2,2,2,1,5
202400052979,2024-10-24 07:55:00,2024,10,24,7,55,61,61043,D955,48.345283,0.746024,Crépuscule ou aube,En agglomération,Intersection en X,Normale,Trois véhicules et plus - collisions multiples,3,2,2,0,1,1,1,8,1,50,3,3,1,0,0,2,32.0,28.0,voiture,utilitaire_camion,2,2,2,1,5
202400052980,2024-05-31 08:40:00,2024,5,31,8,40,44,44109,7 Boulevard Badin Chevaye,47.20570189,-1.55038706,Plein jour,En agglomération,Hors intersection,Normale,Autre collision,4,2,2,1,1,1,1,-1,1,50,1,2,1,0,0,1,37.0,,voiture,,1,2,1,1,6
202400052981,2024-12-01 12:30:00,2024,12,1,12,30,92,92024,CLAUDE DEBUSSY (AVENUE),48.9092,2.30746,Plein jour,En agglomération,Hors intersection,Normale,Autre collision,4,2,2,0,1,1,1,0,1,30,1,2,1,0,0,1,46.0,,utilitaire_camion,,1,2,1,1,6
202400052982,2024-08-16 16:30:00,2024,8,16,16,30,30,30169,"A9, aire de milhaud",43.78696607,4.29790461,Plein jour,Hors agglomération,Hors intersection,Normale,Autre collision,1,-1, -1,0,1,1,1,9,8,50,1,2,1,0,1,0,39.0,,voiture,,1,1,1,1,6
202400052983,2024-02-13 20:52:00,2024,2,13,20,52,78,78440,SEINE (RUE DE),48.99724,1.91093,Nuit avec éclairage allumé,En agglomération,Intersection en T,Pluie légère,Deux véhicules - côté,3,3,2,0,1,1,2,0,1,50,2,2,1,0,0,1,,21.0,voiture,voiture,5,2,3,2,3
202400052983,2024-02-13 20:52:00,2024,2,13,20,52,78,78440,SEINE (RUE DE),48.99724,1.91093,Nuit avec éclairage allumé,En agglomération,Intersection en T,Pluie légère,Deux véhicules - côté,3,3,2,0,1,1,2,0,1,50,2,2,1,0,0,1,,21.0,voiture,voiture,5,2,3,2,3
202400052984,2024-01-01 18:00:00,2024,1,1,18,0,974,97405,Chemin Laguerre,-21.355787,55.5602,Plein jour,En agglomération,Hors intersection,Normale,Sans collision,4,2,2,0,3,2,1,0,3,50,1,3,0,0,1,2,29.0,,voiture,,1,2,1,1,7