accident_id,datetime,annee,mois,jour,heure,minute,departement,commune_insee,adresse,latitude,longitude,luminosite,agglomeration,intersection,meteo,collision,catr,circ,nbv,vosp,prof,plan,surf,infra,situ,vma,nb_vehicules,nb_usagers,nb_indemnes,nb_tues,nb_blesses_hosp,nb_blesses_legers,age_cond_1,age_cond_2,veh_type_cond_1,veh_type_cond_2,lum_code,agg_code,int_code,atm_code,col_code
202400053052,2024-03-25 10:30:00,2024,3,25,10,30,33,33119,,44.85463,-0.51802,Plein jour,En agglomération,Hors intersection,Normale,Autre collision,6,-1, -1,0,1,1,1,9,8,30,1,2,1,0,0,1,29.0,,voiture,,1,2,1,1,6
202400053053,2024-05-02 16:49:00,2024,5,2,16,49,59,59123,AUTOROUTE A1,50.50175,3.01091,Plein jour,Hors agglomération,Hors intersection,Normale,Autre collision,1,3,6,0,1,1,1,0,1,130,2,2,1,0,1,0,34.0,31.0,voiture,voiture,1,1,1,1,6
202400053054,2024-06-07 14:40:00,2024,6,7,14,40,974,97416,DELISLES (ROUTE HUBERT) CD3,-21.31676,55.54626,Plein jour,Hors agglomération,Hors intersection,Normale,Autre collision,3,2,2,0,2,4,1,0,1,50,1,1,0,0,0,1,18.0,,voiture,,1,1,1,1,6
202400053055,2024-07-11 11:15:00,2024,7,11,11,15,42,42166,Route Bleue,46.003278,4.100127,Plein jour,Hors agglomération,Autre intersection,Normale,Deux véhicules - arrière,3,1,1,0,1,1,1,0,1,80,2,2,1,0,1,0,66.0,84.0,deux_roues,voiture,1,1,9,1,2
202400053056,2024-12-02 10:00:00,2024,12,2,10,0,84,84039,Chemin des Cantons,44.099184,4.898663,Plein jour,Hors agglomération,Intersection en X,Normale,Deux véhicules - côté,3,2,2,0,1,1,1,0,5,80,2,2,1,1,0,0,34.0,50.0,voiture,deux_roues,1,1,2,1,3
202400053056,2024-12-02 10:00:00,2024,12,2,10,0,84,84039,Chemin des Cantons,44.099184,4.898663,Plein jour,Hors agglomération,Intersection en X,Normale,Deux véhicules - côté,3,2,2,-1,1,1,1,0,1,-1,2,2,1,1,0,0,34.0,50.0,voiture,deux_roues,1,1,2,1,3
202400053057,2024-08-16 13:20:00,2024,8,16,13,20,2B,2B010,route territoriale 30,42.607993,8.857223,Plein jour,Hors agglomération,Hors intersection,Normale,Deux véhicules - frontale,2,2,2,0,2,2,1,0,1,80,2,2,0,0,1,1,77.0,57.0,voiture,voiture,1,1,1,1,1
202400053058,2024-09-20 18:15:00,2024,9,20,18,15,75,75111,PLACE LEON BLUM,48.857936,2.38033122,Plein jour,En agglomération,Place,Pluie légère,Deux véhicules - arrière,4,2, -1,-1,1,1,2,0,1,30,2,2,1,0,0,1,48.0,22.0,deux_roues,utilitaire_camion,1,2,7,2,2
202400053058,2024-09-20 18:15:00,2024,9,20,18,15,75,75111,PLACE LEON BLUM,48.857936,2.38033122,Plein jour,En agglomération,Place,Pluie légère,Deux véhicules - arrière,4,1,3,0,1,2,2,5,1,30,2,2,1,0,0,1,48.0,22.0,deux_roues,utilitaire_camion,1,2,7,2,2
202400053059,2024-01-03 17:40:00,2024,1,3,17,40,26,26165,Route du val de drome,44.76626,4.851547,Nuit sans éclairage public,Hors agglomération,Hors intersection,Normale,Trois véhicules et plus - en chaîne,3,2,2,0,1,1,1,0,1,80,3,4,0,0,1,3,22.0,58.0,voiture,voiture,3,1,1,1,4
202400053060,2024-02-09 10:50:00,2024,2,9,10,50,72,72181,ROUMANIE (RUE DE),47.99706926,0.23555696,Plein jour,En agglomération,Autre intersection,Pluie légère,Deux véhicules - côté,4,2,2,0,2,1,2,0,1,-1,2,2,1,0,0,1,73.0,72.0,voiture,voiture,1,2,9,2,3
202400053060,2024-02-09 10:50:00,2024,2,9,10,50,72,72181,ROUMANIE (RUE DE),47.99706926,0.23555696,Plein jour,En agglomération,Autre intersection,Pluie légère,Deux véhicules - côté,4,2,2,0,2,3,2,2,1,30,2,2,1,0,0,1,73.0,72.0,voiture,voiture,1,2,9,2,3
202400053061,2024-10-26 16:00:00,2024,10,26,16,0,91,91045,D191,48.516652,2.381979,Plein jour,Hors agglomération,Intersection en X,Normale,Deux véhicules - côté,3,2,2,0,1,3,1,5,1,80,2,3,2,0,1,0,25.0,37.0,deux_roues,voiture,1,1,2,1,3
202400053061,2024-10-26 16:00:00,2024,10,26,16,0,91,91045,D191,48.516652,2.381979,Plein jour,Hors agglomération,Intersection en X,Normale,Deux véhicules - côté,3,-1, -1,-1,1,-1,1,0,1,-1,2,3,2,0,1,0,25.0,37.0,deux_roues,voiture,1,1,2,1,3
202400053062,2024-03-26 09:15:00,2024,3,26,9,15,31,31149,ARMURIE (CHEMIN DE L'),43.5921,1.36068,Plein jour,En agglomération,Giratoire,Pluie légère,Deux véhicules - côté,4,2,2,2,1,1,2,0,1,50,2,2,1,0,1,0,31.0,24.0,voiture,deux_roues,1,2,6,2,3
202400053062,2024-03-26 09:15:00,2024,3,26,9,15,31,31149,ARMURIE (CHEMIN DE L'),43.5921,1.36068,Plein jour,En agglomération,Giratoire,Pluie légère,Deux véhicules - côté,4,2,2,0,1,1,2,0,1,50,2,2,1,0,1,0,31.0,24.0,voiture,deux_roues,1,2,6,2,3
202400053063,2024-05-03 15:49:00,2024,5,3,15,49,91,91689,AUTOROUTE A6A,48.731,2.31483,Plein jour,Hors agglomération,Hors intersection,Normale,Deux véhicules - arrière,1,3,3,0,1,1,1,0,1,110,2,2,1,0,0,1,33.0,22.0,voiture,deux_roues,1,1,1,1,2
202400053064,2024-07-11 18:30:00,2024,7,11,18,30,81,81133,D71,43.859272,2.160423,Plein jour,Hors agglomération,Hors intersection,Normale,Sans collision,3,2,2,0,2,4,1,0,3,90,1,1,0,1,0,0,42.0,,voiture,,1,1,1,1,7
202400053065,2024-12-01 20:45:00,2024,12,1,20,45,76,76271,Route du Bolhard,49.569185,1.161488,Nuit sans éclairage public,Hors agglomération,Hors intersection,Autre,Autre collision,3,2,2,0,2,2,2,0,8,80,1,2,1,0,1,0,19.0,,voiture,,3,1,1,9,6
202400053066,2024-06-08 18:11:00,2024,6,8,18,11,974,97409,LAGOURGUE(CHEMIN),-20.94066,55.67054,Nuit sans éclairage public,En agglomération,Hors intersection,Normale,Autre collision,4,2,2,0,1,1,1,0,1,50,1,3,1,0,2,0,38.0,,voiture,,3,2,1,1,6
202400053067,2024-02-13 18:53:00,2024,2,13,18,53,71,71270,Rue de la République,46.2976,4.82844,Nuit avec éclairage allumé,En agglomération,Hors intersection,Normale,Autre collision,4,2,2,0,1,1,1,0,1,50,1,1,0,0,0,1,69.0,,voiture,,5,2,1,1,6
202400053068,2024-08-15 16:30:00,2024,8,15,16,30,66,66175,RD 618,42.544726,2.906506,Plein jour,Hors agglomération,Hors intersection,Normale,Deux véhicules - frontale,3,2,2,0,1,1,1,0,1,80,2,3,1,0,0,2,52.0,71.0,voiture,voiture,1,1,1,1,1
202400053069,2024-01-03 09:00:00,2024,1,3,9,0,26,26124,Route Nationale 7,44.844041,4.864237,Plein jour,Hors agglomération,Hors intersection,Normale,Deux véhicules - frontale,2,2,2,0,1,1,1,2,1,50,2,2,0,0,1,1,68.0,67.0,voiture,voiture,1,1,1,1,1
202400053070,2024-10-26 12:35:00,2024,10,26,12,35,06,06150,A8 - PK 211.300 - CHAUSSÉE SUD,43.75177331,7.41345787,Plein jour,Hors agglomération,Hors intersection,Pluie forte,Autre collision,1,3,2,0,2,1,3,0,1,110,1,2,0,0,0,2,37.0,,voiture,,1,1,1,3,6
202400053071,2024-03-26 08:45:00,2024,3,26,8,45,28,28085,TROIS PONTS  (RUE DES),48.43215,1.49273,Plein jour,En agglomération,Autre intersection,Pluie légère,Deux véhicules - côté,6,-1, -1,0,1,1,2,9,8,20,2,2,1,0,0,1,35.0,70.0,deux_roues,voiture,1,2,9,2,3
202400053072,2024-09-20 11:45:00,2024,9,20,11,45,75,75110,RUE DU FAUBOURG SAINT MARTIN,48.87891138,2.36241138,Plein jour,En agglomération,Intersection en Y,Normale,Deux véhicules - côté,4,2,4,2,2,1,1,5,1,30,2,2,1,0,0,1,25.0,34.0,deux_roues,utilitaire_camion,1,2,4,1,3
202400053072,2024-09-20 11:45:00,2024,9,20,11,45,75,75110,RUE DU FAUBOURG SAINT MARTIN,48.87891138,2.36241138,Plein jour,En agglomération,Intersection en Y,Normale,Deux véhicules - côté,4,3,2,1,1,1,1,5,1,30,2,2,1,0,0,1,25.0,34.0,deux_roues,utilitaire_camion,1,2,4,1,3
202400053073,2024-05-03 08:55:00,2024,5,3,8,55,91,91161,AUTOROUTE A6,48.69634,2.317,Plein jour,Hors agglomération,Hors intersection,Normale,Deux véhicules - côté,1,2,3,0,1,1,1,0,1,110,2,2,1,0,0,1,33.0,25.0,deux_roues,voiture,1,1,1,1,3
202400053074,2024-12-02 11:15:00,2024,12,2,11,15,79,79034,,46.301357,-0.495703,Plein jour,En agglomération,Hors intersection,Normale,Deux véhicules - frontale,4,2,2,0,1,1,1,0,1,30,2,2,1,0,1,0,24.0,62.0,voiture,deux_roues,1,2,1,1,1
202400053075,2024-08-16 16:15:00,2024,8,16,16,15,30,30270,Route d'Auzas,44.121206,4.050468,Plein jour,En agglomération,Hors intersection,Normale,Deux véhicules - frontale,3,2,2,0,3,2,1,0,1,50,2,2,1,0,1,0,8.0,39.0,deux_roues,voiture,1,2,1,1,1
202400053076,2024-06-07 22:45:00,2024,6,7,22,45,973,97302,ARAGO (FRANCOIS),4.93586999,-52.33103031,Nuit avec éclairage allumé,En agglomération,Intersection en T,Normale,Deux véhicules - côté,4,-1,2,0,1,1,1,0,1,50,2,3,2,0,0,1,35.0,32.0,voiture,voiture,5,2,3,1,3
202400053076,2024-06-07 22:45:00,2024,6,7,22,45,973,97302,ARAGO (FRANCOIS),4.93586999,-52.33103031,Nuit avec éclairage allumé,En agglomération,Intersection en T,Normale,Deux véhicules - côté,4,1,1,0,1,1,1,0,1,50,2,3,2,0,0,1,35.0,32.0,voiture,voiture,5,2,3,1,3
202400053077,2024-03-26 16:50:00,2024,3,26,16,50,25,25580,GRAVIERS (RUE DES),47.47283,6.83646,Plein jour,En agglomération,Intersection en Y,Normale,Deux véhicules - côté,3,2,2,1,1,3,1,5,5,50,2,2,1,0,0,1,69.0,79.0,voiture,deux_roues,1,2,4,1,3
202400053077,2024-03-26 16:50:00,2024,3,26,16,50,25,25580,GRAVIERS (RUE DES),47.47283,6.83646,Plein jour,En agglomération,Intersection en Y,Normale,Deux véhicules - côté,3,2,2,2,1,2,1,5,5,50,2,2,1,0,0,1,69.0,79.0,voiture,deux_roues,1,2,4,1,3
202400053078,2024-09-19 23:20:00,2024,9,19,23,20,75,75108,PONT DE L ALMA,48.863575,2.301636,Nuit avec éclairage allumé,En agglomération,Hors intersection,Normale,Deux véhicules - arrière,4,1,4,0,1,1,1,2,1,30,2,2,1,0,0,1,24.0,25.0,voiture,deux_roues,5,2,1,1,2
202400053079,2024-07-11 18:45:00,2024,7,11,18,45,51,51476,RD 977,49.026829,4.414249,Plein jour,En agglomération,Intersection en X,Normale,Trois véhicules et plus - collisions multiples,3,2,1,0,1,1,1,5,1,80,3,5,3,0,1,1,24.0,38.0,voiture,utilitaire_camion,1,2,2,1,5
202400053079,2024-07-11 18:45:00,2024,7,11,18,45,51,51476,RD 977,49.026829,4.414249,Plein jour,En agglomération,Intersection en X,Normale,Trois véhicules et plus - collisions multiples,3,2,1,0,1,2,1,0,1,90,3,5,3,0,1,1,24.0,38.0,voiture,utilitaire_camion,1,2,2,1,5
202400053080,2024-02-13 20:06:00,2024,2,13,20,6,69,69256,Avenue Charles de Gaulle,45.78193129,4.93605038,Nuit avec éclairage allumé,En agglomération,Intersection en X,Normale,Deux véhicules - côté,4,2,2,2,1,1,1,0,1,50,2,2,1,0,0,1,,36.0,voiture,voiture,5,2,2,1,3
202400053080,2024-02-13 20:06:00,2024,2,13,20,6,69,69256,Avenue Charles de Gaulle,45.78193129,4.93605038,Nuit avec éclairage allumé,En agglomération,Intersection en X,Normale,Deux véhicules - côté,4,2,2,0,1,1,1,0,1,50,2,2,1,0,0,1,,36.0,voiture,voiture,5,2,2,1,3
202400053081,2024-01-02 12:35:00,2024,1,2,12,35,07,07198,D86,44.777905,4.762208,Plein jour,Hors agglomération,Hors intersection,Pluie légère,Trois véhicules et plus - collisions multiples,3,2,2,0,1,2,2,0,1,90,3,4,2,0,1,1,27.0,35.0,voiture,voiture,1,1,1,2,5
202400053082,2024-12-01 11:25:00,2024,12,1,11,25,65,65291,D13,43.066717,-0.037465,Plein jour,En agglomération,Intersection en T,Normale,Deux véhicules - frontale,3,2,2,0,1,2,1,0,1,50,2,2,1,0,0,1,53.0,70.0,voiture,deux_roues,1,2,3,1,1
202400053082,2024-12-01 11:25:00,2024,12,1,11,25,65,65291,D13,43.066717,-0.037465,Plein jour,En agglomération,Intersection en T,Normale,Deux véhicules - frontale,3,2,2,-1,1,1,1,0,1,50,2,2,1,0,0,1,53.0,70.0,voiture,deux_roues,1,2,3,1,1
202400053083,2024-10-26 00:20:00,2024,10,26,0,20,84,84039,PK 178 - AUTOROUTE A7 SENS 1,44.088263,4.877329,Nuit sans éclairage public,Hors agglomération,Hors intersection,Normale,Trois véhicules et plus - en chaîne,1,3,4,0,1,1,1,0,1,130,4,6,3,0,2,1,31.0,27.0,voiture,voiture,3,1,1,1,4
202400053084,2024-05-03 09:30:00,2024,5,3,9,30,78,78640,N118,48.77971,2.22264,Plein jour,Hors agglomération,Hors intersection,Normale,Deux véhicules - côté,2,1,2,0,1,1,1,0,1,90,2,5,4,0,0,1,26.0,36.0,voiture,deux_roues,1,1,1,1,3
202400053085,2024-03-26 11:25:00,2024,3,26,11,25,22,22215,GRANDE METAIRIE (RUE DE LA),48.4918,-2.8028,Plein jour,En agglomération,Hors intersection,Normale,Autre collision,4,2,0,0,1,1,1,0,4,50,1,1,0,1,0,0,78.0,,voiture,,1,2,1,1,6
202400053086,2024-08-16 16:40:00,2024,8,16,16,40,84,84063,N86,44.26781,4.690073,Plein jour,Hors agglomération,Hors intersection,Normale,Autre collision,2,2,2,0,1,1,1,0,3,70,1,4,1,0,2,1,56.0,,voiture,,1,1,1,1,6
202400053087,2024-06-07 14:00:00,2024,6,7,14,0,973,97302,CABASSOU (ROUTE DE),4.91845009,-52.31554127,Plein jour,En agglomération,Intersection en T,Normale,Deux véhicules - côté,3,2,2,0,1,1,1,0,1,50,2,3,2,0,0,1,36.0,33.0,utilitaire_camion,deux_roues,1,2,3,1,3
202400053087,2024-06-07 14:00:00,2024,6,7,14,0,973,97302,CABASSOU (ROUTE DE),4.91845009,-52.31554127,Plein jour,En agglomération,Intersection en T,Normale,Deux véhicules - côté,3,2,2,0,1,1,1,0,1,50,2,3,2,0,0,1,36.0,33.0,utilitaire_camion,deux_roues,1,2,3,1,3
202400053088,2024-07-11 08:21:00,2024,7,11,8,21,42,42103,Route de Farnay,45.496436,4.564143,Plein jour,En agglomération,Giratoire,Normale,Autre collision,4,2,2,0,1,3,1,0,1,50,1,2,1,0,0,1,62.0,,voiture,,1,2,6,1,6
202400053089,2024-12-01 01:00:00,2024,12,1,1,0,69,69066,Route de la Buche,46.11169135,4.3376802,Nuit sans éclairage public,Hors agglomération,Hors intersection,Autre,Autre collision,3,2,2,0,2,4,7,0,3,-1,1,1,0,0,0,1,21.0,,voiture,,3,1,1,9,6
202400053090,2024-02-12 10:50:00,2024,2,12,10,50,69,69271,Rue Ampère,45.72765,4.97126,Plein jour,En agglomération,Intersection en X,Normale,Deux véhicules - côté,4,2,2,0,1,1,1,0,1,50,2,2,1,0,0,1,59.0,54.0,voiture,voiture,1,2,2,1,3
202400053090,2024-02-12 10:50:00,2024,2,12,10,50,69,69271,Rue Ampère,45.72765,4.97126,Plein jour,En agglomération,Intersection en X,Normale,Deux véhicules - côté,4,2,2,0,1,1,1,0,1,50,2,2,1,0,0,1,59.0,54.0,voiture,voiture,1,2,2,1,3
202400053091,2024-09-20 07:55:00,2024,9,20,7,55,75,75107,RUE DE SOLFERINO,48.860325,2.323589,Plein jour,En agglomération,Intersection en X,Normale,Deux véhicules - côté,4,1, -1,-1,1,1,1,0,1,30,2,2,1,0,0,1,73.0,29.0,voiture,deux_roues,1,2,2,1,3
202400053091,2024-09-20 07:55:00,2024,9,20,7,55,75,75107,RUE DE SOLFERINO,48.860325,2.323589,Plein jour,En agglomération,Intersection en X,Normale,Deux véhicules - côté,4,2,2,0,1,1,1,0,1,30,2,2,1,0,0,1,73.0,29.0,voiture,deux_roues,1,2,2,1,3
202400053092,2024-08-16 19:15:00,2024,8,16,19,15,06,06092,237 Avenue de l’Hotel de Ville,43.767175,7.362042,Plein jour,En agglomération,Hors intersection,Normale,Autre collision,4,2,2,0,1,1,1,0,1,30,1,2,1,0,0,1,21.0,,voiture,,1,2,1,1,6
202400053093,2024-10-25 17:30:00,2024,10,25,17,30,69,69007,Rue du Stade,45.499816,4.828454,Plein jour,En agglomération,Hors intersection,Normale,Deux véhicules - côté,4,2,2,0,1,1,1,0,1,50,2,3,1,0,0,2,38.0,42.0,deux_roues,voiture,1,2,1,1,3
202400053094,2024-07-11 22:00:00,2024,7,11,22,0,60,60224,departementale 20,49.147278,2.986755,Nuit sans éclairage public,Hors agglomération,Hors intersection,Normale,Autre collision,3,2,2,0,1,3,1,2,3,80,1,1,0,0,0,1,72.0,,voiture,,3,1,1,1,6
202400053095,2024-01-03 08:20:00,2024,1,3,8,20,27,27354,D24,49.170914,0.950366,Crépuscule ou aube,Hors agglomération,Intersection en X,Pluie légère,Deux véhicules - côté,3,2,2,0,1,1,2,0,1,80,2,4,0,1,2,1,33.0,71.0,voiture,voiture,2,1,2,2,3
202400053095,2024-01-03 08:20:00,2024,1,3,8,20,27,27354,D24,49.170914,0.950366,Crépuscule ou aube,Hors agglomération,Intersection en X,Pluie légère,Deux véhicules - côté,3,2,2,0,1,1,2,0,1,80,2,4,0,1,2,1,33.0,71.0,voiture,voiture,2,1,2,2,3
202400053096,2024-03-25 17:10:00,2024,3,25,17,10,21,21355,DIJON (DE) (ROUTE),47.291502,5.058484,Plein jour,En agglomération,Hors intersection,Normale,Deux véhicules - côté,4,2,2,0,1,1,1,0,1,50,2,2,1,0,1,0,28.0,72.0,voiture,deux_roues,1,2,1,1,3
202400053097,2024-06-07 21:30:00,2024,6,7,21,30,973,97302,MERE THERESA (rue),4.92245377,-52.31258342,Nuit sans éclairage public,En agglomération,Intersection en X,Pluie légère,Deux véhicules - côté,4,2,2,0,1,1,2,0,1,50,2,2,1,0,0,1,44.0,20.0,voiture,voiture,3,2,2,2,3
202400053097,2024-06-07 21:30:00,2024,6,7,21,30,973,97302,MERE THERESA (rue),4.92245377,-52.31258342,Nuit sans éclairage public,En agglomération,Intersection en X,Pluie légère,Deux véhicules - côté,4,2,2,0,1,1,2,0,1,50,2,2,1,0,0,1,44.0,20.0,voiture,voiture,3,2,2,2,3
202400053098,2024-05-02 19:52:00,2024,5,2,19,52,92,92050,A86,48.89223398,2.18157649,Plein jour,Hors agglomération,Hors intersection,Pluie légère,Trois véhicules et plus - en chaîne,1,3,2,0,2,2,2,0,1,90,3,4,3,0,0,1,30.0,23.0,voiture,voiture,1,1,1,2,4
202400053099,2024-12-02 07:40:00,2024,12,2,7,40,63,63414,D906,45.70938614,3.58776652,Crépuscule ou aube,Hors agglomération,Hors intersection,Pluie légère,Deux véhicules - frontale,3,2,2,0,2,2,2,0,1,90,2,2,1,0,1,0,38.0,41.0,voiture,utilitaire_camion,2,1,1,2,1
202400053100,2024-09-20 00:30:00,2024,9,20,0,30,75,75107,AVENUE BOSQUET,48.85799959,2.30388558,Nuit avec éclairage allumé,En agglomération,Hors intersection,Normale,Autre collision,4,1, -1,0,1,1,1,0,1,30,1,1,0,0,0,1,52.0,,voiture,,5,2,1,1,6
202400053101,2024-07-12 05:30:00,2024,7,12,5,30,62,62584,D937,50.59057795,2.57258054,Nuit sans éclairage public,En agglomération,Hors intersection,Pluie forte,Autre collision,3,2,2,0,1,1,2,0,3,50,1,1,0,0,1,0,38.0,,voiture,,3,2,1,3,6
202400053102,2024-08-16 11:44:00,2024,8,16,11,44,05,05070,Avenue de Provence,44.298944,5.839502,Plein jour,Hors agglomération,Autre intersection,Normale,Autre collision,3,2,2,0,1,1,1,0,1,90,2,2,1,0,0,1,33.0,56.0,deux_roues,autre,1,1,9,1,6
202400053103,2024-02-12 19:49:00,2024,2,12,19,49,64,64445,ATTIGNY D',43.31874583,-0.3749608,Nuit avec éclairage allumé,En agglomération,Intersection en T,Normale,Deux véhicules - côté,4,-1,1,0,1,3,2,0,1,30,2,2,1,0,0,1,25.0,59.0,deux_roues,voiture,5,2,3,1,3
202400053103,2024-02-12 19:49:00,2024,2,12,19,49,64,64445,ATTIGNY D',43.31874583,-0.3749608,Nuit avec éclairage allumé,En agglomération,Intersection en T,Normale,Deux véhicules - côté,4,-1,1,0,1,1,2,0,1,30,2,2,1,0,0,1,25.0,59.0,deux_roues,voiture,5,2,3,1,3
202400053104,2024-01-03 01:20:00,2024,1,3,1,20,31,31254,D916,43.536929,1.511039,Nuit sans éclairage public,En agglomération,Hors intersection,Normale,Autre collision,3,2,0,0,2,3,2,0,1,80,1,1,0,1,0,0,20.0,,deux_roues,,3,2,1,1,6
202400053105,2024-10-26 05:30:00,2024,10,26,5,30,988,98815,Cengeite (Tribu),-21.591572,167.863219,Crépuscule ou aube,Hors agglomération,Hors intersection,Temps couvert,Autre collision,4,2,2,0,1,3,2,0,3,90,1,4,1,0,0,3,21.0,,voiture,,2,1,1,8,6
202400053106,2024-12-01 15:45:00,2024,12,1,15,45,86,86149,D52,46.92132927,0.06148579,Plein jour,Hors agglomération,Hors intersection,Normale,Autre collision,3,2,2,0,1,1,1,0,8,80,1,1,0,0,1,0,62.0,,deux_roues,,1,1,1,1,6
202400053107,2024-03-25 14:15:00,2024,3,25,14,15,13,13103,AVENUE DE LATTRE DE TASSIGNY-RD 17-,43.64785145,5.09251868,Plein jour,En agglomération,Intersection en T,Normale,Deux véhicules - côté,4,2,2,0,1,1,1,0,1,50,2,2,1,0,0,1,51.0,35.0,voiture,deux_roues,1,2,3,1,3
202400053107,2024-03-25 14:15:00,2024,3,25,14,15,13,13103,AVENUE DE LATTRE DE TASSIGNY-RD 17-,43.64785145,5.09251868,Plein jour,En agglomération,Intersection en T,Normale,Deux véhicules - côté,4,2,2,0,1,1,1,0,1,50,2,2,1,0,0,1,51.0,35.0,voiture,deux_roues,1,2,3,1,3
202400053108,2024-05-03 17:30:00,2024,5,3,17,30,95,95488,A15,49.01607139,2.14427239,Plein jour,Hors agglomération,Hors intersection,Normale,Deux véhicules - côté,1,3,3,0,1,1,1,0,1,110,2,2,1,0,0,1,24.0,33.0,deux_roues,voiture,1,1,1,1,3
202400053109,2024-07-02 09:13:00,2024,7,2,9,13,56,56067,Giratoire de la place de la mairie,47.757939,-2.843458,Plein jour,En agglomération,Giratoire,Normale,Autre collision,3,2,2,0,1,2,1,5,1,30,1,1,0,1,0,0,74.0,,voiture,,1,2,6,1,6
202400053110,2024-06-08 01:40:00,2024,6,8,1,40,69,69382,Quai Jean Moulin,45.76379,4.83819,Nuit avec éclairage allumé,En agglomération,Autre intersection,Normale,Deux véhicules - arrière,4,2,6,3,1,1,1,0,1,50,2,3,0,0,0,3,32.0,43.0,deux_roues,utilitaire_camion,5,2,9,1,2
202400053110,2024-06-08 01:40:00,2024,6,8,1,40,69,69382,Quai Jean Moulin,45.76379,4.83819,Nuit avec éclairage allumé,En agglomération,Autre intersection,Normale,Deux véhicules - arrière,4,1,2,3,1,1,1,0,1,30,2,3,0,0,0,3,32.0,43.0,deux_roues,utilitaire_camion,5,2,9,1,2
202400053111,2024-09-19 13:00:00,2024,9,19,13,0,94,94068,Quai de la Pie,48.79,2.4735,Plein jour,En agglomération,Intersection en T,Normale,Autre collision,4,2, -1,0,1,1,1,0,1,30,1,2,1,0,0,1,32.0,,deux_roues,,1,2,3,1,6
202400053111,2024-09-19 13:00:00,2024,9,19,13,0,94,94068,Quai de la Pie,48.79,2.4735,Plein jour,En agglomération,Intersection en T,Normale,Autre collision,4,2,1,1,1,1,1,6,1,30,1,2,1,0,0,1,32.0,,deux_roues,,1,2,3,1,6
202400053112,2024-10-26 01:13:00,2024,10,26,1,13,977,97701,Morne Dépoudre - Saint Jean,17.901127,-62.833606,Nuit avec éclairage allumé,En agglomération,Hors intersection,Normale,Deux véhicules - côté,3,2,2,0,1,1,1,0,1,30,2,2,1,0,1,0,25.0,20.0,deux_roues,deux_roues,5,2,1,1,3
202400053113,2024-08-15 16:00:00,2024,8,15,16,0,13,13082,D15 intersection Chemin de la Baume,43.664263,5.339946,Plein jour,En agglomération,Hors intersection,Normale,Deux véhicules - côté,3,2,2,0,1,3,1,0,1,50,3,3,1,0,0,2,34.0,33.0,deux_roues,deux_roues,1,2,1,1,3
202400053114,2024-02-13 11:30:00,2024,2,13,11,30,64,64122,"""KENNEDY (AVENUE DU PRESIDENT J,F)""",43.47033145,-1.55521721,Plein jour,En agglomération,Giratoire,Normale,Deux véhicules - côté,4,1,2,0,1,2,1,0,1,30,2,2,1,0,0,1,36.0,78.0,voiture,voiture,1,2,6,1,3
202400053114,2024-02-13 11:30:00,2024,2,13,11,30,64,64122,"""KENNEDY (AVENUE DU PRESIDENT J,F)""",43.47033145,-1.55521721,Plein jour,En agglomération,Giratoire,Normale,Deux véhicules - côté,4,2, -1,-1,1,1,1,0,1,30,2,2,1,0,0,1,36.0,78.0,voiture,voiture,1,2,6,1,3
202400053115,2024-03-26 19:15:00,2024,3,26,19,15,13,13213,POILUS (AVENUE DES),43.32505,5.45108,Crépuscule ou aube,En agglomération,Hors intersection,Pluie légère,Autre collision,9,-1,2,0,1,1,2,0,1,50,1,2,1,0,0,1,,,autre,,2,2,1,2,6
202400053116,2024-12-02 18:00:00,2024,12,2,18,0,39,39252,,47.048416,5.443416,Nuit sans éclairage public,Hors agglomération,Hors intersection,Pluie légère,Deux véhicules - frontale,3,2,3,0,1,2,2,0,1,90,2,2,1,1,0,0,24.0,23.0,voiture,utilitaire_camion,3,1,1,2,1
202400053117,2024-01-03 14:50:00,2024,1,3,14,50,55,55237,Haudiomont A4 PK 260+900,49.119487,5.499279,Plein jour,Hors agglomération,Hors intersection,Pluie forte,Deux véhicules - côté,1,3,2,0,1,2,2,0,1,110,2,5,4,0,1,0,44.0,25.0,voiture,utilitaire_camion,1,1,1,3,3
202400053118,2024-05-03 15:30:00,2024,5,3,15,30,93,93027,A86,48.92585951,2.3991555,Plein jour,Hors agglomération,Hors intersection,Normale,Deux véhicules - arrière,1,3,3,0,1,1,1,0,1,110,2,2,1,0,0,1,44.0,57.0,deux_roues,voiture,1,1,1,1,2
202400053119,2024-10-24 22:50:00,2024,10,24,22,50,77,77486,D1004,48.685035,3.10337,Nuit avec éclairage allumé,Hors agglomération,Hors intersection,Normale,Autre collision,3,1,2,0,1,1,1,0,1,110,1,1,0,0,0,1,26.0,,deux_roues,,5,1,1,1,6
202400053120,2024-02-13 19:12:00,2024,2,13,19,12,64,64102,,43.48081,-1.46201,Plein jour,En agglomération,Hors intersection,Normale,Autre collision,4,2,2,0,1,1,1,0,1,30,1,2,1,0,0,1,20.0,,voiture,,1,2,1,1,6
202400053121,2024-07-12 16:17:00,2024,7,12,16,17,77,77452,intersection D03 - D77B,48.475909,3.146073,Plein jour,Hors agglomération,Intersection en X,Normale,Deux véhicules - frontale,3,2,2,0,1,1,1,5,1,90,2,2,0,0,0,2,37.0,74.0,voiture,voiture,1,1,2,1,1
202400053121,2024-07-12 16:17:00,2024,7,12,16,17,77,77452,intersection D03 - D77B,48.475909,3.146073,Plein jour,Hors agglomération,Intersection en X,Normale,Deux véhicules - frontale,3,2,1,0,1,1,1,5,1,-1,2,2,0,0,0,2,37.0,74.0,voiture,voiture,1,1,2,1,1