accident_id,datetime,annee,mois,jour,heure,minute,departement,commune_insee,adresse,latitude,longitude,luminosite,agglomeration,intersection,meteo,collision,catr,circ,nbv,vosp,prof,plan,surf,infra,situ,vma,nb_vehicules,nb_usagers,nb_indemnes,nb_tues,nb_blesses_hosp,nb_blesses_legers,age_cond_1,age_cond_2,veh_type_cond_1,veh_type_cond_2,lum_code,agg_code,int_code,atm_code,col_code
202400053122,2024-06-12 07:00:00,2024,6,12,7,0,13,13014,D21,43.486058,5.189538,Crépuscule ou aube,Hors agglomération,Autre intersection,Normale,Deux véhicules - arrière,3,2,1,0,1,2,1,9,1,-1,2,2,1,0,1,0,32.0,37.0,voiture,utilitaire_camion,2,1,9,1,2
202400053123,2024-12-01 10:30:00,2024,12,1,10,30,29,29184,D769,48.60358638,-3.94159526,Plein jour,Hors agglomération,Hors intersection,Normale,Sans collision,3,2,2,0,1,1,1,0,1,80,1,1,0,0,1,0,69.0,,deux_roues,,1,1,1,1,7
202400053124,2024-09-20 18:45:00,2024,9,20,18,45,94,94016,Rue Gabriel Péri,48.78847,2.34304,Plein jour,En agglomération,Giratoire,Pluie légère,Deux véhicules - côté,3,1,2,0,1,1,2,9,1,50,2,2,1,0,1,0,31.0,43.0,deux_roues,voiture,1,2,6,2,3
202400053124,2024-09-20 18:45:00,2024,9,20,18,45,94,94016,Rue Gabriel Péri,48.78847,2.34304,Plein jour,En agglomération,Giratoire,Pluie légère,Deux véhicules - côté,3,2,2,-1,1,1,2,9,1,-1,2,2,1,0,1,0,31.0,43.0,deux_roues,voiture,1,2,6,2,3
202400053125,2024-05-03 16:55:00,2024,5,3,16,55,94,94069,A4,48.8173389,2.43679762,Plein jour,Hors agglomération,Hors intersection,Normale,Deux véhicules - arrière,1,3,4,0,1,1,1,0,1,90,2,2,1,0,0,1,38.0,55.0,voiture,deux_roues,1,1,1,1,2
202400053126,2024-06-07 17:10:00,2024,6,7,17,10,2B,2B037,TOUTES RUES,42.60105,9.4387,Plein jour,Hors agglomération,Hors intersection,Normale,Trois véhicules et plus - collisions multiples,2,-1,4,0,1,1,1,0,1,90,4,4,3,0,0,1,41.0,19.0,voiture,deux_roues,1,1,1,1,5
202400053127,2024-01-02 06:35:00,2024,1,2,6,35,77,77235,2 route de changis,48.97964,3.045509,Nuit sans éclairage public,Hors agglomération,Hors intersection,Vent fort / tempête,Autre collision,3,2,2,0,1,1,2,0,1,80,1,1,0,0,0,1,31.0,,deux_roues,,3,1,1,6,6
202400053128,2024-10-26 17:10:00,2024,10,26,17,10,91,91226,Rue des Frères Kennedy,48.486598,2.172337,Plein jour,En agglomération,Hors intersection,Normale,Deux véhicules - frontale,4,2,2,0,1,1,8,0,1,30,2,2,1,0,0,1,25.0,62.0,voiture,voiture,1,2,1,1,1
202400053129,2024-03-25 19:50:00,2024,3,25,19,50,13,13204,DE ROUX (BD ET IMPASSE),43.30833,5.40903,Nuit avec éclairage allumé,En agglomération,Intersection en T,Normale,Deux véhicules - côté,4,1,1,0,1,1,1,0,1,50,2,2,1,0,0,1,45.0,,voiture,voiture,5,2,3,1,3
202400053129,2024-03-25 19:50:00,2024,3,25,19,50,13,13204,DE ROUX (BD ET IMPASSE),43.30833,5.40903,Nuit avec éclairage allumé,En agglomération,Intersection en T,Normale,Deux véhicules - côté,4,3,2,0,1,1,1,0,1,50,2,2,1,0,0,1,45.0,,voiture,voiture,5,2,3,1,3
202400053130,2024-07-11 21:30:00,2024,7,11,21,30,79,79268,,46.783925,-0.157505,Nuit sans éclairage public,En agglomération,Hors intersection,Pluie légère,Autre collision,4,2,2,0,1,3,2,0,3,50,1,2,0,0,1,1,19.0,,deux_roues,,3,2,1,2,6
202400053131,2024-05-01 22:40:00,2024,5,1,22,40,93,93051,A4,48.83654607,2.55061941,Nuit sans éclairage public,Hors agglomération,Hors intersection,Pluie forte,Sans collision,1,1,3,0,2,2,2,0,1,110,1,1,0,0,0,1,39.0,,deux_roues,,3,1,1,3,7
202400053132,2024-12-01 15:05:00,2024,12,1,15,5,13,13036,rue du 11 novembre,43.839998,4.845185,Plein jour,En agglomération,Hors intersection,Normale,Deux véhicules - arrière,4,2,2,2,2,1,1,9,1,30,2,2,0,0,1,1,14.0,15.0,deux_roues,deux_roues,1,2,1,1,2
202400053133,2024-01-03 13:45:00,2024,1,3,13,45,77,77474,Route Départementale 89,48.933721,2.799196,Plein jour,Hors agglomération,Autre intersection,Pluie légère,Autre collision,3,2,2,0,1,1,2,0,1,80,1,1,0,0,0,1,23.0,,voiture,,1,1,9,2,6
202400053134,2024-02-13 08:00:00,2024,2,13,8,0,63,63113,Kennedy /Pompidou,45.79595,3.12331,Plein jour,En agglomération,Intersection à plus de 4 branches,Normale,Deux véhicules - côté,7,3,6,0,1,1,1,0,1,50,3,3,2,0,1,0,54.0,48.0,voiture,voiture,1,2,5,1,3
202400053134,2024-02-13 08:00:00,2024,2,13,8,0,63,63113,Kennedy /Pompidou,45.79595,3.12331,Plein jour,En agglomération,Intersection à plus de 4 branches,Normale,Deux véhicules - côté,7,3,5,0,1,3,1,5,1,50,3,3,2,0,1,0,54.0,48.0,voiture,voiture,1,2,5,1,3
202400053135,2024-09-20 10:25:00,2024,9,20,10,25,94,94073,2-4 Av du Mal de Lattre de Tassigny,48.760904,2.403345,Plein jour,En agglomération,Hors intersection,Normale,Deux véhicules - arrière,3,1,3,0,1,1,1,0,1,50,2,2,1,0,0,1,27.0,44.0,transport_commun,voiture,1,2,1,1,2
202400053136,2024-06-08 16:10:00,2024,6,8,16,10,95,95268,D125,48.97230588,2.40097807,Plein jour,En agglomération,Hors intersection,Normale,Autre collision,3,3,4,0,1,1,1,0,1,50,1,2,1,0,0,1,45.0,,voiture,,1,2,1,1,6
202400053137,2024-08-16 08:10:00,2024,8,16,8,10,21,21371,Rue Bizot,47.138921,5.343937,Plein jour,En agglomération,Intersection en T,Normale,Deux véhicules - arrière,3,2,2,0,2,2,1,0,1,50,2,2,1,0,0,1,,15.0,utilitaire_camion,deux_roues,1,2,3,1,2
202400053137,2024-08-16 08:10:00,2024,8,16,8,10,21,21371,Rue Bizot,47.138921,5.343937,Plein jour,En agglomération,Intersection en T,Normale,Deux véhicules - arrière,3,2, -1,0,1,1,1,0,1,-1,2,2,1,0,0,1,,15.0,utilitaire_camion,deux_roues,1,2,3,1,2
202400053138,2024-10-24 16:25:00,2024,10,24,16,25,13,13119,Avenue de Cassis,43.249931,5.553761,Plein jour,En agglomération,Intersection en T,Normale,Deux véhicules - côté,3,2,2,0,1,1,1,0,1,50,2,2,1,0,0,1,24.0,39.0,deux_roues,voiture,1,2,3,1,3
202400053138,2024-10-24 16:25:00,2024,10,24,16,25,13,13119,Avenue de Cassis,43.249931,5.553761,Plein jour,En agglomération,Intersection en T,Normale,Deux véhicules - côté,3,2, -1,-1,1,1,1,5,1,-1,2,2,1,0,0,1,24.0,39.0,deux_roues,voiture,1,2,3,1,3
202400053139,2024-03-25 14:10:00,2024,3,25,14,10,13,13209,COL DE LA GINESTE D559,43.24012335,5.45726469,Plein jour,Hors agglomération,Hors intersection,Vent fort / tempête,Autre collision,3,-1,2,0,2,3,1,0,8,70,1,1,0,1,0,0,49.0,,voiture,,1,1,1,6,6
202400053140,2024-07-11 13:58:00,2024,7,11,13,58,31,31541,Chemin du Bac,43.692813,1.358912,Plein jour,En agglomération,Hors intersection,Temps éblouissant,Deux véhicules - frontale,7,2,2,0,1,2,1,0,1,50,2,2,1,0,1,0,39.0,37.0,deux_roues,deux_roues,1,2,1,7,1
202400053141,2024-05-02 07:30:00,2024,5,2,7,30,973,97302,MANDELA  (BOULEVARD),4.93675,-52.32594,Plein jour,En agglomération,Hors intersection,Pluie forte,Deux véhicules - côté,3,1,2,0,1,1,2,0,1,50,2,2,1,0,0,1,25.0,17.0,voiture,deux_roues,1,2,1,3,3
202400053142,2024-06-08 13:00:00,2024,6,8,13,0,95,95127,OISE (BOULEVARD DE L'),49.03654565,2.08048224,Plein jour,En agglomération,Hors intersection,Normale,Autre collision,4,1,1,0,1,1,1,1,1,50,1,2,1,1,0,0,60.0,,transport_commun,,1,2,1,1,6
202400053143,2024-12-01 19:25:00,2024,12,1,19,25,01,01265,Rue du jura,46.177695,5.580438,Nuit avec éclairage allumé,En agglomération,Hors intersection,Normale,Deux véhicules - arrière,3,2,2,0,1,1,1,0,1,30,2,3,1,0,0,2,39.0,19.0,voiture,voiture,5,2,1,1,2
202400053144,2024-09-19 17:17:00,2024,9,19,17,17,94,94060,Rue du Général de Gaulle,48.78151,2.57137,Plein jour,En agglomération,Hors intersection,Normale,Deux véhicules - arrière,3,1, -1,0,1,1,1,0,1,50,2,2,1,0,0,1,37.0,39.0,voiture,utilitaire_camion,1,2,1,1,2
202400053145,2024-02-12 17:37:00,2024,2,12,17,37,63,63113,BINGEN (BD JACQUES),45.77922,3.13164,Plein jour,En agglomération,Hors intersection,Normale,Deux véhicules - frontale,7,2,3,0,2,1,1,0,1,50,2,2,0,0,0,2,29.0,25.0,voiture,voiture,1,2,1,1,1
202400053146,2024-01-02 18:15:00,2024,1,2,18,15,77,77171,70 Avenue Joffre,48.896183,2.816022,Nuit avec éclairage allumé,En agglomération,Giratoire,Pluie légère,Autre collision,3,2,2,0,1,1,2,6,8,50,1,3,2,0,0,1,77.0,,voiture,,5,2,6,2,6
202400053147,2024-08-12 17:34:00,2024,8,12,17,34,88,88196,Route de la Bresse,48.064788,6.861295,Plein jour,Hors agglomération,Hors intersection,Normale,Deux véhicules - côté,3,2,2,0,2,2,1,0,1,80,2,2,1,0,1,0,55.0,21.0,voiture,deux_roues,1,1,1,1,3
202400053148,2024-10-25 10:00:00,2024,10,25,10,0,57,57589,2 Rue Pasteur,49.044704,7.266726,Plein jour,En agglomération,Hors intersection,Temps éblouissant,Autre collision,3,2,2,0,1,3,1,0,1,50,1,2,1,0,1,0,74.0,,voiture,,1,2,1,7,6
202400053149,2024-03-25 11:00:00,2024,3,25,11,0,06,06123,Avenue du Ponant,43.658,7.18864,Plein jour,En agglomération,Hors intersection,Normale,Deux véhicules - côté,4,2,2,0,1,1,1,0,1,50,2,2,1,0,0,1,43.0,48.0,deux_roues,utilitaire_camion,1,2,1,1,3
202400053150,2024-05-01 08:50:00,2024,5,1,8,50,973,97302,BARTHELEMY (RENE),4.93199,-52.33001,Plein jour,En agglomération,Hors intersection,Normale,Deux véhicules - côté,4,2,2,0,1,1,1,0,1,50,2,2,1,0,0,1,40.0,63.0,voiture,deux_roues,1,2,1,1,3
202400053151,2024-12-02 14:30:00,2024,12,2,14,30,58,58184,D977bis,47.190646,3.451037,Plein jour,En agglomération,Hors intersection,Normale,Autre collision,3,2,2,0,1,1,1,0,3,50,1,2,0,0,1,1,72.0,,voiture,,1,2,1,1,6
202400053152,2024-06-07 16:55:00,2024,6,7,16,55,91,91216,PAVILLON (RUE),48.67315,2.32058,Plein jour,En agglomération,Giratoire,Normale,Sans collision,4,2,0,0,1,1,1,0,1,50,1,2,1,0,0,1,65.0,,voiture,,1,2,6,1,7
202400053152,2024-06-07 16:55:00,2024,6,7,16,55,91,91216,PAVILLON (RUE),48.67315,2.32058,Plein jour,En agglomération,Giratoire,Normale,Sans collision,4,2,2,0,1,1,1,6,1,50,1,2,1,0,0,1,65.0,,voiture,,1,2,6,1,7
202400053153,2024-08-14 13:00:00,2024,8,14,13,0,73,73051,15 Avenue lac du bourget,45.64433568,5.86798489,Plein jour,Hors agglomération,Hors intersection,Normale,Deux véhicules - côté,4,-1,2,0,1,1,1,0,1,30,2,2,1,0,1,0,46.0,53.0,deux_roues,voiture,1,1,1,1,3
202400053154,2024-01-02 18:13:00,2024,1,2,18,13,77,77521,N36,48.849157,2.865458,Nuit sans éclairage public,Hors agglomération,Hors intersection,Temps couvert,Autre collision,3,2,2,0,1,1,2,0,1,-1,1,3,2,0,1,0,42.0,,voiture,,3,1,1,8,6
202400053155,2024-07-12 10:35:00,2024,7,12,10,35,2B,2B207,Caragiuti,42.45345,9.504429,Plein jour,Hors agglomération,Hors intersection,Normale,Trois véhicules et plus - en chaîne,2,2,2,0,1,1,1,0,1,70,3,5,4,0,0,1,53.0,25.0,voiture,voiture,1,1,1,1,4
202400053156,2024-02-13 08:30:00,2024,2,13,8,30,59,59508,Rue Henri Barbusse,50.74178458,3.13220004,Plein jour,En agglomération,Intersection en T,Normale,Deux véhicules - côté,7,2,2,0,1,1,1,0,1,50,2,3,1,0,0,2,24.0,45.0,voiture,voiture,1,2,3,1,3
202400053156,2024-02-13 08:30:00,2024,2,13,8,30,59,59508,Rue Henri Barbusse,50.74178458,3.13220004,Plein jour,En agglomération,Intersection en T,Normale,Deux véhicules - côté,7,2,2,3,1,1,1,0,1,50,2,3,1,0,0,2,24.0,45.0,voiture,voiture,1,2,3,1,3
202400053157,2024-03-26 09:40:00,2024,3,26,9,40,75,75112,BD PERIPHERIQUE EXTERIEUR,48.83401,2.409516,Plein jour,En agglomération,Hors intersection,Pluie légère,Deux véhicules - côté,4,1,4,0,1,1,2,0,1,70,2,2,1,0,0,1,27.0,27.0,deux_roues,voiture,1,2,1,2,3
202400053158,2024-06-08 17:30:00,2024,6,8,17,30,91,91114,RUE DE VILLECRESNES,48.70763,2.51436,Plein jour,En agglomération,Hors intersection,Normale,Autre collision,4,-1,2,0,2,1,1,0,1,50,1,2,1,0,0,1,74.0,,voiture,,1,2,1,1,6
202400053159,2024-10-25 21:57:00,2024,10,25,21,57,29,29104,Kerdiles,48.27414907,-4.32420818,Nuit sans éclairage public,Hors agglomération,Hors intersection,Normale,Autre collision,3,2,2,0,1,4,6,0,3,80,1,3,2,0,1,0,39.0,,voiture,,3,1,1,1,6
202400053160,2024-05-02 12:55:00,2024,5,2,12,55,69,69388,5 Rue de Montagny,45.7368,4.85035,Plein jour,Hors agglomération,Hors intersection,Normale,Deux véhicules - côté,4,2,2,0,1,1,2,8,1,30,2,2,1,0,0,1,29.0,9.0,voiture,deux_roues,1,1,1,1,3
202400053161,2024-09-20 20:30:00,2024,9,20,20,30,93,93071,AULNAY (RUE D'),48.93968816,2.51275778,Crépuscule ou aube,En agglomération,Intersection en X,Normale,Trois véhicules et plus - collisions multiples,3,2,3,0,1,1,1,0,1,50,3,5,3,0,0,2,36.0,44.0,voiture,voiture,2,2,2,1,5
202400053161,2024-09-20 20:30:00,2024,9,20,20,30,93,93071,AULNAY (RUE D'),48.93968816,2.51275778,Crépuscule ou aube,En agglomération,Intersection en X,Normale,Trois véhicules et plus - collisions multiples,3,2,2,0,1,1,1,0,8,50,3,5,3,0,0,2,36.0,44.0,voiture,voiture,2,2,2,1,5
202400053162,2024-08-15 16:20:00,2024,8,15,16,20,33,33077,,44.609382,-0.555786,Plein jour,En agglomération,Hors intersection,Normale,Deux véhicules - côté,3,2,2,1,1,1,1,0,1,50,2,2,1,0,1,0,29.0,35.0,deux_roues,voiture,1,2,1,1,3
202400053163,2024-01-02 07:55:00,2024,1,2,7,55,77,77493,D99,48.638311,2.81559,Nuit sans éclairage public,Hors agglomération,Hors intersection,Pluie légère,Deux véhicules - arrière,3,2,2,0,1,1,2,0,1,80,2,2,1,0,1,0,60.0,60.0,voiture,deux_roues,3,1,1,2,2
202400053164,2024-07-11 08:20:00,2024,7,11,8,20,82,82117,Le Bois de Celle,44.336078,0.965499,Plein jour,Hors agglomération,Hors intersection,Normale,Autre collision,3,2,2,0,3,2,1,0,3,80,1,1,0,0,1,0,46.0,,voiture,,1,1,1,1,6
202400053165,2024-02-12 16:35:00,2024,2,12,16,35,59,59279,NOLLET (RUE MARTHE),50.78,3.12,Plein jour,En agglomération,Hors intersection,Temps éblouissant,Autre collision,4,2,2,0,1,1,1,0,1,30,1,2,1,0,0,1,56.0,,voiture,,1,2,1,7,6
202400053166,2024-03-25 19:30:00,2024,3,25,19,30,75,75120,BD PERIPHERIQUE INTERIEUR,48.856344,2.413923,Nuit avec éclairage allumé,En agglomération,Hors intersection,Normale,Deux véhicules - arrière,4,1,4,0,1,1,1,0,1,70,2,2,1,0,0,1,41.0,23.0,voiture,voiture,5,2,1,1,2
202400053167,2024-05-02 10:30:00,2024,5,2,10,30,69,69034,19 Avenue Général de Gaulle,45.80495,4.85314,Plein jour,En agglomération,Hors intersection,Pluie légère,Autre collision,4,2,2,0,1,1,2,8,1,50,1,2,1,0,1,0,81.0,,voiture,,1,2,1,2,6
202400053168,2024-01-03 14:55:00,2024,1,3,14,55,55,55509,RD 643,49.57578903,5.34514565,Plein jour,Hors agglomération,Hors intersection,Pluie légère,Sans collision,3,2,2,0,2,1,2,0,3,90,1,1,0,1,0,0,25.0,,voiture,,1,1,1,2,7
202400053169,2024-06-07 13:20:00,2024,6,7,13,20,91,91432,AV BLAISE PASCAL,48.69672,2.33275,Plein jour,En agglomération,Intersection en X,Normale,Deux véhicules - côté,4,2,2,0,1,1,1,5,1,50,2,2,1,0,0,1,69.0,32.0,voiture,utilitaire_camion,1,2,2,1,3
202400053169,2024-06-07 13:20:00,2024,6,7,13,20,91,91432,AV BLAISE PASCAL,48.69672,2.33275,Plein jour,En agglomération,Intersection en X,Normale,Deux véhicules - côté,4,2,4,0,1,1,1,5,1,50,2,2,1,0,0,1,69.0,32.0,voiture,utilitaire_camion,1,2,2,1,3
202400053170,2024-10-25 19:10:00,2024,10,25,19,10,27,27401,D543,49.068109,1.115102,Nuit sans éclairage public,Hors agglomération,Intersection en T,Pluie légère,Deux véhicules - côté,3,2,2,-1,1,1,2,0,1,70,2,3,1,0,0,2,72.0,14.0,voiture,deux_roues,3,1,3,2,3
202400053170,2024-10-25 19:10:00,2024,10,25,19,10,27,27401,D543,49.068109,1.115102,Nuit sans éclairage public,Hors agglomération,Intersection en T,Pluie légère,Deux véhicules - côté,3,2,2,0,1,1,2,0,1,70,2,3,1,0,0,2,72.0,14.0,voiture,deux_roues,3,1,3,2,3
202400053171,2024-08-15 23:30:00,2024,8,15,23,30,02,02495,5 Rue de l?Abbatiale,49.962005,4.055495,Nuit sans éclairage public,En agglomération,Hors intersection,Normale,Autre collision,4,2,2,0,2,1,1,0,1,50,1,2,0,0,0,2,55.0,,voiture,,3,2,1,1,6
202400053172,2024-09-20 18:40:00,2024,9,20,18,40,93,93027,17 octobre 1961,48.92981,2.38523,Plein jour,En agglomération,Passage à niveau,Pluie légère,Deux véhicules - côté,3,1,3,0,1,1,2,4,1,50,2,2,1,0,0,1,25.0,23.0,voiture,voiture,1,2,8,2,3
202400053172,2024-09-20 18:40:00,2024,9,20,18,40,93,93027,17 octobre 1961,48.92981,2.38523,Plein jour,En agglomération,Passage à niveau,Pluie légère,Deux véhicules - côté,3,1,3,0,1,2,2,4,1,50,2,2,1,0,0,1,25.0,23.0,voiture,voiture,1,2,8,2,3
202400053173,2024-03-26 07:30:00,2024,3,26,7,30,75,75120,AVENUE DE LA PORTE DE VINCENNES,48.84693053,2.41505563,Plein jour,En agglomération,Intersection en T,Pluie légère,Deux véhicules - arrière,4,1,3,0,1,2,2,5,1,30,2,2,1,0,0,1,32.0,26.0,voiture,deux_roues,1,2,3,2,2
202400053173,2024-03-26 07:30:00,2024,3,26,7,30,75,75120,AVENUE DE LA PORTE DE VINCENNES,48.84693053,2.41505563,Plein jour,En agglomération,Intersection en T,Pluie légère,Deux véhicules - arrière,4,1, -1,-1,1,1,2,0,1,30,2,2,1,0,0,1,32.0,26.0,voiture,deux_roues,1,2,3,2,2
202400053174,2024-07-11 17:55:00,2024,7,11,17,55,33,33424,,45.147213,-0.811765,Plein jour,Hors agglomération,Hors intersection,Normale,Deux véhicules - côté,3,2,2,0,2,3,1,0,1,80,2,2,0,0,1,1,60.0,43.0,deux_roues,voiture,1,1,1,1,3
202400053175,2024-02-12 07:40:00,2024,2,12,7,40,59,59599,Avenue de la Fin de la Guerre,50.7294,3.14598,Plein jour,En agglomération,Hors intersection,Normale,Autre collision,4,-1,1,0,1,1,1,0,1,50,2,3,2,0,0,1,42.0,35.0,voiture,voiture,1,2,1,1,6
202400053176,2024-05-02 16:15:00,2024,5,2,16,15,2B,2B033,GIRAUD - BD GENERAL,42.69728,9.45088,Plein jour,En agglomération,Hors intersection,Pluie légère,Deux véhicules - arrière,4,2,2,0,2,2,2,0,1,50,2,3,2,0,0,1,27.0,77.0,voiture,voiture,1,2,1,2,2
202400053177,2024-08-14 21:00:00,2024,8,14,21,0,93,93027,AUTOROUTE A1,48.9344735,2.39765242,Nuit sans éclairage public,Hors agglomération,Hors intersection,Normale,Sans collision,1,3,3,0,1,1,1,0,3,90,1,1,0,0,0,1,28.0,,voiture,,3,1,1,1,7
202400053178,2024-01-03 13:45:00,2024,1,3,13,45,73,73179,Route de l'école du tremblay,45.62802489,5.87370649,Plein jour,Hors agglomération,Intersection en X,Normale,Deux véhicules - côté,4,2,2,0,1,1,1,0,1,30,2,2,1,0,1,0,52.0,77.0,voiture,deux_roues,1,1,2,1,3
202400053178,2024-01-03 13:45:00,2024,1,3,13,45,73,73179,Route de l'école du tremblay,45.62802489,5.87370649,Plein jour,Hors agglomération,Intersection en X,Normale,Deux véhicules - côté,4,2,2,1,1,1,1,-1,1,-1,2,2,1,0,1,0,52.0,77.0,voiture,deux_roues,1,1,2,1,3
202400053179,2024-06-06 15:00:00,2024,6,6,15,0,83,83123,BAD SACKINGEN (ROND POINT),43.11919,5.81075,Plein jour,En agglomération,Giratoire,Normale,Deux véhicules - arrière,3,1,2,0,1,2,1,0,1,50,2,2,1,0,0,1,67.0,74.0,voiture,deux_roues,1,2,6,1,2
202400053179,2024-06-06 15:00:00,2024,6,6,15,0,83,83123,BAD SACKINGEN (ROND POINT),43.11919,5.81075,Plein jour,En agglomération,Giratoire,Normale,Deux véhicules - arrière,3,3,2,0,1,1,1,0,1,50,2,2,1,0,0,1,67.0,74.0,voiture,deux_roues,1,2,6,1,2
202400053180,2024-10-25 15:05:00,2024,10,25,15,5,13,13215,A7-Sens Lyon vers Marseille,43.37178,5.36129,Plein jour,Hors agglomération,Hors intersection,Normale,Deux véhicules - arrière,1,1,3,0,2,1,1,0,1,90,2,5,2,0,0,3,62.0,28.0,voiture,utilitaire_camion,1,1,1,1,2
202400053181,2024-09-20 18:10:00,2024,9,20,18,10,93,93050,HUIT MAI 1945,48.86597,2.53444,Plein jour,En agglomération,Intersection en T,Pluie légère,Deux véhicules - côté,4,1,1,0,1,1,2,0,1,30,2,2,1,0,0,1,,48.0,voiture,deux_roues,1,2,3,2,3
202400053181,2024-09-20 18:10:00,2024,9,20,18,10,93,93050,HUIT MAI 1945,48.86597,2.53444,Plein jour,En agglomération,Intersection en T,Pluie légère,Deux véhicules - côté,4,2,2,0,1,1,2,0,1,30,2,2,1,0,0,1,,48.0,voiture,deux_roues,1,2,3,2,3
202400053182,2024-02-12 07:30:00,2024,2,12,7,30,59,59008,JAURES PROLONGE (RUE JEAN),50.33435,3.27362,Crépuscule ou aube,Hors agglomération,Hors intersection,Normale,Deux véhicules - frontale,4,2,2,0,1,1,3,0,1,50,2,2,1,0,1,0,21.0,51.0,voiture,deux_roues,2,1,1,1,1
202400053183,2024-03-25 17:15:00,2024,3,25,17,15,75,75117,BOULEVARD DU BOIS LE PRETRE,48.899207,2.32125,Plein jour,En agglomération,Intersection en T,Normale,Deux véhicules - frontale,4,2,4,0,1,1,1,0,1,30,2,2,1,0,0,1,41.0,51.0,voiture,deux_roues,1,2,3,1,1
202400053183,2024-03-25 17:15:00,2024,3,25,17,15,75,75117,BOULEVARD DU BOIS LE PRETRE,48.899207,2.32125,Plein jour,En agglomération,Intersection en T,Normale,Deux véhicules - frontale,4,-1, -1,-1,1,1,1,0,1,30,2,2,1,0,0,1,41.0,51.0,voiture,deux_roues,1,2,3,1,1
202400053184,2024-07-12 18:00:00,2024,7,12,18,0,71,71261,La Grelay RD933,46.579531,4.9862,Plein jour,Hors agglomération,Intersection en X,Normale,Deux véhicules - côté,3,2,2,0,1,1,1,0,1,80,2,3,2,0,0,1,46.0,60.0,utilitaire_camion,voiture,1,1,2,1,3
202400053184,2024-07-12 18:00:00,2024,7,12,18,0,71,71261,La Grelay RD933,46.579531,4.9862,Plein jour,Hors agglomération,Intersection en X,Normale,Deux véhicules - côté,3,2,2,0,1,1,1,0,8,80,2,3,2,0,0,1,46.0,60.0,utilitaire_camion,voiture,1,1,2,1,3
202400053185,2024-05-06 18:30:00,2024,5,6,18,30,83,83118,AVENUE DE VALESCURE,43.42653353,6.76937489,Plein jour,En agglomération,Hors intersection,Normale,Sans collision,4,1,2,0,2,1,1,0,1,30,1,1,0,0,1,0,38.0,,deux_roues,,1,2,1,1,7
202400053186,2024-05-19 10:45:00,2024,5,19,10,45,45,45169,132 Route d'Orleans,47.91443,1.8503,Plein jour,En agglomération,Hors intersection,Normale,Deux véhicules - côté,4,2,4,1,2,1,1,0,5,30,2,3,1,0,0,2,32.0,14.0,voiture,deux_roues,1,2,1,1,3
202400053187,2024-05-01 15:27:00,2024,5,1,15,27,2B,2B120,11 - RT,42.65,9.41667,Plein jour,En agglomération,Hors intersection,Pluie forte,Deux véhicules - arrière,2,3,4,0,1,1,3,0,1,50,2,3,0,0,0,3,29.0,76.0,voiture,voiture,1,2,1,3,2
202400053188,2024-10-24 18:20:00,2024,10,24,18,20,13,13214,A507 sens Marseille - Aubagne,43.32779,5.38988,Crépuscule ou aube,Hors agglomération,Hors intersection,Normale,Sans collision,1,1,3,0,1,1,1,1,1,70,1,1,0,0,0,1,24.0,,deux_roues,,2,1,1,1,7
202400053189,2024-01-03 15:10:00,2024,1,3,15,10,42,42022,Avenue de Saint-Marcellin,45.522001,4.215113,Plein jour,En agglomération,Giratoire,Normale,Deux véhicules - arrière,3,2,3,2,1,1,1,0,1,50,2,2,1,0,0,1,51.0,23.0,voiture,deux_roues,1,2,6,1,2
202400053189,2024-01-03 15:10:00,2024,1,3,15,10,42,42022,Avenue de Saint-Marcellin,45.522001,4.215113,Plein jour,En agglomération,Giratoire,Normale,Deux véhicules - arrière,3,2,2,-1,1,1,1,0,1,-1,2,2,1,0,0,1,51.0,23.0,voiture,deux_roues,1,2,6,1,2
202400053190,2024-02-13 09:00:00,2024,2,13,9,0,59,59122,LANDRECIES (RUE DES),50.17528,3.24764,Plein jour,En agglomération,Hors intersection,Temps éblouissant,Autre collision,3,2,2,0,1,1,1,6,1,50,1,2,1,0,0,1,36.0,,utilitaire_camion,,1,2,1,7,6
202400053191,2024-09-19 16:20:00,2024,9,19,16,20,93,93030,DEUXIEME D.B (AVENUE DE LA),48.9544021,2.42061585,Plein jour,Hors agglomération,Hors intersection,Normale,Deux véhicules - arrière,4,2,1,1,1,1,1,0,1,50,2,2,1,0,0,1,41.0,46.0,voiture,deux_roues,1,1,1,1,2
202400053192,2024-01-22 07:20:00,2024,1,22,7,20,28,28085,SOURS (RUE DE),48.4396727,1.5115092,Crépuscule ou aube,En agglomération,Hors intersection,Normale,Autre collision,3,1,1,0,1,1,1,0,1,30,1,2,1,0,0,1,56.0,,voiture,,2,2,1,1,6
202400053193,2024-03-26 01:30:00,2024,3,26,1,30,75,75117,BOULEVARD DES BATIGNOLLES,48.881415,2.316231,Nuit avec éclairage allumé,En agglomération,Intersection en X,Normale,Deux véhicules - arrière,4,2,2,0,1,1,1,0,5,30,2,2,1,0,0,1,25.0,45.0,deux_roues,voiture,5,2,2,1,2
202400053193,2024-03-26 01:30:00,2024,3,26,1,30,75,75117,BOULEVARD DES BATIGNOLLES,48.881415,2.316231,Nuit avec éclairage allumé,En agglomération,Intersection en X,Normale,Deux véhicules - arrière,4,2,7,0,1,1,1,0,5,30,2,2,1,0,0,1,25.0,45.0,deux_roues,voiture,5,2,2,1,2