accident_id,datetime,annee,mois,jour,heure,minute,departement,commune_insee,adresse,latitude,longitude,luminosite,agglomeration,intersection,meteo,collision,catr,circ,nbv,vosp,prof,plan,surf,infra,situ,vma,nb_vehicules,nb_usagers,nb_indemnes,nb_tues,nb_blesses_hosp,nb_blesses_legers,age_cond_1,age_cond_2,veh_type_cond_1,veh_type_cond_2,lum_code,agg_code,int_code,atm_code,col_code
202400053194,2024-05-02 17:40:00,2024,5,2,17,40,95,95607,D407,49.02067,2.22377419,Plein jour,En agglomération,Hors intersection,Pluie forte,Deux véhicules - arrière,3,2,2,0,2,1,2,0,1,50,2,2,1,0,0,1,37.0,43.0,voiture,voiture,1,2,1,3,2
202400053195,2024-07-11 17:50:00,2024,7,11,17,50,71,71010,D680,46.87497,4.395317,Plein jour,Hors agglomération,Intersection en T,Normale,Deux véhicules - côté,3,2,2,0,1,1,1,0,1,80,2,2,1,1,0,0,70.0,51.0,voiture,utilitaire_camion,1,1,3,1,3
202400053195,2024-07-11 17:50:00,2024,7,11,17,50,71,71010,D680,46.87497,4.395317,Plein jour,Hors agglomération,Intersection en T,Normale,Deux véhicules - côté,3,2,2,0,1,1,1,0,1,80,2,2,1,1,0,0,70.0,51.0,voiture,utilitaire_camion,1,1,3,1,3
202400053196,2024-02-12 13:30:00,2024,2,12,13,30,54,54395,Rue Raymond Poincaré,48.69037134,6.17294043,Plein jour,En agglomération,Intersection en T,Normale,Deux véhicules - côté,4,1, -1,2,1,1,1,-1,1,30,2,2,1,0,0,1,22.0,37.0,voiture,deux_roues,1,2,3,1,3
202400053196,2024-02-12 13:30:00,2024,2,12,13,30,54,54395,Rue Raymond Poincaré,48.69037134,6.17294043,Plein jour,En agglomération,Intersection en T,Normale,Deux véhicules - côté,4,1,2,2,1,1,1,-1,1,50,2,2,1,0,0,1,22.0,37.0,voiture,deux_roues,1,2,3,1,3
202400053197,2024-01-01 16:50:00,2024,1,1,16,50,38,38507,Route de Lyon,45.71587,5.164465,Plein jour,En agglomération,Intersection en X,Normale,Deux véhicules - côté,3,2,2,0,1,3,1,5,1,50,2,4,2,0,0,2,26.0,36.0,voiture,voiture,1,2,2,1,3
202400053197,2024-01-01 16:50:00,2024,1,1,16,50,38,38507,Route de Lyon,45.71587,5.164465,Plein jour,En agglomération,Intersection en X,Normale,Deux véhicules - côté,3,3,2,0,1,1,1,5,1,50,2,4,2,0,0,2,26.0,36.0,voiture,voiture,1,2,2,1,3
202400053198,2024-05-01 21:25:00,2024,5,1,21,25,89,89387,GENERAL DE GAULLE (RUE DU),48.19436,3.28353,Nuit sans éclairage public,En agglomération,Hors intersection,Pluie forte,Sans collision,4,3,2,0,1,1,2,0,1,50,1,1,0,0,0,1,23.0,,deux_roues,,3,2,1,3,7
202400053199,2024-08-14 08:00:00,2024,8,14,8,0,987,98735,TEPANO JAUSSEN (RUE),-17.54072,-149.56606,Plein jour,En agglomération,Intersection en X,Normale,Deux véhicules - frontale,2,2,2,0,1,1,1,0,1,30,1,2,1,0,1,0,57.0,,utilitaire_camion,,1,2,2,1,1
202400053199,2024-08-14 08:00:00,2024,8,14,8,0,987,98735,TEPANO JAUSSEN (RUE),-17.54072,-149.56606,Plein jour,En agglomération,Intersection en X,Normale,Deux véhicules - frontale,2,3,1,0,1,1,1,5,8,30,1,2,1,0,1,0,57.0,,utilitaire_camion,,1,2,2,1,1
202400053200,2024-10-23 04:38:00,2024,10,23,4,38,42,42237,N88,45.44266,4.46362,Nuit sans éclairage public,Hors agglomération,Hors intersection,Temps couvert,Trois véhicules et plus - collisions multiples,2,3,3,0,1,2,2,0,1,110,4,4,2,1,1,0,48.0,46.0,voiture,voiture,3,1,1,8,5
202400053201,2024-09-20 00:01:00,2024,9,20,0,1,93,93057,MONTYON (AL.) 1 A 74,48.91285,2.50675,Nuit avec éclairage allumé,En agglomération,Intersection en X,Normale,Deux véhicules - frontale,4,1,2,0,1,1,1,5,1,50,2,3,1,0,0,2,34.0,49.0,utilitaire_camion,voiture,5,2,2,1,1
202400053201,2024-09-20 00:01:00,2024,9,20,0,1,93,93057,MONTYON (AL.) 1 A 74,48.91285,2.50675,Nuit avec éclairage allumé,En agglomération,Intersection en X,Normale,Deux véhicules - frontale,4,2,3,0,1,1,1,5,1,50,2,3,1,0,0,2,34.0,49.0,utilitaire_camion,voiture,5,2,2,1,1
202400053202,2024-06-08 06:25:00,2024,6,8,6,25,78,78423,,48.78516,2.03772,Crépuscule ou aube,Hors agglomération,Hors intersection,Temps éblouissant,Deux véhicules - arrière,3,1,1,0,2,3,1,3,1,70,2,2,0,0,0,2,43.0,43.0,voiture,voiture,2,1,1,7,2
202400053203,2024-03-26 14:50:00,2024,3,26,14,50,75,75116,BOULEVARD LANNES,48.863186,2.26864,Plein jour,En agglomération,Intersection en T,Pluie légère,Deux véhicules - côté,4,3,2,0,1,1,2,0,1,50,2,2,0,0,0,2,26.0,38.0,deux_roues,voiture,1,2,3,2,3
202400053203,2024-03-26 14:50:00,2024,3,26,14,50,75,75116,BOULEVARD LANNES,48.863186,2.26864,Plein jour,En agglomération,Intersection en T,Pluie légère,Deux véhicules - côté,4,4,3,0,1,1,2,0,1,50,2,2,0,0,0,2,26.0,38.0,deux_roues,voiture,1,2,3,2,3
202400053204,2024-07-10 14:40:00,2024,7,10,14,40,89,89136,D606,48.258488,3.240031,Plein jour,Hors agglomération,Hors intersection,Normale,Deux véhicules - côté,3,2,3,0,1,1,1,0,1,90,2,3,2,0,0,1,29.0,61.0,voiture,voiture,1,1,1,1,3
202400053205,2024-09-20 09:55:00,2024,9,20,9,55,92,92078,MOULIN CAGE (QUAI),48.92741,2.33177,Plein jour,En agglomération,Hors intersection,Normale,Autre collision,3,1,1,0,1,3,1,0,3,50,1,1,0,0,0,1,35.0,,utilitaire_camion,,1,2,1,1,6
202400053206,2024-08-14 12:50:00,2024,8,14,12,50,974,97416,ISAUTIER (AVENUE CHARLES),-21.33082,55.45578,Plein jour,En agglomération,Hors intersection,Normale,Deux véhicules - côté,4,2,2,0,1,1,1,0,1,50,2,2,1,0,0,1,30.0,52.0,deux_roues,voiture,1,2,1,1,3
202400053207,2024-02-12 10:10:00,2024,2,12,10,10,54,54395,Rue Stanislas,48.6915075,6.17667675,Plein jour,En agglomération,Hors intersection,Normale,Deux véhicules - arrière,4,1,2,3,1,1,1,-1,1,30,2,3,2,0,0,1,42.0,63.0,voiture,voiture,1,2,1,1,2
202400053208,2024-06-08 20:45:00,2024,6,8,20,45,77,77122,CD 50,48.66917,2.58141,Plein jour,Hors agglomération,Hors intersection,Normale,Sans collision,3,2,2,0,1,2,1,0,1,80,1,1,0,0,1,0,26.0,,deux_roues,,1,1,1,1,7
202400053209,2024-01-03 18:10:00,2024,1,3,18,10,86,86294,RN149 ,46.640649,0.203252,Nuit sans éclairage public,Hors agglomération,Hors intersection,Pluie légère,Deux véhicules - frontale,2,2,2,0,3,1,2,0,1,80,2,2,1,1,0,0,92.0,45.0,voiture,utilitaire_camion,3,1,1,2,1
202400053210,2024-04-30 18:20:00,2024,4,30,18,20,87,87085,LATTRE-DE-TASSIGNY (AVENUE DU MARECHAL),45.8256,1.27881,Plein jour,En agglomération,Intersection en X,Pluie légère,Deux véhicules - côté,3,2,2,0,1,1,2,5,1,50,2,2,1,0,0,1,17.0,46.0,deux_roues,voiture,1,2,2,2,3
202400053210,2024-04-30 18:20:00,2024,4,30,18,20,87,87085,LATTRE-DE-TASSIGNY (AVENUE DU MARECHAL),45.8256,1.27881,Plein jour,En agglomération,Intersection en X,Pluie légère,Deux véhicules - côté,3,2,2,0,1,1,2,5,1,50,2,2,1,0,0,1,17.0,46.0,deux_roues,voiture,1,2,2,2,3
202400053211,2024-10-24 15:40:00,2024,10,24,15,40,57,57474,Autoroute A31,49.25816319,6.17720187,Plein jour,Hors agglomération,Hors intersection,Normale,Deux véhicules - arrière,1,3,3,0,1,1,1,0,1,110,2,2,1,0,0,1,34.0,69.0,voiture,voiture,1,1,1,1,2
202400053212,2024-03-26 18:55:00,2024,3,26,18,55,75,75115,RUE DE L EGLISE,48.84494053,2.28607929,Nuit avec éclairage allumé,En agglomération,Intersection en T,Pluie légère,Autre collision,4,-1, -1,-1,1,1,2,0,1,30,1,2,1,0,1,0,56.0,,voiture,,5,2,3,2,6
202400053212,2024-03-26 18:55:00,2024,3,26,18,55,75,75115,RUE DE L EGLISE,48.84494053,2.28607929,Nuit avec éclairage allumé,En agglomération,Intersection en T,Pluie légère,Autre collision,4,1,1,0,1,1,2,0,1,30,1,2,1,0,1,0,56.0,,voiture,,5,2,3,2,6
202400053213,2024-12-01 17:00:00,2024,12,1,17,0,66,66147,,42.5515,1.833054,Crépuscule ou aube,Hors agglomération,Hors intersection,Normale,Autre collision,2,2,2,0,2,3,1,0,3,30,1,50,0,3,11,36,50.0,,transport_commun,,2,1,1,1,6
202400053214,2024-07-11 23:00:00,2024,7,11,23,0,63,63040,Rue des Fossés,45.721993,3.345117,Nuit avec éclairage non allumé,En agglomération,Hors intersection,Normale,Sans collision,4,2,2,0,2,1,1,0,1,50,1,1,0,0,1,0,20.0,,deux_roues,,4,2,1,1,7
202400053215,2024-01-02 08:15:00,2024,1,2,8,15,85,85071,RD32,46.7738389,-1.8754122,Crépuscule ou aube,Hors agglomération,Hors intersection,Pluie légère,Autre collision,3,2,2,0,1,1,2,0,1,80,1,2,1,0,0,1,36.0,,voiture,,2,1,1,2,6
202400053216,2024-02-13 16:00:00,2024,2,13,16,0,54,54149,Route Nationale,49.4329,5.92824,Plein jour,En agglomération,Hors intersection,Normale,Autre collision,3,2,2,0,1,1,1,0,3,50,1,2,1,0,1,0,79.0,,voiture,,1,2,1,1,6
202400053217,2024-10-25 18:40:00,2024,10,25,18,40,33,33550,,44.7856,-0.54148,Plein jour,Hors agglomération,Hors intersection,Pluie forte,Sans collision,1,3,3,0,1,1,2,3,1,90,2,2,1,0,0,1,24.0,35.0,deux_roues,voiture,1,1,1,3,7
202400053218,2024-09-20 00:35:00,2024,9,20,0,35,92,92072,GRANDE RUE,48.8275667,2.22539619,Nuit sans éclairage public,En agglomération,Intersection en Y,Normale,Sans collision,3,3,1,0,1,1,1,1,3,50,1,2,0,0,0,2,67.0,,deux_roues,,3,2,4,1,7
202400053218,2024-09-20 00:35:00,2024,9,20,0,35,92,92072,GRANDE RUE,48.8275667,2.22539619,Nuit sans éclairage public,En agglomération,Intersection en Y,Normale,Sans collision,3,1,1,0,2,3,1,1,3,50,1,2,0,0,0,2,67.0,,deux_roues,,3,2,4,1,7
202400053219,2024-05-02 14:50:00,2024,5,2,14,50,83,83126,RENOIR (AV AUGUSTE),43.08409,5.86413,Plein jour,En agglomération,Hors intersection,Pluie légère,Deux véhicules - côté,3,2,2,2,1,1,2,9,1,50,2,2,1,0,1,0,47.0,44.0,voiture,deux_roues,1,2,1,2,3
202400053220,2024-06-08 05:00:00,2024,6,8,5,0,77,77449,RD 231,48.84104,2.78247,Crépuscule ou aube,En agglomération,Hors intersection,Normale,Deux véhicules - côté,3,2,2,0,1,1,1,5,1,70,2,3,1,1,0,1,28.0,46.0,deux_roues,voiture,2,2,1,1,3
202400053221,2024-08-14 08:20:00,2024,8,14,8,20,974,97411,AUBER (RUE JULES),-20.87556,55.45191,Plein jour,En agglomération,Intersection en X,Normale,Deux véhicules - côté,4,1,1,0,1,1,1,0,1,50,2,3,2,0,0,1,37.0,40.0,voiture,voiture,1,2,2,1,3
202400053221,2024-08-14 08:20:00,2024,8,14,8,20,974,97411,AUBER (RUE JULES),-20.87556,55.45191,Plein jour,En agglomération,Intersection en X,Normale,Deux véhicules - côté,4,1,2,0,1,1,1,0,1,50,2,3,2,0,0,1,37.0,40.0,voiture,voiture,1,2,2,1,3
202400053222,2024-07-09 08:30:00,2024,7,9,8,30,55,55573,Rue de Strasbourg,48.68870692,5.61978641,Plein jour,En agglomération,Hors intersection,Normale,Sans collision,4,2,2,0,1,1,1,0,4,50,1,1,0,0,1,0,47.0,,deux_roues,,1,2,1,1,7
202400053223,2024-03-24 18:45:00,2024,3,24,18,45,75,75115,RUE LECOURBE,48.845138,2.311146,Plein jour,En agglomération,Intersection en T,Normale,Deux véhicules - arrière,4,1, -1,-1,1,1,1,0,1,30,2,3,2,0,0,1,38.0,47.0,voiture,deux_roues,1,2,3,1,2
202400053223,2024-03-24 18:45:00,2024,3,24,18,45,75,75115,RUE LECOURBE,48.845138,2.311146,Plein jour,En agglomération,Intersection en T,Normale,Deux véhicules - arrière,4,2,4,1,1,1,1,0,1,30,2,3,2,0,0,1,38.0,47.0,voiture,deux_roues,1,2,3,1,2
202400053224,2024-11-28 08:25:00,2024,11,28,8,25,60,60471,Avenue Jean Jaurès,49.576003,2.991562,Plein jour,En agglomération,Intersection en T,Normale,Autre collision,3,2,2,0,1,1,1,0,1,30,1,2,1,0,0,1,23.0,,voiture,,1,2,3,1,6
202400053224,2024-11-28 08:25:00,2024,11,28,8,25,60,60471,Avenue Jean Jaurès,49.576003,2.991562,Plein jour,En agglomération,Intersection en T,Normale,Autre collision,3,2, -1,-1,1,1,1,0,1,-1,1,2,1,0,0,1,23.0,,voiture,,1,2,3,1,6
202400053225,2024-06-07 13:35:00,2024,6,7,13,35,77,77333,AV JEAN MOULIN,48.26864,2.71022,Plein jour,En agglomération,Hors intersection,Temps éblouissant,Autre collision,4,2,2,0,1,1,1,0,1,5,1,2,1,0,0,1,35.0,,voiture,,1,2,1,7,6
202400053226,2024-02-12 18:55:00,2024,2,12,18,55,51,51454,GUTENBERG (RUE),49.274573,4.00185,Nuit avec éclairage allumé,En agglomération,Hors intersection,Pluie légère,Deux véhicules - côté,4,2,2,0,1,1,2,0,1,50,2,2,0,0,0,2,25.0,39.0,voiture,voiture,5,2,1,2,3
202400053227,2024-05-02 11:35:00,2024,5,2,11,35,81,81004,THOMAS (AV ALBERT),43.9503507,2.1536126,Plein jour,En agglomération,Giratoire,Pluie légère,Autre collision,3,2,2,3,1,1,2,5,8,50,1,2,1,0,0,1,72.0,,voiture,,1,2,6,2,6
202400053228,2024-10-24 16:20:00,2024,10,24,16,20,59,59343,AUTOROUTE A1,50.583,3.09014,Plein jour,Hors agglomération,Hors intersection,Normale,Deux véhicules - arrière,1,3,3,0,1,1,1,0,1,90,2,2,1,0,0,1,27.0,57.0,utilitaire_camion,deux_roues,1,1,1,1,2
202400053229,2024-09-20 07:00:00,2024,9,20,7,0,92,92036,GRESILLONS (QUAI DES),48.91986716,2.32248746,Crépuscule ou aube,En agglomération,Hors intersection,Normale,Deux véhicules - arrière,3,2,1,0,2,1,1,0,1,50,2,3,1,0,0,2,38.0,43.0,voiture,utilitaire_camion,2,2,1,1,2
202400053230,2024-01-02 18:45:00,2024,1,2,18,45,85,85003,11 Rue georges clemenceau,46.741239,-1.610624,Nuit avec éclairage allumé,En agglomération,Intersection en T,Pluie forte,Deux véhicules - côté,4,2,2,0,2,1,2,0,1,50,2,3,2,0,1,0,41.0,16.0,voiture,deux_roues,5,2,3,3,3
202400053230,2024-01-02 18:45:00,2024,1,2,18,45,85,85003,11 Rue georges clemenceau,46.741239,-1.610624,Nuit avec éclairage allumé,En agglomération,Intersection en T,Pluie forte,Deux véhicules - côté,4,2, -1,-1,1,2,2,0,1,-1,2,3,2,0,1,0,41.0,16.0,voiture,deux_roues,5,2,3,3,3
202400053231,2024-08-14 07:50:00,2024,8,14,7,50,974,97411,RIVIERE DES PLUIES (ROUTE DE LA),-20.90134,55.502,Plein jour,En agglomération,Intersection en X,Normale,Autre collision,4,2,1,0,1,1,1,0,1,50,1,2,1,0,0,1,26.0,,deux_roues,,1,2,2,1,6
202400053231,2024-08-14 07:50:00,2024,8,14,7,50,974,97411,RIVIERE DES PLUIES (ROUTE DE LA),-20.90134,55.502,Plein jour,En agglomération,Intersection en X,Normale,Autre collision,4,2,1,0,1,1,1,0,1,50,1,2,1,0,0,1,26.0,,deux_roues,,1,2,2,1,6
202400053232,2024-07-12 18:35:00,2024,7,12,18,35,49,49214,Route de Laval,47.53436,-0.632073,Plein jour,Hors agglomération,Giratoire,Normale,Deux véhicules - frontale,4,2,2,0,1,2,1,9,1,80,2,2,1,0,0,1,44.0,16.0,voiture,deux_roues,1,1,6,1,1
202400053233,2024-05-01 17:55:00,2024,5,1,17,55,80,80021,RENE GOBLET (PLACE),49.89141,2.30222,Plein jour,En agglomération,Hors intersection,Normale,Autre collision,4,-1,1,0,1,1,1,0,1,30,1,1,0,0,0,1,23.0,,deux_roues,,1,2,1,1,6
202400053234,2024-06-08 18:35:00,2024,6,8,18,35,72,72181,JAURES JEAN (AV) N° IMP 35 A 179,47.98617,0.20882,Plein jour,En agglomération,Intersection en X,Normale,Deux véhicules - côté,4,2,2,1,1,1,1,0,1,50,2,2,1,0,0,1,36.0,53.0,deux_roues,voiture,1,2,2,1,3
202400053234,2024-06-08 18:35:00,2024,6,8,18,35,72,72181,JAURES JEAN (AV) N° IMP 35 A 179,47.98617,0.20882,Plein jour,En agglomération,Intersection en X,Normale,Deux véhicules - côté,4,2,2,1,1,1,1,0,1,50,2,2,1,0,0,1,36.0,53.0,deux_roues,voiture,1,2,2,1,3
202400053235,2024-01-30 17:15:00,2024,1,30,17,15,50,50129,EST (BOULEVARD DE L'),49.6359,-1.5771,Plein jour,En agglomération,Hors intersection,Normale,Trois véhicules et plus - en chaîne,3,3,4,0,1,1,1,0,1,70,3,4,2,0,0,2,31.0,43.0,voiture,voiture,1,2,1,1,4
202400053236,2024-08-09 11:15:00,2024,8,9,11,15,974,97411,RN2/043,-20.88651,55.49247,Plein jour,Hors agglomération,Hors intersection,Normale,Sans collision,2,3,4,0,1,1,1,0,1,90,1,1,0,1,0,0,67.0,,voiture,,1,1,1,1,7
202400053237,2024-03-26 19:30:00,2024,3,26,19,30,75,75114,BOULEVARD ROMAIN ROLLAND,48.822248,2.314315,Nuit avec éclairage allumé,En agglomération,Intersection en X,Pluie légère,Deux véhicules - arrière,4,1,1,0,1,1,2,5,1,50,2,2,1,0,0,1,62.0,51.0,voiture,deux_roues,5,2,2,2,2
202400053237,2024-03-26 19:30:00,2024,3,26,19,30,75,75114,BOULEVARD ROMAIN ROLLAND,48.822248,2.314315,Nuit avec éclairage allumé,En agglomération,Intersection en X,Pluie légère,Deux véhicules - arrière,4,2,4,0,1,1,2,0,1,50,2,2,1,0,0,1,62.0,51.0,voiture,deux_roues,5,2,2,2,2
202400053238,2024-11-20 20:00:00,2024,11,20,20,0,45,45233,D26 PR 12 + 861,48.200545,2.410673,Nuit avec éclairage allumé,Hors agglomération,Autre intersection,Normale,Deux véhicules - côté,3,3,2,0,1,3,1,0,1,50,2,5,3,0,0,2,20.0,18.0,voiture,voiture,5,1,9,1,3
202400053238,2024-11-20 20:00:00,2024,11,20,20,0,45,45233,D26 PR 12 + 861,48.200545,2.410673,Nuit avec éclairage allumé,Hors agglomération,Autre intersection,Normale,Deux véhicules - côté,3,2,2,0,1,1,1,0,1,50,2,5,3,0,0,2,20.0,18.0,voiture,voiture,5,1,9,1,3
202400053239,2024-10-25 11:05:00,2024,10,25,11,5,91,91136,AUTOROUTE A10,48.7126,2.28329,Plein jour,Hors agglomération,Hors intersection,Normale,Trois véhicules et plus - en chaîne,1,3,2,0,1,1,1,0,1,70,3,3,2,0,0,1,52.0,59.0,voiture,voiture,1,1,1,1,4
202400053240,2024-09-19 12:30:00,2024,9,19,12,30,92,92025,GABRIEL PERI (RUE),48.92286086,2.24990169,Plein jour,En agglomération,Intersection en X,Normale,Deux véhicules - côté,3,2,4,2,1,1,1,0,1,30,2,2,1,0,0,1,29.0,74.0,voiture,deux_roues,1,2,2,1,3
202400053240,2024-09-19 12:30:00,2024,9,19,12,30,92,92025,GABRIEL PERI (RUE),48.92286086,2.24990169,Plein jour,En agglomération,Intersection en X,Normale,Deux véhicules - côté,3,1,2,0,1,1,1,0,1,30,2,2,1,0,0,1,29.0,74.0,voiture,deux_roues,1,2,2,1,3
202400053241,2024-07-11 14:15:00,2024,7,11,14,15,49,49283,D961,47.403505,-0.750482,Plein jour,Hors agglomération,Hors intersection,Normale,Deux véhicules - frontale,3,2,2,0,1,1,1,0,1,80,2,4,0,0,1,3,68.0,49.0,voiture,utilitaire_camion,1,1,1,1,1
202400053242,2024-01-03 14:00:00,2024,1,3,14,0,62,62505,A16,50.834443,1.704544,Plein jour,Hors agglomération,Hors intersection,Neige / grêle,Autre collision,1,3,2,0,1,1,7,0,1,130,3,6,1,1,3,1,20.0,75.0,voiture,voiture,1,1,1,4,6
202400053243,2024-06-07 17:10:00,2024,6,7,17,10,72,72181,LATTRE DE TASSIGNY MARECHAL DE (BD),48.02954,0.1835,Plein jour,Hors agglomération,Hors intersection,Normale,Deux véhicules - arrière,3,3,2,0,1,1,1,0,1,90,2,2,0,0,0,2,22.0,39.0,voiture,voiture,1,1,1,1,2
202400053244,2024-03-26 17:20:00,2024,3,26,17,20,75,75114,AVENUE DU GENERAL LECLERC,48.831373,2.329917,Plein jour,En agglomération,Intersection en T,Pluie légère,Autre collision,4,2,6,0,1,1,2,0,1,30,1,2,0,0,0,2,20.0,,utilitaire_camion,,1,2,3,2,6
202400053244,2024-03-26 17:20:00,2024,3,26,17,20,75,75114,AVENUE DU GENERAL LECLERC,48.831373,2.329917,Plein jour,En agglomération,Intersection en T,Pluie légère,Autre collision,4,1,1,0,1,1,2,0,1,30,1,2,0,0,0,2,20.0,,utilitaire_camion,,1,2,3,2,6
202400053245,2024-02-08 20:35:00,2024,2,8,20,35,49,49099,RONTARDIERE (BOULEVARD DE LA),47.06675,-0.84266,Nuit avec éclairage allumé,En agglomération,Autre intersection,Normale,Trois véhicules et plus - en chaîne,3,2,2,0,1,1,2,0,1,50,3,3,0,0,0,3,60.0,29.0,voiture,utilitaire_camion,5,2,9,1,4
202400053246,2024-10-25 09:00:00,2024,10,25,9,0,91,91086,RN 104,48.62329,2.38467,Plein jour,Hors agglomération,Hors intersection,Normale,Deux véhicules - côté,2,3,2,0,1,1,1,0,1,90,2,2,1,0,0,1,20.0,47.0,utilitaire_camion,deux_roues,1,1,1,1,3
202400053247,2024-12-01 05:35:00,2024,12,1,5,35,64,64329,RD 817 angle avenue d'ossau,43.294178,-0.288917,Nuit avec éclairage allumé,En agglomération,Intersection en X,Normale,Autre collision,3,2,3,0,1,1,1,0,4,50,1,1,0,1,0,0,18.0,,voiture,,5,2,2,1,6
202400053247,2024-12-01 05:35:00,2024,12,1,5,35,64,64329,RD 817 angle avenue d'ossau,43.294178,-0.288917,Nuit avec éclairage allumé,En agglomération,Intersection en X,Normale,Autre collision,3,2, -1,-1,1,1,1,0,1,-1,1,1,0,1,0,0,18.0,,voiture,,5,2,2,1,6
202400053247,2024-12-01 05:35:00,2024,12,1,5,35,64,64329,RD 817 angle avenue d'ossau,43.294178,-0.288917,Nuit avec éclairage allumé,En agglomération,Intersection en X,Normale,Autre collision,3,2,2,-1,1,1,1,0,1,-1,1,1,0,1,0,0,18.0,,voiture,,5,2,2,1,6
202400053248,2024-09-20 10:55:00,2024,9,20,10,55,92,92012,DENFERT ROCHEREAU (RUE),48.8421881,2.24677652,Plein jour,En agglomération,Hors intersection,Normale,Deux véhicules - côté,4,2,2,0,1,1,1,0,1,30,2,2,1,0,0,1,93.0,39.0,voiture,deux_roues,1,2,1,1,3
202400053249,2024-08-14 13:20:00,2024,8,14,13,20,972,97213,AUTOROUTE A1,14.60556,-61.00312,Plein jour,Hors agglomération,Hors intersection,Normale,Trois véhicules et plus - collisions multiples,1,-1,4,0,1,1,1,0,1,90,4,4,3,0,0,1,27.0,28.0,deux_roues,voiture,1,1,1,1,5
202400053250,2024-01-01 04:10:00,2024,1,1,4,10,38,38184,A43   15.971 A 18.875,45.66295,5.06672,Nuit sans éclairage public,Hors agglomération,Autre intersection,Normale,Deux véhicules - arrière,1,3,3,0,1,1,2,0,1,110,2,3,2,0,1,0,31.0,68.0,deux_roues,voiture,3,1,9,1,2
202400053251,2024-07-08 07:50:00,2024,7,8,7,50,42,42208,M6,45.544281,4.460884,Plein jour,Hors agglomération,Intersection en Y,Normale,Deux véhicules - frontale,7,2,2,0,2,3,1,0,1,80,2,3,1,0,0,2,54.0,51.0,utilitaire_camion,voiture,1,1,4,1,1
202400053251,2024-07-08 07:50:00,2024,7,8,7,50,42,42208,M6,45.544281,4.460884,Plein jour,Hors agglomération,Intersection en Y,Normale,Deux véhicules - frontale,7,2,2,-1,2,1,1,0,1,-1,2,3,1,0,0,2,54.0,51.0,utilitaire_camion,voiture,1,1,4,1,1
202400053252,2024-02-13 18:15:00,2024,2,13,18,15,49,49099,LORRAINE (RUE DE),47.05471,-0.85797,Plein jour,En agglomération,Autre intersection,Normale,Sans collision,3,2,2,0,2,1,1,5,8,50,1,1,0,1,0,0,86.0,,voiture,,1,2,9,1,7
202400053253,2024-04-30 14:20:00,2024,4,30,14,20,76,76351,FLORIMOND LAURENT (RUE),49.51328,0.11102,Plein jour,En agglomération,Giratoire,Normale,Deux véhicules - côté,4,2,3,2,1,1,1,0,1,50,2,2,1,0,0,1,54.0,53.0,deux_roues,voiture,1,2,6,1,3
202400053253,2024-04-30 14:20:00,2024,4,30,14,20,76,76351,FLORIMOND LAURENT (RUE),49.51328,0.11102,Plein jour,En agglomération,Giratoire,Normale,Deux véhicules - côté,4,2,2,0,1,1,1,0,1,50,2,2,1,0,0,1,54.0,53.0,deux_roues,voiture,1,2,6,1,3
202400053253,2024-04-30 14:20:00,2024,4,30,14,20,76,76351,FLORIMOND LAURENT (RUE),49.51328,0.11102,Plein jour,En agglomération,Giratoire,Normale,Deux véhicules - côté,4,1,2,2,1,1,1,0,1,50,2,2,1,0,0,1,54.0,53.0,deux_roues,voiture,1,2,6,1,3
202400053254,2024-10-25 04:30:00,2024,10,25,4,30,92,92076,A13,48.83191756,2.15181737,Nuit sans éclairage public,Hors agglomération,Hors intersection,Normale,Autre collision,1,1,1,0,2,1,1,0,1,70,1,1,0,0,0,1,27.0,,voiture,,3,1,1,1,6
202400053255,2024-12-02 18:16:00,2024,12,2,18,16,18,18088,,47.425068,2.435242,Nuit sans éclairage public,Hors agglomération,Hors intersection,Normale,Sans collision,3,2,2,0,1,1,2,0,3,90,1,1,0,1,0,0,53.0,,voiture,,3,1,1,1,7
202400053256,2024-06-07 16:30:00,2024,6,7,16,30,69,69092,Avenue Laurent Bonnevay,45.98522,4.70857,Plein jour,En agglomération,Intersection en T,Normale,Deux véhicules - côté,4,2,2,0,4,1,1,0,1,50,2,2,1,0,0,1,55.0,30.0,deux_roues,voiture,1,2,3,1,3
202400053256,2024-06-07 16:30:00,2024,6,7,16,30,69,69092,Avenue Laurent Bonnevay,45.98522,4.70857,Plein jour,En agglomération,Intersection en T,Normale,Deux véhicules - côté,4,1,2,0,4,1,1,0,1,50,2,2,1,0,0,1,55.0,30.0,deux_roues,voiture,1,2,3,1,3
202400053257,2024-03-26 11:00:00,2024,3,26,11,0,75,75113,QUAI D AUSTERLITZ,48.838644,2.372317,Plein jour,En agglomération,Intersection en T,Normale,Deux véhicules - côté,4,2,2,0,1,1,1,0,5,30,2,2,1,0,0,1,39.0,26.0,deux_roues,voiture,1,2,3,1,3
202400053257,2024-03-26 11:00:00,2024,3,26,11,0,75,75113,QUAI D AUSTERLITZ,48.838644,2.372317,Plein jour,En agglomération,Intersection en T,Normale,Deux véhicules - côté,4,2,2,0,1,1,1,0,5,30,2,2,1,0,0,1,39.0,26.0,deux_roues,voiture,1,2,3,1,3
202400053258,2024-08-14 19:10:00,2024,8,14,19,10,95,95539,PARC CHAPELLE SAINT-NICOLAS (RUE DE LA),48.99087,2.362948,Plein jour,En agglomération,Hors intersection,Normale,Autre collision,6,-1,0,0,1,1,1,0,1,50,1,2,1,0,1,0,48.0,,voiture,,1,2,1,1,6
202400053259,2024-01-01 23:30:00,2024,1,1,23,30,91,91064,RN 118,48.75135,2.22189,Nuit sans éclairage public,Hors agglomération,Hors intersection,Pluie forte,Deux véhicules - arrière,2,1,2,0,1,3,2,0,1,90,2,4,1,0,0,3,33.0,24.0,voiture,voiture,3,1,1,3,2