accident_id,datetime,annee,mois,jour,heure,minute,departement,commune_insee,adresse,latitude,longitude,luminosite,agglomeration,intersection,meteo,collision,catr,circ,nbv,vosp,prof,plan,surf,infra,situ,vma,nb_vehicules,nb_usagers,nb_indemnes,nb_tues,nb_blesses_hosp,nb_blesses_legers,age_cond_1,age_cond_2,veh_type_cond_1,veh_type_cond_2,lum_code,agg_code,int_code,atm_code,col_code
202400053335,2024-09-21 03:45:00,2024,9,21,3,45,2B,2B319,lieu dit figaretto,42.415093,9.529781,Nuit sans éclairage public,En agglomération,Hors intersection,Normale,Sans collision,2,2,2,0,2,1,1,0,1,50,1,1,0,0,1,0,25.0,,deux_roues,,3,2,1,1,7
202400053336,2024-12-01 03:20:00,2024,12,1,3,20,33,33229,,44.77885,-1.003361,Nuit sans éclairage public,Hors agglomération,Hors intersection,Normale,Sans collision,3,1,2,0,1,1,1,0,3,110,1,1,0,0,1,0,38.0,,voiture,,3,1,1,1,7
202400053337,2024-03-25 16:00:00,2024,3,25,16,0,75,75101,PONT AU CHANGE,48.856195,2.346482,Plein jour,En agglomération,Intersection en T,Normale,Sans collision,4,2,5,1,1,1,1,9,5,30,1,1,0,0,0,1,77.0,,deux_roues,,1,2,3,1,7
202400053337,2024-03-25 16:00:00,2024,3,25,16,0,75,75101,PONT AU CHANGE,48.856195,2.346482,Plein jour,En agglomération,Intersection en T,Normale,Sans collision,4,-1,2,0,1,1,1,0,1,30,1,1,0,0,0,1,77.0,,deux_roues,,1,2,3,1,7
202400053338,2024-05-02 18:45:00,2024,5,2,18,45,51,51454,VILLAGEOISE (RUE),49.227279,4.039959,Plein jour,En agglomération,Intersection en T,Pluie légère,Autre collision,4,2,2,1,1,1,2,0,1,50,1,1,0,0,0,1,20.0,,voiture,,1,2,3,2,6
202400053338,2024-05-02 18:45:00,2024,5,2,18,45,51,51454,VILLAGEOISE (RUE),49.227279,4.039959,Plein jour,En agglomération,Intersection en T,Pluie légère,Autre collision,4,2,2,0,2,1,2,0,4,50,1,1,0,0,0,1,20.0,,voiture,,1,2,3,2,6
202400053339,2024-08-14 19:30:00,2024,8,14,19,30,77,77447,C.D 82,48.55446,2.56776,Plein jour,Hors agglomération,Hors intersection,Normale,Sans collision,3,-1,0,0,1,1,1,0,1,80,1,1,0,0,0,1,28.0,,deux_roues,,1,1,1,1,7
202400053340,2024-06-07 16:20:00,2024,6,7,16,20,54,54528,Avenue du Colonel Péchot,48.68098,5.89134,Plein jour,En agglomération,Hors intersection,Temps éblouissant,Autre collision,4,2,1,0,1,1,1,0,1,50,1,2,1,0,1,0,20.0,,voiture,,1,2,1,7,6
202400053341,2024-05-04 15:40:00,2024,5,4,15,40,32,32013,FERMAT (RUE),43.65082,0.58484,Plein jour,En agglomération,Hors intersection,Normale,Sans collision,4,2,2,0,2,2,1,0,3,50,1,1,0,0,0,1,65.0,,voiture,,1,2,1,1,7
202400053342,2024-07-11 17:15:00,2024,7,11,17,15,07,07095,D 238,44.985988,4.682729,Plein jour,Hors agglomération,Hors intersection,Pluie forte,Deux véhicules - frontale,3,2,2,0,2,2,2,0,1,80,2,2,1,0,0,1,67.0,54.0,deux_roues,utilitaire_camion,1,1,1,3,1
202400053343,2024-02-13 10:45:00,2024,2,13,10,45,35,35051,RIGOURDIERE (RUE DE LA),48.11497717,-1.59051536,Plein jour,En agglomération,Intersection en T,Normale,Deux véhicules - côté,4,2,2,0,1,1,1,0,5,30,2,2,1,0,0,1,28.0,26.0,voiture,deux_roues,1,2,3,1,3
202400053343,2024-02-13 10:45:00,2024,2,13,10,45,35,35051,RIGOURDIERE (RUE DE LA),48.11497717,-1.59051536,Plein jour,En agglomération,Intersection en T,Normale,Deux véhicules - côté,4,2,2,3,1,1,1,0,5,30,2,2,1,0,0,1,28.0,26.0,voiture,deux_roues,1,2,3,1,3
202400053344,2024-09-21 16:15:00,2024,9,21,16,15,32,32160,RN124 point kilomètrique 008+400 sens toulouse auch,43.59528,1.119018,Plein jour,Hors agglomération,Hors intersection,Pluie légère,Autre collision,3,3,4,0,2,1,2,0,3,110,1,1,0,1,0,0,25.0,,voiture,,1,1,1,2,6
202400053345,2024-01-01 11:40:00,2024,1,1,11,40,91,91326,MONTTESSUY (RUE),48.685014,2.383108,Plein jour,En agglomération,Autre intersection,Normale,Deux véhicules - côté,3,-1,0,0,1,1,1,9,8,1,2,2,1,0,0,1,68.0,49.0,utilitaire_camion,voiture,1,2,9,1,3
202400053346,2024-03-25 09:30:00,2024,3,25,9,30,94,94081,7 Avenue Youri Gagarine,48.789095,2.389553,Plein jour,En agglomération,Hors intersection,Normale,Autre collision,3,3,4,1,1,1,1,0,1,50,1,1,0,0,0,1,56.0,,deux_roues,,1,2,1,1,6
202400053347,2024-07-11 14:15:00,2024,7,11,14,15,53,53096,2 Place de l'Eglise,48.295882,-0.936381,Plein jour,En agglomération,Hors intersection,Normale,Sans collision,4,2,2,0,2,1,1,0,1,50,1,1,0,0,1,0,11.0,,deux_roues,,1,2,1,1,7
202400053348,2024-11-29 20:30:00,2024,11,29,20,30,974,97403,CD26,-21.249297,55.465325,Nuit avec éclairage allumé,En agglomération,Hors intersection,Normale,Deux véhicules - côté,3,2,2,0,2,1,1,0,1,50,2,2,1,0,1,0,72.0,46.0,voiture,utilitaire_camion,5,2,1,1,3
202400053349,2024-05-02 18:00:00,2024,5,2,18,0,51,51055,GUERIN (RUE CAMILLE),49.2729,4.05189,Plein jour,En agglomération,Intersection en T,Pluie légère,Deux véhicules - côté,4,2,2,0,2,1,2,0,1,50,2,2,1,0,0,1,38.0,23.0,voiture,deux_roues,1,2,3,2,3
202400053349,2024-05-02 18:00:00,2024,5,2,18,0,51,51055,GUERIN (RUE CAMILLE),49.2729,4.05189,Plein jour,En agglomération,Intersection en T,Pluie légère,Deux véhicules - côté,4,2,2,0,2,1,2,0,1,50,2,2,1,0,0,1,38.0,23.0,voiture,deux_roues,1,2,3,2,3
202400053350,2024-08-14 09:25:00,2024,8,14,9,25,77,77243,METZ  (RUE DE  ),48.8756,2.7125,Plein jour,En agglomération,Hors intersection,Normale,Sans collision,4,2,2,0,2,1,1,0,1,50,1,1,0,0,0,1,44.0,,voiture,,1,2,1,1,7
202400053351,2024-09-20 18:30:00,2024,9,20,18,30,63,63238,Le puy maladroit - Les Vaissieres,45.882077,2.791665,Nuit sans éclairage public,Hors agglomération,Autre intersection,Normale,Autre collision,9,-1,1,0,2,2,2,9,8,50,1,1,0,0,1,0,41.0,,deux_roues,,3,1,9,1,6
202400053352,2024-04-24 12:40:00,2024,4,24,12,40,32,32013,HOCHE (AVENUE),43.64701,0.58999,Plein jour,En agglomération,Hors intersection,Normale,Deux véhicules - arrière,4,2,2,0,1,1,1,0,1,50,2,2,1,0,0,1,61.0,21.0,deux_roues,voiture,1,2,1,1,2
202400053353,2024-02-13 07:55:00,2024,2,13,7,55,35,35238,DESGREES (BD PAUL HUTIN),48.09387,-1.63862,Crépuscule ou aube,En agglomération,Hors intersection,Normale,Deux véhicules - frontale,4,2,2,1,1,1,1,0,1,30,2,2,1,0,1,0,30.0,45.0,deux_roues,voiture,2,2,1,1,1
202400053354,2024-11-25 20:50:00,2024,11,25,20,50,78,78034,Route de Montfort,48.837799,1.82291,Nuit sans éclairage public,Hors agglomération,Hors intersection,Pluie forte,Autre collision,3,2,2,0,1,1,2,0,1,80,1,1,0,0,1,0,50.0,,deux_roues,,3,1,1,3,6
202400053355,2024-06-07 17:00:00,2024,6,7,17,0,54,54547,Boulevard Louis Barthou,48.67065,6.1873,Plein jour,En agglomération,Hors intersection,Normale,Trois véhicules et plus - en chaîne,4,3,4,3,1,1,1,-1,1,70,3,4,2,0,0,2,42.0,30.0,voiture,voiture,1,2,1,1,4
202400053356,2024-07-11 14:00:00,2024,7,11,14,0,53,53042,La Cour,48.395145,-0.790274,Plein jour,Hors agglomération,Hors intersection,Normale,Deux véhicules - frontale,3,2,2,0,2,3,1,0,1,80,2,2,0,0,0,2,91.0,54.0,voiture,utilitaire_camion,1,1,1,1,1
202400053357,2024-01-02 01:30:00,2024,1,2,1,30,69,69282,Place du 11 Novembre 1918,45.76084,5.00011,Nuit avec éclairage allumé,En agglomération,Hors intersection,Normale,Autre collision,4,2,2,0,3,3,1,5,1,50,1,2,0,0,0,2,59.0,,voiture,,5,2,1,1,6
202400053358,2024-09-20 17:50:00,2024,9,20,17,50,63,63003,Avenue de Lyon,45.54890417,3.74294102,Plein jour,En agglomération,Hors intersection,Normale,Autre collision,3,2,2,0,1,1,1,0,1,50,1,2,1,0,1,0,93.0,,voiture,,1,2,1,1,6
202400053359,2024-12-01 20:50:00,2024,12,1,20,50,05,05118,Route Departementale 942,44.295074,5.820951,Nuit sans éclairage public,Hors agglomération,Hors intersection,Normale,Autre collision,3,2,2,0,1,4,1,0,3,90,1,1,0,0,1,0,21.0,,voiture,,3,1,1,1,6
202400053360,2024-05-02 12:00:00,2024,5,2,12,0,51,51454,BOYER (Rue Gaston),49.26113,4.02105,Plein jour,En agglomération,Intersection en X,Pluie légère,Deux véhicules - côté,4,2,2,0,1,1,2,9,1,50,2,2,1,0,0,1,20.0,23.0,deux_roues,voiture,1,2,2,2,3
202400053360,2024-05-02 12:00:00,2024,5,2,12,0,51,51454,BOYER (Rue Gaston),49.26113,4.02105,Plein jour,En agglomération,Intersection en X,Pluie légère,Deux véhicules - côté,4,2, -1,-1,1,1,2,0,1,-1,2,2,1,0,0,1,20.0,23.0,deux_roues,voiture,1,2,2,2,3
202400053361,2024-08-13 16:45:00,2024,8,13,16,45,66,66136,Avenue du Palais-des-Expositions,42.70579758,2.89614201,Plein jour,En agglomération,Intersection en T,Pluie légère,Deux véhicules - frontale,4,2,2,0,1,1,2,0,1,50,2,2,1,0,0,1,16.0,68.0,deux_roues,utilitaire_camion,1,2,3,2,1
202400053361,2024-08-13 16:45:00,2024,8,13,16,45,66,66136,Avenue du Palais-des-Expositions,42.70579758,2.89614201,Plein jour,En agglomération,Intersection en T,Pluie légère,Deux véhicules - frontale,4,2,2,0,1,1,2,0,8,50,2,2,1,0,0,1,16.0,68.0,deux_roues,utilitaire_camion,1,2,3,2,1
202400053362,2024-03-25 23:10:00,2024,3,25,23,10,94,94041,Boulevard Paul Vaillant Couturier / Rue Lénine,48.818,2.39805,Nuit avec éclairage allumé,En agglomération,Intersection en X,Normale,Deux véhicules - côté,3,1,2,0,1,1,1,0,1,-1,2,4,2,0,0,2,48.0,26.0,voiture,voiture,5,2,2,1,3
202400053362,2024-03-25 23:10:00,2024,3,25,23,10,94,94041,Boulevard Paul Vaillant Couturier / Rue Lénine,48.818,2.39805,Nuit avec éclairage allumé,En agglomération,Intersection en X,Normale,Deux véhicules - côté,3,1,1,3,1,1,1,5,1,50,2,4,2,0,0,2,48.0,26.0,voiture,voiture,5,2,2,1,3
202400053363,2024-04-23 20:37:00,2024,4,23,20,37,32,32013,ONZE NOVEMBRE,43.64194,0.59305,Crépuscule ou aube,En agglomération,Giratoire,Temps couvert,Autre collision,3,-1,2,0,1,1,1,0,1,50,1,2,1,0,0,1,,,autre,,2,2,6,8,6
202400053363,2024-04-23 20:37:00,2024,4,23,20,37,32,32013,ONZE NOVEMBRE,43.64194,0.59305,Crépuscule ou aube,En agglomération,Giratoire,Temps couvert,Autre collision,3,-1,2,0,1,1,1,0,1,50,1,2,1,0,0,1,,,autre,,2,2,6,8,6
202400053364,2024-02-12 15:00:00,2024,2,12,15,0,35,35115,REPUBLIQUE (PLACE),48.3506,-1.19568,Plein jour,En agglomération,Intersection en Y,Normale,Deux véhicules - côté,4,1,1,0,1,1,1,0,1,30,2,2,1,0,0,1,28.0,46.0,voiture,deux_roues,1,2,4,1,3
202400053364,2024-02-12 15:00:00,2024,2,12,15,0,35,35115,REPUBLIQUE (PLACE),48.3506,-1.19568,Plein jour,En agglomération,Intersection en Y,Normale,Deux véhicules - côté,4,1,2,2,1,2,1,0,1,30,2,2,1,0,0,1,28.0,46.0,voiture,deux_roues,1,2,4,1,3
202400053365,2024-06-08 03:35:00,2024,6,8,3,35,54,54578,Avenue Paul Muller,48.65693,6.13161,Nuit avec éclairage allumé,Hors agglomération,Intersection en T,Normale,Autre collision,4,2,#VALEURMULTI,0,2,1,1,5,1,50,1,4,1,0,2,1,22.0,,voiture,,5,1,3,1,6
202400053366,2024-03-29 12:00:00,2024,3,29,12,0,32,32295,Impasse des Houssereres,43.498826,1.001741,Plein jour,En agglomération,Hors intersection,Normale,Autre collision,4,-1,2,0,2,2,1,0,3,50,1,1,0,0,1,0,86.0,,voiture,,1,2,1,1,6
202400053367,2024-07-09 23:45:00,2024,7,9,23,45,40,40243,lieu dit Pioc,43.94426819,-0.9171662,Nuit sans éclairage public,Hors agglomération,Hors intersection,Normale,Deux véhicules - frontale,3,2,2,0,1,1,1,0,1,80,2,3,1,1,1,0,21.0,36.0,voiture,voiture,3,1,1,1,1
202400053368,2024-01-01 18:15:00,2024,1,1,18,15,59,59183,ECLUSE DE BERGUES,51.0318,2.37176,Nuit avec éclairage allumé,En agglomération,Hors intersection,Normale,Autre collision,4,1,0,0,1,1,1,0,1,50,1,3,1,0,0,2,,,autre,,5,2,1,1,6
202400053369,2024-03-26 18:45:00,2024,3,26,18,45,93,93064,GRAVIERS (RUE DES),48.87327567,2.49735779,Plein jour,En agglomération,Hors intersection,Normale,Sans collision,4,1,1,0,1,1,1,0,1,50,1,2,1,0,1,0,26.0,,voiture,,1,2,1,1,7
202400053370,2024-11-30 15:35:00,2024,11,30,15,35,13,13076,D26,43.819224,5.011203,Plein jour,Hors agglomération,Hors intersection,Normale,Deux véhicules - côté,3,2,2,0,1,1,1,0,1,80,2,2,1,0,1,0,59.0,59.0,deux_roues,voiture,1,1,1,1,3
202400053371,2024-09-20 17:15:00,2024,9,20,17,15,63,63040,d997,45.72539879,3.3510071,Plein jour,Hors agglomération,Intersection en T,Normale,Deux véhicules - côté,3,2,2,0,2,3,1,0,1,90,2,2,1,0,1,0,57.0,81.0,voiture,voiture,1,1,3,1,3
202400053371,2024-09-20 17:15:00,2024,9,20,17,15,63,63040,d997,45.72539879,3.3510071,Plein jour,Hors agglomération,Intersection en T,Normale,Deux véhicules - côté,3,2,2,-1,1,1,1,0,1,-1,2,2,1,0,1,0,57.0,81.0,voiture,voiture,1,1,3,1,3
202400053372,2024-02-12 13:35:00,2024,2,12,13,35,35,35115,COINTAT (BD MICHEL),48.34658,-1.18479,Plein jour,En agglomération,Hors intersection,Normale,Autre collision,4,3,2,2,4,1,1,0,1,50,1,1,0,0,1,0,68.0,,voiture,,1,2,1,1,6
202400053373,2024-08-14 09:55:00,2024,8,14,9,55,64,64189,EVADES (CARREFOUR DES),43.38449,-1.66634,Plein jour,En agglomération,Giratoire,Pluie légère,Deux véhicules - côté,4,1,1,0,1,3,2,0,1,50,2,2,1,0,0,1,62.0,64.0,deux_roues,voiture,1,2,6,2,3
202400053373,2024-08-14 09:55:00,2024,8,14,9,55,64,64189,EVADES (CARREFOUR DES),43.38449,-1.66634,Plein jour,En agglomération,Giratoire,Pluie légère,Deux véhicules - côté,4,1,1,0,1,1,2,0,1,50,2,2,1,0,0,1,62.0,64.0,deux_roues,voiture,1,2,6,2,3
202400053374,2024-05-01 19:05:00,2024,5,1,19,5,50,50129,LEBAS (RUE JEAN),49.63929,-1.6515,Plein jour,En agglomération,Intersection en X,Normale,Deux véhicules - côté,4,2,1,0,3,1,1,0,1,50,2,3,2,0,0,1,80.0,,voiture,voiture,1,2,2,1,3
202400053374,2024-05-01 19:05:00,2024,5,1,19,5,50,50129,LEBAS (RUE JEAN),49.63929,-1.6515,Plein jour,En agglomération,Intersection en X,Normale,Deux véhicules - côté,4,2,1,0,1,1,1,0,1,50,2,3,2,0,0,1,80.0,,voiture,voiture,1,2,2,1,3
202400053375,2024-01-01 18:00:00,2024,1,1,18,0,51,51573,APPERT (RUE NICOLAS),49.24144,3.99149,Nuit avec éclairage allumé,En agglomération,Hors intersection,Normale,Sans collision,4,1,0,0,1,3,1,0,1,50,1,1,0,0,0,1,57.0,,voiture,,5,2,1,1,7
202400053376,2024-12-02 09:30:00,2024,12,2,9,30,89,89003,A6,47.910215,3.306134,Plein jour,Hors agglomération,Hors intersection,Temps couvert,Deux véhicules - arrière,1,3,3,0,2,3,2,0,1,130,2,2,1,0,1,0,41.0,39.0,voiture,utilitaire_camion,1,1,1,8,2
202400053377,2024-07-10 17:32:00,2024,7,10,17,32,04,04160,Place de la Libération,43.878918,5.660303,Plein jour,En agglomération,Place,Normale,Autre collision,6,-1,0,0,1,1,1,0,1,50,1,3,1,0,2,0,18.0,,voiture,,1,2,7,1,6
202400053378,2024-03-26 12:10:00,2024,3,26,12,10,93,93050,Avenue Paul Doumer/ Rue de l'Ermitage,48.85837,2.523162,Plein jour,En agglomération,Intersection en T,Pluie légère,Autre collision,3,2,2,0,1,1,2,0,1,-1,1,2,1,0,0,1,77.0,,voiture,,1,2,3,2,6
202400053378,2024-03-26 12:10:00,2024,3,26,12,10,93,93050,Avenue Paul Doumer/ Rue de l'Ermitage,48.85837,2.523162,Plein jour,En agglomération,Intersection en T,Pluie légère,Autre collision,3,2,2,0,1,1,2,0,1,50,1,2,1,0,0,1,77.0,,voiture,,1,2,3,2,6
202400053379,2024-06-07 18:30:00,2024,6,7,18,30,50,50218,VILLEDIEU (ROUTE DE),48.83761,-1.543555,Plein jour,En agglomération,Hors intersection,Normale,Trois véhicules et plus - collisions multiples,3,2,2,0,2,1,1,0,1,70,3,3,2,0,0,1,37.0,41.0,voiture,voiture,1,2,1,1,5
202400053380,2024-02-12 14:10:00,2024,2,12,14,10,34,34108,81ème R.I. (RUE DU),43.44227,3.75871,Plein jour,En agglomération,Hors intersection,Temps couvert,Autre collision,3,2,2,0,1,1,1,0,1,50,1,2,1,0,0,1,78.0,,voiture,,1,2,1,8,6
202400053381,2024-10-24 21:10:00,2024,10,24,21,10,988,98818,BENEBIG (RUE AUGUSTE),-22.27112,166.45229,Nuit avec éclairage allumé,En agglomération,Hors intersection,Normale,Deux véhicules - arrière,4,2,4,0,4,1,1,0,1,50,2,6,2,0,1,3,22.0,51.0,voiture,utilitaire_camion,5,2,1,1,2
202400053382,2024-08-13 18:05:00,2024,8,13,18,5,64,64129,MARNIERES DES,43.30245331,-0.39105535,Plein jour,En agglomération,Giratoire,Normale,Sans collision,4,2,2,0,1,1,1,0,1,50,1,1,0,0,0,1,36.0,,deux_roues,,1,2,6,1,7
202400053382,2024-08-13 18:05:00,2024,8,13,18,5,64,64129,MARNIERES DES,43.30245331,-0.39105535,Plein jour,En agglomération,Giratoire,Normale,Sans collision,4,1,1,1,2,1,1,0,1,50,1,1,0,0,0,1,36.0,,deux_roues,,1,2,6,1,7
202400053383,2024-09-20 22:15:00,2024,9,20,22,15,49,49345,Chemin du Grand Bonnezeaux,47.275408,-0.482444,Nuit sans éclairage public,En agglomération,Hors intersection,Normale,Deux véhicules - frontale,3,2,2,0,2,3,2,0,1,80,2,4,2,0,1,1,21.0,66.0,voiture,voiture,3,2,1,1,1
202400053384,2024-07-11 23:20:00,2024,7,11,23,20,27,27198,Le Nuisement - Manthelon,48.90727,1.022847,Nuit sans éclairage public,Hors agglomération,Giratoire,Temps couvert,Autre collision,3,2,2,0,1,1,1,5,3,80,1,1,0,0,0,1,52.0,,voiture,,3,1,6,8,6
202400053385,2024-05-02 07:50:00,2024,5,2,7,50,49,49007,ROI RENE BOULEVARD,47.46861,-0.55889,Plein jour,En agglomération,Intersection en X,Normale,Deux véhicules - côté,4,3,4,2,2,1,1,0,1,50,2,3,2,0,0,1,19.0,36.0,voiture,voiture,1,2,2,1,3
202400053385,2024-05-02 07:50:00,2024,5,2,7,50,49,49007,ROI RENE BOULEVARD,47.46861,-0.55889,Plein jour,En agglomération,Intersection en X,Normale,Deux véhicules - côté,4,3,4,0,2,1,1,0,1,50,2,3,2,0,0,1,19.0,36.0,voiture,voiture,1,2,2,1,3
202400053386,2024-06-08 16:05:00,2024,6,8,16,5,45,45285,Avenue Pierre Mendès France,47.90577,1.86919,Plein jour,En agglomération,Hors intersection,Normale,Autre collision,4,3,4,0,1,1,1,0,1,50,1,2,1,0,1,0,42.0,,voiture,,1,2,1,1,6
202400053387,2024-12-01 15:40:00,2024,12,1,15,40,57,57474,338bis Rue de Metz,49.258289,6.169899,Plein jour,En agglomération,Hors intersection,Normale,Autre collision,3,2,2,0,1,1,1,0,1,50,2,3,2,0,1,0,60.0,38.0,voiture,voiture,1,2,1,1,6
202400053388,2024-02-13 10:20:00,2024,2,13,10,20,34,34172,MENDES FRANCE (AVENUE PRESIDENT PIERRE,43.607402,3.917397,Plein jour,En agglomération,Hors intersection,Normale,Deux véhicules - côté,7,3,2,0,1,1,1,0,1,70,2,2,1,0,0,1,57.0,35.0,utilitaire_camion,deux_roues,1,2,1,1,3
202400053389,2024-01-01 18:00:00,2024,1,1,18,0,35,35281,PORTE DE ST NAZAIRE,48.0931,-1.70866,Nuit sans éclairage public,Hors agglomération,Hors intersection,Pluie forte,Trois véhicules et plus - en chaîne,2,3,8,0,1,1,2,0,1,90,3,4,3,0,0,1,49.0,25.0,voiture,voiture,3,1,1,3,4
202400053390,2024-08-14 18:30:00,2024,8,14,18,30,64,64102,ARANS (CHEMIN D'),43.48436,-1.48014,Plein jour,En agglomération,Intersection en Y,Normale,Sans collision,4,1,1,0,1,1,1,0,3,30,1,1,0,0,0,1,17.0,,deux_roues,,1,2,4,1,7
202400053390,2024-08-14 18:30:00,2024,8,14,18,30,64,64102,ARANS (CHEMIN D'),43.48436,-1.48014,Plein jour,En agglomération,Intersection en Y,Normale,Sans collision,4,2,2,0,1,1,1,0,1,30,1,1,0,0,0,1,17.0,,deux_roues,,1,2,4,1,7
202400053391,2024-10-24 12:30:00,2024,10,24,12,30,974,97411,AMARYLLIS (DES),-20.89744,55.47681,Plein jour,En agglomération,Hors intersection,Normale,Deux véhicules - arrière,4,2,2,0,1,1,1,0,1,50,2,2,1,0,0,1,41.0,31.0,deux_roues,voiture,1,2,1,1,2
202400053392,2024-03-02 11:45:00,2024,3,2,11,45,93,93064,Rue Galilée,48.862654,2.488043,Plein jour,En agglomération,Hors intersection,Pluie forte,Trois véhicules et plus - collisions multiples,4,1,1,0,1,1,2,0,1,50,3,3,1,0,0,2,47.0,60.0,voiture,voiture,1,2,1,3,5
202400053393,2024-09-20 10:15:00,2024,9,20,10,15,12,12039,RD119,43.764694,2.921516,Plein jour,Hors agglomération,Intersection en T,Normale,Autre collision,3,2,1,0,2,2,1,0,3,90,1,1,0,1,0,0,87.0,,voiture,,1,1,3,1,6
202400053393,2024-09-20 10:15:00,2024,9,20,10,15,12,12039,RD119,43.764694,2.921516,Plein jour,Hors agglomération,Intersection en T,Normale,Autre collision,3,2,1,0,2,3,1,0,3,80,1,1,0,1,0,0,87.0,,voiture,,1,1,3,1,6
202400053394,2024-12-01 11:50:00,2024,12,1,11,50,03,03243,"Dafit GAEC- Élevage d'animaux, route de la gondière",46.31176,2.985229,Plein jour,Hors agglomération,Hors intersection,Normale,Autre collision,4,2,2,0,1,1,6,0,1,90,1,2,1,1,0,0,20.0,,utilitaire_camion,,1,1,1,1,6
202400053395,2024-06-07 16:55:00,2024,6,7,16,55,44,44184,274 Rue de Trignac,47.30203,-2.18383,Plein jour,En agglomération,Intersection en T,Normale,Deux véhicules - côté,4,2,2,0,1,1,1,0,1,50,2,2,1,0,1,0,26.0,39.0,voiture,deux_roues,1,2,3,1,3
202400053395,2024-06-07 16:55:00,2024,6,7,16,55,44,44184,274 Rue de Trignac,47.30203,-2.18383,Plein jour,En agglomération,Intersection en T,Normale,Deux véhicules - côté,4,2,2,0,1,1,1,0,1,50,2,2,1,0,1,0,26.0,39.0,voiture,deux_roues,1,2,3,1,3
202400053396,2024-05-02 09:30:00,2024,5,2,9,30,49,49246,EUROPE AVENUE,47.44361,-0.52717,Plein jour,Hors agglomération,Giratoire,Normale,Deux véhicules - côté,4,2,2,2,1,1,1,0,1,50,2,2,1,0,0,1,57.0,34.0,voiture,deux_roues,1,1,6,1,3
202400053396,2024-05-02 09:30:00,2024,5,2,9,30,49,49246,EUROPE AVENUE,47.44361,-0.52717,Plein jour,Hors agglomération,Giratoire,Normale,Deux véhicules - côté,4,2,2,0,1,1,1,0,1,30,2,2,1,0,0,1,57.0,34.0,voiture,deux_roues,1,1,6,1,3
202400053397,2024-01-01 15:20:00,2024,1,1,15,20,35,35238,PREVALAYE (QUAI DE LA),48.10931,-1.68556,Plein jour,En agglomération,Hors intersection,Normale,Autre collision,4,1,1,1,1,1,1,0,1,30,1,2,1,0,0,1,36.0,,voiture,,1,2,1,1,6
202400053398,2024-10-24 06:20:00,2024,10,24,6,20,974,97411,JAURES (BOULEVARD JEAN),-20.88917,55.45027,Plein jour,En agglomération,Intersection en T,Normale,Autre collision,4,1,1,0,1,1,1,0,1,50,1,1,0,0,0,1,31.0,,deux_roues,,1,2,3,1,6
202400053398,2024-10-24 06:20:00,2024,10,24,6,20,974,97411,JAURES (BOULEVARD JEAN),-20.88917,55.45027,Plein jour,En agglomération,Intersection en T,Normale,Autre collision,4,2,0,1,1,1,1,0,1,50,1,1,0,0,0,1,31.0,,deux_roues,,1,2,3,1,6
202400053399,2024-09-20 21:45:00,2024,9,20,21,45,42,42059,Route de Chevrières,45.618127,4.376893,Nuit sans éclairage public,Hors agglomération,Hors intersection,Normale,Autre collision,3,2,2,0,2,3,1,0,1,80,1,1,0,0,1,0,19.0,,voiture,,3,1,1,1,6
202400053400,2024-02-12 14:33:00,2024,2,12,14,33,34,34129,BOIRARGUES (AVENUE DE),43.57628,3.91223,Plein jour,En agglomération,Hors intersection,Pluie légère,Trois véhicules et plus - en chaîne,4,1,2,0,1,1,2,0,1,50,3,4,2,0,0,2,76.0,31.0,voiture,voiture,1,2,1,2,4
202400053401,2024-07-11 16:30:00,2024,7,11,16,30,28,28422,D17,48.252752,1.543681,Plein jour,Hors agglomération,Intersection en X,Temps couvert,Deux véhicules - côté,3,2,2,0,1,1,1,0,1,80,2,4,0,1,0,3,62.0,63.0,voiture,voiture,1,1,2,8,3
202400053401,2024-07-11 16:30:00,2024,7,11,16,30,28,28422,D17,48.252752,1.543681,Plein jour,Hors agglomération,Intersection en X,Temps couvert,Deux véhicules - côté,3,2,2,0,1,1,1,0,1,80,2,4,0,1,0,3,62.0,63.0,voiture,voiture,1,1,2,8,3
202400053402,2024-08-14 08:00:00,2024,8,14,8,0,64,64102,PAUL PRAS (AVENUE),43.48395,-1.4767,Crépuscule ou aube,En agglomération,Hors intersection,Pluie légère,Trois véhicules et plus - collisions multiples,4,2,2,0,1,1,2,0,1,30,3,3,2,0,0,1,35.0,29.0,utilitaire_camion,voiture,2,2,1,2,5
202400053403,2024-03-23 22:27:00,2024,3,23,22,27,92,92063,DIX-HUIT JUIN 1940 (AVENUE DU) EST,48.86825826,2.1911315,Nuit avec éclairage allumé,En agglomération,Intersection en T,Normale,Deux véhicules - côté,3,2,2,0,2,1,1,0,1,30,2,2,0,0,0,2,17.0,19.0,deux_roues,deux_roues,5,2,3,1,3
202400053403,2024-03-23 22:27:00,2024,3,23,22,27,92,92063,DIX-HUIT JUIN 1940 (AVENUE DU) EST,48.86825826,2.1911315,Nuit avec éclairage allumé,En agglomération,Intersection en T,Normale,Deux véhicules - côté,3,2,2,0,2,1,1,0,1,50,2,2,0,0,0,2,17.0,19.0,deux_roues,deux_roues,5,2,3,1,3
202400053404,2024-09-21 16:40:00,2024,9,21,16,40,39,39025,,46.569465,5.379885,Plein jour,Hors agglomération,Hors intersection,Normale,Sans collision,4,1,1,0,1,3,1,0,3,80,1,1,0,0,1,0,53.0,,deux_roues,,1,1,1,1,7
202400053405,2024-11-30 18:35:00,2024,11,30,18,35,38,38298,Place Paul Morand,45.372664,4.79704,Nuit avec éclairage allumé,En agglomération,Intersection en X,Normale,Deux véhicules - côté,4,1,1,0,1,1,1,0,1,50,2,3,2,0,1,0,67.0,14.0,voiture,deux_roues,5,2,2,1,3