accident_id,datetime,annee,mois,jour,heure,minute,departement,commune_insee,adresse,latitude,longitude,luminosite,agglomeration,intersection,meteo,collision,catr,circ,nbv,vosp,prof,plan,surf,infra,situ,vma,nb_vehicules,nb_usagers,nb_indemnes,nb_tues,nb_blesses_hosp,nb_blesses_legers,age_cond_1,age_cond_2,veh_type_cond_1,veh_type_cond_2,lum_code,agg_code,int_code,atm_code,col_code
202400053475,2024-07-12 01:00:00,2024,7,12,1,0,973,97305,N1,4.943563,-52.416209,Nuit sans éclairage public,Hors agglomération,Hors intersection,Pluie légère,Sans collision,2,2,2,0,1,1,2,0,3,80,1,1,0,0,0,1,35.0,,deux_roues,,3,1,1,2,7
202400053476,2024-02-12 16:55:00,2024,2,12,16,55,19,19031,"""MOULIN (BOULEVARD JEAN) COTE """"LES CEDR",45.16131,1.50313,Plein jour,En agglomération,Intersection en T,Normale,Deux véhicules - côté,4,2,2,0,1,1,2,0,1,50,2,2,1,0,0,1,20.0,53.0,voiture,voiture,1,2,3,1,3
202400053476,2024-02-12 16:55:00,2024,2,12,16,55,19,19031,"""MOULIN (BOULEVARD JEAN) COTE """"LES CEDR",45.16131,1.50313,Plein jour,En agglomération,Intersection en T,Normale,Deux véhicules - côté,4,2,3,0,1,1,2,0,1,50,2,2,1,0,0,1,20.0,53.0,voiture,voiture,1,2,3,1,3
202400053477,2024-12-02 08:10:00,2024,12,2,8,10,14,14728,Avenue de la Drôme,49.284072,-0.72763,Crépuscule ou aube,En agglomération,Hors intersection,Normale,Sans collision,3,2,2,0,1,1,1,0,1,70,1,1,0,0,1,0,27.0,,deux_roues,,2,2,1,1,7
202400053478,2024-03-26 18:45:00,2024,3,26,18,45,01,01085,D7,46.085488,5.025752,Crépuscule ou aube,Hors agglomération,Intersection en X,Pluie forte,Deux véhicules - côté,3,2,2,0,1,1,2,0,1,80,2,2,1,0,0,1,53.0,26.0,utilitaire_camion,voiture,2,1,2,3,3
202400053478,2024-03-26 18:45:00,2024,3,26,18,45,01,01085,D7,46.085488,5.025752,Crépuscule ou aube,Hors agglomération,Intersection en X,Pluie forte,Deux véhicules - côté,3,2,2,0,2,1,2,0,1,80,2,2,1,0,0,1,53.0,26.0,utilitaire_camion,voiture,2,1,2,3,3
202400053479,2024-01-01 06:30:00,2024,1,1,6,30,13,13075,FRÉDÉRIC CHEVILLON (AVENUE),43.34697344,5.4631268,Nuit avec éclairage allumé,En agglomération,Hors intersection,Normale,Deux véhicules - frontale,4,2,2,0,1,1,1,6,4,30,1,1,0,0,0,1,27.0,,voiture,,5,2,1,1,1
202400053480,2024-06-08 11:15:00,2024,6,8,11,15,34,34108,MONTPELLIER (ROUTE DE),43.45791,3.76295,Plein jour,En agglomération,Giratoire,Temps couvert,Deux véhicules - côté,4,1,1,0,1,3,1,5,1,50,2,2,1,0,0,1,46.0,17.0,voiture,deux_roues,1,2,6,8,3
202400053481,2024-08-14 04:44:00,2024,8,14,4,44,56,56121,Cours Louis de Chazelles,47.7571,-3.3646,Nuit avec éclairage non allumé,En agglomération,Giratoire,Normale,Autre collision,4,1,1,0,1,3,1,5,4,30,1,1,0,0,0,1,20.0,,voiture,,4,2,6,1,6
202400053482,2024-09-20 18:30:00,2024,9,20,18,30,72,72103,Lieu dit Les bois,47.81363445,0.55278934,Crépuscule ou aube,Hors agglomération,Intersection en X,Normale,Deux véhicules - côté,3,2,2,0,1,1,1,0,1,90,2,3,0,0,1,2,47.0,46.0,voiture,voiture,2,1,2,1,3
202400053482,2024-09-20 18:30:00,2024,9,20,18,30,72,72103,Lieu dit Les bois,47.81363445,0.55278934,Crépuscule ou aube,Hors agglomération,Intersection en X,Normale,Deux véhicules - côté,3,-1, -1,-1,1,1,1,0,1,-1,2,3,0,0,1,2,47.0,46.0,voiture,voiture,2,1,2,1,3
202400053483,2024-05-02 16:41:00,2024,5,2,16,41,24,24037,POZZI (RUE DU PROFESSEUR),44.85112,0.49062,Plein jour,En agglomération,Intersection en X,Pluie légère,Deux véhicules - côté,4,1,1,0,1,1,2,5,1,30,2,2,1,0,0,1,16.0,24.0,deux_roues,utilitaire_camion,1,2,2,2,3
202400053483,2024-05-02 16:41:00,2024,5,2,16,41,24,24037,POZZI (RUE DU PROFESSEUR),44.85112,0.49062,Plein jour,En agglomération,Intersection en X,Pluie légère,Deux véhicules - côté,4,1,1,0,1,1,2,5,1,30,2,2,1,0,0,1,16.0,24.0,deux_roues,utilitaire_camion,1,2,2,2,3
202400053484,2024-02-13 07:56:00,2024,2,13,7,56,15,15014,RD 117,44.92424,2.47176,Plein jour,Hors agglomération,Hors intersection,Autre,Autre collision,3,2,2,0,1,2,7,0,3,70,1,1,0,0,0,1,25.0,,voiture,,1,1,1,9,6
202400053485,2024-10-24 07:15:00,2024,10,24,7,15,972,97213,AUTOROUTE A1,14.61765,-61.03475,Plein jour,Hors agglomération,Hors intersection,Normale,Trois véhicules et plus - en chaîne,1,2,5,0,1,1,1,0,1,90,4,4,3,0,0,1,46.0,69.0,voiture,voiture,1,1,1,1,4
202400053486,2024-07-11 13:45:00,2024,7,11,13,45,978,97801,R DE SANDY GROUND,18.063822,-63.090591,Plein jour,En agglomération,Hors intersection,Normale,Deux véhicules - frontale,4,2,2,0,1,4,1,0,1,50,2,2,1,1,0,0,35.0,27.0,deux_roues,voiture,1,2,1,1,1
202400053487,2024-11-30 21:50:00,2024,11,30,21,50,29,29046,Chemin de Menez Kerguesten,48.087003,-4.347744,Nuit sans éclairage public,Hors agglomération,Hors intersection,Pluie légère,Deux véhicules - arrière,4,2,2,0,2,1,2,0,1,70,2,3,1,0,0,2,31.0,42.0,voiture,voiture,3,1,1,2,2
202400053488,2024-07-11 13:10:00,2024,7,11,13,10,29,29234,rue de Rosbigot,47.854373,-3.47502,Plein jour,En agglomération,Hors intersection,Pluie forte,Sans collision,4,2,2,0,2,3,2,0,1,50,1,1,0,0,0,1,26.0,,deux_roues,,1,2,1,3,7
202400053489,2024-03-25 07:50:00,2024,3,25,7,50,67,67559,RD 935,48.895336,7.313032,Plein jour,En agglomération,Intersection en Y,Normale,Deux véhicules - frontale,3,2,2,0,1,1,1,0,8,80,2,2,0,0,2,0,58.0,66.0,voiture,voiture,1,2,4,1,1
202400053489,2024-03-25 07:50:00,2024,3,25,7,50,67,67559,RD 935,48.895336,7.313032,Plein jour,En agglomération,Intersection en Y,Normale,Deux véhicules - frontale,3,2, -1,-1,1,1,1,0,8,80,2,2,0,0,2,0,58.0,66.0,voiture,voiture,1,2,4,1,1
202400053490,2024-05-02 10:50:00,2024,5,2,10,50,22,22106,HAUTS CHEMINS (RUE DES),48.48977,-2.69782,Plein jour,En agglomération,Hors intersection,Normale,Deux véhicules - côté,3,2,2,0,1,1,1,0,1,50,2,2,1,0,0,1,52.0,81.0,deux_roues,voiture,1,2,1,1,3
202400053491,2024-08-13 13:21:00,2024,8,13,13,21,56,56121,Rue François Toullec,47.73238,-3.37976,Plein jour,En agglomération,Hors intersection,Normale,Deux véhicules - côté,3,2,2,0,1,1,1,-1,5,30,2,2,1,0,0,1,52.0,33.0,voiture,deux_roues,1,2,1,1,3
202400053492,2024-06-08 23:20:00,2024,6,8,23,20,34,34172,PRES D'ARENES (ROND-POINT DES),43.58893,3.89085,Nuit avec éclairage allumé,En agglomération,Hors intersection,Normale,Autre collision,7,1,2,0,2,3,1,9,1,50,1,3,2,0,1,0,20.0,,deux_roues,,5,2,1,1,6
202400053493,2024-02-13 12:45:00,2024,2,13,12,45,13,13205,CAMAS (RUE DU),43.29583,5.39618,Plein jour,En agglomération,Intersection en X,Normale,Deux véhicules - arrière,4,1,1,0,1,1,1,0,1,50,2,2,1,0,0,1,,43.0,voiture,utilitaire_camion,1,2,2,1,2
202400053493,2024-02-13 12:45:00,2024,2,13,12,45,13,13205,CAMAS (RUE DU),43.29583,5.39618,Plein jour,En agglomération,Intersection en X,Normale,Deux véhicules - arrière,4,1,1,0,1,1,1,0,1,50,2,2,1,0,0,1,,43.0,voiture,utilitaire_camion,1,2,2,1,2
202400053494,2024-09-21 02:50:00,2024,9,21,2,50,72,72320,Rue de Villeneuve,48.051966,0.181897,Nuit avec éclairage allumé,En agglomération,Hors intersection,Normale,Deux véhicules - côté,4,2,2,0,1,1,1,0,1,80,2,2,1,0,1,0,55.0,31.0,deux_roues,voiture,5,2,1,1,3
202400053495,2024-10-24 15:15:00,2024,10,24,15,15,69,69034,Chemin de Crépieux,45.80097,4.8552,Plein jour,En agglomération,Intersection à plus de 4 branches,Normale,Deux véhicules - frontale,4,2,3,1,2,1,1,5,1,50,2,3,2,0,1,0,67.0,25.0,voiture,deux_roues,1,2,5,1,1
202400053495,2024-10-24 15:15:00,2024,10,24,15,15,69,69034,Chemin de Crépieux,45.80097,4.8552,Plein jour,En agglomération,Intersection à plus de 4 branches,Normale,Deux véhicules - frontale,4,2,2,3,2,1,1,5,1,50,2,3,2,0,1,0,67.0,25.0,voiture,deux_roues,1,2,5,1,1
202400053496,2024-01-01 20:30:00,2024,1,1,20,30,06,06004,2631 Chemin de Saint Claude,43.60272,7.08776,Nuit avec éclairage allumé,En agglomération,Intersection en T,Normale,Deux véhicules - arrière,4,2,2,0,1,1,1,0,1,50,2,6,2,0,0,4,40.0,30.0,voiture,voiture,5,2,3,1,2
202400053496,2024-01-01 20:30:00,2024,1,1,20,30,06,06004,2631 Chemin de Saint Claude,43.60272,7.08776,Nuit avec éclairage allumé,En agglomération,Intersection en T,Normale,Deux véhicules - arrière,4,2,2,0,3,1,1,0,8,50,2,6,2,0,0,4,40.0,30.0,voiture,voiture,5,2,3,1,2
202400053497,2024-08-13 13:10:00,2024,8,13,13,10,56,56098,Rue Rouget de l'Isle,47.77859,-3.34714,Plein jour,En agglomération,Hors intersection,Normale,Autre collision,4,2,2,0,1,2,1,9,3,50,1,1,0,0,0,1,20.0,,voiture,,1,2,1,1,6
202400053498,2024-07-09 02:50:00,2024,7,9,2,50,78,78513,Route Nationale 12,48.798469,1.753425,Nuit sans éclairage public,Hors agglomération,Hors intersection,Normale,Autre collision,2,3,2,0,2,1,1,0,1,110,1,1,0,0,1,0,30.0,,voiture,,3,1,1,1,6
202400053499,2024-12-02 16:00:00,2024,12,2,16,0,22,22389,Avenue Georges Pompidou,48.481687,-2.683207,Crépuscule ou aube,En agglomération,Hors intersection,Temps éblouissant,Trois véhicules et plus - collisions multiples,4,2,2,0,2,1,1,2,1,50,3,3,2,1,0,0,75.0,51.0,deux_roues,utilitaire_camion,2,2,1,7,5
202400053500,2024-05-02 21:36:00,2024,5,2,21,36,18,18033,59 Avenue du Général Charles de Gaulle,47.09815,2.40582,Plein jour,En agglomération,Hors intersection,Normale,Deux véhicules - côté,3,3,4,0,1,1,1,9,1,50,2,2,1,0,1,0,56.0,31.0,voiture,deux_roues,1,2,1,1,3
202400053501,2024-03-25 12:30:00,2024,3,25,12,30,06,06149,10 Route de Laghet,43.744674,7.322082,Plein jour,En agglomération,Hors intersection,Normale,Deux véhicules - côté,7,2,2,0,1,1,1,0,1,50,2,2,1,0,0,1,45.0,61.0,utilitaire_camion,deux_roues,1,2,1,1,3
202400053502,2024-09-20 19:15:00,2024,9,20,19,15,72,72381,Lieu Dit Le Champ Du Chataignier,47.93361,0.10706,Plein jour,Hors agglomération,Hors intersection,Normale,Deux véhicules - frontale,3,3,2,0,1,1,1,9,1,90,2,2,1,0,0,1,21.0,44.0,voiture,deux_roues,1,1,1,1,1
202400053503,2024-02-13 13:42:00,2024,2,13,13,42,13,13214,BESSONS (CHEMIN DES),43.33,5.39,Plein jour,En agglomération,Intersection en T,Normale,Deux véhicules - côté,4,2,2,0,1,3,1,0,1,50,1,2,1,0,0,1,47.0,,voiture,,1,2,3,1,3
202400053503,2024-02-13 13:42:00,2024,2,13,13,42,13,13214,BESSONS (CHEMIN DES),43.33,5.39,Plein jour,En agglomération,Intersection en T,Normale,Deux véhicules - côté,4,2,2,0,1,3,1,0,1,50,1,2,1,0,0,1,47.0,,voiture,,1,2,3,1,3
202400053504,2024-10-24 16:15:00,2024,10,24,16,15,69,69389,Rue de Montribloud,45.76659,4.78925,Plein jour,En agglomération,Intersection en T,Normale,Autre collision,4,2,2,0,1,1,1,0,1,30,1,2,1,0,0,1,35.0,,utilitaire_camion,,1,2,3,1,6
202400053504,2024-10-24 16:15:00,2024,10,24,16,15,69,69389,Rue de Montribloud,45.76659,4.78925,Plein jour,En agglomération,Intersection en T,Normale,Autre collision,4,2,2,0,1,1,1,0,1,30,1,2,1,0,0,1,35.0,,utilitaire_camion,,1,2,3,1,6
202400053505,2024-06-08 11:50:00,2024,6,8,11,50,34,34172,LAVERUNE (ROUTE DE,43.59671,3.83778,Plein jour,En agglomération,Hors intersection,Normale,Sans collision,7,3,2,0,1,4,1,0,1,30,2,4,2,0,0,2,59.0,22.0,voiture,voiture,1,2,1,1,7
202400053506,2024-07-08 02:45:00,2024,7,8,2,45,34,34176,D24,43.630111,4.038076,Nuit sans éclairage public,Hors agglomération,Hors intersection,Normale,Sans collision,3,2,2,0,1,1,1,0,1,80,1,1,0,0,1,0,22.0,,voiture,,3,1,1,1,7
202400053507,2024-12-01 16:52:00,2024,12,1,16,52,13,13015,A51-Sens Marseille vers Aix en Provence,43.432,5.394,Plein jour,Hors agglomération,Hors intersection,Normale,Autre collision,1,1,2,0,1,1,1,0,1,90,1,1,0,0,0,1,52.0,,voiture,,1,1,1,1,6
202400053508,2024-08-14 15:10:00,2024,8,14,15,10,50,50147,REPUBLIQUE,49.05377,-1.44083,Plein jour,En agglomération,Hors intersection,Normale,Autre collision,4,2,2,0,1,1,1,5,1,50,1,2,1,0,0,1,20.0,,voiture,,1,2,1,1,6
202400053509,2024-10-24 12:50:00,2024,10,24,12,50,91,91174,QUAI MAURICE RIQUIEZ,48.61071,2.48948,Plein jour,En agglomération,Hors intersection,Normale,Deux véhicules - arrière,3,2,2,0,1,1,1,0,1,50,2,2,1,0,0,1,51.0,43.0,deux_roues,voiture,1,2,1,1,2
202400053510,2024-01-01 03:45:00,2024,1,1,3,45,06,06155,SAINT BERNARD CH.,43.58866,7.05557,Nuit avec éclairage allumé,Hors agglomération,Hors intersection,Normale,Deux véhicules - frontale,3,2,2,0,2,1,2,0,1,50,2,7,0,0,5,2,36.0,26.0,voiture,voiture,5,1,1,1,1
202400053511,2024-03-27 03:45:00,2024,3,27,3,45,44,44212,,47.156564,-1.279489,Nuit sans éclairage public,Hors agglomération,Hors intersection,Normale,Autre collision,2,3,4,0,1,1,1,0,1,110,1,2,1,1,0,0,53.0,,utilitaire_camion,,3,1,1,1,6
202400053512,2024-09-21 08:00:00,2024,9,21,8,0,14,14726,15 Route de Vire,48.847346,-0.71218,Plein jour,Hors agglomération,Intersection en T,Pluie légère,Deux véhicules - côté,3,2,2,0,1,1,2,0,1,70,2,2,0,0,0,2,22.0,71.0,voiture,voiture,1,1,3,2,3
202400053512,2024-09-21 08:00:00,2024,9,21,8,0,14,14726,15 Route de Vire,48.847346,-0.71218,Plein jour,Hors agglomération,Intersection en T,Pluie légère,Deux véhicules - côté,3,2,2,0,1,1,2,0,1,50,2,2,0,0,0,2,22.0,71.0,voiture,voiture,1,1,3,2,3
202400053513,2024-02-13 10:10:00,2024,2,13,10,10,12,12145,CAVALERIE (COTE DE LA ),44.08689,3.08723,Plein jour,Hors agglomération,Hors intersection,Brouillard / fumée,Deux véhicules - frontale,3,2,2,0,2,3,2,0,1,90,2,3,0,0,2,1,68.0,50.0,voiture,voiture,1,1,1,5,1
202400053514,2024-11-30 17:00:00,2024,11,30,17,0,13,13215,A7-Sens Lyon vers Marseille,43.3581884,5.36269145,Nuit sans éclairage public,Hors agglomération,Hors intersection,Normale,Trois véhicules et plus - en chaîne,1,1,3,0,1,1,1,0,1,90,4,4,3,0,1,0,24.0,65.0,voiture,deux_roues,3,1,1,1,4
202400053515,2024-07-11 16:30:00,2024,7,11,16,30,83,83063,4965 Route de Grimaud,43.28989961,6.49315596,Plein jour,Hors agglomération,Hors intersection,Normale,Deux véhicules - côté,3,2,2,0,2,4,1,0,1,80,2,2,1,0,0,1,45.0,38.0,deux_roues,utilitaire_camion,1,1,1,1,3
202400053516,2024-08-12 13:10:00,2024,8,12,13,10,50,50129,AXE NORD SUD,49.60504,-1.5941,Plein jour,En agglomération,Hors intersection,Normale,Deux véhicules - arrière,2,3,0,0,1,2,1,0,1,70,2,4,3,0,0,1,26.0,34.0,voiture,voiture,1,2,1,1,2
202400053517,2024-06-07 16:50:00,2024,6,7,16,50,34,34172,RECAMBALE (AVENUE DE LA),43.60962,3.83859,Plein jour,En agglomération,Hors intersection,Normale,Deux véhicules - arrière,4,2,5,0,1,1,1,2,1,50,2,5,4,0,0,1,51.0,32.0,voiture,deux_roues,1,2,1,1,2
202400053518,2024-10-24 08:00:00,2024,10,24,8,0,91,91223,SABLIERE (RUE DE LA)   ZI,48.45173,2.16014,Crépuscule ou aube,En agglomération,Hors intersection,Normale,Deux véhicules - côté,4,2,2,0,1,1,1,0,1,50,2,2,1,0,0,1,32.0,53.0,voiture,deux_roues,2,2,1,1,3
202400053519,2024-02-12 18:44:00,2024,2,12,18,44,10,10362,ROCADE OUEST (RD 610),48.2937,4.0313,Nuit sans éclairage public,Hors agglomération,Hors intersection,Temps couvert,Autre collision,3,1,1,0,1,1,2,9,1,110,1,2,0,0,0,2,62.0,,voiture,,3,1,1,8,6
202400053520,2024-04-27 16:55:00,2024,4,27,16,55,15,15014,Place du square,44.92776,2.44401,Plein jour,En agglomération,Hors intersection,Normale,Autre collision,4,2,2,3,1,1,1,0,4,20,1,2,1,0,0,1,,,deux_roues,,1,2,1,1,6
202400053521,2024-01-01 18:30:00,2024,1,1,18,30,75,75120,RUE DU COMMANDANT L HERMINIER,48.8492578,2.41622266,Nuit avec éclairage allumé,En agglomération,Intersection en X,Normale,Deux véhicules - côté,4,1, -1,-1,1,1,1,0,1,30,2,2,0,0,0,2,42.0,26.0,deux_roues,deux_roues,5,2,2,1,3
202400053521,2024-01-01 18:30:00,2024,1,1,18,30,75,75120,RUE DU COMMANDANT L HERMINIER,48.8492578,2.41622266,Nuit avec éclairage allumé,En agglomération,Intersection en X,Normale,Deux véhicules - côté,4,3,2,0,1,1,1,0,1,30,2,2,0,0,0,2,42.0,26.0,deux_roues,deux_roues,5,2,2,1,3
202400053522,2024-11-29 09:01:00,2024,11,29,9,1,13,13106,A7-Sens Lyon vers Marseille,43.39027,5.35013,Plein jour,Hors agglomération,Hors intersection,Normale,Deux véhicules - côté,1,1,4,0,2,3,1,0,1,90,2,2,1,0,0,1,23.0,60.0,deux_roues,voiture,1,1,1,1,3
202400053523,2024-08-14 19:24:00,2024,8,14,19,24,49,49267,A87N,47.47160626,-0.5097454,Plein jour,Hors agglomération,Hors intersection,Normale,Sans collision,1,3,2,0,1,1,1,0,1,130,1,1,0,0,0,1,19.0,,voiture,,1,1,1,1,7
202400053524,2024-03-27 17:05:00,2024,3,27,17,5,10,10340,31 Rue du Printemps,48.253878,4.03147,Plein jour,En agglomération,Intersection en X,Normale,Deux véhicules - côté,4,2,2,0,1,1,1,0,1,50,2,3,1,0,2,0,16.0,57.0,deux_roues,utilitaire_camion,1,2,2,1,3
202400053524,2024-03-27 17:05:00,2024,3,27,17,5,10,10340,31 Rue du Printemps,48.253878,4.03147,Plein jour,En agglomération,Intersection en X,Normale,Deux véhicules - côté,4,2,2,0,1,1,1,0,1,50,2,3,1,0,2,0,16.0,57.0,deux_roues,utilitaire_camion,1,2,2,1,3
202400053525,2024-06-09 00:40:00,2024,6,9,0,40,29,29232,LOCMARIA ALLEE DE,47.99005526,-4.11050243,Nuit avec éclairage allumé,En agglomération,Hors intersection,Normale,Autre collision,3,2,4,0,1,3,1,0,1,50,1,2,1,0,1,0,32.0,,voiture,,5,2,1,1,6
202400053526,2024-07-12 10:00:00,2024,7,12,10,0,83,83107,Route Nd7,43.462301,6.647284,Plein jour,En agglomération,Hors intersection,Normale,Deux véhicules - frontale,3,2,2,0,1,1,1,0,1,70,2,2,0,0,1,1,45.0,45.0,voiture,voiture,1,2,1,1,1
202400053527,2024-02-12 15:42:00,2024,2,12,15,42,10,10387,Avenue Pasteur,48.30173074,4.06381014,Plein jour,En agglomération,Hors intersection,Normale,Autre collision,4,2,2,0,1,1,1,0,1,50,1,2,1,1,0,0,51.0,,transport_commun,,1,2,1,1,6
202400053528,2024-01-01 18:20:00,2024,1,1,18,20,75,75118,RUE CAULAINCOURT,48.88531079,2.33061209,Nuit avec éclairage allumé,En agglomération,Hors intersection,Normale,Autre collision,4,2,3,3,1,1,1,0,1,30,1,2,0,0,0,2,55.0,,deux_roues,,5,2,1,1,6
202400053529,2024-03-26 17:20:00,2024,3,26,17,20,71,71204,A6 sens Paris/Lyon PK 326+600,46.83578,4.832048,Plein jour,Hors agglomération,Hors intersection,Pluie légère,Autre collision,1,3,3,0,1,1,2,2,1,130,1,1,0,0,1,0,52.0,,utilitaire_camion,,1,1,1,2,6
202400053530,2024-09-20 07:44:00,2024,9,20,7,44,14,14626,68 Route de Saint-Cyr-du-Ronceray,49.08421,0.282351,Crépuscule ou aube,Hors agglomération,Intersection en T,Normale,Deux véhicules - côté,3,2,2,0,1,1,1,0,1,70,2,5,3,0,1,1,56.0,31.0,voiture,voiture,2,1,3,1,3
202400053530,2024-09-20 07:44:00,2024,9,20,7,44,14,14626,68 Route de Saint-Cyr-du-Ronceray,49.08421,0.282351,Crépuscule ou aube,Hors agglomération,Intersection en T,Normale,Deux véhicules - côté,3,2,2,0,1,1,1,0,1,50,2,5,3,0,1,1,56.0,31.0,voiture,voiture,2,1,3,1,3
202400053531,2024-05-02 15:00:00,2024,5,2,15,0,13,13211,ELLEON (AVENUE),43.28530733,5.44228169,Plein jour,En agglomération,Hors intersection,Pluie légère,Deux véhicules - côté,4,2,2,0,2,3,2,0,1,50,2,2,1,0,1,0,21.0,68.0,voiture,deux_roues,1,2,1,2,3
202400053532,2024-10-23 11:50:00,2024,10,23,11,50,88,88160,DOGNEVILLE (Q. DE),48.18179,6.44692,Plein jour,En agglomération,Intersection en T,Normale,Deux véhicules - côté,4,2,0,0,1,1,1,0,1,50,2,4,1,0,0,3,56.0,93.0,voiture,voiture,1,2,3,1,3
202400053532,2024-10-23 11:50:00,2024,10,23,11,50,88,88160,DOGNEVILLE (Q. DE),48.18179,6.44692,Plein jour,En agglomération,Intersection en T,Normale,Deux véhicules - côté,4,2,2,0,2,1,1,5,1,50,2,4,1,0,0,3,56.0,93.0,voiture,voiture,1,2,3,1,3
202400053533,2024-06-08 13:05:00,2024,6,8,13,5,27,27229,VAL ITON (RUE DU),49.03456,1.15572,Plein jour,En agglomération,Hors intersection,Normale,Sans collision,4,2,3,1,2,3,1,0,1,50,1,1,0,0,0,1,48.0,,deux_roues,,1,2,1,1,7
202400053534,2024-08-14 18:22:00,2024,8,14,18,22,49,49007,DUNANT BOULEVARD,47.48476,-0.53123,Plein jour,En agglomération,Hors intersection,Normale,Deux véhicules - arrière,4,2,4,0,1,1,1,0,1,50,2,2,1,0,0,1,18.0,20.0,deux_roues,voiture,1,2,1,1,2
202400053535,2024-11-30 21:18:00,2024,11,30,21,18,13,13106,A7-Sens Marseille vers Lyon,43.39119,5.35117,Nuit sans éclairage public,Hors agglomération,Hors intersection,Normale,Deux véhicules - arrière,1,3,4,0,2,1,1,0,1,90,3,3,2,0,0,1,21.0,20.0,utilitaire_camion,voiture,3,1,1,1,2
202400053536,2024-03-27 00:20:00,2024,3,27,0,20,76,76177,Route de Cleres,49.5997,1.172289,Nuit sans éclairage public,Hors agglomération,Hors intersection,Normale,Autre collision,3,2,2,0,1,1,1,0,1,80,1,2,1,0,1,0,45.0,,utilitaire_camion,,3,1,1,1,6
202400053537,2024-09-21 01:00:00,2024,9,21,1,0,50,50490,RD 650 Le vieux Presbytère,49.374368,-1.733372,Nuit sans éclairage public,Hors agglomération,Hors intersection,Normale,Autre collision,3,2,2,0,1,1,1,0,3,80,1,1,0,0,1,0,56.0,,utilitaire_camion,,3,1,1,1,6
202400053538,2024-02-12 14:00:00,2024,2,12,14,0,10,10387,Place Marechal Foch,48.2975,4.0747,Plein jour,En agglomération,Intersection en Y,Normale,Autre collision,4,1,0,0,1,2,1,0,8,50,1,2,1,0,0,1,79.0,,voiture,,1,2,4,1,6
202400053538,2024-02-12 14:00:00,2024,2,12,14,0,10,10387,Place Marechal Foch,48.2975,4.0747,Plein jour,En agglomération,Intersection en Y,Normale,Autre collision,4,2,3,0,1,1,1,0,8,50,1,2,1,0,0,1,79.0,,voiture,,1,2,4,1,6
202400053539,2024-05-02 07:05:00,2024,5,2,7,5,13,13203,PLOMBIERES (BOULEVARD DES),43.31623,5.38337,Plein jour,En agglomération,Hors intersection,Pluie légère,Deux véhicules - côté,4,1,2,0,1,1,2,0,1,50,2,2,0,0,0,2,48.0,43.0,voiture,voiture,1,2,1,2,3
202400053540,2024-01-01 14:00:00,2024,1,1,14,0,75,75114,BOULEVARD ROMAIN ROLLAND,48.81974,2.325728,Plein jour,En agglomération,Intersection en X,Normale,Deux véhicules - arrière,4,1,4,1,1,1,1,0,1,30,2,2,1,0,0,1,24.0,55.0,voiture,deux_roues,1,2,2,1,2
202400053540,2024-01-01 14:00:00,2024,1,1,14,0,75,75114,BOULEVARD ROMAIN ROLLAND,48.81974,2.325728,Plein jour,En agglomération,Intersection en X,Normale,Deux véhicules - arrière,4,2,4,1,1,1,1,0,1,30,2,2,1,0,0,1,24.0,55.0,voiture,deux_roues,1,2,2,1,2
202400053541,2024-11-30 05:15:00,2024,11,30,5,15,13,13071,A55 - Sens Marseille vers Martigues,43.39458,5.29934,Nuit sans éclairage public,Hors agglomération,Hors intersection,Normale,Deux véhicules - côté,1,1,2,0,2,1,1,0,1,90,2,2,1,0,0,1,21.0,,voiture,voiture,3,1,1,1,3
202400053542,2024-06-08 22:45:00,2024,6,8,22,45,22,22106,CHAMPS RENAUD (RUE DES),48.48798,-2.70576,Nuit avec éclairage allumé,En agglomération,Intersection en T,Normale,Deux véhicules - côté,4,2, -1,0,1,1,1,0,1,50,2,2,1,0,0,1,16.0,42.0,deux_roues,voiture,5,2,3,1,3
202400053542,2024-06-08 22:45:00,2024,6,8,22,45,22,22106,CHAMPS RENAUD (RUE DES),48.48798,-2.70576,Nuit avec éclairage allumé,En agglomération,Intersection en T,Normale,Deux véhicules - côté,4,-1,2,0,1,1,1,0,1,50,2,2,1,0,0,1,16.0,42.0,deux_roues,voiture,5,2,3,1,3
202400053543,2024-07-11 11:00:00,2024,7,11,11,0,05,05122,N94,44.746657,6.580564,Plein jour,En agglomération,Hors intersection,Normale,Trois véhicules et plus - en chaîne,2,2,2,0,1,1,1,0,1,50,3,6,5,0,0,1,23.0,44.0,utilitaire_camion,voiture,1,2,1,1,4
202400053544,2024-09-21 10:15:00,2024,9,21,10,15,90,90052,Faubourg de Belfort,47.731833,6.830202,Plein jour,En agglomération,Hors intersection,Normale,Autre collision,3,2,2,0,1,4,1,0,8,50,1,1,0,0,1,0,50.0,,utilitaire_camion,,1,2,1,1,6
202400053545,2024-05-02 08:00:00,2024,5,2,8,0,13,13211,CENTRAL (BOULEVARD),43.28026,5.49975,Plein jour,En agglomération,Autre intersection,Pluie légère,Autre collision,4,2,2,0,2,1,2,0,1,30,1,1,0,0,0,1,50.0,,deux_roues,,1,2,9,2,6
202400053546,2024-02-13 18:50:00,2024,2,13,18,50,09,09122,D17,42.95961,1.57835,Nuit sans éclairage public,Hors agglomération,Hors intersection,Normale,Autre collision,3,2,2,0,2,3,1,0,8,70,1,1,0,0,1,0,56.0,,voiture,,3,1,1,1,6
202400053547,2024-10-23 17:49:00,2024,10,23,17,49,87,87085,SABLARD (AVENUE DE),45.82842,1.28287,Plein jour,En agglomération,Intersection en X,Normale,Deux véhicules - côté,4,2,2,0,2,1,1,0,1,50,2,6,0,0,0,6,35.0,54.0,voiture,voiture,1,2,2,1,3