accident_id,datetime,annee,mois,jour,heure,minute,departement,commune_insee,adresse,latitude,longitude,luminosite,agglomeration,intersection,meteo,collision,catr,circ,nbv,vosp,prof,plan,surf,infra,situ,vma,nb_vehicules,nb_usagers,nb_indemnes,nb_tues,nb_blesses_hosp,nb_blesses_legers,age_cond_1,age_cond_2,veh_type_cond_1,veh_type_cond_2,lum_code,agg_code,int_code,atm_code,col_code
202400053547,2024-10-23 17:49:00,2024,10,23,17,49,87,87085,SABLARD (AVENUE DE),45.82842,1.28287,Plein jour,En agglomération,Intersection en X,Normale,Deux véhicules - côté,4,4,3,0,1,1,1,5,1,50,2,6,0,0,0,6,35.0,54.0,voiture,voiture,1,2,2,1,3
202400053548,2024-11-29 19:11:00,2024,11,29,19,11,13,13028,A50,43.19659021,5.6434146,Nuit sans éclairage public,Hors agglomération,Hors intersection,Normale,Sans collision,1,3,6,0,2,1,1,0,1,130,1,1,0,0,0,1,18.0,,deux_roues,,3,1,1,1,7
202400053549,2024-08-14 14:15:00,2024,8,14,14,15,47,47001,BRU (AV. DU DR JEAN),44.19362,0.61861,Plein jour,En agglomération,Hors intersection,Pluie légère,Trois véhicules et plus - en chaîne,4,2,2,0,1,1,2,0,1,50,3,5,4,0,0,1,29.0,42.0,voiture,voiture,1,2,1,2,4
202400053550,2024-01-01 01:40:00,2024,1,1,1,40,75,75110,QUAI DE VALMY,48.868668,2.367017,Nuit avec éclairage allumé,En agglomération,Intersection en T,Normale,Deux véhicules - arrière,4,1, -1,-1,1,1,1,0,1,30,2,2,1,0,0,1,38.0,71.0,voiture,deux_roues,5,2,3,1,2
202400053550,2024-01-01 01:40:00,2024,1,1,1,40,75,75110,QUAI DE VALMY,48.868668,2.367017,Nuit avec éclairage allumé,En agglomération,Intersection en T,Normale,Deux véhicules - arrière,4,1,2,0,1,1,1,5,1,30,2,2,1,0,0,1,38.0,71.0,voiture,deux_roues,5,2,3,1,2
202400053551,2024-03-25 08:30:00,2024,3,25,8,30,42,42097,M1082,45.50057194,4.31388617,Plein jour,En agglomération,Intersection en T,Temps éblouissant,Deux véhicules - frontale,7,-1,2,0,1,1,1,9,6,80,2,4,3,0,0,1,30.0,16.0,voiture,deux_roues,1,2,3,7,1
202400053551,2024-03-25 08:30:00,2024,3,25,8,30,42,42097,M1082,45.50057194,4.31388617,Plein jour,En agglomération,Intersection en T,Temps éblouissant,Deux véhicules - frontale,7,2,2,-1,2,3,1,0,6,-1,2,4,3,0,0,1,30.0,16.0,voiture,deux_roues,1,2,3,7,1
202400053552,2024-07-10 17:50:00,2024,7,10,17,50,13,13081,route départementale 113,43.503632,5.210052,Plein jour,Hors agglomération,Hors intersection,Normale,Deux véhicules - côté,3,2,3,0,1,1,1,0,1,90,2,2,1,0,1,0,43.0,41.0,voiture,deux_roues,1,1,1,1,3
202400053553,2024-09-20 20:40:00,2024,9,20,20,40,36,36070,Route du Lac,46.44259252,1.59835211,Nuit sans éclairage public,Hors agglomération,Hors intersection,Normale,Autre collision,3,2,2,0,1,1,1,2,8,80,1,1,0,0,0,1,51.0,,utilitaire_camion,,3,1,1,1,6
202400053554,2024-05-02 03:08:00,2024,5,2,3,8,13,13211,LT COL PIOLLET (ROND POINT),43.29148,5.48601,Nuit avec éclairage allumé,En agglomération,Hors intersection,Pluie légère,Autre collision,9,1,1,0,1,4,2,0,1,50,1,2,0,0,2,0,20.0,,voiture,,5,2,1,2,6
202400053555,2024-10-23 13:23:00,2024,10,23,13,23,87,87085,NEXON (RUE DE),45.81061,1.25722,Plein jour,En agglomération,Giratoire,Normale,Deux véhicules - côté,4,1,2,0,1,3,1,5,1,50,2,2,1,0,0,1,35.0,22.0,voiture,deux_roues,1,2,6,1,3
202400053556,2024-11-29 08:25:00,2024,11,29,8,25,67,67152,Autoroute A.35,48.52252,7.64072,Crépuscule ou aube,Hors agglomération,Hors intersection,Brouillard / fumée,Deux véhicules - arrière,7,3,2,0,1,1,1,0,1,80,2,2,1,0,0,1,42.0,29.0,utilitaire_camion,utilitaire_camion,2,1,1,5,2
202400053557,2024-08-14 22:40:00,2024,8,14,22,40,44,44143,38 Rue Lechat,47.1748,-1.5437,Nuit avec éclairage allumé,En agglomération,Autre intersection,Normale,Deux véhicules - côté,4,2,2,0,1,1,1,0,1,50,2,3,2,0,0,1,21.0,,voiture,voiture,5,2,9,1,3
202400053558,2024-03-25 16:15:00,2024,3,25,16,15,86,86082,N10,46.37025,0.208558,Plein jour,Hors agglomération,Hors intersection,Normale,Deux véhicules - côté,2,3,2,0,1,1,1,0,1,110,2,2,1,0,1,0,86.0,47.0,voiture,utilitaire_camion,1,1,1,1,3
202400053559,2024-09-20 14:25:00,2024,9,20,14,25,07,07230,Col de l'Escrinet (Col de montagne),44.71566704,4.48840839,Plein jour,Hors agglomération,Hors intersection,Normale,Sans collision,3,2,2,0,2,2,1,0,8,90,1,1,0,0,1,0,26.0,,deux_roues,,1,1,1,1,7
202400053560,2024-07-12 16:40:00,2024,7,12,16,40,13,13004,d36,43.658088,4.593095,Plein jour,Hors agglomération,Hors intersection,Normale,Deux véhicules - frontale,3,2,1,0,1,1,1,0,1,-1,2,3,0,0,1,2,35.0,51.0,voiture,utilitaire_camion,1,1,1,1,1
202400053561,2024-02-13 23:50:00,2024,2,13,23,50,06,06088,Boulevard François Grosso,43.70278,7.25146,Nuit avec éclairage allumé,En agglomération,Intersection en X,Normale,Deux véhicules - côté,4,2,2,0,1,1,1,5,1,50,2,6,0,0,2,4,27.0,22.0,utilitaire_camion,voiture,5,2,2,1,3
202400053561,2024-02-13 23:50:00,2024,2,13,23,50,06,06088,Boulevard François Grosso,43.70278,7.25146,Nuit avec éclairage allumé,En agglomération,Intersection en X,Normale,Deux véhicules - côté,4,1,2,0,2,1,1,5,1,50,2,6,0,0,2,4,27.0,22.0,utilitaire_camion,voiture,5,2,2,1,3
202400053562,2024-05-02 01:20:00,2024,5,2,1,20,13,13047,RD 1569,43.54823798,4.97282848,Nuit sans éclairage public,Hors agglomération,Hors intersection,Temps couvert,Deux véhicules - frontale,3,2,2,0,1,1,2,0,1,80,2,2,1,0,0,1,21.0,40.0,voiture,voiture,3,1,1,8,1
202400053563,2024-10-23 07:15:00,2024,10,23,7,15,83,83069,OLBIA  (VOIE),43.11773,6.14539,Nuit avec éclairage allumé,En agglomération,Hors intersection,Temps couvert,Deux véhicules - côté,3,1,2,0,1,1,1,0,1,70,2,2,1,0,0,1,49.0,33.0,deux_roues,voiture,5,2,1,8,3
202400053564,2024-06-07 19:20:00,2024,6,7,19,20,18,18279,,47.21292,2.13066,Plein jour,Hors agglomération,Hors intersection,Normale,Trois véhicules et plus - en chaîne,3,2,2,0,1,1,1,0,1,80,3,4,3,0,0,1,22.0,22.0,voiture,voiture,1,1,1,1,4
202400053565,2024-01-01 04:04:00,2024,1,1,4,4,75,75108,RUE DU BOCCADOR,48.867235,2.301928,Nuit avec éclairage non allumé,En agglomération,Intersection en X,Normale,Deux véhicules - côté,4,1,1,0,2,1,1,0,1,30,2,4,1,0,0,3,33.0,33.0,voiture,voiture,4,2,2,1,3
202400053565,2024-01-01 04:04:00,2024,1,1,4,4,75,75108,RUE DU BOCCADOR,48.867235,2.301928,Nuit avec éclairage non allumé,En agglomération,Intersection en X,Normale,Deux véhicules - côté,4,1,1,0,1,1,1,0,1,30,2,4,1,0,0,3,33.0,33.0,voiture,voiture,4,2,2,1,3
202400053566,2024-12-01 00:30:00,2024,12,1,0,30,33,33039,,44.8056,-0.5313,Nuit avec éclairage allumé,Hors agglomération,Hors intersection,Normale,Autre collision,1,1,2,0,1,3,1,3,1,30,1,3,2,0,0,1,19.0,,voiture,,5,1,1,1,6
202400053567,2024-05-02 09:00:00,2024,5,2,9,0,11,11069,28 Route Minervoise,43.230107,2.37558,Plein jour,En agglomération,Hors intersection,Pluie légère,Autre collision,3,1,1,0,1,3,2,0,3,50,1,1,0,0,0,1,36.0,,voiture,,1,2,1,2,6
202400053568,2024-02-12 06:15:00,2024,2,12,6,15,06,06088,141 Boulevard de l'Ariane,43.736631,7.3058475,Nuit avec éclairage allumé,En agglomération,Hors intersection,Normale,Autre collision,4,2,2,0,1,1,1,0,1,50,1,2,0,1,0,1,30.0,,deux_roues,,5,2,1,1,6
202400053569,2024-09-20 18:48:00,2024,9,20,18,48,27,27090,D313,49.296206,0.920947,Crépuscule ou aube,En agglomération,Hors intersection,Normale,Autre collision,3,2,2,0,1,1,1,0,1,50,1,2,1,0,0,1,47.0,,voiture,,2,2,1,1,6
202400053570,2024-10-24 08:20:00,2024,10,24,8,20,82,82121,chemin de la tauge,44.04802,1.41758,Plein jour,Hors agglomération,Hors intersection,Normale,Sans collision,4,2,2,0,1,1,1,0,3,50,1,1,0,0,0,1,19.0,,voiture,,1,1,1,1,7
202400053571,2024-06-09 01:40:00,2024,6,9,1,40,13,13103,AVENUE JUIN - DU 18 ... 1940,43.62826,5.11569,Nuit avec éclairage allumé,En agglomération,Hors intersection,Normale,Autre collision,4,3,2,0,1,1,1,0,1,50,1,1,0,0,0,1,19.0,,deux_roues,,5,2,1,1,6
202400053572,2024-08-14 19:15:00,2024,8,14,19,15,38,38185,RUE RAYMOND BANK,45.18899,5.71845,Plein jour,En agglomération,Intersection en T,Normale,Deux véhicules - côté,4,1,1,1,1,1,1,0,1,30,2,2,1,0,0,1,31.0,21.0,voiture,deux_roues,1,2,3,1,3
202400053572,2024-08-14 19:15:00,2024,8,14,19,15,38,38185,RUE RAYMOND BANK,45.18899,5.71845,Plein jour,En agglomération,Intersection en T,Normale,Deux véhicules - côté,4,2,1,1,1,1,1,0,1,30,2,2,1,0,0,1,31.0,21.0,voiture,deux_roues,1,2,3,1,3
202400053573,2024-07-11 14:29:00,2024,7,11,14,29,25,25465,1 Grande Rue,47.323531,6.362393,Plein jour,En agglomération,Hors intersection,Normale,Deux véhicules - côté,3,2,2,0,1,2,1,0,1,50,2,2,1,0,1,0,27.0,77.0,voiture,voiture,1,2,1,1,3
202400053574,2024-03-25 15:20:00,2024,3,25,15,20,68,68004,D419,47.629081,7.260525,Plein jour,Hors agglomération,Hors intersection,Normale,Deux véhicules - arrière,3,3,1,0,1,1,1,0,1,80,2,5,3,0,0,2,36.0,52.0,voiture,voiture,1,1,1,1,2
202400053575,2024-01-01 06:50:00,2024,1,1,6,50,75,75101,BOULEVARD DE SEBASTOPOL,48.862003,2.350124,Nuit avec éclairage allumé,En agglomération,Intersection en X,Normale,Autre collision,4,1,5,1,1,1,1,0,5,30,2,2,1,0,0,1,27.0,,deux_roues,deux_roues,5,2,2,1,6
202400053575,2024-01-01 06:50:00,2024,1,1,6,50,75,75101,BOULEVARD DE SEBASTOPOL,48.862003,2.350124,Nuit avec éclairage allumé,En agglomération,Intersection en X,Normale,Autre collision,4,1,1,3,1,1,1,0,8,30,2,2,1,0,0,1,27.0,,deux_roues,deux_roues,5,2,2,1,6
202400053576,2024-06-05 05:20:00,2024,6,5,5,20,13,13103,BOULEVARD DU ROY RENE,43.63262,5.09863,Crépuscule ou aube,En agglomération,Hors intersection,Normale,Deux véhicules - frontale,4,2,3,2,1,1,1,0,4,30,1,1,0,0,0,1,32.0,,voiture,,2,2,1,1,1
202400053577,2024-12-01 19:05:00,2024,12,1,19,5,91,91689,AUTOROUTE A10,48.729246,2.306568,Nuit sans éclairage public,Hors agglomération,Hors intersection,Normale,Deux véhicules - arrière,1,-1,3,0,1,1,1,0,1,90,2,4,1,0,0,3,31.0,65.0,voiture,utilitaire_camion,3,1,1,1,2
202400053578,2024-02-13 07:23:00,2024,2,13,7,23,06,06027,Avenue de Nice,43.6585,7.16151,Plein jour,En agglomération,Hors intersection,Normale,Deux véhicules - côté,7,2,2,0,1,1,1,0,1,50,2,2,1,0,0,1,37.0,40.0,voiture,deux_roues,1,2,1,1,3
202400053579,2024-03-26 23:45:00,2024,3,26,23,45,25,25058,10 Route de Lyon,47.213173,6.002473,Nuit avec éclairage allumé,En agglomération,Hors intersection,Normale,Autre collision,3,2,2,0,1,1,2,0,3,50,1,1,0,0,1,0,19.0,,voiture,,5,2,1,1,6
202400053580,2024-06-21 21:40:00,2024,6,21,21,40,52,52050,Biesles,48.103476,5.276699,Nuit sans éclairage public,Hors agglomération,Hors intersection,Temps couvert,Autre collision,4,2,2,0,1,1,1,0,3,80,1,2,0,0,2,0,40.0,,voiture,,3,1,1,8,6
202400053581,2024-09-21 10:00:00,2024,9,21,10,0,30,30346,D981,43.966218,4.509359,Plein jour,Hors agglomération,Intersection en T,Normale,Deux véhicules - côté,3,2,3,0,1,1,1,0,1,70,2,2,1,0,1,0,82.0,40.0,voiture,deux_roues,1,1,3,1,3
202400053581,2024-09-21 10:00:00,2024,9,21,10,0,30,30346,D981,43.966218,4.509359,Plein jour,Hors agglomération,Intersection en T,Normale,Deux véhicules - côté,3,2, -1,-1,1,1,1,0,1,-1,2,2,1,0,1,0,82.0,40.0,voiture,deux_roues,1,1,3,1,3
202400053582,2024-10-24 08:15:00,2024,10,24,8,15,81,81065,1 Avenue Charles De Gaulle,43.603661,2.246761,Plein jour,En agglomération,Intersection en T,Normale,Deux véhicules - arrière,4,2,2,0,1,1,1,0,1,50,2,2,0,0,0,2,53.0,27.0,voiture,voiture,1,2,3,1,2
202400053582,2024-10-24 08:15:00,2024,10,24,8,15,81,81065,1 Avenue Charles De Gaulle,43.603661,2.246761,Plein jour,En agglomération,Intersection en T,Normale,Deux véhicules - arrière,4,2,2,0,1,1,1,0,1,50,2,2,0,0,0,2,53.0,27.0,voiture,voiture,1,2,3,1,2
202400053583,2024-05-01 20:27:00,2024,5,1,20,27,10,10333,Avenue du President Wilson,48.28665,4.05591,Plein jour,En agglomération,Intersection en X,Normale,Deux véhicules - côté,4,2,2,0,1,1,1,0,1,50,2,4,3,0,0,1,41.0,,voiture,deux_roues,1,2,2,1,3
202400053583,2024-05-01 20:27:00,2024,5,1,20,27,10,10333,Avenue du President Wilson,48.28665,4.05591,Plein jour,En agglomération,Intersection en X,Normale,Deux véhicules - côté,4,1,1,0,1,1,1,0,1,30,2,4,3,0,0,1,41.0,,voiture,deux_roues,1,2,2,1,3
202400053584,2024-08-14 11:38:00,2024,8,14,11,38,37,37208,LAC (AVENUE DU),47.36604,0.71665,Plein jour,En agglomération,Giratoire,Normale,Deux véhicules - arrière,4,4,2,0,1,2,1,0,1,50,2,2,1,0,0,1,76.0,54.0,voiture,deux_roues,1,2,6,1,2
202400053584,2024-08-14 11:38:00,2024,8,14,11,38,37,37208,LAC (AVENUE DU),47.36604,0.71665,Plein jour,En agglomération,Giratoire,Normale,Deux véhicules - arrière,4,4,2,0,1,2,1,0,1,50,2,2,1,0,0,1,76.0,54.0,voiture,deux_roues,1,2,6,1,2
202400053585,2024-01-01 20:00:00,2024,1,1,20,0,94,94078,Rue de Paris / Rue Emile Zola,48.735567,2.446868,Nuit avec éclairage allumé,En agglomération,Intersection en T,Pluie légère,Deux véhicules - côté,2,3,4,0,1,1,2,0,1,50,2,2,1,0,1,0,42.0,36.0,voiture,voiture,5,2,3,2,3
202400053585,2024-01-01 20:00:00,2024,1,1,20,0,94,94078,Rue de Paris / Rue Emile Zola,48.735567,2.446868,Nuit avec éclairage allumé,En agglomération,Intersection en T,Pluie légère,Deux véhicules - côté,2,2,2,0,1,1,2,0,1,-1,2,2,1,0,1,0,42.0,36.0,voiture,voiture,5,2,3,2,3
202400053586,2024-06-08 21:30:00,2024,6,8,21,30,13,13209,COL DE LA GINESTE D559,43.24,5.45,Crépuscule ou aube,Hors agglomération,Hors intersection,Normale,Sans collision,3,2,2,0,2,3,1,0,8,50,1,2,1,0,0,1,,,deux_roues,,2,1,1,1,7
202400053587,2024-02-12 11:59:00,2024,2,12,11,59,05,05061,TRAUNSTEIN (AVENUE DE),44.54005,6.0621,Plein jour,En agglomération,Hors intersection,Normale,Deux véhicules - côté,4,2,2,0,1,1,1,0,1,50,2,2,0,0,0,2,69.0,16.0,voiture,deux_roues,1,2,1,1,3
202400053588,2024-07-12 21:00:00,2024,7,12,21,0,51,51429,D675,49.311289,3.836439,Crépuscule ou aube,Hors agglomération,Hors intersection,Pluie légère,Sans collision,3,2,2,0,2,2,2,0,1,80,1,1,0,0,0,1,22.0,,voiture,,2,1,1,2,7
202400053589,2024-03-26 14:30:00,2024,3,26,14,30,29,29111,Trofagan,48.577012,-4.227494,Plein jour,Hors agglomération,Hors intersection,Normale,Deux véhicules - frontale,3,2,2,0,1,3,1,0,1,80,2,2,0,0,2,0,64.0,19.0,utilitaire_camion,voiture,1,1,1,1,1
202400053590,2024-11-30 17:43:00,2024,11,30,17,43,94,94038,A6B,48.77332532,2.34537996,Nuit sans éclairage public,Hors agglomération,Hors intersection,Pluie légère,Trois véhicules et plus - en chaîne,1,1,4,0,1,1,2,0,1,90,3,4,3,0,0,1,62.0,20.0,voiture,utilitaire_camion,3,1,1,2,4
202400053591,2024-08-14 15:55:00,2024,8,14,15,55,36,36044,,46.80498,1.71288,Plein jour,En agglomération,Hors intersection,Normale,Deux véhicules - côté,4,2,1,0,1,1,1,0,1,50,2,2,1,0,1,0,62.0,29.0,deux_roues,voiture,1,2,1,1,3
202400053592,2024-09-21 15:20:00,2024,9,21,15,20,88,88165,Rue de l'Abbaye,48.364975,6.87278,Plein jour,En agglomération,Intersection en T,Normale,Deux véhicules - frontale,3,2,2,0,1,1,1,0,1,50,2,2,1,0,0,1,65.0,56.0,deux_roues,utilitaire_camion,1,2,3,1,1
202400053592,2024-09-21 15:20:00,2024,9,21,15,20,88,88165,Rue de l'Abbaye,48.364975,6.87278,Plein jour,En agglomération,Intersection en T,Normale,Deux véhicules - frontale,3,2,2,0,1,1,1,0,1,30,2,2,1,0,0,1,65.0,56.0,deux_roues,utilitaire_camion,1,2,3,1,1
202400053593,2024-02-12 13:05:00,2024,2,12,13,5,01,01053,FERRY ( BOULEVARD JULES),46.19557,5.22286,Plein jour,En agglomération,Autre intersection,Normale,Autre collision,4,2,1,0,3,1,1,0,1,50,1,2,1,0,0,1,,,voiture,,1,2,9,1,6
202400053594,2024-06-07 16:45:00,2024,6,7,16,45,13,13208,LOUIS REGE (RUE),43.28108903,5.38967081,Plein jour,En agglomération,Hors intersection,Normale,Deux véhicules - côté,4,1,1,0,1,1,1,0,1,30,1,2,1,0,1,0,36.0,,voiture,,1,2,1,1,3
202400053595,2024-05-01 15:55:00,2024,5,1,15,55,10,10387,MARNE (RUE),48.27836,4.07198,Plein jour,En agglomération,Autre intersection,Normale,Deux véhicules - côté,4,2,2,0,1,1,1,0,1,50,2,3,2,0,0,1,94.0,28.0,voiture,voiture,1,2,9,1,3
202400053596,2024-07-09 18:19:00,2024,7,9,18,19,88,88398,col de mont repos,48.274239,6.790302,Plein jour,Hors agglomération,Autre intersection,Normale,Autre collision,3,2,2,0,2,2,1,0,8,80,1,1,0,0,1,0,40.0,,deux_roues,,1,1,9,1,6
202400053597,2024-01-01 02:47:00,2024,1,1,2,47,94,94078,Rue de Paris / Rue Thimonnier,48.751144,2.445354,Nuit avec éclairage allumé,En agglomération,Intersection en T,Normale,Deux véhicules - arrière,2,3,4,0,1,1,1,0,1,50,2,3,2,0,0,1,53.0,26.0,deux_roues,voiture,5,2,3,1,2
202400053597,2024-01-01 02:47:00,2024,1,1,2,47,94,94078,Rue de Paris / Rue Thimonnier,48.751144,2.445354,Nuit avec éclairage allumé,En agglomération,Intersection en T,Normale,Deux véhicules - arrière,2,2,2,0,1,1,1,0,1,-1,2,3,2,0,0,1,53.0,26.0,deux_roues,voiture,5,2,3,1,2
202400053598,2024-10-24 08:30:00,2024,10,24,8,30,78,78029,COOPERATION (RUE DE LA),48.96126,1.858,Plein jour,En agglomération,Giratoire,Normale,Trois véhicules et plus - en chaîne,3,2,2,0,4,3,1,0,1,50,3,3,1,0,0,2,32.0,42.0,voiture,voiture,1,2,6,1,4
202400053598,2024-10-24 08:30:00,2024,10,24,8,30,78,78029,COOPERATION (RUE DE LA),48.96126,1.858,Plein jour,En agglomération,Giratoire,Normale,Trois véhicules et plus - en chaîne,3,2, -1,-1,1,1,1,0,1,-1,3,3,1,0,0,2,32.0,42.0,voiture,voiture,1,2,6,1,4
202400053599,2024-02-13 20:20:00,2024,2,13,20,20,75,75119,BD PERIPHERIQUE INTERIEUR,48.900188,2.379269,Nuit avec éclairage allumé,En agglomération,Hors intersection,Normale,Sans collision,4,1,4,0,1,1,3,0,1,70,1,1,0,0,0,1,22.0,,deux_roues,,5,2,1,1,7
202400053600,2024-07-12 00:55:00,2024,7,12,0,55,42,42324,Chemin des Chambons,45.552225,4.253415,Nuit sans éclairage public,Hors agglomération,Hors intersection,Pluie légère,Sans collision,4,2,2,0,1,2,2,0,3,50,1,1,0,0,0,1,23.0,,voiture,,3,1,1,2,7
202400053601,2024-08-14 13:50:00,2024,8,14,13,50,36,36044,Avenue de Blois,46.823,1.683,Plein jour,En agglomération,Autre intersection,Normale,Deux véhicules - côté,4,2,1,0,1,3,1,9,1,50,2,2,1,0,0,1,60.0,27.0,voiture,deux_roues,1,2,9,1,3
202400053602,2024-12-01 20:45:00,2024,12,1,20,45,93,93066,AUTOROUTE A1,48.90280246,2.35864809,Nuit avec éclairage allumé,Hors agglomération,Hors intersection,Normale,Deux véhicules - arrière,1,1,3,0,1,1,1,0,1,50,2,4,2,0,0,2,33.0,43.0,voiture,voiture,5,1,1,1,2
202400053603,2024-06-07 17:00:00,2024,6,7,17,0,13,13028,SUBILIA (AVENUE ERNEST ),43.18406462,5.60965692,Plein jour,En agglomération,Autre intersection,Normale,Deux véhicules - arrière,4,2,2,0,1,1,1,0,1,50,2,2,1,0,0,1,17.0,36.0,deux_roues,utilitaire_camion,1,2,9,1,2
202400053604,2024-05-02 08:32:00,2024,5,2,8,32,75,75120,RUE DES PYRENEES,48.850487,2.406399,Plein jour,En agglomération,Intersection en T,Normale,Autre collision,4,1,1,2,1,1,1,0,1,30,1,2,1,0,1,0,73.0,,utilitaire_camion,,1,2,3,1,6
202400053604,2024-05-02 08:32:00,2024,5,2,8,32,75,75120,RUE DES PYRENEES,48.850487,2.406399,Plein jour,En agglomération,Intersection en T,Normale,Autre collision,4,2,3,0,2,1,1,0,1,30,1,2,1,0,1,0,73.0,,utilitaire_camion,,1,2,3,1,6
202400053605,2024-09-20 13:15:00,2024,9,20,13,15,987,98734,RT1 - PK 35,-17.754445,-149.529655,Plein jour,Hors agglomération,Hors intersection,Pluie forte,Deux véhicules - frontale,2,2,2,0,1,3,2,0,1,60,3,3,2,1,0,0,39.0,32.0,utilitaire_camion,voiture,1,1,1,3,1
202400053606,2024-03-27 18:00:00,2024,3,27,18,0,31,31361,"131 Route de TOULOUSE ""La Grange Brulée""",43.346602,1.324201,Plein jour,Hors agglomération,Intersection en X,Normale,Deux véhicules - arrière,3,2,2,0,1,1,1,0,1,80,2,3,1,0,1,1,38.0,40.0,utilitaire_camion,voiture,1,1,2,1,2
202400053606,2024-03-27 18:00:00,2024,3,27,18,0,31,31361,"131 Route de TOULOUSE ""La Grange Brulée""",43.346602,1.324201,Plein jour,Hors agglomération,Intersection en X,Normale,Deux véhicules - arrière,3,2,2,0,1,1,1,0,1,80,2,3,1,0,1,1,38.0,40.0,utilitaire_camion,voiture,1,1,2,1,2
202400053607,2024-01-01 21:25:00,2024,1,1,21,25,94,94043,Rue Séverine / Rue de Verdun,48.808179,2.356839,Nuit avec éclairage allumé,En agglomération,Intersection en X,Pluie forte,Autre collision,3,2,2,2,2,1,2,0,1,30,1,2,1,0,0,1,37.0,,voiture,,5,2,2,3,6
202400053607,2024-01-01 21:25:00,2024,1,1,21,25,94,94043,Rue Séverine / Rue de Verdun,48.808179,2.356839,Nuit avec éclairage allumé,En agglomération,Intersection en X,Pluie forte,Autre collision,3,1,2,0,1,1,2,0,1,30,1,2,1,0,0,1,37.0,,voiture,,5,2,2,3,6
202400053608,2024-10-24 16:05:00,2024,10,24,16,5,77,77108,D34a,48.871013,2.594695,Plein jour,En agglomération,Hors intersection,Temps éblouissant,Deux véhicules - côté,3,2,2,0,1,1,1,0,1,50,2,3,2,1,0,0,16.0,80.0,voiture,deux_roues,1,2,1,7,3
202400053609,2024-02-13 10:45:00,2024,2,13,10,45,75,75118,BD PERIPHERIQUE EXTERIEUR,48.900926,2.358867,Plein jour,En agglomération,Hors intersection,Normale,Deux véhicules - arrière,4,1,4,0,1,1,1,0,1,70,2,2,1,0,0,1,53.0,78.0,deux_roues,voiture,1,2,1,1,2
202400053610,2024-06-03 16:09:00,2024,6,3,16,9,10,10387,Boulevard Jules Guesde,48.2868,4.082,Plein jour,En agglomération,Autre intersection,Normale,Autre collision,4,2,2,0,1,1,1,0,4,50,1,1,0,0,0,1,38.0,,deux_roues,,1,2,9,1,6
202400053611,2024-07-11 11:20:00,2024,7,11,11,20,07,07324,avenue foch,45.07196,4.823416,Plein jour,En agglomération,Hors intersection,Normale,Deux véhicules - côté,3,2,2,0,1,1,1,0,1,50,2,2,1,0,0,1,85.0,23.0,deux_roues,voiture,1,2,1,1,3
202400053612,2024-03-27 09:40:00,2024,3,27,9,40,31,31584,D32,43.880062,1.48397,Plein jour,Hors agglomération,Hors intersection,Normale,Autre collision,3,2,2,0,1,2,1,0,1,80,1,1,0,1,0,0,50.0,,voiture,,1,1,1,1,6
202400053613,2024-05-02 21:15:00,2024,5,2,21,15,75,75119,AVENUE DE FLANDRE,48.893711,2.380558,Crépuscule ou aube,En agglomération,Hors intersection,Pluie légère,Autre collision,4,1,2,3,1,1,2,0,1,30,1,2,1,0,0,1,21.0,,deux_roues,,2,2,1,2,6
202400053614,2024-12-01 18:40:00,2024,12,1,18,40,93,93048,AUTOROUTE A86,48.86544543,2.48185307,Nuit sans éclairage public,Hors agglomération,Hors intersection,Normale,Deux véhicules - arrière,1,3,3,0,1,2,1,0,1,90,2,2,1,0,0,1,25.0,33.0,deux_roues,voiture,3,1,1,1,2
202400053615,2024-01-01 18:55:00,2024,1,1,18,55,93,93062,Avenue de la Résistance / Allee Valere Lefebvre,48.89688,2.51529,Nuit avec éclairage allumé,En agglomération,Intersection en X,Normale,Autre collision,3,2,2,0,1,1,1,0,4,50,1,1,0,0,0,1,31.0,,deux_roues,,5,2,2,1,6
202400053615,2024-01-01 18:55:00,2024,1,1,18,55,93,93062,Avenue de la Résistance / Allee Valere Lefebvre,48.89688,2.51529,Nuit avec éclairage allumé,En agglomération,Intersection en X,Normale,Autre collision,3,2,2,0,1,1,1,0,4,50,1,1,0,0,0,1,31.0,,deux_roues,,5,2,2,1,6
202400053616,2024-08-15 00:01:00,2024,8,15,0,1,35,35238,VERN (DE),48.09864,-1.65649,Nuit avec éclairage allumé,En agglomération,Intersection en T,Normale,Deux véhicules - côté,4,1,1,2,1,1,1,0,1,30,2,2,1,0,0,1,32.0,,deux_roues,utilitaire_camion,5,2,3,1,3
202400053616,2024-08-15 00:01:00,2024,8,15,0,1,35,35238,VERN (DE),48.09864,-1.65649,Nuit avec éclairage allumé,En agglomération,Intersection en T,Normale,Deux véhicules - côté,4,2,2,3,1,1,1,0,1,30,2,2,1,0,0,1,32.0,,deux_roues,utilitaire_camion,5,2,3,1,3
202400053617,2024-10-23 08:00:00,2024,10,23,8,0,77,77288,ARISTIDE BRIAND  (BOULEVARD),48.54082,2.65184,Plein jour,En agglomération,Hors intersection,Normale,Autre collision,4,1,0,0,1,1,1,0,8,50,1,1,0,0,0,1,33.0,,voiture,,1,2,1,1,6