accident_id,datetime,annee,mois,jour,heure,minute,departement,commune_insee,adresse,latitude,longitude,luminosite,agglomeration,intersection,meteo,collision,catr,circ,nbv,vosp,prof,plan,surf,infra,situ,vma,nb_vehicules,nb_usagers,nb_indemnes,nb_tues,nb_blesses_hosp,nb_blesses_legers,age_cond_1,age_cond_2,veh_type_cond_1,veh_type_cond_2,lum_code,agg_code,int_code,atm_code,col_code
202400053686,2024-07-11 14:50:00,2024,7,11,14,50,91,91339,RN 104,48.62238,2.27235,Plein jour,Hors agglomération,Hors intersection,Normale,Deux véhicules - arrière,2,1,2,0,1,1,1,0,1,110,2,3,1,0,0,2,36.0,43.0,voiture,voiture,1,1,1,1,2
202400053687,2024-03-27 09:20:00,2024,3,27,9,20,38,38140,A41s PK013+600,45.267615,5.896461,Plein jour,Hors agglomération,Hors intersection,Pluie légère,Deux véhicules - arrière,1,2,2,0,1,1,2,0,1,130,2,2,1,0,0,1,70.0,31.0,voiture,utilitaire_camion,1,1,1,2,2
202400053688,2024-10-24 19:05:00,2024,10,24,19,5,64,64445,ALFRED DE MUSSET,43.29632,-0.35935,Nuit avec éclairage allumé,En agglomération,Hors intersection,Normale,Autre collision,4,2,2,0,1,2,1,9,1,30,1,4,3,0,0,1,48.0,,voiture,,5,2,1,1,6
202400053689,2024-02-13 08:50:00,2024,2,13,8,50,75,75109,RUE LA FAYETTE,48.873636,2.335343,Plein jour,En agglomération,Intersection en X,Normale,Autre collision,4,-1, -1,-1,1,1,1,0,5,30,1,2,1,0,0,1,,,deux_roues,,1,2,2,1,6
202400053689,2024-02-13 08:50:00,2024,2,13,8,50,75,75109,RUE LA FAYETTE,48.873636,2.335343,Plein jour,En agglomération,Intersection en X,Normale,Autre collision,4,1,3,3,1,1,1,0,5,30,1,2,1,0,0,1,,,deux_roues,,1,2,2,1,6
202400053690,2024-01-01 12:45:00,2024,1,1,12,45,01,01434,D22b,45.975049,5.126298,Plein jour,Hors agglomération,Hors intersection,Normale,Deux véhicules - frontale,3,2,2,0,1,1,1,0,1,80,2,2,0,0,1,1,31.0,57.0,voiture,voiture,1,1,1,1,1
202400053691,2024-05-01 23:52:00,2024,5,1,23,52,94,94003,Avenue Gabriel Péri / Rue de l'Etoile,48.80243159,2.34385264,Nuit avec éclairage allumé,En agglomération,Intersection en T,Pluie légère,Autre collision,3,1,1,0,1,1,2,0,1,50,1,1,0,0,0,1,33.0,,voiture,,5,2,3,2,6
202400053691,2024-05-01 23:52:00,2024,5,1,23,52,94,94003,Avenue Gabriel Péri / Rue de l'Etoile,48.80243159,2.34385264,Nuit avec éclairage allumé,En agglomération,Intersection en T,Pluie légère,Autre collision,3,1,1,0,2,1,2,0,1,-1,1,1,0,0,0,1,33.0,,voiture,,5,2,3,2,6
202400053692,2024-07-22 16:07:00,2024,7,22,16,7,28,28024,D910,48.408921,1.460409,Plein jour,Hors agglomération,Hors intersection,Normale,Trois véhicules et plus - en chaîne,3,2,2,0,1,1,1,0,1,80,4,5,4,0,0,1,71.0,56.0,voiture,voiture,1,1,1,1,4
202400053693,2024-09-20 21:50:00,2024,9,20,21,50,78,78246,D983,49.028254,1.746504,Nuit sans éclairage public,Hors agglomération,Hors intersection,Temps couvert,Deux véhicules - frontale,3,2,2,0,2,3,2,0,1,80,2,2,0,0,2,0,25.0,44.0,voiture,voiture,3,1,1,8,1
202400053694,2024-07-11 01:43:00,2024,7,11,1,43,94,94037,A6A,48.813814,2.33598964,Nuit sans éclairage public,Hors agglomération,Hors intersection,Normale,Autre collision,1,1,3,0,2,1,1,0,1,90,1,1,0,0,0,1,25.0,,deux_roues,,3,1,1,1,6
202400053695,2024-06-07 15:45:00,2024,6,7,15,45,75,75118,BOULEVARD ORNANO,48.895664,2.346276,Plein jour,En agglomération,Place,Normale,Deux véhicules - côté,4,-1,6,0,1,1,1,0,5,30,2,2,1,0,0,1,25.0,42.0,deux_roues,voiture,1,2,7,1,3
202400053695,2024-06-07 15:45:00,2024,6,7,15,45,75,75118,BOULEVARD ORNANO,48.895664,2.346276,Plein jour,En agglomération,Place,Normale,Deux véhicules - côté,4,1, -1,-1,1,1,1,0,5,-1,2,2,1,0,0,1,25.0,42.0,deux_roues,voiture,1,2,7,1,3
202400053696,2024-08-13 19:40:00,2024,8,13,19,40,13,13207,CORDERIE (BOULEVARD DE LA),43.29103,5.3708,Plein jour,En agglomération,Hors intersection,Normale,Deux véhicules - côté,4,2,0,3,2,1,1,0,1,50,2,2,1,0,1,0,37.0,24.0,voiture,deux_roues,1,2,1,1,3
202400053697,2024-05-02 05:00:00,2024,5,2,5,0,94,94033,Avenue du Maréchal Joffre,48.85251,2.48406,Nuit avec éclairage allumé,En agglomération,Hors intersection,Temps couvert,Autre collision,3,3,4,0,2,1,2,0,4,50,1,2,1,0,0,1,21.0,,utilitaire_camion,,5,2,1,8,6
202400053698,2024-10-24 15:45:00,2024,10,24,15,45,64,64129,SAINT JOHN PERSE,43.30595,-0.39598,Plein jour,En agglomération,Autre intersection,Normale,Autre collision,6,-1, -1,0,1,1,1,9,8,30,1,1,0,0,0,1,77.0,,voiture,,1,2,9,1,6
202400053699,2024-02-13 11:00:00,2024,2,13,11,0,75,75107,RUE DE GRENELLE,48.855015,2.324564,Plein jour,En agglomération,Intersection en X,Normale,Deux véhicules - côté,4,1, -1,-1,1,1,1,0,1,30,2,2,1,0,0,1,59.0,55.0,voiture,deux_roues,1,2,2,1,3
202400053699,2024-02-13 11:00:00,2024,2,13,11,0,75,75107,RUE DE GRENELLE,48.855015,2.324564,Plein jour,En agglomération,Intersection en X,Normale,Deux véhicules - côté,4,1,0,0,1,1,1,0,1,30,2,2,1,0,0,1,59.0,55.0,voiture,deux_roues,1,2,2,1,3
202400053700,2024-01-01 21:17:00,2024,1,1,21,17,34,34032,A75,43.358974,3.267024,Nuit sans éclairage public,Hors agglomération,Hors intersection,Normale,Deux véhicules - arrière,1,3,2,0,1,1,1,0,2,130,2,2,1,0,1,0,52.0,29.0,deux_roues,voiture,3,1,1,1,2
202400053701,2024-03-27 18:20:00,2024,3,27,18,20,84,84003,Boulevard Camille Pelletan,43.873744,5.397329,Plein jour,En agglomération,Intersection en T,Normale,Deux véhicules - côté,3,2,2,0,1,1,1,0,1,50,2,2,1,0,0,1,70.0,15.0,voiture,deux_roues,1,2,3,1,3
202400053701,2024-03-27 18:20:00,2024,3,27,18,20,84,84003,Boulevard Camille Pelletan,43.873744,5.397329,Plein jour,En agglomération,Intersection en T,Normale,Deux véhicules - côté,3,-1, -1,-1,1,1,1,0,1,-1,2,2,1,0,0,1,70.0,15.0,voiture,deux_roues,1,2,3,1,3
202400053702,2024-06-08 01:50:00,2024,6,8,1,50,75,75117,BOULEVARD PEREIRE,48.884261,2.295575,Nuit avec éclairage allumé,En agglomération,Hors intersection,Normale,Sans collision,4,1,0,0,1,1,1,0,1,30,1,1,0,0,0,1,35.0,,deux_roues,,5,2,1,1,7
202400053703,2024-07-20 18:15:00,2024,7,20,18,15,28,28348,D11.1,48.730875,1.177007,Plein jour,Hors agglomération,Intersection en T,Normale,Deux véhicules - côté,3,2,2,0,1,1,1,0,1,80,2,4,0,0,0,4,21.0,17.0,deux_roues,deux_roues,1,1,3,1,3
202400053703,2024-07-20 18:15:00,2024,7,20,18,15,28,28348,D11.1,48.730875,1.177007,Plein jour,Hors agglomération,Intersection en T,Normale,Deux véhicules - côté,3,2,2,0,1,1,1,0,1,80,2,4,0,0,0,4,21.0,17.0,deux_roues,deux_roues,1,1,3,1,3
202400053704,2024-02-13 12:15:00,2024,2,13,12,15,75,75104,RUE BEAUBOURG,48.861197,2.353466,Plein jour,En agglomération,Intersection en T,Normale,Sans collision,4,1,4,0,1,1,1,0,1,30,1,1,0,0,0,1,21.0,,deux_roues,,1,2,3,1,7
202400053704,2024-02-13 12:15:00,2024,2,13,12,15,75,75104,RUE BEAUBOURG,48.861197,2.353466,Plein jour,En agglomération,Intersection en T,Normale,Sans collision,4,1,1,0,1,1,1,0,1,30,1,1,0,0,0,1,21.0,,deux_roues,,1,2,3,1,7
202400053705,2024-03-27 00:50:00,2024,3,27,0,50,08,08058,A304,49.76584981,4.64143395,Nuit sans éclairage public,Hors agglomération,Hors intersection,Pluie légère,Sans collision,1,3,4,0,1,1,2,0,1,90,1,2,0,0,0,2,54.0,,voiture,,3,1,1,2,7
202400053706,2024-09-20 18:45:00,2024,9,20,18,45,38,38468,Route Nationale 7,45.346984,4.803134,Plein jour,Hors agglomération,Hors intersection,Normale,Deux véhicules - côté,2,2,0,0,1,1,1,0,1,50,2,2,1,0,1,0,18.0,50.0,deux_roues,voiture,1,1,1,1,3
202400053707,2024-08-08 18:55:00,2024,8,8,18,55,12,12176,RD 224,44.37274703,2.61712968,Plein jour,Hors agglomération,Hors intersection,Normale,Deux véhicules - frontale,3,2,2,0,2,3,1,0,1,90,2,3,2,0,1,0,60.0,20.0,voiture,voiture,1,1,1,1,1
202400053708,2024-07-11 17:55:00,2024,7,11,17,55,95,95277,A1,48.9670426,2.47751498,Plein jour,Hors agglomération,Hors intersection,Normale,Deux véhicules - arrière,1,3,8,0,1,1,1,0,1,110,2,3,2,0,0,1,64.0,44.0,voiture,voiture,1,1,1,1,2
202400053709,2024-05-02 18:45:00,2024,5,2,18,45,94,94004,Avenue du Général Leclerc / Rue de Valenton,48.747043,2.510011,Plein jour,En agglomération,Intersection en X,Pluie légère,Autre collision,3,2,2,0,2,1,2,0,1,-1,1,2,1,0,0,1,58.0,,utilitaire_camion,,1,2,2,2,6
202400053709,2024-05-02 18:45:00,2024,5,2,18,45,94,94004,Avenue du Général Leclerc / Rue de Valenton,48.747043,2.510011,Plein jour,En agglomération,Intersection en X,Pluie légère,Autre collision,3,2,4,0,4,1,2,0,1,50,1,2,1,0,0,1,58.0,,utilitaire_camion,,1,2,2,2,6
202400053710,2024-01-01 12:25:00,2024,1,1,12,25,38,38301,D1075,44.797292,5.635681,Plein jour,Hors agglomération,Intersection en X,Normale,Sans collision,3,2,2,0,2,2,1,5,3,80,1,1,0,0,1,0,97.0,,voiture,,1,1,2,1,7
202400053710,2024-01-01 12:25:00,2024,1,1,12,25,38,38301,D1075,44.797292,5.635681,Plein jour,Hors agglomération,Intersection en X,Normale,Sans collision,3,2,2,0,2,1,1,5,8,80,1,1,0,0,1,0,97.0,,voiture,,1,1,2,1,7
202400053711,2024-06-07 18:30:00,2024,6,7,18,30,75,75115,AVENUE ALBERT BARTHOLOME,48.82786,2.298882,Plein jour,En agglomération,Hors intersection,Normale,Autre collision,4,-1,2,0,1,1,1,0,1,50,1,2,1,0,1,0,59.0,,voiture,,1,2,1,1,6
202400053712,2024-07-16 11:40:00,2024,7,16,11,40,28,28006,D923,48.436604,1.388869,Plein jour,Hors agglomération,Giratoire,Normale,Deux véhicules - arrière,3,1,2,0,1,2,1,9,1,80,2,2,1,0,0,1,61.0,28.0,voiture,utilitaire_camion,1,1,6,1,2
202400053713,2024-10-23 18:40:00,2024,10,23,18,40,63,63224,RD2029,45.85408,3.11546,Nuit sans éclairage public,Hors agglomération,Hors intersection,Normale,Deux véhicules - arrière,3,3,4,0,2,1,1,0,1,110,2,6,4,0,0,2,73.0,18.0,voiture,voiture,3,1,1,1,2
202400053714,2024-03-27 07:30:00,2024,3,27,7,30,03,03243,route de sazeret,46.340047,2.992648,Plein jour,Hors agglomération,Hors intersection,Temps couvert,Deux véhicules - frontale,3,2,2,0,2,1,2,0,1,90,2,2,1,0,0,1,29.0,24.0,voiture,utilitaire_camion,1,1,1,8,1
202400053715,2024-08-14 10:00:00,2024,8,14,10,0,11,11262,Quai de l'Escoute,43.18474,2.99974,Plein jour,En agglomération,Hors intersection,Normale,Autre collision,4,1,2,0,2,1,1,0,1,30,1,2,1,0,0,1,83.0,,voiture,,1,2,1,1,6
202400053716,2024-01-01 02:00:00,2024,1,1,2,0,89,89027,D660,48.235207,3.589992,Nuit sans éclairage public,Hors agglomération,Hors intersection,Temps couvert,Autre collision,3,2,2,0,1,1,1,0,1,90,1,2,1,0,1,0,34.0,,voiture,,3,1,1,8,6
202400053717,2024-02-13 09:30:00,2024,2,13,9,30,75,75104,PLACE DU CHATELET,48.85771083,2.34777859,Plein jour,En agglomération,Intersection en T,Normale,Deux véhicules - frontale,4,1,3,0,1,1,1,0,1,30,2,2,1,0,0,1,27.0,,deux_roues,deux_roues,1,2,3,1,1
202400053717,2024-02-13 09:30:00,2024,2,13,9,30,75,75104,PLACE DU CHATELET,48.85771083,2.34777859,Plein jour,En agglomération,Intersection en T,Normale,Deux véhicules - frontale,4,2,5,1,1,1,1,0,5,30,2,2,1,0,0,1,27.0,,deux_roues,deux_roues,1,2,3,1,1
202400053718,2024-09-18 18:30:00,2024,9,18,18,30,44,44201,Truzeau,47.340669,-1.558908,Plein jour,Hors agglomération,Hors intersection,Normale,Deux véhicules - côté,3,2,2,0,4,3,1,0,1,70,2,2,1,0,1,0,26.0,32.0,deux_roues,voiture,1,1,1,1,3
202400053719,2024-07-11 17:00:00,2024,7,11,17,0,93,93010,AUTOROUTE A3,48.90994621,2.47483948,Plein jour,Hors agglomération,Hors intersection,Normale,Deux véhicules - arrière,1,3,8,0,1,1,1,0,1,90,2,2,1,0,0,1,43.0,51.0,utilitaire_camion,utilitaire_camion,1,1,1,1,2
202400053720,2024-05-02 16:50:00,2024,5,2,16,50,94,94002,Rue Paul Vaillant Couturier / Rue du Mal de Lattre de Tassigny,48.80017,2.42257,Plein jour,En agglomération,Intersection en X,Pluie forte,Autre collision,4,1,1,0,1,1,2,0,1,50,1,2,1,0,0,1,37.0,,voiture,,1,2,2,3,6
202400053720,2024-05-02 16:50:00,2024,5,2,16,50,94,94002,Rue Paul Vaillant Couturier / Rue du Mal de Lattre de Tassigny,48.80017,2.42257,Plein jour,En agglomération,Intersection en X,Pluie forte,Autre collision,4,2,2,0,1,1,2,0,1,50,1,2,1,0,0,1,37.0,,voiture,,1,2,2,3,6
202400053721,2024-07-15 15:30:00,2024,7,15,15,30,28,28164,A10 PK057+000,48.267027,1.853342,Plein jour,Hors agglomération,Hors intersection,Normale,Deux véhicules - côté,1,3,3,0,1,1,1,0,1,130,2,2,0,0,1,1,30.0,71.0,voiture,voiture,1,1,1,1,3
202400053722,2024-06-08 15:00:00,2024,6,8,15,0,75,75114,BOULEVARD BRUNE,48.826551,2.310814,Plein jour,En agglomération,Intersection en T,Normale,Deux véhicules - côté,4,2,8,1,1,1,1,0,5,50,2,2,1,0,0,1,50.0,68.0,voiture,deux_roues,1,2,3,1,3
202400053722,2024-06-08 15:00:00,2024,6,8,15,0,75,75114,BOULEVARD BRUNE,48.826551,2.310814,Plein jour,En agglomération,Intersection en T,Normale,Deux véhicules - côté,4,1, -1,-1,1,1,1,0,5,50,2,2,1,0,0,1,50.0,68.0,voiture,deux_roues,1,2,3,1,3
202400053723,2024-10-24 08:05:00,2024,10,24,8,5,63,63113,BINGEN (BD JACQUES),45.76683,3.10717,Plein jour,En agglomération,Intersection en X,Normale,Autre collision,4,1,2,0,1,1,1,0,1,50,1,2,1,0,0,1,23.0,,voiture,,1,2,2,1,6
202400053723,2024-10-24 08:05:00,2024,10,24,8,5,63,63113,BINGEN (BD JACQUES),45.76683,3.10717,Plein jour,En agglomération,Intersection en X,Normale,Autre collision,4,2,3,-1,1,1,1,5,1,50,1,2,1,0,0,1,23.0,,voiture,,1,2,2,1,6
202400053724,2024-03-24 19:45:00,2024,3,24,19,45,42,42272,Route de Maclas,45.365253,4.730711,Crépuscule ou aube,En agglomération,Hors intersection,Normale,Autre collision,4,2,2,0,2,2,1,0,1,70,1,2,0,0,1,1,44.0,,deux_roues,,2,2,1,1,6
202400053725,2024-08-14 22:30:00,2024,8,14,22,30,06,06069,18 Chemin des Capucins,43.6529641,6.92953,Nuit avec éclairage allumé,En agglomération,Hors intersection,Pluie légère,Deux véhicules - frontale,4,2,2,0,2,3,2,0,1,50,2,2,0,0,0,2,22.0,19.0,voiture,voiture,5,2,1,2,1
202400053726,2024-02-10 16:25:00,2024,2,10,16,25,94,94042,Avenue du Général Galliéni / Avenue du Président Wilson,48.820152,2.47441,Plein jour,En agglomération,Intersection en X,Normale,Deux véhicules - frontale,3,2,2,2,1,1,1,0,1,30,2,2,1,0,0,1,61.0,33.0,voiture,deux_roues,1,2,2,1,1
202400053726,2024-02-10 16:25:00,2024,2,10,16,25,94,94042,Avenue du Général Galliéni / Avenue du Président Wilson,48.820152,2.47441,Plein jour,En agglomération,Intersection en X,Normale,Deux véhicules - frontale,3,2,2,0,1,1,1,0,1,-1,2,2,1,0,0,1,61.0,33.0,voiture,deux_roues,1,2,2,1,1
202400053727,2024-07-11 17:30:00,2024,7,11,17,30,93,93008,AUTOROUTE A86,48.90934045,2.44700611,Plein jour,Hors agglomération,Hors intersection,Normale,Deux véhicules - arrière,1,3,6,0,1,1,1,1,1,90,2,2,1,0,0,1,25.0,26.0,voiture,voiture,1,1,1,1,2
202400053728,2024-01-01 10:25:00,2024,1,1,10,25,56,56193,Giratoire de Mané Branroch,47.739915,-3.302658,Plein jour,Hors agglomération,Giratoire,Vent fort / tempête,Deux véhicules - côté,3,1,1,0,1,2,2,5,1,80,2,2,1,0,1,0,18.0,63.0,deux_roues,voiture,1,1,6,6,3
202400053728,2024-01-01 10:25:00,2024,1,1,10,25,56,56193,Giratoire de Mané Branroch,47.739915,-3.302658,Plein jour,Hors agglomération,Giratoire,Vent fort / tempête,Deux véhicules - côté,3,3,2,-1,1,1,2,0,1,30,2,2,1,0,1,0,18.0,63.0,deux_roues,voiture,1,1,6,6,3
202400053729,2024-09-19 18:15:00,2024,9,19,18,15,44,44026,Route de Rabinard,47.313633,-1.43761,Crépuscule ou aube,Hors agglomération,Intersection en T,Normale,Deux véhicules - côté,7,2,2,0,1,1,1,0,1,50,2,2,1,0,1,0,80.0,38.0,voiture,deux_roues,2,1,3,1,3
202400053729,2024-09-19 18:15:00,2024,9,19,18,15,44,44026,Route de Rabinard,47.313633,-1.43761,Crépuscule ou aube,Hors agglomération,Intersection en T,Normale,Deux véhicules - côté,7,2,2,0,1,1,1,0,1,50,2,2,1,0,1,0,80.0,38.0,voiture,deux_roues,2,1,3,1,3
202400053730,2024-07-14 20:00:00,2024,7,14,20,0,28,28322,61 Route de Verneuil,48.715105,0.975302,Plein jour,En agglomération,Hors intersection,Normale,Deux véhicules - frontale,3,2,2,0,2,3,1,0,1,50,2,3,0,0,0,3,40.0,39.0,voiture,voiture,1,2,1,1,1
202400053731,2024-05-02 05:30:00,2024,5,2,5,30,93,93064,Rue du 4e Zouave / Rue d'Estienne d'Orves,48.87299023,2.48066461,Crépuscule ou aube,En agglomération,Intersection en T,Normale,Sans collision,4,2,3,0,1,1,1,5,1,50,2,2,0,0,0,2,25.0,25.0,voiture,deux_roues,2,2,3,1,7
202400053731,2024-05-02 05:30:00,2024,5,2,5,30,93,93064,Rue du 4e Zouave / Rue d'Estienne d'Orves,48.87299023,2.48066461,Crépuscule ou aube,En agglomération,Intersection en T,Normale,Sans collision,4,1,2,0,1,1,1,0,1,50,2,2,0,0,0,2,25.0,25.0,voiture,deux_roues,2,2,3,1,7
202400053732,2024-08-13 15:45:00,2024,8,13,15,45,06,06030,52 Boulevard Paul Doumer,43.569518,7.010676,Plein jour,En agglomération,Hors intersection,Normale,Deux véhicules - côté,4,2,2,0,2,1,1,0,1,50,2,2,1,0,1,0,67.0,59.0,voiture,deux_roues,1,2,1,1,3
202400053733,2024-10-23 07:50:00,2024,10,23,7,50,62,62239,Rue de Laubanie,50.93246635,1.85595989,Nuit sans éclairage public,En agglomération,Autre intersection,Temps couvert,Autre collision,4,1,2,0,1,1,2,0,1,50,1,2,1,0,1,0,51.0,,voiture,,3,2,9,8,6
202400053734,2024-06-08 02:20:00,2024,6,8,2,20,75,75107,QUAI D ORSAY,48.862858,2.31519,Nuit sans éclairage public,En agglomération,Intersection en X,Normale,Autre collision,4,1, -1,-1,1,1,1,0,1,30,2,2,1,0,0,1,19.0,34.0,deux_roues,voiture,3,2,2,1,6
202400053734,2024-06-08 02:20:00,2024,6,8,2,20,75,75107,QUAI D ORSAY,48.862858,2.31519,Nuit sans éclairage public,En agglomération,Intersection en X,Normale,Autre collision,4,2,5,1,1,1,1,0,1,30,2,2,1,0,0,1,19.0,34.0,deux_roues,voiture,3,2,2,1,6
202400053735,2024-02-13 20:20:00,2024,2,13,20,20,94,94041,Avenue de Verdun / Rue de Châteaudun,48.815966,2.367923,Nuit avec éclairage allumé,En agglomération,Intersection en T,Pluie légère,Autre collision,3,3,2,3,1,1,2,0,1,50,1,2,1,0,0,1,48.0,,deux_roues,,5,2,3,2,6
202400053735,2024-02-13 20:20:00,2024,2,13,20,20,94,94041,Avenue de Verdun / Rue de Châteaudun,48.815966,2.367923,Nuit avec éclairage allumé,En agglomération,Intersection en T,Pluie légère,Autre collision,3,2,2,0,1,1,2,0,1,-1,1,2,1,0,0,1,48.0,,deux_roues,,5,2,3,2,6
202400053736,2024-07-11 14:30:00,2024,7,11,14,30,93,93027,AUTOROUTE A86,48.92796013,2.41109133,Plein jour,Hors agglomération,Hors intersection,Normale,Sans collision,1,3,3,0,1,1,1,0,1,90,1,1,0,0,0,1,38.0,,deux_roues,,1,1,1,1,7
202400053737,2024-10-23 17:15:00,2024,10,23,17,15,62,62457,D86,50.45490418,2.54752206,Plein jour,En agglomération,Hors intersection,Normale,Sans collision,3,2,2,0,1,1,1,0,1,50,1,2,0,0,0,2,27.0,,deux_roues,,1,2,1,1,7
202400053738,2024-01-02 11:26:00,2024,1,2,11,26,77,77032,Route Nationale 4,48.701455,3.251331,Plein jour,En agglomération,Hors intersection,Pluie forte,Autre collision,3,2,2,0,2,2,2,0,1,50,3,3,2,0,0,1,20.0,43.0,voiture,utilitaire_camion,1,2,1,3,6
202400053739,2024-08-14 18:15:00,2024,8,14,18,15,75,75120,BOULEVARD DAVOUT,48.851398,2.410883,Plein jour,En agglomération,Hors intersection,Normale,Deux véhicules - frontale,4,1,1,1,2,1,1,0,5,30,2,2,0,0,0,2,23.0,29.0,deux_roues,deux_roues,1,2,1,1,1
202400053740,2024-06-16 21:20:00,2024,6,16,21,20,28,28140,Route de Gallardon,48.603886,1.672497,Crépuscule ou aube,En agglomération,Giratoire,Temps couvert,Autre collision,3,2,2,0,1,2,2,0,4,30,1,5,4,0,0,1,18.0,,voiture,,2,2,6,8,6
202400053741,2024-07-11 11:10:00,2024,7,11,11,10,95,95252,A15,48.98332355,2.21853144,Plein jour,Hors agglomération,Hors intersection,Normale,Sans collision,1,3,3,0,1,1,1,0,1,90,1,1,0,0,0,1,47.0,,voiture,,1,1,1,1,7
202400053742,2024-06-08 20:30:00,2024,6,8,20,30,75,75110,RUE DU CHATEAU LANDON,48.883311,2.364022,Plein jour,En agglomération,Hors intersection,Normale,Deux véhicules - frontale,4,1,1,2,1,1,1,0,1,30,2,3,0,0,0,3,44.0,26.0,deux_roues,deux_roues,1,2,1,1,1
202400053743,2024-05-02 22:00:00,2024,5,2,22,0,93,93046,Route Strategique,48.91739,2.555414,Nuit sans éclairage public,Hors agglomération,Hors intersection,Pluie légère,Deux véhicules - frontale,3,2,2,0,1,1,2,0,1,50,2,5,4,0,0,1,42.0,22.0,voiture,voiture,3,1,1,2,1
202400053744,2024-02-12 13:50:00,2024,2,12,13,50,94,94017,Boulevard de Stalingrad / Rue Julian Grimau,48.81775745,2.50736433,Plein jour,En agglomération,Intersection en T,Normale,Deux véhicules - arrière,3,2,2,1,1,1,1,0,1,50,2,2,1,0,0,1,24.0,83.0,utilitaire_camion,voiture,1,2,3,1,2
202400053744,2024-02-12 13:50:00,2024,2,12,13,50,94,94017,Boulevard de Stalingrad / Rue Julian Grimau,48.81775745,2.50736433,Plein jour,En agglomération,Intersection en T,Normale,Deux véhicules - arrière,3,1,1,0,1,1,1,0,1,-1,2,2,1,0,0,1,24.0,83.0,utilitaire_camion,voiture,1,2,3,1,2
202400053745,2024-09-20 23:40:00,2024,9,20,23,40,76,76276,Rue Andre Bertrand,49.617572,1.537562,Nuit sans éclairage public,En agglomération,Hors intersection,Normale,Deux véhicules - frontale,4,1,1,3,1,1,1,0,1,30,2,5,4,0,1,0,19.0,50.0,voiture,voiture,3,2,1,1,1
202400053746,2024-03-25 15:09:00,2024,3,25,15,9,38,38176,D163,45.640361,5.195348,Plein jour,En agglomération,Hors intersection,Normale,Deux véhicules - frontale,3,2,2,0,1,1,1,0,1,70,2,3,2,0,1,0,,31.0,voiture,voiture,1,2,1,1,1
202400053747,2024-10-23 10:50:00,2024,10,23,10,50,62,62847,D941,50.5119,2.66027,Plein jour,Hors agglomération,Giratoire,Normale,Autre collision,3,1,2,0,1,1,1,0,1,50,1,1,0,1,0,0,72.0,,voiture,,1,1,6,1,6
202400053748,2024-01-01 19:15:00,2024,1,1,19,15,76,76521,Chemin de l'Eglise,49.514684,1.396133,Nuit sans éclairage public,Hors agglomération,Hors intersection,Pluie légère,Autre collision,4,2,2,0,2,1,2,0,3,50,1,1,0,0,0,1,68.0,,voiture,,3,1,1,2,6
202400053749,2024-06-08 17:49:00,2024,6,8,17,49,28,28173,,48.471307,1.534857,Plein jour,En agglomération,Hors intersection,Normale,Sans collision,3,2,2,0,1,2,1,0,1,50,1,1,0,0,1,0,22.0,,deux_roues,,1,2,1,1,7
202400053750,2024-06-07 17:50:00,2024,6,7,17,50,75,75110,RUE LA FAYETTE,48.882479,2.369136,Plein jour,En agglomération,Intersection en Y,Normale,Autre collision,4,1, -1,-1,1,1,1,0,1,-1,1,2,1,0,0,1,42.0,,voiture,,1,2,4,1,6
202400053750,2024-06-07 17:50:00,2024,6,7,17,50,75,75110,RUE LA FAYETTE,48.882479,2.369136,Plein jour,En agglomération,Intersection en Y,Normale,Autre collision,4,2,2,1,1,1,1,0,1,30,1,2,1,0,0,1,42.0,,voiture,,1,2,4,1,6
202400053751,2024-08-14 11:45:00,2024,8,14,11,45,75,75112,RUE TAINE,48.838566,2.393213,Plein jour,En agglomération,Intersection en X,Normale,Deux véhicules - côté,4,1, -1,-1,1,1,1,0,6,30,2,2,1,0,0,1,53.0,61.0,deux_roues,voiture,1,2,2,1,3
202400053751,2024-08-14 11:45:00,2024,8,14,11,45,75,75112,RUE TAINE,48.838566,2.393213,Plein jour,En agglomération,Intersection en X,Normale,Deux véhicules - côté,4,2, -1,3,2,1,1,0,6,30,2,2,1,0,0,1,53.0,61.0,deux_roues,voiture,1,2,2,1,3
202400053752,2024-07-11 00:40:00,2024,7,11,0,40,93,93048,AUTOROUTE A86,48.86456714,2.48230399,Nuit sans éclairage public,Hors agglomération,Hors intersection,Normale,Deux véhicules - arrière,1,3,3,0,1,1,1,0,1,90,2,2,1,0,0,1,47.0,26.0,deux_roues,voiture,3,1,1,1,2
202400053753,2024-10-24 07:50:00,2024,10,24,7,50,59,59392,EPINETTE (BOULEVARD DE L'),50.284099,3.968073,Crépuscule ou aube,En agglomération,Hors intersection,Normale,Autre collision,3,1,2,0,1,3,1,5,1,50,1,2,1,0,1,0,48.0,,voiture,,2,2,1,1,6
202400053754,2024-09-21 14:00:00,2024,9,21,14,0,80,80421,"A1, pk 109.280, sens LILLE-Paris",49.773248,2.797834,Plein jour,Hors agglomération,Hors intersection,Normale,Deux véhicules - arrière,1,3,3,0,1,1,1,0,1,130,2,2,1,0,0,1,59.0,45.0,voiture,utilitaire_camion,1,1,1,1,2
202400053755,2024-01-01 20:50:00,2024,1,1,20,50,32,32426,38 Avenue du Général de Gaulle,43.497418,0.594351,Nuit avec éclairage allumé,En agglomération,Hors intersection,Normale,Sans collision,3,2,2,0,1,1,1,0,3,-1,1,1,0,0,1,0,24.0,,voiture,,5,2,1,1,7