accident_id,datetime,annee,mois,jour,heure,minute,departement,commune_insee,adresse,latitude,longitude,luminosite,agglomeration,intersection,meteo,collision,catr,circ,nbv,vosp,prof,plan,surf,infra,situ,vma,nb_vehicules,nb_usagers,nb_indemnes,nb_tues,nb_blesses_hosp,nb_blesses_legers,age_cond_1,age_cond_2,veh_type_cond_1,veh_type_cond_2,lum_code,agg_code,int_code,atm_code,col_code
202400053756,2024-02-12 19:35:00,2024,2,12,19,35,93,93070,Boulevard Victor Hugo / Place du Capitaine Glarner / Rue des Docks,48.90713,2.32631,Nuit avec éclairage allumé,En agglomération,Intersection en X,Autre,Deux véhicules - côté,4,1,1,0,1,1,2,0,1,50,2,2,1,0,0,1,24.0,28.0,deux_roues,voiture,5,2,2,9,3
202400053756,2024-02-12 19:35:00,2024,2,12,19,35,93,93070,Boulevard Victor Hugo / Place du Capitaine Glarner / Rue des Docks,48.90713,2.32631,Nuit avec éclairage allumé,En agglomération,Intersection en X,Autre,Deux véhicules - côté,4,2,2,0,1,1,2,0,1,-1,2,2,1,0,0,1,24.0,28.0,deux_roues,voiture,5,2,2,9,3
202400053756,2024-02-12 19:35:00,2024,2,12,19,35,93,93070,Boulevard Victor Hugo / Place du Capitaine Glarner / Rue des Docks,48.90713,2.32631,Nuit avec éclairage allumé,En agglomération,Intersection en X,Autre,Deux véhicules - côté,4,3,3,0,1,1,2,0,1,-1,2,2,1,0,0,1,24.0,28.0,deux_roues,voiture,5,2,2,9,3
202400053757,2024-03-26 12:25:00,2024,3,26,12,25,38,38357,Rue Alfred de Musset,45.543964,5.541669,Plein jour,En agglomération,Hors intersection,Normale,Deux véhicules - frontale,4,2,2,0,2,3,2,0,1,50,2,3,2,0,0,1,36.0,45.0,deux_roues,utilitaire_camion,1,2,1,1,1
202400053758,2024-05-02 17:22:00,2024,5,2,17,22,93,93046,Avenue de la Gare de Gargan / Allée Marguerite,48.90542,2.52047,Plein jour,En agglomération,Intersection en X,Pluie légère,Autre collision,4,1,1,0,1,1,2,6,1,50,1,3,2,0,1,0,25.0,,voiture,,1,2,2,2,6
202400053758,2024-05-02 17:22:00,2024,5,2,17,22,93,93046,Avenue de la Gare de Gargan / Allée Marguerite,48.90542,2.52047,Plein jour,En agglomération,Intersection en X,Pluie légère,Autre collision,4,1,1,0,1,1,2,6,1,50,1,3,2,0,1,0,25.0,,voiture,,1,2,2,2,6
202400053759,2024-07-15 18:10:00,2024,7,15,18,10,28,28121,A10 PK 073+800,48.11862,1.85096,Plein jour,Hors agglomération,Hors intersection,Normale,Deux véhicules - arrière,1,3,3,3,1,1,1,0,2,130,2,2,1,1,0,0,44.0,58.0,utilitaire_camion,voiture,1,1,1,1,2
202400053760,2024-08-14 18:40:00,2024,8,14,18,40,75,75108,COURS ALBERT 1ER,48.864888,2.307935,Plein jour,En agglomération,Intersection en T,Normale,Autre collision,4,2,1,1,1,1,1,9,5,30,1,1,0,0,0,1,57.0,,deux_roues,,1,2,3,1,6
202400053760,2024-08-14 18:40:00,2024,8,14,18,40,75,75108,COURS ALBERT 1ER,48.864888,2.307935,Plein jour,En agglomération,Intersection en T,Normale,Autre collision,4,1, -1,-1,1,1,1,9,5,30,1,1,0,0,0,1,57.0,,deux_roues,,1,2,3,1,6
202400053761,2024-06-08 15:15:00,2024,6,8,15,15,75,75107,SOUTERRAIN BRANLY,48.858825,2.292757,Plein jour,En agglomération,Hors intersection,Normale,Deux véhicules - frontale,4,2,1,1,2,1,1,1,5,30,2,2,0,0,0,2,23.0,27.0,deux_roues,deux_roues,1,2,1,1,1
202400053762,2024-02-13 00:30:00,2024,2,13,0,30,93,93064,Rue de Lisbonne,48.87846,2.4758,Nuit sans éclairage public,En agglomération,Hors intersection,Normale,Deux véhicules - frontale,4,2,3,0,1,1,1,9,1,50,2,2,0,0,0,2,39.0,39.0,voiture,voiture,3,2,1,1,1
202400053763,2024-05-29 19:45:00,2024,5,29,19,45,93,93063,A3,48.87538633,2.44065834,Crépuscule ou aube,Hors agglomération,Hors intersection,Normale,Deux véhicules - côté,1,3,3,0,1,1,1,0,1,90,2,2,1,0,0,1,36.0,64.0,deux_roues,voiture,2,1,1,1,3
202400053764,2024-11-27 09:50:00,2024,11,27,9,50,972,97209,RELIGIEUSES (ROUTE DES),14.60522,-61.06322,Plein jour,En agglomération,Hors intersection,Normale,Autre collision,3,2,2,0,2,1,1,0,4,50,1,2,1,0,0,1,,,autre,,1,2,1,1,6
202400053765,2024-01-01 05:40:00,2024,1,1,5,40,89,89139,Route des Beaufumes,47.703159,3.426345,Nuit sans éclairage public,Hors agglomération,Hors intersection,Normale,Sans collision,4,2,2,0,1,2,1,0,3,90,1,1,0,0,1,0,29.0,,voiture,,3,1,1,1,7
202400053766,2024-02-13 08:24:00,2024,2,13,8,24,93,93048,Avenue du Président Wilson / Rue Marcellin Berthelot,48.85566,2.43955,Plein jour,En agglomération,Intersection en X,Normale,Deux véhicules - côté,3,2,2,2,1,1,1,0,1,30,2,2,1,0,0,1,,29.0,voiture,deux_roues,1,2,2,1,3
202400053766,2024-02-13 08:24:00,2024,2,13,8,24,93,93048,Avenue du Président Wilson / Rue Marcellin Berthelot,48.85566,2.43955,Plein jour,En agglomération,Intersection en X,Normale,Deux véhicules - côté,3,1,1,2,1,1,1,0,1,30,2,2,1,0,0,1,,29.0,voiture,deux_roues,1,2,2,1,3
202400053767,2024-05-02 17:10:00,2024,5,2,17,10,93,93027,Boulevard Pasteur / Avenue Victor Hugo,48.92446433,2.38438225,Plein jour,En agglomération,Intersection en T,Pluie légère,Deux véhicules - arrière,3,2,2,0,1,1,2,0,1,50,2,2,1,0,1,0,70.0,37.0,voiture,deux_roues,1,2,3,2,2
202400053767,2024-05-02 17:10:00,2024,5,2,17,10,93,93027,Boulevard Pasteur / Avenue Victor Hugo,48.92446433,2.38438225,Plein jour,En agglomération,Intersection en T,Pluie légère,Deux véhicules - arrière,3,2,2,0,2,1,2,0,1,-1,2,2,1,0,1,0,70.0,37.0,voiture,deux_roues,1,2,3,2,2
202400053768,2024-03-22 15:00:00,2024,3,22,15,0,46,46102,Fumat,44.59561504,2.03865103,Plein jour,Hors agglomération,Hors intersection,Normale,Deux véhicules - frontale,3,2,2,0,1,1,1,0,1,80,2,3,2,0,0,1,77.0,23.0,voiture,voiture,1,1,1,1,1
202400053769,2024-10-24 16:15:00,2024,10,24,16,15,53,53130,CHANZY ( AVENUE DE ),48.06987,-0.74964,Plein jour,En agglomération,Intersection en X,Normale,Autre collision,3,-1,0,0,2,1,1,5,1,50,2,2,1,1,0,0,32.0,87.0,voiture,deux_roues,1,2,2,1,6
202400053769,2024-10-24 16:15:00,2024,10,24,16,15,53,53130,CHANZY ( AVENUE DE ),48.06987,-0.74964,Plein jour,En agglomération,Intersection en X,Normale,Autre collision,3,2,2,0,1,1,1,5,1,50,2,2,1,1,0,0,32.0,87.0,voiture,deux_roues,1,2,2,1,6
202400053770,2024-08-14 11:40:00,2024,8,14,11,40,94,94068,Avenue du Bac,48.79649,2.50646,Plein jour,En agglomération,Hors intersection,Normale,Autre collision,3,2,2,0,1,1,1,0,1,30,1,2,1,0,0,1,72.0,,deux_roues,,1,2,1,1,6
202400053771,2024-09-17 16:15:00,2024,9,17,16,15,13,13001,A51-Sens Aix en Provence vers Marseille,43.52271,5.42693,Plein jour,Hors agglomération,Hors intersection,Temps couvert,Trois véhicules et plus - collisions multiples,1,1,2,0,1,1,2,0,1,90,4,7,2,0,0,5,46.0,51.0,voiture,utilitaire_camion,1,1,1,8,5
202400053772,2024-06-08 20:30:00,2024,6,8,20,30,75,75101,RUE DE RIVOLI,48.86374,2.332201,Plein jour,En agglomération,Intersection en T,Normale,Deux véhicules - côté,4,2,4,1,1,1,1,0,5,30,2,2,1,0,0,1,21.0,24.0,deux_roues,deux_roues,1,2,3,1,3
202400053772,2024-06-08 20:30:00,2024,6,8,20,30,75,75101,RUE DE RIVOLI,48.86374,2.332201,Plein jour,En agglomération,Intersection en T,Normale,Deux véhicules - côté,4,2,2,0,1,1,1,0,1,30,2,2,1,0,0,1,21.0,24.0,deux_roues,deux_roues,1,2,3,1,3
202400053773,2024-07-02 15:20:00,2024,7,2,15,20,44,44143,140 Rue des Sorinnières,47.15503904,-1.53720299,Plein jour,En agglomération,Hors intersection,Temps couvert,Deux véhicules - arrière,4,2,2,0,1,1,1,0,1,50,2,2,1,0,0,1,43.0,37.0,voiture,voiture,1,2,1,8,2
202400053774,2024-11-30 21:04:00,2024,11,30,21,4,974,97407,AXE MIXTE DE CAMBAIE,-20.95546,55.29405,Nuit sans éclairage public,Hors agglomération,Hors intersection,Normale,Autre collision,2,1,1,0,1,1,1,0,1,50,1,1,0,1,0,0,36.0,,deux_roues,,3,1,1,1,6
202400053775,2024-01-01 17:10:00,2024,1,1,17,10,63,63081,Chemin rural,45.52527803,3.69984314,Crépuscule ou aube,Hors agglomération,Hors intersection,Normale,Autre collision,9,2,1,0,2,1,6,0,3,80,1,1,0,0,0,1,23.0,,deux_roues,,2,1,1,1,6
202400053776,2024-08-12 19:15:00,2024,8,12,19,15,94,94068,Rue du Pont de Créteil,48.79973,2.470435,Plein jour,En agglomération,Hors intersection,Normale,Sans collision,3,1,2,0,1,1,1,2,1,30,1,1,0,0,0,1,23.0,,deux_roues,,1,2,1,1,7
202400053777,2024-02-12 15:50:00,2024,2,12,15,50,93,93032,Allée de Montfermeil / Allée de Gagny,48.8989,2.5464,Plein jour,En agglomération,Intersection à plus de 4 branches,Normale,Deux véhicules - côté,3,2,2,0,1,1,1,0,1,50,2,2,1,0,0,1,74.0,45.0,voiture,utilitaire_camion,1,2,5,1,3
202400053777,2024-02-12 15:50:00,2024,2,12,15,50,93,93032,Allée de Montfermeil / Allée de Gagny,48.8989,2.5464,Plein jour,En agglomération,Intersection à plus de 4 branches,Normale,Deux véhicules - côté,3,3,3,2,2,1,1,0,1,50,2,2,1,0,0,1,74.0,45.0,voiture,utilitaire_camion,1,2,5,1,3
202400053778,2024-03-27 04:32:00,2024,3,27,4,32,72,72264,Rue Saint-nicolas,47.834412,-0.319572,Nuit avec éclairage allumé,En agglomération,Giratoire,Normale,Deux véhicules - côté,4,2,2,0,1,2,1,0,1,50,2,2,1,0,0,1,38.0,63.0,deux_roues,voiture,5,2,6,1,3
202400053779,2024-09-20 00:03:00,2024,9,20,0,3,13,13005,A50-Sens Aubagne vers Marseille,43.28923,5.55049,Nuit sans éclairage public,Hors agglomération,Autre intersection,Normale,Autre collision,1,1,3,0,1,1,1,0,1,90,1,1,0,0,1,0,24.0,,voiture,,3,1,9,1,6
202400053780,2024-11-30 14:34:00,2024,11,30,14,34,973,97302,BECKER (LIEUTENANT),4.93804,-52.32933,Plein jour,En agglomération,Hors intersection,Normale,Sans collision,4,1,1,0,1,1,1,0,4,50,1,1,0,0,0,1,9.0,,deux_roues,,1,2,1,1,7
202400053781,2024-06-08 00:15:00,2024,6,8,0,15,75,75104,VOIE GEORGES POMPIDOU,48.850892,2.361137,Nuit avec éclairage allumé,En agglomération,Hors intersection,Normale,Autre collision,4,2,1,3,1,1,1,6,6,30,1,2,0,0,0,2,27.0,,deux_roues,,5,2,1,1,6
202400053782,2024-10-15 14:15:00,2024,10,15,14,15,52,52121,THEURIET (RUE ANDRE),48.10301,5.13317,Plein jour,En agglomération,Intersection en X,Normale,Deux véhicules - côté,4,1,1,0,1,1,1,0,1,50,2,2,1,0,1,0,37.0,69.0,deux_roues,voiture,1,2,2,1,3
202400053782,2024-10-15 14:15:00,2024,10,15,14,15,52,52121,THEURIET (RUE ANDRE),48.10301,5.13317,Plein jour,En agglomération,Intersection en X,Normale,Deux véhicules - côté,4,2,2,2,1,1,1,0,1,50,2,2,1,0,1,0,37.0,69.0,deux_roues,voiture,1,2,2,1,3
202400053783,2024-05-02 10:10:00,2024,5,2,10,10,93,93008,Avenue Henri Barbusse / Rue Henri Gautier,48.906228,2.422967,Plein jour,En agglomération,Intersection en T,Normale,Deux véhicules - côté,3,2,2,1,1,1,1,0,1,50,2,2,1,0,0,1,23.0,33.0,utilitaire_camion,deux_roues,1,2,3,1,3
202400053783,2024-05-02 10:10:00,2024,5,2,10,10,93,93008,Avenue Henri Barbusse / Rue Henri Gautier,48.906228,2.422967,Plein jour,En agglomération,Intersection en T,Normale,Deux véhicules - côté,3,2,2,0,1,1,1,0,1,50,2,2,1,0,0,1,23.0,33.0,utilitaire_camion,deux_roues,1,2,3,1,3
202400053784,2024-06-18 20:50:00,2024,6,18,20,50,44,44190,116 Rue du Général De Gaulle,47.20870552,-1.48948491,Nuit avec éclairage allumé,En agglomération,Giratoire,Temps couvert,Deux véhicules - côté,4,2,2,2,1,1,1,5,1,50,2,3,2,0,0,1,22.0,47.0,deux_roues,voiture,5,2,6,8,3
202400053785,2024-02-13 09:25:00,2024,2,13,9,25,92,92062,WALLACE (BD RICHARD) DU 17 AU 91 ET DU 3,48.87990248,2.23976666,Plein jour,En agglomération,Hors intersection,Temps couvert,Deux véhicules - côté,4,2,2,0,1,1,1,0,1,50,2,2,1,0,0,1,21.0,31.0,deux_roues,voiture,1,2,1,8,3
202400053786,2024-01-01 13:00:00,2024,1,1,13,0,49,49050,11 Rue Raphaël Lecuit,47.348128,-0.443825,Plein jour,En agglomération,Intersection en Y,Pluie légère,Deux véhicules - frontale,4,2,2,0,1,1,2,0,1,30,2,3,1,0,2,0,37.0,53.0,utilitaire_camion,voiture,1,2,4,2,1
202400053786,2024-01-01 13:00:00,2024,1,1,13,0,49,49050,11 Rue Raphaël Lecuit,47.348128,-0.443825,Plein jour,En agglomération,Intersection en Y,Pluie légère,Deux véhicules - frontale,4,2, -1,-1,1,1,2,0,1,-1,2,3,1,0,2,0,37.0,53.0,utilitaire_camion,voiture,1,2,4,2,1
202400053787,2024-08-13 23:30:00,2024,8,13,23,30,94,94022,Avenue Victor Hugo,48.76889,2.42066,Nuit avec éclairage allumé,En agglomération,Autre intersection,Normale,Deux véhicules - côté,3,1,2,0,1,1,1,0,1,50,2,2,1,0,0,1,31.0,30.0,voiture,deux_roues,5,2,9,1,3
202400053787,2024-08-13 23:30:00,2024,8,13,23,30,94,94022,Avenue Victor Hugo,48.76889,2.42066,Nuit avec éclairage allumé,En agglomération,Autre intersection,Normale,Deux véhicules - côté,3,1,1,0,1,1,1,0,1,50,2,2,1,0,0,1,31.0,30.0,voiture,deux_roues,5,2,9,1,3
202400053788,2024-11-29 22:23:00,2024,11,29,22,23,973,97302,MERE THERESA (rue),4.9301,-52.3,Nuit avec éclairage allumé,En agglomération,Hors intersection,Normale,Deux véhicules - côté,4,2,2,0,1,4,1,0,1,50,2,3,1,0,0,2,35.0,33.0,voiture,deux_roues,5,2,1,1,3
202400053789,2024-09-20 12:35:00,2024,9,20,12,35,59,59462,AUTOROUTE A1,50.50627,3.02118,Plein jour,Hors agglomération,Hors intersection,Normale,Deux véhicules - arrière,1,3,3,0,1,1,1,0,1,130,2,2,1,0,1,0,57.0,35.0,utilitaire_camion,utilitaire_camion,1,1,1,1,2
202400053790,2024-06-08 14:25:00,2024,6,8,14,25,94,94081,Rue Mario Capra / Avenue Youri Gagarine,48.784333,2.392773,Plein jour,En agglomération,Intersection en T,Normale,Deux véhicules - côté,3,3,4,1,1,1,1,0,1,50,2,2,1,0,0,1,65.0,21.0,voiture,deux_roues,1,2,3,1,3
202400053790,2024-06-08 14:25:00,2024,6,8,14,25,94,94081,Rue Mario Capra / Avenue Youri Gagarine,48.784333,2.392773,Plein jour,En agglomération,Intersection en T,Normale,Deux véhicules - côté,3,1,1,0,1,1,1,0,1,50,2,2,1,0,0,1,65.0,21.0,voiture,deux_roues,1,2,3,1,3
202400053791,2024-10-24 11:40:00,2024,10,24,11,40,47,47323,ROUTE NATIONALE 21,44.39004,0.7176,Plein jour,Hors agglomération,Autre intersection,Normale,Deux véhicules - côté,2,1,1,-1,3,2,1,5,1,-1,2,2,1,0,0,1,15.0,21.0,deux_roues,voiture,1,1,9,1,3
202400053791,2024-10-24 11:40:00,2024,10,24,11,40,47,47323,ROUTE NATIONALE 21,44.39004,0.7176,Plein jour,Hors agglomération,Autre intersection,Normale,Deux véhicules - côté,2,3,2,0,1,1,1,5,1,70,2,2,1,0,0,1,15.0,21.0,deux_roues,voiture,1,1,9,1,3
202400053792,2024-02-08 17:00:00,2024,2,8,17,0,92,92051,"ACHILLE PERETTI (AVENUE, N° 90 A 96 ET 9",48.88401896,2.27085364,Plein jour,En agglomération,Autre intersection,Normale,Autre collision,4,2,2,0,1,1,1,9,8,50,1,2,1,0,0,1,32.0,,voiture,,1,2,9,1,6
202400053793,2024-07-09 07:50:00,2024,7,9,7,50,974,97407,AXE MIXTE DE CAMBAIE,-20.95243,55.29514,Plein jour,Hors agglomération,Autre intersection,Normale,Deux véhicules - côté,2,-1,2,0,1,1,1,0,1,50,2,2,1,0,0,1,47.0,54.0,deux_roues,voiture,1,1,9,1,3
202400053794,2024-05-01 20:00:00,2024,5,1,20,0,93,93005,Rue Eugène Delacroix / Cours Salvador Allende,48.952802,2.499046,Plein jour,En agglomération,Intersection en X,Normale,Deux véhicules - côté,3,2,2,1,1,1,1,0,8,-1,2,2,0,0,0,2,20.0,20.0,voiture,voiture,1,2,2,1,3
202400053794,2024-05-01 20:00:00,2024,5,1,20,0,93,93005,Rue Eugène Delacroix / Cours Salvador Allende,48.952802,2.499046,Plein jour,En agglomération,Intersection en X,Normale,Deux véhicules - côté,3,2,2,0,1,1,1,9,8,50,2,2,0,0,0,2,20.0,20.0,voiture,voiture,1,2,2,1,3
202400053795,2024-11-30 13:10:00,2024,11,30,13,10,972,97213,ROUTE NATIONALE 1,14.63821,-60.97615,Plein jour,En agglomération,Hors intersection,Normale,Autre collision,2,2,4,0,1,1,1,0,1,90,1,3,1,0,0,2,38.0,,voiture,,1,2,1,1,6
202400053796,2024-08-14 14:40:00,2024,8,14,14,40,94,94069,Avenue de Verdun,48.82218713,2.42191458,Plein jour,En agglomération,Intersection en X,Normale,Autre collision,4,1,1,0,1,1,1,0,1,30,1,2,1,0,0,1,56.0,,deux_roues,,1,2,2,1,6
202400053796,2024-08-14 14:40:00,2024,8,14,14,40,94,94069,Avenue de Verdun,48.82218713,2.42191458,Plein jour,En agglomération,Intersection en X,Normale,Autre collision,4,2,2,0,1,1,1,0,1,30,1,2,1,0,0,1,56.0,,deux_roues,,1,2,2,1,6
202400053797,2024-01-01 04:30:00,2024,1,1,4,30,25,25381,D465,47.28118,5.957996,Nuit sans éclairage public,Hors agglomération,Hors intersection,Pluie légère,Sans collision,3,3,2,0,1,4,2,0,8,80,1,5,4,0,1,0,19.0,,voiture,,3,1,1,2,7
202400053798,2024-10-23 17:30:00,2024,10,23,17,30,47,47027,BORDEAUX (avenue de),44.40276,0.66647,Plein jour,Hors agglomération,Hors intersection,Temps éblouissant,Deux véhicules - arrière,3,2,2,0,1,1,1,0,1,80,2,2,0,0,0,2,86.0,30.0,voiture,voiture,1,1,1,7,2
202400053799,2024-06-08 17:20:00,2024,6,8,17,20,94,94078,Avenue de Melun / Chemin des Pêcheurs,48.72486,2.44545,Plein jour,En agglomération,Intersection en T,Normale,Autre collision,3,1,1,0,2,1,1,0,1,-1,1,2,1,0,0,1,25.0,,voiture,,1,2,3,1,6
202400053799,2024-06-08 17:20:00,2024,6,8,17,20,94,94078,Avenue de Melun / Chemin des Pêcheurs,48.72486,2.44545,Plein jour,En agglomération,Intersection en T,Normale,Autre collision,3,2,2,0,1,1,1,2,1,50,1,2,1,0,0,1,25.0,,voiture,,1,2,3,1,6
202400053800,2024-03-26 16:00:00,2024,3,26,16,0,13,13071,A7-Sens Marseille vers Lyon,43.41269032,5.2816386,Plein jour,Hors agglomération,Hors intersection,Pluie légère,Deux véhicules - arrière,1,-1,3,0,1,1,2,0,1,90,3,5,4,0,0,1,40.0,29.0,voiture,voiture,1,1,1,2,2
202400053801,2024-09-20 16:00:00,2024,9,20,16,0,91,91645,RN 385 INT,48.75982,2.26089,Plein jour,Hors agglomération,Hors intersection,Normale,Trois véhicules et plus - en chaîne,2,1,2,0,1,1,1,0,1,90,3,3,2,0,0,1,32.0,19.0,voiture,deux_roues,1,1,1,1,4
202400053802,2024-07-10 16:05:00,2024,7,10,16,5,973,97302,CATAYEE (JUSTIN),4.93025902,-52.32603228,Plein jour,En agglomération,Hors intersection,Normale,Deux véhicules - côté,3,2,2,3,1,1,1,8,1,50,2,2,0,0,0,2,44.0,53.0,voiture,voiture,1,2,1,1,3
202400053803,2024-02-13 19:50:00,2024,2,13,19,50,92,92062,DE DION BOUTON (QUAI) DU 1 AU 28,48.87707035,2.24118635,Nuit avec éclairage allumé,En agglomération,Intersection en T,Pluie légère,Deux véhicules - côté,3,1,2,0,1,1,2,0,1,50,2,2,1,0,0,1,36.0,52.0,deux_roues,voiture,5,2,3,2,3
202400053803,2024-02-13 19:50:00,2024,2,13,19,50,92,92062,DE DION BOUTON (QUAI) DU 1 AU 28,48.87707035,2.24118635,Nuit avec éclairage allumé,En agglomération,Intersection en T,Pluie légère,Deux véhicules - côté,3,1, -1,-1,1,1,2,5,1,-1,2,2,1,0,0,1,36.0,52.0,deux_roues,voiture,5,2,3,2,3
202400053804,2024-11-30 14:00:00,2024,11,30,14,0,69,69202,67 Avenue Valioud,45.73961,4.80643,Plein jour,En agglomération,Hors intersection,Normale,Autre collision,4,2,2,0,1,1,1,9,8,50,1,2,1,0,1,0,64.0,,voiture,,1,2,1,1,6
202400053805,2024-05-02 13:35:00,2024,5,2,13,35,93,93001,Avenue Jean Jaurès / Avenue de la République,48.903593,2.391793,Plein jour,En agglomération,Intersection en X,Normale,Deux véhicules - côté,3,3,4,1,1,1,1,0,1,50,2,2,1,0,1,0,20.0,21.0,deux_roues,voiture,1,2,2,1,3
202400053805,2024-05-02 13:35:00,2024,5,2,13,35,93,93001,Avenue Jean Jaurès / Avenue de la République,48.903593,2.391793,Plein jour,En agglomération,Intersection en X,Normale,Deux véhicules - côté,3,2,2,3,1,1,1,0,1,-1,2,2,1,0,1,0,20.0,21.0,deux_roues,voiture,1,2,2,1,3
202400053806,2024-08-14 15:30:00,2024,8,14,15,30,94,94017,Avenue du Général de Gaulle,48.82695,2.50734,Plein jour,En agglomération,Hors intersection,Normale,Deux véhicules - arrière,3,3,0,0,1,1,1,3,1,50,2,2,1,0,0,1,57.0,34.0,voiture,deux_roues,1,2,1,1,2
202400053807,2024-06-08 03:10:00,2024,6,8,3,10,94,94081,Quai Jules Guesde,48.79533,2.41806,Nuit avec éclairage allumé,En agglomération,Hors intersection,Normale,Deux véhicules - côté,3,1,3,0,1,1,1,0,1,50,2,2,1,0,1,0,32.0,17.0,utilitaire_camion,deux_roues,5,2,1,1,3
202400053808,2024-10-23 18:30:00,2024,10,23,18,30,44,44109,84 Rue de Coulmiers,47.22558,-1.54036,Plein jour,En agglomération,Autre intersection,Normale,Deux véhicules - côté,4,2,2,0,1,1,1,0,1,30,2,3,1,0,0,2,19.0,22.0,voiture,deux_roues,1,2,9,1,3
202400053809,2024-07-10 18:20:00,2024,7,10,18,20,69,69385,Montée du Chemin Neuf,45.75941,4.82418,Plein jour,En agglomération,Hors intersection,Pluie légère,Sans collision,4,1,2,1,2,1,2,0,1,30,1,1,0,0,0,1,58.0,,deux_roues,,1,2,1,2,7
202400053810,2024-03-25 09:00:00,2024,3,25,9,0,13,13055,A50-Sens Aubagne vers Toulon,43.29057,5.42672,Plein jour,Hors agglomération,Hors intersection,Normale,Trois véhicules et plus - collisions multiples,1,3,3,0,1,1,1,0,1,110,3,4,1,0,0,3,27.0,22.0,utilitaire_camion,utilitaire_camion,1,1,1,1,5
202400053811,2024-11-30 12:09:00,2024,11,30,12,9,971,97101,BLANCHARD,16.22442,-61.52564,Plein jour,En agglomération,Hors intersection,Normale,Autre collision,3,-1,1,0,2,1,1,5,1,50,1,1,0,0,0,1,73.0,,voiture,,1,2,1,1,6
202400053812,2024-05-02 16:10:00,2024,5,2,16,10,92,92062,ROSIERS RUE DES,48.88742036,2.22737968,Plein jour,En agglomération,Hors intersection,Pluie forte,Autre collision,4,2,2,0,1,1,2,0,1,50,1,2,1,0,0,1,35.0,,voiture,,1,2,1,3,6
202400053813,2024-01-01 13:55:00,2024,1,1,13,55,44,44098,46 Rue du Stade,47.480458,-2.170473,Plein jour,Hors agglomération,Hors intersection,Pluie légère,Deux véhicules - frontale,3,2,2,0,1,4,2,0,1,50,2,5,4,1,0,0,32.0,19.0,voiture,deux_roues,1,1,1,2,1
202400053814,2024-09-19 17:10:00,2024,9,19,17,10,92,92051,RN13,48.8857803,2.2575639,Plein jour,Hors agglomération,Hors intersection,Normale,Trois véhicules et plus - en chaîne,2,1,2,3,2,1,1,1,1,70,3,5,3,0,0,2,27.0,26.0,voiture,voiture,1,1,1,1,4
202400053815,2024-02-13 19:35:00,2024,2,13,19,35,92,92026,PRÉSIDENT PAUL DOUMER (QUAI DU),48.89012856,2.25625902,Nuit avec éclairage allumé,En agglomération,Intersection en T,Pluie légère,Deux véhicules - côté,3,2,2,0,1,1,2,0,1,50,2,2,0,0,0,2,46.0,46.0,deux_roues,deux_roues,5,2,3,2,3
202400053815,2024-02-13 19:35:00,2024,2,13,19,35,92,92026,PRÉSIDENT PAUL DOUMER (QUAI DU),48.89012856,2.25625902,Nuit avec éclairage allumé,En agglomération,Intersection en T,Pluie légère,Deux véhicules - côté,3,2,4,0,1,1,2,5,1,50,2,2,0,0,0,2,46.0,46.0,deux_roues,deux_roues,5,2,3,2,3
202400053816,2024-08-14 19:24:00,2024,8,14,19,24,93,93066,Rue du Plouich / Rue Georges Bizet,48.94305337,2.38217377,Plein jour,En agglomération,Intersection en T,Normale,Deux véhicules - côté,4,2,2,0,1,1,1,0,1,-1,2,2,1,0,0,1,9.0,39.0,deux_roues,voiture,1,2,3,1,3
202400053816,2024-08-14 19:24:00,2024,8,14,19,24,93,93066,Rue du Plouich / Rue Georges Bizet,48.94305337,2.38217377,Plein jour,En agglomération,Intersection en T,Normale,Deux véhicules - côté,4,2,2,0,1,2,1,0,1,30,2,2,1,0,0,1,9.0,39.0,deux_roues,voiture,1,2,3,1,3
202400053817,2024-11-29 17:20:00,2024,11,29,17,20,971,97101,GRAND CAMP(SECTION),16.25392,-61.53966,Plein jour,Hors agglomération,Hors intersection,Normale,Sans collision,2,3,2,0,1,1,1,0,1,90,1,1,0,0,0,1,54.0,,voiture,,1,1,1,1,7
202400053818,2024-10-24 08:05:00,2024,10,24,8,5,41,41269,SAINT LUBIN (FAUBOURG),47.79048,1.06375,Nuit avec éclairage allumé,En agglomération,Autre intersection,Normale,Deux véhicules - côté,4,-1,2,0,1,1,1,0,1,50,2,2,0,0,0,2,50.0,15.0,voiture,deux_roues,5,2,9,1,3
202400053819,2024-07-10 12:25:00,2024,7,10,12,25,2A,2A004,stradda di balio,41.95262,8.78455,Plein jour,En agglomération,Hors intersection,Normale,Deux véhicules - côté,2,2,2,0,1,1,1,0,1,50,2,2,1,0,0,1,54.0,51.0,voiture,deux_roues,1,2,1,1,3
202400053820,2024-01-01 11:25:00,2024,1,1,11,25,44,44115,,47.36406,-1.228602,Plein jour,Hors agglomération,Hors intersection,Normale,Autre collision,3,3,3,0,2,1,2,0,3,80,1,1,0,0,1,0,26.0,,voiture,,1,1,1,1,6
202400053821,2024-05-02 19:15:00,2024,5,2,19,15,75,75117,JEAN JAURES (BD),48.89665157,2.30953646,Plein jour,En agglomération,Intersection en T,Pluie légère,Deux véhicules - arrière,4,1,3,0,1,1,2,0,1,50,2,2,1,0,0,1,30.0,27.0,voiture,deux_roues,1,2,3,2,2