accident_id,datetime,annee,mois,jour,heure,minute,departement,commune_insee,adresse,latitude,longitude,luminosite,agglomeration,intersection,meteo,collision,catr,circ,nbv,vosp,prof,plan,surf,infra,situ,vma,nb_vehicules,nb_usagers,nb_indemnes,nb_tues,nb_blesses_hosp,nb_blesses_legers,age_cond_1,age_cond_2,veh_type_cond_1,veh_type_cond_2,lum_code,agg_code,int_code,atm_code,col_code
202400053821,2024-05-02 19:15:00,2024,5,2,19,15,75,75117,JEAN JAURES (BD),48.89665157,2.30953646,Plein jour,En agglomération,Intersection en T,Pluie légère,Deux véhicules - arrière,4,1,3,2,1,1,2,0,1,50,2,2,1,0,0,1,30.0,27.0,voiture,deux_roues,1,2,3,2,2
202400053822,2024-03-26 09:30:00,2024,3,26,9,30,83,83144,A57,43.1392422,5.9973456,Plein jour,Hors agglomération,Hors intersection,Pluie légère,Deux véhicules - arrière,1,3,5,0,1,1,2,0,1,70,2,2,1,0,0,1,31.0,49.0,utilitaire_camion,voiture,1,1,1,2,2
202400053823,2024-06-08 18:00:00,2024,6,8,18,0,94,94079,Avenue André Rouy,48.82257,2.55174,Plein jour,En agglomération,Hors intersection,Normale,Trois véhicules et plus - collisions multiples,3,2,2,0,1,1,1,0,1,50,3,3,2,0,0,1,49.0,60.0,deux_roues,voiture,1,2,1,1,5
202400053824,2024-08-14 16:00:00,2024,8,14,16,0,93,93053,Rue de Brément,48.88691,2.46929,Plein jour,En agglomération,Hors intersection,Normale,Autre collision,3,2,2,0,1,1,1,0,1,50,1,2,1,0,0,1,33.0,,utilitaire_camion,,1,2,1,1,6
202400053825,2024-09-20 16:40:00,2024,9,20,16,40,93,93008,AUTOROUTE A86,48.91150494,2.4403377,Plein jour,Hors agglomération,Hors intersection,Normale,Deux véhicules - côté,1,3,3,0,1,1,1,1,1,90,2,2,1,0,0,1,49.0,74.0,deux_roues,voiture,1,1,1,1,3
202400053826,2024-02-13 20:38:00,2024,2,13,20,38,92,92012,SILLY (RUE DE) 1/87 - 2/88,48.83902172,2.23202688,Nuit avec éclairage allumé,En agglomération,Intersection en X,Pluie légère,Deux véhicules - côté,3,2,2,0,1,1,2,0,1,50,2,2,1,0,0,1,39.0,23.0,voiture,deux_roues,5,2,2,2,3
202400053826,2024-02-13 20:38:00,2024,2,13,20,38,92,92012,SILLY (RUE DE) 1/87 - 2/88,48.83902172,2.23202688,Nuit avec éclairage allumé,En agglomération,Intersection en X,Pluie légère,Deux véhicules - côté,3,2,2,0,1,1,2,0,1,50,2,2,1,0,0,1,39.0,23.0,voiture,deux_roues,5,2,2,2,3
202400053827,2024-11-29 15:30:00,2024,11,29,15,30,2A,2A004,T20,41.94153,8.80774,Plein jour,Hors agglomération,Hors intersection,Normale,Trois véhicules et plus - en chaîne,2,2,2,0,1,1,1,0,1,80,3,4,1,0,1,2,19.0,34.0,utilitaire_camion,voiture,1,1,1,1,4
202400053828,2024-07-10 10:00:00,2024,7,10,10,0,95,95018,D122,48.94425429,2.25096987,Plein jour,En agglomération,Intersection en X,Normale,Autre collision,3,2,4,0,1,1,1,0,1,50,1,2,0,1,0,1,49.0,,utilitaire_camion,,1,2,2,1,6
202400053828,2024-07-10 10:00:00,2024,7,10,10,0,95,95018,D122,48.94425429,2.25096987,Plein jour,En agglomération,Intersection en X,Normale,Autre collision,3,2,4,0,1,1,1,0,1,50,1,2,0,1,0,1,49.0,,utilitaire_camion,,1,2,2,1,6
202400053829,2024-10-24 01:47:00,2024,10,24,1,47,41,41018,LATHAM (RUE) N° PAIRS DU 4 AU 48 INCLUS,47.59816,1.31131,Nuit sans éclairage public,En agglomération,Intersection en T,Normale,Deux véhicules - côté,4,2,2,0,1,1,1,0,1,50,2,3,2,0,0,1,,33.0,voiture,voiture,3,2,3,1,3
202400053829,2024-10-24 01:47:00,2024,10,24,1,47,41,41018,LATHAM (RUE) N° PAIRS DU 4 AU 48 INCLUS,47.59816,1.31131,Nuit sans éclairage public,En agglomération,Intersection en T,Normale,Deux véhicules - côté,4,2,2,0,1,1,1,0,1,50,2,3,2,0,0,1,,33.0,voiture,voiture,3,2,3,1,3
202400053830,2024-06-08 00:26:00,2024,6,8,0,26,93,93072,Boulevard Maxime Gorki,48.945318,2.386645,Nuit avec éclairage allumé,En agglomération,Hors intersection,Normale,Sans collision,3,3,4,3,1,2,1,9,1,50,1,1,0,0,0,1,45.0,,deux_roues,,5,2,1,1,7
202400053831,2024-05-02 17:20:00,2024,5,2,17,20,92,92012,ESCUDIER (RUE) 1/47 - 2/38,48.8433448,2.23661649,Plein jour,En agglomération,Intersection en X,Pluie légère,Autre collision,4,1,1,0,1,1,2,0,1,30,1,2,1,0,0,1,70.0,,voiture,,1,2,2,2,6
202400053831,2024-05-02 17:20:00,2024,5,2,17,20,92,92012,ESCUDIER (RUE) 1/47 - 2/38,48.8433448,2.23661649,Plein jour,En agglomération,Intersection en X,Pluie légère,Autre collision,4,1,1,0,1,1,2,0,1,30,1,2,1,0,0,1,70.0,,voiture,,1,2,2,2,6
202400053832,2024-01-01 19:15:00,2024,1,1,19,15,38,38354,D82,45.511219,5.696036,Nuit sans éclairage public,Hors agglomération,Hors intersection,Normale,Deux véhicules - arrière,3,2,2,0,1,1,1,0,1,80,2,3,2,0,1,0,80.0,38.0,voiture,utilitaire_camion,3,1,1,1,2
202400053833,2024-03-26 16:35:00,2024,3,26,16,35,69,69278,Rocade Est,45.90904,4.84244,Plein jour,Hors agglomération,Hors intersection,Pluie légère,Deux véhicules - arrière,1,3,6,0,2,1,2,0,1,130,2,3,0,0,0,3,77.0,47.0,voiture,utilitaire_camion,1,1,1,2,2
202400053834,2024-02-13 21:15:00,2024,2,13,21,15,33,33040,,44.65125,-0.320401,Nuit avec éclairage allumé,En agglomération,Autre intersection,Normale,Sans collision,3,2,2,0,2,1,1,0,1,30,1,1,0,0,1,0,18.0,,deux_roues,,5,2,9,1,7
202400053835,2024-08-14 14:55:00,2024,8,14,14,55,93,93046,Avenue Aristide Briand /Avenue Gambetta,48.91523,2.52847,Plein jour,En agglomération,Intersection en T,Normale,Deux véhicules - côté,3,3,4,0,1,1,1,0,1,50,2,4,3,0,0,1,40.0,49.0,voiture,voiture,1,2,3,1,3
202400053835,2024-08-14 14:55:00,2024,8,14,14,55,93,93046,Avenue Aristide Briand /Avenue Gambetta,48.91523,2.52847,Plein jour,En agglomération,Intersection en T,Normale,Deux véhicules - côté,3,2,2,0,1,1,1,0,1,-1,2,4,3,0,0,1,40.0,49.0,voiture,voiture,1,2,3,1,3
202400053836,2024-11-30 10:50:00,2024,11,30,10,50,95,95607,D502,49.01762218,2.22671635,Plein jour,En agglomération,Hors intersection,Normale,Deux véhicules - arrière,3,2,2,0,1,1,1,0,1,50,2,2,1,0,0,1,16.0,38.0,deux_roues,voiture,1,2,1,1,2
202400053837,2024-09-20 09:05:00,2024,9,20,9,5,95,95500,A15,49.03653414,2.09411837,Plein jour,Hors agglomération,Hors intersection,Normale,Trois véhicules et plus - en chaîne,1,3,4,0,1,1,1,0,1,90,4,4,3,0,0,1,48.0,66.0,voiture,voiture,1,1,1,1,4
202400053838,2024-07-10 23:55:00,2024,7,10,23,55,91,91228,RTE NATIONALE 7,48.62323,2.44763,Nuit sans éclairage public,En agglomération,Hors intersection,Normale,Deux véhicules - arrière,3,1,2,0,1,1,1,0,1,90,2,2,1,0,1,0,26.0,,deux_roues,autre,3,2,1,1,2
202400053839,2024-03-25 17:00:00,2024,3,25,17,0,67,67137,M83,48.50517,7.69504,Plein jour,Hors agglomération,Hors intersection,Normale,Autre collision,7,3,2,0,1,1,1,9,1,70,1,1,0,0,0,1,72.0,,deux_roues,,1,1,1,1,6
202400053840,2024-06-08 11:10:00,2024,6,8,11,10,93,93070,Boulevard Jean Jaurès / Rue du Docteur Léonce Basset,48.914319,2.336657,Plein jour,En agglomération,Intersection en T,Normale,Deux véhicules - côté,3,2,2,2,1,1,1,0,5,50,2,3,2,0,0,1,36.0,31.0,voiture,deux_roues,1,2,3,1,3
202400053840,2024-06-08 11:10:00,2024,6,8,11,10,93,93070,Boulevard Jean Jaurès / Rue du Docteur Léonce Basset,48.914319,2.336657,Plein jour,En agglomération,Intersection en T,Normale,Deux véhicules - côté,3,1,1,0,1,1,1,0,5,-1,2,3,2,0,0,1,36.0,31.0,voiture,deux_roues,1,2,3,1,3
202400053841,2024-10-25 00:10:00,2024,10,25,0,10,38,38151,HUGO (AVENUE V.),45.15643,5.7128,Nuit avec éclairage allumé,En agglomération,Hors intersection,Normale,Deux véhicules - frontale,4,2,2,1,3,1,1,0,1,50,2,4,2,0,0,2,,28.0,voiture,voiture,5,2,1,1,1
202400053842,2024-02-13 11:00:00,2024,2,13,11,0,30,30295,,44.070521,4.446201,Plein jour,Hors agglomération,Hors intersection,Normale,Sans collision,3,2,2,0,2,4,1,0,8,80,1,1,0,0,1,0,47.0,,voiture,,1,1,1,1,7
202400053843,2024-07-09 15:16:00,2024,7,9,15,16,87,87085,CHAMBE (AVENUE DU GENERAL),45.88032,1.1739,Plein jour,Hors agglomération,Hors intersection,Normale,Autre collision,3,2,2,0,1,3,1,0,1,80,1,1,0,0,1,0,22.0,,deux_roues,,1,1,1,1,6
202400053844,2024-05-02 14:03:00,2024,5,2,14,3,92,92012,MARCEL SEMBAT (PLACE),48.83350323,2.24338514,Plein jour,En agglomération,Giratoire,Normale,Deux véhicules - côté,3,1,4,0,1,1,1,0,8,50,2,4,3,0,0,1,25.0,64.0,deux_roues,voiture,1,2,6,1,3
202400053844,2024-05-02 14:03:00,2024,5,2,14,3,92,92012,MARCEL SEMBAT (PLACE),48.83350323,2.24338514,Plein jour,En agglomération,Giratoire,Normale,Deux véhicules - côté,3,1,4,0,1,1,1,0,1,30,2,4,3,0,0,1,25.0,64.0,deux_roues,voiture,1,2,6,1,3
202400053845,2024-09-19 21:30:00,2024,9,19,21,30,93,93064,AUTOROUTE A86,48.86737315,2.48181211,Nuit sans éclairage public,Hors agglomération,Hors intersection,Normale,Autre collision,1,3,3,0,1,3,1,0,1,90,1,1,0,1,0,0,28.0,,deux_roues,,3,1,1,1,6
202400053846,2024-01-02 09:00:00,2024,1,2,9,0,58,58305,D977bis,47.228987,3.826064,Plein jour,En agglomération,Hors intersection,Pluie légère,Deux véhicules - côté,3,2,2,0,1,1,2,5,1,50,2,2,1,0,1,0,55.0,48.0,voiture,voiture,1,2,1,2,3
202400053847,2024-08-14 00:08:00,2024,8,14,0,8,93,93029,Avenue Henri Barbusse / Avenue Henriette,48.91885,2.44935,Nuit avec éclairage allumé,En agglomération,Intersection en T,Normale,Deux véhicules - côté,3,2,2,0,1,1,1,0,1,50,2,2,1,0,0,1,38.0,43.0,voiture,voiture,5,2,3,1,3
202400053847,2024-08-14 00:08:00,2024,8,14,0,8,93,93029,Avenue Henri Barbusse / Avenue Henriette,48.91885,2.44935,Nuit avec éclairage allumé,En agglomération,Intersection en T,Normale,Deux véhicules - côté,3,1,1,0,1,1,1,0,1,-1,2,2,1,0,0,1,38.0,43.0,voiture,voiture,5,2,3,1,3
202400053848,2024-11-30 22:05:00,2024,11,30,22,5,91,91201,BD HENRI BARBUSSE,48.6939,2.4136,Nuit avec éclairage allumé,En agglomération,Intersection à plus de 4 branches,Normale,Deux véhicules - côté,3,1,1,0,1,1,1,0,1,30,2,2,1,0,0,1,27.0,16.0,voiture,deux_roues,5,2,5,1,3
202400053848,2024-11-30 22:05:00,2024,11,30,22,5,91,91201,BD HENRI BARBUSSE,48.6939,2.4136,Nuit avec éclairage allumé,En agglomération,Intersection à plus de 4 branches,Normale,Deux véhicules - côté,3,2,2,0,1,1,1,0,1,50,2,2,1,0,0,1,27.0,16.0,voiture,deux_roues,5,2,5,1,3
202400053849,2024-06-08 13:30:00,2024,6,8,13,30,93,93066,Avenue de Stalingrad,48.94453762,2.35860586,Plein jour,En agglomération,Hors intersection,Normale,Autre collision,3,3,6,0,1,1,1,0,1,50,1,2,1,0,0,1,,,voiture,,1,2,1,1,6
202400053850,2024-01-01 00:50:00,2024,1,1,0,50,83,83056,chemin de la clue,43.56531196,6.51370972,Nuit sans éclairage public,En agglomération,Hors intersection,Normale,Autre collision,4,2,1,0,1,3,1,0,1,50,1,1,0,0,1,0,31.0,,voiture,,3,2,1,1,6
202400053851,2024-10-24 20:55:00,2024,10,24,20,55,37,37261,TONNELLE (BOULEVARD),47.38467,0.66807,Nuit avec éclairage allumé,En agglomération,Intersection en X,Normale,Deux véhicules - côté,4,2,2,0,1,1,1,0,1,50,2,2,1,0,0,1,34.0,27.0,voiture,deux_roues,5,2,2,1,3
202400053851,2024-10-24 20:55:00,2024,10,24,20,55,37,37261,TONNELLE (BOULEVARD),47.38467,0.66807,Nuit avec éclairage allumé,En agglomération,Intersection en X,Normale,Deux véhicules - côté,4,2,2,0,1,1,1,0,1,50,2,2,1,0,0,1,34.0,27.0,voiture,deux_roues,5,2,2,1,3
202400053852,2024-05-02 08:40:00,2024,5,2,8,40,92,92002,MIRABEAU (RUE),48.74732357,2.29923892,Plein jour,En agglomération,Intersection en T,Temps couvert,Deux véhicules - côté,4,1,1,0,1,2,1,0,1,50,2,2,1,0,0,1,32.0,75.0,deux_roues,deux_roues,1,2,3,8,3
202400053852,2024-05-02 08:40:00,2024,5,2,8,40,92,92002,MIRABEAU (RUE),48.74732357,2.29923892,Plein jour,En agglomération,Intersection en T,Temps couvert,Deux véhicules - côté,4,2,2,0,1,1,1,0,1,50,2,2,1,0,0,1,32.0,75.0,deux_roues,deux_roues,1,2,3,8,3
202400053853,2024-02-13 19:45:00,2024,2,13,19,45,19,19059,D901,45.362986,1.335257,Nuit sans éclairage public,Hors agglomération,Intersection en T,Normale,Trois véhicules et plus - collisions multiples,3,2,2,0,1,1,1,0,1,90,3,3,0,0,1,2,45.0,57.0,voiture,utilitaire_camion,3,1,3,1,5
202400053853,2024-02-13 19:45:00,2024,2,13,19,45,19,19059,D901,45.362986,1.335257,Nuit sans éclairage public,Hors agglomération,Intersection en T,Normale,Trois véhicules et plus - collisions multiples,3,2,2,0,1,1,1,0,1,90,3,3,0,0,1,2,45.0,57.0,voiture,utilitaire_camion,3,1,3,1,5
202400053854,2024-07-06 17:32:00,2024,7,6,17,32,87,87085,MONTJOVIS (AVENUE),45.83856,1.24775,Plein jour,En agglomération,Intersection en T,Normale,Deux véhicules - côté,4,2,2,0,1,1,1,0,1,50,2,2,1,0,0,1,36.0,19.0,voiture,deux_roues,1,2,3,1,3
202400053854,2024-07-06 17:32:00,2024,7,6,17,32,87,87085,MONTJOVIS (AVENUE),45.83856,1.24775,Plein jour,En agglomération,Intersection en T,Normale,Deux véhicules - côté,4,1,1,0,1,1,1,0,1,50,2,2,1,0,0,1,36.0,19.0,voiture,deux_roues,1,2,3,1,3
202400053855,2024-03-26 09:30:00,2024,3,26,9,30,91,91228,RN 104,48.623,2.4221,Plein jour,Hors agglomération,Autre intersection,Pluie légère,Trois véhicules et plus - en chaîne,2,3,2,0,2,1,2,0,1,50,4,4,2,0,0,2,47.0,58.0,voiture,voiture,1,1,9,2,4
202400053856,2024-06-08 17:30:00,2024,6,8,17,30,93,93053,Rue Elsa Triolet / Rue de Neuilly,48.8847,2.4647,Plein jour,En agglomération,Giratoire,Normale,Deux véhicules - côté,4,2,2,0,1,1,1,0,1,30,2,2,1,0,0,1,37.0,65.0,voiture,voiture,1,2,6,1,3
202400053856,2024-06-08 17:30:00,2024,6,8,17,30,93,93053,Rue Elsa Triolet / Rue de Neuilly,48.8847,2.4647,Plein jour,En agglomération,Giratoire,Normale,Deux véhicules - côté,4,2,2,0,1,3,1,0,1,30,2,2,1,0,0,1,37.0,65.0,voiture,voiture,1,2,6,1,3
202400053857,2024-11-30 07:20:00,2024,11,30,7,20,91,91027,RUE DE LA PYRAMIDE,48.6981,2.3739,Nuit avec éclairage allumé,En agglomération,Hors intersection,Normale,Deux véhicules - arrière,4,1,1,0,1,1,1,0,1,50,2,3,2,0,0,1,33.0,38.0,voiture,voiture,5,2,1,1,2
202400053858,2024-09-19 19:40:00,2024,9,19,19,40,92,92078,AUTOROUTE A86,48.92990824,2.32700212,Nuit sans éclairage public,Hors agglomération,Hors intersection,Normale,Trois véhicules et plus - en chaîne,1,3,3,0,1,1,1,1,1,90,3,3,1,0,1,1,48.0,19.0,deux_roues,deux_roues,3,1,1,1,4
202400053859,2024-08-14 16:15:00,2024,8,14,16,15,93,93007,Rue Saint Saens / Rue Charles Gounod,48.93882,2.46789,Plein jour,En agglomération,Intersection en X,Normale,Deux véhicules - côté,4,1,1,0,1,1,1,0,1,50,2,3,0,0,0,3,21.0,26.0,utilitaire_camion,utilitaire_camion,1,2,2,1,3
202400053859,2024-08-14 16:15:00,2024,8,14,16,15,93,93007,Rue Saint Saens / Rue Charles Gounod,48.93882,2.46789,Plein jour,En agglomération,Intersection en X,Normale,Deux véhicules - côté,4,2,2,0,1,1,1,0,1,50,2,3,0,0,0,3,21.0,26.0,utilitaire_camion,utilitaire_camion,1,2,2,1,3
202400053860,2024-01-02 13:30:00,2024,1,2,13,30,45,45337,D955 PR 30 + 252,48.027992,1.554995,Plein jour,Hors agglomération,Hors intersection,Vent fort / tempête,Deux véhicules - frontale,3,2,2,0,1,2,2,0,1,90,2,3,1,2,0,0,43.0,71.0,utilitaire_camion,voiture,1,1,1,6,1
202400053861,2024-02-07 15:55:00,2024,2,7,15,55,2A,2A271,#Caldaniccia#,41.951049,8.807945,Plein jour,En agglomération,Hors intersection,Normale,Deux véhicules - côté,3,2,2,3,1,1,1,0,6,50,2,3,2,0,0,1,31.0,63.0,voiture,voiture,1,2,1,1,3
202400053862,2024-03-26 09:23:00,2024,3,26,9,23,91,91363,RN 104,48.6616,2.1872,Plein jour,Hors agglomération,Hors intersection,Pluie légère,Deux véhicules - côté,2,3,3,0,2,1,2,0,1,90,2,2,1,0,0,1,30.0,29.0,utilitaire_camion,voiture,1,1,1,2,3
202400053863,2024-09-19 12:00:00,2024,9,19,12,0,93,93066,AUTOROUTE A1,48.92795641,2.35752115,Plein jour,Hors agglomération,Hors intersection,Normale,Sans collision,1,3,6,0,3,2,1,2,1,90,1,1,0,0,0,1,46.0,,deux_roues,,1,1,1,1,7
202400053864,2024-10-24 08:05:00,2024,10,24,8,5,35,35238,VERN (DE),48.09298,-1.64756,Crépuscule ou aube,En agglomération,Intersection en X,Normale,Deux véhicules - côté,4,2,2,0,1,1,1,5,1,30,2,2,1,0,0,1,25.0,55.0,voiture,deux_roues,2,2,2,1,3
202400053864,2024-10-24 08:05:00,2024,10,24,8,5,35,35238,VERN (DE),48.09298,-1.64756,Crépuscule ou aube,En agglomération,Intersection en X,Normale,Deux véhicules - côté,4,2,4,2,1,1,1,5,1,30,2,2,1,0,0,1,25.0,55.0,voiture,deux_roues,2,2,2,1,3
202400053865,2024-12-01 00:15:00,2024,12,1,0,15,91,91433,CD207,48.46003,2.17004,Nuit sans éclairage public,Hors agglomération,Hors intersection,Brouillard / fumée,Deux véhicules - frontale,3,2,2,0,1,2,1,0,1,70,2,2,0,0,0,2,24.0,52.0,voiture,voiture,3,1,1,5,1
202400053866,2024-05-01 14:20:00,2024,5,1,14,20,92,92002,JEAN MONNET (AVENUE),48.74880174,2.30402148,Plein jour,En agglomération,Intersection en T,Normale,Autre collision,3,2,4,2,1,1,1,0,1,50,1,5,4,0,0,1,77.0,,utilitaire_camion,,1,2,3,1,6
202400053866,2024-05-01 14:20:00,2024,5,1,14,20,92,92002,JEAN MONNET (AVENUE),48.74880174,2.30402148,Plein jour,En agglomération,Intersection en T,Normale,Autre collision,3,2,3,2,1,3,1,0,1,50,1,5,4,0,0,1,77.0,,utilitaire_camion,,1,2,3,1,6
202400053867,2024-06-08 10:40:00,2024,6,8,10,40,93,93046,Avenue Aristide Briand / Avenue Camille Desmoulins,48.91247,2.52258,Plein jour,En agglomération,Intersection en T,Normale,Deux véhicules - côté,3,3,4,1,1,1,1,0,1,50,2,2,1,0,0,1,47.0,28.0,voiture,deux_roues,1,2,3,1,3
202400053867,2024-06-08 10:40:00,2024,6,8,10,40,93,93046,Avenue Aristide Briand / Avenue Camille Desmoulins,48.91247,2.52258,Plein jour,En agglomération,Intersection en T,Normale,Deux véhicules - côté,3,3,2,2,1,1,1,0,1,50,2,2,1,0,0,1,47.0,28.0,voiture,deux_roues,1,2,3,1,3
202400053868,2024-01-01 10:15:00,2024,1,1,10,15,17,17008,D137,46.269762,-1.004648,Plein jour,Hors agglomération,Hors intersection,Temps couvert,Deux véhicules - frontale,3,2,2,0,1,1,2,0,1,90,2,2,0,1,0,1,40.0,71.0,voiture,voiture,1,1,1,8,1
202400053869,2024-07-10 00:20:00,2024,7,10,0,20,84,84007,BORD DU RHONE (RTE TOURISTIQUE DU),43.958935,4.837024,Nuit sans éclairage public,En agglomération,Intersection en Y,Normale,Trois véhicules et plus - en chaîne,3,2,2,0,1,1,1,0,1,70,4,5,2,0,0,3,33.0,20.0,voiture,voiture,3,2,4,1,4
202400053869,2024-07-10 00:20:00,2024,7,10,0,20,84,84007,BORD DU RHONE (RTE TOURISTIQUE DU),43.958935,4.837024,Nuit sans éclairage public,En agglomération,Intersection en Y,Normale,Trois véhicules et plus - en chaîne,3,2,2,0,1,1,1,0,1,50,4,5,2,0,0,3,33.0,20.0,voiture,voiture,3,2,4,1,4
202400053870,2024-02-11 06:25:00,2024,2,11,6,25,11,11120,,43.052779,2.177149,Nuit sans éclairage public,Hors agglomération,Hors intersection,Pluie légère,Autre collision,3,2,2,0,1,1,2,0,3,80,1,2,0,0,1,1,41.0,,voiture,,3,1,1,2,6
202400053871,2024-03-26 07:30:00,2024,3,26,7,30,91,91692,RN 118,48.689,2.1912,Plein jour,Hors agglomération,Hors intersection,Pluie légère,Deux véhicules - côté,2,3,2,0,2,1,2,0,1,90,2,2,1,0,0,1,50.0,59.0,voiture,deux_roues,1,1,1,2,3
202400053872,2024-08-14 16:08:00,2024,8,14,16,8,93,93001,VICTOR HUGO (AVE)  => N° 129,48.908641,2.37787,Plein jour,En agglomération,Intersection à plus de 4 branches,Normale,Deux véhicules - côté,3,2,4,0,1,1,1,0,1,50,2,2,1,0,0,1,22.0,43.0,voiture,deux_roues,1,2,5,1,3
202400053872,2024-08-14 16:08:00,2024,8,14,16,8,93,93001,VICTOR HUGO (AVE)  => N° 129,48.908641,2.37787,Plein jour,En agglomération,Intersection à plus de 4 branches,Normale,Deux véhicules - côté,3,2,2,0,1,1,1,0,1,-1,2,2,1,0,0,1,22.0,43.0,voiture,deux_roues,1,2,5,1,3
202400053873,2024-05-03 14:20:00,2024,5,3,14,20,22,22372,D712,48.522091,-2.839193,Plein jour,Hors agglomération,Hors intersection,Pluie légère,Sans collision,3,2,2,0,2,2,2,0,3,70,1,1,0,0,1,0,23.0,,deux_roues,,1,1,1,2,7
202400053874,2024-09-19 15:50:00,2024,9,19,15,50,93,93027,AUTOROUTE A1,48.93720852,2.40978107,Plein jour,Hors agglomération,Hors intersection,Normale,Deux véhicules - arrière,1,3,4,0,1,1,1,0,1,90,2,2,1,0,0,1,35.0,22.0,utilitaire_camion,utilitaire_camion,1,1,1,1,2
202400053875,2024-01-01 11:00:00,2024,1,1,11,0,987,98752,PK 43+500 coté mer,-17.72222303,-149.40612316,Plein jour,En agglomération,Hors intersection,Normale,Autre collision,2,2,2,0,1,1,1,0,3,60,1,1,0,0,1,0,39.0,,deux_roues,,1,2,1,1,6
202400053876,2024-06-08 09:00:00,2024,6,8,9,0,93,93046,Avenue Aristide Briand / Avenue Vauban,48.91128,2.51688,Plein jour,En agglomération,Intersection à plus de 4 branches,Normale,Deux véhicules - arrière,3,3,4,3,1,1,1,0,1,50,2,2,1,0,0,1,64.0,44.0,voiture,voiture,1,2,5,1,2
202400053876,2024-06-08 09:00:00,2024,6,8,9,0,93,93046,Avenue Aristide Briand / Avenue Vauban,48.91128,2.51688,Plein jour,En agglomération,Intersection à plus de 4 branches,Normale,Deux véhicules - arrière,3,2,2,0,1,1,1,0,1,-1,2,2,1,0,0,1,64.0,44.0,voiture,voiture,1,2,5,1,2
202400053877,2024-10-24 20:30:00,2024,10,24,20,30,33,33069,,44.86858,-0.59714,Nuit sans éclairage public,En agglomération,Giratoire,Normale,Deux véhicules - côté,4,2,2,0,1,2,1,5,1,30,2,3,1,0,0,2,21.0,24.0,deux_roues,voiture,3,2,6,1,3
202400053877,2024-10-24 20:30:00,2024,10,24,20,30,33,33069,,44.86858,-0.59714,Nuit sans éclairage public,En agglomération,Giratoire,Normale,Deux véhicules - côté,4,2,2,0,1,1,1,5,1,50,2,3,1,0,0,2,21.0,24.0,deux_roues,voiture,3,2,6,1,3
202400053877,2024-10-24 20:30:00,2024,10,24,20,30,33,33069,,44.86858,-0.59714,Nuit sans éclairage public,En agglomération,Giratoire,Normale,Deux véhicules - côté,4,2,2,0,1,1,1,5,1,50,2,3,1,0,0,2,21.0,24.0,deux_roues,voiture,3,2,6,1,3
202400053878,2024-02-14 13:17:00,2024,2,14,13,17,49,49041,29 Route du Moulin de Jarry,47.283651,0.074697,Plein jour,Hors agglomération,Hors intersection,Normale,Deux véhicules - côté,4,2,2,0,2,1,1,0,1,50,2,2,1,0,1,0,23.0,47.0,deux_roues,voiture,1,1,1,1,3
202400053879,2024-07-10 01:00:00,2024,7,10,1,0,83,83129,KENNEDY (AVENUE J.)N°PAIRS 2A2560,43.10751,5.81975,Nuit avec éclairage allumé,En agglomération,Hors intersection,Normale,Deux véhicules - côté,3,2,2,0,1,1,1,0,1,50,2,2,1,0,0,1,18.0,,deux_roues,utilitaire_camion,5,2,1,1,3
202400053880,2024-03-26 09:40:00,2024,3,26,9,40,91,91477,AUTOROUTE A10,48.71271,2.25299,Plein jour,Hors agglomération,Hors intersection,Pluie forte,Deux véhicules - arrière,1,1,2,3,1,1,2,0,1,90,2,2,1,0,0,1,38.0,29.0,voiture,voiture,1,1,1,3,2
202400053881,2024-01-01 04:54:00,2024,1,1,4,54,987,98733,RT1 PK 19.100 CT MONT,-17.69610303,-149.58357811,Crépuscule ou aube,En agglomération,Hors intersection,Normale,Autre collision,2,2,2,2,1,1,1,0,3,60,1,1,0,1,0,0,20.0,,deux_roues,,2,2,1,1,6
202400053882,2024-05-01 02:10:00,2024,5,1,2,10,40,40065,Avenue du Bourret,43.655084,-1.43768,Nuit sans éclairage public,En agglomération,Hors intersection,Pluie forte,Sans collision,4,-1,2,0,1,1,2,2,4,50,1,1,0,0,1,0,47.0,,deux_roues,,3,2,1,3,7
202400053883,2024-09-19 10:00:00,2024,9,19,10,0,95,95018,A15,48.9585871,2.27405291,Plein jour,En agglomération,Hors intersection,Normale,Deux véhicules - côté,1,3,10,0,1,1,1,0,1,90,2,2,1,0,0,1,19.0,20.0,voiture,deux_roues,1,2,1,1,3
202400053884,2024-08-14 16:34:00,2024,8,14,16,34,92,92051,"ORLEANS (RUE D', N° 11 A 29 ET 12 A 34)",48.8831109,2.27334648,Plein jour,En agglomération,Hors intersection,Normale,Deux véhicules - arrière,4,1,2,0,1,1,1,0,1,50,2,3,2,0,0,1,59.0,46.0,voiture,voiture,1,2,1,1,2
202400053885,2024-02-14 16:45:00,2024,2,14,16,45,12,12221,D904,44.554741,2.55209,Plein jour,Hors agglomération,Hors intersection,Normale,Sans collision,3,2,2,0,1,1,1,0,1,90,1,1,0,0,1,0,25.0,,deux_roues,,1,1,1,1,7
202400053886,2024-06-08 04:30:00,2024,6,8,4,30,93,93032,Avenue du President Pompidou,48.88206,2.53804,Nuit avec éclairage allumé,En agglomération,Hors intersection,Normale,Autre collision,3,3,2,2,1,1,1,0,8,50,1,1,0,0,0,1,30.0,,voiture,,5,2,1,1,6
202400053887,2024-03-26 09:20:00,2024,3,26,9,20,91,91286,AUTOROUTE A6,48.64926,2.38537,Plein jour,Hors agglomération,Hors intersection,Pluie légère,Sans collision,1,1,3,0,1,1,2,0,1,110,1,1,0,0,0,1,23.0,,deux_roues,,1,1,1,2,7