accident_id,datetime,annee,mois,jour,heure,minute,departement,commune_insee,adresse,latitude,longitude,luminosite,agglomeration,intersection,meteo,collision,catr,circ,nbv,vosp,prof,plan,surf,infra,situ,vma,nb_vehicules,nb_usagers,nb_indemnes,nb_tues,nb_blesses_hosp,nb_blesses_legers,age_cond_1,age_cond_2,veh_type_cond_1,veh_type_cond_2,lum_code,agg_code,int_code,atm_code,col_code
202400054181,2024-09-19 21:00:00,2024,9,19,21,0,80,80021,Rue d'Abbeville,49.91039,2.2575,Nuit avec éclairage allumé,En agglomération,Hors intersection,Normale,Sans collision,3,2,3,3,1,1,1,0,6,50,2,2,1,0,0,1,18.0,,deux_roues,deux_roues,5,2,1,1,7
202400054182,2024-07-10 15:40:00,2024,7,10,15,40,34,34108,MAL JUIN (RUE DU),43.43279,3.7348,Plein jour,En agglomération,Hors intersection,Normale,Deux véhicules - arrière,4,1,1,0,1,1,1,0,1,50,2,2,1,0,0,1,36.0,23.0,voiture,deux_roues,1,2,1,1,2
202400054183,2024-05-01 05:30:00,2024,5,1,5,30,37,37250,L?Ocliniere,47.19995613,0.66613238,Nuit sans éclairage public,Hors agglomération,Hors intersection,Normale,Sans collision,3,2,2,0,1,3,1,0,3,80,1,1,0,0,1,0,27.0,,voiture,,3,1,1,1,7
202400054184,2024-11-30 22:30:00,2024,11,30,22,30,14,14118,36 Rue de la Haie Vigné,49.17871,-0.38513,Nuit avec éclairage allumé,En agglomération,Intersection en X,Normale,Deux véhicules - côté,4,2,2,0,2,1,1,0,1,50,2,2,1,0,0,1,32.0,15.0,voiture,deux_roues,5,2,2,1,3
202400054184,2024-11-30 22:30:00,2024,11,30,22,30,14,14118,36 Rue de la Haie Vigné,49.17871,-0.38513,Nuit avec éclairage allumé,En agglomération,Intersection en X,Normale,Deux véhicules - côté,4,2,2,0,2,1,1,0,1,50,2,2,1,0,0,1,32.0,15.0,voiture,deux_roues,5,2,2,1,3
202400054185,2024-06-08 19:30:00,2024,6,8,19,30,55,55039,D905,49.259291,5.400124,Crépuscule ou aube,Hors agglomération,Hors intersection,Normale,Sans collision,3,2,3,0,2,2,1,0,1,90,1,1,0,0,1,0,26.0,,deux_roues,,2,1,1,1,7
202400054186,2024-01-01 01:10:00,2024,1,1,1,10,81,81032,RD46 - PK 006.800,43.52435291,2.02888727,Nuit sans éclairage public,Hors agglomération,Hors intersection,Normale,Autre collision,3,2,2,0,1,1,1,2,3,80,1,2,1,0,1,0,19.0,,deux_roues,,3,1,1,1,6
202400054187,2024-10-24 13:45:00,2024,10,24,13,45,75,75114,AVENUE DU GENERAL LECLERC,48.83179919,2.33037633,Plein jour,En agglomération,Intersection en T,Normale,Deux véhicules - arrière,4,2,4,2,1,1,1,0,6,50,2,2,1,0,0,1,50.0,56.0,utilitaire_camion,transport_commun,1,2,3,1,2
202400054187,2024-10-24 13:45:00,2024,10,24,13,45,75,75114,AVENUE DU GENERAL LECLERC,48.83179919,2.33037633,Plein jour,En agglomération,Intersection en T,Normale,Deux véhicules - arrière,4,2, -1,-1,1,1,1,0,6,50,2,2,1,0,0,1,50.0,56.0,utilitaire_camion,transport_commun,1,2,3,1,2
202400054188,2024-09-19 19:00:00,2024,9,19,19,0,80,80021,PICASSO (RUE),49.91775,2.29981,Plein jour,En agglomération,Hors intersection,Normale,Deux véhicules - côté,4,2,2,0,1,1,1,0,1,50,2,2,0,0,0,2,53.0,39.0,voiture,voiture,1,2,1,1,3
202400054189,2024-07-10 18:50:00,2024,7,10,18,50,34,34172,LODEVE (AVENUE DE,43.61214,3.84584,Plein jour,En agglomération,Hors intersection,Normale,Sans collision,4,1,2,0,1,1,1,0,1,50,1,2,1,0,0,1,17.0,,deux_roues,,1,2,1,1,7
202400054190,2024-11-30 12:10:00,2024,11,30,12,10,13,13212,PIERRE BERANGER (RUE),43.31144873,5.44550225,Plein jour,En agglomération,Hors intersection,Normale,Deux véhicules - arrière,4,2,2,0,1,1,1,0,1,50,2,2,1,0,0,1,38.0,70.0,voiture,voiture,1,2,1,1,2
202400054191,2024-04-30 09:50:00,2024,4,30,9,50,30,30339,D986,44.045536,3.686358,Plein jour,Hors agglomération,Hors intersection,Pluie légère,Deux véhicules - frontale,3,2,2,0,2,2,2,0,1,80,2,2,1,0,1,0,44.0,76.0,utilitaire_camion,voiture,1,1,1,2,1
202400054192,2024-03-25 08:30:00,2024,3,25,8,30,74,74012,ZOLA (RUE EMILE),46.19736,6.23376,Plein jour,En agglomération,Hors intersection,Normale,Deux véhicules - arrière,4,2,2,0,1,1,1,0,1,50,2,2,1,0,0,1,56.0,65.0,voiture,deux_roues,1,2,1,1,2
202400054193,2024-06-09 12:15:00,2024,6,9,12,15,39,39470,1405 Route Blanche,46.477357,6.064868,Plein jour,En agglomération,Hors intersection,Normale,Deux véhicules - arrière,2,2,2,0,1,1,1,0,1,50,2,2,1,0,1,0,46.0,60.0,deux_roues,voiture,1,2,1,1,2
202400054194,2024-01-01 15:30:00,2024,1,1,15,30,19,19146,Rue de la Croix du Tilleul,45.311813,1.771921,Plein jour,En agglomération,Autre intersection,Pluie légère,Deux véhicules - côté,3,2,2,0,1,1,2,0,1,50,2,2,1,0,1,0,21.0,20.0,voiture,voiture,1,2,9,2,3
202400054195,2024-08-15 12:10:00,2024,8,15,12,10,50,50260,Route du Moulin - Bellefontaine,48.68828,-0.982504,Plein jour,Hors agglomération,Hors intersection,Normale,Deux véhicules - côté,3,2,2,0,2,3,1,0,1,80,2,6,4,1,0,1,52.0,23.0,deux_roues,voiture,1,1,1,1,3
202400054196,2024-10-23 20:00:00,2024,10,23,20,0,75,75114,BOULEVARD ADOLPHE PINARD,48.824091,2.306259,Nuit avec éclairage allumé,En agglomération,Hors intersection,Normale,Autre collision,4,1,4,0,1,1,1,0,1,30,1,2,1,0,0,1,24.0,,voiture,,5,2,1,1,6
202400054197,2024-09-18 10:25:00,2024,9,18,10,25,80,80021,Avenue du 14 Juillet 1789,49.875647,2.281808,Plein jour,En agglomération,Hors intersection,Normale,Sans collision,3,2,2,0,1,1,1,0,8,30,1,2,1,0,0,1,48.0,,voiture,,1,2,1,1,7
202400054198,2024-11-29 15:50:00,2024,11,29,15,50,13,13208,LOUIS REGE (RUE),43.28107697,5.38960851,Plein jour,En agglomération,Hors intersection,Normale,Autre collision,4,2,4,2,2,1,1,0,1,50,1,2,1,0,0,1,72.0,,voiture,,1,2,1,1,6
202400054199,2024-07-10 17:20:00,2024,7,10,17,20,34,34172,MAGUELONE (RUE DE),43.60655,3.879947,Plein jour,En agglomération,Hors intersection,Normale,Autre collision,4,1,1,0,2,1,1,6,4,10,1,2,1,0,0,1,35.0,,deux_roues,,1,2,1,1,6
202400054200,2024-05-03 13:30:00,2024,5,3,13,30,48,48045,Route Nationale 88 PK 17,44.649559,3.731843,Plein jour,Hors agglomération,Hors intersection,Normale,Autre collision,2,2,2,0,2,2,1,0,8,80,1,2,1,0,1,0,76.0,,voiture,,1,1,1,1,6
202400054201,2024-03-25 08:34:00,2024,3,25,8,34,72,72181,FONTAINES (CHEMIN DES),48.00594,0.17206,Plein jour,En agglomération,Hors intersection,Normale,Autre collision,4,2,2,0,1,1,1,0,1,50,1,2,1,0,1,0,36.0,,voiture,,1,2,1,1,6
202400054202,2024-08-14 22:15:00,2024,8,14,22,15,64,64087,D 817,43.510137,-0.838984,Nuit sans éclairage public,Hors agglomération,Hors intersection,Temps couvert,Autre collision,3,2,2,0,1,3,2,2,8,80,1,1,0,1,0,0,21.0,,voiture,,3,1,1,8,6
202400054203,2024-06-03 20:30:00,2024,6,3,20,30,44,44163,4 la Petite Croix,47.402532,-1.113524,Plein jour,Hors agglomération,Hors intersection,Normale,Sans collision,3,2,2,0,1,1,1,0,1,80,1,1,0,0,1,0,46.0,,utilitaire_camion,,1,1,1,1,7
202400054204,2024-11-29 09:48:00,2024,11,29,9,48,10,10060,ROCADE SUD (RD 610),48.26025,4.09601,Plein jour,Hors agglomération,Hors intersection,Normale,Sans collision,3,2,2,0,1,3,1,3,1,90,1,1,0,0,0,1,25.0,,autre,,1,1,1,1,7
202400054205,2024-09-19 18:15:00,2024,9,19,18,15,78,78440,PAUL RAOULT (AVENUE),48.99084,1.91365,Plein jour,En agglomération,Hors intersection,Normale,Deux véhicules - frontale,3,1,2,1,1,3,1,5,1,50,2,2,1,0,0,1,17.0,67.0,deux_roues,voiture,1,2,1,1,1
202400054206,2024-10-22 09:30:00,2024,10,22,9,30,75,75114,AVENUE DU GENERAL LECLERC,48.825561,2.326167,Plein jour,En agglomération,Hors intersection,Normale,Deux véhicules - côté,4,1,3,0,1,1,1,0,5,50,2,2,1,0,0,1,25.0,48.0,utilitaire_camion,deux_roues,1,2,1,1,3
202400054207,2024-08-11 21:35:00,2024,8,11,21,35,64,64099,Rue du Hameau,43.354094,-0.746647,Nuit sans éclairage public,Hors agglomération,Hors intersection,Normale,Sans collision,4,2,2,0,2,2,1,0,3,80,1,1,0,0,1,0,32.0,,utilitaire_camion,,3,1,1,1,7
202400054208,2024-01-01 12:30:00,2024,1,1,12,30,27,27136,N13,49.016855,1.466584,Plein jour,Hors agglomération,Hors intersection,Normale,Deux véhicules - frontale,2,2,3,0,1,1,2,0,1,80,2,3,0,0,1,2,52.0,38.0,voiture,voiture,1,1,1,1,1
202400054209,2024-07-08 08:15:00,2024,7,8,8,15,34,34032,RD.11,43.33479,3.16993,Plein jour,Hors agglomération,Intersection en X,Normale,Deux véhicules - côté,3,2,0,0,1,1,1,0,1,90,2,2,1,0,1,0,47.0,73.0,deux_roues,voiture,1,1,2,1,3
202400054209,2024-07-08 08:15:00,2024,7,8,8,15,34,34032,RD.11,43.33479,3.16993,Plein jour,Hors agglomération,Intersection en X,Normale,Deux véhicules - côté,3,2,0,0,1,1,1,0,1,80,2,2,1,0,1,0,47.0,73.0,deux_roues,voiture,1,1,2,1,3
202400054210,2024-03-23 17:00:00,2024,3,23,17,0,72,72181,SUD EST DEVIATION  RT TOURS A RT PARIGNE,47.96242,0.2225,Plein jour,Hors agglomération,Autre intersection,Pluie légère,Trois véhicules et plus - en chaîne,3,2,2,0,2,1,2,0,1,50,3,3,2,0,0,1,51.0,18.0,utilitaire_camion,deux_roues,1,1,9,2,4
202400054211,2024-05-03 12:25:00,2024,5,3,12,25,18,18279,,47.240958,2.042255,Plein jour,Hors agglomération,Hors intersection,Normale,Deux véhicules - frontale,1,1,2,0,1,3,1,0,1,110,2,4,1,0,1,2,71.0,80.0,voiture,voiture,1,1,1,1,1
202400054212,2024-09-19 17:30:00,2024,9,19,17,30,78,78440,BOUGIMONTS (RUE DES),48.986258,1.914593,Plein jour,En agglomération,Hors intersection,Normale,Autre collision,4,2,2,0,1,1,1,0,1,50,1,2,1,0,0,1,29.0,,deux_roues,,1,2,1,1,6
202400054213,2024-08-15 03:00:00,2024,8,15,3,0,21,21210,40 rue saint léger,47.260709,4.578853,Nuit avec éclairage allumé,En agglomération,Hors intersection,Normale,Autre collision,3,2,2,0,1,3,1,0,3,50,1,1,0,0,0,1,23.0,,voiture,,5,2,1,1,6
202400054214,2024-06-08 08:30:00,2024,6,8,8,30,35,35010,Quercourt,48.557995,-1.721662,Plein jour,Hors agglomération,Intersection en Y,Normale,Deux véhicules - frontale,3,2,2,0,3,3,1,0,1,70,2,2,1,0,1,0,37.0,35.0,utilitaire_camion,deux_roues,1,1,4,1,1
202400054214,2024-06-08 08:30:00,2024,6,8,8,30,35,35010,Quercourt,48.557995,-1.721662,Plein jour,Hors agglomération,Intersection en Y,Normale,Deux véhicules - frontale,3,2,2,0,1,2,1,0,1,80,2,2,1,0,1,0,37.0,35.0,utilitaire_camion,deux_roues,1,1,4,1,1
202400054215,2024-11-29 17:20:00,2024,11,29,17,20,08,08497,40 Boulevard Lucien Pierquin,49.778675,4.694741,Nuit avec éclairage allumé,En agglomération,Autre intersection,Normale,Deux véhicules - frontale,3,2,3,0,2,1,1,0,1,50,2,2,1,0,0,1,32.0,32.0,voiture,deux_roues,5,2,9,1,1
202400054216,2024-07-10 03:50:00,2024,7,10,3,50,34,34003,BUTTE (F18 A G18,43.29204,3.51484,Nuit sans éclairage public,En agglomération,Hors intersection,Normale,Autre collision,4,-1,2,0,1,1,1,0,1,50,1,1,0,0,1,0,31.0,,deux_roues,,3,2,1,1,6
202400054217,2024-10-24 13:30:00,2024,10,24,13,30,75,75114,RUE DE LA SANTE,48.833881,2.341392,Plein jour,En agglomération,Hors intersection,Normale,Deux véhicules - frontale,4,2,2,2,1,1,1,0,1,30,2,2,1,0,0,1,46.0,51.0,voiture,deux_roues,1,2,1,1,1
202400054218,2024-07-28 14:00:00,2024,7,28,14,0,04,04176,route du lac,43.761072,6.156571,Plein jour,En agglomération,Hors intersection,Normale,Sans collision,4,2,2,0,1,1,1,0,1,30,1,1,0,1,0,0,63.0,,deux_roues,,1,2,1,1,7
202400054219,2024-09-19 07:45:00,2024,9,19,7,45,78,78440,HENRI DUNANT (RUE),48.99349,1.91151,Plein jour,En agglomération,Hors intersection,Normale,Autre collision,4,2,2,0,1,1,1,0,1,30,1,2,1,0,0,1,42.0,,voiture,,1,2,1,1,6
202400054220,2024-06-09 06:15:00,2024,6,9,6,15,29,29162,Balaneg,48.24917809,-3.96607892,Crépuscule ou aube,Hors agglomération,Hors intersection,Normale,Autre collision,3,2,2,0,1,3,1,0,3,80,1,1,0,0,1,0,19.0,,voiture,,2,1,1,1,6
202400054221,2024-01-08 12:39:00,2024,1,8,12,39,06,06104,"A8 PK 214+000, chaussée Nord",43.761541,7.446893,Plein jour,Hors agglomération,Hors intersection,Normale,Deux véhicules - arrière,1,3,4,0,2,1,1,0,1,110,2,2,1,0,0,1,46.0,29.0,voiture,voiture,1,1,1,1,2
202400054222,2024-03-25 08:20:00,2024,3,25,8,20,64,64445,OLOF PALME,43.335,-0.36095,Plein jour,Hors agglomération,Hors intersection,Normale,Trois véhicules et plus - en chaîne,3,2,2,0,1,1,1,0,1,70,3,3,1,0,0,2,26.0,44.0,utilitaire_camion,voiture,1,1,1,1,4
202400054223,2024-10-23 18:20:00,2024,10,23,18,20,75,75107,QUAI BRANLY,48.859002,2.293439,Plein jour,En agglomération,Hors intersection,Normale,Autre collision,4,3,4,3,1,1,1,0,1,30,1,2,1,0,0,1,33.0,,deux_roues,,1,2,1,1,6
202400054224,2024-11-20 19:40:00,2024,11,20,19,40,07,07019,CROIX D'OLLIER (CHEMIN),44.622,4.38388,Nuit sans éclairage public,En agglomération,Intersection en T,Normale,Autre collision,4,2,2,0,3,3,1,9,1,50,1,2,1,0,0,1,49.0,,voiture,,3,2,3,1,6
202400054224,2024-11-20 19:40:00,2024,11,20,19,40,07,07019,CROIX D'OLLIER (CHEMIN),44.622,4.38388,Nuit sans éclairage public,En agglomération,Intersection en T,Normale,Autre collision,4,2,2,0,1,1,1,0,1,50,1,2,1,0,0,1,49.0,,voiture,,3,2,3,1,6
202400054225,2024-07-10 10:00:00,2024,7,10,10,0,33,33281,,44.82697,-0.67858,Plein jour,Hors agglomération,Autre intersection,Normale,Autre collision,4,3,2,0,2,1,1,0,6,50,2,3,1,0,1,1,24.0,68.0,autre,voiture,1,1,9,1,6
202400054226,2024-06-09 05:00:00,2024,6,9,5,0,29,29081,Rue des Cieux,48.36242543,-3.74730502,Crépuscule ou aube,En agglomération,Hors intersection,Normale,Autre collision,3,1,1,0,2,2,1,0,3,50,1,1,0,0,1,0,19.0,,deux_roues,,2,2,1,1,6
202400054227,2024-08-14 11:15:00,2024,8,14,11,15,37,37273,D142,47.394106,0.788229,Plein jour,Hors agglomération,Giratoire,Normale,Deux véhicules - côté,3,2,1,1,1,3,1,5,1,80,2,2,1,0,1,0,42.0,92.0,voiture,deux_roues,1,1,6,1,3
202400054227,2024-08-14 11:15:00,2024,8,14,11,15,37,37273,D142,47.394106,0.788229,Plein jour,Hors agglomération,Giratoire,Normale,Deux véhicules - côté,3,2,1,1,1,3,1,6,1,80,2,2,1,0,1,0,42.0,92.0,voiture,deux_roues,1,1,6,1,3
202400054228,2024-05-03 17:40:00,2024,5,3,17,40,974,97418,93 Rue de la Grande Montée,-20.919843,55.519484,Plein jour,En agglomération,Hors intersection,Normale,Sans collision,4,2,1,0,2,4,9,0,1,50,1,1,0,0,1,0,51.0,,deux_roues,,1,2,1,1,7
202400054229,2024-09-19 07:30:00,2024,9,19,7,30,78,78688,René CAUDRON,48.76104,2.06039,Crépuscule ou aube,En agglomération,Intersection en X,Normale,Deux véhicules - arrière,3,2,0,0,1,1,1,0,1,50,2,2,1,0,0,1,44.0,59.0,voiture,voiture,2,2,2,1,2
202400054229,2024-09-19 07:30:00,2024,9,19,7,30,78,78688,René CAUDRON,48.76104,2.06039,Crépuscule ou aube,En agglomération,Intersection en X,Normale,Deux véhicules - arrière,3,2,0,0,1,1,1,5,1,50,2,2,1,0,0,1,44.0,59.0,voiture,voiture,2,2,2,1,2
202400054230,2024-10-24 17:35:00,2024,10,24,17,35,75,75102,RUE REAUMUR,48.86816258,2.34360024,Plein jour,En agglomération,Intersection en X,Normale,Autre collision,4,1,3,1,1,1,1,0,1,30,1,2,1,0,0,1,62.0,,deux_roues,,1,2,2,1,6
202400054230,2024-10-24 17:35:00,2024,10,24,17,35,75,75102,RUE REAUMUR,48.86816258,2.34360024,Plein jour,En agglomération,Intersection en X,Normale,Autre collision,4,1,3,3,1,1,1,0,1,30,1,2,1,0,0,1,62.0,,deux_roues,,1,2,2,1,6
202400054231,2024-03-25 22:23:00,2024,3,25,22,23,64,64122,ROND POINT DE L EUROPE,43.48085,-1.5412,Nuit avec éclairage allumé,En agglomération,Hors intersection,Pluie forte,Deux véhicules - côté,4,-1,2,0,1,2,2,9,1,50,2,3,2,0,0,1,30.0,25.0,voiture,voiture,5,2,1,3,3
202400054232,2024-11-29 16:20:00,2024,11,29,16,20,06,06088,Voie Pierre Matis,43.6808944,7.228509,Plein jour,En agglomération,Hors intersection,Normale,Deux véhicules - arrière,4,3,5,0,1,1,1,0,1,70,2,2,1,0,0,1,41.0,22.0,voiture,voiture,1,2,1,1,2
202400054233,2024-07-10 03:15:00,2024,7,10,3,15,33,33063,,44.8658,-0.56087,Nuit avec éclairage allumé,En agglomération,Hors intersection,Normale,Autre collision,4,3,4,0,1,1,1,0,1,50,1,1,0,0,0,1,30.0,,voiture,,5,2,1,1,6
202400054234,2024-06-08 18:55:00,2024,6,8,18,55,29,29173,Route de Kervastal,47.998096,-4.16707,Plein jour,Hors agglomération,Intersection en T,Normale,Sans collision,4,2,2,0,1,1,1,0,1,80,1,1,0,0,0,1,21.0,,deux_roues,,1,1,3,1,7
202400054234,2024-06-08 18:55:00,2024,6,8,18,55,29,29173,Route de Kervastal,47.998096,-4.16707,Plein jour,Hors agglomération,Intersection en T,Normale,Sans collision,4,2, -1,-1,1,1,1,0,1,-1,1,1,0,0,0,1,21.0,,deux_roues,,1,1,3,1,7
202400054235,2024-08-14 17:10:00,2024,8,14,17,10,91,91045,29 Rue de la Papeterie,48.52744,2.373998,Plein jour,En agglomération,Hors intersection,Normale,Autre collision,4,2,2,0,1,1,1,0,1,30,1,2,1,0,1,0,67.0,,voiture,,1,2,1,1,6
202400054236,2024-09-19 09:15:00,2024,9,19,9,15,78,78498,CASTILLE AV BLANCHE DE,48.922907,2.028163,Plein jour,En agglomération,Autre intersection,Normale,Autre collision,4,2,2,0,1,1,1,9,1,30,1,2,1,0,1,0,71.0,,voiture,,1,2,9,1,6
202400054237,2024-04-30 11:58:00,2024,4,30,11,58,83,83008,D4,43.52510279,6.72207904,Plein jour,Hors agglomération,Hors intersection,Normale,Autre collision,3,2,2,0,2,1,1,0,1,-1,1,1,0,0,1,0,39.0,,deux_roues,,1,1,1,1,6
202400054238,2024-07-10 22:01:00,2024,7,10,22,1,32,32013,PYRENEES (AVENUE DES),43.63744176,0.58396339,Nuit avec éclairage allumé,En agglomération,Intersection en T,Normale,Sans collision,3,2,2,0,1,1,1,0,1,50,1,1,0,0,0,1,46.0,,deux_roues,,5,2,3,1,7
202400054238,2024-07-10 22:01:00,2024,7,10,22,1,32,32013,PYRENEES (AVENUE DES),43.63744176,0.58396339,Nuit avec éclairage allumé,En agglomération,Intersection en T,Normale,Sans collision,3,2,3,0,1,1,1,5,1,50,1,1,0,0,0,1,46.0,,deux_roues,,5,2,3,1,7
202400054239,2024-03-25 14:05:00,2024,3,25,14,5,59,59599,ANVERS (RUE D'),50.719601,3.147363,Plein jour,En agglomération,Intersection en X,Normale,Deux véhicules - côté,4,2,2,0,1,1,1,0,1,50,2,2,1,0,0,1,16.0,,deux_roues,voiture,1,2,2,1,3
202400054239,2024-03-25 14:05:00,2024,3,25,14,5,59,59599,ANVERS (RUE D'),50.719601,3.147363,Plein jour,En agglomération,Intersection en X,Normale,Deux véhicules - côté,4,2,0,0,1,1,1,0,1,50,2,2,1,0,0,1,16.0,,deux_roues,voiture,1,2,2,1,3
202400054240,2024-06-09 08:38:00,2024,6,9,8,38,70,70467,D417,47.895031,6.259533,Plein jour,Hors agglomération,Hors intersection,Temps éblouissant,Sans collision,3,2,2,0,1,2,1,0,3,90,1,2,1,0,1,0,15.0,,voiture,,1,1,1,7,7
202400054241,2024-10-24 20:40:00,2024,10,24,20,40,94,94046,Avenue du Général Leclerc,48.80639,2.43986,Nuit avec éclairage allumé,En agglomération,Hors intersection,Normale,Trois véhicules et plus - en chaîne,3,3,0,0,1,1,1,0,1,50,3,4,0,0,0,4,32.0,22.0,voiture,voiture,5,2,1,1,4
202400054242,2024-11-30 18:00:00,2024,11,30,18,0,06,06069,Sortie pénétrante Grasse Sud,43.63004,6.94732,Nuit sans éclairage public,Hors agglomération,Hors intersection,Normale,Deux véhicules - arrière,3,2,4,0,2,2,1,0,1,50,2,2,1,0,0,1,40.0,31.0,voiture,voiture,3,1,1,1,2
202400054243,2024-09-19 09:31:00,2024,9,19,9,31,77,77284,COMTES DE CHAMPAGNE (AV. DES),48.95576,2.91477,Plein jour,En agglomération,Hors intersection,Normale,Autre collision,4,2,2,1,1,3,1,9,1,30,1,2,1,0,1,0,58.0,,voiture,,1,2,1,1,6
202400054244,2024-05-03 10:02:00,2024,5,3,10,2,05,05001,RD 947 - PR 15+000,44.782307,6.939261,Plein jour,Hors agglomération,Hors intersection,Normale,Autre collision,3,2,2,0,1,1,5,0,3,80,1,1,0,0,0,1,27.0,,utilitaire_camion,,1,1,1,1,6
202400054245,2024-07-10 09:29:00,2024,7,10,9,29,31,31555,PL DES PRADETTES,43.58183514,1.38813704,Plein jour,En agglomération,Hors intersection,Normale,Autre collision,4,2,2,0,1,3,1,6,1,30,1,2,1,0,1,0,,,voiture,,1,2,1,1,6
202400054246,2024-03-24 16:00:00,2024,3,24,16,0,59,59113,ANICHE (RUE D'),50.34546,3.25674,Plein jour,En agglomération,Hors intersection,Normale,Deux véhicules - arrière,4,2,2,0,1,1,1,0,1,50,1,1,0,0,0,1,29.0,,deux_roues,,1,2,1,1,2
202400054247,2024-09-19 08:30:00,2024,9,19,8,30,77,77243,CHARPENTIER (BOULEVARD),48.8754,2.70262,Plein jour,En agglomération,Hors intersection,Normale,Autre collision,3,2,2,0,2,1,1,0,1,50,1,2,1,0,0,1,39.0,,voiture,,1,2,1,1,6
202400054248,2024-06-08 09:00:00,2024,6,8,9,0,70,70429,D10,47.667893,6.164159,Plein jour,En agglomération,Hors intersection,Normale,Deux véhicules - frontale,3,3,1,0,1,1,1,9,1,50,2,3,0,0,2,1,75.0,78.0,voiture,voiture,1,2,1,1,1
202400054249,2024-11-29 19:07:00,2024,11,29,19,7,04,04112,EN DESSOUS (RUE D'),43.82906,5.78911,Nuit avec éclairage allumé,En agglomération,Hors intersection,Normale,Deux véhicules - frontale,4,2,2,0,1,1,1,0,1,50,2,2,1,0,1,0,81.0,14.0,voiture,deux_roues,5,2,1,1,1
202400054250,2024-08-14 22:45:00,2024,8,14,22,45,72,72096,A81 - PK 184,48.03547151,0.02098947,Nuit sans éclairage public,Hors agglomération,Hors intersection,Normale,Trois véhicules et plus - collisions multiples,1,3,2,0,1,1,1,0,1,130,3,5,3,0,0,2,41.0,82.0,voiture,voiture,3,1,1,1,5
202400054251,2024-10-23 09:25:00,2024,10,23,9,25,94,94003,Avenue Aristide Briand,48.8041637,2.32506189,Plein jour,En agglomération,Hors intersection,Normale,Trois véhicules et plus - en chaîne,3,3,6,0,1,1,1,0,1,50,3,3,2,0,0,1,58.0,35.0,voiture,voiture,1,2,1,1,4
202400054252,2024-07-06 05:35:00,2024,7,6,5,35,29,29232,Boulevard Amiral de Kerguelen,47.995258,-4.100227,Nuit avec éclairage allumé,En agglomération,Intersection en X,Normale,Deux véhicules - côté,4,4,2,0,1,1,1,5,1,30,2,2,1,0,1,0,18.0,44.0,deux_roues,voiture,5,2,2,1,3
202400054252,2024-07-06 05:35:00,2024,7,6,5,35,29,29232,Boulevard Amiral de Kerguelen,47.995258,-4.100227,Nuit avec éclairage allumé,En agglomération,Intersection en X,Normale,Deux véhicules - côté,4,2,3,0,1,1,1,5,1,30,2,2,1,0,1,0,18.0,44.0,deux_roues,voiture,5,2,2,1,3
202400054253,2024-09-19 14:30:00,2024,9,19,14,30,73,73065,Rue du Boigne,45.56604263,5.92167673,Plein jour,En agglomération,Place,Normale,Autre collision,4,2,2,0,1,1,1,0,1,30,1,2,1,0,0,1,23.0,,utilitaire_camion,,1,2,7,1,6
202400054254,2024-03-25 18:00:00,2024,3,25,18,0,51,51454,ROUX (BOULEVARD DU DOCTEUR),49.23503,4.02506,Plein jour,En agglomération,Intersection en T,Normale,Deux véhicules - côté,4,2,2,0,1,1,1,0,1,30,2,2,1,0,0,1,32.0,34.0,deux_roues,voiture,1,2,3,1,3
202400054254,2024-03-25 18:00:00,2024,3,25,18,0,51,51454,ROUX (BOULEVARD DU DOCTEUR),49.23503,4.02506,Plein jour,En agglomération,Intersection en T,Normale,Deux véhicules - côté,4,2,2,0,1,1,1,0,1,50,2,2,1,0,0,1,32.0,34.0,deux_roues,voiture,1,2,3,1,3
202400054255,2024-10-24 11:15:00,2024,10,24,11,15,94,94001,Rue Bir Hakeim,48.727561,2.418739,Plein jour,En agglomération,Intersection en T,Temps éblouissant,Autre collision,3,2,0,0,1,1,1,0,1,50,1,2,1,0,0,1,60.0,,voiture,,1,2,3,7,6
202400054255,2024-10-24 11:15:00,2024,10,24,11,15,94,94001,Rue Bir Hakeim,48.727561,2.418739,Plein jour,En agglomération,Intersection en T,Temps éblouissant,Autre collision,3,2,0,0,1,2,1,9,1,50,1,2,1,0,0,1,60.0,,voiture,,1,2,3,7,6
202400054256,2024-08-15 08:45:00,2024,8,15,8,45,73,73304,D902 Route du Fornet,45.447912,7.024083,Plein jour,Hors agglomération,Hors intersection,Normale,Deux véhicules - côté,3,2,2,0,2,4,1,0,1,80,2,2,1,0,1,0,75.0,37.0,deux_roues,voiture,1,1,1,1,3
202400054257,2024-11-29 10:00:00,2024,11,29,10,0,04,04112,D907,43.84171,5.74719,Plein jour,Hors agglomération,Hors intersection,Normale,Sans collision,3,-1,2,0,2,3,2,0,1,80,1,3,2,0,0,1,48.0,,utilitaire_camion,,1,1,1,1,7
202400054258,2024-07-05 20:50:00,2024,7,5,20,50,29,29232,Route de Locronan,48.01323745,-4.1269024,Plein jour,Hors agglomération,Hors intersection,Pluie légère,Sans collision,3,2,2,0,2,2,2,0,1,80,1,1,0,0,1,0,49.0,,deux_roues,,1,1,1,2,7
202400054259,2024-05-03 14:55:00,2024,5,3,14,55,26,26124,Autoroute A7 sens sud nord PK 081.000,44.83805906,4.86305952,Plein jour,Hors agglomération,Hors intersection,Normale,Trois véhicules et plus - collisions multiples,1,3,3,0,1,1,1,0,1,130,3,8,4,0,0,4,42.0,60.0,voiture,voiture,1,1,1,1,5